
Circuit 1 cell nfet_05v0 and Circuit 2 cell nfet_05v0 are black boxes.

Subcircuit pins:
Circuit 1: nfet_05v0                       |Circuit 2: nfet_05v0                       
-------------------------------------------|-------------------------------------------
1                                          |1                                          
2                                          |2                                          
3                                          |3                                          
4                                          |4                                          
---------------------------------------------------------------------------------------
Cell pin lists are equivalent.
Device classes nfet_05v0 and nfet_05v0 are equivalent.

Circuit 1 cell pfet_05v0 and Circuit 2 cell pfet_05v0 are black boxes.

Subcircuit pins:
Circuit 1: pfet_05v0                       |Circuit 2: pfet_05v0                       
-------------------------------------------|-------------------------------------------
1                                          |1                                          
2                                          |2                                          
3                                          |3                                          
4                                          |4                                          
---------------------------------------------------------------------------------------
Cell pin lists are equivalent.
Device classes pfet_05v0 and pfet_05v0 are equivalent.

Subcircuit summary:
Circuit 1: gf180mcu_fd_sc_mcu9t5v0__fillca |Circuit 2: gf180mcu_fd_sc_mcu9t5v0__fillca 
-------------------------------------------|-------------------------------------------
nfet_05v0 (1)                              |nfet_05v0 (1)                              
pfet_05v0 (1)                              |pfet_05v0 (1)                              
Number of devices: 2                       |Number of devices: 2                       
Number of nets: 6                          |Number of nets: 6                          
---------------------------------------------------------------------------------------
Netlists match uniquely.

Subcircuit pins:
Circuit 1: gf180mcu_fd_sc_mcu9t5v0__fillca |Circuit 2: gf180mcu_fd_sc_mcu9t5v0__fillca 
-------------------------------------------|-------------------------------------------
VSS                                        |VSS                                        
VPW                                        |VPW                                        
VDD                                        |VDD                                        
VNW                                        |VNW                                        
---------------------------------------------------------------------------------------
Cell pin lists are equivalent.
Device classes gf180mcu_fd_sc_mcu9t5v0__fillcap_4 and gf180mcu_fd_sc_mcu9t5v0__fillcap_4 are equivalent.

Subcircuit summary:
Circuit 1: gf180mcu_fd_sc_mcu9t5v0__fillca |Circuit 2: gf180mcu_fd_sc_mcu9t5v0__fillca 
-------------------------------------------|-------------------------------------------
pfet_05v0 (4)                              |pfet_05v0 (4)                              
nfet_05v0 (4)                              |nfet_05v0 (4)                              
Number of devices: 8                       |Number of devices: 8                       
Number of nets: 12                         |Number of nets: 12                         
---------------------------------------------------------------------------------------
Resolving symmetries by property value.
Resolving symmetries by pin name.
Resolving symmetries by net name.
Netlists match with 4 symmetries.

Subcircuit pins:
Circuit 1: gf180mcu_fd_sc_mcu9t5v0__fillca |Circuit 2: gf180mcu_fd_sc_mcu9t5v0__fillca 
-------------------------------------------|-------------------------------------------
VSS                                        |VSS                                        
VPW                                        |VPW                                        
VDD                                        |VDD                                        
VNW                                        |VNW                                        
---------------------------------------------------------------------------------------
Cell pin lists are equivalent.
Device classes gf180mcu_fd_sc_mcu9t5v0__fillcap_16 and gf180mcu_fd_sc_mcu9t5v0__fillcap_16 are equivalent.

Subcircuit summary:
Circuit 1: gf180mcu_fd_sc_mcu9t5v0__fillca |Circuit 2: gf180mcu_fd_sc_mcu9t5v0__fillca 
-------------------------------------------|-------------------------------------------
pfet_05v0 (2)                              |pfet_05v0 (2)                              
nfet_05v0 (2)                              |nfet_05v0 (2)                              
Number of devices: 4                       |Number of devices: 4                       
Number of nets: 8                          |Number of nets: 8                          
---------------------------------------------------------------------------------------
Resolving symmetries by property value.
Resolving symmetries by pin name.
Resolving symmetries by net name.
Netlists match with 4 symmetries.

Subcircuit pins:
Circuit 1: gf180mcu_fd_sc_mcu9t5v0__fillca |Circuit 2: gf180mcu_fd_sc_mcu9t5v0__fillca 
-------------------------------------------|-------------------------------------------
VSS                                        |VSS                                        
VPW                                        |VPW                                        
VDD                                        |VDD                                        
VNW                                        |VNW                                        
---------------------------------------------------------------------------------------
Cell pin lists are equivalent.
Device classes gf180mcu_fd_sc_mcu9t5v0__fillcap_8 and gf180mcu_fd_sc_mcu9t5v0__fillcap_8 are equivalent.

Subcircuit summary:
Circuit 1: gf180mcu_fd_sc_mcu9t5v0__dffq_1 |Circuit 2: gf180mcu_fd_sc_mcu9t5v0__dffq_1 
-------------------------------------------|-------------------------------------------
nfet_05v0 (12)                             |nfet_05v0 (12)                             
pfet_05v0 (12)                             |pfet_05v0 (12)                             
Number of devices: 24                      |Number of devices: 24                      
Number of nets: 19                         |Number of nets: 19                         
---------------------------------------------------------------------------------------
Netlists match uniquely.

Subcircuit pins:
Circuit 1: gf180mcu_fd_sc_mcu9t5v0__dffq_1 |Circuit 2: gf180mcu_fd_sc_mcu9t5v0__dffq_1 
-------------------------------------------|-------------------------------------------
CLK                                        |CLK                                        
D                                          |D                                          
Q                                          |Q                                          
VPW                                        |VPW                                        
VNW                                        |VNW                                        
VSS                                        |VSS                                        
VDD                                        |VDD                                        
---------------------------------------------------------------------------------------
Cell pin lists are equivalent.
Device classes gf180mcu_fd_sc_mcu9t5v0__dffq_1 and gf180mcu_fd_sc_mcu9t5v0__dffq_1 are equivalent.

Subcircuit summary:
Circuit 1: gf180mcu_fd_sc_mcu9t5v0__nor2_1 |Circuit 2: gf180mcu_fd_sc_mcu9t5v0__nor2_1 
-------------------------------------------|-------------------------------------------
pfet_05v0 (2)                              |pfet_05v0 (2)                              
nfet_05v0 (2)                              |nfet_05v0 (2)                              
Number of devices: 4                       |Number of devices: 4                       
Number of nets: 8                          |Number of nets: 8                          
---------------------------------------------------------------------------------------
Netlists match uniquely.

Subcircuit pins:
Circuit 1: gf180mcu_fd_sc_mcu9t5v0__nor2_1 |Circuit 2: gf180mcu_fd_sc_mcu9t5v0__nor2_1 
-------------------------------------------|-------------------------------------------
VDD                                        |VDD                                        
A2                                         |A2                                         
VSS                                        |VSS                                        
VPW                                        |VPW                                        
A1                                         |A1                                         
VNW                                        |VNW                                        
ZN                                         |ZN                                         
---------------------------------------------------------------------------------------
Cell pin lists are equivalent.
Device classes gf180mcu_fd_sc_mcu9t5v0__nor2_1 and gf180mcu_fd_sc_mcu9t5v0__nor2_1 are equivalent.

Subcircuit summary:
Circuit 1: gf180mcu_fd_sc_mcu9t5v0__aoi21_ |Circuit 2: gf180mcu_fd_sc_mcu9t5v0__aoi21_ 
-------------------------------------------|-------------------------------------------
pfet_05v0 (3)                              |pfet_05v0 (3)                              
nfet_05v0 (3)                              |nfet_05v0 (3)                              
Number of devices: 6                       |Number of devices: 6                       
Number of nets: 10                         |Number of nets: 10                         
---------------------------------------------------------------------------------------
Netlists match uniquely.

Subcircuit pins:
Circuit 1: gf180mcu_fd_sc_mcu9t5v0__aoi21_ |Circuit 2: gf180mcu_fd_sc_mcu9t5v0__aoi21_ 
-------------------------------------------|-------------------------------------------
VDD                                        |VDD                                        
ZN                                         |ZN                                         
A2                                         |A2                                         
VSS                                        |VSS                                        
A1                                         |A1                                         
B                                          |B                                          
VPW                                        |VPW                                        
VNW                                        |VNW                                        
---------------------------------------------------------------------------------------
Cell pin lists are equivalent.
Device classes gf180mcu_fd_sc_mcu9t5v0__aoi21_1 and gf180mcu_fd_sc_mcu9t5v0__aoi21_1 are equivalent.

Subcircuit summary:
Circuit 1: gf180mcu_fd_sc_mcu9t5v0__nand2_ |Circuit 2: gf180mcu_fd_sc_mcu9t5v0__nand2_ 
-------------------------------------------|-------------------------------------------
pfet_05v0 (2)                              |pfet_05v0 (2)                              
nfet_05v0 (2)                              |nfet_05v0 (2)                              
Number of devices: 4                       |Number of devices: 4                       
Number of nets: 8                          |Number of nets: 8                          
---------------------------------------------------------------------------------------
Netlists match uniquely.

Subcircuit pins:
Circuit 1: gf180mcu_fd_sc_mcu9t5v0__nand2_ |Circuit 2: gf180mcu_fd_sc_mcu9t5v0__nand2_ 
-------------------------------------------|-------------------------------------------
VSS                                        |VSS                                        
A2                                         |A2                                         
VPW                                        |VPW                                        
A1                                         |A1                                         
VDD                                        |VDD                                        
VNW                                        |VNW                                        
ZN                                         |ZN                                         
---------------------------------------------------------------------------------------
Cell pin lists are equivalent.
Device classes gf180mcu_fd_sc_mcu9t5v0__nand2_1 and gf180mcu_fd_sc_mcu9t5v0__nand2_1 are equivalent.

Subcircuit summary:
Circuit 1: gf180mcu_fd_sc_mcu9t5v0__oai211 |Circuit 2: gf180mcu_fd_sc_mcu9t5v0__oai211 
-------------------------------------------|-------------------------------------------
nfet_05v0 (4)                              |nfet_05v0 (4)                              
pfet_05v0 (4)                              |pfet_05v0 (4)                              
Number of devices: 8                       |Number of devices: 8                       
Number of nets: 12                         |Number of nets: 12                         
---------------------------------------------------------------------------------------
Netlists match uniquely.

Subcircuit pins:
Circuit 1: gf180mcu_fd_sc_mcu9t5v0__oai211 |Circuit 2: gf180mcu_fd_sc_mcu9t5v0__oai211 
-------------------------------------------|-------------------------------------------
VSS                                        |VSS                                        
VPW                                        |VPW                                        
VNW                                        |VNW                                        
ZN                                         |ZN                                         
A2                                         |A2                                         
A1                                         |A1                                         
B                                          |B                                          
C                                          |C                                          
VDD                                        |VDD                                        
---------------------------------------------------------------------------------------
Cell pin lists are equivalent.
Device classes gf180mcu_fd_sc_mcu9t5v0__oai211_1 and gf180mcu_fd_sc_mcu9t5v0__oai211_1 are equivalent.

Subcircuit summary:
Circuit 1: gf180mcu_fd_sc_mcu9t5v0__xnor2_ |Circuit 2: gf180mcu_fd_sc_mcu9t5v0__xnor2_ 
-------------------------------------------|-------------------------------------------
pfet_05v0 (5)                              |pfet_05v0 (5)                              
nfet_05v0 (5)                              |nfet_05v0 (5)                              
Number of devices: 10                      |Number of devices: 10                      
Number of nets: 11                         |Number of nets: 11                         
---------------------------------------------------------------------------------------
Netlists match uniquely.

Subcircuit pins:
Circuit 1: gf180mcu_fd_sc_mcu9t5v0__xnor2_ |Circuit 2: gf180mcu_fd_sc_mcu9t5v0__xnor2_ 
-------------------------------------------|-------------------------------------------
VSS                                        |VSS                                        
A2                                         |A2                                         
A1                                         |A1                                         
ZN                                         |ZN                                         
VDD                                        |VDD                                        
VPW                                        |VPW                                        
VNW                                        |VNW                                        
---------------------------------------------------------------------------------------
Cell pin lists are equivalent.
Device classes gf180mcu_fd_sc_mcu9t5v0__xnor2_1 and gf180mcu_fd_sc_mcu9t5v0__xnor2_1 are equivalent.

Subcircuit summary:
Circuit 1: gf180mcu_fd_sc_mcu9t5v0__mux2_1 |Circuit 2: gf180mcu_fd_sc_mcu9t5v0__mux2_1 
-------------------------------------------|-------------------------------------------
pfet_05v0 (6)                              |pfet_05v0 (6)                              
nfet_05v0 (6)                              |nfet_05v0 (6)                              
Number of devices: 12                      |Number of devices: 12                      
Number of nets: 14                         |Number of nets: 14                         
---------------------------------------------------------------------------------------
Netlists match uniquely.

Subcircuit pins:
Circuit 1: gf180mcu_fd_sc_mcu9t5v0__mux2_1 |Circuit 2: gf180mcu_fd_sc_mcu9t5v0__mux2_1 
-------------------------------------------|-------------------------------------------
VPW                                        |VPW                                        
VNW                                        |VNW                                        
VSS                                        |VSS                                        
S                                          |S                                          
VDD                                        |VDD                                        
Z                                          |Z                                          
I1                                         |I1                                         
I0                                         |I0                                         
---------------------------------------------------------------------------------------
Cell pin lists are equivalent.
Device classes gf180mcu_fd_sc_mcu9t5v0__mux2_1 and gf180mcu_fd_sc_mcu9t5v0__mux2_1 are equivalent.

Subcircuit summary:
Circuit 1: gf180mcu_fd_sc_mcu9t5v0__dffrnq |Circuit 2: gf180mcu_fd_sc_mcu9t5v0__dffrnq 
-------------------------------------------|-------------------------------------------
nfet_05v0 (14)                             |nfet_05v0 (14)                             
pfet_05v0 (14)                             |pfet_05v0 (14)                             
Number of devices: 28                      |Number of devices: 28                      
Number of nets: 20                         |Number of nets: 20                         
---------------------------------------------------------------------------------------
Netlists match uniquely.

Subcircuit pins:
Circuit 1: gf180mcu_fd_sc_mcu9t5v0__dffrnq |Circuit 2: gf180mcu_fd_sc_mcu9t5v0__dffrnq 
-------------------------------------------|-------------------------------------------
VDD                                        |VDD                                        
VSS                                        |VSS                                        
RN                                         |RN                                         
CLK                                        |CLK                                        
D                                          |D                                          
Q                                          |Q                                          
VPW                                        |VPW                                        
VNW                                        |VNW                                        
---------------------------------------------------------------------------------------
Cell pin lists are equivalent.
Device classes gf180mcu_fd_sc_mcu9t5v0__dffrnq_1 and gf180mcu_fd_sc_mcu9t5v0__dffrnq_1 are equivalent.

Class gf180mcu_fd_sc_mcu9t5v0__buf_12 (0):  Merged 32 parallel devices.
Class gf180mcu_fd_sc_mcu9t5v0__buf_12 (1):  Merged 32 parallel devices.
Subcircuit summary:
Circuit 1: gf180mcu_fd_sc_mcu9t5v0__buf_12 |Circuit 2: gf180mcu_fd_sc_mcu9t5v0__buf_12 
-------------------------------------------|-------------------------------------------
nfet_05v0 (18->2)                          |nfet_05v0 (18->2)                          
pfet_05v0 (18->2)                          |pfet_05v0 (18->2)                          
Number of devices: 4                       |Number of devices: 4                       
Number of nets: 7                          |Number of nets: 7                          
---------------------------------------------------------------------------------------
Netlists match uniquely.

Subcircuit pins:
Circuit 1: gf180mcu_fd_sc_mcu9t5v0__buf_12 |Circuit 2: gf180mcu_fd_sc_mcu9t5v0__buf_12 
-------------------------------------------|-------------------------------------------
I                                          |I                                          
VSS                                        |VSS                                        
VPW                                        |VPW                                        
Z                                          |Z                                          
VDD                                        |VDD                                        
VNW                                        |VNW                                        
---------------------------------------------------------------------------------------
Cell pin lists are equivalent.
Device classes gf180mcu_fd_sc_mcu9t5v0__buf_12 and gf180mcu_fd_sc_mcu9t5v0__buf_12 are equivalent.

Subcircuit summary:
Circuit 1: gf180mcu_fd_sc_mcu9t5v0__xor2_1 |Circuit 2: gf180mcu_fd_sc_mcu9t5v0__xor2_1 
-------------------------------------------|-------------------------------------------
nfet_05v0 (5)                              |nfet_05v0 (5)                              
pfet_05v0 (5)                              |pfet_05v0 (5)                              
Number of devices: 10                      |Number of devices: 10                      
Number of nets: 11                         |Number of nets: 11                         
---------------------------------------------------------------------------------------
Netlists match uniquely.

Subcircuit pins:
Circuit 1: gf180mcu_fd_sc_mcu9t5v0__xor2_1 |Circuit 2: gf180mcu_fd_sc_mcu9t5v0__xor2_1 
-------------------------------------------|-------------------------------------------
VDD                                        |VDD                                        
VPW                                        |VPW                                        
VNW                                        |VNW                                        
A2                                         |A2                                         
VSS                                        |VSS                                        
A1                                         |A1                                         
Z                                          |Z                                          
---------------------------------------------------------------------------------------
Cell pin lists are equivalent.
Device classes gf180mcu_fd_sc_mcu9t5v0__xor2_1 and gf180mcu_fd_sc_mcu9t5v0__xor2_1 are equivalent.

Subcircuit summary:
Circuit 1: gf180mcu_fd_sc_mcu9t5v0__or2_1  |Circuit 2: gf180mcu_fd_sc_mcu9t5v0__or2_1  
-------------------------------------------|-------------------------------------------
pfet_05v0 (3)                              |pfet_05v0 (3)                              
nfet_05v0 (3)                              |nfet_05v0 (3)                              
Number of devices: 6                       |Number of devices: 6                       
Number of nets: 9                          |Number of nets: 9                          
---------------------------------------------------------------------------------------
Netlists match uniquely.

Subcircuit pins:
Circuit 1: gf180mcu_fd_sc_mcu9t5v0__or2_1  |Circuit 2: gf180mcu_fd_sc_mcu9t5v0__or2_1  
-------------------------------------------|-------------------------------------------
VSS                                        |VSS                                        
VPW                                        |VPW                                        
VNW                                        |VNW                                        
A1                                         |A1                                         
A2                                         |A2                                         
Z                                          |Z                                          
VDD                                        |VDD                                        
---------------------------------------------------------------------------------------
Cell pin lists are equivalent.
Device classes gf180mcu_fd_sc_mcu9t5v0__or2_1 and gf180mcu_fd_sc_mcu9t5v0__or2_1 are equivalent.

Subcircuit summary:
Circuit 1: gf180mcu_fd_sc_mcu9t5v0__aoi221 |Circuit 2: gf180mcu_fd_sc_mcu9t5v0__aoi221 
-------------------------------------------|-------------------------------------------
nfet_05v0 (5)                              |nfet_05v0 (5)                              
pfet_05v0 (5)                              |pfet_05v0 (5)                              
Number of devices: 10                      |Number of devices: 10                      
Number of nets: 14                         |Number of nets: 14                         
---------------------------------------------------------------------------------------
Netlists match uniquely.

Subcircuit pins:
Circuit 1: gf180mcu_fd_sc_mcu9t5v0__aoi221 |Circuit 2: gf180mcu_fd_sc_mcu9t5v0__aoi221 
-------------------------------------------|-------------------------------------------
VPW                                        |VPW                                        
ZN                                         |ZN                                         
VNW                                        |VNW                                        
B2                                         |B2                                         
B1                                         |B1                                         
C                                          |C                                          
A2                                         |A2                                         
A1                                         |A1                                         
VDD                                        |VDD                                        
VSS                                        |VSS                                        
---------------------------------------------------------------------------------------
Cell pin lists are equivalent.
Device classes gf180mcu_fd_sc_mcu9t5v0__aoi221_1 and gf180mcu_fd_sc_mcu9t5v0__aoi221_1 are equivalent.

Subcircuit summary:
Circuit 1: gf180mcu_fd_sc_mcu9t5v0__fillca |Circuit 2: gf180mcu_fd_sc_mcu9t5v0__fillca 
-------------------------------------------|-------------------------------------------
pfet_05v0 (8)                              |pfet_05v0 (8)                              
nfet_05v0 (8)                              |nfet_05v0 (8)                              
Number of devices: 16                      |Number of devices: 16                      
Number of nets: 20                         |Number of nets: 20                         
---------------------------------------------------------------------------------------
Resolving symmetries by property value.
Resolving symmetries by pin name.
Resolving symmetries by net name.
Netlists match with 4 symmetries.

Subcircuit pins:
Circuit 1: gf180mcu_fd_sc_mcu9t5v0__fillca |Circuit 2: gf180mcu_fd_sc_mcu9t5v0__fillca 
-------------------------------------------|-------------------------------------------
VSS                                        |VSS                                        
VPW                                        |VPW                                        
VDD                                        |VDD                                        
VNW                                        |VNW                                        
---------------------------------------------------------------------------------------
Cell pin lists are equivalent.
Device classes gf180mcu_fd_sc_mcu9t5v0__fillcap_32 and gf180mcu_fd_sc_mcu9t5v0__fillcap_32 are equivalent.

Class gf180mcu_fd_sc_mcu9t5v0__aoi211_4 (0):  Merged 12 parallel devices.
Class gf180mcu_fd_sc_mcu9t5v0__aoi211_4 (1):  Merged 12 parallel devices.
Subcircuit summary:
Circuit 1: gf180mcu_fd_sc_mcu9t5v0__aoi211 |Circuit 2: gf180mcu_fd_sc_mcu9t5v0__aoi211 
-------------------------------------------|-------------------------------------------
pfet_05v0 (16->10)                         |pfet_05v0 (16->10)                         
nfet_05v0 (16->10)                         |nfet_05v0 (16->10)                         
Number of devices: 20                      |Number of devices: 20                      
Number of nets: 18                         |Number of nets: 18                         
---------------------------------------------------------------------------------------
Resolving symmetries by property value.
Resolving symmetries by pin name.
Resolving symmetries by net name.
Netlists match with 6 symmetries.

Subcircuit pins:
Circuit 1: gf180mcu_fd_sc_mcu9t5v0__aoi211 |Circuit 2: gf180mcu_fd_sc_mcu9t5v0__aoi211 
-------------------------------------------|-------------------------------------------
VDD                                        |VDD                                        
VPW                                        |VPW                                        
VNW                                        |VNW                                        
VSS                                        |VSS                                        
A2                                         |A2                                         
A1                                         |A1                                         
B                                          |B                                          
C                                          |C                                          
ZN                                         |ZN                                         
---------------------------------------------------------------------------------------
Cell pin lists are equivalent.
Device classes gf180mcu_fd_sc_mcu9t5v0__aoi211_4 and gf180mcu_fd_sc_mcu9t5v0__aoi211_4 are equivalent.

Subcircuit summary:
Circuit 1: gf180mcu_fd_sc_mcu9t5v0__oai21_ |Circuit 2: gf180mcu_fd_sc_mcu9t5v0__oai21_ 
-------------------------------------------|-------------------------------------------
nfet_05v0 (3)                              |nfet_05v0 (3)                              
pfet_05v0 (3)                              |pfet_05v0 (3)                              
Number of devices: 6                       |Number of devices: 6                       
Number of nets: 10                         |Number of nets: 10                         
---------------------------------------------------------------------------------------
Netlists match uniquely.

Subcircuit pins:
Circuit 1: gf180mcu_fd_sc_mcu9t5v0__oai21_ |Circuit 2: gf180mcu_fd_sc_mcu9t5v0__oai21_ 
-------------------------------------------|-------------------------------------------
VSS                                        |VSS                                        
ZN                                         |ZN                                         
A2                                         |A2                                         
A1                                         |A1                                         
B                                          |B                                          
VDD                                        |VDD                                        
VPW                                        |VPW                                        
VNW                                        |VNW                                        
---------------------------------------------------------------------------------------
Cell pin lists are equivalent.
Device classes gf180mcu_fd_sc_mcu9t5v0__oai21_1 and gf180mcu_fd_sc_mcu9t5v0__oai21_1 are equivalent.

Subcircuit summary:
Circuit 1: gf180mcu_fd_sc_mcu9t5v0__fillca |Circuit 2: gf180mcu_fd_sc_mcu9t5v0__fillca 
-------------------------------------------|-------------------------------------------
nfet_05v0 (16)                             |nfet_05v0 (16)                             
pfet_05v0 (16)                             |pfet_05v0 (16)                             
Number of devices: 32                      |Number of devices: 32                      
Number of nets: 36                         |Number of nets: 36                         
---------------------------------------------------------------------------------------
Resolving symmetries by property value.
Resolving symmetries by pin name.
Resolving symmetries by net name.
Netlists match with 4 symmetries.

Subcircuit pins:
Circuit 1: gf180mcu_fd_sc_mcu9t5v0__fillca |Circuit 2: gf180mcu_fd_sc_mcu9t5v0__fillca 
-------------------------------------------|-------------------------------------------
VSS                                        |VSS                                        
VPW                                        |VPW                                        
VDD                                        |VDD                                        
VNW                                        |VNW                                        
---------------------------------------------------------------------------------------
Cell pin lists are equivalent.
Device classes gf180mcu_fd_sc_mcu9t5v0__fillcap_64 and gf180mcu_fd_sc_mcu9t5v0__fillcap_64 are equivalent.

Subcircuit summary:
Circuit 1: gf180mcu_fd_sc_mcu9t5v0__tiel   |Circuit 2: gf180mcu_fd_sc_mcu9t5v0__tiel   
-------------------------------------------|-------------------------------------------
nfet_05v0 (1)                              |nfet_05v0 (1)                              
pfet_05v0 (1)                              |pfet_05v0 (1)                              
Number of devices: 2                       |Number of devices: 2                       
Number of nets: 6                          |Number of nets: 6                          
---------------------------------------------------------------------------------------
Resolving symmetries by property value.
Resolving symmetries by pin name.
Netlists match uniquely.

Subcircuit pins:
Circuit 1: gf180mcu_fd_sc_mcu9t5v0__tiel   |Circuit 2: gf180mcu_fd_sc_mcu9t5v0__tiel   
-------------------------------------------|-------------------------------------------
VSS                                        |VSS                                        
ZN                                         |ZN                                         
VPW                                        |VPW                                        
VDD                                        |VDD                                        
VNW                                        |VNW                                        
---------------------------------------------------------------------------------------
Cell pin lists are equivalent.
Device classes gf180mcu_fd_sc_mcu9t5v0__tiel and gf180mcu_fd_sc_mcu9t5v0__tiel are equivalent.

Subcircuit summary:
Circuit 1: gf180mcu_fd_sc_mcu9t5v0__oai22_ |Circuit 2: gf180mcu_fd_sc_mcu9t5v0__oai22_ 
-------------------------------------------|-------------------------------------------
nfet_05v0 (4)                              |nfet_05v0 (4)                              
pfet_05v0 (4)                              |pfet_05v0 (4)                              
Number of devices: 8                       |Number of devices: 8                       
Number of nets: 12                         |Number of nets: 12                         
---------------------------------------------------------------------------------------
Netlists match uniquely.

Subcircuit pins:
Circuit 1: gf180mcu_fd_sc_mcu9t5v0__oai22_ |Circuit 2: gf180mcu_fd_sc_mcu9t5v0__oai22_ 
-------------------------------------------|-------------------------------------------
VSS                                        |VSS                                        
B2                                         |B2                                         
B1                                         |B1                                         
A1                                         |A1                                         
A2                                         |A2                                         
VDD                                        |VDD                                        
VPW                                        |VPW                                        
ZN                                         |ZN                                         
VNW                                        |VNW                                        
---------------------------------------------------------------------------------------
Cell pin lists are equivalent.
Device classes gf180mcu_fd_sc_mcu9t5v0__oai22_1 and gf180mcu_fd_sc_mcu9t5v0__oai22_1 are equivalent.

Class gf180mcu_fd_sc_mcu9t5v0__buf_4 (0):  Merged 8 parallel devices.
Class gf180mcu_fd_sc_mcu9t5v0__buf_4 (1):  Merged 8 parallel devices.
Subcircuit summary:
Circuit 1: gf180mcu_fd_sc_mcu9t5v0__buf_4  |Circuit 2: gf180mcu_fd_sc_mcu9t5v0__buf_4  
-------------------------------------------|-------------------------------------------
pfet_05v0 (6->2)                           |pfet_05v0 (6->2)                           
nfet_05v0 (6->2)                           |nfet_05v0 (6->2)                           
Number of devices: 4                       |Number of devices: 4                       
Number of nets: 7                          |Number of nets: 7                          
---------------------------------------------------------------------------------------
Netlists match uniquely.

Subcircuit pins:
Circuit 1: gf180mcu_fd_sc_mcu9t5v0__buf_4  |Circuit 2: gf180mcu_fd_sc_mcu9t5v0__buf_4  
-------------------------------------------|-------------------------------------------
I                                          |I                                          
VSS                                        |VSS                                        
VPW                                        |VPW                                        
Z                                          |Z                                          
VDD                                        |VDD                                        
VNW                                        |VNW                                        
---------------------------------------------------------------------------------------
Cell pin lists are equivalent.
Device classes gf180mcu_fd_sc_mcu9t5v0__buf_4 and gf180mcu_fd_sc_mcu9t5v0__buf_4 are equivalent.

Class gf180mcu_fd_sc_mcu9t5v0__nand2_2 (0):  Merged 2 parallel devices.
Class gf180mcu_fd_sc_mcu9t5v0__nand2_2 (1):  Merged 2 parallel devices.
Subcircuit summary:
Circuit 1: gf180mcu_fd_sc_mcu9t5v0__nand2_ |Circuit 2: gf180mcu_fd_sc_mcu9t5v0__nand2_ 
-------------------------------------------|-------------------------------------------
pfet_05v0 (4->2)                           |pfet_05v0 (4->2)                           
nfet_05v0 (4)                              |nfet_05v0 (4)                              
Number of devices: 6                       |Number of devices: 6                       
Number of nets: 9                          |Number of nets: 9                          
---------------------------------------------------------------------------------------
Resolving symmetries by property value.
Resolving symmetries by pin name.
Resolving symmetries by net name.
Netlists match with 3 symmetries.

Subcircuit pins:
Circuit 1: gf180mcu_fd_sc_mcu9t5v0__nand2_ |Circuit 2: gf180mcu_fd_sc_mcu9t5v0__nand2_ 
-------------------------------------------|-------------------------------------------
VSS                                        |VSS                                        
VDD                                        |VDD                                        
VNW                                        |VNW                                        
A2                                         |A2                                         
A1                                         |A1                                         
VPW                                        |VPW                                        
ZN                                         |ZN                                         
---------------------------------------------------------------------------------------
Cell pin lists are equivalent.
Device classes gf180mcu_fd_sc_mcu9t5v0__nand2_2 and gf180mcu_fd_sc_mcu9t5v0__nand2_2 are equivalent.

Class gf180mcu_fd_sc_mcu9t5v0__inv_4 (0):  Merged 6 parallel devices.
Class gf180mcu_fd_sc_mcu9t5v0__inv_4 (1):  Merged 6 parallel devices.
Subcircuit summary:
Circuit 1: gf180mcu_fd_sc_mcu9t5v0__inv_4  |Circuit 2: gf180mcu_fd_sc_mcu9t5v0__inv_4  
-------------------------------------------|-------------------------------------------
pfet_05v0 (4->1)                           |pfet_05v0 (4->1)                           
nfet_05v0 (4->1)                           |nfet_05v0 (4->1)                           
Number of devices: 2                       |Number of devices: 2                       
Number of nets: 6                          |Number of nets: 6                          
---------------------------------------------------------------------------------------
Netlists match uniquely.

Subcircuit pins:
Circuit 1: gf180mcu_fd_sc_mcu9t5v0__inv_4  |Circuit 2: gf180mcu_fd_sc_mcu9t5v0__inv_4  
-------------------------------------------|-------------------------------------------
VSS                                        |VSS                                        
VPW                                        |VPW                                        
VDD                                        |VDD                                        
VNW                                        |VNW                                        
ZN                                         |ZN                                         
I                                          |I                                          
---------------------------------------------------------------------------------------
Cell pin lists are equivalent.
Device classes gf180mcu_fd_sc_mcu9t5v0__inv_4 and gf180mcu_fd_sc_mcu9t5v0__inv_4 are equivalent.

Class gf180mcu_fd_sc_mcu9t5v0__aoi22_2 (0):  Merged 4 parallel devices.
Class gf180mcu_fd_sc_mcu9t5v0__aoi22_2 (1):  Merged 4 parallel devices.
Subcircuit summary:
Circuit 1: gf180mcu_fd_sc_mcu9t5v0__aoi22_ |Circuit 2: gf180mcu_fd_sc_mcu9t5v0__aoi22_ 
-------------------------------------------|-------------------------------------------
pfet_05v0 (8->4)                           |pfet_05v0 (8->4)                           
nfet_05v0 (8)                              |nfet_05v0 (8)                              
Number of devices: 12                      |Number of devices: 12                      
Number of nets: 14                         |Number of nets: 14                         
---------------------------------------------------------------------------------------
Resolving symmetries by property value.
Resolving symmetries by pin name.
Resolving symmetries by net name.
Netlists match with 6 symmetries.

Subcircuit pins:
Circuit 1: gf180mcu_fd_sc_mcu9t5v0__aoi22_ |Circuit 2: gf180mcu_fd_sc_mcu9t5v0__aoi22_ 
-------------------------------------------|-------------------------------------------
ZN                                         |ZN                                         
VPW                                        |VPW                                        
VDD                                        |VDD                                        
B2                                         |B2                                         
B1                                         |B1                                         
A2                                         |A2                                         
A1                                         |A1                                         
VSS                                        |VSS                                        
VNW                                        |VNW                                        
---------------------------------------------------------------------------------------
Cell pin lists are equivalent.
Device classes gf180mcu_fd_sc_mcu9t5v0__aoi22_2 and gf180mcu_fd_sc_mcu9t5v0__aoi22_2 are equivalent.

Subcircuit summary:
Circuit 1: gf180mcu_fd_sc_mcu9t5v0__aoi22_ |Circuit 2: gf180mcu_fd_sc_mcu9t5v0__aoi22_ 
-------------------------------------------|-------------------------------------------
nfet_05v0 (4)                              |nfet_05v0 (4)                              
pfet_05v0 (4)                              |pfet_05v0 (4)                              
Number of devices: 8                       |Number of devices: 8                       
Number of nets: 12                         |Number of nets: 12                         
---------------------------------------------------------------------------------------
Netlists match uniquely.

Subcircuit pins:
Circuit 1: gf180mcu_fd_sc_mcu9t5v0__aoi22_ |Circuit 2: gf180mcu_fd_sc_mcu9t5v0__aoi22_ 
-------------------------------------------|-------------------------------------------
B2                                         |B2                                         
VSS                                        |VSS                                        
B1                                         |B1                                         
A1                                         |A1                                         
A2                                         |A2                                         
VDD                                        |VDD                                        
VPW                                        |VPW                                        
ZN                                         |ZN                                         
VNW                                        |VNW                                        
---------------------------------------------------------------------------------------
Cell pin lists are equivalent.
Device classes gf180mcu_fd_sc_mcu9t5v0__aoi22_1 and gf180mcu_fd_sc_mcu9t5v0__aoi22_1 are equivalent.

Cell gf180mcu_fd_sc_mcu9t5v0__antenna (0) disconnected node: VDD
Cell gf180mcu_fd_sc_mcu9t5v0__antenna (0) disconnected node: VSS
Cell gf180mcu_fd_sc_mcu9t5v0__antenna (1) disconnected node: VDD
Cell gf180mcu_fd_sc_mcu9t5v0__antenna (1) disconnected node: VSS
Subcircuit summary:
Circuit 1: gf180mcu_fd_sc_mcu9t5v0__antenn |Circuit 2: gf180mcu_fd_sc_mcu9t5v0__antenn 
-------------------------------------------|-------------------------------------------
diode_pd2nw_06v0 (1)                       |diode_pd2nw_06v0 (1)                       
diode_nd2ps_06v0 (1)                       |diode_nd2ps_06v0 (1)                       
Number of devices: 2                       |Number of devices: 2                       
Number of nets: 3                          |Number of nets: 3                          
---------------------------------------------------------------------------------------
Netlists match uniquely.

Subcircuit pins:
Circuit 1: gf180mcu_fd_sc_mcu9t5v0__antenn |Circuit 2: gf180mcu_fd_sc_mcu9t5v0__antenn 
-------------------------------------------|-------------------------------------------
VPW                                        |VPW                                        
VNW                                        |VNW                                        
I                                          |I                                          
VDD                                        |VDD                                        
VSS                                        |VSS                                        
---------------------------------------------------------------------------------------
Cell pin lists are equivalent.
Device classes gf180mcu_fd_sc_mcu9t5v0__antenna and gf180mcu_fd_sc_mcu9t5v0__antenna are equivalent.

Subcircuit summary:
Circuit 1: gf180mcu_fd_sc_mcu9t5v0__and3_1 |Circuit 2: gf180mcu_fd_sc_mcu9t5v0__and3_1 
-------------------------------------------|-------------------------------------------
nfet_05v0 (4)                              |nfet_05v0 (4)                              
pfet_05v0 (4)                              |pfet_05v0 (4)                              
Number of devices: 8                       |Number of devices: 8                       
Number of nets: 11                         |Number of nets: 11                         
---------------------------------------------------------------------------------------
Netlists match uniquely.

Subcircuit pins:
Circuit 1: gf180mcu_fd_sc_mcu9t5v0__and3_1 |Circuit 2: gf180mcu_fd_sc_mcu9t5v0__and3_1 
-------------------------------------------|-------------------------------------------
VPW                                        |VPW                                        
VDD                                        |VDD                                        
VNW                                        |VNW                                        
A1                                         |A1                                         
VSS                                        |VSS                                        
A3                                         |A3                                         
A2                                         |A2                                         
Z                                          |Z                                          
---------------------------------------------------------------------------------------
Cell pin lists are equivalent.
Device classes gf180mcu_fd_sc_mcu9t5v0__and3_1 and gf180mcu_fd_sc_mcu9t5v0__and3_1 are equivalent.

Subcircuit summary:
Circuit 1: gf180mcu_fd_sc_mcu9t5v0__oai31_ |Circuit 2: gf180mcu_fd_sc_mcu9t5v0__oai31_ 
-------------------------------------------|-------------------------------------------
pfet_05v0 (4)                              |pfet_05v0 (4)                              
nfet_05v0 (4)                              |nfet_05v0 (4)                              
Number of devices: 8                       |Number of devices: 8                       
Number of nets: 12                         |Number of nets: 12                         
---------------------------------------------------------------------------------------
Netlists match uniquely.

Subcircuit pins:
Circuit 1: gf180mcu_fd_sc_mcu9t5v0__oai31_ |Circuit 2: gf180mcu_fd_sc_mcu9t5v0__oai31_ 
-------------------------------------------|-------------------------------------------
VSS                                        |VSS                                        
VPW                                        |VPW                                        
VNW                                        |VNW                                        
ZN                                         |ZN                                         
B                                          |B                                          
A1                                         |A1                                         
A2                                         |A2                                         
A3                                         |A3                                         
VDD                                        |VDD                                        
---------------------------------------------------------------------------------------
Cell pin lists are equivalent.
Device classes gf180mcu_fd_sc_mcu9t5v0__oai31_1 and gf180mcu_fd_sc_mcu9t5v0__oai31_1 are equivalent.

Class gf180mcu_fd_sc_mcu9t5v0__oai31_4 (0):  Merged 17 parallel devices.
Class gf180mcu_fd_sc_mcu9t5v0__oai31_4 (1):  Merged 17 parallel devices.
Subcircuit summary:
Circuit 1: gf180mcu_fd_sc_mcu9t5v0__oai31_ |Circuit 2: gf180mcu_fd_sc_mcu9t5v0__oai31_ 
-------------------------------------------|-------------------------------------------
pfet_05v0 (16->11)                         |pfet_05v0 (16->11)                         
nfet_05v0 (16->4)                          |nfet_05v0 (16->4)                          
Number of devices: 15                      |Number of devices: 15                      
Number of nets: 16                         |Number of nets: 16                         
---------------------------------------------------------------------------------------
Resolving symmetries by property value.
Resolving symmetries by pin name.
Resolving symmetries by net name.
Netlists match with 3 symmetries.

Subcircuit pins:
Circuit 1: gf180mcu_fd_sc_mcu9t5v0__oai31_ |Circuit 2: gf180mcu_fd_sc_mcu9t5v0__oai31_ 
-------------------------------------------|-------------------------------------------
VSS                                        |VSS                                        
A2                                         |A2                                         
A1                                         |A1                                         
ZN                                         |ZN                                         
B                                          |B                                          
VNW                                        |VNW                                        
A3                                         |A3                                         
VDD                                        |VDD                                        
VPW                                        |VPW                                        
---------------------------------------------------------------------------------------
Cell pin lists are equivalent.
Device classes gf180mcu_fd_sc_mcu9t5v0__oai31_4 and gf180mcu_fd_sc_mcu9t5v0__oai31_4 are equivalent.

Class gf180mcu_fd_sc_mcu9t5v0__buf_2 (0):  Merged 2 parallel devices.
Class gf180mcu_fd_sc_mcu9t5v0__buf_2 (1):  Merged 2 parallel devices.
Subcircuit summary:
Circuit 1: gf180mcu_fd_sc_mcu9t5v0__buf_2  |Circuit 2: gf180mcu_fd_sc_mcu9t5v0__buf_2  
-------------------------------------------|-------------------------------------------
pfet_05v0 (3->2)                           |pfet_05v0 (3->2)                           
nfet_05v0 (3->2)                           |nfet_05v0 (3->2)                           
Number of devices: 4                       |Number of devices: 4                       
Number of nets: 7                          |Number of nets: 7                          
---------------------------------------------------------------------------------------
Netlists match uniquely.

Subcircuit pins:
Circuit 1: gf180mcu_fd_sc_mcu9t5v0__buf_2  |Circuit 2: gf180mcu_fd_sc_mcu9t5v0__buf_2  
-------------------------------------------|-------------------------------------------
VSS                                        |VSS                                        
I                                          |I                                          
VPW                                        |VPW                                        
Z                                          |Z                                          
VDD                                        |VDD                                        
VNW                                        |VNW                                        
---------------------------------------------------------------------------------------
Cell pin lists are equivalent.
Device classes gf180mcu_fd_sc_mcu9t5v0__buf_2 and gf180mcu_fd_sc_mcu9t5v0__buf_2 are equivalent.

Subcircuit summary:
Circuit 1: gf180mcu_fd_sc_mcu9t5v0__clkinv |Circuit 2: gf180mcu_fd_sc_mcu9t5v0__clkinv 
-------------------------------------------|-------------------------------------------
nfet_05v0 (1)                              |nfet_05v0 (1)                              
pfet_05v0 (1)                              |pfet_05v0 (1)                              
Number of devices: 2                       |Number of devices: 2                       
Number of nets: 6                          |Number of nets: 6                          
---------------------------------------------------------------------------------------
Netlists match uniquely.

Subcircuit pins:
Circuit 1: gf180mcu_fd_sc_mcu9t5v0__clkinv |Circuit 2: gf180mcu_fd_sc_mcu9t5v0__clkinv 
-------------------------------------------|-------------------------------------------
VSS                                        |VSS                                        
VPW                                        |VPW                                        
VDD                                        |VDD                                        
VNW                                        |VNW                                        
ZN                                         |ZN                                         
I                                          |I                                          
---------------------------------------------------------------------------------------
Cell pin lists are equivalent.
Device classes gf180mcu_fd_sc_mcu9t5v0__clkinv_1 and gf180mcu_fd_sc_mcu9t5v0__clkinv_1 are equivalent.

Class gf180mcu_fd_sc_mcu9t5v0__mux2_2 (0):  Merged 2 parallel devices.
Class gf180mcu_fd_sc_mcu9t5v0__mux2_2 (1):  Merged 2 parallel devices.
Subcircuit summary:
Circuit 1: gf180mcu_fd_sc_mcu9t5v0__mux2_2 |Circuit 2: gf180mcu_fd_sc_mcu9t5v0__mux2_2 
-------------------------------------------|-------------------------------------------
pfet_05v0 (7->6)                           |pfet_05v0 (7->6)                           
nfet_05v0 (7->6)                           |nfet_05v0 (7->6)                           
Number of devices: 12                      |Number of devices: 12                      
Number of nets: 14                         |Number of nets: 14                         
---------------------------------------------------------------------------------------
Netlists match uniquely.

Subcircuit pins:
Circuit 1: gf180mcu_fd_sc_mcu9t5v0__mux2_2 |Circuit 2: gf180mcu_fd_sc_mcu9t5v0__mux2_2 
-------------------------------------------|-------------------------------------------
Z                                          |Z                                          
I1                                         |I1                                         
I0                                         |I0                                         
VSS                                        |VSS                                        
S                                          |S                                          
VDD                                        |VDD                                        
VPW                                        |VPW                                        
VNW                                        |VNW                                        
---------------------------------------------------------------------------------------
Cell pin lists are equivalent.
Device classes gf180mcu_fd_sc_mcu9t5v0__mux2_2 and gf180mcu_fd_sc_mcu9t5v0__mux2_2 are equivalent.

Class gf180mcu_fd_sc_mcu9t5v0__inv_2 (0):  Merged 2 parallel devices.
Class gf180mcu_fd_sc_mcu9t5v0__inv_2 (1):  Merged 2 parallel devices.
Subcircuit summary:
Circuit 1: gf180mcu_fd_sc_mcu9t5v0__inv_2  |Circuit 2: gf180mcu_fd_sc_mcu9t5v0__inv_2  
-------------------------------------------|-------------------------------------------
pfet_05v0 (2->1)                           |pfet_05v0 (2->1)                           
nfet_05v0 (2->1)                           |nfet_05v0 (2->1)                           
Number of devices: 2                       |Number of devices: 2                       
Number of nets: 6                          |Number of nets: 6                          
---------------------------------------------------------------------------------------
Netlists match uniquely.

Subcircuit pins:
Circuit 1: gf180mcu_fd_sc_mcu9t5v0__inv_2  |Circuit 2: gf180mcu_fd_sc_mcu9t5v0__inv_2  
-------------------------------------------|-------------------------------------------
ZN                                         |ZN                                         
I                                          |I                                          
VSS                                        |VSS                                        
VPW                                        |VPW                                        
VDD                                        |VDD                                        
VNW                                        |VNW                                        
---------------------------------------------------------------------------------------
Cell pin lists are equivalent.
Device classes gf180mcu_fd_sc_mcu9t5v0__inv_2 and gf180mcu_fd_sc_mcu9t5v0__inv_2 are equivalent.

Subcircuit summary:
Circuit 1: gf180mcu_fd_sc_mcu9t5v0__tieh   |Circuit 2: gf180mcu_fd_sc_mcu9t5v0__tieh   
-------------------------------------------|-------------------------------------------
pfet_05v0 (1)                              |pfet_05v0 (1)                              
nfet_05v0 (1)                              |nfet_05v0 (1)                              
Number of devices: 2                       |Number of devices: 2                       
Number of nets: 6                          |Number of nets: 6                          
---------------------------------------------------------------------------------------
Resolving symmetries by property value.
Resolving symmetries by pin name.
Netlists match uniquely.

Subcircuit pins:
Circuit 1: gf180mcu_fd_sc_mcu9t5v0__tieh   |Circuit 2: gf180mcu_fd_sc_mcu9t5v0__tieh   
-------------------------------------------|-------------------------------------------
VSS                                        |VSS                                        
VPW                                        |VPW                                        
VDD                                        |VDD                                        
Z                                          |Z                                          
VNW                                        |VNW                                        
---------------------------------------------------------------------------------------
Cell pin lists are equivalent.
Device classes gf180mcu_fd_sc_mcu9t5v0__tieh and gf180mcu_fd_sc_mcu9t5v0__tieh are equivalent.

Class gf180mcu_fd_sc_mcu9t5v0__oai31_2 (0):  Merged 5 parallel devices.
Class gf180mcu_fd_sc_mcu9t5v0__oai31_2 (1):  Merged 5 parallel devices.
Subcircuit summary:
Circuit 1: gf180mcu_fd_sc_mcu9t5v0__oai31_ |Circuit 2: gf180mcu_fd_sc_mcu9t5v0__oai31_ 
-------------------------------------------|-------------------------------------------
pfet_05v0 (8->7)                           |pfet_05v0 (8->7)                           
nfet_05v0 (8->4)                           |nfet_05v0 (8->4)                           
Number of devices: 11                      |Number of devices: 11                      
Number of nets: 14                         |Number of nets: 14                         
---------------------------------------------------------------------------------------
Resolving symmetries by property value.
Resolving symmetries by pin name.
Resolving symmetries by net name.
Netlists match with 5 symmetries.

Subcircuit pins:
Circuit 1: gf180mcu_fd_sc_mcu9t5v0__oai31_ |Circuit 2: gf180mcu_fd_sc_mcu9t5v0__oai31_ 
-------------------------------------------|-------------------------------------------
VSS                                        |VSS                                        
VPW                                        |VPW                                        
VNW                                        |VNW                                        
ZN                                         |ZN                                         
B                                          |B                                          
A3                                         |A3                                         
A2                                         |A2                                         
A1                                         |A1                                         
VDD                                        |VDD                                        
---------------------------------------------------------------------------------------
Cell pin lists are equivalent.
Device classes gf180mcu_fd_sc_mcu9t5v0__oai31_2 and gf180mcu_fd_sc_mcu9t5v0__oai31_2 are equivalent.

Subcircuit summary:
Circuit 1: gf180mcu_fd_sc_mcu9t5v0__nand3_ |Circuit 2: gf180mcu_fd_sc_mcu9t5v0__nand3_ 
-------------------------------------------|-------------------------------------------
pfet_05v0 (3)                              |pfet_05v0 (3)                              
nfet_05v0 (3)                              |nfet_05v0 (3)                              
Number of devices: 6                       |Number of devices: 6                       
Number of nets: 10                         |Number of nets: 10                         
---------------------------------------------------------------------------------------
Netlists match uniquely.

Subcircuit pins:
Circuit 1: gf180mcu_fd_sc_mcu9t5v0__nand3_ |Circuit 2: gf180mcu_fd_sc_mcu9t5v0__nand3_ 
-------------------------------------------|-------------------------------------------
VSS                                        |VSS                                        
ZN                                         |ZN                                         
A3                                         |A3                                         
A2                                         |A2                                         
A1                                         |A1                                         
VPW                                        |VPW                                        
VDD                                        |VDD                                        
VNW                                        |VNW                                        
---------------------------------------------------------------------------------------
Cell pin lists are equivalent.
Device classes gf180mcu_fd_sc_mcu9t5v0__nand3_1 and gf180mcu_fd_sc_mcu9t5v0__nand3_1 are equivalent.

Class gf180mcu_fd_sc_mcu9t5v0__nor3_4 (0):  Merged 11 parallel devices.
Class gf180mcu_fd_sc_mcu9t5v0__nor3_4 (1):  Merged 11 parallel devices.
Subcircuit summary:
Circuit 1: gf180mcu_fd_sc_mcu9t5v0__nor3_4 |Circuit 2: gf180mcu_fd_sc_mcu9t5v0__nor3_4 
-------------------------------------------|-------------------------------------------
pfet_05v0 (12->10)                         |pfet_05v0 (12->10)                         
nfet_05v0 (12->3)                          |nfet_05v0 (12->3)                          
Number of devices: 13                      |Number of devices: 13                      
Number of nets: 14                         |Number of nets: 14                         
---------------------------------------------------------------------------------------
Resolving symmetries by property value.
Resolving symmetries by pin name.
Resolving symmetries by net name.
Netlists match with 3 symmetries.

Subcircuit pins:
Circuit 1: gf180mcu_fd_sc_mcu9t5v0__nor3_4 |Circuit 2: gf180mcu_fd_sc_mcu9t5v0__nor3_4 
-------------------------------------------|-------------------------------------------
VSS                                        |VSS                                        
VPW                                        |VPW                                        
A1                                         |A1                                         
VNW                                        |VNW                                        
VDD                                        |VDD                                        
ZN                                         |ZN                                         
A2                                         |A2                                         
A3                                         |A3                                         
---------------------------------------------------------------------------------------
Cell pin lists are equivalent.
Device classes gf180mcu_fd_sc_mcu9t5v0__nor3_4 and gf180mcu_fd_sc_mcu9t5v0__nor3_4 are equivalent.

Subcircuit summary:
Circuit 1: gf180mcu_fd_sc_mcu9t5v0__aoi222 |Circuit 2: gf180mcu_fd_sc_mcu9t5v0__aoi222 
-------------------------------------------|-------------------------------------------
nfet_05v0 (6)                              |nfet_05v0 (6)                              
pfet_05v0 (6)                              |pfet_05v0 (6)                              
Number of devices: 12                      |Number of devices: 12                      
Number of nets: 16                         |Number of nets: 16                         
---------------------------------------------------------------------------------------
Netlists match uniquely.

Subcircuit pins:
Circuit 1: gf180mcu_fd_sc_mcu9t5v0__aoi222 |Circuit 2: gf180mcu_fd_sc_mcu9t5v0__aoi222 
-------------------------------------------|-------------------------------------------
VSS                                        |VSS                                        
VPW                                        |VPW                                        
VNW                                        |VNW                                        
C2                                         |C2                                         
C1                                         |C1                                         
B1                                         |B1                                         
B2                                         |B2                                         
A2                                         |A2                                         
A1                                         |A1                                         
VDD                                        |VDD                                        
ZN                                         |ZN                                         
---------------------------------------------------------------------------------------
Cell pin lists are equivalent.
Device classes gf180mcu_fd_sc_mcu9t5v0__aoi222_1 and gf180mcu_fd_sc_mcu9t5v0__aoi222_1 are equivalent.

Class gf180mcu_fd_sc_mcu9t5v0__nand4_4 (0):  Merged 12 parallel devices.
Class gf180mcu_fd_sc_mcu9t5v0__nand4_4 (1):  Merged 12 parallel devices.
Subcircuit summary:
Circuit 1: gf180mcu_fd_sc_mcu9t5v0__nand4_ |Circuit 2: gf180mcu_fd_sc_mcu9t5v0__nand4_ 
-------------------------------------------|-------------------------------------------
pfet_05v0 (16->4)                          |pfet_05v0 (16->4)                          
nfet_05v0 (16)                             |nfet_05v0 (16)                             
Number of devices: 20                      |Number of devices: 20                      
Number of nets: 19                         |Number of nets: 19                         
---------------------------------------------------------------------------------------
Resolving symmetries by property value.
Resolving symmetries by pin name.
Resolving symmetries by net name.
Netlists match with 6 symmetries.

Subcircuit pins:
Circuit 1: gf180mcu_fd_sc_mcu9t5v0__nand4_ |Circuit 2: gf180mcu_fd_sc_mcu9t5v0__nand4_ 
-------------------------------------------|-------------------------------------------
VPW                                        |VPW                                        
ZN                                         |ZN                                         
A4                                         |A4                                         
A2                                         |A2                                         
A3                                         |A3                                         
A1                                         |A1                                         
VSS                                        |VSS                                        
VDD                                        |VDD                                        
VNW                                        |VNW                                        
---------------------------------------------------------------------------------------
Cell pin lists are equivalent.
Device classes gf180mcu_fd_sc_mcu9t5v0__nand4_4 and gf180mcu_fd_sc_mcu9t5v0__nand4_4 are equivalent.

Subcircuit summary:
Circuit 1: gf180mcu_fd_sc_mcu9t5v0__nand4_ |Circuit 2: gf180mcu_fd_sc_mcu9t5v0__nand4_ 
-------------------------------------------|-------------------------------------------
pfet_05v0 (4)                              |pfet_05v0 (4)                              
nfet_05v0 (4)                              |nfet_05v0 (4)                              
Number of devices: 8                       |Number of devices: 8                       
Number of nets: 12                         |Number of nets: 12                         
---------------------------------------------------------------------------------------
Netlists match uniquely.

Subcircuit pins:
Circuit 1: gf180mcu_fd_sc_mcu9t5v0__nand4_ |Circuit 2: gf180mcu_fd_sc_mcu9t5v0__nand4_ 
-------------------------------------------|-------------------------------------------
VSS                                        |VSS                                        
ZN                                         |ZN                                         
A4                                         |A4                                         
A3                                         |A3                                         
A2                                         |A2                                         
A1                                         |A1                                         
VPW                                        |VPW                                        
VDD                                        |VDD                                        
VNW                                        |VNW                                        
---------------------------------------------------------------------------------------
Cell pin lists are equivalent.
Device classes gf180mcu_fd_sc_mcu9t5v0__nand4_1 and gf180mcu_fd_sc_mcu9t5v0__nand4_1 are equivalent.

Class gf180mcu_fd_sc_mcu9t5v0__nor2_4 (0):  Merged 6 parallel devices.
Class gf180mcu_fd_sc_mcu9t5v0__nor2_4 (1):  Merged 6 parallel devices.
Subcircuit summary:
Circuit 1: gf180mcu_fd_sc_mcu9t5v0__nor2_4 |Circuit 2: gf180mcu_fd_sc_mcu9t5v0__nor2_4 
-------------------------------------------|-------------------------------------------
pfet_05v0 (8)                              |pfet_05v0 (8)                              
nfet_05v0 (8->2)                           |nfet_05v0 (8->2)                           
Number of devices: 10                      |Number of devices: 10                      
Number of nets: 11                         |Number of nets: 11                         
---------------------------------------------------------------------------------------
Resolving symmetries by property value.
Resolving symmetries by pin name.
Resolving symmetries by net name.
Netlists match with 3 symmetries.

Subcircuit pins:
Circuit 1: gf180mcu_fd_sc_mcu9t5v0__nor2_4 |Circuit 2: gf180mcu_fd_sc_mcu9t5v0__nor2_4 
-------------------------------------------|-------------------------------------------
VDD                                        |VDD                                        
VNW                                        |VNW                                        
VSS                                        |VSS                                        
VPW                                        |VPW                                        
A2                                         |A2                                         
A1                                         |A1                                         
ZN                                         |ZN                                         
---------------------------------------------------------------------------------------
Cell pin lists are equivalent.
Device classes gf180mcu_fd_sc_mcu9t5v0__nor2_4 and gf180mcu_fd_sc_mcu9t5v0__nor2_4 are equivalent.

Subcircuit summary:
Circuit 1: gf180mcu_fd_sc_mcu9t5v0__and2_1 |Circuit 2: gf180mcu_fd_sc_mcu9t5v0__and2_1 
-------------------------------------------|-------------------------------------------
pfet_05v0 (3)                              |pfet_05v0 (3)                              
nfet_05v0 (3)                              |nfet_05v0 (3)                              
Number of devices: 6                       |Number of devices: 6                       
Number of nets: 9                          |Number of nets: 9                          
---------------------------------------------------------------------------------------
Netlists match uniquely.

Subcircuit pins:
Circuit 1: gf180mcu_fd_sc_mcu9t5v0__and2_1 |Circuit 2: gf180mcu_fd_sc_mcu9t5v0__and2_1 
-------------------------------------------|-------------------------------------------
A1                                         |A1                                         
VSS                                        |VSS                                        
A2                                         |A2                                         
Z                                          |Z                                          
VPW                                        |VPW                                        
VDD                                        |VDD                                        
VNW                                        |VNW                                        
---------------------------------------------------------------------------------------
Cell pin lists are equivalent.
Device classes gf180mcu_fd_sc_mcu9t5v0__and2_1 and gf180mcu_fd_sc_mcu9t5v0__and2_1 are equivalent.

Class gf180mcu_fd_sc_mcu9t5v0__aoi21_4 (0):  Merged 12 parallel devices.
Class gf180mcu_fd_sc_mcu9t5v0__aoi21_4 (1):  Merged 12 parallel devices.
Subcircuit summary:
Circuit 1: gf180mcu_fd_sc_mcu9t5v0__aoi21_ |Circuit 2: gf180mcu_fd_sc_mcu9t5v0__aoi21_ 
-------------------------------------------|-------------------------------------------
pfet_05v0 (12->3)                          |pfet_05v0 (12->3)                          
nfet_05v0 (12->9)                          |nfet_05v0 (12->9)                          
Number of devices: 12                      |Number of devices: 12                      
Number of nets: 13                         |Number of nets: 13                         
---------------------------------------------------------------------------------------
Resolving symmetries by property value.
Resolving symmetries by pin name.
Resolving symmetries by net name.
Netlists match with 3 symmetries.

Subcircuit pins:
Circuit 1: gf180mcu_fd_sc_mcu9t5v0__aoi21_ |Circuit 2: gf180mcu_fd_sc_mcu9t5v0__aoi21_ 
-------------------------------------------|-------------------------------------------
VDD                                        |VDD                                        
VPW                                        |VPW                                        
B                                          |B                                          
ZN                                         |ZN                                         
A2                                         |A2                                         
VSS                                        |VSS                                        
A1                                         |A1                                         
VNW                                        |VNW                                        
---------------------------------------------------------------------------------------
Cell pin lists are equivalent.
Device classes gf180mcu_fd_sc_mcu9t5v0__aoi21_4 and gf180mcu_fd_sc_mcu9t5v0__aoi21_4 are equivalent.

Class gf180mcu_fd_sc_mcu9t5v0__dffrnq_4 (0):  Merged 6 parallel devices.
Class gf180mcu_fd_sc_mcu9t5v0__dffrnq_4 (1):  Merged 6 parallel devices.
Subcircuit summary:
Circuit 1: gf180mcu_fd_sc_mcu9t5v0__dffrnq |Circuit 2: gf180mcu_fd_sc_mcu9t5v0__dffrnq 
-------------------------------------------|-------------------------------------------
pfet_05v0 (17->14)                         |pfet_05v0 (17->14)                         
nfet_05v0 (17->14)                         |nfet_05v0 (17->14)                         
Number of devices: 28                      |Number of devices: 28                      
Number of nets: 20                         |Number of nets: 20                         
---------------------------------------------------------------------------------------
Netlists match uniquely.

Subcircuit pins:
Circuit 1: gf180mcu_fd_sc_mcu9t5v0__dffrnq |Circuit 2: gf180mcu_fd_sc_mcu9t5v0__dffrnq 
-------------------------------------------|-------------------------------------------
CLK                                        |CLK                                        
D                                          |D                                          
Q                                          |Q                                          
RN                                         |RN                                         
VDD                                        |VDD                                        
VPW                                        |VPW                                        
VNW                                        |VNW                                        
VSS                                        |VSS                                        
---------------------------------------------------------------------------------------
Cell pin lists are equivalent.
Device classes gf180mcu_fd_sc_mcu9t5v0__dffrnq_4 and gf180mcu_fd_sc_mcu9t5v0__dffrnq_4 are equivalent.

Class gf180mcu_fd_sc_mcu9t5v0__clkbuf_8 (0):  Merged 20 parallel devices.
Class gf180mcu_fd_sc_mcu9t5v0__clkbuf_8 (1):  Merged 20 parallel devices.
Subcircuit summary:
Circuit 1: gf180mcu_fd_sc_mcu9t5v0__clkbuf |Circuit 2: gf180mcu_fd_sc_mcu9t5v0__clkbuf 
-------------------------------------------|-------------------------------------------
nfet_05v0 (12->2)                          |nfet_05v0 (12->2)                          
pfet_05v0 (12->2)                          |pfet_05v0 (12->2)                          
Number of devices: 4                       |Number of devices: 4                       
Number of nets: 7                          |Number of nets: 7                          
---------------------------------------------------------------------------------------
Netlists match uniquely.

Subcircuit pins:
Circuit 1: gf180mcu_fd_sc_mcu9t5v0__clkbuf |Circuit 2: gf180mcu_fd_sc_mcu9t5v0__clkbuf 
-------------------------------------------|-------------------------------------------
I                                          |I                                          
VSS                                        |VSS                                        
VPW                                        |VPW                                        
Z                                          |Z                                          
VDD                                        |VDD                                        
VNW                                        |VNW                                        
---------------------------------------------------------------------------------------
Cell pin lists are equivalent.
Device classes gf180mcu_fd_sc_mcu9t5v0__clkbuf_8 and gf180mcu_fd_sc_mcu9t5v0__clkbuf_8 are equivalent.

Subcircuit summary:
Circuit 1: gf180mcu_fd_sc_mcu9t5v0__oai32_ |Circuit 2: gf180mcu_fd_sc_mcu9t5v0__oai32_ 
-------------------------------------------|-------------------------------------------
nfet_05v0 (5)                              |nfet_05v0 (5)                              
pfet_05v0 (5)                              |pfet_05v0 (5)                              
Number of devices: 10                      |Number of devices: 10                      
Number of nets: 14                         |Number of nets: 14                         
---------------------------------------------------------------------------------------
Netlists match uniquely.

Subcircuit pins:
Circuit 1: gf180mcu_fd_sc_mcu9t5v0__oai32_ |Circuit 2: gf180mcu_fd_sc_mcu9t5v0__oai32_ 
-------------------------------------------|-------------------------------------------
VSS                                        |VSS                                        
VPW                                        |VPW                                        
VNW                                        |VNW                                        
A3                                         |A3                                         
A2                                         |A2                                         
A1                                         |A1                                         
B1                                         |B1                                         
B2                                         |B2                                         
VDD                                        |VDD                                        
ZN                                         |ZN                                         
---------------------------------------------------------------------------------------
Cell pin lists are equivalent.
Device classes gf180mcu_fd_sc_mcu9t5v0__oai32_1 and gf180mcu_fd_sc_mcu9t5v0__oai32_1 are equivalent.

Subcircuit summary:
Circuit 1: gf180mcu_fd_sc_mcu9t5v0__xor3_1 |Circuit 2: gf180mcu_fd_sc_mcu9t5v0__xor3_1 
-------------------------------------------|-------------------------------------------
nfet_05v0 (10)                             |nfet_05v0 (10)                             
pfet_05v0 (10)                             |pfet_05v0 (10)                             
Number of devices: 20                      |Number of devices: 20                      
Number of nets: 17                         |Number of nets: 17                         
---------------------------------------------------------------------------------------
Netlists match uniquely.

Subcircuit pins:
Circuit 1: gf180mcu_fd_sc_mcu9t5v0__xor3_1 |Circuit 2: gf180mcu_fd_sc_mcu9t5v0__xor3_1 
-------------------------------------------|-------------------------------------------
VPW                                        |VPW                                        
VNW                                        |VNW                                        
A2                                         |A2                                         
A1                                         |A1                                         
A3                                         |A3                                         
Z                                          |Z                                          
VDD                                        |VDD                                        
VSS                                        |VSS                                        
---------------------------------------------------------------------------------------
Cell pin lists are equivalent.
Device classes gf180mcu_fd_sc_mcu9t5v0__xor3_1 and gf180mcu_fd_sc_mcu9t5v0__xor3_1 are equivalent.

Class gf180mcu_fd_sc_mcu9t5v0__nand4_2 (0):  Merged 4 parallel devices.
Class gf180mcu_fd_sc_mcu9t5v0__nand4_2 (1):  Merged 4 parallel devices.
Subcircuit summary:
Circuit 1: gf180mcu_fd_sc_mcu9t5v0__nand4_ |Circuit 2: gf180mcu_fd_sc_mcu9t5v0__nand4_ 
-------------------------------------------|-------------------------------------------
nfet_05v0 (8)                              |nfet_05v0 (8)                              
pfet_05v0 (8->4)                           |pfet_05v0 (8->4)                           
Number of devices: 12                      |Number of devices: 12                      
Number of nets: 15                         |Number of nets: 15                         
---------------------------------------------------------------------------------------
Resolving symmetries by property value.
Resolving symmetries by pin name.
Resolving symmetries by net name.
Netlists match with 7 symmetries.

Subcircuit pins:
Circuit 1: gf180mcu_fd_sc_mcu9t5v0__nand4_ |Circuit 2: gf180mcu_fd_sc_mcu9t5v0__nand4_ 
-------------------------------------------|-------------------------------------------
VDD                                        |VDD                                        
VNW                                        |VNW                                        
ZN                                         |ZN                                         
VPW                                        |VPW                                        
A4                                         |A4                                         
A3                                         |A3                                         
A2                                         |A2                                         
A1                                         |A1                                         
VSS                                        |VSS                                        
---------------------------------------------------------------------------------------
Cell pin lists are equivalent.
Device classes gf180mcu_fd_sc_mcu9t5v0__nand4_2 and gf180mcu_fd_sc_mcu9t5v0__nand4_2 are equivalent.

Class gf180mcu_fd_sc_mcu9t5v0__dffrnq_2 (0):  Merged 2 parallel devices.
Class gf180mcu_fd_sc_mcu9t5v0__dffrnq_2 (1):  Merged 2 parallel devices.
Subcircuit summary:
Circuit 1: gf180mcu_fd_sc_mcu9t5v0__dffrnq |Circuit 2: gf180mcu_fd_sc_mcu9t5v0__dffrnq 
-------------------------------------------|-------------------------------------------
pfet_05v0 (15->14)                         |pfet_05v0 (15->14)                         
nfet_05v0 (15->14)                         |nfet_05v0 (15->14)                         
Number of devices: 28                      |Number of devices: 28                      
Number of nets: 20                         |Number of nets: 20                         
---------------------------------------------------------------------------------------
Netlists match uniquely.

Subcircuit pins:
Circuit 1: gf180mcu_fd_sc_mcu9t5v0__dffrnq |Circuit 2: gf180mcu_fd_sc_mcu9t5v0__dffrnq 
-------------------------------------------|-------------------------------------------
RN                                         |RN                                         
VDD                                        |VDD                                        
CLK                                        |CLK                                        
D                                          |D                                          
Q                                          |Q                                          
VPW                                        |VPW                                        
VNW                                        |VNW                                        
VSS                                        |VSS                                        
---------------------------------------------------------------------------------------
Cell pin lists are equivalent.
Device classes gf180mcu_fd_sc_mcu9t5v0__dffrnq_2 and gf180mcu_fd_sc_mcu9t5v0__dffrnq_2 are equivalent.

Class gf180mcu_fd_sc_mcu9t5v0__xnor2_2 (0):  Merged 2 parallel devices.
Class gf180mcu_fd_sc_mcu9t5v0__xnor2_2 (1):  Merged 2 parallel devices.
Subcircuit summary:
Circuit 1: gf180mcu_fd_sc_mcu9t5v0__xnor2_ |Circuit 2: gf180mcu_fd_sc_mcu9t5v0__xnor2_ 
-------------------------------------------|-------------------------------------------
nfet_05v0 (7->6)                           |nfet_05v0 (7->6)                           
pfet_05v0 (7->6)                           |pfet_05v0 (7->6)                           
Number of devices: 12                      |Number of devices: 12                      
Number of nets: 12                         |Number of nets: 12                         
---------------------------------------------------------------------------------------
Netlists match uniquely.

Subcircuit pins:
Circuit 1: gf180mcu_fd_sc_mcu9t5v0__xnor2_ |Circuit 2: gf180mcu_fd_sc_mcu9t5v0__xnor2_ 
-------------------------------------------|-------------------------------------------
VDD                                        |VDD                                        
A2                                         |A2                                         
A1                                         |A1                                         
ZN                                         |ZN                                         
VPW                                        |VPW                                        
VNW                                        |VNW                                        
VSS                                        |VSS                                        
---------------------------------------------------------------------------------------
Cell pin lists are equivalent.
Device classes gf180mcu_fd_sc_mcu9t5v0__xnor2_2 and gf180mcu_fd_sc_mcu9t5v0__xnor2_2 are equivalent.

Class gf180mcu_fd_sc_mcu9t5v0__and3_4 (0):  Merged 9 parallel devices.
Class gf180mcu_fd_sc_mcu9t5v0__and3_4 (1):  Merged 9 parallel devices.
Subcircuit summary:
Circuit 1: gf180mcu_fd_sc_mcu9t5v0__and3_4 |Circuit 2: gf180mcu_fd_sc_mcu9t5v0__and3_4 
-------------------------------------------|-------------------------------------------
pfet_05v0 (10->4)                          |pfet_05v0 (10->4)                          
nfet_05v0 (10->7)                          |nfet_05v0 (10->7)                          
Number of devices: 11                      |Number of devices: 11                      
Number of nets: 13                         |Number of nets: 13                         
---------------------------------------------------------------------------------------
Resolving symmetries by property value.
Resolving symmetries by pin name.
Resolving symmetries by net name.
Netlists match with 5 symmetries.

Subcircuit pins:
Circuit 1: gf180mcu_fd_sc_mcu9t5v0__and3_4 |Circuit 2: gf180mcu_fd_sc_mcu9t5v0__and3_4 
-------------------------------------------|-------------------------------------------
Z                                          |Z                                          
VPW                                        |VPW                                        
A3                                         |A3                                         
VSS                                        |VSS                                        
A2                                         |A2                                         
A1                                         |A1                                         
VDD                                        |VDD                                        
VNW                                        |VNW                                        
---------------------------------------------------------------------------------------
Cell pin lists are equivalent.
Device classes gf180mcu_fd_sc_mcu9t5v0__and3_4 and gf180mcu_fd_sc_mcu9t5v0__and3_4 are equivalent.

Class gf180mcu_fd_sc_mcu9t5v0__nor2_2 (0):  Merged 2 parallel devices.
Class gf180mcu_fd_sc_mcu9t5v0__nor2_2 (1):  Merged 2 parallel devices.
Subcircuit summary:
Circuit 1: gf180mcu_fd_sc_mcu9t5v0__nor2_2 |Circuit 2: gf180mcu_fd_sc_mcu9t5v0__nor2_2 
-------------------------------------------|-------------------------------------------
pfet_05v0 (4)                              |pfet_05v0 (4)                              
nfet_05v0 (4->2)                           |nfet_05v0 (4->2)                           
Number of devices: 6                       |Number of devices: 6                       
Number of nets: 9                          |Number of nets: 9                          
---------------------------------------------------------------------------------------
Resolving symmetries by property value.
Resolving symmetries by pin name.
Resolving symmetries by net name.
Netlists match with 3 symmetries.

Subcircuit pins:
Circuit 1: gf180mcu_fd_sc_mcu9t5v0__nor2_2 |Circuit 2: gf180mcu_fd_sc_mcu9t5v0__nor2_2 
-------------------------------------------|-------------------------------------------
ZN                                         |ZN                                         
VNW                                        |VNW                                        
A2                                         |A2                                         
A1                                         |A1                                         
VSS                                        |VSS                                        
VPW                                        |VPW                                        
VDD                                        |VDD                                        
---------------------------------------------------------------------------------------
Cell pin lists are equivalent.
Device classes gf180mcu_fd_sc_mcu9t5v0__nor2_2 and gf180mcu_fd_sc_mcu9t5v0__nor2_2 are equivalent.

Class gf180mcu_fd_sc_mcu9t5v0__clkbuf_20 (0):  Merged 56 parallel devices.
Class gf180mcu_fd_sc_mcu9t5v0__clkbuf_20 (1):  Merged 56 parallel devices.
Subcircuit summary:
Circuit 1: gf180mcu_fd_sc_mcu9t5v0__clkbuf |Circuit 2: gf180mcu_fd_sc_mcu9t5v0__clkbuf 
-------------------------------------------|-------------------------------------------
nfet_05v0 (30->2)                          |nfet_05v0 (30->2)                          
pfet_05v0 (30->2)                          |pfet_05v0 (30->2)                          
Number of devices: 4                       |Number of devices: 4                       
Number of nets: 7                          |Number of nets: 7                          
---------------------------------------------------------------------------------------
Netlists match uniquely.

Subcircuit pins:
Circuit 1: gf180mcu_fd_sc_mcu9t5v0__clkbuf |Circuit 2: gf180mcu_fd_sc_mcu9t5v0__clkbuf 
-------------------------------------------|-------------------------------------------
I                                          |I                                          
VSS                                        |VSS                                        
VPW                                        |VPW                                        
Z                                          |Z                                          
VDD                                        |VDD                                        
VNW                                        |VNW                                        
---------------------------------------------------------------------------------------
Cell pin lists are equivalent.
Device classes gf180mcu_fd_sc_mcu9t5v0__clkbuf_20 and gf180mcu_fd_sc_mcu9t5v0__clkbuf_20 are equivalent.

Class gf180mcu_fd_sc_mcu9t5v0__mux2_4 (0):  Merged 6 parallel devices.
Class gf180mcu_fd_sc_mcu9t5v0__mux2_4 (1):  Merged 6 parallel devices.
Subcircuit summary:
Circuit 1: gf180mcu_fd_sc_mcu9t5v0__mux2_4 |Circuit 2: gf180mcu_fd_sc_mcu9t5v0__mux2_4 
-------------------------------------------|-------------------------------------------
pfet_05v0 (9->6)                           |pfet_05v0 (9->6)                           
nfet_05v0 (9->6)                           |nfet_05v0 (9->6)                           
Number of devices: 12                      |Number of devices: 12                      
Number of nets: 14                         |Number of nets: 14                         
---------------------------------------------------------------------------------------
Netlists match uniquely.

Subcircuit pins:
Circuit 1: gf180mcu_fd_sc_mcu9t5v0__mux2_4 |Circuit 2: gf180mcu_fd_sc_mcu9t5v0__mux2_4 
-------------------------------------------|-------------------------------------------
VPW                                        |VPW                                        
VNW                                        |VNW                                        
VSS                                        |VSS                                        
S                                          |S                                          
VDD                                        |VDD                                        
Z                                          |Z                                          
I1                                         |I1                                         
I0                                         |I0                                         
---------------------------------------------------------------------------------------
Cell pin lists are equivalent.
Device classes gf180mcu_fd_sc_mcu9t5v0__mux2_4 and gf180mcu_fd_sc_mcu9t5v0__mux2_4 are equivalent.

Subcircuit summary:
Circuit 1: gf180mcu_fd_sc_mcu9t5v0__dlyc_1 |Circuit 2: gf180mcu_fd_sc_mcu9t5v0__dlyc_1 
-------------------------------------------|-------------------------------------------
nfet_05v0 (10)                             |nfet_05v0 (10)                             
pfet_05v0 (10)                             |pfet_05v0 (10)                             
Number of devices: 20                      |Number of devices: 20                      
Number of nets: 19                         |Number of nets: 19                         
---------------------------------------------------------------------------------------
Netlists match uniquely.

Subcircuit pins:
Circuit 1: gf180mcu_fd_sc_mcu9t5v0__dlyc_1 |Circuit 2: gf180mcu_fd_sc_mcu9t5v0__dlyc_1 
-------------------------------------------|-------------------------------------------
VPW                                        |VPW                                        
VNW                                        |VNW                                        
I                                          |I                                          
Z                                          |Z                                          
VSS                                        |VSS                                        
VDD                                        |VDD                                        
---------------------------------------------------------------------------------------
Cell pin lists are equivalent.
Device classes gf180mcu_fd_sc_mcu9t5v0__dlyc_1 and gf180mcu_fd_sc_mcu9t5v0__dlyc_1 are equivalent.

Subcircuit summary:
Circuit 1: gf180mcu_fd_sc_mcu9t5v0__mux4_1 |Circuit 2: gf180mcu_fd_sc_mcu9t5v0__mux4_1 
-------------------------------------------|-------------------------------------------
nfet_05v0 (13)                             |nfet_05v0 (13)                             
pfet_05v0 (13)                             |pfet_05v0 (13)                             
Number of devices: 26                      |Number of devices: 26                      
Number of nets: 20                         |Number of nets: 20                         
---------------------------------------------------------------------------------------
Netlists match uniquely.

Subcircuit pins:
Circuit 1: gf180mcu_fd_sc_mcu9t5v0__mux4_1 |Circuit 2: gf180mcu_fd_sc_mcu9t5v0__mux4_1 
-------------------------------------------|-------------------------------------------
Z                                          |Z                                          
I3                                         |I3                                         
I1                                         |I1                                         
I2                                         |I2                                         
I0                                         |I0                                         
VSS                                        |VSS                                        
VDD                                        |VDD                                        
VPW                                        |VPW                                        
VNW                                        |VNW                                        
S1                                         |S1                                         
S0                                         |S0                                         
---------------------------------------------------------------------------------------
Cell pin lists are equivalent.
Device classes gf180mcu_fd_sc_mcu9t5v0__mux4_1 and gf180mcu_fd_sc_mcu9t5v0__mux4_1 are equivalent.

Class gf180mcu_fd_sc_mcu9t5v0__nor3_2 (0):  Merged 3 parallel devices.
Class gf180mcu_fd_sc_mcu9t5v0__nor3_2 (1):  Merged 3 parallel devices.
Subcircuit summary:
Circuit 1: gf180mcu_fd_sc_mcu9t5v0__nor3_2 |Circuit 2: gf180mcu_fd_sc_mcu9t5v0__nor3_2 
-------------------------------------------|-------------------------------------------
pfet_05v0 (6)                              |pfet_05v0 (6)                              
nfet_05v0 (6->3)                           |nfet_05v0 (6->3)                           
Number of devices: 9                       |Number of devices: 9                       
Number of nets: 12                         |Number of nets: 12                         
---------------------------------------------------------------------------------------
Resolving symmetries by property value.
Resolving symmetries by pin name.
Resolving symmetries by net name.
Netlists match with 5 symmetries.

Subcircuit pins:
Circuit 1: gf180mcu_fd_sc_mcu9t5v0__nor3_2 |Circuit 2: gf180mcu_fd_sc_mcu9t5v0__nor3_2 
-------------------------------------------|-------------------------------------------
ZN                                         |ZN                                         
VNW                                        |VNW                                        
VSS                                        |VSS                                        
VPW                                        |VPW                                        
A3                                         |A3                                         
A2                                         |A2                                         
A1                                         |A1                                         
VDD                                        |VDD                                        
---------------------------------------------------------------------------------------
Cell pin lists are equivalent.
Device classes gf180mcu_fd_sc_mcu9t5v0__nor3_2 and gf180mcu_fd_sc_mcu9t5v0__nor3_2 are equivalent.

Subcircuit summary:
Circuit 1: gf180mcu_fd_sc_mcu9t5v0__buf_1  |Circuit 2: gf180mcu_fd_sc_mcu9t5v0__buf_1  
-------------------------------------------|-------------------------------------------
nfet_05v0 (2)                              |nfet_05v0 (2)                              
pfet_05v0 (2)                              |pfet_05v0 (2)                              
Number of devices: 4                       |Number of devices: 4                       
Number of nets: 7                          |Number of nets: 7                          
---------------------------------------------------------------------------------------
Netlists match uniquely.

Subcircuit pins:
Circuit 1: gf180mcu_fd_sc_mcu9t5v0__buf_1  |Circuit 2: gf180mcu_fd_sc_mcu9t5v0__buf_1  
-------------------------------------------|-------------------------------------------
VSS                                        |VSS                                        
I                                          |I                                          
VPW                                        |VPW                                        
Z                                          |Z                                          
VDD                                        |VDD                                        
VNW                                        |VNW                                        
---------------------------------------------------------------------------------------
Cell pin lists are equivalent.
Device classes gf180mcu_fd_sc_mcu9t5v0__buf_1 and gf180mcu_fd_sc_mcu9t5v0__buf_1 are equivalent.

Subcircuit summary:
Circuit 1: gf180mcu_fd_sc_mcu9t5v0__nor4_1 |Circuit 2: gf180mcu_fd_sc_mcu9t5v0__nor4_1 
-------------------------------------------|-------------------------------------------
nfet_05v0 (4)                              |nfet_05v0 (4)                              
pfet_05v0 (4)                              |pfet_05v0 (4)                              
Number of devices: 8                       |Number of devices: 8                       
Number of nets: 12                         |Number of nets: 12                         
---------------------------------------------------------------------------------------
Netlists match uniquely.

Subcircuit pins:
Circuit 1: gf180mcu_fd_sc_mcu9t5v0__nor4_1 |Circuit 2: gf180mcu_fd_sc_mcu9t5v0__nor4_1 
-------------------------------------------|-------------------------------------------
VDD                                        |VDD                                        
ZN                                         |ZN                                         
A4                                         |A4                                         
A2                                         |A2                                         
A3                                         |A3                                         
A1                                         |A1                                         
VSS                                        |VSS                                        
VPW                                        |VPW                                        
VNW                                        |VNW                                        
---------------------------------------------------------------------------------------
Cell pin lists are equivalent.
Device classes gf180mcu_fd_sc_mcu9t5v0__nor4_1 and gf180mcu_fd_sc_mcu9t5v0__nor4_1 are equivalent.

Class gf180mcu_fd_sc_mcu9t5v0__and3_2 (0):  Merged 2 parallel devices.
Class gf180mcu_fd_sc_mcu9t5v0__and3_2 (1):  Merged 2 parallel devices.
Subcircuit summary:
Circuit 1: gf180mcu_fd_sc_mcu9t5v0__and3_2 |Circuit 2: gf180mcu_fd_sc_mcu9t5v0__and3_2 
-------------------------------------------|-------------------------------------------
nfet_05v0 (5->4)                           |nfet_05v0 (5->4)                           
pfet_05v0 (5->4)                           |pfet_05v0 (5->4)                           
Number of devices: 8                       |Number of devices: 8                       
Number of nets: 11                         |Number of nets: 11                         
---------------------------------------------------------------------------------------
Netlists match uniquely.

Subcircuit pins:
Circuit 1: gf180mcu_fd_sc_mcu9t5v0__and3_2 |Circuit 2: gf180mcu_fd_sc_mcu9t5v0__and3_2 
-------------------------------------------|-------------------------------------------
VPW                                        |VPW                                        
VDD                                        |VDD                                        
VNW                                        |VNW                                        
A1                                         |A1                                         
VSS                                        |VSS                                        
A2                                         |A2                                         
A3                                         |A3                                         
Z                                          |Z                                          
---------------------------------------------------------------------------------------
Cell pin lists are equivalent.
Device classes gf180mcu_fd_sc_mcu9t5v0__and3_2 and gf180mcu_fd_sc_mcu9t5v0__and3_2 are equivalent.

Class gf180mcu_fd_sc_mcu9t5v0__clkbuf_12 (0):  Merged 32 parallel devices.
Class gf180mcu_fd_sc_mcu9t5v0__clkbuf_12 (1):  Merged 32 parallel devices.
Subcircuit summary:
Circuit 1: gf180mcu_fd_sc_mcu9t5v0__clkbuf |Circuit 2: gf180mcu_fd_sc_mcu9t5v0__clkbuf 
-------------------------------------------|-------------------------------------------
pfet_05v0 (18->2)                          |pfet_05v0 (18->2)                          
nfet_05v0 (18->2)                          |nfet_05v0 (18->2)                          
Number of devices: 4                       |Number of devices: 4                       
Number of nets: 7                          |Number of nets: 7                          
---------------------------------------------------------------------------------------
Netlists match uniquely.

Subcircuit pins:
Circuit 1: gf180mcu_fd_sc_mcu9t5v0__clkbuf |Circuit 2: gf180mcu_fd_sc_mcu9t5v0__clkbuf 
-------------------------------------------|-------------------------------------------
I                                          |I                                          
VSS                                        |VSS                                        
VPW                                        |VPW                                        
Z                                          |Z                                          
VDD                                        |VDD                                        
VNW                                        |VNW                                        
---------------------------------------------------------------------------------------
Cell pin lists are equivalent.
Device classes gf180mcu_fd_sc_mcu9t5v0__clkbuf_12 and gf180mcu_fd_sc_mcu9t5v0__clkbuf_12 are equivalent.

Class gf180mcu_fd_sc_mcu9t5v0__buf_16 (0):  Merged 44 parallel devices.
Class gf180mcu_fd_sc_mcu9t5v0__buf_16 (1):  Merged 44 parallel devices.
Subcircuit summary:
Circuit 1: gf180mcu_fd_sc_mcu9t5v0__buf_16 |Circuit 2: gf180mcu_fd_sc_mcu9t5v0__buf_16 
-------------------------------------------|-------------------------------------------
nfet_05v0 (24->2)                          |nfet_05v0 (24->2)                          
pfet_05v0 (24->2)                          |pfet_05v0 (24->2)                          
Number of devices: 4                       |Number of devices: 4                       
Number of nets: 7                          |Number of nets: 7                          
---------------------------------------------------------------------------------------
Netlists match uniquely.

Subcircuit pins:
Circuit 1: gf180mcu_fd_sc_mcu9t5v0__buf_16 |Circuit 2: gf180mcu_fd_sc_mcu9t5v0__buf_16 
-------------------------------------------|-------------------------------------------
I                                          |I                                          
VSS                                        |VSS                                        
VPW                                        |VPW                                        
Z                                          |Z                                          
VDD                                        |VDD                                        
VNW                                        |VNW                                        
---------------------------------------------------------------------------------------
Cell pin lists are equivalent.
Device classes gf180mcu_fd_sc_mcu9t5v0__buf_16 and gf180mcu_fd_sc_mcu9t5v0__buf_16 are equivalent.

Subcircuit summary:
Circuit 1: gf180mcu_fd_sc_mcu9t5v0__nor3_1 |Circuit 2: gf180mcu_fd_sc_mcu9t5v0__nor3_1 
-------------------------------------------|-------------------------------------------
pfet_05v0 (3)                              |pfet_05v0 (3)                              
nfet_05v0 (3)                              |nfet_05v0 (3)                              
Number of devices: 6                       |Number of devices: 6                       
Number of nets: 10                         |Number of nets: 10                         
---------------------------------------------------------------------------------------
Netlists match uniquely.

Subcircuit pins:
Circuit 1: gf180mcu_fd_sc_mcu9t5v0__nor3_1 |Circuit 2: gf180mcu_fd_sc_mcu9t5v0__nor3_1 
-------------------------------------------|-------------------------------------------
VDD                                        |VDD                                        
VSS                                        |VSS                                        
VPW                                        |VPW                                        
VNW                                        |VNW                                        
A3                                         |A3                                         
A2                                         |A2                                         
A1                                         |A1                                         
ZN                                         |ZN                                         
---------------------------------------------------------------------------------------
Cell pin lists are equivalent.
Device classes gf180mcu_fd_sc_mcu9t5v0__nor3_1 and gf180mcu_fd_sc_mcu9t5v0__nor3_1 are equivalent.

Class gf180mcu_fd_sc_mcu9t5v0__xor2_2 (0):  Merged 2 parallel devices.
Class gf180mcu_fd_sc_mcu9t5v0__xor2_2 (1):  Merged 2 parallel devices.
Subcircuit summary:
Circuit 1: gf180mcu_fd_sc_mcu9t5v0__xor2_2 |Circuit 2: gf180mcu_fd_sc_mcu9t5v0__xor2_2 
-------------------------------------------|-------------------------------------------
pfet_05v0 (7->6)                           |pfet_05v0 (7->6)                           
nfet_05v0 (7->6)                           |nfet_05v0 (7->6)                           
Number of devices: 12                      |Number of devices: 12                      
Number of nets: 12                         |Number of nets: 12                         
---------------------------------------------------------------------------------------
Netlists match uniquely.

Subcircuit pins:
Circuit 1: gf180mcu_fd_sc_mcu9t5v0__xor2_2 |Circuit 2: gf180mcu_fd_sc_mcu9t5v0__xor2_2 
-------------------------------------------|-------------------------------------------
VDD                                        |VDD                                        
VSS                                        |VSS                                        
VPW                                        |VPW                                        
VNW                                        |VNW                                        
A2                                         |A2                                         
A1                                         |A1                                         
Z                                          |Z                                          
---------------------------------------------------------------------------------------
Cell pin lists are equivalent.
Device classes gf180mcu_fd_sc_mcu9t5v0__xor2_2 and gf180mcu_fd_sc_mcu9t5v0__xor2_2 are equivalent.

Class gf180mcu_fd_sc_mcu9t5v0__oai211_4 (0):  Merged 12 parallel devices.
Class gf180mcu_fd_sc_mcu9t5v0__oai211_4 (1):  Merged 12 parallel devices.
Subcircuit summary:
Circuit 1: gf180mcu_fd_sc_mcu9t5v0__oai211 |Circuit 2: gf180mcu_fd_sc_mcu9t5v0__oai211 
-------------------------------------------|-------------------------------------------
pfet_05v0 (16->10)                         |pfet_05v0 (16->10)                         
nfet_05v0 (16->10)                         |nfet_05v0 (16->10)                         
Number of devices: 20                      |Number of devices: 20                      
Number of nets: 18                         |Number of nets: 18                         
---------------------------------------------------------------------------------------
Resolving symmetries by property value.
Resolving symmetries by pin name.
Resolving symmetries by net name.
Netlists match with 6 symmetries.

Subcircuit pins:
Circuit 1: gf180mcu_fd_sc_mcu9t5v0__oai211 |Circuit 2: gf180mcu_fd_sc_mcu9t5v0__oai211 
-------------------------------------------|-------------------------------------------
VSS                                        |VSS                                        
VDD                                        |VDD                                        
VPW                                        |VPW                                        
VNW                                        |VNW                                        
A2                                         |A2                                         
A1                                         |A1                                         
B                                          |B                                          
C                                          |C                                          
ZN                                         |ZN                                         
---------------------------------------------------------------------------------------
Cell pin lists are equivalent.
Device classes gf180mcu_fd_sc_mcu9t5v0__oai211_4 and gf180mcu_fd_sc_mcu9t5v0__oai211_4 are equivalent.

Class gf180mcu_fd_sc_mcu9t5v0__clkinv_12 (0):  Merged 22 parallel devices.
Class gf180mcu_fd_sc_mcu9t5v0__clkinv_12 (1):  Merged 22 parallel devices.
Subcircuit summary:
Circuit 1: gf180mcu_fd_sc_mcu9t5v0__clkinv |Circuit 2: gf180mcu_fd_sc_mcu9t5v0__clkinv 
-------------------------------------------|-------------------------------------------
nfet_05v0 (12->1)                          |nfet_05v0 (12->1)                          
pfet_05v0 (12->1)                          |pfet_05v0 (12->1)                          
Number of devices: 2                       |Number of devices: 2                       
Number of nets: 6                          |Number of nets: 6                          
---------------------------------------------------------------------------------------
Netlists match uniquely.

Subcircuit pins:
Circuit 1: gf180mcu_fd_sc_mcu9t5v0__clkinv |Circuit 2: gf180mcu_fd_sc_mcu9t5v0__clkinv 
-------------------------------------------|-------------------------------------------
ZN                                         |ZN                                         
I                                          |I                                          
VSS                                        |VSS                                        
VPW                                        |VPW                                        
VDD                                        |VDD                                        
VNW                                        |VNW                                        
---------------------------------------------------------------------------------------
Cell pin lists are equivalent.
Device classes gf180mcu_fd_sc_mcu9t5v0__clkinv_12 and gf180mcu_fd_sc_mcu9t5v0__clkinv_12 are equivalent.

Class gf180mcu_fd_sc_mcu9t5v0__clkinv_8 (0):  Merged 14 parallel devices.
Class gf180mcu_fd_sc_mcu9t5v0__clkinv_8 (1):  Merged 14 parallel devices.
Subcircuit summary:
Circuit 1: gf180mcu_fd_sc_mcu9t5v0__clkinv |Circuit 2: gf180mcu_fd_sc_mcu9t5v0__clkinv 
-------------------------------------------|-------------------------------------------
nfet_05v0 (8->1)                           |nfet_05v0 (8->1)                           
pfet_05v0 (8->1)                           |pfet_05v0 (8->1)                           
Number of devices: 2                       |Number of devices: 2                       
Number of nets: 6                          |Number of nets: 6                          
---------------------------------------------------------------------------------------
Netlists match uniquely.

Subcircuit pins:
Circuit 1: gf180mcu_fd_sc_mcu9t5v0__clkinv |Circuit 2: gf180mcu_fd_sc_mcu9t5v0__clkinv 
-------------------------------------------|-------------------------------------------
VSS                                        |VSS                                        
VPW                                        |VPW                                        
VDD                                        |VDD                                        
VNW                                        |VNW                                        
ZN                                         |ZN                                         
I                                          |I                                          
---------------------------------------------------------------------------------------
Cell pin lists are equivalent.
Device classes gf180mcu_fd_sc_mcu9t5v0__clkinv_8 and gf180mcu_fd_sc_mcu9t5v0__clkinv_8 are equivalent.

Class gf180mcu_fd_sc_mcu9t5v0__oai21_4 (0):  Merged 12 parallel devices.
Class gf180mcu_fd_sc_mcu9t5v0__oai21_4 (1):  Merged 12 parallel devices.
Subcircuit summary:
Circuit 1: gf180mcu_fd_sc_mcu9t5v0__oai21_ |Circuit 2: gf180mcu_fd_sc_mcu9t5v0__oai21_ 
-------------------------------------------|-------------------------------------------
pfet_05v0 (12->9)                          |pfet_05v0 (12->9)                          
nfet_05v0 (12->3)                          |nfet_05v0 (12->3)                          
Number of devices: 12                      |Number of devices: 12                      
Number of nets: 13                         |Number of nets: 13                         
---------------------------------------------------------------------------------------
Resolving symmetries by property value.
Resolving symmetries by pin name.
Resolving symmetries by net name.
Netlists match with 3 symmetries.

Subcircuit pins:
Circuit 1: gf180mcu_fd_sc_mcu9t5v0__oai21_ |Circuit 2: gf180mcu_fd_sc_mcu9t5v0__oai21_ 
-------------------------------------------|-------------------------------------------
VSS                                        |VSS                                        
VPW                                        |VPW                                        
VNW                                        |VNW                                        
B                                          |B                                          
A2                                         |A2                                         
A1                                         |A1                                         
VDD                                        |VDD                                        
ZN                                         |ZN                                         
---------------------------------------------------------------------------------------
Cell pin lists are equivalent.
Device classes gf180mcu_fd_sc_mcu9t5v0__oai21_4 and gf180mcu_fd_sc_mcu9t5v0__oai21_4 are equivalent.

Subcircuit summary:
Circuit 1: gf180mcu_fd_sc_mcu9t5v0__oai222 |Circuit 2: gf180mcu_fd_sc_mcu9t5v0__oai222 
-------------------------------------------|-------------------------------------------
nfet_05v0 (6)                              |nfet_05v0 (6)                              
pfet_05v0 (6)                              |pfet_05v0 (6)                              
Number of devices: 12                      |Number of devices: 12                      
Number of nets: 16                         |Number of nets: 16                         
---------------------------------------------------------------------------------------
Netlists match uniquely.

Subcircuit pins:
Circuit 1: gf180mcu_fd_sc_mcu9t5v0__oai222 |Circuit 2: gf180mcu_fd_sc_mcu9t5v0__oai222 
-------------------------------------------|-------------------------------------------
VDD                                        |VDD                                        
ZN                                         |ZN                                         
VPW                                        |VPW                                        
VNW                                        |VNW                                        
C2                                         |C2                                         
VSS                                        |VSS                                        
C1                                         |C1                                         
B1                                         |B1                                         
B2                                         |B2                                         
A2                                         |A2                                         
A1                                         |A1                                         
---------------------------------------------------------------------------------------
Cell pin lists are equivalent.
Device classes gf180mcu_fd_sc_mcu9t5v0__oai222_1 and gf180mcu_fd_sc_mcu9t5v0__oai222_1 are equivalent.

Class gf180mcu_fd_sc_mcu9t5v0__nand3_4 (0):  Merged 11 parallel devices.
Class gf180mcu_fd_sc_mcu9t5v0__nand3_4 (1):  Merged 11 parallel devices.
Subcircuit summary:
Circuit 1: gf180mcu_fd_sc_mcu9t5v0__nand3_ |Circuit 2: gf180mcu_fd_sc_mcu9t5v0__nand3_ 
-------------------------------------------|-------------------------------------------
pfet_05v0 (12->3)                          |pfet_05v0 (12->3)                          
nfet_05v0 (12->10)                         |nfet_05v0 (12->10)                         
Number of devices: 13                      |Number of devices: 13                      
Number of nets: 14                         |Number of nets: 14                         
---------------------------------------------------------------------------------------
Resolving symmetries by property value.
Resolving symmetries by pin name.
Resolving symmetries by net name.
Netlists match with 3 symmetries.

Subcircuit pins:
Circuit 1: gf180mcu_fd_sc_mcu9t5v0__nand3_ |Circuit 2: gf180mcu_fd_sc_mcu9t5v0__nand3_ 
-------------------------------------------|-------------------------------------------
VPW                                        |VPW                                        
VSS                                        |VSS                                        
A2                                         |A2                                         
A3                                         |A3                                         
ZN                                         |ZN                                         
A1                                         |A1                                         
VDD                                        |VDD                                        
VNW                                        |VNW                                        
---------------------------------------------------------------------------------------
Cell pin lists are equivalent.
Device classes gf180mcu_fd_sc_mcu9t5v0__nand3_4 and gf180mcu_fd_sc_mcu9t5v0__nand3_4 are equivalent.

Subcircuit summary:
Circuit 1: gf180mcu_fd_sc_mcu9t5v0__or3_1  |Circuit 2: gf180mcu_fd_sc_mcu9t5v0__or3_1  
-------------------------------------------|-------------------------------------------
nfet_05v0 (4)                              |nfet_05v0 (4)                              
pfet_05v0 (4)                              |pfet_05v0 (4)                              
Number of devices: 8                       |Number of devices: 8                       
Number of nets: 11                         |Number of nets: 11                         
---------------------------------------------------------------------------------------
Netlists match uniquely.

Subcircuit pins:
Circuit 1: gf180mcu_fd_sc_mcu9t5v0__or3_1  |Circuit 2: gf180mcu_fd_sc_mcu9t5v0__or3_1  
-------------------------------------------|-------------------------------------------
VSS                                        |VSS                                        
VPW                                        |VPW                                        
VNW                                        |VNW                                        
A1                                         |A1                                         
A3                                         |A3                                         
A2                                         |A2                                         
Z                                          |Z                                          
VDD                                        |VDD                                        
---------------------------------------------------------------------------------------
Cell pin lists are equivalent.
Device classes gf180mcu_fd_sc_mcu9t5v0__or3_1 and gf180mcu_fd_sc_mcu9t5v0__or3_1 are equivalent.

Class gf180mcu_fd_sc_mcu9t5v0__or2_4 (0):  Merged 8 parallel devices.
Class gf180mcu_fd_sc_mcu9t5v0__or2_4 (1):  Merged 8 parallel devices.
Subcircuit summary:
Circuit 1: gf180mcu_fd_sc_mcu9t5v0__or2_4  |Circuit 2: gf180mcu_fd_sc_mcu9t5v0__or2_4  
-------------------------------------------|-------------------------------------------
nfet_05v0 (8->3)                           |nfet_05v0 (8->3)                           
pfet_05v0 (8->5)                           |pfet_05v0 (8->5)                           
Number of devices: 8                       |Number of devices: 8                       
Number of nets: 10                         |Number of nets: 10                         
---------------------------------------------------------------------------------------
Resolving symmetries by property value.
Resolving symmetries by pin name.
Resolving symmetries by net name.
Netlists match with 3 symmetries.

Subcircuit pins:
Circuit 1: gf180mcu_fd_sc_mcu9t5v0__or2_4  |Circuit 2: gf180mcu_fd_sc_mcu9t5v0__or2_4  
-------------------------------------------|-------------------------------------------
VNW                                        |VNW                                        
Z                                          |Z                                          
A2                                         |A2                                         
VSS                                        |VSS                                        
VPW                                        |VPW                                        
A1                                         |A1                                         
VDD                                        |VDD                                        
---------------------------------------------------------------------------------------
Cell pin lists are equivalent.
Device classes gf180mcu_fd_sc_mcu9t5v0__or2_4 and gf180mcu_fd_sc_mcu9t5v0__or2_4 are equivalent.

Subcircuit summary:
Circuit 1: gf180mcu_fd_sc_mcu9t5v0__xnor3_ |Circuit 2: gf180mcu_fd_sc_mcu9t5v0__xnor3_ 
-------------------------------------------|-------------------------------------------
nfet_05v0 (10)                             |nfet_05v0 (10)                             
pfet_05v0 (10)                             |pfet_05v0 (10)                             
Number of devices: 20                      |Number of devices: 20                      
Number of nets: 17                         |Number of nets: 17                         
---------------------------------------------------------------------------------------
Netlists match uniquely.

Subcircuit pins:
Circuit 1: gf180mcu_fd_sc_mcu9t5v0__xnor3_ |Circuit 2: gf180mcu_fd_sc_mcu9t5v0__xnor3_ 
-------------------------------------------|-------------------------------------------
VSS                                        |VSS                                        
VDD                                        |VDD                                        
A2                                         |A2                                         
A1                                         |A1                                         
A3                                         |A3                                         
ZN                                         |ZN                                         
VPW                                        |VPW                                        
VNW                                        |VNW                                        
---------------------------------------------------------------------------------------
Cell pin lists are equivalent.
Device classes gf180mcu_fd_sc_mcu9t5v0__xnor3_1 and gf180mcu_fd_sc_mcu9t5v0__xnor3_1 are equivalent.

Subcircuit summary:
Circuit 1: gf180mcu_fd_sc_mcu9t5v0__or4_1  |Circuit 2: gf180mcu_fd_sc_mcu9t5v0__or4_1  
-------------------------------------------|-------------------------------------------
pfet_05v0 (5)                              |pfet_05v0 (5)                              
nfet_05v0 (5)                              |nfet_05v0 (5)                              
Number of devices: 10                      |Number of devices: 10                      
Number of nets: 13                         |Number of nets: 13                         
---------------------------------------------------------------------------------------
Netlists match uniquely.

Subcircuit pins:
Circuit 1: gf180mcu_fd_sc_mcu9t5v0__or4_1  |Circuit 2: gf180mcu_fd_sc_mcu9t5v0__or4_1  
-------------------------------------------|-------------------------------------------
VSS                                        |VSS                                        
VPW                                        |VPW                                        
VNW                                        |VNW                                        
A1                                         |A1                                         
A2                                         |A2                                         
A4                                         |A4                                         
A3                                         |A3                                         
Z                                          |Z                                          
VDD                                        |VDD                                        
---------------------------------------------------------------------------------------
Cell pin lists are equivalent.
Device classes gf180mcu_fd_sc_mcu9t5v0__or4_1 and gf180mcu_fd_sc_mcu9t5v0__or4_1 are equivalent.

Class gf180mcu_fd_sc_mcu9t5v0__aoi222_2 (0):  Merged 6 parallel devices.
Class gf180mcu_fd_sc_mcu9t5v0__aoi222_2 (1):  Merged 6 parallel devices.
Subcircuit summary:
Circuit 1: gf180mcu_fd_sc_mcu9t5v0__aoi222 |Circuit 2: gf180mcu_fd_sc_mcu9t5v0__aoi222 
-------------------------------------------|-------------------------------------------
pfet_05v0 (12->6)                          |pfet_05v0 (12->6)                          
nfet_05v0 (12)                             |nfet_05v0 (12)                             
Number of devices: 18                      |Number of devices: 18                      
Number of nets: 19                         |Number of nets: 19                         
---------------------------------------------------------------------------------------
Resolving symmetries by property value.
Resolving symmetries by pin name.
Resolving symmetries by net name.
Netlists match with 9 symmetries.

Subcircuit pins:
Circuit 1: gf180mcu_fd_sc_mcu9t5v0__aoi222 |Circuit 2: gf180mcu_fd_sc_mcu9t5v0__aoi222 
-------------------------------------------|-------------------------------------------
VPW                                        |VPW                                        
VDD                                        |VDD                                        
VSS                                        |VSS                                        
VNW                                        |VNW                                        
ZN                                         |ZN                                         
C1                                         |C1                                         
C2                                         |C2                                         
B1                                         |B1                                         
B2                                         |B2                                         
A1                                         |A1                                         
A2                                         |A2                                         
---------------------------------------------------------------------------------------
Cell pin lists are equivalent.
Device classes gf180mcu_fd_sc_mcu9t5v0__aoi222_2 and gf180mcu_fd_sc_mcu9t5v0__aoi222_2 are equivalent.

Class gf180mcu_fd_sc_mcu9t5v0__aoi21_2 (0):  Merged 4 parallel devices.
Class gf180mcu_fd_sc_mcu9t5v0__aoi21_2 (1):  Merged 4 parallel devices.
Subcircuit summary:
Circuit 1: gf180mcu_fd_sc_mcu9t5v0__aoi21_ |Circuit 2: gf180mcu_fd_sc_mcu9t5v0__aoi21_ 
-------------------------------------------|-------------------------------------------
nfet_05v0 (6->5)                           |nfet_05v0 (6->5)                           
pfet_05v0 (6->3)                           |pfet_05v0 (6->3)                           
Number of devices: 8                       |Number of devices: 8                       
Number of nets: 11                         |Number of nets: 11                         
---------------------------------------------------------------------------------------
Resolving symmetries by property value.
Resolving symmetries by pin name.
Resolving symmetries by net name.
Netlists match with 3 symmetries.

Subcircuit pins:
Circuit 1: gf180mcu_fd_sc_mcu9t5v0__aoi21_ |Circuit 2: gf180mcu_fd_sc_mcu9t5v0__aoi21_ 
-------------------------------------------|-------------------------------------------
VDD                                        |VDD                                        
ZN                                         |ZN                                         
VPW                                        |VPW                                        
B                                          |B                                          
VSS                                        |VSS                                        
A2                                         |A2                                         
A1                                         |A1                                         
VNW                                        |VNW                                        
---------------------------------------------------------------------------------------
Cell pin lists are equivalent.
Device classes gf180mcu_fd_sc_mcu9t5v0__aoi21_2 and gf180mcu_fd_sc_mcu9t5v0__aoi21_2 are equivalent.

Class gf180mcu_fd_sc_mcu9t5v0__oai211_2 (0):  Merged 4 parallel devices.
Class gf180mcu_fd_sc_mcu9t5v0__oai211_2 (1):  Merged 4 parallel devices.
Subcircuit summary:
Circuit 1: gf180mcu_fd_sc_mcu9t5v0__oai211 |Circuit 2: gf180mcu_fd_sc_mcu9t5v0__oai211 
-------------------------------------------|-------------------------------------------
nfet_05v0 (8->6)                           |nfet_05v0 (8->6)                           
pfet_05v0 (8->6)                           |pfet_05v0 (8->6)                           
Number of devices: 12                      |Number of devices: 12                      
Number of nets: 14                         |Number of nets: 14                         
---------------------------------------------------------------------------------------
Resolving symmetries by property value.
Resolving symmetries by pin name.
Resolving symmetries by net name.
Netlists match with 6 symmetries.

Subcircuit pins:
Circuit 1: gf180mcu_fd_sc_mcu9t5v0__oai211 |Circuit 2: gf180mcu_fd_sc_mcu9t5v0__oai211 
-------------------------------------------|-------------------------------------------
ZN                                         |ZN                                         
VPW                                        |VPW                                        
VNW                                        |VNW                                        
VDD                                        |VDD                                        
A2                                         |A2                                         
A1                                         |A1                                         
B                                          |B                                          
C                                          |C                                          
VSS                                        |VSS                                        
---------------------------------------------------------------------------------------
Cell pin lists are equivalent.
Device classes gf180mcu_fd_sc_mcu9t5v0__oai211_2 and gf180mcu_fd_sc_mcu9t5v0__oai211_2 are equivalent.

Class gf180mcu_fd_sc_mcu9t5v0__oai21_2 (0):  Merged 4 parallel devices.
Class gf180mcu_fd_sc_mcu9t5v0__oai21_2 (1):  Merged 4 parallel devices.
Subcircuit summary:
Circuit 1: gf180mcu_fd_sc_mcu9t5v0__oai21_ |Circuit 2: gf180mcu_fd_sc_mcu9t5v0__oai21_ 
-------------------------------------------|-------------------------------------------
pfet_05v0 (6->5)                           |pfet_05v0 (6->5)                           
nfet_05v0 (6->3)                           |nfet_05v0 (6->3)                           
Number of devices: 8                       |Number of devices: 8                       
Number of nets: 11                         |Number of nets: 11                         
---------------------------------------------------------------------------------------
Resolving symmetries by property value.
Resolving symmetries by pin name.
Resolving symmetries by net name.
Netlists match with 3 symmetries.

Subcircuit pins:
Circuit 1: gf180mcu_fd_sc_mcu9t5v0__oai21_ |Circuit 2: gf180mcu_fd_sc_mcu9t5v0__oai21_ 
-------------------------------------------|-------------------------------------------
VSS                                        |VSS                                        
ZN                                         |ZN                                         
VNW                                        |VNW                                        
B                                          |B                                          
VPW                                        |VPW                                        
A2                                         |A2                                         
A1                                         |A1                                         
VDD                                        |VDD                                        
---------------------------------------------------------------------------------------
Cell pin lists are equivalent.
Device classes gf180mcu_fd_sc_mcu9t5v0__oai21_2 and gf180mcu_fd_sc_mcu9t5v0__oai21_2 are equivalent.

Class gf180mcu_fd_sc_mcu9t5v0__inv_20 (0):  Merged 38 parallel devices.
Class gf180mcu_fd_sc_mcu9t5v0__inv_20 (1):  Merged 38 parallel devices.
Subcircuit summary:
Circuit 1: gf180mcu_fd_sc_mcu9t5v0__inv_20 |Circuit 2: gf180mcu_fd_sc_mcu9t5v0__inv_20 
-------------------------------------------|-------------------------------------------
pfet_05v0 (20->1)                          |pfet_05v0 (20->1)                          
nfet_05v0 (20->1)                          |nfet_05v0 (20->1)                          
Number of devices: 2                       |Number of devices: 2                       
Number of nets: 6                          |Number of nets: 6                          
---------------------------------------------------------------------------------------
Netlists match uniquely.

Subcircuit pins:
Circuit 1: gf180mcu_fd_sc_mcu9t5v0__inv_20 |Circuit 2: gf180mcu_fd_sc_mcu9t5v0__inv_20 
-------------------------------------------|-------------------------------------------
VSS                                        |VSS                                        
VPW                                        |VPW                                        
VDD                                        |VDD                                        
VNW                                        |VNW                                        
ZN                                         |ZN                                         
I                                          |I                                          
---------------------------------------------------------------------------------------
Cell pin lists are equivalent.
Device classes gf180mcu_fd_sc_mcu9t5v0__inv_20 and gf180mcu_fd_sc_mcu9t5v0__inv_20 are equivalent.

Class gf180mcu_fd_sc_mcu9t5v0__nand3_2 (0):  Merged 3 parallel devices.
Class gf180mcu_fd_sc_mcu9t5v0__nand3_2 (1):  Merged 3 parallel devices.
Subcircuit summary:
Circuit 1: gf180mcu_fd_sc_mcu9t5v0__nand3_ |Circuit 2: gf180mcu_fd_sc_mcu9t5v0__nand3_ 
-------------------------------------------|-------------------------------------------
pfet_05v0 (6->3)                           |pfet_05v0 (6->3)                           
nfet_05v0 (6)                              |nfet_05v0 (6)                              
Number of devices: 9                       |Number of devices: 9                       
Number of nets: 12                         |Number of nets: 12                         
---------------------------------------------------------------------------------------
Resolving symmetries by property value.
Resolving symmetries by pin name.
Resolving symmetries by net name.
Netlists match with 5 symmetries.

Subcircuit pins:
Circuit 1: gf180mcu_fd_sc_mcu9t5v0__nand3_ |Circuit 2: gf180mcu_fd_sc_mcu9t5v0__nand3_ 
-------------------------------------------|-------------------------------------------
VPW                                        |VPW                                        
VSS                                        |VSS                                        
ZN                                         |ZN                                         
A2                                         |A2                                         
A3                                         |A3                                         
A1                                         |A1                                         
VDD                                        |VDD                                        
VNW                                        |VNW                                        
---------------------------------------------------------------------------------------
Cell pin lists are equivalent.
Device classes gf180mcu_fd_sc_mcu9t5v0__nand3_2 and gf180mcu_fd_sc_mcu9t5v0__nand3_2 are equivalent.

Class gf180mcu_fd_sc_mcu9t5v0__or2_2 (0):  Merged 2 parallel devices.
Class gf180mcu_fd_sc_mcu9t5v0__or2_2 (1):  Merged 2 parallel devices.
Subcircuit summary:
Circuit 1: gf180mcu_fd_sc_mcu9t5v0__or2_2  |Circuit 2: gf180mcu_fd_sc_mcu9t5v0__or2_2  
-------------------------------------------|-------------------------------------------
nfet_05v0 (4->3)                           |nfet_05v0 (4->3)                           
pfet_05v0 (4->3)                           |pfet_05v0 (4->3)                           
Number of devices: 6                       |Number of devices: 6                       
Number of nets: 9                          |Number of nets: 9                          
---------------------------------------------------------------------------------------
Netlists match uniquely.

Subcircuit pins:
Circuit 1: gf180mcu_fd_sc_mcu9t5v0__or2_2  |Circuit 2: gf180mcu_fd_sc_mcu9t5v0__or2_2  
-------------------------------------------|-------------------------------------------
A1                                         |A1                                         
A2                                         |A2                                         
Z                                          |Z                                          
VDD                                        |VDD                                        
VSS                                        |VSS                                        
VPW                                        |VPW                                        
VNW                                        |VNW                                        
---------------------------------------------------------------------------------------
Cell pin lists are equivalent.
Device classes gf180mcu_fd_sc_mcu9t5v0__or2_2 and gf180mcu_fd_sc_mcu9t5v0__or2_2 are equivalent.

Class gf180mcu_fd_sc_mcu9t5v0__inv_3 (0):  Merged 4 parallel devices.
Class gf180mcu_fd_sc_mcu9t5v0__inv_3 (1):  Merged 4 parallel devices.
Subcircuit summary:
Circuit 1: gf180mcu_fd_sc_mcu9t5v0__inv_3  |Circuit 2: gf180mcu_fd_sc_mcu9t5v0__inv_3  
-------------------------------------------|-------------------------------------------
pfet_05v0 (3->1)                           |pfet_05v0 (3->1)                           
nfet_05v0 (3->1)                           |nfet_05v0 (3->1)                           
Number of devices: 2                       |Number of devices: 2                       
Number of nets: 6                          |Number of nets: 6                          
---------------------------------------------------------------------------------------
Netlists match uniquely.

Subcircuit pins:
Circuit 1: gf180mcu_fd_sc_mcu9t5v0__inv_3  |Circuit 2: gf180mcu_fd_sc_mcu9t5v0__inv_3  
-------------------------------------------|-------------------------------------------
VSS                                        |VSS                                        
VPW                                        |VPW                                        
VDD                                        |VDD                                        
VNW                                        |VNW                                        
ZN                                         |ZN                                         
I                                          |I                                          
---------------------------------------------------------------------------------------
Cell pin lists are equivalent.
Device classes gf180mcu_fd_sc_mcu9t5v0__inv_3 and gf180mcu_fd_sc_mcu9t5v0__inv_3 are equivalent.

Class gf180mcu_fd_sc_mcu9t5v0__and2_4 (0):  Merged 8 parallel devices.
Class gf180mcu_fd_sc_mcu9t5v0__and2_4 (1):  Merged 8 parallel devices.
Subcircuit summary:
Circuit 1: gf180mcu_fd_sc_mcu9t5v0__and2_4 |Circuit 2: gf180mcu_fd_sc_mcu9t5v0__and2_4 
-------------------------------------------|-------------------------------------------
pfet_05v0 (8->3)                           |pfet_05v0 (8->3)                           
nfet_05v0 (8->5)                           |nfet_05v0 (8->5)                           
Number of devices: 8                       |Number of devices: 8                       
Number of nets: 10                         |Number of nets: 10                         
---------------------------------------------------------------------------------------
Resolving symmetries by property value.
Resolving symmetries by pin name.
Resolving symmetries by net name.
Netlists match with 3 symmetries.

Subcircuit pins:
Circuit 1: gf180mcu_fd_sc_mcu9t5v0__and2_4 |Circuit 2: gf180mcu_fd_sc_mcu9t5v0__and2_4 
-------------------------------------------|-------------------------------------------
VPW                                        |VPW                                        
Z                                          |Z                                          
A2                                         |A2                                         
VSS                                        |VSS                                        
A1                                         |A1                                         
VDD                                        |VDD                                        
VNW                                        |VNW                                        
---------------------------------------------------------------------------------------
Cell pin lists are equivalent.
Device classes gf180mcu_fd_sc_mcu9t5v0__and2_4 and gf180mcu_fd_sc_mcu9t5v0__and2_4 are equivalent.

Class gf180mcu_fd_sc_mcu9t5v0__nand2_4 (0):  Merged 6 parallel devices.
Class gf180mcu_fd_sc_mcu9t5v0__nand2_4 (1):  Merged 6 parallel devices.
Subcircuit summary:
Circuit 1: gf180mcu_fd_sc_mcu9t5v0__nand2_ |Circuit 2: gf180mcu_fd_sc_mcu9t5v0__nand2_ 
-------------------------------------------|-------------------------------------------
pfet_05v0 (8->2)                           |pfet_05v0 (8->2)                           
nfet_05v0 (8)                              |nfet_05v0 (8)                              
Number of devices: 10                      |Number of devices: 10                      
Number of nets: 11                         |Number of nets: 11                         
---------------------------------------------------------------------------------------
Resolving symmetries by property value.
Resolving symmetries by pin name.
Resolving symmetries by net name.
Netlists match with 3 symmetries.

Subcircuit pins:
Circuit 1: gf180mcu_fd_sc_mcu9t5v0__nand2_ |Circuit 2: gf180mcu_fd_sc_mcu9t5v0__nand2_ 
-------------------------------------------|-------------------------------------------
VPW                                        |VPW                                        
VSS                                        |VSS                                        
ZN                                         |ZN                                         
A2                                         |A2                                         
A1                                         |A1                                         
VDD                                        |VDD                                        
VNW                                        |VNW                                        
---------------------------------------------------------------------------------------
Cell pin lists are equivalent.
Device classes gf180mcu_fd_sc_mcu9t5v0__nand2_4 and gf180mcu_fd_sc_mcu9t5v0__nand2_4 are equivalent.

Subcircuit summary:
Circuit 1: gf180mcu_fd_sc_mcu9t5v0__and4_1 |Circuit 2: gf180mcu_fd_sc_mcu9t5v0__and4_1 
-------------------------------------------|-------------------------------------------
pfet_05v0 (5)                              |pfet_05v0 (5)                              
nfet_05v0 (5)                              |nfet_05v0 (5)                              
Number of devices: 10                      |Number of devices: 10                      
Number of nets: 13                         |Number of nets: 13                         
---------------------------------------------------------------------------------------
Netlists match uniquely.

Subcircuit pins:
Circuit 1: gf180mcu_fd_sc_mcu9t5v0__and4_1 |Circuit 2: gf180mcu_fd_sc_mcu9t5v0__and4_1 
-------------------------------------------|-------------------------------------------
VPW                                        |VPW                                        
VDD                                        |VDD                                        
VNW                                        |VNW                                        
A1                                         |A1                                         
VSS                                        |VSS                                        
A4                                         |A4                                         
A3                                         |A3                                         
A2                                         |A2                                         
Z                                          |Z                                          
---------------------------------------------------------------------------------------
Cell pin lists are equivalent.
Device classes gf180mcu_fd_sc_mcu9t5v0__and4_1 and gf180mcu_fd_sc_mcu9t5v0__and4_1 are equivalent.

Class gf180mcu_fd_sc_mcu9t5v0__clkbuf_4 (0):  Merged 8 parallel devices.
Class gf180mcu_fd_sc_mcu9t5v0__clkbuf_4 (1):  Merged 8 parallel devices.
Subcircuit summary:
Circuit 1: gf180mcu_fd_sc_mcu9t5v0__clkbuf |Circuit 2: gf180mcu_fd_sc_mcu9t5v0__clkbuf 
-------------------------------------------|-------------------------------------------
nfet_05v0 (6->2)                           |nfet_05v0 (6->2)                           
pfet_05v0 (6->2)                           |pfet_05v0 (6->2)                           
Number of devices: 4                       |Number of devices: 4                       
Number of nets: 7                          |Number of nets: 7                          
---------------------------------------------------------------------------------------
Netlists match uniquely.

Subcircuit pins:
Circuit 1: gf180mcu_fd_sc_mcu9t5v0__clkbuf |Circuit 2: gf180mcu_fd_sc_mcu9t5v0__clkbuf 
-------------------------------------------|-------------------------------------------
I                                          |I                                          
VSS                                        |VSS                                        
VPW                                        |VPW                                        
Z                                          |Z                                          
VDD                                        |VDD                                        
VNW                                        |VNW                                        
---------------------------------------------------------------------------------------
Cell pin lists are equivalent.
Device classes gf180mcu_fd_sc_mcu9t5v0__clkbuf_4 and gf180mcu_fd_sc_mcu9t5v0__clkbuf_4 are equivalent.

Class gf180mcu_fd_sc_mcu9t5v0__clkinv_4 (0):  Merged 6 parallel devices.
Class gf180mcu_fd_sc_mcu9t5v0__clkinv_4 (1):  Merged 6 parallel devices.
Subcircuit summary:
Circuit 1: gf180mcu_fd_sc_mcu9t5v0__clkinv |Circuit 2: gf180mcu_fd_sc_mcu9t5v0__clkinv 
-------------------------------------------|-------------------------------------------
pfet_05v0 (4->1)                           |pfet_05v0 (4->1)                           
nfet_05v0 (4->1)                           |nfet_05v0 (4->1)                           
Number of devices: 2                       |Number of devices: 2                       
Number of nets: 6                          |Number of nets: 6                          
---------------------------------------------------------------------------------------
Netlists match uniquely.

Subcircuit pins:
Circuit 1: gf180mcu_fd_sc_mcu9t5v0__clkinv |Circuit 2: gf180mcu_fd_sc_mcu9t5v0__clkinv 
-------------------------------------------|-------------------------------------------
VSS                                        |VSS                                        
VPW                                        |VPW                                        
VDD                                        |VDD                                        
VNW                                        |VNW                                        
ZN                                         |ZN                                         
I                                          |I                                          
---------------------------------------------------------------------------------------
Cell pin lists are equivalent.
Device classes gf180mcu_fd_sc_mcu9t5v0__clkinv_4 and gf180mcu_fd_sc_mcu9t5v0__clkinv_4 are equivalent.

Class gf180mcu_fd_sc_mcu9t5v0__buf_3 (0):  Merged 4 parallel devices.
Class gf180mcu_fd_sc_mcu9t5v0__buf_3 (1):  Merged 4 parallel devices.
Subcircuit summary:
Circuit 1: gf180mcu_fd_sc_mcu9t5v0__buf_3  |Circuit 2: gf180mcu_fd_sc_mcu9t5v0__buf_3  
-------------------------------------------|-------------------------------------------
nfet_05v0 (4->2)                           |nfet_05v0 (4->2)                           
pfet_05v0 (4->2)                           |pfet_05v0 (4->2)                           
Number of devices: 4                       |Number of devices: 4                       
Number of nets: 7                          |Number of nets: 7                          
---------------------------------------------------------------------------------------
Netlists match uniquely.

Subcircuit pins:
Circuit 1: gf180mcu_fd_sc_mcu9t5v0__buf_3  |Circuit 2: gf180mcu_fd_sc_mcu9t5v0__buf_3  
-------------------------------------------|-------------------------------------------
VSS                                        |VSS                                        
I                                          |I                                          
VPW                                        |VPW                                        
Z                                          |Z                                          
VDD                                        |VDD                                        
VNW                                        |VNW                                        
---------------------------------------------------------------------------------------
Cell pin lists are equivalent.
Device classes gf180mcu_fd_sc_mcu9t5v0__buf_3 and gf180mcu_fd_sc_mcu9t5v0__buf_3 are equivalent.

Subcircuit summary:
Circuit 1: gf180mcu_fd_sc_mcu9t5v0__oai221 |Circuit 2: gf180mcu_fd_sc_mcu9t5v0__oai221 
-------------------------------------------|-------------------------------------------
nfet_05v0 (5)                              |nfet_05v0 (5)                              
pfet_05v0 (5)                              |pfet_05v0 (5)                              
Number of devices: 10                      |Number of devices: 10                      
Number of nets: 14                         |Number of nets: 14                         
---------------------------------------------------------------------------------------
Netlists match uniquely.

Subcircuit pins:
Circuit 1: gf180mcu_fd_sc_mcu9t5v0__oai221 |Circuit 2: gf180mcu_fd_sc_mcu9t5v0__oai221 
-------------------------------------------|-------------------------------------------
VPW                                        |VPW                                        
ZN                                         |ZN                                         
VNW                                        |VNW                                        
VSS                                        |VSS                                        
B2                                         |B2                                         
B1                                         |B1                                         
C                                          |C                                          
A2                                         |A2                                         
A1                                         |A1                                         
VDD                                        |VDD                                        
---------------------------------------------------------------------------------------
Cell pin lists are equivalent.
Device classes gf180mcu_fd_sc_mcu9t5v0__oai221_1 and gf180mcu_fd_sc_mcu9t5v0__oai221_1 are equivalent.

Subcircuit summary:
Circuit 1: gf180mcu_fd_sc_mcu9t5v0__aoi211 |Circuit 2: gf180mcu_fd_sc_mcu9t5v0__aoi211 
-------------------------------------------|-------------------------------------------
pfet_05v0 (4)                              |pfet_05v0 (4)                              
nfet_05v0 (4)                              |nfet_05v0 (4)                              
Number of devices: 8                       |Number of devices: 8                       
Number of nets: 12                         |Number of nets: 12                         
---------------------------------------------------------------------------------------
Netlists match uniquely.

Subcircuit pins:
Circuit 1: gf180mcu_fd_sc_mcu9t5v0__aoi211 |Circuit 2: gf180mcu_fd_sc_mcu9t5v0__aoi211 
-------------------------------------------|-------------------------------------------
VDD                                        |VDD                                        
VPW                                        |VPW                                        
VNW                                        |VNW                                        
VSS                                        |VSS                                        
A2                                         |A2                                         
A1                                         |A1                                         
B                                          |B                                          
C                                          |C                                          
ZN                                         |ZN                                         
---------------------------------------------------------------------------------------
Cell pin lists are equivalent.
Device classes gf180mcu_fd_sc_mcu9t5v0__aoi211_1 and gf180mcu_fd_sc_mcu9t5v0__aoi211_1 are equivalent.

Class gf180mcu_fd_sc_mcu9t5v0__and2_2 (0):  Merged 2 parallel devices.
Class gf180mcu_fd_sc_mcu9t5v0__and2_2 (1):  Merged 2 parallel devices.
Subcircuit summary:
Circuit 1: gf180mcu_fd_sc_mcu9t5v0__and2_2 |Circuit 2: gf180mcu_fd_sc_mcu9t5v0__and2_2 
-------------------------------------------|-------------------------------------------
pfet_05v0 (4->3)                           |pfet_05v0 (4->3)                           
nfet_05v0 (4->3)                           |nfet_05v0 (4->3)                           
Number of devices: 6                       |Number of devices: 6                       
Number of nets: 9                          |Number of nets: 9                          
---------------------------------------------------------------------------------------
Netlists match uniquely.

Subcircuit pins:
Circuit 1: gf180mcu_fd_sc_mcu9t5v0__and2_2 |Circuit 2: gf180mcu_fd_sc_mcu9t5v0__and2_2 
-------------------------------------------|-------------------------------------------
VPW                                        |VPW                                        
VDD                                        |VDD                                        
VNW                                        |VNW                                        
A1                                         |A1                                         
VSS                                        |VSS                                        
A2                                         |A2                                         
Z                                          |Z                                          
---------------------------------------------------------------------------------------
Cell pin lists are equivalent.
Device classes gf180mcu_fd_sc_mcu9t5v0__and2_2 and gf180mcu_fd_sc_mcu9t5v0__and2_2 are equivalent.

Class gf180mcu_fd_sc_mcu9t5v0__clkbuf_16 (0):  Merged 44 parallel devices.
Class gf180mcu_fd_sc_mcu9t5v0__clkbuf_16 (1):  Merged 44 parallel devices.
Subcircuit summary:
Circuit 1: gf180mcu_fd_sc_mcu9t5v0__clkbuf |Circuit 2: gf180mcu_fd_sc_mcu9t5v0__clkbuf 
-------------------------------------------|-------------------------------------------
nfet_05v0 (24->2)                          |nfet_05v0 (24->2)                          
pfet_05v0 (24->2)                          |pfet_05v0 (24->2)                          
Number of devices: 4                       |Number of devices: 4                       
Number of nets: 7                          |Number of nets: 7                          
---------------------------------------------------------------------------------------
Netlists match uniquely.

Subcircuit pins:
Circuit 1: gf180mcu_fd_sc_mcu9t5v0__clkbuf |Circuit 2: gf180mcu_fd_sc_mcu9t5v0__clkbuf 
-------------------------------------------|-------------------------------------------
I                                          |I                                          
VSS                                        |VSS                                        
VPW                                        |VPW                                        
Z                                          |Z                                          
VDD                                        |VDD                                        
VNW                                        |VNW                                        
---------------------------------------------------------------------------------------
Cell pin lists are equivalent.
Device classes gf180mcu_fd_sc_mcu9t5v0__clkbuf_16 and gf180mcu_fd_sc_mcu9t5v0__clkbuf_16 are equivalent.

Class gf180mcu_fd_sc_mcu9t5v0__clkbuf_2 (0):  Merged 2 parallel devices.
Class gf180mcu_fd_sc_mcu9t5v0__clkbuf_2 (1):  Merged 2 parallel devices.
Subcircuit summary:
Circuit 1: gf180mcu_fd_sc_mcu9t5v0__clkbuf |Circuit 2: gf180mcu_fd_sc_mcu9t5v0__clkbuf 
-------------------------------------------|-------------------------------------------
nfet_05v0 (3->2)                           |nfet_05v0 (3->2)                           
pfet_05v0 (3->2)                           |pfet_05v0 (3->2)                           
Number of devices: 4                       |Number of devices: 4                       
Number of nets: 7                          |Number of nets: 7                          
---------------------------------------------------------------------------------------
Netlists match uniquely.

Subcircuit pins:
Circuit 1: gf180mcu_fd_sc_mcu9t5v0__clkbuf |Circuit 2: gf180mcu_fd_sc_mcu9t5v0__clkbuf 
-------------------------------------------|-------------------------------------------
VSS                                        |VSS                                        
I                                          |I                                          
VPW                                        |VPW                                        
Z                                          |Z                                          
VDD                                        |VDD                                        
VNW                                        |VNW                                        
---------------------------------------------------------------------------------------
Cell pin lists are equivalent.
Device classes gf180mcu_fd_sc_mcu9t5v0__clkbuf_2 and gf180mcu_fd_sc_mcu9t5v0__clkbuf_2 are equivalent.

Subcircuit summary:
Circuit 1: gf180mcu_fd_sc_mcu9t5v0__inv_1  |Circuit 2: gf180mcu_fd_sc_mcu9t5v0__inv_1  
-------------------------------------------|-------------------------------------------
pfet_05v0 (1)                              |pfet_05v0 (1)                              
nfet_05v0 (1)                              |nfet_05v0 (1)                              
Number of devices: 2                       |Number of devices: 2                       
Number of nets: 6                          |Number of nets: 6                          
---------------------------------------------------------------------------------------
Netlists match uniquely.

Subcircuit pins:
Circuit 1: gf180mcu_fd_sc_mcu9t5v0__inv_1  |Circuit 2: gf180mcu_fd_sc_mcu9t5v0__inv_1  
-------------------------------------------|-------------------------------------------
VSS                                        |VSS                                        
VPW                                        |VPW                                        
VDD                                        |VDD                                        
VNW                                        |VNW                                        
ZN                                         |ZN                                         
I                                          |I                                          
---------------------------------------------------------------------------------------
Cell pin lists are equivalent.
Device classes gf180mcu_fd_sc_mcu9t5v0__inv_1 and gf180mcu_fd_sc_mcu9t5v0__inv_1 are equivalent.

Class gf180mcu_fd_sc_mcu9t5v0__aoi221_4 (0):  Merged 18 parallel devices.
Class gf180mcu_fd_sc_mcu9t5v0__aoi221_4 (1):  Merged 18 parallel devices.
Subcircuit summary:
Circuit 1: gf180mcu_fd_sc_mcu9t5v0__aoi221 |Circuit 2: gf180mcu_fd_sc_mcu9t5v0__aoi221 
-------------------------------------------|-------------------------------------------
pfet_05v0 (20->5)                          |pfet_05v0 (20->5)                          
nfet_05v0 (20->17)                         |nfet_05v0 (20->17)                         
Number of devices: 22                      |Number of devices: 22                      
Number of nets: 20                         |Number of nets: 20                         
---------------------------------------------------------------------------------------
Resolving symmetries by property value.
Resolving symmetries by pin name.
Resolving symmetries by net name.
Netlists match with 6 symmetries.

Subcircuit pins:
Circuit 1: gf180mcu_fd_sc_mcu9t5v0__aoi221 |Circuit 2: gf180mcu_fd_sc_mcu9t5v0__aoi221 
-------------------------------------------|-------------------------------------------
VPW                                        |VPW                                        
VSS                                        |VSS                                        
ZN                                         |ZN                                         
B1                                         |B1                                         
B2                                         |B2                                         
A1                                         |A1                                         
A2                                         |A2                                         
VNW                                        |VNW                                        
C                                          |C                                          
VDD                                        |VDD                                        
---------------------------------------------------------------------------------------
Cell pin lists are equivalent.
Device classes gf180mcu_fd_sc_mcu9t5v0__aoi221_4 and gf180mcu_fd_sc_mcu9t5v0__aoi221_4 are equivalent.

Subcircuit summary:
Circuit 1: gf180mcu_fd_sc_mcu9t5v0__dffsnq |Circuit 2: gf180mcu_fd_sc_mcu9t5v0__dffsnq 
-------------------------------------------|-------------------------------------------
pfet_05v0 (14)                             |pfet_05v0 (14)                             
nfet_05v0 (14)                             |nfet_05v0 (14)                             
Number of devices: 28                      |Number of devices: 28                      
Number of nets: 20                         |Number of nets: 20                         
---------------------------------------------------------------------------------------
Netlists match uniquely.

Subcircuit pins:
Circuit 1: gf180mcu_fd_sc_mcu9t5v0__dffsnq |Circuit 2: gf180mcu_fd_sc_mcu9t5v0__dffsnq 
-------------------------------------------|-------------------------------------------
CLK                                        |CLK                                        
D                                          |D                                          
Q                                          |Q                                          
VSS                                        |VSS                                        
VPW                                        |VPW                                        
VNW                                        |VNW                                        
SETN                                       |SETN                                       
VDD                                        |VDD                                        
---------------------------------------------------------------------------------------
Cell pin lists are equivalent.
Device classes gf180mcu_fd_sc_mcu9t5v0__dffsnq_1 and gf180mcu_fd_sc_mcu9t5v0__dffsnq_1 are equivalent.

Class gf180mcu_fd_sc_mcu9t5v0__oai32_4 (0):  Merged 17 parallel devices.
Class gf180mcu_fd_sc_mcu9t5v0__oai32_4 (1):  Merged 17 parallel devices.
Subcircuit summary:
Circuit 1: gf180mcu_fd_sc_mcu9t5v0__oai32_ |Circuit 2: gf180mcu_fd_sc_mcu9t5v0__oai32_ 
-------------------------------------------|-------------------------------------------
nfet_05v0 (20->5)                          |nfet_05v0 (20->5)                          
pfet_05v0 (20->18)                         |pfet_05v0 (20->18)                         
Number of devices: 23                      |Number of devices: 23                      
Number of nets: 21                         |Number of nets: 21                         
---------------------------------------------------------------------------------------
Resolving symmetries by property value.
Resolving symmetries by pin name.
Resolving symmetries by net name.
Netlists match with 6 symmetries.

Subcircuit pins:
Circuit 1: gf180mcu_fd_sc_mcu9t5v0__oai32_ |Circuit 2: gf180mcu_fd_sc_mcu9t5v0__oai32_ 
-------------------------------------------|-------------------------------------------
VSS                                        |VSS                                        
A1                                         |A1                                         
VNW                                        |VNW                                        
ZN                                         |ZN                                         
VDD                                        |VDD                                        
A2                                         |A2                                         
VPW                                        |VPW                                        
A3                                         |A3                                         
B2                                         |B2                                         
B1                                         |B1                                         
---------------------------------------------------------------------------------------
Cell pin lists are equivalent.
Device classes gf180mcu_fd_sc_mcu9t5v0__oai32_4 and gf180mcu_fd_sc_mcu9t5v0__oai32_4 are equivalent.

Class gf180mcu_fd_sc_mcu9t5v0__clkinv_20 (0):  Merged 38 parallel devices.
Class gf180mcu_fd_sc_mcu9t5v0__clkinv_20 (1):  Merged 38 parallel devices.
Subcircuit summary:
Circuit 1: gf180mcu_fd_sc_mcu9t5v0__clkinv |Circuit 2: gf180mcu_fd_sc_mcu9t5v0__clkinv 
-------------------------------------------|-------------------------------------------
nfet_05v0 (20->1)                          |nfet_05v0 (20->1)                          
pfet_05v0 (20->1)                          |pfet_05v0 (20->1)                          
Number of devices: 2                       |Number of devices: 2                       
Number of nets: 6                          |Number of nets: 6                          
---------------------------------------------------------------------------------------
Netlists match uniquely.

Subcircuit pins:
Circuit 1: gf180mcu_fd_sc_mcu9t5v0__clkinv |Circuit 2: gf180mcu_fd_sc_mcu9t5v0__clkinv 
-------------------------------------------|-------------------------------------------
ZN                                         |ZN                                         
I                                          |I                                          
VSS                                        |VSS                                        
VPW                                        |VPW                                        
VDD                                        |VDD                                        
VNW                                        |VNW                                        
---------------------------------------------------------------------------------------
Cell pin lists are equivalent.
Device classes gf180mcu_fd_sc_mcu9t5v0__clkinv_20 and gf180mcu_fd_sc_mcu9t5v0__clkinv_20 are equivalent.

Class gf180mcu_fd_sc_mcu9t5v0__buf_8 (0):  Merged 20 parallel devices.
Class gf180mcu_fd_sc_mcu9t5v0__buf_8 (1):  Merged 20 parallel devices.
Subcircuit summary:
Circuit 1: gf180mcu_fd_sc_mcu9t5v0__buf_8  |Circuit 2: gf180mcu_fd_sc_mcu9t5v0__buf_8  
-------------------------------------------|-------------------------------------------
pfet_05v0 (12->2)                          |pfet_05v0 (12->2)                          
nfet_05v0 (12->2)                          |nfet_05v0 (12->2)                          
Number of devices: 4                       |Number of devices: 4                       
Number of nets: 7                          |Number of nets: 7                          
---------------------------------------------------------------------------------------
Netlists match uniquely.

Subcircuit pins:
Circuit 1: gf180mcu_fd_sc_mcu9t5v0__buf_8  |Circuit 2: gf180mcu_fd_sc_mcu9t5v0__buf_8  
-------------------------------------------|-------------------------------------------
I                                          |I                                          
VSS                                        |VSS                                        
VPW                                        |VPW                                        
Z                                          |Z                                          
VDD                                        |VDD                                        
VNW                                        |VNW                                        
---------------------------------------------------------------------------------------
Cell pin lists are equivalent.
Device classes gf180mcu_fd_sc_mcu9t5v0__buf_8 and gf180mcu_fd_sc_mcu9t5v0__buf_8 are equivalent.

Class gf180mcu_fd_sc_mcu9t5v0__inv_8 (0):  Merged 14 parallel devices.
Class gf180mcu_fd_sc_mcu9t5v0__inv_8 (1):  Merged 14 parallel devices.
Subcircuit summary:
Circuit 1: gf180mcu_fd_sc_mcu9t5v0__inv_8  |Circuit 2: gf180mcu_fd_sc_mcu9t5v0__inv_8  
-------------------------------------------|-------------------------------------------
pfet_05v0 (8->1)                           |pfet_05v0 (8->1)                           
nfet_05v0 (8->1)                           |nfet_05v0 (8->1)                           
Number of devices: 2                       |Number of devices: 2                       
Number of nets: 6                          |Number of nets: 6                          
---------------------------------------------------------------------------------------
Netlists match uniquely.

Subcircuit pins:
Circuit 1: gf180mcu_fd_sc_mcu9t5v0__inv_8  |Circuit 2: gf180mcu_fd_sc_mcu9t5v0__inv_8  
-------------------------------------------|-------------------------------------------
VSS                                        |VSS                                        
VPW                                        |VPW                                        
VDD                                        |VDD                                        
VNW                                        |VNW                                        
ZN                                         |ZN                                         
I                                          |I                                          
---------------------------------------------------------------------------------------
Cell pin lists are equivalent.
Device classes gf180mcu_fd_sc_mcu9t5v0__inv_8 and gf180mcu_fd_sc_mcu9t5v0__inv_8 are equivalent.

Class gf180mcu_fd_sc_mcu9t5v0__oai222_2 (0):  Merged 6 parallel devices.
Class gf180mcu_fd_sc_mcu9t5v0__oai222_2 (1):  Merged 6 parallel devices.
Subcircuit summary:
Circuit 1: gf180mcu_fd_sc_mcu9t5v0__oai222 |Circuit 2: gf180mcu_fd_sc_mcu9t5v0__oai222 
-------------------------------------------|-------------------------------------------
nfet_05v0 (12->6)                          |nfet_05v0 (12->6)                          
pfet_05v0 (12)                             |pfet_05v0 (12)                             
Number of devices: 18                      |Number of devices: 18                      
Number of nets: 19                         |Number of nets: 19                         
---------------------------------------------------------------------------------------
Resolving symmetries by property value.
Resolving symmetries by pin name.
Resolving symmetries by net name.
Netlists match with 9 symmetries.

Subcircuit pins:
Circuit 1: gf180mcu_fd_sc_mcu9t5v0__oai222 |Circuit 2: gf180mcu_fd_sc_mcu9t5v0__oai222 
-------------------------------------------|-------------------------------------------
VNW                                        |VNW                                        
VSS                                        |VSS                                        
VPW                                        |VPW                                        
VDD                                        |VDD                                        
C1                                         |C1                                         
C2                                         |C2                                         
B1                                         |B1                                         
B2                                         |B2                                         
A1                                         |A1                                         
A2                                         |A2                                         
ZN                                         |ZN                                         
---------------------------------------------------------------------------------------
Cell pin lists are equivalent.
Device classes gf180mcu_fd_sc_mcu9t5v0__oai222_2 and gf180mcu_fd_sc_mcu9t5v0__oai222_2 are equivalent.

Class gf180mcu_fd_sc_mcu9t5v0__oai32_2 (0):  Merged 5 parallel devices.
Class gf180mcu_fd_sc_mcu9t5v0__oai32_2 (1):  Merged 5 parallel devices.
Subcircuit summary:
Circuit 1: gf180mcu_fd_sc_mcu9t5v0__oai32_ |Circuit 2: gf180mcu_fd_sc_mcu9t5v0__oai32_ 
-------------------------------------------|-------------------------------------------
nfet_05v0 (10->5)                          |nfet_05v0 (10->5)                          
pfet_05v0 (10)                             |pfet_05v0 (10)                             
Number of devices: 15                      |Number of devices: 15                      
Number of nets: 17                         |Number of nets: 17                         
---------------------------------------------------------------------------------------
Resolving symmetries by property value.
Resolving symmetries by pin name.
Resolving symmetries by net name.
Netlists match with 8 symmetries.

Subcircuit pins:
Circuit 1: gf180mcu_fd_sc_mcu9t5v0__oai32_ |Circuit 2: gf180mcu_fd_sc_mcu9t5v0__oai32_ 
-------------------------------------------|-------------------------------------------
VNW                                        |VNW                                        
VDD                                        |VDD                                        
ZN                                         |ZN                                         
VSS                                        |VSS                                        
A3                                         |A3                                         
A2                                         |A2                                         
A1                                         |A1                                         
B2                                         |B2                                         
B1                                         |B1                                         
VPW                                        |VPW                                        
---------------------------------------------------------------------------------------
Cell pin lists are equivalent.
Device classes gf180mcu_fd_sc_mcu9t5v0__oai32_2 and gf180mcu_fd_sc_mcu9t5v0__oai32_2 are equivalent.

Cell gf180mcu_fd_ip_sram__sram256x8m8wm1 (0) disconnected node: CLK
Cell gf180mcu_fd_ip_sram__sram256x8m8wm1 (0) disconnected node: D[0]
Cell gf180mcu_fd_ip_sram__sram256x8m8wm1 (0) disconnected node: A[7]
Cell gf180mcu_fd_ip_sram__sram256x8m8wm1 (0) disconnected node: A[2]
Cell gf180mcu_fd_ip_sram__sram256x8m8wm1 (0) disconnected node: A[1]
Cell gf180mcu_fd_ip_sram__sram256x8m8wm1 (0) disconnected node: A[0]
Cell gf180mcu_fd_ip_sram__sram256x8m8wm1 (0) disconnected node: Q[2]
Cell gf180mcu_fd_ip_sram__sram256x8m8wm1 (0) disconnected node: Q[3]
Cell gf180mcu_fd_ip_sram__sram256x8m8wm1 (0) disconnected node: CEN
Cell gf180mcu_fd_ip_sram__sram256x8m8wm1 (0) disconnected node: A[5]
Cell gf180mcu_fd_ip_sram__sram256x8m8wm1 (0) disconnected node: A[6]
Cell gf180mcu_fd_ip_sram__sram256x8m8wm1 (0) disconnected node: A[4]
Cell gf180mcu_fd_ip_sram__sram256x8m8wm1 (0) disconnected node: WEN[3]
Cell gf180mcu_fd_ip_sram__sram256x8m8wm1 (0) disconnected node: D[3]
Cell gf180mcu_fd_ip_sram__sram256x8m8wm1 (0) disconnected node: D[1]
Cell gf180mcu_fd_ip_sram__sram256x8m8wm1 (0) disconnected node: D[2]
Cell gf180mcu_fd_ip_sram__sram256x8m8wm1 (0) disconnected node: A[3]
Cell gf180mcu_fd_ip_sram__sram256x8m8wm1 (0) disconnected node: Q[1]
Cell gf180mcu_fd_ip_sram__sram256x8m8wm1 (0) disconnected node: Q[6]
Cell gf180mcu_fd_ip_sram__sram256x8m8wm1 (0) disconnected node: D[5]
Cell gf180mcu_fd_ip_sram__sram256x8m8wm1 (0) disconnected node: Q[4]
Cell gf180mcu_fd_ip_sram__sram256x8m8wm1 (0) disconnected node: WEN[5]
Cell gf180mcu_fd_ip_sram__sram256x8m8wm1 (0) disconnected node: WEN[2]
Cell gf180mcu_fd_ip_sram__sram256x8m8wm1 (0) disconnected node: WEN[1]
Cell gf180mcu_fd_ip_sram__sram256x8m8wm1 (0) disconnected node: WEN[4]
Cell gf180mcu_fd_ip_sram__sram256x8m8wm1 (0) disconnected node: WEN[7]
Cell gf180mcu_fd_ip_sram__sram256x8m8wm1 (0) disconnected node: WEN[6]
Cell gf180mcu_fd_ip_sram__sram256x8m8wm1 (0) disconnected node: D[6]
Cell gf180mcu_fd_ip_sram__sram256x8m8wm1 (0) disconnected node: Q[5]
Cell gf180mcu_fd_ip_sram__sram256x8m8wm1 (0) disconnected node: Q[0]
Cell gf180mcu_fd_ip_sram__sram256x8m8wm1 (0) disconnected node: GWEN
Cell gf180mcu_fd_ip_sram__sram256x8m8wm1 (0) disconnected node: WEN[0]
Cell gf180mcu_fd_ip_sram__sram256x8m8wm1 (0) disconnected node: D[4]
Cell gf180mcu_fd_ip_sram__sram256x8m8wm1 (0) disconnected node: D[7]
Cell gf180mcu_fd_ip_sram__sram256x8m8wm1 (0) disconnected node: Q[7]
Cell gf180mcu_fd_ip_sram__sram256x8m8wm1 (0) disconnected node: VSS
Cell gf180mcu_fd_ip_sram__sram256x8m8wm1 (0) disconnected node: VDD

Subcircuit pins:
Circuit 1: gf180mcu_fd_ip_sram__sram256x8m |Circuit 2: gf180mcu_fd_ip_sram__sram256x8m 
-------------------------------------------|-------------------------------------------
CLK                                        |CLK                                        
D[0]                                       |D[0]                                       
A[7]                                       |A[7]                                       
A[2]                                       |A[2]                                       
A[1]                                       |A[1]                                       
A[0]                                       |A[0]                                       
Q[2]                                       |Q[2]                                       
Q[3]                                       |Q[3]                                       
CEN                                        |CEN                                        
A[5]                                       |A[5]                                       
A[6]                                       |A[6]                                       
A[4]                                       |A[4]                                       
WEN[3]                                     |WEN[3]                                     
D[3]                                       |D[3]                                       
D[1]                                       |D[1]                                       
D[2]                                       |D[2]                                       
A[3]                                       |A[3]                                       
Q[1]                                       |Q[1]                                       
Q[6]                                       |Q[6]                                       
D[5]                                       |D[5]                                       
Q[4]                                       |Q[4]                                       
WEN[5]                                     |WEN[5]                                     
WEN[2]                                     |WEN[2]                                     
WEN[1]                                     |WEN[1]                                     
WEN[4]                                     |WEN[4]                                     
WEN[7]                                     |WEN[7]                                     
WEN[6]                                     |WEN[6]                                     
D[6]                                       |D[6]                                       
Q[5]                                       |Q[5]                                       
Q[0]                                       |Q[0]                                       
GWEN                                       |GWEN                                       
WEN[0]                                     |WEN[0]                                     
D[4]                                       |D[4]                                       
D[7]                                       |D[7]                                       
Q[7]                                       |Q[7]                                       
VSS                                        |VSS                                        
VDD                                        |VDD                                        
---------------------------------------------------------------------------------------
Cell pin lists are equivalent.
Device classes gf180mcu_fd_ip_sram__sram256x8m8wm1 and gf180mcu_fd_ip_sram__sram256x8m8wm1 are equivalent.

Class gf180mcu_fd_sc_mcu9t5v0__nor4_4 (0):  Merged 12 parallel devices.
Class gf180mcu_fd_sc_mcu9t5v0__nor4_4 (1):  Merged 12 parallel devices.
Subcircuit summary:
Circuit 1: gf180mcu_fd_sc_mcu9t5v0__nor4_4 |Circuit 2: gf180mcu_fd_sc_mcu9t5v0__nor4_4 
-------------------------------------------|-------------------------------------------
nfet_05v0 (16->4)                          |nfet_05v0 (16->4)                          
pfet_05v0 (16)                             |pfet_05v0 (16)                             
Number of devices: 20                      |Number of devices: 20                      
Number of nets: 19                         |Number of nets: 19                         
---------------------------------------------------------------------------------------
Resolving symmetries by property value.
Resolving symmetries by pin name.
Resolving symmetries by net name.
Netlists match with 6 symmetries.

Subcircuit pins:
Circuit 1: gf180mcu_fd_sc_mcu9t5v0__nor4_4 |Circuit 2: gf180mcu_fd_sc_mcu9t5v0__nor4_4 
-------------------------------------------|-------------------------------------------
VNW                                        |VNW                                        
VSS                                        |VSS                                        
VPW                                        |VPW                                        
VDD                                        |VDD                                        
A4                                         |A4                                         
A3                                         |A3                                         
A2                                         |A2                                         
A1                                         |A1                                         
ZN                                         |ZN                                         
---------------------------------------------------------------------------------------
Cell pin lists are equivalent.
Device classes gf180mcu_fd_sc_mcu9t5v0__nor4_4 and gf180mcu_fd_sc_mcu9t5v0__nor4_4 are equivalent.

Class gf180mcu_fd_sc_mcu9t5v0__or4_2 (0):  Merged 2 parallel devices.
Class gf180mcu_fd_sc_mcu9t5v0__or4_2 (1):  Merged 2 parallel devices.
Subcircuit summary:
Circuit 1: gf180mcu_fd_sc_mcu9t5v0__or4_2  |Circuit 2: gf180mcu_fd_sc_mcu9t5v0__or4_2  
-------------------------------------------|-------------------------------------------
nfet_05v0 (6->5)                           |nfet_05v0 (6->5)                           
pfet_05v0 (6->5)                           |pfet_05v0 (6->5)                           
Number of devices: 10                      |Number of devices: 10                      
Number of nets: 13                         |Number of nets: 13                         
---------------------------------------------------------------------------------------
Netlists match uniquely.

Subcircuit pins:
Circuit 1: gf180mcu_fd_sc_mcu9t5v0__or4_2  |Circuit 2: gf180mcu_fd_sc_mcu9t5v0__or4_2  
-------------------------------------------|-------------------------------------------
A1                                         |A1                                         
A3                                         |A3                                         
A2                                         |A2                                         
A4                                         |A4                                         
Z                                          |Z                                          
VDD                                        |VDD                                        
VSS                                        |VSS                                        
VPW                                        |VPW                                        
VNW                                        |VNW                                        
---------------------------------------------------------------------------------------
Cell pin lists are equivalent.
Device classes gf180mcu_fd_sc_mcu9t5v0__or4_2 and gf180mcu_fd_sc_mcu9t5v0__or4_2 are equivalent.

Class gf180mcu_fd_sc_mcu9t5v0__xnor3_2 (0):  Merged 2 parallel devices.
Class gf180mcu_fd_sc_mcu9t5v0__xnor3_2 (1):  Merged 2 parallel devices.
Subcircuit summary:
Circuit 1: gf180mcu_fd_sc_mcu9t5v0__xnor3_ |Circuit 2: gf180mcu_fd_sc_mcu9t5v0__xnor3_ 
-------------------------------------------|-------------------------------------------
nfet_05v0 (12->11)                         |nfet_05v0 (12->11)                         
pfet_05v0 (12->11)                         |pfet_05v0 (12->11)                         
Number of devices: 22                      |Number of devices: 22                      
Number of nets: 18                         |Number of nets: 18                         
---------------------------------------------------------------------------------------
Netlists match uniquely.

Subcircuit pins:
Circuit 1: gf180mcu_fd_sc_mcu9t5v0__xnor3_ |Circuit 2: gf180mcu_fd_sc_mcu9t5v0__xnor3_ 
-------------------------------------------|-------------------------------------------
A2                                         |A2                                         
A1                                         |A1                                         
A3                                         |A3                                         
ZN                                         |ZN                                         
VPW                                        |VPW                                        
VNW                                        |VNW                                        
VSS                                        |VSS                                        
VDD                                        |VDD                                        
---------------------------------------------------------------------------------------
Cell pin lists are equivalent.
Device classes gf180mcu_fd_sc_mcu9t5v0__xnor3_2 and gf180mcu_fd_sc_mcu9t5v0__xnor3_2 are equivalent.

Class gf180mcu_fd_sc_mcu9t5v0__and4_4 (0):  Merged 10 parallel devices.
Class gf180mcu_fd_sc_mcu9t5v0__and4_4 (1):  Merged 10 parallel devices.
Subcircuit summary:
Circuit 1: gf180mcu_fd_sc_mcu9t5v0__and4_4 |Circuit 2: gf180mcu_fd_sc_mcu9t5v0__and4_4 
-------------------------------------------|-------------------------------------------
pfet_05v0 (12->5)                          |pfet_05v0 (12->5)                          
nfet_05v0 (12->9)                          |nfet_05v0 (12->9)                          
Number of devices: 14                      |Number of devices: 14                      
Number of nets: 16                         |Number of nets: 16                         
---------------------------------------------------------------------------------------
Resolving symmetries by property value.
Resolving symmetries by pin name.
Resolving symmetries by net name.
Netlists match with 7 symmetries.

Subcircuit pins:
Circuit 1: gf180mcu_fd_sc_mcu9t5v0__and4_4 |Circuit 2: gf180mcu_fd_sc_mcu9t5v0__and4_4 
-------------------------------------------|-------------------------------------------
VPW                                        |VPW                                        
Z                                          |Z                                          
A4                                         |A4                                         
VSS                                        |VSS                                        
A3                                         |A3                                         
A2                                         |A2                                         
A1                                         |A1                                         
VDD                                        |VDD                                        
VNW                                        |VNW                                        
---------------------------------------------------------------------------------------
Cell pin lists are equivalent.
Device classes gf180mcu_fd_sc_mcu9t5v0__and4_4 and gf180mcu_fd_sc_mcu9t5v0__and4_4 are equivalent.

Class gf180mcu_fd_sc_mcu9t5v0__buf_20 (0):  Merged 56 parallel devices.
Class gf180mcu_fd_sc_mcu9t5v0__buf_20 (1):  Merged 56 parallel devices.
Subcircuit summary:
Circuit 1: gf180mcu_fd_sc_mcu9t5v0__buf_20 |Circuit 2: gf180mcu_fd_sc_mcu9t5v0__buf_20 
-------------------------------------------|-------------------------------------------
nfet_05v0 (30->2)                          |nfet_05v0 (30->2)                          
pfet_05v0 (30->2)                          |pfet_05v0 (30->2)                          
Number of devices: 4                       |Number of devices: 4                       
Number of nets: 7                          |Number of nets: 7                          
---------------------------------------------------------------------------------------
Netlists match uniquely.

Subcircuit pins:
Circuit 1: gf180mcu_fd_sc_mcu9t5v0__buf_20 |Circuit 2: gf180mcu_fd_sc_mcu9t5v0__buf_20 
-------------------------------------------|-------------------------------------------
I                                          |I                                          
VSS                                        |VSS                                        
VPW                                        |VPW                                        
Z                                          |Z                                          
VDD                                        |VDD                                        
VNW                                        |VNW                                        
---------------------------------------------------------------------------------------
Cell pin lists are equivalent.
Device classes gf180mcu_fd_sc_mcu9t5v0__buf_20 and gf180mcu_fd_sc_mcu9t5v0__buf_20 are equivalent.

Class gf180mcu_fd_sc_mcu9t5v0__and4_2 (0):  Merged 2 parallel devices.
Class gf180mcu_fd_sc_mcu9t5v0__and4_2 (1):  Merged 2 parallel devices.
Subcircuit summary:
Circuit 1: gf180mcu_fd_sc_mcu9t5v0__and4_2 |Circuit 2: gf180mcu_fd_sc_mcu9t5v0__and4_2 
-------------------------------------------|-------------------------------------------
nfet_05v0 (6->5)                           |nfet_05v0 (6->5)                           
pfet_05v0 (6->5)                           |pfet_05v0 (6->5)                           
Number of devices: 10                      |Number of devices: 10                      
Number of nets: 13                         |Number of nets: 13                         
---------------------------------------------------------------------------------------
Netlists match uniquely.

Subcircuit pins:
Circuit 1: gf180mcu_fd_sc_mcu9t5v0__and4_2 |Circuit 2: gf180mcu_fd_sc_mcu9t5v0__and4_2 
-------------------------------------------|-------------------------------------------
VPW                                        |VPW                                        
VDD                                        |VDD                                        
VNW                                        |VNW                                        
A1                                         |A1                                         
VSS                                        |VSS                                        
A4                                         |A4                                         
A3                                         |A3                                         
A2                                         |A2                                         
Z                                          |Z                                          
---------------------------------------------------------------------------------------
Cell pin lists are equivalent.
Device classes gf180mcu_fd_sc_mcu9t5v0__and4_2 and gf180mcu_fd_sc_mcu9t5v0__and4_2 are equivalent.

Class gf180mcu_fd_sc_mcu9t5v0__oai221_4 (0):  Merged 18 parallel devices.
Class gf180mcu_fd_sc_mcu9t5v0__oai221_4 (1):  Merged 18 parallel devices.
Subcircuit summary:
Circuit 1: gf180mcu_fd_sc_mcu9t5v0__oai221 |Circuit 2: gf180mcu_fd_sc_mcu9t5v0__oai221 
-------------------------------------------|-------------------------------------------
pfet_05v0 (20->17)                         |pfet_05v0 (20->17)                         
nfet_05v0 (20->5)                          |nfet_05v0 (20->5)                          
Number of devices: 22                      |Number of devices: 22                      
Number of nets: 20                         |Number of nets: 20                         
---------------------------------------------------------------------------------------
Resolving symmetries by property value.
Resolving symmetries by pin name.
Resolving symmetries by net name.
Netlists match with 6 symmetries.

Subcircuit pins:
Circuit 1: gf180mcu_fd_sc_mcu9t5v0__oai221 |Circuit 2: gf180mcu_fd_sc_mcu9t5v0__oai221 
-------------------------------------------|-------------------------------------------
ZN                                         |ZN                                         
VNW                                        |VNW                                        
VSS                                        |VSS                                        
C                                          |C                                          
B1                                         |B1                                         
VPW                                        |VPW                                        
B2                                         |B2                                         
A1                                         |A1                                         
A2                                         |A2                                         
VDD                                        |VDD                                        
---------------------------------------------------------------------------------------
Cell pin lists are equivalent.
Device classes gf180mcu_fd_sc_mcu9t5v0__oai221_4 and gf180mcu_fd_sc_mcu9t5v0__oai221_4 are equivalent.

Class gf180mcu_fd_sc_mcu9t5v0__aoi211_2 (0):  Merged 4 parallel devices.
Class gf180mcu_fd_sc_mcu9t5v0__aoi211_2 (1):  Merged 4 parallel devices.
Subcircuit summary:
Circuit 1: gf180mcu_fd_sc_mcu9t5v0__aoi211 |Circuit 2: gf180mcu_fd_sc_mcu9t5v0__aoi211 
-------------------------------------------|-------------------------------------------
pfet_05v0 (8->6)                           |pfet_05v0 (8->6)                           
nfet_05v0 (8->6)                           |nfet_05v0 (8->6)                           
Number of devices: 12                      |Number of devices: 12                      
Number of nets: 14                         |Number of nets: 14                         
---------------------------------------------------------------------------------------
Resolving symmetries by property value.
Resolving symmetries by pin name.
Resolving symmetries by net name.
Netlists match with 6 symmetries.

Subcircuit pins:
Circuit 1: gf180mcu_fd_sc_mcu9t5v0__aoi211 |Circuit 2: gf180mcu_fd_sc_mcu9t5v0__aoi211 
-------------------------------------------|-------------------------------------------
VDD                                        |VDD                                        
VPW                                        |VPW                                        
ZN                                         |ZN                                         
VNW                                        |VNW                                        
A2                                         |A2                                         
A1                                         |A1                                         
B                                          |B                                          
C                                          |C                                          
VSS                                        |VSS                                        
---------------------------------------------------------------------------------------
Cell pin lists are equivalent.
Device classes gf180mcu_fd_sc_mcu9t5v0__aoi211_2 and gf180mcu_fd_sc_mcu9t5v0__aoi211_2 are equivalent.

Subcircuit summary:
Circuit 1: gf180mcu_fd_sc_mcu9t5v0__oai33_ |Circuit 2: gf180mcu_fd_sc_mcu9t5v0__oai33_ 
-------------------------------------------|-------------------------------------------
nfet_05v0 (6)                              |nfet_05v0 (6)                              
pfet_05v0 (6)                              |pfet_05v0 (6)                              
Number of devices: 12                      |Number of devices: 12                      
Number of nets: 16                         |Number of nets: 16                         
---------------------------------------------------------------------------------------
Netlists match uniquely.

Subcircuit pins:
Circuit 1: gf180mcu_fd_sc_mcu9t5v0__oai33_ |Circuit 2: gf180mcu_fd_sc_mcu9t5v0__oai33_ 
-------------------------------------------|-------------------------------------------
VSS                                        |VSS                                        
VPW                                        |VPW                                        
VNW                                        |VNW                                        
B3                                         |B3                                         
B2                                         |B2                                         
B1                                         |B1                                         
A1                                         |A1                                         
A2                                         |A2                                         
A3                                         |A3                                         
VDD                                        |VDD                                        
ZN                                         |ZN                                         
---------------------------------------------------------------------------------------
Cell pin lists are equivalent.
Device classes gf180mcu_fd_sc_mcu9t5v0__oai33_1 and gf180mcu_fd_sc_mcu9t5v0__oai33_1 are equivalent.

Class gf180mcu_fd_sc_mcu9t5v0__clkbuf_3 (0):  Merged 8 parallel devices.
Class gf180mcu_fd_sc_mcu9t5v0__clkbuf_3 (1):  Merged 8 parallel devices.
Subcircuit summary:
Circuit 1: gf180mcu_fd_sc_mcu9t5v0__clkbuf |Circuit 2: gf180mcu_fd_sc_mcu9t5v0__clkbuf 
-------------------------------------------|-------------------------------------------
pfet_05v0 (6->2)                           |pfet_05v0 (6->2)                           
nfet_05v0 (6->2)                           |nfet_05v0 (6->2)                           
Number of devices: 4                       |Number of devices: 4                       
Number of nets: 7                          |Number of nets: 7                          
---------------------------------------------------------------------------------------
Netlists match uniquely.

Subcircuit pins:
Circuit 1: gf180mcu_fd_sc_mcu9t5v0__clkbuf |Circuit 2: gf180mcu_fd_sc_mcu9t5v0__clkbuf 
-------------------------------------------|-------------------------------------------
I                                          |I                                          
VSS                                        |VSS                                        
VPW                                        |VPW                                        
Z                                          |Z                                          
VDD                                        |VDD                                        
VNW                                        |VNW                                        
---------------------------------------------------------------------------------------
Cell pin lists are equivalent.
Device classes gf180mcu_fd_sc_mcu9t5v0__clkbuf_3 and gf180mcu_fd_sc_mcu9t5v0__clkbuf_3 are equivalent.

Class gf180mcu_fd_sc_mcu9t5v0__clkinv_3 (0):  Merged 4 parallel devices.
Class gf180mcu_fd_sc_mcu9t5v0__clkinv_3 (1):  Merged 4 parallel devices.
Subcircuit summary:
Circuit 1: gf180mcu_fd_sc_mcu9t5v0__clkinv |Circuit 2: gf180mcu_fd_sc_mcu9t5v0__clkinv 
-------------------------------------------|-------------------------------------------
pfet_05v0 (3->1)                           |pfet_05v0 (3->1)                           
nfet_05v0 (3->1)                           |nfet_05v0 (3->1)                           
Number of devices: 2                       |Number of devices: 2                       
Number of nets: 6                          |Number of nets: 6                          
---------------------------------------------------------------------------------------
Netlists match uniquely.

Subcircuit pins:
Circuit 1: gf180mcu_fd_sc_mcu9t5v0__clkinv |Circuit 2: gf180mcu_fd_sc_mcu9t5v0__clkinv 
-------------------------------------------|-------------------------------------------
VSS                                        |VSS                                        
VPW                                        |VPW                                        
VDD                                        |VDD                                        
VNW                                        |VNW                                        
ZN                                         |ZN                                         
I                                          |I                                          
---------------------------------------------------------------------------------------
Cell pin lists are equivalent.
Device classes gf180mcu_fd_sc_mcu9t5v0__clkinv_3 and gf180mcu_fd_sc_mcu9t5v0__clkinv_3 are equivalent.

Class gf180mcu_fd_sc_mcu9t5v0__aoi22_4 (0):  Merged 12 parallel devices.
Class gf180mcu_fd_sc_mcu9t5v0__aoi22_4 (1):  Merged 12 parallel devices.
Subcircuit summary:
Circuit 1: gf180mcu_fd_sc_mcu9t5v0__aoi22_ |Circuit 2: gf180mcu_fd_sc_mcu9t5v0__aoi22_ 
-------------------------------------------|-------------------------------------------
pfet_05v0 (16->4)                          |pfet_05v0 (16->4)                          
nfet_05v0 (16)                             |nfet_05v0 (16)                             
Number of devices: 20                      |Number of devices: 20                      
Number of nets: 18                         |Number of nets: 18                         
---------------------------------------------------------------------------------------
Resolving symmetries by property value.
Resolving symmetries by pin name.
Resolving symmetries by net name.
Netlists match with 6 symmetries.

Subcircuit pins:
Circuit 1: gf180mcu_fd_sc_mcu9t5v0__aoi22_ |Circuit 2: gf180mcu_fd_sc_mcu9t5v0__aoi22_ 
-------------------------------------------|-------------------------------------------
ZN                                         |ZN                                         
VPW                                        |VPW                                        
VSS                                        |VSS                                        
VDD                                        |VDD                                        
B2                                         |B2                                         
B1                                         |B1                                         
A2                                         |A2                                         
A1                                         |A1                                         
VNW                                        |VNW                                        
---------------------------------------------------------------------------------------
Cell pin lists are equivalent.
Device classes gf180mcu_fd_sc_mcu9t5v0__aoi22_4 and gf180mcu_fd_sc_mcu9t5v0__aoi22_4 are equivalent.

Class gf180mcu_fd_sc_mcu9t5v0__oai221_2 (0):  Merged 6 parallel devices.
Class gf180mcu_fd_sc_mcu9t5v0__oai221_2 (1):  Merged 6 parallel devices.
Subcircuit summary:
Circuit 1: gf180mcu_fd_sc_mcu9t5v0__oai221 |Circuit 2: gf180mcu_fd_sc_mcu9t5v0__oai221 
-------------------------------------------|-------------------------------------------
pfet_05v0 (10->9)                          |pfet_05v0 (10->9)                          
nfet_05v0 (10->5)                          |nfet_05v0 (10->5)                          
Number of devices: 14                      |Number of devices: 14                      
Number of nets: 16                         |Number of nets: 16                         
---------------------------------------------------------------------------------------
Resolving symmetries by property value.
Resolving symmetries by pin name.
Resolving symmetries by net name.
Netlists match with 6 symmetries.

Subcircuit pins:
Circuit 1: gf180mcu_fd_sc_mcu9t5v0__oai221 |Circuit 2: gf180mcu_fd_sc_mcu9t5v0__oai221 
-------------------------------------------|-------------------------------------------
B2                                         |B2                                         
B1                                         |B1                                         
A1                                         |A1                                         
A2                                         |A2                                         
VNW                                        |VNW                                        
VPW                                        |VPW                                        
VDD                                        |VDD                                        
C                                          |C                                          
VSS                                        |VSS                                        
ZN                                         |ZN                                         
---------------------------------------------------------------------------------------
Cell pin lists are equivalent.
Device classes gf180mcu_fd_sc_mcu9t5v0__oai221_2 and gf180mcu_fd_sc_mcu9t5v0__oai221_2 are equivalent.

Class gf180mcu_fd_sc_mcu9t5v0__oai22_2 (0):  Merged 4 parallel devices.
Class gf180mcu_fd_sc_mcu9t5v0__oai22_2 (1):  Merged 4 parallel devices.
Subcircuit summary:
Circuit 1: gf180mcu_fd_sc_mcu9t5v0__oai22_ |Circuit 2: gf180mcu_fd_sc_mcu9t5v0__oai22_ 
-------------------------------------------|-------------------------------------------
pfet_05v0 (8)                              |pfet_05v0 (8)                              
nfet_05v0 (8->4)                           |nfet_05v0 (8->4)                           
Number of devices: 12                      |Number of devices: 12                      
Number of nets: 14                         |Number of nets: 14                         
---------------------------------------------------------------------------------------
Resolving symmetries by property value.
Resolving symmetries by pin name.
Resolving symmetries by net name.
Netlists match with 6 symmetries.

Subcircuit pins:
Circuit 1: gf180mcu_fd_sc_mcu9t5v0__oai22_ |Circuit 2: gf180mcu_fd_sc_mcu9t5v0__oai22_ 
-------------------------------------------|-------------------------------------------
ZN                                         |ZN                                         
VNW                                        |VNW                                        
VPW                                        |VPW                                        
VDD                                        |VDD                                        
B2                                         |B2                                         
B1                                         |B1                                         
A2                                         |A2                                         
A1                                         |A1                                         
VSS                                        |VSS                                        
---------------------------------------------------------------------------------------
Cell pin lists are equivalent.
Device classes gf180mcu_fd_sc_mcu9t5v0__oai22_2 and gf180mcu_fd_sc_mcu9t5v0__oai22_2 are equivalent.

Class butterfold_top (0):  Merged 10409 parallel devices.
Class butterfold_top (1):  Merged 10409 parallel devices.
Subcircuit summary:
Circuit 1: butterfold_top                  |Circuit 2: butterfold_top                  
-------------------------------------------|-------------------------------------------
gf180mcu_fd_sc_mcu9t5v0__fillcap_4 (4522-> |gf180mcu_fd_sc_mcu9t5v0__fillcap_4 (4522-> 
gf180mcu_fd_sc_mcu9t5v0__fillcap_16 (1963- |gf180mcu_fd_sc_mcu9t5v0__fillcap_16 (1963- 
gf180mcu_fd_sc_mcu9t5v0__fillcap_8 (3191-> |gf180mcu_fd_sc_mcu9t5v0__fillcap_8 (3191-> 
gf180mcu_fd_sc_mcu9t5v0__dffq_1 (540)      |gf180mcu_fd_sc_mcu9t5v0__dffq_1 (540)      
gf180mcu_fd_sc_mcu9t5v0__nor2_1 (916)      |gf180mcu_fd_sc_mcu9t5v0__nor2_1 (916)      
gf180mcu_fd_sc_mcu9t5v0__aoi21_1 (577)     |gf180mcu_fd_sc_mcu9t5v0__aoi21_1 (577)     
gf180mcu_fd_sc_mcu9t5v0__nand2_1 (1565)    |gf180mcu_fd_sc_mcu9t5v0__nand2_1 (1565)    
gf180mcu_fd_sc_mcu9t5v0__oai211_1 (232)    |gf180mcu_fd_sc_mcu9t5v0__oai211_1 (232)    
gf180mcu_fd_sc_mcu9t5v0__xnor2_1 (303)     |gf180mcu_fd_sc_mcu9t5v0__xnor2_1 (303)     
gf180mcu_fd_sc_mcu9t5v0__mux2_1 (1750)     |gf180mcu_fd_sc_mcu9t5v0__mux2_1 (1750)     
gf180mcu_fd_sc_mcu9t5v0__dffrnq_1 (1420)   |gf180mcu_fd_sc_mcu9t5v0__dffrnq_1 (1420)   
gf180mcu_fd_sc_mcu9t5v0__buf_12 (21)       |gf180mcu_fd_sc_mcu9t5v0__buf_12 (21)       
gf180mcu_fd_sc_mcu9t5v0__xor2_1 (172)      |gf180mcu_fd_sc_mcu9t5v0__xor2_1 (172)      
gf180mcu_fd_sc_mcu9t5v0__or2_1 (102)       |gf180mcu_fd_sc_mcu9t5v0__or2_1 (102)       
gf180mcu_fd_sc_mcu9t5v0__aoi221_1 (156)    |gf180mcu_fd_sc_mcu9t5v0__aoi221_1 (156)    
gf180mcu_fd_sc_mcu9t5v0__fillcap_32 (668-> |gf180mcu_fd_sc_mcu9t5v0__fillcap_32 (668-> 
gf180mcu_fd_sc_mcu9t5v0__aoi211_4 (8)      |gf180mcu_fd_sc_mcu9t5v0__aoi211_4 (8)      
gf180mcu_fd_sc_mcu9t5v0__oai21_1 (576)     |gf180mcu_fd_sc_mcu9t5v0__oai21_1 (576)     
gf180mcu_fd_sc_mcu9t5v0__fillcap_64 (36->1 |gf180mcu_fd_sc_mcu9t5v0__fillcap_64 (36->1 
gf180mcu_fd_sc_mcu9t5v0__tiel (92)         |gf180mcu_fd_sc_mcu9t5v0__tiel (92)         
gf180mcu_fd_sc_mcu9t5v0__oai22_1 (57)      |gf180mcu_fd_sc_mcu9t5v0__oai22_1 (57)      
gf180mcu_fd_sc_mcu9t5v0__buf_4 (36)        |gf180mcu_fd_sc_mcu9t5v0__buf_4 (36)        
gf180mcu_fd_sc_mcu9t5v0__nand2_2 (32)      |gf180mcu_fd_sc_mcu9t5v0__nand2_2 (32)      
gf180mcu_fd_sc_mcu9t5v0__inv_4 (29)        |gf180mcu_fd_sc_mcu9t5v0__inv_4 (29)        
gf180mcu_fd_sc_mcu9t5v0__aoi22_2 (13)      |gf180mcu_fd_sc_mcu9t5v0__aoi22_2 (13)      
gf180mcu_fd_sc_mcu9t5v0__aoi22_1 (304)     |gf180mcu_fd_sc_mcu9t5v0__aoi22_1 (304)     
gf180mcu_fd_sc_mcu9t5v0__antenna (50->16)  |gf180mcu_fd_sc_mcu9t5v0__antenna (50->16)  
gf180mcu_fd_sc_mcu9t5v0__and3_1 (64)       |gf180mcu_fd_sc_mcu9t5v0__and3_1 (64)       
gf180mcu_fd_sc_mcu9t5v0__oai31_1 (314)     |gf180mcu_fd_sc_mcu9t5v0__oai31_1 (314)     
gf180mcu_fd_sc_mcu9t5v0__oai31_4 (10)      |gf180mcu_fd_sc_mcu9t5v0__oai31_4 (10)      
gf180mcu_fd_sc_mcu9t5v0__buf_2 (5)         |gf180mcu_fd_sc_mcu9t5v0__buf_2 (5)         
gf180mcu_fd_sc_mcu9t5v0__clkinv_1 (488)    |gf180mcu_fd_sc_mcu9t5v0__clkinv_1 (488)    
gf180mcu_fd_sc_mcu9t5v0__mux2_2 (140)      |gf180mcu_fd_sc_mcu9t5v0__mux2_2 (140)      
gf180mcu_fd_sc_mcu9t5v0__inv_2 (30)        |gf180mcu_fd_sc_mcu9t5v0__inv_2 (30)        
gf180mcu_fd_sc_mcu9t5v0__tieh (10)         |gf180mcu_fd_sc_mcu9t5v0__tieh (10)         
gf180mcu_fd_sc_mcu9t5v0__oai31_2 (3)       |gf180mcu_fd_sc_mcu9t5v0__oai31_2 (3)       
gf180mcu_fd_sc_mcu9t5v0__nand3_1 (264)     |gf180mcu_fd_sc_mcu9t5v0__nand3_1 (264)     
gf180mcu_fd_sc_mcu9t5v0__nor3_4 (12)       |gf180mcu_fd_sc_mcu9t5v0__nor3_4 (12)       
gf180mcu_fd_sc_mcu9t5v0__aoi222_1 (43)     |gf180mcu_fd_sc_mcu9t5v0__aoi222_1 (43)     
gf180mcu_fd_sc_mcu9t5v0__nand4_4 (9)       |gf180mcu_fd_sc_mcu9t5v0__nand4_4 (9)       
gf180mcu_fd_sc_mcu9t5v0__nand4_1 (49)      |gf180mcu_fd_sc_mcu9t5v0__nand4_1 (49)      
gf180mcu_fd_sc_mcu9t5v0__nor2_4 (49)       |gf180mcu_fd_sc_mcu9t5v0__nor2_4 (49)       
gf180mcu_fd_sc_mcu9t5v0__and2_1 (149)      |gf180mcu_fd_sc_mcu9t5v0__and2_1 (149)      
gf180mcu_fd_sc_mcu9t5v0__aoi21_4 (23)      |gf180mcu_fd_sc_mcu9t5v0__aoi21_4 (23)      
gf180mcu_fd_sc_mcu9t5v0__dffrnq_4 (9)      |gf180mcu_fd_sc_mcu9t5v0__dffrnq_4 (9)      
gf180mcu_fd_sc_mcu9t5v0__clkbuf_8 (148)    |gf180mcu_fd_sc_mcu9t5v0__clkbuf_8 (148)    
gf180mcu_fd_sc_mcu9t5v0__oai32_1 (39)      |gf180mcu_fd_sc_mcu9t5v0__oai32_1 (39)      
gf180mcu_fd_sc_mcu9t5v0__xor3_1 (27)       |gf180mcu_fd_sc_mcu9t5v0__xor3_1 (27)       
gf180mcu_fd_sc_mcu9t5v0__nand4_2 (3)       |gf180mcu_fd_sc_mcu9t5v0__nand4_2 (3)       
gf180mcu_fd_sc_mcu9t5v0__dffrnq_2 (17)     |gf180mcu_fd_sc_mcu9t5v0__dffrnq_2 (17)     
gf180mcu_fd_sc_mcu9t5v0__xnor2_2 (5)       |gf180mcu_fd_sc_mcu9t5v0__xnor2_2 (5)       
gf180mcu_fd_sc_mcu9t5v0__and3_4 (2)        |gf180mcu_fd_sc_mcu9t5v0__and3_4 (2)        
gf180mcu_fd_sc_mcu9t5v0__nor2_2 (34)       |gf180mcu_fd_sc_mcu9t5v0__nor2_2 (34)       
gf180mcu_fd_sc_mcu9t5v0__clkbuf_20 (3)     |gf180mcu_fd_sc_mcu9t5v0__clkbuf_20 (3)     
gf180mcu_fd_sc_mcu9t5v0__mux2_4 (12)       |gf180mcu_fd_sc_mcu9t5v0__mux2_4 (12)       
gf180mcu_fd_sc_mcu9t5v0__dlyc_1 (38)       |gf180mcu_fd_sc_mcu9t5v0__dlyc_1 (38)       
gf180mcu_fd_sc_mcu9t5v0__mux4_1 (35)       |gf180mcu_fd_sc_mcu9t5v0__mux4_1 (35)       
gf180mcu_fd_sc_mcu9t5v0__nor3_2 (14)       |gf180mcu_fd_sc_mcu9t5v0__nor3_2 (14)       
gf180mcu_fd_sc_mcu9t5v0__buf_1 (11)        |gf180mcu_fd_sc_mcu9t5v0__buf_1 (11)        
gf180mcu_fd_sc_mcu9t5v0__nor4_1 (30)       |gf180mcu_fd_sc_mcu9t5v0__nor4_1 (30)       
gf180mcu_fd_sc_mcu9t5v0__and3_2 (2)        |gf180mcu_fd_sc_mcu9t5v0__and3_2 (2)        
gf180mcu_fd_sc_mcu9t5v0__clkbuf_12 (14)    |gf180mcu_fd_sc_mcu9t5v0__clkbuf_12 (14)    
gf180mcu_fd_sc_mcu9t5v0__buf_16 (1)        |gf180mcu_fd_sc_mcu9t5v0__buf_16 (1)        
gf180mcu_fd_sc_mcu9t5v0__nor3_1 (123)      |gf180mcu_fd_sc_mcu9t5v0__nor3_1 (123)      
gf180mcu_fd_sc_mcu9t5v0__xor2_2 (6)        |gf180mcu_fd_sc_mcu9t5v0__xor2_2 (6)        
gf180mcu_fd_sc_mcu9t5v0__oai211_4 (11)     |gf180mcu_fd_sc_mcu9t5v0__oai211_4 (11)     
gf180mcu_fd_sc_mcu9t5v0__clkinv_12 (3)     |gf180mcu_fd_sc_mcu9t5v0__clkinv_12 (3)     
gf180mcu_fd_sc_mcu9t5v0__clkinv_8 (4)      |gf180mcu_fd_sc_mcu9t5v0__clkinv_8 (4)      
gf180mcu_fd_sc_mcu9t5v0__oai21_4 (26)      |gf180mcu_fd_sc_mcu9t5v0__oai21_4 (26)      
gf180mcu_fd_sc_mcu9t5v0__oai222_1 (2)      |gf180mcu_fd_sc_mcu9t5v0__oai222_1 (2)      
gf180mcu_fd_sc_mcu9t5v0__nand3_4 (10)      |gf180mcu_fd_sc_mcu9t5v0__nand3_4 (10)      
gf180mcu_fd_sc_mcu9t5v0__or3_1 (24)        |gf180mcu_fd_sc_mcu9t5v0__or3_1 (24)        
gf180mcu_fd_sc_mcu9t5v0__or2_4 (4)         |gf180mcu_fd_sc_mcu9t5v0__or2_4 (4)         
gf180mcu_fd_sc_mcu9t5v0__xnor3_1 (95)      |gf180mcu_fd_sc_mcu9t5v0__xnor3_1 (95)      
gf180mcu_fd_sc_mcu9t5v0__or4_1 (2)         |gf180mcu_fd_sc_mcu9t5v0__or4_1 (2)         
gf180mcu_fd_sc_mcu9t5v0__aoi222_2 (1)      |gf180mcu_fd_sc_mcu9t5v0__aoi222_2 (1)      
gf180mcu_fd_sc_mcu9t5v0__aoi21_2 (15)      |gf180mcu_fd_sc_mcu9t5v0__aoi21_2 (15)      
gf180mcu_fd_sc_mcu9t5v0__oai211_2 (7)      |gf180mcu_fd_sc_mcu9t5v0__oai211_2 (7)      
gf180mcu_fd_sc_mcu9t5v0__oai21_2 (15)      |gf180mcu_fd_sc_mcu9t5v0__oai21_2 (15)      
gf180mcu_fd_sc_mcu9t5v0__inv_20 (1)        |gf180mcu_fd_sc_mcu9t5v0__inv_20 (1)        
gf180mcu_fd_sc_mcu9t5v0__nand3_2 (6)       |gf180mcu_fd_sc_mcu9t5v0__nand3_2 (6)       
gf180mcu_fd_sc_mcu9t5v0__or2_2 (4)         |gf180mcu_fd_sc_mcu9t5v0__or2_2 (4)         
gf180mcu_fd_sc_mcu9t5v0__inv_3 (16)        |gf180mcu_fd_sc_mcu9t5v0__inv_3 (16)        
gf180mcu_fd_sc_mcu9t5v0__and2_4 (7)        |gf180mcu_fd_sc_mcu9t5v0__and2_4 (7)        
gf180mcu_fd_sc_mcu9t5v0__nand2_4 (43)      |gf180mcu_fd_sc_mcu9t5v0__nand2_4 (43)      
gf180mcu_fd_sc_mcu9t5v0__and4_1 (14)       |gf180mcu_fd_sc_mcu9t5v0__and4_1 (14)       
gf180mcu_fd_sc_mcu9t5v0__clkbuf_4 (14)     |gf180mcu_fd_sc_mcu9t5v0__clkbuf_4 (14)     
gf180mcu_fd_sc_mcu9t5v0__clkinv_4 (4)      |gf180mcu_fd_sc_mcu9t5v0__clkinv_4 (4)      
gf180mcu_fd_sc_mcu9t5v0__buf_3 (1)         |gf180mcu_fd_sc_mcu9t5v0__buf_3 (1)         
gf180mcu_fd_sc_mcu9t5v0__oai221_1 (39)     |gf180mcu_fd_sc_mcu9t5v0__oai221_1 (39)     
gf180mcu_fd_sc_mcu9t5v0__aoi211_1 (98)     |gf180mcu_fd_sc_mcu9t5v0__aoi211_1 (98)     
gf180mcu_fd_sc_mcu9t5v0__and2_2 (10)       |gf180mcu_fd_sc_mcu9t5v0__and2_2 (10)       
gf180mcu_fd_sc_mcu9t5v0__clkbuf_16 (27)    |gf180mcu_fd_sc_mcu9t5v0__clkbuf_16 (27)    
gf180mcu_fd_sc_mcu9t5v0__clkbuf_2 (13)     |gf180mcu_fd_sc_mcu9t5v0__clkbuf_2 (13)     
gf180mcu_fd_sc_mcu9t5v0__inv_1 (1)         |gf180mcu_fd_sc_mcu9t5v0__inv_1 (1)         
gf180mcu_fd_sc_mcu9t5v0__aoi221_4 (7)      |gf180mcu_fd_sc_mcu9t5v0__aoi221_4 (7)      
gf180mcu_fd_sc_mcu9t5v0__dffsnq_1 (7)      |gf180mcu_fd_sc_mcu9t5v0__dffsnq_1 (7)      
gf180mcu_fd_sc_mcu9t5v0__oai32_4 (2)       |gf180mcu_fd_sc_mcu9t5v0__oai32_4 (2)       
gf180mcu_fd_sc_mcu9t5v0__clkinv_20 (3)     |gf180mcu_fd_sc_mcu9t5v0__clkinv_20 (3)     
gf180mcu_fd_sc_mcu9t5v0__buf_8 (4)         |gf180mcu_fd_sc_mcu9t5v0__buf_8 (4)         
gf180mcu_fd_sc_mcu9t5v0__inv_8 (5)         |gf180mcu_fd_sc_mcu9t5v0__inv_8 (5)         
gf180mcu_fd_sc_mcu9t5v0__oai222_2 (1)      |gf180mcu_fd_sc_mcu9t5v0__oai222_2 (1)      
gf180mcu_fd_sc_mcu9t5v0__oai32_2 (7)       |gf180mcu_fd_sc_mcu9t5v0__oai32_2 (7)       
gf180mcu_fd_ip_sram__sram256x8m8wm1 (2)    |gf180mcu_fd_ip_sram__sram256x8m8wm1 (2)    
gf180mcu_fd_sc_mcu9t5v0__nor4_4 (4)        |gf180mcu_fd_sc_mcu9t5v0__nor4_4 (4)        
gf180mcu_fd_sc_mcu9t5v0__or4_2 (1)         |gf180mcu_fd_sc_mcu9t5v0__or4_2 (1)         
gf180mcu_fd_sc_mcu9t5v0__xnor3_2 (1)       |gf180mcu_fd_sc_mcu9t5v0__xnor3_2 (1)       
gf180mcu_fd_sc_mcu9t5v0__and4_4 (6)        |gf180mcu_fd_sc_mcu9t5v0__and4_4 (6)        
gf180mcu_fd_sc_mcu9t5v0__buf_20 (6)        |gf180mcu_fd_sc_mcu9t5v0__buf_20 (6)        
gf180mcu_fd_sc_mcu9t5v0__and4_2 (2)        |gf180mcu_fd_sc_mcu9t5v0__and4_2 (2)        
gf180mcu_fd_sc_mcu9t5v0__oai221_4 (3)      |gf180mcu_fd_sc_mcu9t5v0__oai221_4 (3)      
gf180mcu_fd_sc_mcu9t5v0__aoi211_2 (2)      |gf180mcu_fd_sc_mcu9t5v0__aoi211_2 (2)      
gf180mcu_fd_sc_mcu9t5v0__oai33_1 (2)       |gf180mcu_fd_sc_mcu9t5v0__oai33_1 (2)       
gf180mcu_fd_sc_mcu9t5v0__clkbuf_3 (2)      |gf180mcu_fd_sc_mcu9t5v0__clkbuf_3 (2)      
gf180mcu_fd_sc_mcu9t5v0__clkinv_3 (2)      |gf180mcu_fd_sc_mcu9t5v0__clkinv_3 (2)      
gf180mcu_fd_sc_mcu9t5v0__aoi22_4 (1)       |gf180mcu_fd_sc_mcu9t5v0__aoi22_4 (1)       
gf180mcu_fd_sc_mcu9t5v0__oai221_2 (1)      |gf180mcu_fd_sc_mcu9t5v0__oai221_2 (1)      
gf180mcu_fd_sc_mcu9t5v0__oai22_2 (1)       |gf180mcu_fd_sc_mcu9t5v0__oai22_2 (1)       
Number of devices: 11746                   |Number of devices: 11746                   
Number of nets: 11762                      |Number of nets: 11762                      
---------------------------------------------------------------------------------------
Resolving symmetries by property value.
Resolving symmetries by pin name.
Netlists match uniquely.

Subcircuit pins:
Circuit 1: butterfold_top                  |Circuit 2: butterfold_top                  
-------------------------------------------|-------------------------------------------
rst_n                                      |rst_n                                      
dout_valid_o_OUT                           |dout_valid_o_OUT                           
dout_OUT[0]                                |dout_OUT[0]                                
dout_OUT[2]                                |dout_OUT[2]                                
dout_OUT[1]                                |dout_OUT[1]                                
dout_OUT[3]                                |dout_OUT[3]                                
dout_OUT[5]                                |dout_OUT[5]                                
dout_OUT[4]                                |dout_OUT[4]                                
dout_OUT[6]                                |dout_OUT[6]                                
dout_OUT[7]                                |dout_OUT[7]                                
din_ready_o_IN                             |din_ready_o_IN                             
dout_OE[1]                                 |dout_OE[1]                                 
dout_OE[4]                                 |dout_OE[4]                                 
dout_OE[3]                                 |dout_OE[3]                                 
dout_OE[6]                                 |dout_OE[6]                                 
dout_OE[5]                                 |dout_OE[5]                                 
dout_OE[2]                                 |dout_OE[2]                                 
din_ready_o_OE                             |din_ready_o_OE                             
dout_valid_o_OE                            |dout_valid_o_OE                            
dout_OE[7]                                 |dout_OE[7]                                 
dout_OE[0]                                 |dout_OE[0]                                 
dout_SL[3]                                 |dout_SL[3]                                 
dout_IE[1]                                 |dout_IE[1]                                 
dout_PDRV0[5]                              |dout_PDRV0[5]                              
dout_PDRV1[5]                              |dout_PDRV1[5]                              
dout_PD[1]                                 |dout_PD[1]                                 
dout_PDRV0[1]                              |dout_PDRV0[1]                              
dout_PU[7]                                 |dout_PU[7]                                 
din_ready_o_PDRV1                          |din_ready_o_PDRV1                          
dout_PD[7]                                 |dout_PD[7]                                 
dout_IE[0]                                 |dout_IE[0]                                 
rst_n_PU                                   |rst_n_PU                                   
dout_CS[6]                                 |dout_CS[6]                                 
din_PU[4]                                  |din_PU[4]                                  
clk_PD                                     |clk_PD                                     
dout_valid_o_CS                            |dout_valid_o_CS                            
dout_IE[6]                                 |dout_IE[6]                                 
dout_PD[4]                                 |dout_PD[4]                                 
din_PD[4]                                  |din_PD[4]                                  
din_PU[0]                                  |din_PU[0]                                  
dout_valid_o_SL                            |dout_valid_o_SL                            
dout_CS[0]                                 |dout_CS[0]                                 
din_PU[6]                                  |din_PU[6]                                  
clk_PU                                     |clk_PU                                     
din_PU[3]                                  |din_PU[3]                                  
din_PD[0]                                  |din_PD[0]                                  
dout_valid_o_PU                            |dout_valid_o_PU                            
dout_PDRV1[3]                              |dout_PDRV1[3]                              
dout_PU[2]                                 |dout_PU[2]                                 
dout_PDRV1[1]                              |dout_PDRV1[1]                              
dout_CS[3]                                 |dout_CS[3]                                 
din_PD[3]                                  |din_PD[3]                                  
din_ready_o_CS                             |din_ready_o_CS                             
dout_valid_o_PD                            |dout_valid_o_PD                            
dout_SL[2]                                 |dout_SL[2]                                 
dout_SL[7]                                 |dout_SL[7]                                 
dout_PD[0]                                 |dout_PD[0]                                 
dout_SL[0]                                 |dout_SL[0]                                 
dout_PDRV0[0]                              |dout_PDRV0[0]                              
dout_SL[1]                                 |dout_SL[1]                                 
din_ready_o_SL                             |din_ready_o_SL                             
dout_valid_o_PDRV0                         |dout_valid_o_PDRV0                         
din_PD[6]                                  |din_PD[6]                                  
dout_PDRV0[7]                              |dout_PDRV0[7]                              
dout_PU[0]                                 |dout_PU[0]                                 
din_valid_i_PU                             |din_valid_i_PU                             
dout_PDRV1[0]                              |dout_PDRV1[0]                              
din_PU[2]                                  |din_PU[2]                                  
din_ready_o_IE                             |din_ready_o_IE                             
dout_valid_o_PDRV1                         |dout_valid_o_PDRV1                         
dout_PDRV0[4]                              |dout_PDRV0[4]                              
dout_SL[6]                                 |dout_SL[6]                                 
dout_PD[5]                                 |dout_PD[5]                                 
dout_PDRV1[6]                              |dout_PDRV1[6]                              
dout_PU[3]                                 |dout_PU[3]                                 
din_PD[2]                                  |din_PD[2]                                  
din_ready_o_PU                             |din_ready_o_PU                             
rst_n_PD                                   |rst_n_PD                                   
dout_PD[6]                                 |dout_PD[6]                                 
dout_PU[6]                                 |dout_PU[6]                                 
dout_PDRV1[4]                              |dout_PDRV1[4]                              
dout_SL[5]                                 |dout_SL[5]                                 
dout_PD[3]                                 |dout_PD[3]                                 
dout_PU[1]                                 |dout_PU[1]                                 
din_ready_o_PD                             |din_ready_o_PD                             
dout_IE[7]                                 |dout_IE[7]                                 
dout_CS[5]                                 |dout_CS[5]                                 
dout_PDRV0[3]                              |dout_PDRV0[3]                              
dout_IE[5]                                 |dout_IE[5]                                 
din_PU[5]                                  |din_PU[5]                                  
din_PU[1]                                  |din_PU[1]                                  
din_ready_o_PDRV0                          |din_ready_o_PDRV0                          
dout_PU[5]                                 |dout_PU[5]                                 
dout_PDRV0[6]                              |dout_PDRV0[6]                              
din_valid_i_PD                             |din_valid_i_PD                             
dout_CS[2]                                 |dout_CS[2]                                 
din_PD[1]                                  |din_PD[1]                                  
dout_SL[4]                                 |dout_SL[4]                                 
dout_IE[2]                                 |dout_IE[2]                                 
dout_CS[4]                                 |dout_CS[4]                                 
din_PD[5]                                  |din_PD[5]                                  
dout_IE[4]                                 |dout_IE[4]                                 
dout_PDRV0[2]                              |dout_PDRV0[2]                              
dout_PU[4]                                 |dout_PU[4]                                 
dout_IE[3]                                 |dout_IE[3]                                 
dout_CS[1]                                 |dout_CS[1]                                 
dout_valid_o_IE                            |dout_valid_o_IE                            
din_PD[7]                                  |din_PD[7]                                  
dout_CS[7]                                 |dout_CS[7]                                 
dout_PD[2]                                 |dout_PD[2]                                 
din_PU[7]                                  |din_PU[7]                                  
dout_PDRV1[2]                              |dout_PDRV1[2]                              
dout_PDRV1[7]                              |dout_PDRV1[7]                              
din[7]                                     |din[7]                                     
din[3]                                     |din[3]                                     
din[2]                                     |din[2]                                     
din[5]                                     |din[5]                                     
din[6]                                     |din[6]                                     
din[4]                                     |din[4]                                     
din[0]                                     |din[0]                                     
din[1]                                     |din[1]                                     
din_valid_i                                |din_valid_i                                
dout_IN[3]                                 |dout_IN[3]                                 
dout_IN[1]                                 |dout_IN[1]                                 
dout_IN[5]                                 |dout_IN[5]                                 
dout_IN[0]                                 |dout_IN[0]                                 
dout_valid_o_IN                            |dout_valid_o_IN                            
dout_IN[7]                                 |dout_IN[7]                                 
dout_IN[6]                                 |dout_IN[6]                                 
dout_IN[4]                                 |dout_IN[4]                                 
dout_IN[2]                                 |dout_IN[2]                                 
din_ready_o_OUT                            |din_ready_o_OUT                            
clk                                        |clk                                        
VDD                                        |VDD                                        
VSS                                        |VSS                                        
---------------------------------------------------------------------------------------
Cell pin lists are equivalent.
Device classes butterfold_top and butterfold_top are equivalent.

Final result: Circuits match uniquely.
.
