net,length_um
rst_n,24.03329mm
net1,2.47598mm
net3,2.35886mm
net2,2.29557mm
net8,2.25353mm
net5,2.18908mm
_02000_,2.14769mm
net6,2.12913mm
net165,2.08211mm
net4,2.04028mm
u_transform_scheduler_core.u_fft_scratch_sram.u_hi.macro_q\[5\],2.02769mm
u_transform_scheduler_core.u_fft_scratch_sram.u_hi.macro_q\[4\],1.9988mm
u_transform_scheduler_core.u_fft_scratch_sram.u_hi.macro_q\[6\],1.9429mm
net106,1.93753mm
_04779_,1.92459mm
net72,1.89553mm
net7,1.8954mm
net95,1.86482mm
u_transform_scheduler_core.u_fft_scratch_sram.u_hi.macro_q\[2\],1.84439mm
_05906_,1.84101mm
u_transform_scheduler_core.u_fft_scratch_sram.u_hi.macro_q\[7\],1.83741mm
u_transform_scheduler_core.u_fft_scratch_sram.u_hi.macro_q\[3\],1.83693mm
u_transform_scheduler_core.u_fft_scratch_sram.u_hi.macro_q\[0\],1.76401mm
u_transform_scheduler_core.u_fft_scratch_sram.u_hi.macro_q\[1\],1.72104mm
_03894_,1.70666mm
net207,1.69182mm
net166,1.67158mm
u_transform_scheduler_core.u_fft_scratch_sram.u_lo.macro_q\[7\],1.65196mm
_04134_,1.49188mm
net208,1.4543mm
net204,1.41103mm
net209,1.40606mm
u_transform_scheduler_core.dft12_phase\[2\],1.3955mm
_02003_,1.36995mm
net193,1.36638mm
_04139_,1.34626mm
net101,1.34276mm
_05669_,1.32388mm
_05453_,1.32327mm
net188,1.31747mm
u_transform_scheduler_core.bf_X1_q\[13\],1.31182mm
net124,1.29317mm
u_transform_scheduler_core.bf_X1_i\[8\],1.28351mm
net196,1.27871mm
net56,1.27117mm
u_transform_scheduler_core.u_fft_scratch_sram.u_lo.macro_q\[6\],1.26973mm
net171,1.26024mm
net202,1.25897mm
net176,1.25647mm
net102,1.24695mm
clknet_0_clk_regs,1.24116mm
_03893_,1.2367mm
net118,1.2356mm
net96,1.23402mm
u_transform_scheduler_core.bf_X1_q\[8\],1.23301mm
net178,1.23219mm
net52,1.22272mm
clknet_3_2__leaf_clk_regs,1.2184mm
_03593_,1.21275mm
net206,1.20987mm
net126,1.19419mm
net145,1.19289mm
net148,1.18245mm
clknet_3_5__leaf_clk_regs,1.18016mm
net181,1.17375mm
net58,1.17191mm
net119,1.17095mm
_05437_,1.16349mm
_04184_,1.16346mm
u_transform_scheduler_core.bf_X1_q\[15\],1.16184mm
net129,1.1575mm
clknet_3_4__leaf_clk_regs,1.14819mm
u_transform_scheduler_core.bf_X1_q\[11\],1.14677mm
clknet_3_3__leaf_clk_regs,1.14494mm
net197,1.13007mm
clknet_3_6__leaf_clk_regs,1.12997mm
net53,1.12798mm
net100,1.12419mm
u_transform_scheduler_core.u_fft_scratch_sram.u_lo.macro_q\[5\],1.12138mm
net175,1.11545mm
net137,1.11366mm
clknet_3_1__leaf_clk_regs,1.11321mm
net59,1.10808mm
_04018_,1.10655mm
_05901_,1.0926mm
net180,1.09204mm
u_transform_scheduler_core.bf_X1_i\[4\],1.09021mm
u_transform_scheduler_core.bf_X1_q\[14\],1.08894mm
net33,1.07936mm
net127,1.07934mm
clk,1.07847mm
clknet_3_0__leaf_clk_regs,1.07453mm
_06707_,1.07315mm
net139,1.06995mm
net198,1.06931mm
_03895_,1.06852mm
_03034_,1.06353mm
net170,1.06251mm
clknet_3_7__leaf_clk_regs,1.06221mm
u_transform_scheduler_core.fft128_inverse_active,1.05844mm
_04298_,1.05691mm
net34,1.04539mm
u_transform_scheduler_core.bf_X1_q\[7\],1.04537mm
net61,1.04134mm
net200,1.04113mm
u_transform_scheduler_core.bf_X1_q\[9\],1.03935mm
net184,1.03731mm
net67,1.03634mm
_02708_,1.03411mm
u_transform_scheduler_core.bf_X1_i\[14\],1.02774mm
_05670_,1.02552mm
net60,1.0224mm
_04797_,1.01878mm
net135,1.01648mm
_05905_,1.01422mm
net73,1.01378mm
u_transform_scheduler_core.bf_X1_i\[3\],1.01227mm
net125,1.01216mm
net164,1.01201mm
u_transform_scheduler_core.bf_X1_i\[1\],1.0056mm
net62,1.00132mm
u_transform_scheduler_core.bf_X1_q\[10\],1.00127mm
_04470_,993.64µm
net104,985.17µm
u_transform_scheduler_core.bf_X1_q\[5\],983.81µm
net41,980.45µm
u_transform_scheduler_core.u_fft_scratch_sram.u_lo.macro_q\[1\],979.14µm
u_transform_scheduler_core.u_fft_scratch_sram.u_lo.macro_q\[4\],976.49µm
net105,970µm
u_transform_scheduler_core.bf_X1_i\[5\],969.96µm
_04799_,969.33µm
u_transform_scheduler_core.bf_X1_i\[15\],967.52µm
_04168_,962.68µm
_04167_,960.7µm
net185,959.78µm
u_transform_scheduler_core.u_fft_scratch_sram.u_lo.macro_q\[3\],958.12µm
net69,957.44µm
_06896_,955.76µm
u_transform_scheduler_core.bf_X1_i\[6\],950.69µm
net136,946.99µm
net54,942.01µm
net191,941.35µm
_08195_,934.33µm
u_transform_scheduler_core.u_fft_scratch_sram.u_lo.macro_q\[2\],928.99µm
net22,928.62µm
u_transform_scheduler_core.bf_X1_q\[2\],927.81µm
u_transform_scheduler_core.tx_mapper_source_addr\[2\],926.1µm
net192,921.77µm
u_transform_scheduler_core.u_mixed_radix_butterfly.final_scalar_pending,917.32µm
net131,916.2µm
net80,915.95µm
net23,909.74µm
net26,907.4µm
net143,906.48µm
net144,905.77µm
_04245_,902.71µm
_05438_,901.19µm
net21,900.81µm
net121,899.735µm
u_transform_scheduler_core.u_fft_scratch_sram.u_lo.macro_q\[0\],897.95µm
u_transform_scheduler_core.bf_X1_i\[13\],897.67µm
_02424_,896.81µm
_03713_,894.47µm
net24,891.31µm
u_transform_scheduler_core.u_mixed_radix_butterfly.multiply_product_fire,887.13µm
_04262_,872.47µm
u_transform_scheduler_core.bf_X1_i\[11\],865.45µm
net28,863.26µm
u_transform_scheduler_core.bf_X1_q\[4\],858.98µm
net194,858.17µm
net189,857.865µm
_08219_,856.28µm
_06805_,852.16µm
_02465_,846.61µm
_05441_,846.2µm
net190,842.73µm
u_transform_scheduler_core.u_mixed_radix_butterfly.scalar_coefficient\[0\],841.2µm
_08299_,838.82µm
u_transform_scheduler_core.bf_out_valid,838.57µm
net132,837.19µm
_04174_,834.9µm
serializer_busy,833.83µm
net174,828.89µm
u_transform_scheduler_core.bf_X1_q\[12\],828.08µm
net103,826.96µm
net94,824.77µm
_02645_,823.14µm
net108,820.06µm
net154,816.47µm
u_transform_scheduler_core.u_mixed_radix_butterfly.scalar_coefficient\[2\],815.91µm
net57,812.52µm
_05454_,811.02µm
net163,808.02µm
net153,807.51µm
net63,796.21µm
net38,795.79µm
u_transform_scheduler_core.bf_X1_i\[12\],793.05µm
_05448_,792.59µm
_08300_,791.27µm
u_transform_scheduler_core.tx_mapper_source_addr\[1\],790.65µm
net147,790.41µm
u_transform_scheduler_core.ofdm_mem_req,789.49µm
net199,785.42µm
net205,783.99µm
u_transform_scheduler_core.bf_X1_i\[2\],783.23µm
u_transform_scheduler_core.bf_X1_i\[10\],782.67µm
net114,778.8µm
net211,778.39µm
_05900_,778.29µm
net35,777.96µm
_06304_,777.63µm
_06303_,777.48µm
net216,775.85µm
u_transform_scheduler_core.tx_mapper_source_addr\[0\],775.13µm
u_transform_scheduler_core.u_mixed_radix_butterfly.scalar_operand\[6\],775.08µm
net168,773.3µm
u_transform_scheduler_core.bf_X1_i\[9\],772.44µm
net128,770.12µm
_08086_,769.13µm
_08193_,765.67µm
net31,764.8µm
net177,763.93µm
net122,762.35µm
_06897_,761.43µm
net49,760.27µm
_03590_,759.15µm
net47,757.42µm
net173,756.53µm
net45,754.01µm
core_X2_q\[8\],751.95µm
_02589_,750.85µm
net203,747.79µm
net152,744.49µm
_05891_,743.98µm
net120,742.25µm
core_X2_q\[13\],741.18µm
u_transform_scheduler_core.bf_X1_q\[6\],740.62µm
net151,740.06µm
net25,737.41µm
_05339_,733.8µm
_06865_,733.7µm
net123,732.87µm
u_transform_scheduler_core.u_mixed_radix_butterfly.scalar_coefficient\[3\],732.03µm
_08043_,731.56µm
net212,730.74µm
_08123_,729.88µm
_04749_,728.66µm
u_transform_scheduler_core.bf_X1_q\[3\],727.74µm
net43,725.14µm
u_transform_scheduler_core.bf_X1_q\[1\],722.9µm
_04083_,721.68µm
net10,721.43µm
_04249_,717.1µm
core_X2_q\[9\],715.02µm
core_X2_q\[11\],714.25µm
u_transform_scheduler_core.tx_mapper_busy,709.87µm
net155,709.23µm
_08005_,707.38µm
net186,707.27µm
u_transform_scheduler_core.u_mixed_radix_butterfly.scalar_operand\[5\],705.01µm
_08157_,702.85µm
core_X2_q\[14\],700.3µm
net179,699.33µm
net195,699.33µm
u_transform_scheduler_core.bf_X1_i\[0\],694.42µm
_05896_,694.39µm
_04082_,692.71µm
_04211_,691.46µm
core_X2_q\[10\],688.53µm
net79,685.13µm
net76,684.31µm
u_transform_scheduler_core.bf_X0_q\[8\],683.54µm
core_X2_i\[3\],682.69µm
core_X2_q\[15\],682.45µm
_04675_,682.08µm
net201,681.2µm
_04968_,678.66µm
net140,678.65µm
net167,678.46µm
net141,677.9µm
net68,677.49µm
_02764_,675.49µm
_03709_,674.69µm
_04757_,667.97µm
_05939_,666.95µm
net39,666.7µm
u_transform_scheduler_core.fft128_active,666.32µm
core_X2_i\[1\],663.8µm
u_transform_scheduler_core.bf_X0_i\[1\],663.49µm
_03891_,658.66µm
core_X2_i\[9\],656.62µm
_08292_,654.74µm
_02783_,654.38µm
net157,654.38µm
core_X2_q\[12\],654.28µm
_06898_,653.51µm
net146,652.8µm
u_transform_scheduler_core.u_mixed_radix_butterfly.scalar_coefficient\[1\],651.02µm
net30,649.39µm
u_transform_scheduler_core.u_mixed_radix_butterfly.scalar_operand\[4\],646.54µm
net214,645.52µm
_02830_,641.38µm
_08298_,639.26µm
net32,638.87µm
_02558_,638.7µm
net117,638.39µm
u_transform_scheduler_core.bf_X1_i\[7\],635.39µm
_04636_,633.41µm
_05938_,629.38µm
core_X2_i\[8\],627.86µm
_04628_,626.08µm
net78,625.41µm
clknet_leaf_36_clk_regs,624.8µm
_04754_,623.93µm
_06899_,623.83µm
u_transform_scheduler_core.u_mixed_radix_butterfly.scalar_coefficient\[4\],623.64µm
u_transform_scheduler_core.bf_X0_i\[0\],623.28µm
net210,622.2µm
net29,621.95µm
_05450_,621.44µm
core_X2_i\[11\],617.88µm
_04135_,616.81µm
_02800_,613.38µm
net99,609.73µm
net169,609.53µm
_04243_,609.17µm
net36,608.51µm
u_transform_scheduler_core.u_mixed_radix_butterfly.combine_product_im_reg\[2\],607.14µm
u_transform_scheduler_core.rx_small_radix3,606.83µm
_04778_,601.59µm
_03892_,600.82µm
net55,600.57µm
net46,599.6µm
u_transform_scheduler_core.u_mixed_radix_butterfly.scalar_operand\[0\],598.99µm
net77,597.87µm
_04989_,596.65µm
_04185_,596.45µm
u_transform_scheduler_core.u_mixed_radix_butterfly.combine_product_im_reg\[1\],595.43µm
_06866_,594.21µm
_07750_,593.28µm
core_X2_i\[0\],592.17µm
net9,592.17µm
_05892_,592.02µm
net112,589.88µm
_08301_,587.46µm
net172,587.33µm
net162,586.62µm
_04784_,586.06µm
u_transform_scheduler_core.u_fft_scratch_sram.macro_addr\[3\],585.81µm
u_transform_scheduler_core.u_mixed_radix_butterfly.scalar_coefficient\[6\],585.55µm
_05770_,585.45µm
_04726_,585.2µm
_04502_,584.08µm
u_transform_scheduler_core.bf_X1_q\[0\],581.17µm
_05447_,581.02µm
_08274_,580.21µm
_07962_,579.85µm
net90,579.74µm
u_transform_scheduler_core.bf_X0_i\[3\],579.29µm
_08302_,576.59µm
net37,576.2µm
_02447_,573.64µm
u_transform_scheduler_core.u_mixed_radix_butterfly.scalar_operand\[1\],573.43µm
net42,570.79µm
core_X2_i\[12\],570.66µm
net84,570.3µm
core_X2_i\[5\],570.05µm
_04178_,567.89µm
_02744_,567.48µm
net113,567.17µm
_02765_,566.46µm
_03388_,566.46µm
_04970_,566.46µm
u_transform_scheduler_core.u_mixed_radix_butterfly.scalar_operand\[3\],562.595µm
u_transform_scheduler_core.bf_X0_i\[2\],562.44µm
_04560_,562.29µm
_04091_,558.11µm
_02587_,557.4µm
net17,557.25µm
_06471_,556.17µm
u_transform_scheduler_core.u_fft_scratch_sram.macro_wdata\[13\],554.96µm
net91,552µm
net13,551.65µm
_04688_,551.09µm
net18,551.04µm
u_transform_scheduler_core.u_fft_scratch_sram.macro_wdata\[14\],548.34µm
core_X2_q\[7\],548.01µm
u_transform_scheduler_core.u_mixed_radix_butterfly.combine_product_im_reg\[3\],546.35µm
_02849_,541.87µm
_02449_,541.72µm
net44,539.02µm
net75,538.66µm
net138,537.8µm
_06893_,537.65µm
u_transform_scheduler_core.fifo_x1_q\[0\]\[10\],537.65µm
net74,537.19µm
_02747_,535.63µm
_06685_,534.9µm
u_transform_scheduler_core.u_mixed_radix_butterfly.scalar_coefficient\[5\],533.62µm
u_transform_scheduler_core.u_fft_scratch_sram.macro_wdata\[12\],529.81µm
_02464_,529.17µm
u_transform_scheduler_core.u_mixed_radix_butterfly.combine_product_re_reg\[0\],528.69µm
net159,527.82µm
_07806_,527.77µm
_03196_,526.83µm
net182,525.02µm
_06862_,524.26µm
_05907_,522.98µm
_07804_,521.51µm
net40,518.76µm
_04658_,518.7µm
_02843_,517.64µm
_05954_,517.03µm
core_X2_i\[13\],515.96µm
net50,515.4µm
net183,513.87µm
_04768_,513.72µm
_05188_,510.46µm
_06566_,508.48µm
u_transform_scheduler_core.mod_diag_addr1\[6\],508.11µm
_08303_,505.52µm
u_transform_scheduler_core.bf_X0_q\[15\],505.27µm
_07820_,501.5µm
u_transform_scheduler_core.u_fft_scratch_sram.u_hi.macro_cen,500.5µm
net93,500.38µm
net161,499.05µm
_02481_,498.7µm
_02646_,498.19µm
u_transform_scheduler_core.u_fft_scratch_sram.u_hi.macro_addr\[6\],497.7µm
net160,497.07µm
core_X2_i\[10\],496.46µm
_04354_,495.24µm
u_transform_scheduler_core.bf_X0_q\[14\],495.24µm
_05897_,494.17µm
u_transform_scheduler_core.u_fft_scratch_sram.macro_wdata\[15\],493.92µm
net92,490.96µm
_05932_,490.76µm
clknet_leaf_66_clk_regs,489.58µm
_03972_,486.79µm
net187,486.68µm
u_transform_scheduler_core.u_fft_scratch_sram.u_hi.macro_addr\[1\],486.55µm
_07926_,485.31µm
_04750_,483.28µm
core_X2_i\[4\],482.92µm
_06636_,482.21µm
_04568_,479.92µm
_06789_,479.36µm
u_transform_scheduler_core.bf_X0_i\[8\],477.32µm
clknet_leaf_62_clk_regs,477.21µm
core_X2_i\[2\],476.76µm
_05446_,476.35µm
u_transform_scheduler_core.u_fft_scratch_sram.u_hi.macro_addr\[5\],475.86µm
_04804_,475.18µm
u_transform_scheduler_core.u_fdiq_output_adapter.state\[1\],475.13µm
_07824_,474.06µm
_02004_,471.46µm
u_transform_scheduler_core.u_fft_scratch_sram.u_hi.macro_addr\[2\],470.31µm
_06619_,469.99µm
core_X2_i\[15\],468.97µm
u_transform_scheduler_core.u_fft_scratch_sram.macro_wdata\[0\],468.77µm
u_transform_scheduler_core.u_fft_scratch_sram.macro_req,468.16µm
u_transform_scheduler_core.u_fft_scratch_sram.u_hi.macro_addr\[4\],467.46µm
_03454_,467.08µm
u_transform_scheduler_core.u_fft_scratch_sram.u_hi.macro_addr\[0\],466.95µm
_04730_,466.53µm
net87,465µm
net48,464.9µm
_06526_,462.15µm
u_transform_scheduler_core.u_fft_scratch_sram.u_hi.macro_gwen,461.25µm
_04756_,461.13µm
_03539_,460.93µm
_04143_,460.62µm
delaynet_1_core_clk,459.3µm
_02446_,458.53µm
u_transform_scheduler_core.u_mixed_radix_butterfly.combine_product_re_reg\[1\],457.62µm
u_transform_scheduler_core.u_mixed_radix_butterfly.combine_product_im_reg\[0\],457.57µm
net27,457.16µm
_02852_,456.55µm
u_transform_scheduler_core.u_fft_scratch_sram.u_hi.macro_addr\[7\],456.31µm
_05342_,456.14µm
_06697_,454.21µm
net149,454µm
_05340_,450.49µm
_06667_,449.83µm
_06754_,447.44µm
u_transform_scheduler_core.u_fft_scratch_sram.u_lo.macro_gwen,446.94µm
_07868_,445.96µm
net213,445.96µm
u_transform_scheduler_core.u_mixed_radix_butterfly.combine_product_im_reg\[6\],445.86µm
u_transform_scheduler_core.u_mixed_radix_butterfly.combine_product_im_reg\[4\],444.84µm
_03689_,444.36µm
_04153_,444.28µm
_06777_,444.13µm
net130,443.16µm
u_transform_scheduler_core.bf_X0_i\[6\],443.06µm
_06615_,441.94µm
u_transform_scheduler_core.bf_X0_i\[5\],440.41µm
clknet_leaf_82_clk_regs,440.25µm
_02272_,440µm
clknet_leaf_33_clk_regs,439.64µm
_08251_,438.58µm
_06691_,436.85µm
_04381_,436.44µm
_03733_,436.29µm
_05917_,435.83µm
_07833_,435.42µm
u_transform_scheduler_core.u_mixed_radix_butterfly.combine_product_re_reg\[2\],434.35µm
clknet_leaf_50_clk_regs,433.48µm
_02574_,433.13µm
core_X2_i\[14\],432.47µm
net51,431.55µm
_07848_,430.84µm
_05242_,428.45µm
_05942_,428.04µm
_06414_,427.89µm
core_X2_q\[2\],426.26µm
_02624_,424.78µm
net111,424.32µm
_05941_,423.66µm
_06772_,423.51µm
_06629_,423.36µm
core_X2_q\[5\],422.44µm
_07818_,421.78µm
_04505_,420.1µm
_07171_,419.69µm
_04521_,419.26µm
_06661_,418.88µm
_02526_,418.62µm
_02834_,418.47µm
_06703_,418.32µm
_04510_,417.09µm
_04543_,416.84µm
_02542_,416.18µm
_02525_,415.36µm
net133,414.34µm
_04166_,414.14µm
_04509_,414.08µm
_02822_,414.04µm
_06760_,413.99µm
_05945_,413.94µm
clknet_leaf_86_clk_regs,413.52µm
net115,412.91µm
_04033_,412.82µm
core_X2_q\[4\],412.46µm
_03888_,411.8µm
clknet_leaf_12_clk_regs,411.39µm
net116,410.98µm
_02810_,410.81µm
_02846_,410.78µm
_02035_,410.53µm
u_transform_scheduler_core.bf_X0_q\[9\],410.12µm
u_transform_scheduler_core.bf_X0_q\[1\],409.92µm
_07810_,408.95µm
_05307_,408.85µm
_06679_,408.85µm
clknet_leaf_78_clk_regs,408.84µm
net142,408.39µm
_04515_,407.93µm
_05931_,406.86µm
net64,406.86µm
_06815_,406.71µm
_05520_,406.56µm
net98,406.25µm
core_X2_q\[1\],406.2µm
clknet_leaf_69_clk_regs,405.94µm
net86,405.79µm
clknet_leaf_91_clk_regs,405.74µm
_07805_,404.42µm
clknet_leaf_68_clk_regs,404.41µm
_04886_,403.34µm
clknet_leaf_51_clk_regs,402.83µm
_05210_,402.79µm
_05288_,402.64µm
net85,402.18µm
net150,401.97µm
_05922_,401.11µm
u_transform_scheduler_core.bf_X0_q\[7\],400.65µm
u_transform_scheduler_core.u_fft_scratch_sram.macro_wdata\[6\],400.4µm
_02831_,399.99µm
_06723_,399.94µm
u_transform_scheduler_core.u_fft_scratch_sram.macro_wdata\[8\],399.38µm
u_transform_scheduler_core.u_fft_scratch_sram.macro_wdata\[2\],399.28µm
_06037_,398.87µm
_06748_,397.6µm
_04154_,397.19µm
_06766_,397.19µm
net11,397.04µm
_02534_,396.55µm
u_transform_scheduler_core.u_fft_scratch_sram.macro_wdata\[10\],396.48µm
_04221_,395.2µm
_06795_,394.85µm
u_transform_scheduler_core.bf_X0_q\[12\],394.29µm
u_transform_scheduler_core.u_fft_scratch_sram.macro_addr\[4\],394.29µm
clknet_leaf_5_clk_regs,393.92µm
_05928_,393.88µm
_04520_,393.06µm
_03594_,392.76µm
u_transform_scheduler_core.u_mixed_radix_butterfly.combine_product_re_reg\[3\],392.66µm
clknet_leaf_9_clk_regs,392.55µm
_02855_,392.5µm
_06801_,392µm
_05943_,391.59µm
_02273_,391.38µm
u_transform_scheduler_core.tx_mapper_source_addr\[3\],391.08µm
u_transform_scheduler_core.fft128_done,391.03µm
clknet_leaf_44_clk_regs,390.51µm
_06656_,390.42µm
_08377_,390.32µm
u_transform_scheduler_core.u_mixed_radix_butterfly.premultiply_input_q_reg\[1\],390.32µm
_06509_,389.35µm
u_transform_scheduler_core.u_fft_scratch_sram.macro_wdata\[3\],389.25µm
_06673_,389.2µm
_02840_,388.58µm
clknet_leaf_40_clk_regs,388.58µm
u_transform_scheduler_core.u_fft_scratch_sram.macro_wdata\[7\],388.23µm
_06486_,387.67µm
clknet_leaf_19_clk_regs,387.66µm
clknet_leaf_60_clk_regs,387.1µm
u_transform_scheduler_core.u_fft_scratch_sram.macro_wdata\[11\],386.55µm
clknet_leaf_53_clk_regs,386.29µm
_04832_,386.2µm
u_transform_scheduler_core.u_fft_scratch_sram.macro_addr\[5\],385.94µm
_04554_,385.53µm
_06640_,384.16µm
net107,384µm
_05944_,383.75µm
_02806_,383.64µm
_06097_,383.14µm
u_transform_scheduler_core.bf_X0_q\[13\],382.68µm
_06454_,382.63µm
u_transform_scheduler_core.bf_X0_q\[6\],382.63µm
u_transform_scheduler_core.mod_diag_addr0\[5\],382.63µm
_04123_,381.97µm
_04935_,381.41µm
_06359_,380.8µm
u_transform_scheduler_core.u_mixed_radix_butterfly.combine_stage_valid,380.49µm
u_transform_scheduler_core.bf_X0_q\[10\],380.39µm
clknet_leaf_45_clk_regs,379.72µm
_02530_,378.76µm
_06601_,378.56µm
_02040_,378µm
_04513_,377.64µm
u_transform_scheduler_core.u_mixed_radix_butterfly.scalar_operand\[7\],377.59µm
_05311_,377.44µm
u_transform_scheduler_core.u_mixed_radix_butterfly.scalar_operand\[8\],377.23µm
_02044_,376.93µm
_05265_,376.93µm
_05195_,376.42µm
_04288_,376.21µm
_04783_,376.11µm
u_transform_scheduler_core.u_fft_scratch_sram.macro_write,375.91µm
_06584_,375.86µm
clknet_leaf_96_clk_regs,375.8µm
u_transform_scheduler_core.u_fft_scratch_sram.macro_wdata\[4\],375.25µm
clknet_leaf_7_clk_regs,374.86µm
clknet_leaf_16_clk_regs,374.27µm
_04967_,374.13µm
_06474_,374.13µm
clknet_leaf_79_clk_regs,372.95µm
u_transform_scheduler_core.tx_dout_valid,372.85µm
_05444_,372.76µm
u_transform_scheduler_core.u_fft_scratch_sram.macro_addr\[6\],372.4µm
clknet_leaf_18_clk_regs,372.39µm
clknet_leaf_76_clk_regs,371.68µm
clknet_leaf_14_clk_regs,371.37µm
_02580_,370.87µm
clknet_leaf_59_clk_regs,370.15µm
clknet_leaf_6_clk_regs,370µm
_04791_,368.63µm
_02048_,367.92µm
clknet_leaf_80_clk_regs,367.86µm
clknet_leaf_70_clk_regs,367.6µm
u_transform_scheduler_core.mod_diag_addr0\[6\],367.36µm
net97,366.39µm
clknet_leaf_1_clk_regs,365.52µm
clknet_leaf_8_clk_regs,365.11µm
clknet_leaf_81_clk_regs,364.65µm
clknet_leaf_21_clk_regs,364.09µm
_03864_,363.75µm
_04253_,363.18µm
_04224_,362.88µm
_04471_,362.87µm
clknet_leaf_4_clk_regs,362.62µm
_02826_,362.52µm
u_transform_scheduler_core.mod_diag_addr1\[5\],361.25µm
clknet_leaf_88_clk_regs,361.19µm
_06263_,360.08µm
clknet_leaf_46_clk_regs,359.66µm
clknet_leaf_25_clk_regs,359.36µm
u_transform_scheduler_core.u_mixed_radix_butterfly.scalar_coefficient\[7\],357.99µm
_04144_,357.43µm
clknet_leaf_64_clk_regs,357.32µm
_04859_,357.14µm
_04062_,356.97µm
u_transform_scheduler_core.u_mixed_radix_butterfly.combine_product_im_reg\[7\],356.36µm
clknet_leaf_17_clk_regs,356.1µm
_03942_,355.65µm
clknet_leaf_71_clk_regs,355.64µm
_04339_,355.315µm
clknet_leaf_11_clk_regs,355.08µm
_02545_,354.86µm
clknet_leaf_42_clk_regs,354.24µm
u_transform_scheduler_core.u_mixed_radix_butterfly.premultiply_half_sum_q_reg\[14\],353.97µm
_07895_,353.56µm
clknet_leaf_74_clk_regs,353.4µm
u_transform_scheduler_core.bf_X0_q\[11\],353µm
clknet_leaf_90_clk_regs,351.11µm
clknet_leaf_85_clk_regs,350.6µm
_05449_,350.35µm
core_X2_q\[6\],350.2µm
_06625_,350.1µm
core_X2_i\[7\],349.79µm
u_transform_scheduler_core.u_mixed_radix_butterfly.combine_product_im_reg\[8\],349.64µm
_06393_,349.59µm
clknet_leaf_83_clk_regs,349.48µm
clknet_leaf_94_clk_regs,349.48µm
_06734_,348.93µm
_04146_,348.37µm
_06652_,348.06µm
net66,346.94µm
_04534_,346.89µm
u_transform_scheduler_core.u_mixed_radix_butterfly.premultiply_input_q_reg\[3\],346.64µm
clknet_leaf_63_clk_regs,346.12µm
clknet_leaf_49_clk_regs,345.46µm
clknet_leaf_84_clk_regs,344.9µm
_02726_,344.65µm
u_transform_scheduler_core.bf_X0_i\[9\],344.65µm
u_transform_scheduler_core.u_mixed_radix_butterfly.combine_half_sum_i_reg\[0\],344.55µm
core_X2_i\[6\],344.5µm
_06739_,343.94µm
_06242_,342.82µm
_03925_,342.61µm
_04105_,341.85µm
u_transform_scheduler_core.bf_X0_i\[4\],340.68µm
_02837_,340.17µm
_02818_,339.1µm
clknet_leaf_47_clk_regs,339.02µm
_04654_,338.24µm
u_transform_scheduler_core.dft12_base\[2\],338.18µm
clknet_leaf_15_clk_regs,338.03µm
clknet_leaf_3_clk_regs,337.72µm
_06456_,337.68µm
_05929_,336.86µm
clknet_leaf_2_clk_regs,336.45µm
clknet_leaf_41_clk_regs,334.11µm
_02546_,333.96µm
clknet_leaf_73_clk_regs,333.33µm
_03305_,332.64µm
clknet_leaf_55_clk_regs,331.91µm
_05443_,331.72µm
clknet_leaf_93_clk_regs,330.54µm
_03398_,330.45µm
u_transform_scheduler_core.u_fft_scratch_sram.macro_wdata\[5\],330.4µm
clknet_leaf_67_clk_regs,330.09µm
u_transform_scheduler_core.bf_X0_i\[15\],329.99µm
u_transform_scheduler_core.bf_X0_i\[7\],329.99µm
net71,329.22µm
clknet_leaf_58_clk_regs,329.22µm
clknet_leaf_43_clk_regs,328.66µm
clknet_leaf_75_clk_regs,328.35µm
_04223_,328.21µm
clknet_leaf_22_clk_regs,327.79µm
_06223_,327.65µm
_06610_,327.39µm
clknet_leaf_48_clk_regs,326.98µm
_06295_,326.53µm
u_transform_scheduler_core.bf_X0_q\[3\],326.17µm
clknet_leaf_95_clk_regs,326.01µm
_02565_,325.76µm
_05338_,325.66µm
_04242_,324.95µm
clknet_leaf_65_clk_regs,324.48µm
_01770_,324.44µm
clknet_leaf_92_clk_regs,324.33µm
_06547_,323.78µm
clknet_leaf_10_clk_regs,323.47µm
net82,322.76µm
u_transform_scheduler_core.u_fft_scratch_sram.macro_wdata\[1\],322.61µm
clknet_leaf_52_clk_regs,322.09µm
clknet_leaf_72_clk_regs,321.48µm
_02577_,321.23µm
_04113_,320.98µm
clknet_leaf_39_clk_regs,320.72µm
_06281_,320.37µm
_04124_,319.3µm
clknet_leaf_0_clk_regs,319.19µm
_07735_,318.13µm
_03369_,317.72µm
u_transform_scheduler_core.u_mixed_radix_butterfly.twiddle_re_reg\[1\],317.45µm
u_transform_scheduler_core.u_mixed_radix_butterfly.combine_half_sum_i_reg\[1\],317.16µm
_02451_,315.94µm
_07768_,315.89µm
clknet_leaf_13_clk_regs,315.17µm
_04909_,314.77µm
clknet_leaf_54_clk_regs,314.51µm
clknet_leaf_61_clk_regs,313.03µm
clknet_leaf_23_clk_regs,312.88µm
u_transform_scheduler_core.u_fft_scratch_sram.macro_addr\[2\],312.48µm
u_transform_scheduler_core.bf_X0_i\[14\],311.41µm
clknet_leaf_56_clk_regs,311.2µm
_07779_,310.9µm
_07721_,310.34µm
net134,308.91µm
_06630_,308.05µm
_03945_,307.46µm
_05492_,306.93µm
_06713_,305.2µm
_04164_,304.23µm
clknet_leaf_38_clk_regs,303.97µm
_06336_,303.67µm
_07757_,303.57µm
_05555_,303.06µm
u_transform_scheduler_core.fifo_x1_i\[0\]\[10\],302.96µm
clknet_leaf_37_clk_regs,301.63µm
u_transform_scheduler_core.fifo_x1_i\[0\]\[7\],301.33µm
clknet_leaf_77_clk_regs,300.76µm
_04034_,300.46µm
_04771_,299.85µm
_02002_,299.7µm
u_transform_scheduler_core.fifo_radix3\[0\]\[0\],298.63µm
_05463_,298.58µm
_02583_,298.37µm
_02341_,298.27µm
_06121_,297.97µm
u_transform_scheduler_core.u_fft_scratch_sram.macro_wdata\[9\],297.92µm
_04244_,297.51µm
_02571_,296.64µm
net83,296.44µm
_05477_,296.34µm
clknet_leaf_20_clk_regs,295.72µm
_02094_,292.98µm
clknet_leaf_97_clk_regs,291.7µm
_04475_,291.25µm
_02423_,290.79µm
_02454_,290.64µm
u_transform_scheduler_core.u_fft_scratch_sram.u_hi.macro_addr\[3\],290.5µm
clknet_leaf_57_clk_regs,290.32µm
u_transform_scheduler_core.u_fft_scratch_sram.macro_addr\[0\],290.18µm
_04961_,290.08µm
u_transform_scheduler_core.bf_X0_i\[10\],289.67µm
_04341_,289.16µm
net156,288.6µm
_06811_,288.45µm
u_transform_scheduler_core.u_mixed_radix_butterfly.combine_x0_q_reg\[7\],287.99µm
clknet_leaf_87_clk_regs,287.83µm
net88,287.68µm
u_transform_scheduler_core.u_mixed_radix_butterfly.combine_half_sum_i_reg\[2\],286.92µm
_06745_,286.36µm
u_transform_scheduler_core.rx_state\[13\],285.8µm
_06079_,285.15µm
_04086_,284.63µm
_02199_,284.22µm
net65,284.17µm
_03867_,284.07µm
_04148_,284.02µm
net70,283.76µm
_04246_,283µm
u_transform_scheduler_core.bf_X0_i\[13\],282.95µm
_04758_,282.44µm
_05036_,282.29µm
clknet_leaf_89_clk_regs,281.62µm
_02627_,280.71µm
_04806_,280.61µm
_06646_,280.61µm
clknet_leaf_26_clk_regs,280.35µm
_06075_,280.25µm
_05930_,280.2µm
u_transform_scheduler_core.fft128_ofdm_active,280.2µm
_04165_,280.05µm
u_transform_scheduler_core.tx_mapper_done,280µm
u_transform_scheduler_core.u_mixed_radix_butterfly.combine_product_im_reg\[5\],279.59µm
_04329_,279.44µm
u_transform_scheduler_core.rx_state\[14\],279.26µm
clknet_leaf_24_clk_regs,279.02µm
_02053_,277.86µm
_04257_,277.81µm
_02121_,277.25µm
clknet_leaf_30_clk_regs,277.09µm
_06005_,276.23µm
_07792_,276.13µm
_06191_,275.57µm
_03696_,273.68µm
_02550_,273.53µm
core_X2_q\[0\],272.82µm
u_transform_scheduler_core.fifo_x1_i\[0\]\[8\],272.77µm
_03438_,272.54µm
_03716_,272.31µm
_02538_,271.8µm
_02690_,271.65µm
clknet_leaf_34_clk_regs,271.49µm
_08216_,270.58µm
u_transform_scheduler_core.u_mixed_radix_butterfly.scalar_operand\[9\],270.22µm
_03393_,269.97µm
_04190_,269.92µm
_06173_,269.36µm
clknet_leaf_32_clk_regs,269.2µm
net217,269.1µm
_06718_,268.85µm
_06039_,268.34µm
_02549_,268.24µm
_04766_,268.08µm
_02670_,267.83µm
_03269_,267.68µm
_05505_,267.68µm
u_transform_scheduler_core.u_mixed_radix_butterfly.combine_product_re_reg\[11\],267.52µm
_06433_,266.66µm
_04337_,266.1µm
_03171_,265.44µm
_04901_,265.1µm
top_state\[9\],263.55µm
_06834_,263.46µm
_04023_,263.45µm
clknet_leaf_35_clk_regs,263.09µm
_03211_,262.79µm
_04137_,261.11µm
_03697_,260.5µm
_06817_,260.5µm
_04233_,259.89µm
u_transform_scheduler_core.rx_state\[3\],259.89µm
clknet_leaf_27_clk_regs,259.58µm
_03345_,258.33µm
top_state\[5\],257.34µm
u_transform_scheduler_core.u_fft_scratch_sram.macro_addr\[7\],257.14µm
_05535_,257.09µm
_03548_,256.68µm
_06784_,256.53µm
u_transform_scheduler_core.fifo_x1_i\[0\]\[6\],256.02µm
u_transform_scheduler_core.rx_small_inverse,255.97µm
u_transform_scheduler_core.u_fft128_modulo_controller.fetch_j\[0\],255.71µm
u_transform_scheduler_core.u_mixed_radix_butterfly.twiddle_im_reg\[1\],254.95µm
clknet_2_1_0_clk_regs,254.95µm
_04169_,254.49µm
top_state\[10\],253.88µm
clknet_2_3_0_clk_regs,252.1µm
_05109_,252.05µm
_03543_,251.64µm
_08415_,251.49µm
_03714_,251.41µm
u_transform_scheduler_core.u_mixed_radix_butterfly.x2_i_ext\[2\],250.93µm
core_X2_q\[3\],250.47µm
_02559_,250.26µm
_02166_,249.86µm
_04828_,249.76µm
u_transform_scheduler_core.mod_diag_addr0\[4\],249.25µm
_04037_,248.94µm
_02248_,248.23µm
_05173_,247.52µm
u_transform_scheduler_core.mod_diag_addr1\[4\],246.55µm
_02562_,245.63µm
_03287_,245.38µm
net110,245.02µm
_03695_,244.92µm
_06372_,244.92µm
_04473_,244.82µm
_04954_,244.36µm
_03732_,243.85µm
_02554_,243.34µm
_04263_,242.53µm
_02553_,242.34µm
u_transform_scheduler_core.u_fdiq_output_adapter.sample_q_reg\[11\],242.02µm
u_transform_scheduler_core.u_fft_scratch_sram.macro_addr\[1\],241.97µm
_06730_,241.36µm
_04065_,241.1µm
_04111_,240.9µm
_03937_,240.85µm
u_transform_scheduler_core.tx_dft12_hold_q\[0\]\[6\],240.85µm
u_transform_scheduler_core.mod_diag_X1_i\[10\],240.54µm
u_transform_scheduler_core.bf_X0_q\[4\],240.44µm
u_transform_scheduler_core.bf_X0_i\[11\],240.39µm
_05551_,240.24µm
_05710_,240.24µm
clknet_2_2_0_clk_regs,239.37µm
u_transform_scheduler_core.u_mixed_radix_butterfly.x1_i_ext\[1\],238.66µm
_04480_,238.56µm
_05751_,237.49µm
u_transform_scheduler_core.u_mixed_radix_butterfly.premultiply_input_q_reg\[4\],237.49µm
_07487_,235.96µm
_02802_,235.5µm
u_transform_scheduler_core.mod_diag_X0_q\[13\],235.2µm
_06211_,234.69µm
_04117_,234.33µm
clknet_leaf_28_clk_regs,234.33µm
_06620_,234.13µm
net158,233.67µm
_04077_,233.57µm
_05738_,233.52µm
u_transform_scheduler_core.u_mixed_radix_butterfly.arithmetic_x0_i_reg\[8\],233.06µm
_04489_,233.01µm
_06158_,232.96µm
u_transform_scheduler_core.u_mixed_radix_butterfly.combine_x0_i_reg\[10\],232.7µm
_04656_,232.04µm
_04171_,231.99µm
_03127_,231.89µm
_02058_,231.84µm
_02814_,231.63µm
_04769_,229.85µm
_06826_,229.65µm
_04507_,229.24µm
u_transform_scheduler_core.u_fft128_modulo_controller.fetch_stage\[0\],228.73µm
_02528_,228.07µm
u_transform_scheduler_core.u_mixed_radix_butterfly.premultiply_input_q_reg\[2\],227.97µm
_05078_,227.74µm
_06810_,225.73µm
_06740_,225.68µm
_02016_,225.12µm
_05507_,225.12µm
_05132_,224.61µm
u_transform_scheduler_core.u_mixed_radix_butterfly.low_ii_reg\[17\],224.3µm
_03860_,223.23µm
_05950_,222.93µm
_06138_,222.88µm
_06116_,222.47µm
u_transform_scheduler_core.mod_diag_X0_q\[9\],221.86µm
u_transform_scheduler_core.u_mixed_radix_butterfly.scalar_operand\[2\],220.84µm
_04193_,220.74µm
_06421_,220.41µm
clknet_leaf_31_clk_regs,220.02µm
_02195_,219.77µm
_08572_,219.62µm
_06192_,219.57µm
_06750_,219.11µm
u_transform_scheduler_core.small_sent_uop,219.11µm
_06438_,218.96µm
_06133_,218.6µm
clknet_0_clk,218.45µm
_05768_,217.94µm
_04495_,217.89µm
_06245_,217.84µm
_05961_,217.58µm
_02142_,217.28µm
_05179_,217.28µm
u_transform_scheduler_core.u_mixed_radix_butterfly.combine_half_sum_i_reg\[3\],216.82µm
clknet_2_0_0_clk_regs,216.31µm
_03952_,216.21µm
_05155_,216.21µm
u_transform_scheduler_core.mod_diag_X1_q\[14\],215.65µm
u_transform_scheduler_core.u_mixed_radix_butterfly.arithmetic_x0_i_reg\[9\],215.65µm
_06100_,215.6µm
_04378_,214.53µm
_06746_,214.53µm
_05628_,214.02µm
_06265_,214µm
_07751_,213.97µm
u_transform_scheduler_core.u_mixed_radix_butterfly.x1_i_ext\[0\],212.44µm
_05566_,211.73µm
u_transform_scheduler_core.u_mixed_radix_butterfly.combine_half_sum_q_reg\[3\],210.71µm
u_transform_scheduler_core.u_mixed_radix_butterfly.x2_i_ext\[0\],210.66µm
_02444_,210.35µm
_06014_,210.15µm
_06063_,210µm
_07722_,209.74µm
u_transform_scheduler_core.u_mixed_radix_butterfly.combine_half_sum_q_reg\[0\],209.13µm
u_transform_scheduler_core.mod_diag_X1_q\[13\],207.81µm
_05833_,207.76µm
_05794_,207.2µm
u_transform_scheduler_core.bf_X0_i\[12\],206.45µm
_04353_,206.13µm
_05341_,206.13µm
u_transform_scheduler_core.u_fft128_modulo_controller.fetch_stage\[2\],206.12µm
_04118_,205.57µm
_06224_,205.52µm
_03326_,205.01µm
_03730_,204.805µm
_07042_,204.5µm
u_transform_scheduler_core.bf_X0_q\[5\],204.5µm
_04189_,204.4µm
_05007_,204.4µm
_05196_,203.89µm
_04939_,202.72µm
_05229_,202.21µm
u_transform_scheduler_core.mod_diag_X0_q\[12\],201.67µm
_06735_,201.65µm
u_transform_scheduler_core.dft12_active,201.24µm
u_transform_scheduler_core.mod_diag_X0_i\[10\],201.09µm
_04558_,200.24µm
_03392_,199.92µm
_04136_,199.51µm
_05711_,199.36µm
_02568_,199µm
_03437_,199µm
_02274_,198.34µm
_03107_,198.34µm
_04625_,198.29µm
_05782_,198.29µm
_04965_,198.24µm
_05819_,197.68µm
_03521_,197.27µm
u_transform_scheduler_core.u_mixed_radix_butterfly.combine_product_re_reg\[6\],197.27µm
_03087_,197.17µm
_02453_,196.76µm
u_transform_scheduler_core.ofdm_fft_block_ready,196.1µm
_08424_,196.05µm
u_transform_scheduler_core.u_mixed_radix_butterfly.premultiply_half_sum_q_reg\[15\],195.54µm
_08425_,195.49µm
_04576_,195.44µm
_06435_,195.03µm
u_transform_scheduler_core.u_mixed_radix_butterfly.combine_half_sum_q_reg\[5\],195.03µm
_04643_,194.88µm
u_transform_scheduler_core.u_fft128_modulo_controller.fetch_j\[3\],194.47µm
_04798_,193.96µm
net81,193.91µm
top_state\[12\],193.86µm
_04621_,193.7µm
u_transform_scheduler_core.u_mixed_radix_butterfly.combine_product_re_reg\[5\],193.4µm
u_transform_scheduler_core.fft128_tx_active,193.35µm
_06376_,193.2µm
_08392_,193.2µm
u_transform_scheduler_core.u_mixed_radix_butterfly.combine_x0_i_reg\[2\],193.07µm
_03497_,192.38µm
_05696_,191.72µm
_06338_,191.52µm
_03726_,191.11µm
_04286_,191.06µm
_07462_,191.06µm
_04575_,190.96µm
_05969_,190.65µm
_06022_,190.6µm
_04487_,189.99µm
u_transform_scheduler_core.rx_state\[2\],189.99µm
_06418_,189.84µm
_03725_,189.38µm
_04191_,189.38µm
_04261_,189µm
_02049_,188.26µm
_04548_,188.26µm
u_transform_scheduler_core.u_mixed_radix_butterfly.x2_i_ext\[1\],187.7µm
u_transform_scheduler_core.mod_diag_X1_i\[12\],187.14µm
_05013_,187.09µm
_05988_,186.68µm
_07687_,186.53µm
u_transform_scheduler_core.rx_fft128_index\[6\],186.275µm
_04928_,185.92µm
_05859_,185.92µm
_02167_,185.56µm
_04022_,185.51µm
_05752_,185.36µm
_04506_,184.95µm
_05982_,184.95µm
_04364_,184.9µm
u_transform_scheduler_core.rx_state\[15\],184.9µm
_06320_,184.85µm
_08690_,184.34µm
_03935_,183.73µm
u_transform_scheduler_core.u_mixed_radix_butterfly.twiddle_im_reg\[7\],183.68µm
_04483_,183.22µm
u_transform_scheduler_core.dft12_state\[1\],183.22µm
_03774_,183.17µm
u_transform_scheduler_core.u_mixed_radix_butterfly.low_rq_reg\[17\],182.71µm
_03518_,182.25µm
u_transform_scheduler_core.u_fft_scratch_sram.state\[0\],182.1µm
u_transform_scheduler_core.fifo_x1_q\[0\]\[6\],182µm
_06318_,181.54µm
_06154_,181.44µm
u_transform_scheduler_core.u_mixed_radix_butterfly.premultiply_half_sum_q_reg\[13\],180.98µm
_04882_,180.88µm
_03961_,180.42µm
_04132_,180.42µm
u_transform_scheduler_core.u_fft128_modulo_controller.read_issue_count\[1\],180.29µm
_03694_,179.91µm
_04347_,179.35µm
_05895_,179.35µm
_04431_,179.3µm
_05279_,179.25µm
_06397_,178.79µm
_07454_,178.69µm
_06626_,178.64µm
top_state\[4\],178.43µm
u_transform_scheduler_core.fifo_x0_i\[0\]\[10\],178.18µm
_08171_,178.13µm
_03541_,177.72µm
u_transform_scheduler_core.mod_diag_X1_q\[11\],176.78µm
_06296_,176.45µm
_02062_,175.89µm
_03150_,175.02µm
_04250_,174.46µm
_04336_,174.36µm
_04068_,174.26µm
_04358_,174.26µm
_04824_,174.21µm
_05766_,174.21µm
_03546_,173.7µm
_03250_,173.6µm
u_transform_scheduler_core.u_mixed_radix_butterfly.combine_product_re_reg\[13\],173.24µm
clknet_leaf_29_clk_regs,173.24µm
_04579_,173.09µm
u_transform_scheduler_core.u_fft128_modulo_controller.fetch_j\[1\],172.88µm
u_transform_scheduler_core.u_mixed_radix_butterfly.x1_i_ext\[15\],172.58µm
_03230_,171.92µm
_05649_,171.92µm
u_transform_scheduler_core.u_mixed_radix_butterfly.combine_product_re_reg\[12\],171.41µm
_04319_,170.95µm
_05919_,170.9µm
_06282_,170.9µm
_05145_,170.85µm
u_transform_scheduler_core.fifo_x2_i\[0\]\[10\],170.29µm
_04552_,169.83µm
_03458_,169.78µm
u_transform_scheduler_core.u_fft_scratch_sram.u_lo.macro_wdata\[7\],169.59µm
_03600_,169.27µm
_04039_,169.22µm
_05300_,169.17µm
u_transform_scheduler_core.mod_diag_X0_q\[14\],169.17µm
_03933_,168.66µm
u_transform_scheduler_core.u_mixed_radix_butterfly.combine_product_re_reg\[7\],168.2µm
_02018_,168.05µm
_05948_,167.69µm
_06829_,167.65µm
u_transform_scheduler_core.u_mixed_radix_butterfly.combine_half_sum_q_reg\[4\],167.64µm
_06064_,167.49µm
_05479_,167.44µm
u_transform_scheduler_core.mod_diag_X1_q\[10\],166.93µm
_04550_,166.51µm
_02095_,166.37µm
_02298_,166.37µm
_05725_,166.37µm
_05974_,166.13µm
_02541_,166.06µm
top_state\[2\],166.06µm
u_transform_scheduler_core.u_mixed_radix_butterfly.combine_product_re_reg\[4\],166.01µm
_04913_,165.96µm
u_transform_scheduler_core.u_mixed_radix_butterfly.combine_half_sum_q_reg\[1\],165.81µm
net89,165.7µm
_02428_,165.4µm
_06081_,165.2µm
_04456_,165.04µm
_02463_,164.74µm
_02030_,164.64µm
u_transform_scheduler_core.u_fft128_modulo_controller.slot_phase\[1\],164.38µm
_04400_,164.33µm
_04551_,164.33µm
_07458_,164.28µm
_02433_,164.13µm
net215,163.245µm
_05976_,163.08µm
_04108_,163.06µm
u_transform_scheduler_core.ofdm_mem_addr\[6\],163.06µm
u_transform_scheduler_core.u_mixed_radix_butterfly.premultiply_input_q_reg\[10\],163.06µm
_06062_,162.96µm
_03958_,162.55µm
u_transform_scheduler_core.u_mixed_radix_butterfly.premultiply_half_sum_q_reg\[12\],162.5µm
u_transform_scheduler_core.mod_diag_X0_i\[9\],162.4µm
_06012_,162.01µm
_02358_,161.99µm
_03148_,161.89µm
_03875_,161.84µm
_06729_,161.84µm
_02138_,161.33µm
u_transform_scheduler_core.u_mixed_radix_butterfly.twiddle_im_reg\[5\],160.72µm
_06280_,160.48µm
_04711_,160.26µm
_00065_,160.21µm
u_transform_scheduler_core.u_mixed_radix_butterfly.combine_half_sum_q_reg\[11\],159.9µm
_03544_,159.75µm
_05698_,159.09µm
_05739_,159.04µm
_02782_,158.63µm
_08210_,158.53µm
u_transform_scheduler_core.fifo_x2_q\[0\]\[6\],158.53µm
_05806_,158.48µm
u_transform_scheduler_core.u_fft128_modulo_controller.result_stage\[0\],158.22µm
_06208_,158.07µm
_06006_,157.97µm
_02591_,157.92µm
u_transform_scheduler_core.u_mixed_radix_butterfly.combine_x0_q_reg\[14\],157.56µm
_05965_,157.36µm
u_transform_scheduler_core.u_fft128_modulo_controller.fetch_j\[4\],157.15µm
u_transform_scheduler_core.u_mixed_radix_butterfly.combine_x0_i_reg\[4\],157.1µm
u_transform_scheduler_core.mod_diag_X1_q\[12\],156.9µm
u_transform_scheduler_core.u_fft128_modulo_controller.fetch_j\[2\],156.9µm
_07727_,156.44µm
u_transform_scheduler_core.u_mixed_radix_butterfly.x1_i_ext\[14\],156.44µm
standalone_active,156.34µm
_04545_,156.29µm
_04050_,156.24µm
u_transform_scheduler_core.u_mixed_radix_butterfly.combine_half_sum_i_reg\[12\],155.27µm
_04624_,154.56µm
_04064_,153.74µm
_02395_,153.69µm
_04565_,153.49µm
u_transform_scheduler_core.u_mixed_radix_butterfly.combine_product_re_reg\[8\],152.75µm
_04098_,152.62µm
_04311_,152.57µm
_02196_,152.47µm
u_transform_scheduler_core.u_mixed_radix_butterfly.combine_half_sum_i_reg\[11\],152.47µm
u_transform_scheduler_core.u_fft128_modulo_controller.slot_phase\[2\],151.91µm
u_transform_scheduler_core.u_mixed_radix_butterfly.combine_x0_i_reg\[14\],151.91µm
_02130_,150.69µm
_06459_,150.23µm
_03705_,150.13µm
u_transform_scheduler_core.mod_diag_X1_q\[9\],150.13µm
_07088_,150.08µm
_03047_,149.78µm
_04855_,149.52µm
_06616_,149.01µm
u_transform_scheduler_core.u_mixed_radix_butterfly.arithmetic_x0_i_reg\[3\],148.96µm
_06859_,148.6µm
_05149_,147.84µm
_05873_,147.28µm
_06637_,147.28µm
_08048_,147.1µm
_06856_,146.77µm
_04285_,146.16µm
_05958_,146.16µm
_06954_,146.16µm
_02015_,145.65µm
_04593_,145.65µm
clknet_1_0__leaf_clk,145.46µm
_04104_,145.19µm
u_transform_scheduler_core.fifo_x0_q\[0\]\[6\],145.09µm
_04613_,145.04µm
net12,145.04µm
u_transform_scheduler_core.u_mixed_radix_butterfly.combine_half_sum_q_reg\[9\],144.58µm
_04051_,144.53µm
_04419_,144.53µm
u_transform_scheduler_core.fifo_count\[0\],143.92µm
u_transform_scheduler_core.u_mixed_radix_butterfly.combine_x0_i_reg\[1\],143.05µm
_03738_,142.8µm
_02364_,142.54µm
net109,142.23µm
_06808_,141.88µm
_03425_,141.73µm
_06719_,141.68µm
net20,141.12µm
_02275_,140.81µm
u_transform_scheduler_core.u_mixed_radix_butterfly.combine_x0_i_reg\[12\],140.72µm
_07724_,140.2µm
u_transform_scheduler_core.u_mixed_radix_butterfly.combine_product_re_reg\[14\],140.05µm
_06724_,140µm
u_transform_scheduler_core.u_fft128_modulo_controller.result_addr0\[0\],139.64µm
u_transform_scheduler_core.mod_diag_X0_q\[10\],139.44µm
_03177_,139.13µm
_02237_,138.98µm
_02243_,138.47µm
u_transform_scheduler_core.u_fft_scratch_sram.rv_hi,138.42µm
_06102_,138.37µm
_07005_,138.37µm
u_transform_scheduler_core.dft12_phase\[1\],138.21µm
_02468_,137.76µm
_06176_,137.76µm
u_transform_scheduler_core.u_mixed_radix_butterfly.x1_i_ext\[13\],137.45µm
_06004_,137.4µm
_04433_,137.35µm
_05946_,137.35µm
u_transform_scheduler_core.u_mixed_radix_butterfly.combine_x0_q_reg\[3\],137.3µm
_04796_,137.2µm
u_transform_scheduler_core.u_mixed_radix_butterfly.combine_x0_i_reg\[3\],136.23µm
u_transform_scheduler_core.u_mixed_radix_butterfly.combine_half_sum_q_reg\[10\],135.72µm
_06993_,135.62µm
u_transform_scheduler_core.tx_mem_addr\[1\],135.62µm
_08271_,135.57µm
u_transform_scheduler_core.u_mixed_radix_butterfly.low_rr_reg\[17\],135.16µm
_06059_,134.96µm
_08243_,134.6µm
u_transform_scheduler_core.u_mixed_radix_butterfly.combine_x0_q_reg\[9\],134.6µm
_04365_,134.55µm
u_transform_scheduler_core.ofdm_mem_addr\[5\],134.45µm
u_transform_scheduler_core.u_mixed_radix_butterfly.twiddle_im_reg\[4\],134.45µm
_03729_,133.43µm
_04085_,133.43µm
u_transform_scheduler_core.fft128_block_ready,133.38µm
_03931_,133.33µm
_05214_,133.28µm
_06362_,132.26µm
_08281_,132.16µm
_04080_,131.24µm
_04969_,131.14µm
_06157_,131.09µm
_06641_,131.09µm
u_transform_scheduler_core.u_mixed_radix_butterfly.combine_x0_i_reg\[11\],130.63µm
u_transform_scheduler_core.u_mixed_radix_butterfly.arithmetic_half_sum_i_reg\[7\],130.53µm
_04273_,130.02µm
_04405_,130.02µm
_05060_,129.97µm
_05127_,129.97µm
_02116_,129.92µm
_06647_,129.36µm
u_transform_scheduler_core.fifo_x2_q\[0\]\[5\],129.36µm
_02461_,129µm
u_transform_scheduler_core.bf_X0_q\[2\],128.9µm
clknet_1_1__leaf_clk,128.66µm
_02276_,128.44µm
_06060_,128.29µm
u_transform_scheduler_core.mod_diag_X0_q\[11\],128.29µm
u_transform_scheduler_core.u_mixed_radix_butterfly.arithmetic_half_sum_q_reg\[2\],128.29µm
_04316_,128.24µm
_05680_,128.24µm
_02524_,127.73µm
_04173_,127.73µm
_06783_,127.68µm
_04052_,127.22µm
_02505_,127.17µm
u_transform_scheduler_core.u_mixed_radix_butterfly.combine_x0_q_reg\[4\],126.76µm
u_transform_scheduler_core.mod_diag_X1_i\[14\],126.71µm
u_transform_scheduler_core.u_mixed_radix_butterfly.x2_q_ext\[15\],126.71µm
u_transform_scheduler_core.dft12_phase\[0\],126.25µm
_04241_,126.15µm
u_transform_scheduler_core.u_mixed_radix_butterfly.combine_product_im_reg\[9\],126.15µm
u_transform_scheduler_core.u_mixed_radix_butterfly.combine_product_im_reg\[14\],126.1µm
u_transform_scheduler_core.u_mixed_radix_butterfly.twiddle_re_reg\[3\],126.1µm
u_transform_scheduler_core.tx_capture_done,126µm
top_state\[8\],125.74µm
_02478_,125.59µm
u_transform_scheduler_core.u_mixed_radix_butterfly.combine_x0_i_reg\[5\],125.59µm
_05590_,125.44µm
_03710_,125.08µm
_02021_,124.93µm
_04351_,124.93µm
_05084_,124.93µm
_08786_,124.93µm
u_transform_scheduler_core.u_mixed_radix_butterfly.x2_q_ext\[8\],124.57µm
u_transform_scheduler_core.bf_X0_q\[0\],124.42µm
u_transform_scheduler_core.u_mixed_radix_butterfly.x0_i_ext\[0\],123.86µm
_05661_,123.81µm
_08142_,123.76µm
_04053_,123.4µm
u_transform_scheduler_core.u_fft128_modulo_controller.result_j\[4\],123.35µm
_05971_,123.25µm
_06848_,123.25µm
u_transform_scheduler_core.u_fft128_modulo_controller.result_stage\[1\],122.71µm
_06163_,122.69µm
u_transform_scheduler_core.u_mixed_radix_butterfly.combine_half_sum_q_reg\[7\],122.33µm
_04061_,122.23µm
_04217_,122.23µm
u_transform_scheduler_core.u_mixed_radix_butterfly.combine_product_im_reg\[12\],122.23µm
_05641_,122.08µm
_05723_,122.08µm
_06119_,121.62µm
_04563_,121.01µm
_06696_,120.96µm
_00038_,120.4µm
_04395_,120.04µm
u_transform_scheduler_core.mod_diag_X1_i\[13\],119.94µm
u_transform_scheduler_core.u_mixed_radix_butterfly.combine_half_sum_q_reg\[13\],119.94µm
_03394_,119.89µm
_06891_,119.89µm
_04361_,119.84µm
_04990_,119.84µm
_06294_,119.84µm
_04583_,119.33µm
u_transform_scheduler_core.u_mixed_radix_butterfly.low_iq_reg\[17\],118.97µm
top_state\[15\],118.87µm
_04488_,118.77µm
_05194_,118.77µm
u_transform_scheduler_core.u_fft128_modulo_controller.fetch_j\[5\],118.26µm
_05995_,118.16µm
_02146_,117.7µm
_03857_,117.65µm
u_transform_scheduler_core.fifo_x2_q\[0\]\[2\],117.65µm
_04722_,117.6µm
_06965_,117.6µm
u_transform_scheduler_core.u_mixed_radix_butterfly.combine_x0_q_reg\[8\],117.19µm
_02663_,116.63µm
_05388_,116.63µm
u_transform_scheduler_core.dft12_phase_onehot\[2\],116.63µm
u_transform_scheduler_core.mod_diag_X0_i\[11\],116.63µm
_04723_,116.53µm
_05255_,116.53µm
_02484_,116.25µm
u_transform_scheduler_core.u_mixed_radix_butterfly.combine_product_re_reg\[15\],115.97µm
_04794_,115.92µm
_08628_,115.92µm
u_transform_scheduler_core.tx_sample_i\[6\],115.92µm
_04021_,115.66µm
_03711_,115.56µm
u_transform_scheduler_core.tx_output_busy,115.56µm
_03588_,115.46µm
_03592_,115.41µm
_08404_,115.36µm
u_transform_scheduler_core.u_mixed_radix_butterfly.combine_product_im_reg\[13\],114.95µm
_08275_,114.9µm
_04874_,114.85µm
_04687_,114.8µm
_04112_,114.34µm
u_transform_scheduler_core.dft12_tx_active,114.34µm
u_transform_scheduler_core.u_mixed_radix_butterfly.combine_half_sum_i_reg\[6\],114.29µm
u_transform_scheduler_core.u_mixed_radix_butterfly.combine_uop_reg\[0\],113.83µm
u_transform_scheduler_core.u_mixed_radix_butterfly.x2_q_ext\[1\],113.73µm
_03321_,113.68µm
_04485_,113.68µm
_05536_,113.68µm
_06995_,113.68µm
_02503_,113.27µm
_03765_,113.22µm
_04851_,113.17µm
_06680_,113.17µm
u_transform_scheduler_core.u_mixed_radix_butterfly.premultiply_half_sum_i_reg\[8\],113.17µm
u_transform_scheduler_core.u_mixed_radix_butterfly.combine_x0_q_reg\[1\],112.76µm
_07048_,112.66µm
u_transform_scheduler_core.u_mixed_radix_butterfly.combine_x0_q_reg\[12\],112.38µm
_02494_,112.05µm
_04172_,112.05µm
_02485_,111.49µm
_05318_,111.49µm
u_transform_scheduler_core.u_mixed_radix_butterfly.combine_half_sum_q_reg\[8\],111.49µm
_06099_,111.44µm
_08471_,111.44µm
_04254_,111.135µm
_04125_,111.03µm
_07753_,111.03µm
u_transform_scheduler_core.u_mixed_radix_butterfly.combine_x0_i_reg\[0\],111.03µm
_04259_,110.93µm
_06383_,110.93µm
u_transform_scheduler_core.u_mixed_radix_butterfly.combine_half_sum_q_reg\[12\],110.93µm
_04676_,110.7µm
u_transform_scheduler_core.u_fft128_modulo_controller.result_j\[3\],110.52µm
_06887_,110.37µm
u_transform_scheduler_core.mod_diag_addr0\[2\],110.37µm
_04662_,110.32µm
_03690_,109.91µm
_06845_,109.81µm
_02687_,109.76µm
u_transform_scheduler_core.dft12_ram_i\[4\]\[15\],109.76µm
_05955_,109.5µm
u_transform_scheduler_core.u_mixed_radix_butterfly.arithmetic_half_sum_q_reg\[6\],109.3µm
_08049_,109.25µm
_02149_,108.69µm
_05874_,108.69µm
u_transform_scheduler_core.u_subcarrier_mapper.clear_phase,108.28µm
u_transform_scheduler_core.u_mixed_radix_butterfly.x1_q_ext\[3\],108.23µm
u_transform_scheduler_core.u_mixed_radix_butterfly.arithmetic_x0_q_reg\[8\],108.18µm
_04632_,108.13µm
_07813_,108.08µm
_04072_,107.21µm
_02025_,107.06µm
_02382_,107.06µm
_02498_,107.06µm
u_transform_scheduler_core.u_mixed_radix_butterfly.combine_half_sum_i_reg\[10\],107.06µm
_03930_,107.01µm
_04078_,107.01µm
_08516_,107.01µm
_04479_,106.98µm
_05252_,106.96µm
_05962_,106.96µm
_06175_,106.96µm
u_transform_scheduler_core.u_mixed_radix_butterfly.combine_half_sum_i_reg\[4\],106.96µm
_04403_,106.6µm
_04600_,106.55µm
_06809_,106.55µm
u_transform_scheduler_core.u_mixed_radix_butterfly.arithmetic_half_sum_i_reg\[13\],106.45µm
u_transform_scheduler_core.u_mixed_radix_butterfly.premultiply_half_sum_i_reg\[15\],106.45µm
_04007_,106.4µm
_04661_,106.4µm
u_transform_scheduler_core.u_mixed_radix_butterfly.premultiply_half_sum_i_reg\[14\],106.4µm
_07723_,106.09µm
u_transform_scheduler_core.u_mixed_radix_butterfly.combine_half_sum_i_reg\[9\],105.99µm
u_transform_scheduler_core.u_mixed_radix_butterfly.x1_i_ext\[2\],105.94µm
_04056_,105.89µm
_05887_,105.84µm
u_transform_scheduler_core.u_mixed_radix_butterfly.combine_half_sum_i_reg\[5\],105.43µm
_03721_,105.33µm
_04379_,105.28µm
u_transform_scheduler_core.mod_diag_X1_i\[11\],104.87µm
u_transform_scheduler_core.u_mixed_radix_butterfly.x2_q_ext\[14\],104.87µm
_03731_,104.82µm
_06583_,104.77µm
_08137_,104.77µm
_03928_,104.26µm
u_transform_scheduler_core.fifo_x2_i\[0\]\[6\],104.16µm
_05367_,103.7µm
_04236_,103.65µm
_08438_,103.6µm
_02467_,103.19µm
_05317_,102.48µm
u_transform_scheduler_core.mod_diag_addr0\[1\],102.48µm
u_transform_scheduler_core.u_fdiq_output_adapter.state\[4\],102.07µm
u_transform_scheduler_core.u_mixed_radix_butterfly.x0_i_ext\[5\],102.02µm
_05217_,101.97µm
_08408_,101.97µm
_04380_,101.92µm
_05665_,101.92µm
_08445_,101.92µm
u_transform_scheduler_core.dft12_ram_i\[6\]\[14\],101.46µm
_04175_,101.41µm
_04309_,101.41µm
_05298_,101.41µm
u_transform_scheduler_core.dft12_phase_onehot\[1\],101.41µm
u_transform_scheduler_core.u_mixed_radix_butterfly.combine_x0_q_reg\[0\],101.41µm
_05169_,101.36µm
_06969_,101.36µm
u_transform_scheduler_core.dft12_ram_i\[4\]\[14\],101µm
_03973_,100.95µm
_04907_,100.85µm
u_transform_scheduler_core.u_mixed_radix_butterfly.combine_x0_i_reg\[15\],100.8µm
u_transform_scheduler_core.dft12_ram_q\[6\]\[12\],100.44µm
_03706_,100.39µm
_05869_,100.29µm
u_transform_scheduler_core.fifo_x0_q\[0\]\[5\],100.29µm
u_transform_scheduler_core.u_mixed_radix_butterfly.combine_sum_i_reg\[0\],100.29µm
u_transform_scheduler_core.dft12_ram_q\[10\]\[0\],100.24µm
u_transform_scheduler_core.dft12_ram_i\[1\]\[0\],99.83µm
_08515_,99.68µm
_08568_,99.12µm
u_transform_scheduler_core.dft12_ram_q\[5\]\[0\],98.86µm
u_transform_scheduler_core.u_mixed_radix_butterfly.combine_product_re_reg\[9\],98.71µm
_06820_,98.66µm
_05967_,98.56µm
_02466_,98.1µm
_04598_,98.1µm
_07007_,98.1µm
u_transform_scheduler_core.dft12_ram_q\[4\]\[0\],98.1µm
u_transform_scheduler_core.u_fft128_modulo_controller.result_j\[5\],98.1µm
_05845_,98.05µm
_06017_,98.05µm
u_transform_scheduler_core.dft12_ram_q\[2\]\[1\],98.05µm
_04759_,97.08µm
u_transform_scheduler_core.small_sent_twiddle_im,96.98µm
_05283_,96.93µm
u_transform_scheduler_core.u_fft128_modulo_controller.fetch_stage\[1\],96.925µm
_05986_,96.88µm
_06546_,96.88µm
u_transform_scheduler_core.u_mixed_radix_butterfly.combine_product_im_reg\[10\],96.42µm
top_state\[0\],96.34µm
_02136_,96.32µm
_03949_,95.81µm
_04959_,95.81µm
_06607_,95.81µm
_05997_,95.76µm
_04268_,95.35µm
_08278_,95.25µm
_02625_,95.2µm
_06457_,95.2µm
u_transform_scheduler_core.dft12_ram_i\[6\]\[2\],94.79µm
_03189_,94.69µm
_04127_,94.69µm
u_transform_scheduler_core.u_mixed_radix_butterfly.x1_q_ext\[5\],94.69µm
debug_write,94.28µm
_04532_,94.23µm
_04683_,94.18µm
u_transform_scheduler_core.u_fft_scratch_sram.saved_wdata\[27\],94.18µm
u_transform_scheduler_core.u_mixed_radix_butterfly.combine_x0_i_reg\[7\],94.18µm
_04635_,93.67µm
_04792_,93.57µm
u_transform_scheduler_core.u_fft_scratch_sram.u_hi.macro_wdata\[7\],93.43µm
u_transform_scheduler_core.dft12_ram_q\[4\]\[15\],93.11µm
_04646_,93.06µm
_05263_,93.06µm
_06489_,93.06µm
_05841_,93.01µm
_06434_,93.01µm
_03070_,92.96µm
u_transform_scheduler_core.mod_diag_X0_q\[6\],92.73µm
_05964_,92.55µm
_02125_,92.5µm
_04350_,92.4µm
_05951_,92.4µm
_08337_,92.4µm
net14,92.4µm
_06194_,92.04µm
u_transform_scheduler_core.u_mixed_radix_butterfly.twiddle_re_full,92.04µm
_06838_,91.99µm
_02709_,91.94µm
_03960_,91.84µm
_06475_,91.84µm
u_transform_scheduler_core.u_mixed_radix_butterfly.premultiply_input_q_reg\[14\],91.84µm
u_transform_scheduler_core.rx_state\[0\],91.48µm
_06472_,91.43µm
u_transform_scheduler_core.small_sent_x0_q,91.43µm
_02462_,91.38µm
_05981_,91.38µm
u_transform_scheduler_core.dft12_ram_i\[2\]\[11\],91.38µm
u_transform_scheduler_core.tx_mem_addr\[4\],91.38µm
u_transform_scheduler_core.u_mixed_radix_butterfly.premultiply_twiddle_im_reg\[7\],91.33µm
_07281_,90.77µm
u_transform_scheduler_core.u_mixed_radix_butterfly.combine_x0_q_reg\[5\],90.41µm
u_transform_scheduler_core.u_mixed_radix_butterfly.combine_x0_i_reg\[8\],90.31µm
_03282_,90.21µm
_08479_,90.21µm
_02270_,89.75µm
_05382_,89.75µm
_07747_,89.75µm
u_transform_scheduler_core.u_fft128_modulo_controller.result_stage\[2\],89.7µm
_02518_,89.65µm
u_transform_scheduler_core.dft12_ram_i\[6\]\[15\],89.65µm
u_transform_scheduler_core.mod_diag_X1_i\[8\],89.65µm
u_transform_scheduler_core.mod_diag_addr0\[3\],89.65µm
u_transform_scheduler_core.u_fdiq_input_adapter.held_i\[2\],89.6µm
_04055_,89.42µm
u_transform_scheduler_core.dft12_ram_q\[6\]\[15\],89.19µm
_05232_,89.09µm
u_transform_scheduler_core.u_fft128_modulo_controller.result_group\[2\],89.09µm
u_transform_scheduler_core.u_mixed_radix_butterfly.combine_x0_q_reg\[2\],88.73µm
_02533_,88.58µm
_04159_,88.58µm
_02502_,88.53µm
net15,88.53µm
_04500_,88.48µm
_05277_,88.48µm
u_transform_scheduler_core.u_mixed_radix_butterfly.twiddle_re_reg\[4\],88.48µm
u_transform_scheduler_core.fifo_x0_i\[0\]\[6\],87.97µm
u_transform_scheduler_core.u_fft128_modulo_controller.result_group\[1\],87.97µm
u_transform_scheduler_core.u_fft128_modulo_controller.result_j\[1\],87.71µm
_02459_,87.56µm
u_transform_scheduler_core.mod_x1_i\[0\],87.51µm
_05040_,87.46µm
top_state\[6\],87.46µm
u_transform_scheduler_core.ofdm_mem_addr\[3\],87.46µm
_02133_,87.41µm
_07453_,87.41µm
u_transform_scheduler_core.dft12_ram_q\[4\]\[12\],87.41µm
_05336_,87.36µm
_07798_,87.36µm
u_transform_scheduler_core.dft12_ram_q\[5\]\[12\],87.36µm
u_transform_scheduler_core.u_mixed_radix_butterfly.x2_i_ext\[8\],87µm
_04058_,86.95µm
u_transform_scheduler_core.tx_mem_addr\[0\],86.85µm
_05432_,86.8µm
u_transform_scheduler_core.u_fft128_modulo_controller.result_j\[2\],86.44µm
_04517_,86.34µm
_05442_,86.34µm
u_transform_scheduler_core.mod_diag_addr1\[3\],86.34µm
_07230_,86.29µm
u_transform_scheduler_core.mod_diag_X1_q\[8\],86.24µm
u_transform_scheduler_core.dft12_ram_q\[1\]\[0\],85.78µm
u_transform_scheduler_core.mod_diag_X1_i\[4\],85.78µm
u_transform_scheduler_core.u_mixed_radix_butterfly.twiddle_im_full,85.78µm
_02193_,85.73µm
_07474_,85.73µm
_06419_,85.68µm
_03934_,85.12µm
_08521_,84.66µm
u_transform_scheduler_core.u_mixed_radix_butterfly.multiply_phase\[1\],84.66µm
_08267_,84.61µm
_02455_,84.56µm
u_serializer.byte_index\[0\],84.3µm
u_transform_scheduler_core.u_fft128_modulo_controller.state\[2\],84.3µm
_03265_,84.05µm
_03719_,84.05µm
_08759_,84.05µm
u_transform_scheduler_core.u_fdiq_output_adapter.sample_i_reg\[1\],84.05µm
u_transform_scheduler_core.u_mixed_radix_butterfly.combine_x0_i_reg\[6\],84.05µm
_04725_,84µm
_05320_,84µm
_06021_,84µm
_08461_,84µm
u_transform_scheduler_core.dft12_ram_i\[5\]\[6\],83.64µm
u_transform_scheduler_core.u_fdiq_output_adapter.sample_i_reg\[13\],83.59µm
u_transform_scheduler_core.u_mixed_radix_butterfly.product_iq_reg\[19\],83.59µm
u_transform_scheduler_core.dft12_ram_q\[9\]\[0\],83.54µm
u_transform_scheduler_core.fifo_x2_i\[0\]\[4\],83.54µm
_05653_,83.49µm
u_transform_scheduler_core.dft12_ram_q\[10\]\[15\],83.49µm
u_transform_scheduler_core.u_mixed_radix_butterfly.combine_half_sum_q_reg\[2\],83.49µm
_05672_,83.44µm
u_transform_scheduler_core.u_mixed_radix_butterfly.x1_i_ext\[5\],83.13µm
_02537_,82.93µm
_04678_,82.88µm
u_transform_scheduler_core.u_mixed_radix_butterfly.combine_sum_q_reg\[0\],82.88µm
u_transform_scheduler_core.dft12_ram_q\[2\]\[15\],82.42µm
u_transform_scheduler_core.dft12_ram_i\[2\]\[1\],82.37µm
_03880_,82.32µm
u_transform_scheduler_core.dft12_ram_i\[2\]\[14\],82.32µm
_07683_,81.91µm
_04302_,81.86µm
_02355_,81.81µm
_04155_,81.81µm
_05614_,81.81µm
_06015_,81.81µm
u_transform_scheduler_core.tx_sample_i\[0\],81.81µm
_03957_,81.76µm
_04618_,81.76µm
_02644_,81.3µm
u_transform_scheduler_core.u_mixed_radix_butterfly.combine_half_sum_i_reg\[8\],81.25µm
_02588_,81.2µm
_08430_,81.2µm
_04397_,80.74µm
u_transform_scheduler_core.mod_diag_last,80.74µm
u_transform_scheduler_core.u_mixed_radix_butterfly.x1_q_ext\[8\],80.74µm
_02529_,80.69µm
u_transform_scheduler_core.small_sent_twiddle_re,80.69µm
_05104_,80.64µm
u_transform_scheduler_core.u_fft128_modulo_controller.result_group\[3\],80.33µm
_05975_,80.28µm
u_transform_scheduler_core.u_mixed_radix_butterfly.x2_i_ext\[7\],80.28µm
u_transform_scheduler_core.u_mixed_radix_butterfly.x1_i_ext\[12\],80.23µm
_04092_,80.18µm
_07765_,80.13µm
u_transform_scheduler_core.u_mixed_radix_butterfly.premultiply_x0_i_reg\[0\],80.13µm
_04198_,80.08µm
_06950_,80.08µm
_02493_,79.9µm
_08096_,79.62µm
u_transform_scheduler_core.dft12_ram_i\[5\]\[15\],79.62µm
_03936_,79.57µm
u_transform_scheduler_core.dft12_ram_q\[6\]\[2\],79.57µm
_06711_,79.52µm
_08752_,79.52µm
u_transform_scheduler_core.dft12_ram_i\[10\]\[7\],79.16µm
_08181_,79.06µm
_08183_,79.06µm
u_transform_scheduler_core.u_mixed_radix_butterfly.combine_product_re_reg\[10\],79.06µm
u_transform_scheduler_core.u_mixed_radix_butterfly.combine_x0_q_reg\[15\],79.06µm
_07034_,79.01µm
_08784_,79.01µm
_04399_,78.96µm
_06222_,78.96µm
_06850_,78.96µm
_04161_,78.68µm
u_transform_scheduler_core.mod_diag_X0_i\[14\],78.55µm
_04216_,78.5µm
u_transform_scheduler_core.u_mixed_radix_butterfly.product_rq_reg\[17\],78.5µm
u_transform_scheduler_core.u_mixed_radix_butterfly.x1_q_ext\[15\],78.5µm
_04047_,78.45µm
_04570_,78.45µm
_06442_,78.45µm
u_transform_scheduler_core.u_mixed_radix_butterfly.premultiply_input_q_reg\[15\],78.45µm
_02225_,78.09µm
u_transform_scheduler_core.dft12_ram_q\[11\]\[0\],77.94µm
u_transform_scheduler_core.dft12_ram_q\[1\]\[9\],77.94µm
u_transform_scheduler_core.dft12_ram_q\[5\]\[8\],77.94µm
u_transform_scheduler_core.u_mixed_radix_butterfly.premultiply_input_q_reg\[13\],77.94µm
_06853_,77.89µm
_07218_,77.89µm
_04686_,77.84µm
_06586_,77.84µm
u_transform_scheduler_core.dft12_ram_q\[5\]\[13\],77.71µm
u_transform_scheduler_core.dft12_ram_q\[1\]\[4\],77.61µm
_02132_,77.43µm
u_transform_scheduler_core.u_mixed_radix_butterfly.x1_q_ext\[0\],77.43µm
u_transform_scheduler_core.u_tdiq_input_cp_remove.useful_sample_index\[1\],77.43µm
u_transform_scheduler_core.dft12_ram_i\[10\]\[2\],77.38µm
u_transform_scheduler_core.dft12_ram_i\[5\]\[9\],77.38µm
u_transform_scheduler_core.tx_mem_addr\[2\],77.38µm
u_transform_scheduler_core.u_mixed_radix_butterfly.x1_i_ext\[8\],77.38µm
_05370_,77.28µm
_06698_,77.28µm
u_transform_scheduler_core.u_mixed_radix_butterfly.x2_i_ext\[5\],76.92µm
u_transform_scheduler_core.fifo_inverse\[0\]\[0\],76.87µm
_04396_,76.82µm
_06961_,76.82µm
u_transform_scheduler_core.u_mixed_radix_butterfly.x1_i_ext\[10\],76.82µm
_03691_,76.77µm
_03947_,76.77µm
u_transform_scheduler_core.dft12_ram_q\[3\]\[0\],76.77µm
u_transform_scheduler_core.dft12_ram_q\[5\]\[5\],76.77µm
u_transform_scheduler_core.u_subcarrier_mapper.clear_index\[3\],76.77µm
u_transform_scheduler_core.dft12_ram_i\[7\]\[2\],76.72µm
u_transform_scheduler_core.small_sent_x0_i,76.72µm
_05033_,76.615µm
_02515_,76.59µm
u_transform_scheduler_core.u_fft128_modulo_controller.fetch_x1_i\[1\],76.54µm
u_transform_scheduler_core.u_mixed_radix_butterfly.combine_product_im_reg\[11\],76.26µm
u_transform_scheduler_core.u_mixed_radix_butterfly.x2_q_ext\[0\],76.26µm
_04826_,76.21µm
_07435_,76.21µm
u_transform_scheduler_core.u_mixed_radix_butterfly.combine_half_sum_q_reg\[15\],76.21µm
_05888_,76.16µm
_04371_,75.85µm
u_transform_scheduler_core.u_fft128_modulo_controller.fetch_x1_q\[1\],75.76µm
u_transform_scheduler_core.dft12_ram_i\[3\]\[14\],75.75µm
u_transform_scheduler_core.u_mixed_radix_butterfly.combine_x0_i_reg\[9\],75.75µm
_02495_,75.7µm
u_transform_scheduler_core.dft12_ram_q\[8\]\[6\],75.7µm
u_transform_scheduler_core.u_mixed_radix_butterfly.x1_q_ext\[1\],75.7µm
_08527_,75.65µm
u_transform_scheduler_core.ofdm_mem_addr\[4\],75.65µm
delaynet_2_core_clk,75.65µm
_04847_,75.6µm
u_transform_scheduler_core.dft12_ram_q\[10\]\[8\],75.19µm
_03929_,75.14µm
_06399_,75.09µm
u_transform_scheduler_core.dft12_ram_i\[2\]\[15\],75.09µm
u_transform_scheduler_core.mod_diag_addr1\[1\],75.09µm
_04880_,75.04µm
_05610_,75.04µm
_04413_,74.73µm
_04277_,74.63µm
u_transform_scheduler_core.u_mixed_radix_butterfly.combine_x0_q_reg\[6\],74.63µm
_04089_,74.58µm
u_transform_scheduler_core.u_mixed_radix_butterfly.premultiply_x0_i_reg\[2\],74.58µm
_06002_,74.53µm
_08009_,74.53µm
u_transform_scheduler_core.u_mixed_radix_butterfly.twiddle_im_reg\[3\],74.53µm
_02821_,74.48µm
u_transform_scheduler_core.dft12_ram_q\[10\]\[1\],74.48µm
u_transform_scheduler_core.u_mixed_radix_butterfly.product_rr_reg\[13\],74.48µm
u_transform_scheduler_core.u_fdiq_output_adapter.sample_q_reg\[8\],74.12µm
output_left\[0\],74.07µm
u_transform_scheduler_core.dft12_ram_q\[5\]\[14\],74.07µm
_02743_,74.02µm
u_transform_scheduler_core.u_mixed_radix_butterfly.x1_i_ext\[7\],74.02µm
_04644_,73.97µm
_06825_,73.97µm
_05521_,73.92µm
u_transform_scheduler_core.dft12_ram_q\[10\]\[11\],73.46µm
u_transform_scheduler_core.dft12_sent_x0_i,73.46µm
u_transform_scheduler_core.mod_x1_q\[0\],73.46µm
u_transform_scheduler_core.u_mixed_radix_butterfly.arithmetic_x0_i_reg\[11\],73.46µm
_02213_,73.41µm
_03404_,73.41µm
_03670_,73.41µm
_06980_,73.41µm
_08407_,73.41µm
_05197_,73.36µm
_04616_,73.1µm
_04272_,73.05µm
u_transform_scheduler_core.dft12_ram_q\[1\]\[11\],72.9µm
u_transform_scheduler_core.u_mixed_radix_butterfly.x1_i_ext\[11\],72.9µm
_08821_,72.85µm
_04461_,72.8µm
_06908_,72.8µm
_04428_,72.49µm
input_left\[0\],72.49µm
_04641_,72.34µm
_07647_,72.34µm
u_transform_scheduler_core.dft12_ram_q\[5\]\[15\],72.34µm
u_transform_scheduler_core.result_meta_read_pointer\[1\],72.29µm
_04786_,72.24µm
_06600_,72.24µm
u_transform_scheduler_core.dft12_ram_q\[2\]\[12\],72.24µm
u_transform_scheduler_core.dft12_ram_q\[2\]\[4\],71.83µm
_05427_,71.78µm
u_transform_scheduler_core.tx_dft12_block_ready,71.78µm
delaynet_0_core_clk,71.78µm
_07705_,71.73µm
u_transform_scheduler_core.fifo_x2_q\[0\]\[3\],71.68µm
_06984_,71.27µm
u_transform_scheduler_core.dft12_ram_q\[8\]\[0\],71.27µm
u_transform_scheduler_core.dft12_base\[3\],71.22µm
u_transform_scheduler_core.ofdm_mem_addr\[2\],71.22µm
u_transform_scheduler_core.u_fdiq_output_adapter.sample_q_reg\[15\],71.22µm
_02665_,71.12µm
_05674_,71.12µm
net19,71.12µm
_04088_,70.76µm
u_transform_scheduler_core.u_mixed_radix_butterfly.x1_i_ext\[9\],70.71µm
_06870_,70.66µm
u_transform_scheduler_core.u_fdiq_output_adapter.sample_i_reg\[15\],70.66µm
_03745_,70.61µm
_03926_,70.61µm
_04994_,70.56µm
_06704_,70.56µm
u_transform_scheduler_core.dft12_ram_i\[2\]\[8\],70.56µm
_08823_,70.25µm
u_transform_scheduler_core.dft12_ram_i\[2\]\[10\],70.25µm
u_transform_scheduler_core.u_fft128_modulo_controller.fetch_group\[3\],70.25µm
u_transform_scheduler_core.u_mixed_radix_butterfly.combine_half_sum_i_reg\[7\],70.25µm
u_transform_scheduler_core.u_mixed_radix_butterfly.product_rq_reg\[12\],70.1µm
u_transform_scheduler_core.dft12_ram_q\[2\]\[7\],70.05µm
u_transform_scheduler_core.mod_diag_addr1\[2\],70.05µm
_02357_,70µm
u_transform_scheduler_core.dft12_ram_q\[5\]\[10\],69.64µm
u_transform_scheduler_core.rx_fft128_index\[0\],69.64µm
_07227_,69.59µm
u_transform_scheduler_core.dft12_ram_i\[3\]\[15\],69.59µm
_03943_,69.49µm
u_transform_scheduler_core.u_mixed_radix_butterfly.premultiply_input_q_reg\[12\],69.49µm
_02496_,69.44µm
_05237_,69.44µm
_06569_,69.44µm
_04492_,69.03µm
_08397_,68.98µm
u_transform_scheduler_core.dft12_ram_q\[4\]\[14\],68.98µm
u_transform_scheduler_core.dft12_ram_q\[6\]\[14\],68.98µm
_08224_,68.93µm
u_transform_scheduler_core.dft12_ram_i\[11\]\[15\],68.93µm
u_transform_scheduler_core.dft12_ram_q\[10\]\[9\],68.93µm
u_transform_scheduler_core.mod_diag_valid,68.93µm
u_transform_scheduler_core.tx_sample_i\[4\],68.93µm
_03091_,68.88µm
_03343_,68.88µm
u_transform_scheduler_core.u_mixed_radix_butterfly.combine_x0_q_reg\[10\],68.57µm
u_transform_scheduler_core.dft12_ram_q\[4\]\[9\],68.37µm
u_transform_scheduler_core.u_fdiq_output_adapter.sample_i_reg\[5\],68.37µm
u_transform_scheduler_core.u_mixed_radix_butterfly.x0_q_ext\[7\],68.37µm
u_transform_scheduler_core.result_meta_read_pointer\[0\],67.96µm
u_transform_scheduler_core.dft12_ram_i\[1\]\[1\],67.91µm
u_transform_scheduler_core.dft12_ram_i\[10\]\[3\],67.86µm
u_transform_scheduler_core.ofdm_capture_busy,67.86µm
_06101_,67.81µm
u_transform_scheduler_core.u_mixed_radix_butterfly.arithmetic_x0_i_reg\[13\],67.81µm
u_transform_scheduler_core.u_mixed_radix_butterfly.x0_i_ext\[1\],67.81µm
_04561_,67.76µm
u_transform_scheduler_core.dft12_ram_i\[6\]\[1\],67.4µm
u_transform_scheduler_core.dft12_ram_i\[10\]\[1\],67.3µm
u_transform_scheduler_core.dft12_ram_q\[11\]\[13\],67.3µm
u_transform_scheduler_core.u_mixed_radix_butterfly.x2_q_ext\[5\],67.3µm
u_transform_scheduler_core.dft12_ram_q\[2\]\[10\],67.25µm
_06512_,67.2µm
u_transform_scheduler_core.u_mixed_radix_butterfly.x2_i_ext\[9\],67.2µm
_03855_,66.97µm
_03793_,66.94µm
u_transform_scheduler_core.u_fft128_modulo_controller.fetch_issued,66.79µm
_04879_,66.74µm
magic_index\[1\],66.74µm
u_transform_scheduler_core.dft12_ram_i\[10\]\[11\],66.74µm
_04761_,66.69µm
u_transform_scheduler_core.dft12_ram_q\[1\]\[1\],66.69µm
u_transform_scheduler_core.dft12_ram_q\[2\]\[0\],66.69µm
u_transform_scheduler_core.dft12_ram_q\[4\]\[2\],66.69µm
_03065_,66.64µm
_05398_,66.64µm
_05802_,66.64µm
_06380_,66.64µm
_08849_,66.64µm
u_transform_scheduler_core.tx_sample_i\[1\],66.23µm
u_transform_scheduler_core.dft12_ram_i\[2\]\[12\],66.18µm
u_transform_scheduler_core.dft12_ram_i\[5\]\[14\],66.18µm
u_transform_scheduler_core.dft12_ram_q\[2\]\[6\],66.18µm
u_transform_scheduler_core.tx_mem_addr\[5\],66.18µm
_03932_,66.13µm
u_transform_scheduler_core.dft12_ram_i\[3\]\[5\],66.13µm
_04501_,66.08µm
_04634_,66.08µm
_05817_,66.08µm
u_transform_scheduler_core.u_fft_scratch_sram.u_hi.macro_wdata\[2\],65.99µm
u_transform_scheduler_core.dft12_ram_q\[5\]\[3\],65.77µm
u_transform_scheduler_core.tx_mem_addr\[3\],65.77µm
u_transform_scheduler_core.u_mixed_radix_butterfly.combine_half_sum_i_reg\[14\],65.67µm
_07763_,65.62µm
u_transform_scheduler_core.dft12_ram_q\[7\]\[0\],65.62µm
u_transform_scheduler_core.mod_diag_X0_i\[13\],65.62µm
u_transform_scheduler_core.u_mixed_radix_butterfly.x1_q_ext\[7\],65.62µm
u_transform_scheduler_core.u_mixed_radix_butterfly.x2_q_ext\[13\],65.62µm
_04252_,65.57µm
magic_index\[0\],65.57µm
u_transform_scheduler_core.dft12_ram_q\[1\]\[3\],65.57µm
u_transform_scheduler_core.u_mixed_radix_butterfly.product_ii_reg\[21\],65.57µm
_05260_,65.52µm
u_transform_scheduler_core.u_mixed_radix_butterfly.premultiply_x0_i_reg\[6\],65.52µm
u_transform_scheduler_core.dft12_ram_q\[4\]\[13\],65.16µm
_02477_,65.11µm
_02500_,65.11µm
_04498_,65.11µm
u_transform_scheduler_core.dft12_ram_q\[10\]\[13\],65.11µm
u_transform_scheduler_core.u_mixed_radix_butterfly.x1_q_ext\[12\],65.11µm
u_transform_scheduler_core.u_mixed_radix_butterfly.x1_q_ext\[9\],65.11µm
_03500_,65.06µm
_04615_,65.06µm
_08762_,65.06µm
u_transform_scheduler_core.tx_mem_addr\[6\],65.06µm
u_transform_scheduler_core.u_fft_scratch_sram.saved_wdata\[23\],65.06µm
u_transform_scheduler_core.u_mixed_radix_butterfly.premultiply_x0_i_reg\[1\],65.06µm
u_transform_scheduler_core.u_mixed_radix_butterfly.product_rq_reg\[9\],65.06µm
_04432_,65.01µm
_08266_,65.01µm
u_transform_scheduler_core.dft12_ram_i\[3\]\[12\],65.01µm
u_transform_scheduler_core.u_mixed_radix_butterfly.final_scalar_product_reg\[12\],65.01µm
_04671_,64.96µm
_06392_,64.96µm
_03941_,64.55µm
_04287_,64.55µm
_07049_,64.55µm
u_transform_scheduler_core.dft12_ram_q\[10\]\[4\],64.55µm
_03708_,64.5µm
u_transform_scheduler_core.dft12_ram_i\[1\]\[5\],64.5µm
u_transform_scheduler_core.dft12_ram_q\[11\]\[3\],64.5µm
u_transform_scheduler_core.u_mixed_radix_butterfly.combine_x0_i_reg\[13\],64.5µm
_02374_,64.45µm
_03841_,64.45µm
_05493_,64.4µm
u_transform_scheduler_core.u_mixed_radix_butterfly.combine_half_sum_i_reg\[13\],64.04µm
output_left\[1\],63.99µm
u_transform_scheduler_core.dft12_ram_q\[6\]\[11\],63.99µm
u_transform_scheduler_core.u_mixed_radix_butterfly.x1_q_ext\[13\],63.99µm
_08511_,63.94µm
u_serializer.byte_index\[3\],63.94µm
u_transform_scheduler_core.dft12_ram_i\[7\]\[15\],63.94µm
u_transform_scheduler_core.mod_diag_X1_q\[7\],63.94µm
_05602_,63.89µm
u_transform_scheduler_core.dft12_ram_q\[4\]\[11\],63.89µm
u_transform_scheduler_core.u_subcarrier_mapper.clear_index\[4\],63.89µm
_03193_,63.84µm
_05737_,63.84µm
_05854_,63.84µm
u_transform_scheduler_core.dft12_ram_i\[2\]\[5\],63.48µm
u_transform_scheduler_core.dft12_ram_q\[1\]\[13\],63.43µm
u_transform_scheduler_core.dft12_ram_q\[3\]\[1\],63.43µm
_02361_,63.38µm
_04608_,63.38µm
delaynet_3_core_clk,63.38µm
_06142_,63.33µm
_07145_,63.28µm
_07280_,63.28µm
u_transform_scheduler_core.dft12_ram_q\[2\]\[11\],63.28µm
_04133_,62.87µm
_03498_,62.82µm
u_transform_scheduler_core.dft12_ram_i\[1\]\[6\],62.82µm
u_transform_scheduler_core.dft12_ram_i\[5\]\[12\],62.82µm
u_transform_scheduler_core.mod_diag_X0_i\[15\],62.82µm
u_transform_scheduler_core.u_fdiq_input_adapter.input_sample_index\[2\],62.82µm
_03132_,62.77µm
_08631_,62.77µm
u_transform_scheduler_core.fft128_block_inverse,62.77µm
u_transform_scheduler_core.fifo_x2_q\[0\]\[4\],62.77µm
_02359_,62.72µm
_04340_,62.72µm
_04680_,62.72µm
_04696_,62.72µm
_06530_,62.72µm
_07616_,62.72µm
_07676_,62.72µm
_02330_,62.36µm
u_transform_scheduler_core.dft12_ram_i\[11\]\[1\],62.36µm
u_transform_scheduler_core.dft12_ram_i\[5\]\[0\],62.31µm
u_transform_scheduler_core.u_fft128_modulo_controller.fetch_group\[4\],62.31µm
u_transform_scheduler_core.u_mixed_radix_butterfly.product_iq_reg\[18\],62.31µm
_03804_,62.26µm
_04070_,62.26µm
_04508_,62.26µm
_05790_,62.21µm
_06358_,62.21µm
u_transform_scheduler_core.mod_diag_X0_i\[0\],62.21µm
_06074_,62.16µm
_08760_,62.16µm
u_transform_scheduler_core.dft12_ram_q\[11\]\[4\],62.16µm
_04519_,61.8µm
u_transform_scheduler_core.dft12_ram_i\[2\]\[3\],61.75µm
_03423_,61.7µm
_06086_,61.7µm
_07441_,61.7µm
_07520_,61.7µm
u_transform_scheduler_core.dft12_ram_i\[2\]\[6\],61.7µm
u_transform_scheduler_core.dft12_ram_q\[1\]\[10\],61.7µm
u_transform_scheduler_core.u_fdiq_output_adapter.sample_i_reg\[3\],61.7µm
_07402_,61.65µm
_07625_,61.65µm
_08530_,61.65µm
u_transform_scheduler_core.dft12_ram_i\[1\]\[2\],61.65µm
u_transform_scheduler_core.dft12_ram_q\[7\]\[4\],61.65µm
_04142_,61.6µm
_04310_,61.6µm
_06525_,61.6µm
u_transform_scheduler_core.dft12_ram_i\[8\]\[4\],61.6µm
u_transform_scheduler_core.u_fft128_modulo_controller.fetch_group\[1\],61.24µm
u_transform_scheduler_core.u_mixed_radix_butterfly.x2_i_ext\[4\],61.24µm
_04099_,61.19µm
_04512_,61.19µm
_07181_,61.19µm
_02626_,61.14µm
_07408_,61.14µm
u_transform_scheduler_core.dft12_ram_i\[1\]\[9\],61.14µm
u_transform_scheduler_core.dft12_ram_i\[3\]\[3\],61.14µm
u_transform_scheduler_core.dft12_ram_i\[8\]\[8\],61.14µm
u_transform_scheduler_core.u_mixed_radix_butterfly.high_rr_reg\[12\],61.14µm
u_transform_scheduler_core.u_mixed_radix_butterfly.product_ii_reg\[7\],61.14µm
u_transform_scheduler_core.u_mixed_radix_butterfly.arithmetic_x0_q_reg\[0\],61.09µm
u_transform_scheduler_core.u_mixed_radix_butterfly.premultiply_half_sum_q_reg\[10\],61.09µm
_03950_,61.04µm
u_transform_scheduler_core.u_mixed_radix_butterfly.x0_i_full,60.68µm
u_transform_scheduler_core.u_mixed_radix_butterfly.x1_i_ext\[6\],60.68µm
u_transform_scheduler_core.dft12_ram_i\[3\]\[0\],60.63µm
u_transform_scheduler_core.dft12_ram_i\[5\]\[11\],60.63µm
_08370_,60.58µm
u_transform_scheduler_core.mod_diag_X1_i\[15\],60.58µm
_08724_,60.53µm
u_transform_scheduler_core.u_subcarrier_mapper.clear_index\[5\],60.48µm
_02497_,60.2µm
u_transform_scheduler_core.result_meta_write_pointer\[1\],60.12µm
u_transform_scheduler_core.mod_diag_X1_q\[2\],60.07µm
u_transform_scheduler_core.u_mixed_radix_butterfly.multiply_phase\[2\],60.07µm
_04481_,60.02µm
_04652_,60.02µm
_06118_,60.02µm
_08817_,60.02µm
u_transform_scheduler_core.fifo_x1_q\[0\]\[1\],60.02µm
u_transform_scheduler_core.u_mixed_radix_butterfly.product_rq_reg\[13\],59.97µm
_02096_,59.92µm
input_left\[1\],59.56µm
_06932_,59.46µm
u_transform_scheduler_core.dft12_ram_i\[11\]\[11\],59.46µm
u_transform_scheduler_core.mod_diag_X1_i\[6\],59.46µm
_04054_,59.41µm
u_transform_scheduler_core.dft12_ram_q\[3\]\[11\],59.41µm
u_transform_scheduler_core.dft12_ram_q\[7\]\[15\],59.41µm
u_transform_scheduler_core.rx_dft12_index\[2\],59.41µm
_05258_,59.36µm
_06924_,59.36µm
_02356_,58.95µm
_03853_,58.95µm
u_transform_scheduler_core.dft12_ram_q\[5\]\[11\],58.95µm
_08162_,58.9µm
u_transform_scheduler_core.u_fdiq_output_adapter.sample_i_reg\[8\],58.9µm
_02065_,58.85µm
_03655_,58.85µm
u_transform_scheduler_core.dft12_ram_q\[2\]\[8\],58.85µm
u_transform_scheduler_core.u_fft_scratch_sram.saved_wdata\[29\],58.85µm
_04905_,58.8µm
_05501_,58.8µm
_06508_,58.8µm
_06915_,58.8µm
_07014_,58.8µm
u_transform_scheduler_core.u_mixed_radix_butterfly.arithmetic_x0_i_reg\[0\],58.8µm
u_transform_scheduler_core.dft12_ram_i\[11\]\[12\],58.44µm
u_transform_scheduler_core.dft12_ram_i\[6\]\[10\],58.39µm
_03769_,58.34µm
u_transform_scheduler_core.dft12_ram_i\[9\]\[4\],58.34µm
u_transform_scheduler_core.dft12_ram_q\[11\]\[12\],58.34µm
u_transform_scheduler_core.dft12_ram_q\[7\]\[12\],58.34µm
_03693_,58.29µm
_04698_,58.29µm
u_transform_scheduler_core.dft12_ram_q\[9\]\[5\],58.29µm
u_transform_scheduler_core.tx_sample_index\[0\],58.29µm
u_transform_scheduler_core.u_mixed_radix_butterfly.product_rr_reg\[12\],58.29µm
_04607_,58.24µm
_04682_,58.24µm
_07540_,58.24µm
_08538_,58.24µm
output_left\[3\],58.24µm
u_transform_scheduler_core.u_mixed_radix_butterfly.low_ii_reg\[16\],57.83µm
u_transform_scheduler_core.u_mixed_radix_butterfly.x0_q_full,57.83µm
_04412_,57.78µm
_07623_,57.78µm
_08564_,57.78µm
u_transform_scheduler_core.dft12_ram_i\[7\]\[14\],57.78µm
_02508_,57.73µm
_05920_,57.73µm
_07935_,57.73µm
_08101_,57.73µm
_08213_,57.73µm
_04466_,57.68µm
_04685_,57.68µm
_05204_,57.68µm
_05706_,57.68µm
_07021_,57.68µm
_07199_,57.68µm
u_transform_scheduler_core.mod_diag_X1_i\[3\],57.68µm
u_transform_scheduler_core.u_mixed_radix_butterfly.x2_q_ext\[2\],57.68µm
top_state\[14\],57.27µm
u_transform_scheduler_core.dft12_ram_i\[11\]\[5\],57.27µm
u_transform_scheduler_core.dft12_ram_q\[1\]\[15\],57.27µm
_00062_,57.22µm
_04514_,57.22µm
u_transform_scheduler_core.dft12_ram_q\[3\]\[5\],57.17µm
u_transform_scheduler_core.small_sent_x1_i,57.17µm
_02010_,57.12µm
_02111_,57.12µm
_02434_,57.12µm
_02664_,57.12µm
_07635_,57.12µm
u_transform_scheduler_core.dft12_ram_i\[4\]\[10\],56.76µm
_03366_,56.71µm
u_transform_scheduler_core.dft12_ram_q\[1\]\[6\],56.71µm
u_transform_scheduler_core.dft12_ram_q\[1\]\[7\],56.71µm
u_transform_scheduler_core.dft12_ram_q\[8\]\[12\],56.71µm
_04592_,56.66µm
u_transform_scheduler_core.dft12_ram_i\[5\]\[7\],56.66µm
u_transform_scheduler_core.dft12_ram_q\[4\]\[3\],56.66µm
u_transform_scheduler_core.mod_diag_X1_q\[4\],56.66µm
u_transform_scheduler_core.u_mixed_radix_butterfly.premultiply_twiddle_im_reg\[6\],56.61µm
_05564_,56.56µm
_07651_,56.56µm
u_transform_scheduler_core.dft12_ram_i\[2\]\[4\],56.2µm
_08700_,56.15µm
u_transform_scheduler_core.dft12_ram_i\[10\]\[10\],56.15µm
u_transform_scheduler_core.dft12_ram_i\[4\]\[5\],56.15µm
u_transform_scheduler_core.dft12_ram_q\[9\]\[13\],56.15µm
_07423_,56.1µm
u_transform_scheduler_core.dft12_ram_q\[5\]\[2\],56.1µm
u_transform_scheduler_core.mod_diag_X1_i\[1\],56.1µm
u_transform_scheduler_core.dft12_ram_q\[8\]\[14\],56µm
u_transform_scheduler_core.u_fft_scratch_sram.saved_wdata\[30\],56µm
_02173_,55.69µm
u_transform_scheduler_core.dft12_ram_i\[10\]\[4\],55.64µm
u_transform_scheduler_core.dft12_ram_q\[2\]\[14\],55.64µm
u_transform_scheduler_core.u_fdiq_output_adapter.sample_q_reg\[5\],55.64µm
u_transform_scheduler_core.dft12_ram_q\[5\]\[9\],55.54µm
u_transform_scheduler_core.u_fft_scratch_sram.state\[2\],55.54µm
_04595_,55.49µm
_06894_,55.49µm
_07609_,55.49µm
_08331_,55.49µm
u_transform_scheduler_core.dft12_ram_i\[5\]\[3\],55.49µm
_07122_,55.44µm
u_transform_scheduler_core.u_fft128_modulo_controller.slot_phase\[0\],55.36µm
u_transform_scheduler_core.u_mixed_radix_butterfly.x1_q_ext\[6\],55.08µm
_02469_,55.03µm
u_transform_scheduler_core.dft12_ram_i\[6\]\[7\],55.03µm
u_transform_scheduler_core.dft12_ram_i\[9\]\[1\],55.03µm
u_transform_scheduler_core.dft12_ram_q\[5\]\[6\],55.03µm
u_transform_scheduler_core.u_tdiq_output_cp_insert.requests_left\[1\],55.03µm
_02179_,54.98µm
_05411_,54.98µm
_06816_,54.98µm
u_transform_scheduler_core.dft12_ram_i\[4\]\[12\],54.98µm
u_transform_scheduler_core.dft12_ram_i\[4\]\[8\],54.98µm
u_transform_scheduler_core.dft12_ram_i\[8\]\[12\],54.98µm
_04716_,54.93µm
_04745_,54.93µm
_08612_,54.93µm
top_state\[13\],54.93µm
u_transform_scheduler_core.u_fft_scratch_sram.saved_wdata\[21\],54.93µm
u_transform_scheduler_core.u_mixed_radix_butterfly.final_scalar_product_reg\[3\],54.93µm
_05074_,54.88µm
_06488_,54.88µm
u_transform_scheduler_core.ofdm_mem_addr\[1\],54.52µm
u_transform_scheduler_core.dft12_ram_q\[10\]\[5\],54.47µm
u_transform_scheduler_core.dft12_ram_q\[2\]\[13\],54.47µm
u_transform_scheduler_core.u_mixed_radix_butterfly.product_rr_reg\[21\],54.47µm
u_transform_scheduler_core.dft12_ram_q\[10\]\[6\],54.42µm
u_transform_scheduler_core.dft12_ram_q\[5\]\[1\],54.42µm
_06413_,54.37µm
u_transform_scheduler_core.dft12_ram_i\[6\]\[13\],54.37µm
u_transform_scheduler_core.dft12_ram_q\[6\]\[0\],54.37µm
u_transform_scheduler_core.u_fdiq_output_adapter.sample_q_reg\[13\],54.37µm
_02271_,54.365µm
_03126_,54.32µm
_03290_,54.32µm
_03955_,54.32µm
_04149_,54.32µm
_06973_,54.32µm
u_transform_scheduler_core.dft12_ram_i\[4\]\[0\],54.32µm
u_transform_scheduler_core.u_tdiq_output_cp_insert.pace_count\[0\],54.01µm
u_transform_scheduler_core.u_mixed_radix_butterfly.product_rq_reg\[11\],53.96µm
_02032_,53.91µm
u_transform_scheduler_core.dft12_ram_q\[3\]\[7\],53.91µm
u_transform_scheduler_core.u_fdiq_input_adapter.input_sample_index\[1\],53.91µm
u_transform_scheduler_core.u_tdiq_output_cp_insert.responses_left\[6\],53.91µm
u_transform_scheduler_core.u_fft128_modulo_controller.read_return_count\[1\],53.9µm
_08382_,53.86µm
u_transform_scheduler_core.dft12_ram_i\[3\]\[11\],53.86µm
u_transform_scheduler_core.u_mixed_radix_butterfly.low_rq_reg\[10\],53.86µm
_02113_,53.81µm
_03810_,53.81µm
_04179_,53.81µm
_04903_,53.81µm
_05284_,53.81µm
_06916_,53.81µm
_08225_,53.81µm
u_transform_scheduler_core.dft12_ram_q\[11\]\[6\],53.81µm
u_transform_scheduler_core.dft12_ram_q\[2\]\[3\],53.81µm
u_transform_scheduler_core.dft12_ram_q\[9\]\[2\],53.81µm
_05832_,53.76µm
_07571_,53.76µm
_07622_,53.76µm
_04366_,53.3µm
u_transform_scheduler_core.dft12_ram_i\[5\]\[13\],53.3µm
u_transform_scheduler_core.dft12_sent_twiddle_re,53.3µm
u_transform_scheduler_core.u_mixed_radix_butterfly.combine_x0_q_reg\[13\],53.3µm
_04076_,53.25µm
_04160_,53.25µm
_05305_,53.2µm
_02323_,52.79µm
_06533_,52.79µm
u_transform_scheduler_core.dft12_ram_q\[8\]\[15\],52.79µm
u_transform_scheduler_core.mod_diag_X1_q\[3\],52.79µm
u_transform_scheduler_core.ofdm_sample_valid,52.79µm
_03788_,52.74µm
_03976_,52.74µm
_04195_,52.74µm
_05959_,52.74µm
_02059_,52.69µm
_02078_,52.69µm
_04404_,52.69µm
_07265_,52.69µm
u_transform_scheduler_core.u_mixed_radix_butterfly.product_ii_reg\[17\],52.69µm
u_transform_scheduler_core.u_mixed_radix_butterfly.product_ii_reg\[20\],52.69µm
_02158_,52.64µm
_02512_,52.64µm
_07505_,52.64µm
_08240_,52.64µm
_04202_,52.28µm
u_transform_scheduler_core.dft12_ram_i\[6\]\[9\],52.28µm
_04346_,52.23µm
u_transform_scheduler_core.dft12_ram_i\[8\]\[0\],52.23µm
u_transform_scheduler_core.dft12_ram_i\[9\]\[2\],52.23µm
u_transform_scheduler_core.dft12_ram_q\[8\]\[11\],52.23µm
u_transform_scheduler_core.u_mixed_radix_butterfly.combine_product_im_reg\[15\],52.23µm
_03856_,52.18µm
_04429_,52.18µm
u_transform_scheduler_core.dft12_ram_q\[10\]\[3\],52.18µm
u_transform_scheduler_core.dft12_ram_q\[11\]\[8\],52.18µm
u_transform_scheduler_core.u_mixed_radix_butterfly.product_ii_reg\[14\],52.18µm
u_transform_scheduler_core.u_mixed_radix_butterfly.product_rq_reg\[14\],52.18µm
_02486_,52.13µm
_04426_,52.13µm
_04434_,52.13µm
_05435_,52.13µm
u_transform_scheduler_core.u_mixed_radix_butterfly.final_scalar_product_reg\[0\],52.13µm
_04620_,52.08µm
u_transform_scheduler_core.u_fft_scratch_sram.saved_wdata\[18\],52.08µm
u_transform_scheduler_core.dft12_ram_i\[2\]\[7\],51.9µm
u_transform_scheduler_core.u_mixed_radix_butterfly.low_rr_reg\[13\],51.72µm
u_transform_scheduler_core.dft12_ram_q\[6\]\[4\],51.67µm
u_transform_scheduler_core.mod_diag_X1_i\[9\],51.67µm
u_transform_scheduler_core.small_sent_x2_i,51.67µm
_03581_,51.62µm
_04459_,51.62µm
_05304_,51.62µm
_07693_,51.62µm
_08586_,51.62µm
u_transform_scheduler_core.dft12_ram_i\[11\]\[3\],51.62µm
u_transform_scheduler_core.dft12_ram_i\[3\]\[7\],51.62µm
_04066_,51.57µm
_05025_,51.57µm
_05137_,51.57µm
u_transform_scheduler_core.u_mixed_radix_butterfly.combine_half_sum_q_reg\[14\],51.57µm
u_transform_scheduler_core.u_mixed_radix_butterfly.high_rq_reg\[7\],51.57µm
_03256_,51.52µm
_05675_,51.52µm
_07028_,51.52µm
_08149_,51.52µm
_03740_,51.11µm
u_transform_scheduler_core.dft12_ram_i\[1\]\[12\],51.11µm
u_transform_scheduler_core.dft12_ram_q\[1\]\[5\],51.11µm
u_transform_scheduler_core.u_mixed_radix_butterfly.product_iq_reg\[11\],51.11µm
_07207_,51.06µm
u_transform_scheduler_core.dft12_block_ready,51.06µm
u_transform_scheduler_core.u_mixed_radix_butterfly.high_rr_reg\[11\],51.06µm
u_transform_scheduler_core.u_mixed_radix_butterfly.premultiply_input_i_reg\[9\],51.06µm
_02120_,51.01µm
_06854_,51.01µm
_06883_,51.01µm
u_transform_scheduler_core.dft12_ram_i\[11\]\[0\],51.01µm
u_transform_scheduler_core.dft12_ram_i\[3\]\[10\],51.01µm
u_transform_scheduler_core.dft12_ram_q\[3\]\[15\],51.01µm
u_transform_scheduler_core.u_fft128_modulo_controller.fetch_x1_q\[6\],51.01µm
u_transform_scheduler_core.u_fft128_modulo_controller.result_group\[5\],51.01µm
_04304_,50.96µm
_04649_,50.96µm
_04819_,50.96µm
_05192_,50.96µm
_05886_,50.96µm
_08558_,50.96µm
_08747_,50.96µm
u_transform_scheduler_core.dft12_ram_q\[0\]\[13\],50.96µm
u_transform_scheduler_core.tx_sample_i\[5\],50.96µm
u_transform_scheduler_core.dft12_ram_i\[10\]\[13\],50.905µm
u_transform_scheduler_core.u_tdiq_input_cp_remove.useful_sample_index\[2\],50.65µm
u_transform_scheduler_core.dft12_ram_q\[0\]\[0\],50.6µm
u_transform_scheduler_core.dft12_ram_q\[9\]\[4\],50.6µm
u_transform_scheduler_core.dft12_ram_i\[1\]\[3\],50.55µm
u_transform_scheduler_core.dft12_ram_q\[2\]\[5\],50.55µm
u_transform_scheduler_core.u_fft128_modulo_controller.read_return_count\[0\],50.55µm
u_transform_scheduler_core.u_mixed_radix_butterfly.product_iq_reg\[20\],50.55µm
_07594_,50.5µm
u_transform_scheduler_core.dft12_ram_i\[11\]\[10\],50.5µm
u_transform_scheduler_core.dft12_ram_q\[11\]\[2\],50.5µm
u_transform_scheduler_core.u_mixed_radix_butterfly.low_rr_reg\[10\],50.5µm
_03093_,50.45µm
_03308_,50.45µm
_05762_,50.45µm
_08824_,50.45µm
u_transform_scheduler_core.dft12_ram_q\[1\]\[14\],50.45µm
u_transform_scheduler_core.mod_diag_X1_i\[0\],50.45µm
u_transform_scheduler_core.rx_state\[5\],50.45µm
u_transform_scheduler_core.u_fdiq_input_adapter.held_i\[10\],50.45µm
_03534_,50.4µm
_04670_,50.4µm
_06549_,50.4µm
_07070_,50.4µm
u_transform_scheduler_core.u_mixed_radix_butterfly.x2_q_ext\[7\],50.04µm
u_transform_scheduler_core.dft12_ram_i\[3\]\[1\],49.99µm
u_transform_scheduler_core.u_mixed_radix_butterfly.uop_full,49.99µm
_04084_,49.94µm
_05366_,49.94µm
u_transform_scheduler_core.dft12_ram_q\[8\]\[3\],49.94µm
u_transform_scheduler_core.u_mixed_radix_butterfly.low_rr_reg\[16\],49.94µm
_06937_,49.89µm
u_transform_scheduler_core.dft12_ram_i\[1\]\[10\],49.89µm
u_transform_scheduler_core.dft12_ram_i\[2\]\[0\],49.89µm
u_transform_scheduler_core.tx_mem_addr\[7\],49.89µm
u_transform_scheduler_core.u_mixed_radix_butterfly.premultiply_half_sum_q_reg\[9\],49.89µm
_03744_,49.84µm
_05105_,49.84µm
_06361_,49.84µm
u_transform_scheduler_core.u_mixed_radix_butterfly.arithmetic_half_sum_q_reg\[8\],49.84µm
u_transform_scheduler_core.u_mixed_radix_butterfly.x2_i_ext\[13\],49.84µm
u_transform_scheduler_core.dft12_ram_q\[5\]\[7\],49.48µm
_03595_,49.43µm
u_transform_scheduler_core.dft12_ram_i\[11\]\[2\],49.43µm
u_transform_scheduler_core.dft12_ram_i\[4\]\[4\],49.43µm
u_transform_scheduler_core.dft12_ram_i\[8\]\[15\],49.43µm
u_transform_scheduler_core.dft12_ram_q\[1\]\[8\],49.43µm
u_transform_scheduler_core.result_meta_count\[0\],49.43µm
u_transform_scheduler_core.u_tdiq_output_cp_insert.responses_left\[4\],49.43µm
_03779_,49.38µm
_03794_,49.38µm
_04355_,49.38µm
_05413_,49.38µm
_07568_,49.38µm
_08576_,49.38µm
u_transform_scheduler_core.dft12_ram_i\[11\]\[8\],49.38µm
u_transform_scheduler_core.u_mixed_radix_butterfly.product_iq_reg\[12\],49.38µm
u_transform_scheduler_core.u_mixed_radix_butterfly.x1_q_ext\[11\],49.38µm
_06082_,49.33µm
u_transform_scheduler_core.rx_fft128_index\[5\],49.33µm
u_transform_scheduler_core.u_mixed_radix_butterfly.premultiply_x0_q_reg\[0\],49.28µm
u_transform_scheduler_core.dft12_ram_i\[9\]\[5\],49.05µm
u_transform_scheduler_core.u_mixed_radix_butterfly.low_iq_reg\[10\],49µm
u_serializer.byte_index\[1\],48.97µm
u_transform_scheduler_core.dft12_ram_q\[1\]\[12\],48.92µm
u_transform_scheduler_core.u_mixed_radix_butterfly.product_rq_reg\[3\],48.92µm
output_left\[2\],48.87µm
u_transform_scheduler_core.dft12_ram_i\[10\]\[5\],48.87µm
u_transform_scheduler_core.dft12_ram_q\[6\]\[3\],48.87µm
u_transform_scheduler_core.u_mixed_radix_butterfly.high_rq_reg\[8\],48.83µm
_02438_,48.82µm
_05224_,48.82µm
_06003_,48.82µm
_07187_,48.82µm
_08127_,48.82µm
u_transform_scheduler_core.dft12_ram_q\[4\]\[5\],48.82µm
u_transform_scheduler_core.u_mixed_radix_butterfly.high_iq_reg\[8\],48.82µm
u_transform_scheduler_core.u_mixed_radix_butterfly.high_rr_reg\[1\],48.82µm
_02320_,48.77µm
_04315_,48.77µm
_06714_,48.77µm
_07270_,48.77µm
_07426_,48.77µm
_08742_,48.77µm
u_transform_scheduler_core.dft12_ram_q\[1\]\[2\],48.77µm
u_transform_scheduler_core.small_sent_x1_q,48.77µm
_08582_,48.72µm
u_transform_scheduler_core.u_mixed_radix_butterfly.high_iq_reg\[12\],48.72µm
_04045_,48.41µm
_04141_,48.31µm
u_transform_scheduler_core.dft12_ram_q\[5\]\[4\],48.31µm
u_transform_scheduler_core.dft12_ram_q\[9\]\[10\],48.31µm
u_transform_scheduler_core.u_mixed_radix_butterfly.high_rr_reg\[4\],48.31µm
_07406_,48.3µm
_07629_,48.26µm
_07913_,48.26µm
_08523_,48.26µm
u_transform_scheduler_core.dft12_ram_q\[11\]\[14\],48.26µm
u_transform_scheduler_core.mod_diag_X1_i\[7\],48.26µm
u_transform_scheduler_core.u_mixed_radix_butterfly.premultiply_input_q_reg\[16\],48.26µm
u_transform_scheduler_core.u_mixed_radix_butterfly.x2_q_ext\[3\],48.26µm
_03188_,48.21µm
_05473_,48.21µm
_06403_,48.21µm
_07552_,48.21µm
_07709_,48.21µm
_08644_,48.21µm
u_transform_scheduler_core.u_fdiq_output_adapter.sample_i_reg\[0\],48.21µm
u_transform_scheduler_core.u_mixed_radix_butterfly.final_scalar_product_reg\[8\],48.21µm
u_transform_scheduler_core.u_mixed_radix_butterfly.high_rq_reg\[9\],48.21µm
u_transform_scheduler_core.u_tdiq_input_cp_remove.useful_sample_index\[4\],48.21µm
_05514_,48.16µm
_07861_,48.16µm
_08368_,48.16µm
u_transform_scheduler_core.result_meta_radix3\[0\]\[0\],48.16µm
u_transform_scheduler_core.u_mixed_radix_butterfly.low_rq_reg\[15\],48.16µm
u_transform_scheduler_core.u_fft128_modulo_controller.fetch_x1_q\[2\],47.85µm
_02300_,47.8µm
_04206_,47.8µm
_04463_,47.75µm
u_transform_scheduler_core.u_fdiq_output_adapter.sample_q_reg\[1\],47.75µm
_02375_,47.7µm
_05368_,47.7µm
_07697_,47.7µm
u_transform_scheduler_core.dft12_ram_i\[5\]\[2\],47.7µm
u_transform_scheduler_core.dft12_ram_q\[4\]\[8\],47.7µm
u_transform_scheduler_core.u_tdiq_output_cp_insert.responses_left\[7\],47.7µm
_02231_,47.65µm
_06565_,47.65µm
_07396_,47.65µm
u_transform_scheduler_core.dft12_ram_i\[11\]\[14\],47.65µm
u_transform_scheduler_core.dft12_ram_q\[4\]\[7\],47.65µm
_03492_,47.6µm
_04417_,47.6µm
_05185_,47.6µm
_05205_,47.6µm
_07295_,47.6µm
u_transform_scheduler_core.u_mixed_radix_butterfly.product_rr_reg\[8\],47.6µm
_05343_,47.59µm
u_transform_scheduler_core.u_mixed_radix_butterfly.final_scalar_product_reg\[13\],47.32µm
u_transform_scheduler_core.u_mixed_radix_butterfly.product_rq_reg\[8\],47.24µm
_04129_,47.19µm
u_transform_scheduler_core.dft12_ram_q\[4\]\[6\],47.19µm
_03603_,47.14µm
_03881_,47.14µm
_07530_,47.14µm
_07950_,47.14µm
u_transform_scheduler_core.dft12_ram_i\[4\]\[3\],47.14µm
u_transform_scheduler_core.dft12_ram_i\[6\]\[11\],47.14µm
u_transform_scheduler_core.u_fft128_modulo_controller.fetch_group\[6\],47.14µm
u_transform_scheduler_core.u_mixed_radix_butterfly.premultiply_input_i_reg\[15\],47.14µm
u_transform_scheduler_core.u_mixed_radix_butterfly.product_rq_reg\[7\],47.14µm
u_transform_scheduler_core.u_mixed_radix_butterfly.x1_q_ext\[10\],47.14µm
u_transform_scheduler_core.u_tdiq_output_cp_insert.pace_count\[1\],47.14µm
_03038_,47.09µm
_03046_,47.09µm
_03300_,47.09µm
_04820_,47.09µm
_05374_,47.09µm
_07968_,47.09µm
u_transform_scheduler_core.dft12_ram_q\[3\]\[8\],47.09µm
u_transform_scheduler_core.dft12_ram_q\[4\]\[10\],47.09µm
u_transform_scheduler_core.u_fft128_modulo_controller.pending_diag,47.09µm
_04741_,47.04µm
_05747_,47.04µm
_06149_,47.04µm
_06473_,47.04µm
_08721_,47.04µm
u_transform_scheduler_core.dft12_ram_i\[10\]\[8\],47.04µm
u_transform_scheduler_core.result_meta_inverse\[2\]\[0\],47.04µm
u_transform_scheduler_core.dft12_ram_q\[10\]\[10\],46.58µm
u_transform_scheduler_core.dft12_ram_q\[7\]\[14\],46.58µm
u_transform_scheduler_core.dft12_ram_q\[9\]\[3\],46.58µm
u_transform_scheduler_core.rx_state\[6\],46.58µm
_03357_,46.53µm
_04425_,46.53µm
_05285_,46.53µm
_07260_,46.53µm
_07372_,46.53µm
u_transform_scheduler_core.dft12_ram_i\[5\]\[10\],46.53µm
u_transform_scheduler_core.u_fdiq_output_adapter.sample_i_reg\[10\],46.53µm
u_transform_scheduler_core.u_mixed_radix_butterfly.arithmetic_x0_q_reg\[14\],46.53µm
_02291_,46.48µm
_03565_,46.48µm
_05781_,46.48µm
_08055_,46.48µm
u_transform_scheduler_core.dft12_ram_i\[6\]\[6\],46.48µm
u_transform_scheduler_core.mod_diag_X0_q\[3\],46.48µm
u_transform_scheduler_core.dft12_ram_q\[2\]\[2\],46.12µm
u_transform_scheduler_core.u_mixed_radix_butterfly.x2_i_ext\[6\],46.12µm
u_transform_scheduler_core.u_fdiq_output_adapter.sample_i_reg\[14\],46.07µm
_04204_,46.02µm
_07137_,46.02µm
u_transform_scheduler_core.dft12_ram_i\[3\]\[2\],46.02µm
u_transform_scheduler_core.dft12_ram_i\[6\]\[4\],46.02µm
u_transform_scheduler_core.mod_diag_X1_i\[5\],46.02µm
u_transform_scheduler_core.rx_state\[9\],46.02µm
u_transform_scheduler_core.u_mixed_radix_butterfly.low_iq_reg\[14\],46.02µm
u_transform_scheduler_core.u_mixed_radix_butterfly.x2_i_ext\[10\],46.02µm
u_transform_scheduler_core.u_tdiq_input_cp_remove.input_sample_index\[6\],46.02µm
_03580_,45.97µm
_04650_,45.97µm
_06880_,45.97µm
_08349_,45.97µm
u_transform_scheduler_core.dft12_ram_i\[7\]\[3\],45.97µm
_06453_,45.92µm
u_transform_scheduler_core.u_mixed_radix_butterfly.high_rq_reg\[0\],45.92µm
_03440_,45.74µm
u_transform_scheduler_core.dft12_sent_x0_q,45.56µm
u_transform_scheduler_core.rx_fft128_index\[1\],45.56µm
_02299_,45.51µm
_03890_,45.51µm
_04362_,45.51µm
u_transform_scheduler_core.dft12_ram_i\[6\]\[12\],45.51µm
u_transform_scheduler_core.dft12_ram_i\[8\]\[10\],45.51µm
_03798_,45.46µm
_04197_,45.46µm
_07015_,45.46µm
u_transform_scheduler_core.u_fft_scratch_sram.saved_wdata\[31\],45.46µm
u_transform_scheduler_core.u_mixed_radix_butterfly.product_rq_reg\[5\],45.46µm
_02139_,45.41µm
_03638_,45.41µm
_04000_,45.41µm
_06343_,45.41µm
_07547_,45.41µm
u_transform_scheduler_core.dft12_ram_i\[1\]\[13\],45.41µm
u_transform_scheduler_core.dft12_ram_i\[1\]\[4\],45.41µm
u_transform_scheduler_core.u_mixed_radix_butterfly.combine_half_sum_q_reg\[6\],45.41µm
u_transform_scheduler_core.u_tdiq_output_cp_insert.responses_left\[1\],45.41µm
_05301_,45.36µm
_05623_,45.36µm
_05719_,45.36µm
_07643_,45.36µm
u_transform_scheduler_core.dft12_ram_i\[10\]\[9\],45.05µm
u_transform_scheduler_core.dft12_ram_i\[1\]\[11\],44.95µm
u_transform_scheduler_core.dft12_ram_i\[8\]\[13\],44.95µm
u_transform_scheduler_core.dft12_ram_q\[3\]\[13\],44.95µm
u_transform_scheduler_core.dft12_ram_i\[4\]\[2\],44.91µm
_02460_,44.9µm
_04095_,44.9µm
_06878_,44.9µm
_07306_,44.9µm
_07611_,44.9µm
u_transform_scheduler_core.dft12_ram_i\[0\]\[0\],44.9µm
u_transform_scheduler_core.dft12_ram_i\[11\]\[6\],44.9µm
u_transform_scheduler_core.dft12_ram_q\[6\]\[6\],44.9µm
_02073_,44.85µm
_02506_,44.85µm
_03986_,44.85µm
_04109_,44.85µm
_04114_,44.85µm
_05679_,44.85µm
_05979_,44.85µm
_07101_,44.85µm
u_transform_scheduler_core.dft12_ram_q\[0\]\[7\],44.85µm
u_transform_scheduler_core.fifo_x1_q\[0\]\[4\],44.85µm
u_transform_scheduler_core.u_mixed_radix_butterfly.twiddle_im_reg\[2\],44.85µm
u_transform_scheduler_core.u_mixed_radix_butterfly.uop_reg\[0\],44.85µm
_03874_,44.8µm
_04208_,44.8µm
_05101_,44.8µm
_08111_,44.8µm
u_transform_scheduler_core.u_mixed_radix_butterfly.arithmetic_half_sum_q_reg\[13\],44.8µm
u_transform_scheduler_core.u_tdiq_output_cp_insert.responses_left\[0\],44.54µm
_05933_,44.39µm
_07849_,44.39µm
u_transform_scheduler_core.dft12_ram_i\[5\]\[8\],44.39µm
u_transform_scheduler_core.ofdm_mem_addr\[0\],44.39µm
u_transform_scheduler_core.u_fft128_modulo_controller.result_group\[4\],44.39µm
_02314_,44.34µm
_03409_,44.34µm
_03870_,44.34µm
_04638_,44.34µm
_07031_,44.34µm
_07701_,44.34µm
u_transform_scheduler_core.dft12_ram_i\[5\]\[5\],44.34µm
u_transform_scheduler_core.mod_diag_X0_q\[15\],44.34µm
u_transform_scheduler_core.u_subcarrier_mapper.clear_index\[1\],44.34µm
_02504_,44.29µm
_06602_,44.29µm
_06918_,44.29µm
_07297_,44.29µm
_07673_,44.29µm
u_transform_scheduler_core.u_mixed_radix_butterfly.premultiply_input_i_reg\[8\],44.29µm
u_transform_scheduler_core.u_mixed_radix_butterfly.product_rq_reg\[1\],44.29µm
_02521_,44.24µm
_04120_,44.24µm
_06305_,44.24µm
_08590_,44.24µm
u_transform_scheduler_core.dft12_sent_twiddle_im,44.24µm
u_transform_scheduler_core.u_tdiq_input_cp_remove.useful_sample_index\[5\],43.88µm
u_transform_scheduler_core.dft12_ram_i\[2\]\[9\],43.83µm
u_transform_scheduler_core.u_mixed_radix_butterfly.product_iq_reg\[13\],43.83µm
_03101_,43.78µm
_04957_,43.78µm
u_transform_scheduler_core.dft12_ram_i\[0\]\[1\],43.78µm
u_transform_scheduler_core.u_fdiq_output_adapter.sample_i_reg\[12\],43.78µm
u_transform_scheduler_core.u_fft_scratch_sram.i_half\[5\],43.78µm
u_transform_scheduler_core.u_mixed_radix_butterfly.high_rr_reg\[13\],43.78µm
u_transform_scheduler_core.u_mixed_radix_butterfly.twiddle_im_reg\[6\],43.78µm
_03129_,43.73µm
_05280_,43.73µm
_07211_,43.73µm
u_transform_scheduler_core.dft12_ram_i\[11\]\[4\],43.73µm
u_transform_scheduler_core.dft12_ram_q\[7\]\[6\],43.73µm
u_transform_scheduler_core.rx_state\[11\],43.73µm
u_transform_scheduler_core.u_fdiq_input_adapter.input_sample_index\[3\],43.73µm
u_transform_scheduler_core.u_mixed_radix_butterfly.premultiply_twiddle_im_reg\[1\],43.73µm
_05125_,43.68µm
_05831_,43.68µm
u_transform_scheduler_core.rx_small_x1_i\[6\],43.68µm
u_transform_scheduler_core.u_fdiq_output_adapter.state\[0\],43.68µm
_07252_,43.33µm
u_transform_scheduler_core.u_mixed_radix_butterfly.x2_i_ext\[11\],43.32µm
u_transform_scheduler_core.result_meta_write_pointer\[0\],43.27µm
_03410_,43.22µm
_03996_,43.22µm
_05898_,43.22µm
_07278_,43.22µm
_07422_,43.22µm
_08493_,43.22µm
_08693_,43.22µm
u_transform_scheduler_core.dft12_ram_i\[10\]\[12\],43.22µm
u_transform_scheduler_core.dft12_ram_i\[1\]\[8\],43.22µm
u_transform_scheduler_core.small_inflight_count\[1\],43.22µm
_02247_,43.17µm
_05676_,43.17µm
_06056_,43.17µm
_06363_,43.17µm
_07078_,43.17µm
_08006_,43.17µm
_08146_,43.17µm
u_transform_scheduler_core.dft12_ram_i\[7\]\[12\],43.17µm
u_transform_scheduler_core.dft12_ram_i\[8\]\[14\],43.17µm
u_transform_scheduler_core.dft12_ram_q\[4\]\[4\],43.17µm
u_transform_scheduler_core.mod_diag_X0_i\[12\],43.17µm
u_transform_scheduler_core.u_mixed_radix_butterfly.x0_q_ext\[1\],43.17µm
u_transform_scheduler_core.u_mixed_radix_butterfly.x1_i_ext\[4\],43.17µm
_02859_,43.12µm
_03090_,43.12µm
u_transform_scheduler_core.dft12_ram_q\[7\]\[11\],43.12µm
_03692_,42.89µm
_07167_,42.76µm
u_transform_scheduler_core.dft12_ram_i\[8\]\[6\],42.71µm
u_transform_scheduler_core.dft12_ram_q\[11\]\[10\],42.71µm
u_transform_scheduler_core.u_mixed_radix_butterfly.product_ii_reg\[5\],42.71µm
_04343_,42.66µm
_07915_,42.66µm
u_transform_scheduler_core.u_fft128_modulo_controller.fetch_x1_i\[2\],42.66µm
u_transform_scheduler_core.u_tdiq_output_cp_insert.responses_left\[5\],42.66µm
_02176_,42.61µm
_07466_,42.61µm
u_transform_scheduler_core.u_mixed_radix_butterfly.x1_i_full,42.61µm
_07447_,42.56µm
_08088_,42.56µm
_08255_,42.56µm
u_transform_scheduler_core.dft12_ram_q\[6\]\[9\],42.56µm
u_transform_scheduler_core.fft_mem_rdata\[5\],42.56µm
u_transform_scheduler_core.u_mixed_radix_butterfly.premultiply_x0_q_reg\[10\],42.56µm
_04344_,42.15µm
_07186_,42.15µm
u_transform_scheduler_core.u_fft128_modulo_controller.fetch_x1_i\[5\],42.15µm
_02277_,42.1µm
_04213_,42.1µm
u_transform_scheduler_core.dft12_ram_i\[0\]\[4\],42.1µm
u_transform_scheduler_core.dft12_ram_q\[0\]\[9\],42.1µm
u_transform_scheduler_core.dft12_ram_q\[3\]\[4\],42.1µm
u_transform_scheduler_core.dft12_ram_q\[9\]\[9\],42.1µm
u_transform_scheduler_core.u_fdiq_output_adapter.sample_q_reg\[14\],42.1µm
u_transform_scheduler_core.u_mixed_radix_butterfly.low_rq_reg\[13\],42.1µm
u_transform_scheduler_core.u_mixed_radix_butterfly.product_rq_reg\[19\],42.1µm
_02088_,42.05µm
_04010_,42.05µm
_06050_,42.05µm
_07418_,42.05µm
_07419_,42.05µm
_08097_,42.05µm
_08455_,42.05µm
_08483_,42.05µm
u_transform_scheduler_core.dft12_ram_i\[8\]\[5\],42.05µm
_07141_,42µm
_07363_,42µm
u_transform_scheduler_core.u_fdiq_output_adapter.sample_q_reg\[10\],42µm
u_transform_scheduler_core.dft12_ram_q\[10\]\[14\],41.64µm
u_transform_scheduler_core.u_mixed_radix_butterfly.x2_q_ext\[12\],41.64µm
_03519_,41.59µm
u_transform_scheduler_core.dft12_ram_i\[0\]\[12\],41.59µm
_02667_,41.54µm
_04020_,41.54µm
_04232_,41.54µm
_07243_,41.54µm
_08226_,41.54µm
_08531_,41.54µm
u_transform_scheduler_core.dft12_ram_q\[11\]\[5\],41.54µm
_02140_,41.49µm
_03797_,41.49µm
_03887_,41.49µm
_06990_,41.49µm
_07139_,41.49µm
_07152_,41.49µm
_07345_,41.49µm
_08618_,41.49µm
u_transform_scheduler_core.dft12_ram_i\[8\]\[11\],41.49µm
u_transform_scheduler_core.fft_mem_rdata\[12\],41.49µm
_03417_,41.44µm
_06131_,41.44µm
_07434_,41.44µm
_03360_,41.13µm
_07745_,41.08µm
_07518_,41.03µm
u_transform_scheduler_core.dft12_ram_q\[2\]\[9\],41.03µm
u_transform_scheduler_core.u_mixed_radix_butterfly.product_rr_reg\[9\],41.03µm
u_transform_scheduler_core.u_tdiq_input_cp_remove.expect_q,41.03µm
_05287_,40.98µm
_07503_,40.98µm
_07909_,40.98µm
_08190_,40.98µm
u_transform_scheduler_core.u_fft_scratch_sram.saved_wdata\[24\],40.98µm
u_transform_scheduler_core.u_mixed_radix_butterfly.x0_i_ext\[11\],40.98µm
_02135_,40.93µm
_02586_,40.93µm
_03100_,40.93µm
_03954_,40.93µm
_05925_,40.93µm
_07158_,40.93µm
_07537_,40.93µm
_07736_,40.93µm
_08431_,40.93µm
u_transform_scheduler_core.u_mixed_radix_butterfly.final_scalar_product_reg\[4\],40.93µm
u_transform_scheduler_core.u_mixed_radix_butterfly.low_rr_reg\[9\],40.93µm
_02280_,40.88µm
_08166_,40.88µm
u_transform_scheduler_core.u_fdiq_output_adapter.sample_q_reg\[12\],40.88µm
u_transform_scheduler_core.dft12_ram_q\[8\]\[9\],40.47µm
u_transform_scheduler_core.u_mixed_radix_butterfly.final_scalar_product_reg\[1\],40.47µm
_04101_,40.42µm
_06987_,40.42µm
_07669_,40.42µm
u_transform_scheduler_core.dft12_ram_i\[11\]\[9\],40.42µm
u_transform_scheduler_core.dft12_ram_i\[9\]\[7\],40.42µm
u_transform_scheduler_core.dft12_ram_q\[0\]\[8\],40.42µm
u_transform_scheduler_core.dft12_ram_q\[3\]\[3\],40.42µm
u_transform_scheduler_core.ofdm_sample_index\[4\],40.42µm
u_transform_scheduler_core.u_mixed_radix_butterfly.premultiply_twiddle_im_reg\[5\],40.42µm
_03701_,40.37µm
_04926_,40.37µm
_05440_,40.37µm
_08133_,40.37µm
u_transform_scheduler_core.dft12_ram_q\[9\]\[12\],40.37µm
u_transform_scheduler_core.ofdm_sample_index\[5\],40.37µm
u_transform_scheduler_core.u_mixed_radix_butterfly.premultiply_input_q_reg\[7\],40.37µm
u_transform_scheduler_core.u_subcarrier_mapper.clear_index\[6\],40.37µm
_03143_,40.32µm
_04484_,40.32µm
_04536_,40.32µm
_04800_,40.32µm
_06172_,40.32µm
_07330_,40.32µm
_08367_,40.32µm
_08814_,40.32µm
u_transform_scheduler_core.u_mixed_radix_butterfly.high_iq_reg\[4\],40.32µm
u_transform_scheduler_core.u_subcarrier_mapper.clear_index\[2\],40.32µm
u_transform_scheduler_core.dft12_ram_q\[8\]\[7\],40.01µm
u_transform_scheduler_core.u_mixed_radix_butterfly.x2_i_ext\[3\],39.91µm
_02109_,39.86µm
_06909_,39.86µm
_07203_,39.86µm
_07589_,39.86µm
_07639_,39.86µm
_07840_,39.86µm
u_transform_scheduler_core.dft12_ram_i\[2\]\[13\],39.86µm
u_transform_scheduler_core.dft12_ram_i\[6\]\[5\],39.86µm
u_transform_scheduler_core.dft12_ram_i\[7\]\[8\],39.86µm
_02067_,39.81µm
_02520_,39.81µm
_03291_,39.81µm
_04807_,39.81µm
_06942_,39.81µm
_07086_,39.81µm
_07788_,39.81µm
u_transform_scheduler_core.u_mixed_radix_butterfly.x2_i_ext\[15\],39.81µm
_03215_,39.76µm
_05745_,39.76µm
_05927_,39.76µm
_06492_,39.76µm
_07067_,39.76µm
_08541_,39.76µm
u_transform_scheduler_core.u_fdiq_input_adapter.held_i\[1\],39.76µm
u_transform_scheduler_core.u_fft_scratch_sram.saved_wdata\[25\],39.76µm
_07242_,39.58µm
u_transform_scheduler_core.u_fdiq_output_adapter.sample_q_reg\[4\],39.45µm
u_transform_scheduler_core.dft12_ram_i\[9\]\[8\],39.4µm
u_transform_scheduler_core.u_fft_scratch_sram.state\[3\],39.4µm
_02197_,39.35µm
_04535_,39.35µm
u_transform_scheduler_core.dft12_ram_i\[5\]\[4\],39.35µm
_02303_,39.3µm
_02746_,39.3µm
_05412_,39.3µm
_05947_,39.3µm
_07320_,39.3µm
_07582_,39.3µm
top_state\[1\],39.3µm
u_transform_scheduler_core.dft12_ram_q\[9\]\[15\],39.3µm
u_transform_scheduler_core.mod_diag_X0_i\[6\],39.3µm
u_transform_scheduler_core.rx_state\[7\],39.3µm
u_transform_scheduler_core.u_mixed_radix_butterfly.twiddle_re_reg\[2\],39.3µm
_02075_,39.25µm
_05846_,39.25µm
_06498_,39.25µm
_06761_,39.25µm
_08132_,39.25µm
_08207_,39.25µm
_08601_,39.25µm
u_transform_scheduler_core.dft12_ram_q\[10\]\[2\],39.25µm
u_transform_scheduler_core.u_subcarrier_mapper.clear_index\[0\],39.25µm
_04708_,39.2µm
_05353_,39.2µm
_06115_,39.2µm
_08778_,39.2µm
u_transform_scheduler_core.u_fdiq_output_adapter.sample_q_reg\[3\],39.2µm
u_transform_scheduler_core.u_mixed_radix_butterfly.premultiply_uop_reg\[0\],39.2µm
u_transform_scheduler_core.u_mixed_radix_butterfly.uop_reg\[1\],38.84µm
_02219_,38.79µm
u_transform_scheduler_core.dft12_ram_q\[6\]\[10\],38.79µm
u_transform_scheduler_core.mod_diag_X1_q\[6\],38.79µm
u_transform_scheduler_core.u_fft128_modulo_controller.fetch_group\[2\],38.79µm
u_transform_scheduler_core.u_tdiq_output_cp_insert.pace_count\[2\],38.79µm
_05045_,38.74µm
_07482_,38.74µm
_07502_,38.74µm
_08091_,38.74µm
u_transform_scheduler_core.dft12_ram_i\[6\]\[8\],38.74µm
u_transform_scheduler_core.dft12_ram_q\[9\]\[8\],38.74µm
u_transform_scheduler_core.u_fft128_modulo_controller.fetch_x1_q\[12\],38.74µm
u_transform_scheduler_core.u_mixed_radix_butterfly.arithmetic_half_sum_i_reg\[4\],38.74µm
u_transform_scheduler_core.u_mixed_radix_butterfly.high_rq_reg\[13\],38.74µm
u_transform_scheduler_core.u_mixed_radix_butterfly.product_rr_reg\[15\],38.74µm
u_transform_scheduler_core.u_mixed_radix_butterfly.x2_q_ext\[9\],38.74µm
_03720_,38.69µm
_04524_,38.69µm
_06613_,38.69µm
_07273_,38.69µm
_07388_,38.69µm
_08559_,38.69µm
_08750_,38.69µm
u_transform_scheduler_core.dft12_ram_q\[6\]\[13\],38.69µm
u_transform_scheduler_core.dft12_ram_q\[9\]\[14\],38.69µm
u_transform_scheduler_core.result_meta_inverse\[1\]\[0\],38.69µm
_03105_,38.64µm
_04001_,38.64µm
_05240_,38.64µm
_05286_,38.64µm
_07381_,38.64µm
_08525_,38.64µm
_08643_,38.64µm
u_transform_scheduler_core.rx_state\[12\],38.64µm
u_transform_scheduler_core.u_fdiq_input_adapter.input_sample_index\[0\],38.28µm
u_transform_scheduler_core.u_mixed_radix_butterfly.low_rq_reg\[16\],38.28µm
_07010_,38.23µm
u_transform_scheduler_core.dft12_ram_q\[6\]\[8\],38.23µm
u_transform_scheduler_core.result_meta_count\[1\],38.23µm
u_transform_scheduler_core.u_mixed_radix_butterfly.x2_q_ext\[10\],38.23µm
_03561_,38.18µm
_03908_,38.18µm
u_transform_scheduler_core.dft12_ram_i\[2\]\[2\],38.18µm
u_transform_scheduler_core.dft12_ram_i\[8\]\[3\],38.18µm
u_transform_scheduler_core.dft12_ram_i\[9\]\[3\],38.18µm
u_transform_scheduler_core.fft_mem_rdata\[11\],38.18µm
u_transform_scheduler_core.mod_diag_addr0\[0\],38.18µm
u_transform_scheduler_core.result_meta_radix3\[2\]\[0\],38.18µm
u_transform_scheduler_core.tx_sample_index\[1\],38.18µm
u_transform_scheduler_core.u_mixed_radix_butterfly.arithmetic_half_sum_q_reg\[15\],38.18µm
u_transform_scheduler_core.u_mixed_radix_butterfly.low_rq_reg\[3\],38.18µm
_02406_,38.13µm
_04214_,38.13µm
_04770_,38.13µm
_07742_,38.13µm
_08570_,38.13µm
net16,38.13µm
u_transform_scheduler_core.fft_mem_rdata\[28\],38.13µm
_03117_,38.08µm
_04540_,38.08µm
_07335_,38.08µm
_07871_,38.08µm
_08029_,38.08µm
_03785_,37.72µm
u_transform_scheduler_core.dft12_ram_q\[11\]\[1\],37.72µm
_03408_,37.67µm
_08401_,37.67µm
u_transform_scheduler_core.u_mixed_radix_butterfly.low_iq_reg\[16\],37.67µm
_07603_,37.65µm
u_serializer.byte_index\[2\],37.62µm
u_transform_scheduler_core.dft12_ram_q\[10\]\[7\],37.62µm
u_transform_scheduler_core.dft12_ram_q\[3\]\[12\],37.62µm
u_transform_scheduler_core.dft12_ram_q\[3\]\[9\],37.62µm
u_transform_scheduler_core.dft12_ram_q\[9\]\[11\],37.62µm
u_transform_scheduler_core.u_mixed_radix_butterfly.low_rr_reg\[12\],37.62µm
u_transform_scheduler_core.u_mixed_radix_butterfly.x1_q_ext\[14\],37.62µm
u_transform_scheduler_core.u_tdiq_input_cp_remove.final_sample_pending,37.62µm
_00391_,37.57µm
_02392_,37.57µm
_02511_,37.57µm
_05960_,37.57µm
_07114_,37.57µm
_07344_,37.57µm
_07827_,37.57µm
u_transform_scheduler_core.dft12_ram_q\[0\]\[4\],37.57µm
u_transform_scheduler_core.dft12_ram_q\[3\]\[2\],37.57µm
u_transform_scheduler_core.dft12_ram_q\[7\]\[8\],37.57µm
u_transform_scheduler_core.dft12_sent_x2_i,37.57µm
u_transform_scheduler_core.tx_capture_busy,37.57µm
_04227_,37.52µm
_04439_,37.52µm
_05186_,37.52µm
_06712_,37.52µm
_08001_,37.52µm
_08501_,37.52µm
_08726_,37.52µm
u_transform_scheduler_core.rx_state\[1\],37.52µm
u_transform_scheduler_core.u_mixed_radix_butterfly.x2_q_ext\[4\],37.52µm
u_transform_scheduler_core.dft12_ram_i\[1\]\[15\],37.16µm
_03818_,37.11µm
_06228_,37.11µm
_07567_,37.11µm
_07971_,37.11µm
u_transform_scheduler_core.dft12_ram_i\[3\]\[13\],37.11µm
u_transform_scheduler_core.dft12_ram_q\[9\]\[1\],37.11µm
u_transform_scheduler_core.mod_diag_addr1\[0\],37.11µm
u_transform_scheduler_core.tx_dft12_hold_i\[1\]\[4\],37.11µm
u_transform_scheduler_core.u_mixed_radix_butterfly.product_ii_reg\[1\],37.11µm
u_transform_scheduler_core.u_mixed_radix_butterfly.x1_q_ext\[4\],37.11µm
_03418_,37.06µm
_07607_,37.06µm
_07901_,37.06µm
debug_read_latch\[9\],37.06µm
u_transform_scheduler_core.dft12_ram_i\[3\]\[4\],37.06µm
u_transform_scheduler_core.dft12_ram_i\[7\]\[1\],37.06µm
u_transform_scheduler_core.dft12_ram_q\[7\]\[7\],37.06µm
u_transform_scheduler_core.dft12_ram_q\[8\]\[1\],37.06µm
u_transform_scheduler_core.mod_diag_X0_q\[0\],37.06µm
u_transform_scheduler_core.tx_dft12_hold_q\[2\]\[4\],37.06µm
u_transform_scheduler_core.u_fft128_modulo_controller.fetch_x1_i\[7\],37.06µm
u_transform_scheduler_core.u_mixed_radix_butterfly.product_ii_reg\[10\],37.06µm
u_transform_scheduler_core.u_mixed_radix_butterfly.product_rq_reg\[20\],37.06µm
_03522_,37.01µm
_04363_,37.01µm
_04629_,37.01µm
_07882_,37.01µm
_08045_,37.01µm
debug_read_latch\[12\],37.01µm
output_left\[5\],37.01µm
u_transform_scheduler_core.rx_small_x1_i\[10\],37.01µm
u_transform_scheduler_core.tx_sample_index\[3\],37.01µm
u_transform_scheduler_core.u_mixed_radix_butterfly.high_rq_reg\[1\],37.01µm
u_transform_scheduler_core.u_mixed_radix_butterfly.low_rq_reg\[5\],37.01µm
u_transform_scheduler_core.u_mixed_radix_butterfly.low_rr_reg\[11\],37.01µm
u_transform_scheduler_core.u_mixed_radix_butterfly.premultiply_input_i_reg\[4\],37.01µm
u_transform_scheduler_core.u_mixed_radix_butterfly.product_ii_reg\[19\],37.01µm
_03757_,36.96µm
_04528_,36.96µm
_05519_,36.96µm
_05780_,36.96µm
_06052_,36.96µm
_06096_,36.96µm
_06907_,36.96µm
_08832_,36.96µm
_08847_,36.96µm
u_transform_scheduler_core.u_mixed_radix_butterfly.combine_half_sum_i_reg\[15\],36.96µm
u_transform_scheduler_core.u_mixed_radix_butterfly.final_scalar_product_reg\[2\],36.96µm
u_transform_scheduler_core.u_mixed_radix_butterfly.multiply_phase\[0\],36.6µm
_07060_,36.55µm
_07104_,36.55µm
u_transform_scheduler_core.mod_diag_X0_i\[4\],36.55µm
u_transform_scheduler_core.small_inflight_count\[0\],36.55µm
u_transform_scheduler_core.tx_dft12_hold_i\[0\]\[9\],36.55µm
u_transform_scheduler_core.u_fdiq_output_adapter.sample_i_reg\[4\],36.55µm
u_transform_scheduler_core.u_mixed_radix_butterfly.product_rq_reg\[18\],36.55µm
u_transform_scheduler_core.dft12_ram_i\[4\]\[13\],36.53µm
_04387_,36.51µm
_04002_,36.5µm
_06190_,36.5µm
_07057_,36.5µm
_07869_,36.5µm
_08259_,36.5µm
_08589_,36.5µm
_08725_,36.5µm
u_transform_scheduler_core.dft12_ram_i\[3\]\[6\],36.5µm
u_transform_scheduler_core.dft12_sent_x1_i,36.5µm
u_transform_scheduler_core.mod_diag_X0_q\[7\],36.5µm
u_transform_scheduler_core.u_mixed_radix_butterfly.high_iq_reg\[11\],36.5µm
u_transform_scheduler_core.u_mixed_radix_butterfly.high_rq_reg\[6\],36.5µm
_03206_,36.45µm
_03245_,36.45µm
_03660_,36.45µm
_04303_,36.45µm
_05348_,36.45µm
_07113_,36.45µm
_07192_,36.45µm
_07288_,36.45µm
_07966_,36.45µm
input_left\[3\],36.45µm
u_transform_scheduler_core.u_fft_scratch_sram.saved_wdata\[20\],36.45µm
u_transform_scheduler_core.u_mixed_radix_butterfly.low_ii_reg\[5\],36.45µm
u_transform_scheduler_core.u_mixed_radix_butterfly.product_ii_reg\[15\],36.45µm
u_transform_scheduler_core.u_mixed_radix_butterfly.product_rr_reg\[3\],36.45µm
u_transform_scheduler_core.u_tdiq_output_cp_insert.skid_data\[3\],36.45µm
_02091_,36.4µm
_02141_,36.4µm
_04229_,36.4µm
_08720_,36.4µm
debug_wdata\[8\],36.4µm
u_transform_scheduler_core.dft12_ram_i\[9\]\[6\],36.04µm
_03790_,35.99µm
_07258_,35.99µm
_07483_,35.99µm
u_transform_scheduler_core.dft12_ram_q\[0\]\[15\],35.99µm
u_transform_scheduler_core.dft12_ram_q\[11\]\[11\],35.99µm
u_transform_scheduler_core.dft12_ram_q\[9\]\[7\],35.99µm
u_transform_scheduler_core.dft12_state\[3\],35.99µm
u_transform_scheduler_core.u_mixed_radix_butterfly.x1_q_full,35.99µm
_03390_,35.94µm
_03491_,35.94µm
_04140_,35.94µm
_05351_,35.94µm
_07172_,35.94µm
_07618_,35.94µm
u_transform_scheduler_core.dft12_ram_q\[0\]\[11\],35.94µm
u_transform_scheduler_core.dft12_ram_q\[9\]\[6\],35.94µm
u_transform_scheduler_core.small_sent_x2_q,35.94µm
u_transform_scheduler_core.u_mixed_radix_butterfly.premultiply_half_sum_i_reg\[2\],35.94µm
_00063_,35.89µm
_03051_,35.89µm
_03067_,35.89µm
_03836_,35.89µm
_04334_,35.89µm
_04478_,35.89µm
_05314_,35.89µm
_06621_,35.89µm
_06857_,35.89µm
_07525_,35.89µm
_08510_,35.89µm
echo_data\[0\],35.89µm
u_transform_scheduler_core.dft12_ram_i\[10\]\[14\],35.89µm
u_transform_scheduler_core.u_mixed_radix_butterfly.low_rq_reg\[14\],35.89µm
u_transform_scheduler_core.u_mixed_radix_butterfly.low_rr_reg\[14\],35.89µm
u_transform_scheduler_core.u_mixed_radix_butterfly.product_rr_reg\[16\],35.89µm
u_transform_scheduler_core.u_tdiq_output_cp_insert.requests_left\[0\],35.89µm
_04057_,35.84µm
_06105_,35.84µm
_08282_,35.84µm
u_transform_scheduler_core.dft12_ram_i\[9\]\[0\],35.84µm
u_transform_scheduler_core.fft_mem_rdata\[2\],35.84µm
u_transform_scheduler_core.u_mixed_radix_butterfly.product_ii_reg\[13\],35.66µm
u_transform_scheduler_core.dft12_ram_q\[8\]\[13\],35.44µm
_03882_,35.43µm
_07312_,35.43µm
debug_read_latch\[15\],35.43µm
u_transform_scheduler_core.dft12_ram_i\[6\]\[3\],35.43µm
u_transform_scheduler_core.dft12_ram_q\[11\]\[15\],35.43µm
u_transform_scheduler_core.dft12_ram_q\[7\]\[1\],35.43µm
u_transform_scheduler_core.u_fft128_modulo_controller.fetch_group\[5\],35.43µm
u_transform_scheduler_core.u_mixed_radix_butterfly.high_rr_reg\[8\],35.43µm
_06837_,35.38µm
_08685_,35.38µm
u_transform_scheduler_core.dft12_ram_i\[4\]\[6\],35.38µm
u_transform_scheduler_core.dft12_ram_i\[8\]\[2\],35.38µm
u_transform_scheduler_core.rx_small_x0_i\[10\],35.38µm
u_transform_scheduler_core.u_mixed_radix_butterfly.final_scalar_product_reg\[5\],35.38µm
u_transform_scheduler_core.u_mixed_radix_butterfly.product_ii_reg\[16\],35.38µm
u_transform_scheduler_core.u_mixed_radix_butterfly.product_iq_reg\[14\],35.38µm
_02216_,35.33µm
_03167_,35.33µm
_04151_,35.33µm
_04414_,35.33µm
_05057_,35.33µm
_05073_,35.33µm
_06884_,35.33µm
_07480_,35.33µm
_07593_,35.33µm
_08059_,35.33µm
u_transform_scheduler_core.fft_mem_rdata\[10\],35.33µm
u_transform_scheduler_core.fifo_x1_q\[0\]\[8\],35.33µm
u_transform_scheduler_core.rx_fft128_index\[4\],35.33µm
u_transform_scheduler_core.u_mixed_radix_butterfly.combine_x0_q_reg\[11\],35.33µm
u_transform_scheduler_core.u_mixed_radix_butterfly.high_iq_reg\[5\],35.33µm
_02251_,35.28µm
_02688_,35.28µm
_03687_,35.28µm
_05245_,35.28µm
_06377_,35.28µm
_07132_,35.28µm
_07394_,35.28µm
_08107_,35.28µm
_08371_,35.28µm
u_transform_scheduler_core.dft12_ram_i\[0\]\[14\],35.28µm
u_transform_scheduler_core.dft12_ram_i\[7\]\[13\],35.28µm
u_transform_scheduler_core.fft_mem_rdata\[3\],35.28µm
u_transform_scheduler_core.rx_dft12_i\[1\],35.28µm
u_transform_scheduler_core.u_mixed_radix_butterfly.premultiply_half_sum_i_reg\[4\],35.28µm
_07440_,34.92µm
_03524_,34.87µm
u_transform_scheduler_core.u_mixed_radix_butterfly.low_iq_reg\[15\],34.87µm
_04100_,34.82µm
_04392_,34.82µm
_07662_,34.82µm
_08755_,34.82µm
u_transform_scheduler_core.u_mixed_radix_butterfly.premultiply_x0_i_reg\[12\],34.82µm
_02145_,34.77µm
_02400_,34.77µm
_03347_,34.77µm
_03514_,34.77µm
_04801_,34.77µm
_05458_,34.77µm
_05860_,34.77µm
_07180_,34.77µm
_07411_,34.77µm
_08144_,34.77µm
_08792_,34.77µm
u_transform_scheduler_core.mod_diag_X0_i\[2\],34.77µm
u_transform_scheduler_core.u_mixed_radix_butterfly.arithmetic_uop_reg\[0\],34.77µm
u_transform_scheduler_core.u_mixed_radix_butterfly.product_iq_reg\[1\],34.77µm
_05048_,34.72µm
_07354_,34.72µm
_07486_,34.72µm
_07836_,34.72µm
_08540_,34.72µm
_08536_,34.37µm
u_transform_scheduler_core.u_fdiq_output_adapter.sample_q_reg\[0\],34.36µm
u_transform_scheduler_core.u_fft128_modulo_controller.fetch_x1_i\[12\],34.36µm
_05429_,34.31µm
u_transform_scheduler_core.dft12_ram_i\[7\]\[6\],34.31µm
u_transform_scheduler_core.dft12_ram_q\[6\]\[5\],34.31µm
u_transform_scheduler_core.u_mixed_radix_butterfly.product_rq_reg\[15\],34.31µm
_06945_,34.26µm
_07323_,34.26µm
_08135_,34.26µm
_08201_,34.26µm
debug_read_latch\[11\],34.26µm
top_state\[3\],34.26µm
u_transform_scheduler_core.dft12_ram_q\[6\]\[7\],34.26µm
u_transform_scheduler_core.u_mixed_radix_butterfly.low_ii_reg\[7\],34.26µm
u_transform_scheduler_core.u_mixed_radix_butterfly.premultiply_input_q_reg\[11\],34.26µm
u_transform_scheduler_core.u_tdiq_output_cp_insert.requests_left\[2\],34.26µm
_03549_,34.21µm
_03983_,34.21µm
_04158_,34.21µm
_05851_,34.21µm
_06702_,34.21µm
_06975_,34.21µm
_08254_,34.21µm
_08513_,34.21µm
u_transform_scheduler_core.u_fft128_modulo_controller.fetch_x1_q\[11\],34.21µm
u_transform_scheduler_core.u_mixed_radix_butterfly.premultiply_input_i_reg\[10\],34.21µm
u_transform_scheduler_core.u_mixed_radix_butterfly.premultiply_input_i_reg\[16\],34.21µm
u_transform_scheduler_core.u_tdiq_input_cp_remove.input_sample_index\[1\],34.21µm
_03192_,34.16µm
_03246_,34.16µm
_03396_,34.16µm
_05639_,34.16µm
_06794_,34.16µm
u_transform_scheduler_core.u_mixed_radix_butterfly.product_iq_reg\[22\],34.16µm
_04280_,33.85µm
_04247_,33.75µm
_04305_,33.75µm
u_transform_scheduler_core.dft12_ram_i\[3\]\[8\],33.75µm
u_transform_scheduler_core.u_mixed_radix_butterfly.high_rr_reg\[5\],33.75µm
u_transform_scheduler_core.u_tdiq_input_cp_remove.input_sample_index\[5\],33.75µm
_03493_,33.7µm
_03842_,33.7µm
_04308_,33.7µm
_05989_,33.7µm
_07758_,33.7µm
_07888_,33.7µm
_08697_,33.7µm
_08706_,33.7µm
debug_wdata\[11\],33.7µm
u_transform_scheduler_core.dft12_ram_i\[11\]\[7\],33.7µm
u_transform_scheduler_core.dft12_ram_q\[7\]\[3\],33.7µm
u_transform_scheduler_core.mod_diag_X0_q\[5\],33.7µm
u_transform_scheduler_core.u_tdiq_output_cp_insert.requests_left\[6\],33.7µm
_02019_,33.65µm
_02362_,33.65µm
_03545_,33.65µm
_03576_,33.65µm
_06400_,33.65µm
_07615_,33.65µm
_07800_,33.65µm
_08098_,33.65µm
u_transform_scheduler_core.ofdm_sample_index\[2\],33.65µm
u_transform_scheduler_core.u_fft_scratch_sram.i_half\[2\],33.65µm
u_transform_scheduler_core.u_mixed_radix_butterfly.low_rr_reg\[15\],33.65µm
_02649_,33.6µm
_03624_,33.6µm
_03658_,33.6µm
_07941_,33.6µm
_08606_,33.6µm
_08801_,33.6µm
u_transform_scheduler_core.u_fft_scratch_sram.u_lo.macro_cen,33.46µm
u_transform_scheduler_core.dft12_ram_i\[3\]\[9\],33.345µm
_03654_,33.24µm
u_transform_scheduler_core.u_mixed_radix_butterfly.product_ii_reg\[9\],33.24µm
u_transform_scheduler_core.u_mixed_radix_butterfly.x2_q_ext\[11\],33.24µm
_04753_,33.19µm
_05272_,33.19µm
_05990_,33.19µm
_08236_,33.19µm
u_transform_scheduler_core.dft12_ram_q\[7\]\[9\],33.19µm
u_transform_scheduler_core.u_mixed_radix_butterfly.product_rq_reg\[10\],33.19µm
u_transform_scheduler_core.u_mixed_radix_butterfly.x1_q_ext\[2\],33.19µm
u_transform_scheduler_core.u_mixed_radix_butterfly.x2_i_ext\[12\],33.19µm
_02287_,33.14µm
_02378_,33.14µm
_05935_,33.14µm
_07351_,33.14µm
_07906_,33.14µm
_08063_,33.14µm
_08376_,33.14µm
_08387_,33.14µm
u_transform_scheduler_core.dft12_ram_i\[0\]\[13\],33.14µm
u_transform_scheduler_core.dft12_ram_q\[11\]\[7\],33.14µm
u_transform_scheduler_core.u_mixed_radix_butterfly.high_rq_reg\[12\],33.14µm
_04131_,33.09µm
_04697_,33.09µm
_05381_,33.09µm
_06160_,33.09µm
_08265_,33.09µm
_08638_,33.09µm
input_left\[4\],33.09µm
u_transform_scheduler_core.dft12_ram_q\[10\]\[12\],33.09µm
u_transform_scheduler_core.rx_dft12_i\[6\],33.09µm
u_transform_scheduler_core.rx_small_x1_i\[7\],33.09µm
u_transform_scheduler_core.u_mixed_radix_butterfly.high_iq_reg\[7\],33.09µm
u_transform_scheduler_core.u_mixed_radix_butterfly.high_rq_reg\[10\],33.09µm
u_transform_scheduler_core.u_mixed_radix_butterfly.product_rq_reg\[4\],33.09µm
u_transform_scheduler_core.u_mixed_radix_butterfly.product_rr_reg\[7\],33.09µm
_03103_,33.04µm
_03106_,33.04µm
_04031_,33.04µm
_04655_,33.04µm
_04872_,33.04µm
_04883_,33.04µm
_04948_,33.04µm
_04950_,33.04µm
_04977_,33.04µm
_05529_,33.04µm
_05867_,33.04µm
_08577_,33.04µm
u_transform_scheduler_core.ofdm_output_done,33.04µm
u_transform_scheduler_core.u_mixed_radix_butterfly.premultiply_half_sum_q_reg\[8\],33.04µm
u_transform_scheduler_core.u_mixed_radix_butterfly.product_ii_reg\[3\],33.04µm
u_transform_scheduler_core.u_mixed_radix_butterfly.premultiply_half_sum_i_reg\[0\],32.86µm
_08159_,32.68µm
_06567_,32.63µm
u_transform_scheduler_core.u_fdiq_output_adapter.sample_q_reg\[6\],32.63µm
u_transform_scheduler_core.u_tdiq_input_cp_remove.useful_sample_index\[3\],32.63µm
_03770_,32.58µm
_04764_,32.58µm
_07224_,32.58µm
top_state\[11\],32.58µm
u_transform_scheduler_core.rx_dft12_index\[1\],32.58µm
u_transform_scheduler_core.tx_sample_i\[2\],32.58µm
u_transform_scheduler_core.u_mixed_radix_butterfly.premultiply_input_q_reg\[0\],32.58µm
u_transform_scheduler_core.u_mixed_radix_butterfly.product_rq_reg\[21\],32.58µm
_02079_,32.53µm
_03110_,32.53µm
_03980_,32.53µm
_04902_,32.53µm
_05236_,32.53µm
_06307_,32.53µm
_08000_,32.53µm
_08787_,32.53µm
u_transform_scheduler_core.dft12_ram_i\[0\]\[9\],32.53µm
u_transform_scheduler_core.dft12_ram_i\[4\]\[7\],32.53µm
u_transform_scheduler_core.tx_sample_index\[2\],32.53µm
u_transform_scheduler_core.u_mixed_radix_butterfly.arithmetic_half_sum_q_reg\[14\],32.53µm
u_transform_scheduler_core.u_mixed_radix_butterfly.low_rr_reg\[3\],32.53µm
u_transform_scheduler_core.u_mixed_radix_butterfly.low_rr_reg\[5\],32.53µm
_01474_,32.48µm
_04617_,32.48µm
_05578_,32.48µm
_06151_,32.48µm
u_transform_scheduler_core.mod_x0_q\[2\],32.48µm
u_transform_scheduler_core.u_mixed_radix_butterfly.arithmetic_half_sum_q_reg\[11\],32.48µm
u_transform_scheduler_core.u_mixed_radix_butterfly.premultiply_half_sum_i_reg\[1\],32.48µm
u_transform_scheduler_core.u_mixed_radix_butterfly.premultiply_input_i_reg\[1\],32.48µm
u_transform_scheduler_core.u_mixed_radix_butterfly.premultiply_x0_i_reg\[9\],32.48µm
u_transform_scheduler_core.u_mixed_radix_butterfly.twiddle_re_reg\[6\],32.48µm
_04067_,32.12µm
u_transform_scheduler_core.u_mixed_radix_butterfly.product_rr_reg\[17\],32.12µm
_04449_,32.07µm
_07126_,32.07µm
output_left\[4\],32.07µm
u_transform_scheduler_core.dft12_ram_i\[11\]\[13\],32.07µm
u_transform_scheduler_core.tx_dft12_hold_i\[1\]\[6\],32.07µm
u_transform_scheduler_core.u_mixed_radix_butterfly.product_ii_reg\[11\],32.07µm
_07032_,32.05µm
_06933_,32.02µm
_06940_,32.02µm
_07309_,32.02µm
_08546_,32.02µm
_08623_,32.02µm
_08656_,32.02µm
u_transform_scheduler_core.dft12_ram_i\[7\]\[10\],32.02µm
u_transform_scheduler_core.dft12_ram_i\[8\]\[9\],32.02µm
u_transform_scheduler_core.dft12_ram_i\[9\]\[15\],32.02µm
u_transform_scheduler_core.mod_x0_q\[3\],32.02µm
u_transform_scheduler_core.rx_dft12_i\[0\],32.02µm
u_transform_scheduler_core.u_fft128_modulo_controller.fetch_x1_i\[8\],32.02µm
u_transform_scheduler_core.u_mixed_radix_butterfly.premultiply_x0_q_reg\[2\],32.02µm
u_transform_scheduler_core.u_mixed_radix_butterfly.product_ii_reg\[2\],32.02µm
u_transform_scheduler_core.u_mixed_radix_butterfly.product_ii_reg\[8\],32.02µm
u_transform_scheduler_core.u_mixed_radix_butterfly.x0_q_ext\[5\],32.02µm
_04332_,32µm
_02028_,31.97µm
_02148_,31.97µm
_02513_,31.97µm
_03124_,31.97µm
_03741_,31.97µm
_03761_,31.97µm
_05289_,31.97µm
_05290_,31.97µm
_07432_,31.97µm
_07479_,31.97µm
_08032_,31.97µm
_08231_,31.97µm
_08440_,31.97µm
_08772_,31.97µm
u_transform_scheduler_core.dft12_ram_i\[0\]\[8\],31.97µm
u_transform_scheduler_core.fft_mem_rdata\[22\],31.97µm
u_transform_scheduler_core.rx_small_x2_i\[2\],31.97µm
u_transform_scheduler_core.tx_dft12_hold_i\[0\]\[2\],31.97µm
u_transform_scheduler_core.tx_dout\[4\],31.97µm
u_transform_scheduler_core.u_mixed_radix_butterfly.final_scalar_product_reg\[11\],31.97µm
_02092_,31.92µm
_03896_,31.92µm
_04390_,31.92µm
_04877_,31.92µm
_04923_,31.92µm
_04933_,31.92µm
_05582_,31.92µm
_06204_,31.92µm
_06306_,31.92µm
_06470_,31.92µm
_06842_,31.92µm
_07398_,31.92µm
_07477_,31.92µm
_07892_,31.92µm
_07917_,31.92µm
_08019_,31.92µm
_08324_,31.92µm
u_transform_scheduler_core.rx_fft128_i\[6\],31.92µm
u_transform_scheduler_core.rx_small_x1_i\[8\],31.92µm
u_transform_scheduler_core.u_mixed_radix_butterfly.twiddle_re_reg\[5\],31.92µm
_08509_,31.86µm
_04209_,31.79µm
u_transform_scheduler_core.u_fft_scratch_sram.u_lo.macro_addr\[5\],31.78µm
u_transform_scheduler_core.u_tdiq_input_cp_remove.input_sample_index\[3\],31.69µm
_04342_,31.56µm
_03927_,31.51µm
_07097_,31.51µm
_08680_,31.51µm
u_transform_scheduler_core.mod_diag_X1_q\[15\],31.51µm
u_transform_scheduler_core.u_mixed_radix_butterfly.high_iq_reg\[1\],31.51µm
u_transform_scheduler_core.u_mixed_radix_butterfly.low_rq_reg\[1\],31.51µm
u_transform_scheduler_core.u_mixed_radix_butterfly.product_rq_reg\[2\],31.51µm
u_transform_scheduler_core.u_tdiq_input_cp_remove.input_sample_index\[0\],31.51µm
_02186_,31.46µm
_03621_,31.46µm
_06016_,31.46µm
_07017_,31.46µm
_07910_,31.46µm
_08648_,31.46µm
u_transform_scheduler_core.dft12_ram_i\[9\]\[12\],31.46µm
u_transform_scheduler_core.dft12_ram_q\[3\]\[14\],31.46µm
u_transform_scheduler_core.dft12_ram_q\[7\]\[13\],31.46µm
u_transform_scheduler_core.dft12_ram_q\[8\]\[5\],31.46µm
u_transform_scheduler_core.tx_sample_i\[3\],31.46µm
u_transform_scheduler_core.u_mixed_radix_butterfly.combine_uop_reg\[1\],31.46µm
u_transform_scheduler_core.u_mixed_radix_butterfly.high_rr_reg\[3\],31.46µm
u_transform_scheduler_core.u_mixed_radix_butterfly.premultiply_input_i_reg\[3\],31.46µm
u_transform_scheduler_core.u_mixed_radix_butterfly.premultiply_x0_q_reg\[1\],31.46µm
u_transform_scheduler_core.u_tdiq_input_cp_remove.held_i\[3\],31.46µm
u_transform_scheduler_core.u_tdiq_output_cp_insert.requests_left\[3\],31.46µm
_02507_,31.41µm
_02699_,31.41µm
_03151_,31.41µm
_03988_,31.41µm
_04093_,31.41µm
_04119_,31.41µm
_04222_,31.41µm
_04357_,31.41µm
_05059_,31.41µm
_05502_,31.41µm
_05880_,31.41µm
_06412_,31.41µm
_06922_,31.41µm
_07373_,31.41µm
_07378_,31.41µm
_07896_,31.41µm
_08069_,31.41µm
_08551_,31.41µm
_08675_,31.41µm
_08766_,31.41µm
u_transform_scheduler_core.fifo_x2_i\[0\]\[1\],31.41µm
u_transform_scheduler_core.u_mixed_radix_butterfly.high_rq_reg\[11\],31.41µm
u_transform_scheduler_core.u_mixed_radix_butterfly.high_rq_reg\[4\],31.41µm
u_transform_scheduler_core.u_mixed_radix_butterfly.premultiply_x0_q_reg\[15\],31.41µm
_00851_,31.36µm
_03400_,31.36µm
_05838_,31.36µm
_07565_,31.36µm
_08252_,31.36µm
_08420_,31.36µm
_08635_,31.36µm
debug_read_latch\[4\],31.36µm
u_transform_scheduler_core.u_mixed_radix_butterfly.product_rr_reg\[22\],31.36µm
_03849_,30.95µm
_03865_,30.95µm
_04156_,30.95µm
u_transform_scheduler_core.dft12_ram_q\[8\]\[10\],30.95µm
u_transform_scheduler_core.mod_diag_X1_i\[2\],30.95µm
u_transform_scheduler_core.mod_diag_X1_q\[0\],30.95µm
_02185_,30.9µm
_02328_,30.9µm
_07325_,30.9µm
_08495_,30.9µm
_08688_,30.9µm
u_transform_scheduler_core.dft12_ram_q\[3\]\[10\],30.9µm
u_transform_scheduler_core.rx_small_x0_q\[4\],30.9µm
u_transform_scheduler_core.u_mixed_radix_butterfly.arithmetic_half_sum_q_reg\[3\],30.9µm
u_transform_scheduler_core.u_mixed_radix_butterfly.final_scalar_product_reg\[9\],30.9µm
u_transform_scheduler_core.u_mixed_radix_butterfly.low_rq_reg\[2\],30.9µm
_02254_,30.85µm
_03327_,30.85µm
_03766_,30.85µm
_03852_,30.85µm
_04069_,30.85µm
_04162_,30.85µm
_04296_,30.85µm
_07562_,30.85µm
_07680_,30.85µm
_08066_,30.85µm
_08323_,30.85µm
_08732_,30.85µm
u_transform_scheduler_core.dft12_ram_q\[8\]\[2\],30.85µm
u_transform_scheduler_core.rx_fft128_index\[2\],30.85µm
u_transform_scheduler_core.small_inflight_count\[2\],30.85µm
u_transform_scheduler_core.tx_dft12_hold_i\[1\]\[1\],30.85µm
u_transform_scheduler_core.u_mixed_radix_butterfly.high_rq_reg\[3\],30.85µm
u_transform_scheduler_core.u_mixed_radix_butterfly.low_ii_reg\[6\],30.85µm
u_transform_scheduler_core.u_mixed_radix_butterfly.premultiply_half_sum_q_reg\[6\],30.85µm
u_transform_scheduler_core.u_mixed_radix_butterfly.premultiply_input_i_reg\[14\],30.85µm
u_transform_scheduler_core.u_mixed_radix_butterfly.x0_i_ext\[2\],30.85µm
_03220_,30.8µm
_03799_,30.8µm
_03839_,30.8µm
_04266_,30.8µm
_04327_,30.8µm
_04850_,30.8µm
_05393_,30.8µm
_05666_,30.8µm
_05811_,30.8µm
_06051_,30.8µm
_06241_,30.8µm
_06354_,30.8µm
_06427_,30.8µm
_06762_,30.8µm
_07380_,30.8µm
_08718_,30.8µm
debug_addr\[1\],30.8µm
u_transform_scheduler_core.dft12_ram_i\[7\]\[4\],30.8µm
u_transform_scheduler_core.mod_diag_X0_q\[4\],30.62µm
_03528_,30.44µm
_03512_,30.39µm
_06370_,30.39µm
_07146_,30.39µm
_07166_,30.39µm
_07389_,30.39µm
u_transform_scheduler_core.dft12_ram_i\[10\]\[15\],30.39µm
u_transform_scheduler_core.dft12_ram_q\[4\]\[1\],30.39µm
u_transform_scheduler_core.dft12_ram_q\[8\]\[4\],30.39µm
u_transform_scheduler_core.dft12_state\[2\],30.39µm
u_transform_scheduler_core.tx_sample_q\[6\],30.39µm
_03791_,30.34µm
_03906_,30.34µm
_05266_,30.34µm
_07955_,30.34µm
u_transform_scheduler_core.dft12_ram_i\[4\]\[9\],30.34µm
u_transform_scheduler_core.rx_small_x0_q\[10\],30.34µm
u_transform_scheduler_core.u_mixed_radix_butterfly.arithmetic_x0_i_reg\[12\],30.34µm
u_transform_scheduler_core.u_mixed_radix_butterfly.product_iq_reg\[15\],30.34µm
u_transform_scheduler_core.u_tdiq_output_cp_insert.skid_valid,30.34µm
_02160_,30.29µm
_03940_,30.29µm
_03985_,30.29µm
_04367_,30.29µm
_05203_,30.29µm
_05359_,30.29µm
_05575_,30.29µm
_07247_,30.29µm
_08288_,30.29µm
_08833_,30.29µm
u_transform_scheduler_core.fft_mem_rdata\[7\],30.29µm
u_transform_scheduler_core.u_fdiq_input_adapter.held_i\[6\],30.29µm
u_transform_scheduler_core.u_mixed_radix_butterfly.arithmetic_x0_q_reg\[3\],30.29µm
u_transform_scheduler_core.u_mixed_radix_butterfly.product_rq_reg\[16\],30.29µm
u_transform_scheduler_core.u_mixed_radix_butterfly.x0_i_ext\[9\],30.29µm
u_transform_scheduler_core.u_tdiq_output_cp_insert.requests_left\[4\],30.29µm
u_transform_scheduler_core.u_tdiq_output_cp_insert.skid_data\[4\],30.29µm
_00125_,30.24µm
_02666_,30.24µm
_03088_,30.24µm
_04291_,30.24µm
_04542_,30.24µm
_05730_,30.24µm
_05972_,30.24µm
_06485_,30.24µm
_07289_,30.24µm
_07347_,30.24µm
_08012_,30.24µm
_08713_,30.24µm
debug_addr\[5\],30.24µm
u_transform_scheduler_core.dft12_ram_i\[9\]\[11\],30.24µm
u_transform_scheduler_core.tx_dft12_hold_q\[2\]\[2\],30.24µm
u_transform_scheduler_core.dft12_ram_i\[10\]\[6\],29.93µm
u_transform_scheduler_core.dft12_ram_i\[1\]\[14\],29.88µm
_03439_,29.83µm
_07987_,29.83µm
u_transform_scheduler_core.dft12_ram_i\[8\]\[1\],29.83µm
u_transform_scheduler_core.dft12_ram_i\[9\]\[13\],29.83µm
u_transform_scheduler_core.u_mixed_radix_butterfly.arithmetic_x0_q_reg\[9\],29.83µm
_02230_,29.78µm
_02307_,29.78µm
_05270_,29.78µm
_07303_,29.78µm
_08046_,29.78µm
_08204_,29.78µm
debug_read_latch\[2\],29.78µm
u_transform_scheduler_core.dft12_ram_i\[0\]\[15\],29.78µm
u_transform_scheduler_core.dft12_ram_q\[7\]\[2\],29.78µm
u_transform_scheduler_core.dft12_ram_q\[7\]\[5\],29.78µm
u_transform_scheduler_core.rx_dft12_i\[10\],29.78µm
u_transform_scheduler_core.tx_sample_i\[10\],29.78µm
u_transform_scheduler_core.u_fft128_modulo_controller.fetch_x1_i\[13\],29.78µm
u_transform_scheduler_core.u_mixed_radix_butterfly.premultiply_stage_valid,29.78µm
u_transform_scheduler_core.u_mixed_radix_butterfly.product_rq_reg\[6\],29.78µm
u_transform_scheduler_core.u_mixed_radix_butterfly.x0_q_ext\[10\],29.78µm
_02098_,29.73µm
_02266_,29.73µm
_03173_,29.73µm
_03669_,29.73µm
_03886_,29.73µm
_04075_,29.73µm
_04588_,29.73µm
_06113_,29.73µm
_06562_,29.73µm
_06710_,29.73µm
_06776_,29.73µm
_07425_,29.73µm
_07580_,29.73µm
_07994_,29.73µm
_08158_,29.73µm
u_transform_scheduler_core.dft12_ram_i\[0\]\[3\],29.73µm
u_transform_scheduler_core.mod_diag_X0_i\[5\],29.73µm
u_transform_scheduler_core.u_mixed_radix_butterfly.high_rr_reg\[6\],29.73µm
u_transform_scheduler_core.u_mixed_radix_butterfly.low_rq_reg\[7\],29.73µm
u_transform_scheduler_core.u_mixed_radix_butterfly.premultiply_x0_i_reg\[14\],29.73µm
u_transform_scheduler_core.u_mixed_radix_butterfly.product_ii_reg\[18\],29.73µm
u_transform_scheduler_core.u_mixed_radix_butterfly.x2_i_full,29.73µm
u_transform_scheduler_core.u_tdiq_output_cp_insert.skid_data\[5\],29.73µm
_02475_,29.68µm
_03242_,29.68µm
_03513_,29.68µm
_03673_,29.68µm
_04664_,29.68µm
_04884_,29.68µm
_05330_,29.68µm
_05518_,29.68µm
_05552_,29.68µm
_05840_,29.68µm
_06490_,29.68µm
_06966_,29.68µm
_08446_,29.68µm
_08830_,29.68µm
u_transform_scheduler_core.fft_mem_rdata\[30\],29.68µm
u_transform_scheduler_core.u_mixed_radix_butterfly.low_iq_reg\[11\],29.68µm
u_transform_scheduler_core.u_tdiq_output_cp_insert.responses_left\[2\],29.62µm
u_transform_scheduler_core.u_fft_scratch_sram.u_hi.macro_wdata\[1\],29.59µm
_06528_,29.32µm
_06904_,29.32µm
u_transform_scheduler_core.mod_diag_X0_i\[1\],29.32µm
_07499_,29.27µm
u_transform_scheduler_core.dft12_ram_i\[0\]\[10\],29.27µm
u_transform_scheduler_core.u_mixed_radix_butterfly.final_scalar_product_reg\[7\],29.27µm
u_transform_scheduler_core.u_mixed_radix_butterfly.high_rr_reg\[7\],29.27µm
_02100_,29.22µm
_02557_,29.22µm
_03525_,29.22µm
_04107_,29.22µm
_04301_,29.22µm
_04952_,29.22µm
_07370_,29.22µm
_08160_,29.22µm
_08626_,29.22µm
u_transform_scheduler_core.u_mixed_radix_butterfly.arithmetic_x0_i_reg\[10\],29.22µm
u_transform_scheduler_core.u_mixed_radix_butterfly.high_iq_reg\[3\],29.22µm
u_transform_scheduler_core.u_mixed_radix_butterfly.premultiply_half_sum_q_reg\[0\],29.22µm
u_transform_scheduler_core.u_tdiq_output_cp_insert.skid_data\[0\],29.22µm
_02316_,29.17µm
_03997_,29.17µm
_05918_,29.17µm
_05926_,29.17µm
_07364_,29.17µm
_07512_,29.17µm
_07554_,29.17µm
_08011_,29.17µm
debug_read_latch\[3\],29.17µm
u_transform_scheduler_core.mod_diag_X0_i\[7\],29.17µm
u_transform_scheduler_core.rx_dft12_index\[3\],29.17µm
u_transform_scheduler_core.rx_small_x1_q\[3\],29.17µm
u_transform_scheduler_core.tx_dft12_hold_i\[0\]\[6\],29.17µm
u_transform_scheduler_core.u_fft128_modulo_controller.fetch_x1_i\[14\],29.17µm
u_transform_scheduler_core.u_mixed_radix_butterfly.product_iq_reg\[16\],29.17µm
_03984_,29.12µm
_04079_,29.12µm
_04294_,29.12µm
_04672_,29.12µm
_05082_,29.12µm
_05148_,29.12µm
_05565_,29.12µm
_06591_,29.12µm
_07857_,29.12µm
_08705_,29.12µm
_08722_,29.12µm
u_transform_scheduler_core.tx_dft12_hold_q\[1\]\[2\],29.12µm
u_transform_scheduler_core.u_fft128_modulo_controller.read_issue_count\[0\],29.12µm
u_transform_scheduler_core.u_fft_scratch_sram.u_lo.macro_wdata\[0\],29.03µm
_03510_,28.77µm
_08389_,28.76µm
u_transform_scheduler_core.u_mixed_radix_butterfly.x2_i_ext\[14\],28.76µm
_07095_,28.71µm
u_transform_scheduler_core.dft12_ram_q\[3\]\[6\],28.71µm
u_transform_scheduler_core.dft12_ram_q\[8\]\[8\],28.71µm
_02311_,28.66µm
_04048_,28.66µm
_04398_,28.66µm
_07085_,28.66µm
_07376_,28.66µm
_07973_,28.66µm
_08057_,28.66µm
echo_data\[3\],28.66µm
u_transform_scheduler_core.dft12_ram_q\[0\]\[14\],28.66µm
u_transform_scheduler_core.dft12_ram_q\[0\]\[2\],28.66µm
u_transform_scheduler_core.mod_x0_q\[10\],28.66µm
u_transform_scheduler_core.rx_small_x1_q\[10\],28.66µm
u_transform_scheduler_core.u_mixed_radix_butterfly.premultiply_x0_q_reg\[12\],28.66µm
_00557_,28.61µm
_02540_,28.61µm
_03363_,28.61µm
_03511_,28.61µm
_03780_,28.61µm
_04248_,28.61µm
_04386_,28.61µm
_04526_,28.61µm
_06217_,28.61µm
_06979_,28.61µm
_07143_,28.61µm
_07275_,28.61µm
_07786_,28.61µm
_07872_,28.61µm
_08561_,28.61µm
_08738_,28.61µm
_08761_,28.61µm
_08804_,28.61µm
u_transform_scheduler_core.fifo_x2_q\[0\]\[1\],28.61µm
u_transform_scheduler_core.ofdm_sample_i\[4\],28.61µm
u_transform_scheduler_core.tx_dft12_hold_q\[1\]\[11\],28.61µm
u_transform_scheduler_core.u_fdiq_output_adapter.sample_q_reg\[2\],28.61µm
u_transform_scheduler_core.u_mixed_radix_butterfly.low_rr_reg\[4\],28.61µm
_03475_,28.56µm
_04703_,28.56µm
_04873_,28.56µm
_05098_,28.56µm
_06379_,28.56µm
_08834_,28.56µm
u_transform_scheduler_core.dft12_ram_i\[10\]\[0\],28.56µm
u_transform_scheduler_core.u_mixed_radix_butterfly.low_iq_reg\[2\],28.56µm
_04290_,28.55µm
_02165_,28.28µm
_02523_,28.15µm
input_left\[2\],28.15µm
u_transform_scheduler_core.u_mixed_radix_butterfly.low_ii_reg\[10\],28.15µm
_03413_,28.1µm
_04040_,28.1µm
_07733_,28.1µm
u_transform_scheduler_core.dft12_ram_i\[0\]\[5\],28.1µm
u_transform_scheduler_core.dft12_ram_i\[4\]\[11\],28.1µm
u_transform_scheduler_core.dft12_ram_i\[5\]\[1\],28.1µm
u_transform_scheduler_core.u_fft128_modulo_controller.fetch_x1_q\[7\],28.1µm
u_transform_scheduler_core.u_mixed_radix_butterfly.arithmetic_x0_q_reg\[4\],28.1µm
u_transform_scheduler_core.u_mixed_radix_butterfly.low_ii_reg\[15\],28.1µm
u_transform_scheduler_core.u_mixed_radix_butterfly.low_iq_reg\[13\],28.1µm
u_transform_scheduler_core.u_mixed_radix_butterfly.premultiply_x0_q_reg\[5\],28.1µm
_02865_,28.05µm
_03212_,28.05µm
_03723_,28.05µm
_05150_,28.05µm
_07118_,28.05µm
_07548_,28.05µm
_07754_,28.05µm
_07865_,28.05µm
_07929_,28.05µm
_07939_,28.05µm
_08548_,28.05µm
_08748_,28.05µm
_08798_,28.05µm
debug_read_latch\[8\],28.05µm
u_transform_scheduler_core.fifo_x2_i\[0\]\[3\],28.05µm
u_transform_scheduler_core.u_fft128_modulo_controller.result_group\[6\],28.05µm
u_transform_scheduler_core.u_tdiq_output_cp_insert.pace_count\[3\],28.05µm
_02218_,28µm
_02932_,28µm
_03915_,28µm
_04186_,28µm
_04863_,28µm
_04955_,28µm
_04991_,28µm
_05397_,28µm
_05839_,28µm
_07019_,28µm
_07877_,28µm
_08473_,28µm
_08751_,28µm
magic_index\[2\],28µm
u_transform_scheduler_core.u_mixed_radix_butterfly.product_rr_reg\[20\],28µm
u_transform_scheduler_core.u_fft_scratch_sram.u_lo.macro_addr\[4\],27.86µm
u_transform_scheduler_core.dft12_ram_q\[11\]\[9\],27.64µm
_07220_,27.59µm
u_transform_scheduler_core.u_mixed_radix_butterfly.final_scalar_product_reg\[10\],27.59µm
u_transform_scheduler_core.u_mixed_radix_butterfly.product_rr_reg\[10\],27.59µm
_03998_,27.54µm
_05389_,27.54µm
_07163_,27.54µm
_07205_,27.54µm
_07773_,27.54µm
_07829_,27.54µm
_08421_,27.54µm
_08730_,27.54µm
_08767_,27.54µm
u_transform_scheduler_core.dft12_phase_onehot\[0\],27.54µm
u_transform_scheduler_core.ofdm_capture_done,27.54µm
u_transform_scheduler_core.rx_small_x1_i\[0\],27.54µm
u_transform_scheduler_core.u_fft_scratch_sram.saved_addr\[1\],27.54µm
u_transform_scheduler_core.u_mixed_radix_butterfly.arithmetic_x0_q_reg\[15\],27.54µm
u_transform_scheduler_core.u_mixed_radix_butterfly.low_ii_reg\[11\],27.54µm
u_transform_scheduler_core.u_mixed_radix_butterfly.low_rq_reg\[11\],27.54µm
u_transform_scheduler_core.u_mixed_radix_butterfly.product_iq_reg\[7\],27.54µm
_02105_,27.49µm
_02224_,27.49µm
_03168_,27.49µm
_03298_,27.49µm
_04446_,27.49µm
_04458_,27.49µm
_04727_,27.49µm
_05593_,27.49µm
_06444_,27.49µm
_07919_,27.49µm
_07997_,27.49µm
_08268_,27.49µm
_08758_,27.49µm
u_transform_scheduler_core.dft12_ram_i\[9\]\[10\],27.49µm
u_transform_scheduler_core.dft12_ram_q\[6\]\[1\],27.49µm
u_transform_scheduler_core.fft_mem_rdata\[20\],27.49µm
u_transform_scheduler_core.mod_x0_q\[6\],27.49µm
u_transform_scheduler_core.u_mixed_radix_butterfly.low_iq_reg\[8\],27.49µm
u_transform_scheduler_core.u_mixed_radix_butterfly.product_iq_reg\[8\],27.49µm
u_transform_scheduler_core.u_mixed_radix_butterfly.product_rr_reg\[14\],27.49µm
_00973_,27.44µm
_01362_,27.44µm
_02072_,27.44µm
_02891_,27.44µm
_03219_,27.44µm
_04486_,27.44µm
_04699_,27.44µm
_05577_,27.44µm
_06111_,27.44µm
_06436_,27.44µm
_06841_,27.44µm
_07455_,27.44µm
_07509_,27.44µm
_07927_,27.44µm
_08034_,27.44µm
_08084_,27.44µm
u_transform_scheduler_core.mod_x0_i\[1\],27.44µm
u_transform_scheduler_core.tx_dft12_hold_q\[2\]\[7\],27.44µm
u_transform_scheduler_core.u_fft_scratch_sram.u_hi.macro_wdata\[3\],27.35µm
_07308_,27.08µm
_08360_,27.03µm
u_transform_scheduler_core.dft12_ram_i\[8\]\[7\],27.03µm
u_transform_scheduler_core.mod_diag_X0_i\[8\],27.03µm
u_transform_scheduler_core.u_mixed_radix_butterfly.high_iq_reg\[10\],27.03µm
_02143_,26.98µm
_02214_,26.98µm
_05956_,26.98µm
_07974_,26.98µm
_08736_,26.98µm
u_transform_scheduler_core.dft12_ram_i\[6\]\[0\],26.98µm
u_transform_scheduler_core.dft12_ram_q\[0\]\[1\],26.98µm
u_transform_scheduler_core.fft_mem_rdata\[13\],26.98µm
u_transform_scheduler_core.u_mixed_radix_butterfly.low_iq_reg\[5\],26.98µm
u_transform_scheduler_core.u_mixed_radix_butterfly.low_iq_reg\[7\],26.98µm
u_transform_scheduler_core.u_mixed_radix_butterfly.premultiply_input_i_reg\[7\],26.98µm
u_transform_scheduler_core.u_mixed_radix_butterfly.premultiply_x0_q_reg\[14\],26.98µm
_01072_,26.93µm
_01838_,26.93µm
_02593_,26.93µm
_03200_,26.93µm
_03240_,26.93µm
_03310_,26.93µm
_03395_,26.93µm
_03850_,26.93µm
_04041_,26.93µm
_04043_,26.93µm
_04147_,26.93µm
_04391_,26.93µm
_04777_,26.93µm
_05721_,26.93µm
_06008_,26.93µm
_06802_,26.93µm
_07327_,26.93µm
_07842_,26.93µm
_07985_,26.93µm
_08763_,26.93µm
_08770_,26.93µm
u_transform_scheduler_core.fifo_x2_i\[0\]\[2\],26.93µm
u_transform_scheduler_core.mod_diag_X0_i\[3\],26.93µm
u_transform_scheduler_core.ofdm_sample_i\[10\],26.93µm
u_transform_scheduler_core.tx_cp_length_reg\[0\],26.93µm
u_transform_scheduler_core.tx_dft12_hold_i\[0\]\[5\],26.93µm
u_transform_scheduler_core.u_fft_scratch_sram.i_half\[14\],26.93µm
u_transform_scheduler_core.u_mixed_radix_butterfly.arithmetic_half_sum_q_reg\[1\],26.93µm
u_transform_scheduler_core.u_mixed_radix_butterfly.product_iq_reg\[0\],26.93µm
u_transform_scheduler_core.u_mixed_radix_butterfly.twiddle_re_reg\[7\],26.93µm
u_transform_scheduler_core.u_tdiq_input_cp_remove.input_sample_index\[7\],26.93µm
u_transform_scheduler_core.u_tdiq_output_cp_insert.requests_left\[7\],26.93µm
u_transform_scheduler_core.u_tdiq_output_cp_insert.skid_data\[1\],26.93µm
_01442_,26.88µm
_01849_,26.88µm
_02863_,26.88µm
_03081_,26.88µm
_03399_,26.88µm
_03556_,26.88µm
_03750_,26.88µm
_04220_,26.88µm
_04385_,26.88µm
_04665_,26.88µm
_04774_,26.88µm
_05425_,26.88µm
_06364_,26.88µm
_06451_,26.88µm
_06644_,26.88µm
_07761_,26.88µm
_08038_,26.88µm
u_transform_scheduler_core.dft12_ram_i\[7\]\[9\],26.88µm
u_transform_scheduler_core.fifo_x1_i\[0\]\[0\],26.88µm
u_transform_scheduler_core.fifo_x1_i\[0\]\[1\],26.88µm
u_transform_scheduler_core.u_mixed_radix_butterfly.premultiply_input_i_reg\[12\],26.88µm
u_transform_scheduler_core.u_mixed_radix_butterfly.x0_q_ext\[9\],26.88µm
u_transform_scheduler_core.u_fft_scratch_sram.u_hi.macro_wdata\[5\],26.74µm
_03739_,26.57µm
_03619_,26.47µm
input_left\[7\],26.47µm
u_transform_scheduler_core.u_fdiq_input_adapter.final_sample_pending,26.47µm
u_transform_scheduler_core.u_mixed_radix_butterfly.arithmetic_half_sum_i_reg\[6\],26.47µm
_03415_,26.42µm
_03762_,26.42µm
_03803_,26.42µm
_03889_,26.42µm
_03994_,26.42µm
_04029_,26.42µm
_04338_,26.42µm
_04813_,26.42µm
_06209_,26.42µm
_06532_,26.42µm
_07579_,26.42µm
_07655_,26.42µm
_07881_,26.42µm
_08007_,26.42µm
_08058_,26.42µm
_08257_,26.42µm
debug_read_latch\[1\],26.42µm
u_transform_scheduler_core.dft12_ram_i\[7\]\[11\],26.42µm
u_transform_scheduler_core.u_fft128_modulo_controller.fetch_x1_q\[10\],26.42µm
u_transform_scheduler_core.u_mixed_radix_butterfly.arithmetic_x0_q_reg\[11\],26.42µm
u_transform_scheduler_core.u_mixed_radix_butterfly.product_rq_reg\[0\],26.42µm
u_transform_scheduler_core.u_mixed_radix_butterfly.x0_q_ext\[12\],26.42µm
u_transform_scheduler_core.u_mixed_radix_butterfly.x2_q_full,26.42µm
u_transform_scheduler_core.u_tdiq_input_cp_remove.input_sample_index\[4\],26.42µm
_00106_,26.37µm
_00605_,26.37µm
_01751_,26.37µm
_02363_,26.37µm
_02426_,26.37µm
_02679_,26.37µm
_03076_,26.37µm
_03530_,26.37µm
_03699_,26.37µm
_03805_,26.37µm
_06250_,26.37µm
_06628_,26.37µm
_07221_,26.37µm
_07928_,26.37µm
_08419_,26.37µm
_08733_,26.37µm
u_transform_scheduler_core.dft12_sent_x1_q,26.37µm
u_transform_scheduler_core.fft_mem_rdata\[23\],26.37µm
u_transform_scheduler_core.fifo_x0_q\[0\]\[3\],26.37µm
u_transform_scheduler_core.tx_dft12_hold_i\[2\]\[0\],26.37µm
u_transform_scheduler_core.u_mixed_radix_butterfly.low_ii_reg\[14\],26.37µm
u_transform_scheduler_core.u_mixed_radix_butterfly.low_iq_reg\[9\],26.37µm
_00101_,26.32µm
_02614_,26.32µm
_03082_,26.32µm
_03807_,26.32µm
_03999_,26.32µm
_04416_,26.32µm
_04788_,26.32µm
_05209_,26.32µm
_05404_,26.32µm
_05452_,26.32µm
_06262_,26.32µm
_06311_,26.32µm
_06722_,26.32µm
_07025_,26.32µm
_07302_,26.32µm
_07334_,26.32µm
_07556_,26.32µm
_07739_,26.32µm
_07772_,26.32µm
_07776_,26.32µm
_08373_,26.32µm
_08403_,26.32µm
_08449_,26.32µm
_08584_,26.32µm
_08712_,26.32µm
_08775_,26.32µm
input_left\[5\],26.32µm
u_transform_scheduler_core.u_fdiq_output_adapter.sample_i_reg\[7\],26.32µm
u_transform_scheduler_core.u_mixed_radix_butterfly.low_rr_reg\[0\],26.32µm
u_transform_scheduler_core.u_mixed_radix_butterfly.product_rr_reg\[6\],26.32µm
_02476_,26.295µm
_07293_,26.01µm
_05248_,25.91µm
_07133_,25.91µm
_07847_,25.91µm
_03707_,25.86µm
_04547_,25.86µm
_06067_,25.86µm
_07400_,25.86µm
_07403_,25.86µm
_07498_,25.86µm
_07533_,25.86µm
_07536_,25.86µm
_08379_,25.86µm
u_transform_scheduler_core.dft12_ram_i\[7\]\[5\],25.86µm
u_transform_scheduler_core.fifo_x1_q\[0\]\[5\],25.86µm
u_transform_scheduler_core.mod_diag_X0_q\[8\],25.86µm
u_transform_scheduler_core.ofdm_sample_i\[6\],25.86µm
u_transform_scheduler_core.rx_small_x0_q\[2\],25.86µm
u_transform_scheduler_core.tx_dft12_hold_q\[2\]\[6\],25.86µm
u_transform_scheduler_core.u_fdiq_input_adapter.expect_q,25.86µm
u_transform_scheduler_core.u_mixed_radix_butterfly.high_iq_reg\[0\],25.86µm
u_transform_scheduler_core.u_mixed_radix_butterfly.high_rq_reg\[5\],25.86µm
u_transform_scheduler_core.u_mixed_radix_butterfly.low_ii_reg\[2\],25.86µm
u_transform_scheduler_core.u_mixed_radix_butterfly.low_iq_reg\[12\],25.86µm
u_transform_scheduler_core.u_mixed_radix_butterfly.premultiply_input_q_reg\[5\],25.86µm
u_transform_scheduler_core.u_mixed_radix_butterfly.premultiply_x0_q_reg\[9\],25.86µm
_02097_,25.81µm
_02117_,25.81µm
_02202_,25.81µm
_02799_,25.81µm
_03228_,25.81µm
_03284_,25.81µm
_03763_,25.81µm
_04200_,25.81µm
_04411_,25.81µm
_04870_,25.81µm
_05085_,25.81µm
_05293_,25.81µm
_06195_,25.81µm
_06313_,25.81µm
_06886_,25.81µm
_07254_,25.81µm
_07508_,25.81µm
_07889_,25.81µm
_08131_,25.81µm
_08418_,25.81µm
_08779_,25.81µm
_08844_,25.81µm
debug_addr\[3\],25.81µm
u_transform_scheduler_core.fifo_x0_q\[0\]\[1\],25.81µm
u_transform_scheduler_core.fifo_x1_i\[0\]\[4\],25.81µm
u_transform_scheduler_core.rx_fft128_index\[3\],25.81µm
u_transform_scheduler_core.u_mixed_radix_butterfly.high_rr_reg\[0\],25.81µm
u_transform_scheduler_core.u_mixed_radix_butterfly.premultiply_half_sum_q_reg\[11\],25.81µm
_00256_,25.76µm
_00361_,25.76µm
_02007_,25.76µm
_03157_,25.76µm
_03376_,25.76µm
_03444_,25.76µm
_03872_,25.76µm
_04284_,25.76µm
_04443_,25.76µm
_04930_,25.76µm
_05092_,25.76µm
_05916_,25.76µm
_06877_,25.76µm
_06917_,25.76µm
_07068_,25.76µm
_07331_,25.76µm
_08633_,25.76µm
_08664_,25.76µm
_08729_,25.76µm
_08745_,25.76µm
_08746_,25.76µm
_08815_,25.76µm
u_transform_scheduler_core.rx_small_x0_q\[6\],25.76µm
u_transform_scheduler_core.u_fdiq_output_adapter.sample_i_reg\[6\],25.76µm
u_transform_scheduler_core.u_mixed_radix_butterfly.premultiply_half_sum_i_reg\[7\],25.76µm
u_transform_scheduler_core.u_mixed_radix_butterfly.premultiply_x0_i_reg\[11\],25.76µm
u_transform_scheduler_core.u_mixed_radix_butterfly.x0_i_ext\[4\],25.76µm
_07150_,25.36µm
_04751_,25.35µm
u_transform_scheduler_core.dft12_sent_x2_q,25.35µm
u_transform_scheduler_core.u_fdiq_output_adapter.sample_i_reg\[2\],25.35µm
_04026_,25.3µm
_04087_,25.3µm
_04239_,25.3µm
_05673_,25.3µm
_07959_,25.3µm
output_left\[6\],25.3µm
u_transform_scheduler_core.dft12_ram_i\[0\]\[11\],25.3µm
u_transform_scheduler_core.fft_mem_rdata\[17\],25.3µm
u_transform_scheduler_core.ofdm_sample_index\[1\],25.3µm
u_transform_scheduler_core.tx_dft12_hold_i\[2\]\[15\],25.3µm
u_transform_scheduler_core.tx_dft12_hold_q\[1\]\[13\],25.3µm
u_transform_scheduler_core.u_mixed_radix_butterfly.product_ii_reg\[4\],25.3µm
u_transform_scheduler_core.u_mixed_radix_butterfly.product_iq_reg\[5\],25.3µm
u_transform_scheduler_core.u_mixed_radix_butterfly.product_rr_reg\[11\],25.3µm
_00099_,25.25µm
_00589_,25.25µm
_02603_,25.25µm
_03050_,25.25µm
_03158_,25.25µm
_03411_,25.25µm
_03569_,25.25µm
_04251_,25.25µm
_04441_,25.25µm
_04468_,25.25µm
_05093_,25.25µm
_05424_,25.25µm
_06053_,25.25µm
_06923_,25.25µm
_07216_,25.25µm
_07233_,25.25µm
_07874_,25.25µm
_07876_,25.25µm
_08004_,25.25µm
_08143_,25.25µm
_08476_,25.25µm
debug_wdata\[9\],25.25µm
u_transform_scheduler_core.tx_dout\[6\],25.25µm
u_transform_scheduler_core.u_fdiq_output_adapter.sample_i_reg\[11\],25.25µm
u_transform_scheduler_core.u_fft128_modulo_controller.fetch_x1_q\[13\],25.25µm
u_transform_scheduler_core.u_fft128_modulo_controller.fetch_x1_q\[15\],25.25µm
u_transform_scheduler_core.u_mixed_radix_butterfly.low_ii_reg\[3\],25.25µm
u_transform_scheduler_core.u_mixed_radix_butterfly.premultiply_half_sum_i_reg\[10\],25.25µm
_02169_,25.2µm
_02184_,25.2µm
_02204_,25.2µm
_02655_,25.2µm
_02950_,25.2µm
_03052_,25.2µm
_03254_,25.2µm
_03531_,25.2µm
_03611_,25.2µm
_04011_,25.2µm
_04951_,25.2µm
_05054_,25.2µm
_05199_,25.2µm
_05243_,25.2µm
_06357_,25.2µm
_06524_,25.2µm
_07064_,25.2µm
_07185_,25.2µm
_08537_,25.2µm
_08739_,25.2µm
u_transform_scheduler_core.tx_dout\[7\],25.2µm
u_transform_scheduler_core.u_mixed_radix_butterfly.arithmetic_x0_i_reg\[6\],25.2µm
u_transform_scheduler_core.u_mixed_radix_butterfly.low_rr_reg\[7\],25.2µm
u_transform_scheduler_core.u_mixed_radix_butterfly.premultiply_twiddle_re_reg\[0\],25.2µm
u_transform_scheduler_core.u_mixed_radix_butterfly.premultiply_x0_q_reg\[13\],25.2µm
u_transform_scheduler_core.u_mixed_radix_butterfly.premultiply_x0_q_reg\[7\],25.2µm
u_transform_scheduler_core.u_tdiq_input_cp_remove.useful_sample_index\[6\],25.2µm
u_transform_scheduler_core.u_tdiq_output_cp_insert.skid_data\[2\],25.2µm
din[4],25.06µm
_05364_,25.02µm
_04438_,24.97µm
debug_wdata\[7\],24.97µm
u_transform_scheduler_core.tx_ifft_block_ready,24.84µm
_04090_,24.79µm
_07853_,24.79µm
_08809_,24.79µm
u_transform_scheduler_core.u_fft_scratch_sram.saved_addr\[2\],24.79µm
u_transform_scheduler_core.u_mixed_radix_butterfly.premultiply_twiddle_re_reg\[4\],24.79µm
_02255_,24.74µm
_03494_,24.74µm
_03542_,24.74µm
_03704_,24.74µm
_04594_,24.74µm
_07115_,24.74µm
_07777_,24.74µm
_08352_,24.74µm
_08396_,24.74µm
u_transform_scheduler_core.result_meta_inverse\[0\]\[0\],24.74µm
u_transform_scheduler_core.rx_dft12_index\[0\],24.74µm
u_transform_scheduler_core.rx_small_x1_i\[3\],24.74µm
u_transform_scheduler_core.u_fft128_modulo_controller.fetch_x1_i\[6\],24.74µm
u_transform_scheduler_core.u_mixed_radix_butterfly.arithmetic_half_sum_i_reg\[11\],24.74µm
u_transform_scheduler_core.u_mixed_radix_butterfly.arithmetic_half_sum_q_reg\[10\],24.74µm
u_transform_scheduler_core.u_mixed_radix_butterfly.high_rr_reg\[9\],24.74µm
u_transform_scheduler_core.u_mixed_radix_butterfly.premultiply_input_i_reg\[13\],24.74µm
u_transform_scheduler_core.u_mixed_radix_butterfly.premultiply_x0_i_reg\[3\],24.74µm
u_transform_scheduler_core.u_mixed_radix_butterfly.product_iq_reg\[6\],24.74µm
u_transform_scheduler_core.u_mixed_radix_butterfly.x0_q_ext\[6\],24.74µm
u_transform_scheduler_core.u_tdiq_input_cp_remove.input_sample_index\[2\],24.74µm
_00094_,24.69µm
_01490_,24.69µm
_01794_,24.69µm
_02150_,24.69µm
_02321_,24.69µm
_02391_,24.69µm
_02787_,24.69µm
_03273_,24.69µm
_03318_,24.69µm
_03596_,24.69µm
_03820_,24.69µm
_04897_,24.69µm
_05128_,24.69µm
_05414_,24.69µm
_05881_,24.69µm
_05993_,24.69µm
_06095_,24.69µm
_06147_,24.69µm
_06496_,24.69µm
_06510_,24.69µm
_06726_,24.69µm
_06872_,24.69µm
_07075_,24.69µm
_07319_,24.69µm
_07815_,24.69µm
_08152_,24.69µm
_08262_,24.69µm
output_left\[7\],24.69µm
u_transform_scheduler_core.rx_small_x0_i\[4\],24.69µm
u_transform_scheduler_core.rx_small_x1_i\[4\],24.69µm
u_transform_scheduler_core.u_fft128_modulo_controller.fetch_x1_q\[8\],24.69µm
u_transform_scheduler_core.u_fft_scratch_sram.i_half\[0\],24.69µm
u_transform_scheduler_core.u_mixed_radix_butterfly.arithmetic_x0_i_reg\[15\],24.69µm
u_transform_scheduler_core.u_mixed_radix_butterfly.arithmetic_x0_i_reg\[5\],24.69µm
u_transform_scheduler_core.u_mixed_radix_butterfly.premultiply_half_sum_i_reg\[3\],24.69µm
u_transform_scheduler_core.u_tdiq_output_cp_insert.skid_data\[7\],24.69µm
_02325_,24.64µm
_02368_,24.64µm
_02499_,24.64µm
_02638_,24.64µm
_02757_,24.64µm
_03659_,24.64µm
_04709_,24.64µm
_04747_,24.64µm
_05295_,24.64µm
_05544_,24.64µm
_05856_,24.64µm
_06047_,24.64µm
_06497_,24.64µm
_06614_,24.64µm
_07011_,24.64µm
_07551_,24.64µm
_07799_,24.64µm
_08202_,24.64µm
_08347_,24.64µm
_08355_,24.64µm
_08486_,24.64µm
u_transform_scheduler_core.tx_dft12_hold_q\[1\]\[7\],24.64µm
u_transform_scheduler_core.u_mixed_radix_butterfly.arithmetic_half_sum_i_reg\[3\],24.64µm
u_transform_scheduler_core.u_mixed_radix_butterfly.premultiply_input_q_reg\[6\],24.64µm
u_transform_scheduler_core.u_mixed_radix_butterfly.x0_q_ext\[14\],24.64µm
u_transform_scheduler_core.u_mixed_radix_butterfly.x0_q_ext\[4\],24.64µm
u_transform_scheduler_core.u_fft_scratch_sram.u_lo.macro_wdata\[5\],24.5µm
_07496_,24.36µm
_03421_,24.23µm
_07277_,24.23µm
u_transform_scheduler_core.dft12_ram_q\[7\]\[10\],24.23µm
u_transform_scheduler_core.u_mixed_radix_butterfly.high_iq_reg\[9\],24.23µm
u_transform_scheduler_core.u_mixed_radix_butterfly.low_ii_reg\[13\],24.23µm
u_transform_scheduler_core.u_mixed_radix_butterfly.product_ii_reg\[6\],24.23µm
_03356_,24.18µm
_03825_,24.18µm
_04278_,24.18µm
_04415_,24.18µm
_05352_,24.18µm
_05369_,24.18µm
_05692_,24.18µm
_07501_,24.18µm
_08072_,24.18µm
_08668_,24.18µm
_08839_,24.18µm
u_transform_scheduler_core.mod_x0_q\[0\],24.18µm
u_transform_scheduler_core.u_fft_scratch_sram.saved_wdata\[28\],24.18µm
u_transform_scheduler_core.u_mixed_radix_butterfly.arithmetic_half_sum_q_reg\[5\],24.18µm
u_transform_scheduler_core.u_mixed_radix_butterfly.premultiply_twiddle_re_reg\[6\],24.18µm
u_transform_scheduler_core.u_mixed_radix_butterfly.product_rr_reg\[4\],24.18µm
u_transform_scheduler_core.u_mixed_radix_butterfly.x0_i_ext\[10\],24.18µm
_00677_,24.13µm
_02077_,24.13µm
_02080_,24.13µm
_02157_,24.13µm
_02480_,24.13µm
_02522_,24.13µm
_02669_,24.13µm
_03239_,24.13µm
_03391_,24.13µm
_04465_,24.13µm
_05309_,24.13µm
_05978_,24.13µm
_06027_,24.13µm
_06068_,24.13µm
_06387_,24.13µm
_06624_,24.13µm
_06901_,24.13µm
_07071_,24.13µm
_07356_,24.13µm
_07472_,24.13µm
_07559_,24.13µm
_08008_,24.13µm
_08023_,24.13µm
_08085_,24.13µm
_08095_,24.13µm
_08194_,24.13µm
_08402_,24.13µm
debug_wdata\[15\],24.13µm
u_transform_scheduler_core.fifo_x0_i\[0\]\[1\],24.13µm
u_transform_scheduler_core.fifo_x0_i\[0\]\[3\],24.13µm
u_transform_scheduler_core.u_mixed_radix_butterfly.low_iq_reg\[4\],24.13µm
u_transform_scheduler_core.u_mixed_radix_butterfly.premultiply_sum_q_reg\[0\],24.13µm
u_transform_scheduler_core.u_mixed_radix_butterfly.premultiply_x0_i_reg\[13\],24.13µm
_00388_,24.08µm
_02327_,24.08µm
_02752_,24.08µm
_02789_,24.08µm
_03086_,24.08µm
_03306_,24.08µm
_03609_,24.08µm
_03877_,24.08µm
_04707_,24.08µm
_05426_,24.08µm
_05462_,24.08µm
_05468_,24.08µm
_05657_,24.08µm
_05804_,24.08µm
_06270_,24.08µm
_06570_,24.08µm
_06727_,24.08µm
_08145_,24.08µm
_08464_,24.08µm
_08613_,24.08µm
_08629_,24.08µm
u_transform_scheduler_core.u_mixed_radix_butterfly.premultiply_half_sum_q_reg\[1\],23.8µm
_07978_,23.67µm
_08230_,23.67µm
_08831_,23.67µm
u_transform_scheduler_core.dft12_ram_q\[0\]\[3\],23.67µm
u_transform_scheduler_core.u_fft128_modulo_controller.fetch_x1_q\[14\],23.67µm
_04424_,23.62µm
_04427_,23.62µm
_04719_,23.62µm
_06928_,23.62µm
_07414_,23.62µm
_08136_,23.62µm
_08769_,23.62µm
_08812_,23.62µm
u_transform_scheduler_core.fifo_x1_q\[0\]\[7\],23.62µm
u_transform_scheduler_core.fifo_x2_i\[0\]\[5\],23.62µm
u_transform_scheduler_core.ofdm_sample_index\[3\],23.62µm
u_transform_scheduler_core.tx_dout\[3\],23.62µm
u_transform_scheduler_core.u_fft128_modulo_controller.fetch_x1_q\[4\],23.62µm
u_transform_scheduler_core.u_mixed_radix_butterfly.high_rq_reg\[2\],23.62µm
u_transform_scheduler_core.u_mixed_radix_butterfly.low_ii_reg\[0\],23.62µm
u_transform_scheduler_core.u_mixed_radix_butterfly.low_ii_reg\[12\],23.62µm
u_transform_scheduler_core.u_mixed_radix_butterfly.low_rr_reg\[1\],23.62µm
u_transform_scheduler_core.u_mixed_radix_butterfly.low_rr_reg\[6\],23.62µm
u_transform_scheduler_core.u_mixed_radix_butterfly.premultiply_twiddle_im_reg\[0\],23.62µm
_00096_,23.57µm
_01796_,23.57µm
_01803_,23.57µm
_02293_,23.57µm
_02338_,23.57µm
_02804_,23.57µm
_03214_,23.57µm
_03756_,23.57µm
_04116_,23.57µm
_04279_,23.57µm
_04359_,23.57µm
_04571_,23.57µm
_04728_,23.57µm
_05002_,23.57µm
_05603_,23.57µm
_06947_,23.57µm
_07018_,23.57µm
_07165_,23.57µm
_07436_,23.57µm
_07476_,23.57µm
_07632_,23.57µm
_07698_,23.57µm
_08035_,23.57µm
_08594_,23.57µm
_08614_,23.57µm
_08827_,23.57µm
debug_data_hi\[4\],23.57µm
debug_wdata\[13\],23.57µm
u_transform_scheduler_core.fifo_x1_i\[0\]\[2\],23.57µm
u_transform_scheduler_core.rx_fft128_i\[3\],23.57µm
u_transform_scheduler_core.u_fft128_modulo_controller.fetch_x1_q\[3\],23.57µm
u_transform_scheduler_core.u_fft_scratch_sram.i_half\[10\],23.57µm
u_transform_scheduler_core.u_mixed_radix_butterfly.premultiply_x0_q_reg\[3\],23.57µm
u_transform_scheduler_core.u_tdiq_output_cp_insert.skid_data\[6\],23.57µm
_00967_,23.52µm
_01401_,23.52µm
_01816_,23.52µm
_01839_,23.52µm
_02114_,23.52µm
_02807_,23.52µm
_03232_,23.52µm
_03533_,23.52µm
_03639_,23.52µm
_03905_,23.52µm
_04044_,23.52µm
_04537_,23.52µm
_04740_,23.52µm
_04931_,23.52µm
_05166_,23.52µm
_05439_,23.52µm
_05879_,23.52µm
_06448_,23.52µm
_06788_,23.52µm
_06832_,23.52µm
_07796_,23.52µm
_08592_,23.52µm
u_transform_scheduler_core.rx_small_x0_i\[0\],23.52µm
u_transform_scheduler_core.u_fft_scratch_sram.i_half\[3\],23.52µm
u_transform_scheduler_core.u_mixed_radix_butterfly.premultiply_input_i_reg\[0\],23.52µm
u_transform_scheduler_core.u_mixed_radix_butterfly.product_rr_reg\[1\],23.52µm
u_transform_scheduler_core.u_fft_scratch_sram.u_lo.macro_addr\[3\],23.38µm
_07241_,23.34µm
_03837_,23.12µm
_02118_,23.11µm
_03403_,23.11µm
_07584_,23.11µm
_07822_,23.11µm
_08168_,23.11µm
_08260_,23.11µm
u_transform_scheduler_core.dft12_ram_i\[1\]\[7\],23.11µm
u_transform_scheduler_core.u_mixed_radix_butterfly.premultiply_input_i_reg\[6\],23.11µm
u_transform_scheduler_core.u_mixed_radix_butterfly.product_rr_reg\[18\],23.11µm
_02068_,23.06µm
_03289_,23.06µm
_03781_,23.06µm
_04212_,23.06µm
_07136_,23.06µm
_08386_,23.06µm
_08514_,23.06µm
debug_read_latch\[10\],23.06µm
u_transform_scheduler_core.fft_mem_rdata\[16\],23.06µm
u_transform_scheduler_core.fifo_x2_i\[0\]\[0\],23.06µm
u_transform_scheduler_core.mod_x0_q\[15\],23.06µm
u_transform_scheduler_core.rx_small_x0_q\[5\],23.06µm
u_transform_scheduler_core.rx_small_x1_i\[1\],23.06µm
u_transform_scheduler_core.tx_dft12_hold_q\[1\]\[4\],23.06µm
u_transform_scheduler_core.u_mixed_radix_butterfly.high_iq_reg\[6\],23.06µm
u_transform_scheduler_core.u_mixed_radix_butterfly.premultiply_twiddle_re_reg\[5\],23.06µm
u_transform_scheduler_core.u_mixed_radix_butterfly.product_iq_reg\[10\],23.06µm
u_transform_scheduler_core.u_mixed_radix_butterfly.product_iq_reg\[9\],23.06µm
_00102_,23.01µm
_00895_,23.01µm
_01817_,23.01µm
_02215_,23.01µm
_03039_,23.01µm
_03333_,23.01µm
_03446_,23.01µm
_04042_,23.01µm
_04375_,23.01µm
_05129_,23.01µm
_05620_,23.01µm
_05638_,23.01µm
_05678_,23.01µm
_05761_,23.01µm
_05949_,23.01µm
_06197_,23.01µm
_06347_,23.01µm
_06939_,23.01µm
_06996_,23.01µm
_07054_,23.01µm
_07119_,23.01µm
_07360_,23.01µm
_08229_,23.01µm
_08315_,23.01µm
_08593_,23.01µm
_08698_,23.01µm
_08707_,23.01µm
debug_read_latch\[0\],23.01µm
u_transform_scheduler_core.mod_diag_X0_q\[1\],23.01µm
u_transform_scheduler_core.mod_x0_i\[5\],23.01µm
u_transform_scheduler_core.result_meta_radix3\[1\]\[0\],23.01µm
u_transform_scheduler_core.tx_dft12_hold_q\[0\]\[1\],23.01µm
u_transform_scheduler_core.u_mixed_radix_butterfly.arithmetic_half_sum_i_reg\[1\],23.01µm
u_transform_scheduler_core.u_mixed_radix_butterfly.arithmetic_half_sum_i_reg\[9\],23.01µm
_00417_,22.96µm
_00711_,22.96µm
_01048_,22.96µm
_02115_,22.96µm
_02429_,22.96µm
_02437_,22.96µm
_02628_,22.96µm
_03180_,22.96µm
_03182_,22.96µm
_03199_,22.96µm
_03252_,22.96µm
_03322_,22.96µm
_03971_,22.96µm
_03979_,22.96µm
_04323_,22.96µm
_04657_,22.96µm
_04714_,22.96µm
_04763_,22.96µm
_05212_,22.96µm
_05533_,22.96µm
_05558_,22.96µm
_06276_,22.96µm
_06287_,22.96µm
_06823_,22.96µm
_06936_,22.96µm
_07013_,22.96µm
_07035_,22.96µm
_07448_,22.96µm
_07471_,22.96µm
_08126_,22.96µm
_08669_,22.96µm
_08694_,22.96µm
u_transform_scheduler_core.fft_mem_rdata\[6\],22.96µm
u_transform_scheduler_core.u_fft_scratch_sram.u_hi.macro_wdata\[0\],22.87µm
_02232_,22.6µm
_03851_,22.55µm
_07404_,22.55µm
u_transform_scheduler_core.u_fdiq_output_adapter.sample_q_reg\[7\],22.55µm
_00909_,22.5µm
_02034_,22.5µm
_02414_,22.5µm
_02509_,22.5µm
_03186_,22.5µm
_03515_,22.5µm
_03834_,22.5µm
_03885_,22.5µm
_06391_,22.5µm
_06957_,22.5µm
_07106_,22.5µm
_07182_,22.5µm
_07578_,22.5µm
_08003_,22.5µm
_08089_,22.5µm
_08428_,22.5µm
debug_addr\[7\],22.5µm
u_transform_scheduler_core.mod_x0_i\[8\],22.5µm
u_transform_scheduler_core.rx_state\[4\],22.5µm
u_transform_scheduler_core.tx_dft12_hold_q\[0\]\[9\],22.5µm
u_transform_scheduler_core.tx_dft12_hold_q\[2\]\[8\],22.5µm
u_transform_scheduler_core.tx_sample_q\[5\],22.5µm
u_transform_scheduler_core.u_fdiq_input_adapter.held_i\[0\],22.5µm
u_transform_scheduler_core.u_mixed_radix_butterfly.low_rq_reg\[9\],22.5µm
u_transform_scheduler_core.u_mixed_radix_butterfly.premultiply_half_sum_i_reg\[6\],22.5µm
u_transform_scheduler_core.u_mixed_radix_butterfly.premultiply_x0_i_reg\[5\],22.5µm
u_transform_scheduler_core.u_mixed_radix_butterfly.twiddle_re_reg\[0\],22.5µm
u_transform_scheduler_core.u_tdiq_input_cp_remove.useful_sample_index\[0\],22.5µm
_00349_,22.45µm
_00558_,22.45µm
_00625_,22.45µm
_01190_,22.45µm
_02369_,22.45µm
_02808_,22.45µm
_02890_,22.45µm
_03447_,22.45µm
_03813_,22.45µm
_03830_,22.45µm
_03838_,22.45µm
_04012_,22.45µm
_04368_,22.45µm
_04891_,22.45µm
_05391_,22.45µm
_05400_,22.45µm
_05422_,22.45µm
_05573_,22.45µm
_05788_,22.45µm
_05836_,22.45µm
_06645_,22.45µm
_07284_,22.45µm
_08220_,22.45µm
_08242_,22.45µm
_08539_,22.45µm
_08543_,22.45µm
_08829_,22.45µm
debug_read_latch\[5\],22.45µm
echo_data\[1\],22.45µm
u_transform_scheduler_core.dft12_ram_i\[9\]\[9\],22.45µm
u_transform_scheduler_core.fifo_x0_q\[0\]\[10\],22.45µm
u_transform_scheduler_core.ofdm_sample_i\[2\],22.45µm
u_transform_scheduler_core.rx_fft128_i\[10\],22.45µm
u_transform_scheduler_core.rx_small_x1_q\[1\],22.45µm
u_transform_scheduler_core.tx_dft12_hold_q\[2\]\[1\],22.45µm
_00116_,22.4µm
_00131_,22.4µm
_00179_,22.4µm
_00902_,22.4µm
_02008_,22.4µm
_02401_,22.4µm
_02473_,22.4µm
_02703_,22.4µm
_02910_,22.4µm
_02997_,22.4µm
_04910_,22.4µm
_05714_,22.4µm
_06080_,22.4µm
_06288_,22.4µm
_06663_,22.4µm
_07249_,22.4µm
_07311_,22.4µm
_07924_,22.4µm
_08165_,22.4µm
_08322_,22.4µm
_08555_,22.4µm
_08605_,22.4µm
_08670_,22.4µm
_08800_,22.4µm
u_transform_scheduler_core.mod_x0_q\[14\],22.4µm
u_transform_scheduler_core.u_fft_scratch_sram.i_half\[4\],22.4µm
u_transform_scheduler_core.u_mixed_radix_butterfly.premultiply_x0_q_reg\[11\],22.4µm
u_transform_scheduler_core.u_mixed_radix_butterfly.product_rr_reg\[2\],22.4µm
u_transform_scheduler_core.u_mixed_radix_butterfly.x0_i_ext\[8\],22.4µm
_04435_,21.99µm
_01207_,21.94µm
_01594_,21.94µm
_02725_,21.94µm
_03824_,21.94µm
_04049_,21.94µm
_06587_,21.94µm
_06925_,21.94µm
_06951_,21.94µm
_06956_,21.94µm
_07183_,21.94µm
_07993_,21.94µm
_08441_,21.94µm
debug_addr\[6\],21.94µm
debug_read_latch\[7\],21.94µm
debug_wdata\[4\],21.94µm
u_transform_scheduler_core.dft12_ram_i\[7\]\[0\],21.94µm
u_transform_scheduler_core.dft12_ram_q\[0\]\[5\],21.94µm
u_transform_scheduler_core.rx_small_x0_q\[1\],21.94µm
u_transform_scheduler_core.rx_small_x2_i\[1\],21.94µm
u_transform_scheduler_core.rx_small_x2_i\[3\],21.94µm
u_transform_scheduler_core.tx_dft12_hold_q\[0\]\[3\],21.94µm
u_transform_scheduler_core.u_mixed_radix_butterfly.arithmetic_uop_reg\[1\],21.94µm
u_transform_scheduler_core.u_mixed_radix_butterfly.x0_i_ext\[12\],21.94µm
u_transform_scheduler_core.u_tdiq_input_cp_remove.held_i\[10\],21.94µm
_00108_,21.89µm
_00246_,21.89µm
_00971_,21.89µm
_01768_,21.89µm
_02082_,21.89µm
_02246_,21.89µm
_02416_,21.89µm
_03041_,21.89µm
_03163_,21.89µm
_03359_,21.89µm
_03615_,21.89µm
_03808_,21.89µm
_04436_,21.89µm
_04538_,21.89µm
_04964_,21.89µm
_05029_,21.89µm
_05615_,21.89µm
_05808_,21.89µm
_06692_,21.89µm
_06806_,21.89µm
_07235_,21.89µm
_07439_,21.89µm
_07704_,21.89µm
_07912_,21.89µm
_08080_,21.89µm
_08109_,21.89µm
_08119_,21.89µm
_08696_,21.89µm
debug_wdata\[10\],21.89µm
u_transform_scheduler_core.fft_mem_rdata\[1\],21.89µm
u_transform_scheduler_core.fft_mem_rdata\[27\],21.89µm
u_transform_scheduler_core.ofdm_sample_i\[3\],21.89µm
u_transform_scheduler_core.rx_small_x0_i\[1\],21.89µm
u_transform_scheduler_core.rx_small_x0_i\[5\],21.89µm
u_transform_scheduler_core.rx_small_x0_i\[6\],21.89µm
u_transform_scheduler_core.u_fft128_modulo_controller.read_issue_count\[2\],21.89µm
u_transform_scheduler_core.u_mixed_radix_butterfly.arithmetic_sum_i_reg\[0\],21.89µm
u_transform_scheduler_core.u_mixed_radix_butterfly.arithmetic_x0_i_reg\[4\],21.89µm
u_transform_scheduler_core.u_mixed_radix_butterfly.arithmetic_x0_q_reg\[13\],21.89µm
u_transform_scheduler_core.u_mixed_radix_butterfly.premultiply_half_sum_i_reg\[11\],21.89µm
u_transform_scheduler_core.u_mixed_radix_butterfly.premultiply_half_sum_q_reg\[7\],21.89µm
u_transform_scheduler_core.u_mixed_radix_butterfly.premultiply_twiddle_im_reg\[3\],21.89µm
u_transform_scheduler_core.u_mixed_radix_butterfly.premultiply_uop_reg\[1\],21.89µm
u_transform_scheduler_core.u_mixed_radix_butterfly.x0_i_ext\[6\],21.89µm
_00190_,21.84µm
_01414_,21.84µm
_01792_,21.84µm
_02312_,21.84µm
_02491_,21.84µm
_02552_,21.84µm
_02672_,21.84µm
_03233_,21.84µm
_03370_,21.84µm
_03553_,21.84µm
_03645_,21.84µm
_03755_,21.84µm
_04006_,21.84µm
_04744_,21.84µm
_04981_,21.84µm
_05184_,21.84µm
_05609_,21.84µm
_05629_,21.84µm
_05837_,21.84µm
_06036_,21.84µm
_06395_,21.84µm
_06517_,21.84µm
_06618_,21.84µm
_06976_,21.84µm
_07732_,21.84µm
_08253_,21.84µm
_08649_,21.84µm
u_transform_scheduler_core.tx_dft12_hold_i\[0\]\[15\],21.84µm
u_transform_scheduler_core.u_mixed_radix_butterfly.premultiply_sum_i_reg\[0\],21.84µm
u_transform_scheduler_core.u_tdiq_output_cp_insert.request_sample\[7\],21.84µm
u_transform_scheduler_core.u_fft_scratch_sram.u_hi.macro_wdata\[4\],21.7µm
u_transform_scheduler_core.u_fft_scratch_sram.u_lo.macro_addr\[7\],21.7µm
u_transform_scheduler_core.u_fft_scratch_sram.u_lo.macro_wdata\[2\],21.7µm
din[2],21.7µm
u_transform_scheduler_core.u_fdiq_output_adapter.sample_q_reg\[9\],21.61µm
_02052_,21.56µm
u_transform_scheduler_core.u_mixed_radix_butterfly.arithmetic_x0_i_reg\[1\],21.43µm
_02483_,21.38µm
_03389_,21.38µm
_03816_,21.38µm
_03911_,21.38µm
_04115_,21.38µm
_04762_,21.38µm
_07666_,21.38µm
_08340_,21.38µm
u_transform_scheduler_core.dft12_ram_q\[0\]\[6\],21.38µm
u_transform_scheduler_core.fifo_x1_q\[0\]\[0\],21.38µm
u_transform_scheduler_core.ofdm_sample_q\[3\],21.38µm
u_transform_scheduler_core.rx_small_x1_i\[2\],21.38µm
u_transform_scheduler_core.tx_dft12_hold_i\[1\]\[15\],21.38µm
u_transform_scheduler_core.tx_dft12_hold_i\[1\]\[2\],21.38µm
u_transform_scheduler_core.tx_dout\[5\],21.38µm
u_transform_scheduler_core.u_mixed_radix_butterfly.arithmetic_x0_q_reg\[2\],21.38µm
u_transform_scheduler_core.u_mixed_radix_butterfly.high_rr_reg\[2\],21.38µm
u_transform_scheduler_core.u_mixed_radix_butterfly.product_ii_reg\[22\],21.38µm
u_transform_scheduler_core.u_mixed_radix_butterfly.product_iq_reg\[2\],21.38µm
u_transform_scheduler_core.u_mixed_radix_butterfly.x0_q_ext\[15\],21.38µm
_00092_,21.33µm
_00253_,21.33µm
_00424_,21.33µm
_01732_,21.33µm
_02066_,21.33µm
_02156_,21.33µm
_02212_,21.33µm
_02342_,21.33µm
_02612_,21.33µm
_02636_,21.33µm
_03162_,21.33µm
_03589_,21.33µm
_03800_,21.33µm
_05017_,21.33µm
_05215_,21.33µm
_05234_,21.33µm
_05375_,21.33µm
_05399_,21.33µm
_05534_,21.33µm
_05542_,21.33µm
_05785_,21.33µm
_05805_,21.33µm
_06425_,21.33µm
_06468_,21.33µm
_06948_,21.33µm
_07149_,21.33µm
_07352_,21.33µm
_07392_,21.33µm
_07752_,21.33µm
_07992_,21.33µm
_08061_,21.33µm
_08075_,21.33µm
_08083_,21.33µm
_08187_,21.33µm
_08227_,21.33µm
_08566_,21.33µm
_08714_,21.33µm
output_left\[8\],21.33µm
u_transform_scheduler_core.u_fft128_modulo_controller.fetch_x1_i\[3\],21.33µm
u_transform_scheduler_core.u_mixed_radix_butterfly.arithmetic_half_sum_i_reg\[5\],21.33µm
u_transform_scheduler_core.u_mixed_radix_butterfly.arithmetic_half_sum_q_reg\[0\],21.33µm
u_transform_scheduler_core.u_mixed_radix_butterfly.arithmetic_x0_i_reg\[14\],21.33µm
u_transform_scheduler_core.u_mixed_radix_butterfly.premultiply_input_i_reg\[2\],21.33µm
u_transform_scheduler_core.u_mixed_radix_butterfly.x0_i_ext\[14\],21.33µm
u_transform_scheduler_core.u_tdiq_input_cp_remove.held_i\[1\],21.33µm
u_transform_scheduler_core.u_tdiq_output_cp_insert.responses_left\[8\],21.33µm
_00592_,21.28µm
_01752_,21.28µm
_02011_,21.28µm
_02257_,21.28µm
_02315_,21.28µm
_02335_,21.28µm
_03043_,21.28µm
_03255_,21.28µm
_03353_,21.28µm
_03477_,21.28µm
_03532_,21.28µm
_04030_,21.28µm
_04317_,21.28µm
_04482_,21.28µm
_04574_,21.28µm
_04704_,21.28µm
_04827_,21.28µm
_04974_,21.28µm
_05004_,21.28µm
_05047_,21.28µm
_05223_,21.28µm
_05247_,21.28µm
_05319_,21.28µm
_05506_,21.28µm
_05580_,21.28µm
_05786_,21.28µm
_06218_,21.28µm
_06432_,21.28µm
_06559_,21.28µm
_06582_,21.28µm
_06593_,21.28µm
_06617_,21.28µm
_07830_,21.28µm
_08124_,21.28µm
_08487_,21.28µm
_08620_,21.28µm
_08672_,21.28µm
u_transform_scheduler_core.u_fft_scratch_sram.i_half\[12\],21.28µm
u_transform_scheduler_core.u_mixed_radix_butterfly.arithmetic_half_sum_i_reg\[14\],21.28µm
u_transform_scheduler_core.u_fft_scratch_sram.u_hi.macro_wdata\[6\],21.14µm
_04782_,21.1µm
u_transform_scheduler_core.u_mixed_radix_butterfly.x2_q_ext\[6\],20.92µm
_02129_,20.87µm
_03772_,20.87µm
_08381_,20.87µm
u_transform_scheduler_core.u_mixed_radix_butterfly.low_iq_reg\[6\],20.87µm
_03042_,20.82µm
_03279_,20.82µm
_07043_,20.82µm
_07094_,20.82µm
_08026_,20.82µm
_08276_,20.82µm
_08380_,20.82µm
_08652_,20.82µm
u_transform_scheduler_core.dft12_ram_i\[9\]\[14\],20.82µm
u_transform_scheduler_core.dft12_ram_q\[0\]\[12\],20.82µm
u_transform_scheduler_core.fifo_x1_i\[0\]\[5\],20.82µm
u_transform_scheduler_core.mod_x0_q\[8\],20.82µm
u_transform_scheduler_core.tx_dout\[2\],20.82µm
u_transform_scheduler_core.tx_sample_q\[4\],20.82µm
u_transform_scheduler_core.u_fft_scratch_sram.state\[1\],20.82µm
u_transform_scheduler_core.u_mixed_radix_butterfly.low_iq_reg\[1\],20.82µm
u_transform_scheduler_core.u_mixed_radix_butterfly.premultiply_half_sum_i_reg\[9\],20.82µm
u_transform_scheduler_core.u_mixed_radix_butterfly.premultiply_twiddle_re_reg\[1\],20.82µm
u_transform_scheduler_core.u_mixed_radix_butterfly.product_ii_reg\[12\],20.82µm
u_transform_scheduler_core.u_mixed_radix_butterfly.product_iq_reg\[17\],20.82µm
u_transform_scheduler_core.u_mixed_radix_butterfly.x0_q_ext\[11\],20.82µm
_01233_,20.77µm
_01430_,20.77µm
_02102_,20.77µm
_02244_,20.77µm
_02608_,20.77µm
_02632_,20.77µm
_02695_,20.77µm
_02778_,20.77µm
_02943_,20.77µm
_03072_,20.77µm
_03686_,20.77µm
_03951_,20.77µm
_04097_,20.77µm
_04504_,20.77µm
_04556_,20.77µm
_04746_,20.77µm
_04837_,20.77µm
_04914_,20.77µm
_05208_,20.77µm
_05361_,20.77µm
_05787_,20.77µm
_05923_,20.77µm
_06390_,20.77µm
_06863_,20.77µm
_06934_,20.77µm
_07431_,20.77µm
_07850_,20.77µm
_07863_,20.77µm
_08040_,20.77µm
_08125_,20.77µm
_08632_,20.77µm
debug_data_hi\[5\],20.77µm
echo_data\[2\],20.77µm
echo_data\[4\],20.77µm
u_transform_scheduler_core.fifo_x0_i\[0\]\[2\],20.77µm
u_transform_scheduler_core.ofdm_sample_q\[0\],20.77µm
u_transform_scheduler_core.rx_dft12_i\[3\],20.77µm
u_transform_scheduler_core.rx_small_x2_i\[5\],20.77µm
u_transform_scheduler_core.tx_dft12_hold_i\[1\]\[13\],20.77µm
u_transform_scheduler_core.tx_dft12_hold_q\[2\]\[12\],20.77µm
u_transform_scheduler_core.u_fdiq_output_adapter.state\[2\],20.77µm
u_transform_scheduler_core.u_fft_scratch_sram.i_half\[7\],20.77µm
_05594_,20.75µm
_00123_,20.72µm
_00365_,20.72µm
_00910_,20.72µm
_01064_,20.72µm
_01526_,20.72µm
_02152_,20.72µm
_02159_,20.72µm
_02162_,20.72µm
_02164_,20.72µm
_02705_,20.72µm
_02718_,20.72µm
_02893_,20.72µm
_03222_,20.72µm
_03288_,20.72µm
_03764_,20.72µm
_04326_,20.72µm
_04407_,20.72µm
_04936_,20.72µm
_05043_,20.72µm
_05291_,20.72µm
_05306_,20.72µm
_05509_,20.72µm
_05685_,20.72µm
_06087_,20.72µm
_06256_,20.72µm
_06367_,20.72µm
_06576_,20.72µm
_06763_,20.72µm
_07176_,20.72µm
_07667_,20.72µm
_07725_,20.72µm
_07785_,20.72µm
_08247_,20.72µm
_08611_,20.72µm
u_transform_scheduler_core.tx_dft12_hold_i\[1\]\[7\],20.72µm
u_transform_scheduler_core.tx_dft12_hold_q\[2\]\[13\],20.72µm
u_transform_scheduler_core.u_mixed_radix_butterfly.arithmetic_sum_q_reg\[0\],20.72µm
u_transform_scheduler_core.mod_diag_X1_q\[5\],20.64µm
_03775_,20.31µm
_05994_,20.31µm
_07120_,20.31µm
_07231_,20.31µm
debug_read_latch\[14\],20.31µm
u_transform_scheduler_core.dft12_ram_i\[0\]\[6\],20.31µm
u_transform_scheduler_core.dft12_ram_i\[7\]\[7\],20.31µm
u_transform_scheduler_core.mod_diag_X1_q\[1\],20.31µm
u_transform_scheduler_core.u_fdiq_output_adapter.sample_i_reg\[9\],20.31µm
u_transform_scheduler_core.u_mixed_radix_butterfly.final_scalar_product_reg\[6\],20.31µm
u_transform_scheduler_core.u_mixed_radix_butterfly.premultiply_input_i_reg\[11\],20.31µm
_03130_,20.26µm
_03760_,20.26µm
_03987_,20.26µm
_04170_,20.26µm
_06136_,20.26µm
_06516_,20.26µm
_07217_,20.26µm
_07387_,20.26µm
_07713_,20.26µm
_07731_,20.26µm
_08647_,20.26µm
debug_wdata\[1\],20.26µm
u_transform_scheduler_core.mod_x0_q\[11\],20.26µm
u_transform_scheduler_core.u_fft128_modulo_controller.fetch_x1_i\[10\],20.26µm
u_transform_scheduler_core.u_mixed_radix_butterfly.arithmetic_stage_valid,20.26µm
u_transform_scheduler_core.u_mixed_radix_butterfly.arithmetic_x0_i_reg\[2\],20.26µm
u_transform_scheduler_core.u_mixed_radix_butterfly.premultiply_half_sum_i_reg\[5\],20.26µm
u_transform_scheduler_core.u_mixed_radix_butterfly.premultiply_x0_q_reg\[8\],20.26µm
u_transform_scheduler_core.u_tdiq_input_cp_remove.held_i\[4\],20.26µm
u_transform_scheduler_core.u_tdiq_input_cp_remove.held_i\[5\],20.26µm
_00594_,20.21µm
_01091_,20.21µm
_01471_,20.21µm
_01479_,20.21µm
_02069_,20.21µm
_02177_,20.21µm
_02192_,20.21µm
_02217_,20.21µm
_03379_,20.21µm
_03677_,20.21µm
_03685_,20.21µm
_03898_,20.21µm
_04596_,20.21µm
_04790_,20.21µm
_04838_,20.21µm
_04962_,20.21µm
_04997_,20.21µm
_05365_,20.21µm
_05421_,20.21µm
_05461_,20.21µm
_05526_,20.21µm
_05579_,20.21µm
_05773_,20.21µm
_06055_,20.21µm
_06109_,20.21µm
_06120_,20.21µm
_06148_,20.21µm
_06152_,20.21µm
_06561_,20.21µm
_06960_,20.21µm
_07029_,20.21µm
_07350_,20.21µm
_07374_,20.21µm
_07452_,20.21µm
_08186_,20.21µm
_08250_,20.21µm
_08305_,20.21µm
_08840_,20.21µm
debug_data_hi\[0\],20.21µm
debug_data_hi\[2\],20.21µm
debug_wdata\[12\],20.21µm
debug_wdata\[14\],20.21µm
echo_data\[6\],20.21µm
u_transform_scheduler_core.fifo_x0_i\[0\]\[4\],20.21µm
u_transform_scheduler_core.rx_small_x1_q\[8\],20.21µm
u_transform_scheduler_core.u_mixed_radix_butterfly.arithmetic_half_sum_q_reg\[4\],20.21µm
u_transform_scheduler_core.u_mixed_radix_butterfly.arithmetic_x0_i_reg\[7\],20.21µm
u_transform_scheduler_core.u_mixed_radix_butterfly.premultiply_twiddle_im_reg\[4\],20.21µm
u_transform_scheduler_core.u_mixed_radix_butterfly.product_rr_reg\[5\],20.21µm
_00090_,20.16µm
_00386_,20.16µm
_00672_,20.16µm
_00791_,20.16µm
_01126_,20.16µm
_01284_,20.16µm
_02026_,20.16µm
_02221_,20.16µm
_02324_,20.16µm
_02527_,20.16µm
_02741_,20.16µm
_02882_,20.16µm
_03380_,20.16µm
_03848_,20.16µm
_04255_,20.16µm
_04464_,20.16µm
_04710_,20.16µm
_05061_,20.16µm
_05167_,20.16µm
_05497_,20.16µm
_05527_,20.16µm
_06038_,20.16µm
_06207_,20.16µm
_06409_,20.16µm
_06441_,20.16µm
_06674_,20.16µm
_06864_,20.16µm
_07077_,20.16µm
_07475_,20.16µm
_07522_,20.16µm
_07737_,20.16µm
_08180_,20.16µm
_08410_,20.16µm
_08678_,20.16µm
u_transform_scheduler_core.dft12_ram_q\[0\]\[10\],20.16µm
u_transform_scheduler_core.tx_dft12_hold_i\[2\]\[12\],20.16µm
u_transform_scheduler_core.u_fft128_modulo_controller.state\[1\],20.16µm
u_transform_scheduler_core.mod_diag_X0_q\[2\],19.8µm
u_transform_scheduler_core.u_mixed_radix_butterfly.x1_i_ext\[3\],19.8µm
_07066_,19.75µm
_07135_,19.75µm
u_transform_scheduler_core.rx_small_x0_i\[2\],19.75µm
u_transform_scheduler_core.u_mixed_radix_butterfly.product_iq_reg\[21\],19.75µm
_02070_,19.7µm
_02470_,19.7µm
_02519_,19.7µm
_03778_,19.7µm
_03995_,19.7µm
_04027_,19.7µm
_04476_,19.7µm
_05202_,19.7µm
_06919_,19.7µm
_07008_,19.7µm
_07451_,19.7µm
_07460_,19.7µm
_07557_,19.7µm
_07826_,19.7µm
_07834_,19.7µm
_07988_,19.7µm
_08233_,19.7µm
debug_wdata\[0\],19.7µm
u_transform_scheduler_core.mod_x0_i\[9\],19.7µm
u_transform_scheduler_core.rx_small_x2_i\[4\],19.7µm
u_transform_scheduler_core.tx_dft12_hold_q\[0\]\[13\],19.7µm
u_transform_scheduler_core.tx_dft12_hold_q\[2\]\[15\],19.7µm
u_transform_scheduler_core.u_mixed_radix_butterfly.arithmetic_half_sum_q_reg\[7\],19.7µm
u_transform_scheduler_core.u_mixed_radix_butterfly.arithmetic_x0_q_reg\[1\],19.7µm
u_transform_scheduler_core.u_mixed_radix_butterfly.high_iq_reg\[2\],19.7µm
u_transform_scheduler_core.u_mixed_radix_butterfly.low_rq_reg\[12\],19.7µm
u_transform_scheduler_core.u_mixed_radix_butterfly.premultiply_twiddle_re_reg\[2\],19.7µm
u_transform_scheduler_core.u_mixed_radix_butterfly.product_rr_reg\[0\],19.7µm
u_transform_scheduler_core.u_mixed_radix_butterfly.x0_q_ext\[2\],19.7µm
_00001_,19.65µm
_00113_,19.65µm
_00236_,19.65µm
_00287_,19.65µm
_00412_,19.65µm
_00753_,19.65µm
_00772_,19.65µm
_01733_,19.65µm
_01904_,19.65µm
_01956_,19.65µm
_02203_,19.65µm
_02259_,19.65µm
_02334_,19.65µm
_02336_,19.65µm
_02492_,19.65µm
_02836_,19.65µm
_02984_,19.65µm
_03113_,19.65µm
_03172_,19.65µm
_03297_,19.65µm
_03315_,19.65µm
_03598_,19.65µm
_03676_,19.65µm
_03948_,19.65µm
_03982_,19.65µm
_04028_,19.65µm
_04074_,19.65µm
_04324_,19.65µm
_04369_,19.65µm
_04555_,19.65µm
_04862_,19.65µm
_04937_,19.65µm
_05027_,19.65µm
_05530_,19.65µm
_05576_,19.65µm
_05624_,19.65µm
_05741_,19.65µm
_05872_,19.65µm
_06098_,19.65µm
_06507_,19.65µm
_06551_,19.65µm
_06668_,19.65µm
_06871_,19.65µm
_06892_,19.65µm
_07065_,19.65µm
_07196_,19.65µm
_07433_,19.65µm
_07597_,19.65µm
_07885_,19.65µm
_08039_,19.65µm
_08041_,19.65µm
_08081_,19.65µm
_08164_,19.65µm
_08496_,19.65µm
_08689_,19.65µm
u_transform_scheduler_core.dft12_sent_uop,19.65µm
u_transform_scheduler_core.fifo_x0_q\[0\]\[2\],19.65µm
u_transform_scheduler_core.mod_x0_i\[12\],19.65µm
u_transform_scheduler_core.mod_x0_q\[12\],19.65µm
u_transform_scheduler_core.mod_x0_q\[4\],19.65µm
u_transform_scheduler_core.u_fft128_modulo_controller.fetch_x1_i\[15\],19.65µm
u_transform_scheduler_core.u_mixed_radix_butterfly.low_rq_reg\[8\],19.65µm
u_transform_scheduler_core.u_mixed_radix_butterfly.premultiply_half_sum_q_reg\[3\],19.65µm
u_transform_scheduler_core.u_mixed_radix_butterfly.premultiply_x0_i_reg\[15\],19.65µm
u_transform_scheduler_core.u_mixed_radix_butterfly.twiddle_im_reg\[0\],19.65µm
u_transform_scheduler_core.u_mixed_radix_butterfly.x0_q_ext\[13\],19.65µm
u_transform_scheduler_core.u_tdiq_output_cp_insert.requests_left\[8\],19.65µm
_00498_,19.6µm
_01438_,19.6µm
_02181_,19.6µm
_02326_,19.6µm
_02472_,19.6µm
_02771_,19.6µm
_02948_,19.6µm
_03075_,19.6µm
_03208_,19.6µm
_03469_,19.6µm
_03702_,19.6µm
_03904_,19.6µm
_04138_,19.6µm
_04631_,19.6µm
_04867_,19.6µm
_05021_,19.6µm
_05157_,19.6µm
_05296_,19.6µm
_05586_,19.6µm
_05798_,19.6µm
_06010_,19.6µm
_06114_,19.6µm
_06150_,19.6µm
_06297_,19.6µm
_06346_,19.6µm
_06634_,19.6µm
_06929_,19.6µm
_07020_,19.6µm
_07107_,19.6µm
_07780_,19.6µm
_07944_,19.6µm
u_transform_scheduler_core.rx_small_x1_q\[0\],19.6µm
u_transform_scheduler_core.u_fft128_modulo_controller.fetch_x1_i\[4\],19.6µm
_07514_,19.19µm
debug_data_hi\[3\],19.19µm
u_transform_scheduler_core.u_fft128_modulo_controller.fetch_x1_i\[11\],19.19µm
u_transform_scheduler_core.u_fft128_modulo_controller.fetch_x1_i\[9\],19.19µm
_03406_,19.14µm
_03901_,19.14µm
_04003_,19.14µm
_04776_,19.14µm
_07240_,19.14µm
_07852_,19.14µm
_07903_,19.14µm
_08309_,19.14µm
debug_wdata\[2\],19.14µm
debug_wdata\[5\],19.14µm
u_transform_scheduler_core.fft_mem_rdata\[29\],19.14µm
u_transform_scheduler_core.fft_mem_rdata\[31\],19.14µm
u_transform_scheduler_core.mod_x0_i\[13\],19.14µm
u_transform_scheduler_core.u_fft_scratch_sram.saved_addr\[5\],19.14µm
u_transform_scheduler_core.u_mixed_radix_butterfly.premultiply_x0_i_reg\[4\],19.14µm
u_transform_scheduler_core.u_tdiq_output_cp_insert.requests_left\[5\],19.14µm
_00093_,19.09µm
_00747_,19.09µm
_01417_,19.09µm
_02208_,19.09µm
_02222_,19.09µm
_02683_,19.09µm
_02951_,19.09µm
_03112_,19.09µm
_03243_,19.09µm
_03270_,19.09µm
_03965_,19.09µm
_04418_,19.09µm
_04623_,19.09µm
_04752_,19.09µm
_04956_,19.09µm
_04999_,19.09µm
_05176_,19.09µm
_05235_,19.09µm
_05253_,19.09µm
_05500_,19.09µm
_05574_,19.09µm
_05743_,19.09µm
_06285_,19.09µm
_06289_,19.09µm
_06302_,19.09µm
_06495_,19.09µm
_06800_,19.09µm
_07009_,19.09µm
_07053_,19.09µm
_07084_,19.09µm
_07488_,19.09µm
_07744_,19.09µm
_08054_,19.09µm
u_transform_scheduler_core.rx_dft12_i\[2\],19.09µm
u_transform_scheduler_core.tx_dft12_hold_q\[2\]\[9\],19.09µm
u_transform_scheduler_core.tx_sample_q\[0\],19.09µm
u_transform_scheduler_core.u_fdiq_input_adapter.held_i\[4\],19.09µm
_00628_,19.04µm
_00647_,19.04µm
_00906_,19.04µm
_01004_,19.04µm
_02261_,19.04µm
_02405_,19.04µm
_02474_,19.04µm
_02620_,19.04µm
_02861_,19.04µm
_03085_,19.04µm
_03155_,19.04µm
_03316_,19.04µm
_04322_,19.04µm
_04795_,19.04µm
_04890_,19.04µm
_05120_,19.04µm
_05360_,19.04µm
_05510_,19.04µm
_05878_,19.04µm
_05980_,19.04µm
_06170_,19.04µm
_06196_,19.04µm
_06316_,19.04µm
_06331_,19.04µm
_06967_,19.04µm
_07198_,19.04µm
_07401_,19.04µm
_07553_,19.04µm
_07743_,19.04µm
_07958_,19.04µm
_07999_,19.04µm
_08505_,19.04µm
_08768_,19.04µm
_08799_,19.04µm
u_transform_scheduler_core.tx_dft12_hold_q\[0\]\[12\],19.04µm
u_transform_scheduler_core.u_mixed_radix_butterfly.arithmetic_half_sum_i_reg\[2\],19.04µm
u_transform_scheduler_core.u_mixed_radix_butterfly.low_ii_reg\[8\],19.04µm
u_transform_scheduler_core.u_mixed_radix_butterfly.x0_q_ext\[0\],19.04µm
_05292_,18.76µm
u_transform_scheduler_core.u_fft128_modulo_controller.fetch_x1_q\[5\],18.68µm
u_transform_scheduler_core.u_mixed_radix_butterfly.low_ii_reg\[9\],18.68µm
u_transform_scheduler_core.dft12_ram_i\[0\]\[2\],18.63µm
_02674_,18.58µm
_03746_,18.58µm
_03831_,18.58µm
_03977_,18.58µm
_07124_,18.58µm
_07583_,18.58µm
_07862_,18.58µm
_07890_,18.58µm
_07925_,18.58µm
_07934_,18.58µm
_07986_,18.58µm
_08044_,18.58µm
_08082_,18.58µm
_08112_,18.58µm
_08258_,18.58µm
_08781_,18.58µm
debug_wdata\[3\],18.58µm
echo_data\[5\],18.58µm
u_transform_scheduler_core.fft_mem_rdata\[4\],18.58µm
u_transform_scheduler_core.rx_state\[8\],18.58µm
u_transform_scheduler_core.u_mixed_radix_butterfly.low_ii_reg\[1\],18.58µm
u_transform_scheduler_core.u_mixed_radix_butterfly.premultiply_half_sum_q_reg\[5\],18.58µm
u_transform_scheduler_core.u_mixed_radix_butterfly.product_rq_reg\[22\],18.58µm
_00121_,18.53µm
_00164_,18.53µm
_00209_,18.53µm
_00655_,18.53µm
_01222_,18.53µm
_01545_,18.53µm
_02024_,18.53µm
_02190_,18.53µm
_02250_,18.53µm
_02267_,18.53µm
_02482_,18.53µm
_02615_,18.53µm
_02842_,18.53µm
_02931_,18.53µm
_03040_,18.53µm
_03213_,18.53µm
_03251_,18.53µm
_03478_,18.53µm
_03495_,18.53µm
_03599_,18.53µm
_03784_,18.53µm
_03821_,18.53µm
_03859_,18.53µm
_03974_,18.53µm
_03978_,18.53µm
_03991_,18.53µm
_04544_,18.53µm
_04830_,18.53µm
_04895_,18.53µm
_05055_,18.53µm
_05079_,18.53µm
_05231_,18.53µm
_05596_,18.53µm
_05650_,18.53µm
_05732_,18.53µm
_05744_,18.53µm
_06329_,18.53µm
_06595_,18.53µm
_06633_,18.53µm
_06651_,18.53µm
_06778_,18.53µm
_08497_,18.53µm
_08650_,18.53µm
_08773_,18.53µm
echo_data\[7\],18.53µm
u_transform_scheduler_core.fft_mem_rdata\[21\],18.53µm
u_transform_scheduler_core.fifo_x1_q\[0\]\[3\],18.53µm
u_transform_scheduler_core.tx_output_done,18.53µm
u_transform_scheduler_core.u_fft_scratch_sram.saved_addr\[0\],18.53µm
u_transform_scheduler_core.u_mixed_radix_butterfly.arithmetic_half_sum_i_reg\[15\],18.53µm
_00258_,18.48µm
_00379_,18.48µm
_01100_,18.48µm
_01145_,18.48µm
_01330_,18.48µm
_01582_,18.48µm
_02144_,18.48µm
_02172_,18.48µm
_02347_,18.48µm
_02403_,18.48µm
_02724_,18.48µm
_02812_,18.48µm
_02990_,18.48µm
_03053_,18.48µm
_03178_,18.48µm
_03249_,18.48µm
_03672_,18.48µm
_03920_,18.48µm
_04437_,18.48µm
_04904_,18.48µm
_05113_,18.48µm
_05216_,18.48µm
_05383_,18.48µm
_05598_,18.48µm
_05756_,18.48µm
_05876_,18.48µm
_06203_,18.48µm
_06220_,18.48µm
_06260_,18.48µm
_06503_,18.48µm
_06840_,18.48µm
_06903_,18.48µm
_07033_,18.48µm
_07080_,18.48µm
_07276_,18.48µm
_07286_,18.48µm
_07463_,18.48µm
_07493_,18.48µm
_07936_,18.48µm
_08014_,18.48µm
_08687_,18.48µm
u_transform_scheduler_core.u_tdiq_input_cp_remove.held_i\[6\],18.48µm
din[1],18.34µm
_06174_,18.07µm
_02282_,18.02µm
_03847_,18.02µm
_04157_,18.02µm
_04374_,18.02µm
_07000_,18.02µm
_07162_,18.02µm
_08118_,18.02µm
_08147_,18.02µm
_08232_,18.02µm
_08320_,18.02µm
debug_addr\[0\],18.02µm
debug_addr\[4\],18.02µm
debug_data_hi\[6\],18.02µm
u_transform_scheduler_core.fft_mem_rdata\[26\],18.02µm
u_transform_scheduler_core.fft_mem_rdata\[8\],18.02µm
u_transform_scheduler_core.fifo_x1_q\[0\]\[2\],18.02µm
u_transform_scheduler_core.fifo_x2_q\[0\]\[0\],18.02µm
u_transform_scheduler_core.mod_x0_q\[1\],18.02µm
u_transform_scheduler_core.ofdm_sample_q\[5\],18.02µm
u_transform_scheduler_core.tx_dft12_hold_i\[1\]\[14\],18.02µm
u_transform_scheduler_core.tx_sample_q\[3\],18.02µm
u_transform_scheduler_core.u_fft128_modulo_controller.read_return_count\[2\],18.02µm
u_transform_scheduler_core.u_mixed_radix_butterfly.arithmetic_half_sum_i_reg\[12\],18.02µm
u_transform_scheduler_core.u_mixed_radix_butterfly.premultiply_half_sum_i_reg\[13\],18.02µm
u_transform_scheduler_core.u_mixed_radix_butterfly.premultiply_input_q_reg\[9\],18.02µm
u_transform_scheduler_core.u_mixed_radix_butterfly.x0_i_ext\[13\],18.02µm
_00008_,17.97µm
_00134_,17.97µm
_00569_,17.97µm
_00621_,17.97µm
_00638_,17.97µm
_01058_,17.97µm
_01319_,17.97µm
_01844_,17.97µm
_02083_,17.97µm
_02107_,17.97µm
_02155_,17.97µm
_02510_,17.97µm
_02755_,17.97µm
_02942_,17.97µm
_02972_,17.97µm
_03134_,17.97µm
_03170_,17.97µm
_03551_,17.97µm
_03715_,17.97µm
_03897_,17.97µm
_03910_,17.97µm
_04059_,17.97µm
_04163_,17.97µm
_04721_,17.97µm
_05031_,17.97µm
_05190_,17.97µm
_05244_,17.97µm
_06259_,17.97µm
_06450_,17.97µm
_06479_,17.97µm
_06755_,17.97µm
_06926_,17.97µm
_07091_,17.97µm
_07695_,17.97µm
_07778_,17.97µm
_07838_,17.97µm
_07933_,17.97µm
_08010_,17.97µm
_08155_,17.97µm
_08287_,17.97µm
_08703_,17.97µm
u_transform_scheduler_core.mod_x0_i\[14\],17.97µm
u_transform_scheduler_core.mod_x0_i\[2\],17.97µm
u_transform_scheduler_core.rx_dft12_i\[5\],17.97µm
u_transform_scheduler_core.rx_fft128_i\[4\],17.97µm
u_transform_scheduler_core.rx_small_x1_q\[5\],17.97µm
u_transform_scheduler_core.rx_small_x2_i\[0\],17.97µm
u_transform_scheduler_core.u_fft_scratch_sram.saved_addr\[6\],17.97µm
u_transform_scheduler_core.u_fft_scratch_sram.saved_wdata\[26\],17.97µm
u_transform_scheduler_core.u_mixed_radix_butterfly.arithmetic_half_sum_q_reg\[9\],17.97µm
u_transform_scheduler_core.u_mixed_radix_butterfly.low_rq_reg\[0\],17.97µm
u_transform_scheduler_core.u_mixed_radix_butterfly.low_rr_reg\[8\],17.97µm
u_transform_scheduler_core.u_mixed_radix_butterfly.premultiply_x0_i_reg\[7\],17.97µm
_00306_,17.92µm
_00618_,17.92µm
_00911_,17.92µm
_00984_,17.92µm
_01037_,17.92µm
_01205_,17.92µm
_01334_,17.92µm
_01428_,17.92µm
_01516_,17.92µm
_01710_,17.92µm
_02229_,17.92µm
_02945_,17.92µm
_03424_,17.92µm
_03448_,17.92µm
_03582_,17.92µm
_03767_,17.92µm
_03968_,17.92µm
_04282_,17.92µm
_04582_,17.92µm
_04860_,17.92µm
_05496_,17.92µm
_05557_,17.92µm
_05645_,17.92µm
_05697_,17.92µm
_05789_,17.92µm
_05816_,17.92µm
_06708_,17.92µm
_06988_,17.92µm
_07921_,17.92µm
_08094_,17.92µm
_08110_,17.92µm
_08138_,17.92µm
_08148_,17.92µm
_08234_,17.92µm
_08442_,17.92µm
_08841_,17.92µm
u_transform_scheduler_core.fft_mem_rdata\[14\],17.92µm
u_transform_scheduler_core.tx_dft12_hold_i\[0\]\[1\],17.92µm
u_transform_scheduler_core.u_mixed_radix_butterfly.high_iq_reg\[13\],17.92µm
_05456_,17.815µm
u_transform_scheduler_core.u_fft_scratch_sram.u_lo.macro_wdata\[1\],17.78µm
u_transform_scheduler_core.u_fft_scratch_sram.u_lo.macro_wdata\[4\],17.78µm
_07412_,17.51µm
_08676_,17.51µm
_05792_,17.49µm
_02050_,17.46µm
_03422_,17.46µm
_04199_,17.46µm
_04973_,17.46µm
_06054_,17.46µm
_07030_,17.46µm
_07531_,17.46µm
_07787_,17.46µm
_07946_,17.46µm
_08185_,17.46µm
_08451_,17.46µm
_08456_,17.46µm
u_transform_scheduler_core.mod_x0_i\[7\],17.46µm
u_transform_scheduler_core.tx_dft12_hold_i\[1\]\[8\],17.46µm
u_transform_scheduler_core.tx_dft12_hold_i\[2\]\[7\],17.46µm
u_transform_scheduler_core.u_mixed_radix_butterfly.low_rr_reg\[2\],17.46µm
u_transform_scheduler_core.u_mixed_radix_butterfly.premultiply_x0_i_reg\[10\],17.46µm
u_transform_scheduler_core.u_mixed_radix_butterfly.premultiply_x0_q_reg\[4\],17.46µm
_00415_,17.41µm
_00431_,17.41µm
_00746_,17.41µm
_00749_,17.41µm
_00789_,17.41µm
_00977_,17.41µm
_00994_,17.41µm
_01754_,17.41µm
_01758_,17.41µm
_01795_,17.41µm
_01805_,17.41µm
_01815_,17.41µm
_01940_,17.41µm
_01966_,17.41µm
_02057_,17.41µm
_02265_,17.41µm
_02373_,17.41µm
_02548_,17.41µm
_02707_,17.41µm
_02758_,17.41µm
_02856_,17.41µm
_02937_,17.41µm
_02941_,17.41µm
_02969_,17.41µm
_03139_,17.41µm
_03195_,17.41µm
_03197_,17.41µm
_03722_,17.41µm
_04573_,17.41µm
_04823_,17.41µm
_04885_,17.41µm
_05028_,17.41µm
_05071_,17.41µm
_05233_,17.41µm
_05250_,17.41µm
_05469_,17.41µm
_06001_,17.41µm
_06179_,17.41µm
_06334_,17.41µm
_06386_,17.41µm
_06545_,17.41µm
_06575_,17.41µm
_06835_,17.41µm
_06910_,17.41µm
_07117_,17.41µm
_07222_,17.41µm
_07461_,17.41µm
_07532_,17.41µm
_07821_,17.41µm
_07860_,17.41µm
_07981_,17.41µm
_08050_,17.41µm
_08156_,17.41µm
_08261_,17.41µm
_08296_,17.41µm
_08468_,17.41µm
_08526_,17.41µm
_08658_,17.41µm
input_left\[6\],17.41µm
u_transform_scheduler_core.mod_x0_q\[13\],17.41µm
u_transform_scheduler_core.tx_dft12_hold_i\[0\]\[12\],17.41µm
u_transform_scheduler_core.tx_dft12_hold_q\[1\]\[8\],17.41µm
u_transform_scheduler_core.u_mixed_radix_butterfly.arithmetic_x0_q_reg\[12\],17.41µm
u_transform_scheduler_core.u_mixed_radix_butterfly.arithmetic_x0_q_reg\[5\],17.41µm
u_transform_scheduler_core.u_mixed_radix_butterfly.low_rq_reg\[4\],17.41µm
_00039_,17.36µm
_00233_,17.36µm
_00442_,17.36µm
_00546_,17.36µm
_01068_,17.36µm
_01074_,17.36µm
_01159_,17.36µm
_01258_,17.36µm
_01814_,17.36µm
_01861_,17.36µm
_02036_,17.36µm
_02675_,17.36µm
_03033_,17.36µm
_03674_,17.36µm
_04370_,17.36µm
_04430_,17.36µm
_04781_,17.36µm
_04842_,17.36µm
_05064_,17.36µm
_05312_,17.36µm
_05498_,17.36µm
_05664_,17.36µm
_05825_,17.36µm
_05882_,17.36µm
_06070_,17.36µm
_06107_,17.36µm
_06298_,17.36µm
_06312_,17.36µm
_06514_,17.36µm
_07245_,17.36µm
_07262_,17.36µm
_07268_,17.36µm
_07409_,17.36µm
_07654_,17.36µm
_07887_,17.36µm
_08175_,17.36µm
_08197_,17.36µm
_08560_,17.36µm
u_transform_scheduler_core.rx_fft128_i\[5\],17.36µm
u_transform_scheduler_core.tx_dft12_hold_i\[0\]\[3\],17.36µm
u_transform_scheduler_core.u_fft_scratch_sram.u_lo.macro_addr\[0\],17.22µm
u_transform_scheduler_core.u_fft_scratch_sram.u_lo.macro_addr\[2\],17.22µm
u_transform_scheduler_core.u_fft_scratch_sram.u_lo.macro_addr\[6\],17.22µm
din[5],17.22µm
din[7],17.22µm
_06219_,17.08µm
_02263_,16.95µm
_07123_,16.95µm
u_transform_scheduler_core.u_fft128_modulo_controller.fetch_x1_q\[9\],16.95µm
_00107_,16.9µm
_00112_,16.9µm
_00122_,16.9µm
_00651_,16.9µm
_00675_,16.9µm
_00676_,16.9µm
_01801_,16.9µm
_01889_,16.9µm
_02086_,16.9µm
_03753_,16.9µm
_03835_,16.9µm
_05572_,16.9µm
_08024_,16.9µm
_08692_,16.9µm
_08710_,16.9µm
debug_addr\[2\],16.9µm
u_transform_scheduler_core.fft_mem_rdata\[24\],16.9µm
u_transform_scheduler_core.mod_x0_q\[5\],16.9µm
u_transform_scheduler_core.rx_small_x0_q\[0\],16.9µm
u_transform_scheduler_core.rx_small_x1_i\[5\],16.9µm
u_transform_scheduler_core.rx_small_x1_q\[6\],16.9µm
u_transform_scheduler_core.u_fft_scratch_sram.saved_wdata\[16\],16.9µm
u_transform_scheduler_core.u_mixed_radix_butterfly.arithmetic_half_sum_q_reg\[12\],16.9µm
u_transform_scheduler_core.u_mixed_radix_butterfly.arithmetic_x0_q_reg\[10\],16.9µm
u_transform_scheduler_core.u_mixed_radix_butterfly.premultiply_half_sum_q_reg\[4\],16.9µm
u_transform_scheduler_core.u_mixed_radix_butterfly.premultiply_input_i_reg\[5\],16.9µm
u_transform_scheduler_core.u_mixed_radix_butterfly.premultiply_twiddle_im_reg\[2\],16.9µm
_00128_,16.85µm
_00193_,16.85µm
_00222_,16.85µm
_00333_,16.85µm
_00626_,16.85µm
_00880_,16.85µm
_01099_,16.85µm
_01626_,16.85µm
_01789_,16.85µm
_01994_,16.85µm
_02039_,16.85µm
_02611_,16.85µm
_02676_,16.85µm
_02759_,16.85µm
_02774_,16.85µm
_02820_,16.85µm
_02917_,16.85µm
_02979_,16.85µm
_03021_,16.85µm
_03209_,16.85µm
_03552_,16.85µm
_03568_,16.85µm
_03643_,16.85µm
_03878_,16.85µm
_04522_,16.85µm
_04755_,16.85µm
_05006_,16.85µm
_05039_,16.85µm
_05225_,16.85µm
_05322_,16.85µm
_05350_,16.85µm
_05936_,16.85µm
_06069_,16.85µm
_06227_,16.85µm
_06317_,16.85µm
_06738_,16.85µm
_06962_,16.85µm
_06986_,16.85µm
_07026_,16.85µm
_07191_,16.85µm
_07375_,16.85µm
_07740_,16.85µm
_07814_,16.85µm
_07883_,16.85µm
_08214_,16.85µm
_08215_,16.85µm
_08417_,16.85µm
_08506_,16.85µm
_08604_,16.85µm
_08777_,16.85µm
debug_data_hi\[1\],16.85µm
u_transform_scheduler_core.dft12_ram_i\[0\]\[7\],16.85µm
u_transform_scheduler_core.fifo_x0_q\[0\]\[4\],16.85µm
u_transform_scheduler_core.mod_x0_i\[6\],16.85µm
u_transform_scheduler_core.tx_dft12_hold_i\[1\]\[10\],16.85µm
u_transform_scheduler_core.tx_dft12_hold_q\[0\]\[8\],16.85µm
u_transform_scheduler_core.u_mixed_radix_butterfly.premultiply_twiddle_re_reg\[7\],16.85µm
_00100_,16.8µm
_00452_,16.8µm
_00487_,16.8µm
_00588_,16.8µm
_00795_,16.8µm
_00874_,16.8µm
_00956_,16.8µm
_00989_,16.8µm
_01003_,16.8µm
_01032_,16.8µm
_01073_,16.8µm
_01266_,16.8µm
_01381_,16.8µm
_01689_,16.8µm
_01799_,16.8µm
_02209_,16.8µm
_02421_,16.8µm
_02471_,16.8µm
_03027_,16.8µm
_03225_,16.8µm
_03260_,16.8µm
_03461_,16.8µm
_04187_,16.8µm
_04330_,16.8µm
_04584_,16.8µm
_05088_,16.8µm
_05636_,16.8µm
_05660_,16.8µm
_05866_,16.8µm
_06000_,16.8µm
_06090_,16.8µm
_06882_,16.8µm
_07178_,16.8µm
_07405_,16.8µm
_07878_,16.8µm
_08375_,16.8µm
debug_data_hi\[7\],16.8µm
u_transform_scheduler_core.tx_dft12_hold_q\[0\]\[0\],16.8µm
u_transform_scheduler_core.u_mixed_radix_butterfly.low_iq_reg\[3\],16.8µm
u_transform_scheduler_core.u_fft_scratch_sram.u_lo.macro_addr\[1\],16.66µm
u_transform_scheduler_core.u_fft_scratch_sram.u_lo.macro_wdata\[3\],16.66µm
_08056_,16.57µm
u_transform_scheduler_core.tx_dft12_hold_i\[2\]\[3\],16.52µm
u_transform_scheduler_core.u_mixed_radix_butterfly.x0_i_ext\[3\],16.44µm
_03428_,16.39µm
_03742_,16.39µm
u_transform_scheduler_core.u_fft_scratch_sram.i_half\[6\],16.39µm
_03547_,16.34µm
_05591_,16.34µm
_06927_,16.34µm
_07473_,16.34µm
_07527_,16.34µm
_07653_,16.34µm
_07963_,16.34µm
_08177_,16.34µm
_08269_,16.34µm
_08363_,16.34µm
_08458_,16.34µm
_08480_,16.34µm
_08642_,16.34µm
input_left\[8\],16.34µm
u_transform_scheduler_core.fft_mem_rdata\[15\],16.34µm
u_transform_scheduler_core.rx_small_x0_q\[3\],16.34µm
u_transform_scheduler_core.rx_state\[16\],16.34µm
u_transform_scheduler_core.tx_dft12_hold_q\[1\]\[1\],16.34µm
u_transform_scheduler_core.u_fft_scratch_sram.i_half\[1\],16.34µm
u_transform_scheduler_core.u_mixed_radix_butterfly.high_rr_reg\[10\],16.34µm
u_transform_scheduler_core.u_mixed_radix_butterfly.product_iq_reg\[3\],16.34µm
_00027_,16.29µm
_00402_,16.29µm
_00502_,16.29µm
_00648_,16.29µm
_00765_,16.29µm
_00899_,16.29µm
_00913_,16.29µm
_00920_,16.29µm
_01077_,16.29µm
_01181_,16.29µm
_01228_,16.29µm
_01361_,16.29µm
_01397_,16.29µm
_01466_,16.29µm
_01484_,16.29µm
_01541_,16.29µm
_01557_,16.29µm
_01999_,16.29µm
_02027_,16.29µm
_02182_,16.29µm
_02262_,16.29µm
_02281_,16.29µm
_02780_,16.29µm
_02848_,16.29µm
_02914_,16.29µm
_03014_,16.29µm
_03094_,16.29µm
_03146_,16.29µm
_03247_,16.29µm
_03374_,16.29µm
_03386_,16.29µm
_03414_,16.29µm
_03587_,16.29µm
_03827_,16.29µm
_03922_,16.29µm
_04237_,16.29µm
_04307_,16.29µm
_04401_,16.29µm
_04462_,16.29µm
_04731_,16.29µm
_05003_,16.29µm
_05023_,16.29µm
_05156_,16.29µm
_05380_,16.29µm
_05488_,16.29µm
_05546_,16.29µm
_05726_,16.29µm
_05815_,16.29µm
_05822_,16.29µm
_06293_,16.29µm
_06455_,16.29µm
_06971_,16.29µm
_07837_,16.29µm
_08184_,16.29µm
_08244_,16.29µm
_08316_,16.29µm
_08362_,16.29µm
_08524_,16.29µm
u_transform_scheduler_core.mod_x0_i\[4\],16.29µm
u_transform_scheduler_core.rx_small_x0_i\[3\],16.29µm
u_transform_scheduler_core.tx_dft12_hold_q\[0\]\[10\],16.29µm
u_transform_scheduler_core.u_fft128_modulo_controller.fetch_operands_valid,16.29µm
_00137_,16.24µm
_00247_,16.24µm
_00301_,16.24µm
_00345_,16.24µm
_00460_,16.24µm
_00538_,16.24µm
_00781_,16.24µm
_01665_,16.24µm
_01672_,16.24µm
_01701_,16.24µm
_01735_,16.24µm
_01836_,16.24µm
_02037_,16.24µm
_02180_,16.24µm
_02704_,16.24µm
_02902_,16.24µm
_02927_,16.24µm
_03280_,16.24µm
_03304_,16.24µm
_03309_,16.24µm
_03350_,16.24µm
_03470_,16.24µm
_03476_,16.24µm
_03591_,16.24µm
_03916_,16.24µm
_04081_,16.24µm
_04780_,16.24µm
_04869_,16.24µm
_04982_,16.24µm
_05405_,16.24µm
_05601_,16.24µm
_05855_,16.24µm
_05992_,16.24µm
_06042_,16.24µm
_06309_,16.24µm
_06388_,16.24µm
_06480_,16.24µm
_06959_,16.24µm
_07108_,16.24µm
_07177_,16.24µm
_07292_,16.24µm
_07592_,16.24µm
_07637_,16.24µm
_07718_,16.24µm
_07775_,16.24µm
_07801_,16.24µm
_08120_,16.24µm
_08508_,16.24µm
_08549_,16.24µm
_08550_,16.24µm
_08627_,16.24µm
_08728_,16.24µm
_08734_,16.24µm
u_transform_scheduler_core.tx_dft12_hold_q\[1\]\[9\],16.24µm
_07206_,16.23µm
u_transform_scheduler_core.u_fft_scratch_sram.u_lo.macro_wdata\[6\],16.1µm
din[6],16.1µm
dout_ready_i,16.1µm
dout_valid_o,16.1µm
u_transform_scheduler_core.fifo_x0_q\[0\]\[0\],15.96µm
_02020_,15.83µm
_03416_,15.83µm
_07002_,15.83µm
u_transform_scheduler_core.tx_sample_q\[10\],15.83µm
u_transform_scheduler_core.tx_sample_q\[1\],15.83µm
_00089_,15.78µm
_00135_,15.78µm
_02126_,15.78µm
_02332_,15.78µm
_03653_,15.78µm
_03787_,15.78µm
_03879_,15.78µm
_04812_,15.78µm
_05354_,15.78µm
_06751_,15.78µm
_07256_,15.78µm
_07341_,15.78µm
_07446_,15.78µm
_08412_,15.78µm
u_transform_scheduler_core.fifo_x2_q\[0\]\[10\],15.78µm
u_transform_scheduler_core.mod_x0_i\[0\],15.78µm
u_transform_scheduler_core.ofdm_sample_q\[2\],15.78µm
u_transform_scheduler_core.u_fft_scratch_sram.i_half\[15\],15.78µm
u_transform_scheduler_core.u_mixed_radix_butterfly.premultiply_twiddle_re_reg\[3\],15.78µm
u_transform_scheduler_core.u_tdiq_input_cp_remove.held_i\[2\],15.78µm
_00003_,15.73µm
_00097_,15.73µm
_00115_,15.73µm
_00385_,15.73µm
_00449_,15.73µm
_00501_,15.73µm
_00545_,15.73µm
_00583_,15.73µm
_00699_,15.73µm
_00752_,15.73µm
_00893_,15.73µm
_01001_,15.73µm
_01050_,15.73µm
_01063_,15.73µm
_01339_,15.73µm
_01379_,15.73µm
_01488_,15.73µm
_01798_,15.73µm
_01806_,15.73µm
_02009_,15.73µm
_02436_,15.73µm
_02657_,15.73µm
_02794_,15.73µm
_02854_,15.73µm
_02883_,15.73µm
_02908_,15.73µm
_02940_,15.73µm
_03031_,15.73µm
_03123_,15.73µm
_03144_,15.73µm
_03223_,15.73µm
_03330_,15.73µm
_03405_,15.73µm
_03431_,15.73µm
_03456_,15.73µm
_03537_,15.73µm
_03637_,15.73µm
_03869_,15.73µm
_03981_,15.73µm
_04281_,15.73µm
_04702_,15.73µm
_04848_,15.73µm
_04889_,15.73µm
_05146_,15.73µm
_05178_,15.73µm
_05198_,15.73µm
_05347_,15.73µm
_05662_,15.73µm
_05763_,15.73µm
_06187_,15.73µm
_06198_,15.73µm
_06426_,15.73µm
_06446_,15.73µm
_07012_,15.73µm
_07047_,15.73µm
_07096_,15.73µm
_07193_,15.73µm
_07802_,15.73µm
_07967_,15.73µm
_08033_,15.73µm
_08334_,15.73µm
_08390_,15.73µm
_08791_,15.73µm
u_transform_scheduler_core.rx_small_x2_i\[10\],15.73µm
u_transform_scheduler_core.u_mixed_radix_butterfly.product_iq_reg\[4\],15.73µm
_05585_,15.71µm
_00084_,15.68µm
_00181_,15.68µm
_00216_,15.68µm
_00398_,15.68µm
_00504_,15.68µm
_00555_,15.68µm
_00990_,15.68µm
_01295_,15.68µm
_01425_,15.68µm
_01518_,15.68µm
_01707_,15.68µm
_01760_,15.68µm
_01800_,15.68µm
_02045_,15.68µm
_02089_,15.68µm
_02384_,15.68µm
_02730_,15.68µm
_02798_,15.68µm
_02996_,15.68µm
_03161_,15.68µm
_03165_,15.68µm
_03557_,15.68µm
_03567_,15.68µm
_03601_,15.68µm
_03617_,15.68µm
_03884_,15.68µm
_04071_,15.68µm
_04452_,15.68µm
_04493_,15.68µm
_04660_,15.68µm
_04924_,15.68µm
_05325_,15.68µm
_05357_,15.68µm
_05681_,15.68µm
_06041_,15.68µm
_06255_,15.68µm
_06284_,15.68µm
_06408_,15.68µm
_06585_,15.68µm
_06670_,15.68µm
_07046_,15.68µm
_07111_,15.68µm
_07528_,15.68µm
_07619_,15.68µm
_07646_,15.68µm
_07793_,15.68µm
_07795_,15.68µm
_08198_,15.68µm
_08222_,15.68µm
_08681_,15.68µm
_08811_,15.68µm
u_transform_scheduler_core.tx_dft12_hold_i\[1\]\[5\],15.68µm
u_transform_scheduler_core.tx_dft12_hold_q\[1\]\[14\],15.68µm
u_transform_scheduler_core.u_tdiq_input_cp_remove.held_i\[0\],15.68µm
dout[7],15.54µm
_08715_,15.4µm
_07016_,15.32µm
_03795_,15.27µm
_03843_,15.27µm
_06344_,15.27µm
_04231_,15.22µm
_04297_,15.22µm
_04705_,15.22µm
_07287_,15.22µm
_07489_,15.22µm
_07517_,15.22µm
_07566_,15.22µm
_07980_,15.22µm
_07982_,15.22µm
_08100_,15.22µm
_08491_,15.22µm
_08704_,15.22µm
debug_read_latch\[6\],15.22µm
debug_wdata\[6\],15.22µm
u_transform_scheduler_core.ofdm_sample_i\[5\],15.22µm
u_transform_scheduler_core.rx_fft128_i\[1\],15.22µm
u_transform_scheduler_core.tx_dft12_hold_i\[0\]\[0\],15.22µm
u_transform_scheduler_core.tx_dft12_hold_q\[2\]\[3\],15.22µm
u_transform_scheduler_core.tx_dout\[1\],15.22µm
u_transform_scheduler_core.u_fft_scratch_sram.saved_wdata\[22\],15.22µm
u_transform_scheduler_core.u_mixed_radix_butterfly.low_iq_reg\[0\],15.22µm
u_transform_scheduler_core.u_mixed_radix_butterfly.premultiply_x0_i_reg\[8\],15.22µm
u_transform_scheduler_core.u_mixed_radix_butterfly.premultiply_x0_q_reg\[6\],15.22µm
_00091_,15.17µm
_00433_,15.17µm
_00559_,15.17µm
_00636_,15.17µm
_00671_,15.17µm
_00939_,15.17µm
_01175_,15.17µm
_01196_,15.17µm
_01294_,15.17µm
_01318_,15.17µm
_01613_,15.17µm
_02064_,15.17µm
_02285_,15.17µm
_02329_,15.17µm
_02556_,15.17µm
_02621_,15.17µm
_02763_,15.17µm
_02847_,15.17µm
_02869_,15.17µm
_03283_,15.17µm
_03346_,15.17µm
_03412_,15.17µm
_03480_,15.17µm
_03625_,15.17µm
_03661_,15.17µm
_03782_,15.17µm
_03796_,15.17µm
_03802_,15.17µm
_03854_,15.17µm
_03953_,15.17µm
_04017_,15.17µm
_04102_,15.17µm
_04103_,15.17µm
_04389_,15.17µm
_04503_,15.17µm
_04530_,15.17µm
_04591_,15.17µm
_04667_,15.17µm
_04668_,15.17µm
_04816_,15.17µm
_04887_,15.17µm
_05050_,15.17µm
_05138_,15.17µm
_05152_,15.17µm
_05378_,15.17µm
_05486_,15.17µm
_05589_,15.17µm
_05667_,15.17µm
_05682_,15.17µm
_05742_,15.17µm
_05862_,15.17µm
_06033_,15.17µm
_06404_,15.17µm
_06672_,15.17µm
_06689_,15.17µm
_06833_,15.17µm
_07213_,15.17µm
_07255_,15.17µm
_07301_,15.17µm
_07316_,15.17µm
_07620_,15.17µm
_07728_,15.17µm
_07943_,15.17µm
_08022_,15.17µm
_08130_,15.17µm
_08218_,15.17µm
_08237_,15.17µm
_08398_,15.17µm
_08709_,15.17µm
u_transform_scheduler_core.fifo_x0_i\[0\]\[5\],15.17µm
u_transform_scheduler_core.tx_sample_q\[2\],15.17µm
_00330_,15.12µm
_00384_,15.12µm
_00420_,15.12µm
_00437_,15.12µm
_00623_,15.12µm
_00870_,15.12µm
_00931_,15.12µm
_00933_,15.12µm
_00940_,15.12µm
_00943_,15.12µm
_00957_,15.12µm
_01033_,15.12µm
_01220_,15.12µm
_01238_,15.12µm
_01329_,15.12µm
_01435_,15.12µm
_01457_,15.12µm
_01586_,15.12µm
_01590_,15.12µm
_01603_,15.12µm
_01674_,15.12µm
_01705_,15.12µm
_01772_,15.12µm
_01778_,15.12µm
_01811_,15.12µm
_01972_,15.12µm
_01975_,15.12µm
_02163_,15.12µm
_02174_,15.12µm
_02283_,15.12µm
_02304_,15.12µm
_02376_,15.12µm
_02377_,15.12µm
_02456_,15.12µm
_02516_,15.12µm
_02658_,15.12µm
_02797_,15.12µm
_02828_,15.12µm
_03149_,15.12µm
_03238_,15.12µm
_03303_,15.12µm
_03331_,15.12µm
_03434_,15.12µm
_03466_,15.12µm
_03481_,15.12µm
_03483_,15.12µm
_03684_,15.12µm
_03924_,15.12µm
_04440_,15.12µm
_04864_,15.12µm
_04919_,15.12µm
_05097_,15.12µm
_05160_,15.12µm
_05206_,15.12µm
_05512_,15.12µm
_06732_,15.12µm
_06869_,15.12µm
_06943_,15.12µm
_07056_,15.12µm
_07160_,15.12µm
_07407_,15.12µm
_07688_,15.12µm
_08015_,15.12µm
_08312_,15.12µm
_08321_,15.12µm
_08332_,15.12µm
_08556_,15.12µm
_08557_,15.12µm
_08719_,15.12µm
u_transform_scheduler_core.tx_dft12_hold_i\[1\]\[11\],15.12µm
u_transform_scheduler_core.u_mixed_radix_butterfly.low_ii_reg\[4\],15.12µm
_04383_,14.71µm
_05416_,14.71µm
_07749_,14.71µm
u_transform_scheduler_core.dft12_ram_i\[4\]\[1\],14.71µm
u_transform_scheduler_core.fft_mem_rdata\[18\],14.71µm
_02151_,14.66µm
_02170_,14.66µm
_02389_,14.66µm
_02629_,14.66µm
_03111_,14.66µm
_03332_,14.66µm
_03401_,14.66µm
_04177_,14.66µm
_05903_,14.66µm
_05996_,14.66µm
_06272_,14.66µm
_07037_,14.66µm
_07507_,14.66µm
_08172_,14.66µm
_08179_,14.66µm
u_transform_scheduler_core.fifo_x0_i\[0\]\[0\],14.66µm
u_transform_scheduler_core.tx_dft12_hold_i\[2\]\[5\],14.66µm
u_transform_scheduler_core.tx_dft12_hold_i\[2\]\[6\],14.66µm
u_transform_scheduler_core.tx_dft12_hold_q\[2\]\[11\],14.66µm
u_transform_scheduler_core.u_mixed_radix_butterfly.arithmetic_half_sum_i_reg\[10\],14.66µm
u_transform_scheduler_core.u_mixed_radix_butterfly.arithmetic_x0_q_reg\[6\],14.66µm
u_transform_scheduler_core.u_mixed_radix_butterfly.x0_i_ext\[15\],14.66µm
_00127_,14.61µm
_00328_,14.61µm
_00436_,14.61µm
_00446_,14.61µm
_00463_,14.61µm
_00496_,14.61µm
_00539_,14.61µm
_00601_,14.61µm
_00629_,14.61µm
_01149_,14.61µm
_01810_,14.61µm
_01958_,14.61µm
_01965_,14.61µm
_02131_,14.61µm
_02340_,14.61µm
_02387_,14.61µm
_02753_,14.61µm
_02895_,14.61µm
_02988_,14.61µm
_02993_,14.61µm
_03402_,14.61µm
_03606_,14.61µm
_03700_,14.61µm
_03975_,14.61µm
_04218_,14.61µm
_04773_,14.61µm
_04861_,14.61µm
_05103_,14.61µm
_05299_,14.61µm
_05823_,14.61µm
_06025_,14.61µm
_06108_,14.61µm
_06153_,14.61µm
_06178_,14.61µm
_06411_,14.61µm
_07022_,14.61µm
_07093_,14.61µm
_07343_,14.61µm
_07353_,14.61µm
_07977_,14.61µm
_08016_,14.61µm
_08092_,14.61µm
_08104_,14.61µm
_08173_,14.61µm
_08293_,14.61µm
_08350_,14.61µm
_08432_,14.61µm
_08701_,14.61µm
_08807_,14.61µm
u_transform_scheduler_core.fft_mem_rdata\[25\],14.61µm
u_transform_scheduler_core.tx_dft12_hold_q\[0\]\[5\],14.61µm
u_transform_scheduler_core.u_fdiq_input_adapter.held_i\[3\],14.61µm
u_transform_scheduler_core.u_mixed_radix_butterfly.premultiply_half_sum_i_reg\[12\],14.61µm
u_transform_scheduler_core.u_mixed_radix_butterfly.x0_q_ext\[3\],14.61µm
_00187_,14.56µm
_00338_,14.56µm
_00892_,14.56µm
_00998_,14.56µm
_01135_,14.56µm
_01212_,14.56µm
_01335_,14.56µm
_01346_,14.56µm
_01363_,14.56µm
_01487_,14.56µm
_01529_,14.56µm
_01593_,14.56µm
_01634_,14.56µm
_01986_,14.56µm
_02296_,14.56µm
_02535_,14.56µm
_02613_,14.56µm
_02691_,14.56µm
_02692_,14.56µm
_02713_,14.56µm
_02845_,14.56µm
_02901_,14.56µm
_03001_,14.56µm
_03118_,14.56µm
_03354_,14.56µm
_04306_,14.56µm
_04348_,14.56µm
_04518_,14.56µm
_04875_,14.56µm
_04893_,14.56µm
_05159_,14.56µm
_05207_,14.56µm
_05423_,14.56µm
_05472_,14.56µm
_05474_,14.56µm
_05910_,14.56µm
_05966_,14.56µm
_06188_,14.56µm
_06332_,14.56µm
_06348_,14.56µm
_06669_,14.56µm
_06779_,14.56µm
_06828_,14.56µm
_06997_,14.56µm
_06999_,14.56µm
_07004_,14.56µm
_07144_,14.56µm
_07267_,14.56µm
_07470_,14.56µm
_07539_,14.56µm
_07545_,14.56µm
_07610_,14.56µm
_07738_,14.56µm
_07891_,14.56µm
_07904_,14.56µm
_07922_,14.56µm
_07960_,14.56µm
_08028_,14.56µm
_08062_,14.56µm
_08115_,14.56µm
_08199_,14.56µm
_08289_,14.56µm
_08330_,14.56µm
_08358_,14.56µm
_08416_,14.56µm
_08547_,14.56µm
_08716_,14.56µm
_08793_,14.56µm
_08845_,14.56µm
u_transform_scheduler_core.mod_x0_q\[7\],14.56µm
u_transform_scheduler_core.u_mixed_radix_butterfly.arithmetic_half_sum_i_reg\[0\],14.56µm
dout[3],14.42µm
_03871_,14.15µm
_06045_,14.15µm
_03496_,14.1µm
_05597_,14.1µm
_05963_,14.1µm
_06938_,14.1µm
_08025_,14.1µm
_08070_,14.1µm
_08071_,14.1µm
_08304_,14.1µm
debug_read_latch\[13\],14.1µm
u_transform_scheduler_core.mod_x0_i\[15\],14.1µm
u_transform_scheduler_core.u_fdiq_input_adapter.held_i\[5\],14.1µm
u_transform_scheduler_core.u_fft_scratch_sram.i_half\[11\],14.1µm
_00087_,14.05µm
_00166_,14.05µm
_00369_,14.05µm
_00380_,14.05µm
_00434_,14.05µm
_00435_,14.05µm
_00812_,14.05µm
_00912_,14.05µm
_00982_,14.05µm
_01024_,14.05µm
_01069_,14.05µm
_01252_,14.05µm
_01338_,14.05µm
_01408_,14.05µm
_01771_,14.05µm
_01793_,14.05µm
_01868_,14.05µm
_01869_,14.05µm
_01937_,14.05µm
_02022_,14.05µm
_02033_,14.05µm
_02085_,14.05µm
_02297_,14.05µm
_02305_,14.05µm
_02514_,14.05µm
_02693_,14.05µm
_02733_,14.05µm
_02768_,14.05µm
_02938_,14.05µm
_02970_,14.05µm
_02985_,14.05µm
_03022_,14.05µm
_03138_,14.05µm
_03152_,14.05µm
_03224_,14.05µm
_03226_,14.05µm
_03436_,14.05µm
_03442_,14.05µm
_03652_,14.05µm
_03783_,14.05µm
_04360_,14.05µm
_04805_,14.05µm
_04808_,14.05µm
_04845_,14.05µm
_04911_,14.05µm
_05062_,14.05µm
_05089_,14.05µm
_05147_,14.05µm
_05259_,14.05µm
_05294_,14.05µm
_05355_,14.05µm
_05559_,14.05µm
_05694_,14.05µm
_05700_,14.05µm
_05717_,14.05µm
_05757_,14.05µm
_06269_,14.05µm
_06365_,14.05µm
_06449_,14.05µm
_06462_,14.05µm
_06568_,14.05µm
_06611_,14.05µm
_06851_,14.05µm
_07300_,14.05µm
_07361_,14.05µm
_07430_,14.05µm
_07550_,14.05µm
_08154_,14.05µm
_08209_,14.05µm
_08343_,14.05µm
_08423_,14.05µm
_08520_,14.05µm
_08665_,14.05µm
u_transform_scheduler_core.tx_dft12_hold_i\[2\]\[9\],14.05µm
u_transform_scheduler_core.tx_dft12_hold_q\[0\]\[15\],14.05µm
_00060_,14µm
_00249_,14µm
_00363_,14µm
_00367_,14µm
_00649_,14µm
_00782_,14µm
_00890_,14µm
_01031_,14µm
_01055_,14µm
_01455_,14µm
_01756_,14µm
_01790_,14µm
_01995_,14µm
_02122_,14µm
_02198_,14µm
_02223_,14µm
_02345_,14µm
_02386_,14µm
_02407_,14µm
_02592_,14µm
_02599_,14µm
_02680_,14µm
_02760_,14µm
_02775_,14µm
_02779_,14µm
_02888_,14µm
_02916_,14µm
_02966_,14µm
_02977_,14µm
_03012_,14µm
_03017_,14µm
_03164_,14µm
_03387_,14µm
_03452_,14µm
_03618_,14µm
_03634_,14µm
_03667_,14µm
_04038_,14µm
_04152_,14µm
_04810_,14µm
_04896_,14µm
_05102_,14µm
_05189_,14µm
_05315_,14µm
_05385_,14µm
_05392_,14µm
_05563_,14µm
_05801_,14µm
_05814_,14µm
_06066_,14µm
_06083_,14µm
_06737_,14µm
_07041_,14µm
_07464_,14µm
_07469_,14µm
_07596_,14µm
_07719_,14µm
_07979_,14µm
_08116_,14µm
_08239_,14µm
_08283_,14µm
_08285_,14µm
_08504_,14µm
_08528_,14µm
_08563_,14µm
_08663_,14µm
_08667_,14µm
_08737_,14µm
_08740_,14µm
u_transform_scheduler_core.mod_x0_i\[3\],14µm
u_transform_scheduler_core.tx_dft12_hold_q\[0\]\[14\],14µm
dout[2],13.86µm
u_transform_scheduler_core.u_mixed_radix_butterfly.x0_i_ext\[7\],13.82µm
_03771_,13.64µm
_07226_,13.59µm
_07516_,13.59µm
u_transform_scheduler_core.ofdm_sample_q\[6\],13.59µm
u_transform_scheduler_core.tx_dft12_hold_q\[2\]\[10\],13.59µm
u_transform_scheduler_core.u_fft_scratch_sram.i_half\[8\],13.59µm
u_transform_scheduler_core.u_mixed_radix_butterfly.product_rr_reg\[19\],13.59µm
_01114_,13.54µm
_02590_,13.54µm
_02913_,13.54µm
_03747_,13.54µm
_03789_,13.54µm
_03817_,13.54µm
_03903_,13.54µm
_07024_,13.54µm
_07481_,13.54µm
_07905_,13.54µm
u_transform_scheduler_core.fft_mem_rdata\[19\],13.54µm
u_transform_scheduler_core.fft_mem_rdata\[9\],13.54µm
u_transform_scheduler_core.ofdm_sample_i\[0\],13.54µm
_00129_,13.49µm
_00178_,13.49µm
_00344_,13.49µm
_00432_,13.49µm
_00490_,13.49µm
_00868_,13.49µm
_00904_,13.49µm
_00937_,13.49µm
_01604_,13.49µm
_01690_,13.49µm
_01731_,13.49µm
_01930_,13.49µm
_01963_,13.49µm
_01970_,13.49µm
_02055_,13.49µm
_02390_,13.49µm
_02409_,13.49µm
_02412_,13.49µm
_02439_,13.49µm
_02576_,13.49µm
_02681_,13.49µm
_02887_,13.49µm
_02933_,13.49µm
_02989_,13.49µm
_03229_,13.49µm
_03407_,13.49µm
_03801_,13.49µm
_03823_,13.49µm
_03846_,13.49µm
_03990_,13.49µm
_04060_,13.49µm
_04094_,13.49µm
_04182_,13.49µm
_04490_,13.49µm
_04642_,13.49µm
_04898_,13.49µm
_05020_,13.49µm
_05373_,13.49µm
_05418_,13.49µm
_05633_,13.49µm
_05677_,13.49µm
_05776_,13.49µm
_05849_,13.49µm
_05913_,13.49µm
_06034_,13.49µm
_06072_,13.49µm
_06126_,13.49µm
_06279_,13.49µm
_06417_,13.49µm
_06780_,13.49µm
_06786_,13.49µm
_06860_,13.49µm
_06900_,13.49µm
_07044_,13.49µm
_07089_,13.49µm
_07259_,13.49µm
_07369_,13.49µm
_07386_,13.49µm
_07658_,13.49µm
_08052_,13.49µm
_08121_,13.49µm
_08191_,13.49µm
_08203_,13.49µm
_08313_,13.49µm
_08329_,13.49µm
_08492_,13.49µm
_08587_,13.49µm
_08595_,13.49µm
_08641_,13.49µm
_08764_,13.49µm
_08797_,13.49µm
u_transform_scheduler_core.rx_fft128_i\[2\],13.49µm
u_transform_scheduler_core.tx_dft12_hold_i\[0\]\[13\],13.49µm
u_transform_scheduler_core.tx_dft12_hold_q\[0\]\[2\],13.49µm
u_transform_scheduler_core.tx_dft12_hold_q\[1\]\[12\],13.49µm
u_transform_scheduler_core.tx_dft12_hold_q\[2\]\[0\],13.49µm
u_transform_scheduler_core.u_fft_scratch_sram.saved_addr\[4\],13.49µm
u_transform_scheduler_core.u_mixed_radix_butterfly.premultiply_half_sum_q_reg\[2\],13.49µm
_00011_,13.44µm
_00021_,13.44µm
_00269_,13.44µm
_00438_,13.44µm
_00444_,13.44µm
_00661_,13.44µm
_01151_,13.44µm
_01152_,13.44µm
_01390_,13.44µm
_01467_,13.44µm
_01539_,13.44µm
_01841_,13.44µm
_02013_,13.44µm
_02188_,13.44µm
_02256_,13.44µm
_02294_,13.44µm
_02786_,13.44µm
_02811_,13.44µm
_02991_,13.44µm
_02999_,13.44µm
_03119_,13.44µm
_03430_,13.44µm
_03584_,13.44µm
_03768_,13.44µm
_04718_,13.44µm
_04834_,13.44µm
_04878_,13.44µm
_04972_,13.44µm
_05046_,13.44µm
_05136_,13.44µm
_05165_,13.44µm
_05241_,13.44µm
_05635_,13.44µm
_05953_,13.44µm
_06013_,13.44µm
_06164_,13.44µm
_06355_,13.44µm
_06371_,13.44µm
_06389_,13.44µm
_06529_,13.44µm
_06949_,13.44µm
_07079_,13.44µm
_07092_,13.44µm
_07197_,13.44µm
_07384_,13.44µm
_07661_,13.44µm
_07692_,13.44µm
_07700_,13.44µm
_07902_,13.44µm
_07945_,13.44µm
_08280_,13.44µm
_08435_,13.44µm
_08637_,13.44µm
_08717_,13.44µm
serializer_job_done,13.44µm
u_transform_scheduler_core.tx_dft12_hold_i\[0\]\[4\],13.44µm
u_transform_scheduler_core.tx_dft12_hold_q\[0\]\[7\],13.44µm
u_transform_scheduler_core.u_mixed_radix_butterfly.arithmetic_half_sum_i_reg\[8\],13.44µm
_04612_,13.21µm
_03845_,13.035µm
_06233_,13.03µm
_08053_,13.03µm
_08290_,13.03µm
u_transform_scheduler_core.tx_dft12_hold_i\[1\]\[9\],13.03µm
_08818_,13.01µm
_08064_,13.005µm
_02042_,12.98µm
_04265_,12.98µm
_04349_,12.98µm
_05455_,12.98µm
_05707_,12.98µm
_06103_,12.98µm
_06199_,12.98µm
_07099_,12.98µm
_07864_,12.98µm
_08093_,12.98µm
_08129_,12.98µm
_08277_,12.98µm
_08344_,12.98µm
_08553_,12.98µm
u_transform_scheduler_core.ofdm_sample_q\[4\],12.98µm
u_transform_scheduler_core.rx_dft12_i\[4\],12.98µm
_00274_,12.93µm
_00290_,12.93µm
_00309_,12.93µm
_00325_,12.93µm
_00357_,12.93µm
_00532_,12.93µm
_00598_,12.93µm
_00680_,12.93µm
_00767_,12.93µm
_00993_,12.93µm
_01043_,12.93µm
_01137_,12.93µm
_01142_,12.93µm
_01201_,12.93µm
_01268_,12.93µm
_01331_,12.93µm
_01400_,12.93µm
_01602_,12.93µm
_01621_,12.93µm
_01687_,12.93µm
_01742_,12.93µm
_01847_,12.93µm
_01964_,12.93µm
_02081_,12.93µm
_02268_,12.93µm
_02398_,12.93µm
_02402_,12.93µm
_02606_,12.93µm
_02647_,12.93µm
_02716_,12.93µm
_02717_,12.93µm
_02736_,12.93µm
_02784_,12.93µm
_02790_,12.93µm
_02947_,12.93µm
_03008_,12.93µm
_03077_,12.93µm
_03141_,12.93µm
_03183_,12.93µm
_03302_,12.93µm
_03341_,12.93µm
_03559_,12.93µm
_04408_,12.93µm
_04557_,12.93µm
_04572_,12.93µm
_04610_,12.93µm
_04640_,12.93µm
_04647_,12.93µm
_04742_,12.93µm
_04986_,12.93µm
_05011_,12.93µm
_05032_,12.93µm
_05271_,12.93µm
_05483_,12.93µm
_05528_,12.93µm
_05532_,12.93µm
_05622_,12.93µm
_05654_,12.93µm
_05658_,12.93µm
_06106_,12.93µm
_06267_,12.93µm
_06333_,12.93µm
_06401_,12.93µm
_06535_,12.93µm
_06548_,12.93µm
_06580_,12.93µm
_06676_,12.93µm
_06902_,12.93µm
_07105_,12.93µm
_07317_,12.93µm
_07456_,12.93µm
_07535_,12.93µm
_07543_,12.93µm
_07561_,12.93µm
_07866_,12.93µm
_07975_,12.93µm
_08114_,12.93µm
_08163_,12.93µm
_08196_,12.93µm
_08212_,12.93µm
_08294_,12.93µm
_08391_,12.93µm
_08453_,12.93µm
_08522_,12.93µm
u_transform_scheduler_core.u_tdiq_input_cp_remove.cp_length_reg\[0\],12.93µm
_05973_,12.89µm
_00141_,12.88µm
_00556_,12.88µm
_01095_,12.88µm
_01204_,12.88µm
_01342_,12.88µm
_01510_,12.88µm
_01522_,12.88µm
_01584_,12.88µm
_01697_,12.88µm
_01699_,12.88µm
_01726_,12.88µm
_01729_,12.88µm
_01858_,12.88µm
_02430_,12.88µm
_02974_,12.88µm
_03037_,12.88µm
_03140_,12.88µm
_03234_,12.88µm
_03275_,12.88µm
_03342_,12.88µm
_03368_,12.88µm
_03678_,12.88µm
_03735_,12.88µm
_03917_,12.88µm
_04917_,12.88µm
_05016_,12.88µm
_05058_,12.88µm
_05193_,12.88µm
_05230_,12.88µm
_05372_,12.88µm
_06112_,12.88µm
_06283_,12.88µm
_06571_,12.88µm
_06868_,12.88µm
_07321_,12.88µm
_07641_,12.88µm
_07859_,12.88µm
_07961_,12.88µm
_07998_,12.88µm
_08235_,12.88µm
_08357_,12.88µm
_08630_,12.88µm
u_transform_scheduler_core.tx_dft12_hold_q\[1\]\[15\],12.88µm
u_transform_scheduler_core.u_mixed_radix_butterfly.arithmetic_x0_q_reg\[7\],12.88µm
din[3],12.74µm
din_ready_o,12.74µm
_02127_,12.47µm
_07055_,12.47µm
_08794_,12.47µm
u_transform_scheduler_core.ofdm_sample_i\[1\],12.47µm
u_transform_scheduler_core.tx_dft12_hold_i\[2\]\[14\],12.47µm
u_transform_scheduler_core.tx_dft12_hold_q\[1\]\[5\],12.47µm
_01164_,12.42µm
_01304_,12.42µm
_01365_,12.42µm
_01415_,12.42µm
_01696_,12.42µm
_03241_,12.42µm
_03602_,12.42µm
_04024_,12.42µm
_04128_,12.42µm
_04422_,12.42µm
_04692_,12.42µm
_05278_,12.42µm
_06044_,12.42µm
_06623_,12.42µm
_07832_,12.42µm
_08170_,12.42µm
_08245_,12.42µm
u_transform_scheduler_core.rx_small_x1_q\[2\],12.42µm
u_transform_scheduler_core.tx_dft12_hold_i\[2\]\[13\],12.42µm
u_transform_scheduler_core.tx_dft12_hold_q\[2\]\[5\],12.42µm
_00044_,12.37µm
_00124_,12.37µm
_00133_,12.37µm
_00140_,12.37µm
_00162_,12.37µm
_00244_,12.37µm
_00312_,12.37µm
_00414_,12.37µm
_00568_,12.37µm
_00653_,12.37µm
_00953_,12.37µm
_00954_,12.37µm
_01014_,12.37µm
_01083_,12.37µm
_01096_,12.37µm
_01157_,12.37µm
_01200_,12.37µm
_01315_,12.37µm
_01366_,12.37µm
_01564_,12.37µm
_01601_,12.37µm
_01675_,12.37µm
_01765_,12.37µm
_01779_,12.37µm
_01848_,12.37µm
_01870_,12.37µm
_01925_,12.37µm
_02134_,12.37µm
_02302_,12.37µm
_02309_,12.37µm
_02333_,12.37µm
_02383_,12.37µm
_02479_,12.37µm
_02796_,12.37µm
_02841_,12.37µm
_02896_,12.37µm
_02986_,12.37µm
_03108_,12.37µm
_03125_,12.37µm
_03169_,12.37µm
_03203_,12.37µm
_03268_,12.37µm
_03348_,12.37µm
_03349_,12.37µm
_03570_,12.37µm
_03873_,12.37µm
_03938_,12.37µm
_04009_,12.37µm
_04013_,12.37µm
_04256_,12.37µm
_04270_,12.37µm
_04312_,12.37µm
_04619_,12.37µm
_04637_,12.37µm
_04789_,12.37µm
_04802_,12.37µm
_04975_,12.37µm
_05010_,12.37µm
_05238_,12.37µm
_05349_,12.37µm
_05436_,12.37µm
_05537_,12.37µm
_05581_,12.37µm
_05690_,12.37µm
_05875_,12.37µm
_05908_,12.37µm
_06076_,12.37µm
_06140_,12.37µm
_06254_,12.37µm
_06717_,12.37µm
_06798_,12.37µm
_06849_,12.37µm
_06946_,12.37µm
_06958_,12.37µm
_06994_,12.37µm
_07023_,12.37µm
_07069_,12.37µm
_07179_,12.37µm
_07524_,12.37µm
_07689_,12.37µm
_08189_,12.37µm
_08223_,12.37µm
_08307_,12.37µm
_08585_,12.37µm
_08588_,12.37µm
_08599_,12.37µm
_08820_,12.37µm
u_transform_scheduler_core.fft_mem_rdata\[0\],12.37µm
_00550_,12.32µm
_00681_,12.32µm
_00778_,12.32µm
_00936_,12.32µm
_01013_,12.32µm
_01208_,12.32µm
_01235_,12.32µm
_01333_,12.32µm
_01431_,12.32µm
_01660_,12.32µm
_01688_,12.32µm
_01851_,12.32µm
_01853_,12.32µm
_02228_,12.32µm
_02242_,12.32µm
_02617_,12.32µm
_02983_,12.32µm
_03231_,12.32µm
_03235_,12.32µm
_03508_,12.32µm
_03866_,12.32µm
_04271_,12.32µm
_04300_,12.32µm
_04474_,12.32µm
_04899_,12.32µm
_05076_,12.32µm
_05142_,12.32µm
_05600_,12.32µm
_05865_,12.32µm
_05904_,12.32µm
_06161_,12.32µm
_06186_,12.32µm
_06374_,12.32µm
_06482_,12.32µm
_06715_,12.32µm
_06753_,12.32µm
_06941_,12.32µm
_07109_,12.32µm
_07151_,12.32µm
_07219_,12.32µm
_07410_,12.32µm
_07613_,12.32µm
_07748_,12.32µm
_07870_,12.32µm
_07923_,12.32µm
_08176_,12.32µm
_08211_,12.32µm
_08472_,12.32µm
_08802_,12.32µm
u_transform_scheduler_core.fft_mem_rvalid,12.32µm
u_transform_scheduler_core.tx_dft12_hold_i\[0\]\[11\],12.32µm
u_transform_scheduler_core.tx_dft12_hold_i\[1\]\[0\],12.32µm
dout[0],12.18µm
dout[5],12.18µm
_02123_,12.09µm
_01515_,12.04µm
_04036_,12.04µm
_07039_,11.91µm
_07931_,11.91µm
_08221_,11.91µm
u_transform_scheduler_core.rx_fft128_i\[0\],11.91µm
_02046_,11.86µm
_03120_,11.86µm
_03314_,11.86µm
_03334_,11.86µm
_03540_,11.86µm
_03605_,11.86µm
_03792_,11.86µm
_04645_,11.86µm
_05222_,11.86µm
_05390_,11.86µm
_05729_,11.86µm
_05796_,11.86µm
_06502_,11.86µm
_06538_,11.86µm
_06662_,11.86µm
_07142_,11.86µm
_07534_,11.86µm
_07907_,11.86µm
_07970_,11.86µm
_08153_,11.86µm
_08241_,11.86µm
_08256_,11.86µm
u_transform_scheduler_core.ofdm_sample_q\[10\],11.86µm
u_transform_scheduler_core.tx_dft12_hold_i\[2\]\[11\],11.86µm
u_transform_scheduler_core.tx_dft12_hold_q\[0\]\[11\],11.86µm
u_transform_scheduler_core.tx_input_write,11.86µm
_00056_,11.81µm
_00058_,11.81µm
_00066_,11.81µm
_00088_,11.81µm
_00172_,11.81µm
_00203_,11.81µm
_00250_,11.81µm
_00326_,11.81µm
_00397_,11.81µm
_00401_,11.81µm
_00416_,11.81µm
_00465_,11.81µm
_00473_,11.81µm
_00491_,11.81µm
_00505_,11.81µm
_00511_,11.81µm
_00535_,11.81µm
_00595_,11.81µm
_00615_,11.81µm
_00620_,11.81µm
_00656_,11.81µm
_00668_,11.81µm
_00670_,11.81µm
_00702_,11.81µm
_00775_,11.81µm
_01000_,11.81µm
_01089_,11.81µm
_01165_,11.81µm
_01170_,11.81µm
_01248_,11.81µm
_01391_,11.81µm
_01491_,11.81µm
_01575_,11.81µm
_01588_,11.81µm
_01773_,11.81µm
_01784_,11.81µm
_01819_,11.81µm
_01913_,11.81µm
_01932_,11.81µm
_02161_,11.81µm
_02372_,11.81µm
_02551_,11.81µm
_02734_,11.81µm
_02742_,11.81µm
_02934_,11.81µm
_02952_,11.81µm
_03007_,11.81µm
_03056_,11.81µm
_03083_,11.81µm
_03104_,11.81µm
_03131_,11.81µm
_03266_,11.81µm
_03457_,11.81µm
_03663_,11.81µm
_03809_,11.81µm
_03811_,11.81µm
_03923_,11.81µm
_03946_,11.81µm
_04046_,11.81µm
_04205_,11.81µm
_04276_,11.81µm
_04423_,11.81µm
_04590_,11.81µm
_04732_,11.81µm
_04988_,11.81µm
_05012_,11.81µm
_05135_,11.81µm
_05171_,11.81µm
_05180_,11.81µm
_05402_,11.81µm
_05403_,11.81µm
_05592_,11.81µm
_05648_,11.81µm
_05724_,11.81µm
_05795_,11.81µm
_05858_,11.81µm
_05914_,11.81µm
_06007_,11.81µm
_06264_,11.81µm
_06290_,11.81µm
_06319_,11.81µm
_06339_,11.81µm
_06606_,11.81µm
_06757_,11.81µm
_06974_,11.81µm
_06989_,11.81µm
_07138_,11.81µm
_07159_,11.81µm
_07237_,11.81µm
_07492_,11.81µm
_07803_,11.81µm
_08002_,11.81µm
_08030_,11.81µm
_08108_,11.81µm
_08141_,11.81µm
_08188_,11.81µm
_08284_,11.81µm
_08393_,11.81µm
_08400_,11.81µm
_08581_,11.81µm
_08749_,11.81µm
_08838_,11.81µm
core_ofdm_active,11.81µm
u_transform_scheduler_core.fifo_x1_i\[0\]\[3\],11.81µm
u_transform_scheduler_core.tx_dout\[0\],11.81µm
u_transform_scheduler_core.u_fft_scratch_sram.i_half\[9\],11.81µm
u_transform_scheduler_core.u_tdiq_output_cp_insert.inflight,11.81µm
_00005_,11.76µm
_00022_,11.76µm
_00077_,11.76µm
_00218_,11.76µm
_00400_,11.76µm
_00450_,11.76µm
_00493_,11.76µm
_00760_,11.76µm
_00966_,11.76µm
_00972_,11.76µm
_00978_,11.76µm
_01143_,11.76µm
_01348_,11.76µm
_01469_,11.76µm
_01485_,11.76µm
_01509_,11.76µm
_01623_,11.76µm
_01852_,11.76µm
_02104_,11.76µm
_02435_,11.76µm
_02596_,11.76µm
_02751_,11.76µm
_02792_,11.76µm
_02925_,11.76µm
_02953_,11.76µm
_03142_,11.76µm
_03154_,11.76µm
_03335_,11.76µm
_03538_,11.76µm
_03604_,11.76µm
_03614_,11.76µm
_03876_,11.76µm
_04295_,11.76µm
_05080_,11.76µm
_05122_,11.76µm
_05174_,11.76µm
_05261_,11.76µm
_05362_,11.76µm
_05716_,11.76µm
_05722_,11.76µm
_06292_,11.76µm
_06308_,11.76µm
_06396_,11.76µm
_06428_,11.76µm
_06554_,11.76µm
_06742_,11.76µm
_06913_,11.76µm
_07225_,11.76µm
_07322_,11.76µm
_07696_,11.76µm
_07717_,11.76µm
_07729_,11.76µm
_07755_,11.76µm
_07808_,11.76µm
_07809_,11.76µm
_07957_,11.76µm
_08383_,11.76µm
_08519_,11.76µm
_08616_,11.76µm
_08634_,11.76µm
_08636_,11.76µm
_08657_,11.76µm
u_transform_scheduler_core.tx_dft12_hold_q\[0\]\[4\],11.76µm
u_transform_scheduler_core.tx_dft12_hold_q\[1\]\[3\],11.76µm
u_transform_scheduler_core.u_fft_scratch_sram.i_half\[13\],11.76µm
din_valid_i,11.62µm
_04451_,11.35µm
_06345_,11.35µm
_08051_,11.35µm
u_transform_scheduler_core.tx_dft12_hold_i\[2\]\[1\],11.35µm
_03657_,11.3µm
_05133_,11.3µm
_05632_,11.3µm
_05687_,11.3µm
_06246_,11.3µm
_06253_,11.3µm
_06658_,11.3µm
_07359_,11.3µm
_07490_,11.3µm
_07930_,11.3µm
_07991_,11.3µm
_08074_,11.3µm
_08078_,11.3µm
u_transform_scheduler_core.rx_small_x2_i\[6\],11.3µm
u_transform_scheduler_core.u_mixed_radix_butterfly.product_ii_reg\[0\],11.3µm
_00032_,11.25µm
_00055_,11.25µm
_00078_,11.25µm
_00170_,11.25µm
_00201_,11.25µm
_00202_,11.25µm
_00263_,11.25µm
_00308_,11.25µm
_00311_,11.25µm
_00343_,11.25µm
_00483_,11.25µm
_00523_,11.25µm
_00580_,11.25µm
_00608_,11.25µm
_00635_,11.25µm
_00697_,11.25µm
_00726_,11.25µm
_00740_,11.25µm
_00751_,11.25µm
_00796_,11.25µm
_00981_,11.25µm
_01040_,11.25µm
_01121_,11.25µm
_01336_,11.25µm
_01429_,11.25µm
_01528_,11.25µm
_01535_,11.25µm
_01624_,11.25µm
_01668_,11.25µm
_01821_,11.25µm
_01835_,11.25µm
_01911_,11.25µm
_01936_,11.25µm
_01998_,11.25µm
_02187_,11.25µm
_02260_,11.25µm
_02819_,11.25µm
_02899_,11.25µm
_03032_,11.25µm
_03563_,11.25µm
_03647_,11.25µm
_03682_,11.25µm
_03962_,11.25µm
_04126_,11.25µm
_04293_,11.25µm
_04318_,11.25µm
_04564_,11.25µm
_04663_,11.25µm
_04833_,11.25µm
_04946_,11.25µm
_05026_,11.25µm
_05053_,11.25µm
_05143_,11.25µm
_05568_,11.25µm
_05689_,11.25µm
_05748_,11.25µm
_05769_,11.25µm
_05883_,11.25µm
_05884_,11.25µm
_05983_,11.25µm
_05999_,11.25µm
_06128_,11.25µm
_06291_,11.25µm
_06327_,11.25µm
_06458_,11.25µm
_06598_,11.25µm
_06855_,11.25µm
_06876_,11.25µm
_06885_,11.25µm
_07110_,11.25µm
_07148_,11.25µm
_07153_,11.25µm
_07324_,11.25µm
_07438_,11.25µm
_07459_,11.25µm
_07685_,11.25µm
_08122_,11.25µm
_08217_,11.25µm
_08365_,11.25µm
_08384_,11.25µm
_08621_,11.25µm
_08622_,11.25µm
u_transform_scheduler_core.u_fft128_modulo_controller.pending_writes_done,11.25µm
_00014_,11.2µm
_00071_,11.2µm
_00186_,11.2µm
_00461_,11.2µm
_00554_,11.2µm
_00585_,11.2µm
_00610_,11.2µm
_00630_,11.2µm
_00684_,11.2µm
_01006_,11.2µm
_01008_,11.2µm
_01187_,11.2µm
_01217_,11.2µm
_01241_,11.2µm
_01286_,11.2µm
_01312_,11.2µm
_01328_,11.2µm
_01350_,11.2µm
_01461_,11.2µm
_01470_,11.2µm
_01489_,11.2µm
_01616_,11.2µm
_01654_,11.2µm
_01661_,11.2µm
_01695_,11.2µm
_01734_,11.2µm
_01826_,11.2µm
_01833_,11.2µm
_01862_,11.2µm
_01866_,11.2µm
_01971_,11.2µm
_02023_,11.2µm
_02154_,11.2µm
_02696_,11.2µm
_02956_,11.2µm
_03312_,11.2µm
_03367_,11.2µm
_03608_,11.2µm
_04393_,11.2µm
_04539_,11.2µm
_04694_,11.2µm
_04815_,11.2µm
_05086_,11.2µm
_05170_,11.2µm
_05264_,11.2µm
_05327_,11.2µm
_05394_,11.2µm
_05491_,11.2µm
_05605_,11.2µm
_05778_,11.2µm
_05824_,11.2µm
_06132_,11.2µm
_06275_,11.2µm
_06695_,11.2µm
_06847_,11.2µm
_06998_,11.2µm
_07626_,11.2µm
_07703_,11.2µm
_07819_,11.2µm
_07937_,11.2µm
_07956_,11.2µm
_08042_,11.2µm
_08077_,11.2µm
_08178_,11.2µm
_08279_,11.2µm
_08345_,11.2µm
_08409_,11.2µm
_08646_,11.2µm
_08651_,11.2µm
_08731_,11.2µm
_08785_,11.2µm
u_transform_scheduler_core.tx_dft12_hold_i\[2\]\[2\],11.2µm
u_transform_scheduler_core.tx_dft12_hold_q\[1\]\[10\],11.2µm
u_transform_scheduler_core.u_tdiq_output_cp_insert.responses_left\[3\],11.2µm
dout[1],11.06µm
_03909_,10.95µm
_04219_,10.825µm
_04004_,10.79µm
u_transform_scheduler_core.tx_dft12_hold_i\[1\]\[3\],10.79µm
u_transform_scheduler_core.u_mixed_radix_butterfly.low_rq_reg\[6\],10.79µm
_05087_,10.75µm
_03184_,10.74µm
_03443_,10.74µm
_03516_,10.74µm
_03812_,10.74µm
_04352_,10.74µm
_05140_,10.74µm
_05344_,10.74µm
_05490_,10.74µm
_05957_,10.74µm
_06963_,10.74µm
_07307_,10.74µm
_07348_,10.74µm
_07421_,10.74µm
_07976_,10.74µm
_08018_,10.74µm
_08596_,10.74µm
_08645_,10.74µm
_08655_,10.74µm
_08795_,10.74µm
u_transform_scheduler_core.mod_x0_q\[9\],10.74µm
u_transform_scheduler_core.tx_dft12_hold_i\[0\]\[7\],10.74µm
u_transform_scheduler_core.tx_dft12_hold_i\[2\]\[10\],10.74µm
_00054_,10.69µm
_00083_,10.69µm
_00267_,10.69µm
_00350_,10.69µm
_00459_,10.69µm
_00476_,10.69µm
_00533_,10.69µm
_00544_,10.69µm
_00658_,10.69µm
_00664_,10.69µm
_00688_,10.69µm
_00815_,10.69µm
_00884_,10.69µm
_00922_,10.69µm
_01005_,10.69µm
_01094_,10.69µm
_01124_,10.69µm
_01193_,10.69µm
_01210_,10.69µm
_01254_,10.69µm
_01540_,10.69µm
_01565_,10.69µm
_01567_,10.69µm
_01578_,10.69µm
_01581_,10.69µm
_01591_,10.69µm
_01659_,10.69µm
_01706_,10.69µm
_01718_,10.69µm
_01829_,10.69µm
_01846_,10.69µm
_02308_,10.69µm
_02488_,10.69µm
_02490_,10.69µm
_02650_,10.69µm
_02919_,10.69µm
_03015_,10.69µm
_03019_,10.69µm
_03030_,10.69µm
_03133_,10.69µm
_03378_,10.69µm
_03455_,10.69µm
_03489_,10.69µm
_03555_,10.69µm
_03612_,10.69µm
_03913_,10.69µm
_04496_,10.69µm
_04523_,10.69µm
_04559_,10.69µm
_04562_,10.69µm
_04597_,10.69µm
_04659_,10.69µm
_04706_,10.69µm
_04739_,10.69µm
_04985_,10.69µm
_05090_,10.69µm
_05158_,10.69µm
_05588_,10.69µm
_05642_,10.69µm
_05699_,10.69µm
_05829_,10.69µm
_05861_,10.69µm
_06301_,10.69µm
_06324_,10.69µm
_06452_,10.69µm
_06515_,10.69µm
_06550_,10.69µm
_06578_,10.69µm
_06596_,10.69µm
_06638_,10.69µm
_06666_,10.69µm
_06678_,10.69µm
_06700_,10.69µm
_06890_,10.69µm
_06992_,10.69µm
_07082_,10.69µm
_07228_,10.69µm
_07339_,10.69µm
_07575_,10.69µm
_07839_,10.69µm
_07856_,10.69µm
_08338_,10.69µm
_08481_,10.69µm
_08654_,10.69µm
_08837_,10.69µm
u_transform_scheduler_core.tx_dft12_hold_i\[0\]\[10\],10.69µm
u_transform_scheduler_core.u_mixed_radix_butterfly.x0_q_ext\[8\],10.69µm
_00000_,10.64µm
_00049_,10.64µm
_00276_,10.64µm
_00310_,10.64µm
_00327_,10.64µm
_00464_,10.64µm
_00500_,10.64µm
_00503_,10.64µm
_00622_,10.64µm
_00686_,10.64µm
_00733_,10.64µm
_00810_,10.64µm
_00836_,10.64µm
_01116_,10.64µm
_01132_,10.64µm
_01146_,10.64µm
_01171_,10.64µm
_01264_,10.64µm
_01293_,10.64µm
_01436_,10.64µm
_01443_,10.64µm
_01501_,10.64µm
_01554_,10.64µm
_01632_,10.64µm
_01643_,10.64µm
_01673_,10.64µm
_01813_,10.64µm
_02093_,10.64µm
_02106_,10.64µm
_02183_,10.64µm
_02289_,10.64µm
_02579_,10.64µm
_02697_,10.64µm
_02728_,10.64µm
_02756_,10.64µm
_02954_,10.64µm
_02960_,10.64µm
_02961_,10.64µm
_02965_,10.64µm
_02998_,10.64µm
_03011_,10.64µm
_03121_,10.64µm
_03181_,10.64µm
_03191_,10.64µm
_03259_,10.64µm
_03358_,10.64µm
_03550_,10.64µm
_03629_,10.64µm
_03989_,10.64µm
_04008_,10.64µm
_04793_,10.64µm
_04821_,10.64µm
_04839_,10.64µm
_05072_,10.64µm
_05099_,10.64µm
_05107_,10.64µm
_05126_,10.64µm
_05267_,10.64µm
_05275_,10.64µm
_05420_,10.64µm
_05428_,10.64µm
_05523_,10.64µm
_05659_,10.64µm
_05800_,10.64µm
_05915_,10.64µm
_06030_,10.64µm
_06092_,10.64µm
_06239_,10.64µm
_06266_,10.64µm
_06373_,10.64µm
_06544_,10.64µm
_06557_,10.64µm
_06725_,10.64µm
_06827_,10.64µm
_06906_,10.64µm
_06968_,10.64µm
_07038_,10.64µm
_07072_,10.64µm
_07366_,10.64µm
_07546_,10.64µm
_07650_,10.64µm
_07711_,10.64µm
_07715_,10.64µm
_07964_,10.64µm
_08076_,10.64µm
_08335_,10.64µm
_08372_,10.64µm
_08374_,10.64µm
_08444_,10.64µm
_08469_,10.64µm
_08474_,10.64µm
_08639_,10.64µm
_08846_,10.64µm
u_transform_scheduler_core.tx_dft12_hold_i\[0\]\[8\],10.64µm
din[0],10.5µm
_03728_,10.23µm
_04145_,10.23µm
_04183_,10.23µm
_07900_,10.23µm
_07911_,10.23µm
_08238_,10.23µm
u_transform_scheduler_core.tx_dft12_hold_i\[2\]\[4\],10.23µm
_02269_,10.18µm
_02319_,10.18µm
_02322_,10.18µm
_02442_,10.18µm
_03062_,10.18µm
_03371_,10.18µm
_03736_,10.18µm
_03829_,10.18µm
_04717_,10.18µm
_06487_,10.18µm
_07061_,10.18µm
_07714_,10.18µm
_08333_,10.18µm
_08395_,10.18µm
_08597_,10.18µm
_08609_,10.18µm
u_transform_scheduler_core.ofdm_sample_q\[1\],10.18µm
u_transform_scheduler_core.rx_small_x1_q\[4\],10.18µm
u_transform_scheduler_core.tx_dft12_hold_q\[1\]\[0\],10.18µm
_04651_,10.14µm
_00004_,10.13µm
_00019_,10.13µm
_00120_,10.13µm
_00130_,10.13µm
_00235_,10.13µm
_00294_,10.13µm
_00339_,10.13µm
_00353_,10.13µm
_00376_,10.13µm
_00577_,10.13µm
_00633_,10.13µm
_00650_,10.13µm
_00679_,10.13µm
_00700_,10.13µm
_00715_,10.13µm
_00755_,10.13µm
_00801_,10.13µm
_00886_,10.13µm
_00891_,10.13µm
_00894_,10.13µm
_00898_,10.13µm
_00916_,10.13µm
_01030_,10.13µm
_01098_,10.13µm
_01191_,10.13µm
_01209_,10.13µm
_01265_,10.13µm
_01280_,10.13µm
_01353_,10.13µm
_01378_,10.13µm
_01421_,10.13µm
_01777_,10.13µm
_01885_,10.13µm
_02264_,10.13µm
_02656_,10.13µm
_02761_,10.13µm
_02857_,10.13µm
_02898_,10.13µm
_02980_,10.13µm
_03205_,10.13µm
_03281_,10.13µm
_03382_,10.13µm
_03727_,10.13µm
_03993_,10.13µm
_04234_,10.13µm
_04283_,10.13µm
_04460_,10.13µm
_04553_,10.13µm
_04611_,10.13µm
_04772_,10.13µm
_04835_,10.13µm
_04854_,10.13µm
_04922_,10.13µm
_05168_,10.13µm
_05256_,10.13µm
_05337_,10.13µm
_05356_,10.13µm
_05431_,10.13µm
_05460_,10.13µm
_05753_,10.13µm
_05894_,10.13µm
_05952_,10.13µm
_06026_,10.13µm
_06156_,10.13µm
_06335_,10.13µm
_06384_,10.13µm
_06493_,10.13µm
_06555_,10.13µm
_06653_,10.13µm
_06846_,10.13µm
_06935_,10.13µm
_07001_,10.13µm
_07059_,10.13µm
_07129_,10.13µm
_07134_,10.13µm
_07585_,10.13µm
_07684_,10.13µm
_07855_,10.13µm
_07995_,10.13µm
_08090_,10.13µm
_08103_,10.13µm
_08249_,10.13µm
_08270_,10.13µm
_08466_,10.13µm
_08482_,10.13µm
_08600_,10.13µm
_08660_,10.13µm
_08756_,10.13µm
_00047_,10.08µm
_00174_,10.08µm
_00175_,10.08µm
_00300_,10.08µm
_00307_,10.08µm
_00410_,10.08µm
_00534_,10.08µm
_00536_,10.08µm
_00537_,10.08µm
_00591_,10.08µm
_00645_,10.08µm
_00678_,10.08µm
_00712_,10.08µm
_00770_,10.08µm
_00814_,10.08µm
_00826_,10.08µm
_00859_,10.08µm
_00979_,10.08µm
_01010_,10.08µm
_01061_,10.08µm
_01271_,10.08µm
_01355_,10.08µm
_01364_,10.08µm
_01388_,10.08µm
_01420_,10.08µm
_01463_,10.08µm
_01502_,10.08µm
_01553_,10.08µm
_01685_,10.08µm
_01694_,10.08µm
_01827_,10.08µm
_01850_,10.08µm
_01892_,10.08µm
_01944_,10.08µm
_01957_,10.08µm
_02076_,10.08µm
_02191_,10.08µm
_02278_,10.08µm
_02393_,10.08µm
_02431_,10.08µm
_02517_,10.08µm
_02532_,10.08µm
_02582_,10.08µm
_02639_,10.08µm
_02640_,10.08µm
_02643_,10.08µm
_02700_,10.08µm
_02777_,10.08µm
_02791_,10.08µm
_02870_,10.08µm
_02923_,10.08µm
_02935_,10.08µm
_03009_,10.08µm
_03202_,10.08µm
_03253_,10.08µm
_03361_,10.08µm
_03450_,10.08µm
_03482_,10.08µm
_03562_,10.08µm
_03632_,10.08µm
_03683_,10.08µm
_03688_,10.08µm
_03759_,10.08µm
_03862_,10.08µm
_04299_,10.08µm
_04384_,10.08µm
_04724_,10.08µm
_04868_,10.08µm
_04900_,10.08µm
_04944_,10.08µm
_05161_,10.08µm
_05331_,10.08µm
_05482_,10.08µm
_05553_,10.08µm
_05562_,10.08µm
_05607_,10.08µm
_05760_,10.08µm
_05799_,10.08µm
_05998_,10.08µm
_06084_,10.08µm
_06091_,10.08µm
_06273_,10.08µm
_06539_,10.08µm
_06599_,10.08µm
_06643_,10.08µm
_06665_,10.08µm
_06681_,10.08µm
_06767_,10.08µm
_06768_,10.08µm
_06972_,10.08µm
_07006_,10.08µm
_07090_,10.08µm
_07257_,10.08µm
_07271_,10.08µm
_07291_,10.08µm
_07310_,10.08µm
_07315_,10.08µm
_07368_,10.08µm
_07424_,10.08µm
_07541_,10.08µm
_07555_,10.08µm
_07586_,10.08µm
_07634_,10.08µm
_07681_,10.08µm
_07759_,10.08µm
_07767_,10.08µm
_07774_,10.08µm
_07845_,10.08µm
_07954_,10.08µm
_08020_,10.08µm
_08047_,10.08µm
_08073_,10.08µm
_08325_,10.08µm
_08579_,10.08µm
_08673_,10.08µm
_08743_,10.08µm
_06321_,9.85µm
_06461_,9.67µm
u_transform_scheduler_core.tx_dft12_hold_q\[2\]\[14\],9.67µm
_02071_,9.62µm
_02911_,9.62µm
_03833_,9.62µm
_03966_,9.62µm
_04150_,9.62µm
_04760_,9.62µm
_05321_,9.62µm
_05371_,9.62µm
_05701_,9.62µm
_06793_,9.62µm
_07130_,9.62µm
_07238_,9.62µm
_07395_,9.62µm
_08674_,9.62µm
_08776_,9.62µm
_08828_,9.62µm
_08835_,9.62µm
u_transform_scheduler_core.tx_dft12_hold_i\[2\]\[8\],9.62µm
u_transform_scheduler_core.u_fft_scratch_sram.saved_addr\[3\],9.62µm
_00010_,9.57µm
_00036_,9.57µm
_00171_,9.57µm
_00317_,9.57µm
_00329_,9.57µm
_00387_,9.57µm
_00484_,9.57µm
_00562_,9.57µm
_00572_,9.57µm
_00586_,9.57µm
_00606_,9.57µm
_00660_,9.57µm
_00706_,9.57µm
_00732_,9.57µm
_00806_,9.57µm
_00958_,9.57µm
_01012_,9.57µm
_01027_,9.57µm
_01111_,9.57µm
_01188_,9.57µm
_01234_,9.57µm
_01244_,9.57µm
_01332_,9.57µm
_01399_,9.57µm
_01440_,9.57µm
_01520_,9.57µm
_01521_,9.57µm
_01598_,9.57µm
_01676_,9.57µm
_01703_,9.57µm
_01709_,9.57µm
_01769_,9.57µm
_01845_,9.57µm
_01883_,9.57µm
_02087_,9.57µm
_02388_,9.57µm
_02457_,9.57µm
_02772_,9.57µm
_02879_,9.57µm
_03064_,9.57µm
_03098_,9.57µm
_03278_,9.57µm
_03463_,9.57µm
_03644_,9.57µm
_03664_,9.57µm
_03749_,9.57µm
_03832_,9.57µm
_04491_,9.57µm
_04511_,9.57µm
_04606_,9.57µm
_04767_,9.57µm
_04866_,9.57µm
_05151_,9.57µm
_05154_,9.57µm
_05274_,9.57µm
_05346_,9.57µm
_05540_,9.57µm
_05671_,9.57µm
_05708_,9.57µm
_05991_,9.57µm
_06352_,9.57µm
_06466_,9.57µm
_06476_,9.57µm
_06541_,9.57µm
_06608_,9.57µm
_06682_,9.57µm
_06688_,9.57µm
_06769_,9.57µm
_07058_,9.57µm
_07154_,9.57µm
_07155_,9.57µm
_07283_,9.57µm
_07457_,9.57µm
_07606_,9.57µm
_07645_,9.57µm
_07953_,9.57µm
_08099_,9.57µm
_08139_,9.57µm
_08192_,9.57µm
_08342_,9.57µm
_08434_,9.57µm
_08443_,9.57µm
_08457_,9.57µm
u_transform_scheduler_core.mod_x0_i\[10\],9.57µm
u_transform_scheduler_core.mod_x0_i\[11\],9.57µm
u_transform_scheduler_core.u_fft_scratch_sram.saved_wdata\[19\],9.57µm
_01855_,9.54µm
_00048_,9.52µm
_00119_,9.52µm
_00142_,9.52µm
_00176_,9.52µm
_00262_,9.52µm
_00265_,9.52µm
_00321_,9.52µm
_00322_,9.52µm
_00340_,9.52µm
_00371_,9.52µm
_00394_,9.52µm
_00430_,9.52µm
_00467_,9.52µm
_00560_,9.52µm
_00659_,9.52µm
_00685_,9.52µm
_00695_,9.52µm
_00707_,9.52µm
_00744_,9.52µm
_00805_,9.52µm
_00855_,9.52µm
_00857_,9.52µm
_00858_,9.52µm
_00885_,9.52µm
_00901_,9.52µm
_00919_,9.52µm
_00921_,9.52µm
_00983_,9.52µm
_01056_,9.52µm
_01158_,9.52µm
_01172_,9.52µm
_01216_,9.52µm
_01323_,9.52µm
_01344_,9.52µm
_01377_,9.52µm
_01402_,9.52µm
_01454_,9.52µm
_01492_,9.52µm
_01574_,9.52µm
_01635_,9.52µm
_01655_,9.52µm
_01753_,9.52µm
_01802_,9.52µm
_01878_,9.52µm
_01897_,9.52µm
_01959_,9.52µm
_01968_,9.52µm
_01983_,9.52µm
_01984_,9.52µm
_01993_,9.52µm
_02360_,9.52µm
_02501_,9.52µm
_02539_,9.52µm
_02543_,9.52µm
_02711_,9.52µm
_02738_,9.52µm
_02740_,9.52µm
_02770_,9.52µm
_02881_,9.52µm
_02915_,9.52µm
_02921_,9.52µm
_02922_,9.52µm
_02929_,9.52µm
_02936_,9.52µm
_02958_,9.52µm
_02959_,9.52µm
_02994_,9.52µm
_03079_,9.52µm
_03147_,9.52µm
_03285_,9.52µm
_03295_,9.52µm
_03319_,9.52µm
_03397_,9.52µm
_03526_,9.52µm
_03607_,9.52µm
_03666_,9.52µm
_03776_,9.52µm
_03814_,9.52µm
_03858_,9.52µm
_04121_,9.52µm
_04409_,9.52µm
_04420_,9.52µm
_04457_,9.52µm
_04578_,9.52µm
_04587_,9.52µm
_04622_,9.52µm
_04695_,9.52µm
_04906_,9.52µm
_04912_,9.52µm
_04938_,9.52µm
_05037_,9.52µm
_05049_,9.52µm
_05056_,9.52µm
_05118_,9.52µm
_05162_,9.52µm
_05172_,9.52µm
_05213_,9.52µm
_05220_,9.52µm
_05451_,9.52µm
_05465_,9.52µm
_05487_,9.52µm
_05541_,9.52µm
_05584_,9.52µm
_05587_,9.52µm
_05621_,9.52µm
_05634_,9.52µm
_05652_,9.52µm
_05702_,9.52µm
_05704_,9.52µm
_05740_,9.52µm
_05755_,9.52µm
_05777_,9.52µm
_05784_,9.52µm
_05812_,9.52µm
_05909_,9.52µm
_06143_,9.52µm
_06189_,9.52µm
_06201_,9.52µm
_06237_,9.52µm
_06385_,9.52µm
_06406_,9.52µm
_06506_,9.52µm
_06521_,9.52µm
_06531_,9.52µm
_06572_,9.52µm
_06622_,9.52µm
_06642_,9.52µm
_06649_,9.52µm
_06654_,9.52µm
_06683_,9.52µm
_06684_,9.52µm
_06687_,9.52µm
_06764_,9.52µm
_06774_,9.52µm
_06930_,9.52µm
_06964_,9.52µm
_06970_,9.52µm
_07246_,9.52µm
_07248_,9.52µm
_07274_,9.52µm
_07349_,9.52µm
_07416_,9.52µm
_07510_,9.52µm
_07617_,9.52µm
_07633_,9.52µm
_07644_,9.52µm
_07648_,9.52µm
_07660_,9.52µm
_07677_,9.52µm
_07716_,9.52µm
_07720_,9.52µm
_07884_,9.52µm
_07984_,9.52µm
_08248_,9.52µm
_08327_,9.52µm
_08433_,9.52µm
_08454_,9.52µm
_08462_,9.52µm
_08659_,9.52µm
_08753_,9.52µm
_08774_,9.52µm
u_transform_scheduler_core.tx_dft12_hold_i\[0\]\[14\],9.52µm
u_transform_scheduler_core.u_fft128_modulo_controller.pending_valid,9.52µm
clk_regs,9.52µm
_07156_,9.11µm
_07201_,9.11µm
_07940_,9.11µm
_02306_,9.06µm
_03071_,9.06µm
_03137_,9.06µm
_03734_,9.06µm
_03902_,9.06µm
_04345_,9.06µm
_04373_,9.06µm
_04454_,9.06µm
_04916_,9.06µm
_05885_,9.06µm
_06230_,9.06µm
_06694_,9.06µm
_06796_,9.06µm
_07040_,9.06µm
_07232_,9.06µm
_07478_,9.06µm
_07691_,9.06µm
_07769_,9.06µm
_08228_,9.06µm
_08608_,9.06µm
u_transform_scheduler_core.tx_dft12_hold_i\[1\]\[12\],9.06µm
_00031_,9.01µm
_00061_,9.01µm
_00143_,9.01µm
_00260_,9.01µm
_00324_,9.01µm
_00457_,9.01µm
_00579_,9.01µm
_00593_,9.01µm
_00730_,9.01µm
_00825_,9.01µm
_00932_,9.01µm
_00935_,9.01µm
_01011_,9.01µm
_01051_,9.01µm
_01052_,9.01µm
_01101_,9.01µm
_01203_,9.01µm
_01225_,9.01µm
_01278_,9.01µm
_01395_,9.01µm
_01562_,9.01µm
_01639_,9.01µm
_01641_,9.01µm
_01830_,9.01µm
_01896_,9.01µm
_01973_,9.01µm
_02701_,9.01µm
_02739_,9.01µm
_02853_,9.01µm
_02877_,9.01µm
_02892_,9.01µm
_02912_,9.01µm
_03264_,9.01µm
_03435_,9.01µm
_03554_,9.01µm
_03650_,9.01µm
_04235_,9.01µm
_04601_,9.01µm
_04987_,9.01µm
_05001_,9.01µm
_05042_,9.01µm
_05066_,9.01µm
_05116_,9.01µm
_05262_,9.01µm
_05376_,9.01µm
_05476_,9.01µm
_05480_,9.01µm
_05651_,9.01µm
_05684_,9.01µm
_05720_,9.01µm
_05821_,9.01µm
_05864_,9.01µm
_05970_,9.01µm
_06165_,9.01µm
_06182_,9.01µm
_06240_,9.01µm
_06248_,9.01µm
_06341_,9.01µm
_06771_,9.01µm
_07127_,9.01µm
_07190_,9.01µm
_07195_,9.01µm
_07200_,9.01µm
_07261_,9.01µm
_07846_,9.01µm
_07851_,9.01µm
_07873_,9.01µm
_08463_,9.01µm
_08848_,9.01µm
u_transform_scheduler_core.tx_dft12_hold_q\[1\]\[6\],9.01µm
_00020_,8.96µm
_00030_,8.96µm
_00033_,8.96µm
_00069_,8.96µm
_00075_,8.96µm
_00082_,8.96µm
_00136_,8.96µm
_00183_,8.96µm
_00185_,8.96µm
_00226_,8.96µm
_00261_,8.96µm
_00284_,8.96µm
_00298_,8.96µm
_00362_,8.96µm
_00448_,8.96µm
_00578_,8.96µm
_00612_,8.96µm
_00617_,8.96µm
_00643_,8.96µm
_00728_,8.96µm
_00768_,8.96µm
_00776_,8.96µm
_00809_,8.96µm
_00832_,8.96µm
_00847_,8.96µm
_00863_,8.96µm
_00867_,8.96µm
_00905_,8.96µm
_00961_,8.96µm
_01007_,8.96µm
_01053_,8.96µm
_01194_,8.96µm
_01250_,8.96µm
_01306_,8.96µm
_01389_,8.96µm
_01437_,8.96µm
_01511_,8.96µm
_01572_,8.96µm
_01636_,8.96µm
_01638_,8.96µm
_01652_,8.96µm
_01680_,8.96µm
_01711_,8.96µm
_01724_,8.96µm
_01755_,8.96µm
_01781_,8.96µm
_01951_,8.96µm
_01955_,8.96µm
_01962_,8.96µm
_02001_,8.96µm
_02012_,8.96µm
_02041_,8.96µm
_02056_,8.96µm
_02060_,8.96µm
_02178_,8.96µm
_02206_,8.96µm
_02233_,8.96µm
_02235_,8.96µm
_02286_,8.96µm
_02352_,8.96µm
_02415_,8.96µm
_02418_,8.96µm
_02637_,8.96µm
_02648_,8.96µm
_02723_,8.96µm
_02727_,8.96µm
_02731_,8.96µm
_02801_,8.96µm
_02864_,8.96µm
_02964_,8.96µm
_02968_,8.96µm
_03006_,8.96µm
_03023_,8.96µm
_03060_,8.96µm
_03063_,8.96µm
_03073_,8.96µm
_03078_,8.96µm
_03122_,8.96µm
_03185_,8.96µm
_03262_,8.96µm
_03276_,8.96µm
_03325_,8.96µm
_03499_,8.96µm
_03523_,8.96µm
_03529_,8.96µm
_03558_,8.96µm
_03620_,8.96µm
_03737_,8.96µm
_03967_,8.96µm
_04015_,8.96µm
_04258_,8.96µm
_04472_,8.96µm
_04684_,8.96µm
_04995_,8.96µm
_05065_,8.96µm
_05100_,8.96µm
_05108_,8.96µm
_05221_,8.96µm
_05227_,8.96µm
_05269_,8.96µm
_05333_,8.96µm
_05433_,8.96µm
_05517_,8.96µm
_05616_,8.96µm
_05640_,8.96µm
_05728_,8.96µm
_05830_,8.96µm
_05857_,8.96µm
_05863_,8.96µm
_06124_,8.96µm
_06139_,8.96µm
_06144_,8.96µm
_06168_,8.96µm
_06193_,8.96µm
_06214_,8.96µm
_06236_,8.96µm
_06257_,8.96µm
_06394_,8.96µm
_06504_,8.96µm
_06536_,8.96µm
_06690_,8.96µm
_06728_,8.96µm
_06791_,8.96µm
_06792_,8.96µm
_06797_,8.96µm
_06830_,8.96µm
_06889_,8.96µm
_06978_,8.96µm
_06981_,8.96µm
_07112_,8.96µm
_07116_,8.96µm
_07269_,8.96µm
_07294_,8.96µm
_07346_,8.96µm
_07415_,8.96µm
_07523_,8.96µm
_07608_,8.96µm
_07624_,8.96µm
_07670_,8.96µm
_07671_,8.96µm
_07694_,8.96µm
_07702_,8.96µm
_07782_,8.96µm
_07790_,8.96µm
_07835_,8.96µm
_07938_,8.96µm
_07952_,8.96µm
_08140_,8.96µm
_08310_,8.96µm
_08351_,8.96µm
_08436_,8.96µm
_08439_,8.96µm
_08554_,8.96µm
_08619_,8.96µm
_08677_,8.96µm
_08695_,8.96µm
_08727_,8.96µm
_08765_,8.96µm
dout[6],8.82µm
_03044_,8.68µm
_08150_,8.55µm
_05644_,8.53µm
_02318_,8.5µm
_02420_,8.5µm
_02572_,8.5µm
_03018_,8.5µm
_03453_,8.5µm
_03613_,8.5µm
_03642_,8.5µm
_04180_,8.5µm
_04356_,8.5µm
_05384_,8.5µm
_06159_,8.5µm
_06464_,8.5µm
_08319_,8.5µm
_08808_,8.5µm
u_transform_scheduler_core.u_fft128_modulo_controller.state\[0\],8.5µm
u_transform_scheduler_core.u_mixed_radix_butterfly.premultiply_input_q_reg\[8\],8.5µm
_00026_,8.45µm
_00073_,8.45µm
_00080_,8.45µm
_00205_,8.45µm
_00221_,8.45µm
_00392_,8.45µm
_00470_,8.45µm
_00495_,8.45µm
_00529_,8.45µm
_00540_,8.45µm
_00574_,8.45µm
_00631_,8.45µm
_00705_,8.45µm
_00709_,8.45µm
_00713_,8.45µm
_00835_,8.45µm
_00987_,8.45µm
_01047_,8.45µm
_01088_,8.45µm
_01119_,8.45µm
_01167_,8.45µm
_01195_,8.45µm
_01232_,8.45µm
_01281_,8.45µm
_01392_,8.45µm
_01404_,8.45µm
_01552_,8.45µm
_01568_,8.45µm
_01569_,8.45µm
_01596_,8.45µm
_01620_,8.45µm
_01653_,8.45µm
_01667_,8.45µm
_01686_,8.45µm
_01728_,8.45µm
_01788_,8.45µm
_01837_,8.45µm
_01856_,8.45µm
_01920_,8.45µm
_01922_,8.45µm
_01933_,8.45µm
_01996_,8.45µm
_02061_,8.45µm
_02110_,8.45µm
_02205_,8.45µm
_02207_,8.45µm
_02279_,8.45µm
_02710_,8.45µm
_02873_,8.45µm
_02905_,8.45µm
_03048_,8.45µm
_03474_,8.45µm
_03501_,8.45µm
_03509_,8.45µm
_03572_,8.45µm
_03648_,8.45µm
_03822_,8.45µm
_04525_,8.45µm
_04546_,8.45µm
_04585_,8.45µm
_04630_,8.45µm
_04679_,8.45µm
_04735_,8.45µm
_04743_,8.45µm
_04785_,8.45µm
_04825_,8.45µm
_04929_,8.45µm
_04971_,8.45µm
_04992_,8.45µm
_05110_,8.45µm
_05417_,8.45µm
_05419_,8.45µm
_05464_,8.45µm
_05549_,8.45µm
_05619_,8.45µm
_05712_,8.45µm
_05783_,8.45µm
_06046_,8.45µm
_06071_,8.45µm
_06353_,8.45µm
_06407_,8.45µm
_06522_,8.45µm
_06660_,8.45µm
_06813_,8.45µm
_06836_,8.45µm
_06920_,8.45µm
_07027_,8.45µm
_07074_,8.45µm
_07229_,8.45µm
_07236_,8.45µm
_07371_,8.45µm
_07390_,8.45µm
_07429_,8.45µm
_07686_,8.45µm
_07781_,8.45µm
_07784_,8.45µm
_08027_,8.45µm
_08067_,8.45µm
_08615_,8.45µm
_08723_,8.45µm
_08780_,8.45µm
_08825_,8.45µm
u_transform_scheduler_core.rx_small_x1_q\[7\],8.45µm
_00009_,8.4µm
_00070_,8.4µm
_00194_,8.4µm
_00289_,8.4µm
_00293_,8.4µm
_00295_,8.4µm
_00332_,8.4µm
_00337_,8.4µm
_00454_,8.4µm
_00462_,8.4µm
_00468_,8.4µm
_00475_,8.4µm
_00497_,8.4µm
_00515_,8.4µm
_00599_,8.4µm
_00614_,8.4µm
_00644_,8.4µm
_00714_,8.4µm
_00903_,8.4µm
_00959_,8.4µm
_01009_,8.4µm
_01021_,8.4µm
_01039_,8.4µm
_01066_,8.4µm
_01168_,8.4µm
_01231_,8.4µm
_01411_,8.4µm
_01412_,8.4µm
_01460_,8.4µm
_01500_,8.4µm
_01532_,8.4µm
_01573_,8.4µm
_01607_,8.4µm
_01608_,8.4µm
_01700_,8.4µm
_01914_,8.4µm
_01926_,8.4µm
_01950_,8.4µm
_01977_,8.4µm
_01991_,8.4µm
_02313_,8.4µm
_02343_,8.4µm
_02623_,8.4µm
_02659_,8.4µm
_02682_,8.4µm
_02721_,8.4µm
_02750_,8.4µm
_02754_,8.4µm
_02769_,8.4µm
_02858_,8.4µm
_02949_,8.4µm
_02957_,8.4µm
_03005_,8.4µm
_03028_,8.4µm
_03068_,8.4µm
_03176_,8.4µm
_03210_,8.4µm
_03227_,8.4µm
_03313_,8.4µm
_03324_,8.4µm
_03420_,8.4µm
_03467_,8.4µm
_03502_,8.4µm
_03583_,8.4µm
_03635_,8.4µm
_03662_,8.4µm
_03671_,8.4µm
_03921_,8.4µm
_03963_,8.4µm
_04626_,8.4µm
_04818_,8.4µm
_04960_,8.4µm
_05000_,8.4µm
_05005_,8.4µm
_05111_,8.4µm
_05130_,8.4µm
_05254_,8.4µm
_05457_,8.4µm
_05470_,8.4µm
_05547_,8.4µm
_05734_,8.4µm
_05827_,8.4µm
_05890_,8.4µm
_06225_,8.4µm
_06366_,8.4µm
_06465_,8.4µm
_06478_,8.4µm
_06534_,8.4µm
_06592_,8.4µm
_07125_,8.4µm
_07128_,8.4µm
_07157_,8.4µm
_07304_,8.4µm
_07326_,8.4µm
_07338_,8.4µm
_07631_,8.4µm
_07699_,8.4µm
_07712_,8.4µm
_07771_,8.4µm
_07783_,8.4µm
_07843_,8.4µm
_07880_,8.4µm
_07918_,8.4µm
_07932_,8.4µm
_07965_,8.4µm
_07989_,8.4µm
_08079_,8.4µm
_08106_,8.4µm
_08117_,8.4µm
_08200_,8.4µm
_08339_,8.4µm
_08533_,8.4µm
_08691_,8.4µm
_08806_,8.4µm
_00277_,8.34µm
_06215_,8.34µm
_06235_,8.1µm
_04469_,7.99µm
_07437_,7.99µm
_07886_,7.99µm
_06049_,7.97µm
_02381_,7.94µm
_02394_,7.94µm
_02654_,7.94µm
_03365_,7.94µm
_03419_,7.94µm
_03505_,7.94µm
_03679_,7.94µm
_03914_,7.94µm
_04032_,7.94µm
_04063_,7.94µm
_04292_,7.94µm
_05329_,7.94µm
_05345_,7.94µm
_05718_,7.94µm
_05807_,7.94µm
_06134_,7.94µm
_06181_,7.94µm
_06184_,7.94µm
_06356_,7.94µm
_06520_,7.94µm
_06604_,7.94µm
_08113_,7.94µm
_08167_,7.94µm
_08356_,7.94µm
_08562_,7.94µm
_08661_,7.94µm
_00023_,7.89µm
_00045_,7.89µm
_00111_,7.89µm
_00147_,7.89µm
_00278_,7.89µm
_00281_,7.89µm
_00297_,7.89µm
_00318_,7.89µm
_00323_,7.89µm
_00360_,7.89µm
_00373_,7.89µm
_00375_,7.89µm
_00407_,7.89µm
_00458_,7.89µm
_00530_,7.89µm
_00541_,7.89µm
_00570_,7.89µm
_00587_,7.89µm
_00696_,7.89µm
_00718_,7.89µm
_00743_,7.89µm
_00759_,7.89µm
_00802_,7.89µm
_00804_,7.89µm
_00829_,7.89µm
_00850_,7.89µm
_00873_,7.89µm
_00876_,7.89µm
_00889_,7.89µm
_00942_,7.89µm
_00948_,7.89µm
_00951_,7.89µm
_01144_,7.89µm
_01161_,7.89µm
_01223_,7.89µm
_01226_,7.89µm
_01337_,7.89µm
_01354_,7.89µm
_01375_,7.89µm
_01423_,7.89µm
_01449_,7.89µm
_01558_,7.89µm
_01648_,7.89µm
_01657_,7.89µm
_01678_,7.89µm
_01691_,7.89µm
_01736_,7.89µm
_01864_,7.89µm
_01905_,7.89µm
_01907_,7.89µm
_01928_,7.89µm
_01939_,7.89µm
_01967_,7.89µm
_01974_,7.89µm
_02147_,7.89µm
_02380_,7.89µm
_02660_,7.89µm
_02827_,7.89µm
_02909_,7.89µm
_03069_,7.89µm
_03074_,7.89µm
_03218_,7.89µm
_03490_,7.89µm
_04130_,7.89µm
_04527_,7.89µm
_04648_,7.89µm
_04673_,7.89µm
_04836_,7.89µm
_04849_,7.89µm
_04894_,7.89µm
_04979_,7.89µm
_04996_,7.89µm
_05051_,7.89µm
_05095_,7.89µm
_05119_,7.89µm
_05249_,7.89µm
_05515_,7.89µm
_05604_,7.89µm
_05924_,7.89µm
_06093_,7.89µm
_06416_,7.89µm
_06523_,7.89µm
_06657_,7.89µm
_06716_,7.89µm
_06775_,7.89µm
_06781_,7.89µm
_06944_,7.89µm
_07003_,7.89µm
_07051_,7.89µm
_07131_,7.89µm
_07279_,7.89µm
_07357_,7.89µm
_07393_,7.89µm
_07542_,7.89µm
_07628_,7.89µm
_07949_,7.89µm
_08013_,7.89µm
_08151_,7.89µm
_08346_,7.89µm
_08399_,7.89µm
_08465_,7.89µm
_08529_,7.89µm
_08580_,7.89µm
_08686_,7.89µm
_00191_,7.84µm
_00219_,7.84µm
_00291_,7.84µm
_00356_,7.84µm
_00683_,7.84µm
_00748_,7.84µm
_00758_,7.84µm
_00787_,7.84µm
_00790_,7.84µm
_00941_,7.84µm
_00947_,7.84µm
_00991_,7.84µm
_00992_,7.84µm
_00997_,7.84µm
_01153_,7.84µm
_01155_,7.84µm
_01173_,7.84µm
_01230_,7.84µm
_01289_,7.84µm
_01291_,7.84µm
_01297_,7.84µm
_01360_,7.84µm
_01396_,7.84µm
_01416_,7.84µm
_01465_,7.84µm
_01519_,7.84µm
_01556_,7.84µm
_01566_,7.84µm
_01585_,7.84µm
_01610_,7.84µm
_01761_,7.84µm
_01780_,7.84µm
_01898_,7.84µm
_01960_,7.84µm
_02189_,7.84µm
_02404_,7.84µm
_02616_,7.84µm
_02633_,7.84µm
_02641_,7.84µm
_02671_,7.84µm
_02766_,7.84µm
_02903_,7.84µm
_02962_,7.84µm
_02971_,7.84µm
_03271_,7.84µm
_03375_,7.84µm
_04201_,7.84µm
_05022_,7.84µm
_05475_,7.84µm
_05511_,7.84µm
_05525_,7.84µm
_05715_,7.84µm
_05843_,7.84µm
_05934_,7.84µm
_06125_,7.84µm
_06251_,7.84µm
_06429_,7.84µm
_06463_,7.84µm
_06540_,7.84µm
_06912_,7.84µm
_07209_,7.84µm
_07318_,7.84µm
_07382_,7.84µm
_07600_,7.84µm
_08105_,7.84µm
_08286_,7.84µm
_08341_,7.84µm
_08348_,7.84µm
_08488_,7.84µm
_08489_,7.84µm
_08499_,7.84µm
_08507_,7.84µm
_08575_,7.84µm
_08744_,7.84µm
dout[4],7.75µm
_03754_,7.43µm
u_transform_scheduler_core.u_fft_scratch_sram.saved_wdata\[17\],7.43µm
_00145_,7.38µm
_00248_,7.38µm
_00254_,7.38µm
_00351_,7.38µm
_00527_,7.38µm
_01317_,7.38µm
_01432_,7.38µm
_01576_,7.38µm
_01859_,7.38µm
_02547_,7.38µm
_02605_,7.38µm
_02630_,7.38µm
_02767_,7.38µm
_02816_,7.38µm
_03036_,7.38µm
_03301_,7.38µm
_03383_,7.38µm
_03462_,7.38µm
_03527_,7.38µm
_03631_,7.38µm
_03656_,7.38µm
_03665_,7.38µm
_04014_,7.38µm
_04586_,7.38µm
_05091_,7.38µm
_05386_,7.38µm
_05410_,7.38µm
_06169_,7.38µm
_06238_,7.38µm
_06664_,7.38µm
_07581_,7.38µm
_08478_,7.38µm
_00275_,7.35µm
_00034_,7.33µm
_00074_,7.33µm
_00103_,7.33µm
_00189_,7.33µm
_00215_,7.33µm
_00238_,7.33µm
_00272_,7.33µm
_00346_,7.33µm
_00395_,7.33µm
_00439_,7.33µm
_00441_,7.33µm
_00512_,7.33µm
_00603_,7.33µm
_00604_,7.33µm
_00609_,7.33µm
_00693_,7.33µm
_00745_,7.33µm
_00784_,7.33µm
_00827_,7.33µm
_00861_,7.33µm
_00871_,7.33µm
_00888_,7.33µm
_00918_,7.33µm
_00929_,7.33µm
_00930_,7.33µm
_00996_,7.33µm
_01018_,7.33µm
_01041_,7.33µm
_01057_,7.33µm
_01071_,7.33µm
_01075_,7.33µm
_01079_,7.33µm
_01086_,7.33µm
_01115_,7.33µm
_01182_,7.33µm
_01407_,7.33µm
_01462_,7.33µm
_01480_,7.33µm
_01496_,7.33µm
_01597_,7.33µm
_01631_,7.33µm
_01651_,7.33µm
_01666_,7.33µm
_01702_,7.33µm
_01730_,7.33µm
_01746_,7.33µm
_01840_,7.33µm
_01863_,7.33µm
_01874_,7.33µm
_01879_,7.33µm
_01906_,7.33µm
_01921_,7.33µm
_01923_,7.33µm
_01961_,7.33µm
_01997_,7.33µm
_02570_,7.33µm
_02619_,7.33µm
_02889_,7.33µm
_02894_,7.33µm
_02973_,7.33µm
_03055_,7.33µm
_03274_,7.33µm
_03535_,7.33µm
_03536_,7.33µm
_03675_,7.33µm
_03844_,7.33µm
_03868_,7.33µm
_03918_,7.33µm
_04073_,7.33µm
_04225_,7.33µm
_04321_,7.33µm
_04494_,7.33µm
_04566_,7.33µm
_04666_,7.33µm
_04713_,7.33µm
_04720_,7.33µm
_04736_,7.33µm
_04881_,7.33µm
_04942_,7.33µm
_05035_,7.33µm
_05094_,7.33µm
_05211_,7.33µm
_05613_,7.33µm
_05631_,7.33µm
_05870_,7.33µm
_06077_,7.33µm
_06122_,7.33µm
_06314_,7.33µm
_06424_,7.33µm
_06430_,7.33µm
_06822_,7.33µm
_07045_,7.33µm
_07313_,7.33µm
_07413_,7.33µm
_07587_,7.33µm
_07679_,7.33µm
_07816_,7.33µm
_08406_,7.33µm
_08754_,7.33µm
_00041_,7.28µm
_00180_,7.28µm
_00315_,7.28µm
_00347_,7.28µm
_00354_,7.28µm
_00355_,7.28µm
_00399_,7.28µm
_00520_,7.28µm
_00665_,7.28µm
_00687_,7.28µm
_00786_,7.28µm
_00900_,7.28µm
_01044_,7.28µm
_01084_,7.28µm
_01245_,7.28µm
_01247_,7.28µm
_01349_,7.28µm
_01371_,7.28µm
_01476_,7.28µm
_01531_,7.28µm
_01583_,7.28µm
_01592_,7.28µm
_01656_,7.28µm
_01663_,7.28µm
_01767_,7.28µm
_01857_,7.28µm
_01916_,7.28µm
_01917_,7.28µm
_01938_,7.28µm
_02006_,7.28µm
_02099_,7.28µm
_02171_,7.28µm
_02443_,7.28µm
_02677_,7.28µm
_02876_,7.28µm
_03566_,7.28µm
_03861_,7.28µm
_03919_,7.28µm
_04192_,7.28µm
_04455_,7.28µm
_04529_,7.28µm
_04533_,7.28µm
_04700_,7.28µm
_04734_,7.28µm
_04840_,7.28µm
_04918_,7.28µm
_05067_,7.28µm
_05335_,7.28µm
_05478_,7.28µm
_05617_,7.28µm
_05764_,7.28µm
_05834_,7.28µm
_05921_,7.28µm
_05987_,7.28µm
_06031_,7.28µm
_06130_,7.28µm
_06221_,7.28µm
_06439_,7.28µm
_06852_,7.28µm
_06873_,7.28µm
_06985_,7.28µm
_07100_,7.28µm
_07161_,7.28µm
_07444_,7.28µm
_07494_,7.28µm
_07636_,7.28µm
_07762_,7.28µm
_07867_,7.28µm
_07893_,7.28µm
_07951_,7.28µm
_08174_,7.28µm
_08532_,7.28µm
_05395_,7µm
_00259_,6.82µm
_02907_,6.82µm
_03217_,6.82µm
_03293_,6.82µm
_03296_,6.82µm
_03486_,6.82µm
_04376_,6.82µm
_04467_,6.82µm
_04567_,6.82µm
_05363_,6.82µm
_05445_,6.82µm
_05758_,6.82µm
_05893_,6.82µm
_06085_,6.82µm
_06129_,6.82µm
_06650_,6.82µm
_06671_,6.82µm
_06861_,6.82µm
_07244_,6.82µm
_07329_,6.82µm
_07399_,6.82µm
_07898_,6.82µm
_08552_,6.82µm
_00104_,6.77µm
_00138_,6.77µm
_00159_,6.77µm
_00169_,6.77µm
_00173_,6.77µm
_00264_,6.77µm
_00279_,6.77µm
_00303_,6.77µm
_00331_,6.77µm
_00334_,6.77µm
_00509_,6.77µm
_00526_,6.77µm
_00627_,6.77µm
_00639_,6.77µm
_00766_,6.77µm
_00794_,6.77µm
_00818_,6.77µm
_00860_,6.77µm
_00946_,6.77µm
_00960_,6.77µm
_01025_,6.77µm
_01160_,6.77µm
_01197_,6.77µm
_01273_,6.77µm
_01343_,6.77µm
_01347_,6.77µm
_01352_,6.77µm
_01413_,6.77µm
_01452_,6.77µm
_01543_,6.77µm
_01611_,6.77µm
_01628_,6.77µm
_01637_,6.77µm
_01662_,6.77µm
_01748_,6.77µm
_01762_,6.77µm
_01797_,6.77µm
_01828_,6.77µm
_02194_,6.77µm
_02220_,6.77µm
_02239_,6.77µm
_02346_,6.77µm
_02601_,6.77µm
_02607_,6.77µm
_02689_,6.77µm
_02762_,6.77µm
_02976_,6.77µm
_03054_,6.77µm
_03109_,6.77µm
_03136_,6.77µm
_03145_,6.77µm
_03153_,6.77µm
_03216_,6.77µm
_03381_,6.77µm
_03585_,6.77µm
_03586_,6.77µm
_03623_,6.77µm
_04328_,6.77µm
_04450_,6.77µm
_04669_,6.77µm
_04733_,6.77µm
_04963_,6.77µm
_04966_,6.77µm
_05112_,6.77µm
_05257_,6.77µm
_05310_,6.77µm
_05508_,6.77µm
_05570_,6.77µm
_05663_,6.77µm
_05668_,6.77µm
_05937_,6.77µm
_05977_,6.77µm
_06057_,6.77µm
_06088_,6.77µm
_06104_,6.77µm
_06110_,6.77µm
_06123_,6.77µm
_06180_,6.77µm
_06234_,6.77µm
_06299_,6.77µm
_06310_,6.77µm
_06381_,6.77µm
_06543_,6.77µm
_06589_,6.77µm
_06759_,6.77µm
_06787_,6.77µm
_06921_,6.77µm
_07052_,6.77µm
_07063_,6.77µm
_07168_,6.77µm
_07170_,6.77µm
_07465_,6.77µm
_07841_,6.77µm
_07983_,6.77µm
_08264_,6.77µm
_08567_,6.77µm
u_transform_scheduler_core.rx_state\[10\],6.77µm
_00002_,6.72µm
_00029_,6.72µm
_00042_,6.72µm
_00050_,6.72µm
_00239_,6.72µm
_00240_,6.72µm
_00282_,6.72µm
_00292_,6.72µm
_00296_,6.72µm
_00316_,6.72µm
_00320_,6.72µm
_00341_,6.72µm
_00456_,6.72µm
_00486_,6.72µm
_00518_,6.72µm
_00522_,6.72µm
_00565_,6.72µm
_00611_,6.72µm
_00703_,6.72µm
_00724_,6.72µm
_00725_,6.72µm
_00756_,6.72µm
_00841_,6.72µm
_00843_,6.72µm
_00965_,6.72µm
_01002_,6.72µm
_01054_,6.72µm
_01080_,6.72µm
_01105_,6.72µm
_01148_,6.72µm
_01176_,6.72µm
_01189_,6.72µm
_01215_,6.72µm
_01246_,6.72µm
_01299_,6.72µm
_01450_,6.72µm
_01495_,6.72µm
_01534_,6.72µm
_01555_,6.72µm
_01609_,6.72µm
_01614_,6.72µm
_01615_,6.72µm
_01642_,6.72µm
_01684_,6.72µm
_01704_,6.72µm
_01744_,6.72µm
_01783_,6.72µm
_01924_,6.72µm
_01929_,6.72µm
_01934_,6.72µm
_01942_,6.72µm
_02419_,6.72µm
_02563_,6.72µm
_02795_,6.72µm
_02817_,6.72µm
_02825_,6.72µm
_02844_,6.72µm
_02860_,6.72µm
_02946_,6.72µm
_03045_,6.72µm
_03187_,6.72µm
_03329_,6.72µm
_03337_,6.72µm
_03441_,6.72µm
_03573_,6.72µm
_04325_,6.72µm
_04421_,6.72µm
_04569_,6.72µm
_04693_,6.72µm
_04856_,6.72µm
_05018_,6.72µm
_05030_,6.72µm
_05068_,6.72µm
_05096_,6.72µm
_05144_,6.72µm
_05177_,6.72µm
_05181_,6.72µm
_05484_,6.72µm
_05485_,6.72µm
_05733_,6.72µm
_05750_,6.72µm
_05810_,6.72µm
_06094_,6.72µm
_06799_,6.72µm
_06818_,6.72µm
_06819_,6.72µm
_06858_,6.72µm
_06875_,6.72µm
_06977_,6.72µm
_07174_,6.72µm
_07340_,6.72µm
_07529_,6.72µm
_07674_,6.72µm
_07678_,6.72µm
_07899_,6.72µm
_07969_,6.72µm
_08169_,6.72µm
_08364_,6.72µm
_08411_,6.72µm
_08429_,6.72µm
_08459_,6.72µm
_08475_,6.72µm
_08578_,6.72µm
_08640_,6.72µm
_08662_,6.72µm
_08783_,6.72µm
_08788_,6.72µm
_08796_,6.72µm
_00105_,6.26µm
_00148_,6.26µm
_00428_,6.26µm
_00896_,6.26µm
_01274_,6.26µm
_01300_,6.26µm
_01394_,6.26µm
_01410_,6.26µm
_01530_,6.26µm
_01627_,6.26µm
_01832_,6.26µm
_02399_,6.26µm
_02487_,6.26µm
_02634_,6.26µm
_02715_,6.26µm
_02809_,6.26µm
_02823_,6.26µm
_02832_,6.26µm
_02930_,6.26µm
_02975_,6.26µm
_02987_,6.26µm
_03058_,6.26µm
_03175_,6.26µm
_03261_,6.26µm
_03970_,6.26µm
_04016_,6.26µm
_04106_,6.26µm
_04846_,6.26µm
_05009_,6.26µm
_05070_,6.26µm
_05153_,6.26µm
_05328_,6.26µm
_05408_,6.26µm
_05735_,6.26µm
_05818_,6.26µm
_06040_,6.26µm
_06167_,6.26µm
_06573_,6.26µm
_06721_,6.26µm
_07572_,6.26µm
_07789_,6.26µm
_07797_,6.26µm
_07811_,6.26µm
_08326_,6.26µm
_00012_,6.21µm
_00072_,6.21µm
_00117_,6.21µm
_00165_,6.21µm
_00270_,6.21µm
_00368_,6.21µm
_00408_,6.21µm
_00453_,6.21µm
_00564_,6.21µm
_00602_,6.21µm
_00613_,6.21µm
_00698_,6.21µm
_00701_,6.21µm
_00722_,6.21µm
_00763_,6.21µm
_00764_,6.21µm
_00780_,6.21µm
_00785_,6.21µm
_00828_,6.21µm
_00945_,6.21µm
_00962_,6.21µm
_01045_,6.21µm
_01163_,6.21µm
_01174_,6.21µm
_01256_,6.21µm
_01453_,6.21µm
_01483_,6.21µm
_01503_,6.21µm
_01595_,6.21µm
_01618_,6.21µm
_01683_,6.21µm
_01715_,6.21µm
_01764_,6.21µm
_01818_,6.21µm
_01871_,6.21µm
_01894_,6.21µm
_02103_,6.21µm
_02201_,6.21µm
_02337_,6.21µm
_02350_,6.21µm
_02489_,6.21µm
_02678_,6.21µm
_02835_,6.21µm
_02874_,6.21µm
_03066_,6.21µm
_03299_,6.21µm
_03351_,6.21µm
_03449_,6.21µm
_03504_,6.21µm
_03646_,6.21µm
_04267_,6.21µm
_04313_,6.21µm
_04627_,6.21µm
_04748_,6.21µm
_04809_,6.21µm
_05358_,6.21µm
_05387_,6.21µm
_05583_,6.21µm
_05793_,6.21µm
_05797_,6.21µm
_05968_,6.21µm
_06249_,6.21µm
_06258_,6.21µm
_06382_,6.21µm
_06477_,6.21µm
_06481_,6.21µm
_06867_,6.21µm
_06982_,6.21µm
_07050_,6.21µm
_07062_,6.21µm
_07336_,6.21µm
_07577_,6.21µm
_07706_,6.21µm
_07812_,6.21µm
_08708_,6.21µm
_00018_,6.16µm
_00051_,6.16µm
_00076_,6.16µm
_00114_,6.16µm
_00144_,6.16µm
_00154_,6.16µm
_00198_,6.16µm
_00206_,6.16µm
_00229_,6.16µm
_00251_,6.16µm
_00255_,6.16µm
_00299_,6.16µm
_00348_,6.16µm
_00364_,6.16µm
_00374_,6.16µm
_00390_,6.16µm
_00471_,6.16µm
_00507_,6.16µm
_00567_,6.16µm
_00739_,6.16µm
_00761_,6.16µm
_00816_,6.16µm
_00848_,6.16µm
_00970_,6.16µm
_01022_,6.16µm
_01023_,6.16µm
_01034_,6.16µm
_01035_,6.16µm
_01065_,6.16µm
_01087_,6.16µm
_01102_,6.16µm
_01129_,6.16µm
_01138_,6.16µm
_01147_,6.16µm
_01192_,6.16µm
_01259_,6.16µm
_01276_,6.16µm
_01277_,6.16µm
_01285_,6.16µm
_01316_,6.16µm
_01320_,6.16µm
_01351_,6.16µm
_01406_,6.16µm
_01446_,6.16µm
_01550_,6.16µm
_01587_,6.16µm
_01599_,6.16µm
_01692_,6.16µm
_01713_,6.16µm
_01739_,6.16µm
_01741_,6.16µm
_01823_,6.16µm
_01876_,6.16µm
_01908_,6.16µm
_01945_,6.16µm
_01949_,6.16µm
_02137_,6.16µm
_02241_,6.16µm
_02339_,6.16µm
_02379_,6.16µm
_02458_,6.16µm
_02578_,6.16µm
_02886_,6.16µm
_02928_,6.16µm
_02944_,6.16µm
_03244_,6.16µm
_03459_,6.16µm
_03484_,6.16µm
_03578_,6.16µm
_03819_,6.16µm
_04096_,6.16µm
_04516_,6.16µm
_04589_,6.16µm
_04599_,6.16µm
_04604_,6.16µm
_04701_,6.16µm
_04865_,6.16µm
_04876_,6.16µm
_05183_,6.16µm
_05407_,6.16µm
_05481_,6.16µm
_05554_,6.16µm
_05606_,6.16µm
_05646_,6.16µm
_05779_,6.16µm
_06019_,6.16µm
_06137_,6.16µm
_06247_,6.16µm
_06423_,6.16µm
_06443_,6.16µm
_06467_,6.16µm
_06483_,6.16µm
_06500_,6.16µm
_06556_,6.16µm
_06632_,6.16µm
_06635_,6.16µm
_06677_,6.16µm
_06705_,6.16µm
_06931_,6.16µm
_06991_,6.16µm
_07036_,6.16µm
_07087_,6.16µm
_07214_,6.16µm
_07253_,6.16µm
_07282_,6.16µm
_07355_,6.16µm
_07513_,6.16µm
_07538_,6.16µm
_07591_,6.16µm
_07595_,6.16µm
_07649_,6.16µm
_07690_,6.16µm
_07734_,6.16µm
_07948_,6.16µm
_08036_,6.16µm
_08544_,6.16µm
_08574_,6.16µm
_08771_,6.16µm
_06518_,6.1µm
_02240_,5.93µm
_01737_,5.88µm
_04677_,5.75µm
_01549_,5.7µm
_02017_,5.7µm
_02043_,5.7µm
_02108_,5.7µm
_02112_,5.7µm
_02124_,5.7µm
_02284_,5.7µm
_03384_,5.7µm
_03385_,5.7µm
_03472_,5.7µm
_03907_,5.7µm
_03912_,5.7µm
_04737_,5.7µm
_04814_,5.7µm
_04852_,5.7µm
_04871_,5.7µm
_04920_,5.7µm
_04925_,5.7µm
_05038_,5.7µm
_05069_,5.7µm
_05115_,5.7µm
_05539_,5.7µm
_05767_,5.7µm
_05871_,5.7µm
_05985_,5.7µm
_06065_,5.7µm
_06155_,5.7µm
_06590_,5.7µm
_06824_,5.7µm
_06888_,5.7µm
_07121_,5.7µm
_07215_,5.7µm
_07333_,5.7µm
_07367_,5.7µm
_07627_,5.7µm
_07794_,5.7µm
_07894_,5.7µm
_08087_,5.7µm
_08134_,5.7µm
_08353_,5.7µm
_08369_,5.7µm
_08602_,5.7µm
_00017_,5.65µm
_00086_,5.65µm
_00396_,5.65µm
_00422_,5.65µm
_00425_,5.65µm
_00477_,5.65µm
_00519_,5.65µm
_00563_,5.65µm
_00616_,5.65µm
_00654_,5.65µm
_00822_,5.65µm
_01106_,5.65µm
_01130_,5.65µm
_01150_,5.65µm
_01326_,5.65µm
_01434_,5.65µm
_01580_,5.65µm
_01630_,5.65µm
_01854_,5.65µm
_01882_,5.65µm
_01978_,5.65µm
_01988_,5.65µm
_01989_,5.65µm
_02310_,5.65µm
_02366_,5.65µm
_02370_,5.65µm
_02673_,5.65µm
_02918_,5.65µm
_03004_,5.65µm
_03277_,5.65µm
_03969_,5.65µm
_04228_,5.65µm
_04238_,5.65µm
_04442_,5.65µm
_04445_,5.65µm
_04831_,5.65µm
_04908_,5.65µm
_04993_,5.65µm
_05134_,5.65µm
_05182_,5.65µm
_05561_,5.65µm
_05820_,5.65µm
_06058_,5.65µm
_06185_,5.65µm
_06268_,5.65µm
_06277_,5.65µm
_06315_,5.65µm
_06579_,5.65µm
_06655_,5.65µm
_06706_,5.65µm
_06785_,5.65µm
_07570_,5.65µm
_07573_,5.65µm
_07614_,5.65µm
_08263_,5.65µm
_08378_,5.65µm
_08684_,5.65µm
_08711_,5.65µm
_00006_,5.6µm
_00013_,5.6µm
_00015_,5.6µm
_00040_,5.6µm
_00043_,5.6µm
_00095_,5.6µm
_00152_,5.6µm
_00168_,5.6µm
_00177_,5.6µm
_00199_,5.6µm
_00208_,5.6µm
_00212_,5.6µm
_00214_,5.6µm
_00217_,5.6µm
_00223_,5.6µm
_00227_,5.6µm
_00243_,5.6µm
_00257_,5.6µm
_00283_,5.6µm
_00305_,5.6µm
_00319_,5.6µm
_00359_,5.6µm
_00366_,5.6µm
_00383_,5.6µm
_00393_,5.6µm
_00411_,5.6µm
_00455_,5.6µm
_00474_,5.6µm
_00480_,5.6µm
_00485_,5.6µm
_00488_,5.6µm
_00492_,5.6µm
_00499_,5.6µm
_00551_,5.6µm
_00552_,5.6µm
_00607_,5.6µm
_00637_,5.6µm
_00640_,5.6µm
_00642_,5.6µm
_00652_,5.6µm
_00662_,5.6µm
_00663_,5.6µm
_00694_,5.6µm
_00729_,5.6µm
_00849_,5.6µm
_00866_,5.6µm
_00878_,5.6µm
_00926_,5.6µm
_00944_,5.6µm
_00955_,5.6µm
_00969_,5.6µm
_01016_,5.6µm
_01020_,5.6µm
_01049_,5.6µm
_01062_,5.6µm
_01117_,5.6µm
_01125_,5.6µm
_01131_,5.6µm
_01136_,5.6µm
_01183_,5.6µm
_01184_,5.6µm
_01219_,5.6µm
_01240_,5.6µm
_01243_,5.6µm
_01251_,5.6µm
_01260_,5.6µm
_01275_,5.6µm
_01287_,5.6µm
_01309_,5.6µm
_01322_,5.6µm
_01359_,5.6µm
_01367_,5.6µm
_01376_,5.6µm
_01426_,5.6µm
_01439_,5.6µm
_01441_,5.6µm
_01448_,5.6µm
_01486_,5.6µm
_01498_,5.6µm
_01514_,5.6µm
_01524_,5.6µm
_01533_,5.6µm
_01538_,5.6µm
_01544_,5.6µm
_01546_,5.6µm
_01561_,5.6µm
_01606_,5.6µm
_01647_,5.6µm
_01650_,5.6µm
_01670_,5.6µm
_01679_,5.6µm
_01698_,5.6µm
_01725_,5.6µm
_01745_,5.6µm
_01831_,5.6µm
_01881_,5.6µm
_01901_,5.6µm
_01902_,5.6µm
_01910_,5.6µm
_01919_,5.6µm
_01941_,5.6µm
_01948_,5.6µm
_01969_,5.6µm
_02245_,5.6µm
_02288_,5.6µm
_02292_,5.6µm
_02365_,5.6µm
_02425_,5.6µm
_02694_,5.6µm
_02706_,5.6µm
_02719_,5.6µm
_02722_,5.6µm
_02773_,5.6µm
_02815_,5.6µm
_02872_,5.6µm
_02884_,5.6µm
_03095_,5.6µm
_03096_,5.6µm
_03115_,5.6µm
_03179_,5.6µm
_03427_,5.6µm
_03507_,5.6µm
_03571_,5.6µm
_03577_,5.6µm
_03641_,5.6µm
_03668_,5.6µm
_03815_,5.6µm
_04333_,5.6µm
_04377_,5.6µm
_04448_,5.6µm
_04803_,5.6µm
_04843_,5.6µm
_05131_,5.6µm
_05191_,5.6µm
_05219_,5.6µm
_05297_,5.6µm
_05323_,5.6µm
_05326_,5.6µm
_05334_,5.6µm
_05409_,5.6µm
_05430_,5.6µm
_05466_,5.6µm
_05504_,5.6µm
_05550_,5.6µm
_05626_,5.6µm
_05647_,5.6µm
_05688_,5.6µm
_05703_,5.6µm
_05749_,5.6µm
_05803_,5.6µm
_06073_,5.6µm
_06368_,5.6µm
_06469_,5.6µm
_06639_,5.6µm
_06758_,5.6µm
_06765_,5.6µm
_06812_,5.6µm
_06881_,5.6µm
_06895_,5.6µm
_06914_,5.6µm
_07184_,5.6µm
_07266_,5.6µm
_07299_,5.6µm
_07314_,5.6µm
_07332_,5.6µm
_07362_,5.6µm
_07450_,5.6µm
_07484_,5.6µm
_07506_,5.6µm
_07511_,5.6µm
_07526_,5.6µm
_07564_,5.6µm
_07621_,5.6µm
_07638_,5.6µm
_07656_,5.6µm
_07659_,5.6µm
_07817_,5.6µm
_08273_,5.6µm
_08314_,5.6µm
_08336_,5.6µm
_08414_,5.6µm
_08490_,5.6µm
_08500_,5.6µm
_08625_,5.6µm
_08679_,5.6µm
_08782_,5.6µm
_08789_,5.6µm
_05595_,5.32µm
_00035_,5.14µm
_00674_,5.14µm
_00757_,5.14µm
_00877_,5.14µm
_01563_,5.14µm
_01644_,5.14µm
_01664_,5.14µm
_01785_,5.14µm
_01804_,5.14µm
_02054_,5.14µm
_02805_,5.14µm
_02992_,5.14µm
_02995_,5.14µm
_03433_,5.14µm
_03479_,5.14µm
_03488_,5.14µm
_03506_,5.14µm
_03698_,5.14µm
_04274_,5.14µm
_04691_,5.14µm
_04775_,5.14µm
_06011_,5.14µm
_06035_,5.14µm
_06141_,5.14µm
_06378_,5.14µm
_06790_,5.14µm
_07807_,5.14µm
_07916_,5.14µm
_08598_,5.14µm
_01261_,5.09µm
_01296_,5.09µm
_01298_,5.09µm
_01369_,5.09µm
_01459_,5.09µm
_01468_,5.09µm
_01494_,5.09µm
_01589_,5.09µm
_01775_,5.09µm
_02226_,5.09µm
_02236_,5.09µm
_02440_,5.09µm
_02575_,5.09µm
_02967_,5.09µm
_03377_,5.09µm
_03724_,5.09µm
_04932_,5.09µm
_05316_,5.09µm
_05396_,5.09µm
_05471_,5.09µm
_05513_,5.09µm
_06171_,5.09µm
_06183_,5.09µm
_06563_,5.09µm
_07515_,5.09µm
_07604_,5.09µm
_07914_,5.09µm
_08542_,5.09µm
_08702_,5.09µm
_00016_,5.04µm
_00025_,5.04µm
_00046_,5.04µm
_00085_,5.04µm
_00146_,5.04µm
_00163_,5.04µm
_00184_,5.04µm
_00192_,5.04µm
_00197_,5.04µm
_00210_,5.04µm
_00230_,5.04µm
_00231_,5.04µm
_00232_,5.04µm
_00234_,5.04µm
_00242_,5.04µm
_00266_,5.04µm
_00288_,5.04µm
_00313_,5.04µm
_00352_,5.04µm
_00358_,5.04µm
_00381_,5.04µm
_00419_,5.04µm
_00426_,5.04µm
_00427_,5.04µm
_00429_,5.04µm
_00443_,5.04µm
_00445_,5.04µm
_00481_,5.04µm
_00482_,5.04µm
_00489_,5.04µm
_00494_,5.04µm
_00506_,5.04µm
_00566_,5.04µm
_00575_,5.04µm
_00590_,5.04µm
_00632_,5.04µm
_00641_,5.04µm
_00646_,5.04µm
_00682_,5.04µm
_00689_,5.04µm
_00692_,5.04µm
_00721_,5.04µm
_00737_,5.04µm
_00754_,5.04µm
_00792_,5.04µm
_00793_,5.04µm
_00798_,5.04µm
_00811_,5.04µm
_00817_,5.04µm
_00833_,5.04µm
_00834_,5.04µm
_00838_,5.04µm
_00845_,5.04µm
_00864_,5.04µm
_00872_,5.04µm
_00875_,5.04µm
_00879_,5.04µm
_00915_,5.04µm
_00925_,5.04µm
_00938_,5.04µm
_00950_,5.04µm
_00963_,5.04µm
_00968_,5.04µm
_01015_,5.04µm
_01029_,5.04µm
_01046_,5.04µm
_01060_,5.04µm
_01082_,5.04µm
_01085_,5.04µm
_01092_,5.04µm
_01110_,5.04µm
_01180_,5.04µm
_01224_,5.04µm
_01227_,5.04µm
_01236_,5.04µm
_01237_,5.04µm
_01242_,5.04µm
_01253_,5.04µm
_01257_,5.04µm
_01267_,5.04µm
_01269_,5.04µm
_01272_,5.04µm
_01279_,5.04µm
_01282_,5.04µm
_01288_,5.04µm
_01290_,5.04µm
_01302_,5.04µm
_01386_,5.04µm
_01422_,5.04µm
_01444_,5.04µm
_01447_,5.04µm
_01451_,5.04µm
_01475_,5.04µm
_01504_,5.04µm
_01505_,5.04µm
_01507_,5.04µm
_01512_,5.04µm
_01571_,5.04µm
_01625_,5.04µm
_01681_,5.04µm
_01693_,5.04µm
_01720_,5.04µm
_01749_,5.04µm
_01750_,5.04µm
_01787_,5.04µm
_01791_,5.04µm
_01807_,5.04µm
_01820_,5.04µm
_01824_,5.04µm
_01825_,5.04µm
_01860_,5.04µm
_01875_,5.04µm
_01893_,5.04µm
_01899_,5.04µm
_01909_,5.04µm
_01915_,5.04µm
_01918_,5.04µm
_01927_,5.04µm
_01943_,5.04µm
_01946_,5.04µm
_01952_,5.04µm
_01976_,5.04µm
_01985_,5.04µm
_02014_,5.04µm
_02038_,5.04µm
_02047_,5.04µm
_02063_,5.04µm
_02153_,5.04µm
_02200_,5.04µm
_02211_,5.04µm
_02253_,5.04µm
_02301_,5.04µm
_02331_,5.04µm
_02367_,5.04µm
_02531_,5.04µm
_02544_,5.04µm
_02555_,5.04µm
_02560_,5.04µm
_02569_,5.04µm
_02573_,5.04µm
_02684_,5.04µm
_02712_,5.04µm
_02714_,5.04µm
_02720_,5.04µm
_02729_,5.04µm
_02781_,5.04µm
_02803_,5.04µm
_02839_,5.04µm
_02900_,5.04µm
_03010_,5.04µm
_03099_,5.04µm
_03166_,5.04µm
_03257_,5.04µm
_03263_,5.04µm
_03286_,5.04µm
_03294_,5.04µm
_03317_,5.04µm
_03352_,5.04µm
_03372_,5.04µm
_03445_,5.04µm
_03520_,5.04µm
_03806_,5.04µm
_03959_,5.04µm
_04005_,5.04µm
_04019_,5.04µm
_04025_,5.04µm
_04035_,5.04µm
_04275_,5.04µm
_04320_,5.04µm
_04335_,5.04µm
_04410_,5.04µm
_04541_,5.04µm
_04580_,5.04µm
_04614_,5.04µm
_04681_,5.04µm
_04689_,5.04µm
_04715_,5.04µm
_04729_,5.04µm
_04945_,5.04µm
_04958_,5.04µm
_04976_,5.04µm
_04980_,5.04µm
_04983_,5.04µm
_05024_,5.04µm
_05041_,5.04µm
_05121_,5.04µm
_05123_,5.04µm
_05164_,5.04µm
_05226_,5.04µm
_05273_,5.04µm
_05324_,5.04µm
_05538_,5.04µm
_05705_,5.04µm
_05709_,5.04µm
_05746_,5.04µm
_05791_,5.04µm
_05844_,5.04µm
_05847_,5.04µm
_06009_,5.04µm
_06018_,5.04µm
_06043_,5.04µm
_06127_,5.04µm
_06226_,5.04µm
_06229_,5.04µm
_06232_,5.04µm
_06286_,5.04µm
_06325_,5.04µm
_06351_,5.04µm
_06577_,5.04µm
_06686_,5.04µm
_06720_,5.04µm
_06733_,5.04µm
_06773_,5.04µm
_06874_,5.04µm
_06911_,5.04µm
_07081_,5.04µm
_07098_,5.04µm
_07164_,5.04µm
_07189_,5.04µm
_07202_,5.04µm
_07251_,5.04µm
_07263_,5.04µm
_07383_,5.04µm
_07428_,5.04µm
_07563_,5.04µm
_07574_,5.04µm
_07612_,5.04µm
_07652_,5.04µm
_07663_,5.04µm
_07708_,5.04µm
_07947_,5.04µm
_08272_,5.04µm
_08306_,5.04µm
_08394_,5.04µm
_08450_,5.04µm
_08452_,5.04µm
_08494_,5.04µm
_08699_,5.04µm
_08842_,5.04µm
u_transform_scheduler_core.ofdm_sample_index\[0\],5.04µm
_05200_,4.935µm
_02031_,4.58µm
_02168_,4.58µm
_02234_,4.58µm
_02258_,4.58µm
_02564_,4.58µm
_02788_,4.58µm
_02871_,4.58µm
_02875_,4.58µm
_03272_,4.58µm
_03517_,4.58µm
_03622_,4.58µm
_03712_,4.58µm
_03863_,4.58µm
_04207_,4.58µm
_04738_,4.58µm
_04817_,4.58µm
_04841_,4.58µm
_04888_,4.58µm
_04892_,4.58µm
_04915_,4.58µm
_04941_,4.58µm
_05015_,4.58µm
_05052_,4.58µm
_05228_,4.58µm
_05268_,4.58µm
_05313_,4.58µm
_05401_,4.58µm
_05571_,4.58µm
_06252_,4.58µm
_06447_,4.58µm
_06693_,4.58µm
_06701_,4.58µm
_06752_,4.58µm
_07298_,4.58µm
_07337_,4.58µm
_07391_,4.58µm
_07445_,4.58µm
_07576_,4.58µm
_07605_,4.58µm
_07730_,4.58µm
_07897_,4.58µm
_08017_,4.58µm
_08102_,4.58µm
_08128_,4.58µm
_08297_,4.58µm
_08359_,4.58µm
_08485_,4.58µm
_08534_,4.58µm
_08565_,4.58µm
_01947_,4.53µm
_01979_,4.53µm
_02354_,4.53µm
_03311_,4.53µm
_03597_,4.53µm
_03627_,4.53µm
_03944_,4.53µm
_04382_,4.53µm
_04402_,4.53µm
_04453_,4.53µm
_04477_,4.53µm
_04531_,4.53µm
_04934_,4.53µm
_04998_,4.53µm
_05117_,4.53µm
_05282_,4.53µm
_05560_,4.53µm
_05608_,4.53µm
_05656_,4.53µm
_05774_,4.53µm
_05842_,4.53µm
_05911_,4.53µm
_06023_,4.53µm
_06135_,4.53µm
_06330_,4.53µm
_06594_,4.53µm
_06609_,4.53µm
_06782_,4.53µm
_06804_,4.53µm
_06983_,4.53µm
_07385_,4.53µm
_07521_,4.53µm
_08246_,4.53µm
_08385_,4.53µm
_08666_,4.53µm
_00052_,4.48µm
_00057_,4.48µm
_00064_,4.48µm
_00067_,4.48µm
_00068_,4.48µm
_00081_,4.48µm
_00109_,4.48µm
_00110_,4.48µm
_00153_,4.48µm
_00155_,4.48µm
_00156_,4.48µm
_00157_,4.48µm
_00182_,4.48µm
_00195_,4.48µm
_00204_,4.48µm
_00207_,4.48µm
_00213_,4.48µm
_00228_,4.48µm
_00237_,4.48µm
_00245_,4.48µm
_00268_,4.48µm
_00271_,4.48µm
_00302_,4.48µm
_00304_,4.48µm
_00314_,4.48µm
_00336_,4.48µm
_00370_,4.48µm
_00372_,4.48µm
_00377_,4.48µm
_00389_,4.48µm
_00403_,4.48µm
_00405_,4.48µm
_00421_,4.48µm
_00423_,4.48µm
_00440_,4.48µm
_00451_,4.48µm
_00469_,4.48µm
_00478_,4.48µm
_00479_,4.48µm
_00516_,4.48µm
_00531_,4.48µm
_00547_,4.48µm
_00549_,4.48µm
_00571_,4.48µm
_00597_,4.48µm
_00657_,4.48µm
_00690_,4.48µm
_00691_,4.48µm
_00710_,4.48µm
_00717_,4.48µm
_00741_,4.48µm
_00762_,4.48µm
_00774_,4.48µm
_00788_,4.48µm
_00799_,4.48µm
_00803_,4.48µm
_00807_,4.48µm
_00813_,4.48µm
_00830_,4.48µm
_00837_,4.48µm
_00840_,4.48µm
_00844_,4.48µm
_00846_,4.48µm
_00852_,4.48µm
_00883_,4.48µm
_00924_,4.48µm
_00928_,4.48µm
_00934_,4.48µm
_00949_,4.48µm
_00974_,4.48µm
_00975_,4.48µm
_00976_,4.48µm
_00980_,4.48µm
_00986_,4.48µm
_00999_,4.48µm
_01017_,4.48µm
_01019_,4.48µm
_01070_,4.48µm
_01076_,4.48µm
_01078_,4.48µm
_01097_,4.48µm
_01107_,4.48µm
_01109_,4.48µm
_01118_,4.48µm
_01120_,4.48µm
_01122_,4.48µm
_01127_,4.48µm
_01154_,4.48µm
_01199_,4.48µm
_01202_,4.48µm
_01213_,4.48µm
_01214_,4.48µm
_01229_,4.48µm
_01313_,4.48µm
_01314_,4.48µm
_01327_,4.48µm
_01357_,4.48µm
_01358_,4.48µm
_01370_,4.48µm
_01382_,4.48µm
_01427_,4.48µm
_01456_,4.48µm
_01458_,4.48µm
_01473_,4.48µm
_01481_,4.48µm
_01506_,4.48µm
_01508_,4.48µm
_01517_,4.48µm
_01536_,4.48µm
_01560_,4.48µm
_01577_,4.48µm
_01600_,4.48µm
_01617_,4.48µm
_01622_,4.48µm
_01629_,4.48µm
_01640_,4.48µm
_01645_,4.48µm
_01671_,4.48µm
_01708_,4.48µm
_01714_,4.48µm
_01717_,4.48µm
_01719_,4.48µm
_01721_,4.48µm
_01722_,4.48µm
_01727_,4.48µm
_01738_,4.48µm
_01743_,4.48µm
_01757_,4.48µm
_01763_,4.48µm
_01766_,4.48µm
_01782_,4.48µm
_01812_,4.48µm
_01873_,4.48µm
_01877_,4.48µm
_01880_,4.48µm
_01888_,4.48µm
_01890_,4.48µm
_01895_,4.48µm
_01903_,4.48µm
_02128_,4.48µm
_02349_,4.48µm
_02441_,4.48µm
_02448_,4.48µm
_02566_,4.48µm
_02584_,4.48µm
_02597_,4.48µm
_02598_,4.48µm
_02668_,4.48µm
_02702_,4.48µm
_02735_,4.48µm
_02748_,4.48µm
_02785_,4.48µm
_02824_,4.48µm
_02850_,4.48µm
_02851_,4.48µm
_02868_,4.48µm
_02897_,4.48µm
_02920_,4.48µm
_02924_,4.48µm
_02926_,4.48µm
_02955_,4.48µm
_02963_,4.48µm
_03013_,4.48µm
_03024_,4.48µm
_03026_,4.48µm
_03029_,4.48µm
_03035_,4.48µm
_03057_,4.48µm
_03097_,4.48µm
_03114_,4.48µm
_03159_,4.48µm
_03174_,4.48µm
_03190_,4.48µm
_03201_,4.48µm
_03258_,4.48µm
_03267_,4.48µm
_03307_,4.48µm
_03323_,4.48µm
_03338_,4.48µm
_03340_,4.48µm
_03432_,4.48µm
_03465_,4.48µm
_03473_,4.48µm
_03560_,4.48µm
_03610_,4.48µm
_03703_,4.48µm
_03773_,4.48µm
_03992_,4.48µm
_04122_,4.48µm
_04230_,4.48µm
_04269_,4.48µm
_04289_,4.48µm
_04331_,4.48µm
_04394_,4.48µm
_04822_,4.48µm
_04857_,4.48µm
_04949_,4.48µm
_05075_,4.48µm
_05081_,4.48µm
_05106_,4.48µm
_05175_,4.48µm
_05303_,4.48µm
_05377_,4.48µm
_05467_,4.48µm
_05499_,4.48µm
_05531_,4.48µm
_05545_,4.48µm
_05548_,4.48µm
_05611_,4.48µm
_05612_,4.48µm
_05686_,4.48µm
_05695_,4.48µm
_05731_,4.48µm
_05813_,4.48µm
_05826_,4.48µm
_05848_,4.48µm
_05877_,4.48µm
_05902_,4.48µm
_05912_,4.48µm
_06032_,4.48µm
_06089_,4.48µm
_06162_,4.48µm
_06166_,4.48µm
_06200_,4.48µm
_06212_,4.48µm
_06261_,4.48µm
_06300_,4.48µm
_06349_,4.48µm
_06360_,4.48µm
_06405_,4.48µm
_06422_,4.48µm
_06440_,4.48µm
_06484_,4.48µm
_06505_,4.48µm
_06511_,4.48µm
_06558_,4.48µm
_06574_,4.48µm
_06588_,4.48µm
_06605_,4.48µm
_06627_,4.48µm
_06736_,4.48µm
_06743_,4.48µm
_06756_,4.48µm
_06843_,4.48µm
_06879_,4.48µm
_06953_,4.48µm
_07169_,4.48µm
_07188_,4.48µm
_07264_,4.48µm
_07285_,4.48µm
_07365_,4.48µm
_07379_,4.48µm
_07468_,4.48µm
_07485_,4.48µm
_07491_,4.48µm
_07544_,4.48µm
_07549_,4.48µm
_07588_,4.48µm
_07602_,4.48µm
_07640_,4.48µm
_07664_,4.48µm
_07682_,4.48µm
_07746_,4.48µm
_07756_,4.48µm
_07760_,4.48µm
_07791_,4.48µm
_07828_,4.48µm
_07831_,4.48µm
_08068_,4.48µm
_08161_,4.48µm
_08206_,4.48µm
_08291_,4.48µm
_08366_,4.48µm
_08405_,4.48µm
_08460_,4.48µm
_08477_,4.48µm
_08484_,4.48µm
_08498_,4.48µm
_08517_,4.48µm
_08545_,4.48µm
_08591_,4.48µm
_08682_,4.48µm
_08757_,4.48µm
_08822_,4.48µm
_08836_,4.48µm
_08843_,4.48µm
u_transform_scheduler_core.u_tdiq_output_cp_insert.last_byte_pending,4.48µm
_02652_,4.02µm
_02653_,4.02µm
_03002_,4.02µm
_03292_,4.02µm
_03468_,4.02µm
_03626_,4.02µm
_03630_,4.02µm
_03680_,4.02µm
_03743_,4.02µm
_04372_,4.02µm
_04943_,4.02µm
_05218_,4.02µm
_05494_,4.02µm
_05503_,4.02µm
_05522_,4.02µm
_05543_,4.02µm
_05889_,4.02µm
_06061_,4.02µm
_06340_,4.02µm
_06537_,4.02µm
_06553_,4.02µm
_06747_,4.02µm
_06955_,4.02µm
_07590_,4.02µm
_07844_,4.02µm
_08571_,4.02µm
_08671_,4.02µm
_01292_,3.97µm
_01493_,3.97µm
_02344_,3.97µm
_02397_,3.97µm
_02600_,3.97µm
_02642_,3.97µm
_03373_,3.97µm
_03451_,3.97µm
_04226_,3.97µm
_04444_,3.97µm
_04603_,3.97µm
_04639_,3.97µm
_05736_,3.97µm
_06231_,3.97µm
_06519_,3.97µm
_06552_,3.97µm
_06597_,3.97µm
_07358_,3.97µm
_07879_,3.97µm
_08583_,3.97µm
_00007_,3.92µm
_00024_,3.92µm
_00028_,3.92µm
_00037_,3.92µm
_00053_,3.92µm
_00059_,3.92µm
_00079_,3.92µm
_00098_,3.92µm
_00126_,3.92µm
_00139_,3.92µm
_00149_,3.92µm
_00150_,3.92µm
_00151_,3.92µm
_00158_,3.92µm
_00161_,3.92µm
_00167_,3.92µm
_00196_,3.92µm
_00200_,3.92µm
_00211_,3.92µm
_00220_,3.92µm
_00225_,3.92µm
_00241_,3.92µm
_00252_,3.92µm
_00285_,3.92µm
_00335_,3.92µm
_00342_,3.92µm
_00382_,3.92µm
_00404_,3.92µm
_00406_,3.92µm
_00409_,3.92µm
_00413_,3.92µm
_00466_,3.92µm
_00472_,3.92µm
_00508_,3.92µm
_00510_,3.92µm
_00513_,3.92µm
_00514_,3.92µm
_00517_,3.92µm
_00524_,3.92µm
_00525_,3.92µm
_00528_,3.92µm
_00542_,3.92µm
_00543_,3.92µm
_00553_,3.92µm
_00561_,3.92µm
_00573_,3.92µm
_00576_,3.92µm
_00584_,3.92µm
_00624_,3.92µm
_00666_,3.92µm
_00667_,3.92µm
_00719_,3.92µm
_00720_,3.92µm
_00723_,3.92µm
_00727_,3.92µm
_00731_,3.92µm
_00735_,3.92µm
_00738_,3.92µm
_00742_,3.92µm
_00769_,3.92µm
_00771_,3.92µm
_00777_,3.92µm
_00797_,3.92µm
_00800_,3.92µm
_00819_,3.92µm
_00820_,3.92µm
_00823_,3.92µm
_00831_,3.92µm
_00842_,3.92µm
_00856_,3.92µm
_00865_,3.92µm
_00869_,3.92µm
_00882_,3.92µm
_00887_,3.92µm
_00897_,3.92µm
_00908_,3.92µm
_00914_,3.92µm
_00917_,3.92µm
_00923_,3.92µm
_00927_,3.92µm
_00964_,3.92µm
_00985_,3.92µm
_00995_,3.92µm
_01026_,3.92µm
_01028_,3.92µm
_01036_,3.92µm
_01038_,3.92µm
_01042_,3.92µm
_01059_,3.92µm
_01090_,3.92µm
_01112_,3.92µm
_01113_,3.92µm
_01128_,3.92µm
_01133_,3.92µm
_01139_,3.92µm
_01140_,3.92µm
_01141_,3.92µm
_01169_,3.92µm
_01178_,3.92µm
_01179_,3.92µm
_01198_,3.92µm
_01206_,3.92µm
_01255_,3.92µm
_01283_,3.92µm
_01303_,3.92µm
_01305_,3.92µm
_01308_,3.92µm
_01311_,3.92µm
_01321_,3.92µm
_01372_,3.92µm
_01385_,3.92µm
_01387_,3.92µm
_01393_,3.92µm
_01398_,3.92µm
_01409_,3.92µm
_01418_,3.92µm
_01424_,3.92µm
_01433_,3.92µm
_01464_,3.92µm
_01478_,3.92µm
_01513_,3.92µm
_01525_,3.92µm
_01542_,3.92µm
_01547_,3.92µm
_01548_,3.92µm
_01551_,3.92µm
_01559_,3.92µm
_01570_,3.92µm
_01579_,3.92µm
_01605_,3.92µm
_01619_,3.92µm
_01646_,3.92µm
_01649_,3.92µm
_01658_,3.92µm
_01669_,3.92µm
_01677_,3.92µm
_01712_,3.92µm
_01723_,3.92µm
_01774_,3.92µm
_01809_,3.92µm
_01822_,3.92µm
_01834_,3.92µm
_01867_,3.92µm
_01884_,3.92µm
_01886_,3.92µm
_01887_,3.92µm
_01891_,3.92µm
_01912_,3.92µm
_01931_,3.92µm
_01935_,3.92µm
_01954_,3.92µm
_01980_,3.92µm
_01981_,3.92µm
_01982_,3.92µm
_01987_,3.92µm
_01992_,3.92µm
_02029_,3.92µm
_02084_,3.92µm
_02090_,3.92µm
_02101_,3.92µm
_02119_,3.92µm
_02175_,3.92µm
_02227_,3.92µm
_02290_,3.92µm
_02348_,3.92µm
_02371_,3.92µm
_02411_,3.92µm
_02417_,3.92µm
_02536_,3.92µm
_02581_,3.92µm
_02602_,3.92µm
_02609_,3.92µm
_02737_,3.92µm
_02745_,3.92µm
_02749_,3.92µm
_02776_,3.92µm
_02793_,3.92µm
_02833_,3.92µm
_02862_,3.92µm
_02867_,3.92µm
_02878_,3.92µm
_02880_,3.92µm
_02885_,3.92µm
_02981_,3.92µm
_03000_,3.92µm
_03016_,3.92µm
_03061_,3.92µm
_03080_,3.92µm
_03102_,3.92µm
_03128_,3.92µm
_03160_,3.92µm
_03198_,3.92µm
_03320_,3.92µm
_03355_,3.92µm
_03364_,3.92µm
_03464_,3.92µm
_03471_,3.92µm
_03503_,3.92µm
_03564_,3.92µm
_03616_,3.92µm
_03636_,3.92µm
_03751_,3.92µm
_03758_,3.92µm
_03828_,3.92µm
_03883_,3.92µm
_03956_,3.92µm
_03964_,3.92µm
_04176_,3.92µm
_04203_,3.92µm
_04215_,3.92µm
_04264_,3.92µm
_04314_,3.92µm
_04388_,3.92µm
_04406_,3.92µm
_04499_,3.92µm
_04577_,3.92µm
_04581_,3.92µm
_04602_,3.92µm
_04605_,3.92µm
_04633_,3.92µm
_04690_,3.92µm
_04787_,3.92µm
_04811_,3.92µm
_04829_,3.92µm
_04844_,3.92µm
_04853_,3.92µm
_04940_,3.92µm
_04978_,3.92µm
_05008_,3.92µm
_05034_,3.92µm
_05063_,3.92µm
_05114_,3.92µm
_05124_,3.92µm
_05141_,3.92µm
_05187_,3.92µm
_05239_,3.92µm
_05281_,3.92µm
_05332_,3.92µm
_05516_,3.92µm
_05569_,3.92µm
_05618_,3.92µm
_05691_,3.92µm
_05693_,3.92µm
_05772_,3.92µm
_05809_,3.92µm
_05852_,3.92µm
_05984_,3.92µm
_06020_,3.92µm
_06213_,3.92µm
_06244_,3.92µm
_06274_,3.92µm
_06278_,3.92µm
_06323_,3.92µm
_06328_,3.92µm
_06369_,3.92µm
_06375_,3.92µm
_06420_,3.92µm
_06445_,3.92µm
_06499_,3.92µm
_06542_,3.92µm
_06659_,3.92µm
_06749_,3.92µm
_06770_,3.92µm
_06814_,3.92µm
_06821_,3.92µm
_06839_,3.92µm
_06905_,3.92µm
_06952_,3.92µm
_07076_,3.92µm
_07102_,3.92µm
_07103_,3.92µm
_07140_,3.92µm
_07175_,3.92µm
_07194_,3.92µm
_07204_,3.92µm
_07208_,3.92µm
_07234_,3.92µm
_07239_,3.92µm
_07290_,3.92µm
_07328_,3.92µm
_07417_,3.92µm
_07449_,3.92µm
_07497_,3.92µm
_07504_,3.92µm
_07558_,3.92µm
_07560_,3.92µm
_07569_,3.92µm
_07598_,3.92µm
_07599_,3.92µm
_07642_,3.92µm
_07672_,3.92µm
_07766_,3.92µm
_07825_,3.92µm
_07858_,3.92µm
_07908_,3.92µm
_07920_,3.92µm
_07942_,3.92µm
_08037_,3.92µm
_08182_,3.92µm
_08205_,3.92µm
_08295_,3.92µm
_08318_,3.92µm
_08328_,3.92µm
_08361_,3.92µm
_08388_,3.92µm
_08422_,3.92µm
_08448_,3.92µm
_08470_,3.92µm
_08607_,3.92µm
_08683_,3.92µm
_08790_,3.92µm
u_transform_scheduler_core.u_tdiq_input_cp_remove.cp_length_reg\[2\],3.92µm
_06431_,3.84µm
_02561_,3.46µm
_02567_,3.46µm
_02604_,3.46µm
_02610_,3.46µm
_02635_,3.46µm
_02685_,3.46µm
_02686_,3.46µm
_02698_,3.46µm
_02866_,3.46µm
_02904_,3.46µm
_02939_,3.46µm
_03020_,3.46µm
_03025_,3.46µm
_03237_,3.46µm
_03328_,3.46µm
_03426_,3.46µm
_03429_,3.46µm
_03487_,3.46µm
_03840_,3.46µm
_03939_,3.46µm
_04549_,3.46µm
_05771_,3.46µm
_06145_,3.46µm
_06205_,3.46µm
_06271_,3.46µm
_06410_,3.46µm
_06560_,3.46µm
_06603_,3.46µm
_07272_,3.46µm
_07668_,3.46µm
_07707_,3.46µm
_08311_,3.46µm
_08413_,3.46µm
_08467_,3.46µm
_08502_,3.46µm
_08819_,3.46µm
_01374_,3.41µm
_03485_,3.41µm
_04674_,3.41µm
_05077_,3.41µm
_07073_,3.41µm
_07296_,3.41µm
_07467_,3.41µm
_07665_,3.41µm
_07996_,3.41µm
_08031_,3.41µm
_08065_,3.41µm
_08447_,3.41µm
_08512_,3.41µm
_08653_,3.41µm
_08803_,3.41µm
_00118_,3.36µm
_00132_,3.36µm
_00160_,3.36µm
_00188_,3.36µm
_00224_,3.36µm
_00273_,3.36µm
_00280_,3.36µm
_00286_,3.36µm
_00378_,3.36µm
_00418_,3.36µm
_00447_,3.36µm
_00521_,3.36µm
_00548_,3.36µm
_00581_,3.36µm
_00582_,3.36µm
_00596_,3.36µm
_00600_,3.36µm
_00619_,3.36µm
_00634_,3.36µm
_00669_,3.36µm
_00673_,3.36µm
_00704_,3.36µm
_00708_,3.36µm
_00716_,3.36µm
_00734_,3.36µm
_00736_,3.36µm
_00750_,3.36µm
_00773_,3.36µm
_00779_,3.36µm
_00783_,3.36µm
_00808_,3.36µm
_00821_,3.36µm
_00824_,3.36µm
_00839_,3.36µm
_00853_,3.36µm
_00854_,3.36µm
_00862_,3.36µm
_00881_,3.36µm
_00907_,3.36µm
_00952_,3.36µm
_00988_,3.36µm
_01067_,3.36µm
_01081_,3.36µm
_01103_,3.36µm
_01123_,3.36µm
_01134_,3.36µm
_01162_,3.36µm
_01177_,3.36µm
_01218_,3.36µm
_01221_,3.36µm
_01249_,3.36µm
_01262_,3.36µm
_01341_,3.36µm
_01356_,3.36µm
_01380_,3.36µm
_01383_,3.36µm
_01384_,3.36µm
_01477_,3.36µm
_01499_,3.36µm
_01523_,3.36µm
_01633_,3.36µm
_01682_,3.36µm
_01747_,3.36µm
_01759_,3.36µm
_01776_,3.36µm
_01786_,3.36µm
_01808_,3.36µm
_01842_,3.36µm
_01843_,3.36µm
_01865_,3.36µm
_01872_,3.36µm
_01900_,3.36µm
_01953_,3.36µm
_01990_,3.36µm
_02005_,3.36µm
_02295_,3.36µm
_02351_,3.36µm
_02353_,3.36µm
_02408_,3.36µm
_02427_,3.36µm
_02450_,3.36µm
_02585_,3.36µm
_02594_,3.36µm
_02595_,3.36µm
_02618_,3.36µm
_02631_,3.36µm
_02651_,3.36µm
_02661_,3.36µm
_02662_,3.36µm
_02732_,3.36µm
_02838_,3.36µm
_02906_,3.36µm
_02978_,3.36µm
_02982_,3.36µm
_03003_,3.36µm
_03049_,3.36µm
_03084_,3.36µm
_03089_,3.36µm
_03116_,3.36µm
_03156_,3.36µm
_03194_,3.36µm
_03204_,3.36µm
_03207_,3.36µm
_03236_,3.36µm
_03336_,3.36µm
_03628_,3.36µm
_03640_,3.36µm
_03651_,3.36µm
_03786_,3.36µm
_03899_,3.36µm
_04110_,3.36µm
_04240_,3.36µm
_04260_,3.36µm
_04609_,3.36µm
_04653_,3.36µm
_04712_,3.36µm
_04858_,3.36µm
_04921_,3.36µm
_04927_,3.36µm
_04947_,3.36µm
_04953_,3.36µm
_05014_,3.36µm
_05044_,3.36µm
_05163_,3.36µm
_05276_,3.36µm
_05308_,3.36µm
_05379_,3.36µm
_05406_,3.36µm
_05434_,3.36µm
_05459_,3.36µm
_05627_,3.36µm
_05850_,3.36µm
_05853_,3.36µm
_05868_,3.36µm
_06078_,3.36µm
_06117_,3.36µm
_06206_,3.36µm
_06210_,3.36µm
_06216_,3.36µm
_06243_,3.36µm
_06398_,3.36µm
_06437_,3.36µm
_06513_,3.36µm
_06564_,3.36µm
_06648_,3.36µm
_06699_,3.36µm
_06744_,3.36µm
_06807_,3.36µm
_06831_,3.36µm
_07083_,3.36µm
_07147_,3.36µm
_07173_,3.36µm
_07210_,3.36µm
_07305_,3.36µm
_07342_,3.36µm
_07397_,3.36µm
_07420_,3.36µm
_07443_,3.36µm
_07519_,3.36µm
_07630_,3.36µm
_07657_,3.36µm
_07726_,3.36µm
_07770_,3.36µm
_07823_,3.36µm
_08208_,3.36µm
_08354_,3.36µm
_08426_,3.36µm
_08535_,3.36µm
_08569_,3.36µm
_08603_,3.36µm
_08624_,3.36µm
_08810_,3.36µm
_08816_,3.36µm
_08826_,3.36µm
_05495_,3.06µm
_02249_,2.9µm
_02252_,2.9µm
_02317_,2.9µm
_02385_,2.9µm
_02396_,2.9µm
_02422_,2.9µm
_03339_,2.9µm
_03574_,2.9µm
_03575_,2.9µm
_03748_,2.9µm
_03752_,2.9µm
_04497_,2.9µm
_05019_,2.9µm
_05083_,2.9µm
_05246_,2.9µm
_05302_,2.9µm
_05415_,2.9µm
_05489_,2.9µm
_05556_,2.9µm
_05599_,2.9µm
_05630_,2.9µm
_05759_,2.9µm
_05765_,2.9µm
_05940_,2.9µm
_06146_,2.9µm
_06460_,2.9µm
_06494_,2.9µm
_06501_,2.9µm
_06527_,2.9µm
_06612_,2.9µm
_07212_,2.9µm
_07223_,2.9µm
_07495_,2.9µm
_07990_,2.9µm
_08317_,2.9µm
_08427_,2.9µm
_08437_,2.9µm
_08617_,2.9µm
_08741_,2.9µm
_08805_,2.9µm
_08813_,2.9µm
_07377_,2.85µm
_01104_,2.8µm
_01108_,2.8µm
_01156_,2.8µm
_01166_,2.8µm
_01185_,2.8µm
_01186_,2.8µm
_01211_,2.8µm
_01301_,2.8µm
_01307_,2.8µm
_01310_,2.8µm
_01325_,2.8µm
_01340_,2.8µm
_01368_,2.8µm
_01373_,2.8µm
_01405_,2.8µm
_01419_,2.8µm
_01445_,2.8µm
_01472_,2.8µm
_01482_,2.8µm
_01527_,2.8µm
_01537_,2.8µm
_01716_,2.8µm
_01740_,2.8µm
_02051_,2.8µm
_02210_,2.8µm
_02410_,2.8µm
_02622_,2.8µm
_02813_,2.8µm
_03059_,2.8µm
_03092_,2.8µm
_03221_,2.8µm
_03248_,2.8µm
_03344_,2.8µm
_03460_,2.8µm
_03633_,2.8µm
_03649_,2.8µm
_03681_,2.8µm
_03717_,2.8µm
_03777_,2.8µm
_03826_,2.8µm
_03900_,2.8µm
_04181_,2.8µm
_04765_,2.8µm
_04984_,2.8µm
_05201_,2.8µm
_05828_,2.8µm
_06028_,2.8µm
_06029_,2.8µm
_06337_,2.8µm
_06402_,2.8µm
_06415_,2.8µm
_06741_,2.8µm
_06803_,2.8µm
_06844_,2.8µm
_07764_,2.8µm
_07854_,2.8µm
_07972_,2.8µm
_08021_,2.8µm
_08060_,2.8µm
_08573_,2.8µm
_08610_,2.8µm
_08735_,2.8µm
_02238_,2.34µm
_02413_,2.34µm
_02432_,2.34µm
_02445_,2.34µm
_02452_,2.34µm
_02829_,2.34µm
_03135_,2.34µm
_03362_,2.34µm
_03579_,2.34µm
_04210_,2.34µm
_04447_,2.34µm
_05251_,2.34µm
_05643_,2.34µm
_05655_,2.34µm
_05683_,2.34µm
_05713_,2.34µm
_05754_,2.34µm
_05835_,2.34µm
_06177_,2.34µm
_06202_,2.34µm
_06322_,2.34µm
_06342_,2.34µm
_06631_,2.34µm
_06675_,2.34µm
_06731_,2.34µm
_07442_,2.34µm
_07500_,2.34µm
_08308_,2.34µm
_05637_,2.29µm
_01093_,2.24µm
_01239_,2.24µm
_01263_,2.24µm
_01270_,2.24µm
_01324_,2.24µm
_01345_,2.24µm
_01403_,2.24µm
_01497_,2.24µm
_01612_,2.24µm
_02074_,2.24µm
_03718_,2.24µm
_04188_,2.24µm
_04194_,2.24µm
_04196_,2.24µm
_05139_,2.24µm
_05567_,2.24µm
_05625_,2.24µm
_05727_,2.24µm
_05775_,2.24µm
_05899_,2.24µm
_06024_,2.24µm
_06326_,2.24µm
_06491_,2.24µm
_06581_,2.24µm
_06709_,2.24µm
_07250_,2.24µm
_07601_,2.24µm
_07675_,2.24µm
_07710_,2.24µm
_07741_,2.24µm
_07875_,2.24µm
_08503_,2.24µm
_08518_,2.24µm
_05524_,1.68µm
_06048_,1.68µm
_06350_,1.68µm
_07427_,1.68µm
