
===========================================================================
report_checks -unconstrained
===========================================================================
======================= min_tt_025C_5v00 Corner ===================================

Startpoint: _18676_ (rising edge-triggered flip-flop clocked by core_clk)
Endpoint: _19267_ (rising edge-triggered flip-flop clocked by core_clk)
Path Group: core_clk
Path Type: max

Fanout         Cap        Slew       Delay        Time   Description
---------------------------------------------------------------------------------------------
                                  0.000000    0.000000   clock core_clk (rise edge)
                                  0.000000    0.000000   clock source latency
     2    0.193028    0.000000    0.000000    0.000000 ^ clk (in)
                                                         clk (net)
                      0.059275    0.024245    0.024245 ^ clkbuf_regs_0_core_clk/I (gf180mcu_fd_sc_mcu9t5v0__clkbuf_16)
     1    0.046267    0.077812    0.168766    0.193011 ^ clkbuf_regs_0_core_clk/Z (gf180mcu_fd_sc_mcu9t5v0__clkbuf_16)
                                                         clk_regs (net)
                      0.077815    0.001019    0.194031 ^ clkbuf_0_clk_regs/I (gf180mcu_fd_sc_mcu9t5v0__clkbuf_16)
     4    0.202578    0.166912    0.230001    0.424031 ^ clkbuf_0_clk_regs/Z (gf180mcu_fd_sc_mcu9t5v0__clkbuf_16)
                                                         clknet_0_clk_regs (net)
                      0.167017    0.006473    0.430504 ^ clkbuf_2_2_0_clk_regs/I (gf180mcu_fd_sc_mcu9t5v0__clkbuf_8)
     2    0.117743    0.190010    0.263683    0.694187 ^ clkbuf_2_2_0_clk_regs/Z (gf180mcu_fd_sc_mcu9t5v0__clkbuf_8)
                                                         clknet_2_2_0_clk_regs (net)
                      0.190059    0.004541    0.698728 ^ clkbuf_3_4__f_clk_regs/I (gf180mcu_fd_sc_mcu9t5v0__clkbuf_16)
    12    0.419961    0.303123    0.333592    1.032320 ^ clkbuf_3_4__f_clk_regs/Z (gf180mcu_fd_sc_mcu9t5v0__clkbuf_16)
                                                         clknet_3_4__leaf_clk_regs (net)
                      0.305835    0.016132    1.048453 ^ clkbuf_leaf_79_clk_regs/I (gf180mcu_fd_sc_mcu9t5v0__clkbuf_8)
    20    0.187991    0.280999    0.345165    1.393618 ^ clkbuf_leaf_79_clk_regs/Z (gf180mcu_fd_sc_mcu9t5v0__clkbuf_8)
                                                         clknet_leaf_79_clk_regs (net)
                      0.281125    0.004023    1.397640 ^ _18676_/CLK (gf180mcu_fd_sc_mcu9t5v0__dffrnq_1)
    13    0.148501    1.614092    1.530228    2.927869 ^ _18676_/Q (gf180mcu_fd_sc_mcu9t5v0__dffrnq_1)
                                                         u_core.u_transform_scheduler_core.dft12_phase[2] (net)
                      1.614099    0.001924    2.929792 ^ _09149_/I (gf180mcu_fd_sc_mcu9t5v0__clkinv_1)
     4    0.049231    0.815306    0.659658    3.589451 v _09149_/ZN (gf180mcu_fd_sc_mcu9t5v0__clkinv_1)
                                                         _03997_ (net)
                      0.815306    0.000648    3.590099 v _09459_/A1 (gf180mcu_fd_sc_mcu9t5v0__nand2_1)
     6    0.176914    2.174723    1.482585    5.072683 ^ _09459_/ZN (gf180mcu_fd_sc_mcu9t5v0__nand2_1)
                                                         _04307_ (net)
                      2.174723    0.001315    5.073998 ^ _11309_/A2 (gf180mcu_fd_sc_mcu9t5v0__nor2_2)
    27    0.475618    2.203008    1.745606    6.819604 v _11309_/ZN (gf180mcu_fd_sc_mcu9t5v0__nor2_2)
                                                         _05857_ (net)
                      2.203016    0.002472    6.822076 v _11315_/A1 (gf180mcu_fd_sc_mcu9t5v0__nor2_1)
    17    0.396178    7.635617    4.921149   11.743225 ^ _11315_/ZN (gf180mcu_fd_sc_mcu9t5v0__nor2_1)
                                                         _05863_ (net)
                      7.635617    0.003176   11.746402 ^ clone19/A2 (gf180mcu_fd_sc_mcu9t5v0__nor2_1)
    18    0.410425    5.345273    4.260425   16.006826 v clone19/ZN (gf180mcu_fd_sc_mcu9t5v0__nor2_1)
                                                         net19 (net)
                      5.345312    0.010930   16.017757 v _11411_/A2 (gf180mcu_fd_sc_mcu9t5v0__aoi221_1)
     1    0.011888    1.554368    2.038407   18.056164 ^ _11411_/ZN (gf180mcu_fd_sc_mcu9t5v0__aoi221_1)
                                                         _05954_ (net)
                      1.554368    0.000309   18.056473 ^ _11413_/B (gf180mcu_fd_sc_mcu9t5v0__aoi211_1)
     1    0.017948    2.577559    0.401995   18.458467 v _11413_/ZN (gf180mcu_fd_sc_mcu9t5v0__aoi211_1)
                                                         _05956_ (net)
                      2.577559    0.000597   18.459064 v _11415_/B (gf180mcu_fd_sc_mcu9t5v0__aoi211_1)
     1    0.072485    2.641596    1.923922   20.382986 ^ _11415_/ZN (gf180mcu_fd_sc_mcu9t5v0__aoi211_1)
                                                         _05958_ (net)
                      2.641598    0.004233   20.387220 ^ _11416_/B (gf180mcu_fd_sc_mcu9t5v0__aoi211_1)
     1    0.021295    1.011181    0.448201   20.835421 v _11416_/ZN (gf180mcu_fd_sc_mcu9t5v0__aoi211_1)
                                                         _05959_ (net)
                      1.011181    0.000867   20.836288 v _11418_/A3 (gf180mcu_fd_sc_mcu9t5v0__oai31_1)
     1    0.004804    0.775464    0.455191   21.291479 ^ _11418_/ZN (gf180mcu_fd_sc_mcu9t5v0__oai31_1)
                                                         _00264_ (net)
                      0.775464    0.000050   21.291529 ^ _19267_/D (gf180mcu_fd_sc_mcu9t5v0__dffrnq_1)
                                             21.291529   data arrival time

                                 26.041668   26.041668   clock core_clk (rise edge)
                                  0.000000   26.041668   clock source latency
     2    0.193028    0.000000    0.000000   26.041668 ^ clk (in)
                                                         clk (net)
                      0.059275    0.024245   26.065912 ^ clkbuf_regs_0_core_clk/I (gf180mcu_fd_sc_mcu9t5v0__clkbuf_16)
     1    0.046267    0.077812    0.168766   26.234678 ^ clkbuf_regs_0_core_clk/Z (gf180mcu_fd_sc_mcu9t5v0__clkbuf_16)
                                                         clk_regs (net)
                      0.077815    0.001018   26.235697 ^ clkbuf_0_clk_regs/I (gf180mcu_fd_sc_mcu9t5v0__clkbuf_16)
     4    0.202578    0.166912    0.230001   26.465698 ^ clkbuf_0_clk_regs/Z (gf180mcu_fd_sc_mcu9t5v0__clkbuf_16)
                                                         clknet_0_clk_regs (net)
                      0.169587    0.017982   26.483681 ^ clkbuf_2_0_0_clk_regs/I (gf180mcu_fd_sc_mcu9t5v0__clkbuf_8)
     2    0.118779    0.191810    0.265501   26.749182 ^ clkbuf_2_0_0_clk_regs/Z (gf180mcu_fd_sc_mcu9t5v0__clkbuf_8)
                                                         clknet_2_0_0_clk_regs (net)
                      0.191849    0.004041   26.753223 ^ clkbuf_3_1__f_clk_regs/I (gf180mcu_fd_sc_mcu9t5v0__clkbuf_16)
    14    0.564863    0.400400    0.390722   27.143946 ^ clkbuf_3_1__f_clk_regs/Z (gf180mcu_fd_sc_mcu9t5v0__clkbuf_16)
                                                         clknet_3_1__leaf_clk_regs (net)
                      0.402390    0.016069   27.160013 ^ clkbuf_leaf_6_clk_regs/I (gf180mcu_fd_sc_mcu9t5v0__clkbuf_8)
    23    0.167171    0.256199    0.345310   27.505323 ^ clkbuf_leaf_6_clk_regs/Z (gf180mcu_fd_sc_mcu9t5v0__clkbuf_8)
                                                         clknet_leaf_6_clk_regs (net)
                      0.256215    0.003078   27.508402 ^ _19267_/CLK (gf180mcu_fd_sc_mcu9t5v0__dffrnq_1)
                                  0.000000   27.508402   clock reconvergence pessimism
                                 -0.267822   27.240580   library setup time
                                             27.240580   data required time
---------------------------------------------------------------------------------------------
                                             27.240580   data required time
                                            -21.291529   data arrival time
---------------------------------------------------------------------------------------------
                                              5.949051   slack (MET)




===========================================================================
report_checks --slack_max -0.01
============================================================================
======================= min_tt_025C_5v00 Corner ===================================

No paths found.


===========================================================================
 report_check_types -max_slew -max_cap -max_fanout -violators
============================================================================
======================= min_tt_025C_5v00 Corner ===================================

max slew

Pin                                        Limit        Slew       Slack
------------------------------------------------------------------------
_11063_/S                               4.000000   13.995083   -9.995082 (VIOLATED)
_11095_/S                               4.000000   13.995068   -9.995069 (VIOLATED)
_11129_/S                               4.000000   13.995054   -9.995054 (VIOLATED)
_11127_/S                               4.000000   13.995042   -9.995042 (VIOLATED)
_11059_/S                               4.000000   13.995008   -9.995008 (VIOLATED)
_11091_/S                               4.000000   13.995005   -9.995005 (VIOLATED)
_11159_/S                               4.000000   13.995008   -9.995008 (VIOLATED)
_11155_/S                               4.000000   13.994944   -9.994944 (VIOLATED)
_11123_/S                               4.000000   13.994843   -9.994843 (VIOLATED)
_11139_/S                               4.000000   13.994672   -9.994672 (VIOLATED)
_11157_/S                               4.000000   13.994611   -9.994612 (VIOLATED)
_11125_/S                               4.000000   13.994576   -9.994576 (VIOLATED)
_11171_/S                               4.000000   13.994580   -9.994579 (VIOLATED)
_11061_/S                               4.000000   13.994522   -9.994523 (VIOLATED)
_11097_/S                               4.000000   13.994399   -9.994398 (VIOLATED)
_11107_/S                               4.000000   13.994395   -9.994395 (VIOLATED)
_11093_/S                               4.000000   13.994375   -9.994375 (VIOLATED)
_11075_/S                               4.000000   13.994285   -9.994285 (VIOLATED)
_11105_/S                               4.000000   13.994210   -9.994210 (VIOLATED)
_11133_/S                               4.000000   13.994052   -9.994052 (VIOLATED)
_11135_/S                               4.000000   13.993958   -9.993958 (VIOLATED)
_11137_/S                               4.000000   13.993966   -9.993967 (VIOLATED)
_11169_/S                               4.000000   13.993955   -9.993955 (VIOLATED)
_11073_/S                               4.000000   13.993937   -9.993938 (VIOLATED)
_11065_/S                               4.000000   13.993862   -9.993862 (VIOLATED)
_11161_/S                               4.000000   13.993870   -9.993869 (VIOLATED)
_11174_/A2                              4.000000   13.993863   -9.993864 (VIOLATED)
_11110_/A2                              4.000000   13.993849   -9.993850 (VIOLATED)
_11176_/A2                              4.000000   13.993854   -9.993854 (VIOLATED)
_11069_/S                               4.000000   13.993835   -9.993835 (VIOLATED)
_11099_/S                               4.000000   13.993827   -9.993827 (VIOLATED)
_11101_/S                               4.000000   13.993822   -9.993823 (VIOLATED)
_11109_/A2                              4.000000   13.993817   -9.993817 (VIOLATED)
_11112_/A2                              4.000000   13.993816   -9.993815 (VIOLATED)
_11167_/S                               4.000000   13.993806   -9.993805 (VIOLATED)
_11173_/A2                              4.000000   13.993801   -9.993802 (VIOLATED)
_11165_/S                               4.000000   13.993785   -9.993786 (VIOLATED)
_11178_/A2                              4.000000   13.993787   -9.993788 (VIOLATED)
_11114_/A2                              4.000000   13.993708   -9.993708 (VIOLATED)
_11120_/A2                              4.000000   13.993666   -9.993665 (VIOLATED)
_11180_/A2                              4.000000   13.993667   -9.993667 (VIOLATED)
_11184_/A2                              4.000000   13.993667   -9.993667 (VIOLATED)
_11116_/A2                              4.000000   13.993652   -9.993652 (VIOLATED)
_11118_/A2                              4.000000   13.993640   -9.993640 (VIOLATED)
_11182_/A2                              4.000000   13.993623   -9.993622 (VIOLATED)
_11067_/S                               4.000000   13.993557   -9.993556 (VIOLATED)
_11163_/S                               4.000000   13.993523   -9.993523 (VIOLATED)
_11131_/S                               4.000000   13.993368   -9.993368 (VIOLATED)
_11103_/S                               4.000000   13.993340   -9.993340 (VIOLATED)
_11071_/S                               4.000000   13.992928   -9.992928 (VIOLATED)
_11141_/A2                              4.000000   13.992607   -9.992608 (VIOLATED)
_11142_/A2                              4.000000   13.992610   -9.992610 (VIOLATED)
_11144_/A2                              4.000000   13.992610   -9.992610 (VIOLATED)
_11148_/A2                              4.000000   13.992611   -9.992612 (VIOLATED)
_11150_/A2                              4.000000   13.992613   -9.992613 (VIOLATED)
_11146_/A2                              4.000000   13.992599   -9.992599 (VIOLATED)
_11152_/A2                              4.000000   13.992608   -9.992608 (VIOLATED)
_11086_/A2                              4.000000   13.992584   -9.992585 (VIOLATED)
_11082_/A2                              4.000000   13.992567   -9.992567 (VIOLATED)
_11080_/A2                              4.000000   13.992554   -9.992555 (VIOLATED)
_11077_/A2                              4.000000   13.992509   -9.992509 (VIOLATED)
_11084_/A2                              4.000000   13.992146   -9.992146 (VIOLATED)
_11088_/A2                              4.000000   13.991869   -9.991869 (VIOLATED)
_11078_/A2                              4.000000   13.991837   -9.991837 (VIOLATED)
_11058_/ZN                              4.000000   13.989807   -9.989806 (VIOLATED)
_11657_/C                               4.000000   13.954439   -9.954439 (VIOLATED)
_11621_/B                               4.000000   13.954400   -9.954400 (VIOLATED)
_11692_/A2                              4.000000   13.954410   -9.954410 (VIOLATED)
_11593_/C                               4.000000   13.954328   -9.954328 (VIOLATED)
_11630_/A2                              4.000000   13.954326   -9.954326 (VIOLATED)
_11337_/A2                              4.000000   13.954315   -9.954315 (VIOLATED)
_11344_/A2                              4.000000   13.954253   -9.954253 (VIOLATED)
_11345_/A2                              4.000000   13.954226   -9.954226 (VIOLATED)
_11369_/B                               4.000000   13.954206   -9.954206 (VIOLATED)
_11649_/A2                              4.000000   13.954080   -9.954079 (VIOLATED)
_11641_/A2                              4.000000   13.953970   -9.953970 (VIOLATED)
_11604_/C                               4.000000   13.953897   -9.953896 (VIOLATED)
_11325_/A2                              4.000000   13.953878   -9.953878 (VIOLATED)
_11320_/A2                              4.000000   13.953835   -9.953835 (VIOLATED)
_11831_/B                               4.000000   13.953697   -9.953697 (VIOLATED)
_11487_/B                               4.000000   13.953667   -9.953667 (VIOLATED)
_11492_/A1                              4.000000   13.953669   -9.953669 (VIOLATED)
_11556_/B                               4.000000   13.953659   -9.953659 (VIOLATED)
_11572_/C                               4.000000   13.953666   -9.953667 (VIOLATED)
_11577_/A1                              4.000000   13.953668   -9.953669 (VIOLATED)
_11503_/C                               4.000000   13.953616   -9.953617 (VIOLATED)
_11355_/C                               4.000000   13.953600   -9.953599 (VIOLATED)
_11508_/A1                              4.000000   13.953601   -9.953601 (VIOLATED)
_11471_/C                               4.000000   13.953523   -9.953523 (VIOLATED)
_11520_/B                               4.000000   13.953531   -9.953531 (VIOLATED)
_11476_/A1                              4.000000   13.953521   -9.953521 (VIOLATED)
_11538_/B                               4.000000   13.953524   -9.953523 (VIOLATED)
_11813_/B                               4.000000   13.953433   -9.953432 (VIOLATED)
_11674_/B                               4.000000   13.953297   -9.953297 (VIOLATED)
_11456_/B                               4.000000   13.953249   -9.953249 (VIOLATED)
_11423_/B                               4.000000   13.953138   -9.953139 (VIOLATED)
_11770_/B                               4.000000   13.953121   -9.953121 (VIOLATED)
_11799_/B                               4.000000   13.953107   -9.953107 (VIOLATED)
_11787_/B                               4.000000   13.953075   -9.953075 (VIOLATED)
_11441_/C                               4.000000   13.953017   -9.953016 (VIOLATED)
_11728_/B                               4.000000   13.953011   -9.953012 (VIOLATED)
_11715_/B                               4.000000   13.952983   -9.952983 (VIOLATED)
_11759_/B                               4.000000   13.952952   -9.952952 (VIOLATED)
_11412_/A1                              4.000000   13.952840   -9.952841 (VIOLATED)
_11408_/C                               4.000000   13.952808   -9.952808 (VIOLATED)
_11386_/B                               4.000000   13.952757   -9.952757 (VIOLATED)
_11742_/B                               4.000000   13.952761   -9.952761 (VIOLATED)
_11318_/ZN                              4.000000   13.952635   -9.952635 (VIOLATED)
_13871_/B                               4.000000   12.907524   -8.907524 (VIOLATED)
_13882_/A1                              4.000000   12.907523   -8.907524 (VIOLATED)
_14709_/B                               4.000000   12.907521   -8.907522 (VIOLATED)
_13892_/B                               4.000000   12.907508   -8.907508 (VIOLATED)
_13907_/A1                              4.000000   12.907495   -8.907495 (VIOLATED)
_14726_/B                               4.000000   12.907487   -8.907487 (VIOLATED)
_14367_/A2                              4.000000   12.907366   -8.907366 (VIOLATED)
_14371_/A2                              4.000000   12.907358   -8.907359 (VIOLATED)
_14379_/A2                              4.000000   12.907361   -8.907360 (VIOLATED)
_14383_/A2                              4.000000   12.907357   -8.907357 (VIOLATED)
_13914_/B                               4.000000   12.907344   -8.907345 (VIOLATED)
_14387_/A2                              4.000000   12.907350   -8.907350 (VIOLATED)
_14375_/A2                              4.000000   12.907325   -8.907325 (VIOLATED)
_14755_/B                               4.000000   12.907240   -8.907240 (VIOLATED)
_14763_/S                               4.000000   12.907177   -8.907178 (VIOLATED)
_13942_/A1                              4.000000   12.907146   -8.907146 (VIOLATED)
_14770_/B                               4.000000   12.907099   -8.907100 (VIOLATED)
_14917_/S                               4.000000   12.907080   -8.907080 (VIOLATED)
_14988_/S                               4.000000   12.907007   -8.907007 (VIOLATED)
_14992_/S                               4.000000   12.907004   -8.907005 (VIOLATED)
_14996_/S                               4.000000   12.906993   -8.906993 (VIOLATED)
_14788_/B                               4.000000   12.906968   -8.906968 (VIOLATED)
_15000_/S                               4.000000   12.906978   -8.906977 (VIOLATED)
_15004_/S                               4.000000   12.906962   -8.906962 (VIOLATED)
_15007_/S                               4.000000   12.906947   -8.906946 (VIOLATED)
_14799_/B                               4.000000   12.906899   -8.906898 (VIOLATED)
_14930_/S                               4.000000   12.906896   -8.906895 (VIOLATED)
_14934_/S                               4.000000   12.906878   -8.906879 (VIOLATED)
_14938_/S                               4.000000   12.906878   -8.906879 (VIOLATED)
_14942_/S                               4.000000   12.906881   -8.906880 (VIOLATED)
_14945_/S                               4.000000   12.906882   -8.906882 (VIOLATED)
_14949_/B                               4.000000   12.906885   -8.906884 (VIOLATED)
_14391_/A2                              4.000000   12.906861   -8.906861 (VIOLATED)
_14808_/B                               4.000000   12.906866   -8.906867 (VIOLATED)
_13876_/B                               4.000000   12.906841   -8.906841 (VIOLATED)
_13957_/A1                              4.000000   12.906839   -8.906840 (VIOLATED)
_14666_/B                               4.000000   12.906848   -8.906847 (VIOLATED)
_15011_/B                               4.000000   12.906846   -8.906845 (VIOLATED)
_14365_/A2                              4.000000   12.906826   -8.906826 (VIOLATED)
_14658_/B                               4.000000   12.906826   -8.906826 (VIOLATED)
_09556_/ZN                              4.000000   12.906783   -8.906783 (VIOLATED)
_13970_/A1                              4.000000   12.906783   -8.906783 (VIOLATED)
_14626_/B                               4.000000   12.906783   -8.906783 (VIOLATED)
_14638_/B                               4.000000   12.906783   -8.906783 (VIOLATED)
_14647_/B                               4.000000   12.906783   -8.906783 (VIOLATED)
_14667_/A2                              4.000000   12.906783   -8.906783 (VIOLATED)
_14926_/S                               4.000000   12.906783   -8.906783 (VIOLATED)
_11485_/S                               4.000000   12.906580   -8.906581 (VIOLATED)
_11558_/B                               4.000000   12.906572   -8.906571 (VIOLATED)
_11523_/A1                              4.000000   12.906547   -8.906547 (VIOLATED)
_11470_/S                               4.000000   12.906509   -8.906509 (VIOLATED)
_11502_/S                               4.000000   12.906405   -8.906404 (VIOLATED)
_11813_/A2                              4.000000   12.906365   -8.906365 (VIOLATED)
_11817_/S                               4.000000   12.906308   -8.906309 (VIOLATED)
_11834_/A1                              4.000000   12.906201   -8.906202 (VIOLATED)
_11458_/B                               4.000000   12.906166   -8.906167 (VIOLATED)
_11803_/S                               4.000000   12.906034   -8.906034 (VIOLATED)
_11770_/A2                              4.000000   12.905945   -8.905945 (VIOLATED)
_11799_/A2                              4.000000   12.905954   -8.905953 (VIOLATED)
_11774_/S                               4.000000   12.905942   -8.905941 (VIOLATED)
_11787_/A2                              4.000000   12.905779   -8.905780 (VIOLATED)
_11759_/A2                              4.000000   12.905768   -8.905768 (VIOLATED)
_11761_/S                               4.000000   12.905759   -8.905758 (VIOLATED)
_11321_/B                               4.000000   12.905692   -8.905692 (VIOLATED)
_11326_/A1                              4.000000   12.905691   -8.905690 (VIOLATED)
_11328_/S                               4.000000   12.905684   -8.905685 (VIOLATED)
_11605_/S                               4.000000   12.905673   -8.905673 (VIOLATED)
_11644_/A1                              4.000000   12.905664   -8.905664 (VIOLATED)
_11591_/S                               4.000000   12.905626   -8.905626 (VIOLATED)
_11596_/S                               4.000000   12.905630   -8.905630 (VIOLATED)
_11658_/S                               4.000000   12.905620   -8.905620 (VIOLATED)
_11695_/S                               4.000000   12.905628   -8.905628 (VIOLATED)
_11627_/B                               4.000000   12.905601   -8.905600 (VIOLATED)
_11340_/A1                              4.000000   12.905568   -8.905568 (VIOLATED)
_11746_/S                               4.000000   12.905519   -8.905520 (VIOLATED)
_11374_/A1                              4.000000   12.905503   -8.905504 (VIOLATED)
_11369_/A2                              4.000000   12.905486   -8.905486 (VIOLATED)
_11742_/A2                              4.000000   12.905455   -8.905455 (VIOLATED)
_11428_/S                               4.000000   12.905396   -8.905396 (VIOLATED)
_11728_/A2                              4.000000   12.905405   -8.905405 (VIOLATED)
_11717_/B                               4.000000   12.905394   -8.905394 (VIOLATED)
_11392_/A1                              4.000000   12.905380   -8.905380 (VIOLATED)
_11406_/A2                              4.000000   12.905381   -8.905381 (VIOLATED)
_11317_/ZN                              4.000000   12.905328   -8.905329 (VIOLATED)
_14854_/S                               4.000000   12.566228   -8.566227 (VIOLATED)
_14855_/S                               4.000000   12.566217   -8.566218 (VIOLATED)
_14849_/S                               4.000000   12.566164   -8.566163 (VIOLATED)
_14865_/S                               4.000000   12.564719   -8.564719 (VIOLATED)
_14886_/S                               4.000000   12.564503   -8.564502 (VIOLATED)
_14883_/S                               4.000000   12.564263   -8.564262 (VIOLATED)
_14884_/S                               4.000000   12.564198   -8.564198 (VIOLATED)
_14864_/S                               4.000000   12.564005   -8.564005 (VIOLATED)
_14882_/S                               4.000000   12.563848   -8.563847 (VIOLATED)
_14881_/S                               4.000000   12.563657   -8.563657 (VIOLATED)
_14859_/S                               4.000000   12.563625   -8.563624 (VIOLATED)
_14861_/S                               4.000000   12.563617   -8.563616 (VIOLATED)
_14862_/S                               4.000000   12.563609   -8.563609 (VIOLATED)
_14879_/S                               4.000000   12.563563   -8.563562 (VIOLATED)
_14857_/S                               4.000000   12.563531   -8.563531 (VIOLATED)
_14858_/S                               4.000000   12.563531   -8.563531 (VIOLATED)
_14860_/S                               4.000000   12.563533   -8.563532 (VIOLATED)
_14874_/S                               4.000000   12.563522   -8.563521 (VIOLATED)
_14875_/S                               4.000000   12.563513   -8.563513 (VIOLATED)
_14876_/S                               4.000000   12.563505   -8.563506 (VIOLATED)
_14880_/S                               4.000000   12.563511   -8.563511 (VIOLATED)
_14877_/S                               4.000000   12.563500   -8.563500 (VIOLATED)
_14878_/S                               4.000000   12.563501   -8.563502 (VIOLATED)
_14873_/S                               4.000000   12.563454   -8.563455 (VIOLATED)
_14891_/S                               4.000000   12.563386   -8.563387 (VIOLATED)
_14747_/S                               4.000000   12.563355   -8.563354 (VIOLATED)
_14693_/S                               4.000000   12.563326   -8.563326 (VIOLATED)
_14955_/S                               4.000000   12.563295   -8.563296 (VIOLATED)
_14960_/S                               4.000000   12.563279   -8.563278 (VIOLATED)
_14894_/S                               4.000000   12.563172   -8.563171 (VIOLATED)
_14737_/S                               4.000000   12.563133   -8.563132 (VIOLATED)
_14599_/S                               4.000000   12.563098   -8.563097 (VIOLATED)
_14899_/S                               4.000000   12.563097   -8.563097 (VIOLATED)
_14975_/S                               4.000000   12.563060   -8.563060 (VIOLATED)
_14972_/S                               4.000000   12.562983   -8.562984 (VIOLATED)
_14863_/S                               4.000000   12.562936   -8.562936 (VIOLATED)
clone2/ZN                               4.000000   12.562885   -8.562885 (VIOLATED)
_11694_/A2                              4.000000   12.447469   -8.447469 (VIOLATED)
_11625_/A1                              4.000000   12.447438   -8.447438 (VIOLATED)
_11633_/A2                              4.000000   12.447417   -8.447417 (VIOLATED)
_11346_/A2                              4.000000   12.447393   -8.447394 (VIOLATED)
_11651_/A2                              4.000000   12.447339   -8.447339 (VIOLATED)
_11611_/A1                              4.000000   12.447295   -8.447294 (VIOLATED)
_11330_/S1                              4.000000   12.447253   -8.447254 (VIOLATED)
_11524_/A1                              4.000000   12.447203   -8.447203 (VIOLATED)
_11528_/A1                              4.000000   12.447201   -8.447201 (VIOLATED)
_11484_/B                               4.000000   12.447184   -8.447183 (VIOLATED)
_11494_/A1                              4.000000   12.447180   -8.447179 (VIOLATED)
_11563_/A1                              4.000000   12.447155   -8.447154 (VIOLATED)
_11559_/A1                              4.000000   12.447126   -8.447125 (VIOLATED)
_11509_/A1                              4.000000   12.447101   -8.447101 (VIOLATED)
_11835_/A1                              4.000000   12.447046   -8.447046 (VIOLATED)
_11839_/A1                              4.000000   12.447043   -8.447044 (VIOLATED)
_11510_/A1                              4.000000   12.447030   -8.447030 (VIOLATED)
_11578_/A1                              4.000000   12.446996   -8.446997 (VIOLATED)
_11579_/A1                              4.000000   12.446989   -8.446989 (VIOLATED)
_11429_/B2                              4.000000   12.446939   -8.446939 (VIOLATED)
_11414_/A1                              4.000000   12.446858   -8.446857 (VIOLATED)
_11421_/B                               4.000000   12.446820   -8.446820 (VIOLATED)
_11545_/A1                              4.000000   12.446812   -8.446812 (VIOLATED)
_11477_/A1                              4.000000   12.446803   -8.446802 (VIOLATED)
_11478_/A1                              4.000000   12.446795   -8.446795 (VIOLATED)
_11821_/A1                              4.000000   12.446794   -8.446794 (VIOLATED)
_11722_/A1                              4.000000   12.446732   -8.446732 (VIOLATED)
_11718_/A1                              4.000000   12.446700   -8.446699 (VIOLATED)
_11736_/A1                              4.000000   12.446626   -8.446625 (VIOLATED)
_11459_/A1                              4.000000   12.446594   -8.446595 (VIOLATED)
_11463_/A1                              4.000000   12.446598   -8.446598 (VIOLATED)
_11807_/A1                              4.000000   12.446478   -8.446478 (VIOLATED)
_11778_/A1                              4.000000   12.446445   -8.446444 (VIOLATED)
_11750_/A1                              4.000000   12.446401   -8.446402 (VIOLATED)
_11764_/A1                              4.000000   12.446360   -8.446361 (VIOLATED)
clone49/ZN                              4.000000   12.446304   -8.446305 (VIOLATED)
_11559_/B                               4.000000   12.255566   -8.255566 (VIOLATED)
_11562_/A1                              4.000000   12.255562   -8.255562 (VIOLATED)
_11496_/A1                              4.000000   12.255549   -8.255549 (VIOLATED)
_11495_/B                               4.000000   12.255541   -8.255541 (VIOLATED)
_11524_/B                               4.000000   12.255505   -8.255505 (VIOLATED)
_11527_/A1                              4.000000   12.255500   -8.255500 (VIOLATED)
_11547_/A1                              4.000000   12.255481   -8.255480 (VIOLATED)
_11546_/B                               4.000000   12.255459   -8.255459 (VIOLATED)
_11835_/B                               4.000000   12.255432   -8.255432 (VIOLATED)
_11838_/A1                              4.000000   12.255411   -8.255411 (VIOLATED)
_11478_/B                               4.000000   12.255379   -8.255379 (VIOLATED)
_11579_/B                               4.000000   12.255372   -8.255372 (VIOLATED)
_11510_/B                               4.000000   12.255361   -8.255361 (VIOLATED)
_11821_/B                               4.000000   12.255275   -8.255274 (VIOLATED)
_11462_/A1                              4.000000   12.255124   -8.255125 (VIOLATED)
_11793_/B                               4.000000   12.255109   -8.255109 (VIOLATED)
_11794_/A1                              4.000000   12.255095   -8.255095 (VIOLATED)
_11629_/A1                              4.000000   12.255071   -8.255072 (VIOLATED)
_11459_/B                               4.000000   12.255060   -8.255061 (VIOLATED)
_11598_/B                               4.000000   12.255057   -8.255057 (VIOLATED)
_11599_/A1                              4.000000   12.255057   -8.255057 (VIOLATED)
_11376_/A1                              4.000000   12.255022   -8.255022 (VIOLATED)
_11379_/B2                              4.000000   12.255013   -8.255013 (VIOLATED)
_11330_/S0                              4.000000   12.254967   -8.254967 (VIOLATED)
_11685_/B                               4.000000   12.254909   -8.254909 (VIOLATED)
_11686_/A1                              4.000000   12.254910   -8.254910 (VIOLATED)
_11807_/B                               4.000000   12.254823   -8.254823 (VIOLATED)
_11399_/A1                              4.000000   12.254788   -8.254789 (VIOLATED)
_11398_/B                               4.000000   12.254758   -8.254757 (VIOLATED)
_11778_/B                               4.000000   12.254760   -8.254759 (VIOLATED)
_11414_/B                               4.000000   12.254695   -8.254695 (VIOLATED)
_11430_/B                               4.000000   12.254608   -8.254608 (VIOLATED)
_11431_/A1                              4.000000   12.254603   -8.254602 (VIOLATED)
_11764_/B                               4.000000   12.254517   -8.254518 (VIOLATED)
_11721_/A1                              4.000000   12.254467   -8.254468 (VIOLATED)
_11718_/B                               4.000000   12.254384   -8.254384 (VIOLATED)
_11736_/B                               4.000000   12.254332   -8.254331 (VIOLATED)
_11750_/B                               4.000000   12.254267   -8.254267 (VIOLATED)
_11314_/ZN                              4.000000   12.254045   -8.254045 (VIOLATED)
_12767_/S                               4.000000   12.058595   -8.058594 (VIOLATED)
_12753_/S                               4.000000   12.058575   -8.058575 (VIOLATED)
_12739_/S                               4.000000   12.058562   -8.058562 (VIOLATED)
_12608_/S                               4.000000   12.058523   -8.058523 (VIOLATED)
_12625_/A2                              4.000000   12.058471   -8.058472 (VIOLATED)
_12727_/S                               4.000000   12.058396   -8.058397 (VIOLATED)
_12733_/S                               4.000000   12.058378   -8.058379 (VIOLATED)
_12746_/A2                              4.000000   12.058386   -8.058386 (VIOLATED)
_12601_/S                               4.000000   12.058371   -8.058371 (VIOLATED)
_12760_/A2                              4.000000   12.058153   -8.058153 (VIOLATED)
_12646_/A2                              4.000000   12.057946   -8.057945 (VIOLATED)
_12838_/A2                              4.000000   12.057941   -8.057942 (VIOLATED)
_12663_/A2                              4.000000   12.057909   -8.057908 (VIOLATED)
_12820_/A2                              4.000000   12.057899   -8.057898 (VIOLATED)
_12803_/A2                              4.000000   12.057851   -8.057852 (VIOLATED)
_12778_/A2                              4.000000   12.057799   -8.057800 (VIOLATED)
_12656_/S                               4.000000   12.057770   -8.057770 (VIOLATED)
_12716_/S                               4.000000   12.057761   -8.057761 (VIOLATED)
_12684_/A2                              4.000000   12.057748   -8.057749 (VIOLATED)
_12710_/A2                              4.000000   12.057739   -8.057739 (VIOLATED)
_12677_/A2                              4.000000   12.057728   -8.057727 (VIOLATED)
_12693_/A2                              4.000000   12.057709   -8.057710 (VIOLATED)
_12783_/S                               4.000000   12.057693   -8.057693 (VIOLATED)
_12702_/A2                              4.000000   12.057672   -8.057673 (VIOLATED)
_12630_/A2                              4.000000   12.057615   -8.057615 (VIOLATED)
_12671_/S                               4.000000   12.057622   -8.057622 (VIOLATED)
_12828_/A2                              4.000000   12.057612   -8.057611 (VIOLATED)
_12638_/A2                              4.000000   12.057597   -8.057597 (VIOLATED)
_12813_/A2                              4.000000   12.057531   -8.057531 (VIOLATED)
_12790_/A2                              4.000000   12.057395   -8.057395 (VIOLATED)
_12797_/S                               4.000000   12.057388   -8.057388 (VIOLATED)
_12599_/ZN                              4.000000   12.057051   -8.057051 (VIOLATED)
_11474_/A1                              4.000000   12.038177   -8.038178 (VIOLATED)
_11475_/A2                              4.000000   12.038181   -8.038182 (VIOLATED)
_11539_/A2                              4.000000   12.038171   -8.038171 (VIOLATED)
_11542_/A1                              4.000000   12.038169   -8.038170 (VIOLATED)
_11536_/A2                              4.000000   12.038151   -8.038152 (VIOLATED)
_11526_/A2                              4.000000   12.038132   -8.038132 (VIOLATED)
_11518_/A2                              4.000000   12.038106   -8.038106 (VIOLATED)
_11488_/A2                              4.000000   12.038064   -8.038065 (VIOLATED)
_11491_/A1                              4.000000   12.038061   -8.038061 (VIOLATED)
_11561_/A2                              4.000000   12.037983   -8.037983 (VIOLATED)
_11554_/A2                              4.000000   12.037965   -8.037965 (VIOLATED)
_11506_/A1                              4.000000   12.037908   -8.037909 (VIOLATED)
_11507_/A2                              4.000000   12.037906   -8.037905 (VIOLATED)
_11570_/A2                              4.000000   12.037846   -8.037847 (VIOLATED)
_11576_/A2                              4.000000   12.037830   -8.037830 (VIOLATED)
_11575_/A1                              4.000000   12.037786   -8.037786 (VIOLATED)
_11829_/A2                              4.000000   12.037745   -8.037745 (VIOLATED)
_11837_/A2                              4.000000   12.037742   -8.037742 (VIOLATED)
_11341_/A1                              4.000000   12.037666   -8.037666 (VIOLATED)
_11645_/A1                              4.000000   12.037673   -8.037674 (VIOLATED)
_11622_/A2                              4.000000   12.037631   -8.037631 (VIOLATED)
_11628_/A2                              4.000000   12.037616   -8.037615 (VIOLATED)
_11697_/A2                              4.000000   12.037621   -8.037621 (VIOLATED)
_11353_/A2                              4.000000   12.037569   -8.037569 (VIOLATED)
_11375_/A2                              4.000000   12.037564   -8.037563 (VIOLATED)
_11454_/A2                              4.000000   12.037567   -8.037567 (VIOLATED)
_11680_/A1                              4.000000   12.037560   -8.037560 (VIOLATED)
_11675_/A2                              4.000000   12.037552   -8.037551 (VIOLATED)
_11425_/A2                              4.000000   12.037525   -8.037524 (VIOLATED)
_11461_/A2                              4.000000   12.037526   -8.037526 (VIOLATED)
_11720_/A2                              4.000000   12.037497   -8.037497 (VIOLATED)
_11713_/A2                              4.000000   12.037479   -8.037480 (VIOLATED)
_11393_/A2                              4.000000   12.037428   -8.037429 (VIOLATED)
_11732_/S                               4.000000   12.037427   -8.037427 (VIOLATED)
_11387_/A2                              4.000000   12.037398   -8.037398 (VIOLATED)
_11439_/A2                              4.000000   12.037378   -8.037379 (VIOLATED)
clone39/ZN                              4.000000   12.037291   -8.037291 (VIOLATED)
_15635_/S                               4.000000   11.662197   -7.662197 (VIOLATED)
_15639_/S                               4.000000   11.662184   -7.662184 (VIOLATED)
_15637_/S                               4.000000   11.662161   -7.662161 (VIOLATED)
_15638_/S                               4.000000   11.662135   -7.662134 (VIOLATED)
_15636_/S                               4.000000   11.662116   -7.662117 (VIOLATED)
_15634_/S                               4.000000   11.662066   -7.662067 (VIOLATED)
_15633_/S                               4.000000   11.661803   -7.661804 (VIOLATED)
_15517_/S                               4.000000   11.661446   -7.661445 (VIOLATED)
_15672_/S                               4.000000   11.661343   -7.661342 (VIOLATED)
_15506_/S                               4.000000   11.661109   -7.661109 (VIOLATED)
_15502_/S                               4.000000   11.660976   -7.660976 (VIOLATED)
_15667_/S                               4.000000   11.660983   -7.660983 (VIOLATED)
_15673_/S                               4.000000   11.660769   -7.660770 (VIOLATED)
_15671_/S                               4.000000   11.660564   -7.660564 (VIOLATED)
_15670_/S                               4.000000   11.660405   -7.660406 (VIOLATED)
_15669_/S                               4.000000   11.660285   -7.660285 (VIOLATED)
_15668_/S                               4.000000   11.660115   -7.660115 (VIOLATED)
_15520_/S                               4.000000   11.659915   -7.659915 (VIOLATED)
_15497_/S                               4.000000   11.659521   -7.659521 (VIOLATED)
_15629_/S                               4.000000   11.659093   -7.659093 (VIOLATED)
_15624_/S                               4.000000   11.659081   -7.659081 (VIOLATED)
_15628_/S                               4.000000   11.659066   -7.659067 (VIOLATED)
_15626_/S                               4.000000   11.659037   -7.659036 (VIOLATED)
_15625_/S                               4.000000   11.658986   -7.658987 (VIOLATED)
_15641_/S                               4.000000   11.658980   -7.658981 (VIOLATED)
_15645_/S                               4.000000   11.658986   -7.658987 (VIOLATED)
_15643_/S                               4.000000   11.658976   -7.658976 (VIOLATED)
_15644_/S                               4.000000   11.658977   -7.658976 (VIOLATED)
_15627_/S                               4.000000   11.658921   -7.658921 (VIOLATED)
_15642_/S                               4.000000   11.658919   -7.658919 (VIOLATED)
_15654_/S                               4.000000   11.658924   -7.658925 (VIOLATED)
_15646_/S                               4.000000   11.658909   -7.658908 (VIOLATED)
_15640_/S                               4.000000   11.658835   -7.658835 (VIOLATED)
_15657_/S                               4.000000   11.658646   -7.658646 (VIOLATED)
_15676_/S                               4.000000   11.658573   -7.658573 (VIOLATED)
_15674_/S                               4.000000   11.658557   -7.658556 (VIOLATED)
_15675_/S                               4.000000   11.658544   -7.658544 (VIOLATED)
_15658_/S                               4.000000   11.658504   -7.658504 (VIOLATED)
_15536_/S                               4.000000   11.658390   -7.658390 (VIOLATED)
_15677_/S                               4.000000   11.658384   -7.658384 (VIOLATED)
_15656_/S                               4.000000   11.658349   -7.658349 (VIOLATED)
_15666_/S                               4.000000   11.658338   -7.658338 (VIOLATED)
_15659_/S                               4.000000   11.658306   -7.658306 (VIOLATED)
_15426_/S                               4.000000   11.658291   -7.658290 (VIOLATED)
_15549_/S                               4.000000   11.658156   -7.658157 (VIOLATED)
_15427_/S                               4.000000   11.658148   -7.658148 (VIOLATED)
_15665_/S                               4.000000   11.658113   -7.658113 (VIOLATED)
_15452_/S                               4.000000   11.657809   -7.657809 (VIOLATED)
_15632_/S                               4.000000   11.657700   -7.657699 (VIOLATED)
_15660_/S                               4.000000   11.657631   -7.657631 (VIOLATED)
_15630_/S                               4.000000   11.657622   -7.657622 (VIOLATED)
_15458_/S                               4.000000   11.657368   -7.657368 (VIOLATED)
_15689_/S                               4.000000   11.657245   -7.657244 (VIOLATED)
_15678_/S                               4.000000   11.657063   -7.657063 (VIOLATED)
_15655_/S                               4.000000   11.657022   -7.657022 (VIOLATED)
_15686_/S                               4.000000   11.656736   -7.656736 (VIOLATED)
_15688_/S                               4.000000   11.656687   -7.656686 (VIOLATED)
_15561_/S                               4.000000   11.656528   -7.656528 (VIOLATED)
_15687_/S                               4.000000   11.656493   -7.656493 (VIOLATED)
_15653_/S                               4.000000   11.656473   -7.656473 (VIOLATED)
_15652_/S                               4.000000   11.656269   -7.656269 (VIOLATED)
_15567_/S                               4.000000   11.656218   -7.656217 (VIOLATED)
_15486_/S                               4.000000   11.656179   -7.656180 (VIOLATED)
_15492_/S                               4.000000   11.656183   -7.656183 (VIOLATED)
_15623_/S                               4.000000   11.656149   -7.656150 (VIOLATED)
_15685_/S                               4.000000   11.656143   -7.656143 (VIOLATED)
_15679_/S                               4.000000   11.656086   -7.656086 (VIOLATED)
_15620_/S                               4.000000   11.655962   -7.655962 (VIOLATED)
_15572_/S                               4.000000   11.655780   -7.655780 (VIOLATED)
_15608_/S                               4.000000   11.655726   -7.655727 (VIOLATED)
_15661_/S                               4.000000   11.655686   -7.655686 (VIOLATED)
_15662_/S                               4.000000   11.655682   -7.655683 (VIOLATED)
_15663_/S                               4.000000   11.655683   -7.655683 (VIOLATED)
_15680_/S                               4.000000   11.655668   -7.655668 (VIOLATED)
_15470_/S                               4.000000   11.655626   -7.655626 (VIOLATED)
_15684_/S                               4.000000   11.655620   -7.655621 (VIOLATED)
_15475_/S                               4.000000   11.655490   -7.655491 (VIOLATED)
_15650_/S                               4.000000   11.655494   -7.655494 (VIOLATED)
_15651_/S                               4.000000   11.655499   -7.655499 (VIOLATED)
_15578_/S                               4.000000   11.655412   -7.655413 (VIOLATED)
_15602_/S                               4.000000   11.655414   -7.655414 (VIOLATED)
_15647_/S                               4.000000   11.655301   -7.655301 (VIOLATED)
_15683_/S                               4.000000   11.655298   -7.655299 (VIOLATED)
_15631_/S                               4.000000   11.655284   -7.655284 (VIOLATED)
_15664_/S                               4.000000   11.655281   -7.655281 (VIOLATED)
_15649_/S                               4.000000   11.655270   -7.655271 (VIOLATED)
_15681_/S                               4.000000   11.655268   -7.655267 (VIOLATED)
_15596_/S                               4.000000   11.655255   -7.655254 (VIOLATED)
_15648_/S                               4.000000   11.655257   -7.655258 (VIOLATED)
_15480_/S                               4.000000   11.655191   -7.655192 (VIOLATED)
_15682_/S                               4.000000   11.655197   -7.655198 (VIOLATED)
_15591_/S                               4.000000   11.655166   -7.655166 (VIOLATED)
_15585_/S                               4.000000   11.655142   -7.655142 (VIOLATED)
_15424_/ZN                              4.000000   11.655101   -7.655102 (VIOLATED)
_12243_/A2                              4.000000   11.179023   -7.179022 (VIOLATED)
_12248_/A2                              4.000000   11.179028   -7.179028 (VIOLATED)
_12244_/A2                              4.000000   11.179015   -7.179015 (VIOLATED)
_12250_/A2                              4.000000   11.179017   -7.179017 (VIOLATED)
_12157_/A2                              4.000000   11.179003   -7.179003 (VIOLATED)
_12152_/A2                              4.000000   11.178990   -7.178990 (VIOLATED)
_12205_/A2                              4.000000   11.178928   -7.178928 (VIOLATED)
_12201_/A2                              4.000000   11.178893   -7.178893 (VIOLATED)
_12399_/A2                              4.000000   11.178885   -7.178885 (VIOLATED)
_12353_/A2                              4.000000   11.178871   -7.178872 (VIOLATED)
_12355_/A2                              4.000000   11.178869   -7.178870 (VIOLATED)
_12359_/A2                              4.000000   11.178862   -7.178862 (VIOLATED)
_12223_/A2                              4.000000   11.178836   -7.178836 (VIOLATED)
_12319_/A2                              4.000000   11.178815   -7.178814 (VIOLATED)
_12320_/A2                              4.000000   11.178818   -7.178818 (VIOLATED)
_12136_/A2                              4.000000   11.178801   -7.178801 (VIOLATED)
_11984_/A2                              4.000000   11.178779   -7.178779 (VIOLATED)
_12315_/A2                              4.000000   11.178757   -7.178757 (VIOLATED)
_12218_/A2                              4.000000   11.178717   -7.178717 (VIOLATED)
_12582_/A2                              4.000000   11.178699   -7.178699 (VIOLATED)
_12264_/A2                              4.000000   11.178686   -7.178686 (VIOLATED)
_12259_/A2                              4.000000   11.178665   -7.178666 (VIOLATED)
_12288_/A2                              4.000000   11.178673   -7.178672 (VIOLATED)
_12177_/A2                              4.000000   11.178651   -7.178651 (VIOLATED)
_12184_/A2                              4.000000   11.178650   -7.178650 (VIOLATED)
_12179_/A2                              4.000000   11.178642   -7.178642 (VIOLATED)
_12332_/A2                              4.000000   11.178563   -7.178563 (VIOLATED)
_12021_/A2                              4.000000   11.178536   -7.178536 (VIOLATED)
_11868_/A2                              4.000000   11.178494   -7.178495 (VIOLATED)
_12335_/A2                              4.000000   11.178500   -7.178500 (VIOLATED)
_11855_/A2                              4.000000   11.178480   -7.178480 (VIOLATED)
_12003_/A2                              4.000000   11.178472   -7.178472 (VIOLATED)
_12002_/A2                              4.000000   11.178456   -7.178457 (VIOLATED)
_12562_/A2                              4.000000   11.178411   -7.178411 (VIOLATED)
_12580_/A2                              4.000000   11.178387   -7.178387 (VIOLATED)
_12118_/A2                              4.000000   11.178348   -7.178348 (VIOLATED)
_12119_/A2                              4.000000   11.178351   -7.178351 (VIOLATED)
_12375_/A2                              4.000000   11.178243   -7.178243 (VIOLATED)
_12544_/A2                              4.000000   11.178111   -7.178111 (VIOLATED)
_12380_/A2                              4.000000   11.178090   -7.178090 (VIOLATED)
_12524_/A2                              4.000000   11.178078   -7.178077 (VIOLATED)
_12485_/A2                              4.000000   11.177892   -7.177892 (VIOLATED)
_12424_/A2                              4.000000   11.177869   -7.177869 (VIOLATED)
_12419_/A2                              4.000000   11.177828   -7.177828 (VIOLATED)
_12099_/A2                              4.000000   11.177778   -7.177778 (VIOLATED)
_12502_/A2                              4.000000   11.177783   -7.177783 (VIOLATED)
_12441_/A2                              4.000000   11.177765   -7.177765 (VIOLATED)
_12447_/A2                              4.000000   11.177766   -7.177766 (VIOLATED)
_12426_/A2                              4.000000   11.177750   -7.177750 (VIOLATED)
_12420_/A2                              4.000000   11.177727   -7.177727 (VIOLATED)
_12461_/A2                              4.000000   11.177640   -7.177639 (VIOLATED)
_12467_/A2                              4.000000   11.177642   -7.177642 (VIOLATED)
_12463_/A2                              4.000000   11.177563   -7.177562 (VIOLATED)
_11853_/ZN                              4.000000   11.177462   -7.177462 (VIOLATED)
_10452_/C                               4.000000   11.113898   -7.113899 (VIOLATED)
_10504_/A2                              4.000000   11.113883   -7.113883 (VIOLATED)
_10505_/A1                              4.000000   11.113879   -7.113879 (VIOLATED)
_10478_/A2                              4.000000   11.113870   -7.113869 (VIOLATED)
_10582_/A2                              4.000000   11.113864   -7.113864 (VIOLATED)
_10583_/A1                              4.000000   11.113864   -7.113864 (VIOLATED)
_17525_/A2                              4.000000   11.113857   -7.113858 (VIOLATED)
_17526_/A1                              4.000000   11.113865   -7.113865 (VIOLATED)
_10530_/A2                              4.000000   11.113832   -7.113832 (VIOLATED)
_10531_/A1                              4.000000   11.113806   -7.113805 (VIOLATED)
_10453_/A2                              4.000000   11.113741   -7.113740 (VIOLATED)
_17504_/A2                              4.000000   11.113689   -7.113689 (VIOLATED)
_17505_/A1                              4.000000   11.113689   -7.113690 (VIOLATED)
_10427_/C                               4.000000   11.113655   -7.113655 (VIOLATED)
_10428_/A2                              4.000000   11.113654   -7.113654 (VIOLATED)
_10402_/A2                              4.000000   11.113644   -7.113644 (VIOLATED)
_10403_/A1                              4.000000   11.113641   -7.113641 (VIOLATED)
_17462_/A2                              4.000000   11.113564   -7.113564 (VIOLATED)
_17463_/A1                              4.000000   11.113553   -7.113553 (VIOLATED)
_17441_/A2                              4.000000   11.113534   -7.113533 (VIOLATED)
_17442_/A1                              4.000000   11.113530   -7.113530 (VIOLATED)
_17420_/A2                              4.000000   11.113421   -7.113421 (VIOLATED)
_17421_/A1                              4.000000   11.113422   -7.113422 (VIOLATED)
_10375_/A2                              4.000000   11.113197   -7.113198 (VIOLATED)
_10376_/A1                              4.000000   11.113152   -7.113152 (VIOLATED)
_17400_/A1                              4.000000   11.113020   -7.113020 (VIOLATED)
_17399_/A2                              4.000000   11.112981   -7.112981 (VIOLATED)
_17379_/A1                              4.000000   11.112849   -7.112850 (VIOLATED)
_17378_/A2                              4.000000   11.112768   -7.112768 (VIOLATED)
_17357_/A2                              4.000000   11.112594   -7.112594 (VIOLATED)
_17356_/B                               4.000000   11.112585   -7.112585 (VIOLATED)
_17311_/B                               4.000000   11.112566   -7.112566 (VIOLATED)
_10240_/B                               4.000000   11.112542   -7.112542 (VIOLATED)
_10209_/B                               4.000000   11.112526   -7.112526 (VIOLATED)
_10320_/A2                              4.000000   11.112534   -7.112534 (VIOLATED)
_10321_/A1                              4.000000   11.112526   -7.112526 (VIOLATED)
_17202_/B                               4.000000   11.112528   -7.112528 (VIOLATED)
_10266_/C                               4.000000   11.112517   -7.112517 (VIOLATED)
_10267_/A2                              4.000000   11.112483   -7.112483 (VIOLATED)
_10241_/A2                              4.000000   11.112473   -7.112472 (VIOLATED)
_17290_/A2                              4.000000   11.112479   -7.112479 (VIOLATED)
_17333_/A2                              4.000000   11.112480   -7.112480 (VIOLATED)
_17203_/A2                              4.000000   11.112462   -7.112463 (VIOLATED)
_10164_/ZN                              4.000000   11.112427   -7.112427 (VIOLATED)
_17224_/A2                              4.000000   11.112427   -7.112427 (VIOLATED)
_17225_/A1                              4.000000   11.112427   -7.112427 (VIOLATED)
_10556_/C2                              4.000000   11.074052   -7.074052 (VIOLATED)
_10443_/C                               4.000000   11.073994   -7.073994 (VIOLATED)
_10503_/A1                              4.000000   11.073953   -7.073953 (VIOLATED)
_10529_/B2                              4.000000   11.073869   -7.073868 (VIOLATED)
_10427_/A1                              4.000000   11.073709   -7.073709 (VIOLATED)
_10581_/A1                              4.000000   11.073627   -7.073627 (VIOLATED)
_10476_/C                               4.000000   11.073544   -7.073543 (VIOLATED)
_17503_/B2                              4.000000   11.073450   -7.073450 (VIOLATED)
_17460_/A1                              4.000000   11.073320   -7.073320 (VIOLATED)
_17414_/A1                              4.000000   11.073033   -7.073033 (VIOLATED)
_17482_/A1                              4.000000   11.072695   -7.072695 (VIOLATED)
_17524_/A1                              4.000000   11.072121   -7.072120 (VIOLATED)
_10401_/B2                              4.000000   11.071980   -7.071979 (VIOLATED)
_17440_/B2                              4.000000   11.071143   -7.071144 (VIOLATED)
_10374_/B2                              4.000000   11.070544   -7.070544 (VIOLATED)
_17389_/C                               4.000000   11.069924   -7.069924 (VIOLATED)
_17377_/A1                              4.000000   11.069574   -7.069574 (VIOLATED)
_17355_/B2                              4.000000   11.069035   -7.069035 (VIOLATED)
_10336_/C                               4.000000   11.068080   -7.068080 (VIOLATED)
_10319_/A1                              4.000000   11.068042   -7.068042 (VIOLATED)
_10290_/B2                              4.000000   11.068014   -7.068014 (VIOLATED)
_17310_/A1                              4.000000   11.067406   -7.067406 (VIOLATED)
_10230_/A1                              4.000000   11.066698   -7.066698 (VIOLATED)
_17266_/A1                              4.000000   11.066332   -7.066332 (VIOLATED)
_10174_/A1                              4.000000   11.065985   -7.065985 (VIOLATED)
_17223_/C2                              4.000000   11.065984   -7.065984 (VIOLATED)
_17201_/A1                              4.000000   11.065683   -7.065684 (VIOLATED)
_10208_/B2                              4.000000   11.065572   -7.065572 (VIOLATED)
_17244_/A1                              4.000000   11.065318   -7.065318 (VIOLATED)
_10157_/ZN                              4.000000   11.065207   -7.065208 (VIOLATED)
_10257_/A1                              4.000000   11.065207   -7.065208 (VIOLATED)
_10401_/C1                              4.000000   11.045542   -7.045542 (VIOLATED)
_17482_/B2                              4.000000   11.045538   -7.045538 (VIOLATED)
_17440_/C2                              4.000000   11.045496   -7.045496 (VIOLATED)
_10374_/A1                              4.000000   11.045417   -7.045416 (VIOLATED)
_17377_/B2                              4.000000   11.045313   -7.045312 (VIOLATED)
_17354_/A1                              4.000000   11.045231   -7.045231 (VIOLATED)
_10344_/C                               4.000000   11.045140   -7.045140 (VIOLATED)
_10319_/B2                              4.000000   11.045062   -7.045062 (VIOLATED)
_10290_/A1                              4.000000   11.045007   -7.045007 (VIOLATED)
_17524_/B2                              4.000000   11.045006   -7.045006 (VIOLATED)
_10581_/B2                              4.000000   11.044987   -7.044987 (VIOLATED)
_10472_/C                               4.000000   11.044971   -7.044971 (VIOLATED)
_10556_/B2                              4.000000   11.044940   -7.044940 (VIOLATED)
_10452_/A1                              4.000000   11.044891   -7.044891 (VIOLATED)
_10503_/B2                              4.000000   11.044868   -7.044868 (VIOLATED)
_10529_/A1                              4.000000   11.044831   -7.044831 (VIOLATED)
_17503_/C2                              4.000000   11.044786   -7.044787 (VIOLATED)
_10266_/A1                              4.000000   11.044733   -7.044734 (VIOLATED)
_10421_/C                               4.000000   11.044724   -7.044724 (VIOLATED)
_10239_/A1                              4.000000   11.044673   -7.044673 (VIOLATED)
_10174_/B1                              4.000000   11.044659   -7.044659 (VIOLATED)
_17223_/B2                              4.000000   11.044656   -7.044656 (VIOLATED)
_17200_/A1                              4.000000   11.044634   -7.044634 (VIOLATED)
_10201_/C                               4.000000   11.044571   -7.044571 (VIOLATED)
_17236_/A1                              4.000000   11.044474   -7.044473 (VIOLATED)
_10180_/A2                              4.000000   11.044460   -7.044461 (VIOLATED)
_10166_/ZN                              4.000000   11.044373   -7.044373 (VIOLATED)
_11664_/A1                              4.000000   10.998381   -6.998380 (VIOLATED)
_11662_/S                               4.000000   10.998371   -6.998372 (VIOLATED)
_11667_/B                               4.000000   10.998377   -6.998377 (VIOLATED)
_11693_/A1                              4.000000   10.998371   -6.998372 (VIOLATED)
_11698_/B                               4.000000   10.998367   -6.998367 (VIOLATED)
_11703_/B                               4.000000   10.998350   -6.998350 (VIOLATED)
_11632_/A1                              4.000000   10.998288   -6.998288 (VIOLATED)
_11343_/B                               4.000000   10.998267   -6.998268 (VIOLATED)
_11594_/A1                              4.000000   10.998262   -6.998262 (VIOLATED)
_11597_/A1                              4.000000   10.998260   -6.998260 (VIOLATED)
_11340_/B                               4.000000   10.998253   -6.998252 (VIOLATED)
_11647_/B                               4.000000   10.998252   -6.998251 (VIOLATED)
_11345_/B                               4.000000   10.998215   -6.998215 (VIOLATED)
_11598_/A1                              4.000000   10.998194   -6.998194 (VIOLATED)
_11614_/B                               4.000000   10.998190   -6.998190 (VIOLATED)
_11650_/A1                              4.000000   10.998191   -6.998191 (VIOLATED)
_11644_/B                               4.000000   10.998184   -6.998184 (VIOLATED)
_11378_/S                               4.000000   10.998110   -6.998109 (VIOLATED)
_11609_/S                               4.000000   10.998071   -6.998070 (VIOLATED)
_11359_/B                               4.000000   10.997896   -6.997896 (VIOLATED)
_11356_/C                               4.000000   10.997860   -6.997860 (VIOLATED)
_11352_/S                               4.000000   10.997735   -6.997736 (VIOLATED)
_11685_/A1                              4.000000   10.997591   -6.997591 (VIOLATED)
_11426_/B                               4.000000   10.997365   -6.997365 (VIOLATED)
_11398_/A1                              4.000000   10.997317   -6.997317 (VIOLATED)
_11493_/A1                              4.000000   10.997113   -6.997113 (VIOLATED)
_11544_/A1                              4.000000   10.997105   -6.997105 (VIOLATED)
_11546_/A1                              4.000000   10.997099   -6.997098 (VIOLATED)
_11791_/C                               4.000000   10.997058   -6.997058 (VIOLATED)
_11793_/A1                              4.000000   10.997043   -6.997043 (VIOLATED)
_11413_/A1                              4.000000   10.997031   -6.997031 (VIOLATED)
_11438_/S                               4.000000   10.997014   -6.997014 (VIOLATED)
_11442_/C                               4.000000   10.997013   -6.997014 (VIOLATED)
_11411_/C                               4.000000   10.997006   -6.997006 (VIOLATED)
_11444_/C                               4.000000   10.997008   -6.997008 (VIOLATED)
_11322_/ZN                              4.000000   10.996966   -6.996966 (VIOLATED)
_11826_/S                               4.000000   10.604205   -6.604205 (VIOLATED)
_11829_/B                               4.000000   10.604195   -6.604194 (VIOLATED)
_11483_/A2                              4.000000   10.604146   -6.604146 (VIOLATED)
_11484_/A2                              4.000000   10.604146   -6.604146 (VIOLATED)
_11518_/B                               4.000000   10.604126   -6.604126 (VIOLATED)
_11568_/S                               4.000000   10.604120   -6.604121 (VIOLATED)
_11536_/B                               4.000000   10.604103   -6.604103 (VIOLATED)
_11554_/B                               4.000000   10.604096   -6.604096 (VIOLATED)
_11468_/S                               4.000000   10.604081   -6.604082 (VIOLATED)
_11551_/S                               4.000000   10.604083   -6.604083 (VIOLATED)
_11515_/S                               4.000000   10.604072   -6.604072 (VIOLATED)
_11500_/S                               4.000000   10.604053   -6.604053 (VIOLATED)
_11533_/S                               4.000000   10.604030   -6.604030 (VIOLATED)
_11814_/C                               4.000000   10.603855   -6.603855 (VIOLATED)
_11819_/S                               4.000000   10.603517   -6.603517 (VIOLATED)
_11454_/B                               4.000000   10.603423   -6.603423 (VIOLATED)
_11589_/S                               4.000000   10.603301   -6.603301 (VIOLATED)
_11640_/A2                              4.000000   10.603298   -6.603298 (VIOLATED)
_11648_/A2                              4.000000   10.603289   -6.603288 (VIOLATED)
_11608_/S                               4.000000   10.603258   -6.603258 (VIOLATED)
_11321_/A2                              4.000000   10.603246   -6.603246 (VIOLATED)
_11324_/A2                              4.000000   10.603248   -6.603248 (VIOLATED)
_11329_/S                               4.000000   10.603246   -6.603246 (VIOLATED)
_11612_/A1                              4.000000   10.603251   -6.603250 (VIOLATED)
_11639_/S                               4.000000   10.603226   -6.603225 (VIOLATED)
_11592_/A1                              4.000000   10.603207   -6.603207 (VIOLATED)
_11785_/C                               4.000000   10.603211   -6.603211 (VIOLATED)
_11335_/S                               4.000000   10.603196   -6.603196 (VIOLATED)
_11783_/S                               4.000000   10.603192   -6.603192 (VIOLATED)
_11354_/B                               4.000000   10.603172   -6.603172 (VIOLATED)
_11665_/A1                              4.000000   10.603161   -6.603161 (VIOLATED)
_11336_/A2                              4.000000   10.603154   -6.603154 (VIOLATED)
_11623_/B                               4.000000   10.603144   -6.603144 (VIOLATED)
_11698_/A1                              4.000000   10.603109   -6.603109 (VIOLATED)
_11699_/A1                              4.000000   10.603114   -6.603114 (VIOLATED)
_11351_/S                               4.000000   10.603101   -6.603101 (VIOLATED)
_11683_/S                               4.000000   10.603093   -6.603093 (VIOLATED)
_11691_/A2                              4.000000   10.603091   -6.603091 (VIOLATED)
_11451_/S                               4.000000   10.603081   -6.603080 (VIOLATED)
_11631_/A2                              4.000000   10.603086   -6.603086 (VIOLATED)
_11661_/S                               4.000000   10.603078   -6.603078 (VIOLATED)
_11771_/C                               4.000000   10.603065   -6.603065 (VIOLATED)
_11676_/B                               4.000000   10.603038   -6.603038 (VIOLATED)
_11776_/S                               4.000000   10.603045   -6.603044 (VIOLATED)
_11437_/S                               4.000000   10.603020   -6.603020 (VIOLATED)
_11800_/C                               4.000000   10.603025   -6.603025 (VIOLATED)
_11440_/B                               4.000000   10.602981   -6.602981 (VIOLATED)
_11729_/C                               4.000000   10.602942   -6.602943 (VIOLATED)
_11805_/S                               4.000000   10.602926   -6.602926 (VIOLATED)
_11426_/A1                              4.000000   10.602901   -6.602900 (VIOLATED)
_11734_/S                               4.000000   10.602896   -6.602896 (VIOLATED)
_11370_/C                               4.000000   10.602875   -6.602874 (VIOLATED)
_11710_/S                               4.000000   10.602860   -6.602860 (VIOLATED)
_11713_/B                               4.000000   10.602840   -6.602841 (VIOLATED)
_11757_/C                               4.000000   10.602825   -6.602826 (VIOLATED)
_11377_/S                               4.000000   10.602810   -6.602809 (VIOLATED)
_11420_/A2                              4.000000   10.602808   -6.602808 (VIOLATED)
_11755_/S                               4.000000   10.602783   -6.602783 (VIOLATED)
_11421_/A2                              4.000000   10.602704   -6.602704 (VIOLATED)
_11396_/S                               4.000000   10.602548   -6.602548 (VIOLATED)
_11748_/S                               4.000000   10.602459   -6.602459 (VIOLATED)
_11388_/B                               4.000000   10.602449   -6.602449 (VIOLATED)
_11405_/S                               4.000000   10.602418   -6.602418 (VIOLATED)
_11743_/C                               4.000000   10.602238   -6.602238 (VIOLATED)
_11319_/Z                               4.000000   10.601892   -6.601892 (VIOLATED)
_18160_/A1                              4.000000   10.506446   -6.506446 (VIOLATED)
_18171_/A1                              4.000000   10.506438   -6.506439 (VIOLATED)
_18165_/C                               4.000000   10.506416   -6.506416 (VIOLATED)
_18170_/A2                              4.000000   10.506330   -6.506330 (VIOLATED)
_09911_/A2                              4.000000   10.506323   -6.506323 (VIOLATED)
_11012_/B                               4.000000   10.506241   -6.506241 (VIOLATED)
_11033_/C                               4.000000   10.506245   -6.506245 (VIOLATED)
_11034_/A1                              4.000000   10.506244   -6.506243 (VIOLATED)
_09908_/A3                              4.000000   10.506232   -6.506233 (VIOLATED)
_09678_/B                               4.000000   10.506223   -6.506223 (VIOLATED)
_09907_/A2                              4.000000   10.506185   -6.506185 (VIOLATED)
_11011_/A1                              4.000000   10.506114   -6.506114 (VIOLATED)
_11006_/A2                              4.000000   10.506088   -6.506088 (VIOLATED)
_18228_/C                               4.000000   10.505912   -6.505912 (VIOLATED)
_09676_/ZN                              4.000000   10.505573   -6.505574 (VIOLATED)
_18155_/B                               4.000000   10.505573   -6.505574 (VIOLATED)
_15091_/S                               4.000000   10.119251   -6.119252 (VIOLATED)
_15079_/S                               4.000000   10.119235   -6.119236 (VIOLATED)
_15162_/S                               4.000000   10.119234   -6.119234 (VIOLATED)
_15074_/A1                              4.000000   10.119201   -6.119201 (VIOLATED)
_15158_/A1                              4.000000   10.119170   -6.119170 (VIOLATED)
_15389_/S                               4.000000   10.118939   -6.118940 (VIOLATED)
_15399_/S                               4.000000   10.118799   -6.118799 (VIOLATED)
_15423_/S                               4.000000   10.118634   -6.118634 (VIOLATED)
_15020_/S                               4.000000   10.118582   -6.118582 (VIOLATED)
_15103_/S                               4.000000   10.118582   -6.118582 (VIOLATED)
_15102_/S                               4.000000   10.118567   -6.118567 (VIOLATED)
_15017_/S                               4.000000   10.118549   -6.118549 (VIOLATED)
_15378_/S                               4.000000   10.118549   -6.118549 (VIOLATED)
_15379_/S                               4.000000   10.118550   -6.118550 (VIOLATED)
_15374_/S                               4.000000   10.118466   -6.118466 (VIOLATED)
_15391_/S                               4.000000   10.118398   -6.118398 (VIOLATED)
_15422_/S                               4.000000   10.118394   -6.118393 (VIOLATED)
_15409_/S                               4.000000   10.118326   -6.118326 (VIOLATED)
_15421_/S                               4.000000   10.118278   -6.118277 (VIOLATED)
_20176_/D                               4.000000   10.118267   -6.118268 (VIOLATED)
_15408_/S                               4.000000   10.118254   -6.118254 (VIOLATED)
_15410_/S                               4.000000   10.118217   -6.118217 (VIOLATED)
_15364_/S                               4.000000   10.118199   -6.118199 (VIOLATED)
_15394_/S                               4.000000   10.118175   -6.118174 (VIOLATED)
_15392_/S                               4.000000   10.118155   -6.118155 (VIOLATED)
_15393_/S                               4.000000   10.118146   -6.118146 (VIOLATED)
_15420_/S                               4.000000   10.118126   -6.118126 (VIOLATED)
_15015_/S                               4.000000   10.118112   -6.118112 (VIOLATED)
_15194_/S                               4.000000   10.118114   -6.118114 (VIOLATED)
_15386_/S                               4.000000   10.118110   -6.118109 (VIOLATED)
_15390_/S                               4.000000   10.118080   -6.118080 (VIOLATED)
_15016_/S                               4.000000   10.118053   -6.118053 (VIOLATED)
_15419_/S                               4.000000   10.118047   -6.118047 (VIOLATED)
_15195_/S                               4.000000   10.118041   -6.118041 (VIOLATED)
_15198_/S                               4.000000   10.118023   -6.118023 (VIOLATED)
_15271_/S                               4.000000   10.117955   -6.117956 (VIOLATED)
_15025_/S                               4.000000   10.117856   -6.117856 (VIOLATED)
_15110_/S                               4.000000   10.117850   -6.117850 (VIOLATED)
_15202_/S                               4.000000   10.117849   -6.117849 (VIOLATED)
_15261_/S                               4.000000   10.117757   -6.117757 (VIOLATED)
_15249_/S                               4.000000   10.117661   -6.117661 (VIOLATED)
_15257_/S                               4.000000   10.117549   -6.117549 (VIOLATED)
_15028_/S                               4.000000   10.117539   -6.117539 (VIOLATED)
_15418_/S                               4.000000   10.117465   -6.117465 (VIOLATED)
_15384_/S                               4.000000   10.117362   -6.117362 (VIOLATED)
_15385_/S                               4.000000   10.117368   -6.117368 (VIOLATED)
_15113_/S                               4.000000   10.117355   -6.117355 (VIOLATED)
_15032_/S                               4.000000   10.117248   -6.117248 (VIOLATED)
_15417_/S                               4.000000   10.117195   -6.117196 (VIOLATED)
_15209_/A1                              4.000000   10.117125   -6.117124 (VIOLATED)
_15416_/S                               4.000000   10.117072   -6.117072 (VIOLATED)
_15244_/A1                              4.000000   10.117002   -6.117002 (VIOLATED)
_15237_/S                               4.000000   10.116994   -6.116994 (VIOLATED)
_15117_/S                               4.000000   10.116945   -6.116945 (VIOLATED)
_15412_/S                               4.000000   10.116950   -6.116950 (VIOLATED)
_15232_/S                               4.000000   10.116918   -6.116917 (VIOLATED)
_15216_/A1                              4.000000   10.116883   -6.116884 (VIOLATED)
_15056_/S                               4.000000   10.116853   -6.116853 (VIOLATED)
_15039_/A1                              4.000000   10.116791   -6.116791 (VIOLATED)
_15124_/A1                              4.000000   10.116767   -6.116767 (VIOLATED)
_15141_/S                               4.000000   10.116761   -6.116761 (VIOLATED)
_15415_/S                               4.000000   10.116764   -6.116764 (VIOLATED)
_15046_/A1                              4.000000   10.116690   -6.116690 (VIOLATED)
_15222_/A1                              4.000000   10.116671   -6.116671 (VIOLATED)
_15226_/S                               4.000000   10.116671   -6.116671 (VIOLATED)
_15052_/A1                              4.000000   10.116664   -6.116664 (VIOLATED)
_15365_/S                               4.000000   10.116636   -6.116637 (VIOLATED)
_15383_/S                               4.000000   10.116630   -6.116630 (VIOLATED)
_15398_/S                               4.000000   10.116634   -6.116634 (VIOLATED)
_15382_/S                               4.000000   10.116621   -6.116621 (VIOLATED)
_15137_/A1                              4.000000   10.116608   -6.116607 (VIOLATED)
_15381_/S                               4.000000   10.116605   -6.116605 (VIOLATED)
_15131_/A1                              4.000000   10.116596   -6.116596 (VIOLATED)
_15395_/S                               4.000000   10.116585   -6.116584 (VIOLATED)
_15396_/S                               4.000000   10.116581   -6.116581 (VIOLATED)
_15397_/S                               4.000000   10.116582   -6.116581 (VIOLATED)
_15413_/S                               4.000000   10.116585   -6.116585 (VIOLATED)
_15414_/S                               4.000000   10.116570   -6.116569 (VIOLATED)
clone3/ZN                               4.000000   10.116507   -6.116507 (VIOLATED)
_11130_/S                               4.000000    9.882598   -5.882598 (VIOLATED)
_11160_/S                               4.000000    9.882598   -5.882598 (VIOLATED)
_11128_/S                               4.000000    9.882572   -5.882572 (VIOLATED)
_11064_/S                               4.000000    9.882563   -5.882563 (VIOLATED)
_11096_/S                               4.000000    9.882560   -5.882560 (VIOLATED)
_11060_/S                               4.000000    9.882497   -5.882497 (VIOLATED)
_11098_/S                               4.000000    9.882498   -5.882498 (VIOLATED)
_11124_/S                               4.000000    9.882481   -5.882481 (VIOLATED)
_11156_/S                               4.000000    9.882465   -5.882465 (VIOLATED)
_11092_/S                               4.000000    9.882442   -5.882442 (VIOLATED)
_11076_/S                               4.000000    9.882347   -5.882347 (VIOLATED)
_11140_/S                               4.000000    9.882116   -5.882117 (VIOLATED)
_11108_/S                               4.000000    9.881906   -5.881906 (VIOLATED)
_11172_/S                               4.000000    9.881873   -5.881874 (VIOLATED)
_11126_/S                               4.000000    9.881779   -5.881778 (VIOLATED)
_11094_/S                               4.000000    9.881758   -5.881758 (VIOLATED)
_11158_/S                               4.000000    9.881643   -5.881643 (VIOLATED)
_11062_/S                               4.000000    9.881560   -5.881560 (VIOLATED)
_11106_/S                               4.000000    9.881246   -5.881246 (VIOLATED)
_11138_/S                               4.000000    9.881047   -5.881047 (VIOLATED)
_11170_/S                               4.000000    9.880880   -5.880880 (VIOLATED)
_11074_/S                               4.000000    9.880717   -5.880717 (VIOLATED)
_11070_/S                               4.000000    9.880489   -5.880490 (VIOLATED)
_11100_/S                               4.000000    9.880486   -5.880486 (VIOLATED)
_11162_/S                               4.000000    9.880440   -5.880440 (VIOLATED)
_11066_/S                               4.000000    9.880433   -5.880433 (VIOLATED)
_11113_/S                               4.000000    9.880426   -5.880426 (VIOLATED)
_11177_/S                               4.000000    9.880400   -5.880400 (VIOLATED)
_11134_/S                               4.000000    9.880392   -5.880392 (VIOLATED)
_11175_/S                               4.000000    9.880383   -5.880383 (VIOLATED)
_11111_/S                               4.000000    9.880363   -5.880363 (VIOLATED)
_11102_/S                               4.000000    9.880344   -5.880345 (VIOLATED)
_11179_/S                               4.000000    9.880344   -5.880344 (VIOLATED)
_11166_/S                               4.000000    9.880326   -5.880326 (VIOLATED)
_11115_/S                               4.000000    9.880243   -5.880244 (VIOLATED)
_11183_/S                               4.000000    9.880174   -5.880173 (VIOLATED)
_11119_/S                               4.000000    9.880101   -5.880102 (VIOLATED)
_11087_/S                               4.000000    9.880055   -5.880055 (VIOLATED)
_11151_/S                               4.000000    9.880060   -5.880061 (VIOLATED)
_11164_/S                               4.000000    9.880053   -5.880053 (VIOLATED)
_11181_/S                               4.000000    9.880044   -5.880044 (VIOLATED)
_11117_/S                               4.000000    9.879934   -5.879934 (VIOLATED)
_11104_/S                               4.000000    9.879873   -5.879873 (VIOLATED)
_11168_/S                               4.000000    9.879879   -5.879879 (VIOLATED)
_11136_/S                               4.000000    9.879871   -5.879871 (VIOLATED)
_11132_/S                               4.000000    9.879783   -5.879783 (VIOLATED)
_11068_/S                               4.000000    9.879711   -5.879712 (VIOLATED)
_11081_/S                               4.000000    9.879345   -5.879345 (VIOLATED)
_11185_/S                               4.000000    9.879349   -5.879349 (VIOLATED)
_11083_/S                               4.000000    9.879128   -5.879127 (VIOLATED)
_11085_/S                               4.000000    9.879002   -5.879002 (VIOLATED)
_11089_/S                               4.000000    9.878649   -5.878648 (VIOLATED)
_11072_/S                               4.000000    9.878463   -5.878463 (VIOLATED)
_11121_/S                               4.000000    9.878456   -5.878456 (VIOLATED)
_11079_/S                               4.000000    9.878252   -5.878253 (VIOLATED)
_11153_/S                               4.000000    9.878083   -5.878084 (VIOLATED)
_11147_/S                               4.000000    9.877989   -5.877988 (VIOLATED)
_11145_/S                               4.000000    9.877982   -5.877982 (VIOLATED)
_11149_/S                               4.000000    9.877979   -5.877980 (VIOLATED)
_11143_/S                               4.000000    9.877837   -5.877838 (VIOLATED)
_11012_/A1                              4.000000    9.877674   -5.877674 (VIOLATED)
_11031_/A1                              4.000000    9.877673   -5.877673 (VIOLATED)
_11032_/A1                              4.000000    9.877672   -5.877672 (VIOLATED)
_11033_/A2                              4.000000    9.877667   -5.877668 (VIOLATED)
_11034_/A2                              4.000000    9.877673   -5.877673 (VIOLATED)
_11052_/A2                              4.000000    9.877676   -5.877676 (VIOLATED)
_11215_/S                               4.000000    9.877666   -5.877666 (VIOLATED)
_11002_/A1                              4.000000    9.877658   -5.877658 (VIOLATED)
_11245_/A2                              4.000000    9.877657   -5.877657 (VIOLATED)
_11194_/S                               4.000000    9.877621   -5.877621 (VIOLATED)
_11244_/S                               4.000000    9.877626   -5.877626 (VIOLATED)
_11198_/S                               4.000000    9.877619   -5.877619 (VIOLATED)
_11211_/S                               4.000000    9.877620   -5.877620 (VIOLATED)
_11229_/S                               4.000000    9.877615   -5.877614 (VIOLATED)
_11236_/S                               4.000000    9.877618   -5.877618 (VIOLATED)
_11241_/S                               4.000000    9.877620   -5.877620 (VIOLATED)
_11223_/S                               4.000000    9.877608   -5.877608 (VIOLATED)
_11214_/S                               4.000000    9.877600   -5.877599 (VIOLATED)
_11219_/S                               4.000000    9.877586   -5.877586 (VIOLATED)
_11190_/S                               4.000000    9.877570   -5.877570 (VIOLATED)
_10989_/Z                               4.000000    9.877450   -5.877450 (VIOLATED)
_18232_/S                               4.000000    9.846180   -5.846180 (VIOLATED)
_18235_/S                               4.000000    9.846186   -5.846186 (VIOLATED)
_18233_/S                               4.000000    9.846177   -5.846178 (VIOLATED)
_18234_/S                               4.000000    9.846177   -5.846178 (VIOLATED)
_18237_/S                               4.000000    9.846182   -5.846182 (VIOLATED)
_18236_/S                               4.000000    9.846161   -5.846160 (VIOLATED)
_18238_/S                               4.000000    9.845840   -5.845839 (VIOLATED)
_18239_/S                               4.000000    9.845134   -5.845134 (VIOLATED)
_18240_/S                               4.000000    9.844639   -5.844639 (VIOLATED)
_18241_/S                               4.000000    9.843895   -5.843895 (VIOLATED)
_18245_/S                               4.000000    9.843855   -5.843855 (VIOLATED)
_18231_/ZN                              4.000000    9.843809   -5.843809 (VIOLATED)
_18242_/S                               4.000000    9.843809   -5.843809 (VIOLATED)
_18243_/S                               4.000000    9.843809   -5.843809 (VIOLATED)
_18244_/S                               4.000000    9.843809   -5.843809 (VIOLATED)
_18246_/S                               4.000000    9.843809   -5.843809 (VIOLATED)
_18247_/S                               4.000000    9.843809   -5.843809 (VIOLATED)
_12402_/A1                              4.000000    9.676686   -5.676686 (VIOLATED)
_12401_/A2                              4.000000    9.676671   -5.676672 (VIOLATED)
_12357_/B                               4.000000    9.676665   -5.676665 (VIOLATED)
_12321_/A2                              4.000000    9.676587   -5.676587 (VIOLATED)
_12320_/B                               4.000000    9.676565   -5.676566 (VIOLATED)
_11982_/A2                              4.000000    9.676457   -5.676457 (VIOLATED)
_12285_/A2                              4.000000    9.676414   -5.676414 (VIOLATED)
_12334_/A2                              4.000000    9.676418   -5.676418 (VIOLATED)
_12288_/C                               4.000000    9.676372   -5.676372 (VIOLATED)
_12398_/A2                              4.000000    9.676370   -5.676369 (VIOLATED)
_12019_/A2                              4.000000    9.676289   -5.676289 (VIOLATED)
_12332_/C                               4.000000    9.676216   -5.676217 (VIOLATED)
_12588_/B                               4.000000    9.676202   -5.676201 (VIOLATED)
_12589_/A2                              4.000000    9.676203   -5.676203 (VIOLATED)
_12263_/A2                              4.000000    9.676188   -5.676188 (VIOLATED)
_12182_/B                               4.000000    9.676164   -5.676164 (VIOLATED)
_11867_/A2                              4.000000    9.676113   -5.676114 (VIOLATED)
_12246_/B                               4.000000    9.676088   -5.676089 (VIOLATED)
_12155_/B                               4.000000    9.676047   -5.676048 (VIOLATED)
_12003_/C                               4.000000    9.676025   -5.676025 (VIOLATED)
_12159_/A2                              4.000000    9.676015   -5.676015 (VIOLATED)
_12160_/A1                              4.000000    9.675957   -5.675957 (VIOLATED)
_12004_/A2                              4.000000    9.675930   -5.675930 (VIOLATED)
_12206_/B                               4.000000    9.675891   -5.675890 (VIOLATED)
_12208_/B2                              4.000000    9.675894   -5.675894 (VIOLATED)
_12225_/C                               4.000000    9.675825   -5.675825 (VIOLATED)
_12226_/A1                              4.000000    9.675791   -5.675791 (VIOLATED)
_12198_/A1                              4.000000    9.675752   -5.675752 (VIOLATED)
_12133_/A2                              4.000000    9.675640   -5.675640 (VIOLATED)
_12382_/C                               4.000000    9.675643   -5.675643 (VIOLATED)
_12383_/A1                              4.000000    9.675645   -5.675644 (VIOLATED)
_12074_/A2                              4.000000    9.675447   -5.675447 (VIOLATED)
_12527_/A2                              4.000000    9.675385   -5.675385 (VIOLATED)
_12422_/B                               4.000000    9.675371   -5.675371 (VIOLATED)
_12547_/C                               4.000000    9.675357   -5.675357 (VIOLATED)
_12540_/A2                              4.000000    9.675349   -5.675350 (VIOLATED)
_12506_/B                               4.000000    9.675315   -5.675315 (VIOLATED)
_12507_/A2                              4.000000    9.675313   -5.675313 (VIOLATED)
_12095_/A2                              4.000000    9.675305   -5.675305 (VIOLATED)
_12524_/C                               4.000000    9.675297   -5.675296 (VIOLATED)
_12102_/C                               4.000000    9.675278   -5.675278 (VIOLATED)
_12445_/B                               4.000000    9.675229   -5.675229 (VIOLATED)
_12444_/A2                              4.000000    9.675209   -5.675210 (VIOLATED)
_12465_/B                               4.000000    9.675100   -5.675100 (VIOLATED)
_11851_/ZN                              4.000000    9.674911   -5.674911 (VIOLATED)
_11578_/B                               4.000000    9.126997   -5.126997 (VIOLATED)
_11509_/B                               4.000000    9.126992   -5.126992 (VIOLATED)
_11477_/B                               4.000000    9.126977   -5.126977 (VIOLATED)
_11818_/C                               4.000000    9.126967   -5.126968 (VIOLATED)
_11804_/C                               4.000000    9.126915   -5.126915 (VIOLATED)
_11763_/C                               4.000000    9.126850   -5.126850 (VIOLATED)
_11747_/C                               4.000000    9.126743   -5.126743 (VIOLATED)
_11775_/C                               4.000000    9.126735   -5.126734 (VIOLATED)
_11445_/B                               4.000000    9.126726   -5.126726 (VIOLATED)
_11446_/A1                              4.000000    9.126723   -5.126724 (VIOLATED)
_11733_/C                               4.000000    9.126700   -5.126700 (VIOLATED)
_11610_/A1                              4.000000    9.126640   -5.126640 (VIOLATED)
_11615_/A1                              4.000000    9.126642   -5.126642 (VIOLATED)
_11663_/A1                              4.000000    9.126641   -5.126641 (VIOLATED)
_11668_/A1                              4.000000    9.126641   -5.126641 (VIOLATED)
_11694_/C                               4.000000    9.126642   -5.126642 (VIOLATED)
_11652_/A1                              4.000000    9.126635   -5.126635 (VIOLATED)
_11704_/A1                              4.000000    9.126637   -5.126637 (VIOLATED)
_11634_/A1                              4.000000    9.126622   -5.126622 (VIOLATED)
_11347_/A1                              4.000000    9.126617   -5.126617 (VIOLATED)
_11346_/C                               4.000000    9.126590   -5.126589 (VIOLATED)
_11360_/A1                              4.000000    9.126593   -5.126592 (VIOLATED)
_11361_/A1                              4.000000    9.126594   -5.126594 (VIOLATED)
_11651_/C                               4.000000    9.126580   -5.126581 (VIOLATED)
_11413_/C                               4.000000    9.126571   -5.126571 (VIOLATED)
_11313_/ZN                              4.000000    9.126485   -5.126485 (VIOLATED)
_17235_/B1                              4.000000    8.857322   -4.857321 (VIOLATED)
_17243_/B1                              4.000000    8.857318   -4.857318 (VIOLATED)
_17217_/B1                              4.000000    8.857282   -4.857281 (VIOLATED)
_17198_/B1                              4.000000    8.857274   -4.857274 (VIOLATED)
_17221_/B1                              4.000000    8.857279   -4.857279 (VIOLATED)
_17260_/B1                              4.000000    8.857275   -4.857275 (VIOLATED)
_17190_/B1                              4.000000    8.857268   -4.857268 (VIOLATED)
_17257_/B1                              4.000000    8.857225   -4.857225 (VIOLATED)
_17213_/B1                              4.000000    8.857205   -4.857205 (VIOLATED)
_17283_/B1                              4.000000    8.857177   -4.857177 (VIOLATED)
_17194_/B1                              4.000000    8.857162   -4.857162 (VIOLATED)
_17287_/B1                              4.000000    8.857147   -4.857147 (VIOLATED)
_17264_/B1                              4.000000    8.857042   -4.857042 (VIOLATED)
_17302_/B1                              4.000000    8.856742   -4.856742 (VIOLATED)
_17309_/B1                              4.000000    8.856740   -4.856740 (VIOLATED)
_17305_/B1                              4.000000    8.856668   -4.856668 (VIOLATED)
_10289_/B1                              4.000000    8.856566   -4.856566 (VIOLATED)
_17518_/B1                              4.000000    8.856566   -4.856566 (VIOLATED)
_17522_/B1                              4.000000    8.856562   -4.856562 (VIOLATED)
_17472_/B1                              4.000000    8.856529   -4.856529 (VIOLATED)
_17480_/B1                              4.000000    8.856521   -4.856520 (VIOLATED)
_17476_/B1                              4.000000    8.856508   -4.856509 (VIOLATED)
_17344_/B1                              4.000000    8.856479   -4.856479 (VIOLATED)
_17348_/B1                              4.000000    8.856479   -4.856479 (VIOLATED)
_17352_/B1                              4.000000    8.856479   -4.856479 (VIOLATED)
clone6/ZN                               4.000000    8.856479   -4.856479 (VIOLATED)
_11538_/A2                              4.000000    8.853395   -4.853395 (VIOLATED)
_11520_/A2                              4.000000    8.853387   -4.853387 (VIOLATED)
_11556_/A2                              4.000000    8.853365   -4.853364 (VIOLATED)
_11503_/A2                              4.000000    8.853354   -4.853354 (VIOLATED)
_11572_/A2                              4.000000    8.853337   -4.853337 (VIOLATED)
_11831_/A2                              4.000000    8.853301   -4.853302 (VIOLATED)
_11604_/A2                              4.000000    8.853294   -4.853294 (VIOLATED)
_11355_/A2                              4.000000    8.853277   -4.853278 (VIOLATED)
_11674_/A2                              4.000000    8.853254   -4.853254 (VIOLATED)
_11456_/A2                              4.000000    8.853219   -4.853219 (VIOLATED)
_11471_/A2                              4.000000    8.853220   -4.853220 (VIOLATED)
_11621_/A2                              4.000000    8.853220   -4.853220 (VIOLATED)
_11715_/A2                              4.000000    8.853223   -4.853222 (VIOLATED)
_11386_/A2                              4.000000    8.853176   -4.853176 (VIOLATED)
_11441_/A2                              4.000000    8.853181   -4.853181 (VIOLATED)
_11444_/B1                              4.000000    8.853164   -4.853164 (VIOLATED)
clone56/ZN                              4.000000    8.853130   -4.853130 (VIOLATED)
_17514_/B1                              4.000000    8.845321   -4.845320 (VIOLATED)
_17280_/A2                              4.000000    8.845315   -4.845315 (VIOLATED)
_17493_/B1                              4.000000    8.845315   -4.845315 (VIOLATED)
_17497_/B1                              4.000000    8.845318   -4.845318 (VIOLATED)
_17501_/B1                              4.000000    8.845318   -4.845318 (VIOLATED)
_17323_/B1                              4.000000    8.845308   -4.845309 (VIOLATED)
_17326_/A2                              4.000000    8.845311   -4.845311 (VIOLATED)
_17330_/B1                              4.000000    8.845307   -4.845307 (VIOLATED)
_17451_/B1                              4.000000    8.845301   -4.845301 (VIOLATED)
_17459_/B1                              4.000000    8.845303   -4.845303 (VIOLATED)
_17241_/A2                              4.000000    8.845288   -4.845288 (VIOLATED)
_17434_/B1                              4.000000    8.845291   -4.845291 (VIOLATED)
_17438_/B1                              4.000000    8.845294   -4.845294 (VIOLATED)
_17455_/B1                              4.000000    8.845295   -4.845295 (VIOLATED)
_17409_/B1                              4.000000    8.845278   -4.845278 (VIOLATED)
_17430_/B1                              4.000000    8.845283   -4.845282 (VIOLATED)
_17413_/B1                              4.000000    8.845267   -4.845267 (VIOLATED)
_17417_/B1                              4.000000    8.845265   -4.845265 (VIOLATED)
_17371_/B1                              4.000000    8.845257   -4.845257 (VIOLATED)
_17367_/B1                              4.000000    8.845252   -4.845252 (VIOLATED)
_17375_/B1                              4.000000    8.845256   -4.845255 (VIOLATED)
_17388_/B1                              4.000000    8.845222   -4.845222 (VIOLATED)
_17392_/B1                              4.000000    8.845222   -4.845222 (VIOLATED)
_17396_/B1                              4.000000    8.845222   -4.845222 (VIOLATED)
clone53/ZN                              4.000000    8.845222   -4.845222 (VIOLATED)
_14692_/S                               4.000000    8.797805   -4.797804 (VIOLATED)
_14694_/A2                              4.000000    8.797799   -4.797799 (VIOLATED)
_14709_/A2                              4.000000    8.797796   -4.797797 (VIOLATED)
_14708_/B                               4.000000    8.797791   -4.797791 (VIOLATED)
_14712_/A2                              4.000000    8.797761   -4.797761 (VIOLATED)
_13870_/A1                              4.000000    8.797744   -4.797744 (VIOLATED)
_13871_/A2                              4.000000    8.797720   -4.797720 (VIOLATED)
_14725_/B                               4.000000    8.797702   -4.797701 (VIOLATED)
_13881_/S                               4.000000    8.797658   -4.797658 (VIOLATED)
_13892_/A2                              4.000000    8.797636   -4.797636 (VIOLATED)
_13891_/B                               4.000000    8.797597   -4.797596 (VIOLATED)
_14726_/A2                              4.000000    8.797533   -4.797533 (VIOLATED)
_14746_/S                               4.000000    8.796987   -4.796987 (VIOLATED)
_13914_/A2                              4.000000    8.796811   -4.796811 (VIOLATED)
_13913_/A1                              4.000000    8.796743   -4.796743 (VIOLATED)
_13928_/A1                              4.000000    8.796726   -4.796726 (VIOLATED)
_13927_/A2                              4.000000    8.796721   -4.796721 (VIOLATED)
_13941_/S                               4.000000    8.796581   -4.796581 (VIOLATED)
_14754_/B                               4.000000    8.796413   -4.796413 (VIOLATED)
_14755_/A2                              4.000000    8.796381   -4.796381 (VIOLATED)
_14770_/A2                              4.000000    8.796163   -4.796162 (VIOLATED)
_13956_/S                               4.000000    8.796050   -4.796051 (VIOLATED)
_14778_/A1                              4.000000    8.795933   -4.795933 (VIOLATED)
_14787_/A1                              4.000000    8.795785   -4.795785 (VIOLATED)
_14788_/A2                              4.000000    8.795784   -4.795784 (VIOLATED)
_14798_/A1                              4.000000    8.795595   -4.795596 (VIOLATED)
_14799_/A2                              4.000000    8.795530   -4.795531 (VIOLATED)
_14808_/A2                              4.000000    8.795434   -4.795434 (VIOLATED)
_14827_/A1                              4.000000    8.795299   -4.795299 (VIOLATED)
_13969_/S                               4.000000    8.795209   -4.795209 (VIOLATED)
_14626_/A2                              4.000000    8.795126   -4.795126 (VIOLATED)
_09558_/C                               4.000000    8.795073   -4.795073 (VIOLATED)
_14657_/A1                              4.000000    8.795072   -4.795072 (VIOLATED)
_14658_/A2                              4.000000    8.795071   -4.795071 (VIOLATED)
_14666_/A2                              4.000000    8.795074   -4.795074 (VIOLATED)
_14677_/A1                              4.000000    8.795075   -4.795075 (VIOLATED)
_14646_/A1                              4.000000    8.795065   -4.795064 (VIOLATED)
_14647_/A2                              4.000000    8.795061   -4.795061 (VIOLATED)
_14637_/A1                              4.000000    8.795053   -4.795054 (VIOLATED)
_14638_/A2                              4.000000    8.795050   -4.795049 (VIOLATED)
_09495_/ZN                              4.000000    8.794974   -4.794974 (VIOLATED)
_11827_/A2                              4.000000    8.770541   -4.770541 (VIOLATED)
_11837_/B                               4.000000    8.770522   -4.770522 (VIOLATED)
_11495_/A2                              4.000000    8.770491   -4.770490 (VIOLATED)
_11561_/B                               4.000000    8.770481   -4.770482 (VIOLATED)
_11576_/B                               4.000000    8.770484   -4.770484 (VIOLATED)
_11552_/A2                              4.000000    8.770455   -4.770456 (VIOLATED)
_11569_/A2                              4.000000    8.770446   -4.770446 (VIOLATED)
_11507_/B                               4.000000    8.770419   -4.770419 (VIOLATED)
_11501_/A2                              4.000000    8.770344   -4.770344 (VIOLATED)
_11516_/A2                              4.000000    8.770327   -4.770327 (VIOLATED)
_11526_/B                               4.000000    8.770330   -4.770330 (VIOLATED)
_11534_/A2                              4.000000    8.770318   -4.770318 (VIOLATED)
_11815_/C                               4.000000    8.770208   -4.770209 (VIOLATED)
_11818_/A1                              4.000000    8.770192   -4.770192 (VIOLATED)
_11820_/A2                              4.000000    8.770178   -4.770178 (VIOLATED)
_11469_/A2                              4.000000    8.770003   -4.770004 (VIOLATED)
_11475_/B                               4.000000    8.770004   -4.770005 (VIOLATED)
_11790_/B                               4.000000    8.769943   -4.769943 (VIOLATED)
_11784_/A2                              4.000000    8.769917   -4.769917 (VIOLATED)
_11772_/C                               4.000000    8.769899   -4.769900 (VIOLATED)
_11775_/A1                              4.000000    8.769898   -4.769899 (VIOLATED)
_11777_/A2                              4.000000    8.769903   -4.769903 (VIOLATED)
_11452_/A2                              4.000000    8.769892   -4.769892 (VIOLATED)
_11461_/B                               4.000000    8.769897   -4.769896 (VIOLATED)
_11801_/C                               4.000000    8.769855   -4.769855 (VIOLATED)
_11804_/A1                              4.000000    8.769848   -4.769848 (VIOLATED)
_11806_/A2                              4.000000    8.769847   -4.769847 (VIOLATED)
_11762_/B                               4.000000    8.769614   -4.769615 (VIOLATED)
_11763_/A1                              4.000000    8.769587   -4.769586 (VIOLATED)
_11756_/A2                              4.000000    8.769575   -4.769576 (VIOLATED)
_11628_/B                               4.000000    8.769420   -4.769420 (VIOLATED)
_11375_/B                               4.000000    8.769407   -4.769408 (VIOLATED)
_11590_/A2                              4.000000    8.769402   -4.769402 (VIOLATED)
_11371_/C                               4.000000    8.769381   -4.769381 (VIOLATED)
_11395_/A1                              4.000000    8.769314   -4.769313 (VIOLATED)
_11394_/A1                              4.000000    8.769302   -4.769302 (VIOLATED)
_11681_/A1                              4.000000    8.769299   -4.769299 (VIOLATED)
_11682_/A1                              4.000000    8.769299   -4.769299 (VIOLATED)
_11684_/A2                              4.000000    8.769300   -4.769300 (VIOLATED)
_11397_/A2                              4.000000    8.769279   -4.769280 (VIOLATED)
_11744_/C                               4.000000    8.769270   -4.769270 (VIOLATED)
_11747_/A1                              4.000000    8.769275   -4.769274 (VIOLATED)
_11749_/A2                              4.000000    8.769279   -4.769279 (VIOLATED)
_11730_/C                               4.000000    8.769258   -4.769258 (VIOLATED)
_11733_/A1                              4.000000    8.769257   -4.769257 (VIOLATED)
_11735_/A2                              4.000000    8.769252   -4.769252 (VIOLATED)
_11711_/A2                              4.000000    8.769247   -4.769247 (VIOLATED)
_11720_/B                               4.000000    8.769235   -4.769235 (VIOLATED)
_11430_/A2                              4.000000    8.769225   -4.769226 (VIOLATED)
_11404_/A2                              4.000000    8.769164   -4.769164 (VIOLATED)
_11323_/ZN                              4.000000    8.769094   -4.769094 (VIOLATED)
_14835_/A2                              4.000000    8.749985   -4.749985 (VIOLATED)
_14381_/A1                              4.000000    8.749971   -4.749972 (VIOLATED)
_14389_/A1                              4.000000    8.749969   -4.749968 (VIOLATED)
_14841_/A2                              4.000000    8.749967   -4.749966 (VIOLATED)
_14845_/A2                              4.000000    8.749938   -4.749938 (VIOLATED)
_14843_/A2                              4.000000    8.749899   -4.749899 (VIOLATED)
_14385_/A1                              4.000000    8.749887   -4.749887 (VIOLATED)
_14373_/A1                              4.000000    8.749814   -4.749814 (VIOLATED)
_14837_/A2                              4.000000    8.749771   -4.749771 (VIOLATED)
_14839_/A2                              4.000000    8.749671   -4.749671 (VIOLATED)
_14377_/A1                              4.000000    8.749524   -4.749524 (VIOLATED)
_09569_/A2                              4.000000    8.747158   -4.747158 (VIOLATED)
_09582_/A2                              4.000000    8.746598   -4.746598 (VIOLATED)
_09575_/A2                              4.000000    8.746576   -4.746576 (VIOLATED)
_18225_/B                               4.000000    8.746558   -4.746558 (VIOLATED)
_09572_/A2                              4.000000    8.746397   -4.746397 (VIOLATED)
_09579_/A2                              4.000000    8.746398   -4.746397 (VIOLATED)
_14369_/A1                              4.000000    8.745655   -4.745655 (VIOLATED)
_14678_/B                               4.000000    8.745164   -4.745164 (VIOLATED)
_14685_/B                               4.000000    8.744861   -4.744860 (VIOLATED)
_14951_/A2                              4.000000    8.744858   -4.744857 (VIOLATED)
_14946_/A2                              4.000000    8.744852   -4.744852 (VIOLATED)
_14856_/S                               4.000000    8.744369   -4.744368 (VIOLATED)
_14847_/A2                              4.000000    8.744089   -4.744089 (VIOLATED)
_14393_/A1                              4.000000    8.743897   -4.743897 (VIOLATED)
_14834_/S                               4.000000    8.743726   -4.743726 (VIOLATED)
_14701_/A2                              4.000000    8.743529   -4.743530 (VIOLATED)
_14963_/A2                              4.000000    8.743522   -4.743522 (VIOLATED)
_14968_/A2                              4.000000    8.743510   -4.743510 (VIOLATED)
_14718_/A2                              4.000000    8.743502   -4.743501 (VIOLATED)
_14649_/A2                              4.000000    8.743482   -4.743482 (VIOLATED)
_14890_/A1                              4.000000    8.743483   -4.743483 (VIOLATED)
_14889_/A2                              4.000000    8.743471   -4.743471 (VIOLATED)
_14902_/A2                              4.000000    8.743385   -4.743385 (VIOLATED)
_14727_/A2                              4.000000    8.743326   -4.743326 (VIOLATED)
_14640_/A2                              4.000000    8.743282   -4.743283 (VIOLATED)
_14710_/A2                              4.000000    8.743155   -4.743156 (VIOLATED)
_14635_/A2                              4.000000    8.743114   -4.743115 (VIOLATED)
_14907_/A2                              4.000000    8.743017   -4.743017 (VIOLATED)
_14911_/S                               4.000000    8.742925   -4.742925 (VIOLATED)
_13928_/C                               4.000000    8.742844   -4.742844 (VIOLATED)
_14888_/S                               4.000000    8.742785   -4.742785 (VIOLATED)
_14914_/S                               4.000000    8.742759   -4.742759 (VIOLATED)
_14887_/S                               4.000000    8.742701   -4.742701 (VIOLATED)
_14978_/A2                              4.000000    8.742673   -4.742672 (VIOLATED)
_14979_/A1                              4.000000    8.742610   -4.742610 (VIOLATED)
_14600_/A2                              4.000000    8.742529   -4.742529 (VIOLATED)
_14767_/A2                              4.000000    8.742533   -4.742533 (VIOLATED)
_14790_/A2                              4.000000    8.742524   -4.742524 (VIOLATED)
_14602_/A2                              4.000000    8.742516   -4.742516 (VIOLATED)
_14604_/A2                              4.000000    8.742514   -4.742514 (VIOLATED)
_14781_/A2                              4.000000    8.742513   -4.742513 (VIOLATED)
_13872_/A1                              4.000000    8.742506   -4.742506 (VIOLATED)
_14623_/A2                              4.000000    8.742503   -4.742503 (VIOLATED)
_14606_/A2                              4.000000    8.742497   -4.742497 (VIOLATED)
_14756_/A2                              4.000000    8.742476   -4.742476 (VIOLATED)
_14801_/A2                              4.000000    8.742465   -4.742465 (VIOLATED)
_14922_/A2                              4.000000    8.742447   -4.742447 (VIOLATED)
_14608_/A2                              4.000000    8.742441   -4.742441 (VIOLATED)
_14618_/A2                              4.000000    8.742441   -4.742441 (VIOLATED)
_15008_/A2                              4.000000    8.742432   -4.742432 (VIOLATED)
_14616_/A2                              4.000000    8.742426   -4.742426 (VIOLATED)
_14610_/A2                              4.000000    8.742417   -4.742418 (VIOLATED)
_14984_/A2                              4.000000    8.742418   -4.742419 (VIOLATED)
_14830_/A2                              4.000000    8.742397   -4.742397 (VIOLATED)
_14614_/A2                              4.000000    8.742388   -4.742387 (VIOLATED)
_14831_/A2                              4.000000    8.742351   -4.742350 (VIOLATED)
_14828_/B                               4.000000    8.742294   -4.742294 (VIOLATED)
_15013_/A2                              4.000000    8.742154   -4.742154 (VIOLATED)
_14779_/B                               4.000000    8.741982   -4.741982 (VIOLATED)
_14819_/B                               4.000000    8.741873   -4.741873 (VIOLATED)
_14885_/S                               4.000000    8.741765   -4.741765 (VIOLATED)
clone1/ZN                               4.000000    8.741438   -4.741438 (VIOLATED)
_17279_/A2                              4.000000    8.519028   -4.519028 (VIOLATED)
_17283_/A2                              4.000000    8.519029   -4.519028 (VIOLATED)
_17235_/A2                              4.000000    8.519003   -4.519002 (VIOLATED)
_17243_/A2                              4.000000    8.518989   -4.518989 (VIOLATED)
_17198_/A2                              4.000000    8.518941   -4.518940 (VIOLATED)
_17190_/A2                              4.000000    8.518908   -4.518908 (VIOLATED)
_17221_/A2                              4.000000    8.518909   -4.518909 (VIOLATED)
_17260_/A2                              4.000000    8.518909   -4.518909 (VIOLATED)
_17257_/A2                              4.000000    8.518875   -4.518875 (VIOLATED)
_17194_/A2                              4.000000    8.518825   -4.518825 (VIOLATED)
_17213_/A2                              4.000000    8.518808   -4.518808 (VIOLATED)
_17264_/A2                              4.000000    8.518777   -4.518777 (VIOLATED)
_17302_/A2                              4.000000    8.518673   -4.518673 (VIOLATED)
_17309_/A2                              4.000000    8.518670   -4.518671 (VIOLATED)
_17305_/A2                              4.000000    8.518665   -4.518665 (VIOLATED)
_17518_/A2                              4.000000    8.518653   -4.518653 (VIOLATED)
_17522_/A2                              4.000000    8.518643   -4.518644 (VIOLATED)
_10417_/A2                              4.000000    8.518613   -4.518613 (VIOLATED)
_10289_/A2                              4.000000    8.518605   -4.518606 (VIOLATED)
_17480_/A2                              4.000000    8.518563   -4.518563 (VIOLATED)
_17476_/A2                              4.000000    8.518545   -4.518545 (VIOLATED)
_17344_/A2                              4.000000    8.518517   -4.518517 (VIOLATED)
_17348_/A2                              4.000000    8.518516   -4.518516 (VIOLATED)
_17352_/A2                              4.000000    8.518520   -4.518520 (VIOLATED)
clone4/ZN                               4.000000    8.518462   -4.518463 (VIOLATED)
_15759_/A1                              4.000000    8.188125   -4.188125 (VIOLATED)
_15762_/C                               4.000000    8.188126   -4.188126 (VIOLATED)
_15771_/A1                              4.000000    8.188128   -4.188128 (VIOLATED)
_15774_/C                               4.000000    8.188129   -4.188129 (VIOLATED)
_15777_/A1                              4.000000    8.188127   -4.188127 (VIOLATED)
_15754_/C                               4.000000    8.188114   -4.188115 (VIOLATED)
_15757_/A1                              4.000000    8.188116   -4.188116 (VIOLATED)
_15748_/C                               4.000000    8.188110   -4.188110 (VIOLATED)
_15750_/C                               4.000000    8.188110   -4.188110 (VIOLATED)
_15752_/C                               4.000000    8.188111   -4.188111 (VIOLATED)
_15740_/C                               4.000000    8.188096   -4.188096 (VIOLATED)
_15732_/ZN                              4.000000    8.188065   -4.188065 (VIOLATED)
_15742_/C                               4.000000    8.188065   -4.188065 (VIOLATED)
_15744_/C                               4.000000    8.188065   -4.188065 (VIOLATED)
_15746_/C                               4.000000    8.188065   -4.188065 (VIOLATED)
_15779_/A1                              4.000000    8.188065   -4.188065 (VIOLATED)
_15806_/A1                              4.000000    8.188065   -4.188065 (VIOLATED)
_15811_/A1                              4.000000    8.188065   -4.188065 (VIOLATED)
_15816_/A1                              4.000000    8.188065   -4.188065 (VIOLATED)
_15818_/A1                              4.000000    8.188065   -4.188065 (VIOLATED)
_15819_/B                               4.000000    8.188065   -4.188065 (VIOLATED)
_17541_/S                               4.000000    8.188065   -4.188065 (VIOLATED)
_14851_/S                               4.000000    8.165319   -4.165319 (VIOLATED)
_12845_/A2                              4.000000    8.164907   -4.164907 (VIOLATED)
_14686_/A2                              4.000000    8.164724   -4.164724 (VIOLATED)
_14689_/A2                              4.000000    8.164724   -4.164724 (VIOLATED)
_14679_/A2                              4.000000    8.164717   -4.164717 (VIOLATED)
_14964_/A1                              4.000000    8.164659   -4.164659 (VIOLATED)
_14969_/A1                              4.000000    8.164658   -4.164658 (VIOLATED)
_14702_/A1                              4.000000    8.164653   -4.164653 (VIOLATED)
_14719_/A1                              4.000000    8.164653   -4.164653 (VIOLATED)
_14903_/A1                              4.000000    8.164617   -4.164617 (VIOLATED)
_14923_/A1                              4.000000    8.164564   -4.164564 (VIOLATED)
_14908_/A1                              4.000000    8.164475   -4.164475 (VIOLATED)
_14829_/A2                              4.000000    8.164468   -4.164467 (VIOLATED)
_13932_/A1                              4.000000    8.164431   -4.164430 (VIOLATED)
_14612_/A2                              4.000000    8.164414   -4.164414 (VIOLATED)
_14820_/A2                              4.000000    8.164417   -4.164417 (VIOLATED)
_14985_/A1                              4.000000    8.164397   -4.164397 (VIOLATED)
_14780_/A2                              4.000000    8.164310   -4.164310 (VIOLATED)
clone5/ZN                               4.000000    8.164274   -4.164274 (VIOLATED)
_17514_/A2                              4.000000    8.143071   -4.143071 (VIOLATED)
_17323_/A2                              4.000000    8.143043   -4.143043 (VIOLATED)
_17325_/A2                              4.000000    8.143043   -4.143043 (VIOLATED)
_17287_/A2                              4.000000    8.143037   -4.143037 (VIOLATED)
_17497_/A2                              4.000000    8.143041   -4.143040 (VIOLATED)
_17501_/A2                              4.000000    8.143039   -4.143038 (VIOLATED)
_17330_/A2                              4.000000    8.143029   -4.143030 (VIOLATED)
_17493_/A2                              4.000000    8.143024   -4.143024 (VIOLATED)
_17472_/A2                              4.000000    8.142998   -4.142998 (VIOLATED)
_17451_/A2                              4.000000    8.142972   -4.142972 (VIOLATED)
_17459_/A2                              4.000000    8.142965   -4.142966 (VIOLATED)
_17455_/A2                              4.000000    8.142960   -4.142960 (VIOLATED)
_17409_/A2                              4.000000    8.142927   -4.142928 (VIOLATED)
_17413_/A2                              4.000000    8.142921   -4.142921 (VIOLATED)
_17430_/A2                              4.000000    8.142922   -4.142922 (VIOLATED)
_17434_/A2                              4.000000    8.142925   -4.142925 (VIOLATED)
_17438_/A2                              4.000000    8.142925   -4.142925 (VIOLATED)
_17417_/A2                              4.000000    8.142917   -4.142917 (VIOLATED)
_17367_/A2                              4.000000    8.142891   -4.142891 (VIOLATED)
_17371_/A2                              4.000000    8.142891   -4.142891 (VIOLATED)
_17375_/A2                              4.000000    8.142891   -4.142891 (VIOLATED)
_17388_/A2                              4.000000    8.142891   -4.142891 (VIOLATED)
_17392_/A2                              4.000000    8.142891   -4.142891 (VIOLATED)
_17396_/A2                              4.000000    8.142891   -4.142891 (VIOLATED)
clone18/ZN                              4.000000    8.142891   -4.142891 (VIOLATED)
_10173_/B1                              4.000000    8.108414   -4.108414 (VIOLATED)
_10364_/B1                              4.000000    8.108270   -4.108270 (VIOLATED)
_10368_/B1                              4.000000    8.108267   -4.108267 (VIOLATED)
_10372_/B1                              4.000000    8.108251   -4.108250 (VIOLATED)
_10571_/B1                              4.000000    8.108225   -4.108224 (VIOLATED)
_10575_/B1                              4.000000    8.108226   -4.108225 (VIOLATED)
_10579_/B1                              4.000000    8.108227   -4.108226 (VIOLATED)
_10471_/B1                              4.000000    8.108213   -4.108214 (VIOLATED)
_10467_/B1                              4.000000    8.108204   -4.108204 (VIOLATED)
_10475_/B1                              4.000000    8.108199   -4.108199 (VIOLATED)
_10395_/B1                              4.000000    8.108191   -4.108191 (VIOLATED)
_10442_/B1                              4.000000    8.108193   -4.108193 (VIOLATED)
_10446_/B1                              4.000000    8.108195   -4.108195 (VIOLATED)
_10493_/B1                              4.000000    8.108189   -4.108189 (VIOLATED)
_10501_/B1                              4.000000    8.108186   -4.108185 (VIOLATED)
_10523_/B1                              4.000000    8.108180   -4.108180 (VIOLATED)
_10449_/B1                              4.000000    8.108175   -4.108175 (VIOLATED)
_10519_/B1                              4.000000    8.108175   -4.108176 (VIOLATED)
_10417_/B1                              4.000000    8.108168   -4.108168 (VIOLATED)
_10497_/B1                              4.000000    8.108170   -4.108170 (VIOLATED)
_10391_/B1                              4.000000    8.108163   -4.108163 (VIOLATED)
_10420_/B1                              4.000000    8.108158   -4.108158 (VIOLATED)
_10424_/B1                              4.000000    8.108155   -4.108155 (VIOLATED)
_10527_/B1                              4.000000    8.108129   -4.108129 (VIOLATED)
clone16/ZN                              4.000000    8.108129   -4.108129 (VIOLATED)
_11503_/B1                              4.000000    7.973182   -3.973182 (VIOLATED)
_11572_/B1                              4.000000    7.973185   -3.973185 (VIOLATED)
_11471_/B1                              4.000000    7.973173   -3.973173 (VIOLATED)
_11812_/A2                              4.000000    7.973161   -3.973161 (VIOLATED)
_11453_/A2                              4.000000    7.973151   -3.973151 (VIOLATED)
_11798_/A2                              4.000000    7.973135   -3.973134 (VIOLATED)
_11758_/A2                              4.000000    7.973087   -3.973087 (VIOLATED)
_11604_/B1                              4.000000    7.973041   -3.973041 (VIOLATED)
_11613_/B                               4.000000    7.973039   -3.973038 (VIOLATED)
_11646_/B                               4.000000    7.973035   -3.973035 (VIOLATED)
_11593_/B1                              4.000000    7.973028   -3.973028 (VIOLATED)
_11657_/B1                              4.000000    7.973027   -3.973027 (VIOLATED)
_11741_/A2                              4.000000    7.973029   -3.973029 (VIOLATED)
_11368_/A2                              4.000000    7.972989   -3.972989 (VIOLATED)
_11727_/A2                              4.000000    7.972986   -3.972986 (VIOLATED)
_11712_/A2                              4.000000    7.972980   -3.972980 (VIOLATED)
_11411_/A2                              4.000000    7.972975   -3.972975 (VIOLATED)
_11408_/B1                              4.000000    7.972964   -3.972964 (VIOLATED)
clone19/ZN                              4.000000    7.972929   -3.972928 (VIOLATED)
_11487_/A2                              4.000000    7.636030   -3.636030 (VIOLATED)
_11814_/A2                              4.000000    7.635955   -3.635955 (VIOLATED)
_11771_/A2                              4.000000    7.635921   -3.635921 (VIOLATED)
_11785_/A2                              4.000000    7.635921   -3.635921 (VIOLATED)
_11800_/A2                              4.000000    7.635899   -3.635898 (VIOLATED)
_11757_/A2                              4.000000    7.635829   -3.635829 (VIOLATED)
clone37/A1                              4.000000    7.635806   -3.635806 (VIOLATED)
_11729_/A2                              4.000000    7.635749   -3.635749 (VIOLATED)
_11743_/A2                              4.000000    7.635730   -3.635731 (VIOLATED)
clone33/A2                              4.000000    7.635671   -3.635671 (VIOLATED)
_11593_/A2                              4.000000    7.635653   -3.635653 (VIOLATED)
_11657_/A2                              4.000000    7.635657   -3.635657 (VIOLATED)
_11316_/A1                              4.000000    7.635647   -3.635647 (VIOLATED)
_11315_/ZN                              4.000000    7.635617   -3.635617 (VIOLATED)
_11370_/A2                              4.000000    7.635617   -3.635617 (VIOLATED)
_11408_/A2                              4.000000    7.635617   -3.635617 (VIOLATED)
clone19/A2                              4.000000    7.635617   -3.635617 (VIOLATED)
clone35/A2                              4.000000    7.635617   -3.635617 (VIOLATED)
_11828_/A2                              4.000000    7.300720   -3.300720 (VIOLATED)
_11830_/A2                              4.000000    7.300722   -3.300722 (VIOLATED)
_11455_/A2                              4.000000    7.300676   -3.300676 (VIOLATED)
_11517_/A2                              4.000000    7.300677   -3.300677 (VIOLATED)
_11519_/A2                              4.000000    7.300678   -3.300678 (VIOLATED)
_11553_/A2                              4.000000    7.300677   -3.300677 (VIOLATED)
_11785_/B1                              4.000000    7.300542   -3.300542 (VIOLATED)
_11666_/B                               4.000000    7.300499   -3.300499 (VIOLATED)
_11620_/A2                              4.000000    7.300495   -3.300495 (VIOLATED)
_11623_/A2                              4.000000    7.300494   -3.300494 (VIOLATED)
_11342_/B                               4.000000    7.300487   -3.300487 (VIOLATED)
_11358_/B                               4.000000    7.300466   -3.300466 (VIOLATED)
_11673_/A2                              4.000000    7.300463   -3.300463 (VIOLATED)
_11676_/A2                              4.000000    7.300465   -3.300464 (VIOLATED)
_11385_/A2                              4.000000    7.300434   -3.300434 (VIOLATED)
_11388_/A2                              4.000000    7.300434   -3.300434 (VIOLATED)
_11714_/A2                              4.000000    7.300419   -3.300419 (VIOLATED)
clone33/ZN                              4.000000    7.300385   -3.300385 (VIOLATED)
_12581_/A2                              4.000000    7.296438   -3.296438 (VIOLATED)
_12586_/S0                              4.000000    7.296439   -3.296439 (VIOLATED)
_12583_/A2                              4.000000    7.296427   -3.296427 (VIOLATED)
_12265_/A2                              4.000000    7.296401   -3.296401 (VIOLATED)
_12267_/S0                              4.000000    7.296386   -3.296386 (VIOLATED)
_12260_/A2                              4.000000    7.296371   -3.296370 (VIOLATED)
_12155_/A2                              4.000000    7.296333   -3.296333 (VIOLATED)
_12156_/A2                              4.000000    7.296333   -3.296334 (VIOLATED)
_12182_/A2                              4.000000    7.296329   -3.296329 (VIOLATED)
_12151_/S                               4.000000    7.296311   -3.296311 (VIOLATED)
_12153_/S                               4.000000    7.296309   -3.296309 (VIOLATED)
_12200_/S                               4.000000    7.296297   -3.296297 (VIOLATED)
_12183_/A2                              4.000000    7.296282   -3.296283 (VIOLATED)
_12204_/A2                              4.000000    7.296277   -3.296277 (VIOLATED)
_12176_/S                               4.000000    7.296241   -3.296241 (VIOLATED)
_12202_/A2                              4.000000    7.296235   -3.296235 (VIOLATED)
_12222_/A2                              4.000000    7.296207   -3.296207 (VIOLATED)
_12178_/A2                              4.000000    7.296201   -3.296201 (VIOLATED)
_12246_/A2                              4.000000    7.296169   -3.296169 (VIOLATED)
_12247_/A2                              4.000000    7.296172   -3.296171 (VIOLATED)
_12221_/S0                              4.000000    7.296165   -3.296166 (VIOLATED)
_12242_/S                               4.000000    7.296150   -3.296150 (VIOLATED)
_12422_/A2                              4.000000    7.296143   -3.296143 (VIOLATED)
_12423_/A2                              4.000000    7.296142   -3.296142 (VIOLATED)
_12135_/S0                              4.000000    7.296106   -3.296106 (VIOLATED)
_12443_/A2                              4.000000    7.296099   -3.296099 (VIOLATED)
_12197_/S                               4.000000    7.296037   -3.296037 (VIOLATED)
_12462_/A2                              4.000000    7.296016   -3.296016 (VIOLATED)
_12132_/S                               4.000000    7.295990   -3.295991 (VIOLATED)
_12466_/A2                              4.000000    7.295979   -3.295979 (VIOLATED)
_12460_/S                               4.000000    7.295957   -3.295956 (VIOLATED)
_12137_/A2                              4.000000    7.295941   -3.295941 (VIOLATED)
_12465_/A2                              4.000000    7.295929   -3.295929 (VIOLATED)
_12217_/A2                              4.000000    7.295917   -3.295917 (VIOLATED)
_12491_/S                               4.000000    7.295831   -3.295831 (VIOLATED)
_12486_/A2                              4.000000    7.295803   -3.295802 (VIOLATED)
_12489_/S                               4.000000    7.295794   -3.295794 (VIOLATED)
_12490_/S                               4.000000    7.295770   -3.295770 (VIOLATED)
_12503_/A2                              4.000000    7.295689   -3.295689 (VIOLATED)
_12529_/S0                              4.000000    7.295690   -3.295690 (VIOLATED)
_12114_/S                               4.000000    7.295685   -3.295685 (VIOLATED)
_12504_/S                               4.000000    7.295686   -3.295686 (VIOLATED)
_12508_/S                               4.000000    7.295686   -3.295686 (VIOLATED)
_12505_/S                               4.000000    7.295680   -3.295679 (VIOLATED)
_12568_/S                               4.000000    7.295665   -3.295665 (VIOLATED)
_12538_/S                               4.000000    7.295660   -3.295660 (VIOLATED)
_12523_/S                               4.000000    7.295631   -3.295631 (VIOLATED)
_12545_/A2                              4.000000    7.295625   -3.295625 (VIOLATED)
_12542_/S0                              4.000000    7.295619   -3.295619 (VIOLATED)
_12567_/S                               4.000000    7.295614   -3.295614 (VIOLATED)
_12566_/S                               4.000000    7.295574   -3.295574 (VIOLATED)
_12522_/A2                              4.000000    7.295569   -3.295569 (VIOLATED)
_12563_/A2                              4.000000    7.295538   -3.295538 (VIOLATED)
clone76/ZN                              4.000000    7.295419   -3.295419 (VIOLATED)
_12717_/S                               4.000000    7.237103   -3.237103 (VIOLATED)
_12686_/A2                              4.000000    7.237084   -3.237084 (VIOLATED)
_12712_/A2                              4.000000    7.237040   -3.237040 (VIOLATED)
_12679_/A2                              4.000000    7.237000   -3.237000 (VIOLATED)
_12768_/S                               4.000000    7.236974   -3.236974 (VIOLATED)
_12695_/A2                              4.000000    7.236957   -3.236957 (VIOLATED)
_12754_/S                               4.000000    7.236954   -3.236954 (VIOLATED)
_12740_/S                               4.000000    7.236891   -3.236891 (VIOLATED)
_12704_/A2                              4.000000    7.236883   -3.236883 (VIOLATED)
_12609_/S                               4.000000    7.236863   -3.236863 (VIOLATED)
_12728_/S                               4.000000    7.236804   -3.236804 (VIOLATED)
_12622_/A2                              4.000000    7.236737   -3.236737 (VIOLATED)
_12672_/S                               4.000000    7.236718   -3.236718 (VIOLATED)
_12748_/A2                              4.000000    7.236674   -3.236674 (VIOLATED)
_12830_/A2                              4.000000    7.236534   -3.236534 (VIOLATED)
_12734_/S                               4.000000    7.236529   -3.236529 (VIOLATED)
_12602_/S                               4.000000    7.236523   -3.236523 (VIOLATED)
_12836_/A2                              4.000000    7.236484   -3.236484 (VIOLATED)
_12665_/A2                              4.000000    7.236415   -3.236415 (VIOLATED)
_12616_/A2                              4.000000    7.236375   -3.236375 (VIOLATED)
_12762_/A2                              4.000000    7.236138   -3.236138 (VIOLATED)
_12822_/A2                              4.000000    7.236096   -3.236096 (VIOLATED)
_12815_/A2                              4.000000    7.235942   -3.235942 (VIOLATED)
_12632_/A2                              4.000000    7.235802   -3.235802 (VIOLATED)
_12784_/S                               4.000000    7.235743   -3.235742 (VIOLATED)
_12776_/A2                              4.000000    7.235735   -3.235735 (VIOLATED)
_12648_/A2                              4.000000    7.235712   -3.235712 (VIOLATED)
_12640_/A2                              4.000000    7.235685   -3.235685 (VIOLATED)
_12798_/S                               4.000000    7.235666   -3.235667 (VIOLATED)
_12657_/S                               4.000000    7.235636   -3.235636 (VIOLATED)
_12805_/A2                              4.000000    7.235640   -3.235639 (VIOLATED)
_12792_/A2                              4.000000    7.235403   -3.235403 (VIOLATED)
_11323_/A2                              4.000000    7.235271   -3.235271 (VIOLATED)
_11310_/ZN                              4.000000    7.234788   -3.234788 (VIOLATED)
_11314_/B                               4.000000    7.234788   -3.234788 (VIOLATED)
_18249_/S                               4.000000    7.197695   -3.197695 (VIOLATED)
_18253_/S                               4.000000    7.197684   -3.197685 (VIOLATED)
_18251_/S                               4.000000    7.197674   -3.197674 (VIOLATED)
_18252_/S                               4.000000    7.197637   -3.197636 (VIOLATED)
_18254_/S                               4.000000    7.197599   -3.197599 (VIOLATED)
_18248_/S                               4.000000    7.197569   -3.197569 (VIOLATED)
_18250_/S                               4.000000    7.197567   -3.197566 (VIOLATED)
_18255_/S                               4.000000    7.195774   -3.195774 (VIOLATED)
_18256_/S                               4.000000    7.195709   -3.195709 (VIOLATED)
_18257_/S                               4.000000    7.195638   -3.195638 (VIOLATED)
_18258_/S                               4.000000    7.195110   -3.195111 (VIOLATED)
_10922_/S                               4.000000    7.194790   -3.194790 (VIOLATED)
_10923_/S                               4.000000    7.194433   -3.194433 (VIOLATED)
_10924_/S                               4.000000    7.194208   -3.194208 (VIOLATED)
_10925_/S                               4.000000    7.193809   -3.193808 (VIOLATED)
_10926_/S                               4.000000    7.193638   -3.193638 (VIOLATED)
_10921_/ZN                              4.000000    7.191920   -3.191920 (VIOLATED)
_11480_/A2                              4.000000    6.795071   -2.795071 (VIOLATED)
_11548_/A2                              4.000000    6.795065   -2.795066 (VIOLATED)
_11512_/A2                              4.000000    6.795047   -2.795047 (VIOLATED)
_11581_/A2                              4.000000    6.795026   -2.795026 (VIOLATED)
_11565_/A2                              4.000000    6.795020   -2.795020 (VIOLATED)
_11530_/A2                              4.000000    6.795013   -2.795014 (VIOLATED)
_11497_/A2                              4.000000    6.794978   -2.794978 (VIOLATED)
_12272_/A1                              4.000000    6.794376   -2.794376 (VIOLATED)
_12214_/A1                              4.000000    6.794265   -2.794265 (VIOLATED)
_12166_/A1                              4.000000    6.794164   -2.794164 (VIOLATED)
_12147_/A1                              4.000000    6.794065   -2.794065 (VIOLATED)
_11841_/A2                              4.000000    6.793906   -2.793906 (VIOLATED)
_11823_/A2                              4.000000    6.793750   -2.793750 (VIOLATED)
_11331_/A2                              4.000000    6.793465   -2.793465 (VIOLATED)
_11384_/A2                              4.000000    6.793465   -2.793465 (VIOLATED)
_11403_/A2                              4.000000    6.793466   -2.793466 (VIOLATED)
_11349_/A2                              4.000000    6.793445   -2.793445 (VIOLATED)
_11654_/A2                              4.000000    6.793417   -2.793417 (VIOLATED)
_11465_/A2                              4.000000    6.793407   -2.793407 (VIOLATED)
_11382_/A2                              4.000000    6.793392   -2.793392 (VIOLATED)
_11690_/A2                              4.000000    6.793394   -2.793394 (VIOLATED)
_11364_/A2                              4.000000    6.793386   -2.793386 (VIOLATED)
_11687_/A2                              4.000000    6.793386   -2.793386 (VIOLATED)
_11656_/A2                              4.000000    6.793379   -2.793379 (VIOLATED)
_11617_/A2                              4.000000    6.793372   -2.793372 (VIOLATED)
_11635_/A2                              4.000000    6.793334   -2.793334 (VIOLATED)
_11588_/A2                              4.000000    6.793295   -2.793295 (VIOLATED)
_12281_/A2                              4.000000    6.793210   -2.793210 (VIOLATED)
_11809_/A2                              4.000000    6.793187   -2.793187 (VIOLATED)
_11848_/A2                              4.000000    6.793085   -2.793085 (VIOLATED)
_11795_/A2                              4.000000    6.793044   -2.793044 (VIOLATED)
_11780_/A2                              4.000000    6.792933   -2.792933 (VIOLATED)
_11766_/A2                              4.000000    6.792865   -2.792865 (VIOLATED)
_11448_/A2                              4.000000    6.792744   -2.792744 (VIOLATED)
_11419_/A2                              4.000000    6.792734   -2.792734 (VIOLATED)
_11752_/A2                              4.000000    6.792558   -2.792558 (VIOLATED)
_11738_/A2                              4.000000    6.792523   -2.792523 (VIOLATED)
_11724_/A2                              4.000000    6.792463   -2.792463 (VIOLATED)
clone14/ZN                              4.000000    6.792265   -2.792265 (VIOLATED)
_17328_/A1                              4.000000    6.673201   -2.673201 (VIOLATED)
_17285_/A1                              4.000000    6.673191   -2.673191 (VIOLATED)
_10198_/A1                              4.000000    6.673131   -2.673131 (VIOLATED)
_17258_/A1                              4.000000    6.673111   -2.673112 (VIOLATED)
_17188_/A1                              4.000000    6.673108   -2.673108 (VIOLATED)
_17196_/A1                              4.000000    6.673099   -2.673099 (VIOLATED)
_17192_/A1                              4.000000    6.673038   -2.673038 (VIOLATED)
_17262_/A1                              4.000000    6.672940   -2.672940 (VIOLATED)
_17512_/A1                              4.000000    6.672904   -2.672904 (VIOLATED)
_17516_/A1                              4.000000    6.672895   -2.672895 (VIOLATED)
_17520_/A1                              4.000000    6.672880   -2.672880 (VIOLATED)
_10422_/A1                              4.000000    6.672859   -2.672859 (VIOLATED)
_17453_/A1                              4.000000    6.672803   -2.672803 (VIOLATED)
_17495_/A1                              4.000000    6.672790   -2.672790 (VIOLATED)
_17499_/A1                              4.000000    6.672791   -2.672791 (VIOLATED)
_17432_/A1                              4.000000    6.672770   -2.672770 (VIOLATED)
_17449_/A1                              4.000000    6.672772   -2.672772 (VIOLATED)
_17491_/A1                              4.000000    6.672768   -2.672768 (VIOLATED)
_17428_/A1                              4.000000    6.672762   -2.672763 (VIOLATED)
_17436_/A1                              4.000000    6.672749   -2.672749 (VIOLATED)
_17478_/A1                              4.000000    6.672701   -2.672701 (VIOLATED)
_17299_/A1                              4.000000    6.672692   -2.672692 (VIOLATED)
_17471_/A1                              4.000000    6.672686   -2.672686 (VIOLATED)
_17474_/A1                              4.000000    6.672680   -2.672680 (VIOLATED)
_17303_/A1                              4.000000    6.672577   -2.672577 (VIOLATED)
_17415_/A1                              4.000000    6.672543   -2.672543 (VIOLATED)
_17350_/A1                              4.000000    6.672459   -2.672459 (VIOLATED)
_17407_/A1                              4.000000    6.672453   -2.672453 (VIOLATED)
_17346_/A1                              4.000000    6.672399   -2.672398 (VIOLATED)
_10121_/B2                              4.000000    6.672352   -2.672352 (VIOLATED)
_17342_/A1                              4.000000    6.672354   -2.672354 (VIOLATED)
_10601_/A3                              4.000000    6.672336   -2.672336 (VIOLATED)
_17369_/A1                              4.000000    6.672315   -2.672314 (VIOLATED)
_17390_/A1                              4.000000    6.672305   -2.672305 (VIOLATED)
_17365_/A1                              4.000000    6.672280   -2.672280 (VIOLATED)
_17394_/A1                              4.000000    6.672273   -2.672273 (VIOLATED)
_17373_/A1                              4.000000    6.672258   -2.672258 (VIOLATED)
_17386_/A1                              4.000000    6.672228   -2.672228 (VIOLATED)
clone11/ZN                              4.000000    6.672164   -2.672164 (VIOLATED)
_13055_/S                               4.000000    6.641459   -2.641459 (VIOLATED)
_13048_/S                               4.000000    6.641447   -2.641447 (VIOLATED)
_13396_/A1                              4.000000    6.641414   -2.641414 (VIOLATED)
_13401_/B2                              4.000000    6.641416   -2.641416 (VIOLATED)
_13043_/S                               4.000000    6.641369   -2.641369 (VIOLATED)
_13035_/S                               4.000000    6.641317   -2.641317 (VIOLATED)
_13379_/A1                              4.000000    6.641201   -2.641201 (VIOLATED)
_13365_/A1                              4.000000    6.641174   -2.641175 (VIOLATED)
_13360_/B                               4.000000    6.641151   -2.641151 (VIOLATED)
_13030_/S                               4.000000    6.641140   -2.641140 (VIOLATED)
_13021_/S                               4.000000    6.641012   -2.641011 (VIOLATED)
_13254_/A2                              4.000000    6.640769   -2.640769 (VIOLATED)
_13016_/S                               4.000000    6.639978   -2.639978 (VIOLATED)
_13009_/S                               4.000000    6.639770   -2.639770 (VIOLATED)
_13306_/A1                              4.000000    6.639528   -2.639528 (VIOLATED)
_13703_/A1                              4.000000    6.638724   -2.638724 (VIOLATED)
_13158_/S                               4.000000    6.638108   -2.638108 (VIOLATED)
_13151_/S                               4.000000    6.637661   -2.637661 (VIOLATED)
_13146_/S                               4.000000    6.637098   -2.637098 (VIOLATED)
_13138_/S                               4.000000    6.636749   -2.636749 (VIOLATED)
_13002_/S                               4.000000    6.636638   -2.636638 (VIOLATED)
_13673_/A1                              4.000000    6.636592   -2.636592 (VIOLATED)
_13845_/A2                              4.000000    6.636556   -2.636556 (VIOLATED)
_13641_/A1                              4.000000    6.636502   -2.636502 (VIOLATED)
_13133_/S                               4.000000    6.636287   -2.636287 (VIOLATED)
_13124_/S                               4.000000    6.635757   -2.635757 (VIOLATED)
_13603_/A1                              4.000000    6.635217   -2.635216 (VIOLATED)
_13119_/S                               4.000000    6.635190   -2.635190 (VIOLATED)
_13112_/S                               4.000000    6.634674   -2.634673 (VIOLATED)
_13582_/A1                              4.000000    6.634418   -2.634418 (VIOLATED)
_13105_/S                               4.000000    6.633998   -2.633998 (VIOLATED)
_12994_/S                               4.000000    6.633640   -2.633640 (VIOLATED)
_12989_/S                               4.000000    6.633623   -2.633623 (VIOLATED)
_12982_/S                               4.000000    6.633604   -2.633604 (VIOLATED)
_13097_/S                               4.000000    6.632974   -2.632973 (VIOLATED)
_13092_/S                               4.000000    6.632454   -2.632454 (VIOLATED)
_13085_/S                               4.000000    6.632144   -2.632144 (VIOLATED)
_13509_/A1                              4.000000    6.632049   -2.632049 (VIOLATED)
_13078_/S                               4.000000    6.631866   -2.631866 (VIOLATED)
_13491_/A1                              4.000000    6.631866   -2.631866 (VIOLATED)
_13071_/S                               4.000000    6.631616   -2.631615 (VIOLATED)
_13059_/A2                              4.000000    6.631402   -2.631402 (VIOLATED)
_13060_/A2                              4.000000    6.631401   -2.631401 (VIOLATED)
_13220_/A1                              4.000000    6.631402   -2.631402 (VIOLATED)
_13221_/A1                              4.000000    6.631402   -2.631403 (VIOLATED)
_13240_/A1                              4.000000    6.631405   -2.631405 (VIOLATED)
_13241_/A1                              4.000000    6.631404   -2.631404 (VIOLATED)
_13453_/A1                              4.000000    6.631402   -2.631402 (VIOLATED)
_12975_/S                               4.000000    6.631396   -2.631396 (VIOLATED)
_12953_/ZN                              4.000000    6.631373   -2.631373 (VIOLATED)
_12956_/A2                              4.000000    6.631373   -2.631373 (VIOLATED)
_12957_/A2                              4.000000    6.631373   -2.631373 (VIOLATED)
_12968_/S                               4.000000    6.631373   -2.631373 (VIOLATED)
_13183_/A1                              4.000000    6.631373   -2.631373 (VIOLATED)
_13184_/A1                              4.000000    6.631373   -2.631373 (VIOLATED)
_13200_/A1                              4.000000    6.631373   -2.631373 (VIOLATED)
_13201_/A1                              4.000000    6.631373   -2.631373 (VIOLATED)
_13419_/B2                              4.000000    6.489749   -2.489749 (VIOLATED)
_13414_/A1                              4.000000    6.489738   -2.489737 (VIOLATED)
_13427_/A1                              4.000000    6.489725   -2.489725 (VIOLATED)
_13430_/A1                              4.000000    6.489698   -2.489698 (VIOLATED)
_13385_/A1                              4.000000    6.489483   -2.489483 (VIOLATED)
_13348_/B2                              4.000000    6.489335   -2.489335 (VIOLATED)
_13342_/A1                              4.000000    6.489324   -2.489323 (VIOLATED)
_13329_/A1                              4.000000    6.488836   -2.488836 (VIOLATED)
_13324_/A1                              4.000000    6.488549   -2.488549 (VIOLATED)
_13312_/A1                              4.000000    6.488191   -2.488191 (VIOLATED)
_13706_/A1                              4.000000    6.487378   -2.487378 (VIOLATED)
_13696_/A1                              4.000000    6.487330   -2.487330 (VIOLATED)
_13679_/A1                              4.000000    6.487215   -2.487215 (VIOLATED)
_13290_/A1                              4.000000    6.487080   -2.487080 (VIOLATED)
_13295_/A1                              4.000000    6.487070   -2.487070 (VIOLATED)
_13690_/A1                              4.000000    6.487064   -2.487064 (VIOLATED)
_13664_/A1                              4.000000    6.486911   -2.486911 (VIOLATED)
_13658_/A1                              4.000000    6.486393   -2.486393 (VIOLATED)
_13646_/A1                              4.000000    6.485817   -2.485817 (VIOLATED)
_13621_/A1                              4.000000    6.485128   -2.485129 (VIOLATED)
_13628_/A1                              4.000000    6.485131   -2.485131 (VIOLATED)
_13607_/A1                              4.000000    6.484605   -2.484605 (VIOLATED)
_12249_/C                               4.000000    6.484538   -2.484538 (VIOLATED)
_12251_/B                               4.000000    6.484535   -2.484535 (VIOLATED)
_12158_/C                               4.000000    6.484529   -2.484529 (VIOLATED)
_12160_/C                               4.000000    6.484525   -2.484525 (VIOLATED)
_12224_/A2                              4.000000    6.484491   -2.484491 (VIOLATED)
_12425_/C                               4.000000    6.484483   -2.484483 (VIOLATED)
_12587_/A1                              4.000000    6.484478   -2.484478 (VIOLATED)
_12268_/A1                              4.000000    6.484470   -2.484470 (VIOLATED)
_12448_/C                               4.000000    6.484471   -2.484471 (VIOLATED)
_12266_/B                               4.000000    6.484468   -2.484467 (VIOLATED)
_12450_/A1                              4.000000    6.484468   -2.484467 (VIOLATED)
_12185_/C                               4.000000    6.484458   -2.484458 (VIOLATED)
_12187_/B                               4.000000    6.484449   -2.484449 (VIOLATED)
_12137_/B                               4.000000    6.484445   -2.484445 (VIOLATED)
_12138_/A2                              4.000000    6.484447   -2.484447 (VIOLATED)
_12470_/B                               4.000000    6.484433   -2.484433 (VIOLATED)
_12468_/C                               4.000000    6.484425   -2.484425 (VIOLATED)
_12120_/B                               4.000000    6.484379   -2.484380 (VIOLATED)
clone31/ZN                              4.000000    6.484379   -2.484380 (VIOLATED)
_13589_/A1                              4.000000    6.484021   -2.484021 (VIOLATED)
_13568_/A1                              4.000000    6.483066   -2.483066 (VIOLATED)
_13259_/A1                              4.000000    6.483026   -2.483026 (VIOLATED)
_13277_/B2                              4.000000    6.483018   -2.483018 (VIOLATED)
_13272_/A1                              4.000000    6.483015   -2.483015 (VIOLATED)
_13252_/A1                              4.000000    6.483003   -2.483003 (VIOLATED)
_13562_/A1                              4.000000    6.482877   -2.482877 (VIOLATED)
_13550_/A1                              4.000000    6.482312   -2.482312 (VIOLATED)
_13544_/A1                              4.000000    6.482129   -2.482129 (VIOLATED)
_13527_/A1                              4.000000    6.481585   -2.481585 (VIOLATED)
_13522_/A1                              4.000000    6.481535   -2.481535 (VIOLATED)
_13503_/A1                              4.000000    6.481255   -2.481254 (VIOLATED)
_13480_/A1                              4.000000    6.481039   -2.481039 (VIOLATED)
_13474_/A1                              4.000000    6.480981   -2.480981 (VIOLATED)
_13475_/A1                              4.000000    6.480981   -2.480981 (VIOLATED)
_13448_/A1                              4.000000    6.480782   -2.480781 (VIOLATED)
_13432_/A2                              4.000000    6.480749   -2.480749 (VIOLATED)
_12954_/ZN                              4.000000    6.480676   -2.480676 (VIOLATED)
_13161_/A2                              4.000000    6.480676   -2.480676 (VIOLATED)
_10479_/A1                              4.000000    6.454405   -2.454405 (VIOLATED)
_10505_/C                               4.000000    6.454406   -2.454406 (VIOLATED)
_17526_/C                               4.000000    6.454401   -2.454402 (VIOLATED)
_10583_/C                               4.000000    6.454387   -2.454386 (VIOLATED)
_17527_/A2                              4.000000    6.454356   -2.454356 (VIOLATED)
_10532_/A2                              4.000000    6.454341   -2.454341 (VIOLATED)
_10584_/A2                              4.000000    6.454340   -2.454340 (VIOLATED)
_10454_/A2                              4.000000    6.454278   -2.454278 (VIOLATED)
_10531_/C                               4.000000    6.454278   -2.454278 (VIOLATED)
_10480_/A2                              4.000000    6.454241   -2.454241 (VIOLATED)
_10506_/A2                              4.000000    6.454166   -2.454166 (VIOLATED)
_17505_/C                               4.000000    6.454072   -2.454072 (VIOLATED)
_17506_/A2                              4.000000    6.454046   -2.454046 (VIOLATED)
_10429_/A2                              4.000000    6.453988   -2.453988 (VIOLATED)
_10404_/A2                              4.000000    6.453980   -2.453980 (VIOLATED)
_10403_/C                               4.000000    6.453894   -2.453894 (VIOLATED)
_17464_/A2                              4.000000    6.453674   -2.453674 (VIOLATED)
_17463_/C                               4.000000    6.453598   -2.453598 (VIOLATED)
_17442_/C                               4.000000    6.453557   -2.453557 (VIOLATED)
_17443_/A2                              4.000000    6.453456   -2.453456 (VIOLATED)
_17422_/A2                              4.000000    6.453334   -2.453334 (VIOLATED)
_17421_/C                               4.000000    6.453323   -2.453323 (VIOLATED)
_10376_/C                               4.000000    6.452807   -2.452807 (VIOLATED)
_10377_/A2                              4.000000    6.452718   -2.452718 (VIOLATED)
_17400_/C                               4.000000    6.452435   -2.452435 (VIOLATED)
_17401_/A2                              4.000000    6.452428   -2.452429 (VIOLATED)
_17379_/C                               4.000000    6.452182   -2.452182 (VIOLATED)
_17380_/A2                              4.000000    6.452150   -2.452150 (VIOLATED)
_17358_/A2                              4.000000    6.451833   -2.451833 (VIOLATED)
_10321_/C                               4.000000    6.451596   -2.451596 (VIOLATED)
_10322_/A2                              4.000000    6.451563   -2.451563 (VIOLATED)
_10292_/B                               4.000000    6.451333   -2.451333 (VIOLATED)
_17268_/B                               4.000000    6.451222   -2.451222 (VIOLATED)
_10347_/B                               4.000000    6.451181   -2.451182 (VIOLATED)
_17312_/B                               4.000000    6.451128   -2.451128 (VIOLATED)
_17247_/B                               4.000000    6.451079   -2.451079 (VIOLATED)
_10177_/ZN                              4.000000    6.451047   -2.451047 (VIOLATED)
_10178_/C                               4.000000    6.451047   -2.451047 (VIOLATED)
_10210_/B                               4.000000    6.451047   -2.451047 (VIOLATED)
_10242_/A2                              4.000000    6.451047   -2.451047 (VIOLATED)
_17204_/A2                              4.000000    6.451047   -2.451047 (VIOLATED)
_17225_/C                               4.000000    6.451047   -2.451047 (VIOLATED)
_17226_/A2                              4.000000    6.451047   -2.451047 (VIOLATED)
_17291_/A1                              4.000000    6.451047   -2.451047 (VIOLATED)
_17292_/A2                              4.000000    6.451047   -2.451047 (VIOLATED)
_11702_/A1                              4.000000    6.449898   -2.449898 (VIOLATED)
_11703_/A2                              4.000000    6.449895   -2.449895 (VIOLATED)
_11667_/A2                              4.000000    6.449884   -2.449884 (VIOLATED)
_11791_/A2                              4.000000    6.449841   -2.449841 (VIOLATED)
_11786_/A2                              4.000000    6.449838   -2.449838 (VIOLATED)
_11343_/A2                              4.000000    6.449829   -2.449829 (VIOLATED)
_11647_/A2                              4.000000    6.449797   -2.449797 (VIOLATED)
_11614_/A2                              4.000000    6.449765   -2.449765 (VIOLATED)
_11769_/A2                              4.000000    6.449767   -2.449767 (VIOLATED)
_11441_/B1                              4.000000    6.449716   -2.449716 (VIOLATED)
_11443_/A2                              4.000000    6.449708   -2.449708 (VIOLATED)
_11440_/A2                              4.000000    6.449703   -2.449703 (VIOLATED)
_11355_/B1                              4.000000    6.449692   -2.449692 (VIOLATED)
_11354_/A2                              4.000000    6.449689   -2.449689 (VIOLATED)
_11359_/A2                              4.000000    6.449666   -2.449666 (VIOLATED)
_11423_/A2                              4.000000    6.449585   -2.449585 (VIOLATED)
_11679_/A2                              4.000000    6.449560   -2.449560 (VIOLATED)
clone35/ZN                              4.000000    6.449441   -2.449442 (VIOLATED)
_17528_/A2                              4.000000    6.335830   -2.335830 (VIOLATED)
_10533_/A2                              4.000000    6.335824   -2.335824 (VIOLATED)
_10455_/A2                              4.000000    6.335819   -2.335819 (VIOLATED)
_10481_/A2                              4.000000    6.335817   -2.335817 (VIOLATED)
_10585_/A2                              4.000000    6.335818   -2.335818 (VIOLATED)
_10560_/A1                              4.000000    6.335794   -2.335794 (VIOLATED)
_17507_/A2                              4.000000    6.335792   -2.335792 (VIOLATED)
_10559_/A2                              4.000000    6.335789   -2.335788 (VIOLATED)
_10430_/A2                              4.000000    6.335769   -2.335768 (VIOLATED)
_10507_/A2                              4.000000    6.335739   -2.335739 (VIOLATED)
_10405_/A2                              4.000000    6.335675   -2.335675 (VIOLATED)
_17486_/A2                              4.000000    6.335639   -2.335639 (VIOLATED)
_17487_/A1                              4.000000    6.335636   -2.335636 (VIOLATED)
_17465_/A2                              4.000000    6.335598   -2.335598 (VIOLATED)
_17444_/A2                              4.000000    6.335532   -2.335532 (VIOLATED)
_17423_/A2                              4.000000    6.335491   -2.335490 (VIOLATED)
_10378_/A2                              4.000000    6.335304   -2.335304 (VIOLATED)
_17402_/A2                              4.000000    6.335238   -2.335238 (VIOLATED)
_17381_/A2                              4.000000    6.335143   -2.335143 (VIOLATED)
_17359_/A2                              4.000000    6.334974   -2.334974 (VIOLATED)
_10306_/A2                              4.000000    6.334852   -2.334852 (VIOLATED)
_10179_/ZN                              4.000000    6.334674   -2.334674 (VIOLATED)
_10225_/A2                              4.000000    6.334674   -2.334674 (VIOLATED)
_10243_/A1                              4.000000    6.334674   -2.334674 (VIOLATED)
_10268_/B                               4.000000    6.334674   -2.334674 (VIOLATED)
_17187_/A2                              4.000000    6.334674   -2.334674 (VIOLATED)
_17205_/A1                              4.000000    6.334674   -2.334674 (VIOLATED)
_17277_/A2                              4.000000    6.334674   -2.334674 (VIOLATED)
_14382_/A2                              4.000000    6.251388   -2.251388 (VIOLATED)
_14381_/B                               4.000000    6.251384   -2.251384 (VIOLATED)
_14389_/B                               4.000000    6.251375   -2.251375 (VIOLATED)
_14390_/A2                              4.000000    6.251363   -2.251363 (VIOLATED)
_14385_/B                               4.000000    6.251346   -2.251346 (VIOLATED)
_14386_/A2                              4.000000    6.251332   -2.251333 (VIOLATED)
_14373_/B                               4.000000    6.251312   -2.251312 (VIOLATED)
_14374_/A2                              4.000000    6.251272   -2.251272 (VIOLATED)
_14377_/B                               4.000000    6.251207   -2.251207 (VIOLATED)
_14378_/A2                              4.000000    6.251178   -2.251178 (VIOLATED)
_14369_/B                               4.000000    6.250421   -2.250420 (VIOLATED)
_14362_/A2                              4.000000    6.250326   -2.250326 (VIOLATED)
_14393_/B                               4.000000    6.250328   -2.250328 (VIOLATED)
_14394_/A2                              4.000000    6.250327   -2.250327 (VIOLATED)
_14370_/A2                              4.000000    6.250309   -2.250309 (VIOLATED)
_12946_/ZN                              4.000000    6.250264   -2.250264 (VIOLATED)
_12947_/I                               4.000000    6.250264   -2.250264 (VIOLATED)
_13872_/B                               4.000000    6.250264   -2.250264 (VIOLATED)
_13873_/A2                              4.000000    6.250264   -2.250264 (VIOLATED)
_13896_/A2                              4.000000    6.250264   -2.250264 (VIOLATED)
_13918_/A2                              4.000000    6.250264   -2.250264 (VIOLATED)
_13932_/C                               4.000000    6.250264   -2.250264 (VIOLATED)
_13946_/A2                              4.000000    6.250264   -2.250264 (VIOLATED)
_13961_/A2                              4.000000    6.250264   -2.250264 (VIOLATED)
_10551_/A1                              4.000000    6.128151   -2.128151 (VIOLATED)
_10555_/A1                              4.000000    6.128062   -2.128062 (VIOLATED)
_10445_/C                               4.000000    6.127861   -2.127861 (VIOLATED)
_10443_/A1                              4.000000    6.127607   -2.127608 (VIOLATED)
_10450_/A1                              4.000000    6.127449   -2.127449 (VIOLATED)
_10494_/A1                              4.000000    6.127040   -2.127040 (VIOLATED)
_10502_/A1                              4.000000    6.126804   -2.126804 (VIOLATED)
_10520_/A1                              4.000000    6.126307   -2.126308 (VIOLATED)
_10524_/A1                              4.000000    6.126270   -2.126270 (VIOLATED)
_10425_/A1                              4.000000    6.126268   -2.126268 (VIOLATED)
_10421_/A1                              4.000000    6.126251   -2.126251 (VIOLATED)
_10416_/C                               4.000000    6.126067   -2.126066 (VIOLATED)
_17523_/A1                              4.000000    6.124984   -2.124984 (VIOLATED)
_17519_/A1                              4.000000    6.124843   -2.124843 (VIOLATED)
_17515_/A1                              4.000000    6.124640   -2.124640 (VIOLATED)
_10528_/A1                              4.000000    6.124409   -2.124409 (VIOLATED)
_10576_/A1                              4.000000    6.124160   -2.124160 (VIOLATED)
_10572_/A1                              4.000000    6.123885   -2.123885 (VIOLATED)
_10580_/A1                              4.000000    6.123707   -2.123708 (VIOLATED)
_10498_/A1                              4.000000    6.123580   -2.123580 (VIOLATED)
_10547_/A1                              4.000000    6.123302   -2.123302 (VIOLATED)
_10472_/A1                              4.000000    6.123134   -2.123134 (VIOLATED)
_10476_/A1                              4.000000    6.122547   -2.122547 (VIOLATED)
_10468_/A1                              4.000000    6.122495   -2.122495 (VIOLATED)
_17498_/A1                              4.000000    6.122347   -2.122347 (VIOLATED)
_17502_/A1                              4.000000    6.120676   -2.120676 (VIOLATED)
_17494_/A1                              4.000000    6.118610   -2.118610 (VIOLATED)
_10400_/A1                              4.000000    6.115462   -2.115462 (VIOLATED)
_10392_/A1                              4.000000    6.115392   -2.115392 (VIOLATED)
_17473_/A1                              4.000000    6.112535   -2.112535 (VIOLATED)
_17481_/A1                              4.000000    6.111657   -2.111657 (VIOLATED)
_17456_/A1                              4.000000    6.111198   -2.111198 (VIOLATED)
_17452_/A1                              4.000000    6.111083   -2.111083 (VIOLATED)
_17477_/A1                              4.000000    6.109175   -2.109175 (VIOLATED)
_17410_/A1                              4.000000    6.106529   -2.106529 (VIOLATED)
_17418_/A1                              4.000000    6.105447   -2.105447 (VIOLATED)
_17393_/A1                              4.000000    6.100491   -2.100491 (VIOLATED)
_17397_/A1                              4.000000    6.098761   -2.098761 (VIOLATED)
_10396_/A1                              4.000000    6.093421   -2.093421 (VIOLATED)
_17435_/A1                              4.000000    6.093317   -2.093317 (VIOLATED)
_17439_/A1                              4.000000    6.093242   -2.093242 (VIOLATED)
_17431_/A1                              4.000000    6.092985   -2.092985 (VIOLATED)
_10373_/A1                              4.000000    6.092664   -2.092664 (VIOLATED)
_10365_/A1                              4.000000    6.092351   -2.092351 (VIOLATED)
_10369_/A1                              4.000000    6.091909   -2.091909 (VIOLATED)
_17368_/A1                              4.000000    6.091504   -2.091503 (VIOLATED)
_17376_/A1                              4.000000    6.089229   -2.089229 (VIOLATED)
_17372_/A1                              4.000000    6.086922   -2.086922 (VIOLATED)
_17345_/A1                              4.000000    6.085058   -2.085058 (VIOLATED)
_17349_/A1                              4.000000    6.082520   -2.082520 (VIOLATED)
_17353_/A1                              4.000000    6.078668   -2.078668 (VIOLATED)
_10310_/A1                              4.000000    6.077027   -2.077027 (VIOLATED)
_10318_/A1                              4.000000    6.076944   -2.076944 (VIOLATED)
_10314_/A1                              4.000000    6.076810   -2.076810 (VIOLATED)
_10340_/A1                              4.000000    6.074537   -2.074537 (VIOLATED)
_10287_/A1                              4.000000    6.071797   -2.071797 (VIOLATED)
_10283_/A1                              4.000000    6.071750   -2.071750 (VIOLATED)
_10344_/A1                              4.000000    6.070158   -2.070158 (VIOLATED)
_10336_/A1                              4.000000    6.067608   -2.067608 (VIOLATED)
_17306_/A1                              4.000000    6.063866   -2.063866 (VIOLATED)
_17301_/B                               4.000000    6.062374   -2.062374 (VIOLATED)
_10238_/A1                              4.000000    6.057355   -2.057355 (VIOLATED)
_10234_/A1                              4.000000    6.054771   -2.054771 (VIOLATED)
_10229_/A1                              4.000000    6.051260   -2.051260 (VIOLATED)
_17222_/A1                              4.000000    6.048853   -2.048853 (VIOLATED)
_17218_/A1                              4.000000    6.048835   -2.048835 (VIOLATED)
_10171_/A1                              4.000000    6.048768   -2.048767 (VIOLATED)
_10161_/A1                              4.000000    6.048636   -2.048636 (VIOLATED)
_17214_/A1                              4.000000    6.048523   -2.048524 (VIOLATED)
_17265_/A1                              4.000000    6.044737   -2.044737 (VIOLATED)
_17261_/A1                              4.000000    6.043315   -2.043315 (VIOLATED)
_10206_/C                               4.000000    6.043311   -2.043310 (VIOLATED)
_17191_/A1                              4.000000    6.043297   -2.043297 (VIOLATED)
_17199_/A1                              4.000000    6.043230   -2.043230 (VIOLATED)
_17195_/A1                              4.000000    6.043106   -2.043106 (VIOLATED)
_10265_/A1                              4.000000    6.039596   -2.039596 (VIOLATED)
_10261_/A1                              4.000000    6.036541   -2.036541 (VIOLATED)
_10256_/A1                              4.000000    6.035165   -2.035165 (VIOLATED)
_17331_/A1                              4.000000    6.032058   -2.032058 (VIOLATED)
_17288_/A1                              4.000000    6.032035   -2.032036 (VIOLATED)
clone74/I                               4.000000    6.030138   -2.030138 (VIOLATED)
_10091_/A1                              4.000000    6.028400   -2.028401 (VIOLATED)
_15722_/A1                              4.000000    6.028198   -2.028198 (VIOLATED)
_09323_/I                               4.000000    6.028134   -2.028134 (VIOLATED)
_20015_/Q                               4.000000    6.027831   -2.027831 (VIOLATED)
_10173_/A2                              4.000000    5.958412   -1.958412 (VIOLATED)
_10368_/A2                              4.000000    5.958294   -1.958294 (VIOLATED)
_10372_/A2                              4.000000    5.958272   -1.958272 (VIOLATED)
_10571_/A2                              4.000000    5.958232   -1.958232 (VIOLATED)
_10575_/A2                              4.000000    5.958232   -1.958232 (VIOLATED)
_10579_/A2                              4.000000    5.958223   -1.958223 (VIOLATED)
_10442_/A2                              4.000000    5.958216   -1.958216 (VIOLATED)
_10449_/A2                              4.000000    5.958212   -1.958212 (VIOLATED)
_10395_/A2                              4.000000    5.958200   -1.958200 (VIOLATED)
_10497_/A2                              4.000000    5.958175   -1.958175 (VIOLATED)
_10420_/A2                              4.000000    5.958136   -1.958136 (VIOLATED)
_10424_/A2                              4.000000    5.958134   -1.958134 (VIOLATED)
clone7/ZN                               4.000000    5.958088   -1.958088 (VIOLATED)
_10200_/B1                              4.000000    5.953534   -1.953534 (VIOLATED)
_10255_/B1                              4.000000    5.953518   -1.953518 (VIOLATED)
_10335_/B1                              4.000000    5.953457   -1.953457 (VIOLATED)
_10343_/B1                              4.000000    5.953457   -1.953457 (VIOLATED)
_10339_/B1                              4.000000    5.953453   -1.953453 (VIOLATED)
_10554_/B1                              4.000000    5.953447   -1.953447 (VIOLATED)
_10313_/B1                              4.000000    5.953440   -1.953440 (VIOLATED)
_10550_/B1                              4.000000    5.953442   -1.953442 (VIOLATED)
_10546_/B1                              4.000000    5.953432   -1.953432 (VIOLATED)
_10317_/B1                              4.000000    5.953403   -1.953403 (VIOLATED)
_10399_/B1                              4.000000    5.953402   -1.953402 (VIOLATED)
_10309_/B1                              4.000000    5.953383   -1.953383 (VIOLATED)
clone40/ZN                              4.000000    5.953363   -1.953363 (VIOLATED)
_10554_/A2                              4.000000    5.946930   -1.946930 (VIOLATED)
_10550_/A2                              4.000000    5.946921   -1.946921 (VIOLATED)
_10546_/A2                              4.000000    5.946898   -1.946898 (VIOLATED)
_10399_/A2                              4.000000    5.946769   -1.946769 (VIOLATED)
_10391_/A2                              4.000000    5.946746   -1.946746 (VIOLATED)
_10207_/A2                              4.000000    5.946719   -1.946719 (VIOLATED)
_10066_/A2                              4.000000    5.946709   -1.946709 (VIOLATED)
_10255_/A2                              4.000000    5.946706   -1.946706 (VIOLATED)
_10343_/A2                              4.000000    5.946655   -1.946655 (VIOLATED)
_10313_/A2                              4.000000    5.946642   -1.946642 (VIOLATED)
_10317_/A2                              4.000000    5.946626   -1.946626 (VIOLATED)
_10309_/A2                              4.000000    5.946619   -1.946619 (VIOLATED)
clone36/ZN                              4.000000    5.946562   -1.946563 (VIOLATED)
_15784_/S                               4.000000    5.932632   -1.932632 (VIOLATED)
_15785_/S                               4.000000    5.932628   -1.932627 (VIOLATED)
_15793_/S                               4.000000    5.932621   -1.932621 (VIOLATED)
_15795_/S                               4.000000    5.932604   -1.932604 (VIOLATED)
_15787_/S                               4.000000    5.932600   -1.932600 (VIOLATED)
_15791_/S                               4.000000    5.932570   -1.932571 (VIOLATED)
_15786_/S                               4.000000    5.932531   -1.932531 (VIOLATED)
_15794_/S                               4.000000    5.932525   -1.932525 (VIOLATED)
_15792_/S                               4.000000    5.932503   -1.932503 (VIOLATED)
_15789_/S                               4.000000    5.932499   -1.932500 (VIOLATED)
_15788_/S                               4.000000    5.932491   -1.932491 (VIOLATED)
_15790_/S                               4.000000    5.932408   -1.932408 (VIOLATED)
_15780_/S                               4.000000    5.932301   -1.932301 (VIOLATED)
_15778_/B                               4.000000    5.932151   -1.932151 (VIOLATED)
_15781_/S                               4.000000    5.932110   -1.932110 (VIOLATED)
_15798_/S                               4.000000    5.932072   -1.932072 (VIOLATED)
_15797_/S                               4.000000    5.932038   -1.932038 (VIOLATED)
_15782_/S                               4.000000    5.932012   -1.932011 (VIOLATED)
_15783_/S                               4.000000    5.932012   -1.932011 (VIOLATED)
_15800_/S                               4.000000    5.932012   -1.932011 (VIOLATED)
_15796_/S                               4.000000    5.932008   -1.932008 (VIOLATED)
_15801_/S                               4.000000    5.932008   -1.932008 (VIOLATED)
_15799_/S                               4.000000    5.931993   -1.931993 (VIOLATED)
_10599_/ZN                              4.000000    5.931970   -1.931970 (VIOLATED)
_10600_/A3                              4.000000    5.931970   -1.931970 (VIOLATED)
_15730_/A1                              4.000000    5.931970   -1.931970 (VIOLATED)
_12584_/A1                              4.000000    5.827402   -1.827402 (VIOLATED)
_12585_/A2                              4.000000    5.827399   -1.827399 (VIOLATED)
_12586_/S1                              4.000000    5.827352   -1.827352 (VIOLATED)
_12265_/B                               4.000000    5.827213   -1.827213 (VIOLATED)
_12267_/S1                              4.000000    5.827203   -1.827203 (VIOLATED)
_12262_/A2                              4.000000    5.827048   -1.827048 (VIOLATED)
_12261_/A1                              4.000000    5.826958   -1.826958 (VIOLATED)
_12180_/A1                              4.000000    5.826797   -1.826797 (VIOLATED)
_12181_/A2                              4.000000    5.826766   -1.826765 (VIOLATED)
_12186_/A1                              4.000000    5.826620   -1.826620 (VIOLATED)
_12187_/A2                              4.000000    5.826594   -1.826594 (VIOLATED)
_12184_/B                               4.000000    5.826315   -1.826316 (VIOLATED)
_12157_/B                               4.000000    5.826037   -1.826037 (VIOLATED)
_12250_/C                               4.000000    5.826014   -1.826014 (VIOLATED)
_12251_/A2                              4.000000    5.826011   -1.826011 (VIOLATED)
_12248_/B                               4.000000    5.825934   -1.825935 (VIOLATED)
_12245_/S                               4.000000    5.825600   -1.825600 (VIOLATED)
_12154_/S                               4.000000    5.825474   -1.825475 (VIOLATED)
_12199_/A2                              4.000000    5.825180   -1.825180 (VIOLATED)
_12220_/A2                              4.000000    5.824749   -1.824748 (VIOLATED)
_12219_/B                               4.000000    5.824561   -1.824561 (VIOLATED)
_12134_/A1                              4.000000    5.824115   -1.824115 (VIOLATED)
_12138_/C                               4.000000    5.824117   -1.824117 (VIOLATED)
_12139_/A1                              4.000000    5.824104   -1.824104 (VIOLATED)
_12569_/S0                              4.000000    5.823783   -1.823783 (VIOLATED)
_12397_/A1                              4.000000    5.823336   -1.823336 (VIOLATED)
_12356_/S                               4.000000    5.823320   -1.823320 (VIOLATED)
_12403_/S1                              4.000000    5.823307   -1.823307 (VIOLATED)
_12362_/A2                              4.000000    5.823250   -1.823251 (VIOLATED)
_12361_/A1                              4.000000    5.823247   -1.823247 (VIOLATED)
_12359_/B                               4.000000    5.823244   -1.823244 (VIOLATED)
_12564_/A1                              4.000000    5.823180   -1.823180 (VIOLATED)
_12322_/S1                              4.000000    5.823010   -1.823010 (VIOLATED)
_12317_/A1                              4.000000    5.822919   -1.822919 (VIOLATED)
_12318_/A2                              4.000000    5.822850   -1.822850 (VIOLATED)
_12018_/A1                              4.000000    5.822657   -1.822657 (VIOLATED)
_12024_/A1                              4.000000    5.822635   -1.822635 (VIOLATED)
_12023_/C                               4.000000    5.822606   -1.822606 (VIOLATED)
_11987_/A1                              4.000000    5.822603   -1.822603 (VIOLATED)
_12565_/A2                              4.000000    5.822597   -1.822597 (VIOLATED)
_11981_/A1                              4.000000    5.822522   -1.822522 (VIOLATED)
_11986_/C                               4.000000    5.822459   -1.822459 (VIOLATED)
_12283_/S1                              4.000000    5.822176   -1.822175 (VIOLATED)
_12115_/S                               4.000000    5.822098   -1.822098 (VIOLATED)
_12119_/C                               4.000000    5.822093   -1.822093 (VIOLATED)
_12120_/A2                              4.000000    5.822089   -1.822089 (VIOLATED)
_12116_/S1                              4.000000    5.822038   -1.822038 (VIOLATED)
_12289_/A2                              4.000000    5.821883   -1.821883 (VIOLATED)
_12333_/A2                              4.000000    5.821782   -1.821782 (VIOLATED)
_12338_/S1                              4.000000    5.821782   -1.821781 (VIOLATED)
_12286_/A1                              4.000000    5.821710   -1.821710 (VIOLATED)
_12336_/B                               4.000000    5.821422   -1.821422 (VIOLATED)
_12543_/A1                              4.000000    5.821375   -1.821375 (VIOLATED)
_12529_/S1                              4.000000    5.821346   -1.821346 (VIOLATED)
_12528_/A1                              4.000000    5.821338   -1.821338 (VIOLATED)
_12525_/A2                              4.000000    5.821271   -1.821271 (VIOLATED)
_12302_/S1                              4.000000    5.821158   -1.821158 (VIOLATED)
_11869_/B                               4.000000    5.821068   -1.821068 (VIOLATED)
_12539_/A1                              4.000000    5.820961   -1.820962 (VIOLATED)
_11871_/S1                              4.000000    5.820911   -1.820912 (VIOLATED)
_12300_/S                               4.000000    5.820427   -1.820427 (VIOLATED)
_11866_/A2                              4.000000    5.820131   -1.820131 (VIOLATED)
_11865_/A1                              4.000000    5.820066   -1.820066 (VIOLATED)
_12487_/A1                              4.000000    5.820030   -1.820030 (VIOLATED)
_12000_/S1                              4.000000    5.819628   -1.819628 (VIOLATED)
_12488_/A2                              4.000000    5.819518   -1.819517 (VIOLATED)
_12492_/S1                              4.000000    5.819407   -1.819407 (VIOLATED)
_12005_/S                               4.000000    5.819173   -1.819173 (VIOLATED)
_12377_/A2                              4.000000    5.818815   -1.818815 (VIOLATED)
_12376_/B                               4.000000    5.818368   -1.818368 (VIOLATED)
_12464_/S                               4.000000    5.818297   -1.818298 (VIOLATED)
_12467_/B                               4.000000    5.818034   -1.818034 (VIOLATED)
_12509_/S1                              4.000000    5.817689   -1.817689 (VIOLATED)
_12470_/A2                              4.000000    5.817672   -1.817672 (VIOLATED)
_12094_/A1                              4.000000    5.817657   -1.817657 (VIOLATED)
_12098_/A1                              4.000000    5.817619   -1.817619 (VIOLATED)
_12449_/S                               4.000000    5.817592   -1.817592 (VIOLATED)
_12447_/B                               4.000000    5.817553   -1.817552 (VIOLATED)
_12443_/C                               4.000000    5.817501   -1.817501 (VIOLATED)
_12469_/A1                              4.000000    5.817497   -1.817497 (VIOLATED)
_12421_/S                               4.000000    5.817425   -1.817425 (VIOLATED)
_12426_/C                               4.000000    5.817353   -1.817353 (VIOLATED)
_12040_/S                               4.000000    5.817333   -1.817333 (VIOLATED)
_12427_/A2                              4.000000    5.817321   -1.817321 (VIOLATED)
_12424_/B                               4.000000    5.817301   -1.817301 (VIOLATED)
_12076_/A1                              4.000000    5.817179   -1.817179 (VIOLATED)
_12077_/A2                              4.000000    5.817180   -1.817180 (VIOLATED)
_12039_/S1                              4.000000    5.817172   -1.817171 (VIOLATED)
_12078_/S1                              4.000000    5.817172   -1.817172 (VIOLATED)
_12073_/A1                              4.000000    5.817161   -1.817161 (VIOLATED)
_12058_/S                               4.000000    5.816954   -1.816954 (VIOLATED)
_12057_/S0                              4.000000    5.816825   -1.816825 (VIOLATED)
_11852_/ZN                              4.000000    5.816440   -1.816440 (VIOLATED)
_10556_/A1                              4.000000    5.797300   -1.797300 (VIOLATED)
_10450_/C                               4.000000    5.797293   -1.797293 (VIOLATED)
_10503_/C2                              4.000000    5.797177   -1.797177 (VIOLATED)
_10529_/C1                              4.000000    5.797104   -1.797104 (VIOLATED)
_17503_/A1                              4.000000    5.796652   -1.796652 (VIOLATED)
_10581_/C2                              4.000000    5.796593   -1.796593 (VIOLATED)
_10468_/C                               4.000000    5.796551   -1.796551 (VIOLATED)
_17524_/C2                              4.000000    5.796312   -1.796312 (VIOLATED)
_10401_/A1                              4.000000    5.795907   -1.795907 (VIOLATED)
_17482_/C2                              4.000000    5.795536   -1.795536 (VIOLATED)
_17440_/A1                              4.000000    5.795200   -1.795200 (VIOLATED)
_10374_/C1                              4.000000    5.794627   -1.794627 (VIOLATED)
_17377_/C2                              4.000000    5.794022   -1.794021 (VIOLATED)
_17355_/A1                              4.000000    5.793739   -1.793739 (VIOLATED)
_10340_/C                               4.000000    5.793363   -1.793363 (VIOLATED)
_10319_/C2                              4.000000    5.792846   -1.792846 (VIOLATED)
_10239_/B2                              4.000000    5.792217   -1.792217 (VIOLATED)
_17266_/B2                              4.000000    5.792213   -1.792213 (VIOLATED)
_17223_/A1                              4.000000    5.792205   -1.792206 (VIOLATED)
_17201_/B2                              4.000000    5.792195   -1.792195 (VIOLATED)
_10266_/B2                              4.000000    5.792187   -1.792187 (VIOLATED)
_17240_/A1                              4.000000    5.792170   -1.792170 (VIOLATED)
_10157_/A1                              4.000000    5.792122   -1.792122 (VIOLATED)
_10166_/A1                              4.000000    5.792122   -1.792122 (VIOLATED)
_17289_/A1                              4.000000    5.792105   -1.792105 (VIOLATED)
_09325_/I                               4.000000    5.792093   -1.792093 (VIOLATED)
_17332_/A1                              4.000000    5.792084   -1.792084 (VIOLATED)
_10162_/A1                              4.000000    5.792017   -1.792017 (VIOLATED)
_10027_/A1                              4.000000    5.791981   -1.791981 (VIOLATED)
_10044_/A1                              4.000000    5.791981   -1.791981 (VIOLATED)
_20017_/Q                               4.000000    5.791981   -1.791981 (VIOLATED)
_12897_/A1                              4.000000    5.777807   -1.777807 (VIOLATED)
_12898_/A1                              4.000000    5.777807   -1.777807 (VIOLATED)
_12936_/S                               4.000000    5.777807   -1.777807 (VIOLATED)
_12927_/A1                              4.000000    5.777801   -1.777801 (VIOLATED)
_12875_/S                               4.000000    5.777797   -1.777797 (VIOLATED)
_12928_/A1                              4.000000    5.777793   -1.777793 (VIOLATED)
_12902_/A1                              4.000000    5.777783   -1.777783 (VIOLATED)
_12900_/A1                              4.000000    5.777781   -1.777781 (VIOLATED)
_12940_/S                               4.000000    5.777774   -1.777774 (VIOLATED)
_11908_/A2                              4.000000    5.777772   -1.777772 (VIOLATED)
_12904_/A2                              4.000000    5.777763   -1.777763 (VIOLATED)
_12931_/S                               4.000000    5.777749   -1.777749 (VIOLATED)
_12890_/S                               4.000000    5.777747   -1.777747 (VIOLATED)
_12850_/A1                              4.000000    5.777732   -1.777732 (VIOLATED)
_11957_/S                               4.000000    5.777729   -1.777729 (VIOLATED)
_12848_/B                               4.000000    5.777708   -1.777708 (VIOLATED)
_12857_/A1                              4.000000    5.777697   -1.777697 (VIOLATED)
_11941_/S                               4.000000    5.777679   -1.777679 (VIOLATED)
_12856_/B                               4.000000    5.777660   -1.777660 (VIOLATED)
_11907_/ZN                              4.000000    5.777635   -1.777635 (VIOLATED)
_11973_/S                               4.000000    5.777635   -1.777635 (VIOLATED)
_12866_/C                               4.000000    5.777635   -1.777635 (VIOLATED)
_12867_/A1                              4.000000    5.777635   -1.777635 (VIOLATED)
_15098_/S                               4.000000    5.712883   -1.712883 (VIOLATED)
_15101_/S                               4.000000    5.712884   -1.712884 (VIOLATED)
_15186_/S                               4.000000    5.712875   -1.712875 (VIOLATED)
_15182_/S                               4.000000    5.712853   -1.712853 (VIOLATED)
_15176_/S                               4.000000    5.712821   -1.712821 (VIOLATED)
_15087_/S                               4.000000    5.712782   -1.712782 (VIOLATED)
_15171_/S                               4.000000    5.712766   -1.712766 (VIOLATED)
_15067_/S                               4.000000    5.712564   -1.712564 (VIOLATED)
_15147_/S                               4.000000    5.712430   -1.712430 (VIOLATED)
_15366_/S                               4.000000    5.712431   -1.712431 (VIOLATED)
_15363_/S                               4.000000    5.712383   -1.712383 (VIOLATED)
_15362_/S                               4.000000    5.712368   -1.712368 (VIOLATED)
_15021_/S                               4.000000    5.712367   -1.712367 (VIOLATED)
_15106_/S                               4.000000    5.712366   -1.712366 (VIOLATED)
_15358_/S                               4.000000    5.712361   -1.712361 (VIOLATED)
_15360_/S                               4.000000    5.712362   -1.712362 (VIOLATED)
_15104_/S                               4.000000    5.712358   -1.712358 (VIOLATED)
_15105_/S                               4.000000    5.712357   -1.712357 (VIOLATED)
_15022_/S                               4.000000    5.712352   -1.712352 (VIOLATED)
_15107_/S                               4.000000    5.712346   -1.712346 (VIOLATED)
_15361_/S                               4.000000    5.712334   -1.712334 (VIOLATED)
_15376_/S                               4.000000    5.712333   -1.712333 (VIOLATED)
_15380_/S                               4.000000    5.712327   -1.712328 (VIOLATED)
_15023_/S                               4.000000    5.712320   -1.712321 (VIOLATED)
_15191_/S                               4.000000    5.712320   -1.712320 (VIOLATED)
_15359_/S                               4.000000    5.712321   -1.712321 (VIOLATED)
_15375_/S                               4.000000    5.712319   -1.712319 (VIOLATED)
_15190_/S                               4.000000    5.712315   -1.712315 (VIOLATED)
_15377_/S                               4.000000    5.712315   -1.712315 (VIOLATED)
_15019_/S                               4.000000    5.712309   -1.712309 (VIOLATED)
_15189_/S                               4.000000    5.712306   -1.712306 (VIOLATED)
_15018_/S                               4.000000    5.712277   -1.712277 (VIOLATED)
_15192_/S                               4.000000    5.712237   -1.712237 (VIOLATED)
_15193_/S                               4.000000    5.712214   -1.712214 (VIOLATED)
_15188_/S                               4.000000    5.712181   -1.712181 (VIOLATED)
_15187_/S                               4.000000    5.712129   -1.712129 (VIOLATED)
_15109_/S                               4.000000    5.712112   -1.712112 (VIOLATED)
_15411_/S                               4.000000    5.712054   -1.712054 (VIOLATED)
_15024_/S                               4.000000    5.712048   -1.712047 (VIOLATED)
clone17/ZN                              4.000000    5.711797   -1.711797 (VIOLATED)
_17239_/A2                              4.000000    5.692797   -1.692797 (VIOLATED)
_17217_/A2                              4.000000    5.692787   -1.692787 (VIOLATED)
_10364_/A2                              4.000000    5.692691   -1.692691 (VIOLATED)
_10446_/A2                              4.000000    5.692666   -1.692666 (VIOLATED)
_10493_/A2                              4.000000    5.692663   -1.692662 (VIOLATED)
_10501_/A2                              4.000000    5.692657   -1.692656 (VIOLATED)
_10523_/A2                              4.000000    5.692651   -1.692651 (VIOLATED)
_10519_/A2                              4.000000    5.692649   -1.692649 (VIOLATED)
_10471_/A2                              4.000000    5.692631   -1.692631 (VIOLATED)
_10467_/A2                              4.000000    5.692628   -1.692628 (VIOLATED)
_10475_/A2                              4.000000    5.692629   -1.692629 (VIOLATED)
_10527_/A2                              4.000000    5.692625   -1.692625 (VIOLATED)
clone54/ZN                              4.000000    5.692594   -1.692594 (VIOLATED)
_10562_/A1                              4.000000    5.687536   -1.687536 (VIOLATED)
_10484_/A1                              4.000000    5.687534   -1.687534 (VIOLATED)
_10536_/A1                              4.000000    5.687531   -1.687531 (VIOLATED)
_10588_/A1                              4.000000    5.687528   -1.687528 (VIOLATED)
_10408_/A1                              4.000000    5.687510   -1.687510 (VIOLATED)
_10433_/A1                              4.000000    5.687503   -1.687503 (VIOLATED)
_10510_/A1                              4.000000    5.687500   -1.687500 (VIOLATED)
_10458_/A1                              4.000000    5.687471   -1.687471 (VIOLATED)
_10382_/A1                              4.000000    5.687222   -1.687222 (VIOLATED)
_17317_/A2                              4.000000    5.686716   -1.686716 (VIOLATED)
_17362_/A2                              4.000000    5.686701   -1.686701 (VIOLATED)
_10381_/A2                              4.000000    5.686652   -1.686652 (VIOLATED)
_09849_/A2                              4.000000    5.686615   -1.686615 (VIOLATED)
_17316_/A1                              4.000000    5.686510   -1.686510 (VIOLATED)
_10296_/A1                              4.000000    5.686503   -1.686503 (VIOLATED)
_10351_/A1                              4.000000    5.686499   -1.686499 (VIOLATED)
_10297_/A2                              4.000000    5.686492   -1.686492 (VIOLATED)
_10352_/A2                              4.000000    5.686489   -1.686489 (VIOLATED)
_17272_/A1                              4.000000    5.686482   -1.686483 (VIOLATED)
_17273_/A2                              4.000000    5.686462   -1.686462 (VIOLATED)
_17295_/A2                              4.000000    5.686287   -1.686288 (VIOLATED)
_17337_/A2                              4.000000    5.686279   -1.686279 (VIOLATED)
_17229_/A1                              4.000000    5.686076   -1.686076 (VIOLATED)
_17230_/A2                              4.000000    5.686077   -1.686077 (VIOLATED)
_17207_/A2                              4.000000    5.686069   -1.686069 (VIOLATED)
_17251_/A1                              4.000000    5.685869   -1.685869 (VIOLATED)
_17252_/A2                              4.000000    5.685862   -1.685862 (VIOLATED)
_10046_/A1                              4.000000    5.685691   -1.685691 (VIOLATED)
_10029_/B                               4.000000    5.685619   -1.685619 (VIOLATED)
_10030_/A2                              4.000000    5.685619   -1.685619 (VIOLATED)
_10185_/A2                              4.000000    5.685531   -1.685530 (VIOLATED)
_10070_/A2                              4.000000    5.685446   -1.685446 (VIOLATED)
_10270_/B                               4.000000    5.685311   -1.685311 (VIOLATED)
_10184_/A1                              4.000000    5.685308   -1.685308 (VIOLATED)
_10600_/A2                              4.000000    5.685304   -1.685304 (VIOLATED)
_10012_/A2                              4.000000    5.685303   -1.685303 (VIOLATED)
_10271_/A2                              4.000000    5.685304   -1.685303 (VIOLATED)
_10214_/A1                              4.000000    5.685297   -1.685297 (VIOLATED)
_10215_/A2                              4.000000    5.685297   -1.685297 (VIOLATED)
_10123_/A2                              4.000000    5.685294   -1.685294 (VIOLATED)
_10097_/A2                              4.000000    5.685197   -1.685197 (VIOLATED)
_09842_/ZN                              4.000000    5.685154   -1.685154 (VIOLATED)
_10048_/A2                              4.000000    5.685154   -1.685154 (VIOLATED)
_13709_/A3                              4.000000    5.615785   -1.615785 (VIOLATED)
_13713_/A1                              4.000000    5.615767   -1.615767 (VIOLATED)
_13719_/A1                              4.000000    5.615712   -1.615712 (VIOLATED)
_13787_/A1                              4.000000    5.615681   -1.615681 (VIOLATED)
_13723_/A1                              4.000000    5.615652   -1.615652 (VIOLATED)
_13791_/A1                              4.000000    5.615652   -1.615652 (VIOLATED)
_13797_/A1                              4.000000    5.615628   -1.615628 (VIOLATED)
_13801_/A1                              4.000000    5.615573   -1.615573 (VIOLATED)
_13806_/A1                              4.000000    5.615475   -1.615475 (VIOLATED)
_13729_/A1                              4.000000    5.615046   -1.615045 (VIOLATED)
_13811_/A1                              4.000000    5.615033   -1.615033 (VIOLATED)
_13816_/A1                              4.000000    5.614738   -1.614738 (VIOLATED)
_13820_/A1                              4.000000    5.614391   -1.614391 (VIOLATED)
_13826_/A1                              4.000000    5.613799   -1.613798 (VIOLATED)
_13830_/A1                              4.000000    5.613398   -1.613398 (VIOLATED)
_13836_/A1                              4.000000    5.612855   -1.612856 (VIOLATED)
_13734_/A1                              4.000000    5.612545   -1.612545 (VIOLATED)
_13738_/A1                              4.000000    5.612466   -1.612466 (VIOLATED)
_13840_/A1                              4.000000    5.612435   -1.612435 (VIOLATED)
_13743_/A1                              4.000000    5.612270   -1.612270 (VIOLATED)
_13850_/A1                              4.000000    5.611590   -1.611591 (VIOLATED)
_13856_/A1                              4.000000    5.610729   -1.610729 (VIOLATED)
_13860_/A1                              4.000000    5.610225   -1.610225 (VIOLATED)
_13748_/A1                              4.000000    5.608987   -1.608987 (VIOLATED)
_13753_/A1                              4.000000    5.608495   -1.608495 (VIOLATED)
_13781_/A1                              4.000000    5.607708   -1.607708 (VIOLATED)
_13774_/A1                              4.000000    5.607706   -1.607706 (VIOLATED)
_13785_/A1                              4.000000    5.607702   -1.607702 (VIOLATED)
_13770_/A1                              4.000000    5.607694   -1.607694 (VIOLATED)
_13764_/A1                              4.000000    5.607674   -1.607674 (VIOLATED)
_13760_/A1                              4.000000    5.607647   -1.607647 (VIOLATED)
_13254_/ZN                              4.000000    5.607439   -1.607439 (VIOLATED)
_12165_/A1                              4.000000    5.597910   -1.597910 (VIOLATED)
_12191_/A1                              4.000000    5.597886   -1.597886 (VIOLATED)
_12689_/B                               4.000000    5.597858   -1.597858 (VIOLATED)
_12255_/A1                              4.000000    5.597832   -1.597832 (VIOLATED)
_12271_/A1                              4.000000    5.597816   -1.597816 (VIOLATED)
_12213_/A1                              4.000000    5.597757   -1.597757 (VIOLATED)
_12682_/B                               4.000000    5.597749   -1.597749 (VIOLATED)
_12230_/A1                              4.000000    5.597622   -1.597623 (VIOLATED)
_11840_/C                               4.000000    5.597386   -1.597386 (VIOLATED)
_11584_/B1                              4.000000    5.597159   -1.597159 (VIOLATED)
_09489_/B1                              4.000000    5.597150   -1.597150 (VIOLATED)
_12714_/B                               4.000000    5.596998   -1.596998 (VIOLATED)
_12697_/B                               4.000000    5.596987   -1.596987 (VIOLATED)
_12719_/B                               4.000000    5.596985   -1.596985 (VIOLATED)
_11547_/C                               4.000000    5.596982   -1.596983 (VIOLATED)
_12706_/B                               4.000000    5.596971   -1.596971 (VIOLATED)
_11529_/C                               4.000000    5.596942   -1.596943 (VIOLATED)
_11496_/C                               4.000000    5.596910   -1.596911 (VIOLATED)
_11844_/B1                              4.000000    5.596817   -1.596817 (VIOLATED)
_11564_/C                               4.000000    5.596755   -1.596754 (VIOLATED)
_09762_/A1                              4.000000    5.596708   -1.596708 (VIOLATED)
_11511_/C                               4.000000    5.596541   -1.596541 (VIOLATED)
_11580_/C                               4.000000    5.596392   -1.596392 (VIOLATED)
_12843_/B1                              4.000000    5.596372   -1.596372 (VIOLATED)
_12908_/B1                              4.000000    5.596288   -1.596288 (VIOLATED)
_12905_/B1                              4.000000    5.596226   -1.596226 (VIOLATED)
_11304_/B1                              4.000000    5.595791   -1.595792 (VIOLATED)
_12277_/B1                              4.000000    5.595520   -1.595520 (VIOLATED)
_11822_/B                               4.000000    5.594704   -1.594704 (VIOLATED)
_09650_/A1                              4.000000    5.594421   -1.594421 (VIOLATED)
_11479_/C                               4.000000    5.594295   -1.594295 (VIOLATED)
_11634_/B                               4.000000    5.593964   -1.593964 (VIOLATED)
_11363_/A1                              4.000000    5.593953   -1.593953 (VIOLATED)
_12009_/A1                              4.000000    5.593755   -1.593755 (VIOLATED)
_12388_/A1                              4.000000    5.593294   -1.593294 (VIOLATED)
_12044_/A1                              4.000000    5.593069   -1.593068 (VIOLATED)
_12409_/A1                              4.000000    5.592958   -1.592958 (VIOLATED)
_12454_/A1                              4.000000    5.592894   -1.592894 (VIOLATED)
_11464_/C                               4.000000    5.592886   -1.592886 (VIOLATED)
_12083_/B                               4.000000    5.592756   -1.592756 (VIOLATED)
_12840_/B                               4.000000    5.592680   -1.592680 (VIOLATED)
_12674_/B                               4.000000    5.592670   -1.592670 (VIOLATED)
_12667_/B                               4.000000    5.592635   -1.592635 (VIOLATED)
_12832_/B                               4.000000    5.592609   -1.592609 (VIOLATED)
_12126_/A1                              4.000000    5.592570   -1.592570 (VIOLATED)
_12592_/A1                              4.000000    5.592500   -1.592500 (VIOLATED)
_12573_/A1                              4.000000    5.592477   -1.592477 (VIOLATED)
_11794_/C                               4.000000    5.592451   -1.592451 (VIOLATED)
_12824_/B                               4.000000    5.592436   -1.592436 (VIOLATED)
_12534_/A1                              4.000000    5.592402   -1.592401 (VIOLATED)
_12773_/A1                              4.000000    5.592402   -1.592402 (VIOLATED)
_12817_/B                               4.000000    5.592365   -1.592365 (VIOLATED)
_12780_/B                               4.000000    5.592265   -1.592265 (VIOLATED)
_12808_/B                               4.000000    5.592129   -1.592129 (VIOLATED)
_12786_/B                               4.000000    5.592119   -1.592119 (VIOLATED)
_12794_/B                               4.000000    5.592100   -1.592100 (VIOLATED)
_11808_/B                               4.000000    5.592094   -1.592094 (VIOLATED)
_11415_/C                               4.000000    5.591958   -1.591958 (VIOLATED)
_12497_/A1                              4.000000    5.591945   -1.591945 (VIOLATED)
_12654_/A1                              4.000000    5.591931   -1.591931 (VIOLATED)
_09482_/A2                              4.000000    5.591921   -1.591921 (VIOLATED)
_12800_/B                               4.000000    5.591835   -1.591835 (VIOLATED)
_11723_/C                               4.000000    5.591774   -1.591774 (VIOLATED)
_12659_/B                               4.000000    5.591774   -1.591774 (VIOLATED)
_11737_/B                               4.000000    5.591711   -1.591711 (VIOLATED)
_11779_/B                               4.000000    5.591522   -1.591522 (VIOLATED)
_11447_/A1                              4.000000    5.591318   -1.591318 (VIOLATED)
_11765_/C                               4.000000    5.591222   -1.591222 (VIOLATED)
_11751_/B                               4.000000    5.589643   -1.589643 (VIOLATED)
_09651_/A1                              4.000000    5.588979   -1.588979 (VIOLATED)
_09481_/ZN                              4.000000    5.588958   -1.588958 (VIOLATED)
_11348_/B1                              4.000000    5.327187   -1.327186 (VIOLATED)
_11705_/B1                              4.000000    5.327171   -1.327171 (VIOLATED)
_11600_/B1                              4.000000    5.327159   -1.327159 (VIOLATED)
_11669_/B1                              4.000000    5.327138   -1.327138 (VIOLATED)
_11653_/B1                              4.000000    5.327100   -1.327100 (VIOLATED)
_11332_/B1                              4.000000    5.327023   -1.327023 (VIOLATED)
_11616_/B1                              4.000000    5.327014   -1.327015 (VIOLATED)
_11688_/B1                              4.000000    5.327008   -1.327008 (VIOLATED)
_11400_/B1                              4.000000    5.326975   -1.326975 (VIOLATED)
_12291_/B1                              4.000000    5.326712   -1.326712 (VIOLATED)
_12305_/B1                              4.000000    5.326640   -1.326640 (VIOLATED)
_12326_/B1                              4.000000    5.326529   -1.326529 (VIOLATED)
_12342_/B1                              4.000000    5.326306   -1.326306 (VIOLATED)
_11990_/B1                              4.000000    5.326229   -1.326228 (VIOLATED)
_11874_/B1                              4.000000    5.326192   -1.326192 (VIOLATED)
_12027_/A1                              4.000000    5.326160   -1.326160 (VIOLATED)
_12366_/B1                              4.000000    5.325728   -1.325728 (VIOLATED)
_11432_/B1                              4.000000    5.325576   -1.325576 (VIOLATED)
_12430_/B                               4.000000    5.324915   -1.324915 (VIOLATED)
_12432_/A1                              4.000000    5.324765   -1.324765 (VIOLATED)
_12064_/A1                              4.000000    5.324644   -1.324643 (VIOLATED)
_12943_/B1                              4.000000    5.324499   -1.324499 (VIOLATED)
_09483_/A2                              4.000000    5.324443   -1.324443 (VIOLATED)
_12144_/A1                              4.000000    5.324430   -1.324430 (VIOLATED)
_12552_/A1                              4.000000    5.324316   -1.324316 (VIOLATED)
_12513_/A1                              4.000000    5.324193   -1.324193 (VIOLATED)
_12106_/B1                              4.000000    5.324103   -1.324103 (VIOLATED)
_12475_/A1                              4.000000    5.324004   -1.324004 (VIOLATED)
_11379_/C                               4.000000    5.323539   -1.323539 (VIOLATED)
_09771_/A1                              4.000000    5.323513   -1.323513 (VIOLATED)
_09480_/Z                               4.000000    5.323488   -1.323488 (VIOLATED)
_10453_/B                               4.000000    5.310952   -1.310952 (VIOLATED)
_10557_/C                               4.000000    5.310947   -1.310947 (VIOLATED)
_10558_/A2                              4.000000    5.310942   -1.310942 (VIOLATED)
_10428_/B                               4.000000    5.310918   -1.310918 (VIOLATED)
_17484_/C                               4.000000    5.310907   -1.310907 (VIOLATED)
_17485_/A2                              4.000000    5.310908   -1.310908 (VIOLATED)
_17357_/B                               4.000000    5.310714   -1.310714 (VIOLATED)
_10293_/A2                              4.000000    5.310672   -1.310673 (VIOLATED)
_17269_/A2                              4.000000    5.310637   -1.310637 (VIOLATED)
_10348_/A2                              4.000000    5.310625   -1.310624 (VIOLATED)
_17313_/A2                              4.000000    5.310620   -1.310621 (VIOLATED)
_10181_/A2                              4.000000    5.310610   -1.310610 (VIOLATED)
_10211_/A2                              4.000000    5.310610   -1.310610 (VIOLATED)
_17333_/B                               4.000000    5.310609   -1.310609 (VIOLATED)
_17334_/A2                              4.000000    5.310608   -1.310609 (VIOLATED)
_10268_/A2                              4.000000    5.310605   -1.310605 (VIOLATED)
_17248_/A2                              4.000000    5.310603   -1.310603 (VIOLATED)
_10176_/ZN                              4.000000    5.310585   -1.310585 (VIOLATED)
_10241_/B                               4.000000    5.310585   -1.310585 (VIOLATED)
_10267_/C                               4.000000    5.310585   -1.310585 (VIOLATED)
_17203_/B                               4.000000    5.310585   -1.310585 (VIOLATED)
_10537_/C                               4.000000    5.199251   -1.199251 (VIOLATED)
_10563_/C                               4.000000    5.199251   -1.199251 (VIOLATED)
_10589_/C                               4.000000    5.199251   -1.199250 (VIOLATED)
_10511_/C                               4.000000    5.199246   -1.199247 (VIOLATED)
_10459_/C                               4.000000    5.199240   -1.199240 (VIOLATED)
_10485_/C                               4.000000    5.199241   -1.199241 (VIOLATED)
_10383_/C                               4.000000    5.199201   -1.199201 (VIOLATED)
_10434_/C                               4.000000    5.199194   -1.199194 (VIOLATED)
_10217_/C                               4.000000    5.199190   -1.199190 (VIOLATED)
_10246_/C                               4.000000    5.199188   -1.199188 (VIOLATED)
_10354_/C                               4.000000    5.199186   -1.199187 (VIOLATED)
_10326_/C                               4.000000    5.199183   -1.199183 (VIOLATED)
_10072_/C                               4.000000    5.199180   -1.199180 (VIOLATED)
_10099_/C                               4.000000    5.199180   -1.199179 (VIOLATED)
_10409_/C                               4.000000    5.199180   -1.199180 (VIOLATED)
_09956_/ZN                              4.000000    5.199164   -1.199164 (VIOLATED)
_09961_/A1                              4.000000    5.199164   -1.199164 (VIOLATED)
_09962_/A1                              4.000000    5.199164   -1.199164 (VIOLATED)
_10088_/A1                              4.000000    5.199164   -1.199164 (VIOLATED)
_10117_/A1                              4.000000    5.199164   -1.199164 (VIOLATED)
_10125_/C                               4.000000    5.199164   -1.199164 (VIOLATED)
_10140_/A1                              4.000000    5.199164   -1.199164 (VIOLATED)
_10144_/C                               4.000000    5.199164   -1.199164 (VIOLATED)
_10155_/A1                              4.000000    5.199164   -1.199164 (VIOLATED)
_10532_/B                               4.000000    5.064118   -1.064118 (VIOLATED)
_17527_/B                               4.000000    5.064118   -1.064118 (VIOLATED)
_10584_/B                               4.000000    5.064115   -1.064115 (VIOLATED)
_10480_/B                               4.000000    5.064110   -1.064110 (VIOLATED)
_10454_/B                               4.000000    5.064093   -1.064092 (VIOLATED)
_10506_/B                               4.000000    5.064080   -1.064080 (VIOLATED)
_17506_/B                               4.000000    5.064043   -1.064043 (VIOLATED)
_10404_/B                               4.000000    5.064013   -1.064013 (VIOLATED)
_10429_/B                               4.000000    5.064014   -1.064014 (VIOLATED)
_17464_/B                               4.000000    5.063973   -1.063973 (VIOLATED)
_10213_/A2                              4.000000    5.063950   -1.063950 (VIOLATED)
_10212_/C                               4.000000    5.063946   -1.063946 (VIOLATED)
_10182_/A2                              4.000000    5.063938   -1.063938 (VIOLATED)
_17443_/B                               4.000000    5.063930   -1.063930 (VIOLATED)
_10183_/A2                              4.000000    5.063926   -1.063926 (VIOLATED)
_17335_/S                               4.000000    5.063922   -1.063922 (VIOLATED)
_10269_/A2                              4.000000    5.063905   -1.063905 (VIOLATED)
_17292_/B                               4.000000    5.063895   -1.063895 (VIOLATED)
_17422_/B                               4.000000    5.063891   -1.063891 (VIOLATED)
_10377_/B                               4.000000    5.063773   -1.063773 (VIOLATED)
_17227_/A1                              4.000000    5.063756   -1.063757 (VIOLATED)
_17249_/A1                              4.000000    5.063731   -1.063731 (VIOLATED)
_17228_/A2                              4.000000    5.063728   -1.063728 (VIOLATED)
_17401_/B                               4.000000    5.063724   -1.063724 (VIOLATED)
_17250_/A2                              4.000000    5.063686   -1.063686 (VIOLATED)
_17314_/C                               4.000000    5.063657   -1.063657 (VIOLATED)
_10349_/A1                              4.000000    5.063632   -1.063632 (VIOLATED)
_17380_/B                               4.000000    5.063619   -1.063619 (VIOLATED)
_17270_/A1                              4.000000    5.063615   -1.063615 (VIOLATED)
_17271_/A2                              4.000000    5.063614   -1.063614 (VIOLATED)
_10350_/A2                              4.000000    5.063597   -1.063597 (VIOLATED)
_10294_/A1                              4.000000    5.063565   -1.063565 (VIOLATED)
_10295_/A2                              4.000000    5.063550   -1.063551 (VIOLATED)
_17315_/A2                              4.000000    5.063546   -1.063546 (VIOLATED)
_17358_/B                               4.000000    5.063537   -1.063537 (VIOLATED)
_10322_/B                               4.000000    5.063530   -1.063530 (VIOLATED)
_10180_/ZN                              4.000000    5.063498   -1.063498 (VIOLATED)
_12701_/A2                              4.000000    5.003395   -1.003395 (VIOLATED)
_12692_/A2                              4.000000    5.003380   -1.003380 (VIOLATED)
_12678_/A2                              4.000000    5.003342   -1.003342 (VIOLATED)
_12709_/A2                              4.000000    5.003282   -1.003281 (VIOLATED)
_12685_/A2                              4.000000    5.003188   -1.003188 (VIOLATED)
_12837_/A2                              4.000000    5.003082   -1.003082 (VIOLATED)
_12827_/A2                              4.000000    5.003014   -1.003014 (VIOLATED)
_12662_/A2                              4.000000    5.002959   -1.002959 (VIOLATED)
_12812_/A2                              4.000000    5.002743   -1.002743 (VIOLATED)
_12819_/A2                              4.000000    5.002666   -1.002666 (VIOLATED)
_12804_/A2                              4.000000    5.002472   -1.002472 (VIOLATED)
_12624_/A2                              4.000000    5.001688   -1.001688 (VIOLATED)
_12745_/A2                              4.000000    5.001678   -1.001678 (VIOLATED)
_12613_/A2                              4.000000    5.001653   -1.001653 (VIOLATED)
_12614_/A2                              4.000000    5.001642   -1.001642 (VIOLATED)
_12759_/A2                              4.000000    5.001590   -1.001590 (VIOLATED)
_12645_/A2                              4.000000    5.001513   -1.001513 (VIOLATED)
_12789_/A2                              4.000000    5.001464   -1.001464 (VIOLATED)
_12631_/A2                              4.000000    5.001460   -1.001460 (VIOLATED)
_12637_/A2                              4.000000    5.001369   -1.001370 (VIOLATED)
_12777_/A2                              4.000000    5.001331   -1.001331 (VIOLATED)
_12600_/ZN                              4.000000    5.000868   -1.000868 (VIOLATED)
_12607_/A2                              4.000000    4.999006   -0.999006 (VIOLATED)
_12612_/A2                              4.000000    4.999005   -0.999005 (VIOLATED)
_12605_/A2                              4.000000    4.998990   -0.998990 (VIOLATED)
_12606_/A2                              4.000000    4.998985   -0.998985 (VIOLATED)
_12619_/A2                              4.000000    4.998982   -0.998982 (VIOLATED)
_12620_/A2                              4.000000    4.998963   -0.998963 (VIOLATED)
_12621_/A2                              4.000000    4.998923   -0.998923 (VIOLATED)
_12628_/A2                              4.000000    4.998924   -0.998924 (VIOLATED)
_12636_/A2                              4.000000    4.998582   -0.998582 (VIOLATED)
_12629_/A2                              4.000000    4.998562   -0.998562 (VIOLATED)
_12652_/A2                              4.000000    4.998514   -0.998514 (VIOLATED)
_12651_/A2                              4.000000    4.998498   -0.998499 (VIOLATED)
_12644_/A2                              4.000000    4.998417   -0.998417 (VIOLATED)
_12643_/A2                              4.000000    4.998369   -0.998369 (VIOLATED)
_12660_/A2                              4.000000    4.997955   -0.997955 (VIOLATED)
_12661_/A1                              4.000000    4.997947   -0.997947 (VIOLATED)
_12668_/A2                              4.000000    4.997503   -0.997503 (VIOLATED)
_12669_/A1                              4.000000    4.997503   -0.997503 (VIOLATED)
_12670_/A2                              4.000000    4.997475   -0.997475 (VIOLATED)
_12675_/A1                              4.000000    4.997470   -0.997470 (VIOLATED)
_12598_/A2                              4.000000    4.997425   -0.997425 (VIOLATED)
_12676_/A2                              4.000000    4.997424   -0.997424 (VIOLATED)
_12683_/A1                              4.000000    4.997424   -0.997424 (VIOLATED)
_12700_/A2                              4.000000    4.997423   -0.997423 (VIOLATED)
_12707_/A1                              4.000000    4.997423   -0.997423 (VIOLATED)
_12720_/A2                              4.000000    4.997424   -0.997424 (VIOLATED)
_12721_/A1                              4.000000    4.997424   -0.997424 (VIOLATED)
_12690_/A2                              4.000000    4.997422   -0.997422 (VIOLATED)
_12691_/A1                              4.000000    4.997421   -0.997421 (VIOLATED)
_12708_/A2                              4.000000    4.997422   -0.997422 (VIOLATED)
_12715_/A1                              4.000000    4.997422   -0.997422 (VIOLATED)
_12698_/A2                              4.000000    4.997418   -0.997418 (VIOLATED)
_12699_/A1                              4.000000    4.997414   -0.997414 (VIOLATED)
_12597_/I                               4.000000    4.997406   -0.997405 (VIOLATED)
_12596_/ZN                              4.000000    4.997389   -0.997389 (VIOLATED)
_16393_/A2                              4.000000    4.977771   -0.977771 (VIOLATED)
_16536_/A2                              4.000000    4.977757   -0.977757 (VIOLATED)
_17048_/S                               4.000000    4.977724   -0.977724 (VIOLATED)
_16377_/A2                              4.000000    4.977722   -0.977722 (VIOLATED)
_16525_/A2                              4.000000    4.977713   -0.977713 (VIOLATED)
_17052_/S                               4.000000    4.977711   -0.977711 (VIOLATED)
_16373_/A2                              4.000000    4.977709   -0.977709 (VIOLATED)
_16904_/S                               4.000000    4.977683   -0.977682 (VIOLATED)
_16900_/S                               4.000000    4.977680   -0.977680 (VIOLATED)
_16534_/A2                              4.000000    4.977664   -0.977663 (VIOLATED)
_16389_/A2                              4.000000    4.977658   -0.977658 (VIOLATED)
_16893_/A1                              4.000000    4.977530   -0.977530 (VIOLATED)
_16530_/A2                              4.000000    4.977510   -0.977511 (VIOLATED)
_16381_/A2                              4.000000    4.977464   -0.977464 (VIOLATED)
_16504_/A2                              4.000000    4.977345   -0.977345 (VIOLATED)
_16339_/A2                              4.000000    4.977302   -0.977301 (VIOLATED)
_16886_/S                               4.000000    4.977096   -0.977096 (VIOLATED)
_16385_/A2                              4.000000    4.977078   -0.977078 (VIOLATED)
_16532_/A2                              4.000000    4.977076   -0.977076 (VIOLATED)
_16523_/S                               4.000000    4.977064   -0.977064 (VIOLATED)
_17038_/S                               4.000000    4.977043   -0.977042 (VIOLATED)
_16897_/A1                              4.000000    4.977011   -0.977011 (VIOLATED)
_16370_/S                               4.000000    4.976785   -0.976785 (VIOLATED)
_16335_/A2                              4.000000    4.976626   -0.976626 (VIOLATED)
_16889_/A1                              4.000000    4.976606   -0.976606 (VIOLATED)
_17040_/A2                              4.000000    4.976584   -0.976584 (VIOLATED)
_17068_/A2                              4.000000    4.976484   -0.976484 (VIOLATED)
_16935_/A1                              4.000000    4.976473   -0.976473 (VIOLATED)
_16347_/A2                              4.000000    4.976406   -0.976406 (VIOLATED)
_16343_/A2                              4.000000    4.976050   -0.976050 (VIOLATED)
_16939_/A1                              4.000000    4.975986   -0.975986 (VIOLATED)
_17070_/A2                              4.000000    4.975985   -0.975985 (VIOLATED)
_16902_/S                               4.000000    4.975888   -0.975888 (VIOLATED)
_17064_/A2                              4.000000    4.975883   -0.975883 (VIOLATED)
_16927_/A1                              4.000000    4.975874   -0.975874 (VIOLATED)
_16521_/A2                              4.000000    4.975804   -0.975804 (VIOLATED)
_16367_/A2                              4.000000    4.975775   -0.975775 (VIOLATED)
_16931_/A1                              4.000000    4.975509   -0.975509 (VIOLATED)
_17066_/A2                              4.000000    4.975502   -0.975501 (VIOLATED)
_16923_/A1                              4.000000    4.975460   -0.975460 (VIOLATED)
_17062_/A2                              4.000000    4.975429   -0.975429 (VIOLATED)
_17050_/S                               4.000000    4.975372   -0.975372 (VIOLATED)
_16519_/A2                              4.000000    4.975352   -0.975352 (VIOLATED)
_16363_/A2                              4.000000    4.975349   -0.975349 (VIOLATED)
_16919_/A1                              4.000000    4.975091   -0.975092 (VIOLATED)
_17060_/A2                              4.000000    4.974978   -0.974978 (VIOLATED)
_17056_/A2                              4.000000    4.974642   -0.974642 (VIOLATED)
_16911_/A1                              4.000000    4.974640   -0.974640 (VIOLATED)
_16907_/A1                              4.000000    4.974612   -0.974612 (VIOLATED)
_16351_/A2                              4.000000    4.974604   -0.974604 (VIOLATED)
_17054_/A2                              4.000000    4.974588   -0.974588 (VIOLATED)
_16359_/A2                              4.000000    4.974558   -0.974558 (VIOLATED)
_16517_/A2                              4.000000    4.974557   -0.974557 (VIOLATED)
_16915_/A1                              4.000000    4.974494   -0.974494 (VIOLATED)
_16355_/A2                              4.000000    4.974401   -0.974401 (VIOLATED)
_16515_/A2                              4.000000    4.974328   -0.974328 (VIOLATED)
_17058_/A2                              4.000000    4.974290   -0.974290 (VIOLATED)
_16331_/ZN                              4.000000    4.973013   -0.973013 (VIOLATED)
_10200_/A2                              4.000000    4.964182   -0.964183 (VIOLATED)
_10204_/A2                              4.000000    4.964124   -0.964124 (VIOLATED)
_10260_/A2                              4.000000    4.964098   -0.964099 (VIOLATED)
_10170_/A2                              4.000000    4.964047   -0.964048 (VIOLATED)
_10160_/A2                              4.000000    4.964036   -0.964036 (VIOLATED)
_10264_/A2                              4.000000    4.964030   -0.964030 (VIOLATED)
_10228_/A2                              4.000000    4.963998   -0.963998 (VIOLATED)
_10233_/A2                              4.000000    4.963977   -0.963977 (VIOLATED)
_10237_/A2                              4.000000    4.963824   -0.963824 (VIOLATED)
_10339_/A2                              4.000000    4.963564   -0.963564 (VIOLATED)
_10335_/A2                              4.000000    4.963552   -0.963552 (VIOLATED)
_10282_/A2                              4.000000    4.963271   -0.963271 (VIOLATED)
_10286_/A2                              4.000000    4.963217   -0.963217 (VIOLATED)
_10024_/ZN                              4.000000    4.962737   -0.962737 (VIOLATED)
_18100_/S                               4.000000    4.960479   -0.960479 (VIOLATED)
_18101_/S                               4.000000    4.960455   -0.960455 (VIOLATED)
_18103_/S                               4.000000    4.960440   -0.960440 (VIOLATED)
_18099_/S                               4.000000    4.960391   -0.960390 (VIOLATED)
_18102_/S                               4.000000    4.960326   -0.960326 (VIOLATED)
_18097_/S                               4.000000    4.960132   -0.960132 (VIOLATED)
_18098_/S                               4.000000    4.960093   -0.960092 (VIOLATED)
_18096_/S                               4.000000    4.960055   -0.960055 (VIOLATED)
_18089_/S                               4.000000    4.959724   -0.959724 (VIOLATED)
_18112_/S                               4.000000    4.959683   -0.959683 (VIOLATED)
_18113_/S                               4.000000    4.959671   -0.959671 (VIOLATED)
_18116_/S                               4.000000    4.959575   -0.959575 (VIOLATED)
_18114_/S                               4.000000    4.959496   -0.959496 (VIOLATED)
_18092_/S                               4.000000    4.959333   -0.959334 (VIOLATED)
_18090_/S                               4.000000    4.959165   -0.959165 (VIOLATED)
_18091_/S                               4.000000    4.959077   -0.959077 (VIOLATED)
_18094_/S                               4.000000    4.958993   -0.958993 (VIOLATED)
_18095_/S                               4.000000    4.958700   -0.958700 (VIOLATED)
_18093_/S                               4.000000    4.958620   -0.958619 (VIOLATED)
_18110_/S                               4.000000    4.958370   -0.958370 (VIOLATED)
_18107_/S                               4.000000    4.958364   -0.958364 (VIOLATED)
_18108_/S                               4.000000    4.958357   -0.958357 (VIOLATED)
_18106_/S                               4.000000    4.958343   -0.958343 (VIOLATED)
_18105_/S                               4.000000    4.958330   -0.958330 (VIOLATED)
_09620_/I                               4.000000    4.958160   -0.958160 (VIOLATED)
_18115_/S                               4.000000    4.958149   -0.958150 (VIOLATED)
_18117_/S                               4.000000    4.958097   -0.958097 (VIOLATED)
_18118_/S                               4.000000    4.957940   -0.957940 (VIOLATED)
_18111_/S                               4.000000    4.957925   -0.957925 (VIOLATED)
_18119_/S                               4.000000    4.957720   -0.957720 (VIOLATED)
_18109_/S                               4.000000    4.957584   -0.957584 (VIOLATED)
_18104_/S                               4.000000    4.957570   -0.957570 (VIOLATED)
_18120_/S                               4.000000    4.957392   -0.957392 (VIOLATED)
_09619_/ZN                              4.000000    4.957316   -0.957316 (VIOLATED)
_15893_/A1                              4.000000    4.881071   -0.881071 (VIOLATED)
_15890_/A1                              4.000000    4.881070   -0.881070 (VIOLATED)
_15884_/A1                              4.000000    4.881050   -0.881049 (VIOLATED)
_15877_/A2                              4.000000    4.881023   -0.881023 (VIOLATED)
_15882_/A1                              4.000000    4.881021   -0.881021 (VIOLATED)
_15897_/B                               4.000000    4.880971   -0.880971 (VIOLATED)
_10616_/B                               4.000000    4.880933   -0.880933 (VIOLATED)
_10617_/A3                              4.000000    4.880862   -0.880862 (VIOLATED)
_10611_/A3                              4.000000    4.880837   -0.880837 (VIOLATED)
_15919_/A1                              4.000000    4.880822   -0.880822 (VIOLATED)
_15921_/A1                              4.000000    4.880817   -0.880817 (VIOLATED)
_10613_/A3                              4.000000    4.880815   -0.880815 (VIOLATED)
_15911_/A1                              4.000000    4.880802   -0.880802 (VIOLATED)
_15909_/A1                              4.000000    4.880791   -0.880791 (VIOLATED)
_15904_/A1                              4.000000    4.880734   -0.880735 (VIOLATED)
_15874_/A1                              4.000000    4.880686   -0.880686 (VIOLATED)
_15848_/A2                              4.000000    4.880574   -0.880574 (VIOLATED)
_15866_/B                               4.000000    4.880482   -0.880482 (VIOLATED)
_15851_/A1                              4.000000    4.880476   -0.880476 (VIOLATED)
_10609_/ZN                              4.000000    4.880454   -0.880454 (VIOLATED)
_15847_/A2                              4.000000    4.880454   -0.880454 (VIOLATED)
_12944_/B2                              4.000000    4.865394   -0.865394 (VIOLATED)
_12275_/A1                              4.000000    4.864468   -0.864468 (VIOLATED)
_12240_/A1                              4.000000    4.864449   -0.864449 (VIOLATED)
_12236_/A1                              4.000000    4.864385   -0.864385 (VIOLATED)
_12215_/A1                              4.000000    4.864309   -0.864309 (VIOLATED)
_12169_/A1                              4.000000    4.864141   -0.864140 (VIOLATED)
_12731_/A1                              4.000000    4.863914   -0.863914 (VIOLATED)
_12737_/A1                              4.000000    4.863909   -0.863909 (VIOLATED)
_12743_/A1                              4.000000    4.863903   -0.863903 (VIOLATED)
_12751_/A1                              4.000000    4.863896   -0.863896 (VIOLATED)
_12343_/A1                              4.000000    4.863871   -0.863871 (VIOLATED)
_12344_/A1                              4.000000    4.863870   -0.863870 (VIOLATED)
_12612_/A1                              4.000000    4.863861   -0.863861 (VIOLATED)
_12014_/A1                              4.000000    4.863857   -0.863857 (VIOLATED)
_12606_/A1                              4.000000    4.863844   -0.863844 (VIOLATED)
_12620_/A1                              4.000000    4.863811   -0.863811 (VIOLATED)
_12578_/A1                              4.000000    4.863800   -0.863800 (VIOLATED)
_12628_/A1                              4.000000    4.863792   -0.863792 (VIOLATED)
_12757_/A1                              4.000000    4.863778   -0.863778 (VIOLATED)
_12560_/A1                              4.000000    4.863722   -0.863722 (VIOLATED)
_12368_/A1                              4.000000    4.863718   -0.863718 (VIOLATED)
_12771_/A1                              4.000000    4.863557   -0.863557 (VIOLATED)
_12390_/A1                              4.000000    4.863556   -0.863556 (VIOLATED)
_12765_/A1                              4.000000    4.863529   -0.863529 (VIOLATED)
_12515_/A1                              4.000000    4.863489   -0.863489 (VIOLATED)
_12047_/A1                              4.000000    4.863430   -0.863430 (VIOLATED)
_12412_/A1                              4.000000    4.863363   -0.863363 (VIOLATED)
_12636_/A1                              4.000000    4.863305   -0.863305 (VIOLATED)
_12066_/A1                              4.000000    4.863275   -0.863275 (VIOLATED)
_12652_/A1                              4.000000    4.863235   -0.863235 (VIOLATED)
_12644_/A1                              4.000000    4.863178   -0.863178 (VIOLATED)
clone30/ZN                              4.000000    4.863111   -0.863110 (VIOLATED)
_11555_/A2                              4.000000    4.855232   -0.855232 (VIOLATED)
_11486_/A2                              4.000000    4.855230   -0.855230 (VIOLATED)
_11535_/A2                              4.000000    4.855211   -0.855211 (VIOLATED)
_11729_/B1                              4.000000    4.855181   -0.855181 (VIOLATED)
_11771_/B1                              4.000000    4.855166   -0.855166 (VIOLATED)
_11696_/A2                              4.000000    4.855153   -0.855153 (VIOLATED)
_11789_/B                               4.000000    4.855153   -0.855152 (VIOLATED)
_11800_/B1                              4.000000    4.855150   -0.855150 (VIOLATED)
_11370_/B1                              4.000000    4.855142   -0.855142 (VIOLATED)
clone37/ZN                              4.000000    4.855101   -0.855100 (VIOLATED)
_10170_/B1                              4.000000    4.848880   -0.848880 (VIOLATED)
_10160_/B1                              4.000000    4.848874   -0.848873 (VIOLATED)
_10228_/B1                              4.000000    4.848838   -0.848838 (VIOLATED)
_10233_/B1                              4.000000    4.848833   -0.848833 (VIOLATED)
_10237_/B1                              4.000000    4.848818   -0.848818 (VIOLATED)
_10207_/B1                              4.000000    4.848729   -0.848729 (VIOLATED)
_10264_/B1                              4.000000    4.848715   -0.848715 (VIOLATED)
_10204_/B1                              4.000000    4.848707   -0.848707 (VIOLATED)
_10260_/B1                              4.000000    4.848696   -0.848696 (VIOLATED)
_10282_/B1                              4.000000    4.848460   -0.848460 (VIOLATED)
_10286_/B1                              4.000000    4.848449   -0.848449 (VIOLATED)
_10165_/A1                              4.000000    4.848273   -0.848273 (VIOLATED)
_10090_/ZN                              4.000000    4.848219   -0.848219 (VIOLATED)
_10180_/A1                              4.000000    4.848219   -0.848219 (VIOLATED)
_10948_/S                               4.000000    4.729717   -0.729717 (VIOLATED)
_10946_/S                               4.000000    4.729713   -0.729713 (VIOLATED)
_10947_/S                               4.000000    4.729668   -0.729668 (VIOLATED)
_10949_/S                               4.000000    4.729601   -0.729601 (VIOLATED)
_10950_/S                               4.000000    4.729358   -0.729358 (VIOLATED)
_10951_/S                               4.000000    4.729017   -0.729017 (VIOLATED)
_10952_/S                               4.000000    4.728566   -0.728566 (VIOLATED)
_10953_/S                               4.000000    4.728306   -0.728306 (VIOLATED)
_10954_/S                               4.000000    4.728154   -0.728154 (VIOLATED)
_10955_/S                               4.000000    4.727578   -0.727578 (VIOLATED)
_10956_/S                               4.000000    4.726918   -0.726918 (VIOLATED)
_10957_/S                               4.000000    4.726457   -0.726457 (VIOLATED)
_10958_/S                               4.000000    4.725866   -0.725866 (VIOLATED)
_10959_/S                               4.000000    4.725513   -0.725513 (VIOLATED)
_10960_/S                               4.000000    4.725341   -0.725341 (VIOLATED)
_10961_/S                               4.000000    4.725079   -0.725079 (VIOLATED)
_10945_/ZN                              4.000000    4.723089   -0.723089 (VIOLATED)
_18228_/A2                              4.000000    4.723089   -0.723089 (VIOLATED)
_12731_/A2                              4.000000    4.705531   -0.705531 (VIOLATED)
_12726_/A2                              4.000000    4.705529   -0.705529 (VIOLATED)
_12732_/A2                              4.000000    4.705514   -0.705514 (VIOLATED)
_12737_/A2                              4.000000    4.705504   -0.705504 (VIOLATED)
_12738_/A2                              4.000000    4.705470   -0.705469 (VIOLATED)
_12743_/A2                              4.000000    4.705462   -0.705462 (VIOLATED)
_12744_/A2                              4.000000    4.705401   -0.705401 (VIOLATED)
_12751_/A2                              4.000000    4.705372   -0.705372 (VIOLATED)
_12752_/A2                              4.000000    4.705241   -0.705241 (VIOLATED)
_12757_/A2                              4.000000    4.705234   -0.705234 (VIOLATED)
_12766_/A2                              4.000000    4.704889   -0.704889 (VIOLATED)
_12771_/A2                              4.000000    4.704882   -0.704882 (VIOLATED)
_12765_/A2                              4.000000    4.704729   -0.704729 (VIOLATED)
_12758_/A2                              4.000000    4.704655   -0.704655 (VIOLATED)
_12781_/A2                              4.000000    4.703957   -0.703956 (VIOLATED)
_12782_/A1                              4.000000    4.703951   -0.703951 (VIOLATED)
_12787_/A2                              4.000000    4.703893   -0.703893 (VIOLATED)
_12788_/A1                              4.000000    4.703880   -0.703880 (VIOLATED)
_12795_/A2                              4.000000    4.703752   -0.703752 (VIOLATED)
_12796_/A1                              4.000000    4.703653   -0.703653 (VIOLATED)
_12802_/A1                              4.000000    4.703363   -0.703363 (VIOLATED)
_12801_/A2                              4.000000    4.703362   -0.703362 (VIOLATED)
_12809_/A2                              4.000000    4.703003   -0.703003 (VIOLATED)
_12810_/A1                              4.000000    4.703002   -0.703002 (VIOLATED)
_12811_/A2                              4.000000    4.702757   -0.702757 (VIOLATED)
_12818_/A1                              4.000000    4.702756   -0.702756 (VIOLATED)
_12826_/A1                              4.000000    4.702677   -0.702677 (VIOLATED)
_12825_/A2                              4.000000    4.702601   -0.702602 (VIOLATED)
_12833_/A2                              4.000000    4.702365   -0.702365 (VIOLATED)
_12841_/A2                              4.000000    4.702328   -0.702328 (VIOLATED)
_12842_/A1                              4.000000    4.702328   -0.702328 (VIOLATED)
_12834_/A1                              4.000000    4.702327   -0.702327 (VIOLATED)
_12723_/ZN                              4.000000    4.702214   -0.702214 (VIOLATED)
_12724_/I                               4.000000    4.702214   -0.702214 (VIOLATED)
_12725_/A2                              4.000000    4.702214   -0.702214 (VIOLATED)
_11993_/A1                              4.000000    4.684865   -0.684865 (VIOLATED)
_11992_/A2                              4.000000    4.684862   -0.684862 (VIOLATED)
_11875_/A2                              4.000000    4.684846   -0.684846 (VIOLATED)
_11876_/A1                              4.000000    4.684834   -0.684834 (VIOLATED)
_12010_/B                               4.000000    4.684820   -0.684820 (VIOLATED)
_12029_/B                               4.000000    4.684811   -0.684810 (VIOLATED)
_12011_/A2                              4.000000    4.684802   -0.684802 (VIOLATED)
_12030_/A2                              4.000000    4.684761   -0.684761 (VIOLATED)
_12047_/C                               4.000000    4.684115   -0.684115 (VIOLATED)
_12048_/A2                              4.000000    4.683984   -0.683984 (VIOLATED)
_12068_/A1                              4.000000    4.683702   -0.683702 (VIOLATED)
_12067_/A2                              4.000000    4.683596   -0.683595 (VIOLATED)
_12086_/A1                              4.000000    4.683440   -0.683440 (VIOLATED)
_12085_/A2                              4.000000    4.683417   -0.683417 (VIOLATED)
_12108_/A1                              4.000000    4.682621   -0.682621 (VIOLATED)
_12107_/A2                              4.000000    4.682612   -0.682612 (VIOLATED)
_12127_/B                               4.000000    4.681613   -0.681613 (VIOLATED)
_12128_/A2                              4.000000    4.681575   -0.681575 (VIOLATED)
_12148_/A2                              4.000000    4.681270   -0.681270 (VIOLATED)
_12169_/B                               4.000000    4.681172   -0.681172 (VIOLATED)
_12170_/A2                              4.000000    4.681167   -0.681167 (VIOLATED)
_12193_/A2                              4.000000    4.681007   -0.681007 (VIOLATED)
_12215_/B                               4.000000    4.680796   -0.680796 (VIOLATED)
_12216_/A2                              4.000000    4.680763   -0.680763 (VIOLATED)
_12257_/A2                              4.000000    4.680601   -0.680600 (VIOLATED)
_12276_/A2                              4.000000    4.680523   -0.680523 (VIOLATED)
_12275_/B                               4.000000    4.680516   -0.680516 (VIOLATED)
_12256_/B                               4.000000    4.680429   -0.680429 (VIOLATED)
_12192_/B                               4.000000    4.680271   -0.680271 (VIOLATED)
_11846_/I                               4.000000    4.679965   -0.679965 (VIOLATED)
_11847_/A2                              4.000000    4.679896   -0.679896 (VIOLATED)
_11845_/ZN                              4.000000    4.679851   -0.679851 (VIOLATED)
_11537_/A2                              4.000000    4.619586   -0.619587 (VIOLATED)
_11571_/A2                              4.000000    4.619579   -0.619579 (VIOLATED)
_11814_/B1                              4.000000    4.619518   -0.619518 (VIOLATED)
_11757_/B1                              4.000000    4.619356   -0.619356 (VIOLATED)
_11422_/A2                              4.000000    4.619349   -0.619349 (VIOLATED)
_11424_/A2                              4.000000    4.619348   -0.619348 (VIOLATED)
_11407_/A2                              4.000000    4.619307   -0.619307 (VIOLATED)
_11743_/B1                              4.000000    4.619302   -0.619302 (VIOLATED)
_11410_/B                               4.000000    4.619298   -0.619298 (VIOLATED)
_11316_/ZN                              4.000000    4.619200   -0.619200 (VIOLATED)
_17530_/A1                              4.000000    4.615355   -0.615355 (VIOLATED)
_17509_/A1                              4.000000    4.615354   -0.615354 (VIOLATED)
_17488_/A1                              4.000000    4.615350   -0.615350 (VIOLATED)
_17467_/A1                              4.000000    4.615344   -0.615344 (VIOLATED)
_17446_/A1                              4.000000    4.615337   -0.615338 (VIOLATED)
_17425_/A1                              4.000000    4.615323   -0.615323 (VIOLATED)
_17404_/A1                              4.000000    4.615229   -0.615229 (VIOLATED)
_17361_/A1                              4.000000    4.615189   -0.615189 (VIOLATED)
_17383_/A1                              4.000000    4.615156   -0.615156 (VIOLATED)
_17341_/ZN                              4.000000    4.615088   -0.615088 (VIOLATED)
_12703_/A2                              4.000000    4.611964   -0.611964 (VIOLATED)
_12694_/A2                              4.000000    4.611942   -0.611943 (VIOLATED)
_12680_/A2                              4.000000    4.611922   -0.611922 (VIOLATED)
_12711_/A2                              4.000000    4.611877   -0.611877 (VIOLATED)
_12687_/A2                              4.000000    4.611768   -0.611768 (VIOLATED)
_12829_/A2                              4.000000    4.611535   -0.611535 (VIOLATED)
_12814_/A2                              4.000000    4.611365   -0.611365 (VIOLATED)
_12835_/A2                              4.000000    4.611297   -0.611297 (VIOLATED)
_12664_/A2                              4.000000    4.611200   -0.611200 (VIOLATED)
_12821_/A2                              4.000000    4.611111   -0.611111 (VIOLATED)
_12806_/A2                              4.000000    4.611061   -0.611061 (VIOLATED)
clone39/A1                              4.000000    4.610552   -0.610552 (VIOLATED)
clone49/A1                              4.000000    4.610550   -0.610550 (VIOLATED)
clone56/A1                              4.000000    4.610476   -0.610476 (VIOLATED)
_12623_/A2                              4.000000    4.610400   -0.610400 (VIOLATED)
_12747_/A2                              4.000000    4.610371   -0.610370 (VIOLATED)
_12615_/A2                              4.000000    4.610272   -0.610272 (VIOLATED)
_12761_/A2                              4.000000    4.610207   -0.610207 (VIOLATED)
_12647_/A2                              4.000000    4.610085   -0.610084 (VIOLATED)
_12639_/A2                              4.000000    4.610065   -0.610065 (VIOLATED)
_12775_/A2                              4.000000    4.609946   -0.609946 (VIOLATED)
_12791_/A2                              4.000000    4.609944   -0.609945 (VIOLATED)
_11322_/A1                              4.000000    4.609221   -0.609221 (VIOLATED)
_11317_/A1                              4.000000    4.608848   -0.608848 (VIOLATED)
_11309_/ZN                              4.000000    4.608815   -0.608815 (VIOLATED)
_11313_/B                               4.000000    4.608815   -0.608815 (VIOLATED)
_11315_/A1                              4.000000    4.608815   -0.608815 (VIOLATED)
_12633_/A2                              4.000000    4.608815   -0.608815 (VIOLATED)
_10573_/A1                              4.000000    4.587083   -0.587083 (VIOLATED)
_10569_/A1                              4.000000    4.587076   -0.587076 (VIOLATED)
_10577_/A1                              4.000000    4.587059   -0.587059 (VIOLATED)
_10397_/A1                              4.000000    4.586924   -0.586924 (VIOLATED)
_10393_/A1                              4.000000    4.586898   -0.586898 (VIOLATED)
_10389_/A1                              4.000000    4.586880   -0.586880 (VIOLATED)
clone54/A2                              4.000000    4.586676   -0.586676 (VIOLATED)
clone7/A2                               4.000000    4.586624   -0.586624 (VIOLATED)
_10370_/A1                              4.000000    4.586370   -0.586371 (VIOLATED)
_10362_/A1                              4.000000    4.586366   -0.586366 (VIOLATED)
_10366_/A1                              4.000000    4.586341   -0.586341 (VIOLATED)
clone18/A2                              4.000000    4.586269   -0.586269 (VIOLATED)
clone36/A1                              4.000000    4.586047   -0.586047 (VIOLATED)
_10024_/A1                              4.000000    4.585864   -0.585864 (VIOLATED)
clone4/A2                               4.000000    4.585684   -0.585684 (VIOLATED)
_10311_/A1                              4.000000    4.585531   -0.585531 (VIOLATED)
_10158_/A1                              4.000000    4.585443   -0.585443 (VIOLATED)
_10168_/A1                              4.000000    4.585443   -0.585442 (VIOLATED)
_10231_/A1                              4.000000    4.585433   -0.585433 (VIOLATED)
_09324_/ZN                              4.000000    4.585379   -0.585378 (VIOLATED)
_10025_/A2                              4.000000    4.585379   -0.585378 (VIOLATED)
_10091_/A2                              4.000000    4.585379   -0.585378 (VIOLATED)
_13222_/S                               4.000000    4.580735   -0.580735 (VIOLATED)
_13242_/A2                              4.000000    4.580733   -0.580733 (VIOLATED)
_13493_/S                               4.000000    4.580700   -0.580700 (VIOLATED)
_13096_/S                               4.000000    4.580650   -0.580650 (VIOLATED)
_13103_/S                               4.000000    4.580569   -0.580569 (VIOLATED)
_12993_/S                               4.000000    4.580238   -0.580238 (VIOLATED)
_13000_/S                               4.000000    4.580166   -0.580166 (VIOLATED)
_13137_/S                               4.000000    4.579844   -0.579845 (VIOLATED)
_13845_/A1                              4.000000    4.579825   -0.579826 (VIOLATED)
_13160_/S                               4.000000    4.579376   -0.579376 (VIOLATED)
_13150_/S                               4.000000    4.579165   -0.579166 (VIOLATED)
_13156_/S                               4.000000    4.578938   -0.578938 (VIOLATED)
_13123_/S                               4.000000    4.578820   -0.578820 (VIOLATED)
_13131_/S                               4.000000    4.578795   -0.578795 (VIOLATED)
_13020_/S                               4.000000    4.578341   -0.578341 (VIOLATED)
_13254_/A1                              4.000000    4.578136   -0.578136 (VIOLATED)
_13365_/C                               4.000000    4.578128   -0.578128 (VIOLATED)
_13057_/S                               4.000000    4.578109   -0.578109 (VIOLATED)
_12952_/ZN                              4.000000    4.578091   -0.578091 (VIOLATED)
_13028_/S                               4.000000    4.578091   -0.578091 (VIOLATED)
_13034_/S                               4.000000    4.578091   -0.578091 (VIOLATED)
_13047_/S                               4.000000    4.578091   -0.578091 (VIOLATED)
_13053_/S                               4.000000    4.578091   -0.578091 (VIOLATED)
_13402_/S                               4.000000    4.578091   -0.578091 (VIOLATED)
_11295_/S                               4.000000    4.559841   -0.559841 (VIOLATED)
_11298_/S                               4.000000    4.559802   -0.559802 (VIOLATED)
_11294_/S                               4.000000    4.559647   -0.559647 (VIOLATED)
_11297_/S                               4.000000    4.559546   -0.559546 (VIOLATED)
_11292_/S                               4.000000    4.559336   -0.559336 (VIOLATED)
_11293_/S                               4.000000    4.559221   -0.559221 (VIOLATED)
_11284_/S                               4.000000    4.558921   -0.558921 (VIOLATED)
_11291_/S                               4.000000    4.558720   -0.558720 (VIOLATED)
_11287_/S                               4.000000    4.558662   -0.558662 (VIOLATED)
_11285_/S                               4.000000    4.558548   -0.558548 (VIOLATED)
_11289_/S                               4.000000    4.558430   -0.558430 (VIOLATED)
_11286_/S                               4.000000    4.558329   -0.558329 (VIOLATED)
_11290_/S                               4.000000    4.558185   -0.558185 (VIOLATED)
_11288_/S                               4.000000    4.557935   -0.557935 (VIOLATED)
_11299_/S                               4.000000    4.557472   -0.557472 (VIOLATED)
_11296_/S                               4.000000    4.556900   -0.556900 (VIOLATED)
_09938_/A2                              4.000000    4.556823   -0.556823 (VIOLATED)
_09937_/ZN                              4.000000    4.556800   -0.556800 (VIOLATED)
_11334_/A2                              4.000000    4.539903   -0.539903 (VIOLATED)
_11350_/A1                              4.000000    4.539903   -0.539903 (VIOLATED)
_11333_/A1                              4.000000    4.539887   -0.539887 (VIOLATED)
_11308_/A2                              4.000000    4.539875   -0.539874 (VIOLATED)
_11418_/A1                              4.000000    4.539840   -0.539840 (VIOLATED)
_11417_/A2                              4.000000    4.539823   -0.539822 (VIOLATED)
_11367_/A2                              4.000000    4.539819   -0.539819 (VIOLATED)
_11365_/A2                              4.000000    4.539810   -0.539810 (VIOLATED)
_11401_/A2                              4.000000    4.539762   -0.539762 (VIOLATED)
_11402_/A1                              4.000000    4.539711   -0.539711 (VIOLATED)
_11434_/A1                              4.000000    4.538981   -0.538981 (VIOLATED)
_11433_/A2                              4.000000    4.538925   -0.538924 (VIOLATED)
_11449_/A2                              4.000000    4.537723   -0.537723 (VIOLATED)
_11466_/A2                              4.000000    4.537021   -0.537021 (VIOLATED)
_11498_/A2                              4.000000    4.536913   -0.536913 (VIOLATED)
_11531_/A2                              4.000000    4.536912   -0.536912 (VIOLATED)
_11566_/A2                              4.000000    4.536911   -0.536911 (VIOLATED)
_11582_/A2                              4.000000    4.536896   -0.536896 (VIOLATED)
_11549_/A2                              4.000000    4.536893   -0.536893 (VIOLATED)
_11513_/A2                              4.000000    4.536875   -0.536875 (VIOLATED)
_11481_/A2                              4.000000    4.536856   -0.536856 (VIOLATED)
_11307_/A2                              4.000000    4.536662   -0.536662 (VIOLATED)
_11306_/ZN                              4.000000    4.536625   -0.536625 (VIOLATED)
_16184_/A2                              4.000000    4.515886   -0.515886 (VIOLATED)
_16158_/B                               4.000000    4.515877   -0.515877 (VIOLATED)
_16766_/A2                              4.000000    4.515875   -0.515875 (VIOLATED)
_16190_/A2                              4.000000    4.515872   -0.515872 (VIOLATED)
_16751_/B                               4.000000    4.515789   -0.515789 (VIOLATED)
_16771_/B                               4.000000    4.515630   -0.515630 (VIOLATED)
_16152_/B                               4.000000    4.515616   -0.515616 (VIOLATED)
_16741_/A2                              4.000000    4.515571   -0.515571 (VIOLATED)
_16146_/B                               4.000000    4.515569   -0.515569 (VIOLATED)
_16733_/B                               4.000000    4.515357   -0.515357 (VIOLATED)
_16727_/A2                              4.000000    4.515116   -0.515115 (VIOLATED)
_16133_/A2                              4.000000    4.515040   -0.515040 (VIOLATED)
_16103_/A2                              4.000000    4.515012   -0.515012 (VIOLATED)
_16665_/A2                              4.000000    4.515006   -0.515005 (VIOLATED)
_16672_/A2                              4.000000    4.515005   -0.515005 (VIOLATED)
_16096_/A2                              4.000000    4.514999   -0.514999 (VIOLATED)
_16124_/B                               4.000000    4.514956   -0.514957 (VIOLATED)
_16138_/B                               4.000000    4.514923   -0.514923 (VIOLATED)
_16711_/B                               4.000000    4.514727   -0.514727 (VIOLATED)
_16681_/A2                              4.000000    4.514725   -0.514725 (VIOLATED)
_16698_/A2                              4.000000    4.514725   -0.514725 (VIOLATED)
_16067_/ZN                              4.000000    4.514704   -0.514704 (VIOLATED)
_16259_/A2                              4.000000    4.463586   -0.463586 (VIOLATED)
_16279_/A2                              4.000000    4.463583   -0.463583 (VIOLATED)
_16844_/A2                              4.000000    4.463567   -0.463567 (VIOLATED)
_16804_/A2                              4.000000    4.463563   -0.463563 (VIOLATED)
_16794_/A2                              4.000000    4.463562   -0.463563 (VIOLATED)
_16784_/A2                              4.000000    4.463560   -0.463559 (VIOLATED)
_16833_/A2                              4.000000    4.463536   -0.463536 (VIOLATED)
_16789_/A2                              4.000000    4.463519   -0.463519 (VIOLATED)
_16204_/A2                              4.000000    4.463499   -0.463499 (VIOLATED)
_16779_/A2                              4.000000    4.463490   -0.463490 (VIOLATED)
_16224_/A2                              4.000000    4.463467   -0.463467 (VIOLATED)
_16828_/A2                              4.000000    4.463460   -0.463460 (VIOLATED)
_16799_/A2                              4.000000    4.463441   -0.463441 (VIOLATED)
_16850_/A2                              4.000000    4.463410   -0.463410 (VIOLATED)
_16244_/A2                              4.000000    4.463377   -0.463377 (VIOLATED)
_16810_/A2                              4.000000    4.463352   -0.463352 (VIOLATED)
_16239_/A2                              4.000000    4.463342   -0.463342 (VIOLATED)
_16228_/A2                              4.000000    4.463317   -0.463317 (VIOLATED)
clone26/ZN                              4.000000    4.463317   -0.463317 (VIOLATED)
_15990_/S                               4.000000    4.366139   -0.366140 (VIOLATED)
_15959_/S                               4.000000    4.366129   -0.366129 (VIOLATED)
_15961_/S                               4.000000    4.366117   -0.366117 (VIOLATED)
_15988_/S                               4.000000    4.366089   -0.366089 (VIOLATED)
_15989_/S                               4.000000    4.366071   -0.366071 (VIOLATED)
_15987_/S                               4.000000    4.366013   -0.366013 (VIOLATED)
_15991_/S                               4.000000    4.366005   -0.366005 (VIOLATED)
_16021_/S                               4.000000    4.365931   -0.365930 (VIOLATED)
_15986_/S                               4.000000    4.365732   -0.365732 (VIOLATED)
_15985_/S                               4.000000    4.365726   -0.365727 (VIOLATED)
_16020_/S                               4.000000    4.365651   -0.365651 (VIOLATED)
_16019_/S                               4.000000    4.365562   -0.365562 (VIOLATED)
_16018_/S                               4.000000    4.365447   -0.365447 (VIOLATED)
_16017_/S                               4.000000    4.365354   -0.365354 (VIOLATED)
_15984_/S                               4.000000    4.365046   -0.365046 (VIOLATED)
_16016_/S                               4.000000    4.364789   -0.364789 (VIOLATED)
_15978_/S                               4.000000    4.364689   -0.364689 (VIOLATED)
_15977_/S                               4.000000    4.364687   -0.364687 (VIOLATED)
_16013_/S                               4.000000    4.364680   -0.364680 (VIOLATED)
_16011_/S                               4.000000    4.364659   -0.364659 (VIOLATED)
_15980_/S                               4.000000    4.364625   -0.364626 (VIOLATED)
_15979_/S                               4.000000    4.364598   -0.364598 (VIOLATED)
_16007_/S                               4.000000    4.364570   -0.364570 (VIOLATED)
_16015_/S                               4.000000    4.364533   -0.364533 (VIOLATED)
_16008_/S                               4.000000    4.364486   -0.364486 (VIOLATED)
_16009_/S                               4.000000    4.364451   -0.364451 (VIOLATED)
_16012_/S                               4.000000    4.364424   -0.364424 (VIOLATED)
_15983_/S                               4.000000    4.364408   -0.364409 (VIOLATED)
_16010_/S                               4.000000    4.364408   -0.364408 (VIOLATED)
_15981_/S                               4.000000    4.364357   -0.364357 (VIOLATED)
_16014_/S                               4.000000    4.364314   -0.364313 (VIOLATED)
_15982_/S                               4.000000    4.364299   -0.364299 (VIOLATED)
_15958_/ZN                              4.000000    4.364203   -0.364203 (VIOLATED)
_12293_/A1                              4.000000    4.333600   -0.333600 (VIOLATED)
_12292_/A2                              4.000000    4.333597   -0.333597 (VIOLATED)
_12309_/A2                              4.000000    4.333581   -0.333581 (VIOLATED)
_12327_/A1                              4.000000    4.333564   -0.333564 (VIOLATED)
_12307_/A2                              4.000000    4.333540   -0.333540 (VIOLATED)
_12308_/A1                              4.000000    4.333539   -0.333539 (VIOLATED)
_12346_/A1                              4.000000    4.333525   -0.333525 (VIOLATED)
_12345_/A2                              4.000000    4.333509   -0.333509 (VIOLATED)
_12369_/A2                              4.000000    4.333268   -0.333268 (VIOLATED)
_12368_/C                               4.000000    4.333076   -0.333076 (VIOLATED)
_12279_/I                               4.000000    4.332553   -0.332553 (VIOLATED)
_12413_/A2                              4.000000    4.332344   -0.332343 (VIOLATED)
_12412_/C                               4.000000    4.332200   -0.332200 (VIOLATED)
_12457_/A1                              4.000000    4.331795   -0.331795 (VIOLATED)
_12456_/A2                              4.000000    4.331679   -0.331679 (VIOLATED)
_12479_/A2                              4.000000    4.330985   -0.330985 (VIOLATED)
_12499_/A2                              4.000000    4.330559   -0.330559 (VIOLATED)
_12498_/B                               4.000000    4.330464   -0.330464 (VIOLATED)
_12516_/A2                              4.000000    4.330298   -0.330298 (VIOLATED)
_12515_/C                               4.000000    4.330013   -0.330013 (VIOLATED)
_12536_/A2                              4.000000    4.329643   -0.329643 (VIOLATED)
_12535_/B                               4.000000    4.329623   -0.329623 (VIOLATED)
_12575_/A2                              4.000000    4.329340   -0.329341 (VIOLATED)
_12574_/B                               4.000000    4.329337   -0.329337 (VIOLATED)
_15960_/S                               4.000000    4.329331   -0.329331 (VIOLATED)
_15956_/S                               4.000000    4.329317   -0.329317 (VIOLATED)
_15975_/S                               4.000000    4.329308   -0.329308 (VIOLATED)
_15972_/S                               4.000000    4.329262   -0.329262 (VIOLATED)
_15973_/S                               4.000000    4.329209   -0.329210 (VIOLATED)
_15974_/S                               4.000000    4.329198   -0.329198 (VIOLATED)
_12594_/A2                              4.000000    4.329179   -0.329179 (VIOLATED)
_12593_/B                               4.000000    4.329176   -0.329176 (VIOLATED)
_15976_/S                               4.000000    4.329116   -0.329116 (VIOLATED)
_16006_/S                               4.000000    4.329015   -0.329015 (VIOLATED)
_15970_/S                               4.000000    4.328995   -0.328995 (VIOLATED)
_15971_/S                               4.000000    4.328928   -0.328928 (VIOLATED)
_16005_/S                               4.000000    4.328762   -0.328762 (VIOLATED)
_12278_/ZN                              4.000000    4.328704   -0.328704 (VIOLATED)
_12280_/A2                              4.000000    4.328704   -0.328704 (VIOLATED)
_16004_/S                               4.000000    4.328667   -0.328667 (VIOLATED)
_16003_/S                               4.000000    4.328571   -0.328571 (VIOLATED)
_16002_/S                               4.000000    4.328529   -0.328529 (VIOLATED)
_15969_/S                               4.000000    4.328154   -0.328154 (VIOLATED)
_15963_/S                               4.000000    4.328089   -0.328089 (VIOLATED)
_15962_/S                               4.000000    4.328083   -0.328083 (VIOLATED)
_15998_/S                               4.000000    4.328074   -0.328074 (VIOLATED)
_15996_/S                               4.000000    4.328068   -0.328068 (VIOLATED)
_15965_/S                               4.000000    4.328043   -0.328043 (VIOLATED)
_15964_/S                               4.000000    4.328022   -0.328023 (VIOLATED)
_15992_/S                               4.000000    4.327980   -0.327980 (VIOLATED)
_16001_/S                               4.000000    4.327947   -0.327947 (VIOLATED)
_15993_/S                               4.000000    4.327925   -0.327925 (VIOLATED)
_15994_/S                               4.000000    4.327900   -0.327900 (VIOLATED)
_15997_/S                               4.000000    4.327826   -0.327825 (VIOLATED)
_15968_/S                               4.000000    4.327792   -0.327792 (VIOLATED)
_16000_/S                               4.000000    4.327749   -0.327749 (VIOLATED)
_15995_/S                               4.000000    4.327741   -0.327741 (VIOLATED)
_15966_/S                               4.000000    4.327661   -0.327661 (VIOLATED)
_15967_/S                               4.000000    4.327568   -0.327568 (VIOLATED)
_15999_/S                               4.000000    4.327532   -0.327532 (VIOLATED)
_15954_/ZN                              4.000000    4.327381   -0.327381 (VIOLATED)
_18053_/A2                              4.000000    4.317674   -0.317673 (VIOLATED)
_18054_/A2                              4.000000    4.317674   -0.317673 (VIOLATED)
_18047_/A2                              4.000000    4.317673   -0.317673 (VIOLATED)
_18049_/A2                              4.000000    4.317669   -0.317669 (VIOLATED)
_18048_/A2                              4.000000    4.317666   -0.317665 (VIOLATED)
_18050_/A2                              4.000000    4.317664   -0.317664 (VIOLATED)
_18051_/A2                              4.000000    4.317661   -0.317661 (VIOLATED)
_18052_/A2                              4.000000    4.317661   -0.317661 (VIOLATED)
_18045_/A2                              4.000000    4.317652   -0.317652 (VIOLATED)
_18046_/A2                              4.000000    4.317650   -0.317650 (VIOLATED)
_18039_/A2                              4.000000    4.317647   -0.317647 (VIOLATED)
_18040_/A2                              4.000000    4.317644   -0.317644 (VIOLATED)
_18043_/A2                              4.000000    4.317634   -0.317633 (VIOLATED)
_18044_/A2                              4.000000    4.317626   -0.317626 (VIOLATED)
_18042_/A2                              4.000000    4.317624   -0.317624 (VIOLATED)
_18038_/ZN                              4.000000    4.317609   -0.317609 (VIOLATED)
_18041_/A2                              4.000000    4.317609   -0.317609 (VIOLATED)
_17640_/S                               4.000000    4.291704   -0.291704 (VIOLATED)
_17624_/S                               4.000000    4.291702   -0.291702 (VIOLATED)
_17622_/S                               4.000000    4.291683   -0.291683 (VIOLATED)
_17620_/S                               4.000000    4.291671   -0.291671 (VIOLATED)
_17619_/S                               4.000000    4.291649   -0.291649 (VIOLATED)
_17639_/S                               4.000000    4.291601   -0.291601 (VIOLATED)
_17623_/S                               4.000000    4.291587   -0.291587 (VIOLATED)
_17618_/S                               4.000000    4.291575   -0.291576 (VIOLATED)
_17621_/S                               4.000000    4.291543   -0.291544 (VIOLATED)
_17617_/S                               4.000000    4.291496   -0.291496 (VIOLATED)
_17638_/S                               4.000000    4.291351   -0.291351 (VIOLATED)
_17637_/S                               4.000000    4.291166   -0.291166 (VIOLATED)
_17636_/S                               4.000000    4.291075   -0.291075 (VIOLATED)
_17635_/S                               4.000000    4.290977   -0.290977 (VIOLATED)
_17616_/S                               4.000000    4.290465   -0.290465 (VIOLATED)
_17634_/S                               4.000000    4.290208   -0.290208 (VIOLATED)
_17633_/S                               4.000000    4.289839   -0.289839 (VIOLATED)
_17632_/S                               4.000000    4.289446   -0.289446 (VIOLATED)
_17631_/S                               4.000000    4.289385   -0.289385 (VIOLATED)
_17610_/S                               4.000000    4.289384   -0.289385 (VIOLATED)
_17609_/S                               4.000000    4.289377   -0.289377 (VIOLATED)
_17612_/S                               4.000000    4.289364   -0.289364 (VIOLATED)
_17611_/S                               4.000000    4.289340   -0.289340 (VIOLATED)
_17625_/S                               4.000000    4.289300   -0.289301 (VIOLATED)
_17629_/S                               4.000000    4.289271   -0.289271 (VIOLATED)
_17626_/S                               4.000000    4.289203   -0.289203 (VIOLATED)
_17627_/S                               4.000000    4.289168   -0.289168 (VIOLATED)
_17615_/S                               4.000000    4.289123   -0.289123 (VIOLATED)
_17628_/S                               4.000000    4.289122   -0.289122 (VIOLATED)
_17614_/S                               4.000000    4.289122   -0.289122 (VIOLATED)
_17613_/S                               4.000000    4.289118   -0.289119 (VIOLATED)
_17630_/S                               4.000000    4.289081   -0.289081 (VIOLATED)
_17608_/ZN                              4.000000    4.288932   -0.288932 (VIOLATED)
_17968_/I0                              4.000000    4.249349   -0.249349 (VIOLATED)
_18008_/I0                              4.000000    4.249281   -0.249281 (VIOLATED)
_17976_/I0                              4.000000    4.249053   -0.249052 (VIOLATED)
_15793_/I1                              4.000000    4.248956   -0.248956 (VIOLATED)
_17732_/I0                              4.000000    4.248928   -0.248928 (VIOLATED)
_17298_/A1                              4.000000    4.248785   -0.248785 (VIOLATED)
_09114_/I                               4.000000    4.248688   -0.248688 (VIOLATED)
_17677_/A1                              4.000000    4.248454   -0.248454 (VIOLATED)
_17678_/A1                              4.000000    4.248452   -0.248452 (VIOLATED)
_17680_/A2                              4.000000    4.248440   -0.248440 (VIOLATED)
_17720_/I0                              4.000000    4.248436   -0.248436 (VIOLATED)
_17740_/I0                              4.000000    4.248321   -0.248320 (VIOLATED)
_16703_/I0                              4.000000    4.248276   -0.248276 (VIOLATED)
_18080_/I0                              4.000000    4.248236   -0.248236 (VIOLATED)
_18016_/I0                              4.000000    4.247903   -0.247903 (VIOLATED)
_09692_/A1                              4.000000    4.247889   -0.247889 (VIOLATED)
_17654_/I0                              4.000000    4.247888   -0.247888 (VIOLATED)
_17646_/I0                              4.000000    4.247888   -0.247887 (VIOLATED)
_09694_/A1                              4.000000    4.247887   -0.247887 (VIOLATED)
hold58/Z                                4.000000    4.247850   -0.247851 (VIOLATED)
_10816_/B1                              4.000000    4.224981   -0.224981 (VIOLATED)
_10853_/C2                              4.000000    4.224980   -0.224980 (VIOLATED)
_10873_/B1                              4.000000    4.224977   -0.224977 (VIOLATED)
_10905_/B1                              4.000000    4.224975   -0.224975 (VIOLATED)
_10844_/A2                              4.000000    4.224961   -0.224961 (VIOLATED)
_10887_/B1                              4.000000    4.224960   -0.224960 (VIOLATED)
_10730_/B1                              4.000000    4.224952   -0.224952 (VIOLATED)
_10896_/A2                              4.000000    4.224939   -0.224939 (VIOLATED)
_10682_/B1                              4.000000    4.224919   -0.224919 (VIOLATED)
_10679_/B1                              4.000000    4.224916   -0.224916 (VIOLATED)
_10668_/B1                              4.000000    4.224912   -0.224912 (VIOLATED)
_10757_/B1                              4.000000    4.224902   -0.224902 (VIOLATED)
_10735_/A2                              4.000000    4.224900   -0.224900 (VIOLATED)
_10803_/A3                              4.000000    4.224900   -0.224900 (VIOLATED)
_10761_/B1                              4.000000    4.224899   -0.224899 (VIOLATED)
_10666_/ZN                              4.000000    4.224885   -0.224885 (VIOLATED)
_10808_/B1                              4.000000    4.224885   -0.224885 (VIOLATED)
_10823_/C1                              4.000000    4.224885   -0.224885 (VIOLATED)
_17552_/A2                              4.000000    4.224885   -0.224885 (VIOLATED)
_16806_/A2                              4.000000    4.214709   -0.214709 (VIOLATED)
_16796_/A2                              4.000000    4.214707   -0.214707 (VIOLATED)
_16786_/A2                              4.000000    4.214689   -0.214689 (VIOLATED)
_16218_/A2                              4.000000    4.214620   -0.214619 (VIOLATED)
_16221_/A1                              4.000000    4.214605   -0.214605 (VIOLATED)
_16791_/A2                              4.000000    4.214496   -0.214496 (VIOLATED)
_16215_/A2                              4.000000    4.214391   -0.214391 (VIOLATED)
_16781_/A2                              4.000000    4.214355   -0.214356 (VIOLATED)
_16226_/A1                              4.000000    4.214288   -0.214288 (VIOLATED)
_16261_/A2                              4.000000    4.214242   -0.214242 (VIOLATED)
_16281_/A2                              4.000000    4.214237   -0.214237 (VIOLATED)
_16266_/A2                              4.000000    4.214234   -0.214234 (VIOLATED)
_16267_/A1                              4.000000    4.214232   -0.214233 (VIOLATED)
_16846_/A2                              4.000000    4.214205   -0.214205 (VIOLATED)
_16269_/A2                              4.000000    4.214200   -0.214199 (VIOLATED)
_16272_/A1                              4.000000    4.214191   -0.214191 (VIOLATED)
_16801_/A2                              4.000000    4.214167   -0.214166 (VIOLATED)
_16237_/A1                              4.000000    4.214119   -0.214119 (VIOLATED)
_16835_/A2                              4.000000    4.214108   -0.214107 (VIOLATED)
_16246_/A2                              4.000000    4.214011   -0.214011 (VIOLATED)
_16841_/A1                              4.000000    4.213957   -0.213957 (VIOLATED)
_16830_/A2                              4.000000    4.213939   -0.213939 (VIOLATED)
_16820_/A2                              4.000000    4.213897   -0.213897 (VIOLATED)
_16811_/A2                              4.000000    4.213824   -0.213824 (VIOLATED)
_16812_/A1                              4.000000    4.213807   -0.213807 (VIOLATED)
_16231_/A1                              4.000000    4.213748   -0.213748 (VIOLATED)
_16241_/A2                              4.000000    4.213748   -0.213748 (VIOLATED)
_16201_/Z                               4.000000    4.213718   -0.213718 (VIOLATED)
_12585_/B                               4.000000    4.210167   -0.210167 (VIOLATED)
_12590_/A1                              4.000000    4.210163   -0.210163 (VIOLATED)
_12262_/B                               4.000000    4.210133   -0.210133 (VIOLATED)
_12220_/B                               4.000000    4.210133   -0.210132 (VIOLATED)
_12209_/B2                              4.000000    4.210119   -0.210119 (VIOLATED)
_12181_/B                               4.000000    4.210115   -0.210115 (VIOLATED)
_12199_/B                               4.000000    4.210106   -0.210107 (VIOLATED)
_12565_/B                               4.000000    4.209930   -0.209930 (VIOLATED)
_12096_/A1                              4.000000    4.209908   -0.209908 (VIOLATED)
_12139_/C                               4.000000    4.209899   -0.209899 (VIOLATED)
_12510_/A1                              4.000000    4.209886   -0.209885 (VIOLATED)
_12324_/A1                              4.000000    4.209870   -0.209870 (VIOLATED)
_12318_/B                               4.000000    4.209867   -0.209866 (VIOLATED)
_11987_/C                               4.000000    4.209861   -0.209861 (VIOLATED)
_12531_/C                               4.000000    4.209854   -0.209854 (VIOLATED)
_12541_/A1                              4.000000    4.209821   -0.209821 (VIOLATED)
_12024_/C                               4.000000    4.209805   -0.209805 (VIOLATED)
_11866_/B                               4.000000    4.209731   -0.209731 (VIOLATED)
_12007_/A1                              4.000000    4.209706   -0.209706 (VIOLATED)
_12006_/A1                              4.000000    4.209659   -0.209659 (VIOLATED)
_12488_/B                               4.000000    4.209618   -0.209618 (VIOLATED)
_12377_/B                               4.000000    4.209601   -0.209601 (VIOLATED)
_12041_/S                               4.000000    4.209472   -0.209472 (VIOLATED)
_12059_/S                               4.000000    4.209371   -0.209371 (VIOLATED)
_11857_/ZN                              4.000000    4.209254   -0.209254 (VIOLATED)
_10477_/A1                              4.000000    4.191250   -0.191250 (VIOLATED)
_10543_/A2                              4.000000    4.191128   -0.191128 (VIOLATED)
_10557_/A1                              4.000000    4.191125   -0.191125 (VIOLATED)
_17484_/A1                              4.000000    4.191031   -0.191031 (VIOLATED)
_17483_/A2                              4.000000    4.191026   -0.191026 (VIOLATED)
_10292_/A2                              4.000000    4.190472   -0.190472 (VIOLATED)
_10346_/A1                              4.000000    4.190418   -0.190418 (VIOLATED)
_17268_/A2                              4.000000    4.190393   -0.190393 (VIOLATED)
_10347_/A2                              4.000000    4.190373   -0.190373 (VIOLATED)
_17312_/A2                              4.000000    4.190341   -0.190341 (VIOLATED)
_10291_/C                               4.000000    4.190330   -0.190330 (VIOLATED)
_10175_/C                               4.000000    4.190320   -0.190320 (VIOLATED)
_17267_/C                               4.000000    4.190314   -0.190314 (VIOLATED)
_17246_/B                               4.000000    4.190298   -0.190298 (VIOLATED)
_10210_/A2                              4.000000    4.190282   -0.190282 (VIOLATED)
_10178_/A2                              4.000000    4.190282   -0.190282 (VIOLATED)
_17289_/C                               4.000000    4.190281   -0.190281 (VIOLATED)
_17247_/A2                              4.000000    4.190277   -0.190277 (VIOLATED)
_17332_/C                               4.000000    4.190275   -0.190275 (VIOLATED)
_10165_/ZN                              4.000000    4.190234   -0.190234 (VIOLATED)
_15108_/S                               4.000000    4.189233   -0.189233 (VIOLATED)
_15118_/A2                              4.000000    4.189073   -0.189073 (VIOLATED)
_15268_/S                               4.000000    4.188709   -0.188709 (VIOLATED)
_15062_/S                               4.000000    4.188649   -0.188649 (VIOLATED)
_15152_/S                               4.000000    4.188619   -0.188618 (VIOLATED)
_15367_/S                               4.000000    4.188443   -0.188443 (VIOLATED)
_15369_/S                               4.000000    4.188437   -0.188437 (VIOLATED)
_15371_/S                               4.000000    4.188437   -0.188437 (VIOLATED)
_15373_/S                               4.000000    4.188437   -0.188436 (VIOLATED)
_15370_/S                               4.000000    4.188400   -0.188400 (VIOLATED)
_15387_/S                               4.000000    4.188379   -0.188379 (VIOLATED)
_15403_/S                               4.000000    4.188256   -0.188256 (VIOLATED)
_15402_/S                               4.000000    4.188253   -0.188253 (VIOLATED)
_15404_/S                               4.000000    4.188251   -0.188251 (VIOLATED)
_15405_/S                               4.000000    4.188243   -0.188243 (VIOLATED)
_15407_/S                               4.000000    4.188231   -0.188232 (VIOLATED)
_15406_/S                               4.000000    4.188222   -0.188222 (VIOLATED)
_15400_/S                               4.000000    4.188200   -0.188200 (VIOLATED)
_15401_/S                               4.000000    4.188171   -0.188171 (VIOLATED)
_15388_/S                               4.000000    4.188139   -0.188139 (VIOLATED)
clone27/ZN                              4.000000    4.188016   -0.188016 (VIOLATED)
_10116_/A1                              4.000000    4.182714   -0.182714 (VIOLATED)
_10139_/A1                              4.000000    4.182714   -0.182714 (VIOLATED)
_10087_/A1                              4.000000    4.182712   -0.182712 (VIOLATED)
_10154_/A1                              4.000000    4.182708   -0.182708 (VIOLATED)
_09670_/A1                              4.000000    4.182649   -0.182649 (VIOLATED)
_10039_/C                               4.000000    4.182649   -0.182649 (VIOLATED)
_09666_/A1                              4.000000    4.182638   -0.182637 (VIOLATED)
_09663_/ZN                              4.000000    4.182624   -0.182624 (VIOLATED)
_10247_/A2                              4.000000    4.179002   -0.179002 (VIOLATED)
_10193_/A2                              4.000000    4.178997   -0.178997 (VIOLATED)
_10274_/A2                              4.000000    4.178994   -0.178994 (VIOLATED)
_10460_/A2                              4.000000    4.178990   -0.178990 (VIOLATED)
_10411_/A2                              4.000000    4.178988   -0.178988 (VIOLATED)
_10328_/A2                              4.000000    4.178985   -0.178985 (VIOLATED)
_10218_/A2                              4.000000    4.178972   -0.178972 (VIOLATED)
_10435_/A2                              4.000000    4.178966   -0.178966 (VIOLATED)
_10539_/A2                              4.000000    4.178943   -0.178943 (VIOLATED)
_10486_/A2                              4.000000    4.178940   -0.178940 (VIOLATED)
_10564_/A2                              4.000000    4.178936   -0.178936 (VIOLATED)
_10385_/A2                              4.000000    4.178933   -0.178933 (VIOLATED)
_10513_/A2                              4.000000    4.178933   -0.178933 (VIOLATED)
_10301_/A2                              4.000000    4.178913   -0.178913 (VIOLATED)
_10355_/A2                              4.000000    4.178898   -0.178898 (VIOLATED)
_10590_/A2                              4.000000    4.178849   -0.178849 (VIOLATED)
_10190_/ZN                              4.000000    4.178797   -0.178797 (VIOLATED)
_10566_/A2                              4.000000    4.156265   -0.156265 (VIOLATED)
_10565_/C                               4.000000    4.156262   -0.156263 (VIOLATED)
_10275_/C                               4.000000    4.156249   -0.156249 (VIOLATED)
_10276_/A2                              4.000000    4.156248   -0.156247 (VIOLATED)
_10513_/C                               4.000000    4.156247   -0.156247 (VIOLATED)
_10514_/A2                              4.000000    4.156227   -0.156227 (VIOLATED)
_10539_/C                               4.000000    4.156217   -0.156217 (VIOLATED)
_10461_/C                               4.000000    4.156215   -0.156215 (VIOLATED)
_10462_/A2                              4.000000    4.156214   -0.156214 (VIOLATED)
_10540_/A2                              4.000000    4.156213   -0.156213 (VIOLATED)
_10249_/A2                              4.000000    4.156212   -0.156212 (VIOLATED)
_10248_/C                               4.000000    4.156211   -0.156211 (VIOLATED)
_10488_/A2                              4.000000    4.156198   -0.156198 (VIOLATED)
_10437_/A2                              4.000000    4.156198   -0.156198 (VIOLATED)
_10194_/A2                              4.000000    4.156196   -0.156196 (VIOLATED)
_10193_/C                               4.000000    4.156193   -0.156193 (VIOLATED)
_10436_/C                               4.000000    4.156191   -0.156192 (VIOLATED)
_10411_/C                               4.000000    4.156156   -0.156156 (VIOLATED)
_10487_/C                               4.000000    4.156152   -0.156152 (VIOLATED)
_10329_/A2                              4.000000    4.156141   -0.156141 (VIOLATED)
_10328_/C                               4.000000    4.156137   -0.156136 (VIOLATED)
_10412_/A2                              4.000000    4.156106   -0.156106 (VIOLATED)
_10302_/A2                              4.000000    4.156065   -0.156064 (VIOLATED)
_10221_/A2                              4.000000    4.156031   -0.156031 (VIOLATED)
_10220_/C                               4.000000    4.156024   -0.156024 (VIOLATED)
_10301_/C                               4.000000    4.155992   -0.155992 (VIOLATED)
_10385_/C                               4.000000    4.155921   -0.155921 (VIOLATED)
_10386_/A2                              4.000000    4.155916   -0.155916 (VIOLATED)
_10356_/C                               4.000000    4.155878   -0.155878 (VIOLATED)
_10357_/A2                              4.000000    4.155871   -0.155871 (VIOLATED)
_10591_/C                               4.000000    4.155633   -0.155633 (VIOLATED)
_10592_/A2                              4.000000    4.155546   -0.155546 (VIOLATED)
_10191_/ZN                              4.000000    4.155012   -0.155012 (VIOLATED)
_10876_/A2                              4.000000    4.133618   -0.133618 (VIOLATED)
_10817_/C1                              4.000000    4.133616   -0.133616 (VIOLATED)
_10904_/B1                              4.000000    4.133613   -0.133613 (VIOLATED)
_10730_/A2                              4.000000    4.133610   -0.133610 (VIOLATED)
_10855_/A2                              4.000000    4.133610   -0.133610 (VIOLATED)
_10886_/A2                              4.000000    4.133607   -0.133607 (VIOLATED)
_10843_/A2                              4.000000    4.133606   -0.133606 (VIOLATED)
_10811_/B1                              4.000000    4.133605   -0.133605 (VIOLATED)
_10823_/A2                              4.000000    4.133603   -0.133602 (VIOLATED)
_10895_/A2                              4.000000    4.133603   -0.133602 (VIOLATED)
_10657_/ZN                              4.000000    4.133590   -0.133590 (VIOLATED)
_10669_/C1                              4.000000    4.133590   -0.133590 (VIOLATED)
_10684_/A2                              4.000000    4.133590   -0.133590 (VIOLATED)
_10705_/A2                              4.000000    4.133590   -0.133590 (VIOLATED)
_10740_/A2                              4.000000    4.133590   -0.133590 (VIOLATED)
_10755_/B2                              4.000000    4.133590   -0.133590 (VIOLATED)
_10778_/C                               4.000000    4.133590   -0.133590 (VIOLATED)
_10798_/B1                              4.000000    4.133590   -0.133590 (VIOLATED)
_10812_/A2                              4.000000    4.133590   -0.133590 (VIOLATED)
_10515_/A2                              4.000000    4.083894   -0.083894 (VIOLATED)
_10541_/A2                              4.000000    4.083891   -0.083892 (VIOLATED)
_10567_/A2                              4.000000    4.083889   -0.083889 (VIOLATED)
_10489_/A2                              4.000000    4.083885   -0.083885 (VIOLATED)
_10593_/A2                              4.000000    4.083873   -0.083873 (VIOLATED)
_10303_/A2                              4.000000    4.083848   -0.083848 (VIOLATED)
_10387_/A2                              4.000000    4.083840   -0.083840 (VIOLATED)
_10463_/A2                              4.000000    4.083824   -0.083824 (VIOLATED)
_10277_/A2                              4.000000    4.083801   -0.083801 (VIOLATED)
_10438_/A2                              4.000000    4.083792   -0.083792 (VIOLATED)
_10413_/A2                              4.000000    4.083774   -0.083774 (VIOLATED)
_10222_/A2                              4.000000    4.083753   -0.083753 (VIOLATED)
_10250_/A2                              4.000000    4.083748   -0.083749 (VIOLATED)
_10358_/A2                              4.000000    4.083748   -0.083748 (VIOLATED)
_10195_/A2                              4.000000    4.083748   -0.083748 (VIOLATED)
_09467_/A1                              4.000000    4.083746   -0.083746 (VIOLATED)
_10330_/A2                              4.000000    4.083746   -0.083746 (VIOLATED)
_09468_/A3                              4.000000    4.083745   -0.083745 (VIOLATED)
_09469_/A3                              4.000000    4.083743   -0.083743 (VIOLATED)
_09461_/ZN                              4.000000    4.083728   -0.083728 (VIOLATED)
_09745_/A3                              4.000000    4.083728   -0.083728 (VIOLATED)
_09953_/B                               4.000000    4.083728   -0.083728 (VIOLATED)
_17966_/I0                              4.000000    4.074697   -0.074698 (VIOLATED)
_18006_/I0                              4.000000    4.074670   -0.074670 (VIOLATED)
_17974_/I0                              4.000000    4.074652   -0.074652 (VIOLATED)
_15791_/I1                              4.000000    4.074409   -0.074408 (VIOLATED)
_17255_/A1                              4.000000    4.074371   -0.074371 (VIOLATED)
_18078_/I0                              4.000000    4.074112   -0.074112 (VIOLATED)
_17738_/I0                              4.000000    4.074110   -0.074110 (VIOLATED)
_16686_/I0                              4.000000    4.074106   -0.074106 (VIOLATED)
_17730_/I0                              4.000000    4.073852   -0.073852 (VIOLATED)
_17718_/I0                              4.000000    4.073659   -0.073659 (VIOLATED)
_17668_/A2                              4.000000    4.073637   -0.073637 (VIOLATED)
_17665_/B                               4.000000    4.073624   -0.073624 (VIOLATED)
_09116_/I                               4.000000    4.073617   -0.073617 (VIOLATED)
_17644_/I0                              4.000000    4.073577   -0.073577 (VIOLATED)
_17652_/I0                              4.000000    4.073573   -0.073573 (VIOLATED)
_09806_/A1                              4.000000    4.073502   -0.073502 (VIOLATED)
_09699_/A1                              4.000000    4.073485   -0.073485 (VIOLATED)
_09730_/A1                              4.000000    4.073484   -0.073484 (VIOLATED)
_09695_/A1                              4.000000    4.073472   -0.073472 (VIOLATED)
_09748_/A1                              4.000000    4.073440   -0.073439 (VIOLATED)
_18014_/I0                              4.000000    4.073440   -0.073439 (VIOLATED)
hold57/Z                                4.000000    4.073440   -0.073439 (VIOLATED)
_10906_/B1                              4.000000    4.046750   -0.046750 (VIOLATED)
_10874_/A2                              4.000000    4.046746   -0.046746 (VIOLATED)
_10816_/C2                              4.000000    4.046743   -0.046743 (VIOLATED)
_10854_/B1                              4.000000    4.046735   -0.046736 (VIOLATED)
_10809_/B1                              4.000000    4.046732   -0.046732 (VIOLATED)
_10822_/C2                              4.000000    4.046721   -0.046721 (VIOLATED)
_10886_/B1                              4.000000    4.046721   -0.046720 (VIOLATED)
_10844_/B1                              4.000000    4.046720   -0.046720 (VIOLATED)
_10730_/C2                              4.000000    4.046718   -0.046718 (VIOLATED)
_10896_/B1                              4.000000    4.046718   -0.046718 (VIOLATED)
_10686_/B1                              4.000000    4.046713   -0.046713 (VIOLATED)
_10798_/C2                              4.000000    4.046713   -0.046713 (VIOLATED)
_10705_/C1                              4.000000    4.046712   -0.046712 (VIOLATED)
_10670_/C1                              4.000000    4.046711   -0.046711 (VIOLATED)
_10667_/ZN                              4.000000    4.046697   -0.046697 (VIOLATED)
_10735_/B1                              4.000000    4.046697   -0.046697 (VIOLATED)
_10755_/A2                              4.000000    4.046697   -0.046697 (VIOLATED)
_10762_/B1                              4.000000    4.046697   -0.046697 (VIOLATED)
_17215_/A1                              4.000000    4.035846   -0.035846 (VIOLATED)
_17219_/A1                              4.000000    4.035840   -0.035840 (VIOLATED)
_17211_/A1                              4.000000    4.035818   -0.035818 (VIOLATED)
_10226_/A1                              4.000000    4.035776   -0.035776 (VIOLATED)
_10235_/A1                              4.000000    4.035768   -0.035768 (VIOLATED)
_10262_/A1                              4.000000    4.035587   -0.035587 (VIOLATED)
_10258_/A1                              4.000000    4.035576   -0.035576 (VIOLATED)
_10491_/A1                              4.000000    4.035360   -0.035360 (VIOLATED)
_10499_/A1                              4.000000    4.035356   -0.035356 (VIOLATED)
_10284_/A1                              4.000000    4.035347   -0.035347 (VIOLATED)
_10521_/A1                              4.000000    4.035347   -0.035347 (VIOLATED)
_10517_/A1                              4.000000    4.035344   -0.035344 (VIOLATED)
_10553_/A1                              4.000000    4.035341   -0.035341 (VIOLATED)
_10548_/A1                              4.000000    4.035338   -0.035338 (VIOLATED)
_10544_/A1                              4.000000    4.035318   -0.035318 (VIOLATED)
_10495_/A1                              4.000000    4.035295   -0.035295 (VIOLATED)
_10280_/A1                              4.000000    4.035293   -0.035293 (VIOLATED)
_10525_/A1                              4.000000    4.035289   -0.035289 (VIOLATED)
_10315_/A1                              4.000000    4.035207   -0.035207 (VIOLATED)
_10307_/A1                              4.000000    4.035151   -0.035151 (VIOLATED)
clone55/ZN                              4.000000    4.035040   -0.035040 (VIOLATED)
_11603_/A2                              4.000000    4.032510   -0.032510 (VIOLATED)
_11618_/A1                              4.000000    4.032500   -0.032500 (VIOLATED)
_11670_/A2                              4.000000    4.032490   -0.032490 (VIOLATED)
_11671_/A1                              4.000000    4.032471   -0.032471 (VIOLATED)
_11672_/A2                              4.000000    4.032439   -0.032439 (VIOLATED)
_11655_/A1                              4.000000    4.032432   -0.032431 (VIOLATED)
_11638_/A2                              4.000000    4.032428   -0.032428 (VIOLATED)
_11689_/A1                              4.000000    4.032411   -0.032411 (VIOLATED)
_11707_/A1                              4.000000    4.032351   -0.032351 (VIOLATED)
_11706_/A2                              4.000000    4.032350   -0.032350 (VIOLATED)
_11619_/A2                              4.000000    4.032249   -0.032249 (VIOLATED)
_11637_/A1                              4.000000    4.032123   -0.032123 (VIOLATED)
_11602_/A1                              4.000000    4.031992   -0.031992 (VIOLATED)
_11601_/A2                              4.000000    4.031983   -0.031983 (VIOLATED)
_11979_/A1                              4.000000    4.030584   -0.030584 (VIOLATED)
_11998_/B                               4.000000    4.030581   -0.030581 (VIOLATED)
_12296_/A1                              4.000000    4.030580   -0.030580 (VIOLATED)
_12016_/B                               4.000000    4.030580   -0.030580 (VIOLATED)
_12314_/A1                              4.000000    4.030575   -0.030575 (VIOLATED)
_12330_/B                               4.000000    4.030570   -0.030569 (VIOLATED)
_12229_/A1                              4.000000    4.030466   -0.030465 (VIOLATED)
_12228_/A1                              4.000000    4.030458   -0.030458 (VIOLATED)
_12175_/B                               4.000000    4.030457   -0.030457 (VIOLATED)
_12150_/A1                              4.000000    4.030455   -0.030455 (VIOLATED)
_12386_/A1                              4.000000    4.030442   -0.030442 (VIOLATED)
_12387_/A1                              4.000000    4.030437   -0.030437 (VIOLATED)
_12579_/B                               4.000000    4.030392   -0.030392 (VIOLATED)
_12042_/A1                              4.000000    4.030378   -0.030378 (VIOLATED)
_12043_/A1                              4.000000    4.030378   -0.030378 (VIOLATED)
_12561_/A1                              4.000000    4.030375   -0.030374 (VIOLATED)
_12416_/A1                              4.000000    4.030354   -0.030354 (VIOLATED)
_12537_/B                               4.000000    4.030335   -0.030335 (VIOLATED)
_12081_/A1                              4.000000    4.030329   -0.030329 (VIOLATED)
_12521_/A1                              4.000000    4.030313   -0.030314 (VIOLATED)
_12495_/A1                              4.000000    4.030265   -0.030266 (VIOLATED)
_12484_/A1                              4.000000    4.030249   -0.030249 (VIOLATED)
_11852_/A1                              4.000000    4.030065   -0.030065 (VIOLATED)
_09458_/Z                               4.000000    4.030031   -0.030031 (VIOLATED)
_11725_/A2                              4.000000    4.029942   -0.029942 (VIOLATED)
_11739_/A2                              4.000000    4.029884   -0.029885 (VIOLATED)
_11753_/A2                              4.000000    4.029664   -0.029664 (VIOLATED)
_11767_/A2                              4.000000    4.029244   -0.029244 (VIOLATED)
_11781_/A2                              4.000000    4.028986   -0.028986 (VIOLATED)
_11796_/A2                              4.000000    4.028737   -0.028737 (VIOLATED)
_11810_/A2                              4.000000    4.028539   -0.028539 (VIOLATED)
_11842_/A2                              4.000000    4.028160   -0.028160 (VIOLATED)
_11824_/A2                              4.000000    4.028158   -0.028158 (VIOLATED)
_12294_/A2                              4.000000    4.028123   -0.028123 (VIOLATED)
_12310_/B                               4.000000    4.028112   -0.028112 (VIOLATED)
_12328_/B                               4.000000    4.028103   -0.028103 (VIOLATED)
_12012_/B                               4.000000    4.028053   -0.028053 (VIOLATED)
_11977_/A2                              4.000000    4.028049   -0.028049 (VIOLATED)
_11586_/ZN                              4.000000    4.028025   -0.028025 (VIOLATED)
_11587_/A2                              4.000000    4.028025   -0.028025 (VIOLATED)
_11994_/B                               4.000000    4.027989   -0.027990 (VIOLATED)
_12371_/A1                              4.000000    4.027542   -0.027542 (VIOLATED)
_12394_/A1                              4.000000    4.027158   -0.027158 (VIOLATED)
_12069_/B                               4.000000    4.027031   -0.027031 (VIOLATED)
_12050_/A1                              4.000000    4.027027   -0.027027 (VIOLATED)
_12435_/B                               4.000000    4.027027   -0.027027 (VIOLATED)
_12414_/B                               4.000000    4.026923   -0.026922 (VIOLATED)
_12481_/B                               4.000000    4.026173   -0.026173 (VIOLATED)
_12458_/A1                              4.000000    4.026170   -0.026170 (VIOLATED)
_12088_/A1                              4.000000    4.025909   -0.025909 (VIOLATED)
_12129_/B                               4.000000    4.025841   -0.025841 (VIOLATED)
_12109_/B                               4.000000    4.025809   -0.025809 (VIOLATED)
_16259_/A1                              4.000000    4.025600   -0.025600 (VIOLATED)
_16157_/A2                              4.000000    4.025585   -0.025585 (VIOLATED)
_16844_/A1                              4.000000    4.025569   -0.025569 (VIOLATED)
_16151_/A2                              4.000000    4.025443   -0.025443 (VIOLATED)
_16750_/A2                              4.000000    4.025422   -0.025422 (VIOLATED)
_16833_/A1                              4.000000    4.025410   -0.025410 (VIOLATED)
_12517_/B                               4.000000    4.025365   -0.025365 (VIOLATED)
_16828_/A1                              4.000000    4.025254   -0.025254 (VIOLATED)
_16744_/A2                              4.000000    4.025142   -0.025142 (VIOLATED)
_16145_/A2                              4.000000    4.025076   -0.025076 (VIOLATED)
_16789_/A1                              4.000000    4.024780   -0.024780 (VIOLATED)
_16204_/A1                              4.000000    4.024776   -0.024776 (VIOLATED)
_16725_/A2                              4.000000    4.024776   -0.024776 (VIOLATED)
_16779_/A1                              4.000000    4.024773   -0.024773 (VIOLATED)
_16107_/A2                              4.000000    4.024771   -0.024771 (VIOLATED)
_16688_/A2                              4.000000    4.024764   -0.024764 (VIOLATED)
_16784_/A1                              4.000000    4.024737   -0.024737 (VIOLATED)
_16794_/A1                              4.000000    4.024737   -0.024737 (VIOLATED)
_16799_/A1                              4.000000    4.024736   -0.024736 (VIOLATED)
_16710_/A2                              4.000000    4.024731   -0.024731 (VIOLATED)
_16697_/A2                              4.000000    4.024722   -0.024722 (VIOLATED)
_16123_/A2                              4.000000    4.024714   -0.024714 (VIOLATED)
_16680_/A2                              4.000000    4.024708   -0.024708 (VIOLATED)
_16244_/A1                              4.000000    4.024670   -0.024670 (VIOLATED)
_12554_/A1                              4.000000    4.024662   -0.024662 (VIOLATED)
_16137_/A2                              4.000000    4.024659   -0.024659 (VIOLATED)
_16228_/A1                              4.000000    4.024644   -0.024644 (VIOLATED)
_12558_/B                               4.000000    4.024616   -0.024616 (VIOLATED)
clone75/ZN                              4.000000    4.024594   -0.024594 (VIOLATED)
_12576_/B                               4.000000    4.024519   -0.024519 (VIOLATED)
_12171_/B                               4.000000    4.024016   -0.024016 (VIOLATED)
_12167_/A1                              4.000000    4.024003   -0.024003 (VIOLATED)
_12232_/B                               4.000000    4.023902   -0.023902 (VIOLATED)
_12194_/A1                              4.000000    4.023816   -0.023816 (VIOLATED)
_12273_/B                               4.000000    4.023728   -0.023729 (VIOLATED)
_12238_/A1                              4.000000    4.023706   -0.023706 (VIOLATED)
_11976_/ZN                              4.000000    4.023686   -0.023686 (VIOLATED)

max capacitance

Pin                                        Limit         Cap       Slack
------------------------------------------------------------------------
_15424_/ZN                              0.381400    1.208299   -0.826899 (VIOLATED)
clone3/ZN                               0.377200    1.037787   -0.660587 (VIOLATED)
_11319_/Z                               0.361900    0.998437   -0.636537 (VIOLATED)
_10989_/Z                               0.361600    0.931476   -0.569876 (VIOLATED)
_11058_/ZN                              0.189600    0.728097   -0.538497 (VIOLATED)
_11318_/ZN                              0.189600    0.722266   -0.532666 (VIOLATED)
_11853_/ZN                              0.254700    0.781392   -0.526692 (VIOLATED)
clone1/ZN                               0.378100    0.903136   -0.525036 (VIOLATED)
_11317_/ZN                              0.189800    0.672691   -0.482891 (VIOLATED)
_09556_/ZN                              0.189600    0.667291   -0.477691 (VIOLATED)
clone2/ZN                               0.189800    0.649473   -0.459673 (VIOLATED)
clone49/ZN                              0.189600    0.643775   -0.454175 (VIOLATED)
_11314_/ZN                              0.189800    0.635338   -0.445538 (VIOLATED)
_11852_/ZN                              0.746700    1.188564   -0.441864 (VIOLATED)
clone39/ZN                              0.189800    0.626858   -0.437058 (VIOLATED)
_12599_/ZN                              0.189600    0.625114   -0.435514 (VIOLATED)
_20015_/Q                               0.725300    1.155009   -0.429709 (VIOLATED)
_11323_/ZN                              0.311700    0.738835   -0.427135 (VIOLATED)
_11851_/ZN                              0.254700    0.674586   -0.419885 (VIOLATED)
_10157_/ZN                              0.189600    0.575877   -0.386277 (VIOLATED)
_10164_/ZN                              0.189600    0.574072   -0.384472 (VIOLATED)
_10166_/ZN                              0.189600    0.570970   -0.381370 (VIOLATED)
_11322_/ZN                              0.189600    0.568281   -0.378681 (VIOLATED)
clone76/ZN                              0.378100    0.747992   -0.369892 (VIOLATED)
_09481_/ZN                              0.626400    0.939979   -0.313579 (VIOLATED)
_12953_/ZN                              0.381400    0.686419   -0.305019 (VIOLATED)
_11310_/ZN                              0.311700    0.609221   -0.297521 (VIOLATED)
clone11/ZN                              0.344200    0.635349   -0.291149 (VIOLATED)
_11313_/ZN                              0.189900    0.469451   -0.279551 (VIOLATED)
clone6/ZN                               0.189600    0.463751   -0.274151 (VIOLATED)
clone53/ZN                              0.189600    0.462994   -0.273394 (VIOLATED)
clone56/ZN                              0.189600    0.460588   -0.270988 (VIOLATED)
clone4/ZN                               0.189600    0.460292   -0.270692 (VIOLATED)
_09495_/ZN                              0.189600    0.453682   -0.264082 (VIOLATED)
clone14/ZN                              0.311700    0.571241   -0.259541 (VIOLATED)
clone18/ZN                              0.189600    0.438552   -0.248952 (VIOLATED)
_12954_/ZN                              0.311700    0.546858   -0.235158 (VIOLATED)
clone16/ZN                              0.189600    0.423272   -0.233672 (VIOLATED)
clone5/ZN                               0.189800    0.419901   -0.230101 (VIOLATED)
clone19/ZN                              0.189600    0.410425   -0.220825 (VIOLATED)
_18231_/ZN                              0.128800    0.345553   -0.216753 (VIOLATED)
_16331_/ZN                              0.626400    0.837379   -0.210979 (VIOLATED)
_11315_/ZN                              0.189600    0.396178   -0.206578 (VIOLATED)
clone17/ZN                              0.377200    0.577846   -0.200646 (VIOLATED)
_10177_/ZN                              0.274600    0.474824   -0.200224 (VIOLATED)
clone33/ZN                              0.189600    0.375448   -0.185848 (VIOLATED)
_09676_/ZN                              0.095460    0.280224   -0.184764 (VIOLATED)
_20017_/Q                               0.362800    0.547089   -0.184289 (VIOLATED)
_10921_/ZN                              0.189600    0.372506   -0.182906 (VIOLATED)
_13254_/ZN                              0.311700    0.480830   -0.169130 (VIOLATED)
_09842_/ZN                              0.311700    0.477266   -0.165566 (VIOLATED)
_15732_/ZN                              0.128800    0.285966   -0.157166 (VIOLATED)
clone35/ZN                              0.189600    0.331323   -0.141723 (VIOLATED)
_09480_/Z                               0.361600    0.501133   -0.139533 (VIOLATED)
clone31/ZN                              0.189900    0.328690   -0.138790 (VIOLATED)
_10179_/ZN                              0.189600    0.325417   -0.135817 (VIOLATED)
_12946_/ZN                              0.189600    0.320848   -0.131248 (VIOLATED)
clone7/ZN                               0.189600    0.312016   -0.122416 (VIOLATED)
clone36/ZN                              0.189600    0.310222   -0.120622 (VIOLATED)
clone30/ZN                              0.381400    0.501017   -0.119617 (VIOLATED)
clone40/ZN                              0.189600    0.307847   -0.118247 (VIOLATED)
_10180_/ZN                              0.311700    0.426254   -0.114554 (VIOLATED)
_10599_/ZN                              0.189600    0.304082   -0.114482 (VIOLATED)
_12600_/ZN                              0.311700    0.419030   -0.107330 (VIOLATED)
clone54/ZN                              0.189600    0.296302   -0.106702 (VIOLATED)
_12596_/ZN                              0.311700    0.416430   -0.104730 (VIOLATED)
_09619_/ZN                              0.311700    0.415142   -0.103442 (VIOLATED)
_11309_/ZN                              0.381400    0.475618   -0.094218 (VIOLATED)
_12952_/ZN                              0.344200    0.426466   -0.082266 (VIOLATED)
_10176_/ZN                              0.189600    0.271691   -0.082091 (VIOLATED)
_12723_/ZN                              0.311700    0.393525   -0.081825 (VIOLATED)
_09324_/ZN                              0.344200    0.424514   -0.080314 (VIOLATED)
_11845_/ZN                              0.311700    0.391223   -0.079523 (VIOLATED)
_11907_/ZN                              0.126800    0.198630   -0.071830 (VIOLATED)
_09956_/ZN                              0.189900    0.261643   -0.071743 (VIOLATED)
_10945_/ZN                              0.274600    0.344981   -0.070381 (VIOLATED)
_11306_/ZN                              0.311700    0.379563   -0.067863 (VIOLATED)
_15958_/ZN                              0.381400    0.447753   -0.066353 (VIOLATED)
_10024_/ZN                              0.189600    0.254923   -0.065323 (VIOLATED)
_15954_/ZN                              0.381400    0.444122   -0.062722 (VIOLATED)
_17608_/ZN                              0.381400    0.441330   -0.059930 (VIOLATED)
_10609_/ZN                              0.189600    0.249465   -0.059865 (VIOLATED)
_10090_/ZN                              0.189600    0.248312   -0.058712 (VIOLATED)
clone37/ZN                              0.189600    0.248019   -0.058419 (VIOLATED)
_09937_/ZN                              0.274600    0.332674   -0.058074 (VIOLATED)
_16067_/ZN                              0.274600    0.327865   -0.053265 (VIOLATED)
_11857_/ZN                              0.381400    0.431781   -0.050381 (VIOLATED)
_12278_/ZN                              0.311700    0.361381   -0.049681 (VIOLATED)
clone26/ZN                              0.254700    0.299658   -0.044958 (VIOLATED)
_11316_/ZN                              0.189600    0.234148   -0.044548 (VIOLATED)
_20014_/Q                               1.449000    1.492423   -0.043423 (VIOLATED)
clone27/ZN                              0.377200    0.416266   -0.039066 (VIOLATED)
_10165_/ZN                              0.311700    0.347928   -0.036228 (VIOLATED)
hold58/Z                                0.361800    0.397834   -0.036034 (VIOLATED)
_10191_/ZN                              0.311700    0.346709   -0.035009 (VIOLATED)
_11854_/ZN                              0.759000    0.792582   -0.033582 (VIOLATED)
_16201_/Z                               0.361600    0.393786   -0.032186 (VIOLATED)
_17341_/ZN                              0.126800    0.157112   -0.030312 (VIOLATED)
clone75/ZN                              0.381400    0.411517   -0.030117 (VIOLATED)
_10666_/ZN                              0.189600    0.215045   -0.025445 (VIOLATED)
_11586_/ZN                              0.311700    0.335805   -0.024105 (VIOLATED)
_11976_/ZN                              0.311700    0.335512   -0.023812 (VIOLATED)
_10190_/ZN                              0.189600    0.212831   -0.023231 (VIOLATED)
_10657_/ZN                              0.189600    0.210235   -0.020635 (VIOLATED)
hold57/Z                                0.361800    0.381149   -0.019349 (VIOLATED)
_18038_/ZN                              0.128800    0.148136   -0.019336 (VIOLATED)
clone55/ZN                              0.344200    0.362623   -0.018423 (VIOLATED)
_09461_/ZN                              0.189600    0.207737   -0.018137 (VIOLATED)
_10667_/ZN                              0.189600    0.205737   -0.016137 (VIOLATED)
_09458_/Z                               0.361900    0.377064   -0.015164 (VIOLATED)
_09663_/ZN                              0.128800    0.143689   -0.014889 (VIOLATED)
hold60/Z                                0.361800    0.372479   -0.010679 (VIOLATED)
hold63/Z                                0.361800    0.370649   -0.008849 (VIOLATED)
_16294_/ZN                              0.705800    0.713323   -0.007523 (VIOLATED)
_10664_/ZN                              0.189600    0.196850   -0.007250 (VIOLATED)
_10928_/ZN                              0.311700    0.317914   -0.006214 (VIOLATED)
_10659_/ZN                              0.189600    0.195162   -0.005562 (VIOLATED)
_11891_/ZN                              0.128800    0.132547   -0.003747 (VIOLATED)
hold62/Z                                0.361800    0.365108   -0.003308 (VIOLATED)
clone34/ZN                              0.191700    0.194837   -0.003137 (VIOLATED)
_09587_/ZN                              0.189600    0.192698   -0.003098 (VIOLATED)
_10192_/ZN                              0.189600    0.191914   -0.002314 (VIOLATED)
_18152_/ZN                              0.126700    0.128758   -0.002058 (VIOLATED)
_14584_/ZN                              0.229000    0.230645   -0.001645 (VIOLATED)
_10655_/ZN                              0.189600    0.190733   -0.001133 (VIOLATED)
_14497_/ZN                              0.311700    0.311951   -0.000251 (VIOLATED)



===========================================================================
report_parasitic_annotation -report_unannotated
============================================================================
Found 98 unannotated drivers.
 din_ready_o_IN
 dout_IN[0]
 dout_IN[1]
 dout_IN[2]
 dout_IN[3]
 dout_IN[4]
 dout_IN[5]
 dout_IN[6]
 dout_IN[7]
 dout_valid_o_IN
 clkload0/ZN
 clkload1/ZN
 clkload10/ZN
 clkload11/ZN
 clkload12/Z
 clkload13/Z
 clkload14/ZN
 clkload15/ZN
 clkload16/Z
 clkload17/Z
 clkload18/ZN
 clkload19/Z
 clkload2/ZN
 clkload20/ZN
 clkload21/ZN
 clkload22/ZN
 clkload23/ZN
 clkload24/ZN
 clkload25/ZN
 clkload26/ZN
 clkload27/ZN
 clkload28/ZN
 clkload29/Z
 clkload3/ZN
 clkload30/ZN
 clkload31/ZN
 clkload32/ZN
 clkload33/ZN
 clkload34/Z
 clkload35/ZN
 clkload36/Z
 clkload37/ZN
 clkload38/ZN
 clkload39/ZN
 clkload4/ZN
 clkload40/ZN
 clkload41/ZN
 clkload42/ZN
 clkload43/Z
 clkload44/Z
 clkload45/ZN
 clkload46/Z
 clkload47/Z
 clkload48/Z
 clkload49/ZN
 clkload5/Z
 clkload50/ZN
 clkload51/ZN
 clkload52/ZN
 clkload53/Z
 clkload54/ZN
 clkload55/ZN
 clkload56/ZN
 clkload57/ZN
 clkload58/ZN
 clkload59/ZN
 clkload6/ZN
 clkload60/ZN
 clkload61/ZN
 clkload62/ZN
 clkload63/ZN
 clkload64/ZN
 clkload65/ZN
 clkload66/ZN
 clkload67/ZN
 clkload68/ZN
 clkload69/ZN
 clkload7/ZN
 clkload70/ZN
 clkload71/ZN
 clkload72/ZN
 clkload73/ZN
 clkload74/ZN
 clkload75/ZN
 clkload76/ZN
 clkload77/ZN
 clkload78/Z
 clkload79/ZN
 clkload8/Z
 clkload80/ZN
 clkload81/ZN
 clkload82/ZN
 clkload83/ZN
 clkload84/ZN
 clkload85/ZN
 clkload86/ZN
 clkload87/ZN
 clkload9/ZN
Found 0 partially unannotated drivers.

===========================================================================
max slew violation count 3460
max fanout violation count 0
max cap violation count 126
============================================================================

===========================================================================
check_setup -verbose -unconstrained_endpoints -multiple_clock -no_clock -no_input_delay -loops -generated_clocks
===========================================================================
Warning: There are 10 input ports missing set_input_delay.
  din_ready_o_IN
  dout_IN[0]
  dout_IN[1]
  dout_IN[2]
  dout_IN[3]
  dout_IN[4]
  dout_IN[5]
  dout_IN[6]
  dout_IN[7]
  dout_valid_o_IN
