net,length_um
u_transform_scheduler_core.u_fft_scratch_sram.u_hi.macro_q\[3\],1.77586mm
u_transform_scheduler_core.u_fft_scratch_sram.u_hi.macro_q\[2\],1.75499mm
u_transform_scheduler_core.u_fft_scratch_sram.u_hi.macro_q\[5\],1.66575mm
u_transform_scheduler_core.u_fft_scratch_sram.u_hi.macro_q\[1\],1.54173mm
u_transform_scheduler_core.u_fft_scratch_sram.u_hi.macro_q\[0\],1.5114mm
u_transform_scheduler_core.u_fft_scratch_sram.u_lo.macro_q\[7\],1.49863mm
u_transform_scheduler_core.tx_mapper_source_addr\[1\],1.41669mm
u_transform_scheduler_core.u_fft_scratch_sram.u_lo.macro_q\[2\],1.40072mm
clknet_2_1_0_clk_regs,1.34909mm
clknet_2_3_0_clk_regs,1.34042mm
u_transform_scheduler_core.u_fft_scratch_sram.u_lo.macro_q\[3\],1.3016mm
clknet_2_0_0_clk_regs,1.29145mm
net1269,1.27288mm
u_transform_scheduler_core.u_fft_scratch_sram.u_lo.macro_q\[1\],1.27238mm
clknet_0_clk_regs,1.26366mm
net10,1.22299mm
net1270,1.16806mm
net838,1.15645mm
clk,1.14679mm
clknet_2_2_0_clk_regs,1.1401mm
u_transform_scheduler_core.u_fft_scratch_sram.u_lo.macro_q\[4\],1.12879mm
u_transform_scheduler_core.u_fft_scratch_sram.u_lo.macro_q\[0\],1.12846mm
net928,1.09285mm
net345,1.08788mm
_03422_,1.08351mm
net456,1.08283mm
net1549,1.06598mm
u_transform_scheduler_core.bf_X1_q\[15\],1.06425mm
net1310,1.06043mm
net1311,1.05534mm
u_transform_scheduler_core.u_fft_scratch_sram.u_lo.macro_q\[6\],1.05443mm
net1355,1.02978mm
u_transform_scheduler_core.u_fft_scratch_sram.u_lo.macro_q\[5\],1.02429mm
net50,1.01777mm
net11,1.01426mm
net353,1.00448mm
net168,998.33µm
net1630,995.32µm
net1408,990.94µm
_07345_,989.46µm
net1336,988.2µm
net1421,978.72µm
net1510,962.84µm
net1420,958.46µm
_05727_,956.27µm
net1418,955.2µm
net1628,945.88µm
u_transform_scheduler_core.u_mixed_radix_butterfly.multiply_product_fire,934.94µm
u_transform_scheduler_core.u_fft_scratch_sram.u_hi.macro_q\[4\],925.23µm
net108,922.88µm
net8,919.16µm
net926,914.62µm
_06110_,902.97µm
_06108_,896.96µm
_04632_,892.74µm
_06010_,890.6µm
net113,887.2µm
u_transform_scheduler_core.bf_X1_i\[15\],882.08µm
net811,880.92µm
_03525_,879.67µm
net1429,879.55µm
net986,875.88µm
_03133_,868.91µm
net988,865.91µm
net1426,863.26µm
net1423,859.95µm
net687,857µm
net692,856.94µm
_03545_,854.4µm
net837,852.46µm
core_X2_q\[3\],852.02µm
net1312,850.74µm
_07346_,846.94µm
net1335,840.35µm
net457,840.3µm
_07358_,838.87µm
_06087_,831.89µm
net880,831.44µm
core_X2_q\[2\],830.02µm
net1293,827.88µm
u_transform_scheduler_core.u_fft_scratch_sram.u_hi.macro_q\[6\],820.93µm
net1148,819.78µm
net1330,818.61µm
net325,814.54µm
net982,813.8µm
_04732_,813.78µm
net144,808.96µm
net1151,808.89µm
net1054,807.57µm
net923,801.79µm
u_transform_scheduler_core.u_fft_scratch_sram.u_hi.macro_q\[7\],799.79µm
net1419,797.65µm
net807,795.43µm
net461,794.99µm
net1260,793.72µm
core_X2_q\[8\],792.55µm
core_X2_q\[1\],788.22µm
net157,787.8µm
net1422,781.75µm
net662,780.28µm
net4,780.13µm
net201,779.85µm
net1633,775.14µm
core_X2_q\[9\],770.76µm
net1166,767.66µm
core_X2_q\[10\],767.55µm
net5,767.3µm
_05318_,766.49µm
net703,762.31µm
_03505_,758.69µm
core_X2_q\[4\],756.3µm
core_X2_i\[14\],754.21µm
net1153,753.3µm
net1271,751.46µm
net1141,751.35µm
net6,748.41µm
net809,746.68µm
core_X2_q\[6\],746.47µm
net927,744.13µm
net1411,743.44µm
core_X2_q\[14\],743.37µm
_07112_,738.69µm
net670,737.69µm
core_X2_i\[10\],737.54µm
core_X2_i\[13\],735.89µm
net894,735.68µm
net264,733.85µm
net460,733.29µm
core_X2_q\[0\],732.17µm
_07111_,732.12µm
net140,730.54µm
net1380,730.39µm
net772,729.42µm
net49,729.29µm
net123,728.3µm
core_X2_q\[15\],725.32µm
u_transform_scheduler_core.bf_X1_q\[11\],724.48µm
net1113,723.92µm
u_transform_scheduler_core.bf_X0_i\[13\],719.29µm
net842,716.23µm
core_X2_q\[13\],715.28µm
_03423_,715.22µm
net238,712.95µm
u_transform_scheduler_core.bf_X1_i\[8\],708.7µm
net805,708.65µm
_06870_,706.51µm
_03314_,705.39µm
_05243_,704.17µm
_03317_,702.61µm
u_transform_scheduler_core.bf_X0_q\[11\],701.22µm
net688,700.82µm
u_transform_scheduler_core.bf_X1_i\[7\],700.66µm
net78,698.56µm
u_transform_scheduler_core.bf_X1_i\[13\],697.91µm
net1379,694.75µm
net668,692µm
u_transform_scheduler_core.fft128_inverse_active,691.78µm
net134,691.68µm
clknet_6_41_0_clk_regs,690.68µm
net1337,690.12µm
_03570_,689.71µm
_03425_,689.07µm
core_X2_i\[9\],687.88µm
_05030_,686.2µm
net947,685.79µm
net513,685.54µm
core_X2_q\[12\],681.33µm
net58,678.93µm
net1277,676.78µm
net62,675.82µm
net706,675.05µm
net1245,668.23µm
net689,666.65µm
net138,666.31µm
_03549_,665.55µm
net896,664.9µm
net987,664.56µm
net938,664.46µm
net922,662.27µm
net984,661.1µm
_06885_,658.46µm
net804,657.65µm
net362,656.72µm
_06878_,656.38µm
net939,656.11µm
_06022_,655.35µm
u_transform_scheduler_core.bf_X0_i\[15\],654.13µm
net770,653.62µm
net1152,653.11µm
net985,651.58µm
net1378,651.02µm
_03319_,650.54µm
net659,649.75µm
net892,648.22µm
net1334,648.05µm
net1410,647.76µm
net904,645.22µm
u_transform_scheduler_core.bf_X0_i\[14\],644.2µm
core_X2_q\[5\],643.64µm
net1407,643.23µm
_06006_,643.13µm
_06401_,642.77µm
net1165,642.01µm
net1239,641.96µm
net120,639.36µm
net1238,638.43µm
u_transform_scheduler_core.bf_X1_i\[11\],637.48µm
net1272,636.08µm
net1325,635.95µm
net55,635.44µm
core_X2_i\[15\],633.93µm
net197,633.2µm
core_X2_i\[4\],633.1µm
core_X2_i\[5\],633.1µm
_06086_,632.78µm
core_X2_q\[7\],630.81µm
u_transform_scheduler_core.u_fdiq_output_adapter.state\[1\],630.76µm
net1416,629.79µm
clknet_6_11_0_clk_regs,629.59µm
core_X2_i\[11\],628.47µm
net1517,627.4µm
_06880_,627.3µm
net507,626.84µm
_05779_,624.83µm
core_X2_i\[12\],621.29µm
u_transform_scheduler_core.bf_X1_q\[12\],621.19µm
_05010_,620.12µm
u_transform_scheduler_core.bf_X0_q\[13\],620.07µm
net884,619.05µm
net669,617.32µm
_08146_,616.81µm
net1244,616.76µm
net1062,616.25µm
net1284,615.28µm
net920,614.72µm
net341,612.76µm
net263,612.21µm
_07228_,612.13µm
net822,611.82µm
core_X2_q\[11\],611.16µm
net365,609.48µm
net61,609.18µm
net677,608.35µm
net1340,607.19µm
net889,607.02µm
_03323_,604.32µm
net115,600.75µm
_04959_,600.09µm
net109,598.96µm
net177,597.87µm
u_transform_scheduler_core.bf_X0_q\[15\],596.04µm
net1424,595.68µm
net981,595.4µm
net527,595.12µm
u_transform_scheduler_core.tx_mapper_source_addr\[2\],594.82µm
net1265,594.3µm
_06331_,594.26µm
net268,593.95µm
net1251,592.83µm
net1360,592.07µm
net30,591.46µm
net879,590.77µm
net808,589.98µm
net494,589.83µm
net686,588.76µm
_03544_,587.13µm
net516,585.91µm
u_transform_scheduler_core.bf_X0_i\[11\],585.86µm
_01985_,585.23µm
net1442,584.89µm
net1443,582.19µm
net149,580.92µm
net818,580.57µm
net27,580.26µm
net68,579.14µm
_03483_,578.86µm
net159,577.76µm
net98,577.68µm
net919,575.78µm
u_transform_scheduler_core.u_mixed_radix_butterfly.combine_product_im_reg\[13\],575.27µm
net473,574.3µm
net1361,574.2µm
core_X2_i\[6\],573.55µm
net324,573.18µm
net53,571.4µm
_00039_,569.08µm
net199,569.03µm
_04929_,568.09µm
net544,568.04µm
net1175,567.07µm
u_transform_scheduler_core.bf_X1_q\[13\],566.41µm
net983,565.59µm
net1414,565.34µm
_03322_,564.83µm
u_transform_scheduler_core.u_fft_scratch_sram.macro_addr\[3\],563.97µm
net883,563.84µm
_06879_,562.67µm
net117,561.52µm
_04709_,561.32µm
net75,560.3µm
_05325_,559.03µm
net913,558.47µm
net925,558.06µm
u_transform_scheduler_core.bf_X0_q\[10\],557.96µm
clknet_6_10_0_clk_regs,556.84µm
u_transform_scheduler_core.bf_X0_i\[12\],555.67µm
net191,555.62µm
u_transform_scheduler_core.bf_X0_q\[8\],554.04µm
net243,553.58µm
net240,553.53µm
u_transform_scheduler_core.bf_X0_q\[7\],553.43µm
net77,552.38µm
_03464_,552.19µm
net80,551.78µm
net859,551.24µm
u_transform_scheduler_core.u_fft_scratch_sram.u_hi.macro_cen,551µm
net330,550.73µm
net195,550.37µm
net281,550.37µm
net1405,549.93µm
net82,549.71µm
u_transform_scheduler_core.u_fft_scratch_sram.u_hi.macro_addr\[7\],549.15µm
net33,548.95µm
u_transform_scheduler_core.bf_X1_q\[8\],548.36µm
_02554_,548.34µm
_07356_,546.98µm
net1110,545.94µm
net845,545.59µm
core_X2_i\[1\],542.79µm
net272,541.11µm
net1412,540.98µm
net3,540.96µm
net1150,540.75µm
_04012_,540.14µm
net843,540.09µm
_05592_,538.21µm
_08423_,537.7µm
_09770_,537.09µm
net813,537.08µm
net129,535.76µm
net1425,535.05µm
net183,534.14µm
net262,534.1µm
net1093,532.15µm
_05022_,532.1µm
u_transform_scheduler_core.u_fft_scratch_sram.u_hi.macro_gwen,529.08µm
net893,527.72µm
u_transform_scheduler_core.u_mixed_radix_butterfly.combine_product_im_reg\[12\],527.67µm
net25,527.11µm
_07768_,527.06µm
net57,526.8µm
net270,526.64µm
net100,526.19µm
net60,526.14µm
net1635,526.09µm
net348,525.53µm
net897,525.03µm
u_transform_scheduler_core.bf_X0_q\[12\],524.87µm
net1274,524.31µm
_03320_,523.29µm
net1156,522.99µm
net45,522.53µm
u_transform_scheduler_core.bf_X0_q\[9\],522.38µm
_04958_,520.44µm
u_transform_scheduler_core.u_mixed_radix_butterfly.combine_product_im_reg\[14\],519.93µm
u_transform_scheduler_core.u_fft_scratch_sram.u_hi.macro_addr\[0\],519.54µm
_06099_,519.23µm
net179,519.2µm
net36,519.17µm
u_transform_scheduler_core.u_fft_scratch_sram.u_hi.macro_addr\[1\],519.03µm
_03526_,518.42µm
u_transform_scheduler_core.u_mixed_radix_butterfly.x0_q_ext\[4\],518.14µm
net181,518.07µm
u_transform_scheduler_core.bf_X0_i\[8\],517.69µm
net43,517.03µm
net1281,515.09µm
net86,515.04µm
u_transform_scheduler_core.bf_out_valid,514.79µm
net585,514.13µm
u_transform_scheduler_core.bf_X1_i\[12\],512.12µm
net1634,511.63µm
standalone_active,511.38µm
u_transform_scheduler_core.u_mixed_radix_butterfly.combine_product_re_reg\[1\],510.87µm
net169,510.07µm
net1333,510µm
u_transform_scheduler_core.u_mixed_radix_butterfly.combine_product_re_reg\[3\],509.75µm
clknet_6_8_0_clk_regs,509.19µm
net1348,507.05µm
net175,506.47µm
net841,506.38µm
net819,504.17µm
net20,504.1µm
_07339_,503.18µm
net133,502.98µm
net453,502.98µm
net1084,502.72µm
_03571_,502.11µm
net1174,501.55µm
_05155_,501.45µm
net878,501.4µm
net2,501.29µm
u_transform_scheduler_core.bf_X1_q\[2\],500.89µm
_04704_,499.72µm
core_X2_i\[7\],499.16µm
_06665_,499.11µm
_07349_,498.6µm
_05328_,497.51µm
_06888_,497.28µm
net66,496.36µm
net289,496.05µm
net187,495.02µm
u_transform_scheduler_core.bf_X1_q\[1\],494.58µm
net895,494.58µm
net1250,494.32µm
net111,493.56µm
net186,493.06µm
net521,493.05µm
net1249,492.26µm
net234,491.37µm
net160,491.02µm
net1468,490.96µm
net1276,490.76µm
_08264_,490.47µm
net1021,489.3µm
net825,488.01µm
core_X2_i\[8\],487.91µm
net1280,486.94µm
net1214,486.69µm
net1197,485.67µm
u_transform_scheduler_core.bf_X1_q\[3\],485.06µm
net450,485.06µm
net888,484.55µm
net139,484.39µm
net1287,484.39µm
net903,484.11µm
net1140,484.09µm
u_transform_scheduler_core.u_mixed_radix_butterfly.x0_q_ext\[2\],483.99µm
net126,483.38µm
_05515_,482.87µm
net1637,482.72µm
net351,482.36µm
core_X2_i\[3\],481.85µm
u_transform_scheduler_core.u_fft_scratch_sram.macro_addr\[5\],480.53µm
net1515,480.22µm
net340,478.94µm
_05006_,478.85µm
u_transform_scheduler_core.u_mixed_radix_butterfly.scalar_operand\[4\],478.39µm
net570,477.98µm
net370,477.93µm
net153,477.11µm
_05256_,476.07µm
_06439_,475.18µm
net73,475.13µm
u_transform_scheduler_core.u_fft_scratch_sram.u_hi.macro_addr\[2\],474.44µm
_05920_,474.42µm
_02720_,472.79µm
_06413_,472.66µm
net189,471.92µm
u_transform_scheduler_core.bf_X0_q\[4\],471.82µm
net1273,471.62µm
net700,471.21µm
_04304_,471.16µm
_03259_,471.11µm
net32,470.96µm
net1275,470.9µm
net182,470.7µm
u_transform_scheduler_core.bf_X0_q\[5\],470.6µm
u_transform_scheduler_core.u_fft_scratch_sram.macro_addr\[6\],470.55µm
net672,470.45µm
net1282,469.94µm
_05025_,469.89µm
net1149,469.02µm
net35,468.72µm
net38,468.21µm
net369,467.62µm
net146,467.29µm
_03590_,467.1µm
net156,466.88µm
net1285,466.73µm
net29,466.58µm
net1253,466.58µm
u_transform_scheduler_core.bf_X0_i\[10\],466.07µm
net56,465.51µm
net193,465.51µm
_06877_,464.34µm
net237,464.13µm
u_transform_scheduler_core.u_fft_scratch_sram.u_hi.macro_addr\[6\],464.1µm
net1136,463.37µm
net909,463.32µm
_06463_,462.53µm
net343,462.48µm
net1135,462.4µm
_05024_,462.35µm
net265,462.3µm
net1109,461.79µm
_05287_,461.44µm
net328,461.33µm
u_transform_scheduler_core.u_mixed_radix_butterfly.x0_q_ext\[5\],461.23µm
_06143_,460.88µm
_06191_,460.38µm
net1415,459.96µm
_04931_,459.25µm
net399,458.33µm
net664,458.32µm
net675,457.72µm
net908,457.72µm
net303,457.52µm
net290,456.25µm
_05009_,456.04µm
net713,455.99µm
_09278_,455.94µm
_05943_,455.89µm
u_transform_scheduler_core.u_fft_scratch_sram.u_hi.macro_wdata\[3\],455.7µm
net1384,455.58µm
u_transform_scheduler_core.bf_X0_q\[6\],455.55µm
net1229,455.38µm
net468,454.77µm
net1240,454.41µm
_07981_,454.31µm
net485,454.26µm
net902,454.18µm
net517,453.7µm
_06104_,452.68µm
u_transform_scheduler_core.bf_X1_q\[0\],452.07µm
net1101,451.75µm
net269,451µm
_04706_,449.73µm
_08232_,449.48µm
net787,449.37µm
net122,449.16µm
net64,448.71µm
serializer_busy,447.94µm
_04711_,447.79µm
_06221_,446.96µm
net840,446.79µm
net1629,446.01µm
net683,445.81µm
_08211_,445.35µm
_03318_,445.18µm
net1204,444.86µm
_07654_,444.13µm
net1286,443.36µm
u_transform_scheduler_core.bf_X0_i\[7\],442.58µm
net1146,441.98µm
net1291,441.33µm
net162,441.12µm
net271,440.88µm
net41,440.72µm
_04155_,440.56µm
_05898_,440.46µm
net678,439.29µm
u_transform_scheduler_core.u_fft_scratch_sram.u_lo.macro_gwen,438.94µm
_05459_,438.88µm
u_transform_scheduler_core.bf_X1_q\[7\],437.46µm
net172,436.54µm
u_transform_scheduler_core.bf_X1_q\[6\],436.29µm
net1182,436.21µm
_03167_,435.34µm
u_transform_scheduler_core.bf_X1_q\[9\],435.32µm
u_transform_scheduler_core.bf_X0_q\[3\],435.12µm
net1344,435.01µm
net176,434.92µm
net603,434.61µm
net682,434.2µm
net1428,433.79µm
_03315_,433.57µm
net673,433.54µm
_06388_,432.69µm
net696,432.62µm
net1085,432.01µm
net446,431.91µm
net623,431.4µm
net622,430.89µm
net132,430.28µm
net137,429.39µm
net275,429.26µm
net680,429.11µm
_04629_,428.96µm
u_transform_scheduler_core.u_mixed_radix_butterfly.x0_q_ext\[3\],428.77µm
net277,428.45µm
net779,427.07µm
net788,427.04µm
net239,426.97µm
u_transform_scheduler_core.u_mixed_radix_butterfly.combine_product_im_reg\[5\],426.36µm
net1169,425.85µm
delaynet_2_clk,425.09µm
net1171,425.08µm
net479,423.76µm
net438,423.71µm
net1158,423.56µm
net891,423.51µm
_05198_,423.46µm
core_X2_i\[0\],422.44µm
net827,422.44µm
net1176,422.44µm
net690,422.34µm
net1192,422.29µm
net110,421.68µm
net1313,421.52µm
net347,421.47µm
net360,420.25µm
net1139,420.2µm
clknet_6_32_0_clk_regs,419.59µm
_06196_,419.03µm
_05893_,418.93µm
net1266,418.62µm
_06664_,418.36µm
net911,418.31µm
_05982_,418.26µm
net121,417.97µm
_03316_,417.94µm
net1012,417.5µm
net966,417.4µm
net917,417.21µm
_06294_,416.84µm
net267,416.28µm
net515,416.28µm
_05761_,416.23µm
net371,416.23µm
_09375_,415.67µm
net1636,415.62µm
net990,413.53µm
net1172,413.22µm
net1018,413.02µm
_04964_,412.87µm
_06264_,412.87µm
_03666_,412.51µm
net918,411.29µm
u_transform_scheduler_core.u_mixed_radix_butterfly.combine_product_im_reg\[9\],411.19µm
u_transform_scheduler_core.bf_X0_q\[14\],410.68µm
net701,409.75µm
net408,409.56µm
_03161_,409.46µm
_08135_,409.36µm
_05564_,409.05µm
u_transform_scheduler_core.bf_X1_q\[4\],408.85µm
_03640_,408.54µm
_06269_,408.49µm
net1099,408.49µm
net467,408.44µm
net560,407.83µm
net1347,407.8µm
net541,407.78µm
_08040_,407.68µm
_05998_,407.17µm
_05239_,407.06µm
_04993_,406.71µm
net397,406.61µm
net980,406.61µm
_06342_,406.17µm
net829,405.64µm
_05156_,405.49µm
_07347_,405.28µm
_02685_,404.93µm
_08128_,404.42µm
net464,404.42µm
u_transform_scheduler_core.bf_X1_i\[6\],403.81µm
u_transform_scheduler_core.bf_X0_i\[9\],403.4µm
net501,403.35µm
_05641_,403.25µm
net180,403.22µm
net1603,402.94µm
u_transform_scheduler_core.u_mixed_radix_butterfly.combine_product_re_reg\[11\],402.89µm
_04225_,402.82µm
u_transform_scheduler_core.u_mixed_radix_butterfly.premultiply_input_q_reg\[8\],402.74µm
_08424_,402.69µm
_03894_,402.36µm
net393,402.25µm
net241,401.82µm
net999,401.26µm
net163,401.16µm
_04975_,401.01µm
u_transform_scheduler_core.u_fft128_modulo_controller.slot_phase\[1\],400.6µm
net436,399.88µm
net155,399.58µm
net1413,399.42µm
net626,399µm
net1358,398.97µm
net708,398.87µm
net174,398.61µm
_05291_,398.41µm
_02638_,398.31µm
net87,397.65µm
_05414_,397.6µm
_07272_,397.2µm
net463,396.63µm
net1125,396.63µm
net508,396.48µm
net95,396.07µm
net1180,395.71µm
net51,395.67µm
_05335_,395.41µm
net107,394.95µm
net1224,394.64µm
net832,394.63µm
net165,394.54µm
_05770_,394.39µm
net1114,393.93µm
_02572_,393.73µm
net59,393.33µm
_06283_,393.22µm
u_transform_scheduler_core.u_fft_scratch_sram.macro_addr\[0\],393.22µm
net899,392.91µm
net1288,392.25µm
net1368,391.69µm
net91,391.59µm
net684,391.49µm
u_transform_scheduler_core.u_mixed_radix_butterfly.combine_product_im_reg\[15\],390.42µm
_07919_,390.37µm
_04707_,389.81µm
net561,389.81µm
net1292,389.8µm
net679,389.35µm
net563,389.3µm
net1485,388.99µm
net395,388.23µm
net478,388.08µm
net1339,388.02µm
net285,387.77µm
net89,387.62µm
u_transform_scheduler_core.u_mixed_radix_butterfly.x0_q_ext\[6\],387.01µm
net39,385.99µm
net321,385.99µm
u_transform_scheduler_core.u_mixed_radix_butterfly.combine_product_im_reg\[0\],385.94µm
net40,385.84µm
net364,385.78µm
_09286_,385.38µm
net914,384.41µm
net836,383.9µm
net901,383.29µm
net1278,383.19µm
net562,383.04µm
net1019,382.37µm
net88,381.97µm
net462,381.51µm
net1138,381.25µm
net469,380.95µm
net934,380.44µm
net1353,380.44µm
_06489_,379.02µm
net1164,378.86µm
net1187,378.71µm
net858,378.26µm
net366,377.84µm
net1107,377.74µm
_03148_,377.54µm
u_transform_scheduler_core.bf_X1_q\[14\],377.13µm
net1077,376.72µm
_05715_,376.52µm
u_transform_scheduler_core.bf_X0_q\[2\],376.47µm
net90,376.47µm
u_transform_scheduler_core.u_mixed_radix_butterfly.combine_product_im_reg\[10\],375.91µm
_06320_,375.81µm
_06364_,374.69µm
_02633_,374.64µm
net276,374.53µm
net1134,374.43µm
_05336_,374.18µm
_04957_,373.84µm
_07813_,373.72µm
net555,373.67µm
_05581_,373.62µm
net1264,373.62µm
u_transform_scheduler_core.bf_X1_i\[14\],373.52µm
net873,373.36µm
net1409,373.26µm
net69,372.6µm
net1374,371.99µm
net1159,371.43µm
u_transform_scheduler_core.u_fft128_modulo_controller.slot_phase\[0\],371.38µm
net94,370.87µm
_03203_,370.38µm
_07852_,370.26µm
_03691_,370.21µm
net349,369.9µm
net1548,369.85µm
net92,369.75µm
net93,369.19µm
net658,368.83µm
net46,368.07µm
_07947_,367.56µm
u_transform_scheduler_core.u_fft_scratch_sram.macro_addr\[1\],367.41µm
core_X2_i\[2\],366.33µm
_03257_,365.42µm
_05719_,365.12µm
net972,365.12µm
net505,364.66µm
net7,364.15µm
net76,363.74µm
_06377_,363.64µm
_03631_,363.38µm
net1243,363.08µm
net102,362.97µm
net1104,362.67µm
net147,362.57µm
net242,362.06µm
net1259,362.01µm
_05953_,361.79µm
net1196,361.5µm
net660,361.3µm
net1162,360.99µm
u_transform_scheduler_core.u_fft_scratch_sram.u_hi.macro_addr\[5\],360.5µm
_04427_,360.41µm
net1343,360.33µm
net666,360.08µm
net1219,359.16µm
net1398,358.09µm
net352,357.68µm
net15,357.33µm
_03482_,356.87µm
_03649_,356.61µm
net890,356.51µm
_06048_,356.26µm
net916,356.13µm
net1283,355.8µm
net1616,355.75µm
u_transform_scheduler_core.rx_small_inverse,355.6µm
net881,353.86µm
_08240_,353.69µm
net21,353.41µm
net814,353.15µm
net1252,353.1µm
clknet_6_33_0_clk_regs,353µm
_05676_,352.44µm
net1122,352.01µm
_04350_,351.93µm
_05833_,351.78µm
_05390_,351.73µm
_06038_,351.73µm
net1103,351.67µm
net1211,351.27µm
u_transform_scheduler_core.bf_X1_i\[9\],350.66µm
net831,350.2µm
net1181,349.69µm
u_transform_scheduler_core.bf_X1_i\[5\],348.98µm
net531,348.72µm
_05931_,348.52µm
_06667_,348.52µm
u_transform_scheduler_core.mod_diag_addr0\[4\],348.37µm
net968,348.32µm
_07962_,347.86µm
net9,347.81µm
net409,347.45µm
net342,347.09µm
net694,346.6µm
net106,346.48µm
net1009,346.43µm
_06534_,346.23µm
net1147,345.82µm
net455,345.67µm
_02582_,345.57µm
net1308,344.78µm
net284,344.6µm
net1027,344.6µm
u_transform_scheduler_core.dft12_phase\[1\],343.99µm
_05374_,343.53µm
_05170_,343.48µm
_07001_,343.38µm
_06668_,343.28µm
net1301,342.43µm
net317,342.4µm
net1076,342.31µm
_05633_,342.26µm
net1161,341.9µm
_04112_,341.65µm
_03249_,341.24µm
net523,340.68µm
_07157_,340.53µm
_03217_,340.17µm
net1289,339.7µm
net1354,339.49µm
net912,339.47µm
_02657_,338.95µm
net198,338.34µm
u_transform_scheduler_core.u_fft_scratch_sram.macro_addr\[7\],338.29µm
_05234_,338.24µm
net70,337.32µm
net833,336.45µm
net48,336.2µm
net1020,336.2µm
_03157_,335.54µm
net299,335.54µm
net1241,335.18µm
net411,335.08µm
net839,335.03µm
net1130,335.03µm
_05001_,334.37µm
_05225_,334.32µm
_05940_,333.96µm
net300,333.91µm
net475,333.91µm
net1189,333.86µm
_04423_,333.76µm
net1223,333.76µm
net1246,333.35µm
_05995_,333.3µm
u_transform_scheduler_core.u_mixed_radix_butterfly.x0_i_ext\[5\],333.3µm
net1505,332.97µm
net512,332.69µm
_03463_,332.49µm
net619,332.48µm
net1179,331.87µm
net1329,331.26µm
net886,331.16µm
net141,330.7µm
net118,330.5µm
net1290,330.29µm
net447,330.14µm
net1168,330.13µm
net83,329.89µm
net924,329.86µm
_08142_,329.84µm
_03225_,329.17µm
net1160,328.56µm
net820,328.31µm
net1208,328.21µm
_05839_,327.75µm
_02708_,327.65µm
net367,327.29µm
net634,327.09µm
_03659_,326.55µm
_09376_,326.07µm
_06050_,325.97µm
net1202,325.97µm
_03508_,325.76µm
net1157,325.71µm
net480,325.05µm
_05723_,324.44µm
u_transform_scheduler_core.u_fft_scratch_sram.u_hi.macro_addr\[3\],324.15µm
net575,323.93µm
u_transform_scheduler_core.u_mixed_radix_butterfly.premultiply_x0_q_reg\[1\],323.78µm
net1112,323.78µm
net826,323.52µm
net12,323.32µm
_05890_,323.22µm
net1133,322.88µm
net548,322.76µm
net1372,322.76µm
_09381_,322.3µm
_04133_,321.44µm
net1025,321.43µm
net1509,321.08µm
net558,321.03µm
net1124,321.03µm
net119,320.93µm
_04207_,320.57µm
_06180_,320.42µm
net14,319.86µm
u_transform_scheduler_core.bf_X0_q\[0\],319.3µm
clknet_6_4_0_clk_regs,319.3µm
net1341,319.06µm
_04963_,318.89µm
u_transform_scheduler_core.u_fft_scratch_sram.macro_addr\[2\],318.69µm
net1561,318.69µm
_08419_,318.13µm
net1173,317.77µm
_06638_,317.62µm
_07599_,317.62µm
_08084_,317.62µm
net419,317.41µm
net151,317.21µm
net1143,317.21µm
net202,316.75µm
net459,316.65µm
net711,316.55µm
_08750_,316.04µm
net1033,315.99µm
_08022_,315.38µm
net1178,315.38µm
net1154,315.35µm
_05753_,315.15µm
_03674_,315.12µm
net334,314.82µm
net618,314.46µm
net663,314.45µm
net125,314.36µm
net1235,313.8µm
net1474,313.8µm
_04627_,313.75µm
_07897_,313.7µm
net1370,313.34µm
net398,313.29µm
_07622_,312.73µm
_02627_,311.97µm
_04434_,311.97µm
net1267,311.15µm
net161,311.1µm
net769,310.8µm
net1098,310.49µm
net593,310.03µm
net483,309.42µm
u_transform_scheduler_core.u_mixed_radix_butterfly.combine_product_re_reg\[15\],309.27µm
u_transform_scheduler_core.u_fft_scratch_sram.macro_wdata\[0\],309.17µm
net150,308.71µm
net1013,308.25µm
net1167,308.15µm
_04961_,308.1µm
net1317,307.79µm
net1263,307.74µm
_05636_,307.44µm
net1014,307.18µm
net323,307.03µm
_06304_,306.98µm
net378,306.93µm
net500,306.67µm
clknet_6_47_0_clk_regs,306.47µm
net1279,306.32µm
_03209_,306.09µm
net621,306.06µm
net915,305.96µm
net357,305.86µm
_05930_,305.81µm
_02713_,305.3µm
_03234_,305.25µm
net1015,305.25µm
net1296,304.89µm
_05351_,304.74µm
net1581,304.69µm
net426,304.64µm
_06571_,304.08µm
net79,303.87µm
net608,303.72µm
u_transform_scheduler_core.u_fft_scratch_sram.macro_wdata\[5\],303.52µm
net171,302.8µm
net1206,302.55µm
net326,302.24µm
net810,302.04µm
_05438_,301.94µm
_08180_,301.89µm
net1108,301.89µm
net882,301.53µm
net898,301.53µm
clknet_6_3_0_clk_regs,300.87µm
net1315,300.41µm
net314,300.36µm
net921,300.31µm
net1488,300.26µm
_05775_,300.21µm
net1367,299.48µm
u_transform_scheduler_core.mod_diag_addr1\[4\],299.29µm
net835,299.24µm
_08226_,299.14µm
net693,299.14µm
_06021_,298.63µm
_04397_,298.48µm
net946,298.48µm
_03689_,297.97µm
net405,297.46µm
net1207,297.25µm
clknet_6_40_0_clk_regs,297.15µm
net251,296.65µm
_07260_,296.39µm
_08107_,296.24µm
_05460_,295.93µm
net1191,295.93µm
_08121_,295.73µm
net589,295.73µm
_03067_,295.17µm
u_transform_scheduler_core.u_fft_scratch_sram.u_hi.macro_addr\[4\],294.98µm
_07142_,294.15µm
net213,294.15µm
net493,294.15µm
top_state\[10\],294.05µm
net379,293.54µm
net588,293.53µm
_06519_,293.44µm
_09276_,293.44µm
net452,293.28µm
net1388,293.13µm
net319,292.62µm
net768,292.45µm
_08260_,292.37µm
net823,292.01µm
net194,291.65µm
_03224_,291.3µm
_05204_,291.25µm
_06598_,291.25µm
net96,291.25µm
net427,291.2µm
net1118,290.99µm
_06135_,290.84µm
_04601_,290.74µm
_06167_,290.69µm
_08247_,290.18µm
_04995_,289.69µm
net1120,289.16µm
u_transform_scheduler_core.bf_X1_i\[4\],289.14µm
net280,289.06µm
net24,288.96µm
net418,288.65µm
net812,288.52µm
_04766_,288.45µm
_07313_,288.45µm
net624,288.09µm
net1326,288.09µm
net13,288.04µm
u_transform_scheduler_core.u_fft_scratch_sram.state\[0\],288.04µm
net547,287.99µm
net1295,287.99µm
net1060,287.58µm
_07536_,287.28µm
net1300,287.22µm
u_transform_scheduler_core.bf_X1_i\[2\],287.02µm
_05952_,286.87µm
net937,286.36µm
u_transform_scheduler_core.mod_diag_addr0\[6\],286.21µm
net1005,285.85µm
_08330_,285.8µm
net356,285.8µm
net998,285.8µm
_04889_,285.7µm
net502,285.7µm
net785,285.7µm
net1248,285.7µm
clknet_6_46_0_clk_regs,285.65µm
net190,285.34µm
net698,285.06µm
_05172_,284.58µm
u_transform_scheduler_core.bf_X0_q\[1\],284.58µm
_00041_,284.53µm
_08700_,284.53µm
net615,284.12µm
net1129,283.71µm
net1381,283.61µm
net834,283.58µm
net1170,283.51µm
_08114_,283.36µm
net973,282.85µm
net1052,282.08µm
_02595_,281.83µm
net381,281.78µm
net1123,281.78µm
net1155,281.73µm
_07190_,281.22µm
u_transform_scheduler_core.u_mixed_radix_butterfly.x0_i_ext\[6\],281.22µm
_05292_,281.19µm
net522,281.01µm
net1144,280.2µm
net308,280.07µm
net964,279.84µm
_04983_,279.76µm
net164,279.18µm
net1105,279.13µm
u_transform_scheduler_core.u_fft_scratch_sram.macro_wdata\[6\],279.03µm
top_state\[12\],278.98µm
net806,278.56µm
net557,278.52µm
net1032,278.16µm
net185,278.01µm
_05760_,277.81µm
_05677_,277.58µm
net577,277.55µm
net304,277.45µm
net1501,277.4µm
u_transform_scheduler_core.bf_X0_i\[3\],277.2µm
_07561_,276.69µm
u_transform_scheduler_core.u_mixed_radix_butterfly.combine_product_re_reg\[8\],276.33µm
net780,276.18µm
_07556_,276.13µm
_05601_,276.08µm
_05857_,275.62µm
_05722_,275.57µm
_03169_,275.52µm
net1127,275.26µm
_06308_,275.21µm
net279,275.21µm
net877,275.08µm
_07173_,275.01µm
u_transform_scheduler_core.u_fft_scratch_sram.macro_wdata\[7\],274.96µm
_05668_,274.89µm
_06669_,274.5µm
u_transform_scheduler_core.u_fft_scratch_sram.macro_wdata\[2\],274.45µm
u_transform_scheduler_core.u_mixed_radix_butterfly.scalar_coefficient\[7\],274.09µm
net1500,274.09µm
u_transform_scheduler_core.dft12_state\[1\],273.99µm
net37,273.33µm
net329,273.25µm
net104,273.17µm
_05824_,272.82µm
u_transform_scheduler_core.u_mixed_radix_butterfly.combine_stage_valid,272.82µm
net1071,272.82µm
_05813_,272.55µm
net1397,272.51µm
top_state\[0\],272.46µm
net42,272.21µm
net613,272.21µm
u_transform_scheduler_core.u_mixed_radix_butterfly.arithmetic_x0_q_reg\[0\],272.16µm
net657,271.75µm
_05743_,271.6µm
u_transform_scheduler_core.mod_diag_addr1\[6\],271.6µm
net344,271.45µm
net1351,271.44µm
_05693_,271.29µm
net1067,271.29µm
_05657_,271.19µm
net542,271.19µm
net604,270.73µm
net510,270.63µm
net586,270.58µm
delaynet_0_clk,270.53µm
net124,270.27µm
net958,270.17µm
_03132_,269.97µm
_05803_,269.97µm
_08312_,269.92µm
net606,269.79µm
net170,269.41µm
net44,269.36µm
_03485_,269.2µm
net173,269.15µm
net594,269µm
net579,268.95µm
net587,268.85µm
net856,268.69µm
net910,268.59µm
net1061,268.44µm
_03673_,268.26µm
_08100_,268.24µm
net905,268.13µm
u_transform_scheduler_core.u_fft_scratch_sram.u_lo.macro_wdata\[6\],268.1µm
net449,267.88µm
u_transform_scheduler_core.mod_diag_addr0\[5\],267.83µm
_04631_,267.78µm
_02611_,267.73µm
_05236_,267.68µm
net1262,267.57µm
u_transform_scheduler_core.u_mixed_radix_butterfly.x2_q_ext\[8\],267.27µm
_04172_,267.22µm
_05360_,267.22µm
_05856_,267.17µm
net404,266.76µm
net266,266.35µm
net1357,266.35µm
net1083,266.3µm
_04705_,266.1µm
net583,266.05µm
_05376_,265.74µm
net136,265.74µm
net974,265.54µm
net212,265.13µm
net1349,265.08µm
_09694_,265.03µm
_04028_,264.93µm
_06037_,264.93µm
_06210_,264.67µm
net1237,264.57µm
net1377,264.47µm
_05182_,264.42µm
_07125_,264.37µm
_07883_,264.37µm
net817,264.34µm
u_transform_scheduler_core.u_mixed_radix_butterfly.combine_product_re_reg\[9\],263.91µm
u_transform_scheduler_core.bf_X0_i\[2\],263.86µm
net876,263.77µm
net612,263.4µm
clknet_6_20_0_clk_regs,263.4µm
_03163_,263.25µm
net598,263.17µm
_05160_,262.74µm
u_transform_scheduler_core.u_mixed_radix_butterfly.x0_i_ext\[12\],262.69µm
_09730_,262.64µm
_06621_,262.18µm
net824,261.87µm
net907,261.82µm
net1622,261.82µm
net105,261.38µm
net1145,261.21µm
net1342,261.13µm
net1346,260.6µm
_03500_,260.55µm
_07601_,260.45µm
_05644_,260.4µm
net354,260.09µm
net635,259.89µm
_05605_,259.38µm
clknet_0_clk,259.38µm
_03683_,259.33µm
net387,259.28µm
net154,259.02µm
_07224_,258.82µm
_09280_,258.82µm
net383,258.82µm
net546,258.82µm
net1225,258.82µm
u_transform_scheduler_core.bf_X1_i\[0\],258.77µm
net434,258.77µm
net540,258.31µm
_05904_,258.26µm
net1327,258.26µm
clknet_6_37_0_clk_regs,257.75µm
_03201_,257.4µm
net815,257.32µm
net71,257.24µm
net127,257.19µm
_07079_,257.14µm
net26,257.09µm
net1080,256.83µm
net1594,256.68µm
u_transform_scheduler_core.mod_diag_addr1\[5\],256.58µm
net1097,256.45µm
net1088,256.22µm
_07740_,256.07µm
u_transform_scheduler_core.u_mixed_radix_butterfly.arithmetic_stage_valid,256.07µm
_02691_,256.02µm
_03258_,256.02µm
_01811_,255.97µm
_07467_,255.97µm
clknet_6_2_0_clk_regs,255.66µm
net887,255.51µm
_04902_,255.46µm
_05375_,255.46µm
net424,254.95µm
net1111,254.9µm
net385,254.85µm
_06902_,254.8µm
net34,254.8µm
net933,254.39µm
net1247,254.39µm
_03665_,254.34µm
_05231_,254.34µm
_04092_,254.24µm
_04393_,253.73µm
_09767_,253.73µm
_02886_,253.32µm
u_transform_scheduler_core.u_mixed_radix_butterfly.scalar_operand\[9\],253.27µm
clknet_6_15_0_clk_regs,253.27µm
_02679_,253.17µm
net1102,252.86µm
net830,252.78µm
u_transform_scheduler_core.u_fft_scratch_sram.macro_wdata\[3\],252.66µm
net1053,252.66µm
_04394_,252.56µm
net491,252.35µm
net1081,252.3µm
net135,252.17µm
net1228,252.1µm
u_transform_scheduler_core.bf_X0_i\[6\],252.05µm
_05870_,251.54µm
net707,251.49µm
_02809_,251.08µm
net274,250.82µm
_07846_,250.47µm
u_transform_scheduler_core.u_mixed_radix_butterfly.premultiply_input_q_reg\[3\],250.37µm
net1024,250.13µm
net1131,249.96µm
net1356,249.91µm
clknet_6_22_0_clk_regs,249.91µm
_07161_,249.86µm
clknet_6_38_0_clk_regs,248.94µm
clknet_6_9_0_clk_regs,248.89µm
net945,248.84µm
_05620_,248.79µm
_02616_,248.69µm
u_transform_scheduler_core.u_fft_scratch_sram.u_lo.macro_wdata\[4\],248.5µm
clknet_6_56_0_clk_regs,248.33µm
_03218_,248.28µm
net116,247.72µm
_05845_,247.67µm
net1460,247.67µm
net499,247.51µm
net1376,247.31µm
net1117,247.11µm
_07924_,246.96µm
_07482_,246.45µm
net200,246.14µm
net391,246.09µm
net1458,246.09µm
net1091,246.04µm
net417,245.94µm
_08284_,245.89µm
net1205,245.76µm
u_transform_scheduler_core.u_fft_scratch_sram.u_lo.macro_wdata\[7\],245.7µm
clknet_6_52_0_clk_regs,245.43µm
net482,245.38µm
net128,245.33µm
clknet_6_39_0_clk_regs,244.92µm
net28,244.72µm
net158,244.36µm
net1508,244.36µm
net16,244.31µm
clknet_6_26_0_clk_regs,244.31µm
net1493,243.8µm
_05656_,243.47µm
net900,243.34µm
clknet_6_24_0_clk_regs,243.24µm
net1212,243.14µm
_05199_,243.09µm
_05879_,242.63µm
clknet_6_50_0_clk_regs,242.58µm
net52,241.97µm
net1441,241.97µm
net599,241.61µm
net1569,241.56µm
_09351_,241.41µm
u_transform_scheduler_core.u_fft_scratch_sram.macro_wdata\[1\],241.36µm
_04747_,241.05µm
_03629_,240.85µm
_04823_,240.8µm
net416,240.49µm
net520,240.39µm
u_transform_scheduler_core.u_mixed_radix_butterfly.x1_q_ext\[0\],240.29µm
net1626,239.93µm
u_transform_scheduler_core.u_mixed_radix_butterfly.combine_product_re_reg\[10\],239.47µm
net489,239.32µm
net305,239.27µm
_05682_,239.17µm
net1571,239.12µm
net1234,239.01µm
net131,238.87µm
_05817_,238.81µm
clknet_6_14_0_clk_regs,238.76µm
net777,238.3µm
net496,238.25µm
net1373,238.2µm
clknet_6_0_0_clk_regs,238.15µm
u_transform_scheduler_core.u_fft_scratch_sram.macro_wdata\[11\],237.49µm
net451,236.93µm
net1550,236.93µm
clknet_6_48_0_clk_regs,236.93µm
net816,236.52µm
net401,236.47µm
net1494,236.47µm
_08663_,236.37µm
net526,236.16µm
net942,235.91µm
net400,235.81µm
delaynet_1_clk,235.81µm
_04633_,235.76µm
net790,235.76µm
clknet_6_54_0_clk_regs,235.3µm
net1371,235.14µm
net1601,234.99µm
_03459_,234.89µm
_03632_,234.89µm
net885,234.79µm
net1504,234.79µm
_05740_,234.77µm
_04751_,234.72µm
_05701_,234.52µm
u_transform_scheduler_core.u_mixed_radix_butterfly.combine_product_im_reg\[8\],234.43µm
net23,234.18µm
_04933_,233.67µm
net1576,233.67µm
net1314,233.61µm
net853,233.52µm
net1006,233.41µm
_04892_,233.21µm
_07999_,233.16µm
net432,233.16µm
net1625,233.16µm
net1506,232.8µm
net254,232.6µm
net611,232.55µm
net1294,232.55µm
net18,232.5µm
net338,232.42µm
_07856_,232.4µm
_08218_,232.4µm
u_transform_scheduler_core.fft128_ofdm_active,232.09µm
net85,232.09µm
u_transform_scheduler_core.u_mixed_radix_butterfly.premultiply_stage_valid,231.99µm
net472,231.94µm
net336,231.63µm
net445,231.48µm
net19,231.43µm
net866,231.43µm
_05910_,231.38µm
u_transform_scheduler_core.dft12_phase\[0\],230.97µm
_06011_,230.87µm
u_transform_scheduler_core.u_mixed_radix_butterfly.x2_q_ext\[10\],230.82µm
net392,230.73µm
clknet_6_35_0_clk_regs,230.36µm
u_transform_scheduler_core.u_mixed_radix_butterfly.combine_half_sum_q_reg\[4\],230.31µm
delaynet_3_clk,230.26µm
clknet_6_61_0_clk_regs,230.21µm
clknet_6_45_0_clk_regs,229.8µm
u_transform_scheduler_core.mod_diag_X0_i\[6\],229.7µm
net850,229.65µm
_02589_,229.6µm
net458,229.47µm
net1200,229.39µm
net103,229.34µm
net1203,229.24µm
net503,229.14µm
_07717_,229.04µm
net959,229.03µm
clknet_6_58_0_clk_regs,228.88µm
clknet_6_44_0_clk_regs,228.73µm
net1533,228.68µm
_07619_,228.53µm
net1573,228.17µm
u_transform_scheduler_core.u_fft_scratch_sram.macro_wdata\[4\],227.92µm
net551,227.51µm
_02738_,227.46µm
net1010,227.2µm
net1079,227.2µm
net1017,227.15µm
_02567_,226.9µm
_07364_,226.8µm
u_transform_scheduler_core.u_mixed_radix_butterfly.combine_product_re_reg\[0\],226.8µm
clknet_6_23_0_clk_regs,226.8µm
u_transform_scheduler_core.tx_mapper_busy,226.34µm
net543,226.29µm
net791,226.26µm
_04886_,226.24µm
net441,225.93µm
_04891_,225.68µm
net346,225.62µm
_04226_,225.32µm
_09950_,225.32µm
net638,224.81µm
_03682_,224.77µm
net313,224.76µm
net1316,224.76µm
net605,224.61µm
net860,224.25µm
net1201,224.2µm
net1217,224.2µm
_09407_,224.15µm
net549,224.15µm
net273,224.12µm
_05717_,224.05µm
net778,224.05µm
clknet_6_5_0_clk_regs,223.74µm
_06715_,223.64µm
net1100,223.64µm
_09087_,223.49µm
_06126_,223.2µm
_05652_,223.18µm
_05402_,222.98µm
_07517_,222.93µm
_09274_,222.93µm
_02577_,222.88µm
_09292_,222.88µm
net1086,222.62µm
u_transform_scheduler_core.fft128_active,222.32µm
net797,222.09µm
net1035,222.01µm
_07597_,221.96µm
net852,221.94µm
net571,221.91µm
_07759_,221.86µm
net278,221.65µm
net863,221.6µm
_05878_,221.41µm
net610,220.89µm
net429,220.84µm
_08394_,220.74µm
net795,220.34µm
net667,220.23µm
_04765_,219.72µm
net466,219.72µm
u_transform_scheduler_core.dft12_active,219.67µm
net407,219.67µm
net1547,219.67µm
_05251_,219.52µm
net847,219.52µm
net595,219.26µm
net495,219.16µm
net646,219.16µm
net1090,219.16µm
u_transform_scheduler_core.u_mixed_radix_butterfly.x1_q_ext\[5\],219.11µm
net316,219.11µm
net564,219.11µm
net849,219µm
net331,218.78µm
clknet_6_42_0_clk_regs,218.5µm
_09352_,218.45µm
net1466,218.14µm
clknet_6_53_0_clk_regs,218.13µm
_08254_,217.89µm
net578,217.53µm
net1190,217.43µm
_05734_,217.33µm
_07249_,217.33µm
_07802_,217.33µm
clknet_6_57_0_clk_regs,216.92µm
clknet_6_19_0_clk_regs,216.87µm
net709,216.77µm
net184,216.7µm
clknet_6_18_0_clk_regs,216.51µm
_06297_,216.41µm
net287,216.36µm
net793,216.31µm
net320,216.16µm
_06452_,215.71µm
_04708_,215.65µm
net1198,215.65µm
net504,215.55µm
_04733_,215.24µm
_05016_,215.24µm
magic_index\[2\],215.19µm
clknet_6_1_0_clk_regs,215.19µm
_05947_,215.09µm
u_transform_scheduler_core.u_mixed_radix_butterfly.arithmetic_half_sum_q_reg\[13\],214.63µm
clknet_6_29_0_clk_regs,214.63µm
net1464,214.58µm
clknet_6_6_0_clk_regs,214.58µm
net435,214.53µm
net1003,214.17µm
net361,214.12µm
net993,214.07µm
_08426_,213.92µm
net1477,213.86µm
net498,213.71µm
net596,213.71µm
_03172_,213.61µm
clknet_6_27_0_clk_regs,213.61µm
u_transform_scheduler_core.u_mixed_radix_butterfly.arithmetic_half_sum_q_reg\[12\],213.56µm
clknet_6_30_0_clk_regs,213.15µm
net1572,213.05µm
net1586,213µm
net789,212.98µm
net1226,212.9µm
net286,212.78µm
net1521,212.59µm
net1163,212.49µm
net1255,212.44µm
net17,212.29µm
_07879_,211.78µm
u_transform_scheduler_core.u_mixed_radix_butterfly.scalar_coefficient\[2\],211.78µm
net327,211.73µm
net989,211.47µm
net940,211.12µm
net953,210.96µm
net1022,210.96µm
net1534,210.91µm
_05180_,210.71µm
clknet_6_62_0_clk_regs,210.66µm
_05428_,210.61µm
net1082,210.55µm
net536,210.53µm
net1137,210.4µm
net1000,210.2µm
u_transform_scheduler_core.dft12_tx_active,210.15µm
_02190_,210µm
_06963_,210µm
clknet_6_36_0_clk_regs,209.64µm
_03251_,209.59µm
net428,209.44µm
net1513,209.28µm
net794,209.23µm
net997,209.23µm
net31,209.03µm
u_transform_scheduler_core.u_mixed_radix_butterfly.combine_half_sum_q_reg\[15\],208.98µm
_07799_,208.93µm
_07816_,208.93µm
net1492,208.57µm
_05602_,208.47µm
_07303_,208.42µm
net207,207.96µm
net1582,207.96µm
net1034,207.86µm
net1036,207.8µm
net1063,207.5µm
net1116,207.46µm
net293,207.45µm
_06503_,207.41µm
net444,207.4µm
u_transform_scheduler_core.u_mixed_radix_butterfly.scalar_coefficient\[4\],206.74µm
_07838_,206.64µm
_03727_,206.23µm
net1554,206.23µm
_03271_,206.13µm
u_transform_scheduler_core.u_mixed_radix_butterfly.x2_i_ext\[10\],205.62µm
net1514,205.62µm
net792,205.57µm
_07944_,205.52µm
net846,205.52µm
net1546,205.49µm
_05233_,205.25µm
net1490,205.21µm
_06360_,204.96µm
net1382,204.55µm
clknet_6_13_0_clk_regs,204.55µm
_05400_,204.45µm
_06260_,204.45µm
net798,204.45µm
_06535_,204.4µm
_07579_,204.4µm
net1391,204.24µm
net396,203.99µm
net511,203.91µm
u_transform_scheduler_core.u_mixed_radix_butterfly.scalar_coefficient\[5\],203.89µm
net524,203.48µm
clknet_6_49_0_clk_regs,203.48µm
_02674_,203.33µm
u_transform_scheduler_core.u_mixed_radix_butterfly.x0_i_ext\[11\],203.33µm
u_transform_scheduler_core.mod_diag_X1_q\[2\],203.28µm
net205,203.07µm
net288,202.97µm
net1427,202.92µm
_04010_,202.82µm
_08087_,202.77µm
clknet_6_59_0_clk_regs,202.54µm
net454,202.51µm
net297,202.41µm
net1503,202.31µm
_05909_,202.26µm
_05814_,202.21µm
_06526_,202.21µm
u_transform_scheduler_core.u_fft_scratch_sram.macro_wdata\[10\],202.21µm
net848,202.16µm
_03461_,201.89µm
clknet_6_28_0_clk_regs,201.85µm
clknet_6_17_0_clk_regs,201.8µm
clknet_6_12_0_clk_regs,201.75µm
_07193_,201.65µm
net1209,201.39µm
net1297,201.39µm
_04749_,201.22µm
u_transform_scheduler_core.dft12_ram_i\[11\]\[15\],201.19µm
_00067_,201.14µm
net1001,200.88µm
net433,200.73µm
u_transform_scheduler_core.u_mixed_radix_butterfly.combine_x0_q_reg\[9\],200.63µm
net1608,200.63µm
net629,200.58µm
net1602,200.58µm
net851,200.53µm
_04006_,200.48µm
_05970_,200.48µm
_06083_,200.48µm
_06235_,200.48µm
net649,200.17µm
net339,200.07µm
_05446_,200.02µm
net519,200.02µm
net697,200.02µm
_05749_,199.97µm
net422,199.76µm
_09326_,199.46µm
net539,199.46µm
net1516,199.46µm
clknet_6_21_0_clk_regs,199.1µm
net425,199µm
u_transform_scheduler_core.u_mixed_radix_butterfly.x2_q_ext\[4\],198.9µm
u_transform_scheduler_core.u_mixed_radix_butterfly.scalar_operand\[5\],198.8µm
net1483,198.59µm
clknet_6_51_0_clk_regs,198.54µm
u_transform_scheduler_core.u_mixed_radix_butterfly.premultiply_x0_i_reg\[14\],198.34µm
_04096_,198.29µm
net1595,197.93µm
_07984_,197.73µm
net1261,197.5µm
net784,197.27µm
_05250_,197.22µm
_05695_,196.86µm
net773,196.86µm
net1231,196.81µm
net386,196.71µm
_05745_,196.66µm
clknet_6_7_0_clk_regs,196.66µm
_05771_,196.61µm
net796,196.61µm
net223,196.3µm
net995,196.3µm
net582,196.25µm
net74,196.15µm
net1039,196.15µm
_04903_,195.79µm
net1028,195.78µm
net282,195.69µm
clknet_6_31_0_clk_regs,195.64µm
u_transform_scheduler_core.u_mixed_radix_butterfly.combine_uop_reg\[0\],195.59µm
net1566,195.54µm
net332,195.13µm
u_transform_scheduler_core.u_mixed_radix_butterfly.x2_q_ext\[5\],194.98µm
_03171_,194.95µm
_05699_,194.88µm
net514,194.62µm
_06068_,194.47µm
net992,194.47µm
_07743_,194.42µm
net1041,194.37µm
_07945_,194.32µm
net710,193.91µm
net1303,193.91µm
u_transform_scheduler_core.u_fdiq_output_adapter.sample_i_reg\[2\],193.86µm
net474,193.81µm
_04049_,193.76µm
_08065_,193.2µm
net465,193.2µm
net584,192.84µm
net1078,192.81µm
_06121_,192.74µm
_09338_,192.69µm
u_transform_scheduler_core.u_mixed_radix_butterfly.x0_i_ext\[13\],192.69µm
net1596,192.69µm
_07904_,192.64µm
net1522,192.64µm
net1589,192.64µm
_03283_,192.28µm
_07176_,192.23µm
net1446,192.23µm
_09791_,192.13µm
_00368_,192.08µm
_03168_,191.67µm
u_transform_scheduler_core.dft12_ram_i\[11\]\[9\],191.62µm
u_transform_scheduler_core.u_mixed_radix_butterfly.scalar_coefficient\[3\],191.57µm
_06919_,191.52µm
u_transform_scheduler_core.bf_X0_i\[5\],191.52µm
net844,191.16µm
net1574,191.11µm
_02702_,191.06µm
net1456,190.65µm
net1350,190.55µm
_06881_,190.45µm
net627,190.45µm
net1400,190.14µm
net1590,190.09µm
_08026_,189.94µm
_09656_,189.89µm
_05841_,189.66µm
net1491,189.48µm
_04142_,189.38µm
_02696_,189.33µm
_07520_,189.33µm
_07762_,189.28µm
u_transform_scheduler_core.dft12_ram_i\[11\]\[14\],189.02µm
net1575,189.02µm
net1008,188.97µm
net1438,188.97µm
net1552,188.92µm
_06574_,188.77µm
_03639_,188.68µm
net857,188.61µm
net1452,188.46µm
clknet_6_60_0_clk_regs,188.36µm
_06026_,188.31µm
net1564,188.31µm
_04459_,188.21µm
u_transform_scheduler_core.mod_diag_X0_i\[2\],188.16µm
net225,188µm
net1568,187.9µm
clknet_6_34_0_clk_regs,187.85µm
net597,187.8µm
_05342_,187.6µm
net492,187.29µm
net1023,187.29µm
net965,187.24µm
net1258,187.24µm
_06064_,187.14µm
net674,187.14µm
net799,187.14µm
_07701_,187.09µm
net786,186.68µm
net1236,186.68µm
_03242_,186.58µm
_07485_,186.58µm
net384,186.58µm
_03555_,186.53µm
_04925_,186.53µm
_07365_,186.48µm
net783,186.12µm
net991,186.02µm
net355,185.71µm
_03660_,185.46µm
u_transform_scheduler_core.u_fft128_modulo_controller.result_addr0\[0\],185.46µm
net1519,185.46µm
_04620_,185.41µm
net439,185.1µm
net246,185µm
_03573_,184.95µm
net1489,184.95µm
net1004,184.54µm
_09391_,184.39µm
_05705_,184.34µm
net643,184.34µm
net1578,184.29µm
net410,184.03µm
net1584,184.03µm
net1087,183.93µm
net1530,183.93µm
net1597,183.88µm
_07057_,183.73µm
net869,183.45µm
net333,183.37µm
net1526,183.37µm
net1600,183.37µm
net1345,183.32µm
net1484,183.32µm
net864,183.22µm
_07680_,182.66µm
u_transform_scheduler_core.u_mixed_radix_butterfly.x0_q_ext\[1\],182.61µm
_02228_,182.56µm
_08044_,182.56µm
net1475,182.3µm
net1447,182.2µm
net1609,182.2µm
clknet_6_25_0_clk_regs,182.2µm
_05300_,182.15µm
net402,181.79µm
_05846_,181.64µm
net84,181.64µm
top_state\[9\],181.59µm
net963,181.59µm
_06609_,181.49µm
net1045,181.25µm
u_transform_scheduler_core.u_mixed_radix_butterfly.x1_q_ext\[7\],181.18µm
_05646_,181.08µm
_06663_,180.98µm
_07502_,180.93µm
net742,180.88µm
net421,180.77µm
net222,180.52µm
net631,180.47µm
_03630_,180.42µm
_06042_,180.39µm
net955,180.21µm
net1507,179.96µm
_05598_,179.81µm
u_transform_scheduler_core.u_mixed_radix_butterfly.premultiply_input_q_reg\[14\],179.81µm
_02247_,179.76µm
net236,179.76µm
top_state\[2\],179.45µm
net210,179.45µm
net691,179.4µm
net1222,179.4µm
_04246_,179.35µm
_05700_,179.35µm
_07718_,179.35µm
net1560,179.35µm
top_state\[5\],179.3µm
_06964_,179.25µm
_05797_,178.84µm
net874,178.69µm
net1627,178.64µm
net247,178.38µm
net640,178.38µm
net994,178.28µm
_07861_,178.23µm
net306,178.23µm
net906,178.23µm
_05230_,178.18µm
net628,178.18µm
net1044,178.17µm
_06100_,178.13µm
net374,178.05µm
net295,177.92µm
net954,177.77µm
net960,177.77µm
_09341_,177.57µm
_06553_,177.52µm
net576,177.21µm
net1043,177.21µm
net1587,177.16µm
net676,177.11µm
_05452_,177.01µm
_07902_,177.01µm
_07783_,176.96µm
net1497,176.65µm
net1467,176.55µm
net1557,176.45µm
_09862_,176.4µm
u_transform_scheduler_core.u_mixed_radix_butterfly.scalar_operand\[2\],175.99µm
_09277_,175.94µm
net1074,175.94µm
net209,175.58µm
net1195,175.48µm
_02887_,175.43µm
clknet_6_43_0_clk_regs,175.38µm
net681,174.92µm
net1254,174.92µm
net1218,174.87µm
u_transform_scheduler_core.u_mixed_radix_butterfly.combine_half_sum_i_reg\[8\],174.82µm
_07497_,174.77µm
_07841_,174.72µm
net529,174.41µm
net749,174.16µm
_03484_,173.75µm
_07695_,173.75µm
net565,173.75µm
net1478,173.75µm
_07720_,173.6µm
net471,173.6µm
net1481,173.44µm
net1486,173.24µm
_04785_,173.14µm
_05836_,173.14µm
net553,173.14µm
net1075,173.14µm
net1461,173.14µm
u_transform_scheduler_core.u_mixed_radix_butterfly.x0_i_ext\[3\],173.09µm
clknet_6_55_0_clk_regs,172.68µm
net1556,172.63µm
clknet_6_16_0_clk_regs,172.63µm
net535,172.32µm
net430,172.17µm
_05252_,172.12µm
net310,172.12µm
net665,172.12µm
_05309_,172.07µm
_06062_,172.02µm
net145,172.02µm
net1037,172.02µm
clknet_6_63_0_clk_regs,172.02µm
_06540_,171.97µm
_05167_,171.92µm
net592,171.66µm
net1403,171.56µm
net1227,171.51µm
_02668_,171.36µm
_07658_,171.36µm
net952,171.25µm
net1444,171µm
net1592,170.95µm
net637,170.8µm
net695,170.77µm
_05690_,170.74µm
clknet_1_0__leaf_clk,170.71µm
net1562,170.59µm
net1449,170.54µm
net1042,170.49µm
_07631_,170.39µm
u_transform_scheduler_core.u_mixed_radix_butterfly.twiddle_re_reg\[0\],170.39µm
net1437,170.39µm
net1536,170.34µm
_03572_,170.29µm
net1511,170.08µm
net1451,169.93µm
_03056_,169.83µm
_06777_,169.42µm
net1011,169.42µm
_05176_,169.37µm
_06095_,169.27µm
net497,168.91µm
u_transform_scheduler_core.u_mixed_radix_butterfly.combine_half_sum_q_reg\[8\],168.76µm
net1430,168.76µm
_05350_,168.71µm
_05249_,168.66µm
net487,168.4µm
net651,168.2µm
net1417,168.15µm
net1495,168.15µm
_03057_,168.1µm
_05159_,168.1µm
u_transform_scheduler_core.u_mixed_radix_butterfly.final_scalar_pending,168µm
net616,167.84µm
net1298,167.64µm
net870,167.56µm
_06000_,167.49µm
net1518,167.13µm
clknet_leaf_119_clk_regs,167.08µm
_02018_,167.03µm
net1541,167.03µm
net737,166.93µm
_04265_,166.88µm
_07287_,166.88µm
_05158_,166.65µm
net645,166.57µm
net1545,166.57µm
_05849_,166.47µm
net685,166.47µm
net757,166.32µm
net1462,166.11µm
net1593,166.06µm
net203,165.91µm
net723,165.86µm
_05394_,165.76µm
_08193_,165.76µm
net335,165.55µm
net1038,165.45µm
_06728_,165.4µm
net1363,165.4µm
net232,165.3µm
_06255_,165.25µm
net178,165.25µm
net294,164.94µm
net956,164.94µm
_08194_,164.69µm
u_transform_scheduler_core.u_mixed_radix_butterfly.combine_half_sum_q_reg\[5\],164.69µm
net755,164.69µm
_05229_,164.64µm
_06581_,164.64µm
net1527,164.48µm
_04793_,164.28µm
u_transform_scheduler_core.u_mixed_radix_butterfly.premultiply_input_q_reg\[4\],164.18µm
net1465,164.18µm
_08172_,164.13µm
net961,164.02µm
_03650_,163.67µm
u_transform_scheduler_core.u_fdiq_output_adapter.sample_i_reg\[1\],163.67µm
net572,163.67µm
u_transform_scheduler_core.mod_diag_X0_i\[3\],163.57µm
net721,163.57µm
_03232_,163.01µm
_06976_,163.01µm
_02576_,162.96µm
_06338_,162.96µm
net1177,162.7µm
net1577,162.65µm
net1026,162.6µm
net948,162.52µm
_06098_,162.5µm
_07819_,162.45µm
net470,162.09µm
net1454,162.09µm
_07206_,162.04µm
net322,162.04µm
net1402,161.89µm
_05451_,161.58µm
net1567,161.43µm
_05728_,161.38µm
net481,161.38µm
_02697_,161.33µm
net1328,161.02µm
_05241_,160.97µm
net403,160.97µm
net1538,160.97µm
u_transform_scheduler_core.u_mixed_radix_butterfly.premultiply_x0_i_reg\[10\],160.77µm
_07541_,160.72µm
net1579,160.54µm
net1433,160.46µm
net1324,160.41µm
_04331_,160.36µm
net1445,160.36µm
net566,160.31µm
net1615,160.31µm
net1448,160.21µm
u_transform_scheduler_core.u_mixed_radix_butterfly.premultiply_half_sum_i_reg\[7\],160.16µm
net443,159.95µm
u_transform_scheduler_core.dft12_ram_q\[11\]\[14\],159.75µm
net216,159.75µm
_05778_,159.7µm
top_state\[15\],159.7µm
echo_data\[4\],159.65µm
_08217_,159.6µm
net1558,159.44µm
clknet_leaf_76_clk_regs,159.44µm
net1606,159.39µm
u_transform_scheduler_core.u_mixed_radix_butterfly.scalar_operand\[8\],159.32µm
net1469,159.29µm
_06157_,159.09µm
_07523_,159.04µm
_05704_,159µm
net591,158.83µm
clknet_leaf_30_clk_regs,158.83µm
net609,158.73µm
clknet_leaf_253_clk_regs,158.68µm
_08392_,158.63µm
net248,158.58µm
_06575_,158.53µm
u_transform_scheduler_core.u_mixed_radix_butterfly.x0_i_ext\[9\],158.53µm
net756,158.53µm
_06089_,158.48µm
net729,158.48µm
net1393,158.27µm
clknet_leaf_120_clk_regs,158.22µm
_06639_,158.07µm
net1194,158.07µm
u_transform_scheduler_core.tx_mem_addr\[0\],158.02µm
net728,157.92µm
net1072,157.76µm
_06166_,157.66µm
net1531,157.66µm
net1604,157.56µm
net537,157.1µm
_09573_,156.95µm
u_transform_scheduler_core.u_mixed_radix_butterfly.combine_x0_q_reg\[7\],156.95µm
_03690_,156.9µm
net726,156.85µm
net206,156.64µm
net1544,156.59µm
net1002,156.57µm
net1040,156.54µm
net1614,156.49µm
net484,156.44µm
u_transform_scheduler_core.dft12_ram_i\[10\]\[15\],156.29µm
u_transform_scheduler_core.u_mixed_radix_butterfly.x0_q_ext\[11\],156.29µm
_06950_,156.24µm
u_transform_scheduler_core.dft12_ram_q\[10\]\[14\],155.93µm
net1498,155.88µm
net1525,155.88µm
_05774_,155.78µm
_02656_,155.73µm
net871,155.7µm
net1591,155.42µm
net377,155.37µm
net1450,155.37µm
net725,155.22µm
u_transform_scheduler_core.u_mixed_radix_butterfly.scalar_coefficient\[6\],155.17µm
net739,155.12µm
net1520,154.96µm
net614,154.91µm
_04912_,154.86µm
_07229_,154.71µm
_09189_,154.71µm
net734,154.66µm
_08120_,154.56µm
net753,154.56µm
net1540,154.3µm
_05317_,154.1µm
u_transform_scheduler_core.u_fdiq_output_adapter.sample_i_reg\[0\],154.1µm
_05934_,153.64µm
u_transform_scheduler_core.fft128_done,153.59µm
net1551,153.59µm
net1555,153.59µm
net488,153.54µm
net752,153.49µm
_04303_,153.44µm
u_transform_scheduler_core.u_fft_scratch_sram.macro_wdata\[15\],153.44µm
net1375,153.18µm
u_transform_scheduler_core.u_mixed_radix_butterfly.scalar_operand\[1\],153.08µm
net1199,153.03µm
net1352,153.03µm
net1473,153.03µm
_03195_,152.93µm
_07479_,152.93µm
net204,152.72µm
net291,152.62µm
_03301_,152.57µm
u_transform_scheduler_core.mod_diag_addr0\[1\],152.52µm
net373,152.52µm
_07002_,152.37µm
_05685_,152.29µm
clknet_leaf_255_clk_regs,152.21µm
net534,152.06µm
_05453_,151.91µm
net99,151.86µm
_05458_,151.81µm
_06384_,151.81µm
net781,151.4µm
_03160_,151.3µm
_07967_,151.3µm
net568,151.3µm
net208,150.89µm
u_transform_scheduler_core.dft12_ram_i\[10\]\[14\],150.84µm
_07698_,150.74µm
u_transform_scheduler_core.u_mixed_radix_butterfly.combine_half_sum_q_reg\[6\],150.74µm
net114,150.74µm
net292,150.74µm
net633,150.74µm
_02213_,150.69µm
net1619,150.33µm
_05661_,150.28µm
net760,150.18µm
_05869_,150.15µm
u_transform_scheduler_core.u_mixed_radix_butterfly.combine_half_sum_i_reg\[15\],150.13µm
net235,150.08µm
clknet_leaf_28_clk_regs,149.82µm
net215,149.72µm
net1055,149.67µm
_05255_,149.52µm
net372,149.16µm
u_transform_scheduler_core.u_mixed_radix_butterfly.x1_i_ext\[5\],149.11µm
_06314_,149.06µm
net747,148.96µm
net442,148.65µm
clknet_leaf_10_clk_regs,148.6µm
_05960_,148.55µm
net702,148.55µm
_04576_,148.45µm
_05689_,148.45µm
_07784_,148.45µm
net718,148.45µm
net745,148.45µm
_05733_,148.4µm
_08276_,148.4µm
net1128,148.09µm
net1482,148.04µm
_04072_,147.89µm
_05173_,147.89µm
net1321,147.53µm
u_transform_scheduler_core.dft12_ram_i\[11\]\[12\],147.43µm
clknet_leaf_26_clk_regs,147.43µm
_04750_,147.33µm
u_transform_scheduler_core.tx_dft12_block_ready,147.33µm
u_transform_scheduler_core.u_mixed_radix_butterfly.x2_q_ext\[0\],147.33µm
_09892_,147.28µm
net736,147.28µm
net758,147.28µm
net1543,147.07µm
net1389,147.02µm
net1396,146.82µm
_05874_,146.77µm
net307,146.77µm
net744,146.77µm
_08002_,146.72µm
_05391_,146.31µm
net1613,146.31µm
_06982_,146.21µm
_07127_,146.16µm
net748,146.16µm
u_transform_scheduler_core.u_mixed_radix_butterfly.combine_x0_q_reg\[1\],145.85µm
net1623,145.85µm
clknet_leaf_153_clk_regs,145.8µm
net1302,145.75µm
clknet_leaf_60_clk_regs,145.75µm
_05791_,145.65µm
_09779_,145.6µm
net751,145.6µm
net567,145.29µm
u_transform_scheduler_core.u_mixed_radix_butterfly.combine_x0_q_reg\[10\],145.24µm
net1463,145.24µm
_05969_,145.09µm
net671,145.09µm
net1089,144.93µm
net311,144.91µm
net525,144.78µm
_02251_,144.58µm
u_transform_scheduler_core.u_mixed_radix_butterfly.x0_i_ext\[8\],144.58µm
_02600_,144.48µm
_04480_,144.48µm
net722,144.48µm
net647,144.35µm
net1390,144.32µm
net394,144.17µm
_05441_,144.07µm
net775,144.07µm
net224,144.02µm
_05179_,143.97µm
clknet_leaf_290_clk_regs,143.93µm
net382,143.56µm
net1256,143.56µm
_03307_,143.51µm
net1220,143.51µm
net67,143.46µm
_04321_,143.41µm
_04662_,143µm
_05838_,142.9µm
u_transform_scheduler_core.bf_X0_i\[4\],142.9µm
net743,142.9µm
net766,142.85µm
_05481_,142.8µm
net724,142.8µm
net765,142.8µm
net1479,142.64µm
_00317_,142.39µm
u_transform_scheduler_core.u_mixed_radix_butterfly.x2_q_ext\[1\],142.39µm
_03289_,142.29µm
_05785_,142.29µm
net1553,142.29µm
net1559,142.03µm
net220,141.93µm
u_transform_scheduler_core.tx_output_busy,141.78µm
u_transform_scheduler_core.u_mixed_radix_butterfly.premultiply_input_q_reg\[1\],141.78µm
net1434,141.78µm
net1529,141.78µm
_06561_,141.73µm
_09788_,141.73µm
_09886_,141.73µm
net715,141.73µm
net730,141.73µm
net759,141.68µm
u_transform_scheduler_core.u_fft128_modulo_controller.result_j\[5\],141.6µm
net855,141.47µm
net1470,141.37µm
net1570,141.37µm
clknet_leaf_191_clk_regs,141.37µm
u_transform_scheduler_core.fifo_radix3\[0\]\[0\],141.32µm
_06601_,141.27µm
net1307,141.27µm
u_transform_scheduler_core.u_fft128_modulo_controller.fetch_stage\[2\],141.22µm
_02588_,141.12µm
net1066,140.96µm
clknet_leaf_186_clk_regs,140.92µm
net296,140.86µm
net932,140.81µm
net1472,140.71µm
_05987_,140.66µm
net727,140.66µm
net764,140.66µm
net22,140.56µm
net1585,140.25µm
clknet_leaf_48_clk_regs,140.25µm
_03313_,140.15µm
net250,140.15µm
net762,140.1µm
net1523,140.1µm
net740,140.05µm
_07480_,140µm
net652,139.87µm
clknet_leaf_187_clk_regs,139.84µm
net731,139.64µm
net1480,139.64µm
_06778_,139.59µm
net1524,139.59µm
_05275_,139.54µm
clknet_leaf_164_clk_regs,139.13µm
_06091_,138.98µm
_07558_,138.98µm
u_transform_scheduler_core.u_mixed_radix_butterfly.x2_q_ext\[6\],138.98µm
net538,138.98µm
_02767_,138.93µm
u_transform_scheduler_core.u_mixed_radix_butterfly.premultiply_half_sum_q_reg\[7\],138.93µm
net951,138.93µm
clknet_leaf_307_clk_regs,138.93µm
net732,138.88µm
net1598,138.67µm
net600,138.62µm
u_transform_scheduler_core.u_fft128_modulo_controller.fetch_j\[4\],138.52µm
net431,138.47µm
net1383,138.47µm
net380,138.42µm
_04032_,138.37µm
_07575_,138.37µm
net714,138.32µm
clknet_leaf_124_clk_regs,138.21µm
clknet_leaf_129_clk_regs,138.16µm
clknet_leaf_242_clk_regs,138.11µm
clknet_leaf_205_clk_regs,138.06µm
net648,138.01µm
net1331,138.01µm
clknet_leaf_140_clk_regs,138.01µm
net641,137.96µm
clknet_leaf_227_clk_regs,137.96µm
u_transform_scheduler_core.mod_diag_X0_i\[15\],137.86µm
net750,137.76µm
net211,137.5µm
_05946_,137.4µm
net620,137.4µm
net977,137.4µm
_03499_,137.35µm
net309,137.35µm
net754,137.3µm
net1611,137.3µm
_05353_,137.25µm
u_transform_scheduler_core.dft12_ram_q\[2\]\[15\],137.25µm
u_transform_scheduler_core.u_mixed_radix_butterfly.x0_i_ext\[4\],137.25µm
net720,137.2µm
net761,137.2µm
net763,137.2µm
net518,136.89µm
clknet_leaf_228_clk_regs,136.89µm
net1583,136.84µm
_02664_,136.74µm
u_transform_scheduler_core.u_mixed_radix_butterfly.premultiply_x0_i_reg\[13\],136.74µm
net1432,136.74µm
net63,136.69µm
_02618_,136.64µm
net741,136.64µm
_04523_,136.18µm
_05887_,136.18µm
u_transform_scheduler_core.u_mixed_radix_butterfly.x0_i_ext\[2\],136.13µm
net717,136.08µm
net1332,135.82µm
clknet_leaf_241_clk_regs,135.82µm
top_state\[6\],135.67µm
net590,135.67µm
net719,135.67µm
_08747_,135.57µm
u_transform_scheduler_core.mod_diag_addr0\[2\],135.57µm
net1299,135.57µm
net654,135.54µm
_06316_,135.52µm
_07580_,135.52µm
clknet_leaf_122_clk_regs,135.49µm
net1029,135.39µm
net1320,135.36µm
u_transform_scheduler_core.dft12_ram_i\[2\]\[14\],135.26µm
net1322,135.16µm
u_transform_scheduler_core.u_mixed_radix_butterfly.combine_x0_i_reg\[7\],135.11µm
u_transform_scheduler_core.u_mixed_radix_butterfly.x1_i_ext\[13\],135.11µm
_08201_,135.01µm
net738,135.01µm
u_transform_scheduler_core.u_fft128_modulo_controller.read_return_count\[2\],134.96µm
net716,134.96µm
u_transform_scheduler_core.u_fft_scratch_sram.u_lo.macro_wdata\[5\],134.82µm
clknet_leaf_224_clk_regs,134.8µm
clknet_leaf_133_clk_regs,134.65µm
clknet_leaf_280_clk_regs,134.65µm
u_transform_scheduler_core.u_fft128_modulo_controller.fetch_j\[5\],134.6µm
clknet_leaf_138_clk_regs,134.6µm
net735,134.55µm
net1436,134.55µm
net1319,134.5µm
_06517_,134.45µm
_05772_,134.4µm
net1392,134.09µm
net1617,134.04µm
net219,133.99µm
net733,133.99µm
net1435,133.99µm
u_transform_scheduler_core.u_mixed_radix_butterfly.arithmetic_half_sum_q_reg\[11\],133.94µm
_02768_,133.89µm
_08291_,133.89µm
net746,133.84µm
net1395,133.58µm
net1007,133.53µm
u_transform_scheduler_core.dft12_ram_i\[2\]\[9\],133.43µm
u_transform_scheduler_core.u_mixed_radix_butterfly.combine_x0_i_reg\[3\],133.43µm
_04735_,133.38µm
u_transform_scheduler_core.mod_diag_X1_q\[7\],133.33µm
net944,133.33µm
_03184_,133.28µm
net1631,132.97µm
clknet_leaf_19_clk_regs,132.97µm
_05963_,132.87µm
net101,132.87µm
net1233,132.87µm
_06239_,132.77µm
net448,132.72µm
net656,132.63µm
clknet_leaf_59_clk_regs,132.46µm
clknet_leaf_220_clk_regs,132.46µm
clknet_leaf_237_clk_regs,132.46µm
net245,132.36µm
clknet_leaf_12_clk_regs,132.36µm
_06901_,132.31µm
clknet_leaf_126_clk_regs,132.31µm
u_transform_scheduler_core.dft12_ram_i\[10\]\[9\],132.26µm
_08766_,132.21µm
clknet_leaf_103_clk_regs,132.21µm
net1318,131.9µm
net1620,131.9µm
_07209_,131.8µm
net375,131.75µm
_06014_,131.65µm
u_transform_scheduler_core.u_mixed_radix_butterfly.combine_x0_q_reg\[12\],131.65µm
net97,131.65µm
_03013_,131.19µm
_06867_,131.19µm
clknet_leaf_297_clk_regs,131.19µm
clknet_leaf_319_clk_regs,131.19µm
_03708_,131.09µm
_08208_,131.09µm
_06032_,131.04µm
_06409_,131.04µm
_07581_,131.04µm
net861,130.83µm
clknet_leaf_325_clk_regs,130.83µm
clknet_leaf_223_clk_regs,130.78µm
_06624_,130.58µm
clknet_leaf_136_clk_regs,130.58µm
_06485_,130.53µm
clknet_leaf_11_clk_regs,130.07µm
_03208_,130.02µm
u_transform_scheduler_core.u_mixed_radix_butterfly.arithmetic_half_sum_q_reg\[7\],129.97µm
u_transform_scheduler_core.dft12_ram_i\[10\]\[12\],129.41µm
net301,129.1µm
_05471_,129.05µm
net1306,129.05µm
net1386,129.05µm
clknet_leaf_5_clk_regs,129.05µm
clknet_leaf_221_clk_regs,129.05µm
clknet_leaf_20_clk_regs,128.95µm
_08270_,128.9µm
_06625_,128.85µm
net978,128.49µm
net1439,128.44µm
u_transform_scheduler_core.u_mixed_radix_butterfly.combine_x0_i_reg\[10\],128.39µm
net217,128.39µm
clknet_leaf_69_clk_regs,128.39µm
clknet_leaf_203_clk_regs,128.39µm
clknet_leaf_152_clk_regs,128.37µm
u_transform_scheduler_core.u_mixed_radix_butterfly.premultiply_input_q_reg\[2\],128.29µm
u_transform_scheduler_core.u_mixed_radix_butterfly.arithmetic_x0_i_reg\[7\],128.24µm
net943,128.24µm
clknet_leaf_214_clk_regs,127.98µm
u_transform_scheduler_core.u_mixed_radix_butterfly.low_iq_reg\[17\],127.78µm
net653,127.78µm
net661,127.73µm
_06998_,127.68µm
_07505_,127.68µm
clknet_leaf_88_clk_regs,127.37µm
net1455,127.32µm
clknet_leaf_207_clk_regs,126.96µm
net1399,126.91µm
clknet_leaf_54_clk_regs,126.86µm
_05798_,126.81µm
_01987_,126.71µm
clknet_leaf_286_clk_regs,126.71µm
_06631_,126.51µm
clknet_1_1__leaf_clk,126.42µm
net1193,126.3µm
_04917_,126.25µm
net1184,126.2µm
net552,126.1µm
_05583_,126.05µm
_06602_,126µm
_08471_,126µm
clknet_leaf_134_clk_regs,125.64µm
net642,125.59µm
_08304_,125.44µm
clknet_leaf_71_clk_regs,125.23µm
net931,124.98µm
clknet_leaf_298_clk_regs,124.98µm
_07091_,124.93µm
_06980_,124.88µm
clknet_leaf_55_clk_regs,124.67µm
net1612,124.47µm
clknet_leaf_236_clk_regs,124.47µm
_05177_,124.42µm
_09838_,124.32µm
clknet_leaf_105_clk_regs,124.06µm
u_transform_scheduler_core.u_fft128_modulo_controller.fetch_j\[3\],123.96µm
net1542,123.96µm
_05585_,123.86µm
u_transform_scheduler_core.u_mixed_radix_butterfly.premultiply_input_q_reg\[5\],123.86µm
net930,123.81µm
_03130_,123.55µm
clknet_leaf_296_clk_regs,123.5µm
clknet_leaf_62_clk_regs,123.4µm
clknet_leaf_326_clk_regs,123.4µm
net298,123.35µm
net1607,123.35µm
_05154_,123.25µm
_08923_,123.25µm
_02255_,123.2µm
_05810_,123.2µm
clknet_leaf_196_clk_regs,122.84µm
u_transform_scheduler_core.u_mixed_radix_butterfly.x1_i_ext\[0\],122.79µm
net253,122.79µm
clknet_leaf_74_clk_regs,122.79µm
u_transform_scheduler_core.u_mixed_radix_butterfly.x2_q_ext\[7\],122.74µm
net941,122.74µm
u_transform_scheduler_core.u_mixed_radix_butterfly.twiddle_im_reg\[3\],122.69µm
_05449_,122.64µm
_06459_,122.64µm
_07357_,122.64µm
u_transform_scheduler_core.u_mixed_radix_butterfly.arithmetic_half_sum_i_reg\[3\],122.64µm
clknet_leaf_190_clk_regs,122.48µm
clknet_leaf_315_clk_regs,122.33µm
_04556_,122.28µm
clknet_leaf_64_clk_regs,122.28µm
u_transform_scheduler_core.dft12_ram_i\[10\]\[11\],122.18µm
clknet_leaf_229_clk_regs,122.18µm
_02193_,122.13µm
_06748_,122.13µm
u_transform_scheduler_core.dft12_ram_q\[3\]\[15\],122.13µm
net1599,122.13µm
net979,121.92µm
clknet_leaf_283_clk_regs,121.82µm
_05469_,121.67µm
u_transform_scheduler_core.u_fft128_modulo_controller.result_j\[1\],121.67µm
_05153_,121.62µm
_04669_,121.57µm
_06640_,121.57µm
_04190_,121.52µm
clknet_leaf_83_clk_regs,121.26µm
clknet_leaf_139_clk_regs,121.21µm
clknet_leaf_107_clk_regs,121.11µm
_06060_,121.06µm
net854,121.06µm
net1068,121.06µm
_07023_,121.01µm
clknet_leaf_7_clk_regs,120.78µm
_08332_,120.75µm
clknet_leaf_130_clk_regs,120.7µm
clknet_leaf_75_clk_regs,120.5µm
u_transform_scheduler_core.u_mixed_radix_butterfly.x0_i_ext\[1\],120.45µm
_02758_,120.4µm
_03593_,120.4µm
u_transform_scheduler_core.u_mixed_radix_butterfly.combine_half_sum_q_reg\[11\],120.4µm
u_transform_scheduler_core.u_fft_scratch_sram.u_hi.macro_wdata\[1\],120.26µm
net574,120.14µm
net486,120.04µm
net388,119.99µm
_02606_,119.94µm
_05875_,119.89µm
u_transform_scheduler_core.dft12_ram_q\[10\]\[15\],119.89µm
_07395_,119.86µm
_04073_,119.84µm
net376,119.73µm
net1624,119.58µm
net1563,119.53µm
clknet_leaf_0_clk_regs,119.48µm
net868,119.43µm
clknet_leaf_240_clk_regs,119.02µm
_04034_,118.87µm
u_transform_scheduler_core.dft12_ram_i\[4\]\[3\],118.87µm
_06018_,118.77µm
_08422_,118.77µm
u_transform_scheduler_core.ofdm_sample_i\[3\],118.77µm
clknet_leaf_94_clk_regs,118.77µm
u_transform_scheduler_core.u_fft_scratch_sram.macro_wdata\[13\],118.72µm
u_transform_scheduler_core.tx_cp_length_reg\[1\],118.36µm
_04162_,118.31µm
_05860_,118.31µm
_07324_,118.31µm
u_transform_scheduler_core.dft12_ram_q\[11\]\[15\],118.26µm
net142,118.26µm
u_transform_scheduler_core.u_mixed_radix_butterfly.x2_q_ext\[15\],118.21µm
_07676_,118.16µm
clknet_leaf_90_clk_regs,117.85µm
clknet_leaf_125_clk_regs,117.85µm
u_transform_scheduler_core.u_mixed_radix_butterfly.combine_half_sum_i_reg\[11\],117.75µm
u_transform_scheduler_core.mod_diag_X0_q\[5\],117.7µm
_05535_,117.65µm
_07969_,117.65µm
u_transform_scheduler_core.ofdm_fft_block_ready,117.65µm
net1069,117.65µm
_05163_,117.34µm
_03702_,117.09µm
_05936_,117.09µm
u_transform_scheduler_core.u_mixed_radix_butterfly.premultiply_half_sum_q_reg\[2\],117.04µm
net1632,116.93µm
clknet_leaf_206_clk_regs,116.83µm
net1216,116.76µm
_05706_,116.73µm
_04724_,116.68µm
net1588,116.68µm
clknet_leaf_162_clk_regs,116.68µm
net221,116.63µm
clknet_leaf_322_clk_regs,116.63µm
net1051,116.53µm
_02736_,116.48µm
_05756_,116.48µm
clknet_leaf_73_clk_regs,116.12µm
clknet_leaf_158_clk_regs,116.07µm
_03460_,116.02µm
_03462_,116.02µm
_02243_,115.97µm
u_transform_scheduler_core.u_mixed_radix_butterfly.combine_x0_i_reg\[6\],115.97µm
_05790_,115.92µm
net532,115.61µm
clknet_leaf_282_clk_regs,115.61µm
net1213,115.51µm
u_transform_scheduler_core.mod_diag_X0_i\[1\],115.41µm
clknet_leaf_321_clk_regs,115.1µm
clknet_leaf_161_clk_regs,115.05µm
net950,114.95µm
clknet_leaf_144_clk_regs,114.95µm
u_transform_scheduler_core.dft12_ram_i\[2\]\[12\],114.9µm
net1096,114.85µm
clknet_leaf_95_clk_regs,114.49µm
net1364,114.44µm
u_transform_scheduler_core.ofdm_sample_i\[0\],114.34µm
net406,114.34µm
clknet_leaf_116_clk_regs,114.34µm
_02385_,114.29µm
_03591_,114.29µm
_06646_,114.29µm
_06633_,114.24µm
clknet_leaf_44_clk_regs,114.03µm
net1185,113.93µm
_09776_,113.88µm
u_transform_scheduler_core.ofdm_sample_valid,113.88µm
net249,113.88µm
net1092,113.88µm
_05683_,113.83µm
_06111_,113.78µm
clknet_leaf_58_clk_regs,113.78µm
net1094,113.73µm
_00318_,113.68µm
_02620_,113.68µm
_06152_,113.68µm
_04583_,113.42µm
clknet_leaf_166_clk_regs,113.42µm
clknet_leaf_252_clk_regs,113.37µm
clknet_leaf_284_clk_regs,113.37µm
_05262_,113.22µm
net771,113.22µm
net1535,113.22µm
_09429_,113.17µm
u_transform_scheduler_core.u_mixed_radix_butterfly.premultiply_input_i_reg\[14\],113.17µm
net1064,113.17µm
clknet_leaf_101_clk_regs,112.96µm
net1305,112.86µm
clknet_leaf_195_clk_regs,112.86µm
net530,112.76µm
_07616_,112.71µm
u_transform_scheduler_core.u_mixed_radix_butterfly.x2_q_ext\[14\],112.71µm
net1499,112.71µm
clknet_leaf_39_clk_regs,112.71µm
u_transform_scheduler_core.small_sent_x0_q,112.66µm
u_transform_scheduler_core.u_mixed_radix_butterfly.x2_q_ext\[12\],112.61µm
net218,112.61µm
net929,112.61µm
_08826_,112.56µm
_04776_,112.25µm
clknet_leaf_9_clk_regs,112.15µm
clknet_leaf_38_clk_regs,112.15µm
_02642_,112.05µm
_09913_,112.05µm
net1528,112.05µm
_05894_,112µm
_06918_,112µm
u_transform_scheduler_core.rx_state\[3\],111.74µm
net302,111.64µm
_03698_,111.44µm
_08253_,111.44µm
_05279_,111.03µm
clknet_leaf_292_clk_regs,110.98µm
_09226_,110.93µm
_06628_,110.88µm
clknet_leaf_70_clk_regs,110.57µm
clknet_leaf_79_clk_regs,110.57µm
clknet_leaf_250_clk_regs,110.57µm
_04599_,110.52µm
u_transform_scheduler_core.u_mixed_radix_butterfly.arithmetic_x0_i_reg\[15\],110.52µm
_05886_,110.51µm
net935,110.47µm
clknet_leaf_143_clk_regs,110.47µm
clknet_leaf_254_clk_regs,110.47µm
_05165_,110.42µm
net1453,110.42µm
_09772_,110.37µm
net1304,110.06µm
net1070,110.01µm
clknet_leaf_35_clk_regs,110.01µm
net1605,109.81µm
clknet_leaf_8_clk_regs,109.6µm
net1431,109.4µm
clknet_leaf_56_clk_regs,109.4µm
_03265_,109.35µm
_06008_,109.25µm
u_transform_scheduler_core.u_fft128_modulo_controller.fetch_j\[1\],108.94µm
net1031,108.89µm
net1359,108.89µm
net1210,108.84µm
u_transform_scheduler_core.dft12_ram_i\[11\]\[11\],108.79µm
net1404,108.79µm
clknet_leaf_36_clk_regs,108.79µm
clknet_leaf_287_clk_regs,108.79µm
u_transform_scheduler_core.u_mixed_radix_butterfly.twiddle_im_reg\[6\],108.74µm
net872,108.74µm
u_transform_scheduler_core.dft12_ram_q\[5\]\[4\],108.69µm
u_transform_scheduler_core.mod_diag_X1_i\[5\],108.69µm
net1,108.64µm
u_transform_scheduler_core.mod_diag_X1_q\[9\],108.64µm
u_transform_scheduler_core.mod_diag_addr1\[1\],108.43µm
u_transform_scheduler_core.u_fft128_modulo_controller.fetch_j\[2\],108.33µm
clknet_leaf_63_clk_regs,108.33µm
net233,108.23µm
u_transform_scheduler_core.u_fdiq_output_adapter.sample_i_reg\[3\],108.18µm
net1369,108.18µm
_08908_,108.08µm
clknet_leaf_189_clk_regs,107.77µm
clknet_leaf_291_clk_regs,107.77µm
_05356_,107.67µm
net252,107.67µm
net569,107.62µm
_07335_,107.57µm
_08187_,107.52µm
_09782_,107.11µm
net1394,107.11µm
clknet_leaf_49_clk_regs,107.06µm
clknet_leaf_98_clk_regs,107.06µm
_02761_,107.01µm
net1057,106.75µm
_03277_,106.6µm
clknet_leaf_233_clk_regs,106.6µm
clknet_leaf_285_clk_regs,106.6µm
_08449_,106.5µm
net644,106.47µm
clknet_leaf_148_clk_regs,106.04µm
_04742_,105.99µm
_05882_,105.99µm
net617,105.99µm
clknet_leaf_293_clk_regs,105.99µm
clknet_leaf_303_clk_regs,105.99µm
_02236_,105.94µm
u_transform_scheduler_core.u_mixed_radix_butterfly.twiddle_im_reg\[2\],105.94µm
net1385,105.94µm
_08106_,105.84µm
_08335_,105.84µm
u_transform_scheduler_core.u_mixed_radix_butterfly.multiply_phase\[2\],105.63µm
net1387,105.58µm
net1401,105.58µm
_03059_,105.48µm
_02869_,105.43µm
net260,105.43µm
clknet_leaf_222_clk_regs,105.43µm
_06136_,105.28µm
clknet_leaf_109_clk_regs,105.23µm
net1457,104.97µm
_05392_,104.92µm
_05480_,104.82µm
echo_data\[1\],104.82µm
clknet_leaf_239_clk_regs,104.82µm
_03647_,104.77µm
_08165_,104.77µm
net1621,104.77µm
_08186_,104.72µm
net607,104.31µm
_06857_,104.26µm
u_transform_scheduler_core.u_mixed_radix_butterfly.premultiply_twiddle_im_reg\[0\],104.26µm
net1618,104.26µm
_03190_,104.21µm
u_transform_scheduler_core.u_mixed_radix_butterfly.combine_product_re_reg\[6\],104.21µm
_05973_,104.16µm
u_transform_scheduler_core.u_mixed_radix_butterfly.product_ii_reg\[9\],104.16µm
net509,103.95µm
clknet_leaf_150_clk_regs,103.85µm
clknet_leaf_213_clk_regs,103.8µm
u_transform_scheduler_core.rx_state\[0\],103.75µm
clknet_leaf_87_clk_regs,103.75µm
u_transform_scheduler_core.u_mixed_radix_butterfly.x0_q_ext\[12\],103.7µm
net1095,103.7µm
net1119,103.7µm
_05183_,103.65µm
clknet_leaf_212_clk_regs,103.39µm
clknet_leaf_23_clk_regs,103.34µm
net1323,103.29µm
clknet_leaf_155_clk_regs,103.29µm
_02953_,103.19µm
u_transform_scheduler_core.u_mixed_radix_butterfly.arithmetic_half_sum_i_reg\[4\],103.14µm
net1059,103.14µm
clknet_leaf_277_clk_regs,102.78µm
clknet_leaf_294_clk_regs,102.78µm
u_transform_scheduler_core.u_mixed_radix_butterfly.combine_x0_q_reg\[3\],102.68µm
clknet_leaf_99_clk_regs,102.68µm
net573,102.63µm
_03458_,102.58µm
u_transform_scheduler_core.mod_diag_X0_i\[5\],102.58µm
u_transform_scheduler_core.mod_diag_X1_q\[1\],102.58µm
u_transform_scheduler_core.mod_diag_addr0\[0\],102.58µm
_05802_,102.53µm
u_transform_scheduler_core.u_fft128_modulo_controller.result_stage\[0\],102.53µm
_02665_,102.48µm
_05718_,102.48µm
_06647_,102.48µm
_07238_,102.48µm
net1366,102.12µm
clknet_leaf_281_clk_regs,102.12µm
clknet_leaf_46_clk_regs,102.07µm
clknet_leaf_210_clk_regs,102.07µm
_05324_,102.02µm
_08942_,102.02µm
net423,102.02µm
net1106,101.56µm
clknet_leaf_37_clk_regs,101.56µm
clknet_leaf_128_clk_regs,101.51µm
_05703_,101.46µm
u_transform_scheduler_core.mod_diag_X1_q\[6\],101.41µm
net1221,101.41µm
_06521_,101.36µm
u_transform_scheduler_core.dft12_ram_i\[5\]\[9\],101.36µm
u_transform_scheduler_core.dft12_ram_i\[2\]\[2\],101.23µm
u_transform_scheduler_core.dft12_ram_q\[5\]\[2\],100.95µm
clknet_leaf_24_clk_regs,100.95µm
clknet_leaf_215_clk_regs,100.95µm
_02675_,100.85µm
u_transform_scheduler_core.u_mixed_radix_butterfly.arithmetic_x0_q_reg\[6\],100.85µm
u_transform_scheduler_core.u_mixed_radix_butterfly.combine_x0_i_reg\[15\],100.85µm
u_transform_scheduler_core.u_mixed_radix_butterfly.x2_q_ext\[3\],100.85µm
_09149_,100.8µm
net776,100.44µm
clknet_leaf_302_clk_regs,100.44µm
clknet_leaf_81_clk_regs,100.39µm
net1183,100.34µm
_05089_,100.29µm
_02892_,100.03µm
net1471,99.78µm
clknet_leaf_169_clk_regs,99.78µm
_08548_,99.68µm
clknet_leaf_180_clk_regs,99.47µm
clknet_leaf_230_clk_regs,99.32µm
_04558_,99.27µm
net1242,99.17µm
_02034_,99.12µm
_02760_,99.12µm
_07011_,99.12µm
clknet_leaf_182_clk_regs,98.76µm
_08478_,98.66µm
u_transform_scheduler_core.u_mixed_radix_butterfly.combine_x0_i_reg\[14\],98.66µm
_04178_,98.61µm
_02741_,98.56µm
_08738_,98.56µm
net554,98.56µm
clknet_leaf_6_clk_regs,98.2µm
clknet_leaf_175_clk_regs,98.15µm
_04806_,98.1µm
u_transform_scheduler_core.u_mixed_radix_butterfly.arithmetic_half_sum_i_reg\[6\],98.1µm
clknet_leaf_102_clk_regs,97.74µm
_03202_,97.64µm
clknet_leaf_57_clk_regs,97.64µm
_02808_,97.49µm
_06515_,97.49µm
clknet_leaf_66_clk_regs,97.49µm
_02599_,97.44µm
clknet_leaf_118_clk_regs,97.13µm
u_transform_scheduler_core.dft12_ram_i\[7\]\[12\],97.01µm
_02197_,96.98µm
u_transform_scheduler_core.dft12_base\[3\],96.88µm
u_transform_scheduler_core.dft12_ram_i\[11\]\[4\],96.88µm
u_transform_scheduler_core.u_fft_scratch_sram.macro_wdata\[14\],96.88µm
net1073,96.67µm
u_transform_scheduler_core.u_mixed_radix_butterfly.combine_x0_q_reg\[14\],96.57µm
u_transform_scheduler_core.tx_mem_addr\[1\],96.52µm
clknet_leaf_137_clk_regs,96.52µm
clknet_leaf_318_clk_regs,96.52µm
_03260_,96.47µm
u_transform_scheduler_core.u_fdiq_output_adapter.sample_i_reg\[15\],96.47µm
net1512,96.47µm
_04884_,96.42µm
u_transform_scheduler_core.u_fdiq_input_adapter.input_sample_index\[3\],96.37µm
net65,96.37µm
net970,96.37µm
clknet_leaf_249_clk_regs,96.37µm
net414,95.96µm
u_transform_scheduler_core.small_sent_uop,95.91µm
u_transform_scheduler_core.dft12_ram_i\[2\]\[11\],95.86µm
u_transform_scheduler_core.dft12_ram_q\[5\]\[6\],95.86µm
u_transform_scheduler_core.u_mixed_radix_butterfly.scalar_operand\[3\],95.86µm
clknet_leaf_299_clk_regs,95.86µm
_05542_,95.81µm
_07989_,95.81µm
_05457_,95.76µm
net969,95.76µm
clknet_leaf_308_clk_regs,95.35µm
u_transform_scheduler_core.dft12_ram_q\[4\]\[12\],95.3µm
_09151_,95.25µm
_00064_,95.2µm
_08319_,95.2µm
_08326_,95.2µm
clknet_leaf_72_clk_regs,94.99µm
clknet_leaf_51_clk_regs,94.89µm
clknet_leaf_93_clk_regs,94.89µm
net704,94.84µm
_05678_,94.79µm
_06755_,94.79µm
clknet_leaf_218_clk_regs,94.79µm
_04723_,94.74µm
net803,94.74µm
_05730_,94.69µm
_02669_,94.64µm
u_transform_scheduler_core.u_mixed_radix_butterfly.x1_i_ext\[9\],94.28µm
clknet_leaf_177_clk_regs,94.28µm
_07468_,94.23µm
_06131_,94.18µm
clknet_leaf_300_clk_regs,94.18µm
u_transform_scheduler_core.u_mixed_radix_butterfly.premultiply_half_sum_i_reg\[5\],94.13µm
clknet_leaf_328_clk_regs,93.87µm
net936,93.72µm
clknet_leaf_3_clk_regs,93.72µm
u_transform_scheduler_core.dft12_ram_i\[2\]\[13\],93.67µm
net1476,93.67µm
clknet_leaf_100_clk_regs,93.67µm
u_transform_scheduler_core.dft12_ram_q\[5\]\[7\],93.62µm
_02199_,93.57µm
_07638_,93.57µm
_07483_,93.52µm
clknet_leaf_209_clk_regs,93.11µm
u_transform_scheduler_core.u_fft128_modulo_controller.result_stage\[1\],93.06µm
net705,93.06µm
clknet_leaf_251_clk_regs,93.06µm
u_transform_scheduler_core.u_mixed_radix_butterfly.twiddle_re_reg\[1\],92.96µm
_07386_,92.7µm
net1056,92.7µm
clknet_leaf_111_clk_regs,92.7µm
clknet_leaf_238_clk_regs,92.65µm
net1537,92.6µm
u_transform_scheduler_core.u_mixed_radix_butterfly.combine_x0_i_reg\[1\],92.55µm
clknet_leaf_31_clk_regs,92.55µm
u_transform_scheduler_core.small_sent_x2_q,92.5µm
u_transform_scheduler_core.u_fdiq_output_adapter.sample_i_reg\[6\],92.5µm
_05447_,92.45µm
_06520_,92.45µm
u_transform_scheduler_core.u_mixed_radix_butterfly.combine_half_sum_i_reg\[2\],92.45µm
_03064_,92.4µm
_07635_,92.4µm
_08720_,92.4µm
net437,92.09µm
clknet_leaf_151_clk_regs,92.04µm
_06819_,91.99µm
u_transform_scheduler_core.dft12_ram_i\[5\]\[12\],91.99µm
u_transform_scheduler_core.small_sent_twiddle_re,91.99µm
net1459,91.99µm
clknet_leaf_47_clk_regs,91.99µm
_07636_,91.89µm
_08434_,91.89µm
u_transform_scheduler_core.u_mixed_radix_butterfly.premultiply_input_i_reg\[11\],91.89µm
clknet_leaf_225_clk_regs,91.89µm
_07388_,91.66µm
net800,91.58µm
_05213_,91.38µm
_06933_,91.33µm
net630,91.33µm
_08541_,91.28µm
clknet_leaf_173_clk_regs,90.97µm
clknet_leaf_21_clk_regs,90.92µm
_02803_,90.87µm
clknet_leaf_29_clk_regs,90.87µm
u_transform_scheduler_core.dft12_ram_q\[5\]\[14\],90.82µm
net602,90.82µm
u_transform_scheduler_core.mod_diag_X1_q\[10\],90.77µm
net283,90.77µm
_05369_,90.72µm
_05373_,90.72µm
_05913_,90.72µm
_06527_,90.72µm
_06767_,90.72µm
clknet_leaf_258_clk_regs,90.46µm
clknet_leaf_45_clk_regs,90.41µm
_03718_,90.31µm
_07380_,90.31µm
clknet_leaf_320_clk_regs,90.31µm
u_transform_scheduler_core.dft12_ram_i\[4\]\[9\],90.26µm
clknet_leaf_273_clk_regs,90.26µm
_05758_,90.21µm
_07415_,90.16µm
_08429_,90.16µm
u_transform_scheduler_core.mod_diag_addr0\[3\],90.16µm
net632,90.16µm
clknet_leaf_16_clk_regs,89.85µm
u_transform_scheduler_core.u_fft128_modulo_controller.result_group\[1\],89.8µm
u_transform_scheduler_core.u_mixed_radix_butterfly.combine_half_sum_q_reg\[2\],89.8µm
_04920_,89.7µm
u_transform_scheduler_core.u_mixed_radix_butterfly.combine_x0_i_reg\[11\],89.7µm
_04801_,89.65µm
_05442_,89.6µm
_05467_,89.29µm
net949,89.29µm
clknet_leaf_61_clk_regs,89.24µm
clknet_leaf_235_clk_regs,89.24µm
net1440,89.19µm
_03178_,89.14µm
clknet_leaf_110_clk_regs,89.14µm
clknet_leaf_271_clk_regs,89.14µm
u_transform_scheduler_core.mod_diag_X1_q\[14\],89.09µm
_05923_,89.04µm
u_transform_scheduler_core.dft12_ram_q\[2\]\[12\],89.04µm
u_transform_scheduler_core.dft12_ram_i\[5\]\[15\],88.63µm
u_transform_scheduler_core.u_mixed_radix_butterfly.combine_x0_q_reg\[2\],88.63µm
clknet_leaf_204_clk_regs,88.63µm
u_transform_scheduler_core.dft12_ram_q\[5\]\[10\],88.58µm
_06024_,88.53µm
u_transform_scheduler_core.dft12_ram_i\[6\]\[8\],88.53µm
_02553_,88.48µm
_06745_,88.48µm
clknet_leaf_156_clk_regs,88.48µm
u_transform_scheduler_core.u_mixed_radix_butterfly.combine_x0_i_reg\[5\],88.17µm
u_transform_scheduler_core.dft12_ram_q\[5\]\[9\],88.12µm
_05977_,88.07µm
u_transform_scheduler_core.dft12_ram_i\[5\]\[14\],88.07µm
clknet_leaf_27_clk_regs,88.07µm
clknet_leaf_181_clk_regs,88.07µm
_05489_,88.02µm
echo_data\[5\],88.02µm
clknet_leaf_198_clk_regs,88.02µm
u_transform_scheduler_core.rx_fft128_index\[6\],87.56µm
_05725_,87.55µm
_05343_,87.41µm
_06871_,87.36µm
clknet_leaf_245_clk_regs,87.05µm
u_transform_scheduler_core.dft12_ram_q\[2\]\[6\],86.9µm
clknet_leaf_145_clk_regs,86.9µm
_03592_,86.85µm
_04456_,86.85µm
_05673_,86.85µm
_08727_,86.85µm
u_transform_scheduler_core.dft12_ram_i\[10\]\[1\],86.85µm
_03657_,86.8µm
_08978_,86.8µm
_03143_,86.54µm
u_transform_scheduler_core.u_mixed_radix_butterfly.x1_q_ext\[9\],86.54µm
clknet_leaf_40_clk_regs,86.49µm
clknet_leaf_127_clk_regs,86.49µm
u_transform_scheduler_core.u_mixed_radix_butterfly.combine_product_im_reg\[7\],86.44µm
u_transform_scheduler_core.u_fdiq_input_adapter.input_sample_index\[1\],86.39µm
_04770_,86.34µm
_05823_,86.34µm
net1502,86.34µm
_05649_,86.29µm
u_transform_scheduler_core.dft12_ram_i\[5\]\[4\],86.29µm
u_transform_scheduler_core.mod_diag_X1_q\[11\],86.29µm
net231,86.29µm
clknet_leaf_323_clk_regs,86.29µm
_08961_,86.24µm
clknet_leaf_248_clk_regs,85.93µm
_02750_,85.83µm
u_transform_scheduler_core.fft128_tx_active,85.83µm
clknet_leaf_269_clk_regs,85.83µm
_05152_,85.78µm
_03194_,85.7µm
_03173_,85.68µm
_05344_,85.37µm
clknet_leaf_192_clk_regs,85.37µm
u_transform_scheduler_core.dft12_ram_q\[2\]\[14\],85.32µm
u_transform_scheduler_core.dft12_ram_q\[5\]\[8\],85.32µm
u_transform_scheduler_core.dft12_ram_i\[5\]\[10\],85.27µm
u_transform_scheduler_core.dft12_ram_q\[2\]\[1\],85.27µm
clknet_leaf_149_clk_regs,85.27µm
clknet_leaf_257_clk_regs,85.27µm
clknet_leaf_278_clk_regs,85.22µm
_07418_,85.17µm
_08754_,85.17µm
u_transform_scheduler_core.dft12_ram_i\[8\]\[9\],85.17µm
net390,85.17µm
_05784_,85.12µm
_06997_,85.12µm
u_transform_scheduler_core.dft12_ram_q\[5\]\[12\],84.71µm
net230,84.66µm
clknet_leaf_32_clk_regs,84.66µm
_04406_,84.61µm
_05093_,84.61µm
net767,84.61µm
clknet_leaf_193_clk_regs,84.61µm
_06929_,84.56µm
_07513_,84.56µm
_04802_,84.44µm
clknet_leaf_43_clk_regs,84.2µm
clknet_leaf_91_clk_regs,84.2µm
_09615_,84.15µm
u_transform_scheduler_core.dft12_ram_i\[2\]\[8\],84.15µm
u_transform_scheduler_core.u_mixed_radix_butterfly.x1_i_ext\[8\],84.15µm
clknet_leaf_34_clk_regs,84.15µm
_02682_,84.1µm
_07043_,84.05µm
_08622_,84.05µm
u_transform_scheduler_core.dft12_ram_q\[10\]\[12\],84.05µm
net1188,84.05µm
_02225_,84µm
_08063_,84µm
_05203_,83.79µm
u_transform_scheduler_core.dft12_ram_i\[7\]\[4\],83.59µm
_00392_,83.54µm
net1487,83.54µm
_06289_,83.44µm
clknet_leaf_165_clk_regs,83.03µm
clknet_leaf_168_clk_regs,83.03µm
_09655_,82.93µm
u_transform_scheduler_core.dft12_ram_q\[5\]\[5\],82.93µm
clknet_leaf_135_clk_regs,82.93µm
_02125_,82.88µm
_04868_,82.47µm
_05271_,82.42µm
u_transform_scheduler_core.u_mixed_radix_butterfly.combine_product_im_reg\[2\],82.42µm
u_transform_scheduler_core.mod_diag_X1_q\[5\],82.37µm
clknet_leaf_4_clk_regs,82.01µm
clknet_leaf_113_clk_regs,82.01µm
_03692_,81.96µm
u_transform_scheduler_core.dft12_ram_q\[5\]\[15\],81.91µm
u_transform_scheduler_core.tx_mem_addr\[2\],81.91µm
net1030,81.91µm
net1580,81.91µm
net1365,81.86µm
net1539,81.86µm
_05479_,81.81µm
_08225_,81.76µm
_02875_,81.5µm
clknet_leaf_17_clk_regs,81.5µm
net828,81.4µm
_05037_,81.35µm
u_transform_scheduler_core.dft12_ram_i\[2\]\[5\],81.35µm
_02196_,81.25µm
_02804_,81.25µm
net1257,81.25µm
_07107_,81.2µm
_08606_,81.2µm
_06096_,80.84µm
net957,80.84µm
clknet_leaf_85_clk_regs,80.84µm
_04782_,80.79µm
clknet_leaf_179_clk_regs,80.79µm
_08427_,80.74µm
u_transform_scheduler_core.dft12_ram_i\[5\]\[3\],80.74µm
clknet_leaf_96_clk_regs,80.74µm
_05617_,80.69µm
_08534_,80.69µm
net1496,80.69µm
_05736_,80.64µm
net1362,80.33µm
_05674_,80.27µm
clknet_leaf_80_clk_regs,80.22µm
clknet_leaf_306_clk_regs,80.18µm
_05640_,80.13µm
_10024_,80.13µm
u_transform_scheduler_core.dft12_ram_q\[2\]\[9\],80.13µm
u_transform_scheduler_core.ofdm_sample_q\[0\],80.13µm
net350,80.13µm
clknet_leaf_309_clk_regs,80.13µm
_04962_,80.12µm
_02042_,80.08µm
_09221_,80.08µm
_09293_,80.08µm
net1532,79.72µm
u_transform_scheduler_core.mod_diag_X0_q\[2\],79.67µm
clknet_leaf_327_clk_regs,79.67µm
clknet_leaf_330_clk_regs,79.67µm
clknet_leaf_18_clk_regs,79.62µm
clknet_leaf_25_clk_regs,79.62µm
clknet_leaf_174_clk_regs,79.62µm
clknet_leaf_317_clk_regs,79.62µm
_02315_,79.57µm
_05368_,79.57µm
_07261_,79.57µm
u_transform_scheduler_core.u_mixed_radix_butterfly.arithmetic_half_sum_i_reg\[2\],79.57µm
net318,79.57µm
net650,79.57µm
_08343_,79.52µm
u_transform_scheduler_core.dft12_ram_i\[8\]\[0\],79.11µm
clknet_leaf_289_clk_regs,79.11µm
_05338_,79.06µm
u_transform_scheduler_core.u_mixed_radix_butterfly.combine_x0_q_reg\[4\],79.06µm
_02979_,79.01µm
_08741_,79.01µm
net782,79.01µm
_02117_,78.96µm
_03140_,78.75µm
clknet_leaf_77_clk_regs,78.65µm
_03149_,78.55µm
u_transform_scheduler_core.u_mixed_radix_butterfly.combine_x0_i_reg\[13\],78.55µm
u_transform_scheduler_core.u_mixed_radix_butterfly.twiddle_im_reg\[1\],78.55µm
clknet_leaf_201_clk_regs,78.55µm
u_transform_scheduler_core.mod_diag_X0_q\[7\],78.5µm
u_transform_scheduler_core.u_mixed_radix_butterfly.x1_i_ext\[1\],78.5µm
clknet_leaf_97_clk_regs,78.5µm
_05477_,78.45µm
_06218_,78.45µm
_07273_,78.45µm
u_transform_scheduler_core.dft12_ram_i\[11\]\[5\],78.45µm
u_transform_scheduler_core.mod_diag_X0_q\[6\],78.45µm
_02107_,78.4µm
_05741_,78.4µm
_06810_,78.4µm
u_transform_scheduler_core.dft12_ram_q\[10\]\[3\],78.22µm
_03199_,78.09µm
net867,77.99µm
_05019_,77.94µm
u_transform_scheduler_core.bf_X0_i\[1\],77.94µm
u_transform_scheduler_core.small_sent_x2_i,77.94µm
_02049_,77.89µm
u_transform_scheduler_core.u_mixed_radix_butterfly.x0_q_ext\[13\],77.89µm
_06376_,77.84µm
net1610,77.84µm
u_transform_scheduler_core.dft12_ram_q\[3\]\[11\],77.53µm
_04328_,77.48µm
u_transform_scheduler_core.u_subcarrier_mapper.clear_phase,77.48µm
clknet_leaf_244_clk_regs,77.48µm
_05265_,77.43µm
clknet_leaf_270_clk_regs,77.43µm
u_transform_scheduler_core.dft12_ram_i\[2\]\[1\],77.38µm
clknet_leaf_243_clk_regs,77.38µm
_05822_,77.33µm
_06422_,77.33µm
_08358_,77.33µm
_08758_,77.33µm
u_transform_scheduler_core.u_mixed_radix_butterfly.combine_x0_i_reg\[2\],77.33µm
_05763_,77.28µm
_05381_,76.87µm
u_transform_scheduler_core.dft12_ram_q\[10\]\[11\],76.87µm
_07378_,76.82µm
u_transform_scheduler_core.u_mixed_radix_butterfly.x2_i_ext\[15\],76.82µm
clknet_leaf_147_clk_regs,76.82µm
_09671_,76.77µm
u_transform_scheduler_core.u_mixed_radix_butterfly.x1_q_ext\[13\],76.36µm
u_transform_scheduler_core.dft12_ram_q\[2\]\[7\],76.335µm
clknet_leaf_41_clk_regs,76.31µm
clknet_leaf_86_clk_regs,76.31µm
net1186,76.26µm
_04797_,76.21µm
u_transform_scheduler_core.u_mixed_radix_butterfly.combine_product_re_reg\[2\],76.21µm
_05664_,76.16µm
u_transform_scheduler_core.u_fft128_modulo_controller.fetch_group\[1\],75.98µm
_04526_,75.8µm
u_serializer.byte_index\[0\],75.8µm
u_transform_scheduler_core.dft12_ram_i\[9\]\[0\],75.8µm
u_transform_scheduler_core.dft12_ram_q\[11\]\[13\],75.75µm
clknet_leaf_263_clk_regs,75.75µm
_08355_,75.7µm
_02192_,75.65µm
_07068_,75.65µm
u_transform_scheduler_core.dft12_ram_q\[5\]\[3\],75.65µm
u_transform_scheduler_core.u_mixed_radix_butterfly.product_iq_reg\[21\],75.65µm
net490,75.65µm
_04031_,75.6µm
_07177_,75.6µm
clknet_leaf_288_clk_regs,75.29µm
u_transform_scheduler_core.dft12_ram_i\[4\]\[8\],75.24µm
_04752_,75.09µm
u_transform_scheduler_core.dft12_ram_i\[11\]\[3\],75.09µm
u_transform_scheduler_core.u_fft_scratch_sram.macro_wdata\[9\],75.09µm
_02020_,75.04µm
_06511_,75.04µm
input_left\[0\],74.68µm
clknet_leaf_170_clk_regs,74.68µm
u_transform_scheduler_core.dft12_ram_i\[8\]\[14\],74.63µm
_03180_,74.58µm
_04772_,74.58µm
u_transform_scheduler_core.dft12_ram_i\[1\]\[12\],74.58µm
u_transform_scheduler_core.mod_diag_valid,74.58µm
u_transform_scheduler_core.tx_mem_addr\[3\],74.58µm
_02961_,74.53µm
_04053_,74.53µm
_04582_,74.53µm
_05314_,74.53µm
_02058_,74.48µm
_02743_,74.48µm
net862,74.27µm
u_transform_scheduler_core.dft12_ram_i\[3\]\[15\],74.12µm
net440,74.12µm
_05470_,74.07µm
u_transform_scheduler_core.dft12_ram_q\[1\]\[12\],74.07µm
clknet_leaf_53_clk_regs,74.07µm
clknet_leaf_188_clk_regs,74.07µm
_07939_,74.02µm
u_transform_scheduler_core.dft12_ram_i\[11\]\[0\],74.02µm
u_transform_scheduler_core.u_mixed_radix_butterfly.premultiply_input_i_reg\[13\],74.02µm
_04720_,73.97µm
_09457_,73.97µm
_09261_,73.92µm
u_transform_scheduler_core.u_mixed_radix_butterfly.product_rq_reg\[19\],73.51µm
_07899_,73.46µm
u_transform_scheduler_core.fft128_block_ready,73.46µm
u_transform_scheduler_core.u_mixed_radix_butterfly.x0_i_ext\[15\],73.41µm
clknet_leaf_159_clk_regs,73.05µm
_03063_,73µm
_04808_,73µm
clknet_leaf_78_clk_regs,73µm
clknet_leaf_232_clk_regs,73µm
u_transform_scheduler_core.dft12_ram_q\[11\]\[1\],72.95µm
_05339_,72.85µm
_09234_,72.85µm
u_transform_scheduler_core.dft12_ram_i\[3\]\[12\],72.85µm
clknet_leaf_82_clk_regs,72.85µm
_05541_,72.8µm
_06069_,72.8µm
u_transform_scheduler_core.u_mixed_radix_butterfly.combine_sum_i_reg\[0\],72.8µm
clknet_leaf_13_clk_regs,72.8µm
clknet_leaf_154_clk_regs,72.44µm
clknet_leaf_310_clk_regs,72.39µm
_02990_,72.34µm
u_transform_scheduler_core.dft12_ram_q\[2\]\[8\],72.34µm
u_transform_scheduler_core.dft12_ram_q\[5\]\[13\],72.34µm
u_transform_scheduler_core.u_mixed_radix_butterfly.x1_i_full,72.34µm
clknet_leaf_276_clk_regs,72.34µm
_04270_,72.29µm
u_transform_scheduler_core.u_mixed_radix_butterfly.premultiply_half_sum_q_reg\[1\],72.29µm
clknet_leaf_106_clk_regs,72.28µm
_04212_,72.24µm
_05877_,72.24µm
_03723_,72.03µm
u_transform_scheduler_core.dft12_ram_i\[2\]\[10\],71.93µm
clknet_leaf_146_clk_regs,71.88µm
_05500_,71.78µm
_05986_,71.78µm
_06682_,71.78µm
_05298_,71.73µm
_08311_,71.73µm
_08331_,71.73µm
u_transform_scheduler_core.u_mixed_radix_butterfly.premultiply_input_q_reg\[0\],71.73µm
clknet_leaf_50_clk_regs,71.73µm
_05474_,71.68µm
_06187_,71.68µm
input_left\[2\],71.32µm
_06839_,71.27µm
u_transform_scheduler_core.dft12_ram_q\[10\]\[1\],71.22µm
u_transform_scheduler_core.dft12_ram_q\[8\]\[15\],71.22µm
u_transform_scheduler_core.u_fft128_modulo_controller.fetch_issued,71.22µm
u_transform_scheduler_core.u_mixed_radix_butterfly.product_ii_reg\[10\],71.22µm
net636,71.22µm
_02249_,71.17µm
_03506_,71.17µm
_08351_,71.17µm
_08381_,71.17µm
u_transform_scheduler_core.dft12_ram_q\[5\]\[0\],71.17µm
_02067_,71.12µm
_02476_,71.12µm
_06559_,71.12µm
clknet_leaf_183_clk_regs,71.12µm
_03714_,70.86µm
_07385_,70.71µm
_07986_,70.71µm
_02312_,70.66µm
_08444_,70.66µm
u_transform_scheduler_core.dft12_ram_i\[2\]\[15\],70.66µm
u_transform_scheduler_core.u_mixed_radix_butterfly.x2_q_ext\[13\],70.66µm
clknet_leaf_163_clk_regs,70.66µm
_03200_,70.61µm
_03386_,70.61µm
_07555_,70.61µm
u_transform_scheduler_core.mod_diag_X1_q\[4\],70.61µm
u_transform_scheduler_core.u_mixed_radix_butterfly.combine_product_re_reg\[4\],70.61µm
net625,70.61µm
_06608_,70.56µm
_08860_,70.56µm
u_transform_scheduler_core.dft12_ram_i\[6\]\[6\],70.3µm
_06049_,70.15µm
u_transform_scheduler_core.dft12_ram_q\[8\]\[3\],70.15µm
clknet_leaf_172_clk_regs,70.15µm
_06061_,70.1µm
_09621_,70.1µm
u_transform_scheduler_core.dft12_ram_i\[11\]\[13\],70.1µm
_06085_,70.05µm
_06435_,70µm
_08770_,70µm
u_transform_scheduler_core.dft12_ram_q\[10\]\[6\],69.92µm
u_transform_scheduler_core.u_fft_scratch_sram.u_hi.macro_wdata\[0\],69.91µm
_05078_,69.89µm
clknet_leaf_324_clk_regs,69.82µm
u_transform_scheduler_core.dft12_ram_i\[5\]\[13\],69.69µm
_08398_,69.64µm
clknet_leaf_279_clk_regs,69.64µm
_05195_,69.59µm
_05905_,69.59µm
_09732_,69.59µm
u_transform_scheduler_core.dft12_ram_i\[4\]\[1\],69.59µm
_03543_,69.54µm
_04914_,69.54µm
u_transform_scheduler_core.dft12_ram_i\[10\]\[5\],69.54µm
u_transform_scheduler_core.dft12_ram_q\[3\]\[8\],69.54µm
u_transform_scheduler_core.rx_state\[16\],69.54µm
u_transform_scheduler_core.u_fft128_modulo_controller.result_j\[4\],69.54µm
u_transform_scheduler_core.u_mixed_radix_butterfly.premultiply_x0_q_reg\[6\],69.54µm
u_transform_scheduler_core.u_mixed_radix_butterfly.product_iq_reg\[22\],69.54µm
_05035_,69.49µm
_05917_,69.44µm
_07533_,69.44µm
_07766_,69.44µm
_07812_,69.44µm
u_transform_scheduler_core.dft12_ram_i\[5\]\[1\],69.44µm
net1115,69.31µm
clknet_leaf_42_clk_regs,69.31µm
_05269_,69.13µm
clknet_leaf_84_clk_regs,69.08µm
u_transform_scheduler_core.dft12_ram_i\[1\]\[14\],69.03µm
_03252_,68.98µm
_06254_,68.98µm
u_transform_scheduler_core.u_fdiq_input_adapter.held_i\[4\],68.98µm
_08890_,68.93µm
net47,68.93µm
clknet_leaf_142_clk_regs,68.93µm
u_transform_scheduler_core.dft12_ram_i\[10\]\[3\],68.88µm
u_transform_scheduler_core.u_fft_scratch_sram.rv_hi,68.67µm
clknet_leaf_226_clk_regs,68.57µm
_05352_,68.52µm
_05277_,68.47µm
_09562_,68.47µm
u_transform_scheduler_core.dft12_ram_i\[5\]\[8\],68.47µm
u_transform_scheduler_core.u_mixed_radix_butterfly.low_rq_reg\[17\],68.47µm
clknet_leaf_89_clk_regs,68.47µm
u_transform_scheduler_core.u_fft128_modulo_controller.fetch_group\[2\],68.42µm
_03192_,68.37µm
_05579_,68.37µm
_05102_,68.32µm
_06319_,68.32µm
_07618_,68.32µm
_08421_,68.32µm
_08974_,68.32µm
u_transform_scheduler_core.u_fft128_modulo_controller.fetch_group\[3\],68.21µm
_04606_,67.91µm
_06795_,67.91µm
clknet_leaf_312_clk_regs,67.91µm
u_transform_scheduler_core.u_mixed_radix_butterfly.uop_full,67.86µm
_04977_,67.81µm
_06630_,67.81µm
u_transform_scheduler_core.fifo_x1_i\[0\]\[10\],67.81µm
u_transform_scheduler_core.u_fft_scratch_sram.saved_wdata\[27\],67.81µm
clknet_leaf_167_clk_regs,67.81µm
_02717_,67.76µm
_05097_,67.76µm
_07034_,67.76µm
_05308_,67.45µm
u_transform_scheduler_core.dft12_ram_q\[8\]\[14\],67.4µm
_05525_,67.35µm
u_transform_scheduler_core.dft12_ram_q\[4\]\[9\],67.35µm
clknet_leaf_178_clk_regs,67.3µm
_03388_,67.25µm
_03389_,67.25µm
_05593_,67.25µm
_08141_,67.25µm
u_transform_scheduler_core.u_mixed_radix_butterfly.x2_i_ext\[7\],67.25µm
_07614_,67.2µm
_09017_,67.2µm
_04460_,66.89µm
_10018_,66.79µm
_09050_,66.74µm
u_transform_scheduler_core.u_fdiq_output_adapter.sample_q_reg\[1\],66.74µm
u_transform_scheduler_core.u_mixed_radix_butterfly.arithmetic_x0_i_reg\[12\],66.74µm
clknet_leaf_131_clk_regs,66.74µm
clknet_leaf_313_clk_regs,66.74µm
_02177_,66.69µm
_06230_,66.69µm
u_transform_scheduler_core.dft12_ram_q\[4\]\[6\],66.69µm
u_transform_scheduler_core.mod_diag_X1_q\[12\],66.69µm
_03189_,66.36µm
_07389_,66.28µm
u_transform_scheduler_core.dft12_ram_q\[1\]\[8\],66.23µm
u_transform_scheduler_core.u_tdiq_output_cp_insert.responses_left\[1\],66.23µm
clknet_leaf_160_clk_regs,66.23µm
clknet_leaf_304_clk_regs,66.23µm
_04863_,66.18µm
clknet_leaf_219_clk_regs,66.18µm
_05171_,66.13µm
_08830_,66.13µm
u_transform_scheduler_core.u_tdiq_output_cp_insert.responses_left\[0\],65.72µm
_08776_,65.67µm
u_transform_scheduler_core.mod_diag_addr1\[3\],65.67µm
_05588_,65.62µm
net821,65.62µm
_05365_,65.57µm
_08388_,65.57µm
u_transform_scheduler_core.ofdm_sample_i\[1\],65.57µm
_02076_,65.52µm
_08838_,65.52µm
net655,65.39µm
_09814_,65.24µm
_08396_,65.11µm
clknet_leaf_234_clk_regs,65.11µm
clknet_leaf_314_clk_regs,65.11µm
_04740_,65.06µm
_04813_,65.06µm
_07370_,65.06µm
u_transform_scheduler_core.u_fft128_modulo_controller.read_return_count\[1\],65.06µm
u_transform_scheduler_core.u_mixed_radix_butterfly.premultiply_twiddle_im_reg\[3\],65.06µm
_02254_,65.01µm
_04796_,65.01µm
_06393_,65.01µm
_09229_,65.01µm
u_transform_scheduler_core.dft12_ram_i\[6\]\[5\],65.01µm
u_transform_scheduler_core.u_mixed_radix_butterfly.combine_product_im_reg\[3\],65.01µm
_08200_,64.96µm
_08717_,64.96µm
u_transform_scheduler_core.dft12_ram_q\[9\]\[5\],64.96µm
_05978_,64.6µm
_06859_,64.55µm
u_transform_scheduler_core.dft12_ram_q\[2\]\[0\],64.55µm
u_transform_scheduler_core.dft12_ram_q\[3\]\[14\],64.55µm
u_transform_scheduler_core.u_mixed_radix_butterfly.combine_product_im_reg\[1\],64.55µm
u_transform_scheduler_core.u_mixed_radix_butterfly.x2_i_ext\[14\],64.55µm
_02114_,64.5µm
_05139_,64.5µm
u_transform_scheduler_core.u_mixed_radix_butterfly.low_rr_reg\[17\],64.5µm
_08827_,64.45µm
u_transform_scheduler_core.dft12_ram_i\[4\]\[15\],64.45µm
u_transform_scheduler_core.u_fft128_modulo_controller.result_j\[2\],64.45µm
_04047_,64.4µm
_07363_,64.4µm
_07747_,64.4µm
u_transform_scheduler_core.fifo_inverse\[0\]\[0\],64.4µm
u_serializer.byte_index\[1\],64.09µm
u_transform_scheduler_core.mod_diag_last,64.04µm
_04787_,63.99µm
_04791_,63.99µm
u_transform_scheduler_core.dft12_ram_i\[3\]\[1\],63.99µm
u_transform_scheduler_core.dft12_ram_q\[3\]\[4\],63.99µm
u_transform_scheduler_core.u_mixed_radix_butterfly.twiddle_im_reg\[5\],63.99µm
_05521_,63.94µm
clknet_leaf_65_clk_regs,63.94µm
_02680_,63.89µm
_05461_,63.89µm
_05653_,63.89µm
_06340_,63.89µm
_08704_,63.89µm
u_transform_scheduler_core.u_mixed_radix_butterfly.x0_i_full,63.89µm
clknet_leaf_121_clk_regs,63.89µm
_02751_,63.84µm
_05634_,63.84µm
_08283_,63.84µm
u_transform_scheduler_core.dft12_ram_q\[4\]\[13\],63.48µm
u_transform_scheduler_core.dft12_ram_q\[3\]\[7\],63.43µm
u_transform_scheduler_core.dft12_ram_q\[6\]\[2\],63.43µm
u_transform_scheduler_core.u_mixed_radix_butterfly.x2_i_ext\[0\],63.43µm
_02684_,63.38µm
_03387_,63.38µm
u_transform_scheduler_core.u_fft128_modulo_controller.fetch_x1_q\[1\],63.38µm
clknet_leaf_33_clk_regs,63.38µm
clknet_leaf_197_clk_regs,63.38µm
_09036_,63.33µm
u_transform_scheduler_core.dft12_ram_i\[10\]\[13\],63.33µm
u_transform_scheduler_core.dft12_ram_i\[3\]\[13\],63.33µm
u_transform_scheduler_core.u_fft_scratch_sram.macro_wdata\[12\],63.33µm
_02976_,63.28µm
_05366_,63.28µm
_05044_,62.87µm
u_transform_scheduler_core.u_mixed_radix_butterfly.combine_x0_i_reg\[12\],62.87µm
_04605_,62.82µm
_05455_,62.82µm
echo_data\[0\],62.82µm
u_transform_scheduler_core.u_mixed_radix_butterfly.combine_product_im_reg\[4\],62.82µm
net639,62.82µm
net962,62.82µm
_05038_,62.77µm
_06645_,62.77µm
u_transform_scheduler_core.fifo_x2_q\[0\]\[0\],62.77µm
net72,62.77µm
clknet_leaf_295_clk_regs,62.77µm
_05267_,62.72µm
_07684_,62.72µm
_08269_,62.72µm
u_transform_scheduler_core.dft12_ram_q\[2\]\[10\],62.72µm
u_transform_scheduler_core.u_mixed_radix_butterfly.premultiply_input_i_reg\[16\],62.72µm
u_transform_scheduler_core.mod_x1_q\[0\],62.64µm
_05586_,62.36µm
_04815_,62.31µm
u_transform_scheduler_core.u_mixed_radix_butterfly.twiddle_re_full,62.31µm
_03546_,62.26µm
u_transform_scheduler_core.rx_state\[15\],62.26µm
u_transform_scheduler_core.u_mixed_radix_butterfly.combine_half_sum_i_reg\[4\],62.26µm
_04905_,62.21µm
_05491_,62.21µm
_06790_,62.21µm
_07796_,62.21µm
_09131_,62.21µm
net967,62.21µm
u_transform_scheduler_core.dft12_ram_q\[6\]\[5\],62.16µm
_05316_,62.08µm
u_transform_scheduler_core.dft12_ram_q\[8\]\[9\],61.98µm
_06865_,61.93µm
_05671_,61.8µm
u_transform_scheduler_core.dft12_ram_i\[4\]\[13\],61.8µm
u_transform_scheduler_core.dft12_ram_i\[1\]\[15\],61.75µm
u_transform_scheduler_core.u_fft128_modulo_controller.fetch_group\[5\],61.75µm
_04788_,61.7µm
_08585_,61.7µm
u_transform_scheduler_core.tx_dout\[3\],61.7µm
clknet_leaf_202_clk_regs,61.7µm
_03892_,61.65µm
u_transform_scheduler_core.u_mixed_radix_butterfly.premultiply_half_sum_i_reg\[13\],61.6µm
_04725_,61.29µm
_04621_,61.21µm
u_transform_scheduler_core.dft12_ram_i\[2\]\[6\],61.19µm
u_transform_scheduler_core.tx_mem_addr\[5\],61.19µm
net1565,61.19µm
clknet_leaf_22_clk_regs,61.19µm
clknet_leaf_52_clk_regs,61.19µm
_02525_,61.14µm
_02889_,61.14µm
u_transform_scheduler_core.dft12_ram_q\[1\]\[7\],61.14µm
u_transform_scheduler_core.u_fft_scratch_sram.saved_wdata\[20\],61.14µm
u_transform_scheduler_core.u_mixed_radix_butterfly.x0_q_ext\[10\],61.14µm
clknet_leaf_15_clk_regs,61.14µm
_02083_,61.09µm
_05432_,61.09µm
_08511_,61.09µm
u_transform_scheduler_core.tx_capture_busy,61.09µm
_04978_,61.04µm
_08886_,61.04µm
u_transform_scheduler_core.dft12_ram_q\[2\]\[11\],60.68µm
clknet_leaf_185_clk_regs,60.63µm
_03713_,60.58µm
_05036_,60.58µm
u_transform_scheduler_core.dft12_ram_q\[4\]\[14\],60.58µm
u_transform_scheduler_core.u_mixed_radix_butterfly.x2_q_ext\[2\],60.58µm
_04069_,60.53µm
_04764_,60.53µm
_05285_,60.53µm
_05302_,60.53µm
_06205_,60.53µm
_07379_,60.53µm
_08789_,60.53µm
u_transform_scheduler_core.u_mixed_radix_butterfly.combine_half_sum_i_reg\[6\],60.53µm
_03144_,60.48µm
_08348_,60.48µm
u_transform_scheduler_core.dft12_ram_i\[6\]\[0\],60.48µm
u_transform_scheduler_core.u_mixed_radix_butterfly.high_iq_reg\[8\],60.12µm
u_transform_scheduler_core.dft12_ram_i\[8\]\[3\],60.07µm
u_transform_scheduler_core.dft12_ram_q\[2\]\[3\],60.07µm
u_transform_scheduler_core.u_mixed_radix_butterfly.x2_q_ext\[11\],60.07µm
u_transform_scheduler_core.dft12_ram_q\[3\]\[6\],60.02µm
u_transform_scheduler_core.dft12_sent_twiddle_im,60.02µm
u_transform_scheduler_core.ofdm_sample_index\[5\],60.02µm
u_transform_scheduler_core.u_fft128_modulo_controller.fetch_x1_i\[2\],60.02µm
u_transform_scheduler_core.u_mixed_radix_butterfly.premultiply_input_q_reg\[13\],60.02µm
u_transform_scheduler_core.u_mixed_radix_butterfly.twiddle_im_full,60.02µm
clknet_leaf_217_clk_regs,60.02µm
_04251_,59.97µm
_05658_,59.97µm
_06916_,59.97µm
_09180_,59.97µm
u_transform_scheduler_core.dft12_ram_i\[10\]\[8\],59.97µm
_05310_,59.92µm
_06102_,59.92µm
u_transform_scheduler_core.u_fft_scratch_sram.macro_write,59.92µm
u_transform_scheduler_core.u_mixed_radix_butterfly.premultiply_input_q_reg\[10\],59.56µm
net228,59.51µm
net261,59.51µm
clknet_leaf_14_clk_regs,59.51µm
_04759_,59.46µm
u_transform_scheduler_core.dft12_ram_i\[10\]\[4\],59.46µm
u_transform_scheduler_core.dft12_ram_i\[2\]\[3\],59.46µm
u_transform_scheduler_core.dft12_ram_i\[5\]\[7\],59.46µm
u_transform_scheduler_core.tx_dout\[1\],59.46µm
u_transform_scheduler_core.u_mixed_radix_butterfly.product_ii_reg\[11\],59.46µm
_03235_,59.41µm
_04415_,59.41µm
_07620_,59.41µm
_08454_,59.41µm
_02246_,59.36µm
_02757_,59.36µm
_03997_,59.36µm
u_transform_scheduler_core.tx_dout_valid,59.1µm
u_transform_scheduler_core.dft12_ram_i\[11\]\[1\],59µm
u_transform_scheduler_core.u_tdiq_input_cp_remove.useful_sample_index\[4\],59µm
_02888_,58.95µm
_05520_,58.95µm
_03210_,58.9µm
u_transform_scheduler_core.dft12_ram_q\[11\]\[7\],58.9µm
u_transform_scheduler_core.dft12_sent_twiddle_re,58.9µm
u_transform_scheduler_core.rx_state\[11\],58.9µm
_05667_,58.85µm
_08907_,58.85µm
u_transform_scheduler_core.u_fdiq_output_adapter.sample_i_reg\[7\],58.85µm
_03610_,58.8µm
_06685_,58.8µm
_07532_,58.8µm
_07906_,58.8µm
_03135_,58.64µm
_02828_,58.44µm
top_state\[4\],58.39µm
_05524_,58.34µm
_06270_,58.34µm
_06322_,58.34µm
u_transform_scheduler_core.dft12_ram_q\[4\]\[4\],58.34µm
u_transform_scheduler_core.u_mixed_radix_butterfly.combine_product_im_reg\[11\],58.34µm
net712,58.34µm
_05984_,58.29µm
u_transform_scheduler_core.u_mixed_radix_butterfly.x2_i_ext\[9\],58.29µm
_09177_,58.24µm
u_transform_scheduler_core.dft12_ram_i\[8\]\[11\],58.24µm
u_transform_scheduler_core.dft12_ram_q\[3\]\[10\],58.24µm
u_transform_scheduler_core.u_mixed_radix_butterfly.x1_i_ext\[10\],58.06µm
u_transform_scheduler_core.dft12_ram_i\[5\]\[11\],57.98µm
_09746_,57.83µm
_01332_,57.78µm
_09100_,57.78µm
u_transform_scheduler_core.dft12_ram_q\[2\]\[13\],57.78µm
_03188_,57.73µm
_05372_,57.73µm
_06258_,57.73µm
_07250_,57.73µm
_09156_,57.73µm
u_transform_scheduler_core.tx_mem_addr\[4\],57.73µm
clknet_leaf_157_clk_regs,57.73µm
_02275_,57.68µm
u_transform_scheduler_core.dft12_ram_i\[4\]\[14\],57.63µm
top_state\[8\],57.32µm
_04807_,57.27µm
_05261_,57.27µm
u_transform_scheduler_core.dft12_ram_q\[11\]\[0\],57.27µm
u_transform_scheduler_core.mod_x1_i\[0\],57.27µm
u_transform_scheduler_core.u_subcarrier_mapper.clear_index\[4\],57.27µm
_04861_,57.22µm
u_transform_scheduler_core.dft12_ram_i\[8\]\[15\],57.22µm
u_transform_scheduler_core.u_mixed_radix_butterfly.final_scalar_product_reg\[10\],57.22µm
u_transform_scheduler_core.u_mixed_radix_butterfly.final_scalar_product_reg\[7\],57.22µm
_05289_,57.17µm
_05612_,57.17µm
_06611_,57.17µm
u_transform_scheduler_core.dft12_ram_q\[10\]\[13\],57.17µm
u_transform_scheduler_core.u_mixed_radix_butterfly.combine_half_sum_i_reg\[9\],57.17µm
clknet_leaf_141_clk_regs,57.17µm
_02143_,57.12µm
_05192_,57.12µm
_05482_,57.12µm
u_transform_scheduler_core.u_fft128_modulo_controller.fetch_group\[4\],56.81µm
magic_index\[0\],56.66µm
u_transform_scheduler_core.dft12_ram_i\[2\]\[4\],56.66µm
u_transform_scheduler_core.dft12_ram_q\[6\]\[3\],56.66µm
clknet_leaf_92_clk_regs,56.66µm
clknet_leaf_259_clk_regs,56.66µm
u_transform_scheduler_core.dft12_ram_q\[4\]\[8\],56.61µm
u_transform_scheduler_core.rx_state\[13\],56.61µm
u_transform_scheduler_core.u_mixed_radix_butterfly.x0_i_ext\[10\],56.61µm
_04136_,56.56µm
_04804_,56.56µm
_04814_,56.2µm
_06088_,56.1µm
_07454_,56.1µm
u_transform_scheduler_core.dft12_ram_q\[3\]\[1\],56.1µm
u_transform_scheduler_core.ofdm_mem_addr\[4\],56.1µm
u_transform_scheduler_core.u_fft128_modulo_controller.slot_phase\[2\],56.1µm
_02296_,56.05µm
_02765_,56.05µm
_05090_,56.05µm
_05450_,56.05µm
_07584_,56.05µm
_00058_,56µm
_02142_,56µm
_04893_,56µm
_05795_,56µm
_06353_,56µm
_09785_,56µm
_09980_,56µm
u_transform_scheduler_core.u_mixed_radix_butterfly.combine_x0_q_reg\[13\],55.64µm
u_transform_scheduler_core.u_mixed_radix_butterfly.x2_i_ext\[5\],55.64µm
clknet_leaf_115_clk_regs,55.6µm
_04138_,55.59µm
_05114_,55.54µm
_06823_,55.54µm
u_transform_scheduler_core.rx_dft12_index\[3\],55.54µm
_02044_,55.49µm
_02801_,55.49µm
_03241_,55.49µm
_03295_,55.49µm
_04081_,55.49µm
_07472_,55.49µm
_08420_,55.49µm
_08841_,55.49µm
u_transform_scheduler_core.dft12_ram_q\[4\]\[15\],55.49µm
u_transform_scheduler_core.u_mixed_radix_butterfly.premultiply_half_sum_q_reg\[5\],55.49µm
clknet_leaf_211_clk_regs,55.49µm
_00376_,55.44µm
_06190_,55.44µm
_06580_,55.44µm
_06802_,55.44µm
_09398_,55.44µm
_05048_,55.08µm
u_transform_scheduler_core.dft12_ram_q\[5\]\[1\],55.08µm
u_transform_scheduler_core.u_mixed_radix_butterfly.combine_x0_i_reg\[0\],55.08µm
_03547_,55.03µm
_06557_,55.03µm
_08438_,55.03µm
u_transform_scheduler_core.u_mixed_radix_butterfly.product_rr_reg\[21\],55.03µm
net545,55.03µm
_05224_,54.98µm
_07966_,54.98µm
u_transform_scheduler_core.dft12_ram_i\[9\]\[2\],54.98µm
u_transform_scheduler_core.u_mixed_radix_butterfly.x1_i_ext\[4\],54.98µm
clknet_leaf_1_clk_regs,54.98µm
_02203_,54.93µm
_08158_,54.93µm
_08259_,54.93µm
_08842_,54.93µm
u_transform_scheduler_core.dft12_ram_i\[3\]\[9\],54.93µm
u_transform_scheduler_core.dft12_ram_q\[6\]\[1\],54.93µm
u_transform_scheduler_core.mod_diag_X1_q\[13\],54.93µm
_02472_,54.88µm
_03061_,54.88µm
_06960_,54.88µm
_08318_,54.88µm
_08817_,54.88µm
u_transform_scheduler_core.dft12_ram_q\[9\]\[2\],54.88µm
u_transform_scheduler_core.u_tdiq_output_cp_insert.requests_left\[0\],54.88µm
u_transform_scheduler_core.u_fdiq_output_adapter.sample_i_reg\[4\],54.65µm
_04524_,54.52µm
u_transform_scheduler_core.dft12_ram_i\[6\]\[2\],54.52µm
_05142_,54.47µm
_07722_,54.47µm
u_transform_scheduler_core.dft12_ram_i\[3\]\[8\],54.47µm
u_transform_scheduler_core.dft12_ram_q\[5\]\[11\],54.47µm
u_transform_scheduler_core.dft12_ram_q\[9\]\[3\],54.47µm
clknet_leaf_260_clk_regs,54.47µm
_02183_,54.42µm
_07314_,54.42µm
u_transform_scheduler_core.dft12_ram_q\[1\]\[9\],54.42µm
u_transform_scheduler_core.result_meta_read_pointer\[1\],54.42µm
u_transform_scheduler_core.tx_ifft_block_ready,54.42µm
u_transform_scheduler_core.u_fft128_modulo_controller.pending_valid,54.42µm
u_transform_scheduler_core.u_fft128_modulo_controller.result_j\[3\],54.42µm
u_transform_scheduler_core.u_mixed_radix_butterfly.premultiply_input_i_reg\[15\],54.42µm
u_transform_scheduler_core.mod_diag_X0_q\[4\],54.37µm
u_transform_scheduler_core.u_mixed_radix_butterfly.combine_product_im_reg\[6\],54.37µm
u_transform_scheduler_core.u_mixed_radix_butterfly.x2_i_ext\[6\],54.37µm
_04075_,54.32µm
_05059_,54.32µm
_05510_,54.32µm
_06516_,54.32µm
u_transform_scheduler_core.result_meta_count\[1\],54.06µm
u_transform_scheduler_core.u_mixed_radix_butterfly.product_iq_reg\[20\],54.01µm
u_transform_scheduler_core.dft12_ram_i\[11\]\[2\],53.96µm
u_transform_scheduler_core.u_fdiq_input_adapter.input_sample_index\[0\],53.96µm
_04798_,53.91µm
_04999_,53.91µm
_05056_,53.91µm
_05014_,53.86µm
_05672_,53.86µm
_08499_,53.86µm
_09472_,53.86µm
u_transform_scheduler_core.dft12_ram_i\[8\]\[12\],53.86µm
u_transform_scheduler_core.dft12_ram_q\[1\]\[14\],53.86µm
u_transform_scheduler_core.fifo_x1_q\[0\]\[1\],53.86µm
u_transform_scheduler_core.u_fft128_modulo_controller.fetch_x1_i\[1\],53.86µm
u_transform_scheduler_core.u_mixed_radix_butterfly.twiddle_re_reg\[3\],53.86µm
_06838_,53.81µm
_06845_,53.81µm
_08634_,53.81µm
_02303_,53.76µm
_03312_,53.76µm
_05157_,53.76µm
_05597_,53.76µm
_06956_,53.76µm
_08561_,53.76µm
u_transform_scheduler_core.mod_diag_X0_i\[12\],53.76µm
u_transform_scheduler_core.u_mixed_radix_butterfly.product_rq_reg\[8\],53.4µm
u_transform_scheduler_core.dft12_ram_q\[7\]\[11\],53.35µm
u_transform_scheduler_core.u_fdiq_output_adapter.sample_i_reg\[5\],53.35µm
_02604_,53.3µm
u_transform_scheduler_core.dft12_ram_q\[11\]\[8\],53.3µm
u_transform_scheduler_core.dft12_ram_q\[6\]\[6\],53.3µm
u_transform_scheduler_core.u_mixed_radix_butterfly.premultiply_twiddle_im_reg\[1\],53.3µm
_04767_,53.25µm
_05418_,53.25µm
_05561_,53.25µm
_06825_,53.25µm
_07963_,53.25µm
_08113_,53.25µm
_08465_,53.25µm
u_transform_scheduler_core.small_sent_x1_i,53.25µm
u_transform_scheduler_core.u_mixed_radix_butterfly.twiddle_re_reg\[6\],53.25µm
_02566_,53.2µm
_05902_,53.2µm
_06213_,53.2µm
_06487_,53.2µm
_04756_,52.84µm
_07411_,52.84µm
u_transform_scheduler_core.dft12_ram_q\[11\]\[12\],52.84µm
u_transform_scheduler_core.dft12_ram_i\[9\]\[9\],52.79µm
u_transform_scheduler_core.dft12_ram_q\[6\]\[8\],52.79µm
u_transform_scheduler_core.tx_cp_length_reg\[0\],52.79µm
clknet_leaf_231_clk_regs,52.74µm
_04927_,52.69µm
_04990_,52.69µm
_05568_,52.69µm
_07706_,52.69µm
u_transform_scheduler_core.bf_X1_q\[10\],52.69µm
u_transform_scheduler_core.ofdm_mem_addr\[6\],52.69µm
_02341_,52.64µm
_05061_,52.64µm
_05214_,52.64µm
_05948_,52.64µm
_07344_,52.64µm
_09516_,52.64µm
net389,52.41µm
net971,52.36µm
_09097_,52.33µm
_04795_,52.28µm
_02223_,52.23µm
u_transform_scheduler_core.u_mixed_radix_butterfly.combine_x0_q_reg\[0\],52.23µm
clknet_leaf_132_clk_regs,52.23µm
u_transform_scheduler_core.dft12_ram_i\[11\]\[6\],52.18µm
u_transform_scheduler_core.dft12_ram_q\[8\]\[10\],52.18µm
u_transform_scheduler_core.u_tdiq_input_cp_remove.input_sample_index\[2\],52.18µm
_03131_,52.13µm
_05403_,52.13µm
_07343_,52.13µm
_08875_,52.13µm
_09088_,52.13µm
_09258_,52.13µm
u_transform_scheduler_core.dft12_ram_q\[8\]\[7\],52.13µm
u_transform_scheduler_core.u_fdiq_output_adapter.sample_q_reg\[12\],52.13µm
u_transform_scheduler_core.u_mixed_radix_butterfly.product_ii_reg\[13\],52.13µm
clknet_leaf_256_clk_regs,52.13µm
_02650_,52.08µm
_04290_,52.08µm
u_transform_scheduler_core.tx_mem_addr\[6\],52.08µm
u_transform_scheduler_core.u_fft128_modulo_controller.result_stage\[2\],52.08µm
u_transform_scheduler_core.dft12_ram_q\[3\]\[13\],51.67µm
u_transform_scheduler_core.u_mixed_radix_butterfly.multiply_phase\[1\],51.67µm
_02790_,51.62µm
_04473_,51.62µm
_07397_,51.62µm
_08721_,51.62µm
u_transform_scheduler_core.dft12_ram_i\[11\]\[8\],51.62µm
u_transform_scheduler_core.dft12_ram_q\[1\]\[15\],51.62µm
u_transform_scheduler_core.u_fft128_modulo_controller.fetch_j\[0\],51.62µm
u_transform_scheduler_core.u_mixed_radix_butterfly.premultiply_half_sum_i_reg\[12\],51.62µm
u_transform_scheduler_core.u_mixed_radix_butterfly.premultiply_x0_i_reg\[0\],51.62µm
u_transform_scheduler_core.u_mixed_radix_butterfly.product_rq_reg\[9\],51.62µm
u_transform_scheduler_core.u_tdiq_input_cp_remove.useful_sample_index\[3\],51.62µm
clknet_leaf_275_clk_regs,51.62µm
_02181_,51.57µm
_05464_,51.57µm
_05483_,51.57µm
_05645_,51.57µm
_05862_,51.57µm
_07602_,51.57µm
u_transform_scheduler_core.dft12_ram_i\[8\]\[6\],51.57µm
u_transform_scheduler_core.u_mixed_radix_butterfly.high_iq_reg\[7\],51.57µm
_05329_,51.52µm
_05737_,51.52µm
_06512_,51.52µm
_07603_,51.52µm
debug_read_latch\[13\],51.52µm
_04988_,51.16µm
input_left\[1\],51.16µm
u_transform_scheduler_core.u_mixed_radix_butterfly.product_rr_reg\[12\],51.16µm
u_transform_scheduler_core.u_mixed_radix_butterfly.x1_i_ext\[6\],51.16µm
u_transform_scheduler_core.dft12_ram_i\[9\]\[15\],51.11µm
u_transform_scheduler_core.rx_state\[4\],51.11µm
_02091_,51.06µm
u_transform_scheduler_core.dft12_ram_q\[11\]\[3\],51.06µm
u_transform_scheduler_core.u_fdiq_output_adapter.sample_q_reg\[3\],51.06µm
u_transform_scheduler_core.u_fft128_modulo_controller.result_group\[5\],51.06µm
_02218_,51.01µm
_07046_,51.01µm
_07908_,51.01µm
_02597_,50.96µm
_06241_,50.96µm
_06889_,50.96µm
_08231_,50.96µm
_08767_,50.96µm
_09466_,50.96µm
_06427_,50.73µm
_04542_,50.6µm
u_transform_scheduler_core.dft12_ram_q\[9\]\[6\],50.55µm
_07940_,50.5µm
_08127_,50.5µm
_09243_,50.5µm
clknet_leaf_316_clk_regs,50.5µm
_03261_,50.45µm
_03722_,50.45µm
_04663_,50.45µm
_05518_,50.45µm
_08575_,50.45µm
u_transform_scheduler_core.dft12_ram_i\[6\]\[3\],50.45µm
u_transform_scheduler_core.dft12_ram_q\[9\]\[15\],50.45µm
u_transform_scheduler_core.mod_diag_X1_i\[12\],50.45µm
u_transform_scheduler_core.u_mixed_radix_butterfly.premultiply_input_i_reg\[12\],50.45µm
clknet_leaf_114_clk_regs,50.45µm
_06563_,50.4µm
_06882_,50.4µm
_08290_,50.4µm
u_transform_scheduler_core.result_meta_radix3\[0\]\[0\],50.4µm
u_transform_scheduler_core.u_mixed_radix_butterfly.x0_q_ext\[15\],50.4µm
net412,50.4µm
_05096_,50.17µm
net802,50.14µm
_02078_,49.99µm
u_transform_scheduler_core.dft12_ram_i\[11\]\[7\],49.99µm
_05395_,49.94µm
_05516_,49.94µm
_05891_,49.94µm
_07439_,49.94µm
_08633_,49.94µm
_09001_,49.94µm
_04309_,49.89µm
_05334_,49.89µm
_05618_,49.89µm
_05914_,49.89µm
_06874_,49.89µm
_08497_,49.89µm
_09153_,49.89µm
u_transform_scheduler_core.dft12_ram_i\[4\]\[5\],49.89µm
u_transform_scheduler_core.ofdm_sample_i\[10\],49.89µm
_03165_,49.84µm
_05281_,49.84µm
_08402_,49.84µm
_09068_,49.84µm
_05364_,49.61µm
u_transform_scheduler_core.rx_fft128_index\[0\],49.53µm
_02080_,49.43µm
_04973_,49.43µm
u_transform_scheduler_core.dft12_ram_q\[4\]\[1\],49.43µm
u_transform_scheduler_core.dft12_ram_q\[4\]\[3\],49.43µm
u_transform_scheduler_core.dft12_ram_q\[9\]\[10\],49.43µm
u_transform_scheduler_core.dft12_ram_q\[9\]\[7\],49.43µm
_05651_,49.38µm
_06094_,49.38µm
_08778_,49.38µm
u_transform_scheduler_core.dft12_ram_q\[2\]\[4\],49.38µm
u_transform_scheduler_core.ofdm_sample_i\[4\],49.38µm
u_transform_scheduler_core.u_mixed_radix_butterfly.x1_i_ext\[15\],49.38µm
net550,49.38µm
_02474_,49.33µm
_02512_,49.33µm
_03153_,49.33µm
_05679_,49.33µm
_08847_,49.33µm
_09794_,49.33µm
_03737_,49.28µm
_06307_,49.28µm
u_transform_scheduler_core.dft12_ram_i\[1\]\[7\],49.28µm
u_transform_scheduler_core.mod_diag_X0_i\[4\],49.28µm
u_transform_scheduler_core.u_fft128_modulo_controller.pending_diag,49.28µm
u_transform_scheduler_core.u_tdiq_input_cp_remove.useful_sample_index\[5\],49.28µm
u_transform_scheduler_core.dft12_ram_q\[4\]\[11\],49.1µm
u_transform_scheduler_core.result_meta_count\[0\],48.97µm
u_transform_scheduler_core.dft12_ram_q\[11\]\[5\],48.92µm
_05631_,48.87µm
_06132_,48.87µm
u_transform_scheduler_core.u_mixed_radix_butterfly.product_iq_reg\[8\],48.87µm
_04851_,48.82µm
_07399_,48.82µm
_09077_,48.82µm
u_transform_scheduler_core.u_tdiq_input_cp_remove.useful_sample_index\[0\],48.82µm
_04784_,48.77µm
_05340_,48.77µm
_06951_,48.77µm
_07617_,48.77µm
_08359_,48.77µm
_09142_,48.77µm
_09317_,48.77µm
u_transform_scheduler_core.dft12_ram_i\[2\]\[0\],48.77µm
u_transform_scheduler_core.rx_dft12_index\[2\],48.77µm
_05315_,48.72µm
_05815_,48.72µm
_08298_,48.72µm
_02928_,48.59µm
clknet_leaf_216_clk_regs,48.41µm
_04578_,48.31µm
u_transform_scheduler_core.rx_state\[14\],48.31µm
u_transform_scheduler_core.rx_state\[9\],48.31µm
_05416_,48.26µm
_09061_,48.26µm
u_transform_scheduler_core.dft12_ram_q\[2\]\[2\],48.26µm
u_transform_scheduler_core.u_mixed_radix_butterfly.product_ii_reg\[12\],48.26µm
u_transform_scheduler_core.u_mixed_radix_butterfly.product_ii_reg\[3\],48.26µm
u_transform_scheduler_core.u_mixed_radix_butterfly.product_iq_reg\[1\],48.26µm
_02569_,48.21µm
_05288_,48.21µm
_08973_,48.21µm
_09212_,48.21µm
u_serializer.byte_index\[3\],48.21µm
u_transform_scheduler_core.dft12_ram_i\[7\]\[2\],48.21µm
u_transform_scheduler_core.u_mixed_radix_butterfly.arithmetic_x0_q_reg\[3\],48.21µm
clknet_leaf_261_clk_regs,48.21µm
_05996_,48.16µm
_09605_,48.16µm
_09965_,48.16µm
u_transform_scheduler_core.dft12_ram_q\[2\]\[5\],48.16µm
u_transform_scheduler_core.u_tdiq_input_cp_remove.final_sample_pending,48.16µm
clknet_leaf_305_clk_regs,48.16µm
_08624_,47.85µm
u_transform_scheduler_core.u_subcarrier_mapper.clear_index\[0\],47.85µm
_04774_,47.8µm
_06800_,47.8µm
_07373_,47.75µm
u_transform_scheduler_core.dft12_ram_i\[1\]\[4\],47.75µm
u_transform_scheduler_core.u_tdiq_input_cp_remove.useful_sample_index\[2\],47.75µm
_04463_,47.7µm
_04800_,47.7µm
u_transform_scheduler_core.dft12_ram_q\[9\]\[4\],47.7µm
u_transform_scheduler_core.u_mixed_radix_butterfly.combine_half_sum_i_reg\[12\],47.7µm
u_transform_scheduler_core.u_mixed_radix_butterfly.product_rr_reg\[13\],47.7µm
u_transform_scheduler_core.u_mixed_radix_butterfly.product_rr_reg\[18\],47.7µm
_06875_,47.65µm
u_transform_scheduler_core.dft12_ram_i\[10\]\[10\],47.65µm
u_transform_scheduler_core.rx_small_x1_i\[3\],47.65µm
u_transform_scheduler_core.u_mixed_radix_butterfly.low_rr_reg\[9\],47.65µm
_02480_,47.6µm
_06552_,47.6µm
_07901_,47.6µm
_08532_,47.6µm
_09067_,47.6µm
u_transform_scheduler_core.mod_diag_X1_q\[15\],47.6µm
u_transform_scheduler_core.ofdm_sample_index\[0\],47.6µm
_04913_,47.34µm
u_transform_scheduler_core.u_mixed_radix_butterfly.multiply_phase\[0\],47.29µm
_04936_,47.24µm
_08654_,47.19µm
u_transform_scheduler_core.dft12_ram_i\[2\]\[7\],47.19µm
u_transform_scheduler_core.u_mixed_radix_butterfly.low_iq_reg\[11\],47.19µm
u_transform_scheduler_core.u_mixed_radix_butterfly.premultiply_twiddle_im_reg\[2\],47.19µm
_06119_,47.14µm
_07537_,47.14µm
_08468_,47.14µm
u_transform_scheduler_core.fifo_x2_q\[0\]\[10\],47.14µm
_02558_,47.09µm
_05349_,47.09µm
_06579_,47.09µm
_07021_,47.09µm
_08729_,47.09µm
debug_write,47.09µm
_04052_,47.04µm
_04090_,47.04µm
_05608_,47.04µm
_05687_,47.04µm
_06101_,47.04µm
_06576_,47.04µm
_08488_,47.04µm
u_transform_scheduler_core.dft12_ram_i\[3\]\[10\],47.04µm
u_transform_scheduler_core.dft12_ram_i\[3\]\[14\],46.63µm
net774,46.63µm
_02494_,46.58µm
_04778_,46.58µm
_04816_,46.58µm
_08572_,46.58µm
u_transform_scheduler_core.mod_diag_X0_q\[0\],46.58µm
u_transform_scheduler_core.u_fft128_modulo_controller.result_group\[2\],46.58µm
clknet_leaf_112_clk_regs,46.58µm
_02327_,46.53µm
_04195_,46.53µm
_06695_,46.53µm
u_transform_scheduler_core.dft12_ram_i\[1\]\[10\],46.53µm
u_transform_scheduler_core.dft12_ram_i\[3\]\[0\],46.53µm
u_transform_scheduler_core.rx_state\[6\],46.53µm
u_transform_scheduler_core.u_mixed_radix_butterfly.product_rr_reg\[3\],46.53µm
_02146_,46.48µm
_04137_,46.48µm
_07574_,46.48µm
_07609_,46.48µm
u_transform_scheduler_core.dft12_ram_q\[11\]\[9\],46.48µm
net258,46.48µm
_09666_,46.17µm
_04799_,46.07µm
_08802_,46.02µm
_09267_,46.02µm
u_transform_scheduler_core.dft12_sent_x0_q,46.02µm
u_transform_scheduler_core.u_mixed_radix_butterfly.combine_x0_q_reg\[11\],46.02µm
_06606_,45.97µm
_07814_,45.97µm
u_transform_scheduler_core.dft12_ram_q\[10\]\[5\],45.97µm
u_transform_scheduler_core.ofdm_mem_addr\[0\],45.97µm
u_transform_scheduler_core.u_subcarrier_mapper.clear_index\[2\],45.97µm
_04008_,45.92µm
_05377_,45.92µm
_06629_,45.92µm
_09170_,45.92µm
_09186_,45.92µm
_09324_,45.92µm
u_transform_scheduler_core.u_mixed_radix_butterfly.product_rq_reg\[15\],45.56µm
_03058_,45.51µm
_04883_,45.51µm
_09113_,45.51µm
_09481_,45.51µm
u_transform_scheduler_core.dft12_ram_i\[10\]\[2\],45.51µm
u_transform_scheduler_core.dft12_ram_i\[4\]\[12\],45.51µm
u_transform_scheduler_core.u_mixed_radix_butterfly.combine_x0_i_reg\[4\],45.51µm
u_transform_scheduler_core.u_mixed_radix_butterfly.product_iq_reg\[15\],45.51µm
u_transform_scheduler_core.u_mixed_radix_butterfly.product_rr_reg\[15\],45.51µm
_03166_,45.46µm
_07407_,45.46µm
u_transform_scheduler_core.dft12_ram_q\[8\]\[11\],45.46µm
u_transform_scheduler_core.dft12_ram_q\[8\]\[13\],45.46µm
u_transform_scheduler_core.ofdm_mem_addr\[3\],45.46µm
u_transform_scheduler_core.u_fdiq_input_adapter.input_sample_index\[2\],45.46µm
_03179_,45.41µm
_06616_,45.41µm
_07162_,45.41µm
_09064_,45.41µm
_09095_,45.41µm
echo_data\[6\],45.41µm
u_transform_scheduler_core.dft12_ram_q\[6\]\[0\],45.41µm
u_transform_scheduler_core.u_mixed_radix_butterfly.arithmetic_half_sum_q_reg\[2\],45.41µm
u_transform_scheduler_core.u_mixed_radix_butterfly.high_iq_reg\[9\],45.41µm
clknet_leaf_171_clk_regs,45.41µm
clknet_leaf_199_clk_regs,45.41µm
u_transform_scheduler_core.dft12_ram_i\[4\]\[11\],45.36µm
_05514_,44.95µm
_07446_,44.95µm
_09579_,44.95µm
u_transform_scheduler_core.u_mixed_radix_butterfly.product_ii_reg\[21\],44.95µm
_08864_,44.9µm
clknet_leaf_247_clk_regs,44.9µm
clknet_leaf_272_clk_regs,44.9µm
_02259_,44.85µm
_04210_,44.85µm
u_transform_scheduler_core.dft12_ram_q\[0\]\[13\],44.85µm
u_transform_scheduler_core.u_fdiq_output_adapter.sample_q_reg\[13\],44.85µm
u_transform_scheduler_core.dft12_ram_i\[7\]\[6\],44.84µm
_03191_,44.8µm
_07942_,44.8µm
u_transform_scheduler_core.dft12_ram_q\[8\]\[0\],44.8µm
u_transform_scheduler_core.u_mixed_radix_butterfly.high_rr_reg\[8\],44.8µm
_05466_,44.54µm
u_transform_scheduler_core.dft12_ram_i\[10\]\[0\],44.44µm
_04811_,44.39µm
_08556_,44.39µm
_09347_,44.39µm
u_transform_scheduler_core.dft12_ram_q\[11\]\[10\],44.39µm
_04781_,44.34µm
_04860_,44.34µm
_05164_,44.34µm
u_transform_scheduler_core.dft12_ram_i\[6\]\[12\],44.34µm
u_transform_scheduler_core.dft12_ram_i\[8\]\[8\],44.34µm
u_transform_scheduler_core.dft12_ram_q\[11\]\[4\],44.34µm
u_transform_scheduler_core.u_fft_scratch_sram.state\[2\],44.34µm
u_transform_scheduler_core.u_mixed_radix_butterfly.x2_i_ext\[13\],44.34µm
net1215,44.34µm
_05191_,44.29µm
_06400_,44.29µm
_07022_,44.29µm
_09249_,44.29µm
_09611_,44.29µm
_05606_,44.24µm
_06220_,44.24µm
_07661_,44.24µm
_07877_,44.24µm
_08030_,44.24µm
_09026_,44.24µm
u_transform_scheduler_core.dft12_ram_i\[8\]\[2\],43.98µm
_02789_,43.88µm
_06090_,43.88µm
u_transform_scheduler_core.dft12_sent_x0_i,43.88µm
u_transform_scheduler_core.dft12_ram_i\[3\]\[3\],43.83µm
u_transform_scheduler_core.u_fft128_modulo_controller.state\[0\],43.83µm
_05326_,43.78µm
_09665_,43.78µm
_03155_,43.73µm
_04519_,43.73µm
_08812_,43.73µm
_09462_,43.73µm
u_transform_scheduler_core.dft12_ram_i\[9\]\[8\],43.73µm
u_transform_scheduler_core.dft12_ram_q\[1\]\[3\],43.73µm
u_transform_scheduler_core.ofdm_sample_i\[6\],43.73µm
_00359_,43.68µm
_02016_,43.68µm
_02376_,43.68µm
_03211_,43.68µm
_04872_,43.68µm
_05132_,43.68µm
_06275_,43.68µm
_07271_,43.68µm
u_transform_scheduler_core.u_mixed_radix_butterfly.x1_q_ext\[3\],43.68µm
u_transform_scheduler_core.dft12_ram_i\[8\]\[1\],43.37µm
u_transform_scheduler_core.u_fft128_modulo_controller.result_group\[6\],43.32µm
u_transform_scheduler_core.u_mixed_radix_butterfly.high_rr_reg\[0\],43.32µm
_09059_,43.27µm
_04768_,43.22µm
_04969_,43.22µm
u_transform_scheduler_core.dft12_ram_q\[8\]\[8\],43.22µm
_02905_,43.17µm
_02935_,43.17µm
_05786_,43.17µm
_06583_,43.17µm
_08905_,43.17µm
_09820_,43.17µm
_10017_,43.17µm
u_transform_scheduler_core.dft12_ram_i\[7\]\[1\],43.17µm
u_transform_scheduler_core.dft12_ram_q\[10\]\[9\],43.17µm
u_transform_scheduler_core.dft12_ram_q\[9\]\[11\],43.17µm
u_transform_scheduler_core.rx_small_x0_q\[1\],43.17µm
u_transform_scheduler_core.u_mixed_radix_butterfly.high_rr_reg\[5\],43.17µm
u_transform_scheduler_core.u_mixed_radix_butterfly.premultiply_half_sum_i_reg\[1\],43.17µm
u_transform_scheduler_core.u_mixed_radix_butterfly.premultiply_x0_q_reg\[3\],43.17µm
_04103_,43.12µm
_07258_,43.12µm
_07412_,43.12µm
_07429_,43.12µm
_07769_,43.12µm
net1230,43.12µm
u_transform_scheduler_core.u_fft_scratch_sram.u_lo.macro_wdata\[3\],43.03µm
u_transform_scheduler_core.dft12_ram_i\[3\]\[6\],42.89µm
u_transform_scheduler_core.u_subcarrier_mapper.clear_index\[1\],42.86µm
u_transform_scheduler_core.u_tdiq_input_cp_remove.expect_q,42.86µm
u_transform_scheduler_core.dft12_ram_q\[8\]\[5\],42.76µm
u_transform_scheduler_core.u_tdiq_input_cp_remove.useful_sample_index\[1\],42.76µm
net533,42.76µm
u_transform_scheduler_core.dft12_ram_i\[10\]\[7\],42.71µm
u_transform_scheduler_core.dft12_ram_q\[10\]\[2\],42.71µm
u_transform_scheduler_core.ofdm_mem_addr\[2\],42.71µm
u_transform_scheduler_core.u_fdiq_output_adapter.sample_q_reg\[8\],42.71µm
_04607_,42.66µm
_07445_,42.66µm
_08879_,42.66µm
u_transform_scheduler_core.dft12_ram_q\[0\]\[11\],42.66µm
u_transform_scheduler_core.dft12_ram_q\[1\]\[13\],42.66µm
u_transform_scheduler_core.mod_diag_X1_q\[8\],42.66µm
u_transform_scheduler_core.u_fdiq_output_adapter.sample_i_reg\[10\],42.66µm
u_transform_scheduler_core.u_mixed_radix_butterfly.arithmetic_uop_reg\[0\],42.66µm
u_transform_scheduler_core.u_mixed_radix_butterfly.product_rq_reg\[17\],42.66µm
u_transform_scheduler_core.u_mixed_radix_butterfly.product_rq_reg\[3\],42.66µm
_02504_,42.61µm
_04285_,42.61µm
_06092_,42.61µm
_06159_,42.61µm
_06185_,42.61µm
_06472_,42.61µm
_07425_,42.61µm
_07450_,42.61µm
_09046_,42.61µm
_09531_,42.61µm
u_transform_scheduler_core.u_fft_scratch_sram.i_half\[13\],42.61µm
u_transform_scheduler_core.u_mixed_radix_butterfly.high_rq_reg\[7\],42.61µm
_02772_,42.56µm
_03732_,42.56µm
_04649_,42.56µm
_06123_,42.56µm
_06917_,42.56µm
_06942_,42.56µm
_07836_,42.56µm
u_transform_scheduler_core.u_fdiq_output_adapter.sample_q_reg\[0\],42.56µm
u_transform_scheduler_core.u_fft_scratch_sram.saved_wdata\[18\],42.56µm
u_transform_scheduler_core.dft12_ram_i\[6\]\[1\],42.43µm
_05088_,42.38µm
u_transform_scheduler_core.u_mixed_radix_butterfly.product_rr_reg\[7\],42.2µm
u_transform_scheduler_core.dft12_ram_q\[11\]\[6\],42.15µm
_05536_,42.1µm
_08212_,42.1µm
_09252_,42.1µm
u_transform_scheduler_core.dft12_ram_i\[8\]\[13\],42.1µm
u_transform_scheduler_core.ofdm_capture_busy,42.1µm
u_transform_scheduler_core.u_fft128_modulo_controller.fetch_x1_i\[13\],42.1µm
u_transform_scheduler_core.u_mixed_radix_butterfly.product_iq_reg\[5\],42.1µm
u_transform_scheduler_core.u_mixed_radix_butterfly.product_rq_reg\[18\],42.1µm
_02104_,42.05µm
_06442_,42.05µm
_07396_,42.05µm
_08385_,42.05µm
_09396_,42.05µm
u_transform_scheduler_core.u_mixed_radix_butterfly.product_rr_reg\[4\],42.05µm
u_transform_scheduler_core.u_mixed_radix_butterfly.x2_i_ext\[8\],42.05µm
_06538_,42µm
_07032_,42µm
_08376_,42µm
u_transform_scheduler_core.u_mixed_radix_butterfly.low_ii_reg\[6\],42µm
net975,41.69µm
_03266_,41.59µm
u_transform_scheduler_core.dft12_ram_i\[4\]\[7\],41.59µm
u_transform_scheduler_core.u_mixed_radix_butterfly.x2_i_ext\[12\],41.59µm
_04425_,41.54µm
_05202_,41.54µm
_06498_,41.54µm
u_transform_scheduler_core.dft12_ram_i\[4\]\[0\],41.54µm
u_transform_scheduler_core.dft12_ram_i\[8\]\[4\],41.54µm
u_transform_scheduler_core.dft12_ram_i\[9\]\[12\],41.54µm
u_transform_scheduler_core.dft12_ram_q\[4\]\[10\],41.54µm
u_transform_scheduler_core.dft12_ram_q\[8\]\[6\],41.54µm
u_transform_scheduler_core.u_mixed_radix_butterfly.low_rq_reg\[15\],41.54µm
u_transform_scheduler_core.u_mixed_radix_butterfly.premultiply_twiddle_im_reg\[5\],41.54µm
_02292_,41.49µm
_04593_,41.49µm
_06120_,41.49µm
_06462_,41.49µm
_08099_,41.49µm
_08639_,41.49µm
_08796_,41.49µm
_08801_,41.49µm
_09319_,41.49µm
_09629_,41.49µm
u_transform_scheduler_core.dft12_ram_i\[7\]\[5\],41.49µm
u_transform_scheduler_core.u_mixed_radix_butterfly.high_iq_reg\[12\],41.49µm
clknet_leaf_265_clk_regs,41.49µm
_02607_,41.44µm
_02764_,41.44µm
_07646_,41.44µm
_07782_,41.44µm
_08461_,41.44µm
_08753_,41.44µm
_09080_,41.44µm
u_transform_scheduler_core.dft12_ram_q\[0\]\[8\],41.44µm
u_transform_scheduler_core.fft_mem_rdata\[10\],41.44µm
u_transform_scheduler_core.mod_diag_X0_q\[13\],41.44µm
u_transform_scheduler_core.u_mixed_radix_butterfly.product_iq_reg\[11\],41.13µm
_04810_,41.03µm
_07980_,41.03µm
_08094_,41.03µm
_09239_,41.03µm
u_transform_scheduler_core.dft12_ram_q\[6\]\[4\],41.03µm
u_transform_scheduler_core.u_mixed_radix_butterfly.uop_reg\[1\],41.03µm
clknet_leaf_262_clk_regs,41.03µm
_03800_,40.98µm
_06831_,40.98µm
_08536_,40.98µm
u_transform_scheduler_core.dft12_ram_i\[5\]\[6\],40.98µm
u_transform_scheduler_core.dft12_ram_i\[9\]\[14\],40.98µm
u_transform_scheduler_core.u_mixed_radix_butterfly.premultiply_twiddle_im_reg\[7\],40.98µm
u_transform_scheduler_core.u_mixed_radix_butterfly.premultiply_x0_i_reg\[3\],40.98µm
_05423_,40.93µm
_06031_,40.93µm
_06109_,40.93µm
_07089_,40.93µm
_07651_,40.93µm
_08602_,40.93µm
_08795_,40.93µm
u_transform_scheduler_core.dft12_ram_i\[1\]\[1\],40.93µm
u_transform_scheduler_core.dft12_ram_i\[7\]\[9\],40.93µm
u_transform_scheduler_core.mod_diag_X1_q\[3\],40.93µm
_04991_,40.88µm
_06073_,40.88µm
_08104_,40.88µm
_08151_,40.88µm
_08653_,40.88µm
_09054_,40.88µm
_05065_,40.65µm
_03150_,40.52µm
_06858_,40.52µm
u_transform_scheduler_core.rx_fft128_index\[1\],40.52µm
_09141_,40.47µm
_09202_,40.47µm
u_transform_scheduler_core.dft12_ram_i\[6\]\[4\],40.47µm
u_transform_scheduler_core.dft12_ram_q\[1\]\[0\],40.47µm
u_transform_scheduler_core.rx_dft12_index\[0\],40.47µm
clknet_leaf_68_clk_regs,40.47µm
_02964_,40.42µm
_09309_,40.42µm
u_transform_scheduler_core.dft12_ram_i\[0\]\[0\],40.42µm
u_transform_scheduler_core.mod_diag_X0_i\[7\],40.42µm
u_transform_scheduler_core.u_mixed_radix_butterfly.product_iq_reg\[17\],40.42µm
u_transform_scheduler_core.u_mixed_radix_butterfly.product_rr_reg\[10\],40.42µm
clknet_leaf_108_clk_regs,40.42µm
clknet_leaf_311_clk_regs,40.42µm
_02205_,40.37µm
_03183_,40.37µm
_05137_,40.37µm
_05897_,40.37µm
_06303_,40.37µm
_08538_,40.37µm
_08733_,40.37µm
_09773_,40.37µm
echo_data\[7\],40.37µm
u_transform_scheduler_core.u_fdiq_output_adapter.sample_q_reg\[4\],40.37µm
u_transform_scheduler_core.u_fft_scratch_sram.saved_wdata\[19\],40.37µm
_02024_,40.32µm
_03156_,40.32µm
_06524_,40.32µm
_07012_,40.32µm
_07350_,40.32µm
_07542_,40.32µm
u_transform_scheduler_core.tx_sample_i\[4\],40.32µm
u_transform_scheduler_core.u_fft128_modulo_controller.fetch_stage\[0\],40.32µm
_02489_,40.04µm
u_transform_scheduler_core.dft12_ram_i\[0\]\[14\],39.91µm
u_transform_scheduler_core.dft12_ram_i\[9\]\[5\],39.91µm
u_transform_scheduler_core.rx_state\[7\],39.91µm
u_transform_scheduler_core.u_fdiq_output_adapter.sample_q_reg\[2\],39.91µm
clknet_leaf_266_clk_regs,39.91µm
_04820_,39.86µm
_04827_,39.86µm
_05544_,39.86µm
u_transform_scheduler_core.ofdm_sample_index\[6\],39.86µm
u_transform_scheduler_core.u_fft128_modulo_controller.fetch_x1_q\[15\],39.86µm
net601,39.86µm
_09548_,39.81µm
u_transform_scheduler_core.dft12_ram_q\[1\]\[4\],39.81µm
u_transform_scheduler_core.dft12_ram_q\[4\]\[5\],39.81µm
u_transform_scheduler_core.u_fdiq_output_adapter.sample_i_reg\[14\],39.81µm
u_transform_scheduler_core.u_mixed_radix_butterfly.premultiply_x0_i_reg\[2\],39.81µm
_02279_,39.76µm
_02459_,39.76µm
_02561_,39.76µm
_03219_,39.76µm
_06160_,39.76µm
_07234_,39.76µm
_07958_,39.76µm
_08404_,39.76µm
_08576_,39.76µm
_09027_,39.76µm
_09148_,39.76µm
u_transform_scheduler_core.u_fft128_modulo_controller.read_issue_count\[2\],39.76µm
u_transform_scheduler_core.dft12_ram_q\[9\]\[14\],39.45µm
_02119_,39.4µm
top_state\[1\],39.35µm
u_transform_scheduler_core.u_mixed_radix_butterfly.combine_half_sum_i_reg\[13\],39.35µm
u_transform_scheduler_core.u_mixed_radix_butterfly.combine_x0_q_reg\[8\],39.35µm
_05907_,39.3µm
_06812_,39.3µm
_06876_,39.3µm
_09196_,39.3µm
u_transform_scheduler_core.dft12_ram_q\[10\]\[10\],39.3µm
u_transform_scheduler_core.u_mixed_radix_butterfly.product_rq_reg\[7\],39.3µm
_02330_,39.25µm
_02940_,39.25µm
_04722_,39.25µm
_04817_,39.25µm
_05237_,39.25µm
_05663_,39.25µm
_05670_,39.25µm
_07310_,39.25µm
_08880_,39.25µm
_09071_,39.25µm
_09581_,39.25µm
u_transform_scheduler_core.dft12_ram_i\[7\]\[15\],39.25µm
u_transform_scheduler_core.tx_output_done,39.25µm
u_transform_scheduler_core.u_fft128_modulo_controller.read_return_count\[0\],39.25µm
u_transform_scheduler_core.u_mixed_radix_butterfly.x0_q_ext\[0\],39.25µm
net1050,39.25µm
_02012_,39.2µm
_05582_,39.2µm
_06456_,39.2µm
_07403_,39.2µm
_08713_,39.2µm
_08969_,39.2µm
_09000_,39.2µm
_09182_,39.2µm
_09735_,39.2µm
u_transform_scheduler_core.u_mixed_radix_butterfly.high_rq_reg\[2\],39.2µm
_09757_,38.84µm
u_transform_scheduler_core.u_mixed_radix_butterfly.x1_q_ext\[2\],38.84µm
output_left\[8\],38.79µm
_05043_,38.74µm
_05073_,38.74µm
_05485_,38.74µm
_07431_,38.74µm
_08834_,38.74µm
_09434_,38.74µm
output_left\[6\],38.74µm
u_transform_scheduler_core.dft12_ram_i\[9\]\[4\],38.74µm
u_transform_scheduler_core.u_fdiq_input_adapter.held_i\[5\],38.74µm
_02010_,38.69µm
_04794_,38.69µm
_06387_,38.69µm
_08861_,38.69µm
_09506_,38.69µm
u_transform_scheduler_core.mod_diag_X0_i\[10\],38.69µm
u_transform_scheduler_core.u_mixed_radix_butterfly.arithmetic_half_sum_i_reg\[0\],38.69µm
u_transform_scheduler_core.u_mixed_radix_butterfly.low_ii_reg\[11\],38.69µm
u_transform_scheduler_core.u_mixed_radix_butterfly.x1_q_full,38.69µm
_07045_,38.64µm
_07383_,38.64µm
_09405_,38.64µm
u_transform_scheduler_core.u_mixed_radix_butterfly.x2_i_ext\[3\],38.64µm
_08968_,38.56µm
u_transform_scheduler_core.dft12_ram_q\[9\]\[0\],38.46µm
u_transform_scheduler_core.u_fft128_modulo_controller.fetch_x1_q\[10\],38.28µm
_05274_,38.23µm
_05386_,38.23µm
_07077_,38.23µm
_09444_,38.23µm
_09729_,38.23µm
u_transform_scheduler_core.u_mixed_radix_butterfly.x1_q_ext\[6\],38.23µm
_02369_,38.18µm
_03142_,38.18µm
_04809_,38.18µm
_04835_,38.18µm
_05660_,38.18µm
_06533_,38.18µm
debug_read_latch\[12\],38.18µm
u_transform_scheduler_core.dft12_ram_i\[7\]\[14\],38.18µm
u_transform_scheduler_core.dft12_ram_q\[10\]\[7\],38.18µm
u_transform_scheduler_core.dft12_ram_q\[7\]\[0\],38.18µm
u_transform_scheduler_core.rx_state\[5\],38.18µm
u_transform_scheduler_core.u_fft_scratch_sram.state\[3\],38.18µm
u_transform_scheduler_core.u_mixed_radix_butterfly.premultiply_twiddle_im_reg\[6\],38.18µm
u_transform_scheduler_core.u_mixed_radix_butterfly.product_rr_reg\[16\],38.18µm
u_transform_scheduler_core.u_mixed_radix_butterfly.x0_q_ext\[14\],38.18µm
net801,38.18µm
_02967_,38.13µm
_03176_,38.13µm
_04655_,38.13µm
_05189_,38.13µm
_07121_,38.13µm
_08329_,38.13µm
u_transform_scheduler_core.u_mixed_radix_butterfly.premultiply_x0_q_reg\[14\],38.13µm
u_transform_scheduler_core.u_mixed_radix_butterfly.premultiply_x0_q_reg\[4\],38.13µm
u_transform_scheduler_core.u_mixed_radix_butterfly.product_rq_reg\[11\],38.13µm
u_transform_scheduler_core.u_mixed_radix_butterfly.x1_i_ext\[7\],38.13µm
_05181_,38.08µm
_05257_,38.08µm
_05284_,38.08µm
_07322_,38.08µm
_08676_,38.08µm
u_transform_scheduler_core.mod_diag_X1_i\[9\],38.08µm
_04833_,37.67µm
_04935_,37.67µm
u_transform_scheduler_core.dft12_ram_i\[7\]\[11\],37.67µm
_04864_,37.62µm
_05115_,37.62µm
_05218_,37.62µm
_05259_,37.62µm
_07371_,37.62µm
_09009_,37.62µm
debug_data_hi\[5\],37.62µm
u_transform_scheduler_core.dft12_ram_q\[9\]\[1\],37.62µm
u_transform_scheduler_core.u_fdiq_output_adapter.sample_q_reg\[14\],37.62µm
u_transform_scheduler_core.u_mixed_radix_butterfly.arithmetic_x0_q_reg\[15\],37.62µm
u_transform_scheduler_core.u_mixed_radix_butterfly.combine_x0_i_reg\[9\],37.62µm
u_transform_scheduler_core.u_mixed_radix_butterfly.x1_q_ext\[14\],37.62µm
_02422_,37.57µm
_04000_,37.57µm
_04656_,37.57µm
_05000_,37.57µm
_05242_,37.57µm
_07353_,37.57µm
_09210_,37.57µm
u_transform_scheduler_core.fifo_x2_i\[0\]\[2\],37.57µm
u_transform_scheduler_core.u_mixed_radix_butterfly.low_ii_reg\[12\],37.57µm
_08554_,37.52µm
debug_read_latch\[14\],37.52µm
u_transform_scheduler_core.dft12_ram_i\[0\]\[2\],37.52µm
u_transform_scheduler_core.fft128_block_inverse,37.52µm
u_transform_scheduler_core.u_fft_scratch_sram.u_hi.macro_wdata\[5\],37.38µm
_09632_,37.16µm
u_transform_scheduler_core.dft12_ram_q\[11\]\[11\],37.16µm
_02287_,37.11µm
_08714_,37.11µm
_02380_,37.06µm
_04921_,37.06µm
_05034_,37.06µm
_07247_,37.06µm
_07862_,37.06µm
u_transform_scheduler_core.dft12_ram_q\[0\]\[5\],37.06µm
u_transform_scheduler_core.dft12_ram_q\[7\]\[15\],37.06µm
_06150_,37.01µm
_06909_,37.01µm
_07221_,37.01µm
_07239_,37.01µm
_07367_,37.01µm
_07626_,37.01µm
_08823_,37.01µm
_09303_,37.01µm
_09588_,37.01µm
u_transform_scheduler_core.dft12_sent_x1_i,37.01µm
u_transform_scheduler_core.u_fft128_modulo_controller.fetch_x1_q\[2\],37.01µm
u_transform_scheduler_core.u_mixed_radix_butterfly.combine_product_re_reg\[7\],37.01µm
_02447_,36.96µm
_03177_,36.96µm
_05766_,36.96µm
u_transform_scheduler_core.u_mixed_radix_butterfly.low_iq_reg\[13\],36.96µm
_02140_,36.65µm
u_transform_scheduler_core.dft12_ram_q\[1\]\[2\],36.65µm
_04754_,36.6µm
u_transform_scheduler_core.dft12_ram_q\[9\]\[12\],36.6µm
_08650_,36.55µm
u_transform_scheduler_core.dft12_ram_q\[0\]\[9\],36.55µm
u_transform_scheduler_core.dft12_ram_q\[9\]\[8\],36.55µm
_02242_,36.5µm
_02346_,36.5µm
_08784_,36.5µm
_09265_,36.5µm
_09463_,36.5µm
_09590_,36.5µm
u_transform_scheduler_core.dft12_ram_i\[0\]\[10\],36.5µm
_05949_,36.45µm
_06074_,36.45µm
_07159_,36.45µm
_07855_,36.45µm
_07918_,36.45µm
_09400_,36.45µm
_09591_,36.45µm
debug_read_latch\[10\],36.45µm
debug_read_latch\[9\],36.45µm
input_left\[4\],36.45µm
u_serializer.byte_index\[2\],36.45µm
u_transform_scheduler_core.bf_X0_i\[0\],36.45µm
u_transform_scheduler_core.dft12_ram_q\[10\]\[8\],36.45µm
u_transform_scheduler_core.fft_mem_rdata\[23\],36.45µm
u_transform_scheduler_core.fifo_x1_q\[0\]\[10\],36.45µm
u_transform_scheduler_core.u_fdiq_output_adapter.sample_q_reg\[5\],36.45µm
u_transform_scheduler_core.u_mixed_radix_butterfly.premultiply_half_sum_q_reg\[3\],36.45µm
_02163_,36.4µm
_02260_,36.4µm
_02364_,36.4µm
_02432_,36.4µm
_03357_,36.4µm
_05927_,36.4µm
_08305_,36.4µm
_05355_,36.17µm
u_transform_scheduler_core.mod_diag_X1_i\[2\],36.12µm
u_transform_scheduler_core.dft12_ram_i\[1\]\[5\],36.09µm
_08696_,36.04µm
net556,36.04µm
_02960_,35.99µm
u_transform_scheduler_core.dft12_ram_q\[9\]\[9\],35.99µm
u_transform_scheduler_core.u_fft128_modulo_controller.result_group\[4\],35.99µm
u_transform_scheduler_core.u_mixed_radix_butterfly.final_scalar_product_reg\[8\],35.99µm
u_transform_scheduler_core.u_mixed_radix_butterfly.low_rq_reg\[11\],35.99µm
_03141_,35.94µm
_03512_,35.94µm
_04401_,35.94µm
_04757_,35.94µm
_05494_,35.94µm
_07004_,35.94µm
_10016_,35.94µm
u_transform_scheduler_core.u_mixed_radix_butterfly.combine_half_sum_q_reg\[7\],35.94µm
u_transform_scheduler_core.u_mixed_radix_butterfly.combine_x0_i_reg\[8\],35.94µm
u_transform_scheduler_core.u_mixed_radix_butterfly.product_rr_reg\[19\],35.94µm
_00414_,35.89µm
_02307_,35.89µm
_02584_,35.89µm
_04859_,35.89µm
_05354_,35.89µm
_05437_,35.89µm
_06443_,35.89µm
_07858_,35.89µm
_08628_,35.89µm
_09021_,35.89µm
_09835_,35.89µm
debug_wdata\[13\],35.89µm
u_transform_scheduler_core.dft12_ram_i\[0\]\[15\],35.89µm
u_transform_scheduler_core.dft12_ram_q\[8\]\[4\],35.89µm
u_transform_scheduler_core.u_fft128_modulo_controller.state\[2\],35.89µm
net256,35.89µm
_04160_,35.84µm
_04900_,35.84µm
_05848_,35.84µm
_06931_,35.84µm
_07141_,35.84µm
_07903_,35.84µm
_07964_,35.84µm
_08105_,35.84µm
_08742_,35.84µm
u_transform_scheduler_core.dft12_ram_q\[4\]\[0\],35.53µm
_06592_,35.48µm
_07076_,35.48µm
_08761_,35.48µm
u_transform_scheduler_core.u_mixed_radix_butterfly.low_ii_reg\[13\],35.48µm
_04924_,35.43µm
_08691_,35.43µm
_09438_,35.43µm
_09475_,35.43µm
_09733_,35.43µm
_02436_,35.38µm
_02917_,35.38µm
_04896_,35.38µm
_06412_,35.38µm
_06805_,35.38µm
_09039_,35.38µm
_09124_,35.38µm
u_transform_scheduler_core.bf_X1_i\[10\],35.38µm
u_transform_scheduler_core.fifo_count\[0\],35.38µm
u_transform_scheduler_core.result_meta_inverse\[0\]\[0\],35.38µm
u_transform_scheduler_core.tx_sample_q\[6\],35.38µm
u_transform_scheduler_core.u_mixed_radix_butterfly.low_ii_reg\[5\],35.38µm
net227,35.38µm
_02122_,35.33µm
_03159_,35.33µm
_03282_,35.33µm
_04850_,35.33µm
_05211_,35.33µm
_05448_,35.33µm
_05456_,35.33µm
_06142_,35.33µm
_06578_,35.33µm
_08046_,35.33µm
_08069_,35.33µm
_08159_,35.33µm
_08746_,35.33µm
_09167_,35.33µm
_09645_,35.33µm
_09789_,35.33µm
u_transform_scheduler_core.fft_mem_rdata\[0\],35.33µm
u_transform_scheduler_core.u_mixed_radix_butterfly.product_rq_reg\[6\],35.33µm
u_transform_scheduler_core.u_mixed_radix_butterfly.product_rr_reg\[9\],35.33µm
u_transform_scheduler_core.u_subcarrier_mapper.clear_index\[3\],35.33µm
_00056_,35.28µm
_02295_,35.28µm
_03147_,35.28µm
_04252_,35.28µm
_05744_,35.28µm
_05933_,35.28µm
_06418_,35.28µm
_08039_,35.28µm
_08362_,35.28µm
u_transform_scheduler_core.rx_small_x1_i\[7\],35.28µm
_04790_,35.1µm
u_transform_scheduler_core.dft12_ram_q\[8\]\[12\],34.92µm
_03036_,34.87µm
_04869_,34.87µm
_05502_,34.87µm
_05666_,34.87µm
_07413_,34.87µm
u_transform_scheduler_core.dft12_ram_q\[1\]\[1\],34.87µm
u_transform_scheduler_core.mod_diag_X1_i\[6\],34.87µm
u_transform_scheduler_core.u_mixed_radix_butterfly.premultiply_input_q_reg\[16\],34.87µm
_02893_,34.82µm
_03001_,34.82µm
_05232_,34.82µm
_05979_,34.82µm
u_transform_scheduler_core.dft12_ram_i\[8\]\[5\],34.82µm
u_transform_scheduler_core.dft12_ram_q\[7\]\[8\],34.82µm
u_transform_scheduler_core.fft_mem_rdata\[3\],34.82µm
u_transform_scheduler_core.ofdm_mem_addr\[5\],34.82µm
u_transform_scheduler_core.u_mixed_radix_butterfly.final_scalar_product_reg\[9\],34.82µm
u_transform_scheduler_core.u_mixed_radix_butterfly.product_ii_reg\[20\],34.82µm
_02714_,34.77µm
_02724_,34.77µm
_03222_,34.77µm
_06217_,34.77µm
_07417_,34.77µm
_08341_,34.77µm
_08408_,34.77µm
_08618_,34.77µm
_09057_,34.77µm
_09120_,34.77µm
u_transform_scheduler_core.dft12_ram_i\[9\]\[7\],34.77µm
u_transform_scheduler_core.dft12_ram_q\[10\]\[0\],34.77µm
u_transform_scheduler_core.rx_dft12_index\[1\],34.77µm
u_transform_scheduler_core.rx_small_x0_i\[10\],34.77µm
u_transform_scheduler_core.small_sent_x0_i,34.77µm
_04718_,34.72µm
_07236_,34.72µm
_07699_,34.72µm
_08021_,34.72µm
_08339_,34.72µm
_09490_,34.72µm
u_transform_scheduler_core.dft12_ram_q\[9\]\[13\],34.72µm
clknet_leaf_246_clk_regs,34.72µm
u_transform_scheduler_core.u_mixed_radix_butterfly.high_iq_reg\[11\],34.36µm
_04915_,34.31µm
input_left\[3\],34.31µm
u_transform_scheduler_core.dft12_ram_i\[3\]\[11\],34.31µm
u_transform_scheduler_core.dft12_ram_q\[4\]\[2\],34.31µm
_02387_,34.26µm
_02676_,34.26µm
_05079_,34.26µm
_05190_,34.26µm
_05407_,34.26µm
_09522_,34.26µm
_09845_,34.26µm
u_transform_scheduler_core.mod_diag_X0_q\[14\],34.26µm
u_transform_scheduler_core.u_mixed_radix_butterfly.x2_q_ext\[9\],34.26µm
_01855_,34.21µm
_02710_,34.21µm
_04398_,34.21µm
_07873_,34.21µm
_08578_,34.21µm
_09193_,34.21µm
u_transform_scheduler_core.tx_dft12_hold_i\[1\]\[15\],34.21µm
u_transform_scheduler_core.u_mixed_radix_butterfly.low_rr_reg\[15\],34.21µm
_04048_,34.16µm
_04310_,34.16µm
_04462_,34.16µm
_05272_,34.16µm
_05915_,34.16µm
_06046_,34.16µm
_06261_,34.16µm
_06946_,34.16µm
debug_read_latch\[15\],34.16µm
u_transform_scheduler_core.u_fft_scratch_sram.u_lo.macro_addr\[3\],34.02µm
u_transform_scheduler_core.u_fft_scratch_sram.u_lo.macro_addr\[6\],34.02µm
_02132_,33.8µm
_05219_,33.75µm
_08697_,33.75µm
u_transform_scheduler_core.u_mixed_radix_butterfly.combine_product_re_reg\[13\],33.75µm
_02483_,33.7µm
_05331_,33.7µm
_05675_,33.7µm
u_transform_scheduler_core.dft12_ram_i\[7\]\[3\],33.7µm
u_transform_scheduler_core.tx_input_write,33.7µm
u_transform_scheduler_core.u_fft128_modulo_controller.fetch_x1_q\[5\],33.7µm
u_transform_scheduler_core.u_mixed_radix_butterfly.twiddle_re_reg\[4\],33.7µm
_01986_,33.65µm
_02023_,33.65µm
_02189_,33.65µm
_02427_,33.65µm
_02998_,33.65µm
_04025_,33.65µm
_04063_,33.65µm
_04684_,33.65µm
_06843_,33.65µm
_07835_,33.65µm
_08669_,33.65µm
_09214_,33.65µm
u_transform_scheduler_core.dft12_ram_q\[7\]\[6\],33.65µm
u_transform_scheduler_core.u_mixed_radix_butterfly.combine_half_sum_q_reg\[9\],33.65µm
u_transform_scheduler_core.u_mixed_radix_butterfly.x1_q_ext\[12\],33.65µm
_02514_,33.6µm
_02628_,33.6µm
_04176_,33.6µm
_04404_,33.6µm
_04516_,33.6µm
_05273_,33.6µm
_06641_,33.6µm
_07175_,33.6µm
_08210_,33.6µm
_08688_,33.6µm
u_transform_scheduler_core.dft12_ram_i\[3\]\[4\],33.6µm
u_transform_scheduler_core.dft12_ram_q\[8\]\[2\],33.6µm
u_transform_scheduler_core.mod_diag_X0_q\[12\],33.6µm
_02129_,33.29µm
u_transform_scheduler_core.u_mixed_radix_butterfly.low_ii_reg\[10\],33.24µm
_05421_,33.19µm
u_transform_scheduler_core.u_fdiq_output_adapter.sample_i_reg\[8\],33.19µm
u_transform_scheduler_core.u_mixed_radix_butterfly.product_ii_reg\[14\],33.19µm
u_transform_scheduler_core.u_mixed_radix_butterfly.x1_q_ext\[10\],33.19µm
_04854_,33.14µm
_05534_,33.14µm
_07336_,33.14µm
_09346_,33.14µm
u_transform_scheduler_core.dft12_ram_q\[1\]\[10\],33.14µm
u_transform_scheduler_core.rx_fft128_index\[4\],33.14µm
u_transform_scheduler_core.tx_dout\[2\],33.14µm
u_transform_scheduler_core.u_mixed_radix_butterfly.x2_i_ext\[4\],33.14µm
_02921_,33.09µm
_03646_,33.09µm
_05166_,33.09µm
_07066_,33.09µm
_08507_,33.09µm
debug_read_latch\[6\],33.09µm
top_state\[3\],33.09µm
u_transform_scheduler_core.fft_mem_rdata\[14\],33.09µm
u_transform_scheduler_core.tx_sample_index\[3\],33.09µm
u_transform_scheduler_core.u_fft_scratch_sram.i_half\[15\],33.09µm
u_transform_scheduler_core.u_mixed_radix_butterfly.twiddle_re_reg\[2\],33.09µm
u_transform_scheduler_core.u_mixed_radix_butterfly.x0_q_ext\[9\],33.09µm
_04527_,33.04µm
_06482_,33.04µm
_09116_,33.04µm
_09815_,33.04µm
u_transform_scheduler_core.dft12_sent_x2_q,33.04µm
u_transform_scheduler_core.result_meta_radix3\[2\]\[0\],33.04µm
u_transform_scheduler_core.u_fft128_modulo_controller.fetch_x1_i\[6\],33.04µm
u_transform_scheduler_core.u_tdiq_output_cp_insert.responses_left\[8\],33.04µm
_04650_,32.68µm
u_transform_scheduler_core.u_mixed_radix_butterfly.x0_q_full,32.68µm
_04870_,32.63µm
_08954_,32.63µm
u_transform_scheduler_core.rx_fft128_index\[2\],32.63µm
u_transform_scheduler_core.u_fft_scratch_sram.i_half\[12\],32.63µm
u_transform_scheduler_core.u_mixed_radix_butterfly.high_rr_reg\[1\],32.63µm
u_transform_scheduler_core.u_mixed_radix_butterfly.low_rq_reg\[14\],32.63µm
u_transform_scheduler_core.u_mixed_radix_butterfly.premultiply_x0_i_reg\[9\],32.63µm
u_transform_scheduler_core.u_mixed_radix_butterfly.product_iq_reg\[18\],32.63µm
u_transform_scheduler_core.u_mixed_radix_butterfly.product_rq_reg\[20\],32.63µm
_04280_,32.58µm
_05412_,32.58µm
_08693_,32.58µm
output_left\[5\],32.58µm
u_transform_scheduler_core.tx_dft12_hold_q\[2\]\[10\],32.58µm
u_transform_scheduler_core.u_fdiq_output_adapter.sample_q_reg\[11\],32.58µm
u_transform_scheduler_core.u_mixed_radix_butterfly.low_iq_reg\[9\],32.58µm
u_transform_scheduler_core.u_mixed_radix_butterfly.premultiply_input_q_reg\[15\],32.58µm
_03040_,32.53µm
_05610_,32.53µm
_08041_,32.53µm
_08375_,32.53µm
_08835_,32.53µm
_08882_,32.53µm
_09161_,32.53µm
_09739_,32.53µm
u_transform_scheduler_core.u_fft_scratch_sram.saved_wdata\[25\],32.53µm
u_transform_scheduler_core.u_mixed_radix_butterfly.x0_q_ext\[7\],32.53µm
clknet_leaf_2_clk_regs,32.53µm
_02266_,32.48µm
_04974_,32.48µm
_07140_,32.48µm
_07256_,32.48µm
_07882_,32.48µm
_08656_,32.48µm
_08986_,32.48µm
_09179_,32.48µm
_09509_,32.48µm
u_transform_scheduler_core.u_fft_scratch_sram.macro_wdata\[8\],32.48µm
_05047_,32.17µm
u_transform_scheduler_core.u_mixed_radix_butterfly.low_ii_reg\[14\],32.12µm
_06607_,32.07µm
_08935_,32.07µm
_09608_,32.07µm
u_transform_scheduler_core.dft12_ram_i\[4\]\[4\],32.07µm
u_transform_scheduler_core.tx_capture_done,32.07µm
u_transform_scheduler_core.u_tdiq_input_cp_remove.cp_length_reg\[1\],32.07µm
_04419_,32.02µm
_05201_,32.02µm
_05538_,32.02µm
_08819_,32.02µm
u_transform_scheduler_core.dft12_ram_q\[3\]\[9\],32.02µm
u_transform_scheduler_core.mod_x0_q\[11\],32.02µm
u_transform_scheduler_core.u_mixed_radix_butterfly.high_rq_reg\[4\],32.02µm
u_transform_scheduler_core.u_mixed_radix_butterfly.low_ii_reg\[15\],32.02µm
u_transform_scheduler_core.u_mixed_radix_butterfly.low_rr_reg\[13\],32.02µm
_02234_,31.97µm
_05128_,31.97µm
_06352_,31.97µm
_06907_,31.97µm
_08933_,31.97µm
u_transform_scheduler_core.dft12_ram_q\[0\]\[1\],31.97µm
u_transform_scheduler_core.u_mixed_radix_butterfly.premultiply_input_q_reg\[12\],31.97µm
u_transform_scheduler_core.u_mixed_radix_butterfly.product_rq_reg\[10\],31.97µm
_02258_,31.92µm
_07009_,31.92µm
_07194_,31.92µm
_07279_,31.92µm
_08529_,31.92µm
_08705_,31.92µm
_08724_,31.92µm
_09235_,31.92µm
_09266_,31.92µm
_09295_,31.92µm
u_transform_scheduler_core.u_mixed_radix_butterfly.x1_i_ext\[3\],31.92µm
u_transform_scheduler_core.u_tdiq_input_cp_remove.input_sample_index\[3\],31.56µm
_02624_,31.51µm
_05424_,31.51µm
_08680_,31.51µm
u_transform_scheduler_core.u_fdiq_output_adapter.sample_i_reg\[11\],31.51µm
_02002_,31.46µm
_03641_,31.46µm
_04652_,31.46µm
_04967_,31.46µm
_06545_,31.46µm
_08660_,31.46µm
u_transform_scheduler_core.dft12_ram_i\[6\]\[10\],31.46µm
u_transform_scheduler_core.u_mixed_radix_butterfly.high_iq_reg\[5\],31.46µm
u_transform_scheduler_core.u_mixed_radix_butterfly.high_rr_reg\[11\],31.46µm
u_transform_scheduler_core.u_tdiq_output_cp_insert.responses_left\[2\],31.46µm
u_transform_scheduler_core.u_tdiq_output_cp_insert.responses_left\[5\],31.46µm
_02170_,31.41µm
_03186_,31.41µm
_04206_,31.41µm
_05005_,31.41µm
_05126_,31.41µm
_06528_,31.41µm
_08480_,31.41µm
_09471_,31.41µm
u_transform_scheduler_core.dft12_ram_q\[10\]\[4\],31.41µm
u_transform_scheduler_core.small_sent_twiddle_im,31.41µm
u_transform_scheduler_core.u_mixed_radix_butterfly.premultiply_half_sum_i_reg\[3\],31.41µm
u_transform_scheduler_core.u_mixed_radix_butterfly.premultiply_x0_i_reg\[4\],31.41µm
u_transform_scheduler_core.u_mixed_radix_butterfly.product_ii_reg\[15\],31.41µm
u_transform_scheduler_core.u_mixed_radix_butterfly.x0_q_ext\[8\],31.41µm
_02648_,31.36µm
_04086_,31.36µm
_04095_,31.36µm
_06798_,31.36µm
_07042_,31.36µm
_08297_,31.36µm
_09363_,31.36µm
u_transform_scheduler_core.tx_mapper_done,31.36µm
u_transform_scheduler_core.u_fft_scratch_sram.i_half\[3\],31.36µm
u_transform_scheduler_core.u_mixed_radix_butterfly.arithmetic_half_sum_i_reg\[11\],31.36µm
u_transform_scheduler_core.u_fft_scratch_sram.u_lo.macro_wdata\[0\],31.22µm
u_transform_scheduler_core.dft12_ram_q\[4\]\[7\],31µm
u_transform_scheduler_core.result_meta_read_pointer\[0\],30.95µm
_02398_,30.9µm
_06987_,30.9µm
_09422_,30.9µm
_09433_,30.9µm
u_transform_scheduler_core.dft12_ram_i\[0\]\[9\],30.9µm
u_transform_scheduler_core.fft_mem_rdata\[26\],30.9µm
u_transform_scheduler_core.mod_diag_X0_q\[1\],30.9µm
u_transform_scheduler_core.rx_small_x1_i\[8\],30.9µm
u_transform_scheduler_core.u_fft128_modulo_controller.pending_writes_done,30.9µm
u_transform_scheduler_core.u_mixed_radix_butterfly.low_rq_reg\[10\],30.9µm
u_transform_scheduler_core.u_mixed_radix_butterfly.low_rq_reg\[7\],30.9µm
_00051_,30.85µm
_02165_,30.85µm
_02208_,30.85µm
_05496_,30.85µm
_05591_,30.85µm
_06477_,30.85µm
_08148_,30.85µm
u_transform_scheduler_core.dft12_ram_i\[0\]\[8\],30.85µm
u_transform_scheduler_core.dft12_ram_i\[5\]\[5\],30.85µm
u_transform_scheduler_core.mod_diag_X0_i\[8\],30.85µm
_02319_,30.8µm
_02580_,30.8µm
_03554_,30.8µm
_04276_,30.8µm
_04786_,30.8µm
_05918_,30.8µm
_06176_,30.8µm
_07716_,30.8µm
_07854_,30.8µm
_08517_,30.8µm
_08888_,30.8µm
_09356_,30.8µm
_10040_,30.8µm
debug_data_hi\[2\],30.8µm
clknet_leaf_301_clk_regs,30.8µm
_08525_,30.44µm
u_transform_scheduler_core.u_mixed_radix_butterfly.low_rr_reg\[11\],30.44µm
_04758_,30.39µm
_05042_,30.39µm
_08023_,30.39µm
u_transform_scheduler_core.dft12_ram_i\[10\]\[6\],30.39µm
u_transform_scheduler_core.u_fft128_modulo_controller.state\[1\],30.39µm
u_transform_scheduler_core.u_mixed_radix_butterfly.low_rq_reg\[5\],30.39µm
u_transform_scheduler_core.u_tdiq_output_cp_insert.requests_left\[3\],30.39µm
_02094_,30.34µm
_04855_,30.34µm
_07394_,30.34µm
_08642_,30.34µm
debug_read_latch\[0\],30.34µm
debug_wdata\[10\],30.34µm
input_left\[6\],30.34µm
u_transform_scheduler_core.dft12_phase_onehot\[2\],30.34µm
u_transform_scheduler_core.dft12_sent_x2_i,30.34µm
u_transform_scheduler_core.rx_small_x1_i\[4\],30.34µm
u_transform_scheduler_core.u_mixed_radix_butterfly.product_ii_reg\[7\],30.34µm
net259,30.34µm
_00065_,30.29µm
_02185_,30.29µm
_02238_,30.29µm
_02854_,30.29µm
_04257_,30.29µm
_05134_,30.29µm
_05764_,30.29µm
_05965_,30.29µm
_06449_,30.29µm
_06558_,30.29µm
_08380_,30.29µm
u_transform_scheduler_core.dft12_state\[3\],30.29µm
u_transform_scheduler_core.fifo_x0_i\[0\]\[5\],30.29µm
u_transform_scheduler_core.ofdm_output_done,30.29µm
u_transform_scheduler_core.u_fft_scratch_sram.i_half\[8\],30.29µm
u_transform_scheduler_core.u_mixed_radix_butterfly.arithmetic_half_sum_q_reg\[9\],30.29µm
u_transform_scheduler_core.u_mixed_radix_butterfly.arithmetic_x0_q_reg\[14\],30.29µm
_02204_,30.24µm
_02401_,30.24µm
_02941_,30.24µm
_04204_,30.24µm
_04245_,30.24µm
_06644_,30.24µm
_07427_,30.24µm
_07595_,30.24µm
_07931_,30.24µm
u_transform_scheduler_core.u_mixed_radix_butterfly.combine_x0_q_reg\[15\],29.96µm
_04843_,29.88µm
_07369_,29.88µm
output_left\[1\],29.88µm
u_transform_scheduler_core.u_mixed_radix_butterfly.high_iq_reg\[10\],29.88µm
_06080_,29.83µm
_08921_,29.83µm
u_transform_scheduler_core.dft12_ram_i\[0\]\[1\],29.83µm
u_transform_scheduler_core.u_mixed_radix_butterfly.low_ii_reg\[9\],29.83µm
u_transform_scheduler_core.u_mixed_radix_butterfly.x2_i_ext\[11\],29.83µm
_04826_,29.78µm
_04952_,29.78µm
_05040_,29.78µm
_07008_,29.78µm
_07712_,29.78µm
_08947_,29.78µm
_09018_,29.78µm
u_transform_scheduler_core.dft12_ram_i\[6\]\[7\],29.78µm
u_transform_scheduler_core.dft12_ram_i\[7\]\[8\],29.78µm
u_transform_scheduler_core.fft_mem_rdata\[16\],29.78µm
u_transform_scheduler_core.mod_diag_X1_q\[0\],29.78µm
u_transform_scheduler_core.u_fft128_modulo_controller.fetch_group\[6\],29.78µm
u_transform_scheduler_core.u_mixed_radix_butterfly.product_ii_reg\[8\],29.78µm
u_transform_scheduler_core.u_mixed_radix_butterfly.product_rq_reg\[13\],29.78µm
u_transform_scheduler_core.u_tdiq_output_cp_insert.requests_left\[1\],29.78µm
_03729_,29.73µm
_04169_,29.73µm
_04919_,29.73µm
_06310_,29.73µm
_06317_,29.73µm
_06972_,29.73µm
_07457_,29.73µm
_08091_,29.73µm
_08702_,29.73µm
_08894_,29.73µm
_09108_,29.73µm
u_transform_scheduler_core.dft12_ram_q\[3\]\[12\],29.73µm
u_transform_scheduler_core.small_inflight_count\[0\],29.73µm
u_transform_scheduler_core.u_subcarrier_mapper.clear_index\[5\],29.73µm
u_transform_scheduler_core.u_tdiq_input_cp_remove.held_i\[10\],29.73µm
net312,29.73µm
_02632_,29.68µm
_03667_,29.68µm
_03675_,29.68µm
_04949_,29.68µm
_07736_,29.68µm
_07998_,29.68µm
u_transform_scheduler_core.fifo_x1_i\[0\]\[8\],29.68µm
u_transform_scheduler_core.u_fft128_modulo_controller.fetch_x1_i\[7\],29.68µm
_02178_,29.45µm
_02414_,29.27µm
_06643_,29.27µm
_08028_,29.27µm
_09256_,29.27µm
top_state\[11\],29.27µm
u_transform_scheduler_core.dft12_ram_q\[11\]\[2\],29.27µm
_04407_,29.22µm
_05388_,29.22µm
_08495_,29.22µm
_08988_,29.22µm
_09519_,29.22µm
u_transform_scheduler_core.dft12_ram_q\[0\]\[0\],29.22µm
u_transform_scheduler_core.dft12_ram_q\[0\]\[10\],29.22µm
u_transform_scheduler_core.dft12_ram_q\[0\]\[3\],29.22µm
u_transform_scheduler_core.dft12_ram_q\[0\]\[6\],29.22µm
u_transform_scheduler_core.u_fft128_modulo_controller.fetch_x1_q\[7\],29.22µm
u_transform_scheduler_core.u_mixed_radix_butterfly.combine_sum_q_reg\[0\],29.22µm
_00015_,29.17µm
_03062_,29.17µm
_05125_,29.17µm
_05547_,29.17µm
_06107_,29.17µm
_07359_,29.17µm
_08245_,29.17µm
_08979_,29.17µm
_09103_,29.17µm
_09572_,29.17µm
_10037_,29.17µm
u_transform_scheduler_core.fft_mem_rdata\[20\],29.17µm
u_transform_scheduler_core.u_mixed_radix_butterfly.premultiply_x0_q_reg\[0\],29.17µm
_01989_,29.12µm
_05226_,29.12µm
_07054_,29.12µm
_08092_,29.12µm
_09297_,29.12µm
_09336_,29.12µm
_05111_,28.84µm
u_transform_scheduler_core.dft12_ram_i\[0\]\[12\],28.76µm
_04780_,28.71µm
_09367_,28.71µm
debug_read_latch\[3\],28.71µm
u_transform_scheduler_core.u_mixed_radix_butterfly.high_rr_reg\[3\],28.71µm
_02198_,28.66µm
_02546_,28.66µm
_04878_,28.66µm
_09345_,28.66µm
_09470_,28.66µm
debug_read_latch\[5\],28.66µm
u_transform_scheduler_core.u_fdiq_output_adapter.sample_q_reg\[6\],28.66µm
u_transform_scheduler_core.u_mixed_radix_butterfly.product_ii_reg\[18\],28.66µm
_02728_,28.61µm
_02784_,28.61µm
_04515_,28.61µm
_05626_,28.61µm
_05964_,28.61µm
_06183_,28.61µm
_08781_,28.61µm
_08792_,28.61µm
_08866_,28.61µm
_09033_,28.61µm
_09112_,28.61µm
_09157_,28.61µm
_09874_,28.61µm
output_left\[2\],28.61µm
u_transform_scheduler_core.u_fft128_modulo_controller.fetch_x1_i\[14\],28.61µm
u_transform_scheduler_core.u_mixed_radix_butterfly.premultiply_uop_reg\[0\],28.61µm
u_transform_scheduler_core.u_mixed_radix_butterfly.x1_q_ext\[1\],28.61µm
_03328_,28.56µm
_05384_,28.56µm
_05577_,28.56µm
_05852_,28.56µm
_07226_,28.56µm
_08239_,28.56µm
_08512_,28.56µm
_09410_,28.56µm
u_transform_scheduler_core.dft12_ram_q\[7\]\[12\],28.56µm
u_transform_scheduler_core.fft_mem_rdata\[17\],28.56µm
u_transform_scheduler_core.rx_small_x0_q\[6\],28.56µm
u_transform_scheduler_core.rx_small_x1_i\[6\],28.56µm
u_transform_scheduler_core.u_mixed_radix_butterfly.arithmetic_x0_i_reg\[11\],28.56µm
_04734_,28.15µm
_07381_,28.15µm
u_transform_scheduler_core.dft12_ram_q\[8\]\[1\],28.15µm
u_transform_scheduler_core.rx_dft12_i\[2\],28.15µm
net359,28.15µm
_01043_,28.1µm
_02890_,28.1µm
_04193_,28.1µm
_04976_,28.1µm
_05150_,28.1µm
_07422_,28.1µm
debug_addr\[7\],28.1µm
u_transform_scheduler_core.dft12_ram_i\[0\]\[5\],28.1µm
u_transform_scheduler_core.dft12_ram_i\[3\]\[5\],28.1µm
u_transform_scheduler_core.dft12_ram_i\[4\]\[2\],28.1µm
u_transform_scheduler_core.dft12_ram_i\[5\]\[0\],28.1µm
u_transform_scheduler_core.dft12_state\[2\],28.1µm
u_transform_scheduler_core.fft_mem_rdata\[8\],28.1µm
u_transform_scheduler_core.u_fft_scratch_sram.saved_wdata\[16\],28.1µm
u_transform_scheduler_core.u_mixed_radix_butterfly.arithmetic_x0_q_reg\[10\],28.1µm
u_transform_scheduler_core.u_tdiq_input_cp_remove.held_i\[2\],28.1µm
net996,28.1µm
_01515_,28.05µm
_02030_,28.05µm
_02174_,28.05µm
_02202_,28.05µm
_03750_,28.05µm
_04866_,28.05µm
_05270_,28.05µm
_06034_,28.05µm
_06057_,28.05µm
_06082_,28.05µm
_06163_,28.05µm
_06249_,28.05µm
_06906_,28.05µm
_07325_,28.05µm
_07464_,28.05µm
_08017_,28.05µm
_08476_,28.05µm
_08643_,28.05µm
_08652_,28.05µm
u_transform_scheduler_core.u_mixed_radix_butterfly.arithmetic_half_sum_i_reg\[7\],28.05µm
u_transform_scheduler_core.u_mixed_radix_butterfly.combine_half_sum_i_reg\[7\],28.05µm
u_transform_scheduler_core.u_mixed_radix_butterfly.high_rq_reg\[6\],28.05µm
_02959_,28µm
_04064_,28µm
_04947_,28µm
_05430_,28µm
_07298_,28µm
_07673_,28µm
_08645_,28µm
_08797_,28µm
_09631_,28µm
u_transform_scheduler_core.dft12_ram_q\[7\]\[14\],28µm
u_transform_scheduler_core.dft12_sent_x1_q,28µm
u_transform_scheduler_core.fft_mem_rdata\[29\],28µm
u_transform_scheduler_core.u_mixed_radix_butterfly.arithmetic_half_sum_q_reg\[3\],28µm
u_transform_scheduler_core.u_mixed_radix_butterfly.premultiply_x0_q_reg\[13\],28µm
u_transform_scheduler_core.u_mixed_radix_butterfly.product_rq_reg\[2\],28µm
u_transform_scheduler_core.u_fft_scratch_sram.u_lo.macro_addr\[5\],27.86µm
_05068_,27.74µm
_04848_,27.69µm
_06005_,27.69µm
u_transform_scheduler_core.mod_diag_X0_i\[0\],27.64µm
_02101_,27.59µm
_05121_,27.59µm
_06168_,27.59µm
_06194_,27.59µm
u_transform_scheduler_core.dft12_ram_q\[0\]\[12\],27.59µm
u_transform_scheduler_core.u_mixed_radix_butterfly.combine_half_sum_q_reg\[13\],27.59µm
u_transform_scheduler_core.u_mixed_radix_butterfly.x2_i_ext\[1\],27.59µm
u_transform_scheduler_core.u_tdiq_input_cp_remove.input_sample_index\[7\],27.59µm
_04461_,27.54µm
_04665_,27.54µm
_04812_,27.54µm
_04839_,27.54µm
_04858_,27.54µm
_04908_,27.54µm
_05266_,27.54µm
_06145_,27.54µm
_07516_,27.54µm
_07795_,27.54µm
_08377_,27.54µm
_08971_,27.54µm
u_transform_scheduler_core.dft12_ram_q\[7\]\[9\],27.54µm
u_transform_scheduler_core.u_mixed_radix_butterfly.combine_half_sum_i_reg\[5\],27.54µm
u_transform_scheduler_core.u_mixed_radix_butterfly.high_rq_reg\[8\],27.54µm
u_transform_scheduler_core.u_mixed_radix_butterfly.high_rr_reg\[6\],27.54µm
u_transform_scheduler_core.u_mixed_radix_butterfly.low_rr_reg\[14\],27.54µm
u_transform_scheduler_core.u_mixed_radix_butterfly.x1_i_ext\[14\],27.54µm
u_transform_scheduler_core.u_mixed_radix_butterfly.x1_q_ext\[4\],27.54µm
u_transform_scheduler_core.u_mixed_radix_butterfly.x2_i_ext\[2\],27.54µm
_02443_,27.49µm
_03288_,27.49µm
_03290_,27.49µm
_04648_,27.49µm
_05835_,27.49µm
_07329_,27.49µm
_08503_,27.49µm
_08999_,27.49µm
_09198_,27.49µm
top_state\[13\],27.49µm
u_transform_scheduler_core.dft12_ram_i\[8\]\[7\],27.49µm
u_transform_scheduler_core.dft12_ram_q\[0\]\[14\],27.49µm
u_transform_scheduler_core.rx_small_x0_i\[1\],27.49µm
_04773_,27.44µm
_04829_,27.44µm
_04830_,27.44µm
_05492_,27.44µm
_05622_,27.44µm
_05694_,27.44µm
_06996_,27.44µm
_08295_,27.44µm
_08441_,27.44µm
u_transform_scheduler_core.dft12_ram_q\[7\]\[13\],27.44µm
u_transform_scheduler_core.dft12_ram_q\[7\]\[4\],27.44µm
u_transform_scheduler_core.dft12_sent_uop,27.44µm
u_transform_scheduler_core.fifo_x1_i\[0\]\[6\],27.44µm
u_transform_scheduler_core.u_mixed_radix_butterfly.premultiply_x0_i_reg\[1\],27.44µm
_09047_,27.31µm
u_transform_scheduler_core.u_fft_scratch_sram.u_hi.macro_wdata\[7\],27.3µm
_04420_,27.21µm
_05557_,27.03µm
_05595_,27.03µm
_06093_,27.03µm
_06543_,27.03µm
_08679_,27.03µm
_09418_,27.03µm
_02852_,26.98µm
_04301_,26.98µm
_05323_,26.98µm
_05362_,26.98µm
_09498_,26.98µm
_09760_,26.98µm
_09816_,26.98µm
u_transform_scheduler_core.dft12_ram_i\[7\]\[0\],26.98µm
u_transform_scheduler_core.u_fft_scratch_sram.i_half\[5\],26.98µm
u_transform_scheduler_core.u_mixed_radix_butterfly.arithmetic_half_sum_q_reg\[4\],26.98µm
u_transform_scheduler_core.u_mixed_radix_butterfly.arithmetic_uop_reg\[1\],26.98µm
u_transform_scheduler_core.u_mixed_radix_butterfly.arithmetic_x0_i_reg\[10\],26.98µm
u_transform_scheduler_core.u_mixed_radix_butterfly.product_ii_reg\[19\],26.98µm
net1047,26.98µm
_01975_,26.93µm
_02895_,26.93µm
_03278_,26.93µm
_05082_,26.93µm
_05348_,26.93µm
_05599_,26.93µm
_06567_,26.93µm
_06854_,26.93µm
_07360_,26.93µm
_07608_,26.93µm
_08340_,26.93µm
_08451_,26.93µm
_09045_,26.93µm
_09227_,26.93µm
_09547_,26.93µm
input_left\[5\],26.93µm
u_transform_scheduler_core.bf_X1_i\[3\],26.93µm
u_transform_scheduler_core.fft_mem_rdata\[18\],26.93µm
u_transform_scheduler_core.fft_mem_rdata\[27\],26.93µm
u_transform_scheduler_core.u_mixed_radix_butterfly.product_ii_reg\[2\],26.93µm
_02523_,26.88µm
_03331_,26.88µm
_04166_,26.88µm
_05425_,26.88µm
_07331_,26.88µm
_08093_,26.88µm
_08418_,26.88µm
_09306_,26.88µm
_09327_,26.88µm
_09998_,26.88µm
u_transform_scheduler_core.u_tdiq_output_cp_insert.responses_left\[3\],26.88µm
_02858_,26.52µm
_02575_,26.47µm
_04769_,26.47µm
u_transform_scheduler_core.dft12_ram_q\[7\]\[3\],26.47µm
u_transform_scheduler_core.u_mixed_radix_butterfly.product_ii_reg\[5\],26.47µm
_02061_,26.42µm
_03151_,26.42µm
_05512_,26.42µm
_06357_,26.42µm
_06603_,26.42µm
_06824_,26.42µm
_07377_,26.42µm
_07390_,26.42µm
_09394_,26.42µm
u_transform_scheduler_core.dft12_block_ready,26.42µm
u_transform_scheduler_core.fft_mem_rdata\[19\],26.42µm
u_transform_scheduler_core.fft_mem_rdata\[25\],26.42µm
u_transform_scheduler_core.fft_mem_rdata\[9\],26.42µm
u_transform_scheduler_core.u_fft_scratch_sram.saved_addr\[3\],26.42µm
u_transform_scheduler_core.u_mixed_radix_butterfly.low_ii_reg\[16\],26.42µm
_02950_,26.37µm
_05246_,26.37µm
_09263_,26.37µm
_09320_,26.37µm
_09474_,26.37µm
_09883_,26.37µm
debug_data_hi\[1\],26.37µm
output_left\[7\],26.37µm
u_transform_scheduler_core.dft12_ram_i\[0\]\[4\],26.37µm
u_transform_scheduler_core.dft12_ram_q\[0\]\[4\],26.37µm
u_transform_scheduler_core.dft12_ram_q\[3\]\[2\],26.37µm
u_transform_scheduler_core.fft_mem_rdata\[22\],26.37µm
u_transform_scheduler_core.fifo_x0_i\[0\]\[6\],26.37µm
u_transform_scheduler_core.u_fft128_modulo_controller.fetch_x1_q\[8\],26.37µm
u_transform_scheduler_core.u_mixed_radix_butterfly.premultiply_half_sum_q_reg\[13\],26.37µm
u_transform_scheduler_core.u_mixed_radix_butterfly.premultiply_x0_i_reg\[7\],26.37µm
u_transform_scheduler_core.u_mixed_radix_butterfly.premultiply_x0_q_reg\[12\],26.37µm
clknet_leaf_329_clk_regs,26.37µm
_01516_,26.32µm
_03213_,26.32µm
_03481_,26.32µm
_05146_,26.32µm
_05175_,26.32µm
_06208_,26.32µm
_07281_,26.32µm
_08793_,26.32µm
u_transform_scheduler_core.mod_diag_X0_q\[15\],26.32µm
u_transform_scheduler_core.u_mixed_radix_butterfly.final_scalar_product_reg\[2\],26.32µm
net1142,25.96µm
u_transform_scheduler_core.dft12_ram_i\[4\]\[6\],25.91µm
u_transform_scheduler_core.u_mixed_radix_butterfly.product_ii_reg\[6\],25.91µm
net315,25.91µm
_02300_,25.86µm
_02857_,25.86µm
_03465_,25.86µm
_04888_,25.86µm
_04970_,25.86µm
_05021_,25.86µm
_05117_,25.86µm
_05263_,25.86µm
_05290_,25.86µm
_07183_,25.86µm
_07776_,25.86µm
_08070_,25.86µm
_08102_,25.86µm
_09041_,25.86µm
_09053_,25.86µm
_09368_,25.86µm
_09598_,25.86µm
u_transform_scheduler_core.mod_diag_X1_i\[13\],25.86µm
u_transform_scheduler_core.mod_diag_X1_i\[14\],25.86µm
u_transform_scheduler_core.u_fft128_modulo_controller.fetch_x1_i\[5\],25.86µm
u_transform_scheduler_core.u_fft_scratch_sram.saved_addr\[4\],25.86µm
u_transform_scheduler_core.u_mixed_radix_butterfly.combine_half_sum_q_reg\[12\],25.86µm
u_transform_scheduler_core.u_mixed_radix_butterfly.low_iq_reg\[12\],25.86µm
u_transform_scheduler_core.u_mixed_radix_butterfly.premultiply_twiddle_re_reg\[1\],25.86µm
_01807_,25.81µm
_02694_,25.81µm
_03158_,25.81µm
_04563_,25.81µm
_04948_,25.81µm
_05085_,25.81µm
_05299_,25.81µm
_05410_,25.81µm
_06112_,25.81µm
_06171_,25.81µm
_06223_,25.81µm
_06548_,25.81µm
_07017_,25.81µm
_07340_,25.81µm
_07938_,25.81µm
_08413_,25.81µm
_08895_,25.81µm
_08900_,25.81µm
_09029_,25.81µm
_09128_,25.81µm
_09207_,25.81µm
_09439_,25.81µm
_09667_,25.81µm
u_transform_scheduler_core.dft12_ram_i\[7\]\[7\],25.81µm
u_transform_scheduler_core.dft12_ram_q\[0\]\[7\],25.81µm
u_transform_scheduler_core.fft_mem_rdata\[1\],25.81µm
u_transform_scheduler_core.u_fft128_modulo_controller.fetch_x1_i\[15\],25.81µm
u_transform_scheduler_core.u_mixed_radix_butterfly.x0_i_ext\[0\],25.81µm
_01031_,25.76µm
_02092_,25.76µm
_02518_,25.76µm
_04171_,25.76µm
_05387_,25.76µm
_05554_,25.76µm
_05804_,25.76µm
_07493_,25.76µm
_08846_,25.76µm
_08991_,25.76µm
_09431_,25.76µm
_09910_,25.76µm
u_transform_scheduler_core.u_fdiq_output_adapter.state\[4\],25.76µm
u_transform_scheduler_core.u_mixed_radix_butterfly.x2_q_full,25.76µm
_05086_,25.63µm
_02773_,25.35µm
_08458_,25.35µm
u_transform_scheduler_core.dft12_ram_i\[11\]\[10\],25.35µm
u_transform_scheduler_core.fft_mem_rdata\[4\],25.35µm
u_transform_scheduler_core.rx_small_x0_i\[6\],25.35µm
u_transform_scheduler_core.u_mixed_radix_butterfly.final_scalar_product_reg\[12\],25.35µm
_02407_,25.3µm
_02659_,25.3µm
_02973_,25.3µm
_04716_,25.3µm
_04899_,25.3µm
_05026_,25.3µm
_05280_,25.3µm
_05357_,25.3µm
_06828_,25.3µm
_07387_,25.3µm
_07528_,25.3µm
u_transform_scheduler_core.dft12_ram_i\[0\]\[3\],25.3µm
u_transform_scheduler_core.u_fft128_modulo_controller.fetch_x1_i\[11\],25.3µm
u_transform_scheduler_core.u_fft_scratch_sram.i_half\[9\],25.3µm
u_transform_scheduler_core.u_mixed_radix_butterfly.high_iq_reg\[1\],25.3µm
u_transform_scheduler_core.u_mixed_radix_butterfly.product_ii_reg\[1\],25.3µm
u_transform_scheduler_core.u_mixed_radix_butterfly.product_ii_reg\[4\],25.3µm
u_transform_scheduler_core.u_mixed_radix_butterfly.product_rr_reg\[14\],25.3µm
_02729_,25.25µm
_04224_,25.25µm
_04443_,25.25µm
_04644_,25.25µm
_05046_,25.25µm
_05100_,25.25µm
_05495_,25.25µm
_07130_,25.25µm
_09084_,25.25µm
_09638_,25.25µm
u_transform_scheduler_core.dft12_ram_q\[3\]\[0\],25.25µm
u_transform_scheduler_core.dft12_ram_q\[7\]\[5\],25.25µm
u_transform_scheduler_core.fft_mem_rdata\[28\],25.25µm
u_transform_scheduler_core.rx_small_x1_q\[3\],25.25µm
u_transform_scheduler_core.tx_sample_index\[1\],25.25µm
u_transform_scheduler_core.u_mixed_radix_butterfly.premultiply_x0_q_reg\[15\],25.25µm
u_transform_scheduler_core.u_mixed_radix_butterfly.premultiply_x0_q_reg\[2\],25.25µm
u_transform_scheduler_core.u_mixed_radix_butterfly.product_rq_reg\[0\],25.25µm
u_transform_scheduler_core.u_mixed_radix_butterfly.product_rq_reg\[12\],25.25µm
u_transform_scheduler_core.u_tdiq_input_cp_remove.input_sample_index\[5\],25.25µm
_02379_,25.2µm
_03066_,25.2µm
_03364_,25.2µm
_04412_,25.2µm
_04904_,25.2µm
_05333_,25.2µm
_06403_,25.2µm
_07308_,25.2µm
_07466_,25.2µm
_07850_,25.2µm
_08670_,25.2µm
_08808_,25.2µm
_08871_,25.2µm
_08967_,25.2µm
_09172_,25.2µm
_09236_,25.2µm
u_transform_scheduler_core.mod_x0_q\[2\],25.2µm
u_transform_scheduler_core.mod_x0_q\[4\],25.2µm
u_transform_scheduler_core.u_mixed_radix_butterfly.final_scalar_product_reg\[5\],25.02µm
_08263_,24.92µm
_08885_,24.84µm
u_transform_scheduler_core.u_mixed_radix_butterfly.x1_i_ext\[12\],24.84µm
_04907_,24.79µm
_04971_,24.79µm
_08949_,24.79µm
u_transform_scheduler_core.dft12_ram_i\[9\]\[3\],24.79µm
u_transform_scheduler_core.u_fft_scratch_sram.i_half\[2\],24.79µm
u_transform_scheduler_core.u_mixed_radix_butterfly.high_iq_reg\[6\],24.79µm
u_transform_scheduler_core.u_mixed_radix_butterfly.high_rq_reg\[5\],24.79µm
u_transform_scheduler_core.u_mixed_radix_butterfly.x2_i_full,24.79µm
_02063_,24.74µm
_02071_,24.74µm
_02321_,24.74µm
_02994_,24.74µm
_04039_,24.74µm
_05013_,24.74µm
_05807_,24.74µm
_07169_,24.74µm
_08363_,24.74µm
_08710_,24.74µm
_08930_,24.74µm
_09537_,24.74µm
_09538_,24.74µm
debug_read_latch\[4\],24.74µm
u_transform_scheduler_core.dft12_ram_q\[1\]\[6\],24.74µm
u_transform_scheduler_core.dft12_ram_q\[7\]\[7\],24.74µm
u_transform_scheduler_core.fft_mem_rdata\[13\],24.74µm
u_transform_scheduler_core.u_fft_scratch_sram.i_half\[1\],24.74µm
u_transform_scheduler_core.u_mixed_radix_butterfly.product_rq_reg\[4\],24.74µm
net506,24.74µm
_00052_,24.69µm
_01119_,24.69µm
_01976_,24.69µm
_02834_,24.69µm
_02901_,24.69µm
_04442_,24.69µm
_04994_,24.69µm
_05762_,24.69µm
_06438_,24.69µm
_06586_,24.69µm
_07401_,24.69µm
_07511_,24.69µm
_07593_,24.69µm
_08366_,24.69µm
_08379_,24.69µm
_09205_,24.69µm
_09213_,24.69µm
_09395_,24.69µm
_09461_,24.69µm
_09612_,24.69µm
u_transform_scheduler_core.dft12_ram_q\[6\]\[7\],24.69µm
u_transform_scheduler_core.fifo_x0_q\[0\]\[2\],24.69µm
u_transform_scheduler_core.u_mixed_radix_butterfly.arithmetic_half_sum_q_reg\[1\],24.69µm
u_transform_scheduler_core.u_mixed_radix_butterfly.combine_product_re_reg\[12\],24.69µm
u_transform_scheduler_core.u_mixed_radix_butterfly.low_rr_reg\[8\],24.69µm
u_transform_scheduler_core.u_mixed_radix_butterfly.premultiply_half_sum_q_reg\[11\],24.69µm
net476,24.69µm
_02755_,24.64µm
_03574_,24.64µm
_05319_,24.64µm
_05639_,24.64µm
_05787_,24.64µm
_05827_,24.64µm
_06134_,24.64µm
_06811_,24.64µm
_07024_,24.64µm
_07560_,24.64µm
_07875_,24.64µm
_08914_,24.64µm
_08927_,24.64µm
_09737_,24.64µm
u_transform_scheduler_core.tx_dft12_hold_i\[2\]\[11\],24.64µm
u_transform_scheduler_core.u_fft_scratch_sram.u_lo.macro_wdata\[2\],24.5µm
_05361_,24.23µm
_09130_,24.23µm
u_transform_scheduler_core.dft12_ram_i\[9\]\[10\],24.23µm
_02323_,24.18µm
_03152_,24.18µm
_04744_,24.18µm
_06395_,24.18µm
_06792_,24.18µm
_07392_,24.18µm
_08814_,24.18µm
_08854_,24.18µm
u_transform_scheduler_core.dft12_ram_i\[9\]\[13\],24.18µm
u_transform_scheduler_core.result_meta_inverse\[1\]\[0\],24.18µm
u_transform_scheduler_core.rx_small_x0_q\[2\],24.18µm
u_transform_scheduler_core.rx_small_x0_q\[4\],24.18µm
u_transform_scheduler_core.u_mixed_radix_butterfly.low_iq_reg\[10\],24.18µm
u_transform_scheduler_core.u_mixed_radix_butterfly.premultiply_input_i_reg\[8\],24.18µm
_02461_,24.13µm
_03038_,24.13µm
_03267_,24.13µm
_03360_,24.13µm
_04106_,24.13µm
_04930_,24.13µm
_05050_,24.13µm
_05503_,24.13µm
_06285_,24.13µm
_06911_,24.13µm
_07648_,24.13µm
_08442_,24.13µm
_08594_,24.13µm
_08675_,24.13µm
_09279_,24.13µm
_09387_,24.13µm
_09425_,24.13µm
u_transform_scheduler_core.fft_mem_rdata\[31\],24.13µm
u_transform_scheduler_core.fifo_x1_i\[0\]\[0\],24.13µm
u_transform_scheduler_core.mod_diag_X1_i\[7\],24.13µm
u_transform_scheduler_core.u_mixed_radix_butterfly.arithmetic_half_sum_i_reg\[10\],24.13µm
u_transform_scheduler_core.u_mixed_radix_butterfly.premultiply_half_sum_q_reg\[14\],24.13µm
u_transform_scheduler_core.u_mixed_radix_butterfly.scalar_operand\[0\],24.13µm
_02037_,24.08µm
_02245_,24.08µm
_04026_,24.08µm
_05138_,24.08µm
_06219_,24.08µm
_06281_,24.08µm
_06788_,24.08µm
_06832_,24.08µm
_07610_,24.08µm
_07896_,24.08µm
_08822_,24.08µm
u_transform_scheduler_core.rx_small_x1_i\[10\],24.08µm
dout[0],23.78µm
_04783_,23.67µm
_08786_,23.67µm
_08865_,23.67µm
u_transform_scheduler_core.u_mixed_radix_butterfly.product_rq_reg\[21\],23.67µm
_00009_,23.62µm
_02723_,23.62µm
_04409_,23.62µm
_04713_,23.62µm
_04803_,23.62µm
_04968_,23.62µm
_07777_,23.62µm
_08739_,23.62µm
u_transform_scheduler_core.mod_x0_q\[10\],23.62µm
u_transform_scheduler_core.u_fdiq_input_adapter.final_sample_pending,23.62µm
u_transform_scheduler_core.u_mixed_radix_butterfly.arithmetic_half_sum_q_reg\[10\],23.62µm
u_transform_scheduler_core.u_mixed_radix_butterfly.arithmetic_x0_i_reg\[2\],23.62µm
u_transform_scheduler_core.u_mixed_radix_butterfly.premultiply_input_i_reg\[3\],23.62µm
u_transform_scheduler_core.u_mixed_radix_butterfly.product_iq_reg\[0\],23.62µm
u_transform_scheduler_core.u_tdiq_input_cp_remove.input_sample_index\[4\],23.62µm
_00409_,23.57µm
_00443_,23.57µm
_01326_,23.57µm
_03060_,23.57µm
_03236_,23.57µm
_04625_,23.57µm
_04844_,23.57µm
_05145_,23.57µm
_05912_,23.57µm
_06727_,23.57µm
_06922_,23.57µm
_08785_,23.57µm
_09220_,23.57µm
_09555_,23.57µm
_10032_,23.57µm
debug_wdata\[9\],23.57µm
top_state\[14\],23.57µm
u_transform_scheduler_core.fft_mem_rdata\[21\],23.57µm
u_transform_scheduler_core.mod_x0_q\[3\],23.57µm
u_transform_scheduler_core.mod_x0_q\[7\],23.57µm
u_transform_scheduler_core.u_mixed_radix_butterfly.arithmetic_half_sum_i_reg\[12\],23.57µm
u_transform_scheduler_core.u_mixed_radix_butterfly.arithmetic_x0_q_reg\[4\],23.57µm
u_transform_scheduler_core.u_mixed_radix_butterfly.high_rq_reg\[3\],23.57µm
u_transform_scheduler_core.u_mixed_radix_butterfly.premultiply_input_i_reg\[1\],23.57µm
u_transform_scheduler_core.u_mixed_radix_butterfly.x0_i_ext\[14\],23.57µm
_02470_,23.52µm
_03701_,23.52µm
_05196_,23.52µm
_06379_,23.52µm
_06613_,23.52µm
_06912_,23.52µm
_07165_,23.52µm
_08587_,23.52µm
_08878_,23.52µm
_09494_,23.52µm
_09660_,23.52µm
u_transform_scheduler_core.ofdm_mem_addr\[1\],23.52µm
u_transform_scheduler_core.u_fft_scratch_sram.u_lo.macro_addr\[4\],23.38µm
u_transform_scheduler_core.u_fft_scratch_sram.u_lo.macro_addr\[7\],23.38µm
u_transform_scheduler_core.u_fft_scratch_sram.u_lo.macro_wdata\[1\],23.38µm
u_transform_scheduler_core.fft_mem_rdata\[24\],23.29µm
_02943_,23.16µm
_04323_,23.11µm
_05522_,23.11µm
_08593_,23.11µm
_02230_,23.06µm
_03648_,23.06µm
_04789_,23.06µm
_04894_,23.06µm
_05517_,23.06µm
_07293_,23.06µm
_08851_,23.06µm
_09007_,23.06µm
_09169_,23.06µm
_09681_,23.06µm
_09696_,23.06µm
u_transform_scheduler_core.fft_mem_rdata\[2\],23.06µm
u_transform_scheduler_core.fifo_x2_i\[0\]\[3\],23.06µm
u_transform_scheduler_core.u_fdiq_output_adapter.sample_i_reg\[9\],23.06µm
u_transform_scheduler_core.u_mixed_radix_butterfly.low_rr_reg\[16\],23.06µm
u_transform_scheduler_core.u_tdiq_input_cp_remove.held_i\[3\],23.06µm
clknet_leaf_176_clk_regs,23.06µm
_02227_,23.01µm
_04185_,23.01µm
_04950_,23.01µm
_05162_,23.01µm
_05228_,23.01µm
_06047_,23.01µm
_06363_,23.01µm
_07355_,23.01µm
_07552_,23.01µm
_08984_,23.01µm
_09975_,23.01µm
debug_read_latch\[7\],23.01µm
u_transform_scheduler_core.mod_diag_X1_i\[1\],23.01µm
u_transform_scheduler_core.rx_small_x0_q\[10\],23.01µm
u_transform_scheduler_core.u_fft_scratch_sram.i_half\[4\],23.01µm
u_transform_scheduler_core.u_fft_scratch_sram.saved_wdata\[28\],23.01µm
u_transform_scheduler_core.u_mixed_radix_butterfly.combine_half_sum_i_reg\[1\],23.01µm
u_transform_scheduler_core.u_mixed_radix_butterfly.low_rq_reg\[13\],23.01µm
u_transform_scheduler_core.u_mixed_radix_butterfly.premultiply_x0_q_reg\[10\],23.01µm
u_transform_scheduler_core.u_tdiq_input_cp_remove.input_sample_index\[6\],23.01µm
net699,23.01µm
_00149_,22.96µm
_02972_,22.96µm
_03264_,22.96µm
_04189_,22.96µm
_04561_,22.96µm
_05306_,22.96µm
_05463_,22.96µm
_05781_,22.96µm
_07368_,22.96µm
_07484_,22.96µm
u_transform_scheduler_core.small_sent_x1_q,22.96µm
_00012_,22.6µm
_03198_,22.6µm
_04862_,22.6µm
_04408_,22.55µm
_06500_,22.55µm
_09507_,22.55µm
u_transform_scheduler_core.u_mixed_radix_butterfly.premultiply_half_sum_q_reg\[4\],22.55µm
_01999_,22.5µm
_03728_,22.5µm
_04223_,22.5µm
_04846_,22.5µm
_04876_,22.5µm
_07848_,22.5µm
_08000_,22.5µm
_09443_,22.5µm
_09720_,22.5µm
_09742_,22.5µm
output_left\[0\],22.5µm
u_transform_scheduler_core.dft12_ram_q\[3\]\[5\],22.5µm
u_transform_scheduler_core.dft12_ram_q\[6\]\[11\],22.5µm
u_transform_scheduler_core.u_fdiq_input_adapter.held_i\[1\],22.5µm
u_transform_scheduler_core.u_fft_scratch_sram.saved_wdata\[22\],22.5µm
u_transform_scheduler_core.u_fft_scratch_sram.saved_wdata\[23\],22.5µm
u_transform_scheduler_core.u_mixed_radix_butterfly.premultiply_input_i_reg\[5\],22.5µm
u_transform_scheduler_core.u_mixed_radix_butterfly.premultiply_x0_i_reg\[12\],22.5µm
u_transform_scheduler_core.u_mixed_radix_butterfly.product_rr_reg\[17\],22.5µm
u_transform_scheduler_core.u_tdiq_input_cp_remove.held_i\[0\],22.5µm
clknet_leaf_104_clk_regs,22.5µm
_00410_,22.45µm
_01734_,22.45µm
_02353_,22.45µm
_02392_,22.45µm
_02753_,22.45µm
_03494_,22.45µm
_03600_,22.45µm
_03780_,22.45µm
_04865_,22.45µm
_04982_,22.45µm
_05060_,22.45µm
_05094_,22.45µm
_05215_,22.45µm
_05223_,22.45µm
_05800_,22.45µm
_06359_,22.45µm
_06546_,22.45µm
_09134_,22.45µm
_09496_,22.45µm
_09533_,22.45µm
magic_index\[1\],22.45µm
u_transform_scheduler_core.fifo_x1_i\[0\]\[1\],22.45µm
u_transform_scheduler_core.rx_state\[8\],22.45µm
u_transform_scheduler_core.u_fdiq_input_adapter.held_i\[3\],22.45µm
u_transform_scheduler_core.u_fft_scratch_sram.saved_addr\[5\],22.45µm
u_transform_scheduler_core.u_mixed_radix_butterfly.premultiply_input_i_reg\[10\],22.45µm
_00713_,22.4µm
_03048_,22.4µm
_05012_,22.4µm
_05941_,22.4µm
_06058_,22.4µm
_06329_,22.4µm
_07405_,22.4µm
_08425_,22.4µm
_09330_,22.4µm
_09357_,22.4µm
_09380_,22.4µm
u_transform_scheduler_core.dft12_ram_i\[3\]\[7\],22.4µm
u_transform_scheduler_core.mod_x0_q\[12\],22.4µm
u_transform_scheduler_core.u_fft128_modulo_controller.result_group\[3\],22.4µm
_05206_,22.17µm
u_transform_scheduler_core.u_mixed_radix_butterfly.high_rr_reg\[4\],22.09µm
_04721_,22.04µm
_04928_,21.99µm
_05346_,21.99µm
_05642_,21.99µm
_08473_,21.99µm
_09437_,21.99µm
u_transform_scheduler_core.u_fft128_modulo_controller.fetch_x1_q\[3\],21.99µm
u_transform_scheduler_core.u_tdiq_output_cp_insert.requests_left\[5\],21.99µm
_00604_,21.94µm
_02239_,21.94µm
_03145_,21.94µm
_03187_,21.94µm
_04717_,21.94µm
_04849_,21.94µm
_05484_,21.94µm
_07391_,21.94µm
_08845_,21.94µm
u_transform_scheduler_core.mod_diag_X1_i\[15\],21.94µm
u_transform_scheduler_core.small_inflight_count\[1\],21.94µm
u_transform_scheduler_core.u_mixed_radix_butterfly.arithmetic_half_sum_i_reg\[14\],21.94µm
u_transform_scheduler_core.u_mixed_radix_butterfly.final_scalar_product_reg\[1\],21.94µm
u_transform_scheduler_core.u_mixed_radix_butterfly.high_rr_reg\[10\],21.94µm
_03181_,21.89µm
_03757_,21.89µm
_04264_,21.89µm
_04517_,21.89µm
_05396_,21.89µm
_05713_,21.89µm
_06081_,21.89µm
_06271_,21.89µm
_06953_,21.89µm
_07123_,21.89µm
_07366_,21.89µm
_07794_,21.89µm
_07983_,21.89µm
_08936_,21.89µm
_08963_,21.89µm
_09384_,21.89µm
_09583_,21.89µm
u_transform_scheduler_core.fifo_x1_q\[0\]\[8\],21.89µm
u_transform_scheduler_core.rx_small_x0_i\[3\],21.89µm
u_transform_scheduler_core.u_mixed_radix_butterfly.arithmetic_half_sum_i_reg\[9\],21.89µm
u_transform_scheduler_core.u_mixed_radix_butterfly.premultiply_half_sum_i_reg\[2\],21.89µm
u_transform_scheduler_core.u_mixed_radix_butterfly.premultiply_input_q_reg\[11\],21.89µm
u_transform_scheduler_core.u_mixed_radix_butterfly.product_iq_reg\[19\],21.89µm
_01891_,21.84µm
_02139_,21.84µm
_02348_,21.84µm
_02515_,21.84µm
_02559_,21.84µm
_02900_,21.84µm
_03196_,21.84µm
_03344_,21.84µm
_03443_,21.84µm
_04213_,21.84µm
_04267_,21.84µm
_04396_,21.84µm
_05801_,21.84µm
_05872_,21.84µm
_06350_,21.84µm
_06368_,21.84µm
_06670_,21.84µm
_07156_,21.84µm
_07495_,21.84µm
_08370_,21.84µm
_08816_,21.84µm
u_transform_scheduler_core.dft12_ram_i\[0\]\[11\],21.84µm
u_transform_scheduler_core.u_fft_scratch_sram.i_half\[14\],21.84µm
u_transform_scheduler_core.u_fft_scratch_sram.saved_wdata\[24\],21.84µm
u_transform_scheduler_core.u_mixed_radix_butterfly.arithmetic_half_sum_q_reg\[8\],21.84µm
net976,21.84µm
u_transform_scheduler_core.dft12_ram_i\[7\]\[13\],21.61µm
u_transform_scheduler_core.u_mixed_radix_butterfly.low_rr_reg\[10\],21.53µm
_07408_,21.48µm
_08982_,21.48µm
_04941_,21.43µm
_05429_,21.43µm
_09450_,21.43µm
_09578_,21.43µm
u_transform_scheduler_core.u_fft128_modulo_controller.fetch_x1_q\[6\],21.43µm
u_transform_scheduler_core.u_mixed_radix_butterfly.high_rr_reg\[7\],21.43µm
u_transform_scheduler_core.u_mixed_radix_butterfly.product_iq_reg\[2\],21.43µm
_02045_,21.38µm
_02415_,21.38µm
_02980_,21.38µm
_04084_,21.38µm
_04960_,21.38µm
_07460_,21.38µm
_07978_,21.38µm
_08791_,21.38µm
_09328_,21.38µm
_09465_,21.38µm
_09840_,21.38µm
u_transform_scheduler_core.fft_mem_rdata\[5\],21.38µm
u_transform_scheduler_core.tx_dft12_hold_q\[1\]\[11\],21.38µm
u_transform_scheduler_core.u_fdiq_output_adapter.sample_q_reg\[10\],21.38µm
u_transform_scheduler_core.u_mixed_radix_butterfly.arithmetic_half_sum_q_reg\[14\],21.38µm
u_transform_scheduler_core.u_mixed_radix_butterfly.high_iq_reg\[4\],21.38µm
_00054_,21.33µm
_00367_,21.33µm
_02463_,21.33µm
_04118_,21.33µm
_04474_,21.33µm
_04520_,21.33µm
_04567_,21.33µm
_04609_,21.33µm
_04877_,21.33µm
_05613_,21.33µm
_06084_,21.33µm
_06808_,21.33µm
_07063_,21.33µm
_08504_,21.33µm
_08543_,21.33µm
_08569_,21.33µm
_08874_,21.33µm
_09311_,21.33µm
_09321_,21.33µm
debug_wdata\[12\],21.33µm
echo_data\[2\],21.33µm
u_transform_scheduler_core.dft12_ram_i\[6\]\[11\],21.33µm
u_transform_scheduler_core.dft12_ram_i\[9\]\[1\],21.33µm
u_transform_scheduler_core.mod_x0_i\[12\],21.33µm
u_transform_scheduler_core.rx_small_x1_i\[1\],21.33µm
u_transform_scheduler_core.u_mixed_radix_butterfly.arithmetic_x0_q_reg\[1\],21.33µm
u_transform_scheduler_core.u_mixed_radix_butterfly.combine_x0_q_reg\[6\],21.33µm
u_transform_scheduler_core.u_mixed_radix_butterfly.high_iq_reg\[13\],21.33µm
u_transform_scheduler_core.u_mixed_radix_butterfly.high_rr_reg\[13\],21.33µm
u_transform_scheduler_core.u_mixed_radix_butterfly.premultiply_half_sum_q_reg\[8\],21.33µm
u_transform_scheduler_core.u_mixed_radix_butterfly.premultiply_x0_q_reg\[8\],21.33µm
_01871_,21.28µm
_02393_,21.28µm
_02643_,21.28µm
_02698_,21.28µm
_03051_,21.28µm
_03504_,21.28µm
_04288_,21.28µm
_04329_,21.28µm
_05222_,21.28µm
_05468_,21.28µm
_05888_,21.28µm
_05929_,21.28µm
_07895_,21.28µm
_08098_,21.28µm
_08868_,21.28µm
_09818_,21.28µm
u_transform_scheduler_core.u_mixed_radix_butterfly.product_ii_reg\[0\],21.28µm
net226,21.28µm
u_transform_scheduler_core.dft12_ram_i\[0\]\[6\],21.11µm
u_transform_scheduler_core.dft12_ram_i\[1\]\[2\],21µm
u_transform_scheduler_core.u_mixed_radix_butterfly.low_iq_reg\[16\],20.92µm
_01992_,20.87µm
_07409_,20.87µm
u_transform_scheduler_core.dft12_ram_i\[8\]\[10\],20.87µm
u_transform_scheduler_core.u_mixed_radix_butterfly.arithmetic_half_sum_i_reg\[13\],20.87µm
u_transform_scheduler_core.u_mixed_radix_butterfly.premultiply_x0_i_reg\[11\],20.87µm
_02070_,20.82µm
_02509_,20.82µm
_03138_,20.82µm
_04857_,20.82µm
_05398_,20.82µm
_05558_,20.82µm
_05576_,20.82µm
_05665_,20.82µm
_07398_,20.82µm
_08325_,20.82µm
_08482_,20.82µm
_09073_,20.82µm
_09811_,20.82µm
_09891_,20.82µm
_09973_,20.82µm
debug_wdata\[11\],20.82µm
u_transform_scheduler_core.u_mixed_radix_butterfly.arithmetic_x0_i_reg\[14\],20.82µm
u_transform_scheduler_core.u_mixed_radix_butterfly.high_iq_reg\[2\],20.82µm
u_transform_scheduler_core.u_mixed_radix_butterfly.low_rq_reg\[3\],20.82µm
u_transform_scheduler_core.u_tdiq_output_cp_insert.requests_left\[6\],20.82µm
_02207_,20.77µm
_02232_,20.77µm
_02570_,20.77µm
_03136_,20.77µm
_04403_,20.77µm
_04468_,20.77µm
_05293_,20.77µm
_06051_,20.77µm
_06117_,20.77µm
_06198_,20.77µm
_06688_,20.77µm
_06988_,20.77µm
_07038_,20.77µm
_07090_,20.77µm
_07384_,20.77µm
_07410_,20.77µm
_07491_,20.77µm
_08809_,20.77µm
_09110_,20.77µm
_09423_,20.77µm
u_transform_scheduler_core.fft_mem_rvalid,20.77µm
u_transform_scheduler_core.ofdm_sample_i\[2\],20.77µm
u_transform_scheduler_core.tx_mem_addr\[7\],20.77µm
u_transform_scheduler_core.u_fft128_modulo_controller.fetch_x1_i\[10\],20.77µm
u_transform_scheduler_core.u_fft_scratch_sram.macro_addr\[4\],20.77µm
u_transform_scheduler_core.u_mixed_radix_butterfly.arithmetic_sum_q_reg\[0\],20.77µm
u_transform_scheduler_core.u_mixed_radix_butterfly.arithmetic_x0_i_reg\[1\],20.77µm
u_transform_scheduler_core.u_mixed_radix_butterfly.high_rq_reg\[10\],20.77µm
net1048,20.77µm
clknet_leaf_117_clk_regs,20.77µm
clknet_leaf_267_clk_regs,20.77µm
_00181_,20.72µm
_00189_,20.72µm
_02681_,20.72µm
_05130_,20.72µm
_06020_,20.72µm
_06333_,20.72µm
_06423_,20.72µm
_07102_,20.72µm
_07195_,20.72µm
_07475_,20.72µm
_07521_,20.72µm
_07553_,20.72µm
_07847_,20.72µm
_08156_,20.72µm
_08169_,20.72µm
debug_addr\[0\],20.72µm
u_transform_scheduler_core.dft12_ram_q\[3\]\[3\],20.72µm
u_transform_scheduler_core.mod_x0_q\[15\],20.72µm
u_transform_scheduler_core.rx_small_x0_i\[2\],20.72µm
net229,20.72µm
u_transform_scheduler_core.u_fft_scratch_sram.u_hi.macro_wdata\[4\],20.58µm
_03226_,20.49µm
_06151_,20.49µm
_04856_,20.36µm
_07970_,20.31µm
_08712_,20.31µm
_09052_,20.31µm
u_transform_scheduler_core.dft12_ram_i\[4\]\[10\],20.31µm
u_transform_scheduler_core.mod_diag_X1_i\[4\],20.31µm
_01866_,20.26µm
_01970_,20.26µm
_02008_,20.26µm
_02397_,20.26µm
_02431_,20.26µm
_04418_,20.26µm
_04837_,20.26µm
_04997_,20.26µm
_05462_,20.26µm
_06566_,20.26µm
_06791_,20.26µm
_07124_,20.26µm
_09289_,20.26µm
_09670_,20.26µm
debug_wdata\[3\],20.26µm
debug_wdata\[8\],20.26µm
u_transform_scheduler_core.dft12_ram_i\[1\]\[0\],20.26µm
u_transform_scheduler_core.fft_mem_rdata\[6\],20.26µm
u_transform_scheduler_core.mod_x0_i\[9\],20.26µm
u_transform_scheduler_core.mod_x0_q\[8\],20.26µm
u_transform_scheduler_core.u_fft128_modulo_controller.read_issue_count\[0\],20.26µm
u_transform_scheduler_core.u_mixed_radix_butterfly.low_iq_reg\[0\],20.26µm
u_transform_scheduler_core.u_mixed_radix_butterfly.low_iq_reg\[14\],20.26µm
u_transform_scheduler_core.u_mixed_radix_butterfly.premultiply_half_sum_i_reg\[10\],20.26µm
u_transform_scheduler_core.u_mixed_radix_butterfly.uop_reg\[0\],20.26µm
_00374_,20.21µm
_01049_,20.21µm
_02051_,20.21µm
_02281_,20.21µm
_02358_,20.21µm
_02726_,20.21µm
_02962_,20.21µm
_03575_,20.21µm
_03636_,20.21µm
_04243_,20.21µm
_04248_,20.21µm
_04852_,20.21µm
_05178_,20.21µm
_05341_,20.21µm
_05409_,20.21µm
_05861_,20.21µm
_06701_,20.21µm
_07304_,20.21µm
_08173_,20.21µm
_08361_,20.21µm
_08436_,20.21µm
_08858_,20.21µm
_08892_,20.21µm
_08898_,20.21µm
_09389_,20.21µm
_09442_,20.21µm
u_transform_scheduler_core.mod_x0_q\[9\],20.21µm
u_transform_scheduler_core.tx_dft12_hold_q\[2\]\[3\],20.21µm
u_transform_scheduler_core.u_mixed_radix_butterfly.arithmetic_half_sum_q_reg\[5\],20.21µm
u_transform_scheduler_core.u_mixed_radix_butterfly.arithmetic_x0_q_reg\[2\],20.21µm
u_transform_scheduler_core.u_mixed_radix_butterfly.arithmetic_x0_q_reg\[7\],20.21µm
u_transform_scheduler_core.u_mixed_radix_butterfly.arithmetic_x0_q_reg\[9\],20.21µm
u_transform_scheduler_core.u_mixed_radix_butterfly.combine_half_sum_i_reg\[0\],20.21µm
u_transform_scheduler_core.u_mixed_radix_butterfly.high_rr_reg\[9\],20.21µm
u_transform_scheduler_core.u_mixed_radix_butterfly.low_rr_reg\[5\],20.21µm
u_transform_scheduler_core.u_mixed_radix_butterfly.premultiply_twiddle_re_reg\[0\],20.21µm
u_transform_scheduler_core.u_mixed_radix_butterfly.product_rq_reg\[16\],20.21µm
u_transform_scheduler_core.u_mixed_radix_butterfly.product_rq_reg\[22\],20.21µm
_00820_,20.16µm
_04617_,20.16µm
_05707_,20.16µm
_05868_,20.16µm
_06306_,20.16µm
_06837_,20.16µm
_07406_,20.16µm
_08185_,20.16µm
_08658_,20.16µm
_09199_,20.16µm
_09544_,20.16µm
_09545_,20.16µm
u_transform_scheduler_core.dft12_ram_i\[1\]\[8\],20.16µm
u_transform_scheduler_core.dft12_ram_i\[5\]\[2\],20.16µm
_02500_,19.8µm
_04572_,19.75µm
_05018_,19.75µm
_07704_,19.75µm
_09298_,19.75µm
u_transform_scheduler_core.mod_x0_i\[11\],19.75µm
u_transform_scheduler_core.tx_dft12_hold_i\[1\]\[7\],19.75µm
u_transform_scheduler_core.u_fft_scratch_sram.i_half\[6\],19.75µm
u_transform_scheduler_core.u_mixed_radix_butterfly.product_ii_reg\[17\],19.75µm
_02598_,19.7µm
_02677_,19.7µm
_03193_,19.7µm
_07820_,19.7µm
_08651_,19.7µm
_08904_,19.7µm
_09022_,19.7µm
_09056_,19.7µm
u_transform_scheduler_core.mod_x0_i\[0\],19.7µm
u_transform_scheduler_core.u_mixed_radix_butterfly.low_iq_reg\[1\],19.7µm
u_transform_scheduler_core.u_mixed_radix_butterfly.premultiply_half_sum_i_reg\[8\],19.7µm
_00022_,19.65µm
_01016_,19.65µm
_01054_,19.65µm
_02102_,19.65µm
_02147_,19.65µm
_02473_,19.65µm
_02592_,19.65µm
_02672_,19.65µm
_02719_,19.65µm
_04116_,19.65µm
_04805_,19.65µm
_05506_,19.65µm
_06115_,19.65µm
_06128_,19.65µm
_06612_,19.65µm
_07154_,19.65µm
_07458_,19.65µm
_07470_,19.65µm
_08181_,19.65µm
_08365_,19.65µm
_08573_,19.65µm
_08848_,19.65µm
_08872_,19.65µm
_09464_,19.65µm
debug_addr\[4\],19.65µm
u_transform_scheduler_core.dft12_ram_i\[6\]\[14\],19.65µm
u_transform_scheduler_core.tx_dft12_hold_q\[0\]\[1\],19.65µm
u_transform_scheduler_core.tx_dft12_hold_q\[0\]\[3\],19.65µm
u_transform_scheduler_core.tx_sample_i\[5\],19.65µm
u_transform_scheduler_core.u_mixed_radix_butterfly.final_scalar_product_reg\[6\],19.65µm
u_transform_scheduler_core.u_mixed_radix_butterfly.product_rq_reg\[1\],19.65µm
net1639,19.65µm
net581,19.65µm
net1046,19.65µm
_01097_,19.6µm
_02188_,19.6µm
_02452_,19.6µm
_03238_,19.6µm
_04295_,19.6µm
_05570_,19.6µm
_05627_,19.6µm
_05769_,19.6µm
_06138_,19.6µm
_06312_,19.6µm
_06908_,19.6µm
_07285_,19.6µm
_08080_,19.6µm
_08103_,19.6µm
_09086_,19.6µm
_09674_,19.6µm
u_transform_scheduler_core.rx_small_x1_q\[10\],19.6µm
u_transform_scheduler_core.tx_dft12_hold_i\[2\]\[13\],19.6µm
u_transform_scheduler_core.tx_dft12_hold_q\[2\]\[13\],19.6µm
u_transform_scheduler_core.tx_sample_q\[3\],19.6µm
u_transform_scheduler_core.u_mixed_radix_butterfly.twiddle_re_reg\[7\],19.6µm
net54,19.6µm
net580,19.6µm
u_transform_scheduler_core.dft12_ram_q\[6\]\[15\],19.42µm
_02318_,19.24µm
u_transform_scheduler_core.u_fft128_modulo_controller.fetch_x1_q\[9\],19.24µm
u_transform_scheduler_core.u_mixed_radix_butterfly.high_rq_reg\[1\],19.24µm
_02324_,19.19µm
_06547_,19.19µm
_08344_,19.19µm
_08916_,19.19µm
u_transform_scheduler_core.u_mixed_radix_butterfly.low_iq_reg\[15\],19.19µm
_02022_,19.14µm
_03035_,19.14µm
_03693_,19.14µm
_04296_,19.14µm
_04417_,19.14µm
_05053_,19.14µm
_05709_,19.14µm
_07433_,19.14µm
_09192_,19.14µm
_09262_,19.14µm
_09479_,19.14µm
_09570_,19.14µm
_09651_,19.14µm
_09677_,19.14µm
_09697_,19.14µm
_09723_,19.14µm
debug_data_hi\[4\],19.14µm
u_transform_scheduler_core.dft12_ram_q\[6\]\[10\],19.14µm
u_transform_scheduler_core.dft12_ram_q\[7\]\[1\],19.14µm
u_transform_scheduler_core.fifo_x0_q\[0\]\[4\],19.14µm
u_transform_scheduler_core.result_meta_write_pointer\[1\],19.14µm
u_transform_scheduler_core.rx_fft128_index\[3\],19.14µm
u_transform_scheduler_core.u_fdiq_input_adapter.held_i\[0\],19.14µm
u_transform_scheduler_core.u_fdiq_output_adapter.state\[2\],19.14µm
u_transform_scheduler_core.u_mixed_radix_butterfly.arithmetic_half_sum_i_reg\[15\],19.14µm
u_transform_scheduler_core.u_mixed_radix_butterfly.arithmetic_x0_q_reg\[11\],19.14µm
u_transform_scheduler_core.u_mixed_radix_butterfly.final_scalar_product_reg\[3\],19.14µm
u_transform_scheduler_core.u_mixed_radix_butterfly.premultiply_x0_i_reg\[15\],19.14µm
u_transform_scheduler_core.u_mixed_radix_butterfly.premultiply_x0_q_reg\[5\],19.14µm
_01079_,19.09µm
_02795_,19.09µm
_03294_,19.09µm
_04044_,19.09µm
_04216_,19.09µm
_04838_,19.09µm
_05148_,19.09µm
_05205_,19.09µm
_05820_,19.09µm
_07188_,19.09µm
_08219_,19.09µm
_08368_,19.09µm
_08410_,19.09µm
_08859_,19.09µm
_08995_,19.09µm
_09364_,19.09µm
_09842_,19.09µm
u_transform_scheduler_core.fifo_x1_i\[0\]\[3\],19.09µm
u_transform_scheduler_core.fifo_x1_q\[0\]\[2\],19.09µm
u_transform_scheduler_core.ofdm_sample_q\[5\],19.09µm
u_transform_scheduler_core.tx_dft12_hold_i\[0\]\[6\],19.09µm
u_transform_scheduler_core.tx_dft12_hold_q\[2\]\[7\],19.09µm
u_transform_scheduler_core.tx_sample_q\[5\],19.09µm
u_transform_scheduler_core.u_fdiq_output_adapter.sample_q_reg\[7\],19.09µm
u_transform_scheduler_core.u_mixed_radix_butterfly.low_iq_reg\[5\],19.09µm
_00444_,19.04µm
_00635_,19.04µm
_00951_,19.04µm
_02217_,19.04µm
_03522_,19.04µm
_03785_,19.04µm
_03898_,19.04µm
_04131_,19.04µm
_04157_,19.04µm
_04400_,19.04µm
_05077_,19.04µm
_05729_,19.04µm
_05958_,19.04µm
_06300_,19.04µm
_07321_,19.04µm
_07432_,19.04µm
_07724_,19.04µm
_07815_,19.04µm
_09285_,19.04µm
_09663_,19.04µm
u_transform_scheduler_core.u_mixed_radix_butterfly.product_iq_reg\[16\],19.04µm
_08950_,18.76µm
_04775_,18.68µm
u_transform_scheduler_core.u_fft_scratch_sram.saved_wdata\[21\],18.68µm
_02774_,18.63µm
u_transform_scheduler_core.fifo_x1_i\[0\]\[2\],18.63µm
_02013_,18.58µm
_02167_,18.58µm
_02231_,18.58µm
_02466_,18.58µm
_02647_,18.58µm
_02971_,18.58µm
_03492_,18.58µm
_04777_,18.58µm
_04898_,18.58µm
_05136_,18.58µm
_06248_,18.58µm
_06827_,18.58µm
_08481_,18.58µm
_09618_,18.58µm
_09809_,18.58µm
_10033_,18.58µm
debug_data_hi\[0\],18.58µm
u_transform_scheduler_core.dft12_ram_q\[6\]\[9\],18.58µm
u_transform_scheduler_core.tx_sample_i\[6\],18.58µm
u_transform_scheduler_core.u_mixed_radix_butterfly.arithmetic_x0_i_reg\[4\],18.58µm
u_transform_scheduler_core.u_mixed_radix_butterfly.low_rq_reg\[4\],18.58µm
u_transform_scheduler_core.u_mixed_radix_butterfly.low_rq_reg\[6\],18.58µm
u_transform_scheduler_core.u_mixed_radix_butterfly.premultiply_sum_q_reg\[0\],18.58µm
u_transform_scheduler_core.u_mixed_radix_butterfly.product_iq_reg\[14\],18.58µm
_00018_,18.53µm
_00190_,18.53µm
_00357_,18.53µm
_00412_,18.53µm
_00947_,18.53µm
_01868_,18.53µm
_02099_,18.53µm
_02155_,18.53µm
_02527_,18.53µm
_02701_,18.53µm
_02793_,18.53µm
_02968_,18.53µm
_03411_,18.53µm
_03581_,18.53µm
_03871_,18.53µm
_03895_,18.53µm
_04130_,18.53µm
_04824_,18.53µm
_05404_,18.53µm
_05478_,18.53µm
_05864_,18.53µm
_05991_,18.53µm
_07204_,18.53µm
_07393_,18.53µm
_07702_,18.53µm
_08134_,18.53µm
_08466_,18.53µm
_08783_,18.53µm
_08825_,18.53µm
_08850_,18.53µm
_09593_,18.53µm
u_transform_scheduler_core.dft12_ram_i\[1\]\[11\],18.53µm
u_transform_scheduler_core.fifo_x1_i\[0\]\[7\],18.53µm
u_transform_scheduler_core.mod_x0_i\[6\],18.53µm
u_transform_scheduler_core.tx_sample_q\[2\],18.53µm
u_transform_scheduler_core.u_fdiq_input_adapter.held_i\[6\],18.53µm
u_transform_scheduler_core.u_fft_scratch_sram.i_half\[11\],18.53µm
u_transform_scheduler_core.u_mixed_radix_butterfly.arithmetic_x0_i_reg\[13\],18.53µm
u_transform_scheduler_core.u_mixed_radix_butterfly.combine_half_sum_q_reg\[0\],18.53µm
u_transform_scheduler_core.u_mixed_radix_butterfly.premultiply_half_sum_q_reg\[12\],18.53µm
u_transform_scheduler_core.u_mixed_radix_butterfly.premultiply_input_i_reg\[0\],18.53µm
u_transform_scheduler_core.u_mixed_radix_butterfly.premultiply_twiddle_re_reg\[3\],18.53µm
_00153_,18.48µm
_00736_,18.48µm
_02653_,18.48µm
_03069_,18.48µm
_03924_,18.48µm
_04158_,18.48µm
_04762_,18.48µm
_04937_,18.48µm
_05669_,18.48µm
_05980_,18.48µm
_06200_,18.48µm
_06565_,18.48µm
_07573_,18.48µm
_08407_,18.48µm
_09024_,18.48µm
_09318_,18.48µm
_09378_,18.48µm
u_transform_scheduler_core.rx_dft12_i\[3\],18.48µm
u_transform_scheduler_core.rx_small_x1_q\[0\],18.48µm
u_transform_scheduler_core.rx_small_x1_q\[8\],18.48µm
u_transform_scheduler_core.u_fft_scratch_sram.u_lo.macro_addr\[2\],18.34µm
_05099_,18.25µm
u_transform_scheduler_core.u_mixed_radix_butterfly.product_iq_reg\[10\],18.12µm
_02464_,18.07µm
_04402_,18.07µm
_09219_,18.07µm
_09658_,18.07µm
_09705_,18.07µm
u_transform_scheduler_core.ofdm_sample_q\[3\],18.07µm
u_transform_scheduler_core.rx_fft128_i\[2\],18.07µm
u_transform_scheduler_core.tx_dft12_hold_q\[0\]\[8\],18.07µm
u_transform_scheduler_core.u_mixed_radix_butterfly.high_rr_reg\[2\],18.07µm
u_transform_scheduler_core.u_mixed_radix_butterfly.premultiply_input_q_reg\[9\],18.07µm
u_transform_scheduler_core.u_tdiq_output_cp_insert.requests_left\[2\],18.07µm
_01051_,18.02µm
_03284_,18.02µm
_03355_,18.02µm
_03517_,18.02µm
_03798_,18.02µm
_05244_,18.02µm
_06698_,18.02µm
_07453_,18.02µm
_08486_,18.02µm
_08549_,18.02µm
_08565_,18.02µm
_08725_,18.02µm
_08745_,18.02µm
_09099_,18.02µm
_09662_,18.02µm
u_transform_scheduler_core.dft12_ram_i\[0\]\[13\],18.02µm
u_transform_scheduler_core.dft12_ram_q\[7\]\[2\],18.02µm
u_transform_scheduler_core.u_fft128_modulo_controller.fetch_x1_i\[8\],18.02µm
u_transform_scheduler_core.u_fft_scratch_sram.saved_addr\[6\],18.02µm
u_transform_scheduler_core.u_mixed_radix_butterfly.arithmetic_half_sum_q_reg\[0\],18.02µm
u_transform_scheduler_core.u_mixed_radix_butterfly.arithmetic_x0_q_reg\[5\],18.02µm
u_transform_scheduler_core.u_mixed_radix_butterfly.low_rq_reg\[16\],18.02µm
u_transform_scheduler_core.u_mixed_radix_butterfly.product_rq_reg\[5\],18.02µm
u_transform_scheduler_core.u_mixed_radix_butterfly.x1_q_ext\[15\],18.02µm
_02516_,17.97µm
_02748_,17.97µm
_02802_,17.97µm
_02827_,17.97µm
_03804_,17.97µm
_03879_,17.97µm
_03949_,17.97µm
_04291_,17.97µm
_04469_,17.97µm
_04763_,17.97µm
_06156_,17.97µm
_06453_,17.97µm
_06752_,17.97µm
_07352_,17.97µm
_07463_,17.97µm
_08320_,17.97µm
_08502_,17.97µm
debug_addr\[6\],17.97µm
debug_data_hi\[3\],17.97µm
u_transform_scheduler_core.mod_x0_i\[10\],17.97µm
u_transform_scheduler_core.mod_x0_q\[5\],17.97µm
u_transform_scheduler_core.tx_dft12_hold_i\[2\]\[10\],17.97µm
u_transform_scheduler_core.u_fdiq_output_adapter.sample_i_reg\[12\],17.97µm
u_transform_scheduler_core.u_fft128_modulo_controller.fetch_x1_q\[12\],17.97µm
u_transform_scheduler_core.u_fft_scratch_sram.saved_addr\[2\],17.97µm
u_transform_scheduler_core.u_mixed_radix_butterfly.low_ii_reg\[0\],17.97µm
u_transform_scheduler_core.u_mixed_radix_butterfly.low_rq_reg\[9\],17.97µm
_00325_,17.92µm
_01854_,17.92µm
_02699_,17.92µm
_03280_,17.92µm
_03491_,17.92µm
_03594_,17.92µm
_04175_,17.92µm
_05406_,17.92µm
_06153_,17.92µm
_06986_,17.92µm
_07917_,17.92µm
_08395_,17.92µm
_09025_,17.92µm
_09206_,17.92µm
_09315_,17.92µm
_09993_,17.92µm
u_transform_scheduler_core.dft12_ram_i\[1\]\[13\],17.92µm
u_transform_scheduler_core.dft12_ram_q\[6\]\[12\],17.92µm
u_transform_scheduler_core.u_mixed_radix_butterfly.premultiply_half_sum_i_reg\[0\],17.92µm
u_transform_scheduler_core.u_mixed_radix_butterfly.product_rr_reg\[22\],17.92µm
_05105_,17.51µm
u_transform_scheduler_core.tx_dft12_hold_q\[2\]\[8\],17.51µm
u_transform_scheduler_core.u_mixed_radix_butterfly.x0_i_ext\[7\],17.51µm
_02244_,17.46µm
_02730_,17.46µm
_04358_,17.46µm
_04540_,17.46µm
_04771_,17.46µm
_05141_,17.46µm
_05508_,17.46µm
_06751_,17.46µm
_07758_,17.46µm
_07863_,17.46µm
_08393_,17.46µm
_08762_,17.46µm
_09831_,17.46µm
_09881_,17.46µm
debug_data_hi\[6\],17.46µm
u_transform_scheduler_core.dft12_ram_i\[7\]\[10\],17.46µm
u_transform_scheduler_core.fifo_x1_i\[0\]\[4\],17.46µm
u_transform_scheduler_core.fifo_x1_q\[0\]\[7\],17.46µm
u_transform_scheduler_core.fifo_x2_i\[0\]\[1\],17.46µm
u_transform_scheduler_core.rx_small_x2_i\[6\],17.46µm
u_transform_scheduler_core.rx_state\[1\],17.46µm
u_transform_scheduler_core.u_mixed_radix_butterfly.high_rr_reg\[12\],17.46µm
u_transform_scheduler_core.u_mixed_radix_butterfly.low_rr_reg\[12\],17.46µm
net1232,17.46µm
_00188_,17.41µm
_00415_,17.41µm
_00812_,17.41µm
_01046_,17.41µm
_01052_,17.41µm
_02003_,17.41µm
_02031_,17.41µm
_02423_,17.41µm
_02455_,17.41µm
_02521_,17.41µm
_02700_,17.41µm
_03032_,17.41µm
_03511_,17.41µm
_03578_,17.41µm
_04015_,17.41µm
_04624_,17.41µm
_04951_,17.41µm
_05185_,17.41µm
_05187_,17.41µm
_05188_,17.41µm
_05843_,17.41µm
_06437_,17.41µm
_06718_,17.41µm
_07487_,17.41µm
_07830_,17.41µm
_08124_,17.41µm
_08383_,17.41µm
_08790_,17.41µm
_09314_,17.41µm
_09372_,17.41µm
_09440_,17.41µm
_09500_,17.41µm
u_transform_scheduler_core.bf_X1_i\[1\],17.41µm
u_transform_scheduler_core.dft12_ram_i\[6\]\[15\],17.41µm
u_transform_scheduler_core.fft_mem_rdata\[7\],17.41µm
u_transform_scheduler_core.rx_fft128_i\[5\],17.41µm
u_transform_scheduler_core.tx_sample_i\[0\],17.41µm
u_transform_scheduler_core.u_fft_scratch_sram.macro_req,17.41µm
u_transform_scheduler_core.u_mixed_radix_butterfly.arithmetic_half_sum_i_reg\[5\],17.41µm
u_transform_scheduler_core.u_mixed_radix_butterfly.premultiply_input_i_reg\[9\],17.41µm
u_transform_scheduler_core.u_mixed_radix_butterfly.premultiply_twiddle_re_reg\[2\],17.41µm
u_transform_scheduler_core.u_mixed_radix_butterfly.product_rr_reg\[1\],17.41µm
_00192_,17.36µm
_00280_,17.36µm
_01297_,17.36µm
_01545_,17.36µm
_02591_,17.36µm
_02902_,17.36µm
_03370_,17.36µm
_04645_,17.36µm
_05609_,17.36µm
_05748_,17.36µm
_05776_,17.36µm
_06149_,17.36µm
_07288_,17.36µm
_07465_,17.36µm
_07611_,17.36µm
_07785_,17.36µm
_08083_,17.36µm
_08123_,17.36µm
_09115_,17.36µm
_09540_,17.36µm
u_transform_scheduler_core.fft_mem_rdata\[12\],17.36µm
u_transform_scheduler_core.rx_small_x1_i\[5\],17.36µm
u_transform_scheduler_core.tx_dft12_hold_i\[0\]\[3\],17.36µm
u_transform_scheduler_core.u_mixed_radix_butterfly.product_ii_reg\[22\],17.36µm
_06862_,17.13µm
dout[2],17.06µm
_05487_,17µm
_04686_,16.95µm
_05052_,16.95µm
_06826_,16.95µm
u_transform_scheduler_core.dft12_ram_i\[1\]\[3\],16.95µm
u_transform_scheduler_core.u_mixed_radix_butterfly.premultiply_x0_i_reg\[5\],16.95µm
net477,16.95µm
_00073_,16.9µm
_00086_,16.9µm
_01050_,16.9µm
_02403_,16.9µm
_02424_,16.9µm
_02533_,16.9µm
_03326_,16.9µm
_04089_,16.9µm
_04259_,16.9µm
_04989_,16.9µm
_05070_,16.9µm
_05294_,16.9µm
_05533_,16.9µm
_05596_,16.9µm
_06467_,16.9µm
_08815_,16.9µm
_08940_,16.9µm
_09038_,16.9µm
_09042_,16.9µm
_09365_,16.9µm
_09497_,16.9µm
u_transform_scheduler_core.dft12_ram_i\[6\]\[9\],16.9µm
u_transform_scheduler_core.fft_mem_rdata\[11\],16.9µm
u_transform_scheduler_core.mod_diag_X1_i\[3\],16.9µm
u_transform_scheduler_core.tx_dft12_hold_i\[0\]\[13\],16.9µm
u_transform_scheduler_core.tx_dft12_hold_i\[0\]\[8\],16.9µm
u_transform_scheduler_core.tx_dft12_hold_i\[2\]\[12\],16.9µm
u_transform_scheduler_core.u_fdiq_output_adapter.sample_q_reg\[9\],16.9µm
u_transform_scheduler_core.u_mixed_radix_butterfly.final_scalar_product_reg\[0\],16.9µm
u_transform_scheduler_core.u_mixed_radix_butterfly.premultiply_twiddle_re_reg\[6\],16.9µm
u_transform_scheduler_core.u_mixed_radix_butterfly.product_iq_reg\[9\],16.9µm
_00126_,16.85µm
_00185_,16.85µm
_00778_,16.85µm
_00968_,16.85µm
_01695_,16.85µm
_01856_,16.85µm
_02233_,16.85µm
_02517_,16.85µm
_03047_,16.85µm
_03185_,16.85µm
_03406_,16.85µm
_03672_,16.85µm
_04330_,16.85µm
_04354_,16.85µm
_04548_,16.85µm
_04879_,16.85µm
_05124_,16.85µm
_05147_,16.85µm
_05399_,16.85µm
_06147_,16.85µm
_06298_,16.85µm
_06311_,16.85µm
_06493_,16.85µm
_06605_,16.85µm
_06815_,16.85µm
_06920_,16.85µm
_08209_,16.85µm
_08369_,16.85µm
_08378_,16.85µm
_09129_,16.85µm
_09799_,16.85µm
u_transform_scheduler_core.dft12_phase\[2\],16.85µm
u_transform_scheduler_core.mod_x0_q\[1\],16.85µm
u_transform_scheduler_core.ofdm_capture_done,16.85µm
u_transform_scheduler_core.rx_dft12_i\[0\],16.85µm
u_transform_scheduler_core.rx_small_x1_i\[0\],16.85µm
u_transform_scheduler_core.rx_small_x2_i\[10\],16.85µm
u_transform_scheduler_core.tx_dft12_hold_i\[0\]\[1\],16.85µm
u_transform_scheduler_core.tx_dft12_hold_i\[0\]\[7\],16.85µm
u_transform_scheduler_core.tx_sample_i\[3\],16.85µm
u_transform_scheduler_core.u_mixed_radix_butterfly.premultiply_half_sum_i_reg\[11\],16.85µm
u_transform_scheduler_core.u_mixed_radix_butterfly.premultiply_half_sum_q_reg\[9\],16.85µm
u_transform_scheduler_core.u_mixed_radix_butterfly.x1_i_ext\[2\],16.85µm
u_transform_scheduler_core.u_tdiq_output_cp_insert.responses_left\[4\],16.85µm
_00235_,16.8µm
_00967_,16.8µm
_01589_,16.8µm
_01630_,16.8µm
_02038_,16.8µm
_02103_,16.8µm
_02138_,16.8µm
_02568_,16.8µm
_03270_,16.8µm
_03663_,16.8µm
_03788_,16.8µm
_03897_,16.8µm
_04249_,16.8µm
_04307_,16.8µm
_04552_,16.8µm
_05531_,16.8µm
_05549_,16.8µm
_05638_,16.8µm
_05724_,16.8µm
_05924_,16.8µm
_06215_,16.8µm
_06299_,16.8µm
_06650_,16.8µm
_06834_,16.8µm
_07196_,16.8µm
_07283_,16.8µm
_07473_,16.8µm
_07822_,16.8µm
_08559_,16.8µm
_08849_,16.8µm
_08899_,16.8µm
_09428_,16.8µm
_09577_,16.8µm
_09866_,16.8µm
_10000_,16.8µm
u_transform_scheduler_core.fifo_x0_q\[0\]\[5\],16.8µm
u_transform_scheduler_core.u_fft128_modulo_controller.fetch_x1_q\[13\],16.8µm
u_transform_scheduler_core.u_fft_scratch_sram.saved_wdata\[26\],16.8µm
u_transform_scheduler_core.u_fft_scratch_sram.u_hi.macro_wdata\[6\],16.66µm
u_transform_scheduler_core.dft12_ram_q\[1\]\[11\],16.49µm
_02830_,16.44µm
_04853_,16.44µm
u_transform_scheduler_core.u_mixed_radix_butterfly.premultiply_input_i_reg\[2\],16.44µm
_05235_,16.39µm
_06666_,16.39µm
_08610_,16.39µm
_08685_,16.39µm
_09702_,16.39µm
debug_wdata\[1\],16.39µm
u_transform_scheduler_core.mod_diag_X0_q\[3\],16.39µm
u_transform_scheduler_core.mod_diag_addr1\[0\],16.39µm
u_transform_scheduler_core.small_inflight_count\[2\],16.39µm
u_transform_scheduler_core.u_fft128_modulo_controller.fetch_x1_i\[3\],16.39µm
u_transform_scheduler_core.u_mixed_radix_butterfly.product_rq_reg\[14\],16.39µm
_02220_,16.34µm
_02733_,16.34µm
_03653_,16.34µm
_04643_,16.34µm
_04719_,16.34µm
_05092_,16.34µm
_05322_,16.34µm
_05565_,16.34µm
_05625_,16.34µm
_06056_,16.34µm
_07761_,16.34µm
_08687_,16.34µm
_08709_,16.34µm
_08779_,16.34µm
_09551_,16.34µm
_09634_,16.34µm
debug_addr\[2\],16.34µm
u_transform_scheduler_core.rx_dft12_i\[10\],16.34µm
u_transform_scheduler_core.rx_dft12_i\[5\],16.34µm
u_transform_scheduler_core.rx_fft128_i\[10\],16.34µm
u_transform_scheduler_core.rx_small_x0_q\[3\],16.34µm
u_transform_scheduler_core.u_fft128_modulo_controller.fetch_x1_i\[4\],16.34µm
u_transform_scheduler_core.u_fft_scratch_sram.saved_addr\[1\],16.34µm
u_transform_scheduler_core.u_fft_scratch_sram.saved_wdata\[29\],16.34µm
u_transform_scheduler_core.u_mixed_radix_butterfly.premultiply_half_sum_q_reg\[10\],16.34µm
u_transform_scheduler_core.u_mixed_radix_butterfly.premultiply_input_i_reg\[4\],16.34µm
u_transform_scheduler_core.u_subcarrier_mapper.clear_index\[6\],16.34µm
_00057_,16.29µm
_01328_,16.29µm
_01841_,16.29µm
_02212_,16.29µm
_02386_,16.29µm
_02487_,16.29µm
_02520_,16.29µm
_02923_,16.29µm
_03015_,16.29µm
_03207_,16.29µm
_03262_,16.29µm
_03384_,16.29µm
_03855_,16.29µm
_04458_,16.29µm
_04693_,16.29µm
_05435_,16.29µm
_05708_,16.29µm
_06225_,16.29µm
_06309_,16.29µm
_07055_,16.29µm
_07118_,16.29µm
_07430_,16.29µm
_07578_,16.29µm
_08520_,16.29µm
_08586_,16.29µm
_08672_,16.29µm
_09030_,16.29µm
_09127_,16.29µm
_09247_,16.29µm
_09251_,16.29µm
_09254_,16.29µm
_09377_,16.29µm
core_ofdm_active,16.29µm
u_transform_scheduler_core.dft12_ram_i\[0\]\[7\],16.29µm
u_transform_scheduler_core.ofdm_mem_req,16.29µm
u_transform_scheduler_core.rx_dft12_i\[4\],16.29µm
u_transform_scheduler_core.rx_small_x0_q\[0\],16.29µm
u_transform_scheduler_core.u_fdiq_output_adapter.state\[0\],16.29µm
u_transform_scheduler_core.u_mixed_radix_butterfly.arithmetic_x0_i_reg\[8\],16.29µm
_01247_,16.24µm
_02169_,16.24µm
_02543_,16.24µm
_02778_,16.24µm
_02951_,16.24µm
_03250_,16.24µm
_03496_,16.24µm
_04071_,16.24µm
_04152_,16.24µm
_04738_,16.24µm
_05320_,16.24µm
_05624_,16.24µm
_05900_,16.24µm
_06040_,16.24µm
_06321_,16.24µm
_06835_,16.24µm
_06897_,16.24µm
_06898_,16.24µm
_08053_,16.24µm
_08345_,16.24µm
_08560_,16.24µm
_08751_,16.24µm
_08939_,16.24µm
_09218_,16.24µm
_09664_,16.24µm
_09690_,16.24µm
u_transform_scheduler_core.fifo_x2_i\[0\]\[5\],16.24µm
u_transform_scheduler_core.tx_dft12_hold_i\[1\]\[8\],16.24µm
u_transform_scheduler_core.tx_dft12_hold_q\[2\]\[15\],16.24µm
u_transform_scheduler_core.u_mixed_radix_butterfly.low_ii_reg\[2\],16.24µm
u_transform_scheduler_core.u_fft_scratch_sram.u_lo.macro_cen,16.1µm
_06873_,16.06µm
_09390_,15.96µm
u_transform_scheduler_core.u_mixed_radix_butterfly.final_scalar_product_reg\[4\],15.93µm
_05370_,15.88µm
_02210_,15.83µm
_04421_,15.83µm
_04760_,15.83µm
_04832_,15.83µm
_04842_,15.83µm
_05808_,15.83µm
_05854_,15.83µm
_07677_,15.83µm
_08737_,15.83µm
debug_wdata\[2\],15.83µm
u_transform_scheduler_core.fft_mem_rdata\[30\],15.83µm
u_transform_scheduler_core.u_mixed_radix_butterfly.combine_x0_q_reg\[5\],15.83µm
_03582_,15.78µm
_04283_,15.78µm
_06036_,15.78µm
_06162_,15.78µm
_06542_,15.78µm
_06763_,15.78µm
_07227_,15.78µm
_07438_,15.78µm
_07632_,15.78µm
_08580_,15.78µm
_08659_,15.78µm
_08736_,15.78µm
_09558_,15.78µm
_09859_,15.78µm
debug_wdata\[14\],15.78µm
debug_wdata\[15\],15.78µm
u_transform_scheduler_core.dft12_ram_q\[0\]\[2\],15.78µm
u_transform_scheduler_core.rx_small_x2_i\[2\],15.78µm
u_transform_scheduler_core.tx_dft12_hold_i\[0\]\[9\],15.78µm
u_transform_scheduler_core.u_fft128_modulo_controller.fetch_x1_q\[4\],15.78µm
u_transform_scheduler_core.u_mixed_radix_butterfly.combine_half_sum_q_reg\[10\],15.78µm
u_transform_scheduler_core.u_mixed_radix_butterfly.premultiply_x0_i_reg\[6\],15.78µm
u_transform_scheduler_core.u_mixed_radix_butterfly.premultiply_x0_q_reg\[9\],15.78µm
_00702_,15.73µm
_00829_,15.73µm
_01048_,15.73µm
_01729_,15.73µm
_01846_,15.73µm
_01895_,15.73µm
_02060_,15.73µm
_02264_,15.73µm
_02540_,15.73µm
_02571_,15.73µm
_03239_,15.73µm
_03530_,15.73µm
_03583_,15.73µm
_03725_,15.73µm
_03921_,15.73µm
_03975_,15.73µm
_04343_,15.73µm
_04391_,15.73µm
_04965_,15.73µm
_05184_,15.73µm
_05282_,15.73µm
_05313_,15.73µm
_05587_,15.73µm
_05684_,15.73µm
_06634_,15.73µm
_06735_,15.73µm
_06884_,15.73µm
_07700_,15.73µm
_08143_,15.73µm
_08249_,15.73µm
_08285_,15.73µm
_08915_,15.73µm
_09058_,15.73µm
_09260_,15.73µm
_09388_,15.73µm
_09460_,15.73µm
_09756_,15.73µm
_09850_,15.73µm
_09897_,15.73µm
u_transform_scheduler_core.mod_diag_X1_i\[10\],15.73µm
u_transform_scheduler_core.mod_x0_q\[14\],15.73µm
u_transform_scheduler_core.u_fft128_modulo_controller.read_issue_count\[1\],15.73µm
u_transform_scheduler_core.u_mixed_radix_butterfly.arithmetic_x0_i_reg\[5\],15.73µm
u_transform_scheduler_core.u_mixed_radix_butterfly.arithmetic_x0_q_reg\[8\],15.73µm
u_transform_scheduler_core.u_mixed_radix_butterfly.low_ii_reg\[4\],15.73µm
u_transform_scheduler_core.u_mixed_radix_butterfly.low_rq_reg\[0\],15.73µm
u_transform_scheduler_core.u_mixed_radix_butterfly.low_rq_reg\[1\],15.73µm
u_transform_scheduler_core.u_mixed_radix_butterfly.premultiply_twiddle_re_reg\[7\],15.73µm
_00449_,15.68µm
_01194_,15.68µm
_01475_,15.68µm
_01614_,15.68µm
_01849_,15.68µm
_02333_,15.68µm
_02351_,15.68µm
_03070_,15.68µm
_03346_,15.68µm
_03350_,15.68µm
_03376_,15.68µm
_03394_,15.68µm
_03558_,15.68µm
_03651_,15.68µm
_04117_,15.68µm
_05080_,15.68µm
_05296_,15.68µm
_05553_,15.68µm
_05628_,15.68µm
_05847_,15.68µm
_06475_,15.68µm
_06551_,15.68µm
_06657_,15.68µm
_06913_,15.68µm
_07081_,15.68µm
_07211_,15.68µm
_07459_,15.68µm
_08184_,15.68µm
_08262_,15.68µm
_08646_,15.68µm
_08873_,15.68µm
_08975_,15.68µm
_09150_,15.68µm
_09426_,15.68µm
_09493_,15.68µm
_09587_,15.68µm
_09774_,15.68µm
u_transform_scheduler_core.fifo_x2_i\[0\]\[4\],15.68µm
u_transform_scheduler_core.u_mixed_radix_butterfly.arithmetic_half_sum_i_reg\[1\],15.68µm
u_transform_scheduler_core.u_mixed_radix_butterfly.low_rq_reg\[2\],15.68µm
din[2],15.64µm
dout[3],15.43µm
_05720_,15.4µm
u_transform_scheduler_core.u_mixed_radix_butterfly.combine_product_re_reg\[14\],15.32µm
_02678_,15.27µm
_02689_,15.27µm
_05003_,15.27µm
_07374_,15.27µm
_07655_,15.27µm
_09246_,15.27µm
debug_wdata\[4\],15.27µm
output_left\[4\],15.27µm
u_transform_scheduler_core.dft12_ram_i\[6\]\[13\],15.27µm
u_transform_scheduler_core.u_mixed_radix_butterfly.high_iq_reg\[0\],15.27µm
_02622_,15.22µm
_02832_,15.22µm
_02993_,15.22µm
_06530_,15.22µm
_06590_,15.22µm
_07452_,15.22µm
_08027_,15.22µm
_08076_,15.22µm
_08487_,15.22µm
_08588_,15.22µm
_08913_,15.22µm
_09225_,15.22µm
_09379_,15.22µm
_09412_,15.22µm
_09619_,15.22µm
_09635_,15.22µm
debug_read_latch\[8\],15.22µm
u_transform_scheduler_core.dft12_ram_q\[0\]\[15\],15.22µm
u_transform_scheduler_core.mod_diag_X0_i\[13\],15.22µm
u_transform_scheduler_core.mod_diag_X0_q\[10\],15.22µm
u_transform_scheduler_core.u_fdiq_input_adapter.expect_q,15.22µm
u_transform_scheduler_core.u_fdiq_input_adapter.held_i\[2\],15.22µm
u_transform_scheduler_core.u_fft_scratch_sram.saved_wdata\[31\],15.22µm
u_transform_scheduler_core.u_mixed_radix_butterfly.low_rq_reg\[8\],15.22µm
u_transform_scheduler_core.u_mixed_radix_butterfly.scalar_operand\[7\],15.22µm
_00399_,15.17µm
_00872_,15.17µm
_00931_,15.17µm
_01110_,15.17µm
_01760_,15.17µm
_01865_,15.17µm
_02085_,15.17µm
_02093_,15.17µm
_02123_,15.17µm
_02180_,15.17µm
_02411_,15.17µm
_02550_,15.17µm
_02585_,15.17µm
_02718_,15.17µm
_02914_,15.17µm
_03233_,15.17µm
_03429_,15.17µm
_04085_,15.17µm
_04161_,15.17µm
_04374_,15.17µm
_04658_,15.17µm
_04885_,15.17µm
_04940_,15.17µm
_05301_,15.17µm
_05321_,15.17µm
_05504_,15.17µm
_05566_,15.17µm
_06161_,15.17µm
_06238_,15.17µm
_06367_,15.17µm
_06570_,15.17µm
_07014_,15.17µm
_07218_,15.17µm
_07372_,15.17µm
_07506_,15.17µm
_07592_,15.17µm
_08001_,15.17µm
_08338_,15.17µm
_08501_,15.17µm
_08526_,15.17µm
_08922_,15.17µm
_09104_,15.17µm
_09281_,15.17µm
_09843_,15.17µm
debug_addr\[1\],15.17µm
debug_wdata\[5\],15.17µm
u_transform_scheduler_core.dft12_ram_i\[1\]\[6\],15.17µm
u_transform_scheduler_core.rx_small_x1_q\[6\],15.17µm
u_transform_scheduler_core.tx_dft12_hold_q\[0\]\[6\],15.17µm
u_transform_scheduler_core.u_fft_scratch_sram.i_half\[0\],15.17µm
u_transform_scheduler_core.u_mixed_radix_butterfly.low_iq_reg\[2\],15.17µm
u_transform_scheduler_core.u_mixed_radix_butterfly.low_rq_reg\[12\],15.17µm
net255,15.17µm
_01887_,15.12µm
_01898_,15.12µm
_02388_,15.12µm
_02406_,15.12µm
_02831_,15.12µm
_02896_,15.12µm
_03018_,15.12µm
_03095_,15.12µm
_03365_,15.12µm
_03439_,15.12µm
_03587_,15.12µm
_03609_,15.12µm
_04043_,15.12µm
_04141_,15.12µm
_04149_,15.12µm
_04260_,15.12µm
_05475_,15.12µm
_05643_,15.12µm
_06389_,15.12µm
_06541_,15.12µm
_06771_,15.12µm
_06892_,15.12µm
_07031_,15.12µm
_07062_,15.12µm
_07143_,15.12µm
_07515_,15.12µm
_08207_,15.12µm
_08347_,15.12µm
_08371_,15.12µm
_08649_,15.12µm
_08734_,15.12µm
_09269_,15.12µm
_09637_,15.12µm
_10005_,15.12µm
u_transform_scheduler_core.mod_x0_q\[6\],15.12µm
u_transform_scheduler_core.u_mixed_radix_butterfly.low_ii_reg\[17\],15.12µm
u_transform_scheduler_core.u_mixed_radix_butterfly.premultiply_input_q_reg\[7\],15.12µm
u_transform_scheduler_core.u_mixed_radix_butterfly.premultiply_sum_i_reg\[0\],15.12µm
u_transform_scheduler_core.u_fft_scratch_sram.u_lo.macro_addr\[0\],14.98µm
_05054_,14.89µm
_08857_,14.89µm
u_transform_scheduler_core.u_tdiq_output_cp_insert.requests_left\[7\],14.89µm
_06070_,14.84µm
u_transform_scheduler_core.u_fft128_modulo_controller.fetch_x1_q\[14\],14.81µm
_05385_,14.76µm
_05197_,14.71µm
_08545_,14.71µm
_08833_,14.71µm
debug_data_hi\[7\],14.71µm
_02241_,14.66µm
_02389_,14.66µm
_02508_,14.66µm
_04114_,14.66µm
_04559_,14.66µm
_04569_,14.66µm
_04692_,14.66µm
_04792_,14.66µm
_04897_,14.66µm
_05008_,14.66µm
_06596_,14.66µm
_07053_,14.66µm
_07612_,14.66µm
_07990_,14.66µm
_08589_,14.66µm
_08703_,14.66µm
_09145_,14.66µm
_09495_,14.66µm
_09661_,14.66µm
debug_read_latch\[11\],14.66µm
u_transform_scheduler_core.dft12_ram_q\[6\]\[14\],14.66µm
u_transform_scheduler_core.fifo_x0_i\[0\]\[10\],14.66µm
u_transform_scheduler_core.mod_x0_i\[15\],14.66µm
u_transform_scheduler_core.mod_x0_q\[0\],14.66µm
u_transform_scheduler_core.ofdm_sample_q\[6\],14.66µm
u_transform_scheduler_core.rx_small_x0_q\[5\],14.66µm
u_transform_scheduler_core.u_fdiq_input_adapter.held_i\[10\],14.66µm
u_transform_scheduler_core.u_mixed_radix_butterfly.arithmetic_half_sum_q_reg\[15\],14.66µm
u_transform_scheduler_core.u_mixed_radix_butterfly.arithmetic_x0_q_reg\[12\],14.66µm
u_transform_scheduler_core.u_mixed_radix_butterfly.arithmetic_x0_q_reg\[13\],14.66µm
u_transform_scheduler_core.u_mixed_radix_butterfly.combine_half_sum_q_reg\[1\],14.66µm
u_transform_scheduler_core.u_mixed_radix_butterfly.low_ii_reg\[1\],14.66µm
u_transform_scheduler_core.u_mixed_radix_butterfly.low_rr_reg\[4\],14.66µm
u_transform_scheduler_core.u_tdiq_input_cp_remove.held_i\[5\],14.66µm
net1049,14.66µm
_00396_,14.61µm
_00907_,14.61µm
_00946_,14.61µm
_00969_,14.61µm
_01034_,14.61µm
_01044_,14.61µm
_01053_,14.61µm
_01068_,14.61µm
_01082_,14.61µm
_01269_,14.61µm
_01354_,14.61µm
_01451_,14.61µm
_01998_,14.61µm
_02059_,14.61µm
_02062_,14.61µm
_02587_,14.61µm
_02613_,14.61µm
_02667_,14.61µm
_02744_,14.61µm
_02817_,14.61µm
_02850_,14.61µm
_02952_,14.61µm
_03206_,14.61µm
_03329_,14.61µm
_03559_,14.61µm
_03995_,14.61µm
_04487_,14.61µm
_04573_,14.61µm
_04611_,14.61µm
_05358_,14.61µm
_06348_,14.61µm
_06490_,14.61µm
_06555_,14.61µm
_06764_,14.61µm
_06766_,14.61µm
_06894_,14.61µm
_07643_,14.61µm
_07994_,14.61µm
_08115_,14.61µm
_08157_,14.61µm
_08334_,14.61µm
_08463_,14.61µm
_08805_,14.61µm
_09307_,14.61µm
_09409_,14.61µm
_09686_,14.61µm
_09900_,14.61µm
_09922_,14.61µm
_09924_,14.61µm
debug_addr\[5\],14.61µm
u_transform_scheduler_core.mod_diag_X1_i\[11\],14.61µm
u_transform_scheduler_core.tx_dft12_hold_q\[1\]\[3\],14.61µm
u_transform_scheduler_core.tx_sample_q\[4\],14.61µm
u_transform_scheduler_core.u_fft_scratch_sram.saved_addr\[0\],14.61µm
u_transform_scheduler_core.u_mixed_radix_butterfly.low_ii_reg\[7\],14.61µm
u_transform_scheduler_core.u_mixed_radix_butterfly.premultiply_half_sum_q_reg\[0\],14.61µm
u_transform_scheduler_core.u_mixed_radix_butterfly.x1_q_ext\[11\],14.61µm
_00129_,14.56µm
_00226_,14.56µm
_00925_,14.56µm
_01345_,14.56µm
_01845_,14.56µm
_01950_,14.56µm
_02084_,14.56µm
_02308_,14.56µm
_02551_,14.56µm
_02655_,14.56µm
_02707_,14.56µm
_02791_,14.56µm
_02883_,14.56µm
_02931_,14.56µm
_03052_,14.56µm
_03075_,14.56µm
_03738_,14.56µm
_03762_,14.56µm
_03939_,14.56µm
_03971_,14.56µm
_04087_,14.56µm
_04146_,14.56µm
_04202_,14.56µm
_04332_,14.56µm
_04505_,14.56µm
_05122_,14.56µm
_05283_,14.56µm
_06078_,14.56µm
_06969_,14.56µm
_07748_,14.56µm
_08443_,14.56µm
_08506_,14.56µm
_08515_,14.56µm
_08626_,14.56µm
_09421_,14.56µm
_09469_,14.56µm
_09753_,14.56µm
_09801_,14.56µm
_09864_,14.56µm
_09995_,14.56µm
_10013_,14.56µm
output_left\[3\],14.56µm
u_transform_scheduler_core.result_meta_write_pointer\[0\],14.56µm
u_transform_scheduler_core.rx_small_x2_i\[4\],14.56µm
u_transform_scheduler_core.tx_dft12_hold_i\[2\]\[15\],14.56µm
net865,14.56µm
u_transform_scheduler_core.u_fft_scratch_sram.u_hi.macro_wdata\[2\],14.42µm
dout[7],14.31µm
_04841_,14.2µm
_02395_,14.15µm
_07455_,14.15µm
_09594_,14.15µm
u_transform_scheduler_core.rx_small_x0_i\[0\],14.15µm
u_transform_scheduler_core.u_mixed_radix_butterfly.high_rq_reg\[11\],14.15µm
_02334_,14.1µm
_02594_,14.1µm
_02619_,14.1µm
_02863_,14.1µm
_04525_,14.1µm
_04600_,14.1µm
_04822_,14.1µm
_04840_,14.1µm
_04926_,14.1µm
_05020_,14.1µm
_06077_,14.1µm
_07128_,14.1µm
_07588_,14.1µm
_08807_,14.1µm
_09359_,14.1µm
_09441_,14.1µm
_09659_,14.1µm
_09750_,14.1µm
_09991_,14.1µm
u_transform_scheduler_core.dft12_phase_onehot\[1\],14.1µm
u_transform_scheduler_core.rx_small_x1_i\[2\],14.1µm
u_transform_scheduler_core.rx_small_x2_i\[5\],14.1µm
u_transform_scheduler_core.tx_dft12_hold_i\[0\]\[14\],14.1µm
u_transform_scheduler_core.tx_dft12_hold_i\[1\]\[0\],14.1µm
u_transform_scheduler_core.tx_dft12_hold_q\[2\]\[4\],14.1µm
u_transform_scheduler_core.tx_sample_q\[0\],14.1µm
u_transform_scheduler_core.tx_sample_q\[1\],14.1µm
u_transform_scheduler_core.u_mixed_radix_butterfly.high_iq_reg\[3\],14.1µm
u_transform_scheduler_core.u_mixed_radix_butterfly.high_rq_reg\[12\],14.1µm
u_transform_scheduler_core.u_mixed_radix_butterfly.premultiply_twiddle_re_reg\[4\],14.1µm
u_transform_scheduler_core.u_mixed_radix_butterfly.premultiply_x0_q_reg\[7\],14.1µm
_00177_,14.05µm
_00306_,14.05µm
_00592_,14.05µm
_00810_,14.05µm
_01607_,14.05µm
_01673_,14.05µm
_01728_,14.05µm
_02110_,14.05µm
_02112_,14.05µm
_02186_,14.05µm
_02340_,14.05µm
_02783_,14.05µm
_03272_,14.05µm
_03334_,14.05µm
_03621_,14.05µm
_04111_,14.05µm
_04821_,14.05µm
_05075_,14.05µm
_05098_,14.05µm
_05116_,14.05µm
_05473_,14.05µm
_06620_,14.05µm
_06769_,14.05µm
_06773_,14.05µm
_06813_,14.05µm
_06903_,14.05µm
_07016_,14.05µm
_07134_,14.05µm
_07246_,14.05µm
_07284_,14.05µm
_07694_,14.05µm
_07744_,14.05µm
_08635_,14.05µm
_08648_,14.05µm
_08664_,14.05µm
_08707_,14.05µm
_08937_,14.05µm
_08952_,14.05µm
_09083_,14.05µm
_09190_,14.05µm
_09329_,14.05µm
_09501_,14.05µm
_09708_,14.05µm
_09771_,14.05µm
u_transform_scheduler_core.fifo_x1_i\[0\]\[5\],14.05µm
u_transform_scheduler_core.mod_diag_X1_i\[8\],14.05µm
u_transform_scheduler_core.mod_x0_i\[5\],14.05µm
u_transform_scheduler_core.tx_dft12_hold_q\[0\]\[4\],14.05µm
u_transform_scheduler_core.u_fft_scratch_sram.state\[1\],14.05µm
u_transform_scheduler_core.u_mixed_radix_butterfly.final_scalar_product_reg\[11\],14.05µm
u_transform_scheduler_core.u_mixed_radix_butterfly.low_iq_reg\[8\],14.05µm
u_transform_scheduler_core.u_mixed_radix_butterfly.premultiply_twiddle_im_reg\[4\],14.05µm
net257,14.05µm
_00004_,14µm
_00071_,14µm
_01476_,14µm
_01613_,14µm
_01693_,14µm
_01913_,14µm
_02028_,14µm
_02033_,14µm
_02383_,14µm
_02400_,14µm
_02408_,14µm
_02412_,14µm
_02460_,14µm
_02662_,14µm
_02715_,14µm
_02771_,14µm
_02949_,14µm
_03050_,14µm
_03097_,14µm
_03361_,14µm
_03390_,14µm
_03872_,14µm
_03886_,14µm
_04183_,14µm
_04219_,14µm
_04366_,14µm
_04369_,14µm
_04678_,14µm
_05972_,14µm
_06012_,14µm
_06649_,14µm
_06692_,14µm
_06711_,14µm
_06872_,14µm
_06999_,14µm
_07198_,14µm
_07424_,14µm
_07543_,14µm
_07735_,14µm
_08006_,14µm
_08275_,14µm
_08405_,14µm
_08447_,14µm
_08951_,14µm
_09304_,14µm
_09534_,14µm
_09604_,14µm
_09790_,14µm
_09853_,14µm
u_transform_scheduler_core.fifo_x0_q\[0\]\[1\],14µm
u_transform_scheduler_core.fifo_x2_i\[0\]\[6\],14µm
u_transform_scheduler_core.mod_diag_addr1\[2\],14µm
u_transform_scheduler_core.tx_dft12_hold_i\[0\]\[15\],14µm
u_transform_scheduler_core.tx_dft12_hold_i\[2\]\[8\],14µm
u_transform_scheduler_core.tx_dft12_hold_q\[2\]\[9\],14µm
din_ready_o,13.91µm
u_transform_scheduler_core.u_fft_scratch_sram.u_lo.macro_addr\[1\],13.86µm
dout[4],13.75µm
_09092_,13.72µm
_09173_,13.64µm
_04944_,13.59µm
_04946_,13.59µm
_04998_,13.59µm
_05011_,13.59µm
u_transform_scheduler_core.dft12_ram_q\[1\]\[5\],13.59µm
u_transform_scheduler_core.u_mixed_radix_butterfly.low_rr_reg\[2\],13.59µm
_02046_,13.54µm
_02625_,13.54µm
_04825_,13.54µm
_04836_,13.54µm
_05221_,13.54µm
_05805_,13.54µm
_06226_,13.54µm
_06594_,13.54µm
_07244_,13.54µm
_08056_,13.54µm
_08137_,13.54µm
_08689_,13.54µm
_09567_,13.54µm
_09856_,13.54µm
_10034_,13.54µm
debug_wdata\[7\],13.54µm
u_transform_scheduler_core.fifo_x2_q\[0\]\[5\],13.54µm
u_transform_scheduler_core.mod_x0_i\[1\],13.54µm
u_transform_scheduler_core.ofdm_sample_q\[4\],13.54µm
u_transform_scheduler_core.tx_dft12_hold_i\[0\]\[0\],13.54µm
u_transform_scheduler_core.tx_dft12_hold_i\[1\]\[1\],13.54µm
u_transform_scheduler_core.tx_dft12_hold_q\[2\]\[5\],13.54µm
u_transform_scheduler_core.u_mixed_radix_butterfly.high_rq_reg\[0\],13.54µm
u_transform_scheduler_core.u_mixed_radix_butterfly.x1_q_ext\[8\],13.54µm
_00083_,13.49µm
_00104_,13.49µm
_00157_,13.49µm
_00183_,13.49µm
_00401_,13.49µm
_00471_,13.49µm
_00542_,13.49µm
_00589_,13.49µm
_00607_,13.49µm
_01063_,13.49µm
_01133_,13.49µm
_01632_,13.49µm
_01750_,13.49µm
_02194_,13.49µm
_02294_,13.49µm
_02612_,13.49µm
_02781_,13.49µm
_02799_,13.49µm
_02829_,13.49µm
_03090_,13.49µm
_03359_,13.49µm
_03551_,13.49µm
_03843_,13.49µm
_04464_,13.49µm
_05066_,13.49µm
_05084_,13.49µm
_05268_,13.49µm
_05611_,13.49µm
_05619_,13.49µm
_05777_,13.49µm
_06914_,13.49µm
_07742_,13.49µm
_07757_,13.49µm
_07874_,13.49µm
_08136_,13.49µm
_08293_,13.49µm
_08535_,13.49µm
_08558_,13.49µm
_08764_,13.49µm
_09232_,13.49µm
_09361_,13.49µm
_09406_,13.49µm
_09449_,13.49µm
_09669_,13.49µm
_09876_,13.49µm
_09901_,13.49µm
u_transform_scheduler_core.fifo_x0_i\[0\]\[4\],13.49µm
u_transform_scheduler_core.fifo_x1_q\[0\]\[4\],13.49µm
u_transform_scheduler_core.ofdm_sample_q\[10\],13.49µm
u_transform_scheduler_core.tx_dft12_hold_i\[1\]\[13\],13.49µm
u_transform_scheduler_core.tx_dft12_hold_q\[1\]\[12\],13.49µm
u_transform_scheduler_core.tx_dft12_hold_q\[1\]\[6\],13.49µm
u_transform_scheduler_core.u_mixed_radix_butterfly.arithmetic_sum_i_reg\[0\],13.49µm
u_transform_scheduler_core.u_mixed_radix_butterfly.low_rr_reg\[0\],13.49µm
u_transform_scheduler_core.u_mixed_radix_butterfly.low_rr_reg\[3\],13.49µm
u_transform_scheduler_core.u_mixed_radix_butterfly.premultiply_half_sum_i_reg\[9\],13.49µm
u_transform_scheduler_core.u_mixed_radix_butterfly.premultiply_uop_reg\[1\],13.49µm
_00303_,13.44µm
_02274_,13.44µm
_02283_,13.44µm
_02293_,13.44µm
_02301_,13.44µm
_02601_,13.44µm
_02745_,13.44µm
_02874_,13.44µm
_03349_,13.44µm
_03431_,13.44µm
_03470_,13.44µm
_03735_,13.44µm
_03845_,13.44µm
_04498_,13.44µm
_04590_,13.44µm
_05380_,13.44µm
_05837_,13.44µm
_05881_,13.44µm
_05928_,13.44µm
_06118_,13.44µm
_06204_,13.44µm
_06955_,13.44µm
_07178_,13.44µm
_07348_,13.44µm
_07471_,13.44µm
_07683_,13.44µm
_08278_,13.44µm
_08303_,13.44µm
_08350_,13.44µm
_08632_,13.44µm
_08706_,13.44µm
_08911_,13.44µm
_09535_,13.44µm
_09672_,13.44µm
_09844_,13.44µm
_09849_,13.44µm
_10003_,13.44µm
u_transform_scheduler_core.rx_small_x1_q\[1\],13.44µm
u_transform_scheduler_core.tx_dft12_hold_q\[1\]\[0\],13.44µm
u_transform_scheduler_core.tx_dft12_hold_q\[2\]\[11\],13.44µm
u_transform_scheduler_core.u_mixed_radix_butterfly.combine_half_sum_q_reg\[3\],13.44µm
u_transform_scheduler_core.u_mixed_radix_butterfly.combine_product_re_reg\[5\],13.44µm
u_transform_scheduler_core.u_mixed_radix_butterfly.x1_i_ext\[11\],13.44µm
_02716_,13.21µm
_04834_,13.21µm
dout[1],13.19µm
_03308_,13.08µm
_02011_,13.03µm
_02603_,13.03µm
_04996_,13.03µm
_08666_,13.03µm
_09595_,13.03µm
u_transform_scheduler_core.dft12_ram_i\[1\]\[9\],13.03µm
u_transform_scheduler_core.mod_diag_X0_i\[14\],13.03µm
_01550_,12.98µm
_02314_,12.98µm
_03134_,12.98µm
_03146_,12.98µm
_03437_,12.98µm
_03868_,12.98µm
_04518_,12.98µm
_04642_,12.98µm
_04875_,12.98µm
_04945_,12.98µm
_05454_,12.98µm
_06065_,12.98µm
_06140_,12.98µm
_08374_,12.98µm
_08551_,12.98µm
_08752_,12.98µm
_09096_,12.98µm
_09505_,12.98µm
u_transform_scheduler_core.dft12_phase_onehot\[0\],12.98µm
u_transform_scheduler_core.mod_diag_X0_q\[11\],12.98µm
u_transform_scheduler_core.mod_x0_i\[3\],12.98µm
u_transform_scheduler_core.u_mixed_radix_butterfly.arithmetic_x0_i_reg\[0\],12.98µm
u_transform_scheduler_core.u_mixed_radix_butterfly.premultiply_half_sum_q_reg\[6\],12.98µm
u_transform_scheduler_core.u_tdiq_output_cp_insert.responses_left\[6\],12.98µm
net1065,12.98µm
_00082_,12.93µm
_00114_,12.93µm
_00115_,12.93µm
_00144_,12.93µm
_00352_,12.93µm
_00424_,12.93µm
_00819_,12.93µm
_00902_,12.93µm
_01027_,12.93µm
_01158_,12.93µm
_01258_,12.93µm
_01611_,12.93µm
_01689_,12.93µm
_01692_,12.93µm
_01840_,12.93µm
_02113_,12.93µm
_02128_,12.93µm
_02211_,12.93µm
_02609_,12.93µm
_02881_,12.93µm
_02899_,12.93µm
_02920_,12.93µm
_02985_,12.93µm
_03034_,12.93µm
_03039_,12.93µm
_03340_,12.93µm
_03430_,12.93µm
_03471_,12.93µm
_03548_,12.93µm
_03685_,12.93µm
_03706_,12.93µm
_03707_,12.93µm
_03817_,12.93µm
_03956_,12.93µm
_03990_,12.93µm
_04077_,12.93µm
_04236_,12.93µm
_04242_,12.93µm
_04507_,12.93µm
_04514_,12.93µm
_04584_,12.93µm
_04585_,12.93µm
_04608_,12.93µm
_05033_,12.93µm
_05039_,12.93µm
_05389_,12.93µm
_05563_,12.93µm
_06323_,12.93µm
_06848_,12.93µm
_06896_,12.93µm
_06965_,12.93µm
_07108_,12.93µm
_07109_,12.93µm
_07400_,12.93µm
_07420_,12.93µm
_07529_,12.93µm
_07570_,12.93µm
_07754_,12.93µm
_07780_,12.93µm
_07807_,12.93µm
_07831_,12.93µm
_07988_,12.93µm
_07996_,12.93µm
_08154_,12.93µm
_08223_,12.93µm
_08448_,12.93µm
_08583_,12.93µm
_08647_,12.93µm
_08799_,12.93µm
_08920_,12.93µm
_09016_,12.93µm
_09231_,12.93µm
_09237_,12.93µm
_09456_,12.93µm
_09528_,12.93µm
_09872_,12.93µm
_09999_,12.93µm
debug_read_latch\[2\],12.93µm
u_transform_scheduler_core.fifo_x0_i\[0\]\[1\],12.93µm
u_transform_scheduler_core.fifo_x0_q\[0\]\[6\],12.93µm
u_transform_scheduler_core.mod_diag_X0_q\[9\],12.93µm
u_transform_scheduler_core.mod_x0_i\[14\],12.93µm
u_transform_scheduler_core.rx_fft128_i\[0\],12.93µm
u_transform_scheduler_core.rx_small_x1_q\[4\],12.93µm
u_transform_scheduler_core.tx_dft12_hold_i\[0\]\[12\],12.93µm
u_transform_scheduler_core.tx_dft12_hold_i\[1\]\[12\],12.93µm
u_transform_scheduler_core.tx_dft12_hold_i\[1\]\[5\],12.93µm
u_transform_scheduler_core.tx_dft12_hold_i\[1\]\[9\],12.93µm
u_transform_scheduler_core.tx_dft12_hold_q\[1\]\[8\],12.93µm
u_transform_scheduler_core.u_mixed_radix_butterfly.low_rr_reg\[1\],12.93µm
u_transform_scheduler_core.u_tdiq_input_cp_remove.cp_length_reg\[0\],12.93µm
_00116_,12.88µm
_00161_,12.88µm
_00378_,12.88µm
_00585_,12.88µm
_00943_,12.88µm
_00976_,12.88µm
_01439_,12.88µm
_01591_,12.88µm
_01635_,12.88µm
_01650_,12.88µm
_01832_,12.88µm
_01862_,12.88µm
_01997_,12.88µm
_02175_,12.88µm
_02182_,12.88µm
_02268_,12.88µm
_02583_,12.88µm
_02706_,12.88µm
_02777_,12.88µm
_02782_,12.88µm
_02995_,12.88µm
_03033_,12.88µm
_03037_,12.88µm
_03072_,12.88µm
_03435_,12.88µm
_03645_,12.88µm
_03771_,12.88µm
_04451_,12.88µm
_04476_,12.88µm
_04581_,12.88µm
_04880_,12.88µm
_04909_,12.88µm
_05208_,12.88µm
_05654_,12.88µm
_05911_,12.88µm
_05939_,12.88µm
_06103_,12.88µm
_06374_,12.88µm
_06585_,12.88µm
_06652_,12.88µm
_06680_,12.88µm
_06683_,12.88µm
_06686_,12.88µm
_06984_,12.88µm
_07101_,12.88µm
_07267_,12.88µm
_07503_,12.88µm
_07548_,12.88µm
_07732_,12.88µm
_08051_,12.88µm
_08246_,12.88µm
_08430_,12.88µm
_08728_,12.88µm
_08901_,12.88µm
_08958_,12.88µm
_09037_,12.88µm
_09184_,12.88µm
_09374_,12.88µm
_09478_,12.88µm
_09492_,12.88µm
_09689_,12.88µm
_10022_,12.88µm
u_transform_scheduler_core.fifo_x2_q\[0\]\[1\],12.88µm
u_transform_scheduler_core.tx_dft12_hold_i\[0\]\[2\],12.88µm
u_transform_scheduler_core.u_fft128_modulo_controller.fetch_operands_valid,12.88µm
din[5],12.84µm
_04628_,12.47µm
_08867_,12.47µm
u_transform_scheduler_core.mod_x0_i\[8\],12.47µm
u_transform_scheduler_core.ofdm_sample_q\[1\],12.47µm
u_transform_scheduler_core.u_mixed_radix_butterfly.arithmetic_x0_i_reg\[9\],12.47µm
u_transform_scheduler_core.u_mixed_radix_butterfly.low_rr_reg\[7\],12.47µm
u_transform_scheduler_core.u_mixed_radix_butterfly.premultiply_twiddle_re_reg\[5\],12.47µm
u_transform_scheduler_core.u_mixed_radix_butterfly.premultiply_x0_q_reg\[11\],12.47µm
_02184_,12.42µm
_02918_,12.42µm
_03849_,12.42µm
_04001_,12.42µm
_04037_,12.42µm
_04068_,12.42µm
_04411_,12.42µm
_04712_,12.42µm
_04818_,12.42µm
_04987_,12.42µm
_05434_,12.42µm
_05443_,12.42µm
_05545_,12.42µm
_06994_,12.42µm
_07510_,12.42µm
_07821_,12.42µm
_08614_,12.42µm
_08852_,12.42µm
_08965_,12.42µm
_09224_,12.42µm
_09569_,12.42µm
_10039_,12.42µm
debug_addr\[3\],12.42µm
u_transform_scheduler_core.dft12_ram_i\[9\]\[6\],12.42µm
u_transform_scheduler_core.fifo_x0_q\[0\]\[0\],12.42µm
u_transform_scheduler_core.fifo_x1_q\[0\]\[0\],12.42µm
u_transform_scheduler_core.fifo_x1_q\[0\]\[3\],12.42µm
u_transform_scheduler_core.fifo_x2_i\[0\]\[10\],12.42µm
u_transform_scheduler_core.tx_dft12_hold_i\[2\]\[4\],12.42µm
u_transform_scheduler_core.tx_dft12_hold_i\[2\]\[9\],12.42µm
u_transform_scheduler_core.u_fft_scratch_sram.saved_wdata\[17\],12.42µm
u_transform_scheduler_core.u_mixed_radix_butterfly.premultiply_half_sum_i_reg\[6\],12.42µm
u_transform_scheduler_core.u_mixed_radix_butterfly.product_ii_reg\[16\],12.42µm
u_transform_scheduler_core.u_mixed_radix_butterfly.scalar_operand\[6\],12.42µm
u_transform_scheduler_core.u_tdiq_input_cp_remove.input_sample_index\[1\],12.42µm
_00017_,12.37µm
_00097_,12.37µm
_00155_,12.37µm
_00168_,12.37µm
_00194_,12.37µm
_00313_,12.37µm
_00442_,12.37µm
_00930_,12.37µm
_00936_,12.37µm
_00956_,12.37µm
_01106_,12.37µm
_01251_,12.37µm
_01274_,12.37µm
_01390_,12.37µm
_01417_,12.37µm
_01452_,12.37µm
_01604_,12.37µm
_01803_,12.37µm
_01839_,12.37µm
_01853_,12.37µm
_01882_,12.37µm
_01982_,12.37µm
_02109_,12.37µm
_02124_,12.37µm
_02127_,12.37µm
_02263_,12.37µm
_02441_,12.37µm
_02528_,12.37µm
_02564_,12.37µm
_02630_,12.37µm
_02661_,12.37µm
_02843_,12.37µm
_02885_,12.37µm
_02981_,12.37µm
_03020_,12.37µm
_03375_,12.37µm
_03489_,12.37µm
_03680_,12.37µm
_03805_,12.37µm
_03815_,12.37µm
_03948_,12.37µm
_04422_,12.37µm
_04449_,12.37µm
_04489_,12.37µm
_04845_,12.37µm
_05118_,12.37µm
_05431_,12.37µm
_05650_,12.37µm
_05832_,12.37µm
_05989_,12.37µm
_06164_,12.37µm
_06259_,12.37µm
_06476_,12.37µm
_06479_,12.37µm
_06494_,12.37µm
_06499_,12.37µm
_06626_,12.37µm
_06807_,12.37µm
_06816_,12.37µm
_06817_,12.37µm
_06851_,12.37µm
_07025_,12.37µm
_07041_,12.37µm
_07044_,12.37µm
_07092_,12.37µm
_07240_,12.37µm
_07414_,12.37µm
_07474_,12.37µm
_07492_,12.37µm
_07514_,12.37µm
_07576_,12.37µm
_07753_,12.37µm
_07916_,12.37µm
_08171_,12.37µm
_08353_,12.37µm
_08732_,12.37µm
_08893_,12.37µm
_09008_,12.37µm
_09060_,12.37µm
_09204_,12.37µm
_09571_,12.37µm
_09639_,12.37µm
_09701_,12.37µm
_09819_,12.37µm
_09865_,12.37µm
_09959_,12.37µm
debug_wdata\[0\],12.37µm
u_transform_scheduler_core.fifo_x0_i\[0\]\[2\],12.37µm
u_transform_scheduler_core.result_meta_inverse\[2\]\[0\],12.37µm
u_transform_scheduler_core.rx_dft12_i\[6\],12.37µm
u_transform_scheduler_core.u_mixed_radix_butterfly.premultiply_half_sum_q_reg\[15\],12.37µm
net528,12.37µm
_00202_,12.32µm
_00205_,12.32µm
_00342_,12.32µm
_00526_,12.32µm
_00573_,12.32µm
_00679_,12.32µm
_00996_,12.32µm
_01778_,12.32µm
_02111_,12.32µm
_02469_,12.32µm
_02542_,12.32µm
_02819_,12.32µm
_02927_,12.32µm
_02978_,12.32µm
_02984_,12.32µm
_03027_,12.32µm
_03046_,12.32µm
_03077_,12.32µm
_03279_,12.32µm
_03441_,12.32µm
_03478_,12.32µm
_03536_,12.32µm
_03613_,12.32µm
_03635_,12.32µm
_03874_,12.32µm
_03880_,12.32µm
_04055_,12.32µm
_04148_,12.32µm
_04167_,12.32µm
_04211_,12.32µm
_04819_,12.32µm
_05812_,12.32µm
_05816_,12.32µm
_05855_,12.32µm
_06016_,12.32µm
_06227_,12.32µm
_06404_,12.32µm
_06529_,12.32µm
_06974_,12.32µm
_07088_,12.32µm
_07972_,12.32µm
_07997_,12.32µm
_08038_,12.32µm
_08170_,12.32µm
_08229_,12.32µm
_08233_,12.32µm
_08238_,12.32µm
_08296_,12.32µm
_08324_,12.32µm
_08390_,12.32µm
_08636_,12.32µm
_08708_,12.32µm
_08912_,12.32µm
_09065_,12.32µm
_09459_,12.32µm
_09596_,12.32µm
_09602_,12.32µm
_09626_,12.32µm
_09699_,12.32µm
_09775_,12.32µm
_09777_,12.32µm
_09812_,12.32µm
_09823_,12.32µm
_09889_,12.32µm
_09960_,12.32µm
u_transform_scheduler_core.tx_dft12_hold_q\[1\]\[13\],12.32µm
din[4],12.18µm
_07664_,11.91µm
_08690_,11.91µm
u_transform_scheduler_core.fifo_x1_q\[0\]\[6\],11.91µm
_02068_,11.86µm
_04123_,11.86µm
_04499_,11.86µm
_04697_,11.86µm
_04741_,11.86µm
_05129_,11.86µm
_05607_,11.86µm
_05957_,11.86µm
_06072_,11.86µm
_06697_,11.86µm
_07382_,11.86µm
_07416_,11.86µm
_07870_,11.86µm
_07905_,11.86µm
_08403_,11.86µm
_08431_,11.86µm
_09404_,11.86µm
_09413_,11.86µm
_09607_,11.86µm
_09623_,11.86µm
_09648_,11.86µm
_09981_,11.86µm
u_transform_scheduler_core.ofdm_sample_q\[2\],11.86µm
u_transform_scheduler_core.rx_small_x0_i\[4\],11.86µm
u_transform_scheduler_core.rx_small_x0_i\[5\],11.86µm
u_transform_scheduler_core.tx_dft12_hold_i\[0\]\[10\],11.86µm
u_transform_scheduler_core.tx_dft12_hold_q\[0\]\[0\],11.86µm
u_transform_scheduler_core.tx_dft12_hold_q\[0\]\[2\],11.86µm
u_transform_scheduler_core.tx_dft12_hold_q\[1\]\[2\],11.86µm
u_transform_scheduler_core.u_fdiq_output_adapter.sample_i_reg\[13\],11.86µm
u_transform_scheduler_core.u_mixed_radix_butterfly.arithmetic_x0_i_reg\[6\],11.86µm
u_transform_scheduler_core.u_tdiq_input_cp_remove.held_i\[6\],11.86µm
_00031_,11.81µm
_00191_,11.81µm
_00316_,11.81µm
_00364_,11.81µm
_00525_,11.81µm
_00924_,11.81µm
_01083_,11.81µm
_01294_,11.81µm
_01595_,11.81µm
_01622_,11.81µm
_01711_,11.81µm
_01772_,11.81µm
_01793_,11.81µm
_01930_,11.81µm
_02009_,11.81µm
_02087_,11.81µm
_02131_,11.81µm
_02439_,11.81µm
_02440_,11.81µm
_02535_,11.81µm
_02705_,11.81µm
_02785_,11.81µm
_02798_,11.81µm
_02839_,11.81µm
_02847_,11.81µm
_02868_,11.81µm
_02926_,11.81µm
_03229_,11.81µm
_03345_,11.81µm
_03607_,11.81µm
_03627_,11.81µm
_03903_,11.81µm
_04042_,11.81µm
_04104_,11.81µm
_04109_,11.81µm
_04241_,11.81µm
_04445_,11.81µm
_04508_,11.81µm
_04549_,11.81µm
_04579_,11.81µm
_04729_,11.81µm
_05101_,11.81µm
_05216_,11.81µm
_05600_,11.81µm
_05759_,11.81µm
_05921_,11.81µm
_06237_,11.81µm
_06428_,11.81µm
_06454_,11.81µm
_06514_,11.81µm
_06935_,11.81µm
_07354_,11.81µm
_07442_,11.81µm
_07522_,11.81µm
_07554_,11.81µm
_07682_,11.81µm
_07790_,11.81µm
_08261_,11.81µm
_08333_,11.81µm
_08508_,11.81µm
_08562_,11.81µm
_08600_,11.81µm
_08925_,11.81µm
_08959_,11.81µm
_09539_,11.81µm
_09543_,11.81µm
_09559_,11.81µm
_09946_,11.81µm
debug_read_latch\[1\],11.81µm
u_transform_scheduler_core.fft_mem_rdata\[15\],11.81µm
u_transform_scheduler_core.mod_diag_X0_i\[9\],11.81µm
u_transform_scheduler_core.mod_x0_q\[13\],11.81µm
u_transform_scheduler_core.rx_small_x2_i\[3\],11.81µm
u_transform_scheduler_core.tx_dft12_hold_i\[0\]\[11\],11.81µm
u_transform_scheduler_core.tx_dft12_hold_i\[2\]\[5\],11.81µm
u_transform_scheduler_core.u_mixed_radix_butterfly.low_ii_reg\[8\],11.81µm
u_transform_scheduler_core.u_tdiq_input_cp_remove.useful_sample_index\[6\],11.81µm
_00112_,11.76µm
_00154_,11.76µm
_00285_,11.76µm
_00301_,11.76µm
_00786_,11.76µm
_00881_,11.76µm
_00948_,11.76µm
_01039_,11.76µm
_01095_,11.76µm
_01135_,11.76µm
_01249_,11.76µm
_01305_,11.76µm
_01473_,11.76µm
_01551_,11.76µm
_02096_,11.76µm
_02291_,11.76µm
_02493_,11.76µm
_02649_,11.76µm
_02749_,11.76µm
_02779_,11.76µm
_02820_,11.76µm
_02860_,11.76µm
_02916_,11.76µm
_02919_,11.76µm
_02954_,11.76µm
_03019_,11.76µm
_03053_,11.76µm
_03237_,11.76µm
_03399_,11.76µm
_03457_,11.76µm
_03566_,11.76µm
_03658_,11.76µm
_03784_,11.76µm
_03846_,11.76µm
_03877_,11.76µm
_03937_,11.76µm
_04007_,11.76µm
_04192_,11.76µm
_04336_,11.76µm
_04413_,11.76µm
_04436_,11.76µm
_05017_,11.76µm
_05207_,11.76µm
_05573_,11.76µm
_05604_,11.76µm
_05615_,11.76µm
_05922_,11.76µm
_05994_,11.76µm
_06201_,11.76µm
_06318_,11.76µm
_06334_,11.76µm
_06356_,11.76µm
_06382_,11.76µm
_06385_,11.76µm
_06461_,11.76µm
_06501_,11.76µm
_06523_,11.76µm
_06550_,11.76µm
_06582_,11.76µm
_06614_,11.76µm
_06713_,11.76µm
_06783_,11.76µm
_06958_,11.76µm
_07030_,11.76µm
_07058_,11.76µm
_07067_,11.76µm
_07115_,11.76µm
_07305_,11.76µm
_07376_,11.76µm
_07421_,11.76µm
_07598_,11.76µm
_07779_,11.76µm
_07810_,11.76µm
_07979_,11.76µm
_08528_,11.76µm
_08604_,11.76µm
_08629_,11.76µm
_08794_,11.76µm
_08926_,11.76µm
_09358_,11.76µm
_09451_,11.76µm
_09512_,11.76µm
_09647_,11.76µm
_09698_,11.76µm
_09738_,11.76µm
_09793_,11.76µm
_09882_,11.76µm
u_transform_scheduler_core.tx_dft12_hold_q\[0\]\[14\],11.76µm
u_transform_scheduler_core.tx_dft12_hold_q\[1\]\[10\],11.76µm
_00096_,11.7µm
dout_valid_o,11.62µm
_05144_,11.4µm
_10009_,11.4µm
_04828_,11.35µm
_06796_,11.35µm
_09617_,11.35µm
_09873_,11.35µm
u_transform_scheduler_core.tx_dft12_hold_q\[1\]\[5\],11.35µm
_01864_,11.3µm
_02532_,11.3µm
_02780_,11.3µm
_04682_,11.3µm
_05057_,11.3µm
_06222_,11.3µm
_06833_,11.3µm
_07709_,11.3µm
_08494_,11.3µm
_08765_,11.3µm
_08777_,11.3µm
_09209_,11.3µm
_09561_,11.3µm
_09810_,11.3µm
_09940_,11.3µm
_10035_,11.3µm
u_transform_scheduler_core.dft12_ram_i\[3\]\[2\],11.3µm
u_transform_scheduler_core.fifo_x2_q\[0\]\[4\],11.3µm
u_transform_scheduler_core.tx_dft12_hold_i\[2\]\[0\],11.3µm
u_transform_scheduler_core.tx_dft12_hold_q\[2\]\[2\],11.3µm
u_transform_scheduler_core.tx_sample_i\[2\],11.3µm
u_transform_scheduler_core.u_fft128_modulo_controller.fetch_x1_q\[11\],11.3µm
u_transform_scheduler_core.u_mixed_radix_butterfly.arithmetic_half_sum_i_reg\[8\],11.3µm
u_transform_scheduler_core.u_mixed_radix_butterfly.arithmetic_half_sum_q_reg\[6\],11.3µm
u_transform_scheduler_core.u_mixed_radix_butterfly.low_iq_reg\[7\],11.3µm
u_transform_scheduler_core.u_mixed_radix_butterfly.premultiply_x0_i_reg\[8\],11.3µm
u_transform_scheduler_core.u_tdiq_output_cp_insert.requests_left\[4\],11.3µm
_00093_,11.25µm
_00159_,11.25µm
_00271_,11.25µm
_00354_,11.25µm
_00945_,11.25µm
_00973_,11.25µm
_01025_,11.25µm
_01084_,11.25µm
_01324_,11.25µm
_01325_,11.25µm
_01367_,11.25µm
_01603_,11.25µm
_01713_,11.25µm
_01717_,11.25µm
_01792_,11.25µm
_01842_,11.25µm
_01952_,11.25µm
_02000_,11.25µm
_02039_,11.25µm
_02130_,11.25µm
_02148_,11.25µm
_02342_,11.25µm
_02366_,11.25µm
_02405_,11.25µm
_02526_,11.25µm
_02531_,11.25µm
_02555_,11.25µm
_02776_,11.25µm
_03089_,11.25µm
_03227_,11.25µm
_03269_,11.25µm
_03321_,11.25µm
_03473_,11.25µm
_03493_,11.25µm
_03513_,11.25µm
_03612_,11.25µm
_03746_,11.25µm
_03888_,11.25µm
_03911_,11.25µm
_04020_,11.25µm
_04060_,11.25µm
_04083_,11.25µm
_04255_,11.25µm
_04306_,11.25µm
_04478_,11.25µm
_04484_,11.25µm
_04509_,11.25µm
_04511_,11.25µm
_04691_,11.25µm
_04881_,11.25µm
_04934_,11.25µm
_05120_,11.25µm
_05247_,11.25µm
_05297_,11.25µm
_05714_,11.25µm
_05885_,11.25µm
_05950_,11.25µm
_05951_,11.25µm
_06052_,11.25µm
_06209_,11.25µm
_06256_,11.25µm
_06263_,11.25µm
_06330_,11.25µm
_06381_,11.25µm
_06513_,11.25µm
_06610_,11.25µm
_06804_,11.25µm
_07087_,11.25µm
_07274_,11.25µm
_07440_,11.25µm
_07650_,11.25µm
_07715_,11.25µm
_08198_,11.25µm
_08234_,11.25µm
_08315_,11.25µm
_08336_,11.25µm
_08411_,11.25µm
_08519_,11.25µm
_08571_,11.25µm
_08667_,11.25µm
_08821_,11.25µm
_08945_,11.25µm
_09144_,11.25µm
_09152_,11.25µm
_09264_,11.25µm
_09284_,11.25µm
_09408_,11.25µm
_09415_,11.25µm
_09430_,11.25µm
_09536_,11.25µm
_09568_,11.25µm
_09614_,11.25µm
_09709_,11.25µm
_09721_,11.25µm
_09907_,11.25µm
_10002_,11.25µm
_10025_,11.25µm
input_left\[8\],11.25µm
u_transform_scheduler_core.dft12_ram_q\[7\]\[10\],11.25µm
u_transform_scheduler_core.fifo_x0_q\[0\]\[10\],11.25µm
u_transform_scheduler_core.fifo_x2_i\[0\]\[0\],11.25µm
u_transform_scheduler_core.mod_diag_X0_i\[11\],11.25µm
u_transform_scheduler_core.rx_small_x1_q\[7\],11.25µm
u_transform_scheduler_core.tx_dft12_hold_q\[0\]\[13\],11.25µm
u_transform_scheduler_core.tx_dft12_hold_q\[0\]\[7\],11.25µm
u_transform_scheduler_core.u_mixed_radix_butterfly.premultiply_half_sum_i_reg\[15\],11.25µm
u_transform_scheduler_core.u_mixed_radix_butterfly.premultiply_half_sum_i_reg\[4\],11.25µm
_00002_,11.2µm
_00080_,11.2µm
_00146_,11.2µm
_00169_,11.2µm
_00178_,11.2µm
_00344_,11.2µm
_00478_,11.2µm
_00482_,11.2µm
_00591_,11.2µm
_00972_,11.2µm
_01072_,11.2µm
_01088_,11.2µm
_01126_,11.2µm
_01225_,11.2µm
_01273_,11.2µm
_01766_,11.2µm
_01833_,11.2µm
_01838_,11.2µm
_02079_,11.2µm
_02115_,11.2µm
_02215_,11.2µm
_02257_,11.2µm
_02309_,11.2µm
_02337_,11.2µm
_02507_,11.2µm
_02711_,11.2µm
_02818_,11.2µm
_02849_,11.2µm
_02922_,11.2µm
_03126_,11.2µm
_03197_,11.2µm
_03246_,11.2µm
_03604_,11.2µm
_03740_,11.2µm
_03876_,11.2µm
_03913_,11.2µm
_03972_,11.2µm
_04004_,11.2µm
_04124_,11.2µm
_04196_,11.2µm
_04376_,11.2µm
_04381_,11.2µm
_04448_,11.2µm
_04467_,11.2µm
_04694_,11.2µm
_04911_,11.2µm
_05278_,11.2µm
_05327_,11.2µm
_05589_,11.2µm
_05655_,11.2µm
_05859_,11.2µm
_06003_,11.2µm
_06214_,11.2µm
_06429_,11.2µm
_06505_,11.2µm
_06560_,11.2µm
_06689_,11.2µm
_06716_,11.2µm
_06739_,11.2µm
_06853_,11.2µm
_06900_,11.2µm
_07082_,11.2µm
_07116_,11.2µm
_07216_,11.2µm
_07551_,11.2µm
_07586_,11.2µm
_07623_,11.2µm
_07633_,11.2µm
_07663_,11.2µm
_07864_,11.2µm
_07871_,11.2µm
_07927_,11.2µm
_08509_,11.2µm
_08601_,11.2µm
_08612_,11.2µm
_08620_,11.2µm
_08856_,11.2µm
_09043_,11.2µm
_09747_,11.2µm
_09787_,11.2µm
_09826_,11.2µm
_10007_,11.2µm
_10019_,11.2µm
debug_wdata\[6\],11.2µm
u_transform_scheduler_core.fifo_x1_q\[0\]\[5\],11.2µm
u_transform_scheduler_core.rx_dft12_i\[1\],11.2µm
u_transform_scheduler_core.tx_dft12_hold_i\[2\]\[3\],11.2µm
u_transform_scheduler_core.tx_dft12_hold_i\[2\]\[7\],11.2µm
u_transform_scheduler_core.tx_dft12_hold_q\[1\]\[7\],11.2µm
u_transform_scheduler_core.tx_dft12_hold_q\[2\]\[1\],11.2µm
u_transform_scheduler_core.tx_dout\[0\],11.2µm
u_transform_scheduler_core.u_mixed_radix_butterfly.high_rq_reg\[13\],11.2µm
_02906_,10.79µm
_06587_,10.79µm
_07833_,10.79µm
_09107_,10.79µm
_09344_,10.79µm
_09854_,10.79µm
u_transform_scheduler_core.tx_dft12_hold_i\[1\]\[3\],10.79µm
u_transform_scheduler_core.tx_dft12_hold_i\[1\]\[4\],10.79µm
_00121_,10.74µm
_01348_,10.74µm
_01995_,10.74µm
_02226_,10.74µm
_02289_,10.74µm
_02425_,10.74µm
_02903_,10.74µm
_03524_,10.74µm
_04078_,10.74µm
_04702_,10.74µm
_04746_,10.74µm
_04753_,10.74µm
_04761_,10.74µm
_04874_,10.74µm
_04984_,10.74µm
_05123_,10.74µm
_05747_,10.74µm
_06506_,10.74µm
_07443_,10.74µm
_07448_,10.74µm
_08033_,10.74µm
_08459_,10.74µm
_08608_,10.74µm
_08625_,10.74µm
_09091_,10.74µm
_09109_,10.74µm
_09118_,10.74µm
_09233_,10.74µm
_09248_,10.74µm
_09526_,10.74µm
_09713_,10.74µm
_09828_,10.74µm
_10006_,10.74µm
u_transform_scheduler_core.fifo_x0_i\[0\]\[0\],10.74µm
u_transform_scheduler_core.mod_diag_X0_q\[8\],10.74µm
u_transform_scheduler_core.mod_x0_i\[2\],10.74µm
u_transform_scheduler_core.rx_fft128_i\[4\],10.74µm
u_transform_scheduler_core.rx_small_x2_i\[0\],10.74µm
u_transform_scheduler_core.tx_dft12_hold_q\[2\]\[0\],10.74µm
u_transform_scheduler_core.tx_sample_i\[1\],10.74µm
u_transform_scheduler_core.u_mixed_radix_butterfly.premultiply_half_sum_i_reg\[14\],10.74µm
_00014_,10.69µm
_00117_,10.69µm
_00143_,10.69µm
_00187_,10.69µm
_00398_,10.69µm
_00666_,10.69µm
_00699_,10.69µm
_00760_,10.69µm
_00886_,10.69µm
_00920_,10.69µm
_01450_,10.69µm
_01454_,10.69µm
_01627_,10.69µm
_01639_,10.69µm
_01685_,10.69µm
_01712_,10.69µm
_01714_,10.69µm
_01774_,10.69µm
_01851_,10.69µm
_01904_,10.69µm
_01951_,10.69µm
_02027_,10.69µm
_02036_,10.69µm
_02310_,10.69µm
_02409_,10.69µm
_02456_,10.69µm
_02496_,10.69µm
_02654_,10.69µm
_02695_,10.69µm
_02934_,10.69µm
_02969_,10.69µm
_03011_,10.69µm
_03022_,10.69µm
_03080_,10.69µm
_03410_,10.69µm
_03416_,10.69µm
_03447_,10.69µm
_03908_,10.69µm
_03974_,10.69µm
_04194_,10.69µm
_04238_,10.69µm
_04289_,10.69µm
_04314_,10.69µm
_04496_,10.69µm
_04553_,10.69µm
_04554_,10.69µm
_04727_,10.69µm
_04873_,10.69µm
_04954_,10.69µm
_05168_,10.69µm
_05393_,10.69µm
_05505_,10.69µm
_05621_,10.69µm
_05632_,10.69µm
_06028_,10.69µm
_06182_,10.69µm
_06257_,10.69µm
_06335_,10.69µm
_06344_,10.69µm
_06417_,10.69µm
_06733_,10.69µm
_06772_,10.69µm
_06904_,10.69µm
_07035_,10.69µm
_07145_,10.69µm
_07148_,10.69µm
_07326_,10.69µm
_07404_,10.69µm
_07644_,10.69µm
_07649_,10.69µm
_07721_,10.69µm
_07778_,10.69µm
_07839_,10.69µm
_07912_,10.69µm
_08078_,10.69µm
_08166_,10.69µm
_08373_,10.69µm
_08617_,10.69µm
_08657_,10.69µm
_08665_,10.69µm
_08798_,10.69µm
_08836_,10.69µm
_08972_,10.69µm
_09015_,10.69µm
_09040_,10.69µm
_09183_,10.69µm
_09191_,10.69µm
_09332_,10.69µm
_09541_,10.69µm
_09554_,10.69µm
_09580_,10.69µm
_09641_,10.69µm
_09646_,10.69µm
_09676_,10.69µm
_09700_,10.69µm
_09717_,10.69µm
_09726_,10.69µm
_09734_,10.69µm
_09825_,10.69µm
_09848_,10.69µm
_09868_,10.69µm
_09911_,10.69µm
_09917_,10.69µm
_09989_,10.69µm
_09996_,10.69µm
_10015_,10.69µm
input_left\[7\],10.69µm
u_transform_scheduler_core.rx_fft128_i\[6\],10.69µm
u_transform_scheduler_core.rx_small_x2_i\[1\],10.69µm
u_transform_scheduler_core.u_mixed_radix_butterfly.low_iq_reg\[3\],10.69µm
_00068_,10.64µm
_00106_,10.64µm
_00162_,10.64µm
_00199_,10.64µm
_00274_,10.64µm
_00351_,10.64µm
_00475_,10.64µm
_00566_,10.64µm
_00577_,10.64µm
_00590_,10.64µm
_00687_,10.64µm
_00828_,10.64µm
_01127_,10.64µm
_01341_,10.64µm
_01759_,10.64µm
_01802_,10.64µm
_01915_,10.64µm
_01919_,10.64µm
_02047_,10.64µm
_02052_,10.64µm
_02359_,10.64µm
_02454_,10.64µm
_02522_,10.64µm
_02851_,10.64µm
_02924_,10.64µm
_02970_,10.64µm
_03055_,10.64µm
_03099_,10.64µm
_03455_,10.64µm
_03569_,10.64µm
_03584_,10.64µm
_03606_,10.64µm
_03917_,10.64µm
_03938_,10.64µm
_04027_,10.64µm
_04221_,10.64µm
_04247_,10.64µm
_04266_,10.64µm
_04318_,10.64µm
_04551_,10.64µm
_04956_,10.64µm
_05002_,10.64µm
_05264_,10.64µm
_05543_,10.64µm
_05853_,10.64µm
_05993_,10.64µm
_06105_,10.64µm
_06172_,10.64µm
_06184_,10.64µm
_06280_,10.64µm
_06362_,10.64µm
_06441_,10.64µm
_06659_,10.64µm
_06687_,10.64µm
_06740_,10.64µm
_06746_,10.64µm
_06753_,10.64µm
_06864_,10.64µm
_06945_,10.64µm
_07105_,10.64µm
_07289_,10.64µm
_07362_,10.64µm
_07669_,10.64µm
_07671_,10.64µm
_07745_,10.64µm
_07749_,10.64µm
_07973_,10.64µm
_07991_,10.64µm
_08085_,10.64µm
_08191_,10.64µm
_08241_,10.64µm
_08490_,10.64µm
_08493_,10.64µm
_08711_,10.64µm
_08919_,10.64µm
_09300_,10.64µm
_09755_,10.64µm
_09765_,10.64µm
_09806_,10.64µm
_09839_,10.64µm
_09951_,10.64µm
u_transform_scheduler_core.tx_dft12_hold_i\[2\]\[14\],10.64µm
u_transform_scheduler_core.tx_dft12_hold_q\[2\]\[6\],10.64µm
u_transform_scheduler_core.u_mixed_radix_butterfly.twiddle_re_reg\[5\],10.64µm
u_transform_scheduler_core.u_tdiq_output_cp_insert.requests_left\[8\],10.64µm
_05110_,10.28µm
_09851_,10.28µm
_04737_,10.23µm
_05004_,10.23µm
_08567_,10.23µm
_09146_,10.23µm
u_transform_scheduler_core.fifo_x2_q\[0\]\[6\],10.23µm
din[3],10.23µm
_00746_,10.18µm
_02285_,10.18µm
_02329_,10.18µm
_02534_,10.18µm
_02838_,10.18µm
_04033_,10.18µm
_04701_,10.18µm
_05113_,10.18µm
_05974_,10.18µm
_06124_,10.18µm
_08510_,10.18µm
_08566_,10.18µm
_09282_,10.18µm
_09402_,10.18µm
_09525_,10.18µm
_09711_,10.18µm
_09744_,10.18µm
_10004_,10.18µm
u_transform_scheduler_core.fifo_x0_i\[0\]\[3\],10.18µm
u_transform_scheduler_core.u_mixed_radix_butterfly.low_ii_reg\[3\],10.18µm
u_transform_scheduler_core.u_mixed_radix_butterfly.low_iq_reg\[6\],10.18µm
_00053_,10.13µm
_00158_,10.13µm
_00328_,10.13µm
_00356_,10.13µm
_00393_,10.13µm
_00732_,10.13µm
_00788_,10.13µm
_00794_,10.13µm
_00833_,10.13µm
_00864_,10.13µm
_00959_,10.13µm
_00961_,10.13µm
_01116_,10.13µm
_01118_,10.13µm
_01248_,10.13µm
_01456_,10.13µm
_01590_,10.13µm
_01646_,10.13µm
_01893_,10.13µm
_01894_,10.13µm
_02086_,10.13µm
_02154_,10.13µm
_02171_,10.13µm
_02201_,10.13µm
_02271_,10.13µm
_02290_,10.13µm
_02335_,10.13µm
_02344_,10.13µm
_02347_,10.13µm
_02378_,10.13µm
_02462_,10.13µm
_02468_,10.13µm
_02796_,10.13µm
_02930_,10.13µm
_03049_,10.13µm
_03096_,10.13µm
_03424_,10.13µm
_03440_,10.13µm
_03576_,10.13µm
_03676_,10.13µm
_03679_,10.13µm
_03711_,10.13µm
_03717_,10.13µm
_03797_,10.13µm
_03927_,10.13µm
_04237_,10.13µm
_04337_,10.13µm
_04370_,10.13µm
_04392_,10.13µm
_04431_,10.13µm
_04557_,10.13µm
_04612_,10.13µm
_04622_,10.13µm
_05031_,10.13µm
_05303_,10.13µm
_05569_,10.13µm
_05732_,10.13µm
_06025_,10.13µm
_06063_,10.13µm
_06114_,10.13µm
_06148_,10.13µm
_06405_,10.13µm
_06508_,10.13µm
_06709_,10.13µm
_06847_,10.13µm
_06983_,10.13µm
_07080_,10.13µm
_07436_,10.13µm
_07477_,10.13µm
_07512_,10.13µm
_07594_,10.13µm
_07625_,10.13µm
_07739_,10.13µm
_07771_,10.13µm
_07968_,10.13µm
_08079_,10.13µm
_08140_,10.13µm
_08546_,10.13µm
_08674_,10.13µm
_09055_,10.13µm
_09094_,10.13µm
_09217_,10.13µm
_09275_,10.13µm
_09473_,10.13µm
_09576_,10.13µm
_09640_,10.13µm
_09684_,10.13µm
_09704_,10.13µm
_09754_,10.13µm
_09769_,10.13µm
_09861_,10.13µm
_09977_,10.13µm
_10001_,10.13µm
_10036_,10.13µm
u_transform_scheduler_core.mod_x0_i\[4\],10.13µm
u_transform_scheduler_core.rx_small_x1_q\[5\],10.13µm
u_transform_scheduler_core.rx_state\[2\],10.13µm
u_transform_scheduler_core.tx_dft12_hold_i\[1\]\[6\],10.13µm
u_transform_scheduler_core.tx_dft12_hold_q\[1\]\[1\],10.13µm
u_transform_scheduler_core.tx_mapper_source_addr\[0\],10.13µm
u_transform_scheduler_core.u_fft128_modulo_controller.fetch_stage\[1\],10.13µm
u_transform_scheduler_core.u_mixed_radix_butterfly.final_scalar_product_reg\[13\],10.13µm
u_transform_scheduler_core.u_mixed_radix_butterfly.premultiply_input_q_reg\[6\],10.13µm
u_transform_scheduler_core.u_mixed_radix_butterfly.product_rr_reg\[5\],10.13µm
u_transform_scheduler_core.u_mixed_radix_butterfly.scalar_coefficient\[1\],10.13µm
u_transform_scheduler_core.u_tdiq_input_cp_remove.held_i\[1\],10.13µm
_00035_,10.08µm
_00043_,10.08µm
_00050_,10.08µm
_00102_,10.08µm
_00266_,10.08µm
_00304_,10.08µm
_00366_,10.08µm
_00673_,10.08µm
_00697_,10.08µm
_00754_,10.08µm
_00807_,10.08µm
_00875_,10.08µm
_00929_,10.08µm
_00957_,10.08µm
_01021_,10.08µm
_01268_,10.08µm
_01411_,10.08µm
_01448_,10.08µm
_01687_,10.08µm
_01691_,10.08µm
_01843_,10.08µm
_01877_,10.08µm
_01918_,10.08µm
_01946_,10.08µm
_01988_,10.08µm
_02363_,10.08µm
_02371_,10.08µm
_02428_,10.08µm
_02434_,10.08µm
_02448_,10.08µm
_02537_,10.08µm
_02740_,10.08µm
_02859_,10.08µm
_02861_,10.08µm
_02871_,10.08µm
_03084_,10.08µm
_03124_,10.08µm
_03139_,10.08µm
_03306_,10.08µm
_03380_,10.08µm
_03405_,10.08µm
_03445_,10.08µm
_03453_,10.08µm
_03468_,10.08µm
_03487_,10.08µm
_03538_,10.08µm
_03550_,10.08µm
_03614_,10.08µm
_03615_,10.08µm
_03652_,10.08µm
_03829_,10.08µm
_03890_,10.08µm
_03891_,10.08µm
_03899_,10.08µm
_03906_,10.08µm
_03919_,10.08µm
_03923_,10.08µm
_03961_,10.08µm
_03982_,10.08µm
_04215_,10.08µm
_04361_,10.08µm
_04375_,10.08µm
_04779_,10.08µm
_04981_,10.08µm
_05526_,10.08µm
_05537_,10.08µm
_05637_,10.08µm
_05981_,10.08µm
_06207_,10.08µm
_06231_,10.08µm
_06324_,10.08µm
_06347_,10.08µm
_06383_,10.08µm
_06457_,10.08µm
_06702_,10.08µm
_06723_,10.08µm
_06749_,10.08µm
_06932_,10.08µm
_06944_,10.08µm
_07462_,10.08µm
_07723_,10.08µm
_07801_,10.08µm
_07872_,10.08µm
_07880_,10.08µm
_07993_,10.08µm
_08016_,10.08µm
_08195_,10.08µm
_08271_,10.08µm
_08299_,10.08µm
_08498_,10.08µm
_08611_,10.08µm
_08695_,10.08µm
_08769_,10.08µm
_08772_,10.08µm
_08780_,10.08µm
_08906_,10.08µm
_08932_,10.08µm
_08964_,10.08µm
_09609_,10.08µm
_09778_,10.08µm
_09836_,10.08µm
_09899_,10.08µm
_09964_,10.08µm
u_transform_scheduler_core.tx_dft12_hold_q\[1\]\[14\],10.08µm
u_transform_scheduler_core.tx_dft12_hold_q\[2\]\[14\],10.08µm
u_transform_scheduler_core.u_mixed_radix_butterfly.product_iq_reg\[6\],10.08µm
u_transform_scheduler_core.tx_dft12_hold_i\[2\]\[2\],9.85µm
dout[6],9.83µm
_07666_,9.8µm
u_transform_scheduler_core.mod_x0_i\[7\],9.8µm
_02536_,9.67µm
_04651_,9.67µm
_04831_,9.67µm
_08428_,9.67µm
_08743_,9.67µm
_09006_,9.67µm
_01257_,9.62µm
_01299_,9.62µm
_01315_,9.62µm
_01381_,9.62µm
_02141_,9.62µm
_03839_,9.62µm
_04132_,9.62µm
_04349_,9.62µm
_04384_,9.62µm
_04395_,9.62µm
_04522_,9.62µm
_07509_,9.62µm
_07976_,9.62µm
_08492_,9.62µm
_08505_,9.62µm
_08522_,9.62µm
_08637_,9.62µm
_09032_,9.62µm
_09078_,9.62µm
_09163_,9.62µm
_09201_,9.62µm
_09255_,9.62µm
_09650_,9.62µm
u_transform_scheduler_core.tx_dft12_hold_i\[1\]\[2\],9.62µm
u_transform_scheduler_core.tx_dft12_hold_q\[0\]\[10\],9.62µm
_00118_,9.57µm
_00122_,9.57µm
_00156_,9.57µm
_00265_,9.57µm
_00324_,9.57µm
_00329_,9.57µm
_00345_,9.57µm
_00388_,9.57µm
_00400_,9.57µm
_00413_,9.57µm
_00455_,9.57µm
_00458_,9.57µm
_00562_,9.57µm
_00664_,9.57µm
_00785_,9.57µm
_00813_,9.57µm
_00843_,9.57µm
_00915_,9.57µm
_00963_,9.57µm
_01028_,9.57µm
_01093_,9.57µm
_01163_,9.57µm
_01216_,9.57µm
_01436_,9.57µm
_01593_,9.57µm
_01708_,9.57µm
_01710_,9.57µm
_01724_,9.57µm
_01730_,9.57µm
_01740_,9.57µm
_01791_,9.57µm
_01848_,9.57µm
_01858_,9.57µm
_01922_,9.57µm
_01936_,9.57µm
_01953_,9.57µm
_01961_,9.57µm
_02043_,9.57µm
_02077_,9.57µm
_02121_,9.57µm
_02159_,9.57µm
_02206_,9.57µm
_02261_,9.57µm
_02298_,9.57µm
_02304_,9.57µm
_02372_,9.57µm
_02457_,9.57µm
_02635_,9.57µm
_02766_,9.57µm
_02856_,9.57µm
_02866_,9.57µm
_03118_,9.57µm
_03205_,9.57µm
_03212_,9.57µm
_03275_,9.57µm
_03351_,9.57µm
_03373_,9.57µm
_03401_,9.57µm
_03403_,9.57µm
_03448_,9.57µm
_03527_,9.57µm
_03596_,9.57µm
_03799_,9.57µm
_03831_,9.57µm
_03976_,9.57µm
_03985_,9.57µm
_03994_,9.57µm
_04051_,9.57µm
_04203_,9.57µm
_04284_,9.57µm
_04440_,9.57µm
_04539_,9.57µm
_05444_,9.57µm
_05523_,9.57µm
_05528_,9.57µm
_05532_,9.57µm
_05555_,9.57µm
_05629_,9.57µm
_05630_,9.57µm
_05635_,9.57µm
_05851_,9.57µm
_05901_,9.57µm
_06001_,9.57µm
_06291_,9.57µm
_06474_,9.57µm
_06708_,9.57µm
_06729_,9.57µm
_06770_,9.57µm
_06849_,9.57µm
_06893_,9.57µm
_07037_,9.57µm
_07049_,9.57µm
_07337_,9.57µm
_07490_,9.57µm
_07563_,9.57µm
_07577_,9.57µm
_07627_,9.57µm
_07806_,9.57µm
_07842_,9.57µm
_07891_,9.57µm
_07920_,9.57µm
_08129_,9.57µm
_08227_,9.57µm
_08274_,9.57µm
_08277_,9.57µm
_08292_,9.57µm
_08317_,9.57µm
_08544_,9.57µm
_08599_,9.57µm
_08641_,9.57µm
_08719_,9.57µm
_08884_,9.57µm
_08929_,9.57µm
_08983_,9.57µm
_09175_,9.57µm
_09259_,9.57µm
_09287_,9.57µm
_09316_,9.57µm
_09350_,9.57µm
_09366_,9.57µm
_09446_,9.57µm
_09693_,9.57µm
_09745_,9.57µm
_09780_,9.57µm
_09832_,9.57µm
_09957_,9.57µm
u_transform_scheduler_core.fifo_x2_q\[0\]\[3\],9.57µm
u_transform_scheduler_core.mod_x0_i\[13\],9.57µm
u_transform_scheduler_core.tx_dft12_hold_q\[1\]\[15\],9.57µm
u_transform_scheduler_core.u_mixed_radix_butterfly.high_rq_reg\[9\],9.57µm
u_transform_scheduler_core.u_mixed_radix_butterfly.premultiply_input_i_reg\[6\],9.57µm
u_transform_scheduler_core.u_mixed_radix_butterfly.product_rr_reg\[2\],9.57µm
u_transform_scheduler_core.u_tdiq_input_cp_remove.input_sample_index\[0\],9.57µm
_00034_,9.52µm
_00289_,9.52µm
_00384_,9.52µm
_00559_,9.52µm
_00579_,9.52µm
_00709_,9.52µm
_00783_,9.52µm
_00796_,9.52µm
_00854_,9.52µm
_00880_,9.52µm
_01058_,9.52µm
_01092_,9.52µm
_01203_,9.52µm
_01481_,9.52µm
_01596_,9.52µm
_01655_,9.52µm
_01681_,9.52µm
_01688_,9.52µm
_01726_,9.52µm
_01805_,9.52µm
_01825_,9.52µm
_01847_,9.52µm
_01876_,9.52µm
_01939_,9.52µm
_02095_,9.52µm
_02100_,9.52µm
_02305_,9.52µm
_02343_,9.52µm
_02350_,9.52µm
_02365_,9.52µm
_02429_,9.52µm
_02442_,9.52µm
_02506_,9.52µm
_02826_,9.52µm
_02945_,9.52µm
_03215_,9.52µm
_03311_,9.52µm
_03368_,9.52µm
_03385_,9.52µm
_03433_,9.52µm
_03501_,9.52µm
_03561_,9.52µm
_03643_,9.52µm
_03744_,9.52µm
_03935_,9.52µm
_03951_,9.52µm
_04021_,9.52µm
_04098_,9.52µm
_04134_,9.52µm
_04231_,9.52µm
_04250_,9.52µm
_04258_,9.52µm
_04298_,9.52µm
_04326_,9.52µm
_04471_,9.52µm
_04483_,9.52µm
_04641_,9.52µm
_05379_,9.52µm
_05383_,9.52µm
_05401_,9.52µm
_05439_,9.52µm
_05574_,9.52µm
_06029_,9.52µm
_06079_,9.52µm
_06245_,9.52µm
_06266_,9.52µm
_06724_,9.52µm
_06934_,9.52µm
_07015_,9.52µm
_07072_,9.52µm
_07086_,9.52µm
_07290_,9.52µm
_07797_,9.52µm
_07865_,9.52µm
_07913_,9.52µm
_07950_,9.52µm
_07960_,9.52µm
_08004_,9.52µm
_08066_,9.52µm
_08192_,9.52µm
_08228_,9.52µm
_08316_,9.52µm
_08462_,9.52µm
_08533_,9.52µm
_08631_,9.52µm
_08668_,9.52µm
_08694_,9.52µm
_08699_,9.52µm
_08903_,9.52µm
_08953_,9.52µm
_08985_,9.52µm
_08996_,9.52µm
_09051_,9.52µm
_09062_,9.52µm
_09188_,9.52µm
_09288_,9.52µm
_09302_,9.52µm
_09354_,9.52µm
_09683_,9.52µm
_09867_,9.52µm
u_transform_scheduler_core.tx_dft12_hold_i\[0\]\[5\],9.52µm
u_transform_scheduler_core.tx_dft12_hold_i\[1\]\[10\],9.52µm
u_transform_scheduler_core.u_tdiq_output_cp_insert.responses_left\[7\],9.52µm
_05069_,9.24µm
_09630_,9.16µm
_09763_,9.16µm
_02066_,9.11µm
_02373_,9.11µm
_04755_,9.11µm
_04867_,9.11µm
_04887_,9.11µm
_04992_,9.11µm
_08881_,9.11µm
_09013_,9.11µm
_09550_,9.11µm
_09613_,9.11µm
_09833_,9.11µm
u_transform_scheduler_core.rx_fft128_index\[5\],9.11µm
_00019_,9.06µm
_00087_,9.06µm
_01212_,9.06µm
_01282_,9.06µm
_02948_,9.06µm
_02958_,9.06µm
_02988_,9.06µm
_03175_,9.06µm
_04099_,9.06µm
_05074_,9.06µm
_05792_,9.06µm
_05938_,9.06µm
_06789_,9.06µm
_06890_,9.06µm
_08088_,9.06µm
_08108_,9.06µm
_08464_,9.06µm
_09014_,9.06µm
_09427_,9.06µm
_09597_,9.06µm
_09622_,9.06µm
_09680_,9.06µm
_09716_,9.06µm
_09830_,9.06µm
_09858_,9.06µm
u_transform_scheduler_core.rx_state\[12\],9.06µm
u_transform_scheduler_core.tx_dft12_hold_q\[0\]\[12\],9.06µm
u_transform_scheduler_core.u_mixed_radix_butterfly.combine_half_sum_i_reg\[3\],9.06µm
_00023_,9.01µm
_00176_,9.01µm
_00234_,9.01µm
_00250_,9.01µm
_00336_,9.01µm
_00375_,9.01µm
_00397_,9.01µm
_00404_,9.01µm
_00411_,9.01µm
_00453_,9.01µm
_00544_,9.01µm
_00638_,9.01µm
_00668_,9.01µm
_00676_,9.01µm
_00711_,9.01µm
_00826_,9.01µm
_00838_,9.01µm
_00848_,9.01µm
_00916_,9.01µm
_00949_,9.01µm
_01004_,9.01µm
_01070_,9.01µm
_01113_,9.01µm
_01233_,9.01µm
_01281_,9.01µm
_01290_,9.01µm
_01322_,9.01µm
_01385_,9.01µm
_01419_,9.01µm
_01500_,9.01µm
_01602_,9.01µm
_01733_,9.01µm
_01762_,9.01µm
_01777_,9.01µm
_01829_,9.01µm
_01857_,9.01µm
_01990_,9.01µm
_02105_,9.01µm
_02149_,9.01µm
_02240_,9.01µm
_02505_,9.01µm
_02548_,9.01µm
_02556_,9.01µm
_02581_,9.01µm
_02626_,9.01µm
_02644_,9.01µm
_02727_,9.01µm
_02842_,9.01µm
_03000_,9.01µm
_03336_,9.01µm
_03343_,9.01µm
_03434_,9.01µm
_03446_,9.01µm
_03595_,9.01µm
_03862_,9.01µm
_03973_,9.01µm
_04093_,9.01µm
_04110_,9.01µm
_04121_,9.01µm
_04228_,9.01µm
_04355_,9.01µm
_04356_,9.01µm
_04482_,9.01µm
_04574_,9.01µm
_04646_,9.01µm
_04672_,9.01µm
_04882_,9.01µm
_04979_,9.01µm
_05095_,9.01µm
_05405_,9.01µm
_05659_,9.01µm
_05710_,9.01µm
_06366_,9.01µm
_06486_,9.01µm
_06491_,9.01µm
_06615_,9.01µm
_06706_,9.01µm
_06722_,9.01µm
_06736_,9.01µm
_06793_,9.01µm
_06840_,9.01µm
_06970_,9.01µm
_07028_,9.01µm
_07039_,9.01µm
_07149_,9.01µm
_07164_,9.01µm
_07170_,9.01µm
_07182_,9.01µm
_07441_,9.01µm
_07519_,9.01µm
_07524_,9.01µm
_07535_,9.01µm
_07725_,9.01µm
_07737_,9.01µm
_07825_,9.01µm
_07867_,9.01µm
_07886_,9.01µm
_07921_,9.01µm
_08034_,9.01µm
_08111_,9.01µm
_08116_,9.01µm
_08289_,9.01µm
_08440_,9.01µm
_08806_,9.01µm
_08831_,9.01µm
_09435_,9.01µm
_09585_,9.01µm
_09675_,9.01µm
_09736_,9.01µm
_09821_,9.01µm
_09925_,9.01µm
_09974_,9.01µm
u_transform_scheduler_core.u_fft_scratch_sram.i_half\[10\],9.01µm
u_transform_scheduler_core.u_mixed_radix_butterfly.combine_half_sum_q_reg\[14\],9.01µm
u_transform_scheduler_core.u_tdiq_input_cp_remove.held_i\[4\],9.01µm
_00141_,8.96µm
_00172_,8.96µm
_00173_,8.96µm
_00245_,8.96µm
_00288_,8.96µm
_00295_,8.96µm
_00476_,8.96µm
_00538_,8.96µm
_00670_,8.96µm
_00759_,8.96µm
_00811_,8.96µm
_01009_,8.96µm
_01066_,8.96µm
_01101_,8.96µm
_01418_,8.96µm
_01420_,8.96µm
_01422_,8.96µm
_01513_,8.96µm
_01609_,8.96µm
_01721_,8.96µm
_01880_,8.96µm
_02004_,8.96µm
_02021_,8.96µm
_02055_,8.96µm
_02250_,8.96µm
_02421_,8.96µm
_02491_,8.96µm
_02513_,8.96µm
_02683_,8.96µm
_02788_,8.96µm
_02873_,8.96µm
_02915_,8.96µm
_03253_,8.96µm
_03332_,8.96µm
_03338_,8.96µm
_03339_,8.96µm
_03467_,8.96µm
_03539_,8.96µm
_03599_,8.96µm
_03749_,8.96µm
_03931_,8.96µm
_03966_,8.96µm
_04018_,8.96µm
_04100_,8.96µm
_04144_,8.96µm
_04293_,8.96µm
_04308_,8.96µm
_04338_,8.96µm
_04347_,8.96µm
_04359_,8.96µm
_04488_,8.96µm
_04677_,8.96µm
_04918_,8.96µm
_05045_,8.96µm
_05058_,8.96µm
_05307_,8.96µm
_05697_,8.96µm
_06017_,8.96µm
_06179_,8.96µm
_06229_,8.96µm
_06252_,8.96µm
_06286_,8.96µm
_06295_,8.96µm
_06411_,8.96µm
_06460_,8.96µm
_06469_,8.96µm
_06518_,8.96µm
_06725_,8.96µm
_06803_,8.96µm
_06861_,8.96µm
_06948_,8.96µm
_07050_,8.96µm
_07065_,8.96µm
_07242_,8.96µm
_07444_,8.96µm
_07488_,8.96µm
_07489_,8.96µm
_07540_,8.96µm
_07713_,8.96µm
_07756_,8.96µm
_07860_,8.96µm
_07936_,8.96µm
_07949_,8.96µm
_08003_,8.96µm
_08130_,8.96µm
_08179_,8.96µm
_08518_,8.96µm
_08537_,8.96µm
_08595_,8.96µm
_08677_,8.96µm
_08869_,8.96µm
_08931_,8.96µm
_08992_,8.96µm
_09044_,8.96µm
_09143_,8.96µm
_09253_,8.96µm
_09270_,8.96µm
_09424_,8.96µm
_09454_,8.96µm
_09499_,8.96µm
_09592_,8.96µm
_09601_,8.96µm
_09633_,8.96µm
_09725_,8.96µm
_09749_,8.96µm
_10023_,8.96µm
u_transform_scheduler_core.rx_fft128_i\[3\],8.96µm
u_transform_scheduler_core.tx_dft12_hold_i\[1\]\[11\],8.96µm
u_transform_scheduler_core.u_fft_scratch_sram.i_half\[7\],8.96µm
dout[5],8.9µm
_04506_,8.68µm
rst_n,8.66µm
_01521_,8.55µm
_02510_,8.55µm
_03628_,8.55µm
_03912_,8.55µm
_04239_,8.55µm
_08938_,8.55µm
_09004_,8.55µm
u_transform_scheduler_core.tx_dft12_hold_q\[2\]\[12\],8.55µm
_02050_,8.5µm
_02450_,8.5µm
_02608_,8.5µm
_02610_,8.5µm
_02835_,8.5µm
_02937_,8.5µm
_03518_,8.5µm
_03684_,8.5µm
_04342_,8.5µm
_04668_,8.5µm
_04715_,8.5µm
_05131_,8.5µm
_05551_,8.5µm
_06761_,8.5µm
_06895_,8.5µm
_07110_,8.5µm
_07185_,8.5µm
_07251_,8.5µm
_07525_,8.5µm
_07645_,8.5µm
_07689_,8.5µm
_07808_,8.5µm
_08453_,8.5µm
_08457_,8.5µm
_08910_,8.5µm
_09093_,8.5µm
_09334_,8.5µm
_09371_,8.5µm
_09491_,8.5µm
u_transform_scheduler_core.dft12_ram_i\[9\]\[11\],8.5µm
u_transform_scheduler_core.tx_dft12_hold_q\[0\]\[15\],8.5µm
_00028_,8.45µm
_00108_,8.45µm
_00145_,8.45µm
_00377_,8.45µm
_00402_,8.45µm
_00420_,8.45µm
_00467_,8.45µm
_00511_,8.45µm
_00541_,8.45µm
_00558_,8.45µm
_00642_,8.45µm
_00663_,8.45µm
_00700_,8.45µm
_00723_,8.45µm
_00871_,8.45µm
_00937_,8.45µm
_00944_,8.45µm
_01000_,8.45µm
_01045_,8.45µm
_01102_,8.45µm
_01103_,8.45µm
_01244_,8.45µm
_01272_,8.45µm
_01331_,8.45µm
_01391_,8.45µm
_01496_,8.45µm
_01577_,8.45µm
_01599_,8.45µm
_01648_,8.45µm
_01680_,8.45µm
_01694_,8.45µm
_01965_,8.45µm
_01994_,8.45µm
_02151_,8.45µm
_02265_,8.45µm
_02374_,8.45µm
_02530_,8.45µm
_02574_,8.45µm
_02756_,8.45µm
_02947_,8.45µm
_02956_,8.45µm
_02997_,8.45µm
_03014_,8.45µm
_03030_,8.45µm
_03054_,8.45µm
_03094_,8.45µm
_03154_,8.45µm
_03243_,8.45µm
_03342_,8.45µm
_03397_,8.45µm
_03404_,8.45µm
_03507_,8.45µm
_03528_,8.45µm
_03542_,8.45µm
_03696_,8.45µm
_03768_,8.45µm
_03840_,8.45µm
_03887_,8.45µm
_03942_,8.45µm
_04126_,8.45µm
_04139_,8.45µm
_04165_,8.45µm
_04322_,8.45µm
_04598_,8.45µm
_04630_,8.45µm
_05217_,8.45µm
_05436_,8.45µm
_05562_,8.45µm
_05567_,8.45µm
_05840_,8.45µm
_06035_,8.45µm
_06174_,8.45µm
_06181_,8.45µm
_06186_,8.45µm
_06262_,8.45µm
_06287_,8.45µm
_06301_,8.45µm
_06369_,8.45µm
_06502_,8.45µm
_06627_,8.45µm
_06676_,8.45µm
_06768_,8.45µm
_06938_,8.45µm
_06952_,8.45µm
_06985_,8.45µm
_07060_,8.45µm
_07191_,8.45µm
_07203_,8.45µm
_07278_,8.45µm
_07501_,8.45µm
_07606_,8.45µm
_07775_,8.45µm
_07834_,8.45µm
_08035_,8.45µm
_08122_,8.45µm
_08126_,8.45µm
_08153_,8.45µm
_08203_,8.45µm
_08220_,8.45µm
_08248_,8.45µm
_08251_,8.45µm
_08327_,8.45µm
_08456_,8.45µm
_08579_,8.45µm
_08609_,8.45µm
_08684_,8.45µm
_08723_,8.45µm
_08730_,8.45µm
_08803_,8.45µm
_09063_,8.45µm
_09072_,8.45µm
_09119_,8.45µm
_09241_,8.45µm
_09242_,8.45µm
_09244_,8.45µm
_09360_,8.45µm
_09392_,8.45µm
_09486_,8.45µm
_09644_,8.45µm
_09817_,8.45µm
_09827_,8.45µm
_09847_,8.45µm
_10028_,8.45µm
u_transform_scheduler_core.tx_dft12_hold_q\[0\]\[5\],8.45µm
u_transform_scheduler_core.tx_dft12_hold_q\[1\]\[4\],8.45µm
u_transform_scheduler_core.tx_mapper_source_addr\[3\],8.45µm
u_transform_scheduler_core.u_mixed_radix_butterfly.premultiply_input_i_reg\[7\],8.45µm
_00089_,8.4µm
_00193_,8.4µm
_00259_,8.4µm
_00335_,8.4µm
_00445_,8.4µm
_00468_,8.4µm
_00505_,8.4µm
_00571_,8.4µm
_00605_,8.4µm
_00614_,8.4µm
_00615_,8.4µm
_00637_,8.4µm
_00645_,8.4µm
_00683_,8.4µm
_00691_,8.4µm
_00692_,8.4µm
_00715_,8.4µm
_00737_,8.4µm
_00755_,8.4µm
_00816_,8.4µm
_00832_,8.4µm
_00918_,8.4µm
_00980_,8.4µm
_00992_,8.4µm
_01023_,8.4µm
_01047_,8.4µm
_01107_,8.4µm
_01122_,8.4µm
_01202_,8.4µm
_01243_,8.4µm
_01261_,8.4µm
_01289_,8.4µm
_01346_,8.4µm
_01363_,8.4µm
_01428_,8.4µm
_01472_,8.4µm
_01619_,8.4µm
_01738_,8.4µm
_01744_,8.4µm
_01764_,8.4µm
_01821_,8.4µm
_01969_,8.4µm
_02172_,8.4µm
_02187_,8.4µm
_02269_,8.4µm
_02417_,8.4µm
_02433_,8.4µm
_02449_,8.4µm
_02485_,8.4µm
_02617_,8.4µm
_02621_,8.4µm
_02742_,8.4µm
_02876_,8.4µm
_02898_,8.4µm
_02904_,8.4µm
_02955_,8.4µm
_03002_,8.4µm
_03086_,8.4µm
_03091_,8.4µm
_03108_,8.4µm
_03119_,8.4µm
_03121_,8.4µm
_03296_,8.4µm
_03354_,8.4µm
_03426_,8.4µm
_03451_,8.4µm
_03477_,8.4µm
_03533_,8.4µm
_03623_,8.4µm
_03654_,8.4µm
_03719_,8.4µm
_03726_,8.4µm
_03767_,8.4µm
_03827_,8.4µm
_03834_,8.4µm
_03928_,8.4µm
_03930_,8.4µm
_03999_,8.4µm
_04009_,8.4µm
_04011_,8.4µm
_04129_,8.4µm
_04164_,8.4µm
_04205_,8.4µm
_04220_,8.4µm
_04222_,8.4µm
_04327_,8.4µm
_04371_,8.4µm
_04372_,8.4µm
_04416_,8.4µm
_04432_,8.4µm
_04454_,8.4µm
_04485_,8.4µm
_04502_,8.4µm
_04544_,8.4µm
_04580_,8.4µm
_04619_,8.4µm
_04638_,8.4µm
_04685_,8.4µm
_04986_,8.4µm
_05087_,8.4µm
_05304_,8.4µm
_05540_,8.4µm
_05696_,8.4µm
_05819_,8.4µm
_05895_,8.4µm
_05962_,8.4µm
_06013_,8.4µm
_06141_,8.4µm
_06573_,8.4µm
_06588_,8.4µm
_06618_,8.4µm
_06661_,8.4µm
_06775_,8.4µm
_06794_,8.4µm
_06992_,8.4µm
_07135_,8.4µm
_07171_,8.4µm
_07181_,8.4µm
_07187_,8.4µm
_07243_,8.4µm
_07286_,8.4µm
_07499_,8.4µm
_07590_,8.4µm
_07641_,8.4µm
_07670_,8.4µm
_07714_,8.4µm
_07765_,8.4µm
_07824_,8.4µm
_07843_,8.4µm
_07910_,8.4µm
_07965_,8.4µm
_07987_,8.4µm
_08042_,8.4µm
_08047_,8.4µm
_08055_,8.4µm
_08110_,8.4µm
_08202_,8.4µm
_08230_,8.4µm
_08282_,8.4µm
_08346_,8.4µm
_08367_,8.4µm
_08384_,8.4µm
_08406_,8.4µm
_08514_,8.4µm
_08547_,8.4µm
_08756_,8.4µm
_08870_,8.4µm
_08976_,8.4µm
_09035_,8.4µm
_09076_,8.4µm
_09098_,8.4µm
_09123_,8.4µm
_09339_,8.4µm
_09383_,8.4µm
_09411_,8.4µm
_09515_,8.4µm
_09606_,8.4µm
_09741_,8.4µm
_09877_,8.4µm
_09878_,8.4µm
_09927_,8.4µm
u_transform_scheduler_core.fifo_x0_q\[0\]\[3\],8.4µm
u_transform_scheduler_core.rx_state\[10\],8.4µm
u_transform_scheduler_core.tx_dft12_hold_q\[0\]\[9\],8.4µm
u_transform_scheduler_core.tx_dft12_hold_q\[1\]\[9\],8.4µm
net1638,8.4µm
_05015_,7.99µm
_07508_,7.99µm
_09158_,7.99µm
u_transform_scheduler_core.u_mixed_radix_butterfly.product_rr_reg\[6\],7.99µm
_02158_,7.94µm
_02164_,7.94µm
_02357_,7.94µm
_02370_,7.94µm
_02910_,7.94µm
_02939_,7.94µm
_03671_,7.94µm
_03715_,7.94µm
_03850_,7.94µm
_03958_,7.94µm
_04057_,7.94µm
_04120_,7.94µm
_04383_,7.94µm
_04399_,7.94µm
_04586_,7.94µm
_04653_,7.94µm
_04659_,7.94µm
_05149_,7.94µm
_05427_,7.94µm
_05529_,7.94µm
_06133_,7.94µm
_06354_,7.94µm
_07048_,7.94µm
_07212_,7.94µm
_07853_,7.94µm
_08188_,7.94µm
_09023_,7.94µm
_09082_,7.94µm
_09502_,7.94µm
_09628_,7.94µm
_09654_,7.94µm
_09751_,7.94µm
_10027_,7.94µm
u_transform_scheduler_core.tx_dft12_hold_i\[2\]\[6\],7.94µm
_00016_,7.89µm
_00021_,7.89µm
_00077_,7.89µm
_00208_,7.89µm
_00246_,7.89µm
_00302_,7.89µm
_00305_,7.89µm
_00310_,7.89µm
_00340_,7.89µm
_00370_,7.89µm
_00372_,7.89µm
_00454_,7.89µm
_00464_,7.89µm
_00522_,7.89µm
_00545_,7.89µm
_00623_,7.89µm
_00626_,7.89µm
_00690_,7.89µm
_00720_,7.89µm
_00740_,7.89µm
_00896_,7.89µm
_00940_,7.89µm
_00941_,7.89µm
_00960_,7.89µm
_00962_,7.89µm
_01040_,7.89µm
_01100_,7.89µm
_01220_,7.89µm
_01234_,7.89µm
_01286_,7.89µm
_01319_,7.89µm
_01365_,7.89µm
_01606_,7.89µm
_01618_,7.89µm
_01633_,7.89µm
_01706_,7.89µm
_01720_,7.89µm
_01795_,7.89µm
_01814_,7.89µm
_01819_,7.89µm
_01923_,7.89µm
_01981_,7.89µm
_01984_,7.89µm
_02082_,7.89µm
_02118_,7.89µm
_02216_,7.89µm
_02313_,7.89µm
_02545_,7.89µm
_02557_,7.89µm
_02629_,7.89µm
_02787_,7.89µm
_02870_,7.89µm
_03276_,7.89µm
_03309_,7.89µm
_03454_,7.89µm
_03456_,7.89µm
_03687_,7.89µm
_03724_,7.89µm
_03773_,7.89µm
_03793_,7.89µm
_03813_,7.89µm
_03857_,7.89µm
_03909_,7.89µm
_03954_,7.89µm
_04003_,7.89µm
_04101_,7.89µm
_04153_,7.89µm
_04278_,7.89µm
_04315_,7.89µm
_04532_,7.89µm
_04639_,7.89µm
_04689_,7.89µm
_04745_,7.89µm
_05337_,7.89µm
_05371_,7.89µm
_05530_,7.89µm
_05546_,7.89µm
_05692_,7.89µm
_05829_,7.89µm
_06206_,7.89µm
_06212_,7.89µm
_06272_,7.89µm
_06290_,7.89µm
_06470_,7.89µm
_06595_,7.89µm
_06785_,7.89µm
_07078_,7.89µm
_07114_,7.89µm
_07202_,7.89µm
_07478_,7.89µm
_07486_,7.89µm
_07559_,7.89µm
_07565_,7.89µm
_07634_,7.89µm
_07781_,7.89µm
_08052_,7.89µm
_08062_,7.89µm
_08101_,7.89µm
_08168_,7.89µm
_08244_,7.89µm
_08310_,7.89µm
_08773_,7.89µm
_08844_,7.89µm
_09066_,7.89µm
_09122_,7.89µm
_09312_,7.89µm
_09610_,7.89µm
_09636_,7.89µm
_09652_,7.89µm
_09786_,7.89µm
_09792_,7.89µm
_09813_,7.89µm
_09933_,7.89µm
_09948_,7.89µm
_09955_,7.89µm
_10026_,7.89µm
u_transform_scheduler_core.ofdm_sample_index\[4\],7.89µm
u_transform_scheduler_core.rx_small_x1_q\[2\],7.89µm
u_transform_scheduler_core.u_fft128_modulo_controller.fetch_x1_i\[12\],7.89µm
u_transform_scheduler_core.u_mixed_radix_butterfly.combine_uop_reg\[1\],7.89µm
u_transform_scheduler_core.u_mixed_radix_butterfly.product_iq_reg\[12\],7.89µm
_00088_,7.84µm
_00094_,7.84µm
_00133_,7.84µm
_00148_,7.84µm
_00180_,7.84µm
_00182_,7.84µm
_00241_,7.84µm
_00270_,7.84µm
_00277_,7.84µm
_00282_,7.84µm
_00292_,7.84µm
_00298_,7.84µm
_00334_,7.84µm
_00337_,7.84µm
_00346_,7.84µm
_00362_,7.84µm
_00365_,7.84µm
_00387_,7.84µm
_00391_,7.84µm
_00408_,7.84µm
_00423_,7.84µm
_00469_,7.84µm
_00557_,7.84µm
_00565_,7.84µm
_00567_,7.84µm
_00594_,7.84µm
_00602_,7.84µm
_00606_,7.84µm
_00622_,7.84µm
_00633_,7.84µm
_00651_,7.84µm
_00667_,7.84µm
_00780_,7.84µm
_00822_,7.84µm
_00835_,7.84µm
_00865_,7.84µm
_00873_,7.84µm
_00882_,7.84µm
_00905_,7.84µm
_00975_,7.84µm
_00990_,7.84µm
_00993_,7.84µm
_01035_,7.84µm
_01037_,7.84µm
_01059_,7.84µm
_01061_,7.84µm
_01121_,7.84µm
_01187_,7.84µm
_01241_,7.84µm
_01339_,7.84µm
_01352_,7.84µm
_01386_,7.84µm
_01394_,7.84µm
_01543_,7.84µm
_01668_,7.84µm
_01674_,7.84µm
_01705_,7.84µm
_01732_,7.84µm
_01790_,7.84µm
_01958_,7.84µm
_02064_,7.84µm
_02284_,7.84µm
_02377_,7.84µm
_02404_,7.84µm
_02438_,7.84µm
_02453_,7.84µm
_02478_,7.84µm
_02499_,7.84µm
_02524_,7.84µm
_02658_,7.84µm
_02693_,7.84µm
_02762_,7.84µm
_02769_,7.84µm
_02810_,7.84µm
_02884_,7.84µm
_02925_,7.84µm
_02936_,7.84µm
_02992_,7.84µm
_03009_,7.84µm
_03082_,7.84µm
_03101_,7.84µm
_03114_,7.84µm
_03127_,7.84µm
_03129_,7.84µm
_03263_,7.84µm
_03330_,7.84µm
_03348_,7.84µm
_03366_,7.84µm
_03392_,7.84µm
_03407_,7.84µm
_03486_,7.84µm
_03488_,7.84µm
_03519_,7.84µm
_03520_,7.84µm
_03563_,7.84µm
_03567_,7.84µm
_03620_,7.84µm
_03634_,7.84µm
_03668_,7.84µm
_03688_,7.84µm
_03720_,7.84µm
_03753_,7.84µm
_03803_,7.84µm
_03832_,7.84µm
_03844_,7.84µm
_03952_,7.84µm
_03967_,7.84µm
_04088_,7.84µm
_04186_,7.84µm
_04344_,7.84µm
_04346_,7.84µm
_04364_,7.84µm
_04373_,7.84µm
_04379_,7.84µm
_04388_,7.84µm
_04447_,7.84µm
_04493_,7.84µm
_04495_,7.84µm
_04696_,7.84µm
_04743_,7.84µm
_04972_,7.84µm
_05227_,7.84µm
_05552_,7.84µm
_05746_,7.84µm
_05844_,7.84µm
_05955_,7.84µm
_05967_,7.84µm
_06053_,7.84µm
_06216_,7.84µm
_06232_,7.84µm
_06276_,7.84µm
_06326_,7.84µm
_06339_,7.84µm
_06375_,7.84µm
_06402_,7.84µm
_06537_,7.84µm
_06584_,7.84µm
_06747_,7.84µm
_06765_,7.84µm
_06844_,7.84µm
_06856_,7.84µm
_06866_,7.84µm
_06993_,7.84µm
_07010_,7.84µm
_07210_,7.84µm
_07217_,7.84µm
_07323_,7.84µm
_07375_,7.84µm
_07567_,7.84µm
_07571_,7.84µm
_07691_,7.84µm
_07731_,7.84µm
_07803_,7.84µm
_07837_,7.84µm
_07881_,7.84µm
_07914_,7.84µm
_08011_,7.84µm
_08086_,7.84µm
_08119_,7.84µm
_08150_,7.84µm
_08214_,7.84µm
_08267_,7.84µm
_08321_,7.84µm
_08328_,7.84µm
_08484_,7.84µm
_08662_,7.84µm
_08678_,7.84µm
_08683_,7.84µm
_08740_,7.84µm
_08946_,7.84µm
_09105_,7.84µm
_09166_,7.84µm
_09305_,7.84µm
_09333_,7.84µm
_09542_,7.84µm
_09557_,7.84µm
_09586_,7.84µm
_09649_,7.84µm
_09875_,7.84µm
_09949_,7.84µm
_09966_,7.84µm
echo_data\[3\],7.84µm
u_transform_scheduler_core.rx_small_radix3,7.84µm
u_transform_scheduler_core.u_mixed_radix_butterfly.product_rr_reg\[0\],7.84µm
din[6],7.54µm
_02322_,7.43µm
_03304_,7.43µm
_05062_,7.43µm
_05476_,7.43µm
_08452_,7.43µm
din[7],7.43µm
_02256_,7.38µm
_02360_,7.38µm
_02396_,7.38µm
_02836_,7.38µm
_03854_,7.38µm
_04065_,7.38µm
_04261_,7.38µm
_04444_,7.38µm
_04475_,7.38µm
_04980_,7.38µm
_05091_,7.38µm
_05133_,7.38µm
_05194_,7.38µm
_05345_,7.38µm
_05417_,7.38µm
_05883_,7.38µm
_06273_,7.38µm
_06278_,7.38µm
_06391_,7.38µm
_06495_,7.38µm
_06757_,7.38µm
_07093_,7.38µm
_07311_,7.38µm
_07730_,7.38µm
_08117_,7.38µm
_08236_,7.38µm
_08242_,7.38µm
_08349_,7.38µm
_08623_,7.38µm
_09003_,7.38µm
_09005_,7.38µm
_09228_,7.38µm
_09477_,7.38µm
_09712_,7.38µm
u_transform_scheduler_core.fifo_x2_q\[0\]\[2\],7.38µm
u_transform_scheduler_core.tx_dft12_hold_i\[2\]\[1\],7.38µm
u_transform_scheduler_core.u_fft_scratch_sram.saved_wdata\[30\],7.38µm
_00063_,7.33µm
_00079_,7.33µm
_00098_,7.33µm
_00101_,7.33µm
_00119_,7.33µm
_00262_,7.33µm
_00264_,7.33µm
_00311_,7.33µm
_00314_,7.33µm
_00358_,7.33µm
_00403_,7.33µm
_00447_,7.33µm
_00456_,7.33µm
_00524_,7.33µm
_00548_,7.33µm
_00574_,7.33µm
_00600_,7.33µm
_00608_,7.33µm
_00620_,7.33µm
_00763_,7.33µm
_00799_,7.33µm
_00823_,7.33µm
_00855_,7.33µm
_00868_,7.33µm
_00869_,7.33µm
_01018_,7.33µm
_01134_,7.33µm
_01151_,7.33µm
_01232_,7.33µm
_01296_,7.33µm
_01441_,7.33µm
_01444_,7.33µm
_01486_,7.33µm
_01497_,7.33µm
_01570_,7.33µm
_01701_,7.33µm
_01719_,7.33µm
_01813_,7.33µm
_01844_,7.33µm
_01908_,7.33µm
_01931_,7.33µm
_01956_,7.33µm
_01974_,7.33µm
_02209_,7.33µm
_02614_,7.33µm
_02631_,7.33µm
_02634_,7.33µm
_02673_,7.33µm
_02754_,7.33µm
_02812_,7.33µm
_02833_,7.33µm
_03324_,7.33µm
_03362_,7.33µm
_03428_,7.33µm
_03529_,7.33µm
_03598_,7.33µm
_03699_,7.33µm
_03816_,7.33µm
_03934_,7.33µm
_04079_,7.33µm
_04177_,7.33µm
_04275_,7.33µm
_04479_,7.33µm
_04550_,7.33µm
_04675_,7.33µm
_04710_,7.33µm
_04922_,7.33µm
_05083_,7.33µm
_05169_,7.33µm
_05311_,7.33µm
_05440_,7.33µm
_05519_,7.33µm
_05716_,7.33µm
_05773_,7.33µm
_05821_,7.33µm
_05892_,7.33µm
_06030_,7.33µm
_06071_,7.33µm
_06328_,7.33µm
_06341_,7.33µm
_06346_,7.33µm
_06371_,7.33µm
_06510_,7.33µm
_06604_,7.33µm
_06658_,7.33µm
_06758_,7.33µm
_06937_,7.33µm
_06968_,7.33µm
_07019_,7.33µm
_07033_,7.33µm
_07136_,7.33µm
_07174_,7.33µm
_07231_,7.33µm
_07318_,7.33µm
_07338_,7.33µm
_07426_,7.33µm
_07569_,7.33µm
_07727_,7.33µm
_07866_,7.33µm
_07926_,7.33µm
_08160_,7.33µm
_08306_,7.33µm
_08386_,7.33µm
_08415_,7.33µm
_08574_,7.33µm
_08718_,7.33µm
_08897_,7.33µm
_09074_,7.33µm
_09245_,7.33µm
_09250_,7.33µm
_09299_,7.33µm
_09313_,7.33µm
_09337_,7.33µm
_09673_,7.33µm
_09795_,7.33µm
_09863_,7.33µm
_09921_,7.33µm
serializer_job_done,7.33µm
u_transform_scheduler_core.tx_dft12_hold_i\[0\]\[4\],7.33µm
u_transform_scheduler_core.u_mixed_radix_butterfly.product_rr_reg\[8\],7.33µm
u_transform_scheduler_core.u_mixed_radix_butterfly.scalar_coefficient\[0\],7.33µm
_00024_,7.28µm
_00078_,7.28µm
_00131_,7.28µm
_00132_,7.28µm
_00174_,7.28µm
_00179_,7.28µm
_00186_,7.28µm
_00203_,7.28µm
_00204_,7.28µm
_00251_,7.28µm
_00268_,7.28µm
_00269_,7.28µm
_00275_,7.28µm
_00293_,7.28µm
_00294_,7.28µm
_00299_,7.28µm
_00307_,7.28µm
_00347_,7.28µm
_00349_,7.28µm
_00389_,7.28µm
_00394_,7.28µm
_00395_,7.28µm
_00426_,7.28µm
_00427_,7.28µm
_00431_,7.28µm
_00459_,7.28µm
_00495_,7.28µm
_00595_,7.28µm
_00752_,7.28µm
_00758_,7.28µm
_00777_,7.28µm
_00790_,7.28µm
_00802_,7.28µm
_00805_,7.28µm
_00809_,7.28µm
_00821_,7.28µm
_00877_,7.28µm
_00890_,7.28µm
_00899_,7.28µm
_00917_,7.28µm
_00935_,7.28µm
_01013_,7.28µm
_01055_,7.28µm
_01077_,7.28µm
_01111_,7.28µm
_01112_,7.28µm
_01172_,7.28µm
_01195_,7.28µm
_01214_,7.28µm
_01218_,7.28µm
_01235_,7.28µm
_01252_,7.28µm
_01267_,7.28µm
_01276_,7.28µm
_01284_,7.28µm
_01308_,7.28µm
_01359_,7.28µm
_01368_,7.28µm
_01438_,7.28µm
_01479_,7.28µm
_01560_,7.28µm
_01580_,7.28µm
_01601_,7.28µm
_01625_,7.28µm
_01640_,7.28µm
_01666_,7.28µm
_01682_,7.28µm
_01741_,7.28µm
_01761_,7.28µm
_01780_,7.28µm
_01837_,7.28µm
_01852_,7.28µm
_01874_,7.28µm
_01886_,7.28µm
_01899_,7.28µm
_01921_,7.28µm
_01929_,7.28µm
_01968_,7.28µm
_02057_,7.28µm
_02089_,7.28µm
_02157_,7.28µm
_02229_,7.28µm
_02482_,7.28µm
_02486_,7.28µm
_02573_,7.28µm
_02636_,7.28µm
_02639_,7.28µm
_02712_,7.28µm
_02821_,7.28µm
_02877_,7.28µm
_02975_,7.28µm
_02982_,7.28µm
_03006_,7.28µm
_03074_,7.28µm
_03093_,7.28µm
_03116_,7.28µm
_03286_,7.28µm
_03374_,7.28µm
_03396_,7.28µm
_03400_,7.28µm
_03417_,7.28µm
_03469_,7.28µm
_03490_,7.28µm
_03498_,7.28µm
_03516_,7.28µm
_03523_,7.28µm
_03534_,7.28µm
_03540_,7.28µm
_03580_,7.28µm
_03616_,7.28µm
_03677_,7.28µm
_03697_,7.28µm
_03733_,7.28µm
_03751_,7.28µm
_03758_,7.28µm
_03795_,7.28µm
_03811_,7.28µm
_03830_,7.28µm
_03889_,7.28µm
_03902_,7.28µm
_03918_,7.28µm
_03940_,7.28µm
_03978_,7.28µm
_04038_,7.28µm
_04045_,7.28µm
_04070_,7.28µm
_04119_,7.28µm
_04170_,7.28µm
_04187_,7.28µm
_04201_,7.28µm
_04263_,7.28µm
_04273_,7.28µm
_04287_,7.28µm
_04362_,7.28µm
_04378_,7.28µm
_04429_,7.28µm
_04510_,7.28µm
_04562_,7.28µm
_04591_,7.28µm
_04635_,7.28µm
_04699_,7.28µm
_04890_,7.28µm
_05007_,7.28µm
_05028_,7.28µm
_05072_,7.28µm
_05103_,7.28µm
_05108_,7.28µm
_05584_,7.28µm
_05738_,7.28µm
_05757_,7.28µm
_05796_,7.28µm
_05806_,7.28µm
_05863_,7.28µm
_05866_,7.28µm
_05873_,7.28µm
_05896_,7.28µm
_05903_,7.28µm
_05968_,7.28µm
_06043_,7.28µm
_06097_,7.28µm
_06175_,7.28µm
_06247_,7.28µm
_06351_,7.28µm
_06544_,7.28µm
_06564_,7.28µm
_06599_,7.28µm
_06637_,7.28µm
_06656_,7.28µm
_06731_,7.28µm
_06921_,7.28µm
_06930_,7.28µm
_06943_,7.28µm
_06949_,7.28µm
_06995_,7.28µm
_07026_,7.28µm
_07120_,7.28µm
_07139_,7.28µm
_07230_,7.28µm
_07257_,7.28µm
_07264_,7.28µm
_07545_,7.28µm
_07600_,7.28µm
_07642_,7.28µm
_07726_,7.28µm
_07809_,7.28µm
_07885_,7.28µm
_07943_,7.28µm
_08005_,7.28µm
_08139_,7.28µm
_08161_,7.28µm
_08323_,7.28µm
_08469_,7.28µm
_08540_,7.28µm
_08563_,7.28µm
_08597_,7.28µm
_08638_,7.28µm
_08744_,7.28µm
_08889_,7.28µm
_08891_,7.28µm
_08918_,7.28µm
_08957_,7.28µm
_08966_,7.28µm
_09002_,7.28µm
_09010_,7.28µm
_09238_,7.28µm
_09271_,7.28µm
_09331_,7.28µm
_09355_,7.28µm
_09419_,7.28µm
_09436_,7.28µm
_09455_,7.28µm
_09504_,7.28µm
_09532_,7.28µm
_09563_,7.28µm
_09589_,7.28µm
_09599_,7.28µm
_09600_,7.28µm
_09706_,7.28µm
_09718_,7.28µm
_09834_,7.28µm
_09860_,7.28µm
_09931_,7.28µm
_09943_,7.28µm
_10012_,7.28µm
u_transform_scheduler_core.tx_dft12_hold_i\[1\]\[14\],7.28µm
clk_regs,7.28µm
din[1],7.19µm
_07793_,7µm
_02029_,6.87µm
_04565_,6.87µm
_04985_,6.87µm
_06737_,6.87µm
_09489_,6.87µm
_00048_,6.82µm
_01361_,6.82µm
_01608_,6.82µm
_02166_,6.82µm
_02237_,6.82µm
_02326_,6.82µm
_02471_,6.82µm
_04299_,6.82µm
_04486_,6.82µm
_04530_,6.82µm
_04714_,6.82µm
_04726_,6.82µm
_04871_,6.82µm
_05076_,6.82µm
_05501_,6.82µm
_05616_,6.82µm
_05691_,6.82µm
_05783_,6.82µm
_06193_,6.82µm
_06434_,6.82µm
_06679_,6.82µm
_07000_,6.82µm
_07179_,6.82µm
_07428_,6.82µm
_07557_,6.82µm
_07562_,6.82µm
_07564_,6.82µm
_07672_,6.82µm
_07767_,6.82µm
_08036_,6.82µm
_08089_,6.82µm
_08174_,6.82µm
_08382_,6.82µm
_08391_,6.82µm
_09397_,6.82µm
_09484_,6.82µm
_09566_,6.82µm
_09824_,6.82µm
_09992_,6.82µm
u_transform_scheduler_core.rx_fft128_i\[1\],6.82µm
u_transform_scheduler_core.u_mixed_radix_butterfly.arithmetic_x0_i_reg\[3\],6.82µm
_00025_,6.77µm
_00125_,6.77µm
_00130_,6.77µm
_00281_,6.77µm
_00309_,6.77µm
_00321_,6.77µm
_00339_,6.77µm
_00379_,6.77µm
_00470_,6.77µm
_00479_,6.77µm
_00575_,6.77µm
_00601_,6.77µm
_00659_,6.77µm
_00706_,6.77µm
_00710_,6.77µm
_00721_,6.77µm
_00782_,6.77µm
_00797_,6.77µm
_00817_,6.77µm
_00859_,6.77µm
_00909_,6.77µm
_00964_,6.77µm
_01010_,6.77µm
_01145_,6.77µm
_01157_,6.77µm
_01179_,6.77µm
_01193_,6.77µm
_01210_,6.77µm
_01228_,6.77µm
_01236_,6.77µm
_01277_,6.77µm
_01304_,6.77µm
_01320_,6.77µm
_01374_,6.77µm
_01541_,6.77µm
_01586_,6.77µm
_01637_,6.77µm
_01644_,6.77µm
_01671_,6.77µm
_01743_,6.77µm
_01881_,6.77µm
_01967_,6.77µm
_01991_,6.77µm
_02235_,6.77µm
_02467_,6.77µm
_02652_,6.77µm
_02794_,6.77µm
_02815_,6.77µm
_03042_,6.77µm
_03110_,6.77µm
_03164_,6.77µm
_03268_,6.77µm
_03408_,6.77µm
_03515_,6.77µm
_03537_,6.77µm
_03579_,6.77µm
_03759_,6.77µm
_03781_,6.77µm
_03801_,6.77µm
_03807_,6.77µm
_03852_,6.77µm
_03883_,6.77µm
_03920_,6.77µm
_03929_,6.77µm
_03957_,6.77µm
_04019_,6.77µm
_04036_,6.77µm
_04066_,6.77µm
_04147_,6.77µm
_04277_,6.77µm
_04570_,6.77µm
_04664_,6.77µm
_05210_,6.77µm
_05378_,6.77µm
_05397_,6.77µm
_05498_,6.77µm
_05818_,6.77µm
_05926_,6.77µm
_05945_,6.77µm
_06137_,6.77µm
_06165_,6.77µm
_06173_,6.77µm
_06406_,6.77µm
_06440_,6.77µm
_06445_,6.77µm
_06539_,6.77µm
_06654_,6.77µm
_06710_,6.77µm
_06781_,6.77µm
_06799_,6.77µm
_06869_,6.77µm
_06990_,6.77µm
_07013_,6.77µm
_07059_,6.77µm
_07070_,6.77µm
_07073_,6.77µm
_07129_,6.77µm
_07133_,6.77µm
_07200_,6.77µm
_07494_,6.77µm
_07656_,6.77µm
_07755_,6.77µm
_07829_,6.77µm
_07971_,6.77µm
_08008_,6.77µm
_08077_,6.77µm
_08313_,6.77µm
_08445_,6.77µm
_08568_,6.77µm
_08613_,6.77µm
_08682_,6.77µm
_09090_,6.77µm
_09114_,6.77µm
_09138_,6.77µm
_09154_,6.77µm
_09174_,6.77µm
_09308_,6.77µm
_09511_,6.77µm
u_transform_scheduler_core.tx_dft12_hold_q\[0\]\[11\],6.77µm
_00124_,6.72µm
_00128_,6.72µm
_00164_,6.72µm
_00166_,6.72µm
_00214_,6.72µm
_00256_,6.72µm
_00263_,6.72µm
_00276_,6.72µm
_00331_,6.72µm
_00338_,6.72µm
_00353_,6.72µm
_00406_,6.72µm
_00439_,6.72µm
_00530_,6.72µm
_00539_,6.72µm
_00570_,6.72µm
_00581_,6.72µm
_00640_,6.72µm
_00698_,6.72µm
_00735_,6.72µm
_00757_,6.72µm
_00863_,6.72µm
_00885_,6.72µm
_00887_,6.72µm
_00908_,6.72µm
_00939_,6.72µm
_00977_,6.72µm
_00997_,6.72µm
_01022_,6.72µm
_01060_,6.72µm
_01211_,6.72µm
_01219_,6.72µm
_01292_,6.72µm
_01539_,6.72µm
_01555_,6.72µm
_01585_,6.72µm
_01605_,6.72µm
_01653_,6.72µm
_01659_,6.72µm
_01702_,6.72µm
_01704_,6.72µm
_01754_,6.72µm
_01767_,6.72µm
_01775_,6.72µm
_01798_,6.72µm
_01804_,6.72µm
_01902_,6.72µm
_01928_,6.72µm
_01955_,6.72µm
_01983_,6.72µm
_01996_,6.72µm
_02005_,6.72µm
_02081_,6.72µm
_02135_,6.72µm
_02160_,6.72µm
_02221_,6.72µm
_02277_,6.72µm
_02288_,6.72µm
_02299_,6.72µm
_02332_,6.72µm
_02345_,6.72µm
_02355_,6.72µm
_02367_,6.72µm
_02419_,6.72µm
_02488_,6.72µm
_02501_,6.72µm
_02539_,6.72µm
_02596_,6.72µm
_02615_,6.72µm
_02641_,6.72µm
_02687_,6.72µm
_02703_,6.72µm
_02721_,6.72µm
_02732_,6.72µm
_02747_,6.72µm
_02763_,6.72µm
_02775_,6.72µm
_02816_,6.72µm
_02908_,6.72µm
_02932_,6.72µm
_03017_,6.72µm
_03085_,6.72µm
_03182_,6.72µm
_03216_,6.72µm
_03221_,6.72µm
_03230_,6.72µm
_03245_,6.72µm
_03292_,6.72µm
_03335_,6.72µm
_03347_,6.72µm
_03378_,6.72µm
_03466_,6.72µm
_03568_,6.72µm
_03603_,6.72µm
_03618_,6.72µm
_03661_,6.72µm
_03700_,6.72µm
_03748_,6.72µm
_03766_,6.72µm
_03810_,6.72µm
_03838_,6.72µm
_03859_,6.72µm
_03905_,6.72µm
_03916_,6.72µm
_03953_,6.72µm
_03959_,6.72µm
_03980_,6.72µm
_04122_,6.72µm
_04168_,6.72µm
_04198_,6.72µm
_04209_,6.72µm
_04217_,6.72µm
_04268_,6.72µm
_04294_,6.72µm
_04316_,6.72µm
_04351_,6.72µm
_04634_,6.72µm
_04657_,6.72µm
_04667_,6.72µm
_04673_,6.72µm
_04916_,6.72µm
_04923_,6.72µm
_05104_,6.72µm
_05107_,6.72µm
_05330_,6.72µm
_05580_,6.72µm
_05648_,6.72µm
_05750_,6.72µm
_05751_,6.72µm
_05754_,6.72µm
_05767_,6.72µm
_05831_,6.72µm
_05842_,6.72µm
_05858_,6.72µm
_05999_,6.72µm
_06045_,6.72µm
_06127_,6.72µm
_06154_,6.72µm
_06170_,6.72µm
_06197_,6.72µm
_06343_,6.72µm
_06398_,6.72µm
_06492_,6.72µm
_06532_,6.72µm
_06632_,6.72µm
_06672_,6.72µm
_06675_,6.72µm
_06691_,6.72µm
_06707_,6.72µm
_06714_,6.72µm
_06741_,6.72µm
_06744_,6.72µm
_06782_,6.72µm
_06784_,6.72µm
_06910_,6.72µm
_07186_,6.72µm
_07254_,6.72µm
_07275_,6.72µm
_07291_,6.72µm
_07297_,6.72µm
_07299_,6.72µm
_07351_,6.72µm
_07449_,6.72µm
_07451_,6.72µm
_07566_,6.72µm
_07630_,6.72µm
_07708_,6.72µm
_07845_,6.72µm
_07925_,6.72µm
_07982_,6.72µm
_08054_,6.72µm
_08215_,6.72µm
_08252_,6.72µm
_08273_,6.72µm
_08433_,6.72µm
_08455_,6.72µm
_08470_,6.72µm
_08513_,6.72µm
_08523_,6.72µm
_08530_,6.72µm
_08531_,6.72µm
_08542_,6.72µm
_08570_,6.72µm
_08577_,6.72µm
_08590_,6.72µm
_08673_,6.72µm
_08731_,6.72µm
_08804_,6.72µm
_08883_,6.72µm
_08902_,6.72µm
_08943_,6.72µm
_09049_,6.72µm
_09155_,6.72µm
_09164_,6.72µm
_09197_,6.72µm
_09200_,6.72µm
_09208_,6.72µm
_09301_,6.72µm
_09447_,6.72µm
_09529_,6.72µm
_09556_,6.72µm
_09692_,6.72µm
_09710_,6.72µm
_09759_,6.72µm
_09852_,6.72µm
_09893_,6.72µm
_09987_,6.72µm
_10038_,6.72µm
u_transform_scheduler_core.ofdm_sample_index\[3\],6.72µm
u_transform_scheduler_core.tx_dout\[7\],6.72µm
_00061_,6.71µm
_01669_,6.66µm
_00546_,6.31µm
_01335_,6.31µm
_04906_,6.31µm
_05112_,6.31µm
_07975_,6.31µm
_09552_,6.31µm
_09687_,6.31µm
_00238_,6.26µm
_00247_,6.26µm
_00895_,6.26µm
_00897_,6.26µm
_00914_,6.26µm
_00958_,6.26µm
_01362_,6.26µm
_01736_,6.26µm
_01875_,6.26µm
_01890_,6.26µm
_01963_,6.26µm
_02152_,6.26µm
_02176_,6.26µm
_02214_,6.26µm
_02384_,6.26µm
_02552_,6.26µm
_02734_,6.26µm
_02811_,6.26µm
_02907_,6.26µm
_02946_,6.26µm
_03045_,6.26µm
_03743_,6.26µm
_03848_,6.26µm
_04014_,6.26µm
_04067_,6.26µm
_04214_,6.26µm
_04234_,6.26µm
_04521_,6.26µm
_04529_,6.26µm
_04546_,6.26µm
_04597_,6.26µm
_05064_,6.26µm
_05135_,6.26µm
_05174_,6.26µm
_06236_,6.26µm
_06678_,6.26µm
_06818_,6.26µm
_07036_,6.26µm
_07153_,6.26µm
_07507_,6.26µm
_07763_,6.26µm
_07798_,6.26µm
_08018_,6.26µm
_08068_,6.26µm
_08125_,6.26µm
_08182_,6.26µm
_08237_,6.26µm
_08887_,6.26µm
_09216_,6.26µm
_09382_,6.26µm
_09616_,6.26µm
_09695_,6.26µm
_09722_,6.26µm
_09898_,6.26µm
_09926_,6.26µm
_09953_,6.26µm
_00008_,6.21µm
_00020_,6.21µm
_00109_,6.21µm
_00113_,6.21µm
_00232_,6.21µm
_00322_,6.21µm
_00343_,6.21µm
_00419_,6.21µm
_00549_,6.21µm
_00612_,6.21µm
_00618_,6.21µm
_00630_,6.21µm
_00729_,6.21µm
_00857_,6.21µm
_00891_,6.21µm
_00911_,6.21µm
_00984_,6.21µm
_00985_,6.21µm
_01125_,6.21µm
_01138_,6.21µm
_01141_,6.21µm
_01168_,6.21µm
_01231_,6.21µm
_01278_,6.21µm
_01312_,6.21µm
_01377_,6.21µm
_01412_,6.21µm
_01421_,6.21µm
_01424_,6.21µm
_01425_,6.21µm
_01426_,6.21µm
_01487_,6.21µm
_01629_,6.21µm
_01631_,6.21µm
_01634_,6.21µm
_01647_,6.21µm
_01665_,6.21µm
_01731_,6.21µm
_01809_,6.21µm
_01834_,6.21µm
_01850_,6.21µm
_01869_,6.21µm
_01900_,6.21µm
_01906_,6.21µm
_01909_,6.21µm
_01942_,6.21µm
_01943_,6.21µm
_01962_,6.21µm
_02195_,6.21µm
_02497_,6.21µm
_02502_,6.21µm
_02519_,6.21µm
_02623_,6.21µm
_02759_,6.21µm
_03297_,6.21µm
_03395_,6.21µm
_03438_,6.21µm
_03552_,6.21µm
_03601_,6.21µm
_03611_,6.21µm
_03644_,6.21µm
_03789_,6.21µm
_03926_,6.21µm
_03932_,6.21µm
_03933_,6.21µm
_03955_,6.21µm
_04074_,6.21µm
_04091_,6.21µm
_04184_,6.21µm
_04208_,6.21µm
_04320_,6.21µm
_04367_,6.21µm
_04595_,6.21µm
_04602_,6.21µm
_04700_,6.21µm
_04847_,6.21µm
_05662_,6.21µm
_05711_,6.21µm
_05752_,6.21µm
_05867_,6.21µm
_06277_,6.21µm
_06279_,6.21µm
_06305_,6.21µm
_06313_,6.21µm
_06315_,6.21µm
_06358_,6.21µm
_06390_,6.21µm
_06407_,6.21µm
_06569_,6.21µm
_06671_,6.21µm
_06712_,6.21µm
_06924_,6.21µm
_07040_,6.21µm
_07061_,6.21µm
_07104_,6.21µm
_07259_,6.21µm
_07266_,6.21µm
_07332_,6.21µm
_07653_,6.21µm
_07675_,6.21µm
_07890_,6.21µm
_08013_,6.21µm
_08057_,6.21µm
_08060_,6.21µm
_08152_,6.21µm
_08337_,6.21µm
_08360_,6.21µm
_08432_,6.21µm
_08491_,6.21µm
_08605_,6.21µm
_08616_,6.21µm
_08818_,6.21µm
_08840_,6.21µm
_08980_,6.21µm
_08998_,6.21µm
_09159_,6.21µm
_09385_,6.21µm
_09445_,6.21µm
_09679_,6.21µm
_09752_,6.21µm
_09761_,6.21µm
_09888_,6.21µm
u_transform_scheduler_core.mod_diag_X1_i\[0\],6.21µm
u_transform_scheduler_core.tx_dout\[4\],6.21µm
u_transform_scheduler_core.tx_dout\[5\],6.21µm
u_transform_scheduler_core.tx_dout\[6\],6.21µm
_00027_,6.2µm
_00062_,6.16µm
_00066_,6.16µm
_00103_,6.16µm
_00170_,6.16µm
_00196_,6.16µm
_00229_,6.16µm
_00239_,6.16µm
_00254_,6.16µm
_00283_,6.16µm
_00290_,6.16µm
_00323_,6.16µm
_00355_,6.16µm
_00407_,6.16µm
_00448_,6.16µm
_00452_,6.16µm
_00535_,6.16µm
_00564_,6.16µm
_00603_,6.16µm
_00656_,6.16µm
_00695_,6.16µm
_00744_,6.16µm
_00761_,6.16µm
_00850_,6.16µm
_00862_,6.16µm
_00953_,6.16µm
_00966_,6.16µm
_00974_,6.16µm
_01011_,6.16µm
_01030_,6.16µm
_01094_,6.16µm
_01124_,6.16µm
_01166_,6.16µm
_01185_,6.16µm
_01197_,6.16µm
_01198_,6.16µm
_01230_,6.16µm
_01260_,6.16µm
_01287_,6.16µm
_01298_,6.16µm
_01310_,6.16µm
_01357_,6.16µm
_01482_,6.16µm
_01499_,6.16µm
_01557_,6.16µm
_01574_,6.16µm
_01582_,6.16µm
_01588_,6.16µm
_01594_,6.16µm
_01652_,6.16µm
_01656_,6.16µm
_01696_,6.16µm
_01748_,6.16µm
_01757_,6.16µm
_01776_,6.16µm
_01824_,6.16µm
_01903_,6.16µm
_01905_,6.16µm
_01948_,6.16µm
_01972_,6.16µm
_02090_,6.16µm
_02098_,6.16µm
_02120_,6.16µm
_02278_,6.16µm
_02297_,6.16µm
_02317_,6.16µm
_02362_,6.16µm
_02382_,6.16µm
_02746_,6.16µm
_02897_,6.16µm
_02938_,6.16µm
_03031_,6.16µm
_03112_,6.16µm
_03327_,6.16µm
_03367_,6.16µm
_03412_,6.16µm
_03421_,6.16µm
_03442_,6.16µm
_03588_,6.16µm
_03622_,6.16µm
_03716_,6.16µm
_03760_,6.16µm
_03812_,6.16µm
_03824_,6.16µm
_03841_,6.16µm
_03925_,6.16µm
_03936_,6.16µm
_03941_,6.16µm
_03969_,6.16µm
_04107_,6.16µm
_04127_,6.16µm
_04179_,6.16µm
_04232_,6.16µm
_04494_,6.16µm
_04531_,6.16µm
_04533_,6.16µm
_04537_,6.16µm
_04604_,6.16µm
_05055_,6.16µm
_05081_,6.16µm
_05220_,6.16µm
_05238_,6.16µm
_05415_,6.16µm
_05575_,6.16µm
_05680_,6.16µm
_05780_,6.16µm
_05828_,6.16µm
_05871_,6.16µm
_05919_,6.16µm
_05935_,6.16µm
_05983_,6.16µm
_06246_,6.16µm
_06267_,6.16µm
_06370_,6.16µm
_06677_,6.16µm
_06693_,6.16µm
_06738_,6.16µm
_06760_,6.16µm
_06779_,6.16µm
_06806_,6.16µm
_06940_,6.16µm
_07117_,6.16µm
_07155_,6.16µm
_07172_,6.16µm
_07225_,6.16µm
_07233_,6.16µm
_07334_,6.16µm
_07434_,6.16µm
_07591_,6.16µm
_07607_,6.16µm
_07613_,6.16µm
_07629_,6.16µm
_07707_,6.16µm
_07729_,6.16µm
_07805_,6.16µm
_07827_,6.16µm
_07857_,6.16µm
_07911_,6.16µm
_07953_,6.16µm
_07985_,6.16µm
_08015_,6.16µm
_08058_,6.16µm
_08059_,6.16µm
_08067_,6.16µm
_08204_,6.16µm
_08294_,6.16µm
_08309_,6.16µm
_08417_,6.16µm
_08439_,6.16µm
_08524_,6.16µm
_08820_,6.16µm
_08896_,6.16µm
_08962_,6.16µm
_09085_,6.16µm
_09323_,6.16µm
_09448_,6.16µm
_09508_,6.16µm
_09546_,6.16µm
_09642_,6.16µm
_09685_,6.16µm
_09728_,6.16µm
_09822_,6.16µm
_09857_,6.16µm
_09884_,6.16µm
_09916_,6.16µm
_10031_,6.16µm
din[0],6.02µm
din_valid_i,6.02µm
_01820_,5.75µm
_05488_,5.75µm
_09743_,5.75µm
_00481_,5.7µm
_01364_,5.7µm
_01867_,5.7µm
_02040_,5.7µm
_02150_,5.7µm
_02153_,5.7µm
_02161_,5.7µm
_02179_,5.7µm
_02200_,5.7µm
_02252_,5.7µm
_02390_,5.7µm
_02391_,5.7µm
_02640_,5.7µm
_02722_,5.7µm
_02963_,5.7µm
_03016_,5.7µm
_03479_,5.7µm
_03503_,5.7µm
_03597_,5.7µm
_03962_,5.7µm
_03963_,5.7µm
_03965_,5.7µm
_03987_,5.7µm
_04300_,5.7µm
_04414_,5.7µm
_04437_,5.7µm
_04491_,5.7µm
_05140_,5.7µm
_05143_,5.7µm
_05433_,5.7µm
_05742_,5.7µm
_05834_,5.7µm
_05889_,5.7µm
_06188_,5.7µm
_06292_,5.7µm
_06478_,5.7µm
_06525_,5.7µm
_06991_,5.7µm
_07302_,5.7µm
_07930_,5.7µm
_08314_,5.7µm
_08400_,5.7µm
_08800_,5.7µm
_09222_,5.7µm
_09453_,5.7µm
_09688_,5.7µm
_09914_,5.7µm
_09915_,5.7µm
_09920_,5.7µm
_09930_,5.7µm
_09963_,5.7µm
_09968_,5.7µm
_09988_,5.7µm
_00046_,5.65µm
_00171_,5.65µm
_00231_,5.65µm
_00405_,5.65µm
_00474_,5.65µm
_00616_,5.65µm
_00641_,5.65µm
_00669_,5.65µm
_00677_,5.65µm
_00781_,5.65µm
_00784_,5.65µm
_00846_,5.65µm
_00889_,5.65µm
_00903_,5.65µm
_00986_,5.65µm
_00987_,5.65µm
_00988_,5.65µm
_01029_,5.65µm
_01099_,5.65µm
_01128_,5.65µm
_01154_,5.65µm
_01200_,5.65µm
_01227_,5.65µm
_01279_,5.65µm
_01288_,5.65µm
_01302_,5.65µm
_01349_,5.65µm
_01382_,5.65µm
_01387_,5.65µm
_01389_,5.65µm
_01403_,5.65µm
_01409_,5.65µm
_01427_,5.65µm
_01434_,5.65µm
_01620_,5.65µm
_01651_,5.65µm
_01739_,5.65µm
_01783_,5.65µm
_01808_,5.65µm
_01828_,5.65µm
_01959_,5.65µm
_02025_,5.65µm
_02075_,5.65µm
_02136_,5.65µm
_02586_,5.65µm
_02666_,5.65µm
_02872_,5.65µm
_03120_,5.65µm
_03299_,5.65µm
_03531_,5.65µm
_03695_,5.65µm
_03783_,5.65µm
_03806_,5.65µm
_03820_,5.65µm
_03914_,5.65µm
_03915_,5.65µm
_03943_,5.65µm
_03998_,5.65µm
_04274_,5.65µm
_04302_,5.65µm
_04360_,5.65µm
_04405_,5.65µm
_04560_,5.65µm
_04943_,5.65µm
_05151_,5.65µm
_05276_,5.65µm
_05367_,5.65µm
_05509_,5.65µm
_05572_,5.65µm
_05739_,5.65µm
_05793_,5.65µm
_05942_,5.65µm
_05966_,5.65µm
_05988_,5.65µm
_06116_,5.65µm
_06122_,5.65µm
_06211_,5.65µm
_06244_,5.65µm
_06372_,5.65µm
_06414_,5.65µm
_06509_,5.65µm
_06651_,5.65µm
_06674_,5.65µm
_06726_,5.65µm
_06756_,5.65µm
_06947_,5.65µm
_07158_,5.65µm
_07214_,5.65µm
_07222_,5.65µm
_07237_,5.65µm
_07419_,5.65µm
_07476_,5.65µm
_07674_,5.65µm
_07804_,5.65µm
_07923_,5.65µm
_08109_,5.65µm
_08118_,5.65µm
_08132_,5.65µm
_08206_,5.65µm
_08272_,5.65µm
_08301_,5.65µm
_08389_,5.65µm
_08437_,5.65µm
_08460_,5.65µm
_08748_,5.65µm
_08832_,5.65µm
_09034_,5.65µm
_09075_,5.65µm
_09432_,5.65µm
_09553_,5.65µm
_09731_,5.65µm
_09905_,5.65µm
_10008_,5.65µm
u_transform_scheduler_core.u_mixed_radix_butterfly.product_rr_reg\[20\],5.65µm
_00003_,5.6µm
_00006_,5.6µm
_00074_,5.6µm
_00090_,5.6µm
_00105_,5.6µm
_00110_,5.6µm
_00120_,5.6µm
_00160_,5.6µm
_00222_,5.6µm
_00249_,5.6µm
_00255_,5.6µm
_00326_,5.6µm
_00332_,5.6µm
_00371_,5.6µm
_00450_,5.6µm
_00480_,5.6µm
_00500_,5.6µm
_00528_,5.6µm
_00555_,5.6µm
_00586_,5.6µm
_00652_,5.6µm
_00671_,5.6µm
_00680_,5.6µm
_00681_,5.6µm
_00727_,5.6µm
_00734_,5.6µm
_00771_,5.6µm
_00845_,5.6µm
_00867_,5.6µm
_00876_,5.6µm
_00883_,5.6µm
_01008_,5.6µm
_01032_,5.6µm
_01041_,5.6µm
_01069_,5.6µm
_01071_,5.6µm
_01105_,5.6µm
_01120_,5.6µm
_01132_,5.6µm
_01140_,5.6µm
_01147_,5.6µm
_01177_,5.6µm
_01180_,5.6µm
_01190_,5.6µm
_01196_,5.6µm
_01333_,5.6µm
_01366_,5.6µm
_01433_,5.6µm
_01478_,5.6µm
_01488_,5.6µm
_01517_,5.6µm
_01537_,5.6µm
_01538_,5.6µm
_01540_,5.6µm
_01552_,5.6µm
_01559_,5.6µm
_01615_,5.6µm
_01628_,5.6µm
_01638_,5.6µm
_01654_,5.6µm
_01676_,5.6µm
_01716_,5.6µm
_01742_,5.6µm
_01745_,5.6µm
_01753_,5.6µm
_01801_,5.6µm
_01860_,5.6µm
_01907_,5.6µm
_01932_,5.6µm
_01938_,5.6µm
_01941_,5.6µm
_01971_,5.6µm
_02015_,5.6µm
_02026_,5.6µm
_02073_,5.6µm
_02156_,5.6µm
_02282_,5.6µm
_02413_,5.6µm
_02416_,5.6µm
_02458_,5.6µm
_02663_,5.6µm
_02688_,5.6µm
_02991_,5.6µm
_03029_,5.6µm
_03273_,5.6µm
_03353_,5.6µm
_03363_,5.6µm
_03414_,5.6µm
_03553_,5.6µm
_03560_,5.6µm
_03565_,5.6µm
_03752_,5.6µm
_03769_,5.6µm
_03792_,5.6µm
_03818_,5.6µm
_03821_,5.6µm
_03900_,5.6µm
_03946_,5.6µm
_03950_,5.6µm
_04059_,5.6µm
_04076_,5.6µm
_04105_,5.6µm
_04108_,5.6µm
_04182_,5.6µm
_04253_,5.6µm
_04286_,5.6µm
_04319_,5.6µm
_04424_,5.6µm
_04490_,5.6µm
_04501_,5.6µm
_04504_,5.6µm
_04512_,5.6µm
_04536_,5.6µm
_04618_,5.6µm
_04666_,5.6µm
_04670_,5.6µm
_04679_,5.6µm
_04932_,5.6µm
_04939_,5.6µm
_05032_,5.6µm
_05041_,5.6µm
_05248_,5.6µm
_05295_,5.6µm
_05363_,5.6µm
_05382_,5.6µm
_05426_,5.6µm
_05876_,5.6µm
_05884_,5.6µm
_05944_,5.6µm
_06023_,5.6µm
_06033_,5.6µm
_06113_,5.6µm
_06125_,5.6µm
_06202_,5.6µm
_06284_,5.6µm
_06378_,5.6µm
_06386_,5.6µm
_06396_,5.6µm
_06424_,5.6µm
_06425_,5.6µm
_06531_,5.6µm
_06696_,5.6µm
_06721_,5.6µm
_06780_,5.6µm
_06820_,5.6µm
_06891_,5.6µm
_06899_,5.6µm
_06973_,5.6µm
_07056_,5.6µm
_07083_,5.6µm
_07189_,5.6µm
_07245_,5.6µm
_07265_,5.6µm
_07294_,5.6µm
_07330_,5.6µm
_07342_,5.6µm
_07461_,5.6µm
_07534_,5.6µm
_07583_,5.6µm
_07696_,5.6µm
_07811_,5.6µm
_07828_,5.6µm
_07888_,5.6µm
_07995_,5.6µm
_08112_,5.6µm
_08144_,5.6µm
_08149_,5.6µm
_08258_,5.6µm
_08281_,5.6µm
_08307_,5.6µm
_08475_,5.6µm
_08477_,5.6µm
_08581_,5.6µm
_08596_,5.6µm
_08655_,5.6µm
_08774_,5.6µm
_08853_,5.6µm
_09111_,5.6µm
_09185_,5.6µm
_09240_,5.6µm
_09272_,5.6µm
_09322_,5.6µm
_09370_,5.6µm
_09403_,5.6µm
_09584_,5.6µm
_09668_,5.6µm
_09768_,5.6µm
_09837_,5.6µm
_09841_,5.6µm
_09846_,5.6µm
_10020_,5.6µm
u_transform_scheduler_core.ofdm_sample_index\[2\],5.6µm
u_transform_scheduler_core.result_meta_radix3\[1\]\[0\],5.6µm
u_transform_scheduler_core.u_mixed_radix_butterfly.combine_half_sum_i_reg\[10\],5.6µm
u_transform_scheduler_core.u_mixed_radix_butterfly.product_iq_reg\[7\],5.6µm
_02792_,5.32µm
_01587_,5.19µm
_03814_,5.19µm
_00381_,5.14µm
_01872_,5.14µm
_01873_,5.14µm
_01896_,5.14µm
_02162_,5.14µm
_02219_,5.14µm
_02248_,5.14µm
_02331_,5.14µm
_02352_,5.14µm
_02435_,5.14µm
_02645_,5.14µm
_02735_,5.14µm
_02862_,5.14µm
_02911_,5.14µm
_03248_,5.14µm
_03904_,5.14µm
_03984_,5.14µm
_04345_,5.14µm
_04430_,5.14µm
_04453_,5.14µm
_04966_,5.14µm
_05258_,5.14µm
_05721_,5.14µm
_06242_,5.14µm
_06243_,5.14µm
_06420_,5.14µm
_06448_,5.14µm
_06451_,5.14µm
_06496_,5.14µm
_06662_,5.14µm
_06704_,5.14µm
_06743_,5.14µm
_07113_,5.14µm
_07132_,5.14µm
_07946_,5.14µm
_08196_,5.14µm
_08788_,5.14µm
_08855_,5.14µm
_08993_,5.14µm
_09203_,5.14µm
_09627_,5.14µm
_09796_,5.14µm
_09802_,5.14µm
_09829_,5.14µm
_09871_,5.14µm
_09934_,5.14µm
_09956_,5.14µm
_09967_,5.14µm
_09969_,5.14µm
_09983_,5.14µm
_09997_,5.14µm
u_transform_scheduler_core.u_mixed_radix_butterfly.low_rr_reg\[6\],5.14µm
_00032_,5.09µm
_00175_,5.09µm
_00184_,5.09µm
_00198_,5.09µm
_00217_,5.09µm
_00220_,5.09µm
_00260_,5.09µm
_00297_,5.09µm
_00506_,5.09µm
_00563_,5.09µm
_00609_,5.09µm
_00661_,5.09µm
_00684_,5.09µm
_00772_,5.09µm
_00866_,5.09µm
_00874_,5.09µm
_00879_,5.09µm
_00898_,5.09µm
_00970_,5.09µm
_01026_,5.09µm
_01065_,5.09µm
_01222_,5.09µm
_01246_,5.09µm
_01400_,5.09µm
_01443_,5.09µm
_01564_,5.09µm
_01658_,5.09µm
_01683_,5.09µm
_01715_,5.09µm
_01879_,5.09µm
_01884_,5.09µm
_01947_,5.09µm
_01977_,5.09µm
_02544_,5.09µm
_02867_,5.09µm
_03005_,5.09µm
_03305_,5.09µm
_03383_,5.09µm
_03418_,5.09µm
_03589_,5.09µm
_03796_,5.09µm
_03835_,5.09µm
_03945_,5.09µm
_04159_,5.09µm
_04297_,5.09µm
_04341_,5.09µm
_04426_,5.09µm
_04543_,5.09µm
_04615_,5.09µm
_04698_,5.09µm
_05067_,5.09µm
_05253_,5.09µm
_05499_,5.09µm
_05826_,5.09µm
_06054_,5.09µm
_06253_,5.09µm
_06589_,5.09µm
_06734_,5.09µm
_06822_,5.09µm
_06979_,5.09µm
_07201_,5.09µm
_07498_,5.09µm
_07667_,5.09µm
_07764_,5.09µm
_07823_,5.09µm
_07892_,5.09µm
_08029_,5.09µm
_08131_,5.09µm
_08222_,5.09µm
_08416_,5.09µm
_08948_,5.09µm
_09194_,5.09µm
_09625_,5.09µm
_09727_,5.09µm
_09781_,5.09µm
_09803_,5.09µm
_09919_,5.09µm
u_transform_scheduler_core.u_mixed_radix_butterfly.combine_half_sum_i_reg\[14\],5.09µm
_00010_,5.04µm
_00038_,5.04µm
_00081_,5.04µm
_00099_,5.04µm
_00100_,5.04µm
_00135_,5.04µm
_00138_,5.04µm
_00152_,5.04µm
_00165_,5.04µm
_00216_,5.04µm
_00243_,5.04µm
_00253_,5.04µm
_00272_,5.04µm
_00279_,5.04µm
_00291_,5.04µm
_00300_,5.04µm
_00341_,5.04µm
_00369_,5.04µm
_00380_,5.04µm
_00385_,5.04µm
_00417_,5.04µm
_00421_,5.04µm
_00422_,5.04µm
_00440_,5.04µm
_00461_,5.04µm
_00486_,5.04µm
_00487_,5.04µm
_00488_,5.04µm
_00496_,5.04µm
_00509_,5.04µm
_00510_,5.04µm
_00514_,5.04µm
_00531_,5.04µm
_00534_,5.04µm
_00536_,5.04µm
_00551_,5.04µm
_00553_,5.04µm
_00568_,5.04µm
_00569_,5.04µm
_00572_,5.04µm
_00580_,5.04µm
_00582_,5.04µm
_00587_,5.04µm
_00598_,5.04µm
_00599_,5.04µm
_00617_,5.04µm
_00688_,5.04µm
_00689_,5.04µm
_00731_,5.04µm
_00766_,5.04µm
_00787_,5.04µm
_00798_,5.04µm
_00851_,5.04µm
_00870_,5.04µm
_00901_,5.04µm
_00910_,5.04µm
_00926_,5.04µm
_00932_,5.04µm
_00933_,5.04µm
_00983_,5.04µm
_01002_,5.04µm
_01017_,5.04µm
_01057_,5.04µm
_01062_,5.04µm
_01085_,5.04µm
_01108_,5.04µm
_01129_,5.04µm
_01148_,5.04µm
_01155_,5.04µm
_01169_,5.04µm
_01176_,5.04µm
_01209_,5.04µm
_01229_,5.04µm
_01259_,5.04µm
_01291_,5.04µm
_01295_,5.04µm
_01309_,5.04µm
_01313_,5.04µm
_01334_,5.04µm
_01371_,5.04µm
_01393_,5.04µm
_01406_,5.04µm
_01449_,5.04µm
_01459_,5.04µm
_01469_,5.04µm
_01498_,5.04µm
_01508_,5.04µm
_01518_,5.04µm
_01519_,5.04µm
_01525_,5.04µm
_01526_,5.04µm
_01528_,5.04µm
_01529_,5.04µm
_01530_,5.04µm
_01554_,5.04µm
_01597_,5.04µm
_01612_,5.04µm
_01626_,5.04µm
_01642_,5.04µm
_01684_,5.04µm
_01697_,5.04µm
_01722_,5.04µm
_01771_,5.04µm
_01779_,5.04µm
_01870_,5.04µm
_01878_,5.04µm
_01889_,5.04µm
_01901_,5.04µm
_01914_,5.04µm
_01916_,5.04µm
_01934_,5.04µm
_01940_,5.04µm
_01945_,5.04µm
_01954_,5.04µm
_01957_,5.04µm
_01979_,5.04µm
_02006_,5.04µm
_02054_,5.04µm
_02065_,5.04µm
_02074_,5.04µm
_02088_,5.04µm
_02108_,5.04µm
_02286_,5.04µm
_02302_,5.04µm
_02356_,5.04µm
_02361_,5.04µm
_02475_,5.04µm
_02579_,5.04µm
_02660_,5.04µm
_02806_,5.04µm
_02848_,5.04µm
_02977_,5.04µm
_02986_,5.04µm
_03008_,5.04µm
_03028_,5.04µm
_03068_,5.04µm
_03071_,5.04µm
_03107_,5.04µm
_03122_,5.04µm
_03170_,5.04µm
_03220_,5.04µm
_03228_,5.04µm
_03285_,5.04µm
_03358_,5.04µm
_03382_,5.04µm
_03480_,5.04µm
_03638_,5.04µm
_03764_,5.04µm
_03802_,5.04µm
_03825_,5.04µm
_03847_,5.04µm
_03851_,5.04µm
_03910_,5.04µm
_03968_,5.04µm
_03989_,5.04µm
_04022_,5.04µm
_04061_,5.04µm
_04082_,5.04µm
_04094_,5.04µm
_04113_,5.04µm
_04115_,5.04µm
_04188_,5.04µm
_04229_,5.04µm
_04244_,5.04µm
_04262_,5.04µm
_04357_,5.04µm
_04435_,5.04µm
_04547_,5.04µm
_04568_,5.04µm
_04575_,5.04µm
_04592_,5.04µm
_04614_,5.04µm
_04695_,5.04µm
_04938_,5.04µm
_04942_,5.04µm
_05312_,5.04µm
_05413_,5.04µm
_05497_,5.04µm
_05548_,5.04µm
_05578_,5.04µm
_05782_,5.04µm
_05971_,5.04µm
_06009_,5.04µm
_06195_,5.04µm
_06332_,5.04µm
_06336_,5.04µm
_06421_,5.04µm
_06426_,5.04µm
_06473_,5.04µm
_06497_,5.04µm
_06556_,5.04µm
_06703_,5.04µm
_06720_,5.04µm
_06868_,5.04µm
_06887_,5.04µm
_06915_,5.04µm
_07003_,5.04µm
_07100_,5.04µm
_07137_,5.04µm
_07147_,5.04µm
_07163_,5.04µm
_07219_,5.04µm
_07269_,5.04µm
_07292_,5.04µm
_07320_,5.04µm
_07530_,5.04µm
_07546_,5.04µm
_07585_,5.04µm
_07639_,5.04µm
_07693_,5.04µm
_07738_,5.04µm
_07750_,5.04µm
_07751_,5.04µm
_07752_,5.04µm
_07760_,5.04µm
_07789_,5.04µm
_07791_,5.04µm
_07818_,5.04µm
_07832_,5.04µm
_07851_,5.04µm
_07869_,5.04µm
_07948_,5.04µm
_08007_,5.04µm
_08032_,5.04µm
_08037_,5.04µm
_08155_,5.04µm
_08357_,5.04µm
_08450_,5.04µm
_08467_,5.04µm
_08527_,5.04µm
_08787_,5.04µm
_08813_,5.04µm
_09011_,5.04µm
_09019_,5.04µm
_09070_,5.04µm
_09081_,5.04µm
_09162_,5.04µm
_09178_,5.04µm
_09283_,5.04µm
_09296_,5.04µm
_09393_,5.04µm
_09414_,5.04µm
_09458_,5.04µm
_09487_,5.04µm
_09530_,5.04µm
_09549_,5.04µm
_09560_,5.04µm
_09575_,5.04µm
_09624_,5.04µm
_09766_,5.04µm
_09797_,5.04µm
_09879_,5.04µm
_09923_,5.04µm
_09936_,5.04µm
_10010_,5.04µm
_10011_,5.04µm
u_transform_scheduler_core.bf_X1_q\[5\],5.04µm
u_transform_scheduler_core.dft12_ram_q\[6\]\[13\],5.04µm
u_transform_scheduler_core.tx_sample_q\[10\],5.04µm
u_transform_scheduler_core.u_mixed_radix_butterfly.product_iq_reg\[4\],5.04µm
_00055_,4.63µm
_01136_,4.63µm
u_transform_scheduler_core.u_mixed_radix_butterfly.low_iq_reg\[4\],4.63µm
_00040_,4.58µm
_00308_,4.58µm
_02262_,4.58µm
_02375_,4.58µm
_02430_,4.58µm
_02445_,4.58µm
_02602_,4.58µm
_03021_,4.58µm
_03026_,4.58µm
_03103_,4.58µm
_03105_,4.58µm
_03106_,4.58µm
_03240_,4.58µm
_03287_,4.58µm
_03472_,4.58µm
_03514_,4.58µm
_03694_,4.58µm
_03875_,4.58µm
_03970_,4.58µm
_04163_,4.58µm
_04173_,4.58µm
_04377_,4.58µm
_04389_,4.58µm
_04428_,4.58µm
_04438_,4.58µm
_04450_,4.58µm
_04481_,4.58µm
_04587_,4.58µm
_04730_,4.58µm
_05161_,4.58µm
_06169_,4.58µm
_06250_,4.58µm
_06450_,4.58µm
_06653_,4.58µm
_06673_,4.58µm
_06700_,4.58µm
_06927_,4.58µm
_07047_,4.58µm
_07184_,4.58µm
_07197_,4.58µm
_07223_,4.58µm
_07255_,4.58µm
_07327_,4.58µm
_07572_,4.58µm
_07770_,4.58µm
_08074_,4.58µm
_08090_,4.58µm
_08175_,4.58µm
_08829_,4.58µm
_09117_,4.58µm
_09230_,4.58µm
_09343_,4.58µm
_09517_,4.58µm
_09929_,4.58µm
_09935_,4.58µm
_09937_,4.58µm
_09938_,4.58µm
_09939_,4.58µm
_09990_,4.58µm
_00001_,4.53µm
_00938_,4.53µm
_01204_,4.53µm
_01207_,4.53µm
_01242_,4.53µm
_01321_,4.53µm
_01370_,4.53µm
_01373_,4.53µm
_01470_,4.53µm
_01495_,4.53µm
_01523_,4.53µm
_01758_,4.53µm
_01784_,4.53µm
_01910_,4.53µm
_02191_,4.53µm
_02444_,4.53µm
_02495_,4.53µm
_02646_,4.53µm
_02814_,4.53µm
_02822_,4.53µm
_02844_,4.53µm
_03024_,4.53µm
_03231_,4.53µm
_03775_,4.53µm
_03776_,4.53µm
_03873_,4.53µm
_04002_,4.53µm
_04040_,4.53µm
_04382_,4.53µm
_04503_,4.53µm
_04564_,4.53µm
_05240_,4.53µm
_05560_,4.53µm
_06361_,4.53µm
_06365_,4.53µm
_06468_,4.53µm
_06597_,4.53µm
_06786_,4.53µm
_06959_,4.53µm
_06989_,4.53µm
_07103_,4.53µm
_07241_,4.53µm
_07252_,4.53µm
_07296_,4.53µm
_07315_,4.53µm
_07678_,4.53µm
_07977_,4.53µm
_08024_,4.53µm
_08250_,4.53µm
_08266_,4.53µm
_08661_,4.53µm
_08722_,4.53µm
_09488_,4.53µm
_09643_,4.53µm
_09653_,4.53µm
_09764_,4.53µm
_09941_,4.53µm
_09944_,4.53µm
_09952_,4.53µm
_09958_,4.53µm
_09978_,4.53µm
_09979_,4.53µm
u_transform_scheduler_core.u_tdiq_input_cp_remove.cp_length_reg\[3\],4.53µm
_00005_,4.48µm
_00007_,4.48µm
_00037_,4.48µm
_00047_,4.48µm
_00059_,4.48µm
_00069_,4.48µm
_00091_,4.48µm
_00123_,4.48µm
_00142_,4.48µm
_00151_,4.48µm
_00233_,4.48µm
_00257_,4.48µm
_00273_,4.48µm
_00284_,4.48µm
_00296_,4.48µm
_00315_,4.48µm
_00330_,4.48µm
_00333_,4.48µm
_00373_,4.48µm
_00418_,4.48µm
_00433_,4.48µm
_00435_,4.48µm
_00446_,4.48µm
_00462_,4.48µm
_00472_,4.48µm
_00490_,4.48µm
_00491_,4.48µm
_00493_,4.48µm
_00502_,4.48µm
_00503_,4.48µm
_00512_,4.48µm
_00513_,4.48µm
_00518_,4.48µm
_00543_,4.48µm
_00550_,4.48µm
_00596_,4.48µm
_00597_,4.48µm
_00627_,4.48µm
_00649_,4.48µm
_00654_,4.48µm
_00662_,4.48µm
_00678_,4.48µm
_00693_,4.48µm
_00696_,4.48µm
_00701_,4.48µm
_00708_,4.48µm
_00717_,4.48µm
_00719_,4.48µm
_00726_,4.48µm
_00739_,4.48µm
_00745_,4.48µm
_00768_,4.48µm
_00770_,4.48µm
_00773_,4.48µm
_00774_,4.48µm
_00791_,4.48µm
_00795_,4.48µm
_00800_,4.48µm
_00803_,4.48µm
_00804_,4.48µm
_00815_,4.48µm
_00825_,4.48µm
_00830_,4.48µm
_00831_,4.48µm
_00839_,4.48µm
_00841_,4.48µm
_00842_,4.48µm
_00888_,4.48µm
_00892_,4.48µm
_00893_,4.48µm
_00921_,4.48µm
_00942_,4.48µm
_00952_,4.48µm
_00955_,4.48µm
_00965_,4.48µm
_00982_,4.48µm
_01001_,4.48µm
_01014_,4.48µm
_01024_,4.48µm
_01089_,4.48µm
_01109_,4.48µm
_01130_,4.48µm
_01131_,4.48µm
_01164_,4.48µm
_01165_,4.48µm
_01175_,4.48µm
_01183_,4.48µm
_01199_,4.48µm
_01217_,4.48µm
_01226_,4.48µm
_01263_,4.48µm
_01311_,4.48µm
_01329_,4.48µm
_01355_,4.48µm
_01376_,4.48µm
_01392_,4.48µm
_01401_,4.48µm
_01423_,4.48µm
_01431_,4.48µm
_01437_,4.48µm
_01442_,4.48µm
_01474_,4.48µm
_01477_,4.48µm
_01480_,4.48µm
_01485_,4.48µm
_01492_,4.48µm
_01493_,4.48µm
_01527_,4.48µm
_01553_,4.48µm
_01565_,4.48µm
_01572_,4.48µm
_01584_,4.48µm
_01598_,4.48µm
_01600_,4.48µm
_01610_,4.48µm
_01617_,4.48µm
_01657_,4.48µm
_01661_,4.48µm
_01663_,4.48µm
_01664_,4.48µm
_01675_,4.48µm
_01679_,4.48µm
_01686_,4.48µm
_01699_,4.48µm
_01700_,4.48µm
_01703_,4.48µm
_01723_,4.48µm
_01763_,4.48µm
_01765_,4.48µm
_01799_,4.48µm
_01806_,4.48µm
_01810_,4.48µm
_01831_,4.48µm
_01917_,4.48µm
_01920_,4.48µm
_01949_,4.48µm
_01960_,4.48µm
_02133_,4.48µm
_02224_,4.48µm
_02498_,4.48µm
_02560_,4.48µm
_02578_,4.48µm
_03041_,4.48µm
_03065_,4.48µm
_03125_,4.48µm
_03244_,4.48µm
_03247_,4.48µm
_03341_,4.48µm
_03371_,4.48µm
_03476_,4.48µm
_03497_,4.48µm
_03535_,4.48µm
_03541_,4.48µm
_03617_,4.48µm
_03626_,4.48µm
_03686_,4.48µm
_03734_,4.48µm
_03736_,4.48µm
_03741_,4.48µm
_03870_,4.48µm
_03893_,4.48µm
_03907_,4.48µm
_03977_,4.48µm
_03979_,4.48µm
_03993_,4.48µm
_04016_,4.48µm
_04023_,4.48µm
_04054_,4.48µm
_04143_,4.48µm
_04150_,4.48µm
_04199_,4.48µm
_04227_,4.48µm
_04272_,4.48µm
_04279_,4.48µm
_04325_,4.48µm
_04333_,4.48µm
_04334_,4.48µm
_04352_,4.48µm
_04452_,4.48µm
_04457_,4.48µm
_04535_,4.48µm
_04588_,4.48µm
_04654_,4.48µm
_04661_,4.48µm
_04681_,4.48µm
_04683_,4.48µm
_04688_,4.48µm
_05193_,4.48µm
_05260_,4.48µm
_05286_,4.48µm
_05419_,4.48µm
_05550_,4.48µm
_05603_,4.48µm
_05702_,4.48µm
_05735_,4.48µm
_05788_,4.48µm
_05906_,4.48µm
_05985_,4.48µm
_06066_,4.48µm
_06130_,4.48µm
_06233_,4.48µm
_06234_,4.48µm
_06282_,4.48µm
_06345_,4.48µm
_06355_,4.48µm
_06447_,4.48µm
_06455_,4.48µm
_06471_,4.48µm
_06562_,4.48µm
_06591_,4.48µm
_06593_,4.48µm
_06622_,4.48µm
_06754_,4.48µm
_06855_,4.48µm
_06883_,4.48µm
_06928_,4.48µm
_06957_,4.48µm
_06962_,4.48µm
_06975_,4.48µm
_06978_,4.48µm
_06981_,4.48µm
_07006_,4.48µm
_07052_,4.48µm
_07085_,4.48µm
_07098_,4.48µm
_07208_,4.48µm
_07235_,4.48µm
_07262_,4.48µm
_07280_,4.48µm
_07312_,4.48µm
_07341_,4.48µm
_07423_,4.48µm
_07437_,4.48µm
_07628_,4.48µm
_07640_,4.48µm
_07647_,4.48µm
_07652_,4.48µm
_07685_,4.48µm
_07687_,4.48µm
_07692_,4.48µm
_07697_,4.48µm
_07773_,4.48µm
_07792_,4.48µm
_07844_,4.48µm
_07868_,4.48µm
_07884_,4.48µm
_07932_,4.48µm
_07935_,4.48µm
_08012_,4.48µm
_08071_,4.48µm
_08081_,4.48µm
_08097_,4.48µm
_08199_,4.48µm
_08243_,4.48µm
_08268_,4.48µm
_08356_,4.48µm
_08598_,4.48µm
_08755_,4.48µm
_08837_,4.48µm
_08839_,4.48µm
_09126_,4.48µm
_09132_,4.48µm
_09139_,4.48µm
_09181_,4.48µm
_09195_,4.48µm
_09268_,4.48µm
_09342_,4.48µm
_09420_,4.48µm
_09482_,4.48µm
_09657_,4.48µm
_09807_,4.48µm
_09890_,4.48µm
_09894_,4.48µm
_09896_,4.48µm
_10030_,4.48µm
u_transform_scheduler_core.tx_sample_i\[10\],4.48µm
u_transform_scheduler_core.tx_sample_index\[2\],4.48µm
_01215_,4.12µm
_01727_,4.02µm
_02126_,4.02µm
_02267_,4.02µm
_02272_,4.02µm
_02446_,4.02µm
_02492_,4.02µm
_02511_,4.02µm
_02547_,4.02µm
_02807_,4.02µm
_02912_,4.02µm
_02944_,4.02µm
_03100_,4.02µm
_03223_,4.02µm
_03372_,4.02µm
_03436_,4.02µm
_03564_,4.02µm
_03664_,4.02µm
_03756_,4.02µm
_03777_,4.02µm
_03867_,4.02µm
_03878_,4.02µm
_03881_,4.02µm
_03884_,4.02µm
_04041_,4.02µm
_04058_,4.02µm
_04062_,4.02µm
_04140_,4.02µm
_04191_,4.02µm
_04197_,4.02µm
_04292_,4.02µm
_04339_,4.02µm
_04340_,4.02µm
_04390_,4.02µm
_04441_,4.02µm
_04538_,4.02µm
_04541_,4.02µm
_04610_,4.02µm
_04637_,4.02µm
_04674_,4.02µm
_04739_,4.02µm
_04748_,4.02µm
_05127_,4.02µm
_05332_,4.02µm
_05556_,4.02µm
_05590_,4.02µm
_05681_,4.02µm
_05794_,4.02µm
_05954_,4.02µm
_05997_,4.02µm
_06004_,4.02µm
_06075_,4.02µm
_06158_,4.02µm
_06265_,4.02µm
_06742_,4.02µm
_06814_,4.02µm
_06863_,4.02µm
_07018_,4.02µm
_07106_,4.02µm
_07131_,4.02µm
_07527_,4.02µm
_07615_,4.02µm
_07624_,4.02µm
_07728_,4.02µm
_08483_,4.02µm
_08607_,4.02µm
_08615_,4.02µm
_08686_,4.02µm
_08811_,4.02µm
_09089_,4.02µm
_09160_,4.02µm
_09165_,4.02µm
_09168_,4.02µm
_09399_,4.02µm
_09485_,4.02µm
_09565_,4.02µm
_09740_,4.02µm
_09784_,4.02µm
_09984_,4.02µm
_00209_,3.97µm
_00227_,3.97µm
_00844_,3.97µm
_01255_,3.97µm
_01756_,3.97µm
_02339_,3.97µm
_02797_,3.97µm
_03162_,3.97µm
_03521_,3.97µm
_03794_,3.97µm
_03837_,3.97µm
_04080_,3.97µm
_04571_,3.97µm
_05811_,3.97µm
_06015_,3.97µm
_06076_,3.97µm
_06224_,3.97µm
_06293_,3.97µm
_06466_,3.97µm
_06549_,3.97µm
_06732_,3.97µm
_06886_,3.97µm
_07097_,3.97µm
_07711_,3.97µm
_07800_,3.97µm
_07889_,3.97µm
_07974_,3.97µm
_08049_,3.97µm
_08178_,3.97µm
_08205_,3.97µm
_08302_,3.97µm
_08387_,3.97µm
_08555_,3.97µm
_08592_,3.97µm
_08981_,3.97µm
_09869_,3.97µm
_09887_,3.97µm
_09908_,3.97µm
_00000_,3.92µm
_00011_,3.92µm
_00013_,3.92µm
_00033_,3.92µm
_00036_,3.92µm
_00049_,3.92µm
_00111_,3.92µm
_00134_,3.92µm
_00136_,3.92µm
_00139_,3.92µm
_00147_,3.92µm
_00163_,3.92µm
_00167_,3.92µm
_00207_,3.92µm
_00210_,3.92µm
_00213_,3.92µm
_00218_,3.92µm
_00221_,3.92µm
_00224_,3.92µm
_00228_,3.92µm
_00242_,3.92µm
_00248_,3.92µm
_00319_,3.92µm
_00348_,3.92µm
_00360_,3.92µm
_00390_,3.92µm
_00429_,3.92µm
_00430_,3.92µm
_00432_,3.92µm
_00436_,3.92µm
_00451_,3.92µm
_00457_,3.92µm
_00465_,3.92µm
_00466_,3.92µm
_00484_,3.92µm
_00485_,3.92µm
_00492_,3.92µm
_00494_,3.92µm
_00507_,3.92µm
_00508_,3.92µm
_00516_,3.92µm
_00523_,3.92µm
_00527_,3.92µm
_00529_,3.92µm
_00533_,3.92µm
_00540_,3.92µm
_00552_,3.92µm
_00554_,3.92µm
_00576_,3.92µm
_00578_,3.92µm
_00588_,3.92µm
_00619_,3.92µm
_00624_,3.92µm
_00629_,3.92µm
_00632_,3.92µm
_00648_,3.92µm
_00655_,3.92µm
_00686_,3.92µm
_00694_,3.92µm
_00703_,3.92µm
_00704_,3.92µm
_00712_,3.92µm
_00725_,3.92µm
_00730_,3.92µm
_00738_,3.92µm
_00741_,3.92µm
_00751_,3.92µm
_00756_,3.92µm
_00767_,3.92µm
_00789_,3.92µm
_00793_,3.92µm
_00808_,3.92µm
_00837_,3.92µm
_00840_,3.92µm
_00853_,3.92µm
_00856_,3.92µm
_00884_,3.92µm
_00904_,3.92µm
_00919_,3.92µm
_00922_,3.92µm
_00971_,3.92µm
_00989_,3.92µm
_00999_,3.92µm
_01005_,3.92µm
_01006_,3.92µm
_01012_,3.92µm
_01020_,3.92µm
_01033_,3.92µm
_01036_,3.92µm
_01038_,3.92µm
_01064_,3.92µm
_01073_,3.92µm
_01074_,3.92µm
_01075_,3.92µm
_01076_,3.92µm
_01090_,3.92µm
_01091_,3.92µm
_01104_,3.92µm
_01143_,3.92µm
_01150_,3.92µm
_01162_,3.92µm
_01170_,3.92µm
_01173_,3.92µm
_01181_,3.92µm
_01182_,3.92µm
_01186_,3.92µm
_01188_,3.92µm
_01189_,3.92µm
_01191_,3.92µm
_01192_,3.92µm
_01206_,3.92µm
_01221_,3.92µm
_01293_,3.92µm
_01301_,3.92µm
_01314_,3.92µm
_01327_,3.92µm
_01330_,3.92µm
_01337_,3.92µm
_01338_,3.92µm
_01342_,3.92µm
_01344_,3.92µm
_01353_,3.92µm
_01356_,3.92µm
_01380_,3.92µm
_01399_,3.92µm
_01414_,3.92µm
_01416_,3.92µm
_01435_,3.92µm
_01447_,3.92µm
_01471_,3.92µm
_01506_,3.92µm
_01509_,3.92µm
_01522_,3.92µm
_01531_,3.92µm
_01536_,3.92µm
_01546_,3.92µm
_01567_,3.92µm
_01568_,3.92µm
_01569_,3.92µm
_01573_,3.92µm
_01575_,3.92µm
_01576_,3.92µm
_01583_,3.92µm
_01592_,3.92µm
_01643_,3.92µm
_01670_,3.92µm
_01678_,3.92µm
_01707_,3.92µm
_01709_,3.92µm
_01718_,3.92µm
_01725_,3.92µm
_01735_,3.92µm
_01770_,3.92µm
_01782_,3.92µm
_01785_,3.92µm
_01787_,3.92µm
_01797_,3.92µm
_01816_,3.92µm
_01817_,3.92µm
_01818_,3.92µm
_01863_,3.92µm
_01897_,3.92µm
_01924_,3.92µm
_01925_,3.92µm
_01926_,3.92µm
_01927_,3.92µm
_01935_,3.92µm
_01978_,3.92µm
_02017_,3.92µm
_02097_,3.92µm
_02116_,3.92µm
_02253_,3.92µm
_02325_,3.92µm
_02368_,3.92µm
_02451_,3.92µm
_02479_,3.92µm
_02481_,3.92µm
_02562_,3.92µm
_02565_,3.92µm
_02651_,3.92µm
_02800_,3.92µm
_02813_,3.92µm
_02825_,3.92µm
_02855_,3.92µm
_02966_,3.92µm
_02983_,3.92µm
_02996_,3.92µm
_03109_,3.92µm
_03113_,3.92µm
_03137_,3.92µm
_03256_,3.92µm
_03291_,3.92µm
_03293_,3.92µm
_03310_,3.92µm
_03333_,3.92µm
_03393_,3.92µm
_03409_,3.92µm
_03427_,3.92µm
_03585_,3.92µm
_03608_,3.92µm
_03662_,3.92µm
_03678_,3.92µm
_03681_,3.92µm
_03705_,3.92µm
_03712_,3.92µm
_03739_,3.92µm
_03779_,3.92µm
_03842_,3.92µm
_03853_,3.92µm
_03860_,3.92µm
_03864_,3.92µm
_03866_,3.92µm
_03944_,3.92µm
_03964_,3.92µm
_04017_,3.92µm
_04024_,3.92µm
_04128_,3.92µm
_04145_,3.92µm
_04181_,3.92µm
_04254_,3.92µm
_04269_,3.92µm
_04282_,3.92µm
_04313_,3.92µm
_04335_,3.92µm
_04465_,3.92µm
_04477_,3.92µm
_04500_,3.92µm
_04528_,3.92µm
_04616_,3.92µm
_04687_,3.92µm
_04690_,3.92µm
_04901_,3.92µm
_04910_,3.92µm
_04955_,3.92µm
_05109_,3.92µm
_05200_,3.92µm
_05420_,3.92µm
_05513_,3.92µm
_05571_,3.92µm
_05698_,3.92µm
_05768_,3.92µm
_05956_,3.92µm
_06019_,3.92µm
_06055_,3.92µm
_06059_,3.92µm
_06106_,3.92µm
_06146_,3.92µm
_06228_,3.92µm
_06251_,3.92µm
_06296_,3.92µm
_06325_,3.92µm
_06349_,3.92µm
_06373_,3.92µm
_06394_,3.92µm
_06397_,3.92µm
_06416_,3.92µm
_06430_,3.92µm
_06572_,3.92µm
_06600_,3.92µm
_06623_,3.92µm
_06635_,3.92µm
_06719_,3.92µm
_06774_,3.92µm
_06776_,3.92µm
_06905_,3.92µm
_06939_,3.92µm
_06961_,3.92µm
_07007_,3.92µm
_07075_,3.92µm
_07248_,3.92µm
_07316_,3.92µm
_07328_,3.92µm
_07549_,3.92µm
_07587_,3.92µm
_07596_,3.92µm
_07668_,3.92µm
_07710_,3.92µm
_07786_,3.92µm
_07849_,3.92µm
_07898_,3.92µm
_07915_,3.92µm
_07934_,3.92µm
_07952_,3.92µm
_07955_,3.92µm
_07992_,3.92µm
_08010_,3.92µm
_08043_,3.92µm
_08133_,3.92µm
_08163_,3.92µm
_08265_,3.92µm
_08286_,3.92µm
_08342_,3.92µm
_08364_,3.92µm
_08399_,3.92µm
_08412_,3.92µm
_08435_,3.92µm
_08553_,3.92µm
_08621_,3.92µm
_08644_,3.92µm
_08692_,3.92µm
_08749_,3.92µm
_08810_,3.92µm
_08917_,3.92µm
_08924_,3.92µm
_08934_,3.92µm
_08944_,3.92µm
_09012_,3.92µm
_09048_,3.92µm
_09147_,3.92µm
_09215_,3.92µm
_09257_,3.92µm
_09290_,3.92µm
_09369_,3.92µm
_09678_,3.92µm
_09724_,3.92µm
_09748_,3.92µm
_09783_,3.92µm
_09870_,3.92µm
_09885_,3.92µm
_09906_,3.92µm
_09912_,3.92µm
_09932_,3.92µm
_09947_,3.92µm
_09962_,3.92µm
u_transform_scheduler_core.dft12_base\[2\],3.92µm
u_transform_scheduler_core.u_fft128_modulo_controller.fetch_x1_i\[9\],3.92µm
u_transform_scheduler_core.u_mixed_radix_butterfly.product_rr_reg\[11\],3.92µm
_05511_,3.64µm
_08197_,3.56µm
_08987_,3.51µm
_01578_,3.46µm
_01973_,3.46µm
_02072_,3.46µm
_02338_,3.46µm
_02349_,3.46µm
_02381_,3.46µm
_02418_,3.46µm
_02957_,3.46µm
_03625_,3.46µm
_04097_,3.46µm
_04218_,3.46µm
_04363_,3.46µm
_04594_,3.46µm
_04671_,3.46µm
_05049_,3.46µm
_05493_,3.46µm
_05765_,3.46µm
_05799_,3.46µm
_05809_,3.46µm
_06007_,3.46µm
_06642_,3.46µm
_06690_,3.46µm
_06926_,3.46µm
_07069_,3.46µm
_07096_,3.46µm
_07152_,3.46µm
_07160_,3.46µm
_07544_,3.46µm
_07681_,3.46µm
_07686_,3.46µm
_07817_,3.46µm
_07951_,3.46µm
_08031_,3.46µm
_08072_,3.46µm
_08354_,3.46µm
_08472_,3.46µm
_08630_,3.46µm
_08768_,3.46µm
_08970_,3.46µm
_09325_,3.46µm
_09353_,3.46µm
_09703_,3.46µm
_09758_,3.46µm
_09971_,3.46µm
_09976_,3.46µm
_09982_,3.46µm
_09985_,3.46µm
_01253_,3.41µm
_02168_,3.41µm
_02878_,3.41µm
_02965_,3.41µm
_03281_,3.41µm
_03510_,3.41µm
_03562_,3.41µm
_03822_,3.41µm
_04013_,3.41µm
_04154_,3.41µm
_04589_,3.41µm
_05961_,3.41µm
_07361_,3.41µm
_07859_,3.41µm
_08582_,3.41µm
_09909_,3.41µm
_00030_,3.36µm
_00044_,3.36µm
_00070_,3.36µm
_00072_,3.36µm
_00076_,3.36µm
_00084_,3.36µm
_00092_,3.36µm
_00095_,3.36µm
_00137_,3.36µm
_00150_,3.36µm
_00195_,3.36µm
_00200_,3.36µm
_00201_,3.36µm
_00215_,3.36µm
_00219_,3.36µm
_00230_,3.36µm
_00236_,3.36µm
_00237_,3.36µm
_00244_,3.36µm
_00252_,3.36µm
_00267_,3.36µm
_00278_,3.36µm
_00287_,3.36µm
_00312_,3.36µm
_00320_,3.36µm
_00327_,3.36µm
_00382_,3.36µm
_00383_,3.36µm
_00386_,3.36µm
_00416_,3.36µm
_00425_,3.36µm
_00428_,3.36µm
_00437_,3.36µm
_00441_,3.36µm
_00460_,3.36µm
_00473_,3.36µm
_00477_,3.36µm
_00483_,3.36µm
_00489_,3.36µm
_00498_,3.36µm
_00501_,3.36µm
_00504_,3.36µm
_00517_,3.36µm
_00519_,3.36µm
_00520_,3.36µm
_00521_,3.36µm
_00532_,3.36µm
_00547_,3.36µm
_00556_,3.36µm
_00560_,3.36µm
_00584_,3.36µm
_00593_,3.36µm
_00611_,3.36µm
_00613_,3.36µm
_00625_,3.36µm
_00628_,3.36µm
_00634_,3.36µm
_00644_,3.36µm
_00647_,3.36µm
_00650_,3.36µm
_00653_,3.36µm
_00657_,3.36µm
_00658_,3.36µm
_00674_,3.36µm
_00675_,3.36µm
_00714_,3.36µm
_00716_,3.36µm
_00733_,3.36µm
_00742_,3.36µm
_00743_,3.36µm
_00747_,3.36µm
_00750_,3.36µm
_00762_,3.36µm
_00764_,3.36µm
_00792_,3.36µm
_00806_,3.36µm
_00814_,3.36µm
_00818_,3.36µm
_00824_,3.36µm
_00834_,3.36µm
_00836_,3.36µm
_00852_,3.36µm
_00860_,3.36µm
_00894_,3.36µm
_00906_,3.36µm
_00912_,3.36µm
_00913_,3.36µm
_00927_,3.36µm
_00928_,3.36µm
_00954_,3.36µm
_00978_,3.36µm
_00979_,3.36µm
_00991_,3.36µm
_01003_,3.36µm
_01007_,3.36µm
_01015_,3.36µm
_01067_,3.36µm
_01078_,3.36µm
_01080_,3.36µm
_01081_,3.36µm
_01086_,3.36µm
_01114_,3.36µm
_01117_,3.36µm
_01123_,3.36µm
_01137_,3.36µm
_01149_,3.36µm
_01152_,3.36µm
_01159_,3.36µm
_01160_,3.36µm
_01161_,3.36µm
_01171_,3.36µm
_01184_,3.36µm
_01223_,3.36µm
_01224_,3.36µm
_01240_,3.36µm
_01250_,3.36µm
_01271_,3.36µm
_01300_,3.36µm
_01340_,3.36µm
_01347_,3.36µm
_01351_,3.36µm
_01369_,3.36µm
_01372_,3.36µm
_01379_,3.36µm
_01405_,3.36µm
_01410_,3.36µm
_01429_,3.36µm
_01432_,3.36µm
_01440_,3.36µm
_01445_,3.36µm
_01457_,3.36µm
_01463_,3.36µm
_01465_,3.36µm
_01491_,3.36µm
_01520_,3.36µm
_01532_,3.36µm
_01534_,3.36µm
_01535_,3.36µm
_01548_,3.36µm
_01562_,3.36µm
_01571_,3.36µm
_01616_,3.36µm
_01621_,3.36µm
_01624_,3.36µm
_01641_,3.36µm
_01649_,3.36µm
_01662_,3.36µm
_01672_,3.36µm
_01677_,3.36µm
_01690_,3.36µm
_01698_,3.36µm
_01746_,3.36µm
_01769_,3.36µm
_01773_,3.36µm
_01786_,3.36µm
_01788_,3.36µm
_01789_,3.36µm
_01812_,3.36µm
_01823_,3.36µm
_01826_,3.36µm
_01835_,3.36µm
_01859_,3.36µm
_01861_,3.36µm
_01883_,3.36µm
_01885_,3.36µm
_01888_,3.36µm
_01892_,3.36µm
_01911_,3.36µm
_01912_,3.36µm
_01937_,3.36µm
_01944_,3.36µm
_01966_,3.36µm
_01980_,3.36µm
_02001_,3.36µm
_02007_,3.36µm
_02053_,3.36µm
_02056_,3.36µm
_02173_,3.36µm
_02354_,3.36µm
_02477_,3.36µm
_02593_,3.36µm
_02752_,3.36µm
_02823_,3.36µm
_02853_,3.36µm
_02933_,3.36µm
_02942_,3.36µm
_03003_,3.36µm
_03004_,3.36µm
_03007_,3.36µm
_03010_,3.36µm
_03076_,3.36µm
_03092_,3.36µm
_03298_,3.36µm
_03352_,3.36µm
_03379_,3.36µm
_03432_,3.36µm
_03452_,3.36µm
_03532_,3.36µm
_03586_,3.36µm
_03602_,3.36µm
_03637_,3.36µm
_03669_,3.36µm
_03704_,3.36µm
_03755_,3.36µm
_03770_,3.36µm
_03786_,3.36µm
_03808_,3.36µm
_03856_,3.36µm
_03869_,3.36µm
_03885_,3.36µm
_03896_,3.36µm
_03901_,3.36µm
_03922_,3.36µm
_03991_,3.36µm
_04005_,3.36µm
_04029_,3.36µm
_04035_,3.36µm
_04180_,3.36µm
_04200_,3.36µm
_04312_,3.36µm
_04472_,3.36µm
_04613_,3.36µm
_04636_,3.36µm
_04640_,3.36µm
_04660_,3.36µm
_04676_,3.36µm
_04703_,3.36µm
_04728_,3.36µm
_04736_,3.36µm
_04953_,3.36µm
_05106_,3.36µm
_05119_,3.36µm
_05186_,3.36µm
_05245_,3.36µm
_05254_,3.36µm
_05559_,3.36µm
_05614_,3.36µm
_05726_,3.36µm
_05755_,3.36µm
_05850_,3.36µm
_05932_,3.36µm
_06067_,3.36µm
_06129_,3.36µm
_06177_,3.36µm
_06178_,3.36µm
_06189_,3.36µm
_06240_,3.36µm
_06302_,3.36µm
_06380_,3.36µm
_06444_,3.36µm
_06464_,3.36µm
_06465_,3.36µm
_06483_,3.36µm
_06488_,3.36µm
_06522_,3.36µm
_06554_,3.36µm
_06636_,3.36µm
_06660_,3.36µm
_06694_,3.36µm
_06699_,3.36µm
_06759_,3.36µm
_06797_,3.36µm
_06941_,3.36µm
_06971_,3.36µm
_07020_,3.36µm
_07029_,3.36µm
_07064_,3.36µm
_07084_,3.36µm
_07095_,3.36µm
_07119_,3.36µm
_07122_,3.36µm
_07150_,3.36µm
_07213_,3.36µm
_07220_,3.36µm
_07253_,3.36µm
_07276_,3.36µm
_07306_,3.36µm
_07309_,3.36µm
_07333_,3.36µm
_07435_,3.36µm
_07469_,3.36µm
_07526_,3.36µm
_07539_,3.36µm
_07547_,3.36µm
_07589_,3.36µm
_07604_,3.36µm
_07605_,3.36µm
_07679_,3.36µm
_07690_,3.36µm
_07719_,3.36µm
_07734_,3.36µm
_07746_,3.36µm
_07772_,3.36µm
_07774_,3.36µm
_07900_,3.36µm
_07929_,3.36µm
_07937_,3.36µm
_07957_,3.36µm
_08019_,3.36µm
_08020_,3.36µm
_08061_,3.36µm
_08073_,3.36µm
_08095_,3.36µm
_08190_,3.36µm
_08213_,3.36µm
_08216_,3.36µm
_08235_,3.36µm
_08256_,3.36µm
_08257_,3.36µm
_08279_,3.36µm
_08288_,3.36µm
_08300_,3.36µm
_08372_,3.36µm
_08479_,3.36µm
_08485_,3.36µm
_08516_,3.36µm
_08521_,3.36µm
_08557_,3.36µm
_08591_,3.36µm
_08619_,3.36µm
_08627_,3.36µm
_08640_,3.36µm
_08701_,3.36µm
_08726_,3.36µm
_08759_,3.36µm
_08824_,3.36µm
_08862_,3.36µm
_08960_,3.36µm
_09106_,3.36µm
_09133_,3.36µm
_09136_,3.36µm
_09140_,3.36µm
_09171_,3.36µm
_09211_,3.36µm
_09273_,3.36µm
_09340_,3.36µm
_09348_,3.36µm
_09349_,3.36µm
_09362_,3.36µm
_09416_,3.36µm
_09452_,3.36µm
_09480_,3.36µm
_09514_,3.36µm
_09603_,3.36µm
_09715_,3.36µm
_09798_,3.36µm
_09804_,3.36µm
_09808_,3.36µm
_09902_,3.36µm
_09903_,3.36µm
_09904_,3.36µm
_09942_,3.36µm
_09970_,3.36µm
_10029_,3.36µm
u_transform_scheduler_core.ofdm_sample_index\[1\],3.36µm
u_transform_scheduler_core.u_mixed_radix_butterfly.twiddle_im_reg\[0\],3.36µm
_02280_,2.9µm
_02399_,2.9µm
_02503_,2.9µm
_02686_,2.9µm
_02690_,2.9µm
_02805_,2.9µm
_02837_,2.9µm
_03012_,2.9µm
_03044_,2.9µm
_03415_,2.9µm
_03502_,2.9µm
_03556_,2.9µm
_03642_,2.9µm
_03761_,2.9µm
_04410_,2.9µm
_04647_,2.9µm
_04731_,2.9µm
_05023_,2.9µm
_05490_,2.9µm
_06041_,2.9µm
_06436_,2.9µm
_06504_,2.9µm
_06684_,2.9µm
_07099_,2.9µm
_07840_,2.9µm
_08045_,2.9µm
_08164_,2.9µm
_08189_,2.9µm
_08224_,2.9µm
_08414_,2.9µm
_08671_,2.9µm
_08941_,2.9µm
_09401_,2.9µm
_09417_,2.9µm
_09510_,2.9µm
_09762_,2.9µm
_09945_,2.9µm
_03444_,2.85µm
_03709_,2.85µm
_06144_,2.85µm
_07878_,2.85µm
_08500_,2.85µm
_09961_,2.85µm
_00026_,2.8µm
_00029_,2.8µm
_00042_,2.8µm
_00045_,2.8µm
_00060_,2.8µm
_00075_,2.8µm
_00085_,2.8µm
_00107_,2.8µm
_00127_,2.8µm
_00140_,2.8µm
_00197_,2.8µm
_00206_,2.8µm
_00211_,2.8µm
_00212_,2.8µm
_00223_,2.8µm
_00225_,2.8µm
_00240_,2.8µm
_00258_,2.8µm
_00261_,2.8µm
_00286_,2.8µm
_00350_,2.8µm
_00361_,2.8µm
_00363_,2.8µm
_00434_,2.8µm
_00438_,2.8µm
_00463_,2.8µm
_00497_,2.8µm
_00499_,2.8µm
_00515_,2.8µm
_00537_,2.8µm
_00561_,2.8µm
_00583_,2.8µm
_00610_,2.8µm
_00621_,2.8µm
_00631_,2.8µm
_00636_,2.8µm
_00639_,2.8µm
_00643_,2.8µm
_00646_,2.8µm
_00660_,2.8µm
_00665_,2.8µm
_00672_,2.8µm
_00682_,2.8µm
_00685_,2.8µm
_00705_,2.8µm
_00707_,2.8µm
_00718_,2.8µm
_00722_,2.8µm
_00724_,2.8µm
_00728_,2.8µm
_00748_,2.8µm
_00749_,2.8µm
_00753_,2.8µm
_00765_,2.8µm
_00769_,2.8µm
_00775_,2.8µm
_00776_,2.8µm
_00779_,2.8µm
_00801_,2.8µm
_00827_,2.8µm
_00847_,2.8µm
_00849_,2.8µm
_00858_,2.8µm
_00861_,2.8µm
_00878_,2.8µm
_00900_,2.8µm
_00923_,2.8µm
_00934_,2.8µm
_00950_,2.8µm
_00981_,2.8µm
_00994_,2.8µm
_00995_,2.8µm
_00998_,2.8µm
_01019_,2.8µm
_01042_,2.8µm
_01056_,2.8µm
_01087_,2.8µm
_01096_,2.8µm
_01098_,2.8µm
_01115_,2.8µm
_01139_,2.8µm
_01142_,2.8µm
_01144_,2.8µm
_01153_,2.8µm
_01167_,2.8µm
_01174_,2.8µm
_01178_,2.8µm
_01201_,2.8µm
_01213_,2.8µm
_01237_,2.8µm
_01238_,2.8µm
_01239_,2.8µm
_01245_,2.8µm
_01254_,2.8µm
_01262_,2.8µm
_01264_,2.8µm
_01266_,2.8µm
_01275_,2.8µm
_01280_,2.8µm
_01285_,2.8µm
_01303_,2.8µm
_01307_,2.8µm
_01316_,2.8µm
_01317_,2.8µm
_01318_,2.8µm
_01336_,2.8µm
_01343_,2.8µm
_01358_,2.8µm
_01375_,2.8µm
_01378_,2.8µm
_01383_,2.8µm
_01384_,2.8µm
_01388_,2.8µm
_01395_,2.8µm
_01397_,2.8µm
_01398_,2.8µm
_01407_,2.8µm
_01408_,2.8µm
_01413_,2.8µm
_01430_,2.8µm
_01446_,2.8µm
_01455_,2.8µm
_01458_,2.8µm
_01461_,2.8µm
_01462_,2.8µm
_01466_,2.8µm
_01483_,2.8µm
_01489_,2.8µm
_01494_,2.8µm
_01502_,2.8µm
_01503_,2.8µm
_01504_,2.8µm
_01505_,2.8µm
_01507_,2.8µm
_01511_,2.8µm
_01512_,2.8µm
_01524_,2.8µm
_01533_,2.8µm
_01542_,2.8µm
_01544_,2.8µm
_01547_,2.8µm
_01549_,2.8µm
_01558_,2.8µm
_01561_,2.8µm
_01563_,2.8µm
_01566_,2.8µm
_01579_,2.8µm
_01581_,2.8µm
_01623_,2.8µm
_01749_,2.8µm
_01755_,2.8µm
_01800_,2.8µm
_01815_,2.8µm
_01822_,2.8µm
_01827_,2.8µm
_01830_,2.8µm
_01836_,2.8µm
_01933_,2.8µm
_01964_,2.8µm
_02035_,2.8µm
_02041_,2.8µm
_02048_,2.8µm
_02106_,2.8µm
_02134_,2.8µm
_02270_,2.8µm
_02273_,2.8µm
_02276_,2.8µm
_02306_,2.8µm
_02311_,2.8µm
_02316_,2.8µm
_02328_,2.8µm
_02394_,2.8µm
_02402_,2.8µm
_02426_,2.8µm
_02465_,2.8µm
_02529_,2.8µm
_02541_,2.8µm
_02549_,2.8µm
_02563_,2.8µm
_02637_,2.8µm
_02671_,2.8µm
_02725_,2.8µm
_02737_,2.8µm
_02739_,2.8µm
_02770_,2.8µm
_02840_,2.8µm
_02841_,2.8µm
_02846_,2.8µm
_02865_,2.8µm
_02879_,2.8µm
_02891_,2.8µm
_02894_,2.8µm
_02909_,2.8µm
_02929_,2.8µm
_02974_,2.8µm
_03023_,2.8µm
_03025_,2.8µm
_03043_,2.8µm
_03078_,2.8µm
_03087_,2.8µm
_03174_,2.8µm
_03214_,2.8µm
_03255_,2.8µm
_03274_,2.8µm
_03303_,2.8µm
_03337_,2.8µm
_03356_,2.8µm
_03381_,2.8µm
_03391_,2.8µm
_03398_,2.8µm
_03420_,2.8µm
_03450_,2.8µm
_03474_,2.8µm
_03495_,2.8µm
_03577_,2.8µm
_03619_,2.8µm
_03624_,2.8µm
_03656_,2.8µm
_03670_,2.8µm
_03710_,2.8µm
_03730_,2.8µm
_03765_,2.8µm
_03782_,2.8µm
_03787_,2.8µm
_03790_,2.8µm
_03809_,2.8µm
_03819_,2.8µm
_03823_,2.8µm
_03833_,2.8µm
_03858_,2.8µm
_03861_,2.8µm
_03863_,2.8µm
_03865_,2.8µm
_03947_,2.8µm
_03960_,2.8µm
_03981_,2.8µm
_03983_,2.8µm
_03986_,2.8µm
_03988_,2.8µm
_03992_,2.8µm
_03996_,2.8µm
_04056_,2.8µm
_04156_,2.8µm
_04240_,2.8µm
_04271_,2.8µm
_04305_,2.8µm
_04311_,2.8µm
_04317_,2.8µm
_04348_,2.8µm
_04385_,2.8µm
_04386_,2.8µm
_04387_,2.8µm
_04439_,2.8µm
_04446_,2.8µm
_04455_,2.8µm
_04513_,2.8µm
_04545_,2.8µm
_04555_,2.8µm
_04566_,2.8µm
_04577_,2.8µm
_04596_,2.8µm
_04603_,2.8µm
_04680_,2.8µm
_04895_,2.8µm
_05027_,2.8µm
_05209_,2.8µm
_05359_,2.8µm
_05408_,2.8µm
_05411_,2.8µm
_05527_,2.8µm
_05539_,2.8µm
_05623_,2.8µm
_05686_,2.8µm
_05688_,2.8µm
_05789_,2.8µm
_05880_,2.8µm
_05899_,2.8µm
_05908_,2.8µm
_05916_,2.8µm
_05925_,2.8µm
_05959_,2.8µm
_05975_,2.8µm
_05976_,2.8µm
_05990_,2.8µm
_05992_,2.8µm
_06002_,2.8µm
_06139_,2.8µm
_06192_,2.8µm
_06199_,2.8µm
_06203_,2.8µm
_06268_,2.8µm
_06288_,2.8µm
_06399_,2.8µm
_06408_,2.8µm
_06410_,2.8µm
_06446_,2.8µm
_06458_,2.8µm
_06536_,2.8µm
_06648_,2.8µm
_06681_,2.8µm
_06705_,2.8µm
_06717_,2.8µm
_06730_,2.8µm
_06762_,2.8µm
_06787_,2.8µm
_06801_,2.8µm
_06809_,2.8µm
_06830_,2.8µm
_06923_,2.8µm
_06936_,2.8µm
_06966_,2.8µm
_06967_,2.8µm
_06977_,2.8µm
_07005_,2.8µm
_07168_,2.8µm
_07207_,2.8µm
_07215_,2.8µm
_07232_,2.8µm
_07270_,2.8µm
_07301_,2.8µm
_07307_,2.8µm
_07319_,2.8µm
_07402_,2.8µm
_07481_,2.8µm
_07496_,2.8µm
_07518_,2.8µm
_07531_,2.8µm
_07550_,2.8µm
_07703_,2.8µm
_07705_,2.8µm
_07787_,2.8µm
_07887_,2.8µm
_07922_,2.8µm
_07928_,2.8µm
_07954_,2.8µm
_07956_,2.8µm
_07961_,2.8µm
_08025_,2.8µm
_08048_,2.8µm
_08050_,2.8µm
_08064_,2.8µm
_08147_,2.8µm
_08177_,2.8µm
_08183_,2.8µm
_08221_,2.8µm
_08474_,2.8µm
_08489_,2.8µm
_08496_,2.8µm
_08539_,2.8µm
_08550_,2.8µm
_08552_,2.8µm
_08584_,2.8µm
_08603_,2.8µm
_08698_,2.8µm
_08715_,2.8µm
_08716_,2.8µm
_08782_,2.8µm
_08876_,2.8µm
_08909_,2.8µm
_08989_,2.8µm
_08990_,2.8µm
_08997_,2.8µm
_09028_,2.8µm
_09031_,2.8µm
_09069_,2.8µm
_09176_,2.8µm
_09223_,2.8µm
_09291_,2.8µm
_09373_,2.8µm
_09386_,2.8µm
_09476_,2.8µm
_09483_,2.8µm
_09513_,2.8µm
_09518_,2.8µm
_09564_,2.8µm
_09574_,2.8µm
_09582_,2.8µm
_09682_,2.8µm
_09691_,2.8µm
_09707_,2.8µm
_09800_,2.8µm
_09805_,2.8µm
_09895_,2.8µm
_09918_,2.8µm
_09928_,2.8µm
_09954_,2.8µm
_09972_,2.8µm
_09986_,2.8µm
_09994_,2.8µm
u_transform_scheduler_core.u_fdiq_output_adapter.sample_q_reg\[15\],2.8µm
_01667_,2.74µm
_02014_,2.34µm
_02137_,2.34µm
_02144_,2.34µm
_02590_,2.34µm
_02709_,2.34µm
_02731_,2.34µm
_02824_,2.34µm
_02845_,2.34µm
_02882_,2.34µm
_03079_,2.34µm
_03083_,2.34µm
_03088_,2.34µm
_03104_,2.34µm
_03111_,2.34µm
_03128_,2.34µm
_03300_,2.34µm
_03655_,2.34µm
_04324_,2.34µm
_04353_,2.34µm
_04368_,2.34µm
_04380_,2.34µm
_04497_,2.34µm
_06484_,2.34µm
_06577_,2.34µm
_06750_,2.34µm
_06821_,2.34µm
_06925_,2.34µm
_06954_,2.34µm
_07071_,2.34µm
_07094_,2.34µm
_07151_,2.34µm
_07166_,2.34µm
_07199_,2.34µm
_07263_,2.34µm
_07268_,2.34µm
_07282_,2.34µm
_07295_,2.34µm
_07568_,2.34µm
_07621_,2.34µm
_07660_,2.34µm
_07893_,2.34µm
_07933_,2.34µm
_07959_,2.34µm
_08956_,2.34µm
_08994_,2.34µm
_09102_,2.34µm
_03703_,2.29µm
_03763_,2.29µm
_06655_,2.29µm
_07447_,2.29µm
_08009_,2.29µm
_08280_,2.29µm
_08308_,2.29µm
_08977_,2.29µm
_01146_,2.24µm
_01156_,2.24µm
_01205_,2.24µm
_01208_,2.24µm
_01256_,2.24µm
_01265_,2.24µm
_01270_,2.24µm
_01283_,2.24µm
_01306_,2.24µm
_01323_,2.24µm
_01350_,2.24µm
_01360_,2.24µm
_01396_,2.24µm
_01402_,2.24µm
_01404_,2.24µm
_01415_,2.24µm
_01453_,2.24µm
_01460_,2.24µm
_01464_,2.24µm
_01467_,2.24µm
_01468_,2.24µm
_01484_,2.24µm
_01490_,2.24µm
_01501_,2.24µm
_01510_,2.24µm
_01514_,2.24µm
_01556_,2.24µm
_01636_,2.24µm
_01645_,2.24µm
_01660_,2.24µm
_01737_,2.24µm
_01747_,2.24µm
_01751_,2.24µm
_01752_,2.24µm
_01768_,2.24µm
_01781_,2.24µm
_01794_,2.24µm
_01796_,2.24µm
_01993_,2.24µm
_02320_,2.24µm
_02336_,2.24µm
_02410_,2.24µm
_02437_,2.24µm
_02484_,2.24µm
_02605_,2.24µm
_02786_,2.24µm
_02880_,2.24µm
_03073_,2.24µm
_03081_,2.24µm
_03098_,2.24µm
_03102_,2.24µm
_03115_,2.24µm
_03117_,2.24µm
_03123_,2.24µm
_03302_,2.24µm
_03325_,2.24µm
_03369_,2.24µm
_03377_,2.24µm
_03402_,2.24µm
_03413_,2.24µm
_03419_,2.24µm
_03449_,2.24µm
_03475_,2.24µm
_03509_,2.24µm
_03605_,2.24µm
_03633_,2.24µm
_03721_,2.24µm
_03742_,2.24µm
_03747_,2.24µm
_03772_,2.24µm
_03778_,2.24µm
_03791_,2.24µm
_03826_,2.24µm
_03828_,2.24µm
_03836_,2.24µm
_03882_,2.24µm
_04050_,2.24µm
_04125_,2.24µm
_04235_,2.24µm
_04256_,2.24µm
_04281_,2.24µm
_04365_,2.24µm
_04466_,2.24µm
_04470_,2.24µm
_04492_,2.24µm
_04626_,2.24µm
_05212_,2.24µm
_05472_,2.24µm
_05486_,2.24µm
_05647_,2.24µm
_05731_,2.24µm
_05825_,2.24µm
_05830_,2.24µm
_05865_,2.24µm
_05937_,2.24µm
_06039_,2.24µm
_06044_,2.24µm
_06337_,2.24µm
_06415_,2.24µm
_06432_,2.24µm
_06480_,2.24µm
_06836_,2.24µm
_06841_,2.24µm
_06846_,2.24µm
_06850_,2.24µm
_06852_,2.24µm
_07027_,2.24µm
_07051_,2.24µm
_07074_,2.24µm
_07126_,2.24µm
_07138_,2.24µm
_07144_,2.24µm
_07146_,2.24µm
_07167_,2.24µm
_07180_,2.24µm
_07192_,2.24µm
_07205_,2.24µm
_07277_,2.24µm
_07317_,2.24µm
_07456_,2.24µm
_07500_,2.24µm
_07582_,2.24µm
_07637_,2.24µm
_07665_,2.24µm
_07733_,2.24µm
_07788_,2.24µm
_07826_,2.24µm
_07876_,2.24µm
_07894_,2.24µm
_07941_,2.24µm
_08082_,2.24µm
_08138_,2.24µm
_08162_,2.24µm
_08167_,2.24µm
_08255_,2.24µm
_08397_,2.24µm
_08409_,2.24µm
_08446_,2.24µm
_08564_,2.24µm
_08735_,2.24µm
_08757_,2.24µm
_08760_,2.24µm
_08771_,2.24µm
_08775_,2.24µm
_08828_,2.24µm
_08863_,2.24µm
_09020_,2.24µm
_09137_,2.24µm
_09310_,2.24µm
_09335_,2.24µm
_09468_,2.24µm
_09521_,2.24µm
_09523_,2.24µm
_09714_,2.24µm
_09880_,2.24µm
_10014_,2.24µm
u_transform_scheduler_core.ofdm_sample_i\[5\],2.24µm
u_transform_scheduler_core.u_mixed_radix_butterfly.twiddle_im_reg\[7\],2.24µm
_06274_,1.96µm
_03754_,1.78µm
_08287_,1.78µm
_08322_,1.78µm
_08928_,1.78µm
_05029_,1.73µm
_02019_,1.68µm
_02032_,1.68µm
_02069_,1.68µm
_02222_,1.68µm
_02420_,1.68µm
_02490_,1.68µm
_02538_,1.68µm
_02913_,1.68µm
_02987_,1.68µm
_02999_,1.68µm
_03204_,1.68µm
_03254_,1.68µm
_03557_,1.68µm
_03731_,1.68µm
_03774_,1.68µm
_04046_,1.68µm
_04102_,1.68µm
_04174_,1.68µm
_04230_,1.68µm
_04233_,1.68µm
_04433_,1.68µm
_04623_,1.68µm
_05051_,1.68µm
_05305_,1.68µm
_05465_,1.68µm
_06155_,1.68µm
_06327_,1.68µm
_06392_,1.68µm
_06419_,1.68µm
_06619_,1.68µm
_06829_,1.68µm
_06860_,1.68µm
_07300_,1.68µm
_07504_,1.68µm
_07538_,1.68µm
_07688_,1.68µm
_07741_,1.68µm
_07909_,1.68µm
_08096_,1.68µm
_08176_,1.68µm
_08401_,1.68µm
_08843_,1.68µm
_08877_,1.68µm
_08955_,1.68µm
_09079_,1.68µm
_09121_,1.68µm
_09125_,1.68µm
_09294_,1.68µm
_09520_,1.68µm
_10021_,1.68µm
_09527_,1.45µm
_06617_,1.22µm
_07659_,1.22µm
_09187_,1.22µm
_02145_,1.12µm
_02670_,1.12µm
_02692_,1.12µm
_02704_,1.12µm
_02864_,1.12µm
_02989_,1.12µm
_03745_,1.12µm
_04030_,1.12µm
_04135_,1.12µm
_04151_,1.12µm
_04534_,1.12µm
_05063_,1.12µm
_05071_,1.12µm
_05347_,1.12µm
_05422_,1.12µm
_05445_,1.12µm
_05507_,1.12µm
_05594_,1.12µm
_05712_,1.12µm
_06027_,1.12µm
_06431_,1.12µm
_06433_,1.12µm
_06481_,1.12µm
_06507_,1.12µm
_06568_,1.12µm
_06842_,1.12µm
_07657_,1.12µm
_07662_,1.12µm
_07907_,1.12µm
_08014_,1.12µm
_08075_,1.12µm
_08145_,1.12µm
_08352_,1.12µm
_08681_,1.12µm
_08763_,1.12µm
_09101_,1.12µm
_09135_,1.12µm
_09467_,1.12µm
_09503_,1.12µm
_09524_,1.12µm
_09620_,1.12µm
_09719_,1.12µm
_09855_,1.12µm
u_transform_scheduler_core.tx_sample_index\[0\],1.12µm
u_transform_scheduler_core.u_mixed_radix_butterfly.product_iq_reg\[13\],1.12µm
u_transform_scheduler_core.u_mixed_radix_butterfly.product_iq_reg\[3\],1.12µm
u_transform_scheduler_core.u_mixed_radix_butterfly.twiddle_im_reg\[4\],1.12µm
