
33. Executing CHECK pass (checking for obvious problems).
Checking module butterfold_top...
Warning: Wire butterfold_top.\ofdm_output_bytes$func$/foss/designs/butterfold/butterfold_proto/rtl/top/butterfold_top.sv:248$10.c [7] is used but has no driver.
Warning: Wire butterfold_top.\ofdm_output_bytes$func$/foss/designs/butterfold/butterfold_proto/rtl/top/butterfold_top.sv:248$10.c [6] is used but has no driver.
Warning: Wire butterfold_top.\ofdm_output_bytes$func$/foss/designs/butterfold/butterfold_proto/rtl/top/butterfold_top.sv:248$10.c [5] is used but has no driver.
Warning: Wire butterfold_top.\ofdm_output_bytes$func$/foss/designs/butterfold/butterfold_proto/rtl/top/butterfold_top.sv:248$10.c [4] is used but has no driver.
Warning: Wire butterfold_top.\ofdm_output_bytes$func$/foss/designs/butterfold/butterfold_proto/rtl/top/butterfold_top.sv:248$10.c [3] is used but has no driver.
Warning: Wire butterfold_top.\ofdm_output_bytes$func$/foss/designs/butterfold/butterfold_proto/rtl/top/butterfold_top.sv:248$10.c [2] is used but has no driver.
Warning: Wire butterfold_top.\ofdm_output_bytes$func$/foss/designs/butterfold/butterfold_proto/rtl/top/butterfold_top.sv:248$10.c [1] is used but has no driver.
Warning: Wire butterfold_top.\ofdm_output_bytes$func$/foss/designs/butterfold/butterfold_proto/rtl/top/butterfold_top.sv:248$10.c [0] is used but has no driver.
Warning: Wire butterfold_top.\ofdm_output_bytes$func$/foss/designs/butterfold/butterfold_proto/rtl/top/butterfold_top.sv:248$10.$result [8] is used but has no driver.
Warning: Wire butterfold_top.\ofdm_output_bytes$func$/foss/designs/butterfold/butterfold_proto/rtl/top/butterfold_top.sv:248$10.$result [7] is used but has no driver.
Warning: Wire butterfold_top.\ofdm_output_bytes$func$/foss/designs/butterfold/butterfold_proto/rtl/top/butterfold_top.sv:248$10.$result [6] is used but has no driver.
Warning: Wire butterfold_top.\ofdm_output_bytes$func$/foss/designs/butterfold/butterfold_proto/rtl/top/butterfold_top.sv:248$10.$result [5] is used but has no driver.
Warning: Wire butterfold_top.\ofdm_output_bytes$func$/foss/designs/butterfold/butterfold_proto/rtl/top/butterfold_top.sv:248$10.$result [4] is used but has no driver.
Warning: Wire butterfold_top.\ofdm_output_bytes$func$/foss/designs/butterfold/butterfold_proto/rtl/top/butterfold_top.sv:248$10.$result [3] is used but has no driver.
Warning: Wire butterfold_top.\ofdm_output_bytes$func$/foss/designs/butterfold/butterfold_proto/rtl/top/butterfold_top.sv:248$10.$result [2] is used but has no driver.
Warning: Wire butterfold_top.\ofdm_output_bytes$func$/foss/designs/butterfold/butterfold_proto/rtl/top/butterfold_top.sv:248$10.$result [1] is used but has no driver.
Warning: Wire butterfold_top.\ofdm_output_bytes$func$/foss/designs/butterfold/butterfold_proto/rtl/top/butterfold_top.sv:248$10.$result [0] is used but has no driver.
Warning: Wire butterfold_top.\transform_input_bytes$func$/foss/designs/butterfold/butterfold_proto/rtl/top/butterfold_top.sv:247$9.c [7] is used but has no driver.
Warning: Wire butterfold_top.\transform_input_bytes$func$/foss/designs/butterfold/butterfold_proto/rtl/top/butterfold_top.sv:247$9.c [6] is used but has no driver.
Warning: Wire butterfold_top.\transform_input_bytes$func$/foss/designs/butterfold/butterfold_proto/rtl/top/butterfold_top.sv:247$9.c [5] is used but has no driver.
Warning: Wire butterfold_top.\transform_input_bytes$func$/foss/designs/butterfold/butterfold_proto/rtl/top/butterfold_top.sv:247$9.c [4] is used but has no driver.
Warning: Wire butterfold_top.\transform_input_bytes$func$/foss/designs/butterfold/butterfold_proto/rtl/top/butterfold_top.sv:247$9.c [3] is used but has no driver.
Warning: Wire butterfold_top.\transform_input_bytes$func$/foss/designs/butterfold/butterfold_proto/rtl/top/butterfold_top.sv:247$9.c [2] is used but has no driver.
Warning: Wire butterfold_top.\transform_input_bytes$func$/foss/designs/butterfold/butterfold_proto/rtl/top/butterfold_top.sv:247$9.c [1] is used but has no driver.
Warning: Wire butterfold_top.\transform_input_bytes$func$/foss/designs/butterfold/butterfold_proto/rtl/top/butterfold_top.sv:247$9.c [0] is used but has no driver.
Warning: Wire butterfold_top.\transform_input_bytes$func$/foss/designs/butterfold/butterfold_proto/rtl/top/butterfold_top.sv:247$9.$result [8] is used but has no driver.
Warning: Wire butterfold_top.\transform_input_bytes$func$/foss/designs/butterfold/butterfold_proto/rtl/top/butterfold_top.sv:247$9.$result [7] is used but has no driver.
Warning: Wire butterfold_top.\transform_input_bytes$func$/foss/designs/butterfold/butterfold_proto/rtl/top/butterfold_top.sv:247$9.$result [6] is used but has no driver.
Warning: Wire butterfold_top.\transform_input_bytes$func$/foss/designs/butterfold/butterfold_proto/rtl/top/butterfold_top.sv:247$9.$result [5] is used but has no driver.
Warning: Wire butterfold_top.\transform_input_bytes$func$/foss/designs/butterfold/butterfold_proto/rtl/top/butterfold_top.sv:247$9.$result [4] is used but has no driver.
Warning: Wire butterfold_top.\transform_input_bytes$func$/foss/designs/butterfold/butterfold_proto/rtl/top/butterfold_top.sv:247$9.$result [3] is used but has no driver.
Warning: Wire butterfold_top.\transform_input_bytes$func$/foss/designs/butterfold/butterfold_proto/rtl/top/butterfold_top.sv:247$9.$result [2] is used but has no driver.
Warning: Wire butterfold_top.\transform_input_bytes$func$/foss/designs/butterfold/butterfold_proto/rtl/top/butterfold_top.sv:247$9.$result [1] is used but has no driver.
Warning: Wire butterfold_top.\transform_input_bytes$func$/foss/designs/butterfold/butterfold_proto/rtl/top/butterfold_top.sv:247$9.$result [0] is used but has no driver.
Warning: Wire butterfold_top.\is_ofdm$func$/foss/designs/butterfold/butterfold_proto/rtl/top/butterfold_top.sv:246$8.c [7] is used but has no driver.
Warning: Wire butterfold_top.\is_ofdm$func$/foss/designs/butterfold/butterfold_proto/rtl/top/butterfold_top.sv:246$8.c [6] is used but has no driver.
Warning: Wire butterfold_top.\is_ofdm$func$/foss/designs/butterfold/butterfold_proto/rtl/top/butterfold_top.sv:246$8.c [5] is used but has no driver.
Warning: Wire butterfold_top.\is_ofdm$func$/foss/designs/butterfold/butterfold_proto/rtl/top/butterfold_top.sv:246$8.c [4] is used but has no driver.
Warning: Wire butterfold_top.\is_ofdm$func$/foss/designs/butterfold/butterfold_proto/rtl/top/butterfold_top.sv:246$8.c [3] is used but has no driver.
Warning: Wire butterfold_top.\is_ofdm$func$/foss/designs/butterfold/butterfold_proto/rtl/top/butterfold_top.sv:246$8.c [2] is used but has no driver.
Warning: Wire butterfold_top.\is_ofdm$func$/foss/designs/butterfold/butterfold_proto/rtl/top/butterfold_top.sv:246$8.c [1] is used but has no driver.
Warning: Wire butterfold_top.\is_ofdm$func$/foss/designs/butterfold/butterfold_proto/rtl/top/butterfold_top.sv:246$8.c [0] is used but has no driver.
Warning: Wire butterfold_top.\is_ofdm$func$/foss/designs/butterfold/butterfold_proto/rtl/top/butterfold_top.sv:246$8.$result is used but has no driver.
Warning: Wire butterfold_top.\is_standalone$func$/foss/designs/butterfold/butterfold_proto/rtl/top/butterfold_top.sv:245$7.c [7] is used but has no driver.
Warning: Wire butterfold_top.\is_standalone$func$/foss/designs/butterfold/butterfold_proto/rtl/top/butterfold_top.sv:245$7.c [6] is used but has no driver.
Warning: Wire butterfold_top.\is_standalone$func$/foss/designs/butterfold/butterfold_proto/rtl/top/butterfold_top.sv:245$7.c [5] is used but has no driver.
Warning: Wire butterfold_top.\is_standalone$func$/foss/designs/butterfold/butterfold_proto/rtl/top/butterfold_top.sv:245$7.c [4] is used but has no driver.
Warning: Wire butterfold_top.\is_standalone$func$/foss/designs/butterfold/butterfold_proto/rtl/top/butterfold_top.sv:245$7.c [3] is used but has no driver.
Warning: Wire butterfold_top.\is_standalone$func$/foss/designs/butterfold/butterfold_proto/rtl/top/butterfold_top.sv:245$7.c [2] is used but has no driver.
Warning: Wire butterfold_top.\is_standalone$func$/foss/designs/butterfold/butterfold_proto/rtl/top/butterfold_top.sv:245$7.c [1] is used but has no driver.
Warning: Wire butterfold_top.\is_standalone$func$/foss/designs/butterfold/butterfold_proto/rtl/top/butterfold_top.sv:245$7.c [0] is used but has no driver.
Warning: Wire butterfold_top.\is_standalone$func$/foss/designs/butterfold/butterfold_proto/rtl/top/butterfold_top.sv:245$7.$result is used but has no driver.
Warning: Wire butterfold_top.\is_ofdm$func$/foss/designs/butterfold/butterfold_proto/rtl/top/butterfold_top.sv:244$6.c [7] is used but has no driver.
Warning: Wire butterfold_top.\is_ofdm$func$/foss/designs/butterfold/butterfold_proto/rtl/top/butterfold_top.sv:244$6.c [6] is used but has no driver.
Warning: Wire butterfold_top.\is_ofdm$func$/foss/designs/butterfold/butterfold_proto/rtl/top/butterfold_top.sv:244$6.c [5] is used but has no driver.
Warning: Wire butterfold_top.\is_ofdm$func$/foss/designs/butterfold/butterfold_proto/rtl/top/butterfold_top.sv:244$6.c [4] is used but has no driver.
Warning: Wire butterfold_top.\is_ofdm$func$/foss/designs/butterfold/butterfold_proto/rtl/top/butterfold_top.sv:244$6.c [3] is used but has no driver.
Warning: Wire butterfold_top.\is_ofdm$func$/foss/designs/butterfold/butterfold_proto/rtl/top/butterfold_top.sv:244$6.c [2] is used but has no driver.
Warning: Wire butterfold_top.\is_ofdm$func$/foss/designs/butterfold/butterfold_proto/rtl/top/butterfold_top.sv:244$6.c [1] is used but has no driver.
Warning: Wire butterfold_top.\is_ofdm$func$/foss/designs/butterfold/butterfold_proto/rtl/top/butterfold_top.sv:244$6.c [0] is used but has no driver.
Warning: Wire butterfold_top.\is_ofdm$func$/foss/designs/butterfold/butterfold_proto/rtl/top/butterfold_top.sv:244$6.$result is used but has no driver.
Warning: Wire butterfold_top.\is_standalone$func$/foss/designs/butterfold/butterfold_proto/rtl/top/butterfold_top.sv:244$5.c [7] is used but has no driver.
Warning: Wire butterfold_top.\is_standalone$func$/foss/designs/butterfold/butterfold_proto/rtl/top/butterfold_top.sv:244$5.c [6] is used but has no driver.
Warning: Wire butterfold_top.\is_standalone$func$/foss/designs/butterfold/butterfold_proto/rtl/top/butterfold_top.sv:244$5.c [5] is used but has no driver.
Warning: Wire butterfold_top.\is_standalone$func$/foss/designs/butterfold/butterfold_proto/rtl/top/butterfold_top.sv:244$5.c [4] is used but has no driver.
Warning: Wire butterfold_top.\is_standalone$func$/foss/designs/butterfold/butterfold_proto/rtl/top/butterfold_top.sv:244$5.c [3] is used but has no driver.
Warning: Wire butterfold_top.\is_standalone$func$/foss/designs/butterfold/butterfold_proto/rtl/top/butterfold_top.sv:244$5.c [2] is used but has no driver.
Warning: Wire butterfold_top.\is_standalone$func$/foss/designs/butterfold/butterfold_proto/rtl/top/butterfold_top.sv:244$5.c [1] is used but has no driver.
Warning: Wire butterfold_top.\is_standalone$func$/foss/designs/butterfold/butterfold_proto/rtl/top/butterfold_top.sv:244$5.c [0] is used but has no driver.
Warning: Wire butterfold_top.\is_standalone$func$/foss/designs/butterfold/butterfold_proto/rtl/top/butterfold_top.sv:244$5.$result is used but has no driver.
Warning: Wire butterfold_top.\is_rx$func$/foss/designs/butterfold/butterfold_proto/rtl/top/butterfold_top.sv:277$12.c [7] is used but has no driver.
Warning: Wire butterfold_top.\is_rx$func$/foss/designs/butterfold/butterfold_proto/rtl/top/butterfold_top.sv:277$12.c [6] is used but has no driver.
Warning: Wire butterfold_top.\is_rx$func$/foss/designs/butterfold/butterfold_proto/rtl/top/butterfold_top.sv:277$12.c [5] is used but has no driver.
Warning: Wire butterfold_top.\is_rx$func$/foss/designs/butterfold/butterfold_proto/rtl/top/butterfold_top.sv:277$12.c [4] is used but has no driver.
Warning: Wire butterfold_top.\is_rx$func$/foss/designs/butterfold/butterfold_proto/rtl/top/butterfold_top.sv:277$12.c [3] is used but has no driver.
Warning: Wire butterfold_top.\is_rx$func$/foss/designs/butterfold/butterfold_proto/rtl/top/butterfold_top.sv:277$12.c [2] is used but has no driver.
Warning: Wire butterfold_top.\is_rx$func$/foss/designs/butterfold/butterfold_proto/rtl/top/butterfold_top.sv:277$12.c [1] is used but has no driver.
Warning: Wire butterfold_top.\is_rx$func$/foss/designs/butterfold/butterfold_proto/rtl/top/butterfold_top.sv:277$12.c [0] is used but has no driver.
Warning: Wire butterfold_top.\is_rx$func$/foss/designs/butterfold/butterfold_proto/rtl/top/butterfold_top.sv:277$12.$result is used but has no driver.
Warning: Wire butterfold_top.\is_ofdm$func$/foss/designs/butterfold/butterfold_proto/rtl/top/butterfold_top.sv:262$11.c [7] is used but has no driver.
Warning: Wire butterfold_top.\is_ofdm$func$/foss/designs/butterfold/butterfold_proto/rtl/top/butterfold_top.sv:262$11.c [6] is used but has no driver.
Warning: Wire butterfold_top.\is_ofdm$func$/foss/designs/butterfold/butterfold_proto/rtl/top/butterfold_top.sv:262$11.c [5] is used but has no driver.
Warning: Wire butterfold_top.\is_ofdm$func$/foss/designs/butterfold/butterfold_proto/rtl/top/butterfold_top.sv:262$11.c [4] is used but has no driver.
Warning: Wire butterfold_top.\is_ofdm$func$/foss/designs/butterfold/butterfold_proto/rtl/top/butterfold_top.sv:262$11.c [3] is used but has no driver.
Warning: Wire butterfold_top.\is_ofdm$func$/foss/designs/butterfold/butterfold_proto/rtl/top/butterfold_top.sv:262$11.c [2] is used but has no driver.
Warning: Wire butterfold_top.\is_ofdm$func$/foss/designs/butterfold/butterfold_proto/rtl/top/butterfold_top.sv:262$11.c [1] is used but has no driver.
Warning: Wire butterfold_top.\is_ofdm$func$/foss/designs/butterfold/butterfold_proto/rtl/top/butterfold_top.sv:262$11.c [0] is used but has no driver.
Warning: Wire butterfold_top.\is_ofdm$func$/foss/designs/butterfold/butterfold_proto/rtl/top/butterfold_top.sv:262$11.$result is used but has no driver.
Checking module gf180_sram_256x16_complex...
Checking module tdiq_input_cp_remove...
Warning: Wire tdiq_input_cp_remove.\sign_extend_q17$func$/foss/designs/butterfold/butterfold_proto/rtl/io/tdiq_input_cp_remove.sv:127$1948.value [7] is used but has no driver.
Warning: Wire tdiq_input_cp_remove.\sign_extend_q17$func$/foss/designs/butterfold/butterfold_proto/rtl/io/tdiq_input_cp_remove.sv:127$1948.value [6] is used but has no driver.
Warning: Wire tdiq_input_cp_remove.\sign_extend_q17$func$/foss/designs/butterfold/butterfold_proto/rtl/io/tdiq_input_cp_remove.sv:127$1948.value [5] is used but has no driver.
Warning: Wire tdiq_input_cp_remove.\sign_extend_q17$func$/foss/designs/butterfold/butterfold_proto/rtl/io/tdiq_input_cp_remove.sv:127$1948.value [4] is used but has no driver.
Warning: Wire tdiq_input_cp_remove.\sign_extend_q17$func$/foss/designs/butterfold/butterfold_proto/rtl/io/tdiq_input_cp_remove.sv:127$1948.value [3] is used but has no driver.
Warning: Wire tdiq_input_cp_remove.\sign_extend_q17$func$/foss/designs/butterfold/butterfold_proto/rtl/io/tdiq_input_cp_remove.sv:127$1948.value [2] is used but has no driver.
Warning: Wire tdiq_input_cp_remove.\sign_extend_q17$func$/foss/designs/butterfold/butterfold_proto/rtl/io/tdiq_input_cp_remove.sv:127$1948.value [1] is used but has no driver.
Warning: Wire tdiq_input_cp_remove.\sign_extend_q17$func$/foss/designs/butterfold/butterfold_proto/rtl/io/tdiq_input_cp_remove.sv:127$1948.value [0] is used but has no driver.
Warning: Wire tdiq_input_cp_remove.\sign_extend_q17$func$/foss/designs/butterfold/butterfold_proto/rtl/io/tdiq_input_cp_remove.sv:127$1948.$result [15] is used but has no driver.
Warning: Wire tdiq_input_cp_remove.\sign_extend_q17$func$/foss/designs/butterfold/butterfold_proto/rtl/io/tdiq_input_cp_remove.sv:127$1948.$result [14] is used but has no driver.
Warning: Wire tdiq_input_cp_remove.\sign_extend_q17$func$/foss/designs/butterfold/butterfold_proto/rtl/io/tdiq_input_cp_remove.sv:127$1948.$result [13] is used but has no driver.
Warning: Wire tdiq_input_cp_remove.\sign_extend_q17$func$/foss/designs/butterfold/butterfold_proto/rtl/io/tdiq_input_cp_remove.sv:127$1948.$result [12] is used but has no driver.
Warning: Wire tdiq_input_cp_remove.\sign_extend_q17$func$/foss/designs/butterfold/butterfold_proto/rtl/io/tdiq_input_cp_remove.sv:127$1948.$result [11] is used but has no driver.
Warning: Wire tdiq_input_cp_remove.\sign_extend_q17$func$/foss/designs/butterfold/butterfold_proto/rtl/io/tdiq_input_cp_remove.sv:127$1948.$result [10] is used but has no driver.
Warning: Wire tdiq_input_cp_remove.\sign_extend_q17$func$/foss/designs/butterfold/butterfold_proto/rtl/io/tdiq_input_cp_remove.sv:127$1948.$result [9] is used but has no driver.
Warning: Wire tdiq_input_cp_remove.\sign_extend_q17$func$/foss/designs/butterfold/butterfold_proto/rtl/io/tdiq_input_cp_remove.sv:127$1948.$result [8] is used but has no driver.
Warning: Wire tdiq_input_cp_remove.\sign_extend_q17$func$/foss/designs/butterfold/butterfold_proto/rtl/io/tdiq_input_cp_remove.sv:127$1948.$result [7] is used but has no driver.
Warning: Wire tdiq_input_cp_remove.\sign_extend_q17$func$/foss/designs/butterfold/butterfold_proto/rtl/io/tdiq_input_cp_remove.sv:127$1948.$result [6] is used but has no driver.
Warning: Wire tdiq_input_cp_remove.\sign_extend_q17$func$/foss/designs/butterfold/butterfold_proto/rtl/io/tdiq_input_cp_remove.sv:127$1948.$result [5] is used but has no driver.
Warning: Wire tdiq_input_cp_remove.\sign_extend_q17$func$/foss/designs/butterfold/butterfold_proto/rtl/io/tdiq_input_cp_remove.sv:127$1948.$result [4] is used but has no driver.
Warning: Wire tdiq_input_cp_remove.\sign_extend_q17$func$/foss/designs/butterfold/butterfold_proto/rtl/io/tdiq_input_cp_remove.sv:127$1948.$result [3] is used but has no driver.
Warning: Wire tdiq_input_cp_remove.\sign_extend_q17$func$/foss/designs/butterfold/butterfold_proto/rtl/io/tdiq_input_cp_remove.sv:127$1948.$result [2] is used but has no driver.
Warning: Wire tdiq_input_cp_remove.\sign_extend_q17$func$/foss/designs/butterfold/butterfold_proto/rtl/io/tdiq_input_cp_remove.sv:127$1948.$result [1] is used but has no driver.
Warning: Wire tdiq_input_cp_remove.\sign_extend_q17$func$/foss/designs/butterfold/butterfold_proto/rtl/io/tdiq_input_cp_remove.sv:127$1948.$result [0] is used but has no driver.
Warning: Wire tdiq_input_cp_remove.\sign_extend_q17$func$/foss/designs/butterfold/butterfold_proto/rtl/io/tdiq_input_cp_remove.sv:121$1947.value [7] is used but has no driver.
Warning: Wire tdiq_input_cp_remove.\sign_extend_q17$func$/foss/designs/butterfold/butterfold_proto/rtl/io/tdiq_input_cp_remove.sv:121$1947.value [6] is used but has no driver.
Warning: Wire tdiq_input_cp_remove.\sign_extend_q17$func$/foss/designs/butterfold/butterfold_proto/rtl/io/tdiq_input_cp_remove.sv:121$1947.value [5] is used but has no driver.
Warning: Wire tdiq_input_cp_remove.\sign_extend_q17$func$/foss/designs/butterfold/butterfold_proto/rtl/io/tdiq_input_cp_remove.sv:121$1947.value [4] is used but has no driver.
Warning: Wire tdiq_input_cp_remove.\sign_extend_q17$func$/foss/designs/butterfold/butterfold_proto/rtl/io/tdiq_input_cp_remove.sv:121$1947.value [3] is used but has no driver.
Warning: Wire tdiq_input_cp_remove.\sign_extend_q17$func$/foss/designs/butterfold/butterfold_proto/rtl/io/tdiq_input_cp_remove.sv:121$1947.value [2] is used but has no driver.
Warning: Wire tdiq_input_cp_remove.\sign_extend_q17$func$/foss/designs/butterfold/butterfold_proto/rtl/io/tdiq_input_cp_remove.sv:121$1947.value [1] is used but has no driver.
Warning: Wire tdiq_input_cp_remove.\sign_extend_q17$func$/foss/designs/butterfold/butterfold_proto/rtl/io/tdiq_input_cp_remove.sv:121$1947.value [0] is used but has no driver.
Warning: Wire tdiq_input_cp_remove.\sign_extend_q17$func$/foss/designs/butterfold/butterfold_proto/rtl/io/tdiq_input_cp_remove.sv:121$1947.$result [15] is used but has no driver.
Warning: Wire tdiq_input_cp_remove.\sign_extend_q17$func$/foss/designs/butterfold/butterfold_proto/rtl/io/tdiq_input_cp_remove.sv:121$1947.$result [14] is used but has no driver.
Warning: Wire tdiq_input_cp_remove.\sign_extend_q17$func$/foss/designs/butterfold/butterfold_proto/rtl/io/tdiq_input_cp_remove.sv:121$1947.$result [13] is used but has no driver.
Warning: Wire tdiq_input_cp_remove.\sign_extend_q17$func$/foss/designs/butterfold/butterfold_proto/rtl/io/tdiq_input_cp_remove.sv:121$1947.$result [12] is used but has no driver.
Warning: Wire tdiq_input_cp_remove.\sign_extend_q17$func$/foss/designs/butterfold/butterfold_proto/rtl/io/tdiq_input_cp_remove.sv:121$1947.$result [11] is used but has no driver.
Warning: Wire tdiq_input_cp_remove.\sign_extend_q17$func$/foss/designs/butterfold/butterfold_proto/rtl/io/tdiq_input_cp_remove.sv:121$1947.$result [10] is used but has no driver.
Warning: Wire tdiq_input_cp_remove.\sign_extend_q17$func$/foss/designs/butterfold/butterfold_proto/rtl/io/tdiq_input_cp_remove.sv:121$1947.$result [9] is used but has no driver.
Warning: Wire tdiq_input_cp_remove.\sign_extend_q17$func$/foss/designs/butterfold/butterfold_proto/rtl/io/tdiq_input_cp_remove.sv:121$1947.$result [8] is used but has no driver.
Warning: Wire tdiq_input_cp_remove.\sign_extend_q17$func$/foss/designs/butterfold/butterfold_proto/rtl/io/tdiq_input_cp_remove.sv:121$1947.$result [7] is used but has no driver.
Warning: Wire tdiq_input_cp_remove.\sign_extend_q17$func$/foss/designs/butterfold/butterfold_proto/rtl/io/tdiq_input_cp_remove.sv:121$1947.$result [6] is used but has no driver.
Warning: Wire tdiq_input_cp_remove.\sign_extend_q17$func$/foss/designs/butterfold/butterfold_proto/rtl/io/tdiq_input_cp_remove.sv:121$1947.$result [5] is used but has no driver.
Warning: Wire tdiq_input_cp_remove.\sign_extend_q17$func$/foss/designs/butterfold/butterfold_proto/rtl/io/tdiq_input_cp_remove.sv:121$1947.$result [4] is used but has no driver.
Warning: Wire tdiq_input_cp_remove.\sign_extend_q17$func$/foss/designs/butterfold/butterfold_proto/rtl/io/tdiq_input_cp_remove.sv:121$1947.$result [3] is used but has no driver.
Warning: Wire tdiq_input_cp_remove.\sign_extend_q17$func$/foss/designs/butterfold/butterfold_proto/rtl/io/tdiq_input_cp_remove.sv:121$1947.$result [2] is used but has no driver.
Warning: Wire tdiq_input_cp_remove.\sign_extend_q17$func$/foss/designs/butterfold/butterfold_proto/rtl/io/tdiq_input_cp_remove.sv:121$1947.$result [1] is used but has no driver.
Warning: Wire tdiq_input_cp_remove.\sign_extend_q17$func$/foss/designs/butterfold/butterfold_proto/rtl/io/tdiq_input_cp_remove.sv:121$1947.$result [0] is used but has no driver.
Checking module $paramod\fdiq_output_adapter_sram\START_SAMPLE=7'0000001\SAMPLE_COUNT=8'00001100...
Checking module $paramod\subcarrier_mapper\SC_START_BIN=7'0000001...
Checking module fdiq_input_adapter...
Warning: Wire fdiq_input_adapter.\sign_extend_q17$func$/foss/designs/butterfold/butterfold_proto/rtl/io/fdiq_input_adapter.sv:113$1867.value [7] is used but has no driver.
Warning: Wire fdiq_input_adapter.\sign_extend_q17$func$/foss/designs/butterfold/butterfold_proto/rtl/io/fdiq_input_adapter.sv:113$1867.value [6] is used but has no driver.
Warning: Wire fdiq_input_adapter.\sign_extend_q17$func$/foss/designs/butterfold/butterfold_proto/rtl/io/fdiq_input_adapter.sv:113$1867.value [5] is used but has no driver.
Warning: Wire fdiq_input_adapter.\sign_extend_q17$func$/foss/designs/butterfold/butterfold_proto/rtl/io/fdiq_input_adapter.sv:113$1867.value [4] is used but has no driver.
Warning: Wire fdiq_input_adapter.\sign_extend_q17$func$/foss/designs/butterfold/butterfold_proto/rtl/io/fdiq_input_adapter.sv:113$1867.value [3] is used but has no driver.
Warning: Wire fdiq_input_adapter.\sign_extend_q17$func$/foss/designs/butterfold/butterfold_proto/rtl/io/fdiq_input_adapter.sv:113$1867.value [2] is used but has no driver.
Warning: Wire fdiq_input_adapter.\sign_extend_q17$func$/foss/designs/butterfold/butterfold_proto/rtl/io/fdiq_input_adapter.sv:113$1867.value [1] is used but has no driver.
Warning: Wire fdiq_input_adapter.\sign_extend_q17$func$/foss/designs/butterfold/butterfold_proto/rtl/io/fdiq_input_adapter.sv:113$1867.value [0] is used but has no driver.
Warning: Wire fdiq_input_adapter.\sign_extend_q17$func$/foss/designs/butterfold/butterfold_proto/rtl/io/fdiq_input_adapter.sv:113$1867.$result [15] is used but has no driver.
Warning: Wire fdiq_input_adapter.\sign_extend_q17$func$/foss/designs/butterfold/butterfold_proto/rtl/io/fdiq_input_adapter.sv:113$1867.$result [14] is used but has no driver.
Warning: Wire fdiq_input_adapter.\sign_extend_q17$func$/foss/designs/butterfold/butterfold_proto/rtl/io/fdiq_input_adapter.sv:113$1867.$result [13] is used but has no driver.
Warning: Wire fdiq_input_adapter.\sign_extend_q17$func$/foss/designs/butterfold/butterfold_proto/rtl/io/fdiq_input_adapter.sv:113$1867.$result [12] is used but has no driver.
Warning: Wire fdiq_input_adapter.\sign_extend_q17$func$/foss/designs/butterfold/butterfold_proto/rtl/io/fdiq_input_adapter.sv:113$1867.$result [11] is used but has no driver.
Warning: Wire fdiq_input_adapter.\sign_extend_q17$func$/foss/designs/butterfold/butterfold_proto/rtl/io/fdiq_input_adapter.sv:113$1867.$result [10] is used but has no driver.
Warning: Wire fdiq_input_adapter.\sign_extend_q17$func$/foss/designs/butterfold/butterfold_proto/rtl/io/fdiq_input_adapter.sv:113$1867.$result [9] is used but has no driver.
Warning: Wire fdiq_input_adapter.\sign_extend_q17$func$/foss/designs/butterfold/butterfold_proto/rtl/io/fdiq_input_adapter.sv:113$1867.$result [8] is used but has no driver.
Warning: Wire fdiq_input_adapter.\sign_extend_q17$func$/foss/designs/butterfold/butterfold_proto/rtl/io/fdiq_input_adapter.sv:113$1867.$result [7] is used but has no driver.
Warning: Wire fdiq_input_adapter.\sign_extend_q17$func$/foss/designs/butterfold/butterfold_proto/rtl/io/fdiq_input_adapter.sv:113$1867.$result [6] is used but has no driver.
Warning: Wire fdiq_input_adapter.\sign_extend_q17$func$/foss/designs/butterfold/butterfold_proto/rtl/io/fdiq_input_adapter.sv:113$1867.$result [5] is used but has no driver.
Warning: Wire fdiq_input_adapter.\sign_extend_q17$func$/foss/designs/butterfold/butterfold_proto/rtl/io/fdiq_input_adapter.sv:113$1867.$result [4] is used but has no driver.
Warning: Wire fdiq_input_adapter.\sign_extend_q17$func$/foss/designs/butterfold/butterfold_proto/rtl/io/fdiq_input_adapter.sv:113$1867.$result [3] is used but has no driver.
Warning: Wire fdiq_input_adapter.\sign_extend_q17$func$/foss/designs/butterfold/butterfold_proto/rtl/io/fdiq_input_adapter.sv:113$1867.$result [2] is used but has no driver.
Warning: Wire fdiq_input_adapter.\sign_extend_q17$func$/foss/designs/butterfold/butterfold_proto/rtl/io/fdiq_input_adapter.sv:113$1867.$result [1] is used but has no driver.
Warning: Wire fdiq_input_adapter.\sign_extend_q17$func$/foss/designs/butterfold/butterfold_proto/rtl/io/fdiq_input_adapter.sv:113$1867.$result [0] is used but has no driver.
Warning: Wire fdiq_input_adapter.\sign_extend_q17$func$/foss/designs/butterfold/butterfold_proto/rtl/io/fdiq_input_adapter.sv:107$1866.value [7] is used but has no driver.
Warning: Wire fdiq_input_adapter.\sign_extend_q17$func$/foss/designs/butterfold/butterfold_proto/rtl/io/fdiq_input_adapter.sv:107$1866.value [6] is used but has no driver.
Warning: Wire fdiq_input_adapter.\sign_extend_q17$func$/foss/designs/butterfold/butterfold_proto/rtl/io/fdiq_input_adapter.sv:107$1866.value [5] is used but has no driver.
Warning: Wire fdiq_input_adapter.\sign_extend_q17$func$/foss/designs/butterfold/butterfold_proto/rtl/io/fdiq_input_adapter.sv:107$1866.value [4] is used but has no driver.
Warning: Wire fdiq_input_adapter.\sign_extend_q17$func$/foss/designs/butterfold/butterfold_proto/rtl/io/fdiq_input_adapter.sv:107$1866.value [3] is used but has no driver.
Warning: Wire fdiq_input_adapter.\sign_extend_q17$func$/foss/designs/butterfold/butterfold_proto/rtl/io/fdiq_input_adapter.sv:107$1866.value [2] is used but has no driver.
Warning: Wire fdiq_input_adapter.\sign_extend_q17$func$/foss/designs/butterfold/butterfold_proto/rtl/io/fdiq_input_adapter.sv:107$1866.value [1] is used but has no driver.
Warning: Wire fdiq_input_adapter.\sign_extend_q17$func$/foss/designs/butterfold/butterfold_proto/rtl/io/fdiq_input_adapter.sv:107$1866.value [0] is used but has no driver.
Warning: Wire fdiq_input_adapter.\sign_extend_q17$func$/foss/designs/butterfold/butterfold_proto/rtl/io/fdiq_input_adapter.sv:107$1866.$result [15] is used but has no driver.
Warning: Wire fdiq_input_adapter.\sign_extend_q17$func$/foss/designs/butterfold/butterfold_proto/rtl/io/fdiq_input_adapter.sv:107$1866.$result [14] is used but has no driver.
Warning: Wire fdiq_input_adapter.\sign_extend_q17$func$/foss/designs/butterfold/butterfold_proto/rtl/io/fdiq_input_adapter.sv:107$1866.$result [13] is used but has no driver.
Warning: Wire fdiq_input_adapter.\sign_extend_q17$func$/foss/designs/butterfold/butterfold_proto/rtl/io/fdiq_input_adapter.sv:107$1866.$result [12] is used but has no driver.
Warning: Wire fdiq_input_adapter.\sign_extend_q17$func$/foss/designs/butterfold/butterfold_proto/rtl/io/fdiq_input_adapter.sv:107$1866.$result [11] is used but has no driver.
Warning: Wire fdiq_input_adapter.\sign_extend_q17$func$/foss/designs/butterfold/butterfold_proto/rtl/io/fdiq_input_adapter.sv:107$1866.$result [10] is used but has no driver.
Warning: Wire fdiq_input_adapter.\sign_extend_q17$func$/foss/designs/butterfold/butterfold_proto/rtl/io/fdiq_input_adapter.sv:107$1866.$result [9] is used but has no driver.
Warning: Wire fdiq_input_adapter.\sign_extend_q17$func$/foss/designs/butterfold/butterfold_proto/rtl/io/fdiq_input_adapter.sv:107$1866.$result [8] is used but has no driver.
Warning: Wire fdiq_input_adapter.\sign_extend_q17$func$/foss/designs/butterfold/butterfold_proto/rtl/io/fdiq_input_adapter.sv:107$1866.$result [7] is used but has no driver.
Warning: Wire fdiq_input_adapter.\sign_extend_q17$func$/foss/designs/butterfold/butterfold_proto/rtl/io/fdiq_input_adapter.sv:107$1866.$result [6] is used but has no driver.
Warning: Wire fdiq_input_adapter.\sign_extend_q17$func$/foss/designs/butterfold/butterfold_proto/rtl/io/fdiq_input_adapter.sv:107$1866.$result [5] is used but has no driver.
Warning: Wire fdiq_input_adapter.\sign_extend_q17$func$/foss/designs/butterfold/butterfold_proto/rtl/io/fdiq_input_adapter.sv:107$1866.$result [4] is used but has no driver.
Warning: Wire fdiq_input_adapter.\sign_extend_q17$func$/foss/designs/butterfold/butterfold_proto/rtl/io/fdiq_input_adapter.sv:107$1866.$result [3] is used but has no driver.
Warning: Wire fdiq_input_adapter.\sign_extend_q17$func$/foss/designs/butterfold/butterfold_proto/rtl/io/fdiq_input_adapter.sv:107$1866.$result [2] is used but has no driver.
Warning: Wire fdiq_input_adapter.\sign_extend_q17$func$/foss/designs/butterfold/butterfold_proto/rtl/io/fdiq_input_adapter.sv:107$1866.$result [1] is used but has no driver.
Warning: Wire fdiq_input_adapter.\sign_extend_q17$func$/foss/designs/butterfold/butterfold_proto/rtl/io/fdiq_input_adapter.sv:107$1866.$result [0] is used but has no driver.
Checking module $paramod\tdiq_output_cp_insert_sram\BYTE_INTERVAL=s32'00000000000000000000000000000001...
Warning: Wire $paramod\tdiq_output_cp_insert_sram\BYTE_INTERVAL=s32'00000000000000000000000000000001.\saturate_q17_to_byte$func$/foss/designs/butterfold/butterfold_proto/rtl/io/tdiq_output_cp_insert_sram.sv:59$1828.value [15] is used but has no driver.
Warning: Wire $paramod\tdiq_output_cp_insert_sram\BYTE_INTERVAL=s32'00000000000000000000000000000001.\saturate_q17_to_byte$func$/foss/designs/butterfold/butterfold_proto/rtl/io/tdiq_output_cp_insert_sram.sv:59$1828.value [14] is used but has no driver.
Warning: Wire $paramod\tdiq_output_cp_insert_sram\BYTE_INTERVAL=s32'00000000000000000000000000000001.\saturate_q17_to_byte$func$/foss/designs/butterfold/butterfold_proto/rtl/io/tdiq_output_cp_insert_sram.sv:59$1828.value [13] is used but has no driver.
Warning: Wire $paramod\tdiq_output_cp_insert_sram\BYTE_INTERVAL=s32'00000000000000000000000000000001.\saturate_q17_to_byte$func$/foss/designs/butterfold/butterfold_proto/rtl/io/tdiq_output_cp_insert_sram.sv:59$1828.value [12] is used but has no driver.
Warning: Wire $paramod\tdiq_output_cp_insert_sram\BYTE_INTERVAL=s32'00000000000000000000000000000001.\saturate_q17_to_byte$func$/foss/designs/butterfold/butterfold_proto/rtl/io/tdiq_output_cp_insert_sram.sv:59$1828.value [11] is used but has no driver.
Warning: Wire $paramod\tdiq_output_cp_insert_sram\BYTE_INTERVAL=s32'00000000000000000000000000000001.\saturate_q17_to_byte$func$/foss/designs/butterfold/butterfold_proto/rtl/io/tdiq_output_cp_insert_sram.sv:59$1828.value [10] is used but has no driver.
Warning: Wire $paramod\tdiq_output_cp_insert_sram\BYTE_INTERVAL=s32'00000000000000000000000000000001.\saturate_q17_to_byte$func$/foss/designs/butterfold/butterfold_proto/rtl/io/tdiq_output_cp_insert_sram.sv:59$1828.value [9] is used but has no driver.
Warning: Wire $paramod\tdiq_output_cp_insert_sram\BYTE_INTERVAL=s32'00000000000000000000000000000001.\saturate_q17_to_byte$func$/foss/designs/butterfold/butterfold_proto/rtl/io/tdiq_output_cp_insert_sram.sv:59$1828.value [8] is used but has no driver.
Warning: Wire $paramod\tdiq_output_cp_insert_sram\BYTE_INTERVAL=s32'00000000000000000000000000000001.\saturate_q17_to_byte$func$/foss/designs/butterfold/butterfold_proto/rtl/io/tdiq_output_cp_insert_sram.sv:59$1828.value [7] is used but has no driver.
Warning: Wire $paramod\tdiq_output_cp_insert_sram\BYTE_INTERVAL=s32'00000000000000000000000000000001.\saturate_q17_to_byte$func$/foss/designs/butterfold/butterfold_proto/rtl/io/tdiq_output_cp_insert_sram.sv:59$1828.value [6] is used but has no driver.
Warning: Wire $paramod\tdiq_output_cp_insert_sram\BYTE_INTERVAL=s32'00000000000000000000000000000001.\saturate_q17_to_byte$func$/foss/designs/butterfold/butterfold_proto/rtl/io/tdiq_output_cp_insert_sram.sv:59$1828.value [5] is used but has no driver.
Warning: Wire $paramod\tdiq_output_cp_insert_sram\BYTE_INTERVAL=s32'00000000000000000000000000000001.\saturate_q17_to_byte$func$/foss/designs/butterfold/butterfold_proto/rtl/io/tdiq_output_cp_insert_sram.sv:59$1828.value [4] is used but has no driver.
Warning: Wire $paramod\tdiq_output_cp_insert_sram\BYTE_INTERVAL=s32'00000000000000000000000000000001.\saturate_q17_to_byte$func$/foss/designs/butterfold/butterfold_proto/rtl/io/tdiq_output_cp_insert_sram.sv:59$1828.value [3] is used but has no driver.
Warning: Wire $paramod\tdiq_output_cp_insert_sram\BYTE_INTERVAL=s32'00000000000000000000000000000001.\saturate_q17_to_byte$func$/foss/designs/butterfold/butterfold_proto/rtl/io/tdiq_output_cp_insert_sram.sv:59$1828.value [2] is used but has no driver.
Warning: Wire $paramod\tdiq_output_cp_insert_sram\BYTE_INTERVAL=s32'00000000000000000000000000000001.\saturate_q17_to_byte$func$/foss/designs/butterfold/butterfold_proto/rtl/io/tdiq_output_cp_insert_sram.sv:59$1828.value [1] is used but has no driver.
Warning: Wire $paramod\tdiq_output_cp_insert_sram\BYTE_INTERVAL=s32'00000000000000000000000000000001.\saturate_q17_to_byte$func$/foss/designs/butterfold/butterfold_proto/rtl/io/tdiq_output_cp_insert_sram.sv:59$1828.value [0] is used but has no driver.
Warning: Wire $paramod\tdiq_output_cp_insert_sram\BYTE_INTERVAL=s32'00000000000000000000000000000001.\saturate_q17_to_byte$func$/foss/designs/butterfold/butterfold_proto/rtl/io/tdiq_output_cp_insert_sram.sv:59$1828.$result [7] is used but has no driver.
Warning: Wire $paramod\tdiq_output_cp_insert_sram\BYTE_INTERVAL=s32'00000000000000000000000000000001.\saturate_q17_to_byte$func$/foss/designs/butterfold/butterfold_proto/rtl/io/tdiq_output_cp_insert_sram.sv:59$1828.$result [6] is used but has no driver.
Warning: Wire $paramod\tdiq_output_cp_insert_sram\BYTE_INTERVAL=s32'00000000000000000000000000000001.\saturate_q17_to_byte$func$/foss/designs/butterfold/butterfold_proto/rtl/io/tdiq_output_cp_insert_sram.sv:59$1828.$result [5] is used but has no driver.
Warning: Wire $paramod\tdiq_output_cp_insert_sram\BYTE_INTERVAL=s32'00000000000000000000000000000001.\saturate_q17_to_byte$func$/foss/designs/butterfold/butterfold_proto/rtl/io/tdiq_output_cp_insert_sram.sv:59$1828.$result [4] is used but has no driver.
Warning: Wire $paramod\tdiq_output_cp_insert_sram\BYTE_INTERVAL=s32'00000000000000000000000000000001.\saturate_q17_to_byte$func$/foss/designs/butterfold/butterfold_proto/rtl/io/tdiq_output_cp_insert_sram.sv:59$1828.$result [3] is used but has no driver.
Warning: Wire $paramod\tdiq_output_cp_insert_sram\BYTE_INTERVAL=s32'00000000000000000000000000000001.\saturate_q17_to_byte$func$/foss/designs/butterfold/butterfold_proto/rtl/io/tdiq_output_cp_insert_sram.sv:59$1828.$result [2] is used but has no driver.
Warning: Wire $paramod\tdiq_output_cp_insert_sram\BYTE_INTERVAL=s32'00000000000000000000000000000001.\saturate_q17_to_byte$func$/foss/designs/butterfold/butterfold_proto/rtl/io/tdiq_output_cp_insert_sram.sv:59$1828.$result [1] is used but has no driver.
Warning: Wire $paramod\tdiq_output_cp_insert_sram\BYTE_INTERVAL=s32'00000000000000000000000000000001.\saturate_q17_to_byte$func$/foss/designs/butterfold/butterfold_proto/rtl/io/tdiq_output_cp_insert_sram.sv:59$1828.$result [0] is used but has no driver.
Checking module fft128_modulo_controller...
Checking module $paramod\mixed_radix_butterfly\FRAC_BITS=s32'00000000000000000000000000000111...
Checking module $paramod$3238794ad92aecfe072b43676871167fd656be13\transform_scheduler_core...
Warning: Wire $paramod$3238794ad92aecfe072b43676871167fd656be13\transform_scheduler_core.\fft128_j [5] is used but has no driver.
Warning: Wire $paramod$3238794ad92aecfe072b43676871167fd656be13\transform_scheduler_core.\fft128_j [4] is used but has no driver.
Warning: Wire $paramod$3238794ad92aecfe072b43676871167fd656be13\transform_scheduler_core.\fft128_j [3] is used but has no driver.
Warning: Wire $paramod$3238794ad92aecfe072b43676871167fd656be13\transform_scheduler_core.\fft128_j [2] is used but has no driver.
Warning: Wire $paramod$3238794ad92aecfe072b43676871167fd656be13\transform_scheduler_core.\fft128_j [1] is used but has no driver.
Warning: Wire $paramod$3238794ad92aecfe072b43676871167fd656be13\transform_scheduler_core.\fft128_j [0] is used but has no driver.
Warning: Wire $paramod$3238794ad92aecfe072b43676871167fd656be13\transform_scheduler_core.\fft128_prefetch_responses [1] is used but has no driver.
Warning: Wire $paramod$3238794ad92aecfe072b43676871167fd656be13\transform_scheduler_core.\fft128_prefetch_responses [0] is used but has no driver.
Warning: Wire $paramod$3238794ad92aecfe072b43676871167fd656be13\transform_scheduler_core.\fft128_sent_uop is used but has no driver.
Warning: Wire $paramod$3238794ad92aecfe072b43676871167fd656be13\transform_scheduler_core.\fft128_sent_x0_i is used but has no driver.
Warning: Wire $paramod$3238794ad92aecfe072b43676871167fd656be13\transform_scheduler_core.\fft128_sent_x0_q is used but has no driver.
Warning: Wire $paramod$3238794ad92aecfe072b43676871167fd656be13\transform_scheduler_core.\fft128_sent_x1_i is used but has no driver.
Warning: Wire $paramod$3238794ad92aecfe072b43676871167fd656be13\transform_scheduler_core.\fft128_sent_x1_q is used but has no driver.
Warning: Wire $paramod$3238794ad92aecfe072b43676871167fd656be13\transform_scheduler_core.\fft128_sent_twiddle_re is used but has no driver.
Warning: Wire $paramod$3238794ad92aecfe072b43676871167fd656be13\transform_scheduler_core.\fft128_sent_twiddle_im is used but has no driver.
Warning: Wire $paramod$3238794ad92aecfe072b43676871167fd656be13\transform_scheduler_core.\sign_extend_q17$func$/foss/designs/butterfold/butterfold_proto/rtl/scheduler/transform_scheduler_core.sv:1545$213.value [7] is used but has no driver.
Warning: Wire $paramod$3238794ad92aecfe072b43676871167fd656be13\transform_scheduler_core.\sign_extend_q17$func$/foss/designs/butterfold/butterfold_proto/rtl/scheduler/transform_scheduler_core.sv:1545$213.value [6] is used but has no driver.
Warning: Wire $paramod$3238794ad92aecfe072b43676871167fd656be13\transform_scheduler_core.\sign_extend_q17$func$/foss/designs/butterfold/butterfold_proto/rtl/scheduler/transform_scheduler_core.sv:1545$213.value [5] is used but has no driver.
Warning: Wire $paramod$3238794ad92aecfe072b43676871167fd656be13\transform_scheduler_core.\sign_extend_q17$func$/foss/designs/butterfold/butterfold_proto/rtl/scheduler/transform_scheduler_core.sv:1545$213.value [4] is used but has no driver.
Warning: Wire $paramod$3238794ad92aecfe072b43676871167fd656be13\transform_scheduler_core.\sign_extend_q17$func$/foss/designs/butterfold/butterfold_proto/rtl/scheduler/transform_scheduler_core.sv:1545$213.value [3] is used but has no driver.
Warning: Wire $paramod$3238794ad92aecfe072b43676871167fd656be13\transform_scheduler_core.\sign_extend_q17$func$/foss/designs/butterfold/butterfold_proto/rtl/scheduler/transform_scheduler_core.sv:1545$213.value [2] is used but has no driver.
Warning: Wire $paramod$3238794ad92aecfe072b43676871167fd656be13\transform_scheduler_core.\sign_extend_q17$func$/foss/designs/butterfold/butterfold_proto/rtl/scheduler/transform_scheduler_core.sv:1545$213.value [1] is used but has no driver.
Warning: Wire $paramod$3238794ad92aecfe072b43676871167fd656be13\transform_scheduler_core.\sign_extend_q17$func$/foss/designs/butterfold/butterfold_proto/rtl/scheduler/transform_scheduler_core.sv:1545$213.value [0] is used but has no driver.
Warning: Wire $paramod$3238794ad92aecfe072b43676871167fd656be13\transform_scheduler_core.\sign_extend_q17$func$/foss/designs/butterfold/butterfold_proto/rtl/scheduler/transform_scheduler_core.sv:1545$213.$result [15] is used but has no driver.
Warning: Wire $paramod$3238794ad92aecfe072b43676871167fd656be13\transform_scheduler_core.\sign_extend_q17$func$/foss/designs/butterfold/butterfold_proto/rtl/scheduler/transform_scheduler_core.sv:1545$213.$result [14] is used but has no driver.
Warning: Wire $paramod$3238794ad92aecfe072b43676871167fd656be13\transform_scheduler_core.\sign_extend_q17$func$/foss/designs/butterfold/butterfold_proto/rtl/scheduler/transform_scheduler_core.sv:1545$213.$result [13] is used but has no driver.
Warning: Wire $paramod$3238794ad92aecfe072b43676871167fd656be13\transform_scheduler_core.\sign_extend_q17$func$/foss/designs/butterfold/butterfold_proto/rtl/scheduler/transform_scheduler_core.sv:1545$213.$result [12] is used but has no driver.
Warning: Wire $paramod$3238794ad92aecfe072b43676871167fd656be13\transform_scheduler_core.\sign_extend_q17$func$/foss/designs/butterfold/butterfold_proto/rtl/scheduler/transform_scheduler_core.sv:1545$213.$result [11] is used but has no driver.
Warning: Wire $paramod$3238794ad92aecfe072b43676871167fd656be13\transform_scheduler_core.\sign_extend_q17$func$/foss/designs/butterfold/butterfold_proto/rtl/scheduler/transform_scheduler_core.sv:1545$213.$result [10] is used but has no driver.
Warning: Wire $paramod$3238794ad92aecfe072b43676871167fd656be13\transform_scheduler_core.\sign_extend_q17$func$/foss/designs/butterfold/butterfold_proto/rtl/scheduler/transform_scheduler_core.sv:1545$213.$result [9] is used but has no driver.
Warning: Wire $paramod$3238794ad92aecfe072b43676871167fd656be13\transform_scheduler_core.\sign_extend_q17$func$/foss/designs/butterfold/butterfold_proto/rtl/scheduler/transform_scheduler_core.sv:1545$213.$result [8] is used but has no driver.
Warning: Wire $paramod$3238794ad92aecfe072b43676871167fd656be13\transform_scheduler_core.\sign_extend_q17$func$/foss/designs/butterfold/butterfold_proto/rtl/scheduler/transform_scheduler_core.sv:1545$213.$result [7] is used but has no driver.
Warning: Wire $paramod$3238794ad92aecfe072b43676871167fd656be13\transform_scheduler_core.\sign_extend_q17$func$/foss/designs/butterfold/butterfold_proto/rtl/scheduler/transform_scheduler_core.sv:1545$213.$result [6] is used but has no driver.
Warning: Wire $paramod$3238794ad92aecfe072b43676871167fd656be13\transform_scheduler_core.\sign_extend_q17$func$/foss/designs/butterfold/butterfold_proto/rtl/scheduler/transform_scheduler_core.sv:1545$213.$result [5] is used but has no driver.
Warning: Wire $paramod$3238794ad92aecfe072b43676871167fd656be13\transform_scheduler_core.\sign_extend_q17$func$/foss/designs/butterfold/butterfold_proto/rtl/scheduler/transform_scheduler_core.sv:1545$213.$result [4] is used but has no driver.
Warning: Wire $paramod$3238794ad92aecfe072b43676871167fd656be13\transform_scheduler_core.\sign_extend_q17$func$/foss/designs/butterfold/butterfold_proto/rtl/scheduler/transform_scheduler_core.sv:1545$213.$result [3] is used but has no driver.
Warning: Wire $paramod$3238794ad92aecfe072b43676871167fd656be13\transform_scheduler_core.\sign_extend_q17$func$/foss/designs/butterfold/butterfold_proto/rtl/scheduler/transform_scheduler_core.sv:1545$213.$result [2] is used but has no driver.
Warning: Wire $paramod$3238794ad92aecfe072b43676871167fd656be13\transform_scheduler_core.\sign_extend_q17$func$/foss/designs/butterfold/butterfold_proto/rtl/scheduler/transform_scheduler_core.sv:1545$213.$result [1] is used but has no driver.
Warning: Wire $paramod$3238794ad92aecfe072b43676871167fd656be13\transform_scheduler_core.\sign_extend_q17$func$/foss/designs/butterfold/butterfold_proto/rtl/scheduler/transform_scheduler_core.sv:1545$213.$result [0] is used but has no driver.
Warning: Wire $paramod$3238794ad92aecfe072b43676871167fd656be13\transform_scheduler_core.\increment_result_meta_pointer$func$/foss/designs/butterfold/butterfold_proto/rtl/scheduler/transform_scheduler_core.sv:1518$212.$result [1] is used but has no driver.
Warning: Wire $paramod$3238794ad92aecfe072b43676871167fd656be13\transform_scheduler_core.\increment_result_meta_pointer$func$/foss/designs/butterfold/butterfold_proto/rtl/scheduler/transform_scheduler_core.sv:1518$212.$result [0] is used but has no driver.
Warning: Wire $paramod$3238794ad92aecfe072b43676871167fd656be13\transform_scheduler_core.\increment_result_meta_pointer$func$/foss/designs/butterfold/butterfold_proto/rtl/scheduler/transform_scheduler_core.sv:1518$212.pointer [1] is used but has no driver.
Warning: Wire $paramod$3238794ad92aecfe072b43676871167fd656be13\transform_scheduler_core.\increment_result_meta_pointer$func$/foss/designs/butterfold/butterfold_proto/rtl/scheduler/transform_scheduler_core.sv:1518$212.pointer [0] is used but has no driver.
Warning: Wire $paramod$3238794ad92aecfe072b43676871167fd656be13\transform_scheduler_core.\increment_result_meta_pointer$func$/foss/designs/butterfold/butterfold_proto/rtl/scheduler/transform_scheduler_core.sv:1514$211.$result [1] is used but has no driver.
Warning: Wire $paramod$3238794ad92aecfe072b43676871167fd656be13\transform_scheduler_core.\increment_result_meta_pointer$func$/foss/designs/butterfold/butterfold_proto/rtl/scheduler/transform_scheduler_core.sv:1514$211.$result [0] is used but has no driver.
Warning: Wire $paramod$3238794ad92aecfe072b43676871167fd656be13\transform_scheduler_core.\increment_result_meta_pointer$func$/foss/designs/butterfold/butterfold_proto/rtl/scheduler/transform_scheduler_core.sv:1514$211.pointer [1] is used but has no driver.
Warning: Wire $paramod$3238794ad92aecfe072b43676871167fd656be13\transform_scheduler_core.\increment_result_meta_pointer$func$/foss/designs/butterfold/butterfold_proto/rtl/scheduler/transform_scheduler_core.sv:1514$211.pointer [0] is used but has no driver.
Warning: Wire $paramod$3238794ad92aecfe072b43676871167fd656be13\transform_scheduler_core.$mem2reg_wr$\result_meta_radix3$/foss/designs/butterfold/butterfold_proto/rtl/scheduler/transform_scheduler_core.sv:1511$242_ADDR [1] is used but has no driver.
Warning: Wire $paramod$3238794ad92aecfe072b43676871167fd656be13\transform_scheduler_core.$mem2reg_wr$\result_meta_radix3$/foss/designs/butterfold/butterfold_proto/rtl/scheduler/transform_scheduler_core.sv:1511$242_ADDR [0] is used but has no driver.
Warning: Wire $paramod$3238794ad92aecfe072b43676871167fd656be13\transform_scheduler_core.$mem2reg_wr$\result_meta_radix3$/foss/designs/butterfold/butterfold_proto/rtl/scheduler/transform_scheduler_core.sv:1511$242_DATA is used but has no driver.
Warning: Wire $paramod$3238794ad92aecfe072b43676871167fd656be13\transform_scheduler_core.$mem2reg_rd$\fifo_radix3$/foss/designs/butterfold/butterfold_proto/rtl/scheduler/transform_scheduler_core.sv:1512$243_DATA is used but has no driver.
Warning: Wire $paramod$3238794ad92aecfe072b43676871167fd656be13\transform_scheduler_core.$mem2reg_rd$\fifo_radix3$/foss/designs/butterfold/butterfold_proto/rtl/scheduler/transform_scheduler_core.sv:1512$243_ADDR is used but has no driver.
Warning: Wire $paramod$3238794ad92aecfe072b43676871167fd656be13\transform_scheduler_core.$mem2reg_wr$\result_meta_inverse$/foss/designs/butterfold/butterfold_proto/rtl/scheduler/transform_scheduler_core.sv:1509$240_ADDR [1] is used but has no driver.
Warning: Wire $paramod$3238794ad92aecfe072b43676871167fd656be13\transform_scheduler_core.$mem2reg_wr$\result_meta_inverse$/foss/designs/butterfold/butterfold_proto/rtl/scheduler/transform_scheduler_core.sv:1509$240_ADDR [0] is used but has no driver.
Warning: Wire $paramod$3238794ad92aecfe072b43676871167fd656be13\transform_scheduler_core.$mem2reg_wr$\result_meta_inverse$/foss/designs/butterfold/butterfold_proto/rtl/scheduler/transform_scheduler_core.sv:1509$240_DATA is used but has no driver.
Warning: Wire $paramod$3238794ad92aecfe072b43676871167fd656be13\transform_scheduler_core.$mem2reg_rd$\fifo_inverse$/foss/designs/butterfold/butterfold_proto/rtl/scheduler/transform_scheduler_core.sv:1510$241_DATA is used but has no driver.
Warning: Wire $paramod$3238794ad92aecfe072b43676871167fd656be13\transform_scheduler_core.$mem2reg_rd$\fifo_inverse$/foss/designs/butterfold/butterfold_proto/rtl/scheduler/transform_scheduler_core.sv:1510$241_ADDR is used but has no driver.
Warning: Wire $paramod$3238794ad92aecfe072b43676871167fd656be13\transform_scheduler_core.\increment_fifo_pointer$func$/foss/designs/butterfold/butterfold_proto/rtl/scheduler/transform_scheduler_core.sv:1500$210.$result is used but has no driver.
Warning: Wire $paramod$3238794ad92aecfe072b43676871167fd656be13\transform_scheduler_core.\increment_fifo_pointer$func$/foss/designs/butterfold/butterfold_proto/rtl/scheduler/transform_scheduler_core.sv:1500$210.pointer is used but has no driver.
Warning: Wire $paramod$3238794ad92aecfe072b43676871167fd656be13\transform_scheduler_core.\increment_fifo_pointer$func$/foss/designs/butterfold/butterfold_proto/rtl/scheduler/transform_scheduler_core.sv:1495$209.$result is used but has no driver.
Warning: Wire $paramod$3238794ad92aecfe072b43676871167fd656be13\transform_scheduler_core.\increment_fifo_pointer$func$/foss/designs/butterfold/butterfold_proto/rtl/scheduler/transform_scheduler_core.sv:1495$209.pointer is used but has no driver.
Warning: Wire $paramod$3238794ad92aecfe072b43676871167fd656be13\transform_scheduler_core.$mem2reg_wr$\fifo_radix3$/foss/designs/butterfold/butterfold_proto/rtl/scheduler/transform_scheduler_core.sv:1493$239_ADDR is used but has no driver.
Warning: Wire $paramod$3238794ad92aecfe072b43676871167fd656be13\transform_scheduler_core.$mem2reg_wr$\fifo_radix3$/foss/designs/butterfold/butterfold_proto/rtl/scheduler/transform_scheduler_core.sv:1493$239_DATA is used but has no driver.
Warning: Wire $paramod$3238794ad92aecfe072b43676871167fd656be13\transform_scheduler_core.$mem2reg_wr$\fifo_inverse$/foss/designs/butterfold/butterfold_proto/rtl/scheduler/transform_scheduler_core.sv:1492$238_ADDR is used but has no driver.
Warning: Wire $paramod$3238794ad92aecfe072b43676871167fd656be13\transform_scheduler_core.$mem2reg_wr$\fifo_inverse$/foss/designs/butterfold/butterfold_proto/rtl/scheduler/transform_scheduler_core.sv:1492$238_DATA is used but has no driver.
Warning: Wire $paramod$3238794ad92aecfe072b43676871167fd656be13\transform_scheduler_core.$mem2reg_wr$\fifo_x2_q$/foss/designs/butterfold/butterfold_proto/rtl/scheduler/transform_scheduler_core.sv:1489$237_ADDR is used but has no driver.
Warning: Wire $paramod$3238794ad92aecfe072b43676871167fd656be13\transform_scheduler_core.$mem2reg_wr$\fifo_x2_q$/foss/designs/butterfold/butterfold_proto/rtl/scheduler/transform_scheduler_core.sv:1489$237_DATA [15] is used but has no driver.
Warning: Wire $paramod$3238794ad92aecfe072b43676871167fd656be13\transform_scheduler_core.$mem2reg_wr$\fifo_x2_q$/foss/designs/butterfold/butterfold_proto/rtl/scheduler/transform_scheduler_core.sv:1489$237_DATA [14] is used but has no driver.
Warning: Wire $paramod$3238794ad92aecfe072b43676871167fd656be13\transform_scheduler_core.$mem2reg_wr$\fifo_x2_q$/foss/designs/butterfold/butterfold_proto/rtl/scheduler/transform_scheduler_core.sv:1489$237_DATA [13] is used but has no driver.
Warning: Wire $paramod$3238794ad92aecfe072b43676871167fd656be13\transform_scheduler_core.$mem2reg_wr$\fifo_x2_q$/foss/designs/butterfold/butterfold_proto/rtl/scheduler/transform_scheduler_core.sv:1489$237_DATA [12] is used but has no driver.
Warning: Wire $paramod$3238794ad92aecfe072b43676871167fd656be13\transform_scheduler_core.$mem2reg_wr$\fifo_x2_q$/foss/designs/butterfold/butterfold_proto/rtl/scheduler/transform_scheduler_core.sv:1489$237_DATA [11] is used but has no driver.
Warning: Wire $paramod$3238794ad92aecfe072b43676871167fd656be13\transform_scheduler_core.$mem2reg_wr$\fifo_x2_q$/foss/designs/butterfold/butterfold_proto/rtl/scheduler/transform_scheduler_core.sv:1489$237_DATA [10] is used but has no driver.
Warning: Wire $paramod$3238794ad92aecfe072b43676871167fd656be13\transform_scheduler_core.$mem2reg_wr$\fifo_x2_q$/foss/designs/butterfold/butterfold_proto/rtl/scheduler/transform_scheduler_core.sv:1489$237_DATA [9] is used but has no driver.
Warning: Wire $paramod$3238794ad92aecfe072b43676871167fd656be13\transform_scheduler_core.$mem2reg_wr$\fifo_x2_q$/foss/designs/butterfold/butterfold_proto/rtl/scheduler/transform_scheduler_core.sv:1489$237_DATA [8] is used but has no driver.
Warning: Wire $paramod$3238794ad92aecfe072b43676871167fd656be13\transform_scheduler_core.$mem2reg_wr$\fifo_x2_q$/foss/designs/butterfold/butterfold_proto/rtl/scheduler/transform_scheduler_core.sv:1489$237_DATA [7] is used but has no driver.
Warning: Wire $paramod$3238794ad92aecfe072b43676871167fd656be13\transform_scheduler_core.$mem2reg_wr$\fifo_x2_q$/foss/designs/butterfold/butterfold_proto/rtl/scheduler/transform_scheduler_core.sv:1489$237_DATA [6] is used but has no driver.
Warning: Wire $paramod$3238794ad92aecfe072b43676871167fd656be13\transform_scheduler_core.$mem2reg_wr$\fifo_x2_q$/foss/designs/butterfold/butterfold_proto/rtl/scheduler/transform_scheduler_core.sv:1489$237_DATA [5] is used but has no driver.
Warning: Wire $paramod$3238794ad92aecfe072b43676871167fd656be13\transform_scheduler_core.$mem2reg_wr$\fifo_x2_q$/foss/designs/butterfold/butterfold_proto/rtl/scheduler/transform_scheduler_core.sv:1489$237_DATA [4] is used but has no driver.
Warning: Wire $paramod$3238794ad92aecfe072b43676871167fd656be13\transform_scheduler_core.$mem2reg_wr$\fifo_x2_q$/foss/designs/butterfold/butterfold_proto/rtl/scheduler/transform_scheduler_core.sv:1489$237_DATA [3] is used but has no driver.
Warning: Wire $paramod$3238794ad92aecfe072b43676871167fd656be13\transform_scheduler_core.$mem2reg_wr$\fifo_x2_q$/foss/designs/butterfold/butterfold_proto/rtl/scheduler/transform_scheduler_core.sv:1489$237_DATA [2] is used but has no driver.
Warning: Wire $paramod$3238794ad92aecfe072b43676871167fd656be13\transform_scheduler_core.$mem2reg_wr$\fifo_x2_q$/foss/designs/butterfold/butterfold_proto/rtl/scheduler/transform_scheduler_core.sv:1489$237_DATA [1] is used but has no driver.
Warning: Wire $paramod$3238794ad92aecfe072b43676871167fd656be13\transform_scheduler_core.$mem2reg_wr$\fifo_x2_q$/foss/designs/butterfold/butterfold_proto/rtl/scheduler/transform_scheduler_core.sv:1489$237_DATA [0] is used but has no driver.
Warning: Wire $paramod$3238794ad92aecfe072b43676871167fd656be13\transform_scheduler_core.\sign_extend_q17$func$/foss/designs/butterfold/butterfold_proto/rtl/scheduler/transform_scheduler_core.sv:1490$208.$result [15] is used but has no driver.
Warning: Wire $paramod$3238794ad92aecfe072b43676871167fd656be13\transform_scheduler_core.\sign_extend_q17$func$/foss/designs/butterfold/butterfold_proto/rtl/scheduler/transform_scheduler_core.sv:1490$208.$result [14] is used but has no driver.
Warning: Wire $paramod$3238794ad92aecfe072b43676871167fd656be13\transform_scheduler_core.\sign_extend_q17$func$/foss/designs/butterfold/butterfold_proto/rtl/scheduler/transform_scheduler_core.sv:1490$208.$result [13] is used but has no driver.
Warning: Wire $paramod$3238794ad92aecfe072b43676871167fd656be13\transform_scheduler_core.\sign_extend_q17$func$/foss/designs/butterfold/butterfold_proto/rtl/scheduler/transform_scheduler_core.sv:1490$208.$result [12] is used but has no driver.
Warning: Wire $paramod$3238794ad92aecfe072b43676871167fd656be13\transform_scheduler_core.\sign_extend_q17$func$/foss/designs/butterfold/butterfold_proto/rtl/scheduler/transform_scheduler_core.sv:1490$208.$result [11] is used but has no driver.
Warning: Wire $paramod$3238794ad92aecfe072b43676871167fd656be13\transform_scheduler_core.\sign_extend_q17$func$/foss/designs/butterfold/butterfold_proto/rtl/scheduler/transform_scheduler_core.sv:1490$208.$result [10] is used but has no driver.
Warning: Wire $paramod$3238794ad92aecfe072b43676871167fd656be13\transform_scheduler_core.\sign_extend_q17$func$/foss/designs/butterfold/butterfold_proto/rtl/scheduler/transform_scheduler_core.sv:1490$208.$result [9] is used but has no driver.
Warning: Wire $paramod$3238794ad92aecfe072b43676871167fd656be13\transform_scheduler_core.\sign_extend_q17$func$/foss/designs/butterfold/butterfold_proto/rtl/scheduler/transform_scheduler_core.sv:1490$208.$result [8] is used but has no driver.
Warning: Wire $paramod$3238794ad92aecfe072b43676871167fd656be13\transform_scheduler_core.\sign_extend_q17$func$/foss/designs/butterfold/butterfold_proto/rtl/scheduler/transform_scheduler_core.sv:1490$208.$result [7] is used but has no driver.
Warning: Wire $paramod$3238794ad92aecfe072b43676871167fd656be13\transform_scheduler_core.\sign_extend_q17$func$/foss/designs/butterfold/butterfold_proto/rtl/scheduler/transform_scheduler_core.sv:1490$208.$result [6] is used but has no driver.
Warning: Wire $paramod$3238794ad92aecfe072b43676871167fd656be13\transform_scheduler_core.\sign_extend_q17$func$/foss/designs/butterfold/butterfold_proto/rtl/scheduler/transform_scheduler_core.sv:1490$208.$result [5] is used but has no driver.
Warning: Wire $paramod$3238794ad92aecfe072b43676871167fd656be13\transform_scheduler_core.\sign_extend_q17$func$/foss/designs/butterfold/butterfold_proto/rtl/scheduler/transform_scheduler_core.sv:1490$208.$result [4] is used but has no driver.
Warning: Wire $paramod$3238794ad92aecfe072b43676871167fd656be13\transform_scheduler_core.\sign_extend_q17$func$/foss/designs/butterfold/butterfold_proto/rtl/scheduler/transform_scheduler_core.sv:1490$208.$result [3] is used but has no driver.
Warning: Wire $paramod$3238794ad92aecfe072b43676871167fd656be13\transform_scheduler_core.\sign_extend_q17$func$/foss/designs/butterfold/butterfold_proto/rtl/scheduler/transform_scheduler_core.sv:1490$208.$result [2] is used but has no driver.
Warning: Wire $paramod$3238794ad92aecfe072b43676871167fd656be13\transform_scheduler_core.\sign_extend_q17$func$/foss/designs/butterfold/butterfold_proto/rtl/scheduler/transform_scheduler_core.sv:1490$208.$result [1] is used but has no driver.
Warning: Wire $paramod$3238794ad92aecfe072b43676871167fd656be13\transform_scheduler_core.\sign_extend_q17$func$/foss/designs/butterfold/butterfold_proto/rtl/scheduler/transform_scheduler_core.sv:1490$208.$result [0] is used but has no driver.
Warning: Wire $paramod$3238794ad92aecfe072b43676871167fd656be13\transform_scheduler_core.\sign_extend_q17$func$/foss/designs/butterfold/butterfold_proto/rtl/scheduler/transform_scheduler_core.sv:1490$208.value [7] is used but has no driver.
Warning: Wire $paramod$3238794ad92aecfe072b43676871167fd656be13\transform_scheduler_core.\sign_extend_q17$func$/foss/designs/butterfold/butterfold_proto/rtl/scheduler/transform_scheduler_core.sv:1490$208.value [6] is used but has no driver.
Warning: Wire $paramod$3238794ad92aecfe072b43676871167fd656be13\transform_scheduler_core.\sign_extend_q17$func$/foss/designs/butterfold/butterfold_proto/rtl/scheduler/transform_scheduler_core.sv:1490$208.value [5] is used but has no driver.
Warning: Wire $paramod$3238794ad92aecfe072b43676871167fd656be13\transform_scheduler_core.\sign_extend_q17$func$/foss/designs/butterfold/butterfold_proto/rtl/scheduler/transform_scheduler_core.sv:1490$208.value [4] is used but has no driver.
Warning: Wire $paramod$3238794ad92aecfe072b43676871167fd656be13\transform_scheduler_core.\sign_extend_q17$func$/foss/designs/butterfold/butterfold_proto/rtl/scheduler/transform_scheduler_core.sv:1490$208.value [3] is used but has no driver.
Warning: Wire $paramod$3238794ad92aecfe072b43676871167fd656be13\transform_scheduler_core.\sign_extend_q17$func$/foss/designs/butterfold/butterfold_proto/rtl/scheduler/transform_scheduler_core.sv:1490$208.value [2] is used but has no driver.
Warning: Wire $paramod$3238794ad92aecfe072b43676871167fd656be13\transform_scheduler_core.\sign_extend_q17$func$/foss/designs/butterfold/butterfold_proto/rtl/scheduler/transform_scheduler_core.sv:1490$208.value [1] is used but has no driver.
Warning: Wire $paramod$3238794ad92aecfe072b43676871167fd656be13\transform_scheduler_core.\sign_extend_q17$func$/foss/designs/butterfold/butterfold_proto/rtl/scheduler/transform_scheduler_core.sv:1490$208.value [0] is used but has no driver.
Warning: Wire $paramod$3238794ad92aecfe072b43676871167fd656be13\transform_scheduler_core.$mem2reg_wr$\fifo_x2_i$/foss/designs/butterfold/butterfold_proto/rtl/scheduler/transform_scheduler_core.sv:1486$236_ADDR is used but has no driver.
Warning: Wire $paramod$3238794ad92aecfe072b43676871167fd656be13\transform_scheduler_core.$mem2reg_wr$\fifo_x2_i$/foss/designs/butterfold/butterfold_proto/rtl/scheduler/transform_scheduler_core.sv:1486$236_DATA [15] is used but has no driver.
Warning: Wire $paramod$3238794ad92aecfe072b43676871167fd656be13\transform_scheduler_core.$mem2reg_wr$\fifo_x2_i$/foss/designs/butterfold/butterfold_proto/rtl/scheduler/transform_scheduler_core.sv:1486$236_DATA [14] is used but has no driver.
Warning: Wire $paramod$3238794ad92aecfe072b43676871167fd656be13\transform_scheduler_core.$mem2reg_wr$\fifo_x2_i$/foss/designs/butterfold/butterfold_proto/rtl/scheduler/transform_scheduler_core.sv:1486$236_DATA [13] is used but has no driver.
Warning: Wire $paramod$3238794ad92aecfe072b43676871167fd656be13\transform_scheduler_core.$mem2reg_wr$\fifo_x2_i$/foss/designs/butterfold/butterfold_proto/rtl/scheduler/transform_scheduler_core.sv:1486$236_DATA [12] is used but has no driver.
Warning: Wire $paramod$3238794ad92aecfe072b43676871167fd656be13\transform_scheduler_core.$mem2reg_wr$\fifo_x2_i$/foss/designs/butterfold/butterfold_proto/rtl/scheduler/transform_scheduler_core.sv:1486$236_DATA [11] is used but has no driver.
Warning: Wire $paramod$3238794ad92aecfe072b43676871167fd656be13\transform_scheduler_core.$mem2reg_wr$\fifo_x2_i$/foss/designs/butterfold/butterfold_proto/rtl/scheduler/transform_scheduler_core.sv:1486$236_DATA [10] is used but has no driver.
Warning: Wire $paramod$3238794ad92aecfe072b43676871167fd656be13\transform_scheduler_core.$mem2reg_wr$\fifo_x2_i$/foss/designs/butterfold/butterfold_proto/rtl/scheduler/transform_scheduler_core.sv:1486$236_DATA [9] is used but has no driver.
Warning: Wire $paramod$3238794ad92aecfe072b43676871167fd656be13\transform_scheduler_core.$mem2reg_wr$\fifo_x2_i$/foss/designs/butterfold/butterfold_proto/rtl/scheduler/transform_scheduler_core.sv:1486$236_DATA [8] is used but has no driver.
Warning: Wire $paramod$3238794ad92aecfe072b43676871167fd656be13\transform_scheduler_core.$mem2reg_wr$\fifo_x2_i$/foss/designs/butterfold/butterfold_proto/rtl/scheduler/transform_scheduler_core.sv:1486$236_DATA [7] is used but has no driver.
Warning: Wire $paramod$3238794ad92aecfe072b43676871167fd656be13\transform_scheduler_core.$mem2reg_wr$\fifo_x2_i$/foss/designs/butterfold/butterfold_proto/rtl/scheduler/transform_scheduler_core.sv:1486$236_DATA [6] is used but has no driver.
Warning: Wire $paramod$3238794ad92aecfe072b43676871167fd656be13\transform_scheduler_core.$mem2reg_wr$\fifo_x2_i$/foss/designs/butterfold/butterfold_proto/rtl/scheduler/transform_scheduler_core.sv:1486$236_DATA [5] is used but has no driver.
Warning: Wire $paramod$3238794ad92aecfe072b43676871167fd656be13\transform_scheduler_core.$mem2reg_wr$\fifo_x2_i$/foss/designs/butterfold/butterfold_proto/rtl/scheduler/transform_scheduler_core.sv:1486$236_DATA [4] is used but has no driver.
Warning: Wire $paramod$3238794ad92aecfe072b43676871167fd656be13\transform_scheduler_core.$mem2reg_wr$\fifo_x2_i$/foss/designs/butterfold/butterfold_proto/rtl/scheduler/transform_scheduler_core.sv:1486$236_DATA [3] is used but has no driver.
Warning: Wire $paramod$3238794ad92aecfe072b43676871167fd656be13\transform_scheduler_core.$mem2reg_wr$\fifo_x2_i$/foss/designs/butterfold/butterfold_proto/rtl/scheduler/transform_scheduler_core.sv:1486$236_DATA [2] is used but has no driver.
Warning: Wire $paramod$3238794ad92aecfe072b43676871167fd656be13\transform_scheduler_core.$mem2reg_wr$\fifo_x2_i$/foss/designs/butterfold/butterfold_proto/rtl/scheduler/transform_scheduler_core.sv:1486$236_DATA [1] is used but has no driver.
Warning: Wire $paramod$3238794ad92aecfe072b43676871167fd656be13\transform_scheduler_core.$mem2reg_wr$\fifo_x2_i$/foss/designs/butterfold/butterfold_proto/rtl/scheduler/transform_scheduler_core.sv:1486$236_DATA [0] is used but has no driver.
Warning: Wire $paramod$3238794ad92aecfe072b43676871167fd656be13\transform_scheduler_core.$mem2reg_wr$\fifo_x1_q$/foss/designs/butterfold/butterfold_proto/rtl/scheduler/transform_scheduler_core.sv:1483$235_ADDR is used but has no driver.
Warning: Wire $paramod$3238794ad92aecfe072b43676871167fd656be13\transform_scheduler_core.$mem2reg_wr$\fifo_x1_q$/foss/designs/butterfold/butterfold_proto/rtl/scheduler/transform_scheduler_core.sv:1483$235_DATA [15] is used but has no driver.
Warning: Wire $paramod$3238794ad92aecfe072b43676871167fd656be13\transform_scheduler_core.$mem2reg_wr$\fifo_x1_q$/foss/designs/butterfold/butterfold_proto/rtl/scheduler/transform_scheduler_core.sv:1483$235_DATA [14] is used but has no driver.
Warning: Wire $paramod$3238794ad92aecfe072b43676871167fd656be13\transform_scheduler_core.$mem2reg_wr$\fifo_x1_q$/foss/designs/butterfold/butterfold_proto/rtl/scheduler/transform_scheduler_core.sv:1483$235_DATA [13] is used but has no driver.
Warning: Wire $paramod$3238794ad92aecfe072b43676871167fd656be13\transform_scheduler_core.$mem2reg_wr$\fifo_x1_q$/foss/designs/butterfold/butterfold_proto/rtl/scheduler/transform_scheduler_core.sv:1483$235_DATA [12] is used but has no driver.
Warning: Wire $paramod$3238794ad92aecfe072b43676871167fd656be13\transform_scheduler_core.$mem2reg_wr$\fifo_x1_q$/foss/designs/butterfold/butterfold_proto/rtl/scheduler/transform_scheduler_core.sv:1483$235_DATA [11] is used but has no driver.
Warning: Wire $paramod$3238794ad92aecfe072b43676871167fd656be13\transform_scheduler_core.$mem2reg_wr$\fifo_x1_q$/foss/designs/butterfold/butterfold_proto/rtl/scheduler/transform_scheduler_core.sv:1483$235_DATA [10] is used but has no driver.
Warning: Wire $paramod$3238794ad92aecfe072b43676871167fd656be13\transform_scheduler_core.$mem2reg_wr$\fifo_x1_q$/foss/designs/butterfold/butterfold_proto/rtl/scheduler/transform_scheduler_core.sv:1483$235_DATA [9] is used but has no driver.
Warning: Wire $paramod$3238794ad92aecfe072b43676871167fd656be13\transform_scheduler_core.$mem2reg_wr$\fifo_x1_q$/foss/designs/butterfold/butterfold_proto/rtl/scheduler/transform_scheduler_core.sv:1483$235_DATA [8] is used but has no driver.
Warning: Wire $paramod$3238794ad92aecfe072b43676871167fd656be13\transform_scheduler_core.$mem2reg_wr$\fifo_x1_q$/foss/designs/butterfold/butterfold_proto/rtl/scheduler/transform_scheduler_core.sv:1483$235_DATA [7] is used but has no driver.
Warning: Wire $paramod$3238794ad92aecfe072b43676871167fd656be13\transform_scheduler_core.$mem2reg_wr$\fifo_x1_q$/foss/designs/butterfold/butterfold_proto/rtl/scheduler/transform_scheduler_core.sv:1483$235_DATA [6] is used but has no driver.
Warning: Wire $paramod$3238794ad92aecfe072b43676871167fd656be13\transform_scheduler_core.$mem2reg_wr$\fifo_x1_q$/foss/designs/butterfold/butterfold_proto/rtl/scheduler/transform_scheduler_core.sv:1483$235_DATA [5] is used but has no driver.
Warning: Wire $paramod$3238794ad92aecfe072b43676871167fd656be13\transform_scheduler_core.$mem2reg_wr$\fifo_x1_q$/foss/designs/butterfold/butterfold_proto/rtl/scheduler/transform_scheduler_core.sv:1483$235_DATA [4] is used but has no driver.
Warning: Wire $paramod$3238794ad92aecfe072b43676871167fd656be13\transform_scheduler_core.$mem2reg_wr$\fifo_x1_q$/foss/designs/butterfold/butterfold_proto/rtl/scheduler/transform_scheduler_core.sv:1483$235_DATA [3] is used but has no driver.
Warning: Wire $paramod$3238794ad92aecfe072b43676871167fd656be13\transform_scheduler_core.$mem2reg_wr$\fifo_x1_q$/foss/designs/butterfold/butterfold_proto/rtl/scheduler/transform_scheduler_core.sv:1483$235_DATA [2] is used but has no driver.
Warning: Wire $paramod$3238794ad92aecfe072b43676871167fd656be13\transform_scheduler_core.$mem2reg_wr$\fifo_x1_q$/foss/designs/butterfold/butterfold_proto/rtl/scheduler/transform_scheduler_core.sv:1483$235_DATA [1] is used but has no driver.
Warning: Wire $paramod$3238794ad92aecfe072b43676871167fd656be13\transform_scheduler_core.$mem2reg_wr$\fifo_x1_q$/foss/designs/butterfold/butterfold_proto/rtl/scheduler/transform_scheduler_core.sv:1483$235_DATA [0] is used but has no driver.
Warning: Wire $paramod$3238794ad92aecfe072b43676871167fd656be13\transform_scheduler_core.\negate_q17$func$/foss/designs/butterfold/butterfold_proto/rtl/scheduler/transform_scheduler_core.sv:1485$207.$result [15] is used but has no driver.
Warning: Wire $paramod$3238794ad92aecfe072b43676871167fd656be13\transform_scheduler_core.\negate_q17$func$/foss/designs/butterfold/butterfold_proto/rtl/scheduler/transform_scheduler_core.sv:1485$207.$result [14] is used but has no driver.
Warning: Wire $paramod$3238794ad92aecfe072b43676871167fd656be13\transform_scheduler_core.\negate_q17$func$/foss/designs/butterfold/butterfold_proto/rtl/scheduler/transform_scheduler_core.sv:1485$207.$result [13] is used but has no driver.
Warning: Wire $paramod$3238794ad92aecfe072b43676871167fd656be13\transform_scheduler_core.\negate_q17$func$/foss/designs/butterfold/butterfold_proto/rtl/scheduler/transform_scheduler_core.sv:1485$207.$result [12] is used but has no driver.
Warning: Wire $paramod$3238794ad92aecfe072b43676871167fd656be13\transform_scheduler_core.\negate_q17$func$/foss/designs/butterfold/butterfold_proto/rtl/scheduler/transform_scheduler_core.sv:1485$207.$result [11] is used but has no driver.
Warning: Wire $paramod$3238794ad92aecfe072b43676871167fd656be13\transform_scheduler_core.\negate_q17$func$/foss/designs/butterfold/butterfold_proto/rtl/scheduler/transform_scheduler_core.sv:1485$207.$result [10] is used but has no driver.
Warning: Wire $paramod$3238794ad92aecfe072b43676871167fd656be13\transform_scheduler_core.\negate_q17$func$/foss/designs/butterfold/butterfold_proto/rtl/scheduler/transform_scheduler_core.sv:1485$207.$result [9] is used but has no driver.
Warning: Wire $paramod$3238794ad92aecfe072b43676871167fd656be13\transform_scheduler_core.\negate_q17$func$/foss/designs/butterfold/butterfold_proto/rtl/scheduler/transform_scheduler_core.sv:1485$207.$result [8] is used but has no driver.
Warning: Wire $paramod$3238794ad92aecfe072b43676871167fd656be13\transform_scheduler_core.\negate_q17$func$/foss/designs/butterfold/butterfold_proto/rtl/scheduler/transform_scheduler_core.sv:1485$207.$result [7] is used but has no driver.
Warning: Wire $paramod$3238794ad92aecfe072b43676871167fd656be13\transform_scheduler_core.\negate_q17$func$/foss/designs/butterfold/butterfold_proto/rtl/scheduler/transform_scheduler_core.sv:1485$207.$result [6] is used but has no driver.
Warning: Wire $paramod$3238794ad92aecfe072b43676871167fd656be13\transform_scheduler_core.\negate_q17$func$/foss/designs/butterfold/butterfold_proto/rtl/scheduler/transform_scheduler_core.sv:1485$207.$result [5] is used but has no driver.
Warning: Wire $paramod$3238794ad92aecfe072b43676871167fd656be13\transform_scheduler_core.\negate_q17$func$/foss/designs/butterfold/butterfold_proto/rtl/scheduler/transform_scheduler_core.sv:1485$207.$result [4] is used but has no driver.
Warning: Wire $paramod$3238794ad92aecfe072b43676871167fd656be13\transform_scheduler_core.\negate_q17$func$/foss/designs/butterfold/butterfold_proto/rtl/scheduler/transform_scheduler_core.sv:1485$207.$result [3] is used but has no driver.
Warning: Wire $paramod$3238794ad92aecfe072b43676871167fd656be13\transform_scheduler_core.\negate_q17$func$/foss/designs/butterfold/butterfold_proto/rtl/scheduler/transform_scheduler_core.sv:1485$207.$result [2] is used but has no driver.
Warning: Wire $paramod$3238794ad92aecfe072b43676871167fd656be13\transform_scheduler_core.\negate_q17$func$/foss/designs/butterfold/butterfold_proto/rtl/scheduler/transform_scheduler_core.sv:1485$207.$result [1] is used but has no driver.
Warning: Wire $paramod$3238794ad92aecfe072b43676871167fd656be13\transform_scheduler_core.\negate_q17$func$/foss/designs/butterfold/butterfold_proto/rtl/scheduler/transform_scheduler_core.sv:1485$207.$result [0] is used but has no driver.
Warning: Wire $paramod$3238794ad92aecfe072b43676871167fd656be13\transform_scheduler_core.\negate_q17$func$/foss/designs/butterfold/butterfold_proto/rtl/scheduler/transform_scheduler_core.sv:1485$207.extended_value [15] is used but has no driver.
Warning: Wire $paramod$3238794ad92aecfe072b43676871167fd656be13\transform_scheduler_core.\negate_q17$func$/foss/designs/butterfold/butterfold_proto/rtl/scheduler/transform_scheduler_core.sv:1485$207.extended_value [14] is used but has no driver.
Warning: Wire $paramod$3238794ad92aecfe072b43676871167fd656be13\transform_scheduler_core.\negate_q17$func$/foss/designs/butterfold/butterfold_proto/rtl/scheduler/transform_scheduler_core.sv:1485$207.extended_value [13] is used but has no driver.
Warning: Wire $paramod$3238794ad92aecfe072b43676871167fd656be13\transform_scheduler_core.\negate_q17$func$/foss/designs/butterfold/butterfold_proto/rtl/scheduler/transform_scheduler_core.sv:1485$207.extended_value [12] is used but has no driver.
Warning: Wire $paramod$3238794ad92aecfe072b43676871167fd656be13\transform_scheduler_core.\negate_q17$func$/foss/designs/butterfold/butterfold_proto/rtl/scheduler/transform_scheduler_core.sv:1485$207.extended_value [11] is used but has no driver.
Warning: Wire $paramod$3238794ad92aecfe072b43676871167fd656be13\transform_scheduler_core.\negate_q17$func$/foss/designs/butterfold/butterfold_proto/rtl/scheduler/transform_scheduler_core.sv:1485$207.extended_value [10] is used but has no driver.
Warning: Wire $paramod$3238794ad92aecfe072b43676871167fd656be13\transform_scheduler_core.\negate_q17$func$/foss/designs/butterfold/butterfold_proto/rtl/scheduler/transform_scheduler_core.sv:1485$207.extended_value [9] is used but has no driver.
Warning: Wire $paramod$3238794ad92aecfe072b43676871167fd656be13\transform_scheduler_core.\negate_q17$func$/foss/designs/butterfold/butterfold_proto/rtl/scheduler/transform_scheduler_core.sv:1485$207.extended_value [8] is used but has no driver.
Warning: Wire $paramod$3238794ad92aecfe072b43676871167fd656be13\transform_scheduler_core.\negate_q17$func$/foss/designs/butterfold/butterfold_proto/rtl/scheduler/transform_scheduler_core.sv:1485$207.extended_value [7] is used but has no driver.
Warning: Wire $paramod$3238794ad92aecfe072b43676871167fd656be13\transform_scheduler_core.\negate_q17$func$/foss/designs/butterfold/butterfold_proto/rtl/scheduler/transform_scheduler_core.sv:1485$207.extended_value [6] is used but has no driver.
Warning: Wire $paramod$3238794ad92aecfe072b43676871167fd656be13\transform_scheduler_core.\negate_q17$func$/foss/designs/butterfold/butterfold_proto/rtl/scheduler/transform_scheduler_core.sv:1485$207.extended_value [5] is used but has no driver.
Warning: Wire $paramod$3238794ad92aecfe072b43676871167fd656be13\transform_scheduler_core.\negate_q17$func$/foss/designs/butterfold/butterfold_proto/rtl/scheduler/transform_scheduler_core.sv:1485$207.extended_value [4] is used but has no driver.
Warning: Wire $paramod$3238794ad92aecfe072b43676871167fd656be13\transform_scheduler_core.\negate_q17$func$/foss/designs/butterfold/butterfold_proto/rtl/scheduler/transform_scheduler_core.sv:1485$207.extended_value [3] is used but has no driver.
Warning: Wire $paramod$3238794ad92aecfe072b43676871167fd656be13\transform_scheduler_core.\negate_q17$func$/foss/designs/butterfold/butterfold_proto/rtl/scheduler/transform_scheduler_core.sv:1485$207.extended_value [2] is used but has no driver.
Warning: Wire $paramod$3238794ad92aecfe072b43676871167fd656be13\transform_scheduler_core.\negate_q17$func$/foss/designs/butterfold/butterfold_proto/rtl/scheduler/transform_scheduler_core.sv:1485$207.extended_value [1] is used but has no driver.
Warning: Wire $paramod$3238794ad92aecfe072b43676871167fd656be13\transform_scheduler_core.\negate_q17$func$/foss/designs/butterfold/butterfold_proto/rtl/scheduler/transform_scheduler_core.sv:1485$207.extended_value [0] is used but has no driver.
Warning: Wire $paramod$3238794ad92aecfe072b43676871167fd656be13\transform_scheduler_core.\negate_q17$func$/foss/designs/butterfold/butterfold_proto/rtl/scheduler/transform_scheduler_core.sv:1485$207.value [7] is used but has no driver.
Warning: Wire $paramod$3238794ad92aecfe072b43676871167fd656be13\transform_scheduler_core.\negate_q17$func$/foss/designs/butterfold/butterfold_proto/rtl/scheduler/transform_scheduler_core.sv:1485$207.value [6] is used but has no driver.
Warning: Wire $paramod$3238794ad92aecfe072b43676871167fd656be13\transform_scheduler_core.\negate_q17$func$/foss/designs/butterfold/butterfold_proto/rtl/scheduler/transform_scheduler_core.sv:1485$207.value [5] is used but has no driver.
Warning: Wire $paramod$3238794ad92aecfe072b43676871167fd656be13\transform_scheduler_core.\negate_q17$func$/foss/designs/butterfold/butterfold_proto/rtl/scheduler/transform_scheduler_core.sv:1485$207.value [4] is used but has no driver.
Warning: Wire $paramod$3238794ad92aecfe072b43676871167fd656be13\transform_scheduler_core.\negate_q17$func$/foss/designs/butterfold/butterfold_proto/rtl/scheduler/transform_scheduler_core.sv:1485$207.value [3] is used but has no driver.
Warning: Wire $paramod$3238794ad92aecfe072b43676871167fd656be13\transform_scheduler_core.\negate_q17$func$/foss/designs/butterfold/butterfold_proto/rtl/scheduler/transform_scheduler_core.sv:1485$207.value [2] is used but has no driver.
Warning: Wire $paramod$3238794ad92aecfe072b43676871167fd656be13\transform_scheduler_core.\negate_q17$func$/foss/designs/butterfold/butterfold_proto/rtl/scheduler/transform_scheduler_core.sv:1485$207.value [1] is used but has no driver.
Warning: Wire $paramod$3238794ad92aecfe072b43676871167fd656be13\transform_scheduler_core.\negate_q17$func$/foss/designs/butterfold/butterfold_proto/rtl/scheduler/transform_scheduler_core.sv:1485$207.value [0] is used but has no driver.
Warning: Wire $paramod$3238794ad92aecfe072b43676871167fd656be13\transform_scheduler_core.$mem2reg_wr$\fifo_x1_i$/foss/designs/butterfold/butterfold_proto/rtl/scheduler/transform_scheduler_core.sv:1482$234_ADDR is used but has no driver.
Warning: Wire $paramod$3238794ad92aecfe072b43676871167fd656be13\transform_scheduler_core.$mem2reg_wr$\fifo_x1_i$/foss/designs/butterfold/butterfold_proto/rtl/scheduler/transform_scheduler_core.sv:1482$234_DATA [15] is used but has no driver.
Warning: Wire $paramod$3238794ad92aecfe072b43676871167fd656be13\transform_scheduler_core.$mem2reg_wr$\fifo_x1_i$/foss/designs/butterfold/butterfold_proto/rtl/scheduler/transform_scheduler_core.sv:1482$234_DATA [14] is used but has no driver.
Warning: Wire $paramod$3238794ad92aecfe072b43676871167fd656be13\transform_scheduler_core.$mem2reg_wr$\fifo_x1_i$/foss/designs/butterfold/butterfold_proto/rtl/scheduler/transform_scheduler_core.sv:1482$234_DATA [13] is used but has no driver.
Warning: Wire $paramod$3238794ad92aecfe072b43676871167fd656be13\transform_scheduler_core.$mem2reg_wr$\fifo_x1_i$/foss/designs/butterfold/butterfold_proto/rtl/scheduler/transform_scheduler_core.sv:1482$234_DATA [12] is used but has no driver.
Warning: Wire $paramod$3238794ad92aecfe072b43676871167fd656be13\transform_scheduler_core.$mem2reg_wr$\fifo_x1_i$/foss/designs/butterfold/butterfold_proto/rtl/scheduler/transform_scheduler_core.sv:1482$234_DATA [11] is used but has no driver.
Warning: Wire $paramod$3238794ad92aecfe072b43676871167fd656be13\transform_scheduler_core.$mem2reg_wr$\fifo_x1_i$/foss/designs/butterfold/butterfold_proto/rtl/scheduler/transform_scheduler_core.sv:1482$234_DATA [10] is used but has no driver.
Warning: Wire $paramod$3238794ad92aecfe072b43676871167fd656be13\transform_scheduler_core.$mem2reg_wr$\fifo_x1_i$/foss/designs/butterfold/butterfold_proto/rtl/scheduler/transform_scheduler_core.sv:1482$234_DATA [9] is used but has no driver.
Warning: Wire $paramod$3238794ad92aecfe072b43676871167fd656be13\transform_scheduler_core.$mem2reg_wr$\fifo_x1_i$/foss/designs/butterfold/butterfold_proto/rtl/scheduler/transform_scheduler_core.sv:1482$234_DATA [8] is used but has no driver.
Warning: Wire $paramod$3238794ad92aecfe072b43676871167fd656be13\transform_scheduler_core.$mem2reg_wr$\fifo_x1_i$/foss/designs/butterfold/butterfold_proto/rtl/scheduler/transform_scheduler_core.sv:1482$234_DATA [7] is used but has no driver.
Warning: Wire $paramod$3238794ad92aecfe072b43676871167fd656be13\transform_scheduler_core.$mem2reg_wr$\fifo_x1_i$/foss/designs/butterfold/butterfold_proto/rtl/scheduler/transform_scheduler_core.sv:1482$234_DATA [6] is used but has no driver.
Warning: Wire $paramod$3238794ad92aecfe072b43676871167fd656be13\transform_scheduler_core.$mem2reg_wr$\fifo_x1_i$/foss/designs/butterfold/butterfold_proto/rtl/scheduler/transform_scheduler_core.sv:1482$234_DATA [5] is used but has no driver.
Warning: Wire $paramod$3238794ad92aecfe072b43676871167fd656be13\transform_scheduler_core.$mem2reg_wr$\fifo_x1_i$/foss/designs/butterfold/butterfold_proto/rtl/scheduler/transform_scheduler_core.sv:1482$234_DATA [4] is used but has no driver.
Warning: Wire $paramod$3238794ad92aecfe072b43676871167fd656be13\transform_scheduler_core.$mem2reg_wr$\fifo_x1_i$/foss/designs/butterfold/butterfold_proto/rtl/scheduler/transform_scheduler_core.sv:1482$234_DATA [3] is used but has no driver.
Warning: Wire $paramod$3238794ad92aecfe072b43676871167fd656be13\transform_scheduler_core.$mem2reg_wr$\fifo_x1_i$/foss/designs/butterfold/butterfold_proto/rtl/scheduler/transform_scheduler_core.sv:1482$234_DATA [2] is used but has no driver.
Warning: Wire $paramod$3238794ad92aecfe072b43676871167fd656be13\transform_scheduler_core.$mem2reg_wr$\fifo_x1_i$/foss/designs/butterfold/butterfold_proto/rtl/scheduler/transform_scheduler_core.sv:1482$234_DATA [1] is used but has no driver.
Warning: Wire $paramod$3238794ad92aecfe072b43676871167fd656be13\transform_scheduler_core.$mem2reg_wr$\fifo_x1_i$/foss/designs/butterfold/butterfold_proto/rtl/scheduler/transform_scheduler_core.sv:1482$234_DATA [0] is used but has no driver.
Warning: Wire $paramod$3238794ad92aecfe072b43676871167fd656be13\transform_scheduler_core.$mem2reg_wr$\fifo_x0_q$/foss/designs/butterfold/butterfold_proto/rtl/scheduler/transform_scheduler_core.sv:1481$233_ADDR is used but has no driver.
Warning: Wire $paramod$3238794ad92aecfe072b43676871167fd656be13\transform_scheduler_core.$mem2reg_wr$\fifo_x0_q$/foss/designs/butterfold/butterfold_proto/rtl/scheduler/transform_scheduler_core.sv:1481$233_DATA [15] is used but has no driver.
Warning: Wire $paramod$3238794ad92aecfe072b43676871167fd656be13\transform_scheduler_core.$mem2reg_wr$\fifo_x0_q$/foss/designs/butterfold/butterfold_proto/rtl/scheduler/transform_scheduler_core.sv:1481$233_DATA [14] is used but has no driver.
Warning: Wire $paramod$3238794ad92aecfe072b43676871167fd656be13\transform_scheduler_core.$mem2reg_wr$\fifo_x0_q$/foss/designs/butterfold/butterfold_proto/rtl/scheduler/transform_scheduler_core.sv:1481$233_DATA [13] is used but has no driver.
Warning: Wire $paramod$3238794ad92aecfe072b43676871167fd656be13\transform_scheduler_core.$mem2reg_wr$\fifo_x0_q$/foss/designs/butterfold/butterfold_proto/rtl/scheduler/transform_scheduler_core.sv:1481$233_DATA [12] is used but has no driver.
Warning: Wire $paramod$3238794ad92aecfe072b43676871167fd656be13\transform_scheduler_core.$mem2reg_wr$\fifo_x0_q$/foss/designs/butterfold/butterfold_proto/rtl/scheduler/transform_scheduler_core.sv:1481$233_DATA [11] is used but has no driver.
Warning: Wire $paramod$3238794ad92aecfe072b43676871167fd656be13\transform_scheduler_core.$mem2reg_wr$\fifo_x0_q$/foss/designs/butterfold/butterfold_proto/rtl/scheduler/transform_scheduler_core.sv:1481$233_DATA [10] is used but has no driver.
Warning: Wire $paramod$3238794ad92aecfe072b43676871167fd656be13\transform_scheduler_core.$mem2reg_wr$\fifo_x0_q$/foss/designs/butterfold/butterfold_proto/rtl/scheduler/transform_scheduler_core.sv:1481$233_DATA [9] is used but has no driver.
Warning: Wire $paramod$3238794ad92aecfe072b43676871167fd656be13\transform_scheduler_core.$mem2reg_wr$\fifo_x0_q$/foss/designs/butterfold/butterfold_proto/rtl/scheduler/transform_scheduler_core.sv:1481$233_DATA [8] is used but has no driver.
Warning: Wire $paramod$3238794ad92aecfe072b43676871167fd656be13\transform_scheduler_core.$mem2reg_wr$\fifo_x0_q$/foss/designs/butterfold/butterfold_proto/rtl/scheduler/transform_scheduler_core.sv:1481$233_DATA [7] is used but has no driver.
Warning: Wire $paramod$3238794ad92aecfe072b43676871167fd656be13\transform_scheduler_core.$mem2reg_wr$\fifo_x0_q$/foss/designs/butterfold/butterfold_proto/rtl/scheduler/transform_scheduler_core.sv:1481$233_DATA [6] is used but has no driver.
Warning: Wire $paramod$3238794ad92aecfe072b43676871167fd656be13\transform_scheduler_core.$mem2reg_wr$\fifo_x0_q$/foss/designs/butterfold/butterfold_proto/rtl/scheduler/transform_scheduler_core.sv:1481$233_DATA [5] is used but has no driver.
Warning: Wire $paramod$3238794ad92aecfe072b43676871167fd656be13\transform_scheduler_core.$mem2reg_wr$\fifo_x0_q$/foss/designs/butterfold/butterfold_proto/rtl/scheduler/transform_scheduler_core.sv:1481$233_DATA [4] is used but has no driver.
Warning: Wire $paramod$3238794ad92aecfe072b43676871167fd656be13\transform_scheduler_core.$mem2reg_wr$\fifo_x0_q$/foss/designs/butterfold/butterfold_proto/rtl/scheduler/transform_scheduler_core.sv:1481$233_DATA [3] is used but has no driver.
Warning: Wire $paramod$3238794ad92aecfe072b43676871167fd656be13\transform_scheduler_core.$mem2reg_wr$\fifo_x0_q$/foss/designs/butterfold/butterfold_proto/rtl/scheduler/transform_scheduler_core.sv:1481$233_DATA [2] is used but has no driver.
Warning: Wire $paramod$3238794ad92aecfe072b43676871167fd656be13\transform_scheduler_core.$mem2reg_wr$\fifo_x0_q$/foss/designs/butterfold/butterfold_proto/rtl/scheduler/transform_scheduler_core.sv:1481$233_DATA [1] is used but has no driver.
Warning: Wire $paramod$3238794ad92aecfe072b43676871167fd656be13\transform_scheduler_core.$mem2reg_wr$\fifo_x0_q$/foss/designs/butterfold/butterfold_proto/rtl/scheduler/transform_scheduler_core.sv:1481$233_DATA [0] is used but has no driver.
Warning: Wire $paramod$3238794ad92aecfe072b43676871167fd656be13\transform_scheduler_core.$mem2reg_wr$\fifo_x0_i$/foss/designs/butterfold/butterfold_proto/rtl/scheduler/transform_scheduler_core.sv:1480$232_ADDR is used but has no driver.
Warning: Wire $paramod$3238794ad92aecfe072b43676871167fd656be13\transform_scheduler_core.$mem2reg_wr$\fifo_x0_i$/foss/designs/butterfold/butterfold_proto/rtl/scheduler/transform_scheduler_core.sv:1480$232_DATA [15] is used but has no driver.
Warning: Wire $paramod$3238794ad92aecfe072b43676871167fd656be13\transform_scheduler_core.$mem2reg_wr$\fifo_x0_i$/foss/designs/butterfold/butterfold_proto/rtl/scheduler/transform_scheduler_core.sv:1480$232_DATA [14] is used but has no driver.
Warning: Wire $paramod$3238794ad92aecfe072b43676871167fd656be13\transform_scheduler_core.$mem2reg_wr$\fifo_x0_i$/foss/designs/butterfold/butterfold_proto/rtl/scheduler/transform_scheduler_core.sv:1480$232_DATA [13] is used but has no driver.
Warning: Wire $paramod$3238794ad92aecfe072b43676871167fd656be13\transform_scheduler_core.$mem2reg_wr$\fifo_x0_i$/foss/designs/butterfold/butterfold_proto/rtl/scheduler/transform_scheduler_core.sv:1480$232_DATA [12] is used but has no driver.
Warning: Wire $paramod$3238794ad92aecfe072b43676871167fd656be13\transform_scheduler_core.$mem2reg_wr$\fifo_x0_i$/foss/designs/butterfold/butterfold_proto/rtl/scheduler/transform_scheduler_core.sv:1480$232_DATA [11] is used but has no driver.
Warning: Wire $paramod$3238794ad92aecfe072b43676871167fd656be13\transform_scheduler_core.$mem2reg_wr$\fifo_x0_i$/foss/designs/butterfold/butterfold_proto/rtl/scheduler/transform_scheduler_core.sv:1480$232_DATA [10] is used but has no driver.
Warning: Wire $paramod$3238794ad92aecfe072b43676871167fd656be13\transform_scheduler_core.$mem2reg_wr$\fifo_x0_i$/foss/designs/butterfold/butterfold_proto/rtl/scheduler/transform_scheduler_core.sv:1480$232_DATA [9] is used but has no driver.
Warning: Wire $paramod$3238794ad92aecfe072b43676871167fd656be13\transform_scheduler_core.$mem2reg_wr$\fifo_x0_i$/foss/designs/butterfold/butterfold_proto/rtl/scheduler/transform_scheduler_core.sv:1480$232_DATA [8] is used but has no driver.
Warning: Wire $paramod$3238794ad92aecfe072b43676871167fd656be13\transform_scheduler_core.$mem2reg_wr$\fifo_x0_i$/foss/designs/butterfold/butterfold_proto/rtl/scheduler/transform_scheduler_core.sv:1480$232_DATA [7] is used but has no driver.
Warning: Wire $paramod$3238794ad92aecfe072b43676871167fd656be13\transform_scheduler_core.$mem2reg_wr$\fifo_x0_i$/foss/designs/butterfold/butterfold_proto/rtl/scheduler/transform_scheduler_core.sv:1480$232_DATA [6] is used but has no driver.
Warning: Wire $paramod$3238794ad92aecfe072b43676871167fd656be13\transform_scheduler_core.$mem2reg_wr$\fifo_x0_i$/foss/designs/butterfold/butterfold_proto/rtl/scheduler/transform_scheduler_core.sv:1480$232_DATA [5] is used but has no driver.
Warning: Wire $paramod$3238794ad92aecfe072b43676871167fd656be13\transform_scheduler_core.$mem2reg_wr$\fifo_x0_i$/foss/designs/butterfold/butterfold_proto/rtl/scheduler/transform_scheduler_core.sv:1480$232_DATA [4] is used but has no driver.
Warning: Wire $paramod$3238794ad92aecfe072b43676871167fd656be13\transform_scheduler_core.$mem2reg_wr$\fifo_x0_i$/foss/designs/butterfold/butterfold_proto/rtl/scheduler/transform_scheduler_core.sv:1480$232_DATA [3] is used but has no driver.
Warning: Wire $paramod$3238794ad92aecfe072b43676871167fd656be13\transform_scheduler_core.$mem2reg_wr$\fifo_x0_i$/foss/designs/butterfold/butterfold_proto/rtl/scheduler/transform_scheduler_core.sv:1480$232_DATA [2] is used but has no driver.
Warning: Wire $paramod$3238794ad92aecfe072b43676871167fd656be13\transform_scheduler_core.$mem2reg_wr$\fifo_x0_i$/foss/designs/butterfold/butterfold_proto/rtl/scheduler/transform_scheduler_core.sv:1480$232_DATA [1] is used but has no driver.
Warning: Wire $paramod$3238794ad92aecfe072b43676871167fd656be13\transform_scheduler_core.$mem2reg_wr$\fifo_x0_i$/foss/designs/butterfold/butterfold_proto/rtl/scheduler/transform_scheduler_core.sv:1480$232_DATA [0] is used but has no driver.
Warning: Wire $paramod$3238794ad92aecfe072b43676871167fd656be13\transform_scheduler_core.\sign_extend_q17$func$/foss/designs/butterfold/butterfold_proto/rtl/scheduler/transform_scheduler_core.sv:1441$206.$result [15] is used but has no driver.
Warning: Wire $paramod$3238794ad92aecfe072b43676871167fd656be13\transform_scheduler_core.\sign_extend_q17$func$/foss/designs/butterfold/butterfold_proto/rtl/scheduler/transform_scheduler_core.sv:1441$206.$result [14] is used but has no driver.
Warning: Wire $paramod$3238794ad92aecfe072b43676871167fd656be13\transform_scheduler_core.\sign_extend_q17$func$/foss/designs/butterfold/butterfold_proto/rtl/scheduler/transform_scheduler_core.sv:1441$206.$result [13] is used but has no driver.
Warning: Wire $paramod$3238794ad92aecfe072b43676871167fd656be13\transform_scheduler_core.\sign_extend_q17$func$/foss/designs/butterfold/butterfold_proto/rtl/scheduler/transform_scheduler_core.sv:1441$206.$result [12] is used but has no driver.
Warning: Wire $paramod$3238794ad92aecfe072b43676871167fd656be13\transform_scheduler_core.\sign_extend_q17$func$/foss/designs/butterfold/butterfold_proto/rtl/scheduler/transform_scheduler_core.sv:1441$206.$result [11] is used but has no driver.
Warning: Wire $paramod$3238794ad92aecfe072b43676871167fd656be13\transform_scheduler_core.\sign_extend_q17$func$/foss/designs/butterfold/butterfold_proto/rtl/scheduler/transform_scheduler_core.sv:1441$206.$result [10] is used but has no driver.
Warning: Wire $paramod$3238794ad92aecfe072b43676871167fd656be13\transform_scheduler_core.\sign_extend_q17$func$/foss/designs/butterfold/butterfold_proto/rtl/scheduler/transform_scheduler_core.sv:1441$206.$result [9] is used but has no driver.
Warning: Wire $paramod$3238794ad92aecfe072b43676871167fd656be13\transform_scheduler_core.\sign_extend_q17$func$/foss/designs/butterfold/butterfold_proto/rtl/scheduler/transform_scheduler_core.sv:1441$206.$result [8] is used but has no driver.
Warning: Wire $paramod$3238794ad92aecfe072b43676871167fd656be13\transform_scheduler_core.\sign_extend_q17$func$/foss/designs/butterfold/butterfold_proto/rtl/scheduler/transform_scheduler_core.sv:1441$206.$result [7] is used but has no driver.
Warning: Wire $paramod$3238794ad92aecfe072b43676871167fd656be13\transform_scheduler_core.\sign_extend_q17$func$/foss/designs/butterfold/butterfold_proto/rtl/scheduler/transform_scheduler_core.sv:1441$206.$result [6] is used but has no driver.
Warning: Wire $paramod$3238794ad92aecfe072b43676871167fd656be13\transform_scheduler_core.\sign_extend_q17$func$/foss/designs/butterfold/butterfold_proto/rtl/scheduler/transform_scheduler_core.sv:1441$206.$result [5] is used but has no driver.
Warning: Wire $paramod$3238794ad92aecfe072b43676871167fd656be13\transform_scheduler_core.\sign_extend_q17$func$/foss/designs/butterfold/butterfold_proto/rtl/scheduler/transform_scheduler_core.sv:1441$206.$result [4] is used but has no driver.
Warning: Wire $paramod$3238794ad92aecfe072b43676871167fd656be13\transform_scheduler_core.\sign_extend_q17$func$/foss/designs/butterfold/butterfold_proto/rtl/scheduler/transform_scheduler_core.sv:1441$206.$result [3] is used but has no driver.
Warning: Wire $paramod$3238794ad92aecfe072b43676871167fd656be13\transform_scheduler_core.\sign_extend_q17$func$/foss/designs/butterfold/butterfold_proto/rtl/scheduler/transform_scheduler_core.sv:1441$206.$result [2] is used but has no driver.
Warning: Wire $paramod$3238794ad92aecfe072b43676871167fd656be13\transform_scheduler_core.\sign_extend_q17$func$/foss/designs/butterfold/butterfold_proto/rtl/scheduler/transform_scheduler_core.sv:1441$206.$result [1] is used but has no driver.
Warning: Wire $paramod$3238794ad92aecfe072b43676871167fd656be13\transform_scheduler_core.\sign_extend_q17$func$/foss/designs/butterfold/butterfold_proto/rtl/scheduler/transform_scheduler_core.sv:1441$206.$result [0] is used but has no driver.
Warning: Wire $paramod$3238794ad92aecfe072b43676871167fd656be13\transform_scheduler_core.\sign_extend_q17$func$/foss/designs/butterfold/butterfold_proto/rtl/scheduler/transform_scheduler_core.sv:1441$206.value [7] is used but has no driver.
Warning: Wire $paramod$3238794ad92aecfe072b43676871167fd656be13\transform_scheduler_core.\sign_extend_q17$func$/foss/designs/butterfold/butterfold_proto/rtl/scheduler/transform_scheduler_core.sv:1441$206.value [6] is used but has no driver.
Warning: Wire $paramod$3238794ad92aecfe072b43676871167fd656be13\transform_scheduler_core.\sign_extend_q17$func$/foss/designs/butterfold/butterfold_proto/rtl/scheduler/transform_scheduler_core.sv:1441$206.value [5] is used but has no driver.
Warning: Wire $paramod$3238794ad92aecfe072b43676871167fd656be13\transform_scheduler_core.\sign_extend_q17$func$/foss/designs/butterfold/butterfold_proto/rtl/scheduler/transform_scheduler_core.sv:1441$206.value [4] is used but has no driver.
Warning: Wire $paramod$3238794ad92aecfe072b43676871167fd656be13\transform_scheduler_core.\sign_extend_q17$func$/foss/designs/butterfold/butterfold_proto/rtl/scheduler/transform_scheduler_core.sv:1441$206.value [3] is used but has no driver.
Warning: Wire $paramod$3238794ad92aecfe072b43676871167fd656be13\transform_scheduler_core.\sign_extend_q17$func$/foss/designs/butterfold/butterfold_proto/rtl/scheduler/transform_scheduler_core.sv:1441$206.value [2] is used but has no driver.
Warning: Wire $paramod$3238794ad92aecfe072b43676871167fd656be13\transform_scheduler_core.\sign_extend_q17$func$/foss/designs/butterfold/butterfold_proto/rtl/scheduler/transform_scheduler_core.sv:1441$206.value [1] is used but has no driver.
Warning: Wire $paramod$3238794ad92aecfe072b43676871167fd656be13\transform_scheduler_core.\sign_extend_q17$func$/foss/designs/butterfold/butterfold_proto/rtl/scheduler/transform_scheduler_core.sv:1441$206.value [0] is used but has no driver.
Warning: Wire $paramod$3238794ad92aecfe072b43676871167fd656be13\transform_scheduler_core.\sign_extend_q17$func$/foss/designs/butterfold/butterfold_proto/rtl/scheduler/transform_scheduler_core.sv:1439$205.$result [15] is used but has no driver.
Warning: Wire $paramod$3238794ad92aecfe072b43676871167fd656be13\transform_scheduler_core.\sign_extend_q17$func$/foss/designs/butterfold/butterfold_proto/rtl/scheduler/transform_scheduler_core.sv:1439$205.$result [14] is used but has no driver.
Warning: Wire $paramod$3238794ad92aecfe072b43676871167fd656be13\transform_scheduler_core.\sign_extend_q17$func$/foss/designs/butterfold/butterfold_proto/rtl/scheduler/transform_scheduler_core.sv:1439$205.$result [13] is used but has no driver.
Warning: Wire $paramod$3238794ad92aecfe072b43676871167fd656be13\transform_scheduler_core.\sign_extend_q17$func$/foss/designs/butterfold/butterfold_proto/rtl/scheduler/transform_scheduler_core.sv:1439$205.$result [12] is used but has no driver.
Warning: Wire $paramod$3238794ad92aecfe072b43676871167fd656be13\transform_scheduler_core.\sign_extend_q17$func$/foss/designs/butterfold/butterfold_proto/rtl/scheduler/transform_scheduler_core.sv:1439$205.$result [11] is used but has no driver.
Warning: Wire $paramod$3238794ad92aecfe072b43676871167fd656be13\transform_scheduler_core.\sign_extend_q17$func$/foss/designs/butterfold/butterfold_proto/rtl/scheduler/transform_scheduler_core.sv:1439$205.$result [10] is used but has no driver.
Warning: Wire $paramod$3238794ad92aecfe072b43676871167fd656be13\transform_scheduler_core.\sign_extend_q17$func$/foss/designs/butterfold/butterfold_proto/rtl/scheduler/transform_scheduler_core.sv:1439$205.$result [9] is used but has no driver.
Warning: Wire $paramod$3238794ad92aecfe072b43676871167fd656be13\transform_scheduler_core.\sign_extend_q17$func$/foss/designs/butterfold/butterfold_proto/rtl/scheduler/transform_scheduler_core.sv:1439$205.$result [8] is used but has no driver.
Warning: Wire $paramod$3238794ad92aecfe072b43676871167fd656be13\transform_scheduler_core.\sign_extend_q17$func$/foss/designs/butterfold/butterfold_proto/rtl/scheduler/transform_scheduler_core.sv:1439$205.$result [7] is used but has no driver.
Warning: Wire $paramod$3238794ad92aecfe072b43676871167fd656be13\transform_scheduler_core.\sign_extend_q17$func$/foss/designs/butterfold/butterfold_proto/rtl/scheduler/transform_scheduler_core.sv:1439$205.$result [6] is used but has no driver.
Warning: Wire $paramod$3238794ad92aecfe072b43676871167fd656be13\transform_scheduler_core.\sign_extend_q17$func$/foss/designs/butterfold/butterfold_proto/rtl/scheduler/transform_scheduler_core.sv:1439$205.$result [5] is used but has no driver.
Warning: Wire $paramod$3238794ad92aecfe072b43676871167fd656be13\transform_scheduler_core.\sign_extend_q17$func$/foss/designs/butterfold/butterfold_proto/rtl/scheduler/transform_scheduler_core.sv:1439$205.$result [4] is used but has no driver.
Warning: Wire $paramod$3238794ad92aecfe072b43676871167fd656be13\transform_scheduler_core.\sign_extend_q17$func$/foss/designs/butterfold/butterfold_proto/rtl/scheduler/transform_scheduler_core.sv:1439$205.$result [3] is used but has no driver.
Warning: Wire $paramod$3238794ad92aecfe072b43676871167fd656be13\transform_scheduler_core.\sign_extend_q17$func$/foss/designs/butterfold/butterfold_proto/rtl/scheduler/transform_scheduler_core.sv:1439$205.$result [2] is used but has no driver.
Warning: Wire $paramod$3238794ad92aecfe072b43676871167fd656be13\transform_scheduler_core.\sign_extend_q17$func$/foss/designs/butterfold/butterfold_proto/rtl/scheduler/transform_scheduler_core.sv:1439$205.$result [1] is used but has no driver.
Warning: Wire $paramod$3238794ad92aecfe072b43676871167fd656be13\transform_scheduler_core.\sign_extend_q17$func$/foss/designs/butterfold/butterfold_proto/rtl/scheduler/transform_scheduler_core.sv:1439$205.$result [0] is used but has no driver.
Warning: Wire $paramod$3238794ad92aecfe072b43676871167fd656be13\transform_scheduler_core.\sign_extend_q17$func$/foss/designs/butterfold/butterfold_proto/rtl/scheduler/transform_scheduler_core.sv:1439$205.value [7] is used but has no driver.
Warning: Wire $paramod$3238794ad92aecfe072b43676871167fd656be13\transform_scheduler_core.\sign_extend_q17$func$/foss/designs/butterfold/butterfold_proto/rtl/scheduler/transform_scheduler_core.sv:1439$205.value [6] is used but has no driver.
Warning: Wire $paramod$3238794ad92aecfe072b43676871167fd656be13\transform_scheduler_core.\sign_extend_q17$func$/foss/designs/butterfold/butterfold_proto/rtl/scheduler/transform_scheduler_core.sv:1439$205.value [5] is used but has no driver.
Warning: Wire $paramod$3238794ad92aecfe072b43676871167fd656be13\transform_scheduler_core.\sign_extend_q17$func$/foss/designs/butterfold/butterfold_proto/rtl/scheduler/transform_scheduler_core.sv:1439$205.value [4] is used but has no driver.
Warning: Wire $paramod$3238794ad92aecfe072b43676871167fd656be13\transform_scheduler_core.\sign_extend_q17$func$/foss/designs/butterfold/butterfold_proto/rtl/scheduler/transform_scheduler_core.sv:1439$205.value [3] is used but has no driver.
Warning: Wire $paramod$3238794ad92aecfe072b43676871167fd656be13\transform_scheduler_core.\sign_extend_q17$func$/foss/designs/butterfold/butterfold_proto/rtl/scheduler/transform_scheduler_core.sv:1439$205.value [2] is used but has no driver.
Warning: Wire $paramod$3238794ad92aecfe072b43676871167fd656be13\transform_scheduler_core.\sign_extend_q17$func$/foss/designs/butterfold/butterfold_proto/rtl/scheduler/transform_scheduler_core.sv:1439$205.value [1] is used but has no driver.
Warning: Wire $paramod$3238794ad92aecfe072b43676871167fd656be13\transform_scheduler_core.\sign_extend_q17$func$/foss/designs/butterfold/butterfold_proto/rtl/scheduler/transform_scheduler_core.sv:1439$205.value [0] is used but has no driver.
Warning: Wire $paramod$3238794ad92aecfe072b43676871167fd656be13\transform_scheduler_core.\sign_extend_q17$func$/foss/designs/butterfold/butterfold_proto/rtl/scheduler/transform_scheduler_core.sv:1436$204.$result [15] is used but has no driver.
Warning: Wire $paramod$3238794ad92aecfe072b43676871167fd656be13\transform_scheduler_core.\sign_extend_q17$func$/foss/designs/butterfold/butterfold_proto/rtl/scheduler/transform_scheduler_core.sv:1436$204.$result [14] is used but has no driver.
Warning: Wire $paramod$3238794ad92aecfe072b43676871167fd656be13\transform_scheduler_core.\sign_extend_q17$func$/foss/designs/butterfold/butterfold_proto/rtl/scheduler/transform_scheduler_core.sv:1436$204.$result [13] is used but has no driver.
Warning: Wire $paramod$3238794ad92aecfe072b43676871167fd656be13\transform_scheduler_core.\sign_extend_q17$func$/foss/designs/butterfold/butterfold_proto/rtl/scheduler/transform_scheduler_core.sv:1436$204.$result [12] is used but has no driver.
Warning: Wire $paramod$3238794ad92aecfe072b43676871167fd656be13\transform_scheduler_core.\sign_extend_q17$func$/foss/designs/butterfold/butterfold_proto/rtl/scheduler/transform_scheduler_core.sv:1436$204.$result [11] is used but has no driver.
Warning: Wire $paramod$3238794ad92aecfe072b43676871167fd656be13\transform_scheduler_core.\sign_extend_q17$func$/foss/designs/butterfold/butterfold_proto/rtl/scheduler/transform_scheduler_core.sv:1436$204.$result [10] is used but has no driver.
Warning: Wire $paramod$3238794ad92aecfe072b43676871167fd656be13\transform_scheduler_core.\sign_extend_q17$func$/foss/designs/butterfold/butterfold_proto/rtl/scheduler/transform_scheduler_core.sv:1436$204.$result [9] is used but has no driver.
Warning: Wire $paramod$3238794ad92aecfe072b43676871167fd656be13\transform_scheduler_core.\sign_extend_q17$func$/foss/designs/butterfold/butterfold_proto/rtl/scheduler/transform_scheduler_core.sv:1436$204.$result [8] is used but has no driver.
Warning: Wire $paramod$3238794ad92aecfe072b43676871167fd656be13\transform_scheduler_core.\sign_extend_q17$func$/foss/designs/butterfold/butterfold_proto/rtl/scheduler/transform_scheduler_core.sv:1436$204.$result [7] is used but has no driver.
Warning: Wire $paramod$3238794ad92aecfe072b43676871167fd656be13\transform_scheduler_core.\sign_extend_q17$func$/foss/designs/butterfold/butterfold_proto/rtl/scheduler/transform_scheduler_core.sv:1436$204.$result [6] is used but has no driver.
Warning: Wire $paramod$3238794ad92aecfe072b43676871167fd656be13\transform_scheduler_core.\sign_extend_q17$func$/foss/designs/butterfold/butterfold_proto/rtl/scheduler/transform_scheduler_core.sv:1436$204.$result [5] is used but has no driver.
Warning: Wire $paramod$3238794ad92aecfe072b43676871167fd656be13\transform_scheduler_core.\sign_extend_q17$func$/foss/designs/butterfold/butterfold_proto/rtl/scheduler/transform_scheduler_core.sv:1436$204.$result [4] is used but has no driver.
Warning: Wire $paramod$3238794ad92aecfe072b43676871167fd656be13\transform_scheduler_core.\sign_extend_q17$func$/foss/designs/butterfold/butterfold_proto/rtl/scheduler/transform_scheduler_core.sv:1436$204.$result [3] is used but has no driver.
Warning: Wire $paramod$3238794ad92aecfe072b43676871167fd656be13\transform_scheduler_core.\sign_extend_q17$func$/foss/designs/butterfold/butterfold_proto/rtl/scheduler/transform_scheduler_core.sv:1436$204.$result [2] is used but has no driver.
Warning: Wire $paramod$3238794ad92aecfe072b43676871167fd656be13\transform_scheduler_core.\sign_extend_q17$func$/foss/designs/butterfold/butterfold_proto/rtl/scheduler/transform_scheduler_core.sv:1436$204.$result [1] is used but has no driver.
Warning: Wire $paramod$3238794ad92aecfe072b43676871167fd656be13\transform_scheduler_core.\sign_extend_q17$func$/foss/designs/butterfold/butterfold_proto/rtl/scheduler/transform_scheduler_core.sv:1436$204.$result [0] is used but has no driver.
Warning: Wire $paramod$3238794ad92aecfe072b43676871167fd656be13\transform_scheduler_core.\sign_extend_q17$func$/foss/designs/butterfold/butterfold_proto/rtl/scheduler/transform_scheduler_core.sv:1436$204.value [7] is used but has no driver.
Warning: Wire $paramod$3238794ad92aecfe072b43676871167fd656be13\transform_scheduler_core.\sign_extend_q17$func$/foss/designs/butterfold/butterfold_proto/rtl/scheduler/transform_scheduler_core.sv:1436$204.value [6] is used but has no driver.
Warning: Wire $paramod$3238794ad92aecfe072b43676871167fd656be13\transform_scheduler_core.\sign_extend_q17$func$/foss/designs/butterfold/butterfold_proto/rtl/scheduler/transform_scheduler_core.sv:1436$204.value [5] is used but has no driver.
Warning: Wire $paramod$3238794ad92aecfe072b43676871167fd656be13\transform_scheduler_core.\sign_extend_q17$func$/foss/designs/butterfold/butterfold_proto/rtl/scheduler/transform_scheduler_core.sv:1436$204.value [4] is used but has no driver.
Warning: Wire $paramod$3238794ad92aecfe072b43676871167fd656be13\transform_scheduler_core.\sign_extend_q17$func$/foss/designs/butterfold/butterfold_proto/rtl/scheduler/transform_scheduler_core.sv:1436$204.value [3] is used but has no driver.
Warning: Wire $paramod$3238794ad92aecfe072b43676871167fd656be13\transform_scheduler_core.\sign_extend_q17$func$/foss/designs/butterfold/butterfold_proto/rtl/scheduler/transform_scheduler_core.sv:1436$204.value [2] is used but has no driver.
Warning: Wire $paramod$3238794ad92aecfe072b43676871167fd656be13\transform_scheduler_core.\sign_extend_q17$func$/foss/designs/butterfold/butterfold_proto/rtl/scheduler/transform_scheduler_core.sv:1436$204.value [1] is used but has no driver.
Warning: Wire $paramod$3238794ad92aecfe072b43676871167fd656be13\transform_scheduler_core.\sign_extend_q17$func$/foss/designs/butterfold/butterfold_proto/rtl/scheduler/transform_scheduler_core.sv:1436$204.value [0] is used but has no driver.
Warning: Wire $paramod$3238794ad92aecfe072b43676871167fd656be13\transform_scheduler_core.\negate_q17$func$/foss/designs/butterfold/butterfold_proto/rtl/scheduler/transform_scheduler_core.sv:1433$203.$result [15] is used but has no driver.
Warning: Wire $paramod$3238794ad92aecfe072b43676871167fd656be13\transform_scheduler_core.\negate_q17$func$/foss/designs/butterfold/butterfold_proto/rtl/scheduler/transform_scheduler_core.sv:1433$203.$result [14] is used but has no driver.
Warning: Wire $paramod$3238794ad92aecfe072b43676871167fd656be13\transform_scheduler_core.\negate_q17$func$/foss/designs/butterfold/butterfold_proto/rtl/scheduler/transform_scheduler_core.sv:1433$203.$result [13] is used but has no driver.
Warning: Wire $paramod$3238794ad92aecfe072b43676871167fd656be13\transform_scheduler_core.\negate_q17$func$/foss/designs/butterfold/butterfold_proto/rtl/scheduler/transform_scheduler_core.sv:1433$203.$result [12] is used but has no driver.
Warning: Wire $paramod$3238794ad92aecfe072b43676871167fd656be13\transform_scheduler_core.\negate_q17$func$/foss/designs/butterfold/butterfold_proto/rtl/scheduler/transform_scheduler_core.sv:1433$203.$result [11] is used but has no driver.
Warning: Wire $paramod$3238794ad92aecfe072b43676871167fd656be13\transform_scheduler_core.\negate_q17$func$/foss/designs/butterfold/butterfold_proto/rtl/scheduler/transform_scheduler_core.sv:1433$203.$result [10] is used but has no driver.
Warning: Wire $paramod$3238794ad92aecfe072b43676871167fd656be13\transform_scheduler_core.\negate_q17$func$/foss/designs/butterfold/butterfold_proto/rtl/scheduler/transform_scheduler_core.sv:1433$203.$result [9] is used but has no driver.
Warning: Wire $paramod$3238794ad92aecfe072b43676871167fd656be13\transform_scheduler_core.\negate_q17$func$/foss/designs/butterfold/butterfold_proto/rtl/scheduler/transform_scheduler_core.sv:1433$203.$result [8] is used but has no driver.
Warning: Wire $paramod$3238794ad92aecfe072b43676871167fd656be13\transform_scheduler_core.\negate_q17$func$/foss/designs/butterfold/butterfold_proto/rtl/scheduler/transform_scheduler_core.sv:1433$203.$result [7] is used but has no driver.
Warning: Wire $paramod$3238794ad92aecfe072b43676871167fd656be13\transform_scheduler_core.\negate_q17$func$/foss/designs/butterfold/butterfold_proto/rtl/scheduler/transform_scheduler_core.sv:1433$203.$result [6] is used but has no driver.
Warning: Wire $paramod$3238794ad92aecfe072b43676871167fd656be13\transform_scheduler_core.\negate_q17$func$/foss/designs/butterfold/butterfold_proto/rtl/scheduler/transform_scheduler_core.sv:1433$203.$result [5] is used but has no driver.
Warning: Wire $paramod$3238794ad92aecfe072b43676871167fd656be13\transform_scheduler_core.\negate_q17$func$/foss/designs/butterfold/butterfold_proto/rtl/scheduler/transform_scheduler_core.sv:1433$203.$result [4] is used but has no driver.
Warning: Wire $paramod$3238794ad92aecfe072b43676871167fd656be13\transform_scheduler_core.\negate_q17$func$/foss/designs/butterfold/butterfold_proto/rtl/scheduler/transform_scheduler_core.sv:1433$203.$result [3] is used but has no driver.
Warning: Wire $paramod$3238794ad92aecfe072b43676871167fd656be13\transform_scheduler_core.\negate_q17$func$/foss/designs/butterfold/butterfold_proto/rtl/scheduler/transform_scheduler_core.sv:1433$203.$result [2] is used but has no driver.
Warning: Wire $paramod$3238794ad92aecfe072b43676871167fd656be13\transform_scheduler_core.\negate_q17$func$/foss/designs/butterfold/butterfold_proto/rtl/scheduler/transform_scheduler_core.sv:1433$203.$result [1] is used but has no driver.
Warning: Wire $paramod$3238794ad92aecfe072b43676871167fd656be13\transform_scheduler_core.\negate_q17$func$/foss/designs/butterfold/butterfold_proto/rtl/scheduler/transform_scheduler_core.sv:1433$203.$result [0] is used but has no driver.
Warning: Wire $paramod$3238794ad92aecfe072b43676871167fd656be13\transform_scheduler_core.\negate_q17$func$/foss/designs/butterfold/butterfold_proto/rtl/scheduler/transform_scheduler_core.sv:1433$203.extended_value [15] is used but has no driver.
Warning: Wire $paramod$3238794ad92aecfe072b43676871167fd656be13\transform_scheduler_core.\negate_q17$func$/foss/designs/butterfold/butterfold_proto/rtl/scheduler/transform_scheduler_core.sv:1433$203.extended_value [14] is used but has no driver.
Warning: Wire $paramod$3238794ad92aecfe072b43676871167fd656be13\transform_scheduler_core.\negate_q17$func$/foss/designs/butterfold/butterfold_proto/rtl/scheduler/transform_scheduler_core.sv:1433$203.extended_value [13] is used but has no driver.
Warning: Wire $paramod$3238794ad92aecfe072b43676871167fd656be13\transform_scheduler_core.\negate_q17$func$/foss/designs/butterfold/butterfold_proto/rtl/scheduler/transform_scheduler_core.sv:1433$203.extended_value [12] is used but has no driver.
Warning: Wire $paramod$3238794ad92aecfe072b43676871167fd656be13\transform_scheduler_core.\negate_q17$func$/foss/designs/butterfold/butterfold_proto/rtl/scheduler/transform_scheduler_core.sv:1433$203.extended_value [11] is used but has no driver.
Warning: Wire $paramod$3238794ad92aecfe072b43676871167fd656be13\transform_scheduler_core.\negate_q17$func$/foss/designs/butterfold/butterfold_proto/rtl/scheduler/transform_scheduler_core.sv:1433$203.extended_value [10] is used but has no driver.
Warning: Wire $paramod$3238794ad92aecfe072b43676871167fd656be13\transform_scheduler_core.\negate_q17$func$/foss/designs/butterfold/butterfold_proto/rtl/scheduler/transform_scheduler_core.sv:1433$203.extended_value [9] is used but has no driver.
Warning: Wire $paramod$3238794ad92aecfe072b43676871167fd656be13\transform_scheduler_core.\negate_q17$func$/foss/designs/butterfold/butterfold_proto/rtl/scheduler/transform_scheduler_core.sv:1433$203.extended_value [8] is used but has no driver.
Warning: Wire $paramod$3238794ad92aecfe072b43676871167fd656be13\transform_scheduler_core.\negate_q17$func$/foss/designs/butterfold/butterfold_proto/rtl/scheduler/transform_scheduler_core.sv:1433$203.extended_value [7] is used but has no driver.
Warning: Wire $paramod$3238794ad92aecfe072b43676871167fd656be13\transform_scheduler_core.\negate_q17$func$/foss/designs/butterfold/butterfold_proto/rtl/scheduler/transform_scheduler_core.sv:1433$203.extended_value [6] is used but has no driver.
Warning: Wire $paramod$3238794ad92aecfe072b43676871167fd656be13\transform_scheduler_core.\negate_q17$func$/foss/designs/butterfold/butterfold_proto/rtl/scheduler/transform_scheduler_core.sv:1433$203.extended_value [5] is used but has no driver.
Warning: Wire $paramod$3238794ad92aecfe072b43676871167fd656be13\transform_scheduler_core.\negate_q17$func$/foss/designs/butterfold/butterfold_proto/rtl/scheduler/transform_scheduler_core.sv:1433$203.extended_value [4] is used but has no driver.
Warning: Wire $paramod$3238794ad92aecfe072b43676871167fd656be13\transform_scheduler_core.\negate_q17$func$/foss/designs/butterfold/butterfold_proto/rtl/scheduler/transform_scheduler_core.sv:1433$203.extended_value [3] is used but has no driver.
Warning: Wire $paramod$3238794ad92aecfe072b43676871167fd656be13\transform_scheduler_core.\negate_q17$func$/foss/designs/butterfold/butterfold_proto/rtl/scheduler/transform_scheduler_core.sv:1433$203.extended_value [2] is used but has no driver.
Warning: Wire $paramod$3238794ad92aecfe072b43676871167fd656be13\transform_scheduler_core.\negate_q17$func$/foss/designs/butterfold/butterfold_proto/rtl/scheduler/transform_scheduler_core.sv:1433$203.extended_value [1] is used but has no driver.
Warning: Wire $paramod$3238794ad92aecfe072b43676871167fd656be13\transform_scheduler_core.\negate_q17$func$/foss/designs/butterfold/butterfold_proto/rtl/scheduler/transform_scheduler_core.sv:1433$203.extended_value [0] is used but has no driver.
Warning: Wire $paramod$3238794ad92aecfe072b43676871167fd656be13\transform_scheduler_core.\negate_q17$func$/foss/designs/butterfold/butterfold_proto/rtl/scheduler/transform_scheduler_core.sv:1433$203.value [7] is used but has no driver.
Warning: Wire $paramod$3238794ad92aecfe072b43676871167fd656be13\transform_scheduler_core.\negate_q17$func$/foss/designs/butterfold/butterfold_proto/rtl/scheduler/transform_scheduler_core.sv:1433$203.value [6] is used but has no driver.
Warning: Wire $paramod$3238794ad92aecfe072b43676871167fd656be13\transform_scheduler_core.\negate_q17$func$/foss/designs/butterfold/butterfold_proto/rtl/scheduler/transform_scheduler_core.sv:1433$203.value [5] is used but has no driver.
Warning: Wire $paramod$3238794ad92aecfe072b43676871167fd656be13\transform_scheduler_core.\negate_q17$func$/foss/designs/butterfold/butterfold_proto/rtl/scheduler/transform_scheduler_core.sv:1433$203.value [4] is used but has no driver.
Warning: Wire $paramod$3238794ad92aecfe072b43676871167fd656be13\transform_scheduler_core.\negate_q17$func$/foss/designs/butterfold/butterfold_proto/rtl/scheduler/transform_scheduler_core.sv:1433$203.value [3] is used but has no driver.
Warning: Wire $paramod$3238794ad92aecfe072b43676871167fd656be13\transform_scheduler_core.\negate_q17$func$/foss/designs/butterfold/butterfold_proto/rtl/scheduler/transform_scheduler_core.sv:1433$203.value [2] is used but has no driver.
Warning: Wire $paramod$3238794ad92aecfe072b43676871167fd656be13\transform_scheduler_core.\negate_q17$func$/foss/designs/butterfold/butterfold_proto/rtl/scheduler/transform_scheduler_core.sv:1433$203.value [1] is used but has no driver.
Warning: Wire $paramod$3238794ad92aecfe072b43676871167fd656be13\transform_scheduler_core.\negate_q17$func$/foss/designs/butterfold/butterfold_proto/rtl/scheduler/transform_scheduler_core.sv:1433$203.value [0] is used but has no driver.
Warning: Wire $paramod$3238794ad92aecfe072b43676871167fd656be13\transform_scheduler_core.\sign_extend_q17$func$/foss/designs/butterfold/butterfold_proto/rtl/scheduler/transform_scheduler_core.sv:1432$202.$result [15] is used but has no driver.
Warning: Wire $paramod$3238794ad92aecfe072b43676871167fd656be13\transform_scheduler_core.\sign_extend_q17$func$/foss/designs/butterfold/butterfold_proto/rtl/scheduler/transform_scheduler_core.sv:1432$202.$result [14] is used but has no driver.
Warning: Wire $paramod$3238794ad92aecfe072b43676871167fd656be13\transform_scheduler_core.\sign_extend_q17$func$/foss/designs/butterfold/butterfold_proto/rtl/scheduler/transform_scheduler_core.sv:1432$202.$result [13] is used but has no driver.
Warning: Wire $paramod$3238794ad92aecfe072b43676871167fd656be13\transform_scheduler_core.\sign_extend_q17$func$/foss/designs/butterfold/butterfold_proto/rtl/scheduler/transform_scheduler_core.sv:1432$202.$result [12] is used but has no driver.
Warning: Wire $paramod$3238794ad92aecfe072b43676871167fd656be13\transform_scheduler_core.\sign_extend_q17$func$/foss/designs/butterfold/butterfold_proto/rtl/scheduler/transform_scheduler_core.sv:1432$202.$result [11] is used but has no driver.
Warning: Wire $paramod$3238794ad92aecfe072b43676871167fd656be13\transform_scheduler_core.\sign_extend_q17$func$/foss/designs/butterfold/butterfold_proto/rtl/scheduler/transform_scheduler_core.sv:1432$202.$result [10] is used but has no driver.
Warning: Wire $paramod$3238794ad92aecfe072b43676871167fd656be13\transform_scheduler_core.\sign_extend_q17$func$/foss/designs/butterfold/butterfold_proto/rtl/scheduler/transform_scheduler_core.sv:1432$202.$result [9] is used but has no driver.
Warning: Wire $paramod$3238794ad92aecfe072b43676871167fd656be13\transform_scheduler_core.\sign_extend_q17$func$/foss/designs/butterfold/butterfold_proto/rtl/scheduler/transform_scheduler_core.sv:1432$202.$result [8] is used but has no driver.
Warning: Wire $paramod$3238794ad92aecfe072b43676871167fd656be13\transform_scheduler_core.\sign_extend_q17$func$/foss/designs/butterfold/butterfold_proto/rtl/scheduler/transform_scheduler_core.sv:1432$202.$result [7] is used but has no driver.
Warning: Wire $paramod$3238794ad92aecfe072b43676871167fd656be13\transform_scheduler_core.\sign_extend_q17$func$/foss/designs/butterfold/butterfold_proto/rtl/scheduler/transform_scheduler_core.sv:1432$202.$result [6] is used but has no driver.
Warning: Wire $paramod$3238794ad92aecfe072b43676871167fd656be13\transform_scheduler_core.\sign_extend_q17$func$/foss/designs/butterfold/butterfold_proto/rtl/scheduler/transform_scheduler_core.sv:1432$202.$result [5] is used but has no driver.
Warning: Wire $paramod$3238794ad92aecfe072b43676871167fd656be13\transform_scheduler_core.\sign_extend_q17$func$/foss/designs/butterfold/butterfold_proto/rtl/scheduler/transform_scheduler_core.sv:1432$202.$result [4] is used but has no driver.
Warning: Wire $paramod$3238794ad92aecfe072b43676871167fd656be13\transform_scheduler_core.\sign_extend_q17$func$/foss/designs/butterfold/butterfold_proto/rtl/scheduler/transform_scheduler_core.sv:1432$202.$result [3] is used but has no driver.
Warning: Wire $paramod$3238794ad92aecfe072b43676871167fd656be13\transform_scheduler_core.\sign_extend_q17$func$/foss/designs/butterfold/butterfold_proto/rtl/scheduler/transform_scheduler_core.sv:1432$202.$result [2] is used but has no driver.
Warning: Wire $paramod$3238794ad92aecfe072b43676871167fd656be13\transform_scheduler_core.\sign_extend_q17$func$/foss/designs/butterfold/butterfold_proto/rtl/scheduler/transform_scheduler_core.sv:1432$202.$result [1] is used but has no driver.
Warning: Wire $paramod$3238794ad92aecfe072b43676871167fd656be13\transform_scheduler_core.\sign_extend_q17$func$/foss/designs/butterfold/butterfold_proto/rtl/scheduler/transform_scheduler_core.sv:1432$202.$result [0] is used but has no driver.
Warning: Wire $paramod$3238794ad92aecfe072b43676871167fd656be13\transform_scheduler_core.\sign_extend_q17$func$/foss/designs/butterfold/butterfold_proto/rtl/scheduler/transform_scheduler_core.sv:1432$202.value [7] is used but has no driver.
Warning: Wire $paramod$3238794ad92aecfe072b43676871167fd656be13\transform_scheduler_core.\sign_extend_q17$func$/foss/designs/butterfold/butterfold_proto/rtl/scheduler/transform_scheduler_core.sv:1432$202.value [6] is used but has no driver.
Warning: Wire $paramod$3238794ad92aecfe072b43676871167fd656be13\transform_scheduler_core.\sign_extend_q17$func$/foss/designs/butterfold/butterfold_proto/rtl/scheduler/transform_scheduler_core.sv:1432$202.value [5] is used but has no driver.
Warning: Wire $paramod$3238794ad92aecfe072b43676871167fd656be13\transform_scheduler_core.\sign_extend_q17$func$/foss/designs/butterfold/butterfold_proto/rtl/scheduler/transform_scheduler_core.sv:1432$202.value [4] is used but has no driver.
Warning: Wire $paramod$3238794ad92aecfe072b43676871167fd656be13\transform_scheduler_core.\sign_extend_q17$func$/foss/designs/butterfold/butterfold_proto/rtl/scheduler/transform_scheduler_core.sv:1432$202.value [3] is used but has no driver.
Warning: Wire $paramod$3238794ad92aecfe072b43676871167fd656be13\transform_scheduler_core.\sign_extend_q17$func$/foss/designs/butterfold/butterfold_proto/rtl/scheduler/transform_scheduler_core.sv:1432$202.value [2] is used but has no driver.
Warning: Wire $paramod$3238794ad92aecfe072b43676871167fd656be13\transform_scheduler_core.\sign_extend_q17$func$/foss/designs/butterfold/butterfold_proto/rtl/scheduler/transform_scheduler_core.sv:1432$202.value [1] is used but has no driver.
Warning: Wire $paramod$3238794ad92aecfe072b43676871167fd656be13\transform_scheduler_core.\sign_extend_q17$func$/foss/designs/butterfold/butterfold_proto/rtl/scheduler/transform_scheduler_core.sv:1432$202.value [0] is used but has no driver.
Warning: Wire $paramod$3238794ad92aecfe072b43676871167fd656be13\transform_scheduler_core.\negate_q17$func$/foss/designs/butterfold/butterfold_proto/rtl/scheduler/transform_scheduler_core.sv:1428$201.$result [15] is used but has no driver.
Warning: Wire $paramod$3238794ad92aecfe072b43676871167fd656be13\transform_scheduler_core.\negate_q17$func$/foss/designs/butterfold/butterfold_proto/rtl/scheduler/transform_scheduler_core.sv:1428$201.$result [14] is used but has no driver.
Warning: Wire $paramod$3238794ad92aecfe072b43676871167fd656be13\transform_scheduler_core.\negate_q17$func$/foss/designs/butterfold/butterfold_proto/rtl/scheduler/transform_scheduler_core.sv:1428$201.$result [13] is used but has no driver.
Warning: Wire $paramod$3238794ad92aecfe072b43676871167fd656be13\transform_scheduler_core.\negate_q17$func$/foss/designs/butterfold/butterfold_proto/rtl/scheduler/transform_scheduler_core.sv:1428$201.$result [12] is used but has no driver.
Warning: Wire $paramod$3238794ad92aecfe072b43676871167fd656be13\transform_scheduler_core.\negate_q17$func$/foss/designs/butterfold/butterfold_proto/rtl/scheduler/transform_scheduler_core.sv:1428$201.$result [11] is used but has no driver.
Warning: Wire $paramod$3238794ad92aecfe072b43676871167fd656be13\transform_scheduler_core.\negate_q17$func$/foss/designs/butterfold/butterfold_proto/rtl/scheduler/transform_scheduler_core.sv:1428$201.$result [10] is used but has no driver.
Warning: Wire $paramod$3238794ad92aecfe072b43676871167fd656be13\transform_scheduler_core.\negate_q17$func$/foss/designs/butterfold/butterfold_proto/rtl/scheduler/transform_scheduler_core.sv:1428$201.$result [9] is used but has no driver.
Warning: Wire $paramod$3238794ad92aecfe072b43676871167fd656be13\transform_scheduler_core.\negate_q17$func$/foss/designs/butterfold/butterfold_proto/rtl/scheduler/transform_scheduler_core.sv:1428$201.$result [8] is used but has no driver.
Warning: Wire $paramod$3238794ad92aecfe072b43676871167fd656be13\transform_scheduler_core.\negate_q17$func$/foss/designs/butterfold/butterfold_proto/rtl/scheduler/transform_scheduler_core.sv:1428$201.$result [7] is used but has no driver.
Warning: Wire $paramod$3238794ad92aecfe072b43676871167fd656be13\transform_scheduler_core.\negate_q17$func$/foss/designs/butterfold/butterfold_proto/rtl/scheduler/transform_scheduler_core.sv:1428$201.$result [6] is used but has no driver.
Warning: Wire $paramod$3238794ad92aecfe072b43676871167fd656be13\transform_scheduler_core.\negate_q17$func$/foss/designs/butterfold/butterfold_proto/rtl/scheduler/transform_scheduler_core.sv:1428$201.$result [5] is used but has no driver.
Warning: Wire $paramod$3238794ad92aecfe072b43676871167fd656be13\transform_scheduler_core.\negate_q17$func$/foss/designs/butterfold/butterfold_proto/rtl/scheduler/transform_scheduler_core.sv:1428$201.$result [4] is used but has no driver.
Warning: Wire $paramod$3238794ad92aecfe072b43676871167fd656be13\transform_scheduler_core.\negate_q17$func$/foss/designs/butterfold/butterfold_proto/rtl/scheduler/transform_scheduler_core.sv:1428$201.$result [3] is used but has no driver.
Warning: Wire $paramod$3238794ad92aecfe072b43676871167fd656be13\transform_scheduler_core.\negate_q17$func$/foss/designs/butterfold/butterfold_proto/rtl/scheduler/transform_scheduler_core.sv:1428$201.$result [2] is used but has no driver.
Warning: Wire $paramod$3238794ad92aecfe072b43676871167fd656be13\transform_scheduler_core.\negate_q17$func$/foss/designs/butterfold/butterfold_proto/rtl/scheduler/transform_scheduler_core.sv:1428$201.$result [1] is used but has no driver.
Warning: Wire $paramod$3238794ad92aecfe072b43676871167fd656be13\transform_scheduler_core.\negate_q17$func$/foss/designs/butterfold/butterfold_proto/rtl/scheduler/transform_scheduler_core.sv:1428$201.$result [0] is used but has no driver.
Warning: Wire $paramod$3238794ad92aecfe072b43676871167fd656be13\transform_scheduler_core.\negate_q17$func$/foss/designs/butterfold/butterfold_proto/rtl/scheduler/transform_scheduler_core.sv:1428$201.extended_value [15] is used but has no driver.
Warning: Wire $paramod$3238794ad92aecfe072b43676871167fd656be13\transform_scheduler_core.\negate_q17$func$/foss/designs/butterfold/butterfold_proto/rtl/scheduler/transform_scheduler_core.sv:1428$201.extended_value [14] is used but has no driver.
Warning: Wire $paramod$3238794ad92aecfe072b43676871167fd656be13\transform_scheduler_core.\negate_q17$func$/foss/designs/butterfold/butterfold_proto/rtl/scheduler/transform_scheduler_core.sv:1428$201.extended_value [13] is used but has no driver.
Warning: Wire $paramod$3238794ad92aecfe072b43676871167fd656be13\transform_scheduler_core.\negate_q17$func$/foss/designs/butterfold/butterfold_proto/rtl/scheduler/transform_scheduler_core.sv:1428$201.extended_value [12] is used but has no driver.
Warning: Wire $paramod$3238794ad92aecfe072b43676871167fd656be13\transform_scheduler_core.\negate_q17$func$/foss/designs/butterfold/butterfold_proto/rtl/scheduler/transform_scheduler_core.sv:1428$201.extended_value [11] is used but has no driver.
Warning: Wire $paramod$3238794ad92aecfe072b43676871167fd656be13\transform_scheduler_core.\negate_q17$func$/foss/designs/butterfold/butterfold_proto/rtl/scheduler/transform_scheduler_core.sv:1428$201.extended_value [10] is used but has no driver.
Warning: Wire $paramod$3238794ad92aecfe072b43676871167fd656be13\transform_scheduler_core.\negate_q17$func$/foss/designs/butterfold/butterfold_proto/rtl/scheduler/transform_scheduler_core.sv:1428$201.extended_value [9] is used but has no driver.
Warning: Wire $paramod$3238794ad92aecfe072b43676871167fd656be13\transform_scheduler_core.\negate_q17$func$/foss/designs/butterfold/butterfold_proto/rtl/scheduler/transform_scheduler_core.sv:1428$201.extended_value [8] is used but has no driver.
Warning: Wire $paramod$3238794ad92aecfe072b43676871167fd656be13\transform_scheduler_core.\negate_q17$func$/foss/designs/butterfold/butterfold_proto/rtl/scheduler/transform_scheduler_core.sv:1428$201.extended_value [7] is used but has no driver.
Warning: Wire $paramod$3238794ad92aecfe072b43676871167fd656be13\transform_scheduler_core.\negate_q17$func$/foss/designs/butterfold/butterfold_proto/rtl/scheduler/transform_scheduler_core.sv:1428$201.extended_value [6] is used but has no driver.
Warning: Wire $paramod$3238794ad92aecfe072b43676871167fd656be13\transform_scheduler_core.\negate_q17$func$/foss/designs/butterfold/butterfold_proto/rtl/scheduler/transform_scheduler_core.sv:1428$201.extended_value [5] is used but has no driver.
Warning: Wire $paramod$3238794ad92aecfe072b43676871167fd656be13\transform_scheduler_core.\negate_q17$func$/foss/designs/butterfold/butterfold_proto/rtl/scheduler/transform_scheduler_core.sv:1428$201.extended_value [4] is used but has no driver.
Warning: Wire $paramod$3238794ad92aecfe072b43676871167fd656be13\transform_scheduler_core.\negate_q17$func$/foss/designs/butterfold/butterfold_proto/rtl/scheduler/transform_scheduler_core.sv:1428$201.extended_value [3] is used but has no driver.
Warning: Wire $paramod$3238794ad92aecfe072b43676871167fd656be13\transform_scheduler_core.\negate_q17$func$/foss/designs/butterfold/butterfold_proto/rtl/scheduler/transform_scheduler_core.sv:1428$201.extended_value [2] is used but has no driver.
Warning: Wire $paramod$3238794ad92aecfe072b43676871167fd656be13\transform_scheduler_core.\negate_q17$func$/foss/designs/butterfold/butterfold_proto/rtl/scheduler/transform_scheduler_core.sv:1428$201.extended_value [1] is used but has no driver.
Warning: Wire $paramod$3238794ad92aecfe072b43676871167fd656be13\transform_scheduler_core.\negate_q17$func$/foss/designs/butterfold/butterfold_proto/rtl/scheduler/transform_scheduler_core.sv:1428$201.extended_value [0] is used but has no driver.
Warning: Wire $paramod$3238794ad92aecfe072b43676871167fd656be13\transform_scheduler_core.\negate_q17$func$/foss/designs/butterfold/butterfold_proto/rtl/scheduler/transform_scheduler_core.sv:1428$201.value [7] is used but has no driver.
Warning: Wire $paramod$3238794ad92aecfe072b43676871167fd656be13\transform_scheduler_core.\negate_q17$func$/foss/designs/butterfold/butterfold_proto/rtl/scheduler/transform_scheduler_core.sv:1428$201.value [6] is used but has no driver.
Warning: Wire $paramod$3238794ad92aecfe072b43676871167fd656be13\transform_scheduler_core.\negate_q17$func$/foss/designs/butterfold/butterfold_proto/rtl/scheduler/transform_scheduler_core.sv:1428$201.value [5] is used but has no driver.
Warning: Wire $paramod$3238794ad92aecfe072b43676871167fd656be13\transform_scheduler_core.\negate_q17$func$/foss/designs/butterfold/butterfold_proto/rtl/scheduler/transform_scheduler_core.sv:1428$201.value [4] is used but has no driver.
Warning: Wire $paramod$3238794ad92aecfe072b43676871167fd656be13\transform_scheduler_core.\negate_q17$func$/foss/designs/butterfold/butterfold_proto/rtl/scheduler/transform_scheduler_core.sv:1428$201.value [3] is used but has no driver.
Warning: Wire $paramod$3238794ad92aecfe072b43676871167fd656be13\transform_scheduler_core.\negate_q17$func$/foss/designs/butterfold/butterfold_proto/rtl/scheduler/transform_scheduler_core.sv:1428$201.value [2] is used but has no driver.
Warning: Wire $paramod$3238794ad92aecfe072b43676871167fd656be13\transform_scheduler_core.\negate_q17$func$/foss/designs/butterfold/butterfold_proto/rtl/scheduler/transform_scheduler_core.sv:1428$201.value [1] is used but has no driver.
Warning: Wire $paramod$3238794ad92aecfe072b43676871167fd656be13\transform_scheduler_core.\negate_q17$func$/foss/designs/butterfold/butterfold_proto/rtl/scheduler/transform_scheduler_core.sv:1428$201.value [0] is used but has no driver.
Warning: Wire $paramod$3238794ad92aecfe072b43676871167fd656be13\transform_scheduler_core.\sign_extend_q17$func$/foss/designs/butterfold/butterfold_proto/rtl/scheduler/transform_scheduler_core.sv:1427$200.$result [15] is used but has no driver.
Warning: Wire $paramod$3238794ad92aecfe072b43676871167fd656be13\transform_scheduler_core.\sign_extend_q17$func$/foss/designs/butterfold/butterfold_proto/rtl/scheduler/transform_scheduler_core.sv:1427$200.$result [14] is used but has no driver.
Warning: Wire $paramod$3238794ad92aecfe072b43676871167fd656be13\transform_scheduler_core.\sign_extend_q17$func$/foss/designs/butterfold/butterfold_proto/rtl/scheduler/transform_scheduler_core.sv:1427$200.$result [13] is used but has no driver.
Warning: Wire $paramod$3238794ad92aecfe072b43676871167fd656be13\transform_scheduler_core.\sign_extend_q17$func$/foss/designs/butterfold/butterfold_proto/rtl/scheduler/transform_scheduler_core.sv:1427$200.$result [12] is used but has no driver.
Warning: Wire $paramod$3238794ad92aecfe072b43676871167fd656be13\transform_scheduler_core.\sign_extend_q17$func$/foss/designs/butterfold/butterfold_proto/rtl/scheduler/transform_scheduler_core.sv:1427$200.$result [11] is used but has no driver.
Warning: Wire $paramod$3238794ad92aecfe072b43676871167fd656be13\transform_scheduler_core.\sign_extend_q17$func$/foss/designs/butterfold/butterfold_proto/rtl/scheduler/transform_scheduler_core.sv:1427$200.$result [10] is used but has no driver.
Warning: Wire $paramod$3238794ad92aecfe072b43676871167fd656be13\transform_scheduler_core.\sign_extend_q17$func$/foss/designs/butterfold/butterfold_proto/rtl/scheduler/transform_scheduler_core.sv:1427$200.$result [9] is used but has no driver.
Warning: Wire $paramod$3238794ad92aecfe072b43676871167fd656be13\transform_scheduler_core.\sign_extend_q17$func$/foss/designs/butterfold/butterfold_proto/rtl/scheduler/transform_scheduler_core.sv:1427$200.$result [8] is used but has no driver.
Warning: Wire $paramod$3238794ad92aecfe072b43676871167fd656be13\transform_scheduler_core.\sign_extend_q17$func$/foss/designs/butterfold/butterfold_proto/rtl/scheduler/transform_scheduler_core.sv:1427$200.$result [7] is used but has no driver.
Warning: Wire $paramod$3238794ad92aecfe072b43676871167fd656be13\transform_scheduler_core.\sign_extend_q17$func$/foss/designs/butterfold/butterfold_proto/rtl/scheduler/transform_scheduler_core.sv:1427$200.$result [6] is used but has no driver.
Warning: Wire $paramod$3238794ad92aecfe072b43676871167fd656be13\transform_scheduler_core.\sign_extend_q17$func$/foss/designs/butterfold/butterfold_proto/rtl/scheduler/transform_scheduler_core.sv:1427$200.$result [5] is used but has no driver.
Warning: Wire $paramod$3238794ad92aecfe072b43676871167fd656be13\transform_scheduler_core.\sign_extend_q17$func$/foss/designs/butterfold/butterfold_proto/rtl/scheduler/transform_scheduler_core.sv:1427$200.$result [4] is used but has no driver.
Warning: Wire $paramod$3238794ad92aecfe072b43676871167fd656be13\transform_scheduler_core.\sign_extend_q17$func$/foss/designs/butterfold/butterfold_proto/rtl/scheduler/transform_scheduler_core.sv:1427$200.$result [3] is used but has no driver.
Warning: Wire $paramod$3238794ad92aecfe072b43676871167fd656be13\transform_scheduler_core.\sign_extend_q17$func$/foss/designs/butterfold/butterfold_proto/rtl/scheduler/transform_scheduler_core.sv:1427$200.$result [2] is used but has no driver.
Warning: Wire $paramod$3238794ad92aecfe072b43676871167fd656be13\transform_scheduler_core.\sign_extend_q17$func$/foss/designs/butterfold/butterfold_proto/rtl/scheduler/transform_scheduler_core.sv:1427$200.$result [1] is used but has no driver.
Warning: Wire $paramod$3238794ad92aecfe072b43676871167fd656be13\transform_scheduler_core.\sign_extend_q17$func$/foss/designs/butterfold/butterfold_proto/rtl/scheduler/transform_scheduler_core.sv:1427$200.$result [0] is used but has no driver.
Warning: Wire $paramod$3238794ad92aecfe072b43676871167fd656be13\transform_scheduler_core.\sign_extend_q17$func$/foss/designs/butterfold/butterfold_proto/rtl/scheduler/transform_scheduler_core.sv:1427$200.value [7] is used but has no driver.
Warning: Wire $paramod$3238794ad92aecfe072b43676871167fd656be13\transform_scheduler_core.\sign_extend_q17$func$/foss/designs/butterfold/butterfold_proto/rtl/scheduler/transform_scheduler_core.sv:1427$200.value [6] is used but has no driver.
Warning: Wire $paramod$3238794ad92aecfe072b43676871167fd656be13\transform_scheduler_core.\sign_extend_q17$func$/foss/designs/butterfold/butterfold_proto/rtl/scheduler/transform_scheduler_core.sv:1427$200.value [5] is used but has no driver.
Warning: Wire $paramod$3238794ad92aecfe072b43676871167fd656be13\transform_scheduler_core.\sign_extend_q17$func$/foss/designs/butterfold/butterfold_proto/rtl/scheduler/transform_scheduler_core.sv:1427$200.value [4] is used but has no driver.
Warning: Wire $paramod$3238794ad92aecfe072b43676871167fd656be13\transform_scheduler_core.\sign_extend_q17$func$/foss/designs/butterfold/butterfold_proto/rtl/scheduler/transform_scheduler_core.sv:1427$200.value [3] is used but has no driver.
Warning: Wire $paramod$3238794ad92aecfe072b43676871167fd656be13\transform_scheduler_core.\sign_extend_q17$func$/foss/designs/butterfold/butterfold_proto/rtl/scheduler/transform_scheduler_core.sv:1427$200.value [2] is used but has no driver.
Warning: Wire $paramod$3238794ad92aecfe072b43676871167fd656be13\transform_scheduler_core.\sign_extend_q17$func$/foss/designs/butterfold/butterfold_proto/rtl/scheduler/transform_scheduler_core.sv:1427$200.value [1] is used but has no driver.
Warning: Wire $paramod$3238794ad92aecfe072b43676871167fd656be13\transform_scheduler_core.\sign_extend_q17$func$/foss/designs/butterfold/butterfold_proto/rtl/scheduler/transform_scheduler_core.sv:1427$200.value [0] is used but has no driver.
Warning: Wire $paramod$3238794ad92aecfe072b43676871167fd656be13\transform_scheduler_core.\sign_extend_q17$func$/foss/designs/butterfold/butterfold_proto/rtl/scheduler/transform_scheduler_core.sv:1423$199.$result [15] is used but has no driver.
Warning: Wire $paramod$3238794ad92aecfe072b43676871167fd656be13\transform_scheduler_core.\sign_extend_q17$func$/foss/designs/butterfold/butterfold_proto/rtl/scheduler/transform_scheduler_core.sv:1423$199.$result [14] is used but has no driver.
Warning: Wire $paramod$3238794ad92aecfe072b43676871167fd656be13\transform_scheduler_core.\sign_extend_q17$func$/foss/designs/butterfold/butterfold_proto/rtl/scheduler/transform_scheduler_core.sv:1423$199.$result [13] is used but has no driver.
Warning: Wire $paramod$3238794ad92aecfe072b43676871167fd656be13\transform_scheduler_core.\sign_extend_q17$func$/foss/designs/butterfold/butterfold_proto/rtl/scheduler/transform_scheduler_core.sv:1423$199.$result [12] is used but has no driver.
Warning: Wire $paramod$3238794ad92aecfe072b43676871167fd656be13\transform_scheduler_core.\sign_extend_q17$func$/foss/designs/butterfold/butterfold_proto/rtl/scheduler/transform_scheduler_core.sv:1423$199.$result [11] is used but has no driver.
Warning: Wire $paramod$3238794ad92aecfe072b43676871167fd656be13\transform_scheduler_core.\sign_extend_q17$func$/foss/designs/butterfold/butterfold_proto/rtl/scheduler/transform_scheduler_core.sv:1423$199.$result [10] is used but has no driver.
Warning: Wire $paramod$3238794ad92aecfe072b43676871167fd656be13\transform_scheduler_core.\sign_extend_q17$func$/foss/designs/butterfold/butterfold_proto/rtl/scheduler/transform_scheduler_core.sv:1423$199.$result [9] is used but has no driver.
Warning: Wire $paramod$3238794ad92aecfe072b43676871167fd656be13\transform_scheduler_core.\sign_extend_q17$func$/foss/designs/butterfold/butterfold_proto/rtl/scheduler/transform_scheduler_core.sv:1423$199.$result [8] is used but has no driver.
Warning: Wire $paramod$3238794ad92aecfe072b43676871167fd656be13\transform_scheduler_core.\sign_extend_q17$func$/foss/designs/butterfold/butterfold_proto/rtl/scheduler/transform_scheduler_core.sv:1423$199.$result [7] is used but has no driver.
Warning: Wire $paramod$3238794ad92aecfe072b43676871167fd656be13\transform_scheduler_core.\sign_extend_q17$func$/foss/designs/butterfold/butterfold_proto/rtl/scheduler/transform_scheduler_core.sv:1423$199.$result [6] is used but has no driver.
Warning: Wire $paramod$3238794ad92aecfe072b43676871167fd656be13\transform_scheduler_core.\sign_extend_q17$func$/foss/designs/butterfold/butterfold_proto/rtl/scheduler/transform_scheduler_core.sv:1423$199.$result [5] is used but has no driver.
Warning: Wire $paramod$3238794ad92aecfe072b43676871167fd656be13\transform_scheduler_core.\sign_extend_q17$func$/foss/designs/butterfold/butterfold_proto/rtl/scheduler/transform_scheduler_core.sv:1423$199.$result [4] is used but has no driver.
Warning: Wire $paramod$3238794ad92aecfe072b43676871167fd656be13\transform_scheduler_core.\sign_extend_q17$func$/foss/designs/butterfold/butterfold_proto/rtl/scheduler/transform_scheduler_core.sv:1423$199.$result [3] is used but has no driver.
Warning: Wire $paramod$3238794ad92aecfe072b43676871167fd656be13\transform_scheduler_core.\sign_extend_q17$func$/foss/designs/butterfold/butterfold_proto/rtl/scheduler/transform_scheduler_core.sv:1423$199.$result [2] is used but has no driver.
Warning: Wire $paramod$3238794ad92aecfe072b43676871167fd656be13\transform_scheduler_core.\sign_extend_q17$func$/foss/designs/butterfold/butterfold_proto/rtl/scheduler/transform_scheduler_core.sv:1423$199.$result [1] is used but has no driver.
Warning: Wire $paramod$3238794ad92aecfe072b43676871167fd656be13\transform_scheduler_core.\sign_extend_q17$func$/foss/designs/butterfold/butterfold_proto/rtl/scheduler/transform_scheduler_core.sv:1423$199.$result [0] is used but has no driver.
Warning: Wire $paramod$3238794ad92aecfe072b43676871167fd656be13\transform_scheduler_core.\sign_extend_q17$func$/foss/designs/butterfold/butterfold_proto/rtl/scheduler/transform_scheduler_core.sv:1423$199.value [7] is used but has no driver.
Warning: Wire $paramod$3238794ad92aecfe072b43676871167fd656be13\transform_scheduler_core.\sign_extend_q17$func$/foss/designs/butterfold/butterfold_proto/rtl/scheduler/transform_scheduler_core.sv:1423$199.value [6] is used but has no driver.
Warning: Wire $paramod$3238794ad92aecfe072b43676871167fd656be13\transform_scheduler_core.\sign_extend_q17$func$/foss/designs/butterfold/butterfold_proto/rtl/scheduler/transform_scheduler_core.sv:1423$199.value [5] is used but has no driver.
Warning: Wire $paramod$3238794ad92aecfe072b43676871167fd656be13\transform_scheduler_core.\sign_extend_q17$func$/foss/designs/butterfold/butterfold_proto/rtl/scheduler/transform_scheduler_core.sv:1423$199.value [4] is used but has no driver.
Warning: Wire $paramod$3238794ad92aecfe072b43676871167fd656be13\transform_scheduler_core.\sign_extend_q17$func$/foss/designs/butterfold/butterfold_proto/rtl/scheduler/transform_scheduler_core.sv:1423$199.value [3] is used but has no driver.
Warning: Wire $paramod$3238794ad92aecfe072b43676871167fd656be13\transform_scheduler_core.\sign_extend_q17$func$/foss/designs/butterfold/butterfold_proto/rtl/scheduler/transform_scheduler_core.sv:1423$199.value [2] is used but has no driver.
Warning: Wire $paramod$3238794ad92aecfe072b43676871167fd656be13\transform_scheduler_core.\sign_extend_q17$func$/foss/designs/butterfold/butterfold_proto/rtl/scheduler/transform_scheduler_core.sv:1423$199.value [1] is used but has no driver.
Warning: Wire $paramod$3238794ad92aecfe072b43676871167fd656be13\transform_scheduler_core.\sign_extend_q17$func$/foss/designs/butterfold/butterfold_proto/rtl/scheduler/transform_scheduler_core.sv:1423$199.value [0] is used but has no driver.
Warning: Wire $paramod$3238794ad92aecfe072b43676871167fd656be13\transform_scheduler_core.\sign_extend_q17$func$/foss/designs/butterfold/butterfold_proto/rtl/scheduler/transform_scheduler_core.sv:1421$198.$result [15] is used but has no driver.
Warning: Wire $paramod$3238794ad92aecfe072b43676871167fd656be13\transform_scheduler_core.\sign_extend_q17$func$/foss/designs/butterfold/butterfold_proto/rtl/scheduler/transform_scheduler_core.sv:1421$198.$result [14] is used but has no driver.
Warning: Wire $paramod$3238794ad92aecfe072b43676871167fd656be13\transform_scheduler_core.\sign_extend_q17$func$/foss/designs/butterfold/butterfold_proto/rtl/scheduler/transform_scheduler_core.sv:1421$198.$result [13] is used but has no driver.
Warning: Wire $paramod$3238794ad92aecfe072b43676871167fd656be13\transform_scheduler_core.\sign_extend_q17$func$/foss/designs/butterfold/butterfold_proto/rtl/scheduler/transform_scheduler_core.sv:1421$198.$result [12] is used but has no driver.
Warning: Wire $paramod$3238794ad92aecfe072b43676871167fd656be13\transform_scheduler_core.\sign_extend_q17$func$/foss/designs/butterfold/butterfold_proto/rtl/scheduler/transform_scheduler_core.sv:1421$198.$result [11] is used but has no driver.
Warning: Wire $paramod$3238794ad92aecfe072b43676871167fd656be13\transform_scheduler_core.\sign_extend_q17$func$/foss/designs/butterfold/butterfold_proto/rtl/scheduler/transform_scheduler_core.sv:1421$198.$result [10] is used but has no driver.
Warning: Wire $paramod$3238794ad92aecfe072b43676871167fd656be13\transform_scheduler_core.\sign_extend_q17$func$/foss/designs/butterfold/butterfold_proto/rtl/scheduler/transform_scheduler_core.sv:1421$198.$result [9] is used but has no driver.
Warning: Wire $paramod$3238794ad92aecfe072b43676871167fd656be13\transform_scheduler_core.\sign_extend_q17$func$/foss/designs/butterfold/butterfold_proto/rtl/scheduler/transform_scheduler_core.sv:1421$198.$result [8] is used but has no driver.
Warning: Wire $paramod$3238794ad92aecfe072b43676871167fd656be13\transform_scheduler_core.\sign_extend_q17$func$/foss/designs/butterfold/butterfold_proto/rtl/scheduler/transform_scheduler_core.sv:1421$198.$result [7] is used but has no driver.
Warning: Wire $paramod$3238794ad92aecfe072b43676871167fd656be13\transform_scheduler_core.\sign_extend_q17$func$/foss/designs/butterfold/butterfold_proto/rtl/scheduler/transform_scheduler_core.sv:1421$198.$result [6] is used but has no driver.
Warning: Wire $paramod$3238794ad92aecfe072b43676871167fd656be13\transform_scheduler_core.\sign_extend_q17$func$/foss/designs/butterfold/butterfold_proto/rtl/scheduler/transform_scheduler_core.sv:1421$198.$result [5] is used but has no driver.
Warning: Wire $paramod$3238794ad92aecfe072b43676871167fd656be13\transform_scheduler_core.\sign_extend_q17$func$/foss/designs/butterfold/butterfold_proto/rtl/scheduler/transform_scheduler_core.sv:1421$198.$result [4] is used but has no driver.
Warning: Wire $paramod$3238794ad92aecfe072b43676871167fd656be13\transform_scheduler_core.\sign_extend_q17$func$/foss/designs/butterfold/butterfold_proto/rtl/scheduler/transform_scheduler_core.sv:1421$198.$result [3] is used but has no driver.
Warning: Wire $paramod$3238794ad92aecfe072b43676871167fd656be13\transform_scheduler_core.\sign_extend_q17$func$/foss/designs/butterfold/butterfold_proto/rtl/scheduler/transform_scheduler_core.sv:1421$198.$result [2] is used but has no driver.
Warning: Wire $paramod$3238794ad92aecfe072b43676871167fd656be13\transform_scheduler_core.\sign_extend_q17$func$/foss/designs/butterfold/butterfold_proto/rtl/scheduler/transform_scheduler_core.sv:1421$198.$result [1] is used but has no driver.
Warning: Wire $paramod$3238794ad92aecfe072b43676871167fd656be13\transform_scheduler_core.\sign_extend_q17$func$/foss/designs/butterfold/butterfold_proto/rtl/scheduler/transform_scheduler_core.sv:1421$198.$result [0] is used but has no driver.
Warning: Wire $paramod$3238794ad92aecfe072b43676871167fd656be13\transform_scheduler_core.\sign_extend_q17$func$/foss/designs/butterfold/butterfold_proto/rtl/scheduler/transform_scheduler_core.sv:1421$198.value [7] is used but has no driver.
Warning: Wire $paramod$3238794ad92aecfe072b43676871167fd656be13\transform_scheduler_core.\sign_extend_q17$func$/foss/designs/butterfold/butterfold_proto/rtl/scheduler/transform_scheduler_core.sv:1421$198.value [6] is used but has no driver.
Warning: Wire $paramod$3238794ad92aecfe072b43676871167fd656be13\transform_scheduler_core.\sign_extend_q17$func$/foss/designs/butterfold/butterfold_proto/rtl/scheduler/transform_scheduler_core.sv:1421$198.value [5] is used but has no driver.
Warning: Wire $paramod$3238794ad92aecfe072b43676871167fd656be13\transform_scheduler_core.\sign_extend_q17$func$/foss/designs/butterfold/butterfold_proto/rtl/scheduler/transform_scheduler_core.sv:1421$198.value [4] is used but has no driver.
Warning: Wire $paramod$3238794ad92aecfe072b43676871167fd656be13\transform_scheduler_core.\sign_extend_q17$func$/foss/designs/butterfold/butterfold_proto/rtl/scheduler/transform_scheduler_core.sv:1421$198.value [3] is used but has no driver.
Warning: Wire $paramod$3238794ad92aecfe072b43676871167fd656be13\transform_scheduler_core.\sign_extend_q17$func$/foss/designs/butterfold/butterfold_proto/rtl/scheduler/transform_scheduler_core.sv:1421$198.value [2] is used but has no driver.
Warning: Wire $paramod$3238794ad92aecfe072b43676871167fd656be13\transform_scheduler_core.\sign_extend_q17$func$/foss/designs/butterfold/butterfold_proto/rtl/scheduler/transform_scheduler_core.sv:1421$198.value [1] is used but has no driver.
Warning: Wire $paramod$3238794ad92aecfe072b43676871167fd656be13\transform_scheduler_core.\sign_extend_q17$func$/foss/designs/butterfold/butterfold_proto/rtl/scheduler/transform_scheduler_core.sv:1421$198.value [0] is used but has no driver.
Warning: Wire $paramod$3238794ad92aecfe072b43676871167fd656be13\transform_scheduler_core.\fft128_group_base [6] is used but has no driver.
Warning: Wire $paramod$3238794ad92aecfe072b43676871167fd656be13\transform_scheduler_core.\fft128_group_base [5] is used but has no driver.
Warning: Wire $paramod$3238794ad92aecfe072b43676871167fd656be13\transform_scheduler_core.\fft128_group_base [4] is used but has no driver.
Warning: Wire $paramod$3238794ad92aecfe072b43676871167fd656be13\transform_scheduler_core.\fft128_group_base [3] is used but has no driver.
Warning: Wire $paramod$3238794ad92aecfe072b43676871167fd656be13\transform_scheduler_core.\fft128_group_base [2] is used but has no driver.
Warning: Wire $paramod$3238794ad92aecfe072b43676871167fd656be13\transform_scheduler_core.\fft128_group_base [1] is used but has no driver.
Warning: Wire $paramod$3238794ad92aecfe072b43676871167fd656be13\transform_scheduler_core.\fft128_group_base [0] is used but has no driver.
Warning: Wire $paramod$3238794ad92aecfe072b43676871167fd656be13\transform_scheduler_core.\fft128_stage [2] is used but has no driver.
Warning: Wire $paramod$3238794ad92aecfe072b43676871167fd656be13\transform_scheduler_core.\fft128_stage [1] is used but has no driver.
Warning: Wire $paramod$3238794ad92aecfe072b43676871167fd656be13\transform_scheduler_core.\fft128_stage [0] is used but has no driver.
Checking module standalone_result_serializer...
Checking module fft128_twiddle_rom...
Checking module gf180_sram_256x8_wrapper...
Warning: Wire gf180_sram_256x8_wrapper.$mem2reg_rd$\mem$/foss/designs/butterfold/butterfold_proto/rtl/memory/gf180_sram_256x8_wrapper.sv:84$2024_DATA [7] is used but has no driver.
Warning: Wire gf180_sram_256x8_wrapper.$mem2reg_rd$\mem$/foss/designs/butterfold/butterfold_proto/rtl/memory/gf180_sram_256x8_wrapper.sv:84$2024_DATA [6] is used but has no driver.
Warning: Wire gf180_sram_256x8_wrapper.$mem2reg_rd$\mem$/foss/designs/butterfold/butterfold_proto/rtl/memory/gf180_sram_256x8_wrapper.sv:84$2024_DATA [5] is used but has no driver.
Warning: Wire gf180_sram_256x8_wrapper.$mem2reg_rd$\mem$/foss/designs/butterfold/butterfold_proto/rtl/memory/gf180_sram_256x8_wrapper.sv:84$2024_DATA [4] is used but has no driver.
Warning: Wire gf180_sram_256x8_wrapper.$mem2reg_rd$\mem$/foss/designs/butterfold/butterfold_proto/rtl/memory/gf180_sram_256x8_wrapper.sv:84$2024_DATA [3] is used but has no driver.
Warning: Wire gf180_sram_256x8_wrapper.$mem2reg_rd$\mem$/foss/designs/butterfold/butterfold_proto/rtl/memory/gf180_sram_256x8_wrapper.sv:84$2024_DATA [2] is used but has no driver.
Warning: Wire gf180_sram_256x8_wrapper.$mem2reg_rd$\mem$/foss/designs/butterfold/butterfold_proto/rtl/memory/gf180_sram_256x8_wrapper.sv:84$2024_DATA [1] is used but has no driver.
Warning: Wire gf180_sram_256x8_wrapper.$mem2reg_rd$\mem$/foss/designs/butterfold/butterfold_proto/rtl/memory/gf180_sram_256x8_wrapper.sv:84$2024_DATA [0] is used but has no driver.
Warning: Wire gf180_sram_256x8_wrapper.$mem2reg_rd$\mem$/foss/designs/butterfold/butterfold_proto/rtl/memory/gf180_sram_256x8_wrapper.sv:84$2024_ADDR [7] is used but has no driver.
Warning: Wire gf180_sram_256x8_wrapper.$mem2reg_rd$\mem$/foss/designs/butterfold/butterfold_proto/rtl/memory/gf180_sram_256x8_wrapper.sv:84$2024_ADDR [6] is used but has no driver.
Warning: Wire gf180_sram_256x8_wrapper.$mem2reg_rd$\mem$/foss/designs/butterfold/butterfold_proto/rtl/memory/gf180_sram_256x8_wrapper.sv:84$2024_ADDR [5] is used but has no driver.
Warning: Wire gf180_sram_256x8_wrapper.$mem2reg_rd$\mem$/foss/designs/butterfold/butterfold_proto/rtl/memory/gf180_sram_256x8_wrapper.sv:84$2024_ADDR [4] is used but has no driver.
Warning: Wire gf180_sram_256x8_wrapper.$mem2reg_rd$\mem$/foss/designs/butterfold/butterfold_proto/rtl/memory/gf180_sram_256x8_wrapper.sv:84$2024_ADDR [3] is used but has no driver.
Warning: Wire gf180_sram_256x8_wrapper.$mem2reg_rd$\mem$/foss/designs/butterfold/butterfold_proto/rtl/memory/gf180_sram_256x8_wrapper.sv:84$2024_ADDR [2] is used but has no driver.
Warning: Wire gf180_sram_256x8_wrapper.$mem2reg_rd$\mem$/foss/designs/butterfold/butterfold_proto/rtl/memory/gf180_sram_256x8_wrapper.sv:84$2024_ADDR [1] is used but has no driver.
Warning: Wire gf180_sram_256x8_wrapper.$mem2reg_rd$\mem$/foss/designs/butterfold/butterfold_proto/rtl/memory/gf180_sram_256x8_wrapper.sv:84$2024_ADDR [0] is used but has no driver.
Warning: Wire gf180_sram_256x8_wrapper.$mem2reg_wr$\mem$/foss/designs/butterfold/butterfold_proto/rtl/memory/gf180_sram_256x8_wrapper.sv:83$2023_DATA [7] is used but has no driver.
Warning: Wire gf180_sram_256x8_wrapper.$mem2reg_wr$\mem$/foss/designs/butterfold/butterfold_proto/rtl/memory/gf180_sram_256x8_wrapper.sv:83$2023_DATA [6] is used but has no driver.
Warning: Wire gf180_sram_256x8_wrapper.$mem2reg_wr$\mem$/foss/designs/butterfold/butterfold_proto/rtl/memory/gf180_sram_256x8_wrapper.sv:83$2023_DATA [5] is used but has no driver.
Warning: Wire gf180_sram_256x8_wrapper.$mem2reg_wr$\mem$/foss/designs/butterfold/butterfold_proto/rtl/memory/gf180_sram_256x8_wrapper.sv:83$2023_DATA [4] is used but has no driver.
Warning: Wire gf180_sram_256x8_wrapper.$mem2reg_wr$\mem$/foss/designs/butterfold/butterfold_proto/rtl/memory/gf180_sram_256x8_wrapper.sv:83$2023_DATA [3] is used but has no driver.
Warning: Wire gf180_sram_256x8_wrapper.$mem2reg_wr$\mem$/foss/designs/butterfold/butterfold_proto/rtl/memory/gf180_sram_256x8_wrapper.sv:83$2023_DATA [2] is used but has no driver.
Warning: Wire gf180_sram_256x8_wrapper.$mem2reg_wr$\mem$/foss/designs/butterfold/butterfold_proto/rtl/memory/gf180_sram_256x8_wrapper.sv:83$2023_DATA [1] is used but has no driver.
Warning: Wire gf180_sram_256x8_wrapper.$mem2reg_wr$\mem$/foss/designs/butterfold/butterfold_proto/rtl/memory/gf180_sram_256x8_wrapper.sv:83$2023_DATA [0] is used but has no driver.
Warning: Wire gf180_sram_256x8_wrapper.$mem2reg_wr$\mem$/foss/designs/butterfold/butterfold_proto/rtl/memory/gf180_sram_256x8_wrapper.sv:83$2023_ADDR [7] is used but has no driver.
Warning: Wire gf180_sram_256x8_wrapper.$mem2reg_wr$\mem$/foss/designs/butterfold/butterfold_proto/rtl/memory/gf180_sram_256x8_wrapper.sv:83$2023_ADDR [6] is used but has no driver.
Warning: Wire gf180_sram_256x8_wrapper.$mem2reg_wr$\mem$/foss/designs/butterfold/butterfold_proto/rtl/memory/gf180_sram_256x8_wrapper.sv:83$2023_ADDR [5] is used but has no driver.
Warning: Wire gf180_sram_256x8_wrapper.$mem2reg_wr$\mem$/foss/designs/butterfold/butterfold_proto/rtl/memory/gf180_sram_256x8_wrapper.sv:83$2023_ADDR [4] is used but has no driver.
Warning: Wire gf180_sram_256x8_wrapper.$mem2reg_wr$\mem$/foss/designs/butterfold/butterfold_proto/rtl/memory/gf180_sram_256x8_wrapper.sv:83$2023_ADDR [3] is used but has no driver.
Warning: Wire gf180_sram_256x8_wrapper.$mem2reg_wr$\mem$/foss/designs/butterfold/butterfold_proto/rtl/memory/gf180_sram_256x8_wrapper.sv:83$2023_ADDR [2] is used but has no driver.
Warning: Wire gf180_sram_256x8_wrapper.$mem2reg_wr$\mem$/foss/designs/butterfold/butterfold_proto/rtl/memory/gf180_sram_256x8_wrapper.sv:83$2023_ADDR [1] is used but has no driver.
Warning: Wire gf180_sram_256x8_wrapper.$mem2reg_wr$\mem$/foss/designs/butterfold/butterfold_proto/rtl/memory/gf180_sram_256x8_wrapper.sv:83$2023_ADDR [0] is used but has no driver.
Warning: Wire gf180_sram_256x8_wrapper.$mem2reg_wr$\mem$/foss/designs/butterfold/butterfold_proto/rtl/memory/gf180_sram_256x8_wrapper.sv:83$2022_DATA [7] is used but has no driver.
Warning: Wire gf180_sram_256x8_wrapper.$mem2reg_wr$\mem$/foss/designs/butterfold/butterfold_proto/rtl/memory/gf180_sram_256x8_wrapper.sv:83$2022_DATA [6] is used but has no driver.
Warning: Wire gf180_sram_256x8_wrapper.$mem2reg_wr$\mem$/foss/designs/butterfold/butterfold_proto/rtl/memory/gf180_sram_256x8_wrapper.sv:83$2022_DATA [5] is used but has no driver.
Warning: Wire gf180_sram_256x8_wrapper.$mem2reg_wr$\mem$/foss/designs/butterfold/butterfold_proto/rtl/memory/gf180_sram_256x8_wrapper.sv:83$2022_DATA [4] is used but has no driver.
Warning: Wire gf180_sram_256x8_wrapper.$mem2reg_wr$\mem$/foss/designs/butterfold/butterfold_proto/rtl/memory/gf180_sram_256x8_wrapper.sv:83$2022_DATA [3] is used but has no driver.
Warning: Wire gf180_sram_256x8_wrapper.$mem2reg_wr$\mem$/foss/designs/butterfold/butterfold_proto/rtl/memory/gf180_sram_256x8_wrapper.sv:83$2022_DATA [2] is used but has no driver.
Warning: Wire gf180_sram_256x8_wrapper.$mem2reg_wr$\mem$/foss/designs/butterfold/butterfold_proto/rtl/memory/gf180_sram_256x8_wrapper.sv:83$2022_DATA [1] is used but has no driver.
Warning: Wire gf180_sram_256x8_wrapper.$mem2reg_wr$\mem$/foss/designs/butterfold/butterfold_proto/rtl/memory/gf180_sram_256x8_wrapper.sv:83$2022_DATA [0] is used but has no driver.
Warning: Wire gf180_sram_256x8_wrapper.$mem2reg_wr$\mem$/foss/designs/butterfold/butterfold_proto/rtl/memory/gf180_sram_256x8_wrapper.sv:83$2021_DATA [7] is used but has no driver.
Warning: Wire gf180_sram_256x8_wrapper.$mem2reg_wr$\mem$/foss/designs/butterfold/butterfold_proto/rtl/memory/gf180_sram_256x8_wrapper.sv:83$2021_DATA [6] is used but has no driver.
Warning: Wire gf180_sram_256x8_wrapper.$mem2reg_wr$\mem$/foss/designs/butterfold/butterfold_proto/rtl/memory/gf180_sram_256x8_wrapper.sv:83$2021_DATA [5] is used but has no driver.
Warning: Wire gf180_sram_256x8_wrapper.$mem2reg_wr$\mem$/foss/designs/butterfold/butterfold_proto/rtl/memory/gf180_sram_256x8_wrapper.sv:83$2021_DATA [4] is used but has no driver.
Warning: Wire gf180_sram_256x8_wrapper.$mem2reg_wr$\mem$/foss/designs/butterfold/butterfold_proto/rtl/memory/gf180_sram_256x8_wrapper.sv:83$2021_DATA [3] is used but has no driver.
Warning: Wire gf180_sram_256x8_wrapper.$mem2reg_wr$\mem$/foss/designs/butterfold/butterfold_proto/rtl/memory/gf180_sram_256x8_wrapper.sv:83$2021_DATA [2] is used but has no driver.
Warning: Wire gf180_sram_256x8_wrapper.$mem2reg_wr$\mem$/foss/designs/butterfold/butterfold_proto/rtl/memory/gf180_sram_256x8_wrapper.sv:83$2021_DATA [1] is used but has no driver.
Warning: Wire gf180_sram_256x8_wrapper.$mem2reg_wr$\mem$/foss/designs/butterfold/butterfold_proto/rtl/memory/gf180_sram_256x8_wrapper.sv:83$2021_DATA [0] is used but has no driver.
Warning: Wire gf180_sram_256x8_wrapper.$mem2reg_wr$\mem$/foss/designs/butterfold/butterfold_proto/rtl/memory/gf180_sram_256x8_wrapper.sv:83$2020_DATA [7] is used but has no driver.
Warning: Wire gf180_sram_256x8_wrapper.$mem2reg_wr$\mem$/foss/designs/butterfold/butterfold_proto/rtl/memory/gf180_sram_256x8_wrapper.sv:83$2020_DATA [6] is used but has no driver.
Warning: Wire gf180_sram_256x8_wrapper.$mem2reg_wr$\mem$/foss/designs/butterfold/butterfold_proto/rtl/memory/gf180_sram_256x8_wrapper.sv:83$2020_DATA [5] is used but has no driver.
Warning: Wire gf180_sram_256x8_wrapper.$mem2reg_wr$\mem$/foss/designs/butterfold/butterfold_proto/rtl/memory/gf180_sram_256x8_wrapper.sv:83$2020_DATA [4] is used but has no driver.
Warning: Wire gf180_sram_256x8_wrapper.$mem2reg_wr$\mem$/foss/designs/butterfold/butterfold_proto/rtl/memory/gf180_sram_256x8_wrapper.sv:83$2020_DATA [3] is used but has no driver.
Warning: Wire gf180_sram_256x8_wrapper.$mem2reg_wr$\mem$/foss/designs/butterfold/butterfold_proto/rtl/memory/gf180_sram_256x8_wrapper.sv:83$2020_DATA [2] is used but has no driver.
Warning: Wire gf180_sram_256x8_wrapper.$mem2reg_wr$\mem$/foss/designs/butterfold/butterfold_proto/rtl/memory/gf180_sram_256x8_wrapper.sv:83$2020_DATA [1] is used but has no driver.
Warning: Wire gf180_sram_256x8_wrapper.$mem2reg_wr$\mem$/foss/designs/butterfold/butterfold_proto/rtl/memory/gf180_sram_256x8_wrapper.sv:83$2020_DATA [0] is used but has no driver.
Warning: Wire gf180_sram_256x8_wrapper.$mem2reg_wr$\mem$/foss/designs/butterfold/butterfold_proto/rtl/memory/gf180_sram_256x8_wrapper.sv:83$2019_DATA [7] is used but has no driver.
Warning: Wire gf180_sram_256x8_wrapper.$mem2reg_wr$\mem$/foss/designs/butterfold/butterfold_proto/rtl/memory/gf180_sram_256x8_wrapper.sv:83$2019_DATA [6] is used but has no driver.
Warning: Wire gf180_sram_256x8_wrapper.$mem2reg_wr$\mem$/foss/designs/butterfold/butterfold_proto/rtl/memory/gf180_sram_256x8_wrapper.sv:83$2019_DATA [5] is used but has no driver.
Warning: Wire gf180_sram_256x8_wrapper.$mem2reg_wr$\mem$/foss/designs/butterfold/butterfold_proto/rtl/memory/gf180_sram_256x8_wrapper.sv:83$2019_DATA [4] is used but has no driver.
Warning: Wire gf180_sram_256x8_wrapper.$mem2reg_wr$\mem$/foss/designs/butterfold/butterfold_proto/rtl/memory/gf180_sram_256x8_wrapper.sv:83$2019_DATA [3] is used but has no driver.
Warning: Wire gf180_sram_256x8_wrapper.$mem2reg_wr$\mem$/foss/designs/butterfold/butterfold_proto/rtl/memory/gf180_sram_256x8_wrapper.sv:83$2019_DATA [2] is used but has no driver.
Warning: Wire gf180_sram_256x8_wrapper.$mem2reg_wr$\mem$/foss/designs/butterfold/butterfold_proto/rtl/memory/gf180_sram_256x8_wrapper.sv:83$2019_DATA [1] is used but has no driver.
Warning: Wire gf180_sram_256x8_wrapper.$mem2reg_wr$\mem$/foss/designs/butterfold/butterfold_proto/rtl/memory/gf180_sram_256x8_wrapper.sv:83$2019_DATA [0] is used but has no driver.
Warning: Wire gf180_sram_256x8_wrapper.$mem2reg_wr$\mem$/foss/designs/butterfold/butterfold_proto/rtl/memory/gf180_sram_256x8_wrapper.sv:83$2018_DATA [7] is used but has no driver.
Warning: Wire gf180_sram_256x8_wrapper.$mem2reg_wr$\mem$/foss/designs/butterfold/butterfold_proto/rtl/memory/gf180_sram_256x8_wrapper.sv:83$2018_DATA [6] is used but has no driver.
Warning: Wire gf180_sram_256x8_wrapper.$mem2reg_wr$\mem$/foss/designs/butterfold/butterfold_proto/rtl/memory/gf180_sram_256x8_wrapper.sv:83$2018_DATA [5] is used but has no driver.
Warning: Wire gf180_sram_256x8_wrapper.$mem2reg_wr$\mem$/foss/designs/butterfold/butterfold_proto/rtl/memory/gf180_sram_256x8_wrapper.sv:83$2018_DATA [4] is used but has no driver.
Warning: Wire gf180_sram_256x8_wrapper.$mem2reg_wr$\mem$/foss/designs/butterfold/butterfold_proto/rtl/memory/gf180_sram_256x8_wrapper.sv:83$2018_DATA [3] is used but has no driver.
Warning: Wire gf180_sram_256x8_wrapper.$mem2reg_wr$\mem$/foss/designs/butterfold/butterfold_proto/rtl/memory/gf180_sram_256x8_wrapper.sv:83$2018_DATA [2] is used but has no driver.
Warning: Wire gf180_sram_256x8_wrapper.$mem2reg_wr$\mem$/foss/designs/butterfold/butterfold_proto/rtl/memory/gf180_sram_256x8_wrapper.sv:83$2018_DATA [1] is used but has no driver.
Warning: Wire gf180_sram_256x8_wrapper.$mem2reg_wr$\mem$/foss/designs/butterfold/butterfold_proto/rtl/memory/gf180_sram_256x8_wrapper.sv:83$2018_DATA [0] is used but has no driver.
Warning: Wire gf180_sram_256x8_wrapper.$mem2reg_wr$\mem$/foss/designs/butterfold/butterfold_proto/rtl/memory/gf180_sram_256x8_wrapper.sv:83$2017_DATA [7] is used but has no driver.
Warning: Wire gf180_sram_256x8_wrapper.$mem2reg_wr$\mem$/foss/designs/butterfold/butterfold_proto/rtl/memory/gf180_sram_256x8_wrapper.sv:83$2017_DATA [6] is used but has no driver.
Warning: Wire gf180_sram_256x8_wrapper.$mem2reg_wr$\mem$/foss/designs/butterfold/butterfold_proto/rtl/memory/gf180_sram_256x8_wrapper.sv:83$2017_DATA [5] is used but has no driver.
Warning: Wire gf180_sram_256x8_wrapper.$mem2reg_wr$\mem$/foss/designs/butterfold/butterfold_proto/rtl/memory/gf180_sram_256x8_wrapper.sv:83$2017_DATA [4] is used but has no driver.
Warning: Wire gf180_sram_256x8_wrapper.$mem2reg_wr$\mem$/foss/designs/butterfold/butterfold_proto/rtl/memory/gf180_sram_256x8_wrapper.sv:83$2017_DATA [3] is used but has no driver.
Warning: Wire gf180_sram_256x8_wrapper.$mem2reg_wr$\mem$/foss/designs/butterfold/butterfold_proto/rtl/memory/gf180_sram_256x8_wrapper.sv:83$2017_DATA [2] is used but has no driver.
Warning: Wire gf180_sram_256x8_wrapper.$mem2reg_wr$\mem$/foss/designs/butterfold/butterfold_proto/rtl/memory/gf180_sram_256x8_wrapper.sv:83$2017_DATA [1] is used but has no driver.
Warning: Wire gf180_sram_256x8_wrapper.$mem2reg_wr$\mem$/foss/designs/butterfold/butterfold_proto/rtl/memory/gf180_sram_256x8_wrapper.sv:83$2017_DATA [0] is used but has no driver.
Warning: Wire gf180_sram_256x8_wrapper.$mem2reg_wr$\mem$/foss/designs/butterfold/butterfold_proto/rtl/memory/gf180_sram_256x8_wrapper.sv:83$2016_DATA [7] is used but has no driver.
Warning: Wire gf180_sram_256x8_wrapper.$mem2reg_wr$\mem$/foss/designs/butterfold/butterfold_proto/rtl/memory/gf180_sram_256x8_wrapper.sv:83$2016_DATA [6] is used but has no driver.
Warning: Wire gf180_sram_256x8_wrapper.$mem2reg_wr$\mem$/foss/designs/butterfold/butterfold_proto/rtl/memory/gf180_sram_256x8_wrapper.sv:83$2016_DATA [5] is used but has no driver.
Warning: Wire gf180_sram_256x8_wrapper.$mem2reg_wr$\mem$/foss/designs/butterfold/butterfold_proto/rtl/memory/gf180_sram_256x8_wrapper.sv:83$2016_DATA [4] is used but has no driver.
Warning: Wire gf180_sram_256x8_wrapper.$mem2reg_wr$\mem$/foss/designs/butterfold/butterfold_proto/rtl/memory/gf180_sram_256x8_wrapper.sv:83$2016_DATA [3] is used but has no driver.
Warning: Wire gf180_sram_256x8_wrapper.$mem2reg_wr$\mem$/foss/designs/butterfold/butterfold_proto/rtl/memory/gf180_sram_256x8_wrapper.sv:83$2016_DATA [2] is used but has no driver.
Warning: Wire gf180_sram_256x8_wrapper.$mem2reg_wr$\mem$/foss/designs/butterfold/butterfold_proto/rtl/memory/gf180_sram_256x8_wrapper.sv:83$2016_DATA [1] is used but has no driver.
Warning: Wire gf180_sram_256x8_wrapper.$mem2reg_wr$\mem$/foss/designs/butterfold/butterfold_proto/rtl/memory/gf180_sram_256x8_wrapper.sv:83$2016_DATA [0] is used but has no driver.
Warning: Wire gf180_sram_256x8_wrapper.$mem2reg_wr$\mem$/foss/designs/butterfold/butterfold_proto/rtl/memory/gf180_sram_256x8_wrapper.sv:83$2022_ADDR [7] is used but has no driver.
Warning: Wire gf180_sram_256x8_wrapper.$mem2reg_wr$\mem$/foss/designs/butterfold/butterfold_proto/rtl/memory/gf180_sram_256x8_wrapper.sv:83$2022_ADDR [6] is used but has no driver.
Warning: Wire gf180_sram_256x8_wrapper.$mem2reg_wr$\mem$/foss/designs/butterfold/butterfold_proto/rtl/memory/gf180_sram_256x8_wrapper.sv:83$2022_ADDR [5] is used but has no driver.
Warning: Wire gf180_sram_256x8_wrapper.$mem2reg_wr$\mem$/foss/designs/butterfold/butterfold_proto/rtl/memory/gf180_sram_256x8_wrapper.sv:83$2022_ADDR [4] is used but has no driver.
Warning: Wire gf180_sram_256x8_wrapper.$mem2reg_wr$\mem$/foss/designs/butterfold/butterfold_proto/rtl/memory/gf180_sram_256x8_wrapper.sv:83$2022_ADDR [3] is used but has no driver.
Warning: Wire gf180_sram_256x8_wrapper.$mem2reg_wr$\mem$/foss/designs/butterfold/butterfold_proto/rtl/memory/gf180_sram_256x8_wrapper.sv:83$2022_ADDR [2] is used but has no driver.
Warning: Wire gf180_sram_256x8_wrapper.$mem2reg_wr$\mem$/foss/designs/butterfold/butterfold_proto/rtl/memory/gf180_sram_256x8_wrapper.sv:83$2022_ADDR [1] is used but has no driver.
Warning: Wire gf180_sram_256x8_wrapper.$mem2reg_wr$\mem$/foss/designs/butterfold/butterfold_proto/rtl/memory/gf180_sram_256x8_wrapper.sv:83$2022_ADDR [0] is used but has no driver.
Warning: Wire gf180_sram_256x8_wrapper.$mem2reg_wr$\mem$/foss/designs/butterfold/butterfold_proto/rtl/memory/gf180_sram_256x8_wrapper.sv:83$2021_ADDR [7] is used but has no driver.
Warning: Wire gf180_sram_256x8_wrapper.$mem2reg_wr$\mem$/foss/designs/butterfold/butterfold_proto/rtl/memory/gf180_sram_256x8_wrapper.sv:83$2021_ADDR [6] is used but has no driver.
Warning: Wire gf180_sram_256x8_wrapper.$mem2reg_wr$\mem$/foss/designs/butterfold/butterfold_proto/rtl/memory/gf180_sram_256x8_wrapper.sv:83$2021_ADDR [5] is used but has no driver.
Warning: Wire gf180_sram_256x8_wrapper.$mem2reg_wr$\mem$/foss/designs/butterfold/butterfold_proto/rtl/memory/gf180_sram_256x8_wrapper.sv:83$2021_ADDR [4] is used but has no driver.
Warning: Wire gf180_sram_256x8_wrapper.$mem2reg_wr$\mem$/foss/designs/butterfold/butterfold_proto/rtl/memory/gf180_sram_256x8_wrapper.sv:83$2021_ADDR [3] is used but has no driver.
Warning: Wire gf180_sram_256x8_wrapper.$mem2reg_wr$\mem$/foss/designs/butterfold/butterfold_proto/rtl/memory/gf180_sram_256x8_wrapper.sv:83$2021_ADDR [2] is used but has no driver.
Warning: Wire gf180_sram_256x8_wrapper.$mem2reg_wr$\mem$/foss/designs/butterfold/butterfold_proto/rtl/memory/gf180_sram_256x8_wrapper.sv:83$2021_ADDR [1] is used but has no driver.
Warning: Wire gf180_sram_256x8_wrapper.$mem2reg_wr$\mem$/foss/designs/butterfold/butterfold_proto/rtl/memory/gf180_sram_256x8_wrapper.sv:83$2021_ADDR [0] is used but has no driver.
Warning: Wire gf180_sram_256x8_wrapper.$mem2reg_wr$\mem$/foss/designs/butterfold/butterfold_proto/rtl/memory/gf180_sram_256x8_wrapper.sv:83$2020_ADDR [7] is used but has no driver.
Warning: Wire gf180_sram_256x8_wrapper.$mem2reg_wr$\mem$/foss/designs/butterfold/butterfold_proto/rtl/memory/gf180_sram_256x8_wrapper.sv:83$2020_ADDR [6] is used but has no driver.
Warning: Wire gf180_sram_256x8_wrapper.$mem2reg_wr$\mem$/foss/designs/butterfold/butterfold_proto/rtl/memory/gf180_sram_256x8_wrapper.sv:83$2020_ADDR [5] is used but has no driver.
Warning: Wire gf180_sram_256x8_wrapper.$mem2reg_wr$\mem$/foss/designs/butterfold/butterfold_proto/rtl/memory/gf180_sram_256x8_wrapper.sv:83$2020_ADDR [4] is used but has no driver.
Warning: Wire gf180_sram_256x8_wrapper.$mem2reg_wr$\mem$/foss/designs/butterfold/butterfold_proto/rtl/memory/gf180_sram_256x8_wrapper.sv:83$2020_ADDR [3] is used but has no driver.
Warning: Wire gf180_sram_256x8_wrapper.$mem2reg_wr$\mem$/foss/designs/butterfold/butterfold_proto/rtl/memory/gf180_sram_256x8_wrapper.sv:83$2020_ADDR [2] is used but has no driver.
Warning: Wire gf180_sram_256x8_wrapper.$mem2reg_wr$\mem$/foss/designs/butterfold/butterfold_proto/rtl/memory/gf180_sram_256x8_wrapper.sv:83$2020_ADDR [1] is used but has no driver.
Warning: Wire gf180_sram_256x8_wrapper.$mem2reg_wr$\mem$/foss/designs/butterfold/butterfold_proto/rtl/memory/gf180_sram_256x8_wrapper.sv:83$2020_ADDR [0] is used but has no driver.
Warning: Wire gf180_sram_256x8_wrapper.$mem2reg_wr$\mem$/foss/designs/butterfold/butterfold_proto/rtl/memory/gf180_sram_256x8_wrapper.sv:83$2019_ADDR [7] is used but has no driver.
Warning: Wire gf180_sram_256x8_wrapper.$mem2reg_wr$\mem$/foss/designs/butterfold/butterfold_proto/rtl/memory/gf180_sram_256x8_wrapper.sv:83$2019_ADDR [6] is used but has no driver.
Warning: Wire gf180_sram_256x8_wrapper.$mem2reg_wr$\mem$/foss/designs/butterfold/butterfold_proto/rtl/memory/gf180_sram_256x8_wrapper.sv:83$2019_ADDR [5] is used but has no driver.
Warning: Wire gf180_sram_256x8_wrapper.$mem2reg_wr$\mem$/foss/designs/butterfold/butterfold_proto/rtl/memory/gf180_sram_256x8_wrapper.sv:83$2019_ADDR [4] is used but has no driver.
Warning: Wire gf180_sram_256x8_wrapper.$mem2reg_wr$\mem$/foss/designs/butterfold/butterfold_proto/rtl/memory/gf180_sram_256x8_wrapper.sv:83$2019_ADDR [3] is used but has no driver.
Warning: Wire gf180_sram_256x8_wrapper.$mem2reg_wr$\mem$/foss/designs/butterfold/butterfold_proto/rtl/memory/gf180_sram_256x8_wrapper.sv:83$2019_ADDR [2] is used but has no driver.
Warning: Wire gf180_sram_256x8_wrapper.$mem2reg_wr$\mem$/foss/designs/butterfold/butterfold_proto/rtl/memory/gf180_sram_256x8_wrapper.sv:83$2019_ADDR [1] is used but has no driver.
Warning: Wire gf180_sram_256x8_wrapper.$mem2reg_wr$\mem$/foss/designs/butterfold/butterfold_proto/rtl/memory/gf180_sram_256x8_wrapper.sv:83$2019_ADDR [0] is used but has no driver.
Warning: Wire gf180_sram_256x8_wrapper.$mem2reg_wr$\mem$/foss/designs/butterfold/butterfold_proto/rtl/memory/gf180_sram_256x8_wrapper.sv:83$2018_ADDR [7] is used but has no driver.
Warning: Wire gf180_sram_256x8_wrapper.$mem2reg_wr$\mem$/foss/designs/butterfold/butterfold_proto/rtl/memory/gf180_sram_256x8_wrapper.sv:83$2018_ADDR [6] is used but has no driver.
Warning: Wire gf180_sram_256x8_wrapper.$mem2reg_wr$\mem$/foss/designs/butterfold/butterfold_proto/rtl/memory/gf180_sram_256x8_wrapper.sv:83$2018_ADDR [5] is used but has no driver.
Warning: Wire gf180_sram_256x8_wrapper.$mem2reg_wr$\mem$/foss/designs/butterfold/butterfold_proto/rtl/memory/gf180_sram_256x8_wrapper.sv:83$2018_ADDR [4] is used but has no driver.
Warning: Wire gf180_sram_256x8_wrapper.$mem2reg_wr$\mem$/foss/designs/butterfold/butterfold_proto/rtl/memory/gf180_sram_256x8_wrapper.sv:83$2018_ADDR [3] is used but has no driver.
Warning: Wire gf180_sram_256x8_wrapper.$mem2reg_wr$\mem$/foss/designs/butterfold/butterfold_proto/rtl/memory/gf180_sram_256x8_wrapper.sv:83$2018_ADDR [2] is used but has no driver.
Warning: Wire gf180_sram_256x8_wrapper.$mem2reg_wr$\mem$/foss/designs/butterfold/butterfold_proto/rtl/memory/gf180_sram_256x8_wrapper.sv:83$2018_ADDR [1] is used but has no driver.
Warning: Wire gf180_sram_256x8_wrapper.$mem2reg_wr$\mem$/foss/designs/butterfold/butterfold_proto/rtl/memory/gf180_sram_256x8_wrapper.sv:83$2018_ADDR [0] is used but has no driver.
Warning: Wire gf180_sram_256x8_wrapper.$mem2reg_wr$\mem$/foss/designs/butterfold/butterfold_proto/rtl/memory/gf180_sram_256x8_wrapper.sv:83$2017_ADDR [7] is used but has no driver.
Warning: Wire gf180_sram_256x8_wrapper.$mem2reg_wr$\mem$/foss/designs/butterfold/butterfold_proto/rtl/memory/gf180_sram_256x8_wrapper.sv:83$2017_ADDR [6] is used but has no driver.
Warning: Wire gf180_sram_256x8_wrapper.$mem2reg_wr$\mem$/foss/designs/butterfold/butterfold_proto/rtl/memory/gf180_sram_256x8_wrapper.sv:83$2017_ADDR [5] is used but has no driver.
Warning: Wire gf180_sram_256x8_wrapper.$mem2reg_wr$\mem$/foss/designs/butterfold/butterfold_proto/rtl/memory/gf180_sram_256x8_wrapper.sv:83$2017_ADDR [4] is used but has no driver.
Warning: Wire gf180_sram_256x8_wrapper.$mem2reg_wr$\mem$/foss/designs/butterfold/butterfold_proto/rtl/memory/gf180_sram_256x8_wrapper.sv:83$2017_ADDR [3] is used but has no driver.
Warning: Wire gf180_sram_256x8_wrapper.$mem2reg_wr$\mem$/foss/designs/butterfold/butterfold_proto/rtl/memory/gf180_sram_256x8_wrapper.sv:83$2017_ADDR [2] is used but has no driver.
Warning: Wire gf180_sram_256x8_wrapper.$mem2reg_wr$\mem$/foss/designs/butterfold/butterfold_proto/rtl/memory/gf180_sram_256x8_wrapper.sv:83$2017_ADDR [1] is used but has no driver.
Warning: Wire gf180_sram_256x8_wrapper.$mem2reg_wr$\mem$/foss/designs/butterfold/butterfold_proto/rtl/memory/gf180_sram_256x8_wrapper.sv:83$2017_ADDR [0] is used but has no driver.
Warning: Wire gf180_sram_256x8_wrapper.$mem2reg_wr$\mem$/foss/designs/butterfold/butterfold_proto/rtl/memory/gf180_sram_256x8_wrapper.sv:83$2016_ADDR [7] is used but has no driver.
Warning: Wire gf180_sram_256x8_wrapper.$mem2reg_wr$\mem$/foss/designs/butterfold/butterfold_proto/rtl/memory/gf180_sram_256x8_wrapper.sv:83$2016_ADDR [6] is used but has no driver.
Warning: Wire gf180_sram_256x8_wrapper.$mem2reg_wr$\mem$/foss/designs/butterfold/butterfold_proto/rtl/memory/gf180_sram_256x8_wrapper.sv:83$2016_ADDR [5] is used but has no driver.
Warning: Wire gf180_sram_256x8_wrapper.$mem2reg_wr$\mem$/foss/designs/butterfold/butterfold_proto/rtl/memory/gf180_sram_256x8_wrapper.sv:83$2016_ADDR [4] is used but has no driver.
Warning: Wire gf180_sram_256x8_wrapper.$mem2reg_wr$\mem$/foss/designs/butterfold/butterfold_proto/rtl/memory/gf180_sram_256x8_wrapper.sv:83$2016_ADDR [3] is used but has no driver.
Warning: Wire gf180_sram_256x8_wrapper.$mem2reg_wr$\mem$/foss/designs/butterfold/butterfold_proto/rtl/memory/gf180_sram_256x8_wrapper.sv:83$2016_ADDR [2] is used but has no driver.
Warning: Wire gf180_sram_256x8_wrapper.$mem2reg_wr$\mem$/foss/designs/butterfold/butterfold_proto/rtl/memory/gf180_sram_256x8_wrapper.sv:83$2016_ADDR [1] is used but has no driver.
Warning: Wire gf180_sram_256x8_wrapper.$mem2reg_wr$\mem$/foss/designs/butterfold/butterfold_proto/rtl/memory/gf180_sram_256x8_wrapper.sv:83$2016_ADDR [0] is used but has no driver.
Found and reported 841 problems.
