Instance,Terminal,Layer,X location,Y location,Voltage
_09058_,VSS,Metal1,43.3000,231.4060,0.007052
_09059_,VSS,Metal1,70.7400,423.7935,0.004005
_09060_,VSS,Metal1,141.8600,534.6735,0.001953
_09061_,VSS,Metal1,24.8200,392.6860,0.004835
_09062_,VSS,Metal1,93.1400,454.0335,0.003013
_09063_,VSS,Metal1,269.5400,513.6460,0.001464
_09064_,VSS,Metal1,86.9800,474.1935,0.002198
_09065_,VSS,Metal1,88.1000,373.3935,0.005334
_09066_,VSS,Metal1,183.3000,352.3660,0.005370
_09067_,VSS,Metal1,382.3565,684.7930,0.003159
_09068_,VSS,Metal1,248.2600,654.7660,0.003299
_09069_,VSS,Metal1,116.6600,454.0335,0.003013
_09070_,VSS,Metal1,131.2200,585.0735,0.002924
_09071_,VSS,Metal1,118.3400,574.1260,0.002753
_09072_,VSS,Metal1,113.8600,554.8335,0.002401
_09073_,VSS,Metal1,372.5800,655.6335,0.003095
_09074_,VSS,Metal1,155.8600,574.9935,0.002756
_09075_,VSS,Metal1,127.8600,433.0060,0.003709
_09076_,VSS,Metal1,101.5400,332.2060,0.005920
_09077_,VSS,Metal1,44.4200,504.4335,0.001113
_09078_,VSS,Metal1,102.6600,524.5935,0.001812
_09079_,VSS,Metal1,357.4600,664.8460,0.003321
_09080_,VSS,Metal1,189.4600,454.0335,0.002984
_09081_,VSS,Metal1,156.9800,695.0860,0.003713
_09082_,VSS,Metal1,209.6200,655.6335,0.003329
_09083_,VSS,Metal1,204.0200,665.7135,0.003439
_09084_,VSS,Metal1,205.1400,685.0060,0.003550
_09085_,VSS,Metal1,185.5400,695.9535,0.003707
_09086_,VSS,Metal1,193.9400,695.0860,0.003684
_09087_,VSS,Metal1,38.2600,957.1660,0.003830
_09088_,VSS,Metal1,67.3800,574.1260,0.002716
_09089_,VSS,Metal1,74.1000,664.8460,0.003549
_09090_,VSS,Metal1,376.5000,655.6335,0.003067
_09091_,VSS,Metal1,160.3400,614.4460,0.003365
_09092_,VSS,Metal1,128.4200,333.0735,0.005907
_09093_,VSS,Metal1,440.3400,483.4060,0.001590
_09094_,VSS,Metal1,521.5400,655.6335,0.002972
_09095_,VSS,Metal1,546.7400,655.6335,0.003006
_09096_,VSS,Metal1,540.0200,685.8735,0.003052
_09097_,VSS,Metal1,250.5000,674.9260,0.003544
_09098_,VSS,Metal1,215.4765,412.6330,0.004178
_09099_,VSS,Metal1,224.7400,433.0060,0.003566
_09100_,VSS,Metal1,226.1165,424.0065,0.003964
_09101_,VSS,Metal1,251.3165,595.3665,0.003105
_09102_,VSS,Metal1,248.2600,533.8060,0.001868
_09103_,VSS,Metal1,220.2600,514.5135,0.001494
_09104_,VSS,Metal1,435.8600,503.5660,0.000968
_09105_,VSS,Metal1,981.8600,644.6860,0.003523
_09106_,VSS,Metal1,778.5800,695.0860,0.003192
_09107_,VSS,Metal1,1020.5000,906.7660,0.001967
_09108_,VSS,Metal1,1082.1000,917.7135,0.001772
_09109_,VSS,Metal1,995.8600,393.5535,0.004763
_09110_,VSS,Metal1,528.2600,302.8335,0.005693
_09111_,VSS,Metal1,508.6600,312.0460,0.005479
_09112_,VSS,Metal1,331.7000,90.2860,0.006685
_09113_,VSS,Metal1,526.5800,301.9660,0.005694
_09114_,VSS,Metal1,499.1400,302.8335,0.005705
_09115_,VSS,Metal1,539.4600,333.0735,0.004881
_09116_,VSS,Metal1,519.8600,312.9135,0.005482
_09117_,VSS,Metal1,561.3000,322.1260,0.005136
_09118_,VSS,Metal1,582.5800,343.1535,0.004558
_09119_,VSS,Metal1,616.7400,353.2335,0.004335
_09120_,VSS,Metal1,586.5000,352.3660,0.004343
_09121_,VSS,Metal1,611.1400,363.3135,0.004348
_09122_,VSS,Metal1,647.5400,372.5260,0.004282
_09123_,VSS,Metal1,643.0600,372.5260,0.004259
_09124_,VSS,Metal1,914.1000,403.6335,0.004389
_09125_,VSS,Metal1,921.3800,433.8735,0.003392
_09126_,VSS,Metal1,947.7000,454.0335,0.002829
_09127_,VSS,Metal1,945.4600,503.5660,0.001009
_09128_,VSS,Metal1,925.3000,523.7260,0.001757
_09129_,VSS,Metal1,951.6200,533.8060,0.001952
_09130_,VSS,Metal1,924.7400,554.8335,0.002389
_09131_,VSS,Metal1,957.2200,554.8335,0.002399
_09132_,VSS,Metal1,925.8600,585.0735,0.002855
_09133_,VSS,Metal1,920.2600,604.3660,0.003164
_09134_,VSS,Metal1,896.7400,615.3135,0.003042
_09135_,VSS,Metal1,925.8600,635.4735,0.003301
_09136_,VSS,Metal1,914.6600,644.6860,0.003450
_09137_,VSS,Metal1,876.0200,615.3135,0.003038
_09138_,VSS,Metal1,892.2600,645.5535,0.003421
_09139_,VSS,Metal1,339.5400,39.8860,0.006050
_09140_,VSS,Metal1,318.2600,49.9660,0.006257
_09141_,VSS,Metal1,335.6200,60.0460,0.006183
_09142_,VSS,Metal1,302.5800,49.9660,0.006322
_09143_,VSS,Metal1,363.6200,50.8335,0.005969
_09144_,VSS,Metal1,333.9400,30.6735,0.006019
_09145_,VSS,Metal1,361.9400,39.8860,0.005878
_09146_,VSS,Metal1,396.6600,49.9660,0.005845
_09147_,VSS,Metal1,434.7400,60.9135,0.005736
_09148_,VSS,Metal1,402.2600,39.8860,0.005515
_09149_,VSS,Metal1,426.3400,49.9660,0.005620
_09150_,VSS,Metal1,467.7800,50.8335,0.005453
_09151_,VSS,Metal1,471.1400,50.8335,0.005425
_09152_,VSS,Metal1,512.0200,60.0460,0.005478
_09153_,VSS,Metal1,551.2200,60.0460,0.005478
_09154_,VSS,Metal1,591.5400,90.2860,0.006228
_09155_,VSS,Metal1,564.6600,60.9135,0.005475
_09156_,VSS,Metal1,606.1000,60.0460,0.005468
_09157_,VSS,Metal1,625.1400,80.2060,0.005897
_09158_,VSS,Metal1,626.8200,60.0460,0.005459
_09159_,VSS,Metal1,656.5000,80.2060,0.005911
_09160_,VSS,Metal1,655.9400,50.8335,0.005356
_09161_,VSS,Metal1,690.6600,60.0460,0.006017
_09162_,VSS,Metal1,727.0600,80.2060,0.006272
_09163_,VSS,Metal1,751.7000,81.0735,0.006348
_09164_,VSS,Metal1,726.5000,50.8335,0.005800
_09165_,VSS,Metal1,739.9400,60.0460,0.006168
_09166_,VSS,Metal1,779.1400,80.2060,0.006421
_09167_,VSS,Metal1,799.3000,40.7535,0.005927
_09168_,VSS,Metal1,313.7800,130.6060,0.006936
_09169_,VSS,Metal1,327.2200,120.5260,0.006625
_09170_,VSS,Metal1,271.2200,131.4735,0.007086
_09171_,VSS,Metal1,279.6200,141.5535,0.006927
_09172_,VSS,Metal1,494.6600,121.3935,0.006386
_09173_,VSS,Metal1,518.1800,141.5535,0.006461
_09174_,VSS,Metal1,533.3000,221.3260,0.006109
_09175_,VSS,Metal1,524.3400,211.2460,0.005761
_09176_,VSS,Metal1,910.7400,231.4060,0.006798
_09177_,VSS,Metal1,916.9000,282.6735,0.006439
_09178_,VSS,Metal1,920.2600,291.8860,0.006265
_09179_,VSS,Metal1,929.7800,312.0460,0.006120
_09180_,VSS,Metal1,939.8600,312.9135,0.006106
_09181_,VSS,Metal1,928.6600,342.2860,0.005457
_09182_,VSS,Metal1,944.3400,383.4735,0.004953
_09183_,VSS,Metal1,905.7000,332.2060,0.005557
_09184_,VSS,Metal1,939.8600,352.3660,0.005318
_09185_,VSS,Metal1,947.7000,383.4735,0.004950
_09186_,VSS,Metal1,142.9800,70.1260,0.006796
_09187_,VSS,Metal1,153.6200,49.9660,0.006690
_09188_,VSS,Metal1,141.8600,70.9935,0.006798
_09189_,VSS,Metal1,154.1800,81.0735,0.007024
_09190_,VSS,Metal1,204.0200,81.0735,0.006899
_09191_,VSS,Metal1,220.2600,70.9935,0.006615
_09192_,VSS,Metal1,224.7400,81.0735,0.006799
_09193_,VSS,Metal1,494.1000,100.3660,0.006352
_09194_,VSS,Metal1,546.7400,100.3660,0.006346
_09195_,VSS,Metal1,818.3400,60.0460,0.006438
_09196_,VSS,Metal1,821.7000,60.0460,0.006444
_09197_,VSS,Metal1,864.8200,70.9935,0.006550
_09198_,VSS,Metal1,874.3400,90.2860,0.006710
_09199_,VSS,Metal1,890.0200,100.3660,0.006795
_09200_,VSS,Metal1,886.1000,101.2335,0.006779
_09201_,VSS,Metal1,906.2600,120.5260,0.006896
_09202_,VSS,Metal1,906.2600,140.6860,0.007070
_09203_,VSS,Metal1,1063.0600,332.2060,0.005722
_09204_,VSS,Metal1,1073.7000,493.4860,0.001266
_09205_,VSS,Metal1,1079.3000,514.5135,0.001452
_09206_,VSS,Metal1,1081.5400,504.4335,0.001110
_09207_,VSS,Metal1,1058.5800,553.9660,0.002511
_09208_,VSS,Metal1,1075.9400,553.9660,0.002511
_09209_,VSS,Metal1,1075.9400,585.0735,0.002973
_09210_,VSS,Metal1,1075.3800,595.1535,0.003328
_09211_,VSS,Metal1,1079.3000,615.3135,0.003125
_09212_,VSS,Metal1,1058.5800,302.8335,0.006164
_09213_,VSS,Metal1,1079.8600,372.5260,0.005185
_09214_,VSS,Metal1,1064.1800,393.5535,0.004812
_09215_,VSS,Metal1,1039.5400,423.7935,0.003772
_09216_,VSS,Metal1,1043.4600,443.9535,0.003221
_09217_,VSS,Metal1,986.3400,464.1135,0.002456
_09218_,VSS,Metal1,984.6600,493.4860,0.001229
_09219_,VSS,Metal1,1004.2600,534.6735,0.002034
_09220_,VSS,Metal1,996.9800,816.9135,0.003017
_09221_,VSS,Metal1,1017.1400,837.0735,0.002873
_09222_,VSS,Metal1,1008.7400,866.4460,0.002768
_09223_,VSS,Metal1,1009.3000,876.5260,0.002363
_09224_,VSS,Metal1,1048.5000,906.7660,0.001957
_09225_,VSS,Metal1,1063.0600,947.0860,0.000948
_09226_,VSS,Metal1,758.9800,655.6335,0.003153
_09227_,VSS,Metal1,738.2600,645.5535,0.003157
_09228_,VSS,Metal1,976.2600,645.5535,0.003493
_09229_,VSS,Metal1,980.7400,635.4735,0.003443
_09230_,VSS,Metal1,989.1400,887.4735,0.002255
_09231_,VSS,Metal1,977.9400,706.0335,0.002998
_09232_,VSS,Metal1,975.1400,736.2735,0.003392
_09233_,VSS,Metal1,984.6600,695.0860,0.003310
_09234_,VSS,Metal1,975.1400,756.4335,0.003402
_09235_,VSS,Metal1,975.1400,785.8060,0.003184
_09236_,VSS,Metal1,63.4600,433.8735,0.003690
_09237_,VSS,Metal1,254.9800,484.2735,0.001682
_09238_,VSS,Metal1,233.1400,464.1135,0.002587
_09239_,VSS,Metal1,154.1800,433.8735,0.003678
_09240_,VSS,Metal1,150.8200,433.8735,0.003678
_09241_,VSS,Metal1,154.1800,443.0860,0.003402
_09242_,VSS,Metal1,148.5800,464.1135,0.002652
_09243_,VSS,Metal1,141.8600,464.1135,0.002652
_09244_,VSS,Metal1,366.9800,674.9260,0.003292
_09245_,VSS,Metal1,205.1400,453.1660,0.002986
_09246_,VSS,Metal1,28.7400,322.9935,0.006160
_09247_,VSS,Metal1,32.1000,322.1260,0.006170
_09248_,VSS,Metal1,39.9400,412.8460,0.004282
_09249_,VSS,Metal1,36.5800,433.0060,0.003659
_09250_,VSS,Metal1,780.2600,1089.0735,0.002464
_09251_,VSS,Metal1,891.1400,1089.0735,0.002158
_09252_,VSS,Metal1,648.1000,1088.2060,0.002435
_09253_,VSS,Metal1,501.9400,1089.0735,0.002372
_09254_,VSS,Metal1,766.2600,1089.0735,0.002524
_09255_,VSS,Metal1,48.3400,342.2860,0.005688
_09256_,VSS,Metal1,999.2200,343.1535,0.005756
_09257_,VSS,Metal1,1002.0200,222.1935,0.006987
_09258_,VSS,Metal1,998.6600,241.4860,0.006854
_09259_,VSS,Metal1,999.4765,242.5665,0.006854
_09260_,VSS,Metal1,238.7400,493.4350,0.001436
_09261_,VSS,Metal1,264.3730,474.4065,0.002169
_09262_,VSS,Metal1,274.0200,493.4860,0.001450
_09263_,VSS,Metal1,264.7565,252.6465,0.006722
_09264_,VSS,Metal1,156.9800,604.3660,0.003258
_09265_,VSS,Metal1,503.6200,907.6335,0.000491
_09266_,VSS,Metal1,402.8200,1089.0735,0.002749
_09267_,VSS,Metal1,515.3800,968.1135,0.000309
_09268_,VSS,Metal1,61.7800,534.6735,0.001973
_09269_,VSS,Metal1,23.1400,543.8860,0.002100
_09270_,VSS,Metal1,38.2600,543.8860,0.002108
_09271_,VSS,Metal1,47.7800,554.8335,0.002327
_09272_,VSS,Metal1,76.3400,594.2860,0.003155
_09273_,VSS,Metal1,61.7800,604.3660,0.003240
_09274_,VSS,Metal1,71.8600,595.1535,0.003154
_09275_,VSS,Metal1,191.7000,554.8335,0.002386
_09276_,VSS,Metal1,205.1400,513.6460,0.001494
_09277_,VSS,Metal1,178.2600,523.7260,0.001758
_09278_,VSS,Metal1,191.7000,523.7260,0.001781
_09279_,VSS,Metal1,149.7000,514.5135,0.001489
_09280_,VSS,Metal1,149.7000,534.6735,0.001953
_09281_,VSS,Metal1,146.3400,484.2735,0.001718
_09282_,VSS,Metal1,140.7400,523.7260,0.001785
_09283_,VSS,Metal1,496.3400,685.0060,0.003010
_09284_,VSS,Metal1,335.6200,645.5535,0.003252
_09285_,VSS,Metal1,77.4600,353.2335,0.005572
_09286_,VSS,Metal1,290.2600,332.2060,0.005431
_09287_,VSS,Metal1,421.3000,100.3660,0.006495
_09288_,VSS,Metal1,448.1800,101.2335,0.006480
_09289_,VSS,Metal1,452.6600,101.2335,0.006480
_09290_,VSS,Metal1,550.6600,383.4735,0.004371
_09291_,VSS,Metal1,547.8600,131.4735,0.006464
_09292_,VSS,Metal1,528.2600,241.4860,0.006122
_09293_,VSS,Metal1,579.7800,121.3935,0.006411
_09294_,VSS,Metal1,588.7400,422.9260,0.003574
_09295_,VSS,Metal1,622.9000,463.2460,0.002323
_09296_,VSS,Metal1,605.5400,433.0060,0.003225
_09297_,VSS,Metal1,644.1800,483.4060,0.001482
_09298_,VSS,Metal1,620.6600,423.7935,0.003567
_09299_,VSS,Metal1,658.1800,493.4860,0.001120
_09300_,VSS,Metal1,634.6600,423.7935,0.003554
_09301_,VSS,Metal1,661.5400,493.4860,0.001127
_09302_,VSS,Metal1,623.4600,342.2860,0.004525
_09303_,VSS,Metal1,714.7400,503.5660,0.000965
_09304_,VSS,Metal1,631.8600,422.9260,0.003563
_09305_,VSS,Metal1,770.7400,493.4860,0.001180
_09306_,VSS,Metal1,699.0600,241.4860,0.006249
_09307_,VSS,Metal1,783.0600,130.6060,0.006670
_09308_,VSS,Metal1,34.9000,333.0735,0.005905
_09309_,VSS,Metal1,475.0600,503.5660,0.000930
_09310_,VSS,Metal1,494.1000,503.5660,0.000931
_09311_,VSS,Metal1,510.3400,493.4860,0.001099
_09312_,VSS,Metal1,492.4200,483.4060,0.001502
_09313_,VSS,Metal1,122.2600,674.9260,0.003702
_09314_,VSS,Metal1,377.0600,413.7135,0.004055
_09315_,VSS,Metal1,904.5800,523.7260,0.001806
_09316_,VSS,Metal1,902.3400,463.2460,0.002423
_09317_,VSS,Metal1,680.5800,514.5135,0.001324
_09318_,VSS,Metal1,701.8600,473.3260,0.001986
_09319_,VSS,Metal1,860.9000,543.8860,0.002259
_09320_,VSS,Metal1,603.3000,695.0860,0.003404
_09321_,VSS,Metal1,687.3000,524.5935,0.001687
_09322_,VSS,Metal1,843.5400,554.8335,0.002368
_09323_,VSS,Metal1,701.3000,685.8735,0.003025
_09324_,VSS,Metal1,658.1800,514.5135,0.001307
_09325_,VSS,Metal1,48.3400,674.9260,0.003722
_09326_,VSS,Metal1,606.6600,333.0735,0.004939
_09327_,VSS,Metal1,892.2600,543.8860,0.002262
_09328_,VSS,Metal1,688.4200,533.8060,0.001922
_09329_,VSS,Metal1,98.7400,664.8460,0.003532
_09330_,VSS,Metal1,645.3000,342.2860,0.004515
_09331_,VSS,Metal1,836.2600,604.3660,0.003185
_09332_,VSS,Metal1,683.9400,524.5935,0.001684
_09333_,VSS,Metal1,126.7400,664.8460,0.003514
_09334_,VSS,Metal1,531.6200,402.7660,0.004035
_09335_,VSS,Metal1,853.0600,585.0735,0.002864
_09336_,VSS,Metal1,671.0600,513.6460,0.001318
_09337_,VSS,Metal1,66.2600,695.0860,0.003701
_09338_,VSS,Metal1,895.0600,393.5535,0.004732
_09339_,VSS,Metal1,845.7800,604.3660,0.003185
_09340_,VSS,Metal1,650.3400,403.6335,0.004087
_09341_,VSS,Metal1,706.3400,514.5135,0.001390
_09342_,VSS,Metal1,99.3000,685.8735,0.003612
_09343_,VSS,Metal1,942.1000,120.5260,0.006954
_09344_,VSS,Metal1,965.0600,343.1535,0.005599
_09345_,VSS,Metal1,925.8600,131.4735,0.007129
_09346_,VSS,Metal1,949.9400,262.5135,0.006786
_09347_,VSS,Metal1,931.4600,141.5535,0.007074
_09348_,VSS,Metal1,965.0600,262.5135,0.006793
_09349_,VSS,Metal1,975.1400,1008.4335,0.001325
_09350_,VSS,Metal1,532.1800,644.6860,0.002977
_09351_,VSS,Metal1,571.9400,664.8460,0.002995
_09352_,VSS,Metal1,509.7800,877.3935,0.000655
_09353_,VSS,Metal1,517.0600,886.6060,0.000627
_09354_,VSS,Metal1,515.3800,917.7135,0.000451
_09355_,VSS,Metal1,205.1400,574.1260,0.002748
_09356_,VSS,Metal1,337.8600,272.5935,0.006591
_09357_,VSS,Metal1,371.4600,454.0335,0.002897
_09358_,VSS,Metal1,378.7400,433.0060,0.003519
_09359_,VSS,Metal1,368.1000,463.2460,0.002520
_09360_,VSS,Metal1,368.6600,464.1135,0.002520
_09361_,VSS,Metal1,228.1000,261.6460,0.006659
_09362_,VSS,Metal1,275.7000,271.7260,0.006689
_09363_,VSS,Metal1,223.6200,362.4460,0.005236
_09364_,VSS,Metal1,413.4600,474.1935,0.002073
_09365_,VSS,Metal1,794.8200,291.8860,0.006128
_09366_,VSS,Metal1,746.1000,433.0060,0.003306
_09367_,VSS,Metal1,753.9400,543.8860,0.002180
_09368_,VSS,Metal1,658.7400,423.7935,0.003552
_09369_,VSS,Metal1,780.2600,443.9535,0.003066
_09370_,VSS,Metal1,216.3400,333.0735,0.005851
_09371_,VSS,Metal1,209.0600,322.1260,0.006008
_09372_,VSS,Metal1,220.2600,222.1935,0.006849
_09373_,VSS,Metal1,215.2200,221.3260,0.006865
_09374_,VSS,Metal1,342.3400,161.7135,0.006660
_09375_,VSS,Metal1,334.5000,150.7660,0.006580
_09376_,VSS,Metal1,220.2600,160.8460,0.007068
_09377_,VSS,Metal1,766.2600,201.1660,0.006192
_09378_,VSS,Metal1,459.9400,150.7660,0.006162
_09379_,VSS,Metal1,895.0600,212.1135,0.006754
_09380_,VSS,Metal1,855.3000,301.9660,0.005957
_09381_,VSS,Metal1,891.1400,312.9135,0.006125
_09382_,VSS,Metal1,184.9800,100.3660,0.006912
_09383_,VSS,Metal1,455.4600,111.3135,0.006446
_09384_,VSS,Metal1,803.7800,131.4735,0.006708
_09385_,VSS,Metal1,851.9400,131.4735,0.006812
_09386_,VSS,Metal1,193.9400,242.3535,0.006900
_09387_,VSS,Metal1,685.0600,574.1260,0.002680
_09388_,VSS,Metal1,995.3000,968.1135,0.000835
_09389_,VSS,Metal1,1055.7800,977.3260,0.000965
_09390_,VSS,Metal1,203.6900,423.9950,0.003975
_09391_,VSS,Metal1,198.9700,422.8780,0.003977
_09392_,VSS,Metal1,212.1065,423.9765,0.003966
_09393_,VSS,Metal1,218.5700,433.9215,0.003575
_09394_,VSS,Metal1,226.4400,403.6600,0.004376
_09395_,VSS,Metal1,247.7000,362.4460,0.005185
_09396_,VSS,Metal1,348.1530,654.5165,0.003138
_09397_,VSS,Metal1,368.8025,655.6035,0.003095
_09398_,VSS,Metal1,362.1865,665.8965,0.003316
_09399_,VSS,Metal1,365.2900,655.7380,0.003105
_09400_,VSS,Metal1,356.8275,665.6835,0.003321
_09401_,VSS,Metal1,390.7465,674.7430,0.003224
_09402_,VSS,Metal1,347.5225,665.6835,0.003325
_09403_,VSS,Metal1,388.4025,664.8760,0.003311
_09404_,VSS,Metal1,357.7600,655.6500,0.003123
_09405_,VSS,Metal1,355.7075,654.7960,0.003123
_09406_,VSS,Metal1,28.7400,635.4735,0.003431
_09407_,VSS,Metal1,109.0665,434.0565,0.003709
_09408_,VSS,Metal1,119.4500,423.8415,0.004034
_09409_,VSS,Metal1,180.7465,242.5365,0.006900
_09410_,VSS,Metal1,186.6500,232.3215,0.007011
_09411_,VSS,Metal1,532.6130,665.7700,0.003100
_09412_,VSS,Metal1,519.2275,664.8760,0.003093
_09413_,VSS,Metal1,458.7475,664.8760,0.003117
_09414_,VSS,Metal1,500.1330,685.9300,0.003016
_09415_,VSS,Metal1,518.2000,655.6600,0.002971
_09416_,VSS,Metal1,473.6000,655.8150,0.002934
_09417_,VSS,Metal1,454.5965,484.4865,0.001553
_09418_,VSS,Metal1,184.0025,473.3560,0.002146
_09419_,VSS,Metal1,228.2425,433.0360,0.003562
_09420_,VSS,Metal1,209.7625,443.1160,0.003319
_09421_,VSS,Metal1,204.7225,443.9235,0.003322
_09422_,VSS,Metal1,214.3465,434.0565,0.003590
_09423_,VSS,Metal1,179.3800,433.8890,0.003595
_09424_,VSS,Metal1,236.1800,484.4450,0.001693
_09425_,VSS,Metal1,230.5700,483.2050,0.001694
_09426_,VSS,Metal1,44.6665,363.4965,0.005319
_09427_,VSS,Metal1,41.5400,342.2685,0.005688
_09428_,VSS,Metal1,35.4700,342.3160,0.005687
_09429_,VSS,Metal1,34.2130,352.3100,0.005555
_09430_,VSS,Metal1,41.9200,333.0900,0.005908
_09431_,VSS,Metal1,127.5465,353.4165,0.005565
_09432_,VSS,Metal1,105.1300,342.0850,0.005662
_09433_,VSS,Metal1,231.1465,484.4565,0.001694
_09434_,VSS,Metal1,134.8100,362.3335,0.005275
_09435_,VSS,Metal1,50.3000,362.3860,0.005318
_09436_,VSS,Metal1,474.7465,483.2230,0.001511
_09437_,VSS,Metal1,465.5300,493.4380,0.001125
_09438_,VSS,Metal1,487.9400,494.4460,0.001094
_09439_,VSS,Metal1,494.2425,494.3235,0.001094
_09440_,VSS,Metal1,500.9625,493.5160,0.001097
_09441_,VSS,Metal1,481.8650,503.3985,0.000930
_09442_,VSS,Metal1,479.5400,513.6460,0.001359
_09443_,VSS,Metal1,468.5865,484.4565,0.001523
_09444_,VSS,Metal1,467.7075,494.3235,0.001124
_09445_,VSS,Metal1,463.0800,494.3700,0.001243
_09446_,VSS,Metal1,458.2500,523.6780,0.001590
_09447_,VSS,Metal1,460.0825,533.8360,0.001856
_09448_,VSS,Metal1,237.6200,483.3135,0.001693
_09449_,VSS,Metal1,434.1900,494.3235,0.001313
_09450_,VSS,Metal1,442.8600,493.4260,0.001293
_09451_,VSS,Metal1,445.9500,483.4360,0.001575
_09452_,VSS,Metal1,442.1625,473.3560,0.002058
_09453_,VSS,Metal1,447.0600,464.1135,0.002446
_09454_,VSS,Metal1,447.4840,474.3065,0.002058
_09455_,VSS,Metal1,444.4025,463.2760,0.002456
_09456_,VSS,Metal1,983.0000,443.0600,0.003166
_09457_,VSS,Metal1,998.3465,232.4565,0.006881
_09458_,VSS,Metal1,1004.2700,241.5160,0.006860
_09459_,VSS,Metal1,999.3625,231.4360,0.006881
_09460_,VSS,Metal1,1005.3800,211.2460,0.006870
_09461_,VSS,Metal1,993.4210,413.7540,0.004096
_09462_,VSS,Metal1,1024.0650,817.2390,0.002978
_09463_,VSS,Metal1,977.0330,231.1565,0.006866
_09464_,VSS,Metal1,989.8425,241.5160,0.006837
_09465_,VSS,Metal1,178.1875,261.6760,0.006853
_09466_,VSS,Metal1,174.5575,232.3250,0.007042
_09467_,VSS,Metal1,172.8025,271.7560,0.006852
_09468_,VSS,Metal1,173.4375,291.8350,0.006483
_09469_,VSS,Metal1,170.0800,252.6150,0.006888
_09470_,VSS,Metal1,941.5400,242.3535,0.006801
_09471_,VSS,Metal1,941.2265,232.4565,0.006837
_09472_,VSS,Metal1,668.1330,241.3855,0.006209
_09473_,VSS,Metal1,649.3000,232.3335,0.006188
_09474_,VSS,Metal1,161.0425,221.3560,0.006929
_09475_,VSS,Metal1,105.0425,332.2360,0.005917
_09476_,VSS,Metal1,121.4400,342.2700,0.005654
_09477_,VSS,Metal1,121.0675,332.2360,0.005912
_09478_,VSS,Metal1,182.9565,584.1015,0.002910
_09479_,VSS,Metal1,179.9600,575.0200,0.002743
_09480_,VSS,Metal1,169.8700,353.2035,0.005380
_09481_,VSS,Metal1,172.6800,363.3400,0.005258
_09482_,VSS,Metal1,139.9000,262.5735,0.006931
_09483_,VSS,Metal1,150.5065,261.4630,0.006914
_09484_,VSS,Metal1,166.1865,242.5365,0.006903
_09485_,VSS,Metal1,165.5225,333.0435,0.005888
_09486_,VSS,Metal1,249.6265,251.3830,0.006757
_09487_,VSS,Metal1,154.3225,222.1635,0.006961
_09488_,VSS,Metal1,160.7335,242.4665,0.007001
_09489_,VSS,Metal1,168.2430,241.3815,0.006902
_09490_,VSS,Metal1,165.8365,232.4880,0.007042
_09491_,VSS,Metal1,167.2025,221.3560,0.006928
_09492_,VSS,Metal1,172.5565,231.1915,0.007042
_09493_,VSS,Metal1,137.6600,241.4260,0.007021
_09494_,VSS,Metal1,130.6700,322.1560,0.006124
_09495_,VSS,Metal1,127.4425,322.9635,0.006133
_09496_,VSS,Metal1,170.9800,251.4735,0.006888
_09497_,VSS,Metal1,168.5735,261.5330,0.006894
_09498_,VSS,Metal1,173.3625,302.8035,0.006363
_09499_,VSS,Metal1,159.0535,291.7730,0.006492
_09500_,VSS,Metal1,189.6025,292.7235,0.006460
_09501_,VSS,Metal1,159.6135,282.7865,0.006680
_09502_,VSS,Metal1,161.0425,312.0760,0.006426
_09503_,VSS,Metal1,159.6135,292.8665,0.006492
_09504_,VSS,Metal1,148.8800,301.8505,0.006381
_09505_,VSS,Metal1,155.4425,272.5635,0.006860
_09506_,VSS,Metal1,165.8365,272.8080,0.006855
_09507_,VSS,Metal1,173.9225,272.5635,0.006852
_09508_,VSS,Metal1,159.0535,281.6930,0.006680
_09509_,VSS,Metal1,130.9400,272.6535,0.006923
_09510_,VSS,Metal1,170.0025,322.1560,0.006079
_09511_,VSS,Metal1,172.5565,311.8315,0.006419
_09512_,VSS,Metal1,158.1200,261.6200,0.006894
_09513_,VSS,Metal1,139.0600,312.8600,0.006431
_09514_,VSS,Metal1,135.6900,322.0780,0.006124
_09515_,VSS,Metal1,128.2930,312.9700,0.006431
_09516_,VSS,Metal1,133.4700,333.0435,0.005905
_09517_,VSS,Metal1,36.5800,322.9935,0.006184
_09518_,VSS,Metal1,130.9000,332.0350,0.005905
_09519_,VSS,Metal1,121.2665,323.2365,0.006204
_09520_,VSS,Metal1,290.9625,675.7635,0.003493
_09521_,VSS,Metal1,288.5075,674.9560,0.003507
_09522_,VSS,Metal1,138.5000,685.8735,0.003562
_09523_,VSS,Metal1,342.4825,655.6035,0.003145
_09524_,VSS,Metal1,283.5500,665.6835,0.003374
_09525_,VSS,Metal1,284.2425,654.7960,0.003237
_09526_,VSS,Metal1,166.0825,594.3160,0.003102
_09527_,VSS,Metal1,102.2425,553.9960,0.002396
_09528_,VSS,Metal1,113.0200,574.0660,0.002752
_09529_,VSS,Metal1,107.5730,594.2300,0.003154
_09530_,VSS,Metal1,119.8630,584.1350,0.002925
_09531_,VSS,Metal1,113.7875,584.2360,0.002925
_09532_,VSS,Metal1,129.6825,574.1560,0.002754
_09533_,VSS,Metal1,149.3600,565.0060,0.002537
_09534_,VSS,Metal1,126.9700,413.8225,0.004328
_09535_,VSS,Metal1,105.0425,433.0360,0.003708
_09536_,VSS,Metal1,107.8425,433.0360,0.003709
_09537_,VSS,Metal1,100.0900,422.8175,0.004034
_09538_,VSS,Metal1,112.9575,423.8450,0.004034
_09539_,VSS,Metal1,133.7000,484.4450,0.001719
_09540_,VSS,Metal1,121.8425,443.1160,0.003419
_09541_,VSS,Metal1,114.8765,422.7115,0.004034
_09542_,VSS,Metal1,137.9730,442.9105,0.003419
_09543_,VSS,Metal1,90.0265,513.4630,0.001480
_09544_,VSS,Metal1,112.4265,534.8565,0.001968
_09545_,VSS,Metal1,109.2530,524.6500,0.001795
_09546_,VSS,Metal1,108.4025,523.7560,0.001795
_09547_,VSS,Metal1,104.5600,523.6335,0.001812
_09548_,VSS,Metal1,82.6425,533.8360,0.001973
_09549_,VSS,Metal1,74.6600,494.3535,0.001416
_09550_,VSS,Metal1,106.7225,604.3960,0.003260
_09551_,VSS,Metal1,13.0600,644.6860,0.003470
_09552_,VSS,Metal1,153.2025,685.8435,0.003557
_09553_,VSS,Metal1,37.1400,665.7135,0.003551
_09554_,VSS,Metal1,199.2265,644.5030,0.003411
_09555_,VSS,Metal1,191.6275,664.8760,0.003449
_09556_,VSS,Metal1,187.4500,674.8175,0.003586
_09557_,VSS,Metal1,148.1625,665.6835,0.003504
_09558_,VSS,Metal1,148.5800,645.5535,0.003429
_09559_,VSS,Metal1,52.5065,674.7430,0.003726
_09560_,VSS,Metal1,54.3730,655.6900,0.003492
_09561_,VSS,Metal1,64.7225,654.7960,0.003493
_09562_,VSS,Metal1,65.9465,604.1830,0.003243
_09563_,VSS,Metal1,75.0930,645.6100,0.003466
_09564_,VSS,Metal1,88.9065,645.7365,0.003462
_09565_,VSS,Metal1,80.1875,654.7960,0.003494
_09566_,VSS,Metal1,499.2825,675.7635,0.002938
_09567_,VSS,Metal1,465.4130,675.8500,0.003074
_09568_,VSS,Metal1,543.9400,695.9535,0.003410
_09569_,VSS,Metal1,542.1875,675.7635,0.003050
_09570_,VSS,Metal1,552.5865,694.9030,0.003411
_09571_,VSS,Metal1,517.8665,746.5365,0.001494
_09572_,VSS,Metal1,517.6300,755.5960,0.001406
_09573_,VSS,Metal1,517.0800,756.4600,0.001406
_09574_,VSS,Metal1,508.3400,725.1550,0.001550
_09575_,VSS,Metal1,549.9965,686.0880,0.003052
_09576_,VSS,Metal1,520.1065,674.7430,0.002951
_09577_,VSS,Metal1,469.0425,674.9560,0.003061
_09578_,VSS,Metal1,481.7700,664.7980,0.003065
_09579_,VSS,Metal1,113.5300,282.7825,0.006721
_09580_,VSS,Metal1,136.8800,301.8600,0.006393
_09581_,VSS,Metal1,77.1300,322.0175,0.006226
_09582_,VSS,Metal1,113.0800,342.2700,0.005658
_09583_,VSS,Metal1,153.2900,343.2660,0.005636
_09584_,VSS,Metal1,163.5730,564.9700,0.002534
_09585_,VSS,Metal1,163.9465,555.0165,0.002395
_09586_,VSS,Metal1,160.6400,564.0300,0.002534
_09587_,VSS,Metal1,169.3000,554.8490,0.002393
_09588_,VSS,Metal1,504.4265,654.5830,0.002952
_09589_,VSS,Metal1,503.2900,635.6750,0.003161
_09590_,VSS,Metal1,527.3800,674.7550,0.002958
_09591_,VSS,Metal1,534.6600,674.7550,0.003033
_09592_,VSS,Metal1,283.1225,675.7635,0.003531
_09593_,VSS,Metal1,165.9400,685.0060,0.003554
_09594_,VSS,Metal1,265.4930,685.9300,0.003322
_09595_,VSS,Metal1,245.1465,664.6630,0.003426
_09596_,VSS,Metal1,248.9625,685.0360,0.003504
_09597_,VSS,Metal1,238.0530,675.8500,0.003567
_09598_,VSS,Metal1,237.9600,674.9100,0.003567
_09599_,VSS,Metal1,170.0025,644.7160,0.003427
_09600_,VSS,Metal1,177.0675,645.5235,0.003420
_09601_,VSS,Metal1,186.6600,645.5535,0.003420
_09602_,VSS,Metal1,235.0600,644.5150,0.003402
_09603_,VSS,Metal1,436.9700,474.2415,0.002063
_09604_,VSS,Metal1,176.5800,474.1935,0.002135
_09605_,VSS,Metal1,209.8500,454.1460,0.002987
_09606_,VSS,Metal1,187.9225,473.3560,0.002155
_09607_,VSS,Metal1,176.5075,473.3560,0.002135
_09608_,VSS,Metal1,160.3300,493.4380,0.001453
_09609_,VSS,Metal1,159.9975,484.3250,0.001715
_09610_,VSS,Metal1,195.6200,473.3260,0.002162
_09611_,VSS,Metal1,171.1225,443.9235,0.003359
_09612_,VSS,Metal1,151.5225,352.3960,0.005562
_09613_,VSS,Metal1,168.9575,463.1950,0.002597
_09614_,VSS,Metal1,465.6825,504.4035,0.000956
_09615_,VSS,Metal1,241.2265,484.4565,0.001691
_09616_,VSS,Metal1,429.9465,484.4565,0.001606
_09617_,VSS,Metal1,434.9800,484.4450,0.001599
_09618_,VSS,Metal1,442.0200,503.5660,0.000968
_09619_,VSS,Metal1,451.1975,504.4850,0.000960
_09620_,VSS,Metal1,446.6425,504.4035,0.000965
_09621_,VSS,Metal1,217.6025,433.0360,0.003575
_09622_,VSS,Metal1,210.9865,444.1365,0.003319
_09623_,VSS,Metal1,215.4665,444.1365,0.003317
_09624_,VSS,Metal1,140.2430,645.6580,0.003438
_09625_,VSS,Metal1,132.9000,664.8460,0.003514
_09626_,VSS,Metal1,102.2425,504.4035,0.001174
_09627_,VSS,Metal1,75.0275,434.0425,0.003701
_09628_,VSS,Metal1,85.4425,484.2435,0.001704
_09629_,VSS,Metal1,91.1465,474.3765,0.002196
_09630_,VSS,Metal1,91.1175,484.3250,0.001707
_09631_,VSS,Metal1,82.7465,493.3030,0.001417
_09632_,VSS,Metal1,95.2530,493.4300,0.001445
_09633_,VSS,Metal1,77.6025,484.2435,0.001697
_09634_,VSS,Metal1,91.4700,464.0835,0.002662
_09635_,VSS,Metal1,82.6425,463.2760,0.002655
_09636_,VSS,Metal1,100.6665,493.3030,0.001450
_09637_,VSS,Metal1,110.1600,514.6060,0.001481
_09638_,VSS,Metal1,73.1225,504.4035,0.001151
_09639_,VSS,Metal1,93.4200,504.4975,0.001167
_09640_,VSS,Metal1,97.7625,523.7560,0.001813
_09641_,VSS,Metal1,86.3475,494.3235,0.001438
_09642_,VSS,Metal1,86.7000,504.4975,0.001163
_09643_,VSS,Metal1,73.2265,585.2565,0.002916
_09644_,VSS,Metal1,63.7400,584.1425,0.002914
_09645_,VSS,Metal1,74.2425,443.9235,0.003430
_09646_,VSS,Metal1,69.5475,553.9960,0.002377
_09647_,VSS,Metal1,63.4600,565.0060,0.002537
_09648_,VSS,Metal1,100.9800,494.4460,0.001450
_09649_,VSS,Metal1,29.7330,484.3300,0.001639
_09650_,VSS,Metal1,38.8200,474.1935,0.002166
_09651_,VSS,Metal1,40.1700,473.2175,0.002166
_09652_,VSS,Metal1,50.5800,484.2735,0.001674
_09653_,VSS,Metal1,49.7065,493.3030,0.001403
_09654_,VSS,Metal1,56.3975,494.4050,0.001409
_09655_,VSS,Metal1,60.8025,513.6760,0.001451
_09656_,VSS,Metal1,61.7800,504.5260,0.001151
_09657_,VSS,Metal1,134.7225,543.9160,0.002325
_09658_,VSS,Metal1,388.4025,655.6035,0.003011
_09659_,VSS,Metal1,384.4825,655.6035,0.003011
_09660_,VSS,Metal1,87.6825,483.4360,0.001705
_09661_,VSS,Metal1,92.8100,494.4625,0.001445
_09662_,VSS,Metal1,93.7265,533.7480,0.001972
_09663_,VSS,Metal1,73.6825,524.5635,0.001812
_09664_,VSS,Metal1,68.6425,514.4835,0.001463
_09665_,VSS,Metal1,61.7900,553.9960,0.002362
_09666_,VSS,Metal1,22.8100,544.8625,0.002100
_09667_,VSS,Metal1,33.7075,543.9160,0.002107
_09668_,VSS,Metal1,36.8100,544.8625,0.002108
_09669_,VSS,Metal1,57.8700,534.6435,0.001973
_09670_,VSS,Metal1,61.5000,514.5735,0.001451
_09671_,VSS,Metal1,351.7875,665.6835,0.003325
_09672_,VSS,Metal1,368.6600,665.8060,0.003316
_09673_,VSS,Metal1,362.0825,654.7960,0.003105
_09674_,VSS,Metal1,78.5000,503.5485,0.001154
_09675_,VSS,Metal1,81.0400,494.4460,0.001417
_09676_,VSS,Metal1,74.3400,533.6350,0.001973
_09677_,VSS,Metal1,78.0200,534.6735,0.001973
_09678_,VSS,Metal1,70.1075,584.2360,0.002915
_09679_,VSS,Metal1,72.4830,543.7815,0.002179
_09680_,VSS,Metal1,74.8775,553.9150,0.002384
_09681_,VSS,Metal1,147.7400,232.3335,0.007042
_09682_,VSS,Metal1,150.9625,242.3235,0.007002
_09683_,VSS,Metal1,137.9065,291.7205,0.006531
_09684_,VSS,Metal1,138.7800,271.6660,0.006892
_09685_,VSS,Metal1,134.3000,281.7460,0.006705
_09686_,VSS,Metal1,141.5300,281.6975,0.006697
_09687_,VSS,Metal1,150.9625,282.6435,0.006686
_09688_,VSS,Metal1,177.3600,463.1535,0.002596
_09689_,VSS,Metal1,161.0425,463.2760,0.002612
_09690_,VSS,Metal1,177.2825,443.9235,0.003327
_09691_,VSS,Metal1,193.2530,464.1700,0.002598
_09692_,VSS,Metal1,197.8600,453.1660,0.002985
_09693_,VSS,Metal1,194.1865,463.0630,0.002598
_09694_,VSS,Metal1,185.6825,454.0035,0.002983
_09695_,VSS,Metal1,166.4275,433.0360,0.003635
_09696_,VSS,Metal1,166.0825,422.9560,0.003982
_09697_,VSS,Metal1,107.2825,504.4035,0.001175
_09698_,VSS,Metal1,107.5335,503.4530,0.001175
_09699_,VSS,Metal1,115.1225,513.6760,0.001484
_09700_,VSS,Metal1,119.1130,504.6830,0.001175
_09701_,VSS,Metal1,116.2425,494.3235,0.001453
_09702_,VSS,Metal1,113.7875,464.0835,0.002665
_09703_,VSS,Metal1,110.2930,494.5665,0.001453
_09704_,VSS,Metal1,113.3000,454.1260,0.003013
_09705_,VSS,Metal1,82.5100,443.1160,0.003430
_09706_,VSS,Metal1,93.2825,443.1160,0.003430
_09707_,VSS,Metal1,88.3465,463.0630,0.002662
_09708_,VSS,Metal1,95.8675,464.0835,0.002662
_09709_,VSS,Metal1,101.5300,464.1615,0.002662
_09710_,VSS,Metal1,151.0365,504.5380,0.001148
_09711_,VSS,Metal1,158.1200,503.5400,0.001145
_09712_,VSS,Metal1,186.8025,554.8035,0.002386
_09713_,VSS,Metal1,187.7075,534.6435,0.001899
_09714_,VSS,Metal1,194.1865,514.6965,0.001494
_09715_,VSS,Metal1,179.8130,514.5700,0.001486
_09716_,VSS,Metal1,171.1225,523.7560,0.001773
_09717_,VSS,Metal1,166.7465,523.5430,0.001774
_09718_,VSS,Metal1,174.0265,543.7030,0.002355
_09719_,VSS,Metal1,168.7300,543.8380,0.002354
_09720_,VSS,Metal1,167.2025,534.6435,0.001939
_09721_,VSS,Metal1,133.1400,503.3950,0.001170
_09722_,VSS,Metal1,130.6600,504.4335,0.001171
_09723_,VSS,Metal1,95.8675,474.1635,0.002195
_09724_,VSS,Metal1,134.0100,564.9615,0.002539
_09725_,VSS,Metal1,86.0025,464.0835,0.002661
_09726_,VSS,Metal1,152.5000,575.0860,0.002756
_09727_,VSS,Metal1,97.2900,352.1650,0.005572
_09728_,VSS,Metal1,86.5625,312.8835,0.006441
_09729_,VSS,Metal1,108.8830,353.3380,0.005571
_09730_,VSS,Metal1,103.2200,362.4460,0.005295
_09731_,VSS,Metal1,168.1075,514.4835,0.001486
_09732_,VSS,Metal1,157.2265,533.6230,0.001950
_09733_,VSS,Metal1,154.4600,514.5735,0.001489
_09734_,VSS,Metal1,90.4825,422.9560,0.004034
_09735_,VSS,Metal1,81.6200,464.2850,0.002655
_09736_,VSS,Metal1,80.9625,473.3560,0.002200
_09737_,VSS,Metal1,81.9300,454.0815,0.003009
_09738_,VSS,Metal1,82.6425,422.9560,0.004027
_09739_,VSS,Metal1,153.2025,564.8835,0.002536
_09740_,VSS,Metal1,155.3000,534.7660,0.001950
_09741_,VSS,Metal1,91.9475,483.4360,0.001707
_09742_,VSS,Metal1,124.5000,454.0490,0.003011
_09743_,VSS,Metal1,147.1465,434.0565,0.003677
_09744_,VSS,Metal1,146.4825,443.9235,0.003406
_09745_,VSS,Metal1,128.4200,463.2460,0.002665
_09746_,VSS,Metal1,154.9865,454.2165,0.003003
_09747_,VSS,Metal1,136.8100,464.1615,0.002653
_09748_,VSS,Metal1,134.0200,463.1535,0.002654
_09749_,VSS,Metal1,100.1000,432.8350,0.003705
_09750_,VSS,Metal1,94.2600,433.0060,0.003704
_09751_,VSS,Metal1,137.8675,473.3560,0.002169
_09752_,VSS,Metal1,147.1465,474.3765,0.002161
_09753_,VSS,Metal1,139.6200,474.2860,0.002169
_09754_,VSS,Metal1,129.1225,473.3560,0.002182
_09755_,VSS,Metal1,141.3000,524.6860,0.001785
_09756_,VSS,Metal1,120.5800,493.3935,0.001456
_09757_,VSS,Metal1,107.9465,343.3365,0.005662
_09758_,VSS,Metal1,115.5400,353.3260,0.005571
_09759_,VSS,Metal1,131.3625,483.4360,0.001719
_09760_,VSS,Metal1,149.9965,524.6200,0.001782
_09761_,VSS,Metal1,115.7575,483.3550,0.001724
_09762_,VSS,Metal1,517.7625,685.8435,0.003028
_09763_,VSS,Metal1,512.2665,674.7430,0.002946
_09764_,VSS,Metal1,516.6425,675.7635,0.002950
_09765_,VSS,Metal1,515.6600,665.7775,0.003090
_09766_,VSS,Metal1,522.3465,665.8965,0.003099
_09767_,VSS,Metal1,511.9475,675.7635,0.002946
_09768_,VSS,Metal1,527.0675,665.6835,0.003099
_09769_,VSS,Metal1,499.2825,655.6035,0.002940
_09770_,VSS,Metal1,501.2530,664.6215,0.003083
_09771_,VSS,Metal1,509.7800,655.6335,0.002953
_09772_,VSS,Metal1,493.1225,674.9560,0.002930
_09773_,VSS,Metal1,512.2600,684.8350,0.003024
_09774_,VSS,Metal1,514.4025,695.9235,0.003374
_09775_,VSS,Metal1,504.1800,716.2060,0.001649
_09776_,VSS,Metal1,774.3465,1077.9430,0.002224
_09777_,VSS,Metal1,776.8200,1088.1885,0.002493
_09778_,VSS,Metal1,845.3625,1078.9635,0.002017
_09779_,VSS,Metal1,774.0275,1089.0435,0.002517
_09780_,VSS,Metal1,890.6000,1088.1800,0.002158
_09781_,VSS,Metal1,840.9800,1079.1650,0.002043
_09782_,VSS,Metal1,895.6100,1089.1215,0.002147
_09783_,VSS,Metal1,865.6265,1079.1765,0.001953
_09784_,VSS,Metal1,708.1050,1088.0385,0.002544
_09785_,VSS,Metal1,869.4425,1089.0435,0.002236
_09786_,VSS,Metal1,853.1450,1088.0385,0.002358
_09787_,VSS,Metal1,827.5465,1088.0230,0.002430
_09788_,VSS,Metal1,817.9225,1098.3160,0.001960
_09789_,VSS,Metal1,821.1400,1078.0335,0.002048
_09790_,VSS,Metal1,803.9225,1078.1560,0.002192
_09791_,VSS,Metal1,775.2400,1079.0900,0.002224
_09792_,VSS,Metal1,807.9200,1079.0860,0.002187
_09793_,VSS,Metal1,801.3280,1088.1330,0.002432
_09794_,VSS,Metal1,763.9475,1078.9635,0.002277
_09795_,VSS,Metal1,505.7800,1088.1885,0.002384
_09796_,VSS,Metal1,552.5865,1089.2565,0.002425
_09797_,VSS,Metal1,517.7625,1068.8835,0.001177
_09798_,VSS,Metal1,524.4250,1088.0385,0.002403
_09799_,VSS,Metal1,843.2100,1089.2750,0.002383
_09800_,VSS,Metal1,596.1625,1089.0435,0.002476
_09801_,VSS,Metal1,592.3465,1088.0230,0.002478
_09802_,VSS,Metal1,768.6425,1078.9635,0.002264
_09803_,VSS,Metal1,662.8025,1078.9635,0.002208
_09804_,VSS,Metal1,633.7600,1089.1660,0.002414
_09805_,VSS,Metal1,601.6200,1078.0335,0.002104
_09806_,VSS,Metal1,538.4825,1078.9635,0.001948
_09807_,VSS,Metal1,514.4025,1098.3160,0.002086
_09808_,VSS,Metal1,511.6025,1068.0760,0.001177
_09809_,VSS,Metal1,912.4300,1078.9635,0.001719
_09810_,VSS,Metal1,896.1000,1079.0110,0.001808
_09811_,VSS,Metal1,545.3000,1079.1650,0.001977
_09812_,VSS,Metal1,515.6000,1078.0335,0.001917
_09813_,VSS,Metal1,516.6425,1027.7560,0.000830
_09814_,VSS,Metal1,511.3875,695.1160,0.003366
_09815_,VSS,Metal1,510.9000,726.1935,0.001550
_09816_,VSS,Metal1,515.8675,716.0835,0.001649
_09817_,VSS,Metal1,707.9475,1078.1560,0.002294
_09818_,VSS,Metal1,506.9800,1047.8860,0.000988
_09819_,VSS,Metal1,515.8675,1028.5635,0.000830
_09820_,VSS,Metal1,509.2300,685.8435,0.003023
_09821_,VSS,Metal1,506.3475,695.1160,0.003346
_09822_,VSS,Metal1,502.0825,695.1160,0.003332
_09823_,VSS,Metal1,510.9000,696.0460,0.003366
_09824_,VSS,Metal1,513.9465,686.0565,0.003025
_09825_,VSS,Metal1,509.4500,716.2225,0.001649
_09826_,VSS,Metal1,506.8230,705.0950,0.002180
_09827_,VSS,Metal1,503.2025,706.0035,0.002197
_09828_,VSS,Metal1,516.1865,706.2165,0.002189
_09829_,VSS,Metal1,499.2825,705.1960,0.002228
_09830_,VSS,Metal1,514.2600,705.0735,0.002189
_09831_,VSS,Metal1,509.2200,706.1260,0.002179
_09832_,VSS,Metal1,504.9700,655.7425,0.002952
_09833_,VSS,Metal1,504.9865,674.6830,0.002942
_09834_,VSS,Metal1,506.6500,675.9025,0.002943
_09835_,VSS,Metal1,505.7030,684.9350,0.003022
_09836_,VSS,Metal1,489.2025,674.9560,0.002922
_09837_,VSS,Metal1,492.7000,675.8535,0.002930
_09838_,VSS,Metal1,155.5465,674.7430,0.003655
_09839_,VSS,Metal1,161.1465,644.5030,0.003427
_09840_,VSS,Metal1,159.2400,654.6700,0.003419
_09841_,VSS,Metal1,168.1800,655.6335,0.003412
_09842_,VSS,Metal1,180.5100,595.1235,0.003095
_09843_,VSS,Metal1,170.5625,595.1235,0.003095
_09844_,VSS,Metal1,262.5065,594.1030,0.003104
_09845_,VSS,Metal1,252.8825,594.3160,0.003105
_09846_,VSS,Metal1,265.6300,595.1235,0.003104
_09847_,VSS,Metal1,264.0825,585.0435,0.002935
_09848_,VSS,Metal1,287.3565,645.7680,0.003391
_09849_,VSS,Metal1,271.7800,594.1935,0.003103
_09850_,VSS,Metal1,159.3625,674.9560,0.003643
_09851_,VSS,Metal1,149.7000,685.9660,0.003557
_09852_,VSS,Metal1,168.1800,654.6735,0.003412
_09853_,VSS,Metal1,152.0825,665.6835,0.003504
_09854_,VSS,Metal1,316.8100,654.5650,0.003219
_09855_,VSS,Metal1,331.3800,664.6750,0.003325
_09856_,VSS,Metal1,323.8600,654.7660,0.003194
_09857_,VSS,Metal1,289.7630,654.6615,0.003237
_09858_,VSS,Metal1,298.6600,655.6335,0.003234
_09859_,VSS,Metal1,293.2025,674.9560,0.003482
_09860_,VSS,Metal1,277.8675,664.8760,0.003386
_09861_,VSS,Metal1,284.2425,674.9560,0.003531
_09862_,VSS,Metal1,289.6275,644.7160,0.003391
_09863_,VSS,Metal1,344.8000,645.6460,0.003252
_09864_,VSS,Metal1,390.7465,1077.9430,0.002625
_09865_,VSS,Metal1,403.0500,1088.0975,0.002749
_09866_,VSS,Metal1,427.3330,1089.1300,0.002655
_09867_,VSS,Metal1,415.8425,1088.2360,0.002681
_09868_,VSS,Metal1,352.6665,1098.1030,0.002669
_09869_,VSS,Metal1,347.3800,1078.1260,0.002752
_09870_,VSS,Metal1,510.3300,987.3580,0.000481
_09871_,VSS,Metal1,513.3865,977.1430,0.000364
_09872_,VSS,Metal1,509.4500,1007.4535,0.000667
_09873_,VSS,Metal1,359.7800,1078.0660,0.002752
_09874_,VSS,Metal1,367.2265,686.0565,0.003195
_09875_,VSS,Metal1,372.8265,665.8965,0.003316
_09876_,VSS,Metal1,370.7730,684.9500,0.003191
_09877_,VSS,Metal1,376.7465,675.9765,0.003281
_09878_,VSS,Metal1,376.4900,684.9580,0.003174
_09879_,VSS,Metal1,395.4130,674.8700,0.003214
_09880_,VSS,Metal1,333.5850,654.5565,0.003193
_09881_,VSS,Metal1,393.1730,664.7900,0.003311
_09882_,VSS,Metal1,403.0500,674.7250,0.003198
_09883_,VSS,Metal1,326.3465,664.6630,0.003336
_09884_,VSS,Metal1,334.8000,665.7300,0.003324
_09885_,VSS,Metal1,346.2600,695.9535,0.003483
_09886_,VSS,Metal1,357.1465,674.7430,0.003292
_09887_,VSS,Metal1,39.6800,363.3300,0.005319
_09888_,VSS,Metal1,36.6000,372.4300,0.005264
_09889_,VSS,Metal1,136.4650,323.2030,0.006124
_09890_,VSS,Metal1,576.1065,493.3030,0.001112
_09891_,VSS,Metal1,505.8500,493.4380,0.001099
_09892_,VSS,Metal1,522.3465,523.5430,0.001634
_09893_,VSS,Metal1,500.9625,494.3235,0.001097
_09894_,VSS,Metal1,490.3225,503.5960,0.000930
_09895_,VSS,Metal1,531.8665,484.4565,0.001494
_09896_,VSS,Metal1,569.7100,483.4360,0.001491
_09897_,VSS,Metal1,513.8425,493.5160,0.001111
_09898_,VSS,Metal1,526.5800,514.4600,0.001351
_09899_,VSS,Metal1,501.6265,523.5430,0.001620
_09900_,VSS,Metal1,505.4425,484.2435,0.001496
_09901_,VSS,Metal1,509.4665,483.2230,0.001495
_09902_,VSS,Metal1,500.8200,524.5400,0.001620
_09903_,VSS,Metal1,501.5225,484.2435,0.001497
_09904_,VSS,Metal1,500.4025,483.4360,0.001497
_09905_,VSS,Metal1,527.3865,483.2230,0.001495
_09906_,VSS,Metal1,518.9700,474.3950,0.002000
_09907_,VSS,Metal1,513.9465,483.2230,0.001495
_09908_,VSS,Metal1,511.1965,473.3000,0.001985
_09909_,VSS,Metal1,474.6425,513.6760,0.001359
_09910_,VSS,Metal1,522.9065,483.2230,0.001495
_09911_,VSS,Metal1,526.2665,484.4565,0.001495
_09912_,VSS,Metal1,519.5465,494.5365,0.001111
_09913_,VSS,Metal1,508.9565,514.5400,0.001355
_09914_,VSS,Metal1,518.9800,504.6050,0.000932
_09915_,VSS,Metal1,525.1300,474.3950,0.002001
_09916_,VSS,Metal1,466.3400,474.3650,0.002038
_09917_,VSS,Metal1,530.7400,504.6050,0.000933
_09918_,VSS,Metal1,544.7300,484.4750,0.001493
_09919_,VSS,Metal1,188.5865,464.2965,0.002598
_09920_,VSS,Metal1,462.3225,473.3560,0.002044
_09921_,VSS,Metal1,560.8825,664.8760,0.002995
_09922_,VSS,Metal1,552.9000,463.1535,0.002387
_09923_,VSS,Metal1,496.4825,483.4360,0.001498
_09924_,VSS,Metal1,540.2500,473.1250,0.002008
_09925_,VSS,Metal1,532.9700,483.2050,0.001494
_09926_,VSS,Metal1,532.9700,464.3150,0.002393
_09927_,VSS,Metal1,545.8500,473.1250,0.002008
_09928_,VSS,Metal1,549.8365,393.5800,0.004069
_09929_,VSS,Metal1,547.8600,443.0860,0.003020
_09930_,VSS,Metal1,541.7200,463.1500,0.002392
_09931_,VSS,Metal1,527.9800,503.5025,0.000933
_09932_,VSS,Metal1,511.1965,594.2600,0.002941
_09933_,VSS,Metal1,521.2765,595.1800,0.002942
_09934_,VSS,Metal1,520.1000,594.1150,0.002942
_09935_,VSS,Metal1,511.7565,474.2200,0.001985
_09936_,VSS,Metal1,532.4765,493.4600,0.001112
_09937_,VSS,Metal1,523.4600,494.5250,0.001111
_09938_,VSS,Metal1,520.6500,513.5375,0.001354
_09939_,VSS,Metal1,521.9930,533.8765,0.001856
_09940_,VSS,Metal1,42.6675,1088.2360,0.003669
_09941_,VSS,Metal1,26.6425,957.1960,0.003830
_09942_,VSS,Metal1,29.5175,1008.4850,0.003887
_09943_,VSS,Metal1,31.7700,988.4190,0.003866
_09944_,VSS,Metal1,31.3200,705.1500,0.003585
_09945_,VSS,Metal1,29.5175,736.3250,0.003767
_09946_,VSS,Metal1,39.0500,1089.1825,0.003671
_09947_,VSS,Metal1,35.6900,1007.4575,0.003887
_09948_,VSS,Metal1,32.4000,957.1500,0.003830
_09949_,VSS,Metal1,36.8100,936.8050,0.004067
_09950_,VSS,Metal1,39.3800,696.0460,0.003698
_09951_,VSS,Metal1,68.7465,665.8965,0.003551
_09952_,VSS,Metal1,37.1300,927.8415,0.003942
_09953_,VSS,Metal1,67.3075,1078.1560,0.003788
_09954_,VSS,Metal1,37.2825,968.0835,0.003812
_09955_,VSS,Metal1,35.6775,1038.7250,0.003884
_09956_,VSS,Metal1,32.9400,977.2660,0.003876
_09957_,VSS,Metal1,31.8800,816.9300,0.003785
_09958_,VSS,Metal1,32.8775,815.9950,0.003785
_09959_,VSS,Metal1,68.1700,1098.1775,0.003594
_09960_,VSS,Metal1,34.0100,1037.6975,0.003884
_09961_,VSS,Metal1,34.6400,1018.5300,0.003889
_09962_,VSS,Metal1,37.9465,917.8965,0.003954
_09963_,VSS,Metal1,33.7800,806.9260,0.003739
_09964_,VSS,Metal1,38.7475,695.1160,0.003698
_09965_,VSS,Metal1,115.2765,625.4200,0.003497
_09966_,VSS,Metal1,117.2400,664.7500,0.003514
_09967_,VSS,Metal1,139.4100,675.9000,0.003672
_09968_,VSS,Metal1,456.5800,1088.2060,0.002598
_09969_,VSS,Metal1,36.0200,706.1260,0.003576
_09970_,VSS,Metal1,38.2600,817.0060,0.003785
_09971_,VSS,Metal1,41.5475,705.1960,0.003571
_09972_,VSS,Metal1,59.2765,614.4200,0.003472
_09973_,VSS,Metal1,68.0825,595.1235,0.003153
_09974_,VSS,Metal1,70.9600,615.4060,0.003473
_09975_,VSS,Metal1,70.4000,664.7535,0.003551
_09976_,VSS,Metal1,514.5065,494.5365,0.001111
_09977_,VSS,Metal1,571.1000,514.5735,0.001328
_09978_,VSS,Metal1,507.2265,494.5965,0.001099
_09979_,VSS,Metal1,498.5075,503.5960,0.000931
_09980_,VSS,Metal1,517.9165,514.5400,0.001354
_09981_,VSS,Metal1,513.3800,513.4750,0.001354
_09982_,VSS,Metal1,592.1630,514.6180,0.001308
_09983_,VSS,Metal1,542.8830,514.6180,0.001342
_09984_,VSS,Metal1,597.2825,513.6760,0.001305
_09985_,VSS,Metal1,598.2800,514.6100,0.001305
_09986_,VSS,Metal1,584.4025,675.7635,0.002971
_09987_,VSS,Metal1,579.7800,454.1260,0.002686
_09988_,VSS,Metal1,559.7625,423.7635,0.003637
_09989_,VSS,Metal1,584.1875,514.4835,0.001323
_09990_,VSS,Metal1,568.6430,383.5780,0.004354
_09991_,VSS,Metal1,570.1875,433.8435,0.003227
_09992_,VSS,Metal1,583.6275,454.0035,0.002683
_09993_,VSS,Metal1,581.6025,453.1960,0.002685
_09994_,VSS,Metal1,576.9075,453.1960,0.002686
_09995_,VSS,Metal1,570.1030,454.1050,0.002692
_09996_,VSS,Metal1,568.5800,523.6335,0.001652
_09997_,VSS,Metal1,506.1065,523.5430,0.001622
_09998_,VSS,Metal1,509.2200,533.8600,0.001856
_09999_,VSS,Metal1,512.6430,554.9380,0.002378
_10000_,VSS,Metal1,509.2830,563.9415,0.002641
_10001_,VSS,Metal1,513.2825,544.7235,0.002223
_10002_,VSS,Metal1,566.4825,675.7635,0.003059
_10003_,VSS,Metal1,520.4830,553.8615,0.002388
_10004_,VSS,Metal1,510.0600,524.6535,0.001624
_10005_,VSS,Metal1,516.3730,524.6500,0.001629
_10006_,VSS,Metal1,509.2830,634.5015,0.003176
_10007_,VSS,Metal1,575.3630,563.9415,0.002679
_10008_,VSS,Metal1,622.9630,563.9415,0.002629
_10009_,VSS,Metal1,579.9225,564.0760,0.002679
_10010_,VSS,Metal1,540.0830,563.9415,0.002683
_10011_,VSS,Metal1,568.0400,563.9500,0.002682
_10012_,VSS,Metal1,561.4425,553.9960,0.002421
_10013_,VSS,Metal1,278.1700,483.2050,0.001672
_10014_,VSS,Metal1,303.2825,484.2435,0.001669
_10015_,VSS,Metal1,311.6825,474.1635,0.002094
_10016_,VSS,Metal1,523.4400,473.2335,0.002001
_10017_,VSS,Metal1,557.3800,484.3660,0.001492
_10018_,VSS,Metal1,303.9465,474.3765,0.002106
_10019_,VSS,Metal1,259.0425,464.0835,0.002582
_10020_,VSS,Metal1,573.7625,674.9560,0.003056
_10021_,VSS,Metal1,563.5400,453.0735,0.002695
_10022_,VSS,Metal1,572.6425,433.0360,0.003227
_10023_,VSS,Metal1,568.0830,463.1415,0.002377
_10024_,VSS,Metal1,556.3230,504.5380,0.000932
_10025_,VSS,Metal1,560.8825,514.4835,0.001332
_10026_,VSS,Metal1,568.6430,504.5380,0.000931
_10027_,VSS,Metal1,562.4400,503.4700,0.000931
_10028_,VSS,Metal1,569.3800,503.3950,0.000931
_10029_,VSS,Metal1,568.0830,533.7015,0.001866
_10030_,VSS,Metal1,563.1225,534.6435,0.001864
_10031_,VSS,Metal1,32.6600,796.8460,0.003766
_10032_,VSS,Metal1,34.9000,715.1535,0.003713
_10033_,VSS,Metal1,29.2275,706.0035,0.003585
_10034_,VSS,Metal1,70.4265,645.7365,0.003466
_10035_,VSS,Metal1,70.4600,594.2225,0.003154
_10036_,VSS,Metal1,32.9565,625.4200,0.003466
_10037_,VSS,Metal1,62.2675,625.3635,0.003477
_10038_,VSS,Metal1,70.9600,655.7260,0.003493
_10039_,VSS,Metal1,551.2830,392.5815,0.004069
_10040_,VSS,Metal1,568.6430,453.0615,0.002692
_10041_,VSS,Metal1,563.7575,432.9550,0.003227
_10042_,VSS,Metal1,559.4630,493.4150,0.001112
_10043_,VSS,Metal1,562.4830,543.7815,0.002222
_10044_,VSS,Metal1,565.2830,664.7415,0.002995
_10045_,VSS,Metal1,37.7000,705.0735,0.003575
_10046_,VSS,Metal1,33.7800,805.8735,0.003739
_10047_,VSS,Metal1,43.2275,695.9235,0.003698
_10048_,VSS,Metal1,63.1465,575.1765,0.002714
_10049_,VSS,Metal1,51.2825,584.2360,0.002914
_10050_,VSS,Metal1,37.9965,614.4200,0.003466
_10051_,VSS,Metal1,66.1875,614.4760,0.003472
_10052_,VSS,Metal1,62.0000,655.7260,0.003493
_10053_,VSS,Metal1,539.1465,513.4630,0.001343
_10054_,VSS,Metal1,539.3330,504.4900,0.000932
_10055_,VSS,Metal1,553.0425,513.6760,0.001336
_10056_,VSS,Metal1,580.0265,514.6965,0.001327
_10057_,VSS,Metal1,549.9730,504.4900,0.000932
_10058_,VSS,Metal1,563.2765,513.6200,0.001331
_10059_,VSS,Metal1,561.5175,504.4850,0.000931
_10060_,VSS,Metal1,588.6675,454.0035,0.002676
_10061_,VSS,Metal1,532.8030,473.2215,0.002003
_10062_,VSS,Metal1,543.3800,464.1135,0.002392
_10063_,VSS,Metal1,554.6000,464.2100,0.002387
_10064_,VSS,Metal1,298.6865,473.2680,0.002111
_10065_,VSS,Metal1,522.5875,464.0835,0.002395
_10066_,VSS,Metal1,550.3965,402.7400,0.004044
_10067_,VSS,Metal1,558.7175,454.0850,0.002703
_10068_,VSS,Metal1,542.8830,544.8580,0.002223
_10069_,VSS,Metal1,575.3200,543.7900,0.002204
_10070_,VSS,Metal1,562.6665,533.6230,0.001864
_10071_,VSS,Metal1,567.3875,543.9160,0.002218
_10072_,VSS,Metal1,568.6000,534.7700,0.001866
_10073_,VSS,Metal1,591.6030,523.6215,0.001660
_10074_,VSS,Metal1,577.6825,524.5635,0.001655
_10075_,VSS,Metal1,581.0425,523.7560,0.001657
_10076_,VSS,Metal1,587.6830,463.1415,0.002345
_10077_,VSS,Metal1,580.4030,464.2180,0.002362
_10078_,VSS,Metal1,582.7225,473.3560,0.001997
_10079_,VSS,Metal1,574.5830,523.6550,0.001654
_10080_,VSS,Metal1,569.4200,524.6535,0.001652
_10081_,VSS,Metal1,561.1430,523.6550,0.001650
_10082_,VSS,Metal1,382.3400,664.6750,0.003312
_10083_,VSS,Metal1,33.2200,725.2335,0.003742
_10084_,VSS,Metal1,38.2600,806.9260,0.003739
_10085_,VSS,Metal1,37.0675,725.3560,0.003742
_10086_,VSS,Metal1,82.7965,625.4200,0.003487
_10087_,VSS,Metal1,90.4030,664.7415,0.003532
_10088_,VSS,Metal1,94.9625,664.8760,0.003532
_10089_,VSS,Metal1,565.9225,422.9560,0.003625
_10090_,VSS,Metal1,573.3565,402.7400,0.004053
_10091_,VSS,Metal1,570.1875,422.9560,0.003591
_10092_,VSS,Metal1,614.0030,503.4615,0.000930
_10093_,VSS,Metal1,598.8830,483.3015,0.001489
_10094_,VSS,Metal1,603.4425,494.3235,0.001106
_10095_,VSS,Metal1,602.2430,474.2980,0.001961
_10096_,VSS,Metal1,601.0800,493.3900,0.001106
_10097_,VSS,Metal1,602.3225,484.2435,0.001489
_10098_,VSS,Metal1,600.7965,553.9400,0.002395
_10099_,VSS,Metal1,600.7965,544.7800,0.002176
_10100_,VSS,Metal1,608.9630,544.8580,0.002169
_10101_,VSS,Metal1,606.6600,543.8860,0.002169
_10102_,VSS,Metal1,608.9200,553.8700,0.002393
_10103_,VSS,Metal1,601.5475,543.9160,0.002176
_10104_,VSS,Metal1,585.4430,524.6980,0.001659
_10105_,VSS,Metal1,582.7225,533.8360,0.001879
_10106_,VSS,Metal1,575.3000,533.7135,0.001877
_10107_,VSS,Metal1,569.7200,493.3900,0.001112
_10108_,VSS,Metal1,555.4900,655.7400,0.003006
_10109_,VSS,Metal1,33.7800,735.3135,0.003767
_10110_,VSS,Metal1,24.2600,806.9260,0.003739
_10111_,VSS,Metal1,35.9475,755.5960,0.003834
_10112_,VSS,Metal1,112.4765,645.5800,0.003442
_10113_,VSS,Metal1,115.0430,655.7380,0.003494
_10114_,VSS,Metal1,119.6025,655.6035,0.003493
_10115_,VSS,Metal1,561.9230,463.1415,0.002379
_10116_,VSS,Metal1,558.0030,494.4580,0.001112
_10117_,VSS,Metal1,552.4030,473.2215,0.002009
_10118_,VSS,Metal1,557.3075,474.1635,0.002013
_10119_,VSS,Metal1,559.6400,483.3100,0.001492
_10120_,VSS,Metal1,563.2265,494.5365,0.001112
_10121_,VSS,Metal1,584.5565,634.5800,0.003229
_10122_,VSS,Metal1,569.9965,625.4200,0.003147
_10123_,VSS,Metal1,583.2030,615.4180,0.002984
_10124_,VSS,Metal1,590.9800,634.6060,0.003229
_10125_,VSS,Metal1,598.8400,634.5100,0.003173
_10126_,VSS,Metal1,579.7075,645.5235,0.002982
_10127_,VSS,Metal1,572.0825,654.7960,0.003004
_10128_,VSS,Metal1,570.4025,403.6035,0.004052
_10129_,VSS,Metal1,566.0765,412.8200,0.003816
_10130_,VSS,Metal1,571.3075,413.6835,0.003814
_10131_,VSS,Metal1,566.7430,484.3450,0.001491
_10132_,VSS,Metal1,561.0900,654.6600,0.003004
_10133_,VSS,Metal1,584.3230,604.2615,0.003048
_10134_,VSS,Metal1,629.1230,594.1815,0.002903
_10135_,VSS,Metal1,588.8030,595.2580,0.002922
_10136_,VSS,Metal1,594.9630,595.2580,0.002919
_10137_,VSS,Metal1,592.2425,605.2035,0.003046
_10138_,VSS,Metal1,590.4400,604.2700,0.003048
_10139_,VSS,Metal1,599.8675,595.1235,0.002916
_10140_,VSS,Metal1,587.2025,645.5235,0.002979
_10141_,VSS,Metal1,561.5465,484.4565,0.001492
_10142_,VSS,Metal1,596.0830,474.2980,0.001966
_10143_,VSS,Metal1,603.3000,483.4060,0.001489
_10144_,VSS,Metal1,592.6800,484.3700,0.001490
_10145_,VSS,Metal1,619.0430,483.3015,0.001483
_10146_,VSS,Metal1,607.2830,503.4615,0.000930
_10147_,VSS,Metal1,584.7475,493.5160,0.001112
_10148_,VSS,Metal1,567.0425,413.6835,0.003816
_10149_,VSS,Metal1,569.9965,393.5800,0.004078
_10150_,VSS,Metal1,567.6775,464.1650,0.002377
_10151_,VSS,Metal1,570.4775,423.8450,0.003591
_10152_,VSS,Metal1,568.4230,494.4250,0.001112
_10153_,VSS,Metal1,37.1400,736.3660,0.003767
_10154_,VSS,Metal1,18.6600,806.9260,0.003739
_10155_,VSS,Metal1,36.5075,745.5160,0.003793
_10156_,VSS,Metal1,32.3965,655.6600,0.003487
_10157_,VSS,Metal1,60.1630,654.6615,0.003493
_10158_,VSS,Metal1,54.6425,654.7960,0.003492
_10159_,VSS,Metal1,563.8900,645.6600,0.002982
_10160_,VSS,Metal1,586.5630,484.3780,0.001490
_10161_,VSS,Metal1,590.4830,483.3015,0.001490
_10162_,VSS,Metal1,598.4025,484.2435,0.001489
_10163_,VSS,Metal1,580.4825,493.5160,0.001112
_10164_,VSS,Metal1,592.3200,493.3935,0.001110
_10165_,VSS,Metal1,576.4830,422.8215,0.003584
_10166_,VSS,Metal1,583.7630,422.8215,0.003577
_10167_,VSS,Metal1,582.7225,423.7635,0.003577
_10168_,VSS,Metal1,608.9630,625.4980,0.002965
_10169_,VSS,Metal1,617.3630,624.4215,0.002959
_10170_,VSS,Metal1,607.9225,634.6360,0.003173
_10171_,VSS,Metal1,605.6030,615.4180,0.002967
_10172_,VSS,Metal1,601.7625,605.2035,0.003037
_10173_,VSS,Metal1,592.5875,615.2835,0.002977
_10174_,VSS,Metal1,590.8230,624.4550,0.003131
_10175_,VSS,Metal1,592.9000,494.5250,0.001110
_10176_,VSS,Metal1,583.4880,494.4270,0.001112
_10177_,VSS,Metal1,99.0365,624.5000,0.003492
_10178_,VSS,Metal1,102.2425,635.4435,0.003425
_10179_,VSS,Metal1,38.2600,946.9935,0.003852
_10180_,VSS,Metal1,89.2400,684.9100,0.003614
_10181_,VSS,Metal1,102.2425,645.5235,0.003451
_10182_,VSS,Metal1,371.4600,654.6735,0.003095
_10183_,VSS,Metal1,984.3465,231.2230,0.006866
_10184_,VSS,Metal1,1003.9465,242.5365,0.006860
_10185_,VSS,Metal1,1017.3865,241.3030,0.006876
_10186_,VSS,Metal1,1003.0130,232.3300,0.006886
_10187_,VSS,Metal1,1009.5465,242.5365,0.006867
_10188_,VSS,Metal1,1013.3625,242.3235,0.006869
_10189_,VSS,Metal1,1011.0065,241.4280,0.006867
_10190_,VSS,Metal1,490.4200,665.8850,0.003058
_10191_,VSS,Metal1,497.1300,916.6450,0.000451
_10192_,VSS,Metal1,497.4600,957.1660,0.000154
_10193_,VSS,Metal1,239.5465,654.5830,0.003304
_10194_,VSS,Metal1,226.5625,654.7960,0.003321
_10195_,VSS,Metal1,497.7400,987.3425,0.000481
_10196_,VSS,Metal1,515.8675,988.2435,0.000481
_10197_,VSS,Metal1,503.3400,987.3425,0.000481
_10198_,VSS,Metal1,496.4825,977.3560,0.000364
_10199_,VSS,Metal1,503.7625,958.0035,0.000154
_10200_,VSS,Metal1,508.3400,977.1550,0.000364
_10201_,VSS,Metal1,501.1000,977.2625,0.000364
_10202_,VSS,Metal1,108.5065,423.9765,0.004034
_10203_,VSS,Metal1,121.8425,422.9560,0.004012
_10204_,VSS,Metal1,35.4600,393.5535,0.004854
_10205_,VSS,Metal1,60.4000,443.0700,0.003426
_10206_,VSS,Metal1,603.5300,422.7250,0.003570
_10207_,VSS,Metal1,270.3465,493.3030,0.001450
_10208_,VSS,Metal1,256.0275,514.4835,0.001471
_10209_,VSS,Metal1,252.4265,533.6230,0.001868
_10210_,VSS,Metal1,127.5465,553.7830,0.002401
_10211_,VSS,Metal1,134.5700,563.9980,0.002539
_10212_,VSS,Metal1,121.8425,564.0760,0.002541
_10213_,VSS,Metal1,141.5465,565.0965,0.002537
_10214_,VSS,Metal1,152.9330,595.2100,0.003129
_10215_,VSS,Metal1,354.5875,564.0760,0.002588
_10216_,VSS,Metal1,273.1300,484.4750,0.001672
_10217_,VSS,Metal1,486.8400,271.7000,0.006200
_10218_,VSS,Metal1,384.3665,312.9715,0.006077
_10219_,VSS,Metal1,375.6100,473.1250,0.002079
_10220_,VSS,Metal1,377.9165,322.1000,0.005704
_10221_,VSS,Metal1,280.1900,504.4035,0.001074
_10222_,VSS,Metal1,274.7225,503.5960,0.001081
_10223_,VSS,Metal1,383.4500,494.5550,0.001344
_10224_,VSS,Metal1,273.6025,483.4360,0.001672
_10225_,VSS,Metal1,356.5865,281.6230,0.006382
_10226_,VSS,Metal1,364.4265,292.9365,0.006162
_10227_,VSS,Metal1,350.8030,291.7815,0.006179
_10228_,VSS,Metal1,357.7400,292.8175,0.006178
_10229_,VSS,Metal1,350.9865,321.9430,0.005738
_10230_,VSS,Metal1,356.5865,333.2565,0.005235
_10231_,VSS,Metal1,344.6430,333.1780,0.005286
_10232_,VSS,Metal1,351.5800,332.1425,0.005269
_10233_,VSS,Metal1,363.6830,322.0215,0.005723
_10234_,VSS,Metal1,373.3600,332.1135,0.005199
_10235_,VSS,Metal1,270.3465,504.6165,0.001088
_10236_,VSS,Metal1,274.5900,513.6760,0.001460
_10237_,VSS,Metal1,274.7225,504.4035,0.001081
_10238_,VSS,Metal1,376.7200,534.7660,0.001874
_10239_,VSS,Metal1,291.5965,513.5415,0.001455
_10240_,VSS,Metal1,369.9225,504.4035,0.000988
_10241_,VSS,Metal1,366.5625,533.8360,0.001874
_10242_,VSS,Metal1,365.7875,553.9960,0.002396
_10243_,VSS,Metal1,256.9065,533.6230,0.001867
_10244_,VSS,Metal1,260.1625,553.9960,0.002388
_10245_,VSS,Metal1,359.9200,554.9260,0.002393
_10246_,VSS,Metal1,357.3875,564.8835,0.002591
_10247_,VSS,Metal1,348.7200,614.3535,0.003159
_10248_,VSS,Metal1,352.1000,595.3250,0.003100
_10249_,VSS,Metal1,526.7225,655.6035,0.003004
_10250_,VSS,Metal1,557.0665,665.8965,0.003094
_10251_,VSS,Metal1,546.8825,675.7635,0.003055
_10252_,VSS,Metal1,539.7065,635.6565,0.003210
_10253_,VSS,Metal1,494.2425,595.1235,0.002940
_10254_,VSS,Metal1,533.5465,635.6565,0.003210
_10255_,VSS,Metal1,540.1625,644.7160,0.002982
_10256_,VSS,Metal1,536.3465,644.5030,0.002981
_10257_,VSS,Metal1,502.0030,595.2580,0.002940
_10258_,VSS,Metal1,493.4675,585.0435,0.002930
_10259_,VSS,Metal1,489.8400,595.2460,0.002940
_10260_,VSS,Metal1,363.3000,615.4850,0.003151
_10261_,VSS,Metal1,355.5700,615.4200,0.003155
_10262_,VSS,Metal1,342.8275,554.8035,0.002387
_10263_,VSS,Metal1,332.8465,473.2680,0.002085
_10264_,VSS,Metal1,340.9565,473.3000,0.002084
_10265_,VSS,Metal1,364.7665,453.1080,0.002902
_10266_,VSS,Metal1,364.2430,464.2180,0.002521
_10267_,VSS,Metal1,364.1800,454.1260,0.002902
_10268_,VSS,Metal1,318.5065,382.4230,0.004750
_10269_,VSS,Metal1,369.4665,382.4230,0.004699
_10270_,VSS,Metal1,363.6830,392.5815,0.004518
_10271_,VSS,Metal1,362.7800,382.5425,0.004729
_10272_,VSS,Metal1,363.6830,463.1415,0.002521
_10273_,VSS,Metal1,358.2400,474.2860,0.002083
_10274_,VSS,Metal1,364.9600,503.4735,0.000989
_10275_,VSS,Metal1,363.7625,523.7560,0.001661
_10276_,VSS,Metal1,354.0275,514.4835,0.001459
_10277_,VSS,Metal1,349.2800,533.7135,0.001850
_10278_,VSS,Metal1,342.8275,564.8835,0.002583
_10279_,VSS,Metal1,334.1600,595.2460,0.003090
_10280_,VSS,Metal1,317.3800,604.1950,0.003234
_10281_,VSS,Metal1,496.4825,564.0760,0.002610
_10282_,VSS,Metal1,502.0030,563.9415,0.002625
_10283_,VSS,Metal1,493.4675,554.8035,0.002366
_10284_,VSS,Metal1,490.9600,563.9535,0.002591
_10285_,VSS,Metal1,325.7800,615.4850,0.003188
_10286_,VSS,Metal1,325.6030,604.2615,0.003233
_10287_,VSS,Metal1,315.9475,564.0760,0.002592
_10288_,VSS,Metal1,275.2825,272.5635,0.006689
_10289_,VSS,Metal1,276.2600,281.7135,0.006573
_10290_,VSS,Metal1,270.7230,272.6980,0.006698
_10291_,VSS,Metal1,270.3200,281.7135,0.006595
_10292_,VSS,Metal1,248.5065,301.7830,0.006220
_10293_,VSS,Metal1,255.7865,292.9365,0.006376
_10294_,VSS,Metal1,234.3230,301.8615,0.006259
_10295_,VSS,Metal1,249.1000,292.8175,0.006390
_10296_,VSS,Metal1,227.7865,281.6230,0.006625
_10297_,VSS,Metal1,234.5065,272.7765,0.006793
_10298_,VSS,Metal1,219.7200,281.7100,0.006659
_10299_,VSS,Metal1,227.8200,272.6575,0.006803
_10300_,VSS,Metal1,266.9600,282.7660,0.006595
_10301_,VSS,Metal1,274.7225,534.6435,0.001861
_10302_,VSS,Metal1,286.5600,543.7935,0.002366
_10303_,VSS,Metal1,298.2425,544.7235,0.002313
_10304_,VSS,Metal1,304.7475,544.7235,0.002304
_10305_,VSS,Metal1,315.6800,554.9260,0.002380
_10306_,VSS,Metal1,312.0275,574.9635,0.002766
_10307_,VSS,Metal1,311.2000,634.5135,0.003308
_10308_,VSS,Metal1,308.9800,635.6450,0.003308
_10309_,VSS,Metal1,544.6425,564.0760,0.002683
_10310_,VSS,Metal1,540.6430,575.0980,0.002680
_10311_,VSS,Metal1,533.7875,574.1560,0.002678
_10312_,VSS,Metal1,523.4400,574.0335,0.002673
_10313_,VSS,Metal1,322.9800,635.6450,0.003292
_10314_,VSS,Metal1,316.6430,634.5015,0.003301
_10315_,VSS,Metal1,296.9075,574.9635,0.002773
_10316_,VSS,Metal1,227.1225,363.2835,0.005223
_10317_,VSS,Metal1,227.7600,373.4860,0.005201
_10318_,VSS,Metal1,218.0400,383.5700,0.004980
_10319_,VSS,Metal1,236.5265,392.6280,0.004630
_10320_,VSS,Metal1,220.4025,392.7160,0.004690
_10321_,VSS,Metal1,226.4400,392.5900,0.004679
_10322_,VSS,Metal1,284.3465,372.3430,0.004745
_10323_,VSS,Metal1,240.1065,372.3430,0.004795
_10324_,VSS,Metal1,271.8000,372.4300,0.004765
_10325_,VSS,Metal1,275.4200,363.3775,0.005144
_10326_,VSS,Metal1,226.4830,402.6615,0.004376
_10327_,VSS,Metal1,284.9000,343.3250,0.005330
_10328_,VSS,Metal1,287.4600,503.4735,0.001060
_10329_,VSS,Metal1,299.3625,503.5960,0.001026
_10330_,VSS,Metal1,297.7600,504.5260,0.001052
_10331_,VSS,Metal1,298.3200,514.6060,0.001453
_10332_,VSS,Metal1,303.6275,574.9635,0.002766
_10333_,VSS,Metal1,306.7200,605.3260,0.003316
_10334_,VSS,Metal1,311.7800,605.4050,0.003243
_10335_,VSS,Metal1,542.4025,553.9960,0.002409
_10336_,VSS,Metal1,551.2830,543.7815,0.002222
_10337_,VSS,Metal1,537.7075,553.9960,0.002399
_10338_,VSS,Metal1,531.2800,553.8735,0.002392
_10339_,VSS,Metal1,319.6200,615.4850,0.003199
_10340_,VSS,Metal1,311.6030,614.3415,0.003212
_10341_,VSS,Metal1,401.6275,553.9960,0.002399
_10342_,VSS,Metal1,421.5465,444.1365,0.003148
_10343_,VSS,Metal1,428.2665,454.2165,0.002818
_10344_,VSS,Metal1,404.0030,454.1380,0.002856
_10345_,VSS,Metal1,421.5800,454.0975,0.002823
_10346_,VSS,Metal1,441.1465,422.7430,0.003702
_10347_,VSS,Metal1,427.1465,412.6630,0.003953
_10348_,VSS,Metal1,414.0400,413.8100,0.003978
_10349_,VSS,Metal1,413.7400,433.9375,0.003515
_10350_,VSS,Metal1,413.6025,484.2435,0.001626
_10351_,VSS,Metal1,410.1000,484.3660,0.001632
_10352_,VSS,Metal1,402.8830,473.2215,0.002077
_10353_,VSS,Metal1,409.2000,483.3135,0.001632
_10354_,VSS,Metal1,423.7600,473.2335,0.002065
_10355_,VSS,Metal1,422.0025,504.4035,0.000974
_10356_,VSS,Metal1,428.8000,504.5260,0.000970
_10357_,VSS,Metal1,434.3225,523.7560,0.001605
_10358_,VSS,Metal1,412.8275,523.7560,0.001622
_10359_,VSS,Metal1,420.9600,533.7135,0.001879
_10360_,VSS,Metal1,400.5075,544.7235,0.002245
_10361_,VSS,Metal1,387.3600,615.4060,0.003120
_10362_,VSS,Metal1,395.7800,634.4350,0.003288
_10363_,VSS,Metal1,614.6425,553.9960,0.002386
_10364_,VSS,Metal1,610.0830,554.9380,0.002393
_10365_,VSS,Metal1,607.7075,564.0760,0.002651
_10366_,VSS,Metal1,602.9600,565.0060,0.002662
_10367_,VSS,Metal1,376.1800,635.6450,0.003289
_10368_,VSS,Metal1,383.2830,625.4980,0.003225
_10369_,VSS,Metal1,411.9225,594.3160,0.003118
_10370_,VSS,Metal1,462.9865,323.1765,0.005329
_10371_,VSS,Metal1,470.2665,321.9430,0.005286
_10372_,VSS,Metal1,471.2030,311.9415,0.005653
_10373_,VSS,Metal1,461.9000,333.1375,0.004894
_10374_,VSS,Metal1,415.9465,333.2565,0.005118
_10375_,VSS,Metal1,424.9065,332.0230,0.005103
_10376_,VSS,Metal1,418.5630,332.1015,0.005117
_10377_,VSS,Metal1,423.2600,333.1375,0.005103
_10378_,VSS,Metal1,435.5465,332.0230,0.005061
_10379_,VSS,Metal1,446.7465,352.1830,0.004755
_10380_,VSS,Metal1,433.1230,302.9380,0.005897
_10381_,VSS,Metal1,441.7400,323.0575,0.005485
_10382_,VSS,Metal1,432.7965,342.2600,0.004790
_10383_,VSS,Metal1,442.8265,573.9430,0.002728
_10384_,VSS,Metal1,451.1225,574.9635,0.002717
_10385_,VSS,Metal1,446.6425,574.1560,0.002728
_10386_,VSS,Metal1,451.5400,584.2600,0.002937
_10387_,VSS,Metal1,422.1000,585.2450,0.002943
_10388_,VSS,Metal1,254.1065,534.8565,0.001868
_10389_,VSS,Metal1,415.1600,574.0300,0.002743
_10390_,VSS,Metal1,403.9665,594.2280,0.003143
_10391_,VSS,Metal1,402.3230,595.2580,0.003143
_10392_,VSS,Metal1,570.9625,645.5235,0.002982
_10393_,VSS,Metal1,579.2830,625.4980,0.003147
_10394_,VSS,Metal1,577.4675,634.6360,0.003230
_10395_,VSS,Metal1,563.2000,644.5935,0.002982
_10396_,VSS,Metal1,406.9800,644.5150,0.003108
_10397_,VSS,Metal1,403.4430,645.6580,0.003114
_10398_,VSS,Metal1,408.9075,554.8035,0.002397
_10399_,VSS,Metal1,448.2065,373.4515,0.004545
_10400_,VSS,Metal1,444.5565,382.5800,0.004570
_10401_,VSS,Metal1,490.4265,383.6565,0.004384
_10402_,VSS,Metal1,493.7865,382.4230,0.004385
_10403_,VSS,Metal1,482.4030,382.5015,0.004390
_10404_,VSS,Metal1,488.7800,373.4575,0.004327
_10405_,VSS,Metal1,512.2665,362.2630,0.004346
_10406_,VSS,Metal1,500.5065,373.5765,0.004326
_10407_,VSS,Metal1,504.8030,363.4180,0.004342
_10408_,VSS,Metal1,505.0200,373.4575,0.004326
_10409_,VSS,Metal1,488.5630,382.5015,0.004384
_10410_,VSS,Metal1,451.7600,392.5935,0.004101
_10411_,VSS,Metal1,442.2400,554.9260,0.002380
_10412_,VSS,Metal1,440.4825,553.9960,0.002380
_10413_,VSS,Metal1,440.8275,564.0760,0.002609
_10414_,VSS,Metal1,422.6400,553.8735,0.002386
_10415_,VSS,Metal1,412.2675,564.8835,0.002616
_10416_,VSS,Metal1,404.1600,604.2735,0.003196
_10417_,VSS,Metal1,395.7800,604.1950,0.003203
_10418_,VSS,Metal1,578.8025,604.3960,0.003048
_10419_,VSS,Metal1,589.3630,594.1815,0.002922
_10420_,VSS,Metal1,579.7075,595.1235,0.002936
_10421_,VSS,Metal1,572.7200,595.2460,0.002936
_10422_,VSS,Metal1,405.8600,614.2750,0.003102
_10423_,VSS,Metal1,408.4830,605.3380,0.003192
_10424_,VSS,Metal1,428.9735,585.1865,0.002941
_10425_,VSS,Metal1,862.2665,242.5365,0.006728
_10426_,VSS,Metal1,866.1865,241.3030,0.006735
_10427_,VSS,Metal1,854.8030,241.3815,0.006706
_10428_,VSS,Metal1,858.3800,251.5025,0.006648
_10429_,VSS,Metal1,853.8665,261.4630,0.006565
_10430_,VSS,Metal1,846.5865,271.5430,0.006378
_10431_,VSS,Metal1,860.4030,271.6215,0.006405
_10432_,VSS,Metal1,851.1000,271.6625,0.006395
_10433_,VSS,Metal1,829.2265,252.6165,0.006544
_10434_,VSS,Metal1,827.5465,271.5430,0.006340
_10435_,VSS,Metal1,817.2830,252.5380,0.006541
_10436_,VSS,Metal1,824.2200,261.5825,0.006466
_10437_,VSS,Metal1,836.3600,262.5090,0.006502
_10438_,VSS,Metal1,832.4825,584.2360,0.002865
_10439_,VSS,Metal1,827.5200,584.1135,0.002865
_10440_,VSS,Metal1,796.1865,595.3365,0.002931
_10441_,VSS,Metal1,807.3865,605.4165,0.003068
_10442_,VSS,Metal1,803.5225,595.3080,0.002932
_10443_,VSS,Metal1,482.0600,605.2975,0.003029
_10444_,VSS,Metal1,305.0665,625.5765,0.003325
_10445_,VSS,Metal1,332.4650,635.6830,0.003288
_10446_,VSS,Metal1,481.2830,614.3415,0.003025
_10447_,VSS,Metal1,611.8425,624.5560,0.002964
_10448_,VSS,Metal1,607.2830,624.4215,0.002965
_10449_,VSS,Metal1,610.5075,615.2835,0.002966
_10450_,VSS,Metal1,600.1600,615.4060,0.002968
_10451_,VSS,Metal1,471.3800,614.2750,0.003064
_10452_,VSS,Metal1,474.0030,624.4215,0.003153
_10453_,VSS,Metal1,787.6825,574.9635,0.002693
_10454_,VSS,Metal1,765.9465,303.0165,0.005803
_10455_,VSS,Metal1,773.2265,311.8630,0.005780
_10456_,VSS,Metal1,768.0030,292.8580,0.006151
_10457_,VSS,Metal1,766.5400,311.9825,0.005773
_10458_,VSS,Metal1,793.9465,301.7830,0.005842
_10459_,VSS,Metal1,795.2230,302.9050,0.005842
_10460_,VSS,Metal1,786.4400,301.8700,0.005824
_10461_,VSS,Metal1,782.7465,323.1765,0.005522
_10462_,VSS,Metal1,778.2665,323.1765,0.005512
_10463_,VSS,Metal1,768.5630,332.1015,0.005315
_10464_,VSS,Metal1,773.8200,332.1425,0.005322
_10465_,VSS,Metal1,775.2830,313.0180,0.005781
_10466_,VSS,Metal1,776.5600,322.0335,0.005512
_10467_,VSS,Metal1,777.1200,563.9535,0.002551
_10468_,VSS,Metal1,774.9000,575.1650,0.002694
_10469_,VSS,Metal1,767.2230,595.2250,0.002943
_10470_,VSS,Metal1,657.9000,605.2975,0.003028
_10471_,VSS,Metal1,532.8030,615.4180,0.003002
_10472_,VSS,Metal1,526.7225,615.2835,0.003003
_10473_,VSS,Metal1,531.1230,604.2615,0.003037
_10474_,VSS,Metal1,530.4275,605.2035,0.003037
_10475_,VSS,Metal1,527.9200,614.3535,0.003003
_10476_,VSS,Metal1,470.8200,625.5650,0.003154
_10477_,VSS,Metal1,531.1230,625.4980,0.003144
_10478_,VSS,Metal1,590.5625,543.9160,0.002184
_10479_,VSS,Metal1,586.0030,543.7815,0.002188
_10480_,VSS,Metal1,585.3075,544.7235,0.002188
_10481_,VSS,Metal1,585.6000,554.9260,0.002405
_10482_,VSS,Metal1,471.9400,615.4850,0.003064
_10483_,VSS,Metal1,768.1865,464.2965,0.002392
_10484_,VSS,Metal1,772.1065,483.2230,0.001534
_10485_,VSS,Metal1,766.3230,484.3780,0.001534
_10486_,VSS,Metal1,765.4200,483.3425,0.001534
_10487_,VSS,Metal1,765.3865,383.6565,0.004707
_10488_,VSS,Metal1,766.5065,382.4230,0.004707
_10489_,VSS,Metal1,755.1230,383.5780,0.004688
_10490_,VSS,Metal1,755.9000,392.6225,0.004271
_10491_,VSS,Metal1,734.3665,362.3880,0.004499
_10492_,VSS,Metal1,732.2425,352.3960,0.004657
_10493_,VSS,Metal1,737.2030,372.4215,0.004591
_10494_,VSS,Metal1,745.2200,363.4850,0.004500
_10495_,VSS,Metal1,761.8000,464.2100,0.002394
_10496_,VSS,Metal1,773.6825,533.8360,0.001907
_10497_,VSS,Metal1,768.7200,534.7660,0.001910
_10498_,VSS,Metal1,778.8265,555.0165,0.002349
_10499_,VSS,Metal1,774.3465,555.0165,0.002353
_10500_,VSS,Metal1,758.4400,544.8500,0.002180
_10501_,VSS,Metal1,662.3800,604.3025,0.003041
_10502_,VSS,Metal1,653.7630,614.3415,0.002949
_10503_,VSS,Metal1,586.0030,614.3415,0.002984
_10504_,VSS,Metal1,623.0425,554.8035,0.002364
_10505_,VSS,Metal1,615.6830,563.9415,0.002644
_10506_,VSS,Metal1,627.8675,564.0760,0.002629
_10507_,VSS,Metal1,625.9200,565.0060,0.002629
_10508_,VSS,Metal1,463.5400,604.1950,0.003087
_10509_,VSS,Metal1,723.9465,493.3030,0.001163
_10510_,VSS,Metal1,728.4265,493.3030,0.001164
_10511_,VSS,Metal1,716.4400,473.2300,0.001998
_10512_,VSS,Metal1,722.3000,484.3375,0.001531
_10513_,VSS,Metal1,746.3465,474.3765,0.002001
_10514_,VSS,Metal1,736.5800,474.2860,0.002000
_10515_,VSS,Metal1,739.4430,493.3815,0.001169
_10516_,VSS,Metal1,740.7200,484.3660,0.001535
_10517_,VSS,Metal1,747.3625,433.8435,0.003306
_10518_,VSS,Metal1,736.0200,453.0735,0.002696
_10519_,VSS,Metal1,734.4030,442.9815,0.003075
_10520_,VSS,Metal1,742.4000,453.0735,0.002699
_10521_,VSS,Metal1,744.6375,493.4350,0.001170
_10522_,VSS,Metal1,748.5800,523.5550,0.001761
_10523_,VSS,Metal1,738.8400,533.7100,0.001919
_10524_,VSS,Metal1,735.8630,534.7450,0.001920
_10525_,VSS,Metal1,679.1800,594.2225,0.002913
_10526_,VSS,Metal1,677.8430,604.2615,0.003042
_10527_,VSS,Metal1,617.9230,604.2615,0.003031
_10528_,VSS,Metal1,620.8025,534.6435,0.001900
_10529_,VSS,Metal1,621.2830,543.7815,0.002148
_10530_,VSS,Metal1,626.1875,543.9160,0.002143
_10531_,VSS,Metal1,632.0800,544.8460,0.002127
_10532_,VSS,Metal1,434.4200,625.5650,0.003179
_10533_,VSS,Metal1,683.9665,473.2680,0.001968
_10534_,VSS,Metal1,675.6825,463.2760,0.002370
_10535_,VSS,Metal1,676.6800,464.2100,0.002370
_10536_,VSS,Metal1,668.8465,474.2515,0.001964
_10537_,VSS,Metal1,675.6825,473.3560,0.001968
_10538_,VSS,Metal1,657.0800,473.2300,0.001956
_10539_,VSS,Metal1,670.0030,463.1415,0.002365
_10540_,VSS,Metal1,681.8425,454.0035,0.002665
_10541_,VSS,Metal1,671.0600,442.9935,0.003027
_10542_,VSS,Metal1,683.4430,423.8980,0.003563
_10543_,VSS,Metal1,687.5200,444.0460,0.003031
_10544_,VSS,Metal1,689.7600,463.1535,0.002375
_10545_,VSS,Metal1,729.4425,585.0435,0.003127
_10546_,VSS,Metal1,741.5475,604.3960,0.003067
_10547_,VSS,Metal1,762.5865,615.4965,0.003013
_10548_,VSS,Metal1,755.3065,605.4165,0.003068
_10549_,VSS,Metal1,745.5600,605.3300,0.003067
_10550_,VSS,Metal1,678.0600,614.3825,0.002956
_10551_,VSS,Metal1,670.0030,624.4215,0.002967
_10552_,VSS,Metal1,639.7630,624.4215,0.002955
_10553_,VSS,Metal1,866.1865,434.0565,0.003331
_10554_,VSS,Metal1,870.6665,434.0565,0.003340
_10555_,VSS,Metal1,862.0830,422.8215,0.003687
_10556_,VSS,Metal1,862.8600,432.9425,0.003328
_10557_,VSS,Metal1,866.7465,452.9830,0.002813
_10558_,VSS,Metal1,861.1465,464.2965,0.002409
_10559_,VSS,Metal1,866.0030,463.1415,0.002411
_10560_,VSS,Metal1,867.3400,454.0975,0.002814
_10561_,VSS,Metal1,818.5865,413.8965,0.003922
_10562_,VSS,Metal1,828.1065,423.9765,0.003667
_10563_,VSS,Metal1,824.0030,413.8180,0.003933
_10564_,VSS,Metal1,825.3400,422.8625,0.003659
_10565_,VSS,Metal1,834.8765,443.0600,0.003068
_10566_,VSS,Metal1,819.1400,565.0850,0.002551
_10567_,VSS,Metal1,821.1400,563.9535,0.002551
_10568_,VSS,Metal1,786.1065,604.1830,0.003068
_10569_,VSS,Metal1,782.7465,615.4965,0.003013
_10570_,VSS,Metal1,794.8400,614.3500,0.003006
_10571_,VSS,Metal1,683.6600,615.3775,0.002959
_10572_,VSS,Metal1,682.3230,634.5015,0.003134
_10573_,VSS,Metal1,636.4825,553.9960,0.002344
_10574_,VSS,Metal1,622.9630,553.8615,0.002364
_10575_,VSS,Metal1,629.5475,553.9960,0.002352
_10576_,VSS,Metal1,629.8400,554.9260,0.002352
_10577_,VSS,Metal1,432.3335,644.5730,0.003094
_10578_,VSS,Metal1,646.2100,635.5800,0.003091
_10579_,VSS,Metal1,794.4025,574.1560,0.002661
_10580_,VSS,Metal1,784.4265,434.0565,0.003298
_10581_,VSS,Metal1,785.5465,444.1365,0.003062
_10582_,VSS,Metal1,779.2030,433.9780,0.003300
_10583_,VSS,Metal1,783.9000,443.0225,0.003062
_10584_,VSS,Metal1,825.3065,493.3030,0.001193
_10585_,VSS,Metal1,819.7065,504.6165,0.000970
_10586_,VSS,Metal1,792.6430,474.2980,0.002014
_10587_,VSS,Metal1,804.6200,503.5025,0.000964
_10588_,VSS,Metal1,823.6265,503.3830,0.000971
_10589_,VSS,Metal1,813.5465,513.4630,0.001376
_10590_,VSS,Metal1,814.4830,504.5380,0.000970
_10591_,VSS,Metal1,804.6200,504.4975,0.000964
_10592_,VSS,Metal1,797.3565,503.5400,0.000962
_10593_,VSS,Metal1,796.6425,553.9960,0.002324
_10594_,VSS,Metal1,805.6800,565.0060,0.002520
_10595_,VSS,Metal1,787.7800,573.9550,0.002693
_10596_,VSS,Metal1,775.6230,605.3050,0.003068
_10597_,VSS,Metal1,680.8600,624.4625,0.003011
_10598_,VSS,Metal1,681.7630,625.4980,0.003011
_10599_,VSS,Metal1,630.3225,634.6360,0.003098
_10600_,VSS,Metal1,625.7630,634.5015,0.003099
_10601_,VSS,Metal1,629.5475,644.7160,0.002943
_10602_,VSS,Metal1,637.1200,635.5660,0.003072
_10603_,VSS,Metal1,462.4200,645.7250,0.003050
_10604_,VSS,Metal1,647.8900,644.5800,0.002939
_10605_,VSS,Metal1,812.8825,554.8035,0.002325
_10606_,VSS,Metal1,857.2265,372.3430,0.004880
_10607_,VSS,Metal1,847.1465,393.7365,0.004480
_10608_,VSS,Metal1,863.2030,382.5015,0.005001
_10609_,VSS,Metal1,844.9400,383.5375,0.005003
_10610_,VSS,Metal1,807.9465,363.4965,0.004833
_10611_,VSS,Metal1,822.5065,362.2630,0.004866
_10612_,VSS,Metal1,808.8830,352.2615,0.004852
_10613_,VSS,Metal1,822.5400,363.3775,0.004867
_10614_,VSS,Metal1,866.7465,343.3365,0.005304
_10615_,VSS,Metal1,863.9465,352.1830,0.005275
_10616_,VSS,Metal1,858.1630,352.2615,0.005275
_10617_,VSS,Metal1,862.3000,362.3825,0.004989
_10618_,VSS,Metal1,823.1165,373.4200,0.004766
_10619_,VSS,Metal1,812.8825,534.6435,0.001917
_10620_,VSS,Metal1,807.9200,544.8460,0.002223
_10621_,VSS,Metal1,810.1800,553.7950,0.002325
_10622_,VSS,Metal1,798.5830,594.2150,0.002931
_10623_,VSS,Metal1,685.9000,594.2225,0.002913
_10624_,VSS,Metal1,684.0030,604.2615,0.003043
_10625_,VSS,Metal1,623.6025,595.1235,0.002907
_10626_,VSS,Metal1,622.9630,594.1815,0.002907
_10627_,VSS,Metal1,630.1075,574.9635,0.002666
_10628_,VSS,Metal1,639.3600,594.1935,0.002896
_10629_,VSS,Metal1,435.6935,605.3465,0.003157
_10630_,VSS,Metal1,647.3300,615.4200,0.002949
_10631_,VSS,Metal1,841.5465,494.5365,0.001196
_10632_,VSS,Metal1,846.0265,494.5365,0.001197
_10633_,VSS,Metal1,854.8030,504.5380,0.000984
_10634_,VSS,Metal1,844.9400,503.5025,0.000980
_10635_,VSS,Metal1,824.7465,444.1365,0.003062
_10636_,VSS,Metal1,833.1465,463.0630,0.002380
_10637_,VSS,Metal1,817.8430,454.1380,0.002737
_10638_,VSS,Metal1,825.3400,464.1775,0.002373
_10639_,VSS,Metal1,860.5865,493.3030,0.001197
_10640_,VSS,Metal1,865.0665,493.3030,0.001197
_10641_,VSS,Metal1,853.6830,493.3815,0.001197
_10642_,VSS,Metal1,856.7000,494.4175,0.001197
_10643_,VSS,Metal1,834.8765,503.5400,0.000976
_10644_,VSS,Metal1,840.8825,594.3160,0.002986
_10645_,VSS,Metal1,819.1200,594.1935,0.002964
_10646_,VSS,Metal1,819.7065,614.2630,0.003007
_10647_,VSS,Metal1,807.3865,625.5765,0.003094
_10648_,VSS,Metal1,814.4400,605.3300,0.003092
_10649_,VSS,Metal1,684.7800,614.3825,0.002959
_10650_,VSS,Metal1,687.9230,625.4980,0.003018
_10651_,VSS,Metal1,616.8825,635.4435,0.003117
_10652_,VSS,Metal1,619.6030,634.5015,0.003111
_10653_,VSS,Metal1,621.7075,635.4435,0.003111
_10654_,VSS,Metal1,629.8400,635.5660,0.003098
_10655_,VSS,Metal1,469.1400,645.7250,0.003017
_10656_,VSS,Metal1,639.7630,644.5815,0.002937
_10657_,VSS,Metal1,526.2400,705.0735,0.002204
_10658_,VSS,Metal1,495.3625,907.6035,0.000491
_10659_,VSS,Metal1,489.8400,705.0735,0.002298
_10660_,VSS,Metal1,495.3625,706.0035,0.002262
_10661_,VSS,Metal1,335.2900,674.7250,0.003309
_10662_,VSS,Metal1,376.5265,705.1080,0.002777
_10663_,VSS,Metal1,212.5625,644.7160,0.003411
_10664_,VSS,Metal1,212.1065,514.6965,0.001494
_10665_,VSS,Metal1,218.0400,544.8500,0.002417
_10666_,VSS,Metal1,232.2665,635.6565,0.003359
_10667_,VSS,Metal1,225.5800,635.5375,0.003359
_10668_,VSS,Metal1,347.9600,675.8900,0.003306
_10669_,VSS,Metal1,580.3665,1079.0515,0.002088
_10670_,VSS,Metal1,504.1075,765.6760,0.001263
_10671_,VSS,Metal1,501.4065,755.5080,0.001404
_10672_,VSS,Metal1,562.1400,674.8660,0.003059
_10673_,VSS,Metal1,546.9865,704.9830,0.002253
_10674_,VSS,Metal1,500.3230,726.2980,0.001550
_10675_,VSS,Metal1,499.7100,735.4360,0.001486
_10676_,VSS,Metal1,383.6135,696.0665,0.003447
_10677_,VSS,Metal1,258.2675,504.4035,0.001088
_10678_,VSS,Metal1,251.7625,523.7560,0.001748
_10679_,VSS,Metal1,245.1200,514.6060,0.001479
_10680_,VSS,Metal1,236.2200,514.5775,0.001485
_10681_,VSS,Metal1,237.6465,624.4680,0.003372
_10682_,VSS,Metal1,233.1665,654.7080,0.003312
_10683_,VSS,Metal1,317.7630,665.8180,0.003362
_10684_,VSS,Metal1,631.4425,1098.3160,0.002073
_10685_,VSS,Metal1,629.5400,1078.1085,0.002154
_10686_,VSS,Metal1,587.6200,1078.1260,0.002096
_10687_,VSS,Metal1,583.9200,1078.0335,0.002088
_10688_,VSS,Metal1,585.6000,1088.1135,0.002484
_10689_,VSS,Metal1,577.5400,1088.2060,0.002485
_10690_,VSS,Metal1,568.6000,1078.0300,0.002063
_10691_,VSS,Metal1,585.0665,686.0565,0.003040
_10692_,VSS,Metal1,570.6630,684.9350,0.003048
_10693_,VSS,Metal1,570.8200,705.0735,0.002295
_10694_,VSS,Metal1,452.1265,705.1080,0.002524
_10695_,VSS,Metal1,433.3000,704.9950,0.002600
_10696_,VSS,Metal1,436.2100,685.9800,0.003021
_10697_,VSS,Metal1,224.8825,655.6035,0.003324
_10698_,VSS,Metal1,265.3000,504.6050,0.001088
_10699_,VSS,Metal1,249.6265,514.6965,0.001476
_10700_,VSS,Metal1,232.6000,523.6300,0.001788
_10701_,VSS,Metal1,229.5000,514.5775,0.001488
_10702_,VSS,Metal1,239.3000,604.2735,0.003326
_10703_,VSS,Metal1,234.2600,655.7260,0.003312
_10704_,VSS,Metal1,351.3200,696.0500,0.003473
_10705_,VSS,Metal1,641.5225,1089.0435,0.002404
_10706_,VSS,Metal1,638.6650,1088.0385,0.002403
_10707_,VSS,Metal1,622.8275,1088.2360,0.002441
_10708_,VSS,Metal1,629.5400,1088.1885,0.002428
_10709_,VSS,Metal1,565.7900,1088.2360,0.002443
_10710_,VSS,Metal1,570.7400,1089.0910,0.002485
_10711_,VSS,Metal1,564.9065,1089.2565,0.002443
_10712_,VSS,Metal1,572.0250,1088.0385,0.002485
_10713_,VSS,Metal1,570.8465,1079.0515,0.002063
_10714_,VSS,Metal1,583.3865,684.8230,0.003040
_10715_,VSS,Metal1,576.2630,695.0150,0.003409
_10716_,VSS,Metal1,569.1665,695.0280,0.003411
_10717_,VSS,Metal1,465.5665,695.0280,0.003329
_10718_,VSS,Metal1,463.8800,685.9700,0.003006
_10719_,VSS,Metal1,366.6500,696.1550,0.003451
_10720_,VSS,Metal1,200.8025,554.8035,0.002388
_10721_,VSS,Metal1,250.9800,513.6285,0.001475
_10722_,VSS,Metal1,246.2665,504.6165,0.001095
_10723_,VSS,Metal1,223.1230,553.8615,0.002390
_10724_,VSS,Metal1,213.2000,565.0060,0.002587
_10725_,VSS,Metal1,214.9065,635.6565,0.003369
_10726_,VSS,Metal1,216.0265,645.7365,0.003409
_10727_,VSS,Metal1,217.5230,655.7380,0.003325
_10728_,VSS,Metal1,307.6200,674.9260,0.003376
_10729_,VSS,Metal1,332.8830,684.9015,0.003246
_10730_,VSS,Metal1,626.9625,1089.0435,0.002433
_10731_,VSS,Metal1,598.4080,1079.1720,0.002104
_10732_,VSS,Metal1,553.9400,1079.0110,0.002006
_10733_,VSS,Metal1,560.6130,1079.0500,0.002040
_10734_,VSS,Metal1,560.1800,1088.1135,0.002435
_10735_,VSS,Metal1,548.5625,1078.1560,0.001982
_10736_,VSS,Metal1,554.0200,1078.1800,0.002005
_10737_,VSS,Metal1,562.6665,686.0565,0.003051
_10738_,VSS,Metal1,572.7465,675.9765,0.003056
_10739_,VSS,Metal1,567.1800,685.9375,0.003050
_10740_,VSS,Metal1,560.1075,695.1160,0.003411
_10741_,VSS,Metal1,408.4465,696.0115,0.003403
_10742_,VSS,Metal1,402.5000,694.9150,0.003415
_10743_,VSS,Metal1,399.2500,696.0600,0.003418
_10744_,VSS,Metal1,214.8025,674.9560,0.003582
_10745_,VSS,Metal1,257.7700,513.5980,0.001471
_10746_,VSS,Metal1,235.4000,553.8700,0.002389
_10747_,VSS,Metal1,225.5800,554.8975,0.002390
_10748_,VSS,Metal1,226.9800,585.1660,0.002934
_10749_,VSS,Metal1,225.8600,674.8335,0.003572
_10750_,VSS,Metal1,326.9625,686.0280,0.003247
_10751_,VSS,Metal1,550.9400,1088.1425,0.002425
_10752_,VSS,Metal1,510.2600,1079.0110,0.001883
_10753_,VSS,Metal1,607.2200,1078.0335,0.002132
_10754_,VSS,Metal1,599.9400,1098.2860,0.002078
_10755_,VSS,Metal1,590.1000,1079.1650,0.002098
_10756_,VSS,Metal1,509.4665,1098.1030,0.002086
_10757_,VSS,Metal1,506.9000,1078.1085,0.001867
_10758_,VSS,Metal1,502.9800,1058.8510,0.001097
_10759_,VSS,Metal1,509.2200,1057.9660,0.001095
_10760_,VSS,Metal1,499.2825,1068.0760,0.001180
_10761_,VSS,Metal1,505.2200,1068.0285,0.001179
_10762_,VSS,Metal1,497.0425,1058.8035,0.001097
_10763_,VSS,Metal1,503.2800,1057.8735,0.001097
_10764_,VSS,Metal1,585.0665,674.7430,0.002971
_10765_,VSS,Metal1,589.5465,674.7430,0.002968
_10766_,VSS,Metal1,576.7000,684.9425,0.003043
_10767_,VSS,Metal1,495.1475,695.1160,0.003297
_10768_,VSS,Metal1,423.5665,685.9315,0.003035
_10769_,VSS,Metal1,429.3800,686.0450,0.003023
_10770_,VSS,Metal1,434.0135,694.9730,0.003363
_10771_,VSS,Metal1,198.9075,564.0760,0.002571
_10772_,VSS,Metal1,240.4400,554.9300,0.002389
_10773_,VSS,Metal1,203.5230,565.0180,0.002576
_10774_,VSS,Metal1,207.9665,674.8680,0.003582
_10775_,VSS,Metal1,315.4800,705.0700,0.003025
_10776_,VSS,Metal1,510.9000,1058.9260,0.001095
_10777_,VSS,Metal1,512.8200,1088.0350,0.002403
_10778_,VSS,Metal1,494.2425,1078.9635,0.001920
_10779_,VSS,Metal1,497.3800,1078.1085,0.001895
_10780_,VSS,Metal1,502.9800,1068.9310,0.001179
_10781_,VSS,Metal1,510.5865,1038.8565,0.000907
_10782_,VSS,Metal1,508.8025,1037.8360,0.000907
_10783_,VSS,Metal1,506.5680,1027.5480,0.000830
_10784_,VSS,Metal1,515.5225,1018.4835,0.000735
_10785_,VSS,Metal1,509.4400,1017.5535,0.000735
_10786_,VSS,Metal1,580.5865,674.7430,0.003052
_10787_,VSS,Metal1,580.5865,675.9765,0.003052
_10788_,VSS,Metal1,578.3800,685.9375,0.003043
_10789_,VSS,Metal1,504.1075,695.9235,0.003338
_10790_,VSS,Metal1,418.5265,695.0280,0.003400
_10791_,VSS,Metal1,415.3800,696.1250,0.003400
_10792_,VSS,Metal1,423.3735,696.0665,0.003383
_10793_,VSS,Metal1,249.5225,675.7635,0.003544
_10794_,VSS,Metal1,257.1475,594.3160,0.003104
_10795_,VSS,Metal1,259.0425,675.7635,0.003540
_10796_,VSS,Metal1,317.2030,694.9815,0.003530
_10797_,VSS,Metal1,497.4600,1069.0060,0.001180
_10798_,VSS,Metal1,502.5850,1079.1610,0.001874
_10799_,VSS,Metal1,504.9800,1038.8450,0.000907
_10800_,VSS,Metal1,510.4825,1047.9160,0.000988
_10801_,VSS,Metal1,504.8825,1037.8360,0.000907
_10802_,VSS,Metal1,498.7225,1037.8360,0.000907
_10803_,VSS,Metal1,502.7200,1028.6860,0.000830
_10804_,VSS,Metal1,589.5465,675.9765,0.002968
_10805_,VSS,Metal1,581.1465,665.8965,0.002975
_10806_,VSS,Metal1,582.3000,695.0225,0.003409
_10807_,VSS,Metal1,490.1075,695.1160,0.003287
_10808_,VSS,Metal1,453.2465,685.9315,0.003017
_10809_,VSS,Metal1,461.3000,696.1250,0.003335
_10810_,VSS,Metal1,445.1700,685.9800,0.003018
_10811_,VSS,Metal1,180.6425,554.8035,0.002385
_10812_,VSS,Metal1,180.7465,534.8565,0.001898
_10813_,VSS,Metal1,176.2600,553.7950,0.002389
_10814_,VSS,Metal1,181.7625,564.0760,0.002536
_10815_,VSS,Metal1,176.7225,554.8035,0.002389
_10816_,VSS,Metal1,173.2830,544.8580,0.002355
_10817_,VSS,Metal1,182.3225,533.8360,0.001898
_10818_,VSS,Metal1,178.5400,544.8175,0.002357
_10819_,VSS,Metal1,187.7900,523.7560,0.001781
_10820_,VSS,Metal1,186.9065,514.7565,0.001493
_10821_,VSS,Metal1,194.5000,504.5260,0.001102
_10822_,VSS,Metal1,186.9400,504.4935,0.001102
_10823_,VSS,Metal1,174.0265,514.6965,0.001486
_10824_,VSS,Metal1,163.8425,514.4835,0.001488
_10825_,VSS,Metal1,172.9400,504.4935,0.001123
_10826_,VSS,Metal1,157.7600,504.5260,0.001145
_10827_,VSS,Metal1,159.7800,514.5135,0.001489
_10828_,VSS,Metal1,140.6675,413.6835,0.004324
_10829_,VSS,Metal1,138.5000,422.8335,0.004001
_10830_,VSS,Metal1,154.9865,423.9765,0.004001
_10831_,VSS,Metal1,147.7065,424.0365,0.004001
_10832_,VSS,Metal1,139.5400,454.0510,0.003012
_10833_,VSS,Metal1,132.0600,454.0935,0.003008
_10834_,VSS,Metal1,140.9800,444.1250,0.003417
_10835_,VSS,Metal1,147.7065,454.2765,0.003005
_10836_,VSS,Metal1,162.6430,534.7780,0.001944
_10837_,VSS,Metal1,161.1465,553.7830,0.002395
_10838_,VSS,Metal1,180.7465,474.3765,0.002131
_10839_,VSS,Metal1,140.1800,484.3660,0.001719
_10840_,VSS,Metal1,136.5000,483.2350,0.001719
_10841_,VSS,Metal1,458.5065,473.1430,0.002051
_10842_,VSS,Metal1,460.9330,524.6500,0.001590
_10843_,VSS,Metal1,446.7465,484.4565,0.001575
_10844_,VSS,Metal1,464.4400,483.3800,0.001526
_10845_,VSS,Metal1,745.1225,645.5235,0.003164
_10846_,VSS,Metal1,749.7065,645.7365,0.003171
_10847_,VSS,Metal1,655.9500,644.7160,0.002950
_10848_,VSS,Metal1,650.4825,645.5235,0.002939
_10849_,VSS,Metal1,616.8825,423.7635,0.003567
_10850_,VSS,Metal1,592.1000,432.9135,0.003225
_10851_,VSS,Metal1,584.2865,444.0115,0.003016
_10852_,VSS,Metal1,603.8600,423.8860,0.003570
_10853_,VSS,Metal1,599.9665,432.9480,0.003225
_10854_,VSS,Metal1,619.5400,432.9135,0.003220
_10855_,VSS,Metal1,611.7265,432.9480,0.003222
_10856_,VSS,Metal1,627.3800,433.9660,0.003220
_10857_,VSS,Metal1,619.5665,444.0115,0.003006
_10858_,VSS,Metal1,625.1400,432.9135,0.003220
_10859_,VSS,Metal1,619.5665,433.9315,0.003220
_10860_,VSS,Metal1,630.7400,432.9135,0.003220
_10861_,VSS,Metal1,624.0465,575.0515,0.002672
_10862_,VSS,Metal1,610.0465,605.2915,0.003037
_10863_,VSS,Metal1,486.8465,564.9715,0.002590
_10864_,VSS,Metal1,483.4865,584.1480,0.002913
_10865_,VSS,Metal1,501.9665,533.7480,0.001856
_10866_,VSS,Metal1,493.0065,533.7480,0.001849
_10867_,VSS,Metal1,560.7665,563.9880,0.002683
_10868_,VSS,Metal1,551.2465,563.9880,0.002683
_10869_,VSS,Metal1,549.0065,524.6515,0.001642
_10870_,VSS,Metal1,539.4865,523.6680,0.001638
_10871_,VSS,Metal1,619.5665,524.6515,0.001661
_10872_,VSS,Metal1,606.6865,514.5715,0.001295
_10873_,VSS,Metal1,561.3265,614.3880,0.002990
_10874_,VSS,Metal1,557.4065,615.3715,0.002991
_10875_,VSS,Metal1,608.9265,574.0680,0.002675
_10876_,VSS,Metal1,601.6465,594.2280,0.002916
_10877_,VSS,Metal1,600.5265,614.3880,0.002968
_10878_,VSS,Metal1,599.9665,624.4680,0.003131
_10879_,VSS,Metal1,556.2865,585.1315,0.003009
_10880_,VSS,Metal1,546.2065,595.2115,0.002941
_10881_,VSS,Metal1,714.8825,604.3960,0.003061
_10882_,VSS,Metal1,713.0600,524.6860,0.001762
_10883_,VSS,Metal1,703.0065,524.6515,0.001744
_10884_,VSS,Metal1,717.5400,533.7135,0.001921
_10885_,VSS,Metal1,711.4065,554.8915,0.002362
_10886_,VSS,Metal1,708.0200,534.7660,0.001923
_10887_,VSS,Metal1,700.2065,534.7315,0.001923
_10888_,VSS,Metal1,716.9800,543.7935,0.002174
_10889_,VSS,Metal1,703.0065,554.8915,0.002362
_10890_,VSS,Metal1,716.9800,605.3260,0.003061
_10891_,VSS,Metal1,705.8065,634.5480,0.003137
_10892_,VSS,Metal1,716.4200,595.2460,0.002931
_10893_,VSS,Metal1,705.2465,585.1315,0.003084
_10894_,VSS,Metal1,627.4065,624.4680,0.002958
_10895_,VSS,Metal1,483.4865,533.7480,0.001849
_10896_,VSS,Metal1,473.4065,534.7315,0.001855
_10897_,VSS,Metal1,482.3665,563.9880,0.002591
_10898_,VSS,Metal1,472.8465,553.9080,0.002367
_10899_,VSS,Metal1,512.6065,564.9715,0.002641
_10900_,VSS,Metal1,512.0465,574.0680,0.002673
_10901_,VSS,Metal1,528.8465,524.6515,0.001635
_10902_,VSS,Metal1,524.9265,543.8280,0.002223
_10903_,VSS,Metal1,592.6865,544.8115,0.002184
_10904_,VSS,Metal1,599.9665,563.9880,0.002662
_10905_,VSS,Metal1,569.1665,553.9080,0.002421
_10906_,VSS,Metal1,562.4465,635.5315,0.003230
_10907_,VSS,Metal1,577.5665,553.9080,0.002411
_10908_,VSS,Metal1,570.8465,585.1315,0.003034
_10909_,VSS,Metal1,609.4865,564.9715,0.002651
_10910_,VSS,Metal1,603.3265,575.0515,0.002676
_10911_,VSS,Metal1,554.6065,595.2115,0.002941
_10912_,VSS,Metal1,542.2865,605.2915,0.003051
_10913_,VSS,Metal1,642.0825,494.3235,0.001092
_10914_,VSS,Metal1,627.3800,483.3135,0.001483
_10915_,VSS,Metal1,619.5665,494.4115,0.001102
_10916_,VSS,Metal1,642.5000,484.3660,0.001481
_10917_,VSS,Metal1,639.1665,493.4280,0.001091
_10918_,VSS,Metal1,648.1000,494.4460,0.001103
_10919_,VSS,Metal1,640.8465,523.6680,0.001658
_10920_,VSS,Metal1,658.1800,494.4460,0.001120
_10921_,VSS,Metal1,648.1265,543.8280,0.002121
_10922_,VSS,Metal1,656.5000,503.4735,0.000944
_10923_,VSS,Metal1,649.2465,625.4515,0.002962
_10924_,VSS,Metal1,654.8200,493.3935,0.001119
_10925_,VSS,Metal1,647.0065,594.2280,0.002897
_10926_,VSS,Metal1,623.4865,644.6280,0.002943
_10927_,VSS,Metal1,645.8865,675.8515,0.002934
_10928_,VSS,Metal1,738.4025,685.0360,0.003076
_10929_,VSS,Metal1,732.7450,684.8385,0.003075
_10930_,VSS,Metal1,626.2865,684.9480,0.003022
_10931_,VSS,Metal1,729.4425,675.7635,0.003122
_10932_,VSS,Metal1,732.1850,694.9185,0.003272
_10933_,VSS,Metal1,729.8600,695.9535,0.003272
_10934_,VSS,Metal1,727.5400,685.8910,0.003071
_10935_,VSS,Metal1,610.0465,696.0115,0.003395
_10936_,VSS,Metal1,722.0200,685.9660,0.003065
_10937_,VSS,Metal1,714.0025,676.0235,0.003090
_10938_,VSS,Metal1,610.0465,675.8515,0.002956
_10939_,VSS,Metal1,716.9000,664.8285,0.003007
_10940_,VSS,Metal1,719.2200,684.9135,0.003065
_10941_,VSS,Metal1,714.7400,665.7135,0.003005
_10942_,VSS,Metal1,716.1000,674.7550,0.003090
_10943_,VSS,Metal1,711.0665,665.8965,0.003002
_10944_,VSS,Metal1,707.3800,664.8285,0.002999
_10945_,VSS,Metal1,656.0825,665.6835,0.002928
_10946_,VSS,Metal1,658.1800,655.7260,0.002897
_10947_,VSS,Metal1,715.5400,655.8050,0.003040
_10948_,VSS,Metal1,734.4825,645.5235,0.003142
_10949_,VSS,Metal1,729.7800,654.7485,0.003065
_10950_,VSS,Metal1,718.1850,654.5985,0.003041
_10951_,VSS,Metal1,605.0065,655.6915,0.002956
_10952_,VSS,Metal1,722.0200,655.7260,0.003041
_10953_,VSS,Metal1,724.9050,645.7210,0.003113
_10954_,VSS,Metal1,590.4465,664.7880,0.002914
_10955_,VSS,Metal1,756.9865,694.9030,0.003239
_10956_,VSS,Metal1,760.9065,674.7430,0.003185
_10957_,VSS,Metal1,754.3730,675.8500,0.003171
_10958_,VSS,Metal1,737.0600,675.8110,0.003144
_10959_,VSS,Metal1,625.8425,674.9560,0.002932
_10960_,VSS,Metal1,631.8600,674.8335,0.002932
_10961_,VSS,Metal1,739.9400,694.9935,0.003269
_10962_,VSS,Metal1,745.2000,685.9660,0.003078
_10963_,VSS,Metal1,638.5000,695.0685,0.003277
_10964_,VSS,Metal1,620.1265,696.0115,0.003395
_10965_,VSS,Metal1,768.6425,675.7635,0.003196
_10966_,VSS,Metal1,726.2400,684.9900,0.003071
_10967_,VSS,Metal1,736.6650,686.0410,0.003076
_10968_,VSS,Metal1,725.9500,695.1160,0.003275
_10969_,VSS,Metal1,726.1865,696.1365,0.003275
_10970_,VSS,Metal1,708.7225,685.8435,0.003037
_10971_,VSS,Metal1,713.9000,685.9375,0.003054
_10972_,VSS,Metal1,723.3865,675.9765,0.003100
_10973_,VSS,Metal1,723.8425,654.7960,0.003043
_10974_,VSS,Metal1,735.1465,665.8965,0.003023
_10975_,VSS,Metal1,707.6025,685.0360,0.003037
_10976_,VSS,Metal1,706.2600,674.9085,0.003082
_10977_,VSS,Metal1,703.0650,675.9610,0.003078
_10978_,VSS,Metal1,639.1665,684.9480,0.003012
_10979_,VSS,Metal1,706.3400,665.8060,0.002997
_10980_,VSS,Metal1,742.4100,644.5735,0.003164
_10981_,VSS,Metal1,709.1400,655.6335,0.003018
_10982_,VSS,Metal1,702.3400,655.6510,0.002997
_10983_,VSS,Metal1,696.4025,655.6035,0.002984
_10984_,VSS,Metal1,701.9450,654.5985,0.002997
_10985_,VSS,Metal1,694.0465,654.7080,0.002981
_10986_,VSS,Metal1,699.6200,645.6460,0.003000
_10987_,VSS,Metal1,680.0200,655.6335,0.002912
_10988_,VSS,Metal1,669.5225,644.7160,0.002963
_10989_,VSS,Metal1,676.3465,654.5830,0.002898
_10990_,VSS,Metal1,671.4425,655.8635,0.002898
_10991_,VSS,Metal1,590.4465,654.7080,0.002957
_10992_,VSS,Metal1,666.0200,644.5935,0.002962
_10993_,VSS,Metal1,740.6425,654.7960,0.003096
_10994_,VSS,Metal1,736.8265,654.5830,0.003088
_10995_,VSS,Metal1,672.0025,645.7835,0.002963
_10996_,VSS,Metal1,661.0065,645.6115,0.002961
_10997_,VSS,Metal1,620.8025,655.6035,0.002927
_10998_,VSS,Metal1,720.2675,665.6835,0.003011
_10999_,VSS,Metal1,733.2200,674.8335,0.003134
_11000_,VSS,Metal1,738.8200,664.7535,0.003023
_11001_,VSS,Metal1,726.5200,665.8100,0.003015
_11002_,VSS,Metal1,741.8665,655.8165,0.003096
_11003_,VSS,Metal1,725.0600,664.6750,0.003015
_11004_,VSS,Metal1,727.0600,655.5800,0.003053
_11005_,VSS,Metal1,731.0000,664.7500,0.003016
_11006_,VSS,Metal1,736.8800,655.6500,0.003088
_11007_,VSS,Metal1,745.5400,655.6335,0.003106
_11008_,VSS,Metal1,639.8425,655.6035,0.002857
_11009_,VSS,Metal1,663.9225,665.6835,0.002949
_11010_,VSS,Metal1,626.8200,655.7260,0.002909
_11011_,VSS,Metal1,479.6825,645.5235,0.002977
_11012_,VSS,Metal1,475.6200,645.6460,0.002998
_11013_,VSS,Metal1,488.1800,664.6750,0.003057
_11014_,VSS,Metal1,493.7800,664.6750,0.003058
_11015_,VSS,Metal1,485.3865,665.8965,0.003057
_11016_,VSS,Metal1,527.8425,675.7635,0.002958
_11017_,VSS,Metal1,665.1465,675.9765,0.002962
_11018_,VSS,Metal1,530.7200,684.9135,0.003047
_11019_,VSS,Metal1,533.4425,675.7635,0.003033
_11020_,VSS,Metal1,31.5665,907.6915,0.003936
_11021_,VSS,Metal1,31.0065,837.1315,0.003832
_11022_,VSS,Metal1,35.4865,795.8280,0.003766
_11023_,VSS,Metal1,36.0465,786.7315,0.003822
_11024_,VSS,Metal1,35.4865,866.3880,0.003944
_11025_,VSS,Metal1,34.9265,926.8680,0.003942
_11026_,VSS,Metal1,31.5665,887.5315,0.003937
_11027_,VSS,Metal1,269.0065,1078.0680,0.003314
_11028_,VSS,Metal1,188.3665,1089.1315,0.003328
_11029_,VSS,Metal1,137.4065,1089.1315,0.003624
_11030_,VSS,Metal1,21.4865,1038.7315,0.003884
_11031_,VSS,Metal1,22.0465,1079.0515,0.003808
_11032_,VSS,Metal1,211.8865,1078.0680,0.003360
_11033_,VSS,Metal1,249.9665,1078.0680,0.003354
_11034_,VSS,Metal1,34.9265,997.4280,0.003904
_11035_,VSS,Metal1,31.0065,978.2515,0.003876
_11036_,VSS,Metal1,22.0465,685.9315,0.003622
_11037_,VSS,Metal1,21.4865,705.1080,0.003589
_11038_,VSS,Metal1,22.6065,725.2680,0.003742
_11039_,VSS,Metal1,31.5665,675.8515,0.003713
_11040_,VSS,Metal1,31.5665,726.2515,0.003742
_11041_,VSS,Metal1,36.0465,765.5880,0.003993
_11042_,VSS,Metal1,31.5665,776.6515,0.003835
_11043_,VSS,Metal1,109.9665,1089.1315,0.003633
_11044_,VSS,Metal1,111.6465,1079.0515,0.003736
_11045_,VSS,Metal1,70.7665,1089.1315,0.003651
_11046_,VSS,Metal1,31.5665,998.4115,0.003904
_11047_,VSS,Metal1,13.6465,1058.8915,0.003906
_11048_,VSS,Metal1,14.7665,1017.5880,0.003890
_11049_,VSS,Metal1,107.1665,1078.0680,0.003738
_11050_,VSS,Metal1,11.9665,987.3480,0.003866
_11051_,VSS,Metal1,11.9665,988.3315,0.003866
_11052_,VSS,Metal1,36.0465,896.6280,0.003965
_11053_,VSS,Metal1,29.3265,826.0680,0.003842
_11054_,VSS,Metal1,36.0465,785.7480,0.003822
_11055_,VSS,Metal1,31.5665,766.5715,0.003993
_11056_,VSS,Metal1,36.0465,857.2915,0.003926
_11057_,VSS,Metal1,35.4865,916.7880,0.003954
_11058_,VSS,Metal1,31.5665,867.3715,0.003944
_11059_,VSS,Metal1,273.4865,1089.1315,0.003281
_11060_,VSS,Metal1,187.8065,1078.0680,0.003361
_11061_,VSS,Metal1,135.7265,1078.0680,0.003577
_11062_,VSS,Metal1,32.6865,1027.6680,0.003915
_11063_,VSS,Metal1,31.5665,1068.9715,0.003871
_11064_,VSS,Metal1,221.4065,1078.0680,0.003360
_11065_,VSS,Metal1,251.6465,1089.1315,0.003294
_11066_,VSS,Metal1,31.5665,968.1715,0.003812
_11067_,VSS,Metal1,31.5665,927.8515,0.003942
_11068_,VSS,Metal1,148.7225,262.4835,0.006915
_11069_,VSS,Metal1,160.5800,251.3950,0.006889
_11070_,VSS,Metal1,186.3465,252.6165,0.006888
_11071_,VSS,Metal1,181.8600,231.2350,0.007035
_11072_,VSS,Metal1,188.3665,242.4115,0.006901
_11073_,VSS,Metal1,136.2600,302.7800,0.006393
_11074_,VSS,Metal1,142.9900,312.0760,0.006429
_11075_,VSS,Metal1,143.1225,301.9960,0.006386
_11076_,VSS,Metal1,166.6425,271.7560,0.006855
_11077_,VSS,Metal1,44.1065,242.5365,0.007026
_11078_,VSS,Metal1,214.8025,454.0035,0.002987
_11079_,VSS,Metal1,227.9335,453.0530,0.002981
_11080_,VSS,Metal1,226.2930,442.9855,0.003313
_11081_,VSS,Metal1,349.7625,333.0435,0.005269
_11082_,VSS,Metal1,254.6330,373.6430,0.004782
_11083_,VSS,Metal1,384.7010,393.5940,0.004514
_11084_,VSS,Metal1,685.8500,182.0750,0.006065
_11085_,VSS,Metal1,262.4025,342.3160,0.005394
_11086_,VSS,Metal1,339.1225,342.3160,0.005144
_11087_,VSS,Metal1,346.1875,332.2360,0.005285
_11088_,VSS,Metal1,246.2500,422.7250,0.003952
_11089_,VSS,Metal1,283.1225,443.9235,0.003246
_11090_,VSS,Metal1,307.4535,463.1330,0.002563
_11091_,VSS,Metal1,246.9735,393.6665,0.004617
_11092_,VSS,Metal1,334.1600,333.1660,0.005309
_11093_,VSS,Metal1,367.2265,311.8630,0.006102
_11094_,VSS,Metal1,314.9000,454.1260,0.002928
_11095_,VSS,Metal1,237.6465,422.8680,0.003952
_11096_,VSS,Metal1,352.5625,301.9960,0.006079
_11097_,VSS,Metal1,357.0425,301.9960,0.006079
_11098_,VSS,Metal1,356.5800,291.7150,0.006178
_11099_,VSS,Metal1,351.8600,271.6335,0.006594
_11100_,VSS,Metal1,352.4830,292.8580,0.006179
_11101_,VSS,Metal1,369.9225,302.8035,0.006009
_11102_,VSS,Metal1,379.3000,301.8735,0.005973
_11103_,VSS,Metal1,376.7200,302.9260,0.005974
_11104_,VSS,Metal1,364.1800,301.8735,0.006009
_11105_,VSS,Metal1,329.4600,311.9535,0.006229
_11106_,VSS,Metal1,51.1600,251.4700,0.006927
_11107_,VSS,Metal1,55.7625,241.5160,0.007030
_11108_,VSS,Metal1,45.2600,262.5775,0.007039
_11109_,VSS,Metal1,337.4425,464.0835,0.002544
_11110_,VSS,Metal1,355.2465,454.0915,0.002917
_11111_,VSS,Metal1,315.6025,474.1635,0.002091
_11112_,VSS,Metal1,319.6200,454.2050,0.002928
_11113_,VSS,Metal1,323.9230,464.2180,0.002545
_11114_,VSS,Metal1,317.3800,463.0750,0.002560
_11115_,VSS,Metal1,352.4400,464.2100,0.002527
_11116_,VSS,Metal1,338.8230,463.1750,0.002544
_11117_,VSS,Metal1,355.2465,373.4515,0.004708
_11118_,VSS,Metal1,354.1200,363.4100,0.005035
_11119_,VSS,Metal1,188.0200,383.6450,0.004997
_11120_,VSS,Metal1,343.7400,362.3825,0.005049
_11121_,VSS,Metal1,368.2425,362.4760,0.004637
_11122_,VSS,Metal1,345.3600,353.3260,0.005150
_11123_,VSS,Metal1,354.2425,343.1235,0.005124
_11124_,VSS,Metal1,55.7625,281.8360,0.006721
_11125_,VSS,Metal1,239.4425,291.9160,0.006404
_11126_,VSS,Metal1,239.5465,301.7830,0.006254
_11127_,VSS,Metal1,244.3400,292.8460,0.006391
_11128_,VSS,Metal1,221.9720,271.4080,0.006803
_11129_,VSS,Metal1,247.3600,291.7935,0.006391
_11130_,VSS,Metal1,239.8600,281.7135,0.006604
_11131_,VSS,Metal1,265.2025,272.5635,0.006709
_11132_,VSS,Metal1,259.1200,272.6860,0.006764
_11133_,VSS,Metal1,260.2600,271.5550,0.006763
_11134_,VSS,Metal1,251.6830,272.6980,0.006765
_11135_,VSS,Metal1,42.4265,281.6230,0.006716
_11136_,VSS,Metal1,50.0400,281.7100,0.006721
_11137_,VSS,Metal1,41.9000,282.7375,0.006716
_11138_,VSS,Metal1,68.0825,262.4835,0.007039
_11139_,VSS,Metal1,227.6825,412.8760,0.004108
_11140_,VSS,Metal1,231.1465,402.5830,0.004346
_11141_,VSS,Metal1,220.2600,393.6460,0.004691
_11142_,VSS,Metal1,232.2400,393.6460,0.004635
_11143_,VSS,Metal1,219.7320,372.2080,0.005201
_11144_,VSS,Metal1,239.8600,382.5135,0.004979
_11145_,VSS,Metal1,256.1265,372.4680,0.004782
_11146_,VSS,Metal1,239.4425,373.3635,0.004795
_11147_,VSS,Metal1,251.3000,382.4350,0.004978
_11148_,VSS,Metal1,247.7630,363.4180,0.005185
_11149_,VSS,Metal1,40.7465,262.6965,0.007037
_11150_,VSS,Metal1,50.6000,261.5500,0.007045
_11151_,VSS,Metal1,51.4200,252.4975,0.006927
_11152_,VSS,Metal1,407.4425,473.3560,0.002075
_11153_,VSS,Metal1,409.2000,474.2860,0.002075
_11154_,VSS,Metal1,417.9665,463.1880,0.002467
_11155_,VSS,Metal1,408.0800,464.2060,0.002503
_11156_,VSS,Metal1,387.8425,473.3560,0.002077
_11157_,VSS,Metal1,383.9225,473.3560,0.002077
_11158_,VSS,Metal1,392.1075,473.3560,0.002077
_11159_,VSS,Metal1,404.1600,463.1535,0.002503
_11160_,VSS,Metal1,398.8275,464.0835,0.002514
_11161_,VSS,Metal1,420.2065,412.7880,0.003966
_11162_,VSS,Metal1,405.6400,393.6500,0.004382
_11163_,VSS,Metal1,396.3465,392.5030,0.004419
_11164_,VSS,Metal1,402.8400,382.5100,0.004658
_11165_,VSS,Metal1,391.8665,362.2630,0.004619
_11166_,VSS,Metal1,400.7225,373.3635,0.004641
_11167_,VSS,Metal1,401.9800,372.4625,0.004641
_11168_,VSS,Metal1,452.1265,322.0680,0.005397
_11169_,VSS,Metal1,471.8425,312.8835,0.005653
_11170_,VSS,Metal1,465.6825,322.1560,0.005305
_11171_,VSS,Metal1,461.5475,312.8835,0.005657
_11172_,VSS,Metal1,455.1200,313.0060,0.005734
_11173_,VSS,Metal1,438.2425,292.7235,0.006082
_11174_,VSS,Metal1,440.4825,301.9960,0.005883
_11175_,VSS,Metal1,442.5075,292.7235,0.006059
_11176_,VSS,Metal1,452.3200,292.8460,0.006008
_11177_,VSS,Metal1,449.7875,301.9960,0.005823
_11178_,VSS,Metal1,419.6465,322.0680,0.005564
_11179_,VSS,Metal1,408.5625,312.8835,0.005992
_11180_,VSS,Metal1,422.1000,313.0850,0.005943
_11181_,VSS,Metal1,421.5400,311.8750,0.005944
_11182_,VSS,Metal1,466.3465,272.7765,0.006201
_11183_,VSS,Metal1,445.4000,291.7900,0.006050
_11184_,VSS,Metal1,474.6425,281.8360,0.006012
_11185_,VSS,Metal1,468.0600,281.7425,0.006061
_11186_,VSS,Metal1,532.8825,271.7560,0.006211
_11187_,VSS,Metal1,499.2825,363.2835,0.004332
_11188_,VSS,Metal1,480.9065,353.4165,0.004360
_11189_,VSS,Metal1,491.8600,352.2735,0.004342
_11190_,VSS,Metal1,506.4520,372.2080,0.004326
_11191_,VSS,Metal1,490.9600,362.3535,0.004323
_11192_,VSS,Metal1,491.8600,363.4060,0.004323
_11193_,VSS,Metal1,443.1300,372.4780,0.004561
_11194_,VSS,Metal1,445.6000,363.4060,0.004397
_11195_,VSS,Metal1,442.2600,362.2750,0.004398
_11196_,VSS,Metal1,448.2430,362.3415,0.004397
_11197_,VSS,Metal1,512.8265,271.5430,0.006205
_11198_,VSS,Metal1,449.8800,271.6300,0.006225
_11199_,VSS,Metal1,519.5800,261.5825,0.006203
_11200_,VSS,Metal1,185.6825,343.1235,0.005609
_11201_,VSS,Metal1,802.6800,352.3400,0.004852
_11202_,VSS,Metal1,815.6825,261.6760,0.006431
_11203_,VSS,Metal1,819.6025,261.6760,0.006449
_11204_,VSS,Metal1,823.8675,262.4835,0.006466
_11205_,VSS,Metal1,824.7200,252.5260,0.006542
_11206_,VSS,Metal1,859.2520,252.7520,0.006648
_11207_,VSS,Metal1,847.1465,242.5365,0.006695
_11208_,VSS,Metal1,849.7000,241.3935,0.006696
_11209_,VSS,Metal1,857.6825,261.6760,0.006566
_11210_,VSS,Metal1,852.1600,251.4735,0.006647
_11211_,VSS,Metal1,846.0000,252.5260,0.006636
_11212_,VSS,Metal1,833.7000,261.4750,0.006502
_11213_,VSS,Metal1,834.0200,342.3400,0.005129
_11214_,VSS,Metal1,957.9225,402.7960,0.004446
_11215_,VSS,Metal1,945.6025,403.6035,0.004430
_11216_,VSS,Metal1,780.4025,291.9160,0.006150
_11217_,VSS,Metal1,756.9865,292.9365,0.006149
_11218_,VSS,Metal1,762.3400,301.8735,0.005800
_11219_,VSS,Metal1,768.7200,301.8735,0.005804
_11220_,VSS,Metal1,799.8920,293.0720,0.006133
_11221_,VSS,Metal1,797.0600,311.9535,0.005796
_11222_,VSS,Metal1,786.4465,332.1480,0.005334
_11223_,VSS,Metal1,788.2425,342.3160,0.005056
_11224_,VSS,Metal1,794.5000,332.0350,0.005333
_11225_,VSS,Metal1,802.1200,333.1700,0.005349
_11226_,VSS,Metal1,814.4200,343.1000,0.005104
_11227_,VSS,Metal1,945.0425,433.0360,0.003411
_11228_,VSS,Metal1,945.6025,423.7635,0.003723
_11229_,VSS,Metal1,749.0425,382.6360,0.004675
_11230_,VSS,Metal1,770.3225,382.6360,0.004717
_11231_,VSS,Metal1,760.0275,383.4435,0.004690
_11232_,VSS,Metal1,756.7400,402.6735,0.004291
_11233_,VSS,Metal1,766.8465,474.2515,0.002011
_11234_,VSS,Metal1,737.1665,353.2915,0.004670
_11235_,VSS,Metal1,741.2025,352.3960,0.004678
_11236_,VSS,Metal1,731.6825,372.5560,0.004575
_11237_,VSS,Metal1,736.5075,352.3960,0.004670
_11238_,VSS,Metal1,740.1600,363.4060,0.004499
_11239_,VSS,Metal1,763.4865,473.2680,0.002010
_11240_,VSS,Metal1,756.9800,403.8050,0.004291
_11241_,VSS,Metal1,758.4400,393.6500,0.004271
_11242_,VSS,Metal1,825.0600,554.0200,0.002347
_11243_,VSS,Metal1,847.0425,554.8035,0.002368
_11244_,VSS,Metal1,835.8425,553.9960,0.002361
_11245_,VSS,Metal1,750.1625,474.1635,0.002003
_11246_,VSS,Metal1,743.5465,473.1430,0.002000
_11247_,VSS,Metal1,732.6600,473.2335,0.002000
_11248_,VSS,Metal1,722.0520,483.0880,0.001531
_11249_,VSS,Metal1,739.0400,473.2335,0.002000
_11250_,VSS,Metal1,739.3800,464.2060,0.002397
_11251_,VSS,Metal1,746.8025,443.1160,0.003075
_11252_,VSS,Metal1,746.8800,454.1260,0.002702
_11253_,VSS,Metal1,747.4600,452.9950,0.002702
_11254_,VSS,Metal1,746.1200,463.1500,0.002396
_11255_,VSS,Metal1,810.5000,634.6600,0.003194
_11256_,VSS,Metal1,824.0825,674.9560,0.003282
_11257_,VSS,Metal1,817.9225,674.9560,0.003282
_11258_,VSS,Metal1,699.2025,443.1160,0.003042
_11259_,VSS,Metal1,695.3600,442.9935,0.003038
_11260_,VSS,Metal1,686.4000,453.0735,0.002671
_11261_,VSS,Metal1,681.7320,474.5120,0.001968
_11262_,VSS,Metal1,670.7465,473.1430,0.001964
_11263_,VSS,Metal1,663.7800,463.1535,0.002364
_11264_,VSS,Metal1,657.7625,463.2760,0.002364
_11265_,VSS,Metal1,667.9200,464.2060,0.002364
_11266_,VSS,Metal1,685.2800,464.2060,0.002375
_11267_,VSS,Metal1,690.9000,473.1550,0.001968
_11268_,VSS,Metal1,805.4600,655.5800,0.003237
_11269_,VSS,Metal1,824.6425,685.0360,0.003225
_11270_,VSS,Metal1,817.9225,685.0360,0.003225
_11271_,VSS,Metal1,861.6025,453.1960,0.002810
_11272_,VSS,Metal1,857.7865,452.9830,0.002810
_11273_,VSS,Metal1,853.0600,463.1535,0.002405
_11274_,VSS,Metal1,855.5200,454.1260,0.002792
_11275_,VSS,Metal1,865.4120,424.1120,0.003687
_11276_,VSS,Metal1,856.9800,432.9135,0.003322
_11277_,VSS,Metal1,835.1665,422.8680,0.003675
_11278_,VSS,Metal1,820.7225,422.9560,0.003648
_11279_,VSS,Metal1,830.3400,413.8850,0.003936
_11280_,VSS,Metal1,836.5625,423.9480,0.003675
_11281_,VSS,Metal1,841.8600,645.5000,0.003357
_11282_,VSS,Metal1,891.8425,665.6835,0.003203
_11283_,VSS,Metal1,884.5625,665.6835,0.003168
_11284_,VSS,Metal1,770.8825,443.1160,0.003075
_11285_,VSS,Metal1,776.5600,444.0460,0.003068
_11286_,VSS,Metal1,777.6800,442.9935,0.003068
_11287_,VSS,Metal1,809.9720,483.0880,0.001532
_11288_,VSS,Metal1,797.3065,473.1430,0.002023
_11289_,VSS,Metal1,787.5400,474.2860,0.002013
_11290_,VSS,Metal1,788.2425,483.4360,0.001534
_11291_,VSS,Metal1,800.0800,474.2860,0.002024
_11292_,VSS,Metal1,806.8000,474.2860,0.002025
_11293_,VSS,Metal1,807.9400,473.1550,0.002025
_11294_,VSS,Metal1,823.3800,644.7400,0.003322
_11295_,VSS,Metal1,835.2825,675.7635,0.003302
_11296_,VSS,Metal1,832.4825,685.0360,0.003225
_11297_,VSS,Metal1,856.5625,393.5235,0.004741
_11298_,VSS,Metal1,852.7465,372.3430,0.004832
_11299_,VSS,Metal1,846.3400,373.4860,0.004818
_11300_,VSS,Metal1,860.9320,353.5520,0.005275
_11301_,VSS,Metal1,854.9600,373.4860,0.004832
_11302_,VSS,Metal1,847.4600,372.4335,0.004818
_11303_,VSS,Metal1,816.1265,363.3715,0.004852
_11304_,VSS,Metal1,823.4000,372.4300,0.004766
_11305_,VSS,Metal1,825.4080,382.5330,0.004977
_11306_,VSS,Metal1,834.5800,635.4200,0.003241
_11307_,VSS,Metal1,847.0425,655.6035,0.003254
_11308_,VSS,Metal1,852.0825,645.5235,0.003358
_11309_,VSS,Metal1,820.7225,464.0835,0.002369
_11310_,VSS,Metal1,817.9225,463.2760,0.002366
_11311_,VSS,Metal1,831.1475,454.0035,0.002775
_11312_,VSS,Metal1,824.7200,463.1535,0.002373
_11313_,VSS,Metal1,854.2120,483.0880,0.001584
_11314_,VSS,Metal1,841.5465,484.4565,0.001581
_11315_,VSS,Metal1,848.0200,473.2335,0.002121
_11316_,VSS,Metal1,833.0425,484.2435,0.001562
_11317_,VSS,Metal1,847.1200,474.2860,0.002121
_11318_,VSS,Metal1,842.6400,483.3135,0.001581
_11319_,VSS,Metal1,832.5800,474.3650,0.002078
_11320_,VSS,Metal1,834.0200,664.9000,0.003110
_11321_,VSS,Metal1,844.8025,665.6835,0.003132
_11322_,VSS,Metal1,839.2025,665.6835,0.003112
_11323_,VSS,Metal1,127.3000,262.4600,0.006939
_11324_,VSS,Metal1,134.2365,252.5380,0.006908
_11325_,VSS,Metal1,121.8425,262.4835,0.006956
_11326_,VSS,Metal1,152.6425,262.4835,0.006913
_11327_,VSS,Metal1,44.0025,60.8835,0.006875
_11328_,VSS,Metal1,229.9225,353.2035,0.005343
_11329_,VSS,Metal1,228.9065,333.2565,0.005838
_11330_,VSS,Metal1,247.1400,333.1660,0.005514
_11331_,VSS,Metal1,241.2000,333.1660,0.005665
_11332_,VSS,Metal1,219.7320,321.8080,0.005997
_11333_,VSS,Metal1,233.7000,323.0860,0.005978
_11334_,VSS,Metal1,265.0500,302.8815,0.006216
_11335_,VSS,Metal1,258.5600,313.0060,0.006404
_11336_,VSS,Metal1,255.7800,311.8750,0.006404
_11337_,VSS,Metal1,250.0030,311.9415,0.006410
_11338_,VSS,Metal1,46.9065,71.1765,0.006891
_11339_,VSS,Metal1,56.2000,130.5100,0.007281
_11340_,VSS,Metal1,51.9800,70.0625,0.006888
_11341_,VSS,Metal1,59.1225,70.1560,0.006883
_11342_,VSS,Metal1,228.2425,251.5960,0.006762
_11343_,VSS,Metal1,234.5065,251.3830,0.006762
_11344_,VSS,Metal1,246.5800,241.3935,0.006844
_11345_,VSS,Metal1,223.0920,210.9280,0.006805
_11346_,VSS,Metal1,236.1600,231.3135,0.006949
_11347_,VSS,Metal1,235.9400,212.2060,0.006786
_11348_,VSS,Metal1,259.4500,221.2780,0.006777
_11349_,VSS,Metal1,256.8800,212.2060,0.006706
_11350_,VSS,Metal1,254.1000,221.1550,0.006778
_11351_,VSS,Metal1,248.8830,211.1415,0.006726
_11352_,VSS,Metal1,51.3865,71.1765,0.006888
_11353_,VSS,Metal1,61.2400,141.6500,0.007173
_11354_,VSS,Metal1,55.9000,71.0575,0.006887
_11355_,VSS,Metal1,70.4265,81.2565,0.007056
_11356_,VSS,Metal1,364.8825,201.1960,0.006265
_11357_,VSS,Metal1,348.6425,181.0360,0.006447
_11358_,VSS,Metal1,349.5475,191.1160,0.006059
_11359_,VSS,Metal1,345.3600,190.9935,0.006071
_11360_,VSS,Metal1,330.0520,162.0320,0.006665
_11361_,VSS,Metal1,336.9865,171.9765,0.006404
_11362_,VSS,Metal1,317.9465,160.6630,0.006681
_11363_,VSS,Metal1,333.2230,170.8550,0.006410
_11364_,VSS,Metal1,324.2630,171.8650,0.006438
_11365_,VSS,Metal1,323.5800,180.9425,0.006589
_11366_,VSS,Metal1,79.7200,180.9100,0.007126
_11367_,VSS,Metal1,82.6425,70.1560,0.006877
_11368_,VSS,Metal1,79.4200,80.1425,0.007055
_11369_,VSS,Metal1,87.6825,80.2360,0.007055
_11370_,VSS,Metal1,229.3625,160.8760,0.007056
_11371_,VSS,Metal1,233.9465,160.6630,0.007047
_11372_,VSS,Metal1,239.8600,160.7535,0.007035
_11373_,VSS,Metal1,235.0400,161.8060,0.007047
_11374_,VSS,Metal1,222.5320,150.4480,0.007033
_11375_,VSS,Metal1,240.4200,151.7260,0.006990
_11376_,VSS,Metal1,265.0500,171.8415,0.006644
_11377_,VSS,Metal1,260.8000,170.8335,0.006840
_11378_,VSS,Metal1,258.5800,171.9650,0.006840
_11379_,VSS,Metal1,253.3630,161.8180,0.006994
_11380_,VSS,Metal1,88.9065,91.3365,0.007188
_11381_,VSS,Metal1,80.2800,141.6500,0.007168
_11382_,VSS,Metal1,88.3800,90.2225,0.007188
_11383_,VSS,Metal1,60.8025,81.0435,0.007057
_11384_,VSS,Metal1,442.7225,161.6835,0.006298
_11385_,VSS,Metal1,435.5465,160.6630,0.006315
_11386_,VSS,Metal1,424.6600,160.7535,0.006344
_11387_,VSS,Metal1,401.7320,151.9520,0.006408
_11388_,VSS,Metal1,431.0400,160.7535,0.006320
_11389_,VSS,Metal1,403.3800,150.6735,0.006408
_11390_,VSS,Metal1,388.2865,181.9315,0.006287
_11391_,VSS,Metal1,393.8800,180.9100,0.006271
_11392_,VSS,Metal1,389.0600,160.6750,0.006493
_11393_,VSS,Metal1,57.5465,90.1030,0.007163
_11394_,VSS,Metal1,60.6800,100.2700,0.006984
_11395_,VSS,Metal1,54.7800,81.1375,0.007057
_11396_,VSS,Metal1,259.0425,60.8835,0.006382
_11397_,VSS,Metal1,509.3625,241.5160,0.006116
_11398_,VSS,Metal1,497.7065,231.2230,0.006134
_11399_,VSS,Metal1,509.2200,232.3660,0.006211
_11400_,VSS,Metal1,507.0120,202.3520,0.005530
_11401_,VSS,Metal1,503.8400,221.2335,0.006067
_11402_,VSS,Metal1,497.4600,211.1535,0.005724
_11403_,VSS,Metal1,467.8065,202.0915,0.005604
_11404_,VSS,Metal1,461.2025,202.0035,0.005605
_11405_,VSS,Metal1,454.0200,200.9950,0.005623
_11406_,VSS,Metal1,454.4030,202.1380,0.005623
_11407_,VSS,Metal1,259.1465,81.2565,0.006730
_11408_,VSS,Metal1,256.1200,110.3500,0.006895
_11409_,VSS,Metal1,256.3800,71.0575,0.006482
_11410_,VSS,Metal1,278.6425,60.0760,0.006381
_11411_,VSS,Metal1,402.9625,242.3235,0.006411
_11412_,VSS,Metal1,392.4265,241.3030,0.006459
_11413_,VSS,Metal1,396.6600,251.4735,0.006544
_11414_,VSS,Metal1,404.1600,251.4735,0.006526
_11415_,VSS,Metal1,399.4920,262.8320,0.006388
_11416_,VSS,Metal1,397.2200,242.4460,0.006437
_11417_,VSS,Metal1,373.6900,221.2780,0.006370
_11418_,VSS,Metal1,384.5600,212.2060,0.006162
_11419_,VSS,Metal1,384.0200,222.3650,0.006340
_11420_,VSS,Metal1,387.2030,202.1380,0.006099
_11421_,VSS,Metal1,271.4665,81.2565,0.006702
_11422_,VSS,Metal1,276.8400,151.7300,0.006806
_11423_,VSS,Metal1,274.8600,71.0575,0.006436
_11424_,VSS,Metal1,113.4425,150.7960,0.007251
_11425_,VSS,Metal1,494.2425,141.5235,0.006401
_11426_,VSS,Metal1,470.7225,433.8435,0.003483
_11427_,VSS,Metal1,485.9465,423.9765,0.003681
_11428_,VSS,Metal1,475.0600,412.7535,0.003854
_11429_,VSS,Metal1,482.5600,412.7535,0.003817
_11430_,VSS,Metal1,494.1320,442.7680,0.003021
_11431_,VSS,Metal1,492.9800,422.8335,0.003678
_11432_,VSS,Metal1,514.8465,413.7715,0.003824
_11433_,VSS,Metal1,510.9200,402.6700,0.004018
_11434_,VSS,Metal1,504.0230,403.7050,0.004012
_11435_,VSS,Metal1,505.3000,140.7400,0.006456
_11436_,VSS,Metal1,518.8825,49.9960,0.005171
_11437_,VSS,Metal1,511.0425,29.8360,0.005332
_11438_,VSS,Metal1,583.2825,170.9560,0.005833
_11439_,VSS,Metal1,584.5065,160.6630,0.006193
_11440_,VSS,Metal1,599.9400,170.8335,0.005843
_11441_,VSS,Metal1,561.3320,162.0320,0.006153
_11442_,VSS,Metal1,591.2000,160.7535,0.006205
_11443_,VSS,Metal1,571.9400,170.8335,0.005813
_11444_,VSS,Metal1,560.7300,181.9215,0.005709
_11445_,VSS,Metal1,569.3600,201.0735,0.005598
_11446_,VSS,Metal1,567.7000,182.0450,0.005765
_11447_,VSS,Metal1,569.1600,190.9900,0.005355
_11448_,VSS,Metal1,578.6600,130.6600,0.006417
_11449_,VSS,Metal1,591.6825,39.9160,0.005278
_11450_,VSS,Metal1,577.6825,40.7235,0.005276
_11451_,VSS,Metal1,631.4425,201.1960,0.005623
_11452_,VSS,Metal1,611.8425,222.1635,0.006111
_11453_,VSS,Metal1,636.8275,211.2760,0.005854
_11454_,VSS,Metal1,611.9200,202.1260,0.005622
_11455_,VSS,Metal1,611.7320,251.2480,0.006297
_11456_,VSS,Metal1,587.8665,241.3030,0.006129
_11457_,VSS,Metal1,581.4600,251.4735,0.006305
_11458_,VSS,Metal1,572.6425,252.4035,0.006317
_11459_,VSS,Metal1,582.2400,242.4460,0.006130
_11460_,VSS,Metal1,609.1200,232.3660,0.006230
_11461_,VSS,Metal1,615.3000,221.1550,0.006110
_11462_,VSS,Metal1,617.8600,130.6600,0.006409
_11463_,VSS,Metal1,607.9225,40.7235,0.005286
_11464_,VSS,Metal1,611.8425,40.7235,0.005287
_11465_,VSS,Metal1,644.8825,312.8835,0.005507
_11466_,VSS,Metal1,658.4265,303.0165,0.005679
_11467_,VSS,Metal1,655.9400,311.9535,0.005527
_11468_,VSS,Metal1,643.6520,301.6480,0.005652
_11469_,VSS,Metal1,662.3200,311.9535,0.005549
_11470_,VSS,Metal1,660.9800,301.8735,0.005679
_11471_,VSS,Metal1,676.6500,281.7580,0.006036
_11472_,VSS,Metal1,680.8000,272.6860,0.006171
_11473_,VSS,Metal1,657.8600,272.7650,0.006156
_11474_,VSS,Metal1,672.2000,272.6900,0.006160
_11475_,VSS,Metal1,676.1000,131.4200,0.006470
_11476_,VSS,Metal1,670.6425,39.9160,0.005597
_11477_,VSS,Metal1,676.2425,50.8035,0.005622
_11478_,VSS,Metal1,676.3465,110.2630,0.006476
_11479_,VSS,Metal1,672.7665,171.8515,0.005993
_11480_,VSS,Metal1,661.6030,180.9015,0.006006
_11481_,VSS,Metal1,648.1320,160.5280,0.006116
_11482_,VSS,Metal1,637.1465,160.6630,0.006199
_11483_,VSS,Metal1,644.7400,161.8060,0.006116
_11484_,VSS,Metal1,637.0425,151.6035,0.006175
_11485_,VSS,Metal1,650.0000,151.7260,0.006179
_11486_,VSS,Metal1,662.3200,160.7535,0.006125
_11487_,VSS,Metal1,671.0600,160.7535,0.006156
_11488_,VSS,Metal1,670.1800,130.4350,0.006452
_11489_,VSS,Metal1,680.7225,110.4760,0.006491
_11490_,VSS,Metal1,680.8600,111.3775,0.006491
_11491_,VSS,Metal1,765.2825,160.8760,0.006467
_11492_,VSS,Metal1,748.5865,151.8165,0.006502
_11493_,VSS,Metal1,761.7800,160.7535,0.006466
_11494_,VSS,Metal1,720.9320,151.9520,0.006359
_11495_,VSS,Metal1,749.1200,160.7535,0.006449
_11496_,VSS,Metal1,718.6600,161.8060,0.006350
_11497_,VSS,Metal1,706.3665,170.8680,0.006141
_11498_,VSS,Metal1,696.4025,171.7635,0.006130
_11499_,VSS,Metal1,699.3000,170.7550,0.006140
_11500_,VSS,Metal1,704.1200,161.8100,0.006289
_11501_,VSS,Metal1,704.6600,121.3400,0.006460
_11502_,VSS,Metal1,709.8425,29.8360,0.005740
_11503_,VSS,Metal1,707.6025,49.9960,0.005654
_11504_,VSS,Metal1,739.5225,252.4035,0.006497
_11505_,VSS,Metal1,721.6025,261.6760,0.006246
_11506_,VSS,Metal1,734.8275,252.4035,0.006493
_11507_,VSS,Metal1,721.1200,262.6060,0.006246
_11508_,VSS,Metal1,732.1320,301.6480,0.005757
_11509_,VSS,Metal1,709.9465,301.7830,0.005744
_11510_,VSS,Metal1,707.4600,302.9260,0.005743
_11511_,VSS,Metal1,709.8425,312.0760,0.005698
_11512_,VSS,Metal1,714.9600,292.8460,0.006047
_11513_,VSS,Metal1,737.3600,292.8460,0.006079
_11514_,VSS,Metal1,728.9800,252.6050,0.006490
_11515_,VSS,Metal1,727.0600,121.3400,0.006557
_11516_,VSS,Metal1,754.0825,49.9960,0.005907
_11517_,VSS,Metal1,729.4425,40.7235,0.005785
_11518_,VSS,Metal1,856.5625,202.0035,0.006647
_11519_,VSS,Metal1,841.5465,192.1365,0.006395
_11520_,VSS,Metal1,847.4600,192.0460,0.006416
_11521_,VSS,Metal1,854.9600,192.0460,0.006429
_11522_,VSS,Metal1,864.8520,172.1120,0.006637
_11523_,VSS,Metal1,851.9400,180.9135,0.006867
_11524_,VSS,Metal1,820.6065,171.8515,0.006548
_11525_,VSS,Metal1,814.0025,171.7635,0.006537
_11526_,VSS,Metal1,825.8600,180.8350,0.006833
_11527_,VSS,Metal1,815.0000,170.8300,0.006537
_11528_,VSS,Metal1,775.2200,131.4200,0.006640
_11529_,VSS,Metal1,765.2825,50.8035,0.006005
_11530_,VSS,Metal1,758.5625,49.9960,0.005949
_11531_,VSS,Metal1,762.4825,201.1960,0.006171
_11532_,VSS,Metal1,768.1600,202.1260,0.006192
_11533_,VSS,Metal1,765.7000,211.1535,0.006292
_11534_,VSS,Metal1,781.4065,212.1715,0.006386
_11535_,VSS,Metal1,780.8520,232.5920,0.006557
_11536_,VSS,Metal1,767.5225,222.1635,0.006485
_11537_,VSS,Metal1,765.1665,221.2680,0.006480
_11538_,VSS,Metal1,758.1000,221.1550,0.006458
_11539_,VSS,Metal1,761.2400,212.2100,0.006291
_11540_,VSS,Metal1,759.5400,120.5800,0.006599
_11541_,VSS,Metal1,766.4025,49.9960,0.006005
_11542_,VSS,Metal1,762.4825,49.9960,0.005984
_11543_,VSS,Metal1,133.4600,282.6200,0.006705
_11544_,VSS,Metal1,147.4700,291.9160,0.006518
_11545_,VSS,Metal1,146.4825,282.6435,0.006693
_11546_,VSS,Metal1,166.0825,322.1560,0.006079
_11547_,VSS,Metal1,227.3735,444.0665,0.003313
_11548_,VSS,Metal1,225.1730,422.8255,0.003964
_11549_,VSS,Metal1,227.1225,433.8435,0.003562
_11550_,VSS,Metal1,223.7050,483.2385,0.001713
_11551_,VSS,Metal1,217.9400,464.1310,0.002596
_11552_,VSS,Metal1,220.4025,463.2760,0.002594
_11553_,VSS,Metal1,227.5665,464.1715,0.002588
_11554_,VSS,Metal1,227.5665,474.2515,0.002171
_11555_,VSS,Metal1,218.1050,423.9610,0.003964
_11556_,VSS,Metal1,216.8200,403.6510,0.004400
_11557_,VSS,Metal1,229.0080,413.7870,0.004108
_11558_,VSS,Metal1,223.1400,412.7860,0.004159
_11559_,VSS,Metal1,240.8765,413.9280,0.004104
_11560_,VSS,Metal1,304.2800,443.9800,0.003207
_11561_,VSS,Metal1,320.7465,323.1765,0.005762
_11562_,VSS,Metal1,336.4265,342.1030,0.005216
_11563_,VSS,Metal1,333.0600,313.0850,0.006214
_11564_,VSS,Metal1,328.6200,322.0625,0.005740
_11565_,VSS,Metal1,324.9800,301.8735,0.006133
_11566_,VSS,Metal1,343.1465,271.5430,0.006594
_11567_,VSS,Metal1,343.8630,292.8250,0.006194
_11568_,VSS,Metal1,337.5465,303.0165,0.006082
_11569_,VSS,Metal1,397.3625,312.8835,0.006024
_11570_,VSS,Metal1,385.7000,323.1650,0.005666
_11571_,VSS,Metal1,371.6025,322.1560,0.005723
_11572_,VSS,Metal1,376.1800,323.1650,0.005705
_11573_,VSS,Metal1,391.6400,313.0100,0.006060
_11574_,VSS,Metal1,335.3400,311.9860,0.006206
_11575_,VSS,Metal1,135.8425,171.7635,0.007196
_11576_,VSS,Metal1,148.2400,180.9135,0.007018
_11577_,VSS,Metal1,145.4400,170.8335,0.007181
_11578_,VSS,Metal1,157.6825,130.6360,0.007241
_11579_,VSS,Metal1,152.0825,140.7160,0.007119
_11580_,VSS,Metal1,886.2425,1088.2360,0.002176
_11581_,VSS,Metal1,874.3665,1088.1480,0.002222
_11582_,VSS,Metal1,875.1400,1077.9550,0.001929
_11583_,VSS,Metal1,836.5600,1088.1900,0.002430
_11584_,VSS,Metal1,853.8500,1077.9250,0.001988
_11585_,VSS,Metal1,845.5000,1088.1460,0.002383
_11586_,VSS,Metal1,856.2600,1078.9965,0.001987
_11587_,VSS,Metal1,870.6665,1079.1765,0.001938
_11588_,VSS,Metal1,881.6830,1088.1015,0.002193
_11589_,VSS,Metal1,881.0600,1089.1660,0.002193
_11590_,VSS,Metal1,913.8800,1088.1900,0.002013
_11591_,VSS,Metal1,904.2375,1088.1550,0.002101
_11592_,VSS,Metal1,896.7665,1088.1480,0.002146
_11593_,VSS,Metal1,915.2100,1089.1215,0.002012
_11594_,VSS,Metal1,864.8465,1088.1480,0.002247
_11595_,VSS,Metal1,931.4500,1079.0415,0.001628
_11596_,VSS,Metal1,933.4400,1088.1900,0.001839
_11597_,VSS,Metal1,931.3875,1089.0435,0.001839
_11598_,VSS,Metal1,925.3000,1078.0335,0.001654
_11599_,VSS,Metal1,927.2265,1088.0230,0.001952
_11600_,VSS,Metal1,923.2800,1079.0860,0.001655
_11601_,VSS,Metal1,963.6100,1089.2750,0.001818
_11602_,VSS,Metal1,962.2500,1088.1580,0.001818
_11603_,VSS,Metal1,905.8425,1078.9635,0.001750
_11604_,VSS,Metal1,922.2800,1088.1900,0.001982
_11605_,VSS,Metal1,920.4775,1089.1250,0.001983
_11606_,VSS,Metal1,988.2665,1069.0965,0.001332
_11607_,VSS,Metal1,1037.4425,1057.9960,0.001330
_11608_,VSS,Metal1,989.3865,1048.9365,0.001353
_11609_,VSS,Metal1,989.2825,1028.5635,0.001354
_11610_,VSS,Metal1,874.5800,1089.2450,0.002222
_11611_,VSS,Metal1,856.4200,1089.1660,0.002358
_11612_,VSS,Metal1,942.0440,1089.3085,0.001824
_11613_,VSS,Metal1,1031.9565,1037.5930,0.001421
_11614_,VSS,Metal1,982.1065,1018.6965,0.001351
_11615_,VSS,Metal1,984.0275,1037.8360,0.001485
_11616_,VSS,Metal1,980.8825,1088.2360,0.001822
_11617_,VSS,Metal1,1000.0265,1067.8630,0.001332
_11618_,VSS,Metal1,969.6825,1089.0435,0.001819
_11619_,VSS,Metal1,1004.9625,1068.8835,0.001332
_11620_,VSS,Metal1,976.9625,1088.2360,0.001820
_11621_,VSS,Metal1,1002.0300,1078.9635,0.001442
_11622_,VSS,Metal1,973.1465,1088.0230,0.001820
_11623_,VSS,Metal1,1003.8425,1068.0760,0.001332
_11624_,VSS,Metal1,974.7225,1089.0435,0.001820
_11625_,VSS,Metal1,1003.0675,1088.2360,0.001824
_11626_,VSS,Metal1,1004.8200,1078.0335,0.001441
_11627_,VSS,Metal1,1005.6265,1047.7030,0.001352
_11628_,VSS,Metal1,982.5625,1078.9635,0.001461
_11629_,VSS,Metal1,1027.9225,1068.0760,0.001331
_11630_,VSS,Metal1,983.6825,1058.8035,0.001331
_11631_,VSS,Metal1,1007.4630,1057.8950,0.001330
_11632_,VSS,Metal1,1019.6200,1077.9550,0.001428
_11633_,VSS,Metal1,1016.5800,1058.9260,0.001329
_11634_,VSS,Metal1,987.6025,1058.8035,0.001330
_11635_,VSS,Metal1,1018.2700,1048.7235,0.001351
_11636_,VSS,Metal1,1012.8025,1089.0435,0.001825
_11637_,VSS,Metal1,1016.5075,1068.8835,0.001331
_11638_,VSS,Metal1,955.7865,1077.9430,0.001493
_11639_,VSS,Metal1,954.4100,1079.0415,0.001493
_11640_,VSS,Metal1,1021.2025,1068.8835,0.001331
_11641_,VSS,Metal1,1019.3075,1068.0760,0.001331
_11642_,VSS,Metal1,1021.3000,1059.0050,0.001329
_11643_,VSS,Metal1,1016.6430,1057.8615,0.001329
_11644_,VSS,Metal1,1003.8425,1037.8360,0.001482
_11645_,VSS,Metal1,1003.4200,1038.7375,0.001482
_11646_,VSS,Metal1,988.8200,1079.1650,0.001453
_11647_,VSS,Metal1,996.0025,1088.2360,0.001822
_11648_,VSS,Metal1,964.7465,1077.9430,0.001485
_11649_,VSS,Metal1,981.7030,1078.0550,0.001461
_11650_,VSS,Metal1,1033.5225,1068.0760,0.001331
_11651_,VSS,Metal1,977.2530,1079.0500,0.001478
_11652_,VSS,Metal1,983.0430,1069.0180,0.001333
_11653_,VSS,Metal1,998.2425,1089.0435,0.001823
_11654_,VSS,Metal1,999.6230,1068.9850,0.001332
_11655_,VSS,Metal1,997.2265,1047.7030,0.001352
_11656_,VSS,Metal1,983.9430,1067.9750,0.001333
_11657_,VSS,Metal1,995.4425,1048.7235,0.001352
_11658_,VSS,Metal1,975.2825,1078.1560,0.001478
_11659_,VSS,Metal1,978.0030,1067.9415,0.001333
_11660_,VSS,Metal1,985.5000,1057.9060,0.001331
_11661_,VSS,Metal1,989.7630,1047.7815,0.001353
_11662_,VSS,Metal1,995.4425,1008.4035,0.001321
_11663_,VSS,Metal1,1013.7075,1088.2360,0.001825
_11664_,VSS,Metal1,1023.4425,1088.2360,0.001827
_11665_,VSS,Metal1,940.5625,1078.9635,0.001565
_11666_,VSS,Metal1,1036.6675,1078.9635,0.001416
_11667_,VSS,Metal1,1021.6200,1078.9400,0.001428
_11668_,VSS,Metal1,1028.8275,1088.2360,0.001827
_11669_,VSS,Metal1,1003.0675,1089.0435,0.001824
_11670_,VSS,Metal1,1015.6025,1078.9635,0.001432
_11671_,VSS,Metal1,1011.7600,1079.0860,0.001437
_11672_,VSS,Metal1,1033.3900,1057.9960,0.001329
_11673_,VSS,Metal1,1039.2265,1067.8630,0.001331
_11674_,VSS,Metal1,1037.5200,1069.0060,0.001331
_11675_,VSS,Metal1,1029.6800,1078.0335,0.001416
_11676_,VSS,Metal1,1017.4200,1038.7250,0.001473
_11677_,VSS,Metal1,979.3065,1007.3830,0.001324
_11678_,VSS,Metal1,977.7735,998.4665,0.001374
_11679_,VSS,Metal1,979.3400,1008.4975,0.001324
_11680_,VSS,Metal1,138.6425,170.9560,0.007192
_11681_,VSS,Metal1,148.5000,161.7310,0.007106
_11682_,VSS,Metal1,149.2825,171.7635,0.007021
_11683_,VSS,Metal1,147.7065,192.1365,0.007010
_11684_,VSS,Metal1,348.6425,362.4760,0.005049
_11685_,VSS,Metal1,321.2025,363.2835,0.005060
_11686_,VSS,Metal1,362.7400,362.2750,0.004643
_11687_,VSS,Metal1,355.0630,382.5350,0.004746
_11688_,VSS,Metal1,360.8465,444.0115,0.003200
_11689_,VSS,Metal1,362.0825,474.1635,0.002082
_11690_,VSS,Metal1,349.7625,473.3560,0.002084
_11691_,VSS,Metal1,356.5800,483.2350,0.001660
_11692_,VSS,Metal1,349.3000,474.3650,0.002084
_11693_,VSS,Metal1,355.2830,473.2215,0.002083
_11694_,VSS,Metal1,354.3465,452.9830,0.002917
_11695_,VSS,Metal1,354.5030,463.1750,0.002527
_11696_,VSS,Metal1,355.0630,443.0150,0.003203
_11697_,VSS,Metal1,363.0500,372.4780,0.004689
_11698_,VSS,Metal1,150.1800,201.1485,0.006904
_11699_,VSS,Metal1,143.6030,201.0615,0.006917
_11700_,VSS,Metal1,155.3000,171.8860,0.007021
_11701_,VSS,Metal1,168.7665,170.8680,0.007020
_11702_,VSS,Metal1,122.8200,150.6735,0.007234
_11703_,VSS,Metal1,148.5000,151.6510,0.007216
_11704_,VSS,Metal1,135.2825,191.9235,0.007044
_11705_,VSS,Metal1,264.0825,191.9235,0.006790
_11706_,VSS,Metal1,156.1000,190.9150,0.007010
_11707_,VSS,Metal1,270.1265,271.6680,0.006698
_11708_,VSS,Metal1,264.6425,261.6760,0.006596
_11709_,VSS,Metal1,271.4600,262.6850,0.006583
_11710_,VSS,Metal1,228.2425,291.9160,0.006404
_11711_,VSS,Metal1,228.3400,301.7950,0.006265
_11712_,VSS,Metal1,229.3625,282.6435,0.006625
_11713_,VSS,Metal1,237.8600,303.0050,0.006254
_11714_,VSS,Metal1,233.7200,291.7900,0.006404
_11715_,VSS,Metal1,220.2865,261.5880,0.006674
_11716_,VSS,Metal1,227.5665,262.5715,0.006659
_11717_,VSS,Metal1,234.5000,271.5550,0.006793
_11718_,VSS,Metal1,265.6830,262.6180,0.006596
_11719_,VSS,Metal1,150.5000,190.9150,0.007010
_11720_,VSS,Metal1,152.5000,181.9660,0.007017
_11721_,VSS,Metal1,144.9000,190.9150,0.007010
_11722_,VSS,Metal1,154.5830,150.6950,0.007192
_11723_,VSS,Metal1,258.0200,140.5150,0.006992
_11724_,VSS,Metal1,147.8600,150.7630,0.007216
_11725_,VSS,Metal1,167.6300,150.7960,0.007191
_11726_,VSS,Metal1,171.7800,140.5150,0.007107
_11727_,VSS,Metal1,177.1400,141.6460,0.007095
_11728_,VSS,Metal1,257.7800,201.0735,0.006618
_11729_,VSS,Metal1,266.7665,363.3715,0.005145
_11730_,VSS,Metal1,251.2025,362.4760,0.005182
_11731_,VSS,Metal1,258.5800,363.4850,0.005166
_11732_,VSS,Metal1,225.8920,382.2880,0.004979
_11733_,VSS,Metal1,238.8825,363.2835,0.005222
_11734_,VSS,Metal1,245.7000,382.4350,0.004979
_11735_,VSS,Metal1,233.1600,373.4900,0.005190
_11736_,VSS,Metal1,235.2230,372.4550,0.005190
_11737_,VSS,Metal1,256.3400,362.2750,0.005166
_11738_,VSS,Metal1,254.9000,191.9710,0.006806
_11739_,VSS,Metal1,252.2430,150.6615,0.006930
_11740_,VSS,Metal1,257.4665,150.5830,0.006917
_11741_,VSS,Metal1,252.9865,141.7365,0.007016
_11742_,VSS,Metal1,258.4030,141.6580,0.006992
_11743_,VSS,Metal1,172.3465,150.5830,0.007166
_11744_,VSS,Metal1,464.1065,150.5830,0.006138
_11745_,VSS,Metal1,469.1400,150.5950,0.006136
_11746_,VSS,Metal1,471.1400,141.6460,0.006463
_11747_,VSS,Metal1,44.5625,171.7635,0.007189
_11748_,VSS,Metal1,261.3700,190.9735,0.006790
_11749_,VSS,Metal1,453.2100,180.9580,0.005843
_11750_,VSS,Metal1,414.0465,423.8515,0.003740
_11751_,VSS,Metal1,398.4825,454.0035,0.002870
_11752_,VSS,Metal1,405.8600,452.9950,0.002856
_11753_,VSS,Metal1,410.2425,453.1960,0.002846
_11754_,VSS,Metal1,410.9000,463.0750,0.002475
_11755_,VSS,Metal1,412.9200,454.1300,0.002843
_11756_,VSS,Metal1,399.0425,494.3235,0.001330
_11757_,VSS,Metal1,385.0425,483.4360,0.001649
_11758_,VSS,Metal1,401.6275,483.4360,0.001645
_11759_,VSS,Metal1,415.9200,483.3135,0.001626
_11760_,VSS,Metal1,415.8425,443.9235,0.003149
_11761_,VSS,Metal1,417.9665,432.9480,0.003512
_11762_,VSS,Metal1,415.4200,453.1060,0.002842
_11763_,VSS,Metal1,449.5465,171.9765,0.005871
_11764_,VSS,Metal1,454.9100,171.7635,0.005848
_11765_,VSS,Metal1,455.1800,170.8625,0.005848
_11766_,VSS,Metal1,466.3400,151.8050,0.006137
_11767_,VSS,Metal1,477.9230,141.6580,0.006430
_11768_,VSS,Metal1,473.5225,150.7960,0.006124
_11769_,VSS,Metal1,474.6425,160.8760,0.006158
_11770_,VSS,Metal1,480.5800,151.6510,0.006095
_11771_,VSS,Metal1,45.1225,151.6035,0.007262
_11772_,VSS,Metal1,411.4665,323.1765,0.005586
_11773_,VSS,Metal1,415.9465,323.1765,0.005568
_11774_,VSS,Metal1,413.7000,313.0850,0.005989
_11775_,VSS,Metal1,410.9400,322.0625,0.005586
_11776_,VSS,Metal1,435.3100,301.9960,0.005897
_11777_,VSS,Metal1,439.0630,302.9050,0.005884
_11778_,VSS,Metal1,445.9400,322.0335,0.005431
_11779_,VSS,Metal1,443.3865,311.8630,0.005792
_11780_,VSS,Metal1,455.0425,302.8035,0.005764
_11781_,VSS,Metal1,461.3000,303.0050,0.005715
_11782_,VSS,Metal1,458.4025,312.0760,0.005680
_11783_,VSS,Metal1,467.4600,313.0850,0.005653
_11784_,VSS,Metal1,463.8800,311.9500,0.005657
_11785_,VSS,Metal1,449.5800,311.9860,0.005776
_11786_,VSS,Metal1,452.8025,181.8435,0.005843
_11787_,VSS,Metal1,457.8425,181.0360,0.005799
_11788_,VSS,Metal1,461.3000,171.9650,0.005824
_11789_,VSS,Metal1,463.3000,170.8335,0.005824
_11790_,VSS,Metal1,460.7400,160.6750,0.006159
_11791_,VSS,Metal1,487.6200,151.8050,0.006088
_11792_,VSS,Metal1,508.8025,150.7960,0.006102
_11793_,VSS,Metal1,499.1400,150.6735,0.006093
_11794_,VSS,Metal1,487.3800,171.8860,0.005704
_11795_,VSS,Metal1,480.5800,171.8110,0.005704
_11796_,VSS,Metal1,494.3465,171.9765,0.005709
_11797_,VSS,Metal1,450.4465,372.4680,0.004545
_11798_,VSS,Metal1,438.0900,363.3615,0.004408
_11799_,VSS,Metal1,453.4400,363.4060,0.004396
_11800_,VSS,Metal1,487.9720,372.2080,0.004327
_11801_,VSS,Metal1,499.9465,353.4165,0.004343
_11802_,VSS,Metal1,486.2600,352.2735,0.004342
_11803_,VSS,Metal1,503.2025,362.4760,0.004342
_11804_,VSS,Metal1,494.3200,353.3260,0.004342
_11805_,VSS,Metal1,487.6000,353.3260,0.004342
_11806_,VSS,Metal1,461.7625,353.2035,0.004563
_11807_,VSS,Metal1,453.7075,191.1160,0.005551
_11808_,VSS,Metal1,460.8935,190.9730,0.005357
_11809_,VSS,Metal1,460.4275,181.8435,0.005782
_11810_,VSS,Metal1,474.7465,190.9030,0.005335
_11811_,VSS,Metal1,466.6800,181.9700,0.005716
_11812_,VSS,Metal1,500.9625,171.7635,0.005713
_11813_,VSS,Metal1,489.3400,180.9425,0.005648
_11814_,VSS,Metal1,497.1300,170.8135,0.005710
_11815_,VSS,Metal1,886.3465,212.2965,0.006753
_11816_,VSS,Metal1,890.5000,221.3085,0.006882
_11817_,VSS,Metal1,823.9665,242.4115,0.006604
_11818_,VSS,Metal1,820.6065,232.3315,0.006597
_11819_,VSS,Metal1,861.6025,222.1635,0.006749
_11820_,VSS,Metal1,849.8425,221.3560,0.006713
_11821_,VSS,Metal1,854.1075,221.3560,0.006730
_11822_,VSS,Metal1,866.1600,231.3135,0.006697
_11823_,VSS,Metal1,860.4825,262.4835,0.006573
_11824_,VSS,Metal1,866.1800,271.5550,0.006406
_11825_,VSS,Metal1,864.4025,262.4835,0.006590
_11826_,VSS,Metal1,853.3000,272.7650,0.006395
_11827_,VSS,Metal1,855.9230,262.6180,0.006565
_11828_,VSS,Metal1,853.7625,242.3235,0.006706
_11829_,VSS,Metal1,852.4275,232.2435,0.006696
_11830_,VSS,Metal1,823.3800,231.3135,0.006597
_11831_,VSS,Metal1,810.9330,221.2700,0.006635
_11832_,VSS,Metal1,815.5400,222.2860,0.006669
_11833_,VSS,Metal1,817.3625,231.4360,0.006591
_11834_,VSS,Metal1,39.5225,231.4360,0.007049
_11835_,VSS,Metal1,821.9200,222.2860,0.006669
_11836_,VSS,Metal1,899.2000,221.2335,0.006903
_11837_,VSS,Metal1,906.2600,221.2335,0.006914
_11838_,VSS,Metal1,884.1000,221.1550,0.006859
_11839_,VSS,Metal1,896.2650,262.6810,0.006668
_11840_,VSS,Metal1,815.1225,292.7235,0.006163
_11841_,VSS,Metal1,790.3665,323.0515,0.005531
_11842_,VSS,Metal1,800.4300,332.2360,0.005349
_11843_,VSS,Metal1,797.4630,323.0650,0.005534
_11844_,VSS,Metal1,780.8520,282.9920,0.006216
_11845_,VSS,Metal1,773.6825,302.8035,0.005809
_11846_,VSS,Metal1,762.0200,292.9250,0.006150
_11847_,VSS,Metal1,774.6800,301.8700,0.005809
_11848_,VSS,Metal1,777.8630,292.8250,0.006151
_11849_,VSS,Metal1,801.2265,311.8630,0.005796
_11850_,VSS,Metal1,820.2600,292.9250,0.006177
_11851_,VSS,Metal1,821.2250,301.7985,0.005868
_11852_,VSS,Metal1,56.5735,301.8530,0.006428
_11853_,VSS,Metal1,826.7400,292.8460,0.006184
_11854_,VSS,Metal1,904.8000,261.5535,0.006677
_11855_,VSS,Metal1,910.8825,261.6760,0.006695
_11856_,VSS,Metal1,910.8825,251.5960,0.006718
_11857_,VSS,Metal1,901.9225,272.5635,0.006476
_11858_,VSS,Metal1,906.2600,251.4735,0.006717
_11859_,VSS,Metal1,896.1000,261.6285,0.006668
_11860_,VSS,Metal1,898.1065,271.5430,0.006471
_11861_,VSS,Metal1,823.0665,303.0165,0.005868
_11862_,VSS,Metal1,756.7665,382.5480,0.004688
_11863_,VSS,Metal1,754.5265,373.4515,0.004634
_11864_,VSS,Metal1,742.8825,353.2035,0.004685
_11865_,VSS,Metal1,741.7625,372.5560,0.004602
_11866_,VSS,Metal1,747.1475,362.4760,0.004500
_11867_,VSS,Metal1,742.9600,362.3535,0.004500
_11868_,VSS,Metal1,760.8025,483.4360,0.001535
_11869_,VSS,Metal1,770.4200,473.1550,0.002011
_11870_,VSS,Metal1,756.8825,473.3560,0.002009
_11871_,VSS,Metal1,759.7800,474.3650,0.002010
_11872_,VSS,Metal1,775.2830,474.2980,0.002012
_11873_,VSS,Metal1,756.3225,464.0835,0.002394
_11874_,VSS,Metal1,755.5475,372.5560,0.004634
_11875_,VSS,Metal1,756.1800,363.4060,0.004528
_11876_,VSS,Metal1,828.9000,302.8510,0.005927
_11877_,VSS,Metal1,49.6025,312.8835,0.006418
_11878_,VSS,Metal1,842.0025,312.0760,0.006060
_11879_,VSS,Metal1,845.4600,301.7950,0.005937
_11880_,VSS,Metal1,895.3400,272.6575,0.006465
_11881_,VSS,Metal1,898.5625,301.9960,0.006037
_11882_,VSS,Metal1,900.3800,252.4975,0.006704
_11883_,VSS,Metal1,873.7000,301.9485,0.005993
_11884_,VSS,Metal1,823.6200,311.8750,0.005864
_11885_,VSS,Metal1,740.5265,432.9480,0.003308
_11886_,VSS,Metal1,749.1465,422.7430,0.003614
_11887_,VSS,Metal1,754.7465,422.7430,0.003615
_11888_,VSS,Metal1,728.9865,484.4565,0.001531
_11889_,VSS,Metal1,742.1800,474.2860,0.002000
_11890_,VSS,Metal1,745.2265,484.4565,0.001535
_11891_,VSS,Metal1,743.3000,483.3135,0.001535
_11892_,VSS,Metal1,734.9000,483.4600,0.001532
_11893_,VSS,Metal1,726.7465,473.1430,0.001998
_11894_,VSS,Metal1,722.0200,464.2060,0.002397
_11895_,VSS,Metal1,722.1625,473.3560,0.001998
_11896_,VSS,Metal1,728.4000,464.2060,0.002397
_11897_,VSS,Metal1,735.9475,463.2760,0.002397
_11898_,VSS,Metal1,743.5800,413.7775,0.003837
_11899_,VSS,Metal1,818.5865,311.8630,0.005851
_11900_,VSS,Metal1,828.0025,312.8835,0.006019
_11901_,VSS,Metal1,826.8825,301.9960,0.005923
_11902_,VSS,Metal1,833.1465,311.8630,0.006038
_11903_,VSS,Metal1,864.2600,302.0200,0.005975
_11904_,VSS,Metal1,889.0425,301.9960,0.006026
_11905_,VSS,Metal1,858.8025,301.9960,0.005964
_11906_,VSS,Metal1,879.5225,301.9960,0.006004
_11907_,VSS,Metal1,874.2675,302.8035,0.005993
_11908_,VSS,Metal1,868.1000,302.8510,0.005983
_11909_,VSS,Metal1,824.5000,313.0060,0.005864
_11910_,VSS,Metal1,679.4865,432.9480,0.003277
_11911_,VSS,Metal1,661.1225,474.1635,0.001960
_11912_,VSS,Metal1,668.2500,454.0815,0.002658
_11913_,VSS,Metal1,671.0600,453.0735,0.002658
_11914_,VSS,Metal1,663.9225,433.0360,0.003256
_11915_,VSS,Metal1,670.7200,432.9135,0.003261
_11916_,VSS,Metal1,681.3865,463.0630,0.002375
_11917_,VSS,Metal1,677.6230,453.0950,0.002661
_11918_,VSS,Metal1,659.5400,464.2850,0.002364
_11919_,VSS,Metal1,657.2025,474.1635,0.001956
_11920_,VSS,Metal1,666.8200,483.2350,0.001491
_11921_,VSS,Metal1,664.3600,473.2300,0.001963
_11922_,VSS,Metal1,675.2600,444.0175,0.003030
_11923_,VSS,Metal1,821.9465,321.9430,0.005590
_11924_,VSS,Metal1,827.3100,322.1560,0.005591
_11925_,VSS,Metal1,835.5730,312.9700,0.006039
_11926_,VSS,Metal1,864.2600,312.1000,0.006090
_11927_,VSS,Metal1,925.8600,313.0060,0.006123
_11928_,VSS,Metal1,867.2025,312.8835,0.006104
_11929_,VSS,Metal1,873.7000,322.1085,0.005758
_11930_,VSS,Metal1,826.2065,403.6915,0.004206
_11931_,VSS,Metal1,825.6465,412.7880,0.003933
_11932_,VSS,Metal1,863.8425,473.3560,0.002147
_11933_,VSS,Metal1,866.1800,464.2850,0.002411
_11934_,VSS,Metal1,861.6025,443.9235,0.003088
_11935_,VSS,Metal1,858.9000,463.0750,0.002409
_11936_,VSS,Metal1,860.9200,454.1300,0.002810
_11937_,VSS,Metal1,865.5225,412.8760,0.003993
_11938_,VSS,Metal1,864.9625,413.6835,0.003993
_11939_,VSS,Metal1,860.8275,412.8760,0.003985
_11940_,VSS,Metal1,861.1200,413.8060,0.003985
_11941_,VSS,Metal1,854.3225,412.8760,0.003967
_11942_,VSS,Metal1,845.5000,403.6935,0.004248
_11943_,VSS,Metal1,845.6530,322.0700,0.005642
_11944_,VSS,Metal1,839.0600,332.1135,0.005367
_11945_,VSS,Metal1,840.8825,312.8835,0.006060
_11946_,VSS,Metal1,847.1465,313.0965,0.006082
_11947_,VSS,Metal1,866.5000,322.9400,0.005739
_11948_,VSS,Metal1,923.0600,333.1660,0.005576
_11949_,VSS,Metal1,783.2025,423.7635,0.003623
_11950_,VSS,Metal1,779.8425,422.9560,0.003622
_11951_,VSS,Metal1,776.8275,433.0360,0.003300
_11952_,VSS,Metal1,779.3600,423.8860,0.003622
_11953_,VSS,Metal1,798.2065,493.4280,0.001187
_11954_,VSS,Metal1,805.4865,494.4115,0.001192
_11955_,VSS,Metal1,795.9665,483.3480,0.001531
_11956_,VSS,Metal1,799.8920,484.5920,0.001532
_11957_,VSS,Metal1,796.6425,464.0835,0.002350
_11958_,VSS,Metal1,797.2025,423.7635,0.003622
_11959_,VSS,Metal1,834.3200,323.0100,0.005612
_11960_,VSS,Metal1,833.7000,321.9550,0.005612
_11961_,VSS,Metal1,838.7800,322.0625,0.005624
_11962_,VSS,Metal1,884.5625,322.9635,0.005797
_11963_,VSS,Metal1,875.4600,323.0860,0.005758
_11964_,VSS,Metal1,886.8025,332.2360,0.005498
_11965_,VSS,Metal1,884.9000,322.1085,0.005797
_11966_,VSS,Metal1,892.5000,323.1650,0.005821
_11967_,VSS,Metal1,895.6830,332.1015,0.005529
_11968_,VSS,Metal1,897.4425,333.0435,0.005529
_11969_,VSS,Metal1,902.8200,342.2685,0.005363
_11970_,VSS,Metal1,839.3065,323.1765,0.005624
_11971_,VSS,Metal1,816.1265,353.2915,0.005159
_11972_,VSS,Metal1,864.9625,373.3635,0.004908
_11973_,VSS,Metal1,857.5500,343.1235,0.005258
_11974_,VSS,Metal1,816.1265,352.3080,0.005159
_11975_,VSS,Metal1,857.7800,392.5150,0.004741
_11976_,VSS,Metal1,858.8025,373.3635,0.004880
_11977_,VSS,Metal1,850.5000,392.5150,0.004482
_11978_,VSS,Metal1,853.6400,383.5700,0.005003
_11979_,VSS,Metal1,856.2630,362.3750,0.004981
_11980_,VSS,Metal1,858.3465,363.4965,0.004982
_11981_,VSS,Metal1,850.5400,352.3025,0.005265
_11982_,VSS,Metal1,849.4200,362.3860,0.004963
_11983_,VSS,Metal1,847.9400,332.1885,0.005386
_11984_,VSS,Metal1,854.9800,332.0350,0.005407
_11985_,VSS,Metal1,912.9800,342.1935,0.005371
_11986_,VSS,Metal1,914.9400,343.2135,0.005373
_11987_,VSS,Metal1,910.8825,312.0760,0.006125
_11988_,VSS,Metal1,844.3400,333.2450,0.005380
_11989_,VSS,Metal1,822.2865,453.1080,0.002737
_11990_,VSS,Metal1,825.0865,454.0915,0.002738
_11991_,VSS,Metal1,836.9625,484.2435,0.001572
_11992_,VSS,Metal1,843.1225,493.5160,0.001196
_11993_,VSS,Metal1,852.0825,494.3235,0.001197
_11994_,VSS,Metal1,839.2025,493.5160,0.001196
_11995_,VSS,Metal1,860.5800,484.4450,0.001584
_11996_,VSS,Metal1,846.5800,484.4450,0.001583
_11997_,VSS,Metal1,854.8030,484.3780,0.001584
_11998_,VSS,Metal1,858.8025,474.1635,0.002133
_11999_,VSS,Metal1,847.3875,493.5160,0.001197
_12000_,VSS,Metal1,854.9600,474.2860,0.002127
_12001_,VSS,Metal1,851.8675,473.3560,0.002127
_12002_,VSS,Metal1,843.5400,454.1260,0.002787
_12003_,VSS,Metal1,845.1400,323.0110,0.005642
_12004_,VSS,Metal1,853.8600,323.1650,0.005739
_12005_,VSS,Metal1,902.3400,332.1135,0.005548
_12006_,VSS,Metal1,919.7000,322.0335,0.005828
_12007_,VSS,Metal1,903.7000,303.0050,0.006045
_12008_,VSS,Metal1,911.5800,322.0625,0.005822
_12009_,VSS,Metal1,128.4200,271.7800,0.006932
_12010_,VSS,Metal1,133.6025,262.4835,0.006931
_12011_,VSS,Metal1,128.4200,70.9935,0.006838
_12012_,VSS,Metal1,161.0425,271.7560,0.006855
_12013_,VSS,Metal1,259.1465,303.0165,0.006217
_12014_,VSS,Metal1,258.5865,332.0230,0.005504
_12015_,VSS,Metal1,255.4130,323.0500,0.005939
_12016_,VSS,Metal1,252.8825,332.2360,0.005506
_12017_,VSS,Metal1,246.7225,332.2360,0.005514
_12018_,VSS,Metal1,227.5665,312.9715,0.006415
_12019_,VSS,Metal1,223.3065,311.8630,0.006417
_12020_,VSS,Metal1,226.2630,323.0650,0.005995
_12021_,VSS,Metal1,222.6425,342.3160,0.005545
_12022_,VSS,Metal1,219.3800,343.3250,0.005549
_12023_,VSS,Metal1,232.7225,332.2360,0.005678
_12024_,VSS,Metal1,233.9400,333.2450,0.005678
_12025_,VSS,Metal1,228.1200,343.2500,0.005467
_12026_,VSS,Metal1,247.9300,321.9805,0.005976
_12027_,VSS,Metal1,53.5225,202.0035,0.006994
_12028_,VSS,Metal1,129.7600,201.0735,0.006918
_12029_,VSS,Metal1,122.4800,81.1660,0.007040
_12030_,VSS,Metal1,128.0025,70.1560,0.006838
_12031_,VSS,Metal1,121.8425,70.9635,0.006849
_12032_,VSS,Metal1,121.2825,90.3160,0.007190
_12033_,VSS,Metal1,112.6600,111.3310,0.007136
_12034_,VSS,Metal1,105.6025,110.4760,0.007148
_12035_,VSS,Metal1,166.7465,211.0630,0.006917
_12036_,VSS,Metal1,260.2665,211.0630,0.006699
_12037_,VSS,Metal1,258.0265,202.2165,0.006618
_12038_,VSS,Metal1,254.8530,211.1900,0.006707
_12039_,VSS,Metal1,250.6425,202.0035,0.006658
_12040_,VSS,Metal1,243.9225,202.0035,0.006702
_12041_,VSS,Metal1,229.3625,231.4360,0.006956
_12042_,VSS,Metal1,224.9800,231.2350,0.006958
_12043_,VSS,Metal1,219.8425,232.2435,0.006960
_12044_,VSS,Metal1,233.3800,232.4450,0.006949
_12045_,VSS,Metal1,228.1200,241.3900,0.006871
_12046_,VSS,Metal1,227.5665,202.0915,0.006779
_12047_,VSS,Metal1,219.3865,221.1430,0.006850
_12048_,VSS,Metal1,218.4230,212.1850,0.006805
_12049_,VSS,Metal1,235.6265,211.0030,0.006786
_12050_,VSS,Metal1,151.8600,202.0510,0.006899
_12051_,VSS,Metal1,108.8830,202.1380,0.006934
_12052_,VSS,Metal1,102.6600,101.3260,0.006965
_12053_,VSS,Metal1,114.4465,71.0515,0.006849
_12054_,VSS,Metal1,128.4200,91.2460,0.007189
_12055_,VSS,Metal1,128.9000,100.3485,0.006946
_12056_,VSS,Metal1,121.2825,181.0360,0.007053
_12057_,VSS,Metal1,172.1100,191.9235,0.007002
_12058_,VSS,Metal1,164.2500,161.7615,0.007098
_12059_,VSS,Metal1,344.6065,201.1080,0.006286
_12060_,VSS,Metal1,308.8825,171.7635,0.006486
_12061_,VSS,Metal1,330.8265,151.8165,0.006593
_12062_,VSS,Metal1,345.1665,192.0115,0.006071
_12063_,VSS,Metal1,317.3800,200.9950,0.006407
_12064_,VSS,Metal1,303.8425,181.8435,0.006612
_12065_,VSS,Metal1,308.9800,180.8350,0.006589
_12066_,VSS,Metal1,314.3600,171.8900,0.006467
_12067_,VSS,Metal1,333.2230,160.7750,0.006665
_12068_,VSS,Metal1,339.2265,160.6630,0.006665
_12069_,VSS,Metal1,325.8200,160.7825,0.006665
_12070_,VSS,Metal1,324.1400,170.8660,0.006438
_12071_,VSS,Metal1,167.3000,160.6750,0.007097
_12072_,VSS,Metal1,159.7800,161.8060,0.007105
_12073_,VSS,Metal1,131.4600,171.9650,0.007197
_12074_,VSS,Metal1,128.8230,110.3750,0.007113
_12075_,VSS,Metal1,134.2600,81.2450,0.007030
_12076_,VSS,Metal1,119.7400,100.3025,0.006961
_12077_,VSS,Metal1,121.6200,101.2510,0.006958
_12078_,VSS,Metal1,126.8825,131.4435,0.007276
_12079_,VSS,Metal1,176.0300,170.9560,0.007020
_12080_,VSS,Metal1,263.0665,180.8230,0.006774
_12081_,VSS,Metal1,259.1465,182.0565,0.006806
_12082_,VSS,Metal1,257.6530,180.9500,0.006806
_12083_,VSS,Metal1,254.5625,181.8435,0.006815
_12084_,VSS,Metal1,247.8425,181.0360,0.006816
_12085_,VSS,Metal1,225.8600,160.7535,0.007058
_12086_,VSS,Metal1,221.6265,170.7430,0.006957
_12087_,VSS,Metal1,226.2630,161.7850,0.007058
_12088_,VSS,Metal1,226.1065,170.7430,0.006918
_12089_,VSS,Metal1,227.6825,181.8435,0.006852
_12090_,VSS,Metal1,228.3400,180.8350,0.006852
_12091_,VSS,Metal1,238.3225,170.9560,0.006905
_12092_,VSS,Metal1,233.9400,180.8350,0.006840
_12093_,VSS,Metal1,227.5600,171.8900,0.006918
_12094_,VSS,Metal1,234.5065,172.0365,0.006913
_12095_,VSS,Metal1,178.2600,161.8060,0.007083
_12096_,VSS,Metal1,170.8200,161.7165,0.007096
_12097_,VSS,Metal1,172.0275,160.8760,0.007095
_12098_,VSS,Metal1,134.8200,120.3550,0.007188
_12099_,VSS,Metal1,132.1830,101.3050,0.006944
_12100_,VSS,Metal1,140.4200,81.2450,0.007030
_12101_,VSS,Metal1,119.6900,110.3375,0.007127
_12102_,VSS,Metal1,194.7465,91.3365,0.006980
_12103_,VSS,Metal1,189.7000,100.1950,0.006899
_12104_,VSS,Metal1,197.8600,90.1935,0.006980
_12105_,VSS,Metal1,51.8425,141.5235,0.007179
_12106_,VSS,Metal1,180.4275,170.9560,0.007011
_12107_,VSS,Metal1,405.6465,181.9315,0.006250
_12108_,VSS,Metal1,440.4825,170.9560,0.005934
_12109_,VSS,Metal1,423.2200,171.9650,0.005943
_12110_,VSS,Metal1,428.1625,151.6035,0.006322
_12111_,VSS,Metal1,438.3400,161.8850,0.006315
_12112_,VSS,Metal1,425.2400,170.8300,0.005943
_12113_,VSS,Metal1,383.9225,160.8760,0.006507
_12114_,VSS,Metal1,385.0425,161.6835,0.006507
_12115_,VSS,Metal1,401.6275,160.8760,0.006463
_12116_,VSS,Metal1,396.3200,160.7535,0.006469
_12117_,VSS,Metal1,419.8665,170.7430,0.005946
_12118_,VSS,Metal1,401.8425,171.7635,0.006069
_12119_,VSS,Metal1,402.5000,180.8350,0.006251
_12120_,VSS,Metal1,395.3300,171.9000,0.006137
_12121_,VSS,Metal1,186.9000,150.5950,0.007107
_12122_,VSS,Metal1,180.2400,151.6500,0.007125
_12123_,VSS,Metal1,179.6600,150.7025,0.007125
_12124_,VSS,Metal1,186.9000,131.6450,0.007190
_12125_,VSS,Metal1,190.0830,81.1780,0.006906
_12126_,VSS,Metal1,180.6425,101.2035,0.006918
_12127_,VSS,Metal1,188.4825,110.4760,0.006972
_12128_,VSS,Metal1,197.2200,100.3485,0.006888
_12129_,VSS,Metal1,48.4825,120.5560,0.007342
_12130_,VSS,Metal1,466.1265,211.1880,0.005799
_12131_,VSS,Metal1,473.0600,211.0750,0.005792
_12132_,VSS,Metal1,453.3625,211.2760,0.005841
_12133_,VSS,Metal1,504.2065,222.2515,0.006067
_12134_,VSS,Metal1,493.1225,241.5160,0.006110
_12135_,VSS,Metal1,494.2425,242.3235,0.006110
_12136_,VSS,Metal1,494.2425,202.0035,0.005526
_12137_,VSS,Metal1,499.6275,232.2435,0.006197
_12138_,VSS,Metal1,490.9800,200.9950,0.005522
_12139_,VSS,Metal1,496.5800,200.9950,0.005526
_12140_,VSS,Metal1,502.5265,212.1715,0.005728
_12141_,VSS,Metal1,493.6030,212.2180,0.005723
_12142_,VSS,Metal1,458.8830,211.1415,0.005807
_12143_,VSS,Metal1,183.8600,160.7535,0.007078
_12144_,VSS,Metal1,189.3800,151.6510,0.007106
_12145_,VSS,Metal1,191.3865,130.4230,0.007190
_12146_,VSS,Metal1,180.1800,120.3550,0.007096
_12147_,VSS,Metal1,191.7265,101.2915,0.006899
_12148_,VSS,Metal1,198.4465,81.1315,0.006906
_12149_,VSS,Metal1,207.3800,120.4335,0.007086
_12150_,VSS,Metal1,208.9800,110.4285,0.006962
_12151_,VSS,Metal1,385.4865,231.3480,0.006306
_12152_,VSS,Metal1,370.4825,212.0835,0.006193
_12153_,VSS,Metal1,380.1000,211.0750,0.006163
_12154_,VSS,Metal1,391.6465,271.6680,0.006556
_12155_,VSS,Metal1,383.2465,271.6680,0.006556
_12156_,VSS,Metal1,398.4825,252.4035,0.006542
_12157_,VSS,Metal1,380.1000,251.3950,0.006548
_12158_,VSS,Metal1,381.6825,242.3235,0.006479
_12159_,VSS,Metal1,387.3800,261.4750,0.006402
_12160_,VSS,Metal1,387.1600,242.4500,0.006471
_12161_,VSS,Metal1,385.1400,241.3150,0.006471
_12162_,VSS,Metal1,376.0030,212.2180,0.006164
_12163_,VSS,Metal1,370.3400,161.7135,0.006601
_12164_,VSS,Metal1,193.1000,161.7735,0.007075
_12165_,VSS,Metal1,265.2025,160.8760,0.006762
_12166_,VSS,Metal1,260.5700,160.7980,0.006979
_12167_,VSS,Metal1,258.2675,151.6035,0.006917
_12168_,VSS,Metal1,58.0025,161.6835,0.007184
_12169_,VSS,Metal1,216.0200,160.6750,0.007069
_12170_,VSS,Metal1,216.7430,110.3750,0.006942
_12171_,VSS,Metal1,216.5800,90.1150,0.006890
_12172_,VSS,Metal1,206.1330,111.3700,0.006966
_12173_,VSS,Metal1,459.0665,110.2630,0.006397
_12174_,VSS,Metal1,464.9000,110.4285,0.006393
_12175_,VSS,Metal1,492.0025,151.6035,0.006088
_12176_,VSS,Metal1,506.4465,413.7715,0.003824
_12177_,VSS,Metal1,519.8500,412.7980,0.003828
_12178_,VSS,Metal1,505.5200,422.8335,0.003670
_12179_,VSS,Metal1,481.8120,434.1920,0.003226
_12180_,VSS,Metal1,480.3465,432.8230,0.003226
_12181_,VSS,Metal1,483.4600,442.9935,0.003021
_12182_,VSS,Metal1,493.1225,433.8435,0.003226
_12183_,VSS,Metal1,486.4800,422.8335,0.003681
_12184_,VSS,Metal1,487.0400,413.8060,0.003816
_12185_,VSS,Metal1,492.5625,413.6835,0.003821
_12186_,VSS,Metal1,49.7000,192.1250,0.007117
_12187_,VSS,Metal1,482.4250,160.6785,0.006036
_12188_,VSS,Metal1,474.1800,151.8050,0.006124
_12189_,VSS,Metal1,480.3465,110.2630,0.006362
_12190_,VSS,Metal1,473.9400,110.3535,0.006362
_12191_,VSS,Metal1,481.5000,100.3060,0.006352
_12192_,VSS,Metal1,465.7800,101.4050,0.006465
_12193_,VSS,Metal1,490.2650,111.4810,0.006363
_12194_,VSS,Metal1,499.9465,111.4965,0.006373
_12195_,VSS,Metal1,498.3000,160.7950,0.006059
_12196_,VSS,Metal1,546.3225,191.9235,0.005335
_12197_,VSS,Metal1,560.7665,201.1080,0.005593
_12198_,VSS,Metal1,553.0425,201.1960,0.005583
_12199_,VSS,Metal1,552.5800,190.9150,0.005343
_12200_,VSS,Metal1,592.1265,161.7715,0.006205
_12201_,VSS,Metal1,583.2825,171.7635,0.005833
_12202_,VSS,Metal1,595.6025,181.8435,0.005773
_12203_,VSS,Metal1,543.5225,160.8760,0.006134
_12204_,VSS,Metal1,540.1625,170.9560,0.005774
_12205_,VSS,Metal1,547.7875,160.8760,0.006145
_12206_,VSS,Metal1,550.3200,161.8060,0.006145
_12207_,VSS,Metal1,598.1875,161.6835,0.006213
_12208_,VSS,Metal1,590.0800,170.8335,0.005842
_12209_,VSS,Metal1,558.0825,170.9560,0.005799
_12210_,VSS,Metal1,545.3000,170.7550,0.005783
_12211_,VSS,Metal1,533.4425,151.6035,0.006210
_12212_,VSS,Metal1,524.2600,160.8285,0.006120
_12213_,VSS,Metal1,519.5465,170.7430,0.005762
_12214_,VSS,Metal1,507.9430,170.8550,0.005731
_12215_,VSS,Metal1,513.2825,100.3960,0.006351
_12216_,VSS,Metal1,505.5800,111.3775,0.006373
_12217_,VSS,Metal1,486.5400,120.4750,0.006381
_12218_,VSS,Metal1,799.7800,120.5085,0.006662
_12219_,VSS,Metal1,777.0425,160.8760,0.006520
_12220_,VSS,Metal1,629.0865,221.2680,0.006109
_12221_,VSS,Metal1,619.5665,202.0915,0.005623
_12222_,VSS,Metal1,619.5665,252.4915,0.006297
_12223_,VSS,Metal1,585.4065,261.5880,0.006200
_12224_,VSS,Metal1,587.6465,251.5080,0.006301
_12225_,VSS,Metal1,597.7320,252.7520,0.006300
_12226_,VSS,Metal1,607.2465,201.1080,0.005622
_12227_,VSS,Metal1,780.1800,150.7485,0.006544
_12228_,VSS,Metal1,787.6825,131.4435,0.006686
_12229_,VSS,Metal1,789.9225,141.5235,0.006835
_12230_,VSS,Metal1,787.7800,140.5150,0.006835
_12231_,VSS,Metal1,814.0025,141.5235,0.006864
_12232_,VSS,Metal1,798.2000,131.5700,0.006708
_12233_,VSS,Metal1,802.9000,81.2450,0.006656
_12234_,VSS,Metal1,807.1400,81.0735,0.006656
_12235_,VSS,Metal1,806.2600,121.5650,0.006675
_12236_,VSS,Metal1,819.3800,120.5085,0.006725
_12237_,VSS,Metal1,778.5800,151.7260,0.006543
_12238_,VSS,Metal1,668.8465,262.5715,0.006181
_12239_,VSS,Metal1,650.4825,322.1560,0.005195
_12240_,VSS,Metal1,645.4425,292.7235,0.005871
_12241_,VSS,Metal1,630.8825,302.8035,0.005668
_12242_,VSS,Metal1,664.9265,272.6515,0.006156
_12243_,VSS,Metal1,676.9000,321.9550,0.005291
_12244_,VSS,Metal1,670.0825,322.1560,0.005275
_12245_,VSS,Metal1,660.6600,323.1650,0.005273
_12246_,VSS,Metal1,661.5600,313.0100,0.005549
_12247_,VSS,Metal1,636.2675,282.6435,0.005931
_12248_,VSS,Metal1,641.0400,291.7935,0.005856
_12249_,VSS,Metal1,648.2425,282.6435,0.005970
_12250_,VSS,Metal1,659.0200,281.7460,0.006018
_12251_,VSS,Metal1,786.0025,150.7960,0.006559
_12252_,VSS,Metal1,788.6500,151.6815,0.006563
_12253_,VSS,Metal1,793.6275,150.7960,0.006571
_12254_,VSS,Metal1,814.4400,130.5100,0.006721
_12255_,VSS,Metal1,820.2600,100.1950,0.006644
_12256_,VSS,Metal1,824.5000,100.3660,0.006644
_12257_,VSS,Metal1,826.9800,120.3550,0.006725
_12258_,VSS,Metal1,834.6650,120.3585,0.006726
_12259_,VSS,Metal1,678.3665,180.9480,0.006027
_12260_,VSS,Metal1,665.0425,170.9560,0.005963
_12261_,VSS,Metal1,670.1800,170.7550,0.005992
_12262_,VSS,Metal1,629.7625,160.8760,0.006209
_12263_,VSS,Metal1,630.4200,170.7550,0.005859
_12264_,VSS,Metal1,627.5225,151.6035,0.006180
_12265_,VSS,Metal1,636.5800,161.8850,0.006199
_12266_,VSS,Metal1,629.6400,161.8100,0.006209
_12267_,VSS,Metal1,657.6465,150.7080,0.006197
_12268_,VSS,Metal1,658.7665,151.6915,0.006197
_12269_,VSS,Metal1,658.9800,161.8850,0.006124
_12270_,VSS,Metal1,675.0430,161.8180,0.006161
_12271_,VSS,Metal1,795.6200,151.8050,0.006571
_12272_,VSS,Metal1,800.3475,151.6035,0.006581
_12273_,VSS,Metal1,800.6665,150.5830,0.006581
_12274_,VSS,Metal1,805.6025,141.5235,0.006841
_12275_,VSS,Metal1,829.0430,131.5780,0.006767
_12276_,VSS,Metal1,841.8865,80.1480,0.006718
_12277_,VSS,Metal1,833.1800,130.5425,0.006771
_12278_,VSS,Metal1,845.9225,140.7160,0.006954
_12279_,VSS,Metal1,836.7400,131.4910,0.006794
_12280_,VSS,Metal1,717.5665,180.9480,0.006113
_12281_,VSS,Metal1,714.2065,171.8515,0.006165
_12282_,VSS,Metal1,768.0825,161.6835,0.006477
_12283_,VSS,Metal1,755.3000,160.6750,0.006451
_12284_,VSS,Metal1,742.3225,160.8760,0.006418
_12285_,VSS,Metal1,754.1800,151.8050,0.006512
_12286_,VSS,Metal1,751.7200,161.8100,0.006449
_12287_,VSS,Metal1,717.6825,150.7960,0.006359
_12288_,VSS,Metal1,723.2825,160.8760,0.006361
_12289_,VSS,Metal1,721.9475,150.7960,0.006359
_12290_,VSS,Metal1,730.0800,160.7535,0.006392
_12291_,VSS,Metal1,735.0425,161.6835,0.006401
_12292_,VSS,Metal1,744.7000,161.7735,0.006427
_12293_,VSS,Metal1,806.5800,150.6735,0.006591
_12294_,VSS,Metal1,807.1500,160.8760,0.006626
_12295_,VSS,Metal1,805.7400,151.6975,0.006591
_12296_,VSS,Metal1,835.2030,140.5815,0.006905
_12297_,VSS,Metal1,845.2465,91.2115,0.006687
_12298_,VSS,Metal1,727.6465,262.5715,0.006257
_12299_,VSS,Metal1,737.1665,262.5715,0.006269
_12300_,VSS,Metal1,727.6465,302.8915,0.005757
_12301_,VSS,Metal1,714.7665,312.9715,0.005736
_12302_,VSS,Metal1,713.6465,302.8915,0.005745
_12303_,VSS,Metal1,722.0520,311.7280,0.005737
_12304_,VSS,Metal1,728.2065,261.5880,0.006257
_12305_,VSS,Metal1,812.4200,160.6750,0.006661
_12306_,VSS,Metal1,812.4800,150.7500,0.006603
_12307_,VSS,Metal1,817.5000,150.7025,0.006613
_12308_,VSS,Metal1,871.1225,131.4435,0.006906
_12309_,VSS,Metal1,874.4825,120.5560,0.006845
_12310_,VSS,Metal1,880.4200,111.3310,0.006956
_12311_,VSS,Metal1,888.0200,120.3550,0.006846
_12312_,VSS,Metal1,873.8430,111.4180,0.006934
_12313_,VSS,Metal1,893.3800,131.5660,0.006929
_12314_,VSS,Metal1,892.7400,130.5885,0.006929
_12315_,VSS,Metal1,825.6465,191.0280,0.006334
_12316_,VSS,Metal1,823.4065,170.8680,0.006549
_12317_,VSS,Metal1,868.8825,161.6835,0.006810
_12318_,VSS,Metal1,866.0825,170.9560,0.006637
_12319_,VSS,Metal1,872.0275,170.9560,0.006637
_12320_,VSS,Metal1,858.3200,180.9135,0.006886
_12321_,VSS,Metal1,862.7225,191.9235,0.006480
_12322_,VSS,Metal1,865.6200,200.9950,0.006659
_12323_,VSS,Metal1,858.8025,191.9235,0.006457
_12324_,VSS,Metal1,847.7000,190.9150,0.006416
_12325_,VSS,Metal1,853.6830,190.9815,0.006429
_12326_,VSS,Metal1,852.6425,181.8435,0.006867
_12327_,VSS,Metal1,852.4275,171.7635,0.006632
_12328_,VSS,Metal1,826.1800,160.7535,0.006709
_12329_,VSS,Metal1,823.3800,151.7260,0.006634
_12330_,VSS,Metal1,819.3330,160.7900,0.006684
_12331_,VSS,Metal1,827.5465,151.8165,0.006634
_12332_,VSS,Metal1,824.7400,141.7250,0.006889
_12333_,VSS,Metal1,894.5000,120.4335,0.006852
_12334_,VSS,Metal1,892.5400,121.4535,0.006852
_12335_,VSS,Metal1,895.2025,140.7160,0.007070
_12336_,VSS,Metal1,873.5000,140.6225,0.007045
_12337_,VSS,Metal1,867.6200,141.6460,0.007002
_12338_,VSS,Metal1,885.7800,131.6450,0.006914
_12339_,VSS,Metal1,817.9225,141.5235,0.006864
_12340_,VSS,Metal1,757.8865,211.1880,0.006291
_12341_,VSS,Metal1,756.7300,192.0015,0.006080
_12342_,VSS,Metal1,761.4400,202.1260,0.006170
_12343_,VSS,Metal1,768.5320,231.0880,0.006556
_12344_,VSS,Metal1,793.9465,211.0630,0.006421
_12345_,VSS,Metal1,792.0200,212.2060,0.006421
_12346_,VSS,Metal1,791.0425,222.1635,0.006593
_12347_,VSS,Metal1,796.1600,221.2335,0.006621
_12348_,VSS,Metal1,788.3200,221.2335,0.006587
_12349_,VSS,Metal1,794.4025,202.0035,0.006399
_12350_,VSS,Metal1,815.4600,151.6510,0.006610
_12351_,VSS,Metal1,824.7400,150.5950,0.006634
_12352_,VSS,Metal1,884.1400,151.6975,0.006873
_12353_,VSS,Metal1,144.3800,241.4260,0.007016
_12354_,VSS,Metal1,153.2025,232.2435,0.007042
_12355_,VSS,Metal1,137.3800,221.3260,0.007007
_12356_,VSS,Metal1,156.5625,221.3560,0.006951
_12357_,VSS,Metal1,362.0825,120.5560,0.006588
_12358_,VSS,Metal1,349.3065,313.0965,0.006157
_12359_,VSS,Metal1,356.0265,321.9430,0.005737
_12360_,VSS,Metal1,362.7465,311.8630,0.006106
_12361_,VSS,Metal1,355.2200,311.9535,0.006146
_12362_,VSS,Metal1,354.9065,313.1565,0.006146
_12363_,VSS,Metal1,356.4030,130.5015,0.006746
_12364_,VSS,Metal1,354.9400,121.4575,0.006611
_12365_,VSS,Metal1,332.4025,120.5560,0.006623
_12366_,VSS,Metal1,368.3465,373.5765,0.004667
_12367_,VSS,Metal1,368.3465,393.7365,0.004515
_12368_,VSS,Metal1,367.6825,454.0035,0.002902
_12369_,VSS,Metal1,361.0400,423.8860,0.003761
_12370_,VSS,Metal1,361.6600,373.4575,0.004690
_12371_,VSS,Metal1,363.6830,130.5015,0.006733
_12372_,VSS,Metal1,334.7800,130.5425,0.006815
_12373_,VSS,Metal1,264.0825,121.3635,0.006932
_12374_,VSS,Metal1,255.2265,271.5430,0.006764
_12375_,VSS,Metal1,259.1465,262.6965,0.006605
_12376_,VSS,Metal1,238.8825,271.7560,0.006786
_12377_,VSS,Metal1,247.3600,271.6335,0.006769
_12378_,VSS,Metal1,251.9000,262.5775,0.006605
_12379_,VSS,Metal1,248.3230,192.0580,0.006811
_12380_,VSS,Metal1,249.6600,121.4575,0.006932
_12381_,VSS,Metal1,257.3625,121.3635,0.006932
_12382_,VSS,Metal1,264.5265,372.4680,0.004765
_12383_,VSS,Metal1,246.0465,373.4515,0.004784
_12384_,VSS,Metal1,247.7265,372.4680,0.004784
_12385_,VSS,Metal1,244.4030,121.4980,0.006943
_12386_,VSS,Metal1,251.3400,130.5425,0.007127
_12387_,VSS,Metal1,448.3225,111.2835,0.006447
_12388_,VSS,Metal1,413.1465,412.6630,0.003978
_12389_,VSS,Metal1,409.2265,434.0565,0.003515
_12390_,VSS,Metal1,421.5465,434.0565,0.003511
_12391_,VSS,Metal1,408.9800,423.8860,0.003740
_12392_,VSS,Metal1,390.7300,402.6205,0.004194
_12393_,VSS,Metal1,423.0430,121.4980,0.006432
_12394_,VSS,Metal1,441.1800,120.4625,0.006414
_12395_,VSS,Metal1,474.6425,130.6360,0.006489
_12396_,VSS,Metal1,431.0665,321.9430,0.005560
_12397_,VSS,Metal1,426.5865,321.9430,0.005560
_12398_,VSS,Metal1,445.0665,313.0965,0.005791
_12399_,VSS,Metal1,435.3000,311.9535,0.005861
_12400_,VSS,Metal1,432.1865,313.1565,0.005861
_12401_,VSS,Metal1,435.3630,121.4980,0.006428
_12402_,VSS,Metal1,468.6200,130.5425,0.006521
_12403_,VSS,Metal1,525.0425,231.4360,0.006212
_12404_,VSS,Metal1,456.8265,372.3430,0.004513
_12405_,VSS,Metal1,458.5065,362.2630,0.004366
_12406_,VSS,Metal1,462.9865,362.2630,0.004366
_12407_,VSS,Metal1,469.4600,353.3260,0.004495
_12408_,VSS,Metal1,461.3065,363.5565,0.004366
_12409_,VSS,Metal1,446.0030,231.3015,0.006224
_12410_,VSS,Metal1,520.1400,221.2625,0.006109
_12411_,VSS,Metal1,898.0025,222.1635,0.006903
_12412_,VSS,Metal1,181.7625,211.2760,0.006885
_12413_,VSS,Metal1,186.2425,212.0835,0.006868
_12414_,VSS,Metal1,891.2825,212.0835,0.006753
_12415_,VSS,Metal1,827.5465,251.3830,0.006544
_12416_,VSS,Metal1,833.7065,252.6165,0.006590
_12417_,VSS,Metal1,845.4665,251.3830,0.006636
_12418_,VSS,Metal1,844.1000,241.3935,0.006691
_12419_,VSS,Metal1,838.7465,242.5965,0.006668
_12420_,VSS,Metal1,896.9800,232.4450,0.006759
_12421_,VSS,Metal1,902.0600,231.3425,0.006767
_12422_,VSS,Metal1,782.7465,321.9430,0.005522
_12423_,VSS,Metal1,787.2265,321.9430,0.005531
_12424_,VSS,Metal1,779.9465,311.8630,0.005782
_12425_,VSS,Metal1,790.3400,302.9260,0.005825
_12426_,VSS,Metal1,789.4665,313.1565,0.005791
_12427_,VSS,Metal1,894.1800,301.7950,0.006032
_12428_,VSS,Metal1,904.1625,291.9160,0.006246
_12429_,VSS,Metal1,898.1400,291.8225,0.006246
_12430_,VSS,Metal1,765.9465,373.5765,0.004651
_12431_,VSS,Metal1,779.3865,382.4230,0.004732
_12432_,VSS,Metal1,774.9065,382.4230,0.004731
_12433_,VSS,Metal1,775.7800,363.4060,0.004546
_12434_,VSS,Metal1,774.9065,373.6365,0.004652
_12435_,VSS,Metal1,896.9800,363.4850,0.005068
_12436_,VSS,Metal1,910.8825,352.3960,0.005317
_12437_,VSS,Metal1,911.5800,362.3825,0.005089
_12438_,VSS,Metal1,735.1465,434.0565,0.003309
_12439_,VSS,Metal1,740.1865,454.2165,0.002699
_12440_,VSS,Metal1,729.5465,444.1365,0.003072
_12441_,VSS,Metal1,738.2600,444.0460,0.003075
_12442_,VSS,Metal1,740.1865,442.8430,0.003075
_12443_,VSS,Metal1,894.1800,432.8350,0.003364
_12444_,VSS,Metal1,910.8825,372.5560,0.005026
_12445_,VSS,Metal1,900.9400,383.5375,0.004982
_12446_,VSS,Metal1,693.7065,432.8230,0.003283
_12447_,VSS,Metal1,688.6665,423.9765,0.003563
_12448_,VSS,Metal1,679.7065,422.7430,0.003561
_12449_,VSS,Metal1,697.3800,433.9660,0.003283
_12450_,VSS,Metal1,686.4265,432.7630,0.003278
_12451_,VSS,Metal1,900.9000,422.7550,0.003700
_12452_,VSS,Metal1,921.5225,402.7960,0.004409
_12453_,VSS,Metal1,913.2600,392.6225,0.004725
_12454_,VSS,Metal1,832.5865,403.8165,0.004213
_12455_,VSS,Metal1,834.8265,412.6630,0.003942
_12456_,VSS,Metal1,851.6265,442.9030,0.003079
_12457_,VSS,Metal1,854.1800,413.8060,0.003967
_12458_,VSS,Metal1,835.9465,413.9565,0.003942
_12459_,VSS,Metal1,896.4200,402.5950,0.004364
_12460_,VSS,Metal1,913.6825,393.5235,0.004725
_12461_,VSS,Metal1,903.7400,392.6225,0.004727
_12462_,VSS,Metal1,788.3465,432.8230,0.003296
_12463_,VSS,Metal1,789.4665,434.0565,0.003296
_12464_,VSS,Metal1,788.3465,452.9830,0.002703
_12465_,VSS,Metal1,804.3400,444.0460,0.003042
_12466_,VSS,Metal1,796.1865,442.8430,0.003037
_12467_,VSS,Metal1,900.3400,423.9650,0.003700
_12468_,VSS,Metal1,930.4825,383.4435,0.004981
_12469_,VSS,Metal1,912.7000,382.5425,0.004981
_12470_,VSS,Metal1,826.9865,362.2630,0.004875
_12471_,VSS,Metal1,829.2265,363.4965,0.004875
_12472_,VSS,Metal1,841.5465,372.3430,0.004801
_12473_,VSS,Metal1,836.2600,362.3535,0.004932
_12474_,VSS,Metal1,835.3865,363.5565,0.004932
_12475_,VSS,Metal1,898.1000,362.2750,0.005068
_12476_,VSS,Metal1,917.6025,362.4760,0.005089
_12477_,VSS,Metal1,903.7400,362.3825,0.005079
_12478_,VSS,Metal1,827.5465,442.9030,0.003063
_12479_,VSS,Metal1,836.5065,454.2165,0.002787
_12480_,VSS,Metal1,853.3065,452.9830,0.002792
_12481_,VSS,Metal1,854.1800,444.0460,0.003079
_12482_,VSS,Metal1,834.2665,444.1965,0.003068
_12483_,VSS,Metal1,899.7800,432.8350,0.003366
_12484_,VSS,Metal1,925.4425,393.5235,0.004719
_12485_,VSS,Metal1,919.4200,393.6175,0.004719
_12486_,VSS,Metal1,147.7400,222.2535,0.006977
_12487_,VSS,Metal1,149.1600,221.3000,0.006977
_12488_,VSS,Metal1,127.3000,221.3260,0.007007
_12489_,VSS,Metal1,154.8825,212.0835,0.006918
_12490_,VSS,Metal1,259.7065,323.1765,0.005934
_12491_,VSS,Metal1,254.6665,303.0165,0.006217
_12492_,VSS,Metal1,228.8025,332.2360,0.005838
_12493_,VSS,Metal1,239.5200,332.1135,0.005665
_12494_,VSS,Metal1,249.6600,312.9775,0.006410
_12495_,VSS,Metal1,169.9230,120.4215,0.007131
_12496_,VSS,Metal1,159.3625,110.4760,0.007077
_12497_,VSS,Metal1,161.7400,111.3775,0.007072
_12498_,VSS,Metal1,264.7465,212.2965,0.006685
_12499_,VSS,Metal1,249.0665,221.1430,0.006783
_12500_,VSS,Metal1,239.4425,212.0835,0.006775
_12501_,VSS,Metal1,238.9600,221.2335,0.006800
_12502_,VSS,Metal1,247.4200,212.1775,0.006727
_12503_,VSS,Metal1,141.3630,211.1415,0.006927
_12504_,VSS,Metal1,139.7625,100.3960,0.006937
_12505_,VSS,Metal1,138.2200,101.2975,0.006937
_12506_,VSS,Metal1,338.6665,190.9030,0.006096
_12507_,VSS,Metal1,347.0665,182.0565,0.006447
_12508_,VSS,Metal1,342.4825,171.7635,0.006390
_12509_,VSS,Metal1,332.4800,171.8860,0.006410
_12510_,VSS,Metal1,335.3400,180.9425,0.006579
_12511_,VSS,Metal1,140.8030,180.9015,0.007027
_12512_,VSS,Metal1,146.4825,131.4435,0.007242
_12513_,VSS,Metal1,139.3400,131.5375,0.007242
_12514_,VSS,Metal1,252.9865,180.8230,0.006815
_12515_,VSS,Metal1,253.5465,171.9765,0.006849
_12516_,VSS,Metal1,233.8425,151.6035,0.007014
_12517_,VSS,Metal1,241.7600,161.8060,0.007035
_12518_,VSS,Metal1,250.7800,170.8625,0.006857
_12519_,VSS,Metal1,148.0830,121.4980,0.007157
_12520_,VSS,Metal1,153.2025,101.2035,0.006920
_12521_,VSS,Metal1,147.1800,101.2975,0.006920
_12522_,VSS,Metal1,396.3465,170.7430,0.006137
_12523_,VSS,Metal1,384.0265,170.7430,0.006148
_12524_,VSS,Metal1,415.9465,161.8965,0.006370
_12525_,VSS,Metal1,391.0600,161.8060,0.006493
_12526_,VSS,Metal1,389.0665,170.6830,0.006145
_12527_,VSS,Metal1,186.1630,130.5015,0.007190
_12528_,VSS,Metal1,191.2825,120.5560,0.007091
_12529_,VSS,Metal1,185.2600,120.4625,0.007092
_12530_,VSS,Metal1,482.0265,212.2965,0.005755
_12531_,VSS,Metal1,473.6265,192.1365,0.005335
_12532_,VSS,Metal1,482.0265,221.1430,0.006060
_12533_,VSS,Metal1,486.2600,201.0735,0.005512
_12534_,VSS,Metal1,478.6500,202.1790,0.005565
_12535_,VSS,Metal1,217.5230,120.4215,0.007058
_12536_,VSS,Metal1,219.8425,91.1235,0.006886
_12537_,VSS,Metal1,217.7400,101.2975,0.006877
_12538_,VSS,Metal1,372.2665,222.3765,0.006371
_12539_,VSS,Metal1,367.7865,222.3765,0.006390
_12540_,VSS,Metal1,372.2665,232.4565,0.006340
_12541_,VSS,Metal1,379.3000,261.5535,0.006416
_12542_,VSS,Metal1,367.2265,231.1630,0.006348
_12543_,VSS,Metal1,241.6030,192.0580,0.006821
_12544_,VSS,Metal1,231.0425,91.1235,0.006878
_12545_,VSS,Metal1,237.3400,100.3025,0.006851
_12546_,VSS,Metal1,63.0425,171.7635,0.007201
_12547_,VSS,Metal1,121.2825,161.6835,0.007122
_12548_,VSS,Metal1,132.3600,151.6600,0.007233
_12549_,VSS,Metal1,524.0265,422.7430,0.003664
_12550_,VSS,Metal1,519.5465,422.7430,0.003664
_12551_,VSS,Metal1,522.3465,423.9765,0.003664
_12552_,VSS,Metal1,529.3800,433.9660,0.003227
_12553_,VSS,Metal1,511.6900,423.9390,0.003668
_12554_,VSS,Metal1,512.8200,120.3550,0.006396
_12555_,VSS,Metal1,497.6025,100.3960,0.006352
_12556_,VSS,Metal1,499.9800,101.2975,0.006352
_12557_,VSS,Metal1,547.5465,190.9030,0.005335
_12558_,VSS,Metal1,550.9065,182.0565,0.005702
_12559_,VSS,Metal1,566.0265,170.7430,0.005809
_12560_,VSS,Metal1,552.9000,180.9135,0.005702
_12561_,VSS,Metal1,551.4665,172.0365,0.005789
_12562_,VSS,Metal1,548.1000,120.3550,0.006411
_12563_,VSS,Metal1,538.4825,101.2035,0.006349
_12564_,VSS,Metal1,535.8200,110.3825,0.006392
_12565_,VSS,Metal1,602.9865,221.1430,0.006113
_12566_,VSS,Metal1,607.4665,221.1430,0.006112
_12567_,VSS,Metal1,602.4265,232.4565,0.006231
_12568_,VSS,Metal1,599.3800,231.3135,0.006231
_12569_,VSS,Metal1,600.1700,222.3390,0.006113
_12570_,VSS,Metal1,782.1800,120.3550,0.006641
_12571_,VSS,Metal1,805.6025,101.2035,0.006641
_12572_,VSS,Metal1,799.5800,101.2975,0.006640
_12573_,VSS,Metal1,681.9465,281.6230,0.006043
_12574_,VSS,Metal1,676.3465,291.7030,0.005922
_12575_,VSS,Metal1,674.1065,292.9365,0.005922
_12576_,VSS,Metal1,667.1400,291.7935,0.005901
_12577_,VSS,Metal1,664.5700,292.8990,0.005900
_12578_,VSS,Metal1,787.7800,120.3550,0.006641
_12579_,VSS,Metal1,812.8825,101.2035,0.006641
_12580_,VSS,Metal1,792.8600,101.2975,0.006599
_12581_,VSS,Metal1,683.6265,171.9765,0.006030
_12582_,VSS,Metal1,679.1465,171.9765,0.006017
_12583_,VSS,Metal1,676.3465,160.6630,0.006161
_12584_,VSS,Metal1,682.8200,161.8060,0.006175
_12585_,VSS,Metal1,679.7065,170.6830,0.006017
_12586_,VSS,Metal1,826.9800,110.2750,0.006837
_12587_,VSS,Metal1,840.3225,101.2035,0.006661
_12588_,VSS,Metal1,833.1800,101.2975,0.006660
_12589_,VSS,Metal1,723.9465,180.8230,0.006121
_12590_,VSS,Metal1,728.4265,180.8230,0.006147
_12591_,VSS,Metal1,734.5865,170.7430,0.006271
_12592_,VSS,Metal1,723.7000,170.8335,0.006210
_12593_,VSS,Metal1,723.9465,172.0365,0.006210
_12594_,VSS,Metal1,735.7000,111.4850,0.006614
_12595_,VSS,Metal1,860.4825,100.3960,0.006708
_12596_,VSS,Metal1,851.6600,110.3825,0.006907
_12597_,VSS,Metal1,735.1465,272.7765,0.006271
_12598_,VSS,Metal1,718.9065,271.5430,0.006270
_12599_,VSS,Metal1,735.7065,281.6230,0.006153
_12600_,VSS,Metal1,722.5800,272.6860,0.006270
_12601_,VSS,Metal1,726.1700,271.5805,0.006270
_12602_,VSS,Metal1,847.1400,120.3550,0.006746
_12603_,VSS,Metal1,861.6025,110.4760,0.006921
_12604_,VSS,Metal1,854.4600,100.3025,0.006688
_12605_,VSS,Metal1,833.1465,180.8230,0.006833
_12606_,VSS,Metal1,830.9065,171.9765,0.006577
_12607_,VSS,Metal1,844.3465,180.8230,0.006849
_12608_,VSS,Metal1,845.2200,171.8860,0.006632
_12609_,VSS,Metal1,836.5065,170.6830,0.006596
_12610_,VSS,Metal1,846.5800,121.5650,0.006745
_12611_,VSS,Metal1,857.6825,110.4760,0.006921
_12612_,VSS,Metal1,852.2200,120.4625,0.006752
_12613_,VSS,Metal1,768.7465,190.9030,0.006193
_12614_,VSS,Metal1,779.9465,202.2165,0.006304
_12615_,VSS,Metal1,793.9465,190.9030,0.006269
_12616_,VSS,Metal1,781.9400,201.0735,0.006305
_12617_,VSS,Metal1,777.1465,190.8430,0.006234
_12618_,VSS,Metal1,848.2600,150.5950,0.006714
_12619_,VSS,Metal1,858.8025,131.4435,0.006827
_12620_,VSS,Metal1,852.7800,141.6175,0.007002
_12621_,VSS,Metal1,130.1000,291.9400,0.006541
_12622_,VSS,Metal1,128.5625,292.7235,0.006541
_12623_,VSS,Metal1,122.2600,301.9660,0.006420
_12624_,VSS,Metal1,161.0425,301.9960,0.006363
_12625_,VSS,Metal1,984.8025,1048.7235,0.001353
_12626_,VSS,Metal1,990.2600,1038.7660,0.001484
_12627_,VSS,Metal1,981.5465,988.4565,0.001106
_12628_,VSS,Metal1,977.5225,1018.4835,0.001351
_12629_,VSS,Metal1,984.3465,1038.8565,0.001485
_12630_,VSS,Metal1,990.1030,1037.7350,0.001484
_12631_,VSS,Metal1,988.6065,1018.5715,0.001350
_12632_,VSS,Metal1,969.9430,1078.0550,0.001481
_12633_,VSS,Metal1,963.2230,1079.0650,0.001485
_12634_,VSS,Metal1,936.7465,1079.1765,0.001606
_12635_,VSS,Metal1,968.9800,1088.1135,0.001819
_12636_,VSS,Metal1,971.0630,1079.0650,0.001481
_12637_,VSS,Metal1,996.8230,1038.7450,0.001483
_12638_,VSS,Metal1,1001.4865,1027.6680,0.001352
_12639_,VSS,Metal1,1041.3625,1078.9635,0.001416
_12640_,VSS,Metal1,1008.1075,1088.2360,0.001824
_12641_,VSS,Metal1,1033.5225,1088.2360,0.001827
_12642_,VSS,Metal1,1038.0025,1088.2360,0.001827
_12643_,VSS,Metal1,1010.4300,1078.1560,0.001437
_12644_,VSS,Metal1,1039.5400,1078.0335,0.001416
_12645_,VSS,Metal1,1030.6000,1079.0900,0.001416
_12646_,VSS,Metal1,1025.9430,1037.7350,0.001422
_12647_,VSS,Metal1,1022.2065,1018.5715,0.001347
_12648_,VSS,Metal1,977.0600,1069.0850,0.001333
_12649_,VSS,Metal1,993.8375,1079.0450,0.001453
_12650_,VSS,Metal1,992.5000,1078.0335,0.001453
_12651_,VSS,Metal1,1047.6265,1028.7765,0.001353
_12652_,VSS,Metal1,1028.9630,1069.0180,0.001331
_12653_,VSS,Metal1,1042.6200,1068.9735,0.001331
_12654_,VSS,Metal1,1050.0230,1038.7450,0.001432
_12655_,VSS,Metal1,1067.0065,1028.6515,0.001362
_12656_,VSS,Metal1,1029.7065,1048.9365,0.001350
_12657_,VSS,Metal1,1036.4265,1047.7030,0.001354
_12658_,VSS,Metal1,1037.5200,1048.8460,0.001354
_12659_,VSS,Metal1,1048.0825,1078.1560,0.001416
_12660_,VSS,Metal1,1050.1800,1069.0060,0.001331
_12661_,VSS,Metal1,1043.3875,1078.1560,0.001416
_12662_,VSS,Metal1,1054.5875,1068.0760,0.001331
_12663_,VSS,Metal1,1050.8825,1048.7235,0.001358
_12664_,VSS,Metal1,1045.9200,1058.9260,0.001331
_12665_,VSS,Metal1,1051.8600,1058.9260,0.001331
_12666_,VSS,Metal1,1055.3625,1058.8035,0.001332
_12667_,VSS,Metal1,1059.1665,1047.8280,0.001361
_12668_,VSS,Metal1,1062.6425,1037.8360,0.001476
_12669_,VSS,Metal1,1061.1000,1038.7375,0.001476
_12670_,VSS,Metal1,1039.1225,1058.8035,0.001330
_12671_,VSS,Metal1,1044.6430,1067.9415,0.001331
_12672_,VSS,Metal1,1042.0265,1047.7030,0.001357
_12673_,VSS,Metal1,1048.1865,1047.7030,0.001357
_12674_,VSS,Metal1,1055.3625,1038.6435,0.001476
_12675_,VSS,Metal1,1045.7000,1057.8735,0.001331
_12676_,VSS,Metal1,1046.2600,1048.8460,0.001357
_12677_,VSS,Metal1,1055.4400,1028.6860,0.001355
_12678_,VSS,Metal1,1068.8025,1018.4835,0.001359
_12679_,VSS,Metal1,1075.9400,1028.6860,0.001362
_12680_,VSS,Metal1,1025.3800,1047.8830,0.001350
_12681_,VSS,Metal1,1034.6425,1028.5635,0.001345
_12682_,VSS,Metal1,1036.9600,1027.6335,0.001345
_12683_,VSS,Metal1,1021.7625,1008.4035,0.001309
_12684_,VSS,Metal1,1036.7400,1018.6060,0.001342
_12685_,VSS,Metal1,984.9000,1028.7650,0.001354
_12686_,VSS,Metal1,195.9855,353.4400,0.005362
_12687_,VSS,Metal1,982.5625,926.9560,0.001557
_12688_,VSS,Metal1,980.4600,916.7825,0.001808
_12689_,VSS,Metal1,148.0200,322.9400,0.006124
_12690_,VSS,Metal1,160.9200,332.1800,0.005894
_12691_,VSS,Metal1,669.6365,352.1530,0.004445
_12692_,VSS,Metal1,167.2025,332.2360,0.005883
_12693_,VSS,Metal1,983.5300,987.3580,0.001106
_12694_,VSS,Metal1,188.5530,412.5965,0.004178
_12695_,VSS,Metal1,985.8430,978.2980,0.000962
_12696_,VSS,Metal1,1000.4825,988.2435,0.001101
_12697_,VSS,Metal1,988.1625,988.2435,0.001106
_12698_,VSS,Metal1,983.7865,1017.4630,0.001351
_12699_,VSS,Metal1,985.3050,1007.3985,0.001323
_12700_,VSS,Metal1,990.8200,998.4460,0.001374
_12701_,VSS,Metal1,1007.7625,1007.5960,0.001310
_12702_,VSS,Metal1,984.8025,998.3235,0.001374
_12703_,VSS,Metal1,993.1450,1007.3985,0.001321
_12704_,VSS,Metal1,1002.5800,1007.4735,0.001315
_12705_,VSS,Metal1,1058.1625,998.3235,0.001375
_12706_,VSS,Metal1,989.4200,987.3460,0.001106
_12707_,VSS,Metal1,1047.4065,1037.7480,0.001432
_12708_,VSS,Metal1,1048.0250,1008.6010,0.001304
_12709_,VSS,Metal1,1049.6200,1007.4735,0.001304
_12710_,VSS,Metal1,1060.4025,1048.7235,0.001361
_12711_,VSS,Metal1,1056.9000,1048.8460,0.001361
_12712_,VSS,Metal1,1050.6600,988.2910,0.001102
_12713_,VSS,Metal1,1054.2425,987.4360,0.001104
_12714_,VSS,Metal1,1048.5630,967.1415,0.000834
_12715_,VSS,Metal1,1060.4025,997.5160,0.001376
_12716_,VSS,Metal1,1056.9265,1037.7480,0.001476
_12717_,VSS,Metal1,1050.6600,1018.5310,0.001348
_12718_,VSS,Metal1,1056.9000,1017.5535,0.001352
_12719_,VSS,Metal1,1050.8825,998.3235,0.001370
_12720_,VSS,Metal1,1027.8065,1028.6515,0.001343
_12721_,VSS,Metal1,1027.7000,1008.4510,0.001304
_12722_,VSS,Metal1,1030.0200,998.4460,0.001367
_12723_,VSS,Metal1,193.2530,291.7855,0.006459
_12724_,VSS,Metal1,977.9600,978.2900,0.000962
_12725_,VSS,Metal1,977.6265,938.0565,0.001399
_12726_,VSS,Metal1,977.6265,948.1365,0.000953
_12727_,VSS,Metal1,951.8500,231.2050,0.006845
_12728_,VSS,Metal1,1005.3800,926.9260,0.001538
_12729_,VSS,Metal1,984.2425,433.0360,0.003419
_12730_,VSS,Metal1,448.1700,454.0815,0.002760
_12731_,VSS,Metal1,447.0500,473.2780,0.002058
_12732_,VSS,Metal1,453.2400,473.3000,0.002058
_12733_,VSS,Metal1,383.4500,71.1950,0.006171
_12734_,VSS,Metal1,366.9700,80.1580,0.006364
_12735_,VSS,Metal1,389.9400,90.1935,0.006486
_12736_,VSS,Metal1,396.6600,90.1935,0.006486
_12737_,VSS,Metal1,501.9300,311.9980,0.005478
_12738_,VSS,Metal1,495.1400,312.0285,0.005477
_12739_,VSS,Metal1,492.4465,312.9715,0.005448
_12740_,VSS,Metal1,512.0465,312.9715,0.005480
_12741_,VSS,Metal1,513.8425,322.1560,0.005152
_12742_,VSS,Metal1,510.0265,321.9430,0.005153
_12743_,VSS,Metal1,503.2080,323.1720,0.005154
_12744_,VSS,Metal1,505.3265,332.1480,0.004854
_12745_,VSS,Metal1,515.3800,323.0860,0.005152
_12746_,VSS,Metal1,523.8065,332.1480,0.004857
_12747_,VSS,Metal1,513.7100,332.2360,0.004854
_12748_,VSS,Metal1,519.5465,323.1765,0.005152
_12749_,VSS,Metal1,524.5865,333.2565,0.004857
_12750_,VSS,Metal1,511.9400,342.2685,0.004569
_12751_,VSS,Metal1,513.8425,352.3960,0.004343
_12752_,VSS,Metal1,520.9800,342.1935,0.004572
_12753_,VSS,Metal1,519.5400,333.2450,0.004856
_12754_,VSS,Metal1,577.5665,342.2280,0.004561
_12755_,VSS,Metal1,579.9225,363.2835,0.004353
_12756_,VSS,Metal1,578.0200,372.5085,0.004291
_12757_,VSS,Metal1,572.7465,373.5765,0.004297
_12758_,VSS,Metal1,579.2300,373.3635,0.004291
_12759_,VSS,Metal1,563.1225,383.4435,0.004354
_12760_,VSS,Metal1,577.8200,382.5425,0.004351
_12761_,VSS,Metal1,585.0600,372.3550,0.004285
_12762_,VSS,Metal1,585.3800,373.4860,0.004285
_12763_,VSS,Metal1,593.8065,363.3715,0.004352
_12764_,VSS,Metal1,598.8300,373.3635,0.004272
_12765_,VSS,Metal1,597.2825,372.5560,0.004272
_12766_,VSS,Metal1,592.3465,372.3430,0.004276
_12767_,VSS,Metal1,592.3465,382.4230,0.004324
_12768_,VSS,Metal1,590.9000,383.4910,0.004324
_12769_,VSS,Metal1,602.8825,392.7160,0.004075
_12770_,VSS,Metal1,599.3800,392.5935,0.004075
_12771_,VSS,Metal1,593.7800,373.4860,0.004276
_12772_,VSS,Metal1,620.1265,373.4515,0.004263
_12773_,VSS,Metal1,614.7465,382.4230,0.004295
_12774_,VSS,Metal1,610.0300,382.6360,0.004301
_12775_,VSS,Metal1,605.2265,383.6565,0.004304
_12776_,VSS,Metal1,598.9050,383.6410,0.004319
_12777_,VSS,Metal1,590.4465,402.7080,0.004093
_12778_,VSS,Metal1,628.5265,393.6115,0.004060
_12779_,VSS,Metal1,625.8425,403.6035,0.004084
_12780_,VSS,Metal1,618.9000,393.5710,0.004066
_12781_,VSS,Metal1,600.3430,382.5350,0.004319
_12782_,VSS,Metal1,610.5800,392.5935,0.004075
_12783_,VSS,Metal1,609.8600,403.6365,0.004092
_12784_,VSS,Metal1,610.0300,412.8760,0.003797
_12785_,VSS,Metal1,584.8465,413.7715,0.003811
_12786_,VSS,Metal1,623.0425,412.8760,0.003768
_12787_,VSS,Metal1,933.1665,423.8515,0.003711
_12788_,VSS,Metal1,936.5100,422.9560,0.003711
_12789_,VSS,Metal1,923.5400,413.7310,0.004044
_12790_,VSS,Metal1,637.7000,422.7550,0.003552
_12791_,VSS,Metal1,638.5000,412.8285,0.003756
_12792_,VSS,Metal1,629.6465,412.7880,0.003756
_12793_,VSS,Metal1,931.4500,413.7615,0.004048
_12794_,VSS,Metal1,952.7665,473.2680,0.002305
_12795_,VSS,Metal1,944.3500,493.5160,0.001163
_12796_,VSS,Metal1,942.6500,473.2780,0.002265
_12797_,VSS,Metal1,938.8880,474.3720,0.002265
_12798_,VSS,Metal1,934.4025,484.2435,0.001614
_12799_,VSS,Metal1,940.4200,484.3660,0.001614
_12800_,VSS,Metal1,951.3000,483.2350,0.001615
_12801_,VSS,Metal1,953.3265,513.5880,0.001379
_12802_,VSS,Metal1,946.2665,524.7765,0.001731
_12803_,VSS,Metal1,945.0425,523.7560,0.001731
_12804_,VSS,Metal1,938.8880,513.4680,0.001377
_12805_,VSS,Metal1,939.3265,523.6680,0.001739
_12806_,VSS,Metal1,952.7665,544.8115,0.002743
_12807_,VSS,Metal1,945.6025,554.8035,0.002393
_12808_,VSS,Metal1,944.2600,544.7710,0.002300
_12809_,VSS,Metal1,954.9800,543.8860,0.002750
_12810_,VSS,Metal1,949.9400,504.5260,0.001010
_12811_,VSS,Metal1,938.3225,544.7235,0.002293
_12812_,VSS,Metal1,943.1400,543.8685,0.002299
_12813_,VSS,Metal1,943.2465,533.7480,0.001952
_12814_,VSS,Metal1,950.0825,564.8835,0.002606
_12815_,VSS,Metal1,951.0865,575.0515,0.002742
_12816_,VSS,Metal1,943.7700,585.1215,0.002851
_12817_,VSS,Metal1,931.0425,574.1560,0.002734
_12818_,VSS,Metal1,938.8880,573.9480,0.002736
_12819_,VSS,Metal1,940.4465,563.9880,0.002600
_12820_,VSS,Metal1,938.7665,604.3080,0.003157
_12821_,VSS,Metal1,930.4250,604.1985,0.003159
_12822_,VSS,Metal1,943.1475,574.9635,0.002736
_12823_,VSS,Metal1,942.9600,594.2700,0.003117
_12824_,VSS,Metal1,937.3000,605.4050,0.003157
_12825_,VSS,Metal1,925.4425,595.1235,0.003104
_12826_,VSS,Metal1,934.5400,594.2225,0.003117
_12827_,VSS,Metal1,931.7000,605.4050,0.003159
_12828_,VSS,Metal1,921.9665,645.6115,0.003476
_12829_,VSS,Metal1,913.7865,645.7365,0.003449
_12830_,VSS,Metal1,910.8825,644.7160,0.003440
_12831_,VSS,Metal1,909.7680,635.6520,0.003270
_12832_,VSS,Metal1,843.5665,615.3715,0.003032
_12833_,VSS,Metal1,902.9265,644.6280,0.003423
_12834_,VSS,Metal1,892.2500,635.5215,0.003255
_12835_,VSS,Metal1,892.8300,655.6035,0.003277
_12836_,VSS,Metal1,909.6200,645.6460,0.003440
_12837_,VSS,Metal1,890.9625,644.4560,0.003421
_12838_,VSS,Metal1,844.6865,635.5315,0.003241
_12839_,VSS,Metal1,891.9400,664.6750,0.003203
_12840_,VSS,Metal1,898.4465,645.6115,0.003422
_12841_,VSS,Metal1,894.6480,654.5880,0.003277
_12842_,VSS,Metal1,864.2865,644.6280,0.003367
_12843_,VSS,Metal1,312.6600,70.0335,0.006337
_12844_,VSS,Metal1,305.3800,59.9535,0.006308
_12845_,VSS,Metal1,298.0900,49.9180,0.006346
_12846_,VSS,Metal1,297.4600,60.0285,0.006340
_12847_,VSS,Metal1,296.4465,60.9715,0.006340
_12848_,VSS,Metal1,320.5265,30.7315,0.006115
_12849_,VSS,Metal1,302.7225,29.8360,0.006216
_12850_,VSS,Metal1,298.9065,29.6230,0.006241
_12851_,VSS,Metal1,292.0880,40.9320,0.006207
_12852_,VSS,Metal1,296.4465,30.7315,0.006243
_12853_,VSS,Metal1,305.3800,30.7660,0.006215
_12854_,VSS,Metal1,330.6065,39.8280,0.006123
_12855_,VSS,Metal1,317.7100,29.8360,0.006122
_12856_,VSS,Metal1,323.5465,39.7030,0.006124
_12857_,VSS,Metal1,317.9465,40.9365,0.006170
_12858_,VSS,Metal1,310.9000,30.6910,0.006151
_12859_,VSS,Metal1,313.3625,40.7235,0.006170
_12860_,VSS,Metal1,312.6600,29.7135,0.006151
_12861_,VSS,Metal1,316.8200,20.7650,0.005946
_12862_,VSS,Metal1,387.1665,39.8280,0.005613
_12863_,VSS,Metal1,382.2425,29.8360,0.005590
_12864_,VSS,Metal1,388.1800,29.7885,0.005542
_12865_,VSS,Metal1,390.7465,20.7765,0.005366
_12866_,VSS,Metal1,383.2300,30.6435,0.005590
_12867_,VSS,Metal1,376.6425,30.6435,0.005655
_12868_,VSS,Metal1,387.9800,40.8175,0.005613
_12869_,VSS,Metal1,394.1000,39.7150,0.005583
_12870_,VSS,Metal1,396.1000,29.7135,0.005533
_12871_,VSS,Metal1,414.0465,40.8115,0.005460
_12872_,VSS,Metal1,415.7100,30.6435,0.005365
_12873_,VSS,Metal1,410.2425,30.6435,0.005436
_12874_,VSS,Metal1,416.5065,29.6230,0.005365
_12875_,VSS,Metal1,423.2265,20.7765,0.005108
_12876_,VSS,Metal1,424.0200,39.8685,0.005393
_12877_,VSS,Metal1,426.4825,40.7235,0.005373
_12878_,VSS,Metal1,422.9800,30.7660,0.005329
_12879_,VSS,Metal1,422.9800,40.8460,0.005408
_12880_,VSS,Metal1,443.1665,49.9080,0.005505
_12881_,VSS,Metal1,445.0665,40.9365,0.005256
_12882_,VSS,Metal1,440.3500,40.7235,0.005266
_12883_,VSS,Metal1,450.6665,39.7030,0.005229
_12884_,VSS,Metal1,444.3450,39.7185,0.005256
_12885_,VSS,Metal1,453.2465,40.8115,0.005228
_12886_,VSS,Metal1,489.0865,40.8115,0.005091
_12887_,VSS,Metal1,499.2825,40.7235,0.005140
_12888_,VSS,Metal1,480.5800,40.7710,0.005134
_12889_,VSS,Metal1,431.2230,39.8150,0.005340
_12890_,VSS,Metal1,475.0600,49.8735,0.005387
_12891_,VSS,Metal1,484.4200,39.8830,0.005106
_12892_,VSS,Metal1,492.9900,29.8360,0.005242
_12893_,VSS,Metal1,492.4465,39.8280,0.005092
_12894_,VSS,Metal1,504.8825,40.7235,0.005141
_12895_,VSS,Metal1,541.1665,50.8915,0.005175
_12896_,VSS,Metal1,548.4300,50.8035,0.005178
_12897_,VSS,Metal1,531.5400,40.7710,0.005208
_12898_,VSS,Metal1,504.9800,30.8450,0.005307
_12899_,VSS,Metal1,520.9000,39.8685,0.005149
_12900_,VSS,Metal1,512.0465,30.7315,0.005332
_12901_,VSS,Metal1,537.2100,49.9180,0.005173
_12902_,VSS,Metal1,570.8465,60.9715,0.005470
_12903_,VSS,Metal1,584.8300,50.8035,0.005236
_12904_,VSS,Metal1,579.2100,49.9180,0.005232
_12905_,VSS,Metal1,574.8880,59.8680,0.005469
_12906_,VSS,Metal1,577.6825,60.8835,0.005469
_12907_,VSS,Metal1,579.7800,50.9260,0.005232
_12908_,VSS,Metal1,590.1000,51.0050,0.005241
_12909_,VSS,Metal1,615.6465,70.0680,0.005865
_12910_,VSS,Metal1,617.5465,61.0965,0.005464
_12911_,VSS,Metal1,609.6025,60.0760,0.005468
_12912_,VSS,Metal1,605.6880,61.0920,0.005468
_12913_,VSS,Metal1,601.0865,71.0515,0.005874
_12914_,VSS,Metal1,657.0865,70.0680,0.005988
_12915_,VSS,Metal1,662.8025,70.1560,0.006001
_12916_,VSS,Metal1,648.0200,70.1085,0.005936
_12917_,VSS,Metal1,636.3400,60.9135,0.005454
_12918_,VSS,Metal1,615.6200,59.9535,0.005464
_12919_,VSS,Metal1,636.4825,70.1560,0.005856
_12920_,VSS,Metal1,625.0600,60.9310,0.005461
_12921_,VSS,Metal1,610.0465,423.8515,0.003567
_12922_,VSS,Metal1,668.4025,60.8835,0.005941
_12923_,VSS,Metal1,685.6465,60.9715,0.006004
_12924_,VSS,Metal1,678.3300,60.9615,0.005983
_12925_,VSS,Metal1,677.9225,60.0760,0.005983
_12926_,VSS,Metal1,679.6080,69.9480,0.006047
_12927_,VSS,Metal1,678.3665,362.3880,0.004399
_12928_,VSS,Metal1,714.7665,60.9715,0.006123
_12929_,VSS,Metal1,706.9850,69.9585,0.006114
_12930_,VSS,Metal1,672.6675,60.8835,0.005961
_12931_,VSS,Metal1,686.4800,60.0300,0.006004
_12932_,VSS,Metal1,670.1800,69.9550,0.006044
_12933_,VSS,Metal1,666.1625,70.9635,0.006025
_12934_,VSS,Metal1,679.1800,81.1375,0.006057
_12935_,VSS,Metal1,716.1000,69.9550,0.006115
_12936_,VSS,Metal1,738.8465,60.9715,0.006168
_12937_,VSS,Metal1,729.5465,61.0965,0.006155
_12938_,VSS,Metal1,736.1625,60.0760,0.006168
_12939_,VSS,Metal1,725.5280,69.9480,0.006141
_12940_,VSS,Metal1,686.2065,333.1315,0.005034
_12941_,VSS,Metal1,780.2865,70.0680,0.006286
_12942_,VSS,Metal1,778.0100,60.9615,0.006239
_12943_,VSS,Metal1,783.6300,60.0760,0.006247
_12944_,VSS,Metal1,732.6600,59.9535,0.006156
_12945_,VSS,Metal1,773.3625,59.8160,0.006239
_12946_,VSS,Metal1,764.0465,60.9715,0.006233
_12947_,VSS,Metal1,781.0600,49.7950,0.006123
_12948_,VSS,Metal1,809.9665,49.9080,0.006230
_12949_,VSS,Metal1,797.2080,49.7880,0.006171
_12950_,VSS,Metal1,745.0065,49.9080,0.005888
_12951_,VSS,Metal1,512.7225,262.4835,0.006172
_12952_,VSS,Metal1,502.6425,302.8035,0.005704
_12953_,VSS,Metal1,514.1800,272.6110,0.006206
_12954_,VSS,Metal1,522.3465,282.8565,0.005981
_12955_,VSS,Metal1,527.7100,282.6435,0.005982
_12956_,VSS,Metal1,522.8080,271.5480,0.006208
_12957_,VSS,Metal1,522.6865,272.6515,0.006208
_12958_,VSS,Metal1,520.0025,322.1560,0.005152
_12959_,VSS,Metal1,508.5800,302.8510,0.005702
_12960_,VSS,Metal1,514.2600,311.9535,0.005480
_12961_,VSS,Metal1,516.5850,303.0010,0.005698
_12962_,VSS,Metal1,533.3100,302.8035,0.005691
_12963_,VSS,Metal1,539.6025,301.9960,0.005687
_12964_,VSS,Metal1,532.1000,301.9485,0.005691
_12965_,VSS,Metal1,525.1465,291.7030,0.005894
_12966_,VSS,Metal1,530.6425,292.7235,0.005893
_12967_,VSS,Metal1,524.5865,292.9365,0.005894
_12968_,VSS,Metal1,532.8825,312.0760,0.005489
_12969_,VSS,Metal1,511.9400,301.9485,0.005700
_12970_,VSS,Metal1,517.6200,292.8460,0.005895
_12971_,VSS,Metal1,513.0130,291.8300,0.005895
_12972_,VSS,Metal1,506.1065,301.7830,0.005702
_12973_,VSS,Metal1,520.4400,301.8700,0.005698
_12974_,VSS,Metal1,382.9000,403.8050,0.004205
_12975_,VSS,Metal1,564.9065,323.1765,0.005136
_12976_,VSS,Metal1,553.5450,313.0810,0.005496
_12977_,VSS,Metal1,552.5800,301.7950,0.005681
_12978_,VSS,Metal1,551.7075,312.0760,0.005496
_12979_,VSS,Metal1,558.0825,312.0760,0.005497
_12980_,VSS,Metal1,523.9225,322.1560,0.005140
_12981_,VSS,Metal1,576.1065,321.9430,0.005135
_12982_,VSS,Metal1,530.0250,321.9585,0.005140
_12983_,VSS,Metal1,525.1400,323.1650,0.005140
_12984_,VSS,Metal1,531.5400,323.0110,0.005140
_12985_,VSS,Metal1,549.5500,322.9635,0.005138
_12986_,VSS,Metal1,542.9625,333.0435,0.004881
_12987_,VSS,Metal1,542.1800,322.1085,0.005139
_12988_,VSS,Metal1,539.9475,302.8035,0.005687
_12989_,VSS,Metal1,545.8600,303.0050,0.005683
_12990_,VSS,Metal1,547.4425,301.9960,0.005683
_12991_,VSS,Metal1,551.5000,302.8935,0.005681
_12992_,VSS,Metal1,559.6465,302.8915,0.005678
_12993_,VSS,Metal1,580.5865,321.9430,0.005134
_12994_,VSS,Metal1,588.3225,353.2035,0.004343
_12995_,VSS,Metal1,580.2600,323.0110,0.005134
_12996_,VSS,Metal1,570.8200,332.1135,0.004902
_12997_,VSS,Metal1,584.1800,332.1885,0.004930
_12998_,VSS,Metal1,587.0700,333.0435,0.004933
_12999_,VSS,Metal1,587.0600,322.9935,0.005133
_13000_,VSS,Metal1,584.8300,342.3160,0.004558
_13001_,VSS,Metal1,579.7000,333.0910,0.004926
_13002_,VSS,Metal1,558.9330,332.1500,0.004893
_13003_,VSS,Metal1,559.6200,323.0860,0.005137
_13004_,VSS,Metal1,565.9225,333.0435,0.004898
_13005_,VSS,Metal1,591.1225,333.0435,0.004937
_13006_,VSS,Metal1,576.3400,332.1885,0.004923
_13007_,VSS,Metal1,571.9400,322.0335,0.005135
_13008_,VSS,Metal1,570.6600,322.9965,0.005135
_13009_,VSS,Metal1,569.8425,333.0435,0.004902
_13010_,VSS,Metal1,560.4600,333.1335,0.004893
_13011_,VSS,Metal1,551.2465,352.3080,0.004348
_13012_,VSS,Metal1,597.2825,362.4760,0.004352
_13013_,VSS,Metal1,617.5465,372.3430,0.004263
_13014_,VSS,Metal1,604.5050,362.2785,0.004350
_13015_,VSS,Metal1,600.7400,363.4850,0.004351
_13016_,VSS,Metal1,605.4600,353.2510,0.004338
_13017_,VSS,Metal1,613.5225,352.3960,0.004336
_13018_,VSS,Metal1,621.7800,343.1535,0.004527
_13019_,VSS,Metal1,611.8425,353.2035,0.004336
_13020_,VSS,Metal1,599.3000,352.3485,0.004339
_13021_,VSS,Metal1,590.3475,343.1235,0.004552
_13022_,VSS,Metal1,591.2200,342.1150,0.004552
_13023_,VSS,Metal1,603.5465,342.1030,0.004534
_13024_,VSS,Metal1,592.2425,332.2360,0.004937
_13025_,VSS,Metal1,613.6265,362.2630,0.004347
_13026_,VSS,Metal1,597.7850,353.4010,0.004339
_13027_,VSS,Metal1,595.9475,343.1235,0.004535
_13028_,VSS,Metal1,596.2600,333.2450,0.004939
_13029_,VSS,Metal1,602.4265,343.3365,0.004534
_13030_,VSS,Metal1,598.5000,342.1150,0.004535
_13031_,VSS,Metal1,602.2430,333.1780,0.004939
_13032_,VSS,Metal1,631.5465,373.5765,0.004261
_13033_,VSS,Metal1,649.3625,373.3635,0.004289
_13034_,VSS,Metal1,625.2880,372.3480,0.004262
_13035_,VSS,Metal1,636.9000,382.6060,0.004289
_13036_,VSS,Metal1,639.9465,373.5765,0.004251
_13037_,VSS,Metal1,637.9400,363.3310,0.004336
_13038_,VSS,Metal1,629.0600,352.2735,0.004333
_13039_,VSS,Metal1,626.1330,343.2100,0.004524
_13040_,VSS,Metal1,633.2265,353.4165,0.004332
_13041_,VSS,Metal1,637.0425,342.3160,0.004515
_13042_,VSS,Metal1,453.2200,464.1290,0.002439
_13043_,VSS,Metal1,874.9000,564.9135,0.002587
_13044_,VSS,Metal1,627.9300,353.2815,0.004333
_13045_,VSS,Metal1,651.0425,372.5560,0.004295
_13046_,VSS,Metal1,661.2265,372.3430,0.004323
_13047_,VSS,Metal1,643.2080,362.2680,0.004335
_13048_,VSS,Metal1,646.6600,353.4050,0.004363
_13049_,VSS,Metal1,639.2030,352.2615,0.004328
_13050_,VSS,Metal1,634.2425,383.4435,0.004292
_13051_,VSS,Metal1,924.4265,423.9765,0.003708
_13052_,VSS,Metal1,904.1050,382.4385,0.004982
_13053_,VSS,Metal1,637.7400,372.4660,0.004253
_13054_,VSS,Metal1,669.2135,373.5065,0.004346
_13055_,VSS,Metal1,668.5600,382.5900,0.004468
_13056_,VSS,Metal1,672.9865,383.6565,0.004486
_13057_,VSS,Metal1,675.6825,393.5235,0.004112
_13058_,VSS,Metal1,891.7000,402.7660,0.004356
_13059_,VSS,Metal1,664.8200,383.4910,0.004440
_13060_,VSS,Metal1,646.1000,392.5150,0.004056
_13061_,VSS,Metal1,640.5600,383.4900,0.004283
_13062_,VSS,Metal1,639.5400,392.6830,0.004053
_13063_,VSS,Metal1,923.3065,412.6630,0.004044
_13064_,VSS,Metal1,662.1850,392.5185,0.004069
_13065_,VSS,Metal1,656.1800,372.3550,0.004311
_13066_,VSS,Metal1,665.7065,393.7365,0.004069
_13067_,VSS,Metal1,659.3850,393.7210,0.004069
_13068_,VSS,Metal1,655.0600,392.5150,0.004069
_13069_,VSS,Metal1,631.3630,403.7380,0.004084
_13070_,VSS,Metal1,925.5465,434.0565,0.003395
_13071_,VSS,Metal1,943.9225,454.0035,0.002829
_13072_,VSS,Metal1,939.2200,443.9710,0.003157
_13073_,VSS,Metal1,938.1800,442.9935,0.003157
_13074_,VSS,Metal1,932.5000,433.8910,0.003398
_13075_,VSS,Metal1,930.4250,442.9185,0.003156
_13076_,VSS,Metal1,924.9865,444.1365,0.003155
_13077_,VSS,Metal1,924.3225,443.1160,0.003155
_13078_,VSS,Metal1,920.4025,443.1160,0.003118
_13079_,VSS,Metal1,918.7225,443.9235,0.003117
_13080_,VSS,Metal1,922.9800,432.9885,0.003393
_13081_,VSS,Metal1,912.9800,412.7535,0.004038
_13082_,VSS,Metal1,903.8930,413.7700,0.004030
_13083_,VSS,Metal1,907.0665,403.8165,0.004374
_13084_,VSS,Metal1,908.6425,413.6835,0.004031
_13085_,VSS,Metal1,918.8265,412.6630,0.004041
_13086_,VSS,Metal1,938.8825,433.0360,0.003403
_13087_,VSS,Metal1,935.0665,432.8230,0.003400
_13088_,VSS,Metal1,924.8880,422.7480,0.003708
_13089_,VSS,Metal1,917.1400,413.8850,0.004041
_13090_,VSS,Metal1,901.8430,403.7380,0.004368
_13091_,VSS,Metal1,938.3225,463.2760,0.002421
_13092_,VSS,Metal1,954.1065,504.6165,0.001019
_13093_,VSS,Metal1,948.9050,484.4410,0.001613
_13094_,VSS,Metal1,943.4600,464.2850,0.002420
_13095_,VSS,Metal1,934.7400,464.1310,0.002422
_13096_,VSS,Metal1,934.3450,473.1585,0.002265
_13097_,VSS,Metal1,924.4265,474.3765,0.002249
_13098_,VSS,Metal1,915.2200,484.2735,0.001617
_13099_,VSS,Metal1,917.6025,483.4360,0.001616
_13100_,VSS,Metal1,920.8200,493.4860,0.001173
_13101_,VSS,Metal1,925.2200,473.3085,0.002249
_13102_,VSS,Metal1,923.5400,483.3885,0.001615
_13103_,VSS,Metal1,924.4200,454.2050,0.002830
_13104_,VSS,Metal1,920.0000,453.1500,0.002830
_13105_,VSS,Metal1,913.9400,463.2430,0.002423
_13106_,VSS,Metal1,930.9000,432.9135,0.003398
_13107_,VSS,Metal1,941.7865,504.6165,0.001008
_13108_,VSS,Metal1,933.7850,493.3185,0.001169
_13109_,VSS,Metal1,929.2200,503.5660,0.001005
_13110_,VSS,Metal1,923.5400,484.2910,0.001615
_13111_,VSS,Metal1,919.3800,474.3650,0.002244
_13112_,VSS,Metal1,912.4830,473.2215,0.002220
_13113_,VSS,Metal1,953.5465,524.7765,0.001743
_13114_,VSS,Metal1,959.0425,534.6435,0.001970
_13115_,VSS,Metal1,960.0200,543.8860,0.002778
_13116_,VSS,Metal1,955.7865,533.6230,0.001955
_13117_,VSS,Metal1,953.4480,514.6920,0.001379
_13118_,VSS,Metal1,918.5700,523.6780,0.001778
_13119_,VSS,Metal1,918.1625,514.4835,0.001380
_13120_,VSS,Metal1,919.6200,504.4510,0.001002
_13121_,VSS,Metal1,913.6825,514.4835,0.001419
_13122_,VSS,Metal1,919.7000,503.4735,0.001002
_13123_,VSS,Metal1,910.7500,494.3235,0.001175
_13124_,VSS,Metal1,911.5800,503.5025,0.001001
_13125_,VSS,Metal1,924.9800,514.6850,0.001380
_13126_,VSS,Metal1,926.6665,533.6230,0.001954
_13127_,VSS,Metal1,922.0880,513.4680,0.001380
_13128_,VSS,Metal1,913.7800,513.4750,0.001419
_13129_,VSS,Metal1,906.3230,504.5380,0.001000
_13130_,VSS,Metal1,951.2025,543.9160,0.002743
_13131_,VSS,Metal1,945.1465,553.7830,0.002393
_13132_,VSS,Metal1,954.8530,523.6700,0.001743
_13133_,VSS,Metal1,959.1465,544.9365,0.002777
_13134_,VSS,Metal1,954.0080,553.7880,0.002399
_13135_,VSS,Metal1,919.8425,553.9960,0.002388
_13136_,VSS,Metal1,913.5400,554.8335,0.002388
_13137_,VSS,Metal1,914.8025,543.9160,0.002285
_13138_,VSS,Metal1,917.9400,534.6910,0.001955
_13139_,VSS,Metal1,915.1475,524.5635,0.001784
_13140_,VSS,Metal1,910.4200,524.7650,0.001786
_13141_,VSS,Metal1,903.7065,534.8565,0.001956
_13142_,VSS,Metal1,899.1225,534.6435,0.001957
_13143_,VSS,Metal1,924.3225,534.6435,0.001955
_13144_,VSS,Metal1,926.1065,553.7830,0.002389
_13145_,VSS,Metal1,932.0400,504.5300,0.001005
_13146_,VSS,Metal1,933.3865,543.7030,0.002288
_13147_,VSS,Metal1,922.6480,543.7080,0.002285
_13148_,VSS,Metal1,876.8200,534.8450,0.001957
_13149_,VSS,Metal1,866.0030,543.7815,0.002259
_13150_,VSS,Metal1,905.9465,553.7830,0.002388
_13151_,VSS,Metal1,951.3400,554.8975,0.002399
_13152_,VSS,Metal1,937.2025,574.9635,0.002736
_13153_,VSS,Metal1,933.3865,585.2565,0.002852
_13154_,VSS,Metal1,937.2080,584.0280,0.002852
_13155_,VSS,Metal1,914.6600,584.2060,0.002859
_13156_,VSS,Metal1,910.8825,584.2360,0.002859
_13157_,VSS,Metal1,913.0650,573.9585,0.002730
_13158_,VSS,Metal1,910.1800,554.8335,0.002388
_13159_,VSS,Metal1,906.8200,554.9260,0.002388
_13160_,VSS,Metal1,905.2825,564.0760,0.002589
_13161_,VSS,Metal1,900.5875,564.0760,0.002589
_13162_,VSS,Metal1,931.1800,544.8175,0.002288
_13163_,VSS,Metal1,922.0825,584.2360,0.002857
_13164_,VSS,Metal1,931.1465,575.1765,0.002734
_13165_,VSS,Metal1,919.2880,575.1720,0.002731
_13166_,VSS,Metal1,917.7000,565.0850,0.002593
_13167_,VSS,Metal1,854.2430,554.9380,0.002368
_13168_,VSS,Metal1,932.1625,634.6360,0.003304
_13169_,VSS,Metal1,926.5050,634.4385,0.003301
_13170_,VSS,Metal1,938.4200,585.2450,0.002852
_13171_,VSS,Metal1,923.7050,615.4810,0.003051
_13172_,VSS,Metal1,906.9625,605.2035,0.003170
_13173_,VSS,Metal1,903.4600,605.2335,0.003173
_13174_,VSS,Metal1,910.8825,605.2035,0.003167
_13175_,VSS,Metal1,912.9000,604.3485,0.003165
_13176_,VSS,Metal1,902.8275,574.9635,0.002726
_13177_,VSS,Metal1,904.8200,584.0350,0.002860
_13178_,VSS,Metal1,904.8265,585.2565,0.002860
_13179_,VSS,Metal1,898.5625,574.9635,0.002725
_13180_,VSS,Metal1,925.4425,614.4760,0.003051
_13181_,VSS,Metal1,916.0265,614.2630,0.003048
_13182_,VSS,Metal1,927.2200,584.0350,0.002855
_13183_,VSS,Metal1,918.7280,605.4120,0.003164
_13184_,VSS,Metal1,913.2200,595.3250,0.003076
_13185_,VSS,Metal1,895.1230,594.1815,0.003042
_13186_,VSS,Metal1,925.3000,625.4860,0.003150
_13187_,VSS,Metal1,901.3625,634.6360,0.003266
_13188_,VSS,Metal1,905.9465,634.4230,0.003270
_13189_,VSS,Metal1,908.0880,625.5720,0.003140
_13190_,VSS,Metal1,895.0500,614.3980,0.003042
_13191_,VSS,Metal1,901.7000,614.4285,0.003044
_13192_,VSS,Metal1,897.8600,595.2460,0.003042
_13193_,VSS,Metal1,892.8300,605.2035,0.003181
_13194_,VSS,Metal1,894.7800,604.3025,0.003180
_13195_,VSS,Metal1,921.9400,614.3535,0.003051
_13196_,VSS,Metal1,900.2425,625.3635,0.003137
_13197_,VSS,Metal1,911.5465,624.3430,0.003141
_13198_,VSS,Metal1,904.1680,615.4920,0.003044
_13199_,VSS,Metal1,847.1400,614.2750,0.003033
_13200_,VSS,Metal1,841.3630,604.2615,0.003185
_13201_,VSS,Metal1,881.7625,635.4435,0.003252
_13202_,VSS,Metal1,886.3465,635.6565,0.003252
_13203_,VSS,Metal1,912.1000,634.4350,0.003270
_13204_,VSS,Metal1,884.0080,634.4280,0.003252
_13205_,VSS,Metal1,861.0425,624.5560,0.003122
_13206_,VSS,Metal1,866.5100,624.5560,0.003127
_13207_,VSS,Metal1,881.5400,615.3310,0.003040
_13208_,VSS,Metal1,882.6675,604.3960,0.003186
_13209_,VSS,Metal1,883.5400,605.4050,0.003186
_13210_,VSS,Metal1,872.3465,604.1830,0.003194
_13211_,VSS,Metal1,878.4025,605.2035,0.003190
_13212_,VSS,Metal1,863.8425,625.3635,0.003124
_13213_,VSS,Metal1,874.5865,635.6565,0.003249
_13214_,VSS,Metal1,905.3800,624.3550,0.003140
_13215_,VSS,Metal1,871.6880,625.5720,0.003127
_13216_,VSS,Metal1,868.9800,605.4050,0.003194
_13217_,VSS,Metal1,864.3230,604.2615,0.003195
_13218_,VSS,Metal1,886.6600,625.4860,0.003129
_13219_,VSS,Metal1,884.3400,645.5710,0.003416
_13220_,VSS,Metal1,885.3625,624.2960,0.003129
_13221_,VSS,Metal1,873.6200,614.4430,0.003038
_13222_,VSS,Metal1,872.6600,615.4060,0.003038
_13223_,VSS,Metal1,873.7075,605.2035,0.003194
_13224_,VSS,Metal1,876.5800,634.5135,0.003249
_13225_,VSS,Metal1,874.4250,624.3585,0.003127
_13226_,VSS,Metal1,863.3800,615.4850,0.003037
_13227_,VSS,Metal1,858.1630,604.2615,0.003195
_13228_,VSS,Metal1,308.8825,60.0760,0.006308
_13229_,VSS,Metal1,306.0825,40.7235,0.006170
_13230_,VSS,Metal1,315.3800,60.0285,0.006305
_13231_,VSS,Metal1,321.3065,61.0965,0.006263
_13232_,VSS,Metal1,333.9500,70.1560,0.006321
_13233_,VSS,Metal1,310.5680,61.0920,0.006308
_13234_,VSS,Metal1,305.9665,71.0515,0.006373
_13235_,VSS,Metal1,337.4425,30.6435,0.005977
_13236_,VSS,Metal1,328.2600,30.6910,0.006102
_13237_,VSS,Metal1,326.1000,29.7135,0.006113
_13238_,VSS,Metal1,325.6250,40.9210,0.006123
_13239_,VSS,Metal1,345.1500,39.9160,0.006002
_13240_,VSS,Metal1,343.6025,50.8035,0.006060
_13241_,VSS,Metal1,338.3400,49.9485,0.006096
_13242_,VSS,Metal1,328.3500,70.1560,0.006330
_13243_,VSS,Metal1,340.8025,60.0760,0.006134
_13244_,VSS,Metal1,332.2600,59.9535,0.006198
_13245_,VSS,Metal1,337.4425,40.7235,0.006070
_13246_,VSS,Metal1,324.9000,49.9485,0.006219
_13247_,VSS,Metal1,323.7330,59.9900,0.006262
_13248_,VSS,Metal1,324.9800,50.9260,0.006219
_13249_,VSS,Metal1,328.4825,50.8035,0.006200
_13250_,VSS,Metal1,326.3800,60.9735,0.006254
_13251_,VSS,Metal1,325.5665,80.1480,0.006601
_13252_,VSS,Metal1,343.6025,30.6435,0.005900
_13253_,VSS,Metal1,363.8665,29.6230,0.005777
_13254_,VSS,Metal1,353.6250,29.6385,0.005847
_13255_,VSS,Metal1,348.7400,30.8450,0.005852
_13256_,VSS,Metal1,355.1400,30.6910,0.005847
_13257_,VSS,Metal1,367.5500,49.9960,0.005938
_13258_,VSS,Metal1,362.0825,49.9960,0.005979
_13259_,VSS,Metal1,355.1400,49.9485,0.006016
_13260_,VSS,Metal1,348.7400,51.0050,0.006033
_13261_,VSS,Metal1,359.0675,50.8035,0.005999
_13262_,VSS,Metal1,355.3625,39.9160,0.005967
_13263_,VSS,Metal1,346.3450,40.9210,0.006002
_13264_,VSS,Metal1,347.6800,49.9500,0.006034
_13265_,VSS,Metal1,346.5000,59.8750,0.006124
_13266_,VSS,Metal1,353.7865,40.9965,0.005968
_13267_,VSS,Metal1,351.3265,81.1315,0.006366
_13268_,VSS,Metal1,363.3065,30.8565,0.005777
_13269_,VSS,Metal1,401.8425,40.7235,0.005515
_13270_,VSS,Metal1,369.1400,30.6910,0.005733
_13271_,VSS,Metal1,369.7800,29.7135,0.005733
_13272_,VSS,Metal1,373.0600,39.8685,0.005758
_13273_,VSS,Metal1,398.3500,50.8035,0.005845
_13274_,VSS,Metal1,407.8600,60.9135,0.005889
_13275_,VSS,Metal1,396.1100,60.0760,0.005903
_13276_,VSS,Metal1,384.2600,60.0285,0.005986
_13277_,VSS,Metal1,375.9400,50.9260,0.005879
_13278_,VSS,Metal1,375.7800,60.0430,0.006033
_13279_,VSS,Metal1,382.0275,60.8835,0.006002
_13280_,VSS,Metal1,361.6200,40.9250,0.005878
_13281_,VSS,Metal1,390.6425,60.0760,0.005940
_13282_,VSS,Metal1,391.1450,49.7985,0.005865
_13283_,VSS,Metal1,390.5850,51.0010,0.005865
_13284_,VSS,Metal1,386.7225,60.8835,0.005970
_13285_,VSS,Metal1,390.6425,60.8835,0.005940
_13286_,VSS,Metal1,393.3265,80.1480,0.006361
_13287_,VSS,Metal1,408.5625,49.9960,0.005752
_13288_,VSS,Metal1,435.5465,49.7830,0.005539
_13289_,VSS,Metal1,412.9850,39.7185,0.005460
_13290_,VSS,Metal1,406.9800,40.9250,0.005479
_13291_,VSS,Metal1,414.5000,49.9485,0.005713
_13292_,VSS,Metal1,427.0425,60.8835,0.005775
_13293_,VSS,Metal1,431.3800,60.9135,0.005744
_13294_,VSS,Metal1,429.2825,70.1560,0.006066
_13295_,VSS,Metal1,413.9400,60.9310,0.005843
_13296_,VSS,Metal1,415.0675,70.1560,0.006143
_13297_,VSS,Metal1,410.3400,69.9550,0.006162
_13298_,VSS,Metal1,415.9465,71.1765,0.006143
_13299_,VSS,Metal1,411.9225,80.2360,0.006273
_13300_,VSS,Metal1,384.9000,50.9260,0.005878
_13301_,VSS,Metal1,413.9400,50.8510,0.005713
_13302_,VSS,Metal1,420.8825,50.8035,0.005669
_13303_,VSS,Metal1,416.9050,59.8785,0.005842
_13304_,VSS,Metal1,417.6200,80.0350,0.006245
_13305_,VSS,Metal1,422.4830,81.1780,0.006237
_13306_,VSS,Metal1,455.1465,51.0165,0.005458
_13307_,VSS,Metal1,472.9625,60.0760,0.005589
_13308_,VSS,Metal1,457.2880,59.8680,0.005632
_13309_,VSS,Metal1,462.1800,70.1260,0.005869
_13310_,VSS,Metal1,466.3465,69.9430,0.005859
_13311_,VSS,Metal1,449.2200,71.0110,0.005968
_13312_,VSS,Metal1,435.8600,70.0335,0.006052
_13313_,VSS,Metal1,434.0530,80.1500,0.006153
_13314_,VSS,Metal1,437.2265,81.2565,0.006145
_13315_,VSS,Metal1,432.6425,81.0435,0.006153
_13316_,VSS,Metal1,432.5000,59.9535,0.005743
_13317_,VSS,Metal1,461.2025,60.8835,0.005631
_13318_,VSS,Metal1,465.7865,61.0965,0.005609
_13319_,VSS,Metal1,442.7280,61.0920,0.005681
_13320_,VSS,Metal1,448.9800,81.2450,0.006027
_13321_,VSS,Metal1,443.2030,81.1780,0.006041
_13322_,VSS,Metal1,460.0825,70.9635,0.005882
_13323_,VSS,Metal1,533.5465,61.0965,0.005478
_13324_,VSS,Metal1,501.4650,51.0010,0.005114
_13325_,VSS,Metal1,462.4600,50.8935,0.005458
_13326_,VSS,Metal1,482.5800,51.0050,0.005353
_13327_,VSS,Metal1,491.6000,60.9300,0.005476
_13328_,VSS,Metal1,494.9065,69.9430,0.005776
_13329_,VSS,Metal1,503.2025,70.9635,0.005788
_13330_,VSS,Metal1,514.2600,80.2060,0.005911
_13331_,VSS,Metal1,491.2200,71.0110,0.005765
_13332_,VSS,Metal1,465.2200,71.1650,0.005859
_13333_,VSS,Metal1,464.1600,80.1900,0.005929
_13334_,VSS,Metal1,470.4200,80.2030,0.005912
_13335_,VSS,Metal1,522.3465,71.1765,0.005793
_13336_,VSS,Metal1,489.1450,51.0010,0.005113
_13337_,VSS,Metal1,468.5800,59.8750,0.005608
_13338_,VSS,Metal1,486.5065,69.9430,0.005753
_13339_,VSS,Metal1,480.1850,61.0810,0.005521
_13340_,VSS,Metal1,476.4200,71.1650,0.005821
_13341_,VSS,Metal1,470.0830,90.1815,0.006277
_13342_,VSS,Metal1,541.9465,61.0965,0.005478
_13343_,VSS,Metal1,568.1625,70.1560,0.005866
_13344_,VSS,Metal1,558.9800,60.9310,0.005476
_13345_,VSS,Metal1,547.8600,61.0060,0.005478
_13346_,VSS,Metal1,551.1400,80.1885,0.005911
_13347_,VSS,Metal1,554.1050,71.1610,0.005863
_13348_,VSS,Metal1,559.8665,81.2565,0.005911
_13349_,VSS,Metal1,558.0825,80.2360,0.005911
_13350_,VSS,Metal1,555.2825,81.0435,0.005911
_13351_,VSS,Metal1,563.6825,81.0435,0.005911
_13352_,VSS,Metal1,543.3000,80.1885,0.005911
_13353_,VSS,Metal1,528.2600,81.1660,0.005911
_13354_,VSS,Metal1,526.4530,80.1500,0.005911
_13355_,VSS,Metal1,524.0265,90.1030,0.006278
_13356_,VSS,Metal1,546.8825,91.1235,0.006271
_13357_,VSS,Metal1,527.9465,69.9430,0.005809
_13358_,VSS,Metal1,553.0425,70.1560,0.005863
_13359_,VSS,Metal1,558.7465,69.9430,0.005865
_13360_,VSS,Metal1,542.9680,69.9480,0.005851
_13361_,VSS,Metal1,545.8600,71.1650,0.005851
_13362_,VSS,Metal1,542.8830,111.4180,0.006397
_13363_,VSS,Metal1,619.7865,59.8630,0.005464
_13364_,VSS,Metal1,599.4650,59.8785,0.005468
_13365_,VSS,Metal1,586.7400,59.8750,0.005469
_13366_,VSS,Metal1,586.8000,81.0900,0.005911
_13367_,VSS,Metal1,592.3465,81.2565,0.005910
_13368_,VSS,Metal1,598.1330,80.1500,0.005908
_13369_,VSS,Metal1,603.8600,90.2860,0.006213
_13370_,VSS,Metal1,597.2825,91.1235,0.006221
_13371_,VSS,Metal1,601.6200,101.2335,0.006218
_13372_,VSS,Metal1,583.6200,91.1710,0.006232
_13373_,VSS,Metal1,591.4600,91.1710,0.006228
_13374_,VSS,Metal1,567.7000,100.1950,0.006344
_13375_,VSS,Metal1,571.1200,91.1700,0.006249
_13376_,VSS,Metal1,574.5800,100.3630,0.006344
_13377_,VSS,Metal1,553.4600,61.0060,0.005478
_13378_,VSS,Metal1,609.1465,69.9430,0.005866
_13379_,VSS,Metal1,599.4650,69.9585,0.005874
_13380_,VSS,Metal1,606.6600,70.9935,0.005868
_13381_,VSS,Metal1,590.3400,80.1885,0.005910
_13382_,VSS,Metal1,587.3000,90.1150,0.006230
_13383_,VSS,Metal1,581.5230,101.3380,0.006325
_13384_,VSS,Metal1,625.9465,71.1765,0.005863
_13385_,VSS,Metal1,637.0425,60.0760,0.005454
_13386_,VSS,Metal1,644.7400,50.8335,0.005304
_13387_,VSS,Metal1,630.9865,59.8630,0.005456
_13388_,VSS,Metal1,625.2880,69.9480,0.005863
_13389_,VSS,Metal1,625.6900,90.2380,0.006193
_13390_,VSS,Metal1,621.9225,81.0435,0.005899
_13391_,VSS,Metal1,620.5800,91.1710,0.006197
_13392_,VSS,Metal1,620.8025,90.3160,0.006197
_13393_,VSS,Metal1,618.4200,100.2735,0.006201
_13394_,VSS,Metal1,611.7100,91.1235,0.006208
_13395_,VSS,Metal1,610.3000,100.3025,0.006209
_13396_,VSS,Metal1,611.3800,71.1650,0.005866
_13397_,VSS,Metal1,630.9865,71.1765,0.005863
_13398_,VSS,Metal1,614.0880,80.0280,0.005901
_13399_,VSS,Metal1,618.6600,101.4050,0.006201
_13400_,VSS,Metal1,618.4830,111.4180,0.006413
_13401_,VSS,Metal1,643.7625,60.0760,0.005860
_13402_,VSS,Metal1,651.1465,51.0165,0.005323
_13403_,VSS,Metal1,631.7330,60.9700,0.005456
_13404_,VSS,Metal1,644.4265,61.0965,0.005860
_13405_,VSS,Metal1,651.6080,59.8680,0.005869
_13406_,VSS,Metal1,657.7625,90.3160,0.006329
_13407_,VSS,Metal1,661.5400,90.2860,0.006332
_13408_,VSS,Metal1,656.0825,81.0435,0.005911
_13409_,VSS,Metal1,648.0200,90.2685,0.006249
_13410_,VSS,Metal1,625.0675,100.3960,0.006198
_13411_,VSS,Metal1,633.7800,91.3250,0.006189
_13412_,VSS,Metal1,638.8265,91.3365,0.006186
_13413_,VSS,Metal1,638.7225,101.2035,0.006189
_13414_,VSS,Metal1,644.3225,70.9635,0.005910
_13415_,VSS,Metal1,656.7465,71.1765,0.005988
_13416_,VSS,Metal1,618.4400,71.0900,0.005865
_13417_,VSS,Metal1,646.6665,81.2565,0.005887
_13418_,VSS,Metal1,646.5680,80.0280,0.005887
_13419_,VSS,Metal1,647.2200,100.1950,0.006212
_13420_,VSS,Metal1,642.5630,110.3415,0.006390
_13421_,VSS,Metal1,665.1465,91.3365,0.006353
_13422_,VSS,Metal1,648.9400,60.9775,0.005869
_13423_,VSS,Metal1,698.0825,60.0760,0.006045
_13424_,VSS,Metal1,697.0665,61.0965,0.006045
_13425_,VSS,Metal1,694.7280,69.9480,0.006073
_13426_,VSS,Metal1,699.6200,90.2860,0.006425
_13427_,VSS,Metal1,703.1225,91.1235,0.006431
_13428_,VSS,Metal1,686.8250,91.3210,0.006410
_13429_,VSS,Metal1,673.8600,91.1535,0.006401
_13430_,VSS,Metal1,667.1400,100.2735,0.006237
_13431_,VSS,Metal1,670.6425,100.3960,0.006237
_13432_,VSS,Metal1,669.3075,91.1235,0.006360
_13433_,VSS,Metal1,648.9400,71.0575,0.005936
_13434_,VSS,Metal1,690.2425,70.9635,0.006072
_13435_,VSS,Metal1,695.9465,71.1765,0.006073
_13436_,VSS,Metal1,682.9680,80.0280,0.006058
_13437_,VSS,Metal1,679.7000,91.3250,0.006410
_13438_,VSS,Metal1,667.2030,110.3415,0.006476
_13439_,VSS,Metal1,722.7225,50.8035,0.005763
_13440_,VSS,Metal1,722.6650,59.8785,0.006139
_13441_,VSS,Metal1,702.1000,61.0850,0.006054
_13442_,VSS,Metal1,722.6650,61.0810,0.006139
_13443_,VSS,Metal1,722.7225,90.3160,0.006485
_13444_,VSS,Metal1,723.1400,91.1535,0.006485
_13445_,VSS,Metal1,721.6025,81.0435,0.006259
_13446_,VSS,Metal1,716.9000,90.2685,0.006471
_13447_,VSS,Metal1,692.8275,100.3960,0.006348
_13448_,VSS,Metal1,704.3400,100.1950,0.006370
_13449_,VSS,Metal1,709.3865,100.1830,0.006378
_13450_,VSS,Metal1,712.0825,101.2035,0.006382
_13451_,VSS,Metal1,717.6825,81.0435,0.006246
_13452_,VSS,Metal1,717.7865,80.0230,0.006246
_13453_,VSS,Metal1,694.8200,80.0350,0.006109
_13454_,VSS,Metal1,711.5280,71.1720,0.006115
_13455_,VSS,Metal1,716.1000,100.1950,0.006392
_13456_,VSS,Metal1,703.6030,101.3380,0.006370
_13457_,VSS,Metal1,723.7000,80.1135,0.006259
_13458_,VSS,Metal1,752.9625,70.9635,0.006238
_13459_,VSS,Metal1,746.9065,61.0965,0.006177
_13460_,VSS,Metal1,742.8880,69.9480,0.006215
_13461_,VSS,Metal1,748.3300,90.2380,0.006524
_13462_,VSS,Metal1,743.2200,91.1710,0.006515
_13463_,VSS,Metal1,730.4200,90.1935,0.006494
_13464_,VSS,Metal1,739.3900,100.3960,0.006464
_13465_,VSS,Metal1,726.2200,100.3025,0.006433
_13466_,VSS,Metal1,723.7000,71.0860,0.006141
_13467_,VSS,Metal1,744.5625,70.9635,0.006215
_13468_,VSS,Metal1,749.1465,71.1765,0.006223
_13469_,VSS,Metal1,741.7680,81.2520,0.006338
_13470_,VSS,Metal1,736.8200,91.3250,0.006504
_13471_,VSS,Metal1,720.9630,110.3415,0.006596
_13472_,VSS,Metal1,793.2825,60.0760,0.006262
_13473_,VSS,Metal1,788.3465,59.8630,0.006262
_13474_,VSS,Metal1,751.9400,61.0850,0.006188
_13475_,VSS,Metal1,781.5280,51.0120,0.006123
_13476_,VSS,Metal1,779.8425,81.0435,0.006421
_13477_,VSS,Metal1,784.1900,90.3160,0.006583
_13478_,VSS,Metal1,776.8200,90.2685,0.006574
_13479_,VSS,Metal1,764.5075,81.0435,0.006384
_13480_,VSS,Metal1,763.7000,90.1150,0.006554
_13481_,VSS,Metal1,776.0265,81.2565,0.006412
_13482_,VSS,Metal1,775.9225,101.2035,0.006549
_13483_,VSS,Metal1,787.1225,80.2360,0.006433
_13484_,VSS,Metal1,783.3065,80.0230,0.006433
_13485_,VSS,Metal1,748.5800,80.0350,0.006343
_13486_,VSS,Metal1,779.8480,71.1720,0.006286
_13487_,VSS,Metal1,786.1000,81.2450,0.006433
_13488_,VSS,Metal1,784.8030,110.3415,0.006680
_13489_,VSS,Metal1,788.6600,49.8735,0.006124
_13490_,VSS,Metal1,804.8200,60.0285,0.006353
_13491_,VSS,Metal1,796.8825,51.0635,0.006171
_13492_,VSS,Metal1,781.7800,91.1565,0.006583
_13493_,VSS,Metal1,781.9400,100.2735,0.006556
_13494_,VSS,Metal1,787.4675,91.1235,0.006588
_13495_,VSS,Metal1,788.1000,70.0335,0.006317
_13496_,VSS,Metal1,789.8650,61.0810,0.006262
_13497_,VSS,Metal1,791.1400,71.1650,0.006319
_13498_,VSS,Metal1,780.3230,111.4180,0.006679
_13499_,VSS,Metal1,529.5225,272.5635,0.006209
_13500_,VSS,Metal1,527.4200,281.7425,0.005982
_13501_,VSS,Metal1,542.4025,291.9160,0.005892
_13502_,VSS,Metal1,532.9800,282.8450,0.005983
_13503_,VSS,Metal1,531.3600,291.8700,0.005893
_13504_,VSS,Metal1,536.3800,291.8225,0.005893
_13505_,VSS,Metal1,536.2425,322.1560,0.005139
_13506_,VSS,Metal1,537.4665,311.8630,0.005493
_13507_,VSS,Metal1,543.3800,311.9535,0.005493
_13508_,VSS,Metal1,541.7850,313.0810,0.005493
_13509_,VSS,Metal1,542.2600,323.0860,0.005139
_13510_,VSS,Metal1,541.2825,353.2035,0.004348
_13511_,VSS,Metal1,554.8200,333.2450,0.004892
_13512_,VSS,Metal1,549.2800,333.0900,0.004881
_13513_,VSS,Metal1,546.4600,342.2225,0.004571
_13514_,VSS,Metal1,564.2425,373.3635,0.004305
_13515_,VSS,Metal1,576.6665,352.1830,0.004344
_13516_,VSS,Metal1,582.5800,352.2735,0.004344
_13517_,VSS,Metal1,579.8650,353.4010,0.004344
_13518_,VSS,Metal1,568.5800,372.4335,0.004299
_13519_,VSS,Metal1,617.4425,352.3960,0.004335
_13520_,VSS,Metal1,622.5800,352.1950,0.004334
_13521_,VSS,Metal1,622.6400,353.2500,0.004334
_13522_,VSS,Metal1,618.1400,362.3825,0.004340
_13523_,VSS,Metal1,642.0825,402.7960,0.004075
_13524_,VSS,Metal1,641.2530,382.5500,0.004284
_13525_,VSS,Metal1,648.1000,382.5135,0.004319
_13526_,VSS,Metal1,650.4825,383.4435,0.004325
_13527_,VSS,Metal1,646.9800,383.5660,0.004319
_13528_,VSS,Metal1,894.0825,433.8435,0.003364
_13529_,VSS,Metal1,677.5000,392.6260,0.004112
_13530_,VSS,Metal1,905.1500,443.9235,0.003113
_13531_,VSS,Metal1,905.3865,434.0565,0.003370
_13532_,VSS,Metal1,898.7000,433.9375,0.003366
_13533_,VSS,Metal1,905.8425,463.2760,0.002423
_13534_,VSS,Metal1,905.3800,452.9950,0.002830
_13535_,VSS,Metal1,908.7465,474.3765,0.002219
_13536_,VSS,Metal1,913.5300,474.2415,0.002220
_13537_,VSS,Metal1,911.5800,453.1025,0.002830
_13538_,VSS,Metal1,911.3000,444.0460,0.003114
_13539_,VSS,Metal1,900.2425,483.4360,0.001617
_13540_,VSS,Metal1,915.4600,493.3150,0.001173
_13541_,VSS,Metal1,911.5800,483.3425,0.001617
_13542_,VSS,Metal1,906.2600,483.3135,0.001617
_13543_,VSS,Metal1,891.8425,514.4835,0.001423
_13544_,VSS,Metal1,913.7865,523.5430,0.001784
_13545_,VSS,Metal1,906.1330,514.5700,0.001423
_13546_,VSS,Metal1,905.7000,524.6860,0.001806
_13547_,VSS,Metal1,897.4425,524.5635,0.001811
_13548_,VSS,Metal1,897.8600,514.6060,0.001423
_13549_,VSS,Metal1,884.0025,534.6435,0.001957
_13550_,VSS,Metal1,902.0800,544.7700,0.002271
_13551_,VSS,Metal1,902.0200,543.7150,0.002271
_13552_,VSS,Metal1,884.1400,544.8175,0.002260
_13553_,VSS,Metal1,884.0025,554.8035,0.002386
_13554_,VSS,Metal1,909.3065,575.1765,0.002730
_13555_,VSS,Metal1,892.6930,574.0700,0.002723
_13556_,VSS,Metal1,899.5400,574.0335,0.002725
_13557_,VSS,Metal1,891.2825,564.8835,0.002588
_13558_,VSS,Metal1,886.6600,565.0060,0.002587
_13559_,VSS,Metal1,878.4025,564.8835,0.002587
_13560_,VSS,Metal1,894.2400,585.0900,0.002863
_13561_,VSS,Metal1,899.7800,585.2450,0.002863
_13562_,VSS,Metal1,881.3400,575.0575,0.002721
_13563_,VSS,Metal1,859.3625,564.8835,0.002570
_13564_,VSS,Metal1,898.1065,605.4165,0.003178
_13565_,VSS,Metal1,879.2530,585.1300,0.002863
_13566_,VSS,Metal1,880.5000,594.1935,0.003010
_13567_,VSS,Metal1,866.0825,584.2360,0.002864
_13568_,VSS,Metal1,863.1400,585.1660,0.002864
_13569_,VSS,Metal1,855.4425,584.2360,0.002864
_13570_,VSS,Metal1,866.1800,594.1150,0.003006
_13571_,VSS,Metal1,869.0400,585.0900,0.002864
_13572_,VSS,Metal1,860.0600,584.1425,0.002864
_13573_,VSS,Metal1,334.6425,81.0435,0.006523
_13574_,VSS,Metal1,335.9000,80.1425,0.006523
_13575_,VSS,Metal1,343.0425,81.0435,0.006366
_13576_,VSS,Metal1,343.7000,61.0850,0.006125
_13577_,VSS,Metal1,337.0400,60.9300,0.006183
_13578_,VSS,Metal1,343.1800,71.0575,0.006263
_13579_,VSS,Metal1,357.0425,90.3160,0.006614
_13580_,VSS,Metal1,355.2200,50.9260,0.006016
_13581_,VSS,Metal1,353.3800,60.0430,0.006092
_13582_,VSS,Metal1,357.0425,70.1560,0.006259
_13583_,VSS,Metal1,364.1800,90.1935,0.006613
_13584_,VSS,Metal1,368.2425,70.9635,0.006243
_13585_,VSS,Metal1,371.7000,69.9550,0.006230
_13586_,VSS,Metal1,372.3200,60.9300,0.006044
_13587_,VSS,Metal1,372.8600,71.0575,0.006230
_13588_,VSS,Metal1,410.8025,91.1235,0.006424
_13589_,VSS,Metal1,404.1865,61.0965,0.005897
_13590_,VSS,Metal1,405.6200,70.0335,0.006168
_13591_,VSS,Metal1,407.9450,71.1610,0.006165
_13592_,VSS,Metal1,412.3400,81.1660,0.006272
_13593_,VSS,Metal1,453.3625,81.0435,0.006006
_13594_,VSS,Metal1,432.7400,71.1650,0.006053
_13595_,VSS,Metal1,439.5200,71.0100,0.006040
_13596_,VSS,Metal1,443.4200,80.1425,0.006041
_13597_,VSS,Metal1,474.6425,90.3160,0.006276
_13598_,VSS,Metal1,470.4530,71.0500,0.005847
_13599_,VSS,Metal1,481.7800,80.1135,0.005911
_13600_,VSS,Metal1,481.9225,90.3160,0.006276
_13601_,VSS,Metal1,466.1000,81.1660,0.005928
_13602_,VSS,Metal1,553.0425,100.3960,0.006345
_13603_,VSS,Metal1,493.2600,80.1425,0.005909
_13604_,VSS,Metal1,558.7465,90.1030,0.006254
_13605_,VSS,Metal1,557.9500,91.1235,0.006254
_13606_,VSS,Metal1,560.4600,100.3025,0.006345
_13607_,VSS,Metal1,563.1225,120.5560,0.006411
_13608_,VSS,Metal1,563.7800,90.1150,0.006252
_13609_,VSS,Metal1,586.7465,100.1830,0.006221
_13610_,VSS,Metal1,591.5300,100.3180,0.006221
_13611_,VSS,Metal1,562.7000,91.2175,0.006252
_13612_,VSS,Metal1,572.5000,101.3260,0.006344
_13613_,VSS,Metal1,605.6825,111.2835,0.006414
_13614_,VSS,Metal1,604.6600,91.3250,0.006213
_13615_,VSS,Metal1,600.7800,100.3025,0.006218
_13616_,VSS,Metal1,607.2200,101.3260,0.006211
_13617_,VSS,Metal1,637.0425,110.4760,0.006390
_13618_,VSS,Metal1,628.7465,91.3365,0.006192
_13619_,VSS,Metal1,630.6130,100.3100,0.006192
_13620_,VSS,Metal1,638.5800,100.2735,0.006189
_13621_,VSS,Metal1,642.6425,101.2035,0.006196
_13622_,VSS,Metal1,635.2200,101.3260,0.006189
_13623_,VSS,Metal1,657.2025,110.4760,0.006440
_13624_,VSS,Metal1,660.1600,91.1700,0.006329
_13625_,VSS,Metal1,653.9400,100.1950,0.006232
_13626_,VSS,Metal1,659.0200,100.3025,0.006237
_13627_,VSS,Metal1,698.6425,111.2835,0.006593
_13628_,VSS,Metal1,695.9465,90.1030,0.006424
_13629_,VSS,Metal1,698.3730,100.3100,0.006361
_13630_,VSS,Metal1,699.6200,91.2460,0.006425
_13631_,VSS,Metal1,708.1625,101.2035,0.006378
_13632_,VSS,Metal1,697.3800,101.3260,0.006361
_13633_,VSS,Metal1,727.7625,111.2835,0.006614
_13634_,VSS,Metal1,733.4600,100.1950,0.006454
_13635_,VSS,Metal1,729.0400,91.1700,0.006493
_13636_,VSS,Metal1,727.3400,101.2975,0.006433
_13637_,VSS,Metal1,762.4825,111.2835,0.006673
_13638_,VSS,Metal1,753.0665,91.3365,0.006542
_13639_,VSS,Metal1,756.0530,100.3100,0.006547
_13640_,VSS,Metal1,759.5400,91.2460,0.006549
_13641_,VSS,Metal1,768.0825,101.2035,0.006549
_13642_,VSS,Metal1,760.1000,101.3260,0.006547
_13643_,VSS,Metal1,764.1625,101.2035,0.006549
_13644_,VSS,Metal1,770.4800,90.2700,0.006566
_13645_,VSS,Metal1,774.9000,91.3250,0.006571
_13646_,VSS,Metal1,766.5400,91.2175,0.006554
_13647_,VSS,Metal1,317.9465,130.4230,0.006907
_13648_,VSS,Metal1,370.2600,120.5085,0.006569
_13649_,VSS,Metal1,377.2025,130.6360,0.006724
_13650_,VSS,Metal1,372.6600,130.5460,0.006732
_13651_,VSS,Metal1,994.8825,221.3560,0.006985
_13652_,VSS,Metal1,991.6600,232.3250,0.006875
_13653_,VSS,Metal1,992.1700,231.2935,0.006875
_13654_,VSS,Metal1,978.7300,222.3950,0.006979
_13655_,VSS,Metal1,940.0025,160.8760,0.006892
_13656_,VSS,Metal1,984.1100,221.3560,0.006985
_13657_,VSS,Metal1,933.9965,171.8200,0.006770
_13658_,VSS,Metal1,941.1225,171.7635,0.006789
_13659_,VSS,Metal1,944.9630,181.9780,0.006938
_13660_,VSS,Metal1,950.0825,191.1160,0.006797
_13661_,VSS,Metal1,969.6825,272.5635,0.006579
_13662_,VSS,Metal1,954.7165,130.5800,0.007146
_13663_,VSS,Metal1,963.5225,272.5635,0.006579
_13664_,VSS,Metal1,307.2025,130.6360,0.007003
_13665_,VSS,Metal1,315.9400,120.5085,0.006773
_13666_,VSS,Metal1,310.9800,121.4860,0.006794
_13667_,VSS,Metal1,316.5000,121.4110,0.006773
_13668_,VSS,Metal1,325.5665,130.5480,0.006872
_13669_,VSS,Metal1,328.4825,131.4435,0.006869
_13670_,VSS,Metal1,966.9800,291.7150,0.006282
_13671_,VSS,Metal1,971.2830,292.8580,0.006282
_13672_,VSS,Metal1,302.7225,130.6360,0.007043
_13673_,VSS,Metal1,272.4825,121.3635,0.006897
_13674_,VSS,Metal1,285.8650,130.4385,0.007071
_13675_,VSS,Metal1,298.3400,130.4350,0.007059
_13676_,VSS,Metal1,296.3400,131.4910,0.007059
_13677_,VSS,Metal1,299.8065,140.6280,0.006859
_13678_,VSS,Metal1,924.4265,150.5830,0.006915
_13679_,VSS,Metal1,932.6430,131.5780,0.007129
_13680_,VSS,Metal1,942.7230,202.1380,0.006875
_13681_,VSS,Metal1,944.3500,212.0835,0.006814
_13682_,VSS,Metal1,959.4800,211.1500,0.006824
_13683_,VSS,Metal1,275.3865,131.6565,0.007086
_13684_,VSS,Metal1,281.2200,131.4910,0.007080
_13685_,VSS,Metal1,293.6200,130.5135,0.007069
_13686_,VSS,Metal1,288.9800,131.4765,0.007071
_13687_,VSS,Metal1,290.5000,140.5150,0.006900
_13688_,VSS,Metal1,289.9400,141.7250,0.006900
_13689_,VSS,Metal1,296.5625,151.6035,0.006683
_13690_,VSS,Metal1,937.7625,151.6035,0.006919
_13691_,VSS,Metal1,940.7165,170.9000,0.006789
_13692_,VSS,Metal1,945.0425,171.7635,0.006794
_13693_,VSS,Metal1,952.8030,180.9015,0.006944
_13694_,VSS,Metal1,945.0425,181.0360,0.006938
_13695_,VSS,Metal1,945.0425,251.5960,0.006728
_13696_,VSS,Metal1,940.7165,141.5800,0.007074
_13697_,VSS,Metal1,945.6025,252.4035,0.006728
_13698_,VSS,Metal1,285.7800,140.5935,0.006910
_13699_,VSS,Metal1,513.2250,131.6410,0.006458
_13700_,VSS,Metal1,507.5400,131.4735,0.006456
_13701_,VSS,Metal1,520.9000,140.6685,0.006467
_13702_,VSS,Metal1,534.5625,140.7160,0.006475
_13703_,VSS,Metal1,528.9000,150.7060,0.006128
_13704_,VSS,Metal1,960.8200,262.6850,0.006793
_13705_,VSS,Metal1,960.6430,595.2580,0.003187
_13706_,VSS,Metal1,504.9865,150.5830,0.006099
_13707_,VSS,Metal1,513.3800,140.5150,0.006456
_13708_,VSS,Metal1,530.1865,121.5765,0.006403
_13709_,VSS,Metal1,538.4825,140.7160,0.006480
_13710_,VSS,Metal1,523.7000,131.4910,0.006460
_13711_,VSS,Metal1,528.7400,140.6685,0.006473
_13712_,VSS,Metal1,531.6465,141.6115,0.006475
_13713_,VSS,Metal1,965.6830,170.8215,0.006821
_13714_,VSS,Metal1,969.5400,161.7135,0.006919
_13715_,VSS,Metal1,958.3600,170.8300,0.006821
_13716_,VSS,Metal1,971.2830,192.0580,0.006816
_13717_,VSS,Metal1,965.0600,192.0460,0.006816
_13718_,VSS,Metal1,538.4825,212.0835,0.005798
_13719_,VSS,Metal1,529.0665,212.2965,0.005768
_13720_,VSS,Metal1,533.5465,212.2965,0.005773
_13721_,VSS,Metal1,536.3465,200.9830,0.005554
_13722_,VSS,Metal1,528.8100,211.1980,0.005768
_13723_,VSS,Metal1,534.1065,150.5830,0.006210
_13724_,VSS,Metal1,523.2400,141.6500,0.006467
_13725_,VSS,Metal1,531.8665,200.9830,0.005550
_13726_,VSS,Metal1,540.5000,202.0510,0.005559
_13727_,VSS,Metal1,537.9225,221.3560,0.006110
_13728_,VSS,Metal1,543.6200,212.2850,0.005805
_13729_,VSS,Metal1,942.7230,140.5815,0.007074
_13730_,VSS,Metal1,946.6430,232.3780,0.006842
_13731_,VSS,Metal1,946.5900,242.3235,0.006801
_13732_,VSS,Metal1,958.0825,242.5080,0.006812
_13733_,VSS,Metal1,957.2830,231.3015,0.006847
_13734_,VSS,Metal1,961.7000,221.3260,0.006967
_13735_,VSS,Metal1,956.1200,221.2300,0.006953
_13736_,VSS,Metal1,919.8425,211.2760,0.006799
_13737_,VSS,Metal1,526.7225,201.1960,0.005550
_13738_,VSS,Metal1,528.5400,202.0935,0.005550
_13739_,VSS,Metal1,923.3065,212.2965,0.006804
_13740_,VSS,Metal1,914.5800,221.3085,0.006914
_13741_,VSS,Metal1,914.0200,211.2285,0.006799
_13742_,VSS,Metal1,918.1625,202.0035,0.006791
_13743_,VSS,Metal1,923.3000,222.3650,0.006921
_13744_,VSS,Metal1,965.6400,221.2300,0.006974
_13745_,VSS,Metal1,953.3200,222.2900,0.006953
_13746_,VSS,Metal1,965.2025,232.2435,0.006857
_13747_,VSS,Metal1,961.2825,654.7960,0.003349
_13748_,VSS,Metal1,921.6200,221.1550,0.006921
_13749_,VSS,Metal1,920.3450,272.7610,0.006517
_13750_,VSS,Metal1,917.7065,271.5430,0.006517
_13751_,VSS,Metal1,922.9800,261.6285,0.006748
_13752_,VSS,Metal1,930.4825,252.4035,0.006725
_13753_,VSS,Metal1,931.6800,261.5535,0.006761
_13754_,VSS,Metal1,960.6430,664.7415,0.003287
_13755_,VSS,Metal1,965.7625,231.4360,0.006857
_13756_,VSS,Metal1,970.6600,231.3135,0.006865
_13757_,VSS,Metal1,996.9900,625.3635,0.003205
_13758_,VSS,Metal1,1000.9265,101.2915,0.006919
_13759_,VSS,Metal1,984.1100,594.3160,0.003275
_13760_,VSS,Metal1,983.6825,585.0435,0.002900
_13761_,VSS,Metal1,978.6425,594.3160,0.003252
_13762_,VSS,Metal1,1000.6900,605.3400,0.003182
_13763_,VSS,Metal1,1002.6065,130.5480,0.007271
_13764_,VSS,Metal1,1006.0825,584.2360,0.002933
_13765_,VSS,Metal1,982.0025,595.1235,0.003275
_13766_,VSS,Metal1,992.1865,584.0230,0.002928
_13767_,VSS,Metal1,987.1400,595.3250,0.003281
_13768_,VSS,Metal1,988.2375,585.1250,0.002922
_13769_,VSS,Metal1,990.5065,594.0430,0.003281
_13770_,VSS,Metal1,997.6825,574.1560,0.002789
_13771_,VSS,Metal1,994.3975,575.0450,0.002781
_13772_,VSS,Metal1,1013.1200,575.2630,0.002808
_13773_,VSS,Metal1,1004.8465,160.7880,0.006934
_13774_,VSS,Metal1,1008.8825,605.2035,0.003183
_13775_,VSS,Metal1,1003.8425,615.2835,0.003074
_13776_,VSS,Metal1,1010.0900,585.2750,0.002936
_13777_,VSS,Metal1,1001.5230,595.2580,0.003311
_13778_,VSS,Metal1,994.4265,585.2565,0.002928
_13779_,VSS,Metal1,993.9600,604.3500,0.003179
_13780_,VSS,Metal1,984.2425,614.4760,0.003067
_13781_,VSS,Metal1,992.7400,605.4050,0.003179
_13782_,VSS,Metal1,993.5400,595.1710,0.003292
_13783_,VSS,Metal1,1000.4250,584.0385,0.002929
_13784_,VSS,Metal1,1003.3800,565.0850,0.002670
_13785_,VSS,Metal1,1004.0000,574.1100,0.002798
_13786_,VSS,Metal1,1012.8900,563.8450,0.002686
_13787_,VSS,Metal1,1019.4065,161.7715,0.006961
_13788_,VSS,Metal1,981.0800,615.3300,0.003065
_13789_,VSS,Metal1,994.8030,615.4180,0.003074
_13790_,VSS,Metal1,992.1865,614.2630,0.003073
_13791_,VSS,Metal1,1014.9100,604.3960,0.003189
_13792_,VSS,Metal1,1015.6025,605.2035,0.003189
_13793_,VSS,Metal1,1013.3050,594.1185,0.003317
_13794_,VSS,Metal1,1015.6025,585.0435,0.002941
_13795_,VSS,Metal1,1015.2825,595.3835,0.003317
_13796_,VSS,Metal1,1003.8425,635.4435,0.003466
_13797_,VSS,Metal1,1008.8825,615.2835,0.003081
_13798_,VSS,Metal1,1003.2030,634.5015,0.003466
_13799_,VSS,Metal1,1003.2825,624.5560,0.003220
_13800_,VSS,Metal1,1011.1280,624.3480,0.003229
_13801_,VSS,Metal1,1022.3225,605.2035,0.003202
_13802_,VSS,Metal1,1021.7050,594.1185,0.003319
_13803_,VSS,Metal1,998.5330,585.2980,0.002929
_13804_,VSS,Metal1,1021.2025,584.2360,0.002949
_13805_,VSS,Metal1,1020.0250,575.1610,0.002809
_13806_,VSS,Metal1,1022.3225,574.1560,0.002809
_13807_,VSS,Metal1,1024.8800,565.1830,0.002697
_13808_,VSS,Metal1,1031.1665,180.9480,0.007016
_13809_,VSS,Metal1,1029.7000,594.1150,0.003324
_13810_,VSS,Metal1,1021.2025,614.4760,0.003096
_13811_,VSS,Metal1,997.6825,634.6360,0.003452
_13812_,VSS,Metal1,1010.0025,645.5235,0.003574
_13813_,VSS,Metal1,1013.9225,645.5235,0.003583
_13814_,VSS,Metal1,1010.4830,635.5780,0.003472
_13815_,VSS,Metal1,1011.6880,634.4280,0.003472
_13816_,VSS,Metal1,1018.4025,635.4435,0.003479
_13817_,VSS,Metal1,1022.1075,634.6360,0.003490
_13818_,VSS,Metal1,1021.7050,625.5610,0.003234
_13819_,VSS,Metal1,983.8800,634.5900,0.003443
_13820_,VSS,Metal1,1032.2600,615.3135,0.003101
_13821_,VSS,Metal1,984.1630,625.4980,0.003201
_13822_,VSS,Metal1,989.9465,634.4230,0.003446
_13823_,VSS,Metal1,1002.3000,625.4535,0.003220
_13824_,VSS,Metal1,987.3800,615.3310,0.003070
_13825_,VSS,Metal1,983.2100,624.4175,0.003201
_13826_,VSS,Metal1,993.2080,624.3480,0.003205
_13827_,VSS,Metal1,1029.1465,624.3430,0.003238
_13828_,VSS,Metal1,1025.6250,615.4810,0.003098
_13829_,VSS,Metal1,1023.0400,604.3500,0.003202
_13830_,VSS,Metal1,1030.5000,604.3485,0.003208
_13831_,VSS,Metal1,1024.5680,585.2520,0.002949
_13832_,VSS,Metal1,1035.6100,575.0415,0.002824
_13833_,VSS,Metal1,1030.5900,574.9635,0.002819
_13834_,VSS,Metal1,1036.1750,565.2120,0.002699
_13835_,VSS,Metal1,1021.6465,211.1880,0.006881
_13836_,VSS,Metal1,1033.3800,584.1135,0.002956
_13837_,VSS,Metal1,1035.3000,594.1150,0.003324
_13838_,VSS,Metal1,990.5000,625.5650,0.003205
_13839_,VSS,Metal1,1022.2430,645.6580,0.003583
_13840_,VSS,Metal1,980.8825,695.1160,0.003293
_13841_,VSS,Metal1,1020.2800,655.6500,0.003523
_13842_,VSS,Metal1,1029.1465,645.7365,0.003592
_13843_,VSS,Metal1,1011.2600,625.4535,0.003229
_13844_,VSS,Metal1,1032.9625,644.7160,0.003598
_13845_,VSS,Metal1,1029.1465,625.5765,0.003238
_13846_,VSS,Metal1,1032.4080,634.4280,0.003512
_13847_,VSS,Metal1,1013.9225,654.7960,0.003497
_13848_,VSS,Metal1,1015.6025,674.9560,0.003452
_13849_,VSS,Metal1,1010.0025,675.7635,0.003447
_13850_,VSS,Metal1,1013.2300,655.6035,0.003497
_13851_,VSS,Metal1,1018.3450,664.6785,0.003487
_13852_,VSS,Metal1,1030.5000,654.7485,0.003528
_13853_,VSS,Metal1,998.1630,654.6615,0.003453
_13854_,VSS,Metal1,977.5225,654.7960,0.003422
_13855_,VSS,Metal1,992.2800,654.7500,0.003438
_13856_,VSS,Metal1,1003.3865,654.5830,0.003462
_13857_,VSS,Metal1,1034.0825,665.6835,0.003530
_13858_,VSS,Metal1,1029.8425,655.8635,0.003528
_13859_,VSS,Metal1,1038.9700,644.6380,0.003613
_13860_,VSS,Metal1,1038.4300,635.4435,0.003512
_13861_,VSS,Metal1,1036.8880,625.5720,0.003241
_13862_,VSS,Metal1,1033.5225,624.5560,0.003241
_13863_,VSS,Metal1,1039.4600,624.5085,0.003241
_13864_,VSS,Metal1,1039.4600,615.3310,0.003106
_13865_,VSS,Metal1,1039.7865,605.4165,0.003215
_13866_,VSS,Metal1,1038.5050,604.1985,0.003215
_13867_,VSS,Metal1,1041.6800,585.3430,0.002962
_13868_,VSS,Metal1,1041.2465,222.2515,0.006992
_13869_,VSS,Metal1,1042.0200,594.1150,0.003325
_13870_,VSS,Metal1,1047.3800,624.4335,0.003247
_13871_,VSS,Metal1,1033.3800,635.5660,0.003512
_13872_,VSS,Metal1,1044.5800,634.5135,0.003524
_13873_,VSS,Metal1,1019.6600,665.7735,0.003487
_13874_,VSS,Metal1,975.8425,685.8435,0.003291
_13875_,VSS,Metal1,980.4265,686.0565,0.003302
_13876_,VSS,Metal1,981.3850,684.8385,0.003302
_13877_,VSS,Metal1,991.3000,684.9885,0.003349
_13878_,VSS,Metal1,1030.1625,665.6835,0.003530
_13879_,VSS,Metal1,1033.4650,664.6785,0.003530
_13880_,VSS,Metal1,1039.1225,665.6835,0.003540
_13881_,VSS,Metal1,1040.7450,654.5985,0.003537
_13882_,VSS,Metal1,1019.5225,674.9560,0.003464
_13883_,VSS,Metal1,1014.4825,685.8435,0.003406
_13884_,VSS,Metal1,1003.8425,674.9560,0.003435
_13885_,VSS,Metal1,1012.5800,665.7310,0.003473
_13886_,VSS,Metal1,1009.9450,674.7585,0.003447
_13887_,VSS,Metal1,1003.1400,655.6335,0.003462
_13888_,VSS,Metal1,973.6025,654.7960,0.003403
_13889_,VSS,Metal1,987.6025,645.5235,0.003553
_13890_,VSS,Metal1,982.0775,654.7150,0.003438
_13891_,VSS,Metal1,983.0430,645.6580,0.003523
_13892_,VSS,Metal1,984.8080,655.8120,0.003438
_13893_,VSS,Metal1,999.3625,655.6035,0.003453
_13894_,VSS,Metal1,996.6665,664.6630,0.003461
_13895_,VSS,Metal1,1005.7625,664.6160,0.003472
_13896_,VSS,Metal1,1041.5200,664.8300,0.003540
_13897_,VSS,Metal1,1040.5800,655.6510,0.003537
_13898_,VSS,Metal1,1050.2650,655.8010,0.003559
_13899_,VSS,Metal1,1057.4700,654.7960,0.003563
_13900_,VSS,Metal1,1052.4100,645.6015,0.003641
_13901_,VSS,Metal1,1055.0425,644.4560,0.003641
_13902_,VSS,Metal1,1053.1225,634.6360,0.003554
_13903_,VSS,Metal1,1058.5000,635.4910,0.003596
_13904_,VSS,Metal1,1061.2800,634.3365,0.003596
_13905_,VSS,Metal1,1038.4465,242.4115,0.006882
_13906_,VSS,Metal1,1066.4200,635.5660,0.003597
_13907_,VSS,Metal1,1058.2600,645.7250,0.003641
_13908_,VSS,Metal1,1071.4600,655.6335,0.003584
_13909_,VSS,Metal1,1046.4025,654.7960,0.003555
_13910_,VSS,Metal1,1048.1800,664.6750,0.003557
_13911_,VSS,Metal1,985.4600,686.0450,0.003302
_13912_,VSS,Metal1,1026.7230,685.9780,0.003419
_13913_,VSS,Metal1,1028.4825,715.2760,0.003454
_13914_,VSS,Metal1,1027.4375,696.0050,0.003479
_13915_,VSS,Metal1,1030.0200,695.0860,0.003488
_13916_,VSS,Metal1,1034.1865,694.9030,0.003499
_13917_,VSS,Metal1,1015.1800,675.8535,0.003452
_13918_,VSS,Metal1,1035.2025,675.7635,0.003533
_13919_,VSS,Metal1,1036.6600,684.9885,0.003437
_13920_,VSS,Metal1,1041.1400,675.8110,0.003554
_13921_,VSS,Metal1,1004.2600,665.8060,0.003472
_13922_,VSS,Metal1,1006.6425,695.1160,0.003388
_13923_,VSS,Metal1,1017.2825,716.0835,0.003471
_13924_,VSS,Metal1,1012.2425,695.9235,0.003399
_13925_,VSS,Metal1,1020.5850,694.9185,0.003438
_13926_,VSS,Metal1,1016.5075,695.9235,0.003432
_13927_,VSS,Metal1,1012.7450,694.9185,0.003399
_13928_,VSS,Metal1,984.6600,664.7535,0.003399
_13929_,VSS,Metal1,984.2425,674.9560,0.003364
_13930_,VSS,Metal1,978.0825,665.6835,0.003381
_13931_,VSS,Metal1,975.8425,664.8760,0.003372
_13932_,VSS,Metal1,972.3300,675.8415,0.003361
_13933_,VSS,Metal1,980.1900,674.9560,0.003364
_13934_,VSS,Metal1,980.8880,675.9720,0.003364
_13935_,VSS,Metal1,993.7625,674.9560,0.003398
_13936_,VSS,Metal1,994.6600,675.8110,0.003398
_13937_,VSS,Metal1,1013.3050,684.8385,0.003406
_13938_,VSS,Metal1,1051.4425,685.0360,0.003460
_13939_,VSS,Metal1,1049.3065,675.9765,0.003578
_13940_,VSS,Metal1,1054.4825,674.6960,0.003578
_13941_,VSS,Metal1,1064.1700,665.7615,0.003598
_13942_,VSS,Metal1,1060.9050,664.6785,0.003597
_13943_,VSS,Metal1,1059.2825,665.6835,0.003597
_13944_,VSS,Metal1,1069.8650,664.6785,0.003602
_13945_,VSS,Metal1,1062.6425,654.7960,0.003573
_13946_,VSS,Metal1,1068.5800,645.5710,0.003648
_13947_,VSS,Metal1,1064.8825,655.6035,0.003577
_13948_,VSS,Metal1,1071.9200,654.4965,0.003584
_13949_,VSS,Metal1,1031.1665,281.7480,0.006513
_13950_,VSS,Metal1,1075.5225,664.8760,0.003602
_13951_,VSS,Metal1,1044.5800,684.9135,0.003448
_13952_,VSS,Metal1,1055.2200,675.8860,0.003578
_13953_,VSS,Metal1,1029.6025,716.0835,0.003454
_13954_,VSS,Metal1,1036.7300,716.1615,0.003460
_13955_,VSS,Metal1,1034.5850,715.0785,0.003460
_13956_,VSS,Metal1,1020.5000,685.9660,0.003409
_13957_,VSS,Metal1,1035.2025,685.8435,0.003435
_13958_,VSS,Metal1,1039.4600,705.1485,0.003170
_13959_,VSS,Metal1,1040.5800,695.0685,0.003511
_13960_,VSS,Metal1,1010.9800,685.9660,0.003405
_13961_,VSS,Metal1,1002.1625,715.2760,0.003480
_13962_,VSS,Metal1,1015.6025,736.2435,0.003364
_13963_,VSS,Metal1,1012.8025,726.1635,0.003349
_13964_,VSS,Metal1,1017.2250,725.1585,0.003349
_13965_,VSS,Metal1,1017.0675,726.1635,0.003349
_13966_,VSS,Metal1,1008.2650,715.0785,0.003480
_13967_,VSS,Metal1,984.1000,665.8060,0.003399
_13968_,VSS,Metal1,980.8825,695.9235,0.003293
_13969_,VSS,Metal1,981.4425,706.0035,0.003014
_13970_,VSS,Metal1,976.9625,695.1160,0.003275
_13971_,VSS,Metal1,986.3300,706.0815,0.003024
_13972_,VSS,Metal1,986.3500,695.9235,0.003310
_13973_,VSS,Metal1,987.6080,704.9880,0.003024
_13974_,VSS,Metal1,999.9225,706.0035,0.003095
_13975_,VSS,Metal1,1000.5865,696.1365,0.003369
_13976_,VSS,Metal1,1004.9680,704.9880,0.003095
_13977_,VSS,Metal1,1032.4025,705.1960,0.003160
_13978_,VSS,Metal1,1034.9800,695.9710,0.003499
_13979_,VSS,Metal1,1049.1450,694.9185,0.003516
_13980_,VSS,Metal1,1056.9100,685.0360,0.003467
_13981_,VSS,Metal1,1060.2500,685.9215,0.003470
_13982_,VSS,Metal1,1063.7680,675.9720,0.003579
_13983_,VSS,Metal1,1076.7400,674.7550,0.003585
_13984_,VSS,Metal1,1071.2000,674.9100,0.003584
_13985_,VSS,Metal1,1081.7865,674.7430,0.003586
_13986_,VSS,Metal1,1074.1600,665.9830,0.003602
_13987_,VSS,Metal1,1048.5265,291.8280,0.006311
_13988_,VSS,Metal1,1062.1800,684.8350,0.003470
_13989_,VSS,Metal1,1041.2200,706.1260,0.003170
_13990_,VSS,Metal1,1043.4600,696.0460,0.003511
_13991_,VSS,Metal1,1025.6825,716.0835,0.003458
_13992_,VSS,Metal1,1035.2025,726.1635,0.003349
_13993_,VSS,Metal1,1031.1400,775.6335,0.003194
_13994_,VSS,Metal1,1034.1800,745.3150,0.003389
_13995_,VSS,Metal1,1024.9800,725.2335,0.003348
_13996_,VSS,Metal1,1039.1225,726.1635,0.003351
_13997_,VSS,Metal1,1038.3400,725.3085,0.003351
_13998_,VSS,Metal1,1045.0600,716.1310,0.003472
_13999_,VSS,Metal1,1005.9400,706.1260,0.003095
_14000_,VSS,Metal1,1018.4025,745.5160,0.003386
_14001_,VSS,Metal1,1013.3625,746.3235,0.003391
_14002_,VSS,Metal1,1029.6025,755.5960,0.003369
_14003_,VSS,Metal1,1021.3065,735.2230,0.003361
_14004_,VSS,Metal1,1026.6700,735.4360,0.003361
_14005_,VSS,Metal1,1035.4930,736.3300,0.003362
_14006_,VSS,Metal1,1024.8025,736.5035,0.003361
_14007_,VSS,Metal1,990.2600,715.1535,0.003481
_14008_,VSS,Metal1,990.4025,726.1635,0.003350
_14009_,VSS,Metal1,988.1625,725.3560,0.003351
_14010_,VSS,Metal1,996.1065,706.2165,0.003039
_14011_,VSS,Metal1,994.6675,715.2760,0.003480
_14012_,VSS,Metal1,993.3000,725.1550,0.003350
_14013_,VSS,Metal1,1000.7225,716.3435,0.003480
_14014_,VSS,Metal1,1009.4425,725.3560,0.003350
_14015_,VSS,Metal1,1011.4600,716.1310,0.003479
_14016_,VSS,Metal1,1030.6650,725.1585,0.003348
_14017_,VSS,Metal1,1050.8825,716.0835,0.003481
_14018_,VSS,Metal1,1042.8200,715.2285,0.003469
_14019_,VSS,Metal1,1056.2600,715.2285,0.003489
_14020_,VSS,Metal1,1056.9000,705.1660,0.003184
_14021_,VSS,Metal1,1069.3625,706.0035,0.003184
_14022_,VSS,Metal1,1062.5850,704.9985,0.003184
_14023_,VSS,Metal1,1062.5000,715.2460,0.003497
_14024_,VSS,Metal1,1073.2825,695.9235,0.003526
_14025_,VSS,Metal1,1067.6250,696.1210,0.003526
_14026_,VSS,Metal1,1071.3800,695.0685,0.003526
_14027_,VSS,Metal1,1074.5065,675.9765,0.003585
_14028_,VSS,Metal1,1077.3065,684.8230,0.003471
_14029_,VSS,Metal1,1071.1100,684.7535,0.003471
_14030_,VSS,Metal1,1033.9665,312.9715,0.006204
_14031_,VSS,Metal1,1067.2100,686.0190,0.003471
_14032_,VSS,Metal1,1046.2600,725.2335,0.003354
_14033_,VSS,Metal1,1051.8600,706.1260,0.003181
_14034_,VSS,Metal1,1049.6200,735.3135,0.003368
_14035_,VSS,Metal1,1056.3400,726.1935,0.003361
_14036_,VSS,Metal1,1047.8130,736.3300,0.003367
_14037_,VSS,Metal1,1057.1465,745.3030,0.003390
_14038_,VSS,Metal1,1067.5400,735.4060,0.003374
_14039_,VSS,Metal1,1027.7800,726.2860,0.003348
_14040_,VSS,Metal1,1015.0425,775.7560,0.003200
_14041_,VSS,Metal1,1018.9625,775.7560,0.003200
_14042_,VSS,Metal1,1029.0425,765.6760,0.003272
_14043_,VSS,Metal1,1022.7500,746.3235,0.003381
_14044_,VSS,Metal1,1019.5280,755.3880,0.003390
_14045_,VSS,Metal1,999.7800,725.2335,0.003350
_14046_,VSS,Metal1,995.4425,736.2435,0.003383
_14047_,VSS,Metal1,987.6025,735.4360,0.003388
_14048_,VSS,Metal1,983.6825,735.4360,0.003389
_14049_,VSS,Metal1,988.6650,745.3185,0.003404
_14050_,VSS,Metal1,981.7875,745.5160,0.003405
_14051_,VSS,Metal1,996.3400,745.4685,0.003402
_14052_,VSS,Metal1,1002.7225,736.2435,0.003376
_14053_,VSS,Metal1,1004.3450,745.3185,0.003400
_14054_,VSS,Metal1,1017.2825,746.3235,0.003386
_14055_,VSS,Metal1,1024.5050,745.3185,0.003381
_14056_,VSS,Metal1,1054.5800,736.2910,0.003371
_14057_,VSS,Metal1,1061.0665,736.4565,0.003373
_14058_,VSS,Metal1,1061.8600,735.3885,0.003373
_14059_,VSS,Metal1,1062.5100,726.1635,0.003363
_14060_,VSS,Metal1,1064.1700,716.1615,0.003497
_14061_,VSS,Metal1,1063.7680,725.1480,0.003363
_14062_,VSS,Metal1,1075.0600,706.2050,0.003186
_14063_,VSS,Metal1,1068.6600,716.1135,0.003497
_14064_,VSS,Metal1,1068.5875,705.1960,0.003184
_14065_,VSS,Metal1,1079.4425,706.0035,0.003187
_14066_,VSS,Metal1,1059.9100,696.2060,0.003525
_14067_,VSS,Metal1,1021.6465,311.9880,0.006198
_14068_,VSS,Metal1,1067.7800,726.3650,0.003363
_14069_,VSS,Metal1,1055.4600,735.2350,0.003371
_14070_,VSS,Metal1,1070.9000,745.4860,0.003392
_14071_,VSS,Metal1,1027.5000,756.4935,0.003372
_14072_,VSS,Metal1,1062.6425,755.5960,0.003514
_14073_,VSS,Metal1,1049.5400,756.4510,0.003417
_14074_,VSS,Metal1,1059.1400,746.3535,0.003390
_14075_,VSS,Metal1,1026.8025,746.3235,0.003381
_14076_,VSS,Metal1,1013.9225,766.4835,0.003275
_14077_,VSS,Metal1,1019.3900,766.4835,0.003275
_14078_,VSS,Metal1,1021.7625,785.8360,0.003152
_14079_,VSS,Metal1,1018.9680,765.4680,0.003275
_14080_,VSS,Metal1,990.8200,736.3660,0.003385
_14081_,VSS,Metal1,984.6700,755.5960,0.003400
_14082_,VSS,Metal1,977.5225,745.5160,0.003405
_14083_,VSS,Metal1,984.9065,736.4565,0.003389
_14084_,VSS,Metal1,979.4930,746.4100,0.003405
_14085_,VSS,Metal1,986.2600,746.3710,0.003405
_14086_,VSS,Metal1,990.9050,755.3985,0.003399
_14087_,VSS,Metal1,999.3625,755.5960,0.003397
_14088_,VSS,Metal1,1000.4250,756.6010,0.003397
_14089_,VSS,Metal1,1014.4825,756.4035,0.003390
_14090_,VSS,Metal1,1020.5850,756.6010,0.003390
_14091_,VSS,Metal1,1047.3000,755.5485,0.003413
_14092_,VSS,Metal1,1049.3065,765.4630,0.003304
_14093_,VSS,Metal1,1056.8200,755.5485,0.003428
_14094_,VSS,Metal1,1065.2200,745.4685,0.003392
_14095_,VSS,Metal1,1066.4300,746.3235,0.003392
_14096_,VSS,Metal1,1066.9000,736.2910,0.003374
_14097_,VSS,Metal1,1076.0250,725.1585,0.003365
_14098_,VSS,Metal1,1068.1000,715.1535,0.003497
_14099_,VSS,Metal1,1074.4800,715.1535,0.003500
_14100_,VSS,Metal1,1077.8300,716.3660,0.003500
_14101_,VSS,Metal1,1033.4065,332.1480,0.005717
_14102_,VSS,Metal1,1075.9400,726.2860,0.003365
_14103_,VSS,Metal1,1075.0600,746.5250,0.003392
_14104_,VSS,Metal1,1052.1000,746.5250,0.003390
_14105_,VSS,Metal1,1056.9000,766.5135,0.003312
_14106_,VSS,Metal1,1024.7000,766.5735,0.003275
_14107_,VSS,Metal1,1053.6825,776.5635,0.003203
_14108_,VSS,Metal1,1047.3000,775.7085,0.003202
_14109_,VSS,Metal1,1045.7000,766.5135,0.003300
_14110_,VSS,Metal1,1010.0025,765.6760,0.003277
_14111_,VSS,Metal1,1029.6025,776.5635,0.003194
_14112_,VSS,Metal1,1023.7875,775.7560,0.003198
_14113_,VSS,Metal1,1025.6825,785.8360,0.003145
_14114_,VSS,Metal1,1024.9700,776.6415,0.003198
_14115_,VSS,Metal1,1018.1600,776.8630,0.003200
_14116_,VSS,Metal1,989.9400,756.6050,0.003399
_14117_,VSS,Metal1,990.8200,776.5935,0.003215
_14118_,VSS,Metal1,981.4425,766.4835,0.003296
_14119_,VSS,Metal1,983.6825,765.6760,0.003295
_14120_,VSS,Metal1,977.5225,765.6760,0.003297
_14121_,VSS,Metal1,984.7450,775.5585,0.003217
_14122_,VSS,Metal1,977.8675,775.7560,0.003218
_14123_,VSS,Metal1,987.3800,766.5310,0.003294
_14124_,VSS,Metal1,1000.4825,775.7560,0.003209
_14125_,VSS,Metal1,994.6600,775.7085,0.003214
_14126_,VSS,Metal1,1001.6025,776.5635,0.003209
_14127_,VSS,Metal1,1007.7050,776.7610,0.003205
_14128_,VSS,Metal1,1036.8825,766.4835,0.003281
_14129_,VSS,Metal1,1037.7800,775.7085,0.003198
_14130_,VSS,Metal1,1051.2200,766.5310,0.003305
_14131_,VSS,Metal1,1064.3225,766.4835,0.003317
_14132_,VSS,Metal1,1058.5000,765.6285,0.003313
_14133_,VSS,Metal1,1057.9475,756.4035,0.003428
_14134_,VSS,Metal1,1064.8250,756.6010,0.003514
_14135_,VSS,Metal1,1063.8665,765.4630,0.003317
_14136_,VSS,Metal1,1078.6600,755.5485,0.003514
_14137_,VSS,Metal1,1077.0600,765.6460,0.003321
_14138_,VSS,Metal1,1069.9900,755.3135,0.003514
_14139_,VSS,Metal1,1036.7665,353.2915,0.005365
_14140_,VSS,Metal1,982.5625,887.4435,0.002255
_14141_,VSS,Metal1,994.2000,241.4600,0.006846
_14142_,VSS,Metal1,988.6065,948.0115,0.000953
_14143_,VSS,Metal1,981.9230,897.6580,0.002217
_14144_,VSS,Metal1,976.4025,897.5235,0.002217
_14145_,VSS,Metal1,995.4425,897.5235,0.002217
_14146_,VSS,Metal1,1003.7265,957.1080,0.000578
_14147_,VSS,Metal1,994.9800,916.6750,0.001799
_14148_,VSS,Metal1,989.7630,897.6580,0.002217
_14149_,VSS,Metal1,1027.8065,988.3315,0.001097
_14150_,VSS,Metal1,1018.2865,997.4280,0.001373
_14151_,VSS,Metal1,1013.8065,968.1715,0.000818
_14152_,VSS,Metal1,1076.5265,978.2515,0.000971
_14153_,VSS,Metal1,1065.8865,978.2515,0.000971
_14154_,VSS,Metal1,1037.3265,958.0915,0.000579
_14155_,VSS,Metal1,1075.9665,967.1880,0.000835
_14156_,VSS,Metal1,1063.6465,958.0915,0.000595
_14157_,VSS,Metal1,1036.7665,957.1080,0.000579
_14158_,VSS,Metal1,1076.5265,988.3315,0.001107
_14159_,VSS,Metal1,1067.0065,998.4115,0.001379
_14160_,VSS,Metal1,1024.4465,968.1715,0.000815
_14161_,VSS,Metal1,1045.7265,978.2515,0.000960
_14162_,VSS,Metal1,1037.3265,978.2515,0.000959
_14163_,VSS,Metal1,1040.1265,967.1880,0.000823
_14164_,VSS,Metal1,981.4425,907.6035,0.001984
_14165_,VSS,Metal1,988.6065,927.8515,0.001556
_14166_,VSS,Metal1,989.3800,916.6750,0.001808
_14167_,VSS,Metal1,986.9630,907.7380,0.001982
_14168_,VSS,Metal1,1009.4425,251.5960,0.006790
_14169_,VSS,Metal1,1072.6065,635.5315,0.003598
_14170_,VSS,Metal1,1059.7265,614.3880,0.003121
_14171_,VSS,Metal1,1070.3665,574.0680,0.002836
_14172_,VSS,Metal1,1060.8465,543.8280,0.003091
_14173_,VSS,Metal1,1041.2465,534.7315,0.002068
_14174_,VSS,Metal1,1060.8465,493.4280,0.001266
_14175_,VSS,Metal1,1056.3665,503.5080,0.001109
_14176_,VSS,Metal1,1070.3665,342.2280,0.005854
_14177_,VSS,Metal1,1070.9265,272.6515,0.006653
_14178_,VSS,Metal1,1060.8465,372.4680,0.005184
_14179_,VSS,Metal1,1033.4065,393.6115,0.004812
_14180_,VSS,Metal1,1021.6465,432.9480,0.003442
_14181_,VSS,Metal1,1031.1665,443.0280,0.003215
_14182_,VSS,Metal1,1031.1665,483.3480,0.001718
_14183_,VSS,Metal1,1075.0600,756.6050,0.003514
_14184_,VSS,Metal1,1063.2025,775.7560,0.003207
_14185_,VSS,Metal1,1049.6200,776.6860,0.003202
_14186_,VSS,Metal1,1034.6425,776.5635,0.003196
_14187_,VSS,Metal1,1038.0025,785.8360,0.003146
_14188_,VSS,Metal1,1030.5075,785.8360,0.003138
_14189_,VSS,Metal1,1044.0300,796.7235,0.003117
_14190_,VSS,Metal1,1031.7000,795.8860,0.003098
_14191_,VSS,Metal1,1002.1625,785.8360,0.003178
_14192_,VSS,Metal1,987.4600,776.6860,0.003217
_14193_,VSS,Metal1,982.5625,796.7235,0.003122
_14194_,VSS,Metal1,990.8200,806.8335,0.003069
_14195_,VSS,Metal1,980.8825,785.8360,0.003183
_14196_,VSS,Metal1,977.5225,776.5635,0.003218
_14197_,VSS,Metal1,985.4665,785.6230,0.003183
_14198_,VSS,Metal1,984.7450,786.8410,0.003183
_14199_,VSS,Metal1,988.5000,796.7710,0.003122
_14200_,VSS,Metal1,996.0025,796.7235,0.003122
_14201_,VSS,Metal1,996.5050,795.7185,0.003122
_14202_,VSS,Metal1,1001.0425,796.7235,0.003121
_14203_,VSS,Metal1,1008.2650,795.7185,0.003119
_14204_,VSS,Metal1,1017.2825,786.6435,0.003159
_14205_,VSS,Metal1,1018.1800,795.8685,0.003113
_14206_,VSS,Metal1,1037.2200,795.8685,0.003109
_14207_,VSS,Metal1,1062.0825,785.8360,0.003165
_14208_,VSS,Metal1,1056.4250,785.6385,0.003164
_14209_,VSS,Metal1,1057.9475,776.5635,0.003205
_14210_,VSS,Metal1,1064.8250,776.7610,0.003207
_14211_,VSS,Metal1,1073.7000,776.5935,0.003210
_14212_,VSS,Metal1,1068.8025,766.4835,0.003320
_14213_,VSS,Metal1,1075.8600,766.5310,0.003320
_14214_,VSS,Metal1,1071.3600,765.3765,0.003320
_14215_,VSS,Metal1,1012.1265,504.4915,0.001077
_14216_,VSS,Metal1,1070.9000,775.6335,0.003207
_14217_,VSS,Metal1,1061.5225,786.6435,0.003165
_14218_,VSS,Metal1,1069.2200,786.6735,0.003168
_14219_,VSS,Metal1,1030.0200,796.8460,0.003099
_14220_,VSS,Metal1,1002.1625,795.9160,0.003121
_14221_,VSS,Metal1,989.9400,795.7150,0.003122
_14222_,VSS,Metal1,979.2025,806.8035,0.003071
_14223_,VSS,Metal1,977.5225,805.9960,0.003071
_14224_,VSS,Metal1,985.3050,807.0010,0.003070
_14225_,VSS,Metal1,984.8025,795.9160,0.003122
_14226_,VSS,Metal1,991.3000,805.9485,0.003069
_14227_,VSS,Metal1,1002.2665,807.0165,0.003060
_14228_,VSS,Metal1,1000.4825,816.0760,0.002983
_14229_,VSS,Metal1,1005.2025,805.7360,0.003060
_14230_,VSS,Metal1,1017.8425,796.7235,0.003113
_14231_,VSS,Metal1,1018.7400,805.9485,0.003026
_14232_,VSS,Metal1,1040.0200,805.9485,0.003027
_14233_,VSS,Metal1,1050.1000,796.7710,0.003122
_14234_,VSS,Metal1,1054.3465,786.8565,0.003164
_14235_,VSS,Metal1,1059.6200,795.8685,0.003132
_14236_,VSS,Metal1,1072.2665,795.7030,0.003135
_14237_,VSS,Metal1,1067.6825,795.9160,0.003135
_14238_,VSS,Metal1,1073.6950,785.5075,0.003168
_14239_,VSS,Metal1,1015.4865,544.8115,0.003061
_14240_,VSS,Metal1,1075.0600,786.8450,0.003168
_14241_,VSS,Metal1,1048.7400,795.7150,0.003122
_14242_,VSS,Metal1,1026.6600,805.8735,0.003025
_14243_,VSS,Metal1,1006.1800,796.9250,0.003119
_14244_,VSS,Metal1,995.7875,806.8035,0.003065
_14245_,VSS,Metal1,985.4400,805.8735,0.003070
_14246_,VSS,Metal1,987.1200,815.9535,0.003019
_14247_,VSS,Metal1,993.2025,816.0760,0.003018
_14248_,VSS,Metal1,1016.8265,815.8630,0.002979
_14249_,VSS,Metal1,1013.7000,806.8510,0.003034
_14250_,VSS,Metal1,1021.3065,815.8630,0.002978
_14251_,VSS,Metal1,1021.7050,807.0010,0.003026
_14252_,VSS,Metal1,1029.3800,816.0285,0.002978
_14253_,VSS,Metal1,1035.2025,816.0760,0.002981
_14254_,VSS,Metal1,1036.6600,796.7710,0.003109
_14255_,VSS,Metal1,1050.6600,806.8510,0.003034
_14256_,VSS,Metal1,1057.1465,807.0165,0.003038
_14257_,VSS,Metal1,1057.3800,796.7710,0.003130
_14258_,VSS,Metal1,1064.4265,807.0165,0.003038
_14259_,VSS,Metal1,1066.8800,797.0230,0.003135
_14260_,VSS,Metal1,1065.3265,827.0515,0.003212
_14261_,VSS,Metal1,1029.1400,807.0050,0.003025
_14262_,VSS,Metal1,1047.9400,805.8735,0.003033
_14263_,VSS,Metal1,1032.3450,805.7985,0.003026
_14264_,VSS,Metal1,1038.5680,807.0120,0.003027
_14265_,VSS,Metal1,1062.1450,805.7565,0.003038
_14266_,VSS,Metal1,1047.4065,826.0680,0.003212
_14267_,VSS,Metal1,1018.4025,251.5960,0.006797
_14268_,VSS,Metal1,1060.8465,624.4680,0.003264
_14269_,VSS,Metal1,1054.1265,594.2280,0.003328
_14270_,VSS,Metal1,1053.0065,584.1480,0.002970
_14271_,VSS,Metal1,1070.3665,553.9080,0.002511
_14272_,VSS,Metal1,1039.5665,544.8115,0.003085
_14273_,VSS,Metal1,1060.8465,524.6515,0.001828
_14274_,VSS,Metal1,1055.8065,484.3315,0.001736
_14275_,VSS,Metal1,1070.3665,311.9880,0.006207
_14276_,VSS,Metal1,1070.3665,282.7315,0.006542
_14277_,VSS,Metal1,1056.9265,403.6915,0.004580
_14278_,VSS,Metal1,1059.7265,443.0280,0.003221
_14279_,VSS,Metal1,1060.8465,453.1080,0.002943
_14280_,VSS,Metal1,1078.7665,473.2680,0.002529
_14281_,VSS,Metal1,1031.1665,473.2680,0.002452
_14282_,VSS,Metal1,1031.1665,513.5880,0.001440
_14283_,VSS,Metal1,1021.6465,533.7480,0.002065
_14284_,VSS,Metal1,1076.5265,816.9715,0.002990
_14285_,VSS,Metal1,1078.2065,826.0680,0.003212
_14286_,VSS,Metal1,993.2025,242.3235,0.006846
_14287_,VSS,Metal1,1078.7665,80.1480,0.007000
_14288_,VSS,Metal1,1060.8465,110.3880,0.007078
_14289_,VSS,Metal1,1070.3665,140.6280,0.007138
_14290_,VSS,Metal1,1073.1665,170.8680,0.006978
_14291_,VSS,Metal1,1040.6865,140.6280,0.007128
_14292_,VSS,Metal1,1032.8465,70.0680,0.006731
_14293_,VSS,Metal1,1060.8465,49.9080,0.006865
_14294_,VSS,Metal1,1021.6465,49.9080,0.006788
_14295_,VSS,Metal1,991.9665,49.9080,0.006677
_14296_,VSS,Metal1,1012.6865,80.1480,0.006997
_14297_,VSS,Metal1,1021.6465,110.3880,0.007066
_14298_,VSS,Metal1,1031.1665,150.7080,0.007035
_14299_,VSS,Metal1,1051.8865,171.8515,0.006978
_14300_,VSS,Metal1,1060.8465,201.1080,0.007131
_14301_,VSS,Metal1,1070.3665,221.2680,0.006992
_14302_,VSS,Metal1,1074.8465,242.4115,0.006889
_14303_,VSS,Metal1,1070.3665,271.6680,0.006653
_14304_,VSS,Metal1,1050.7665,323.0515,0.006013
_14305_,VSS,Metal1,1070.3665,80.1480,0.007000
_14306_,VSS,Metal1,1054.6865,90.2280,0.006890
_14307_,VSS,Metal1,1060.8465,140.6280,0.007137
_14308_,VSS,Metal1,1070.3665,160.7880,0.006973
_14309_,VSS,Metal1,1050.7665,121.4515,0.007039
_14310_,VSS,Metal1,1050.7665,71.0515,0.006732
_14311_,VSS,Metal1,1050.2065,39.8280,0.006279
_14312_,VSS,Metal1,1021.6465,29.7480,0.006239
_14313_,VSS,Metal1,999.8065,30.7315,0.006236
_14314_,VSS,Metal1,1002.0465,91.2115,0.006884
_14315_,VSS,Metal1,1011.5665,121.4515,0.007027
_14316_,VSS,Metal1,1002.0465,151.6915,0.007005
_14317_,VSS,Metal1,1018.8465,180.9480,0.007016
_14318_,VSS,Metal1,1021.6465,191.0280,0.006907
_14319_,VSS,Metal1,1021.6465,221.2680,0.006990
_14320_,VSS,Metal1,1050.7665,232.3315,0.006922
_14321_,VSS,Metal1,1057.4865,262.5715,0.007032
_14322_,VSS,Metal1,1051.3265,312.9715,0.006207
_14323_,VSS,Metal1,1013.3625,251.5960,0.006794
_14324_,VSS,Metal1,1050.7665,373.4515,0.005181
_14325_,VSS,Metal1,1033.4065,382.5480,0.005058
_14326_,VSS,Metal1,1021.6465,422.8680,0.003770
_14327_,VSS,Metal1,1021.6465,453.1080,0.002931
_14328_,VSS,Metal1,1021.6465,493.4280,0.001253
_14329_,VSS,Metal1,1011.5665,514.5715,0.001417
_14330_,VSS,Metal1,1021.6465,563.9880,0.002697
_14331_,VSS,Metal1,1037.3265,827.0515,0.003202
_14332_,VSS,Metal1,1037.3265,847.2115,0.002740
_14333_,VSS,Metal1,1039.5665,866.3880,0.002763
_14334_,VSS,Metal1,1021.0865,887.5315,0.002237
_14335_,VSS,Metal1,1019.4065,886.5480,0.002237
_14336_,VSS,Metal1,1020.5265,917.7715,0.001771
_14337_,VSS,Metal1,1025.5665,916.7880,0.001768
_14338_,VSS,Metal1,1022.3225,251.5960,0.006797
_14339_,VSS,Metal1,1070.3665,393.6115,0.004812
_14340_,VSS,Metal1,1056.9265,422.8680,0.003780
_14341_,VSS,Metal1,1070.3665,463.1880,0.002495
_14342_,VSS,Metal1,1070.3665,473.2680,0.002529
_14343_,VSS,Metal1,1021.6465,463.1880,0.002479
_14344_,VSS,Metal1,1032.8465,514.5715,0.001440
_14345_,VSS,Metal1,1031.1665,523.6680,0.001819
_14346_,VSS,Metal1,1076.5265,827.0515,0.003212
_14347_,VSS,Metal1,1067.0065,847.2115,0.002751
_14348_,VSS,Metal1,1076.5265,857.2915,0.002692
_14349_,VSS,Metal1,1065.8865,887.5315,0.002227
_14350_,VSS,Metal1,1068.1265,886.5480,0.002227
_14351_,VSS,Metal1,1076.5265,917.7715,0.001772
_14352_,VSS,Metal1,1065.3265,927.8515,0.001518
_14353_,VSS,Metal1,1010.9075,222.1635,0.006988
_14354_,VSS,Metal1,1013.2465,100.3080,0.006928
_14355_,VSS,Metal1,1021.6465,100.3080,0.006935
_14356_,VSS,Metal1,1031.1665,140.6280,0.007127
_14357_,VSS,Metal1,1050.7665,161.7715,0.006969
_14358_,VSS,Metal1,1054.1265,181.9315,0.007019
_14359_,VSS,Metal1,1060.8465,211.1880,0.006892
_14360_,VSS,Metal1,1066.4465,242.4115,0.006889
_14361_,VSS,Metal1,1071.4865,251.5080,0.006803
_14362_,VSS,Metal1,1011.5665,333.1315,0.005694
_14363_,VSS,Metal1,1017.7265,353.2915,0.005351
_14364_,VSS,Metal1,1016.0465,402.7080,0.004550
_14365_,VSS,Metal1,1002.0465,393.6115,0.004768
_14366_,VSS,Metal1,1011.5665,393.6115,0.004768
_14367_,VSS,Metal1,1021.6465,382.5480,0.005048
_14368_,VSS,Metal1,253.3265,59.9880,0.006394
_14369_,VSS,Metal1,322.8825,110.4760,0.006640
_14370_,VSS,Metal1,315.0425,110.4760,0.006680
_14371_,VSS,Metal1,920.4025,171.7635,0.006770
_14372_,VSS,Metal1,924.3225,171.7635,0.006770
_14373_,VSS,Metal1,957.3625,151.6035,0.006931
_14374_,VSS,Metal1,955.1225,150.7960,0.006927
_14375_,VSS,Metal1,936.7465,212.2965,0.006814
_14376_,VSS,Metal1,932.2665,202.2165,0.006863
_14377_,VSS,Metal1,936.0825,160.8760,0.006892
_14378_,VSS,Metal1,932.1625,160.8760,0.006892
_14379_,VSS,Metal1,945.0425,130.6360,0.007146
_14380_,VSS,Metal1,950.0825,140.7160,0.007076
_14381_,VSS,Metal1,961.1665,160.7880,0.006898
_14382_,VSS,Metal1,932.2665,232.4565,0.006837
_14383_,VSS,Metal1,921.6265,241.3030,0.006800
_14384_,VSS,Metal1,957.4665,202.2165,0.006969
_14385_,VSS,Metal1,954.1065,211.0630,0.006825
_14386_,VSS,Metal1,956.2425,252.4035,0.006741
_14387_,VSS,Metal1,952.3225,252.4035,0.006741
_14388_,VSS,Metal1,930.4825,181.8435,0.006934
_14389_,VSS,Metal1,917.7000,281.6350,0.006439
_14390_,VSS,Metal1,923.8665,301.7830,0.006090
_14391_,VSS,Metal1,922.4200,282.6910,0.006441
_14392_,VSS,Metal1,924.2650,281.6385,0.006441
_14393_,VSS,Metal1,932.7225,271.7560,0.006522
_14394_,VSS,Metal1,924.4000,271.6335,0.006517
_14395_,VSS,Metal1,924.8825,181.8435,0.006934
_14396_,VSS,Metal1,925.4425,302.8035,0.006090
_14397_,VSS,Metal1,928.3465,301.7830,0.006094
_14398_,VSS,Metal1,934.1800,301.9485,0.006102
_14399_,VSS,Metal1,931.7065,291.7030,0.006270
_14400_,VSS,Metal1,923.6400,292.8500,0.006267
_14401_,VSS,Metal1,936.1865,291.7030,0.006271
_14402_,VSS,Metal1,964.6425,282.6435,0.006476
_14403_,VSS,Metal1,941.4600,292.7710,0.006271
_14404_,VSS,Metal1,945.0425,291.9160,0.006270
_14405_,VSS,Metal1,952.9600,291.7935,0.006271
_14406_,VSS,Metal1,958.4825,291.9160,0.006272
_14407_,VSS,Metal1,946.1625,222.1635,0.006940
_14408_,VSS,Metal1,932.8600,292.8175,0.006271
_14409_,VSS,Metal1,948.4025,322.9635,0.005843
_14410_,VSS,Metal1,943.7700,322.0780,0.005838
_14411_,VSS,Metal1,951.2025,312.8835,0.006100
_14412_,VSS,Metal1,945.3800,312.9310,0.006101
_14413_,VSS,Metal1,950.0825,312.0760,0.006100
_14414_,VSS,Metal1,944.0000,311.9535,0.006101
_14415_,VSS,Metal1,937.2025,202.0035,0.006863
_14416_,VSS,Metal1,941.6825,201.1960,0.006875
_14417_,VSS,Metal1,936.1865,333.2565,0.005576
_14418_,VSS,Metal1,939.7800,342.2685,0.005478
_14419_,VSS,Metal1,944.9000,343.1535,0.005489
_14420_,VSS,Metal1,936.0825,312.8835,0.006111
_14421_,VSS,Metal1,933.2825,322.9635,0.005837
_14422_,VSS,Metal1,939.3000,323.0860,0.005837
_14423_,VSS,Metal1,943.1400,333.0910,0.005588
_14424_,VSS,Metal1,948.9625,333.0435,0.005597
_14425_,VSS,Metal1,944.0000,332.1135,0.005588
_14426_,VSS,Metal1,938.8825,191.1160,0.006757
_14427_,VSS,Metal1,935.5225,242.3235,0.006801
_14428_,VSS,Metal1,933.3800,342.1150,0.005470
_14429_,VSS,Metal1,939.4425,382.6360,0.004966
_14430_,VSS,Metal1,945.1465,372.3430,0.005081
_14431_,VSS,Metal1,939.2200,373.4110,0.005075
_14432_,VSS,Metal1,942.9000,353.4050,0.005320
_14433_,VSS,Metal1,938.1800,353.3260,0.005317
_14434_,VSS,Metal1,935.6000,343.2460,0.005470
_14435_,VSS,Metal1,934.4025,252.4035,0.006725
_14436_,VSS,Metal1,951.6300,372.5560,0.005083
_14437_,VSS,Metal1,956.3465,372.3430,0.005087
_14438_,VSS,Metal1,959.1465,382.4230,0.004969
_14439_,VSS,Metal1,953.8500,373.4415,0.005086
_14440_,VSS,Metal1,940.6665,372.3430,0.005075
_14441_,VSS,Metal1,942.2425,363.2835,0.005121
_14442_,VSS,Metal1,948.2600,363.4060,0.005131
_14443_,VSS,Metal1,952.7300,363.3615,0.005137
_14444_,VSS,Metal1,962.9625,363.2835,0.005153
_14445_,VSS,Metal1,957.1475,362.4760,0.005145
_14446_,VSS,Metal1,954.1000,352.1950,0.005333
_14447_,VSS,Metal1,960.0830,353.3380,0.005342
_14448_,VSS,Metal1,945.4600,362.3535,0.005131
_14449_,VSS,Metal1,945.1465,393.7365,0.004699
_14450_,VSS,Metal1,952.1000,392.6685,0.004696
_14451_,VSS,Metal1,952.4200,362.2750,0.005137
_14452_,VSS,Metal1,952.7400,353.3260,0.005333
_14453_,VSS,Metal1,952.4200,282.8450,0.006461
_14454_,VSS,Metal1,955.0430,262.6180,0.006793
_14455_,VSS,Metal1,959.4600,363.4060,0.005145
_14456_,VSS,Metal1,957.8430,272.6980,0.006580
_14457_,VSS,Metal1,152.7465,61.0965,0.006807
_14458_,VSS,Metal1,171.0650,59.8785,0.006643
_14459_,VSS,Metal1,178.8465,50.8915,0.006658
_14460_,VSS,Metal1,923.6465,60.9715,0.006842
_14461_,VSS,Metal1,170.1065,51.0165,0.006664
_14462_,VSS,Metal1,148.1625,60.8835,0.006808
_14463_,VSS,Metal1,142.9000,60.0285,0.006825
_14464_,VSS,Metal1,150.9050,59.8785,0.006807
_14465_,VSS,Metal1,151.3800,50.9260,0.006692
_14466_,VSS,Metal1,156.5625,60.8835,0.006712
_14467_,VSS,Metal1,165.0600,51.0050,0.006671
_14468_,VSS,Metal1,180.6425,60.8835,0.006631
_14469_,VSS,Metal1,174.0600,60.9775,0.006643
_14470_,VSS,Metal1,146.4825,70.1560,0.006789
_14471_,VSS,Metal1,149.2250,71.1610,0.006788
_14472_,VSS,Metal1,136.2600,50.8335,0.006784
_14473_,VSS,Metal1,151.6200,69.9550,0.006787
_14474_,VSS,Metal1,158.4000,70.1100,0.006780
_14475_,VSS,Metal1,166.5000,71.0860,0.006768
_14476_,VSS,Metal1,173.8600,71.0535,0.006767
_14477_,VSS,Metal1,919.2825,80.2360,0.006922
_14478_,VSS,Metal1,912.5625,80.2360,0.006922
_14479_,VSS,Metal1,166.7465,90.1030,0.007104
_14480_,VSS,Metal1,148.8265,81.2565,0.007026
_14481_,VSS,Metal1,158.0200,80.1885,0.007010
_14482_,VSS,Metal1,152.5000,80.1135,0.007025
_14483_,VSS,Metal1,159.6200,70.9965,0.006780
_14484_,VSS,Metal1,165.6200,81.2450,0.006980
_14485_,VSS,Metal1,171.1225,91.1235,0.007083
_14486_,VSS,Metal1,165.1000,91.2175,0.007105
_14487_,VSS,Metal1,160.9000,81.1660,0.007010
_14488_,VSS,Metal1,198.5050,69.9585,0.006701
_14489_,VSS,Metal1,205.1400,60.0460,0.006600
_14490_,VSS,Metal1,207.3000,70.1085,0.006701
_14491_,VSS,Metal1,210.8825,60.8835,0.006584
_14492_,VSS,Metal1,211.9400,80.1460,0.006860
_14493_,VSS,Metal1,933.8425,70.9635,0.006701
_14494_,VSS,Metal1,930.4825,70.1560,0.006685
_14495_,VSS,Metal1,201.4665,61.0965,0.006613
_14496_,VSS,Metal1,214.3400,69.9550,0.006646
_14497_,VSS,Metal1,219.9465,61.0965,0.006516
_14498_,VSS,Metal1,233.8425,70.1560,0.006570
_14499_,VSS,Metal1,226.9000,60.9310,0.006512
_14500_,VSS,Metal1,222.4200,70.1085,0.006605
_14501_,VSS,Metal1,229.8065,71.0515,0.006578
_14502_,VSS,Metal1,952.7665,90.2280,0.006866
_14503_,VSS,Metal1,249.6265,81.2565,0.006733
_14504_,VSS,Metal1,240.4300,70.9635,0.006537
_14505_,VSS,Metal1,245.1465,80.0230,0.006751
_14506_,VSS,Metal1,226.6665,80.0230,0.006795
_14507_,VSS,Metal1,214.6800,71.0900,0.006646
_14508_,VSS,Metal1,231.7065,80.0230,0.006794
_14509_,VSS,Metal1,237.5400,80.1885,0.006773
_14510_,VSS,Metal1,243.2465,81.1315,0.006751
_14511_,VSS,Metal1,923.6465,91.2115,0.006845
_14512_,VSS,Metal1,229.2100,81.1215,0.006795
_14513_,VSS,Metal1,234.5400,81.1375,0.006792
_14514_,VSS,Metal1,502.1865,100.1830,0.006352
_14515_,VSS,Metal1,502.9800,91.1710,0.006280
_14516_,VSS,Metal1,501.6265,81.2565,0.005911
_14517_,VSS,Metal1,500.2700,90.3160,0.006280
_14518_,VSS,Metal1,506.4200,90.1935,0.006280
_14519_,VSS,Metal1,508.1000,100.2735,0.006351
_14520_,VSS,Metal1,952.3225,111.2835,0.006988
_14521_,VSS,Metal1,942.1000,110.3535,0.006981
_14522_,VSS,Metal1,509.4665,91.3365,0.006280
_14523_,VSS,Metal1,533.8700,90.3160,0.006278
_14524_,VSS,Metal1,532.4265,101.4165,0.006349
_14525_,VSS,Metal1,528.5065,90.1030,0.006278
_14526_,VSS,Metal1,531.7050,91.3210,0.006278
_14527_,VSS,Metal1,541.1665,91.2115,0.006275
_14528_,VSS,Metal1,937.0865,91.2115,0.006846
_14529_,VSS,Metal1,910.8825,160.8760,0.006858
_14530_,VSS,Metal1,523.9225,100.3960,0.006351
_14531_,VSS,Metal1,540.0200,90.1935,0.006275
_14532_,VSS,Metal1,810.1865,69.9430,0.006430
_14533_,VSS,Metal1,813.4425,60.8835,0.006411
_14534_,VSS,Metal1,814.9000,71.0110,0.006446
_14535_,VSS,Metal1,815.4600,81.0910,0.006656
_14536_,VSS,Metal1,821.2825,81.0435,0.006670
_14537_,VSS,Metal1,826.9600,90.1935,0.006618
_14538_,VSS,Metal1,903.0425,160.8760,0.006858
_14539_,VSS,Metal1,819.6025,70.1560,0.006462
_14540_,VSS,Metal1,824.5850,71.1610,0.006481
_14541_,VSS,Metal1,820.8265,80.0230,0.006670
_14542_,VSS,Metal1,818.5800,61.0850,0.006438
_14543_,VSS,Metal1,833.1465,69.9430,0.006513
_14544_,VSS,Metal1,825.5400,70.1085,0.006481
_14545_,VSS,Metal1,834.0465,71.0515,0.006513
_14546_,VSS,Metal1,951.0865,81.1315,0.006968
_14547_,VSS,Metal1,918.1625,70.1560,0.006669
_14548_,VSS,Metal1,825.3400,80.1425,0.006684
_14549_,VSS,Metal1,853.7625,80.2360,0.006782
_14550_,VSS,Metal1,854.4265,71.1765,0.006523
_14551_,VSS,Metal1,858.0200,70.1085,0.006535
_14552_,VSS,Metal1,861.9400,60.9310,0.006641
_14553_,VSS,Metal1,871.6825,60.8835,0.006690
_14554_,VSS,Metal1,874.5600,70.0335,0.006570
_14555_,VSS,Metal1,906.4025,70.9635,0.006648
_14556_,VSS,Metal1,914.8025,160.8760,0.006858
_14557_,VSS,Metal1,863.6200,81.0910,0.006825
_14558_,VSS,Metal1,866.5000,60.0460,0.006665
_14559_,VSS,Metal1,867.7625,60.8835,0.006670
_14560_,VSS,Metal1,864.2600,80.1135,0.006826
_14561_,VSS,Metal1,876.2600,71.1650,0.006570
_14562_,VSS,Metal1,870.7200,71.0100,0.006569
_14563_,VSS,Metal1,882.7400,80.1135,0.006858
_14564_,VSS,Metal1,882.4000,90.1935,0.006735
_14565_,VSS,Metal1,898.5625,151.6035,0.006889
_14566_,VSS,Metal1,925.4425,111.2835,0.006981
_14567_,VSS,Metal1,877.9400,81.2450,0.006849
_14568_,VSS,Metal1,886.2425,91.1235,0.006747
_14569_,VSS,Metal1,896.9865,90.1030,0.006785
_14570_,VSS,Metal1,890.5000,90.2685,0.006764
_14571_,VSS,Metal1,898.1000,81.2450,0.006862
_14572_,VSS,Metal1,895.6200,91.2460,0.006785
_14573_,VSS,Metal1,900.8800,100.2735,0.006812
_14574_,VSS,Metal1,918.7225,111.2835,0.006981
_14575_,VSS,Metal1,912.4300,110.4760,0.006962
_14576_,VSS,Metal1,905.9465,110.2630,0.006962
_14577_,VSS,Metal1,911.5465,101.4165,0.006850
_14578_,VSS,Metal1,911.8500,100.3180,0.006850
_14579_,VSS,Metal1,894.1865,100.1830,0.006810
_14580_,VSS,Metal1,904.7225,91.1235,0.006792
_14581_,VSS,Metal1,901.2200,91.2460,0.006786
_14582_,VSS,Metal1,911.2900,91.2015,0.006811
_14583_,VSS,Metal1,905.8425,100.3960,0.006812
_14584_,VSS,Metal1,915.7075,101.2035,0.006857
_14585_,VSS,Metal1,921.6200,101.4050,0.006875
_14586_,VSS,Metal1,932.0830,101.3380,0.006905
_14587_,VSS,Metal1,912.9800,120.4335,0.006909
_14588_,VSS,Metal1,911.5465,140.5030,0.007073
_14589_,VSS,Metal1,909.5400,131.4910,0.007095
_14590_,VSS,Metal1,914.9000,121.5650,0.006909
_14591_,VSS,Metal1,915.2200,130.5135,0.007124
_14592_,VSS,Metal1,915.4600,141.7250,0.007074
_14593_,VSS,Metal1,917.5230,140.5815,0.007074
_14594_,VSS,Metal1,917.4600,131.5660,0.007125
_14595_,VSS,Metal1,922.0030,141.6580,0.007074
_14596_,VSS,Metal1,988.6065,958.0915,0.000580
_14597_,VSS,Metal1,999.2465,947.0280,0.000947
_14598_,VSS,Metal1,1021.0865,1007.5080,0.001309
_14599_,VSS,Metal1,1079.8865,987.3480,0.001107
_14600_,VSS,Metal1,1076.5265,958.0915,0.000595
_14601_,VSS,Metal1,1076.5265,998.4115,0.001379
_14602_,VSS,Metal1,1040.6865,988.3315,0.001102
_14603_,VSS,Metal1,998.1265,927.8515,0.001556
_14604_,VSS,Metal1,988.6065,968.1715,0.000835
_14605_,VSS,Metal1,1001.4865,987.3480,0.001101
_14606_,VSS,Metal1,1021.6465,998.4115,0.001373
_14607_,VSS,Metal1,1065.8865,988.3315,0.001107
_14608_,VSS,Metal1,1055.2465,958.0915,0.000593
_14609_,VSS,Metal1,1075.9665,1007.5080,0.001307
_14610_,VSS,Metal1,1039.0065,1008.4915,0.001303
_14611_,VSS,Metal1,988.6065,937.9315,0.001398
_14612_,VSS,Metal1,61.2465,252.4915,0.006926
_14613_,VSS,Metal1,484.0465,292.8115,0.005889
_14614_,VSS,Metal1,60.6865,291.8280,0.006551
_14615_,VSS,Metal1,70.7665,272.6515,0.006921
_14616_,VSS,Metal1,531.6465,363.3715,0.004350
_14617_,VSS,Metal1,570.8465,282.7315,0.005980
_14618_,VSS,Metal1,551.2465,271.6680,0.006230
_14619_,VSS,Metal1,971.8065,412.7880,0.004086
_14620_,VSS,Metal1,975.1665,443.0280,0.003166
_14621_,VSS,Metal1,863.7265,553.9080,0.002371
_14622_,VSS,Metal1,841.3265,685.9315,0.003242
_14623_,VSS,Metal1,842.4465,675.8515,0.003330
_14624_,VSS,Metal1,918.0465,675.8515,0.003355
_14625_,VSS,Metal1,893.4065,695.0280,0.003216
_14626_,VSS,Metal1,857.0065,654.7080,0.003266
_14627_,VSS,Metal1,858.1265,684.9480,0.003254
_14628_,VSS,Metal1,51.7265,49.9080,0.006821
_14629_,VSS,Metal1,58.4465,39.8280,0.006733
_14630_,VSS,Metal1,90.9265,49.9080,0.006806
_14631_,VSS,Metal1,90.3665,70.0680,0.006877
_14632_,VSS,Metal1,59.5665,50.8915,0.006818
_14633_,VSS,Metal1,257.2465,40.8115,0.006255
_14634_,VSS,Metal1,464.4465,40.8115,0.005200
_14635_,VSS,Metal1,524.9265,29.7480,0.005360
_14636_,VSS,Metal1,583.1665,20.6515,0.004830
_14637_,VSS,Metal1,610.0465,30.7315,0.005478
_14638_,VSS,Metal1,668.8465,29.7480,0.005510
_14639_,VSS,Metal1,685.6465,40.8115,0.005598
_14640_,VSS,Metal1,708.0465,39.8280,0.005779
_14641_,VSS,Metal1,743.3265,20.6515,0.005472
_14642_,VSS,Metal1,766.8465,30.7315,0.005864
_14643_,VSS,Metal1,800.4465,20.6515,0.005770
_14644_,VSS,Metal1,381.6825,101.2035,0.006547
_14645_,VSS,Metal1,377.0600,111.4060,0.006592
_14646_,VSS,Metal1,178.8465,40.8115,0.006538
_14647_,VSS,Metal1,323.4425,120.5560,0.006625
_14648_,VSS,Metal1,326.1850,111.4810,0.006640
_14649_,VSS,Metal1,332.8465,110.3880,0.006631
_14650_,VSS,Metal1,318.9625,131.4435,0.006906
_14651_,VSS,Metal1,319.3800,111.4060,0.006651
_14652_,VSS,Metal1,288.7225,121.3635,0.006852
_14653_,VSS,Metal1,289.0600,120.5085,0.006851
_14654_,VSS,Metal1,287.0425,100.3960,0.006771
_14655_,VSS,Metal1,285.7800,90.1935,0.006751
_14656_,VSS,Metal1,277.6200,121.5650,0.006881
_14657_,VSS,Metal1,284.4000,121.4100,0.006868
_14658_,VSS,Metal1,283.6825,110.4760,0.006833
_14659_,VSS,Metal1,276.5400,120.4625,0.006881
_14660_,VSS,Metal1,278.1800,130.4350,0.007086
_14661_,VSS,Metal1,525.4700,121.3635,0.006401
_14662_,VSS,Metal1,513.9465,130.4230,0.006458
_14663_,VSS,Metal1,544.0825,131.4435,0.006464
_14664_,VSS,Metal1,530.2200,130.5425,0.006463
_14665_,VSS,Metal1,519.5400,121.5650,0.006399
_14666_,VSS,Metal1,531.7050,131.6410,0.006463
_14667_,VSS,Metal1,590.4465,130.5480,0.006417
_14668_,VSS,Metal1,540.5800,131.5660,0.006464
_14669_,VSS,Metal1,541.0600,211.2285,0.005803
_14670_,VSS,Metal1,551.2465,261.5880,0.006202
_14671_,VSS,Metal1,534.6600,211.0750,0.005773
_14672_,VSS,Metal1,909.7050,202.2010,0.006778
_14673_,VSS,Metal1,913.5665,201.1080,0.006779
_14674_,VSS,Metal1,926.0025,221.3560,0.006923
_14675_,VSS,Metal1,916.3400,231.3135,0.006808
_14676_,VSS,Metal1,924.7500,262.4835,0.006748
_14677_,VSS,Metal1,928.9065,271.5430,0.006522
_14678_,VSS,Metal1,943.9225,281.8360,0.006448
_14679_,VSS,Metal1,931.1800,272.6575,0.006522
_14680_,VSS,Metal1,931.1400,281.6350,0.006442
_14681_,VSS,Metal1,932.6650,282.8410,0.006442
_14682_,VSS,Metal1,962.2865,454.0915,0.002856
_14683_,VSS,Metal1,925.3200,291.7900,0.006267
_14684_,VSS,Metal1,940.6665,301.7830,0.006111
_14685_,VSS,Metal1,944.8200,302.8510,0.006116
_14686_,VSS,Metal1,960.6065,494.4115,0.001194
_14687_,VSS,Metal1,930.4825,302.8035,0.006095
_14688_,VSS,Metal1,935.1000,302.8975,0.006102
_14689_,VSS,Metal1,952.1000,322.1085,0.005851
_14690_,VSS,Metal1,972.3665,534.7315,0.002011
_14691_,VSS,Metal1,952.3225,322.9635,0.005851
_14692_,VSS,Metal1,944.4825,322.9635,0.005838
_14693_,VSS,Metal1,952.1000,343.1710,0.005511
_14694_,VSS,Metal1,961.7265,564.9715,0.002659
_14695_,VSS,Metal1,940.9900,343.1235,0.005478
_14696_,VSS,Metal1,951.3000,342.1150,0.005511
_14697_,VSS,Metal1,947.2250,373.5610,0.005082
_14698_,VSS,Metal1,943.2465,644.6280,0.003478
_14699_,VSS,Metal1,944.5800,382.4350,0.004953
_14700_,VSS,Metal1,953.2200,383.4910,0.004963
_14701_,VSS,Metal1,955.5665,604.3080,0.003156
_14702_,VSS,Metal1,954.1000,382.4350,0.004963
_14703_,VSS,Metal1,951.1450,393.7210,0.004696
_14704_,VSS,Metal1,952.7665,644.6280,0.003489
_14705_,VSS,Metal1,961.8425,402.7960,0.004446
_14706_,VSS,Metal1,958.0200,393.7250,0.004703
_14707_,VSS,Metal1,951.9000,402.7025,0.004446
_14708_,VSS,Metal1,136.9625,60.0760,0.006846
_14709_,VSS,Metal1,145.1400,49.9485,0.006712
_14710_,VSS,Metal1,139.6465,40.8115,0.006663
_14711_,VSS,Metal1,133.0425,60.0760,0.006856
_14712_,VSS,Metal1,141.8600,50.9260,0.006767
_14713_,VSS,Metal1,141.4425,60.8835,0.006829
_14714_,VSS,Metal1,137.3000,49.9485,0.006782
_14715_,VSS,Metal1,129.5665,29.7480,0.006523
_14716_,VSS,Metal1,157.7800,51.0050,0.006682
_14717_,VSS,Metal1,158.9600,60.0300,0.006712
_14718_,VSS,Metal1,166.6425,39.9160,0.006606
_14719_,VSS,Metal1,158.9400,49.9025,0.006682
_14720_,VSS,Metal1,162.2600,61.0850,0.006708
_14721_,VSS,Metal1,200.1100,60.0760,0.006613
_14722_,VSS,Metal1,196.9865,61.0965,0.006614
_14723_,VSS,Metal1,209.2025,49.9960,0.006623
_14724_,VSS,Metal1,204.3000,50.8975,0.006637
_14725_,VSS,Metal1,206.5000,61.0850,0.006600
_14726_,VSS,Metal1,223.1450,59.8785,0.006514
_14727_,VSS,Metal1,231.4865,59.9880,0.006495
_14728_,VSS,Metal1,230.3400,70.0335,0.006578
_14729_,VSS,Metal1,239.9450,61.0810,0.006467
_14730_,VSS,Metal1,247.7265,50.8915,0.006457
_14731_,VSS,Metal1,245.7000,71.1650,0.006519
_14732_,VSS,Metal1,502.5850,80.0385,0.005911
_14733_,VSS,Metal1,508.1265,60.9715,0.005477
_14734_,VSS,Metal1,494.2425,91.1235,0.006278
_14735_,VSS,Metal1,510.3400,80.1135,0.005911
_14736_,VSS,Metal1,534.5050,80.0385,0.005911
_14737_,VSS,Metal1,545.0865,30.7315,0.005369
_14738_,VSS,Metal1,532.9800,81.2450,0.005911
_14739_,VSS,Metal1,805.5450,71.1610,0.006426
_14740_,VSS,Metal1,648.6865,40.8115,0.005439
_14741_,VSS,Metal1,815.2200,69.9550,0.006446
_14742_,VSS,Metal1,824.9800,60.9310,0.006461
_14743_,VSS,Metal1,827.4425,49.9960,0.006461
_14744_,VSS,Metal1,827.8600,29.7135,0.005911
_14745_,VSS,Metal1,871.7865,40.9365,0.006097
_14746_,VSS,Metal1,826.7500,81.0435,0.006684
_14747_,VSS,Metal1,832.0200,61.0850,0.006518
_14748_,VSS,Metal1,854.1000,60.9310,0.006620
_14749_,VSS,Metal1,872.9000,49.7950,0.006572
_14750_,VSS,Metal1,858.3465,80.0230,0.006805
_14751_,VSS,Metal1,865.2230,70.0550,0.006550
_14752_,VSS,Metal1,859.6230,71.0650,0.006535
_14753_,VSS,Metal1,847.0425,60.0760,0.006589
_14754_,VSS,Metal1,860.6200,59.9825,0.006641
_14755_,VSS,Metal1,870.6600,81.2450,0.006847
_14756_,VSS,Metal1,884.5050,81.2410,0.006858
_14757_,VSS,Metal1,893.9665,39.8280,0.006127
_14758_,VSS,Metal1,892.5000,81.2450,0.006861
_14759_,VSS,Metal1,903.3800,90.2685,0.006789
_14760_,VSS,Metal1,901.8065,59.9880,0.006711
_14761_,VSS,Metal1,929.9225,49.9960,0.006627
_14762_,VSS,Metal1,912.1000,90.1150,0.006811
_14763_,VSS,Metal1,915.7900,60.8835,0.006733
_14764_,VSS,Metal1,915.2200,59.9535,0.006733
_14765_,VSS,Metal1,906.2600,49.8735,0.006600
_14766_,VSS,Metal1,924.8825,50.8035,0.006621
_14767_,VSS,Metal1,912.9800,50.9260,0.006621
_14768_,VSS,Metal1,267.3265,50.8915,0.006437
_14769_,VSS,Metal1,325.5665,100.3080,0.006725
_14770_,VSS,Metal1,1060.8465,625.4515,0.003264
_14771_,VSS,Metal1,1070.3665,604.3080,0.003225
_14772_,VSS,Metal1,1075.9665,575.0515,0.002836
_14773_,VSS,Metal1,1073.1665,533.7480,0.002071
_14774_,VSS,Metal1,1056.9265,533.7480,0.002068
_14775_,VSS,Metal1,1075.9665,494.4115,0.001266
_14776_,VSS,Metal1,1069.8065,504.4915,0.001110
_14777_,VSS,Metal1,1078.2065,323.0515,0.006016
_14778_,VSS,Metal1,1081.0065,291.8280,0.006314
_14779_,VSS,Metal1,1043.0425,373.3635,0.005180
_14780_,VSS,Metal1,1069.8650,372.3585,0.005185
_14781_,VSS,Metal1,1070.3665,362.3880,0.005199
_14782_,VSS,Metal1,1047.5225,392.7160,0.004812
_14783_,VSS,Metal1,1036.4265,403.8165,0.004559
_14784_,VSS,Metal1,1043.0480,382.4280,0.005058
_14785_,VSS,Metal1,1058.6065,382.5480,0.005065
_14786_,VSS,Metal1,1041.2200,393.6460,0.004811
_14787_,VSS,Metal1,1023.4425,433.8435,0.003442
_14788_,VSS,Metal1,1034.0250,423.9610,0.003770
_14789_,VSS,Metal1,1034.0825,422.9560,0.003770
_14790_,VSS,Metal1,1034.9800,413.7310,0.004149
_14791_,VSS,Metal1,1029.0425,402.7960,0.004558
_14792_,VSS,Metal1,1030.5800,422.8335,0.003770
_14793_,VSS,Metal1,1030.1625,433.0360,0.003450
_14794_,VSS,Metal1,1015.0425,453.1960,0.002922
_14795_,VSS,Metal1,1037.9450,454.2010,0.002931
_14796_,VSS,Metal1,1015.6025,443.9235,0.003206
_14797_,VSS,Metal1,1021.5400,443.0685,0.003215
_14798_,VSS,Metal1,1008.8825,443.9235,0.003205
_14799_,VSS,Metal1,1010.9800,433.9660,0.003436
_14800_,VSS,Metal1,1038.5625,443.9235,0.003217
_14801_,VSS,Metal1,1035.6300,484.2435,0.001719
_14802_,VSS,Metal1,1029.4500,493.4380,0.001257
_14803_,VSS,Metal1,1017.2880,483.2280,0.001717
_14804_,VSS,Metal1,1001.6025,474.1635,0.002360
_14805_,VSS,Metal1,997.5400,464.2060,0.002462
_14806_,VSS,Metal1,1022.4200,494.5250,0.001253
_14807_,VSS,Metal1,1003.8425,504.4035,0.001074
_14808_,VSS,Metal1,1004.9680,503.3880,0.001074
_14809_,VSS,Metal1,995.8865,504.4915,0.001066
_14810_,VSS,Metal1,1018.7400,543.8685,0.003065
_14811_,VSS,Metal1,1015.0425,513.6760,0.001418
_14812_,VSS,Metal1,1004.2600,514.6060,0.001416
_14813_,VSS,Metal1,1011.2265,534.8565,0.002047
_14814_,VSS,Metal1,1011.0650,543.7185,0.003060
_14815_,VSS,Metal1,998.6865,534.7315,0.002034
_14816_,VSS,Metal1,1030.2600,555.0050,0.002494
_14817_,VSS,Metal1,1040.8025,836.2360,0.002843
_14818_,VSS,Metal1,1035.3065,817.0965,0.002981
_14819_,VSS,Metal1,1023.4480,827.1720,0.003203
_14820_,VSS,Metal1,1008.2065,827.0515,0.003246
_14821_,VSS,Metal1,1036.7400,837.1660,0.002842
_14822_,VSS,Metal1,1036.2650,846.1185,0.002740
_14823_,VSS,Metal1,1029.7065,847.3365,0.002738
_14824_,VSS,Metal1,1030.0300,846.3160,0.002738
_14825_,VSS,Metal1,1022.8825,837.0435,0.002842
_14826_,VSS,Metal1,1027.5000,837.1375,0.002842
_14827_,VSS,Metal1,1020.7400,857.4050,0.002691
_14828_,VSS,Metal1,1036.8250,867.4810,0.002763
_14829_,VSS,Metal1,1027.7000,867.3310,0.002762
_14830_,VSS,Metal1,1027.8065,857.2915,0.002689
_14831_,VSS,Metal1,1030.0300,876.5560,0.002353
_14832_,VSS,Metal1,1036.7400,877.4860,0.002356
_14833_,VSS,Metal1,1037.3000,886.6060,0.002225
_14834_,VSS,Metal1,1033.6265,886.4230,0.002225
_14835_,VSS,Metal1,1027.9225,907.6035,0.001963
_14836_,VSS,Metal1,1036.2650,896.5185,0.002190
_14837_,VSS,Metal1,1027.7800,877.4860,0.002353
_14838_,VSS,Metal1,1027.1400,886.5885,0.002232
_14839_,VSS,Metal1,1006.5265,886.5480,0.002254
_14840_,VSS,Metal1,1040.8025,887.4435,0.002226
_14841_,VSS,Metal1,1029.6025,897.5235,0.002181
_14842_,VSS,Metal1,1024.9700,906.7180,0.001966
_14843_,VSS,Metal1,1038.5680,897.7320,0.002190
_14844_,VSS,Metal1,1037.3265,907.6915,0.001956
_14845_,VSS,Metal1,1035.2775,887.5250,0.002225
_14846_,VSS,Metal1,1027.4375,887.5250,0.002232
_14847_,VSS,Metal1,1026.9065,917.8965,0.001768
_14848_,VSS,Metal1,1034.0825,926.9560,0.001516
_14849_,VSS,Metal1,1038.5680,927.9720,0.001516
_14850_,VSS,Metal1,1046.2865,936.9480,0.001391
_14851_,VSS,Metal1,1015.0425,937.0360,0.001393
_14852_,VSS,Metal1,1036.7400,917.8060,0.001760
_14853_,VSS,Metal1,1025.4600,947.0685,0.000941
_14854_,VSS,Metal1,1033.9665,947.0280,0.000942
_14855_,VSS,Metal1,1073.7265,615.3715,0.003125
_14856_,VSS,Metal1,1069.8065,595.2115,0.003328
_14857_,VSS,Metal1,1056.3665,564.9715,0.002710
_14858_,VSS,Metal1,1070.9265,563.9880,0.002711
_14859_,VSS,Metal1,1050.7665,553.9080,0.002496
_14860_,VSS,Metal1,1070.3665,523.6680,0.001828
_14861_,VSS,Metal1,1070.3665,483.3480,0.001737
_14862_,VSS,Metal1,1079.3265,312.9715,0.006207
_14863_,VSS,Metal1,1072.6065,291.8280,0.006314
_14864_,VSS,Metal1,1081.6825,403.6035,0.004586
_14865_,VSS,Metal1,1078.2650,393.7210,0.004812
_14866_,VSS,Metal1,1073.7265,392.6280,0.004812
_14867_,VSS,Metal1,1062.6425,422.9560,0.003780
_14868_,VSS,Metal1,1053.7865,434.0565,0.003458
_14869_,VSS,Metal1,1073.2880,423.9720,0.003780
_14870_,VSS,Metal1,1072.0465,413.7715,0.004160
_14871_,VSS,Metal1,1058.8265,413.8965,0.004152
_14872_,VSS,Metal1,1069.7800,422.8335,0.003780
_14873_,VSS,Metal1,1076.6425,443.9235,0.003221
_14874_,VSS,Metal1,1069.8650,442.9185,0.003221
_14875_,VSS,Metal1,1080.5625,443.9235,0.003221
_14876_,VSS,Metal1,1077.5400,443.0685,0.003221
_14877_,VSS,Metal1,1063.8600,413.8850,0.004152
_14878_,VSS,Metal1,1056.5865,454.2165,0.002942
_14879_,VSS,Metal1,1072.7225,443.9235,0.003221
_14880_,VSS,Metal1,1054.2425,474.1635,0.002529
_14881_,VSS,Metal1,1078.8250,464.2810,0.002495
_14882_,VSS,Metal1,1054.8025,463.2760,0.002493
_14883_,VSS,Metal1,1060.7400,463.2285,0.002496
_14884_,VSS,Metal1,1053.7800,452.9950,0.002942
_14885_,VSS,Metal1,984.3465,463.0630,0.002455
_14886_,VSS,Metal1,1053.6825,464.0835,0.002493
_14887_,VSS,Metal1,1038.4300,473.3560,0.002464
_14888_,VSS,Metal1,1022.7300,473.2780,0.002452
_14889_,VSS,Metal1,1032.4080,463.0680,0.002479
_14890_,VSS,Metal1,991.0600,464.2850,0.002461
_14891_,VSS,Metal1,1036.4200,464.2850,0.002479
_14892_,VSS,Metal1,1041.9225,504.4035,0.001105
_14893_,VSS,Metal1,1031.2880,494.5320,0.001257
_14894_,VSS,Metal1,992.5265,503.5080,0.001065
_14895_,VSS,Metal1,1030.5000,543.8685,0.003078
_14896_,VSS,Metal1,1023.4425,503.5960,0.001104
_14897_,VSS,Metal1,1038.9800,513.5535,0.001445
_14898_,VSS,Metal1,1035.3065,524.7765,0.001819
_14899_,VSS,Metal1,1021.7050,523.5585,0.001818
_14900_,VSS,Metal1,990.2865,534.7315,0.002033
_14901_,VSS,Metal1,1030.8200,533.6350,0.002065
_14902_,VSS,Metal1,1082.2425,816.8835,0.002990
_14903_,VSS,Metal1,1068.9065,837.2565,0.002851
_14904_,VSS,Metal1,1062.6480,817.0920,0.002990
_14905_,VSS,Metal1,999.8065,827.0515,0.003246
_14906_,VSS,Metal1,996.1065,857.4165,0.002702
_14907_,VSS,Metal1,1069.2200,806.9260,0.003038
_14908_,VSS,Metal1,1082.2425,857.2035,0.002692
_14909_,VSS,Metal1,1076.0250,847.3210,0.002751
_14910_,VSS,Metal1,1060.4025,847.1235,0.002748
_14911_,VSS,Metal1,1056.2600,856.3485,0.002692
_14912_,VSS,Metal1,996.6600,847.3250,0.002752
_14913_,VSS,Metal1,1060.4025,867.2835,0.002773
_14914_,VSS,Metal1,1074.9625,876.5560,0.002356
_14915_,VSS,Metal1,1079.7800,866.4285,0.002773
_14916_,VSS,Metal1,1069.1400,876.5085,0.002356
_14917_,VSS,Metal1,1067.0065,867.3715,0.002773
_14918_,VSS,Metal1,1074.5065,867.4965,0.002773
_14919_,VSS,Metal1,1068.8025,877.3635,0.002356
_14920_,VSS,Metal1,1063.3065,876.3430,0.002356
_14921_,VSS,Metal1,1081.6825,887.4435,0.002227
_14922_,VSS,Metal1,1076.0250,887.6410,0.002227
_14923_,VSS,Metal1,1061.9400,886.5135,0.002227
_14924_,VSS,Metal1,1062.9800,877.4110,0.002356
_14925_,VSS,Metal1,1049.6465,877.4515,0.002356
_14926_,VSS,Metal1,1053.6825,887.4435,0.002226
_14927_,VSS,Metal1,1076.0250,897.7210,0.002206
_14928_,VSS,Metal1,1079.3850,896.5185,0.002206
_14929_,VSS,Metal1,1060.2865,907.6915,0.001961
_14930_,VSS,Metal1,1055.1475,886.6360,0.002226
_14931_,VSS,Metal1,1059.7000,887.5660,0.002227
_14932_,VSS,Metal1,1074.4775,886.5550,0.002227
_14933_,VSS,Metal1,1081.6825,927.7635,0.001518
_14934_,VSS,Metal1,1075.9300,936.9580,0.001392
_14935_,VSS,Metal1,1062.6480,917.8920,0.001772
_14936_,VSS,Metal1,1076.5265,937.9315,0.001392
_14937_,VSS,Metal1,1078.2065,926.8680,0.001518
_14938_,VSS,Metal1,1075.8600,927.8110,0.001518
_14939_,VSS,Metal1,1064.7665,937.9315,0.001392
_14940_,VSS,Metal1,1079.8865,60.9715,0.006932
_14941_,VSS,Metal1,1072.0465,90.2280,0.006890
_14942_,VSS,Metal1,1077.6465,131.5315,0.007390
_14943_,VSS,Metal1,1078.7665,160.7880,0.006973
_14944_,VSS,Metal1,1053.0065,120.4680,0.007039
_14945_,VSS,Metal1,1050.7665,60.9715,0.006928
_14946_,VSS,Metal1,1073.1665,40.8115,0.006280
_14947_,VSS,Metal1,1023.8865,50.8915,0.006788
_14948_,VSS,Metal1,982.4465,39.8280,0.006269
_14949_,VSS,Metal1,1028.4825,90.3160,0.006885
_14950_,VSS,Metal1,1004.3450,80.0385,0.006994
_14951_,VSS,Metal1,1017.7265,71.0515,0.006730
_14952_,VSS,Metal1,1023.4425,90.3160,0.006885
_14953_,VSS,Metal1,1034.7465,100.1830,0.006940
_14954_,VSS,Metal1,1023.4480,101.4120,0.006935
_14955_,VSS,Metal1,1021.6465,80.1480,0.006997
_14956_,VSS,Metal1,983.7865,130.4230,0.007215
_14957_,VSS,Metal1,1030.5800,100.2735,0.006935
_14958_,VSS,Metal1,1040.2425,141.5235,0.007128
_14959_,VSS,Metal1,1048.5850,140.5185,0.007132
_14960_,VSS,Metal1,1023.4425,140.7160,0.007127
_14961_,VSS,Metal1,1021.5400,130.5885,0.007369
_14962_,VSS,Metal1,971.4600,131.6450,0.007215
_14963_,VSS,Metal1,1037.5465,150.5830,0.007035
_14964_,VSS,Metal1,1041.3625,150.7960,0.007035
_14965_,VSS,Metal1,1062.0825,170.9560,0.006978
_14966_,VSS,Metal1,1058.6650,161.8810,0.006969
_14967_,VSS,Metal1,1048.0825,151.6035,0.007038
_14968_,VSS,Metal1,1041.1400,161.7310,0.006967
_14969_,VSS,Metal1,1036.4200,160.6750,0.006965
_14970_,VSS,Metal1,1073.3865,171.9765,0.006978
_14971_,VSS,Metal1,1057.6025,171.7635,0.006978
_14972_,VSS,Metal1,1069.2300,181.0360,0.007031
_14973_,VSS,Metal1,1061.9300,181.9215,0.007019
_14974_,VSS,Metal1,1071.6080,190.9080,0.006910
_14975_,VSS,Metal1,1074.5000,180.8350,0.007031
_14976_,VSS,Metal1,1075.0600,192.1250,0.006910
_14977_,VSS,Metal1,1062.6425,221.3560,0.006992
_14978_,VSS,Metal1,1071.6080,211.0680,0.006892
_14979_,VSS,Metal1,1078.7665,202.0915,0.007132
_14980_,VSS,Metal1,1071.9400,231.3885,0.006925
_14981_,VSS,Metal1,1076.0825,221.3560,0.006992
_14982_,VSS,Metal1,1082.6600,212.2060,0.006892
_14983_,VSS,Metal1,1078.4265,231.2230,0.006925
_14984_,VSS,Metal1,1069.3050,222.3610,0.006992
_14985_,VSS,Metal1,991.9665,211.1880,0.006862
_14986_,VSS,Metal1,1062.1800,241.3150,0.006888
_14987_,VSS,Metal1,1077.2025,251.5960,0.006803
_14988_,VSS,Metal1,1064.4265,252.6165,0.006803
_14989_,VSS,Metal1,1072.1680,252.6120,0.006803
_14990_,VSS,Metal1,1021.0865,252.4915,0.006797
_14991_,VSS,Metal1,1001.1465,272.7765,0.006612
_14992_,VSS,Metal1,1078.1800,271.6335,0.006653
_14993_,VSS,Metal1,1016.7225,343.1235,0.005778
_14994_,VSS,Metal1,1011.6250,332.0385,0.005694
_14995_,VSS,Metal1,1017.2825,333.0435,0.005699
_14996_,VSS,Metal1,1010.3400,291.8685,0.006293
_14997_,VSS,Metal1,984.3400,282.8450,0.006503
_14998_,VSS,Metal1,1003.8425,343.1235,0.005778
_14999_,VSS,Metal1,1019.5225,372.5560,0.005170
_15000_,VSS,Metal1,1014.2600,352.3485,0.005350
_15001_,VSS,Metal1,1010.9000,343.1710,0.005778
_15002_,VSS,Metal1,1002.6065,291.8280,0.006291
_15003_,VSS,Metal1,1011.2265,353.4165,0.005348
_15004_,VSS,Metal1,1021.2025,363.2835,0.005171
_15005_,VSS,Metal1,1017.3865,363.4965,0.005171
_15006_,VSS,Metal1,996.5625,372.5560,0.005135
_15007_,VSS,Metal1,1011.0650,373.5610,0.005145
_15008_,VSS,Metal1,1004.2600,363.4060,0.005164
_15009_,VSS,Metal1,1010.9000,363.3310,0.005171
_15010_,VSS,Metal1,1002.0465,353.2915,0.005344
_15011_,VSS,Metal1,1016.7225,373.3635,0.005166
_15012_,VSS,Metal1,1013.3050,382.4385,0.005044
_15013_,VSS,Metal1,1002.6650,372.3585,0.005141
_15014_,VSS,Metal1,982.4465,362.3880,0.005160
_15015_,VSS,Metal1,1014.8275,372.5560,0.005163
_15016_,VSS,Metal1,1016.5800,383.5660,0.005044
_15017_,VSS,Metal1,1008.9575,372.4750,0.005145
_15018_,VSS,Metal1,995.4425,383.4435,0.005034
_15019_,VSS,Metal1,1009.8500,383.5215,0.005043
_15020_,VSS,Metal1,1001.0480,382.4280,0.005037
_15021_,VSS,Metal1,982.4465,382.5480,0.005029
_15022_,VSS,Metal1,1002.0465,383.5315,0.005037
_15023_,VSS,Metal1,998.5800,373.4110,0.005138
_15024_,VSS,Metal1,988.0465,393.6115,0.004744
_15025_,VSS,Metal1,1073.1665,81.1315,0.007000
_15026_,VSS,Metal1,1064.7665,81.1315,0.007000
_15027_,VSS,Metal1,1060.8465,130.5480,0.007390
_15028_,VSS,Metal1,1060.8465,150.7080,0.007051
_15029_,VSS,Metal1,1041.2465,111.3715,0.007077
_15030_,VSS,Metal1,1056.9265,59.9880,0.006930
_15031_,VSS,Metal1,1058.6065,39.8280,0.006279
_15032_,VSS,Metal1,1023.3265,20.6515,0.006251
_15033_,VSS,Metal1,991.9665,29.7480,0.006231
_15034_,VSS,Metal1,1009.4425,110.4760,0.007053
_15035_,VSS,Metal1,993.7050,91.3210,0.006878
_15036_,VSS,Metal1,994.2065,80.1480,0.006993
_15037_,VSS,Metal1,996.0025,130.6360,0.007239
_15038_,VSS,Metal1,1003.3865,131.6565,0.007271
_15039_,VSS,Metal1,997.6880,111.4920,0.007046
_15040_,VSS,Metal1,992.5265,70.0680,0.006721
_15041_,VSS,Metal1,1010.4200,130.5135,0.007291
_15042_,VSS,Metal1,1010.4300,151.6035,0.007005
_15043_,VSS,Metal1,1009.8500,141.6015,0.007111
_15044_,VSS,Metal1,1002.9625,140.4560,0.007111
_15045_,VSS,Metal1,991.9665,140.6280,0.007111
_15046_,VSS,Metal1,990.4025,170.9560,0.006947
_15047_,VSS,Metal1,1015.1400,150.5950,0.007008
_15048_,VSS,Metal1,1010.3400,180.9885,0.007009
_15049_,VSS,Metal1,1011.2265,160.6630,0.006953
_15050_,VSS,Metal1,1010.4300,161.6835,0.006953
_15051_,VSS,Metal1,1000.6200,170.8625,0.006957
_15052_,VSS,Metal1,1030.8200,171.9650,0.006976
_15053_,VSS,Metal1,1013.1400,191.0685,0.006891
_15054_,VSS,Metal1,1040.3465,182.0565,0.007017
_15055_,VSS,Metal1,1014.8200,181.8910,0.007014
_15056_,VSS,Metal1,994.3225,170.9560,0.006948
_15057_,VSS,Metal1,998.1000,171.8860,0.006957
_15058_,VSS,Metal1,1040.9000,192.1250,0.006907
_15059_,VSS,Metal1,1036.8825,201.1960,0.007127
_15060_,VSS,Metal1,1032.4080,211.0680,0.006881
_15061_,VSS,Metal1,1031.1665,201.1080,0.007115
_15062_,VSS,Metal1,1050.1000,222.2110,0.006992
_15063_,VSS,Metal1,1048.0825,202.0035,0.007128
_15064_,VSS,Metal1,1033.3800,221.2335,0.006990
_15065_,VSS,Metal1,1043.1465,211.0630,0.006881
_15066_,VSS,Metal1,1039.0650,212.2810,0.006881
_15067_,VSS,Metal1,993.6465,212.1715,0.006862
_15068_,VSS,Metal1,1042.5800,232.4450,0.006922
_15069_,VSS,Metal1,1043.0425,241.5160,0.006884
_15070_,VSS,Metal1,1057.1465,252.6165,0.006803
_15071_,VSS,Metal1,1036.8880,261.4680,0.007026
_15072_,VSS,Metal1,1050.7665,252.4915,0.006803
_15073_,VSS,Metal1,1043.4600,262.6060,0.007027
_15074_,VSS,Metal1,1037.8500,281.7580,0.006515
_15075_,VSS,Metal1,1023.4425,281.8360,0.006513
_15076_,VSS,Metal1,1040.0275,272.5635,0.006647
_15077_,VSS,Metal1,1033.7625,271.4960,0.006647
_15078_,VSS,Metal1,1030.0465,262.5715,0.007026
_15079_,VSS,Metal1,1032.9625,291.9160,0.006305
_15080_,VSS,Metal1,1041.9225,291.9160,0.006309
_15081_,VSS,Metal1,1044.5000,281.7885,0.006522
_15082_,VSS,Metal1,1040.0200,282.6910,0.006516
_15083_,VSS,Metal1,999.8065,271.6680,0.006612
_15084_,VSS,Metal1,1043.0425,302.8035,0.006158
_15085_,VSS,Metal1,1037.3850,303.0010,0.006154
_15086_,VSS,Metal1,1037.5465,291.7030,0.006307
_15087_,VSS,Metal1,1040.8025,292.7235,0.006309
_15088_,VSS,Metal1,1029.3330,292.8100,0.006304
_15089_,VSS,Metal1,1023.8600,301.8735,0.006152
_15090_,VSS,Metal1,1008.8825,302.8035,0.006152
_15091_,VSS,Metal1,1020.6425,292.7235,0.006300
_15092_,VSS,Metal1,1015.4600,292.8460,0.006297
_15093_,VSS,Metal1,1024.5625,292.7235,0.006302
_15094_,VSS,Metal1,1030.5000,301.9485,0.006152
_15095_,VSS,Metal1,1029.4600,291.8860,0.006304
_15096_,VSS,Metal1,1025.4600,312.9310,0.006199
_15097_,VSS,Metal1,1003.7265,311.9880,0.006174
_15098_,VSS,Metal1,1036.4800,292.7700,0.006307
_15099_,VSS,Metal1,1043.3875,301.9960,0.006158
_15100_,VSS,Metal1,1037.7030,301.8950,0.006154
_15101_,VSS,Metal1,1041.9225,322.9635,0.006010
_15102_,VSS,Metal1,1023.5465,333.2565,0.005711
_15103_,VSS,Metal1,1031.8480,323.1720,0.005998
_15104_,VSS,Metal1,996.4465,342.2280,0.005755
_15105_,VSS,Metal1,1050.1800,343.2460,0.005851
_15106_,VSS,Metal1,1037.1225,343.3835,0.005845
_15107_,VSS,Metal1,1050.7665,333.1315,0.005717
_15108_,VSS,Metal1,77.4865,252.4915,0.006925
_15109_,VSS,Metal1,492.4465,292.8115,0.005895
_15110_,VSS,Metal1,73.5665,282.7315,0.006722
_15111_,VSS,Metal1,72.4465,301.9080,0.006428
_15112_,VSS,Metal1,545.6465,363.3715,0.004353
_15113_,VSS,Metal1,599.4065,292.8115,0.005885
_15114_,VSS,Metal1,575.8865,281.7480,0.005979
_15115_,VSS,Metal1,974.0465,403.6915,0.004487
_15116_,VSS,Metal1,972.3665,454.0915,0.002856
_15117_,VSS,Metal1,893.9665,544.8115,0.002262
_15118_,VSS,Metal1,906.8465,705.1080,0.002804
_15119_,VSS,Metal1,864.8465,695.0280,0.003214
_15120_,VSS,Metal1,920.2865,685.9315,0.003264
_15121_,VSS,Metal1,901.8065,695.0280,0.003218
_15122_,VSS,Metal1,864.8465,664.7880,0.003141
_15123_,VSS,Metal1,881.0865,685.9315,0.003262
_15124_,VSS,Metal1,70.7665,50.8915,0.006818
_15125_,VSS,Metal1,70.2065,20.6515,0.006562
_15126_,VSS,Metal1,97.6465,20.6515,0.006532
_15127_,VSS,Metal1,98.2065,60.9715,0.006861
_15128_,VSS,Metal1,71.3265,40.8115,0.006715
_15129_,VSS,Metal1,267.3265,30.7315,0.006248
_15130_,VSS,Metal1,476.2065,20.6515,0.004737
_15131_,VSS,Metal1,532.2065,39.8280,0.005208
_15132_,VSS,Metal1,599.4065,30.7315,0.005466
_15133_,VSS,Metal1,611.7265,20.6515,0.004878
_15134_,VSS,Metal1,662.1265,20.6515,0.005080
_15135_,VSS,Metal1,697.4065,39.8280,0.005655
_15136_,VSS,Metal1,724.8465,30.7315,0.005740
_15137_,VSS,Metal1,756.2065,30.7315,0.005820
_15138_,VSS,Metal1,782.5265,29.7480,0.005871
_15139_,VSS,Metal1,806.0465,40.8115,0.005927
_15140_,VSS,Metal1,388.2865,101.2915,0.006547
_15141_,VSS,Metal1,190.0465,30.7315,0.006368
_15142_,VSS,Metal1,368.6865,110.3880,0.006613
_15143_,VSS,Metal1,293.0865,90.2280,0.006750
_15144_,VSS,Metal1,276.8465,110.3880,0.006833
_15145_,VSS,Metal1,559.6465,131.5315,0.006463
_15146_,VSS,Metal1,601.6465,131.5315,0.006412
_15147_,VSS,Metal1,585.9665,281.7480,0.005976
_15148_,VSS,Metal1,913.5665,180.9480,0.006930
_15149_,VSS,Metal1,954.4465,423.8515,0.003732
_15150_,VSS,Metal1,980.7665,474.2515,0.002309
_15151_,VSS,Metal1,972.3665,504.4915,0.001060
_15152_,VSS,Metal1,979.0865,544.8115,0.002818
_15153_,VSS,Metal1,962.8465,575.0515,0.002759
_15154_,VSS,Metal1,939.8865,654.7080,0.003336
_15155_,VSS,Metal1,958.3665,635.5315,0.003372
_15156_,VSS,Metal1,952.7665,664.7880,0.003283
_15157_,VSS,Metal1,956.1265,614.3880,0.003064
_15158_,VSS,Metal1,151.4065,30.7315,0.006484
_15159_,VSS,Metal1,117.2465,30.7315,0.006601
_15160_,VSS,Metal1,178.8465,29.7480,0.006408
_15161_,VSS,Metal1,218.0465,30.7315,0.006328
_15162_,VSS,Metal1,229.8065,40.8115,0.006309
_15163_,VSS,Metal1,255.0065,29.7480,0.006291
_15164_,VSS,Metal1,521.5665,70.0680,0.005793
_15165_,VSS,Metal1,560.7665,39.8280,0.005273
_15166_,VSS,Metal1,640.2865,29.7480,0.005478
_15167_,VSS,Metal1,835.1665,29.7480,0.005942
_15168_,VSS,Metal1,868.7665,20.6515,0.005989
_15169_,VSS,Metal1,854.2065,59.9880,0.006620
_15170_,VSS,Metal1,893.9665,30.7315,0.006008
_15171_,VSS,Metal1,895.0865,70.0680,0.006627
_15172_,VSS,Metal1,926.4465,20.6515,0.006168
_15173_,VSS,Metal1,919.1665,50.8915,0.006621
_15174_,VSS,Metal1,454.3600,454.0600,0.002760
_15175_,VSS,Metal1,961.1400,705.1660,0.002971
_15176_,VSS,Metal1,276.8465,70.0680,0.006436
_15177_,VSS,Metal1,316.0465,80.1480,0.006606
_15178_,VSS,Metal1,1081.6825,332.2360,0.005722
_15179_,VSS,Metal1,1082.9065,333.2565,0.005722
_15180_,VSS,Metal1,1078.9600,604.2735,0.003225
_15181_,VSS,Metal1,1062.0030,584.1015,0.002972
_15182_,VSS,Metal1,1076.7465,573.9430,0.002836
_15183_,VSS,Metal1,1078.2000,563.9500,0.002711
_15184_,VSS,Metal1,1057.1800,544.8135,0.003089
_15185_,VSS,Metal1,1062.6425,533.8360,0.002068
_15186_,VSS,Metal1,1070.3400,524.5400,0.001828
_15187_,VSS,Metal1,1077.1230,504.5380,0.001110
_15188_,VSS,Metal1,1062.0030,513.5415,0.001452
_15189_,VSS,Metal1,1071.6080,332.0280,0.005722
_15190_,VSS,Metal1,978.0825,302.8035,0.006129
_15191_,VSS,Metal1,974.5800,302.9260,0.006129
_15192_,VSS,Metal1,1078.1800,342.1935,0.005854
_15193_,VSS,Metal1,1081.7865,303.0165,0.006168
_15194_,VSS,Metal1,1078.1000,312.0285,0.006207
_15195_,VSS,Metal1,1069.1400,343.1710,0.005854
_15196_,VSS,Metal1,971.3625,332.2360,0.005684
_15197_,VSS,Metal1,972.9000,313.0060,0.006132
_15198_,VSS,Metal1,1076.1800,343.3250,0.005854
_15199_,VSS,Metal1,1073.9465,363.4965,0.005199
_15200_,VSS,Metal1,1071.6080,352.1880,0.005379
_15201_,VSS,Metal1,976.8465,342.2280,0.005666
_15202_,VSS,Metal1,1062.6425,392.7160,0.004812
_15203_,VSS,Metal1,1059.3865,373.5765,0.005184
_15204_,VSS,Metal1,1077.6400,362.3500,0.005199
_15205_,VSS,Metal1,1076.1865,372.3430,0.005185
_15206_,VSS,Metal1,1067.1280,373.5720,0.005184
_15207_,VSS,Metal1,989.2825,362.4760,0.005160
_15208_,VSS,Metal1,984.6600,372.4335,0.005129
_15209_,VSS,Metal1,1073.9800,383.5375,0.005065
_15210_,VSS,Metal1,1048.0825,413.6835,0.004150
_15211_,VSS,Metal1,1041.4665,422.7430,0.003773
_15212_,VSS,Metal1,1036.8880,402.5880,0.004559
_15213_,VSS,Metal1,976.8465,393.6115,0.004732
_15214_,VSS,Metal1,1018.9625,433.8435,0.003442
_15215_,VSS,Metal1,1015.1465,434.0565,0.003438
_15216_,VSS,Metal1,1042.9000,413.8060,0.004149
_15217_,VSS,Metal1,1008.8880,432.8280,0.003436
_15218_,VSS,Metal1,1001.4865,423.8515,0.003757
_15219_,VSS,Metal1,1004.2600,433.9660,0.003436
_15220_,VSS,Metal1,993.3065,474.3765,0.002360
_15221_,VSS,Metal1,994.8880,454.2120,0.002908
_15222_,VSS,Metal1,991.9665,432.9480,0.003419
_15223_,VSS,Metal1,999.3625,484.2435,0.001677
_15224_,VSS,Metal1,995.5465,484.4565,0.001674
_15225_,VSS,Metal1,1002.2600,464.2850,0.002462
_15226_,VSS,Metal1,997.7865,474.3765,0.002360
_15227_,VSS,Metal1,993.2080,483.2280,0.001674
_15228_,VSS,Metal1,981.8865,453.1080,0.002881
_15229_,VSS,Metal1,988.8600,484.3375,0.001673
_15230_,VSS,Metal1,983.7865,534.8565,0.002022
_15231_,VSS,Metal1,990.4025,544.7235,0.003045
_15232_,VSS,Metal1,991.5280,524.7720,0.001811
_15233_,VSS,Metal1,981.8865,524.6515,0.001799
_15234_,VSS,Metal1,1004.9625,846.3160,0.002749
_15235_,VSS,Metal1,988.5000,827.0110,0.003247
_15236_,VSS,Metal1,994.7400,826.1260,0.003246
_15237_,VSS,Metal1,995.5400,544.9250,0.003045
_15238_,VSS,Metal1,982.4300,826.9635,0.003247
_15239_,VSS,Metal1,976.5065,837.2565,0.002876
_15240_,VSS,Metal1,975.2825,826.9635,0.003247
_15241_,VSS,Metal1,978.7800,836.1425,0.002876
_15242_,VSS,Metal1,995.5400,846.1150,0.002752
_15243_,VSS,Metal1,1001.0425,847.1235,0.002751
_15244_,VSS,Metal1,984.2480,837.2520,0.002876
_15245_,VSS,Metal1,953.3265,674.8680,0.003359
_15246_,VSS,Metal1,1005.3000,857.2510,0.002701
_15247_,VSS,Metal1,988.5800,836.2600,0.002876
_15248_,VSS,Metal1,989.9400,847.3250,0.002753
_15249_,VSS,Metal1,1000.2675,846.3160,0.002751
_15250_,VSS,Metal1,975.2825,725.3560,0.003351
_15251_,VSS,Metal1,981.4425,715.2760,0.003481
_15252_,VSS,Metal1,977.9400,715.1535,0.003481
_15253_,VSS,Metal1,997.5400,866.3535,0.002770
_15254_,VSS,Metal1,1011.6825,867.2835,0.002767
_15255_,VSS,Metal1,1001.6080,867.4920,0.002770
_15256_,VSS,Metal1,946.0465,705.1080,0.002921
_15257_,VSS,Metal1,1043.9400,896.6685,0.002191
_15258_,VSS,Metal1,1002.5800,866.5000,0.002770
_15259_,VSS,Metal1,998.3400,876.3550,0.002363
_15260_,VSS,Metal1,1005.1200,876.5100,0.002363
_15261_,VSS,Metal1,985.3625,857.2035,0.002702
_15262_,VSS,Metal1,988.3000,867.3775,0.002771
_15263_,VSS,Metal1,1044.2600,907.8050,0.001956
_15264_,VSS,Metal1,1049.2025,917.6835,0.001765
_15265_,VSS,Metal1,1056.0265,938.0565,0.001392
_15266_,VSS,Metal1,1052.5680,927.9720,0.001517
_15267_,VSS,Metal1,955.5665,685.9315,0.003284
_15268_,VSS,Metal1,1049.6200,946.9935,0.000942
_15269_,VSS,Metal1,1043.0480,926.7480,0.001516
_15270_,VSS,Metal1,954.4465,705.1080,0.002947
_15271_,VSS,Metal1,1030.0300,29.8360,0.006239
_15272_,VSS,Metal1,1034.4200,30.6910,0.006245
_15273_,VSS,Metal1,1053.7865,49.7830,0.006864
_15274_,VSS,Metal1,1077.2800,91.2460,0.006890
_15275_,VSS,Metal1,1075.4430,110.3415,0.007078
_15276_,VSS,Metal1,1072.8600,111.3735,0.007078
_15277_,VSS,Metal1,1080.1000,101.4050,0.006961
_15278_,VSS,Metal1,1069.2830,110.3415,0.007078
_15279_,VSS,Metal1,1043.4600,101.2335,0.006957
_15280_,VSS,Metal1,1050.7065,101.3990,0.006960
_15281_,VSS,Metal1,1051.3630,50.9380,0.006864
_15282_,VSS,Metal1,1042.5800,51.0050,0.006864
_15283_,VSS,Metal1,1041.6230,30.7450,0.006280
_15284_,VSS,Metal1,1037.7800,40.7710,0.006277
_15285_,VSS,Metal1,953.3265,40.8115,0.006183
_15286_,VSS,Metal1,984.2425,49.9960,0.006677
_15287_,VSS,Metal1,1000.9850,40.9210,0.006269
_15288_,VSS,Metal1,1010.9800,40.8460,0.006276
_15289_,VSS,Metal1,1006.9000,49.9630,0.006711
_15290_,VSS,Metal1,999.9225,29.8360,0.006236
_15291_,VSS,Metal1,961.2825,30.6435,0.006219
_15292_,VSS,Metal1,971.7800,40.8460,0.006184
_15293_,VSS,Metal1,1001.0425,49.9960,0.006689
_15294_,VSS,Metal1,1009.5465,61.0965,0.006911
_15295_,VSS,Metal1,1003.2825,50.8035,0.006699
_15296_,VSS,Metal1,994.5625,59.8160,0.006901
_15297_,VSS,Metal1,961.7265,40.8115,0.006183
_15298_,VSS,Metal1,977.5225,70.1560,0.006712
_15299_,VSS,Metal1,1003.9465,59.8630,0.006901
_15300_,VSS,Metal1,1000.6400,70.1100,0.006721
_15301_,VSS,Metal1,1008.4265,59.8630,0.006911
_15302_,VSS,Metal1,999.0425,61.1435,0.006901
_15303_,VSS,Metal1,959.4865,50.8915,0.006655
_15304_,VSS,Metal1,982.1400,70.0625,0.006712
_15305_,VSS,Metal1,979.6100,141.6015,0.007093
_15306_,VSS,Metal1,979.0700,140.7160,0.007093
_15307_,VSS,Metal1,978.3225,121.6235,0.007007
_15308_,VSS,Metal1,972.3665,60.9715,0.006871
_15309_,VSS,Metal1,993.7625,160.8760,0.006925
_15310_,VSS,Metal1,989.9465,160.6630,0.006925
_15311_,VSS,Metal1,991.3800,130.5135,0.007215
_15312_,VSS,Metal1,982.0080,151.8120,0.006980
_15313_,VSS,Metal1,972.3665,81.1315,0.006974
_15314_,VSS,Metal1,984.6600,160.7535,0.006925
_15315_,VSS,Metal1,984.3465,182.0565,0.006953
_15316_,VSS,Metal1,987.2825,172.0235,0.006947
_15317_,VSS,Metal1,971.8065,80.1480,0.006974
_15318_,VSS,Metal1,1001.0425,191.9235,0.006857
_15319_,VSS,Metal1,1005.3000,201.1485,0.007057
_15320_,VSS,Metal1,983.7800,180.8350,0.006953
_15321_,VSS,Metal1,996.6665,182.0565,0.007005
_15322_,VSS,Metal1,990.1800,181.8910,0.007003
_15323_,VSS,Metal1,965.0865,150.7080,0.006947
_15324_,VSS,Metal1,993.3400,191.0225,0.006852
_15325_,VSS,Metal1,984.1100,201.1960,0.007036
_15326_,VSS,Metal1,1000.8900,202.0815,0.007038
_15327_,VSS,Metal1,994.5625,200.9360,0.007037
_15328_,VSS,Metal1,972.3665,171.8515,0.006947
_15329_,VSS,Metal1,991.3000,251.5485,0.006749
_15330_,VSS,Metal1,998.9000,211.0750,0.006863
_15331_,VSS,Metal1,988.0300,242.3235,0.006833
_15332_,VSS,Metal1,984.3465,261.4630,0.006823
_15333_,VSS,Metal1,975.8425,242.3235,0.006815
_15334_,VSS,Metal1,980.4600,242.4175,0.006816
_15335_,VSS,Metal1,990.5000,262.6850,0.006889
_15336_,VSS,Metal1,995.5465,262.6965,0.006912
_15337_,VSS,Metal1,985.9280,252.6120,0.006747
_15338_,VSS,Metal1,962.8465,101.2915,0.006907
_15339_,VSS,Metal1,1008.3225,281.8360,0.006513
_15340_,VSS,Metal1,982.3400,281.7885,0.006503
_15341_,VSS,Metal1,990.8400,261.5500,0.006889
_15342_,VSS,Metal1,985.4665,262.6965,0.006823
_15343_,VSS,Metal1,982.3400,271.7085,0.006610
_15344_,VSS,Metal1,971.8065,120.4680,0.007006
_15345_,VSS,Metal1,989.9800,271.6625,0.006612
_15346_,VSS,Metal1,997.1225,312.0760,0.006174
_15347_,VSS,Metal1,1000.8900,302.8815,0.006151
_15348_,VSS,Metal1,993.2025,292.7235,0.006285
_15349_,VSS,Metal1,991.3000,291.8685,0.006284
_15350_,VSS,Metal1,974.6065,100.3080,0.006909
_15351_,VSS,Metal1,984.6700,312.8835,0.006137
_15352_,VSS,Metal1,991.9300,322.0780,0.005905
_15353_,VSS,Metal1,990.9625,301.9960,0.006135
_15354_,VSS,Metal1,995.4425,301.9960,0.006139
_15355_,VSS,Metal1,988.9625,303.0635,0.006135
_15356_,VSS,Metal1,972.3665,111.3715,0.007019
_15357_,VSS,Metal1,991.0600,311.8750,0.006174
_15358_,VSS,Metal1,991.5225,343.1235,0.005737
_15359_,VSS,Metal1,989.9465,342.1030,0.005737
_15360_,VSS,Metal1,989.8480,323.1720,0.005905
_15361_,VSS,Metal1,981.8865,110.3880,0.007027
_15362_,VSS,Metal1,1005.3800,332.1135,0.005689
_15363_,VSS,Metal1,994.5625,331.9760,0.005688
_15364_,VSS,Metal1,974.0465,323.0515,0.005889
_15365_,VSS,Metal1,90.3665,262.5715,0.007029
_15366_,VSS,Metal1,499.1665,301.9080,0.005705
_15367_,VSS,Metal1,80.8465,301.9080,0.006428
_15368_,VSS,Metal1,311.5665,301.9080,0.006151
_15369_,VSS,Metal1,560.7665,372.4680,0.004307
_15370_,VSS,Metal1,607.8065,311.9880,0.005499
_15371_,VSS,Metal1,590.4465,311.9880,0.005502
_15372_,VSS,Metal1,974.0465,423.8515,0.003755
_15373_,VSS,Metal1,972.3665,474.2515,0.002308
_15374_,VSS,Metal1,914.1265,553.9080,0.002388
_15375_,VSS,Metal1,919.1665,696.0115,0.003219
_15376_,VSS,Metal1,935.4065,695.0280,0.003217
_15377_,VSS,Metal1,920.2865,665.7715,0.003244
_15378_,VSS,Metal1,901.2465,665.7715,0.003223
_15379_,VSS,Metal1,873.8065,655.6915,0.003273
_15380_,VSS,Metal1,877.1665,684.9480,0.003259
_15381_,VSS,Metal1,278.5265,20.6515,0.006083
_15382_,VSS,Metal1,89.2465,20.6515,0.006540
_15383_,VSS,Metal1,109.9665,40.8115,0.006675
_15384_,VSS,Metal1,109.9665,50.8915,0.006803
_15385_,VSS,Metal1,78.6065,20.6515,0.006553
_15386_,VSS,Metal1,429.1665,30.7315,0.005329
_15387_,VSS,Metal1,485.7265,29.7480,0.005241
_15388_,VSS,Metal1,546.7665,49.9080,0.005178
_15389_,VSS,Metal1,589.3265,49.9080,0.005241
_15390_,VSS,Metal1,619.5665,40.8115,0.005288
_15391_,VSS,Metal1,658.7665,39.8280,0.005506
_15392_,VSS,Metal1,686.2065,50.8915,0.005641
_15393_,VSS,Metal1,717.5665,49.9080,0.005738
_15394_,VSS,Metal1,736.6065,49.9080,0.005887
_15395_,VSS,Metal1,786.4465,39.8280,0.005910
_15396_,VSS,Metal1,815.0065,39.8280,0.005964
_15397_,VSS,Metal1,396.6865,101.2915,0.006545
_15398_,VSS,Metal1,196.7665,40.8115,0.006437
_15399_,VSS,Metal1,384.3665,111.3715,0.006592
_15400_,VSS,Metal1,305.9665,91.2115,0.006720
_15401_,VSS,Metal1,294.7665,111.3715,0.006760
_15402_,VSS,Metal1,570.8465,131.5315,0.006463
_15403_,VSS,Metal1,610.0465,131.5315,0.006412
_15404_,VSS,Metal1,602.7665,291.8280,0.005884
_15405_,VSS,Metal1,904.0465,191.0280,0.006729
_15406_,VSS,Metal1,953.8865,454.0915,0.002846
_15407_,VSS,Metal1,972.3665,484.3315,0.001642
_15408_,VSS,Metal1,972.3665,523.6680,0.001785
_15409_,VSS,Metal1,979.6465,563.9880,0.002662
_15410_,VSS,Metal1,962.8465,585.1315,0.002882
_15411_,VSS,Metal1,931.4865,654.7080,0.003299
_15412_,VSS,Metal1,943.2465,634.5480,0.003307
_15413_,VSS,Metal1,935.4065,665.7715,0.003250
_15414_,VSS,Metal1,942.1265,615.3715,0.003061
_15415_,VSS,Metal1,159.2465,39.8280,0.006606
_15416_,VSS,Metal1,131.2465,20.6515,0.006458
_15417_,VSS,Metal1,202.3665,20.6515,0.006281
_15418_,VSS,Metal1,236.5265,29.7480,0.006322
_15419_,VSS,Metal1,249.9665,39.8280,0.006306
_15420_,VSS,Metal1,457.1665,20.6515,0.004854
_15421_,VSS,Metal1,526.6065,49.9080,0.005171
_15422_,VSS,Metal1,564.1265,29.7480,0.005397
_15423_,VSS,Metal1,629.6465,39.8280,0.005432
_15424_,VSS,Metal1,825.6465,39.8280,0.006042
_15425_,VSS,Metal1,859.2465,20.6515,0.005974
_15426_,VSS,Metal1,840.2065,50.8915,0.006529
_15427_,VSS,Metal1,883.3265,40.8115,0.006097
_15428_,VSS,Metal1,893.9665,50.8915,0.006590
_15429_,VSS,Metal1,916.3665,20.6515,0.006151
_15430_,VSS,Metal1,920.2865,40.8115,0.006162
_15431_,VSS,Metal1,195.0700,483.4360,0.001712
_15432_,VSS,Metal1,199.1225,493.5160,0.001400
_15433_,VSS,Metal1,206.5000,503.3950,0.001097
_15434_,VSS,Metal1,213.2265,503.3830,0.001097
_15435_,VSS,Metal1,206.9625,494.3235,0.001405
_15436_,VSS,Metal1,227.2800,534.6900,0.001901
_15437_,VSS,Metal1,217.4700,553.9960,0.002390
_15438_,VSS,Metal1,226.4300,564.8835,0.002590
_15439_,VSS,Metal1,244.4825,574.1560,0.002771
_15440_,VSS,Metal1,252.4265,553.7830,0.002389
_15441_,VSS,Metal1,257.9225,554.8035,0.002389
_15442_,VSS,Metal1,256.2425,553.9960,0.002389
_15443_,VSS,Metal1,248.5600,554.8500,0.002389
_15444_,VSS,Metal1,253.2275,554.8035,0.002389
_15445_,VSS,Metal1,246.5800,543.7935,0.002392
_15446_,VSS,Metal1,216.5865,514.6965,0.001494
_15447_,VSS,Metal1,215.2465,534.7315,0.001901
_15448_,VSS,Metal1,209.0600,534.7660,0.001901
_15449_,VSS,Metal1,205.8425,544.7235,0.002394
_15450_,VSS,Metal1,210.4600,544.8175,0.002416
_15451_,VSS,Metal1,234.4025,534.6435,0.001869
_15452_,VSS,Metal1,235.6200,533.6350,0.001869
_15453_,VSS,Metal1,209.3400,533.7425,0.001901
_15454_,VSS,Metal1,212.0025,553.9960,0.002390
_15455_,VSS,Metal1,225.5465,544.9365,0.002417
_15456_,VSS,Metal1,212.1400,563.9825,0.002587
_15457_,VSS,Metal1,227.6825,553.9960,0.002390
_15458_,VSS,Metal1,223.8665,573.9430,0.002763
_15459_,VSS,Metal1,217.7400,564.9775,0.002590
_15460_,VSS,Metal1,238.9800,563.8750,0.002593
_15461_,VSS,Metal1,234.9625,554.8035,0.002389
_15462_,VSS,Metal1,247.0675,553.9960,0.002389
_15463_,VSS,Metal1,245.7000,563.8750,0.002593
_15464_,VSS,Metal1,249.9500,574.1560,0.002771
_15465_,VSS,Metal1,252.1800,543.7935,0.002392
_15466_,VSS,Metal1,251.2775,524.6450,0.001748
_15467_,VSS,Metal1,245.0425,513.6760,0.001479
_15468_,VSS,Metal1,227.4130,504.4900,0.001096
_15469_,VSS,Metal1,229.8065,494.4115,0.001435
_15470_,VSS,Metal1,239.0400,513.6300,0.001481
_15471_,VSS,Metal1,238.2065,494.4115,0.001436
_15472_,VSS,Metal1,245.3875,503.5960,0.001095
_15473_,VSS,Metal1,252.7400,494.4460,0.001450
_15474_,VSS,Metal1,251.3065,504.6765,0.001091
_15475_,VSS,Metal1,216.8275,615.2835,0.003308
_15476_,VSS,Metal1,205.9465,614.2630,0.003348
_15477_,VSS,Metal1,198.0775,605.2850,0.003269
_15478_,VSS,Metal1,175.4600,595.1535,0.003095
_15479_,VSS,Metal1,166.6425,595.1235,0.003102
_15480_,VSS,Metal1,149.2825,605.2035,0.003261
_15481_,VSS,Metal1,135.7600,574.0200,0.002755
_15482_,VSS,Metal1,144.5330,584.1500,0.002914
_15483_,VSS,Metal1,141.4425,605.2035,0.003261
_15484_,VSS,Metal1,120.1625,544.7235,0.002284
_15485_,VSS,Metal1,118.0265,555.0165,0.002401
_15486_,VSS,Metal1,120.8265,565.0965,0.002541
_15487_,VSS,Metal1,140.9700,575.1950,0.002755
_15488_,VSS,Metal1,335.0865,634.5480,0.003288
_15489_,VSS,Metal1,335.6300,625.3635,0.003253
_15490_,VSS,Metal1,316.0465,594.2280,0.003096
_15491_,VSS,Metal1,309.3100,594.3160,0.003097
_15492_,VSS,Metal1,255.5665,634.5480,0.003327
_15493_,VSS,Metal1,249.9500,624.5560,0.003359
_15494_,VSS,Metal1,252.7665,604.3080,0.003341
_15495_,VSS,Metal1,252.7500,615.2835,0.003294
_15496_,VSS,Metal1,356.9265,635.5315,0.003289
_15497_,VSS,Metal1,346.2700,625.3635,0.003250
_15498_,VSS,Metal1,353.0065,575.0515,0.002760
_15499_,VSS,Metal1,346.2700,574.9635,0.002760
_15500_,VSS,Metal1,355.2465,614.3880,0.003155
_15501_,VSS,Metal1,337.3100,605.2035,0.003240
_15502_,VSS,Metal1,286.3665,624.4680,0.003334
_15503_,VSS,Metal1,277.3900,634.6360,0.003317
_15504_,VSS,Metal1,117.1475,564.0760,0.002541
_15505_,VSS,Metal1,111.7625,574.9635,0.002752
_15506_,VSS,Metal1,109.6800,554.8500,0.002401
_15507_,VSS,Metal1,108.9050,563.8785,0.002542
_15508_,VSS,Metal1,88.9065,573.9430,0.002747
_15509_,VSS,Metal1,108.9625,544.7235,0.002270
_15510_,VSS,Metal1,115.2200,565.0850,0.002541
_15511_,VSS,Metal1,107.9465,575.1765,0.002751
_15512_,VSS,Metal1,108.6630,564.9850,0.002542
_15513_,VSS,Metal1,98.0530,575.0500,0.002751
_15514_,VSS,Metal1,101.7865,585.2565,0.002921
_15515_,VSS,Metal1,96.5100,584.2360,0.002921
_15516_,VSS,Metal1,89.6530,585.1300,0.002920
_15517_,VSS,Metal1,92.8265,614.2630,0.003474
_15518_,VSS,Metal1,93.1500,605.2035,0.003260
_15519_,VSS,Metal1,86.8530,605.2900,0.003260
_15520_,VSS,Metal1,97.8665,605.4165,0.003260
_15521_,VSS,Metal1,96.8000,585.0900,0.002921
_15522_,VSS,Metal1,80.6930,595.2100,0.003156
_15523_,VSS,Metal1,133.1465,594.0430,0.003143
_15524_,VSS,Metal1,118.5800,595.3250,0.003144
_15525_,VSS,Metal1,121.3800,594.1150,0.003144
_15526_,VSS,Metal1,129.2800,604.3500,0.003262
_15527_,VSS,Metal1,121.0130,604.3100,0.003262
_15528_,VSS,Metal1,167.3000,605.4050,0.003249
_15529_,VSS,Metal1,161.1465,604.1830,0.003253
_15530_,VSS,Metal1,348.5265,635.5315,0.003289
_15531_,VSS,Metal1,325.5665,594.2280,0.003095
_15532_,VSS,Metal1,266.7665,625.4515,0.003358
_15533_,VSS,Metal1,266.7665,605.2915,0.003340
_15534_,VSS,Metal1,373.1665,625.4515,0.003236
_15535_,VSS,Metal1,370.3665,585.1315,0.002936
_15536_,VSS,Metal1,370.3665,614.3880,0.003142
_15537_,VSS,Metal1,296.4465,635.5315,0.003315
_15538_,VSS,Metal1,335.0865,574.0680,0.002754
_15539_,VSS,Metal1,270.6865,585.1315,0.002935
_15540_,VSS,Metal1,277.4065,625.4515,0.003348
_15541_,VSS,Metal1,286.3665,594.2280,0.003102
_15542_,VSS,Metal1,386.6065,605.2915,0.003229
_15543_,VSS,Metal1,366.4465,574.0680,0.002761
_15544_,VSS,Metal1,384.3665,564.9715,0.002601
_15545_,VSS,Metal1,388.8465,634.5480,0.003289
_15546_,VSS,Metal1,196.2065,574.0680,0.002744
_15547_,VSS,Metal1,218.0465,585.1315,0.002934
_15548_,VSS,Metal1,207.9665,634.5480,0.003373
_15549_,VSS,Metal1,234.8465,594.2280,0.003106
_15550_,VSS,Metal1,238.2065,605.2915,0.003326
_15551_,VSS,Metal1,227.5665,625.4515,0.003390
_15552_,VSS,Metal1,148.5800,595.2460,0.003129
_15553_,VSS,Metal1,190.3200,595.1700,0.003102
_15554_,VSS,Metal1,196.4265,584.0230,0.002913
_15555_,VSS,Metal1,191.0130,584.1500,0.002913
_15556_,VSS,Metal1,194.5850,604.1985,0.003269
_15557_,VSS,Metal1,188.3500,604.3960,0.003259
_15558_,VSS,Metal1,207.6800,594.2700,0.003103
_15559_,VSS,Metal1,204.8200,605.4050,0.003294
_15560_,VSS,Metal1,206.1330,604.3100,0.003294
_15561_,VSS,Metal1,214.1100,604.3960,0.003313
_15562_,VSS,Metal1,214.3465,605.4165,0.003313
_15563_,VSS,Metal1,218.4530,595.2100,0.003106
_15564_,VSS,Metal1,219.7100,605.2035,0.003323
_15565_,VSS,Metal1,220.5065,624.3430,0.003407
_15566_,VSS,Metal1,215.0930,614.3900,0.003329
_15567_,VSS,Metal1,215.4665,624.3430,0.003409
_15568_,VSS,Metal1,212.5625,615.2835,0.003333
_15569_,VSS,Metal1,206.4025,624.5560,0.003409
_15570_,VSS,Metal1,210.9865,624.3430,0.003409
_15571_,VSS,Metal1,199.8400,624.5100,0.003419
_15572_,VSS,Metal1,109.7200,705.1500,0.003393
_15573_,VSS,Metal1,114.6375,705.1150,0.003385
_15574_,VSS,Metal1,118.0100,696.0625,0.003710
_15575_,VSS,Metal1,111.2900,696.0625,0.003710
_15576_,VSS,Metal1,117.5200,695.0700,0.003710
_15577_,VSS,Metal1,111.3065,694.9030,0.003710
_15578_,VSS,Metal1,110.1865,675.9765,0.003717
_15579_,VSS,Metal1,117.9975,685.9250,0.003587
_15580_,VSS,Metal1,109.5975,684.9550,0.003596
_15581_,VSS,Metal1,128.9800,684.9135,0.003576
_15582_,VSS,Metal1,121.8425,685.0360,0.003582
_15583_,VSS,Metal1,116.3800,684.9460,0.003587
_15584_,VSS,Metal1,82.0825,674.9560,0.003724
_15585_,VSS,Metal1,76.0265,684.8230,0.003617
_15586_,VSS,Metal1,81.9400,684.9135,0.003614
_15587_,VSS,Metal1,74.8025,665.6835,0.003549
_15588_,VSS,Metal1,68.7465,686.0565,0.003620
_15589_,VSS,Metal1,70.7400,675.8860,0.003725
_15590_,VSS,Metal1,47.4665,675.9765,0.003722
_15591_,VSS,Metal1,57.5800,674.8660,0.003726
_15592_,VSS,Metal1,89.4665,674.7430,0.003724
_15593_,VSS,Metal1,95.6600,675.8535,0.003718
_15594_,VSS,Metal1,112.4265,665.8965,0.003517
_15595_,VSS,Metal1,116.9400,674.8660,0.003702
_15596_,VSS,Metal1,62.0265,694.9030,0.003700
_15597_,VSS,Metal1,61.5000,685.9335,0.003620
_15598_,VSS,Metal1,90.3665,695.0280,0.003706
_15599_,VSS,Metal1,503.0600,916.7535,0.000451
_15600_,VSS,Metal1,238.8825,695.9235,0.003590
_15601_,VSS,Metal1,497.4600,826.0335,0.000875
_15602_,VSS,Metal1,502.4200,847.1710,0.000992
_15603_,VSS,Metal1,515.5225,837.0435,0.000895
_15604_,VSS,Metal1,502.9800,826.1085,0.000875
_15605_,VSS,Metal1,504.1800,817.0060,0.000906
_15606_,VSS,Metal1,499.7265,846.2280,0.000992
_15607_,VSS,Metal1,504.1000,877.4110,0.000655
_15608_,VSS,Metal1,504.9600,887.5660,0.000627
_15609_,VSS,Metal1,498.5800,877.4860,0.000655
_15610_,VSS,Metal1,508.8775,847.2050,0.000992
_15611_,VSS,Metal1,495.7800,856.3660,0.000813
_15612_,VSS,Metal1,504.8250,866.2785,0.000709
_15613_,VSS,Metal1,515.5225,857.2035,0.000813
_15614_,VSS,Metal1,500.4025,867.2835,0.000709
_15615_,VSS,Metal1,511.1465,866.2630,0.000709
_15616_,VSS,Metal1,505.5400,867.4850,0.000709
_15617_,VSS,Metal1,499.1400,866.3535,0.000709
_15618_,VSS,Metal1,503.2900,876.4175,0.000655
_15619_,VSS,Metal1,506.3475,916.8760,0.000451
_15620_,VSS,Metal1,510.9000,887.5660,0.000627
_15621_,VSS,Metal1,500.4025,897.5235,0.000570
_15622_,VSS,Metal1,505.4425,897.5235,0.000570
_15623_,VSS,Metal1,508.0900,927.8415,0.000386
_15624_,VSS,Metal1,515.5225,927.7635,0.000386
_15625_,VSS,Metal1,496.8275,927.7635,0.000386
_15626_,VSS,Metal1,502.7400,927.9650,0.000386
_15627_,VSS,Metal1,507.4675,947.1160,0.000224
_15628_,VSS,Metal1,508.6600,937.9660,0.000320
_15629_,VSS,Metal1,496.5800,926.7550,0.000386
_15630_,VSS,Metal1,355.4665,1089.2565,0.002920
_15631_,VSS,Metal1,369.2465,1088.1480,0.002872
_15632_,VSS,Metal1,396.1000,1088.1135,0.002762
_15633_,VSS,Metal1,390.0825,1098.3160,0.002541
_15634_,VSS,Metal1,383.7900,1078.1560,0.002642
_15635_,VSS,Metal1,378.7400,1078.0335,0.002743
_15636_,VSS,Metal1,384.4250,1079.1610,0.002642
_15637_,VSS,Metal1,376.7465,1089.2565,0.002763
_15638_,VSS,Metal1,391.8500,1079.1025,0.002625
_15639_,VSS,Metal1,410.2425,1088.2360,0.002717
_15640_,VSS,Metal1,403.6000,1078.0335,0.002583
_15641_,VSS,Metal1,440.0265,1077.9430,0.002418
_15642_,VSS,Metal1,433.7050,1077.9585,0.002420
_15643_,VSS,Metal1,448.9865,1088.0230,0.002653
_15644_,VSS,Metal1,431.2530,1098.2300,0.002314
_15645_,VSS,Metal1,442.5000,1088.1885,0.002654
_15646_,VSS,Metal1,436.6665,1098.1030,0.002299
_15647_,VSS,Metal1,422.5625,1089.0435,0.002655
_15648_,VSS,Metal1,424.3800,1079.0535,0.002487
_15649_,VSS,Metal1,351.3000,1089.1660,0.002926
_15650_,VSS,Metal1,356.5800,1088.0350,0.002920
_15651_,VSS,Metal1,343.0425,1078.1560,0.002752
_15652_,VSS,Metal1,344.0300,1089.0435,0.002926
_15653_,VSS,Metal1,247.3865,686.0565,0.003504
_15654_,VSS,Metal1,273.9475,695.9235,0.003565
_15655_,VSS,Metal1,270.1000,696.0460,0.003565
_15656_,VSS,Metal1,253.2200,685.8910,0.003492
_15657_,VSS,Metal1,251.6200,696.0460,0.003573
_15658_,VSS,Metal1,266.0230,684.9350,0.003322
_15659_,VSS,Metal1,261.1400,685.0060,0.003487
_15660_,VSS,Metal1,273.3800,684.9885,0.003311
_15661_,VSS,Metal1,279.3065,696.1365,0.003561
_15662_,VSS,Metal1,253.4425,675.7635,0.003540
_15663_,VSS,Metal1,272.9000,674.8335,0.003539
_15664_,VSS,Metal1,264.4275,665.6835,0.003425
_15665_,VSS,Metal1,270.0275,664.8760,0.003413
_15666_,VSS,Metal1,273.4600,655.7260,0.003283
_15667_,VSS,Metal1,258.3400,645.6460,0.003398
_15668_,VSS,Metal1,266.0200,655.6365,0.003299
_15669_,VSS,Metal1,254.6600,665.8850,0.003425
_15670_,VSS,Metal1,246.7225,674.9560,0.003546
_15671_,VSS,Metal1,243.4375,675.8450,0.003550
_15672_,VSS,Metal1,238.9800,664.6750,0.003426
_15673_,VSS,Metal1,231.0425,674.9560,0.003569
_15674_,VSS,Metal1,235.0665,694.9030,0.003597
_15675_,VSS,Metal1,245.1465,684.8230,0.003504
_15676_,VSS,Metal1,230.4825,695.1160,0.003608
_15677_,VSS,Metal1,233.7000,675.8860,0.003569
_15678_,VSS,Metal1,227.2200,675.9650,0.003572
_15679_,VSS,Metal1,61.5000,524.6535,0.001812
_15680_,VSS,Metal1,53.5225,523.7560,0.001811
_15681_,VSS,Metal1,67.6100,513.5335,0.001463
_15682_,VSS,Metal1,78.0830,523.6215,0.001813
_15683_,VSS,Metal1,78.5800,533.8060,0.001973
_15684_,VSS,Metal1,65.7100,543.9160,0.002144
_15685_,VSS,Metal1,10.8200,533.8060,0.001916
_15686_,VSS,Metal1,70.1800,534.7660,0.001973
_15687_,VSS,Metal1,49.1465,524.7765,0.001639
_15688_,VSS,Metal1,53.0600,533.6350,0.001964
_15689_,VSS,Metal1,58.4465,543.8280,0.002144
_15690_,VSS,Metal1,63.0425,494.3235,0.001409
_15691_,VSS,Metal1,76.4200,493.4260,0.001416
_15692_,VSS,Metal1,54.0825,484.2435,0.001674
_15693_,VSS,Metal1,58.7000,484.3375,0.001678
_15694_,VSS,Metal1,64.5000,473.3085,0.002204
_15695_,VSS,Metal1,70.3225,473.3560,0.002205
_15696_,VSS,Metal1,74.3800,463.1825,0.002652
_15697_,VSS,Metal1,61.2465,464.1715,0.002650
_15698_,VSS,Metal1,59.5400,474.2860,0.002202
_15699_,VSS,Metal1,54.3400,473.3230,0.002198
_15700_,VSS,Metal1,53.3900,474.1635,0.002198
_15701_,VSS,Metal1,69.6830,464.2180,0.002650
_15702_,VSS,Metal1,52.8465,464.1715,0.002649
_15703_,VSS,Metal1,70.4800,474.2100,0.002205
_15704_,VSS,Metal1,33.7700,454.0815,0.002965
_15705_,VSS,Metal1,39.0600,463.0750,0.002618
_15706_,VSS,Metal1,33.2830,473.2215,0.002162
_15707_,VSS,Metal1,22.0465,464.1715,0.002609
_15708_,VSS,Metal1,27.6100,483.3580,0.001639
_15709_,VSS,Metal1,32.2425,483.4360,0.001641
_15710_,VSS,Metal1,16.6600,474.3650,0.002153
_15711_,VSS,Metal1,28.8825,474.1635,0.002155
_15712_,VSS,Metal1,21.7400,474.2575,0.002153
_15713_,VSS,Metal1,52.6930,503.5100,0.001138
_15714_,VSS,Metal1,11.6265,484.4565,0.001643
_15715_,VSS,Metal1,30.8530,493.4300,0.001378
_15716_,VSS,Metal1,20.8200,483.3885,0.001642
_15717_,VSS,Metal1,19.4665,503.3830,0.001040
_15718_,VSS,Metal1,21.9400,484.2910,0.001642
_15719_,VSS,Metal1,16.1065,484.4565,0.001643
_15720_,VSS,Metal1,35.4600,474.2860,0.002162
_15721_,VSS,Metal1,52.1330,483.3500,0.001674
_15722_,VSS,Metal1,43.8600,483.4060,0.001667
_15723_,VSS,Metal1,76.0200,464.2850,0.002652
_15724_,VSS,Metal1,45.2265,474.3765,0.002170
_15725_,VSS,Metal1,41.1230,464.2180,0.002618
_15726_,VSS,Metal1,32.6865,464.1715,0.002610
_15727_,VSS,Metal1,46.9065,484.4565,0.001670
_15728_,VSS,Metal1,41.5400,493.4685,0.001403
_15729_,VSS,Metal1,41.3065,503.3830,0.001107
_15730_,VSS,Metal1,20.8200,533.7885,0.001916
_15731_,VSS,Metal1,11.0665,523.5430,0.001635
_15732_,VSS,Metal1,42.4100,533.6050,0.001928
_15733_,VSS,Metal1,29.7800,533.7885,0.001923
_15734_,VSS,Metal1,34.9630,514.6180,0.001353
_15735_,VSS,Metal1,28.8825,514.4835,0.001344
_15736_,VSS,Metal1,29.8600,513.5535,0.001344
_15737_,VSS,Metal1,15.7330,523.6700,0.001635
_15738_,VSS,Metal1,20.8200,534.6910,0.001916
_15739_,VSS,Metal1,14.9865,533.6230,0.001916
_15740_,VSS,Metal1,31.0400,534.7800,0.001923
_15741_,VSS,Metal1,27.3400,543.8225,0.002100
_15742_,VSS,Metal1,42.8825,534.6435,0.001928
_15743_,VSS,Metal1,36.4230,533.7350,0.001927
_15744_,VSS,Metal1,38.5000,534.8450,0.001928
_15745_,VSS,Metal1,33.1400,564.0285,0.002515
_15746_,VSS,Metal1,42.8825,564.8835,0.002525
_15747_,VSS,Metal1,39.3800,565.0060,0.002525
_15748_,VSS,Metal1,31.5665,564.9715,0.002515
_15749_,VSS,Metal1,15.1730,564.9700,0.002512
_15750_,VSS,Metal1,16.0900,574.0175,0.002696
_15751_,VSS,Metal1,21.9400,564.9310,0.002512
_15752_,VSS,Metal1,14.4265,584.0230,0.002893
_15753_,VSS,Metal1,30.9000,575.0110,0.002696
_15754_,VSS,Metal1,23.3865,585.2565,0.002893
_15755_,VSS,Metal1,40.7300,563.9375,0.002525
_15756_,VSS,Metal1,32.0200,553.9485,0.002324
_15757_,VSS,Metal1,39.2230,553.8950,0.002324
_15758_,VSS,Metal1,30.6600,544.9250,0.002106
_15759_,VSS,Metal1,16.3475,553.9960,0.002315
_15760_,VSS,Metal1,23.2250,553.7985,0.002315
_15761_,VSS,Metal1,10.5065,565.0965,0.002512
_15762_,VSS,Metal1,130.9400,654.7150,0.003419
_15763_,VSS,Metal1,478.4465,705.1080,0.002339
_15764_,VSS,Metal1,498.0465,765.5880,0.001263
_15765_,VSS,Metal1,440.3665,705.1080,0.002577
_15766_,VSS,Metal1,432.5265,684.9480,0.003021
_15767_,VSS,Metal1,402.8465,675.8515,0.003198
_15768_,VSS,Metal1,430.2865,665.7715,0.003276
_15769_,VSS,Metal1,414.0465,675.8515,0.003166
_15770_,VSS,Metal1,451.0065,674.8680,0.003133
_15771_,VSS,Metal1,347.4065,615.3715,0.003159
_15772_,VSS,Metal1,325.5665,614.3880,0.003188
_15773_,VSS,Metal1,316.0465,635.5315,0.003301
_15774_,VSS,Metal1,316.0465,624.4680,0.003308
_15775_,VSS,Metal1,384.3665,635.5315,0.003289
_15776_,VSS,Metal1,406.7665,664.7880,0.003298
_15777_,VSS,Metal1,412.9265,614.3880,0.003102
_15778_,VSS,Metal1,447.0865,624.4680,0.003162
_15779_,VSS,Metal1,453.2465,635.5315,0.003247
_15780_,VSS,Metal1,462.7665,615.3715,0.003077
_15781_,VSS,Metal1,451.0065,604.3080,0.003131
_15782_,VSS,Metal1,425.8065,625.4515,0.003179
_15783_,VSS,Metal1,423.5665,645.6115,0.003099
_15784_,VSS,Metal1,444.8465,644.6280,0.003066
_15785_,VSS,Metal1,430.2865,615.3715,0.003089
_15786_,VSS,Metal1,456.6065,644.6280,0.003065
_15787_,VSS,Metal1,131.2465,615.3715,0.003438
_15788_,VSS,Metal1,58.4465,605.2915,0.003239
_15789_,VSS,Metal1,38.2865,624.4680,0.003469
_15790_,VSS,Metal1,31.5665,595.2115,0.003089
_15791_,VSS,Metal1,82.5265,645.6115,0.003465
_15792_,VSS,Metal1,129.5665,644.6280,0.003441
_15793_,VSS,Metal1,38.2865,644.6280,0.003471
_15794_,VSS,Metal1,112.7665,605.2915,0.003261
_15795_,VSS,Metal1,131.8065,624.4680,0.003500
_15796_,VSS,Metal1,61.8065,634.5480,0.003437
_15797_,VSS,Metal1,27.6465,634.5480,0.003431
_15798_,VSS,Metal1,40.5265,605.2915,0.003220
_15799_,VSS,Metal1,80.2865,624.4680,0.003486
_15800_,VSS,Metal1,117.2465,654.7080,0.003494
_15801_,VSS,Metal1,26.5265,664.7880,0.003551
_15802_,VSS,Metal1,113.8865,604.3080,0.003261
_15803_,VSS,Metal1,126.2000,534.7000,0.001967
_15804_,VSS,Metal1,443.7265,634.5480,0.003274
_15805_,VSS,Metal1,445.4065,614.3880,0.003079
_15806_,VSS,Metal1,445.4065,605.2915,0.003136
_15807_,VSS,Metal1,414.0465,635.5315,0.003277
_15808_,VSS,Metal1,410.6865,645.6115,0.003108
_15809_,VSS,Metal1,434.2065,645.6115,0.003094
_15810_,VSS,Metal1,425.8065,605.2915,0.003180
_15811_,VSS,Metal1,444.2865,664.7880,0.003259
_15812_,VSS,Metal1,109.9665,635.5315,0.003425
_15813_,VSS,Metal1,52.2865,634.5480,0.003436
_15814_,VSS,Metal1,19.2465,634.5480,0.003439
_15815_,VSS,Metal1,21.4865,595.2115,0.003089
_15816_,VSS,Metal1,74.6865,625.4515,0.003484
_15817_,VSS,Metal1,98.7665,644.6280,0.003452
_15818_,VSS,Metal1,13.0865,654.7080,0.003487
_15819_,VSS,Metal1,90.9265,624.4680,0.003492
_15820_,VSS,Metal1,61.5000,554.8935,0.002362
_15821_,VSS,Metal1,63.6025,574.1560,0.002714
_15822_,VSS,Metal1,68.7465,585.2565,0.002915
_15823_,VSS,Metal1,56.4200,575.1650,0.002708
_15824_,VSS,Metal1,56.4265,583.9630,0.002914
_15825_,VSS,Metal1,57.5400,604.1950,0.003239
_15826_,VSS,Metal1,460.6425,493.5160,0.001243
_15827_,VSS,Metal1,461.3000,504.6050,0.000956
_15828_,VSS,Metal1,451.7800,503.3950,0.000960
_15829_,VSS,Metal1,473.6600,494.4135,0.001111
_15830_,VSS,Metal1,485.2825,483.4360,0.001502
_15831_,VSS,Metal1,479.6825,483.4360,0.001502
_15832_,VSS,Metal1,480.3800,494.4135,0.001094
_15833_,VSS,Metal1,472.7400,493.4685,0.001111
_15834_,VSS,Metal1,473.6600,484.3335,0.001512
_15835_,VSS,Metal1,118.9265,534.7315,0.001968
_15836_,VSS,Metal1,115.1225,523.7560,0.001793
_15837_,VSS,Metal1,126.8825,533.8360,0.001967
_15838_,VSS,Metal1,138.6425,504.4035,0.001148
_15839_,VSS,Metal1,128.0025,503.5960,0.001172
_15840_,VSS,Metal1,134.7225,504.4035,0.001170
_15841_,VSS,Metal1,81.5225,312.8835,0.006437
_15842_,VSS,Metal1,100.9800,323.0860,0.006209
_15843_,VSS,Metal1,90.3600,393.5800,0.004818
_15844_,VSS,Metal1,88.2425,372.5560,0.005334
_15845_,VSS,Metal1,82.6425,372.5560,0.005294
_15846_,VSS,Metal1,122.2800,353.2600,0.005568
_15847_,VSS,Metal1,117.9225,353.2035,0.005571
_15848_,VSS,Metal1,108.9625,363.2835,0.005288
_15849_,VSS,Metal1,92.1625,372.5560,0.005335
_15850_,VSS,Metal1,82.6425,362.4760,0.005314
_15851_,VSS,Metal1,78.7225,362.4760,0.005315
_15852_,VSS,Metal1,94.4025,422.9560,0.004034
_15853_,VSS,Metal1,129.5400,422.8335,0.004001
_15854_,VSS,Metal1,234.4765,432.9015,0.003550
_15855_,VSS,Metal1,125.1865,434.1165,0.003709
_15856_,VSS,Metal1,248.1875,484.2435,0.001682
_15857_,VSS,Metal1,259.1465,454.2165,0.002979
_15858_,VSS,Metal1,219.0675,454.0035,0.002987
_15859_,VSS,Metal1,268.0730,403.8830,0.004331
_15860_,VSS,Metal1,267.5600,444.2855,0.003295
_15861_,VSS,Metal1,270.1200,483.3800,0.001673
_15862_,VSS,Metal1,297.7700,474.3950,0.002111
_15863_,VSS,Metal1,798.7665,624.4680,0.003083
_15864_,VSS,Metal1,307.7625,474.1635,0.002105
_15865_,VSS,Metal1,301.1300,483.2050,0.001670
_15866_,VSS,Metal1,825.6465,594.2280,0.002976
_15867_,VSS,Metal1,727.6465,605.2915,0.003066
_15868_,VSS,Metal1,743.3265,575.0515,0.002691
_15869_,VSS,Metal1,363.0865,544.8115,0.002256
_15870_,VSS,Metal1,366.4465,513.5880,0.001464
_15871_,VSS,Metal1,302.0465,543.8280,0.002304
_15872_,VSS,Metal1,293.6465,503.5080,0.001052
_15873_,VSS,Metal1,425.8065,524.6515,0.001613
_15874_,VSS,Metal1,433.6465,584.1480,0.002940
_15875_,VSS,Metal1,435.3265,564.9715,0.002612
_15876_,VSS,Metal1,801.0065,605.2915,0.003068
_15877_,VSS,Metal1,781.9665,575.0515,0.002694
_15878_,VSS,Metal1,781.4065,553.9080,0.002348
_15879_,VSS,Metal1,747.2465,533.7480,0.001918
_15880_,VSS,Metal1,765.7265,605.2915,0.003068
_15881_,VSS,Metal1,779.7265,604.3080,0.003068
_15882_,VSS,Metal1,801.0065,574.0680,0.002661
_15883_,VSS,Metal1,803.2465,553.9080,0.002324
_15884_,VSS,Metal1,371.4865,544.8115,0.002256
_15885_,VSS,Metal1,355.2465,513.5880,0.001459
_15886_,VSS,Metal1,276.8465,543.8280,0.002388
_15887_,VSS,Metal1,296.4465,484.3315,0.001670
_15888_,VSS,Metal1,429.7265,513.5880,0.001441
_15889_,VSS,Metal1,444.2865,584.1480,0.002940
_15890_,VSS,Metal1,433.6465,553.9080,0.002386
_15891_,VSS,Metal1,835.1665,594.2280,0.002976
_15892_,VSS,Metal1,776.3665,564.9715,0.002551
_15893_,VSS,Metal1,776.3665,534.7315,0.001907
_15894_,VSS,Metal1,756.7665,533.7480,0.001918
_15895_,VSS,Metal1,737.1665,585.1315,0.003137
_15896_,VSS,Metal1,821.7265,575.0515,0.002687
_15897_,VSS,Metal1,797.0865,564.9715,0.002520
_15898_,VSS,Metal1,806.0465,534.7315,0.001904
_15899_,VSS,Metal1,316.6065,504.4915,0.001003
_15900_,VSS,Metal1,279.6465,564.9715,0.002598
_15901_,VSS,Metal1,338.4465,503.5080,0.000984
_15902_,VSS,Metal1,286.3665,523.6680,0.001722
_15903_,VSS,Metal1,394.4465,513.5880,0.001474
_15904_,VSS,Metal1,451.0065,544.8115,0.002237
_15905_,VSS,Metal1,384.3665,524.6515,0.001658
_15906_,VSS,Metal1,464.4465,575.0515,0.002675
_15907_,VSS,Metal1,503.0865,594.2280,0.002940
_15908_,VSS,Metal1,629.6465,513.5880,0.001285
_15909_,VSS,Metal1,668.8465,563.9880,0.002659
_15910_,VSS,Metal1,648.1265,574.0680,0.002651
_15911_,VSS,Metal1,740.5265,554.8915,0.002360
_15912_,VSS,Metal1,721.4865,575.0515,0.002689
_15913_,VSS,Metal1,759.0065,575.0515,0.002693
_15914_,VSS,Metal1,307.6465,503.5080,0.001011
_15915_,VSS,Metal1,276.8465,553.9080,0.002388
_15916_,VSS,Metal1,345.1665,504.4915,0.000989
_15917_,VSS,Metal1,276.8465,523.6680,0.001722
_15918_,VSS,Metal1,394.4465,503.5080,0.000984
_15919_,VSS,Metal1,462.7665,534.7315,0.001856
_15920_,VSS,Metal1,384.3665,514.5715,0.001466
_15921_,VSS,Metal1,482.3665,523.6680,0.001585
_15922_,VSS,Metal1,531.6465,575.0515,0.002678
_15923_,VSS,Metal1,631.3265,494.4115,0.001096
_15924_,VSS,Metal1,680.6065,553.9080,0.002360
_15925_,VSS,Metal1,648.1265,554.8915,0.002351
_15926_,VSS,Metal1,737.1665,544.8115,0.002180
_15927_,VSS,Metal1,724.8465,564.9715,0.002654
_15928_,VSS,Metal1,835.1665,563.9880,0.002556
_15929_,VSS,Metal1,237.8375,453.1150,0.002979
_15930_,VSS,Metal1,233.7000,443.9535,0.003309
_15931_,VSS,Metal1,219.9465,444.1365,0.003315
_15932_,VSS,Metal1,232.5075,433.8435,0.003554
_15933_,VSS,Metal1,258.4825,483.4360,0.001681
_15934_,VSS,Metal1,259.4600,443.9535,0.003295
_15935_,VSS,Metal1,233.0675,443.1160,0.003309
_15936_,VSS,Metal1,248.2930,434.0490,0.003539
_15937_,VSS,Metal1,285.1165,474.4080,0.002161
_15938_,VSS,Metal1,259.4700,423.7635,0.003932
_15939_,VSS,Metal1,309.5400,452.9950,0.002940
_15940_,VSS,Metal1,279.6200,412.7535,0.004097
_15941_,VSS,Metal1,264.4275,483.4360,0.001676
_15942_,VSS,Metal1,214.3130,462.9965,0.002595
_15943_,VSS,Metal1,272.6000,474.5255,0.002161
_15944_,VSS,Metal1,292.7050,464.3230,0.002568
_15945_,VSS,Metal1,277.8675,352.3960,0.005300
_15946_,VSS,Metal1,112.2530,453.1100,0.003013
_15947_,VSS,Metal1,148.6065,443.0280,0.003406
_15948_,VSS,Metal1,296.2000,453.1500,0.002978
_15949_,VSS,Metal1,313.0130,464.3265,0.002561
_15950_,VSS,Metal1,323.8800,493.4600,0.001355
_15951_,VSS,Metal1,153.6465,444.0115,0.003402
_15952_,VSS,Metal1,158.1265,453.1080,0.003003
_15953_,VSS,Metal1,238.5830,444.0250,0.003302
_15954_,VSS,Metal1,288.8200,452.9950,0.002978
_15955_,VSS,Metal1,285.2200,453.0735,0.002978
_15956_,VSS,Metal1,292.1865,473.1430,0.002114
_15957_,VSS,Metal1,291.3700,444.0015,0.003245
_15958_,VSS,Metal1,306.7465,464.2965,0.002563
_15959_,VSS,Metal1,312.2425,483.4360,0.001664
_15960_,VSS,Metal1,316.4135,453.0530,0.002928
_15961_,VSS,Metal1,305.3800,433.9660,0.003526
_15962_,VSS,Metal1,318.0655,444.1600,0.003205
_15963_,VSS,Metal1,302.0200,453.2200,0.002951
_15964_,VSS,Metal1,151.4065,413.7715,0.004323
_15965_,VSS,Metal1,272.0265,363.4965,0.005144
_15966_,VSS,Metal1,269.9400,473.3230,0.002161
_15967_,VSS,Metal1,273.5400,443.0260,0.003294
_15968_,VSS,Metal1,297.7565,442.9815,0.003232
_15969_,VSS,Metal1,299.8265,432.6510,0.003526
_15970_,VSS,Metal1,294.8130,402.7100,0.004301
_15971_,VSS,Metal1,153.6465,412.7880,0.004323
_15972_,VSS,Metal1,278.7465,372.3430,0.004761
_15973_,VSS,Metal1,294.2600,403.6935,0.004301
_15974_,VSS,Metal1,290.5400,393.6050,0.004586
_15975_,VSS,Metal1,300.3400,362.4305,0.005111
_15976_,VSS,Metal1,297.8800,433.8900,0.003526
_15977_,VSS,Metal1,310.7730,402.5530,0.004254
_15978_,VSS,Metal1,266.7600,342.2600,0.005377
_15979_,VSS,Metal1,287.6730,412.5965,0.004095
_15980_,VSS,Metal1,257.7800,433.8890,0.003532
_15981_,VSS,Metal1,212.6500,432.8935,0.003591
_15982_,VSS,Metal1,284.0275,473.3560,0.002161
_15983_,VSS,Metal1,194.3335,444.0665,0.003324
_15984_,VSS,Metal1,238.6130,432.9500,0.003548
_15985_,VSS,Metal1,246.0400,432.9100,0.003539
_15986_,VSS,Metal1,238.4400,454.2990,0.002979
_15987_,VSS,Metal1,277.0500,444.0660,0.003257
_15988_,VSS,Metal1,261.7330,442.9105,0.003295
_15989_,VSS,Metal1,265.8500,464.2225,0.002580
_15990_,VSS,Metal1,284.9000,463.0750,0.002569
_15991_,VSS,Metal1,260.5240,463.0110,0.002581
_15992_,VSS,Metal1,266.8995,432.7915,0.003531
_15993_,VSS,Metal1,260.6530,422.8700,0.003932
_15994_,VSS,Metal1,287.6730,442.8365,0.003245
_15995_,VSS,Metal1,289.6275,352.3960,0.005273
_15996_,VSS,Metal1,344.4135,343.2665,0.005127
_15997_,VSS,Metal1,318.2600,301.8735,0.006151
_15998_,VSS,Metal1,303.3865,333.2565,0.005403
_15999_,VSS,Metal1,346.0610,363.3540,0.005049
_16000_,VSS,Metal1,328.0800,342.2700,0.005216
_16001_,VSS,Metal1,120.0465,372.4680,0.005337
_16002_,VSS,Metal1,384.3665,352.3080,0.005117
_16003_,VSS,Metal1,340.5875,352.3960,0.005166
_16004_,VSS,Metal1,338.4400,362.3500,0.005059
_16005_,VSS,Metal1,333.3800,342.1935,0.005216
_16006_,VSS,Metal1,337.4425,393.5235,0.004522
_16007_,VSS,Metal1,181.6465,392.6280,0.004751
_16008_,VSS,Metal1,381.0065,402.7080,0.004205
_16009_,VSS,Metal1,336.9800,434.0450,0.003518
_16010_,VSS,Metal1,330.4530,422.8700,0.003842
_16011_,VSS,Metal1,362.7800,422.8625,0.003760
_16012_,VSS,Metal1,346.8465,373.4515,0.004726
_16013_,VSS,Metal1,291.5225,282.6435,0.006545
_16014_,VSS,Metal1,162.0465,373.4515,0.005299
_16015_,VSS,Metal1,300.3665,352.3080,0.005243
_16016_,VSS,Metal1,304.5000,282.8450,0.006501
_16017_,VSS,Metal1,298.5330,291.8300,0.006299
_16018_,VSS,Metal1,296.1400,282.7375,0.006537
_16019_,VSS,Metal1,294.7665,281.7480,0.006537
_16020_,VSS,Metal1,157.5665,393.6115,0.004784
_16021_,VSS,Metal1,305.9665,373.4515,0.004737
_16022_,VSS,Metal1,285.4600,352.1950,0.005275
_16023_,VSS,Metal1,273.6025,352.3960,0.005323
_16024_,VSS,Metal1,277.6600,373.4575,0.004761
_16025_,VSS,Metal1,285.7800,362.3535,0.005121
_16026_,VSS,Metal1,291.9665,362.3880,0.005121
_16027_,VSS,Metal1,401.2825,422.9560,0.003747
_16028_,VSS,Metal1,74.1265,383.5315,0.005021
_16029_,VSS,Metal1,423.5665,393.6115,0.004368
_16030_,VSS,Metal1,384.0200,413.8850,0.004051
_16031_,VSS,Metal1,394.8530,403.6900,0.004191
_16032_,VSS,Metal1,385.1800,423.8575,0.003748
_16033_,VSS,Metal1,406.7665,413.7715,0.004048
_16034_,VSS,Metal1,411.9225,372.5560,0.004617
_16035_,VSS,Metal1,169.3265,382.5480,0.005002
_16036_,VSS,Metal1,414.0465,393.6115,0.004370
_16037_,VSS,Metal1,422.1000,373.5650,0.004603
_16038_,VSS,Metal1,421.7330,363.3700,0.004611
_16039_,VSS,Metal1,424.9400,372.4625,0.004603
_16040_,VSS,Metal1,418.5265,372.4680,0.004610
_16041_,VSS,Metal1,79.7265,393.6115,0.004833
_16042_,VSS,Metal1,457.1665,412.7880,0.003908
_16043_,VSS,Metal1,450.1000,412.6750,0.003908
_16044_,VSS,Metal1,445.2530,403.6900,0.004108
_16045_,VSS,Metal1,440.4825,403.6035,0.004111
_16046_,VSS,Metal1,450.7000,403.6975,0.004100
_16047_,VSS,Metal1,449.8865,402.7080,0.004100
_16048_,VSS,Metal1,788.2425,261.6760,0.006352
_16049_,VSS,Metal1,73.5665,392.6280,0.004838
_16050_,VSS,Metal1,276.6130,422.7130,0.003908
_16051_,VSS,Metal1,661.5400,402.6735,0.004118
_16052_,VSS,Metal1,795.8130,252.4900,0.006514
_16053_,VSS,Metal1,804.5800,261.4750,0.006382
_16054_,VSS,Metal1,797.3400,261.5825,0.006353
_16055_,VSS,Metal1,806.0465,252.4915,0.006535
_16056_,VSS,Metal1,737.8425,342.3160,0.004941
_16057_,VSS,Metal1,703.5400,463.1535,0.002385
_16058_,VSS,Metal1,737.3800,333.2450,0.005245
_16059_,VSS,Metal1,739.8130,332.1500,0.005246
_16060_,VSS,Metal1,742.4600,342.2225,0.004960
_16061_,VSS,Metal1,747.2465,332.1480,0.005253
_16062_,VSS,Metal1,720.2130,383.5300,0.004611
_16063_,VSS,Metal1,690.6600,514.6060,0.001384
_16064_,VSS,Metal1,725.6200,373.5650,0.004553
_16065_,VSS,Metal1,719.3625,392.7160,0.004218
_16066_,VSS,Metal1,723.9800,392.6225,0.004218
_16067_,VSS,Metal1,727.6465,383.5315,0.004626
_16068_,VSS,Metal1,729.7330,412.7900,0.003832
_16069_,VSS,Metal1,692.3400,523.6335,0.001701
_16070_,VSS,Metal1,731.7800,432.8350,0.003309
_16071_,VSS,Metal1,722.7225,413.6835,0.003832
_16072_,VSS,Metal1,727.3400,413.7775,0.003832
_16073_,VSS,Metal1,737.1665,413.7715,0.003837
_16074_,VSS,Metal1,663.7800,513.5535,0.001310
_16075_,VSS,Metal1,657.8600,413.8850,0.003766
_16076_,VSS,Metal1,664.7730,403.6900,0.004123
_16077_,VSS,Metal1,655.5225,412.8760,0.003766
_16078_,VSS,Metal1,660.1400,412.7825,0.003766
_16079_,VSS,Metal1,668.8465,412.7880,0.003775
_16080_,VSS,Metal1,794.4025,402.7960,0.004174
_16081_,VSS,Metal1,697.9400,523.6335,0.001738
_16082_,VSS,Metal1,787.7800,402.5950,0.004270
_16083_,VSS,Metal1,795.2530,403.6900,0.004175
_16084_,VSS,Metal1,796.2200,393.6175,0.004320
_16085_,VSS,Metal1,804.9265,393.6115,0.004356
_16086_,VSS,Metal1,697.3800,514.6060,0.001386
_16087_,VSS,Metal1,775.4600,422.7550,0.003622
_16088_,VSS,Metal1,761.0930,413.7700,0.003860
_16089_,VSS,Metal1,764.7225,412.8760,0.003863
_16090_,VSS,Metal1,766.5400,413.7775,0.003863
_16091_,VSS,Metal1,776.3665,413.7715,0.003867
_16092_,VSS,Metal1,787.4130,362.3900,0.004827
_16093_,VSS,Metal1,681.7000,393.6460,0.004125
_16094_,VSS,Metal1,787.7800,372.3550,0.004668
_16095_,VSS,Metal1,782.6425,362.4760,0.004818
_16096_,VSS,Metal1,783.3400,363.3775,0.004818
_16097_,VSS,Metal1,796.5265,372.4680,0.004683
_16098_,VSS,Metal1,702.9800,514.6060,0.001388
_16099_,VSS,Metal1,796.7400,412.6750,0.003888
_16100_,VSS,Metal1,796.3730,413.7700,0.003887
_16101_,VSS,Metal1,791.6025,413.6835,0.003878
_16102_,VSS,Metal1,795.6600,422.8625,0.003622
_16103_,VSS,Metal1,806.0465,423.8515,0.003642
_16104_,VSS,Metal1,316.0200,432.9905,0.003518
_16105_,VSS,Metal1,308.2530,392.6300,0.004549
_16106_,VSS,Metal1,281.5200,434.0550,0.003531
_16107_,VSS,Metal1,257.3000,403.6935,0.004336
_16108_,VSS,Metal1,393.5130,291.6365,0.006149
_16109_,VSS,Metal1,361.5225,363.2835,0.004643
_16110_,VSS,Metal1,293.3065,474.3765,0.002114
_16111_,VSS,Metal1,264.6425,423.7635,0.003922
_16112_,VSS,Metal1,323.7565,333.2880,0.005392
_16113_,VSS,Metal1,339.5400,231.3135,0.006451
_16114_,VSS,Metal1,298.3165,353.3380,0.005244
_16115_,VSS,Metal1,393.6610,352.3255,0.005114
_16116_,VSS,Metal1,355.3625,353.2035,0.005150
_16117_,VSS,Metal1,352.0800,353.3260,0.005150
_16118_,VSS,Metal1,349.2025,343.1235,0.005125
_16119_,VSS,Metal1,355.4400,362.3535,0.005035
_16120_,VSS,Metal1,335.6465,353.2915,0.005202
_16121_,VSS,Metal1,368.0275,383.4435,0.004699
_16122_,VSS,Metal1,388.1330,403.6900,0.004195
_16123_,VSS,Metal1,374.1030,393.6250,0.004515
_16124_,VSS,Metal1,385.7065,392.5030,0.004514
_16125_,VSS,Metal1,373.4200,383.5375,0.004688
_16126_,VSS,Metal1,308.6675,271.7560,0.006600
_16127_,VSS,Metal1,315.7600,271.7100,0.006600
_16128_,VSS,Metal1,314.7430,281.7350,0.006483
_16129_,VSS,Metal1,309.5465,281.6230,0.006490
_16130_,VSS,Metal1,312.9400,282.7375,0.006483
_16131_,VSS,Metal1,294.4200,352.1950,0.005255
_16132_,VSS,Metal1,315.1800,372.4625,0.004729
_16133_,VSS,Metal1,303.2825,353.2035,0.005241
_16134_,VSS,Metal1,308.1800,333.1660,0.005403
_16135_,VSS,Metal1,304.2865,342.2280,0.005272
_16136_,VSS,Metal1,393.5465,393.7365,0.004420
_16137_,VSS,Metal1,405.4630,392.6150,0.004382
_16138_,VSS,Metal1,411.4665,392.5030,0.004370
_16139_,VSS,Metal1,398.7430,393.6250,0.004418
_16140_,VSS,Metal1,408.4465,403.6915,0.004175
_16141_,VSS,Metal1,399.1465,343.3365,0.004907
_16142_,VSS,Metal1,406.5830,352.2950,0.005071
_16143_,VSS,Metal1,414.2665,353.4165,0.005043
_16144_,VSS,Metal1,408.2630,353.3050,0.005070
_16145_,VSS,Metal1,403.9665,342.2280,0.004894
_16146_,VSS,Metal1,433.3065,393.7365,0.004111
_16147_,VSS,Metal1,441.8630,402.6950,0.004111
_16148_,VSS,Metal1,437.7865,393.7365,0.004108
_16149_,VSS,Metal1,434.0230,392.6150,0.004111
_16150_,VSS,Metal1,443.1665,392.6280,0.004102
_16151_,VSS,Metal1,711.0600,242.5250,0.006262
_16152_,VSS,Metal1,703.8200,242.4175,0.006259
_16153_,VSS,Metal1,704.2425,251.5960,0.006485
_16154_,VSS,Metal1,710.2600,251.4735,0.006489
_16155_,VSS,Metal1,719.8065,242.4115,0.006307
_16156_,VSS,Metal1,693.9475,332.2360,0.005143
_16157_,VSS,Metal1,695.3865,352.1830,0.004541
_16158_,VSS,Metal1,706.0600,343.2175,0.004738
_16159_,VSS,Metal1,703.2200,352.1950,0.004585
_16160_,VSS,Metal1,695.9800,343.2175,0.004738
_16161_,VSS,Metal1,702.0025,383.4435,0.004545
_16162_,VSS,Metal1,690.9000,382.4350,0.004527
_16163_,VSS,Metal1,688.1400,373.4575,0.004428
_16164_,VSS,Metal1,698.5000,383.5660,0.004545
_16165_,VSS,Metal1,702.4465,373.4515,0.004484
_16166_,VSS,Metal1,709.8425,422.9560,0.003588
_16167_,VSS,Metal1,707.1400,412.6750,0.003812
_16168_,VSS,Metal1,703.8200,422.8625,0.003577
_16169_,VSS,Metal1,710.2600,432.9135,0.003284
_16170_,VSS,Metal1,725.9665,423.8515,0.003589
_16171_,VSS,Metal1,672.8825,403.6035,0.004143
_16172_,VSS,Metal1,681.9200,413.8060,0.003777
_16173_,VSS,Metal1,685.2025,403.6035,0.004183
_16174_,VSS,Metal1,679.1200,402.6735,0.004166
_16175_,VSS,Metal1,679.4865,403.6915,0.004166
_16176_,VSS,Metal1,701.4425,403.6035,0.004214
_16177_,VSS,Metal1,706.5600,402.6735,0.004230
_16178_,VSS,Metal1,712.0825,393.5235,0.004188
_16179_,VSS,Metal1,708.2400,393.6460,0.004179
_16180_,VSS,Metal1,722.0465,393.6115,0.004218
_16181_,VSS,Metal1,713.7625,413.6835,0.003816
_16182_,VSS,Metal1,698.7400,422.7550,0.003570
_16183_,VSS,Metal1,702.1400,413.7775,0.003805
_16184_,VSS,Metal1,710.2600,413.8060,0.003813
_16185_,VSS,Metal1,717.5665,432.9480,0.003310
_16186_,VSS,Metal1,681.8425,363.2835,0.004404
_16187_,VSS,Metal1,687.5200,353.3260,0.004527
_16188_,VSS,Metal1,695.2825,363.2835,0.004423
_16189_,VSS,Metal1,688.0800,372.4335,0.004428
_16190_,VSS,Metal1,688.4465,363.3715,0.004423
_16191_,VSS,Metal1,686.1075,392.7160,0.004137
_16192_,VSS,Metal1,694.2665,402.5830,0.004212
_16193_,VSS,Metal1,706.0600,403.6975,0.004230
_16194_,VSS,Metal1,699.3000,402.5950,0.004214
_16195_,VSS,Metal1,695.9800,393.6175,0.004161
_16196_,VSS,Metal1,316.8100,483.2050,0.001664
_16197_,VSS,Metal1,313.8130,422.7505,0.003843
_16198_,VSS,Metal1,322.9600,423.9750,0.003842
_16199_,VSS,Metal1,324.8135,422.8130,0.003842
_16200_,VSS,Metal1,340.1265,332.1480,0.005288
_16201_,VSS,Metal1,331.7265,332.1480,0.005310
_16202_,VSS,Metal1,360.8465,383.5315,0.004730
_16203_,VSS,Metal1,355.2465,372.4680,0.004708
_16204_,VSS,Metal1,295.3265,271.6680,0.006648
_16205_,VSS,Metal1,286.3665,271.6680,0.006648
_16206_,VSS,Metal1,288.0465,353.2915,0.005274
_16207_,VSS,Metal1,278.5265,353.2915,0.005300
_16208_,VSS,Metal1,426.9265,413.7715,0.003953
_16209_,VSS,Metal1,423.5665,423.8515,0.003714
_16210_,VSS,Metal1,423.5665,353.2915,0.005042
_16211_,VSS,Metal1,412.3665,342.2280,0.004893
_16212_,VSS,Metal1,448.7665,383.5315,0.004569
_16213_,VSS,Metal1,433.6465,382.5480,0.004572
_16214_,VSS,Metal1,820.0465,251.5080,0.006541
_16215_,VSS,Metal1,815.5665,242.4115,0.006595
_16216_,VSS,Metal1,798.2065,343.2115,0.005061
_16217_,VSS,Metal1,795.9665,342.2280,0.005061
_16218_,VSS,Metal1,751.1665,393.6115,0.004267
_16219_,VSS,Metal1,747.8065,383.5315,0.004675
_16220_,VSS,Metal1,741.6465,433.9315,0.003308
_16221_,VSS,Metal1,754.5265,423.8515,0.003615
_16222_,VSS,Metal1,649.8065,412.7880,0.003761
_16223_,VSS,Metal1,639.7265,432.9480,0.003219
_16224_,VSS,Metal1,806.0465,403.6915,0.004183
_16225_,VSS,Metal1,815.5665,403.6915,0.004187
_16226_,VSS,Metal1,768.5265,422.8680,0.003620
_16227_,VSS,Metal1,766.2865,423.8515,0.003620
_16228_,VSS,Metal1,816.1265,362.3880,0.004852
_16229_,VSS,Metal1,805.4865,372.4680,0.004714
_16230_,VSS,Metal1,816.1265,423.8515,0.003642
_16231_,VSS,Metal1,815.5665,433.9315,0.003301
_16232_,VSS,Metal1,316.4530,443.0300,0.003205
_16233_,VSS,Metal1,306.1700,473.1250,0.002105
_16234_,VSS,Metal1,248.0610,463.2055,0.002587
_16235_,VSS,Metal1,373.3700,412.6450,0.004058
_16236_,VSS,Metal1,336.3065,432.7630,0.003518
_16237_,VSS,Metal1,358.7225,363.2835,0.005025
_16238_,VSS,Metal1,374.4025,352.3960,0.005143
_16239_,VSS,Metal1,359.8425,343.1235,0.005077
_16240_,VSS,Metal1,364.7665,352.3080,0.005143
_16241_,VSS,Metal1,358.1625,464.0835,0.002525
_16242_,VSS,Metal1,355.3625,392.7160,0.004522
_16243_,VSS,Metal1,316.1625,402.7960,0.004254
_16244_,VSS,Metal1,360.8465,393.6115,0.004518
_16245_,VSS,Metal1,290.9625,292.7235,0.006340
_16246_,VSS,Metal1,294.8825,292.7235,0.006315
_16247_,VSS,Metal1,287.6025,301.9960,0.006195
_16248_,VSS,Metal1,286.3665,291.8280,0.006352
_16249_,VSS,Metal1,279.2025,392.7160,0.004604
_16250_,VSS,Metal1,279.7625,343.1235,0.005360
_16251_,VSS,Metal1,231.0425,392.7160,0.004635
_16252_,VSS,Metal1,266.2065,393.6115,0.004605
_16253_,VSS,Metal1,435.3265,423.8515,0.003714
_16254_,VSS,Metal1,433.6465,412.7880,0.003940
_16255_,VSS,Metal1,423.5665,343.2115,0.004840
_16256_,VSS,Metal1,420.7665,342.2280,0.004841
_16257_,VSS,Metal1,472.9625,402.7960,0.004056
_16258_,VSS,Metal1,481.3625,402.7960,0.004007
_16259_,VSS,Metal1,473.5225,403.6035,0.004056
_16260_,VSS,Metal1,466.1265,403.6915,0.004080
_16261_,VSS,Metal1,826.3225,282.6435,0.006346
_16262_,VSS,Metal1,832.4825,281.8360,0.006364
_16263_,VSS,Metal1,827.4425,291.9160,0.006185
_16264_,VSS,Metal1,825.6465,281.7480,0.006346
_16265_,VSS,Metal1,770.8825,352.3960,0.004770
_16266_,VSS,Metal1,773.6825,343.1235,0.005056
_16267_,VSS,Metal1,777.6025,343.1235,0.005056
_16268_,VSS,Metal1,776.3665,333.1315,0.005322
_16269_,VSS,Metal1,779.8425,402.7960,0.004284
_16270_,VSS,Metal1,782.0825,504.4035,0.000966
_16271_,VSS,Metal1,782.0825,393.5235,0.004281
_16272_,VSS,Metal1,781.9665,392.6280,0.004281
_16273_,VSS,Metal1,733.3625,533.8360,0.001920
_16274_,VSS,Metal1,721.0425,513.6760,0.001396
_16275_,VSS,Metal1,741.7625,523.7560,0.001763
_16276_,VSS,Metal1,739.4065,504.4915,0.000967
_16277_,VSS,Metal1,691.9225,513.6760,0.001384
_16278_,VSS,Metal1,684.0825,514.4835,0.001380
_16279_,VSS,Metal1,695.2825,504.4035,0.000963
_16280_,VSS,Metal1,686.2065,504.4915,0.000961
_16281_,VSS,Metal1,819.0425,523.7560,0.001777
_16282_,VSS,Metal1,816.2425,524.5635,0.001769
_16283_,VSS,Metal1,821.8425,533.8360,0.001932
_16284_,VSS,Metal1,825.6465,523.6680,0.001783
_16285_,VSS,Metal1,766.4025,454.0035,0.002704
_16286_,VSS,Metal1,782.6425,523.7560,0.001737
_16287_,VSS,Metal1,765.1500,453.1960,0.002703
_16288_,VSS,Metal1,768.0030,444.0580,0.003075
_16289_,VSS,Metal1,815.6825,383.4435,0.004952
_16290_,VSS,Metal1,820.7225,392.7160,0.004435
_16291_,VSS,Metal1,819.6025,383.4435,0.004962
_16292_,VSS,Metal1,815.5665,372.4680,0.004749
_16293_,VSS,Metal1,815.1225,523.7560,0.001769
_16294_,VSS,Metal1,832.4825,513.6760,0.001390
_16295_,VSS,Metal1,817.3625,514.4835,0.001381
_16296_,VSS,Metal1,825.6465,513.5880,0.001390
_16297_,VSS,Metal1,274.8265,452.9230,0.002978
_16298_,VSS,Metal1,261.3565,412.7415,0.004102
_16299_,VSS,Metal1,267.1010,383.5140,0.004958
_16300_,VSS,Metal1,325.2265,473.1430,0.002085
_16301_,VSS,Metal1,318.7475,464.0835,0.002560
_16302_,VSS,Metal1,312.5330,382.5055,0.004753
_16303_,VSS,Metal1,387.7265,333.1315,0.005151
_16304_,VSS,Metal1,386.6065,342.2280,0.004985
_16305_,VSS,Metal1,368.6865,474.2515,0.002081
_16306_,VSS,Metal1,365.8865,473.2680,0.002081
_16307_,VSS,Metal1,208.5265,301.9080,0.006334
_16308_,VSS,Metal1,198.4465,301.9080,0.006335
_16309_,VSS,Metal1,209.0865,412.7880,0.004178
_16310_,VSS,Metal1,198.4465,402.7080,0.004412
_16311_,VSS,Metal1,391.0865,444.0115,0.003177
_16312_,VSS,Metal1,382.1265,453.1080,0.002882
_16313_,VSS,Metal1,476.7665,302.8915,0.005712
_16314_,VSS,Metal1,468.3665,302.8915,0.005712
_16315_,VSS,Metal1,487.4065,392.6280,0.004036
_16316_,VSS,Metal1,484.0465,403.6915,0.004007
_16317_,VSS,Metal1,878.8465,282.7315,0.006417
_16318_,VSS,Metal1,875.4865,272.6515,0.006419
_16319_,VSS,Metal1,775.2465,281.7480,0.006216
_16320_,VSS,Metal1,763.4865,271.6680,0.006280
_16321_,VSS,Metal1,776.9265,503.5080,0.000969
_16322_,VSS,Metal1,765.1665,493.4280,0.001178
_16323_,VSS,Metal1,747.2465,513.5880,0.001396
_16324_,VSS,Metal1,736.0465,503.5080,0.000967
_16325_,VSS,Metal1,643.6465,463.1880,0.002313
_16326_,VSS,Metal1,642.5265,474.2515,0.001942
_16327_,VSS,Metal1,881.6465,504.4915,0.000993
_16328_,VSS,Metal1,876.0465,503.5080,0.000993
_16329_,VSS,Metal1,804.3665,513.5880,0.001364
_16330_,VSS,Metal1,795.9665,513.5880,0.001360
_16331_,VSS,Metal1,880.5265,373.4515,0.004970
_16332_,VSS,Metal1,880.5265,383.5315,0.005000
_16333_,VSS,Metal1,884.4465,514.5715,0.001425
_16334_,VSS,Metal1,873.2465,504.4915,0.000993
_16335_,VSS,Metal1,233.5010,363.3540,0.005223
_16336_,VSS,Metal1,296.8530,382.5055,0.004826
_16337_,VSS,Metal1,390.5265,311.9880,0.006061
_16338_,VSS,Metal1,387.1665,301.9080,0.005957
_16339_,VSS,Metal1,364.7665,493.4280,0.001346
_16340_,VSS,Metal1,360.8465,494.4115,0.001348
_16341_,VSS,Metal1,216.9265,301.9080,0.006310
_16342_,VSS,Metal1,207.9665,291.8280,0.006453
_16343_,VSS,Metal1,210.7665,402.7080,0.004412
_16344_,VSS,Metal1,209.0865,392.6280,0.004702
_16345_,VSS,Metal1,392.7665,464.1715,0.002517
_16346_,VSS,Metal1,390.5265,453.1080,0.002882
_16347_,VSS,Metal1,472.8465,291.8280,0.005948
_16348_,VSS,Metal1,464.4465,291.8280,0.005948
_16349_,VSS,Metal1,470.6065,393.6115,0.004043
_16350_,VSS,Metal1,472.8465,392.6280,0.004043
_16351_,VSS,Metal1,866.5265,282.7315,0.006406
_16352_,VSS,Metal1,862.6065,272.6515,0.006405
_16353_,VSS,Metal1,762.9265,272.6515,0.006280
_16354_,VSS,Metal1,759.0065,291.8280,0.006150
_16355_,VSS,Metal1,776.3665,504.4915,0.000969
_16356_,VSS,Metal1,764.0465,494.4115,0.001178
_16357_,VSS,Metal1,737.1665,524.6515,0.001767
_16358_,VSS,Metal1,727.6465,504.4915,0.000966
_16359_,VSS,Metal1,652.0465,463.1880,0.002322
_16360_,VSS,Metal1,626.2865,464.1715,0.002320
_16361_,VSS,Metal1,874.3665,523.6680,0.001824
_16362_,VSS,Metal1,855.8865,533.7480,0.001957
_16363_,VSS,Metal1,804.3665,523.6680,0.001735
_16364_,VSS,Metal1,795.9665,523.6680,0.001722
_16365_,VSS,Metal1,874.3665,402.7080,0.004328
_16366_,VSS,Metal1,864.8465,392.6280,0.004744
_16367_,VSS,Metal1,860.3665,513.5880,0.001422
_16368_,VSS,Metal1,856.4465,514.5715,0.001421
_16369_,VSS,Metal1,271.0840,412.7335,0.004098
_16370_,VSS,Metal1,348.9565,444.1680,0.003203
_16371_,VSS,Metal1,382.1265,311.9880,0.006077
_16372_,VSS,Metal1,373.7265,311.9880,0.006102
_16373_,VSS,Metal1,374.8465,433.9315,0.003520
_16374_,VSS,Metal1,369.2465,444.0115,0.003200
_16375_,VSS,Metal1,252.7665,282.7315,0.006597
_16376_,VSS,Metal1,247.1665,281.7480,0.006603
_16377_,VSS,Metal1,238.7665,393.6115,0.004630
_16378_,VSS,Metal1,237.6465,402.7080,0.004345
_16379_,VSS,Metal1,429.1665,444.0115,0.003148
_16380_,VSS,Metal1,423.5665,453.1080,0.002823
_16381_,VSS,Metal1,482.3665,342.2280,0.004539
_16382_,VSS,Metal1,472.8465,332.1480,0.004876
_16383_,VSS,Metal1,482.3665,373.4515,0.004327
_16384_,VSS,Metal1,482.3665,362.3880,0.004336
_16385_,VSS,Metal1,882.7665,262.5715,0.006636
_16386_,VSS,Metal1,879.4065,252.4915,0.006690
_16387_,VSS,Metal1,762.3665,322.0680,0.005498
_16388_,VSS,Metal1,760.1265,311.9880,0.005773
_16389_,VSS,Metal1,776.3665,393.6115,0.004278
_16390_,VSS,Metal1,766.8465,393.6115,0.004278
_16391_,VSS,Metal1,725.9665,453.1080,0.002689
_16392_,VSS,Metal1,717.5665,453.1080,0.002683
_16393_,VSS,Metal1,658.7665,443.0280,0.003026
_16394_,VSS,Metal1,647.5665,433.9315,0.003247
_16395_,VSS,Metal1,888.9265,453.1080,0.002821
_16396_,VSS,Metal1,881.0865,444.0115,0.003110
_16397_,VSS,Metal1,804.9265,453.1080,0.002715
_16398_,VSS,Metal1,805.4865,454.0915,0.002715
_16399_,VSS,Metal1,893.4065,382.5480,0.004993
_16400_,VSS,Metal1,879.9665,372.4680,0.004970
_16401_,VSS,Metal1,882.7665,464.1715,0.002419
_16402_,VSS,Metal1,880.5265,453.1080,0.002820
_16403_,VSS,Metal1,322.3395,434.0880,0.003518
_16404_,VSS,Metal1,348.1530,434.1230,0.003520
_16405_,VSS,Metal1,367.1225,342.3160,0.005053
_16406_,VSS,Metal1,370.4825,352.3960,0.005143
_16407_,VSS,Metal1,373.7265,342.2280,0.005053
_16408_,VSS,Metal1,367.0065,412.7880,0.004059
_16409_,VSS,Metal1,336.8030,423.8980,0.003773
_16410_,VSS,Metal1,270.2425,291.9160,0.006364
_16411_,VSS,Metal1,283.6825,301.9960,0.006214
_16412_,VSS,Metal1,276.8465,291.8280,0.006353
_16413_,VSS,Metal1,260.7225,362.4760,0.005166
_16414_,VSS,Metal1,253.4425,363.2835,0.005173
_16415_,VSS,Metal1,257.2465,383.5315,0.004958
_16416_,VSS,Metal1,432.5265,473.2680,0.002065
_16417_,VSS,Metal1,427.4865,463.1880,0.002464
_16418_,VSS,Metal1,482.3665,332.1480,0.004875
_16419_,VSS,Metal1,464.4465,332.1480,0.004894
_16420_,VSS,Metal1,504.1800,402.6735,0.004012
_16421_,VSS,Metal1,492.4465,403.6915,0.004005
_16422_,VSS,Metal1,835.7000,291.7935,0.006203
_16423_,VSS,Metal1,839.6465,281.7480,0.006364
_16424_,VSS,Metal1,767.3800,352.2735,0.004757
_16425_,VSS,Metal1,764.0465,343.2115,0.005037
_16426_,VSS,Metal1,779.1400,513.5535,0.001369
_16427_,VSS,Metal1,766.8465,514.5715,0.001376
_16428_,VSS,Metal1,729.8600,533.7135,0.001921
_16429_,VSS,Metal1,736.0465,523.6680,0.001767
_16430_,VSS,Metal1,688.4200,513.5535,0.001384
_16431_,VSS,Metal1,678.3665,513.5880,0.001324
_16432_,VSS,Metal1,827.8600,533.7135,0.001942
_16433_,VSS,Metal1,841.3265,524.6515,0.001791
_16434_,VSS,Metal1,788.6600,533.7135,0.001904
_16435_,VSS,Metal1,796.5265,524.6515,0.001722
_16436_,VSS,Metal1,827.8600,392.5935,0.004459
_16437_,VSS,Metal1,835.1665,383.5315,0.005003
_16438_,VSS,Metal1,830.6600,534.7660,0.001942
_16439_,VSS,Metal1,837.4065,523.6680,0.001789
_16440_,VSS,Metal1,250.8935,402.6530,0.004337
_16441_,VSS,Metal1,260.3810,402.7255,0.004333
_16442_,VSS,Metal1,312.9065,463.0630,0.002561
_16443_,VSS,Metal1,315.4600,473.3105,0.002091
_16444_,VSS,Metal1,296.8530,392.5855,0.004565
_16445_,VSS,Metal1,345.1665,282.7315,0.006387
_16446_,VSS,Metal1,342.3665,291.8280,0.006194
_16447_,VSS,Metal1,345.1665,484.3315,0.001661
_16448_,VSS,Metal1,330.0465,503.5080,0.000985
_16449_,VSS,Metal1,207.9665,281.7480,0.006660
_16450_,VSS,Metal1,201.2465,262.5715,0.006745
_16451_,VSS,Metal1,194.5265,393.6115,0.004705
_16452_,VSS,Metal1,198.4465,392.6280,0.004702
_16453_,VSS,Metal1,391.6465,483.3480,0.001645
_16454_,VSS,Metal1,385.4865,484.3315,0.001649
_16455_,VSS,Metal1,426.9265,301.9080,0.005915
_16456_,VSS,Metal1,423.5665,302.8915,0.005917
_16457_,VSS,Metal1,521.5665,382.5480,0.004385
_16458_,VSS,Metal1,530.5265,373.4515,0.004321
_16459_,VSS,Metal1,860.3665,232.3315,0.006696
_16460_,VSS,Metal1,855.8865,222.2515,0.006730
_16461_,VSS,Metal1,786.4465,281.7480,0.006216
_16462_,VSS,Metal1,795.9665,271.6680,0.006282
_16463_,VSS,Metal1,708.0465,362.3880,0.004445
_16464_,VSS,Metal1,708.0465,372.4680,0.004490
_16465_,VSS,Metal1,708.0465,473.2680,0.001993
_16466_,VSS,Metal1,708.6065,474.2515,0.001993
_16467_,VSS,Metal1,644.7665,444.0115,0.002991
_16468_,VSS,Metal1,643.6465,453.1080,0.002633
_16469_,VSS,Metal1,892.8465,422.8680,0.003695
_16470_,VSS,Metal1,880.5265,403.6915,0.004333
_16471_,VSS,Metal1,783.0865,493.4280,0.001187
_16472_,VSS,Metal1,782.5265,483.3480,0.001534
_16473_,VSS,Metal1,891.1665,362.3880,0.005062
_16474_,VSS,Metal1,878.8465,342.2280,0.005332
_16475_,VSS,Metal1,884.4465,503.5080,0.000993
_16476_,VSS,Metal1,867.6465,484.3315,0.001589
_16477_,VSS,Metal1,256.4610,393.5940,0.004617
_16478_,VSS,Metal1,351.7330,383.5740,0.004746
_16479_,VSS,Metal1,331.1665,301.9080,0.006105
_16480_,VSS,Metal1,331.1665,302.8915,0.006105
_16481_,VSS,Metal1,347.4065,463.1880,0.002528
_16482_,VSS,Metal1,345.1665,464.1715,0.002528
_16483_,VSS,Metal1,198.4465,281.7480,0.006662
_16484_,VSS,Metal1,198.4465,261.5880,0.006746
_16485_,VSS,Metal1,217.4865,363.3715,0.005239
_16486_,VSS,Metal1,198.4465,362.3880,0.005254
_16487_,VSS,Metal1,393.3265,433.9315,0.003517
_16488_,VSS,Metal1,391.0865,443.0280,0.003177
_16489_,VSS,Metal1,414.0465,292.8115,0.006142
_16490_,VSS,Metal1,423.5665,292.8115,0.006142
_16491_,VSS,Metal1,470.6065,373.4515,0.004380
_16492_,VSS,Metal1,469.4865,362.3880,0.004339
_16493_,VSS,Metal1,840.7665,231.3480,0.006683
_16494_,VSS,Metal1,841.8865,232.3315,0.006683
_16495_,VSS,Metal1,804.3665,281.7480,0.006221
_16496_,VSS,Metal1,795.9665,281.7480,0.006221
_16497_,VSS,Metal1,762.3665,363.3715,0.004528
_16498_,VSS,Metal1,759.5665,353.2915,0.004741
_16499_,VSS,Metal1,717.5665,443.0280,0.003063
_16500_,VSS,Metal1,708.0465,453.1080,0.002683
_16501_,VSS,Metal1,658.7665,433.9315,0.003247
_16502_,VSS,Metal1,653.7265,453.1080,0.002642
_16503_,VSS,Metal1,848.6065,412.7880,0.003967
_16504_,VSS,Metal1,845.2465,413.7715,0.003966
_16505_,VSS,Metal1,796.5265,444.0115,0.003037
_16506_,VSS,Metal1,795.9665,453.1080,0.002702
_16507_,VSS,Metal1,843.5665,352.3080,0.005257
_16508_,VSS,Metal1,842.4465,362.3880,0.004944
_16509_,VSS,Metal1,845.2465,443.0280,0.003075
_16510_,VSS,Metal1,843.5665,444.0115,0.003075
_16511_,VSS,Metal1,270.5240,373.5065,0.004765
_16512_,VSS,Metal1,329.3565,463.0315,0.002545
_16513_,VSS,Metal1,335.6465,282.7315,0.006387
_16514_,VSS,Metal1,327.2465,282.7315,0.006413
_16515_,VSS,Metal1,339.0065,493.4280,0.001353
_16516_,VSS,Metal1,330.6065,493.4280,0.001352
_16517_,VSS,Metal1,207.9665,271.6680,0.006816
_16518_,VSS,Metal1,190.0465,281.7480,0.006664
_16519_,VSS,Metal1,207.9665,362.3880,0.005254
_16520_,VSS,Metal1,190.0465,392.6280,0.004706
_16521_,VSS,Metal1,430.2865,493.4280,0.001313
_16522_,VSS,Metal1,423.5665,484.3315,0.001615
_16523_,VSS,Metal1,461.6465,342.2280,0.004665
_16524_,VSS,Metal1,453.2465,323.0515,0.005397
_16525_,VSS,Metal1,521.5665,372.4680,0.004326
_16526_,VSS,Metal1,521.5665,362.3880,0.004346
_16527_,VSS,Metal1,881.6465,232.3315,0.006717
_16528_,VSS,Metal1,877.7265,222.2515,0.006845
_16529_,VSS,Metal1,803.8065,272.6515,0.006293
_16530_,VSS,Metal1,801.0065,291.8280,0.006133
_16531_,VSS,Metal1,725.9665,363.3715,0.004449
_16532_,VSS,Metal1,722.6065,352.3080,0.004627
_16533_,VSS,Metal1,721.4865,494.4115,0.001163
_16534_,VSS,Metal1,717.5665,493.4280,0.001162
_16535_,VSS,Metal1,682.2865,494.4115,0.001138
_16536_,VSS,Metal1,679.4865,484.3315,0.001515
_16537_,VSS,Metal1,893.9665,413.7715,0.004030
_16538_,VSS,Metal1,877.1665,432.9480,0.003344
_16539_,VSS,Metal1,823.9665,484.3315,0.001544
_16540_,VSS,Metal1,815.5665,484.3315,0.001532
_16541_,VSS,Metal1,883.8865,343.2115,0.005336
_16542_,VSS,Metal1,875.4865,343.2115,0.005331
_16543_,VSS,Metal1,883.3265,473.2680,0.002194
_16544_,VSS,Metal1,880.5265,474.2515,0.002193
_16545_,VSS,Metal1,257.4250,301.7565,0.006217
_16546_,VSS,Metal1,364.7665,291.8280,0.006162
_16547_,VSS,Metal1,331.1665,464.1715,0.002544
_16548_,VSS,Metal1,218.0465,272.6515,0.006803
_16549_,VSS,Metal1,213.0065,382.5480,0.004986
_16550_,VSS,Metal1,403.9665,493.4280,0.001326
_16551_,VSS,Metal1,436.4465,333.1315,0.005061
_16552_,VSS,Metal1,512.0465,392.6280,0.004059
_16553_,VSS,Metal1,874.3665,241.4280,0.006735
_16554_,VSS,Metal1,804.3665,302.8915,0.005847
_16555_,VSS,Metal1,723.7265,372.4680,0.004553
_16556_,VSS,Metal1,708.0465,493.4280,0.001162
_16557_,VSS,Metal1,687.8865,484.3315,0.001515
_16558_,VSS,Metal1,879.9665,423.8515,0.003689
_16559_,VSS,Metal1,817.2465,503.5080,0.000970
_16560_,VSS,Metal1,877.7265,363.3715,0.005036
_16561_,VSS,Metal1,881.6465,494.4115,0.001197
_16562_,VSS,Metal1,297.8400,333.0900,0.005403
_16563_,VSS,Metal1,90.3665,362.3880,0.005314
_16564_,VSS,Metal1,293.7625,332.2360,0.005429
_16565_,VSS,Metal1,294.7665,343.2115,0.005315
_16566_,VSS,Metal1,288.5800,342.1935,0.005329
_16567_,VSS,Metal1,291.0600,333.2450,0.005431
_16568_,VSS,Metal1,292.4900,342.2380,0.005316
_16569_,VSS,Metal1,296.7000,342.2225,0.005314
_16570_,VSS,Metal1,305.8130,343.2100,0.005272
_16571_,VSS,Metal1,314.0200,333.2450,0.005394
_16572_,VSS,Metal1,288.7225,222.1635,0.006707
_16573_,VSS,Metal1,297.0065,251.5080,0.006707
_16574_,VSS,Metal1,296.4465,242.4115,0.006680
_16575_,VSS,Metal1,298.6600,232.2735,0.006617
_16576_,VSS,Metal1,294.4200,212.2850,0.006606
_16577_,VSS,Metal1,293.4930,222.2500,0.006679
_16578_,VSS,Metal1,293.9000,221.2625,0.006678
_16579_,VSS,Metal1,287.4865,221.2680,0.006707
_16580_,VSS,Metal1,350.8825,231.4360,0.006395
_16581_,VSS,Metal1,325.5665,251.5080,0.006624
_16582_,VSS,Metal1,326.1265,242.4115,0.006579
_16583_,VSS,Metal1,331.7000,232.2735,0.006479
_16584_,VSS,Metal1,352.1000,222.3650,0.006522
_16585_,VSS,Metal1,350.6130,221.2700,0.006522
_16586_,VSS,Metal1,344.8600,231.3425,0.006411
_16587_,VSS,Metal1,345.1665,212.1715,0.006394
_16588_,VSS,Metal1,285.9225,202.0035,0.006558
_16589_,VSS,Metal1,317.7265,242.4115,0.006606
_16590_,VSS,Metal1,316.0465,241.4280,0.006606
_16591_,VSS,Metal1,318.2600,231.4060,0.006559
_16592_,VSS,Metal1,300.0200,211.0750,0.006585
_16593_,VSS,Metal1,294.0530,211.1900,0.006606
_16594_,VSS,Metal1,290.5400,202.0975,0.006558
_16595_,VSS,Metal1,288.0465,201.1080,0.006558
_16596_,VSS,Metal1,425.9225,202.0035,0.005895
_16597_,VSS,Metal1,350.7665,242.4115,0.006505
_16598_,VSS,Metal1,414.0465,242.4115,0.006398
_16599_,VSS,Metal1,434.4200,212.2850,0.006023
_16600_,VSS,Metal1,434.6130,211.1900,0.006023
_16601_,VSS,Metal1,430.5400,202.0975,0.005875
_16602_,VSS,Metal1,424.6865,192.0115,0.005799
_16603_,VSS,Metal1,461.7625,261.6760,0.006244
_16604_,VSS,Metal1,355.2465,251.5080,0.006575
_16605_,VSS,Metal1,453.2465,242.4115,0.006291
_16606_,VSS,Metal1,461.3000,252.6050,0.006388
_16607_,VSS,Metal1,474.9330,252.4900,0.006382
_16608_,VSS,Metal1,466.3800,261.5825,0.006243
_16609_,VSS,Metal1,468.3665,252.4915,0.006387
_16610_,VSS,Metal1,421.7330,241.4300,0.006380
_16611_,VSS,Metal1,353.5665,261.5880,0.006441
_16612_,VSS,Metal1,433.6465,261.5880,0.006364
_16613_,VSS,Metal1,405.0600,232.2735,0.006300
_16614_,VSS,Metal1,428.8200,232.4450,0.006265
_16615_,VSS,Metal1,415.8425,232.2435,0.006288
_16616_,VSS,Metal1,421.5800,232.3375,0.006287
_16617_,VSS,Metal1,414.0465,222.2515,0.006283
_16618_,VSS,Metal1,548.0025,403.6035,0.004044
_16619_,VSS,Metal1,307.6465,383.5315,0.004753
_16620_,VSS,Metal1,306.8530,393.7665,0.004549
_16621_,VSS,Metal1,547.3000,383.5660,0.004371
_16622_,VSS,Metal1,539.7000,413.8850,0.003828
_16623_,VSS,Metal1,551.0930,412.7900,0.003828
_16624_,VSS,Metal1,553.7400,413.7775,0.003828
_16625_,VSS,Metal1,545.6465,423.8515,0.003657
_16626_,VSS,Metal1,549.1225,251.5960,0.006323
_16627_,VSS,Metal1,533.8600,241.3935,0.006124
_16628_,VSS,Metal1,543.0600,232.4450,0.006230
_16629_,VSS,Metal1,540.4530,241.4300,0.006129
_16630_,VSS,Metal1,543.1000,251.5025,0.006326
_16631_,VSS,Metal1,547.8865,241.4280,0.006129
_16632_,VSS,Metal1,583.2825,202.0035,0.005603
_16633_,VSS,Metal1,589.8600,393.6460,0.004077
_16634_,VSS,Metal1,588.9800,221.1550,0.006114
_16635_,VSS,Metal1,583.0130,211.1900,0.005843
_16636_,VSS,Metal1,587.9000,202.0975,0.005604
_16637_,VSS,Metal1,590.4465,211.1880,0.005851
_16638_,VSS,Metal1,659.4425,251.5960,0.006472
_16639_,VSS,Metal1,618.9800,403.7260,0.004084
_16640_,VSS,Metal1,669.8130,232.3300,0.006408
_16641_,VSS,Metal1,669.6200,261.4750,0.006181
_16642_,VSS,Metal1,658.4600,242.4175,0.006181
_16643_,VSS,Metal1,666.0465,251.5080,0.006472
_16644_,VSS,Metal1,653.8425,211.2760,0.005980
_16645_,VSS,Metal1,624.5800,241.3935,0.006111
_16646_,VSS,Metal1,650.2130,212.1700,0.005963
_16647_,VSS,Metal1,664.0200,222.3650,0.006182
_16648_,VSS,Metal1,663.5000,212.1775,0.006011
_16649_,VSS,Metal1,666.6065,202.0915,0.005780
_16650_,VSS,Metal1,697.5225,202.0035,0.005914
_16651_,VSS,Metal1,676.2425,241.5160,0.006209
_16652_,VSS,Metal1,690.6600,242.4460,0.006216
_16653_,VSS,Metal1,703.9730,212.1700,0.006057
_16654_,VSS,Metal1,709.9400,212.2850,0.006081
_16655_,VSS,Metal1,703.2600,211.1825,0.006057
_16656_,VSS,Metal1,708.0465,201.1080,0.005956
_16657_,VSS,Metal1,689.9730,261.5900,0.006200
_16658_,VSS,Metal1,629.6200,333.1660,0.004946
_16659_,VSS,Metal1,633.5400,262.5135,0.006167
_16660_,VSS,Metal1,689.7800,262.6850,0.006200
_16661_,VSS,Metal1,695.2825,252.4035,0.006484
_16662_,VSS,Metal1,695.4200,261.5825,0.006209
_16663_,VSS,Metal1,702.4465,252.4915,0.006485
_16664_,VSS,Metal1,800.5625,221.3560,0.006621
_16665_,VSS,Metal1,680.1625,251.5960,0.006479
_16666_,VSS,Metal1,638.8600,241.4350,0.006108
_16667_,VSS,Metal1,796.9330,212.1700,0.006423
_16668_,VSS,Metal1,800.6600,211.0750,0.006430
_16669_,VSS,Metal1,802.3800,212.1775,0.006430
_16670_,VSS,Metal1,814.4465,211.1880,0.006496
_16671_,VSS,Metal1,724.4025,211.2760,0.006150
_16672_,VSS,Metal1,699.6200,242.4460,0.006249
_16673_,VSS,Metal1,728.0530,221.2700,0.006321
_16674_,VSS,Metal1,722.2600,212.2850,0.006150
_16675_,VSS,Metal1,727.3400,212.1775,0.006163
_16676_,VSS,Metal1,737.1665,202.0915,0.006140
_16677_,VSS,Metal1,316.5075,322.9635,0.005762
_16678_,VSS,Metal1,312.3400,321.9550,0.005772
_16679_,VSS,Metal1,306.9030,322.0550,0.005774
_16680_,VSS,Metal1,320.7465,313.0965,0.006247
_16681_,VSS,Metal1,309.5800,311.9825,0.006263
_16682_,VSS,Metal1,305.0665,241.3030,0.006668
_16683_,VSS,Metal1,312.3465,232.4565,0.006566
_16684_,VSS,Metal1,305.9600,232.3700,0.006617
_16685_,VSS,Metal1,305.9665,222.2515,0.006571
_16686_,VSS,Metal1,335.8375,232.3250,0.006465
_16687_,VSS,Metal1,345.2825,232.2435,0.006411
_16688_,VSS,Metal1,337.5200,222.2860,0.006537
_16689_,VSS,Metal1,345.1665,222.2515,0.006537
_16690_,VSS,Metal1,323.5465,231.2230,0.006522
_16691_,VSS,Metal1,316.8265,232.4565,0.006559
_16692_,VSS,Metal1,312.6800,231.3100,0.006566
_16693_,VSS,Metal1,314.3665,222.2515,0.006570
_16694_,VSS,Metal1,415.6275,221.3560,0.006282
_16695_,VSS,Metal1,422.7000,212.1775,0.006047
_16696_,VSS,Metal1,415.3800,212.2850,0.006048
_16697_,VSS,Metal1,429.3865,212.2965,0.006044
_16698_,VSS,Metal1,421.0200,221.2625,0.006253
_16699_,VSS,Metal1,455.1465,241.3030,0.006291
_16700_,VSS,Metal1,447.4930,221.2700,0.006106
_16701_,VSS,Metal1,452.5030,222.2650,0.006085
_16702_,VSS,Metal1,460.4275,232.2435,0.006210
_16703_,VSS,Metal1,452.9400,232.3375,0.006210
_16704_,VSS,Metal1,405.8665,222.3765,0.006311
_16705_,VSS,Metal1,409.2265,232.4565,0.006288
_16706_,VSS,Metal1,402.8400,231.3100,0.006301
_16707_,VSS,Metal1,399.4865,212.1715,0.006123
_16708_,VSS,Metal1,528.1875,392.7160,0.004063
_16709_,VSS,Metal1,542.1330,382.5500,0.004374
_16710_,VSS,Metal1,540.9830,393.6250,0.004069
_16711_,VSS,Metal1,543.6265,402.5830,0.004040
_16712_,VSS,Metal1,539.1800,383.5375,0.004375
_16713_,VSS,Metal1,562.9075,231.4360,0.006232
_16714_,VSS,Metal1,571.8130,212.1700,0.005840
_16715_,VSS,Metal1,569.5430,222.2650,0.006115
_16716_,VSS,Metal1,564.3465,222.3765,0.006115
_16717_,VSS,Metal1,563.8200,212.1775,0.005840
_16718_,VSS,Metal1,616.6675,231.4360,0.006223
_16719_,VSS,Metal1,623.8930,232.3300,0.006219
_16720_,VSS,Metal1,622.7430,231.3350,0.006220
_16721_,VSS,Metal1,619.2265,232.4565,0.006220
_16722_,VSS,Metal1,621.5000,221.2625,0.006109
_16723_,VSS,Metal1,647.4675,242.3235,0.006126
_16724_,VSS,Metal1,637.8930,252.4900,0.006231
_16725_,VSS,Metal1,641.7830,242.4250,0.006108
_16726_,VSS,Metal1,637.7065,251.3830,0.006231
_16727_,VSS,Metal1,643.3400,252.4975,0.006242
_16728_,VSS,Metal1,659.7875,231.4360,0.006357
_16729_,VSS,Metal1,650.2130,222.2500,0.006168
_16730_,VSS,Metal1,657.4630,222.2650,0.006182
_16731_,VSS,Metal1,657.8665,232.4565,0.006279
_16732_,VSS,Metal1,656.7800,212.1775,0.005990
_16733_,VSS,Metal1,677.2100,231.3580,0.006431
_16734_,VSS,Metal1,683.8130,222.2500,0.006198
_16735_,VSS,Metal1,681.7630,241.3815,0.006209
_16736_,VSS,Metal1,682.5400,231.3425,0.006434
_16737_,VSS,Metal1,681.6275,221.3560,0.006198
_16738_,VSS,Metal1,688.4200,212.2060,0.006014
_16739_,VSS,Metal1,636.0265,272.7765,0.006136
_16740_,VSS,Metal1,640.5065,272.7765,0.006134
_16741_,VSS,Metal1,629.6400,272.6900,0.006157
_16742_,VSS,Metal1,639.7265,262.5715,0.006158
_16743_,VSS,Metal1,683.3700,232.3215,0.006434
_16744_,VSS,Metal1,688.8530,232.3300,0.006456
_16745_,VSS,Metal1,687.9230,241.3815,0.006216
_16746_,VSS,Metal1,689.2600,231.3425,0.006456
_16747_,VSS,Metal1,695.6275,212.0835,0.006014
_16748_,VSS,Metal1,690.6600,222.2860,0.006215
_16749_,VSS,Metal1,711.5225,222.1635,0.006279
_16750_,VSS,Metal1,709.3800,241.3150,0.006262
_16751_,VSS,Metal1,707.7400,232.3375,0.006516
_16752_,VSS,Metal1,716.9800,231.3135,0.006525
_16753_,VSS,Metal1,721.4865,221.2680,0.006321
_16754_,VSS,Metal1,289.2825,322.9635,0.005810
_16755_,VSS,Metal1,291.3800,322.0335,0.005810
_16756_,VSS,Metal1,283.5665,323.0515,0.005857
_16757_,VSS,Metal1,287.4865,211.1880,0.006682
_16758_,VSS,Metal1,276.8465,221.2680,0.006743
_16759_,VSS,Metal1,364.2065,202.0915,0.006265
_16760_,VSS,Metal1,353.0065,201.1080,0.006284
_16761_,VSS,Metal1,294.7665,181.9315,0.006645
_16762_,VSS,Metal1,286.3665,180.9480,0.006699
_16763_,VSS,Metal1,396.6865,181.9315,0.006271
_16764_,VSS,Metal1,386.0465,192.0115,0.006015
_16765_,VSS,Metal1,471.1665,212.1715,0.005792
_16766_,VSS,Metal1,462.7665,212.1715,0.005800
_16767_,VSS,Metal1,406.7665,221.2680,0.006311
_16768_,VSS,Metal1,391.0865,212.1715,0.006155
_16769_,VSS,Metal1,542.2865,403.6915,0.004040
_16770_,VSS,Metal1,527.7265,412.7880,0.003828
_16771_,VSS,Metal1,569.7265,192.0115,0.005355
_16772_,VSS,Metal1,560.7665,191.0280,0.005343
_16773_,VSS,Metal1,627.9665,202.0915,0.005623
_16774_,VSS,Metal1,620.1265,192.0115,0.005413
_16775_,VSS,Metal1,662.6865,261.5880,0.006173
_16776_,VSS,Metal1,660.4465,262.5715,0.006173
_16777_,VSS,Metal1,678.3665,191.0280,0.005541
_16778_,VSS,Metal1,668.8465,180.9480,0.006023
_16779_,VSS,Metal1,705.2465,180.9480,0.006069
_16780_,VSS,Metal1,702.4465,192.0115,0.005721
_16781_,VSS,Metal1,745.5665,262.5715,0.006269
_16782_,VSS,Metal1,741.6465,271.6680,0.006272
_16783_,VSS,Metal1,815.5665,192.0115,0.006318
_16784_,VSS,Metal1,806.0465,192.0115,0.006316
_16785_,VSS,Metal1,748.3665,202.0915,0.006141
_16786_,VSS,Metal1,745.0065,192.0115,0.005989
_16787_,VSS,Metal1,295.8865,312.9715,0.006280
_16788_,VSS,Metal1,286.3665,311.9880,0.006336
_16789_,VSS,Metal1,282.5625,242.3235,0.006760
_16790_,VSS,Metal1,278.0825,242.3235,0.006777
_16791_,VSS,Metal1,283.6825,241.5160,0.006760
_16792_,VSS,Metal1,276.8465,241.4280,0.006777
_16793_,VSS,Metal1,364.7665,180.9480,0.006416
_16794_,VSS,Metal1,355.2465,180.9480,0.006417
_16795_,VSS,Metal1,289.7265,170.8680,0.006590
_16796_,VSS,Metal1,284.1265,161.7715,0.006743
_16797_,VSS,Metal1,394.4465,192.0115,0.005989
_16798_,VSS,Metal1,386.6065,171.8515,0.006147
_16799_,VSS,Metal1,468.3665,191.0280,0.005354
_16800_,VSS,Metal1,466.6865,192.0115,0.005355
_16801_,VSS,Metal1,439.9225,232.2435,0.006244
_16802_,VSS,Metal1,435.4425,241.5160,0.006307
_16803_,VSS,Metal1,436.0025,232.2435,0.006257
_16804_,VSS,Metal1,433.6465,231.3480,0.006261
_16805_,VSS,Metal1,545.0865,432.9480,0.003228
_16806_,VSS,Metal1,531.0865,422.8680,0.003662
_16807_,VSS,Metal1,550.6865,232.3315,0.006230
_16808_,VSS,Metal1,548.4465,222.2515,0.006113
_16809_,VSS,Metal1,606.6865,212.1715,0.005851
_16810_,VSS,Metal1,602.2065,202.0915,0.005621
_16811_,VSS,Metal1,661.1225,352.3960,0.004428
_16812_,VSS,Metal1,660.0025,353.2035,0.004427
_16813_,VSS,Metal1,665.0425,352.3960,0.004445
_16814_,VSS,Metal1,668.8465,342.2280,0.004594
_16815_,VSS,Metal1,652.7225,201.1960,0.005655
_16816_,VSS,Metal1,642.0825,191.9235,0.005422
_16817_,VSS,Metal1,653.8425,191.1160,0.005473
_16818_,VSS,Metal1,661.5665,191.0280,0.005497
_16819_,VSS,Metal1,703.0065,171.8515,0.006140
_16820_,VSS,Metal1,715.3265,181.9315,0.006113
_16821_,VSS,Metal1,710.4025,272.5635,0.006265
_16822_,VSS,Metal1,698.0825,272.5635,0.006265
_16823_,VSS,Metal1,690.2425,272.5635,0.006174
_16824_,VSS,Metal1,705.2465,261.5880,0.006209
_16825_,VSS,Metal1,803.9225,181.0360,0.006828
_16826_,VSS,Metal1,799.4425,181.8435,0.006770
_16827_,VSS,Metal1,800.0025,181.0360,0.006770
_16828_,VSS,Metal1,806.0465,181.9315,0.006828
_16829_,VSS,Metal1,769.7625,201.1960,0.006270
_16830_,VSS,Metal1,775.3625,181.8435,0.006602
_16831_,VSS,Metal1,768.5100,191.9235,0.006193
_16832_,VSS,Metal1,775.2830,201.0615,0.006294
_16833_,VSS,Metal1,207.9665,352.3080,0.005358
_16834_,VSS,Metal1,198.4465,352.3080,0.005362
_16835_,VSS,Metal1,209.0865,241.4280,0.006895
_16836_,VSS,Metal1,217.4865,241.4280,0.006888
_16837_,VSS,Metal1,325.5665,211.1880,0.006474
_16838_,VSS,Metal1,316.0465,211.1880,0.006518
_16839_,VSS,Metal1,208.5265,180.9480,0.006946
_16840_,VSS,Metal1,207.9665,191.0280,0.006957
_16841_,VSS,Metal1,433.6465,180.9480,0.005984
_16842_,VSS,Metal1,433.0865,191.0280,0.005759
_16843_,VSS,Metal1,510.3665,252.4915,0.006330
_16844_,VSS,Metal1,484.0465,252.4915,0.006332
_16845_,VSS,Metal1,373.1665,251.5080,0.006564
_16846_,VSS,Metal1,364.7665,251.5080,0.006565
_16847_,VSS,Metal1,462.7665,433.9315,0.003486
_16848_,VSS,Metal1,462.7665,423.8515,0.003699
_16849_,VSS,Metal1,591.5665,192.0115,0.005383
_16850_,VSS,Metal1,589.8865,181.9315,0.005769
_16851_,VSS,Metal1,580.3665,272.6515,0.006230
_16852_,VSS,Metal1,580.3665,262.5715,0.006201
_16853_,VSS,Metal1,671.0865,333.1315,0.004979
_16854_,VSS,Metal1,668.8465,323.0515,0.005275
_16855_,VSS,Metal1,625.1665,180.9480,0.005786
_16856_,VSS,Metal1,622.3665,181.9315,0.005786
_16857_,VSS,Metal1,755.6465,181.9315,0.006398
_16858_,VSS,Metal1,756.7665,180.9480,0.006398
_16859_,VSS,Metal1,708.0465,323.0515,0.005384
_16860_,VSS,Metal1,706.9265,332.1480,0.005178
_16861_,VSS,Metal1,881.6465,191.0280,0.006596
_16862_,VSS,Metal1,880.5265,192.0115,0.006596
_16863_,VSS,Metal1,747.2465,231.3480,0.006553
_16864_,VSS,Metal1,747.2465,241.4280,0.006408
_16865_,VSS,Metal1,207.9665,342.2280,0.005599
_16866_,VSS,Metal1,216.3665,352.3080,0.005357
_16867_,VSS,Metal1,208.5265,231.3480,0.006980
_16868_,VSS,Metal1,198.4465,241.4280,0.006896
_16869_,VSS,Metal1,316.0465,180.9480,0.006589
_16870_,VSS,Metal1,311.5665,192.0115,0.006618
_16871_,VSS,Metal1,198.4465,180.9480,0.006946
_16872_,VSS,Metal1,190.0465,180.9480,0.006960
_16873_,VSS,Metal1,443.1665,180.9480,0.005949
_16874_,VSS,Metal1,433.6465,170.8680,0.005934
_16875_,VSS,Metal1,501.9665,252.4915,0.006332
_16876_,VSS,Metal1,492.4465,252.4915,0.006332
_16877_,VSS,Metal1,425.2465,252.4915,0.006445
_16878_,VSS,Metal1,421.3265,251.5080,0.006450
_16879_,VSS,Metal1,466.6865,443.0280,0.003053
_16880_,VSS,Metal1,453.2465,444.0115,0.003072
_16881_,VSS,Metal1,599.9665,180.9480,0.005775
_16882_,VSS,Metal1,590.4465,180.9480,0.005769
_16883_,VSS,Metal1,588.7665,262.5715,0.006200
_16884_,VSS,Metal1,570.8465,262.5715,0.006202
_16885_,VSS,Metal1,639.1665,322.0680,0.005128
_16886_,VSS,Metal1,639.1665,332.1480,0.004949
_16887_,VSS,Metal1,623.4865,160.7880,0.006214
_16888_,VSS,Metal1,621.2465,161.7715,0.006214
_16889_,VSS,Metal1,764.0465,171.8515,0.006327
_16890_,VSS,Metal1,762.3665,161.7715,0.006466
_16891_,VSS,Metal1,699.0865,302.8915,0.005734
_16892_,VSS,Metal1,698.5265,322.0680,0.005354
_16893_,VSS,Metal1,868.2065,212.1715,0.006701
_16894_,VSS,Metal1,863.1665,202.0915,0.006658
_16895_,VSS,Metal1,750.0465,242.4115,0.006408
_16896_,VSS,Metal1,761.2465,232.3315,0.006555
_16897_,VSS,Metal1,247.1665,342.2280,0.005450
_16898_,VSS,Metal1,237.6465,342.2280,0.005450
_16899_,VSS,Metal1,244.3665,242.4115,0.006844
_16900_,VSS,Metal1,236.5265,241.4280,0.006870
_16901_,VSS,Metal1,316.0465,161.7715,0.006681
_16902_,VSS,Metal1,306.5265,150.7080,0.006639
_16903_,VSS,Metal1,247.1665,140.6280,0.007025
_16904_,VSS,Metal1,237.0865,131.5315,0.007191
_16905_,VSS,Metal1,444.2865,141.6115,0.006529
_16906_,VSS,Metal1,433.0865,140.6280,0.006555
_16907_,VSS,Metal1,484.6065,241.4280,0.006144
_16908_,VSS,Metal1,482.3665,251.5080,0.006332
_16909_,VSS,Metal1,372.6065,241.4280,0.006486
_16910_,VSS,Metal1,365.8865,232.3315,0.006349
_16911_,VSS,Metal1,524.9265,432.9480,0.003227
_16912_,VSS,Metal1,512.0465,443.0280,0.003023
_16913_,VSS,Metal1,608.9265,150.7080,0.006236
_16914_,VSS,Metal1,588.7665,150.7080,0.006241
_16915_,VSS,Metal1,619.5665,242.4115,0.006111
_16916_,VSS,Metal1,607.2465,241.4280,0.006120
_16917_,VSS,Metal1,668.8465,311.9880,0.005574
_16918_,VSS,Metal1,668.8465,301.9080,0.005683
_16919_,VSS,Metal1,629.0865,150.7080,0.006180
_16920_,VSS,Metal1,625.7265,140.6280,0.006486
_16921_,VSS,Metal1,756.7665,131.5315,0.006630
_16922_,VSS,Metal1,747.2465,131.5315,0.006558
_16923_,VSS,Metal1,727.6465,292.8115,0.006079
_16924_,VSS,Metal1,727.6465,282.7315,0.006143
_16925_,VSS,Metal1,860.3665,160.7880,0.006796
_16926_,VSS,Metal1,863.1665,161.7715,0.006797
_16927_,VSS,Metal1,786.4465,191.0280,0.006234
_16928_,VSS,Metal1,785.8865,180.9480,0.006651
_16929_,VSS,Metal1,279.7625,333.0435,0.005461
_16930_,VSS,Metal1,285.7800,333.1660,0.005445
_16931_,VSS,Metal1,273.4865,342.2280,0.005377
_16932_,VSS,Metal1,278.0825,251.5960,0.006720
_16933_,VSS,Metal1,274.1625,251.5960,0.006720
_16934_,VSS,Metal1,269.0065,242.4115,0.006798
_16935_,VSS,Metal1,314.9265,150.7080,0.006638
_16936_,VSS,Metal1,307.6465,161.7715,0.006695
_16937_,VSS,Metal1,286.3665,160.7880,0.006743
_16938_,VSS,Metal1,273.4865,160.7880,0.006762
_16939_,VSS,Metal1,443.1665,150.7080,0.006294
_16940_,VSS,Metal1,434.7665,151.6915,0.006322
_16941_,VSS,Metal1,521.5665,251.5080,0.006328
_16942_,VSS,Metal1,512.0465,251.5080,0.006330
_16943_,VSS,Metal1,445.9400,232.3660,0.006225
_16944_,VSS,Metal1,443.1665,241.4280,0.006307
_16945_,VSS,Metal1,453.2465,433.9315,0.003487
_16946_,VSS,Metal1,467.8065,432.9480,0.003484
_16947_,VSS,Metal1,600.5265,151.6915,0.006239
_16948_,VSS,Metal1,600.5265,150.7080,0.006239
_16949_,VSS,Metal1,619.5665,262.5715,0.006186
_16950_,VSS,Metal1,617.3265,271.6680,0.006200
_16951_,VSS,Metal1,656.5000,352.2735,0.004418
_16952_,VSS,Metal1,658.7665,333.1315,0.004978
_16953_,VSS,Metal1,649.2200,201.0735,0.005645
_16954_,VSS,Metal1,641.9665,181.9315,0.005792
_16955_,VSS,Metal1,761.8065,151.6915,0.006513
_16956_,VSS,Metal1,760.1265,141.6115,0.006801
_16957_,VSS,Metal1,699.0600,282.7660,0.006090
_16958_,VSS,Metal1,700.2065,291.8280,0.006029
_16959_,VSS,Metal1,802.6600,190.9935,0.006313
_16960_,VSS,Metal1,823.9665,192.0115,0.006334
_16961_,VSS,Metal1,784.1800,151.7260,0.006558
_16962_,VSS,Metal1,784.7665,160.7880,0.006528
_16963_,VSS,Metal1,207.9665,323.0515,0.006008
_16964_,VSS,Metal1,207.9665,332.1480,0.005861
_16965_,VSS,Metal1,207.9665,221.2680,0.006890
_16966_,VSS,Metal1,209.0865,202.0915,0.006797
_16967_,VSS,Metal1,345.1665,141.6115,0.006728
_16968_,VSS,Metal1,335.6465,141.6115,0.006727
_16969_,VSS,Metal1,209.6465,150.7080,0.007049
_16970_,VSS,Metal1,198.4465,140.6280,0.007064
_16971_,VSS,Metal1,394.4465,130.5480,0.006667
_16972_,VSS,Metal1,387.7265,141.6115,0.006643
_16973_,VSS,Metal1,512.0465,191.0280,0.005284
_16974_,VSS,Metal1,503.6465,191.0280,0.005264
_16975_,VSS,Metal1,374.8465,282.7315,0.006378
_16976_,VSS,Metal1,384.3665,282.7315,0.006377
_16977_,VSS,Metal1,472.8465,453.1080,0.002715
_16978_,VSS,Metal1,482.3665,453.1080,0.002715
_16979_,VSS,Metal1,533.3265,170.8680,0.005764
_16980_,VSS,Metal1,532.2065,180.9480,0.005677
_16981_,VSS,Metal1,570.8465,232.3315,0.006233
_16982_,VSS,Metal1,571.9665,251.5080,0.006317
_16983_,VSS,Metal1,627.9665,311.9880,0.005495
_16984_,VSS,Metal1,627.4065,322.0680,0.005128
_16985_,VSS,Metal1,644.2065,150.7080,0.006178
_16986_,VSS,Metal1,643.6465,130.5480,0.006381
_16987_,VSS,Metal1,705.2465,140.6280,0.006689
_16988_,VSS,Metal1,709.1665,141.6115,0.006695
_16989_,VSS,Metal1,694.6065,301.9080,0.005733
_16990_,VSS,Metal1,688.4465,302.8915,0.005727
_16991_,VSS,Metal1,875.4865,161.7715,0.006829
_16992_,VSS,Metal1,882.7665,160.7880,0.006840
_16993_,VSS,Metal1,772.4465,261.5880,0.006325
_16994_,VSS,Metal1,776.3665,252.4915,0.006517
_16995_,VSS,Metal1,202.3665,333.1315,0.005864
_16996_,VSS,Metal1,193.9665,333.1315,0.005866
_16997_,VSS,Metal1,209.6465,212.1715,0.006827
_16998_,VSS,Metal1,198.4465,221.2680,0.006913
_16999_,VSS,Metal1,325.5665,150.7080,0.006604
_17000_,VSS,Metal1,324.4465,151.6915,0.006605
_17001_,VSS,Metal1,205.1665,151.6915,0.007051
_17002_,VSS,Metal1,197.8865,151.6915,0.007075
_17003_,VSS,Metal1,393.8865,150.7080,0.006408
_17004_,VSS,Metal1,385.4865,151.6915,0.006471
_17005_,VSS,Metal1,492.4465,181.9315,0.005648
_17006_,VSS,Metal1,490.7665,192.0115,0.005241
_17007_,VSS,Metal1,374.2865,262.5715,0.006417
_17008_,VSS,Metal1,371.4865,261.5880,0.006418
_17009_,VSS,Metal1,531.0865,444.0115,0.003023
_17010_,VSS,Metal1,519.8865,454.0915,0.002709
_17011_,VSS,Metal1,541.1665,161.7715,0.006131
_17012_,VSS,Metal1,533.3265,160.7880,0.006120
_17013_,VSS,Metal1,582.6065,222.2515,0.006114
_17014_,VSS,Metal1,580.9265,231.3480,0.006234
_17015_,VSS,Metal1,621.2465,282.7315,0.005940
_17016_,VSS,Metal1,620.1265,292.8115,0.005857
_17017_,VSS,Metal1,668.8465,150.7080,0.006235
_17018_,VSS,Metal1,678.3665,150.7080,0.006239
_17019_,VSS,Metal1,691.2465,150.7080,0.006275
_17020_,VSS,Metal1,700.7665,141.6115,0.006686
_17021_,VSS,Metal1,705.2465,282.7315,0.006090
_17022_,VSS,Metal1,704.6865,272.6515,0.006265
_17023_,VSS,Metal1,854.7665,161.7715,0.006791
_17024_,VSS,Metal1,845.2465,161.7715,0.006790
_17025_,VSS,Metal1,764.6065,242.4115,0.006485
_17026_,VSS,Metal1,764.0465,261.5880,0.006314
_17027_,VSS,Metal1,201.2465,312.9715,0.006440
_17028_,VSS,Metal1,207.9665,311.9880,0.006421
_17029_,VSS,Metal1,207.9665,211.1880,0.006827
_17030_,VSS,Metal1,198.4465,201.1080,0.006817
_17031_,VSS,Metal1,368.6865,151.6915,0.006495
_17032_,VSS,Metal1,355.2465,170.8680,0.006335
_17033_,VSS,Metal1,211.8865,130.5480,0.007195
_17034_,VSS,Metal1,198.4465,150.7080,0.007075
_17035_,VSS,Metal1,406.7665,130.5480,0.006666
_17036_,VSS,Metal1,396.1265,141.6115,0.006642
_17037_,VSS,Metal1,521.0065,202.0915,0.005543
_17038_,VSS,Metal1,510.3665,211.1880,0.005735
_17039_,VSS,Metal1,411.2465,271.6680,0.006481
_17040_,VSS,Metal1,405.0865,281.7480,0.006336
_17041_,VSS,Metal1,508.6865,453.1080,0.002710
_17042_,VSS,Metal1,492.4465,454.0915,0.002710
_17043_,VSS,Metal1,577.5665,150.7080,0.006241
_17044_,VSS,Metal1,560.7665,151.6915,0.006240
_17045_,VSS,Metal1,608.9265,282.7315,0.005960
_17046_,VSS,Metal1,605.0065,272.6515,0.006218
_17047_,VSS,Metal1,629.6465,282.7315,0.005938
_17048_,VSS,Metal1,624.6065,281.7480,0.005940
_17049_,VSS,Metal1,659.8865,131.5315,0.006404
_17050_,VSS,Metal1,653.7265,130.5480,0.006392
_17051_,VSS,Metal1,737.1665,131.5315,0.006530
_17052_,VSS,Metal1,728.7665,130.5480,0.006514
_17053_,VSS,Metal1,727.6465,333.1315,0.005222
_17054_,VSS,Metal1,725.9665,323.0515,0.005427
_17055_,VSS,Metal1,883.8865,161.7715,0.006840
_17056_,VSS,Metal1,882.2065,171.8515,0.006661
_17057_,VSS,Metal1,788.1265,252.4915,0.006516
_17058_,VSS,Metal1,786.4465,251.5080,0.006516
_17059_,VSS,Metal1,216.9265,311.9880,0.006421
_17060_,VSS,Metal1,227.5665,212.1715,0.006805
_17061_,VSS,Metal1,353.0065,150.7080,0.006519
_17062_,VSS,Metal1,218.0465,141.6115,0.007064
_17063_,VSS,Metal1,410.1265,140.6280,0.006623
_17064_,VSS,Metal1,521.5665,201.1080,0.005543
_17065_,VSS,Metal1,413.4865,262.5715,0.006364
_17066_,VSS,Metal1,501.9665,444.0115,0.003021
_17067_,VSS,Metal1,569.1665,151.6915,0.006240
_17068_,VSS,Metal1,627.9665,271.6680,0.006157
_17069_,VSS,Metal1,637.4865,302.8915,0.005652
_17070_,VSS,Metal1,641.4065,141.6115,0.006476
_17071_,VSS,Metal1,722.6065,141.6115,0.006727
_17072_,VSS,Metal1,738.8465,311.9880,0.005764
_17073_,VSS,Metal1,896.2065,180.9480,0.006926
_17074_,VSS,Metal1,784.2065,231.3480,0.006557
_17075_,VSS,Metal1,298.1200,665.7400,0.003372
_17076_,VSS,Metal1,328.2675,544.7235,0.002272
_17077_,VSS,Metal1,274.8265,321.9430,0.005918
_17078_,VSS,Metal1,284.3465,321.9430,0.005857
_17079_,VSS,Metal1,267.9230,323.0980,0.005934
_17080_,VSS,Metal1,273.1800,323.0575,0.005918
_17081_,VSS,Metal1,218.0465,323.0515,0.005997
_17082_,VSS,Metal1,219.8425,333.0435,0.005849
_17083_,VSS,Metal1,216.4030,332.1015,0.005851
_17084_,VSS,Metal1,222.7400,332.0350,0.005846
_17085_,VSS,Metal1,253.5465,342.1030,0.005450
_17086_,VSS,Metal1,251.8665,352.1830,0.005343
_17087_,VSS,Metal1,228.1630,342.1815,0.005467
_17088_,VSS,Metal1,245.1800,352.3025,0.005343
_17089_,VSS,Metal1,271.8000,333.1700,0.005488
_17090_,VSS,Metal1,306.0825,493.5160,0.001423
_17091_,VSS,Metal1,310.0800,504.5260,0.001011
_17092_,VSS,Metal1,318.2600,514.6060,0.001446
_17093_,VSS,Metal1,322.8825,524.5635,0.001677
_17094_,VSS,Metal1,328.5600,543.7935,0.002272
_17095_,VSS,Metal1,333.3075,544.7235,0.002254
_17096_,VSS,Metal1,337.8600,575.0860,0.002754
_17097_,VSS,Metal1,344.1625,595.1235,0.003098
_17098_,VSS,Metal1,335.3400,604.3025,0.003234
_17099_,VSS,Metal1,293.2025,574.1560,0.002775
_17100_,VSS,Metal1,245.7065,232.4565,0.006718
_17101_,VSS,Metal1,239.5465,251.3830,0.006757
_17102_,VSS,Metal1,226.4400,232.3700,0.006958
_17103_,VSS,Metal1,239.0200,232.3375,0.006948
_17104_,VSS,Metal1,223.8665,221.1430,0.006819
_17105_,VSS,Metal1,233.9465,202.2165,0.006760
_17106_,VSS,Metal1,218.0400,202.1300,0.006779
_17107_,VSS,Metal1,228.3800,221.2625,0.006808
_17108_,VSS,Metal1,264.7465,221.1430,0.006759
_17109_,VSS,Metal1,265.3065,222.3765,0.006759
_17110_,VSS,Metal1,257.2400,222.2900,0.006778
_17111_,VSS,Metal1,259.7400,231.3425,0.006716
_17112_,VSS,Metal1,252.6675,232.2435,0.006718
_17113_,VSS,Metal1,270.3465,553.7830,0.002388
_17114_,VSS,Metal1,285.6230,554.9050,0.002386
_17115_,VSS,Metal1,285.0630,563.9750,0.002596
_17116_,VSS,Metal1,305.3800,565.0060,0.002592
_17117_,VSS,Metal1,286.9000,564.8600,0.002596
_17118_,VSS,Metal1,279.0600,594.1935,0.003103
_17119_,VSS,Metal1,303.2825,595.1235,0.003101
_17120_,VSS,Metal1,284.9400,604.3025,0.003339
_17121_,VSS,Metal1,349.7625,514.4835,0.001450
_17122_,VSS,Metal1,354.9065,171.9765,0.006335
_17123_,VSS,Metal1,362.7465,161.8965,0.006645
_17124_,VSS,Metal1,336.8030,151.7380,0.006580
_17125_,VSS,Metal1,346.5400,170.8625,0.006378
_17126_,VSS,Metal1,362.1865,200.9830,0.006266
_17127_,VSS,Metal1,362.7465,190.9030,0.006044
_17128_,VSS,Metal1,337.3630,201.0615,0.006301
_17129_,VSS,Metal1,354.9400,191.0225,0.006045
_17130_,VSS,Metal1,330.2665,180.8230,0.006589
_17131_,VSS,Metal1,316.8265,170.7430,0.006462
_17132_,VSS,Metal1,318.8830,192.0580,0.006609
_17133_,VSS,Metal1,323.5800,191.0225,0.006221
_17134_,VSS,Metal1,371.5600,191.9490,0.006021
_17135_,VSS,Metal1,352.6665,503.3830,0.000989
_17136_,VSS,Metal1,344.4230,514.5850,0.001438
_17137_,VSS,Metal1,337.5465,524.7765,0.001664
_17138_,VSS,Metal1,342.6200,523.6625,0.001662
_17139_,VSS,Metal1,332.5000,524.7650,0.001664
_17140_,VSS,Metal1,284.3800,533.7425,0.001861
_17141_,VSS,Metal1,279.0600,624.4335,0.003348
_17142_,VSS,Metal1,298.8025,624.5560,0.003334
_17143_,VSS,Metal1,292.7800,624.4625,0.003334
_17144_,VSS,Metal1,299.3625,533.8360,0.001858
_17145_,VSS,Metal1,232.6065,170.8680,0.006913
_17146_,VSS,Metal1,217.0425,170.9560,0.006957
_17147_,VSS,Metal1,221.4000,180.9100,0.006894
_17148_,VSS,Metal1,218.0465,151.6915,0.007033
_17149_,VSS,Metal1,213.1225,170.9560,0.006970
_17150_,VSS,Metal1,218.0400,161.8100,0.007069
_17151_,VSS,Metal1,292.7465,180.8230,0.006645
_17152_,VSS,Metal1,297.2265,180.8230,0.006644
_17153_,VSS,Metal1,285.2400,190.9900,0.006707
_17154_,VSS,Metal1,276.5400,180.9425,0.006699
_17155_,VSS,Metal1,219.2030,171.8980,0.006957
_17156_,VSS,Metal1,278.1800,190.9150,0.006708
_17157_,VSS,Metal1,285.7800,513.5535,0.001460
_17158_,VSS,Metal1,292.7465,523.5430,0.001720
_17159_,VSS,Metal1,289.5430,524.6650,0.001722
_17160_,VSS,Metal1,305.9400,534.7660,0.001855
_17161_,VSS,Metal1,295.8600,534.6200,0.001859
_17162_,VSS,Metal1,302.0200,594.1935,0.003101
_17163_,VSS,Metal1,298.2425,605.2035,0.003316
_17164_,VSS,Metal1,293.9000,594.2225,0.003102
_17165_,VSS,Metal1,406.6675,553.9960,0.002398
_17166_,VSS,Metal1,396.3465,200.9830,0.006045
_17167_,VSS,Metal1,396.3465,190.9030,0.005989
_17168_,VSS,Metal1,401.7200,192.0500,0.005970
_17169_,VSS,Metal1,401.9800,191.0225,0.005970
_17170_,VSS,Metal1,431.4065,161.7715,0.006320
_17171_,VSS,Metal1,423.6825,181.0360,0.006007
_17172_,VSS,Metal1,423.0000,161.8100,0.006344
_17173_,VSS,Metal1,410.1265,150.7080,0.006407
_17174_,VSS,Metal1,409.6825,161.6835,0.006407
_17175_,VSS,Metal1,398.3600,161.8100,0.006469
_17176_,VSS,Metal1,414.0830,170.8215,0.005991
_17177_,VSS,Metal1,409.2200,192.1250,0.005930
_17178_,VSS,Metal1,411.7800,504.5260,0.000984
_17179_,VSS,Metal1,411.3625,514.4835,0.001474
_17180_,VSS,Metal1,408.6400,523.6335,0.001625
_17181_,VSS,Metal1,408.0800,544.8460,0.002242
_17182_,VSS,Metal1,395.4675,544.7235,0.002247
_17183_,VSS,Metal1,397.7800,605.3260,0.003203
_17184_,VSS,Metal1,401.2825,634.6360,0.003287
_17185_,VSS,Metal1,391.9000,615.3775,0.003120
_17186_,VSS,Metal1,433.7625,534.6435,0.001876
_17187_,VSS,Metal1,494.3465,232.4565,0.006127
_17188_,VSS,Metal1,505.5465,241.3030,0.006116
_17189_,VSS,Metal1,500.8830,242.4580,0.006114
_17190_,VSS,Metal1,497.7400,241.4225,0.006114
_17191_,VSS,Metal1,473.0665,221.1430,0.006061
_17192_,VSS,Metal1,477.5465,212.2965,0.005777
_17193_,VSS,Metal1,463.3630,222.2980,0.006063
_17194_,VSS,Metal1,472.5400,231.3425,0.006162
_17195_,VSS,Metal1,508.9065,212.2965,0.005735
_17196_,VSS,Metal1,513.3865,212.2965,0.005737
_17197_,VSS,Metal1,502.5630,192.0580,0.005264
_17198_,VSS,Metal1,501.6600,211.1825,0.005728
_17199_,VSS,Metal1,488.6000,231.4105,0.006126
_17200_,VSS,Metal1,466.9065,524.7765,0.001587
_17201_,VSS,Metal1,461.4630,544.8250,0.002229
_17202_,VSS,Metal1,455.1465,534.8565,0.001874
_17203_,VSS,Metal1,448.4600,523.6625,0.001591
_17204_,VSS,Metal1,415.3800,543.7150,0.002239
_17205_,VSS,Metal1,353.8200,543.8225,0.002256
_17206_,VSS,Metal1,370.3400,565.0060,0.002595
_17207_,VSS,Metal1,376.6425,585.0435,0.002936
_17208_,VSS,Metal1,381.8200,604.3025,0.003243
_17209_,VSS,Metal1,378.1075,564.0760,0.002598
_17210_,VSS,Metal1,394.4465,261.5880,0.006388
_17211_,VSS,Metal1,392.3225,281.8360,0.006360
_17212_,VSS,Metal1,391.6400,252.5300,0.006545
_17213_,VSS,Metal1,387.1665,251.5080,0.006546
_17214_,VSS,Metal1,402.4025,252.4035,0.006526
_17215_,VSS,Metal1,383.2400,252.5300,0.006548
_17216_,VSS,Metal1,387.1665,211.1880,0.006161
_17217_,VSS,Metal1,378.8825,231.4360,0.006320
_17218_,VSS,Metal1,376.6425,222.1635,0.006360
_17219_,VSS,Metal1,384.9200,232.3700,0.006306
_17220_,VSS,Metal1,386.6000,262.6100,0.006402
_17221_,VSS,Metal1,387.1300,503.5180,0.000985
_17222_,VSS,Metal1,385.6800,504.5260,0.000985
_17223_,VSS,Metal1,376.6425,524.5635,0.001658
_17224_,VSS,Metal1,390.4275,524.5635,0.001654
_17225_,VSS,Metal1,384.5600,543.7935,0.002253
_17226_,VSS,Metal1,383.1475,564.0760,0.002601
_17227_,VSS,Metal1,385.4600,575.0860,0.002761
_17228_,VSS,Metal1,387.8425,604.3960,0.003229
_17229_,VSS,Metal1,382.9400,585.1375,0.002936
_17230_,VSS,Metal1,479.6825,604.3960,0.003035
_17231_,VSS,Metal1,253.5800,563.9860,0.002593
_17232_,VSS,Metal1,474.0825,443.1160,0.003052
_17233_,VSS,Metal1,474.6425,433.0360,0.003226
_17234_,VSS,Metal1,469.7000,413.8850,0.003867
_17235_,VSS,Metal1,475.6400,413.8100,0.003854
_17236_,VSS,Metal1,492.1065,473.1430,0.001963
_17237_,VSS,Metal1,503.8665,463.0630,0.002402
_17238_,VSS,Metal1,485.1600,473.2300,0.001963
_17239_,VSS,Metal1,480.3800,463.1825,0.002424
_17240_,VSS,Metal1,512.0465,422.8680,0.003668
_17241_,VSS,Metal1,498.7225,422.9560,0.003673
_17242_,VSS,Metal1,510.9200,403.7300,0.004018
_17243_,VSS,Metal1,492.4400,423.8900,0.003678
_17244_,VSS,Metal1,489.6400,523.6300,0.001611
_17245_,VSS,Metal1,473.9400,563.9535,0.002603
_17246_,VSS,Metal1,476.8825,564.8835,0.002599
_17247_,VSS,Metal1,474.1600,574.0335,0.002665
_17248_,VSS,Metal1,471.9400,594.1150,0.002942
_17249_,VSS,Metal1,409.2265,624.3430,0.003217
_17250_,VSS,Metal1,404.0750,624.2585,0.003224
_17251_,VSS,Metal1,472.2600,604.2735,0.003065
_17252_,VSS,Metal1,538.4825,615.2835,0.003002
_17253_,VSS,Metal1,560.4265,202.2165,0.005593
_17254_,VSS,Metal1,558.7465,231.2230,0.006231
_17255_,VSS,Metal1,557.4000,212.2100,0.005832
_17256_,VSS,Metal1,557.6600,222.2575,0.006114
_17257_,VSS,Metal1,583.7265,161.7715,0.006193
_17258_,VSS,Metal1,575.4425,170.9560,0.005818
_17259_,VSS,Metal1,582.0400,180.9100,0.005767
_17260_,VSS,Metal1,565.2465,160.7880,0.006153
_17261_,VSS,Metal1,558.6425,160.8760,0.006153
_17262_,VSS,Metal1,551.2400,170.8300,0.005789
_17263_,VSS,Metal1,564.1630,171.8980,0.005809
_17264_,VSS,Metal1,558.4275,251.5960,0.006318
_17265_,VSS,Metal1,542.9625,585.0435,0.002976
_17266_,VSS,Metal1,548.3475,584.2360,0.002988
_17267_,VSS,Metal1,512.8000,585.1660,0.002942
_17268_,VSS,Metal1,509.3625,595.1235,0.002941
_17269_,VSS,Metal1,511.3875,604.3960,0.003034
_17270_,VSS,Metal1,520.1000,614.2750,0.003005
_17271_,VSS,Metal1,523.2200,615.4060,0.003005
_17272_,VSS,Metal1,648.2425,614.4760,0.002949
_17273_,VSS,Metal1,627.9665,262.5715,0.006177
_17274_,VSS,Metal1,598.4025,272.5635,0.006218
_17275_,VSS,Metal1,587.6400,242.4500,0.006129
_17276_,VSS,Metal1,603.8865,261.5880,0.006186
_17277_,VSS,Metal1,597.2825,261.6760,0.006190
_17278_,VSS,Metal1,582.6000,252.5300,0.006305
_17279_,VSS,Metal1,598.8830,251.4615,0.006300
_17280_,VSS,Metal1,637.1465,202.2165,0.005625
_17281_,VSS,Metal1,617.5465,212.2965,0.005853
_17282_,VSS,Metal1,622.9200,212.2100,0.005853
_17283_,VSS,Metal1,629.3400,212.1775,0.005855
_17284_,VSS,Metal1,627.3075,252.4035,0.006288
_17285_,VSS,Metal1,641.5225,503.5960,0.000926
_17286_,VSS,Metal1,636.8275,503.5960,0.000930
_17287_,VSS,Metal1,639.3600,513.5535,0.001284
_17288_,VSS,Metal1,631.4425,533.8360,0.001902
_17289_,VSS,Metal1,641.8675,514.4835,0.001285
_17290_,VSS,Metal1,642.7400,614.2750,0.002947
_17291_,VSS,Metal1,657.6200,595.2460,0.002901
_17292_,VSS,Metal1,679.6025,605.2035,0.003042
_17293_,VSS,Metal1,645.8865,302.8915,0.005652
_17294_,VSS,Metal1,642.0825,312.0760,0.005487
_17295_,VSS,Metal1,647.5600,311.9500,0.005514
_17296_,VSS,Metal1,664.3665,322.0680,0.005273
_17297_,VSS,Metal1,656.0825,312.8835,0.005527
_17298_,VSS,Metal1,655.9600,322.0300,0.005265
_17299_,VSS,Metal1,650.4030,313.0180,0.005515
_17300_,VSS,Metal1,670.7465,271.5430,0.006160
_17301_,VSS,Metal1,680.8265,282.8565,0.006042
_17302_,VSS,Metal1,666.0400,281.7100,0.006035
_17303_,VSS,Metal1,660.1400,282.7375,0.006018
_17304_,VSS,Metal1,672.9600,313.0060,0.005575
_17305_,VSS,Metal1,681.3800,544.9250,0.002159
_17306_,VSS,Metal1,694.0400,563.9500,0.002660
_17307_,VSS,Metal1,689.7800,565.0850,0.002660
_17308_,VSS,Metal1,679.0425,574.9635,0.002677
_17309_,VSS,Metal1,679.1400,585.2450,0.003076
_17310_,VSS,Metal1,671.0600,594.1935,0.002913
_17311_,VSS,Metal1,675.6825,624.5560,0.002974
_17312_,VSS,Metal1,673.5465,192.1365,0.005526
_17313_,VSS,Metal1,678.0265,192.1365,0.005541
_17314_,VSS,Metal1,669.4430,201.0615,0.005782
_17315_,VSS,Metal1,667.9800,191.0225,0.005497
_17316_,VSS,Metal1,638.2665,170.7430,0.005858
_17317_,VSS,Metal1,644.4265,180.8230,0.005793
_17318_,VSS,Metal1,635.2830,171.8980,0.005858
_17319_,VSS,Metal1,637.7400,180.9425,0.005791
_17320_,VSS,Metal1,651.1465,150.5830,0.006180
_17321_,VSS,Metal1,643.3065,151.8165,0.006178
_17322_,VSS,Metal1,651.5230,170.8215,0.005859
_17323_,VSS,Metal1,648.9400,161.7775,0.006116
_17324_,VSS,Metal1,646.5200,202.0290,0.005645
_17325_,VSS,Metal1,656.7465,555.0165,0.002353
_17326_,VSS,Metal1,657.4630,563.9750,0.002642
_17327_,VSS,Metal1,657.3000,565.0850,0.002642
_17328_,VSS,Metal1,665.6025,584.2360,0.003059
_17329_,VSS,Metal1,661.7600,585.1660,0.003054
_17330_,VSS,Metal1,665.1400,595.3250,0.002902
_17331_,VSS,Metal1,671.0600,604.2735,0.003041
_17332_,VSS,Metal1,714.8825,624.5560,0.003056
_17333_,VSS,Metal1,742.4265,170.7430,0.006317
_17334_,VSS,Metal1,739.6265,161.8965,0.006414
_17335_,VSS,Metal1,748.4030,180.9015,0.006369
_17336_,VSS,Metal1,746.9400,170.8625,0.006326
_17337_,VSS,Metal1,718.3465,192.1365,0.005777
_17338_,VSS,Metal1,721.7065,182.0565,0.006121
_17339_,VSS,Metal1,713.1230,192.0580,0.005762
_17340_,VSS,Metal1,717.8200,191.0225,0.005776
_17341_,VSS,Metal1,734.5865,160.6630,0.006401
_17342_,VSS,Metal1,727.3065,150.5830,0.006359
_17343_,VSS,Metal1,718.7230,160.7415,0.006350
_17344_,VSS,Metal1,724.5400,161.7775,0.006361
_17345_,VSS,Metal1,729.5965,191.0600,0.005861
_17346_,VSS,Metal1,732.3465,200.9830,0.006129
_17347_,VSS,Metal1,742.0230,553.8950,0.002360
_17348_,VSS,Metal1,747.7800,565.0060,0.002651
_17349_,VSS,Metal1,751.2825,564.8835,0.002647
_17350_,VSS,Metal1,741.8400,565.0060,0.002651
_17351_,VSS,Metal1,709.3800,604.1950,0.003059
_17352_,VSS,Metal1,701.8600,615.4060,0.002990
_17353_,VSS,Metal1,718.8025,624.5560,0.003062
_17354_,VSS,Metal1,744.1065,301.7830,0.005758
_17355_,VSS,Metal1,721.1465,303.0165,0.005750
_17356_,VSS,Metal1,716.4400,322.0300,0.005398
_17357_,VSS,Metal1,726.2200,312.9775,0.005737
_17358_,VSS,Metal1,735.1465,303.0165,0.005757
_17359_,VSS,Metal1,748.5865,301.7830,0.005758
_17360_,VSS,Metal1,716.4400,301.8700,0.005746
_17361_,VSS,Metal1,745.2600,311.9825,0.005764
_17362_,VSS,Metal1,727.2025,322.1560,0.005427
_17363_,VSS,Metal1,740.5265,272.6515,0.006272
_17364_,VSS,Metal1,723.8425,281.8360,0.006137
_17365_,VSS,Metal1,727.6400,272.6900,0.006270
_17366_,VSS,Metal1,729.3200,281.7100,0.006143
_17367_,VSS,Metal1,733.0630,574.0550,0.002690
_17368_,VSS,Metal1,718.6600,585.1660,0.003097
_17369_,VSS,Metal1,709.8425,584.2360,0.003088
_17370_,VSS,Metal1,718.3200,584.1135,0.003097
_17371_,VSS,Metal1,712.1800,585.2450,0.003088
_17372_,VSS,Metal1,716.9800,614.3535,0.002991
_17373_,VSS,Metal1,696.4025,604.3960,0.003052
_17374_,VSS,Metal1,866.1865,182.0565,0.006903
_17375_,VSS,Metal1,872.3465,180.8230,0.006916
_17376_,VSS,Metal1,861.5230,170.8215,0.006637
_17377_,VSS,Metal1,862.8600,180.9425,0.006894
_17378_,VSS,Metal1,852.7465,202.2165,0.006629
_17379_,VSS,Metal1,844.3465,202.2165,0.006603
_17380_,VSS,Metal1,859.8430,201.0615,0.006657
_17381_,VSS,Metal1,848.8600,201.1025,0.006620
_17382_,VSS,Metal1,833.1465,190.9030,0.006345
_17383_,VSS,Metal1,830.3465,192.1365,0.006342
_17384_,VSS,Metal1,825.1230,202.1380,0.006554
_17385_,VSS,Metal1,825.3400,201.1025,0.006554
_17386_,VSS,Metal1,838.6000,201.1705,0.006601
_17387_,VSS,Metal1,832.4825,574.1560,0.002702
_17388_,VSS,Metal1,827.5200,563.9535,0.002556
_17389_,VSS,Metal1,749.1200,594.1935,0.002943
_17390_,VSS,Metal1,754.0825,594.3160,0.002943
_17391_,VSS,Metal1,742.6675,595.1235,0.002941
_17392_,VSS,Metal1,716.1000,594.1150,0.002931
_17393_,VSS,Metal1,702.4200,604.2735,0.003055
_17394_,VSS,Metal1,695.8425,615.2835,0.002983
_17395_,VSS,Metal1,793.9465,241.3030,0.006509
_17396_,VSS,Metal1,792.8265,232.4565,0.006559
_17397_,VSS,Metal1,768.5200,241.3900,0.006488
_17398_,VSS,Metal1,778.8600,222.2575,0.006547
_17399_,VSS,Metal1,785.5465,222.3765,0.006586
_17400_,VSS,Metal1,784.9865,211.0630,0.006388
_17401_,VSS,Metal1,755.6400,231.3100,0.006553
_17402_,VSS,Metal1,778.3000,221.2625,0.006547
_17403_,VSS,Metal1,774.2425,222.1635,0.006528
_17404_,VSS,Metal1,756.7665,201.1080,0.006169
_17405_,VSS,Metal1,735.6025,221.3560,0.006418
_17406_,VSS,Metal1,739.4000,212.2100,0.006180
_17407_,VSS,Metal1,741.0800,221.2300,0.006446
_17408_,VSS,Metal1,739.7830,574.0550,0.002691
_17409_,VSS,Metal1,736.5800,605.3260,0.003066
_17410_,VSS,Metal1,738.4025,614.4760,0.003007
_17411_,VSS,Metal1,737.3600,595.2460,0.002941
_17412_,VSS,Metal1,710.5000,605.4050,0.003059
_17413_,VSS,Metal1,705.7800,614.3535,0.002990
_17414_,VSS,Metal1,341.8065,695.0280,0.003493
_17415_,VSS,Metal1,313.2465,655.6915,0.003222
_17416_,VSS,Metal1,350.2065,695.0280,0.003473
_17417_,VSS,Metal1,325.5665,684.9480,0.003247
_17418_,VSS,Metal1,313.8065,674.8680,0.003349
_17419_,VSS,Metal1,297.0065,684.9480,0.003275
_17420_,VSS,Metal1,296.4465,685.9315,0.003275
_17421_,VSS,Metal1,171.5665,705.1080,0.003305
_17422_,VSS,Metal1,98.7665,554.8915,0.002395
_17423_,VSS,Metal1,115.1225,594.3160,0.003146
_17424_,VSS,Metal1,185.1225,483.4360,0.001710
_17425_,VSS,Metal1,172.2425,473.3560,0.002141
_17426_,VSS,Metal1,182.0530,463.1900,0.002598
_17427_,VSS,Metal1,186.8025,463.2760,0.002598
_17428_,VSS,Metal1,186.0275,474.1635,0.002150
_17429_,VSS,Metal1,189.6025,483.4360,0.001712
_17430_,VSS,Metal1,200.3400,444.1250,0.003324
_17431_,VSS,Metal1,188.9265,433.9315,0.003595
_17432_,VSS,Metal1,177.7100,433.0360,0.003595
_17433_,VSS,Metal1,186.8025,423.7635,0.003979
_17434_,VSS,Metal1,193.0600,442.9150,0.003324
_17435_,VSS,Metal1,197.2275,423.7635,0.003977
_17436_,VSS,Metal1,192.8200,423.8860,0.003979
_17437_,VSS,Metal1,205.9465,442.9030,0.003322
_17438_,VSS,Metal1,198.8230,443.0150,0.003324
_17439_,VSS,Metal1,198.1065,454.2165,0.002985
_17440_,VSS,Metal1,205.8425,463.2760,0.002598
_17441_,VSS,Metal1,199.4675,473.3560,0.002162
_17442_,VSS,Metal1,205.7000,464.2060,0.002598
_17443_,VSS,Metal1,210.4600,464.1735,0.002595
_17444_,VSS,Metal1,156.0900,352.1650,0.005384
_17445_,VSS,Metal1,140.4200,252.6050,0.006891
_17446_,VSS,Metal1,134.8265,251.3830,0.006905
_17447_,VSS,Metal1,119.7000,313.0850,0.006444
_17448_,VSS,Metal1,115.7865,321.9430,0.006204
_17449_,VSS,Metal1,111.8600,262.6850,0.006971
_17450_,VSS,Metal1,116.9065,262.6965,0.006970
_17451_,VSS,Metal1,111.3000,272.7650,0.006935
_17452_,VSS,Metal1,102.3465,272.7765,0.006935
_17453_,VSS,Metal1,116.9000,241.3150,0.007029
_17454_,VSS,Metal1,110.7465,252.6165,0.006919
_17455_,VSS,Metal1,131.4600,241.3150,0.007021
_17456_,VSS,Metal1,121.9465,241.3030,0.007029
_17457_,VSS,Metal1,132.0200,221.1550,0.007007
_17458_,VSS,Metal1,126.9865,242.5365,0.007025
_17459_,VSS,Metal1,121.3800,291.7150,0.006551
_17460_,VSS,Metal1,107.9465,282.8565,0.006721
_17461_,VSS,Metal1,140.9800,343.3250,0.005653
_17462_,VSS,Metal1,135.9465,343.3365,0.005653
_17463_,VSS,Metal1,147.7000,313.0850,0.006428
_17464_,VSS,Metal1,133.7065,313.0965,0.006431
_17465_,VSS,Metal1,113.5400,313.0850,0.006444
_17466_,VSS,Metal1,102.9065,311.8630,0.006443
_17467_,VSS,Metal1,101.7800,262.6850,0.006971
_17468_,VSS,Metal1,95.6265,261.4630,0.007024
_17469_,VSS,Metal1,101.7800,282.8450,0.006721
_17470_,VSS,Metal1,96.7465,282.8565,0.006721
_17471_,VSS,Metal1,101.7800,242.5250,0.007030
_17472_,VSS,Metal1,97.3065,251.3830,0.006921
_17473_,VSS,Metal1,140.4200,232.4450,0.007045
_17474_,VSS,Metal1,121.9465,221.1430,0.007008
_17475_,VSS,Metal1,140.9800,222.3650,0.006999
_17476_,VSS,Metal1,116.9065,222.3765,0.007021
_17477_,VSS,Metal1,101.7800,292.9250,0.006551
_17478_,VSS,Metal1,96.7465,292.9365,0.006551
_17479_,VSS,Metal1,140.9800,333.2450,0.005897
_17480_,VSS,Metal1,147.1465,333.2565,0.005897
_17481_,VSS,Metal1,307.8500,483.2050,0.001664
_17482_,VSS,Metal1,351.3265,544.8115,0.002256
_17483_,VSS,Metal1,345.1665,534.7315,0.001850
_17484_,VSS,Metal1,312.6865,544.8115,0.002295
_17485_,VSS,Metal1,305.9665,514.5715,0.001446
_17486_,VSS,Metal1,407.8865,524.6515,0.001625
_17487_,VSS,Metal1,418.5265,594.2280,0.003099
_17488_,VSS,Metal1,426.9265,564.9715,0.002612
_17489_,VSS,Metal1,812.7665,604.3080,0.003092
_17490_,VSS,Metal1,766.8465,585.1315,0.003137
_17491_,VSS,Metal1,766.8465,544.8115,0.002180
_17492_,VSS,Metal1,727.6465,544.8115,0.002180
_17493_,VSS,Metal1,747.2465,614.3880,0.003010
_17494_,VSS,Metal1,789.2465,615.3715,0.003013
_17495_,VSS,Metal1,776.3665,615.3715,0.003013
_17496_,VSS,Metal1,798.2065,585.1315,0.002852
_17497_,VSS,Metal1,815.5665,615.3715,0.003006
_17498_,VSS,Metal1,325.5665,533.7480,0.001853
_17499_,VSS,Metal1,307.0865,554.8915,0.002380
_17500_,VSS,Metal1,333.9665,504.4915,0.000983
_17501_,VSS,Metal1,307.0865,533.7480,0.001855
_17502_,VSS,Metal1,407.3265,543.8280,0.002242
_17503_,VSS,Metal1,447.6465,553.9080,0.002378
_17504_,VSS,Metal1,384.3665,544.8115,0.002253
_17505_,VSS,Metal1,465.5665,574.0680,0.002675
_17506_,VSS,Metal1,505.3265,605.2915,0.003026
_17507_,VSS,Metal1,629.6465,523.6680,0.001658
_17508_,VSS,Metal1,679.4865,574.0680,0.002677
_17509_,VSS,Metal1,662.1265,574.0680,0.002665
_17510_,VSS,Metal1,756.7665,563.9880,0.002564
_17511_,VSS,Metal1,708.0465,574.0680,0.002688
_17512_,VSS,Metal1,756.7665,604.3080,0.003068
_17513_,VSS,Metal1,732.6865,614.3880,0.003003
_17514_,VSS,Metal1,11.9665,252.4915,0.006929
_17515_,VSS,Metal1,176.6065,353.2915,0.005380
_17516_,VSS,Metal1,19.2465,291.8280,0.006545
_17517_,VSS,Metal1,20.3665,252.4915,0.006929
_17518_,VSS,Metal1,391.6465,383.5315,0.004668
_17519_,VSS,Metal1,429.1665,272.6515,0.006375
_17520_,VSS,Metal1,430.2865,271.6680,0.006375
_17521_,VSS,Metal1,172.1265,333.1315,0.005872
_17522_,VSS,Metal1,64.6065,130.5480,0.007283
_17523_,VSS,Metal1,70.7665,141.6115,0.007169
_17524_,VSS,Metal1,69.0865,201.1080,0.006962
_17525_,VSS,Metal1,81.4065,121.4515,0.007314
_17526_,VSS,Metal1,70.7665,111.3715,0.007182
_17527_,VSS,Metal1,80.8465,120.4680,0.007314
_17528_,VSS,Metal1,73.0065,170.8680,0.007205
_17529_,VSS,Metal1,90.3665,180.9480,0.007088
_17530_,VSS,Metal1,100.4465,161.7715,0.007164
_17531_,VSS,Metal1,95.5225,232.2435,0.007048
_17532_,VSS,Metal1,90.9000,231.3135,0.007056
_17533_,VSS,Metal1,97.0865,231.3480,0.007048
_17534_,VSS,Metal1,88.0275,392.7160,0.004818
_17535_,VSS,Metal1,91.7000,221.1550,0.007058
_17536_,VSS,Metal1,96.6425,211.2760,0.006974
_17537_,VSS,Metal1,108.4025,191.9235,0.007108
_17538_,VSS,Metal1,103.9225,201.1960,0.006942
_17539_,VSS,Metal1,100.4465,192.0115,0.007108
_17540_,VSS,Metal1,93.1300,131.5215,0.007285
_17541_,VSS,Metal1,93.3800,140.5150,0.007159
_17542_,VSS,Metal1,101.6825,141.5235,0.007159
_17543_,VSS,Metal1,114.5625,121.3635,0.007222
_17544_,VSS,Metal1,106.7225,140.7160,0.007154
_17545_,VSS,Metal1,100.4465,140.6280,0.007159
_17546_,VSS,Metal1,40.4900,150.7180,0.007259
_17547_,VSS,Metal1,41.8600,131.6450,0.007274
_17548_,VSS,Metal1,42.3225,140.7160,0.007183
_17549_,VSS,Metal1,40.6425,130.6360,0.007274
_17550_,VSS,Metal1,19.3625,130.6360,0.007238
_17551_,VSS,Metal1,22.0465,141.6115,0.007182
_17552_,VSS,Metal1,31.1225,130.6360,0.007240
_17553_,VSS,Metal1,34.8900,150.7180,0.007256
_17554_,VSS,Metal1,29.4425,131.4435,0.007240
_17555_,VSS,Metal1,14.8825,121.3635,0.007339
_17556_,VSS,Metal1,25.3800,130.5135,0.007238
_17557_,VSS,Metal1,20.9265,140.6280,0.007182
_17558_,VSS,Metal1,32.2425,170.9560,0.007186
_17559_,VSS,Metal1,41.3065,170.7430,0.007188
_17560_,VSS,Metal1,36.8265,170.7430,0.007188
_17561_,VSS,Metal1,38.4025,181.0360,0.007160
_17562_,VSS,Metal1,37.2825,181.8435,0.007160
_17563_,VSS,Metal1,34.4825,181.0360,0.007162
_17564_,VSS,Metal1,31.5665,181.9315,0.007162
_17565_,VSS,Metal1,41.2025,201.1960,0.007014
_17566_,VSS,Metal1,53.2530,212.1700,0.007299
_17567_,VSS,Metal1,56.1800,211.2460,0.007297
_17568_,VSS,Metal1,56.8825,221.3560,0.007083
_17569_,VSS,Metal1,33.1400,202.0510,0.007023
_17570_,VSS,Metal1,32.1000,212.2060,0.007303
_17571_,VSS,Metal1,22.0465,212.1715,0.007287
_17572_,VSS,Metal1,38.9625,291.9160,0.006546
_17573_,VSS,Metal1,69.5475,302.8035,0.006428
_17574_,VSS,Metal1,34.4825,312.8835,0.006404
_17575_,VSS,Metal1,23.8425,302.8035,0.006424
_17576_,VSS,Metal1,30.5625,292.7235,0.006545
_17577_,VSS,Metal1,51.1665,221.2680,0.007090
_17578_,VSS,Metal1,90.3665,241.4280,0.007030
_17579_,VSS,Metal1,90.3665,191.0280,0.007111
_17580_,VSS,Metal1,100.4465,131.5315,0.007285
_17581_,VSS,Metal1,29.3265,140.6280,0.007183
_17582_,VSS,Metal1,21.4865,121.4515,0.007338
_17583_,VSS,Metal1,32.6865,191.0280,0.007118
_17584_,VSS,Metal1,13.6465,212.1715,0.007288
_17585_,VSS,Metal1,72.0025,222.1635,0.007076
_17586_,VSS,Metal1,63.0425,212.0835,0.007292
_17587_,VSS,Metal1,63.0425,222.1635,0.007076
_17588_,VSS,Metal1,68.0825,222.1635,0.007076
_17589_,VSS,Metal1,59.1225,212.0835,0.007294
_17590_,VSS,Metal1,348.5265,121.4515,0.006611
_17591_,VSS,Metal1,367.5665,140.6280,0.006678
_17592_,VSS,Metal1,188.3665,181.9315,0.006960
_17593_,VSS,Metal1,236.5265,121.4515,0.007034
_17594_,VSS,Metal1,406.7665,120.4680,0.006479
_17595_,VSS,Metal1,423.5665,101.2915,0.006494
_17596_,VSS,Metal1,423.0065,130.5480,0.006606
_17597_,VSS,Metal1,160.3665,202.0915,0.006887
_17598_,VSS,Metal1,87.6825,433.0360,0.003704
_17599_,VSS,Metal1,89.7800,442.9935,0.003430
_17600_,VSS,Metal1,82.6425,453.1960,0.003009
_17601_,VSS,Metal1,87.2600,454.0975,0.003011
_17602_,VSS,Metal1,351.3265,564.9715,0.002588
_17603_,VSS,Metal1,335.6465,554.8915,0.002379
_17604_,VSS,Metal1,313.2465,564.9715,0.002592
_17605_,VSS,Metal1,287.4865,574.0680,0.002775
_17606_,VSS,Metal1,394.4465,553.9080,0.002399
_17607_,VSS,Metal1,407.3265,574.0680,0.002744
_17608_,VSS,Metal1,406.2065,564.9715,0.002616
_17609_,VSS,Metal1,404.5265,584.1480,0.002943
_17610_,VSS,Metal1,122.2865,373.4515,0.005337
_17611_,VSS,Metal1,172.6865,383.5315,0.005002
_17612_,VSS,Metal1,159.2465,372.4680,0.005300
_17613_,VSS,Metal1,171.5665,412.7880,0.004177
_17614_,VSS,Metal1,80.2865,373.4515,0.005293
_17615_,VSS,Metal1,173.2465,392.6280,0.004751
_17616_,VSS,Metal1,71.3265,393.6115,0.004838
_17617_,VSS,Metal1,71.8865,373.4515,0.005293
_17618_,VSS,Metal1,112.8825,473.3560,0.002188
_17619_,VSS,Metal1,105.7400,473.2625,0.002189
_17620_,VSS,Metal1,156.1000,584.0350,0.002913
_17621_,VSS,Metal1,155.5465,615.4965,0.003391
_17622_,VSS,Metal1,167.3000,483.2350,0.001700
_17623_,VSS,Metal1,170.1065,493.3030,0.001425
_17624_,VSS,Metal1,186.9000,625.5650,0.003433
_17625_,VSS,Metal1,179.0665,635.6565,0.003387
_17626_,VSS,Metal1,102.3465,343.3365,0.005663
_17627_,VSS,Metal1,113.5300,343.3550,0.005658
_17628_,VSS,Metal1,112.1000,332.1885,0.005912
_17629_,VSS,Metal1,70.8825,343.1235,0.005669
_17630_,VSS,Metal1,58.0025,333.0435,0.005920
_17631_,VSS,Metal1,68.9875,342.3160,0.005670
_17632_,VSS,Metal1,73.6825,352.3960,0.005572
_17633_,VSS,Metal1,70.2650,323.1610,0.006234
_17634_,VSS,Metal1,62.2675,333.0435,0.005921
_17635_,VSS,Metal1,64.8265,342.1030,0.005680
_17636_,VSS,Metal1,78.0200,323.0860,0.006226
_17637_,VSS,Metal1,61.3050,313.0810,0.006433
_17638_,VSS,Metal1,54.6425,332.2360,0.005918
_17639_,VSS,Metal1,55.6200,313.0060,0.006427
_17640_,VSS,Metal1,70.1000,312.9310,0.006433
_17641_,VSS,Metal1,12.6425,322.1560,0.006154
_17642_,VSS,Metal1,28.3225,322.1560,0.006160
_17643_,VSS,Metal1,18.6600,322.0335,0.006154
_17644_,VSS,Metal1,28.8825,312.8835,0.006397
_17645_,VSS,Metal1,19.3625,301.9960,0.006424
_17646_,VSS,Metal1,18.6600,302.9260,0.006424
_17647_,VSS,Metal1,57.5465,352.1830,0.005570
_17648_,VSS,Metal1,51.1665,352.3080,0.005569
_17649_,VSS,Metal1,41.6465,352.3080,0.005569
_17650_,VSS,Metal1,80.9050,332.0385,0.005921
_17651_,VSS,Metal1,71.7875,333.0435,0.005921
_17652_,VSS,Metal1,80.7400,342.2685,0.005664
_17653_,VSS,Metal1,79.1665,333.1315,0.005921
_17654_,VSS,Metal1,74.8025,342.3160,0.005666
_17655_,VSS,Metal1,78.1625,231.4360,0.007056
_17656_,VSS,Metal1,24.2865,241.4280,0.007021
_17657_,VSS,Metal1,178.8465,363.3715,0.005258
_17658_,VSS,Metal1,16.4465,281.7480,0.006713
_17659_,VSS,Metal1,31.5665,262.5715,0.007037
_17660_,VSS,Metal1,394.4465,382.5480,0.004667
_17661_,VSS,Metal1,433.6465,291.8280,0.006095
_17662_,VSS,Metal1,447.0865,262.5715,0.006286
_17663_,VSS,Metal1,168.2065,342.2280,0.005610
_17664_,VSS,Metal1,70.7665,121.4515,0.007336
_17665_,VSS,Metal1,57.3265,160.7880,0.007184
_17666_,VSS,Metal1,72.4465,171.8515,0.007205
_17667_,VSS,Metal1,80.8465,130.5480,0.007286
_17668_,VSS,Metal1,61.2465,101.2915,0.006984
_17669_,VSS,Metal1,92.6065,120.4680,0.007287
_17670_,VSS,Metal1,76.9265,161.7715,0.007182
_17671_,VSS,Metal1,92.0465,161.7715,0.007164
_17672_,VSS,Metal1,118.3665,170.8680,0.007204
_17673_,VSS,Metal1,109.9665,212.1715,0.006963
_17674_,VSS,Metal1,120.0465,191.0280,0.007093
_17675_,VSS,Metal1,111.0865,151.6915,0.007256
_17676_,VSS,Metal1,22.0465,161.7715,0.007188
_17677_,VSS,Metal1,31.5665,151.6915,0.007255
_17678_,VSS,Metal1,22.0465,192.0115,0.007118
_17679_,VSS,Metal1,23.1665,231.3480,0.007040
_17680_,VSS,Metal1,52.8465,292.8115,0.006548
_17681_,VSS,Metal1,41.0865,312.9715,0.006404
_17682_,VSS,Metal1,41.6465,221.2680,0.007090
_17683_,VSS,Metal1,41.6465,202.0915,0.007014
_17684_,VSS,Metal1,78.6065,242.4115,0.007031
_17685_,VSS,Metal1,71.8865,232.3315,0.007057
_17686_,VSS,Metal1,82.2400,221.3100,0.007065
_17687_,VSS,Metal1,97.7625,181.0360,0.007088
_17688_,VSS,Metal1,108.9625,171.7635,0.007207
_17689_,VSS,Metal1,110.1600,181.9660,0.007087
_17690_,VSS,Metal1,107.8425,120.5560,0.007232
_17691_,VSS,Metal1,116.2425,130.6360,0.007285
_17692_,VSS,Metal1,110.7200,121.4860,0.007231
_17693_,VSS,Metal1,34.0265,131.6565,0.007241
_17694_,VSS,Metal1,36.6000,140.5900,0.007183
_17695_,VSS,Metal1,48.3400,140.6860,0.007182
_17696_,VSS,Metal1,29.7330,121.4500,0.007341
_17697_,VSS,Metal1,30.4400,111.4100,0.007178
_17698_,VSS,Metal1,36.0200,111.3135,0.007178
_17699_,VSS,Metal1,31.6825,171.7635,0.007186
_17700_,VSS,Metal1,48.4825,170.9560,0.007191
_17701_,VSS,Metal1,38.4800,171.8860,0.007188
_17702_,VSS,Metal1,71.7875,212.0835,0.007292
_17703_,VSS,Metal1,30.8530,221.2700,0.007090
_17704_,VSS,Metal1,22.0400,202.1300,0.007023
_17705_,VSS,Metal1,16.9800,202.0335,0.007023
_17706_,VSS,Metal1,80.3230,211.1415,0.006997
_17707_,VSS,Metal1,71.4425,202.0035,0.006960
_17708_,VSS,Metal1,78.6430,212.2180,0.006997
_17709_,VSS,Metal1,77.6025,201.1960,0.006951
_17710_,VSS,Metal1,346.8830,111.4180,0.006616
_17711_,VSS,Metal1,351.8600,101.2335,0.006650
_17712_,VSS,Metal1,374.8830,140.5815,0.006676
_17713_,VSS,Metal1,357.4600,140.6860,0.006684
_17714_,VSS,Metal1,196.2430,190.9815,0.006984
_17715_,VSS,Metal1,190.0200,201.1660,0.006818
_17716_,VSS,Metal1,238.8030,110.3415,0.006906
_17717_,VSS,Metal1,238.1800,130.6060,0.007191
_17718_,VSS,Metal1,422.4830,111.4180,0.006540
_17719_,VSS,Metal1,412.3400,120.5260,0.006459
_17720_,VSS,Metal1,432.0030,110.3415,0.006468
_17721_,VSS,Metal1,428.5800,121.3935,0.006432
_17722_,VSS,Metal1,434.8030,130.5015,0.006591
_17723_,VSS,Metal1,435.8600,120.5260,0.006428
_17724_,VSS,Metal1,171.0430,201.0615,0.006870
_17725_,VSS,Metal1,170.4200,211.2460,0.006917
_17726_,VSS,Metal1,167.6830,130.5015,0.007241
_17727_,VSS,Metal1,161.4600,120.5260,0.007131
_17728_,VSS,Metal1,94.4025,212.0835,0.006979
_17729_,VSS,Metal1,100.4200,212.2060,0.006963
_17730_,VSS,Metal1,129.6825,181.0360,0.007053
_17731_,VSS,Metal1,128.9800,190.9935,0.007093
_17732_,VSS,Metal1,130.2425,130.6360,0.007268
_17733_,VSS,Metal1,122.2600,130.5135,0.007284
_17734_,VSS,Metal1,41.7625,111.2835,0.007179
_17735_,VSS,Metal1,37.1400,130.5135,0.007241
_17736_,VSS,Metal1,23.8425,101.2035,0.007030
_17737_,VSS,Metal1,19.7800,110.3535,0.007178
_17738_,VSS,Metal1,49.6025,181.0360,0.007158
_17739_,VSS,Metal1,43.8600,190.9935,0.007118
_17740_,VSS,Metal1,60.2425,181.8435,0.007127
_17741_,VSS,Metal1,56.7400,192.0460,0.007117
_17742_,VSS,Metal1,27.6465,372.4680,0.005245
_17743_,VSS,Metal1,16.1000,231.2350,0.007040
_17744_,VSS,Metal1,11.3800,231.4060,0.007040
_17745_,VSS,Metal1,16.2930,323.0500,0.006154
_17746_,VSS,Metal1,31.5665,353.2915,0.005555
_17747_,VSS,Metal1,22.8100,323.1025,0.006154
_17748_,VSS,Metal1,32.6865,362.3880,0.005320
_17749_,VSS,Metal1,22.7975,322.0750,0.006154
_17750_,VSS,Metal1,31.5665,363.3715,0.005320
_17751_,VSS,Metal1,31.5665,343.2115,0.005687
_17752_,VSS,Metal1,22.0465,333.1315,0.005901
_17753_,VSS,Metal1,22.0465,343.2115,0.005687
_17754_,VSS,Metal1,34.4825,413.6835,0.004276
_17755_,VSS,Metal1,28.8825,423.7635,0.003913
_17756_,VSS,Metal1,34.1800,422.9230,0.003923
_17757_,VSS,Metal1,49.0425,422.9560,0.004002
_17758_,VSS,Metal1,55.4600,422.9230,0.004002
_17759_,VSS,Metal1,56.9700,413.8260,0.004311
_17760_,VSS,Metal1,44.0025,423.7635,0.003947
_17761_,VSS,Metal1,105.7065,422.7430,0.004034
_17762_,VSS,Metal1,110.3730,412.7900,0.004330
_17763_,VSS,Metal1,116.8900,412.7335,0.004330
_17764_,VSS,Metal1,100.1065,382.4230,0.005019
_17765_,VSS,Metal1,94.1030,382.5350,0.005019
_17766_,VSS,Metal1,117.4665,383.6565,0.005018
_17767_,VSS,Metal1,109.7830,393.6250,0.004807
_17768_,VSS,Metal1,136.5065,382.4230,0.005005
_17769_,VSS,Metal1,130.5030,382.5350,0.005005
_17770_,VSS,Metal1,102.3465,393.7365,0.004816
_17771_,VSS,Metal1,95.2230,393.6250,0.004816
_17772_,VSS,Metal1,31.7865,393.7365,0.004853
_17773_,VSS,Metal1,22.4230,383.5450,0.005016
_17774_,VSS,Metal1,138.1865,403.8165,0.004451
_17775_,VSS,Metal1,134.9830,402.6950,0.004452
_17776_,VSS,Metal1,79.9465,412.6630,0.004318
_17777_,VSS,Metal1,67.2230,422.8550,0.004003
_17778_,VSS,Metal1,49.1465,382.4230,0.005020
_17779_,VSS,Metal1,42.0230,382.5350,0.005016
_17780_,VSS,Metal1,30.9800,413.8060,0.004276
_17781_,VSS,Metal1,23.3800,403.8050,0.004494
_17782_,VSS,Metal1,17.7800,403.8050,0.004494
_17783_,VSS,Metal1,22.2665,413.8965,0.004276
_17784_,VSS,Metal1,19.7900,402.7960,0.004494
_17785_,VSS,Metal1,11.8130,403.6900,0.004494
_17786_,VSS,Metal1,23.9465,422.7430,0.003910
_17787_,VSS,Metal1,17.6825,413.6835,0.004276
_17788_,VSS,Metal1,16.0025,443.1160,0.003355
_17789_,VSS,Metal1,13.8665,422.7430,0.003910
_17790_,VSS,Metal1,11.8600,432.9885,0.003653
_17791_,VSS,Metal1,19.2300,422.9560,0.003910
_17792_,VSS,Metal1,110.5265,373.4515,0.005336
_17793_,VSS,Metal1,129.5665,392.6280,0.004806
_17794_,VSS,Metal1,149.1665,373.4515,0.005333
_17795_,VSS,Metal1,140.2065,392.6280,0.004801
_17796_,VSS,Metal1,32.6865,392.6280,0.004853
_17797_,VSS,Metal1,149.1665,393.6115,0.004784
_17798_,VSS,Metal1,72.4465,413.7715,0.004315
_17799_,VSS,Metal1,57.3265,392.6280,0.004861
_17800_,VSS,Metal1,70.7665,353.2915,0.005572
_17801_,VSS,Metal1,291.9665,261.5880,0.006556
_17802_,VSS,Metal1,316.0465,261.5880,0.006483
_17803_,VSS,Metal1,312.6865,262.5715,0.006484
_17804_,VSS,Metal1,342.3665,241.4280,0.006520
_17805_,VSS,Metal1,335.6465,252.4915,0.006576
_17806_,VSS,Metal1,345.1665,262.5715,0.006456
_17807_,VSS,Metal1,327.2465,392.6280,0.004523
_17808_,VSS,Metal1,45.5665,413.7715,0.004291
_17809_,VSS,Metal1,31.5665,403.6915,0.004494
_17810_,VSS,Metal1,31.5665,444.0115,0.003357
_17811_,VSS,Metal1,31.5665,433.9315,0.003653
_17812_,VSS,Metal1,54.5000,442.9935,0.003419
_17813_,VSS,Metal1,43.4425,433.0360,0.003684
_17814_,VSS,Metal1,35.4865,906.7080,0.003936
_17815_,VSS,Metal1,31.5665,827.0515,0.003842
_17816_,VSS,Metal1,13.6465,796.8115,0.003766
_17817_,VSS,Metal1,22.0465,796.8115,0.003766
_17818_,VSS,Metal1,36.0465,856.3080,0.003926
_17819_,VSS,Metal1,31.5665,917.7715,0.003954
_17820_,VSS,Metal1,31.5665,877.4515,0.003956
_17821_,VSS,Metal1,230.9265,1078.0680,0.003356
_17822_,VSS,Metal1,178.8465,1089.1315,0.003328
_17823_,VSS,Metal1,126.2065,1078.0680,0.003577
_17824_,VSS,Metal1,22.6065,1047.8280,0.003856
_17825_,VSS,Metal1,32.1265,1078.0680,0.003808
_17826_,VSS,Metal1,203.4865,1078.0680,0.003361
_17827_,VSS,Metal1,240.4465,1078.0680,0.003355
_17828_,VSS,Metal1,22.0465,988.3315,0.003866
_17829_,VSS,Metal1,31.5665,937.9315,0.004067
_17830_,VSS,Metal1,31.5665,665.7715,0.003551
_17831_,VSS,Metal1,31.5665,696.0115,0.003696
_17832_,VSS,Metal1,22.0465,716.1715,0.003713
_17833_,VSS,Metal1,39.9665,675.8515,0.003713
_17834_,VSS,Metal1,22.0465,736.3315,0.003767
_17835_,VSS,Metal1,31.5665,756.4915,0.003834
_17836_,VSS,Metal1,31.5665,746.4115,0.003793
_17837_,VSS,Metal1,89.2465,1078.0680,0.003765
_17838_,VSS,Metal1,94.2865,1088.1480,0.003635
_17839_,VSS,Metal1,40.5265,1078.0680,0.003808
_17840_,VSS,Metal1,22.0465,1008.4915,0.003887
_17841_,VSS,Metal1,22.0465,1058.8915,0.003906
_17842_,VSS,Metal1,23.1665,1017.5880,0.003890
_17843_,VSS,Metal1,74.6865,1078.0680,0.003779
_17844_,VSS,Metal1,33.8065,958.0915,0.003830
_17845_,VSS,Metal1,31.5665,948.0115,0.003852
_17846_,VSS,Metal1,166.6425,664.8760,0.003473
_17847_,VSS,Metal1,156.6665,665.8965,0.003496
_17848_,VSS,Metal1,158.9065,664.6630,0.003496
_17849_,VSS,Metal1,191.7265,655.6915,0.003372
_17850_,VSS,Metal1,206.8300,654.7960,0.003365
_17851_,VSS,Metal1,198.6665,655.8765,0.003372
_17852_,VSS,Metal1,205.9465,655.8165,0.003365
_17853_,VSS,Metal1,200.1100,665.6835,0.003443
_17854_,VSS,Metal1,197.5465,664.6030,0.003443
_17855_,VSS,Metal1,193.0665,674.7430,0.003585
_17856_,VSS,Metal1,198.4300,674.9560,0.003583
_17857_,VSS,Metal1,193.0665,676.0365,0.003585
_17858_,VSS,Metal1,197.5465,684.8230,0.003550
_17859_,VSS,Metal1,188.3500,695.1160,0.003700
_17860_,VSS,Metal1,185.6825,675.7635,0.003586
_17861_,VSS,Metal1,190.2665,684.7630,0.003552
_17862_,VSS,Metal1,180.6425,665.6835,0.003462
_17863_,VSS,Metal1,166.4275,674.9560,0.003615
_17864_,VSS,Metal1,161.6025,675.7635,0.003634
_17865_,VSS,Metal1,181.0600,674.8335,0.003614
_17866_,VSS,Metal1,173.7900,674.9560,0.003614
_17867_,VSS,Metal1,171.6825,665.6835,0.003462
_17868_,VSS,Metal1,186.3800,685.9375,0.003554
_17869_,VSS,Metal1,511.0425,645.5235,0.002947
_17870_,VSS,Metal1,519.2275,645.5235,0.002952
_17871_,VSS,Metal1,538.4825,645.5235,0.002981
_17872_,VSS,Metal1,530.6425,645.5235,0.002974
_17873_,VSS,Metal1,528.4025,644.7160,0.002971
_17874_,VSS,Metal1,542.2600,645.5535,0.002983
_17875_,VSS,Metal1,538.8275,655.6035,0.003006
_17876_,VSS,Metal1,532.0230,655.7050,0.003006
_17877_,VSS,Metal1,528.2600,654.7660,0.003005
_17878_,VSS,Metal1,533.3630,654.6615,0.003006
_17879_,VSS,Metal1,532.2430,664.7415,0.003100
_17880_,VSS,Metal1,172.3200,615.4950,0.003353
_17881_,VSS,Metal1,814.1000,1077.9550,0.002056
_17882_,VSS,Metal1,168.1800,624.4335,0.003434
_17883_,VSS,Metal1,173.9225,635.4435,0.003387
_17884_,VSS,Metal1,166.0825,644.7160,0.003427
_17885_,VSS,Metal1,159.2465,634.5480,0.003388
_17886_,VSS,Metal1,516.1865,1038.8565,0.000907
_17887_,VSS,Metal1,659.3000,1078.1260,0.002199
_17888_,VSS,Metal1,510.9000,664.7535,0.003083
_17889_,VSS,Metal1,509.2200,776.5935,0.001195
_17890_,VSS,Metal1,510.5700,765.4450,0.001262
_17891_,VSS,Metal1,510.0200,1028.7650,0.000830
_17892_,VSS,Metal1,681.9465,1077.9430,0.002259
_17893_,VSS,Metal1,676.6500,1078.0780,0.002254
_17894_,VSS,Metal1,560.7400,1089.0735,0.002436
_17895_,VSS,Metal1,669.0665,1079.1765,0.002229
_17896_,VSS,Metal1,665.6025,1089.0435,0.002466
_17897_,VSS,Metal1,802.2425,1089.0435,0.002432
_17898_,VSS,Metal1,784.8825,1078.1560,0.002198
_17899_,VSS,Metal1,808.2600,1089.1660,0.002431
_17900_,VSS,Metal1,785.0200,1088.1460,0.002436
_17901_,VSS,Metal1,812.8825,1078.9635,0.002056
_17902_,VSS,Metal1,817.5000,1089.1375,0.002430
_17903_,VSS,Metal1,661.2200,1089.2450,0.002466
_17904_,VSS,Metal1,656.0825,1089.0435,0.002466
_17905_,VSS,Metal1,658.4200,1079.1650,0.002199
_17906_,VSS,Metal1,637.6025,1089.0435,0.002403
_17907_,VSS,Metal1,651.1200,1079.0860,0.002182
_17908_,VSS,Metal1,644.3225,1088.2360,0.002414
_17909_,VSS,Metal1,513.9175,1037.7550,0.000907
_17910_,VSS,Metal1,622.3400,1079.0860,0.002149
_17911_,VSS,Metal1,604.0025,1098.3160,0.002078
_17912_,VSS,Metal1,605.3625,1089.3035,0.002457
_17913_,VSS,Metal1,609.1800,1079.0575,0.002132
_17914_,VSS,Metal1,528.4025,1089.0435,0.002405
_17915_,VSS,Metal1,524.3300,1098.2380,0.002085
_17916_,VSS,Metal1,523.9975,1078.0750,0.001923
_17917_,VSS,Metal1,518.3225,1098.3160,0.002086
_17918_,VSS,Metal1,510.0265,1069.0965,0.001177
_17919_,VSS,Metal1,506.7000,1089.1335,0.002384
_17920_,VSS,Metal1,533.8700,1078.1560,0.001923
_17921_,VSS,Metal1,677.9225,1089.0435,0.002540
_17922_,VSS,Metal1,686.3225,1078.9635,0.002267
_17923_,VSS,Metal1,695.1400,1089.0735,0.002542
_17924_,VSS,Metal1,698.5265,1088.1480,0.002542
_17925_,VSS,Metal1,676.1850,1079.1610,0.002254
_17926_,VSS,Metal1,674.1065,1089.2565,0.002479
_17927_,VSS,Metal1,710.4025,1089.0435,0.002544
_17928_,VSS,Metal1,715.5400,1089.2450,0.002543
_17929_,VSS,Metal1,725.6800,1089.0900,0.002543
_17930_,VSS,Metal1,715.5800,1079.0575,0.002298
_17931_,VSS,Metal1,736.0300,1098.3160,0.002085
_17932_,VSS,Metal1,733.4665,1077.9430,0.002291
_17933_,VSS,Metal1,737.3865,1079.2365,0.002291
_17934_,VSS,Metal1,714.3225,1078.1560,0.002298
_17935_,VSS,Metal1,725.8600,1078.1085,0.002302
_17936_,VSS,Metal1,720.3400,1078.0335,0.002302
_17937_,VSS,Metal1,740.4275,1098.3160,0.002082
_17938_,VSS,Metal1,752.3450,1089.2410,0.002532
_17939_,VSS,Metal1,758.6665,1089.2565,0.002524
_17940_,VSS,Metal1,498.7225,795.9160,0.000994
_17941_,VSS,Metal1,500.0000,796.7700,0.000994
_17942_,VSS,Metal1,508.3400,807.0050,0.000915
_17943_,VSS,Metal1,505.0200,786.7375,0.001067
_17944_,VSS,Metal1,497.6025,805.9960,0.000916
_17945_,VSS,Metal1,506.3400,796.7710,0.000993
_17946_,VSS,Metal1,503.6200,806.9260,0.000916
_17947_,VSS,Metal1,516.7400,796.9250,0.000994
_17948_,VSS,Metal1,509.4665,785.6230,0.001066
_17949_,VSS,Metal1,499.8425,644.7160,0.002945
_17950_,VSS,Metal1,402.1330,665.7700,0.003304
_17951_,VSS,Metal1,500.8300,645.5235,0.002945
_17952_,VSS,Metal1,496.0265,644.5030,0.002920
_17953_,VSS,Metal1,492.1400,635.5375,0.003161
_17954_,VSS,Metal1,496.4825,766.4835,0.001263
_17955_,VSS,Metal1,502.4200,766.5310,0.001263
_17956_,VSS,Metal1,510.3400,766.6060,0.001262
_17957_,VSS,Metal1,504.6675,776.5635,0.001196
_17958_,VSS,Metal1,507.6825,1018.4835,0.000735
_17959_,VSS,Metal1,503.7625,1007.5960,0.000667
_17960_,VSS,Metal1,179.5975,291.8350,0.006482
_17961_,VSS,Metal1,166.7175,291.8350,0.006484
_17962_,VSS,Metal1,186.8900,282.8750,0.006665
_17963_,VSS,Metal1,509.9225,624.5560,0.003143
_17964_,VSS,Metal1,503.6200,625.4090,0.003137
_17965_,VSS,Metal1,177.2825,584.2360,0.002911
_17966_,VSS,Metal1,174.0200,575.1650,0.002743
_17967_,VSS,Metal1,441.1400,684.8350,0.003019
_17968_,VSS,Metal1,470.2665,686.0565,0.003006
_17969_,VSS,Metal1,487.5225,635.4435,0.003149
_17970_,VSS,Metal1,494.3465,625.5765,0.003110
_17971_,VSS,Metal1,508.8650,644.4765,0.002947
_17972_,VSS,Metal1,36.6065,242.4115,0.007024
_17973_,VSS,Metal1,148.6065,353.2915,0.005562
_17974_,VSS,Metal1,33.2465,272.6515,0.006889
_17975_,VSS,Metal1,39.9665,252.4915,0.006927
_17976_,VSS,Metal1,384.3665,363.3715,0.004634
_17977_,VSS,Metal1,463.8865,262.5715,0.006244
_17978_,VSS,Metal1,483.4865,262.5715,0.006170
_17979_,VSS,Metal1,825.6465,342.2280,0.005128
_17980_,VSS,Metal1,814.4465,342.2280,0.005104
_17981_,VSS,Metal1,832.3665,554.8915,0.002360
_17982_,VSS,Metal1,806.0465,645.6115,0.003318
_17983_,VSS,Metal1,806.0465,635.5315,0.003191
_17984_,VSS,Metal1,835.1665,644.6280,0.003336
_17985_,VSS,Metal1,822.8465,654.7080,0.003252
_17986_,VSS,Metal1,831.8065,615.3715,0.003021
_17987_,VSS,Metal1,834.6065,645.6115,0.003336
_17988_,VSS,Metal1,502.1865,624.3430,0.003137
_17989_,VSS,Metal1,38.2865,71.0515,0.006892
_17990_,VSS,Metal1,51.1665,90.2280,0.007158
_17991_,VSS,Metal1,69.6465,100.3080,0.006980
_17992_,VSS,Metal1,78.0465,100.3080,0.006975
_17993_,VSS,Metal1,41.6465,90.2280,0.007157
_17994_,VSS,Metal1,257.2465,91.2115,0.006844
_17995_,VSS,Metal1,266.7665,91.2115,0.006844
_17996_,VSS,Metal1,501.9665,131.5315,0.006456
_17997_,VSS,Metal1,570.8465,121.4515,0.006411
_17998_,VSS,Metal1,619.5665,131.5315,0.006409
_17999_,VSS,Metal1,681.7265,121.4515,0.006454
_18000_,VSS,Metal1,667.7265,120.4680,0.006451
_18001_,VSS,Metal1,700.7665,131.5315,0.006484
_18002_,VSS,Metal1,737.1665,121.4515,0.006557
_18003_,VSS,Metal1,747.2465,130.5480,0.006558
_18004_,VSS,Metal1,765.1665,131.5315,0.006630
_18005_,VSS,Metal1,497.6025,624.5560,0.003127
_18006_,VSS,Metal1,132.9265,170.8680,0.007196
_18007_,VSS,Metal1,138.5265,151.6915,0.007233
_18008_,VSS,Metal1,130.6865,141.6115,0.007137
_18009_,VSS,Metal1,159.2465,140.6280,0.007108
_18010_,VSS,Metal1,462.7665,141.6115,0.006463
_18011_,VSS,Metal1,467.8065,160.7880,0.006158
_18012_,VSS,Metal1,490.7665,160.7880,0.006036
_18013_,VSS,Metal1,884.4465,202.0915,0.006722
_18014_,VSS,Metal1,893.9665,252.4915,0.006704
_18015_,VSS,Metal1,893.9665,242.4115,0.006758
_18016_,VSS,Metal1,864.8465,291.8280,0.006231
_18017_,VSS,Metal1,845.2465,292.8115,0.006214
_18018_,VSS,Metal1,859.8065,312.9715,0.006083
_18019_,VSS,Metal1,878.8465,311.9880,0.006124
_18020_,VSS,Metal1,895.0865,342.2280,0.005363
_18021_,VSS,Metal1,902.9265,311.9880,0.006125
_18022_,VSS,Metal1,112.2065,81.1315,0.007040
_18023_,VSS,Metal1,100.4465,91.2115,0.007190
_18024_,VSS,Metal1,112.2065,110.3880,0.007136
_18025_,VSS,Metal1,111.0865,101.2915,0.006965
_18026_,VSS,Metal1,188.3665,91.2115,0.007030
_18027_,VSS,Metal1,195.0865,110.3880,0.006972
_18028_,VSS,Metal1,207.9665,100.3080,0.006885
_18029_,VSS,Metal1,462.7665,111.3715,0.006394
_18030_,VSS,Metal1,473.4065,120.4680,0.006381
_18031_,VSS,Metal1,799.3265,121.4515,0.006662
_18032_,VSS,Metal1,824.5265,130.5480,0.006765
_18033_,VSS,Metal1,838.5265,121.4515,0.006727
_18034_,VSS,Metal1,845.2465,131.5315,0.006812
_18035_,VSS,Metal1,878.8465,131.5315,0.006914
_18036_,VSS,Metal1,881.0865,120.4680,0.006845
_18037_,VSS,Metal1,873.8065,141.6115,0.007045
_18038_,VSS,Metal1,775.7000,654.7485,0.003187
_18039_,VSS,Metal1,777.6025,664.8760,0.003025
_18040_,VSS,Metal1,786.5050,674.7585,0.003215
_18041_,VSS,Metal1,780.7475,665.6835,0.003025
_18042_,VSS,Metal1,784.4200,675.9650,0.003215
_18043_,VSS,Metal1,755.7625,674.9560,0.003171
_18044_,VSS,Metal1,762.9000,675.8860,0.003185
_18045_,VSS,Metal1,776.8900,674.8780,0.003207
_18046_,VSS,Metal1,790.9000,675.8860,0.003215
_18047_,VSS,Metal1,793.2825,664.8760,0.003024
_18048_,VSS,Metal1,788.1100,664.8760,0.003024
_18049_,VSS,Metal1,772.8230,644.6150,0.003227
_18050_,VSS,Metal1,778.0200,655.7260,0.003187
_18051_,VSS,Metal1,750.8265,655.8165,0.003112
_18052_,VSS,Metal1,763.1465,655.8165,0.003160
_18053_,VSS,Metal1,748.2130,654.7100,0.003110
_18054_,VSS,Metal1,748.5800,644.5150,0.003171
_18055_,VSS,Metal1,749.1465,634.4230,0.003190
_18056_,VSS,Metal1,747.8065,635.5315,0.003190
_18057_,VSS,Metal1,761.9975,654.7150,0.003160
_18058_,VSS,Metal1,756.1800,655.7260,0.003153
_18059_,VSS,Metal1,754.7800,634.5425,0.003191
_18060_,VSS,Metal1,756.9800,654.5950,0.003153
_18061_,VSS,Metal1,767.6265,655.8165,0.003167
_18062_,VSS,Metal1,773.5400,675.7935,0.003204
_18063_,VSS,Metal1,757.5400,684.8350,0.003082
_18064_,VSS,Metal1,748.2675,685.0360,0.003079
_18065_,VSS,Metal1,763.1400,684.8350,0.003082
_18066_,VSS,Metal1,774.8025,695.1160,0.003200
_18067_,VSS,Metal1,777.6775,675.8450,0.003207
_18068_,VSS,Metal1,772.4200,684.9135,0.003078
_18069_,VSS,Metal1,803.3625,675.7635,0.003219
_18070_,VSS,Metal1,781.2025,684.7760,0.003077
_18071_,VSS,Metal1,794.7475,675.7635,0.003219
_18072_,VSS,Metal1,792.7225,685.8435,0.003073
_18073_,VSS,Metal1,798.3225,665.6835,0.003035
_18074_,VSS,Metal1,793.6900,665.7615,0.003024
_18075_,VSS,Metal1,787.1975,665.7650,0.003024
_18076_,VSS,Metal1,799.4425,675.7635,0.003219
_18077_,VSS,Metal1,793.2825,654.7960,0.003202
_18078_,VSS,Metal1,781.5225,664.8760,0.003025
_18079_,VSS,Metal1,785.2275,654.7960,0.003202
_18080_,VSS,Metal1,779.2825,644.7160,0.003233
_18081_,VSS,Metal1,777.4700,635.4435,0.003184
_18082_,VSS,Metal1,658.7665,675.8515,0.002948
_18083_,VSS,Metal1,651.1465,696.1365,0.003278
_18084_,VSS,Metal1,663.3625,695.1160,0.003286
_18085_,VSS,Metal1,668.7400,684.9885,0.003014
_18086_,VSS,Metal1,660.4200,674.8335,0.002948
_18087_,VSS,Metal1,675.6825,695.1160,0.003293
_18088_,VSS,Metal1,676.9000,684.8350,0.003020
_18089_,VSS,Metal1,683.6800,675.8100,0.003024
_18090_,VSS,Metal1,675.2600,675.8575,0.002990
_18091_,VSS,Metal1,680.1625,695.1160,0.003293
_18092_,VSS,Metal1,670.7465,675.9765,0.002980
_18093_,VSS,Metal1,689.5500,675.7635,0.003046
_18094_,VSS,Metal1,676.9400,674.8625,0.002990
_18095_,VSS,Metal1,670.6425,674.9560,0.002980
_18096_,VSS,Metal1,684.9800,674.9085,0.003025
_18097_,VSS,Metal1,682.2600,664.7535,0.002977
_18098_,VSS,Metal1,696.4800,674.8335,0.003062
_18099_,VSS,Metal1,743.3850,674.7585,0.003156
_18100_,VSS,Metal1,749.7065,675.9765,0.003165
_18101_,VSS,Metal1,474.0825,675.7635,0.003028
_18102_,VSS,Metal1,475.0600,674.8335,0.003028
_18103_,VSS,Metal1,482.9265,574.0680,0.002660
_18104_,VSS,Metal1,478.4465,575.0515,0.002661
_18105_,VSS,Metal1,508.6865,553.9080,0.002372
_18106_,VSS,Metal1,501.9665,554.8915,0.002367
_18107_,VSS,Metal1,549.5665,574.0680,0.002682
_18108_,VSS,Metal1,541.1665,574.0680,0.002680
_18109_,VSS,Metal1,547.8865,523.6680,0.001642
_18110_,VSS,Metal1,541.1665,534.7315,0.001859
_18111_,VSS,Metal1,609.4865,534.7315,0.001895
_18112_,VSS,Metal1,606.6865,533.7480,0.001895
_18113_,VSS,Metal1,570.2865,564.9715,0.002681
_18114_,VSS,Metal1,565.8065,615.3715,0.002990
_18115_,VSS,Metal1,582.0465,574.0680,0.002682
_18116_,VSS,Metal1,580.3665,585.1315,0.003034
_18117_,VSS,Metal1,630.2065,595.2115,0.002903
_18118_,VSS,Metal1,629.0865,604.3080,0.003029
_18119_,VSS,Metal1,531.6465,595.2115,0.002943
_18120_,VSS,Metal1,522.1265,604.3080,0.003035
_18121_,VSS,Metal1,670.6425,533.8360,0.001920
_18122_,VSS,Metal1,677.7800,523.6335,0.001663
_18123_,VSS,Metal1,664.9265,533.7480,0.001920
_18124_,VSS,Metal1,677.7800,533.7135,0.001920
_18125_,VSS,Metal1,662.6865,544.8115,0.002138
_18126_,VSS,Metal1,663.7800,514.6060,0.001310
_18127_,VSS,Metal1,656.5265,533.7480,0.001916
_18128_,VSS,Metal1,683.3800,533.7135,0.001920
_18129_,VSS,Metal1,668.8465,543.8280,0.002141
_18130_,VSS,Metal1,677.2200,524.6860,0.001663
_18131_,VSS,Metal1,666.6065,634.5480,0.003106
_18132_,VSS,Metal1,668.2600,523.6335,0.001660
_18133_,VSS,Metal1,658.2065,584.1480,0.003053
_18134_,VSS,Metal1,608.3665,645.6115,0.002971
_18135_,VSS,Metal1,503.0865,473.2680,0.001977
_18136_,VSS,Metal1,501.9665,585.1315,0.002930
_18137_,VSS,Metal1,510.9265,464.1715,0.002399
_18138_,VSS,Metal1,502.5265,544.8115,0.002222
_18139_,VSS,Metal1,531.0865,523.6680,0.001635
_18140_,VSS,Metal1,531.0865,563.9880,0.002656
_18141_,VSS,Metal1,546.2065,444.0115,0.003020
_18142_,VSS,Metal1,546.7665,454.0915,0.002707
_18143_,VSS,Metal1,600.5265,454.0915,0.002661
_18144_,VSS,Metal1,608.9265,454.0915,0.002655
_18145_,VSS,Metal1,580.3665,463.1880,0.002362
_18146_,VSS,Metal1,570.8465,635.5315,0.003230
_18147_,VSS,Metal1,587.6465,464.1715,0.002345
_18148_,VSS,Metal1,589.3265,584.1480,0.003042
_18149_,VSS,Metal1,598.8465,464.1715,0.002326
_18150_,VSS,Metal1,607.2465,464.1715,0.002324
_18151_,VSS,Metal1,554.6065,444.0115,0.003018
_18152_,VSS,Metal1,540.0465,443.0280,0.003021
_18153_,VSS,Metal1,331.3415,352.1360,0.005202
_18154_,VSS,Metal1,348.1415,402.5360,0.004233
_18155_,VSS,Metal1,292.1415,272.8235,0.006648
_18156_,VSS,Metal1,289.3415,363.5435,0.005121
_18157_,VSS,Metal1,397.9815,424.0235,0.003747
_18158_,VSS,Metal1,416.4615,362.2160,0.004611
_18159_,VSS,Metal1,448.3815,393.7835,0.004101
_18160_,VSS,Metal1,807.3415,251.3360,0.006535
_18161_,VSS,Metal1,748.5415,333.3035,0.005253
_18162_,VSS,Metal1,730.6215,382.3760,0.004626
_18163_,VSS,Metal1,738.4615,422.6960,0.003614
_18164_,VSS,Metal1,669.0215,413.9435,0.003775
_18165_,VSS,Metal1,805.1015,402.5360,0.004183
_18166_,VSS,Metal1,775.4215,412.6160,0.003867
_18167_,VSS,Metal1,796.1415,363.5435,0.004831
_18168_,VSS,Metal1,808.4615,422.6960,0.003642
_18169_,VSS,Metal1,331.3415,343.3835,0.005216
_18170_,VSS,Metal1,375.0215,392.4560,0.004515
_18171_,VSS,Metal1,313.4215,272.8235,0.006600
_18172_,VSS,Metal1,304.4615,372.2960,0.004737
_18173_,VSS,Metal1,408.0615,402.5360,0.004175
_18174_,VSS,Metal1,404.1415,333.3035,0.005125
_18175_,VSS,Metal1,436.0615,383.7035,0.004572
_18176_,VSS,Metal1,721.6615,251.3360,0.006489
_18177_,VSS,Metal1,699.2615,342.0560,0.004738
_18178_,VSS,Metal1,702.0615,382.3760,0.004545
_18179_,VSS,Metal1,721.6615,422.6960,0.003589
_18180_,VSS,Metal1,682.4615,412.6160,0.003777
_18181_,VSS,Metal1,725.0215,402.5360,0.004249
_18182_,VSS,Metal1,713.2615,424.0235,0.003588
_18183_,VSS,Metal1,691.4215,362.2160,0.004423
_18184_,VSS,Metal1,697.5815,392.4560,0.004161
_18185_,VSS,Metal1,331.3415,323.2235,0.005740
_18186_,VSS,Metal1,343.6615,372.2960,0.004726
_18187_,VSS,Metal1,283.1815,262.7435,0.006558
_18188_,VSS,Metal1,272.5415,362.2160,0.005144
_18189_,VSS,Metal1,412.5415,422.6960,0.003740
_18190_,VSS,Metal1,409.7415,343.3835,0.004893
_18191_,VSS,Metal1,435.5015,373.6235,0.004561
_18192_,VSS,Metal1,813.5015,241.2560,0.006595
_18193_,VSS,Metal1,790.5415,333.3035,0.005334
_18194_,VSS,Metal1,742.9415,392.4560,0.004267
_18195_,VSS,Metal1,741.8215,424.0235,0.003614
_18196_,VSS,Metal1,644.9415,424.0235,0.003551
_18197_,VSS,Metal1,810.7015,412.6160,0.003921
_18198_,VSS,Metal1,764.2215,432.7760,0.003303
_18199_,VSS,Metal1,803.4215,362.2160,0.004833
_18200_,VSS,Metal1,814.6215,432.7760,0.003301
_18201_,VSS,Metal1,350.9415,352.1360,0.005150
_18202_,VSS,Metal1,353.7415,403.8635,0.004232
_18203_,VSS,Metal1,280.9415,282.9035,0.006573
_18204_,VSS,Metal1,269.1815,392.4560,0.004605
_18205_,VSS,Metal1,429.3415,422.6960,0.003714
_18206_,VSS,Metal1,418.7015,352.1360,0.005043
_18207_,VSS,Metal1,462.3815,402.5360,0.004080
_18208_,VSS,Metal1,825.8215,272.8235,0.006340
_18209_,VSS,Metal1,778.2215,342.0560,0.005056
_18210_,VSS,Metal1,781.5815,383.7035,0.004732
_18211_,VSS,Metal1,741.2615,514.7435,0.001396
_18212_,VSS,Metal1,683.5815,503.3360,0.000961
_18213_,VSS,Metal1,828.0615,514.7435,0.001390
_18214_,VSS,Metal1,775.9815,452.9360,0.002705
_18215_,VSS,Metal1,811.8215,382.3760,0.004952
_18216_,VSS,Metal1,826.9415,524.8235,0.001783
_18217_,VSS,Metal1,385.6615,331.9760,0.005151
_18218_,VSS,Metal1,368.8615,483.1760,0.001660
_18219_,VSS,Metal1,203.6615,292.9835,0.006453
_18220_,VSS,Metal1,204.2215,403.8635,0.004412
_18221_,VSS,Metal1,388.4615,454.2635,0.002882
_18222_,VSS,Metal1,468.5415,301.7360,0.005712
_18223_,VSS,Metal1,483.1015,393.7835,0.004036
_18224_,VSS,Metal1,878.4615,281.5760,0.006417
_18225_,VSS,Metal1,762.5415,281.5760,0.006210
_18226_,VSS,Metal1,764.2215,503.3360,0.000972
_18227_,VSS,Metal1,734.5415,513.4160,0.001396
_18228_,VSS,Metal1,643.2615,473.0960,0.001944
_18229_,VSS,Metal1,878.4615,513.4160,0.001425
_18230_,VSS,Metal1,793.9015,504.6635,0.000962
_18231_,VSS,Metal1,879.5815,392.4560,0.004746
_18232_,VSS,Metal1,871.7415,514.7435,0.001425
_18233_,VSS,Metal1,388.4615,303.0635,0.005957
_18234_,VSS,Metal1,359.3415,484.5035,0.001660
_18235_,VSS,Metal1,203.6615,303.0635,0.006335
_18236_,VSS,Metal1,207.0215,393.7835,0.004702
_18237_,VSS,Metal1,389.5815,463.0160,0.002517
_18238_,VSS,Metal1,466.8615,292.9835,0.005948
_18239_,VSS,Metal1,479.7415,383.7035,0.004390
_18240_,VSS,Metal1,860.5415,281.5760,0.006406
_18241_,VSS,Metal1,760.3015,282.9035,0.006210
_18242_,VSS,Metal1,762.5415,504.6635,0.000972
_18243_,VSS,Metal1,723.3415,514.7435,0.001396
_18244_,VSS,Metal1,638.7815,464.3435,0.002313
_18245_,VSS,Metal1,860.5415,523.4960,0.001822
_18246_,VSS,Metal1,793.9015,514.7435,0.001360
_18247_,VSS,Metal1,867.8215,383.7035,0.005001
_18248_,VSS,Metal1,858.8615,524.8235,0.001821
_18249_,VSS,Metal1,370.5415,313.1435,0.006102
_18250_,VSS,Metal1,362.1415,434.1035,0.003520
_18251_,VSS,Metal1,240.0615,282.9035,0.006604
_18252_,VSS,Metal1,236.7015,403.8635,0.004345
_18253_,VSS,Metal1,422.0615,442.8560,0.003148
_18254_,VSS,Metal1,474.7015,333.3035,0.004876
_18255_,VSS,Metal1,476.3815,363.5435,0.004337
_18256_,VSS,Metal1,879.5815,261.4160,0.006635
_18257_,VSS,Metal1,758.6215,313.1435,0.005773
_18258_,VSS,Metal1,768.7015,392.4560,0.004278
_18259_,VSS,Metal1,714.3815,444.1835,0.003063
_18260_,VSS,Metal1,646.0615,442.8560,0.002991
_18261_,VSS,Metal1,880.1415,454.2635,0.002820
_18262_,VSS,Metal1,800.0615,463.0160,0.002350
_18263_,VSS,Metal1,880.7015,382.3760,0.005000
_18264_,VSS,Metal1,881.2615,463.0160,0.002419
_18265_,VSS,Metal1,370.5415,343.3835,0.005053
_18266_,VSS,Metal1,368.8615,432.7760,0.003520
_18267_,VSS,Metal1,272.5415,301.7360,0.006214
_18268_,VSS,Metal1,252.3815,392.4560,0.004617
_18269_,VSS,Metal1,427.6615,464.3435,0.002464
_18270_,VSS,Metal1,473.5815,323.2235,0.005286
_18271_,VSS,Metal1,492.0615,402.5360,0.004005
_18272_,VSS,Metal1,838.7015,282.9035,0.006364
_18273_,VSS,Metal1,761.4215,342.0560,0.005037
_18274_,VSS,Metal1,767.0215,513.4160,0.001376
_18275_,VSS,Metal1,723.3415,524.8235,0.001772
_18276_,VSS,Metal1,672.9415,504.6635,0.000961
_18277_,VSS,Metal1,840.9415,534.9035,0.001947
_18278_,VSS,Metal1,800.0615,533.5760,0.001903
_18279_,VSS,Metal1,839.2615,392.4560,0.004479
_18280_,VSS,Metal1,839.2615,533.5760,0.001946
_18281_,VSS,Metal1,339.1815,281.5760,0.006387
_18282_,VSS,Metal1,331.3415,484.5035,0.001658
_18283_,VSS,Metal1,200.3015,272.8235,0.006816
_18284_,VSS,Metal1,200.3015,383.7035,0.004996
_18285_,VSS,Metal1,386.7815,493.2560,0.001344
_18286_,VSS,Metal1,415.3415,291.6560,0.006142
_18287_,VSS,Metal1,517.8215,373.6235,0.004326
_18288_,VSS,Metal1,853.2615,231.1760,0.006696
_18289_,VSS,Metal1,789.9815,262.7435,0.006352
_18290_,VSS,Metal1,708.2215,363.5435,0.004445
_18291_,VSS,Metal1,703.7415,483.1760,0.001530
_18292_,VSS,Metal1,641.5815,454.2635,0.002633
_18293_,VSS,Metal1,880.7015,412.6160,0.004021
_18294_,VSS,Metal1,781.0215,484.5035,0.001534
_18295_,VSS,Metal1,878.4615,362.2160,0.005036
_18296_,VSS,Metal1,882.9415,483.1760,0.001613
_18297_,VSS,Metal1,328.5415,292.9835,0.006226
_18298_,VSS,Metal1,343.6615,452.9360,0.002924
_18299_,VSS,Metal1,194.1415,271.4960,0.006817
_18300_,VSS,Metal1,194.1415,373.6235,0.005213
_18301_,VSS,Metal1,390.1415,432.7760,0.003517
_18302_,VSS,Metal1,414.2215,301.7360,0.005925
_18303_,VSS,Metal1,468.5415,372.2960,0.004380
_18304_,VSS,Metal1,840.9415,222.4235,0.006703
_18305_,VSS,Metal1,789.9815,272.8235,0.006282
_18306_,VSS,Metal1,760.8615,362.2160,0.004528
_18307_,VSS,Metal1,712.7015,454.2635,0.002683
_18308_,VSS,Metal1,652.2215,432.7760,0.003247
_18309_,VSS,Metal1,849.3415,422.6960,0.003683
_18310_,VSS,Metal1,792.7815,454.2635,0.002703
_18311_,VSS,Metal1,840.9415,353.4635,0.005257
_18312_,VSS,Metal1,842.6215,452.9360,0.002787
_18313_,VSS,Metal1,329.6615,291.6560,0.006225
_18314_,VSS,Metal1,329.6615,483.1760,0.001659
_18315_,VSS,Metal1,199.1815,282.9035,0.006662
_18316_,VSS,Metal1,194.1415,372.2960,0.005213
_18317_,VSS,Metal1,417.5815,493.2560,0.001325
_18318_,VSS,Metal1,448.9415,333.3035,0.004950
_18319_,VSS,Metal1,516.1415,363.5435,0.004346
_18320_,VSS,Metal1,878.4615,231.1760,0.006717
_18321_,VSS,Metal1,800.0615,282.9035,0.006221
_18322_,VSS,Metal1,721.6615,362.2160,0.004449
_18323_,VSS,Metal1,711.5815,484.5035,0.001530
_18324_,VSS,Metal1,682.4615,493.2560,0.001138
_18325_,VSS,Metal1,875.6615,413.9435,0.004021
_18326_,VSS,Metal1,814.6215,493.2560,0.001193
_18327_,VSS,Metal1,879.0215,353.4635,0.005289
_18328_,VSS,Metal1,880.1415,484.5035,0.001612
_18329_,VSS,Metal1,359.9015,282.9035,0.006382
_18330_,VSS,Metal1,326.3015,474.4235,0.002085
_18331_,VSS,Metal1,213.7415,262.7435,0.006674
_18332_,VSS,Metal1,210.9415,373.6235,0.005202
_18333_,VSS,Metal1,397.9815,484.5035,0.001645
_18334_,VSS,Metal1,447.2615,342.0560,0.004731
_18335_,VSS,Metal1,515.0215,383.7035,0.004385
_18336_,VSS,Metal1,873.4215,242.5835,0.006735
_18337_,VSS,Metal1,804.5415,301.7360,0.005847
_18338_,VSS,Metal1,721.1015,353.4635,0.004627
_18339_,VSS,Metal1,708.7815,494.5835,0.001162
_18340_,VSS,Metal1,684.1415,483.1760,0.001515
_18341_,VSS,Metal1,880.1415,422.6960,0.003689
_18342_,VSS,Metal1,819.6615,494.5835,0.001193
_18343_,VSS,Metal1,878.4615,352.1360,0.005289
_18344_,VSS,Metal1,881.8215,493.2560,0.001197
_18345_,VSS,Metal1,304.4615,331.9760,0.005403
_18346_,VSS,Metal1,283.1815,212.3435,0.006682
_18347_,VSS,Metal1,341.9815,211.0160,0.006394
_18348_,VSS,Metal1,283.7415,192.1835,0.006707
_18349_,VSS,Metal1,420.3815,200.9360,0.005895
_18350_,VSS,Metal1,466.8615,251.3360,0.006387
_18351_,VSS,Metal1,415.3415,231.1760,0.006288
_18352_,VSS,Metal1,543.5815,422.6960,0.003657
_18353_,VSS,Metal1,546.9415,242.5835,0.006129
_18354_,VSS,Metal1,593.9815,212.3435,0.005851
_18355_,VSS,Metal1,665.1015,252.6635,0.006472
_18356_,VSS,Metal1,664.5415,211.0160,0.006011
_18357_,VSS,Metal1,708.2215,202.2635,0.005956
_18358_,VSS,Metal1,702.0615,262.7435,0.006209
_18359_,VSS,Metal1,819.6615,212.3435,0.006497
_18360_,VSS,Metal1,735.1015,211.0160,0.006180
_18361_,VSS,Metal1,310.0615,313.1435,0.006263
_18362_,VSS,Metal1,301.1015,231.1760,0.006617
_18363_,VSS,Metal1,339.7415,221.0960,0.006537
_18364_,VSS,Metal1,310.6215,221.0960,0.006570
_18365_,VSS,Metal1,421.5015,211.0160,0.006047
_18366_,VSS,Metal1,457.3415,231.1760,0.006210
_18367_,VSS,Metal1,395.1815,222.4235,0.006339
_18368_,VSS,Metal1,539.6615,392.4560,0.004069
_18369_,VSS,Metal1,565.4215,221.0960,0.006115
_18370_,VSS,Metal1,625.3415,222.4235,0.006109
_18371_,VSS,Metal1,648.3015,251.3360,0.006242
_18372_,VSS,Metal1,661.1815,221.0960,0.006182
_18373_,VSS,Metal1,690.8615,211.0160,0.006014
_18374_,VSS,Metal1,643.2615,271.4960,0.006136
_18375_,VSS,Metal1,693.1015,221.0960,0.006215
_18376_,VSS,Metal1,722.7815,222.4235,0.006321
_18377_,VSS,Metal1,278.7015,303.0635,0.006214
_18378_,VSS,Metal1,272.5415,211.0160,0.006682
_18379_,VSS,Metal1,351.5015,202.2635,0.006284
_18380_,VSS,Metal1,282.0615,182.1035,0.006699
_18381_,VSS,Metal1,382.8615,190.8560,0.006015
_18382_,VSS,Metal1,462.3815,221.0960,0.006063
_18383_,VSS,Metal1,385.1015,221.0960,0.006341
_18384_,VSS,Metal1,527.3415,413.9435,0.003828
_18385_,VSS,Metal1,557.0215,192.1835,0.005343
_18386_,VSS,Metal1,619.7415,200.9360,0.005623
_18387_,VSS,Metal1,660.0615,271.4960,0.006156
_18388_,VSS,Metal1,669.5815,182.1035,0.006023
_18389_,VSS,Metal1,700.9415,190.8560,0.005721
_18390_,VSS,Metal1,740.7015,261.4160,0.006269
_18391_,VSS,Metal1,812.9415,190.8560,0.006318
_18392_,VSS,Metal1,742.9415,200.9360,0.006141
_18393_,VSS,Metal1,280.9415,292.9835,0.006353
_18394_,VSS,Metal1,270.8615,232.5035,0.006703
_18395_,VSS,Metal1,357.6615,182.1035,0.006417
_18396_,VSS,Metal1,282.6215,172.0235,0.006590
_18397_,VSS,Metal1,382.3015,180.7760,0.006288
_18398_,VSS,Metal1,465.1815,200.9360,0.005604
_18399_,VSS,Metal1,434.9415,222.4235,0.006165
_18400_,VSS,Metal1,540.2215,412.6160,0.003828
_18401_,VSS,Metal1,546.9415,231.1760,0.006230
_18402_,VSS,Metal1,604.0615,211.0160,0.005851
_18403_,VSS,Metal1,665.1015,343.3835,0.004594
_18404_,VSS,Metal1,662.8615,192.1835,0.005496
_18405_,VSS,Metal1,702.6215,182.1035,0.006069
_18406_,VSS,Metal1,703.7415,271.4960,0.006265
_18407_,VSS,Metal1,814.6215,180.7760,0.006832
_18408_,VSS,Metal1,780.4615,192.1835,0.006234
_18409_,VSS,Metal1,203.6615,343.3835,0.005599
_18410_,VSS,Metal1,206.4615,232.5035,0.006980
_18411_,VSS,Metal1,316.7815,202.2635,0.006407
_18412_,VSS,Metal1,201.9815,182.1035,0.006946
_18413_,VSS,Metal1,431.5815,182.1035,0.005984
_18414_,VSS,Metal1,493.7415,261.4160,0.006164
_18415_,VSS,Metal1,368.3015,252.6635,0.006565
_18416_,VSS,Metal1,453.9815,442.8560,0.003072
_18417_,VSS,Metal1,586.1415,190.8560,0.005383
_18418_,VSS,Metal1,576.6215,271.4960,0.006230
_18419_,VSS,Metal1,664.5415,331.9760,0.004979
_18420_,VSS,Metal1,623.6615,172.0235,0.005859
_18421_,VSS,Metal1,751.3415,172.0235,0.006326
_18422_,VSS,Metal1,705.4215,333.3035,0.005178
_18423_,VSS,Metal1,881.2615,200.9360,0.006722
_18424_,VSS,Metal1,748.5415,232.5035,0.006553
_18425_,VSS,Metal1,194.7015,342.0560,0.005599
_18426_,VSS,Metal1,205.9015,242.5835,0.006895
_18427_,VSS,Metal1,308.9415,190.8560,0.006618
_18428_,VSS,Metal1,199.1815,172.0235,0.006999
_18429_,VSS,Metal1,434.3815,172.0235,0.005934
_18430_,VSS,Metal1,496.5415,251.3360,0.006332
_18431_,VSS,Metal1,419.8215,261.4160,0.006364
_18432_,VSS,Metal1,455.1015,432.7760,0.003487
_18433_,VSS,Metal1,593.9815,172.0235,0.005842
_18434_,VSS,Metal1,571.5815,261.4160,0.006202
_18435_,VSS,Metal1,633.7415,323.2235,0.005128
_18436_,VSS,Metal1,619.1815,170.6960,0.005859
_18437_,VSS,Metal1,763.1015,170.6960,0.006327
_18438_,VSS,Metal1,702.0615,313.1435,0.005692
_18439_,VSS,Metal1,860.5415,211.0160,0.006700
_18440_,VSS,Metal1,747.9815,222.4235,0.006446
_18441_,VSS,Metal1,233.3415,352.1360,0.005343
_18442_,VSS,Metal1,231.6615,242.5835,0.006871
_18443_,VSS,Metal1,310.0615,151.8635,0.006639
_18444_,VSS,Metal1,233.3415,140.4560,0.007042
_18445_,VSS,Metal1,431.5815,141.7835,0.006555
_18446_,VSS,Metal1,480.3015,242.5835,0.006144
_18447_,VSS,Metal1,363.2615,242.5835,0.006490
_18448_,VSS,Metal1,517.2615,434.1035,0.003227
_18449_,VSS,Metal1,587.8215,151.8635,0.006241
_18450_,VSS,Metal1,604.6215,242.5835,0.006120
_18451_,VSS,Metal1,669.0215,303.0635,0.005683
_18452_,VSS,Metal1,624.2215,141.7835,0.006486
_18453_,VSS,Metal1,742.9415,140.4560,0.006792
_18454_,VSS,Metal1,728.9415,291.6560,0.006079
_18455_,VSS,Metal1,849.9015,170.6960,0.006632
_18456_,VSS,Metal1,786.0615,182.1035,0.006651
_18457_,VSS,Metal1,270.8615,343.3835,0.005377
_18458_,VSS,Metal1,264.1415,241.2560,0.006799
_18459_,VSS,Metal1,304.4615,160.6160,0.006695
_18460_,VSS,Metal1,270.8615,161.9435,0.006762
_18461_,VSS,Metal1,429.3415,150.5360,0.006322
_18462_,VSS,Metal1,513.3415,242.5835,0.006116
_18463_,VSS,Metal1,439.4215,242.5835,0.006307
_18464_,VSS,Metal1,448.9415,424.0235,0.003700
_18465_,VSS,Metal1,593.4215,141.7835,0.006488
_18466_,VSS,Metal1,605.7415,262.7435,0.006186
_18467_,VSS,Metal1,656.1415,342.0560,0.004594
_18468_,VSS,Metal1,643.2615,190.8560,0.005427
_18469_,VSS,Metal1,760.8615,150.5360,0.006513
_18470_,VSS,Metal1,702.0615,292.9835,0.006029
_18471_,VSS,Metal1,814.0615,200.9360,0.006534
_18472_,VSS,Metal1,784.9415,161.9435,0.006528
_18473_,VSS,Metal1,195.2615,323.2235,0.006032
_18474_,VSS,Metal1,194.1415,211.0160,0.006860
_18475_,VSS,Metal1,336.9415,140.4560,0.006728
_18476_,VSS,Metal1,210.3815,131.7035,0.007195
_18477_,VSS,Metal1,390.1415,140.4560,0.006643
_18478_,VSS,Metal1,507.1815,182.1035,0.005652
_18479_,VSS,Metal1,382.3015,281.5760,0.006377
_18480_,VSS,Metal1,476.9415,454.2635,0.002715
_18481_,VSS,Metal1,527.3415,172.0235,0.005764
_18482_,VSS,Metal1,566.5415,242.5835,0.006130
_18483_,VSS,Metal1,626.4615,313.1435,0.005495
_18484_,VSS,Metal1,643.2615,131.7035,0.006381
_18485_,VSS,Metal1,703.7415,150.5360,0.006347
_18486_,VSS,Metal1,694.2215,311.8160,0.005690
_18487_,VSS,Metal1,883.5015,170.6960,0.006661
_18488_,VSS,Metal1,767.5815,251.3360,0.006517
_18489_,VSS,Metal1,193.0215,331.9760,0.005866
_18490_,VSS,Metal1,196.9415,212.3435,0.006859
_18491_,VSS,Metal1,322.9415,141.7835,0.006738
_18492_,VSS,Metal1,194.1415,160.6160,0.007075
_18493_,VSS,Metal1,381.1815,150.5360,0.006471
_18494_,VSS,Metal1,489.8215,190.8560,0.005241
_18495_,VSS,Metal1,369.4215,271.4960,0.006572
_18496_,VSS,Metal1,518.3815,444.1835,0.003023
_18497_,VSS,Metal1,527.3415,161.9435,0.006120
_18498_,VSS,Metal1,584.4615,232.5035,0.006234
_18499_,VSS,Metal1,623.1015,301.7360,0.005671
_18500_,VSS,Metal1,675.7415,141.7835,0.006578
_18501_,VSS,Metal1,702.0615,151.8635,0.006346
_18502_,VSS,Metal1,703.7415,281.5760,0.006090
_18503_,VSS,Metal1,847.6615,160.6160,0.006790
_18504_,VSS,Metal1,762.5415,252.6635,0.006517
_18505_,VSS,Metal1,193.5815,321.8960,0.006033
_18506_,VSS,Metal1,196.3815,202.2635,0.006817
_18507_,VSS,Metal1,355.9815,151.8635,0.006519
_18508_,VSS,Metal1,204.7815,141.7835,0.007064
_18509_,VSS,Metal1,399.6615,131.7035,0.006667
_18510_,VSS,Metal1,507.7415,200.9360,0.005530
_18511_,VSS,Metal1,403.0215,282.9035,0.006336
_18512_,VSS,Metal1,493.1815,463.0160,0.002414
_18513_,VSS,Metal1,559.2615,141.7835,0.006485
_18514_,VSS,Metal1,604.0615,281.5760,0.005960
_18515_,VSS,Metal1,622.5415,291.6560,0.005857
_18516_,VSS,Metal1,660.0615,140.4560,0.006552
_18517_,VSS,Metal1,723.3415,131.7035,0.006514
_18518_,VSS,Metal1,725.0215,331.9760,0.005222
_18519_,VSS,Metal1,883.5015,180.7760,0.006918
_18520_,VSS,Metal1,786.0615,242.5835,0.006508
_18521_,VSS,Metal1,213.7415,313.1435,0.006421
_18522_,VSS,Metal1,221.0215,200.9360,0.006779
_18523_,VSS,Metal1,350.9415,160.6160,0.006659
_18524_,VSS,Metal1,216.5415,140.4560,0.007064
_18525_,VSS,Metal1,408.6215,141.7835,0.006623
_18526_,VSS,Metal1,516.7015,192.1835,0.005285
_18527_,VSS,Metal1,409.7415,272.8235,0.006481
_18528_,VSS,Metal1,495.9815,452.9360,0.002710
_18529_,VSS,Metal1,564.8615,150.5360,0.006240
_18530_,VSS,Metal1,616.3815,261.4160,0.006186
_18531_,VSS,Metal1,635.4215,292.9835,0.005856
_18532_,VSS,Metal1,643.2615,140.4560,0.006476
_18533_,VSS,Metal1,721.6615,140.4560,0.006727
_18534_,VSS,Metal1,737.9015,321.8960,0.005444
_18535_,VSS,Metal1,880.1415,182.1035,0.006917
_18536_,VSS,Metal1,782.1415,241.2560,0.006508
_18537_,VSS,Metal1,344.9130,594.0330,0.003098
_18538_,VSS,Metal1,291.1530,595.4065,0.003102
_18539_,VSS,Metal1,295.6330,634.3530,0.003315
_18540_,VSS,Metal1,298.9930,604.1130,0.003316
_18541_,VSS,Metal1,395.8730,625.6465,0.003225
_18542_,VSS,Metal1,381.3130,594.0330,0.003149
_18543_,VSS,Metal1,389.7130,595.4065,0.003148
_18544_,VSS,Metal1,474.2730,595.4065,0.002942
_18545_,VSS,Metal1,527.4730,624.2730,0.003144
_18546_,VSS,Metal1,649.5530,604.1130,0.003027
_18547_,VSS,Metal1,678.6730,595.4065,0.002913
_18548_,VSS,Metal1,671.9530,615.5665,0.002956
_18549_,VSS,Metal1,705.5530,625.6465,0.003036
_18550_,VSS,Metal1,713.3930,615.5665,0.002991
_18551_,VSS,Metal1,703.3130,595.4065,0.002929
_18552_,VSS,Metal1,702.7530,624.2730,0.003036
_18553_,VSS,Metal1,346.0330,684.7530,0.003233
_18554_,VSS,Metal1,310.7530,664.5930,0.003363
_18555_,VSS,Metal1,350.5130,686.1265,0.003233
_18556_,VSS,Metal1,319.7130,676.0465,0.003349
_18557_,VSS,Metal1,310.7530,684.7530,0.003261
_18558_,VSS,Metal1,311.3130,686.1265,0.003260
_18559_,VSS,Metal1,304.5930,694.8330,0.003531
_18560_,VSS,Metal1,174.1130,694.8330,0.003713
_18561_,VSS,Metal1,95.7130,563.7930,0.002542
_18562_,VSS,Metal1,120.3530,585.3265,0.002925
_18563_,VSS,Metal1,194.2730,484.5265,0.001712
_18564_,VSS,Metal1,187.1355,422.6485,0.003979
_18565_,VSS,Metal1,191.0555,432.7285,0.003595
_18566_,VSS,Metal1,203.9355,434.1510,0.003595
_18567_,VSS,Metal1,213.3130,473.0730,0.002171
_18568_,VSS,Metal1,212.7530,474.4465,0.002171
_18569_,VSS,Metal1,136.5930,261.3930,0.006931
_18570_,VSS,Metal1,114.7530,311.7930,0.006444
_18571_,VSS,Metal1,109.1530,251.3130,0.006919
_18572_,VSS,Metal1,107.4730,261.3930,0.006971
_18573_,VSS,Metal1,115.3130,242.6065,0.007029
_18574_,VSS,Metal1,128.1930,232.5265,0.007045
_18575_,VSS,Metal1,134.9130,231.1530,0.007045
_18576_,VSS,Metal1,115.3130,293.0065,0.006551
_18577_,VSS,Metal1,140.5130,352.1130,0.005564
_18578_,VSS,Metal1,148.3530,321.8730,0.006124
_18579_,VSS,Metal1,109.1530,301.7130,0.006420
_18580_,VSS,Metal1,95.1530,252.6865,0.006921
_18581_,VSS,Metal1,103.5530,281.5530,0.006721
_18582_,VSS,Metal1,104.6730,241.2330,0.007030
_18583_,VSS,Metal1,128.7530,222.4465,0.007007
_18584_,VSS,Metal1,129.8730,212.3665,0.006929
_18585_,VSS,Metal1,109.1530,291.6330,0.006551
_18586_,VSS,Metal1,144.4330,331.9530,0.005897
_18587_,VSS,Metal1,349.2615,553.7360,0.002387
_18588_,VSS,Metal1,343.1015,543.6560,0.002256
_18589_,VSS,Metal1,311.1815,553.7360,0.002380
_18590_,VSS,Metal1,303.9015,523.4960,0.001706
_18591_,VSS,Metal1,408.0615,533.5760,0.001881
_18592_,VSS,Metal1,417.0215,583.9760,0.002943
_18593_,VSS,Metal1,427.6615,555.0635,0.002386
_18594_,VSS,Metal1,809.0215,614.2160,0.003006
_18595_,VSS,Metal1,765.9015,594.0560,0.002943
_18596_,VSS,Metal1,768.7015,553.7360,0.002353
_18597_,VSS,Metal1,730.6215,543.6560,0.002180
_18598_,VSS,Metal1,747.4215,615.5435,0.003010
_18599_,VSS,Metal1,787.7415,605.4635,0.003068
_18600_,VSS,Metal1,773.7415,624.2960,0.003081
_18601_,VSS,Metal1,800.0615,583.9760,0.002852
_18602_,VSS,Metal1,811.2615,624.2960,0.003094
_18603_,VSS,Metal1,321.8215,534.9035,0.001853
_18604_,VSS,Metal1,305.5815,563.8160,0.002592
_18605_,VSS,Metal1,331.9015,523.4960,0.001664
_18606_,VSS,Metal1,310.0615,524.8235,0.001706
_18607_,VSS,Metal1,405.2615,534.9035,0.001881
_18608_,VSS,Metal1,444.4615,534.9035,0.001874
_18609_,VSS,Metal1,378.3815,553.7360,0.002396
_18610_,VSS,Metal1,466.8615,565.1435,0.002604
_18611_,VSS,Metal1,504.3815,614.2160,0.003005
_18612_,VSS,Metal1,631.5015,514.7435,0.001285
_18613_,VSS,Metal1,678.5415,565.1435,0.002660
_18614_,VSS,Metal1,662.8615,575.2235,0.002665
_18615_,VSS,Metal1,753.0215,555.0635,0.002358
_18616_,VSS,Metal1,708.7815,575.2235,0.002688
_18617_,VSS,Metal1,754.1415,595.3835,0.002943
_18618_,VSS,Metal1,730.6215,624.2960,0.003074
_18619_,VSS,Metal1,16.7530,242.6065,0.007021
_18620_,VSS,Metal1,175.2330,372.2730,0.005223
_18621_,VSS,Metal1,16.7530,282.9265,0.006713
_18622_,VSS,Metal1,17.3130,261.3930,0.007028
_18623_,VSS,Metal1,389.7130,373.6465,0.004652
_18624_,VSS,Metal1,428.3530,281.5530,0.006262
_18625_,VSS,Metal1,433.3930,262.7665,0.006364
_18626_,VSS,Metal1,171.3130,343.4065,0.005610
_18627_,VSS,Metal1,61.5530,120.2730,0.007337
_18628_,VSS,Metal1,64.3530,150.5130,0.007266
_18629_,VSS,Metal1,67.1530,180.7530,0.007127
_18630_,VSS,Metal1,80.0330,131.7265,0.007286
_18631_,VSS,Metal1,64.3530,110.1930,0.007182
_18632_,VSS,Metal1,86.7530,111.5665,0.007171
_18633_,VSS,Metal1,71.0730,160.5930,0.007182
_18634_,VSS,Metal1,87.3130,172.0465,0.007207
_18635_,VSS,Metal1,102.4330,170.6730,0.007207
_18636_,VSS,Metal1,95.1530,222.4465,0.007058
_18637_,VSS,Metal1,104.1130,190.8330,0.007108
_18638_,VSS,Metal1,102.4330,150.5130,0.007256
_18639_,VSS,Metal1,18.9930,160.5930,0.007188
_18640_,VSS,Metal1,18.9930,150.5130,0.007254
_18641_,VSS,Metal1,18.9930,190.8330,0.007118
_18642_,VSS,Metal1,16.7530,222.4465,0.007090
_18643_,VSS,Metal1,36.3530,301.7130,0.006428
_18644_,VSS,Metal1,36.9130,303.0865,0.006428
_18645_,VSS,Metal1,44.7530,222.4465,0.007090
_18646_,VSS,Metal1,75.5530,241.2330,0.007031
_18647_,VSS,Metal1,95.1530,182.1265,0.007088
_18648_,VSS,Metal1,101.8730,130.3530,0.007285
_18649_,VSS,Metal1,16.7530,131.7265,0.007238
_18650_,VSS,Metal1,18.9930,120.2730,0.007339
_18651_,VSS,Metal1,23.4730,180.7530,0.007162
_18652_,VSS,Metal1,18.9930,210.9930,0.007288
_18653_,VSS,Metal1,68.8330,221.0730,0.007076
_18654_,VSS,Metal1,67.7130,210.9930,0.007292
_18655_,VSS,Metal1,346.5930,110.1930,0.006616
_18656_,VSS,Metal1,366.7530,141.8065,0.006678
_18657_,VSS,Metal1,183.6330,190.8330,0.006984
_18658_,VSS,Metal1,230.1130,120.2730,0.007034
_18659_,VSS,Metal1,405.9530,111.5665,0.006542
_18660_,VSS,Metal1,419.3930,110.1930,0.006540
_18661_,VSS,Metal1,423.8730,120.2730,0.006432
_18662_,VSS,Metal1,159.5530,192.2065,0.007010
_18663_,VSS,Metal1,86.1930,444.2065,0.003430
_18664_,VSS,Metal1,97.3930,452.9130,0.003013
_18665_,VSS,Metal1,349.3930,573.8730,0.002760
_18666_,VSS,Metal1,337.0730,563.7930,0.002583
_18667_,VSS,Metal1,310.7530,573.8730,0.002766
_18668_,VSS,Metal1,285.5530,575.2465,0.002775
_18669_,VSS,Metal1,395.8730,555.0865,0.002399
_18670_,VSS,Metal1,406.5130,575.2465,0.002744
_18671_,VSS,Metal1,409.3130,563.7930,0.002616
_18672_,VSS,Metal1,408.7530,585.3265,0.002943
_18673_,VSS,Metal1,120.9130,363.5665,0.005288
_18674_,VSS,Metal1,172.4330,403.8865,0.004435
_18675_,VSS,Metal1,161.2330,363.5665,0.005261
_18676_,VSS,Metal1,171.3130,393.8065,0.004751
_18677_,VSS,Metal1,69.9530,372.2730,0.005293
_18678_,VSS,Metal1,174.1130,402.5130,0.004434
_18679_,VSS,Metal1,76.1130,403.8865,0.004499
_18680_,VSS,Metal1,68.8330,382.3530,0.005021
_18681_,VSS,Metal1,115.3130,474.4465,0.002188
_18682_,VSS,Metal1,153.9530,624.2730,0.003502
_18683_,VSS,Metal1,173.5530,484.5265,0.001700
_18684_,VSS,Metal1,177.4730,634.3530,0.003387
_18685_,VSS,Metal1,117.5530,333.3265,0.005912
_18686_,VSS,Metal1,66.5930,331.9530,0.005921
_18687_,VSS,Metal1,64.3530,321.8730,0.006235
_18688_,VSS,Metal1,68.2730,311.7930,0.006433
_18689_,VSS,Metal1,16.7530,313.1665,0.006395
_18690_,VSS,Metal1,18.9930,311.7930,0.006395
_18691_,VSS,Metal1,47.5530,343.4065,0.005688
_18692_,VSS,Metal1,46.9930,353.4865,0.005569
_18693_,VSS,Metal1,92.9130,333.3265,0.005920
_18694_,VSS,Metal1,83.9530,343.4065,0.005664
_18695_,VSS,Metal1,16.6215,251.3360,0.006929
_18696_,VSS,Metal1,174.5415,373.6235,0.005223
_18697_,VSS,Metal1,17.7415,272.8235,0.006875
_18698_,VSS,Metal1,17.7415,262.7435,0.007028
_18699_,VSS,Metal1,390.1415,372.2960,0.004652
_18700_,VSS,Metal1,437.7415,282.9035,0.006261
_18701_,VSS,Metal1,442.2215,252.6635,0.006422
_18702_,VSS,Metal1,173.4215,352.1360,0.005380
_18703_,VSS,Metal1,56.9415,121.6235,0.007337
_18704_,VSS,Metal1,56.9415,151.8635,0.007266
_18705_,VSS,Metal1,74.8615,182.1035,0.007126
_18706_,VSS,Metal1,76.5415,140.4560,0.007168
_18707_,VSS,Metal1,56.9415,111.5435,0.007182
_18708_,VSS,Metal1,94.4615,110.2160,0.007171
_18709_,VSS,Metal1,75.9815,151.8635,0.007266
_18710_,VSS,Metal1,98.3815,160.6160,0.007164
_18711_,VSS,Metal1,119.6615,172.0235,0.007204
_18712_,VSS,Metal1,107.3415,211.0160,0.006963
_18713_,VSS,Metal1,123.5815,192.1835,0.007093
_18714_,VSS,Metal1,114.0615,141.7835,0.007152
_18715_,VSS,Metal1,19.9815,170.6960,0.007183
_18716_,VSS,Metal1,17.7415,151.8635,0.007254
_18717_,VSS,Metal1,17.7415,182.1035,0.007162
_18718_,VSS,Metal1,19.9815,221.0960,0.007089
_18719_,VSS,Metal1,41.2615,292.9835,0.006546
_18720_,VSS,Metal1,37.3415,311.8160,0.006404
_18721_,VSS,Metal1,42.3815,212.3435,0.007303
_18722_,VSS,Metal1,68.1415,231.1760,0.007057
_18723_,VSS,Metal1,108.4615,180.7760,0.007087
_18724_,VSS,Metal1,115.1815,131.7035,0.007285
_18725_,VSS,Metal1,39.5815,141.7835,0.007183
_18726_,VSS,Metal1,30.0615,110.2160,0.007178
_18727_,VSS,Metal1,43.5015,161.9435,0.007188
_18728_,VSS,Metal1,28.3815,200.9360,0.007023
_18729_,VSS,Metal1,82.1415,202.2635,0.006951
_18730_,VSS,Metal1,81.5815,192.1835,0.007111
_18731_,VSS,Metal1,350.9415,120.2960,0.006611
_18732_,VSS,Metal1,366.0615,131.7035,0.006733
_18733_,VSS,Metal1,192.4615,192.1835,0.006984
_18734_,VSS,Metal1,233.9015,111.5435,0.006907
_18735_,VSS,Metal1,409.7415,101.4635,0.006519
_18736_,VSS,Metal1,434.3815,111.5435,0.006468
_18737_,VSS,Metal1,447.2615,130.3760,0.006588
_18738_,VSS,Metal1,172.8615,202.2635,0.006870
_18739_,VSS,Metal1,166.1415,121.6235,0.007131
_18740_,VSS,Metal1,102.8615,221.0960,0.007057
_18741_,VSS,Metal1,128.0615,182.1035,0.007053
_18742_,VSS,Metal1,128.6215,121.6235,0.007188
_18743_,VSS,Metal1,37.3415,120.2960,0.007342
_18744_,VSS,Metal1,17.7415,111.5435,0.007178
_18745_,VSS,Metal1,47.9815,182.1035,0.007158
_18746_,VSS,Metal1,58.6215,190.8560,0.007117
_18747_,VSS,Metal1,17.7415,373.6235,0.005246
_18748_,VSS,Metal1,17.7415,232.5035,0.007040
_18749_,VSS,Metal1,19.9815,362.2160,0.005321
_18750_,VSS,Metal1,17.7415,363.5435,0.005321
_18751_,VSS,Metal1,17.7415,353.4635,0.005554
_18752_,VSS,Metal1,23.3415,352.1360,0.005555
_18753_,VSS,Metal1,23.9015,331.9760,0.005901
_18754_,VSS,Metal1,23.9015,342.0560,0.005687
_18755_,VSS,Metal1,55.9530,424.0465,0.004002
_18756_,VSS,Metal1,115.3130,413.9665,0.004330
_18757_,VSS,Metal1,95.1530,383.7265,0.005019
_18758_,VSS,Metal1,114.7530,392.4330,0.004807
_18759_,VSS,Metal1,134.3530,383.7265,0.005005
_18760_,VSS,Metal1,101.8730,402.5130,0.004487
_18761_,VSS,Metal1,28.5130,382.3530,0.005016
_18762_,VSS,Metal1,139.9530,412.5930,0.004324
_18763_,VSS,Metal1,68.2730,412.5930,0.004315
_18764_,VSS,Metal1,36.9130,383.7265,0.005016
_18765_,VSS,Metal1,29.0730,412.5930,0.004276
_18766_,VSS,Metal1,16.7530,393.8065,0.004835
_18767_,VSS,Metal1,16.7530,434.1265,0.003653
_18768_,VSS,Metal1,16.7530,424.0465,0.003910
_18769_,VSS,Metal1,52.5930,434.1265,0.003690
_18770_,VSS,Metal1,111.9530,382.3530,0.005018
_18771_,VSS,Metal1,128.1930,393.8065,0.004806
_18772_,VSS,Metal1,148.9130,382.3530,0.005005
_18773_,VSS,Metal1,149.4730,402.5130,0.004446
_18774_,VSS,Metal1,44.7530,373.6465,0.005264
_18775_,VSS,Metal1,153.9530,392.4330,0.004784
_18776_,VSS,Metal1,71.0730,402.5130,0.004499
_18777_,VSS,Metal1,55.9530,383.7265,0.005021
_18778_,VSS,Metal1,67.1530,362.1930,0.005318
_18779_,VSS,Metal1,291.1530,252.6865,0.006707
_18780_,VSS,Metal1,314.6730,252.6865,0.006690
_18781_,VSS,Metal1,310.7530,251.3130,0.006691
_18782_,VSS,Metal1,350.5130,252.6865,0.006575
_18783_,VSS,Metal1,341.5530,251.3130,0.006576
_18784_,VSS,Metal1,339.8730,261.3930,0.006456
_18785_,VSS,Metal1,319.7130,373.6465,0.004729
_18786_,VSS,Metal1,48.6730,403.8865,0.004495
_18787_,VSS,Metal1,31.8730,402.5130,0.004494
_18788_,VSS,Metal1,25.7130,432.7530,0.003653
_18789_,VSS,Metal1,27.9530,442.8330,0.003357
_18790_,VSS,Metal1,56.5130,432.7530,0.003690
_18791_,VSS,Metal1,24.5930,876.2730,0.003956
_18792_,VSS,Metal1,22.3530,815.7930,0.003785
_18793_,VSS,Metal1,19.5530,805.7130,0.003739
_18794_,VSS,Metal1,21.7930,795.6330,0.003766
_18795_,VSS,Metal1,24.0330,846.0330,0.003886
_18796_,VSS,Metal1,22.9130,906.5130,0.003936
_18797_,VSS,Metal1,22.9130,866.1930,0.003944
_18798_,VSS,Metal1,232.3530,1087.9530,0.003309
_18799_,VSS,Metal1,193.7130,1079.2465,0.003361
_18800_,VSS,Metal1,123.7130,1089.3265,0.003631
_18801_,VSS,Metal1,21.2330,1037.5530,0.003884
_18802_,VSS,Metal1,36.9130,1079.2465,0.003808
_18803_,VSS,Metal1,206.5930,1089.3265,0.003318
_18804_,VSS,Metal1,232.9130,1089.3265,0.003309
_18805_,VSS,Metal1,24.5930,987.1530,0.003866
_18806_,VSS,Metal1,23.4730,936.7530,0.004067
_18807_,VSS,Metal1,17.3130,674.6730,0.003708
_18808_,VSS,Metal1,23.4730,694.8330,0.003696
_18809_,VSS,Metal1,21.7930,714.9930,0.003713
_18810_,VSS,Metal1,16.7530,676.0465,0.003708
_18811_,VSS,Metal1,20.1130,735.1530,0.003767
_18812_,VSS,Metal1,22.9130,755.3130,0.003834
_18813_,VSS,Metal1,23.4730,745.2330,0.003793
_18814_,VSS,Metal1,76.1130,1079.2465,0.003779
_18815_,VSS,Metal1,75.5530,1087.9530,0.003651
_18816_,VSS,Metal1,52.0330,1089.3265,0.003662
_18817_,VSS,Metal1,22.3530,997.2330,0.003904
_18818_,VSS,Metal1,30.7530,1057.7130,0.003906
_18819_,VSS,Metal1,24.0330,1007.3130,0.003887
_18820_,VSS,Metal1,55.9530,1079.2465,0.003806
_18821_,VSS,Metal1,17.3130,958.2865,0.003843
_18822_,VSS,Metal1,21.7930,946.8330,0.003852
_18823_,VSS,Metal1,191.4730,654.5130,0.003372
_18824_,VSS,Metal1,204.3530,645.8065,0.003411
_18825_,VSS,Metal1,213.3130,664.5930,0.003437
_18826_,VSS,Metal1,207.7130,676.0465,0.003582
_18827_,VSS,Metal1,200.4330,686.1265,0.003550
_18828_,VSS,Metal1,178.0330,684.7530,0.003554
_18829_,VSS,Metal1,173.5530,676.0465,0.003614
_18830_,VSS,Metal1,534.1930,634.3530,0.003210
_18831_,VSS,Metal1,545.9530,654.5130,0.003006
_18832_,VSS,Metal1,544.8330,664.5930,0.003102
_18833_,VSS,Metal1,826.5130,1079.2465,0.002048
_18834_,VSS,Metal1,170.1930,625.6465,0.003434
_18835_,VSS,Metal1,162.9130,635.7265,0.003388
_18836_,VSS,Metal1,815.8730,1087.9530,0.002430
_18837_,VSS,Metal1,791.2330,1079.2465,0.002198
_18838_,VSS,Metal1,831.5530,1089.3265,0.002430
_18839_,VSS,Metal1,660.7530,1087.9530,0.002466
_18840_,VSS,Metal1,633.8730,1079.2465,0.002154
_18841_,VSS,Metal1,606.9930,1087.9530,0.002457
_18842_,VSS,Metal1,525.2330,1079.2465,0.001923
_18843_,VSS,Metal1,490.5130,1087.9530,0.002361
_18844_,VSS,Metal1,539.2330,1087.9530,0.002418
_18845_,VSS,Metal1,703.3130,1079.2465,0.002294
_18846_,VSS,Metal1,684.8330,1087.9530,0.002540
_18847_,VSS,Metal1,722.9130,1087.9530,0.002543
_18848_,VSS,Metal1,752.5930,1079.2465,0.002282
_18849_,VSS,Metal1,741.9530,1087.9530,0.002536
_18850_,VSS,Metal1,763.7930,1087.9530,0.002524
_18851_,VSS,Metal1,509.5530,805.7130,0.000916
_18852_,VSS,Metal1,510.6730,815.7930,0.000906
_18853_,VSS,Metal1,510.6730,795.6330,0.000994
_18854_,VSS,Metal1,496.6730,634.3530,0.003161
_18855_,VSS,Metal1,506.7530,775.4730,0.001195
_18856_,VSS,Metal1,503.3930,1008.6865,0.000667
_18857_,VSS,Metal1,179.7130,573.8730,0.002743
_18858_,VSS,Metal1,466.9930,684.7530,0.003006
_18859_,VSS,Metal1,34.6730,251.3130,0.006927
_18860_,VSS,Metal1,147.7930,362.1930,0.005263
_18861_,VSS,Metal1,30.1930,281.5530,0.006714
_18862_,VSS,Metal1,36.3530,261.3930,0.007037
_18863_,VSS,Metal1,380.1930,362.1930,0.004634
_18864_,VSS,Metal1,463.6330,271.4730,0.006201
_18865_,VSS,Metal1,498.3530,271.4730,0.006202
_18866_,VSS,Metal1,827.6330,333.3265,0.005367
_18867_,VSS,Metal1,814.1930,331.9530,0.005365
_18868_,VSS,Metal1,832.6730,545.0065,0.002235
_18869_,VSS,Metal1,810.8330,644.4330,0.003318
_18870_,VSS,Metal1,809.1530,654.5130,0.003237
_18871_,VSS,Metal1,840.5130,654.5130,0.003254
_18872_,VSS,Metal1,820.9130,645.8065,0.003322
_18873_,VSS,Metal1,832.1130,625.6465,0.003111
_18874_,VSS,Metal1,829.8730,655.8865,0.003253
_18875_,VSS,Metal1,34.6730,79.9530,0.007057
_18876_,VSS,Metal1,43.0730,91.4065,0.007157
_18877_,VSS,Metal1,73.3130,90.0330,0.007186
_18878_,VSS,Metal1,77.2330,91.4065,0.007186
_18879_,VSS,Metal1,43.0730,81.3265,0.007057
_18880_,VSS,Metal1,258.6730,79.9530,0.006730
_18881_,VSS,Metal1,264.2730,90.0330,0.006844
_18882_,VSS,Metal1,500.0330,130.3530,0.006456
_18883_,VSS,Metal1,576.7530,120.2730,0.006411
_18884_,VSS,Metal1,614.2730,120.2730,0.006401
_18885_,VSS,Metal1,683.7130,130.3530,0.006471
_18886_,VSS,Metal1,666.9130,121.6465,0.006451
_18887_,VSS,Metal1,702.7530,130.3530,0.006484
_18888_,VSS,Metal1,731.8730,120.2730,0.006557
_18889_,VSS,Metal1,757.0730,121.6465,0.006599
_18890_,VSS,Metal1,762.1130,130.3530,0.006630
_18891_,VSS,Metal1,133.2330,161.9665,0.007110
_18892_,VSS,Metal1,138.2730,160.5930,0.007110
_18893_,VSS,Metal1,134.9130,150.5130,0.007233
_18894_,VSS,Metal1,164.0330,141.8065,0.007108
_18895_,VSS,Metal1,462.5130,140.4330,0.006463
_18896_,VSS,Metal1,468.1130,161.9665,0.006158
_18897_,VSS,Metal1,487.1530,161.9665,0.006036
_18898_,VSS,Metal1,886.4330,210.9930,0.006753
_18899_,VSS,Metal1,893.1530,241.2330,0.006758
_18900_,VSS,Metal1,893.1530,251.3130,0.006704
_18901_,VSS,Metal1,868.5130,293.0065,0.006231
_18902_,VSS,Metal1,847.2330,291.6330,0.006214
_18903_,VSS,Metal1,859.5530,321.8730,0.005739
_18904_,VSS,Metal1,879.1530,313.1665,0.006124
_18905_,VSS,Metal1,899.3130,343.4065,0.005363
_18906_,VSS,Metal1,898.7530,321.8730,0.005821
_18907_,VSS,Metal1,111.3930,79.9530,0.007040
_18908_,VSS,Metal1,115.3130,91.4065,0.007190
_18909_,VSS,Metal1,110.2730,90.0330,0.007190
_18910_,VSS,Metal1,108.0330,100.1130,0.006965
_18911_,VSS,Metal1,184.7530,90.0330,0.007030
_18912_,VSS,Metal1,194.2730,111.5665,0.006972
_18913_,VSS,Metal1,205.4730,101.4865,0.006885
_18914_,VSS,Metal1,457.4730,120.2730,0.006412
_18915_,VSS,Metal1,477.0730,111.5665,0.006362
_18916_,VSS,Metal1,801.3130,130.3530,0.006708
_18917_,VSS,Metal1,824.8330,121.6465,0.006725
_18918_,VSS,Metal1,832.6730,111.5665,0.006837
_18919_,VSS,Metal1,847.2330,130.3530,0.006812
_18920_,VSS,Metal1,879.7130,130.3530,0.006914
_18921_,VSS,Metal1,879.1530,121.6465,0.006845
_18922_,VSS,Metal1,884.7530,150.5130,0.006873
_18923_,VSS,Metal1,751.4730,625.6465,0.003083
_18924_,VSS,Metal1,761.5530,635.7265,0.003191
_18925_,VSS,Metal1,761.5530,645.8065,0.003226
_18926_,VSS,Metal1,760.4330,686.1265,0.003082
_18927_,VSS,Metal1,781.7130,686.1265,0.003077
_18928_,VSS,Metal1,802.9930,684.7530,0.003090
_18929_,VSS,Metal1,802.9930,674.6730,0.003219
_18930_,VSS,Metal1,789.5530,635.7265,0.003174
_18931_,VSS,Metal1,785.6330,645.8065,0.003233
_18932_,VSS,Metal1,655.7130,684.7530,0.003014
_18933_,VSS,Metal1,664.1130,686.1265,0.003014
_18934_,VSS,Metal1,683.1530,686.1265,0.003020
_18935_,VSS,Metal1,689.8730,684.7530,0.003020
_18936_,VSS,Metal1,683.1530,665.9665,0.002977
_18937_,VSS,Metal1,752.5930,665.9665,0.003027
_18938_,VSS,Metal1,473.7130,665.9665,0.003067
_18939_,VSS,Metal1,477.0730,585.3265,0.002913
_18940_,VSS,Metal1,494.9930,553.7130,0.002366
_18941_,VSS,Metal1,554.3530,575.2465,0.002682
_18942_,VSS,Metal1,538.6730,543.6330,0.002223
_18943_,VSS,Metal1,604.7530,524.8465,0.001662
_18944_,VSS,Metal1,566.1130,624.2730,0.003147
_18945_,VSS,Metal1,575.6330,583.9530,0.003034
_18946_,VSS,Metal1,629.3930,605.4865,0.003029
_18947_,VSS,Metal1,519.0730,605.4865,0.003035
_18948_,VSS,Metal1,664.1130,524.8465,0.001660
_18949_,VSS,Metal1,658.5130,553.7130,0.002353
_18950_,VSS,Metal1,654.5930,523.4730,0.001659
_18951_,VSS,Metal1,671.3930,534.9265,0.001920
_18952_,VSS,Metal1,664.1130,625.6465,0.002967
_18953_,VSS,Metal1,644.5130,583.9530,0.003048
_18954_,VSS,Metal1,606.9930,654.5130,0.002956
_18955_,VSS,Metal1,498.3530,583.9530,0.002930
_18956_,VSS,Metal1,499.4730,543.6330,0.002222
_18957_,VSS,Metal1,526.3530,565.1665,0.002656
_18958_,VSS,Metal1,545.9530,452.9130,0.002707
_18959_,VSS,Metal1,610.3530,462.9930,0.002324
_18960_,VSS,Metal1,575.0730,644.4330,0.002982
_18961_,VSS,Metal1,585.7130,575.2465,0.002682
_18962_,VSS,Metal1,609.2330,473.0730,0.001961
_18963_,VSS,Metal1,526.9130,452.9130,0.002709
_18964_,VSS,Metal1,581.7930,442.8330,0.003016
_18965_,VSS,Metal1,597.4730,434.1265,0.003225
_18966_,VSS,Metal1,610.9130,442.8330,0.003006
_18967_,VSS,Metal1,618.1930,452.9130,0.002653
_18968_,VSS,Metal1,604.7530,444.2065,0.003007
_18969_,VSS,Metal1,624.3530,583.9530,0.003048
_18970_,VSS,Metal1,614.2730,614.1930,0.002966
_18971_,VSS,Metal1,487.7130,594.0330,0.002940
_18972_,VSS,Metal1,487.1530,534.9265,0.001849
_18973_,VSS,Metal1,555.4730,545.0065,0.002222
_18974_,VSS,Metal1,540.3530,533.5530,0.001859
_18975_,VSS,Metal1,606.9930,523.4730,0.001662
_18976_,VSS,Metal1,556.5930,625.6465,0.003147
_18977_,VSS,Metal1,600.2730,585.3265,0.003045
_18978_,VSS,Metal1,596.3530,625.6465,0.003131
_18979_,VSS,Metal1,543.7130,604.1130,0.003051
_18980_,VSS,Metal1,699.9530,533.5530,0.001923
_18981_,VSS,Metal1,708.9130,545.0065,0.002174
_18982_,VSS,Metal1,697.7130,543.6330,0.002174
_18983_,VSS,Metal1,699.9530,553.7130,0.002362
_18984_,VSS,Metal1,703.3130,635.7265,0.003137
_18985_,VSS,Metal1,701.6330,594.0330,0.002929
_18986_,VSS,Metal1,627.7130,625.6465,0.002958
_18987_,VSS,Metal1,478.7530,524.8465,0.001586
_18988_,VSS,Metal1,475.3930,555.0865,0.002367
_18989_,VSS,Metal1,515.1530,575.2465,0.002673
_18990_,VSS,Metal1,525.2330,545.0065,0.002223
_18991_,VSS,Metal1,597.4730,555.0865,0.002395
_18992_,VSS,Metal1,566.1130,634.3530,0.003230
_18993_,VSS,Metal1,570.5930,594.0330,0.002936
_18994_,VSS,Metal1,605.3130,583.9530,0.003045
_18995_,VSS,Metal1,539.7930,614.1930,0.003002
_18996_,VSS,Metal1,616.5130,493.2330,0.001102
_18997_,VSS,Metal1,629.3930,484.5265,0.001483
_18998_,VSS,Metal1,639.4730,524.8465,0.001658
_18999_,VSS,Metal1,643.9530,545.0065,0.002121
_19000_,VSS,Metal1,649.5530,634.3530,0.003091
_19001_,VSS,Metal1,643.9530,595.4065,0.002897
_19002_,VSS,Metal1,624.9130,645.8065,0.002943
_19003_,VSS,Metal1,644.5130,674.6730,0.002934
_19004_,VSS,Metal1,624.9130,686.1265,0.003022
_19005_,VSS,Metal1,604.7530,686.1265,0.003023
_19006_,VSS,Metal1,609.2330,684.7530,0.003023
_19007_,VSS,Metal1,654.5930,664.5930,0.002928
_19008_,VSS,Metal1,605.3130,664.5930,0.002913
_19009_,VSS,Metal1,595.7930,665.9665,0.002914
_19010_,VSS,Metal1,629.9530,665.9665,0.002903
_19011_,VSS,Metal1,614.8330,694.8330,0.003395
_19012_,VSS,Metal1,702.7530,694.8330,0.003289
_19013_,VSS,Metal1,632.1930,676.0465,0.002932
_19014_,VSS,Metal1,692.1130,644.4330,0.003000
_19015_,VSS,Metal1,591.3130,655.8865,0.002957
_19016_,VSS,Metal1,662.4330,654.5130,0.002897
_19017_,VSS,Metal1,624.3530,664.5930,0.002903
_19018_,VSS,Metal1,467.5530,654.5130,0.002934
_19019_,VSS,Metal1,487.7130,654.5130,0.002934
_19020_,VSS,Metal1,540.9130,694.8330,0.003410
_19021_,VSS,Metal1,16.7530,887.7265,0.003937
_19022_,VSS,Metal1,17.3130,827.2465,0.003842
_19023_,VSS,Metal1,16.7530,786.9265,0.003822
_19024_,VSS,Metal1,22.3530,785.5530,0.003822
_19025_,VSS,Metal1,16.7530,867.5665,0.003944
_19026_,VSS,Metal1,16.7530,897.8065,0.003965
_19027_,VSS,Metal1,16.7530,857.4865,0.003926
_19028_,VSS,Metal1,272.1130,1079.2465,0.003314
_19029_,VSS,Metal1,173.5530,1079.2465,0.003362
_19030_,VSS,Metal1,131.5530,1079.2465,0.003577
_19031_,VSS,Metal1,18.9930,1027.4730,0.003915
_19032_,VSS,Metal1,30.1930,1087.9530,0.003673
_19033_,VSS,Metal1,212.7530,1079.2465,0.003360
_19034_,VSS,Metal1,250.2730,1079.2465,0.003354
_19035_,VSS,Metal1,16.7530,978.4465,0.003876
_19036_,VSS,Metal1,16.7530,917.9665,0.003954
_19037_,VSS,Metal1,16.7530,665.9665,0.003551
_19038_,VSS,Metal1,16.7530,696.2065,0.003696
_19039_,VSS,Metal1,16.7530,706.2865,0.003589
_19040_,VSS,Metal1,24.0330,684.7530,0.003622
_19041_,VSS,Metal1,16.7530,726.4465,0.003742
_19042_,VSS,Metal1,16.7530,756.6865,0.003834
_19043_,VSS,Metal1,22.3530,765.3930,0.003993
_19044_,VSS,Metal1,95.1530,1089.3265,0.003635
_19045_,VSS,Metal1,108.0330,1087.9530,0.003633
_19046_,VSS,Metal1,56.5130,1087.9530,0.003662
_19047_,VSS,Metal1,16.7530,998.6065,0.003904
_19048_,VSS,Metal1,26.2730,1067.7930,0.003871
_19049_,VSS,Metal1,16.7530,1018.7665,0.003890
_19050_,VSS,Metal1,95.1530,1079.2465,0.003764
_19051_,VSS,Metal1,16.7530,956.9130,0.003844
_19052_,VSS,Metal1,16.7530,928.0465,0.003942
_19053_,VSS,Metal1,22.3530,896.4330,0.003965
_19054_,VSS,Metal1,16.7530,825.8730,0.003842
_19055_,VSS,Metal1,16.7530,776.8465,0.003835
_19056_,VSS,Metal1,24.0330,775.4730,0.003835
_19057_,VSS,Metal1,23.4730,856.1130,0.003926
_19058_,VSS,Metal1,22.9130,916.5930,0.003954
_19059_,VSS,Metal1,17.3130,877.6465,0.003956
_19060_,VSS,Metal1,271.5530,1087.9530,0.003281
_19061_,VSS,Metal1,186.4330,1087.9530,0.003328
_19062_,VSS,Metal1,137.7130,1087.9530,0.003622
_19063_,VSS,Metal1,16.7530,1028.8465,0.003915
_19064_,VSS,Metal1,16.7530,1069.1665,0.003871
_19065_,VSS,Metal1,213.3130,1087.9530,0.003317
_19066_,VSS,Metal1,252.5130,1087.9530,0.003294
_19067_,VSS,Metal1,18.9930,977.0730,0.003876
_19068_,VSS,Metal1,21.2330,926.6730,0.003942
_19069_,VSS,Metal1,149.4730,251.3130,0.006891
_19070_,VSS,Metal1,184.1930,241.2330,0.006901
_19071_,VSS,Metal1,182.5130,251.3130,0.006888
_19072_,VSS,Metal1,173.5530,282.9265,0.006670
_19073_,VSS,Metal1,55.9530,242.6065,0.007030
_19074_,VSS,Metal1,366.1930,353.4865,0.005143
_19075_,VSS,Metal1,50.3530,272.8465,0.006917
_19076_,VSS,Metal1,58.1930,271.4730,0.006918
_19077_,VSS,Metal1,400.3530,363.5665,0.004619
_19078_,VSS,Metal1,478.1930,272.8465,0.006200
_19079_,VSS,Metal1,533.6330,261.3930,0.006203
_19080_,VSS,Metal1,958.1130,412.5930,0.004077
_19081_,VSS,Metal1,958.1130,432.7530,0.003416
_19082_,VSS,Metal1,847.7930,553.7130,0.002368
_19083_,VSS,Metal1,824.2730,676.0465,0.003282
_19084_,VSS,Metal1,824.8330,686.1265,0.003225
_19085_,VSS,Metal1,898.7530,674.6730,0.003350
_19086_,VSS,Metal1,833.2330,696.2065,0.003194
_19087_,VSS,Metal1,848.9130,644.4330,0.003358
_19088_,VSS,Metal1,845.5530,674.6730,0.003330
_19089_,VSS,Metal1,164.5930,262.7665,0.006894
_19090_,VSS,Metal1,56.5130,59.7930,0.006873
_19091_,VSS,Metal1,55.9530,61.1665,0.006873
_19092_,VSS,Metal1,85.0730,71.2465,0.006877
_19093_,VSS,Metal1,82.2730,81.3265,0.007055
_19094_,VSS,Metal1,56.5130,79.9530,0.007057
_19095_,VSS,Metal1,259.7930,69.8730,0.006482
_19096_,VSS,Metal1,282.1930,51.0865,0.006419
_19097_,VSS,Metal1,516.8330,41.0065,0.005149
_19098_,VSS,Metal1,580.6730,39.6330,0.005276
_19099_,VSS,Metal1,613.1530,39.6330,0.005288
_19100_,VSS,Metal1,683.7130,39.6330,0.005598
_19101_,VSS,Metal1,683.7130,120.2730,0.006454
_19102_,VSS,Metal1,711.1530,30.9265,0.005740
_19103_,VSS,Metal1,742.5130,30.9265,0.005782
_19104_,VSS,Metal1,765.4730,39.6330,0.005871
_19105_,VSS,Metal1,768.8330,29.5530,0.005864
_19106_,VSS,Metal1,171.3130,313.1665,0.006419
_19107_,VSS,Metal1,158.9930,131.7265,0.007241
_19108_,VSS,Metal1,167.9530,172.0465,0.007020
_19109_,VSS,Metal1,265.9530,130.3530,0.007086
_19110_,VSS,Metal1,270.4330,140.4330,0.006983
_19111_,VSS,Metal1,491.0730,140.4330,0.006401
_19112_,VSS,Metal1,507.3130,141.8065,0.006456
_19113_,VSS,Metal1,503.3930,180.7530,0.005652
_19114_,VSS,Metal1,911.6330,212.3665,0.006799
_19115_,VSS,Metal1,914.9930,252.6865,0.006718
_19116_,VSS,Metal1,898.7530,281.5530,0.006435
_19117_,VSS,Metal1,899.3130,293.0065,0.006246
_19118_,VSS,Metal1,931.7930,321.8730,0.005837
_19119_,VSS,Metal1,930.1130,331.9530,0.005576
_19120_,VSS,Metal1,904.9130,323.2465,0.005822
_19121_,VSS,Metal1,927.3130,352.1130,0.005317
_19122_,VSS,Metal1,912.7530,313.1665,0.006125
_19123_,VSS,Metal1,174.1130,281.5530,0.006670
_19124_,VSS,Metal1,125.3930,61.1665,0.006856
_19125_,VSS,Metal1,114.7530,69.8730,0.006849
_19126_,VSS,Metal1,137.7130,79.9530,0.007030
_19127_,VSS,Metal1,145.5530,90.0330,0.007180
_19128_,VSS,Metal1,193.1530,79.9530,0.006906
_19129_,VSS,Metal1,200.4330,71.2465,0.006701
_19130_,VSS,Metal1,228.9930,90.0330,0.006878
_19131_,VSS,Metal1,487.1530,101.4865,0.006352
_19132_,VSS,Metal1,514.0330,101.4865,0.006351
_19133_,VSS,Metal1,808.5930,79.9530,0.006656
_19134_,VSS,Metal1,825.3930,91.4065,0.006618
_19135_,VSS,Metal1,844.9930,69.8730,0.006522
_19136_,VSS,Metal1,853.3930,90.0330,0.006689
_19137_,VSS,Metal1,888.6730,110.1930,0.006962
_19138_,VSS,Metal1,904.3530,111.5665,0.006962
_19139_,VSS,Metal1,899.3130,141.8065,0.007070
_19140_,VSS,Metal1,168.5130,222.4465,0.006928
_19141_,VSS,Metal1,359.4730,111.5665,0.006614
_19142_,VSS,Metal1,330.3530,121.6465,0.006625
_19143_,VSS,Metal1,251.9530,111.5665,0.006895
_19144_,VSS,Metal1,258.1130,120.2730,0.006932
_19145_,VSS,Metal1,447.9530,121.6465,0.006414
_19146_,VSS,Metal1,477.0730,121.6465,0.006381
_19147_,VSS,Metal1,526.3530,222.4465,0.006109
_19148_,VSS,Metal1,909.9530,222.4465,0.006914
_19149_,VSS,Metal1,904.9130,282.9265,0.006435
_19150_,VSS,Metal1,913.3130,363.5665,0.005089
_19151_,VSS,Metal1,912.1930,373.6465,0.005026
_19152_,VSS,Metal1,927.3130,392.4330,0.004719
_19153_,VSS,Metal1,914.9930,383.7265,0.004981
_19154_,VSS,Metal1,926.7530,382.3530,0.004981
_19155_,VSS,Metal1,911.6330,353.4865,0.005317
_19156_,VSS,Metal1,933.4730,402.5130,0.004421
_19157_,VSS,Metal1,166.8330,212.3665,0.006917
_19158_,VSS,Metal1,165.1530,101.4865,0.006919
_19159_,VSS,Metal1,142.1930,110.1930,0.007112
_19160_,VSS,Metal1,146.6730,130.3530,0.007242
_19161_,VSS,Metal1,151.7130,100.1130,0.006920
_19162_,VSS,Metal1,193.7130,121.6465,0.007091
_19163_,VSS,Metal1,223.3930,100.1130,0.006877
_19164_,VSS,Metal1,242.9930,91.4065,0.006869
_19165_,VSS,Metal1,505.6330,110.1930,0.006373
_19166_,VSS,Metal1,535.8730,100.1130,0.006349
_19167_,VSS,Metal1,808.0330,100.1130,0.006641
_19168_,VSS,Metal1,811.3930,110.1930,0.006698
_19169_,VSS,Metal1,841.6330,100.1130,0.006661
_19170_,VSS,Metal1,861.7930,91.4065,0.006689
_19171_,VSS,Metal1,865.1530,101.4865,0.006708
_19172_,VSS,Metal1,860.6730,111.5665,0.006921
_19173_,VSS,Metal1,859.5530,140.4330,0.007002
_19174_,VSS,Metal1,173.5530,293.0065,0.006483
_19175_,VSS,Metal1,987.7930,1027.4730,0.001354
_19176_,VSS,Metal1,995.6330,1017.3930,0.001350
_19177_,VSS,Metal1,1023.0730,1027.4730,0.001343
_19178_,VSS,Metal1,1074.5930,1037.5530,0.001479
_19179_,VSS,Metal1,1072.9130,1047.6330,0.001363
_19180_,VSS,Metal1,1074.5930,1027.4730,0.001362
_19181_,VSS,Metal1,1035.9530,1017.3930,0.001342
_19182_,VSS,Metal1,983.3130,917.9665,0.001808
_19183_,VSS,Metal1,170.7530,323.2465,0.006079
_19184_,VSS,Metal1,988.9130,977.0730,0.000962
_19185_,VSS,Metal1,1000.1130,997.2330,0.001373
_19186_,VSS,Metal1,1007.9530,998.6065,0.001373
_19187_,VSS,Metal1,1062.2730,1007.3130,0.001307
_19188_,VSS,Metal1,1054.9930,968.3665,0.000835
_19189_,VSS,Metal1,1061.7130,1008.6865,0.001307
_19190_,VSS,Metal1,1035.9530,1007.3130,0.001303
_19191_,VSS,Metal1,983.3130,946.8330,0.000953
_19192_,VSS,Metal1,1004.5930,917.9665,0.001798
_19193_,VSS,Metal1,985.5530,434.1265,0.003419
_19194_,VSS,Metal1,454.1130,452.9130,0.002760
_19195_,VSS,Metal1,456.3530,462.9930,0.002439
_19196_,VSS,Metal1,498.3530,321.8730,0.005154
_19197_,VSS,Metal1,507.3130,333.3265,0.004854
_19198_,VSS,Metal1,524.1130,343.4065,0.004572
_19199_,VSS,Metal1,571.1530,392.4330,0.004078
_19200_,VSS,Metal1,602.5130,393.8065,0.004075
_19201_,VSS,Metal1,596.9130,403.8865,0.004093
_19202_,VSS,Metal1,580.6730,412.5930,0.003811
_19203_,VSS,Metal1,636.1130,413.9665,0.003756
_19204_,VSS,Metal1,937.9530,483.1530,0.001614
_19205_,VSS,Metal1,938.5130,514.7665,0.001377
_19206_,VSS,Metal1,948.0330,534.9265,0.001952
_19207_,VSS,Metal1,939.0730,565.1665,0.002600
_19208_,VSS,Metal1,938.5130,595.4065,0.003117
_19209_,VSS,Metal1,840.5130,624.2730,0.003111
_19210_,VSS,Metal1,841.0730,634.3530,0.003241
_19211_,VSS,Metal1,860.6730,635.7265,0.003244
_19212_,VSS,Metal1,296.7530,79.9530,0.006656
_19213_,VSS,Metal1,291.7130,39.6330,0.006207
_19214_,VSS,Metal1,310.7530,39.6330,0.006170
_19215_,VSS,Metal1,395.3130,30.9265,0.005533
_19216_,VSS,Metal1,428.3530,29.5530,0.005329
_19217_,VSS,Metal1,458.0330,49.7130,0.005458
_19218_,VSS,Metal1,494.9930,49.7130,0.005113
_19219_,VSS,Metal1,506.7530,39.6330,0.005141
_19220_,VSS,Metal1,580.6730,69.8730,0.005874
_19221_,VSS,Metal1,589.6330,61.1665,0.005469
_19222_,VSS,Metal1,604.7530,413.9665,0.003797
_19223_,VSS,Metal1,670.8330,363.5665,0.004397
_19224_,VSS,Metal1,678.1130,71.2465,0.006047
_19225_,VSS,Metal1,683.1530,343.4065,0.004710
_19226_,VSS,Metal1,762.1130,69.8730,0.006251
_19227_,VSS,Metal1,742.5130,51.0865,0.005888
_19228_,VSS,Metal1,525.7930,262.7665,0.006203
_19229_,VSS,Metal1,385.2330,412.5930,0.004051
_19230_,VSS,Metal1,562.1930,293.0065,0.005890
_19231_,VSS,Metal1,553.2330,353.4865,0.004348
_19232_,VSS,Metal1,605.3130,331.9530,0.004939
_19233_,VSS,Metal1,641.1530,343.4065,0.004515
_19234_,VSS,Metal1,620.9930,402.5130,0.004084
_19235_,VSS,Metal1,898.7530,412.5930,0.004030
_19236_,VSS,Metal1,906.0330,464.3665,0.002423
_19237_,VSS,Metal1,898.7530,513.3930,0.001423
_19238_,VSS,Metal1,864.5930,534.9265,0.001957
_19239_,VSS,Metal1,851.7130,563.7930,0.002570
_19240_,VSS,Metal1,892.5930,583.9530,0.002863
_19241_,VSS,Metal1,839.3930,605.4865,0.003185
_19242_,VSS,Metal1,867.3930,595.4065,0.003006
_19243_,VSS,Metal1,859.5530,614.1930,0.003037
_19244_,VSS,Metal1,298.9930,69.8730,0.006374
_19245_,VSS,Metal1,321.9530,71.2465,0.006330
_19246_,VSS,Metal1,357.2330,71.2465,0.006259
_19247_,VSS,Metal1,394.1930,81.3265,0.006361
_19248_,VSS,Metal1,428.9130,91.4065,0.006424
_19249_,VSS,Metal1,448.5130,100.1130,0.006480
_19250_,VSS,Metal1,475.9530,91.4065,0.006276
_19251_,VSS,Metal1,550.9930,121.6465,0.006411
_19252_,VSS,Metal1,589.0730,111.5665,0.006417
_19253_,VSS,Metal1,624.9130,121.6465,0.006401
_19254_,VSS,Metal1,647.8730,231.1530,0.006188
_19255_,VSS,Metal1,669.1530,111.5665,0.006476
_19256_,VSS,Metal1,711.1530,111.5665,0.006596
_19257_,VSS,Metal1,722.3530,232.5265,0.006525
_19258_,VSS,Metal1,792.9130,111.5665,0.006681
_19259_,VSS,Metal1,784.5130,121.6465,0.006641
_19260_,VSS,Metal1,541.4730,281.5530,0.005983
_19261_,VSS,Metal1,546.5130,282.9265,0.005983
_19262_,VSS,Metal1,544.2730,331.9530,0.004881
_19263_,VSS,Metal1,548.7530,343.4065,0.004571
_19264_,VSS,Metal1,566.1130,382.3530,0.004354
_19265_,VSS,Metal1,624.9130,363.5665,0.004340
_19266_,VSS,Metal1,642.2730,393.8065,0.004056
_19267_,VSS,Metal1,898.7530,442.8330,0.003113
_19268_,VSS,Metal1,912.1930,454.2865,0.002830
_19269_,VSS,Metal1,904.3530,484.5265,0.001617
_19270_,VSS,Metal1,893.7130,523.4730,0.001811
_19271_,VSS,Metal1,881.3930,543.6330,0.002260
_19272_,VSS,Metal1,881.3930,563.7930,0.002587
_19273_,VSS,Metal1,879.7130,573.8730,0.002721
_19274_,VSS,Metal1,857.8730,573.8730,0.002717
_19275_,VSS,Metal1,860.1130,575.2465,0.002717
_19276_,VSS,Metal1,344.9130,90.0330,0.006619
_19277_,VSS,Metal1,349.9530,79.9530,0.006366
_19278_,VSS,Metal1,365.0730,81.3265,0.006364
_19279_,VSS,Metal1,379.6330,79.9530,0.006363
_19280_,VSS,Metal1,417.1530,90.0330,0.006424
_19281_,VSS,Metal1,450.7530,90.0330,0.006409
_19282_,VSS,Metal1,477.6330,81.3265,0.005911
_19283_,VSS,Metal1,565.5530,111.5665,0.006417
_19284_,VSS,Metal1,566.1130,110.1930,0.006417
_19285_,VSS,Metal1,610.3530,110.1930,0.006414
_19286_,VSS,Metal1,642.2730,111.5665,0.006390
_19287_,VSS,Metal1,664.1130,101.4865,0.006237
_19288_,VSS,Metal1,701.0730,110.1930,0.006593
_19289_,VSS,Metal1,733.5530,110.1930,0.006614
_19290_,VSS,Metal1,768.2730,110.1930,0.006673
_19291_,VSS,Metal1,768.8330,100.1130,0.006549
_19292_,VSS,Metal1,962.0330,190.8330,0.006816
_19293_,VSS,Metal1,977.7130,575.2465,0.002760
_19294_,VSS,Metal1,977.7130,565.1665,0.002662
_19295_,VSS,Metal1,957.5530,182.1265,0.006944
_19296_,VSS,Metal1,969.3130,604.1130,0.003156
_19297_,VSS,Metal1,971.5530,200.9130,0.007027
_19298_,VSS,Metal1,966.5130,644.4330,0.003490
_19299_,VSS,Metal1,965.9530,684.7530,0.003289
_19300_,VSS,Metal1,967.0730,674.6730,0.003361
_19301_,VSS,Metal1,977.7130,232.5265,0.006866
_19302_,VSS,Metal1,998.4330,110.1930,0.007046
_19303_,VSS,Metal1,1001.7930,120.2730,0.007026
_19304_,VSS,Metal1,1002.9130,150.5130,0.007005
_19305_,VSS,Metal1,1016.3530,170.6730,0.006975
_19306_,VSS,Metal1,1036.5130,190.8330,0.006907
_19307_,VSS,Metal1,1023.6330,202.2865,0.007112
_19308_,VSS,Metal1,1044.9130,221.0730,0.006992
_19309_,VSS,Metal1,1035.9530,252.6865,0.006803
_19310_,VSS,Metal1,1028.6730,272.8465,0.006647
_19311_,VSS,Metal1,1056.1130,282.9265,0.006528
_19312_,VSS,Metal1,1036.5130,311.7930,0.006204
_19313_,VSS,Metal1,1024.1930,303.0865,0.006152
_19314_,VSS,Metal1,1036.5130,342.0330,0.005845
_19315_,VSS,Metal1,1037.0730,352.1130,0.005365
_19316_,VSS,Metal1,989.4730,886.3530,0.002255
_19317_,VSS,Metal1,995.6330,906.5130,0.001982
_19318_,VSS,Metal1,1014.6730,958.2865,0.000577
_19319_,VSS,Metal1,1027.5530,977.0730,0.000959
_19320_,VSS,Metal1,1022.5130,948.2065,0.000941
_19321_,VSS,Metal1,1023.0730,956.9130,0.000577
_19322_,VSS,Metal1,1026.4330,966.9930,0.000815
_19323_,VSS,Metal1,988.9130,896.4330,0.002217
_19324_,VSS,Metal1,1075.7130,634.3530,0.003598
_19325_,VSS,Metal1,1055.5530,604.1130,0.003224
_19326_,VSS,Metal1,1070.1130,565.1665,0.002711
_19327_,VSS,Metal1,1075.7130,534.9265,0.002071
_19328_,VSS,Metal1,1043.2330,533.5530,0.002068
_19329_,VSS,Metal1,1062.2730,494.6065,0.001266
_19330_,VSS,Metal1,1056.1130,504.6865,0.001109
_19331_,VSS,Metal1,1064.5130,323.2465,0.006015
_19332_,VSS,Metal1,1075.7130,281.5530,0.006542
_19333_,VSS,Metal1,1062.2730,363.5665,0.005199
_19334_,VSS,Metal1,1036.5130,392.4330,0.004811
_19335_,VSS,Metal1,1021.9530,413.9665,0.004149
_19336_,VSS,Metal1,1036.5130,452.9130,0.002931
_19337_,VSS,Metal1,1025.3130,474.4465,0.002452
_19338_,VSS,Metal1,1004.5930,523.4730,0.001814
_19339_,VSS,Metal1,1015.2330,553.7130,0.002489
_19340_,VSS,Metal1,1064.5130,825.8730,0.003212
_19341_,VSS,Metal1,1051.6330,827.2465,0.003212
_19342_,VSS,Metal1,1075.7130,624.2730,0.003269
_19343_,VSS,Metal1,1056.1130,595.4065,0.003328
_19344_,VSS,Metal1,1051.0730,573.8730,0.002836
_19345_,VSS,Metal1,1065.6330,555.0865,0.002511
_19346_,VSS,Metal1,1037.0730,553.7130,0.002494
_19347_,VSS,Metal1,1055.5530,523.4730,0.001828
_19348_,VSS,Metal1,1055.5530,483.1530,0.001736
_19349_,VSS,Metal1,1065.6330,313.1665,0.006207
_19350_,VSS,Metal1,1070.1130,303.0865,0.006168
_19351_,VSS,Metal1,1075.7130,402.5130,0.004586
_19352_,VSS,Metal1,1058.3530,424.0465,0.003780
_19353_,VSS,Metal1,1075.7130,452.9130,0.002943
_19354_,VSS,Metal1,1065.6330,464.3665,0.002495
_19355_,VSS,Metal1,1024.7530,454.2865,0.002931
_19356_,VSS,Metal1,1030.9130,504.6865,0.001105
_19357_,VSS,Metal1,1023.6330,524.8465,0.001818
_19358_,VSS,Metal1,1072.3530,815.7930,0.002990
_19359_,VSS,Metal1,1071.2330,846.0330,0.002751
_19360_,VSS,Metal1,1075.7130,59.7930,0.006932
_19361_,VSS,Metal1,1063.3930,91.4065,0.006890
_19362_,VSS,Metal1,1070.1130,121.6465,0.007050
_19363_,VSS,Metal1,1074.5930,161.9665,0.006973
_19364_,VSS,Metal1,1035.9530,121.6465,0.007038
_19365_,VSS,Metal1,1031.4730,71.2465,0.006731
_19366_,VSS,Metal1,1059.4730,41.0065,0.006279
_19367_,VSS,Metal1,1016.3530,39.6330,0.006276
_19368_,VSS,Metal1,986.1130,30.9265,0.006231
_19369_,VSS,Metal1,1011.8730,90.0330,0.006885
_19370_,VSS,Metal1,1023.0730,111.5665,0.007066
_19371_,VSS,Metal1,1029.2330,141.8065,0.007127
_19372_,VSS,Metal1,1051.0730,170.6730,0.006978
_19373_,VSS,Metal1,1062.8330,192.2065,0.006910
_19374_,VSS,Metal1,1069.5530,212.3665,0.006892
_19375_,VSS,Metal1,1075.7130,241.2330,0.006889
_19376_,VSS,Metal1,1071.7930,262.7665,0.007033
_19377_,VSS,Metal1,1048.2730,331.9530,0.005717
_19378_,VSS,Metal1,1066.1930,61.1665,0.006932
_19379_,VSS,Metal1,1052.7530,100.1130,0.006960
_19380_,VSS,Metal1,1063.9530,131.7265,0.007390
_19381_,VSS,Metal1,1063.9530,151.8865,0.007051
_19382_,VSS,Metal1,1039.3130,120.2730,0.007038
_19383_,VSS,Metal1,1046.5930,69.8730,0.006732
_19384_,VSS,Metal1,1047.1530,29.5530,0.006280
_19385_,VSS,Metal1,1021.3930,30.9265,0.006239
_19386_,VSS,Metal1,997.3130,39.6330,0.006269
_19387_,VSS,Metal1,997.8730,100.1130,0.006919
_19388_,VSS,Metal1,996.7530,121.6465,0.007026
_19389_,VSS,Metal1,996.7530,141.8065,0.007111
_19390_,VSS,Metal1,1018.5930,172.0465,0.006975
_19391_,VSS,Metal1,1028.6730,182.1265,0.007016
_19392_,VSS,Metal1,1025.8730,212.3665,0.006881
_19393_,VSS,Metal1,1048.2730,231.1530,0.006922
_19394_,VSS,Metal1,1054.9930,261.3930,0.007032
_19395_,VSS,Metal1,1050.5130,321.8730,0.006013
_19396_,VSS,Metal1,1045.4730,372.2730,0.005181
_19397_,VSS,Metal1,1035.9530,383.7265,0.005058
_19398_,VSS,Metal1,1020.8330,424.0465,0.003770
_19399_,VSS,Metal1,1027.5530,444.2065,0.003215
_19400_,VSS,Metal1,1023.0730,484.5265,0.001718
_19401_,VSS,Metal1,1004.0330,513.3930,0.001416
_19402_,VSS,Metal1,1018.0330,555.0865,0.002489
_19403_,VSS,Metal1,1033.1530,825.8730,0.003202
_19404_,VSS,Metal1,1042.6730,857.4865,0.002689
_19405_,VSS,Metal1,1034.2730,856.1130,0.002689
_19406_,VSS,Metal1,1023.0730,896.4330,0.002187
_19407_,VSS,Metal1,1018.5930,897.8065,0.002187
_19408_,VSS,Metal1,1023.0730,926.6730,0.001515
_19409_,VSS,Metal1,1022.5130,928.0465,0.001515
_19410_,VSS,Metal1,1070.6730,403.8865,0.004586
_19411_,VSS,Metal1,1055.5530,432.7530,0.003458
_19412_,VSS,Metal1,1068.4330,454.2865,0.002943
_19413_,VSS,Metal1,1066.1930,474.4465,0.002529
_19414_,VSS,Metal1,1023.6330,464.3665,0.002479
_19415_,VSS,Metal1,1036.5130,503.3130,0.001105
_19416_,VSS,Metal1,1025.8730,534.9265,0.002065
_19417_,VSS,Metal1,1070.1130,835.9530,0.002851
_19418_,VSS,Metal1,1070.1130,856.1130,0.002692
_19419_,VSS,Metal1,1061.7130,857.4865,0.002692
_19420_,VSS,Metal1,1066.1930,896.4330,0.002206
_19421_,VSS,Metal1,1061.7130,897.8065,0.002206
_19422_,VSS,Metal1,1071.7930,916.5930,0.001772
_19423_,VSS,Metal1,1064.5130,926.6730,0.001518
_19424_,VSS,Metal1,1016.9130,81.3265,0.006997
_19425_,VSS,Metal1,1024.1930,91.4065,0.006885
_19426_,VSS,Metal1,1029.7930,131.7265,0.007376
_19427_,VSS,Metal1,1049.3930,160.5930,0.006969
_19428_,VSS,Metal1,1055.5530,190.8330,0.006910
_19429_,VSS,Metal1,1065.0730,202.2865,0.007131
_19430_,VSS,Metal1,1068.4330,232.5265,0.006925
_19431_,VSS,Metal1,1075.7130,261.3930,0.007033
_19432_,VSS,Metal1,1010.1930,342.0330,0.005778
_19433_,VSS,Metal1,1016.3530,362.1930,0.005171
_19434_,VSS,Metal1,1005.1530,392.4330,0.004768
_19435_,VSS,Metal1,1002.3530,402.5130,0.004531
_19436_,VSS,Metal1,1005.1530,412.5930,0.004147
_19437_,VSS,Metal1,1031.4730,373.6465,0.005179
_19438_,VSS,Metal1,259.2330,49.7130,0.006441
_19439_,VSS,Metal1,318.0330,101.4865,0.006727
_19440_,VSS,Metal1,927.3130,170.6730,0.006770
_19441_,VSS,Metal1,957.5530,141.8065,0.007077
_19442_,VSS,Metal1,934.5930,210.9930,0.006814
_19443_,VSS,Metal1,938.5130,161.9665,0.006892
_19444_,VSS,Metal1,946.9130,131.7265,0.007145
_19445_,VSS,Metal1,957.5530,161.9665,0.006898
_19446_,VSS,Metal1,931.7930,231.1530,0.006837
_19447_,VSS,Metal1,957.5530,212.3665,0.006824
_19448_,VSS,Metal1,958.1130,251.3130,0.006741
_19449_,VSS,Metal1,928.4330,180.7530,0.006934
_19450_,VSS,Metal1,965.3930,281.5530,0.006476
_19451_,VSS,Metal1,937.9530,221.0730,0.006940
_19452_,VSS,Metal1,940.7530,192.2065,0.006757
_19453_,VSS,Metal1,934.0330,251.3130,0.006725
_19454_,VSS,Metal1,968.1930,352.1130,0.005343
_19455_,VSS,Metal1,958.1130,261.3930,0.006793
_19456_,VSS,Metal1,961.4730,271.4730,0.006579
_19457_,VSS,Metal1,930.1130,59.7930,0.006843
_19458_,VSS,Metal1,184.7530,59.7930,0.006631
_19459_,VSS,Metal1,918.3530,81.3265,0.006922
_19460_,VSS,Metal1,174.1130,100.1130,0.006918
_19461_,VSS,Metal1,934.5930,79.9530,0.006971
_19462_,VSS,Metal1,958.1130,79.9530,0.006969
_19463_,VSS,Metal1,932.3530,90.0330,0.006846
_19464_,VSS,Metal1,947.4730,101.4865,0.006906
_19465_,VSS,Metal1,937.9530,100.1130,0.006905
_19466_,VSS,Metal1,911.0730,161.9665,0.006858
_19467_,VSS,Metal1,946.9130,71.2465,0.006702
_19468_,VSS,Metal1,918.3530,71.2465,0.006669
_19469_,VSS,Metal1,910.5130,151.8865,0.006903
_19470_,VSS,Metal1,926.7530,110.1930,0.006981
_19471_,VSS,Metal1,941.3130,111.5665,0.006981
_19472_,VSS,Metal1,926.7530,130.3530,0.007129
_19473_,VSS,Metal1,930.1130,140.4330,0.007074
_19474_,VSS,Metal1,990.0330,956.9130,0.000580
_19475_,VSS,Metal1,1003.4730,948.2065,0.000947
_19476_,VSS,Metal1,1023.0730,987.1530,0.001098
_19477_,VSS,Metal1,1073.4730,977.0730,0.000971
_19478_,VSS,Metal1,1073.4730,956.9130,0.000595
_19479_,VSS,Metal1,1074.5930,997.2330,0.001379
_19480_,VSS,Metal1,1042.1130,987.1530,0.001102
_19481_,VSS,Metal1,994.5130,926.6730,0.001556
_19482_,VSS,Metal1,990.0330,966.9930,0.000835
_19483_,VSS,Metal1,1003.4730,978.4465,0.000962
_19484_,VSS,Metal1,1014.1130,988.5265,0.001099
_19485_,VSS,Metal1,1066.1930,987.1530,0.001107
_19486_,VSS,Metal1,1062.2730,966.9930,0.000835
_19487_,VSS,Metal1,1073.4730,1017.3930,0.001359
_19488_,VSS,Metal1,1037.6330,997.2330,0.001368
_19489_,VSS,Metal1,990.0330,936.7530,0.001398
_19490_,VSS,Metal1,68.2730,251.3130,0.006926
_19491_,VSS,Metal1,487.1530,282.9265,0.005978
_19492_,VSS,Metal1,55.9530,282.9265,0.006721
_19493_,VSS,Metal1,69.9530,281.5530,0.006722
_19494_,VSS,Metal1,538.1130,372.2730,0.004321
_19495_,VSS,Metal1,577.3130,291.6330,0.005890
_19496_,VSS,Metal1,556.0330,262.7665,0.006202
_19497_,VSS,Metal1,957.5530,413.9665,0.004077
_19498_,VSS,Metal1,961.4730,442.8330,0.003160
_19499_,VSS,Metal1,866.8330,545.0065,0.002259
_19500_,VSS,Metal1,844.4330,684.7530,0.003242
_19501_,VSS,Metal1,846.1130,694.8330,0.003195
_19502_,VSS,Metal1,906.5930,686.1265,0.003263
_19503_,VSS,Metal1,879.7130,694.8330,0.003215
_19504_,VSS,Metal1,860.1130,655.8865,0.003266
_19505_,VSS,Metal1,860.1130,676.0465,0.003331
_19506_,VSS,Metal1,55.9530,30.9265,0.006624
_19507_,VSS,Metal1,65.4730,49.7130,0.006818
_19508_,VSS,Metal1,90.6730,51.0865,0.006806
_19509_,VSS,Metal1,84.5130,61.1665,0.006861
_19510_,VSS,Metal1,55.9530,41.0065,0.006733
_19511_,VSS,Metal1,272.1130,41.0065,0.006253
_19512_,VSS,Metal1,465.8730,39.6330,0.005200
_19513_,VSS,Metal1,525.7930,30.9265,0.005360
_19514_,VSS,Metal1,585.7130,30.9265,0.005456
_19515_,VSS,Metal1,612.0330,29.5530,0.005478
_19516_,VSS,Metal1,671.9530,41.0065,0.005597
_19517_,VSS,Metal1,683.1530,30.9265,0.005557
_19518_,VSS,Metal1,711.7130,41.0065,0.005779
_19519_,VSS,Metal1,742.5130,41.0065,0.005841
_19520_,VSS,Metal1,781.7130,30.9265,0.005871
_19521_,VSS,Metal1,800.7530,30.9265,0.005905
_19522_,VSS,Metal1,382.4330,110.1930,0.006592
_19523_,VSS,Metal1,180.8330,49.7130,0.006658
_19524_,VSS,Metal1,344.3530,100.1130,0.006650
_19525_,VSS,Metal1,284.9930,81.3265,0.006656
_19526_,VSS,Metal1,279.3930,111.5665,0.006833
_19527_,VSS,Metal1,544.2730,130.3530,0.006464
_19528_,VSS,Metal1,591.8730,121.6465,0.006411
_19529_,VSS,Metal1,556.5930,272.8465,0.006230
_19530_,VSS,Metal1,908.2730,182.1265,0.006930
_19531_,VSS,Metal1,945.2330,272.8465,0.006533
_19532_,VSS,Metal1,957.5530,464.3665,0.002424
_19533_,VSS,Metal1,963.7130,493.2330,0.001194
_19534_,VSS,Metal1,972.1130,543.6330,0.002817
_19535_,VSS,Metal1,964.2730,573.8730,0.002759
_19536_,VSS,Metal1,941.8730,635.7265,0.003307
_19537_,VSS,Metal1,955.8730,615.5665,0.003064
_19538_,VSS,Metal1,949.1530,665.9665,0.003283
_19539_,VSS,Metal1,957.5530,403.8865,0.004446
_19540_,VSS,Metal1,141.0730,39.6330,0.006663
_19541_,VSS,Metal1,123.7130,41.0065,0.006672
_19542_,VSS,Metal1,167.9530,30.9265,0.006483
_19543_,VSS,Metal1,210.5130,41.0065,0.006341
_19544_,VSS,Metal1,231.2330,49.7130,0.006571
_19545_,VSS,Metal1,243.5530,41.0065,0.006306
_19546_,VSS,Metal1,506.7530,69.8730,0.005788
_19547_,VSS,Metal1,546.5130,41.0065,0.005249
_19548_,VSS,Metal1,645.0730,39.6330,0.005439
_19549_,VSS,Metal1,840.5130,39.6330,0.006045
_19550_,VSS,Metal1,859.5530,39.6330,0.006079
_19551_,VSS,Metal1,860.1130,51.0865,0.006564
_19552_,VSS,Metal1,888.6730,29.5530,0.006008
_19553_,VSS,Metal1,899.3130,61.1665,0.006711
_19554_,VSS,Metal1,938.5130,41.0065,0.006162
_19555_,VSS,Metal1,918.9130,49.7130,0.006621
_19556_,VSS,Metal1,267.0730,59.7930,0.006382
_19557_,VSS,Metal1,320.2730,91.4065,0.006719
_19558_,VSS,Metal1,1074.5930,625.6465,0.003269
_19559_,VSS,Metal1,1068.4330,605.4865,0.003225
_19560_,VSS,Metal1,1075.7130,583.9530,0.002973
_19561_,VSS,Metal1,1075.7130,543.6330,0.003092
_19562_,VSS,Metal1,1056.6730,534.9265,0.002068
_19563_,VSS,Metal1,1075.7130,503.3130,0.001110
_19564_,VSS,Metal1,1075.7130,513.3930,0.001452
_19565_,VSS,Metal1,1071.2330,333.3265,0.005722
_19566_,VSS,Metal1,1071.7930,293.0065,0.006314
_19567_,VSS,Metal1,1070.1130,353.4865,0.005379
_19568_,VSS,Metal1,1062.2730,383.7265,0.005065
_19569_,VSS,Metal1,1036.5130,412.5930,0.004149
_19570_,VSS,Metal1,1006.8330,442.8330,0.003205
_19571_,VSS,Metal1,997.3130,473.0730,0.002360
_19572_,VSS,Metal1,997.3130,493.2330,0.001229
_19573_,VSS,Metal1,997.3130,543.6330,0.003045
_19574_,VSS,Metal1,1006.2730,837.3265,0.002876
_19575_,VSS,Metal1,1029.7930,835.9530,0.002842
_19576_,VSS,Metal1,1025.8730,866.1930,0.002762
_19577_,VSS,Metal1,1003.4730,877.6465,0.002363
_19578_,VSS,Metal1,1037.6330,906.5130,0.001956
_19579_,VSS,Metal1,1044.3530,938.1265,0.001391
_19580_,VSS,Metal1,1032.5930,936.7530,0.001391
_19581_,VSS,Metal1,1075.7130,614.1930,0.003125
_19582_,VSS,Metal1,1065.0730,585.3265,0.002972
_19583_,VSS,Metal1,1062.2730,575.2465,0.002836
_19584_,VSS,Metal1,1070.6730,545.0065,0.003092
_19585_,VSS,Metal1,1045.4730,543.6330,0.003085
_19586_,VSS,Metal1,1068.4330,514.7665,0.001452
_19587_,VSS,Metal1,1069.5530,484.5265,0.001737
_19588_,VSS,Metal1,1075.7130,321.8730,0.006016
_19589_,VSS,Metal1,1075.7130,301.7130,0.006168
_19590_,VSS,Metal1,1075.7130,382.3530,0.005065
_19591_,VSS,Metal1,1075.7130,412.5930,0.004160
_19592_,VSS,Metal1,1075.7130,432.7530,0.003458
_19593_,VSS,Metal1,1061.7130,444.2065,0.003221
_19594_,VSS,Metal1,997.3130,462.9930,0.002462
_19595_,VSS,Metal1,990.0330,494.6065,0.001229
_19596_,VSS,Metal1,997.3130,533.5530,0.002034
_19597_,VSS,Metal1,1002.9130,835.9530,0.002876
_19598_,VSS,Metal1,994.5130,856.1130,0.002702
_19599_,VSS,Metal1,1066.7530,866.1930,0.002773
_19600_,VSS,Metal1,1042.1130,876.2730,0.002356
_19601_,VSS,Metal1,1062.2730,906.5130,0.001961
_19602_,VSS,Metal1,1074.5930,946.8330,0.000948
_19603_,VSS,Metal1,1063.9530,936.7530,0.001392
_19604_,VSS,Metal1,1075.7130,69.8730,0.006746
_19605_,VSS,Metal1,1075.7130,100.1130,0.006961
_19606_,VSS,Metal1,1075.7130,120.2730,0.007050
_19607_,VSS,Metal1,1075.7130,150.5130,0.007051
_19608_,VSS,Metal1,1056.1130,111.5665,0.007078
_19609_,VSS,Metal1,1043.2330,59.7930,0.006928
_19610_,VSS,Metal1,1063.9530,51.0865,0.006865
_19611_,VSS,Metal1,1036.5130,39.6330,0.006277
_19612_,VSS,Metal1,987.7930,41.0065,0.006269
_19613_,VSS,Metal1,1016.3530,69.8730,0.006730
_19614_,VSS,Metal1,1023.0730,61.1665,0.006914
_19615_,VSS,Metal1,972.1130,130.3530,0.007215
_19616_,VSS,Metal1,1035.9530,151.8865,0.007035
_19617_,VSS,Metal1,1074.5930,182.1265,0.007031
_19618_,VSS,Metal1,1075.7130,200.9130,0.007132
_19619_,VSS,Metal1,988.9130,202.2865,0.007036
_19620_,VSS,Metal1,1016.3530,261.3930,0.007019
_19621_,VSS,Metal1,989.4730,272.8465,0.006612
_19622_,VSS,Metal1,996.7530,282.9265,0.006511
_19623_,VSS,Metal1,998.9930,352.1130,0.005344
_19624_,VSS,Metal1,982.1930,363.5665,0.005160
_19625_,VSS,Metal1,984.4330,373.6465,0.005129
_19626_,VSS,Metal1,984.4330,383.7265,0.005029
_19627_,VSS,Metal1,1071.7930,71.2465,0.006746
_19628_,VSS,Metal1,1067.8730,101.4865,0.006961
_19629_,VSS,Metal1,1075.7130,130.3530,0.007390
_19630_,VSS,Metal1,1067.3130,141.8065,0.007138
_19631_,VSS,Metal1,1047.1530,110.1930,0.007077
_19632_,VSS,Metal1,1051.0730,79.9530,0.007000
_19633_,VSS,Metal1,1056.1130,30.9265,0.006281
_19634_,VSS,Metal1,1023.0730,41.0065,0.006276
_19635_,VSS,Metal1,990.0330,51.0865,0.006677
_19636_,VSS,Metal1,992.2730,81.3265,0.006993
_19637_,VSS,Metal1,996.7530,71.2465,0.006721
_19638_,VSS,Metal1,983.8730,131.7265,0.007215
_19639_,VSS,Metal1,988.9130,161.9665,0.006925
_19640_,VSS,Metal1,997.3130,180.7530,0.007005
_19641_,VSS,Metal1,1028.6730,192.2065,0.006907
_19642_,VSS,Metal1,990.0330,192.2065,0.006852
_19643_,VSS,Metal1,1042.1130,251.3130,0.006803
_19644_,VSS,Metal1,1016.3530,271.4730,0.006647
_19645_,VSS,Metal1,997.3130,281.5530,0.006511
_19646_,VSS,Metal1,1008.5130,301.7130,0.006152
_19647_,VSS,Metal1,996.7530,313.1665,0.006174
_19648_,VSS,Metal1,996.7530,333.3265,0.005689
_19649_,VSS,Metal1,1035.3930,333.3265,0.005717
_19650_,VSS,Metal1,75.5530,261.3930,0.007039
_19651_,VSS,Metal1,493.8730,281.5530,0.005978
_19652_,VSS,Metal1,74.4330,291.6330,0.006554
_19653_,VSS,Metal1,82.2730,303.0865,0.006428
_19654_,VSS,Metal1,545.9530,362.1930,0.004353
_19655_,VSS,Metal1,596.9130,313.1665,0.005502
_19656_,VSS,Metal1,585.7130,293.0065,0.005889
_19657_,VSS,Metal1,977.7130,413.9665,0.004087
_19658_,VSS,Metal1,965.9530,452.9130,0.002856
_19659_,VSS,Metal1,893.1530,553.7130,0.002387
_19660_,VSS,Metal1,905.4730,696.2065,0.003218
_19661_,VSS,Metal1,873.5530,696.2065,0.003215
_19662_,VSS,Metal1,918.9130,684.7530,0.003264
_19663_,VSS,Metal1,890.9130,684.7530,0.003263
_19664_,VSS,Metal1,866.8330,645.8065,0.003367
_19665_,VSS,Metal1,867.3930,686.1265,0.003259
_19666_,VSS,Metal1,71.0730,29.5530,0.006623
_19667_,VSS,Metal1,76.1130,30.9265,0.006623
_19668_,VSS,Metal1,95.1530,30.9265,0.006614
_19669_,VSS,Metal1,95.7130,59.7930,0.006861
_19670_,VSS,Metal1,72.1930,39.6330,0.006715
_19671_,VSS,Metal1,271.5530,29.5530,0.006248
_19672_,VSS,Metal1,468.1130,30.9265,0.005279
_19673_,VSS,Metal1,539.7930,29.5530,0.005369
_19674_,VSS,Metal1,585.1530,29.5530,0.005456
_19675_,VSS,Metal1,624.9130,30.9265,0.005479
_19676_,VSS,Metal1,664.1130,30.9265,0.005510
_19677_,VSS,Metal1,687.0730,29.5530,0.005559
_19678_,VSS,Metal1,722.9130,29.5530,0.005740
_19679_,VSS,Metal1,741.9530,29.5530,0.005781
_19680_,VSS,Metal1,783.9530,41.0065,0.005910
_19681_,VSS,Metal1,820.9130,30.9265,0.005911
_19682_,VSS,Metal1,389.1530,100.1130,0.006547
_19683_,VSS,Metal1,192.5930,29.5530,0.006368
_19684_,VSS,Metal1,369.5530,101.4865,0.006559
_19685_,VSS,Metal1,291.1530,91.4065,0.006750
_19686_,VSS,Metal1,286.1130,101.4865,0.006771
_19687_,VSS,Metal1,566.1130,130.3530,0.006463
_19688_,VSS,Metal1,605.3130,130.3530,0.006412
_19689_,VSS,Metal1,589.0730,282.9265,0.005976
_19690_,VSS,Metal1,918.9130,190.8330,0.006729
_19691_,VSS,Metal1,955.8730,434.1265,0.003415
_19692_,VSS,Metal1,970.4330,473.0730,0.002308
_19693_,VSS,Metal1,971.5530,503.3130,0.001060
_19694_,VSS,Metal1,977.1530,553.7130,0.002455
_19695_,VSS,Metal1,966.5130,583.9530,0.002882
_19696_,VSS,Metal1,938.5130,645.8065,0.003478
_19697_,VSS,Metal1,958.1130,634.3530,0.003372
_19698_,VSS,Metal1,945.2330,655.8865,0.003336
_19699_,VSS,Metal1,957.5530,605.4865,0.003156
_19700_,VSS,Metal1,152.2730,29.5530,0.006484
_19701_,VSS,Metal1,114.7530,29.5530,0.006601
_19702_,VSS,Metal1,185.8730,39.6330,0.006538
_19703_,VSS,Metal1,222.8330,29.5530,0.006328
_19704_,VSS,Metal1,232.3530,39.6330,0.006309
_19705_,VSS,Metal1,251.9530,30.9265,0.006291
_19706_,VSS,Metal1,521.8730,61.1665,0.005478
_19707_,VSS,Metal1,559.9530,30.9265,0.005397
_19708_,VSS,Metal1,643.9530,30.9265,0.005486
_19709_,VSS,Metal1,839.9530,30.9265,0.005942
_19710_,VSS,Metal1,859.5530,29.5530,0.005980
_19711_,VSS,Metal1,860.1130,41.0065,0.006080
_19712_,VSS,Metal1,879.1530,30.9265,0.006006
_19713_,VSS,Metal1,893.1530,49.7130,0.006590
_19714_,VSS,Metal1,938.5130,30.9265,0.006191
_19715_,VSS,Metal1,918.3530,30.9265,0.006165
_19716_,VSS,Metal1,281.6330,61.1665,0.006381
_19717_,VSS,Metal1,317.4730,81.3265,0.006606
_19718_,VSS,Metal1,972.6730,301.7130,0.006129
_19719_,VSS,Metal1,971.5530,311.7930,0.006132
_19720_,VSS,Metal1,977.7130,333.3265,0.005684
_19721_,VSS,Metal1,983.3130,353.4865,0.005344
_19722_,VSS,Metal1,973.7930,392.4330,0.004732
_19723_,VSS,Metal1,997.3130,422.6730,0.003757
_19724_,VSS,Metal1,987.7930,424.0465,0.003756
_19725_,VSS,Metal1,979.3930,444.2065,0.003166
_19726_,VSS,Metal1,982.1930,514.7665,0.001403
_19727_,VSS,Metal1,983.3130,846.0330,0.002753
_19728_,VSS,Metal1,953.6330,676.0465,0.003359
_19729_,VSS,Metal1,983.3130,716.3665,0.003481
_19730_,VSS,Metal1,941.8730,686.1265,0.003267
_19731_,VSS,Metal1,984.4330,866.1930,0.002771
_19732_,VSS,Metal1,946.9130,696.2065,0.003216
_19733_,VSS,Metal1,958.1130,694.8330,0.003217
_19734_,VSS,Metal1,949.7130,61.1665,0.006858
_19735_,VSS,Metal1,960.9130,39.6330,0.006183
_19736_,VSS,Metal1,958.1130,49.7130,0.006655
_19737_,VSS,Metal1,945.7930,51.0865,0.006653
_19738_,VSS,Metal1,963.7130,59.7930,0.006871
_19739_,VSS,Metal1,964.8330,69.8730,0.006710
_19740_,VSS,Metal1,977.7130,71.2465,0.006712
_19741_,VSS,Metal1,962.5930,140.4330,0.007077
_19742_,VSS,Metal1,969.8730,180.7530,0.006945
_19743_,VSS,Metal1,977.1530,251.3130,0.006747
_19744_,VSS,Metal1,960.9130,100.1130,0.006907
_19745_,VSS,Metal1,968.1930,110.1930,0.007019
_19746_,VSS,Metal1,966.5130,90.0330,0.006867
_19747_,VSS,Metal1,977.7130,101.4865,0.006909
_19748_,VSS,Metal1,977.7130,91.4065,0.006868
_19749_,VSS,Metal1,970.9930,321.8730,0.005889
_19750_,VSS,Metal1,86.7530,272.8465,0.006935
_19751_,VSS,Metal1,500.0330,291.6330,0.005895
_19752_,VSS,Metal1,82.2730,293.0065,0.006554
_19753_,VSS,Metal1,313.5530,303.0865,0.006151
_19754_,VSS,Metal1,559.3930,363.5665,0.004353
_19755_,VSS,Metal1,612.0330,321.8730,0.005132
_19756_,VSS,Metal1,597.4730,303.0865,0.005676
_19757_,VSS,Metal1,974.9130,422.6730,0.003755
_19758_,VSS,Metal1,963.1530,462.9930,0.002425
_19759_,VSS,Metal1,918.3530,545.0065,0.002285
_19760_,VSS,Metal1,921.7130,694.8330,0.003219
_19761_,VSS,Metal1,937.9530,684.7530,0.003266
_19762_,VSS,Metal1,922.8330,674.6730,0.003355
_19763_,VSS,Metal1,904.3530,676.0465,0.003351
_19764_,VSS,Metal1,879.7130,654.5130,0.003273
_19765_,VSS,Metal1,879.7130,674.6730,0.003343
_19766_,VSS,Metal1,281.0730,30.9265,0.006245
_19767_,VSS,Metal1,95.7130,29.5530,0.006613
_19768_,VSS,Metal1,111.3930,39.6330,0.006675
_19769_,VSS,Metal1,108.5930,49.7130,0.006803
_19770_,VSS,Metal1,92.3530,41.0065,0.006706
_19771_,VSS,Metal1,442.9130,30.9265,0.005326
_19772_,VSS,Metal1,487.1530,30.9265,0.005241
_19773_,VSS,Metal1,545.9530,39.6330,0.005248
_19774_,VSS,Metal1,591.8730,41.0065,0.005278
_19775_,VSS,Metal1,619.3130,49.7130,0.005302
_19776_,VSS,Metal1,654.0330,29.5530,0.005500
_19777_,VSS,Metal1,685.3930,49.7130,0.005641
_19778_,VSS,Metal1,722.9130,39.6330,0.005785
_19779_,VSS,Metal1,741.9530,39.6330,0.005840
_19780_,VSS,Metal1,801.3130,39.6330,0.005927
_19781_,VSS,Metal1,808.5930,29.5530,0.005908
_19782_,VSS,Metal1,395.8730,91.4065,0.006486
_19783_,VSS,Metal1,203.7930,30.9265,0.006365
_19784_,VSS,Metal1,384.1130,120.2730,0.006569
_19785_,VSS,Metal1,307.9530,100.1130,0.006730
_19786_,VSS,Metal1,295.6330,110.1930,0.006760
_19787_,VSS,Metal1,575.6330,140.4330,0.006487
_19788_,VSS,Metal1,610.3530,140.4330,0.006487
_19789_,VSS,Metal1,605.3130,301.7130,0.005676
_19790_,VSS,Metal1,911.6330,192.2065,0.006729
_19791_,VSS,Metal1,953.0730,444.2065,0.003160
_19792_,VSS,Metal1,968.7530,483.1530,0.001642
_19793_,VSS,Metal1,972.1130,513.3930,0.001402
_19794_,VSS,Metal1,978.8330,555.0865,0.002456
_19795_,VSS,Metal1,962.5930,594.0330,0.003187
_19796_,VSS,Metal1,927.8730,644.4330,0.003477
_19797_,VSS,Metal1,951.9530,625.6465,0.003168
_19798_,VSS,Metal1,932.9130,664.5930,0.003250
_19799_,VSS,Metal1,958.1130,624.2730,0.003169
_19800_,VSS,Metal1,162.3530,41.0065,0.006606
_19801_,VSS,Metal1,130.9930,30.9265,0.006523
_19802_,VSS,Metal1,213.3130,39.6330,0.006338
_19803_,VSS,Metal1,232.9130,30.9265,0.006322
_19804_,VSS,Metal1,263.7130,39.6330,0.006254
_19805_,VSS,Metal1,461.9530,29.5530,0.005282
_19806_,VSS,Metal1,526.3530,51.0865,0.005171
_19807_,VSS,Metal1,565.5530,41.0065,0.005273
_19808_,VSS,Metal1,634.9930,41.0065,0.005432
_19809_,VSS,Metal1,829.3130,41.0065,0.006042
_19810_,VSS,Metal1,860.1130,30.9265,0.005980
_19811_,VSS,Metal1,840.5130,49.7130,0.006529
_19812_,VSS,Metal1,880.2730,39.6330,0.006097
_19813_,VSS,Metal1,888.1130,59.7930,0.006709
_19814_,VSS,Metal1,918.9130,29.5530,0.006165
_19815_,VSS,Metal1,906.5930,41.0065,0.006160
_19816_,VSS,Metal1,211.7755,504.7110,0.001097
_19817_,VSS,Metal1,250.2930,545.0195,0.002392
_19818_,VSS,Metal1,211.0730,524.8465,0.001786
_19819_,VSS,Metal1,217.7930,523.4730,0.001787
_19820_,VSS,Metal1,223.3930,533.5530,0.001901
_19821_,VSS,Metal1,212.7530,555.0865,0.002390
_19822_,VSS,Metal1,226.1930,563.7930,0.002590
_19823_,VSS,Metal1,246.3530,565.1665,0.002593
_19824_,VSS,Metal1,251.9530,575.2465,0.002771
_19825_,VSS,Metal1,228.0155,493.2085,0.001435
_19826_,VSS,Metal1,231.5020,503.2720,0.001096
_19827_,VSS,Metal1,258.6730,493.2330,0.001450
_19828_,VSS,Metal1,261.4730,503.3130,0.001088
_19829_,VSS,Metal1,146.1130,604.1130,0.003261
_19830_,VSS,Metal1,129.8730,555.0865,0.002401
_19831_,VSS,Metal1,339.8730,644.4330,0.003252
_19832_,VSS,Metal1,318.5930,595.4065,0.003096
_19833_,VSS,Metal1,251.9530,625.6465,0.003359
_19834_,VSS,Metal1,256.9930,614.1930,0.003294
_19835_,VSS,Metal1,358.3530,625.6465,0.003249
_19836_,VSS,Metal1,349.9530,583.9530,0.002934
_19837_,VSS,Metal1,349.9530,604.1130,0.003249
_19838_,VSS,Metal1,282.7530,635.7265,0.003317
_19839_,VSS,Metal1,114.1930,553.7130,0.002401
_19840_,VSS,Metal1,95.1530,565.1665,0.002542
_19841_,VSS,Metal1,100.7530,573.8730,0.002751
_19842_,VSS,Metal1,95.7130,594.0330,0.003156
_19843_,VSS,Metal1,95.7130,604.1130,0.003260
_19844_,VSS,Metal1,93.4730,595.4065,0.003156
_19845_,VSS,Metal1,130.9930,595.4065,0.003143
_19846_,VSS,Metal1,127.0730,605.4865,0.003262
_19847_,VSS,Metal1,174.1130,604.1130,0.003249
_19848_,VSS,Metal1,348.8330,634.3530,0.003289
_19849_,VSS,Metal1,325.3130,585.3265,0.002927
_19850_,VSS,Metal1,264.2730,624.2730,0.003358
_19851_,VSS,Metal1,266.5130,604.1130,0.003340
_19852_,VSS,Metal1,375.1530,634.3530,0.003289
_19853_,VSS,Metal1,373.4730,583.9530,0.002936
_19854_,VSS,Metal1,370.1130,604.1130,0.003249
_19855_,VSS,Metal1,291.1530,625.6465,0.003334
_19856_,VSS,Metal1,330.3530,565.1665,0.002583
_19857_,VSS,Metal1,270.4330,583.9530,0.002935
_19858_,VSS,Metal1,277.1530,615.5665,0.003283
_19859_,VSS,Metal1,284.4330,585.3265,0.002934
_19860_,VSS,Metal1,387.4730,614.1930,0.003120
_19861_,VSS,Metal1,368.4330,575.2465,0.002761
_19862_,VSS,Metal1,380.1930,573.8730,0.002761
_19863_,VSS,Metal1,386.3530,624.2730,0.003225
_19864_,VSS,Metal1,194.8330,575.2465,0.002744
_19865_,VSS,Metal1,223.3930,583.9530,0.002934
_19866_,VSS,Metal1,203.2330,635.7265,0.003373
_19867_,VSS,Metal1,235.7130,595.4065,0.003106
_19868_,VSS,Metal1,240.1930,615.5665,0.003296
_19869_,VSS,Metal1,228.4330,634.3530,0.003359
_19870_,VSS,Metal1,155.0730,585.3265,0.002913
_19871_,VSS,Metal1,193.7130,585.3265,0.002913
_19872_,VSS,Metal1,193.1530,594.0330,0.003102
_19873_,VSS,Metal1,202.6730,595.4065,0.003103
_19874_,VSS,Metal1,226.1930,604.1130,0.003323
_19875_,VSS,Metal1,227.8730,614.1930,0.003297
_19876_,VSS,Metal1,212.7530,625.6465,0.003409
_19877_,VSS,Metal1,199.3130,615.5665,0.003348
_19878_,VSS,Metal1,122.0330,676.0465,0.003702
_19879_,VSS,Metal1,83.3930,676.0465,0.003724
_19880_,VSS,Metal1,71.0730,674.6730,0.003725
_19881_,VSS,Metal1,55.9530,665.9665,0.003553
_19882_,VSS,Metal1,95.1530,665.9665,0.003532
_19883_,VSS,Metal1,124.2730,665.9665,0.003514
_19884_,VSS,Metal1,63.2330,684.7530,0.003620
_19885_,VSS,Metal1,88.4330,686.1265,0.003614
_19886_,VSS,Metal1,503.3930,827.2465,0.000875
_19887_,VSS,Metal1,505.0730,835.9530,0.000895
_19888_,VSS,Metal1,506.1930,886.3530,0.000627
_19889_,VSS,Metal1,503.3930,857.4865,0.000813
_19890_,VSS,Metal1,507.3130,856.1130,0.000813
_19891_,VSS,Metal1,506.7530,896.4330,0.000570
_19892_,VSS,Metal1,508.9930,926.6730,0.000386
_19893_,VSS,Metal1,510.1130,936.7530,0.000320
_19894_,VSS,Metal1,503.3930,917.9665,0.000451
_19895_,VSS,Metal1,369.5530,1079.2465,0.002743
_19896_,VSS,Metal1,382.9930,1087.9530,0.002763
_19897_,VSS,Metal1,389.7130,1089.3265,0.002762
_19898_,VSS,Metal1,405.9530,1079.2465,0.002583
_19899_,VSS,Metal1,440.1130,1089.3265,0.002654
_19900_,VSS,Metal1,440.1130,1079.2465,0.002418
_19901_,VSS,Metal1,427.7930,1087.9530,0.002655
_19902_,VSS,Metal1,344.3530,1087.9530,0.002926
_19903_,VSS,Metal1,350.5130,1079.2465,0.002752
_19904_,VSS,Metal1,271.5530,694.8330,0.003565
_19905_,VSS,Metal1,252.5130,694.8330,0.003573
_19906_,VSS,Metal1,278.2730,686.1265,0.003311
_19907_,VSS,Metal1,272.1130,676.0465,0.003539
_19908_,VSS,Metal1,259.7930,654.5130,0.003299
_19909_,VSS,Metal1,256.9930,664.5930,0.003425
_19910_,VSS,Metal1,241.8730,665.9665,0.003426
_19911_,VSS,Metal1,231.7930,684.7530,0.003511
_19912_,VSS,Metal1,232.9130,686.1265,0.003511
_19913_,VSS,Metal1,85.6330,524.8465,0.001813
_19914_,VSS,Metal1,55.9530,545.0065,0.002144
_19915_,VSS,Metal1,61.5530,493.2330,0.001409
_19916_,VSS,Metal1,59.8730,462.9930,0.002650
_19917_,VSS,Metal1,55.3930,454.2865,0.003004
_19918_,VSS,Metal1,22.3530,452.9130,0.002961
_19919_,VSS,Metal1,18.9930,473.0730,0.002153
_19920_,VSS,Metal1,16.7530,494.6065,0.001366
_19921_,VSS,Metal1,18.9930,493.2330,0.001367
_19922_,VSS,Metal1,26.8330,462.9930,0.002610
_19923_,VSS,Metal1,43.6330,494.6065,0.001403
_19924_,VSS,Metal1,16.7530,514.7665,0.001340
_19925_,VSS,Metal1,28.5130,523.4730,0.001635
_19926_,VSS,Metal1,16.7530,524.8465,0.001635
_19927_,VSS,Metal1,36.9130,524.8465,0.001635
_19928_,VSS,Metal1,29.0730,573.8730,0.002696
_19929_,VSS,Metal1,16.7530,575.2465,0.002696
_19930_,VSS,Metal1,26.2730,583.9530,0.002893
_19931_,VSS,Metal1,36.9130,555.0865,0.002324
_19932_,VSS,Metal1,18.9930,563.7930,0.002512
_19933_,VSS,Metal1,479.3130,696.2065,0.003281
_19934_,VSS,Metal1,503.3930,756.6865,0.001404
_19935_,VSS,Metal1,448.5130,694.8330,0.003363
_19936_,VSS,Metal1,428.9130,676.0465,0.003147
_19937_,VSS,Metal1,400.9130,686.1265,0.003097
_19938_,VSS,Metal1,428.3530,674.6730,0.003148
_19939_,VSS,Metal1,412.6730,684.7530,0.003097
_19940_,VSS,Metal1,447.9530,676.0465,0.003133
_19941_,VSS,Metal1,348.2730,624.2730,0.003250
_19942_,VSS,Metal1,324.1930,605.4865,0.003233
_19943_,VSS,Metal1,314.6730,645.8065,0.003345
_19944_,VSS,Metal1,316.9130,625.6465,0.003308
_19945_,VSS,Metal1,379.0730,644.4330,0.003183
_19946_,VSS,Metal1,405.3930,655.8865,0.002995
_19947_,VSS,Metal1,408.7530,615.5665,0.003102
_19948_,VSS,Metal1,459.1530,614.1930,0.003077
_19949_,VSS,Metal1,457.4730,634.3530,0.003247
_19950_,VSS,Metal1,460.8330,624.2730,0.003154
_19951_,VSS,Metal1,447.9530,595.4065,0.003002
_19952_,VSS,Metal1,425.5530,634.3530,0.003276
_19953_,VSS,Metal1,421.0730,664.5930,0.003277
_19954_,VSS,Metal1,446.2730,655.8865,0.002961
_19955_,VSS,Metal1,428.3530,614.1930,0.003089
_19956_,VSS,Metal1,448.5130,654.5130,0.002960
_19957_,VSS,Metal1,134.9130,634.3530,0.003423
_19958_,VSS,Metal1,55.9530,615.5665,0.003472
_19959_,VSS,Metal1,16.7530,615.5665,0.003465
_19960_,VSS,Metal1,28.5130,604.1130,0.003219
_19961_,VSS,Metal1,80.5930,635.7265,0.003438
_19962_,VSS,Metal1,127.6330,645.8065,0.003441
_19963_,VSS,Metal1,26.8330,654.5130,0.003487
_19964_,VSS,Metal1,115.3130,615.5665,0.003471
_19965_,VSS,Metal1,132.6730,625.6465,0.003500
_19966_,VSS,Metal1,60.4330,624.2730,0.003477
_19967_,VSS,Metal1,24.5930,624.2730,0.003465
_19968_,VSS,Metal1,24.5930,614.1930,0.003465
_19969_,VSS,Metal1,75.5530,634.3530,0.003438
_19970_,VSS,Metal1,112.5130,644.4330,0.003442
_19971_,VSS,Metal1,16.7530,645.8065,0.003470
_19972_,VSS,Metal1,113.6330,624.2730,0.003497
_19973_,VSS,Metal1,446.8330,625.6465,0.003162
_19974_,VSS,Metal1,446.8330,615.5665,0.003079
_19975_,VSS,Metal1,448.5130,594.0330,0.003002
_19976_,VSS,Metal1,419.9530,644.4330,0.003099
_19977_,VSS,Metal1,409.3130,654.5130,0.002994
_19978_,VSS,Metal1,428.3530,654.5130,0.002974
_19979_,VSS,Metal1,424.9930,624.2730,0.003179
_19980_,VSS,Metal1,447.9530,645.8065,0.003066
_19981_,VSS,Metal1,107.4730,634.3530,0.003425
_19982_,VSS,Metal1,50.3530,625.6465,0.003476
_19983_,VSS,Metal1,16.7530,625.6465,0.003465
_19984_,VSS,Metal1,16.7530,605.4865,0.003219
_19985_,VSS,Metal1,75.5530,644.4330,0.003466
_19986_,VSS,Metal1,103.5530,654.5130,0.003494
_19987_,VSS,Metal1,16.7530,635.7265,0.003439
_19988_,VSS,Metal1,94.0330,615.5665,0.003474
_19989_,VSS,Metal1,55.9530,585.3265,0.002914
_19990_,VSS,Metal1,58.7530,594.0330,0.003147
_19991_,VSS,Metal1,55.9530,595.4065,0.003146
_19992_,VSS,Metal1,464.1930,503.3130,0.000956
_19993_,VSS,Metal1,480.4330,504.6865,0.000930
_19994_,VSS,Metal1,487.7130,493.2330,0.001094
_19995_,VSS,Metal1,487.1530,484.5265,0.001502
_19996_,VSS,Metal1,80.6130,555.0995,0.002384
_19997_,VSS,Metal1,370.1130,664.5930,0.003316
_19998_,VSS,Metal1,24.5930,644.4330,0.003470
_19999_,VSS,Metal1,65.4730,523.4730,0.001812
_20000_,VSS,Metal1,44.7530,635.7265,0.003436
_20001_,VSS,Metal1,94.5930,534.9265,0.001972
_20002_,VSS,Metal1,390.2730,665.9665,0.003311
_20003_,VSS,Metal1,65.4730,503.3130,0.001151
_20004_,VSS,Metal1,36.9130,645.8065,0.003471
_20005_,VSS,Metal1,65.4730,563.7930,0.002537
_20006_,VSS,Metal1,95.1530,514.7665,0.001480
_20007_,VSS,Metal1,104.1130,513.3930,0.001481
_20008_,VSS,Metal1,144.4330,664.5930,0.003504
_20009_,VSS,Metal1,144.9930,654.5130,0.003419
_20010_,VSS,Metal1,169.0730,424.0465,0.003982
_20011_,VSS,Metal1,173.5530,454.2865,0.002983
_20012_,VSS,Metal1,171.8730,464.3665,0.002597
_20013_,VSS,Metal1,118.1330,484.5395,0.001724
_20014_,VSS,Metal1,142.7530,533.5530,0.001953
_20015_,VSS,Metal1,138.2730,493.2330,0.001458
_20016_,VSS,Metal1,95.1530,424.0465,0.004034
_20017_,VSS,Metal1,152.2730,543.6330,0.002353
_20018_,VSS,Metal1,89.5530,413.9665,0.004320
_20019_,VSS,Metal1,152.2730,523.4730,0.001782
_20020_,VSS,Metal1,109.1530,352.1130,0.005571
_20021_,VSS,Metal1,153.3930,573.8730,0.002756
_20022_,VSS,Metal1,132.6730,494.6065,0.001458
_20023_,VSS,Metal1,114.7530,462.9930,0.002665
_20024_,VSS,Metal1,484.3730,686.1395,0.003002
_20025_,VSS,Metal1,509.5530,714.9930,0.001649
_20026_,VSS,Metal1,510.6730,745.2330,0.001494
_20027_,VSS,Metal1,155.6530,655.8995,0.003419
_20028_,VSS,Metal1,56.5130,664.5930,0.003553
_20029_,VSS,Metal1,149.4730,684.7530,0.003557
_20030_,VSS,Metal1,165.7130,645.8065,0.003427
_20031_,VSS,Metal1,36.3530,674.6730,0.003713
_20032_,VSS,Metal1,344.3730,664.5800,0.003324
_20033_,VSS,Metal1,287.7930,655.8865,0.003237
_20034_,VSS,Metal1,291.7130,664.5930,0.003372
_20035_,VSS,Metal1,330.3530,655.8865,0.003194
_20036_,VSS,Metal1,991.1530,222.4465,0.006985
_20037_,VSS,Metal1,1016.9130,232.5265,0.006886
_20038_,VSS,Metal1,1011.3130,231.1530,0.006886
_20039_,VSS,Metal1,977.1530,29.5530,0.006230
_20040_,VSS,Metal1,262.5930,644.4330,0.003398
_20041_,VSS,Metal1,545.1020,684.7120,0.003052
_20042_,VSS,Metal1,101.3130,674.6730,0.003718
_20043_,VSS,Metal1,242.0155,645.8310,0.003402
_20044_,VSS,Metal1,147.2330,614.1930,0.003394
_20045_,VSS,Metal1,508.4330,997.2330,0.000579
_20046_,VSS,Metal1,503.3930,988.5265,0.000481
_20047_,VSS,Metal1,506.1930,966.9930,0.000309
_20048_,VSS,Metal1,503.3930,968.3665,0.000309
_20049_,VSS,Metal1,88.9930,434.1265,0.003704
_20050_,VSS,Metal1,183.0730,624.2730,0.003433
_20051_,VSS,Metal1,149.4730,553.7130,0.002398
_20052_,VSS,Metal1,153.9530,594.0330,0.003129
_20053_,VSS,Metal1,144.4330,694.8330,0.003714
_20054_,VSS,Metal1,364.5130,676.0465,0.003292
_20055_,VSS,Metal1,175.7930,452.9130,0.002983
_20056_,VSS,Metal1,253.6530,473.0600,0.002171
_20057_,VSS,Metal1,232.3530,462.9930,0.002587
_20058_,VSS,Metal1,215.5530,452.9130,0.002987
_20059_,VSS,Metal1,187.5530,543.6330,0.002377
_20060_,VSS,Metal1,193.7130,545.0065,0.002378
_20061_,VSS,Metal1,188.6730,553.7130,0.002385
_20062_,VSS,Metal1,193.1530,513.3930,0.001494
_20063_,VSS,Metal1,187.5530,503.3130,0.001102
_20064_,VSS,Metal1,174.1130,513.3930,0.001486
_20065_,VSS,Metal1,153.9530,513.3930,0.001489
_20066_,VSS,Metal1,148.3530,432.7530,0.003677
_20067_,VSS,Metal1,150.0330,422.6730,0.004001
_20068_,VSS,Metal1,145.5530,462.9930,0.002652
_20069_,VSS,Metal1,144.4330,452.9130,0.003005
_20070_,VSS,Metal1,159.5530,545.0065,0.002353
_20071_,VSS,Metal1,148.9130,483.1530,0.001718
_20072_,VSS,Metal1,452.9930,513.3930,0.001402
_20073_,VSS,Metal1,127.6330,514.7665,0.001489
_20074_,VSS,Metal1,801.7415,615.5435,0.003006
_20075_,VSS,Metal1,829.7415,585.3035,0.002865
_20076_,VSS,Metal1,730.6215,604.1360,0.003066
_20077_,VSS,Metal1,741.8215,583.9760,0.003137
_20078_,VSS,Metal1,363.8215,534.9035,0.001874
_20079_,VSS,Metal1,365.5015,514.7435,0.001464
_20080_,VSS,Metal1,294.3815,553.7360,0.002385
_20081_,VSS,Metal1,291.5815,493.2560,0.001449
_20082_,VSS,Metal1,424.3015,523.4960,0.001613
_20083_,VSS,Metal1,441.1015,575.2235,0.002728
_20084_,VSS,Metal1,429.3415,563.8160,0.002612
_20085_,VSS,Metal1,800.0615,604.1360,0.003068
_20086_,VSS,Metal1,779.9015,583.9760,0.002887
_20087_,VSS,Metal1,780.4615,544.9835,0.002180
_20088_,VSS,Metal1,754.7015,524.8235,0.001760
_20089_,VSS,Metal1,764.2215,614.2160,0.003013
_20090_,VSS,Metal1,781.0215,614.2160,0.003013
_20091_,VSS,Metal1,800.0615,575.2235,0.002661
_20092_,VSS,Metal1,801.7415,555.0635,0.002324
_20093_,VSS,Metal1,369.4215,543.6560,0.002256
_20094_,VSS,Metal1,359.9015,504.6635,0.000989
_20095_,VSS,Metal1,276.4615,544.9835,0.002388
_20096_,VSS,Metal1,284.8615,484.5035,0.001671
_20097_,VSS,Metal1,428.2215,514.7435,0.001441
_20098_,VSS,Metal1,442.7815,585.3035,0.002940
_20099_,VSS,Metal1,435.5015,544.9835,0.002238
_20100_,VSS,Metal1,830.3015,595.3835,0.002976
_20101_,VSS,Metal1,773.7415,573.8960,0.002694
_20102_,VSS,Metal1,774.3015,543.6560,0.002180
_20103_,VSS,Metal1,750.7815,534.9035,0.001918
_20104_,VSS,Metal1,733.4215,594.0560,0.002941
_20105_,VSS,Metal1,820.2215,573.8960,0.002687
_20106_,VSS,Metal1,800.0615,563.8160,0.002520
_20107_,VSS,Metal1,806.7815,543.6560,0.002223
_20108_,VSS,Metal1,311.7415,513.4160,0.001446
_20109_,VSS,Metal1,272.5415,563.8160,0.002598
_20110_,VSS,Metal1,331.3415,514.7435,0.001438
_20111_,VSS,Metal1,280.9415,514.7435,0.001460
_20112_,VSS,Metal1,401.3415,514.7435,0.001474
_20113_,VSS,Metal1,448.9415,543.6560,0.002237
_20114_,VSS,Metal1,380.6215,523.4960,0.001658
_20115_,VSS,Metal1,461.8215,563.8160,0.002604
_20116_,VSS,Metal1,499.9015,604.1360,0.003026
_20117_,VSS,Metal1,631.5015,504.6635,0.000930
_20118_,VSS,Metal1,680.2215,555.0635,0.002360
_20119_,VSS,Metal1,644.9415,565.1435,0.002577
_20120_,VSS,Metal1,740.7015,563.8160,0.002651
_20121_,VSS,Metal1,712.1415,565.1435,0.002655
_20122_,VSS,Metal1,760.8615,583.9760,0.003137
_20123_,VSS,Metal1,310.0615,494.5835,0.001423
_20124_,VSS,Metal1,274.2215,555.0635,0.002388
_20125_,VSS,Metal1,339.7415,513.4160,0.001438
_20126_,VSS,Metal1,278.1415,524.8235,0.001722
_20127_,VSS,Metal1,396.3015,504.6635,0.000984
_20128_,VSS,Metal1,450.0615,533.5760,0.001874
_20129_,VSS,Metal1,378.9415,513.4160,0.001465
_20130_,VSS,Metal1,476.9415,514.7435,0.001359
_20131_,VSS,Metal1,537.9815,583.9760,0.002976
_20132_,VSS,Metal1,625.3415,503.3360,0.000930
_20133_,VSS,Metal1,682.4615,563.8160,0.002660
_20134_,VSS,Metal1,646.0615,563.8160,0.002577
_20135_,VSS,Metal1,730.6215,553.7360,0.002362
_20136_,VSS,Metal1,721.6615,573.8960,0.002689
_20137_,VSS,Metal1,830.3015,565.1435,0.002556
_20138_,VSS,Metal1,134.3530,424.0465,0.004001
_20139_,VSS,Metal1,90.1130,353.4865,0.005572
_20140_,VSS,Metal1,114.7530,362.1930,0.005288
_20141_,VSS,Metal1,87.3130,363.5665,0.005314
_20142_,VSS,Metal1,104.1130,321.8730,0.006209
_20143_,VSS,Metal1,145.5530,503.3130,0.001148
_20144_,VSS,Metal1,125.3930,524.8465,0.001792
_20145_,VSS,Metal1,114.7530,533.5530,0.001968
u_transform_scheduler_core.u_fft_scratch_sram.u_hi.g_pin_drive\[0\].u_addr_driver,VSS,Metal1,697.6000,704.8240,0.002465
u_transform_scheduler_core.u_fft_scratch_sram.u_hi.g_pin_drive\[0\].u_data_driver,VSS,Metal1,515.6000,724.9840,0.001550
u_transform_scheduler_core.u_fft_scratch_sram.u_hi.g_pin_drive\[1\].u_addr_driver,VSS,Metal1,683.6000,704.8240,0.002457
u_transform_scheduler_core.u_fft_scratch_sram.u_hi.g_pin_drive\[1\].u_data_driver,VSS,Metal1,591.2000,704.8240,0.002350
u_transform_scheduler_core.u_fft_scratch_sram.u_hi.g_pin_drive\[2\].u_addr_driver,VSS,Metal1,668.4800,704.8240,0.002448
u_transform_scheduler_core.u_fft_scratch_sram.u_hi.g_pin_drive\[2\].u_data_driver,VSS,Metal1,608.5600,704.8240,0.002384
u_transform_scheduler_core.u_fft_scratch_sram.u_hi.g_pin_drive\[3\].u_addr_driver,VSS,Metal1,805.6800,686.2160,0.003090
u_transform_scheduler_core.u_fft_scratch_sram.u_hi.g_pin_drive\[3\].u_data_driver,VSS,Metal1,646.0800,704.8240,0.002437
u_transform_scheduler_core.u_fft_scratch_sram.u_hi.g_pin_drive\[4\].u_addr_driver,VSS,Metal1,811.8400,704.8240,0.002572
u_transform_scheduler_core.u_fft_scratch_sram.u_hi.g_pin_drive\[4\].u_data_driver,VSS,Metal1,830.8800,704.8240,0.002624
u_transform_scheduler_core.u_fft_scratch_sram.u_hi.g_pin_drive\[5\].u_addr_driver,VSS,Metal1,798.4000,696.2960,0.003171
u_transform_scheduler_core.u_fft_scratch_sram.u_hi.g_pin_drive\[5\].u_data_driver,VSS,Metal1,877.9200,704.8240,0.002739
u_transform_scheduler_core.u_fft_scratch_sram.u_hi.g_pin_drive\[6\].u_addr_driver,VSS,Metal1,789.4400,696.2960,0.003171
u_transform_scheduler_core.u_fft_scratch_sram.u_hi.g_pin_drive\[6\].u_data_driver,VSS,Metal1,889.1200,704.8240,0.002755
u_transform_scheduler_core.u_fft_scratch_sram.u_hi.g_pin_drive\[7\].u_addr_driver,VSS,Metal1,659.5200,704.8240,0.002445
u_transform_scheduler_core.u_fft_scratch_sram.u_hi.g_pin_drive\[7\].u_data_driver,VSS,Metal1,930.0000,704.8240,0.002879
u_transform_scheduler_core.u_fft_scratch_sram.u_hi.u_cen_driver,VSS,Metal1,776.1410,705.1255,0.002549
u_transform_scheduler_core.u_fft_scratch_sram.u_hi.u_gwen_driver,VSS,Metal1,536.3300,704.9490,0.002229
u_transform_scheduler_core.u_fft_scratch_sram.u_lo.g_pin_drive\[0\].u_addr_driver,VSS,Metal1,230.0000,704.8240,0.003174
u_transform_scheduler_core.u_fft_scratch_sram.u_lo.g_pin_drive\[0\].u_data_driver,VSS,Metal1,71.5200,704.8240,0.003494
u_transform_scheduler_core.u_fft_scratch_sram.u_lo.g_pin_drive\[1\].u_addr_driver,VSS,Metal1,217.6800,696.2960,0.003638
u_transform_scheduler_core.u_fft_scratch_sram.u_lo.g_pin_drive\[1\].u_data_driver,VSS,Metal1,126.4000,704.8240,0.003363
u_transform_scheduler_core.u_fft_scratch_sram.u_lo.g_pin_drive\[2\].u_addr_driver,VSS,Metal1,210.4000,704.8240,0.003218
u_transform_scheduler_core.u_fft_scratch_sram.u_lo.g_pin_drive\[2\].u_data_driver,VSS,Metal1,135.3600,704.8240,0.003358
u_transform_scheduler_core.u_fft_scratch_sram.u_lo.g_pin_drive\[3\].u_addr_driver,VSS,Metal1,362.1600,704.8240,0.002832
u_transform_scheduler_core.u_fft_scratch_sram.u_lo.g_pin_drive\[3\].u_data_driver,VSS,Metal1,178.4800,614.1040,0.003353
u_transform_scheduler_core.u_fft_scratch_sram.u_lo.g_pin_drive\[4\].u_addr_driver,VSS,Metal1,336.4000,704.8240,0.002987
u_transform_scheduler_core.u_fft_scratch_sram.u_lo.g_pin_drive\[4\].u_data_driver,VSS,Metal1,380.6400,694.7440,0.003447
u_transform_scheduler_core.u_fft_scratch_sram.u_lo.g_pin_drive\[5\].u_addr_driver,VSS,Metal1,331.3600,694.7440,0.003525
u_transform_scheduler_core.u_fft_scratch_sram.u_lo.g_pin_drive\[5\].u_data_driver,VSS,Metal1,409.7600,694.7440,0.003403
u_transform_scheduler_core.u_fft_scratch_sram.u_lo.g_pin_drive\[6\].u_addr_driver,VSS,Metal1,325.7600,704.8240,0.003002
u_transform_scheduler_core.u_fft_scratch_sram.u_lo.g_pin_drive\[6\].u_data_driver,VSS,Metal1,413.6800,704.8240,0.002655
u_transform_scheduler_core.u_fft_scratch_sram.u_lo.g_pin_drive\[7\].u_addr_driver,VSS,Metal1,204.8000,696.2960,0.003659
u_transform_scheduler_core.u_fft_scratch_sram.u_lo.g_pin_drive\[7\].u_data_driver,VSS,Metal1,472.4800,634.2640,0.003246
u_transform_scheduler_core.u_fft_scratch_sram.u_lo.u_cen_driver,VSS,Metal1,306.3010,705.1255,0.003037
u_transform_scheduler_core.u_fft_scratch_sram.u_lo.u_gwen_driver,VSS,Metal1,375.6100,696.1705,0.003449
PHY_EDGE_ROW_0_Right_0,VSS,Metal1,1085.7030,20.7955,0.006253
PHY_EDGE_ROW_1_Right_1,VSS,Metal1,1085.7030,29.6040,0.006281
PHY_EDGE_ROW_2_Right_2,VSS,Metal1,1085.7030,30.8755,0.006281
PHY_EDGE_ROW_3_Right_3,VSS,Metal1,1085.7030,39.6840,0.006280
PHY_EDGE_ROW_4_Right_4,VSS,Metal1,1085.7030,40.9555,0.006280
PHY_EDGE_ROW_5_Right_5,VSS,Metal1,1085.7030,49.7640,0.006865
PHY_EDGE_ROW_6_Right_6,VSS,Metal1,1085.7030,51.0355,0.006865
PHY_EDGE_ROW_7_Right_7,VSS,Metal1,1085.7030,59.8440,0.006932
PHY_EDGE_ROW_8_Right_8,VSS,Metal1,1085.7030,61.1155,0.006932
PHY_EDGE_ROW_9_Right_9,VSS,Metal1,1085.7030,69.9240,0.006746
PHY_EDGE_ROW_10_Right_10,VSS,Metal1,1085.7030,71.1955,0.006746
PHY_EDGE_ROW_11_Right_11,VSS,Metal1,1085.7030,80.0040,0.007000
PHY_EDGE_ROW_12_Right_12,VSS,Metal1,1085.7030,81.2755,0.007000
PHY_EDGE_ROW_13_Right_13,VSS,Metal1,1085.7030,90.0840,0.006890
PHY_EDGE_ROW_14_Right_14,VSS,Metal1,1085.7030,91.3555,0.006890
PHY_EDGE_ROW_15_Right_15,VSS,Metal1,1085.7030,100.1640,0.006961
PHY_EDGE_ROW_16_Right_16,VSS,Metal1,1085.7030,101.4355,0.006961
PHY_EDGE_ROW_17_Right_17,VSS,Metal1,1085.7030,110.2440,0.007078
PHY_EDGE_ROW_18_Right_18,VSS,Metal1,1085.7030,111.5155,0.007078
PHY_EDGE_ROW_19_Right_19,VSS,Metal1,1085.7030,120.3240,0.007050
PHY_EDGE_ROW_20_Right_20,VSS,Metal1,1085.7030,121.5955,0.007050
PHY_EDGE_ROW_21_Right_21,VSS,Metal1,1085.7030,130.4040,0.007390
PHY_EDGE_ROW_22_Right_22,VSS,Metal1,1085.7030,131.6755,0.007390
PHY_EDGE_ROW_23_Right_23,VSS,Metal1,1085.7030,140.4840,0.007138
PHY_EDGE_ROW_24_Right_24,VSS,Metal1,1085.7030,141.7555,0.007138
PHY_EDGE_ROW_25_Right_25,VSS,Metal1,1085.7030,150.5640,0.007051
PHY_EDGE_ROW_26_Right_26,VSS,Metal1,1085.7030,151.8355,0.007051
PHY_EDGE_ROW_27_Right_27,VSS,Metal1,1085.7030,160.6440,0.006973
PHY_EDGE_ROW_28_Right_28,VSS,Metal1,1085.7030,161.9155,0.006973
PHY_EDGE_ROW_29_Right_29,VSS,Metal1,1085.7030,170.7240,0.006978
PHY_EDGE_ROW_30_Right_30,VSS,Metal1,1085.7030,171.9955,0.006978
PHY_EDGE_ROW_31_Right_31,VSS,Metal1,1085.7030,180.8040,0.007031
PHY_EDGE_ROW_32_Right_32,VSS,Metal1,1085.7030,182.0755,0.007031
PHY_EDGE_ROW_33_Right_33,VSS,Metal1,1085.7030,190.8840,0.006910
PHY_EDGE_ROW_34_Right_34,VSS,Metal1,1085.7030,192.1555,0.006910
PHY_EDGE_ROW_35_Right_35,VSS,Metal1,1085.7030,200.9640,0.007132
PHY_EDGE_ROW_36_Right_36,VSS,Metal1,1085.7030,202.2355,0.007132
PHY_EDGE_ROW_37_Right_37,VSS,Metal1,1085.7030,211.0440,0.006892
PHY_EDGE_ROW_38_Right_38,VSS,Metal1,1085.7030,212.3155,0.006892
PHY_EDGE_ROW_39_Right_39,VSS,Metal1,1085.7030,221.1240,0.006992
PHY_EDGE_ROW_40_Right_40,VSS,Metal1,1085.7030,222.3955,0.006992
PHY_EDGE_ROW_41_Right_41,VSS,Metal1,1085.7030,231.2040,0.006925
PHY_EDGE_ROW_42_Right_42,VSS,Metal1,1085.7030,232.4755,0.006925
PHY_EDGE_ROW_43_Right_43,VSS,Metal1,1085.7030,241.2840,0.006889
PHY_EDGE_ROW_44_Right_44,VSS,Metal1,1085.7030,242.5555,0.006889
PHY_EDGE_ROW_45_Right_45,VSS,Metal1,1085.7030,251.3640,0.006803
PHY_EDGE_ROW_46_Right_46,VSS,Metal1,1085.7030,252.6355,0.006803
PHY_EDGE_ROW_47_Right_47,VSS,Metal1,1085.7030,261.4440,0.007033
PHY_EDGE_ROW_48_Right_48,VSS,Metal1,1085.7030,262.7155,0.007033
PHY_EDGE_ROW_49_Right_49,VSS,Metal1,1085.7030,271.5240,0.006653
PHY_EDGE_ROW_50_Right_50,VSS,Metal1,1085.7030,272.7955,0.006653
PHY_EDGE_ROW_51_Right_51,VSS,Metal1,1085.7030,281.6040,0.006542
PHY_EDGE_ROW_52_Right_52,VSS,Metal1,1085.7030,282.8755,0.006542
PHY_EDGE_ROW_53_Right_53,VSS,Metal1,1085.7030,291.6840,0.006314
PHY_EDGE_ROW_54_Right_54,VSS,Metal1,1085.7030,292.9555,0.006314
PHY_EDGE_ROW_55_Right_55,VSS,Metal1,1085.7030,301.7640,0.006168
PHY_EDGE_ROW_56_Right_56,VSS,Metal1,1085.7030,303.0355,0.006168
PHY_EDGE_ROW_57_Right_57,VSS,Metal1,1085.7030,311.8440,0.006207
PHY_EDGE_ROW_58_Right_58,VSS,Metal1,1085.7030,313.1155,0.006207
PHY_EDGE_ROW_59_Right_59,VSS,Metal1,1085.7030,321.9240,0.006016
PHY_EDGE_ROW_60_Right_60,VSS,Metal1,1085.7030,323.1955,0.006016
PHY_EDGE_ROW_61_Right_61,VSS,Metal1,1085.7030,332.0040,0.005722
PHY_EDGE_ROW_62_Right_62,VSS,Metal1,1085.7030,333.2755,0.005722
PHY_EDGE_ROW_63_Right_63,VSS,Metal1,1085.7030,342.0840,0.005854
PHY_EDGE_ROW_64_Right_64,VSS,Metal1,1085.7030,343.3555,0.005854
PHY_EDGE_ROW_65_Right_65,VSS,Metal1,1085.7030,352.1640,0.005379
PHY_EDGE_ROW_66_Right_66,VSS,Metal1,1085.7030,353.4355,0.005379
PHY_EDGE_ROW_67_Right_67,VSS,Metal1,1085.7030,362.2440,0.005199
PHY_EDGE_ROW_68_Right_68,VSS,Metal1,1085.7030,363.5155,0.005199
PHY_EDGE_ROW_69_Right_69,VSS,Metal1,1085.7030,372.3240,0.005185
PHY_EDGE_ROW_70_Right_70,VSS,Metal1,1085.7030,373.5955,0.005185
PHY_EDGE_ROW_71_Right_71,VSS,Metal1,1085.7030,382.4040,0.005065
PHY_EDGE_ROW_72_Right_72,VSS,Metal1,1085.7030,383.6755,0.005065
PHY_EDGE_ROW_73_Right_73,VSS,Metal1,1085.7030,392.4840,0.004812
PHY_EDGE_ROW_74_Right_74,VSS,Metal1,1085.7030,393.7555,0.004812
PHY_EDGE_ROW_75_Right_75,VSS,Metal1,1085.7030,402.5640,0.004586
PHY_EDGE_ROW_76_Right_76,VSS,Metal1,1085.7030,403.8355,0.004586
PHY_EDGE_ROW_77_Right_77,VSS,Metal1,1085.7030,412.6440,0.004160
PHY_EDGE_ROW_78_Right_78,VSS,Metal1,1085.7030,413.9155,0.004160
PHY_EDGE_ROW_79_Right_79,VSS,Metal1,1085.7030,422.7240,0.003780
PHY_EDGE_ROW_80_Right_80,VSS,Metal1,1085.7030,423.9955,0.003780
PHY_EDGE_ROW_81_Right_81,VSS,Metal1,1085.7030,432.8040,0.003458
PHY_EDGE_ROW_82_Right_82,VSS,Metal1,1085.7030,434.0755,0.003458
PHY_EDGE_ROW_83_Right_83,VSS,Metal1,1085.7030,442.8840,0.003221
PHY_EDGE_ROW_84_Right_84,VSS,Metal1,1085.7030,444.1555,0.003221
PHY_EDGE_ROW_85_Right_85,VSS,Metal1,1085.7030,452.9640,0.002943
PHY_EDGE_ROW_86_Right_86,VSS,Metal1,1085.7030,454.2355,0.002943
PHY_EDGE_ROW_87_Right_87,VSS,Metal1,1085.7030,463.0440,0.002495
PHY_EDGE_ROW_88_Right_88,VSS,Metal1,1085.7030,464.3155,0.002495
PHY_EDGE_ROW_89_Right_89,VSS,Metal1,1085.7030,473.1240,0.002529
PHY_EDGE_ROW_90_Right_90,VSS,Metal1,1085.7030,474.3955,0.002529
PHY_EDGE_ROW_91_Right_91,VSS,Metal1,1085.7030,483.2040,0.001737
PHY_EDGE_ROW_92_Right_92,VSS,Metal1,1085.7030,484.4755,0.001737
PHY_EDGE_ROW_93_Right_93,VSS,Metal1,1085.7030,493.2840,0.001266
PHY_EDGE_ROW_94_Right_94,VSS,Metal1,1085.7030,494.5555,0.001266
PHY_EDGE_ROW_95_Right_95,VSS,Metal1,1085.7030,503.3640,0.001110
PHY_EDGE_ROW_96_Right_96,VSS,Metal1,1085.7030,504.6355,0.001110
PHY_EDGE_ROW_97_Right_97,VSS,Metal1,1085.7030,513.4440,0.001452
PHY_EDGE_ROW_98_Right_98,VSS,Metal1,1085.7030,514.7155,0.001452
PHY_EDGE_ROW_99_Right_99,VSS,Metal1,1085.7030,523.5240,0.001828
PHY_EDGE_ROW_100_Right_100,VSS,Metal1,1085.7030,524.7955,0.001828
PHY_EDGE_ROW_101_Right_101,VSS,Metal1,1085.7030,533.6040,0.002071
PHY_EDGE_ROW_102_Right_102,VSS,Metal1,1085.7030,534.8755,0.002071
PHY_EDGE_ROW_103_Right_103,VSS,Metal1,1085.7030,543.6840,0.003092
PHY_EDGE_ROW_104_Right_104,VSS,Metal1,1085.7030,544.9555,0.003092
PHY_EDGE_ROW_105_Right_105,VSS,Metal1,1085.7030,553.7640,0.002511
PHY_EDGE_ROW_106_Right_106,VSS,Metal1,1085.7030,555.0355,0.002511
PHY_EDGE_ROW_107_Right_107,VSS,Metal1,1085.7030,563.8440,0.002711
PHY_EDGE_ROW_108_Right_108,VSS,Metal1,1085.7030,565.1155,0.002711
PHY_EDGE_ROW_109_Right_109,VSS,Metal1,1085.7030,573.9240,0.002836
PHY_EDGE_ROW_110_Right_110,VSS,Metal1,1085.7030,575.1955,0.002836
PHY_EDGE_ROW_111_Right_111,VSS,Metal1,1085.7030,584.0040,0.002973
PHY_EDGE_ROW_112_Right_112,VSS,Metal1,1085.7030,585.2755,0.002973
PHY_EDGE_ROW_113_Right_113,VSS,Metal1,1085.7030,594.0840,0.003328
PHY_EDGE_ROW_114_Right_114,VSS,Metal1,1085.7030,595.3555,0.003328
PHY_EDGE_ROW_115_Right_115,VSS,Metal1,1085.7030,604.1640,0.003225
PHY_EDGE_ROW_116_Right_116,VSS,Metal1,1085.7030,605.4355,0.003225
PHY_EDGE_ROW_117_Right_117,VSS,Metal1,1085.7030,614.2440,0.003125
PHY_EDGE_ROW_118_Right_118,VSS,Metal1,1085.7030,615.5155,0.003125
PHY_EDGE_ROW_119_Right_119,VSS,Metal1,1085.7030,624.3240,0.003269
PHY_EDGE_ROW_120_Right_120,VSS,Metal1,1085.7030,625.5955,0.003269
PHY_EDGE_ROW_121_Right_121,VSS,Metal1,1085.7030,634.4040,0.003598
PHY_EDGE_ROW_122_Right_122,VSS,Metal1,1085.7030,635.6755,0.003598
PHY_EDGE_ROW_123_Right_123,VSS,Metal1,1085.7030,644.4840,0.003648
PHY_EDGE_ROW_124_Right_124,VSS,Metal1,1085.7030,645.7555,0.003648
PHY_EDGE_ROW_125_Right_125,VSS,Metal1,1085.7030,654.5640,0.003584
PHY_EDGE_ROW_126_Right_126,VSS,Metal1,1085.7030,655.8355,0.003584
PHY_EDGE_ROW_127_Right_127,VSS,Metal1,1085.7030,664.6440,0.003602
PHY_EDGE_ROW_128_Right_128,VSS,Metal1,1085.7030,665.9155,0.003602
PHY_EDGE_ROW_129_Right_129,VSS,Metal1,1085.7030,674.7240,0.003586
PHY_EDGE_ROW_130_Right_130,VSS,Metal1,1085.7030,675.9955,0.003586
PHY_EDGE_ROW_131_Right_131,VSS,Metal1,1085.7030,684.8040,0.003471
PHY_EDGE_ROW_132_Right_132,VSS,Metal1,1085.7030,686.0755,0.003471
PHY_EDGE_ROW_133_Right_133,VSS,Metal1,1085.7030,694.8840,0.003526
PHY_EDGE_ROW_134_Right_134,VSS,Metal1,1085.7030,696.1555,0.003526
PHY_EDGE_ROW_135_Right_135,VSS,Metal1,1085.7030,704.9640,0.003187
PHY_EDGE_ROW_209_Right_136,VSS,Metal1,1085.7030,1077.9240,0.001416
PHY_EDGE_ROW_210_Right_137,VSS,Metal1,1085.7030,1079.1955,0.001416
PHY_EDGE_ROW_211_Right_138,VSS,Metal1,1085.7030,1088.0040,0.001827
PHY_EDGE_ROW_212_Right_139,VSS,Metal1,1085.7030,1089.2755,0.001827
PHY_EDGE_ROW_213_Right_140,VSS,Metal1,1085.7030,1098.0840,0.001525
PHY_EDGE_ROW_136_3_Right_141,VSS,Metal1,1085.7030,706.2355,0.003187
PHY_EDGE_ROW_137_3_Right_142,VSS,Metal1,1085.7030,715.0440,0.003500
PHY_EDGE_ROW_138_3_Right_143,VSS,Metal1,1085.7030,716.3155,0.003500
PHY_EDGE_ROW_139_3_Right_144,VSS,Metal1,1085.7030,725.1240,0.003365
PHY_EDGE_ROW_140_3_Right_145,VSS,Metal1,1085.7030,726.3955,0.003365
PHY_EDGE_ROW_141_3_Right_146,VSS,Metal1,1085.7030,735.2040,0.003374
PHY_EDGE_ROW_142_3_Right_147,VSS,Metal1,1085.7030,736.4755,0.003374
PHY_EDGE_ROW_143_3_Right_148,VSS,Metal1,1085.7030,745.2840,0.003392
PHY_EDGE_ROW_144_3_Right_149,VSS,Metal1,1085.7030,746.5555,0.003392
PHY_EDGE_ROW_145_3_Right_150,VSS,Metal1,1085.7030,755.3640,0.003514
PHY_EDGE_ROW_146_3_Right_151,VSS,Metal1,1085.7030,756.6355,0.003514
PHY_EDGE_ROW_147_3_Right_152,VSS,Metal1,1085.7030,765.4440,0.003321
PHY_EDGE_ROW_148_3_Right_153,VSS,Metal1,1085.7030,766.7155,0.003321
PHY_EDGE_ROW_149_3_Right_154,VSS,Metal1,1085.7030,775.5240,0.003210
PHY_EDGE_ROW_150_3_Right_155,VSS,Metal1,1085.7030,776.7955,0.003210
PHY_EDGE_ROW_151_3_Right_156,VSS,Metal1,1085.7030,785.6040,0.003168
PHY_EDGE_ROW_152_3_Right_157,VSS,Metal1,1085.7030,786.8755,0.003168
PHY_EDGE_ROW_153_3_Right_158,VSS,Metal1,1085.7030,795.6840,0.003135
PHY_EDGE_ROW_154_3_Right_159,VSS,Metal1,1085.7030,796.9555,0.003135
PHY_EDGE_ROW_155_3_Right_160,VSS,Metal1,1085.7030,805.7640,0.003038
PHY_EDGE_ROW_156_3_Right_161,VSS,Metal1,1085.7030,807.0355,0.003038
PHY_EDGE_ROW_157_3_Right_162,VSS,Metal1,1085.7030,815.8440,0.002990
PHY_EDGE_ROW_158_3_Right_163,VSS,Metal1,1085.7030,817.1155,0.002990
PHY_EDGE_ROW_159_3_Right_164,VSS,Metal1,1085.7030,825.9240,0.003212
PHY_EDGE_ROW_160_3_Right_165,VSS,Metal1,1085.7030,827.1955,0.003212
PHY_EDGE_ROW_161_3_Right_166,VSS,Metal1,1085.7030,836.0040,0.002851
PHY_EDGE_ROW_162_3_Right_167,VSS,Metal1,1085.7030,837.2755,0.002851
PHY_EDGE_ROW_163_3_Right_168,VSS,Metal1,1085.7030,846.0840,0.002751
PHY_EDGE_ROW_164_3_Right_169,VSS,Metal1,1085.7030,847.3555,0.002751
PHY_EDGE_ROW_165_3_Right_170,VSS,Metal1,1085.7030,856.1640,0.002692
PHY_EDGE_ROW_166_3_Right_171,VSS,Metal1,1085.7030,857.4355,0.002692
PHY_EDGE_ROW_167_3_Right_172,VSS,Metal1,1085.7030,866.2440,0.002773
PHY_EDGE_ROW_168_3_Right_173,VSS,Metal1,1085.7030,867.5155,0.002773
PHY_EDGE_ROW_169_3_Right_174,VSS,Metal1,1085.7030,876.3240,0.002356
PHY_EDGE_ROW_170_3_Right_175,VSS,Metal1,1085.7030,877.5955,0.002356
PHY_EDGE_ROW_171_3_Right_176,VSS,Metal1,1085.7030,886.4040,0.002227
PHY_EDGE_ROW_172_3_Right_177,VSS,Metal1,1085.7030,887.6755,0.002227
PHY_EDGE_ROW_173_3_Right_178,VSS,Metal1,1085.7030,896.4840,0.002206
PHY_EDGE_ROW_174_3_Right_179,VSS,Metal1,1085.7030,897.7555,0.002206
PHY_EDGE_ROW_175_3_Right_180,VSS,Metal1,1085.7030,906.5640,0.001961
PHY_EDGE_ROW_176_3_Right_181,VSS,Metal1,1085.7030,907.8355,0.001961
PHY_EDGE_ROW_177_3_Right_182,VSS,Metal1,1085.7030,916.6440,0.001772
PHY_EDGE_ROW_178_3_Right_183,VSS,Metal1,1085.7030,917.9155,0.001772
PHY_EDGE_ROW_179_3_Right_184,VSS,Metal1,1085.7030,926.7240,0.001518
PHY_EDGE_ROW_180_3_Right_185,VSS,Metal1,1085.7030,927.9955,0.001518
PHY_EDGE_ROW_181_3_Right_186,VSS,Metal1,1085.7030,936.8040,0.001392
PHY_EDGE_ROW_182_3_Right_187,VSS,Metal1,1085.7030,938.0755,0.001392
PHY_EDGE_ROW_183_3_Right_188,VSS,Metal1,1085.7030,946.8840,0.000948
PHY_EDGE_ROW_184_3_Right_189,VSS,Metal1,1085.7030,948.1555,0.000948
PHY_EDGE_ROW_185_3_Right_190,VSS,Metal1,1085.7030,956.9640,0.000595
PHY_EDGE_ROW_186_3_Right_191,VSS,Metal1,1085.7030,958.2355,0.000595
PHY_EDGE_ROW_187_3_Right_192,VSS,Metal1,1085.7030,967.0440,0.000835
PHY_EDGE_ROW_188_3_Right_193,VSS,Metal1,1085.7030,968.3155,0.000835
PHY_EDGE_ROW_189_3_Right_194,VSS,Metal1,1085.7030,977.1240,0.000971
PHY_EDGE_ROW_190_3_Right_195,VSS,Metal1,1085.7030,978.3955,0.000971
PHY_EDGE_ROW_191_3_Right_196,VSS,Metal1,1085.7030,987.2040,0.001107
PHY_EDGE_ROW_192_3_Right_197,VSS,Metal1,1085.7030,988.4755,0.001107
PHY_EDGE_ROW_193_3_Right_198,VSS,Metal1,1085.7030,997.2840,0.001379
PHY_EDGE_ROW_194_3_Right_199,VSS,Metal1,1085.7030,998.5555,0.001379
PHY_EDGE_ROW_195_3_Right_200,VSS,Metal1,1085.7030,1007.3640,0.001307
PHY_EDGE_ROW_196_3_Right_201,VSS,Metal1,1085.7030,1008.6355,0.001307
PHY_EDGE_ROW_197_3_Right_202,VSS,Metal1,1085.7030,1017.4440,0.001359
PHY_EDGE_ROW_198_3_Right_203,VSS,Metal1,1085.7030,1018.7155,0.001359
PHY_EDGE_ROW_199_3_Right_204,VSS,Metal1,1085.7030,1027.5240,0.001362
PHY_EDGE_ROW_200_3_Right_205,VSS,Metal1,1085.7030,1028.7955,0.001362
PHY_EDGE_ROW_201_3_Right_206,VSS,Metal1,1085.7030,1037.6040,0.001479
PHY_EDGE_ROW_202_3_Right_207,VSS,Metal1,1085.7030,1038.8755,0.001479
PHY_EDGE_ROW_203_3_Right_208,VSS,Metal1,1085.7030,1047.6840,0.001363
PHY_EDGE_ROW_204_3_Right_209,VSS,Metal1,1085.7030,1048.9555,0.001363
PHY_EDGE_ROW_205_3_Right_210,VSS,Metal1,1085.7030,1057.7640,0.001333
PHY_EDGE_ROW_206_3_Right_211,VSS,Metal1,1085.7030,1059.0355,0.001333
PHY_EDGE_ROW_207_3_Right_212,VSS,Metal1,1085.7030,1067.8440,0.001331
PHY_EDGE_ROW_208_3_Right_213,VSS,Metal1,1085.7030,1069.1155,0.001331
PHY_EDGE_ROW_0_Left_214,VSS,Metal1,6.8565,20.7955,0.006670
PHY_EDGE_ROW_1_Left_215,VSS,Metal1,6.8565,29.6040,0.006680
PHY_EDGE_ROW_2_Left_216,VSS,Metal1,6.8565,30.8755,0.006680
PHY_EDGE_ROW_3_Left_217,VSS,Metal1,6.8565,39.6840,0.006753
PHY_EDGE_ROW_4_Left_218,VSS,Metal1,6.8565,40.9555,0.006753
PHY_EDGE_ROW_5_Left_219,VSS,Metal1,6.8565,49.7640,0.006822
PHY_EDGE_ROW_6_Left_220,VSS,Metal1,6.8565,51.0355,0.006822
PHY_EDGE_ROW_7_Left_221,VSS,Metal1,6.8565,59.8440,0.006875
PHY_EDGE_ROW_8_Left_222,VSS,Metal1,6.8565,61.1155,0.006875
PHY_EDGE_ROW_9_Left_223,VSS,Metal1,6.8565,69.9240,0.006898
PHY_EDGE_ROW_10_Left_224,VSS,Metal1,6.8565,71.1955,0.006898
PHY_EDGE_ROW_11_Left_225,VSS,Metal1,6.8565,80.0040,0.007055
PHY_EDGE_ROW_12_Left_226,VSS,Metal1,6.8565,81.2755,0.007055
PHY_EDGE_ROW_13_Left_227,VSS,Metal1,6.8565,90.0840,0.007132
PHY_EDGE_ROW_14_Left_228,VSS,Metal1,6.8565,91.3555,0.007132
PHY_EDGE_ROW_15_Left_229,VSS,Metal1,6.8565,100.1640,0.007030
PHY_EDGE_ROW_16_Left_230,VSS,Metal1,6.8565,101.4355,0.007030
PHY_EDGE_ROW_17_Left_231,VSS,Metal1,6.8565,110.2440,0.007178
PHY_EDGE_ROW_18_Left_232,VSS,Metal1,6.8565,111.5155,0.007178
PHY_EDGE_ROW_19_Left_233,VSS,Metal1,6.8565,120.3240,0.007339
PHY_EDGE_ROW_20_Left_234,VSS,Metal1,6.8565,121.5955,0.007339
PHY_EDGE_ROW_21_Left_235,VSS,Metal1,6.8565,130.4040,0.007238
PHY_EDGE_ROW_22_Left_236,VSS,Metal1,6.8565,131.6755,0.007238
PHY_EDGE_ROW_23_Left_237,VSS,Metal1,6.8565,140.4840,0.007182
PHY_EDGE_ROW_24_Left_238,VSS,Metal1,6.8565,141.7555,0.007182
PHY_EDGE_ROW_25_Left_239,VSS,Metal1,6.8565,150.5640,0.007254
PHY_EDGE_ROW_26_Left_240,VSS,Metal1,6.8565,151.8355,0.007254
PHY_EDGE_ROW_27_Left_241,VSS,Metal1,6.8565,160.6440,0.007188
PHY_EDGE_ROW_28_Left_242,VSS,Metal1,6.8565,161.9155,0.007188
PHY_EDGE_ROW_29_Left_243,VSS,Metal1,6.8565,170.7240,0.007183
PHY_EDGE_ROW_30_Left_244,VSS,Metal1,6.8565,171.9955,0.007183
PHY_EDGE_ROW_31_Left_245,VSS,Metal1,6.8565,180.8040,0.007162
PHY_EDGE_ROW_32_Left_246,VSS,Metal1,6.8565,182.0755,0.007162
PHY_EDGE_ROW_33_Left_247,VSS,Metal1,6.8565,190.8840,0.007118
PHY_EDGE_ROW_34_Left_248,VSS,Metal1,6.8565,192.1555,0.007118
PHY_EDGE_ROW_35_Left_249,VSS,Metal1,6.8565,200.9640,0.007023
PHY_EDGE_ROW_36_Left_250,VSS,Metal1,6.8565,202.2355,0.007023
PHY_EDGE_ROW_37_Left_251,VSS,Metal1,6.8565,211.0440,0.007288
PHY_EDGE_ROW_38_Left_252,VSS,Metal1,6.8565,212.3155,0.007288
PHY_EDGE_ROW_39_Left_253,VSS,Metal1,6.8565,221.1240,0.007090
PHY_EDGE_ROW_40_Left_254,VSS,Metal1,6.8565,222.3955,0.007090
PHY_EDGE_ROW_41_Left_255,VSS,Metal1,6.8565,231.2040,0.007040
PHY_EDGE_ROW_42_Left_256,VSS,Metal1,6.8565,232.4755,0.007040
PHY_EDGE_ROW_43_Left_257,VSS,Metal1,6.8565,241.2840,0.007021
PHY_EDGE_ROW_44_Left_258,VSS,Metal1,6.8565,242.5555,0.007021
PHY_EDGE_ROW_45_Left_259,VSS,Metal1,6.8565,251.3640,0.006929
PHY_EDGE_ROW_46_Left_260,VSS,Metal1,6.8565,252.6355,0.006929
PHY_EDGE_ROW_47_Left_261,VSS,Metal1,6.8565,261.4440,0.007028
PHY_EDGE_ROW_48_Left_262,VSS,Metal1,6.8565,262.7155,0.007028
PHY_EDGE_ROW_49_Left_263,VSS,Metal1,6.8565,271.5240,0.006875
PHY_EDGE_ROW_50_Left_264,VSS,Metal1,6.8565,272.7955,0.006875
PHY_EDGE_ROW_51_Left_265,VSS,Metal1,6.8565,281.6040,0.006713
PHY_EDGE_ROW_52_Left_266,VSS,Metal1,6.8565,282.8755,0.006713
PHY_EDGE_ROW_53_Left_267,VSS,Metal1,6.8565,291.6840,0.006545
PHY_EDGE_ROW_54_Left_268,VSS,Metal1,6.8565,292.9555,0.006545
PHY_EDGE_ROW_55_Left_269,VSS,Metal1,6.8565,301.7640,0.006424
PHY_EDGE_ROW_56_Left_270,VSS,Metal1,6.8565,303.0355,0.006424
PHY_EDGE_ROW_57_Left_271,VSS,Metal1,6.8565,311.8440,0.006395
PHY_EDGE_ROW_58_Left_272,VSS,Metal1,6.8565,313.1155,0.006395
PHY_EDGE_ROW_59_Left_273,VSS,Metal1,6.8565,321.9240,0.006154
PHY_EDGE_ROW_60_Left_274,VSS,Metal1,6.8565,323.1955,0.006154
PHY_EDGE_ROW_61_Left_275,VSS,Metal1,6.8565,332.0040,0.005901
PHY_EDGE_ROW_62_Left_276,VSS,Metal1,6.8565,333.2755,0.005901
PHY_EDGE_ROW_63_Left_277,VSS,Metal1,6.8565,342.0840,0.005687
PHY_EDGE_ROW_64_Left_278,VSS,Metal1,6.8565,343.3555,0.005687
PHY_EDGE_ROW_65_Left_279,VSS,Metal1,6.8565,352.1640,0.005554
PHY_EDGE_ROW_66_Left_280,VSS,Metal1,6.8565,353.4355,0.005554
PHY_EDGE_ROW_67_Left_281,VSS,Metal1,6.8565,362.2440,0.005321
PHY_EDGE_ROW_68_Left_282,VSS,Metal1,6.8565,363.5155,0.005321
PHY_EDGE_ROW_69_Left_283,VSS,Metal1,6.8565,372.3240,0.005246
PHY_EDGE_ROW_70_Left_284,VSS,Metal1,6.8565,373.5955,0.005246
PHY_EDGE_ROW_71_Left_285,VSS,Metal1,6.8565,382.4040,0.005016
PHY_EDGE_ROW_72_Left_286,VSS,Metal1,6.8565,383.6755,0.005016
PHY_EDGE_ROW_73_Left_287,VSS,Metal1,6.8565,392.4840,0.004835
PHY_EDGE_ROW_74_Left_288,VSS,Metal1,6.8565,393.7555,0.004835
PHY_EDGE_ROW_75_Left_289,VSS,Metal1,6.8565,402.5640,0.004494
PHY_EDGE_ROW_76_Left_290,VSS,Metal1,6.8565,403.8355,0.004494
PHY_EDGE_ROW_77_Left_291,VSS,Metal1,6.8565,412.6440,0.004276
PHY_EDGE_ROW_78_Left_292,VSS,Metal1,6.8565,413.9155,0.004276
PHY_EDGE_ROW_79_Left_293,VSS,Metal1,6.8565,422.7240,0.003910
PHY_EDGE_ROW_80_Left_294,VSS,Metal1,6.8565,423.9955,0.003910
PHY_EDGE_ROW_81_Left_295,VSS,Metal1,6.8565,432.8040,0.003653
PHY_EDGE_ROW_82_Left_296,VSS,Metal1,6.8565,434.0755,0.003653
PHY_EDGE_ROW_83_Left_297,VSS,Metal1,6.8565,442.8840,0.003355
PHY_EDGE_ROW_84_Left_298,VSS,Metal1,6.8565,444.1555,0.003355
PHY_EDGE_ROW_85_Left_299,VSS,Metal1,6.8565,452.9640,0.002961
PHY_EDGE_ROW_86_Left_300,VSS,Metal1,6.8565,454.2355,0.002961
PHY_EDGE_ROW_87_Left_301,VSS,Metal1,6.8565,463.0440,0.002610
PHY_EDGE_ROW_88_Left_302,VSS,Metal1,6.8565,464.3155,0.002610
PHY_EDGE_ROW_89_Left_303,VSS,Metal1,6.8565,473.1240,0.002153
PHY_EDGE_ROW_90_Left_304,VSS,Metal1,6.8565,474.3955,0.002153
PHY_EDGE_ROW_91_Left_305,VSS,Metal1,6.8565,483.2040,0.001643
PHY_EDGE_ROW_92_Left_306,VSS,Metal1,6.8565,484.4755,0.001643
PHY_EDGE_ROW_93_Left_307,VSS,Metal1,6.8565,493.2840,0.001366
PHY_EDGE_ROW_94_Left_308,VSS,Metal1,6.8565,494.5555,0.001366
PHY_EDGE_ROW_95_Left_309,VSS,Metal1,6.8565,503.3640,0.001040
PHY_EDGE_ROW_96_Left_310,VSS,Metal1,6.8565,504.6355,0.001040
PHY_EDGE_ROW_97_Left_311,VSS,Metal1,6.8565,513.4440,0.001340
PHY_EDGE_ROW_98_Left_312,VSS,Metal1,6.8565,514.7155,0.001340
PHY_EDGE_ROW_99_Left_313,VSS,Metal1,6.8565,523.5240,0.001635
PHY_EDGE_ROW_100_Left_314,VSS,Metal1,6.8565,524.7955,0.001635
PHY_EDGE_ROW_101_Left_315,VSS,Metal1,6.8565,533.6040,0.001916
PHY_EDGE_ROW_102_Left_316,VSS,Metal1,6.8565,534.8755,0.001916
PHY_EDGE_ROW_103_Left_317,VSS,Metal1,6.8565,543.6840,0.002100
PHY_EDGE_ROW_104_Left_318,VSS,Metal1,6.8565,544.9555,0.002100
PHY_EDGE_ROW_105_Left_319,VSS,Metal1,6.8565,553.7640,0.002315
PHY_EDGE_ROW_106_Left_320,VSS,Metal1,6.8565,555.0355,0.002315
PHY_EDGE_ROW_107_Left_321,VSS,Metal1,6.8565,563.8440,0.002512
PHY_EDGE_ROW_108_Left_322,VSS,Metal1,6.8565,565.1155,0.002512
PHY_EDGE_ROW_109_Left_323,VSS,Metal1,6.8565,573.9240,0.002696
PHY_EDGE_ROW_110_Left_324,VSS,Metal1,6.8565,575.1955,0.002696
PHY_EDGE_ROW_111_Left_325,VSS,Metal1,6.8565,584.0040,0.002893
PHY_EDGE_ROW_112_Left_326,VSS,Metal1,6.8565,585.2755,0.002893
PHY_EDGE_ROW_113_Left_327,VSS,Metal1,6.8565,594.0840,0.003089
PHY_EDGE_ROW_114_Left_328,VSS,Metal1,6.8565,595.3555,0.003089
PHY_EDGE_ROW_115_Left_329,VSS,Metal1,6.8565,604.1640,0.003219
PHY_EDGE_ROW_116_Left_330,VSS,Metal1,6.8565,605.4355,0.003219
PHY_EDGE_ROW_117_Left_331,VSS,Metal1,6.8565,614.2440,0.003465
PHY_EDGE_ROW_118_Left_332,VSS,Metal1,6.8565,615.5155,0.003465
PHY_EDGE_ROW_119_Left_333,VSS,Metal1,6.8565,624.3240,0.003465
PHY_EDGE_ROW_120_Left_334,VSS,Metal1,6.8565,625.5955,0.003465
PHY_EDGE_ROW_121_Left_335,VSS,Metal1,6.8565,634.4040,0.003439
PHY_EDGE_ROW_122_Left_336,VSS,Metal1,6.8565,635.6755,0.003439
PHY_EDGE_ROW_123_Left_337,VSS,Metal1,6.8565,644.4840,0.003470
PHY_EDGE_ROW_124_Left_338,VSS,Metal1,6.8565,645.7555,0.003470
PHY_EDGE_ROW_125_Left_339,VSS,Metal1,6.8565,654.5640,0.003487
PHY_EDGE_ROW_126_Left_340,VSS,Metal1,6.8565,655.8355,0.003487
PHY_EDGE_ROW_127_Left_341,VSS,Metal1,6.8565,664.6440,0.003551
PHY_EDGE_ROW_128_Left_342,VSS,Metal1,6.8565,665.9155,0.003551
PHY_EDGE_ROW_129_Left_343,VSS,Metal1,6.8565,674.7240,0.003708
PHY_EDGE_ROW_130_Left_344,VSS,Metal1,6.8565,675.9955,0.003708
PHY_EDGE_ROW_131_Left_345,VSS,Metal1,6.8565,684.8040,0.003622
PHY_EDGE_ROW_132_Left_346,VSS,Metal1,6.8565,686.0755,0.003622
PHY_EDGE_ROW_133_Left_347,VSS,Metal1,6.8565,694.8840,0.003696
PHY_EDGE_ROW_134_Left_348,VSS,Metal1,6.8565,696.1555,0.003696
PHY_EDGE_ROW_135_Left_349,VSS,Metal1,6.8565,704.9640,0.003589
PHY_EDGE_ROW_137_1_Left_350,VSS,Metal1,6.8565,715.0440,0.003713
PHY_EDGE_ROW_138_1_Left_351,VSS,Metal1,6.8565,716.3155,0.003713
PHY_EDGE_ROW_139_1_Left_352,VSS,Metal1,6.8565,725.1240,0.003742
PHY_EDGE_ROW_140_1_Left_353,VSS,Metal1,6.8565,726.3955,0.003742
PHY_EDGE_ROW_141_1_Left_354,VSS,Metal1,6.8565,735.2040,0.003767
PHY_EDGE_ROW_142_1_Left_355,VSS,Metal1,6.8565,736.4755,0.003767
PHY_EDGE_ROW_143_1_Left_356,VSS,Metal1,6.8565,745.2840,0.003793
PHY_EDGE_ROW_144_1_Left_357,VSS,Metal1,6.8565,746.5555,0.003793
PHY_EDGE_ROW_145_1_Left_358,VSS,Metal1,6.8565,755.3640,0.003834
PHY_EDGE_ROW_146_1_Left_359,VSS,Metal1,6.8565,756.6355,0.003834
PHY_EDGE_ROW_147_1_Left_360,VSS,Metal1,6.8565,765.4440,0.003993
PHY_EDGE_ROW_148_1_Left_361,VSS,Metal1,6.8565,766.7155,0.003993
PHY_EDGE_ROW_149_1_Left_362,VSS,Metal1,6.8565,775.5240,0.003835
PHY_EDGE_ROW_150_1_Left_363,VSS,Metal1,6.8565,776.7955,0.003835
PHY_EDGE_ROW_151_1_Left_364,VSS,Metal1,6.8565,785.6040,0.003822
PHY_EDGE_ROW_152_1_Left_365,VSS,Metal1,6.8565,786.8755,0.003822
PHY_EDGE_ROW_153_1_Left_366,VSS,Metal1,6.8565,795.6840,0.003766
PHY_EDGE_ROW_154_1_Left_367,VSS,Metal1,6.8565,796.9555,0.003766
PHY_EDGE_ROW_155_1_Left_368,VSS,Metal1,6.8565,805.7640,0.003739
PHY_EDGE_ROW_156_1_Left_369,VSS,Metal1,6.8565,807.0355,0.003739
PHY_EDGE_ROW_157_1_Left_370,VSS,Metal1,6.8565,815.8440,0.003785
PHY_EDGE_ROW_158_1_Left_371,VSS,Metal1,6.8565,817.1155,0.003785
PHY_EDGE_ROW_159_1_Left_372,VSS,Metal1,6.8565,825.9240,0.003842
PHY_EDGE_ROW_160_1_Left_373,VSS,Metal1,6.8565,827.1955,0.003842
PHY_EDGE_ROW_161_1_Left_374,VSS,Metal1,6.8565,836.0040,0.003833
PHY_EDGE_ROW_162_1_Left_375,VSS,Metal1,6.8565,837.2755,0.003833
PHY_EDGE_ROW_163_1_Left_376,VSS,Metal1,6.8565,846.0840,0.003886
PHY_EDGE_ROW_164_1_Left_377,VSS,Metal1,6.8565,847.3555,0.003886
PHY_EDGE_ROW_165_1_Left_378,VSS,Metal1,6.8565,856.1640,0.003926
PHY_EDGE_ROW_166_1_Left_379,VSS,Metal1,6.8565,857.4355,0.003926
PHY_EDGE_ROW_167_1_Left_380,VSS,Metal1,6.8565,866.2440,0.003944
PHY_EDGE_ROW_168_1_Left_381,VSS,Metal1,6.8565,867.5155,0.003944
PHY_EDGE_ROW_169_1_Left_382,VSS,Metal1,6.8565,876.3240,0.003956
PHY_EDGE_ROW_170_1_Left_383,VSS,Metal1,6.8565,877.5955,0.003956
PHY_EDGE_ROW_171_1_Left_384,VSS,Metal1,6.8565,886.4040,0.003937
PHY_EDGE_ROW_172_1_Left_385,VSS,Metal1,6.8565,887.6755,0.003937
PHY_EDGE_ROW_173_1_Left_386,VSS,Metal1,6.8565,896.4840,0.003965
PHY_EDGE_ROW_174_1_Left_387,VSS,Metal1,6.8565,897.7555,0.003965
PHY_EDGE_ROW_175_1_Left_388,VSS,Metal1,6.8565,906.5640,0.003936
PHY_EDGE_ROW_176_1_Left_389,VSS,Metal1,6.8565,907.8355,0.003936
PHY_EDGE_ROW_177_1_Left_390,VSS,Metal1,6.8565,916.6440,0.003954
PHY_EDGE_ROW_178_1_Left_391,VSS,Metal1,6.8565,917.9155,0.003954
PHY_EDGE_ROW_179_1_Left_392,VSS,Metal1,6.8565,926.7240,0.003942
PHY_EDGE_ROW_180_1_Left_393,VSS,Metal1,6.8565,927.9955,0.003942
PHY_EDGE_ROW_181_1_Left_394,VSS,Metal1,6.8565,936.8040,0.004067
PHY_EDGE_ROW_182_1_Left_395,VSS,Metal1,6.8565,938.0755,0.004067
PHY_EDGE_ROW_183_1_Left_396,VSS,Metal1,6.8565,946.8840,0.003852
PHY_EDGE_ROW_184_1_Left_397,VSS,Metal1,6.8565,948.1555,0.003852
PHY_EDGE_ROW_185_1_Left_398,VSS,Metal1,6.8565,956.9640,0.003844
PHY_EDGE_ROW_186_1_Left_399,VSS,Metal1,6.8565,958.2355,0.003844
PHY_EDGE_ROW_187_1_Left_400,VSS,Metal1,6.8565,967.0440,0.003812
PHY_EDGE_ROW_188_1_Left_401,VSS,Metal1,6.8565,968.3155,0.003812
PHY_EDGE_ROW_189_1_Left_402,VSS,Metal1,6.8565,977.1240,0.003876
PHY_EDGE_ROW_190_1_Left_403,VSS,Metal1,6.8565,978.3955,0.003876
PHY_EDGE_ROW_191_1_Left_404,VSS,Metal1,6.8565,987.2040,0.003866
PHY_EDGE_ROW_192_1_Left_405,VSS,Metal1,6.8565,988.4755,0.003866
PHY_EDGE_ROW_193_1_Left_406,VSS,Metal1,6.8565,997.2840,0.003904
PHY_EDGE_ROW_194_1_Left_407,VSS,Metal1,6.8565,998.5555,0.003904
PHY_EDGE_ROW_195_1_Left_408,VSS,Metal1,6.8565,1007.3640,0.003887
PHY_EDGE_ROW_196_1_Left_409,VSS,Metal1,6.8565,1008.6355,0.003887
PHY_EDGE_ROW_197_1_Left_410,VSS,Metal1,6.8565,1017.4440,0.003890
PHY_EDGE_ROW_198_1_Left_411,VSS,Metal1,6.8565,1018.7155,0.003890
PHY_EDGE_ROW_199_1_Left_412,VSS,Metal1,6.8565,1027.5240,0.003915
PHY_EDGE_ROW_200_1_Left_413,VSS,Metal1,6.8565,1028.7955,0.003915
PHY_EDGE_ROW_201_1_Left_414,VSS,Metal1,6.8565,1037.6040,0.003884
PHY_EDGE_ROW_202_1_Left_415,VSS,Metal1,6.8565,1038.8755,0.003884
PHY_EDGE_ROW_203_1_Left_416,VSS,Metal1,6.8565,1047.6840,0.003856
PHY_EDGE_ROW_204_1_Left_417,VSS,Metal1,6.8565,1048.9555,0.003856
PHY_EDGE_ROW_205_1_Left_418,VSS,Metal1,6.8565,1057.7640,0.003906
PHY_EDGE_ROW_206_1_Left_419,VSS,Metal1,6.8565,1059.0355,0.003906
PHY_EDGE_ROW_207_1_Left_420,VSS,Metal1,6.8565,1067.8440,0.003871
PHY_EDGE_ROW_208_1_Left_421,VSS,Metal1,6.8565,1069.1155,0.003871
PHY_EDGE_ROW_209_Left_422,VSS,Metal1,6.8565,1077.9240,0.003808
PHY_EDGE_ROW_210_Left_423,VSS,Metal1,6.8565,1079.1955,0.003808
PHY_EDGE_ROW_211_Left_424,VSS,Metal1,6.8565,1088.0040,0.003673
PHY_EDGE_ROW_212_Left_425,VSS,Metal1,6.8565,1089.2755,0.003673
PHY_EDGE_ROW_213_Left_426,VSS,Metal1,6.8565,1098.0840,0.003646
PHY_EDGE_ROW_136_1_Left_427,VSS,Metal1,6.8565,706.2355,0.003589
PHY_EDGE_ROW_136_2_Left_428,VSS,Metal1,493.4965,706.2355,0.002269
PHY_EDGE_ROW_137_2_Left_429,VSS,Metal1,493.4965,715.0440,0.001649
PHY_EDGE_ROW_138_2_Left_430,VSS,Metal1,493.4965,716.3155,0.001649
PHY_EDGE_ROW_139_2_Left_431,VSS,Metal1,493.4965,725.1240,0.001550
PHY_EDGE_ROW_140_2_Left_432,VSS,Metal1,493.4965,726.3955,0.001550
PHY_EDGE_ROW_141_2_Left_433,VSS,Metal1,493.4965,735.2040,0.001486
PHY_EDGE_ROW_142_2_Left_434,VSS,Metal1,493.4965,736.4755,0.001486
PHY_EDGE_ROW_143_2_Left_435,VSS,Metal1,493.4965,745.2840,0.001493
PHY_EDGE_ROW_144_2_Left_436,VSS,Metal1,493.4965,746.5555,0.001493
PHY_EDGE_ROW_145_2_Left_437,VSS,Metal1,493.4965,755.3640,0.001404
PHY_EDGE_ROW_146_2_Left_438,VSS,Metal1,493.4965,756.6355,0.001404
PHY_EDGE_ROW_147_2_Left_439,VSS,Metal1,493.4965,765.4440,0.001263
PHY_EDGE_ROW_148_2_Left_440,VSS,Metal1,493.4965,766.7155,0.001263
PHY_EDGE_ROW_149_2_Left_441,VSS,Metal1,493.4965,775.5240,0.001196
PHY_EDGE_ROW_150_2_Left_442,VSS,Metal1,493.4965,776.7955,0.001196
PHY_EDGE_ROW_151_2_Left_443,VSS,Metal1,493.4965,785.6040,0.001067
PHY_EDGE_ROW_152_2_Left_444,VSS,Metal1,493.4965,786.8755,0.001067
PHY_EDGE_ROW_153_2_Left_445,VSS,Metal1,493.4965,795.6840,0.000994
PHY_EDGE_ROW_154_2_Left_446,VSS,Metal1,493.4965,796.9555,0.000994
PHY_EDGE_ROW_155_2_Left_447,VSS,Metal1,493.4965,805.7640,0.000916
PHY_EDGE_ROW_156_2_Left_448,VSS,Metal1,493.4965,807.0355,0.000916
PHY_EDGE_ROW_157_2_Left_449,VSS,Metal1,493.4965,815.8440,0.000906
PHY_EDGE_ROW_158_2_Left_450,VSS,Metal1,493.4965,817.1155,0.000906
PHY_EDGE_ROW_159_2_Left_451,VSS,Metal1,493.4965,825.9240,0.000875
PHY_EDGE_ROW_160_2_Left_452,VSS,Metal1,493.4965,827.1955,0.000875
PHY_EDGE_ROW_161_2_Left_453,VSS,Metal1,493.4965,836.0040,0.000895
PHY_EDGE_ROW_162_2_Left_454,VSS,Metal1,493.4965,837.2755,0.000895
PHY_EDGE_ROW_163_2_Left_455,VSS,Metal1,493.4965,846.0840,0.000992
PHY_EDGE_ROW_164_2_Left_456,VSS,Metal1,493.4965,847.3555,0.000992
PHY_EDGE_ROW_165_2_Left_457,VSS,Metal1,493.4965,856.1640,0.000813
PHY_EDGE_ROW_166_2_Left_458,VSS,Metal1,493.4965,857.4355,0.000813
PHY_EDGE_ROW_167_2_Left_459,VSS,Metal1,493.4965,866.2440,0.000709
PHY_EDGE_ROW_168_2_Left_460,VSS,Metal1,493.4965,867.5155,0.000709
PHY_EDGE_ROW_169_2_Left_461,VSS,Metal1,493.4965,876.3240,0.000655
PHY_EDGE_ROW_170_2_Left_462,VSS,Metal1,493.4965,877.5955,0.000655
PHY_EDGE_ROW_171_2_Left_463,VSS,Metal1,493.4965,886.4040,0.000627
PHY_EDGE_ROW_172_2_Left_464,VSS,Metal1,493.4965,887.6755,0.000627
PHY_EDGE_ROW_173_2_Left_465,VSS,Metal1,493.4965,896.4840,0.000570
PHY_EDGE_ROW_174_2_Left_466,VSS,Metal1,493.4965,897.7555,0.000570
PHY_EDGE_ROW_175_2_Left_467,VSS,Metal1,493.4965,906.5640,0.000491
PHY_EDGE_ROW_176_2_Left_468,VSS,Metal1,493.4965,907.8355,0.000491
PHY_EDGE_ROW_177_2_Left_469,VSS,Metal1,493.4965,916.6440,0.000451
PHY_EDGE_ROW_178_2_Left_470,VSS,Metal1,493.4965,917.9155,0.000451
PHY_EDGE_ROW_179_2_Left_471,VSS,Metal1,493.4965,926.7240,0.000386
PHY_EDGE_ROW_180_2_Left_472,VSS,Metal1,493.4965,927.9955,0.000386
PHY_EDGE_ROW_181_2_Left_473,VSS,Metal1,493.4965,936.8040,0.000320
PHY_EDGE_ROW_182_2_Left_474,VSS,Metal1,493.4965,938.0755,0.000320
PHY_EDGE_ROW_183_2_Left_475,VSS,Metal1,493.4965,946.8840,0.000224
PHY_EDGE_ROW_184_2_Left_476,VSS,Metal1,493.4965,948.1555,0.000224
PHY_EDGE_ROW_185_2_Left_477,VSS,Metal1,493.4965,956.9640,0.000154
PHY_EDGE_ROW_186_2_Left_478,VSS,Metal1,493.4965,958.2355,0.000154
PHY_EDGE_ROW_187_2_Left_479,VSS,Metal1,493.4965,967.0440,0.000309
PHY_EDGE_ROW_188_2_Left_480,VSS,Metal1,493.4965,968.3155,0.000309
PHY_EDGE_ROW_189_2_Left_481,VSS,Metal1,493.4965,977.1240,0.000364
PHY_EDGE_ROW_190_2_Left_482,VSS,Metal1,493.4965,978.3955,0.000364
PHY_EDGE_ROW_191_2_Left_483,VSS,Metal1,493.4965,987.2040,0.000481
PHY_EDGE_ROW_192_2_Left_484,VSS,Metal1,493.4965,988.4755,0.000481
PHY_EDGE_ROW_193_2_Left_485,VSS,Metal1,493.4965,997.2840,0.000579
PHY_EDGE_ROW_194_2_Left_486,VSS,Metal1,493.4965,998.5555,0.000579
PHY_EDGE_ROW_195_2_Left_487,VSS,Metal1,493.4965,1007.3640,0.000667
PHY_EDGE_ROW_196_2_Left_488,VSS,Metal1,493.4965,1008.6355,0.000667
PHY_EDGE_ROW_197_2_Left_489,VSS,Metal1,493.4965,1017.4440,0.000735
PHY_EDGE_ROW_198_2_Left_490,VSS,Metal1,493.4965,1018.7155,0.000735
PHY_EDGE_ROW_199_2_Left_491,VSS,Metal1,493.4965,1027.5240,0.000830
PHY_EDGE_ROW_200_2_Left_492,VSS,Metal1,493.4965,1028.7955,0.000830
PHY_EDGE_ROW_201_2_Left_493,VSS,Metal1,493.4965,1037.6040,0.000907
PHY_EDGE_ROW_202_2_Left_494,VSS,Metal1,493.4965,1038.8755,0.000907
PHY_EDGE_ROW_203_2_Left_495,VSS,Metal1,493.4965,1047.6840,0.000988
PHY_EDGE_ROW_204_2_Left_496,VSS,Metal1,493.4965,1048.9555,0.000988
PHY_EDGE_ROW_205_2_Left_497,VSS,Metal1,493.4965,1057.7640,0.001097
PHY_EDGE_ROW_206_2_Left_498,VSS,Metal1,493.4965,1059.0355,0.001097
PHY_EDGE_ROW_207_2_Left_499,VSS,Metal1,493.4965,1067.8440,0.001180
PHY_EDGE_ROW_208_2_Left_500,VSS,Metal1,493.4965,1069.1155,0.001180
PHY_EDGE_ROW_137_1_Right_501,VSS,Metal1,40.7430,715.0440,0.003713
PHY_EDGE_ROW_138_1_Right_502,VSS,Metal1,40.7430,716.3155,0.003713
PHY_EDGE_ROW_139_1_Right_503,VSS,Metal1,40.7430,725.1240,0.003742
PHY_EDGE_ROW_140_1_Right_504,VSS,Metal1,40.7430,726.3955,0.003742
PHY_EDGE_ROW_141_1_Right_505,VSS,Metal1,40.7430,735.2040,0.003767
PHY_EDGE_ROW_142_1_Right_506,VSS,Metal1,40.7430,736.4755,0.003767
PHY_EDGE_ROW_143_1_Right_507,VSS,Metal1,40.7430,745.2840,0.003793
PHY_EDGE_ROW_144_1_Right_508,VSS,Metal1,40.7430,746.5555,0.003793
PHY_EDGE_ROW_145_1_Right_509,VSS,Metal1,40.7430,755.3640,0.003834
PHY_EDGE_ROW_146_1_Right_510,VSS,Metal1,40.7430,756.6355,0.003834
PHY_EDGE_ROW_147_1_Right_511,VSS,Metal1,40.7430,765.4440,0.003993
PHY_EDGE_ROW_148_1_Right_512,VSS,Metal1,40.7430,766.7155,0.003993
PHY_EDGE_ROW_149_1_Right_513,VSS,Metal1,40.7430,775.5240,0.003835
PHY_EDGE_ROW_150_1_Right_514,VSS,Metal1,40.7430,776.7955,0.003835
PHY_EDGE_ROW_151_1_Right_515,VSS,Metal1,40.7430,785.6040,0.003822
PHY_EDGE_ROW_152_1_Right_516,VSS,Metal1,40.7430,786.8755,0.003822
PHY_EDGE_ROW_153_1_Right_517,VSS,Metal1,40.7430,795.6840,0.003766
PHY_EDGE_ROW_154_1_Right_518,VSS,Metal1,40.7430,796.9555,0.003766
PHY_EDGE_ROW_155_1_Right_519,VSS,Metal1,40.7430,805.7640,0.003739
PHY_EDGE_ROW_156_1_Right_520,VSS,Metal1,40.7430,807.0355,0.003739
PHY_EDGE_ROW_157_1_Right_521,VSS,Metal1,40.7430,815.8440,0.003785
PHY_EDGE_ROW_158_1_Right_522,VSS,Metal1,40.7430,817.1155,0.003785
PHY_EDGE_ROW_159_1_Right_523,VSS,Metal1,40.7430,825.9240,0.003842
PHY_EDGE_ROW_160_1_Right_524,VSS,Metal1,40.7430,827.1955,0.003842
PHY_EDGE_ROW_161_1_Right_525,VSS,Metal1,40.7430,836.0040,0.003832
PHY_EDGE_ROW_162_1_Right_526,VSS,Metal1,40.7430,837.2755,0.003832
PHY_EDGE_ROW_163_1_Right_527,VSS,Metal1,40.7430,846.0840,0.003886
PHY_EDGE_ROW_164_1_Right_528,VSS,Metal1,40.7430,847.3555,0.003886
PHY_EDGE_ROW_165_1_Right_529,VSS,Metal1,40.7430,856.1640,0.003926
PHY_EDGE_ROW_166_1_Right_530,VSS,Metal1,40.7430,857.4355,0.003926
PHY_EDGE_ROW_167_1_Right_531,VSS,Metal1,40.7430,866.2440,0.003944
PHY_EDGE_ROW_168_1_Right_532,VSS,Metal1,40.7430,867.5155,0.003944
PHY_EDGE_ROW_169_1_Right_533,VSS,Metal1,40.7430,876.3240,0.003956
PHY_EDGE_ROW_170_1_Right_534,VSS,Metal1,40.7430,877.5955,0.003956
PHY_EDGE_ROW_171_1_Right_535,VSS,Metal1,40.7430,886.4040,0.003937
PHY_EDGE_ROW_172_1_Right_536,VSS,Metal1,40.7430,887.6755,0.003937
PHY_EDGE_ROW_173_1_Right_537,VSS,Metal1,40.7430,896.4840,0.003965
PHY_EDGE_ROW_174_1_Right_538,VSS,Metal1,40.7430,897.7555,0.003965
PHY_EDGE_ROW_175_1_Right_539,VSS,Metal1,40.7430,906.5640,0.003936
PHY_EDGE_ROW_176_1_Right_540,VSS,Metal1,40.7430,907.8355,0.003936
PHY_EDGE_ROW_177_1_Right_541,VSS,Metal1,40.7430,916.6440,0.003954
PHY_EDGE_ROW_178_1_Right_542,VSS,Metal1,40.7430,917.9155,0.003954
PHY_EDGE_ROW_179_1_Right_543,VSS,Metal1,40.7430,926.7240,0.003942
PHY_EDGE_ROW_180_1_Right_544,VSS,Metal1,40.7430,927.9955,0.003942
PHY_EDGE_ROW_181_1_Right_545,VSS,Metal1,40.7430,936.8040,0.004067
PHY_EDGE_ROW_182_1_Right_546,VSS,Metal1,40.7430,938.0755,0.004067
PHY_EDGE_ROW_183_1_Right_547,VSS,Metal1,40.7430,946.8840,0.003852
PHY_EDGE_ROW_184_1_Right_548,VSS,Metal1,40.7430,948.1555,0.003852
PHY_EDGE_ROW_185_1_Right_549,VSS,Metal1,40.7430,956.9640,0.003830
PHY_EDGE_ROW_186_1_Right_550,VSS,Metal1,40.7430,958.2355,0.003830
PHY_EDGE_ROW_187_1_Right_551,VSS,Metal1,40.7430,967.0440,0.003812
PHY_EDGE_ROW_188_1_Right_552,VSS,Metal1,40.7430,968.3155,0.003812
PHY_EDGE_ROW_189_1_Right_553,VSS,Metal1,40.7430,977.1240,0.003876
PHY_EDGE_ROW_190_1_Right_554,VSS,Metal1,40.7430,978.3955,0.003876
PHY_EDGE_ROW_191_1_Right_555,VSS,Metal1,40.7430,987.2040,0.003866
PHY_EDGE_ROW_192_1_Right_556,VSS,Metal1,40.7430,988.4755,0.003866
PHY_EDGE_ROW_193_1_Right_557,VSS,Metal1,40.7430,997.2840,0.003904
PHY_EDGE_ROW_194_1_Right_558,VSS,Metal1,40.7430,998.5555,0.003904
PHY_EDGE_ROW_195_1_Right_559,VSS,Metal1,40.7430,1007.3640,0.003887
PHY_EDGE_ROW_196_1_Right_560,VSS,Metal1,40.7430,1008.6355,0.003887
PHY_EDGE_ROW_197_1_Right_561,VSS,Metal1,40.7430,1017.4440,0.003889
PHY_EDGE_ROW_198_1_Right_562,VSS,Metal1,40.7430,1018.7155,0.003889
PHY_EDGE_ROW_199_1_Right_563,VSS,Metal1,40.7430,1027.5240,0.003915
PHY_EDGE_ROW_200_1_Right_564,VSS,Metal1,40.7430,1028.7955,0.003915
PHY_EDGE_ROW_201_1_Right_565,VSS,Metal1,40.7430,1037.6040,0.003884
PHY_EDGE_ROW_202_1_Right_566,VSS,Metal1,40.7430,1038.8755,0.003884
PHY_EDGE_ROW_203_1_Right_567,VSS,Metal1,40.7430,1047.6840,0.003856
PHY_EDGE_ROW_204_1_Right_568,VSS,Metal1,40.7430,1048.9555,0.003856
PHY_EDGE_ROW_205_1_Right_569,VSS,Metal1,40.7430,1057.7640,0.003906
PHY_EDGE_ROW_206_1_Right_570,VSS,Metal1,40.7430,1059.0355,0.003906
PHY_EDGE_ROW_207_1_Right_571,VSS,Metal1,40.7430,1067.8440,0.003871
PHY_EDGE_ROW_208_1_Right_572,VSS,Metal1,40.7430,1069.1155,0.003871
PHY_EDGE_ROW_136_1_Right_573,VSS,Metal1,40.7430,706.2355,0.003571
PHY_EDGE_ROW_136_3_Left_574,VSS,Metal1,973.4165,706.2355,0.002988
PHY_EDGE_ROW_137_3_Left_575,VSS,Metal1,973.4165,715.0440,0.003481
PHY_EDGE_ROW_138_3_Left_576,VSS,Metal1,973.4165,716.3155,0.003481
PHY_EDGE_ROW_139_3_Left_577,VSS,Metal1,973.4165,725.1240,0.003351
PHY_EDGE_ROW_140_3_Left_578,VSS,Metal1,973.4165,726.3955,0.003351
PHY_EDGE_ROW_141_3_Left_579,VSS,Metal1,973.4165,735.2040,0.003392
PHY_EDGE_ROW_142_3_Left_580,VSS,Metal1,973.4165,736.4755,0.003392
PHY_EDGE_ROW_143_3_Left_581,VSS,Metal1,973.4165,745.2840,0.003405
PHY_EDGE_ROW_144_3_Left_582,VSS,Metal1,973.4165,746.5555,0.003405
PHY_EDGE_ROW_145_3_Left_583,VSS,Metal1,973.4165,755.3640,0.003402
PHY_EDGE_ROW_146_3_Left_584,VSS,Metal1,973.4165,756.6355,0.003402
PHY_EDGE_ROW_147_3_Left_585,VSS,Metal1,973.4165,765.4440,0.003297
PHY_EDGE_ROW_148_3_Left_586,VSS,Metal1,973.4165,766.7155,0.003297
PHY_EDGE_ROW_149_3_Left_587,VSS,Metal1,973.4165,775.5240,0.003218
PHY_EDGE_ROW_150_3_Left_588,VSS,Metal1,973.4165,776.7955,0.003218
PHY_EDGE_ROW_151_3_Left_589,VSS,Metal1,973.4165,785.6040,0.003184
PHY_EDGE_ROW_152_3_Left_590,VSS,Metal1,973.4165,786.8755,0.003184
PHY_EDGE_ROW_153_3_Left_591,VSS,Metal1,973.4165,795.6840,0.003122
PHY_EDGE_ROW_154_3_Left_592,VSS,Metal1,973.4165,796.9555,0.003122
PHY_EDGE_ROW_155_3_Left_593,VSS,Metal1,973.4165,805.7640,0.003071
PHY_EDGE_ROW_156_3_Left_594,VSS,Metal1,973.4165,807.0355,0.003071
PHY_EDGE_ROW_157_3_Left_595,VSS,Metal1,973.4165,815.8440,0.003019
PHY_EDGE_ROW_158_3_Left_596,VSS,Metal1,973.4165,817.1155,0.003019
PHY_EDGE_ROW_159_3_Left_597,VSS,Metal1,973.4165,825.9240,0.003247
PHY_EDGE_ROW_160_3_Left_598,VSS,Metal1,973.4165,827.1955,0.003247
PHY_EDGE_ROW_161_3_Left_599,VSS,Metal1,973.4165,836.0040,0.002876
PHY_EDGE_ROW_162_3_Left_600,VSS,Metal1,973.4165,837.2755,0.002876
PHY_EDGE_ROW_163_3_Left_601,VSS,Metal1,973.4165,846.0840,0.002753
PHY_EDGE_ROW_164_3_Left_602,VSS,Metal1,973.4165,847.3555,0.002753
PHY_EDGE_ROW_165_3_Left_603,VSS,Metal1,973.4165,856.1640,0.002702
PHY_EDGE_ROW_166_3_Left_604,VSS,Metal1,973.4165,857.4355,0.002702
PHY_EDGE_ROW_167_3_Left_605,VSS,Metal1,973.4165,866.2440,0.002771
PHY_EDGE_ROW_168_3_Left_606,VSS,Metal1,973.4165,867.5155,0.002771
PHY_EDGE_ROW_169_3_Left_607,VSS,Metal1,973.4165,876.3240,0.002363
PHY_EDGE_ROW_170_3_Left_608,VSS,Metal1,973.4165,877.5955,0.002363
PHY_EDGE_ROW_171_3_Left_609,VSS,Metal1,973.4165,886.4040,0.002255
PHY_EDGE_ROW_172_3_Left_610,VSS,Metal1,973.4165,887.6755,0.002255
PHY_EDGE_ROW_173_3_Left_611,VSS,Metal1,973.4165,896.4840,0.002217
PHY_EDGE_ROW_174_3_Left_612,VSS,Metal1,973.4165,897.7555,0.002217
PHY_EDGE_ROW_175_3_Left_613,VSS,Metal1,973.4165,906.5640,0.001984
PHY_EDGE_ROW_176_3_Left_614,VSS,Metal1,973.4165,907.8355,0.001984
PHY_EDGE_ROW_177_3_Left_615,VSS,Metal1,973.4165,916.6440,0.001808
PHY_EDGE_ROW_178_3_Left_616,VSS,Metal1,973.4165,917.9155,0.001808
PHY_EDGE_ROW_179_3_Left_617,VSS,Metal1,973.4165,926.7240,0.001557
PHY_EDGE_ROW_180_3_Left_618,VSS,Metal1,973.4165,927.9955,0.001557
PHY_EDGE_ROW_181_3_Left_619,VSS,Metal1,973.4165,936.8040,0.001399
PHY_EDGE_ROW_182_3_Left_620,VSS,Metal1,973.4165,938.0755,0.001399
PHY_EDGE_ROW_183_3_Left_621,VSS,Metal1,973.4165,946.8840,0.000953
PHY_EDGE_ROW_184_3_Left_622,VSS,Metal1,973.4165,948.1555,0.000953
PHY_EDGE_ROW_185_3_Left_623,VSS,Metal1,973.4165,956.9640,0.000580
PHY_EDGE_ROW_186_3_Left_624,VSS,Metal1,973.4165,958.2355,0.000580
PHY_EDGE_ROW_187_3_Left_625,VSS,Metal1,973.4165,967.0440,0.000835
PHY_EDGE_ROW_188_3_Left_626,VSS,Metal1,973.4165,968.3155,0.000835
PHY_EDGE_ROW_189_3_Left_627,VSS,Metal1,973.4165,977.1240,0.000962
PHY_EDGE_ROW_190_3_Left_628,VSS,Metal1,973.4165,978.3955,0.000962
PHY_EDGE_ROW_191_3_Left_629,VSS,Metal1,973.4165,987.2040,0.001106
PHY_EDGE_ROW_192_3_Left_630,VSS,Metal1,973.4165,988.4755,0.001106
PHY_EDGE_ROW_193_3_Left_631,VSS,Metal1,973.4165,997.2840,0.001374
PHY_EDGE_ROW_194_3_Left_632,VSS,Metal1,973.4165,998.5555,0.001374
PHY_EDGE_ROW_195_3_Left_633,VSS,Metal1,973.4165,1007.3640,0.001325
PHY_EDGE_ROW_196_3_Left_634,VSS,Metal1,973.4165,1008.6355,0.001325
PHY_EDGE_ROW_197_3_Left_635,VSS,Metal1,973.4165,1017.4440,0.001351
PHY_EDGE_ROW_198_3_Left_636,VSS,Metal1,973.4165,1018.7155,0.001351
PHY_EDGE_ROW_199_3_Left_637,VSS,Metal1,973.4165,1027.5240,0.001354
PHY_EDGE_ROW_200_3_Left_638,VSS,Metal1,973.4165,1028.7955,0.001354
PHY_EDGE_ROW_201_3_Left_639,VSS,Metal1,973.4165,1037.6040,0.001485
PHY_EDGE_ROW_202_3_Left_640,VSS,Metal1,973.4165,1038.8755,0.001485
PHY_EDGE_ROW_203_3_Left_641,VSS,Metal1,973.4165,1047.6840,0.001353
PHY_EDGE_ROW_204_3_Left_642,VSS,Metal1,973.4165,1048.9555,0.001353
PHY_EDGE_ROW_205_3_Left_643,VSS,Metal1,973.4165,1057.7640,0.001331
PHY_EDGE_ROW_206_3_Left_644,VSS,Metal1,973.4165,1059.0355,0.001331
PHY_EDGE_ROW_207_3_Left_645,VSS,Metal1,973.4165,1067.8440,0.001333
PHY_EDGE_ROW_208_3_Left_646,VSS,Metal1,973.4165,1069.1155,0.001333
PHY_EDGE_ROW_136_2_Right_647,VSS,Metal1,520.6630,706.2355,0.002198
PHY_EDGE_ROW_137_2_Right_648,VSS,Metal1,520.6630,715.0440,0.001649
PHY_EDGE_ROW_138_2_Right_649,VSS,Metal1,520.6630,716.3155,0.001649
PHY_EDGE_ROW_139_2_Right_650,VSS,Metal1,520.6630,725.1240,0.001550
PHY_EDGE_ROW_140_2_Right_651,VSS,Metal1,520.6630,726.3955,0.001550
PHY_EDGE_ROW_141_2_Right_652,VSS,Metal1,520.6630,735.2040,0.001486
PHY_EDGE_ROW_142_2_Right_653,VSS,Metal1,520.6630,736.4755,0.001486
PHY_EDGE_ROW_143_2_Right_654,VSS,Metal1,520.6630,745.2840,0.001494
PHY_EDGE_ROW_144_2_Right_655,VSS,Metal1,520.6630,746.5555,0.001494
PHY_EDGE_ROW_145_2_Right_656,VSS,Metal1,520.6630,755.3640,0.001406
PHY_EDGE_ROW_146_2_Right_657,VSS,Metal1,520.6630,756.6355,0.001406
PHY_EDGE_ROW_147_2_Right_658,VSS,Metal1,520.6630,765.4440,0.001262
PHY_EDGE_ROW_148_2_Right_659,VSS,Metal1,520.6630,766.7155,0.001262
PHY_EDGE_ROW_149_2_Right_660,VSS,Metal1,520.6630,775.5240,0.001195
PHY_EDGE_ROW_150_2_Right_661,VSS,Metal1,520.6630,776.7955,0.001195
PHY_EDGE_ROW_151_2_Right_662,VSS,Metal1,520.6630,785.6040,0.001066
PHY_EDGE_ROW_152_2_Right_663,VSS,Metal1,520.6630,786.8755,0.001066
PHY_EDGE_ROW_153_2_Right_664,VSS,Metal1,520.6630,795.6840,0.000994
PHY_EDGE_ROW_154_2_Right_665,VSS,Metal1,520.6630,796.9555,0.000994
PHY_EDGE_ROW_155_2_Right_666,VSS,Metal1,520.6630,805.7640,0.000916
PHY_EDGE_ROW_156_2_Right_667,VSS,Metal1,520.6630,807.0355,0.000916
PHY_EDGE_ROW_157_2_Right_668,VSS,Metal1,520.6630,815.8440,0.000906
PHY_EDGE_ROW_158_2_Right_669,VSS,Metal1,520.6630,817.1155,0.000906
PHY_EDGE_ROW_159_2_Right_670,VSS,Metal1,520.6630,825.9240,0.000875
PHY_EDGE_ROW_160_2_Right_671,VSS,Metal1,520.6630,827.1955,0.000875
PHY_EDGE_ROW_161_2_Right_672,VSS,Metal1,520.6630,836.0040,0.000895
PHY_EDGE_ROW_162_2_Right_673,VSS,Metal1,520.6630,837.2755,0.000895
PHY_EDGE_ROW_163_2_Right_674,VSS,Metal1,520.6630,846.0840,0.000992
PHY_EDGE_ROW_164_2_Right_675,VSS,Metal1,520.6630,847.3555,0.000992
PHY_EDGE_ROW_165_2_Right_676,VSS,Metal1,520.6630,856.1640,0.000813
PHY_EDGE_ROW_166_2_Right_677,VSS,Metal1,520.6630,857.4355,0.000813
PHY_EDGE_ROW_167_2_Right_678,VSS,Metal1,520.6630,866.2440,0.000709
PHY_EDGE_ROW_168_2_Right_679,VSS,Metal1,520.6630,867.5155,0.000709
PHY_EDGE_ROW_169_2_Right_680,VSS,Metal1,520.6630,876.3240,0.000655
PHY_EDGE_ROW_170_2_Right_681,VSS,Metal1,520.6630,877.5955,0.000655
PHY_EDGE_ROW_171_2_Right_682,VSS,Metal1,520.6630,886.4040,0.000627
PHY_EDGE_ROW_172_2_Right_683,VSS,Metal1,520.6630,887.6755,0.000627
PHY_EDGE_ROW_173_2_Right_684,VSS,Metal1,520.6630,896.4840,0.000570
PHY_EDGE_ROW_174_2_Right_685,VSS,Metal1,520.6630,897.7555,0.000570
PHY_EDGE_ROW_175_2_Right_686,VSS,Metal1,520.6630,906.5640,0.000491
PHY_EDGE_ROW_176_2_Right_687,VSS,Metal1,520.6630,907.8355,0.000491
PHY_EDGE_ROW_177_2_Right_688,VSS,Metal1,520.6630,916.6440,0.000451
PHY_EDGE_ROW_178_2_Right_689,VSS,Metal1,520.6630,917.9155,0.000451
PHY_EDGE_ROW_179_2_Right_690,VSS,Metal1,520.6630,926.7240,0.000386
PHY_EDGE_ROW_180_2_Right_691,VSS,Metal1,520.6630,927.9955,0.000386
PHY_EDGE_ROW_181_2_Right_692,VSS,Metal1,520.6630,936.8040,0.000320
PHY_EDGE_ROW_182_2_Right_693,VSS,Metal1,520.6630,938.0755,0.000320
PHY_EDGE_ROW_183_2_Right_694,VSS,Metal1,520.6630,946.8840,0.000224
PHY_EDGE_ROW_184_2_Right_695,VSS,Metal1,520.6630,948.1555,0.000224
PHY_EDGE_ROW_185_2_Right_696,VSS,Metal1,520.6630,956.9640,0.000154
PHY_EDGE_ROW_186_2_Right_697,VSS,Metal1,520.6630,958.2355,0.000154
PHY_EDGE_ROW_187_2_Right_698,VSS,Metal1,520.6630,967.0440,0.000309
PHY_EDGE_ROW_188_2_Right_699,VSS,Metal1,520.6630,968.3155,0.000309
PHY_EDGE_ROW_189_2_Right_700,VSS,Metal1,520.6630,977.1240,0.000364
PHY_EDGE_ROW_190_2_Right_701,VSS,Metal1,520.6630,978.3955,0.000364
PHY_EDGE_ROW_191_2_Right_702,VSS,Metal1,520.6630,987.2040,0.000481
PHY_EDGE_ROW_192_2_Right_703,VSS,Metal1,520.6630,988.4755,0.000481
PHY_EDGE_ROW_193_2_Right_704,VSS,Metal1,520.6630,997.2840,0.000579
PHY_EDGE_ROW_194_2_Right_705,VSS,Metal1,520.6630,998.5555,0.000579
PHY_EDGE_ROW_195_2_Right_706,VSS,Metal1,520.6630,1007.3640,0.000667
PHY_EDGE_ROW_196_2_Right_707,VSS,Metal1,520.6630,1008.6355,0.000667
PHY_EDGE_ROW_197_2_Right_708,VSS,Metal1,520.6630,1017.4440,0.000735
PHY_EDGE_ROW_198_2_Right_709,VSS,Metal1,520.6630,1018.7155,0.000735
PHY_EDGE_ROW_199_2_Right_710,VSS,Metal1,520.6630,1027.5240,0.000830
PHY_EDGE_ROW_200_2_Right_711,VSS,Metal1,520.6630,1028.7955,0.000830
PHY_EDGE_ROW_201_2_Right_712,VSS,Metal1,520.6630,1037.6040,0.000907
PHY_EDGE_ROW_202_2_Right_713,VSS,Metal1,520.6630,1038.8755,0.000907
PHY_EDGE_ROW_203_2_Right_714,VSS,Metal1,520.6630,1047.6840,0.000988
PHY_EDGE_ROW_204_2_Right_715,VSS,Metal1,520.6630,1048.9555,0.000988
PHY_EDGE_ROW_205_2_Right_716,VSS,Metal1,520.6630,1057.7640,0.001095
PHY_EDGE_ROW_206_2_Right_717,VSS,Metal1,520.6630,1059.0355,0.001095
PHY_EDGE_ROW_207_2_Right_718,VSS,Metal1,520.6630,1067.8440,0.001177
PHY_EDGE_ROW_208_2_Right_719,VSS,Metal1,520.6630,1069.1155,0.001177
TAP_TAPCELL_ROW_0_720,VSS,Metal1,26.3065,20.8590,0.006670
TAP_TAPCELL_ROW_0_721,VSS,Metal1,45.3465,20.8590,0.006620
TAP_TAPCELL_ROW_0_722,VSS,Metal1,64.3865,20.8590,0.006570
TAP_TAPCELL_ROW_0_723,VSS,Metal1,83.4265,20.8590,0.006548
TAP_TAPCELL_ROW_0_724,VSS,Metal1,102.4665,20.8590,0.006526
TAP_TAPCELL_ROW_0_725,VSS,Metal1,121.5065,20.8590,0.006476
TAP_TAPCELL_ROW_0_726,VSS,Metal1,140.5465,20.8590,0.006440
TAP_TAPCELL_ROW_0_727,VSS,Metal1,159.5865,20.8590,0.006425
TAP_TAPCELL_ROW_0_728,VSS,Metal1,178.6265,20.8590,0.006407
TAP_TAPCELL_ROW_0_729,VSS,Metal1,197.6665,20.8590,0.006293
TAP_TAPCELL_ROW_0_730,VSS,Metal1,216.7065,20.8590,0.006209
TAP_TAPCELL_ROW_0_731,VSS,Metal1,235.7465,20.8590,0.006172
TAP_TAPCELL_ROW_0_732,VSS,Metal1,254.7865,20.8590,0.006135
TAP_TAPCELL_ROW_0_733,VSS,Metal1,273.8265,20.8590,0.006096
TAP_TAPCELL_ROW_0_734,VSS,Metal1,292.8665,20.8590,0.006005
TAP_TAPCELL_ROW_0_735,VSS,Metal1,311.9065,20.8590,0.005965
TAP_TAPCELL_ROW_0_736,VSS,Metal1,330.9465,20.8590,0.005862
TAP_TAPCELL_ROW_0_737,VSS,Metal1,349.9865,20.8590,0.005700
TAP_TAPCELL_ROW_0_738,VSS,Metal1,369.0265,20.8590,0.005538
TAP_TAPCELL_ROW_0_739,VSS,Metal1,388.0665,20.8590,0.005375
TAP_TAPCELL_ROW_0_740,VSS,Metal1,407.1065,20.8590,0.005236
TAP_TAPCELL_ROW_0_741,VSS,Metal1,426.1465,20.8590,0.005097
TAP_TAPCELL_ROW_0_742,VSS,Metal1,445.1865,20.8590,0.004935
TAP_TAPCELL_ROW_0_743,VSS,Metal1,464.2265,20.8590,0.004818
TAP_TAPCELL_ROW_0_744,VSS,Metal1,483.2665,20.8590,0.004701
TAP_TAPCELL_ROW_0_745,VSS,Metal1,502.3065,20.8590,0.004706
TAP_TAPCELL_ROW_0_746,VSS,Metal1,521.3465,20.8590,0.004753
TAP_TAPCELL_ROW_0_747,VSS,Metal1,540.3865,20.8590,0.004799
TAP_TAPCELL_ROW_0_748,VSS,Metal1,559.4265,20.8590,0.004813
TAP_TAPCELL_ROW_0_749,VSS,Metal1,578.4665,20.8590,0.004826
TAP_TAPCELL_ROW_0_750,VSS,Metal1,597.5065,20.8590,0.004854
TAP_TAPCELL_ROW_0_751,VSS,Metal1,616.5465,20.8590,0.004883
TAP_TAPCELL_ROW_0_752,VSS,Metal1,635.5865,20.8590,0.004922
TAP_TAPCELL_ROW_0_753,VSS,Metal1,654.6265,20.8590,0.005042
TAP_TAPCELL_ROW_0_754,VSS,Metal1,673.6665,20.8590,0.005150
TAP_TAPCELL_ROW_0_755,VSS,Metal1,692.7065,20.8590,0.005300
TAP_TAPCELL_ROW_0_756,VSS,Metal1,711.7465,20.8590,0.005347
TAP_TAPCELL_ROW_0_757,VSS,Metal1,730.7865,20.8590,0.005394
TAP_TAPCELL_ROW_0_758,VSS,Metal1,749.8265,20.8590,0.005501
TAP_TAPCELL_ROW_0_759,VSS,Metal1,768.8665,20.8590,0.005547
TAP_TAPCELL_ROW_0_760,VSS,Metal1,787.9065,20.8590,0.005696
TAP_TAPCELL_ROW_0_761,VSS,Metal1,806.9465,20.8590,0.005784
TAP_TAPCELL_ROW_0_762,VSS,Metal1,825.9865,20.8590,0.005857
TAP_TAPCELL_ROW_0_763,VSS,Metal1,845.0265,20.8590,0.005930
TAP_TAPCELL_ROW_0_764,VSS,Metal1,864.0665,20.8590,0.005982
TAP_TAPCELL_ROW_0_765,VSS,Metal1,883.1065,20.8590,0.006034
TAP_TAPCELL_ROW_0_766,VSS,Metal1,902.1465,20.8590,0.006107
TAP_TAPCELL_ROW_0_767,VSS,Metal1,921.1865,20.8590,0.006159
TAP_TAPCELL_ROW_0_768,VSS,Metal1,940.2265,20.8590,0.006211
TAP_TAPCELL_ROW_0_769,VSS,Metal1,959.2665,20.8590,0.006243
TAP_TAPCELL_ROW_0_770,VSS,Metal1,978.3065,20.8590,0.006246
TAP_TAPCELL_ROW_0_771,VSS,Metal1,997.3465,20.8590,0.006249
TAP_TAPCELL_ROW_0_772,VSS,Metal1,1016.3865,20.8590,0.006251
TAP_TAPCELL_ROW_0_773,VSS,Metal1,1035.4265,20.8590,0.006252
TAP_TAPCELL_ROW_0_774,VSS,Metal1,1054.4665,20.8590,0.006253
TAP_TAPCELL_ROW_0_775,VSS,Metal1,1073.5065,20.8590,0.006253
TAP_TAPCELL_ROW_1_776,VSS,Metal1,46.4665,29.5405,0.006628
TAP_TAPCELL_ROW_1_777,VSS,Metal1,85.6665,29.5405,0.006621
TAP_TAPCELL_ROW_1_778,VSS,Metal1,124.8665,29.5405,0.006523
TAP_TAPCELL_ROW_1_779,VSS,Metal1,164.0665,29.5405,0.006483
TAP_TAPCELL_ROW_1_780,VSS,Metal1,203.2665,29.5405,0.006365
TAP_TAPCELL_ROW_1_781,VSS,Metal1,242.4665,29.5405,0.006314
TAP_TAPCELL_ROW_1_782,VSS,Metal1,281.6665,29.5405,0.006245
TAP_TAPCELL_ROW_1_783,VSS,Metal1,320.8665,29.5405,0.006115
TAP_TAPCELL_ROW_1_784,VSS,Metal1,360.0665,29.5405,0.005806
TAP_TAPCELL_ROW_1_785,VSS,Metal1,399.2665,29.5405,0.005533
TAP_TAPCELL_ROW_1_786,VSS,Metal1,438.4665,29.5405,0.005327
TAP_TAPCELL_ROW_1_787,VSS,Metal1,477.6665,29.5405,0.005269
TAP_TAPCELL_ROW_1_788,VSS,Metal1,516.8665,29.5405,0.005351
TAP_TAPCELL_ROW_1_789,VSS,Metal1,556.0665,29.5405,0.005397
TAP_TAPCELL_ROW_1_790,VSS,Metal1,595.2665,29.5405,0.005459
TAP_TAPCELL_ROW_1_791,VSS,Metal1,634.4665,29.5405,0.005481
TAP_TAPCELL_ROW_1_792,VSS,Metal1,673.6665,29.5405,0.005523
TAP_TAPCELL_ROW_1_793,VSS,Metal1,712.8665,29.5405,0.005740
TAP_TAPCELL_ROW_1_794,VSS,Metal1,752.0665,29.5405,0.005792
TAP_TAPCELL_ROW_1_795,VSS,Metal1,791.2665,29.5405,0.005880
TAP_TAPCELL_ROW_1_796,VSS,Metal1,830.4665,29.5405,0.005919
TAP_TAPCELL_ROW_1_797,VSS,Metal1,869.6665,29.5405,0.005987
TAP_TAPCELL_ROW_1_798,VSS,Metal1,908.8665,29.5405,0.006148
TAP_TAPCELL_ROW_1_799,VSS,Metal1,948.0665,29.5405,0.006196
TAP_TAPCELL_ROW_1_800,VSS,Metal1,987.2665,29.5405,0.006231
TAP_TAPCELL_ROW_1_801,VSS,Metal1,1026.4665,29.5405,0.006239
TAP_TAPCELL_ROW_1_802,VSS,Metal1,1065.6665,29.5405,0.006281
TAP_TAPCELL_ROW_2_803,VSS,Metal1,26.8665,30.9390,0.006679
TAP_TAPCELL_ROW_2_804,VSS,Metal1,66.0665,30.9390,0.006623
TAP_TAPCELL_ROW_2_805,VSS,Metal1,105.2665,30.9390,0.006610
TAP_TAPCELL_ROW_2_806,VSS,Metal1,144.4665,30.9390,0.006486
TAP_TAPCELL_ROW_2_807,VSS,Metal1,183.6665,30.9390,0.006381
TAP_TAPCELL_ROW_2_808,VSS,Metal1,222.8665,30.9390,0.006328
TAP_TAPCELL_ROW_2_809,VSS,Metal1,262.0665,30.9390,0.006272
TAP_TAPCELL_ROW_2_810,VSS,Metal1,301.2665,30.9390,0.006226
TAP_TAPCELL_ROW_2_811,VSS,Metal1,340.4665,30.9390,0.005938
TAP_TAPCELL_ROW_2_812,VSS,Metal1,379.6665,30.9390,0.005615
TAP_TAPCELL_ROW_2_813,VSS,Metal1,418.8665,30.9390,0.005352
TAP_TAPCELL_ROW_2_814,VSS,Metal1,458.0665,30.9390,0.005281
TAP_TAPCELL_ROW_2_815,VSS,Metal1,497.2665,30.9390,0.005252
TAP_TAPCELL_ROW_2_816,VSS,Metal1,536.4665,30.9390,0.005365
TAP_TAPCELL_ROW_2_817,VSS,Metal1,575.6665,30.9390,0.005446
TAP_TAPCELL_ROW_2_818,VSS,Metal1,614.8665,30.9390,0.005478
TAP_TAPCELL_ROW_2_819,VSS,Metal1,654.0665,30.9390,0.005500
TAP_TAPCELL_ROW_2_820,VSS,Metal1,693.2665,30.9390,0.005558
TAP_TAPCELL_ROW_2_821,VSS,Metal1,732.4665,30.9390,0.005751
TAP_TAPCELL_ROW_2_822,VSS,Metal1,771.6665,30.9390,0.005864
TAP_TAPCELL_ROW_2_823,VSS,Metal1,810.8665,30.9390,0.005906
TAP_TAPCELL_ROW_2_824,VSS,Metal1,850.0665,30.9390,0.005958
TAP_TAPCELL_ROW_2_825,VSS,Metal1,889.2665,30.9390,0.006008
TAP_TAPCELL_ROW_2_826,VSS,Metal1,928.4665,30.9390,0.006171
TAP_TAPCELL_ROW_2_827,VSS,Metal1,967.6665,30.9390,0.006224
TAP_TAPCELL_ROW_2_828,VSS,Metal1,1006.8665,30.9390,0.006239
TAP_TAPCELL_ROW_2_829,VSS,Metal1,1046.0665,30.9390,0.006280
TAP_TAPCELL_ROW_3_830,VSS,Metal1,46.4665,39.6205,0.006734
TAP_TAPCELL_ROW_3_831,VSS,Metal1,85.6665,39.6205,0.006706
TAP_TAPCELL_ROW_3_832,VSS,Metal1,124.8665,39.6205,0.006672
TAP_TAPCELL_ROW_3_833,VSS,Metal1,164.0665,39.6205,0.006606
TAP_TAPCELL_ROW_3_834,VSS,Metal1,203.2665,39.6205,0.006341
TAP_TAPCELL_ROW_3_835,VSS,Metal1,242.4665,39.6205,0.006308
TAP_TAPCELL_ROW_3_836,VSS,Metal1,281.6665,39.6205,0.006243
TAP_TAPCELL_ROW_3_837,VSS,Metal1,320.8665,39.6205,0.006148
TAP_TAPCELL_ROW_3_838,VSS,Metal1,360.0665,39.6205,0.005878
TAP_TAPCELL_ROW_3_839,VSS,Metal1,399.2665,39.6205,0.005539
TAP_TAPCELL_ROW_3_840,VSS,Metal1,438.4665,39.6205,0.005267
TAP_TAPCELL_ROW_3_841,VSS,Metal1,477.6665,39.6205,0.005158
TAP_TAPCELL_ROW_3_842,VSS,Metal1,516.8665,39.6205,0.005149
TAP_TAPCELL_ROW_3_843,VSS,Metal1,556.0665,39.6205,0.005255
TAP_TAPCELL_ROW_3_844,VSS,Metal1,595.2665,39.6205,0.005278
TAP_TAPCELL_ROW_3_845,VSS,Metal1,634.4665,39.6205,0.005432
TAP_TAPCELL_ROW_3_846,VSS,Metal1,673.6665,39.6205,0.005597
TAP_TAPCELL_ROW_3_847,VSS,Metal1,712.8665,39.6205,0.005781
TAP_TAPCELL_ROW_3_848,VSS,Metal1,752.0665,39.6205,0.005855
TAP_TAPCELL_ROW_3_849,VSS,Metal1,791.2665,39.6205,0.005910
TAP_TAPCELL_ROW_3_850,VSS,Metal1,830.4665,39.6205,0.006043
TAP_TAPCELL_ROW_3_851,VSS,Metal1,869.6665,39.6205,0.006088
TAP_TAPCELL_ROW_3_852,VSS,Metal1,908.8665,39.6205,0.006160
TAP_TAPCELL_ROW_3_853,VSS,Metal1,948.0665,39.6205,0.006169
TAP_TAPCELL_ROW_3_854,VSS,Metal1,987.2665,39.6205,0.006269
TAP_TAPCELL_ROW_3_855,VSS,Metal1,1026.4665,39.6205,0.006276
TAP_TAPCELL_ROW_3_856,VSS,Metal1,1065.6665,39.6205,0.006280
TAP_TAPCELL_ROW_4_857,VSS,Metal1,26.8665,41.0190,0.006752
TAP_TAPCELL_ROW_4_858,VSS,Metal1,66.0665,41.0190,0.006715
TAP_TAPCELL_ROW_4_859,VSS,Metal1,105.2665,41.0190,0.006675
TAP_TAPCELL_ROW_4_860,VSS,Metal1,144.4665,41.0190,0.006663
TAP_TAPCELL_ROW_4_861,VSS,Metal1,183.6665,41.0190,0.006538
TAP_TAPCELL_ROW_4_862,VSS,Metal1,222.8665,41.0190,0.006330
TAP_TAPCELL_ROW_4_863,VSS,Metal1,262.0665,41.0190,0.006255
TAP_TAPCELL_ROW_4_864,VSS,Metal1,301.2665,41.0190,0.006197
TAP_TAPCELL_ROW_4_865,VSS,Metal1,340.4665,41.0190,0.006040
TAP_TAPCELL_ROW_4_866,VSS,Metal1,379.6665,41.0190,0.005681
TAP_TAPCELL_ROW_4_867,VSS,Metal1,418.8665,41.0190,0.005421
TAP_TAPCELL_ROW_4_868,VSS,Metal1,458.0665,41.0190,0.005203
TAP_TAPCELL_ROW_4_869,VSS,Metal1,497.2665,41.0190,0.005124
TAP_TAPCELL_ROW_4_870,VSS,Metal1,536.4665,41.0190,0.005229
TAP_TAPCELL_ROW_4_871,VSS,Metal1,575.6665,41.0190,0.005276
TAP_TAPCELL_ROW_4_872,VSS,Metal1,614.8665,41.0190,0.005288
TAP_TAPCELL_ROW_4_873,VSS,Metal1,654.0665,41.0190,0.005442
TAP_TAPCELL_ROW_4_874,VSS,Metal1,693.2665,41.0190,0.005613
TAP_TAPCELL_ROW_4_875,VSS,Metal1,732.4665,41.0190,0.005799
TAP_TAPCELL_ROW_4_876,VSS,Metal1,771.6665,41.0190,0.005871
TAP_TAPCELL_ROW_4_877,VSS,Metal1,810.8665,41.0190,0.005937
TAP_TAPCELL_ROW_4_878,VSS,Metal1,850.0665,41.0190,0.006054
TAP_TAPCELL_ROW_4_879,VSS,Metal1,889.2665,41.0190,0.006098
TAP_TAPCELL_ROW_4_880,VSS,Metal1,928.4665,41.0190,0.006162
TAP_TAPCELL_ROW_4_881,VSS,Metal1,967.6665,41.0190,0.006183
TAP_TAPCELL_ROW_4_882,VSS,Metal1,1006.8665,41.0190,0.006271
TAP_TAPCELL_ROW_4_883,VSS,Metal1,1046.0665,41.0190,0.006277
TAP_TAPCELL_ROW_5_884,VSS,Metal1,46.4665,49.7005,0.006821
TAP_TAPCELL_ROW_5_885,VSS,Metal1,85.6665,49.7005,0.006806
TAP_TAPCELL_ROW_5_886,VSS,Metal1,124.8665,49.7005,0.006789
TAP_TAPCELL_ROW_5_887,VSS,Metal1,164.0665,49.7005,0.006671
TAP_TAPCELL_ROW_5_888,VSS,Metal1,203.2665,49.7005,0.006637
TAP_TAPCELL_ROW_5_889,VSS,Metal1,242.4665,49.7005,0.006571
TAP_TAPCELL_ROW_5_890,VSS,Metal1,281.6665,49.7005,0.006419
TAP_TAPCELL_ROW_5_891,VSS,Metal1,320.8665,49.7005,0.006249
TAP_TAPCELL_ROW_5_892,VSS,Metal1,360.0665,49.7005,0.005989
TAP_TAPCELL_ROW_5_893,VSS,Metal1,399.2665,49.7005,0.005841
TAP_TAPCELL_ROW_5_894,VSS,Metal1,438.4665,49.7005,0.005525
TAP_TAPCELL_ROW_5_895,VSS,Metal1,477.6665,49.7005,0.005372
TAP_TAPCELL_ROW_5_896,VSS,Metal1,516.8665,49.7005,0.005167
TAP_TAPCELL_ROW_5_897,VSS,Metal1,556.0665,49.7005,0.005210
TAP_TAPCELL_ROW_5_898,VSS,Metal1,595.2665,49.7005,0.005250
TAP_TAPCELL_ROW_5_899,VSS,Metal1,634.4665,49.7005,0.005303
TAP_TAPCELL_ROW_5_900,VSS,Metal1,673.6665,49.7005,0.005598
TAP_TAPCELL_ROW_5_901,VSS,Metal1,712.8665,49.7005,0.005714
TAP_TAPCELL_ROW_5_902,VSS,Metal1,752.0665,49.7005,0.005893
TAP_TAPCELL_ROW_5_903,VSS,Metal1,791.2665,49.7005,0.006171
TAP_TAPCELL_ROW_5_904,VSS,Metal1,830.4665,49.7005,0.006499
TAP_TAPCELL_ROW_5_905,VSS,Metal1,869.6665,49.7005,0.006568
TAP_TAPCELL_ROW_5_906,VSS,Metal1,908.8665,49.7005,0.006608
TAP_TAPCELL_ROW_5_907,VSS,Metal1,948.0665,49.7005,0.006650
TAP_TAPCELL_ROW_5_908,VSS,Metal1,987.2665,49.7005,0.006677
TAP_TAPCELL_ROW_5_909,VSS,Metal1,1026.4665,49.7005,0.006790
TAP_TAPCELL_ROW_5_910,VSS,Metal1,1065.6665,49.7005,0.006865
TAP_TAPCELL_ROW_6_911,VSS,Metal1,26.8665,51.0990,0.006822
TAP_TAPCELL_ROW_6_912,VSS,Metal1,66.0665,51.0990,0.006818
TAP_TAPCELL_ROW_6_913,VSS,Metal1,105.2665,51.0990,0.006803
TAP_TAPCELL_ROW_6_914,VSS,Metal1,144.4665,51.0990,0.006762
TAP_TAPCELL_ROW_6_915,VSS,Metal1,183.6665,51.0990,0.006658
TAP_TAPCELL_ROW_6_916,VSS,Metal1,222.8665,51.0990,0.006573
TAP_TAPCELL_ROW_6_917,VSS,Metal1,262.0665,51.0990,0.006441
TAP_TAPCELL_ROW_6_918,VSS,Metal1,301.2665,51.0990,0.006329
TAP_TAPCELL_ROW_6_919,VSS,Metal1,340.4665,51.0990,0.006080
TAP_TAPCELL_ROW_6_920,VSS,Metal1,379.6665,51.0990,0.005879
TAP_TAPCELL_ROW_6_921,VSS,Metal1,418.8665,51.0990,0.005680
TAP_TAPCELL_ROW_6_922,VSS,Metal1,458.0665,51.0990,0.005458
TAP_TAPCELL_ROW_6_923,VSS,Metal1,497.2665,51.0990,0.005113
TAP_TAPCELL_ROW_6_924,VSS,Metal1,536.4665,51.0990,0.005173
TAP_TAPCELL_ROW_6_925,VSS,Metal1,575.6665,51.0990,0.005227
TAP_TAPCELL_ROW_6_926,VSS,Metal1,614.8665,51.0990,0.005302
TAP_TAPCELL_ROW_6_927,VSS,Metal1,654.0665,51.0990,0.005341
TAP_TAPCELL_ROW_6_928,VSS,Metal1,693.2665,51.0990,0.005641
TAP_TAPCELL_ROW_6_929,VSS,Metal1,732.4665,51.0990,0.005870
TAP_TAPCELL_ROW_6_930,VSS,Metal1,771.6665,51.0990,0.006061
TAP_TAPCELL_ROW_6_931,VSS,Metal1,810.8665,51.0990,0.006230
TAP_TAPCELL_ROW_6_932,VSS,Metal1,850.0665,51.0990,0.006536
TAP_TAPCELL_ROW_6_933,VSS,Metal1,889.2665,51.0990,0.006590
TAP_TAPCELL_ROW_6_934,VSS,Metal1,928.4665,51.0990,0.006623
TAP_TAPCELL_ROW_6_935,VSS,Metal1,967.6665,51.0990,0.006659
TAP_TAPCELL_ROW_6_936,VSS,Metal1,1006.8665,51.0990,0.006711
TAP_TAPCELL_ROW_6_937,VSS,Metal1,1046.0665,51.0990,0.006864
TAP_TAPCELL_ROW_7_938,VSS,Metal1,46.4665,59.7805,0.006874
TAP_TAPCELL_ROW_7_939,VSS,Metal1,85.6665,59.7805,0.006861
TAP_TAPCELL_ROW_7_940,VSS,Metal1,124.8665,59.7805,0.006856
TAP_TAPCELL_ROW_7_941,VSS,Metal1,164.0665,59.7805,0.006674
TAP_TAPCELL_ROW_7_942,VSS,Metal1,203.2665,59.7805,0.006610
TAP_TAPCELL_ROW_7_943,VSS,Metal1,242.4665,59.7805,0.006467
TAP_TAPCELL_ROW_7_944,VSS,Metal1,281.6665,59.7805,0.006381
TAP_TAPCELL_ROW_7_945,VSS,Metal1,320.8665,59.7805,0.006263
TAP_TAPCELL_ROW_7_946,VSS,Metal1,360.0665,59.7805,0.006085
TAP_TAPCELL_ROW_7_947,VSS,Metal1,399.2665,59.7805,0.005903
TAP_TAPCELL_ROW_7_948,VSS,Metal1,438.4665,59.7805,0.005681
TAP_TAPCELL_ROW_7_949,VSS,Metal1,477.6665,59.7805,0.005521
TAP_TAPCELL_ROW_7_950,VSS,Metal1,516.8665,59.7805,0.005478
TAP_TAPCELL_ROW_7_951,VSS,Metal1,556.0665,59.7805,0.005477
TAP_TAPCELL_ROW_7_952,VSS,Metal1,595.2665,59.7805,0.005468
TAP_TAPCELL_ROW_7_953,VSS,Metal1,634.4665,59.7805,0.005455
TAP_TAPCELL_ROW_7_954,VSS,Metal1,673.6665,59.7805,0.005967
TAP_TAPCELL_ROW_7_955,VSS,Metal1,712.8665,59.7805,0.006123
TAP_TAPCELL_ROW_7_956,VSS,Metal1,752.0665,59.7805,0.006188
TAP_TAPCELL_ROW_7_957,VSS,Metal1,791.2665,59.7805,0.006262
TAP_TAPCELL_ROW_7_958,VSS,Metal1,830.4665,59.7805,0.006518
TAP_TAPCELL_ROW_7_959,VSS,Metal1,869.6665,59.7805,0.006681
TAP_TAPCELL_ROW_7_960,VSS,Metal1,908.8665,59.7805,0.006714
TAP_TAPCELL_ROW_7_961,VSS,Metal1,948.0665,59.7805,0.006853
TAP_TAPCELL_ROW_7_962,VSS,Metal1,987.2665,59.7805,0.006899
TAP_TAPCELL_ROW_7_963,VSS,Metal1,1026.4665,59.7805,0.006914
TAP_TAPCELL_ROW_7_964,VSS,Metal1,1065.6665,59.7805,0.006932
TAP_TAPCELL_ROW_8_965,VSS,Metal1,26.8665,61.1790,0.006875
TAP_TAPCELL_ROW_8_966,VSS,Metal1,66.0665,61.1790,0.006872
TAP_TAPCELL_ROW_8_967,VSS,Metal1,105.2665,61.1790,0.006859
TAP_TAPCELL_ROW_8_968,VSS,Metal1,144.4665,61.1790,0.006819
TAP_TAPCELL_ROW_8_969,VSS,Metal1,183.6665,61.1790,0.006631
TAP_TAPCELL_ROW_8_970,VSS,Metal1,222.8665,61.1790,0.006514
TAP_TAPCELL_ROW_8_971,VSS,Metal1,262.0665,61.1790,0.006382
TAP_TAPCELL_ROW_8_972,VSS,Metal1,301.2665,61.1790,0.006319
TAP_TAPCELL_ROW_8_973,VSS,Metal1,340.4665,61.1790,0.006134
TAP_TAPCELL_ROW_8_974,VSS,Metal1,379.6665,61.1790,0.006015
TAP_TAPCELL_ROW_8_975,VSS,Metal1,418.8665,61.1790,0.005842
TAP_TAPCELL_ROW_8_976,VSS,Metal1,458.0665,61.1790,0.005632
TAP_TAPCELL_ROW_8_977,VSS,Metal1,497.2665,61.1790,0.005476
TAP_TAPCELL_ROW_8_978,VSS,Metal1,536.4665,61.1790,0.005478
TAP_TAPCELL_ROW_8_979,VSS,Metal1,575.6665,61.1790,0.005469
TAP_TAPCELL_ROW_8_980,VSS,Metal1,614.8665,61.1790,0.005464
TAP_TAPCELL_ROW_8_981,VSS,Metal1,654.0665,61.1790,0.005869
TAP_TAPCELL_ROW_8_982,VSS,Metal1,693.2665,61.1790,0.006030
TAP_TAPCELL_ROW_8_983,VSS,Metal1,732.4665,61.1790,0.006156
TAP_TAPCELL_ROW_8_984,VSS,Metal1,771.6665,61.1790,0.006239
TAP_TAPCELL_ROW_8_985,VSS,Metal1,810.8665,61.1790,0.006396
TAP_TAPCELL_ROW_8_986,VSS,Metal1,850.0665,61.1790,0.006609
TAP_TAPCELL_ROW_8_987,VSS,Metal1,889.2665,61.1790,0.006710
TAP_TAPCELL_ROW_8_988,VSS,Metal1,928.4665,61.1790,0.006843
TAP_TAPCELL_ROW_8_989,VSS,Metal1,967.6665,61.1790,0.006871
TAP_TAPCELL_ROW_8_990,VSS,Metal1,1006.8665,61.1790,0.006910
TAP_TAPCELL_ROW_8_991,VSS,Metal1,1046.0665,61.1790,0.006928
TAP_TAPCELL_ROW_9_992,VSS,Metal1,46.4665,69.8605,0.006891
TAP_TAPCELL_ROW_9_993,VSS,Metal1,85.6665,69.8605,0.006877
TAP_TAPCELL_ROW_9_994,VSS,Metal1,124.8665,69.8605,0.006846
TAP_TAPCELL_ROW_9_995,VSS,Metal1,164.0665,69.8605,0.006769
TAP_TAPCELL_ROW_9_996,VSS,Metal1,203.2665,69.8605,0.006701
TAP_TAPCELL_ROW_9_997,VSS,Metal1,242.4665,69.8605,0.006528
TAP_TAPCELL_ROW_9_998,VSS,Metal1,281.6665,69.8605,0.006418
TAP_TAPCELL_ROW_9_999,VSS,Metal1,320.8665,69.8605,0.006330
TAP_TAPCELL_ROW_9_1000,VSS,Metal1,360.0665,69.8605,0.006259
TAP_TAPCELL_ROW_9_1001,VSS,Metal1,399.2665,69.8605,0.006169
TAP_TAPCELL_ROW_9_1002,VSS,Metal1,438.4665,69.8605,0.006041
TAP_TAPCELL_ROW_9_1003,VSS,Metal1,477.6665,69.8605,0.005821
TAP_TAPCELL_ROW_9_1004,VSS,Metal1,516.8665,69.8605,0.005788
TAP_TAPCELL_ROW_9_1005,VSS,Metal1,556.0665,69.8605,0.005863
TAP_TAPCELL_ROW_9_1006,VSS,Metal1,595.2665,69.8605,0.005875
TAP_TAPCELL_ROW_9_1007,VSS,Metal1,634.4665,69.8605,0.005859
TAP_TAPCELL_ROW_9_1008,VSS,Metal1,673.6665,69.8605,0.006047
TAP_TAPCELL_ROW_9_1009,VSS,Metal1,712.8665,69.8605,0.006115
TAP_TAPCELL_ROW_9_1010,VSS,Metal1,752.0665,69.8605,0.006236
TAP_TAPCELL_ROW_9_1011,VSS,Metal1,791.2665,69.8605,0.006319
TAP_TAPCELL_ROW_9_1012,VSS,Metal1,830.4665,69.8605,0.006503
TAP_TAPCELL_ROW_9_1013,VSS,Metal1,869.6665,69.8605,0.006568
TAP_TAPCELL_ROW_9_1014,VSS,Metal1,908.8665,69.8605,0.006658
TAP_TAPCELL_ROW_9_1015,VSS,Metal1,948.0665,69.8605,0.006702
TAP_TAPCELL_ROW_9_1016,VSS,Metal1,987.2665,69.8605,0.006714
TAP_TAPCELL_ROW_9_1017,VSS,Metal1,1026.4665,69.8605,0.006731
TAP_TAPCELL_ROW_9_1018,VSS,Metal1,1065.6665,69.8605,0.006746
TAP_TAPCELL_ROW_10_1019,VSS,Metal1,26.8665,71.2590,0.006898
TAP_TAPCELL_ROW_10_1020,VSS,Metal1,66.0665,71.2590,0.006880
TAP_TAPCELL_ROW_10_1021,VSS,Metal1,105.2665,71.2590,0.006852
TAP_TAPCELL_ROW_10_1022,VSS,Metal1,144.4665,71.2590,0.006793
TAP_TAPCELL_ROW_10_1023,VSS,Metal1,183.6665,71.2590,0.006742
TAP_TAPCELL_ROW_10_1024,VSS,Metal1,222.8665,71.2590,0.006604
TAP_TAPCELL_ROW_10_1025,VSS,Metal1,262.0665,71.2590,0.006482
TAP_TAPCELL_ROW_10_1026,VSS,Metal1,301.2665,71.2590,0.006374
TAP_TAPCELL_ROW_10_1027,VSS,Metal1,340.4665,71.2590,0.006272
TAP_TAPCELL_ROW_10_1028,VSS,Metal1,379.6665,71.2590,0.006182
TAP_TAPCELL_ROW_10_1029,VSS,Metal1,418.8665,71.2590,0.006130
TAP_TAPCELL_ROW_10_1030,VSS,Metal1,458.0665,71.2590,0.005893
TAP_TAPCELL_ROW_10_1031,VSS,Metal1,497.2665,71.2590,0.005780
TAP_TAPCELL_ROW_10_1032,VSS,Metal1,536.4665,71.2590,0.005842
TAP_TAPCELL_ROW_10_1033,VSS,Metal1,575.6665,71.2590,0.005874
TAP_TAPCELL_ROW_10_1034,VSS,Metal1,614.8665,71.2590,0.005865
TAP_TAPCELL_ROW_10_1035,VSS,Metal1,654.0665,71.2590,0.005982
TAP_TAPCELL_ROW_10_1036,VSS,Metal1,693.2665,71.2590,0.006073
TAP_TAPCELL_ROW_10_1037,VSS,Metal1,732.4665,71.2590,0.006161
TAP_TAPCELL_ROW_10_1038,VSS,Metal1,771.6665,71.2590,0.006256
TAP_TAPCELL_ROW_10_1039,VSS,Metal1,810.8665,71.2590,0.006430
TAP_TAPCELL_ROW_10_1040,VSS,Metal1,850.0665,71.2590,0.006522
TAP_TAPCELL_ROW_10_1041,VSS,Metal1,889.2665,71.2590,0.006570
TAP_TAPCELL_ROW_10_1042,VSS,Metal1,928.4665,71.2590,0.006677
TAP_TAPCELL_ROW_10_1043,VSS,Metal1,967.6665,71.2590,0.006710
TAP_TAPCELL_ROW_10_1044,VSS,Metal1,1006.8665,71.2590,0.006725
TAP_TAPCELL_ROW_10_1045,VSS,Metal1,1046.0665,71.2590,0.006732
TAP_TAPCELL_ROW_11_1046,VSS,Metal1,46.4665,79.9405,0.007057
TAP_TAPCELL_ROW_11_1047,VSS,Metal1,85.6665,79.9405,0.007055
TAP_TAPCELL_ROW_11_1048,VSS,Metal1,124.8665,79.9405,0.007031
TAP_TAPCELL_ROW_11_1049,VSS,Metal1,164.0665,79.9405,0.006980
TAP_TAPCELL_ROW_11_1050,VSS,Metal1,203.2665,79.9405,0.006900
TAP_TAPCELL_ROW_11_1051,VSS,Metal1,242.4665,79.9405,0.006751
TAP_TAPCELL_ROW_11_1052,VSS,Metal1,281.6665,79.9405,0.006656
TAP_TAPCELL_ROW_11_1053,VSS,Metal1,320.8665,79.9405,0.006606
TAP_TAPCELL_ROW_11_1054,VSS,Metal1,360.0665,79.9405,0.006364
TAP_TAPCELL_ROW_11_1055,VSS,Metal1,399.2665,79.9405,0.006361
TAP_TAPCELL_ROW_11_1056,VSS,Metal1,438.4665,79.9405,0.006088
TAP_TAPCELL_ROW_11_1057,VSS,Metal1,477.6665,79.9405,0.005911
TAP_TAPCELL_ROW_11_1058,VSS,Metal1,516.8665,79.9405,0.005911
TAP_TAPCELL_ROW_11_1059,VSS,Metal1,556.0665,79.9405,0.005911
TAP_TAPCELL_ROW_11_1060,VSS,Metal1,595.2665,79.9405,0.005909
TAP_TAPCELL_ROW_11_1061,VSS,Metal1,634.4665,79.9405,0.005891
TAP_TAPCELL_ROW_11_1062,VSS,Metal1,673.6665,79.9405,0.006029
TAP_TAPCELL_ROW_11_1063,VSS,Metal1,712.8665,79.9405,0.006222
TAP_TAPCELL_ROW_11_1064,VSS,Metal1,752.0665,79.9405,0.006348
TAP_TAPCELL_ROW_11_1065,VSS,Metal1,791.2665,79.9405,0.006452
TAP_TAPCELL_ROW_11_1066,VSS,Metal1,830.4665,79.9405,0.006717
TAP_TAPCELL_ROW_11_1067,VSS,Metal1,869.6665,79.9405,0.006847
TAP_TAPCELL_ROW_11_1068,VSS,Metal1,908.8665,79.9405,0.006914
TAP_TAPCELL_ROW_11_1069,VSS,Metal1,948.0665,79.9405,0.006966
TAP_TAPCELL_ROW_11_1070,VSS,Metal1,987.2665,79.9405,0.006993
TAP_TAPCELL_ROW_11_1071,VSS,Metal1,1026.4665,79.9405,0.006997
TAP_TAPCELL_ROW_11_1072,VSS,Metal1,1065.6665,79.9405,0.007000
TAP_TAPCELL_ROW_12_1073,VSS,Metal1,26.8665,81.3390,0.007056
TAP_TAPCELL_ROW_12_1074,VSS,Metal1,66.0665,81.3390,0.007057
TAP_TAPCELL_ROW_12_1075,VSS,Metal1,105.2665,81.3390,0.007040
TAP_TAPCELL_ROW_12_1076,VSS,Metal1,144.4665,81.3390,0.007030
TAP_TAPCELL_ROW_12_1077,VSS,Metal1,183.6665,81.3390,0.006910
TAP_TAPCELL_ROW_12_1078,VSS,Metal1,222.8665,81.3390,0.006806
TAP_TAPCELL_ROW_12_1079,VSS,Metal1,262.0665,81.3390,0.006730
TAP_TAPCELL_ROW_12_1080,VSS,Metal1,301.2665,81.3390,0.006656
TAP_TAPCELL_ROW_12_1081,VSS,Metal1,340.4665,81.3390,0.006494
TAP_TAPCELL_ROW_12_1082,VSS,Metal1,379.6665,81.3390,0.006363
TAP_TAPCELL_ROW_12_1083,VSS,Metal1,418.8665,81.3390,0.006245
TAP_TAPCELL_ROW_12_1084,VSS,Metal1,458.0665,81.3390,0.005959
TAP_TAPCELL_ROW_12_1085,VSS,Metal1,497.2665,81.3390,0.005910
TAP_TAPCELL_ROW_12_1086,VSS,Metal1,536.4665,81.3390,0.005911
TAP_TAPCELL_ROW_12_1087,VSS,Metal1,575.6665,81.3390,0.005912
TAP_TAPCELL_ROW_12_1088,VSS,Metal1,614.8665,81.3390,0.005901
TAP_TAPCELL_ROW_12_1089,VSS,Metal1,654.0665,81.3390,0.005903
TAP_TAPCELL_ROW_12_1090,VSS,Metal1,693.2665,81.3390,0.006109
TAP_TAPCELL_ROW_12_1091,VSS,Metal1,732.4665,81.3390,0.006306
TAP_TAPCELL_ROW_12_1092,VSS,Metal1,771.6665,81.3390,0.006393
TAP_TAPCELL_ROW_12_1093,VSS,Metal1,810.8665,81.3390,0.006656
TAP_TAPCELL_ROW_12_1094,VSS,Metal1,850.0665,81.3390,0.006760
TAP_TAPCELL_ROW_12_1095,VSS,Metal1,889.2665,81.3390,0.006861
TAP_TAPCELL_ROW_12_1096,VSS,Metal1,928.4665,81.3390,0.006971
TAP_TAPCELL_ROW_12_1097,VSS,Metal1,967.6665,81.3390,0.006970
TAP_TAPCELL_ROW_12_1098,VSS,Metal1,1006.8665,81.3390,0.006994
TAP_TAPCELL_ROW_12_1099,VSS,Metal1,1046.0665,81.3390,0.007000
TAP_TAPCELL_ROW_13_1100,VSS,Metal1,46.4665,90.0205,0.007157
TAP_TAPCELL_ROW_13_1101,VSS,Metal1,85.6665,90.0205,0.007186
TAP_TAPCELL_ROW_13_1102,VSS,Metal1,124.8665,90.0205,0.007189
TAP_TAPCELL_ROW_13_1103,VSS,Metal1,164.0665,90.0205,0.007104
TAP_TAPCELL_ROW_13_1104,VSS,Metal1,203.2665,90.0205,0.006956
TAP_TAPCELL_ROW_13_1105,VSS,Metal1,242.4665,90.0205,0.006870
TAP_TAPCELL_ROW_13_1106,VSS,Metal1,281.6665,90.0205,0.006763
TAP_TAPCELL_ROW_13_1107,VSS,Metal1,320.8665,90.0205,0.006718
TAP_TAPCELL_ROW_13_1108,VSS,Metal1,360.0665,90.0205,0.006614
TAP_TAPCELL_ROW_13_1109,VSS,Metal1,399.2665,90.0205,0.006486
TAP_TAPCELL_ROW_13_1110,VSS,Metal1,438.4665,90.0205,0.006417
TAP_TAPCELL_ROW_13_1111,VSS,Metal1,477.6665,90.0205,0.006276
TAP_TAPCELL_ROW_13_1112,VSS,Metal1,516.8665,90.0205,0.006278
TAP_TAPCELL_ROW_13_1113,VSS,Metal1,556.0665,90.0205,0.006256
TAP_TAPCELL_ROW_13_1114,VSS,Metal1,595.2665,90.0205,0.006223
TAP_TAPCELL_ROW_13_1115,VSS,Metal1,634.4665,90.0205,0.006189
TAP_TAPCELL_ROW_13_1116,VSS,Metal1,673.6665,90.0205,0.006401
TAP_TAPCELL_ROW_13_1117,VSS,Metal1,712.8665,90.0205,0.006462
TAP_TAPCELL_ROW_13_1118,VSS,Metal1,752.0665,90.0205,0.006542
TAP_TAPCELL_ROW_13_1119,VSS,Metal1,791.2665,90.0205,0.006599
TAP_TAPCELL_ROW_13_1120,VSS,Metal1,830.4665,90.0205,0.006618
TAP_TAPCELL_ROW_13_1121,VSS,Metal1,869.6665,90.0205,0.006689
TAP_TAPCELL_ROW_13_1122,VSS,Metal1,908.8665,90.0205,0.006808
TAP_TAPCELL_ROW_13_1123,VSS,Metal1,948.0665,90.0205,0.006857
TAP_TAPCELL_ROW_13_1124,VSS,Metal1,987.2665,90.0205,0.006869
TAP_TAPCELL_ROW_13_1125,VSS,Metal1,1026.4665,90.0205,0.006885
TAP_TAPCELL_ROW_13_1126,VSS,Metal1,1065.6665,90.0205,0.006890
TAP_TAPCELL_ROW_14_1127,VSS,Metal1,26.8665,91.4190,0.007132
TAP_TAPCELL_ROW_14_1128,VSS,Metal1,66.0665,91.4190,0.007186
TAP_TAPCELL_ROW_14_1129,VSS,Metal1,105.2665,91.4190,0.007190
TAP_TAPCELL_ROW_14_1130,VSS,Metal1,144.4665,91.4190,0.007180
TAP_TAPCELL_ROW_14_1131,VSS,Metal1,183.6665,91.4190,0.007030
TAP_TAPCELL_ROW_14_1132,VSS,Metal1,222.8665,91.4190,0.006878
TAP_TAPCELL_ROW_14_1133,VSS,Metal1,262.0665,91.4190,0.006844
TAP_TAPCELL_ROW_14_1134,VSS,Metal1,301.2665,91.4190,0.006740
TAP_TAPCELL_ROW_14_1135,VSS,Metal1,340.4665,91.4190,0.006619
TAP_TAPCELL_ROW_14_1136,VSS,Metal1,379.6665,91.4190,0.006517
TAP_TAPCELL_ROW_14_1137,VSS,Metal1,418.8665,91.4190,0.006424
TAP_TAPCELL_ROW_14_1138,VSS,Metal1,458.0665,91.4190,0.006408
TAP_TAPCELL_ROW_14_1139,VSS,Metal1,497.2665,91.4190,0.006280
TAP_TAPCELL_ROW_14_1140,VSS,Metal1,536.4665,91.4190,0.006277
TAP_TAPCELL_ROW_14_1141,VSS,Metal1,575.6665,91.4190,0.006243
TAP_TAPCELL_ROW_14_1142,VSS,Metal1,614.8665,91.4190,0.006204
TAP_TAPCELL_ROW_14_1143,VSS,Metal1,654.0665,91.4190,0.006299
TAP_TAPCELL_ROW_14_1144,VSS,Metal1,693.2665,91.4190,0.006421
TAP_TAPCELL_ROW_14_1145,VSS,Metal1,732.4665,91.4190,0.006496
TAP_TAPCELL_ROW_14_1146,VSS,Metal1,771.6665,91.4190,0.006567
TAP_TAPCELL_ROW_14_1147,VSS,Metal1,810.8665,91.4190,0.006616
TAP_TAPCELL_ROW_14_1148,VSS,Metal1,850.0665,91.4190,0.006689
TAP_TAPCELL_ROW_14_1149,VSS,Metal1,889.2665,91.4190,0.006761
TAP_TAPCELL_ROW_14_1150,VSS,Metal1,928.4665,91.4190,0.006846
TAP_TAPCELL_ROW_14_1151,VSS,Metal1,967.6665,91.4190,0.006868
TAP_TAPCELL_ROW_14_1152,VSS,Metal1,1006.8665,91.4190,0.006885
TAP_TAPCELL_ROW_14_1153,VSS,Metal1,1046.0665,91.4190,0.006888
TAP_TAPCELL_ROW_15_1154,VSS,Metal1,46.4665,100.1005,0.007002
TAP_TAPCELL_ROW_15_1155,VSS,Metal1,85.6665,100.1005,0.006969
TAP_TAPCELL_ROW_15_1156,VSS,Metal1,124.8665,100.1005,0.006952
TAP_TAPCELL_ROW_15_1157,VSS,Metal1,164.0665,100.1005,0.006919
TAP_TAPCELL_ROW_15_1158,VSS,Metal1,203.2665,100.1005,0.006885
TAP_TAPCELL_ROW_15_1159,VSS,Metal1,242.4665,100.1005,0.006821
TAP_TAPCELL_ROW_15_1160,VSS,Metal1,281.6665,100.1005,0.006771
TAP_TAPCELL_ROW_15_1161,VSS,Metal1,320.8665,100.1005,0.006727
TAP_TAPCELL_ROW_15_1162,VSS,Metal1,360.0665,100.1005,0.006621
TAP_TAPCELL_ROW_15_1163,VSS,Metal1,399.2665,100.1005,0.006543
TAP_TAPCELL_ROW_15_1164,VSS,Metal1,438.4665,100.1005,0.006488
TAP_TAPCELL_ROW_15_1165,VSS,Metal1,477.6665,100.1005,0.006372
TAP_TAPCELL_ROW_15_1166,VSS,Metal1,516.8665,100.1005,0.006351
TAP_TAPCELL_ROW_15_1167,VSS,Metal1,556.0665,100.1005,0.006345
TAP_TAPCELL_ROW_15_1168,VSS,Metal1,595.2665,100.1005,0.006221
TAP_TAPCELL_ROW_15_1169,VSS,Metal1,634.4665,100.1005,0.006189
TAP_TAPCELL_ROW_15_1170,VSS,Metal1,673.6665,100.1005,0.006240
TAP_TAPCELL_ROW_15_1171,VSS,Metal1,712.8665,100.1005,0.006386
TAP_TAPCELL_ROW_15_1172,VSS,Metal1,752.0665,100.1005,0.006533
TAP_TAPCELL_ROW_15_1173,VSS,Metal1,791.2665,100.1005,0.006598
TAP_TAPCELL_ROW_15_1174,VSS,Metal1,830.4665,100.1005,0.006652
TAP_TAPCELL_ROW_15_1175,VSS,Metal1,869.6665,100.1005,0.006708
TAP_TAPCELL_ROW_15_1176,VSS,Metal1,908.8665,100.1005,0.006817
TAP_TAPCELL_ROW_15_1177,VSS,Metal1,948.0665,100.1005,0.006905
TAP_TAPCELL_ROW_15_1178,VSS,Metal1,987.2665,100.1005,0.006911
TAP_TAPCELL_ROW_15_1179,VSS,Metal1,1026.4665,100.1005,0.006935
TAP_TAPCELL_ROW_15_1180,VSS,Metal1,1065.6665,100.1005,0.006961
TAP_TAPCELL_ROW_16_1181,VSS,Metal1,26.8665,101.4990,0.007030
TAP_TAPCELL_ROW_16_1182,VSS,Metal1,66.0665,101.4990,0.006981
TAP_TAPCELL_ROW_16_1183,VSS,Metal1,105.2665,101.4990,0.006965
TAP_TAPCELL_ROW_16_1184,VSS,Metal1,144.4665,101.4990,0.006920
TAP_TAPCELL_ROW_16_1185,VSS,Metal1,183.6665,101.4990,0.006915
TAP_TAPCELL_ROW_16_1186,VSS,Metal1,222.8665,101.4990,0.006877
TAP_TAPCELL_ROW_16_1187,VSS,Metal1,262.0665,101.4990,0.006788
TAP_TAPCELL_ROW_16_1188,VSS,Metal1,301.2665,101.4990,0.006730
TAP_TAPCELL_ROW_16_1189,VSS,Metal1,340.4665,101.4990,0.006650
TAP_TAPCELL_ROW_16_1190,VSS,Metal1,379.6665,101.4990,0.006553
TAP_TAPCELL_ROW_16_1191,VSS,Metal1,418.8665,101.4990,0.006515
TAP_TAPCELL_ROW_16_1192,VSS,Metal1,458.0665,101.4990,0.006473
TAP_TAPCELL_ROW_16_1193,VSS,Metal1,497.2665,101.4990,0.006352
TAP_TAPCELL_ROW_16_1194,VSS,Metal1,536.4665,101.4990,0.006349
TAP_TAPCELL_ROW_16_1195,VSS,Metal1,575.6665,101.4990,0.006344
TAP_TAPCELL_ROW_16_1196,VSS,Metal1,614.8665,101.4990,0.006203
TAP_TAPCELL_ROW_16_1197,VSS,Metal1,654.0665,101.4990,0.006232
TAP_TAPCELL_ROW_16_1198,VSS,Metal1,693.2665,101.4990,0.006348
TAP_TAPCELL_ROW_16_1199,VSS,Metal1,732.4665,101.4990,0.006454
TAP_TAPCELL_ROW_16_1200,VSS,Metal1,771.6665,101.4990,0.006549
TAP_TAPCELL_ROW_16_1201,VSS,Metal1,810.8665,101.4990,0.006641
TAP_TAPCELL_ROW_16_1202,VSS,Metal1,850.0665,101.4990,0.006661
TAP_TAPCELL_ROW_16_1203,VSS,Metal1,889.2665,101.4990,0.006794
TAP_TAPCELL_ROW_16_1204,VSS,Metal1,928.4665,101.4990,0.006900
TAP_TAPCELL_ROW_16_1205,VSS,Metal1,967.6665,101.4990,0.006907
TAP_TAPCELL_ROW_16_1206,VSS,Metal1,1006.8665,101.4990,0.006919
TAP_TAPCELL_ROW_16_1207,VSS,Metal1,1046.0665,101.4990,0.006960
TAP_TAPCELL_ROW_17_1208,VSS,Metal1,46.4665,110.1805,0.007181
TAP_TAPCELL_ROW_17_1209,VSS,Metal1,85.6665,110.1805,0.007171
TAP_TAPCELL_ROW_17_1210,VSS,Metal1,124.8665,110.1805,0.007119
TAP_TAPCELL_ROW_17_1211,VSS,Metal1,164.0665,110.1805,0.007063
TAP_TAPCELL_ROW_17_1212,VSS,Metal1,203.2665,110.1805,0.006971
TAP_TAPCELL_ROW_17_1213,VSS,Metal1,242.4665,110.1805,0.006901
TAP_TAPCELL_ROW_17_1214,VSS,Metal1,281.6665,110.1805,0.006833
TAP_TAPCELL_ROW_17_1215,VSS,Metal1,320.8665,110.1805,0.006649
TAP_TAPCELL_ROW_17_1216,VSS,Metal1,360.0665,110.1805,0.006614
TAP_TAPCELL_ROW_17_1217,VSS,Metal1,399.2665,110.1805,0.006542
TAP_TAPCELL_ROW_17_1218,VSS,Metal1,438.4665,110.1805,0.006468
TAP_TAPCELL_ROW_17_1219,VSS,Metal1,477.6665,110.1805,0.006362
TAP_TAPCELL_ROW_17_1220,VSS,Metal1,516.8665,110.1805,0.006373
TAP_TAPCELL_ROW_17_1221,VSS,Metal1,556.0665,110.1805,0.006415
TAP_TAPCELL_ROW_17_1222,VSS,Metal1,595.2665,110.1805,0.006417
TAP_TAPCELL_ROW_17_1223,VSS,Metal1,634.4665,110.1805,0.006391
TAP_TAPCELL_ROW_17_1224,VSS,Metal1,673.6665,110.1805,0.006476
TAP_TAPCELL_ROW_17_1225,VSS,Metal1,712.8665,110.1805,0.006596
TAP_TAPCELL_ROW_17_1226,VSS,Metal1,752.0665,110.1805,0.006620
TAP_TAPCELL_ROW_17_1227,VSS,Metal1,791.2665,110.1805,0.006681
TAP_TAPCELL_ROW_17_1228,VSS,Metal1,830.4665,110.1805,0.006837
TAP_TAPCELL_ROW_17_1229,VSS,Metal1,869.6665,110.1805,0.006922
TAP_TAPCELL_ROW_17_1230,VSS,Metal1,908.8665,110.1805,0.006962
TAP_TAPCELL_ROW_17_1231,VSS,Metal1,948.0665,110.1805,0.006979
TAP_TAPCELL_ROW_17_1232,VSS,Metal1,987.2665,110.1805,0.007036
TAP_TAPCELL_ROW_17_1233,VSS,Metal1,1026.4665,110.1805,0.007066
TAP_TAPCELL_ROW_17_1234,VSS,Metal1,1065.6665,110.1805,0.007078
TAP_TAPCELL_ROW_18_1235,VSS,Metal1,26.8665,111.5790,0.007178
TAP_TAPCELL_ROW_18_1236,VSS,Metal1,66.0665,111.5790,0.007182
TAP_TAPCELL_ROW_18_1237,VSS,Metal1,105.2665,111.5790,0.007148
TAP_TAPCELL_ROW_18_1238,VSS,Metal1,144.4665,111.5790,0.007112
TAP_TAPCELL_ROW_18_1239,VSS,Metal1,183.6665,111.5790,0.006980
TAP_TAPCELL_ROW_18_1240,VSS,Metal1,222.8665,111.5790,0.006925
TAP_TAPCELL_ROW_18_1241,VSS,Metal1,262.0665,111.5790,0.006888
TAP_TAPCELL_ROW_18_1242,VSS,Metal1,301.2665,111.5790,0.006760
TAP_TAPCELL_ROW_18_1243,VSS,Metal1,340.4665,111.5790,0.006616
TAP_TAPCELL_ROW_18_1244,VSS,Metal1,379.6665,111.5790,0.006592
TAP_TAPCELL_ROW_18_1245,VSS,Metal1,418.8665,111.5790,0.006540
TAP_TAPCELL_ROW_18_1246,VSS,Metal1,458.0665,111.5790,0.006397
TAP_TAPCELL_ROW_18_1247,VSS,Metal1,497.2665,111.5790,0.006372
TAP_TAPCELL_ROW_18_1248,VSS,Metal1,536.4665,111.5790,0.006392
TAP_TAPCELL_ROW_18_1249,VSS,Metal1,575.6665,111.5790,0.006417
TAP_TAPCELL_ROW_18_1250,VSS,Metal1,614.8665,111.5790,0.006414
TAP_TAPCELL_ROW_18_1251,VSS,Metal1,654.0665,111.5790,0.006418
TAP_TAPCELL_ROW_18_1252,VSS,Metal1,693.2665,111.5790,0.006591
TAP_TAPCELL_ROW_18_1253,VSS,Metal1,732.4665,111.5790,0.006614
TAP_TAPCELL_ROW_18_1254,VSS,Metal1,771.6665,111.5790,0.006673
TAP_TAPCELL_ROW_18_1255,VSS,Metal1,810.8665,111.5790,0.006698
TAP_TAPCELL_ROW_18_1256,VSS,Metal1,850.0665,111.5790,0.006905
TAP_TAPCELL_ROW_18_1257,VSS,Metal1,889.2665,111.5790,0.006962
TAP_TAPCELL_ROW_18_1258,VSS,Metal1,928.4665,111.5790,0.006981
TAP_TAPCELL_ROW_18_1259,VSS,Metal1,967.6665,111.5790,0.007019
TAP_TAPCELL_ROW_18_1260,VSS,Metal1,1006.8665,111.5790,0.007046
TAP_TAPCELL_ROW_18_1261,VSS,Metal1,1046.0665,111.5790,0.007077
TAP_TAPCELL_ROW_19_1262,VSS,Metal1,46.4665,120.2605,0.007342
TAP_TAPCELL_ROW_19_1263,VSS,Metal1,85.6665,120.2605,0.007307
TAP_TAPCELL_ROW_19_1264,VSS,Metal1,124.8665,120.2605,0.007188
TAP_TAPCELL_ROW_19_1265,VSS,Metal1,164.0665,120.2605,0.007131
TAP_TAPCELL_ROW_19_1266,VSS,Metal1,203.2665,120.2605,0.007089
TAP_TAPCELL_ROW_19_1267,VSS,Metal1,242.4665,120.2605,0.006943
TAP_TAPCELL_ROW_19_1268,VSS,Metal1,281.6665,120.2605,0.006869
TAP_TAPCELL_ROW_19_1269,VSS,Metal1,320.8665,120.2605,0.006749
TAP_TAPCELL_ROW_19_1270,VSS,Metal1,360.0665,120.2605,0.006596
TAP_TAPCELL_ROW_19_1271,VSS,Metal1,399.2665,120.2605,0.006518
TAP_TAPCELL_ROW_19_1272,VSS,Metal1,438.4665,120.2605,0.006422
TAP_TAPCELL_ROW_19_1273,VSS,Metal1,477.6665,120.2605,0.006381
TAP_TAPCELL_ROW_19_1274,VSS,Metal1,516.8665,120.2605,0.006398
TAP_TAPCELL_ROW_19_1275,VSS,Metal1,556.0665,120.2605,0.006411
TAP_TAPCELL_ROW_19_1276,VSS,Metal1,595.2665,120.2605,0.006411
TAP_TAPCELL_ROW_19_1277,VSS,Metal1,634.4665,120.2605,0.006399
TAP_TAPCELL_ROW_19_1278,VSS,Metal1,673.6665,120.2605,0.006451
TAP_TAPCELL_ROW_19_1279,VSS,Metal1,712.8665,120.2605,0.006494
TAP_TAPCELL_ROW_19_1280,VSS,Metal1,752.0665,120.2605,0.006599
TAP_TAPCELL_ROW_19_1281,VSS,Metal1,791.2665,120.2605,0.006641
TAP_TAPCELL_ROW_19_1282,VSS,Metal1,830.4665,120.2605,0.006726
TAP_TAPCELL_ROW_19_1283,VSS,Metal1,869.6665,120.2605,0.006839
TAP_TAPCELL_ROW_19_1284,VSS,Metal1,908.8665,120.2605,0.006905
TAP_TAPCELL_ROW_19_1285,VSS,Metal1,948.0665,120.2605,0.006965
TAP_TAPCELL_ROW_19_1286,VSS,Metal1,987.2665,120.2605,0.007019
TAP_TAPCELL_ROW_19_1287,VSS,Metal1,1026.4665,120.2605,0.007034
TAP_TAPCELL_ROW_19_1288,VSS,Metal1,1065.6665,120.2605,0.007050
TAP_TAPCELL_ROW_20_1289,VSS,Metal1,26.8665,121.6590,0.007338
TAP_TAPCELL_ROW_20_1290,VSS,Metal1,66.0665,121.6590,0.007337
TAP_TAPCELL_ROW_20_1291,VSS,Metal1,105.2665,121.6590,0.007240
TAP_TAPCELL_ROW_20_1292,VSS,Metal1,144.4665,121.6590,0.007157
TAP_TAPCELL_ROW_20_1293,VSS,Metal1,183.6665,121.6590,0.007092
TAP_TAPCELL_ROW_20_1294,VSS,Metal1,222.8665,121.6590,0.007034
TAP_TAPCELL_ROW_20_1295,VSS,Metal1,262.0665,121.6590,0.006932
TAP_TAPCELL_ROW_20_1296,VSS,Metal1,301.2665,121.6590,0.006795
TAP_TAPCELL_ROW_20_1297,VSS,Metal1,340.4665,121.6590,0.006624
TAP_TAPCELL_ROW_20_1298,VSS,Metal1,379.6665,121.6590,0.006569
TAP_TAPCELL_ROW_20_1299,VSS,Metal1,418.8665,121.6590,0.006432
TAP_TAPCELL_ROW_20_1300,VSS,Metal1,458.0665,121.6590,0.006412
TAP_TAPCELL_ROW_20_1301,VSS,Metal1,497.2665,121.6590,0.006389
TAP_TAPCELL_ROW_20_1302,VSS,Metal1,536.4665,121.6590,0.006407
TAP_TAPCELL_ROW_20_1303,VSS,Metal1,575.6665,121.6590,0.006411
TAP_TAPCELL_ROW_20_1304,VSS,Metal1,614.8665,121.6590,0.006401
TAP_TAPCELL_ROW_20_1305,VSS,Metal1,654.0665,121.6590,0.006449
TAP_TAPCELL_ROW_20_1306,VSS,Metal1,693.2665,121.6590,0.006457
TAP_TAPCELL_ROW_20_1307,VSS,Metal1,732.4665,121.6590,0.006557
TAP_TAPCELL_ROW_20_1308,VSS,Metal1,771.6665,121.6590,0.006622
TAP_TAPCELL_ROW_20_1309,VSS,Metal1,810.8665,121.6590,0.006690
TAP_TAPCELL_ROW_20_1310,VSS,Metal1,850.0665,121.6590,0.006749
TAP_TAPCELL_ROW_20_1311,VSS,Metal1,889.2665,121.6590,0.006846
TAP_TAPCELL_ROW_20_1312,VSS,Metal1,928.4665,121.6590,0.006948
TAP_TAPCELL_ROW_20_1313,VSS,Metal1,967.6665,121.6590,0.007000
TAP_TAPCELL_ROW_20_1314,VSS,Metal1,1006.8665,121.6590,0.007026
TAP_TAPCELL_ROW_20_1315,VSS,Metal1,1046.0665,121.6590,0.007038
TAP_TAPCELL_ROW_21_1316,VSS,Metal1,46.4665,130.3405,0.007276
TAP_TAPCELL_ROW_21_1317,VSS,Metal1,85.6665,130.3405,0.007286
TAP_TAPCELL_ROW_21_1318,VSS,Metal1,124.8665,130.3405,0.007280
TAP_TAPCELL_ROW_21_1319,VSS,Metal1,164.0665,130.3405,0.007241
TAP_TAPCELL_ROW_21_1320,VSS,Metal1,203.2665,130.3405,0.007194
TAP_TAPCELL_ROW_21_1321,VSS,Metal1,242.4665,130.3405,0.007175
TAP_TAPCELL_ROW_21_1322,VSS,Metal1,281.6665,130.3405,0.007080
TAP_TAPCELL_ROW_21_1323,VSS,Metal1,320.8665,130.3405,0.006894
TAP_TAPCELL_ROW_21_1324,VSS,Metal1,360.0665,130.3405,0.006733
TAP_TAPCELL_ROW_21_1325,VSS,Metal1,399.2665,130.3405,0.006667
TAP_TAPCELL_ROW_21_1326,VSS,Metal1,438.4665,130.3405,0.006591
TAP_TAPCELL_ROW_21_1327,VSS,Metal1,477.6665,130.3405,0.006474
TAP_TAPCELL_ROW_21_1328,VSS,Metal1,516.8665,130.3405,0.006459
TAP_TAPCELL_ROW_21_1329,VSS,Metal1,556.0665,130.3405,0.006463
TAP_TAPCELL_ROW_21_1330,VSS,Metal1,595.2665,130.3405,0.006415
TAP_TAPCELL_ROW_21_1331,VSS,Metal1,634.4665,130.3405,0.006384
TAP_TAPCELL_ROW_21_1332,VSS,Metal1,673.6665,130.3405,0.006462
TAP_TAPCELL_ROW_21_1333,VSS,Metal1,712.8665,130.3405,0.006491
TAP_TAPCELL_ROW_21_1334,VSS,Metal1,752.0665,130.3405,0.006568
TAP_TAPCELL_ROW_21_1335,VSS,Metal1,791.2665,130.3405,0.006699
TAP_TAPCELL_ROW_21_1336,VSS,Metal1,830.4665,130.3405,0.006767
TAP_TAPCELL_ROW_21_1337,VSS,Metal1,869.6665,130.3405,0.006902
TAP_TAPCELL_ROW_21_1338,VSS,Metal1,908.8665,130.3405,0.007015
TAP_TAPCELL_ROW_21_1339,VSS,Metal1,948.0665,130.3405,0.007142
TAP_TAPCELL_ROW_21_1340,VSS,Metal1,987.2665,130.3405,0.007215
TAP_TAPCELL_ROW_21_1341,VSS,Metal1,1026.4665,130.3405,0.007376
TAP_TAPCELL_ROW_21_1342,VSS,Metal1,1065.6665,130.3405,0.007390
TAP_TAPCELL_ROW_22_1343,VSS,Metal1,26.8665,131.7390,0.007238
TAP_TAPCELL_ROW_22_1344,VSS,Metal1,66.0665,131.7390,0.007283
TAP_TAPCELL_ROW_22_1345,VSS,Metal1,105.2665,131.7390,0.007285
TAP_TAPCELL_ROW_22_1346,VSS,Metal1,144.4665,131.7390,0.007242
TAP_TAPCELL_ROW_22_1347,VSS,Metal1,183.6665,131.7390,0.007190
TAP_TAPCELL_ROW_22_1348,VSS,Metal1,222.8665,131.7390,0.007192
TAP_TAPCELL_ROW_22_1349,VSS,Metal1,262.0665,131.7390,0.007086
TAP_TAPCELL_ROW_22_1350,VSS,Metal1,301.2665,131.7390,0.007050
TAP_TAPCELL_ROW_22_1351,VSS,Metal1,340.4665,131.7390,0.006797
TAP_TAPCELL_ROW_22_1352,VSS,Metal1,379.6665,131.7390,0.006716
TAP_TAPCELL_ROW_22_1353,VSS,Metal1,418.8665,131.7390,0.006614
TAP_TAPCELL_ROW_22_1354,VSS,Metal1,458.0665,131.7390,0.006580
TAP_TAPCELL_ROW_22_1355,VSS,Metal1,497.2665,131.7390,0.006456
TAP_TAPCELL_ROW_22_1356,VSS,Metal1,536.4665,131.7390,0.006464
TAP_TAPCELL_ROW_22_1357,VSS,Metal1,575.6665,131.7390,0.006462
TAP_TAPCELL_ROW_22_1358,VSS,Metal1,614.8665,131.7390,0.006411
TAP_TAPCELL_ROW_22_1359,VSS,Metal1,654.0665,131.7390,0.006392
TAP_TAPCELL_ROW_22_1360,VSS,Metal1,693.2665,131.7390,0.006474
TAP_TAPCELL_ROW_22_1361,VSS,Metal1,732.4665,131.7390,0.006520
TAP_TAPCELL_ROW_22_1362,VSS,Metal1,771.6665,131.7390,0.006632
TAP_TAPCELL_ROW_22_1363,VSS,Metal1,810.8665,131.7390,0.006712
TAP_TAPCELL_ROW_22_1364,VSS,Metal1,850.0665,131.7390,0.006812
TAP_TAPCELL_ROW_22_1365,VSS,Metal1,889.2665,131.7390,0.006917
TAP_TAPCELL_ROW_22_1366,VSS,Metal1,928.4665,131.7390,0.007129
TAP_TAPCELL_ROW_22_1367,VSS,Metal1,967.6665,131.7390,0.007215
TAP_TAPCELL_ROW_22_1368,VSS,Metal1,1006.8665,131.7390,0.007290
TAP_TAPCELL_ROW_22_1369,VSS,Metal1,1046.0665,131.7390,0.007376
TAP_TAPCELL_ROW_23_1370,VSS,Metal1,46.4665,140.4205,0.007182
TAP_TAPCELL_ROW_23_1371,VSS,Metal1,85.6665,140.4205,0.007159
TAP_TAPCELL_ROW_23_1372,VSS,Metal1,124.8665,140.4205,0.007146
TAP_TAPCELL_ROW_23_1373,VSS,Metal1,164.0665,140.4205,0.007108
TAP_TAPCELL_ROW_23_1374,VSS,Metal1,203.2665,140.4205,0.007064
TAP_TAPCELL_ROW_23_1375,VSS,Metal1,242.4665,140.4205,0.007033
TAP_TAPCELL_ROW_23_1376,VSS,Metal1,281.6665,140.4205,0.006917
TAP_TAPCELL_ROW_23_1377,VSS,Metal1,320.8665,140.4205,0.006738
TAP_TAPCELL_ROW_23_1378,VSS,Metal1,360.0665,140.4205,0.006678
TAP_TAPCELL_ROW_23_1379,VSS,Metal1,399.2665,140.4205,0.006638
TAP_TAPCELL_ROW_23_1380,VSS,Metal1,438.4665,140.4205,0.006552
TAP_TAPCELL_ROW_23_1381,VSS,Metal1,477.6665,140.4205,0.006430
TAP_TAPCELL_ROW_23_1382,VSS,Metal1,516.8665,140.4205,0.006458
TAP_TAPCELL_ROW_23_1383,VSS,Metal1,556.0665,140.4205,0.006485
TAP_TAPCELL_ROW_23_1384,VSS,Metal1,595.2665,140.4205,0.006488
TAP_TAPCELL_ROW_23_1385,VSS,Metal1,634.4665,140.4205,0.006480
TAP_TAPCELL_ROW_23_1386,VSS,Metal1,673.6665,140.4205,0.006578
TAP_TAPCELL_ROW_23_1387,VSS,Metal1,712.8665,140.4205,0.006706
TAP_TAPCELL_ROW_23_1388,VSS,Metal1,752.0665,140.4205,0.006798
TAP_TAPCELL_ROW_23_1389,VSS,Metal1,791.2665,140.4205,0.006837
TAP_TAPCELL_ROW_23_1390,VSS,Metal1,830.4665,140.4205,0.006905
TAP_TAPCELL_ROW_23_1391,VSS,Metal1,869.6665,140.4205,0.007032
TAP_TAPCELL_ROW_23_1392,VSS,Metal1,908.8665,140.4205,0.007071
TAP_TAPCELL_ROW_23_1393,VSS,Metal1,948.0665,140.4205,0.007072
TAP_TAPCELL_ROW_23_1394,VSS,Metal1,987.2665,140.4205,0.007107
TAP_TAPCELL_ROW_23_1395,VSS,Metal1,1026.4665,140.4205,0.007127
TAP_TAPCELL_ROW_23_1396,VSS,Metal1,1065.6665,140.4205,0.007138
TAP_TAPCELL_ROW_24_1397,VSS,Metal1,26.8665,141.8190,0.007183
TAP_TAPCELL_ROW_24_1398,VSS,Metal1,66.0665,141.8190,0.007170
TAP_TAPCELL_ROW_24_1399,VSS,Metal1,105.2665,141.8190,0.007155
TAP_TAPCELL_ROW_24_1400,VSS,Metal1,144.4665,141.8190,0.007124
TAP_TAPCELL_ROW_24_1401,VSS,Metal1,183.6665,141.8190,0.007085
TAP_TAPCELL_ROW_24_1402,VSS,Metal1,222.8665,141.8190,0.007064
TAP_TAPCELL_ROW_24_1403,VSS,Metal1,262.0665,141.8190,0.006986
TAP_TAPCELL_ROW_24_1404,VSS,Metal1,301.2665,141.8190,0.006859
TAP_TAPCELL_ROW_24_1405,VSS,Metal1,340.4665,141.8190,0.006728
TAP_TAPCELL_ROW_24_1406,VSS,Metal1,379.6665,141.8190,0.006663
TAP_TAPCELL_ROW_24_1407,VSS,Metal1,418.8665,141.8190,0.006599
TAP_TAPCELL_ROW_24_1408,VSS,Metal1,458.0665,141.8190,0.006463
TAP_TAPCELL_ROW_24_1409,VSS,Metal1,497.2665,141.8190,0.006401
TAP_TAPCELL_ROW_24_1410,VSS,Metal1,536.4665,141.8190,0.006478
TAP_TAPCELL_ROW_24_1411,VSS,Metal1,575.6665,141.8190,0.006487
TAP_TAPCELL_ROW_24_1412,VSS,Metal1,614.8665,141.8190,0.006487
TAP_TAPCELL_ROW_24_1413,VSS,Metal1,654.0665,141.8190,0.006552
TAP_TAPCELL_ROW_24_1414,VSS,Metal1,693.2665,141.8190,0.006634
TAP_TAPCELL_ROW_24_1415,VSS,Metal1,732.4665,141.8190,0.006763
TAP_TAPCELL_ROW_24_1416,VSS,Metal1,771.6665,141.8190,0.006805
TAP_TAPCELL_ROW_24_1417,VSS,Metal1,810.8665,141.8190,0.006864
TAP_TAPCELL_ROW_24_1418,VSS,Metal1,850.0665,141.8190,0.006992
TAP_TAPCELL_ROW_24_1419,VSS,Metal1,889.2665,141.8190,0.007070
TAP_TAPCELL_ROW_24_1420,VSS,Metal1,928.4665,141.8190,0.007074
TAP_TAPCELL_ROW_24_1421,VSS,Metal1,967.6665,141.8190,0.007077
TAP_TAPCELL_ROW_24_1422,VSS,Metal1,1006.8665,141.8190,0.007111
TAP_TAPCELL_ROW_24_1423,VSS,Metal1,1046.0665,141.8190,0.007132
TAP_TAPCELL_ROW_25_1424,VSS,Metal1,46.4665,150.5005,0.007263
TAP_TAPCELL_ROW_25_1425,VSS,Metal1,85.6665,150.5005,0.007262
TAP_TAPCELL_ROW_25_1426,VSS,Metal1,124.8665,150.5005,0.007234
TAP_TAPCELL_ROW_25_1427,VSS,Metal1,164.0665,150.5005,0.007191
TAP_TAPCELL_ROW_25_1428,VSS,Metal1,203.2665,150.5005,0.007051
TAP_TAPCELL_ROW_25_1429,VSS,Metal1,242.4665,150.5005,0.006985
TAP_TAPCELL_ROW_25_1430,VSS,Metal1,281.6665,150.5005,0.006789
TAP_TAPCELL_ROW_25_1431,VSS,Metal1,320.8665,150.5005,0.006612
TAP_TAPCELL_ROW_25_1432,VSS,Metal1,360.0665,150.5005,0.006519
TAP_TAPCELL_ROW_25_1433,VSS,Metal1,399.2665,150.5005,0.006408
TAP_TAPCELL_ROW_25_1434,VSS,Metal1,438.4665,150.5005,0.006312
TAP_TAPCELL_ROW_25_1435,VSS,Metal1,477.6665,150.5005,0.006111
TAP_TAPCELL_ROW_25_1436,VSS,Metal1,516.8665,150.5005,0.006113
TAP_TAPCELL_ROW_25_1437,VSS,Metal1,556.0665,150.5005,0.006237
TAP_TAPCELL_ROW_25_1438,VSS,Metal1,595.2665,150.5005,0.006241
TAP_TAPCELL_ROW_25_1439,VSS,Metal1,634.4665,150.5005,0.006177
TAP_TAPCELL_ROW_25_1440,VSS,Metal1,673.6665,150.5005,0.006239
TAP_TAPCELL_ROW_25_1441,VSS,Metal1,712.8665,150.5005,0.006358
TAP_TAPCELL_ROW_25_1442,VSS,Metal1,752.0665,150.5005,0.006511
TAP_TAPCELL_ROW_25_1443,VSS,Metal1,791.2665,150.5005,0.006567
TAP_TAPCELL_ROW_25_1444,VSS,Metal1,830.4665,150.5005,0.006640
TAP_TAPCELL_ROW_25_1445,VSS,Metal1,869.6665,150.5005,0.006840
TAP_TAPCELL_ROW_25_1446,VSS,Metal1,908.8665,150.5005,0.006903
TAP_TAPCELL_ROW_25_1447,VSS,Metal1,948.0665,150.5005,0.006922
TAP_TAPCELL_ROW_25_1448,VSS,Metal1,987.2665,150.5005,0.006982
TAP_TAPCELL_ROW_25_1449,VSS,Metal1,1026.4665,150.5005,0.007031
TAP_TAPCELL_ROW_25_1450,VSS,Metal1,1065.6665,150.5005,0.007051
TAP_TAPCELL_ROW_26_1451,VSS,Metal1,26.8665,151.8990,0.007254
TAP_TAPCELL_ROW_26_1452,VSS,Metal1,66.0665,151.8990,0.007266
TAP_TAPCELL_ROW_26_1453,VSS,Metal1,105.2665,151.8990,0.007256
TAP_TAPCELL_ROW_26_1454,VSS,Metal1,144.4665,151.8990,0.007228
TAP_TAPCELL_ROW_26_1455,VSS,Metal1,183.6665,151.8990,0.007114
TAP_TAPCELL_ROW_26_1456,VSS,Metal1,222.8665,151.8990,0.007033
TAP_TAPCELL_ROW_26_1457,VSS,Metal1,262.0665,151.8990,0.006899
TAP_TAPCELL_ROW_26_1458,VSS,Metal1,301.2665,151.8990,0.006653
TAP_TAPCELL_ROW_26_1459,VSS,Metal1,340.4665,151.8990,0.006573
TAP_TAPCELL_ROW_26_1460,VSS,Metal1,379.6665,151.8990,0.006471
TAP_TAPCELL_ROW_26_1461,VSS,Metal1,418.8665,151.8990,0.006354
TAP_TAPCELL_ROW_26_1462,VSS,Metal1,458.0665,151.8990,0.006173
TAP_TAPCELL_ROW_26_1463,VSS,Metal1,497.2665,151.8990,0.006093
TAP_TAPCELL_ROW_26_1464,VSS,Metal1,536.4665,151.8990,0.006211
TAP_TAPCELL_ROW_26_1465,VSS,Metal1,575.6665,151.8990,0.006241
TAP_TAPCELL_ROW_26_1466,VSS,Metal1,614.8665,151.8990,0.006233
TAP_TAPCELL_ROW_26_1467,VSS,Metal1,654.0665,151.8990,0.006190
TAP_TAPCELL_ROW_26_1468,VSS,Metal1,693.2665,151.8990,0.006275
TAP_TAPCELL_ROW_26_1469,VSS,Metal1,732.4665,151.8990,0.006424
TAP_TAPCELL_ROW_26_1470,VSS,Metal1,771.6665,151.8990,0.006528
TAP_TAPCELL_ROW_26_1471,VSS,Metal1,810.8665,151.8990,0.006602
TAP_TAPCELL_ROW_26_1472,VSS,Metal1,850.0665,151.8990,0.006743
TAP_TAPCELL_ROW_26_1473,VSS,Metal1,889.2665,151.8990,0.006873
TAP_TAPCELL_ROW_26_1474,VSS,Metal1,928.4665,151.8990,0.006919
TAP_TAPCELL_ROW_26_1475,VSS,Metal1,967.6665,151.8990,0.006948
TAP_TAPCELL_ROW_26_1476,VSS,Metal1,1006.8665,151.8990,0.007005
TAP_TAPCELL_ROW_26_1477,VSS,Metal1,1046.0665,151.8990,0.007036
TAP_TAPCELL_ROW_27_1478,VSS,Metal1,46.4665,160.5805,0.007188
TAP_TAPCELL_ROW_27_1479,VSS,Metal1,85.6665,160.5805,0.007171
TAP_TAPCELL_ROW_27_1480,VSS,Metal1,124.8665,160.5805,0.007112
TAP_TAPCELL_ROW_27_1481,VSS,Metal1,164.0665,160.5805,0.007098
TAP_TAPCELL_ROW_27_1482,VSS,Metal1,203.2665,160.5805,0.007071
TAP_TAPCELL_ROW_27_1483,VSS,Metal1,242.4665,160.5805,0.007035
TAP_TAPCELL_ROW_27_1484,VSS,Metal1,281.6665,160.5805,0.006744
TAP_TAPCELL_ROW_27_1485,VSS,Metal1,320.8665,160.5805,0.006673
TAP_TAPCELL_ROW_27_1486,VSS,Metal1,360.0665,160.5805,0.006654
TAP_TAPCELL_ROW_27_1487,VSS,Metal1,399.2665,160.5805,0.006469
TAP_TAPCELL_ROW_27_1488,VSS,Metal1,438.4665,160.5805,0.006315
TAP_TAPCELL_ROW_27_1489,VSS,Metal1,477.6665,160.5805,0.006154
TAP_TAPCELL_ROW_27_1490,VSS,Metal1,516.8665,160.5805,0.006102
TAP_TAPCELL_ROW_27_1491,VSS,Metal1,556.0665,160.5805,0.006153
TAP_TAPCELL_ROW_27_1492,VSS,Metal1,595.2665,160.5805,0.006207
TAP_TAPCELL_ROW_27_1493,VSS,Metal1,634.4665,160.5805,0.006199
TAP_TAPCELL_ROW_27_1494,VSS,Metal1,673.6665,160.5805,0.006161
TAP_TAPCELL_ROW_27_1495,VSS,Metal1,712.8665,160.5805,0.006330
TAP_TAPCELL_ROW_27_1496,VSS,Metal1,752.0665,160.5805,0.006449
TAP_TAPCELL_ROW_27_1497,VSS,Metal1,791.2665,160.5805,0.006528
TAP_TAPCELL_ROW_27_1498,VSS,Metal1,830.4665,160.5805,0.006723
TAP_TAPCELL_ROW_27_1499,VSS,Metal1,869.6665,160.5805,0.006814
TAP_TAPCELL_ROW_27_1500,VSS,Metal1,908.8665,160.5805,0.006858
TAP_TAPCELL_ROW_27_1501,VSS,Metal1,948.0665,160.5805,0.006893
TAP_TAPCELL_ROW_27_1502,VSS,Metal1,987.2665,160.5805,0.006925
TAP_TAPCELL_ROW_27_1503,VSS,Metal1,1026.4665,160.5805,0.006964
TAP_TAPCELL_ROW_27_1504,VSS,Metal1,1065.6665,160.5805,0.006972
TAP_TAPCELL_ROW_28_1505,VSS,Metal1,26.8665,161.9790,0.007188
TAP_TAPCELL_ROW_28_1506,VSS,Metal1,66.0665,161.9790,0.007182
TAP_TAPCELL_ROW_28_1507,VSS,Metal1,105.2665,161.9790,0.007163
TAP_TAPCELL_ROW_28_1508,VSS,Metal1,144.4665,161.9790,0.007110
TAP_TAPCELL_ROW_28_1509,VSS,Metal1,183.6665,161.9790,0.007078
TAP_TAPCELL_ROW_28_1510,VSS,Metal1,222.8665,161.9790,0.007062
TAP_TAPCELL_ROW_28_1511,VSS,Metal1,262.0665,161.9790,0.006978
TAP_TAPCELL_ROW_28_1512,VSS,Metal1,301.2665,161.9790,0.006695
TAP_TAPCELL_ROW_28_1513,VSS,Metal1,340.4665,161.9790,0.006662
TAP_TAPCELL_ROW_28_1514,VSS,Metal1,379.6665,161.9790,0.006533
TAP_TAPCELL_ROW_28_1515,VSS,Metal1,418.8665,161.9790,0.006359
TAP_TAPCELL_ROW_28_1516,VSS,Metal1,458.0665,161.9790,0.006164
TAP_TAPCELL_ROW_28_1517,VSS,Metal1,497.2665,161.9790,0.006059
TAP_TAPCELL_ROW_28_1518,VSS,Metal1,536.4665,161.9790,0.006123
TAP_TAPCELL_ROW_28_1519,VSS,Metal1,575.6665,161.9790,0.006175
TAP_TAPCELL_ROW_28_1520,VSS,Metal1,614.8665,161.9790,0.006223
TAP_TAPCELL_ROW_28_1521,VSS,Metal1,654.0665,161.9790,0.006116
TAP_TAPCELL_ROW_28_1522,VSS,Metal1,693.2665,161.9790,0.006234
TAP_TAPCELL_ROW_28_1523,VSS,Metal1,732.4665,161.9790,0.006397
TAP_TAPCELL_ROW_28_1524,VSS,Metal1,771.6665,161.9790,0.006494
TAP_TAPCELL_ROW_28_1525,VSS,Metal1,810.8665,161.9790,0.006661
TAP_TAPCELL_ROW_28_1526,VSS,Metal1,850.0665,161.9790,0.006790
TAP_TAPCELL_ROW_28_1527,VSS,Metal1,889.2665,161.9790,0.006849
TAP_TAPCELL_ROW_28_1528,VSS,Metal1,928.4665,161.9790,0.006891
TAP_TAPCELL_ROW_28_1529,VSS,Metal1,967.6665,161.9790,0.006919
TAP_TAPCELL_ROW_28_1530,VSS,Metal1,1006.8665,161.9790,0.006934
TAP_TAPCELL_ROW_28_1531,VSS,Metal1,1046.0665,161.9790,0.006969
TAP_TAPCELL_ROW_29_1532,VSS,Metal1,46.4665,170.6605,0.007190
TAP_TAPCELL_ROW_29_1533,VSS,Metal1,85.6665,170.6605,0.007207
TAP_TAPCELL_ROW_29_1534,VSS,Metal1,124.8665,170.6605,0.007204
TAP_TAPCELL_ROW_29_1535,VSS,Metal1,164.0665,170.6605,0.007020
TAP_TAPCELL_ROW_29_1536,VSS,Metal1,203.2665,170.6605,0.006999
TAP_TAPCELL_ROW_29_1537,VSS,Metal1,242.4665,170.6605,0.006889
TAP_TAPCELL_ROW_29_1538,VSS,Metal1,281.6665,170.6605,0.006590
TAP_TAPCELL_ROW_29_1539,VSS,Metal1,320.8665,170.6605,0.006446
TAP_TAPCELL_ROW_29_1540,VSS,Metal1,360.0665,170.6605,0.006320
TAP_TAPCELL_ROW_29_1541,VSS,Metal1,399.2665,170.6605,0.006137
TAP_TAPCELL_ROW_29_1542,VSS,Metal1,438.4665,170.6605,0.005934
TAP_TAPCELL_ROW_29_1543,VSS,Metal1,477.6665,170.6605,0.005716
TAP_TAPCELL_ROW_29_1544,VSS,Metal1,516.8665,170.6605,0.005758
TAP_TAPCELL_ROW_29_1545,VSS,Metal1,556.0665,170.6605,0.005795
TAP_TAPCELL_ROW_29_1546,VSS,Metal1,595.2665,170.6605,0.005842
TAP_TAPCELL_ROW_29_1547,VSS,Metal1,634.4665,170.6605,0.005858
TAP_TAPCELL_ROW_29_1548,VSS,Metal1,673.6665,170.6605,0.005993
TAP_TAPCELL_ROW_29_1549,VSS,Metal1,712.8665,170.6605,0.006165
TAP_TAPCELL_ROW_29_1550,VSS,Metal1,752.0665,170.6605,0.006326
TAP_TAPCELL_ROW_29_1551,VSS,Metal1,791.2665,170.6605,0.006473
TAP_TAPCELL_ROW_29_1552,VSS,Metal1,830.4665,170.6605,0.006577
TAP_TAPCELL_ROW_29_1553,VSS,Metal1,869.6665,170.6605,0.006637
TAP_TAPCELL_ROW_29_1554,VSS,Metal1,908.8665,170.6605,0.006683
TAP_TAPCELL_ROW_29_1555,VSS,Metal1,948.0665,170.6605,0.006805
TAP_TAPCELL_ROW_29_1556,VSS,Metal1,987.2665,170.6605,0.006947
TAP_TAPCELL_ROW_29_1557,VSS,Metal1,1026.4665,170.6605,0.006975
TAP_TAPCELL_ROW_29_1558,VSS,Metal1,1065.6665,170.6605,0.006978
TAP_TAPCELL_ROW_30_1559,VSS,Metal1,26.8665,172.0590,0.007183
TAP_TAPCELL_ROW_30_1560,VSS,Metal1,66.0665,172.0590,0.007202
TAP_TAPCELL_ROW_30_1561,VSS,Metal1,105.2665,172.0590,0.007207
TAP_TAPCELL_ROW_30_1562,VSS,Metal1,144.4665,172.0590,0.007181
TAP_TAPCELL_ROW_30_1563,VSS,Metal1,183.6665,172.0590,0.007002
TAP_TAPCELL_ROW_30_1564,VSS,Metal1,222.8665,172.0590,0.006934
TAP_TAPCELL_ROW_30_1565,VSS,Metal1,262.0665,172.0590,0.006657
TAP_TAPCELL_ROW_30_1566,VSS,Metal1,301.2665,172.0590,0.006532
TAP_TAPCELL_ROW_30_1567,VSS,Metal1,340.4665,172.0590,0.006391
TAP_TAPCELL_ROW_30_1568,VSS,Metal1,379.6665,172.0590,0.006170
TAP_TAPCELL_ROW_30_1569,VSS,Metal1,418.8665,172.0590,0.005946
TAP_TAPCELL_ROW_30_1570,VSS,Metal1,458.0665,172.0590,0.005832
TAP_TAPCELL_ROW_30_1571,VSS,Metal1,497.2665,172.0590,0.005710
TAP_TAPCELL_ROW_30_1572,VSS,Metal1,536.4665,172.0590,0.005766
TAP_TAPCELL_ROW_30_1573,VSS,Metal1,575.6665,172.0590,0.005818
TAP_TAPCELL_ROW_30_1574,VSS,Metal1,614.8665,172.0590,0.005859
TAP_TAPCELL_ROW_30_1575,VSS,Metal1,654.0665,172.0590,0.005862
TAP_TAPCELL_ROW_30_1576,VSS,Metal1,693.2665,172.0590,0.006109
TAP_TAPCELL_ROW_30_1577,VSS,Metal1,732.4665,172.0590,0.006266
TAP_TAPCELL_ROW_30_1578,VSS,Metal1,771.6665,172.0590,0.006338
TAP_TAPCELL_ROW_30_1579,VSS,Metal1,810.8665,172.0590,0.006524
TAP_TAPCELL_ROW_30_1580,VSS,Metal1,850.0665,172.0590,0.006632
TAP_TAPCELL_ROW_30_1581,VSS,Metal1,889.2665,172.0590,0.006661
TAP_TAPCELL_ROW_30_1582,VSS,Metal1,928.4665,172.0590,0.006770
TAP_TAPCELL_ROW_30_1583,VSS,Metal1,967.6665,172.0590,0.006821
TAP_TAPCELL_ROW_30_1584,VSS,Metal1,1006.8665,172.0590,0.006972
TAP_TAPCELL_ROW_30_1585,VSS,Metal1,1046.0665,172.0590,0.006978
TAP_TAPCELL_ROW_31_1586,VSS,Metal1,46.4665,180.7405,0.007158
TAP_TAPCELL_ROW_31_1587,VSS,Metal1,85.6665,180.7405,0.007092
TAP_TAPCELL_ROW_31_1588,VSS,Metal1,124.8665,180.7405,0.007053
TAP_TAPCELL_ROW_31_1589,VSS,Metal1,164.0665,180.7405,0.007003
TAP_TAPCELL_ROW_31_1590,VSS,Metal1,203.2665,180.7405,0.006946
TAP_TAPCELL_ROW_31_1591,VSS,Metal1,242.4665,180.7405,0.006816
TAP_TAPCELL_ROW_31_1592,VSS,Metal1,281.6665,180.7405,0.006699
TAP_TAPCELL_ROW_31_1593,VSS,Metal1,320.8665,180.7405,0.006589
TAP_TAPCELL_ROW_31_1594,VSS,Metal1,360.0665,180.7405,0.006417
TAP_TAPCELL_ROW_31_1595,VSS,Metal1,399.2665,180.7405,0.006266
TAP_TAPCELL_ROW_31_1596,VSS,Metal1,438.4665,180.7405,0.005979
TAP_TAPCELL_ROW_31_1597,VSS,Metal1,477.6665,180.7405,0.005648
TAP_TAPCELL_ROW_31_1598,VSS,Metal1,516.8665,180.7405,0.005656
TAP_TAPCELL_ROW_31_1599,VSS,Metal1,556.0665,180.7405,0.005705
TAP_TAPCELL_ROW_31_1600,VSS,Metal1,595.2665,180.7405,0.005773
TAP_TAPCELL_ROW_31_1601,VSS,Metal1,634.4665,180.7405,0.005790
TAP_TAPCELL_ROW_31_1602,VSS,Metal1,673.6665,180.7405,0.006023
TAP_TAPCELL_ROW_31_1603,VSS,Metal1,712.8665,180.7405,0.006111
TAP_TAPCELL_ROW_31_1604,VSS,Metal1,752.0665,180.7405,0.006385
TAP_TAPCELL_ROW_31_1605,VSS,Metal1,791.2665,180.7405,0.006652
TAP_TAPCELL_ROW_31_1606,VSS,Metal1,830.4665,180.7405,0.006833
TAP_TAPCELL_ROW_31_1607,VSS,Metal1,869.6665,180.7405,0.006911
TAP_TAPCELL_ROW_31_1608,VSS,Metal1,908.8665,180.7405,0.006930
TAP_TAPCELL_ROW_31_1609,VSS,Metal1,948.0665,180.7405,0.006938
TAP_TAPCELL_ROW_31_1610,VSS,Metal1,987.2665,180.7405,0.006999
TAP_TAPCELL_ROW_31_1611,VSS,Metal1,1026.4665,180.7405,0.007016
TAP_TAPCELL_ROW_31_1612,VSS,Metal1,1065.6665,180.7405,0.007030
TAP_TAPCELL_ROW_32_1613,VSS,Metal1,26.8665,182.1390,0.007162
TAP_TAPCELL_ROW_32_1614,VSS,Metal1,66.0665,182.1390,0.007127
TAP_TAPCELL_ROW_32_1615,VSS,Metal1,105.2665,182.1390,0.007087
TAP_TAPCELL_ROW_32_1616,VSS,Metal1,144.4665,182.1390,0.007019
TAP_TAPCELL_ROW_32_1617,VSS,Metal1,183.6665,182.1390,0.006970
TAP_TAPCELL_ROW_32_1618,VSS,Metal1,222.8665,182.1390,0.006894
TAP_TAPCELL_ROW_32_1619,VSS,Metal1,262.0665,182.1390,0.006774
TAP_TAPCELL_ROW_32_1620,VSS,Metal1,301.2665,182.1390,0.006625
TAP_TAPCELL_ROW_32_1621,VSS,Metal1,340.4665,182.1390,0.006520
TAP_TAPCELL_ROW_32_1622,VSS,Metal1,379.6665,182.1390,0.006288
TAP_TAPCELL_ROW_32_1623,VSS,Metal1,418.8665,182.1390,0.006074
TAP_TAPCELL_ROW_32_1624,VSS,Metal1,458.0665,182.1390,0.005798
TAP_TAPCELL_ROW_32_1625,VSS,Metal1,497.2665,182.1390,0.005652
TAP_TAPCELL_ROW_32_1626,VSS,Metal1,536.4665,182.1390,0.005680
TAP_TAPCELL_ROW_32_1627,VSS,Metal1,575.6665,182.1390,0.005765
TAP_TAPCELL_ROW_32_1628,VSS,Metal1,614.8665,182.1390,0.005783
TAP_TAPCELL_ROW_32_1629,VSS,Metal1,654.0665,182.1390,0.005924
TAP_TAPCELL_ROW_32_1630,VSS,Metal1,693.2665,182.1390,0.006067
TAP_TAPCELL_ROW_32_1631,VSS,Metal1,732.4665,182.1390,0.006180
TAP_TAPCELL_ROW_32_1632,VSS,Metal1,771.6665,182.1390,0.006564
TAP_TAPCELL_ROW_32_1633,VSS,Metal1,810.8665,182.1390,0.006832
TAP_TAPCELL_ROW_32_1634,VSS,Metal1,850.0665,182.1390,0.006866
TAP_TAPCELL_ROW_32_1635,VSS,Metal1,889.2665,182.1390,0.006918
TAP_TAPCELL_ROW_32_1636,VSS,Metal1,928.4665,182.1390,0.006934
TAP_TAPCELL_ROW_32_1637,VSS,Metal1,967.6665,182.1390,0.006944
TAP_TAPCELL_ROW_32_1638,VSS,Metal1,1006.8665,182.1390,0.007005
TAP_TAPCELL_ROW_32_1639,VSS,Metal1,1046.0665,182.1390,0.007017
TAP_TAPCELL_ROW_33_1640,VSS,Metal1,46.4665,190.8205,0.007117
TAP_TAPCELL_ROW_33_1641,VSS,Metal1,85.6665,190.8205,0.007111
TAP_TAPCELL_ROW_33_1642,VSS,Metal1,124.8665,190.8205,0.007093
TAP_TAPCELL_ROW_33_1643,VSS,Metal1,164.0665,190.8205,0.007010
TAP_TAPCELL_ROW_33_1644,VSS,Metal1,203.2665,190.8205,0.006966
TAP_TAPCELL_ROW_33_1645,VSS,Metal1,242.4665,190.8205,0.006821
TAP_TAPCELL_ROW_33_1646,VSS,Metal1,281.6665,190.8205,0.006707
TAP_TAPCELL_ROW_33_1647,VSS,Metal1,320.8665,190.8205,0.006609
TAP_TAPCELL_ROW_33_1648,VSS,Metal1,360.0665,190.8205,0.006045
TAP_TAPCELL_ROW_33_1649,VSS,Metal1,399.2665,190.8205,0.005973
TAP_TAPCELL_ROW_33_1650,VSS,Metal1,438.4665,190.8205,0.005727
TAP_TAPCELL_ROW_33_1651,VSS,Metal1,477.6665,190.8205,0.005316
TAP_TAPCELL_ROW_33_1652,VSS,Metal1,516.8665,190.8205,0.005285
TAP_TAPCELL_ROW_33_1653,VSS,Metal1,556.0665,190.8205,0.005343
TAP_TAPCELL_ROW_33_1654,VSS,Metal1,595.2665,190.8205,0.005387
TAP_TAPCELL_ROW_33_1655,VSS,Metal1,634.4665,190.8205,0.005417
TAP_TAPCELL_ROW_33_1656,VSS,Metal1,673.6665,190.8205,0.005526
TAP_TAPCELL_ROW_33_1657,VSS,Metal1,712.8665,190.8205,0.005762
TAP_TAPCELL_ROW_33_1658,VSS,Metal1,752.0665,190.8205,0.006043
TAP_TAPCELL_ROW_33_1659,VSS,Metal1,791.2665,190.8205,0.006257
TAP_TAPCELL_ROW_33_1660,VSS,Metal1,830.4665,190.8205,0.006342
TAP_TAPCELL_ROW_33_1661,VSS,Metal1,869.6665,190.8205,0.006531
TAP_TAPCELL_ROW_33_1662,VSS,Metal1,908.8665,190.8205,0.006729
TAP_TAPCELL_ROW_33_1663,VSS,Metal1,948.0665,190.8205,0.006758
TAP_TAPCELL_ROW_33_1664,VSS,Metal1,987.2665,190.8205,0.006852
TAP_TAPCELL_ROW_33_1665,VSS,Metal1,1026.4665,190.8205,0.006907
TAP_TAPCELL_ROW_33_1666,VSS,Metal1,1065.6665,190.8205,0.006910
TAP_TAPCELL_ROW_34_1667,VSS,Metal1,26.8665,192.2190,0.007118
TAP_TAPCELL_ROW_34_1668,VSS,Metal1,66.0665,192.2190,0.007116
TAP_TAPCELL_ROW_34_1669,VSS,Metal1,105.2665,192.2190,0.007108
TAP_TAPCELL_ROW_34_1670,VSS,Metal1,144.4665,192.2190,0.007010
TAP_TAPCELL_ROW_34_1671,VSS,Metal1,183.6665,192.2190,0.006984
TAP_TAPCELL_ROW_34_1672,VSS,Metal1,222.8665,192.2190,0.006900
TAP_TAPCELL_ROW_34_1673,VSS,Metal1,262.0665,192.2190,0.006790
TAP_TAPCELL_ROW_34_1674,VSS,Metal1,301.2665,192.2190,0.006626
TAP_TAPCELL_ROW_34_1675,VSS,Metal1,340.4665,192.2190,0.006092
TAP_TAPCELL_ROW_34_1676,VSS,Metal1,379.6665,192.2190,0.006015
TAP_TAPCELL_ROW_34_1677,VSS,Metal1,418.8665,192.2190,0.005836
TAP_TAPCELL_ROW_34_1678,VSS,Metal1,458.0665,192.2190,0.005357
TAP_TAPCELL_ROW_34_1679,VSS,Metal1,497.2665,192.2190,0.005246
TAP_TAPCELL_ROW_34_1680,VSS,Metal1,536.4665,192.2190,0.005328
TAP_TAPCELL_ROW_34_1681,VSS,Metal1,575.6665,192.2190,0.005368
TAP_TAPCELL_ROW_34_1682,VSS,Metal1,614.8665,192.2190,0.005407
TAP_TAPCELL_ROW_34_1683,VSS,Metal1,654.0665,192.2190,0.005473
TAP_TAPCELL_ROW_34_1684,VSS,Metal1,693.2665,192.2190,0.005708
TAP_TAPCELL_ROW_34_1685,VSS,Metal1,732.4665,192.2190,0.005867
TAP_TAPCELL_ROW_34_1686,VSS,Metal1,771.6665,192.2190,0.006210
TAP_TAPCELL_ROW_34_1687,VSS,Metal1,810.8665,192.2190,0.006318
TAP_TAPCELL_ROW_34_1688,VSS,Metal1,850.0665,192.2190,0.006419
TAP_TAPCELL_ROW_34_1689,VSS,Metal1,889.2665,192.2190,0.006634
TAP_TAPCELL_ROW_34_1690,VSS,Metal1,928.4665,192.2190,0.006732
TAP_TAPCELL_ROW_34_1691,VSS,Metal1,967.6665,192.2190,0.006816
TAP_TAPCELL_ROW_34_1692,VSS,Metal1,1006.8665,192.2190,0.006875
TAP_TAPCELL_ROW_34_1693,VSS,Metal1,1046.0665,192.2190,0.006908
TAP_TAPCELL_ROW_35_1694,VSS,Metal1,46.4665,200.9005,0.007009
TAP_TAPCELL_ROW_35_1695,VSS,Metal1,85.6665,200.9005,0.006951
TAP_TAPCELL_ROW_35_1696,VSS,Metal1,124.8665,200.9005,0.006922
TAP_TAPCELL_ROW_35_1697,VSS,Metal1,164.0665,200.9005,0.006879
TAP_TAPCELL_ROW_35_1698,VSS,Metal1,203.2665,200.9005,0.006815
TAP_TAPCELL_ROW_35_1699,VSS,Metal1,242.4665,200.9005,0.006706
TAP_TAPCELL_ROW_35_1700,VSS,Metal1,281.6665,200.9005,0.006585
TAP_TAPCELL_ROW_35_1701,VSS,Metal1,320.8665,200.9005,0.006407
TAP_TAPCELL_ROW_35_1702,VSS,Metal1,360.0665,200.9005,0.006271
TAP_TAPCELL_ROW_35_1703,VSS,Metal1,399.2665,200.9005,0.006032
TAP_TAPCELL_ROW_35_1704,VSS,Metal1,438.4665,200.9005,0.005800
TAP_TAPCELL_ROW_35_1705,VSS,Metal1,477.6665,200.9005,0.005565
TAP_TAPCELL_ROW_35_1706,VSS,Metal1,516.8665,200.9005,0.005537
TAP_TAPCELL_ROW_35_1707,VSS,Metal1,556.0665,200.9005,0.005589
TAP_TAPCELL_ROW_35_1708,VSS,Metal1,595.2665,200.9005,0.005614
TAP_TAPCELL_ROW_35_1709,VSS,Metal1,634.4665,200.9005,0.005625
TAP_TAPCELL_ROW_35_1710,VSS,Metal1,673.6665,200.9005,0.005802
TAP_TAPCELL_ROW_35_1711,VSS,Metal1,712.8665,200.9005,0.005956
TAP_TAPCELL_ROW_35_1712,VSS,Metal1,752.0665,200.9005,0.006151
TAP_TAPCELL_ROW_35_1713,VSS,Metal1,791.2665,200.9005,0.006379
TAP_TAPCELL_ROW_35_1714,VSS,Metal1,830.4665,200.9005,0.006577
TAP_TAPCELL_ROW_35_1715,VSS,Metal1,869.6665,200.9005,0.006677
TAP_TAPCELL_ROW_35_1716,VSS,Metal1,908.8665,200.9005,0.006778
TAP_TAPCELL_ROW_35_1717,VSS,Metal1,948.0665,200.9005,0.006885
TAP_TAPCELL_ROW_35_1718,VSS,Metal1,987.2665,200.9005,0.007036
TAP_TAPCELL_ROW_35_1719,VSS,Metal1,1026.4665,200.9005,0.007112
TAP_TAPCELL_ROW_35_1720,VSS,Metal1,1065.6665,200.9005,0.007131
TAP_TAPCELL_ROW_36_1721,VSS,Metal1,26.8665,202.2990,0.007023
TAP_TAPCELL_ROW_36_1722,VSS,Metal1,66.0665,202.2990,0.006963
TAP_TAPCELL_ROW_36_1723,VSS,Metal1,105.2665,202.2990,0.006938
TAP_TAPCELL_ROW_36_1724,VSS,Metal1,144.4665,202.2990,0.006917
TAP_TAPCELL_ROW_36_1725,VSS,Metal1,183.6665,202.2990,0.006849
TAP_TAPCELL_ROW_36_1726,VSS,Metal1,222.8665,202.2990,0.006779
TAP_TAPCELL_ROW_36_1727,VSS,Metal1,262.0665,202.2990,0.006610
TAP_TAPCELL_ROW_36_1728,VSS,Metal1,301.2665,202.2990,0.006479
TAP_TAPCELL_ROW_36_1729,VSS,Metal1,340.4665,202.2990,0.006296
TAP_TAPCELL_ROW_36_1730,VSS,Metal1,379.6665,202.2990,0.006147
TAP_TAPCELL_ROW_36_1731,VSS,Metal1,418.8665,202.2990,0.005895
TAP_TAPCELL_ROW_36_1732,VSS,Metal1,458.0665,202.2990,0.005611
TAP_TAPCELL_ROW_36_1733,VSS,Metal1,497.2665,202.2990,0.005526
TAP_TAPCELL_ROW_36_1734,VSS,Metal1,536.4665,202.2990,0.005554
TAP_TAPCELL_ROW_36_1735,VSS,Metal1,575.6665,202.2990,0.005603
TAP_TAPCELL_ROW_36_1736,VSS,Metal1,614.8665,202.2990,0.005623
TAP_TAPCELL_ROW_36_1737,VSS,Metal1,654.0665,202.2990,0.005667
TAP_TAPCELL_ROW_36_1738,VSS,Metal1,693.2665,202.2990,0.005876
TAP_TAPCELL_ROW_36_1739,VSS,Metal1,732.4665,202.2990,0.006129
TAP_TAPCELL_ROW_36_1740,VSS,Metal1,771.6665,202.2990,0.006283
TAP_TAPCELL_ROW_36_1741,VSS,Metal1,810.8665,202.2990,0.006534
TAP_TAPCELL_ROW_36_1742,VSS,Metal1,850.0665,202.2990,0.006620
TAP_TAPCELL_ROW_36_1743,VSS,Metal1,889.2665,202.2990,0.006732
TAP_TAPCELL_ROW_36_1744,VSS,Metal1,928.4665,202.2990,0.006863
TAP_TAPCELL_ROW_36_1745,VSS,Metal1,967.6665,202.2990,0.007027
TAP_TAPCELL_ROW_36_1746,VSS,Metal1,1006.8665,202.2990,0.007069
TAP_TAPCELL_ROW_36_1747,VSS,Metal1,1046.0665,202.2990,0.007128
TAP_TAPCELL_ROW_37_1748,VSS,Metal1,46.4665,210.9805,0.007303
TAP_TAPCELL_ROW_37_1749,VSS,Metal1,85.6665,210.9805,0.006996
TAP_TAPCELL_ROW_37_1750,VSS,Metal1,124.8665,210.9805,0.006929
TAP_TAPCELL_ROW_37_1751,VSS,Metal1,164.0665,210.9805,0.006918
TAP_TAPCELL_ROW_37_1752,VSS,Metal1,203.2665,210.9805,0.006859
TAP_TAPCELL_ROW_37_1753,VSS,Metal1,242.4665,210.9805,0.006755
TAP_TAPCELL_ROW_37_1754,VSS,Metal1,281.6665,210.9805,0.006682
TAP_TAPCELL_ROW_37_1755,VSS,Metal1,320.8665,210.9805,0.006495
TAP_TAPCELL_ROW_37_1756,VSS,Metal1,360.0665,210.9805,0.006286
TAP_TAPCELL_ROW_37_1757,VSS,Metal1,399.2665,210.9805,0.006123
TAP_TAPCELL_ROW_37_1758,VSS,Metal1,438.4665,210.9805,0.006004
TAP_TAPCELL_ROW_37_1759,VSS,Metal1,477.6665,210.9805,0.005777
TAP_TAPCELL_ROW_37_1760,VSS,Metal1,516.8665,210.9805,0.005742
TAP_TAPCELL_ROW_37_1761,VSS,Metal1,556.0665,210.9805,0.005832
TAP_TAPCELL_ROW_37_1762,VSS,Metal1,595.2665,210.9805,0.005851
TAP_TAPCELL_ROW_37_1763,VSS,Metal1,634.4665,210.9805,0.005855
TAP_TAPCELL_ROW_37_1764,VSS,Metal1,673.6665,210.9805,0.006014
TAP_TAPCELL_ROW_37_1765,VSS,Metal1,712.8665,210.9805,0.006088
TAP_TAPCELL_ROW_37_1766,VSS,Metal1,752.0665,210.9805,0.006265
TAP_TAPCELL_ROW_37_1767,VSS,Metal1,791.2665,210.9805,0.006421
TAP_TAPCELL_ROW_37_1768,VSS,Metal1,830.4665,210.9805,0.006525
TAP_TAPCELL_ROW_37_1769,VSS,Metal1,869.6665,210.9805,0.006701
TAP_TAPCELL_ROW_37_1770,VSS,Metal1,908.8665,210.9805,0.006799
TAP_TAPCELL_ROW_37_1771,VSS,Metal1,948.0665,210.9805,0.006820
TAP_TAPCELL_ROW_37_1772,VSS,Metal1,987.2665,210.9805,0.006858
TAP_TAPCELL_ROW_37_1773,VSS,Metal1,1026.4665,210.9805,0.006881
TAP_TAPCELL_ROW_37_1774,VSS,Metal1,1065.6665,210.9805,0.006892
TAP_TAPCELL_ROW_38_1775,VSS,Metal1,26.8665,212.3790,0.007288
TAP_TAPCELL_ROW_38_1776,VSS,Metal1,66.0665,212.3790,0.007292
TAP_TAPCELL_ROW_38_1777,VSS,Metal1,105.2665,212.3790,0.006963
TAP_TAPCELL_ROW_38_1778,VSS,Metal1,144.4665,212.3790,0.006924
TAP_TAPCELL_ROW_38_1779,VSS,Metal1,183.6665,212.3790,0.006877
TAP_TAPCELL_ROW_38_1780,VSS,Metal1,222.8665,212.3790,0.006805
TAP_TAPCELL_ROW_38_1781,VSS,Metal1,262.0665,212.3790,0.006696
TAP_TAPCELL_ROW_38_1782,VSS,Metal1,301.2665,212.3790,0.006585
TAP_TAPCELL_ROW_38_1783,VSS,Metal1,340.4665,212.3790,0.006394
TAP_TAPCELL_ROW_38_1784,VSS,Metal1,379.6665,212.3790,0.006163
TAP_TAPCELL_ROW_38_1785,VSS,Metal1,418.8665,212.3790,0.006047
TAP_TAPCELL_ROW_38_1786,VSS,Metal1,458.0665,212.3790,0.005807
TAP_TAPCELL_ROW_38_1787,VSS,Metal1,497.2665,212.3790,0.005724
TAP_TAPCELL_ROW_38_1788,VSS,Metal1,536.4665,212.3790,0.005790
TAP_TAPCELL_ROW_38_1789,VSS,Metal1,575.6665,212.3790,0.005840
TAP_TAPCELL_ROW_38_1790,VSS,Metal1,614.8665,212.3790,0.005853
TAP_TAPCELL_ROW_38_1791,VSS,Metal1,654.0665,212.3790,0.005980
TAP_TAPCELL_ROW_38_1792,VSS,Metal1,693.2665,212.3790,0.006014
TAP_TAPCELL_ROW_38_1793,VSS,Metal1,732.4665,212.3790,0.006180
TAP_TAPCELL_ROW_38_1794,VSS,Metal1,771.6665,212.3790,0.006330
TAP_TAPCELL_ROW_38_1795,VSS,Metal1,810.8665,212.3790,0.006488
TAP_TAPCELL_ROW_38_1796,VSS,Metal1,850.0665,212.3790,0.006673
TAP_TAPCELL_ROW_38_1797,VSS,Metal1,889.2665,212.3790,0.006753
TAP_TAPCELL_ROW_38_1798,VSS,Metal1,928.4665,212.3790,0.006814
TAP_TAPCELL_ROW_38_1799,VSS,Metal1,967.6665,212.3790,0.006826
TAP_TAPCELL_ROW_38_1800,VSS,Metal1,1006.8665,212.3790,0.006872
TAP_TAPCELL_ROW_38_1801,VSS,Metal1,1046.0665,212.3790,0.006882
TAP_TAPCELL_ROW_39_1802,VSS,Metal1,46.4665,221.0605,0.007090
TAP_TAPCELL_ROW_39_1803,VSS,Metal1,85.6665,221.0605,0.007063
TAP_TAPCELL_ROW_39_1804,VSS,Metal1,124.8665,221.0605,0.007007
TAP_TAPCELL_ROW_39_1805,VSS,Metal1,164.0665,221.0605,0.006928
TAP_TAPCELL_ROW_39_1806,VSS,Metal1,203.2665,221.0605,0.006901
TAP_TAPCELL_ROW_39_1807,VSS,Metal1,242.4665,221.0605,0.006800
TAP_TAPCELL_ROW_39_1808,VSS,Metal1,281.6665,221.0605,0.006743
TAP_TAPCELL_ROW_39_1809,VSS,Metal1,320.8665,221.0605,0.006554
TAP_TAPCELL_ROW_39_1810,VSS,Metal1,360.0665,221.0605,0.006458
TAP_TAPCELL_ROW_39_1811,VSS,Metal1,399.2665,221.0605,0.006339
TAP_TAPCELL_ROW_39_1812,VSS,Metal1,438.4665,221.0605,0.006165
TAP_TAPCELL_ROW_39_1813,VSS,Metal1,477.6665,221.0605,0.006061
TAP_TAPCELL_ROW_39_1814,VSS,Metal1,516.8665,221.0605,0.006081
TAP_TAPCELL_ROW_39_1815,VSS,Metal1,556.0665,221.0605,0.006114
TAP_TAPCELL_ROW_39_1816,VSS,Metal1,595.2665,221.0605,0.006113
TAP_TAPCELL_ROW_39_1817,VSS,Metal1,634.4665,221.0605,0.006106
TAP_TAPCELL_ROW_39_1818,VSS,Metal1,673.6665,221.0605,0.006190
TAP_TAPCELL_ROW_39_1819,VSS,Metal1,712.8665,221.0605,0.006290
TAP_TAPCELL_ROW_39_1820,VSS,Metal1,752.0665,221.0605,0.006446
TAP_TAPCELL_ROW_39_1821,VSS,Metal1,791.2665,221.0605,0.006593
TAP_TAPCELL_ROW_39_1822,VSS,Metal1,830.4665,221.0605,0.006673
TAP_TAPCELL_ROW_39_1823,VSS,Metal1,869.6665,221.0605,0.006805
TAP_TAPCELL_ROW_39_1824,VSS,Metal1,908.8665,221.0605,0.006914
TAP_TAPCELL_ROW_39_1825,VSS,Metal1,948.0665,221.0605,0.006939
TAP_TAPCELL_ROW_39_1826,VSS,Metal1,987.2665,221.0605,0.006985
TAP_TAPCELL_ROW_39_1827,VSS,Metal1,1026.4665,221.0605,0.006990
TAP_TAPCELL_ROW_39_1828,VSS,Metal1,1065.6665,221.0605,0.006992
TAP_TAPCELL_ROW_40_1829,VSS,Metal1,26.8665,222.4590,0.007089
TAP_TAPCELL_ROW_40_1830,VSS,Metal1,66.0665,222.4590,0.007076
TAP_TAPCELL_ROW_40_1831,VSS,Metal1,105.2665,222.4590,0.007057
TAP_TAPCELL_ROW_40_1832,VSS,Metal1,144.4665,222.4590,0.006990
TAP_TAPCELL_ROW_40_1833,VSS,Metal1,183.6665,222.4590,0.006921
TAP_TAPCELL_ROW_40_1834,VSS,Metal1,222.8665,222.4590,0.006819
TAP_TAPCELL_ROW_40_1835,VSS,Metal1,262.0665,222.4590,0.006769
TAP_TAPCELL_ROW_40_1836,VSS,Metal1,301.2665,222.4590,0.006598
TAP_TAPCELL_ROW_40_1837,VSS,Metal1,340.4665,222.4590,0.006537
TAP_TAPCELL_ROW_40_1838,VSS,Metal1,379.6665,222.4590,0.006341
TAP_TAPCELL_ROW_40_1839,VSS,Metal1,418.8665,222.4590,0.006260
TAP_TAPCELL_ROW_40_1840,VSS,Metal1,458.0665,222.4590,0.006063
TAP_TAPCELL_ROW_40_1841,VSS,Metal1,497.2665,222.4590,0.006060
TAP_TAPCELL_ROW_40_1842,VSS,Metal1,536.4665,222.4590,0.006110
TAP_TAPCELL_ROW_40_1843,VSS,Metal1,575.6665,222.4590,0.006115
TAP_TAPCELL_ROW_40_1844,VSS,Metal1,614.8665,222.4590,0.006110
TAP_TAPCELL_ROW_40_1845,VSS,Metal1,654.0665,222.4590,0.006176
TAP_TAPCELL_ROW_40_1846,VSS,Metal1,693.2665,222.4590,0.006215
TAP_TAPCELL_ROW_40_1847,VSS,Metal1,732.4665,222.4590,0.006396
TAP_TAPCELL_ROW_40_1848,VSS,Metal1,771.6665,222.4590,0.006514
TAP_TAPCELL_ROW_40_1849,VSS,Metal1,810.8665,222.4590,0.006635
TAP_TAPCELL_ROW_40_1850,VSS,Metal1,850.0665,222.4590,0.006713
TAP_TAPCELL_ROW_40_1851,VSS,Metal1,889.2665,222.4590,0.006879
TAP_TAPCELL_ROW_40_1852,VSS,Metal1,928.4665,222.4590,0.006934
TAP_TAPCELL_ROW_40_1853,VSS,Metal1,967.6665,222.4590,0.006975
TAP_TAPCELL_ROW_40_1854,VSS,Metal1,1006.8665,222.4590,0.006988
TAP_TAPCELL_ROW_40_1855,VSS,Metal1,1046.0665,222.4590,0.006992
TAP_TAPCELL_ROW_41_1856,VSS,Metal1,46.4665,231.1405,0.007053
TAP_TAPCELL_ROW_41_1857,VSS,Metal1,85.6665,231.1405,0.007056
TAP_TAPCELL_ROW_41_1858,VSS,Metal1,124.8665,231.1405,0.007045
TAP_TAPCELL_ROW_41_1859,VSS,Metal1,164.0665,231.1405,0.007042
TAP_TAPCELL_ROW_41_1860,VSS,Metal1,203.2665,231.1405,0.006980
TAP_TAPCELL_ROW_41_1861,VSS,Metal1,242.4665,231.1405,0.006937
TAP_TAPCELL_ROW_41_1862,VSS,Metal1,281.6665,231.1405,0.006683
TAP_TAPCELL_ROW_41_1863,VSS,Metal1,320.8665,231.1405,0.006522
TAP_TAPCELL_ROW_41_1864,VSS,Metal1,360.0665,231.1405,0.006361
TAP_TAPCELL_ROW_41_1865,VSS,Metal1,399.2665,231.1405,0.006302
TAP_TAPCELL_ROW_41_1866,VSS,Metal1,438.4665,231.1405,0.006247
TAP_TAPCELL_ROW_41_1867,VSS,Metal1,477.6665,231.1405,0.006133
TAP_TAPCELL_ROW_41_1868,VSS,Metal1,516.8665,231.1405,0.006212
TAP_TAPCELL_ROW_41_1869,VSS,Metal1,556.0665,231.1405,0.006231
TAP_TAPCELL_ROW_41_1870,VSS,Metal1,595.2665,231.1405,0.006232
TAP_TAPCELL_ROW_41_1871,VSS,Metal1,634.4665,231.1405,0.006200
TAP_TAPCELL_ROW_41_1872,VSS,Metal1,673.6665,231.1405,0.006429
TAP_TAPCELL_ROW_41_1873,VSS,Metal1,712.8665,231.1405,0.006521
TAP_TAPCELL_ROW_41_1874,VSS,Metal1,752.0665,231.1405,0.006553
TAP_TAPCELL_ROW_41_1875,VSS,Metal1,791.2665,231.1405,0.006558
TAP_TAPCELL_ROW_41_1876,VSS,Metal1,830.4665,231.1405,0.006635
TAP_TAPCELL_ROW_41_1877,VSS,Metal1,869.6665,231.1405,0.006707
TAP_TAPCELL_ROW_41_1878,VSS,Metal1,908.8665,231.1405,0.006793
TAP_TAPCELL_ROW_41_1879,VSS,Metal1,948.0665,231.1405,0.006841
TAP_TAPCELL_ROW_41_1880,VSS,Metal1,987.2665,231.1405,0.006868
TAP_TAPCELL_ROW_41_1881,VSS,Metal1,1026.4665,231.1405,0.006887
TAP_TAPCELL_ROW_41_1882,VSS,Metal1,1065.6665,231.1405,0.006925
TAP_TAPCELL_ROW_42_1883,VSS,Metal1,26.8665,232.5390,0.007041
TAP_TAPCELL_ROW_42_1884,VSS,Metal1,66.0665,232.5390,0.007057
TAP_TAPCELL_ROW_42_1885,VSS,Metal1,105.2665,232.5390,0.007046
TAP_TAPCELL_ROW_42_1886,VSS,Metal1,144.4665,232.5390,0.007044
TAP_TAPCELL_ROW_42_1887,VSS,Metal1,183.6665,232.5390,0.007018
TAP_TAPCELL_ROW_42_1888,VSS,Metal1,222.8665,232.5390,0.006959
TAP_TAPCELL_ROW_42_1889,VSS,Metal1,262.0665,232.5390,0.006709
TAP_TAPCELL_ROW_42_1890,VSS,Metal1,301.2665,232.5390,0.006617
TAP_TAPCELL_ROW_42_1891,VSS,Metal1,340.4665,232.5390,0.006429
TAP_TAPCELL_ROW_42_1892,VSS,Metal1,379.6665,232.5390,0.006317
TAP_TAPCELL_ROW_42_1893,VSS,Metal1,418.8665,232.5390,0.006288
TAP_TAPCELL_ROW_42_1894,VSS,Metal1,458.0665,232.5390,0.006210
TAP_TAPCELL_ROW_42_1895,VSS,Metal1,497.2665,232.5390,0.006133
TAP_TAPCELL_ROW_42_1896,VSS,Metal1,536.4665,232.5390,0.006224
TAP_TAPCELL_ROW_42_1897,VSS,Metal1,575.6665,232.5390,0.006233
TAP_TAPCELL_ROW_42_1898,VSS,Metal1,614.8665,232.5390,0.006224
TAP_TAPCELL_ROW_42_1899,VSS,Metal1,654.0665,232.5390,0.006188
TAP_TAPCELL_ROW_42_1900,VSS,Metal1,693.2665,232.5390,0.006478
TAP_TAPCELL_ROW_42_1901,VSS,Metal1,732.4665,232.5390,0.006528
TAP_TAPCELL_ROW_42_1902,VSS,Metal1,771.6665,232.5390,0.006556
TAP_TAPCELL_ROW_42_1903,VSS,Metal1,810.8665,232.5390,0.006568
TAP_TAPCELL_ROW_42_1904,VSS,Metal1,850.0665,232.5390,0.006696
TAP_TAPCELL_ROW_42_1905,VSS,Metal1,889.2665,232.5390,0.006734
TAP_TAPCELL_ROW_42_1906,VSS,Metal1,928.4665,232.5390,0.006837
TAP_TAPCELL_ROW_42_1907,VSS,Metal1,967.6665,232.5390,0.006864
TAP_TAPCELL_ROW_42_1908,VSS,Metal1,1006.8665,232.5390,0.006886
TAP_TAPCELL_ROW_42_1909,VSS,Metal1,1046.0665,232.5390,0.006922
TAP_TAPCELL_ROW_43_1910,VSS,Metal1,46.4665,241.2205,0.007028
TAP_TAPCELL_ROW_43_1911,VSS,Metal1,85.6665,241.2205,0.007030
TAP_TAPCELL_ROW_43_1912,VSS,Metal1,124.8665,241.2205,0.007027
TAP_TAPCELL_ROW_43_1913,VSS,Metal1,164.0665,241.2205,0.007001
TAP_TAPCELL_ROW_43_1914,VSS,Metal1,203.2665,241.2205,0.006895
TAP_TAPCELL_ROW_43_1915,VSS,Metal1,242.4665,241.2205,0.006844
TAP_TAPCELL_ROW_43_1916,VSS,Metal1,281.6665,241.2205,0.006761
TAP_TAPCELL_ROW_43_1917,VSS,Metal1,320.8665,241.2205,0.006601
TAP_TAPCELL_ROW_43_1918,VSS,Metal1,360.0665,241.2205,0.006490
TAP_TAPCELL_ROW_43_1919,VSS,Metal1,399.2665,241.2205,0.006432
TAP_TAPCELL_ROW_43_1920,VSS,Metal1,438.4665,241.2205,0.006307
TAP_TAPCELL_ROW_43_1921,VSS,Metal1,477.6665,241.2205,0.006144
TAP_TAPCELL_ROW_43_1922,VSS,Metal1,516.8665,241.2205,0.006116
TAP_TAPCELL_ROW_43_1923,VSS,Metal1,556.0665,241.2205,0.006129
TAP_TAPCELL_ROW_43_1924,VSS,Metal1,595.2665,241.2205,0.006123
TAP_TAPCELL_ROW_43_1925,VSS,Metal1,634.4665,241.2205,0.006110
TAP_TAPCELL_ROW_43_1926,VSS,Metal1,673.6665,241.2205,0.006209
TAP_TAPCELL_ROW_43_1927,VSS,Metal1,712.8665,241.2205,0.006293
TAP_TAPCELL_ROW_43_1928,VSS,Metal1,752.0665,241.2205,0.006408
TAP_TAPCELL_ROW_43_1929,VSS,Metal1,791.2665,241.2205,0.006508
TAP_TAPCELL_ROW_43_1930,VSS,Metal1,830.4665,241.2205,0.006628
TAP_TAPCELL_ROW_43_1931,VSS,Metal1,869.6665,241.2205,0.006735
TAP_TAPCELL_ROW_43_1932,VSS,Metal1,908.8665,241.2205,0.006783
TAP_TAPCELL_ROW_43_1933,VSS,Metal1,948.0665,241.2205,0.006804
TAP_TAPCELL_ROW_43_1934,VSS,Metal1,987.2665,241.2205,0.006833
TAP_TAPCELL_ROW_43_1935,VSS,Metal1,1026.4665,241.2205,0.006881
TAP_TAPCELL_ROW_43_1936,VSS,Metal1,1065.6665,241.2205,0.006889
TAP_TAPCELL_ROW_44_1937,VSS,Metal1,26.8665,242.6190,0.007022
TAP_TAPCELL_ROW_44_1938,VSS,Metal1,66.0665,242.6190,0.007030
TAP_TAPCELL_ROW_44_1939,VSS,Metal1,105.2665,242.6190,0.007030
TAP_TAPCELL_ROW_44_1940,VSS,Metal1,144.4665,242.6190,0.007016
TAP_TAPCELL_ROW_44_1941,VSS,Metal1,183.6665,242.6190,0.006901
TAP_TAPCELL_ROW_44_1942,VSS,Metal1,222.8665,242.6190,0.006872
TAP_TAPCELL_ROW_44_1943,VSS,Metal1,262.0665,242.6190,0.006799
TAP_TAPCELL_ROW_44_1944,VSS,Metal1,301.2665,242.6190,0.006679
TAP_TAPCELL_ROW_44_1945,VSS,Metal1,340.4665,242.6190,0.006520
TAP_TAPCELL_ROW_44_1946,VSS,Metal1,379.6665,242.6190,0.006480
TAP_TAPCELL_ROW_44_1947,VSS,Metal1,418.8665,242.6190,0.006388
TAP_TAPCELL_ROW_44_1948,VSS,Metal1,458.0665,242.6190,0.006279
TAP_TAPCELL_ROW_44_1949,VSS,Metal1,497.2665,242.6190,0.006114
TAP_TAPCELL_ROW_44_1950,VSS,Metal1,536.4665,242.6190,0.006127
TAP_TAPCELL_ROW_44_1951,VSS,Metal1,575.6665,242.6190,0.006130
TAP_TAPCELL_ROW_44_1952,VSS,Metal1,614.8665,242.6190,0.006114
TAP_TAPCELL_ROW_44_1953,VSS,Metal1,654.0665,242.6190,0.006163
TAP_TAPCELL_ROW_44_1954,VSS,Metal1,693.2665,242.6190,0.006224
TAP_TAPCELL_ROW_44_1955,VSS,Metal1,732.4665,242.6190,0.006353
TAP_TAPCELL_ROW_44_1956,VSS,Metal1,771.6665,242.6190,0.006492
TAP_TAPCELL_ROW_44_1957,VSS,Metal1,810.8665,242.6190,0.006595
TAP_TAPCELL_ROW_44_1958,VSS,Metal1,850.0665,242.6190,0.006696
TAP_TAPCELL_ROW_44_1959,VSS,Metal1,889.2665,242.6190,0.006758
TAP_TAPCELL_ROW_44_1960,VSS,Metal1,928.4665,242.6190,0.006801
TAP_TAPCELL_ROW_44_1961,VSS,Metal1,967.6665,242.6190,0.006815
TAP_TAPCELL_ROW_44_1962,VSS,Metal1,1006.8665,242.6190,0.006864
TAP_TAPCELL_ROW_44_1963,VSS,Metal1,1046.0665,242.6190,0.006888
TAP_TAPCELL_ROW_45_1964,VSS,Metal1,46.4665,251.3005,0.006927
TAP_TAPCELL_ROW_45_1965,VSS,Metal1,85.6665,251.3005,0.006923
TAP_TAPCELL_ROW_45_1966,VSS,Metal1,124.8665,251.3005,0.006918
TAP_TAPCELL_ROW_45_1967,VSS,Metal1,164.0665,251.3005,0.006888
TAP_TAPCELL_ROW_45_1968,VSS,Metal1,203.2665,251.3005,0.006843
TAP_TAPCELL_ROW_45_1969,VSS,Metal1,242.4665,251.3005,0.006757
TAP_TAPCELL_ROW_45_1970,VSS,Metal1,281.6665,251.3005,0.006714
TAP_TAPCELL_ROW_45_1971,VSS,Metal1,320.8665,251.3005,0.006691
TAP_TAPCELL_ROW_45_1972,VSS,Metal1,360.0665,251.3005,0.006572
TAP_TAPCELL_ROW_45_1973,VSS,Metal1,399.2665,251.3005,0.006537
TAP_TAPCELL_ROW_45_1974,VSS,Metal1,438.4665,251.3005,0.006422
TAP_TAPCELL_ROW_45_1975,VSS,Metal1,477.6665,251.3005,0.006363
TAP_TAPCELL_ROW_45_1976,VSS,Metal1,516.8665,251.3005,0.006329
TAP_TAPCELL_ROW_45_1977,VSS,Metal1,556.0665,251.3005,0.006319
TAP_TAPCELL_ROW_45_1978,VSS,Metal1,595.2665,251.3005,0.006300
TAP_TAPCELL_ROW_45_1979,VSS,Metal1,634.4665,251.3005,0.006243
TAP_TAPCELL_ROW_45_1980,VSS,Metal1,673.6665,251.3005,0.006477
TAP_TAPCELL_ROW_45_1981,VSS,Metal1,712.8665,251.3005,0.006489
TAP_TAPCELL_ROW_45_1982,VSS,Metal1,752.0665,251.3005,0.006513
TAP_TAPCELL_ROW_45_1983,VSS,Metal1,791.2665,251.3005,0.006515
TAP_TAPCELL_ROW_45_1984,VSS,Metal1,830.4665,251.3005,0.006571
TAP_TAPCELL_ROW_45_1985,VSS,Metal1,869.6665,251.3005,0.006658
TAP_TAPCELL_ROW_45_1986,VSS,Metal1,908.8665,251.3005,0.006718
TAP_TAPCELL_ROW_45_1987,VSS,Metal1,948.0665,251.3005,0.006731
TAP_TAPCELL_ROW_45_1988,VSS,Metal1,987.2665,251.3005,0.006747
TAP_TAPCELL_ROW_45_1989,VSS,Metal1,1026.4665,251.3005,0.006801
TAP_TAPCELL_ROW_45_1990,VSS,Metal1,1065.6665,251.3005,0.006803
TAP_TAPCELL_ROW_46_1991,VSS,Metal1,26.8665,252.6990,0.006927
TAP_TAPCELL_ROW_46_1992,VSS,Metal1,66.0665,252.6990,0.006926
TAP_TAPCELL_ROW_46_1993,VSS,Metal1,105.2665,252.6990,0.006920
TAP_TAPCELL_ROW_46_1994,VSS,Metal1,144.4665,252.6990,0.006891
TAP_TAPCELL_ROW_46_1995,VSS,Metal1,183.6665,252.6990,0.006888
TAP_TAPCELL_ROW_46_1996,VSS,Metal1,222.8665,252.6990,0.006769
TAP_TAPCELL_ROW_46_1997,VSS,Metal1,262.0665,252.6990,0.006722
TAP_TAPCELL_ROW_46_1998,VSS,Metal1,301.2665,252.6990,0.006700
TAP_TAPCELL_ROW_46_1999,VSS,Metal1,340.4665,252.6990,0.006576
TAP_TAPCELL_ROW_46_2000,VSS,Metal1,379.6665,252.6990,0.006548
TAP_TAPCELL_ROW_46_2001,VSS,Metal1,418.8665,252.6990,0.006452
TAP_TAPCELL_ROW_46_2002,VSS,Metal1,458.0665,252.6990,0.006405
TAP_TAPCELL_ROW_46_2003,VSS,Metal1,497.2665,252.6990,0.006332
TAP_TAPCELL_ROW_46_2004,VSS,Metal1,536.4665,252.6990,0.006328
TAP_TAPCELL_ROW_46_2005,VSS,Metal1,575.6665,252.6990,0.006315
TAP_TAPCELL_ROW_46_2006,VSS,Metal1,614.8665,252.6990,0.006297
TAP_TAPCELL_ROW_46_2007,VSS,Metal1,654.0665,252.6990,0.006242
TAP_TAPCELL_ROW_46_2008,VSS,Metal1,693.2665,252.6990,0.006484
TAP_TAPCELL_ROW_46_2009,VSS,Metal1,732.4665,252.6990,0.006491
TAP_TAPCELL_ROW_46_2010,VSS,Metal1,771.6665,252.6990,0.006517
TAP_TAPCELL_ROW_46_2011,VSS,Metal1,810.8665,252.6990,0.006535
TAP_TAPCELL_ROW_46_2012,VSS,Metal1,850.0665,252.6990,0.006646
TAP_TAPCELL_ROW_46_2013,VSS,Metal1,889.2665,252.6990,0.006704
TAP_TAPCELL_ROW_46_2014,VSS,Metal1,928.4665,252.6990,0.006725
TAP_TAPCELL_ROW_46_2015,VSS,Metal1,967.6665,252.6990,0.006742
TAP_TAPCELL_ROW_46_2016,VSS,Metal1,1006.8665,252.6990,0.006786
TAP_TAPCELL_ROW_46_2017,VSS,Metal1,1046.0665,252.6990,0.006803
TAP_TAPCELL_ROW_47_2018,VSS,Metal1,46.4665,261.3805,0.007039
TAP_TAPCELL_ROW_47_2019,VSS,Metal1,85.6665,261.3805,0.007036
TAP_TAPCELL_ROW_47_2020,VSS,Metal1,124.8665,261.3805,0.006944
TAP_TAPCELL_ROW_47_2021,VSS,Metal1,164.0665,261.3805,0.006894
TAP_TAPCELL_ROW_47_2022,VSS,Metal1,203.2665,261.3805,0.006745
TAP_TAPCELL_ROW_47_2023,VSS,Metal1,242.4665,261.3805,0.006614
TAP_TAPCELL_ROW_47_2024,VSS,Metal1,281.6665,261.3805,0.006558
TAP_TAPCELL_ROW_47_2025,VSS,Metal1,320.8665,261.3805,0.006475
TAP_TAPCELL_ROW_47_2026,VSS,Metal1,360.0665,261.3805,0.006441
TAP_TAPCELL_ROW_47_2027,VSS,Metal1,399.2665,261.3805,0.006388
TAP_TAPCELL_ROW_47_2028,VSS,Metal1,438.4665,261.3805,0.006364
TAP_TAPCELL_ROW_47_2029,VSS,Metal1,477.6665,261.3805,0.006176
TAP_TAPCELL_ROW_47_2030,VSS,Metal1,516.8665,261.3805,0.006177
TAP_TAPCELL_ROW_47_2031,VSS,Metal1,556.0665,261.3805,0.006202
TAP_TAPCELL_ROW_47_2032,VSS,Metal1,595.2665,261.3805,0.006192
TAP_TAPCELL_ROW_47_2033,VSS,Metal1,634.4665,261.3805,0.006164
TAP_TAPCELL_ROW_47_2034,VSS,Metal1,673.6665,261.3805,0.006190
TAP_TAPCELL_ROW_47_2035,VSS,Metal1,712.8665,261.3805,0.006226
TAP_TAPCELL_ROW_47_2036,VSS,Metal1,752.0665,261.3805,0.006282
TAP_TAPCELL_ROW_47_2037,VSS,Metal1,791.2665,261.3805,0.006352
TAP_TAPCELL_ROW_47_2038,VSS,Metal1,830.4665,261.3805,0.006497
TAP_TAPCELL_ROW_47_2039,VSS,Metal1,869.6665,261.3805,0.006618
TAP_TAPCELL_ROW_47_2040,VSS,Metal1,908.8665,261.3805,0.006690
TAP_TAPCELL_ROW_47_2041,VSS,Metal1,948.0665,261.3805,0.006773
TAP_TAPCELL_ROW_47_2042,VSS,Metal1,987.2665,261.3805,0.006827
TAP_TAPCELL_ROW_47_2043,VSS,Metal1,1026.4665,261.3805,0.007024
TAP_TAPCELL_ROW_47_2044,VSS,Metal1,1065.6665,261.3805,0.007033
TAP_TAPCELL_ROW_48_2045,VSS,Metal1,26.8665,262.7790,0.007030
TAP_TAPCELL_ROW_48_2046,VSS,Metal1,66.0665,262.7790,0.007041
TAP_TAPCELL_ROW_48_2047,VSS,Metal1,105.2665,262.7790,0.006971
TAP_TAPCELL_ROW_48_2048,VSS,Metal1,144.4665,262.7790,0.006931
TAP_TAPCELL_ROW_48_2049,VSS,Metal1,183.6665,262.7790,0.006823
TAP_TAPCELL_ROW_48_2050,VSS,Metal1,222.8665,262.7790,0.006672
TAP_TAPCELL_ROW_48_2051,VSS,Metal1,262.0665,262.7790,0.006603
TAP_TAPCELL_ROW_48_2052,VSS,Metal1,301.2665,262.7790,0.006535
TAP_TAPCELL_ROW_48_2053,VSS,Metal1,340.4665,262.7790,0.006456
TAP_TAPCELL_ROW_48_2054,VSS,Metal1,379.6665,262.7790,0.006416
TAP_TAPCELL_ROW_48_2055,VSS,Metal1,418.8665,262.7790,0.006364
TAP_TAPCELL_ROW_48_2056,VSS,Metal1,458.0665,262.7790,0.006269
TAP_TAPCELL_ROW_48_2057,VSS,Metal1,497.2665,262.7790,0.006164
TAP_TAPCELL_ROW_48_2058,VSS,Metal1,536.4665,262.7790,0.006203
TAP_TAPCELL_ROW_48_2059,VSS,Metal1,575.6665,262.7790,0.006202
TAP_TAPCELL_ROW_48_2060,VSS,Metal1,614.8665,262.7790,0.006186
TAP_TAPCELL_ROW_48_2061,VSS,Metal1,654.0665,262.7790,0.006173
TAP_TAPCELL_ROW_48_2062,VSS,Metal1,693.2665,262.7790,0.006206
TAP_TAPCELL_ROW_48_2063,VSS,Metal1,732.4665,262.7790,0.006264
TAP_TAPCELL_ROW_48_2064,VSS,Metal1,771.6665,262.7790,0.006325
TAP_TAPCELL_ROW_48_2065,VSS,Metal1,810.8665,262.7790,0.006407
TAP_TAPCELL_ROW_48_2066,VSS,Metal1,850.0665,262.7790,0.006552
TAP_TAPCELL_ROW_48_2067,VSS,Metal1,889.2665,262.7790,0.006649
TAP_TAPCELL_ROW_48_2068,VSS,Metal1,928.4665,262.7790,0.006760
TAP_TAPCELL_ROW_48_2069,VSS,Metal1,967.6665,262.7790,0.006798
TAP_TAPCELL_ROW_48_2070,VSS,Metal1,1006.8665,262.7790,0.007006
TAP_TAPCELL_ROW_48_2071,VSS,Metal1,1046.0665,262.7790,0.007030
TAP_TAPCELL_ROW_49_2072,VSS,Metal1,46.4665,271.4605,0.006917
TAP_TAPCELL_ROW_49_2073,VSS,Metal1,85.6665,271.4605,0.006935
TAP_TAPCELL_ROW_49_2074,VSS,Metal1,124.8665,271.4605,0.006934
TAP_TAPCELL_ROW_49_2075,VSS,Metal1,164.0665,271.4605,0.006855
TAP_TAPCELL_ROW_49_2076,VSS,Metal1,203.2665,271.4605,0.006816
TAP_TAPCELL_ROW_49_2077,VSS,Metal1,242.4665,271.4605,0.006773
TAP_TAPCELL_ROW_49_2078,VSS,Metal1,281.6665,271.4605,0.006659
TAP_TAPCELL_ROW_49_2079,VSS,Metal1,320.8665,271.4605,0.006595
TAP_TAPCELL_ROW_49_2080,VSS,Metal1,360.0665,271.4605,0.006580
TAP_TAPCELL_ROW_49_2081,VSS,Metal1,399.2665,271.4605,0.006516
TAP_TAPCELL_ROW_49_2082,VSS,Metal1,438.4665,271.4605,0.006314
TAP_TAPCELL_ROW_49_2083,VSS,Metal1,477.6665,271.4605,0.006200
TAP_TAPCELL_ROW_49_2084,VSS,Metal1,516.8665,271.4605,0.006207
TAP_TAPCELL_ROW_49_2085,VSS,Metal1,556.0665,271.4605,0.006230
TAP_TAPCELL_ROW_49_2086,VSS,Metal1,595.2665,271.4605,0.006221
TAP_TAPCELL_ROW_49_2087,VSS,Metal1,634.4665,271.4605,0.006137
TAP_TAPCELL_ROW_49_2088,VSS,Metal1,673.6665,271.4605,0.006160
TAP_TAPCELL_ROW_49_2089,VSS,Metal1,712.8665,271.4605,0.006266
TAP_TAPCELL_ROW_49_2090,VSS,Metal1,752.0665,271.4605,0.006276
TAP_TAPCELL_ROW_49_2091,VSS,Metal1,791.2665,271.4605,0.006282
TAP_TAPCELL_ROW_49_2092,VSS,Metal1,830.4665,271.4605,0.006340
TAP_TAPCELL_ROW_49_2093,VSS,Metal1,869.6665,271.4605,0.006410
TAP_TAPCELL_ROW_49_2094,VSS,Metal1,908.8665,271.4605,0.006495
TAP_TAPCELL_ROW_49_2095,VSS,Metal1,948.0665,271.4605,0.006531
TAP_TAPCELL_ROW_49_2096,VSS,Metal1,987.2665,271.4605,0.006612
TAP_TAPCELL_ROW_49_2097,VSS,Metal1,1026.4665,271.4605,0.006647
TAP_TAPCELL_ROW_49_2098,VSS,Metal1,1065.6665,271.4605,0.006652
TAP_TAPCELL_ROW_50_2099,VSS,Metal1,26.8665,272.8590,0.006874
TAP_TAPCELL_ROW_50_2100,VSS,Metal1,66.0665,272.8590,0.006918
TAP_TAPCELL_ROW_50_2101,VSS,Metal1,105.2665,272.8590,0.006935
TAP_TAPCELL_ROW_50_2102,VSS,Metal1,144.4665,272.8590,0.006867
TAP_TAPCELL_ROW_50_2103,VSS,Metal1,183.6665,272.8590,0.006824
TAP_TAPCELL_ROW_50_2104,VSS,Metal1,222.8665,272.8590,0.006803
TAP_TAPCELL_ROW_50_2105,VSS,Metal1,262.0665,272.8590,0.006730
TAP_TAPCELL_ROW_50_2106,VSS,Metal1,301.2665,272.8590,0.006635
TAP_TAPCELL_ROW_50_2107,VSS,Metal1,340.4665,272.8590,0.006593
TAP_TAPCELL_ROW_50_2108,VSS,Metal1,379.6665,272.8590,0.006561
TAP_TAPCELL_ROW_50_2109,VSS,Metal1,418.8665,272.8590,0.006459
TAP_TAPCELL_ROW_50_2110,VSS,Metal1,458.0665,272.8590,0.006201
TAP_TAPCELL_ROW_50_2111,VSS,Metal1,497.2665,272.8590,0.006202
TAP_TAPCELL_ROW_50_2112,VSS,Metal1,536.4665,272.8590,0.006213
TAP_TAPCELL_ROW_50_2113,VSS,Metal1,575.6665,272.8590,0.006230
TAP_TAPCELL_ROW_50_2114,VSS,Metal1,614.8665,272.8590,0.006201
TAP_TAPCELL_ROW_50_2115,VSS,Metal1,654.0665,272.8590,0.006156
TAP_TAPCELL_ROW_50_2116,VSS,Metal1,693.2665,272.8590,0.006178
TAP_TAPCELL_ROW_50_2117,VSS,Metal1,732.4665,272.8590,0.006271
TAP_TAPCELL_ROW_50_2118,VSS,Metal1,771.6665,272.8590,0.006282
TAP_TAPCELL_ROW_50_2119,VSS,Metal1,810.8665,272.8590,0.006309
TAP_TAPCELL_ROW_50_2120,VSS,Metal1,850.0665,272.8590,0.006395
TAP_TAPCELL_ROW_50_2121,VSS,Metal1,889.2665,272.8590,0.006452
TAP_TAPCELL_ROW_50_2122,VSS,Metal1,928.4665,272.8590,0.006522
TAP_TAPCELL_ROW_50_2123,VSS,Metal1,967.6665,272.8590,0.006579
TAP_TAPCELL_ROW_50_2124,VSS,Metal1,1006.8665,272.8590,0.006620
TAP_TAPCELL_ROW_50_2125,VSS,Metal1,1046.0665,272.8590,0.006649
TAP_TAPCELL_ROW_51_2126,VSS,Metal1,46.4665,281.5405,0.006719
TAP_TAPCELL_ROW_51_2127,VSS,Metal1,85.6665,281.5405,0.006722
TAP_TAPCELL_ROW_51_2128,VSS,Metal1,124.8665,281.5405,0.006718
TAP_TAPCELL_ROW_51_2129,VSS,Metal1,164.0665,281.5405,0.006677
TAP_TAPCELL_ROW_51_2130,VSS,Metal1,203.2665,281.5405,0.006662
TAP_TAPCELL_ROW_51_2131,VSS,Metal1,242.4665,281.5405,0.006604
TAP_TAPCELL_ROW_51_2132,VSS,Metal1,281.6665,281.5405,0.006573
TAP_TAPCELL_ROW_51_2133,VSS,Metal1,320.8665,281.5405,0.006446
TAP_TAPCELL_ROW_51_2134,VSS,Metal1,360.0665,281.5405,0.006382
TAP_TAPCELL_ROW_51_2135,VSS,Metal1,399.2665,281.5405,0.006336
TAP_TAPCELL_ROW_51_2136,VSS,Metal1,438.4665,281.5405,0.006261
TAP_TAPCELL_ROW_51_2137,VSS,Metal1,477.6665,281.5405,0.005990
TAP_TAPCELL_ROW_51_2138,VSS,Metal1,516.8665,281.5405,0.005979
TAP_TAPCELL_ROW_51_2139,VSS,Metal1,556.0665,281.5405,0.005982
TAP_TAPCELL_ROW_51_2140,VSS,Metal1,595.2665,281.5405,0.005976
TAP_TAPCELL_ROW_51_2141,VSS,Metal1,634.4665,281.5405,0.005933
TAP_TAPCELL_ROW_51_2142,VSS,Metal1,673.6665,281.5405,0.006036
TAP_TAPCELL_ROW_51_2143,VSS,Metal1,712.8665,281.5405,0.006098
TAP_TAPCELL_ROW_51_2144,VSS,Metal1,752.0665,281.5405,0.006206
TAP_TAPCELL_ROW_51_2145,VSS,Metal1,791.2665,281.5405,0.006219
TAP_TAPCELL_ROW_51_2146,VSS,Metal1,830.4665,281.5405,0.006358
TAP_TAPCELL_ROW_51_2147,VSS,Metal1,869.6665,281.5405,0.006409
TAP_TAPCELL_ROW_51_2148,VSS,Metal1,908.8665,281.5405,0.006435
TAP_TAPCELL_ROW_51_2149,VSS,Metal1,948.0665,281.5405,0.006450
TAP_TAPCELL_ROW_51_2150,VSS,Metal1,987.2665,281.5405,0.006506
TAP_TAPCELL_ROW_51_2151,VSS,Metal1,1026.4665,281.5405,0.006513
TAP_TAPCELL_ROW_51_2152,VSS,Metal1,1065.6665,281.5405,0.006529
TAP_TAPCELL_ROW_52_2153,VSS,Metal1,26.8665,282.9390,0.006713
TAP_TAPCELL_ROW_52_2154,VSS,Metal1,66.0665,282.9390,0.006721
TAP_TAPCELL_ROW_52_2155,VSS,Metal1,105.2665,282.9390,0.006721
TAP_TAPCELL_ROW_52_2156,VSS,Metal1,144.4665,282.9390,0.006696
TAP_TAPCELL_ROW_52_2157,VSS,Metal1,183.6665,282.9390,0.006667
TAP_TAPCELL_ROW_52_2158,VSS,Metal1,222.8665,282.9390,0.006646
TAP_TAPCELL_ROW_52_2159,VSS,Metal1,262.0665,282.9390,0.006596
TAP_TAPCELL_ROW_52_2160,VSS,Metal1,301.2665,282.9390,0.006510
TAP_TAPCELL_ROW_52_2161,VSS,Metal1,340.4665,282.9390,0.006387
TAP_TAPCELL_ROW_52_2162,VSS,Metal1,379.6665,282.9390,0.006377
TAP_TAPCELL_ROW_52_2163,VSS,Metal1,418.8665,282.9390,0.006272
TAP_TAPCELL_ROW_52_2164,VSS,Metal1,458.0665,282.9390,0.006139
TAP_TAPCELL_ROW_52_2165,VSS,Metal1,497.2665,282.9390,0.005978
TAP_TAPCELL_ROW_52_2166,VSS,Metal1,536.4665,282.9390,0.005983
TAP_TAPCELL_ROW_52_2167,VSS,Metal1,575.6665,282.9390,0.005979
TAP_TAPCELL_ROW_52_2168,VSS,Metal1,614.8665,282.9390,0.005951
TAP_TAPCELL_ROW_52_2169,VSS,Metal1,654.0665,282.9390,0.005998
TAP_TAPCELL_ROW_52_2170,VSS,Metal1,693.2665,282.9390,0.006072
TAP_TAPCELL_ROW_52_2171,VSS,Metal1,732.4665,282.9390,0.006147
TAP_TAPCELL_ROW_52_2172,VSS,Metal1,771.6665,282.9390,0.006214
TAP_TAPCELL_ROW_52_2173,VSS,Metal1,810.8665,282.9390,0.006272
TAP_TAPCELL_ROW_52_2174,VSS,Metal1,850.0665,282.9390,0.006387
TAP_TAPCELL_ROW_52_2175,VSS,Metal1,889.2665,282.9390,0.006430
TAP_TAPCELL_ROW_52_2176,VSS,Metal1,928.4665,282.9390,0.006442
TAP_TAPCELL_ROW_52_2177,VSS,Metal1,967.6665,282.9390,0.006476
TAP_TAPCELL_ROW_52_2178,VSS,Metal1,1006.8665,282.9390,0.006512
TAP_TAPCELL_ROW_52_2179,VSS,Metal1,1046.0665,282.9390,0.006524
TAP_TAPCELL_ROW_53_2180,VSS,Metal1,46.4665,291.6205,0.006546
TAP_TAPCELL_ROW_53_2181,VSS,Metal1,85.6665,291.6205,0.006554
TAP_TAPCELL_ROW_53_2182,VSS,Metal1,124.8665,291.6205,0.006549
TAP_TAPCELL_ROW_53_2183,VSS,Metal1,164.0665,291.6205,0.006489
TAP_TAPCELL_ROW_53_2184,VSS,Metal1,203.2665,291.6205,0.006453
TAP_TAPCELL_ROW_53_2185,VSS,Metal1,242.4665,291.6205,0.006392
TAP_TAPCELL_ROW_53_2186,VSS,Metal1,281.6665,291.6205,0.006353
TAP_TAPCELL_ROW_53_2187,VSS,Metal1,320.8665,291.6205,0.006234
TAP_TAPCELL_ROW_53_2188,VSS,Metal1,360.0665,291.6205,0.006172
TAP_TAPCELL_ROW_53_2189,VSS,Metal1,399.2665,291.6205,0.006148
TAP_TAPCELL_ROW_53_2190,VSS,Metal1,438.4665,291.6205,0.006082
TAP_TAPCELL_ROW_53_2191,VSS,Metal1,477.6665,291.6205,0.005927
TAP_TAPCELL_ROW_53_2192,VSS,Metal1,516.8665,291.6205,0.005895
TAP_TAPCELL_ROW_53_2193,VSS,Metal1,556.0665,291.6205,0.005890
TAP_TAPCELL_ROW_53_2194,VSS,Metal1,595.2665,291.6205,0.005888
TAP_TAPCELL_ROW_53_2195,VSS,Metal1,634.4665,291.6205,0.005856
TAP_TAPCELL_ROW_53_2196,VSS,Metal1,673.6665,291.6205,0.005922
TAP_TAPCELL_ROW_53_2197,VSS,Metal1,712.8665,291.6205,0.006046
TAP_TAPCELL_ROW_53_2198,VSS,Metal1,752.0665,291.6205,0.006135
TAP_TAPCELL_ROW_53_2199,VSS,Metal1,791.2665,291.6205,0.006134
TAP_TAPCELL_ROW_53_2200,VSS,Metal1,830.4665,291.6205,0.006194
TAP_TAPCELL_ROW_53_2201,VSS,Metal1,869.6665,291.6205,0.006231
TAP_TAPCELL_ROW_53_2202,VSS,Metal1,908.8665,291.6205,0.006247
TAP_TAPCELL_ROW_53_2203,VSS,Metal1,948.0665,291.6205,0.006268
TAP_TAPCELL_ROW_53_2204,VSS,Metal1,987.2665,291.6205,0.006282
TAP_TAPCELL_ROW_53_2205,VSS,Metal1,1026.4665,291.6205,0.006303
TAP_TAPCELL_ROW_53_2206,VSS,Metal1,1065.6665,291.6205,0.006314
TAP_TAPCELL_ROW_54_2207,VSS,Metal1,26.8665,293.0190,0.006545
TAP_TAPCELL_ROW_54_2208,VSS,Metal1,66.0665,293.0190,0.006553
TAP_TAPCELL_ROW_54_2209,VSS,Metal1,105.2665,293.0190,0.006551
TAP_TAPCELL_ROW_54_2210,VSS,Metal1,144.4665,293.0190,0.006518
TAP_TAPCELL_ROW_54_2211,VSS,Metal1,183.6665,293.0190,0.006479
TAP_TAPCELL_ROW_54_2212,VSS,Metal1,222.8665,293.0190,0.006408
TAP_TAPCELL_ROW_54_2213,VSS,Metal1,262.0665,293.0190,0.006376
TAP_TAPCELL_ROW_54_2214,VSS,Metal1,301.2665,293.0190,0.006289
TAP_TAPCELL_ROW_54_2215,VSS,Metal1,340.4665,293.0190,0.006194
TAP_TAPCELL_ROW_54_2216,VSS,Metal1,379.6665,293.0190,0.006151
TAP_TAPCELL_ROW_54_2217,VSS,Metal1,418.8665,293.0190,0.006142
TAP_TAPCELL_ROW_54_2218,VSS,Metal1,458.0665,293.0190,0.005967
TAP_TAPCELL_ROW_54_2219,VSS,Metal1,497.2665,293.0190,0.005895
TAP_TAPCELL_ROW_54_2220,VSS,Metal1,536.4665,293.0190,0.005893
TAP_TAPCELL_ROW_54_2221,VSS,Metal1,575.6665,293.0190,0.005890
TAP_TAPCELL_ROW_54_2222,VSS,Metal1,614.8665,293.0190,0.005859
TAP_TAPCELL_ROW_54_2223,VSS,Metal1,654.0665,293.0190,0.005900
TAP_TAPCELL_ROW_54_2224,VSS,Metal1,693.2665,293.0190,0.006017
TAP_TAPCELL_ROW_54_2225,VSS,Metal1,732.4665,293.0190,0.006079
TAP_TAPCELL_ROW_54_2226,VSS,Metal1,771.6665,293.0190,0.006151
TAP_TAPCELL_ROW_54_2227,VSS,Metal1,810.8665,293.0190,0.006146
TAP_TAPCELL_ROW_54_2228,VSS,Metal1,850.0665,293.0190,0.006214
TAP_TAPCELL_ROW_54_2229,VSS,Metal1,889.2665,293.0190,0.006245
TAP_TAPCELL_ROW_54_2230,VSS,Metal1,928.4665,293.0190,0.006269
TAP_TAPCELL_ROW_54_2231,VSS,Metal1,967.6665,293.0190,0.006282
TAP_TAPCELL_ROW_54_2232,VSS,Metal1,1006.8665,293.0190,0.006292
TAP_TAPCELL_ROW_54_2233,VSS,Metal1,1046.0665,293.0190,0.006311
TAP_TAPCELL_ROW_55_2234,VSS,Metal1,46.4665,301.7005,0.006428
TAP_TAPCELL_ROW_55_2235,VSS,Metal1,85.6665,301.7005,0.006428
TAP_TAPCELL_ROW_55_2236,VSS,Metal1,124.8665,301.7005,0.006409
TAP_TAPCELL_ROW_55_2237,VSS,Metal1,164.0665,301.7005,0.006363
TAP_TAPCELL_ROW_55_2238,VSS,Metal1,203.2665,301.7005,0.006335
TAP_TAPCELL_ROW_55_2239,VSS,Metal1,242.4665,301.7005,0.006247
TAP_TAPCELL_ROW_55_2240,VSS,Metal1,281.6665,301.7005,0.006214
TAP_TAPCELL_ROW_55_2241,VSS,Metal1,320.8665,301.7005,0.006150
TAP_TAPCELL_ROW_55_2242,VSS,Metal1,360.0665,301.7005,0.006079
TAP_TAPCELL_ROW_55_2243,VSS,Metal1,399.2665,301.7005,0.005926
TAP_TAPCELL_ROW_55_2244,VSS,Metal1,438.4665,301.7005,0.005884
TAP_TAPCELL_ROW_55_2245,VSS,Metal1,477.6665,301.7005,0.005712
TAP_TAPCELL_ROW_55_2246,VSS,Metal1,516.8665,301.7005,0.005698
TAP_TAPCELL_ROW_55_2247,VSS,Metal1,556.0665,301.7005,0.005679
TAP_TAPCELL_ROW_55_2248,VSS,Metal1,595.2665,301.7005,0.005676
TAP_TAPCELL_ROW_55_2249,VSS,Metal1,634.4665,301.7005,0.005655
TAP_TAPCELL_ROW_55_2250,VSS,Metal1,673.6665,301.7005,0.005683
TAP_TAPCELL_ROW_55_2251,VSS,Metal1,712.8665,301.7005,0.005745
TAP_TAPCELL_ROW_55_2252,VSS,Metal1,752.0665,301.7005,0.005758
TAP_TAPCELL_ROW_55_2253,VSS,Metal1,791.2665,301.7005,0.005836
TAP_TAPCELL_ROW_55_2254,VSS,Metal1,830.4665,301.7005,0.005930
TAP_TAPCELL_ROW_55_2255,VSS,Metal1,869.6665,301.7005,0.005986
TAP_TAPCELL_ROW_55_2256,VSS,Metal1,908.8665,301.7005,0.006053
TAP_TAPCELL_ROW_55_2257,VSS,Metal1,948.0665,301.7005,0.006122
TAP_TAPCELL_ROW_55_2258,VSS,Metal1,987.2665,301.7005,0.006135
TAP_TAPCELL_ROW_55_2259,VSS,Metal1,1026.4665,301.7005,0.006152
TAP_TAPCELL_ROW_55_2260,VSS,Metal1,1065.6665,301.7005,0.006168
TAP_TAPCELL_ROW_56_2261,VSS,Metal1,26.8665,303.0990,0.006424
TAP_TAPCELL_ROW_56_2262,VSS,Metal1,66.0665,303.0990,0.006428
TAP_TAPCELL_ROW_56_2263,VSS,Metal1,105.2665,303.0990,0.006420
TAP_TAPCELL_ROW_56_2264,VSS,Metal1,144.4665,303.0990,0.006383
TAP_TAPCELL_ROW_56_2265,VSS,Metal1,183.6665,303.0990,0.006363
TAP_TAPCELL_ROW_56_2266,VSS,Metal1,222.8665,303.0990,0.006288
TAP_TAPCELL_ROW_56_2267,VSS,Metal1,262.0665,303.0990,0.006216
TAP_TAPCELL_ROW_56_2268,VSS,Metal1,301.2665,303.0990,0.006153
TAP_TAPCELL_ROW_56_2269,VSS,Metal1,340.4665,303.0990,0.006082
TAP_TAPCELL_ROW_56_2270,VSS,Metal1,379.6665,303.0990,0.005973
TAP_TAPCELL_ROW_56_2271,VSS,Metal1,418.8665,303.0990,0.005925
TAP_TAPCELL_ROW_56_2272,VSS,Metal1,458.0665,303.0990,0.005731
TAP_TAPCELL_ROW_56_2273,VSS,Metal1,497.2665,303.0990,0.005705
TAP_TAPCELL_ROW_56_2274,VSS,Metal1,536.4665,303.0990,0.005689
TAP_TAPCELL_ROW_56_2275,VSS,Metal1,575.6665,303.0990,0.005678
TAP_TAPCELL_ROW_56_2276,VSS,Metal1,614.8665,303.0990,0.005674
TAP_TAPCELL_ROW_56_2277,VSS,Metal1,654.0665,303.0990,0.005663
TAP_TAPCELL_ROW_56_2278,VSS,Metal1,693.2665,303.0990,0.005733
TAP_TAPCELL_ROW_56_2279,VSS,Metal1,732.4665,303.0990,0.005757
TAP_TAPCELL_ROW_56_2280,VSS,Metal1,771.6665,303.0990,0.005807
TAP_TAPCELL_ROW_56_2281,VSS,Metal1,810.8665,303.0990,0.005847
TAP_TAPCELL_ROW_56_2282,VSS,Metal1,850.0665,303.0990,0.005944
TAP_TAPCELL_ROW_56_2283,VSS,Metal1,889.2665,303.0990,0.006026
TAP_TAPCELL_ROW_56_2284,VSS,Metal1,928.4665,303.0990,0.006094
TAP_TAPCELL_ROW_56_2285,VSS,Metal1,967.6665,303.0990,0.006129
TAP_TAPCELL_ROW_56_2286,VSS,Metal1,1006.8665,303.0990,0.006152
TAP_TAPCELL_ROW_56_2287,VSS,Metal1,1046.0665,303.0990,0.006162
TAP_TAPCELL_ROW_57_2288,VSS,Metal1,46.4665,311.7805,0.006411
TAP_TAPCELL_ROW_57_2289,VSS,Metal1,85.6665,311.7805,0.006440
TAP_TAPCELL_ROW_57_2290,VSS,Metal1,124.8665,311.7805,0.006442
TAP_TAPCELL_ROW_57_2291,VSS,Metal1,164.0665,311.7805,0.006419
TAP_TAPCELL_ROW_57_2292,VSS,Metal1,203.2665,311.7805,0.006440
TAP_TAPCELL_ROW_57_2293,VSS,Metal1,242.4665,311.7805,0.006413
TAP_TAPCELL_ROW_57_2294,VSS,Metal1,281.6665,311.7805,0.006336
TAP_TAPCELL_ROW_57_2295,VSS,Metal1,320.8665,311.7805,0.006247
TAP_TAPCELL_ROW_57_2296,VSS,Metal1,360.0665,311.7805,0.006118
TAP_TAPCELL_ROW_57_2297,VSS,Metal1,399.2665,311.7805,0.006006
TAP_TAPCELL_ROW_57_2298,VSS,Metal1,438.4665,311.7805,0.005836
TAP_TAPCELL_ROW_57_2299,VSS,Metal1,477.6665,311.7805,0.005599
TAP_TAPCELL_ROW_57_2300,VSS,Metal1,516.8665,311.7805,0.005481
TAP_TAPCELL_ROW_57_2301,VSS,Metal1,556.0665,311.7805,0.005496
TAP_TAPCELL_ROW_57_2302,VSS,Metal1,595.2665,311.7805,0.005502
TAP_TAPCELL_ROW_57_2303,VSS,Metal1,634.4665,311.7805,0.005494
TAP_TAPCELL_ROW_57_2304,VSS,Metal1,673.6665,311.7805,0.005575
TAP_TAPCELL_ROW_57_2305,VSS,Metal1,712.8665,311.7805,0.005737
TAP_TAPCELL_ROW_57_2306,VSS,Metal1,752.0665,311.7805,0.005773
TAP_TAPCELL_ROW_57_2307,VSS,Metal1,791.2665,311.7805,0.005792
TAP_TAPCELL_ROW_57_2308,VSS,Metal1,830.4665,311.7805,0.006031
TAP_TAPCELL_ROW_57_2309,VSS,Metal1,869.6665,311.7805,0.006116
TAP_TAPCELL_ROW_57_2310,VSS,Metal1,908.8665,311.7805,0.006125
TAP_TAPCELL_ROW_57_2311,VSS,Metal1,948.0665,311.7805,0.006096
TAP_TAPCELL_ROW_57_2312,VSS,Metal1,987.2665,311.7805,0.006141
TAP_TAPCELL_ROW_57_2313,VSS,Metal1,1026.4665,311.7805,0.006201
TAP_TAPCELL_ROW_57_2314,VSS,Metal1,1065.6665,311.7805,0.006207
TAP_TAPCELL_ROW_58_2315,VSS,Metal1,26.8665,313.1790,0.006395
TAP_TAPCELL_ROW_58_2316,VSS,Metal1,66.0665,313.1790,0.006433
TAP_TAPCELL_ROW_58_2317,VSS,Metal1,105.2665,313.1790,0.006443
TAP_TAPCELL_ROW_58_2318,VSS,Metal1,144.4665,313.1790,0.006428
TAP_TAPCELL_ROW_58_2319,VSS,Metal1,183.6665,313.1790,0.006431
TAP_TAPCELL_ROW_58_2320,VSS,Metal1,222.8665,313.1790,0.006417
TAP_TAPCELL_ROW_58_2321,VSS,Metal1,262.0665,313.1790,0.006336
TAP_TAPCELL_ROW_58_2322,VSS,Metal1,301.2665,313.1790,0.006279
TAP_TAPCELL_ROW_58_2323,VSS,Metal1,340.4665,313.1790,0.006198
TAP_TAPCELL_ROW_58_2324,VSS,Metal1,379.6665,313.1790,0.006080
TAP_TAPCELL_ROW_58_2325,VSS,Metal1,418.8665,313.1790,0.005950
TAP_TAPCELL_ROW_58_2326,VSS,Metal1,458.0665,313.1790,0.005680
TAP_TAPCELL_ROW_58_2327,VSS,Metal1,497.2665,313.1790,0.005478
TAP_TAPCELL_ROW_58_2328,VSS,Metal1,536.4665,313.1790,0.005493
TAP_TAPCELL_ROW_58_2329,VSS,Metal1,575.6665,313.1790,0.005498
TAP_TAPCELL_ROW_58_2330,VSS,Metal1,614.8665,313.1790,0.005497
TAP_TAPCELL_ROW_58_2331,VSS,Metal1,654.0665,313.1790,0.005526
TAP_TAPCELL_ROW_58_2332,VSS,Metal1,693.2665,313.1790,0.005690
TAP_TAPCELL_ROW_58_2333,VSS,Metal1,732.4665,313.1790,0.005755
TAP_TAPCELL_ROW_58_2334,VSS,Metal1,771.6665,313.1790,0.005780
TAP_TAPCELL_ROW_58_2335,VSS,Metal1,810.8665,313.1790,0.005808
TAP_TAPCELL_ROW_58_2336,VSS,Metal1,850.0665,313.1790,0.006083
TAP_TAPCELL_ROW_58_2337,VSS,Metal1,889.2665,313.1790,0.006125
TAP_TAPCELL_ROW_58_2338,VSS,Metal1,928.4665,313.1790,0.006121
TAP_TAPCELL_ROW_58_2339,VSS,Metal1,967.6665,313.1790,0.006132
TAP_TAPCELL_ROW_58_2340,VSS,Metal1,1006.8665,313.1790,0.006175
TAP_TAPCELL_ROW_58_2341,VSS,Metal1,1046.0665,313.1790,0.006205
TAP_TAPCELL_ROW_59_2342,VSS,Metal1,46.4665,321.8605,0.006220
TAP_TAPCELL_ROW_59_2343,VSS,Metal1,85.6665,321.8605,0.006211
TAP_TAPCELL_ROW_59_2344,VSS,Metal1,124.8665,321.8605,0.006148
TAP_TAPCELL_ROW_59_2345,VSS,Metal1,164.0665,321.8605,0.006079
TAP_TAPCELL_ROW_59_2346,VSS,Metal1,203.2665,321.8605,0.006023
TAP_TAPCELL_ROW_59_2347,VSS,Metal1,242.4665,321.8605,0.005976
TAP_TAPCELL_ROW_59_2348,VSS,Metal1,281.6665,321.8605,0.005857
TAP_TAPCELL_ROW_59_2349,VSS,Metal1,320.8665,321.8605,0.005762
TAP_TAPCELL_ROW_59_2350,VSS,Metal1,360.0665,321.8605,0.005724
TAP_TAPCELL_ROW_59_2351,VSS,Metal1,399.2665,321.8605,0.005665
TAP_TAPCELL_ROW_59_2352,VSS,Metal1,438.4665,321.8605,0.005507
TAP_TAPCELL_ROW_59_2353,VSS,Metal1,477.6665,321.8605,0.005286
TAP_TAPCELL_ROW_59_2354,VSS,Metal1,516.8665,321.8605,0.005152
TAP_TAPCELL_ROW_59_2355,VSS,Metal1,556.0665,321.8605,0.005137
TAP_TAPCELL_ROW_59_2356,VSS,Metal1,595.2665,321.8605,0.005133
TAP_TAPCELL_ROW_59_2357,VSS,Metal1,634.4665,321.8605,0.005128
TAP_TAPCELL_ROW_59_2358,VSS,Metal1,673.6665,321.8605,0.005289
TAP_TAPCELL_ROW_59_2359,VSS,Metal1,712.8665,321.8605,0.005396
TAP_TAPCELL_ROW_59_2360,VSS,Metal1,752.0665,321.8605,0.005472
TAP_TAPCELL_ROW_59_2361,VSS,Metal1,791.2665,321.8605,0.005531
TAP_TAPCELL_ROW_59_2362,VSS,Metal1,830.4665,321.8605,0.005606
TAP_TAPCELL_ROW_59_2363,VSS,Metal1,869.6665,321.8605,0.005744
TAP_TAPCELL_ROW_59_2364,VSS,Metal1,908.8665,321.8605,0.005821
TAP_TAPCELL_ROW_59_2365,VSS,Metal1,948.0665,321.8605,0.005843
TAP_TAPCELL_ROW_59_2366,VSS,Metal1,987.2665,321.8605,0.005905
TAP_TAPCELL_ROW_59_2367,VSS,Metal1,1026.4665,321.8605,0.005996
TAP_TAPCELL_ROW_59_2368,VSS,Metal1,1065.6665,321.8605,0.006015
TAP_TAPCELL_ROW_60_2369,VSS,Metal1,26.8665,323.2590,0.006158
TAP_TAPCELL_ROW_60_2370,VSS,Metal1,66.0665,323.2590,0.006235
TAP_TAPCELL_ROW_60_2371,VSS,Metal1,105.2665,323.2590,0.006209
TAP_TAPCELL_ROW_60_2372,VSS,Metal1,144.4665,323.2590,0.006124
TAP_TAPCELL_ROW_60_2373,VSS,Metal1,183.6665,323.2590,0.006053
TAP_TAPCELL_ROW_60_2374,VSS,Metal1,222.8665,323.2590,0.005995
TAP_TAPCELL_ROW_60_2375,VSS,Metal1,262.0665,323.2590,0.005934
TAP_TAPCELL_ROW_60_2376,VSS,Metal1,301.2665,323.2590,0.005794
TAP_TAPCELL_ROW_60_2377,VSS,Metal1,340.4665,323.2590,0.005738
TAP_TAPCELL_ROW_60_2378,VSS,Metal1,379.6665,323.2590,0.005704
TAP_TAPCELL_ROW_60_2379,VSS,Metal1,418.8665,323.2590,0.005564
TAP_TAPCELL_ROW_60_2380,VSS,Metal1,458.0665,323.2590,0.005370
TAP_TAPCELL_ROW_60_2381,VSS,Metal1,497.2665,323.2590,0.005154
TAP_TAPCELL_ROW_60_2382,VSS,Metal1,536.4665,323.2590,0.005139
TAP_TAPCELL_ROW_60_2383,VSS,Metal1,575.6665,323.2590,0.005135
TAP_TAPCELL_ROW_60_2384,VSS,Metal1,614.8665,323.2590,0.005132
TAP_TAPCELL_ROW_60_2385,VSS,Metal1,654.0665,323.2590,0.005265
TAP_TAPCELL_ROW_60_2386,VSS,Metal1,693.2665,323.2590,0.005338
TAP_TAPCELL_ROW_60_2387,VSS,Metal1,732.4665,323.2590,0.005444
TAP_TAPCELL_ROW_60_2388,VSS,Metal1,771.6665,323.2590,0.005507
TAP_TAPCELL_ROW_60_2389,VSS,Metal1,810.8665,323.2590,0.005579
TAP_TAPCELL_ROW_60_2390,VSS,Metal1,850.0665,323.2590,0.005658
TAP_TAPCELL_ROW_60_2391,VSS,Metal1,889.2665,323.2590,0.005815
TAP_TAPCELL_ROW_60_2392,VSS,Metal1,928.4665,323.2590,0.005837
TAP_TAPCELL_ROW_60_2393,VSS,Metal1,967.6665,323.2590,0.005889
TAP_TAPCELL_ROW_60_2394,VSS,Metal1,1006.8665,323.2590,0.005939
TAP_TAPCELL_ROW_60_2395,VSS,Metal1,1046.0665,323.2590,0.006013
TAP_TAPCELL_ROW_61_2396,VSS,Metal1,46.4665,331.9405,0.005911
TAP_TAPCELL_ROW_61_2397,VSS,Metal1,85.6665,331.9405,0.005920
TAP_TAPCELL_ROW_61_2398,VSS,Metal1,124.8665,331.9405,0.005912
TAP_TAPCELL_ROW_61_2399,VSS,Metal1,164.0665,331.9405,0.005891
TAP_TAPCELL_ROW_61_2400,VSS,Metal1,203.2665,331.9405,0.005864
TAP_TAPCELL_ROW_61_2401,VSS,Metal1,242.4665,331.9405,0.005530
TAP_TAPCELL_ROW_61_2402,VSS,Metal1,281.6665,331.9405,0.005455
TAP_TAPCELL_ROW_61_2403,VSS,Metal1,320.8665,331.9405,0.005392
TAP_TAPCELL_ROW_61_2404,VSS,Metal1,360.0665,331.9405,0.005201
TAP_TAPCELL_ROW_61_2405,VSS,Metal1,399.2665,331.9405,0.005125
TAP_TAPCELL_ROW_61_2406,VSS,Metal1,438.4665,331.9405,0.005061
TAP_TAPCELL_ROW_61_2407,VSS,Metal1,477.6665,331.9405,0.004876
TAP_TAPCELL_ROW_61_2408,VSS,Metal1,516.8665,331.9405,0.004855
TAP_TAPCELL_ROW_61_2409,VSS,Metal1,556.0665,331.9405,0.004892
TAP_TAPCELL_ROW_61_2410,VSS,Metal1,595.2665,331.9405,0.004939
TAP_TAPCELL_ROW_61_2411,VSS,Metal1,634.4665,331.9405,0.004948
TAP_TAPCELL_ROW_61_2412,VSS,Metal1,673.6665,331.9405,0.004981
TAP_TAPCELL_ROW_61_2413,VSS,Metal1,712.8665,331.9405,0.005183
TAP_TAPCELL_ROW_61_2414,VSS,Metal1,752.0665,331.9405,0.005253
TAP_TAPCELL_ROW_61_2415,VSS,Metal1,791.2665,331.9405,0.005334
TAP_TAPCELL_ROW_61_2416,VSS,Metal1,830.4665,331.9405,0.005367
TAP_TAPCELL_ROW_61_2417,VSS,Metal1,869.6665,331.9405,0.005437
TAP_TAPCELL_ROW_61_2418,VSS,Metal1,908.8665,331.9405,0.005560
TAP_TAPCELL_ROW_61_2419,VSS,Metal1,948.0665,331.9405,0.005596
TAP_TAPCELL_ROW_61_2420,VSS,Metal1,987.2665,331.9405,0.005685
TAP_TAPCELL_ROW_61_2421,VSS,Metal1,1026.4665,331.9405,0.005714
TAP_TAPCELL_ROW_61_2422,VSS,Metal1,1065.6665,331.9405,0.005722
TAP_TAPCELL_ROW_62_2423,VSS,Metal1,26.8665,333.3390,0.005901
TAP_TAPCELL_ROW_62_2424,VSS,Metal1,66.0665,333.3390,0.005921
TAP_TAPCELL_ROW_62_2425,VSS,Metal1,105.2665,333.3390,0.005917
TAP_TAPCELL_ROW_62_2426,VSS,Metal1,144.4665,333.3390,0.005897
TAP_TAPCELL_ROW_62_2427,VSS,Metal1,183.6665,333.3390,0.005871
TAP_TAPCELL_ROW_62_2428,VSS,Metal1,222.8665,333.3390,0.005846
TAP_TAPCELL_ROW_62_2429,VSS,Metal1,262.0665,333.3390,0.005488
TAP_TAPCELL_ROW_62_2430,VSS,Metal1,301.2665,333.3390,0.005403
TAP_TAPCELL_ROW_62_2431,VSS,Metal1,340.4665,333.3390,0.005288
TAP_TAPCELL_ROW_62_2432,VSS,Metal1,379.6665,333.3390,0.005151
TAP_TAPCELL_ROW_62_2433,VSS,Metal1,418.8665,333.3390,0.005117
TAP_TAPCELL_ROW_62_2434,VSS,Metal1,458.0665,333.3390,0.004923
TAP_TAPCELL_ROW_62_2435,VSS,Metal1,497.2665,333.3390,0.004854
TAP_TAPCELL_ROW_62_2436,VSS,Metal1,536.4665,333.3390,0.004881
TAP_TAPCELL_ROW_62_2437,VSS,Metal1,575.6665,333.3390,0.004906
TAP_TAPCELL_ROW_62_2438,VSS,Metal1,614.8665,333.3390,0.004940
TAP_TAPCELL_ROW_62_2439,VSS,Metal1,654.0665,333.3390,0.004961
TAP_TAPCELL_ROW_62_2440,VSS,Metal1,693.2665,333.3390,0.005143
TAP_TAPCELL_ROW_62_2441,VSS,Metal1,732.4665,333.3390,0.005227
TAP_TAPCELL_ROW_62_2442,VSS,Metal1,771.6665,333.3390,0.005319
TAP_TAPCELL_ROW_62_2443,VSS,Metal1,810.8665,333.3390,0.005365
TAP_TAPCELL_ROW_62_2444,VSS,Metal1,850.0665,333.3390,0.005394
TAP_TAPCELL_ROW_62_2445,VSS,Metal1,889.2665,333.3390,0.005508
TAP_TAPCELL_ROW_62_2446,VSS,Metal1,928.4665,333.3390,0.005576
TAP_TAPCELL_ROW_62_2447,VSS,Metal1,967.6665,333.3390,0.005675
TAP_TAPCELL_ROW_62_2448,VSS,Metal1,1006.8665,333.3390,0.005690
TAP_TAPCELL_ROW_62_2449,VSS,Metal1,1046.0665,333.3390,0.005717
TAP_TAPCELL_ROW_63_2450,VSS,Metal1,46.4665,342.0205,0.005688
TAP_TAPCELL_ROW_63_2451,VSS,Metal1,85.6665,342.0205,0.005664
TAP_TAPCELL_ROW_63_2452,VSS,Metal1,124.8665,342.0205,0.005654
TAP_TAPCELL_ROW_63_2453,VSS,Metal1,164.0665,342.0205,0.005610
TAP_TAPCELL_ROW_63_2454,VSS,Metal1,203.2665,342.0205,0.005599
TAP_TAPCELL_ROW_63_2455,VSS,Metal1,242.4665,342.0205,0.005450
TAP_TAPCELL_ROW_63_2456,VSS,Metal1,281.6665,342.0205,0.005343
TAP_TAPCELL_ROW_63_2457,VSS,Metal1,320.8665,342.0205,0.005247
TAP_TAPCELL_ROW_63_2458,VSS,Metal1,360.0665,342.0205,0.005076
TAP_TAPCELL_ROW_63_2459,VSS,Metal1,399.2665,342.0205,0.004907
TAP_TAPCELL_ROW_63_2460,VSS,Metal1,438.4665,342.0205,0.004756
TAP_TAPCELL_ROW_63_2461,VSS,Metal1,477.6665,342.0205,0.004539
TAP_TAPCELL_ROW_63_2462,VSS,Metal1,516.8665,342.0205,0.004572
TAP_TAPCELL_ROW_63_2463,VSS,Metal1,556.0665,342.0205,0.004571
TAP_TAPCELL_ROW_63_2464,VSS,Metal1,595.2665,342.0205,0.004535
TAP_TAPCELL_ROW_63_2465,VSS,Metal1,634.4665,342.0205,0.004515
TAP_TAPCELL_ROW_63_2466,VSS,Metal1,673.6665,342.0205,0.004607
TAP_TAPCELL_ROW_63_2467,VSS,Metal1,712.8665,342.0205,0.004776
TAP_TAPCELL_ROW_63_2468,VSS,Metal1,752.0665,342.0205,0.005020
TAP_TAPCELL_ROW_63_2469,VSS,Metal1,791.2665,342.0205,0.005056
TAP_TAPCELL_ROW_63_2470,VSS,Metal1,830.4665,342.0205,0.005128
TAP_TAPCELL_ROW_63_2471,VSS,Metal1,869.6665,342.0205,0.005312
TAP_TAPCELL_ROW_63_2472,VSS,Metal1,908.8665,342.0205,0.005366
TAP_TAPCELL_ROW_63_2473,VSS,Metal1,948.0665,342.0205,0.005501
TAP_TAPCELL_ROW_63_2474,VSS,Metal1,987.2665,342.0205,0.005728
TAP_TAPCELL_ROW_63_2475,VSS,Metal1,1026.4665,342.0205,0.005831
TAP_TAPCELL_ROW_63_2476,VSS,Metal1,1065.6665,342.0205,0.005853
TAP_TAPCELL_ROW_64_2477,VSS,Metal1,26.8665,343.4190,0.005687
TAP_TAPCELL_ROW_64_2478,VSS,Metal1,66.0665,343.4190,0.005674
TAP_TAPCELL_ROW_64_2479,VSS,Metal1,105.2665,343.4190,0.005662
TAP_TAPCELL_ROW_64_2480,VSS,Metal1,144.4665,343.4190,0.005653
TAP_TAPCELL_ROW_64_2481,VSS,Metal1,183.6665,343.4190,0.005609
TAP_TAPCELL_ROW_64_2482,VSS,Metal1,222.8665,343.4190,0.005545
TAP_TAPCELL_ROW_64_2483,VSS,Metal1,262.0665,343.4190,0.005394
TAP_TAPCELL_ROW_64_2484,VSS,Metal1,301.2665,343.4190,0.005279
TAP_TAPCELL_ROW_64_2485,VSS,Metal1,340.4665,343.4190,0.005133
TAP_TAPCELL_ROW_64_2486,VSS,Metal1,379.6665,343.4190,0.005029
TAP_TAPCELL_ROW_64_2487,VSS,Metal1,418.8665,343.4190,0.004841
TAP_TAPCELL_ROW_64_2488,VSS,Metal1,458.0665,343.4190,0.004678
TAP_TAPCELL_ROW_64_2489,VSS,Metal1,497.2665,343.4190,0.004569
TAP_TAPCELL_ROW_64_2490,VSS,Metal1,536.4665,343.4190,0.004572
TAP_TAPCELL_ROW_64_2491,VSS,Metal1,575.6665,343.4190,0.004561
TAP_TAPCELL_ROW_64_2492,VSS,Metal1,614.8665,343.4190,0.004528
TAP_TAPCELL_ROW_64_2493,VSS,Metal1,654.0665,343.4190,0.004594
TAP_TAPCELL_ROW_64_2494,VSS,Metal1,693.2665,343.4190,0.004738
TAP_TAPCELL_ROW_64_2495,VSS,Metal1,732.4665,343.4190,0.004909
TAP_TAPCELL_ROW_64_2496,VSS,Metal1,771.6665,343.4190,0.005055
TAP_TAPCELL_ROW_64_2497,VSS,Metal1,810.8665,343.4190,0.005098
TAP_TAPCELL_ROW_64_2498,VSS,Metal1,850.0665,343.4190,0.005226
TAP_TAPCELL_ROW_64_2499,VSS,Metal1,889.2665,343.4190,0.005352
TAP_TAPCELL_ROW_64_2500,VSS,Metal1,928.4665,343.4190,0.005457
TAP_TAPCELL_ROW_64_2501,VSS,Metal1,967.6665,343.4190,0.005615
TAP_TAPCELL_ROW_64_2502,VSS,Metal1,1006.8665,343.4190,0.005778
TAP_TAPCELL_ROW_64_2503,VSS,Metal1,1046.0665,343.4190,0.005848
TAP_TAPCELL_ROW_65_2504,VSS,Metal1,46.4665,352.1005,0.005569
TAP_TAPCELL_ROW_65_2505,VSS,Metal1,85.6665,352.1005,0.005572
TAP_TAPCELL_ROW_65_2506,VSS,Metal1,124.8665,352.1005,0.005567
TAP_TAPCELL_ROW_65_2507,VSS,Metal1,164.0665,352.1005,0.005384
TAP_TAPCELL_ROW_65_2508,VSS,Metal1,203.2665,352.1005,0.005362
TAP_TAPCELL_ROW_65_2509,VSS,Metal1,242.4665,352.1005,0.005343
TAP_TAPCELL_ROW_65_2510,VSS,Metal1,281.6665,352.1005,0.005293
TAP_TAPCELL_ROW_65_2511,VSS,Metal1,320.8665,352.1005,0.005215
TAP_TAPCELL_ROW_65_2512,VSS,Metal1,360.0665,352.1005,0.005143
TAP_TAPCELL_ROW_65_2513,VSS,Metal1,399.2665,352.1005,0.005099
TAP_TAPCELL_ROW_65_2514,VSS,Metal1,438.4665,352.1005,0.004858
TAP_TAPCELL_ROW_65_2515,VSS,Metal1,477.6665,352.1005,0.004386
TAP_TAPCELL_ROW_65_2516,VSS,Metal1,516.8665,352.1005,0.004343
TAP_TAPCELL_ROW_65_2517,VSS,Metal1,556.0665,352.1005,0.004348
TAP_TAPCELL_ROW_65_2518,VSS,Metal1,595.2665,352.1005,0.004339
TAP_TAPCELL_ROW_65_2519,VSS,Metal1,634.4665,352.1005,0.004330
TAP_TAPCELL_ROW_65_2520,VSS,Metal1,673.6665,352.1005,0.004445
TAP_TAPCELL_ROW_65_2521,VSS,Metal1,712.8665,352.1005,0.004616
TAP_TAPCELL_ROW_65_2522,VSS,Metal1,752.0665,352.1005,0.004709
TAP_TAPCELL_ROW_65_2523,VSS,Metal1,791.2665,352.1005,0.004836
TAP_TAPCELL_ROW_65_2524,VSS,Metal1,830.4665,352.1005,0.005234
TAP_TAPCELL_ROW_65_2525,VSS,Metal1,869.6665,352.1005,0.005279
TAP_TAPCELL_ROW_65_2526,VSS,Metal1,908.8665,352.1005,0.005317
TAP_TAPCELL_ROW_65_2527,VSS,Metal1,948.0665,352.1005,0.005325
TAP_TAPCELL_ROW_65_2528,VSS,Metal1,987.2665,352.1005,0.005344
TAP_TAPCELL_ROW_65_2529,VSS,Metal1,1026.4665,352.1005,0.005361
TAP_TAPCELL_ROW_65_2530,VSS,Metal1,1065.6665,352.1005,0.005379
TAP_TAPCELL_ROW_66_2531,VSS,Metal1,26.8665,353.4990,0.005554
TAP_TAPCELL_ROW_66_2532,VSS,Metal1,66.0665,353.4990,0.005571
TAP_TAPCELL_ROW_66_2533,VSS,Metal1,105.2665,353.4990,0.005571
TAP_TAPCELL_ROW_66_2534,VSS,Metal1,144.4665,353.4990,0.005564
TAP_TAPCELL_ROW_66_2535,VSS,Metal1,183.6665,353.4990,0.005370
TAP_TAPCELL_ROW_66_2536,VSS,Metal1,222.8665,353.4990,0.005352
TAP_TAPCELL_ROW_66_2537,VSS,Metal1,262.0665,353.4990,0.005341
TAP_TAPCELL_ROW_66_2538,VSS,Metal1,301.2665,353.4990,0.005243
TAP_TAPCELL_ROW_66_2539,VSS,Metal1,340.4665,353.4990,0.005166
TAP_TAPCELL_ROW_66_2540,VSS,Metal1,379.6665,353.4990,0.005127
TAP_TAPCELL_ROW_66_2541,VSS,Metal1,418.8665,353.4990,0.005043
TAP_TAPCELL_ROW_66_2542,VSS,Metal1,458.0665,353.4990,0.004606
TAP_TAPCELL_ROW_66_2543,VSS,Metal1,497.2665,353.4990,0.004342
TAP_TAPCELL_ROW_66_2544,VSS,Metal1,536.4665,353.4990,0.004348
TAP_TAPCELL_ROW_66_2545,VSS,Metal1,575.6665,353.4990,0.004344
TAP_TAPCELL_ROW_66_2546,VSS,Metal1,614.8665,353.4990,0.004335
TAP_TAPCELL_ROW_66_2547,VSS,Metal1,654.0665,353.4990,0.004417
TAP_TAPCELL_ROW_66_2548,VSS,Metal1,693.2665,353.4990,0.004536
TAP_TAPCELL_ROW_66_2549,VSS,Metal1,732.4665,353.4990,0.004657
TAP_TAPCELL_ROW_66_2550,VSS,Metal1,771.6665,353.4990,0.004774
TAP_TAPCELL_ROW_66_2551,VSS,Metal1,810.8665,353.4990,0.004853
TAP_TAPCELL_ROW_66_2552,VSS,Metal1,850.0665,353.4990,0.005265
TAP_TAPCELL_ROW_66_2553,VSS,Metal1,889.2665,353.4990,0.005300
TAP_TAPCELL_ROW_66_2554,VSS,Metal1,928.4665,353.4990,0.005317
TAP_TAPCELL_ROW_66_2555,VSS,Metal1,967.6665,353.4990,0.005343
TAP_TAPCELL_ROW_66_2556,VSS,Metal1,1006.8665,353.4990,0.005344
TAP_TAPCELL_ROW_66_2557,VSS,Metal1,1046.0665,353.4990,0.005365
TAP_TAPCELL_ROW_67_2558,VSS,Metal1,46.4665,362.1805,0.005319
TAP_TAPCELL_ROW_67_2559,VSS,Metal1,85.6665,362.1805,0.005314
TAP_TAPCELL_ROW_67_2560,VSS,Metal1,124.8665,362.1805,0.005288
TAP_TAPCELL_ROW_67_2561,VSS,Metal1,164.0665,362.1805,0.005261
TAP_TAPCELL_ROW_67_2562,VSS,Metal1,203.2665,362.1805,0.005254
TAP_TAPCELL_ROW_67_2563,VSS,Metal1,242.4665,362.1805,0.005189
TAP_TAPCELL_ROW_67_2564,VSS,Metal1,281.6665,362.1805,0.005128
TAP_TAPCELL_ROW_67_2565,VSS,Metal1,320.8665,362.1805,0.005060
TAP_TAPCELL_ROW_67_2566,VSS,Metal1,360.0665,362.1805,0.005016
TAP_TAPCELL_ROW_67_2567,VSS,Metal1,399.2665,362.1805,0.004619
TAP_TAPCELL_ROW_67_2568,VSS,Metal1,438.4665,362.1805,0.004408
TAP_TAPCELL_ROW_67_2569,VSS,Metal1,477.6665,362.1805,0.004337
TAP_TAPCELL_ROW_67_2570,VSS,Metal1,516.8665,362.1805,0.004346
TAP_TAPCELL_ROW_67_2571,VSS,Metal1,556.0665,362.1805,0.004353
TAP_TAPCELL_ROW_67_2572,VSS,Metal1,595.2665,362.1805,0.004352
TAP_TAPCELL_ROW_67_2573,VSS,Metal1,634.4665,362.1805,0.004340
TAP_TAPCELL_ROW_67_2574,VSS,Metal1,673.6665,362.1805,0.004398
TAP_TAPCELL_ROW_67_2575,VSS,Metal1,712.8665,362.1805,0.004445
TAP_TAPCELL_ROW_67_2576,VSS,Metal1,752.0665,362.1805,0.004519
TAP_TAPCELL_ROW_67_2577,VSS,Metal1,791.2665,362.1805,0.004831
TAP_TAPCELL_ROW_67_2578,VSS,Metal1,830.4665,362.1805,0.004904
TAP_TAPCELL_ROW_67_2579,VSS,Metal1,869.6665,362.1805,0.005025
TAP_TAPCELL_ROW_67_2580,VSS,Metal1,908.8665,362.1805,0.005089
TAP_TAPCELL_ROW_67_2581,VSS,Metal1,948.0665,362.1805,0.005130
TAP_TAPCELL_ROW_67_2582,VSS,Metal1,987.2665,362.1805,0.005160
TAP_TAPCELL_ROW_67_2583,VSS,Metal1,1026.4665,362.1805,0.005172
TAP_TAPCELL_ROW_67_2584,VSS,Metal1,1065.6665,362.1805,0.005199
TAP_TAPCELL_ROW_68_2585,VSS,Metal1,26.8665,363.5790,0.005320
TAP_TAPCELL_ROW_68_2586,VSS,Metal1,66.0665,363.5790,0.005318
TAP_TAPCELL_ROW_68_2587,VSS,Metal1,105.2665,363.5790,0.005292
TAP_TAPCELL_ROW_68_2588,VSS,Metal1,144.4665,363.5790,0.005263
TAP_TAPCELL_ROW_68_2589,VSS,Metal1,183.6665,363.5790,0.005258
TAP_TAPCELL_ROW_68_2590,VSS,Metal1,222.8665,363.5790,0.005238
TAP_TAPCELL_ROW_68_2591,VSS,Metal1,262.0665,363.5790,0.005158
TAP_TAPCELL_ROW_68_2592,VSS,Metal1,301.2665,363.5790,0.005111
TAP_TAPCELL_ROW_68_2593,VSS,Metal1,340.4665,363.5790,0.005057
TAP_TAPCELL_ROW_68_2594,VSS,Metal1,379.6665,363.5790,0.004634
TAP_TAPCELL_ROW_68_2595,VSS,Metal1,418.8665,363.5790,0.004611
TAP_TAPCELL_ROW_68_2596,VSS,Metal1,458.0665,363.5790,0.004366
TAP_TAPCELL_ROW_68_2597,VSS,Metal1,497.2665,363.5790,0.004330
TAP_TAPCELL_ROW_68_2598,VSS,Metal1,536.4665,363.5790,0.004352
TAP_TAPCELL_ROW_68_2599,VSS,Metal1,575.6665,363.5790,0.004353
TAP_TAPCELL_ROW_68_2600,VSS,Metal1,614.8665,363.5790,0.004343
TAP_TAPCELL_ROW_68_2601,VSS,Metal1,654.0665,363.5790,0.004382
TAP_TAPCELL_ROW_68_2602,VSS,Metal1,693.2665,363.5790,0.004423
TAP_TAPCELL_ROW_68_2603,VSS,Metal1,732.4665,363.5790,0.004499
TAP_TAPCELL_ROW_68_2604,VSS,Metal1,771.6665,363.5790,0.004542
TAP_TAPCELL_ROW_68_2605,VSS,Metal1,810.8665,363.5790,0.004837
TAP_TAPCELL_ROW_68_2606,VSS,Metal1,850.0665,363.5790,0.004963
TAP_TAPCELL_ROW_68_2607,VSS,Metal1,889.2665,363.5790,0.005062
TAP_TAPCELL_ROW_68_2608,VSS,Metal1,928.4665,363.5790,0.005090
TAP_TAPCELL_ROW_68_2609,VSS,Metal1,967.6665,363.5790,0.005160
TAP_TAPCELL_ROW_68_2610,VSS,Metal1,1006.8665,363.5790,0.005167
TAP_TAPCELL_ROW_68_2611,VSS,Metal1,1046.0665,363.5790,0.005190
TAP_TAPCELL_ROW_69_2612,VSS,Metal1,46.4665,372.2605,0.005264
TAP_TAPCELL_ROW_69_2613,VSS,Metal1,85.6665,372.2605,0.005295
TAP_TAPCELL_ROW_69_2614,VSS,Metal1,124.8665,372.2605,0.005337
TAP_TAPCELL_ROW_69_2615,VSS,Metal1,164.0665,372.2605,0.005299
TAP_TAPCELL_ROW_69_2616,VSS,Metal1,203.2665,372.2605,0.005206
TAP_TAPCELL_ROW_69_2617,VSS,Metal1,242.4665,372.2605,0.004790
TAP_TAPCELL_ROW_69_2618,VSS,Metal1,281.6665,372.2605,0.004753
TAP_TAPCELL_ROW_69_2619,VSS,Metal1,320.8665,372.2605,0.004729
TAP_TAPCELL_ROW_69_2620,VSS,Metal1,360.0665,372.2605,0.004691
TAP_TAPCELL_ROW_69_2621,VSS,Metal1,399.2665,372.2605,0.004647
TAP_TAPCELL_ROW_69_2622,VSS,Metal1,438.4665,372.2605,0.004561
TAP_TAPCELL_ROW_69_2623,VSS,Metal1,477.6665,372.2605,0.004352
TAP_TAPCELL_ROW_69_2624,VSS,Metal1,516.8665,372.2605,0.004326
TAP_TAPCELL_ROW_69_2625,VSS,Metal1,556.0665,372.2605,0.004320
TAP_TAPCELL_ROW_69_2626,VSS,Metal1,595.2665,372.2605,0.004275
TAP_TAPCELL_ROW_69_2627,VSS,Metal1,634.4665,372.2605,0.004258
TAP_TAPCELL_ROW_69_2628,VSS,Metal1,673.6665,372.2605,0.004349
TAP_TAPCELL_ROW_69_2629,VSS,Metal1,712.8665,372.2605,0.004502
TAP_TAPCELL_ROW_69_2630,VSS,Metal1,752.0665,372.2605,0.004633
TAP_TAPCELL_ROW_69_2631,VSS,Metal1,791.2665,372.2605,0.004674
TAP_TAPCELL_ROW_69_2632,VSS,Metal1,830.4665,372.2605,0.004790
TAP_TAPCELL_ROW_69_2633,VSS,Metal1,869.6665,372.2605,0.004929
TAP_TAPCELL_ROW_69_2634,VSS,Metal1,908.8665,372.2605,0.005026
TAP_TAPCELL_ROW_69_2635,VSS,Metal1,948.0665,372.2605,0.005079
TAP_TAPCELL_ROW_69_2636,VSS,Metal1,987.2665,372.2605,0.005129
TAP_TAPCELL_ROW_69_2637,VSS,Metal1,1026.4665,372.2605,0.005179
TAP_TAPCELL_ROW_69_2638,VSS,Metal1,1065.6665,372.2605,0.005185
TAP_TAPCELL_ROW_70_2639,VSS,Metal1,26.8665,373.6590,0.005245
TAP_TAPCELL_ROW_70_2640,VSS,Metal1,66.0665,373.6590,0.005293
TAP_TAPCELL_ROW_70_2641,VSS,Metal1,105.2665,373.6590,0.005335
TAP_TAPCELL_ROW_70_2642,VSS,Metal1,144.4665,373.6590,0.005333
TAP_TAPCELL_ROW_70_2643,VSS,Metal1,183.6665,373.6590,0.005223
TAP_TAPCELL_ROW_70_2644,VSS,Metal1,222.8665,373.6590,0.005201
TAP_TAPCELL_ROW_70_2645,VSS,Metal1,262.0665,373.6590,0.004766
TAP_TAPCELL_ROW_70_2646,VSS,Metal1,301.2665,373.6590,0.004737
TAP_TAPCELL_ROW_70_2647,VSS,Metal1,340.4665,373.6590,0.004726
TAP_TAPCELL_ROW_70_2648,VSS,Metal1,379.6665,373.6590,0.004665
TAP_TAPCELL_ROW_70_2649,VSS,Metal1,418.8665,373.6590,0.004606
TAP_TAPCELL_ROW_70_2650,VSS,Metal1,458.0665,373.6590,0.004449
TAP_TAPCELL_ROW_70_2651,VSS,Metal1,497.2665,373.6590,0.004327
TAP_TAPCELL_ROW_70_2652,VSS,Metal1,536.4665,373.6590,0.004321
TAP_TAPCELL_ROW_70_2653,VSS,Metal1,575.6665,373.6590,0.004294
TAP_TAPCELL_ROW_70_2654,VSS,Metal1,614.8665,373.6590,0.004266
TAP_TAPCELL_ROW_70_2655,VSS,Metal1,654.0665,373.6590,0.004310
TAP_TAPCELL_ROW_70_2656,VSS,Metal1,693.2665,373.6590,0.004443
TAP_TAPCELL_ROW_70_2657,VSS,Metal1,732.4665,373.6590,0.004579
TAP_TAPCELL_ROW_70_2658,VSS,Metal1,771.6665,373.6590,0.004652
TAP_TAPCELL_ROW_70_2659,VSS,Metal1,810.8665,373.6590,0.004734
TAP_TAPCELL_ROW_70_2660,VSS,Metal1,850.0665,373.6590,0.004826
TAP_TAPCELL_ROW_70_2661,VSS,Metal1,889.2665,373.6590,0.005000
TAP_TAPCELL_ROW_70_2662,VSS,Metal1,928.4665,373.6590,0.005034
TAP_TAPCELL_ROW_70_2663,VSS,Metal1,967.6665,373.6590,0.005125
TAP_TAPCELL_ROW_70_2664,VSS,Metal1,1006.8665,373.6590,0.005143
TAP_TAPCELL_ROW_70_2665,VSS,Metal1,1046.0665,373.6590,0.005181
TAP_TAPCELL_ROW_71_2666,VSS,Metal1,46.4665,382.3405,0.005018
TAP_TAPCELL_ROW_71_2667,VSS,Metal1,85.6665,382.3405,0.005019
TAP_TAPCELL_ROW_71_2668,VSS,Metal1,124.8665,382.3405,0.005009
TAP_TAPCELL_ROW_71_2669,VSS,Metal1,164.0665,382.3405,0.005003
TAP_TAPCELL_ROW_71_2670,VSS,Metal1,203.2665,382.3405,0.004997
TAP_TAPCELL_ROW_71_2671,VSS,Metal1,242.4665,382.3405,0.004979
TAP_TAPCELL_ROW_71_2672,VSS,Metal1,281.6665,382.3405,0.004827
TAP_TAPCELL_ROW_71_2673,VSS,Metal1,320.8665,382.3405,0.004750
TAP_TAPCELL_ROW_71_2674,VSS,Metal1,360.0665,382.3405,0.004730
TAP_TAPCELL_ROW_71_2675,VSS,Metal1,399.2665,382.3405,0.004665
TAP_TAPCELL_ROW_71_2676,VSS,Metal1,438.4665,382.3405,0.004572
TAP_TAPCELL_ROW_71_2677,VSS,Metal1,477.6665,382.3405,0.004390
TAP_TAPCELL_ROW_71_2678,VSS,Metal1,516.8665,382.3405,0.004385
TAP_TAPCELL_ROW_71_2679,VSS,Metal1,556.0665,382.3405,0.004360
TAP_TAPCELL_ROW_71_2680,VSS,Metal1,595.2665,382.3405,0.004321
TAP_TAPCELL_ROW_71_2681,VSS,Metal1,634.4665,382.3405,0.004292
TAP_TAPCELL_ROW_71_2682,VSS,Metal1,673.6665,382.3405,0.004486
TAP_TAPCELL_ROW_71_2683,VSS,Metal1,712.8665,382.3405,0.004571
TAP_TAPCELL_ROW_71_2684,VSS,Metal1,752.0665,382.3405,0.004684
TAP_TAPCELL_ROW_71_2685,VSS,Metal1,791.2665,382.3405,0.004742
TAP_TAPCELL_ROW_71_2686,VSS,Metal1,830.4665,382.3405,0.004986
TAP_TAPCELL_ROW_71_2687,VSS,Metal1,869.6665,382.3405,0.005001
TAP_TAPCELL_ROW_71_2688,VSS,Metal1,908.8665,382.3405,0.004981
TAP_TAPCELL_ROW_71_2689,VSS,Metal1,948.0665,382.3405,0.004950
TAP_TAPCELL_ROW_71_2690,VSS,Metal1,987.2665,382.3405,0.005029
TAP_TAPCELL_ROW_71_2691,VSS,Metal1,1026.4665,382.3405,0.005054
TAP_TAPCELL_ROW_71_2692,VSS,Metal1,1065.6665,382.3405,0.005065
TAP_TAPCELL_ROW_72_2693,VSS,Metal1,26.8665,383.7390,0.005016
TAP_TAPCELL_ROW_72_2694,VSS,Metal1,66.0665,383.7390,0.005021
TAP_TAPCELL_ROW_72_2695,VSS,Metal1,105.2665,383.7390,0.005018
TAP_TAPCELL_ROW_72_2696,VSS,Metal1,144.4665,383.7390,0.005005
TAP_TAPCELL_ROW_72_2697,VSS,Metal1,183.6665,383.7390,0.004997
TAP_TAPCELL_ROW_72_2698,VSS,Metal1,222.8665,383.7390,0.004979
TAP_TAPCELL_ROW_72_2699,VSS,Metal1,262.0665,383.7390,0.004958
TAP_TAPCELL_ROW_72_2700,VSS,Metal1,301.2665,383.7390,0.004806
TAP_TAPCELL_ROW_72_2701,VSS,Metal1,340.4665,383.7390,0.004747
TAP_TAPCELL_ROW_72_2702,VSS,Metal1,379.6665,383.7390,0.004674
TAP_TAPCELL_ROW_72_2703,VSS,Metal1,418.8665,383.7390,0.004600
TAP_TAPCELL_ROW_72_2704,VSS,Metal1,458.0665,383.7390,0.004553
TAP_TAPCELL_ROW_72_2705,VSS,Metal1,497.2665,383.7390,0.004385
TAP_TAPCELL_ROW_72_2706,VSS,Metal1,536.4665,383.7390,0.004376
TAP_TAPCELL_ROW_72_2707,VSS,Metal1,575.6665,383.7390,0.004353
TAP_TAPCELL_ROW_72_2708,VSS,Metal1,614.8665,383.7390,0.004295
TAP_TAPCELL_ROW_72_2709,VSS,Metal1,654.0665,383.7390,0.004352
TAP_TAPCELL_ROW_72_2710,VSS,Metal1,693.2665,383.7390,0.004530
TAP_TAPCELL_ROW_72_2711,VSS,Metal1,732.4665,383.7390,0.004626
TAP_TAPCELL_ROW_72_2712,VSS,Metal1,771.6665,383.7390,0.004722
TAP_TAPCELL_ROW_72_2713,VSS,Metal1,810.8665,383.7390,0.004952
TAP_TAPCELL_ROW_72_2714,VSS,Metal1,850.0665,383.7390,0.005003
TAP_TAPCELL_ROW_72_2715,VSS,Metal1,889.2665,383.7390,0.004996
TAP_TAPCELL_ROW_72_2716,VSS,Metal1,928.4665,383.7390,0.004981
TAP_TAPCELL_ROW_72_2717,VSS,Metal1,967.6665,383.7390,0.004996
TAP_TAPCELL_ROW_72_2718,VSS,Metal1,1006.8665,383.7390,0.005040
TAP_TAPCELL_ROW_72_2719,VSS,Metal1,1046.0665,383.7390,0.005058
TAP_TAPCELL_ROW_73_2720,VSS,Metal1,46.4665,392.4205,0.004863
TAP_TAPCELL_ROW_73_2721,VSS,Metal1,85.6665,392.4205,0.004822
TAP_TAPCELL_ROW_73_2722,VSS,Metal1,124.8665,392.4205,0.004807
TAP_TAPCELL_ROW_73_2723,VSS,Metal1,164.0665,392.4205,0.004751
TAP_TAPCELL_ROW_73_2724,VSS,Metal1,203.2665,392.4205,0.004702
TAP_TAPCELL_ROW_73_2725,VSS,Metal1,242.4665,392.4205,0.004624
TAP_TAPCELL_ROW_73_2726,VSS,Metal1,281.6665,392.4205,0.004604
TAP_TAPCELL_ROW_73_2727,VSS,Metal1,320.8665,392.4205,0.004523
TAP_TAPCELL_ROW_73_2728,VSS,Metal1,360.0665,392.4205,0.004518
TAP_TAPCELL_ROW_73_2729,VSS,Metal1,399.2665,392.4205,0.004418
TAP_TAPCELL_ROW_73_2730,VSS,Metal1,438.4665,392.4205,0.004108
TAP_TAPCELL_ROW_73_2731,VSS,Metal1,477.6665,392.4205,0.004036
TAP_TAPCELL_ROW_73_2732,VSS,Metal1,516.8665,392.4205,0.004060
TAP_TAPCELL_ROW_73_2733,VSS,Metal1,556.0665,392.4205,0.004076
TAP_TAPCELL_ROW_73_2734,VSS,Metal1,595.2665,392.4205,0.004075
TAP_TAPCELL_ROW_73_2735,VSS,Metal1,634.4665,392.4205,0.004056
TAP_TAPCELL_ROW_73_2736,VSS,Metal1,673.6665,392.4205,0.004106
TAP_TAPCELL_ROW_73_2737,VSS,Metal1,712.8665,392.4205,0.004191
TAP_TAPCELL_ROW_73_2738,VSS,Metal1,752.0665,392.4205,0.004267
TAP_TAPCELL_ROW_73_2739,VSS,Metal1,791.2665,392.4205,0.004299
TAP_TAPCELL_ROW_73_2740,VSS,Metal1,830.4665,392.4205,0.004467
TAP_TAPCELL_ROW_73_2741,VSS,Metal1,869.6665,392.4205,0.004746
TAP_TAPCELL_ROW_73_2742,VSS,Metal1,908.8665,392.4205,0.004727
TAP_TAPCELL_ROW_73_2743,VSS,Metal1,948.0665,392.4205,0.004695
TAP_TAPCELL_ROW_73_2744,VSS,Metal1,987.2665,392.4205,0.004744
TAP_TAPCELL_ROW_73_2745,VSS,Metal1,1026.4665,392.4205,0.004809
TAP_TAPCELL_ROW_73_2746,VSS,Metal1,1065.6665,392.4205,0.004812
TAP_TAPCELL_ROW_74_2747,VSS,Metal1,26.8665,393.8190,0.004839
TAP_TAPCELL_ROW_74_2748,VSS,Metal1,66.0665,393.8190,0.004845
TAP_TAPCELL_ROW_74_2749,VSS,Metal1,105.2665,393.8190,0.004812
TAP_TAPCELL_ROW_74_2750,VSS,Metal1,144.4665,393.8190,0.004792
TAP_TAPCELL_ROW_74_2751,VSS,Metal1,183.6665,393.8190,0.004751
TAP_TAPCELL_ROW_74_2752,VSS,Metal1,222.8665,393.8190,0.004685
TAP_TAPCELL_ROW_74_2753,VSS,Metal1,262.0665,393.8190,0.004608
TAP_TAPCELL_ROW_74_2754,VSS,Metal1,301.2665,393.8190,0.004558
TAP_TAPCELL_ROW_74_2755,VSS,Metal1,340.4665,393.8190,0.004522
TAP_TAPCELL_ROW_74_2756,VSS,Metal1,379.6665,393.8190,0.004514
TAP_TAPCELL_ROW_74_2757,VSS,Metal1,418.8665,393.8190,0.004368
TAP_TAPCELL_ROW_74_2758,VSS,Metal1,458.0665,393.8190,0.004099
TAP_TAPCELL_ROW_74_2759,VSS,Metal1,497.2665,393.8190,0.004050
TAP_TAPCELL_ROW_74_2760,VSS,Metal1,536.4665,393.8190,0.004069
TAP_TAPCELL_ROW_74_2761,VSS,Metal1,575.6665,393.8190,0.004078
TAP_TAPCELL_ROW_74_2762,VSS,Metal1,614.8665,393.8190,0.004069
TAP_TAPCELL_ROW_74_2763,VSS,Metal1,654.0665,393.8190,0.004069
TAP_TAPCELL_ROW_74_2764,VSS,Metal1,693.2665,393.8190,0.004161
TAP_TAPCELL_ROW_74_2765,VSS,Metal1,732.4665,393.8190,0.004250
TAP_TAPCELL_ROW_74_2766,VSS,Metal1,771.6665,393.8190,0.004278
TAP_TAPCELL_ROW_74_2767,VSS,Metal1,810.8665,393.8190,0.004376
TAP_TAPCELL_ROW_74_2768,VSS,Metal1,850.0665,393.8190,0.004482
TAP_TAPCELL_ROW_74_2769,VSS,Metal1,889.2665,393.8190,0.004741
TAP_TAPCELL_ROW_74_2770,VSS,Metal1,928.4665,393.8190,0.004719
TAP_TAPCELL_ROW_74_2771,VSS,Metal1,967.6665,393.8190,0.004732
TAP_TAPCELL_ROW_74_2772,VSS,Metal1,1006.8665,393.8190,0.004768
TAP_TAPCELL_ROW_74_2773,VSS,Metal1,1046.0665,393.8190,0.004812
TAP_TAPCELL_ROW_75_2774,VSS,Metal1,46.4665,402.5005,0.004495
TAP_TAPCELL_ROW_75_2775,VSS,Metal1,85.6665,402.5005,0.004498
TAP_TAPCELL_ROW_75_2776,VSS,Metal1,124.8665,402.5005,0.004481
TAP_TAPCELL_ROW_75_2777,VSS,Metal1,164.0665,402.5005,0.004438
TAP_TAPCELL_ROW_75_2778,VSS,Metal1,203.2665,402.5005,0.004412
TAP_TAPCELL_ROW_75_2779,VSS,Metal1,242.4665,402.5005,0.004345
TAP_TAPCELL_ROW_75_2780,VSS,Metal1,281.6665,402.5005,0.004330
TAP_TAPCELL_ROW_75_2781,VSS,Metal1,320.8665,402.5005,0.004242
TAP_TAPCELL_ROW_75_2782,VSS,Metal1,360.0665,402.5005,0.004232
TAP_TAPCELL_ROW_75_2783,VSS,Metal1,399.2665,402.5005,0.004178
TAP_TAPCELL_ROW_75_2784,VSS,Metal1,438.4665,402.5005,0.004118
TAP_TAPCELL_ROW_75_2785,VSS,Metal1,477.6665,402.5005,0.004029
TAP_TAPCELL_ROW_75_2786,VSS,Metal1,516.8665,402.5005,0.004025
TAP_TAPCELL_ROW_75_2787,VSS,Metal1,556.0665,402.5005,0.004046
TAP_TAPCELL_ROW_75_2788,VSS,Metal1,595.2665,402.5005,0.004093
TAP_TAPCELL_ROW_75_2789,VSS,Metal1,634.4665,402.5005,0.004080
TAP_TAPCELL_ROW_75_2790,VSS,Metal1,673.6665,402.5005,0.004147
TAP_TAPCELL_ROW_75_2791,VSS,Metal1,712.8665,402.5005,0.004247
TAP_TAPCELL_ROW_75_2792,VSS,Metal1,752.0665,402.5005,0.004281
TAP_TAPCELL_ROW_75_2793,VSS,Metal1,791.2665,402.5005,0.004267
TAP_TAPCELL_ROW_75_2794,VSS,Metal1,830.4665,402.5005,0.004211
TAP_TAPCELL_ROW_75_2795,VSS,Metal1,869.6665,402.5005,0.004322
TAP_TAPCELL_ROW_75_2796,VSS,Metal1,908.8665,402.5005,0.004375
TAP_TAPCELL_ROW_75_2797,VSS,Metal1,948.0665,402.5005,0.004434
TAP_TAPCELL_ROW_75_2798,VSS,Metal1,987.2665,402.5005,0.004510
TAP_TAPCELL_ROW_75_2799,VSS,Metal1,1026.4665,402.5005,0.004558
TAP_TAPCELL_ROW_75_2800,VSS,Metal1,1065.6665,402.5005,0.004586
TAP_TAPCELL_ROW_76_2801,VSS,Metal1,26.8665,403.8990,0.004494
TAP_TAPCELL_ROW_76_2802,VSS,Metal1,66.0665,403.8990,0.004499
TAP_TAPCELL_ROW_76_2803,VSS,Metal1,105.2665,403.8990,0.004487
TAP_TAPCELL_ROW_76_2804,VSS,Metal1,144.4665,403.8990,0.004446
TAP_TAPCELL_ROW_76_2805,VSS,Metal1,183.6665,403.8990,0.004432
TAP_TAPCELL_ROW_76_2806,VSS,Metal1,222.8665,403.8990,0.004396
TAP_TAPCELL_ROW_76_2807,VSS,Metal1,262.0665,403.8990,0.004332
TAP_TAPCELL_ROW_76_2808,VSS,Metal1,301.2665,403.8990,0.004271
TAP_TAPCELL_ROW_76_2809,VSS,Metal1,340.4665,403.8990,0.004236
TAP_TAPCELL_ROW_76_2810,VSS,Metal1,379.6665,403.8990,0.004205
TAP_TAPCELL_ROW_76_2811,VSS,Metal1,418.8665,403.8990,0.004149
TAP_TAPCELL_ROW_76_2812,VSS,Metal1,458.0665,403.8990,0.004080
TAP_TAPCELL_ROW_76_2813,VSS,Metal1,497.2665,403.8990,0.004005
TAP_TAPCELL_ROW_76_2814,VSS,Metal1,536.4665,403.8990,0.004038
TAP_TAPCELL_ROW_76_2815,VSS,Metal1,575.6665,403.8990,0.004069
TAP_TAPCELL_ROW_76_2816,VSS,Metal1,614.8665,403.8990,0.004084
TAP_TAPCELL_ROW_76_2817,VSS,Metal1,654.0665,403.8990,0.004099
TAP_TAPCELL_ROW_76_2818,VSS,Metal1,693.2665,403.8990,0.004212
TAP_TAPCELL_ROW_76_2819,VSS,Metal1,732.4665,403.8990,0.004253
TAP_TAPCELL_ROW_76_2820,VSS,Metal1,771.6665,403.8990,0.004296
TAP_TAPCELL_ROW_76_2821,VSS,Metal1,810.8665,403.8990,0.004183
TAP_TAPCELL_ROW_76_2822,VSS,Metal1,850.0665,403.8990,0.004259
TAP_TAPCELL_ROW_76_2823,VSS,Metal1,889.2665,403.8990,0.004351
TAP_TAPCELL_ROW_76_2824,VSS,Metal1,928.4665,403.8990,0.004421
TAP_TAPCELL_ROW_76_2825,VSS,Metal1,967.6665,403.8990,0.004456
TAP_TAPCELL_ROW_76_2826,VSS,Metal1,1006.8665,403.8990,0.004531
TAP_TAPCELL_ROW_76_2827,VSS,Metal1,1046.0665,403.8990,0.004566
TAP_TAPCELL_ROW_77_2828,VSS,Metal1,46.4665,412.5805,0.004291
TAP_TAPCELL_ROW_77_2829,VSS,Metal1,85.6665,412.5805,0.004320
TAP_TAPCELL_ROW_77_2830,VSS,Metal1,124.8665,412.5805,0.004328
TAP_TAPCELL_ROW_77_2831,VSS,Metal1,164.0665,412.5805,0.004300
TAP_TAPCELL_ROW_77_2832,VSS,Metal1,203.2665,412.5805,0.004178
TAP_TAPCELL_ROW_77_2833,VSS,Metal1,242.4665,412.5805,0.004104
TAP_TAPCELL_ROW_77_2834,VSS,Metal1,281.6665,412.5805,0.004097
TAP_TAPCELL_ROW_77_2835,VSS,Metal1,320.8665,412.5805,0.004093
TAP_TAPCELL_ROW_77_2836,VSS,Metal1,360.0665,412.5805,0.004091
TAP_TAPCELL_ROW_77_2837,VSS,Metal1,399.2665,412.5805,0.004050
TAP_TAPCELL_ROW_77_2838,VSS,Metal1,438.4665,412.5805,0.003940
TAP_TAPCELL_ROW_77_2839,VSS,Metal1,477.6665,412.5805,0.003851
TAP_TAPCELL_ROW_77_2840,VSS,Metal1,516.8665,412.5805,0.003824
TAP_TAPCELL_ROW_77_2841,VSS,Metal1,556.0665,412.5805,0.003825
TAP_TAPCELL_ROW_77_2842,VSS,Metal1,595.2665,412.5805,0.003799
TAP_TAPCELL_ROW_77_2843,VSS,Metal1,634.4665,412.5805,0.003756
TAP_TAPCELL_ROW_77_2844,VSS,Metal1,673.6665,412.5805,0.003775
TAP_TAPCELL_ROW_77_2845,VSS,Metal1,712.8665,412.5805,0.003816
TAP_TAPCELL_ROW_77_2846,VSS,Metal1,752.0665,412.5805,0.003847
TAP_TAPCELL_ROW_77_2847,VSS,Metal1,791.2665,412.5805,0.003878
TAP_TAPCELL_ROW_77_2848,VSS,Metal1,830.4665,412.5805,0.003936
TAP_TAPCELL_ROW_77_2849,VSS,Metal1,869.6665,412.5805,0.004021
TAP_TAPCELL_ROW_77_2850,VSS,Metal1,908.8665,412.5805,0.004031
TAP_TAPCELL_ROW_77_2851,VSS,Metal1,948.0665,412.5805,0.004068
TAP_TAPCELL_ROW_77_2852,VSS,Metal1,987.2665,412.5805,0.004089
TAP_TAPCELL_ROW_77_2853,VSS,Metal1,1026.4665,412.5805,0.004149
TAP_TAPCELL_ROW_77_2854,VSS,Metal1,1065.6665,412.5805,0.004158
TAP_TAPCELL_ROW_78_2855,VSS,Metal1,26.8665,413.9790,0.004273
TAP_TAPCELL_ROW_78_2856,VSS,Metal1,66.0665,413.9790,0.004315
TAP_TAPCELL_ROW_78_2857,VSS,Metal1,105.2665,413.9790,0.004328
TAP_TAPCELL_ROW_78_2858,VSS,Metal1,144.4665,413.9790,0.004324
TAP_TAPCELL_ROW_78_2859,VSS,Metal1,183.6665,413.9790,0.004178
TAP_TAPCELL_ROW_78_2860,VSS,Metal1,222.8665,413.9790,0.004159
TAP_TAPCELL_ROW_78_2861,VSS,Metal1,262.0665,413.9790,0.004103
TAP_TAPCELL_ROW_78_2862,VSS,Metal1,301.2665,413.9790,0.004093
TAP_TAPCELL_ROW_78_2863,VSS,Metal1,340.4665,413.9790,0.004092
TAP_TAPCELL_ROW_78_2864,VSS,Metal1,379.6665,413.9790,0.004051
TAP_TAPCELL_ROW_78_2865,VSS,Metal1,418.8665,413.9790,0.003966
TAP_TAPCELL_ROW_78_2866,VSS,Metal1,458.0665,413.9790,0.003908
TAP_TAPCELL_ROW_78_2867,VSS,Metal1,497.2665,413.9790,0.003823
TAP_TAPCELL_ROW_78_2868,VSS,Metal1,536.4665,413.9790,0.003828
TAP_TAPCELL_ROW_78_2869,VSS,Metal1,575.6665,413.9790,0.003811
TAP_TAPCELL_ROW_78_2870,VSS,Metal1,614.8665,413.9790,0.003793
TAP_TAPCELL_ROW_78_2871,VSS,Metal1,654.0665,413.9790,0.003764
TAP_TAPCELL_ROW_78_2872,VSS,Metal1,693.2665,413.9790,0.003787
TAP_TAPCELL_ROW_78_2873,VSS,Metal1,732.4665,413.9790,0.003835
TAP_TAPCELL_ROW_78_2874,VSS,Metal1,771.6665,413.9790,0.003867
TAP_TAPCELL_ROW_78_2875,VSS,Metal1,810.8665,413.9790,0.003921
TAP_TAPCELL_ROW_78_2876,VSS,Metal1,850.0665,413.9790,0.003967
TAP_TAPCELL_ROW_78_2877,VSS,Metal1,889.2665,413.9790,0.004026
TAP_TAPCELL_ROW_78_2878,VSS,Metal1,928.4665,413.9790,0.004048
TAP_TAPCELL_ROW_78_2879,VSS,Metal1,967.6665,413.9790,0.004080
TAP_TAPCELL_ROW_78_2880,VSS,Metal1,1006.8665,413.9790,0.004147
TAP_TAPCELL_ROW_78_2881,VSS,Metal1,1046.0665,413.9790,0.004149
TAP_TAPCELL_ROW_79_2882,VSS,Metal1,46.4665,422.6605,0.003952
TAP_TAPCELL_ROW_79_2883,VSS,Metal1,85.6665,422.6605,0.004031
TAP_TAPCELL_ROW_79_2884,VSS,Metal1,124.8665,422.6605,0.004005
TAP_TAPCELL_ROW_79_2885,VSS,Metal1,164.0665,422.6605,0.003982
TAP_TAPCELL_ROW_79_2886,VSS,Metal1,203.2665,422.6605,0.003975
TAP_TAPCELL_ROW_79_2887,VSS,Metal1,242.4665,422.6605,0.003952
TAP_TAPCELL_ROW_79_2888,VSS,Metal1,281.6665,422.6605,0.003862
TAP_TAPCELL_ROW_79_2889,VSS,Metal1,320.8665,422.6605,0.003842
TAP_TAPCELL_ROW_79_2890,VSS,Metal1,360.0665,422.6605,0.003761
TAP_TAPCELL_ROW_79_2891,VSS,Metal1,399.2665,422.6605,0.003747
TAP_TAPCELL_ROW_79_2892,VSS,Metal1,438.4665,422.6605,0.003709
TAP_TAPCELL_ROW_79_2893,VSS,Metal1,477.6665,422.6605,0.003698
TAP_TAPCELL_ROW_79_2894,VSS,Metal1,516.8665,422.6605,0.003666
TAP_TAPCELL_ROW_79_2895,VSS,Metal1,556.0665,422.6605,0.003644
TAP_TAPCELL_ROW_79_2896,VSS,Metal1,595.2665,422.6605,0.003574
TAP_TAPCELL_ROW_79_2897,VSS,Metal1,634.4665,422.6605,0.003554
TAP_TAPCELL_ROW_79_2898,VSS,Metal1,673.6665,422.6605,0.003552
TAP_TAPCELL_ROW_79_2899,VSS,Metal1,712.8665,422.6605,0.003588
TAP_TAPCELL_ROW_79_2900,VSS,Metal1,752.0665,422.6605,0.003615
TAP_TAPCELL_ROW_79_2901,VSS,Metal1,791.2665,422.6605,0.003623
TAP_TAPCELL_ROW_79_2902,VSS,Metal1,830.4665,422.6605,0.003670
TAP_TAPCELL_ROW_79_2903,VSS,Metal1,869.6665,422.6605,0.003687
TAP_TAPCELL_ROW_79_2904,VSS,Metal1,908.8665,422.6605,0.003702
TAP_TAPCELL_ROW_79_2905,VSS,Metal1,948.0665,422.6605,0.003726
TAP_TAPCELL_ROW_79_2906,VSS,Metal1,987.2665,422.6605,0.003756
TAP_TAPCELL_ROW_79_2907,VSS,Metal1,1026.4665,422.6605,0.003770
TAP_TAPCELL_ROW_79_2908,VSS,Metal1,1065.6665,422.6605,0.003780
TAP_TAPCELL_ROW_80_2909,VSS,Metal1,26.8665,424.0590,0.003910
TAP_TAPCELL_ROW_80_2910,VSS,Metal1,66.0665,424.0590,0.004003
TAP_TAPCELL_ROW_80_2911,VSS,Metal1,105.2665,424.0590,0.004034
TAP_TAPCELL_ROW_80_2912,VSS,Metal1,144.4665,424.0590,0.004001
TAP_TAPCELL_ROW_80_2913,VSS,Metal1,183.6665,424.0590,0.003979
TAP_TAPCELL_ROW_80_2914,VSS,Metal1,222.8665,424.0590,0.003964
TAP_TAPCELL_ROW_80_2915,VSS,Metal1,262.0665,424.0590,0.003932
TAP_TAPCELL_ROW_80_2916,VSS,Metal1,301.2665,424.0590,0.003852
TAP_TAPCELL_ROW_80_2917,VSS,Metal1,340.4665,424.0590,0.003773
TAP_TAPCELL_ROW_80_2918,VSS,Metal1,379.6665,424.0590,0.003754
TAP_TAPCELL_ROW_80_2919,VSS,Metal1,418.8665,424.0590,0.003740
TAP_TAPCELL_ROW_80_2920,VSS,Metal1,458.0665,424.0590,0.003699
TAP_TAPCELL_ROW_80_2921,VSS,Metal1,497.2665,424.0590,0.003674
TAP_TAPCELL_ROW_80_2922,VSS,Metal1,536.4665,424.0590,0.003658
TAP_TAPCELL_ROW_80_2923,VSS,Metal1,575.6665,424.0590,0.003584
TAP_TAPCELL_ROW_80_2924,VSS,Metal1,614.8665,424.0590,0.003567
TAP_TAPCELL_ROW_80_2925,VSS,Metal1,654.0665,424.0590,0.003552
TAP_TAPCELL_ROW_80_2926,VSS,Metal1,693.2665,424.0590,0.003563
TAP_TAPCELL_ROW_80_2927,VSS,Metal1,732.4665,424.0590,0.003614
TAP_TAPCELL_ROW_80_2928,VSS,Metal1,771.6665,424.0590,0.003621
TAP_TAPCELL_ROW_80_2929,VSS,Metal1,810.8665,424.0590,0.003642
TAP_TAPCELL_ROW_80_2930,VSS,Metal1,850.0665,424.0590,0.003683
TAP_TAPCELL_ROW_80_2931,VSS,Metal1,889.2665,424.0590,0.003693
TAP_TAPCELL_ROW_80_2932,VSS,Metal1,928.4665,424.0590,0.003708
TAP_TAPCELL_ROW_80_2933,VSS,Metal1,967.6665,424.0590,0.003755
TAP_TAPCELL_ROW_80_2934,VSS,Metal1,1006.8665,424.0590,0.003758
TAP_TAPCELL_ROW_80_2935,VSS,Metal1,1046.0665,424.0590,0.003776
TAP_TAPCELL_ROW_81_2936,VSS,Metal1,46.4665,432.7405,0.003690
TAP_TAPCELL_ROW_81_2937,VSS,Metal1,85.6665,432.7405,0.003704
TAP_TAPCELL_ROW_81_2938,VSS,Metal1,124.8665,432.7405,0.003709
TAP_TAPCELL_ROW_81_2939,VSS,Metal1,164.0665,432.7405,0.003635
TAP_TAPCELL_ROW_81_2940,VSS,Metal1,203.2665,432.7405,0.003595
TAP_TAPCELL_ROW_81_2941,VSS,Metal1,242.4665,432.7405,0.003542
TAP_TAPCELL_ROW_81_2942,VSS,Metal1,281.6665,432.7405,0.003531
TAP_TAPCELL_ROW_81_2943,VSS,Metal1,320.8665,432.7405,0.003518
TAP_TAPCELL_ROW_81_2944,VSS,Metal1,360.0665,432.7405,0.003520
TAP_TAPCELL_ROW_81_2945,VSS,Metal1,399.2665,432.7405,0.003516
TAP_TAPCELL_ROW_81_2946,VSS,Metal1,438.4665,432.7405,0.003508
TAP_TAPCELL_ROW_81_2947,VSS,Metal1,477.6665,432.7405,0.003226
TAP_TAPCELL_ROW_81_2948,VSS,Metal1,516.8665,432.7405,0.003227
TAP_TAPCELL_ROW_81_2949,VSS,Metal1,556.0665,432.7405,0.003228
TAP_TAPCELL_ROW_81_2950,VSS,Metal1,595.2665,432.7405,0.003225
TAP_TAPCELL_ROW_81_2951,VSS,Metal1,634.4665,432.7405,0.003219
TAP_TAPCELL_ROW_81_2952,VSS,Metal1,673.6665,432.7405,0.003274
TAP_TAPCELL_ROW_81_2953,VSS,Metal1,712.8665,432.7405,0.003285
TAP_TAPCELL_ROW_81_2954,VSS,Metal1,752.0665,432.7405,0.003304
TAP_TAPCELL_ROW_81_2955,VSS,Metal1,791.2665,432.7405,0.003295
TAP_TAPCELL_ROW_81_2956,VSS,Metal1,830.4665,432.7405,0.003310
TAP_TAPCELL_ROW_81_2957,VSS,Metal1,869.6665,432.7405,0.003340
TAP_TAPCELL_ROW_81_2958,VSS,Metal1,908.8665,432.7405,0.003373
TAP_TAPCELL_ROW_81_2959,VSS,Metal1,948.0665,432.7405,0.003414
TAP_TAPCELL_ROW_81_2960,VSS,Metal1,987.2665,432.7405,0.003419
TAP_TAPCELL_ROW_81_2961,VSS,Metal1,1026.4665,432.7405,0.003445
TAP_TAPCELL_ROW_81_2962,VSS,Metal1,1065.6665,432.7405,0.003458
TAP_TAPCELL_ROW_82_2963,VSS,Metal1,26.8665,434.1390,0.003653
TAP_TAPCELL_ROW_82_2964,VSS,Metal1,66.0665,434.1390,0.003691
TAP_TAPCELL_ROW_82_2965,VSS,Metal1,105.2665,434.1390,0.003708
TAP_TAPCELL_ROW_82_2966,VSS,Metal1,144.4665,434.1390,0.003677
TAP_TAPCELL_ROW_82_2967,VSS,Metal1,183.6665,434.1390,0.003595
TAP_TAPCELL_ROW_82_2968,VSS,Metal1,222.8665,434.1390,0.003569
TAP_TAPCELL_ROW_82_2969,VSS,Metal1,262.0665,434.1390,0.003531
TAP_TAPCELL_ROW_82_2970,VSS,Metal1,301.2665,434.1390,0.003526
TAP_TAPCELL_ROW_82_2971,VSS,Metal1,340.4665,434.1390,0.003519
TAP_TAPCELL_ROW_82_2972,VSS,Metal1,379.6665,434.1390,0.003518
TAP_TAPCELL_ROW_82_2973,VSS,Metal1,418.8665,434.1390,0.003512
TAP_TAPCELL_ROW_82_2974,VSS,Metal1,458.0665,434.1390,0.003487
TAP_TAPCELL_ROW_82_2975,VSS,Metal1,497.2665,434.1390,0.003226
TAP_TAPCELL_ROW_82_2976,VSS,Metal1,536.4665,434.1390,0.003228
TAP_TAPCELL_ROW_82_2977,VSS,Metal1,575.6665,434.1390,0.003226
TAP_TAPCELL_ROW_82_2978,VSS,Metal1,614.8665,434.1390,0.003222
TAP_TAPCELL_ROW_82_2979,VSS,Metal1,654.0665,434.1390,0.003247
TAP_TAPCELL_ROW_82_2980,VSS,Metal1,693.2665,434.1390,0.003283
TAP_TAPCELL_ROW_82_2981,VSS,Metal1,732.4665,434.1390,0.003309
TAP_TAPCELL_ROW_82_2982,VSS,Metal1,771.6665,434.1390,0.003302
TAP_TAPCELL_ROW_82_2983,VSS,Metal1,810.8665,434.1390,0.003301
TAP_TAPCELL_ROW_82_2984,VSS,Metal1,850.0665,434.1390,0.003315
TAP_TAPCELL_ROW_82_2985,VSS,Metal1,889.2665,434.1390,0.003360
TAP_TAPCELL_ROW_82_2986,VSS,Metal1,928.4665,434.1390,0.003397
TAP_TAPCELL_ROW_82_2987,VSS,Metal1,967.6665,434.1390,0.003417
TAP_TAPCELL_ROW_82_2988,VSS,Metal1,1006.8665,434.1390,0.003436
TAP_TAPCELL_ROW_82_2989,VSS,Metal1,1046.0665,434.1390,0.003456
TAP_TAPCELL_ROW_83_2990,VSS,Metal1,46.4665,442.8205,0.003402
TAP_TAPCELL_ROW_83_2991,VSS,Metal1,85.6665,442.8205,0.003430
TAP_TAPCELL_ROW_83_2992,VSS,Metal1,124.8665,442.8205,0.003419
TAP_TAPCELL_ROW_83_2993,VSS,Metal1,164.0665,442.8205,0.003394
TAP_TAPCELL_ROW_83_2994,VSS,Metal1,203.2665,442.8205,0.003323
TAP_TAPCELL_ROW_83_2995,VSS,Metal1,242.4665,442.8205,0.003297
TAP_TAPCELL_ROW_83_2996,VSS,Metal1,281.6665,442.8205,0.003249
TAP_TAPCELL_ROW_83_2997,VSS,Metal1,320.8665,442.8205,0.003205
TAP_TAPCELL_ROW_83_2998,VSS,Metal1,360.0665,442.8205,0.003200
TAP_TAPCELL_ROW_83_2999,VSS,Metal1,399.2665,442.8205,0.003155
TAP_TAPCELL_ROW_83_3000,VSS,Metal1,438.4665,442.8205,0.003115
TAP_TAPCELL_ROW_83_3001,VSS,Metal1,477.6665,442.8205,0.003032
TAP_TAPCELL_ROW_83_3002,VSS,Metal1,516.8665,442.8205,0.003023
TAP_TAPCELL_ROW_83_3003,VSS,Metal1,556.0665,442.8205,0.003018
TAP_TAPCELL_ROW_83_3004,VSS,Metal1,595.2665,442.8205,0.003009
TAP_TAPCELL_ROW_83_3005,VSS,Metal1,634.4665,442.8205,0.003000
TAP_TAPCELL_ROW_83_3006,VSS,Metal1,673.6665,442.8205,0.003030
TAP_TAPCELL_ROW_83_3007,VSS,Metal1,712.8665,442.8205,0.003063
TAP_TAPCELL_ROW_83_3008,VSS,Metal1,752.0665,442.8205,0.003075
TAP_TAPCELL_ROW_83_3009,VSS,Metal1,791.2665,442.8205,0.003049
TAP_TAPCELL_ROW_83_3010,VSS,Metal1,830.4665,442.8205,0.003066
TAP_TAPCELL_ROW_83_3011,VSS,Metal1,869.6665,442.8205,0.003100
TAP_TAPCELL_ROW_83_3012,VSS,Metal1,908.8665,442.8205,0.003114
TAP_TAPCELL_ROW_83_3013,VSS,Metal1,948.0665,442.8205,0.003159
TAP_TAPCELL_ROW_83_3014,VSS,Metal1,987.2665,442.8205,0.003166
TAP_TAPCELL_ROW_83_3015,VSS,Metal1,1026.4665,442.8205,0.003215
TAP_TAPCELL_ROW_83_3016,VSS,Metal1,1065.6665,442.8205,0.003221
TAP_TAPCELL_ROW_84_3017,VSS,Metal1,26.8665,444.2190,0.003356
TAP_TAPCELL_ROW_84_3018,VSS,Metal1,66.0665,444.2190,0.003430
TAP_TAPCELL_ROW_84_3019,VSS,Metal1,105.2665,444.2190,0.003421
TAP_TAPCELL_ROW_84_3020,VSS,Metal1,144.4665,444.2190,0.003411
TAP_TAPCELL_ROW_84_3021,VSS,Metal1,183.6665,444.2190,0.003328
TAP_TAPCELL_ROW_84_3022,VSS,Metal1,222.8665,444.2190,0.003313
TAP_TAPCELL_ROW_84_3023,VSS,Metal1,262.0665,444.2190,0.003295
TAP_TAPCELL_ROW_84_3024,VSS,Metal1,301.2665,444.2190,0.003207
TAP_TAPCELL_ROW_84_3025,VSS,Metal1,340.4665,444.2190,0.003204
TAP_TAPCELL_ROW_84_3026,VSS,Metal1,379.6665,444.2190,0.003198
TAP_TAPCELL_ROW_84_3027,VSS,Metal1,418.8665,444.2190,0.003148
TAP_TAPCELL_ROW_84_3028,VSS,Metal1,458.0665,444.2190,0.003072
TAP_TAPCELL_ROW_84_3029,VSS,Metal1,497.2665,444.2190,0.003021
TAP_TAPCELL_ROW_84_3030,VSS,Metal1,536.4665,444.2190,0.003021
TAP_TAPCELL_ROW_84_3031,VSS,Metal1,575.6665,444.2190,0.003016
TAP_TAPCELL_ROW_84_3032,VSS,Metal1,614.8665,444.2190,0.003006
TAP_TAPCELL_ROW_84_3033,VSS,Metal1,654.0665,444.2190,0.003018
TAP_TAPCELL_ROW_84_3034,VSS,Metal1,693.2665,444.2190,0.003037
TAP_TAPCELL_ROW_84_3035,VSS,Metal1,732.4665,444.2190,0.003075
TAP_TAPCELL_ROW_84_3036,VSS,Metal1,771.6665,444.2190,0.003074
TAP_TAPCELL_ROW_84_3037,VSS,Metal1,810.8665,444.2190,0.003042
TAP_TAPCELL_ROW_84_3038,VSS,Metal1,850.0665,444.2190,0.003079
TAP_TAPCELL_ROW_84_3039,VSS,Metal1,889.2665,444.2190,0.003111
TAP_TAPCELL_ROW_84_3040,VSS,Metal1,928.4665,444.2190,0.003156
TAP_TAPCELL_ROW_84_3041,VSS,Metal1,967.6665,444.2190,0.003160
TAP_TAPCELL_ROW_84_3042,VSS,Metal1,1006.8665,444.2190,0.003205
TAP_TAPCELL_ROW_84_3043,VSS,Metal1,1046.0665,444.2190,0.003221
TAP_TAPCELL_ROW_85_3044,VSS,Metal1,46.4665,452.9005,0.003001
TAP_TAPCELL_ROW_85_3045,VSS,Metal1,85.6665,452.9005,0.003011
TAP_TAPCELL_ROW_85_3046,VSS,Metal1,124.8665,452.9005,0.003011
TAP_TAPCELL_ROW_85_3047,VSS,Metal1,164.0665,452.9005,0.002989
TAP_TAPCELL_ROW_85_3048,VSS,Metal1,203.2665,452.9005,0.002986
TAP_TAPCELL_ROW_85_3049,VSS,Metal1,242.4665,452.9005,0.002979
TAP_TAPCELL_ROW_85_3050,VSS,Metal1,281.6665,452.9005,0.002978
TAP_TAPCELL_ROW_85_3051,VSS,Metal1,320.8665,452.9005,0.002927
TAP_TAPCELL_ROW_85_3052,VSS,Metal1,360.0665,452.9005,0.002910
TAP_TAPCELL_ROW_85_3053,VSS,Metal1,399.2665,452.9005,0.002866
TAP_TAPCELL_ROW_85_3054,VSS,Metal1,438.4665,452.9005,0.002805
TAP_TAPCELL_ROW_85_3055,VSS,Metal1,477.6665,452.9005,0.002715
TAP_TAPCELL_ROW_85_3056,VSS,Metal1,516.8665,452.9005,0.002709
TAP_TAPCELL_ROW_85_3057,VSS,Metal1,556.0665,452.9005,0.002705
TAP_TAPCELL_ROW_85_3058,VSS,Metal1,595.2665,452.9005,0.002666
TAP_TAPCELL_ROW_85_3059,VSS,Metal1,634.4665,452.9005,0.002634
TAP_TAPCELL_ROW_85_3060,VSS,Metal1,673.6665,452.9005,0.002660
TAP_TAPCELL_ROW_85_3061,VSS,Metal1,712.8665,452.9005,0.002683
TAP_TAPCELL_ROW_85_3062,VSS,Metal1,752.0665,452.9005,0.002702
TAP_TAPCELL_ROW_85_3063,VSS,Metal1,791.2665,452.9005,0.002703
TAP_TAPCELL_ROW_85_3064,VSS,Metal1,830.4665,452.9005,0.002775
TAP_TAPCELL_ROW_85_3065,VSS,Metal1,869.6665,452.9005,0.002815
TAP_TAPCELL_ROW_85_3066,VSS,Metal1,908.8665,452.9005,0.002830
TAP_TAPCELL_ROW_85_3067,VSS,Metal1,948.0665,452.9005,0.002829
TAP_TAPCELL_ROW_85_3068,VSS,Metal1,987.2665,452.9005,0.002894
TAP_TAPCELL_ROW_85_3069,VSS,Metal1,1026.4665,452.9005,0.002931
TAP_TAPCELL_ROW_85_3070,VSS,Metal1,1065.6665,452.9005,0.002943
TAP_TAPCELL_ROW_86_3071,VSS,Metal1,26.8665,454.2990,0.002961
TAP_TAPCELL_ROW_86_3072,VSS,Metal1,66.0665,454.2990,0.003006
TAP_TAPCELL_ROW_86_3073,VSS,Metal1,105.2665,454.2990,0.003013
TAP_TAPCELL_ROW_86_3074,VSS,Metal1,144.4665,454.2990,0.003005
TAP_TAPCELL_ROW_86_3075,VSS,Metal1,183.6665,454.2990,0.002983
TAP_TAPCELL_ROW_86_3076,VSS,Metal1,222.8665,454.2990,0.002987
TAP_TAPCELL_ROW_86_3077,VSS,Metal1,262.0665,454.2990,0.002979
TAP_TAPCELL_ROW_86_3078,VSS,Metal1,301.2665,454.2990,0.002951
TAP_TAPCELL_ROW_86_3079,VSS,Metal1,340.4665,454.2990,0.002924
TAP_TAPCELL_ROW_86_3080,VSS,Metal1,379.6665,454.2990,0.002883
TAP_TAPCELL_ROW_86_3081,VSS,Metal1,418.8665,454.2990,0.002829
TAP_TAPCELL_ROW_86_3082,VSS,Metal1,458.0665,454.2990,0.002760
TAP_TAPCELL_ROW_86_3083,VSS,Metal1,497.2665,454.2990,0.002710
TAP_TAPCELL_ROW_86_3084,VSS,Metal1,536.4665,454.2990,0.002709
TAP_TAPCELL_ROW_86_3085,VSS,Metal1,575.6665,454.2990,0.002686
TAP_TAPCELL_ROW_86_3086,VSS,Metal1,614.8665,454.2990,0.002653
TAP_TAPCELL_ROW_86_3087,VSS,Metal1,654.0665,454.2990,0.002642
TAP_TAPCELL_ROW_86_3088,VSS,Metal1,693.2665,454.2990,0.002674
TAP_TAPCELL_ROW_86_3089,VSS,Metal1,732.4665,454.2990,0.002696
TAP_TAPCELL_ROW_86_3090,VSS,Metal1,771.6665,454.2990,0.002705
TAP_TAPCELL_ROW_86_3091,VSS,Metal1,810.8665,454.2990,0.002726
TAP_TAPCELL_ROW_86_3092,VSS,Metal1,850.0665,454.2990,0.002788
TAP_TAPCELL_ROW_86_3093,VSS,Metal1,889.2665,454.2990,0.002821
TAP_TAPCELL_ROW_86_3094,VSS,Metal1,928.4665,454.2990,0.002830
TAP_TAPCELL_ROW_86_3095,VSS,Metal1,967.6665,454.2990,0.002856
TAP_TAPCELL_ROW_86_3096,VSS,Metal1,1006.8665,454.2990,0.002914
TAP_TAPCELL_ROW_86_3097,VSS,Metal1,1046.0665,454.2990,0.002932
TAP_TAPCELL_ROW_87_3098,VSS,Metal1,46.4665,462.9805,0.002632
TAP_TAPCELL_ROW_87_3099,VSS,Metal1,85.6665,462.9805,0.002661
TAP_TAPCELL_ROW_87_3100,VSS,Metal1,124.8665,462.9805,0.002665
TAP_TAPCELL_ROW_87_3101,VSS,Metal1,164.0665,462.9805,0.002598
TAP_TAPCELL_ROW_87_3102,VSS,Metal1,203.2665,462.9805,0.002598
TAP_TAPCELL_ROW_87_3103,VSS,Metal1,242.4665,462.9805,0.002587
TAP_TAPCELL_ROW_87_3104,VSS,Metal1,281.6665,462.9805,0.002570
TAP_TAPCELL_ROW_87_3105,VSS,Metal1,320.8665,462.9805,0.002551
TAP_TAPCELL_ROW_87_3106,VSS,Metal1,360.0665,462.9805,0.002523
TAP_TAPCELL_ROW_87_3107,VSS,Metal1,399.2665,462.9805,0.002514
TAP_TAPCELL_ROW_87_3108,VSS,Metal1,438.4665,462.9805,0.002456
TAP_TAPCELL_ROW_87_3109,VSS,Metal1,477.6665,462.9805,0.002424
TAP_TAPCELL_ROW_87_3110,VSS,Metal1,516.8665,462.9805,0.002399
TAP_TAPCELL_ROW_87_3111,VSS,Metal1,556.0665,462.9805,0.002387
TAP_TAPCELL_ROW_87_3112,VSS,Metal1,595.2665,462.9805,0.002328
TAP_TAPCELL_ROW_87_3113,VSS,Metal1,634.4665,462.9805,0.002313
TAP_TAPCELL_ROW_87_3114,VSS,Metal1,673.6665,462.9805,0.002368
TAP_TAPCELL_ROW_87_3115,VSS,Metal1,712.8665,462.9805,0.002395
TAP_TAPCELL_ROW_87_3116,VSS,Metal1,752.0665,462.9805,0.002395
TAP_TAPCELL_ROW_87_3117,VSS,Metal1,791.2665,462.9805,0.002356
TAP_TAPCELL_ROW_87_3118,VSS,Metal1,830.4665,462.9805,0.002378
TAP_TAPCELL_ROW_87_3119,VSS,Metal1,869.6665,462.9805,0.002413
TAP_TAPCELL_ROW_87_3120,VSS,Metal1,908.8665,462.9805,0.002423
TAP_TAPCELL_ROW_87_3121,VSS,Metal1,948.0665,462.9805,0.002419
TAP_TAPCELL_ROW_87_3122,VSS,Metal1,987.2665,462.9805,0.002457
TAP_TAPCELL_ROW_87_3123,VSS,Metal1,1026.4665,462.9805,0.002479
TAP_TAPCELL_ROW_87_3124,VSS,Metal1,1065.6665,462.9805,0.002495
TAP_TAPCELL_ROW_88_3125,VSS,Metal1,26.8665,464.3790,0.002610
TAP_TAPCELL_ROW_88_3126,VSS,Metal1,66.0665,464.3790,0.002650
TAP_TAPCELL_ROW_88_3127,VSS,Metal1,105.2665,464.3790,0.002663
TAP_TAPCELL_ROW_88_3128,VSS,Metal1,144.4665,464.3790,0.002652
TAP_TAPCELL_ROW_88_3129,VSS,Metal1,183.6665,464.3790,0.002598
TAP_TAPCELL_ROW_88_3130,VSS,Metal1,222.8665,464.3790,0.002590
TAP_TAPCELL_ROW_88_3131,VSS,Metal1,262.0665,464.3790,0.002581
TAP_TAPCELL_ROW_88_3132,VSS,Metal1,301.2665,464.3790,0.002567
TAP_TAPCELL_ROW_88_3133,VSS,Metal1,340.4665,464.3790,0.002531
TAP_TAPCELL_ROW_88_3134,VSS,Metal1,379.6665,464.3790,0.002517
TAP_TAPCELL_ROW_88_3135,VSS,Metal1,418.8665,464.3790,0.002467
TAP_TAPCELL_ROW_88_3136,VSS,Metal1,458.0665,464.3790,0.002439
TAP_TAPCELL_ROW_88_3137,VSS,Metal1,497.2665,464.3790,0.002414
TAP_TAPCELL_ROW_88_3138,VSS,Metal1,536.4665,464.3790,0.002393
TAP_TAPCELL_ROW_88_3139,VSS,Metal1,575.6665,464.3790,0.002369
TAP_TAPCELL_ROW_88_3140,VSS,Metal1,614.8665,464.3790,0.002324
TAP_TAPCELL_ROW_88_3141,VSS,Metal1,654.0665,464.3790,0.002322
TAP_TAPCELL_ROW_88_3142,VSS,Metal1,693.2665,464.3790,0.002381
TAP_TAPCELL_ROW_88_3143,VSS,Metal1,732.4665,464.3790,0.002397
TAP_TAPCELL_ROW_88_3144,VSS,Metal1,771.6665,464.3790,0.002392
TAP_TAPCELL_ROW_88_3145,VSS,Metal1,810.8665,464.3790,0.002356
TAP_TAPCELL_ROW_88_3146,VSS,Metal1,850.0665,464.3790,0.002405
TAP_TAPCELL_ROW_88_3147,VSS,Metal1,889.2665,464.3790,0.002420
TAP_TAPCELL_ROW_88_3148,VSS,Metal1,928.4665,464.3790,0.002423
TAP_TAPCELL_ROW_88_3149,VSS,Metal1,967.6665,464.3790,0.002425
TAP_TAPCELL_ROW_88_3150,VSS,Metal1,1006.8665,464.3790,0.002463
TAP_TAPCELL_ROW_88_3151,VSS,Metal1,1046.0665,464.3790,0.002486
TAP_TAPCELL_ROW_89_3152,VSS,Metal1,46.4665,473.0605,0.002181
TAP_TAPCELL_ROW_89_3153,VSS,Metal1,85.6665,473.0605,0.002198
TAP_TAPCELL_ROW_89_3154,VSS,Metal1,124.8665,473.0605,0.002188
TAP_TAPCELL_ROW_89_3155,VSS,Metal1,164.0665,473.0605,0.002149
TAP_TAPCELL_ROW_89_3156,VSS,Metal1,203.2665,473.0605,0.002166
TAP_TAPCELL_ROW_89_3157,VSS,Metal1,242.4665,473.0605,0.002171
TAP_TAPCELL_ROW_89_3158,VSS,Metal1,281.6665,473.0605,0.002161
TAP_TAPCELL_ROW_89_3159,VSS,Metal1,320.8665,473.0605,0.002085
TAP_TAPCELL_ROW_89_3160,VSS,Metal1,360.0665,473.0605,0.002083
TAP_TAPCELL_ROW_89_3161,VSS,Metal1,399.2665,473.0605,0.002077
TAP_TAPCELL_ROW_89_3162,VSS,Metal1,438.4665,473.0605,0.002062
TAP_TAPCELL_ROW_89_3163,VSS,Metal1,477.6665,473.0605,0.002000
TAP_TAPCELL_ROW_89_3164,VSS,Metal1,516.8665,473.0605,0.002000
TAP_TAPCELL_ROW_89_3165,VSS,Metal1,556.0665,473.0605,0.002012
TAP_TAPCELL_ROW_89_3166,VSS,Metal1,595.2665,473.0605,0.001966
TAP_TAPCELL_ROW_89_3167,VSS,Metal1,634.4665,473.0605,0.001951
TAP_TAPCELL_ROW_89_3168,VSS,Metal1,673.6665,473.0605,0.001968
TAP_TAPCELL_ROW_89_3169,VSS,Metal1,712.8665,473.0605,0.001996
TAP_TAPCELL_ROW_89_3170,VSS,Metal1,752.0665,473.0605,0.002005
TAP_TAPCELL_ROW_89_3171,VSS,Metal1,791.2665,473.0605,0.002014
TAP_TAPCELL_ROW_89_3172,VSS,Metal1,830.4665,473.0605,0.002077
TAP_TAPCELL_ROW_89_3173,VSS,Metal1,869.6665,473.0605,0.002165
TAP_TAPCELL_ROW_89_3174,VSS,Metal1,908.8665,473.0605,0.002219
TAP_TAPCELL_ROW_89_3175,VSS,Metal1,948.0665,473.0605,0.002275
TAP_TAPCELL_ROW_89_3176,VSS,Metal1,987.2665,473.0605,0.002343
TAP_TAPCELL_ROW_89_3177,VSS,Metal1,1026.4665,473.0605,0.002452
TAP_TAPCELL_ROW_89_3178,VSS,Metal1,1065.6665,473.0605,0.002529
TAP_TAPCELL_ROW_90_3179,VSS,Metal1,26.8665,474.4590,0.002150
TAP_TAPCELL_ROW_90_3180,VSS,Metal1,66.0665,474.4590,0.002204
TAP_TAPCELL_ROW_90_3181,VSS,Metal1,105.2665,474.4590,0.002189
TAP_TAPCELL_ROW_90_3182,VSS,Metal1,144.4665,474.4590,0.002163
TAP_TAPCELL_ROW_90_3183,VSS,Metal1,183.6665,474.4590,0.002146
TAP_TAPCELL_ROW_90_3184,VSS,Metal1,222.8665,474.4590,0.002171
TAP_TAPCELL_ROW_90_3185,VSS,Metal1,262.0665,474.4590,0.002171
TAP_TAPCELL_ROW_90_3186,VSS,Metal1,301.2665,474.4590,0.002110
TAP_TAPCELL_ROW_90_3187,VSS,Metal1,340.4665,474.4590,0.002084
TAP_TAPCELL_ROW_90_3188,VSS,Metal1,379.6665,474.4590,0.002078
TAP_TAPCELL_ROW_90_3189,VSS,Metal1,418.8665,474.4590,0.002068
TAP_TAPCELL_ROW_90_3190,VSS,Metal1,458.0665,474.4590,0.002051
TAP_TAPCELL_ROW_90_3191,VSS,Metal1,497.2665,474.4590,0.001968
TAP_TAPCELL_ROW_90_3192,VSS,Metal1,536.4665,474.4590,0.002005
TAP_TAPCELL_ROW_90_3193,VSS,Metal1,575.6665,474.4590,0.002015
TAP_TAPCELL_ROW_90_3194,VSS,Metal1,614.8665,474.4590,0.001961
TAP_TAPCELL_ROW_90_3195,VSS,Metal1,654.0665,474.4590,0.001954
TAP_TAPCELL_ROW_90_3196,VSS,Metal1,693.2665,474.4590,0.001969
TAP_TAPCELL_ROW_90_3197,VSS,Metal1,732.4665,474.4590,0.002000
TAP_TAPCELL_ROW_90_3198,VSS,Metal1,771.6665,474.4590,0.002011
TAP_TAPCELL_ROW_90_3199,VSS,Metal1,810.8665,474.4590,0.002030
TAP_TAPCELL_ROW_90_3200,VSS,Metal1,850.0665,474.4590,0.002124
TAP_TAPCELL_ROW_90_3201,VSS,Metal1,889.2665,474.4590,0.002204
TAP_TAPCELL_ROW_90_3202,VSS,Metal1,928.4665,474.4590,0.002255
TAP_TAPCELL_ROW_90_3203,VSS,Metal1,967.6665,474.4590,0.002307
TAP_TAPCELL_ROW_90_3204,VSS,Metal1,1006.8665,474.4590,0.002364
TAP_TAPCELL_ROW_90_3205,VSS,Metal1,1046.0665,474.4590,0.002510
TAP_TAPCELL_ROW_91_3206,VSS,Metal1,46.4665,483.1405,0.001670
TAP_TAPCELL_ROW_91_3207,VSS,Metal1,85.6665,483.1405,0.001704
TAP_TAPCELL_ROW_91_3208,VSS,Metal1,124.8665,483.1405,0.001724
TAP_TAPCELL_ROW_91_3209,VSS,Metal1,164.0665,483.1405,0.001703
TAP_TAPCELL_ROW_91_3210,VSS,Metal1,203.2665,483.1405,0.001712
TAP_TAPCELL_ROW_91_3211,VSS,Metal1,242.4665,483.1405,0.001685
TAP_TAPCELL_ROW_91_3212,VSS,Metal1,281.6665,483.1405,0.001671
TAP_TAPCELL_ROW_91_3213,VSS,Metal1,320.8665,483.1405,0.001664
TAP_TAPCELL_ROW_91_3214,VSS,Metal1,360.0665,483.1405,0.001660
TAP_TAPCELL_ROW_91_3215,VSS,Metal1,399.2665,483.1405,0.001645
TAP_TAPCELL_ROW_91_3216,VSS,Metal1,438.4665,483.1405,0.001594
TAP_TAPCELL_ROW_91_3217,VSS,Metal1,477.6665,483.1405,0.001506
TAP_TAPCELL_ROW_91_3218,VSS,Metal1,516.8665,483.1405,0.001495
TAP_TAPCELL_ROW_91_3219,VSS,Metal1,556.0665,483.1405,0.001492
TAP_TAPCELL_ROW_91_3220,VSS,Metal1,595.2665,483.1405,0.001489
TAP_TAPCELL_ROW_91_3221,VSS,Metal1,634.4665,483.1405,0.001483
TAP_TAPCELL_ROW_91_3222,VSS,Metal1,673.6665,483.1405,0.001504
TAP_TAPCELL_ROW_91_3223,VSS,Metal1,712.8665,483.1405,0.001531
TAP_TAPCELL_ROW_91_3224,VSS,Metal1,752.0665,483.1405,0.001535
TAP_TAPCELL_ROW_91_3225,VSS,Metal1,791.2665,483.1405,0.001532
TAP_TAPCELL_ROW_91_3226,VSS,Metal1,830.4665,483.1405,0.001557
TAP_TAPCELL_ROW_91_3227,VSS,Metal1,869.6665,483.1405,0.001589
TAP_TAPCELL_ROW_91_3228,VSS,Metal1,908.8665,483.1405,0.001617
TAP_TAPCELL_ROW_91_3229,VSS,Metal1,948.0665,483.1405,0.001613
TAP_TAPCELL_ROW_91_3230,VSS,Metal1,987.2665,483.1405,0.001673
TAP_TAPCELL_ROW_91_3231,VSS,Metal1,1026.4665,483.1405,0.001718
TAP_TAPCELL_ROW_91_3232,VSS,Metal1,1065.6665,483.1405,0.001737
TAP_TAPCELL_ROW_92_3233,VSS,Metal1,26.8665,484.5390,0.001639
TAP_TAPCELL_ROW_92_3234,VSS,Metal1,66.0665,484.5390,0.001685
TAP_TAPCELL_ROW_92_3235,VSS,Metal1,105.2665,484.5390,0.001720
TAP_TAPCELL_ROW_92_3236,VSS,Metal1,144.4665,484.5390,0.001718
TAP_TAPCELL_ROW_92_3237,VSS,Metal1,183.6665,484.5390,0.001707
TAP_TAPCELL_ROW_92_3238,VSS,Metal1,222.8665,484.5390,0.001713
TAP_TAPCELL_ROW_92_3239,VSS,Metal1,262.0665,484.5390,0.001678
TAP_TAPCELL_ROW_92_3240,VSS,Metal1,301.2665,484.5390,0.001670
TAP_TAPCELL_ROW_92_3241,VSS,Metal1,340.4665,484.5390,0.001660
TAP_TAPCELL_ROW_92_3242,VSS,Metal1,379.6665,484.5390,0.001656
TAP_TAPCELL_ROW_92_3243,VSS,Metal1,418.8665,484.5390,0.001621
TAP_TAPCELL_ROW_92_3244,VSS,Metal1,458.0665,484.5390,0.001545
TAP_TAPCELL_ROW_92_3245,VSS,Metal1,497.2665,484.5390,0.001498
TAP_TAPCELL_ROW_92_3246,VSS,Metal1,536.4665,484.5390,0.001494
TAP_TAPCELL_ROW_92_3247,VSS,Metal1,575.6665,484.5390,0.001490
TAP_TAPCELL_ROW_92_3248,VSS,Metal1,614.8665,484.5390,0.001484
TAP_TAPCELL_ROW_92_3249,VSS,Metal1,654.0665,484.5390,0.001490
TAP_TAPCELL_ROW_92_3250,VSS,Metal1,693.2665,484.5390,0.001520
TAP_TAPCELL_ROW_92_3251,VSS,Metal1,732.4665,484.5390,0.001532
TAP_TAPCELL_ROW_92_3252,VSS,Metal1,771.6665,484.5390,0.001534
TAP_TAPCELL_ROW_92_3253,VSS,Metal1,810.8665,484.5390,0.001532
TAP_TAPCELL_ROW_92_3254,VSS,Metal1,850.0665,484.5390,0.001584
TAP_TAPCELL_ROW_92_3255,VSS,Metal1,889.2665,484.5390,0.001613
TAP_TAPCELL_ROW_92_3256,VSS,Metal1,928.4665,484.5390,0.001614
TAP_TAPCELL_ROW_92_3257,VSS,Metal1,967.6665,484.5390,0.001642
TAP_TAPCELL_ROW_92_3258,VSS,Metal1,1006.8665,484.5390,0.001699
TAP_TAPCELL_ROW_92_3259,VSS,Metal1,1046.0665,484.5390,0.001734
TAP_TAPCELL_ROW_93_3260,VSS,Metal1,46.4665,493.2205,0.001403
TAP_TAPCELL_ROW_93_3261,VSS,Metal1,85.6665,493.2205,0.001438
TAP_TAPCELL_ROW_93_3262,VSS,Metal1,124.8665,493.2205,0.001458
TAP_TAPCELL_ROW_93_3263,VSS,Metal1,164.0665,493.2205,0.001425
TAP_TAPCELL_ROW_93_3264,VSS,Metal1,203.2665,493.2205,0.001400
TAP_TAPCELL_ROW_93_3265,VSS,Metal1,242.4665,493.2205,0.001439
TAP_TAPCELL_ROW_93_3266,VSS,Metal1,281.6665,493.2205,0.001450
TAP_TAPCELL_ROW_93_3267,VSS,Metal1,320.8665,493.2205,0.001358
TAP_TAPCELL_ROW_93_3268,VSS,Metal1,360.0665,493.2205,0.001348
TAP_TAPCELL_ROW_93_3269,VSS,Metal1,399.2665,493.2205,0.001330
TAP_TAPCELL_ROW_93_3270,VSS,Metal1,438.4665,493.2205,0.001300
TAP_TAPCELL_ROW_93_3271,VSS,Metal1,477.6665,493.2205,0.001100
TAP_TAPCELL_ROW_93_3272,VSS,Metal1,516.8665,493.2205,0.001111
TAP_TAPCELL_ROW_93_3273,VSS,Metal1,556.0665,493.2205,0.001112
TAP_TAPCELL_ROW_93_3274,VSS,Metal1,595.2665,493.2205,0.001110
TAP_TAPCELL_ROW_93_3275,VSS,Metal1,634.4665,493.2205,0.001095
TAP_TAPCELL_ROW_93_3276,VSS,Metal1,673.6665,493.2205,0.001137
TAP_TAPCELL_ROW_93_3277,VSS,Metal1,712.8665,493.2205,0.001162
TAP_TAPCELL_ROW_93_3278,VSS,Metal1,752.0665,493.2205,0.001170
TAP_TAPCELL_ROW_93_3279,VSS,Metal1,791.2665,493.2205,0.001187
TAP_TAPCELL_ROW_93_3280,VSS,Metal1,830.4665,493.2205,0.001194
TAP_TAPCELL_ROW_93_3281,VSS,Metal1,869.6665,493.2205,0.001197
TAP_TAPCELL_ROW_93_3282,VSS,Metal1,908.8665,493.2205,0.001175
TAP_TAPCELL_ROW_93_3283,VSS,Metal1,948.0665,493.2205,0.001161
TAP_TAPCELL_ROW_93_3284,VSS,Metal1,987.2665,493.2205,0.001229
TAP_TAPCELL_ROW_93_3285,VSS,Metal1,1026.4665,493.2205,0.001256
TAP_TAPCELL_ROW_93_3286,VSS,Metal1,1065.6665,493.2205,0.001266
TAP_TAPCELL_ROW_94_3287,VSS,Metal1,26.8665,494.6190,0.001366
TAP_TAPCELL_ROW_94_3288,VSS,Metal1,66.0665,494.6190,0.001409
TAP_TAPCELL_ROW_94_3289,VSS,Metal1,105.2665,494.6190,0.001453
TAP_TAPCELL_ROW_94_3290,VSS,Metal1,144.4665,494.6190,0.001458
TAP_TAPCELL_ROW_94_3291,VSS,Metal1,183.6665,494.6190,0.001397
TAP_TAPCELL_ROW_94_3292,VSS,Metal1,222.8665,494.6190,0.001435
TAP_TAPCELL_ROW_94_3293,VSS,Metal1,262.0665,494.6190,0.001450
TAP_TAPCELL_ROW_94_3294,VSS,Metal1,301.2665,494.6190,0.001434
TAP_TAPCELL_ROW_94_3295,VSS,Metal1,340.4665,494.6190,0.001353
TAP_TAPCELL_ROW_94_3296,VSS,Metal1,379.6665,494.6190,0.001345
TAP_TAPCELL_ROW_94_3297,VSS,Metal1,418.8665,494.6190,0.001325
TAP_TAPCELL_ROW_94_3298,VSS,Metal1,458.0665,494.6190,0.001249
TAP_TAPCELL_ROW_94_3299,VSS,Metal1,497.2665,494.6190,0.001095
TAP_TAPCELL_ROW_94_3300,VSS,Metal1,536.4665,494.6190,0.001112
TAP_TAPCELL_ROW_94_3301,VSS,Metal1,575.6665,494.6190,0.001112
TAP_TAPCELL_ROW_94_3302,VSS,Metal1,614.8665,494.6190,0.001102
TAP_TAPCELL_ROW_94_3303,VSS,Metal1,654.0665,494.6190,0.001119
TAP_TAPCELL_ROW_94_3304,VSS,Metal1,693.2665,494.6190,0.001145
TAP_TAPCELL_ROW_94_3305,VSS,Metal1,732.4665,494.6190,0.001166
TAP_TAPCELL_ROW_94_3306,VSS,Metal1,771.6665,494.6190,0.001181
TAP_TAPCELL_ROW_94_3307,VSS,Metal1,810.8665,494.6190,0.001193
TAP_TAPCELL_ROW_94_3308,VSS,Metal1,850.0665,494.6190,0.001197
TAP_TAPCELL_ROW_94_3309,VSS,Metal1,889.2665,494.6190,0.001196
TAP_TAPCELL_ROW_94_3310,VSS,Metal1,928.4665,494.6190,0.001171
TAP_TAPCELL_ROW_94_3311,VSS,Metal1,967.6665,494.6190,0.001194
TAP_TAPCELL_ROW_94_3312,VSS,Metal1,1006.8665,494.6190,0.001230
TAP_TAPCELL_ROW_94_3313,VSS,Metal1,1046.0665,494.6190,0.001260
TAP_TAPCELL_ROW_95_3314,VSS,Metal1,46.4665,503.3005,0.001119
TAP_TAPCELL_ROW_95_3315,VSS,Metal1,85.6665,503.3005,0.001163
TAP_TAPCELL_ROW_95_3316,VSS,Metal1,124.8665,503.3005,0.001174
TAP_TAPCELL_ROW_95_3317,VSS,Metal1,164.0665,503.3005,0.001143
TAP_TAPCELL_ROW_95_3318,VSS,Metal1,203.2665,503.3005,0.001097
TAP_TAPCELL_ROW_95_3319,VSS,Metal1,242.4665,503.3005,0.001096
TAP_TAPCELL_ROW_95_3320,VSS,Metal1,281.6665,503.3005,0.001068
TAP_TAPCELL_ROW_95_3321,VSS,Metal1,320.8665,503.3005,0.000998
TAP_TAPCELL_ROW_95_3322,VSS,Metal1,360.0665,503.3005,0.000989
TAP_TAPCELL_ROW_95_3323,VSS,Metal1,399.2665,503.3005,0.000984
TAP_TAPCELL_ROW_95_3324,VSS,Metal1,438.4665,503.3005,0.000968
TAP_TAPCELL_ROW_95_3325,VSS,Metal1,477.6665,503.3005,0.000930
TAP_TAPCELL_ROW_95_3326,VSS,Metal1,516.8665,503.3005,0.000932
TAP_TAPCELL_ROW_95_3327,VSS,Metal1,556.0665,503.3005,0.000932
TAP_TAPCELL_ROW_95_3328,VSS,Metal1,595.2665,503.3005,0.000931
TAP_TAPCELL_ROW_95_3329,VSS,Metal1,634.4665,503.3005,0.000930
TAP_TAPCELL_ROW_95_3330,VSS,Metal1,673.6665,503.3005,0.000961
TAP_TAPCELL_ROW_95_3331,VSS,Metal1,712.8665,503.3005,0.000965
TAP_TAPCELL_ROW_95_3332,VSS,Metal1,752.0665,503.3005,0.000970
TAP_TAPCELL_ROW_95_3333,VSS,Metal1,791.2665,503.3005,0.000962
TAP_TAPCELL_ROW_95_3334,VSS,Metal1,830.4665,503.3005,0.000975
TAP_TAPCELL_ROW_95_3335,VSS,Metal1,869.6665,503.3005,0.000992
TAP_TAPCELL_ROW_95_3336,VSS,Metal1,908.8665,503.3005,0.001000
TAP_TAPCELL_ROW_95_3337,VSS,Metal1,948.0665,503.3005,0.001009
TAP_TAPCELL_ROW_95_3338,VSS,Metal1,987.2665,503.3005,0.001062
TAP_TAPCELL_ROW_95_3339,VSS,Metal1,1026.4665,503.3005,0.001105
TAP_TAPCELL_ROW_95_3340,VSS,Metal1,1065.6665,503.3005,0.001109
TAP_TAPCELL_ROW_96_3341,VSS,Metal1,26.8665,504.6990,0.001040
TAP_TAPCELL_ROW_96_3342,VSS,Metal1,66.0665,504.6990,0.001151
TAP_TAPCELL_ROW_96_3343,VSS,Metal1,105.2665,504.6990,0.001175
TAP_TAPCELL_ROW_96_3344,VSS,Metal1,144.4665,504.6990,0.001148
TAP_TAPCELL_ROW_96_3345,VSS,Metal1,183.6665,504.6990,0.001102
TAP_TAPCELL_ROW_96_3346,VSS,Metal1,222.8665,504.6990,0.001096
TAP_TAPCELL_ROW_96_3347,VSS,Metal1,262.0665,504.6990,0.001088
TAP_TAPCELL_ROW_96_3348,VSS,Metal1,301.2665,504.6990,0.001022
TAP_TAPCELL_ROW_96_3349,VSS,Metal1,340.4665,504.6990,0.000984
TAP_TAPCELL_ROW_96_3350,VSS,Metal1,379.6665,504.6990,0.000988
TAP_TAPCELL_ROW_96_3351,VSS,Metal1,418.8665,504.6990,0.000977
TAP_TAPCELL_ROW_96_3352,VSS,Metal1,458.0665,504.6990,0.000956
TAP_TAPCELL_ROW_96_3353,VSS,Metal1,497.2665,504.6990,0.000931
TAP_TAPCELL_ROW_96_3354,VSS,Metal1,536.4665,504.6990,0.000932
TAP_TAPCELL_ROW_96_3355,VSS,Metal1,575.6665,504.6990,0.000931
TAP_TAPCELL_ROW_96_3356,VSS,Metal1,614.8665,504.6990,0.000930
TAP_TAPCELL_ROW_96_3357,VSS,Metal1,654.0665,504.6990,0.000944
TAP_TAPCELL_ROW_96_3358,VSS,Metal1,693.2665,504.6990,0.000963
TAP_TAPCELL_ROW_96_3359,VSS,Metal1,732.4665,504.6990,0.000966
TAP_TAPCELL_ROW_96_3360,VSS,Metal1,771.6665,504.6990,0.000971
TAP_TAPCELL_ROW_96_3361,VSS,Metal1,810.8665,504.6990,0.000969
TAP_TAPCELL_ROW_96_3362,VSS,Metal1,850.0665,504.6990,0.000982
TAP_TAPCELL_ROW_96_3363,VSS,Metal1,889.2665,504.6990,0.000994
TAP_TAPCELL_ROW_96_3364,VSS,Metal1,928.4665,504.6990,0.001005
TAP_TAPCELL_ROW_96_3365,VSS,Metal1,967.6665,504.6990,0.001060
TAP_TAPCELL_ROW_96_3366,VSS,Metal1,1006.8665,504.6990,0.001074
TAP_TAPCELL_ROW_96_3367,VSS,Metal1,1046.0665,504.6990,0.001106
TAP_TAPCELL_ROW_97_3368,VSS,Metal1,46.4665,513.3805,0.001393
TAP_TAPCELL_ROW_97_3369,VSS,Metal1,85.6665,513.3805,0.001475
TAP_TAPCELL_ROW_97_3370,VSS,Metal1,124.8665,513.3805,0.001489
TAP_TAPCELL_ROW_97_3371,VSS,Metal1,164.0665,513.3805,0.001488
TAP_TAPCELL_ROW_97_3372,VSS,Metal1,203.2665,513.3805,0.001494
TAP_TAPCELL_ROW_97_3373,VSS,Metal1,242.4665,513.3805,0.001479
TAP_TAPCELL_ROW_97_3374,VSS,Metal1,281.6665,513.3805,0.001460
TAP_TAPCELL_ROW_97_3375,VSS,Metal1,320.8665,513.3805,0.001442
TAP_TAPCELL_ROW_97_3376,VSS,Metal1,360.0665,513.3805,0.001464
TAP_TAPCELL_ROW_97_3377,VSS,Metal1,399.2665,513.3805,0.001474
TAP_TAPCELL_ROW_97_3378,VSS,Metal1,438.4665,513.3805,0.001422
TAP_TAPCELL_ROW_97_3379,VSS,Metal1,477.6665,513.3805,0.001359
TAP_TAPCELL_ROW_97_3380,VSS,Metal1,516.8665,513.3805,0.001354
TAP_TAPCELL_ROW_97_3381,VSS,Metal1,556.0665,513.3805,0.001333
TAP_TAPCELL_ROW_97_3382,VSS,Metal1,595.2665,513.3805,0.001307
TAP_TAPCELL_ROW_97_3383,VSS,Metal1,634.4665,513.3805,0.001285
TAP_TAPCELL_ROW_97_3384,VSS,Metal1,673.6665,513.3805,0.001321
TAP_TAPCELL_ROW_97_3385,VSS,Metal1,712.8665,513.3805,0.001395
TAP_TAPCELL_ROW_97_3386,VSS,Metal1,752.0665,513.3805,0.001392
TAP_TAPCELL_ROW_97_3387,VSS,Metal1,791.2665,513.3805,0.001360
TAP_TAPCELL_ROW_97_3388,VSS,Metal1,830.4665,513.3805,0.001390
TAP_TAPCELL_ROW_97_3389,VSS,Metal1,869.6665,513.3805,0.001425
TAP_TAPCELL_ROW_97_3390,VSS,Metal1,908.8665,513.3805,0.001422
TAP_TAPCELL_ROW_97_3391,VSS,Metal1,948.0665,513.3805,0.001376
TAP_TAPCELL_ROW_97_3392,VSS,Metal1,987.2665,513.3805,0.001403
TAP_TAPCELL_ROW_97_3393,VSS,Metal1,1026.4665,513.3805,0.001436
TAP_TAPCELL_ROW_97_3394,VSS,Metal1,1065.6665,513.3805,0.001452
TAP_TAPCELL_ROW_98_3395,VSS,Metal1,26.8665,514.7790,0.001340
TAP_TAPCELL_ROW_98_3396,VSS,Metal1,66.0665,514.7790,0.001463
TAP_TAPCELL_ROW_98_3397,VSS,Metal1,105.2665,514.7790,0.001481
TAP_TAPCELL_ROW_98_3398,VSS,Metal1,144.4665,514.7790,0.001489
TAP_TAPCELL_ROW_98_3399,VSS,Metal1,183.6665,514.7790,0.001489
TAP_TAPCELL_ROW_98_3400,VSS,Metal1,222.8665,514.7790,0.001491
TAP_TAPCELL_ROW_98_3401,VSS,Metal1,262.0665,514.7790,0.001468
TAP_TAPCELL_ROW_98_3402,VSS,Metal1,301.2665,514.7790,0.001450
TAP_TAPCELL_ROW_98_3403,VSS,Metal1,340.4665,514.7790,0.001438
TAP_TAPCELL_ROW_98_3404,VSS,Metal1,379.6665,514.7790,0.001465
TAP_TAPCELL_ROW_98_3405,VSS,Metal1,418.8665,514.7790,0.001454
TAP_TAPCELL_ROW_98_3406,VSS,Metal1,458.0665,514.7790,0.001402
TAP_TAPCELL_ROW_98_3407,VSS,Metal1,497.2665,514.7790,0.001355
TAP_TAPCELL_ROW_98_3408,VSS,Metal1,536.4665,514.7790,0.001344
TAP_TAPCELL_ROW_98_3409,VSS,Metal1,575.6665,514.7790,0.001328
TAP_TAPCELL_ROW_98_3410,VSS,Metal1,614.8665,514.7790,0.001287
TAP_TAPCELL_ROW_98_3411,VSS,Metal1,654.0665,514.7790,0.001302
TAP_TAPCELL_ROW_98_3412,VSS,Metal1,693.2665,514.7790,0.001385
TAP_TAPCELL_ROW_98_3413,VSS,Metal1,732.4665,514.7790,0.001396
TAP_TAPCELL_ROW_98_3414,VSS,Metal1,771.6665,514.7790,0.001376
TAP_TAPCELL_ROW_98_3415,VSS,Metal1,810.8665,514.7790,0.001373
TAP_TAPCELL_ROW_98_3416,VSS,Metal1,850.0665,514.7790,0.001415
TAP_TAPCELL_ROW_98_3417,VSS,Metal1,889.2665,514.7790,0.001425
TAP_TAPCELL_ROW_98_3418,VSS,Metal1,928.4665,514.7790,0.001379
TAP_TAPCELL_ROW_98_3419,VSS,Metal1,967.6665,514.7790,0.001402
TAP_TAPCELL_ROW_98_3420,VSS,Metal1,1006.8665,514.7790,0.001416
TAP_TAPCELL_ROW_98_3421,VSS,Metal1,1046.0665,514.7790,0.001448
TAP_TAPCELL_ROW_99_3422,VSS,Metal1,46.4665,523.4605,0.001636
TAP_TAPCELL_ROW_99_3423,VSS,Metal1,85.6665,523.4605,0.001813
TAP_TAPCELL_ROW_99_3424,VSS,Metal1,124.8665,523.4605,0.001792
TAP_TAPCELL_ROW_99_3425,VSS,Metal1,164.0665,523.4605,0.001776
TAP_TAPCELL_ROW_99_3426,VSS,Metal1,203.2665,523.4605,0.001786
TAP_TAPCELL_ROW_99_3427,VSS,Metal1,242.4665,523.4605,0.001774
TAP_TAPCELL_ROW_99_3428,VSS,Metal1,281.6665,523.4605,0.001722
TAP_TAPCELL_ROW_99_3429,VSS,Metal1,320.8665,523.4605,0.001683
TAP_TAPCELL_ROW_99_3430,VSS,Metal1,360.0665,523.4605,0.001661
TAP_TAPCELL_ROW_99_3431,VSS,Metal1,399.2665,523.4605,0.001637
TAP_TAPCELL_ROW_99_3432,VSS,Metal1,438.4665,523.4605,0.001599
TAP_TAPCELL_ROW_99_3433,VSS,Metal1,477.6665,523.4605,0.001586
TAP_TAPCELL_ROW_99_3434,VSS,Metal1,516.8665,523.4605,0.001629
TAP_TAPCELL_ROW_99_3435,VSS,Metal1,556.0665,523.4605,0.001646
TAP_TAPCELL_ROW_99_3436,VSS,Metal1,595.2665,523.4605,0.001661
TAP_TAPCELL_ROW_99_3437,VSS,Metal1,634.4665,523.4605,0.001658
TAP_TAPCELL_ROW_99_3438,VSS,Metal1,673.6665,523.4605,0.001662
TAP_TAPCELL_ROW_99_3439,VSS,Metal1,712.8665,523.4605,0.001762
TAP_TAPCELL_ROW_99_3440,VSS,Metal1,752.0665,523.4605,0.001760
TAP_TAPCELL_ROW_99_3441,VSS,Metal1,791.2665,523.4605,0.001729
TAP_TAPCELL_ROW_99_3442,VSS,Metal1,830.4665,523.4605,0.001783
TAP_TAPCELL_ROW_99_3443,VSS,Metal1,869.6665,523.4605,0.001824
TAP_TAPCELL_ROW_99_3444,VSS,Metal1,908.8665,523.4605,0.001786
TAP_TAPCELL_ROW_99_3445,VSS,Metal1,948.0665,523.4605,0.001730
TAP_TAPCELL_ROW_99_3446,VSS,Metal1,987.2665,523.4605,0.001810
TAP_TAPCELL_ROW_99_3447,VSS,Metal1,1026.4665,523.4605,0.001818
TAP_TAPCELL_ROW_99_3448,VSS,Metal1,1065.6665,523.4605,0.001828
TAP_TAPCELL_ROW_100_3449,VSS,Metal1,26.8665,524.8590,0.001634
TAP_TAPCELL_ROW_100_3450,VSS,Metal1,66.0665,524.8590,0.001812
TAP_TAPCELL_ROW_100_3451,VSS,Metal1,105.2665,524.8590,0.001812
TAP_TAPCELL_ROW_100_3452,VSS,Metal1,144.4665,524.8590,0.001782
TAP_TAPCELL_ROW_100_3453,VSS,Metal1,183.6665,524.8590,0.001773
TAP_TAPCELL_ROW_100_3454,VSS,Metal1,222.8665,524.8590,0.001787
TAP_TAPCELL_ROW_100_3455,VSS,Metal1,262.0665,524.8590,0.001724
TAP_TAPCELL_ROW_100_3456,VSS,Metal1,301.2665,524.8590,0.001706
TAP_TAPCELL_ROW_100_3457,VSS,Metal1,340.4665,524.8590,0.001663
TAP_TAPCELL_ROW_100_3458,VSS,Metal1,379.6665,524.8590,0.001658
TAP_TAPCELL_ROW_100_3459,VSS,Metal1,418.8665,524.8590,0.001613
TAP_TAPCELL_ROW_100_3460,VSS,Metal1,458.0665,524.8590,0.001590
TAP_TAPCELL_ROW_100_3461,VSS,Metal1,497.2665,524.8590,0.001618
TAP_TAPCELL_ROW_100_3462,VSS,Metal1,536.4665,524.8590,0.001638
TAP_TAPCELL_ROW_100_3463,VSS,Metal1,575.6665,524.8590,0.001654
TAP_TAPCELL_ROW_100_3464,VSS,Metal1,614.8665,524.8590,0.001662
TAP_TAPCELL_ROW_100_3465,VSS,Metal1,654.0665,524.8590,0.001659
TAP_TAPCELL_ROW_100_3466,VSS,Metal1,693.2665,524.8590,0.001724
TAP_TAPCELL_ROW_100_3467,VSS,Metal1,732.4665,524.8590,0.001769
TAP_TAPCELL_ROW_100_3468,VSS,Metal1,771.6665,524.8590,0.001741
TAP_TAPCELL_ROW_100_3469,VSS,Metal1,810.8665,524.8590,0.001752
TAP_TAPCELL_ROW_100_3470,VSS,Metal1,850.0665,524.8590,0.001814
TAP_TAPCELL_ROW_100_3471,VSS,Metal1,889.2665,524.8590,0.001811
TAP_TAPCELL_ROW_100_3472,VSS,Metal1,928.4665,524.8590,0.001745
TAP_TAPCELL_ROW_100_3473,VSS,Metal1,967.6665,524.8590,0.001779
TAP_TAPCELL_ROW_100_3474,VSS,Metal1,1006.8665,524.8590,0.001814
TAP_TAPCELL_ROW_100_3475,VSS,Metal1,1046.0665,524.8590,0.001827
TAP_TAPCELL_ROW_101_3476,VSS,Metal1,46.4665,533.5405,0.001936
TAP_TAPCELL_ROW_101_3477,VSS,Metal1,85.6665,533.5405,0.001973
TAP_TAPCELL_ROW_101_3478,VSS,Metal1,124.8665,533.5405,0.001967
TAP_TAPCELL_ROW_101_3479,VSS,Metal1,164.0665,533.5405,0.001944
TAP_TAPCELL_ROW_101_3480,VSS,Metal1,203.2665,533.5405,0.001901
TAP_TAPCELL_ROW_101_3481,VSS,Metal1,242.4665,533.5405,0.001868
TAP_TAPCELL_ROW_101_3482,VSS,Metal1,281.6665,533.5405,0.001861
TAP_TAPCELL_ROW_101_3483,VSS,Metal1,320.8665,533.5405,0.001853
TAP_TAPCELL_ROW_101_3484,VSS,Metal1,360.0665,533.5405,0.001874
TAP_TAPCELL_ROW_101_3485,VSS,Metal1,399.2665,533.5405,0.001881
TAP_TAPCELL_ROW_101_3486,VSS,Metal1,438.4665,533.5405,0.001874
TAP_TAPCELL_ROW_101_3487,VSS,Metal1,477.6665,533.5405,0.001852
TAP_TAPCELL_ROW_101_3488,VSS,Metal1,516.8665,533.5405,0.001856
TAP_TAPCELL_ROW_101_3489,VSS,Metal1,556.0665,533.5405,0.001859
TAP_TAPCELL_ROW_101_3490,VSS,Metal1,595.2665,533.5405,0.001884
TAP_TAPCELL_ROW_101_3491,VSS,Metal1,634.4665,533.5405,0.001908
TAP_TAPCELL_ROW_101_3492,VSS,Metal1,673.6665,533.5405,0.001920
TAP_TAPCELL_ROW_101_3493,VSS,Metal1,712.8665,533.5405,0.001921
TAP_TAPCELL_ROW_101_3494,VSS,Metal1,752.0665,533.5405,0.001918
TAP_TAPCELL_ROW_101_3495,VSS,Metal1,791.2665,533.5405,0.001904
TAP_TAPCELL_ROW_101_3496,VSS,Metal1,830.4665,533.5405,0.001942
TAP_TAPCELL_ROW_101_3497,VSS,Metal1,869.6665,533.5405,0.001957
TAP_TAPCELL_ROW_101_3498,VSS,Metal1,908.8665,533.5405,0.001955
TAP_TAPCELL_ROW_101_3499,VSS,Metal1,948.0665,533.5405,0.001952
TAP_TAPCELL_ROW_101_3500,VSS,Metal1,987.2665,533.5405,0.002031
TAP_TAPCELL_ROW_101_3501,VSS,Metal1,1026.4665,533.5405,0.002065
TAP_TAPCELL_ROW_101_3502,VSS,Metal1,1065.6665,533.5405,0.002068
TAP_TAPCELL_ROW_102_3503,VSS,Metal1,26.8665,534.9390,0.001917
TAP_TAPCELL_ROW_102_3504,VSS,Metal1,66.0665,534.9390,0.001973
TAP_TAPCELL_ROW_102_3505,VSS,Metal1,105.2665,534.9390,0.001970
TAP_TAPCELL_ROW_102_3506,VSS,Metal1,144.4665,534.9390,0.001953
TAP_TAPCELL_ROW_102_3507,VSS,Metal1,183.6665,534.9390,0.001899
TAP_TAPCELL_ROW_102_3508,VSS,Metal1,222.8665,534.9390,0.001901
TAP_TAPCELL_ROW_102_3509,VSS,Metal1,262.0665,534.9390,0.001865
TAP_TAPCELL_ROW_102_3510,VSS,Metal1,301.2665,534.9390,0.001857
TAP_TAPCELL_ROW_102_3511,VSS,Metal1,340.4665,534.9390,0.001850
TAP_TAPCELL_ROW_102_3512,VSS,Metal1,379.6665,534.9390,0.001874
TAP_TAPCELL_ROW_102_3513,VSS,Metal1,418.8665,534.9390,0.001880
TAP_TAPCELL_ROW_102_3514,VSS,Metal1,458.0665,534.9390,0.001858
TAP_TAPCELL_ROW_102_3515,VSS,Metal1,497.2665,534.9390,0.001851
TAP_TAPCELL_ROW_102_3516,VSS,Metal1,536.4665,534.9390,0.001859
TAP_TAPCELL_ROW_102_3517,VSS,Metal1,575.6665,534.9390,0.001877
TAP_TAPCELL_ROW_102_3518,VSS,Metal1,614.8665,534.9390,0.001898
TAP_TAPCELL_ROW_102_3519,VSS,Metal1,654.0665,534.9390,0.001916
TAP_TAPCELL_ROW_102_3520,VSS,Metal1,693.2665,534.9390,0.001923
TAP_TAPCELL_ROW_102_3521,VSS,Metal1,732.4665,534.9390,0.001920
TAP_TAPCELL_ROW_102_3522,VSS,Metal1,771.6665,534.9390,0.001909
TAP_TAPCELL_ROW_102_3523,VSS,Metal1,810.8665,534.9390,0.001912
TAP_TAPCELL_ROW_102_3524,VSS,Metal1,850.0665,534.9390,0.001951
TAP_TAPCELL_ROW_102_3525,VSS,Metal1,889.2665,534.9390,0.001957
TAP_TAPCELL_ROW_102_3526,VSS,Metal1,928.4665,534.9390,0.001954
TAP_TAPCELL_ROW_102_3527,VSS,Metal1,967.6665,534.9390,0.002010
TAP_TAPCELL_ROW_102_3528,VSS,Metal1,1006.8665,534.9390,0.002036
TAP_TAPCELL_ROW_102_3529,VSS,Metal1,1046.0665,534.9390,0.002068
TAP_TAPCELL_ROW_103_3530,VSS,Metal1,46.4665,543.6205,0.002138
TAP_TAPCELL_ROW_103_3531,VSS,Metal1,85.6665,543.6205,0.002215
TAP_TAPCELL_ROW_103_3532,VSS,Metal1,124.8665,543.6205,0.002297
TAP_TAPCELL_ROW_103_3533,VSS,Metal1,164.0665,543.6205,0.002353
TAP_TAPCELL_ROW_103_3534,VSS,Metal1,203.2665,543.6205,0.002382
TAP_TAPCELL_ROW_103_3535,VSS,Metal1,242.4665,543.6205,0.002392
TAP_TAPCELL_ROW_103_3536,VSS,Metal1,281.6665,543.6205,0.002388
TAP_TAPCELL_ROW_103_3537,VSS,Metal1,320.8665,543.6205,0.002290
TAP_TAPCELL_ROW_103_3538,VSS,Metal1,360.0665,543.6205,0.002256
TAP_TAPCELL_ROW_103_3539,VSS,Metal1,399.2665,543.6205,0.002245
TAP_TAPCELL_ROW_103_3540,VSS,Metal1,438.4665,543.6205,0.002238
TAP_TAPCELL_ROW_103_3541,VSS,Metal1,477.6665,543.6205,0.002229
TAP_TAPCELL_ROW_103_3542,VSS,Metal1,516.8665,543.6205,0.002223
TAP_TAPCELL_ROW_103_3543,VSS,Metal1,556.0665,543.6205,0.002222
TAP_TAPCELL_ROW_103_3544,VSS,Metal1,595.2665,543.6205,0.002183
TAP_TAPCELL_ROW_103_3545,VSS,Metal1,634.4665,543.6205,0.002124
TAP_TAPCELL_ROW_103_3546,VSS,Metal1,673.6665,543.6205,0.002145
TAP_TAPCELL_ROW_103_3547,VSS,Metal1,712.8665,543.6205,0.002174
TAP_TAPCELL_ROW_103_3548,VSS,Metal1,752.0665,543.6205,0.002180
TAP_TAPCELL_ROW_103_3549,VSS,Metal1,791.2665,543.6205,0.002174
TAP_TAPCELL_ROW_103_3550,VSS,Metal1,830.4665,543.6205,0.002235
TAP_TAPCELL_ROW_103_3551,VSS,Metal1,869.6665,543.6205,0.002259
TAP_TAPCELL_ROW_103_3552,VSS,Metal1,908.8665,543.6205,0.002282
TAP_TAPCELL_ROW_103_3553,VSS,Metal1,948.0665,543.6205,0.002304
TAP_TAPCELL_ROW_103_3554,VSS,Metal1,987.2665,543.6205,0.002874
TAP_TAPCELL_ROW_103_3555,VSS,Metal1,1026.4665,543.6205,0.003078
TAP_TAPCELL_ROW_103_3556,VSS,Metal1,1065.6665,543.6205,0.003092
TAP_TAPCELL_ROW_104_3557,VSS,Metal1,26.8665,545.0190,0.002100
TAP_TAPCELL_ROW_104_3558,VSS,Metal1,66.0665,545.0190,0.002159
TAP_TAPCELL_ROW_104_3559,VSS,Metal1,105.2665,545.0190,0.002270
TAP_TAPCELL_ROW_104_3560,VSS,Metal1,144.4665,545.0190,0.002353
TAP_TAPCELL_ROW_104_3561,VSS,Metal1,183.6665,545.0190,0.002377
TAP_TAPCELL_ROW_104_3562,VSS,Metal1,222.8665,545.0190,0.002417
TAP_TAPCELL_ROW_104_3563,VSS,Metal1,262.0665,545.0190,0.002390
TAP_TAPCELL_ROW_104_3564,VSS,Metal1,301.2665,545.0190,0.002304
TAP_TAPCELL_ROW_104_3565,VSS,Metal1,340.4665,545.0190,0.002256
TAP_TAPCELL_ROW_104_3566,VSS,Metal1,379.6665,545.0190,0.002254
TAP_TAPCELL_ROW_104_3567,VSS,Metal1,418.8665,545.0190,0.002238
TAP_TAPCELL_ROW_104_3568,VSS,Metal1,458.0665,545.0190,0.002232
TAP_TAPCELL_ROW_104_3569,VSS,Metal1,497.2665,545.0190,0.002222
TAP_TAPCELL_ROW_104_3570,VSS,Metal1,536.4665,545.0190,0.002223
TAP_TAPCELL_ROW_104_3571,VSS,Metal1,575.6665,545.0190,0.002204
TAP_TAPCELL_ROW_104_3572,VSS,Metal1,614.8665,545.0190,0.002159
TAP_TAPCELL_ROW_104_3573,VSS,Metal1,654.0665,545.0190,0.002124
TAP_TAPCELL_ROW_104_3574,VSS,Metal1,693.2665,545.0190,0.002174
TAP_TAPCELL_ROW_104_3575,VSS,Metal1,732.4665,545.0190,0.002180
TAP_TAPCELL_ROW_104_3576,VSS,Metal1,771.6665,545.0190,0.002180
TAP_TAPCELL_ROW_104_3577,VSS,Metal1,810.8665,545.0190,0.002223
TAP_TAPCELL_ROW_104_3578,VSS,Metal1,850.0665,545.0190,0.002255
TAP_TAPCELL_ROW_104_3579,VSS,Metal1,889.2665,545.0190,0.002260
TAP_TAPCELL_ROW_104_3580,VSS,Metal1,928.4665,545.0190,0.002287
TAP_TAPCELL_ROW_104_3581,VSS,Metal1,967.6665,545.0190,0.002817
TAP_TAPCELL_ROW_104_3582,VSS,Metal1,1006.8665,545.0190,0.003049
TAP_TAPCELL_ROW_104_3583,VSS,Metal1,1046.0665,545.0190,0.003085
TAP_TAPCELL_ROW_105_3584,VSS,Metal1,46.4665,553.7005,0.002325
TAP_TAPCELL_ROW_105_3585,VSS,Metal1,85.6665,553.7005,0.002384
TAP_TAPCELL_ROW_105_3586,VSS,Metal1,124.8665,553.7005,0.002401
TAP_TAPCELL_ROW_105_3587,VSS,Metal1,164.0665,553.7005,0.002395
TAP_TAPCELL_ROW_105_3588,VSS,Metal1,203.2665,553.7005,0.002389
TAP_TAPCELL_ROW_105_3589,VSS,Metal1,242.4665,553.7005,0.002389
TAP_TAPCELL_ROW_105_3590,VSS,Metal1,281.6665,553.7005,0.002387
TAP_TAPCELL_ROW_105_3591,VSS,Metal1,320.8665,553.7005,0.002379
TAP_TAPCELL_ROW_105_3592,VSS,Metal1,360.0665,553.7005,0.002393
TAP_TAPCELL_ROW_105_3593,VSS,Metal1,399.2665,553.7005,0.002399
TAP_TAPCELL_ROW_105_3594,VSS,Metal1,438.4665,553.7005,0.002382
TAP_TAPCELL_ROW_105_3595,VSS,Metal1,477.6665,553.7005,0.002367
TAP_TAPCELL_ROW_105_3596,VSS,Metal1,516.8665,553.7005,0.002384
TAP_TAPCELL_ROW_105_3597,VSS,Metal1,556.0665,553.7005,0.002421
TAP_TAPCELL_ROW_105_3598,VSS,Metal1,595.2665,553.7005,0.002395
TAP_TAPCELL_ROW_105_3599,VSS,Metal1,634.4665,553.7005,0.002344
TAP_TAPCELL_ROW_105_3600,VSS,Metal1,673.6665,553.7005,0.002360
TAP_TAPCELL_ROW_105_3601,VSS,Metal1,712.8665,553.7005,0.002362
TAP_TAPCELL_ROW_105_3602,VSS,Metal1,752.0665,553.7005,0.002358
TAP_TAPCELL_ROW_105_3603,VSS,Metal1,791.2665,553.7005,0.002329
TAP_TAPCELL_ROW_105_3604,VSS,Metal1,830.4665,553.7005,0.002360
TAP_TAPCELL_ROW_105_3605,VSS,Metal1,869.6665,553.7005,0.002371
TAP_TAPCELL_ROW_105_3606,VSS,Metal1,908.8665,553.7005,0.002388
TAP_TAPCELL_ROW_105_3607,VSS,Metal1,948.0665,553.7005,0.002393
TAP_TAPCELL_ROW_105_3608,VSS,Metal1,987.2665,553.7005,0.002455
TAP_TAPCELL_ROW_105_3609,VSS,Metal1,1026.4665,553.7005,0.002489
TAP_TAPCELL_ROW_105_3610,VSS,Metal1,1065.6665,553.7005,0.002511
TAP_TAPCELL_ROW_106_3611,VSS,Metal1,26.8665,555.0990,0.002316
TAP_TAPCELL_ROW_106_3612,VSS,Metal1,66.0665,555.0990,0.002370
TAP_TAPCELL_ROW_106_3613,VSS,Metal1,105.2665,555.0990,0.002400
TAP_TAPCELL_ROW_106_3614,VSS,Metal1,144.4665,555.0990,0.002398
TAP_TAPCELL_ROW_106_3615,VSS,Metal1,183.6665,555.0990,0.002385
TAP_TAPCELL_ROW_106_3616,VSS,Metal1,222.8665,555.0990,0.002390
TAP_TAPCELL_ROW_106_3617,VSS,Metal1,262.0665,555.0990,0.002388
TAP_TAPCELL_ROW_106_3618,VSS,Metal1,301.2665,555.0990,0.002384
TAP_TAPCELL_ROW_106_3619,VSS,Metal1,340.4665,555.0990,0.002384
TAP_TAPCELL_ROW_106_3620,VSS,Metal1,379.6665,555.0990,0.002396
TAP_TAPCELL_ROW_106_3621,VSS,Metal1,418.8665,555.0990,0.002387
TAP_TAPCELL_ROW_106_3622,VSS,Metal1,458.0665,555.0990,0.002369
TAP_TAPCELL_ROW_106_3623,VSS,Metal1,497.2665,555.0990,0.002366
TAP_TAPCELL_ROW_106_3624,VSS,Metal1,536.4665,555.0990,0.002398
TAP_TAPCELL_ROW_106_3625,VSS,Metal1,575.6665,555.0990,0.002411
TAP_TAPCELL_ROW_106_3626,VSS,Metal1,614.8665,555.0990,0.002386
TAP_TAPCELL_ROW_106_3627,VSS,Metal1,654.0665,555.0990,0.002353
TAP_TAPCELL_ROW_106_3628,VSS,Metal1,693.2665,555.0990,0.002362
TAP_TAPCELL_ROW_106_3629,VSS,Metal1,732.4665,555.0990,0.002362
TAP_TAPCELL_ROW_106_3630,VSS,Metal1,771.6665,555.0990,0.002353
TAP_TAPCELL_ROW_106_3631,VSS,Metal1,810.8665,555.0990,0.002325
TAP_TAPCELL_ROW_106_3632,VSS,Metal1,850.0665,555.0990,0.002368
TAP_TAPCELL_ROW_106_3633,VSS,Metal1,889.2665,555.0990,0.002387
TAP_TAPCELL_ROW_106_3634,VSS,Metal1,928.4665,555.0990,0.002389
TAP_TAPCELL_ROW_106_3635,VSS,Metal1,967.6665,555.0990,0.002447
TAP_TAPCELL_ROW_106_3636,VSS,Metal1,1006.8665,555.0990,0.002487
TAP_TAPCELL_ROW_106_3637,VSS,Metal1,1046.0665,555.0990,0.002494
TAP_TAPCELL_ROW_107_3638,VSS,Metal1,46.4665,563.7805,0.002537
TAP_TAPCELL_ROW_107_3639,VSS,Metal1,85.6665,563.7805,0.002540
TAP_TAPCELL_ROW_107_3640,VSS,Metal1,124.8665,563.7805,0.002540
TAP_TAPCELL_ROW_107_3641,VSS,Metal1,164.0665,563.7805,0.002534
TAP_TAPCELL_ROW_107_3642,VSS,Metal1,203.2665,563.7805,0.002576
TAP_TAPCELL_ROW_107_3643,VSS,Metal1,242.4665,563.7805,0.002593
TAP_TAPCELL_ROW_107_3644,VSS,Metal1,281.6665,563.7805,0.002598
TAP_TAPCELL_ROW_107_3645,VSS,Metal1,320.8665,563.7805,0.002585
TAP_TAPCELL_ROW_107_3646,VSS,Metal1,360.0665,563.7805,0.002593
TAP_TAPCELL_ROW_107_3647,VSS,Metal1,399.2665,563.7805,0.002614
TAP_TAPCELL_ROW_107_3648,VSS,Metal1,438.4665,563.7805,0.002610
TAP_TAPCELL_ROW_107_3649,VSS,Metal1,477.6665,563.7805,0.002597
TAP_TAPCELL_ROW_107_3650,VSS,Metal1,516.8665,563.7805,0.002649
TAP_TAPCELL_ROW_107_3651,VSS,Metal1,556.0665,563.7805,0.002683
TAP_TAPCELL_ROW_107_3652,VSS,Metal1,595.2665,563.7805,0.002671
TAP_TAPCELL_ROW_107_3653,VSS,Metal1,634.4665,563.7805,0.002597
TAP_TAPCELL_ROW_107_3654,VSS,Metal1,673.6665,563.7805,0.002660
TAP_TAPCELL_ROW_107_3655,VSS,Metal1,712.8665,563.7805,0.002655
TAP_TAPCELL_ROW_107_3656,VSS,Metal1,752.0665,563.7805,0.002646
TAP_TAPCELL_ROW_107_3657,VSS,Metal1,791.2665,563.7805,0.002524
TAP_TAPCELL_ROW_107_3658,VSS,Metal1,830.4665,563.7805,0.002556
TAP_TAPCELL_ROW_107_3659,VSS,Metal1,869.6665,563.7805,0.002582
TAP_TAPCELL_ROW_107_3660,VSS,Metal1,908.8665,563.7805,0.002590
TAP_TAPCELL_ROW_107_3661,VSS,Metal1,948.0665,563.7805,0.002600
TAP_TAPCELL_ROW_107_3662,VSS,Metal1,987.2665,563.7805,0.002664
TAP_TAPCELL_ROW_107_3663,VSS,Metal1,1026.4665,563.7805,0.002697
TAP_TAPCELL_ROW_107_3664,VSS,Metal1,1065.6665,563.7805,0.002711
TAP_TAPCELL_ROW_108_3665,VSS,Metal1,26.8665,565.1790,0.002510
TAP_TAPCELL_ROW_108_3666,VSS,Metal1,66.0665,565.1790,0.002537
TAP_TAPCELL_ROW_108_3667,VSS,Metal1,105.2665,565.1790,0.002542
TAP_TAPCELL_ROW_108_3668,VSS,Metal1,144.4665,565.1790,0.002537
TAP_TAPCELL_ROW_108_3669,VSS,Metal1,183.6665,565.1790,0.002539
TAP_TAPCELL_ROW_108_3670,VSS,Metal1,222.8665,565.1790,0.002590
TAP_TAPCELL_ROW_108_3671,VSS,Metal1,262.0665,565.1790,0.002596
TAP_TAPCELL_ROW_108_3672,VSS,Metal1,301.2665,565.1790,0.002592
TAP_TAPCELL_ROW_108_3673,VSS,Metal1,340.4665,565.1790,0.002583
TAP_TAPCELL_ROW_108_3674,VSS,Metal1,379.6665,565.1790,0.002600
TAP_TAPCELL_ROW_108_3675,VSS,Metal1,418.8665,565.1790,0.002615
TAP_TAPCELL_ROW_108_3676,VSS,Metal1,458.0665,565.1790,0.002604
TAP_TAPCELL_ROW_108_3677,VSS,Metal1,497.2665,565.1790,0.002614
TAP_TAPCELL_ROW_108_3678,VSS,Metal1,536.4665,565.1790,0.002660
TAP_TAPCELL_ROW_108_3679,VSS,Metal1,575.6665,565.1790,0.002679
TAP_TAPCELL_ROW_108_3680,VSS,Metal1,614.8665,565.1790,0.002644
TAP_TAPCELL_ROW_108_3681,VSS,Metal1,654.0665,565.1790,0.002578
TAP_TAPCELL_ROW_108_3682,VSS,Metal1,693.2665,565.1790,0.002660
TAP_TAPCELL_ROW_108_3683,VSS,Metal1,732.4665,565.1790,0.002653
TAP_TAPCELL_ROW_108_3684,VSS,Metal1,771.6665,565.1790,0.002555
TAP_TAPCELL_ROW_108_3685,VSS,Metal1,810.8665,565.1790,0.002531
TAP_TAPCELL_ROW_108_3686,VSS,Metal1,850.0665,565.1790,0.002570
TAP_TAPCELL_ROW_108_3687,VSS,Metal1,889.2665,565.1790,0.002587
TAP_TAPCELL_ROW_108_3688,VSS,Metal1,928.4665,565.1790,0.002598
TAP_TAPCELL_ROW_108_3689,VSS,Metal1,967.6665,565.1790,0.002661
TAP_TAPCELL_ROW_108_3690,VSS,Metal1,1006.8665,565.1790,0.002675
TAP_TAPCELL_ROW_108_3691,VSS,Metal1,1046.0665,565.1790,0.002704
TAP_TAPCELL_ROW_109_3692,VSS,Metal1,46.4665,573.8605,0.002697
TAP_TAPCELL_ROW_109_3693,VSS,Metal1,85.6665,573.8605,0.002744
TAP_TAPCELL_ROW_109_3694,VSS,Metal1,124.8665,573.8605,0.002753
TAP_TAPCELL_ROW_109_3695,VSS,Metal1,164.0665,573.8605,0.002755
TAP_TAPCELL_ROW_109_3696,VSS,Metal1,203.2665,573.8605,0.002744
TAP_TAPCELL_ROW_109_3697,VSS,Metal1,242.4665,573.8605,0.002769
TAP_TAPCELL_ROW_109_3698,VSS,Metal1,281.6665,573.8605,0.002775
TAP_TAPCELL_ROW_109_3699,VSS,Metal1,320.8665,573.8605,0.002765
TAP_TAPCELL_ROW_109_3700,VSS,Metal1,360.0665,573.8605,0.002761
TAP_TAPCELL_ROW_109_3701,VSS,Metal1,399.2665,573.8605,0.002744
TAP_TAPCELL_ROW_109_3702,VSS,Metal1,438.4665,573.8605,0.002728
TAP_TAPCELL_ROW_109_3703,VSS,Metal1,477.6665,573.8605,0.002661
TAP_TAPCELL_ROW_109_3704,VSS,Metal1,516.8665,573.8605,0.002673
TAP_TAPCELL_ROW_109_3705,VSS,Metal1,556.0665,573.8605,0.002682
TAP_TAPCELL_ROW_109_3706,VSS,Metal1,595.2665,573.8605,0.002681
TAP_TAPCELL_ROW_109_3707,VSS,Metal1,634.4665,573.8605,0.002650
TAP_TAPCELL_ROW_109_3708,VSS,Metal1,673.6665,573.8605,0.002671
TAP_TAPCELL_ROW_109_3709,VSS,Metal1,712.8665,573.8605,0.002688
TAP_TAPCELL_ROW_109_3710,VSS,Metal1,752.0665,573.8605,0.002692
TAP_TAPCELL_ROW_109_3711,VSS,Metal1,791.2665,573.8605,0.002693
TAP_TAPCELL_ROW_109_3712,VSS,Metal1,830.4665,573.8605,0.002698
TAP_TAPCELL_ROW_109_3713,VSS,Metal1,869.6665,573.8605,0.002718
TAP_TAPCELL_ROW_109_3714,VSS,Metal1,908.8665,573.8605,0.002730
TAP_TAPCELL_ROW_109_3715,VSS,Metal1,948.0665,573.8605,0.002739
TAP_TAPCELL_ROW_109_3716,VSS,Metal1,987.2665,573.8605,0.002762
TAP_TAPCELL_ROW_109_3717,VSS,Metal1,1026.4665,573.8605,0.002815
TAP_TAPCELL_ROW_109_3718,VSS,Metal1,1065.6665,573.8605,0.002836
TAP_TAPCELL_ROW_110_3719,VSS,Metal1,26.8665,575.2590,0.002696
TAP_TAPCELL_ROW_110_3720,VSS,Metal1,66.0665,575.2590,0.002716
TAP_TAPCELL_ROW_110_3721,VSS,Metal1,105.2665,575.2590,0.002751
TAP_TAPCELL_ROW_110_3722,VSS,Metal1,144.4665,575.2590,0.002756
TAP_TAPCELL_ROW_110_3723,VSS,Metal1,183.6665,575.2590,0.002743
TAP_TAPCELL_ROW_110_3724,VSS,Metal1,222.8665,575.2590,0.002763
TAP_TAPCELL_ROW_110_3725,VSS,Metal1,262.0665,575.2590,0.002771
TAP_TAPCELL_ROW_110_3726,VSS,Metal1,301.2665,575.2590,0.002767
TAP_TAPCELL_ROW_110_3727,VSS,Metal1,340.4665,575.2590,0.002757
TAP_TAPCELL_ROW_110_3728,VSS,Metal1,379.6665,575.2590,0.002761
TAP_TAPCELL_ROW_110_3729,VSS,Metal1,418.8665,575.2590,0.002739
TAP_TAPCELL_ROW_110_3730,VSS,Metal1,458.0665,575.2590,0.002690
TAP_TAPCELL_ROW_110_3731,VSS,Metal1,497.2665,575.2590,0.002671
TAP_TAPCELL_ROW_110_3732,VSS,Metal1,536.4665,575.2590,0.002679
TAP_TAPCELL_ROW_110_3733,VSS,Metal1,575.6665,575.2590,0.002682
TAP_TAPCELL_ROW_110_3734,VSS,Metal1,614.8665,575.2590,0.002673
TAP_TAPCELL_ROW_110_3735,VSS,Metal1,654.0665,575.2590,0.002660
TAP_TAPCELL_ROW_110_3736,VSS,Metal1,693.2665,575.2590,0.002684
TAP_TAPCELL_ROW_110_3737,VSS,Metal1,732.4665,575.2590,0.002690
TAP_TAPCELL_ROW_110_3738,VSS,Metal1,771.6665,575.2590,0.002694
TAP_TAPCELL_ROW_110_3739,VSS,Metal1,810.8665,575.2590,0.002677
TAP_TAPCELL_ROW_110_3740,VSS,Metal1,850.0665,575.2590,0.002716
TAP_TAPCELL_ROW_110_3741,VSS,Metal1,889.2665,575.2590,0.002721
TAP_TAPCELL_ROW_110_3742,VSS,Metal1,928.4665,575.2590,0.002734
TAP_TAPCELL_ROW_110_3743,VSS,Metal1,967.6665,575.2590,0.002759
TAP_TAPCELL_ROW_110_3744,VSS,Metal1,1006.8665,575.2590,0.002802
TAP_TAPCELL_ROW_110_3745,VSS,Metal1,1046.0665,575.2590,0.002836
TAP_TAPCELL_ROW_111_3746,VSS,Metal1,46.4665,583.9405,0.002910
TAP_TAPCELL_ROW_111_3747,VSS,Metal1,85.6665,583.9405,0.002919
TAP_TAPCELL_ROW_111_3748,VSS,Metal1,124.8665,583.9405,0.002925
TAP_TAPCELL_ROW_111_3749,VSS,Metal1,164.0665,583.9405,0.002913
TAP_TAPCELL_ROW_111_3750,VSS,Metal1,203.2665,583.9405,0.002913
TAP_TAPCELL_ROW_111_3751,VSS,Metal1,242.4665,583.9405,0.002935
TAP_TAPCELL_ROW_111_3752,VSS,Metal1,281.6665,583.9405,0.002934
TAP_TAPCELL_ROW_111_3753,VSS,Metal1,320.8665,583.9405,0.002927
TAP_TAPCELL_ROW_111_3754,VSS,Metal1,360.0665,583.9405,0.002934
TAP_TAPCELL_ROW_111_3755,VSS,Metal1,399.2665,583.9405,0.002942
TAP_TAPCELL_ROW_111_3756,VSS,Metal1,438.4665,583.9405,0.002940
TAP_TAPCELL_ROW_111_3757,VSS,Metal1,477.6665,583.9405,0.002913
TAP_TAPCELL_ROW_111_3758,VSS,Metal1,516.8665,583.9405,0.002957
TAP_TAPCELL_ROW_111_3759,VSS,Metal1,556.0665,583.9405,0.003009
TAP_TAPCELL_ROW_111_3760,VSS,Metal1,595.2665,583.9405,0.003045
TAP_TAPCELL_ROW_111_3761,VSS,Metal1,634.4665,583.9405,0.003049
TAP_TAPCELL_ROW_111_3762,VSS,Metal1,673.6665,583.9405,0.003073
TAP_TAPCELL_ROW_111_3763,VSS,Metal1,712.8665,583.9405,0.003088
TAP_TAPCELL_ROW_111_3764,VSS,Metal1,752.0665,583.9405,0.003137
TAP_TAPCELL_ROW_111_3765,VSS,Metal1,791.2665,583.9405,0.002862
TAP_TAPCELL_ROW_111_3766,VSS,Metal1,830.4665,583.9405,0.002865
TAP_TAPCELL_ROW_111_3767,VSS,Metal1,869.6665,583.9405,0.002864
TAP_TAPCELL_ROW_111_3768,VSS,Metal1,908.8665,583.9405,0.002859
TAP_TAPCELL_ROW_111_3769,VSS,Metal1,948.0665,583.9405,0.002848
TAP_TAPCELL_ROW_111_3770,VSS,Metal1,987.2665,583.9405,0.002922
TAP_TAPCELL_ROW_111_3771,VSS,Metal1,1026.4665,583.9405,0.002949
TAP_TAPCELL_ROW_111_3772,VSS,Metal1,1065.6665,583.9405,0.002972
TAP_TAPCELL_ROW_112_3773,VSS,Metal1,26.8665,585.3390,0.002893
TAP_TAPCELL_ROW_112_3774,VSS,Metal1,66.0665,585.3390,0.002914
TAP_TAPCELL_ROW_112_3775,VSS,Metal1,105.2665,585.3390,0.002922
TAP_TAPCELL_ROW_112_3776,VSS,Metal1,144.4665,585.3390,0.002914
TAP_TAPCELL_ROW_112_3777,VSS,Metal1,183.6665,585.3390,0.002910
TAP_TAPCELL_ROW_112_3778,VSS,Metal1,222.8665,585.3390,0.002934
TAP_TAPCELL_ROW_112_3779,VSS,Metal1,262.0665,585.3390,0.002935
TAP_TAPCELL_ROW_112_3780,VSS,Metal1,301.2665,585.3390,0.002933
TAP_TAPCELL_ROW_112_3781,VSS,Metal1,340.4665,585.3390,0.002929
TAP_TAPCELL_ROW_112_3782,VSS,Metal1,379.6665,585.3390,0.002936
TAP_TAPCELL_ROW_112_3783,VSS,Metal1,418.8665,585.3390,0.002943
TAP_TAPCELL_ROW_112_3784,VSS,Metal1,458.0665,585.3390,0.002924
TAP_TAPCELL_ROW_112_3785,VSS,Metal1,497.2665,585.3390,0.002930
TAP_TAPCELL_ROW_112_3786,VSS,Metal1,536.4665,585.3390,0.002976
TAP_TAPCELL_ROW_112_3787,VSS,Metal1,575.6665,585.3390,0.003034
TAP_TAPCELL_ROW_112_3788,VSS,Metal1,614.8665,585.3390,0.003046
TAP_TAPCELL_ROW_112_3789,VSS,Metal1,654.0665,585.3390,0.003050
TAP_TAPCELL_ROW_112_3790,VSS,Metal1,693.2665,585.3390,0.003083
TAP_TAPCELL_ROW_112_3791,VSS,Metal1,732.4665,585.3390,0.003133
TAP_TAPCELL_ROW_112_3792,VSS,Metal1,771.6665,585.3390,0.003127
TAP_TAPCELL_ROW_112_3793,VSS,Metal1,810.8665,585.3390,0.002855
TAP_TAPCELL_ROW_112_3794,VSS,Metal1,850.0665,585.3390,0.002864
TAP_TAPCELL_ROW_112_3795,VSS,Metal1,889.2665,585.3390,0.002863
TAP_TAPCELL_ROW_112_3796,VSS,Metal1,928.4665,585.3390,0.002855
TAP_TAPCELL_ROW_112_3797,VSS,Metal1,967.6665,585.3390,0.002882
TAP_TAPCELL_ROW_112_3798,VSS,Metal1,1006.8665,585.3390,0.002935
TAP_TAPCELL_ROW_112_3799,VSS,Metal1,1046.0665,585.3390,0.002963
TAP_TAPCELL_ROW_113_3800,VSS,Metal1,46.4665,594.0205,0.003140
TAP_TAPCELL_ROW_113_3801,VSS,Metal1,85.6665,594.0205,0.003156
TAP_TAPCELL_ROW_113_3802,VSS,Metal1,124.8665,594.0205,0.003143
TAP_TAPCELL_ROW_113_3803,VSS,Metal1,164.0665,594.0205,0.003112
TAP_TAPCELL_ROW_113_3804,VSS,Metal1,203.2665,594.0205,0.003103
TAP_TAPCELL_ROW_113_3805,VSS,Metal1,242.4665,594.0205,0.003106
TAP_TAPCELL_ROW_113_3806,VSS,Metal1,281.6665,594.0205,0.003103
TAP_TAPCELL_ROW_113_3807,VSS,Metal1,320.8665,594.0205,0.003096
TAP_TAPCELL_ROW_113_3808,VSS,Metal1,360.0665,594.0205,0.003134
TAP_TAPCELL_ROW_113_3809,VSS,Metal1,399.2665,594.0205,0.003146
TAP_TAPCELL_ROW_113_3810,VSS,Metal1,438.4665,594.0205,0.003009
TAP_TAPCELL_ROW_113_3811,VSS,Metal1,477.6665,594.0205,0.002942
TAP_TAPCELL_ROW_113_3812,VSS,Metal1,516.8665,594.0205,0.002942
TAP_TAPCELL_ROW_113_3813,VSS,Metal1,556.0665,594.0205,0.002941
TAP_TAPCELL_ROW_113_3814,VSS,Metal1,595.2665,594.0205,0.002919
TAP_TAPCELL_ROW_113_3815,VSS,Metal1,634.4665,594.0205,0.002900
TAP_TAPCELL_ROW_113_3816,VSS,Metal1,673.6665,594.0205,0.002913
TAP_TAPCELL_ROW_113_3817,VSS,Metal1,712.8665,594.0205,0.002930
TAP_TAPCELL_ROW_113_3818,VSS,Metal1,752.0665,594.0205,0.002943
TAP_TAPCELL_ROW_113_3819,VSS,Metal1,791.2665,594.0205,0.002918
TAP_TAPCELL_ROW_113_3820,VSS,Metal1,830.4665,594.0205,0.002976
TAP_TAPCELL_ROW_113_3821,VSS,Metal1,869.6665,594.0205,0.003006
TAP_TAPCELL_ROW_113_3822,VSS,Metal1,908.8665,594.0205,0.003070
TAP_TAPCELL_ROW_113_3823,VSS,Metal1,948.0665,594.0205,0.003118
TAP_TAPCELL_ROW_113_3824,VSS,Metal1,987.2665,594.0205,0.003281
TAP_TAPCELL_ROW_113_3825,VSS,Metal1,1026.4665,594.0205,0.003324
TAP_TAPCELL_ROW_113_3826,VSS,Metal1,1065.6665,594.0205,0.003328
TAP_TAPCELL_ROW_114_3827,VSS,Metal1,26.8665,595.4190,0.003089
TAP_TAPCELL_ROW_114_3828,VSS,Metal1,66.0665,595.4190,0.003146
TAP_TAPCELL_ROW_114_3829,VSS,Metal1,105.2665,595.4190,0.003155
TAP_TAPCELL_ROW_114_3830,VSS,Metal1,144.4665,595.4190,0.003132
TAP_TAPCELL_ROW_114_3831,VSS,Metal1,183.6665,595.4190,0.003099
TAP_TAPCELL_ROW_114_3832,VSS,Metal1,222.8665,595.4190,0.003106
TAP_TAPCELL_ROW_114_3833,VSS,Metal1,262.0665,595.4190,0.003104
TAP_TAPCELL_ROW_114_3834,VSS,Metal1,301.2665,595.4190,0.003101
TAP_TAPCELL_ROW_114_3835,VSS,Metal1,340.4665,595.4190,0.003098
TAP_TAPCELL_ROW_114_3836,VSS,Metal1,379.6665,595.4190,0.003149
TAP_TAPCELL_ROW_114_3837,VSS,Metal1,418.8665,595.4190,0.003099
TAP_TAPCELL_ROW_114_3838,VSS,Metal1,458.0665,595.4190,0.002999
TAP_TAPCELL_ROW_114_3839,VSS,Metal1,497.2665,595.4190,0.002940
TAP_TAPCELL_ROW_114_3840,VSS,Metal1,536.4665,595.4190,0.002943
TAP_TAPCELL_ROW_114_3841,VSS,Metal1,575.6665,595.4190,0.002936
TAP_TAPCELL_ROW_114_3842,VSS,Metal1,614.8665,595.4190,0.002911
TAP_TAPCELL_ROW_114_3843,VSS,Metal1,654.0665,595.4190,0.002900
TAP_TAPCELL_ROW_114_3844,VSS,Metal1,693.2665,595.4190,0.002928
TAP_TAPCELL_ROW_114_3845,VSS,Metal1,732.4665,595.4190,0.002941
TAP_TAPCELL_ROW_114_3846,VSS,Metal1,771.6665,595.4190,0.002943
TAP_TAPCELL_ROW_114_3847,VSS,Metal1,810.8665,595.4190,0.002944
TAP_TAPCELL_ROW_114_3848,VSS,Metal1,850.0665,595.4190,0.002995
TAP_TAPCELL_ROW_114_3849,VSS,Metal1,889.2665,595.4190,0.003032
TAP_TAPCELL_ROW_114_3850,VSS,Metal1,928.4665,595.4190,0.003111
TAP_TAPCELL_ROW_114_3851,VSS,Metal1,967.6665,595.4190,0.003187
TAP_TAPCELL_ROW_114_3852,VSS,Metal1,1006.8665,595.4190,0.003311
TAP_TAPCELL_ROW_114_3853,VSS,Metal1,1046.0665,595.4190,0.003326
TAP_TAPCELL_ROW_115_3854,VSS,Metal1,46.4665,604.1005,0.003225
TAP_TAPCELL_ROW_115_3855,VSS,Metal1,85.6665,604.1005,0.003260
TAP_TAPCELL_ROW_115_3856,VSS,Metal1,124.8665,604.1005,0.003262
TAP_TAPCELL_ROW_115_3857,VSS,Metal1,164.0665,604.1005,0.003251
TAP_TAPCELL_ROW_115_3858,VSS,Metal1,203.2665,604.1005,0.003294
TAP_TAPCELL_ROW_115_3859,VSS,Metal1,242.4665,604.1005,0.003332
TAP_TAPCELL_ROW_115_3860,VSS,Metal1,281.6665,604.1005,0.003340
TAP_TAPCELL_ROW_115_3861,VSS,Metal1,320.8665,604.1005,0.003234
TAP_TAPCELL_ROW_115_3862,VSS,Metal1,360.0665,604.1005,0.003249
TAP_TAPCELL_ROW_115_3863,VSS,Metal1,399.2665,604.1005,0.003201
TAP_TAPCELL_ROW_115_3864,VSS,Metal1,438.4665,604.1005,0.003157
TAP_TAPCELL_ROW_115_3865,VSS,Metal1,477.6665,604.1005,0.003041
TAP_TAPCELL_ROW_115_3866,VSS,Metal1,516.8665,604.1005,0.003035
TAP_TAPCELL_ROW_115_3867,VSS,Metal1,556.0665,604.1005,0.003050
TAP_TAPCELL_ROW_115_3868,VSS,Metal1,595.2665,604.1005,0.003043
TAP_TAPCELL_ROW_115_3869,VSS,Metal1,634.4665,604.1005,0.003029
TAP_TAPCELL_ROW_115_3870,VSS,Metal1,673.6665,604.1005,0.003041
TAP_TAPCELL_ROW_115_3871,VSS,Metal1,712.8665,604.1005,0.003059
TAP_TAPCELL_ROW_115_3872,VSS,Metal1,752.0665,604.1005,0.003068
TAP_TAPCELL_ROW_115_3873,VSS,Metal1,791.2665,604.1005,0.003068
TAP_TAPCELL_ROW_115_3874,VSS,Metal1,830.4665,604.1005,0.003179
TAP_TAPCELL_ROW_115_3875,VSS,Metal1,869.6665,604.1005,0.003194
TAP_TAPCELL_ROW_115_3876,VSS,Metal1,908.8665,604.1005,0.003168
TAP_TAPCELL_ROW_115_3877,VSS,Metal1,948.0665,604.1005,0.003149
TAP_TAPCELL_ROW_115_3878,VSS,Metal1,987.2665,604.1005,0.003170
TAP_TAPCELL_ROW_115_3879,VSS,Metal1,1026.4665,604.1005,0.003206
TAP_TAPCELL_ROW_115_3880,VSS,Metal1,1065.6665,604.1005,0.003224
TAP_TAPCELL_ROW_116_3881,VSS,Metal1,26.8665,605.4990,0.003218
TAP_TAPCELL_ROW_116_3882,VSS,Metal1,66.0665,605.4990,0.003243
TAP_TAPCELL_ROW_116_3883,VSS,Metal1,105.2665,605.4990,0.003260
TAP_TAPCELL_ROW_116_3884,VSS,Metal1,144.4665,605.4990,0.003261
TAP_TAPCELL_ROW_116_3885,VSS,Metal1,183.6665,605.4990,0.003251
TAP_TAPCELL_ROW_116_3886,VSS,Metal1,222.8665,605.4990,0.003323
TAP_TAPCELL_ROW_116_3887,VSS,Metal1,262.0665,605.4990,0.003340
TAP_TAPCELL_ROW_116_3888,VSS,Metal1,301.2665,605.4990,0.003316
TAP_TAPCELL_ROW_116_3889,VSS,Metal1,340.4665,605.4990,0.003245
TAP_TAPCELL_ROW_116_3890,VSS,Metal1,379.6665,605.4990,0.003246
TAP_TAPCELL_ROW_116_3891,VSS,Metal1,418.8665,605.4990,0.003181
TAP_TAPCELL_ROW_116_3892,VSS,Metal1,458.0665,605.4990,0.003107
TAP_TAPCELL_ROW_116_3893,VSS,Metal1,497.2665,605.4990,0.003026
TAP_TAPCELL_ROW_116_3894,VSS,Metal1,536.4665,605.4990,0.003051
TAP_TAPCELL_ROW_116_3895,VSS,Metal1,575.6665,605.4990,0.003048
TAP_TAPCELL_ROW_116_3896,VSS,Metal1,614.8665,605.4990,0.003032
TAP_TAPCELL_ROW_116_3897,VSS,Metal1,654.0665,605.4990,0.003027
TAP_TAPCELL_ROW_116_3898,VSS,Metal1,693.2665,605.4990,0.003050
TAP_TAPCELL_ROW_116_3899,VSS,Metal1,732.4665,605.4990,0.003066
TAP_TAPCELL_ROW_116_3900,VSS,Metal1,771.6665,605.4990,0.003068
TAP_TAPCELL_ROW_116_3901,VSS,Metal1,810.8665,605.4990,0.003092
TAP_TAPCELL_ROW_116_3902,VSS,Metal1,850.0665,605.4990,0.003194
TAP_TAPCELL_ROW_116_3903,VSS,Metal1,889.2665,605.4990,0.003182
TAP_TAPCELL_ROW_116_3904,VSS,Metal1,928.4665,605.4990,0.003159
TAP_TAPCELL_ROW_116_3905,VSS,Metal1,967.6665,605.4990,0.003156
TAP_TAPCELL_ROW_116_3906,VSS,Metal1,1006.8665,605.4990,0.003183
TAP_TAPCELL_ROW_116_3907,VSS,Metal1,1046.0665,605.4990,0.003222
TAP_TAPCELL_ROW_117_3908,VSS,Metal1,46.4665,614.1805,0.003471
TAP_TAPCELL_ROW_117_3909,VSS,Metal1,85.6665,614.1805,0.003474
TAP_TAPCELL_ROW_117_3910,VSS,Metal1,124.8665,614.1805,0.003467
TAP_TAPCELL_ROW_117_3911,VSS,Metal1,164.0665,614.1805,0.003353
TAP_TAPCELL_ROW_117_3912,VSS,Metal1,203.2665,614.1805,0.003348
TAP_TAPCELL_ROW_117_3913,VSS,Metal1,242.4665,614.1805,0.003296
TAP_TAPCELL_ROW_117_3914,VSS,Metal1,281.6665,614.1805,0.003283
TAP_TAPCELL_ROW_117_3915,VSS,Metal1,320.8665,614.1805,0.003199
TAP_TAPCELL_ROW_117_3916,VSS,Metal1,360.0665,614.1805,0.003154
TAP_TAPCELL_ROW_117_3917,VSS,Metal1,399.2665,614.1805,0.003107
TAP_TAPCELL_ROW_117_3918,VSS,Metal1,438.4665,614.1805,0.003082
TAP_TAPCELL_ROW_117_3919,VSS,Metal1,477.6665,614.1805,0.003034
TAP_TAPCELL_ROW_117_3920,VSS,Metal1,516.8665,614.1805,0.003005
TAP_TAPCELL_ROW_117_3921,VSS,Metal1,556.0665,614.1805,0.002991
TAP_TAPCELL_ROW_117_3922,VSS,Metal1,595.2665,614.1805,0.002973
TAP_TAPCELL_ROW_117_3923,VSS,Metal1,634.4665,614.1805,0.002947
TAP_TAPCELL_ROW_117_3924,VSS,Metal1,673.6665,614.1805,0.002956
TAP_TAPCELL_ROW_117_3925,VSS,Metal1,712.8665,614.1805,0.002991
TAP_TAPCELL_ROW_117_3926,VSS,Metal1,752.0665,614.1805,0.003010
TAP_TAPCELL_ROW_117_3927,VSS,Metal1,791.2665,614.1805,0.003013
TAP_TAPCELL_ROW_117_3928,VSS,Metal1,830.4665,614.1805,0.003021
TAP_TAPCELL_ROW_117_3929,VSS,Metal1,869.6665,614.1805,0.003037
TAP_TAPCELL_ROW_117_3930,VSS,Metal1,908.8665,614.1805,0.003044
TAP_TAPCELL_ROW_117_3931,VSS,Metal1,948.0665,614.1805,0.003064
TAP_TAPCELL_ROW_117_3932,VSS,Metal1,987.2665,614.1805,0.003070
TAP_TAPCELL_ROW_117_3933,VSS,Metal1,1026.4665,614.1805,0.003098
TAP_TAPCELL_ROW_117_3934,VSS,Metal1,1065.6665,614.1805,0.003124
TAP_TAPCELL_ROW_118_3935,VSS,Metal1,26.8665,615.5790,0.003465
TAP_TAPCELL_ROW_118_3936,VSS,Metal1,66.0665,615.5790,0.003472
TAP_TAPCELL_ROW_118_3937,VSS,Metal1,105.2665,615.5790,0.003472
TAP_TAPCELL_ROW_118_3938,VSS,Metal1,144.4665,615.5790,0.003394
TAP_TAPCELL_ROW_118_3939,VSS,Metal1,183.6665,615.5790,0.003349
TAP_TAPCELL_ROW_118_3940,VSS,Metal1,222.8665,615.5790,0.003297
TAP_TAPCELL_ROW_118_3941,VSS,Metal1,262.0665,615.5790,0.003294
TAP_TAPCELL_ROW_118_3942,VSS,Metal1,301.2665,615.5790,0.003214
TAP_TAPCELL_ROW_118_3943,VSS,Metal1,340.4665,615.5790,0.003165
TAP_TAPCELL_ROW_118_3944,VSS,Metal1,379.6665,615.5790,0.003120
TAP_TAPCELL_ROW_118_3945,VSS,Metal1,418.8665,615.5790,0.003096
TAP_TAPCELL_ROW_118_3946,VSS,Metal1,458.0665,615.5790,0.003077
TAP_TAPCELL_ROW_118_3947,VSS,Metal1,497.2665,615.5790,0.003004
TAP_TAPCELL_ROW_118_3948,VSS,Metal1,536.4665,615.5790,0.003002
TAP_TAPCELL_ROW_118_3949,VSS,Metal1,575.6665,615.5790,0.002989
TAP_TAPCELL_ROW_118_3950,VSS,Metal1,614.8665,615.5790,0.002966
TAP_TAPCELL_ROW_118_3951,VSS,Metal1,654.0665,615.5790,0.002949
TAP_TAPCELL_ROW_118_3952,VSS,Metal1,693.2665,615.5790,0.002979
TAP_TAPCELL_ROW_118_3953,VSS,Metal1,732.4665,615.5790,0.003003
TAP_TAPCELL_ROW_118_3954,VSS,Metal1,771.6665,615.5790,0.003013
TAP_TAPCELL_ROW_118_3955,VSS,Metal1,810.8665,615.5790,0.003006
TAP_TAPCELL_ROW_118_3956,VSS,Metal1,850.0665,615.5790,0.003034
TAP_TAPCELL_ROW_118_3957,VSS,Metal1,889.2665,615.5790,0.003040
TAP_TAPCELL_ROW_118_3958,VSS,Metal1,928.4665,615.5790,0.003052
TAP_TAPCELL_ROW_118_3959,VSS,Metal1,967.6665,615.5790,0.003064
TAP_TAPCELL_ROW_118_3960,VSS,Metal1,1006.8665,615.5790,0.003074
TAP_TAPCELL_ROW_118_3961,VSS,Metal1,1046.0665,615.5790,0.003111
TAP_TAPCELL_ROW_119_3962,VSS,Metal1,46.4665,624.2605,0.003476
TAP_TAPCELL_ROW_119_3963,VSS,Metal1,85.6665,624.2605,0.003488
TAP_TAPCELL_ROW_119_3964,VSS,Metal1,124.8665,624.2605,0.003500
TAP_TAPCELL_ROW_119_3965,VSS,Metal1,164.0665,624.2605,0.003434
TAP_TAPCELL_ROW_119_3966,VSS,Metal1,203.2665,624.2605,0.003413
TAP_TAPCELL_ROW_119_3967,VSS,Metal1,242.4665,624.2605,0.003364
TAP_TAPCELL_ROW_119_3968,VSS,Metal1,281.6665,624.2605,0.003342
TAP_TAPCELL_ROW_119_3969,VSS,Metal1,320.8665,624.2605,0.003308
TAP_TAPCELL_ROW_119_3970,VSS,Metal1,360.0665,624.2605,0.003249
TAP_TAPCELL_ROW_119_3971,VSS,Metal1,399.2665,624.2605,0.003225
TAP_TAPCELL_ROW_119_3972,VSS,Metal1,438.4665,624.2605,0.003166
TAP_TAPCELL_ROW_119_3973,VSS,Metal1,477.6665,624.2605,0.003143
TAP_TAPCELL_ROW_119_3974,VSS,Metal1,516.8665,624.2605,0.003143
TAP_TAPCELL_ROW_119_3975,VSS,Metal1,556.0665,624.2605,0.003147
TAP_TAPCELL_ROW_119_3976,VSS,Metal1,595.2665,624.2605,0.003131
TAP_TAPCELL_ROW_119_3977,VSS,Metal1,634.4665,624.2605,0.002958
TAP_TAPCELL_ROW_119_3978,VSS,Metal1,673.6665,624.2605,0.002969
TAP_TAPCELL_ROW_119_3979,VSS,Metal1,712.8665,624.2605,0.003036
TAP_TAPCELL_ROW_119_3980,VSS,Metal1,752.0665,624.2605,0.003083
TAP_TAPCELL_ROW_119_3981,VSS,Metal1,791.2665,624.2605,0.003068
TAP_TAPCELL_ROW_119_3982,VSS,Metal1,830.4665,624.2605,0.003111
TAP_TAPCELL_ROW_119_3983,VSS,Metal1,869.6665,624.2605,0.003127
TAP_TAPCELL_ROW_119_3984,VSS,Metal1,908.8665,624.2605,0.003140
TAP_TAPCELL_ROW_119_3985,VSS,Metal1,948.0665,624.2605,0.003166
TAP_TAPCELL_ROW_119_3986,VSS,Metal1,987.2665,624.2605,0.003203
TAP_TAPCELL_ROW_119_3987,VSS,Metal1,1026.4665,624.2605,0.003236
TAP_TAPCELL_ROW_119_3988,VSS,Metal1,1065.6665,624.2605,0.003267
TAP_TAPCELL_ROW_120_3989,VSS,Metal1,26.8665,625.6590,0.003465
TAP_TAPCELL_ROW_120_3990,VSS,Metal1,66.0665,625.6590,0.003477
TAP_TAPCELL_ROW_120_3991,VSS,Metal1,105.2665,625.6590,0.003496
TAP_TAPCELL_ROW_120_3992,VSS,Metal1,144.4665,625.6590,0.003502
TAP_TAPCELL_ROW_120_3993,VSS,Metal1,183.6665,625.6590,0.003433
TAP_TAPCELL_ROW_120_3994,VSS,Metal1,222.8665,625.6590,0.003397
TAP_TAPCELL_ROW_120_3995,VSS,Metal1,262.0665,625.6590,0.003359
TAP_TAPCELL_ROW_120_3996,VSS,Metal1,301.2665,625.6590,0.003329
TAP_TAPCELL_ROW_120_3997,VSS,Metal1,340.4665,625.6590,0.003250
TAP_TAPCELL_ROW_120_3998,VSS,Metal1,379.6665,625.6590,0.003225
TAP_TAPCELL_ROW_120_3999,VSS,Metal1,418.8665,625.6590,0.003179
TAP_TAPCELL_ROW_120_4000,VSS,Metal1,458.0665,625.6590,0.003158
TAP_TAPCELL_ROW_120_4001,VSS,Metal1,497.2665,625.6590,0.003127
TAP_TAPCELL_ROW_120_4002,VSS,Metal1,536.4665,625.6590,0.003144
TAP_TAPCELL_ROW_120_4003,VSS,Metal1,575.6665,625.6590,0.003147
TAP_TAPCELL_ROW_120_4004,VSS,Metal1,614.8665,625.6590,0.002960
TAP_TAPCELL_ROW_120_4005,VSS,Metal1,654.0665,625.6590,0.002962
TAP_TAPCELL_ROW_120_4006,VSS,Metal1,693.2665,625.6590,0.003030
TAP_TAPCELL_ROW_120_4007,VSS,Metal1,732.4665,625.6590,0.003074
TAP_TAPCELL_ROW_120_4008,VSS,Metal1,771.6665,625.6590,0.003081
TAP_TAPCELL_ROW_120_4009,VSS,Metal1,810.8665,625.6590,0.003094
TAP_TAPCELL_ROW_120_4010,VSS,Metal1,850.0665,625.6590,0.003112
TAP_TAPCELL_ROW_120_4011,VSS,Metal1,889.2665,625.6590,0.003129
TAP_TAPCELL_ROW_120_4012,VSS,Metal1,928.4665,625.6590,0.003152
TAP_TAPCELL_ROW_120_4013,VSS,Metal1,967.6665,625.6590,0.003170
TAP_TAPCELL_ROW_120_4014,VSS,Metal1,1006.8665,625.6590,0.003229
TAP_TAPCELL_ROW_120_4015,VSS,Metal1,1046.0665,625.6590,0.003247
TAP_TAPCELL_ROW_121_4016,VSS,Metal1,46.4665,634.3405,0.003436
TAP_TAPCELL_ROW_121_4017,VSS,Metal1,85.6665,634.3405,0.003438
TAP_TAPCELL_ROW_121_4018,VSS,Metal1,124.8665,634.3405,0.003424
TAP_TAPCELL_ROW_121_4019,VSS,Metal1,164.0665,634.3405,0.003388
TAP_TAPCELL_ROW_121_4020,VSS,Metal1,203.2665,634.3405,0.003373
TAP_TAPCELL_ROW_121_4021,VSS,Metal1,242.4665,634.3405,0.003342
TAP_TAPCELL_ROW_121_4022,VSS,Metal1,281.6665,634.3405,0.003317
TAP_TAPCELL_ROW_121_4023,VSS,Metal1,320.8665,634.3405,0.003293
TAP_TAPCELL_ROW_121_4024,VSS,Metal1,360.0665,634.3405,0.003289
TAP_TAPCELL_ROW_121_4025,VSS,Metal1,399.2665,634.3405,0.003288
TAP_TAPCELL_ROW_121_4026,VSS,Metal1,438.4665,634.3405,0.003276
TAP_TAPCELL_ROW_121_4027,VSS,Metal1,477.6665,634.3405,0.003234
TAP_TAPCELL_ROW_121_4028,VSS,Metal1,516.8665,634.3405,0.003177
TAP_TAPCELL_ROW_121_4029,VSS,Metal1,556.0665,634.3405,0.003228
TAP_TAPCELL_ROW_121_4030,VSS,Metal1,595.2665,634.3405,0.003229
TAP_TAPCELL_ROW_121_4031,VSS,Metal1,634.4665,634.3405,0.003073
TAP_TAPCELL_ROW_121_4032,VSS,Metal1,673.6665,634.3405,0.003117
TAP_TAPCELL_ROW_121_4033,VSS,Metal1,712.8665,634.3405,0.003138
TAP_TAPCELL_ROW_121_4034,VSS,Metal1,752.0665,634.3405,0.003190
TAP_TAPCELL_ROW_121_4035,VSS,Metal1,791.2665,634.3405,0.003174
TAP_TAPCELL_ROW_121_4036,VSS,Metal1,830.4665,634.3405,0.003203
TAP_TAPCELL_ROW_121_4037,VSS,Metal1,869.6665,634.3405,0.003244
TAP_TAPCELL_ROW_121_4038,VSS,Metal1,908.8665,634.3405,0.003270
TAP_TAPCELL_ROW_121_4039,VSS,Metal1,948.0665,634.3405,0.003303
TAP_TAPCELL_ROW_121_4040,VSS,Metal1,987.2665,634.3405,0.003446
TAP_TAPCELL_ROW_121_4041,VSS,Metal1,1026.4665,634.3405,0.003507
TAP_TAPCELL_ROW_121_4042,VSS,Metal1,1065.6665,634.3405,0.003597
TAP_TAPCELL_ROW_122_4043,VSS,Metal1,26.8665,635.7390,0.003431
TAP_TAPCELL_ROW_122_4044,VSS,Metal1,66.0665,635.7390,0.003437
TAP_TAPCELL_ROW_122_4045,VSS,Metal1,105.2665,635.7390,0.003425
TAP_TAPCELL_ROW_122_4046,VSS,Metal1,144.4665,635.7390,0.003421
TAP_TAPCELL_ROW_122_4047,VSS,Metal1,183.6665,635.7390,0.003387
TAP_TAPCELL_ROW_122_4048,VSS,Metal1,222.8665,635.7390,0.003359
TAP_TAPCELL_ROW_122_4049,VSS,Metal1,262.0665,635.7390,0.003322
TAP_TAPCELL_ROW_122_4050,VSS,Metal1,301.2665,635.7390,0.003315
TAP_TAPCELL_ROW_122_4051,VSS,Metal1,340.4665,635.7390,0.003289
TAP_TAPCELL_ROW_122_4052,VSS,Metal1,379.6665,635.7390,0.003289
TAP_TAPCELL_ROW_122_4053,VSS,Metal1,418.8665,635.7390,0.003276
TAP_TAPCELL_ROW_122_4054,VSS,Metal1,458.0665,635.7390,0.003247
TAP_TAPCELL_ROW_122_4055,VSS,Metal1,497.2665,635.7390,0.003161
TAP_TAPCELL_ROW_122_4056,VSS,Metal1,536.4665,635.7390,0.003210
TAP_TAPCELL_ROW_122_4057,VSS,Metal1,575.6665,635.7390,0.003230
TAP_TAPCELL_ROW_122_4058,VSS,Metal1,614.8665,635.7390,0.003127
TAP_TAPCELL_ROW_122_4059,VSS,Metal1,654.0665,635.7390,0.003091
TAP_TAPCELL_ROW_122_4060,VSS,Metal1,693.2665,635.7390,0.003137
TAP_TAPCELL_ROW_122_4061,VSS,Metal1,732.4665,635.7390,0.003169
TAP_TAPCELL_ROW_122_4062,VSS,Metal1,771.6665,635.7390,0.003191
TAP_TAPCELL_ROW_122_4063,VSS,Metal1,810.8665,635.7390,0.003194
TAP_TAPCELL_ROW_122_4064,VSS,Metal1,850.0665,635.7390,0.003242
TAP_TAPCELL_ROW_122_4065,VSS,Metal1,889.2665,635.7390,0.003254
TAP_TAPCELL_ROW_122_4066,VSS,Metal1,928.4665,635.7390,0.003301
TAP_TAPCELL_ROW_122_4067,VSS,Metal1,967.6665,635.7390,0.003375
TAP_TAPCELL_ROW_122_4068,VSS,Metal1,1006.8665,635.7390,0.003471
TAP_TAPCELL_ROW_122_4069,VSS,Metal1,1046.0665,635.7390,0.003525
TAP_TAPCELL_ROW_123_4070,VSS,Metal1,46.4665,644.4205,0.003470
TAP_TAPCELL_ROW_123_4071,VSS,Metal1,85.6665,644.4205,0.003464
TAP_TAPCELL_ROW_123_4072,VSS,Metal1,124.8665,644.4205,0.003441
TAP_TAPCELL_ROW_123_4073,VSS,Metal1,164.0665,644.4205,0.003427
TAP_TAPCELL_ROW_123_4074,VSS,Metal1,203.2665,644.4205,0.003411
TAP_TAPCELL_ROW_123_4075,VSS,Metal1,242.4665,644.4205,0.003402
TAP_TAPCELL_ROW_123_4076,VSS,Metal1,281.6665,644.4205,0.003391
TAP_TAPCELL_ROW_123_4077,VSS,Metal1,320.8665,644.4205,0.003345
TAP_TAPCELL_ROW_123_4078,VSS,Metal1,360.0665,644.4205,0.003204
TAP_TAPCELL_ROW_123_4079,VSS,Metal1,399.2665,644.4205,0.003136
TAP_TAPCELL_ROW_123_4080,VSS,Metal1,438.4665,644.4205,0.003079
TAP_TAPCELL_ROW_123_4081,VSS,Metal1,477.6665,644.4205,0.002990
TAP_TAPCELL_ROW_123_4082,VSS,Metal1,516.8665,644.4205,0.002949
TAP_TAPCELL_ROW_123_4083,VSS,Metal1,556.0665,644.4205,0.002984
TAP_TAPCELL_ROW_123_4084,VSS,Metal1,595.2665,644.4205,0.002974
TAP_TAPCELL_ROW_123_4085,VSS,Metal1,634.4665,644.4205,0.002940
TAP_TAPCELL_ROW_123_4086,VSS,Metal1,673.6665,644.4205,0.002963
TAP_TAPCELL_ROW_123_4087,VSS,Metal1,712.8665,644.4205,0.003064
TAP_TAPCELL_ROW_123_4088,VSS,Metal1,752.0665,644.4205,0.003174
TAP_TAPCELL_ROW_123_4089,VSS,Metal1,791.2665,644.4205,0.003233
TAP_TAPCELL_ROW_123_4090,VSS,Metal1,830.4665,644.4205,0.003326
TAP_TAPCELL_ROW_123_4091,VSS,Metal1,869.6665,644.4205,0.003367
TAP_TAPCELL_ROW_123_4092,VSS,Metal1,908.8665,644.4205,0.003440
TAP_TAPCELL_ROW_123_4093,VSS,Metal1,948.0665,644.4205,0.003480
TAP_TAPCELL_ROW_123_4094,VSS,Metal1,987.2665,644.4205,0.003553
TAP_TAPCELL_ROW_123_4095,VSS,Metal1,1026.4665,644.4205,0.003588
TAP_TAPCELL_ROW_123_4096,VSS,Metal1,1065.6665,644.4205,0.003646
TAP_TAPCELL_ROW_124_4097,VSS,Metal1,26.8665,645.8190,0.003470
TAP_TAPCELL_ROW_124_4098,VSS,Metal1,66.0665,645.8190,0.003466
TAP_TAPCELL_ROW_124_4099,VSS,Metal1,105.2665,645.8190,0.003442
TAP_TAPCELL_ROW_124_4100,VSS,Metal1,144.4665,645.8190,0.003432
TAP_TAPCELL_ROW_124_4101,VSS,Metal1,183.6665,645.8190,0.003420
TAP_TAPCELL_ROW_124_4102,VSS,Metal1,222.8665,645.8190,0.003406
TAP_TAPCELL_ROW_124_4103,VSS,Metal1,262.0665,645.8190,0.003398
TAP_TAPCELL_ROW_124_4104,VSS,Metal1,301.2665,645.8190,0.003361
TAP_TAPCELL_ROW_124_4105,VSS,Metal1,340.4665,645.8190,0.003252
TAP_TAPCELL_ROW_124_4106,VSS,Metal1,379.6665,645.8190,0.003183
TAP_TAPCELL_ROW_124_4107,VSS,Metal1,418.8665,645.8190,0.003099
TAP_TAPCELL_ROW_124_4108,VSS,Metal1,458.0665,645.8190,0.003065
TAP_TAPCELL_ROW_124_4109,VSS,Metal1,497.2665,645.8190,0.002935
TAP_TAPCELL_ROW_124_4110,VSS,Metal1,536.4665,645.8190,0.002981
TAP_TAPCELL_ROW_124_4111,VSS,Metal1,575.6665,645.8190,0.002982
TAP_TAPCELL_ROW_124_4112,VSS,Metal1,614.8665,645.8190,0.002953
TAP_TAPCELL_ROW_124_4113,VSS,Metal1,654.0665,645.8190,0.002949
TAP_TAPCELL_ROW_124_4114,VSS,Metal1,693.2665,645.8190,0.003000
TAP_TAPCELL_ROW_124_4115,VSS,Metal1,732.4665,645.8190,0.003136
TAP_TAPCELL_ROW_124_4116,VSS,Metal1,771.6665,645.8190,0.003227
TAP_TAPCELL_ROW_124_4117,VSS,Metal1,810.8665,645.8190,0.003318
TAP_TAPCELL_ROW_124_4118,VSS,Metal1,850.0665,645.8190,0.003358
TAP_TAPCELL_ROW_124_4119,VSS,Metal1,889.2665,645.8190,0.003421
TAP_TAPCELL_ROW_124_4120,VSS,Metal1,928.4665,645.8190,0.003477
TAP_TAPCELL_ROW_124_4121,VSS,Metal1,967.6665,645.8190,0.003490
TAP_TAPCELL_ROW_124_4122,VSS,Metal1,1006.8665,645.8190,0.003568
TAP_TAPCELL_ROW_124_4123,VSS,Metal1,1046.0665,645.8190,0.003631
TAP_TAPCELL_ROW_125_4124,VSS,Metal1,46.4665,654.5005,0.003490
TAP_TAPCELL_ROW_125_4125,VSS,Metal1,85.6665,654.5005,0.003494
TAP_TAPCELL_ROW_125_4126,VSS,Metal1,124.8665,654.5005,0.003488
TAP_TAPCELL_ROW_125_4127,VSS,Metal1,164.0665,654.5005,0.003419
TAP_TAPCELL_ROW_125_4128,VSS,Metal1,203.2665,654.5005,0.003367
TAP_TAPCELL_ROW_125_4129,VSS,Metal1,242.4665,654.5005,0.003304
TAP_TAPCELL_ROW_125_4130,VSS,Metal1,281.6665,654.5005,0.003237
TAP_TAPCELL_ROW_125_4131,VSS,Metal1,320.8665,654.5005,0.003207
TAP_TAPCELL_ROW_125_4132,VSS,Metal1,360.0665,654.5005,0.003114
TAP_TAPCELL_ROW_125_4133,VSS,Metal1,399.2665,654.5005,0.002995
TAP_TAPCELL_ROW_125_4134,VSS,Metal1,438.4665,654.5005,0.002963
TAP_TAPCELL_ROW_125_4135,VSS,Metal1,477.6665,654.5005,0.002934
TAP_TAPCELL_ROW_125_4136,VSS,Metal1,516.8665,654.5005,0.002971
TAP_TAPCELL_ROW_125_4137,VSS,Metal1,556.0665,654.5005,0.003005
TAP_TAPCELL_ROW_125_4138,VSS,Metal1,595.2665,654.5005,0.002957
TAP_TAPCELL_ROW_125_4139,VSS,Metal1,634.4665,654.5005,0.002866
TAP_TAPCELL_ROW_125_4140,VSS,Metal1,673.6665,654.5005,0.002898
TAP_TAPCELL_ROW_125_4141,VSS,Metal1,712.8665,654.5005,0.003037
TAP_TAPCELL_ROW_125_4142,VSS,Metal1,752.0665,654.5005,0.003135
TAP_TAPCELL_ROW_125_4143,VSS,Metal1,791.2665,654.5005,0.003202
TAP_TAPCELL_ROW_125_4144,VSS,Metal1,830.4665,654.5005,0.003253
TAP_TAPCELL_ROW_125_4145,VSS,Metal1,869.6665,654.5005,0.003268
TAP_TAPCELL_ROW_125_4146,VSS,Metal1,908.8665,654.5005,0.003279
TAP_TAPCELL_ROW_125_4147,VSS,Metal1,948.0665,654.5005,0.003328
TAP_TAPCELL_ROW_125_4148,VSS,Metal1,987.2665,654.5005,0.003438
TAP_TAPCELL_ROW_125_4149,VSS,Metal1,1026.4665,654.5005,0.003528
TAP_TAPCELL_ROW_125_4150,VSS,Metal1,1065.6665,654.5005,0.003579
TAP_TAPCELL_ROW_126_4151,VSS,Metal1,26.8665,655.8990,0.003487
TAP_TAPCELL_ROW_126_4152,VSS,Metal1,66.0665,655.8990,0.003493
TAP_TAPCELL_ROW_126_4153,VSS,Metal1,105.2665,655.8990,0.003494
TAP_TAPCELL_ROW_126_4154,VSS,Metal1,144.4665,655.8990,0.003419
TAP_TAPCELL_ROW_126_4155,VSS,Metal1,183.6665,655.8990,0.003373
TAP_TAPCELL_ROW_126_4156,VSS,Metal1,222.8665,655.8990,0.003325
TAP_TAPCELL_ROW_126_4157,VSS,Metal1,262.0665,655.8990,0.003299
TAP_TAPCELL_ROW_126_4158,VSS,Metal1,301.2665,655.8990,0.003234
TAP_TAPCELL_ROW_126_4159,VSS,Metal1,340.4665,655.8990,0.003164
TAP_TAPCELL_ROW_126_4160,VSS,Metal1,379.6665,655.8990,0.003043
TAP_TAPCELL_ROW_126_4161,VSS,Metal1,418.8665,655.8990,0.002989
TAP_TAPCELL_ROW_126_4162,VSS,Metal1,458.0665,655.8990,0.002953
TAP_TAPCELL_ROW_126_4163,VSS,Metal1,497.2665,655.8990,0.002936
TAP_TAPCELL_ROW_126_4164,VSS,Metal1,536.4665,655.8990,0.003006
TAP_TAPCELL_ROW_126_4165,VSS,Metal1,575.6665,655.8990,0.002995
TAP_TAPCELL_ROW_126_4166,VSS,Metal1,614.8665,655.8990,0.002956
TAP_TAPCELL_ROW_126_4167,VSS,Metal1,654.0665,655.8990,0.002893
TAP_TAPCELL_ROW_126_4168,VSS,Metal1,693.2665,655.8990,0.002981
TAP_TAPCELL_ROW_126_4169,VSS,Metal1,732.4665,655.8990,0.003076
TAP_TAPCELL_ROW_126_4170,VSS,Metal1,771.6665,655.8990,0.003177
TAP_TAPCELL_ROW_126_4171,VSS,Metal1,810.8665,655.8990,0.003237
TAP_TAPCELL_ROW_126_4172,VSS,Metal1,850.0665,655.8990,0.003256
TAP_TAPCELL_ROW_126_4173,VSS,Metal1,889.2665,655.8990,0.003275
TAP_TAPCELL_ROW_126_4174,VSS,Metal1,928.4665,655.8990,0.003298
TAP_TAPCELL_ROW_126_4175,VSS,Metal1,967.6665,655.8990,0.003368
TAP_TAPCELL_ROW_126_4176,VSS,Metal1,1006.8665,655.8990,0.003474
TAP_TAPCELL_ROW_126_4177,VSS,Metal1,1046.0665,655.8990,0.003555
TAP_TAPCELL_ROW_127_4178,VSS,Metal1,46.4665,664.5805,0.003553
TAP_TAPCELL_ROW_127_4179,VSS,Metal1,85.6665,664.5805,0.003534
TAP_TAPCELL_ROW_127_4180,VSS,Metal1,124.8665,664.5805,0.003514
TAP_TAPCELL_ROW_127_4181,VSS,Metal1,164.0665,664.5805,0.003480
TAP_TAPCELL_ROW_127_4182,VSS,Metal1,203.2665,664.5805,0.003440
TAP_TAPCELL_ROW_127_4183,VSS,Metal1,242.4665,664.5805,0.003426
TAP_TAPCELL_ROW_127_4184,VSS,Metal1,281.6665,664.5805,0.003374
TAP_TAPCELL_ROW_127_4185,VSS,Metal1,320.8665,664.5805,0.003359
TAP_TAPCELL_ROW_127_4186,VSS,Metal1,360.0665,664.5805,0.003318
TAP_TAPCELL_ROW_127_4187,VSS,Metal1,399.2665,664.5805,0.003310
TAP_TAPCELL_ROW_127_4188,VSS,Metal1,438.4665,664.5805,0.003259
TAP_TAPCELL_ROW_127_4189,VSS,Metal1,477.6665,664.5805,0.003067
TAP_TAPCELL_ROW_127_4190,VSS,Metal1,516.8665,664.5805,0.003090
TAP_TAPCELL_ROW_127_4191,VSS,Metal1,556.0665,664.5805,0.003094
TAP_TAPCELL_ROW_127_4192,VSS,Metal1,595.2665,664.5805,0.002914
TAP_TAPCELL_ROW_127_4193,VSS,Metal1,634.4665,664.5805,0.002903
TAP_TAPCELL_ROW_127_4194,VSS,Metal1,673.6665,664.5805,0.002973
TAP_TAPCELL_ROW_127_4195,VSS,Metal1,712.8665,664.5805,0.003003
TAP_TAPCELL_ROW_127_4196,VSS,Metal1,752.0665,664.5805,0.003027
TAP_TAPCELL_ROW_127_4197,VSS,Metal1,791.2665,664.5805,0.003024
TAP_TAPCELL_ROW_127_4198,VSS,Metal1,830.4665,664.5805,0.003110
TAP_TAPCELL_ROW_127_4199,VSS,Metal1,869.6665,664.5805,0.003145
TAP_TAPCELL_ROW_127_4200,VSS,Metal1,908.8665,664.5805,0.003242
TAP_TAPCELL_ROW_127_4201,VSS,Metal1,948.0665,664.5805,0.003281
TAP_TAPCELL_ROW_127_4202,VSS,Metal1,987.2665,664.5805,0.003408
TAP_TAPCELL_ROW_127_4203,VSS,Metal1,1026.4665,664.5805,0.003513
TAP_TAPCELL_ROW_127_4204,VSS,Metal1,1065.6665,664.5805,0.003598
TAP_TAPCELL_ROW_128_4205,VSS,Metal1,26.8665,665.9790,0.003551
TAP_TAPCELL_ROW_128_4206,VSS,Metal1,66.0665,665.9790,0.003553
TAP_TAPCELL_ROW_128_4207,VSS,Metal1,105.2665,665.9790,0.003530
TAP_TAPCELL_ROW_128_4208,VSS,Metal1,144.4665,665.9790,0.003504
TAP_TAPCELL_ROW_128_4209,VSS,Metal1,183.6665,665.9790,0.003460
TAP_TAPCELL_ROW_128_4210,VSS,Metal1,222.8665,665.9790,0.003427
TAP_TAPCELL_ROW_128_4211,VSS,Metal1,262.0665,665.9790,0.003425
TAP_TAPCELL_ROW_128_4212,VSS,Metal1,301.2665,665.9790,0.003370
TAP_TAPCELL_ROW_128_4213,VSS,Metal1,340.4665,665.9790,0.003324
TAP_TAPCELL_ROW_128_4214,VSS,Metal1,379.6665,665.9790,0.003314
TAP_TAPCELL_ROW_128_4215,VSS,Metal1,418.8665,665.9790,0.003277
TAP_TAPCELL_ROW_128_4216,VSS,Metal1,458.0665,665.9790,0.003117
TAP_TAPCELL_ROW_128_4217,VSS,Metal1,497.2665,665.9790,0.003072
TAP_TAPCELL_ROW_128_4218,VSS,Metal1,536.4665,665.9790,0.003101
TAP_TAPCELL_ROW_128_4219,VSS,Metal1,575.6665,665.9790,0.002990
TAP_TAPCELL_ROW_128_4220,VSS,Metal1,614.8665,665.9790,0.002910
TAP_TAPCELL_ROW_128_4221,VSS,Metal1,654.0665,665.9790,0.002928
TAP_TAPCELL_ROW_128_4222,VSS,Metal1,693.2665,665.9790,0.002979
TAP_TAPCELL_ROW_128_4223,VSS,Metal1,732.4665,665.9790,0.003016
TAP_TAPCELL_ROW_128_4224,VSS,Metal1,771.6665,665.9790,0.003026
TAP_TAPCELL_ROW_128_4225,VSS,Metal1,810.8665,665.9790,0.003088
TAP_TAPCELL_ROW_128_4226,VSS,Metal1,850.0665,665.9790,0.003139
TAP_TAPCELL_ROW_128_4227,VSS,Metal1,889.2665,665.9790,0.003168
TAP_TAPCELL_ROW_128_4228,VSS,Metal1,928.4665,665.9790,0.003250
TAP_TAPCELL_ROW_128_4229,VSS,Metal1,967.6665,665.9790,0.003319
TAP_TAPCELL_ROW_128_4230,VSS,Metal1,1006.8665,665.9790,0.003472
TAP_TAPCELL_ROW_128_4231,VSS,Metal1,1046.0665,665.9790,0.003556
TAP_TAPCELL_ROW_129_4232,VSS,Metal1,46.4665,674.6605,0.003722
TAP_TAPCELL_ROW_129_4233,VSS,Metal1,85.6665,674.6605,0.003724
TAP_TAPCELL_ROW_129_4234,VSS,Metal1,124.8665,674.6605,0.003702
TAP_TAPCELL_ROW_129_4235,VSS,Metal1,164.0665,674.6605,0.003622
TAP_TAPCELL_ROW_129_4236,VSS,Metal1,203.2665,674.6605,0.003582
TAP_TAPCELL_ROW_129_4237,VSS,Metal1,242.4665,674.6605,0.003550
TAP_TAPCELL_ROW_129_4238,VSS,Metal1,281.6665,674.6605,0.003535
TAP_TAPCELL_ROW_129_4239,VSS,Metal1,320.8665,674.6605,0.003349
TAP_TAPCELL_ROW_129_4240,VSS,Metal1,360.0665,674.6605,0.003292
TAP_TAPCELL_ROW_129_4241,VSS,Metal1,399.2665,674.6605,0.003203
TAP_TAPCELL_ROW_129_4242,VSS,Metal1,438.4665,674.6605,0.003144
TAP_TAPCELL_ROW_129_4243,VSS,Metal1,477.6665,674.6605,0.003016
TAP_TAPCELL_ROW_129_4244,VSS,Metal1,516.8665,674.6605,0.002950
TAP_TAPCELL_ROW_129_4245,VSS,Metal1,556.0665,674.6605,0.003059
TAP_TAPCELL_ROW_129_4246,VSS,Metal1,595.2665,674.6605,0.002959
TAP_TAPCELL_ROW_129_4247,VSS,Metal1,634.4665,674.6605,0.002932
TAP_TAPCELL_ROW_129_4248,VSS,Metal1,673.6665,674.6605,0.002989
TAP_TAPCELL_ROW_129_4249,VSS,Metal1,712.8665,674.6605,0.003090
TAP_TAPCELL_ROW_129_4250,VSS,Metal1,752.0665,674.6605,0.003169
TAP_TAPCELL_ROW_129_4251,VSS,Metal1,791.2665,674.6605,0.003215
TAP_TAPCELL_ROW_129_4252,VSS,Metal1,830.4665,674.6605,0.003282
TAP_TAPCELL_ROW_129_4253,VSS,Metal1,869.6665,674.6605,0.003337
TAP_TAPCELL_ROW_129_4254,VSS,Metal1,908.8665,674.6605,0.003351
TAP_TAPCELL_ROW_129_4255,VSS,Metal1,948.0665,674.6605,0.003359
TAP_TAPCELL_ROW_129_4256,VSS,Metal1,987.2665,674.6605,0.003372
TAP_TAPCELL_ROW_129_4257,VSS,Metal1,1026.4665,674.6605,0.003495
TAP_TAPCELL_ROW_129_4258,VSS,Metal1,1065.6665,674.6605,0.003579
TAP_TAPCELL_ROW_130_4259,VSS,Metal1,26.8665,676.0590,0.003709
TAP_TAPCELL_ROW_130_4260,VSS,Metal1,66.0665,676.0590,0.003725
TAP_TAPCELL_ROW_130_4261,VSS,Metal1,105.2665,676.0590,0.003718
TAP_TAPCELL_ROW_130_4262,VSS,Metal1,144.4665,676.0590,0.003671
TAP_TAPCELL_ROW_130_4263,VSS,Metal1,183.6665,676.0590,0.003614
TAP_TAPCELL_ROW_130_4264,VSS,Metal1,222.8665,676.0590,0.003572
TAP_TAPCELL_ROW_130_4265,VSS,Metal1,262.0665,676.0590,0.003540
TAP_TAPCELL_ROW_130_4266,VSS,Metal1,301.2665,676.0590,0.003422
TAP_TAPCELL_ROW_130_4267,VSS,Metal1,340.4665,676.0590,0.003306
TAP_TAPCELL_ROW_130_4268,VSS,Metal1,379.6665,676.0590,0.003274
TAP_TAPCELL_ROW_130_4269,VSS,Metal1,418.8665,676.0590,0.003155
TAP_TAPCELL_ROW_130_4270,VSS,Metal1,458.0665,676.0590,0.003124
TAP_TAPCELL_ROW_130_4271,VSS,Metal1,497.2665,676.0590,0.002938
TAP_TAPCELL_ROW_130_4272,VSS,Metal1,536.4665,676.0590,0.003041
TAP_TAPCELL_ROW_130_4273,VSS,Metal1,575.6665,676.0590,0.003055
TAP_TAPCELL_ROW_130_4274,VSS,Metal1,614.8665,676.0590,0.002952
TAP_TAPCELL_ROW_130_4275,VSS,Metal1,654.0665,676.0590,0.002937
TAP_TAPCELL_ROW_130_4276,VSS,Metal1,693.2665,676.0590,0.003062
TAP_TAPCELL_ROW_130_4277,VSS,Metal1,732.4665,676.0590,0.003134
TAP_TAPCELL_ROW_130_4278,VSS,Metal1,771.6665,676.0590,0.003202
TAP_TAPCELL_ROW_130_4279,VSS,Metal1,810.8665,676.0590,0.003219
TAP_TAPCELL_ROW_130_4280,VSS,Metal1,850.0665,676.0590,0.003330
TAP_TAPCELL_ROW_130_4281,VSS,Metal1,889.2665,676.0590,0.003345
TAP_TAPCELL_ROW_130_4282,VSS,Metal1,928.4665,676.0590,0.003355
TAP_TAPCELL_ROW_130_4283,VSS,Metal1,967.6665,676.0590,0.003361
TAP_TAPCELL_ROW_130_4284,VSS,Metal1,1006.8665,676.0590,0.003446
TAP_TAPCELL_ROW_130_4285,VSS,Metal1,1046.0665,676.0590,0.003570
TAP_TAPCELL_ROW_131_4286,VSS,Metal1,46.4665,684.7405,0.003620
TAP_TAPCELL_ROW_131_4287,VSS,Metal1,85.6665,684.7405,0.003614
TAP_TAPCELL_ROW_131_4288,VSS,Metal1,124.8665,684.7405,0.003578
TAP_TAPCELL_ROW_131_4289,VSS,Metal1,164.0665,684.7405,0.003554
TAP_TAPCELL_ROW_131_4290,VSS,Metal1,203.2665,684.7405,0.003550
TAP_TAPCELL_ROW_131_4291,VSS,Metal1,242.4665,684.7405,0.003509
TAP_TAPCELL_ROW_131_4292,VSS,Metal1,281.6665,684.7405,0.003311
TAP_TAPCELL_ROW_131_4293,VSS,Metal1,320.8665,684.7405,0.003257
TAP_TAPCELL_ROW_131_4294,VSS,Metal1,360.0665,684.7405,0.003230
TAP_TAPCELL_ROW_131_4295,VSS,Metal1,399.2665,684.7405,0.003097
TAP_TAPCELL_ROW_131_4296,VSS,Metal1,438.4665,684.7405,0.003019
TAP_TAPCELL_ROW_131_4297,VSS,Metal1,477.6665,684.7405,0.003002
TAP_TAPCELL_ROW_131_4298,VSS,Metal1,516.8665,684.7405,0.003027
TAP_TAPCELL_ROW_131_4299,VSS,Metal1,556.0665,684.7405,0.003052
TAP_TAPCELL_ROW_131_4300,VSS,Metal1,595.2665,684.7405,0.003025
TAP_TAPCELL_ROW_131_4301,VSS,Metal1,634.4665,684.7405,0.003020
TAP_TAPCELL_ROW_131_4302,VSS,Metal1,673.6665,684.7405,0.003016
TAP_TAPCELL_ROW_131_4303,VSS,Metal1,712.8665,684.7405,0.003054
TAP_TAPCELL_ROW_131_4304,VSS,Metal1,752.0665,684.7405,0.003081
TAP_TAPCELL_ROW_131_4305,VSS,Metal1,791.2665,684.7405,0.003075
TAP_TAPCELL_ROW_131_4306,VSS,Metal1,830.4665,684.7405,0.003225
TAP_TAPCELL_ROW_131_4307,VSS,Metal1,869.6665,684.7405,0.003259
TAP_TAPCELL_ROW_131_4308,VSS,Metal1,908.8665,684.7405,0.003263
TAP_TAPCELL_ROW_131_4309,VSS,Metal1,948.0665,684.7405,0.003262
TAP_TAPCELL_ROW_131_4310,VSS,Metal1,987.2665,684.7405,0.003330
TAP_TAPCELL_ROW_131_4311,VSS,Metal1,1026.4665,684.7405,0.003419
TAP_TAPCELL_ROW_131_4312,VSS,Metal1,1065.6665,684.7405,0.003471
TAP_TAPCELL_ROW_132_4313,VSS,Metal1,26.8665,686.1390,0.003621
TAP_TAPCELL_ROW_132_4314,VSS,Metal1,66.0665,686.1390,0.003620
TAP_TAPCELL_ROW_132_4315,VSS,Metal1,105.2665,686.1390,0.003602
TAP_TAPCELL_ROW_132_4316,VSS,Metal1,144.4665,686.1390,0.003557
TAP_TAPCELL_ROW_132_4317,VSS,Metal1,183.6665,686.1390,0.003554
TAP_TAPCELL_ROW_132_4318,VSS,Metal1,222.8665,686.1390,0.003514
TAP_TAPCELL_ROW_132_4319,VSS,Metal1,262.0665,686.1390,0.003484
TAP_TAPCELL_ROW_132_4320,VSS,Metal1,301.2665,686.1390,0.003268
TAP_TAPCELL_ROW_132_4321,VSS,Metal1,340.4665,686.1390,0.003233
TAP_TAPCELL_ROW_132_4322,VSS,Metal1,379.6665,686.1390,0.003166
TAP_TAPCELL_ROW_132_4323,VSS,Metal1,418.8665,686.1390,0.003097
TAP_TAPCELL_ROW_132_4324,VSS,Metal1,458.0665,686.1390,0.003015
TAP_TAPCELL_ROW_132_4325,VSS,Metal1,497.2665,686.1390,0.003012
TAP_TAPCELL_ROW_132_4326,VSS,Metal1,536.4665,686.1390,0.003052
TAP_TAPCELL_ROW_132_4327,VSS,Metal1,575.6665,686.1390,0.003043
TAP_TAPCELL_ROW_132_4328,VSS,Metal1,614.8665,686.1390,0.003022
TAP_TAPCELL_ROW_132_4329,VSS,Metal1,654.0665,686.1390,0.003013
TAP_TAPCELL_ROW_132_4330,VSS,Metal1,693.2665,686.1390,0.003020
TAP_TAPCELL_ROW_132_4331,VSS,Metal1,732.4665,686.1390,0.003075
TAP_TAPCELL_ROW_132_4332,VSS,Metal1,771.6665,686.1390,0.003078
TAP_TAPCELL_ROW_132_4333,VSS,Metal1,810.8665,686.1390,0.003090
TAP_TAPCELL_ROW_132_4334,VSS,Metal1,850.0665,686.1390,0.003242
TAP_TAPCELL_ROW_132_4335,VSS,Metal1,889.2665,686.1390,0.003263
TAP_TAPCELL_ROW_132_4336,VSS,Metal1,928.4665,686.1390,0.003264
TAP_TAPCELL_ROW_132_4337,VSS,Metal1,967.6665,686.1390,0.003289
TAP_TAPCELL_ROW_132_4338,VSS,Metal1,1006.8665,686.1390,0.003401
TAP_TAPCELL_ROW_132_4339,VSS,Metal1,1046.0665,686.1390,0.003448
TAP_TAPCELL_ROW_133_4340,VSS,Metal1,46.4665,694.8205,0.003699
TAP_TAPCELL_ROW_133_4341,VSS,Metal1,85.6665,694.8205,0.003706
TAP_TAPCELL_ROW_133_4342,VSS,Metal1,124.8665,694.8205,0.003711
TAP_TAPCELL_ROW_133_4343,VSS,Metal1,164.0665,694.8205,0.003713
TAP_TAPCELL_ROW_133_4344,VSS,Metal1,203.2665,694.8205,0.003659
TAP_TAPCELL_ROW_133_4345,VSS,Metal1,242.4665,694.8205,0.003580
TAP_TAPCELL_ROW_133_4346,VSS,Metal1,281.6665,694.8205,0.003548
TAP_TAPCELL_ROW_133_4347,VSS,Metal1,320.8665,694.8205,0.003530
TAP_TAPCELL_ROW_133_4348,VSS,Metal1,360.0665,694.8205,0.003451
TAP_TAPCELL_ROW_133_4349,VSS,Metal1,399.2665,694.8205,0.003418
TAP_TAPCELL_ROW_133_4350,VSS,Metal1,438.4665,694.8205,0.003363
TAP_TAPCELL_ROW_133_4351,VSS,Metal1,477.6665,694.8205,0.003281
TAP_TAPCELL_ROW_133_4352,VSS,Metal1,516.8665,694.8205,0.003385
TAP_TAPCELL_ROW_133_4353,VSS,Metal1,556.0665,694.8205,0.003411
TAP_TAPCELL_ROW_133_4354,VSS,Metal1,595.2665,694.8205,0.003404
TAP_TAPCELL_ROW_133_4355,VSS,Metal1,634.4665,694.8205,0.003286
TAP_TAPCELL_ROW_133_4356,VSS,Metal1,673.6665,694.8205,0.003293
TAP_TAPCELL_ROW_133_4357,VSS,Metal1,712.8665,694.8205,0.003288
TAP_TAPCELL_ROW_133_4358,VSS,Metal1,752.0665,694.8205,0.003246
TAP_TAPCELL_ROW_133_4359,VSS,Metal1,791.2665,694.8205,0.003171
TAP_TAPCELL_ROW_133_4360,VSS,Metal1,830.4665,694.8205,0.003194
TAP_TAPCELL_ROW_133_4361,VSS,Metal1,869.6665,694.8205,0.003215
TAP_TAPCELL_ROW_133_4362,VSS,Metal1,908.8665,694.8205,0.003218
TAP_TAPCELL_ROW_133_4363,VSS,Metal1,948.0665,694.8205,0.003212
TAP_TAPCELL_ROW_133_4364,VSS,Metal1,987.2665,694.8205,0.003311
TAP_TAPCELL_ROW_133_4365,VSS,Metal1,1026.4665,694.8205,0.003479
TAP_TAPCELL_ROW_133_4366,VSS,Metal1,1065.6665,694.8205,0.003526
TAP_TAPCELL_ROW_134_4367,VSS,Metal1,26.8665,696.2190,0.003696
TAP_TAPCELL_ROW_134_4368,VSS,Metal1,66.0665,696.2190,0.003701
TAP_TAPCELL_ROW_134_4369,VSS,Metal1,105.2665,696.2190,0.003709
TAP_TAPCELL_ROW_134_4370,VSS,Metal1,144.4665,696.2190,0.003714
TAP_TAPCELL_ROW_134_4371,VSS,Metal1,183.6665,696.2190,0.003711
TAP_TAPCELL_ROW_134_4372,VSS,Metal1,222.8665,696.2190,0.003633
TAP_TAPCELL_ROW_134_4373,VSS,Metal1,262.0665,696.2190,0.003570
TAP_TAPCELL_ROW_134_4374,VSS,Metal1,301.2665,696.2190,0.003531
TAP_TAPCELL_ROW_134_4375,VSS,Metal1,340.4665,696.2190,0.003493
TAP_TAPCELL_ROW_134_4376,VSS,Metal1,379.6665,696.2190,0.003447
TAP_TAPCELL_ROW_134_4377,VSS,Metal1,418.8665,696.2190,0.003396
TAP_TAPCELL_ROW_134_4378,VSS,Metal1,458.0665,696.2190,0.003354
TAP_TAPCELL_ROW_134_4379,VSS,Metal1,497.2665,696.2190,0.003307
TAP_TAPCELL_ROW_134_4380,VSS,Metal1,536.4665,696.2190,0.003410
TAP_TAPCELL_ROW_134_4381,VSS,Metal1,575.6665,696.2190,0.003409
TAP_TAPCELL_ROW_134_4382,VSS,Metal1,614.8665,696.2190,0.003395
TAP_TAPCELL_ROW_134_4383,VSS,Metal1,654.0665,696.2190,0.003278
TAP_TAPCELL_ROW_134_4384,VSS,Metal1,693.2665,696.2190,0.003289
TAP_TAPCELL_ROW_134_4385,VSS,Metal1,732.4665,696.2190,0.003272
TAP_TAPCELL_ROW_134_4386,VSS,Metal1,771.6665,696.2190,0.003206
TAP_TAPCELL_ROW_134_4387,VSS,Metal1,810.8665,696.2190,0.003171
TAP_TAPCELL_ROW_134_4388,VSS,Metal1,850.0665,696.2190,0.003195
TAP_TAPCELL_ROW_134_4389,VSS,Metal1,889.2665,696.2190,0.003215
TAP_TAPCELL_ROW_134_4390,VSS,Metal1,928.4665,696.2190,0.003219
TAP_TAPCELL_ROW_134_4391,VSS,Metal1,967.6665,696.2190,0.003220
TAP_TAPCELL_ROW_134_4392,VSS,Metal1,1006.8665,696.2190,0.003388
TAP_TAPCELL_ROW_134_4393,VSS,Metal1,1046.0665,696.2190,0.003516
TAP_TAPCELL_ROW_135_4394,VSS,Metal1,26.3065,704.9005,0.003589
TAP_TAPCELL_ROW_135_4395,VSS,Metal1,45.3465,704.9005,0.003562
TAP_TAPCELL_ROW_135_4396,VSS,Metal1,64.3865,704.9005,0.003505
TAP_TAPCELL_ROW_135_4397,VSS,Metal1,83.4265,704.9005,0.003469
TAP_TAPCELL_ROW_135_4398,VSS,Metal1,102.4665,704.9005,0.003412
TAP_TAPCELL_ROW_135_4399,VSS,Metal1,121.5065,704.9005,0.003367
TAP_TAPCELL_ROW_135_4400,VSS,Metal1,140.5465,704.9005,0.003353
TAP_TAPCELL_ROW_135_4401,VSS,Metal1,159.5865,704.9005,0.003335
TAP_TAPCELL_ROW_135_4402,VSS,Metal1,178.6265,704.9005,0.003291
TAP_TAPCELL_ROW_135_4403,VSS,Metal1,197.6665,704.9005,0.003262
TAP_TAPCELL_ROW_135_4404,VSS,Metal1,216.7065,704.9005,0.003206
TAP_TAPCELL_ROW_135_4405,VSS,Metal1,235.7465,704.9005,0.003165
TAP_TAPCELL_ROW_135_4406,VSS,Metal1,254.7865,704.9005,0.003135
TAP_TAPCELL_ROW_135_4407,VSS,Metal1,273.8265,704.9005,0.003106
TAP_TAPCELL_ROW_135_4408,VSS,Metal1,292.8665,704.9005,0.003083
TAP_TAPCELL_ROW_135_4409,VSS,Metal1,311.9065,704.9005,0.003031
TAP_TAPCELL_ROW_135_4410,VSS,Metal1,330.9465,704.9005,0.002996
TAP_TAPCELL_ROW_135_4411,VSS,Metal1,349.9865,704.9005,0.002904
TAP_TAPCELL_ROW_135_4412,VSS,Metal1,369.0265,704.9005,0.002806
TAP_TAPCELL_ROW_135_4413,VSS,Metal1,388.0665,704.9005,0.002730
TAP_TAPCELL_ROW_135_4414,VSS,Metal1,407.1065,704.9005,0.002679
TAP_TAPCELL_ROW_135_4415,VSS,Metal1,426.1465,704.9005,0.002643
TAP_TAPCELL_ROW_135_4416,VSS,Metal1,445.1865,704.9005,0.002560
TAP_TAPCELL_ROW_135_4417,VSS,Metal1,464.2265,704.9005,0.002441
TAP_TAPCELL_ROW_135_4418,VSS,Metal1,483.2665,704.9005,0.002321
TAP_TAPCELL_ROW_135_4419,VSS,Metal1,502.3065,704.9005,0.002199
TAP_TAPCELL_ROW_135_4420,VSS,Metal1,521.3465,704.9005,0.002200
TAP_TAPCELL_ROW_135_4421,VSS,Metal1,540.3865,704.9005,0.002234
TAP_TAPCELL_ROW_135_4422,VSS,Metal1,559.4265,704.9005,0.002266
TAP_TAPCELL_ROW_135_4423,VSS,Metal1,578.4665,704.9005,0.002318
TAP_TAPCELL_ROW_135_4424,VSS,Metal1,597.5065,704.9005,0.002358
TAP_TAPCELL_ROW_135_4425,VSS,Metal1,616.5465,704.9005,0.002398
TAP_TAPCELL_ROW_135_4426,VSS,Metal1,635.5865,704.9005,0.002414
TAP_TAPCELL_ROW_135_4427,VSS,Metal1,654.6265,704.9005,0.002444
TAP_TAPCELL_ROW_135_4428,VSS,Metal1,673.6665,704.9005,0.002449
TAP_TAPCELL_ROW_135_4429,VSS,Metal1,692.7065,704.9005,0.002464
TAP_TAPCELL_ROW_135_4430,VSS,Metal1,711.7465,704.9005,0.002478
TAP_TAPCELL_ROW_135_4431,VSS,Metal1,730.7865,704.9005,0.002500
TAP_TAPCELL_ROW_135_4432,VSS,Metal1,749.8265,704.9005,0.002523
TAP_TAPCELL_ROW_135_4433,VSS,Metal1,768.8665,704.9005,0.002545
TAP_TAPCELL_ROW_135_4434,VSS,Metal1,787.9065,704.9005,0.002557
TAP_TAPCELL_ROW_135_4435,VSS,Metal1,806.9465,704.9005,0.002567
TAP_TAPCELL_ROW_135_4436,VSS,Metal1,825.9865,704.9005,0.002619
TAP_TAPCELL_ROW_135_4437,VSS,Metal1,845.0265,704.9005,0.002672
TAP_TAPCELL_ROW_135_4438,VSS,Metal1,864.0665,704.9005,0.002692
TAP_TAPCELL_ROW_135_4439,VSS,Metal1,883.1065,704.9005,0.002744
TAP_TAPCELL_ROW_135_4440,VSS,Metal1,902.1465,704.9005,0.002796
TAP_TAPCELL_ROW_135_4441,VSS,Metal1,921.1865,704.9005,0.002856
TAP_TAPCELL_ROW_135_4442,VSS,Metal1,940.2265,704.9005,0.002908
TAP_TAPCELL_ROW_135_4443,VSS,Metal1,959.2665,704.9005,0.002962
TAP_TAPCELL_ROW_135_4444,VSS,Metal1,978.3065,704.9005,0.002998
TAP_TAPCELL_ROW_135_4445,VSS,Metal1,997.3465,704.9005,0.003072
TAP_TAPCELL_ROW_135_4446,VSS,Metal1,1016.3865,704.9005,0.003095
TAP_TAPCELL_ROW_135_4447,VSS,Metal1,1035.4265,704.9005,0.003164
TAP_TAPCELL_ROW_135_4448,VSS,Metal1,1054.4665,704.9005,0.003183
TAP_TAPCELL_ROW_135_4449,VSS,Metal1,1073.5065,704.9005,0.003186
TAP_TAPCELL_ROW_138_1_4450,VSS,Metal1,26.8665,716.3790,0.003713
TAP_TAPCELL_ROW_140_1_4451,VSS,Metal1,26.8665,726.4590,0.003742
TAP_TAPCELL_ROW_142_1_4452,VSS,Metal1,26.8665,736.5390,0.003767
TAP_TAPCELL_ROW_144_1_4453,VSS,Metal1,26.8665,746.6190,0.003793
TAP_TAPCELL_ROW_146_1_4454,VSS,Metal1,26.8665,756.6990,0.003834
TAP_TAPCELL_ROW_148_1_4455,VSS,Metal1,26.8665,766.7790,0.003993
TAP_TAPCELL_ROW_150_1_4456,VSS,Metal1,26.8665,776.8590,0.003835
TAP_TAPCELL_ROW_152_1_4457,VSS,Metal1,26.8665,786.9390,0.003822
TAP_TAPCELL_ROW_154_1_4458,VSS,Metal1,26.8665,797.0190,0.003766
TAP_TAPCELL_ROW_156_1_4459,VSS,Metal1,26.8665,807.0990,0.003739
TAP_TAPCELL_ROW_158_1_4460,VSS,Metal1,26.8665,817.1790,0.003785
TAP_TAPCELL_ROW_160_1_4461,VSS,Metal1,26.8665,827.2590,0.003842
TAP_TAPCELL_ROW_162_1_4462,VSS,Metal1,26.8665,837.3390,0.003832
TAP_TAPCELL_ROW_164_1_4463,VSS,Metal1,26.8665,847.4190,0.003886
TAP_TAPCELL_ROW_166_1_4464,VSS,Metal1,26.8665,857.4990,0.003926
TAP_TAPCELL_ROW_168_1_4465,VSS,Metal1,26.8665,867.5790,0.003944
TAP_TAPCELL_ROW_170_1_4466,VSS,Metal1,26.8665,877.6590,0.003956
TAP_TAPCELL_ROW_172_1_4467,VSS,Metal1,26.8665,887.7390,0.003937
TAP_TAPCELL_ROW_174_1_4468,VSS,Metal1,26.8665,897.8190,0.003965
TAP_TAPCELL_ROW_176_1_4469,VSS,Metal1,26.8665,907.8990,0.003936
TAP_TAPCELL_ROW_178_1_4470,VSS,Metal1,26.8665,917.9790,0.003954
TAP_TAPCELL_ROW_180_1_4471,VSS,Metal1,26.8665,928.0590,0.003941
TAP_TAPCELL_ROW_182_1_4472,VSS,Metal1,26.8665,938.1390,0.004067
TAP_TAPCELL_ROW_184_1_4473,VSS,Metal1,26.8665,948.2190,0.003852
TAP_TAPCELL_ROW_186_1_4474,VSS,Metal1,26.8665,958.2990,0.003830
TAP_TAPCELL_ROW_188_1_4475,VSS,Metal1,26.8665,968.3790,0.003812
TAP_TAPCELL_ROW_190_1_4476,VSS,Metal1,26.8665,978.4590,0.003876
TAP_TAPCELL_ROW_192_1_4477,VSS,Metal1,26.8665,988.5390,0.003866
TAP_TAPCELL_ROW_194_1_4478,VSS,Metal1,26.8665,998.6190,0.003904
TAP_TAPCELL_ROW_196_1_4479,VSS,Metal1,26.8665,1008.6990,0.003886
TAP_TAPCELL_ROW_198_1_4480,VSS,Metal1,26.8665,1018.7790,0.003889
TAP_TAPCELL_ROW_200_1_4481,VSS,Metal1,26.8665,1028.8590,0.003915
TAP_TAPCELL_ROW_202_1_4482,VSS,Metal1,26.8665,1038.9390,0.003884
TAP_TAPCELL_ROW_204_1_4483,VSS,Metal1,26.8665,1049.0190,0.003856
TAP_TAPCELL_ROW_206_1_4484,VSS,Metal1,26.8665,1059.0990,0.003905
TAP_TAPCELL_ROW_208_1_4485,VSS,Metal1,26.8665,1069.1790,0.003871
TAP_TAPCELL_ROW_209_4486,VSS,Metal1,26.3065,1077.8605,0.003808
TAP_TAPCELL_ROW_209_4487,VSS,Metal1,45.3465,1077.8605,0.003808
TAP_TAPCELL_ROW_209_4488,VSS,Metal1,64.3865,1077.8605,0.003806
TAP_TAPCELL_ROW_209_4489,VSS,Metal1,83.4265,1077.8605,0.003779
TAP_TAPCELL_ROW_209_4490,VSS,Metal1,102.4665,1077.8605,0.003764
TAP_TAPCELL_ROW_209_4491,VSS,Metal1,121.5065,1077.8605,0.003675
TAP_TAPCELL_ROW_209_4492,VSS,Metal1,140.5465,1077.8605,0.003576
TAP_TAPCELL_ROW_209_4493,VSS,Metal1,159.5865,1077.8605,0.003402
TAP_TAPCELL_ROW_209_4494,VSS,Metal1,178.6265,1077.8605,0.003360
TAP_TAPCELL_ROW_209_4495,VSS,Metal1,197.6665,1077.8605,0.003361
TAP_TAPCELL_ROW_209_4496,VSS,Metal1,216.7065,1077.8605,0.003360
TAP_TAPCELL_ROW_209_4497,VSS,Metal1,235.7465,1077.8605,0.003356
TAP_TAPCELL_ROW_209_4498,VSS,Metal1,254.7865,1077.8605,0.003354
TAP_TAPCELL_ROW_209_4499,VSS,Metal1,273.8265,1077.8605,0.003314
TAP_TAPCELL_ROW_209_4500,VSS,Metal1,292.8665,1077.8605,0.003202
TAP_TAPCELL_ROW_209_4501,VSS,Metal1,311.9065,1077.8605,0.003030
TAP_TAPCELL_ROW_209_4502,VSS,Metal1,330.9465,1077.8605,0.002854
TAP_TAPCELL_ROW_209_4503,VSS,Metal1,349.9865,1077.8605,0.002752
TAP_TAPCELL_ROW_209_4504,VSS,Metal1,369.0265,1077.8605,0.002743
TAP_TAPCELL_ROW_209_4505,VSS,Metal1,388.0665,1077.8605,0.002638
TAP_TAPCELL_ROW_209_4506,VSS,Metal1,407.1065,1077.8605,0.002583
TAP_TAPCELL_ROW_209_4507,VSS,Metal1,426.1465,1077.8605,0.002470
TAP_TAPCELL_ROW_209_4508,VSS,Metal1,445.1865,1077.8605,0.002418
TAP_TAPCELL_ROW_209_4509,VSS,Metal1,464.2265,1077.8605,0.002257
TAP_TAPCELL_ROW_209_4510,VSS,Metal1,483.2665,1077.8605,0.002072
TAP_TAPCELL_ROW_209_4511,VSS,Metal1,502.3065,1077.8605,0.001874
TAP_TAPCELL_ROW_209_4512,VSS,Metal1,521.3465,1077.8605,0.001923
TAP_TAPCELL_ROW_209_4513,VSS,Metal1,540.3865,1077.8605,0.001958
TAP_TAPCELL_ROW_209_4514,VSS,Metal1,559.4265,1077.8605,0.002040
TAP_TAPCELL_ROW_209_4515,VSS,Metal1,578.4665,1077.8605,0.002088
TAP_TAPCELL_ROW_209_4516,VSS,Metal1,597.5065,1077.8605,0.002104
TAP_TAPCELL_ROW_209_4517,VSS,Metal1,616.5465,1077.8605,0.002144
TAP_TAPCELL_ROW_209_4518,VSS,Metal1,635.5865,1077.8605,0.002154
TAP_TAPCELL_ROW_209_4519,VSS,Metal1,654.6265,1077.8605,0.002190
TAP_TAPCELL_ROW_209_4520,VSS,Metal1,673.6665,1077.8605,0.002254
TAP_TAPCELL_ROW_209_4521,VSS,Metal1,692.7065,1077.8605,0.002287
TAP_TAPCELL_ROW_209_4522,VSS,Metal1,711.7465,1077.8605,0.002294
TAP_TAPCELL_ROW_209_4523,VSS,Metal1,730.7865,1077.8605,0.002297
TAP_TAPCELL_ROW_209_4524,VSS,Metal1,749.8265,1077.8605,0.002282
TAP_TAPCELL_ROW_209_4525,VSS,Metal1,768.8665,1077.8605,0.002264
TAP_TAPCELL_ROW_209_4526,VSS,Metal1,787.9065,1077.8605,0.002198
TAP_TAPCELL_ROW_209_4527,VSS,Metal1,806.9465,1077.8605,0.002187
TAP_TAPCELL_ROW_209_4528,VSS,Metal1,825.9865,1077.8605,0.002048
TAP_TAPCELL_ROW_209_4529,VSS,Metal1,845.0265,1077.8605,0.002017
TAP_TAPCELL_ROW_209_4530,VSS,Metal1,864.0665,1077.8605,0.001954
TAP_TAPCELL_ROW_209_4531,VSS,Metal1,883.1065,1077.8605,0.001887
TAP_TAPCELL_ROW_209_4532,VSS,Metal1,902.1465,1077.8605,0.001772
TAP_TAPCELL_ROW_209_4533,VSS,Metal1,921.1865,1077.8605,0.001656
TAP_TAPCELL_ROW_209_4534,VSS,Metal1,940.2265,1077.8605,0.001565
TAP_TAPCELL_ROW_209_4535,VSS,Metal1,959.2665,1077.8605,0.001489
TAP_TAPCELL_ROW_209_4536,VSS,Metal1,978.3065,1077.8605,0.001467
TAP_TAPCELL_ROW_209_4537,VSS,Metal1,997.3465,1077.8605,0.001447
TAP_TAPCELL_ROW_209_4538,VSS,Metal1,1016.3865,1077.8605,0.001431
TAP_TAPCELL_ROW_209_4539,VSS,Metal1,1035.4265,1077.8605,0.001416
TAP_TAPCELL_ROW_209_4540,VSS,Metal1,1054.4665,1077.8605,0.001416
TAP_TAPCELL_ROW_209_4541,VSS,Metal1,1073.5065,1077.8605,0.001416
TAP_TAPCELL_ROW_210_4542,VSS,Metal1,26.8665,1079.2590,0.003808
TAP_TAPCELL_ROW_210_4543,VSS,Metal1,66.0665,1079.2590,0.003790
TAP_TAPCELL_ROW_210_4544,VSS,Metal1,105.2665,1079.2590,0.003738
TAP_TAPCELL_ROW_210_4545,VSS,Metal1,144.4665,1079.2590,0.003543
TAP_TAPCELL_ROW_210_4546,VSS,Metal1,183.6665,1079.2590,0.003362
TAP_TAPCELL_ROW_210_4547,VSS,Metal1,222.8665,1079.2590,0.003360
TAP_TAPCELL_ROW_210_4548,VSS,Metal1,262.0665,1079.2590,0.003330
TAP_TAPCELL_ROW_210_4549,VSS,Metal1,301.2665,1079.2590,0.003127
TAP_TAPCELL_ROW_210_4550,VSS,Metal1,340.4665,1079.2590,0.002767
TAP_TAPCELL_ROW_210_4551,VSS,Metal1,379.6665,1079.2590,0.002681
TAP_TAPCELL_ROW_210_4552,VSS,Metal1,418.8665,1079.2590,0.002537
TAP_TAPCELL_ROW_210_4553,VSS,Metal1,458.0665,1079.2590,0.002258
TAP_TAPCELL_ROW_210_4554,VSS,Metal1,497.2665,1079.2590,0.001895
TAP_TAPCELL_ROW_210_4555,VSS,Metal1,536.4665,1079.2590,0.001941
TAP_TAPCELL_ROW_210_4556,VSS,Metal1,575.6665,1079.2590,0.002071
TAP_TAPCELL_ROW_210_4557,VSS,Metal1,614.8665,1079.2590,0.002141
TAP_TAPCELL_ROW_210_4558,VSS,Metal1,654.0665,1079.2590,0.002189
TAP_TAPCELL_ROW_210_4559,VSS,Metal1,693.2665,1079.2590,0.002288
TAP_TAPCELL_ROW_210_4560,VSS,Metal1,732.4665,1079.2590,0.002291
TAP_TAPCELL_ROW_210_4561,VSS,Metal1,771.6665,1079.2590,0.002257
TAP_TAPCELL_ROW_210_4562,VSS,Metal1,810.8665,1079.2590,0.002183
TAP_TAPCELL_ROW_210_4563,VSS,Metal1,850.0665,1079.2590,0.001994
TAP_TAPCELL_ROW_210_4564,VSS,Metal1,889.2665,1079.2590,0.001847
TAP_TAPCELL_ROW_210_4565,VSS,Metal1,928.4665,1079.2590,0.001638
TAP_TAPCELL_ROW_210_4566,VSS,Metal1,967.6665,1079.2590,0.001482
TAP_TAPCELL_ROW_210_4567,VSS,Metal1,1006.8665,1079.2590,0.001440
TAP_TAPCELL_ROW_210_4568,VSS,Metal1,1046.0665,1079.2590,0.001416
TAP_TAPCELL_ROW_211_4569,VSS,Metal1,46.4665,1087.9405,0.003662
TAP_TAPCELL_ROW_211_4570,VSS,Metal1,85.6665,1087.9405,0.003644
TAP_TAPCELL_ROW_211_4571,VSS,Metal1,124.8665,1087.9405,0.003631
TAP_TAPCELL_ROW_211_4572,VSS,Metal1,164.0665,1087.9405,0.003448
TAP_TAPCELL_ROW_211_4573,VSS,Metal1,203.2665,1087.9405,0.003317
TAP_TAPCELL_ROW_211_4574,VSS,Metal1,242.4665,1087.9405,0.003306
TAP_TAPCELL_ROW_211_4575,VSS,Metal1,281.6665,1087.9405,0.003279
TAP_TAPCELL_ROW_211_4576,VSS,Metal1,320.8665,1087.9405,0.003046
TAP_TAPCELL_ROW_211_4577,VSS,Metal1,360.0665,1087.9405,0.002911
TAP_TAPCELL_ROW_211_4578,VSS,Metal1,399.2665,1087.9405,0.002758
TAP_TAPCELL_ROW_211_4579,VSS,Metal1,438.4665,1087.9405,0.002654
TAP_TAPCELL_ROW_211_4580,VSS,Metal1,477.6665,1087.9405,0.002405
TAP_TAPCELL_ROW_211_4581,VSS,Metal1,516.8665,1087.9405,0.002403
TAP_TAPCELL_ROW_211_4582,VSS,Metal1,556.0665,1087.9405,0.002432
TAP_TAPCELL_ROW_211_4583,VSS,Metal1,595.2665,1087.9405,0.002476
TAP_TAPCELL_ROW_211_4584,VSS,Metal1,634.4665,1087.9405,0.002414
TAP_TAPCELL_ROW_211_4585,VSS,Metal1,673.6665,1087.9405,0.002479
TAP_TAPCELL_ROW_211_4586,VSS,Metal1,712.8665,1087.9405,0.002543
TAP_TAPCELL_ROW_211_4587,VSS,Metal1,752.0665,1087.9405,0.002532
TAP_TAPCELL_ROW_211_4588,VSS,Metal1,791.2665,1087.9405,0.002436
TAP_TAPCELL_ROW_211_4589,VSS,Metal1,830.4665,1087.9405,0.002430
TAP_TAPCELL_ROW_211_4590,VSS,Metal1,869.6665,1087.9405,0.002236
TAP_TAPCELL_ROW_211_4591,VSS,Metal1,908.8665,1087.9405,0.002054
TAP_TAPCELL_ROW_211_4592,VSS,Metal1,948.0665,1087.9405,0.001815
TAP_TAPCELL_ROW_211_4593,VSS,Metal1,987.2665,1087.9405,0.001822
TAP_TAPCELL_ROW_211_4594,VSS,Metal1,1026.4665,1087.9405,0.001827
TAP_TAPCELL_ROW_211_4595,VSS,Metal1,1065.6665,1087.9405,0.001827
TAP_TAPCELL_ROW_212_4596,VSS,Metal1,26.8665,1089.3390,0.003673
TAP_TAPCELL_ROW_212_4597,VSS,Metal1,66.0665,1089.3390,0.003659
TAP_TAPCELL_ROW_212_4598,VSS,Metal1,105.2665,1089.3390,0.003635
TAP_TAPCELL_ROW_212_4599,VSS,Metal1,144.4665,1089.3390,0.003622
TAP_TAPCELL_ROW_212_4600,VSS,Metal1,183.6665,1089.3390,0.003328
TAP_TAPCELL_ROW_212_4601,VSS,Metal1,222.8665,1089.3390,0.003315
TAP_TAPCELL_ROW_212_4602,VSS,Metal1,262.0665,1089.3390,0.003290
TAP_TAPCELL_ROW_212_4603,VSS,Metal1,301.2665,1089.3390,0.003197
TAP_TAPCELL_ROW_212_4604,VSS,Metal1,340.4665,1089.3390,0.002926
TAP_TAPCELL_ROW_212_4605,VSS,Metal1,379.6665,1089.3390,0.002762
TAP_TAPCELL_ROW_212_4606,VSS,Metal1,418.8665,1089.3390,0.002663
TAP_TAPCELL_ROW_212_4607,VSS,Metal1,458.0665,1089.3390,0.002588
TAP_TAPCELL_ROW_212_4608,VSS,Metal1,497.2665,1089.3390,0.002361
TAP_TAPCELL_ROW_212_4609,VSS,Metal1,536.4665,1089.3390,0.002418
TAP_TAPCELL_ROW_212_4610,VSS,Metal1,575.6665,1089.3390,0.002485
TAP_TAPCELL_ROW_212_4611,VSS,Metal1,614.8665,1089.3390,0.002457
TAP_TAPCELL_ROW_212_4612,VSS,Metal1,654.0665,1089.3390,0.002466
TAP_TAPCELL_ROW_212_4613,VSS,Metal1,693.2665,1089.3390,0.002540
TAP_TAPCELL_ROW_212_4614,VSS,Metal1,732.4665,1089.3390,0.002541
TAP_TAPCELL_ROW_212_4615,VSS,Metal1,771.6665,1089.3390,0.002524
TAP_TAPCELL_ROW_212_4616,VSS,Metal1,810.8665,1089.3390,0.002430
TAP_TAPCELL_ROW_212_4617,VSS,Metal1,850.0665,1089.3390,0.002360
TAP_TAPCELL_ROW_212_4618,VSS,Metal1,889.2665,1089.3390,0.002158
TAP_TAPCELL_ROW_212_4619,VSS,Metal1,928.4665,1089.3390,0.001886
TAP_TAPCELL_ROW_212_4620,VSS,Metal1,967.6665,1089.3390,0.001819
TAP_TAPCELL_ROW_212_4621,VSS,Metal1,1006.8665,1089.3390,0.001824
TAP_TAPCELL_ROW_212_4622,VSS,Metal1,1046.0665,1089.3390,0.001827
TAP_TAPCELL_ROW_213_4623,VSS,Metal1,26.3065,1098.0205,0.003646
TAP_TAPCELL_ROW_213_4624,VSS,Metal1,45.3465,1098.0205,0.003625
TAP_TAPCELL_ROW_213_4625,VSS,Metal1,64.3865,1098.0205,0.003599
TAP_TAPCELL_ROW_213_4626,VSS,Metal1,83.4265,1098.0205,0.003535
TAP_TAPCELL_ROW_213_4627,VSS,Metal1,102.4665,1098.0205,0.003446
TAP_TAPCELL_ROW_213_4628,VSS,Metal1,121.5065,1098.0205,0.003420
TAP_TAPCELL_ROW_213_4629,VSS,Metal1,140.5465,1098.0205,0.003332
TAP_TAPCELL_ROW_213_4630,VSS,Metal1,159.5865,1098.0205,0.003243
TAP_TAPCELL_ROW_213_4631,VSS,Metal1,178.6265,1098.0205,0.003155
TAP_TAPCELL_ROW_213_4632,VSS,Metal1,197.6665,1098.0205,0.003136
TAP_TAPCELL_ROW_213_4633,VSS,Metal1,216.7065,1098.0205,0.003079
TAP_TAPCELL_ROW_213_4634,VSS,Metal1,235.7465,1098.0205,0.003037
TAP_TAPCELL_ROW_213_4635,VSS,Metal1,254.7865,1098.0205,0.003015
TAP_TAPCELL_ROW_213_4636,VSS,Metal1,273.8265,1098.0205,0.002945
TAP_TAPCELL_ROW_213_4637,VSS,Metal1,292.8665,1098.0205,0.002876
TAP_TAPCELL_ROW_213_4638,VSS,Metal1,311.9065,1098.0205,0.002806
TAP_TAPCELL_ROW_213_4639,VSS,Metal1,330.9465,1098.0205,0.002784
TAP_TAPCELL_ROW_213_4640,VSS,Metal1,349.9865,1098.0205,0.002675
TAP_TAPCELL_ROW_213_4641,VSS,Metal1,369.0265,1098.0205,0.002582
TAP_TAPCELL_ROW_213_4642,VSS,Metal1,388.0665,1098.0205,0.002547
TAP_TAPCELL_ROW_213_4643,VSS,Metal1,407.1065,1098.0205,0.002444
TAP_TAPCELL_ROW_213_4644,VSS,Metal1,426.1465,1098.0205,0.002334
TAP_TAPCELL_ROW_213_4645,VSS,Metal1,445.1865,1098.0205,0.002258
TAP_TAPCELL_ROW_213_4646,VSS,Metal1,464.2265,1098.0205,0.002223
TAP_TAPCELL_ROW_213_4647,VSS,Metal1,483.2665,1098.0205,0.002111
TAP_TAPCELL_ROW_213_4648,VSS,Metal1,502.3065,1098.0205,0.002087
TAP_TAPCELL_ROW_213_4649,VSS,Metal1,521.3465,1098.0205,0.002085
TAP_TAPCELL_ROW_213_4650,VSS,Metal1,540.3865,1098.0205,0.002084
TAP_TAPCELL_ROW_213_4651,VSS,Metal1,559.4265,1098.0205,0.002081
TAP_TAPCELL_ROW_213_4652,VSS,Metal1,578.4665,1098.0205,0.002079
TAP_TAPCELL_ROW_213_4653,VSS,Metal1,597.5065,1098.0205,0.002078
TAP_TAPCELL_ROW_213_4654,VSS,Metal1,616.5465,1098.0205,0.002075
TAP_TAPCELL_ROW_213_4655,VSS,Metal1,635.5865,1098.0205,0.002071
TAP_TAPCELL_ROW_213_4656,VSS,Metal1,654.6265,1098.0205,0.002070
TAP_TAPCELL_ROW_213_4657,VSS,Metal1,673.6665,1098.0205,0.002076
TAP_TAPCELL_ROW_213_4658,VSS,Metal1,692.7065,1098.0205,0.002082
TAP_TAPCELL_ROW_213_4659,VSS,Metal1,711.7465,1098.0205,0.002088
TAP_TAPCELL_ROW_213_4660,VSS,Metal1,730.7865,1098.0205,0.002086
TAP_TAPCELL_ROW_213_4661,VSS,Metal1,749.8265,1098.0205,0.002075
TAP_TAPCELL_ROW_213_4662,VSS,Metal1,768.8665,1098.0205,0.002059
TAP_TAPCELL_ROW_213_4663,VSS,Metal1,787.9065,1098.0205,0.002043
TAP_TAPCELL_ROW_213_4664,VSS,Metal1,806.9465,1098.0205,0.001995
TAP_TAPCELL_ROW_213_4665,VSS,Metal1,825.9865,1098.0205,0.001935
TAP_TAPCELL_ROW_213_4666,VSS,Metal1,845.0265,1098.0205,0.001913
TAP_TAPCELL_ROW_213_4667,VSS,Metal1,864.0665,1098.0205,0.001887
TAP_TAPCELL_ROW_213_4668,VSS,Metal1,883.1065,1098.0205,0.001804
TAP_TAPCELL_ROW_213_4669,VSS,Metal1,902.1465,1098.0205,0.001721
TAP_TAPCELL_ROW_213_4670,VSS,Metal1,921.1865,1098.0205,0.001638
TAP_TAPCELL_ROW_213_4671,VSS,Metal1,940.2265,1098.0205,0.001555
TAP_TAPCELL_ROW_213_4672,VSS,Metal1,959.2665,1098.0205,0.001523
TAP_TAPCELL_ROW_213_4673,VSS,Metal1,978.3065,1098.0205,0.001524
TAP_TAPCELL_ROW_213_4674,VSS,Metal1,997.3465,1098.0205,0.001525
TAP_TAPCELL_ROW_213_4675,VSS,Metal1,1016.3865,1098.0205,0.001525
TAP_TAPCELL_ROW_213_4676,VSS,Metal1,1035.4265,1098.0205,0.001525
TAP_TAPCELL_ROW_213_4677,VSS,Metal1,1054.4665,1098.0205,0.001525
TAP_TAPCELL_ROW_213_4678,VSS,Metal1,1073.5065,1098.0205,0.001525
TAP_TAPCELL_ROW_136_1_4679,VSS,Metal1,26.8665,706.2990,0.003588
TAP_TAPCELL_ROW_136_2_4680,VSS,Metal1,513.5065,706.2990,0.002189
TAP_TAPCELL_ROW_136_3_4681,VSS,Metal1,993.4265,706.2990,0.003032
TAP_TAPCELL_ROW_136_3_4682,VSS,Metal1,1032.6265,706.2990,0.003160
TAP_TAPCELL_ROW_136_3_4683,VSS,Metal1,1071.8265,706.2990,0.003185
TAP_TAPCELL_ROW_137_3_4684,VSS,Metal1,1013.0265,714.9805,0.003477
TAP_TAPCELL_ROW_137_3_4685,VSS,Metal1,1052.2265,714.9805,0.003483
TAP_TAPCELL_ROW_138_2_4686,VSS,Metal1,513.5065,716.3790,0.001649
TAP_TAPCELL_ROW_138_3_4687,VSS,Metal1,993.4265,716.3790,0.003480
TAP_TAPCELL_ROW_138_3_4688,VSS,Metal1,1032.6265,716.3790,0.003460
TAP_TAPCELL_ROW_138_3_4689,VSS,Metal1,1071.8265,716.3790,0.003499
TAP_TAPCELL_ROW_139_3_4690,VSS,Metal1,1013.0265,725.0605,0.003349
TAP_TAPCELL_ROW_139_3_4691,VSS,Metal1,1052.2265,725.0605,0.003358
TAP_TAPCELL_ROW_140_2_4692,VSS,Metal1,513.5065,726.4590,0.001550
TAP_TAPCELL_ROW_140_3_4693,VSS,Metal1,993.4265,726.4590,0.003350
TAP_TAPCELL_ROW_140_3_4694,VSS,Metal1,1032.6265,726.4590,0.003348
TAP_TAPCELL_ROW_140_3_4695,VSS,Metal1,1071.8265,726.4590,0.003364
TAP_TAPCELL_ROW_141_3_4696,VSS,Metal1,1013.0265,735.1405,0.003366
TAP_TAPCELL_ROW_141_3_4697,VSS,Metal1,1052.2265,735.1405,0.003369
TAP_TAPCELL_ROW_142_2_4698,VSS,Metal1,513.5065,736.5390,0.001486
TAP_TAPCELL_ROW_142_3_4699,VSS,Metal1,993.4265,736.5390,0.003384
TAP_TAPCELL_ROW_142_3_4700,VSS,Metal1,1032.6265,736.5390,0.003361
TAP_TAPCELL_ROW_142_3_4701,VSS,Metal1,1071.8265,736.5390,0.003374
TAP_TAPCELL_ROW_143_3_4702,VSS,Metal1,1013.0265,745.2205,0.003391
TAP_TAPCELL_ROW_143_3_4703,VSS,Metal1,1052.2265,745.2205,0.003390
TAP_TAPCELL_ROW_144_2_4704,VSS,Metal1,513.5065,746.6190,0.001494
TAP_TAPCELL_ROW_144_3_4705,VSS,Metal1,993.4265,746.6190,0.003403
TAP_TAPCELL_ROW_144_3_4706,VSS,Metal1,1032.6265,746.6190,0.003389
TAP_TAPCELL_ROW_144_3_4707,VSS,Metal1,1071.8265,746.6190,0.003392
TAP_TAPCELL_ROW_145_3_4708,VSS,Metal1,1013.0265,755.3005,0.003391
TAP_TAPCELL_ROW_145_3_4709,VSS,Metal1,1052.2265,755.3005,0.003421
TAP_TAPCELL_ROW_146_2_4710,VSS,Metal1,513.5065,756.6990,0.001405
TAP_TAPCELL_ROW_146_3_4711,VSS,Metal1,993.4265,756.6990,0.003399
TAP_TAPCELL_ROW_146_3_4712,VSS,Metal1,1032.6265,756.6990,0.003376
TAP_TAPCELL_ROW_146_3_4713,VSS,Metal1,1071.8265,756.6990,0.003514
TAP_TAPCELL_ROW_147_3_4714,VSS,Metal1,1013.0265,765.3805,0.003275
TAP_TAPCELL_ROW_147_3_4715,VSS,Metal1,1052.2265,765.3805,0.003306
TAP_TAPCELL_ROW_148_2_4716,VSS,Metal1,513.5065,766.7790,0.001262
TAP_TAPCELL_ROW_148_3_4717,VSS,Metal1,993.4265,766.7790,0.003290
TAP_TAPCELL_ROW_148_3_4718,VSS,Metal1,1032.6265,766.7790,0.003274
TAP_TAPCELL_ROW_148_3_4719,VSS,Metal1,1071.8265,766.7790,0.003320
TAP_TAPCELL_ROW_149_3_4720,VSS,Metal1,1013.0265,775.4605,0.003202
TAP_TAPCELL_ROW_149_3_4721,VSS,Metal1,1052.2265,775.4605,0.003203
TAP_TAPCELL_ROW_150_2_4722,VSS,Metal1,513.5065,776.8590,0.001195
TAP_TAPCELL_ROW_150_3_4723,VSS,Metal1,993.4265,776.8590,0.003214
TAP_TAPCELL_ROW_150_3_4724,VSS,Metal1,1032.6265,776.8590,0.003195
TAP_TAPCELL_ROW_150_3_4725,VSS,Metal1,1071.8265,776.8590,0.003209
TAP_TAPCELL_ROW_151_3_4726,VSS,Metal1,1013.0265,785.5405,0.003167
TAP_TAPCELL_ROW_151_3_4727,VSS,Metal1,1052.2265,785.5405,0.003163
TAP_TAPCELL_ROW_152_2_4728,VSS,Metal1,513.5065,786.9390,0.001066
TAP_TAPCELL_ROW_152_3_4729,VSS,Metal1,993.4265,786.9390,0.003179
TAP_TAPCELL_ROW_152_3_4730,VSS,Metal1,1032.6265,786.9390,0.003140
TAP_TAPCELL_ROW_152_3_4731,VSS,Metal1,1071.8265,786.9390,0.003168
TAP_TAPCELL_ROW_153_3_4732,VSS,Metal1,1013.0265,795.6205,0.003118
TAP_TAPCELL_ROW_153_3_4733,VSS,Metal1,1052.2265,795.6205,0.003124
TAP_TAPCELL_ROW_154_2_4734,VSS,Metal1,513.5065,797.0190,0.000994
TAP_TAPCELL_ROW_154_3_4735,VSS,Metal1,993.4265,797.0190,0.003122
TAP_TAPCELL_ROW_154_3_4736,VSS,Metal1,1032.6265,797.0190,0.003100
TAP_TAPCELL_ROW_154_3_4737,VSS,Metal1,1071.8265,797.0190,0.003135
TAP_TAPCELL_ROW_155_3_4738,VSS,Metal1,1013.0265,805.7005,0.003058
TAP_TAPCELL_ROW_155_3_4739,VSS,Metal1,1052.2265,805.7005,0.003036
TAP_TAPCELL_ROW_156_2_4740,VSS,Metal1,513.5065,807.0990,0.000916
TAP_TAPCELL_ROW_156_3_4741,VSS,Metal1,993.4265,807.0990,0.003066
TAP_TAPCELL_ROW_156_3_4742,VSS,Metal1,1032.6265,807.0990,0.003026
TAP_TAPCELL_ROW_156_3_4743,VSS,Metal1,1071.8265,807.0990,0.003038
TAP_TAPCELL_ROW_157_3_4744,VSS,Metal1,1013.0265,815.7805,0.002983
TAP_TAPCELL_ROW_157_3_4745,VSS,Metal1,1052.2265,815.7805,0.002984
TAP_TAPCELL_ROW_158_2_4746,VSS,Metal1,513.5065,817.1790,0.000906
TAP_TAPCELL_ROW_158_3_4747,VSS,Metal1,993.4265,817.1790,0.003018
TAP_TAPCELL_ROW_158_3_4748,VSS,Metal1,1032.6265,817.1790,0.002979
TAP_TAPCELL_ROW_158_3_4749,VSS,Metal1,1071.8265,817.1790,0.002990
TAP_TAPCELL_ROW_159_3_4750,VSS,Metal1,1013.0265,825.8605,0.003238
TAP_TAPCELL_ROW_159_3_4751,VSS,Metal1,1052.2265,825.8605,0.003212
TAP_TAPCELL_ROW_160_2_4752,VSS,Metal1,513.5065,827.2590,0.000875
TAP_TAPCELL_ROW_160_3_4753,VSS,Metal1,993.4265,827.2590,0.003246
TAP_TAPCELL_ROW_160_3_4754,VSS,Metal1,1032.6265,827.2590,0.003200
TAP_TAPCELL_ROW_160_3_4755,VSS,Metal1,1071.8265,827.2590,0.003212
TAP_TAPCELL_ROW_161_3_4756,VSS,Metal1,1013.0265,835.9405,0.002876
TAP_TAPCELL_ROW_161_3_4757,VSS,Metal1,1052.2265,835.9405,0.002843
TAP_TAPCELL_ROW_162_2_4758,VSS,Metal1,513.5065,837.3390,0.000895
TAP_TAPCELL_ROW_162_3_4759,VSS,Metal1,993.4265,837.3390,0.002876
TAP_TAPCELL_ROW_162_3_4760,VSS,Metal1,1032.6265,837.3390,0.002842
TAP_TAPCELL_ROW_162_3_4761,VSS,Metal1,1071.8265,837.3390,0.002851
TAP_TAPCELL_ROW_163_3_4762,VSS,Metal1,1013.0265,846.0205,0.002749
TAP_TAPCELL_ROW_163_3_4763,VSS,Metal1,1052.2265,846.0205,0.002743
TAP_TAPCELL_ROW_164_2_4764,VSS,Metal1,513.5065,847.4190,0.000992
TAP_TAPCELL_ROW_164_3_4765,VSS,Metal1,993.4265,847.4190,0.002752
TAP_TAPCELL_ROW_164_3_4766,VSS,Metal1,1032.6265,847.4190,0.002739
TAP_TAPCELL_ROW_164_3_4767,VSS,Metal1,1071.8265,847.4190,0.002751
TAP_TAPCELL_ROW_165_3_4768,VSS,Metal1,1013.0265,856.1005,0.002696
TAP_TAPCELL_ROW_165_3_4769,VSS,Metal1,1052.2265,856.1005,0.002690
TAP_TAPCELL_ROW_166_2_4770,VSS,Metal1,513.5065,857.4990,0.000813
TAP_TAPCELL_ROW_166_3_4771,VSS,Metal1,993.4265,857.4990,0.002702
TAP_TAPCELL_ROW_166_3_4772,VSS,Metal1,1032.6265,857.4990,0.002689
TAP_TAPCELL_ROW_166_3_4773,VSS,Metal1,1071.8265,857.4990,0.002692
TAP_TAPCELL_ROW_167_3_4774,VSS,Metal1,1013.0265,866.1805,0.002766
TAP_TAPCELL_ROW_167_3_4775,VSS,Metal1,1052.2265,866.1805,0.002771
TAP_TAPCELL_ROW_168_2_4776,VSS,Metal1,513.5065,867.5790,0.000709
TAP_TAPCELL_ROW_168_3_4777,VSS,Metal1,993.4265,867.5790,0.002771
TAP_TAPCELL_ROW_168_3_4778,VSS,Metal1,1032.6265,867.5790,0.002762
TAP_TAPCELL_ROW_168_3_4779,VSS,Metal1,1071.8265,867.5790,0.002773
TAP_TAPCELL_ROW_169_3_4780,VSS,Metal1,1013.0265,876.2605,0.002363
TAP_TAPCELL_ROW_169_3_4781,VSS,Metal1,1052.2265,876.2605,0.002356
TAP_TAPCELL_ROW_170_2_4782,VSS,Metal1,513.5065,877.6590,0.000655
TAP_TAPCELL_ROW_170_3_4783,VSS,Metal1,993.4265,877.6590,0.002363
TAP_TAPCELL_ROW_170_3_4784,VSS,Metal1,1032.6265,877.6590,0.002354
TAP_TAPCELL_ROW_170_3_4785,VSS,Metal1,1071.8265,877.6590,0.002356
TAP_TAPCELL_ROW_171_3_4786,VSS,Metal1,1013.0265,886.3405,0.002245
TAP_TAPCELL_ROW_171_3_4787,VSS,Metal1,1052.2265,886.3405,0.002226
TAP_TAPCELL_ROW_172_2_4788,VSS,Metal1,513.5065,887.7390,0.000627
TAP_TAPCELL_ROW_172_3_4789,VSS,Metal1,993.4265,887.7390,0.002255
TAP_TAPCELL_ROW_172_3_4790,VSS,Metal1,1032.6265,887.7390,0.002225
TAP_TAPCELL_ROW_172_3_4791,VSS,Metal1,1071.8265,887.7390,0.002227
TAP_TAPCELL_ROW_173_3_4792,VSS,Metal1,1013.0265,896.4205,0.002187
TAP_TAPCELL_ROW_173_3_4793,VSS,Metal1,1052.2265,896.4205,0.002204
TAP_TAPCELL_ROW_174_2_4794,VSS,Metal1,513.5065,897.8190,0.000570
TAP_TAPCELL_ROW_174_3_4795,VSS,Metal1,993.4265,897.8190,0.002217
TAP_TAPCELL_ROW_174_3_4796,VSS,Metal1,1032.6265,897.8190,0.002189
TAP_TAPCELL_ROW_174_3_4797,VSS,Metal1,1071.8265,897.8190,0.002206
TAP_TAPCELL_ROW_175_3_4798,VSS,Metal1,1013.0265,906.5005,0.001967
TAP_TAPCELL_ROW_175_3_4799,VSS,Metal1,1052.2265,906.5005,0.001960
TAP_TAPCELL_ROW_176_2_4800,VSS,Metal1,513.5065,907.8990,0.000491
TAP_TAPCELL_ROW_176_3_4801,VSS,Metal1,993.4265,907.8990,0.001982
TAP_TAPCELL_ROW_176_3_4802,VSS,Metal1,1032.6265,907.8990,0.001956
TAP_TAPCELL_ROW_176_3_4803,VSS,Metal1,1071.8265,907.8990,0.001961
TAP_TAPCELL_ROW_177_3_4804,VSS,Metal1,1013.0265,916.5805,0.001798
TAP_TAPCELL_ROW_177_3_4805,VSS,Metal1,1052.2265,916.5805,0.001767
TAP_TAPCELL_ROW_178_2_4806,VSS,Metal1,513.5065,917.9790,0.000451
TAP_TAPCELL_ROW_178_3_4807,VSS,Metal1,993.4265,917.9790,0.001799
TAP_TAPCELL_ROW_178_3_4808,VSS,Metal1,1032.6265,917.9790,0.001759
TAP_TAPCELL_ROW_178_3_4809,VSS,Metal1,1071.8265,917.9790,0.001772
TAP_TAPCELL_ROW_179_3_4810,VSS,Metal1,1013.0265,926.6605,0.001518
TAP_TAPCELL_ROW_179_3_4811,VSS,Metal1,1052.2265,926.6605,0.001517
TAP_TAPCELL_ROW_180_2_4812,VSS,Metal1,513.5065,928.0590,0.000386
TAP_TAPCELL_ROW_180_3_4813,VSS,Metal1,993.4265,928.0590,0.001556
TAP_TAPCELL_ROW_180_3_4814,VSS,Metal1,1032.6265,928.0590,0.001515
TAP_TAPCELL_ROW_180_3_4815,VSS,Metal1,1071.8265,928.0590,0.001518
TAP_TAPCELL_ROW_181_3_4816,VSS,Metal1,1013.0265,936.7405,0.001393
TAP_TAPCELL_ROW_181_3_4817,VSS,Metal1,1052.2265,936.7405,0.001391
TAP_TAPCELL_ROW_182_2_4818,VSS,Metal1,513.5065,938.1390,0.000320
TAP_TAPCELL_ROW_182_3_4819,VSS,Metal1,993.4265,938.1390,0.001398
TAP_TAPCELL_ROW_182_3_4820,VSS,Metal1,1032.6265,938.1390,0.001391
TAP_TAPCELL_ROW_182_3_4821,VSS,Metal1,1071.8265,938.1390,0.001392
TAP_TAPCELL_ROW_183_3_4822,VSS,Metal1,1013.0265,946.8205,0.000945
TAP_TAPCELL_ROW_183_3_4823,VSS,Metal1,1052.2265,946.8205,0.000943
TAP_TAPCELL_ROW_184_2_4824,VSS,Metal1,513.5065,948.2190,0.000224
TAP_TAPCELL_ROW_184_3_4825,VSS,Metal1,993.4265,948.2190,0.000951
TAP_TAPCELL_ROW_184_3_4826,VSS,Metal1,1032.6265,948.2190,0.000942
TAP_TAPCELL_ROW_184_3_4827,VSS,Metal1,1071.8265,948.2190,0.000948
TAP_TAPCELL_ROW_185_3_4828,VSS,Metal1,1013.0265,956.9005,0.000577
TAP_TAPCELL_ROW_185_3_4829,VSS,Metal1,1052.2265,956.9005,0.000592
TAP_TAPCELL_ROW_186_2_4830,VSS,Metal1,513.5065,958.2990,0.000154
TAP_TAPCELL_ROW_186_3_4831,VSS,Metal1,993.4265,958.2990,0.000580
TAP_TAPCELL_ROW_186_3_4832,VSS,Metal1,1032.6265,958.2990,0.000577
TAP_TAPCELL_ROW_186_3_4833,VSS,Metal1,1071.8265,958.2990,0.000595
TAP_TAPCELL_ROW_187_3_4834,VSS,Metal1,1013.0265,966.9805,0.000818
TAP_TAPCELL_ROW_187_3_4835,VSS,Metal1,1052.2265,966.9805,0.000835
TAP_TAPCELL_ROW_188_2_4836,VSS,Metal1,513.5065,968.3790,0.000309
TAP_TAPCELL_ROW_188_3_4837,VSS,Metal1,993.4265,968.3790,0.000835
TAP_TAPCELL_ROW_188_3_4838,VSS,Metal1,1032.6265,968.3790,0.000815
TAP_TAPCELL_ROW_188_3_4839,VSS,Metal1,1071.8265,968.3790,0.000835
TAP_TAPCELL_ROW_189_3_4840,VSS,Metal1,1013.0265,977.0605,0.000961
TAP_TAPCELL_ROW_189_3_4841,VSS,Metal1,1052.2265,977.0605,0.000962
TAP_TAPCELL_ROW_190_2_4842,VSS,Metal1,513.5065,978.4590,0.000364
TAP_TAPCELL_ROW_190_3_4843,VSS,Metal1,993.4265,978.4590,0.000962
TAP_TAPCELL_ROW_190_3_4844,VSS,Metal1,1032.6265,978.4590,0.000959
TAP_TAPCELL_ROW_190_3_4845,VSS,Metal1,1071.8265,978.4590,0.000971
TAP_TAPCELL_ROW_191_3_4846,VSS,Metal1,1013.0265,987.1405,0.001099
TAP_TAPCELL_ROW_191_3_4847,VSS,Metal1,1052.2265,987.1405,0.001103
TAP_TAPCELL_ROW_192_2_4848,VSS,Metal1,513.5065,988.5390,0.000481
TAP_TAPCELL_ROW_192_3_4849,VSS,Metal1,993.4265,988.5390,0.001106
TAP_TAPCELL_ROW_192_3_4850,VSS,Metal1,1032.6265,988.5390,0.001099
TAP_TAPCELL_ROW_192_3_4851,VSS,Metal1,1071.8265,988.5390,0.001107
TAP_TAPCELL_ROW_193_3_4852,VSS,Metal1,1013.0265,997.2205,0.001373
TAP_TAPCELL_ROW_193_3_4853,VSS,Metal1,1052.2265,997.2205,0.001371
TAP_TAPCELL_ROW_194_2_4854,VSS,Metal1,513.5065,998.6190,0.000579
TAP_TAPCELL_ROW_194_3_4855,VSS,Metal1,993.4265,998.6190,0.001373
TAP_TAPCELL_ROW_194_3_4856,VSS,Metal1,1032.6265,998.6190,0.001368
TAP_TAPCELL_ROW_194_3_4857,VSS,Metal1,1071.8265,998.6190,0.001379
TAP_TAPCELL_ROW_195_3_4858,VSS,Metal1,1013.0265,1007.3005,0.001310
TAP_TAPCELL_ROW_195_3_4859,VSS,Metal1,1052.2265,1007.3005,0.001305
TAP_TAPCELL_ROW_196_2_4860,VSS,Metal1,513.5065,1008.6990,0.000667
TAP_TAPCELL_ROW_196_3_4861,VSS,Metal1,993.4265,1008.6990,0.001321
TAP_TAPCELL_ROW_196_3_4862,VSS,Metal1,1032.6265,1008.6990,0.001302
TAP_TAPCELL_ROW_196_3_4863,VSS,Metal1,1071.8265,1008.6990,0.001307
TAP_TAPCELL_ROW_197_3_4864,VSS,Metal1,1013.0265,1017.3805,0.001350
TAP_TAPCELL_ROW_197_3_4865,VSS,Metal1,1052.2265,1017.3805,0.001349
TAP_TAPCELL_ROW_198_2_4866,VSS,Metal1,513.5065,1018.7790,0.000735
TAP_TAPCELL_ROW_198_3_4867,VSS,Metal1,993.4265,1018.7790,0.001350
TAP_TAPCELL_ROW_198_3_4868,VSS,Metal1,1032.6265,1018.7790,0.001342
TAP_TAPCELL_ROW_198_3_4869,VSS,Metal1,1071.8265,1018.7790,0.001359
TAP_TAPCELL_ROW_199_3_4870,VSS,Metal1,1013.0265,1027.4605,0.001345
TAP_TAPCELL_ROW_199_3_4871,VSS,Metal1,1052.2265,1027.4605,0.001355
TAP_TAPCELL_ROW_200_2_4872,VSS,Metal1,513.5065,1028.8590,0.000830
TAP_TAPCELL_ROW_200_3_4873,VSS,Metal1,993.4265,1028.8590,0.001354
TAP_TAPCELL_ROW_200_3_4874,VSS,Metal1,1032.6265,1028.8590,0.001344
TAP_TAPCELL_ROW_200_3_4875,VSS,Metal1,1071.8265,1028.8590,0.001362
TAP_TAPCELL_ROW_201_3_4876,VSS,Metal1,1013.0265,1037.5405,0.001475
TAP_TAPCELL_ROW_201_3_4877,VSS,Metal1,1052.2265,1037.5405,0.001432
TAP_TAPCELL_ROW_202_2_4878,VSS,Metal1,513.5065,1038.9390,0.000907
TAP_TAPCELL_ROW_202_3_4879,VSS,Metal1,993.4265,1038.9390,0.001484
TAP_TAPCELL_ROW_202_3_4880,VSS,Metal1,1032.6265,1038.9390,0.001421
TAP_TAPCELL_ROW_202_3_4881,VSS,Metal1,1071.8265,1038.9390,0.001479
TAP_TAPCELL_ROW_203_3_4882,VSS,Metal1,1013.0265,1047.6205,0.001351
TAP_TAPCELL_ROW_203_3_4883,VSS,Metal1,1052.2265,1047.6205,0.001359
TAP_TAPCELL_ROW_204_2_4884,VSS,Metal1,513.5065,1049.0190,0.000988
TAP_TAPCELL_ROW_204_3_4885,VSS,Metal1,993.4265,1049.0190,0.001353
TAP_TAPCELL_ROW_204_3_4886,VSS,Metal1,1032.6265,1049.0190,0.001352
TAP_TAPCELL_ROW_204_3_4887,VSS,Metal1,1071.8265,1049.0190,0.001363
TAP_TAPCELL_ROW_205_3_4888,VSS,Metal1,1013.0265,1057.7005,0.001329
TAP_TAPCELL_ROW_205_3_4889,VSS,Metal1,1052.2265,1057.7005,0.001331
TAP_TAPCELL_ROW_206_2_4890,VSS,Metal1,513.5065,1059.0990,0.001095
TAP_TAPCELL_ROW_206_3_4891,VSS,Metal1,993.4265,1059.0990,0.001330
TAP_TAPCELL_ROW_206_3_4892,VSS,Metal1,1032.6265,1059.0990,0.001329
TAP_TAPCELL_ROW_206_3_4893,VSS,Metal1,1071.8265,1059.0990,0.001333
TAP_TAPCELL_ROW_207_3_4894,VSS,Metal1,1013.0265,1067.7805,0.001332
TAP_TAPCELL_ROW_207_3_4895,VSS,Metal1,1052.2265,1067.7805,0.001331
TAP_TAPCELL_ROW_208_2_4896,VSS,Metal1,513.5065,1069.1790,0.001177
TAP_TAPCELL_ROW_208_3_4897,VSS,Metal1,993.4265,1069.1790,0.001332
TAP_TAPCELL_ROW_208_3_4898,VSS,Metal1,1032.6265,1069.1790,0.001331
TAP_TAPCELL_ROW_208_3_4899,VSS,Metal1,1071.8265,1069.1790,0.001331
input1,VSS,Metal1,15.0230,967.1485,0.003812
input2,VSS,Metal1,10.3800,846.1650,0.003886
input3,VSS,Metal1,15.0230,746.4515,0.003793
input4,VSS,Metal1,15.0230,655.7315,0.003487
input5,VSS,Metal1,15.0230,554.9315,0.002315
input6,VSS,Metal1,15.0230,454.1315,0.002961
input7,VSS,Metal1,15.0230,372.4285,0.005246
input8,VSS,Metal1,15.0230,271.6285,0.006875
input9,VSS,Metal1,10.3800,1048.8750,0.003856
output10,VSS,Metal1,53.6630,1098.1885,0.003618
output11,VSS,Metal1,586.7830,1098.1885,0.002079
output12,VSS,Metal1,518.4630,1089.1715,0.002403
output13,VSS,Metal1,453.5030,1098.1885,0.002247
output14,VSS,Metal1,379.0230,1098.1885,0.002561
output15,VSS,Metal1,320.2230,1098.1885,0.002799
output16,VSS,Metal1,245.7430,1098.1885,0.003024
output17,VSS,Metal1,186.9430,1098.1885,0.003148
output18,VSS,Metal1,112.4630,1098.1885,0.003431
output19,VSS,Metal1,645.5830,1098.1885,0.002069
max_cap20,VSS,Metal1,370.0750,272.9100,0.006572
max_cap21,VSS,Metal1,348.7950,424.1100,0.003773
max_cap22,VSS,Metal1,511.6800,281.4640,0.005979
max_cap23,VSS,Metal1,330.3150,363.6300,0.005060
max_cap24,VSS,Metal1,330.3150,454.3500,0.002924
max_cap25,VSS,Metal1,379.5950,291.5695,0.006151
max_cap26,VSS,Metal1,333.6000,373.7360,0.004729
max_cap27,VSS,Metal1,348.7950,393.8700,0.004522
max_cap28,VSS,Metal1,335.5360,412.5735,0.004092
max_cap29,VSS,Metal1,683.1480,342.0540,0.004710
max_cap30,VSS,Metal1,505.5950,343.4700,0.004569
max_cap31,VSS,Metal1,437.7600,434.2160,0.003508
max_cap32,VSS,Metal1,524.5600,442.7440,0.003023
max_cap33,VSS,Metal1,428.8000,434.2160,0.003510
max_cap35,VSS,Metal1,503.2800,262.8560,0.006164
max_cap36,VSS,Metal1,368.9550,402.4495,0.004210
max_cap37,VSS,Metal1,371.7550,494.6700,0.001346
max_cap38,VSS,Metal1,482.5600,301.6240,0.005708
max_cap39,VSS,Metal1,394.7150,414.0300,0.004050
max_cap40,VSS,Metal1,335.2800,414.0560,0.004092
max_cap41,VSS,Metal1,669.1150,424.1100,0.003552
wire42,VSS,Metal1,435.5200,414.0560,0.003940
max_cap43,VSS,Metal1,353.2000,412.5040,0.004092
load_slew44,VSS,Metal1,311.2750,352.0495,0.005229
wire45,VSS,Metal1,340.8650,321.7315,0.005738
load_slew46,VSS,Metal1,273.7550,424.1100,0.003909
load_slew47,VSS,Metal1,343.1950,301.6495,0.006082
load_slew48,VSS,Metal1,349.9150,432.6895,0.003520
load_slew49,VSS,Metal1,486.5550,444.2700,0.003021
load_slew50,VSS,Metal1,348.7950,414.0300,0.004092
load_slew51,VSS,Metal1,491.0350,432.6895,0.003226
max_cap52,VSS,Metal1,288.3150,424.1100,0.003862
load_slew53,VSS,Metal1,404.7950,303.1500,0.005926
max_cap54,VSS,Metal1,277.1150,414.0300,0.004097
wire55,VSS,Metal1,396.3950,323.3100,0.005665
max_cap56,VSS,Metal1,273.1950,402.4495,0.004331
max_cap57,VSS,Metal1,370.6350,403.9500,0.004210
max_cap58,VSS,Metal1,330.3150,402.4495,0.004242
max_cap59,VSS,Metal1,325.7600,382.2640,0.004750
load_slew60,VSS,Metal1,92.3150,141.8700,0.007159
max_cap61,VSS,Metal1,77.1950,190.7695,0.007111
max_cap62,VSS,Metal1,83.9150,232.5900,0.007056
max_cap63,VSS,Metal1,639.3600,543.5440,0.002121
max_cap64,VSS,Metal1,315.6800,533.4640,0.001853
max_cap65,VSS,Metal1,302.3150,654.4495,0.003234
max_cap66,VSS,Metal1,312.3950,362.1295,0.005094
max_cap67,VSS,Metal1,312.3950,363.6300,0.005094
max_cap68,VSS,Metal1,407.6280,383.7860,0.004646
max_cap69,VSS,Metal1,324.7150,555.1500,0.002379
wire70,VSS,Metal1,300.5600,261.3040,0.006535
max_cap71,VSS,Metal1,292.7950,422.6095,0.003862
max_cap72,VSS,Metal1,306.4160,412.5735,0.004093
max_cap73,VSS,Metal1,636.5600,555.1760,0.002344
max_cap74,VSS,Metal1,312.8800,493.1440,0.001423
max_cap75,VSS,Metal1,639.3600,573.7840,0.002650
max_cap76,VSS,Metal1,325.7600,513.3040,0.001438
max_cap77,VSS,Metal1,395.3080,635.7060,0.003288
max_cap78,VSS,Metal1,446.7950,331.8895,0.004950
max_cap79,VSS,Metal1,371.1950,424.1100,0.003755
max_cap80,VSS,Metal1,293.3550,414.0300,0.004094
wire81,VSS,Metal1,627.0400,362.1040,0.004340
max_cap82,VSS,Metal1,306.2680,424.0260,0.003844
max_cap83,VSS,Metal1,546.9600,414.0560,0.003828
max_cap84,VSS,Metal1,296.0800,323.3360,0.005805
max_cap85,VSS,Metal1,312.3950,353.5500,0.005229
wire86,VSS,Metal1,291.6000,372.1840,0.004745
max_cap87,VSS,Metal1,316.3170,414.0755,0.004093
max_cap88,VSS,Metal1,427.1950,403.9500,0.004145
wire89,VSS,Metal1,426.6350,402.4495,0.004146
max_cap90,VSS,Metal1,328.6350,372.2095,0.004729
max_cap91,VSS,Metal1,125.9150,444.2700,0.003419
load_slew92,VSS,Metal1,449.5950,131.7900,0.006588
wire93,VSS,Metal1,163.9950,303.1500,0.006363
max_cap94,VSS,Metal1,961.9200,241.1440,0.006812
wire95,VSS,Metal1,939.5200,676.1360,0.003358
max_cap96,VSS,Metal1,953.5200,293.0960,0.006271
max_cap97,VSS,Metal1,903.6800,69.7840,0.006648
max_cap98,VSS,Metal1,952.9600,241.1440,0.006812
load_slew99,VSS,Metal1,926.1570,39.5240,0.006162
load_slew100,VSS,Metal1,573.3570,301.6040,0.005678
wire101,VSS,Metal1,521.8680,130.3740,0.006460
max_cap102,VSS,Metal1,898.7480,313.1460,0.006125
wire103,VSS,Metal1,978.2680,906.5340,0.001984
max_cap104,VSS,Metal1,571.1170,241.1240,0.006130
max_cap105,VSS,Metal1,935.0635,241.0380,0.006801
wire106,VSS,Metal1,1021.9170,283.0355,0.006513
load_slew107,VSS,Metal1,1070.6370,434.2355,0.003458
load_slew108,VSS,Metal1,971.4635,613.9980,0.003064
load_slew109,VSS,Metal1,557.8560,101.5060,0.006345
wire110,VSS,Metal1,578.3970,362.0840,0.004353
load_slew111,VSS,Metal1,531.9170,352.0040,0.004348
max_cap112,VSS,Metal1,270.8800,614.1040,0.003283
max_cap113,VSS,Metal1,160.5600,595.4960,0.003129
max_cap114,VSS,Metal1,119.7880,402.5340,0.004481
max_cap115,VSS,Metal1,506.1880,121.6260,0.006395
wire116,VSS,Metal1,506.0800,503.2240,0.000932
max_cap117,VSS,Metal1,517.9170,535.0355,0.001856
max_cap118,VSS,Metal1,816.4280,635.7060,0.003198
wire119,VSS,Metal1,502.2680,313.1460,0.005478
wire120,VSS,Metal1,487.1150,150.4495,0.006088
wire121,VSS,Metal1,510.0750,353.5500,0.004343
max_cap122,VSS,Metal1,292.7950,454.3500,0.002978
wire123,VSS,Metal1,440.5600,464.4560,0.002456
max_cap124,VSS,Metal1,345.3600,454.3760,0.002924
load_slew125,VSS,Metal1,745.2750,303.1500,0.005758
load_slew126,VSS,Metal1,508.3950,231.0895,0.006211
max_cap127,VSS,Metal1,395.8350,232.5900,0.006302
load_slew128,VSS,Metal1,260.8750,291.5695,0.006376
max_cap129,VSS,Metal1,246.7740,343.6205,0.005450
max_cap130,VSS,Metal1,293.9150,583.8895,0.002934
load_slew131,VSS,Metal1,222.7950,593.9695,0.003106
max_cap132,VSS,Metal1,1027.5480,1038.9060,0.001422
max_cap133,VSS,Metal1,237.2800,321.7840,0.005976
load_slew134,VSS,Metal1,488.7950,464.4300,0.002414
max_cap135,VSS,Metal1,246.4960,464.3860,0.002587
wire136,VSS,Metal1,233.9050,472.9315,0.002171
load_slew137,VSS,Metal1,681.9950,434.1900,0.003277
max_cap138,VSS,Metal1,367.8350,414.0300,0.004059
max_cap139,VSS,Metal1,203.1950,514.8300,0.001494
load_slew140,VSS,Metal1,407.5950,311.7295,0.005992
wire141,VSS,Metal1,250.7950,412.5295,0.004104
load_slew142,VSS,Metal1,250.1450,444.3480,0.003295
max_cap143,VSS,Metal1,265.5360,382.3335,0.004958
load_slew144,VSS,Metal1,365.5950,323.3100,0.005723
max_cap145,VSS,Metal1,368.3950,442.7695,0.003200
max_cap146,VSS,Metal1,571.0250,210.8515,0.005840
max_cap147,VSS,Metal1,693.1050,180.6115,0.006067
max_cap148,VSS,Metal1,375.1150,422.6095,0.003754
max_cap149,VSS,Metal1,257.5170,452.8040,0.002979
wire150,VSS,Metal1,718.3050,535.0680,0.001921
load_slew151,VSS,Metal1,664.6350,614.1295,0.002955
max_cap152,VSS,Metal1,553.6800,704.8240,0.002259
max_cap153,VSS,Metal1,668.4800,434.2160,0.003261
max_cap154,VSS,Metal1,254.1550,414.0300,0.004104
max_cap155,VSS,Metal1,263.6750,321.8095,0.005934
max_cap156,VSS,Metal1,306.7200,454.3760,0.002941
load_slew157,VSS,Metal1,469.1050,543.4915,0.002229
load_slew158,VSS,Metal1,449.0350,514.8300,0.001402
load_slew159,VSS,Metal1,377.3550,533.4895,0.001874
load_slew160,VSS,Metal1,449.5050,524.9880,0.001591
max_cap161,VSS,Metal1,524.0000,493.1440,0.001111
load_slew162,VSS,Metal1,31.7600,897.8960,0.003965
load_slew163,VSS,Metal1,290.4800,666.0560,0.003372
max_cap164,VSS,Metal1,194.7050,524.9880,0.001781
max_cap165,VSS,Metal1,520.0650,91.5480,0.006278
max_cap166,VSS,Metal1,531.9170,59.6840,0.005478
max_cap167,VSS,Metal1,232.7850,293.1480,0.006404
max_cap168,VSS,Metal1,683.0250,442.6915,0.003031
max_cap169,VSS,Metal1,244.2560,424.0660,0.003952
max_cap170,VSS,Metal1,427.1950,323.3100,0.005560
max_cap171,VSS,Metal1,390.7950,321.8095,0.005666
max_cap172,VSS,Metal1,239.5950,313.2300,0.006413
max_cap173,VSS,Metal1,246.7740,353.7005,0.005343
wire174,VSS,Metal1,237.8140,383.9405,0.004979
max_cap175,VSS,Metal1,506.0650,293.1480,0.005895
max_cap176,VSS,Metal1,243.4250,323.3880,0.005976
max_cap177,VSS,Metal1,721.6650,474.5880,0.001998
max_cap178,VSS,Metal1,349.8250,323.3880,0.005738
max_cap179,VSS,Metal1,391.5360,474.4660,0.002077
max_cap180,VSS,Metal1,505.5950,454.3500,0.002710
max_cap181,VSS,Metal1,289.9950,483.0895,0.001671
max_cap182,VSS,Metal1,508.3050,382.2115,0.004385
max_cap183,VSS,Metal1,657.9170,422.5640,0.003552
max_cap184,VSS,Metal1,618.3360,422.6535,0.003567
max_cap185,VSS,Metal1,241.2000,655.9760,0.003304
max_cap186,VSS,Metal1,116.3950,231.0895,0.007045
load_slew187,VSS,Metal1,114.7150,303.1500,0.006420
load_slew188,VSS,Metal1,133.1950,341.9695,0.005653
max_cap189,VSS,Metal1,874.5600,79.8640,0.006848
max_cap190,VSS,Metal1,384.5600,121.7360,0.006569
wire191,VSS,Metal1,174.0000,242.6960,0.006902
load_slew192,VSS,Metal1,446.1600,343.4960,0.004731
wire193,VSS,Metal1,17.2750,907.9500,0.003936
wire194,VSS,Metal1,449.0350,261.3295,0.006286
wire195,VSS,Metal1,505.0350,412.5295,0.003824
max_cap196,VSS,Metal1,177.4350,362.1295,0.005258
load_slew197,VSS,Metal1,155.5950,210.9295,0.006918
max_cap198,VSS,Metal1,198.7170,363.6755,0.005254
load_slew199,VSS,Metal1,155.5050,170.5315,0.007021
load_slew200,VSS,Metal1,474.1450,222.5880,0.006061
max_cap201,VSS,Metal1,349.2800,655.9760,0.003138
max_cap202,VSS,Metal1,158.8800,200.8240,0.006887
load_slew203,VSS,Metal1,390.7950,422.6095,0.003748
load_slew204,VSS,Metal1,479.7450,343.5480,0.004539
max_cap205,VSS,Metal1,286.2560,383.7460,0.004827
wire206,VSS,Metal1,289.9050,373.7880,0.004745
max_cap207,VSS,Metal1,567.1950,666.0300,0.002995
load_slew208,VSS,Metal1,277.1150,464.4300,0.002570
load_slew209,VSS,Metal1,748.0750,444.2700,0.003075
max_cap210,VSS,Metal1,429.9950,432.6895,0.003510
wire211,VSS,Metal1,296.7150,462.9295,0.002567
load_slew212,VSS,Metal1,461.3570,422.5640,0.003699
max_cap213,VSS,Metal1,246.8770,474.5555,0.002171
clkbuf_regs_0_core_clk,VSS,Metal1,560.4770,555.1955,0.002421
clkbuf_0_clk,VSS,Metal1,442.8770,696.3155,0.003363
clkbuf_1_0__f_clk,VSS,Metal1,319.1170,696.3155,0.003530
clkbuf_1_1__f_clk,VSS,Metal1,560.4770,696.3155,0.003411
clkbuf_leaf_0_clk_regs,VSS,Metal1,96.7950,151.9500,0.007256
clkbuf_leaf_1_clk_regs,VSS,Metal1,37.9950,210.9295,0.007303
clkbuf_leaf_2_clk_regs,VSS,Metal1,57.5950,262.8300,0.007045
clkbuf_leaf_3_clk_regs,VSS,Metal1,152.2350,231.0895,0.007042
clkbuf_leaf_4_clk_regs,VSS,Metal1,193.1150,311.7295,0.006440
clkbuf_leaf_5_clk_regs,VSS,Metal1,143.8350,372.2095,0.005333
clkbuf_leaf_6_clk_regs,VSS,Metal1,57.5950,323.3100,0.006235
clkbuf_leaf_7_clk_regs,VSS,Metal1,48.6350,393.8700,0.004863
clkbuf_leaf_8_clk_regs,VSS,Metal1,71.0350,442.7695,0.003430
clkbuf_leaf_9_clk_regs,VSS,Metal1,63.7550,533.4895,0.001973
clkbuf_leaf_10_clk_regs,VSS,Metal1,154.4750,494.6700,0.001457
clkbuf_leaf_11_clk_regs,VSS,Metal1,231.1950,524.9100,0.001788
clkbuf_leaf_12_clk_regs,VSS,Metal1,211.5950,414.0300,0.004178
clkbuf_leaf_13_clk_regs,VSS,Metal1,328.6350,362.1295,0.005060
clkbuf_leaf_14_clk_regs,VSS,Metal1,331.9950,494.6700,0.001353
clkbuf_leaf_15_clk_regs,VSS,Metal1,407.5950,513.3295,0.001474
clkbuf_leaf_16_clk_regs,VSS,Metal1,478.1550,545.0700,0.002229
clkbuf_leaf_17_clk_regs,VSS,Metal1,434.4750,635.7900,0.003276
clkbuf_leaf_18_clk_regs,VSS,Metal1,371.1950,595.4700,0.003149
clkbuf_leaf_19_clk_regs,VSS,Metal1,312.3950,644.3695,0.003345
clkbuf_leaf_20_clk_regs,VSS,Metal1,260.8750,674.6095,0.003540
clkbuf_leaf_21_clk_regs,VSS,Metal1,253.5950,605.5500,0.003341
clkbuf_leaf_22_clk_regs,VSS,Metal1,153.9150,625.7100,0.003502
clkbuf_leaf_23_clk_regs,VSS,Metal1,112.4750,614.1295,0.003471
clkbuf_leaf_24_clk_regs,VSS,Metal1,35.1950,615.6300,0.003466
clkbuf_leaf_25_clk_regs,VSS,Metal1,57.5950,676.1100,0.003726
clkbuf_leaf_26_clk_regs,VSS,Metal1,18.3950,766.8300,0.003993
clkbuf_leaf_27_clk_regs,VSS,Metal1,18.3950,938.1900,0.004067
clkbuf_leaf_28_clk_regs,VSS,Metal1,55.9150,1077.8095,0.003806
clkbuf_leaf_29_clk_regs,VSS,Metal1,232.8750,1079.3100,0.003356
clkbuf_leaf_30_clk_regs,VSS,Metal1,466.3950,1079.3100,0.002257
clkbuf_leaf_31_clk_regs,VSS,Metal1,511.7550,845.9695,0.000992
clkbuf_leaf_32_clk_regs,VSS,Metal1,505.5950,666.0300,0.003083
clkbuf_leaf_33_clk_regs,VSS,Metal1,588.4750,635.7900,0.003229
clkbuf_leaf_34_clk_regs,VSS,Metal1,653.9950,694.7695,0.003278
clkbuf_leaf_35_clk_regs,VSS,Metal1,740.7950,1089.3900,0.002537
clkbuf_leaf_36_clk_regs,VSS,Metal1,1041.5150,998.6700,0.001369
clkbuf_leaf_37_clk_regs,VSS,Metal1,1024.1550,938.1900,0.001390
clkbuf_leaf_38_clk_regs,VSS,Metal1,1049.9150,867.6300,0.002771
clkbuf_leaf_39_clk_regs,VSS,Metal1,1004.5550,825.8095,0.003246
clkbuf_leaf_40_clk_regs,VSS,Metal1,1032.5550,595.4700,0.003324
clkbuf_leaf_41_clk_regs,VSS,Metal1,955.8350,645.8700,0.003489
clkbuf_leaf_42_clk_regs,VSS,Metal1,858.3950,605.5500,0.003195
clkbuf_leaf_43_clk_regs,VSS,Metal1,877.4350,676.1100,0.003343
clkbuf_leaf_44_clk_regs,VSS,Metal1,789.5150,655.9500,0.003202
clkbuf_leaf_45_clk_regs,VSS,Metal1,749.7550,585.3900,0.003137
clkbuf_leaf_46_clk_regs,VSS,Metal1,670.2350,605.5500,0.003041
clkbuf_leaf_47_clk_regs,VSS,Metal1,641.1150,534.9900,0.001908
clkbuf_leaf_48_clk_regs,VSS,Metal1,723.9950,523.4095,0.001773
clkbuf_leaf_49_clk_regs,VSS,Metal1,793.4350,494.6700,0.001187
clkbuf_leaf_50_clk_regs,VSS,Metal1,767.1150,402.4495,0.004296
clkbuf_leaf_51_clk_regs,VSS,Metal1,872.9550,393.8700,0.004746
clkbuf_leaf_52_clk_regs,VSS,Metal1,875.1950,524.9100,0.001824
clkbuf_leaf_53_clk_regs,VSS,Metal1,959.1950,474.5100,0.002307
clkbuf_leaf_54_clk_regs,VSS,Metal1,1027.5150,545.0700,0.003078
clkbuf_leaf_55_clk_regs,VSS,Metal1,1056.0750,473.0095,0.002529
clkbuf_leaf_56_clk_regs,VSS,Metal1,1024.7150,403.9500,0.004558
clkbuf_leaf_57_clk_regs,VSS,Metal1,1053.8350,341.9695,0.005851
clkbuf_leaf_58_clk_regs,VSS,Metal1,968.7150,372.2095,0.005125
clkbuf_leaf_59_clk_regs,VSS,Metal1,890.8750,311.7295,0.006125
clkbuf_leaf_60_clk_regs,VSS,Metal1,936.7950,222.5100,0.006940
clkbuf_leaf_61_clk_regs,VSS,Metal1,1017.9950,262.8300,0.007019
clkbuf_leaf_62_clk_regs,VSS,Metal1,1048.2350,200.8495,0.007128
clkbuf_leaf_63_clk_regs,VSS,Metal1,1040.9550,130.2895,0.007376
clkbuf_leaf_64_clk_regs,VSS,Metal1,1043.7550,49.6495,0.006864
clkbuf_leaf_65_clk_regs,VSS,Metal1,984.3950,61.2300,0.006898
clkbuf_leaf_66_clk_regs,VSS,Metal1,939.0350,81.3900,0.006971
clkbuf_leaf_67_clk_regs,VSS,Metal1,861.1950,49.6495,0.006565
clkbuf_leaf_68_clk_regs,VSS,Metal1,885.8350,140.3695,0.007070
clkbuf_leaf_69_clk_regs,VSS,Metal1,821.9950,221.0095,0.006669
clkbuf_leaf_70_clk_regs,VSS,Metal1,762.0750,140.3695,0.006801
clkbuf_leaf_71_clk_regs,VSS,Metal1,759.8350,41.0700,0.005871
clkbuf_leaf_72_clk_regs,VSS,Metal1,681.9950,89.9695,0.006410
clkbuf_leaf_73_clk_regs,VSS,Metal1,589.0350,71.3100,0.005875
clkbuf_leaf_74_clk_regs,VSS,Metal1,609.1950,160.5295,0.006223
clkbuf_leaf_75_clk_regs,VSS,Metal1,605.2750,271.4095,0.006218
clkbuf_leaf_76_clk_regs,VSS,Metal1,704.3950,231.0895,0.006516
clkbuf_leaf_77_clk_regs,VSS,Metal1,740.7950,313.2300,0.005764
clkbuf_leaf_78_clk_regs,VSS,Metal1,645.5950,333.3900,0.004950
clkbuf_leaf_79_clk_regs,VSS,Metal1,603.5950,402.4495,0.004093
clkbuf_leaf_80_clk_regs,VSS,Metal1,566.6350,473.0095,0.002019
clkbuf_leaf_81_clk_regs,VSS,Metal1,475.9150,424.1100,0.003698
clkbuf_leaf_82_clk_regs,VSS,Metal1,498.3150,341.9695,0.004569
clkbuf_leaf_83_clk_regs,VSS,Metal1,390.7950,353.5500,0.005116
clkbuf_leaf_84_clk_regs,VSS,Metal1,348.7950,272.9100,0.006594
clkbuf_leaf_85_clk_regs,VSS,Metal1,449.5950,251.2495,0.006421
clkbuf_leaf_86_clk_regs,VSS,Metal1,519.0350,232.5900,0.006212
clkbuf_leaf_87_clk_regs,VSS,Metal1,487.6750,131.7900,0.006456
clkbuf_leaf_88_clk_regs,VSS,Metal1,494.9550,59.7295,0.005476
clkbuf_leaf_89_clk_regs,VSS,Metal1,411.5150,100.0495,0.006519
clkbuf_leaf_90_clk_regs,VSS,Metal1,312.3950,89.9695,0.006719
clkbuf_leaf_91_clk_regs,VSS,Metal1,352.1550,162.0300,0.006659
clkbuf_leaf_92_clk_regs,VSS,Metal1,275.4350,222.5100,0.006743
clkbuf_leaf_93_clk_regs,VSS,Metal1,228.9550,130.2895,0.007192
clkbuf_leaf_94_clk_regs,VSS,Metal1,235.6750,51.1500,0.006571
clkbuf_leaf_95_clk_regs,VSS,Metal1,152.7950,91.4700,0.007179
clkbuf_leaf_96_clk_regs,VSS,Metal1,93.9950,39.5695,0.006706
clkbuf_leaf_97_clk_regs,VSS,Metal1,40.7950,121.7100,0.007342
clkbuf_0_clk_regs,VSS,Metal1,551.5170,565.2755,0.002683
clkbuf_2_0_0_clk_regs,VSS,Metal1,387.9950,272.9100,0.006556
clkbuf_2_1_0_clk_regs,VSS,Metal1,771.0350,291.5695,0.006151
clkbuf_2_2_0_clk_regs,VSS,Metal1,253.5950,655.9500,0.003299
clkbuf_2_3_0_clk_regs,VSS,Metal1,671.9150,696.2700,0.003293
clkbuf_3_0__f_clk_regs,VSS,Metal1,320.7970,182.2355,0.006589
clkbuf_3_1__f_clk_regs,VSS,Metal1,277.1170,313.2755,0.006336
clkbuf_3_2__f_clk_regs,VSS,Metal1,825.9170,182.2355,0.006833
clkbuf_3_3__f_clk_regs,VSS,Metal1,845.5170,382.2440,0.005003
clkbuf_3_4__f_clk_regs,VSS,Metal1,223.9170,543.5240,0.002417
clkbuf_3_5__f_clk_regs,VSS,Metal1,168.4770,696.3155,0.003713
clkbuf_3_6__f_clk_regs,VSS,Metal1,638.8770,585.4355,0.003049
clkbuf_3_7__f_clk_regs,VSS,Metal1,806.3170,694.7240,0.003171
clkload0,VSS,Metal1,270.8600,311.6990,0.006336
clkload1,VSS,Metal1,833.6730,373.6825,0.004790
clkload2,VSS,Metal1,170.6165,686.2350,0.003554
clkload3,VSS,Metal1,798.4750,704.8495,0.002561
clkload4,VSS,Metal1,109.0765,160.6330,0.007156
clkload5,VSS,Metal1,35.4600,221.3260,0.007090
clkload6,VSS,Metal1,140.7400,221.3260,0.006999
clkload7,VSS,Metal1,435.8600,251.5660,0.006423
clkload8,VSS,Metal1,513.5730,222.4065,0.006078
clkload9,VSS,Metal1,482.2130,130.3930,0.006456
clkload10,VSS,Metal1,482.0100,49.6950,0.005353
clkload11,VSS,Metal1,405.0600,110.4460,0.006542
clkload12,VSS,Metal1,325.8680,90.0540,0.006717
clkload13,VSS,Metal1,342.0365,170.7130,0.006390
clkload14,VSS,Metal1,227.8680,121.6260,0.007034
clkload15,VSS,Metal1,225.8600,50.8335,0.006571
clkload16,VSS,Metal1,141.8600,91.1535,0.007180
clkload17,VSS,Metal1,83.0600,49.9660,0.006806
clkload18,VSS,Metal1,59.3080,261.4140,0.007045
clkload19,VSS,Metal1,183.3000,312.0460,0.006431
clkload20,VSS,Metal1,137.3800,373.3935,0.005333
clkload21,VSS,Metal1,41.3880,392.4540,0.004863
clkload22,VSS,Metal1,63.1565,444.1665,0.003430
clkload23,VSS,Metal1,206.1330,422.7130,0.003975
clkload24,VSS,Metal1,326.8730,353.5225,0.005202
clkload25,VSS,Metal1,385.1565,343.3665,0.004985
clkload26,VSS,Metal1,350.9700,281.5890,0.006383
clkload27,VSS,Metal1,270.8900,231.1890,0.006703
clkload28,VSS,Metal1,931.3330,212.3265,0.006814
clkload29,VSS,Metal1,1013.4500,252.7050,0.006794
clkload30,VSS,Metal1,1040.9880,202.2660,0.007127
clkload31,VSS,Metal1,1040.4280,61.1460,0.006928
clkload32,VSS,Metal1,978.7565,79.9930,0.006982
clkload33,VSS,Metal1,944.2130,90.0730,0.006851
clkload34,VSS,Metal1,847.1565,51.0465,0.006529
clkload35,VSS,Metal1,882.5080,141.7860,0.007070
clkload36,VSS,Metal1,827.5300,222.4105,0.006670
clkload37,VSS,Metal1,752.4900,141.7705,0.006798
clkload38,VSS,Metal1,745.2100,59.7750,0.006177
clkload39,VSS,Metal1,669.6100,90.0150,0.006360
clkload40,VSS,Metal1,583.3700,79.9350,0.005912
clkload41,VSS,Metal1,604.6500,161.9305,0.006223
clkload42,VSS,Metal1,609.8930,252.6465,0.006297
clkload43,VSS,Metal1,704.3300,222.4105,0.006237
clkload44,VSS,Metal1,787.2100,503.2950,0.000962
clkload45,VSS,Metal1,762.2130,403.8465,0.004296
clkload46,VSS,Metal1,861.8930,393.7665,0.004744
clkload47,VSS,Metal1,864.5880,533.5740,0.001957
clkload48,VSS,Metal1,956.6600,483.4060,0.001627
clkload49,VSS,Metal1,1015.4600,533.8060,0.002057
clkload50,VSS,Metal1,1049.6200,474.1935,0.002529
clkload51,VSS,Metal1,1018.2600,412.8460,0.004149
clkload52,VSS,Metal1,1056.3400,333.0735,0.005717
clkload53,VSS,Metal1,962.2600,373.3935,0.005125
clkload54,VSS,Metal1,884.4200,302.8335,0.006016
clkload55,VSS,Metal1,723.7000,322.1260,0.005427
clkload56,VSS,Metal1,641.9400,342.2860,0.004515
clkload57,VSS,Metal1,599.6365,412.6330,0.003797
clkload58,VSS,Metal1,55.2900,524.8650,0.001811
clkload59,VSS,Metal1,149.1400,493.4860,0.001457
clkload60,VSS,Metal1,224.0530,513.4330,0.001491
clkload61,VSS,Metal1,322.1800,494.3535,0.001355
clkload62,VSS,Metal1,391.0600,514.5135,0.001472
clkload63,VSS,Metal1,424.6600,635.4735,0.003276
clkload64,VSS,Metal1,367.3080,594.0540,0.003149
clkload65,VSS,Metal1,243.7800,605.2335,0.003334
clkload66,VSS,Metal1,170.1165,614.2330,0.003353
clkload67,VSS,Metal1,102.3565,614.2330,0.003473
clkload68,VSS,Metal1,31.8680,605.4660,0.003219
clkload69,VSS,Metal1,10.8200,785.8060,0.003822
clkload70,VSS,Metal1,35.7880,1059.0660,0.003906
clkload71,VSS,Metal1,231.6900,1098.0150,0.003042
clkload72,VSS,Metal1,460.1700,1077.8550,0.002259
clkload73,VSS,Metal1,463.8600,554.8335,0.002369
clkload74,VSS,Metal1,498.8100,674.6550,0.002938
clkload75,VSS,Metal1,586.9330,644.6365,0.002979
clkload76,VSS,Metal1,645.5050,686.2885,0.003013
clkload77,VSS,Metal1,1027.0930,605.4465,0.003206
clkload78,VSS,Metal1,660.4200,615.3135,0.002955
clkload79,VSS,Metal1,639.4680,533.5740,0.001908
clkload80,VSS,Metal1,562.0900,464.3850,0.002379
clkload81,VSS,Metal1,471.3700,444.2250,0.003052
clkload82,VSS,Metal1,492.8530,343.3665,0.004569
clkload83,VSS,Metal1,507.1930,837.3625,0.000895
clkload84,VSS,Metal1,726.1530,1079.3410,0.002302
clkload85,VSS,Metal1,1019.6365,936.7930,0.001390
clkload86,VSS,Metal1,1047.0500,866.1750,0.002771
clkload87,VSS,Metal1,1006.7050,817.2390,0.002983
clkload88,VSS,Metal1,954.0730,654.4770,0.003336
clkload89,VSS,Metal1,851.8130,604.1530,0.003195
clkload90,VSS,Metal1,866.7565,684.7930,0.003259
clkload91,VSS,Metal1,784.9700,644.4690,0.003233
delaybuf_0_core_clk,VSS,Metal1,101.2770,271.3640,0.006935
delaybuf_1_core_clk,VSS,Metal1,188.0770,382.2440,0.004997
delaybuf_2_core_clk,VSS,Metal1,277.1170,494.7155,0.001450
delaybuf_3_core_clk,VSS,Metal1,362.7970,605.5955,0.003249
clone214,VSS,Metal1,826.4600,161.7650,0.006709
clone215,VSS,Metal1,623.3330,190.9855,0.005413
rebuffer216,VSS,Metal1,180.1835,301.5180,0.006363
rebuffer217,VSS,Metal1,344.8235,422.4780,0.003773
rebuffer218,VSS,Metal1,321.8635,383.9215,0.004750
rebuffer219,VSS,Metal1,273.7035,454.4815,0.002978
rebuffer220,VSS,Metal1,341.4635,382.1580,0.004747
rebuffer221,VSS,Metal1,674.1035,242.8015,0.006209
ANTENNA_1,VSS,Metal1,814.8000,231.8400,0.006569
ANTENNA_2,VSS,Metal1,898.2400,211.6800,0.006766
ANTENNA_3,VSS,Metal1,645.1200,1088.6400,0.002414
rebuffer222,VSS,Metal1,342.5835,392.2380,0.004522
rebuffer223,VSS,Metal1,334.1835,442.6380,0.003204
rebuffer235,VSS,Metal1,325.7835,394.0015,0.004523
ANTENNA_4,VSS,Metal1,1054.4800,272.1600,0.006652
ANTENNA_5,VSS,Metal1,511.8400,1098.7200,0.002086
ANTENNA_6,VSS,Metal1,511.8400,1058.4000,0.001095
ANTENNA_7,VSS,Metal1,104.7200,1098.7200,0.003439
ANTENNA_8,VSS,Metal1,638.9600,1078.5600,0.002154
ANTENNA_9,VSS,Metal1,875.8400,292.3200,0.006231
ANTENNA_10,VSS,Metal1,899.9200,302.4000,0.006037
ANTENNA_11,VSS,Metal1,35.2800,635.0400,0.003433
ANTENNA_12,VSS,Metal1,830.4800,645.1200,0.003326
ANTENNA_13,VSS,Metal1,838.8800,645.1200,0.003337
fanout238,VSS,Metal1,649.4400,414.0560,0.003761
fanout239,VSS,Metal1,377.9480,462.9340,0.002517
fanout240,VSS,Metal1,475.1200,261.4825,0.006183
fanout241,VSS,Metal1,571.1480,272.9060,0.006230
fanout242,VSS,Metal1,512.2400,462.9040,0.002399
fanout243,VSS,Metal1,651.0200,444.0750,0.002991
fanout1239,VSS,Metal1,1016.1400,211.1250,0.006880
fanout245,VSS,Metal1,337.9800,474.3150,0.002084
fanout246,VSS,Metal1,421.9800,262.6350,0.006364
fanout247,VSS,Metal1,323.9200,311.8825,0.006231
fanout248,VSS,Metal1,598.3800,221.2050,0.006113
fanout249,VSS,Metal1,383.3400,261.5250,0.006407
fanout250,VSS,Metal1,714.3000,323.1150,0.005397
fanout251,VSS,Metal1,339.6000,271.5625,0.006593
fanout252,VSS,Metal1,632.1400,281.8575,0.005937
fanout253,VSS,Metal1,435.9800,372.4050,0.004561
fanout254,VSS,Metal1,325.1000,302.9550,0.006133
fanout255,VSS,Metal1,676.7200,342.1225,0.004710
wire1236,VSS,Metal1,703.1000,1078.0050,0.002294
fanout257,VSS,Metal1,336.8230,383.5755,0.004747
fanout258,VSS,Metal1,431.5000,252.5550,0.006440
fanout259,VSS,Metal1,702.1400,302.0175,0.005736
fanout260,VSS,Metal1,533.4200,433.9950,0.003228
fanout261,VSS,Metal1,525.5200,383.6375,0.004385
fanout262,VSS,Metal1,372.1400,463.1250,0.002518
fanout263,VSS,Metal1,343.5800,302.9550,0.006082
fanout264,VSS,Metal1,402.3200,352.2025,0.005081
fanout265,VSS,Metal1,691.5000,372.5775,0.004437
fanout266,VSS,Metal1,337.9200,313.0775,0.006205
fanout267,VSS,Metal1,363.4330,342.1190,0.005062
fanout268,VSS,Metal1,686.8230,413.8155,0.003777
fanout269,VSS,Metal1,304.9030,212.2155,0.006573
rebuffer1203,VSS,Metal1,406.9450,503.1715,0.000984
fanout271,VSS,Metal1,747.8400,553.8025,0.002358
max_cap1217,VSS,Metal1,372.2400,452.8240,0.002897
fanout273,VSS,Metal1,661.6230,554.9355,0.002353
fanout274,VSS,Metal1,787.2630,534.7715,0.001904
fanout275,VSS,Metal1,336.8230,403.7355,0.004241
fanout276,VSS,Metal1,668.9030,574.0240,0.002665
fanout277,VSS,Metal1,779.4230,585.1715,0.002887
fanout278,VSS,Metal1,374.0280,373.7060,0.004665
fanout279,VSS,Metal1,267.1130,413.8805,0.004098
fanout280,VSS,Metal1,296.6400,321.7840,0.005805
fanout281,VSS,Metal1,348.7200,442.7440,0.003203
fanout282,VSS,Metal1,624.1030,251.4640,0.006293
fanout283,VSS,Metal1,88.7800,130.4850,0.007286
fanout284,VSS,Metal1,340.1830,120.4240,0.006624
fanout285,VSS,Metal1,335.9480,444.2660,0.003204
fanout286,VSS,Metal1,222.5600,352.2025,0.005352
fanout287,VSS,Metal1,220.0280,402.4540,0.004396
fanout288,VSS,Metal1,396.1600,362.2825,0.004619
fanout289,VSS,Metal1,532.8230,393.6555,0.004068
fanout290,VSS,Metal1,324.5030,332.1040,0.005392
wire1223,VSS,Metal1,364.4000,331.8640,0.005201
fanout292,VSS,Metal1,683.6600,513.6975,0.001380
rebuffer1200,VSS,Metal1,277.0250,393.9480,0.004604
fanout294,VSS,Metal1,449.9430,241.3840,0.006291
max_cap1220,VSS,Metal1,384.0000,434.2160,0.003517
fanout296,VSS,Metal1,327.3030,504.5355,0.000985
fanout297,VSS,Metal1,348.0230,503.4640,0.000989
fanout298,VSS,Metal1,285.3030,332.1040,0.005445
fanout299,VSS,Metal1,532.8230,242.4555,0.006124
fanout300,VSS,Metal1,304.3800,323.1150,0.005776
fanout301,VSS,Metal1,284.7800,382.4850,0.004827
fanout302,VSS,Metal1,310.5400,342.1650,0.005248
fanout303,VSS,Metal1,332.9030,534.7755,0.001849
fanout304,VSS,Metal1,62.4000,161.8775,0.007182
fanout305,VSS,Metal1,62.4230,192.0555,0.007117
fanout306,VSS,Metal1,638.1030,261.5440,0.006158
fanout307,VSS,Metal1,658.8230,363.4155,0.004394
fanout308,VSS,Metal1,587.1430,272.6955,0.006228
fanout309,VSS,Metal1,557.4630,393.6555,0.004076
fanout310,VSS,Metal1,279.1200,332.0425,0.005461
fanout311,VSS,Metal1,564.1830,232.3755,0.006232
fanout312,VSS,Metal1,697.4630,403.7355,0.004214
fanout313,VSS,Metal1,690.7430,352.2640,0.004531
fanout314,VSS,Metal1,787.6230,523.6240,0.001735
fanout315,VSS,Metal1,817.8630,533.7040,0.001927
fanout316,VSS,Metal1,686.2630,523.6240,0.001687
fanout317,VSS,Metal1,717.0630,513.5440,0.001396
fanout318,VSS,Metal1,783.7030,513.5440,0.001365
fanout319,VSS,Metal1,708.6630,352.2640,0.004599
fanout320,VSS,Metal1,716.5030,241.3840,0.006307
fanout321,VSS,Metal1,461.7030,413.8155,0.003903
fanout322,VSS,Metal1,424.1830,383.5755,0.004600
fanout323,VSS,Metal1,401.7830,403.7355,0.004175
fanout324,VSS,Metal1,390.5830,392.5840,0.004484
fanout325,VSS,Metal1,390.0230,343.2555,0.004979
fanout326,VSS,Metal1,318.3200,321.9625,0.005762
fanout327,VSS,Metal1,550.3830,373.4915,0.004320
fanout328,VSS,Metal1,657.1200,353.3975,0.004420
fanout329,VSS,Metal1,547.9800,382.4850,0.004371
rebuffer1192,VSS,Metal1,325.1850,222.5880,0.006554
fanout331,VSS,Metal1,670.0600,403.7550,0.004139
fanout332,VSS,Metal1,724.9030,412.7440,0.003832
wire1222,VSS,Metal1,688.6400,402.4240,0.004184
fanout334,VSS,Metal1,318.3200,311.8825,0.006247
fanout335,VSS,Metal1,323.9800,322.0050,0.005751
fanout336,VSS,Metal1,547.9430,252.5355,0.006323
fanout337,VSS,Metal1,713.3430,252.5315,0.006489
fanout338,VSS,Metal1,344.0800,313.0775,0.006181
fanout339,VSS,Metal1,653.7600,402.6025,0.004099
fanout340,VSS,Metal1,379.6280,442.7740,0.003198
fanout341,VSS,Metal1,661.8230,362.3485,0.004394
fanout342,VSS,Metal1,401.8200,605.3550,0.003196
fanout343,VSS,Metal1,289.2000,302.9975,0.006195
fanout344,VSS,Metal1,289.4200,343.1025,0.005329
fanout345,VSS,Metal1,293.3400,353.1825,0.005255
fanout346,VSS,Metal1,592.1830,222.2955,0.006114
fanout347,VSS,Metal1,304.3800,635.5950,0.003314
fanout348,VSS,Metal1,303.7830,624.4240,0.003325
wire1232,VSS,Metal1,677.9850,212.5080,0.006014
fanout350,VSS,Metal1,90.1530,212.2805,0.006985
fanout351,VSS,Metal1,83.1800,222.3150,0.007065
fanout352,VSS,Metal1,705.3400,241.3650,0.006259
fanout353,VSS,Metal1,713.9000,212.0625,0.006094
fanout354,VSS,Metal1,665.0200,231.2850,0.006391
fanout355,VSS,Metal1,533.9800,232.3950,0.006224
fanout356,VSS,Metal1,428.1030,251.4640,0.006445
fanout357,VSS,Metal1,454.4230,252.5355,0.006421
fanout358,VSS,Metal1,410.1830,212.2155,0.006061
fanout359,VSS,Metal1,322.2630,232.3755,0.006522
fanout360,VSS,Metal1,334.5830,241.3840,0.006544
fanout361,VSS,Metal1,300.4230,241.3840,0.006679
fanout362,VSS,Metal1,676.3800,422.9775,0.003553
fanout363,VSS,Metal1,538.9830,402.6640,0.004039
rebuffer1197,VSS,Metal1,345.3450,674.5315,0.003306
fanout365,VSS,Metal1,298.9400,373.3425,0.004738
fanout366,VSS,Metal1,297.6230,302.9355,0.006153
fanout367,VSS,Metal1,304.9030,281.7040,0.006501
fanout368,VSS,Metal1,309.9200,434.0375,0.003524
fanout369,VSS,Metal1,578.7800,212.2350,0.005840
fanout370,VSS,Metal1,580.0630,201.0685,0.005603
wire1237,VSS,Metal1,256.4280,684.7740,0.003489
fanout372,VSS,Metal1,84.2630,212.2155,0.006997
rebuffer1204,VSS,Metal1,311.1850,404.0280,0.004254
fanout374,VSS,Metal1,76.9830,222.2955,0.007075
load_slew375,VSS,Metal1,29.9800,232.3950,0.007042
rebuffer1199,VSS,Metal1,406.9450,442.6915,0.003153
load_slew377,VSS,Metal1,52.9400,241.3650,0.007030
load_slew378,VSS,Metal1,81.5000,251.4450,0.006925
fanout379,VSS,Metal1,554.6400,383.6375,0.004368
load_slew380,VSS,Metal1,373.8200,382.4850,0.004688
load_slew1221,VSS,Metal1,128.0800,81.4160,0.007031
wire382,VSS,Metal1,344.1400,403.7550,0.004233
load_slew383,VSS,Metal1,323.0200,412.9050,0.004093
fanout384,VSS,Metal1,298.7200,393.7175,0.004564
fanout385,VSS,Metal1,720.0600,413.6625,0.003829
fanout386,VSS,Metal1,641.6630,403.7315,0.004075
fanout387,VSS,Metal1,659.9430,403.7355,0.004118
fanout388,VSS,Metal1,284.7200,392.5225,0.004604
fanout389,VSS,Metal1,311.3080,323.3060,0.005772
fanout390,VSS,Metal1,526.6630,242.4555,0.006122
load_slew391,VSS,Metal1,667.8200,585.1950,0.003062
wire392,VSS,Metal1,487.5000,604.2450,0.003008
fanout393,VSS,Metal1,348.2230,342.1885,0.005125
fanout394,VSS,Metal1,277.1480,473.0140,0.002161
fanout395,VSS,Metal1,237.2650,504.8280,0.001096
max_cap1230,VSS,Metal1,489.3550,303.1500,0.005708
fanout397,VSS,Metal1,189.7430,614.3485,0.003349
load_slew398,VSS,Metal1,178.3800,605.3550,0.003247
fanout399,VSS,Metal1,161.2280,444.2660,0.003394
fanout400,VSS,Metal1,285.8630,402.6640,0.004330
load_slew401,VSS,Metal1,63.5800,413.8350,0.004315
fanout402,VSS,Metal1,237.9480,412.5340,0.004104
fanout403,VSS,Metal1,90.0630,323.0915,0.006211
fanout404,VSS,Metal1,125.7030,565.0155,0.002540
fanout405,VSS,Metal1,253.5830,635.5715,0.003327
fanout406,VSS,Metal1,195.6800,523.5625,0.001781
fanout407,VSS,Metal1,168.2630,524.6955,0.001774
fanout408,VSS,Metal1,323.9430,544.8555,0.002283
fanout409,VSS,Metal1,163.4680,504.7460,0.001143
fanout410,VSS,Metal1,141.9430,513.5440,0.001490
fanout411,VSS,Metal1,132.6230,311.9485,0.006431
fanout412,VSS,Metal1,156.1430,333.1715,0.005896
fanout413,VSS,Metal1,178.3800,272.7150,0.006831
fanout414,VSS,Metal1,877.4230,533.7085,0.001957
fanout415,VSS,Metal1,178.3800,333.1950,0.005872
fanout416,VSS,Metal1,108.9400,71.1150,0.006849
fanout417,VSS,Metal1,876.0800,40.9175,0.006097
fanout418,VSS,Metal1,914.3800,352.4175,0.005317
fanout419,VSS,Metal1,912.1430,333.1715,0.005560
fanout420,VSS,Metal1,894.0230,222.2955,0.006893
max_cap1216,VSS,Metal1,328.6350,452.8495,0.002925
fanout422,VSS,Metal1,1004.5430,916.7485,0.001798
fanout423,VSS,Metal1,125.7400,302.9550,0.006409
fanout424,VSS,Metal1,135.9830,111.4115,0.007113
fanout425,VSS,Metal1,152.5600,272.7575,0.006859
fanout426,VSS,Metal1,176.3030,332.1085,0.005872
fanout427,VSS,Metal1,174.4000,321.9625,0.006079
fanout428,VSS,Metal1,98.3000,291.7650,0.006551
fanout429,VSS,Metal1,91.7430,101.3315,0.006968
wire430,VSS,Metal1,94.8800,90.1225,0.007189
fanout431,VSS,Metal1,152.2230,271.6285,0.006859
load_slew432,VSS,Metal1,154.8000,252.5975,0.006891
max_cap1214,VSS,Metal1,266.9600,353.5760,0.005340
wire434,VSS,Metal1,605.1000,40.8750,0.005285
wire435,VSS,Metal1,220.9400,231.2850,0.006960
wire436,VSS,Metal1,313.3400,212.2350,0.006518
fanout437,VSS,Metal1,124.6200,313.0350,0.006442
fanout438,VSS,Metal1,932.8630,201.0685,0.006863
fanout439,VSS,Metal1,955.6600,313.0350,0.006109
fanout440,VSS,Metal1,960.7000,252.5550,0.006741
fanout441,VSS,Metal1,258.0630,100.2685,0.006788
fanout442,VSS,Metal1,255.0630,61.0155,0.006394
fanout443,VSS,Metal1,371.1830,121.4915,0.006569
fanout444,VSS,Metal1,538.0630,190.9885,0.005328
fanout445,VSS,Metal1,703.2630,20.6915,0.005333
fanout446,VSS,Metal1,143.2630,140.5885,0.007124
fanout447,VSS,Metal1,161.7430,181.9715,0.007003
fanout448,VSS,Metal1,797.7030,110.3440,0.006681
fanout449,VSS,Metal1,802.3830,91.2515,0.006607
fanout450,VSS,Metal1,516.7830,111.4115,0.006373
fanout451,VSS,Metal1,191.4230,222.2915,0.006913
fanout452,VSS,Metal1,214.3050,283.0680,0.006660
fanout453,VSS,Metal1,919.9830,242.4515,0.006800
fanout454,VSS,Metal1,976.5430,291.7885,0.006282
fanout455,VSS,Metal1,1030.1400,978.3150,0.000958
fanout456,VSS,Metal1,1056.9830,957.0640,0.000593
fanout457,VSS,Metal1,1003.4200,927.7425,0.001540
fanout458,VSS,Metal1,965.6800,654.6025,0.003366
fanout459,VSS,Metal1,956.3830,232.3715,0.006847
fanout460,VSS,Metal1,983.6230,523.6240,0.001799
fanout461,VSS,Metal1,969.8230,705.0685,0.002988
fanout462,VSS,Metal1,900.3830,201.0685,0.006773
fanout463,VSS,Metal1,985.5030,403.7315,0.004510
fanout464,VSS,Metal1,915.8630,563.9440,0.002593
fanout465,VSS,Metal1,918.1030,554.9355,0.002388
fanout466,VSS,Metal1,485.2600,291.7650,0.005888
fanout467,VSS,Metal1,933.4230,120.4285,0.006948
load_slew468,VSS,Metal1,943.8400,121.5575,0.006956
fanout469,VSS,Metal1,894.2230,160.7485,0.006849
load_slew470,VSS,Metal1,929.3400,160.7250,0.006891
fanout471,VSS,Metal1,900.3830,170.8285,0.006683
load_slew472,VSS,Metal1,925.9800,161.8350,0.006877
max_cap1212,VSS,Metal1,400.8000,434.2160,0.003516
wire474,VSS,Metal1,561.9800,261.5250,0.006202
fanout475,VSS,Metal1,271.8630,49.8640,0.006430
fanout476,VSS,Metal1,253.5830,101.3315,0.006789
fanout477,VSS,Metal1,273.1830,100.2685,0.006771
fanout478,VSS,Metal1,505.0230,282.7715,0.005979
fanout479,VSS,Metal1,973.1050,241.0915,0.006815
fanout480,VSS,Metal1,1009.9800,272.7150,0.006647
fanout481,VSS,Metal1,475.3400,170.9775,0.005730
fanout482,VSS,Metal1,760.3830,20.6915,0.005534
fanout483,VSS,Metal1,1034.2230,80.1085,0.006998
fanout484,VSS,Metal1,1010.1430,221.2285,0.006988
fanout485,VSS,Metal1,1081.6230,221.2240,0.006992
fanout486,VSS,Metal1,1057.1830,412.7485,0.004152
fanout487,VSS,Metal1,583.4230,131.5715,0.006417
fanout488,VSS,Metal1,596.3030,323.0915,0.005133
fanout489,VSS,Metal1,934.3200,49.8025,0.006641
fanout490,VSS,Metal1,841.9430,59.9440,0.006569
fanout491,VSS,Metal1,722.3030,20.6915,0.005380
fanout492,VSS,Metal1,267.0230,634.5085,0.003322
fanout493,VSS,Metal1,357.7400,100.4175,0.006629
fanout494,VSS,Metal1,436.1400,90.3375,0.006424
fanout495,VSS,Metal1,566.9830,59.9440,0.005475
fanout496,VSS,Metal1,564.9430,71.0915,0.005866
fanout497,VSS,Metal1,961.9200,424.1360,0.003732
fanout498,VSS,Metal1,1047.6630,513.5485,0.001448
fanout499,VSS,Metal1,983.2630,504.5315,0.001062
fanout500,VSS,Metal1,975.4230,605.3315,0.003156
fanout501,VSS,Metal1,968.1430,563.9485,0.002661
fanout502,VSS,Metal1,292.7830,71.0915,0.006375
fanout503,VSS,Metal1,303.4230,120.4285,0.006795
fanout504,VSS,Metal1,328.6230,272.6915,0.006585
wire1235,VSS,Metal1,629.7400,211.1250,0.005855
fanout506,VSS,Metal1,622.6230,383.5715,0.004293
fanout507,VSS,Metal1,878.9030,544.8555,0.002260
fanout508,VSS,Metal1,856.1400,544.7025,0.002255
fanout509,VSS,Metal1,873.3030,553.8640,0.002377
fanout510,VSS,Metal1,932.3030,412.7485,0.004048
fanout511,VSS,Metal1,606.3830,372.4285,0.004270
fanout512,VSS,Metal1,175.1830,594.1885,0.003095
fanout513,VSS,Metal1,277.6630,605.3315,0.003340
fanout514,VSS,Metal1,543.5000,120.4050,0.006411
fanout515,VSS,Metal1,525.5430,342.1840,0.004572
fanout516,VSS,Metal1,745.2630,111.4115,0.006616
fanout517,VSS,Metal1,656.2230,120.4285,0.006449
fanout518,VSS,Metal1,903.0200,533.6850,0.001956
fanout519,VSS,Metal1,939.5830,674.8285,0.003358
fanout520,VSS,Metal1,984.9430,817.0115,0.003019
fanout521,VSS,Metal1,1045.4230,837.1715,0.002843
fanout522,VSS,Metal1,567.1830,311.9485,0.005497
fanout523,VSS,Metal1,569.2000,373.5575,0.004299
fanout524,VSS,Metal1,533.9200,353.3975,0.004348
fanout525,VSS,Metal1,409.8230,373.4915,0.004617
load_slew526,VSS,Metal1,1030.1400,1018.6350,0.001342
fanout527,VSS,Metal1,746.1830,352.2640,0.004696
fanout528,VSS,Metal1,868.4630,333.1715,0.005437
fanout529,VSS,Metal1,309.5830,615.4115,0.003212
fanout530,VSS,Metal1,660.1430,594.1885,0.002901
fanout531,VSS,Metal1,509.3030,544.8555,0.002222
fanout532,VSS,Metal1,583.4230,565.0115,0.002679
fanout533,VSS,Metal1,508.9430,504.5315,0.000932
fanout534,VSS,Metal1,641.1030,645.6515,0.002937
fanout535,VSS,Metal1,634.9430,615.4115,0.002947
fanout536,VSS,Metal1,630.4630,242.4515,0.006110
fanout537,VSS,Metal1,801.8230,232.3715,0.006568
fanout538,VSS,Metal1,603.0230,674.8285,0.002957
load_slew539,VSS,Metal1,611.2600,655.7550,0.002956
wire540,VSS,Metal1,513.4200,564.1050,0.002641
fanout541,VSS,Metal1,488.6200,121.5150,0.006381
fanout542,VSS,Metal1,834.3030,141.6515,0.006905
fanout543,VSS,Metal1,402.3800,261.5250,0.006388
fanout544,VSS,Metal1,571.6630,180.9085,0.005765
fanout545,VSS,Metal1,235.4630,584.1040,0.002934
fanout546,VSS,Metal1,235.6630,585.1715,0.002934
fanout547,VSS,Metal1,333.1030,584.1085,0.002926
fanout548,VSS,Metal1,508.2200,161.8350,0.006066
fanout549,VSS,Metal1,853.9030,311.9485,0.006083
fanout550,VSS,Metal1,618.1430,513.5485,0.001287
load_slew551,VSS,Metal1,645.9800,503.4450,0.000931
fanout552,VSS,Metal1,625.4230,473.2285,0.001960
load_slew553,VSS,Metal1,620.7200,464.2775,0.002323
fanout554,VSS,Metal1,469.1830,523.6285,0.001587
load_slew555,VSS,Metal1,523.3400,524.7150,0.001634
load_slew556,VSS,Metal1,494.7200,544.9175,0.002222
fanout557,VSS,Metal1,481.3030,543.7840,0.002229
load_slew558,VSS,Metal1,488.6200,543.7650,0.002221
fanout559,VSS,Metal1,397.8630,645.6555,0.003138
load_slew560,VSS,Metal1,421.9800,635.5950,0.003276
fanout561,VSS,Metal1,391.7030,696.0555,0.003428
load_slew562,VSS,Metal1,424.7800,694.9650,0.003383
fanout563,VSS,Metal1,368.9430,694.9885,0.003451
wire564,VSS,Metal1,385.5800,705.0450,0.002735
fanout565,VSS,Metal1,371.1800,705.2175,0.002795
wire566,VSS,Metal1,508.7800,654.6450,0.002953
fanout567,VSS,Metal1,395.8230,705.0685,0.002718
fanout568,VSS,Metal1,356.6230,192.0515,0.006045
fanout569,VSS,Metal1,484.8630,232.3715,0.006127
fanout570,VSS,Metal1,354.3830,302.9315,0.006079
fanout571,VSS,Metal1,500.5430,352.2685,0.004343
fanout572,VSS,Metal1,18.3830,948.0515,0.003852
fanout573,VSS,Metal1,15.0230,968.2115,0.003812
fanout574,VSS,Metal1,265.3430,251.4685,0.006722
fanout575,VSS,Metal1,213.8230,574.0285,0.002752
fanout576,VSS,Metal1,645.5830,605.3315,0.003027
load_slew577,VSS,Metal1,153.6800,281.6425,0.006683
fanout578,VSS,Metal1,446.6200,301.8450,0.005832
fanout579,VSS,Metal1,761.3030,372.4240,0.004645
fanout580,VSS,Metal1,656.2230,291.7885,0.005900
fanout581,VSS,Metal1,769.3400,333.0225,0.005315
fanout582,VSS,Metal1,783.7400,432.8850,0.003298
fanout583,VSS,Metal1,698.0600,432.8850,0.003283
fanout584,VSS,Metal1,739.6630,412.7485,0.003837
fanout585,VSS,Metal1,596.3030,645.6515,0.002974
fanout586,VSS,Metal1,642.2230,654.6685,0.002857
fanout587,VSS,Metal1,759.8230,442.9885,0.003075
fanout588,VSS,Metal1,756.4630,433.9715,0.003304
fanout589,VSS,Metal1,421.0230,382.5085,0.004600
fanout590,VSS,Metal1,681.4230,201.0685,0.005817
fanout591,VSS,Metal1,786.7030,343.2515,0.005056
fanout592,VSS,Metal1,802.3830,313.0115,0.005796
fanout593,VSS,Metal1,398.4230,383.5755,0.004665
fanout594,VSS,Metal1,409.1000,382.4850,0.004646
fanout595,VSS,Metal1,715.9430,464.2155,0.002397
fanout596,VSS,Metal1,670.7830,494.4515,0.001137
wire1208,VSS,Metal1,450.0800,272.9360,0.006225
fanout598,VSS,Metal1,250.6200,242.4750,0.006836
fanout599,VSS,Metal1,251.7400,291.7650,0.006381
fanout600,VSS,Metal1,377.3400,292.7025,0.006151
fanout601,VSS,Metal1,245.5800,311.9250,0.006413
fanout602,VSS,Metal1,587.9000,252.3825,0.006301
fanout603,VSS,Metal1,578.3800,252.3825,0.006310
rebuffer1201,VSS,Metal1,406.9450,432.6115,0.003515
fanout605,VSS,Metal1,272.6200,353.1825,0.005326
fanout606,VSS,Metal1,258.4230,342.1840,0.005450
fanout607,VSS,Metal1,145.5030,674.8285,0.003671
fanout608,VSS,Metal1,16.1430,836.1085,0.003833
fanout609,VSS,Metal1,677.8630,313.0155,0.005609
fanout610,VSS,Metal1,410.9430,241.3885,0.006398
fanout611,VSS,Metal1,791.1800,443.9025,0.003049
fanout612,VSS,Metal1,717.2630,403.7315,0.004247
fanout613,VSS,Metal1,721.1830,433.9715,0.003310
fanout614,VSS,Metal1,242.3830,262.6115,0.006614
wire1213,VSS,Metal1,384.0000,383.8160,0.004674
fanout616,VSS,Metal1,54.2230,402.6685,0.004495
fanout617,VSS,Metal1,119.1830,403.7315,0.004481
fanout618,VSS,Metal1,636.0630,433.9715,0.003219
fanout619,VSS,Metal1,652.8630,483.3085,0.001490
fanout620,VSS,Metal1,716.1430,504.5315,0.000965
fanout621,VSS,Metal1,725.1030,563.9485,0.002654
fanout622,VSS,Metal1,233.9830,311.9485,0.006413
fanout623,VSS,Metal1,246.3030,252.5315,0.006757
fanout624,VSS,Metal1,161.1830,383.5715,0.005003
fanout625,VSS,Metal1,232.6630,302.9355,0.006260
fanout626,VSS,Metal1,224.8600,473.2050,0.002171
wire1227,VSS,Metal1,599.6000,39.5440,0.005278
fanout628,VSS,Metal1,939.0230,262.6115,0.006762
fanout629,VSS,Metal1,891.4230,80.1085,0.006861
fanout630,VSS,Metal1,135.9830,202.1315,0.006917
fanout631,VSS,Metal1,245.7430,181.9715,0.006816
fanout632,VSS,Metal1,135.9830,242.4515,0.007021
fanout633,VSS,Metal1,671.3430,282.7715,0.006036
fanout634,VSS,Metal1,631.9800,423.9150,0.003563
rebuffer1191,VSS,Metal1,348.1450,524.9880,0.001662
fanout636,VSS,Metal1,279.1800,322.0050,0.005897
fanout637,VSS,Metal1,243.3400,363.4350,0.005189
fanout638,VSS,Metal1,456.6630,392.5840,0.004100
fanout639,VSS,Metal1,498.3030,392.5885,0.004050
fanout640,VSS,Metal1,247.7830,403.7355,0.004339
fanout641,VSS,Metal1,196.4630,413.8115,0.004178
fanout642,VSS,Metal1,492.1430,221.2285,0.006060
fanout643,VSS,Metal1,684.7830,383.5715,0.004526
fanout644,VSS,Metal1,259.5800,282.7950,0.006596
fanout645,VSS,Metal1,273.1800,383.4225,0.004958
fanout646,VSS,Metal1,610.1030,231.3040,0.006229
fanout647,VSS,Metal1,214.3830,353.3315,0.005357
fanout648,VSS,Metal1,358.7000,413.8350,0.004091
fanout649,VSS,Metal1,1036.2630,1038.7755,0.001424
fanout650,VSS,Metal1,97.9030,392.5885,0.004816
fanout651,VSS,Metal1,743.9430,524.6955,0.001763
fanout652,VSS,Metal1,722.3030,554.9315,0.002362
fanout653,VSS,Metal1,461.3430,553.8685,0.002369
fanout654,VSS,Metal1,720.6230,463.1485,0.002397
fanout655,VSS,Metal1,377.1800,504.5550,0.000988
fanout656,VSS,Metal1,767.6630,604.2685,0.003068
fanout657,VSS,Metal1,728.8230,534.7755,0.001921
fanout658,VSS,Metal1,622.6230,533.7085,0.001900
fanout659,VSS,Metal1,564.9430,605.3315,0.003049
fanout660,VSS,Metal1,639.9830,575.0915,0.002650
fanout661,VSS,Metal1,387.4230,292.8515,0.006150
fanout662,VSS,Metal1,743.9430,464.2155,0.002396
fanout663,VSS,Metal1,650.4230,464.2155,0.002322
fanout664,VSS,Metal1,325.8230,403.7315,0.004242
fanout665,VSS,Metal1,688.7030,422.8285,0.003563
fanout666,VSS,Metal1,818.6230,474.2915,0.002039
fanout667,VSS,Metal1,968.5030,1098.1840,0.001524
fanout668,VSS,Metal1,987.7430,1089.1715,0.001822
load_slew669,VSS,Metal1,993.1200,1088.0425,0.001822
fanout670,VSS,Metal1,1029.7430,1089.1715,0.001827
fanout671,VSS,Metal1,378.8600,352.2450,0.005127
max_cap1234,VSS,Metal1,501.7080,161.9460,0.006060
fanout673,VSS,Metal1,183.0230,442.9885,0.003328
load_slew674,VSS,Metal1,251.7400,333.1950,0.005506
load_slew675,VSS,Metal1,227.0400,353.3975,0.005345
fanout676,VSS,Metal1,426.6230,474.2915,0.002065
load_slew677,VSS,Metal1,446.0600,412.7250,0.003908
fanout678,VSS,Metal1,747.8630,353.3355,0.004696
load_slew679,VSS,Metal1,780.9400,332.0850,0.005327
fanout680,VSS,Metal1,755.7030,453.0640,0.002702
load_slew681,VSS,Metal1,761.5480,444.1860,0.003075
fanout682,VSS,Metal1,802.1830,473.2240,0.002024
load_slew683,VSS,Metal1,822.9400,473.2050,0.002039
fanout684,VSS,Metal1,774.9430,463.1485,0.002392
fanout685,VSS,Metal1,155.5830,403.7315,0.004445
wire686,VSS,Metal1,298.2200,423.9150,0.003862
fanout687,VSS,Metal1,58.5030,444.0555,0.003425
fanout688,VSS,Metal1,284.3830,1089.1715,0.003278
wire689,VSS,Metal1,37.8200,1069.0350,0.003871
fanout690,VSS,Metal1,291.1030,696.0515,0.003532
wire691,VSS,Metal1,224.3000,705.0450,0.003177
load_slew692,VSS,Metal1,649.5480,221.0140,0.006168
wire693,VSS,Metal1,393.3600,231.2425,0.006302
fanout694,VSS,Metal1,519.9200,100.2025,0.006351
fanout695,VSS,Metal1,369.3030,292.8555,0.006158
fanout696,VSS,Metal1,587.7030,271.6240,0.006228
fanout697,VSS,Metal1,633.2630,192.0515,0.005417
fanout698,VSS,Metal1,312.9430,292.8515,0.006246
fanout699,VSS,Metal1,626.9030,302.9355,0.005671
fanout700,VSS,Metal1,787.6600,423.9150,0.003624
fanout701,VSS,Metal1,744.5030,373.4955,0.004608
fanout702,VSS,Metal1,223.7400,241.3650,0.006872
fanout703,VSS,Metal1,231.5800,322.0050,0.005978
fanout704,VSS,Metal1,379.9430,241.3840,0.006480
fanout705,VSS,Metal1,365.9430,302.9355,0.006009
fanout706,VSS,Metal1,563.8230,252.5315,0.006318
fanout707,VSS,Metal1,680.3030,252.5315,0.006479
fanout708,VSS,Metal1,679.7430,323.0915,0.005291
rebuffer1193,VSS,Metal1,651.6650,261.2515,0.006173
fanout710,VSS,Metal1,376.0230,242.4555,0.006483
fanout711,VSS,Metal1,680.7000,332.0850,0.005023
fanout712,VSS,Metal1,408.1430,332.1085,0.005124
fanout713,VSS,Metal1,721.5430,313.0155,0.005737
fanout714,VSS,Metal1,774.7800,433.9950,0.003300
wire1209,VSS,Metal1,326.8800,313.2560,0.006229
fanout716,VSS,Metal1,900.3830,352.2685,0.005317
fanout717,VSS,Metal1,904.8630,393.6515,0.004727
rebuffer1205,VSS,Metal1,280.9450,404.0280,0.004330
fanout719,VSS,Metal1,547.5830,503.4685,0.000932
fanout720,VSS,Metal1,740.2230,403.7315,0.004258
fanout721,VSS,Metal1,368.9430,554.9315,0.002396
fanout722,VSS,Metal1,259.7400,312.0975,0.006360
fanout723,VSS,Metal1,619.2630,211.1485,0.005853
fanout724,VSS,Metal1,143.6600,342.1650,0.005653
rebuffer1190,VSS,Metal1,116.8650,432.6115,0.003709
fanout726,VSS,Metal1,116.3830,140.5885,0.007152
fanout727,VSS,Metal1,121.9830,151.7315,0.007234
fanout728,VSS,Metal1,120.8630,272.6915,0.006934
fanout729,VSS,Metal1,748.0630,544.8515,0.002180
fanout730,VSS,Metal1,779.4230,524.6915,0.001737
fanout731,VSS,Metal1,957.3030,1088.1040,0.001818
fanout732,VSS,Metal1,1026.9430,1098.1885,0.001525
fanout733,VSS,Metal1,944.4230,1088.1040,0.001824
fanout734,VSS,Metal1,207.4400,382.4425,0.004996
fanout735,VSS,Metal1,500.9030,464.2155,0.002414
fanout736,VSS,Metal1,231.1830,252.5315,0.006762
fanout737,VSS,Metal1,701.0230,464.2115,0.002385
load_slew738,VSS,Metal1,751.8200,464.2350,0.002395
fanout739,VSS,Metal1,267.5830,332.1085,0.005488
load_slew740,VSS,Metal1,396.7800,412.7250,0.004051
load_slew741,VSS,Metal1,279.1800,382.4850,0.004827
wire742,VSS,Metal1,226.5400,393.6750,0.004679
fanout743,VSS,Metal1,346.5430,483.3085,0.001661
fanout744,VSS,Metal1,759.8230,463.1485,0.002394
load_slew745,VSS,Metal1,782.0600,373.5150,0.004659
fanout746,VSS,Metal1,665.7430,444.0515,0.003027
fanout747,VSS,Metal1,214.3830,484.3715,0.001713
load_slew748,VSS,Metal1,411.9000,473.2050,0.002074
load_slew749,VSS,Metal1,296.4800,444.1175,0.003233
fanout750,VSS,Metal1,606.3830,604.2685,0.003037
fanout751,VSS,Metal1,349.3430,494.4515,0.001349
load_slew752,VSS,Metal1,351.4200,534.7950,0.001866
fanout753,VSS,Metal1,389.6630,534.7715,0.001875
fanout754,VSS,Metal1,373.9830,503.4685,0.000988
load_slew755,VSS,Metal1,371.0200,523.6050,0.001660
fanout756,VSS,Metal1,362.7830,524.6915,0.001661
wire757,VSS,Metal1,443.8200,523.6050,0.001591
fanout758,VSS,Metal1,253.5830,585.1715,0.002935
fanout759,VSS,Metal1,315.7430,484.3715,0.001664
fanout760,VSS,Metal1,422.7030,392.5885,0.004368
load_slew761,VSS,Metal1,416.3800,473.2050,0.002070
fanout762,VSS,Metal1,592.9430,423.8915,0.003574
wire763,VSS,Metal1,526.6400,423.9575,0.003663
fanout764,VSS,Metal1,513.4230,635.5715,0.003177
fanout765,VSS,Metal1,641.6630,696.0515,0.003277
fanout766,VSS,Metal1,514.5430,625.4915,0.003143
fanout767,VSS,Metal1,1013.8630,212.2155,0.006880
fanout768,VSS,Metal1,135.9830,635.5715,0.003423
load_slew769,VSS,Metal1,69.1200,605.3975,0.003243
fanout770,VSS,Metal1,135.4230,655.7315,0.003419
load_slew771,VSS,Metal1,135.8200,644.5650,0.003440
fanout772,VSS,Metal1,180.6200,232.3950,0.007035
max_cap1215,VSS,Metal1,218.9080,362.2140,0.005239
fanout774,VSS,Metal1,212.7930,383.6405,0.004986
fanout775,VSS,Metal1,456.3030,382.5085,0.004553
fanout776,VSS,Metal1,818.6230,323.0915,0.005590
fanout777,VSS,Metal1,728.8230,442.9840,0.003072
fanout778,VSS,Metal1,815.6230,453.0640,0.002736
fanout779,VSS,Metal1,762.0600,382.6575,0.004700
fanout780,VSS,Metal1,706.0630,433.9715,0.003284
rebuffer1198,VSS,Metal1,284.8650,704.7715,0.003086
fanout782,VSS,Metal1,773.2630,372.4285,0.004652
fanout783,VSS,Metal1,832.6230,433.9715,0.003310
wire1240,VSS,Metal1,387.4680,645.7860,0.003181
fanout785,VSS,Metal1,364.5080,644.3740,0.003204
fanout786,VSS,Metal1,441.7430,665.8115,0.003259
fanout787,VSS,Metal1,315.7430,343.2515,0.005247
fanout788,VSS,Metal1,805.5430,343.2555,0.005078
fanout789,VSS,Metal1,787.2630,353.3315,0.004836
fanout790,VSS,Metal1,802.3830,353.3315,0.004852
fanout791,VSS,Metal1,365.5830,333.1715,0.005201
fanout792,VSS,Metal1,511.7430,957.0685,0.000154
fanout793,VSS,Metal1,263.1030,705.0685,0.003126
fanout794,VSS,Metal1,295.9800,513.5250,0.001453
fanout795,VSS,Metal1,274.3030,252.5315,0.006720
fanout796,VSS,Metal1,429.7830,332.1040,0.005085
fanout797,VSS,Metal1,375.1480,493.1740,0.001346
wire1224,VSS,Metal1,766.3200,141.7175,0.006801
fanout799,VSS,Metal1,776.0630,271.6285,0.006282
fanout800,VSS,Metal1,740.2230,323.0915,0.005445
fanout801,VSS,Metal1,754.2230,484.3715,0.001535
fanout802,VSS,Metal1,746.3830,494.4515,0.001170
fanout803,VSS,Metal1,250.0230,302.9355,0.006219
fanout804,VSS,Metal1,407.3830,252.5355,0.006523
wire1231,VSS,Metal1,517.6800,817.0775,0.000906
fanout806,VSS,Metal1,396.2200,332.0850,0.005127
clone1196,VSS,Metal1,1011.6825,443.9235,0.003205
fanout808,VSS,Metal1,674.5030,454.1355,0.002660
fanout809,VSS,Metal1,681.8200,444.0750,0.003031
load_slew1225,VSS,Metal1,120.2400,283.0160,0.006720
fanout811,VSS,Metal1,376.3130,333.2405,0.005194
fanout812,VSS,Metal1,242.7800,302.9550,0.006247
fanout813,VSS,Metal1,600.5830,241.3840,0.006120
wire1226,VSS,Metal1,266.4000,434.2160,0.003531
fanout815,VSS,Metal1,551.3400,292.8750,0.005890
fanout816,VSS,Metal1,919.9830,494.4515,0.001173
max_cap1207,VSS,Metal1,658.4000,454.3760,0.002643
fanout818,VSS,Metal1,924.4630,463.1485,0.002423
fanout819,VSS,Metal1,936.2230,403.7315,0.004421
fanout820,VSS,Metal1,532.4630,251.4685,0.006328
fanout821,VSS,Metal1,679.7430,262.6115,0.006191
fanout822,VSS,Metal1,799.0230,322.0285,0.005534
fanout823,VSS,Metal1,488.7830,222.2915,0.006060
fanout824,VSS,Metal1,470.1400,180.8850,0.005704
fanout825,VSS,Metal1,814.1430,140.5885,0.006864
fanout826,VSS,Metal1,161.7430,151.7315,0.007191
fanout827,VSS,Metal1,148.3030,120.4285,0.007157
fanout828,VSS,Metal1,207.6630,161.8115,0.007071
fanout829,VSS,Metal1,1079.9800,392.5650,0.004812
fanout830,VSS,Metal1,1017.9830,120.4285,0.007028
load_slew831,VSS,Metal1,1067.6000,111.4775,0.007078
load_slew832,VSS,Metal1,1077.7400,171.9150,0.006978
fanout833,VSS,Metal1,1057.1830,180.9085,0.007019
load_slew834,VSS,Metal1,1081.0400,242.5175,0.006889
fanout835,VSS,Metal1,1054.9430,242.4515,0.006888
load_slew836,VSS,Metal1,1050.8600,444.0750,0.003221
fanout837,VSS,Metal1,1059.4230,272.6915,0.006652
wire838,VSS,Metal1,1041.9000,554.9550,0.002494
fanout839,VSS,Metal1,1026.9430,242.4515,0.006881
load_slew840,VSS,Metal1,1027.9000,393.6750,0.004810
fanout841,VSS,Metal1,1052.1430,241.3885,0.006888
wire842,VSS,Metal1,1050.8600,565.0350,0.002710
load_slew843,VSS,Metal1,350.3000,311.9250,0.006156
load_slew844,VSS,Metal1,252.8600,422.8050,0.003952
fanout845,VSS,Metal1,543.6630,624.4285,0.003147
fanout846,VSS,Metal1,567.1830,655.7315,0.003004
load_slew847,VSS,Metal1,548.5400,605.3550,0.003051
fanout848,VSS,Metal1,619.8230,574.0285,0.002673
load_slew849,VSS,Metal1,592.7800,563.9250,0.002674
fanout850,VSS,Metal1,603.0230,635.5715,0.003173
load_slew851,VSS,Metal1,592.7200,644.5225,0.002975
fanout852,VSS,Metal1,551.5030,645.6515,0.002984
fanout853,VSS,Metal1,603.0230,644.5885,0.002973
load_slew854,VSS,Metal1,585.4400,625.5575,0.003147
fanout855,VSS,Metal1,532.4630,594.1885,0.002943
fanout856,VSS,Metal1,583.4230,605.3315,0.003048
wire857,VSS,Metal1,605.1000,634.4850,0.003173
fanout858,VSS,Metal1,512.3030,615.4115,0.003005
fanout859,VSS,Metal1,265.3430,543.7885,0.002390
fanout860,VSS,Metal1,437.8230,504.5315,0.000968
fanout861,VSS,Metal1,265.3430,523.6285,0.001724
load_slew862,VSS,Metal1,296.4800,533.6425,0.001859
fanout863,VSS,Metal1,681.4230,584.1085,0.003076
load_slew864,VSS,Metal1,683.5000,575.1150,0.002678
fanout865,VSS,Metal1,273.1830,533.7085,0.001861
load_slew866,VSS,Metal1,438.1600,524.7575,0.001599
fanout867,VSS,Metal1,243.5030,705.0685,0.003158
fanout868,VSS,Metal1,1043.1830,90.1885,0.006888
load_slew869,VSS,Metal1,1052.5400,91.2750,0.006890
fanout870,VSS,Metal1,1029.7430,222.2915,0.006990
load_slew871,VSS,Metal1,1037.3600,231.2425,0.006902
fanout872,VSS,Metal1,544.2230,474.2915,0.002008
load_slew873,VSS,Metal1,552.4000,484.4375,0.001493
fanout874,VSS,Metal1,544.2230,493.3885,0.001112
load_slew875,VSS,Metal1,546.3000,504.5550,0.000932
fanout876,VSS,Metal1,578.9430,503.4685,0.000931
load_slew877,VSS,Metal1,565.3400,493.3650,0.001112
fanout878,VSS,Metal1,543.1030,483.3085,0.001493
wire879,VSS,Metal1,558.0600,514.6350,0.001332
fanout880,VSS,Metal1,531.3430,463.1485,0.002393
load_slew881,VSS,Metal1,533.9200,494.5175,0.001112
fanout882,VSS,Metal1,516.7830,484.3715,0.001495
load_slew883,VSS,Metal1,578.7800,504.5550,0.000931
fanout884,VSS,Metal1,488.7830,474.2915,0.001963
load_slew885,VSS,Metal1,531.9480,474.4260,0.002003
fanout886,VSS,Metal1,500.5430,574.0285,0.002671
fanout887,VSS,Metal1,473.6630,464.2115,0.002424
load_slew888,VSS,Metal1,540.1400,484.3950,0.001493
fanout889,VSS,Metal1,527.9830,554.9315,0.002392
fanout890,VSS,Metal1,503.3430,513.5485,0.001355
load_slew891,VSS,Metal1,533.3600,514.6775,0.001346
fanout892,VSS,Metal1,552.0630,534.7715,0.001859
fanout893,VSS,Metal1,544.2230,494.4515,0.001112
wire894,VSS,Metal1,547.9200,514.6775,0.001341
fanout895,VSS,Metal1,584.5430,534.7715,0.001879
fanout896,VSS,Metal1,485.4230,684.9085,0.003002
load_slew897,VSS,Metal1,492.5400,696.0750,0.003295
wire898,VSS,Metal1,470.8600,695.1450,0.003292
fanout899,VSS,Metal1,266.4630,201.0685,0.006610
load_slew900,VSS,Metal1,251.7400,190.9650,0.006810
wire901,VSS,Metal1,389.1000,130.6575,0.006677
wire902,VSS,Metal1,253.0200,251.6250,0.006753
fanout903,VSS,Metal1,123.6630,343.2515,0.005654
fanout904,VSS,Metal1,232.0800,412.6825,0.004107
fanout905,VSS,Metal1,358.8630,262.6115,0.006441
fanout906,VSS,Metal1,285.8630,432.9040,0.003531
wire1238,VSS,Metal1,433.9480,533.5740,0.001876
fanout908,VSS,Metal1,841.0230,432.9085,0.003311
fanout909,VSS,Metal1,755.9030,454.1315,0.002702
fanout910,VSS,Metal1,802.3830,171.8915,0.006510
fanout911,VSS,Metal1,681.4230,271.6285,0.006171
fanout912,VSS,Metal1,480.9430,181.9715,0.005648
fanout913,VSS,Metal1,34.0630,1098.1885,0.003642
fanout914,VSS,Metal1,16.7030,886.5085,0.003937
fanout915,VSS,Metal1,31.8230,886.5085,0.003937
fanout916,VSS,Metal1,407.0230,444.0515,0.003153
fanout917,VSS,Metal1,645.5830,171.8915,0.005858
fanout918,VSS,Metal1,806.3030,231.3085,0.006568
fanout919,VSS,Metal1,190.3030,170.8285,0.007000
fanout920,VSS,Metal1,186.3800,352.4175,0.005363
fanout921,VSS,Metal1,190.6630,343.2555,0.005599
fanout922,VSS,Metal1,806.1030,311.9440,0.005796
fanout923,VSS,Metal1,685.7030,282.7755,0.006046
fanout924,VSS,Metal1,798.4630,433.9715,0.003293
fanout925,VSS,Metal1,686.8230,454.1355,0.002671
fanout926,VSS,Metal1,505.5830,432.9085,0.003227
fanout927,VSS,Metal1,763.1830,323.0915,0.005498
fanout928,VSS,Metal1,807.9830,442.9885,0.003042
fanout929,VSS,Metal1,604.5030,412.7440,0.003797
fanout930,VSS,Metal1,677.5030,151.7315,0.006239
fanout931,VSS,Metal1,146.4600,211.1250,0.006921
fanout932,VSS,Metal1,1042.0630,180.9085,0.007017
load_slew933,VSS,Metal1,1076.8280,222.4260,0.006992
load_slew934,VSS,Metal1,1022.8600,231.2850,0.006886
fanout935,VSS,Metal1,1049.1800,383.5950,0.005059
load_slew936,VSS,Metal1,947.8200,202.1550,0.006886
load_slew937,VSS,Metal1,984.7800,241.3650,0.006829
fanout938,VSS,Metal1,380.1430,49.8685,0.005879
load_slew939,VSS,Metal1,405.1200,59.8825,0.005897
fanout940,VSS,Metal1,591.2630,101.3315,0.006221
load_slew941,VSS,Metal1,623.5800,101.3550,0.006198
fanout942,VSS,Metal1,390.7830,70.0285,0.006169
load_slew943,VSS,Metal1,527.8200,101.3550,0.006349
wire944,VSS,Metal1,421.9200,71.1575,0.006118
fanout945,VSS,Metal1,361.1030,61.0115,0.006085
load_slew946,VSS,Metal1,398.6680,61.1460,0.005903
fanout947,VSS,Metal1,572.7830,80.1085,0.005912
load_slew948,VSS,Metal1,661.1000,71.1150,0.005995
fanout949,VSS,Metal1,379.0230,90.1885,0.006517
load_slew950,VSS,Metal1,541.7600,71.1575,0.005851
fanout951,VSS,Metal1,265.7030,333.1755,0.005488
load_slew952,VSS,Metal1,229.9000,222.3150,0.006808
fanout953,VSS,Metal1,222.2200,433.0575,0.003570
wire954,VSS,Metal1,217.5200,392.5225,0.004691
fanout955,VSS,Metal1,250.2230,231.3085,0.006718
load_slew956,VSS,Metal1,257.9000,232.3950,0.006716
load_slew957,VSS,Metal1,215.3400,343.2750,0.005552
fanout958,VSS,Metal1,239.0230,222.2915,0.006800
wire959,VSS,Metal1,251.1800,222.3150,0.006783
fanout960,VSS,Metal1,227.6600,302.9550,0.006265
fanout961,VSS,Metal1,208.5830,372.4240,0.005202
load_slew962,VSS,Metal1,257.5480,333.3060,0.005504
fanout963,VSS,Metal1,237.7030,544.8555,0.002417
load_slew964,VSS,Metal1,259.5800,574.0050,0.002771
max_cap1219,VSS,Metal1,316.2400,341.9440,0.005247
wire966,VSS,Metal1,329.7400,574.1850,0.002761
fanout967,VSS,Metal1,548.7030,635.5715,0.003228
fanout968,VSS,Metal1,250.2230,584.1085,0.002935
load_slew969,VSS,Metal1,298.7800,554.9550,0.002385
fanout970,VSS,Metal1,337.5830,533.7085,0.001849
fanout971,VSS,Metal1,345.2600,474.3150,0.002084
fanout972,VSS,Metal1,385.2280,464.4260,0.002517
fanout973,VSS,Metal1,663.5030,484.3715,0.001491
load_slew974,VSS,Metal1,36.8600,735.4575,0.003767
fanout975,VSS,Metal1,154.4630,160.7485,0.007106
fanout976,VSS,Metal1,152.2230,311.9485,0.006428
fanout977,VSS,Metal1,135.2230,292.8555,0.006532
fanout978,VSS,Metal1,191.7600,362.2825,0.005254
fanout979,VSS,Metal1,155.5830,241.3885,0.007002
rebuffer1195,VSS,Metal1,271.4250,202.4280,0.006609
fanout981,VSS,Metal1,212.7030,483.3085,0.001713
load_slew982,VSS,Metal1,287.5200,444.1175,0.003245
load_slew983,VSS,Metal1,279.1200,463.0825,0.002570
wire984,VSS,Metal1,433.7400,463.1250,0.002463
fanout985,VSS,Metal1,170.5400,81.1950,0.006970
fanout986,VSS,Metal1,955.8230,301.8685,0.006128
fanout987,VSS,Metal1,488.2230,513.5485,0.001357
fanout988,VSS,Metal1,526.3030,585.1715,0.002976
fanout989,VSS,Metal1,396.7200,694.9225,0.003419
max_cap1229,VSS,Metal1,677.4400,232.6160,0.006431
fanout991,VSS,Metal1,306.7830,442.9885,0.003207
fanout992,VSS,Metal1,408.1430,494.4515,0.001326
fanout993,VSS,Metal1,841.4200,655.7550,0.003254
fanout994,VSS,Metal1,402.5430,292.8515,0.006147
fanout995,VSS,Metal1,347.1000,473.3775,0.002084
fanout996,VSS,Metal1,449.5830,413.8115,0.003908
fanout997,VSS,Metal1,547.5830,221.2285,0.006113
max_cap1233,VSS,Metal1,560.5080,362.2140,0.004353
fanout999,VSS,Metal1,524.4230,654.6640,0.002975
fanout1000,VSS,Metal1,525.7880,664.5340,0.003099
max_cap1243,VSS,Metal1,373.9200,464.4560,0.002518
fanout1002,VSS,Metal1,271.3400,292.8750,0.006364
fanout1003,VSS,Metal1,418.7830,604.2685,0.003181
load_slew1004,VSS,Metal1,424.7200,615.4775,0.003089
fanout1005,VSS,Metal1,336.4630,614.3485,0.003165
load_slew1006,VSS,Metal1,337.9800,615.4350,0.003165
fanout1007,VSS,Metal1,48.6230,685.9715,0.003620
fanout1008,VSS,Metal1,176.3030,221.2285,0.006927
fanout1009,VSS,Metal1,175.1830,413.8115,0.004177
load_slew1010,VSS,Metal1,186.7800,161.8350,0.007077
load_slew1011,VSS,Metal1,213.1000,422.8050,0.003966
fanout1012,VSS,Metal1,839.9030,302.9315,0.005937
load_slew1013,VSS,Metal1,816.2200,301.8450,0.005866
fanout1014,VSS,Metal1,232.3030,362.3485,0.005223
load_slew1015,VSS,Metal1,462.8600,322.0050,0.005329
wire1016,VSS,Metal1,245.5800,402.6450,0.004339
fanout1017,VSS,Metal1,279.1800,503.4450,0.001074
fanout1018,VSS,Metal1,519.0230,393.6515,0.004060
fanout1019,VSS,Metal1,374.8800,474.3575,0.002079
wire1241,VSS,Metal1,373.9200,484.6160,0.001660
wire1218,VSS,Metal1,316.2400,331.8640,0.005394
load_slew1022,VSS,Metal1,271.8400,534.8375,0.001861
fanout1023,VSS,Metal1,244.6230,534.7715,0.001868
load_slew1024,VSS,Metal1,296.5400,543.7650,0.002317
rebuffer1202,VSS,Metal1,113.5050,442.6915,0.003420
load_slew1026,VSS,Metal1,741.1800,543.7650,0.002180
fanout1027,VSS,Metal1,231.5800,423.9150,0.003953
fanout1028,VSS,Metal1,389.6630,654.6685,0.003011
fanout1029,VSS,Metal1,469.5200,513.4825,0.001359
fanout1030,VSS,Metal1,193.4400,454.1975,0.002985
max_cap1228,VSS,Metal1,188.0000,303.1760,0.006362
fanout1032,VSS,Metal1,249.7080,644.3740,0.003402
max_cap1242,VSS,Metal1,136.5550,353.5500,0.005564
fanout1034,VSS,Metal1,575.0230,513.5485,0.001328
fanout1035,VSS,Metal1,557.6630,675.8915,0.003059
fanout1036,VSS,Metal1,1005.1030,20.6915,0.006250
load_slew1037,VSS,Metal1,1029.5800,20.7150,0.006252
fanout1038,VSS,Metal1,1009.0230,29.7085,0.006239
load_slew1039,VSS,Metal1,1035.1800,202.1550,0.007120
fanout1040,VSS,Metal1,175.7430,664.7485,0.003462
load_slew1041,VSS,Metal1,219.2600,665.8350,0.003437
fanout1042,VSS,Metal1,272.0630,645.6515,0.003398
load_slew1043,VSS,Metal1,297.1000,615.4350,0.003214
fanout1044,VSS,Metal1,151.6630,644.5885,0.003429
fanout1045,VSS,Metal1,77.7430,514.6115,0.001469
fanout1046,VSS,Metal1,266.8600,513.5250,0.001464
fanout1047,VSS,Metal1,695.4230,453.0685,0.002674
fanout1048,VSS,Metal1,278.0600,493.3650,0.001450
fanout1049,VSS,Metal1,258.6230,281.7085,0.006596
rebuffer1194,VSS,Metal1,176.7850,483.0115,0.001700
fanout1051,VSS,Metal1,255.8230,261.5485,0.006605
fanout1052,VSS,Metal1,219.4230,291.7885,0.006408
fanout1053,VSS,Metal1,244.4600,494.4750,0.001440
fanout1054,VSS,Metal1,198.1430,494.4515,0.001400
load_slew1055,VSS,Metal1,230.9600,513.4825,0.001488
fanout1056,VSS,Metal1,216.0600,494.3025,0.001429
fanout1057,VSS,Metal1,218.1400,503.4450,0.001097
wire1058,VSS,Metal1,490.3000,585.1950,0.002928
fanout1059,VSS,Metal1,1054.9430,292.8515,0.006312
fanout1060,VSS,Metal1,1057.1830,311.9485,0.006207
fanout1061,VSS,Metal1,1076.7830,805.8685,0.003038
fanout1062,VSS,Metal1,1001.1830,786.7715,0.003178
fanout1063,VSS,Metal1,1001.1830,726.2915,0.003350
fanout1064,VSS,Metal1,983.2630,997.3885,0.001374
fanout1065,VSS,Metal1,1003.9830,746.4515,0.003400
fanout1066,VSS,Metal1,1012.9430,1008.5315,0.001310
fanout1067,VSS,Metal1,1009.3830,755.4640,0.003392
fanout1068,VSS,Metal1,1019.1030,907.7315,0.001967
fanout1069,VSS,Metal1,1035.9030,735.3085,0.003362
fanout1070,VSS,Metal1,1010.7030,1018.6115,0.001350
fanout1071,VSS,Metal1,1014.6230,706.1315,0.003095
fanout1072,VSS,Metal1,1009.0230,937.9715,0.001393
fanout1073,VSS,Metal1,1021.1430,654.6640,0.003523
fanout1074,VSS,Metal1,1040.3830,746.4515,0.003389
fanout1075,VSS,Metal1,1001.1830,887.5715,0.002255
fanout1076,VSS,Metal1,1006.0230,644.5840,0.003568
fanout1077,VSS,Metal1,1060.5430,706.1315,0.003184
fanout1078,VSS,Metal1,1043.7430,745.3885,0.003389
fanout1079,VSS,Metal1,1017.9830,644.5885,0.003583
fanout1080,VSS,Metal1,996.7030,645.6515,0.003561
fanout1081,VSS,Metal1,995.0230,644.5885,0.003561
fanout1082,VSS,Metal1,959.1830,171.8915,0.006821
fanout1083,VSS,Metal1,1002.3030,594.1885,0.003311
fanout1084,VSS,Metal1,1003.4230,604.2685,0.003183
fanout1085,VSS,Metal1,1001.1830,614.3485,0.003074
fanout1086,VSS,Metal1,799.0230,140.5885,0.006839
fanout1087,VSS,Metal1,760.3830,565.0115,0.002564
fanout1088,VSS,Metal1,802.3830,222.2915,0.006621
fanout1089,VSS,Metal1,695.4230,251.4685,0.006484
fanout1090,VSS,Metal1,741.9030,141.6515,0.006792
fanout1091,VSS,Metal1,681.4230,140.5885,0.006578
fanout1092,VSS,Metal1,674.1430,222.2915,0.006190
fanout1093,VSS,Metal1,602.4630,192.0515,0.005390
fanout1094,VSS,Metal1,586.7830,110.3485,0.006417
fanout1095,VSS,Metal1,598.5430,504.5315,0.000931
fanout1096,VSS,Metal1,559.9030,403.7315,0.004046
fanout1097,VSS,Metal1,547.5830,140.5885,0.006485
fanout1098,VSS,Metal1,464.7030,100.2685,0.006465
fanout1099,VSS,Metal1,469.1830,533.7085,0.001855
fanout1100,VSS,Metal1,449.5830,110.3485,0.006447
fanout1101,VSS,Metal1,434.4630,101.3315,0.006488
fanout1102,VSS,Metal1,396.9430,71.0915,0.006169
fanout1103,VSS,Metal1,285.5030,534.7715,0.001861
fanout1104,VSS,Metal1,348.2230,70.0285,0.006263
fanout1105,VSS,Metal1,351.5830,493.3885,0.001349
fanout1106,VSS,Metal1,314.0630,50.9315,0.006257
fanout1107,VSS,Metal1,328.6230,553.8685,0.002379
fanout1108,VSS,Metal1,312.3830,291.7885,0.006246
fanout1109,VSS,Metal1,300.0630,311.9485,0.006279
fanout1110,VSS,Metal1,852.7830,664.7485,0.003139
fanout1111,VSS,Metal1,821.9830,634.5085,0.003198
fanout1112,VSS,Metal1,846.6230,584.1085,0.002864
fanout1113,VSS,Metal1,884.1430,614.3485,0.003040
fanout1114,VSS,Metal1,849.9830,594.1885,0.002995
fanout1115,VSS,Metal1,857.2630,634.5085,0.003244
fanout1116,VSS,Metal1,916.6230,533.7085,0.001955
fanout1117,VSS,Metal1,900.3830,565.0115,0.002589
fanout1118,VSS,Metal1,698.7830,503.4685,0.000963
fanout1119,VSS,Metal1,821.9830,543.7885,0.002234
fanout1120,VSS,Metal1,892.5430,533.7085,0.001957
fanout1121,VSS,Metal1,759.8230,523.6285,0.001760
fanout1122,VSS,Metal1,782.7830,473.2285,0.002013
fanout1123,VSS,Metal1,936.2230,524.6915,0.001739
fanout1124,VSS,Metal1,899.2630,474.2915,0.002216
fanout1125,VSS,Metal1,900.3830,473.2285,0.002216
fanout1126,VSS,Metal1,919.9830,372.4285,0.005027
fanout1127,VSS,Metal1,900.3830,372.4285,0.005025
fanout1128,VSS,Metal1,527.9830,403.7315,0.004035
fanout1129,VSS,Metal1,567.1830,474.2915,0.002019
fanout1130,VSS,Metal1,669.1030,353.3315,0.004445
fanout1131,VSS,Metal1,622.6230,474.2915,0.001960
fanout1132,VSS,Metal1,371.1830,363.4115,0.004637
fanout1133,VSS,Metal1,614.7830,342.1885,0.004528
fanout1134,VSS,Metal1,264.7830,352.2685,0.005340
fanout1135,VSS,Metal1,564.9430,343.2515,0.004571
fanout1136,VSS,Metal1,323.5830,262.6115,0.006474
fanout1137,VSS,Metal1,564.3830,281.7085,0.005980
fanout1138,VSS,Metal1,374.5430,372.4285,0.004665
fanout1139,VSS,Metal1,382.9430,382.5085,0.004674
fanout1140,VSS,Metal1,527.9830,252.5315,0.006328
fanout1141,VSS,Metal1,578.9430,483.3085,0.001490
fanout1142,VSS,Metal1,766.5430,634.5085,0.003191
fanout1143,VSS,Metal1,759.8230,644.5885,0.003226
fanout1144,VSS,Metal1,505.0230,998.4515,0.000579
fanout1145,VSS,Metal1,505.0230,746.4515,0.001493
fanout1146,VSS,Metal1,719.5030,1098.1885,0.002089
fanout1147,VSS,Metal1,860.9830,1089.1755,0.002347
fanout1148,VSS,Metal1,838.0230,1078.0240,0.002044
fanout1149,VSS,Metal1,852.7830,1098.1885,0.001907
fanout1150,VSS,Metal1,788.9430,1089.1715,0.002436
fanout1151,VSS,Metal1,840.4600,1088.2575,0.002385
fanout1152,VSS,Metal1,836.5430,1098.1885,0.001920
fanout1153,VSS,Metal1,116.3830,201.0685,0.006929
load_slew1154,VSS,Metal1,94.9400,192.0750,0.007109
fanout1155,VSS,Metal1,91.7430,242.4515,0.007030
load_slew1156,VSS,Metal1,112.8000,232.4375,0.007045
fanout1157,VSS,Metal1,97.3430,463.1485,0.002662
load_slew1158,VSS,Metal1,101.1000,444.0750,0.003424
fanout1159,VSS,Metal1,226.5030,484.3755,0.001713
load_slew1160,VSS,Metal1,232.1400,422.8050,0.003953
fanout1161,VSS,Metal1,190.3030,493.3885,0.001399
load_slew1162,VSS,Metal1,234.3800,453.0450,0.002979
rebuffer1206,VSS,Metal1,229.4250,664.4515,0.003427
fanout1164,VSS,Metal1,199.6230,463.1440,0.002599
load_slew1165,VSS,Metal1,245.5200,442.9225,0.003295
load_slew1211,VSS,Metal1,370.5600,281.4640,0.006378
load_slew1167,VSS,Metal1,228.4280,454.2660,0.002981
fanout1168,VSS,Metal1,214.1600,442.9225,0.003317
fanout1169,VSS,Metal1,238.5530,442.9190,0.003302
fanout1170,VSS,Metal1,198.6400,412.5040,0.004178
fanout1171,VSS,Metal1,50.3030,232.3715,0.007053
fanout1172,VSS,Metal1,96.7830,625.4915,0.003492
fanout1173,VSS,Metal1,80.3430,392.5840,0.004833
fanout1174,VSS,Metal1,15.0230,664.7485,0.003551
fanout1175,VSS,Metal1,76.9600,432.8425,0.003701
fanout1176,VSS,Metal1,179.1030,342.1885,0.005609
fanout1177,VSS,Metal1,39.5000,393.6750,0.004863
fanout1178,VSS,Metal1,77.1830,614.3485,0.003473
fanout1179,VSS,Metal1,14.8230,595.2555,0.003089
fanout1180,VSS,Metal1,17.6000,604.2025,0.003219
fanout1181,VSS,Metal1,12.5830,634.5040,0.003439
fanout1182,VSS,Metal1,225.0230,644.5885,0.003406
fanout1183,VSS,Metal1,32.7800,635.5950,0.003433
fanout1184,VSS,Metal1,56.8230,635.5755,0.003437
fanout1185,VSS,Metal1,331.4230,624.4285,0.003254
load_slew1210,VSS,Metal1,629.9480,382.3740,0.004292
fanout1187,VSS,Metal1,186.3830,705.0685,0.003285
fanout1188,VSS,Metal1,96.7830,373.4915,0.005335
fanout1189,VSS,Metal1,151.1030,705.0685,0.003340
wire1244,VSS,Metal1,490.9600,262.8560,0.006164
wire1245,VSS,Metal1,1057.5200,514.6775,0.001451
load_slew1246,VSS,Metal1,482.0000,261.3040,0.006171
load_slew1247,VSS,Metal1,190.9080,402.5340,0.004418
max_cap1248,VSS,Metal1,830.9550,666.0300,0.003110
load_slew1249,VSS,Metal1,369.4400,301.6240,0.006009
max_cap1250,VSS,Metal1,450.7150,684.6895,0.003017
max_cap1251,VSS,Metal1,421.6280,704.9340,0.002649
max_cap1252,VSS,Metal1,413.7880,686.1060,0.003097
max_cap1253,VSS,Metal1,359.9200,696.2960,0.003451
max_cap1254,VSS,Metal1,916.6350,664.5295,0.003244
max_cap1255,VSS,Metal1,882.4750,664.5295,0.003168
max_cap1256,VSS,Metal1,852.7950,704.8495,0.002674
max_cap1257,VSS,Metal1,627.6750,704.8495,0.002412
max_cap1258,VSS,Metal1,599.1150,696.2700,0.003404
max_cap1259,VSS,Metal1,584.5550,696.2700,0.003409
max_cap1260,VSS,Metal1,528.5550,696.2700,0.003410
load_slew1261,VSS,Metal1,972.0000,222.5360,0.006977
wire1262,VSS,Metal1,403.6000,412.5040,0.004048
max_cap1263,VSS,Metal1,250.2350,483.0895,0.001682
load_slew1264,VSS,Metal1,79.3600,615.6560,0.003473
fanout1265,VSS,Metal1,37.9830,49.8685,0.006821
fanout1266,VSS,Metal1,37.9830,59.9485,0.006875
fanout1267,VSS,Metal1,111.9030,59.9485,0.006857
fanout1268,VSS,Metal1,127.5830,50.9315,0.006789
fanout1269,VSS,Metal1,77.1830,59.9485,0.006861
fanout1270,VSS,Metal1,35.1830,241.3885,0.007024
fanout1271,VSS,Metal1,36.3030,160.7485,0.007188
fanout1272,VSS,Metal1,78.8630,262.6115,0.007038
fanout1273,VSS,Metal1,123.1030,252.5315,0.006918
fanout1274,VSS,Metal1,95.1030,201.0685,0.006948
fanout1275,VSS,Metal1,36.8630,192.0515,0.007118
fanout1276,VSS,Metal1,171.8230,70.0285,0.006767
fanout1277,VSS,Metal1,167.3430,20.6915,0.006421
fanout1278,VSS,Metal1,246.3030,20.6915,0.006146
fanout1279,VSS,Metal1,194.7830,50.9315,0.006657
fanout1280,VSS,Metal1,224.4630,20.6915,0.006201
fanout1281,VSS,Metal1,151.1030,20.6915,0.006429
fanout1282,VSS,Metal1,171.8230,180.9085,0.007000
fanout1283,VSS,Metal1,35.1830,61.0115,0.006875
fanout1284,VSS,Metal1,53.1030,302.9315,0.006428
fanout1285,VSS,Metal1,16.1430,392.5885,0.004835
fanout1286,VSS,Metal1,57.5830,363.4115,0.005318
fanout1287,VSS,Metal1,94.5430,342.1885,0.005664
fanout1288,VSS,Metal1,93.4230,311.9485,0.006441
fanout1289,VSS,Metal1,101.2630,372.4285,0.005335
fanout1290,VSS,Metal1,30.1430,291.7885,0.006545
fanout1291,VSS,Metal1,54.2230,453.0685,0.003004
fanout1292,VSS,Metal1,18.3830,444.0515,0.003355
fanout1293,VSS,Metal1,109.6630,493.3885,0.001453
fanout1294,VSS,Metal1,73.8230,453.0685,0.003008
fanout1295,VSS,Metal1,42.4630,444.0515,0.003402
fanout1296,VSS,Metal1,159.5030,353.3315,0.005384
fanout1297,VSS,Metal1,155.5830,342.1885,0.005636
fanout1298,VSS,Metal1,169.0230,494.4515,0.001425
fanout1299,VSS,Metal1,161.1830,474.2915,0.002149
fanout1300,VSS,Metal1,195.9030,474.2915,0.002162
fanout1301,VSS,Metal1,214.3830,513.5485,0.001494
fanout1302,VSS,Metal1,162.8630,433.9715,0.003635
fanout1303,VSS,Metal1,48.0630,50.9315,0.006821
fanout1304,VSS,Metal1,265.3430,20.6915,0.006108
fanout1305,VSS,Metal1,300.6230,20.6915,0.005997
fanout1306,VSS,Metal1,367.8230,100.2685,0.006559
fanout1307,VSS,Metal1,357.1830,91.2515,0.006614
fanout1308,VSS,Metal1,289.4230,29.7085,0.006245
fanout1309,VSS,Metal1,445.1030,91.2515,0.006409
fanout1310,VSS,Metal1,434.4630,131.5715,0.006591
fanout1311,VSS,Metal1,512.3030,71.0915,0.005788
fanout1312,VSS,Metal1,510.6230,81.1715,0.005911
fanout1313,VSS,Metal1,485.4230,170.8285,0.005704
fanout1314,VSS,Metal1,429.9830,100.2685,0.006489
fanout1315,VSS,Metal1,544.2230,433.9715,0.003228
fanout1316,VSS,Metal1,438.3830,454.1315,0.002805
fanout1317,VSS,Metal1,493.8230,332.1085,0.004854
fanout1318,VSS,Metal1,300.0630,301.8685,0.006153
fanout1319,VSS,Metal1,34.6230,585.1715,0.002893
fanout1320,VSS,Metal1,78.3030,565.0115,0.002538
fanout1321,VSS,Metal1,29.5830,594.1885,0.003089
fanout1322,VSS,Metal1,54.2230,644.5885,0.003470
fanout1323,VSS,Metal1,108.5430,543.7885,0.002270
fanout1324,VSS,Metal1,88.3830,655.7315,0.003494
fanout1325,VSS,Metal1,120.8630,635.5715,0.003424
fanout1326,VSS,Metal1,120.8630,575.0915,0.002753
fanout1327,VSS,Metal1,53.1030,696.0515,0.003700
fanout1328,VSS,Metal1,18.3830,817.0115,0.003785
fanout1329,VSS,Metal1,51.9830,565.0115,0.002537
fanout1330,VSS,Metal1,171.8230,563.9485,0.002533
fanout1331,VSS,Metal1,183.0230,644.5885,0.003420
fanout1332,VSS,Metal1,173.5030,565.0115,0.002533
fanout1333,VSS,Metal1,235.1030,575.0915,0.002768
fanout1334,VSS,Metal1,217.7430,654.6685,0.003325
fanout1335,VSS,Metal1,233.9830,574.0285,0.002768
fanout1336,VSS,Metal1,171.2630,585.1715,0.002911
fanout1337,VSS,Metal1,15.5830,837.1715,0.003833
fanout1338,VSS,Metal1,18.3830,847.2515,0.003886
fanout1339,VSS,Metal1,18.3830,1089.1715,0.003673
fanout1340,VSS,Metal1,17.8230,1078.0285,0.003808
fanout1341,VSS,Metal1,30.1430,967.1485,0.003812
fanout1342,VSS,Metal1,170.1430,1078.0285,0.003363
fanout1343,VSS,Metal1,31.2630,836.1085,0.003832
fanout1344,VSS,Metal1,273.1830,574.0285,0.002775
fanout1345,VSS,Metal1,301.1830,614.3485,0.003214
fanout1346,VSS,Metal1,321.9030,575.0915,0.002765
fanout1347,VSS,Metal1,367.8230,563.9485,0.002595
fanout1348,VSS,Metal1,390.7830,584.1085,0.002939
fanout1349,VSS,Metal1,361.6630,645.6515,0.003204
fanout1350,VSS,Metal1,358.8630,585.1715,0.002934
fanout1351,VSS,Metal1,429.4230,655.7315,0.002974
fanout1352,VSS,Metal1,465.8230,635.5715,0.003247
fanout1353,VSS,Metal1,424.9430,543.7885,0.002238
fanout1354,VSS,Metal1,469.1830,584.1085,0.002913
fanout1355,VSS,Metal1,446.2230,565.0115,0.002609
fanout1356,VSS,Metal1,426.0630,574.0285,0.002735
fanout1357,VSS,Metal1,308.4630,584.1085,0.002932
fanout1358,VSS,Metal1,505.0230,978.2915,0.000364
fanout1359,VSS,Metal1,505.0230,906.6685,0.000491
fanout1360,VSS,Metal1,505.0230,736.3715,0.001486
fanout1361,VSS,Metal1,41.9030,575.0915,0.002697
fanout1362,VSS,Metal1,37.9830,70.0285,0.006892
fanout1363,VSS,Metal1,550.9430,20.6915,0.004809
fanout1364,VSS,Metal1,567.1830,20.6915,0.004816
fanout1365,VSS,Metal1,642.2230,49.8685,0.005304
fanout1366,VSS,Metal1,632.7030,50.9315,0.005303
fanout1367,VSS,Metal1,563.8230,49.8685,0.005210
fanout1368,VSS,Metal1,701.0230,50.9315,0.005652
fanout1369,VSS,Metal1,699.9030,120.4285,0.006460
fanout1370,VSS,Metal1,763.7430,80.1085,0.006384
fanout1371,VSS,Metal1,763.1830,71.0915,0.006251
fanout1372,VSS,Metal1,561.5830,50.9315,0.005210
fanout1373,VSS,Metal1,564.3830,313.0115,0.005497
fanout1374,VSS,Metal1,563.8230,352.2685,0.004348
fanout1375,VSS,Metal1,536.9430,342.1885,0.004572
fanout1376,VSS,Metal1,630.4630,444.0515,0.003000
fanout1377,VSS,Metal1,565.5030,444.0515,0.003017
fanout1378,VSS,Metal1,563.8230,342.1885,0.004571
fanout1379,VSS,Metal1,800.1430,90.1885,0.006607
fanout1380,VSS,Metal1,876.3030,50.9315,0.006572
fanout1381,VSS,Metal1,835.9830,81.1715,0.006717
fanout1382,VSS,Metal1,939.5830,70.0285,0.006702
fanout1383,VSS,Metal1,883.5830,70.0285,0.006570
fanout1384,VSS,Metal1,901.5030,101.3315,0.006812
fanout1385,VSS,Metal1,880.7830,61.0115,0.006709
fanout1386,VSS,Metal1,911.5830,171.8915,0.006683
fanout1387,VSS,Metal1,946.8630,151.7315,0.006923
fanout1388,VSS,Metal1,933.4230,150.6685,0.006919
fanout1389,VSS,Metal1,959.7430,29.7085,0.006219
fanout1390,VSS,Metal1,1017.4230,59.9485,0.006914
fanout1391,VSS,Metal1,959.1830,91.2515,0.006867
fanout1392,VSS,Metal1,974.3030,49.8685,0.006663
fanout1393,VSS,Metal1,1073.4230,39.7885,0.006280
fanout1394,VSS,Metal1,1043.1830,20.6915,0.006253
fanout1395,VSS,Metal1,1073.4230,49.8685,0.006865
fanout1396,VSS,Metal1,1035.9030,81.1715,0.006998
fanout1397,VSS,Metal1,960.3030,120.4285,0.006995
fanout1398,VSS,Metal1,972.0630,160.7485,0.006919
fanout1399,VSS,Metal1,975.4230,262.6115,0.006811
fanout1400,VSS,Metal1,975.4230,170.8285,0.006947
fanout1401,VSS,Metal1,1030.3030,161.8115,0.006964
fanout1402,VSS,Metal1,1017.9830,201.0685,0.007112
fanout1403,VSS,Metal1,1034.2230,241.3885,0.006882
fanout1404,VSS,Metal1,1034.2230,170.8285,0.006976
fanout1405,VSS,Metal1,823.1030,101.3315,0.006644
fanout1406,VSS,Metal1,888.6230,291.7885,0.006245
fanout1407,VSS,Metal1,926.7030,362.3485,0.005090
fanout1408,VSS,Metal1,827.0230,343.2515,0.005128
fanout1409,VSS,Metal1,909.9030,423.8915,0.003702
fanout1410,VSS,Metal1,881.9030,442.9885,0.003110
fanout1411,VSS,Metal1,970.9430,362.3485,0.005160
fanout1412,VSS,Metal1,959.1830,302.9315,0.006128
fanout1413,VSS,Metal1,998.3830,362.3485,0.005164
fanout1414,VSS,Metal1,1053.2630,301.8685,0.006164
fanout1415,VSS,Metal1,1057.1830,281.7085,0.006528
fanout1416,VSS,Metal1,1030.3030,363.4115,0.005172
fanout1417,VSS,Metal1,1057.1830,362.3485,0.005199
fanout1418,VSS,Metal1,981.0230,292.8515,0.006282
fanout1419,VSS,Metal1,974.3030,432.9085,0.003419
fanout1420,VSS,Metal1,955.8230,422.8285,0.003732
fanout1421,VSS,Metal1,973.7430,533.7085,0.002011
fanout1422,VSS,Metal1,1006.2230,453.0685,0.002914
fanout1423,VSS,Metal1,1037.5830,433.9715,0.003453
fanout1424,VSS,Metal1,1048.2230,442.9885,0.003221
fanout1425,VSS,Metal1,1043.7430,493.3885,0.001260
fanout1426,VSS,Metal1,939.5830,453.0685,0.002829
fanout1427,VSS,Metal1,815.2630,90.1885,0.006616
fanout1428,VSS,Metal1,572.2230,614.3485,0.002989
fanout1429,VSS,Metal1,567.1830,604.2685,0.003049
fanout1430,VSS,Metal1,649.5030,624.4285,0.002962
fanout1431,VSS,Metal1,612.5430,594.1885,0.002911
fanout1432,VSS,Metal1,567.7430,574.0285,0.002682
fanout1433,VSS,Metal1,696.5430,584.1085,0.003083
fanout1434,VSS,Metal1,692.0630,634.5085,0.003137
fanout1435,VSS,Metal1,693.7430,574.0285,0.002684
fanout1436,VSS,Metal1,564.2200,584.0850,0.003026
fanout1437,VSS,Metal1,821.9830,664.7485,0.003109
fanout1438,VSS,Metal1,862.3030,665.8115,0.003141
fanout1439,VSS,Metal1,852.2230,543.7885,0.002255
fanout1440,VSS,Metal1,902.0630,655.7315,0.003277
fanout1441,VSS,Metal1,919.9830,654.6685,0.003293
fanout1442,VSS,Metal1,913.8230,585.1715,0.002859
fanout1443,VSS,Metal1,863.9830,554.9315,0.002371
fanout1444,VSS,Metal1,995.0230,554.9315,0.002466
fanout1445,VSS,Metal1,989.4230,635.5715,0.003446
fanout1446,VSS,Metal1,1057.1830,563.9485,0.002710
fanout1447,VSS,Metal1,995.0230,563.9485,0.002668
fanout1448,VSS,Metal1,841.5830,575.0915,0.002710
fanout1449,VSS,Metal1,984.9430,826.0285,0.003247
fanout1450,VSS,Metal1,1001.1830,907.7315,0.001982
fanout1451,VSS,Metal1,1048.2230,847.2515,0.002743
fanout1452,VSS,Metal1,1036.4630,916.7485,0.001760
fanout1453,VSS,Metal1,1063.3430,948.0515,0.000948
fanout1454,VSS,Metal1,1044.3030,817.0115,0.002982
fanout1455,VSS,Metal1,1040.3830,948.0515,0.000942
fanout1456,VSS,Metal1,1067.8230,1057.8685,0.001333
fanout1457,VSS,Metal1,1043.7430,977.2285,0.000960
fanout1458,VSS,Metal1,1019.6630,978.2915,0.000959
fanout1459,VSS,Metal1,1010.1430,847.2515,0.002749
fanout1460,VSS,Metal1,547.5830,594.1885,0.002941
fanout1461,VSS,Metal1,68.2230,70.0285,0.006880
rebuffer1462,VSS,Metal1,312.8650,543.4915,0.002295
rebuffer1463,VSS,Metal1,123.5850,464.5080,0.002665
hold1464,VSS,Metal1,32.7125,847.1825,0.003886
hold1465,VSS,Metal1,17.5925,1048.7825,0.003856
u_transform_scheduler_core.u_fft_scratch_sram.u_lo.u_sram,VSS,Metal1,264.9225,886.9130,0.002877
u_transform_scheduler_core.u_fft_scratch_sram.u_hi.u_sram,VSS,Metal1,744.9225,886.9130,0.001896
