Startpoint: _18692_ (rising edge-triggered flip-flop clocked by core_clk)
Endpoint: _18433_ (rising edge-triggered flip-flop clocked by core_clk)
Path Group: core_clk
Path Type: max

  Delay    Time   Description
---------------------------------------------------------
   0.00    0.00   clock core_clk (rise edge)
   2.78    2.78   clock network delay (propagated)
   0.00    2.78 ^ _18692_/CLK (gf180mcu_fd_sc_mcu9t5v0__dffrnq_4)
   1.84    4.63 ^ _18692_/Q (gf180mcu_fd_sc_mcu9t5v0__dffrnq_4)
   1.15    5.78 v _09427_/ZN (gf180mcu_fd_sc_mcu9t5v0__xnor2_4)
   0.47    6.24 v _09428_/Z (gf180mcu_fd_sc_mcu9t5v0__and2_4)
   0.63    6.88 ^ _09435_/ZN (gf180mcu_fd_sc_mcu9t5v0__oai31_4)
   0.55    7.43 ^ eco7_buf_09435/Z (gf180mcu_fd_sc_mcu9t5v0__clkbuf_16)
   0.35    7.78 v _09438_/ZN (gf180mcu_fd_sc_mcu9t5v0__oai21_4)
   0.77    8.54 v _09445_/Z (gf180mcu_fd_sc_mcu9t5v0__and4_4)
   0.81    9.35 ^ _09450_/ZN (gf180mcu_fd_sc_mcu9t5v0__oai31_4)
   0.48    9.83 ^ eco7_buf_09450/Z (gf180mcu_fd_sc_mcu9t5v0__clkbuf_16)
   0.85   10.69 ^ _09454_/Z (gf180mcu_fd_sc_mcu9t5v0__and4_4)
   0.33   11.02 v _09456_/ZN (gf180mcu_fd_sc_mcu9t5v0__nand2_4)
   0.80   11.81 ^ _09461_/ZN (gf180mcu_fd_sc_mcu9t5v0__nand2_4)
   0.63   12.44 v _09462_/ZN (gf180mcu_fd_sc_mcu9t5v0__clkinv_8)
   0.67   13.11 v load_slew111/Z (gf180mcu_fd_sc_mcu9t5v0__clkbuf_16)
   1.00   14.11 ^ _09472_/ZN (gf180mcu_fd_sc_mcu9t5v0__oai21_4)
   0.92   15.03 ^ max_cap106/Z (gf180mcu_fd_sc_mcu9t5v0__clkbuf_16)
   0.62   15.65 v _09512_/ZN (gf180mcu_fd_sc_mcu9t5v0__nand2_4)
   0.88   16.53 ^ _09513_/ZN (gf180mcu_fd_sc_mcu9t5v0__oai221_4)
   0.53   17.07 ^ _09514_/Z (gf180mcu_fd_sc_mcu9t5v0__or2_4)
   0.26   17.32 v _09519_/ZN (gf180mcu_fd_sc_mcu9t5v0__oai31_4)
   0.64   17.97 v rebuffer265/Z (gf180mcu_fd_sc_mcu9t5v0__buf_8)
   0.71   18.68 ^ _09541_/ZN (gf180mcu_fd_sc_mcu9t5v0__aoi21_4)
   0.35   19.02 v _15855_/ZN (gf180mcu_fd_sc_mcu9t5v0__oai31_4)
   0.73   19.76 v rebuffer262/Z (gf180mcu_fd_sc_mcu9t5v0__buf_8)
   1.87   21.63 ^ _15937_/ZN (gf180mcu_fd_sc_mcu9t5v0__aoi21_4)
   0.87   22.50 v _15991_/ZN (gf180mcu_fd_sc_mcu9t5v0__oai32_4)
   1.53   24.02 ^ _16106_/ZN (gf180mcu_fd_sc_mcu9t5v0__aoi211_4)
   0.73   24.75 ^ max_cap69/Z (gf180mcu_fd_sc_mcu9t5v0__clkbuf_16)
   0.89   25.65 v _16335_/ZN (gf180mcu_fd_sc_mcu9t5v0__nand2_4)
   0.86   26.51 ^ _16336_/ZN (gf180mcu_fd_sc_mcu9t5v0__oai21_4)
   0.62   27.13 ^ max_cap39/Z (gf180mcu_fd_sc_mcu9t5v0__buf_8)
   0.70   27.83 ^ wire38/Z (gf180mcu_fd_sc_mcu9t5v0__buf_4)
   0.58   28.41 ^ fanout237/Z (gf180mcu_fd_sc_mcu9t5v0__clkbuf_16)
   0.90   29.31 v _16882_/Z (gf180mcu_fd_sc_mcu9t5v0__mux2_4)
   0.00   29.31 v _18433_/D (gf180mcu_fd_sc_mcu9t5v0__dffq_4)
          29.31   data arrival time

  26.04   26.04   clock core_clk (rise edge)
   2.88   28.92   clock network delay (propagated)
   0.00   28.92   clock reconvergence pessimism
          28.92 ^ _18433_/CLK (gf180mcu_fd_sc_mcu9t5v0__dffq_4)
  -0.22   28.71   library setup time
          28.71   data required time
---------------------------------------------------------
          28.71   data required time
         -29.31   data arrival time
---------------------------------------------------------
          -0.60   slack (VIOLATED)


Startpoint: _18692_ (rising edge-triggered flip-flop clocked by core_clk)
Endpoint: _18243_ (rising edge-triggered flip-flop clocked by core_clk)
Path Group: core_clk
Path Type: max

  Delay    Time   Description
---------------------------------------------------------
   0.00    0.00   clock core_clk (rise edge)
   2.78    2.78   clock network delay (propagated)
   0.00    2.78 ^ _18692_/CLK (gf180mcu_fd_sc_mcu9t5v0__dffrnq_4)
   1.84    4.63 ^ _18692_/Q (gf180mcu_fd_sc_mcu9t5v0__dffrnq_4)
   1.15    5.78 v _09427_/ZN (gf180mcu_fd_sc_mcu9t5v0__xnor2_4)
   0.47    6.24 v _09428_/Z (gf180mcu_fd_sc_mcu9t5v0__and2_4)
   0.63    6.88 ^ _09435_/ZN (gf180mcu_fd_sc_mcu9t5v0__oai31_4)
   0.55    7.43 ^ eco7_buf_09435/Z (gf180mcu_fd_sc_mcu9t5v0__clkbuf_16)
   0.35    7.78 v _09438_/ZN (gf180mcu_fd_sc_mcu9t5v0__oai21_4)
   0.77    8.54 v _09445_/Z (gf180mcu_fd_sc_mcu9t5v0__and4_4)
   0.81    9.35 ^ _09450_/ZN (gf180mcu_fd_sc_mcu9t5v0__oai31_4)
   0.48    9.83 ^ eco7_buf_09450/Z (gf180mcu_fd_sc_mcu9t5v0__clkbuf_16)
   0.85   10.69 ^ _09454_/Z (gf180mcu_fd_sc_mcu9t5v0__and4_4)
   0.33   11.02 v _09456_/ZN (gf180mcu_fd_sc_mcu9t5v0__nand2_4)
   0.80   11.81 ^ _09461_/ZN (gf180mcu_fd_sc_mcu9t5v0__nand2_4)
   0.63   12.44 v _09462_/ZN (gf180mcu_fd_sc_mcu9t5v0__clkinv_8)
   0.67   13.11 v load_slew111/Z (gf180mcu_fd_sc_mcu9t5v0__clkbuf_16)
   1.00   14.11 ^ _09472_/ZN (gf180mcu_fd_sc_mcu9t5v0__oai21_4)
   0.92   15.03 ^ max_cap106/Z (gf180mcu_fd_sc_mcu9t5v0__clkbuf_16)
   0.62   15.65 v _09512_/ZN (gf180mcu_fd_sc_mcu9t5v0__nand2_4)
   0.88   16.53 ^ _09513_/ZN (gf180mcu_fd_sc_mcu9t5v0__oai221_4)
   0.53   17.07 ^ _09514_/Z (gf180mcu_fd_sc_mcu9t5v0__or2_4)
   0.26   17.32 v _09519_/ZN (gf180mcu_fd_sc_mcu9t5v0__oai31_4)
   0.64   17.97 v rebuffer265/Z (gf180mcu_fd_sc_mcu9t5v0__buf_8)
   0.71   18.68 ^ _09541_/ZN (gf180mcu_fd_sc_mcu9t5v0__aoi21_4)
   0.35   19.02 v _15855_/ZN (gf180mcu_fd_sc_mcu9t5v0__oai31_4)
   0.73   19.76 v rebuffer262/Z (gf180mcu_fd_sc_mcu9t5v0__buf_8)
   1.87   21.63 ^ _15937_/ZN (gf180mcu_fd_sc_mcu9t5v0__aoi21_4)
   0.87   22.50 v _15991_/ZN (gf180mcu_fd_sc_mcu9t5v0__oai32_4)
   1.53   24.02 ^ _16106_/ZN (gf180mcu_fd_sc_mcu9t5v0__aoi211_4)
   0.73   24.75 ^ max_cap69/Z (gf180mcu_fd_sc_mcu9t5v0__clkbuf_16)
   0.89   25.65 v _16335_/ZN (gf180mcu_fd_sc_mcu9t5v0__nand2_4)
   0.86   26.51 ^ _16336_/ZN (gf180mcu_fd_sc_mcu9t5v0__oai21_4)
   0.62   27.13 ^ max_cap39/Z (gf180mcu_fd_sc_mcu9t5v0__buf_8)
   0.70   27.83 ^ wire38/Z (gf180mcu_fd_sc_mcu9t5v0__buf_4)
   0.58   28.41 ^ fanout237/Z (gf180mcu_fd_sc_mcu9t5v0__clkbuf_16)
   0.90   29.31 v _16358_/Z (gf180mcu_fd_sc_mcu9t5v0__mux2_4)
   0.00   29.31 v _18243_/D (gf180mcu_fd_sc_mcu9t5v0__dffq_4)
          29.31   data arrival time

  26.04   26.04   clock core_clk (rise edge)
   2.89   28.93   clock network delay (propagated)
   0.00   28.93   clock reconvergence pessimism
          28.93 ^ _18243_/CLK (gf180mcu_fd_sc_mcu9t5v0__dffq_4)
  -0.21   28.72   library setup time
          28.72   data required time
---------------------------------------------------------
          28.72   data required time
         -29.31   data arrival time
---------------------------------------------------------
          -0.59   slack (VIOLATED)


Startpoint: _18692_ (rising edge-triggered flip-flop clocked by core_clk)
Endpoint: _18238_ (rising edge-triggered flip-flop clocked by core_clk)
Path Group: core_clk
Path Type: max

  Delay    Time   Description
---------------------------------------------------------
   0.00    0.00   clock core_clk (rise edge)
   2.78    2.78   clock network delay (propagated)
   0.00    2.78 ^ _18692_/CLK (gf180mcu_fd_sc_mcu9t5v0__dffrnq_4)
   1.84    4.63 ^ _18692_/Q (gf180mcu_fd_sc_mcu9t5v0__dffrnq_4)
   1.15    5.78 v _09427_/ZN (gf180mcu_fd_sc_mcu9t5v0__xnor2_4)
   0.47    6.24 v _09428_/Z (gf180mcu_fd_sc_mcu9t5v0__and2_4)
   0.63    6.88 ^ _09435_/ZN (gf180mcu_fd_sc_mcu9t5v0__oai31_4)
   0.55    7.43 ^ eco7_buf_09435/Z (gf180mcu_fd_sc_mcu9t5v0__clkbuf_16)
   0.35    7.78 v _09438_/ZN (gf180mcu_fd_sc_mcu9t5v0__oai21_4)
   0.77    8.54 v _09445_/Z (gf180mcu_fd_sc_mcu9t5v0__and4_4)
   0.81    9.35 ^ _09450_/ZN (gf180mcu_fd_sc_mcu9t5v0__oai31_4)
   0.48    9.83 ^ eco7_buf_09450/Z (gf180mcu_fd_sc_mcu9t5v0__clkbuf_16)
   0.85   10.69 ^ _09454_/Z (gf180mcu_fd_sc_mcu9t5v0__and4_4)
   0.33   11.02 v _09456_/ZN (gf180mcu_fd_sc_mcu9t5v0__nand2_4)
   0.80   11.81 ^ _09461_/ZN (gf180mcu_fd_sc_mcu9t5v0__nand2_4)
   0.63   12.44 v _09462_/ZN (gf180mcu_fd_sc_mcu9t5v0__clkinv_8)
   0.67   13.11 v load_slew111/Z (gf180mcu_fd_sc_mcu9t5v0__clkbuf_16)
   1.00   14.11 ^ _09472_/ZN (gf180mcu_fd_sc_mcu9t5v0__oai21_4)
   0.92   15.03 ^ max_cap106/Z (gf180mcu_fd_sc_mcu9t5v0__clkbuf_16)
   0.62   15.65 v _09512_/ZN (gf180mcu_fd_sc_mcu9t5v0__nand2_4)
   0.88   16.53 ^ _09513_/ZN (gf180mcu_fd_sc_mcu9t5v0__oai221_4)
   0.53   17.07 ^ _09514_/Z (gf180mcu_fd_sc_mcu9t5v0__or2_4)
   0.26   17.32 v _09519_/ZN (gf180mcu_fd_sc_mcu9t5v0__oai31_4)
   0.64   17.97 v rebuffer265/Z (gf180mcu_fd_sc_mcu9t5v0__buf_8)
   0.71   18.68 ^ _09541_/ZN (gf180mcu_fd_sc_mcu9t5v0__aoi21_4)
   0.35   19.02 v _15855_/ZN (gf180mcu_fd_sc_mcu9t5v0__oai31_4)
   0.73   19.76 v rebuffer262/Z (gf180mcu_fd_sc_mcu9t5v0__buf_8)
   1.87   21.63 ^ _15937_/ZN (gf180mcu_fd_sc_mcu9t5v0__aoi21_4)
   0.87   22.50 v _15991_/ZN (gf180mcu_fd_sc_mcu9t5v0__oai32_4)
   1.53   24.02 ^ _16106_/ZN (gf180mcu_fd_sc_mcu9t5v0__aoi211_4)
   0.73   24.75 ^ max_cap69/Z (gf180mcu_fd_sc_mcu9t5v0__clkbuf_16)
   0.89   25.65 v _16335_/ZN (gf180mcu_fd_sc_mcu9t5v0__nand2_4)
   0.86   26.51 ^ _16336_/ZN (gf180mcu_fd_sc_mcu9t5v0__oai21_4)
   0.62   27.13 ^ max_cap39/Z (gf180mcu_fd_sc_mcu9t5v0__buf_8)
   0.70   27.83 ^ wire38/Z (gf180mcu_fd_sc_mcu9t5v0__buf_4)
   0.58   28.41 ^ fanout237/Z (gf180mcu_fd_sc_mcu9t5v0__clkbuf_16)
   0.88   29.29 v _16348_/Z (gf180mcu_fd_sc_mcu9t5v0__mux2_4)
   0.00   29.29 v _18238_/D (gf180mcu_fd_sc_mcu9t5v0__dffq_4)
          29.29   data arrival time

  26.04   26.04   clock core_clk (rise edge)
   2.88   28.92   clock network delay (propagated)
   0.00   28.92   clock reconvergence pessimism
          28.92 ^ _18238_/CLK (gf180mcu_fd_sc_mcu9t5v0__dffq_4)
  -0.21   28.71   library setup time
          28.71   data required time
---------------------------------------------------------
          28.71   data required time
         -29.29   data arrival time
---------------------------------------------------------
          -0.58   slack (VIOLATED)


Startpoint: _18692_ (rising edge-triggered flip-flop clocked by core_clk)
Endpoint: _18240_ (rising edge-triggered flip-flop clocked by core_clk)
Path Group: core_clk
Path Type: max

  Delay    Time   Description
---------------------------------------------------------
   0.00    0.00   clock core_clk (rise edge)
   2.78    2.78   clock network delay (propagated)
   0.00    2.78 ^ _18692_/CLK (gf180mcu_fd_sc_mcu9t5v0__dffrnq_4)
   1.84    4.63 ^ _18692_/Q (gf180mcu_fd_sc_mcu9t5v0__dffrnq_4)
   1.15    5.78 v _09427_/ZN (gf180mcu_fd_sc_mcu9t5v0__xnor2_4)
   0.47    6.24 v _09428_/Z (gf180mcu_fd_sc_mcu9t5v0__and2_4)
   0.63    6.88 ^ _09435_/ZN (gf180mcu_fd_sc_mcu9t5v0__oai31_4)
   0.55    7.43 ^ eco7_buf_09435/Z (gf180mcu_fd_sc_mcu9t5v0__clkbuf_16)
   0.35    7.78 v _09438_/ZN (gf180mcu_fd_sc_mcu9t5v0__oai21_4)
   0.77    8.54 v _09445_/Z (gf180mcu_fd_sc_mcu9t5v0__and4_4)
   0.81    9.35 ^ _09450_/ZN (gf180mcu_fd_sc_mcu9t5v0__oai31_4)
   0.48    9.83 ^ eco7_buf_09450/Z (gf180mcu_fd_sc_mcu9t5v0__clkbuf_16)
   0.85   10.69 ^ _09454_/Z (gf180mcu_fd_sc_mcu9t5v0__and4_4)
   0.33   11.02 v _09456_/ZN (gf180mcu_fd_sc_mcu9t5v0__nand2_4)
   0.80   11.81 ^ _09461_/ZN (gf180mcu_fd_sc_mcu9t5v0__nand2_4)
   0.63   12.44 v _09462_/ZN (gf180mcu_fd_sc_mcu9t5v0__clkinv_8)
   0.67   13.11 v load_slew111/Z (gf180mcu_fd_sc_mcu9t5v0__clkbuf_16)
   1.00   14.11 ^ _09472_/ZN (gf180mcu_fd_sc_mcu9t5v0__oai21_4)
   0.92   15.03 ^ max_cap106/Z (gf180mcu_fd_sc_mcu9t5v0__clkbuf_16)
   0.62   15.65 v _09512_/ZN (gf180mcu_fd_sc_mcu9t5v0__nand2_4)
   0.88   16.53 ^ _09513_/ZN (gf180mcu_fd_sc_mcu9t5v0__oai221_4)
   0.53   17.07 ^ _09514_/Z (gf180mcu_fd_sc_mcu9t5v0__or2_4)
   0.26   17.32 v _09519_/ZN (gf180mcu_fd_sc_mcu9t5v0__oai31_4)
   0.64   17.97 v rebuffer265/Z (gf180mcu_fd_sc_mcu9t5v0__buf_8)
   0.71   18.68 ^ _09541_/ZN (gf180mcu_fd_sc_mcu9t5v0__aoi21_4)
   0.35   19.02 v _15855_/ZN (gf180mcu_fd_sc_mcu9t5v0__oai31_4)
   0.73   19.76 v rebuffer262/Z (gf180mcu_fd_sc_mcu9t5v0__buf_8)
   1.87   21.63 ^ _15937_/ZN (gf180mcu_fd_sc_mcu9t5v0__aoi21_4)
   0.87   22.50 v _15991_/ZN (gf180mcu_fd_sc_mcu9t5v0__oai32_4)
   1.53   24.02 ^ _16106_/ZN (gf180mcu_fd_sc_mcu9t5v0__aoi211_4)
   0.73   24.75 ^ max_cap69/Z (gf180mcu_fd_sc_mcu9t5v0__clkbuf_16)
   0.89   25.65 v _16335_/ZN (gf180mcu_fd_sc_mcu9t5v0__nand2_4)
   0.86   26.51 ^ _16336_/ZN (gf180mcu_fd_sc_mcu9t5v0__oai21_4)
   0.62   27.13 ^ max_cap39/Z (gf180mcu_fd_sc_mcu9t5v0__buf_8)
   0.70   27.83 ^ wire38/Z (gf180mcu_fd_sc_mcu9t5v0__buf_4)
   0.58   28.41 ^ fanout237/Z (gf180mcu_fd_sc_mcu9t5v0__clkbuf_16)
   0.88   29.29 v _16352_/Z (gf180mcu_fd_sc_mcu9t5v0__mux2_4)
   0.00   29.29 v _18240_/D (gf180mcu_fd_sc_mcu9t5v0__dffq_4)
          29.29   data arrival time

  26.04   26.04   clock core_clk (rise edge)
   2.90   28.94   clock network delay (propagated)
   0.00   28.94   clock reconvergence pessimism
          28.94 ^ _18240_/CLK (gf180mcu_fd_sc_mcu9t5v0__dffq_4)
  -0.20   28.74   library setup time
          28.74   data required time
---------------------------------------------------------
          28.74   data required time
         -29.29   data arrival time
---------------------------------------------------------
          -0.55   slack (VIOLATED)


Startpoint: _18692_ (rising edge-triggered flip-flop clocked by core_clk)
Endpoint: _18427_ (rising edge-triggered flip-flop clocked by core_clk)
Path Group: core_clk
Path Type: max

  Delay    Time   Description
---------------------------------------------------------
   0.00    0.00   clock core_clk (rise edge)
   2.78    2.78   clock network delay (propagated)
   0.00    2.78 ^ _18692_/CLK (gf180mcu_fd_sc_mcu9t5v0__dffrnq_4)
   1.84    4.63 ^ _18692_/Q (gf180mcu_fd_sc_mcu9t5v0__dffrnq_4)
   1.15    5.78 v _09427_/ZN (gf180mcu_fd_sc_mcu9t5v0__xnor2_4)
   0.47    6.24 v _09428_/Z (gf180mcu_fd_sc_mcu9t5v0__and2_4)
   0.63    6.88 ^ _09435_/ZN (gf180mcu_fd_sc_mcu9t5v0__oai31_4)
   0.55    7.43 ^ eco7_buf_09435/Z (gf180mcu_fd_sc_mcu9t5v0__clkbuf_16)
   0.35    7.78 v _09438_/ZN (gf180mcu_fd_sc_mcu9t5v0__oai21_4)
   0.77    8.54 v _09445_/Z (gf180mcu_fd_sc_mcu9t5v0__and4_4)
   0.81    9.35 ^ _09450_/ZN (gf180mcu_fd_sc_mcu9t5v0__oai31_4)
   0.48    9.83 ^ eco7_buf_09450/Z (gf180mcu_fd_sc_mcu9t5v0__clkbuf_16)
   0.85   10.69 ^ _09454_/Z (gf180mcu_fd_sc_mcu9t5v0__and4_4)
   0.33   11.02 v _09456_/ZN (gf180mcu_fd_sc_mcu9t5v0__nand2_4)
   0.80   11.81 ^ _09461_/ZN (gf180mcu_fd_sc_mcu9t5v0__nand2_4)
   0.63   12.44 v _09462_/ZN (gf180mcu_fd_sc_mcu9t5v0__clkinv_8)
   0.67   13.11 v load_slew111/Z (gf180mcu_fd_sc_mcu9t5v0__clkbuf_16)
   1.00   14.11 ^ _09472_/ZN (gf180mcu_fd_sc_mcu9t5v0__oai21_4)
   0.92   15.03 ^ max_cap106/Z (gf180mcu_fd_sc_mcu9t5v0__clkbuf_16)
   0.62   15.65 v _09512_/ZN (gf180mcu_fd_sc_mcu9t5v0__nand2_4)
   0.88   16.53 ^ _09513_/ZN (gf180mcu_fd_sc_mcu9t5v0__oai221_4)
   0.53   17.07 ^ _09514_/Z (gf180mcu_fd_sc_mcu9t5v0__or2_4)
   0.26   17.32 v _09519_/ZN (gf180mcu_fd_sc_mcu9t5v0__oai31_4)
   0.64   17.97 v rebuffer265/Z (gf180mcu_fd_sc_mcu9t5v0__buf_8)
   0.71   18.68 ^ _09541_/ZN (gf180mcu_fd_sc_mcu9t5v0__aoi21_4)
   0.35   19.02 v _15855_/ZN (gf180mcu_fd_sc_mcu9t5v0__oai31_4)
   0.73   19.76 v rebuffer262/Z (gf180mcu_fd_sc_mcu9t5v0__buf_8)
   1.87   21.63 ^ _15937_/ZN (gf180mcu_fd_sc_mcu9t5v0__aoi21_4)
   0.87   22.50 v _15991_/ZN (gf180mcu_fd_sc_mcu9t5v0__oai32_4)
   1.53   24.02 ^ _16106_/ZN (gf180mcu_fd_sc_mcu9t5v0__aoi211_4)
   0.73   24.75 ^ max_cap69/Z (gf180mcu_fd_sc_mcu9t5v0__clkbuf_16)
   0.89   25.65 v _16335_/ZN (gf180mcu_fd_sc_mcu9t5v0__nand2_4)
   0.86   26.51 ^ _16336_/ZN (gf180mcu_fd_sc_mcu9t5v0__oai21_4)
   0.62   27.13 ^ max_cap39/Z (gf180mcu_fd_sc_mcu9t5v0__buf_8)
   0.70   27.83 ^ wire38/Z (gf180mcu_fd_sc_mcu9t5v0__buf_4)
   0.58   28.41 ^ fanout237/Z (gf180mcu_fd_sc_mcu9t5v0__clkbuf_16)
   0.89   29.30 v _16870_/Z (gf180mcu_fd_sc_mcu9t5v0__mux2_4)
   0.00   29.30 v _18427_/D (gf180mcu_fd_sc_mcu9t5v0__dffq_4)
          29.30   data arrival time

  26.04   26.04   clock core_clk (rise edge)
   2.93   28.97   clock network delay (propagated)
   0.00   28.97   clock reconvergence pessimism
          28.97 ^ _18427_/CLK (gf180mcu_fd_sc_mcu9t5v0__dffq_4)
  -0.21   28.76   library setup time
          28.76   data required time
---------------------------------------------------------
          28.76   data required time
         -29.30   data arrival time
---------------------------------------------------------
          -0.53   slack (VIOLATED)


Startpoint: _18692_ (rising edge-triggered flip-flop clocked by core_clk)
Endpoint: _18432_ (rising edge-triggered flip-flop clocked by core_clk)
Path Group: core_clk
Path Type: max

  Delay    Time   Description
---------------------------------------------------------
   0.00    0.00   clock core_clk (rise edge)
   2.78    2.78   clock network delay (propagated)
   0.00    2.78 ^ _18692_/CLK (gf180mcu_fd_sc_mcu9t5v0__dffrnq_4)
   1.84    4.63 ^ _18692_/Q (gf180mcu_fd_sc_mcu9t5v0__dffrnq_4)
   1.15    5.78 v _09427_/ZN (gf180mcu_fd_sc_mcu9t5v0__xnor2_4)
   0.47    6.24 v _09428_/Z (gf180mcu_fd_sc_mcu9t5v0__and2_4)
   0.63    6.88 ^ _09435_/ZN (gf180mcu_fd_sc_mcu9t5v0__oai31_4)
   0.55    7.43 ^ eco7_buf_09435/Z (gf180mcu_fd_sc_mcu9t5v0__clkbuf_16)
   0.35    7.78 v _09438_/ZN (gf180mcu_fd_sc_mcu9t5v0__oai21_4)
   0.77    8.54 v _09445_/Z (gf180mcu_fd_sc_mcu9t5v0__and4_4)
   0.81    9.35 ^ _09450_/ZN (gf180mcu_fd_sc_mcu9t5v0__oai31_4)
   0.48    9.83 ^ eco7_buf_09450/Z (gf180mcu_fd_sc_mcu9t5v0__clkbuf_16)
   0.85   10.69 ^ _09454_/Z (gf180mcu_fd_sc_mcu9t5v0__and4_4)
   0.33   11.02 v _09456_/ZN (gf180mcu_fd_sc_mcu9t5v0__nand2_4)
   0.80   11.81 ^ _09461_/ZN (gf180mcu_fd_sc_mcu9t5v0__nand2_4)
   0.63   12.44 v _09462_/ZN (gf180mcu_fd_sc_mcu9t5v0__clkinv_8)
   0.67   13.11 v load_slew111/Z (gf180mcu_fd_sc_mcu9t5v0__clkbuf_16)
   1.00   14.11 ^ _09472_/ZN (gf180mcu_fd_sc_mcu9t5v0__oai21_4)
   0.92   15.03 ^ max_cap106/Z (gf180mcu_fd_sc_mcu9t5v0__clkbuf_16)
   0.62   15.65 v _09512_/ZN (gf180mcu_fd_sc_mcu9t5v0__nand2_4)
   0.88   16.53 ^ _09513_/ZN (gf180mcu_fd_sc_mcu9t5v0__oai221_4)
   0.53   17.07 ^ _09514_/Z (gf180mcu_fd_sc_mcu9t5v0__or2_4)
   0.26   17.32 v _09519_/ZN (gf180mcu_fd_sc_mcu9t5v0__oai31_4)
   0.64   17.97 v rebuffer265/Z (gf180mcu_fd_sc_mcu9t5v0__buf_8)
   0.71   18.68 ^ _09541_/ZN (gf180mcu_fd_sc_mcu9t5v0__aoi21_4)
   0.35   19.02 v _15855_/ZN (gf180mcu_fd_sc_mcu9t5v0__oai31_4)
   0.73   19.76 v rebuffer262/Z (gf180mcu_fd_sc_mcu9t5v0__buf_8)
   1.87   21.63 ^ _15937_/ZN (gf180mcu_fd_sc_mcu9t5v0__aoi21_4)
   0.87   22.50 v _15991_/ZN (gf180mcu_fd_sc_mcu9t5v0__oai32_4)
   1.53   24.02 ^ _16106_/ZN (gf180mcu_fd_sc_mcu9t5v0__aoi211_4)
   0.73   24.75 ^ max_cap69/Z (gf180mcu_fd_sc_mcu9t5v0__clkbuf_16)
   0.89   25.65 v _16335_/ZN (gf180mcu_fd_sc_mcu9t5v0__nand2_4)
   0.86   26.51 ^ _16336_/ZN (gf180mcu_fd_sc_mcu9t5v0__oai21_4)
   0.62   27.13 ^ max_cap39/Z (gf180mcu_fd_sc_mcu9t5v0__buf_8)
   0.70   27.83 ^ wire38/Z (gf180mcu_fd_sc_mcu9t5v0__buf_4)
   0.58   28.41 ^ fanout237/Z (gf180mcu_fd_sc_mcu9t5v0__clkbuf_16)
   0.85   29.26 v _16880_/Z (gf180mcu_fd_sc_mcu9t5v0__mux2_4)
   0.00   29.26 v _18432_/D (gf180mcu_fd_sc_mcu9t5v0__dffq_4)
          29.26   data arrival time

  26.04   26.04   clock core_clk (rise edge)
   2.90   28.94   clock network delay (propagated)
   0.00   28.94   clock reconvergence pessimism
          28.94 ^ _18432_/CLK (gf180mcu_fd_sc_mcu9t5v0__dffq_4)
  -0.20   28.74   library setup time
          28.74   data required time
---------------------------------------------------------
          28.74   data required time
         -29.26   data arrival time
---------------------------------------------------------
          -0.53   slack (VIOLATED)


Startpoint: _18692_ (rising edge-triggered flip-flop clocked by core_clk)
Endpoint: _18429_ (rising edge-triggered flip-flop clocked by core_clk)
Path Group: core_clk
Path Type: max

  Delay    Time   Description
---------------------------------------------------------
   0.00    0.00   clock core_clk (rise edge)
   2.78    2.78   clock network delay (propagated)
   0.00    2.78 ^ _18692_/CLK (gf180mcu_fd_sc_mcu9t5v0__dffrnq_4)
   1.84    4.63 ^ _18692_/Q (gf180mcu_fd_sc_mcu9t5v0__dffrnq_4)
   1.15    5.78 v _09427_/ZN (gf180mcu_fd_sc_mcu9t5v0__xnor2_4)
   0.47    6.24 v _09428_/Z (gf180mcu_fd_sc_mcu9t5v0__and2_4)
   0.63    6.88 ^ _09435_/ZN (gf180mcu_fd_sc_mcu9t5v0__oai31_4)
   0.55    7.43 ^ eco7_buf_09435/Z (gf180mcu_fd_sc_mcu9t5v0__clkbuf_16)
   0.35    7.78 v _09438_/ZN (gf180mcu_fd_sc_mcu9t5v0__oai21_4)
   0.77    8.54 v _09445_/Z (gf180mcu_fd_sc_mcu9t5v0__and4_4)
   0.81    9.35 ^ _09450_/ZN (gf180mcu_fd_sc_mcu9t5v0__oai31_4)
   0.48    9.83 ^ eco7_buf_09450/Z (gf180mcu_fd_sc_mcu9t5v0__clkbuf_16)
   0.85   10.69 ^ _09454_/Z (gf180mcu_fd_sc_mcu9t5v0__and4_4)
   0.33   11.02 v _09456_/ZN (gf180mcu_fd_sc_mcu9t5v0__nand2_4)
   0.80   11.81 ^ _09461_/ZN (gf180mcu_fd_sc_mcu9t5v0__nand2_4)
   0.63   12.44 v _09462_/ZN (gf180mcu_fd_sc_mcu9t5v0__clkinv_8)
   0.67   13.11 v load_slew111/Z (gf180mcu_fd_sc_mcu9t5v0__clkbuf_16)
   1.00   14.11 ^ _09472_/ZN (gf180mcu_fd_sc_mcu9t5v0__oai21_4)
   0.92   15.03 ^ max_cap106/Z (gf180mcu_fd_sc_mcu9t5v0__clkbuf_16)
   0.62   15.65 v _09512_/ZN (gf180mcu_fd_sc_mcu9t5v0__nand2_4)
   0.88   16.53 ^ _09513_/ZN (gf180mcu_fd_sc_mcu9t5v0__oai221_4)
   0.53   17.07 ^ _09514_/Z (gf180mcu_fd_sc_mcu9t5v0__or2_4)
   0.26   17.32 v _09519_/ZN (gf180mcu_fd_sc_mcu9t5v0__oai31_4)
   0.64   17.97 v rebuffer265/Z (gf180mcu_fd_sc_mcu9t5v0__buf_8)
   0.71   18.68 ^ _09541_/ZN (gf180mcu_fd_sc_mcu9t5v0__aoi21_4)
   0.35   19.02 v _15855_/ZN (gf180mcu_fd_sc_mcu9t5v0__oai31_4)
   0.73   19.76 v rebuffer262/Z (gf180mcu_fd_sc_mcu9t5v0__buf_8)
   1.87   21.63 ^ _15937_/ZN (gf180mcu_fd_sc_mcu9t5v0__aoi21_4)
   0.87   22.50 v _15991_/ZN (gf180mcu_fd_sc_mcu9t5v0__oai32_4)
   1.53   24.02 ^ _16106_/ZN (gf180mcu_fd_sc_mcu9t5v0__aoi211_4)
   0.73   24.75 ^ max_cap69/Z (gf180mcu_fd_sc_mcu9t5v0__clkbuf_16)
   0.89   25.65 v _16335_/ZN (gf180mcu_fd_sc_mcu9t5v0__nand2_4)
   0.86   26.51 ^ _16336_/ZN (gf180mcu_fd_sc_mcu9t5v0__oai21_4)
   0.62   27.13 ^ max_cap39/Z (gf180mcu_fd_sc_mcu9t5v0__buf_8)
   0.70   27.83 ^ wire38/Z (gf180mcu_fd_sc_mcu9t5v0__buf_4)
   0.58   28.41 ^ fanout237/Z (gf180mcu_fd_sc_mcu9t5v0__clkbuf_16)
   0.89   29.30 v _16874_/Z (gf180mcu_fd_sc_mcu9t5v0__mux2_4)
   0.00   29.30 v _18429_/D (gf180mcu_fd_sc_mcu9t5v0__dffq_1)
          29.30   data arrival time

  26.04   26.04   clock core_clk (rise edge)
   2.93   28.97   clock network delay (propagated)
   0.00   28.97   clock reconvergence pessimism
          28.97 ^ _18429_/CLK (gf180mcu_fd_sc_mcu9t5v0__dffq_1)
  -0.19   28.78   library setup time
          28.78   data required time
---------------------------------------------------------
          28.78   data required time
         -29.30   data arrival time
---------------------------------------------------------
          -0.52   slack (VIOLATED)


Startpoint: _18692_ (rising edge-triggered flip-flop clocked by core_clk)
Endpoint: _18304_ (rising edge-triggered flip-flop clocked by core_clk)
Path Group: core_clk
Path Type: max

  Delay    Time   Description
---------------------------------------------------------
   0.00    0.00   clock core_clk (rise edge)
   2.78    2.78   clock network delay (propagated)
   0.00    2.78 ^ _18692_/CLK (gf180mcu_fd_sc_mcu9t5v0__dffrnq_4)
   1.84    4.63 ^ _18692_/Q (gf180mcu_fd_sc_mcu9t5v0__dffrnq_4)
   1.15    5.78 v _09427_/ZN (gf180mcu_fd_sc_mcu9t5v0__xnor2_4)
   0.47    6.24 v _09428_/Z (gf180mcu_fd_sc_mcu9t5v0__and2_4)
   0.63    6.88 ^ _09435_/ZN (gf180mcu_fd_sc_mcu9t5v0__oai31_4)
   0.55    7.43 ^ eco7_buf_09435/Z (gf180mcu_fd_sc_mcu9t5v0__clkbuf_16)
   0.35    7.78 v _09438_/ZN (gf180mcu_fd_sc_mcu9t5v0__oai21_4)
   0.77    8.54 v _09445_/Z (gf180mcu_fd_sc_mcu9t5v0__and4_4)
   0.81    9.35 ^ _09450_/ZN (gf180mcu_fd_sc_mcu9t5v0__oai31_4)
   0.48    9.83 ^ eco7_buf_09450/Z (gf180mcu_fd_sc_mcu9t5v0__clkbuf_16)
   0.85   10.69 ^ _09454_/Z (gf180mcu_fd_sc_mcu9t5v0__and4_4)
   0.33   11.02 v _09456_/ZN (gf180mcu_fd_sc_mcu9t5v0__nand2_4)
   0.80   11.81 ^ _09461_/ZN (gf180mcu_fd_sc_mcu9t5v0__nand2_4)
   0.63   12.44 v _09462_/ZN (gf180mcu_fd_sc_mcu9t5v0__clkinv_8)
   0.67   13.11 v load_slew111/Z (gf180mcu_fd_sc_mcu9t5v0__clkbuf_16)
   1.00   14.11 ^ _09472_/ZN (gf180mcu_fd_sc_mcu9t5v0__oai21_4)
   0.92   15.03 ^ max_cap106/Z (gf180mcu_fd_sc_mcu9t5v0__clkbuf_16)
   0.62   15.65 v _09512_/ZN (gf180mcu_fd_sc_mcu9t5v0__nand2_4)
   0.88   16.53 ^ _09513_/ZN (gf180mcu_fd_sc_mcu9t5v0__oai221_4)
   0.53   17.07 ^ _09514_/Z (gf180mcu_fd_sc_mcu9t5v0__or2_4)
   0.26   17.32 v _09519_/ZN (gf180mcu_fd_sc_mcu9t5v0__oai31_4)
   0.64   17.97 v rebuffer265/Z (gf180mcu_fd_sc_mcu9t5v0__buf_8)
   0.71   18.68 ^ _09541_/ZN (gf180mcu_fd_sc_mcu9t5v0__aoi21_4)
   0.35   19.02 v _15855_/ZN (gf180mcu_fd_sc_mcu9t5v0__oai31_4)
   0.73   19.76 v rebuffer262/Z (gf180mcu_fd_sc_mcu9t5v0__buf_8)
   1.87   21.63 ^ _15937_/ZN (gf180mcu_fd_sc_mcu9t5v0__aoi21_4)
   0.87   22.50 v _15991_/ZN (gf180mcu_fd_sc_mcu9t5v0__oai32_4)
   1.53   24.02 ^ _16106_/ZN (gf180mcu_fd_sc_mcu9t5v0__aoi211_4)
   0.35   24.38 v _16477_/ZN (gf180mcu_fd_sc_mcu9t5v0__nand2_4)
   0.85   25.22 v max_cap48/Z (gf180mcu_fd_sc_mcu9t5v0__clkbuf_8)
   0.97   26.19 ^ _16478_/ZN (gf180mcu_fd_sc_mcu9t5v0__oai21_4)
   0.63   26.82 ^ max_cap27/Z (gf180mcu_fd_sc_mcu9t5v0__clkbuf_16)
   0.44   27.26 ^ max_cap255/Z (gf180mcu_fd_sc_mcu9t5v0__clkbuf_16)
   0.42   27.67 ^ max_cap26/Z (gf180mcu_fd_sc_mcu9t5v0__clkbuf_16)
   0.49   28.16 ^ fanout243/Z (gf180mcu_fd_sc_mcu9t5v0__clkbuf_16)
   0.98   29.14 v _16494_/Z (gf180mcu_fd_sc_mcu9t5v0__mux2_4)
   0.00   29.15 v _18304_/D (gf180mcu_fd_sc_mcu9t5v0__dffq_4)
          29.15   data arrival time

  26.04   26.04   clock core_clk (rise edge)
   2.91   28.95   clock network delay (propagated)
   0.00   28.95   clock reconvergence pessimism
          28.95 ^ _18304_/CLK (gf180mcu_fd_sc_mcu9t5v0__dffq_4)
  -0.23   28.72   library setup time
          28.72   data required time
---------------------------------------------------------
          28.72   data required time
         -29.15   data arrival time
---------------------------------------------------------
          -0.43   slack (VIOLATED)


Startpoint: _18692_ (rising edge-triggered flip-flop clocked by core_clk)
Endpoint: _18430_ (rising edge-triggered flip-flop clocked by core_clk)
Path Group: core_clk
Path Type: max

  Delay    Time   Description
---------------------------------------------------------
   0.00    0.00   clock core_clk (rise edge)
   2.78    2.78   clock network delay (propagated)
   0.00    2.78 ^ _18692_/CLK (gf180mcu_fd_sc_mcu9t5v0__dffrnq_4)
   1.84    4.63 ^ _18692_/Q (gf180mcu_fd_sc_mcu9t5v0__dffrnq_4)
   1.15    5.78 v _09427_/ZN (gf180mcu_fd_sc_mcu9t5v0__xnor2_4)
   0.47    6.24 v _09428_/Z (gf180mcu_fd_sc_mcu9t5v0__and2_4)
   0.63    6.88 ^ _09435_/ZN (gf180mcu_fd_sc_mcu9t5v0__oai31_4)
   0.55    7.43 ^ eco7_buf_09435/Z (gf180mcu_fd_sc_mcu9t5v0__clkbuf_16)
   0.35    7.78 v _09438_/ZN (gf180mcu_fd_sc_mcu9t5v0__oai21_4)
   0.77    8.54 v _09445_/Z (gf180mcu_fd_sc_mcu9t5v0__and4_4)
   0.81    9.35 ^ _09450_/ZN (gf180mcu_fd_sc_mcu9t5v0__oai31_4)
   0.48    9.83 ^ eco7_buf_09450/Z (gf180mcu_fd_sc_mcu9t5v0__clkbuf_16)
   0.85   10.69 ^ _09454_/Z (gf180mcu_fd_sc_mcu9t5v0__and4_4)
   0.33   11.02 v _09456_/ZN (gf180mcu_fd_sc_mcu9t5v0__nand2_4)
   0.80   11.81 ^ _09461_/ZN (gf180mcu_fd_sc_mcu9t5v0__nand2_4)
   0.63   12.44 v _09462_/ZN (gf180mcu_fd_sc_mcu9t5v0__clkinv_8)
   0.67   13.11 v load_slew111/Z (gf180mcu_fd_sc_mcu9t5v0__clkbuf_16)
   1.00   14.11 ^ _09472_/ZN (gf180mcu_fd_sc_mcu9t5v0__oai21_4)
   0.92   15.03 ^ max_cap106/Z (gf180mcu_fd_sc_mcu9t5v0__clkbuf_16)
   0.62   15.65 v _09512_/ZN (gf180mcu_fd_sc_mcu9t5v0__nand2_4)
   0.88   16.53 ^ _09513_/ZN (gf180mcu_fd_sc_mcu9t5v0__oai221_4)
   0.53   17.07 ^ _09514_/Z (gf180mcu_fd_sc_mcu9t5v0__or2_4)
   0.26   17.32 v _09519_/ZN (gf180mcu_fd_sc_mcu9t5v0__oai31_4)
   0.64   17.97 v rebuffer265/Z (gf180mcu_fd_sc_mcu9t5v0__buf_8)
   0.71   18.68 ^ _09541_/ZN (gf180mcu_fd_sc_mcu9t5v0__aoi21_4)
   0.35   19.02 v _15855_/ZN (gf180mcu_fd_sc_mcu9t5v0__oai31_4)
   0.73   19.76 v rebuffer262/Z (gf180mcu_fd_sc_mcu9t5v0__buf_8)
   1.87   21.63 ^ _15937_/ZN (gf180mcu_fd_sc_mcu9t5v0__aoi21_4)
   0.87   22.50 v _15991_/ZN (gf180mcu_fd_sc_mcu9t5v0__oai32_4)
   1.53   24.02 ^ _16106_/ZN (gf180mcu_fd_sc_mcu9t5v0__aoi211_4)
   0.73   24.75 ^ max_cap69/Z (gf180mcu_fd_sc_mcu9t5v0__clkbuf_16)
   0.89   25.65 v _16335_/ZN (gf180mcu_fd_sc_mcu9t5v0__nand2_4)
   0.86   26.51 ^ _16336_/ZN (gf180mcu_fd_sc_mcu9t5v0__oai21_4)
   0.62   27.13 ^ max_cap39/Z (gf180mcu_fd_sc_mcu9t5v0__buf_8)
   0.70   27.83 ^ wire38/Z (gf180mcu_fd_sc_mcu9t5v0__buf_4)
   0.58   28.41 ^ fanout237/Z (gf180mcu_fd_sc_mcu9t5v0__clkbuf_16)
   0.88   29.29 v _16876_/Z (gf180mcu_fd_sc_mcu9t5v0__mux2_4)
   0.00   29.29 v _18430_/D (gf180mcu_fd_sc_mcu9t5v0__dffq_1)
          29.29   data arrival time

  26.04   26.04   clock core_clk (rise edge)
   3.00   29.05   clock network delay (propagated)
   0.00   29.05   clock reconvergence pessimism
          29.05 ^ _18430_/CLK (gf180mcu_fd_sc_mcu9t5v0__dffq_1)
  -0.18   28.87   library setup time
          28.87   data required time
---------------------------------------------------------
          28.87   data required time
         -29.29   data arrival time
---------------------------------------------------------
          -0.42   slack (VIOLATED)


Startpoint: _18692_ (rising edge-triggered flip-flop clocked by core_clk)
Endpoint: _18237_ (rising edge-triggered flip-flop clocked by core_clk)
Path Group: core_clk
Path Type: max

  Delay    Time   Description
---------------------------------------------------------
   0.00    0.00   clock core_clk (rise edge)
   2.78    2.78   clock network delay (propagated)
   0.00    2.78 ^ _18692_/CLK (gf180mcu_fd_sc_mcu9t5v0__dffrnq_4)
   1.84    4.63 ^ _18692_/Q (gf180mcu_fd_sc_mcu9t5v0__dffrnq_4)
   1.15    5.78 v _09427_/ZN (gf180mcu_fd_sc_mcu9t5v0__xnor2_4)
   0.47    6.24 v _09428_/Z (gf180mcu_fd_sc_mcu9t5v0__and2_4)
   0.63    6.88 ^ _09435_/ZN (gf180mcu_fd_sc_mcu9t5v0__oai31_4)
   0.55    7.43 ^ eco7_buf_09435/Z (gf180mcu_fd_sc_mcu9t5v0__clkbuf_16)
   0.35    7.78 v _09438_/ZN (gf180mcu_fd_sc_mcu9t5v0__oai21_4)
   0.77    8.54 v _09445_/Z (gf180mcu_fd_sc_mcu9t5v0__and4_4)
   0.81    9.35 ^ _09450_/ZN (gf180mcu_fd_sc_mcu9t5v0__oai31_4)
   0.48    9.83 ^ eco7_buf_09450/Z (gf180mcu_fd_sc_mcu9t5v0__clkbuf_16)
   0.85   10.69 ^ _09454_/Z (gf180mcu_fd_sc_mcu9t5v0__and4_4)
   0.33   11.02 v _09456_/ZN (gf180mcu_fd_sc_mcu9t5v0__nand2_4)
   0.80   11.81 ^ _09461_/ZN (gf180mcu_fd_sc_mcu9t5v0__nand2_4)
   0.63   12.44 v _09462_/ZN (gf180mcu_fd_sc_mcu9t5v0__clkinv_8)
   0.67   13.11 v load_slew111/Z (gf180mcu_fd_sc_mcu9t5v0__clkbuf_16)
   1.00   14.11 ^ _09472_/ZN (gf180mcu_fd_sc_mcu9t5v0__oai21_4)
   0.92   15.03 ^ max_cap106/Z (gf180mcu_fd_sc_mcu9t5v0__clkbuf_16)
   0.62   15.65 v _09512_/ZN (gf180mcu_fd_sc_mcu9t5v0__nand2_4)
   0.88   16.53 ^ _09513_/ZN (gf180mcu_fd_sc_mcu9t5v0__oai221_4)
   0.53   17.07 ^ _09514_/Z (gf180mcu_fd_sc_mcu9t5v0__or2_4)
   0.26   17.32 v _09519_/ZN (gf180mcu_fd_sc_mcu9t5v0__oai31_4)
   0.64   17.97 v rebuffer265/Z (gf180mcu_fd_sc_mcu9t5v0__buf_8)
   0.71   18.68 ^ _09541_/ZN (gf180mcu_fd_sc_mcu9t5v0__aoi21_4)
   0.35   19.02 v _15855_/ZN (gf180mcu_fd_sc_mcu9t5v0__oai31_4)
   0.73   19.76 v rebuffer262/Z (gf180mcu_fd_sc_mcu9t5v0__buf_8)
   1.87   21.63 ^ _15937_/ZN (gf180mcu_fd_sc_mcu9t5v0__aoi21_4)
   0.87   22.50 v _15991_/ZN (gf180mcu_fd_sc_mcu9t5v0__oai32_4)
   1.53   24.02 ^ _16106_/ZN (gf180mcu_fd_sc_mcu9t5v0__aoi211_4)
   0.73   24.75 ^ max_cap69/Z (gf180mcu_fd_sc_mcu9t5v0__clkbuf_16)
   0.89   25.65 v _16335_/ZN (gf180mcu_fd_sc_mcu9t5v0__nand2_4)
   0.86   26.51 ^ _16336_/ZN (gf180mcu_fd_sc_mcu9t5v0__oai21_4)
   0.62   27.13 ^ max_cap39/Z (gf180mcu_fd_sc_mcu9t5v0__buf_8)
   0.70   27.83 ^ wire38/Z (gf180mcu_fd_sc_mcu9t5v0__buf_4)
   0.58   28.41 ^ fanout237/Z (gf180mcu_fd_sc_mcu9t5v0__clkbuf_16)
   0.88   29.29 v _16346_/Z (gf180mcu_fd_sc_mcu9t5v0__mux2_4)
   0.00   29.29 v _18237_/D (gf180mcu_fd_sc_mcu9t5v0__dffq_1)
          29.29   data arrival time

  26.04   26.04   clock core_clk (rise edge)
   3.01   29.05   clock network delay (propagated)
   0.00   29.05   clock reconvergence pessimism
          29.05 ^ _18237_/CLK (gf180mcu_fd_sc_mcu9t5v0__dffq_1)
  -0.17   28.87   library setup time
          28.87   data required time
---------------------------------------------------------
          28.87   data required time
         -29.29   data arrival time
---------------------------------------------------------
          -0.42   slack (VIOLATED)


Startpoint: _18692_ (rising edge-triggered flip-flop clocked by core_clk)
Endpoint: _18281_ (rising edge-triggered flip-flop clocked by core_clk)
Path Group: core_clk
Path Type: max

  Delay    Time   Description
---------------------------------------------------------
   0.00    0.00   clock core_clk (rise edge)
   2.78    2.78   clock network delay (propagated)
   0.00    2.78 ^ _18692_/CLK (gf180mcu_fd_sc_mcu9t5v0__dffrnq_4)
   1.84    4.63 ^ _18692_/Q (gf180mcu_fd_sc_mcu9t5v0__dffrnq_4)
   1.15    5.78 v _09427_/ZN (gf180mcu_fd_sc_mcu9t5v0__xnor2_4)
   0.47    6.24 v _09428_/Z (gf180mcu_fd_sc_mcu9t5v0__and2_4)
   0.63    6.88 ^ _09435_/ZN (gf180mcu_fd_sc_mcu9t5v0__oai31_4)
   0.55    7.43 ^ eco7_buf_09435/Z (gf180mcu_fd_sc_mcu9t5v0__clkbuf_16)
   0.35    7.78 v _09438_/ZN (gf180mcu_fd_sc_mcu9t5v0__oai21_4)
   0.77    8.54 v _09445_/Z (gf180mcu_fd_sc_mcu9t5v0__and4_4)
   0.81    9.35 ^ _09450_/ZN (gf180mcu_fd_sc_mcu9t5v0__oai31_4)
   0.48    9.83 ^ eco7_buf_09450/Z (gf180mcu_fd_sc_mcu9t5v0__clkbuf_16)
   0.85   10.69 ^ _09454_/Z (gf180mcu_fd_sc_mcu9t5v0__and4_4)
   0.33   11.02 v _09456_/ZN (gf180mcu_fd_sc_mcu9t5v0__nand2_4)
   0.80   11.81 ^ _09461_/ZN (gf180mcu_fd_sc_mcu9t5v0__nand2_4)
   0.63   12.44 v _09462_/ZN (gf180mcu_fd_sc_mcu9t5v0__clkinv_8)
   0.67   13.11 v load_slew111/Z (gf180mcu_fd_sc_mcu9t5v0__clkbuf_16)
   1.00   14.11 ^ _09472_/ZN (gf180mcu_fd_sc_mcu9t5v0__oai21_4)
   0.92   15.03 ^ max_cap106/Z (gf180mcu_fd_sc_mcu9t5v0__clkbuf_16)
   0.62   15.65 v _09512_/ZN (gf180mcu_fd_sc_mcu9t5v0__nand2_4)
   0.88   16.53 ^ _09513_/ZN (gf180mcu_fd_sc_mcu9t5v0__oai221_4)
   0.53   17.07 ^ _09514_/Z (gf180mcu_fd_sc_mcu9t5v0__or2_4)
   0.26   17.32 v _09519_/ZN (gf180mcu_fd_sc_mcu9t5v0__oai31_4)
   0.64   17.97 v rebuffer265/Z (gf180mcu_fd_sc_mcu9t5v0__buf_8)
   0.71   18.68 ^ _09541_/ZN (gf180mcu_fd_sc_mcu9t5v0__aoi21_4)
   0.35   19.02 v _15855_/ZN (gf180mcu_fd_sc_mcu9t5v0__oai31_4)
   0.73   19.76 v rebuffer262/Z (gf180mcu_fd_sc_mcu9t5v0__buf_8)
   1.87   21.63 ^ _15937_/ZN (gf180mcu_fd_sc_mcu9t5v0__aoi21_4)
   0.87   22.50 v _15991_/ZN (gf180mcu_fd_sc_mcu9t5v0__oai32_4)
   1.51   24.01 ^ _15992_/ZN (gf180mcu_fd_sc_mcu9t5v0__nor4_4)
   0.64   24.65 ^ rebuffer229/Z (gf180mcu_fd_sc_mcu9t5v0__buf_12)
   0.96   25.61 v _16441_/ZN (gf180mcu_fd_sc_mcu9t5v0__nand2_4)
   1.06   26.67 v max_cap50/Z (gf180mcu_fd_sc_mcu9t5v0__clkbuf_8)
   1.26   27.93 ^ _16445_/Z (gf180mcu_fd_sc_mcu9t5v0__mux2_1)
   1.04   28.97 ^ _16446_/Z (gf180mcu_fd_sc_mcu9t5v0__mux2_1)
   0.00   28.97 ^ _18281_/D (gf180mcu_fd_sc_mcu9t5v0__dffq_1)
          28.97   data arrival time

  26.04   26.04   clock core_clk (rise edge)
   2.95   28.99   clock network delay (propagated)
   0.00   28.99   clock reconvergence pessimism
          28.99 ^ _18281_/CLK (gf180mcu_fd_sc_mcu9t5v0__dffq_1)
  -0.42   28.58   library setup time
          28.58   data required time
---------------------------------------------------------
          28.58   data required time
         -28.97   data arrival time
---------------------------------------------------------
          -0.40   slack (VIOLATED)


Startpoint: _18692_ (rising edge-triggered flip-flop clocked by core_clk)
Endpoint: _18265_ (rising edge-triggered flip-flop clocked by core_clk)
Path Group: core_clk
Path Type: max

  Delay    Time   Description
---------------------------------------------------------
   0.00    0.00   clock core_clk (rise edge)
   2.78    2.78   clock network delay (propagated)
   0.00    2.78 ^ _18692_/CLK (gf180mcu_fd_sc_mcu9t5v0__dffrnq_4)
   1.84    4.63 ^ _18692_/Q (gf180mcu_fd_sc_mcu9t5v0__dffrnq_4)
   1.15    5.78 v _09427_/ZN (gf180mcu_fd_sc_mcu9t5v0__xnor2_4)
   0.47    6.24 v _09428_/Z (gf180mcu_fd_sc_mcu9t5v0__and2_4)
   0.63    6.88 ^ _09435_/ZN (gf180mcu_fd_sc_mcu9t5v0__oai31_4)
   0.55    7.43 ^ eco7_buf_09435/Z (gf180mcu_fd_sc_mcu9t5v0__clkbuf_16)
   0.35    7.78 v _09438_/ZN (gf180mcu_fd_sc_mcu9t5v0__oai21_4)
   0.77    8.54 v _09445_/Z (gf180mcu_fd_sc_mcu9t5v0__and4_4)
   0.81    9.35 ^ _09450_/ZN (gf180mcu_fd_sc_mcu9t5v0__oai31_4)
   0.48    9.83 ^ eco7_buf_09450/Z (gf180mcu_fd_sc_mcu9t5v0__clkbuf_16)
   0.85   10.69 ^ _09454_/Z (gf180mcu_fd_sc_mcu9t5v0__and4_4)
   0.33   11.02 v _09456_/ZN (gf180mcu_fd_sc_mcu9t5v0__nand2_4)
   0.80   11.81 ^ _09461_/ZN (gf180mcu_fd_sc_mcu9t5v0__nand2_4)
   0.63   12.44 v _09462_/ZN (gf180mcu_fd_sc_mcu9t5v0__clkinv_8)
   0.67   13.11 v load_slew111/Z (gf180mcu_fd_sc_mcu9t5v0__clkbuf_16)
   1.00   14.11 ^ _09472_/ZN (gf180mcu_fd_sc_mcu9t5v0__oai21_4)
   0.92   15.03 ^ max_cap106/Z (gf180mcu_fd_sc_mcu9t5v0__clkbuf_16)
   0.62   15.65 v _09512_/ZN (gf180mcu_fd_sc_mcu9t5v0__nand2_4)
   0.88   16.53 ^ _09513_/ZN (gf180mcu_fd_sc_mcu9t5v0__oai221_4)
   0.53   17.07 ^ _09514_/Z (gf180mcu_fd_sc_mcu9t5v0__or2_4)
   0.26   17.32 v _09519_/ZN (gf180mcu_fd_sc_mcu9t5v0__oai31_4)
   0.64   17.97 v rebuffer265/Z (gf180mcu_fd_sc_mcu9t5v0__buf_8)
   0.71   18.68 ^ _09541_/ZN (gf180mcu_fd_sc_mcu9t5v0__aoi21_4)
   0.35   19.02 v _15855_/ZN (gf180mcu_fd_sc_mcu9t5v0__oai31_4)
   0.73   19.76 v rebuffer262/Z (gf180mcu_fd_sc_mcu9t5v0__buf_8)
   1.87   21.63 ^ _15937_/ZN (gf180mcu_fd_sc_mcu9t5v0__aoi21_4)
   1.15   22.78 v _15944_/ZN (gf180mcu_fd_sc_mcu9t5v0__nor3_4)
   0.99   23.76 v max_cap97/Z (gf180mcu_fd_sc_mcu9t5v0__clkbuf_4)
   2.60   26.36 ^ _16002_/Z (gf180mcu_fd_sc_mcu9t5v0__mux2_1)
   1.04   27.40 v _16238_/ZN (gf180mcu_fd_sc_mcu9t5v0__nand2_1)
   0.84   28.24 ^ _16406_/ZN (gf180mcu_fd_sc_mcu9t5v0__nand2_1)
   0.75   28.99 ^ _16407_/Z (gf180mcu_fd_sc_mcu9t5v0__mux2_1)
   0.00   28.99 ^ _18265_/D (gf180mcu_fd_sc_mcu9t5v0__dffq_1)
          28.99   data arrival time

  26.04   26.04   clock core_clk (rise edge)
   2.92   28.96   clock network delay (propagated)
   0.00   28.96   clock reconvergence pessimism
          28.96 ^ _18265_/CLK (gf180mcu_fd_sc_mcu9t5v0__dffq_1)
  -0.36   28.60   library setup time
          28.60   data required time
---------------------------------------------------------
          28.60   data required time
         -28.99   data arrival time
---------------------------------------------------------
          -0.39   slack (VIOLATED)


Startpoint: _18692_ (rising edge-triggered flip-flop clocked by core_clk)
Endpoint: _18501_ (rising edge-triggered flip-flop clocked by core_clk)
Path Group: core_clk
Path Type: max

  Delay    Time   Description
---------------------------------------------------------
   0.00    0.00   clock core_clk (rise edge)
   2.78    2.78   clock network delay (propagated)
   0.00    2.78 ^ _18692_/CLK (gf180mcu_fd_sc_mcu9t5v0__dffrnq_4)
   1.84    4.63 ^ _18692_/Q (gf180mcu_fd_sc_mcu9t5v0__dffrnq_4)
   1.15    5.78 v _09427_/ZN (gf180mcu_fd_sc_mcu9t5v0__xnor2_4)
   0.47    6.24 v _09428_/Z (gf180mcu_fd_sc_mcu9t5v0__and2_4)
   0.63    6.88 ^ _09435_/ZN (gf180mcu_fd_sc_mcu9t5v0__oai31_4)
   0.55    7.43 ^ eco7_buf_09435/Z (gf180mcu_fd_sc_mcu9t5v0__clkbuf_16)
   0.35    7.78 v _09438_/ZN (gf180mcu_fd_sc_mcu9t5v0__oai21_4)
   0.77    8.54 v _09445_/Z (gf180mcu_fd_sc_mcu9t5v0__and4_4)
   0.81    9.35 ^ _09450_/ZN (gf180mcu_fd_sc_mcu9t5v0__oai31_4)
   0.48    9.83 ^ eco7_buf_09450/Z (gf180mcu_fd_sc_mcu9t5v0__clkbuf_16)
   0.85   10.69 ^ _09454_/Z (gf180mcu_fd_sc_mcu9t5v0__and4_4)
   0.33   11.02 v _09456_/ZN (gf180mcu_fd_sc_mcu9t5v0__nand2_4)
   0.80   11.81 ^ _09461_/ZN (gf180mcu_fd_sc_mcu9t5v0__nand2_4)
   0.63   12.44 v _09462_/ZN (gf180mcu_fd_sc_mcu9t5v0__clkinv_8)
   0.67   13.11 v load_slew111/Z (gf180mcu_fd_sc_mcu9t5v0__clkbuf_16)
   1.00   14.11 ^ _09472_/ZN (gf180mcu_fd_sc_mcu9t5v0__oai21_4)
   0.92   15.03 ^ max_cap106/Z (gf180mcu_fd_sc_mcu9t5v0__clkbuf_16)
   0.62   15.65 v _09512_/ZN (gf180mcu_fd_sc_mcu9t5v0__nand2_4)
   0.88   16.53 ^ _09513_/ZN (gf180mcu_fd_sc_mcu9t5v0__oai221_4)
   0.53   17.07 ^ _09514_/Z (gf180mcu_fd_sc_mcu9t5v0__or2_4)
   0.26   17.32 v _09519_/ZN (gf180mcu_fd_sc_mcu9t5v0__oai31_4)
   0.64   17.97 v rebuffer265/Z (gf180mcu_fd_sc_mcu9t5v0__buf_8)
   0.71   18.68 ^ _09541_/ZN (gf180mcu_fd_sc_mcu9t5v0__aoi21_4)
   0.35   19.02 v _15855_/ZN (gf180mcu_fd_sc_mcu9t5v0__oai31_4)
   0.73   19.76 v rebuffer262/Z (gf180mcu_fd_sc_mcu9t5v0__buf_8)
   1.87   21.63 ^ _15937_/ZN (gf180mcu_fd_sc_mcu9t5v0__aoi21_4)
   0.87   22.50 v _15991_/ZN (gf180mcu_fd_sc_mcu9t5v0__oai32_4)
   1.53   24.02 ^ _16106_/ZN (gf180mcu_fd_sc_mcu9t5v0__aoi211_4)
   0.35   24.38 v _16477_/ZN (gf180mcu_fd_sc_mcu9t5v0__nand2_4)
   0.85   25.22 v max_cap48/Z (gf180mcu_fd_sc_mcu9t5v0__clkbuf_8)
   0.97   26.19 ^ _16478_/ZN (gf180mcu_fd_sc_mcu9t5v0__oai21_4)
   0.63   26.82 ^ max_cap27/Z (gf180mcu_fd_sc_mcu9t5v0__clkbuf_16)
   0.44   27.26 ^ max_cap255/Z (gf180mcu_fd_sc_mcu9t5v0__clkbuf_16)
   0.42   27.67 ^ max_cap26/Z (gf180mcu_fd_sc_mcu9t5v0__clkbuf_16)
   0.49   28.16 ^ fanout243/Z (gf180mcu_fd_sc_mcu9t5v0__clkbuf_16)
   0.95   29.11 v _17020_/Z (gf180mcu_fd_sc_mcu9t5v0__mux2_4)
   0.00   29.11 v _18501_/D (gf180mcu_fd_sc_mcu9t5v0__dffq_4)
          29.11   data arrival time

  26.04   26.04   clock core_clk (rise edge)
   2.91   28.95   clock network delay (propagated)
   0.00   28.95   clock reconvergence pessimism
          28.95 ^ _18501_/CLK (gf180mcu_fd_sc_mcu9t5v0__dffq_4)
  -0.22   28.72   library setup time
          28.72   data required time
---------------------------------------------------------
          28.72   data required time
         -29.11   data arrival time
---------------------------------------------------------
          -0.39   slack (VIOLATED)


Startpoint: _18692_ (rising edge-triggered flip-flop clocked by core_clk)
Endpoint: _18431_ (rising edge-triggered flip-flop clocked by core_clk)
Path Group: core_clk
Path Type: max

  Delay    Time   Description
---------------------------------------------------------
   0.00    0.00   clock core_clk (rise edge)
   2.78    2.78   clock network delay (propagated)
   0.00    2.78 ^ _18692_/CLK (gf180mcu_fd_sc_mcu9t5v0__dffrnq_4)
   1.84    4.63 ^ _18692_/Q (gf180mcu_fd_sc_mcu9t5v0__dffrnq_4)
   1.15    5.78 v _09427_/ZN (gf180mcu_fd_sc_mcu9t5v0__xnor2_4)
   0.47    6.24 v _09428_/Z (gf180mcu_fd_sc_mcu9t5v0__and2_4)
   0.63    6.88 ^ _09435_/ZN (gf180mcu_fd_sc_mcu9t5v0__oai31_4)
   0.55    7.43 ^ eco7_buf_09435/Z (gf180mcu_fd_sc_mcu9t5v0__clkbuf_16)
   0.35    7.78 v _09438_/ZN (gf180mcu_fd_sc_mcu9t5v0__oai21_4)
   0.77    8.54 v _09445_/Z (gf180mcu_fd_sc_mcu9t5v0__and4_4)
   0.81    9.35 ^ _09450_/ZN (gf180mcu_fd_sc_mcu9t5v0__oai31_4)
   0.48    9.83 ^ eco7_buf_09450/Z (gf180mcu_fd_sc_mcu9t5v0__clkbuf_16)
   0.85   10.69 ^ _09454_/Z (gf180mcu_fd_sc_mcu9t5v0__and4_4)
   0.33   11.02 v _09456_/ZN (gf180mcu_fd_sc_mcu9t5v0__nand2_4)
   0.80   11.81 ^ _09461_/ZN (gf180mcu_fd_sc_mcu9t5v0__nand2_4)
   0.63   12.44 v _09462_/ZN (gf180mcu_fd_sc_mcu9t5v0__clkinv_8)
   0.67   13.11 v load_slew111/Z (gf180mcu_fd_sc_mcu9t5v0__clkbuf_16)
   1.00   14.11 ^ _09472_/ZN (gf180mcu_fd_sc_mcu9t5v0__oai21_4)
   0.92   15.03 ^ max_cap106/Z (gf180mcu_fd_sc_mcu9t5v0__clkbuf_16)
   0.62   15.65 v _09512_/ZN (gf180mcu_fd_sc_mcu9t5v0__nand2_4)
   0.88   16.53 ^ _09513_/ZN (gf180mcu_fd_sc_mcu9t5v0__oai221_4)
   0.53   17.07 ^ _09514_/Z (gf180mcu_fd_sc_mcu9t5v0__or2_4)
   0.26   17.32 v _09519_/ZN (gf180mcu_fd_sc_mcu9t5v0__oai31_4)
   0.64   17.97 v rebuffer265/Z (gf180mcu_fd_sc_mcu9t5v0__buf_8)
   0.71   18.68 ^ _09541_/ZN (gf180mcu_fd_sc_mcu9t5v0__aoi21_4)
   0.35   19.02 v _15855_/ZN (gf180mcu_fd_sc_mcu9t5v0__oai31_4)
   0.73   19.76 v rebuffer262/Z (gf180mcu_fd_sc_mcu9t5v0__buf_8)
   1.87   21.63 ^ _15937_/ZN (gf180mcu_fd_sc_mcu9t5v0__aoi21_4)
   0.87   22.50 v _15991_/ZN (gf180mcu_fd_sc_mcu9t5v0__oai32_4)
   1.53   24.02 ^ _16106_/ZN (gf180mcu_fd_sc_mcu9t5v0__aoi211_4)
   0.73   24.75 ^ max_cap69/Z (gf180mcu_fd_sc_mcu9t5v0__clkbuf_16)
   0.89   25.65 v _16335_/ZN (gf180mcu_fd_sc_mcu9t5v0__nand2_4)
   0.86   26.51 ^ _16336_/ZN (gf180mcu_fd_sc_mcu9t5v0__oai21_4)
   0.62   27.13 ^ max_cap39/Z (gf180mcu_fd_sc_mcu9t5v0__buf_8)
   0.70   27.83 ^ wire38/Z (gf180mcu_fd_sc_mcu9t5v0__buf_4)
   0.58   28.41 ^ fanout237/Z (gf180mcu_fd_sc_mcu9t5v0__clkbuf_16)
   0.86   29.27 v _16878_/Z (gf180mcu_fd_sc_mcu9t5v0__mux2_4)
   0.00   29.27 v _18431_/D (gf180mcu_fd_sc_mcu9t5v0__dffq_1)
          29.27   data arrival time

  26.04   26.04   clock core_clk (rise edge)
   3.01   29.06   clock network delay (propagated)
   0.00   29.06   clock reconvergence pessimism
          29.06 ^ _18431_/CLK (gf180mcu_fd_sc_mcu9t5v0__dffq_1)
  -0.18   28.88   library setup time
          28.88   data required time
---------------------------------------------------------
          28.88   data required time
         -29.27   data arrival time
---------------------------------------------------------
          -0.39   slack (VIOLATED)


Startpoint: _18692_ (rising edge-triggered flip-flop clocked by core_clk)
Endpoint: _18495_ (rising edge-triggered flip-flop clocked by core_clk)
Path Group: core_clk
Path Type: max

  Delay    Time   Description
---------------------------------------------------------
   0.00    0.00   clock core_clk (rise edge)
   2.78    2.78   clock network delay (propagated)
   0.00    2.78 ^ _18692_/CLK (gf180mcu_fd_sc_mcu9t5v0__dffrnq_4)
   1.84    4.63 ^ _18692_/Q (gf180mcu_fd_sc_mcu9t5v0__dffrnq_4)
   1.15    5.78 v _09427_/ZN (gf180mcu_fd_sc_mcu9t5v0__xnor2_4)
   0.47    6.24 v _09428_/Z (gf180mcu_fd_sc_mcu9t5v0__and2_4)
   0.63    6.88 ^ _09435_/ZN (gf180mcu_fd_sc_mcu9t5v0__oai31_4)
   0.55    7.43 ^ eco7_buf_09435/Z (gf180mcu_fd_sc_mcu9t5v0__clkbuf_16)
   0.35    7.78 v _09438_/ZN (gf180mcu_fd_sc_mcu9t5v0__oai21_4)
   0.77    8.54 v _09445_/Z (gf180mcu_fd_sc_mcu9t5v0__and4_4)
   0.81    9.35 ^ _09450_/ZN (gf180mcu_fd_sc_mcu9t5v0__oai31_4)
   0.48    9.83 ^ eco7_buf_09450/Z (gf180mcu_fd_sc_mcu9t5v0__clkbuf_16)
   0.85   10.69 ^ _09454_/Z (gf180mcu_fd_sc_mcu9t5v0__and4_4)
   0.33   11.02 v _09456_/ZN (gf180mcu_fd_sc_mcu9t5v0__nand2_4)
   0.80   11.81 ^ _09461_/ZN (gf180mcu_fd_sc_mcu9t5v0__nand2_4)
   0.63   12.44 v _09462_/ZN (gf180mcu_fd_sc_mcu9t5v0__clkinv_8)
   0.67   13.11 v load_slew111/Z (gf180mcu_fd_sc_mcu9t5v0__clkbuf_16)
   1.00   14.11 ^ _09472_/ZN (gf180mcu_fd_sc_mcu9t5v0__oai21_4)
   0.92   15.03 ^ max_cap106/Z (gf180mcu_fd_sc_mcu9t5v0__clkbuf_16)
   0.62   15.65 v _09512_/ZN (gf180mcu_fd_sc_mcu9t5v0__nand2_4)
   0.88   16.53 ^ _09513_/ZN (gf180mcu_fd_sc_mcu9t5v0__oai221_4)
   0.53   17.07 ^ _09514_/Z (gf180mcu_fd_sc_mcu9t5v0__or2_4)
   0.26   17.32 v _09519_/ZN (gf180mcu_fd_sc_mcu9t5v0__oai31_4)
   0.64   17.97 v rebuffer265/Z (gf180mcu_fd_sc_mcu9t5v0__buf_8)
   0.71   18.68 ^ _09541_/ZN (gf180mcu_fd_sc_mcu9t5v0__aoi21_4)
   0.35   19.02 v _15855_/ZN (gf180mcu_fd_sc_mcu9t5v0__oai31_4)
   0.73   19.76 v rebuffer262/Z (gf180mcu_fd_sc_mcu9t5v0__buf_8)
   1.87   21.63 ^ _15937_/ZN (gf180mcu_fd_sc_mcu9t5v0__aoi21_4)
   0.87   22.50 v _15991_/ZN (gf180mcu_fd_sc_mcu9t5v0__oai32_4)
   1.53   24.02 ^ _16106_/ZN (gf180mcu_fd_sc_mcu9t5v0__aoi211_4)
   0.35   24.38 v _16477_/ZN (gf180mcu_fd_sc_mcu9t5v0__nand2_4)
   0.85   25.22 v max_cap48/Z (gf180mcu_fd_sc_mcu9t5v0__clkbuf_8)
   0.97   26.19 ^ _16478_/ZN (gf180mcu_fd_sc_mcu9t5v0__oai21_4)
   0.63   26.82 ^ max_cap27/Z (gf180mcu_fd_sc_mcu9t5v0__clkbuf_16)
   0.44   27.26 ^ max_cap255/Z (gf180mcu_fd_sc_mcu9t5v0__clkbuf_16)
   0.42   27.67 ^ max_cap26/Z (gf180mcu_fd_sc_mcu9t5v0__clkbuf_16)
   0.49   28.16 ^ fanout243/Z (gf180mcu_fd_sc_mcu9t5v0__clkbuf_16)
   0.96   29.12 v _17008_/Z (gf180mcu_fd_sc_mcu9t5v0__mux2_4)
   0.00   29.12 v _18495_/D (gf180mcu_fd_sc_mcu9t5v0__dffq_4)
          29.12   data arrival time

  26.04   26.04   clock core_clk (rise edge)
   2.93   28.97   clock network delay (propagated)
   0.00   28.97   clock reconvergence pessimism
          28.97 ^ _18495_/CLK (gf180mcu_fd_sc_mcu9t5v0__dffq_4)
  -0.22   28.75   library setup time
          28.75   data required time
---------------------------------------------------------
          28.75   data required time
         -29.12   data arrival time
---------------------------------------------------------
          -0.37   slack (VIOLATED)


Startpoint: _18692_ (rising edge-triggered flip-flop clocked by core_clk)
Endpoint: _18500_ (rising edge-triggered flip-flop clocked by core_clk)
Path Group: core_clk
Path Type: max

  Delay    Time   Description
---------------------------------------------------------
   0.00    0.00   clock core_clk (rise edge)
   2.78    2.78   clock network delay (propagated)
   0.00    2.78 ^ _18692_/CLK (gf180mcu_fd_sc_mcu9t5v0__dffrnq_4)
   1.84    4.63 ^ _18692_/Q (gf180mcu_fd_sc_mcu9t5v0__dffrnq_4)
   1.15    5.78 v _09427_/ZN (gf180mcu_fd_sc_mcu9t5v0__xnor2_4)
   0.47    6.24 v _09428_/Z (gf180mcu_fd_sc_mcu9t5v0__and2_4)
   0.63    6.88 ^ _09435_/ZN (gf180mcu_fd_sc_mcu9t5v0__oai31_4)
   0.55    7.43 ^ eco7_buf_09435/Z (gf180mcu_fd_sc_mcu9t5v0__clkbuf_16)
   0.35    7.78 v _09438_/ZN (gf180mcu_fd_sc_mcu9t5v0__oai21_4)
   0.77    8.54 v _09445_/Z (gf180mcu_fd_sc_mcu9t5v0__and4_4)
   0.81    9.35 ^ _09450_/ZN (gf180mcu_fd_sc_mcu9t5v0__oai31_4)
   0.48    9.83 ^ eco7_buf_09450/Z (gf180mcu_fd_sc_mcu9t5v0__clkbuf_16)
   0.85   10.69 ^ _09454_/Z (gf180mcu_fd_sc_mcu9t5v0__and4_4)
   0.33   11.02 v _09456_/ZN (gf180mcu_fd_sc_mcu9t5v0__nand2_4)
   0.80   11.81 ^ _09461_/ZN (gf180mcu_fd_sc_mcu9t5v0__nand2_4)
   0.63   12.44 v _09462_/ZN (gf180mcu_fd_sc_mcu9t5v0__clkinv_8)
   0.67   13.11 v load_slew111/Z (gf180mcu_fd_sc_mcu9t5v0__clkbuf_16)
   1.00   14.11 ^ _09472_/ZN (gf180mcu_fd_sc_mcu9t5v0__oai21_4)
   0.92   15.03 ^ max_cap106/Z (gf180mcu_fd_sc_mcu9t5v0__clkbuf_16)
   0.62   15.65 v _09512_/ZN (gf180mcu_fd_sc_mcu9t5v0__nand2_4)
   0.88   16.53 ^ _09513_/ZN (gf180mcu_fd_sc_mcu9t5v0__oai221_4)
   0.53   17.07 ^ _09514_/Z (gf180mcu_fd_sc_mcu9t5v0__or2_4)
   0.26   17.32 v _09519_/ZN (gf180mcu_fd_sc_mcu9t5v0__oai31_4)
   0.64   17.97 v rebuffer265/Z (gf180mcu_fd_sc_mcu9t5v0__buf_8)
   0.71   18.68 ^ _09541_/ZN (gf180mcu_fd_sc_mcu9t5v0__aoi21_4)
   0.35   19.02 v _15855_/ZN (gf180mcu_fd_sc_mcu9t5v0__oai31_4)
   0.73   19.76 v rebuffer262/Z (gf180mcu_fd_sc_mcu9t5v0__buf_8)
   1.87   21.63 ^ _15937_/ZN (gf180mcu_fd_sc_mcu9t5v0__aoi21_4)
   0.87   22.50 v _15991_/ZN (gf180mcu_fd_sc_mcu9t5v0__oai32_4)
   1.53   24.02 ^ _16106_/ZN (gf180mcu_fd_sc_mcu9t5v0__aoi211_4)
   0.35   24.38 v _16477_/ZN (gf180mcu_fd_sc_mcu9t5v0__nand2_4)
   0.85   25.22 v max_cap48/Z (gf180mcu_fd_sc_mcu9t5v0__clkbuf_8)
   0.97   26.19 ^ _16478_/ZN (gf180mcu_fd_sc_mcu9t5v0__oai21_4)
   0.63   26.82 ^ max_cap27/Z (gf180mcu_fd_sc_mcu9t5v0__clkbuf_16)
   0.44   27.26 ^ max_cap255/Z (gf180mcu_fd_sc_mcu9t5v0__clkbuf_16)
   0.42   27.67 ^ max_cap26/Z (gf180mcu_fd_sc_mcu9t5v0__clkbuf_16)
   0.49   28.16 ^ fanout243/Z (gf180mcu_fd_sc_mcu9t5v0__clkbuf_16)
   0.98   29.14 v _17018_/Z (gf180mcu_fd_sc_mcu9t5v0__mux2_4)
   0.00   29.14 v _18500_/D (gf180mcu_fd_sc_mcu9t5v0__dffq_4)
          29.14   data arrival time

  26.04   26.04   clock core_clk (rise edge)
   2.95   28.99   clock network delay (propagated)
   0.00   28.99   clock reconvergence pessimism
          28.99 ^ _18500_/CLK (gf180mcu_fd_sc_mcu9t5v0__dffq_4)
  -0.22   28.77   library setup time
          28.77   data required time
---------------------------------------------------------
          28.77   data required time
         -29.14   data arrival time
---------------------------------------------------------
          -0.37   slack (VIOLATED)


Startpoint: _18692_ (rising edge-triggered flip-flop clocked by core_clk)
Endpoint: _18307_ (rising edge-triggered flip-flop clocked by core_clk)
Path Group: core_clk
Path Type: max

  Delay    Time   Description
---------------------------------------------------------
   0.00    0.00   clock core_clk (rise edge)
   2.78    2.78   clock network delay (propagated)
   0.00    2.78 ^ _18692_/CLK (gf180mcu_fd_sc_mcu9t5v0__dffrnq_4)
   1.84    4.63 ^ _18692_/Q (gf180mcu_fd_sc_mcu9t5v0__dffrnq_4)
   1.15    5.78 v _09427_/ZN (gf180mcu_fd_sc_mcu9t5v0__xnor2_4)
   0.47    6.24 v _09428_/Z (gf180mcu_fd_sc_mcu9t5v0__and2_4)
   0.63    6.88 ^ _09435_/ZN (gf180mcu_fd_sc_mcu9t5v0__oai31_4)
   0.55    7.43 ^ eco7_buf_09435/Z (gf180mcu_fd_sc_mcu9t5v0__clkbuf_16)
   0.35    7.78 v _09438_/ZN (gf180mcu_fd_sc_mcu9t5v0__oai21_4)
   0.77    8.54 v _09445_/Z (gf180mcu_fd_sc_mcu9t5v0__and4_4)
   0.81    9.35 ^ _09450_/ZN (gf180mcu_fd_sc_mcu9t5v0__oai31_4)
   0.48    9.83 ^ eco7_buf_09450/Z (gf180mcu_fd_sc_mcu9t5v0__clkbuf_16)
   0.85   10.69 ^ _09454_/Z (gf180mcu_fd_sc_mcu9t5v0__and4_4)
   0.33   11.02 v _09456_/ZN (gf180mcu_fd_sc_mcu9t5v0__nand2_4)
   0.80   11.81 ^ _09461_/ZN (gf180mcu_fd_sc_mcu9t5v0__nand2_4)
   0.63   12.44 v _09462_/ZN (gf180mcu_fd_sc_mcu9t5v0__clkinv_8)
   0.67   13.11 v load_slew111/Z (gf180mcu_fd_sc_mcu9t5v0__clkbuf_16)
   1.00   14.11 ^ _09472_/ZN (gf180mcu_fd_sc_mcu9t5v0__oai21_4)
   0.92   15.03 ^ max_cap106/Z (gf180mcu_fd_sc_mcu9t5v0__clkbuf_16)
   0.62   15.65 v _09512_/ZN (gf180mcu_fd_sc_mcu9t5v0__nand2_4)
   0.88   16.53 ^ _09513_/ZN (gf180mcu_fd_sc_mcu9t5v0__oai221_4)
   0.53   17.07 ^ _09514_/Z (gf180mcu_fd_sc_mcu9t5v0__or2_4)
   0.26   17.32 v _09519_/ZN (gf180mcu_fd_sc_mcu9t5v0__oai31_4)
   0.64   17.97 v rebuffer265/Z (gf180mcu_fd_sc_mcu9t5v0__buf_8)
   0.71   18.68 ^ _09541_/ZN (gf180mcu_fd_sc_mcu9t5v0__aoi21_4)
   0.35   19.02 v _15855_/ZN (gf180mcu_fd_sc_mcu9t5v0__oai31_4)
   0.73   19.76 v rebuffer262/Z (gf180mcu_fd_sc_mcu9t5v0__buf_8)
   1.87   21.63 ^ _15937_/ZN (gf180mcu_fd_sc_mcu9t5v0__aoi21_4)
   0.87   22.50 v _15991_/ZN (gf180mcu_fd_sc_mcu9t5v0__oai32_4)
   1.53   24.02 ^ _16106_/ZN (gf180mcu_fd_sc_mcu9t5v0__aoi211_4)
   0.35   24.38 v _16477_/ZN (gf180mcu_fd_sc_mcu9t5v0__nand2_4)
   0.85   25.22 v max_cap48/Z (gf180mcu_fd_sc_mcu9t5v0__clkbuf_8)
   0.97   26.19 ^ _16478_/ZN (gf180mcu_fd_sc_mcu9t5v0__oai21_4)
   0.63   26.82 ^ max_cap27/Z (gf180mcu_fd_sc_mcu9t5v0__clkbuf_16)
   0.44   27.26 ^ max_cap255/Z (gf180mcu_fd_sc_mcu9t5v0__clkbuf_16)
   0.42   27.67 ^ max_cap26/Z (gf180mcu_fd_sc_mcu9t5v0__clkbuf_16)
   0.49   28.16 ^ fanout243/Z (gf180mcu_fd_sc_mcu9t5v0__clkbuf_16)
   0.90   29.06 v _16500_/Z (gf180mcu_fd_sc_mcu9t5v0__mux2_4)
   0.00   29.07 v _18307_/D (gf180mcu_fd_sc_mcu9t5v0__dffq_4)
          29.07   data arrival time

  26.04   26.04   clock core_clk (rise edge)
   2.89   28.93   clock network delay (propagated)
   0.00   28.93   clock reconvergence pessimism
          28.93 ^ _18307_/CLK (gf180mcu_fd_sc_mcu9t5v0__dffq_4)
  -0.21   28.72   library setup time
          28.72   data required time
---------------------------------------------------------
          28.72   data required time
         -29.07   data arrival time
---------------------------------------------------------
          -0.35   slack (VIOLATED)


Startpoint: _18692_ (rising edge-triggered flip-flop clocked by core_clk)
Endpoint: _18496_ (rising edge-triggered flip-flop clocked by core_clk)
Path Group: core_clk
Path Type: max

  Delay    Time   Description
---------------------------------------------------------
   0.00    0.00   clock core_clk (rise edge)
   2.78    2.78   clock network delay (propagated)
   0.00    2.78 ^ _18692_/CLK (gf180mcu_fd_sc_mcu9t5v0__dffrnq_4)
   1.84    4.63 ^ _18692_/Q (gf180mcu_fd_sc_mcu9t5v0__dffrnq_4)
   1.15    5.78 v _09427_/ZN (gf180mcu_fd_sc_mcu9t5v0__xnor2_4)
   0.47    6.24 v _09428_/Z (gf180mcu_fd_sc_mcu9t5v0__and2_4)
   0.63    6.88 ^ _09435_/ZN (gf180mcu_fd_sc_mcu9t5v0__oai31_4)
   0.55    7.43 ^ eco7_buf_09435/Z (gf180mcu_fd_sc_mcu9t5v0__clkbuf_16)
   0.35    7.78 v _09438_/ZN (gf180mcu_fd_sc_mcu9t5v0__oai21_4)
   0.77    8.54 v _09445_/Z (gf180mcu_fd_sc_mcu9t5v0__and4_4)
   0.81    9.35 ^ _09450_/ZN (gf180mcu_fd_sc_mcu9t5v0__oai31_4)
   0.48    9.83 ^ eco7_buf_09450/Z (gf180mcu_fd_sc_mcu9t5v0__clkbuf_16)
   0.85   10.69 ^ _09454_/Z (gf180mcu_fd_sc_mcu9t5v0__and4_4)
   0.33   11.02 v _09456_/ZN (gf180mcu_fd_sc_mcu9t5v0__nand2_4)
   0.80   11.81 ^ _09461_/ZN (gf180mcu_fd_sc_mcu9t5v0__nand2_4)
   0.63   12.44 v _09462_/ZN (gf180mcu_fd_sc_mcu9t5v0__clkinv_8)
   0.67   13.11 v load_slew111/Z (gf180mcu_fd_sc_mcu9t5v0__clkbuf_16)
   1.00   14.11 ^ _09472_/ZN (gf180mcu_fd_sc_mcu9t5v0__oai21_4)
   0.92   15.03 ^ max_cap106/Z (gf180mcu_fd_sc_mcu9t5v0__clkbuf_16)
   0.62   15.65 v _09512_/ZN (gf180mcu_fd_sc_mcu9t5v0__nand2_4)
   0.88   16.53 ^ _09513_/ZN (gf180mcu_fd_sc_mcu9t5v0__oai221_4)
   0.53   17.07 ^ _09514_/Z (gf180mcu_fd_sc_mcu9t5v0__or2_4)
   0.26   17.32 v _09519_/ZN (gf180mcu_fd_sc_mcu9t5v0__oai31_4)
   0.64   17.97 v rebuffer265/Z (gf180mcu_fd_sc_mcu9t5v0__buf_8)
   0.71   18.68 ^ _09541_/ZN (gf180mcu_fd_sc_mcu9t5v0__aoi21_4)
   0.35   19.02 v _15855_/ZN (gf180mcu_fd_sc_mcu9t5v0__oai31_4)
   0.73   19.76 v rebuffer262/Z (gf180mcu_fd_sc_mcu9t5v0__buf_8)
   1.87   21.63 ^ _15937_/ZN (gf180mcu_fd_sc_mcu9t5v0__aoi21_4)
   0.87   22.50 v _15991_/ZN (gf180mcu_fd_sc_mcu9t5v0__oai32_4)
   1.53   24.02 ^ _16106_/ZN (gf180mcu_fd_sc_mcu9t5v0__aoi211_4)
   0.35   24.38 v _16477_/ZN (gf180mcu_fd_sc_mcu9t5v0__nand2_4)
   0.85   25.22 v max_cap48/Z (gf180mcu_fd_sc_mcu9t5v0__clkbuf_8)
   0.97   26.19 ^ _16478_/ZN (gf180mcu_fd_sc_mcu9t5v0__oai21_4)
   0.63   26.82 ^ max_cap27/Z (gf180mcu_fd_sc_mcu9t5v0__clkbuf_16)
   0.44   27.26 ^ max_cap255/Z (gf180mcu_fd_sc_mcu9t5v0__clkbuf_16)
   0.42   27.67 ^ max_cap26/Z (gf180mcu_fd_sc_mcu9t5v0__clkbuf_16)
   0.49   28.16 ^ fanout243/Z (gf180mcu_fd_sc_mcu9t5v0__clkbuf_16)
   0.90   29.06 v _17010_/Z (gf180mcu_fd_sc_mcu9t5v0__mux2_4)
   0.00   29.06 v _18496_/D (gf180mcu_fd_sc_mcu9t5v0__dffq_4)
          29.06   data arrival time

  26.04   26.04   clock core_clk (rise edge)
   2.90   28.94   clock network delay (propagated)
   0.00   28.94   clock reconvergence pessimism
          28.94 ^ _18496_/CLK (gf180mcu_fd_sc_mcu9t5v0__dffq_4)
  -0.22   28.72   library setup time
          28.72   data required time
---------------------------------------------------------
          28.72   data required time
         -29.06   data arrival time
---------------------------------------------------------
          -0.34   slack (VIOLATED)


Startpoint: _18692_ (rising edge-triggered flip-flop clocked by core_clk)
Endpoint: _18302_ (rising edge-triggered flip-flop clocked by core_clk)
Path Group: core_clk
Path Type: max

  Delay    Time   Description
---------------------------------------------------------
   0.00    0.00   clock core_clk (rise edge)
   2.78    2.78   clock network delay (propagated)
   0.00    2.78 ^ _18692_/CLK (gf180mcu_fd_sc_mcu9t5v0__dffrnq_4)
   1.84    4.63 ^ _18692_/Q (gf180mcu_fd_sc_mcu9t5v0__dffrnq_4)
   1.15    5.78 v _09427_/ZN (gf180mcu_fd_sc_mcu9t5v0__xnor2_4)
   0.47    6.24 v _09428_/Z (gf180mcu_fd_sc_mcu9t5v0__and2_4)
   0.63    6.88 ^ _09435_/ZN (gf180mcu_fd_sc_mcu9t5v0__oai31_4)
   0.55    7.43 ^ eco7_buf_09435/Z (gf180mcu_fd_sc_mcu9t5v0__clkbuf_16)
   0.35    7.78 v _09438_/ZN (gf180mcu_fd_sc_mcu9t5v0__oai21_4)
   0.77    8.54 v _09445_/Z (gf180mcu_fd_sc_mcu9t5v0__and4_4)
   0.81    9.35 ^ _09450_/ZN (gf180mcu_fd_sc_mcu9t5v0__oai31_4)
   0.48    9.83 ^ eco7_buf_09450/Z (gf180mcu_fd_sc_mcu9t5v0__clkbuf_16)
   0.85   10.69 ^ _09454_/Z (gf180mcu_fd_sc_mcu9t5v0__and4_4)
   0.33   11.02 v _09456_/ZN (gf180mcu_fd_sc_mcu9t5v0__nand2_4)
   0.80   11.81 ^ _09461_/ZN (gf180mcu_fd_sc_mcu9t5v0__nand2_4)
   0.63   12.44 v _09462_/ZN (gf180mcu_fd_sc_mcu9t5v0__clkinv_8)
   0.67   13.11 v load_slew111/Z (gf180mcu_fd_sc_mcu9t5v0__clkbuf_16)
   1.00   14.11 ^ _09472_/ZN (gf180mcu_fd_sc_mcu9t5v0__oai21_4)
   0.92   15.03 ^ max_cap106/Z (gf180mcu_fd_sc_mcu9t5v0__clkbuf_16)
   0.62   15.65 v _09512_/ZN (gf180mcu_fd_sc_mcu9t5v0__nand2_4)
   0.88   16.53 ^ _09513_/ZN (gf180mcu_fd_sc_mcu9t5v0__oai221_4)
   0.53   17.07 ^ _09514_/Z (gf180mcu_fd_sc_mcu9t5v0__or2_4)
   0.26   17.32 v _09519_/ZN (gf180mcu_fd_sc_mcu9t5v0__oai31_4)
   0.64   17.97 v rebuffer265/Z (gf180mcu_fd_sc_mcu9t5v0__buf_8)
   0.71   18.68 ^ _09541_/ZN (gf180mcu_fd_sc_mcu9t5v0__aoi21_4)
   0.35   19.02 v _15855_/ZN (gf180mcu_fd_sc_mcu9t5v0__oai31_4)
   0.73   19.76 v rebuffer262/Z (gf180mcu_fd_sc_mcu9t5v0__buf_8)
   1.87   21.63 ^ _15937_/ZN (gf180mcu_fd_sc_mcu9t5v0__aoi21_4)
   0.87   22.50 v _15991_/ZN (gf180mcu_fd_sc_mcu9t5v0__oai32_4)
   1.53   24.02 ^ _16106_/ZN (gf180mcu_fd_sc_mcu9t5v0__aoi211_4)
   0.35   24.38 v _16477_/ZN (gf180mcu_fd_sc_mcu9t5v0__nand2_4)
   0.85   25.22 v max_cap48/Z (gf180mcu_fd_sc_mcu9t5v0__clkbuf_8)
   0.97   26.19 ^ _16478_/ZN (gf180mcu_fd_sc_mcu9t5v0__oai21_4)
   0.63   26.82 ^ max_cap27/Z (gf180mcu_fd_sc_mcu9t5v0__clkbuf_16)
   0.44   27.26 ^ max_cap255/Z (gf180mcu_fd_sc_mcu9t5v0__clkbuf_16)
   0.42   27.67 ^ max_cap26/Z (gf180mcu_fd_sc_mcu9t5v0__clkbuf_16)
   0.49   28.16 ^ fanout243/Z (gf180mcu_fd_sc_mcu9t5v0__clkbuf_16)
   0.89   29.05 v _16490_/Z (gf180mcu_fd_sc_mcu9t5v0__mux2_4)
   0.00   29.05 v _18302_/D (gf180mcu_fd_sc_mcu9t5v0__dffq_4)
          29.05   data arrival time

  26.04   26.04   clock core_clk (rise edge)
   2.88   28.93   clock network delay (propagated)
   0.00   28.93   clock reconvergence pessimism
          28.93 ^ _18302_/CLK (gf180mcu_fd_sc_mcu9t5v0__dffq_4)
  -0.22   28.71   library setup time
          28.71   data required time
---------------------------------------------------------
          28.71   data required time
         -29.05   data arrival time
---------------------------------------------------------
          -0.34   slack (VIOLATED)


Startpoint: _18692_ (rising edge-triggered flip-flop clocked by core_clk)
Endpoint: _18497_ (rising edge-triggered flip-flop clocked by core_clk)
Path Group: core_clk
Path Type: max

  Delay    Time   Description
---------------------------------------------------------
   0.00    0.00   clock core_clk (rise edge)
   2.78    2.78   clock network delay (propagated)
   0.00    2.78 ^ _18692_/CLK (gf180mcu_fd_sc_mcu9t5v0__dffrnq_4)
   1.84    4.63 ^ _18692_/Q (gf180mcu_fd_sc_mcu9t5v0__dffrnq_4)
   1.15    5.78 v _09427_/ZN (gf180mcu_fd_sc_mcu9t5v0__xnor2_4)
   0.47    6.24 v _09428_/Z (gf180mcu_fd_sc_mcu9t5v0__and2_4)
   0.63    6.88 ^ _09435_/ZN (gf180mcu_fd_sc_mcu9t5v0__oai31_4)
   0.55    7.43 ^ eco7_buf_09435/Z (gf180mcu_fd_sc_mcu9t5v0__clkbuf_16)
   0.35    7.78 v _09438_/ZN (gf180mcu_fd_sc_mcu9t5v0__oai21_4)
   0.77    8.54 v _09445_/Z (gf180mcu_fd_sc_mcu9t5v0__and4_4)
   0.81    9.35 ^ _09450_/ZN (gf180mcu_fd_sc_mcu9t5v0__oai31_4)
   0.48    9.83 ^ eco7_buf_09450/Z (gf180mcu_fd_sc_mcu9t5v0__clkbuf_16)
   0.85   10.69 ^ _09454_/Z (gf180mcu_fd_sc_mcu9t5v0__and4_4)
   0.33   11.02 v _09456_/ZN (gf180mcu_fd_sc_mcu9t5v0__nand2_4)
   0.80   11.81 ^ _09461_/ZN (gf180mcu_fd_sc_mcu9t5v0__nand2_4)
   0.63   12.44 v _09462_/ZN (gf180mcu_fd_sc_mcu9t5v0__clkinv_8)
   0.67   13.11 v load_slew111/Z (gf180mcu_fd_sc_mcu9t5v0__clkbuf_16)
   1.00   14.11 ^ _09472_/ZN (gf180mcu_fd_sc_mcu9t5v0__oai21_4)
   0.92   15.03 ^ max_cap106/Z (gf180mcu_fd_sc_mcu9t5v0__clkbuf_16)
   0.62   15.65 v _09512_/ZN (gf180mcu_fd_sc_mcu9t5v0__nand2_4)
   0.88   16.53 ^ _09513_/ZN (gf180mcu_fd_sc_mcu9t5v0__oai221_4)
   0.53   17.07 ^ _09514_/Z (gf180mcu_fd_sc_mcu9t5v0__or2_4)
   0.26   17.32 v _09519_/ZN (gf180mcu_fd_sc_mcu9t5v0__oai31_4)
   0.64   17.97 v rebuffer265/Z (gf180mcu_fd_sc_mcu9t5v0__buf_8)
   0.71   18.68 ^ _09541_/ZN (gf180mcu_fd_sc_mcu9t5v0__aoi21_4)
   0.35   19.02 v _15855_/ZN (gf180mcu_fd_sc_mcu9t5v0__oai31_4)
   0.73   19.76 v rebuffer262/Z (gf180mcu_fd_sc_mcu9t5v0__buf_8)
   1.87   21.63 ^ _15937_/ZN (gf180mcu_fd_sc_mcu9t5v0__aoi21_4)
   0.87   22.50 v _15991_/ZN (gf180mcu_fd_sc_mcu9t5v0__oai32_4)
   1.53   24.02 ^ _16106_/ZN (gf180mcu_fd_sc_mcu9t5v0__aoi211_4)
   0.35   24.38 v _16477_/ZN (gf180mcu_fd_sc_mcu9t5v0__nand2_4)
   0.85   25.22 v max_cap48/Z (gf180mcu_fd_sc_mcu9t5v0__clkbuf_8)
   0.97   26.19 ^ _16478_/ZN (gf180mcu_fd_sc_mcu9t5v0__oai21_4)
   0.63   26.82 ^ max_cap27/Z (gf180mcu_fd_sc_mcu9t5v0__clkbuf_16)
   0.44   27.26 ^ max_cap255/Z (gf180mcu_fd_sc_mcu9t5v0__clkbuf_16)
   0.42   27.67 ^ max_cap26/Z (gf180mcu_fd_sc_mcu9t5v0__clkbuf_16)
   0.49   28.16 ^ fanout243/Z (gf180mcu_fd_sc_mcu9t5v0__clkbuf_16)
   0.87   29.03 v _17012_/Z (gf180mcu_fd_sc_mcu9t5v0__mux2_4)
   0.00   29.03 v _18497_/D (gf180mcu_fd_sc_mcu9t5v0__dffq_4)
          29.03   data arrival time

  26.04   26.04   clock core_clk (rise edge)
   2.88   28.92   clock network delay (propagated)
   0.00   28.92   clock reconvergence pessimism
          28.92 ^ _18497_/CLK (gf180mcu_fd_sc_mcu9t5v0__dffq_4)
  -0.21   28.71   library setup time
          28.71   data required time
---------------------------------------------------------
          28.71   data required time
         -29.03   data arrival time
---------------------------------------------------------
          -0.32   slack (VIOLATED)


Startpoint: _18692_ (rising edge-triggered flip-flop clocked by core_clk)
Endpoint: _18301_ (rising edge-triggered flip-flop clocked by core_clk)
Path Group: core_clk
Path Type: max

  Delay    Time   Description
---------------------------------------------------------
   0.00    0.00   clock core_clk (rise edge)
   2.78    2.78   clock network delay (propagated)
   0.00    2.78 ^ _18692_/CLK (gf180mcu_fd_sc_mcu9t5v0__dffrnq_4)
   1.84    4.63 ^ _18692_/Q (gf180mcu_fd_sc_mcu9t5v0__dffrnq_4)
   1.15    5.78 v _09427_/ZN (gf180mcu_fd_sc_mcu9t5v0__xnor2_4)
   0.47    6.24 v _09428_/Z (gf180mcu_fd_sc_mcu9t5v0__and2_4)
   0.63    6.88 ^ _09435_/ZN (gf180mcu_fd_sc_mcu9t5v0__oai31_4)
   0.55    7.43 ^ eco7_buf_09435/Z (gf180mcu_fd_sc_mcu9t5v0__clkbuf_16)
   0.35    7.78 v _09438_/ZN (gf180mcu_fd_sc_mcu9t5v0__oai21_4)
   0.77    8.54 v _09445_/Z (gf180mcu_fd_sc_mcu9t5v0__and4_4)
   0.81    9.35 ^ _09450_/ZN (gf180mcu_fd_sc_mcu9t5v0__oai31_4)
   0.48    9.83 ^ eco7_buf_09450/Z (gf180mcu_fd_sc_mcu9t5v0__clkbuf_16)
   0.85   10.69 ^ _09454_/Z (gf180mcu_fd_sc_mcu9t5v0__and4_4)
   0.33   11.02 v _09456_/ZN (gf180mcu_fd_sc_mcu9t5v0__nand2_4)
   0.80   11.81 ^ _09461_/ZN (gf180mcu_fd_sc_mcu9t5v0__nand2_4)
   0.63   12.44 v _09462_/ZN (gf180mcu_fd_sc_mcu9t5v0__clkinv_8)
   0.67   13.11 v load_slew111/Z (gf180mcu_fd_sc_mcu9t5v0__clkbuf_16)
   1.00   14.11 ^ _09472_/ZN (gf180mcu_fd_sc_mcu9t5v0__oai21_4)
   0.92   15.03 ^ max_cap106/Z (gf180mcu_fd_sc_mcu9t5v0__clkbuf_16)
   0.62   15.65 v _09512_/ZN (gf180mcu_fd_sc_mcu9t5v0__nand2_4)
   0.88   16.53 ^ _09513_/ZN (gf180mcu_fd_sc_mcu9t5v0__oai221_4)
   0.53   17.07 ^ _09514_/Z (gf180mcu_fd_sc_mcu9t5v0__or2_4)
   0.26   17.32 v _09519_/ZN (gf180mcu_fd_sc_mcu9t5v0__oai31_4)
   0.64   17.97 v rebuffer265/Z (gf180mcu_fd_sc_mcu9t5v0__buf_8)
   0.71   18.68 ^ _09541_/ZN (gf180mcu_fd_sc_mcu9t5v0__aoi21_4)
   0.35   19.02 v _15855_/ZN (gf180mcu_fd_sc_mcu9t5v0__oai31_4)
   0.73   19.76 v rebuffer262/Z (gf180mcu_fd_sc_mcu9t5v0__buf_8)
   1.87   21.63 ^ _15937_/ZN (gf180mcu_fd_sc_mcu9t5v0__aoi21_4)
   0.87   22.50 v _15991_/ZN (gf180mcu_fd_sc_mcu9t5v0__oai32_4)
   1.53   24.02 ^ _16106_/ZN (gf180mcu_fd_sc_mcu9t5v0__aoi211_4)
   0.35   24.38 v _16477_/ZN (gf180mcu_fd_sc_mcu9t5v0__nand2_4)
   0.85   25.22 v max_cap48/Z (gf180mcu_fd_sc_mcu9t5v0__clkbuf_8)
   0.97   26.19 ^ _16478_/ZN (gf180mcu_fd_sc_mcu9t5v0__oai21_4)
   0.63   26.82 ^ max_cap27/Z (gf180mcu_fd_sc_mcu9t5v0__clkbuf_16)
   0.44   27.26 ^ max_cap255/Z (gf180mcu_fd_sc_mcu9t5v0__clkbuf_16)
   0.42   27.67 ^ max_cap26/Z (gf180mcu_fd_sc_mcu9t5v0__clkbuf_16)
   0.49   28.16 ^ fanout243/Z (gf180mcu_fd_sc_mcu9t5v0__clkbuf_16)
   0.87   29.03 v _16488_/Z (gf180mcu_fd_sc_mcu9t5v0__mux2_4)
   0.00   29.03 v _18301_/D (gf180mcu_fd_sc_mcu9t5v0__dffq_4)
          29.03   data arrival time

  26.04   26.04   clock core_clk (rise edge)
   2.88   28.92   clock network delay (propagated)
   0.00   28.92   clock reconvergence pessimism
          28.92 ^ _18301_/CLK (gf180mcu_fd_sc_mcu9t5v0__dffq_4)
  -0.21   28.71   library setup time
          28.71   data required time
---------------------------------------------------------
          28.71   data required time
         -29.03   data arrival time
---------------------------------------------------------
          -0.32   slack (VIOLATED)


Startpoint: _18692_ (rising edge-triggered flip-flop clocked by core_clk)
Endpoint: _18491_ (rising edge-triggered flip-flop clocked by core_clk)
Path Group: core_clk
Path Type: max

  Delay    Time   Description
---------------------------------------------------------
   0.00    0.00   clock core_clk (rise edge)
   2.78    2.78   clock network delay (propagated)
   0.00    2.78 ^ _18692_/CLK (gf180mcu_fd_sc_mcu9t5v0__dffrnq_4)
   1.84    4.63 ^ _18692_/Q (gf180mcu_fd_sc_mcu9t5v0__dffrnq_4)
   1.15    5.78 v _09427_/ZN (gf180mcu_fd_sc_mcu9t5v0__xnor2_4)
   0.47    6.24 v _09428_/Z (gf180mcu_fd_sc_mcu9t5v0__and2_4)
   0.63    6.88 ^ _09435_/ZN (gf180mcu_fd_sc_mcu9t5v0__oai31_4)
   0.55    7.43 ^ eco7_buf_09435/Z (gf180mcu_fd_sc_mcu9t5v0__clkbuf_16)
   0.35    7.78 v _09438_/ZN (gf180mcu_fd_sc_mcu9t5v0__oai21_4)
   0.77    8.54 v _09445_/Z (gf180mcu_fd_sc_mcu9t5v0__and4_4)
   0.81    9.35 ^ _09450_/ZN (gf180mcu_fd_sc_mcu9t5v0__oai31_4)
   0.48    9.83 ^ eco7_buf_09450/Z (gf180mcu_fd_sc_mcu9t5v0__clkbuf_16)
   0.85   10.69 ^ _09454_/Z (gf180mcu_fd_sc_mcu9t5v0__and4_4)
   0.33   11.02 v _09456_/ZN (gf180mcu_fd_sc_mcu9t5v0__nand2_4)
   0.80   11.81 ^ _09461_/ZN (gf180mcu_fd_sc_mcu9t5v0__nand2_4)
   0.63   12.44 v _09462_/ZN (gf180mcu_fd_sc_mcu9t5v0__clkinv_8)
   0.67   13.11 v load_slew111/Z (gf180mcu_fd_sc_mcu9t5v0__clkbuf_16)
   1.00   14.11 ^ _09472_/ZN (gf180mcu_fd_sc_mcu9t5v0__oai21_4)
   0.92   15.03 ^ max_cap106/Z (gf180mcu_fd_sc_mcu9t5v0__clkbuf_16)
   0.62   15.65 v _09512_/ZN (gf180mcu_fd_sc_mcu9t5v0__nand2_4)
   0.88   16.53 ^ _09513_/ZN (gf180mcu_fd_sc_mcu9t5v0__oai221_4)
   0.53   17.07 ^ _09514_/Z (gf180mcu_fd_sc_mcu9t5v0__or2_4)
   0.26   17.32 v _09519_/ZN (gf180mcu_fd_sc_mcu9t5v0__oai31_4)
   0.64   17.97 v rebuffer265/Z (gf180mcu_fd_sc_mcu9t5v0__buf_8)
   0.71   18.68 ^ _09541_/ZN (gf180mcu_fd_sc_mcu9t5v0__aoi21_4)
   0.35   19.02 v _15855_/ZN (gf180mcu_fd_sc_mcu9t5v0__oai31_4)
   0.73   19.76 v rebuffer262/Z (gf180mcu_fd_sc_mcu9t5v0__buf_8)
   1.87   21.63 ^ _15937_/ZN (gf180mcu_fd_sc_mcu9t5v0__aoi21_4)
   0.87   22.50 v _15991_/ZN (gf180mcu_fd_sc_mcu9t5v0__oai32_4)
   1.53   24.02 ^ _16106_/ZN (gf180mcu_fd_sc_mcu9t5v0__aoi211_4)
   0.35   24.38 v _16477_/ZN (gf180mcu_fd_sc_mcu9t5v0__nand2_4)
   0.85   25.22 v max_cap48/Z (gf180mcu_fd_sc_mcu9t5v0__clkbuf_8)
   0.97   26.19 ^ _16478_/ZN (gf180mcu_fd_sc_mcu9t5v0__oai21_4)
   0.63   26.82 ^ max_cap27/Z (gf180mcu_fd_sc_mcu9t5v0__clkbuf_16)
   0.44   27.26 ^ max_cap255/Z (gf180mcu_fd_sc_mcu9t5v0__clkbuf_16)
   0.42   27.67 ^ max_cap26/Z (gf180mcu_fd_sc_mcu9t5v0__clkbuf_16)
   0.49   28.16 ^ fanout243/Z (gf180mcu_fd_sc_mcu9t5v0__clkbuf_16)
   0.91   29.07 v _17000_/Z (gf180mcu_fd_sc_mcu9t5v0__mux2_4)
   0.00   29.07 v _18491_/D (gf180mcu_fd_sc_mcu9t5v0__dffq_4)
          29.07   data arrival time

  26.04   26.04   clock core_clk (rise edge)
   2.93   28.97   clock network delay (propagated)
   0.00   28.97   clock reconvergence pessimism
          28.97 ^ _18491_/CLK (gf180mcu_fd_sc_mcu9t5v0__dffq_4)
  -0.22   28.75   library setup time
          28.75   data required time
---------------------------------------------------------
          28.75   data required time
         -29.07   data arrival time
---------------------------------------------------------
          -0.32   slack (VIOLATED)


Startpoint: _18692_ (rising edge-triggered flip-flop clocked by core_clk)
Endpoint: _18158_ (rising edge-triggered flip-flop clocked by core_clk)
Path Group: core_clk
Path Type: max

  Delay    Time   Description
---------------------------------------------------------
   0.00    0.00   clock core_clk (rise edge)
   2.78    2.78   clock network delay (propagated)
   0.00    2.78 ^ _18692_/CLK (gf180mcu_fd_sc_mcu9t5v0__dffrnq_4)
   1.84    4.63 ^ _18692_/Q (gf180mcu_fd_sc_mcu9t5v0__dffrnq_4)
   1.15    5.78 v _09427_/ZN (gf180mcu_fd_sc_mcu9t5v0__xnor2_4)
   0.47    6.24 v _09428_/Z (gf180mcu_fd_sc_mcu9t5v0__and2_4)
   0.63    6.88 ^ _09435_/ZN (gf180mcu_fd_sc_mcu9t5v0__oai31_4)
   0.55    7.43 ^ eco7_buf_09435/Z (gf180mcu_fd_sc_mcu9t5v0__clkbuf_16)
   0.35    7.78 v _09438_/ZN (gf180mcu_fd_sc_mcu9t5v0__oai21_4)
   0.77    8.54 v _09445_/Z (gf180mcu_fd_sc_mcu9t5v0__and4_4)
   0.81    9.35 ^ _09450_/ZN (gf180mcu_fd_sc_mcu9t5v0__oai31_4)
   0.48    9.83 ^ eco7_buf_09450/Z (gf180mcu_fd_sc_mcu9t5v0__clkbuf_16)
   0.85   10.69 ^ _09454_/Z (gf180mcu_fd_sc_mcu9t5v0__and4_4)
   0.33   11.02 v _09456_/ZN (gf180mcu_fd_sc_mcu9t5v0__nand2_4)
   0.80   11.81 ^ _09461_/ZN (gf180mcu_fd_sc_mcu9t5v0__nand2_4)
   0.63   12.44 v _09462_/ZN (gf180mcu_fd_sc_mcu9t5v0__clkinv_8)
   0.67   13.11 v load_slew111/Z (gf180mcu_fd_sc_mcu9t5v0__clkbuf_16)
   1.00   14.11 ^ _09472_/ZN (gf180mcu_fd_sc_mcu9t5v0__oai21_4)
   0.92   15.03 ^ max_cap106/Z (gf180mcu_fd_sc_mcu9t5v0__clkbuf_16)
   0.56   15.59 v _09499_/ZN (gf180mcu_fd_sc_mcu9t5v0__aoi21_4)
   1.08   16.68 ^ _09504_/ZN (gf180mcu_fd_sc_mcu9t5v0__oai222_4)
   0.31   16.99 v _09515_/ZN (gf180mcu_fd_sc_mcu9t5v0__nor3_4)
   1.27   18.26 ^ _09518_/ZN (gf180mcu_fd_sc_mcu9t5v0__aoi21_4)
   0.96   19.22 v _09542_/ZN (gf180mcu_fd_sc_mcu9t5v0__oai211_4)
   1.23   20.45 ^ _15946_/ZN (gf180mcu_fd_sc_mcu9t5v0__nand4_4)
   0.71   21.16 ^ max_cap98/Z (gf180mcu_fd_sc_mcu9t5v0__clkbuf_16)
   0.83   21.99 ^ _15947_/Z (gf180mcu_fd_sc_mcu9t5v0__mux2_4)
   1.02   23.01 v _15949_/ZN (gf180mcu_fd_sc_mcu9t5v0__nand4_4)
   1.26   24.27 ^ _15962_/ZN (gf180mcu_fd_sc_mcu9t5v0__aoi221_4)
   0.54   24.81 ^ eco7_buf_15962/Z (gf180mcu_fd_sc_mcu9t5v0__clkbuf_16)
   1.02   25.82 v _15977_/ZN (gf180mcu_fd_sc_mcu9t5v0__nand4_1)
   1.13   26.95 ^ _15999_/ZN (gf180mcu_fd_sc_mcu9t5v0__nand2_4)
   0.61   27.57 ^ max_cap45/Z (gf180mcu_fd_sc_mcu9t5v0__clkbuf_16)
   0.52   28.08 ^ fanout239/Z (gf180mcu_fd_sc_mcu9t5v0__clkbuf_16)
   0.91   28.99 v _16040_/Z (gf180mcu_fd_sc_mcu9t5v0__mux2_4)
   0.00   28.99 v _18158_/D (gf180mcu_fd_sc_mcu9t5v0__dffq_1)
          28.99   data arrival time

  26.04   26.04   clock core_clk (rise edge)
   2.90   28.94   clock network delay (propagated)
   0.00   28.94   clock reconvergence pessimism
          28.94 ^ _18158_/CLK (gf180mcu_fd_sc_mcu9t5v0__dffq_1)
  -0.19   28.74   library setup time
          28.74   data required time
---------------------------------------------------------
          28.74   data required time
         -28.99   data arrival time
---------------------------------------------------------
          -0.25   slack (VIOLATED)


Startpoint: _18692_ (rising edge-triggered flip-flop clocked by core_clk)
Endpoint: _18518_ (rising edge-triggered flip-flop clocked by core_clk)
Path Group: core_clk
Path Type: max

  Delay    Time   Description
---------------------------------------------------------
   0.00    0.00   clock core_clk (rise edge)
   2.78    2.78   clock network delay (propagated)
   0.00    2.78 ^ _18692_/CLK (gf180mcu_fd_sc_mcu9t5v0__dffrnq_4)
   1.84    4.63 ^ _18692_/Q (gf180mcu_fd_sc_mcu9t5v0__dffrnq_4)
   1.15    5.78 v _09427_/ZN (gf180mcu_fd_sc_mcu9t5v0__xnor2_4)
   0.47    6.24 v _09428_/Z (gf180mcu_fd_sc_mcu9t5v0__and2_4)
   0.63    6.88 ^ _09435_/ZN (gf180mcu_fd_sc_mcu9t5v0__oai31_4)
   0.55    7.43 ^ eco7_buf_09435/Z (gf180mcu_fd_sc_mcu9t5v0__clkbuf_16)
   0.35    7.78 v _09438_/ZN (gf180mcu_fd_sc_mcu9t5v0__oai21_4)
   0.77    8.54 v _09445_/Z (gf180mcu_fd_sc_mcu9t5v0__and4_4)
   0.81    9.35 ^ _09450_/ZN (gf180mcu_fd_sc_mcu9t5v0__oai31_4)
   0.48    9.83 ^ eco7_buf_09450/Z (gf180mcu_fd_sc_mcu9t5v0__clkbuf_16)
   0.85   10.69 ^ _09454_/Z (gf180mcu_fd_sc_mcu9t5v0__and4_4)
   0.33   11.02 v _09456_/ZN (gf180mcu_fd_sc_mcu9t5v0__nand2_4)
   0.80   11.81 ^ _09461_/ZN (gf180mcu_fd_sc_mcu9t5v0__nand2_4)
   0.63   12.44 v _09462_/ZN (gf180mcu_fd_sc_mcu9t5v0__clkinv_8)
   0.67   13.11 v load_slew111/Z (gf180mcu_fd_sc_mcu9t5v0__clkbuf_16)
   1.00   14.11 ^ _09472_/ZN (gf180mcu_fd_sc_mcu9t5v0__oai21_4)
   0.92   15.03 ^ max_cap106/Z (gf180mcu_fd_sc_mcu9t5v0__clkbuf_16)
   0.62   15.65 v _09512_/ZN (gf180mcu_fd_sc_mcu9t5v0__nand2_4)
   0.88   16.53 ^ _09513_/ZN (gf180mcu_fd_sc_mcu9t5v0__oai221_4)
   0.53   17.07 ^ _09514_/Z (gf180mcu_fd_sc_mcu9t5v0__or2_4)
   0.26   17.32 v _09519_/ZN (gf180mcu_fd_sc_mcu9t5v0__oai31_4)
   0.64   17.97 v rebuffer265/Z (gf180mcu_fd_sc_mcu9t5v0__buf_8)
   0.71   18.68 ^ _09541_/ZN (gf180mcu_fd_sc_mcu9t5v0__aoi21_4)
   0.35   19.02 v _15855_/ZN (gf180mcu_fd_sc_mcu9t5v0__oai31_4)
   0.73   19.76 v rebuffer262/Z (gf180mcu_fd_sc_mcu9t5v0__buf_8)
   1.29   21.05 v _15860_/Z (gf180mcu_fd_sc_mcu9t5v0__or2_4)
   1.39   22.44 ^ _16297_/ZN (gf180mcu_fd_sc_mcu9t5v0__oai32_4)
   0.58   23.02 v _16440_/ZN (gf180mcu_fd_sc_mcu9t5v0__aoi21_4)
   1.25   24.27 v _16511_/Z (gf180mcu_fd_sc_mcu9t5v0__and4_4)
   0.77   25.04 v max_cap46/Z (gf180mcu_fd_sc_mcu9t5v0__buf_8)
   1.31   26.36 ^ _16512_/ZN (gf180mcu_fd_sc_mcu9t5v0__aoi21_4)
   0.63   26.99 ^ max_cap24/Z (gf180mcu_fd_sc_mcu9t5v0__clkbuf_16)
   0.51   27.50 ^ max_cap22/Z (gf180mcu_fd_sc_mcu9t5v0__buf_4)
   0.52   28.02 ^ fanout245/Z (gf180mcu_fd_sc_mcu9t5v0__clkbuf_16)
   0.91   28.93 v _17054_/Z (gf180mcu_fd_sc_mcu9t5v0__mux2_4)
   0.00   28.93 v _18518_/D (gf180mcu_fd_sc_mcu9t5v0__dffq_4)
          28.93   data arrival time

  26.04   26.04   clock core_clk (rise edge)
   2.88   28.92   clock network delay (propagated)
   0.00   28.92   clock reconvergence pessimism
          28.92 ^ _18518_/CLK (gf180mcu_fd_sc_mcu9t5v0__dffq_4)
  -0.21   28.71   library setup time
          28.71   data required time
---------------------------------------------------------
          28.71   data required time
         -28.93   data arrival time
---------------------------------------------------------
          -0.21   slack (VIOLATED)


Startpoint: _18692_ (rising edge-triggered flip-flop clocked by core_clk)
Endpoint: _18157_ (rising edge-triggered flip-flop clocked by core_clk)
Path Group: core_clk
Path Type: max

  Delay    Time   Description
---------------------------------------------------------
   0.00    0.00   clock core_clk (rise edge)
   2.78    2.78   clock network delay (propagated)
   0.00    2.78 ^ _18692_/CLK (gf180mcu_fd_sc_mcu9t5v0__dffrnq_4)
   1.84    4.63 ^ _18692_/Q (gf180mcu_fd_sc_mcu9t5v0__dffrnq_4)
   1.15    5.78 v _09427_/ZN (gf180mcu_fd_sc_mcu9t5v0__xnor2_4)
   0.47    6.24 v _09428_/Z (gf180mcu_fd_sc_mcu9t5v0__and2_4)
   0.63    6.88 ^ _09435_/ZN (gf180mcu_fd_sc_mcu9t5v0__oai31_4)
   0.55    7.43 ^ eco7_buf_09435/Z (gf180mcu_fd_sc_mcu9t5v0__clkbuf_16)
   0.35    7.78 v _09438_/ZN (gf180mcu_fd_sc_mcu9t5v0__oai21_4)
   0.77    8.54 v _09445_/Z (gf180mcu_fd_sc_mcu9t5v0__and4_4)
   0.81    9.35 ^ _09450_/ZN (gf180mcu_fd_sc_mcu9t5v0__oai31_4)
   0.48    9.83 ^ eco7_buf_09450/Z (gf180mcu_fd_sc_mcu9t5v0__clkbuf_16)
   0.85   10.69 ^ _09454_/Z (gf180mcu_fd_sc_mcu9t5v0__and4_4)
   0.33   11.02 v _09456_/ZN (gf180mcu_fd_sc_mcu9t5v0__nand2_4)
   0.80   11.81 ^ _09461_/ZN (gf180mcu_fd_sc_mcu9t5v0__nand2_4)
   0.63   12.44 v _09462_/ZN (gf180mcu_fd_sc_mcu9t5v0__clkinv_8)
   0.67   13.11 v load_slew111/Z (gf180mcu_fd_sc_mcu9t5v0__clkbuf_16)
   1.00   14.11 ^ _09472_/ZN (gf180mcu_fd_sc_mcu9t5v0__oai21_4)
   0.92   15.03 ^ max_cap106/Z (gf180mcu_fd_sc_mcu9t5v0__clkbuf_16)
   0.56   15.59 v _09499_/ZN (gf180mcu_fd_sc_mcu9t5v0__aoi21_4)
   1.08   16.68 ^ _09504_/ZN (gf180mcu_fd_sc_mcu9t5v0__oai222_4)
   0.31   16.99 v _09515_/ZN (gf180mcu_fd_sc_mcu9t5v0__nor3_4)
   1.27   18.26 ^ _09518_/ZN (gf180mcu_fd_sc_mcu9t5v0__aoi21_4)
   0.96   19.22 v _09542_/ZN (gf180mcu_fd_sc_mcu9t5v0__oai211_4)
   1.23   20.45 ^ _15946_/ZN (gf180mcu_fd_sc_mcu9t5v0__nand4_4)
   0.71   21.16 ^ max_cap98/Z (gf180mcu_fd_sc_mcu9t5v0__clkbuf_16)
   0.83   21.99 ^ _15947_/Z (gf180mcu_fd_sc_mcu9t5v0__mux2_4)
   1.02   23.01 v _15949_/ZN (gf180mcu_fd_sc_mcu9t5v0__nand4_4)
   1.26   24.27 ^ _15962_/ZN (gf180mcu_fd_sc_mcu9t5v0__aoi221_4)
   0.54   24.81 ^ eco7_buf_15962/Z (gf180mcu_fd_sc_mcu9t5v0__clkbuf_16)
   1.02   25.82 v _15977_/ZN (gf180mcu_fd_sc_mcu9t5v0__nand4_1)
   1.13   26.95 ^ _15999_/ZN (gf180mcu_fd_sc_mcu9t5v0__nand2_4)
   0.61   27.57 ^ max_cap45/Z (gf180mcu_fd_sc_mcu9t5v0__clkbuf_16)
   0.52   28.08 ^ fanout239/Z (gf180mcu_fd_sc_mcu9t5v0__clkbuf_16)
   0.88   28.96 v _16033_/Z (gf180mcu_fd_sc_mcu9t5v0__mux2_4)
   0.00   28.96 v _18157_/D (gf180mcu_fd_sc_mcu9t5v0__dffq_1)
          28.96   data arrival time

  26.04   26.04   clock core_clk (rise edge)
   2.90   28.94   clock network delay (propagated)
   0.00   28.94   clock reconvergence pessimism
          28.94 ^ _18157_/CLK (gf180mcu_fd_sc_mcu9t5v0__dffq_1)
  -0.19   28.75   library setup time
          28.75   data required time
---------------------------------------------------------
          28.75   data required time
         -28.96   data arrival time
---------------------------------------------------------
          -0.21   slack (VIOLATED)


Startpoint: _18692_ (rising edge-triggered flip-flop clocked by core_clk)
Endpoint: _18326_ (rising edge-triggered flip-flop clocked by core_clk)
Path Group: core_clk
Path Type: max

  Delay    Time   Description
---------------------------------------------------------
   0.00    0.00   clock core_clk (rise edge)
   2.78    2.78   clock network delay (propagated)
   0.00    2.78 ^ _18692_/CLK (gf180mcu_fd_sc_mcu9t5v0__dffrnq_4)
   1.84    4.63 ^ _18692_/Q (gf180mcu_fd_sc_mcu9t5v0__dffrnq_4)
   1.15    5.78 v _09427_/ZN (gf180mcu_fd_sc_mcu9t5v0__xnor2_4)
   0.47    6.24 v _09428_/Z (gf180mcu_fd_sc_mcu9t5v0__and2_4)
   0.63    6.88 ^ _09435_/ZN (gf180mcu_fd_sc_mcu9t5v0__oai31_4)
   0.55    7.43 ^ eco7_buf_09435/Z (gf180mcu_fd_sc_mcu9t5v0__clkbuf_16)
   0.35    7.78 v _09438_/ZN (gf180mcu_fd_sc_mcu9t5v0__oai21_4)
   0.77    8.54 v _09445_/Z (gf180mcu_fd_sc_mcu9t5v0__and4_4)
   0.81    9.35 ^ _09450_/ZN (gf180mcu_fd_sc_mcu9t5v0__oai31_4)
   0.48    9.83 ^ eco7_buf_09450/Z (gf180mcu_fd_sc_mcu9t5v0__clkbuf_16)
   0.85   10.69 ^ _09454_/Z (gf180mcu_fd_sc_mcu9t5v0__and4_4)
   0.33   11.02 v _09456_/ZN (gf180mcu_fd_sc_mcu9t5v0__nand2_4)
   0.80   11.81 ^ _09461_/ZN (gf180mcu_fd_sc_mcu9t5v0__nand2_4)
   0.63   12.44 v _09462_/ZN (gf180mcu_fd_sc_mcu9t5v0__clkinv_8)
   0.67   13.11 v load_slew111/Z (gf180mcu_fd_sc_mcu9t5v0__clkbuf_16)
   1.00   14.11 ^ _09472_/ZN (gf180mcu_fd_sc_mcu9t5v0__oai21_4)
   0.92   15.03 ^ max_cap106/Z (gf180mcu_fd_sc_mcu9t5v0__clkbuf_16)
   0.62   15.65 v _09512_/ZN (gf180mcu_fd_sc_mcu9t5v0__nand2_4)
   0.88   16.53 ^ _09513_/ZN (gf180mcu_fd_sc_mcu9t5v0__oai221_4)
   0.53   17.07 ^ _09514_/Z (gf180mcu_fd_sc_mcu9t5v0__or2_4)
   0.26   17.32 v _09519_/ZN (gf180mcu_fd_sc_mcu9t5v0__oai31_4)
   0.64   17.97 v rebuffer265/Z (gf180mcu_fd_sc_mcu9t5v0__buf_8)
   0.71   18.68 ^ _09541_/ZN (gf180mcu_fd_sc_mcu9t5v0__aoi21_4)
   0.35   19.02 v _15855_/ZN (gf180mcu_fd_sc_mcu9t5v0__oai31_4)
   0.73   19.76 v rebuffer262/Z (gf180mcu_fd_sc_mcu9t5v0__buf_8)
   1.29   21.05 v _15860_/Z (gf180mcu_fd_sc_mcu9t5v0__or2_4)
   1.39   22.44 ^ _16297_/ZN (gf180mcu_fd_sc_mcu9t5v0__oai32_4)
   0.58   23.02 v _16440_/ZN (gf180mcu_fd_sc_mcu9t5v0__aoi21_4)
   1.25   24.27 v _16511_/Z (gf180mcu_fd_sc_mcu9t5v0__and4_4)
   0.77   25.04 v max_cap46/Z (gf180mcu_fd_sc_mcu9t5v0__buf_8)
   1.31   26.36 ^ _16512_/ZN (gf180mcu_fd_sc_mcu9t5v0__aoi21_4)
   0.63   26.99 ^ max_cap24/Z (gf180mcu_fd_sc_mcu9t5v0__clkbuf_16)
   0.51   27.50 ^ max_cap22/Z (gf180mcu_fd_sc_mcu9t5v0__buf_4)
   0.52   28.02 ^ fanout245/Z (gf180mcu_fd_sc_mcu9t5v0__clkbuf_16)
   0.89   28.91 v _16540_/Z (gf180mcu_fd_sc_mcu9t5v0__mux2_4)
   0.00   28.91 v _18326_/D (gf180mcu_fd_sc_mcu9t5v0__dffq_4)
          28.91   data arrival time

  26.04   26.04   clock core_clk (rise edge)
   2.87   28.91   clock network delay (propagated)
   0.00   28.91   clock reconvergence pessimism
          28.91 ^ _18326_/CLK (gf180mcu_fd_sc_mcu9t5v0__dffq_4)
  -0.21   28.70   library setup time
          28.70   data required time
---------------------------------------------------------
          28.70   data required time
         -28.91   data arrival time
---------------------------------------------------------
          -0.21   slack (VIOLATED)


Startpoint: _18692_ (rising edge-triggered flip-flop clocked by core_clk)
Endpoint: _18327_ (rising edge-triggered flip-flop clocked by core_clk)
Path Group: core_clk
Path Type: max

  Delay    Time   Description
---------------------------------------------------------
   0.00    0.00   clock core_clk (rise edge)
   2.78    2.78   clock network delay (propagated)
   0.00    2.78 ^ _18692_/CLK (gf180mcu_fd_sc_mcu9t5v0__dffrnq_4)
   1.84    4.63 ^ _18692_/Q (gf180mcu_fd_sc_mcu9t5v0__dffrnq_4)
   1.15    5.78 v _09427_/ZN (gf180mcu_fd_sc_mcu9t5v0__xnor2_4)
   0.47    6.24 v _09428_/Z (gf180mcu_fd_sc_mcu9t5v0__and2_4)
   0.63    6.88 ^ _09435_/ZN (gf180mcu_fd_sc_mcu9t5v0__oai31_4)
   0.55    7.43 ^ eco7_buf_09435/Z (gf180mcu_fd_sc_mcu9t5v0__clkbuf_16)
   0.35    7.78 v _09438_/ZN (gf180mcu_fd_sc_mcu9t5v0__oai21_4)
   0.77    8.54 v _09445_/Z (gf180mcu_fd_sc_mcu9t5v0__and4_4)
   0.81    9.35 ^ _09450_/ZN (gf180mcu_fd_sc_mcu9t5v0__oai31_4)
   0.48    9.83 ^ eco7_buf_09450/Z (gf180mcu_fd_sc_mcu9t5v0__clkbuf_16)
   0.85   10.69 ^ _09454_/Z (gf180mcu_fd_sc_mcu9t5v0__and4_4)
   0.33   11.02 v _09456_/ZN (gf180mcu_fd_sc_mcu9t5v0__nand2_4)
   0.80   11.81 ^ _09461_/ZN (gf180mcu_fd_sc_mcu9t5v0__nand2_4)
   0.63   12.44 v _09462_/ZN (gf180mcu_fd_sc_mcu9t5v0__clkinv_8)
   0.67   13.11 v load_slew111/Z (gf180mcu_fd_sc_mcu9t5v0__clkbuf_16)
   1.00   14.11 ^ _09472_/ZN (gf180mcu_fd_sc_mcu9t5v0__oai21_4)
   0.92   15.03 ^ max_cap106/Z (gf180mcu_fd_sc_mcu9t5v0__clkbuf_16)
   0.62   15.65 v _09512_/ZN (gf180mcu_fd_sc_mcu9t5v0__nand2_4)
   0.88   16.53 ^ _09513_/ZN (gf180mcu_fd_sc_mcu9t5v0__oai221_4)
   0.53   17.07 ^ _09514_/Z (gf180mcu_fd_sc_mcu9t5v0__or2_4)
   0.26   17.32 v _09519_/ZN (gf180mcu_fd_sc_mcu9t5v0__oai31_4)
   0.64   17.97 v rebuffer265/Z (gf180mcu_fd_sc_mcu9t5v0__buf_8)
   0.71   18.68 ^ _09541_/ZN (gf180mcu_fd_sc_mcu9t5v0__aoi21_4)
   0.35   19.02 v _15855_/ZN (gf180mcu_fd_sc_mcu9t5v0__oai31_4)
   0.73   19.76 v rebuffer262/Z (gf180mcu_fd_sc_mcu9t5v0__buf_8)
   1.29   21.05 v _15860_/Z (gf180mcu_fd_sc_mcu9t5v0__or2_4)
   1.39   22.44 ^ _16297_/ZN (gf180mcu_fd_sc_mcu9t5v0__oai32_4)
   0.58   23.02 v _16440_/ZN (gf180mcu_fd_sc_mcu9t5v0__aoi21_4)
   1.25   24.27 v _16511_/Z (gf180mcu_fd_sc_mcu9t5v0__and4_4)
   0.77   25.04 v max_cap46/Z (gf180mcu_fd_sc_mcu9t5v0__buf_8)
   1.31   26.36 ^ _16512_/ZN (gf180mcu_fd_sc_mcu9t5v0__aoi21_4)
   0.63   26.99 ^ max_cap24/Z (gf180mcu_fd_sc_mcu9t5v0__clkbuf_16)
   0.51   27.50 ^ max_cap22/Z (gf180mcu_fd_sc_mcu9t5v0__buf_4)
   0.52   28.02 ^ fanout245/Z (gf180mcu_fd_sc_mcu9t5v0__clkbuf_16)
   0.89   28.91 v _16542_/Z (gf180mcu_fd_sc_mcu9t5v0__mux2_4)
   0.00   28.91 v _18327_/D (gf180mcu_fd_sc_mcu9t5v0__dffq_4)
          28.91   data arrival time

  26.04   26.04   clock core_clk (rise edge)
   2.87   28.91   clock network delay (propagated)
   0.00   28.91   clock reconvergence pessimism
          28.91 ^ _18327_/CLK (gf180mcu_fd_sc_mcu9t5v0__dffq_4)
  -0.21   28.70   library setup time
          28.70   data required time
---------------------------------------------------------
          28.70   data required time
         -28.91   data arrival time
---------------------------------------------------------
          -0.21   slack (VIOLATED)


Startpoint: _18692_ (rising edge-triggered flip-flop clocked by core_clk)
Endpoint: _18516_ (rising edge-triggered flip-flop clocked by core_clk)
Path Group: core_clk
Path Type: max

  Delay    Time   Description
---------------------------------------------------------
   0.00    0.00   clock core_clk (rise edge)
   2.78    2.78   clock network delay (propagated)
   0.00    2.78 ^ _18692_/CLK (gf180mcu_fd_sc_mcu9t5v0__dffrnq_4)
   1.84    4.63 ^ _18692_/Q (gf180mcu_fd_sc_mcu9t5v0__dffrnq_4)
   1.15    5.78 v _09427_/ZN (gf180mcu_fd_sc_mcu9t5v0__xnor2_4)
   0.47    6.24 v _09428_/Z (gf180mcu_fd_sc_mcu9t5v0__and2_4)
   0.63    6.88 ^ _09435_/ZN (gf180mcu_fd_sc_mcu9t5v0__oai31_4)
   0.55    7.43 ^ eco7_buf_09435/Z (gf180mcu_fd_sc_mcu9t5v0__clkbuf_16)
   0.35    7.78 v _09438_/ZN (gf180mcu_fd_sc_mcu9t5v0__oai21_4)
   0.77    8.54 v _09445_/Z (gf180mcu_fd_sc_mcu9t5v0__and4_4)
   0.81    9.35 ^ _09450_/ZN (gf180mcu_fd_sc_mcu9t5v0__oai31_4)
   0.48    9.83 ^ eco7_buf_09450/Z (gf180mcu_fd_sc_mcu9t5v0__clkbuf_16)
   0.85   10.69 ^ _09454_/Z (gf180mcu_fd_sc_mcu9t5v0__and4_4)
   0.33   11.02 v _09456_/ZN (gf180mcu_fd_sc_mcu9t5v0__nand2_4)
   0.80   11.81 ^ _09461_/ZN (gf180mcu_fd_sc_mcu9t5v0__nand2_4)
   0.63   12.44 v _09462_/ZN (gf180mcu_fd_sc_mcu9t5v0__clkinv_8)
   0.67   13.11 v load_slew111/Z (gf180mcu_fd_sc_mcu9t5v0__clkbuf_16)
   1.00   14.11 ^ _09472_/ZN (gf180mcu_fd_sc_mcu9t5v0__oai21_4)
   0.92   15.03 ^ max_cap106/Z (gf180mcu_fd_sc_mcu9t5v0__clkbuf_16)
   0.62   15.65 v _09512_/ZN (gf180mcu_fd_sc_mcu9t5v0__nand2_4)
   0.88   16.53 ^ _09513_/ZN (gf180mcu_fd_sc_mcu9t5v0__oai221_4)
   0.53   17.07 ^ _09514_/Z (gf180mcu_fd_sc_mcu9t5v0__or2_4)
   0.26   17.32 v _09519_/ZN (gf180mcu_fd_sc_mcu9t5v0__oai31_4)
   0.64   17.97 v rebuffer265/Z (gf180mcu_fd_sc_mcu9t5v0__buf_8)
   0.71   18.68 ^ _09541_/ZN (gf180mcu_fd_sc_mcu9t5v0__aoi21_4)
   0.35   19.02 v _15855_/ZN (gf180mcu_fd_sc_mcu9t5v0__oai31_4)
   0.73   19.76 v rebuffer262/Z (gf180mcu_fd_sc_mcu9t5v0__buf_8)
   1.29   21.05 v _15860_/Z (gf180mcu_fd_sc_mcu9t5v0__or2_4)
   1.39   22.44 ^ _16297_/ZN (gf180mcu_fd_sc_mcu9t5v0__oai32_4)
   0.58   23.02 v _16440_/ZN (gf180mcu_fd_sc_mcu9t5v0__aoi21_4)
   1.25   24.27 v _16511_/Z (gf180mcu_fd_sc_mcu9t5v0__and4_4)
   0.77   25.04 v max_cap46/Z (gf180mcu_fd_sc_mcu9t5v0__buf_8)
   1.31   26.36 ^ _16512_/ZN (gf180mcu_fd_sc_mcu9t5v0__aoi21_4)
   0.63   26.99 ^ max_cap24/Z (gf180mcu_fd_sc_mcu9t5v0__clkbuf_16)
   0.41   27.40 ^ max_cap23/Z (gf180mcu_fd_sc_mcu9t5v0__clkbuf_16)
   0.57   27.97 ^ fanout244/Z (gf180mcu_fd_sc_mcu9t5v0__buf_8)
   1.00   28.97 v _17050_/Z (gf180mcu_fd_sc_mcu9t5v0__mux2_4)
   0.00   28.97 v _18516_/D (gf180mcu_fd_sc_mcu9t5v0__dffq_4)
          28.97   data arrival time

  26.04   26.04   clock core_clk (rise edge)
   2.95   28.99   clock network delay (propagated)
   0.00   28.99   clock reconvergence pessimism
          28.99 ^ _18516_/CLK (gf180mcu_fd_sc_mcu9t5v0__dffq_4)
  -0.23   28.77   library setup time
          28.77   data required time
---------------------------------------------------------
          28.77   data required time
         -28.97   data arrival time
---------------------------------------------------------
          -0.21   slack (VIOLATED)


Startpoint: _18692_ (rising edge-triggered flip-flop clocked by core_clk)
Endpoint: _18172_ (rising edge-triggered flip-flop clocked by core_clk)
Path Group: core_clk
Path Type: max

  Delay    Time   Description
---------------------------------------------------------
   0.00    0.00   clock core_clk (rise edge)
   2.78    2.78   clock network delay (propagated)
   0.00    2.78 ^ _18692_/CLK (gf180mcu_fd_sc_mcu9t5v0__dffrnq_4)
   1.84    4.63 ^ _18692_/Q (gf180mcu_fd_sc_mcu9t5v0__dffrnq_4)
   1.15    5.78 v _09427_/ZN (gf180mcu_fd_sc_mcu9t5v0__xnor2_4)
   0.47    6.24 v _09428_/Z (gf180mcu_fd_sc_mcu9t5v0__and2_4)
   0.63    6.88 ^ _09435_/ZN (gf180mcu_fd_sc_mcu9t5v0__oai31_4)
   0.55    7.43 ^ eco7_buf_09435/Z (gf180mcu_fd_sc_mcu9t5v0__clkbuf_16)
   0.35    7.78 v _09438_/ZN (gf180mcu_fd_sc_mcu9t5v0__oai21_4)
   0.77    8.54 v _09445_/Z (gf180mcu_fd_sc_mcu9t5v0__and4_4)
   0.81    9.35 ^ _09450_/ZN (gf180mcu_fd_sc_mcu9t5v0__oai31_4)
   0.48    9.83 ^ eco7_buf_09450/Z (gf180mcu_fd_sc_mcu9t5v0__clkbuf_16)
   0.85   10.69 ^ _09454_/Z (gf180mcu_fd_sc_mcu9t5v0__and4_4)
   0.33   11.02 v _09456_/ZN (gf180mcu_fd_sc_mcu9t5v0__nand2_4)
   0.80   11.81 ^ _09461_/ZN (gf180mcu_fd_sc_mcu9t5v0__nand2_4)
   0.63   12.44 v _09462_/ZN (gf180mcu_fd_sc_mcu9t5v0__clkinv_8)
   0.67   13.11 v load_slew111/Z (gf180mcu_fd_sc_mcu9t5v0__clkbuf_16)
   1.00   14.11 ^ _09472_/ZN (gf180mcu_fd_sc_mcu9t5v0__oai21_4)
   0.92   15.03 ^ max_cap106/Z (gf180mcu_fd_sc_mcu9t5v0__clkbuf_16)
   0.62   15.65 v _09512_/ZN (gf180mcu_fd_sc_mcu9t5v0__nand2_4)
   0.88   16.53 ^ _09513_/ZN (gf180mcu_fd_sc_mcu9t5v0__oai221_4)
   0.53   17.07 ^ _09514_/Z (gf180mcu_fd_sc_mcu9t5v0__or2_4)
   0.26   17.32 v _09519_/ZN (gf180mcu_fd_sc_mcu9t5v0__oai31_4)
   0.64   17.97 v rebuffer265/Z (gf180mcu_fd_sc_mcu9t5v0__buf_8)
   0.71   18.68 ^ _09541_/ZN (gf180mcu_fd_sc_mcu9t5v0__aoi21_4)
   0.35   19.02 v _15855_/ZN (gf180mcu_fd_sc_mcu9t5v0__oai31_4)
   0.73   19.76 v rebuffer262/Z (gf180mcu_fd_sc_mcu9t5v0__buf_8)
   1.87   21.63 ^ _15937_/ZN (gf180mcu_fd_sc_mcu9t5v0__aoi21_4)
   1.15   22.78 v _15944_/ZN (gf180mcu_fd_sc_mcu9t5v0__nor3_4)
   0.99   23.76 v max_cap97/Z (gf180mcu_fd_sc_mcu9t5v0__clkbuf_4)
   2.55   26.31 ^ _16021_/Z (gf180mcu_fd_sc_mcu9t5v0__mux2_1)
   0.71   27.03 v _16131_/ZN (gf180mcu_fd_sc_mcu9t5v0__aoi21_1)
   1.18   28.20 ^ _16134_/ZN (gf180mcu_fd_sc_mcu9t5v0__oai21_1)
   0.68   28.89 ^ _16135_/Z (gf180mcu_fd_sc_mcu9t5v0__mux2_4)
   0.00   28.89 ^ _18172_/D (gf180mcu_fd_sc_mcu9t5v0__dffq_4)
          28.89   data arrival time

  26.04   26.04   clock core_clk (rise edge)
   2.92   28.96   clock network delay (propagated)
   0.00   28.96   clock reconvergence pessimism
          28.96 ^ _18172_/CLK (gf180mcu_fd_sc_mcu9t5v0__dffq_4)
  -0.28   28.68   library setup time
          28.68   data required time
---------------------------------------------------------
          28.68   data required time
         -28.89   data arrival time
---------------------------------------------------------
          -0.20   slack (VIOLATED)


Startpoint: _18692_ (rising edge-triggered flip-flop clocked by core_clk)
Endpoint: _18328_ (rising edge-triggered flip-flop clocked by core_clk)
Path Group: core_clk
Path Type: max

  Delay    Time   Description
---------------------------------------------------------
   0.00    0.00   clock core_clk (rise edge)
   2.78    2.78   clock network delay (propagated)
   0.00    2.78 ^ _18692_/CLK (gf180mcu_fd_sc_mcu9t5v0__dffrnq_4)
   1.84    4.63 ^ _18692_/Q (gf180mcu_fd_sc_mcu9t5v0__dffrnq_4)
   1.15    5.78 v _09427_/ZN (gf180mcu_fd_sc_mcu9t5v0__xnor2_4)
   0.47    6.24 v _09428_/Z (gf180mcu_fd_sc_mcu9t5v0__and2_4)
   0.63    6.88 ^ _09435_/ZN (gf180mcu_fd_sc_mcu9t5v0__oai31_4)
   0.55    7.43 ^ eco7_buf_09435/Z (gf180mcu_fd_sc_mcu9t5v0__clkbuf_16)
   0.35    7.78 v _09438_/ZN (gf180mcu_fd_sc_mcu9t5v0__oai21_4)
   0.77    8.54 v _09445_/Z (gf180mcu_fd_sc_mcu9t5v0__and4_4)
   0.81    9.35 ^ _09450_/ZN (gf180mcu_fd_sc_mcu9t5v0__oai31_4)
   0.48    9.83 ^ eco7_buf_09450/Z (gf180mcu_fd_sc_mcu9t5v0__clkbuf_16)
   0.85   10.69 ^ _09454_/Z (gf180mcu_fd_sc_mcu9t5v0__and4_4)
   0.33   11.02 v _09456_/ZN (gf180mcu_fd_sc_mcu9t5v0__nand2_4)
   0.80   11.81 ^ _09461_/ZN (gf180mcu_fd_sc_mcu9t5v0__nand2_4)
   0.63   12.44 v _09462_/ZN (gf180mcu_fd_sc_mcu9t5v0__clkinv_8)
   0.67   13.11 v load_slew111/Z (gf180mcu_fd_sc_mcu9t5v0__clkbuf_16)
   1.00   14.11 ^ _09472_/ZN (gf180mcu_fd_sc_mcu9t5v0__oai21_4)
   0.92   15.03 ^ max_cap106/Z (gf180mcu_fd_sc_mcu9t5v0__clkbuf_16)
   0.62   15.65 v _09512_/ZN (gf180mcu_fd_sc_mcu9t5v0__nand2_4)
   0.88   16.53 ^ _09513_/ZN (gf180mcu_fd_sc_mcu9t5v0__oai221_4)
   0.53   17.07 ^ _09514_/Z (gf180mcu_fd_sc_mcu9t5v0__or2_4)
   0.26   17.32 v _09519_/ZN (gf180mcu_fd_sc_mcu9t5v0__oai31_4)
   0.64   17.97 v rebuffer265/Z (gf180mcu_fd_sc_mcu9t5v0__buf_8)
   0.71   18.68 ^ _09541_/ZN (gf180mcu_fd_sc_mcu9t5v0__aoi21_4)
   0.35   19.02 v _15855_/ZN (gf180mcu_fd_sc_mcu9t5v0__oai31_4)
   0.73   19.76 v rebuffer262/Z (gf180mcu_fd_sc_mcu9t5v0__buf_8)
   1.29   21.05 v _15860_/Z (gf180mcu_fd_sc_mcu9t5v0__or2_4)
   1.39   22.44 ^ _16297_/ZN (gf180mcu_fd_sc_mcu9t5v0__oai32_4)
   0.58   23.02 v _16440_/ZN (gf180mcu_fd_sc_mcu9t5v0__aoi21_4)
   1.25   24.27 v _16511_/Z (gf180mcu_fd_sc_mcu9t5v0__and4_4)
   0.77   25.04 v max_cap46/Z (gf180mcu_fd_sc_mcu9t5v0__buf_8)
   1.31   26.36 ^ _16512_/ZN (gf180mcu_fd_sc_mcu9t5v0__aoi21_4)
   0.63   26.99 ^ max_cap24/Z (gf180mcu_fd_sc_mcu9t5v0__clkbuf_16)
   0.51   27.50 ^ max_cap22/Z (gf180mcu_fd_sc_mcu9t5v0__buf_4)
   0.52   28.02 ^ fanout245/Z (gf180mcu_fd_sc_mcu9t5v0__clkbuf_16)
   0.89   28.91 v _16544_/Z (gf180mcu_fd_sc_mcu9t5v0__mux2_4)
   0.00   28.91 v _18328_/D (gf180mcu_fd_sc_mcu9t5v0__dffq_4)
          28.91   data arrival time

  26.04   26.04   clock core_clk (rise edge)
   2.87   28.91   clock network delay (propagated)
   0.00   28.91   clock reconvergence pessimism
          28.91 ^ _18328_/CLK (gf180mcu_fd_sc_mcu9t5v0__dffq_4)
  -0.21   28.71   library setup time
          28.71   data required time
---------------------------------------------------------
          28.71   data required time
         -28.91   data arrival time
---------------------------------------------------------
          -0.20   slack (VIOLATED)


Startpoint: _18692_ (rising edge-triggered flip-flop clocked by core_clk)
Endpoint: _18325_ (rising edge-triggered flip-flop clocked by core_clk)
Path Group: core_clk
Path Type: max

  Delay    Time   Description
---------------------------------------------------------
   0.00    0.00   clock core_clk (rise edge)
   2.78    2.78   clock network delay (propagated)
   0.00    2.78 ^ _18692_/CLK (gf180mcu_fd_sc_mcu9t5v0__dffrnq_4)
   1.84    4.63 ^ _18692_/Q (gf180mcu_fd_sc_mcu9t5v0__dffrnq_4)
   1.15    5.78 v _09427_/ZN (gf180mcu_fd_sc_mcu9t5v0__xnor2_4)
   0.47    6.24 v _09428_/Z (gf180mcu_fd_sc_mcu9t5v0__and2_4)
   0.63    6.88 ^ _09435_/ZN (gf180mcu_fd_sc_mcu9t5v0__oai31_4)
   0.55    7.43 ^ eco7_buf_09435/Z (gf180mcu_fd_sc_mcu9t5v0__clkbuf_16)
   0.35    7.78 v _09438_/ZN (gf180mcu_fd_sc_mcu9t5v0__oai21_4)
   0.77    8.54 v _09445_/Z (gf180mcu_fd_sc_mcu9t5v0__and4_4)
   0.81    9.35 ^ _09450_/ZN (gf180mcu_fd_sc_mcu9t5v0__oai31_4)
   0.48    9.83 ^ eco7_buf_09450/Z (gf180mcu_fd_sc_mcu9t5v0__clkbuf_16)
   0.85   10.69 ^ _09454_/Z (gf180mcu_fd_sc_mcu9t5v0__and4_4)
   0.33   11.02 v _09456_/ZN (gf180mcu_fd_sc_mcu9t5v0__nand2_4)
   0.80   11.81 ^ _09461_/ZN (gf180mcu_fd_sc_mcu9t5v0__nand2_4)
   0.63   12.44 v _09462_/ZN (gf180mcu_fd_sc_mcu9t5v0__clkinv_8)
   0.67   13.11 v load_slew111/Z (gf180mcu_fd_sc_mcu9t5v0__clkbuf_16)
   1.00   14.11 ^ _09472_/ZN (gf180mcu_fd_sc_mcu9t5v0__oai21_4)
   0.92   15.03 ^ max_cap106/Z (gf180mcu_fd_sc_mcu9t5v0__clkbuf_16)
   0.62   15.65 v _09512_/ZN (gf180mcu_fd_sc_mcu9t5v0__nand2_4)
   0.88   16.53 ^ _09513_/ZN (gf180mcu_fd_sc_mcu9t5v0__oai221_4)
   0.53   17.07 ^ _09514_/Z (gf180mcu_fd_sc_mcu9t5v0__or2_4)
   0.26   17.32 v _09519_/ZN (gf180mcu_fd_sc_mcu9t5v0__oai31_4)
   0.64   17.97 v rebuffer265/Z (gf180mcu_fd_sc_mcu9t5v0__buf_8)
   0.71   18.68 ^ _09541_/ZN (gf180mcu_fd_sc_mcu9t5v0__aoi21_4)
   0.35   19.02 v _15855_/ZN (gf180mcu_fd_sc_mcu9t5v0__oai31_4)
   0.73   19.76 v rebuffer262/Z (gf180mcu_fd_sc_mcu9t5v0__buf_8)
   1.29   21.05 v _15860_/Z (gf180mcu_fd_sc_mcu9t5v0__or2_4)
   1.39   22.44 ^ _16297_/ZN (gf180mcu_fd_sc_mcu9t5v0__oai32_4)
   0.58   23.02 v _16440_/ZN (gf180mcu_fd_sc_mcu9t5v0__aoi21_4)
   1.25   24.27 v _16511_/Z (gf180mcu_fd_sc_mcu9t5v0__and4_4)
   0.77   25.04 v max_cap46/Z (gf180mcu_fd_sc_mcu9t5v0__buf_8)
   1.31   26.36 ^ _16512_/ZN (gf180mcu_fd_sc_mcu9t5v0__aoi21_4)
   0.63   26.99 ^ max_cap24/Z (gf180mcu_fd_sc_mcu9t5v0__clkbuf_16)
   0.51   27.50 ^ max_cap22/Z (gf180mcu_fd_sc_mcu9t5v0__buf_4)
   0.52   28.02 ^ fanout245/Z (gf180mcu_fd_sc_mcu9t5v0__clkbuf_16)
   0.89   28.91 v _16538_/Z (gf180mcu_fd_sc_mcu9t5v0__mux2_4)
   0.00   28.91 v _18325_/D (gf180mcu_fd_sc_mcu9t5v0__dffq_4)
          28.91   data arrival time

  26.04   26.04   clock core_clk (rise edge)
   2.87   28.91   clock network delay (propagated)
   0.00   28.91   clock reconvergence pessimism
          28.91 ^ _18325_/CLK (gf180mcu_fd_sc_mcu9t5v0__dffq_4)
  -0.21   28.71   library setup time
          28.71   data required time
---------------------------------------------------------
          28.71   data required time
         -28.91   data arrival time
---------------------------------------------------------
          -0.20   slack (VIOLATED)


Startpoint: _18692_ (rising edge-triggered flip-flop clocked by core_clk)
Endpoint: _18324_ (rising edge-triggered flip-flop clocked by core_clk)
Path Group: core_clk
Path Type: max

  Delay    Time   Description
---------------------------------------------------------
   0.00    0.00   clock core_clk (rise edge)
   2.78    2.78   clock network delay (propagated)
   0.00    2.78 ^ _18692_/CLK (gf180mcu_fd_sc_mcu9t5v0__dffrnq_4)
   1.84    4.63 ^ _18692_/Q (gf180mcu_fd_sc_mcu9t5v0__dffrnq_4)
   1.15    5.78 v _09427_/ZN (gf180mcu_fd_sc_mcu9t5v0__xnor2_4)
   0.47    6.24 v _09428_/Z (gf180mcu_fd_sc_mcu9t5v0__and2_4)
   0.63    6.88 ^ _09435_/ZN (gf180mcu_fd_sc_mcu9t5v0__oai31_4)
   0.55    7.43 ^ eco7_buf_09435/Z (gf180mcu_fd_sc_mcu9t5v0__clkbuf_16)
   0.35    7.78 v _09438_/ZN (gf180mcu_fd_sc_mcu9t5v0__oai21_4)
   0.77    8.54 v _09445_/Z (gf180mcu_fd_sc_mcu9t5v0__and4_4)
   0.81    9.35 ^ _09450_/ZN (gf180mcu_fd_sc_mcu9t5v0__oai31_4)
   0.48    9.83 ^ eco7_buf_09450/Z (gf180mcu_fd_sc_mcu9t5v0__clkbuf_16)
   0.85   10.69 ^ _09454_/Z (gf180mcu_fd_sc_mcu9t5v0__and4_4)
   0.33   11.02 v _09456_/ZN (gf180mcu_fd_sc_mcu9t5v0__nand2_4)
   0.80   11.81 ^ _09461_/ZN (gf180mcu_fd_sc_mcu9t5v0__nand2_4)
   0.63   12.44 v _09462_/ZN (gf180mcu_fd_sc_mcu9t5v0__clkinv_8)
   0.67   13.11 v load_slew111/Z (gf180mcu_fd_sc_mcu9t5v0__clkbuf_16)
   1.00   14.11 ^ _09472_/ZN (gf180mcu_fd_sc_mcu9t5v0__oai21_4)
   0.92   15.03 ^ max_cap106/Z (gf180mcu_fd_sc_mcu9t5v0__clkbuf_16)
   0.62   15.65 v _09512_/ZN (gf180mcu_fd_sc_mcu9t5v0__nand2_4)
   0.88   16.53 ^ _09513_/ZN (gf180mcu_fd_sc_mcu9t5v0__oai221_4)
   0.53   17.07 ^ _09514_/Z (gf180mcu_fd_sc_mcu9t5v0__or2_4)
   0.26   17.32 v _09519_/ZN (gf180mcu_fd_sc_mcu9t5v0__oai31_4)
   0.64   17.97 v rebuffer265/Z (gf180mcu_fd_sc_mcu9t5v0__buf_8)
   0.71   18.68 ^ _09541_/ZN (gf180mcu_fd_sc_mcu9t5v0__aoi21_4)
   0.35   19.02 v _15855_/ZN (gf180mcu_fd_sc_mcu9t5v0__oai31_4)
   0.73   19.76 v rebuffer262/Z (gf180mcu_fd_sc_mcu9t5v0__buf_8)
   1.29   21.05 v _15860_/Z (gf180mcu_fd_sc_mcu9t5v0__or2_4)
   1.39   22.44 ^ _16297_/ZN (gf180mcu_fd_sc_mcu9t5v0__oai32_4)
   0.58   23.02 v _16440_/ZN (gf180mcu_fd_sc_mcu9t5v0__aoi21_4)
   1.25   24.27 v _16511_/Z (gf180mcu_fd_sc_mcu9t5v0__and4_4)
   0.77   25.04 v max_cap46/Z (gf180mcu_fd_sc_mcu9t5v0__buf_8)
   1.31   26.36 ^ _16512_/ZN (gf180mcu_fd_sc_mcu9t5v0__aoi21_4)
   0.63   26.99 ^ max_cap24/Z (gf180mcu_fd_sc_mcu9t5v0__clkbuf_16)
   0.51   27.50 ^ max_cap22/Z (gf180mcu_fd_sc_mcu9t5v0__buf_4)
   0.52   28.02 ^ fanout245/Z (gf180mcu_fd_sc_mcu9t5v0__clkbuf_16)
   0.90   28.92 v _16536_/Z (gf180mcu_fd_sc_mcu9t5v0__mux2_4)
   0.00   28.92 v _18324_/D (gf180mcu_fd_sc_mcu9t5v0__dffq_4)
          28.92   data arrival time

  26.04   26.04   clock core_clk (rise edge)
   2.89   28.93   clock network delay (propagated)
   0.00   28.93   clock reconvergence pessimism
          28.93 ^ _18324_/CLK (gf180mcu_fd_sc_mcu9t5v0__dffq_4)
  -0.21   28.72   library setup time
          28.72   data required time
---------------------------------------------------------
          28.72   data required time
         -28.92   data arrival time
---------------------------------------------------------
          -0.20   slack (VIOLATED)


Startpoint: _18692_ (rising edge-triggered flip-flop clocked by core_clk)
Endpoint: _18346_ (rising edge-triggered flip-flop clocked by core_clk)
Path Group: core_clk
Path Type: max

  Delay    Time   Description
---------------------------------------------------------
   0.00    0.00   clock core_clk (rise edge)
   2.78    2.78   clock network delay (propagated)
   0.00    2.78 ^ _18692_/CLK (gf180mcu_fd_sc_mcu9t5v0__dffrnq_4)
   1.84    4.63 ^ _18692_/Q (gf180mcu_fd_sc_mcu9t5v0__dffrnq_4)
   1.15    5.78 v _09427_/ZN (gf180mcu_fd_sc_mcu9t5v0__xnor2_4)
   0.47    6.24 v _09428_/Z (gf180mcu_fd_sc_mcu9t5v0__and2_4)
   0.63    6.88 ^ _09435_/ZN (gf180mcu_fd_sc_mcu9t5v0__oai31_4)
   0.55    7.43 ^ eco7_buf_09435/Z (gf180mcu_fd_sc_mcu9t5v0__clkbuf_16)
   0.35    7.78 v _09438_/ZN (gf180mcu_fd_sc_mcu9t5v0__oai21_4)
   0.77    8.54 v _09445_/Z (gf180mcu_fd_sc_mcu9t5v0__and4_4)
   0.81    9.35 ^ _09450_/ZN (gf180mcu_fd_sc_mcu9t5v0__oai31_4)
   0.48    9.83 ^ eco7_buf_09450/Z (gf180mcu_fd_sc_mcu9t5v0__clkbuf_16)
   0.85   10.69 ^ _09454_/Z (gf180mcu_fd_sc_mcu9t5v0__and4_4)
   0.33   11.02 v _09456_/ZN (gf180mcu_fd_sc_mcu9t5v0__nand2_4)
   0.80   11.81 ^ _09461_/ZN (gf180mcu_fd_sc_mcu9t5v0__nand2_4)
   0.63   12.44 v _09462_/ZN (gf180mcu_fd_sc_mcu9t5v0__clkinv_8)
   0.67   13.11 v load_slew111/Z (gf180mcu_fd_sc_mcu9t5v0__clkbuf_16)
   1.00   14.11 ^ _09472_/ZN (gf180mcu_fd_sc_mcu9t5v0__oai21_4)
   0.92   15.03 ^ max_cap106/Z (gf180mcu_fd_sc_mcu9t5v0__clkbuf_16)
   0.56   15.59 v _09499_/ZN (gf180mcu_fd_sc_mcu9t5v0__aoi21_4)
   1.08   16.68 ^ _09504_/ZN (gf180mcu_fd_sc_mcu9t5v0__oai222_4)
   0.31   16.99 v _09515_/ZN (gf180mcu_fd_sc_mcu9t5v0__nor3_4)
   1.27   18.26 ^ _09518_/ZN (gf180mcu_fd_sc_mcu9t5v0__aoi21_4)
   0.96   19.22 v _09542_/ZN (gf180mcu_fd_sc_mcu9t5v0__oai211_4)
   1.23   20.45 ^ _15946_/ZN (gf180mcu_fd_sc_mcu9t5v0__nand4_4)
   0.71   21.16 ^ max_cap98/Z (gf180mcu_fd_sc_mcu9t5v0__clkbuf_16)
   0.83   21.99 ^ _15947_/Z (gf180mcu_fd_sc_mcu9t5v0__mux2_4)
   1.02   23.01 v _15949_/ZN (gf180mcu_fd_sc_mcu9t5v0__nand4_4)
   1.26   24.27 ^ _15962_/ZN (gf180mcu_fd_sc_mcu9t5v0__aoi221_4)
   0.54   24.81 ^ eco7_buf_15962/Z (gf180mcu_fd_sc_mcu9t5v0__clkbuf_16)
   1.02   25.82 v _15977_/ZN (gf180mcu_fd_sc_mcu9t5v0__nand4_1)
   1.13   26.95 ^ _15999_/ZN (gf180mcu_fd_sc_mcu9t5v0__nand2_4)
   0.61   27.57 ^ max_cap45/Z (gf180mcu_fd_sc_mcu9t5v0__clkbuf_16)
   0.52   28.08 ^ fanout239/Z (gf180mcu_fd_sc_mcu9t5v0__clkbuf_16)
   0.88   28.97 v _16579_/Z (gf180mcu_fd_sc_mcu9t5v0__mux2_4)
   0.00   28.97 v _18346_/D (gf180mcu_fd_sc_mcu9t5v0__dffq_1)
          28.97   data arrival time

  26.04   26.04   clock core_clk (rise edge)
   2.92   28.96   clock network delay (propagated)
   0.00   28.96   clock reconvergence pessimism
          28.96 ^ _18346_/CLK (gf180mcu_fd_sc_mcu9t5v0__dffq_1)
  -0.19   28.77   library setup time
          28.77   data required time
---------------------------------------------------------
          28.77   data required time
         -28.97   data arrival time
---------------------------------------------------------
          -0.20   slack (VIOLATED)


Startpoint: _18692_ (rising edge-triggered flip-flop clocked by core_clk)
Endpoint: _18322_ (rising edge-triggered flip-flop clocked by core_clk)
Path Group: core_clk
Path Type: max

  Delay    Time   Description
---------------------------------------------------------
   0.00    0.00   clock core_clk (rise edge)
   2.78    2.78   clock network delay (propagated)
   0.00    2.78 ^ _18692_/CLK (gf180mcu_fd_sc_mcu9t5v0__dffrnq_4)
   1.84    4.63 ^ _18692_/Q (gf180mcu_fd_sc_mcu9t5v0__dffrnq_4)
   1.15    5.78 v _09427_/ZN (gf180mcu_fd_sc_mcu9t5v0__xnor2_4)
   0.47    6.24 v _09428_/Z (gf180mcu_fd_sc_mcu9t5v0__and2_4)
   0.63    6.88 ^ _09435_/ZN (gf180mcu_fd_sc_mcu9t5v0__oai31_4)
   0.55    7.43 ^ eco7_buf_09435/Z (gf180mcu_fd_sc_mcu9t5v0__clkbuf_16)
   0.35    7.78 v _09438_/ZN (gf180mcu_fd_sc_mcu9t5v0__oai21_4)
   0.77    8.54 v _09445_/Z (gf180mcu_fd_sc_mcu9t5v0__and4_4)
   0.81    9.35 ^ _09450_/ZN (gf180mcu_fd_sc_mcu9t5v0__oai31_4)
   0.48    9.83 ^ eco7_buf_09450/Z (gf180mcu_fd_sc_mcu9t5v0__clkbuf_16)
   0.85   10.69 ^ _09454_/Z (gf180mcu_fd_sc_mcu9t5v0__and4_4)
   0.33   11.02 v _09456_/ZN (gf180mcu_fd_sc_mcu9t5v0__nand2_4)
   0.80   11.81 ^ _09461_/ZN (gf180mcu_fd_sc_mcu9t5v0__nand2_4)
   0.63   12.44 v _09462_/ZN (gf180mcu_fd_sc_mcu9t5v0__clkinv_8)
   0.67   13.11 v load_slew111/Z (gf180mcu_fd_sc_mcu9t5v0__clkbuf_16)
   1.00   14.11 ^ _09472_/ZN (gf180mcu_fd_sc_mcu9t5v0__oai21_4)
   0.92   15.03 ^ max_cap106/Z (gf180mcu_fd_sc_mcu9t5v0__clkbuf_16)
   0.62   15.65 v _09512_/ZN (gf180mcu_fd_sc_mcu9t5v0__nand2_4)
   0.88   16.53 ^ _09513_/ZN (gf180mcu_fd_sc_mcu9t5v0__oai221_4)
   0.53   17.07 ^ _09514_/Z (gf180mcu_fd_sc_mcu9t5v0__or2_4)
   0.26   17.32 v _09519_/ZN (gf180mcu_fd_sc_mcu9t5v0__oai31_4)
   0.64   17.97 v rebuffer265/Z (gf180mcu_fd_sc_mcu9t5v0__buf_8)
   0.71   18.68 ^ _09541_/ZN (gf180mcu_fd_sc_mcu9t5v0__aoi21_4)
   0.35   19.02 v _15855_/ZN (gf180mcu_fd_sc_mcu9t5v0__oai31_4)
   0.73   19.76 v rebuffer262/Z (gf180mcu_fd_sc_mcu9t5v0__buf_8)
   1.29   21.05 v _15860_/Z (gf180mcu_fd_sc_mcu9t5v0__or2_4)
   1.39   22.44 ^ _16297_/ZN (gf180mcu_fd_sc_mcu9t5v0__oai32_4)
   0.58   23.02 v _16440_/ZN (gf180mcu_fd_sc_mcu9t5v0__aoi21_4)
   1.25   24.27 v _16511_/Z (gf180mcu_fd_sc_mcu9t5v0__and4_4)
   0.77   25.04 v max_cap46/Z (gf180mcu_fd_sc_mcu9t5v0__buf_8)
   1.31   26.36 ^ _16512_/ZN (gf180mcu_fd_sc_mcu9t5v0__aoi21_4)
   0.63   26.99 ^ max_cap24/Z (gf180mcu_fd_sc_mcu9t5v0__clkbuf_16)
   0.51   27.50 ^ max_cap22/Z (gf180mcu_fd_sc_mcu9t5v0__buf_4)
   0.52   28.02 ^ fanout245/Z (gf180mcu_fd_sc_mcu9t5v0__clkbuf_16)
   0.90   28.92 v _16532_/Z (gf180mcu_fd_sc_mcu9t5v0__mux2_4)
   0.00   28.92 v _18322_/D (gf180mcu_fd_sc_mcu9t5v0__dffq_4)
          28.92   data arrival time

  26.04   26.04   clock core_clk (rise edge)
   2.89   28.93   clock network delay (propagated)
   0.00   28.93   clock reconvergence pessimism
          28.93 ^ _18322_/CLK (gf180mcu_fd_sc_mcu9t5v0__dffq_4)
  -0.21   28.72   library setup time
          28.72   data required time
---------------------------------------------------------
          28.72   data required time
         -28.92   data arrival time
---------------------------------------------------------
          -0.20   slack (VIOLATED)


Startpoint: _18692_ (rising edge-triggered flip-flop clocked by core_clk)
Endpoint: _18348_ (rising edge-triggered flip-flop clocked by core_clk)
Path Group: core_clk
Path Type: max

  Delay    Time   Description
---------------------------------------------------------
   0.00    0.00   clock core_clk (rise edge)
   2.78    2.78   clock network delay (propagated)
   0.00    2.78 ^ _18692_/CLK (gf180mcu_fd_sc_mcu9t5v0__dffrnq_4)
   1.84    4.63 ^ _18692_/Q (gf180mcu_fd_sc_mcu9t5v0__dffrnq_4)
   1.15    5.78 v _09427_/ZN (gf180mcu_fd_sc_mcu9t5v0__xnor2_4)
   0.47    6.24 v _09428_/Z (gf180mcu_fd_sc_mcu9t5v0__and2_4)
   0.63    6.88 ^ _09435_/ZN (gf180mcu_fd_sc_mcu9t5v0__oai31_4)
   0.55    7.43 ^ eco7_buf_09435/Z (gf180mcu_fd_sc_mcu9t5v0__clkbuf_16)
   0.35    7.78 v _09438_/ZN (gf180mcu_fd_sc_mcu9t5v0__oai21_4)
   0.77    8.54 v _09445_/Z (gf180mcu_fd_sc_mcu9t5v0__and4_4)
   0.81    9.35 ^ _09450_/ZN (gf180mcu_fd_sc_mcu9t5v0__oai31_4)
   0.48    9.83 ^ eco7_buf_09450/Z (gf180mcu_fd_sc_mcu9t5v0__clkbuf_16)
   0.85   10.69 ^ _09454_/Z (gf180mcu_fd_sc_mcu9t5v0__and4_4)
   0.33   11.02 v _09456_/ZN (gf180mcu_fd_sc_mcu9t5v0__nand2_4)
   0.80   11.81 ^ _09461_/ZN (gf180mcu_fd_sc_mcu9t5v0__nand2_4)
   0.63   12.44 v _09462_/ZN (gf180mcu_fd_sc_mcu9t5v0__clkinv_8)
   0.67   13.11 v load_slew111/Z (gf180mcu_fd_sc_mcu9t5v0__clkbuf_16)
   1.00   14.11 ^ _09472_/ZN (gf180mcu_fd_sc_mcu9t5v0__oai21_4)
   0.92   15.03 ^ max_cap106/Z (gf180mcu_fd_sc_mcu9t5v0__clkbuf_16)
   0.56   15.59 v _09499_/ZN (gf180mcu_fd_sc_mcu9t5v0__aoi21_4)
   1.08   16.68 ^ _09504_/ZN (gf180mcu_fd_sc_mcu9t5v0__oai222_4)
   0.31   16.99 v _09515_/ZN (gf180mcu_fd_sc_mcu9t5v0__nor3_4)
   1.27   18.26 ^ _09518_/ZN (gf180mcu_fd_sc_mcu9t5v0__aoi21_4)
   0.96   19.22 v _09542_/ZN (gf180mcu_fd_sc_mcu9t5v0__oai211_4)
   1.23   20.45 ^ _15946_/ZN (gf180mcu_fd_sc_mcu9t5v0__nand4_4)
   0.71   21.16 ^ max_cap98/Z (gf180mcu_fd_sc_mcu9t5v0__clkbuf_16)
   0.83   21.99 ^ _15947_/Z (gf180mcu_fd_sc_mcu9t5v0__mux2_4)
   1.02   23.01 v _15949_/ZN (gf180mcu_fd_sc_mcu9t5v0__nand4_4)
   1.26   24.27 ^ _15962_/ZN (gf180mcu_fd_sc_mcu9t5v0__aoi221_4)
   0.54   24.81 ^ eco7_buf_15962/Z (gf180mcu_fd_sc_mcu9t5v0__clkbuf_16)
   1.02   25.82 v _15977_/ZN (gf180mcu_fd_sc_mcu9t5v0__nand4_1)
   1.13   26.95 ^ _15999_/ZN (gf180mcu_fd_sc_mcu9t5v0__nand2_4)
   0.61   27.57 ^ max_cap45/Z (gf180mcu_fd_sc_mcu9t5v0__clkbuf_16)
   0.52   28.08 ^ fanout239/Z (gf180mcu_fd_sc_mcu9t5v0__clkbuf_16)
   0.88   28.97 v _16595_/Z (gf180mcu_fd_sc_mcu9t5v0__mux2_4)
   0.00   28.97 v _18348_/D (gf180mcu_fd_sc_mcu9t5v0__dffq_1)
          28.97   data arrival time

  26.04   26.04   clock core_clk (rise edge)
   2.93   28.98   clock network delay (propagated)
   0.00   28.98   clock reconvergence pessimism
          28.98 ^ _18348_/CLK (gf180mcu_fd_sc_mcu9t5v0__dffq_1)
  -0.19   28.78   library setup time
          28.78   data required time
---------------------------------------------------------
          28.78   data required time
         -28.97   data arrival time
---------------------------------------------------------
          -0.19   slack (VIOLATED)


Startpoint: _18692_ (rising edge-triggered flip-flop clocked by core_clk)
Endpoint: _18154_ (rising edge-triggered flip-flop clocked by core_clk)
Path Group: core_clk
Path Type: max

  Delay    Time   Description
---------------------------------------------------------
   0.00    0.00   clock core_clk (rise edge)
   2.78    2.78   clock network delay (propagated)
   0.00    2.78 ^ _18692_/CLK (gf180mcu_fd_sc_mcu9t5v0__dffrnq_4)
   1.84    4.63 ^ _18692_/Q (gf180mcu_fd_sc_mcu9t5v0__dffrnq_4)
   1.15    5.78 v _09427_/ZN (gf180mcu_fd_sc_mcu9t5v0__xnor2_4)
   0.47    6.24 v _09428_/Z (gf180mcu_fd_sc_mcu9t5v0__and2_4)
   0.63    6.88 ^ _09435_/ZN (gf180mcu_fd_sc_mcu9t5v0__oai31_4)
   0.55    7.43 ^ eco7_buf_09435/Z (gf180mcu_fd_sc_mcu9t5v0__clkbuf_16)
   0.35    7.78 v _09438_/ZN (gf180mcu_fd_sc_mcu9t5v0__oai21_4)
   0.77    8.54 v _09445_/Z (gf180mcu_fd_sc_mcu9t5v0__and4_4)
   0.81    9.35 ^ _09450_/ZN (gf180mcu_fd_sc_mcu9t5v0__oai31_4)
   0.48    9.83 ^ eco7_buf_09450/Z (gf180mcu_fd_sc_mcu9t5v0__clkbuf_16)
   0.85   10.69 ^ _09454_/Z (gf180mcu_fd_sc_mcu9t5v0__and4_4)
   0.33   11.02 v _09456_/ZN (gf180mcu_fd_sc_mcu9t5v0__nand2_4)
   0.80   11.81 ^ _09461_/ZN (gf180mcu_fd_sc_mcu9t5v0__nand2_4)
   0.63   12.44 v _09462_/ZN (gf180mcu_fd_sc_mcu9t5v0__clkinv_8)
   0.67   13.11 v load_slew111/Z (gf180mcu_fd_sc_mcu9t5v0__clkbuf_16)
   1.00   14.11 ^ _09472_/ZN (gf180mcu_fd_sc_mcu9t5v0__oai21_4)
   0.92   15.03 ^ max_cap106/Z (gf180mcu_fd_sc_mcu9t5v0__clkbuf_16)
   0.56   15.59 v _09499_/ZN (gf180mcu_fd_sc_mcu9t5v0__aoi21_4)
   1.08   16.68 ^ _09504_/ZN (gf180mcu_fd_sc_mcu9t5v0__oai222_4)
   0.31   16.99 v _09515_/ZN (gf180mcu_fd_sc_mcu9t5v0__nor3_4)
   1.27   18.26 ^ _09518_/ZN (gf180mcu_fd_sc_mcu9t5v0__aoi21_4)
   0.96   19.22 v _09542_/ZN (gf180mcu_fd_sc_mcu9t5v0__oai211_4)
   1.23   20.45 ^ _15946_/ZN (gf180mcu_fd_sc_mcu9t5v0__nand4_4)
   0.71   21.16 ^ max_cap98/Z (gf180mcu_fd_sc_mcu9t5v0__clkbuf_16)
   0.83   21.99 ^ _15947_/Z (gf180mcu_fd_sc_mcu9t5v0__mux2_4)
   1.02   23.01 v _15949_/ZN (gf180mcu_fd_sc_mcu9t5v0__nand4_4)
   1.26   24.27 ^ _15962_/ZN (gf180mcu_fd_sc_mcu9t5v0__aoi221_4)
   0.54   24.81 ^ eco7_buf_15962/Z (gf180mcu_fd_sc_mcu9t5v0__clkbuf_16)
   1.02   25.82 v _15977_/ZN (gf180mcu_fd_sc_mcu9t5v0__nand4_1)
   1.13   26.95 ^ _15999_/ZN (gf180mcu_fd_sc_mcu9t5v0__nand2_4)
   0.61   27.57 ^ max_cap45/Z (gf180mcu_fd_sc_mcu9t5v0__clkbuf_16)
   0.52   28.08 ^ fanout239/Z (gf180mcu_fd_sc_mcu9t5v0__clkbuf_16)
   0.86   28.94 v _16012_/Z (gf180mcu_fd_sc_mcu9t5v0__mux2_4)
   0.00   28.94 v _18154_/D (gf180mcu_fd_sc_mcu9t5v0__dffq_1)
          28.94   data arrival time

  26.04   26.04   clock core_clk (rise edge)
   2.90   28.94   clock network delay (propagated)
   0.00   28.94   clock reconvergence pessimism
          28.94 ^ _18154_/CLK (gf180mcu_fd_sc_mcu9t5v0__dffq_1)
  -0.19   28.76   library setup time
          28.76   data required time
---------------------------------------------------------
          28.76   data required time
         -28.94   data arrival time
---------------------------------------------------------
          -0.19   slack (VIOLATED)


Startpoint: _18692_ (rising edge-triggered flip-flop clocked by core_clk)
Endpoint: _18354_ (rising edge-triggered flip-flop clocked by core_clk)
Path Group: core_clk
Path Type: max

  Delay    Time   Description
---------------------------------------------------------
   0.00    0.00   clock core_clk (rise edge)
   2.78    2.78   clock network delay (propagated)
   0.00    2.78 ^ _18692_/CLK (gf180mcu_fd_sc_mcu9t5v0__dffrnq_4)
   1.84    4.63 ^ _18692_/Q (gf180mcu_fd_sc_mcu9t5v0__dffrnq_4)
   1.15    5.78 v _09427_/ZN (gf180mcu_fd_sc_mcu9t5v0__xnor2_4)
   0.47    6.24 v _09428_/Z (gf180mcu_fd_sc_mcu9t5v0__and2_4)
   0.63    6.88 ^ _09435_/ZN (gf180mcu_fd_sc_mcu9t5v0__oai31_4)
   0.55    7.43 ^ eco7_buf_09435/Z (gf180mcu_fd_sc_mcu9t5v0__clkbuf_16)
   0.35    7.78 v _09438_/ZN (gf180mcu_fd_sc_mcu9t5v0__oai21_4)
   0.77    8.54 v _09445_/Z (gf180mcu_fd_sc_mcu9t5v0__and4_4)
   0.81    9.35 ^ _09450_/ZN (gf180mcu_fd_sc_mcu9t5v0__oai31_4)
   0.48    9.83 ^ eco7_buf_09450/Z (gf180mcu_fd_sc_mcu9t5v0__clkbuf_16)
   0.85   10.69 ^ _09454_/Z (gf180mcu_fd_sc_mcu9t5v0__and4_4)
   0.33   11.02 v _09456_/ZN (gf180mcu_fd_sc_mcu9t5v0__nand2_4)
   0.80   11.81 ^ _09461_/ZN (gf180mcu_fd_sc_mcu9t5v0__nand2_4)
   0.63   12.44 v _09462_/ZN (gf180mcu_fd_sc_mcu9t5v0__clkinv_8)
   0.67   13.11 v load_slew111/Z (gf180mcu_fd_sc_mcu9t5v0__clkbuf_16)
   1.00   14.11 ^ _09472_/ZN (gf180mcu_fd_sc_mcu9t5v0__oai21_4)
   0.92   15.03 ^ max_cap106/Z (gf180mcu_fd_sc_mcu9t5v0__clkbuf_16)
   0.56   15.59 v _09499_/ZN (gf180mcu_fd_sc_mcu9t5v0__aoi21_4)
   1.08   16.68 ^ _09504_/ZN (gf180mcu_fd_sc_mcu9t5v0__oai222_4)
   0.31   16.99 v _09515_/ZN (gf180mcu_fd_sc_mcu9t5v0__nor3_4)
   1.27   18.26 ^ _09518_/ZN (gf180mcu_fd_sc_mcu9t5v0__aoi21_4)
   0.96   19.22 v _09542_/ZN (gf180mcu_fd_sc_mcu9t5v0__oai211_4)
   1.23   20.45 ^ _15946_/ZN (gf180mcu_fd_sc_mcu9t5v0__nand4_4)
   0.71   21.16 ^ max_cap98/Z (gf180mcu_fd_sc_mcu9t5v0__clkbuf_16)
   0.83   21.99 ^ _15947_/Z (gf180mcu_fd_sc_mcu9t5v0__mux2_4)
   1.02   23.01 v _15949_/ZN (gf180mcu_fd_sc_mcu9t5v0__nand4_4)
   1.26   24.27 ^ _15962_/ZN (gf180mcu_fd_sc_mcu9t5v0__aoi221_4)
   0.54   24.81 ^ eco7_buf_15962/Z (gf180mcu_fd_sc_mcu9t5v0__clkbuf_16)
   1.02   25.82 v _15977_/ZN (gf180mcu_fd_sc_mcu9t5v0__nand4_1)
   1.13   26.95 ^ _15999_/ZN (gf180mcu_fd_sc_mcu9t5v0__nand2_4)
   0.48   27.44 ^ rebuffer236/Z (gf180mcu_fd_sc_mcu9t5v0__buf_12)
   0.51   27.95 ^ fanout238/Z (gf180mcu_fd_sc_mcu9t5v0__clkbuf_16)
   0.91   28.86 v _16637_/Z (gf180mcu_fd_sc_mcu9t5v0__mux2_4)
   0.00   28.86 v _18354_/D (gf180mcu_fd_sc_mcu9t5v0__dffq_1)
          28.86   data arrival time

  26.04   26.04   clock core_clk (rise edge)
   2.84   28.88   clock network delay (propagated)
   0.00   28.88   clock reconvergence pessimism
          28.88 ^ _18354_/CLK (gf180mcu_fd_sc_mcu9t5v0__dffq_1)
  -0.20   28.68   library setup time
          28.68   data required time
---------------------------------------------------------
          28.68   data required time
         -28.86   data arrival time
---------------------------------------------------------
          -0.18   slack (VIOLATED)


Startpoint: _18692_ (rising edge-triggered flip-flop clocked by core_clk)
Endpoint: _18321_ (rising edge-triggered flip-flop clocked by core_clk)
Path Group: core_clk
Path Type: max

  Delay    Time   Description
---------------------------------------------------------
   0.00    0.00   clock core_clk (rise edge)
   2.78    2.78   clock network delay (propagated)
   0.00    2.78 ^ _18692_/CLK (gf180mcu_fd_sc_mcu9t5v0__dffrnq_4)
   1.84    4.63 ^ _18692_/Q (gf180mcu_fd_sc_mcu9t5v0__dffrnq_4)
   1.15    5.78 v _09427_/ZN (gf180mcu_fd_sc_mcu9t5v0__xnor2_4)
   0.47    6.24 v _09428_/Z (gf180mcu_fd_sc_mcu9t5v0__and2_4)
   0.63    6.88 ^ _09435_/ZN (gf180mcu_fd_sc_mcu9t5v0__oai31_4)
   0.55    7.43 ^ eco7_buf_09435/Z (gf180mcu_fd_sc_mcu9t5v0__clkbuf_16)
   0.35    7.78 v _09438_/ZN (gf180mcu_fd_sc_mcu9t5v0__oai21_4)
   0.77    8.54 v _09445_/Z (gf180mcu_fd_sc_mcu9t5v0__and4_4)
   0.81    9.35 ^ _09450_/ZN (gf180mcu_fd_sc_mcu9t5v0__oai31_4)
   0.48    9.83 ^ eco7_buf_09450/Z (gf180mcu_fd_sc_mcu9t5v0__clkbuf_16)
   0.85   10.69 ^ _09454_/Z (gf180mcu_fd_sc_mcu9t5v0__and4_4)
   0.33   11.02 v _09456_/ZN (gf180mcu_fd_sc_mcu9t5v0__nand2_4)
   0.80   11.81 ^ _09461_/ZN (gf180mcu_fd_sc_mcu9t5v0__nand2_4)
   0.63   12.44 v _09462_/ZN (gf180mcu_fd_sc_mcu9t5v0__clkinv_8)
   0.67   13.11 v load_slew111/Z (gf180mcu_fd_sc_mcu9t5v0__clkbuf_16)
   1.00   14.11 ^ _09472_/ZN (gf180mcu_fd_sc_mcu9t5v0__oai21_4)
   0.92   15.03 ^ max_cap106/Z (gf180mcu_fd_sc_mcu9t5v0__clkbuf_16)
   0.62   15.65 v _09512_/ZN (gf180mcu_fd_sc_mcu9t5v0__nand2_4)
   0.88   16.53 ^ _09513_/ZN (gf180mcu_fd_sc_mcu9t5v0__oai221_4)
   0.53   17.07 ^ _09514_/Z (gf180mcu_fd_sc_mcu9t5v0__or2_4)
   0.26   17.32 v _09519_/ZN (gf180mcu_fd_sc_mcu9t5v0__oai31_4)
   0.64   17.97 v rebuffer265/Z (gf180mcu_fd_sc_mcu9t5v0__buf_8)
   0.71   18.68 ^ _09541_/ZN (gf180mcu_fd_sc_mcu9t5v0__aoi21_4)
   0.35   19.02 v _15855_/ZN (gf180mcu_fd_sc_mcu9t5v0__oai31_4)
   0.73   19.76 v rebuffer262/Z (gf180mcu_fd_sc_mcu9t5v0__buf_8)
   1.29   21.05 v _15860_/Z (gf180mcu_fd_sc_mcu9t5v0__or2_4)
   1.39   22.44 ^ _16297_/ZN (gf180mcu_fd_sc_mcu9t5v0__oai32_4)
   0.58   23.02 v _16440_/ZN (gf180mcu_fd_sc_mcu9t5v0__aoi21_4)
   1.25   24.27 v _16511_/Z (gf180mcu_fd_sc_mcu9t5v0__and4_4)
   0.77   25.04 v max_cap46/Z (gf180mcu_fd_sc_mcu9t5v0__buf_8)
   1.31   26.36 ^ _16512_/ZN (gf180mcu_fd_sc_mcu9t5v0__aoi21_4)
   0.63   26.99 ^ max_cap24/Z (gf180mcu_fd_sc_mcu9t5v0__clkbuf_16)
   0.51   27.50 ^ max_cap22/Z (gf180mcu_fd_sc_mcu9t5v0__buf_4)
   0.52   28.02 ^ fanout245/Z (gf180mcu_fd_sc_mcu9t5v0__clkbuf_16)
   0.88   28.90 v _16530_/Z (gf180mcu_fd_sc_mcu9t5v0__mux2_4)
   0.00   28.90 v _18321_/D (gf180mcu_fd_sc_mcu9t5v0__dffq_1)
          28.90   data arrival time

  26.04   26.04   clock core_clk (rise edge)
   2.88   28.92   clock network delay (propagated)
   0.00   28.92   clock reconvergence pessimism
          28.92 ^ _18321_/CLK (gf180mcu_fd_sc_mcu9t5v0__dffq_1)
  -0.19   28.73   library setup time
          28.73   data required time
---------------------------------------------------------
          28.73   data required time
         -28.90   data arrival time
---------------------------------------------------------
          -0.17   slack (VIOLATED)


Startpoint: _18692_ (rising edge-triggered flip-flop clocked by core_clk)
Endpoint: _18161_ (rising edge-triggered flip-flop clocked by core_clk)
Path Group: core_clk
Path Type: max

  Delay    Time   Description
---------------------------------------------------------
   0.00    0.00   clock core_clk (rise edge)
   2.78    2.78   clock network delay (propagated)
   0.00    2.78 ^ _18692_/CLK (gf180mcu_fd_sc_mcu9t5v0__dffrnq_4)
   1.84    4.63 ^ _18692_/Q (gf180mcu_fd_sc_mcu9t5v0__dffrnq_4)
   1.15    5.78 v _09427_/ZN (gf180mcu_fd_sc_mcu9t5v0__xnor2_4)
   0.47    6.24 v _09428_/Z (gf180mcu_fd_sc_mcu9t5v0__and2_4)
   0.63    6.88 ^ _09435_/ZN (gf180mcu_fd_sc_mcu9t5v0__oai31_4)
   0.55    7.43 ^ eco7_buf_09435/Z (gf180mcu_fd_sc_mcu9t5v0__clkbuf_16)
   0.35    7.78 v _09438_/ZN (gf180mcu_fd_sc_mcu9t5v0__oai21_4)
   0.77    8.54 v _09445_/Z (gf180mcu_fd_sc_mcu9t5v0__and4_4)
   0.81    9.35 ^ _09450_/ZN (gf180mcu_fd_sc_mcu9t5v0__oai31_4)
   0.48    9.83 ^ eco7_buf_09450/Z (gf180mcu_fd_sc_mcu9t5v0__clkbuf_16)
   0.85   10.69 ^ _09454_/Z (gf180mcu_fd_sc_mcu9t5v0__and4_4)
   0.33   11.02 v _09456_/ZN (gf180mcu_fd_sc_mcu9t5v0__nand2_4)
   0.80   11.81 ^ _09461_/ZN (gf180mcu_fd_sc_mcu9t5v0__nand2_4)
   0.63   12.44 v _09462_/ZN (gf180mcu_fd_sc_mcu9t5v0__clkinv_8)
   0.67   13.11 v load_slew111/Z (gf180mcu_fd_sc_mcu9t5v0__clkbuf_16)
   1.00   14.11 ^ _09472_/ZN (gf180mcu_fd_sc_mcu9t5v0__oai21_4)
   0.92   15.03 ^ max_cap106/Z (gf180mcu_fd_sc_mcu9t5v0__clkbuf_16)
   0.56   15.59 v _09499_/ZN (gf180mcu_fd_sc_mcu9t5v0__aoi21_4)
   1.08   16.68 ^ _09504_/ZN (gf180mcu_fd_sc_mcu9t5v0__oai222_4)
   0.31   16.99 v _09515_/ZN (gf180mcu_fd_sc_mcu9t5v0__nor3_4)
   1.27   18.26 ^ _09518_/ZN (gf180mcu_fd_sc_mcu9t5v0__aoi21_4)
   0.96   19.22 v _09542_/ZN (gf180mcu_fd_sc_mcu9t5v0__oai211_4)
   1.23   20.45 ^ _15946_/ZN (gf180mcu_fd_sc_mcu9t5v0__nand4_4)
   0.71   21.16 ^ max_cap98/Z (gf180mcu_fd_sc_mcu9t5v0__clkbuf_16)
   0.83   21.99 ^ _15947_/Z (gf180mcu_fd_sc_mcu9t5v0__mux2_4)
   1.02   23.01 v _15949_/ZN (gf180mcu_fd_sc_mcu9t5v0__nand4_4)
   1.26   24.27 ^ _15962_/ZN (gf180mcu_fd_sc_mcu9t5v0__aoi221_4)
   0.54   24.81 ^ eco7_buf_15962/Z (gf180mcu_fd_sc_mcu9t5v0__clkbuf_16)
   1.02   25.82 v _15977_/ZN (gf180mcu_fd_sc_mcu9t5v0__nand4_1)
   1.13   26.95 ^ _15999_/ZN (gf180mcu_fd_sc_mcu9t5v0__nand2_4)
   0.48   27.44 ^ rebuffer236/Z (gf180mcu_fd_sc_mcu9t5v0__buf_12)
   0.51   27.95 ^ fanout238/Z (gf180mcu_fd_sc_mcu9t5v0__clkbuf_16)
   0.90   28.85 v _16061_/Z (gf180mcu_fd_sc_mcu9t5v0__mux2_4)
   0.00   28.85 v _18161_/D (gf180mcu_fd_sc_mcu9t5v0__dffq_1)
          28.85   data arrival time

  26.04   26.04   clock core_clk (rise edge)
   2.83   28.87   clock network delay (propagated)
   0.00   28.87   clock reconvergence pessimism
          28.87 ^ _18161_/CLK (gf180mcu_fd_sc_mcu9t5v0__dffq_1)
  -0.19   28.68   library setup time
          28.68   data required time
---------------------------------------------------------
          28.68   data required time
         -28.85   data arrival time
---------------------------------------------------------
          -0.17   slack (VIOLATED)


Startpoint: _18692_ (rising edge-triggered flip-flop clocked by core_clk)
Endpoint: _18156_ (rising edge-triggered flip-flop clocked by core_clk)
Path Group: core_clk
Path Type: max

  Delay    Time   Description
---------------------------------------------------------
   0.00    0.00   clock core_clk (rise edge)
   2.78    2.78   clock network delay (propagated)
   0.00    2.78 ^ _18692_/CLK (gf180mcu_fd_sc_mcu9t5v0__dffrnq_4)
   1.84    4.63 ^ _18692_/Q (gf180mcu_fd_sc_mcu9t5v0__dffrnq_4)
   1.15    5.78 v _09427_/ZN (gf180mcu_fd_sc_mcu9t5v0__xnor2_4)
   0.47    6.24 v _09428_/Z (gf180mcu_fd_sc_mcu9t5v0__and2_4)
   0.63    6.88 ^ _09435_/ZN (gf180mcu_fd_sc_mcu9t5v0__oai31_4)
   0.55    7.43 ^ eco7_buf_09435/Z (gf180mcu_fd_sc_mcu9t5v0__clkbuf_16)
   0.35    7.78 v _09438_/ZN (gf180mcu_fd_sc_mcu9t5v0__oai21_4)
   0.77    8.54 v _09445_/Z (gf180mcu_fd_sc_mcu9t5v0__and4_4)
   0.81    9.35 ^ _09450_/ZN (gf180mcu_fd_sc_mcu9t5v0__oai31_4)
   0.48    9.83 ^ eco7_buf_09450/Z (gf180mcu_fd_sc_mcu9t5v0__clkbuf_16)
   0.85   10.69 ^ _09454_/Z (gf180mcu_fd_sc_mcu9t5v0__and4_4)
   0.33   11.02 v _09456_/ZN (gf180mcu_fd_sc_mcu9t5v0__nand2_4)
   0.80   11.81 ^ _09461_/ZN (gf180mcu_fd_sc_mcu9t5v0__nand2_4)
   0.63   12.44 v _09462_/ZN (gf180mcu_fd_sc_mcu9t5v0__clkinv_8)
   0.67   13.11 v load_slew111/Z (gf180mcu_fd_sc_mcu9t5v0__clkbuf_16)
   1.00   14.11 ^ _09472_/ZN (gf180mcu_fd_sc_mcu9t5v0__oai21_4)
   0.92   15.03 ^ max_cap106/Z (gf180mcu_fd_sc_mcu9t5v0__clkbuf_16)
   0.56   15.59 v _09499_/ZN (gf180mcu_fd_sc_mcu9t5v0__aoi21_4)
   1.08   16.68 ^ _09504_/ZN (gf180mcu_fd_sc_mcu9t5v0__oai222_4)
   0.31   16.99 v _09515_/ZN (gf180mcu_fd_sc_mcu9t5v0__nor3_4)
   1.27   18.26 ^ _09518_/ZN (gf180mcu_fd_sc_mcu9t5v0__aoi21_4)
   0.96   19.22 v _09542_/ZN (gf180mcu_fd_sc_mcu9t5v0__oai211_4)
   1.23   20.45 ^ _15946_/ZN (gf180mcu_fd_sc_mcu9t5v0__nand4_4)
   0.71   21.16 ^ max_cap98/Z (gf180mcu_fd_sc_mcu9t5v0__clkbuf_16)
   0.83   21.99 ^ _15947_/Z (gf180mcu_fd_sc_mcu9t5v0__mux2_4)
   1.02   23.01 v _15949_/ZN (gf180mcu_fd_sc_mcu9t5v0__nand4_4)
   1.26   24.27 ^ _15962_/ZN (gf180mcu_fd_sc_mcu9t5v0__aoi221_4)
   0.54   24.81 ^ eco7_buf_15962/Z (gf180mcu_fd_sc_mcu9t5v0__clkbuf_16)
   1.02   25.82 v _15977_/ZN (gf180mcu_fd_sc_mcu9t5v0__nand4_1)
   1.13   26.95 ^ _15999_/ZN (gf180mcu_fd_sc_mcu9t5v0__nand2_4)
   0.61   27.57 ^ max_cap45/Z (gf180mcu_fd_sc_mcu9t5v0__clkbuf_16)
   0.52   28.08 ^ fanout239/Z (gf180mcu_fd_sc_mcu9t5v0__clkbuf_16)
   0.85   28.94 v _16026_/Z (gf180mcu_fd_sc_mcu9t5v0__mux2_4)
   0.00   28.94 v _18156_/D (gf180mcu_fd_sc_mcu9t5v0__dffq_1)
          28.94   data arrival time

  26.04   26.04   clock core_clk (rise edge)
   2.92   28.96   clock network delay (propagated)
   0.00   28.96   clock reconvergence pessimism
          28.96 ^ _18156_/CLK (gf180mcu_fd_sc_mcu9t5v0__dffq_1)
  -0.19   28.77   library setup time
          28.77   data required time
---------------------------------------------------------
          28.77   data required time
         -28.94   data arrival time
---------------------------------------------------------
          -0.17   slack (VIOLATED)


