Netgen 1.5.318 compiled on Thu Apr 16 09:02:45 PM CEST 2026
Warning: netgen command 'format' use fully-qualified name '::netgen::format'
Warning: netgen command 'global' use fully-qualified name '::netgen::global'
Warning:  A case-insensitive file has been read and so the	verilog file must be treated case-insensitive to match.
Reading SPICE netlist file '/headless/pdk_shadow/gf180mcuD/libs.ref/gf180mcu_fd_sc_mcu9t5v0/spice/gf180mcu_fd_sc_mcu9t5v0.spice'...
Call to undefined subcircuit nfet_05v0
Creating placeholder cell definition.
Call to undefined subcircuit pfet_05v0
Creating placeholder cell definition.
Reading Verilog netlist file '/foss/designs/butterfold/butterfold_proto/physical/librelane/runs/ach_final/48-openroad-fillinsertion/butterfold_top.pnl.v'...
Warning:  A case-insensitive file has been read and so the	verilog file must be treated case-insensitive to match.
Note:  Implicit pin VNW in instance PHY_EDGE_ROW_0_Left_212 of gf180mcu_fd_sc_mcu9t5v0__endcap in cell butterfold_top
Note:  Implicit pin VPW in instance PHY_EDGE_ROW_0_Left_212 of gf180mcu_fd_sc_mcu9t5v0__endcap in cell butterfold_top
Note:  Implicit pin VNW in instance PHY_EDGE_ROW_0_Right_0 of gf180mcu_fd_sc_mcu9t5v0__endcap in cell butterfold_top
Note:  Implicit pin VPW in instance PHY_EDGE_ROW_0_Right_0 of gf180mcu_fd_sc_mcu9t5v0__endcap in cell butterfold_top
Note:  Implicit pin VNW in instance PHY_EDGE_ROW_100_Left_312 of gf180mcu_fd_sc_mcu9t5v0__endcap in cell butterfold_top
Note:  Implicit pin VPW in instance PHY_EDGE_ROW_100_Left_312 of gf180mcu_fd_sc_mcu9t5v0__endcap in cell butterfold_top
Note:  Implicit pin VNW in instance PHY_EDGE_ROW_100_Right_100 of gf180mcu_fd_sc_mcu9t5v0__endcap in cell butterfold_top
Note:  Implicit pin VPW in instance PHY_EDGE_ROW_100_Right_100 of gf180mcu_fd_sc_mcu9t5v0__endcap in cell butterfold_top
Note:  Implicit pin VNW in instance PHY_EDGE_ROW_101_Left_313 of gf180mcu_fd_sc_mcu9t5v0__endcap in cell butterfold_top
Note:  Implicit pin VPW in instance PHY_EDGE_ROW_101_Left_313 of gf180mcu_fd_sc_mcu9t5v0__endcap in cell butterfold_top
Note:  Implicit pin VNW in instance PHY_EDGE_ROW_101_Right_101 of gf180mcu_fd_sc_mcu9t5v0__endcap in cell butterfold_top
Note:  Implicit pin VPW in instance PHY_EDGE_ROW_101_Right_101 of gf180mcu_fd_sc_mcu9t5v0__endcap in cell butterfold_top
Note:  Implicit pin VNW in instance PHY_EDGE_ROW_102_Left_314 of gf180mcu_fd_sc_mcu9t5v0__endcap in cell butterfold_top
Note:  Implicit pin VPW in instance PHY_EDGE_ROW_102_Left_314 of gf180mcu_fd_sc_mcu9t5v0__endcap in cell butterfold_top
Note:  Implicit pin VNW in instance PHY_EDGE_ROW_102_Right_102 of gf180mcu_fd_sc_mcu9t5v0__endcap in cell butterfold_top
Note:  Implicit pin VPW in instance PHY_EDGE_ROW_102_Right_102 of gf180mcu_fd_sc_mcu9t5v0__endcap in cell butterfold_top
Note:  Implicit pin VNW in instance PHY_EDGE_ROW_103_Left_315 of gf180mcu_fd_sc_mcu9t5v0__endcap in cell butterfold_top
Note:  Implicit pin VPW in instance PHY_EDGE_ROW_103_Left_315 of gf180mcu_fd_sc_mcu9t5v0__endcap in cell butterfold_top
Note:  Implicit pin VNW in instance PHY_EDGE_ROW_103_Right_103 of gf180mcu_fd_sc_mcu9t5v0__endcap in cell butterfold_top
Note:  Implicit pin VPW in instance PHY_EDGE_ROW_103_Right_103 of gf180mcu_fd_sc_mcu9t5v0__endcap in cell butterfold_top
Note:  Implicit pin VNW in instance PHY_EDGE_ROW_104_Left_316 of gf180mcu_fd_sc_mcu9t5v0__endcap in cell butterfold_top
Note:  Implicit pin VPW in instance PHY_EDGE_ROW_104_Left_316 of gf180mcu_fd_sc_mcu9t5v0__endcap in cell butterfold_top
Note:  Implicit pin VNW in instance PHY_EDGE_ROW_104_Right_104 of gf180mcu_fd_sc_mcu9t5v0__endcap in cell butterfold_top
Note:  Implicit pin VPW in instance PHY_EDGE_ROW_104_Right_104 of gf180mcu_fd_sc_mcu9t5v0__endcap in cell butterfold_top
Note:  Implicit pin VNW in instance PHY_EDGE_ROW_105_Left_317 of gf180mcu_fd_sc_mcu9t5v0__endcap in cell butterfold_top
Note:  Implicit pin VPW in instance PHY_EDGE_ROW_105_Left_317 of gf180mcu_fd_sc_mcu9t5v0__endcap in cell butterfold_top
Note:  Implicit pin VNW in instance PHY_EDGE_ROW_105_Right_105 of gf180mcu_fd_sc_mcu9t5v0__endcap in cell butterfold_top
Note:  Implicit pin VPW in instance PHY_EDGE_ROW_105_Right_105 of gf180mcu_fd_sc_mcu9t5v0__endcap in cell butterfold_top
Note:  Implicit pin VNW in instance PHY_EDGE_ROW_106_Left_318 of gf180mcu_fd_sc_mcu9t5v0__endcap in cell butterfold_top
Note:  Implicit pin VPW in instance PHY_EDGE_ROW_106_Left_318 of gf180mcu_fd_sc_mcu9t5v0__endcap in cell butterfold_top
Note:  Implicit pin VNW in instance PHY_EDGE_ROW_106_Right_106 of gf180mcu_fd_sc_mcu9t5v0__endcap in cell butterfold_top
Note:  Implicit pin VPW in instance PHY_EDGE_ROW_106_Right_106 of gf180mcu_fd_sc_mcu9t5v0__endcap in cell butterfold_top
Note:  Implicit pin VNW in instance PHY_EDGE_ROW_107_Left_319 of gf180mcu_fd_sc_mcu9t5v0__endcap in cell butterfold_top
Note:  Implicit pin VPW in instance PHY_EDGE_ROW_107_Left_319 of gf180mcu_fd_sc_mcu9t5v0__endcap in cell butterfold_top
Note:  Implicit pin VNW in instance PHY_EDGE_ROW_107_Right_107 of gf180mcu_fd_sc_mcu9t5v0__endcap in cell butterfold_top
Note:  Implicit pin VPW in instance PHY_EDGE_ROW_107_Right_107 of gf180mcu_fd_sc_mcu9t5v0__endcap in cell butterfold_top
Note:  Implicit pin VNW in instance PHY_EDGE_ROW_108_Left_320 of gf180mcu_fd_sc_mcu9t5v0__endcap in cell butterfold_top
Note:  Implicit pin VPW in instance PHY_EDGE_ROW_108_Left_320 of gf180mcu_fd_sc_mcu9t5v0__endcap in cell butterfold_top
Note:  Implicit pin VNW in instance PHY_EDGE_ROW_108_Right_108 of gf180mcu_fd_sc_mcu9t5v0__endcap in cell butterfold_top
Note:  Implicit pin VPW in instance PHY_EDGE_ROW_108_Right_108 of gf180mcu_fd_sc_mcu9t5v0__endcap in cell butterfold_top
Note:  Implicit pin VNW in instance PHY_EDGE_ROW_109_Left_321 of gf180mcu_fd_sc_mcu9t5v0__endcap in cell butterfold_top
Note:  Implicit pin VPW in instance PHY_EDGE_ROW_109_Left_321 of gf180mcu_fd_sc_mcu9t5v0__endcap in cell butterfold_top
Note:  Implicit pin VNW in instance PHY_EDGE_ROW_109_Right_109 of gf180mcu_fd_sc_mcu9t5v0__endcap in cell butterfold_top
Note:  Implicit pin VPW in instance PHY_EDGE_ROW_109_Right_109 of gf180mcu_fd_sc_mcu9t5v0__endcap in cell butterfold_top
Note:  Implicit pin VNW in instance PHY_EDGE_ROW_10_Left_222 of gf180mcu_fd_sc_mcu9t5v0__endcap in cell butterfold_top
Note:  Implicit pin VPW in instance PHY_EDGE_ROW_10_Left_222 of gf180mcu_fd_sc_mcu9t5v0__endcap in cell butterfold_top
Note:  Implicit pin VNW in instance PHY_EDGE_ROW_10_Right_10 of gf180mcu_fd_sc_mcu9t5v0__endcap in cell butterfold_top
Note:  Implicit pin VPW in instance PHY_EDGE_ROW_10_Right_10 of gf180mcu_fd_sc_mcu9t5v0__endcap in cell butterfold_top
Note:  Implicit pin VNW in instance PHY_EDGE_ROW_110_Left_322 of gf180mcu_fd_sc_mcu9t5v0__endcap in cell butterfold_top
Note:  Implicit pin VPW in instance PHY_EDGE_ROW_110_Left_322 of gf180mcu_fd_sc_mcu9t5v0__endcap in cell butterfold_top
Note:  Implicit pin VNW in instance PHY_EDGE_ROW_110_Right_110 of gf180mcu_fd_sc_mcu9t5v0__endcap in cell butterfold_top
Note:  Implicit pin VPW in instance PHY_EDGE_ROW_110_Right_110 of gf180mcu_fd_sc_mcu9t5v0__endcap in cell butterfold_top
Note:  Implicit pin VNW in instance PHY_EDGE_ROW_111_Left_323 of gf180mcu_fd_sc_mcu9t5v0__endcap in cell butterfold_top
Note:  Implicit pin VPW in instance PHY_EDGE_ROW_111_Left_323 of gf180mcu_fd_sc_mcu9t5v0__endcap in cell butterfold_top
Note:  Implicit pin VNW in instance PHY_EDGE_ROW_111_Right_111 of gf180mcu_fd_sc_mcu9t5v0__endcap in cell butterfold_top
Note:  Implicit pin VPW in instance PHY_EDGE_ROW_111_Right_111 of gf180mcu_fd_sc_mcu9t5v0__endcap in cell butterfold_top
Note:  Implicit pin VNW in instance PHY_EDGE_ROW_112_Left_324 of gf180mcu_fd_sc_mcu9t5v0__endcap in cell butterfold_top
Note:  Implicit pin VPW in instance PHY_EDGE_ROW_112_Left_324 of gf180mcu_fd_sc_mcu9t5v0__endcap in cell butterfold_top
Note:  Implicit pin VNW in instance PHY_EDGE_ROW_112_Right_112 of gf180mcu_fd_sc_mcu9t5v0__endcap in cell butterfold_top
Note:  Implicit pin VPW in instance PHY_EDGE_ROW_112_Right_112 of gf180mcu_fd_sc_mcu9t5v0__endcap in cell butterfold_top
Note:  Implicit pin VNW in instance PHY_EDGE_ROW_113_Left_325 of gf180mcu_fd_sc_mcu9t5v0__endcap in cell butterfold_top
Note:  Implicit pin VPW in instance PHY_EDGE_ROW_113_Left_325 of gf180mcu_fd_sc_mcu9t5v0__endcap in cell butterfold_top
Note:  Implicit pin VNW in instance PHY_EDGE_ROW_113_Right_113 of gf180mcu_fd_sc_mcu9t5v0__endcap in cell butterfold_top
Note:  Implicit pin VPW in instance PHY_EDGE_ROW_113_Right_113 of gf180mcu_fd_sc_mcu9t5v0__endcap in cell butterfold_top
Note:  Implicit pin VNW in instance PHY_EDGE_ROW_114_Left_326 of gf180mcu_fd_sc_mcu9t5v0__endcap in cell butterfold_top
Note:  Implicit pin VPW in instance PHY_EDGE_ROW_114_Left_326 of gf180mcu_fd_sc_mcu9t5v0__endcap in cell butterfold_top
Note:  Implicit pin VNW in instance PHY_EDGE_ROW_114_Right_114 of gf180mcu_fd_sc_mcu9t5v0__endcap in cell butterfold_top
Note:  Implicit pin VPW in instance PHY_EDGE_ROW_114_Right_114 of gf180mcu_fd_sc_mcu9t5v0__endcap in cell butterfold_top
Note:  Implicit pin VNW in instance PHY_EDGE_ROW_115_Left_327 of gf180mcu_fd_sc_mcu9t5v0__endcap in cell butterfold_top
Note:  Implicit pin VPW in instance PHY_EDGE_ROW_115_Left_327 of gf180mcu_fd_sc_mcu9t5v0__endcap in cell butterfold_top
Note:  Implicit pin VNW in instance PHY_EDGE_ROW_115_Right_115 of gf180mcu_fd_sc_mcu9t5v0__endcap in cell butterfold_top
Note:  Implicit pin VPW in instance PHY_EDGE_ROW_115_Right_115 of gf180mcu_fd_sc_mcu9t5v0__endcap in cell butterfold_top
Note:  Implicit pin VNW in instance PHY_EDGE_ROW_116_Left_328 of gf180mcu_fd_sc_mcu9t5v0__endcap in cell butterfold_top
Note:  Implicit pin VPW in instance PHY_EDGE_ROW_116_Left_328 of gf180mcu_fd_sc_mcu9t5v0__endcap in cell butterfold_top
Note:  Implicit pin VNW in instance PHY_EDGE_ROW_116_Right_116 of gf180mcu_fd_sc_mcu9t5v0__endcap in cell butterfold_top
Note:  Implicit pin VPW in instance PHY_EDGE_ROW_116_Right_116 of gf180mcu_fd_sc_mcu9t5v0__endcap in cell butterfold_top
Note:  Implicit pin VNW in instance PHY_EDGE_ROW_117_Left_329 of gf180mcu_fd_sc_mcu9t5v0__endcap in cell butterfold_top
Note:  Implicit pin VPW in instance PHY_EDGE_ROW_117_Left_329 of gf180mcu_fd_sc_mcu9t5v0__endcap in cell butterfold_top
Note:  Implicit pin VNW in instance PHY_EDGE_ROW_117_Right_117 of gf180mcu_fd_sc_mcu9t5v0__endcap in cell butterfold_top
Note:  Implicit pin VPW in instance PHY_EDGE_ROW_117_Right_117 of gf180mcu_fd_sc_mcu9t5v0__endcap in cell butterfold_top
Note:  Implicit pin VNW in instance PHY_EDGE_ROW_118_Left_330 of gf180mcu_fd_sc_mcu9t5v0__endcap in cell butterfold_top
Note:  Implicit pin VPW in instance PHY_EDGE_ROW_118_Left_330 of gf180mcu_fd_sc_mcu9t5v0__endcap in cell butterfold_top
Note:  Implicit pin VNW in instance PHY_EDGE_ROW_118_Right_118 of gf180mcu_fd_sc_mcu9t5v0__endcap in cell butterfold_top
Note:  Implicit pin VPW in instance PHY_EDGE_ROW_118_Right_118 of gf180mcu_fd_sc_mcu9t5v0__endcap in cell butterfold_top
Note:  Implicit pin VNW in instance PHY_EDGE_ROW_119_Left_331 of gf180mcu_fd_sc_mcu9t5v0__endcap in cell butterfold_top
Note:  Implicit pin VPW in instance PHY_EDGE_ROW_119_Left_331 of gf180mcu_fd_sc_mcu9t5v0__endcap in cell butterfold_top
Note:  Implicit pin VNW in instance PHY_EDGE_ROW_119_Right_119 of gf180mcu_fd_sc_mcu9t5v0__endcap in cell butterfold_top
Note:  Implicit pin VPW in instance PHY_EDGE_ROW_119_Right_119 of gf180mcu_fd_sc_mcu9t5v0__endcap in cell butterfold_top
Note:  Implicit pin VNW in instance PHY_EDGE_ROW_11_Left_223 of gf180mcu_fd_sc_mcu9t5v0__endcap in cell butterfold_top
Note:  Implicit pin VPW in instance PHY_EDGE_ROW_11_Left_223 of gf180mcu_fd_sc_mcu9t5v0__endcap in cell butterfold_top
Note:  Implicit pin VNW in instance PHY_EDGE_ROW_11_Right_11 of gf180mcu_fd_sc_mcu9t5v0__endcap in cell butterfold_top
Note:  Implicit pin VPW in instance PHY_EDGE_ROW_11_Right_11 of gf180mcu_fd_sc_mcu9t5v0__endcap in cell butterfold_top
Note:  Implicit pin VNW in instance PHY_EDGE_ROW_120_Left_332 of gf180mcu_fd_sc_mcu9t5v0__endcap in cell butterfold_top
Note:  Implicit pin VPW in instance PHY_EDGE_ROW_120_Left_332 of gf180mcu_fd_sc_mcu9t5v0__endcap in cell butterfold_top
Note:  Implicit pin VNW in instance PHY_EDGE_ROW_120_Right_120 of gf180mcu_fd_sc_mcu9t5v0__endcap in cell butterfold_top
Note:  Implicit pin VPW in instance PHY_EDGE_ROW_120_Right_120 of gf180mcu_fd_sc_mcu9t5v0__endcap in cell butterfold_top
Note:  Implicit pin VNW in instance PHY_EDGE_ROW_121_Left_333 of gf180mcu_fd_sc_mcu9t5v0__endcap in cell butterfold_top
Note:  Implicit pin VPW in instance PHY_EDGE_ROW_121_Left_333 of gf180mcu_fd_sc_mcu9t5v0__endcap in cell butterfold_top
Note:  Implicit pin VNW in instance PHY_EDGE_ROW_121_Right_121 of gf180mcu_fd_sc_mcu9t5v0__endcap in cell butterfold_top
Note:  Implicit pin VPW in instance PHY_EDGE_ROW_121_Right_121 of gf180mcu_fd_sc_mcu9t5v0__endcap in cell butterfold_top
Note:  Implicit pin VNW in instance PHY_EDGE_ROW_122_Left_334 of gf180mcu_fd_sc_mcu9t5v0__endcap in cell butterfold_top
Note:  Implicit pin VPW in instance PHY_EDGE_ROW_122_Left_334 of gf180mcu_fd_sc_mcu9t5v0__endcap in cell butterfold_top
Note:  Implicit pin VNW in instance PHY_EDGE_ROW_122_Right_122 of gf180mcu_fd_sc_mcu9t5v0__endcap in cell butterfold_top
Note:  Implicit pin VPW in instance PHY_EDGE_ROW_122_Right_122 of gf180mcu_fd_sc_mcu9t5v0__endcap in cell butterfold_top
Note:  Implicit pin VNW in instance PHY_EDGE_ROW_123_Left_335 of gf180mcu_fd_sc_mcu9t5v0__endcap in cell butterfold_top
Note:  Implicit pin VPW in instance PHY_EDGE_ROW_123_Left_335 of gf180mcu_fd_sc_mcu9t5v0__endcap in cell butterfold_top
Note:  Implicit pin VNW in instance PHY_EDGE_ROW_123_Right_123 of gf180mcu_fd_sc_mcu9t5v0__endcap in cell butterfold_top
Note:  Implicit pin VPW in instance PHY_EDGE_ROW_123_Right_123 of gf180mcu_fd_sc_mcu9t5v0__endcap in cell butterfold_top
Note:  Implicit pin VNW in instance PHY_EDGE_ROW_124_Left_336 of gf180mcu_fd_sc_mcu9t5v0__endcap in cell butterfold_top
Note:  Implicit pin VPW in instance PHY_EDGE_ROW_124_Left_336 of gf180mcu_fd_sc_mcu9t5v0__endcap in cell butterfold_top
Note:  Implicit pin VNW in instance PHY_EDGE_ROW_124_Right_124 of gf180mcu_fd_sc_mcu9t5v0__endcap in cell butterfold_top
Note:  Implicit pin VPW in instance PHY_EDGE_ROW_124_Right_124 of gf180mcu_fd_sc_mcu9t5v0__endcap in cell butterfold_top
Note:  Implicit pin VNW in instance PHY_EDGE_ROW_125_Left_337 of gf180mcu_fd_sc_mcu9t5v0__endcap in cell butterfold_top
Note:  Implicit pin VPW in instance PHY_EDGE_ROW_125_Left_337 of gf180mcu_fd_sc_mcu9t5v0__endcap in cell butterfold_top
Note:  Implicit pin VNW in instance PHY_EDGE_ROW_125_Right_125 of gf180mcu_fd_sc_mcu9t5v0__endcap in cell butterfold_top
Note:  Implicit pin VPW in instance PHY_EDGE_ROW_125_Right_125 of gf180mcu_fd_sc_mcu9t5v0__endcap in cell butterfold_top
Note:  Implicit pin VNW in instance PHY_EDGE_ROW_126_Left_338 of gf180mcu_fd_sc_mcu9t5v0__endcap in cell butterfold_top
Note:  Implicit pin VPW in instance PHY_EDGE_ROW_126_Left_338 of gf180mcu_fd_sc_mcu9t5v0__endcap in cell butterfold_top
Note:  Implicit pin VNW in instance PHY_EDGE_ROW_126_Right_126 of gf180mcu_fd_sc_mcu9t5v0__endcap in cell butterfold_top
Note:  Implicit pin VPW in instance PHY_EDGE_ROW_126_Right_126 of gf180mcu_fd_sc_mcu9t5v0__endcap in cell butterfold_top
Note:  Implicit pin VNW in instance PHY_EDGE_ROW_127_Left_339 of gf180mcu_fd_sc_mcu9t5v0__endcap in cell butterfold_top
Note:  Implicit pin VPW in instance PHY_EDGE_ROW_127_Left_339 of gf180mcu_fd_sc_mcu9t5v0__endcap in cell butterfold_top
Note:  Implicit pin VNW in instance PHY_EDGE_ROW_127_Right_127 of gf180mcu_fd_sc_mcu9t5v0__endcap in cell butterfold_top
Note:  Implicit pin VPW in instance PHY_EDGE_ROW_127_Right_127 of gf180mcu_fd_sc_mcu9t5v0__endcap in cell butterfold_top
Note:  Implicit pin VNW in instance PHY_EDGE_ROW_128_Left_340 of gf180mcu_fd_sc_mcu9t5v0__endcap in cell butterfold_top
Note:  Implicit pin VPW in instance PHY_EDGE_ROW_128_Left_340 of gf180mcu_fd_sc_mcu9t5v0__endcap in cell butterfold_top
Note:  Implicit pin VNW in instance PHY_EDGE_ROW_128_Right_128 of gf180mcu_fd_sc_mcu9t5v0__endcap in cell butterfold_top
Note:  Implicit pin VPW in instance PHY_EDGE_ROW_128_Right_128 of gf180mcu_fd_sc_mcu9t5v0__endcap in cell butterfold_top
Note:  Implicit pin VNW in instance PHY_EDGE_ROW_129_Left_341 of gf180mcu_fd_sc_mcu9t5v0__endcap in cell butterfold_top
Note:  Implicit pin VPW in instance PHY_EDGE_ROW_129_Left_341 of gf180mcu_fd_sc_mcu9t5v0__endcap in cell butterfold_top
Note:  Implicit pin VNW in instance PHY_EDGE_ROW_129_Right_129 of gf180mcu_fd_sc_mcu9t5v0__endcap in cell butterfold_top
Note:  Implicit pin VPW in instance PHY_EDGE_ROW_129_Right_129 of gf180mcu_fd_sc_mcu9t5v0__endcap in cell butterfold_top
Note:  Implicit pin VNW in instance PHY_EDGE_ROW_12_Left_224 of gf180mcu_fd_sc_mcu9t5v0__endcap in cell butterfold_top
Note:  Implicit pin VPW in instance PHY_EDGE_ROW_12_Left_224 of gf180mcu_fd_sc_mcu9t5v0__endcap in cell butterfold_top
Note:  Implicit pin VNW in instance PHY_EDGE_ROW_12_Right_12 of gf180mcu_fd_sc_mcu9t5v0__endcap in cell butterfold_top
Note:  Implicit pin VPW in instance PHY_EDGE_ROW_12_Right_12 of gf180mcu_fd_sc_mcu9t5v0__endcap in cell butterfold_top
Note:  Implicit pin VNW in instance PHY_EDGE_ROW_130_Left_342 of gf180mcu_fd_sc_mcu9t5v0__endcap in cell butterfold_top
Note:  Implicit pin VPW in instance PHY_EDGE_ROW_130_Left_342 of gf180mcu_fd_sc_mcu9t5v0__endcap in cell butterfold_top
Note:  Implicit pin VNW in instance PHY_EDGE_ROW_130_Right_130 of gf180mcu_fd_sc_mcu9t5v0__endcap in cell butterfold_top
Note:  Implicit pin VPW in instance PHY_EDGE_ROW_130_Right_130 of gf180mcu_fd_sc_mcu9t5v0__endcap in cell butterfold_top
Note:  Implicit pin VNW in instance PHY_EDGE_ROW_131_Left_343 of gf180mcu_fd_sc_mcu9t5v0__endcap in cell butterfold_top
Note:  Implicit pin VPW in instance PHY_EDGE_ROW_131_Left_343 of gf180mcu_fd_sc_mcu9t5v0__endcap in cell butterfold_top
Note:  Implicit pin VNW in instance PHY_EDGE_ROW_131_Right_131 of gf180mcu_fd_sc_mcu9t5v0__endcap in cell butterfold_top
Note:  Implicit pin VPW in instance PHY_EDGE_ROW_131_Right_131 of gf180mcu_fd_sc_mcu9t5v0__endcap in cell butterfold_top
Note:  Implicit pin VNW in instance PHY_EDGE_ROW_132_Left_344 of gf180mcu_fd_sc_mcu9t5v0__endcap in cell butterfold_top
Note:  Implicit pin VPW in instance PHY_EDGE_ROW_132_Left_344 of gf180mcu_fd_sc_mcu9t5v0__endcap in cell butterfold_top
Note:  Implicit pin VNW in instance PHY_EDGE_ROW_132_Right_132 of gf180mcu_fd_sc_mcu9t5v0__endcap in cell butterfold_top
Note:  Implicit pin VPW in instance PHY_EDGE_ROW_132_Right_132 of gf180mcu_fd_sc_mcu9t5v0__endcap in cell butterfold_top
Note:  Implicit pin VNW in instance PHY_EDGE_ROW_133_Left_345 of gf180mcu_fd_sc_mcu9t5v0__endcap in cell butterfold_top
Note:  Implicit pin VPW in instance PHY_EDGE_ROW_133_Left_345 of gf180mcu_fd_sc_mcu9t5v0__endcap in cell butterfold_top
Note:  Implicit pin VNW in instance PHY_EDGE_ROW_133_Right_133 of gf180mcu_fd_sc_mcu9t5v0__endcap in cell butterfold_top
Note:  Implicit pin VPW in instance PHY_EDGE_ROW_133_Right_133 of gf180mcu_fd_sc_mcu9t5v0__endcap in cell butterfold_top
Note:  Implicit pin VNW in instance PHY_EDGE_ROW_134_Left_346 of gf180mcu_fd_sc_mcu9t5v0__endcap in cell butterfold_top
Note:  Implicit pin VPW in instance PHY_EDGE_ROW_134_Left_346 of gf180mcu_fd_sc_mcu9t5v0__endcap in cell butterfold_top
Note:  Implicit pin VNW in instance PHY_EDGE_ROW_134_Right_134 of gf180mcu_fd_sc_mcu9t5v0__endcap in cell butterfold_top
Note:  Implicit pin VPW in instance PHY_EDGE_ROW_134_Right_134 of gf180mcu_fd_sc_mcu9t5v0__endcap in cell butterfold_top
Note:  Implicit pin VNW in instance PHY_EDGE_ROW_135_Left_347 of gf180mcu_fd_sc_mcu9t5v0__endcap in cell butterfold_top
Note:  Implicit pin VPW in instance PHY_EDGE_ROW_135_Left_347 of gf180mcu_fd_sc_mcu9t5v0__endcap in cell butterfold_top
Note:  Implicit pin VNW in instance PHY_EDGE_ROW_135_Right_135 of gf180mcu_fd_sc_mcu9t5v0__endcap in cell butterfold_top
Note:  Implicit pin VPW in instance PHY_EDGE_ROW_135_Right_135 of gf180mcu_fd_sc_mcu9t5v0__endcap in cell butterfold_top
Note:  Implicit pin VNW in instance PHY_EDGE_ROW_136_1_Left_423 of gf180mcu_fd_sc_mcu9t5v0__endcap in cell butterfold_top
Note:  Implicit pin VPW in instance PHY_EDGE_ROW_136_1_Left_423 of gf180mcu_fd_sc_mcu9t5v0__endcap in cell butterfold_top
Note:  Implicit pin VNW in instance PHY_EDGE_ROW_136_1_Right_569 of gf180mcu_fd_sc_mcu9t5v0__endcap in cell butterfold_top
Note:  Implicit pin VPW in instance PHY_EDGE_ROW_136_1_Right_569 of gf180mcu_fd_sc_mcu9t5v0__endcap in cell butterfold_top
Note:  Implicit pin VNW in instance PHY_EDGE_ROW_136_2_Left_424 of gf180mcu_fd_sc_mcu9t5v0__endcap in cell butterfold_top
Note:  Implicit pin VPW in instance PHY_EDGE_ROW_136_2_Left_424 of gf180mcu_fd_sc_mcu9t5v0__endcap in cell butterfold_top
Note:  Implicit pin VNW in instance PHY_EDGE_ROW_136_2_Right_643 of gf180mcu_fd_sc_mcu9t5v0__endcap in cell butterfold_top
Note:  Implicit pin VPW in instance PHY_EDGE_ROW_136_2_Right_643 of gf180mcu_fd_sc_mcu9t5v0__endcap in cell butterfold_top
Note:  Implicit pin VNW in instance PHY_EDGE_ROW_136_3_Left_570 of gf180mcu_fd_sc_mcu9t5v0__endcap in cell butterfold_top
Note:  Implicit pin VPW in instance PHY_EDGE_ROW_136_3_Left_570 of gf180mcu_fd_sc_mcu9t5v0__endcap in cell butterfold_top
Note:  Implicit pin VNW in instance PHY_EDGE_ROW_136_3_Right_139 of gf180mcu_fd_sc_mcu9t5v0__endcap in cell butterfold_top
Note:  Implicit pin VPW in instance PHY_EDGE_ROW_136_3_Right_139 of gf180mcu_fd_sc_mcu9t5v0__endcap in cell butterfold_top
Note:  Implicit pin VNW in instance PHY_EDGE_ROW_137_1_Left_348 of gf180mcu_fd_sc_mcu9t5v0__endcap in cell butterfold_top
Note:  Implicit pin VPW in instance PHY_EDGE_ROW_137_1_Left_348 of gf180mcu_fd_sc_mcu9t5v0__endcap in cell butterfold_top
Note:  Implicit pin VNW in instance PHY_EDGE_ROW_137_1_Right_497 of gf180mcu_fd_sc_mcu9t5v0__endcap in cell butterfold_top
Note:  Implicit pin VPW in instance PHY_EDGE_ROW_137_1_Right_497 of gf180mcu_fd_sc_mcu9t5v0__endcap in cell butterfold_top
Note:  Implicit pin VNW in instance PHY_EDGE_ROW_137_2_Left_425 of gf180mcu_fd_sc_mcu9t5v0__endcap in cell butterfold_top
Note:  Implicit pin VPW in instance PHY_EDGE_ROW_137_2_Left_425 of gf180mcu_fd_sc_mcu9t5v0__endcap in cell butterfold_top
Note:  Implicit pin VNW in instance PHY_EDGE_ROW_137_2_Right_644 of gf180mcu_fd_sc_mcu9t5v0__endcap in cell butterfold_top
Note:  Implicit pin VPW in instance PHY_EDGE_ROW_137_2_Right_644 of gf180mcu_fd_sc_mcu9t5v0__endcap in cell butterfold_top
Note:  Implicit pin VNW in instance PHY_EDGE_ROW_137_3_Left_571 of gf180mcu_fd_sc_mcu9t5v0__endcap in cell butterfold_top
Note:  Implicit pin VPW in instance PHY_EDGE_ROW_137_3_Left_571 of gf180mcu_fd_sc_mcu9t5v0__endcap in cell butterfold_top
Note:  Implicit pin VNW in instance PHY_EDGE_ROW_137_3_Right_140 of gf180mcu_fd_sc_mcu9t5v0__endcap in cell butterfold_top
Note:  Implicit pin VPW in instance PHY_EDGE_ROW_137_3_Right_140 of gf180mcu_fd_sc_mcu9t5v0__endcap in cell butterfold_top
Note:  Implicit pin VNW in instance PHY_EDGE_ROW_138_1_Left_349 of gf180mcu_fd_sc_mcu9t5v0__endcap in cell butterfold_top
Note:  Implicit pin VPW in instance PHY_EDGE_ROW_138_1_Left_349 of gf180mcu_fd_sc_mcu9t5v0__endcap in cell butterfold_top
Note:  Implicit pin VNW in instance PHY_EDGE_ROW_138_1_Right_498 of gf180mcu_fd_sc_mcu9t5v0__endcap in cell butterfold_top
Note:  Implicit pin VPW in instance PHY_EDGE_ROW_138_1_Right_498 of gf180mcu_fd_sc_mcu9t5v0__endcap in cell butterfold_top
Note:  Implicit pin VNW in instance PHY_EDGE_ROW_138_2_Left_426 of gf180mcu_fd_sc_mcu9t5v0__endcap in cell butterfold_top
Note:  Implicit pin VPW in instance PHY_EDGE_ROW_138_2_Left_426 of gf180mcu_fd_sc_mcu9t5v0__endcap in cell butterfold_top
Note:  Implicit pin VNW in instance PHY_EDGE_ROW_138_2_Right_645 of gf180mcu_fd_sc_mcu9t5v0__endcap in cell butterfold_top
Note:  Implicit pin VPW in instance PHY_EDGE_ROW_138_2_Right_645 of gf180mcu_fd_sc_mcu9t5v0__endcap in cell butterfold_top
Note:  Implicit pin VNW in instance PHY_EDGE_ROW_138_3_Left_572 of gf180mcu_fd_sc_mcu9t5v0__endcap in cell butterfold_top
Note:  Implicit pin VPW in instance PHY_EDGE_ROW_138_3_Left_572 of gf180mcu_fd_sc_mcu9t5v0__endcap in cell butterfold_top
Note:  Implicit pin VNW in instance PHY_EDGE_ROW_138_3_Right_141 of gf180mcu_fd_sc_mcu9t5v0__endcap in cell butterfold_top
Note:  Implicit pin VPW in instance PHY_EDGE_ROW_138_3_Right_141 of gf180mcu_fd_sc_mcu9t5v0__endcap in cell butterfold_top
Note:  Implicit pin VNW in instance PHY_EDGE_ROW_139_1_Left_350 of gf180mcu_fd_sc_mcu9t5v0__endcap in cell butterfold_top
Note:  Implicit pin VPW in instance PHY_EDGE_ROW_139_1_Left_350 of gf180mcu_fd_sc_mcu9t5v0__endcap in cell butterfold_top
Note:  Implicit pin VNW in instance PHY_EDGE_ROW_139_1_Right_499 of gf180mcu_fd_sc_mcu9t5v0__endcap in cell butterfold_top
Note:  Implicit pin VPW in instance PHY_EDGE_ROW_139_1_Right_499 of gf180mcu_fd_sc_mcu9t5v0__endcap in cell butterfold_top
Note:  Implicit pin VNW in instance PHY_EDGE_ROW_139_2_Left_427 of gf180mcu_fd_sc_mcu9t5v0__endcap in cell butterfold_top
Note:  Implicit pin VPW in instance PHY_EDGE_ROW_139_2_Left_427 of gf180mcu_fd_sc_mcu9t5v0__endcap in cell butterfold_top
Note:  Implicit pin VNW in instance PHY_EDGE_ROW_139_2_Right_646 of gf180mcu_fd_sc_mcu9t5v0__endcap in cell butterfold_top
Note:  Implicit pin VPW in instance PHY_EDGE_ROW_139_2_Right_646 of gf180mcu_fd_sc_mcu9t5v0__endcap in cell butterfold_top
Note:  Implicit pin VNW in instance PHY_EDGE_ROW_139_3_Left_573 of gf180mcu_fd_sc_mcu9t5v0__endcap in cell butterfold_top
Note:  Implicit pin VPW in instance PHY_EDGE_ROW_139_3_Left_573 of gf180mcu_fd_sc_mcu9t5v0__endcap in cell butterfold_top
Note:  Implicit pin VNW in instance PHY_EDGE_ROW_139_3_Right_142 of gf180mcu_fd_sc_mcu9t5v0__endcap in cell butterfold_top
Note:  Implicit pin VPW in instance PHY_EDGE_ROW_139_3_Right_142 of gf180mcu_fd_sc_mcu9t5v0__endcap in cell butterfold_top
Note:  Implicit pin VNW in instance PHY_EDGE_ROW_13_Left_225 of gf180mcu_fd_sc_mcu9t5v0__endcap in cell butterfold_top
Note:  Implicit pin VPW in instance PHY_EDGE_ROW_13_Left_225 of gf180mcu_fd_sc_mcu9t5v0__endcap in cell butterfold_top
Note:  Implicit pin VNW in instance PHY_EDGE_ROW_13_Right_13 of gf180mcu_fd_sc_mcu9t5v0__endcap in cell butterfold_top
Note:  Implicit pin VPW in instance PHY_EDGE_ROW_13_Right_13 of gf180mcu_fd_sc_mcu9t5v0__endcap in cell butterfold_top
Note:  Implicit pin VNW in instance PHY_EDGE_ROW_140_1_Left_351 of gf180mcu_fd_sc_mcu9t5v0__endcap in cell butterfold_top
Note:  Implicit pin VPW in instance PHY_EDGE_ROW_140_1_Left_351 of gf180mcu_fd_sc_mcu9t5v0__endcap in cell butterfold_top
Note:  Implicit pin VNW in instance PHY_EDGE_ROW_140_1_Right_500 of gf180mcu_fd_sc_mcu9t5v0__endcap in cell butterfold_top
Note:  Implicit pin VPW in instance PHY_EDGE_ROW_140_1_Right_500 of gf180mcu_fd_sc_mcu9t5v0__endcap in cell butterfold_top
Note:  Implicit pin VNW in instance PHY_EDGE_ROW_140_2_Left_428 of gf180mcu_fd_sc_mcu9t5v0__endcap in cell butterfold_top
Note:  Implicit pin VPW in instance PHY_EDGE_ROW_140_2_Left_428 of gf180mcu_fd_sc_mcu9t5v0__endcap in cell butterfold_top
Note:  Implicit pin VNW in instance PHY_EDGE_ROW_140_2_Right_647 of gf180mcu_fd_sc_mcu9t5v0__endcap in cell butterfold_top
Note:  Implicit pin VPW in instance PHY_EDGE_ROW_140_2_Right_647 of gf180mcu_fd_sc_mcu9t5v0__endcap in cell butterfold_top
Note:  Implicit pin VNW in instance PHY_EDGE_ROW_140_3_Left_574 of gf180mcu_fd_sc_mcu9t5v0__endcap in cell butterfold_top
Note:  Implicit pin VPW in instance PHY_EDGE_ROW_140_3_Left_574 of gf180mcu_fd_sc_mcu9t5v0__endcap in cell butterfold_top
Note:  Implicit pin VNW in instance PHY_EDGE_ROW_140_3_Right_143 of gf180mcu_fd_sc_mcu9t5v0__endcap in cell butterfold_top
Note:  Implicit pin VPW in instance PHY_EDGE_ROW_140_3_Right_143 of gf180mcu_fd_sc_mcu9t5v0__endcap in cell butterfold_top
Note:  Implicit pin VNW in instance PHY_EDGE_ROW_141_1_Left_352 of gf180mcu_fd_sc_mcu9t5v0__endcap in cell butterfold_top
Note:  Implicit pin VPW in instance PHY_EDGE_ROW_141_1_Left_352 of gf180mcu_fd_sc_mcu9t5v0__endcap in cell butterfold_top
Note:  Implicit pin VNW in instance PHY_EDGE_ROW_141_1_Right_501 of gf180mcu_fd_sc_mcu9t5v0__endcap in cell butterfold_top
Note:  Implicit pin VPW in instance PHY_EDGE_ROW_141_1_Right_501 of gf180mcu_fd_sc_mcu9t5v0__endcap in cell butterfold_top
Note:  Implicit pin VNW in instance PHY_EDGE_ROW_141_2_Left_429 of gf180mcu_fd_sc_mcu9t5v0__endcap in cell butterfold_top
Note:  Implicit pin VPW in instance PHY_EDGE_ROW_141_2_Left_429 of gf180mcu_fd_sc_mcu9t5v0__endcap in cell butterfold_top
Note:  Implicit pin VNW in instance PHY_EDGE_ROW_141_2_Right_648 of gf180mcu_fd_sc_mcu9t5v0__endcap in cell butterfold_top
Note:  Implicit pin VPW in instance PHY_EDGE_ROW_141_2_Right_648 of gf180mcu_fd_sc_mcu9t5v0__endcap in cell butterfold_top
Note:  Implicit pin VNW in instance PHY_EDGE_ROW_141_3_Left_575 of gf180mcu_fd_sc_mcu9t5v0__endcap in cell butterfold_top
Note:  Implicit pin VPW in instance PHY_EDGE_ROW_141_3_Left_575 of gf180mcu_fd_sc_mcu9t5v0__endcap in cell butterfold_top
Note:  Implicit pin VNW in instance PHY_EDGE_ROW_141_3_Right_144 of gf180mcu_fd_sc_mcu9t5v0__endcap in cell butterfold_top
Note:  Implicit pin VPW in instance PHY_EDGE_ROW_141_3_Right_144 of gf180mcu_fd_sc_mcu9t5v0__endcap in cell butterfold_top
Note:  Implicit pin VNW in instance PHY_EDGE_ROW_142_1_Left_353 of gf180mcu_fd_sc_mcu9t5v0__endcap in cell butterfold_top
Note:  Implicit pin VPW in instance PHY_EDGE_ROW_142_1_Left_353 of gf180mcu_fd_sc_mcu9t5v0__endcap in cell butterfold_top
Note:  Implicit pin VNW in instance PHY_EDGE_ROW_142_1_Right_502 of gf180mcu_fd_sc_mcu9t5v0__endcap in cell butterfold_top
Note:  Implicit pin VPW in instance PHY_EDGE_ROW_142_1_Right_502 of gf180mcu_fd_sc_mcu9t5v0__endcap in cell butterfold_top
Note:  Implicit pin VNW in instance PHY_EDGE_ROW_142_2_Left_430 of gf180mcu_fd_sc_mcu9t5v0__endcap in cell butterfold_top
Note:  Implicit pin VPW in instance PHY_EDGE_ROW_142_2_Left_430 of gf180mcu_fd_sc_mcu9t5v0__endcap in cell butterfold_top
Note:  Implicit pin VNW in instance PHY_EDGE_ROW_142_2_Right_649 of gf180mcu_fd_sc_mcu9t5v0__endcap in cell butterfold_top
Note:  Implicit pin VPW in instance PHY_EDGE_ROW_142_2_Right_649 of gf180mcu_fd_sc_mcu9t5v0__endcap in cell butterfold_top
Note:  Implicit pin VNW in instance PHY_EDGE_ROW_142_3_Left_576 of gf180mcu_fd_sc_mcu9t5v0__endcap in cell butterfold_top
Note:  Implicit pin VPW in instance PHY_EDGE_ROW_142_3_Left_576 of gf180mcu_fd_sc_mcu9t5v0__endcap in cell butterfold_top
Note:  Implicit pin VNW in instance PHY_EDGE_ROW_142_3_Right_145 of gf180mcu_fd_sc_mcu9t5v0__endcap in cell butterfold_top
Note:  Implicit pin VPW in instance PHY_EDGE_ROW_142_3_Right_145 of gf180mcu_fd_sc_mcu9t5v0__endcap in cell butterfold_top
Note:  Implicit pin VNW in instance PHY_EDGE_ROW_143_1_Left_354 of gf180mcu_fd_sc_mcu9t5v0__endcap in cell butterfold_top
Note:  Implicit pin VPW in instance PHY_EDGE_ROW_143_1_Left_354 of gf180mcu_fd_sc_mcu9t5v0__endcap in cell butterfold_top
Note:  Implicit pin VNW in instance PHY_EDGE_ROW_143_1_Right_503 of gf180mcu_fd_sc_mcu9t5v0__endcap in cell butterfold_top
Note:  Implicit pin VPW in instance PHY_EDGE_ROW_143_1_Right_503 of gf180mcu_fd_sc_mcu9t5v0__endcap in cell butterfold_top
Note:  Implicit pin VNW in instance PHY_EDGE_ROW_143_2_Left_431 of gf180mcu_fd_sc_mcu9t5v0__endcap in cell butterfold_top
Note:  Implicit pin VPW in instance PHY_EDGE_ROW_143_2_Left_431 of gf180mcu_fd_sc_mcu9t5v0__endcap in cell butterfold_top
Note:  Implicit pin VNW in instance PHY_EDGE_ROW_143_2_Right_650 of gf180mcu_fd_sc_mcu9t5v0__endcap in cell butterfold_top
Note:  Implicit pin VPW in instance PHY_EDGE_ROW_143_2_Right_650 of gf180mcu_fd_sc_mcu9t5v0__endcap in cell butterfold_top
Note:  Implicit pin VNW in instance PHY_EDGE_ROW_143_3_Left_577 of gf180mcu_fd_sc_mcu9t5v0__endcap in cell butterfold_top
Note:  Implicit pin VPW in instance PHY_EDGE_ROW_143_3_Left_577 of gf180mcu_fd_sc_mcu9t5v0__endcap in cell butterfold_top
Note:  Implicit pin VNW in instance PHY_EDGE_ROW_143_3_Right_146 of gf180mcu_fd_sc_mcu9t5v0__endcap in cell butterfold_top
Note:  Implicit pin VPW in instance PHY_EDGE_ROW_143_3_Right_146 of gf180mcu_fd_sc_mcu9t5v0__endcap in cell butterfold_top
Note:  Implicit pin VNW in instance PHY_EDGE_ROW_144_1_Left_355 of gf180mcu_fd_sc_mcu9t5v0__endcap in cell butterfold_top
Note:  Implicit pin VPW in instance PHY_EDGE_ROW_144_1_Left_355 of gf180mcu_fd_sc_mcu9t5v0__endcap in cell butterfold_top
Note:  Implicit pin VNW in instance PHY_EDGE_ROW_144_1_Right_504 of gf180mcu_fd_sc_mcu9t5v0__endcap in cell butterfold_top
Note:  Implicit pin VPW in instance PHY_EDGE_ROW_144_1_Right_504 of gf180mcu_fd_sc_mcu9t5v0__endcap in cell butterfold_top
Note:  Implicit pin VNW in instance PHY_EDGE_ROW_144_2_Left_432 of gf180mcu_fd_sc_mcu9t5v0__endcap in cell butterfold_top
Note:  Implicit pin VPW in instance PHY_EDGE_ROW_144_2_Left_432 of gf180mcu_fd_sc_mcu9t5v0__endcap in cell butterfold_top
Note:  Implicit pin VNW in instance PHY_EDGE_ROW_144_2_Right_651 of gf180mcu_fd_sc_mcu9t5v0__endcap in cell butterfold_top
Note:  Implicit pin VPW in instance PHY_EDGE_ROW_144_2_Right_651 of gf180mcu_fd_sc_mcu9t5v0__endcap in cell butterfold_top
Note:  Implicit pin VNW in instance PHY_EDGE_ROW_144_3_Left_578 of gf180mcu_fd_sc_mcu9t5v0__endcap in cell butterfold_top
Note:  Implicit pin VPW in instance PHY_EDGE_ROW_144_3_Left_578 of gf180mcu_fd_sc_mcu9t5v0__endcap in cell butterfold_top
Note:  Implicit pin VNW in instance PHY_EDGE_ROW_144_3_Right_147 of gf180mcu_fd_sc_mcu9t5v0__endcap in cell butterfold_top
Note:  Implicit pin VPW in instance PHY_EDGE_ROW_144_3_Right_147 of gf180mcu_fd_sc_mcu9t5v0__endcap in cell butterfold_top
Note:  Implicit pin VNW in instance PHY_EDGE_ROW_145_1_Left_356 of gf180mcu_fd_sc_mcu9t5v0__endcap in cell butterfold_top
Note:  Implicit pin VPW in instance PHY_EDGE_ROW_145_1_Left_356 of gf180mcu_fd_sc_mcu9t5v0__endcap in cell butterfold_top
Note:  Implicit pin VNW in instance PHY_EDGE_ROW_145_1_Right_505 of gf180mcu_fd_sc_mcu9t5v0__endcap in cell butterfold_top
Note:  Implicit pin VPW in instance PHY_EDGE_ROW_145_1_Right_505 of gf180mcu_fd_sc_mcu9t5v0__endcap in cell butterfold_top
Note:  Implicit pin VNW in instance PHY_EDGE_ROW_145_2_Left_433 of gf180mcu_fd_sc_mcu9t5v0__endcap in cell butterfold_top
Note:  Implicit pin VPW in instance PHY_EDGE_ROW_145_2_Left_433 of gf180mcu_fd_sc_mcu9t5v0__endcap in cell butterfold_top
Note:  Implicit pin VNW in instance PHY_EDGE_ROW_145_2_Right_652 of gf180mcu_fd_sc_mcu9t5v0__endcap in cell butterfold_top
Note:  Implicit pin VPW in instance PHY_EDGE_ROW_145_2_Right_652 of gf180mcu_fd_sc_mcu9t5v0__endcap in cell butterfold_top
Note:  Implicit pin VNW in instance PHY_EDGE_ROW_145_3_Left_579 of gf180mcu_fd_sc_mcu9t5v0__endcap in cell butterfold_top
Note:  Implicit pin VPW in instance PHY_EDGE_ROW_145_3_Left_579 of gf180mcu_fd_sc_mcu9t5v0__endcap in cell butterfold_top
Note:  Implicit pin VNW in instance PHY_EDGE_ROW_145_3_Right_148 of gf180mcu_fd_sc_mcu9t5v0__endcap in cell butterfold_top
Note:  Implicit pin VPW in instance PHY_EDGE_ROW_145_3_Right_148 of gf180mcu_fd_sc_mcu9t5v0__endcap in cell butterfold_top
Note:  Implicit pin VNW in instance PHY_EDGE_ROW_146_1_Left_357 of gf180mcu_fd_sc_mcu9t5v0__endcap in cell butterfold_top
Note:  Implicit pin VPW in instance PHY_EDGE_ROW_146_1_Left_357 of gf180mcu_fd_sc_mcu9t5v0__endcap in cell butterfold_top
Note:  Implicit pin VNW in instance PHY_EDGE_ROW_146_1_Right_506 of gf180mcu_fd_sc_mcu9t5v0__endcap in cell butterfold_top
Note:  Implicit pin VPW in instance PHY_EDGE_ROW_146_1_Right_506 of gf180mcu_fd_sc_mcu9t5v0__endcap in cell butterfold_top
Note:  Implicit pin VNW in instance PHY_EDGE_ROW_146_2_Left_434 of gf180mcu_fd_sc_mcu9t5v0__endcap in cell butterfold_top
Note:  Implicit pin VPW in instance PHY_EDGE_ROW_146_2_Left_434 of gf180mcu_fd_sc_mcu9t5v0__endcap in cell butterfold_top
Note:  Implicit pin VNW in instance PHY_EDGE_ROW_146_2_Right_653 of gf180mcu_fd_sc_mcu9t5v0__endcap in cell butterfold_top
Note:  Implicit pin VPW in instance PHY_EDGE_ROW_146_2_Right_653 of gf180mcu_fd_sc_mcu9t5v0__endcap in cell butterfold_top
Note:  Implicit pin VNW in instance PHY_EDGE_ROW_146_3_Left_580 of gf180mcu_fd_sc_mcu9t5v0__endcap in cell butterfold_top
Note:  Implicit pin VPW in instance PHY_EDGE_ROW_146_3_Left_580 of gf180mcu_fd_sc_mcu9t5v0__endcap in cell butterfold_top
Note:  Implicit pin VNW in instance PHY_EDGE_ROW_146_3_Right_149 of gf180mcu_fd_sc_mcu9t5v0__endcap in cell butterfold_top
Note:  Implicit pin VPW in instance PHY_EDGE_ROW_146_3_Right_149 of gf180mcu_fd_sc_mcu9t5v0__endcap in cell butterfold_top
Note:  Implicit pin VNW in instance PHY_EDGE_ROW_147_1_Left_358 of gf180mcu_fd_sc_mcu9t5v0__endcap in cell butterfold_top
Note:  Implicit pin VPW in instance PHY_EDGE_ROW_147_1_Left_358 of gf180mcu_fd_sc_mcu9t5v0__endcap in cell butterfold_top
Note:  Implicit pin VNW in instance PHY_EDGE_ROW_147_1_Right_507 of gf180mcu_fd_sc_mcu9t5v0__endcap in cell butterfold_top
Note:  Implicit pin VPW in instance PHY_EDGE_ROW_147_1_Right_507 of gf180mcu_fd_sc_mcu9t5v0__endcap in cell butterfold_top
Note:  Implicit pin VNW in instance PHY_EDGE_ROW_147_2_Left_435 of gf180mcu_fd_sc_mcu9t5v0__endcap in cell butterfold_top
Note:  Implicit pin VPW in instance PHY_EDGE_ROW_147_2_Left_435 of gf180mcu_fd_sc_mcu9t5v0__endcap in cell butterfold_top
Note:  Implicit pin VNW in instance PHY_EDGE_ROW_147_2_Right_654 of gf180mcu_fd_sc_mcu9t5v0__endcap in cell butterfold_top
Note:  Implicit pin VPW in instance PHY_EDGE_ROW_147_2_Right_654 of gf180mcu_fd_sc_mcu9t5v0__endcap in cell butterfold_top
Note:  Implicit pin VNW in instance PHY_EDGE_ROW_147_3_Left_581 of gf180mcu_fd_sc_mcu9t5v0__endcap in cell butterfold_top
Note:  Implicit pin VPW in instance PHY_EDGE_ROW_147_3_Left_581 of gf180mcu_fd_sc_mcu9t5v0__endcap in cell butterfold_top
Note:  Implicit pin VNW in instance PHY_EDGE_ROW_147_3_Right_150 of gf180mcu_fd_sc_mcu9t5v0__endcap in cell butterfold_top
Note:  Implicit pin VPW in instance PHY_EDGE_ROW_147_3_Right_150 of gf180mcu_fd_sc_mcu9t5v0__endcap in cell butterfold_top
Note:  Implicit pin VNW in instance PHY_EDGE_ROW_148_1_Left_359 of gf180mcu_fd_sc_mcu9t5v0__endcap in cell butterfold_top
Note:  Implicit pin VPW in instance PHY_EDGE_ROW_148_1_Left_359 of gf180mcu_fd_sc_mcu9t5v0__endcap in cell butterfold_top
Note:  Implicit pin VNW in instance PHY_EDGE_ROW_148_1_Right_508 of gf180mcu_fd_sc_mcu9t5v0__endcap in cell butterfold_top
Note:  Implicit pin VPW in instance PHY_EDGE_ROW_148_1_Right_508 of gf180mcu_fd_sc_mcu9t5v0__endcap in cell butterfold_top
Note:  Implicit pin VNW in instance PHY_EDGE_ROW_148_2_Left_436 of gf180mcu_fd_sc_mcu9t5v0__endcap in cell butterfold_top
Note:  Implicit pin VPW in instance PHY_EDGE_ROW_148_2_Left_436 of gf180mcu_fd_sc_mcu9t5v0__endcap in cell butterfold_top
Note:  Implicit pin VNW in instance PHY_EDGE_ROW_148_2_Right_655 of gf180mcu_fd_sc_mcu9t5v0__endcap in cell butterfold_top
Note:  Implicit pin VPW in instance PHY_EDGE_ROW_148_2_Right_655 of gf180mcu_fd_sc_mcu9t5v0__endcap in cell butterfold_top
Note:  Implicit pin VNW in instance PHY_EDGE_ROW_148_3_Left_582 of gf180mcu_fd_sc_mcu9t5v0__endcap in cell butterfold_top
Note:  Implicit pin VPW in instance PHY_EDGE_ROW_148_3_Left_582 of gf180mcu_fd_sc_mcu9t5v0__endcap in cell butterfold_top
Note:  Implicit pin VNW in instance PHY_EDGE_ROW_148_3_Right_151 of gf180mcu_fd_sc_mcu9t5v0__endcap in cell butterfold_top
Note:  Implicit pin VPW in instance PHY_EDGE_ROW_148_3_Right_151 of gf180mcu_fd_sc_mcu9t5v0__endcap in cell butterfold_top
Note:  Implicit pin VNW in instance PHY_EDGE_ROW_149_1_Left_360 of gf180mcu_fd_sc_mcu9t5v0__endcap in cell butterfold_top
Note:  Implicit pin VPW in instance PHY_EDGE_ROW_149_1_Left_360 of gf180mcu_fd_sc_mcu9t5v0__endcap in cell butterfold_top
Note:  Implicit pin VNW in instance PHY_EDGE_ROW_149_1_Right_509 of gf180mcu_fd_sc_mcu9t5v0__endcap in cell butterfold_top
Note:  Implicit pin VPW in instance PHY_EDGE_ROW_149_1_Right_509 of gf180mcu_fd_sc_mcu9t5v0__endcap in cell butterfold_top
Note:  Implicit pin VNW in instance PHY_EDGE_ROW_149_2_Left_437 of gf180mcu_fd_sc_mcu9t5v0__endcap in cell butterfold_top
Note:  Implicit pin VPW in instance PHY_EDGE_ROW_149_2_Left_437 of gf180mcu_fd_sc_mcu9t5v0__endcap in cell butterfold_top
Note:  Implicit pin VNW in instance PHY_EDGE_ROW_149_2_Right_656 of gf180mcu_fd_sc_mcu9t5v0__endcap in cell butterfold_top
Note:  Implicit pin VPW in instance PHY_EDGE_ROW_149_2_Right_656 of gf180mcu_fd_sc_mcu9t5v0__endcap in cell butterfold_top
Note:  Implicit pin VNW in instance PHY_EDGE_ROW_149_3_Left_583 of gf180mcu_fd_sc_mcu9t5v0__endcap in cell butterfold_top
Note:  Implicit pin VPW in instance PHY_EDGE_ROW_149_3_Left_583 of gf180mcu_fd_sc_mcu9t5v0__endcap in cell butterfold_top
Note:  Implicit pin VNW in instance PHY_EDGE_ROW_149_3_Right_152 of gf180mcu_fd_sc_mcu9t5v0__endcap in cell butterfold_top
Note:  Implicit pin VPW in instance PHY_EDGE_ROW_149_3_Right_152 of gf180mcu_fd_sc_mcu9t5v0__endcap in cell butterfold_top
Note:  Implicit pin VNW in instance PHY_EDGE_ROW_14_Left_226 of gf180mcu_fd_sc_mcu9t5v0__endcap in cell butterfold_top
Note:  Implicit pin VPW in instance PHY_EDGE_ROW_14_Left_226 of gf180mcu_fd_sc_mcu9t5v0__endcap in cell butterfold_top
Note:  Implicit pin VNW in instance PHY_EDGE_ROW_14_Right_14 of gf180mcu_fd_sc_mcu9t5v0__endcap in cell butterfold_top
Note:  Implicit pin VPW in instance PHY_EDGE_ROW_14_Right_14 of gf180mcu_fd_sc_mcu9t5v0__endcap in cell butterfold_top
Note:  Implicit pin VNW in instance PHY_EDGE_ROW_150_1_Left_361 of gf180mcu_fd_sc_mcu9t5v0__endcap in cell butterfold_top
Note:  Implicit pin VPW in instance PHY_EDGE_ROW_150_1_Left_361 of gf180mcu_fd_sc_mcu9t5v0__endcap in cell butterfold_top
Note:  Implicit pin VNW in instance PHY_EDGE_ROW_150_1_Right_510 of gf180mcu_fd_sc_mcu9t5v0__endcap in cell butterfold_top
Note:  Implicit pin VPW in instance PHY_EDGE_ROW_150_1_Right_510 of gf180mcu_fd_sc_mcu9t5v0__endcap in cell butterfold_top
Note:  Implicit pin VNW in instance PHY_EDGE_ROW_150_2_Left_438 of gf180mcu_fd_sc_mcu9t5v0__endcap in cell butterfold_top
Note:  Implicit pin VPW in instance PHY_EDGE_ROW_150_2_Left_438 of gf180mcu_fd_sc_mcu9t5v0__endcap in cell butterfold_top
Note:  Implicit pin VNW in instance PHY_EDGE_ROW_150_2_Right_657 of gf180mcu_fd_sc_mcu9t5v0__endcap in cell butterfold_top
Note:  Implicit pin VPW in instance PHY_EDGE_ROW_150_2_Right_657 of gf180mcu_fd_sc_mcu9t5v0__endcap in cell butterfold_top
Note:  Implicit pin VNW in instance PHY_EDGE_ROW_150_3_Left_584 of gf180mcu_fd_sc_mcu9t5v0__endcap in cell butterfold_top
Note:  Implicit pin VPW in instance PHY_EDGE_ROW_150_3_Left_584 of gf180mcu_fd_sc_mcu9t5v0__endcap in cell butterfold_top
Note:  Implicit pin VNW in instance PHY_EDGE_ROW_150_3_Right_153 of gf180mcu_fd_sc_mcu9t5v0__endcap in cell butterfold_top
Note:  Implicit pin VPW in instance PHY_EDGE_ROW_150_3_Right_153 of gf180mcu_fd_sc_mcu9t5v0__endcap in cell butterfold_top
Note:  Implicit pin VNW in instance PHY_EDGE_ROW_151_1_Left_362 of gf180mcu_fd_sc_mcu9t5v0__endcap in cell butterfold_top
Note:  Implicit pin VPW in instance PHY_EDGE_ROW_151_1_Left_362 of gf180mcu_fd_sc_mcu9t5v0__endcap in cell butterfold_top
Note:  Implicit pin VNW in instance PHY_EDGE_ROW_151_1_Right_511 of gf180mcu_fd_sc_mcu9t5v0__endcap in cell butterfold_top
Note:  Implicit pin VPW in instance PHY_EDGE_ROW_151_1_Right_511 of gf180mcu_fd_sc_mcu9t5v0__endcap in cell butterfold_top
Note:  Implicit pin VNW in instance PHY_EDGE_ROW_151_2_Left_439 of gf180mcu_fd_sc_mcu9t5v0__endcap in cell butterfold_top
Note:  Implicit pin VPW in instance PHY_EDGE_ROW_151_2_Left_439 of gf180mcu_fd_sc_mcu9t5v0__endcap in cell butterfold_top
Note:  Implicit pin VNW in instance PHY_EDGE_ROW_151_2_Right_658 of gf180mcu_fd_sc_mcu9t5v0__endcap in cell butterfold_top
Note:  Implicit pin VPW in instance PHY_EDGE_ROW_151_2_Right_658 of gf180mcu_fd_sc_mcu9t5v0__endcap in cell butterfold_top
Note:  Implicit pin VNW in instance PHY_EDGE_ROW_151_3_Left_585 of gf180mcu_fd_sc_mcu9t5v0__endcap in cell butterfold_top
Note:  Implicit pin VPW in instance PHY_EDGE_ROW_151_3_Left_585 of gf180mcu_fd_sc_mcu9t5v0__endcap in cell butterfold_top
Note:  Implicit pin VNW in instance PHY_EDGE_ROW_151_3_Right_154 of gf180mcu_fd_sc_mcu9t5v0__endcap in cell butterfold_top
Note:  Implicit pin VPW in instance PHY_EDGE_ROW_151_3_Right_154 of gf180mcu_fd_sc_mcu9t5v0__endcap in cell butterfold_top
Note:  Implicit pin VNW in instance PHY_EDGE_ROW_152_1_Left_363 of gf180mcu_fd_sc_mcu9t5v0__endcap in cell butterfold_top
Note:  Implicit pin VPW in instance PHY_EDGE_ROW_152_1_Left_363 of gf180mcu_fd_sc_mcu9t5v0__endcap in cell butterfold_top
Note:  Implicit pin VNW in instance PHY_EDGE_ROW_152_1_Right_512 of gf180mcu_fd_sc_mcu9t5v0__endcap in cell butterfold_top
Note:  Implicit pin VPW in instance PHY_EDGE_ROW_152_1_Right_512 of gf180mcu_fd_sc_mcu9t5v0__endcap in cell butterfold_top
Note:  Implicit pin VNW in instance PHY_EDGE_ROW_152_2_Left_440 of gf180mcu_fd_sc_mcu9t5v0__endcap in cell butterfold_top
Note:  Implicit pin VPW in instance PHY_EDGE_ROW_152_2_Left_440 of gf180mcu_fd_sc_mcu9t5v0__endcap in cell butterfold_top
Note:  Implicit pin VNW in instance PHY_EDGE_ROW_152_2_Right_659 of gf180mcu_fd_sc_mcu9t5v0__endcap in cell butterfold_top
Note:  Implicit pin VPW in instance PHY_EDGE_ROW_152_2_Right_659 of gf180mcu_fd_sc_mcu9t5v0__endcap in cell butterfold_top
Note:  Implicit pin VNW in instance PHY_EDGE_ROW_152_3_Left_586 of gf180mcu_fd_sc_mcu9t5v0__endcap in cell butterfold_top
Note:  Implicit pin VPW in instance PHY_EDGE_ROW_152_3_Left_586 of gf180mcu_fd_sc_mcu9t5v0__endcap in cell butterfold_top
Note:  Implicit pin VNW in instance PHY_EDGE_ROW_152_3_Right_155 of gf180mcu_fd_sc_mcu9t5v0__endcap in cell butterfold_top
Note:  Implicit pin VPW in instance PHY_EDGE_ROW_152_3_Right_155 of gf180mcu_fd_sc_mcu9t5v0__endcap in cell butterfold_top
Note:  Implicit pin VNW in instance PHY_EDGE_ROW_153_1_Left_364 of gf180mcu_fd_sc_mcu9t5v0__endcap in cell butterfold_top
Note:  Implicit pin VPW in instance PHY_EDGE_ROW_153_1_Left_364 of gf180mcu_fd_sc_mcu9t5v0__endcap in cell butterfold_top
Note:  Implicit pin VNW in instance PHY_EDGE_ROW_153_1_Right_513 of gf180mcu_fd_sc_mcu9t5v0__endcap in cell butterfold_top
Note:  Implicit pin VPW in instance PHY_EDGE_ROW_153_1_Right_513 of gf180mcu_fd_sc_mcu9t5v0__endcap in cell butterfold_top
Note:  Implicit pin VNW in instance PHY_EDGE_ROW_153_2_Left_441 of gf180mcu_fd_sc_mcu9t5v0__endcap in cell butterfold_top
Note:  Implicit pin VPW in instance PHY_EDGE_ROW_153_2_Left_441 of gf180mcu_fd_sc_mcu9t5v0__endcap in cell butterfold_top
Note:  Implicit pin VNW in instance PHY_EDGE_ROW_153_2_Right_660 of gf180mcu_fd_sc_mcu9t5v0__endcap in cell butterfold_top
Note:  Implicit pin VPW in instance PHY_EDGE_ROW_153_2_Right_660 of gf180mcu_fd_sc_mcu9t5v0__endcap in cell butterfold_top
Note:  Implicit pin VNW in instance PHY_EDGE_ROW_153_3_Left_587 of gf180mcu_fd_sc_mcu9t5v0__endcap in cell butterfold_top
Note:  Implicit pin VPW in instance PHY_EDGE_ROW_153_3_Left_587 of gf180mcu_fd_sc_mcu9t5v0__endcap in cell butterfold_top
Note:  Implicit pin VNW in instance PHY_EDGE_ROW_153_3_Right_156 of gf180mcu_fd_sc_mcu9t5v0__endcap in cell butterfold_top
Note:  Implicit pin VPW in instance PHY_EDGE_ROW_153_3_Right_156 of gf180mcu_fd_sc_mcu9t5v0__endcap in cell butterfold_top
Note:  Implicit pin VNW in instance PHY_EDGE_ROW_154_1_Left_365 of gf180mcu_fd_sc_mcu9t5v0__endcap in cell butterfold_top
Note:  Implicit pin VPW in instance PHY_EDGE_ROW_154_1_Left_365 of gf180mcu_fd_sc_mcu9t5v0__endcap in cell butterfold_top
Note:  Implicit pin VNW in instance PHY_EDGE_ROW_154_1_Right_514 of gf180mcu_fd_sc_mcu9t5v0__endcap in cell butterfold_top
Note:  Implicit pin VPW in instance PHY_EDGE_ROW_154_1_Right_514 of gf180mcu_fd_sc_mcu9t5v0__endcap in cell butterfold_top
Note:  Implicit pin VNW in instance PHY_EDGE_ROW_154_2_Left_442 of gf180mcu_fd_sc_mcu9t5v0__endcap in cell butterfold_top
Note:  Implicit pin VPW in instance PHY_EDGE_ROW_154_2_Left_442 of gf180mcu_fd_sc_mcu9t5v0__endcap in cell butterfold_top
Note:  Implicit pin VNW in instance PHY_EDGE_ROW_154_2_Right_661 of gf180mcu_fd_sc_mcu9t5v0__endcap in cell butterfold_top
Note:  Implicit pin VPW in instance PHY_EDGE_ROW_154_2_Right_661 of gf180mcu_fd_sc_mcu9t5v0__endcap in cell butterfold_top
Note:  Implicit pin VNW in instance PHY_EDGE_ROW_154_3_Left_588 of gf180mcu_fd_sc_mcu9t5v0__endcap in cell butterfold_top
Note:  Implicit pin VPW in instance PHY_EDGE_ROW_154_3_Left_588 of gf180mcu_fd_sc_mcu9t5v0__endcap in cell butterfold_top
Note:  Implicit pin VNW in instance PHY_EDGE_ROW_154_3_Right_157 of gf180mcu_fd_sc_mcu9t5v0__endcap in cell butterfold_top
Note:  Implicit pin VPW in instance PHY_EDGE_ROW_154_3_Right_157 of gf180mcu_fd_sc_mcu9t5v0__endcap in cell butterfold_top
Note:  Implicit pin VNW in instance PHY_EDGE_ROW_155_1_Left_366 of gf180mcu_fd_sc_mcu9t5v0__endcap in cell butterfold_top
Note:  Implicit pin VPW in instance PHY_EDGE_ROW_155_1_Left_366 of gf180mcu_fd_sc_mcu9t5v0__endcap in cell butterfold_top
Note:  Implicit pin VNW in instance PHY_EDGE_ROW_155_1_Right_515 of gf180mcu_fd_sc_mcu9t5v0__endcap in cell butterfold_top
Note:  Implicit pin VPW in instance PHY_EDGE_ROW_155_1_Right_515 of gf180mcu_fd_sc_mcu9t5v0__endcap in cell butterfold_top
Note:  Implicit pin VNW in instance PHY_EDGE_ROW_155_2_Left_443 of gf180mcu_fd_sc_mcu9t5v0__endcap in cell butterfold_top
Note:  Implicit pin VPW in instance PHY_EDGE_ROW_155_2_Left_443 of gf180mcu_fd_sc_mcu9t5v0__endcap in cell butterfold_top
Note:  Implicit pin VNW in instance PHY_EDGE_ROW_155_2_Right_662 of gf180mcu_fd_sc_mcu9t5v0__endcap in cell butterfold_top
Note:  Implicit pin VPW in instance PHY_EDGE_ROW_155_2_Right_662 of gf180mcu_fd_sc_mcu9t5v0__endcap in cell butterfold_top
Note:  Implicit pin VNW in instance PHY_EDGE_ROW_155_3_Left_589 of gf180mcu_fd_sc_mcu9t5v0__endcap in cell butterfold_top
Note:  Implicit pin VPW in instance PHY_EDGE_ROW_155_3_Left_589 of gf180mcu_fd_sc_mcu9t5v0__endcap in cell butterfold_top
Note:  Implicit pin VNW in instance PHY_EDGE_ROW_155_3_Right_158 of gf180mcu_fd_sc_mcu9t5v0__endcap in cell butterfold_top
Note:  Implicit pin VPW in instance PHY_EDGE_ROW_155_3_Right_158 of gf180mcu_fd_sc_mcu9t5v0__endcap in cell butterfold_top
Note:  Implicit pin VNW in instance PHY_EDGE_ROW_156_1_Left_367 of gf180mcu_fd_sc_mcu9t5v0__endcap in cell butterfold_top
Note:  Implicit pin VPW in instance PHY_EDGE_ROW_156_1_Left_367 of gf180mcu_fd_sc_mcu9t5v0__endcap in cell butterfold_top
Note:  Implicit pin VNW in instance PHY_EDGE_ROW_156_1_Right_516 of gf180mcu_fd_sc_mcu9t5v0__endcap in cell butterfold_top
Note:  Implicit pin VPW in instance PHY_EDGE_ROW_156_1_Right_516 of gf180mcu_fd_sc_mcu9t5v0__endcap in cell butterfold_top
Note:  Implicit pin VNW in instance PHY_EDGE_ROW_156_2_Left_444 of gf180mcu_fd_sc_mcu9t5v0__endcap in cell butterfold_top
Note:  Implicit pin VPW in instance PHY_EDGE_ROW_156_2_Left_444 of gf180mcu_fd_sc_mcu9t5v0__endcap in cell butterfold_top
Note:  Implicit pin VNW in instance PHY_EDGE_ROW_156_2_Right_663 of gf180mcu_fd_sc_mcu9t5v0__endcap in cell butterfold_top
Note:  Implicit pin VPW in instance PHY_EDGE_ROW_156_2_Right_663 of gf180mcu_fd_sc_mcu9t5v0__endcap in cell butterfold_top
Note:  Implicit pin VNW in instance PHY_EDGE_ROW_156_3_Left_590 of gf180mcu_fd_sc_mcu9t5v0__endcap in cell butterfold_top
Note:  Implicit pin VPW in instance PHY_EDGE_ROW_156_3_Left_590 of gf180mcu_fd_sc_mcu9t5v0__endcap in cell butterfold_top
Note:  Implicit pin VNW in instance PHY_EDGE_ROW_156_3_Right_159 of gf180mcu_fd_sc_mcu9t5v0__endcap in cell butterfold_top
Note:  Implicit pin VPW in instance PHY_EDGE_ROW_156_3_Right_159 of gf180mcu_fd_sc_mcu9t5v0__endcap in cell butterfold_top
Note:  Implicit pin VNW in instance PHY_EDGE_ROW_157_1_Left_368 of gf180mcu_fd_sc_mcu9t5v0__endcap in cell butterfold_top
Note:  Implicit pin VPW in instance PHY_EDGE_ROW_157_1_Left_368 of gf180mcu_fd_sc_mcu9t5v0__endcap in cell butterfold_top
Note:  Implicit pin VNW in instance PHY_EDGE_ROW_157_1_Right_517 of gf180mcu_fd_sc_mcu9t5v0__endcap in cell butterfold_top
Note:  Implicit pin VPW in instance PHY_EDGE_ROW_157_1_Right_517 of gf180mcu_fd_sc_mcu9t5v0__endcap in cell butterfold_top
Note:  Implicit pin VNW in instance PHY_EDGE_ROW_157_2_Left_445 of gf180mcu_fd_sc_mcu9t5v0__endcap in cell butterfold_top
Note:  Implicit pin VPW in instance PHY_EDGE_ROW_157_2_Left_445 of gf180mcu_fd_sc_mcu9t5v0__endcap in cell butterfold_top
Note:  Implicit pin VNW in instance PHY_EDGE_ROW_157_2_Right_664 of gf180mcu_fd_sc_mcu9t5v0__endcap in cell butterfold_top
Note:  Implicit pin VPW in instance PHY_EDGE_ROW_157_2_Right_664 of gf180mcu_fd_sc_mcu9t5v0__endcap in cell butterfold_top
Note:  Implicit pin VNW in instance PHY_EDGE_ROW_157_3_Left_591 of gf180mcu_fd_sc_mcu9t5v0__endcap in cell butterfold_top
Note:  Implicit pin VPW in instance PHY_EDGE_ROW_157_3_Left_591 of gf180mcu_fd_sc_mcu9t5v0__endcap in cell butterfold_top
Note:  Implicit pin VNW in instance PHY_EDGE_ROW_157_3_Right_160 of gf180mcu_fd_sc_mcu9t5v0__endcap in cell butterfold_top
Note:  Implicit pin VPW in instance PHY_EDGE_ROW_157_3_Right_160 of gf180mcu_fd_sc_mcu9t5v0__endcap in cell butterfold_top
Note:  Implicit pin VNW in instance PHY_EDGE_ROW_158_1_Left_369 of gf180mcu_fd_sc_mcu9t5v0__endcap in cell butterfold_top
Note:  Implicit pin VPW in instance PHY_EDGE_ROW_158_1_Left_369 of gf180mcu_fd_sc_mcu9t5v0__endcap in cell butterfold_top
Note:  Implicit pin VNW in instance PHY_EDGE_ROW_158_1_Right_518 of gf180mcu_fd_sc_mcu9t5v0__endcap in cell butterfold_top
Note:  Implicit pin VPW in instance PHY_EDGE_ROW_158_1_Right_518 of gf180mcu_fd_sc_mcu9t5v0__endcap in cell butterfold_top
Note:  Implicit pin VNW in instance PHY_EDGE_ROW_158_2_Left_446 of gf180mcu_fd_sc_mcu9t5v0__endcap in cell butterfold_top
Note:  Implicit pin VPW in instance PHY_EDGE_ROW_158_2_Left_446 of gf180mcu_fd_sc_mcu9t5v0__endcap in cell butterfold_top
Note:  Implicit pin VNW in instance PHY_EDGE_ROW_158_2_Right_665 of gf180mcu_fd_sc_mcu9t5v0__endcap in cell butterfold_top
Note:  Implicit pin VPW in instance PHY_EDGE_ROW_158_2_Right_665 of gf180mcu_fd_sc_mcu9t5v0__endcap in cell butterfold_top
Note:  Implicit pin VNW in instance PHY_EDGE_ROW_158_3_Left_592 of gf180mcu_fd_sc_mcu9t5v0__endcap in cell butterfold_top
Note:  Implicit pin VPW in instance PHY_EDGE_ROW_158_3_Left_592 of gf180mcu_fd_sc_mcu9t5v0__endcap in cell butterfold_top
Note:  Implicit pin VNW in instance PHY_EDGE_ROW_158_3_Right_161 of gf180mcu_fd_sc_mcu9t5v0__endcap in cell butterfold_top
Note:  Implicit pin VPW in instance PHY_EDGE_ROW_158_3_Right_161 of gf180mcu_fd_sc_mcu9t5v0__endcap in cell butterfold_top
Note:  Implicit pin VNW in instance PHY_EDGE_ROW_159_1_Left_370 of gf180mcu_fd_sc_mcu9t5v0__endcap in cell butterfold_top
Note:  Implicit pin VPW in instance PHY_EDGE_ROW_159_1_Left_370 of gf180mcu_fd_sc_mcu9t5v0__endcap in cell butterfold_top
Note:  Implicit pin VNW in instance PHY_EDGE_ROW_159_1_Right_519 of gf180mcu_fd_sc_mcu9t5v0__endcap in cell butterfold_top
Note:  Implicit pin VPW in instance PHY_EDGE_ROW_159_1_Right_519 of gf180mcu_fd_sc_mcu9t5v0__endcap in cell butterfold_top
Note:  Implicit pin VNW in instance PHY_EDGE_ROW_159_2_Left_447 of gf180mcu_fd_sc_mcu9t5v0__endcap in cell butterfold_top
Note:  Implicit pin VPW in instance PHY_EDGE_ROW_159_2_Left_447 of gf180mcu_fd_sc_mcu9t5v0__endcap in cell butterfold_top
Note:  Implicit pin VNW in instance PHY_EDGE_ROW_159_2_Right_666 of gf180mcu_fd_sc_mcu9t5v0__endcap in cell butterfold_top
Note:  Implicit pin VPW in instance PHY_EDGE_ROW_159_2_Right_666 of gf180mcu_fd_sc_mcu9t5v0__endcap in cell butterfold_top
Note:  Implicit pin VNW in instance PHY_EDGE_ROW_159_3_Left_593 of gf180mcu_fd_sc_mcu9t5v0__endcap in cell butterfold_top
Note:  Implicit pin VPW in instance PHY_EDGE_ROW_159_3_Left_593 of gf180mcu_fd_sc_mcu9t5v0__endcap in cell butterfold_top
Note:  Implicit pin VNW in instance PHY_EDGE_ROW_159_3_Right_162 of gf180mcu_fd_sc_mcu9t5v0__endcap in cell butterfold_top
Note:  Implicit pin VPW in instance PHY_EDGE_ROW_159_3_Right_162 of gf180mcu_fd_sc_mcu9t5v0__endcap in cell butterfold_top
Note:  Implicit pin VNW in instance PHY_EDGE_ROW_15_Left_227 of gf180mcu_fd_sc_mcu9t5v0__endcap in cell butterfold_top
Note:  Implicit pin VPW in instance PHY_EDGE_ROW_15_Left_227 of gf180mcu_fd_sc_mcu9t5v0__endcap in cell butterfold_top
Note:  Implicit pin VNW in instance PHY_EDGE_ROW_15_Right_15 of gf180mcu_fd_sc_mcu9t5v0__endcap in cell butterfold_top
Note:  Implicit pin VPW in instance PHY_EDGE_ROW_15_Right_15 of gf180mcu_fd_sc_mcu9t5v0__endcap in cell butterfold_top
Note:  Implicit pin VNW in instance PHY_EDGE_ROW_160_1_Left_371 of gf180mcu_fd_sc_mcu9t5v0__endcap in cell butterfold_top
Note:  Implicit pin VPW in instance PHY_EDGE_ROW_160_1_Left_371 of gf180mcu_fd_sc_mcu9t5v0__endcap in cell butterfold_top
Note:  Implicit pin VNW in instance PHY_EDGE_ROW_160_1_Right_520 of gf180mcu_fd_sc_mcu9t5v0__endcap in cell butterfold_top
Note:  Implicit pin VPW in instance PHY_EDGE_ROW_160_1_Right_520 of gf180mcu_fd_sc_mcu9t5v0__endcap in cell butterfold_top
Note:  Implicit pin VNW in instance PHY_EDGE_ROW_160_2_Left_448 of gf180mcu_fd_sc_mcu9t5v0__endcap in cell butterfold_top
Note:  Implicit pin VPW in instance PHY_EDGE_ROW_160_2_Left_448 of gf180mcu_fd_sc_mcu9t5v0__endcap in cell butterfold_top
Note:  Implicit pin VNW in instance PHY_EDGE_ROW_160_2_Right_667 of gf180mcu_fd_sc_mcu9t5v0__endcap in cell butterfold_top
Note:  Implicit pin VPW in instance PHY_EDGE_ROW_160_2_Right_667 of gf180mcu_fd_sc_mcu9t5v0__endcap in cell butterfold_top
Note:  Implicit pin VNW in instance PHY_EDGE_ROW_160_3_Left_594 of gf180mcu_fd_sc_mcu9t5v0__endcap in cell butterfold_top
Note:  Implicit pin VPW in instance PHY_EDGE_ROW_160_3_Left_594 of gf180mcu_fd_sc_mcu9t5v0__endcap in cell butterfold_top
Note:  Implicit pin VNW in instance PHY_EDGE_ROW_160_3_Right_163 of gf180mcu_fd_sc_mcu9t5v0__endcap in cell butterfold_top
Note:  Implicit pin VPW in instance PHY_EDGE_ROW_160_3_Right_163 of gf180mcu_fd_sc_mcu9t5v0__endcap in cell butterfold_top
Note:  Implicit pin VNW in instance PHY_EDGE_ROW_161_1_Left_372 of gf180mcu_fd_sc_mcu9t5v0__endcap in cell butterfold_top
Note:  Implicit pin VPW in instance PHY_EDGE_ROW_161_1_Left_372 of gf180mcu_fd_sc_mcu9t5v0__endcap in cell butterfold_top
Note:  Implicit pin VNW in instance PHY_EDGE_ROW_161_1_Right_521 of gf180mcu_fd_sc_mcu9t5v0__endcap in cell butterfold_top
Note:  Implicit pin VPW in instance PHY_EDGE_ROW_161_1_Right_521 of gf180mcu_fd_sc_mcu9t5v0__endcap in cell butterfold_top
Note:  Implicit pin VNW in instance PHY_EDGE_ROW_161_2_Left_449 of gf180mcu_fd_sc_mcu9t5v0__endcap in cell butterfold_top
Note:  Implicit pin VPW in instance PHY_EDGE_ROW_161_2_Left_449 of gf180mcu_fd_sc_mcu9t5v0__endcap in cell butterfold_top
Note:  Implicit pin VNW in instance PHY_EDGE_ROW_161_2_Right_668 of gf180mcu_fd_sc_mcu9t5v0__endcap in cell butterfold_top
Note:  Implicit pin VPW in instance PHY_EDGE_ROW_161_2_Right_668 of gf180mcu_fd_sc_mcu9t5v0__endcap in cell butterfold_top
Note:  Implicit pin VNW in instance PHY_EDGE_ROW_161_3_Left_595 of gf180mcu_fd_sc_mcu9t5v0__endcap in cell butterfold_top
Note:  Implicit pin VPW in instance PHY_EDGE_ROW_161_3_Left_595 of gf180mcu_fd_sc_mcu9t5v0__endcap in cell butterfold_top
Note:  Implicit pin VNW in instance PHY_EDGE_ROW_161_3_Right_164 of gf180mcu_fd_sc_mcu9t5v0__endcap in cell butterfold_top
Note:  Implicit pin VPW in instance PHY_EDGE_ROW_161_3_Right_164 of gf180mcu_fd_sc_mcu9t5v0__endcap in cell butterfold_top
Note:  Implicit pin VNW in instance PHY_EDGE_ROW_162_1_Left_373 of gf180mcu_fd_sc_mcu9t5v0__endcap in cell butterfold_top
Note:  Implicit pin VPW in instance PHY_EDGE_ROW_162_1_Left_373 of gf180mcu_fd_sc_mcu9t5v0__endcap in cell butterfold_top
Note:  Implicit pin VNW in instance PHY_EDGE_ROW_162_1_Right_522 of gf180mcu_fd_sc_mcu9t5v0__endcap in cell butterfold_top
Note:  Implicit pin VPW in instance PHY_EDGE_ROW_162_1_Right_522 of gf180mcu_fd_sc_mcu9t5v0__endcap in cell butterfold_top
Note:  Implicit pin VNW in instance PHY_EDGE_ROW_162_2_Left_450 of gf180mcu_fd_sc_mcu9t5v0__endcap in cell butterfold_top
Note:  Implicit pin VPW in instance PHY_EDGE_ROW_162_2_Left_450 of gf180mcu_fd_sc_mcu9t5v0__endcap in cell butterfold_top
Note:  Implicit pin VNW in instance PHY_EDGE_ROW_162_2_Right_669 of gf180mcu_fd_sc_mcu9t5v0__endcap in cell butterfold_top
Note:  Implicit pin VPW in instance PHY_EDGE_ROW_162_2_Right_669 of gf180mcu_fd_sc_mcu9t5v0__endcap in cell butterfold_top
Note:  Implicit pin VNW in instance PHY_EDGE_ROW_162_3_Left_596 of gf180mcu_fd_sc_mcu9t5v0__endcap in cell butterfold_top
Note:  Implicit pin VPW in instance PHY_EDGE_ROW_162_3_Left_596 of gf180mcu_fd_sc_mcu9t5v0__endcap in cell butterfold_top
Note:  Implicit pin VNW in instance PHY_EDGE_ROW_162_3_Right_165 of gf180mcu_fd_sc_mcu9t5v0__endcap in cell butterfold_top
Note:  Implicit pin VPW in instance PHY_EDGE_ROW_162_3_Right_165 of gf180mcu_fd_sc_mcu9t5v0__endcap in cell butterfold_top
Note:  Implicit pin VNW in instance PHY_EDGE_ROW_163_1_Left_374 of gf180mcu_fd_sc_mcu9t5v0__endcap in cell butterfold_top
Note:  Implicit pin VPW in instance PHY_EDGE_ROW_163_1_Left_374 of gf180mcu_fd_sc_mcu9t5v0__endcap in cell butterfold_top
Note:  Implicit pin VNW in instance PHY_EDGE_ROW_163_1_Right_523 of gf180mcu_fd_sc_mcu9t5v0__endcap in cell butterfold_top
Note:  Implicit pin VPW in instance PHY_EDGE_ROW_163_1_Right_523 of gf180mcu_fd_sc_mcu9t5v0__endcap in cell butterfold_top
Note:  Implicit pin VNW in instance PHY_EDGE_ROW_163_2_Left_451 of gf180mcu_fd_sc_mcu9t5v0__endcap in cell butterfold_top
Note:  Implicit pin VPW in instance PHY_EDGE_ROW_163_2_Left_451 of gf180mcu_fd_sc_mcu9t5v0__endcap in cell butterfold_top
Note:  Implicit pin VNW in instance PHY_EDGE_ROW_163_2_Right_670 of gf180mcu_fd_sc_mcu9t5v0__endcap in cell butterfold_top
Note:  Implicit pin VPW in instance PHY_EDGE_ROW_163_2_Right_670 of gf180mcu_fd_sc_mcu9t5v0__endcap in cell butterfold_top
Note:  Implicit pin VNW in instance PHY_EDGE_ROW_163_3_Left_597 of gf180mcu_fd_sc_mcu9t5v0__endcap in cell butterfold_top
Note:  Implicit pin VPW in instance PHY_EDGE_ROW_163_3_Left_597 of gf180mcu_fd_sc_mcu9t5v0__endcap in cell butterfold_top
Note:  Implicit pin VNW in instance PHY_EDGE_ROW_163_3_Right_166 of gf180mcu_fd_sc_mcu9t5v0__endcap in cell butterfold_top
Note:  Implicit pin VPW in instance PHY_EDGE_ROW_163_3_Right_166 of gf180mcu_fd_sc_mcu9t5v0__endcap in cell butterfold_top
Note:  Implicit pin VNW in instance PHY_EDGE_ROW_164_1_Left_375 of gf180mcu_fd_sc_mcu9t5v0__endcap in cell butterfold_top
Note:  Implicit pin VPW in instance PHY_EDGE_ROW_164_1_Left_375 of gf180mcu_fd_sc_mcu9t5v0__endcap in cell butterfold_top
Note:  Implicit pin VNW in instance PHY_EDGE_ROW_164_1_Right_524 of gf180mcu_fd_sc_mcu9t5v0__endcap in cell butterfold_top
Note:  Implicit pin VPW in instance PHY_EDGE_ROW_164_1_Right_524 of gf180mcu_fd_sc_mcu9t5v0__endcap in cell butterfold_top
Note:  Implicit pin VNW in instance PHY_EDGE_ROW_164_2_Left_452 of gf180mcu_fd_sc_mcu9t5v0__endcap in cell butterfold_top
Note:  Implicit pin VPW in instance PHY_EDGE_ROW_164_2_Left_452 of gf180mcu_fd_sc_mcu9t5v0__endcap in cell butterfold_top
Note:  Implicit pin VNW in instance PHY_EDGE_ROW_164_2_Right_671 of gf180mcu_fd_sc_mcu9t5v0__endcap in cell butterfold_top
Note:  Implicit pin VPW in instance PHY_EDGE_ROW_164_2_Right_671 of gf180mcu_fd_sc_mcu9t5v0__endcap in cell butterfold_top
Note:  Implicit pin VNW in instance PHY_EDGE_ROW_164_3_Left_598 of gf180mcu_fd_sc_mcu9t5v0__endcap in cell butterfold_top
Note:  Implicit pin VPW in instance PHY_EDGE_ROW_164_3_Left_598 of gf180mcu_fd_sc_mcu9t5v0__endcap in cell butterfold_top
Note:  Implicit pin VNW in instance PHY_EDGE_ROW_164_3_Right_167 of gf180mcu_fd_sc_mcu9t5v0__endcap in cell butterfold_top
Note:  Implicit pin VPW in instance PHY_EDGE_ROW_164_3_Right_167 of gf180mcu_fd_sc_mcu9t5v0__endcap in cell butterfold_top
Note:  Implicit pin VNW in instance PHY_EDGE_ROW_165_1_Left_376 of gf180mcu_fd_sc_mcu9t5v0__endcap in cell butterfold_top
Note:  Implicit pin VPW in instance PHY_EDGE_ROW_165_1_Left_376 of gf180mcu_fd_sc_mcu9t5v0__endcap in cell butterfold_top
Note:  Implicit pin VNW in instance PHY_EDGE_ROW_165_1_Right_525 of gf180mcu_fd_sc_mcu9t5v0__endcap in cell butterfold_top
Note:  Implicit pin VPW in instance PHY_EDGE_ROW_165_1_Right_525 of gf180mcu_fd_sc_mcu9t5v0__endcap in cell butterfold_top
Note:  Implicit pin VNW in instance PHY_EDGE_ROW_165_2_Left_453 of gf180mcu_fd_sc_mcu9t5v0__endcap in cell butterfold_top
Note:  Implicit pin VPW in instance PHY_EDGE_ROW_165_2_Left_453 of gf180mcu_fd_sc_mcu9t5v0__endcap in cell butterfold_top
Note:  Implicit pin VNW in instance PHY_EDGE_ROW_165_2_Right_672 of gf180mcu_fd_sc_mcu9t5v0__endcap in cell butterfold_top
Note:  Implicit pin VPW in instance PHY_EDGE_ROW_165_2_Right_672 of gf180mcu_fd_sc_mcu9t5v0__endcap in cell butterfold_top
Note:  Implicit pin VNW in instance PHY_EDGE_ROW_165_3_Left_599 of gf180mcu_fd_sc_mcu9t5v0__endcap in cell butterfold_top
Note:  Implicit pin VPW in instance PHY_EDGE_ROW_165_3_Left_599 of gf180mcu_fd_sc_mcu9t5v0__endcap in cell butterfold_top
Note:  Implicit pin VNW in instance PHY_EDGE_ROW_165_3_Right_168 of gf180mcu_fd_sc_mcu9t5v0__endcap in cell butterfold_top
Note:  Implicit pin VPW in instance PHY_EDGE_ROW_165_3_Right_168 of gf180mcu_fd_sc_mcu9t5v0__endcap in cell butterfold_top
Note:  Implicit pin VNW in instance PHY_EDGE_ROW_166_1_Left_377 of gf180mcu_fd_sc_mcu9t5v0__endcap in cell butterfold_top
Note:  Implicit pin VPW in instance PHY_EDGE_ROW_166_1_Left_377 of gf180mcu_fd_sc_mcu9t5v0__endcap in cell butterfold_top
Note:  Implicit pin VNW in instance PHY_EDGE_ROW_166_1_Right_526 of gf180mcu_fd_sc_mcu9t5v0__endcap in cell butterfold_top
Note:  Implicit pin VPW in instance PHY_EDGE_ROW_166_1_Right_526 of gf180mcu_fd_sc_mcu9t5v0__endcap in cell butterfold_top
Note:  Implicit pin VNW in instance PHY_EDGE_ROW_166_2_Left_454 of gf180mcu_fd_sc_mcu9t5v0__endcap in cell butterfold_top
Note:  Implicit pin VPW in instance PHY_EDGE_ROW_166_2_Left_454 of gf180mcu_fd_sc_mcu9t5v0__endcap in cell butterfold_top
Note:  Implicit pin VNW in instance PHY_EDGE_ROW_166_2_Right_673 of gf180mcu_fd_sc_mcu9t5v0__endcap in cell butterfold_top
Note:  Implicit pin VPW in instance PHY_EDGE_ROW_166_2_Right_673 of gf180mcu_fd_sc_mcu9t5v0__endcap in cell butterfold_top
Note:  Implicit pin VNW in instance PHY_EDGE_ROW_166_3_Left_600 of gf180mcu_fd_sc_mcu9t5v0__endcap in cell butterfold_top
Note:  Implicit pin VPW in instance PHY_EDGE_ROW_166_3_Left_600 of gf180mcu_fd_sc_mcu9t5v0__endcap in cell butterfold_top
Note:  Implicit pin VNW in instance PHY_EDGE_ROW_166_3_Right_169 of gf180mcu_fd_sc_mcu9t5v0__endcap in cell butterfold_top
Note:  Implicit pin VPW in instance PHY_EDGE_ROW_166_3_Right_169 of gf180mcu_fd_sc_mcu9t5v0__endcap in cell butterfold_top
Note:  Implicit pin VNW in instance PHY_EDGE_ROW_167_1_Left_378 of gf180mcu_fd_sc_mcu9t5v0__endcap in cell butterfold_top
Note:  Implicit pin VPW in instance PHY_EDGE_ROW_167_1_Left_378 of gf180mcu_fd_sc_mcu9t5v0__endcap in cell butterfold_top
Note:  Implicit pin VNW in instance PHY_EDGE_ROW_167_1_Right_527 of gf180mcu_fd_sc_mcu9t5v0__endcap in cell butterfold_top
Note:  Implicit pin VPW in instance PHY_EDGE_ROW_167_1_Right_527 of gf180mcu_fd_sc_mcu9t5v0__endcap in cell butterfold_top
Note:  Implicit pin VNW in instance PHY_EDGE_ROW_167_2_Left_455 of gf180mcu_fd_sc_mcu9t5v0__endcap in cell butterfold_top
Note:  Implicit pin VPW in instance PHY_EDGE_ROW_167_2_Left_455 of gf180mcu_fd_sc_mcu9t5v0__endcap in cell butterfold_top
Note:  Implicit pin VNW in instance PHY_EDGE_ROW_167_2_Right_674 of gf180mcu_fd_sc_mcu9t5v0__endcap in cell butterfold_top
Note:  Implicit pin VPW in instance PHY_EDGE_ROW_167_2_Right_674 of gf180mcu_fd_sc_mcu9t5v0__endcap in cell butterfold_top
Note:  Implicit pin VNW in instance PHY_EDGE_ROW_167_3_Left_601 of gf180mcu_fd_sc_mcu9t5v0__endcap in cell butterfold_top
Note:  Implicit pin VPW in instance PHY_EDGE_ROW_167_3_Left_601 of gf180mcu_fd_sc_mcu9t5v0__endcap in cell butterfold_top
Note:  Implicit pin VNW in instance PHY_EDGE_ROW_167_3_Right_170 of gf180mcu_fd_sc_mcu9t5v0__endcap in cell butterfold_top
Note:  Implicit pin VPW in instance PHY_EDGE_ROW_167_3_Right_170 of gf180mcu_fd_sc_mcu9t5v0__endcap in cell butterfold_top
Note:  Implicit pin VNW in instance PHY_EDGE_ROW_168_1_Left_379 of gf180mcu_fd_sc_mcu9t5v0__endcap in cell butterfold_top
Note:  Implicit pin VPW in instance PHY_EDGE_ROW_168_1_Left_379 of gf180mcu_fd_sc_mcu9t5v0__endcap in cell butterfold_top
Note:  Implicit pin VNW in instance PHY_EDGE_ROW_168_1_Right_528 of gf180mcu_fd_sc_mcu9t5v0__endcap in cell butterfold_top
Note:  Implicit pin VPW in instance PHY_EDGE_ROW_168_1_Right_528 of gf180mcu_fd_sc_mcu9t5v0__endcap in cell butterfold_top
Note:  Implicit pin VNW in instance PHY_EDGE_ROW_168_2_Left_456 of gf180mcu_fd_sc_mcu9t5v0__endcap in cell butterfold_top
Note:  Implicit pin VPW in instance PHY_EDGE_ROW_168_2_Left_456 of gf180mcu_fd_sc_mcu9t5v0__endcap in cell butterfold_top
Note:  Implicit pin VNW in instance PHY_EDGE_ROW_168_2_Right_675 of gf180mcu_fd_sc_mcu9t5v0__endcap in cell butterfold_top
Note:  Implicit pin VPW in instance PHY_EDGE_ROW_168_2_Right_675 of gf180mcu_fd_sc_mcu9t5v0__endcap in cell butterfold_top
Note:  Implicit pin VNW in instance PHY_EDGE_ROW_168_3_Left_602 of gf180mcu_fd_sc_mcu9t5v0__endcap in cell butterfold_top
Note:  Implicit pin VPW in instance PHY_EDGE_ROW_168_3_Left_602 of gf180mcu_fd_sc_mcu9t5v0__endcap in cell butterfold_top
Note:  Implicit pin VNW in instance PHY_EDGE_ROW_168_3_Right_171 of gf180mcu_fd_sc_mcu9t5v0__endcap in cell butterfold_top
Note:  Implicit pin VPW in instance PHY_EDGE_ROW_168_3_Right_171 of gf180mcu_fd_sc_mcu9t5v0__endcap in cell butterfold_top
Note:  Implicit pin VNW in instance PHY_EDGE_ROW_169_1_Left_380 of gf180mcu_fd_sc_mcu9t5v0__endcap in cell butterfold_top
Note:  Implicit pin VPW in instance PHY_EDGE_ROW_169_1_Left_380 of gf180mcu_fd_sc_mcu9t5v0__endcap in cell butterfold_top
Note:  Implicit pin VNW in instance PHY_EDGE_ROW_169_1_Right_529 of gf180mcu_fd_sc_mcu9t5v0__endcap in cell butterfold_top
Note:  Implicit pin VPW in instance PHY_EDGE_ROW_169_1_Right_529 of gf180mcu_fd_sc_mcu9t5v0__endcap in cell butterfold_top
Note:  Implicit pin VNW in instance PHY_EDGE_ROW_169_2_Left_457 of gf180mcu_fd_sc_mcu9t5v0__endcap in cell butterfold_top
Note:  Implicit pin VPW in instance PHY_EDGE_ROW_169_2_Left_457 of gf180mcu_fd_sc_mcu9t5v0__endcap in cell butterfold_top
Note:  Implicit pin VNW in instance PHY_EDGE_ROW_169_2_Right_676 of gf180mcu_fd_sc_mcu9t5v0__endcap in cell butterfold_top
Note:  Implicit pin VPW in instance PHY_EDGE_ROW_169_2_Right_676 of gf180mcu_fd_sc_mcu9t5v0__endcap in cell butterfold_top
Note:  Implicit pin VNW in instance PHY_EDGE_ROW_169_3_Left_603 of gf180mcu_fd_sc_mcu9t5v0__endcap in cell butterfold_top
Note:  Implicit pin VPW in instance PHY_EDGE_ROW_169_3_Left_603 of gf180mcu_fd_sc_mcu9t5v0__endcap in cell butterfold_top
Note:  Implicit pin VNW in instance PHY_EDGE_ROW_169_3_Right_172 of gf180mcu_fd_sc_mcu9t5v0__endcap in cell butterfold_top
Note:  Implicit pin VPW in instance PHY_EDGE_ROW_169_3_Right_172 of gf180mcu_fd_sc_mcu9t5v0__endcap in cell butterfold_top
Note:  Implicit pin VNW in instance PHY_EDGE_ROW_16_Left_228 of gf180mcu_fd_sc_mcu9t5v0__endcap in cell butterfold_top
Note:  Implicit pin VPW in instance PHY_EDGE_ROW_16_Left_228 of gf180mcu_fd_sc_mcu9t5v0__endcap in cell butterfold_top
Note:  Implicit pin VNW in instance PHY_EDGE_ROW_16_Right_16 of gf180mcu_fd_sc_mcu9t5v0__endcap in cell butterfold_top
Note:  Implicit pin VPW in instance PHY_EDGE_ROW_16_Right_16 of gf180mcu_fd_sc_mcu9t5v0__endcap in cell butterfold_top
Note:  Implicit pin VNW in instance PHY_EDGE_ROW_170_1_Left_381 of gf180mcu_fd_sc_mcu9t5v0__endcap in cell butterfold_top
Note:  Implicit pin VPW in instance PHY_EDGE_ROW_170_1_Left_381 of gf180mcu_fd_sc_mcu9t5v0__endcap in cell butterfold_top
Note:  Implicit pin VNW in instance PHY_EDGE_ROW_170_1_Right_530 of gf180mcu_fd_sc_mcu9t5v0__endcap in cell butterfold_top
Note:  Implicit pin VPW in instance PHY_EDGE_ROW_170_1_Right_530 of gf180mcu_fd_sc_mcu9t5v0__endcap in cell butterfold_top
Note:  Implicit pin VNW in instance PHY_EDGE_ROW_170_2_Left_458 of gf180mcu_fd_sc_mcu9t5v0__endcap in cell butterfold_top
Note:  Implicit pin VPW in instance PHY_EDGE_ROW_170_2_Left_458 of gf180mcu_fd_sc_mcu9t5v0__endcap in cell butterfold_top
Note:  Implicit pin VNW in instance PHY_EDGE_ROW_170_2_Right_677 of gf180mcu_fd_sc_mcu9t5v0__endcap in cell butterfold_top
Note:  Implicit pin VPW in instance PHY_EDGE_ROW_170_2_Right_677 of gf180mcu_fd_sc_mcu9t5v0__endcap in cell butterfold_top
Note:  Implicit pin VNW in instance PHY_EDGE_ROW_170_3_Left_604 of gf180mcu_fd_sc_mcu9t5v0__endcap in cell butterfold_top
Note:  Implicit pin VPW in instance PHY_EDGE_ROW_170_3_Left_604 of gf180mcu_fd_sc_mcu9t5v0__endcap in cell butterfold_top
Note:  Implicit pin VNW in instance PHY_EDGE_ROW_170_3_Right_173 of gf180mcu_fd_sc_mcu9t5v0__endcap in cell butterfold_top
Note:  Implicit pin VPW in instance PHY_EDGE_ROW_170_3_Right_173 of gf180mcu_fd_sc_mcu9t5v0__endcap in cell butterfold_top
Note:  Implicit pin VNW in instance PHY_EDGE_ROW_171_1_Left_382 of gf180mcu_fd_sc_mcu9t5v0__endcap in cell butterfold_top
Note:  Implicit pin VPW in instance PHY_EDGE_ROW_171_1_Left_382 of gf180mcu_fd_sc_mcu9t5v0__endcap in cell butterfold_top
Note:  Implicit pin VNW in instance PHY_EDGE_ROW_171_1_Right_531 of gf180mcu_fd_sc_mcu9t5v0__endcap in cell butterfold_top
Note:  Implicit pin VPW in instance PHY_EDGE_ROW_171_1_Right_531 of gf180mcu_fd_sc_mcu9t5v0__endcap in cell butterfold_top
Note:  Implicit pin VNW in instance PHY_EDGE_ROW_171_2_Left_459 of gf180mcu_fd_sc_mcu9t5v0__endcap in cell butterfold_top
Note:  Implicit pin VPW in instance PHY_EDGE_ROW_171_2_Left_459 of gf180mcu_fd_sc_mcu9t5v0__endcap in cell butterfold_top
Note:  Implicit pin VNW in instance PHY_EDGE_ROW_171_2_Right_678 of gf180mcu_fd_sc_mcu9t5v0__endcap in cell butterfold_top
Note:  Implicit pin VPW in instance PHY_EDGE_ROW_171_2_Right_678 of gf180mcu_fd_sc_mcu9t5v0__endcap in cell butterfold_top
Note:  Implicit pin VNW in instance PHY_EDGE_ROW_171_3_Left_605 of gf180mcu_fd_sc_mcu9t5v0__endcap in cell butterfold_top
Note:  Implicit pin VPW in instance PHY_EDGE_ROW_171_3_Left_605 of gf180mcu_fd_sc_mcu9t5v0__endcap in cell butterfold_top
Note:  Implicit pin VNW in instance PHY_EDGE_ROW_171_3_Right_174 of gf180mcu_fd_sc_mcu9t5v0__endcap in cell butterfold_top
Note:  Implicit pin VPW in instance PHY_EDGE_ROW_171_3_Right_174 of gf180mcu_fd_sc_mcu9t5v0__endcap in cell butterfold_top
Note:  Implicit pin VNW in instance PHY_EDGE_ROW_172_1_Left_383 of gf180mcu_fd_sc_mcu9t5v0__endcap in cell butterfold_top
Note:  Implicit pin VPW in instance PHY_EDGE_ROW_172_1_Left_383 of gf180mcu_fd_sc_mcu9t5v0__endcap in cell butterfold_top
Note:  Implicit pin VNW in instance PHY_EDGE_ROW_172_1_Right_532 of gf180mcu_fd_sc_mcu9t5v0__endcap in cell butterfold_top
Note:  Implicit pin VPW in instance PHY_EDGE_ROW_172_1_Right_532 of gf180mcu_fd_sc_mcu9t5v0__endcap in cell butterfold_top
Note:  Implicit pin VNW in instance PHY_EDGE_ROW_172_2_Left_460 of gf180mcu_fd_sc_mcu9t5v0__endcap in cell butterfold_top
Note:  Implicit pin VPW in instance PHY_EDGE_ROW_172_2_Left_460 of gf180mcu_fd_sc_mcu9t5v0__endcap in cell butterfold_top
Note:  Implicit pin VNW in instance PHY_EDGE_ROW_172_2_Right_679 of gf180mcu_fd_sc_mcu9t5v0__endcap in cell butterfold_top
Note:  Implicit pin VPW in instance PHY_EDGE_ROW_172_2_Right_679 of gf180mcu_fd_sc_mcu9t5v0__endcap in cell butterfold_top
Note:  Implicit pin VNW in instance PHY_EDGE_ROW_172_3_Left_606 of gf180mcu_fd_sc_mcu9t5v0__endcap in cell butterfold_top
Note:  Implicit pin VPW in instance PHY_EDGE_ROW_172_3_Left_606 of gf180mcu_fd_sc_mcu9t5v0__endcap in cell butterfold_top
Note:  Implicit pin VNW in instance PHY_EDGE_ROW_172_3_Right_175 of gf180mcu_fd_sc_mcu9t5v0__endcap in cell butterfold_top
Note:  Implicit pin VPW in instance PHY_EDGE_ROW_172_3_Right_175 of gf180mcu_fd_sc_mcu9t5v0__endcap in cell butterfold_top
Note:  Implicit pin VNW in instance PHY_EDGE_ROW_173_1_Left_384 of gf180mcu_fd_sc_mcu9t5v0__endcap in cell butterfold_top
Note:  Implicit pin VPW in instance PHY_EDGE_ROW_173_1_Left_384 of gf180mcu_fd_sc_mcu9t5v0__endcap in cell butterfold_top
Note:  Implicit pin VNW in instance PHY_EDGE_ROW_173_1_Right_533 of gf180mcu_fd_sc_mcu9t5v0__endcap in cell butterfold_top
Note:  Implicit pin VPW in instance PHY_EDGE_ROW_173_1_Right_533 of gf180mcu_fd_sc_mcu9t5v0__endcap in cell butterfold_top
Note:  Implicit pin VNW in instance PHY_EDGE_ROW_173_2_Left_461 of gf180mcu_fd_sc_mcu9t5v0__endcap in cell butterfold_top
Note:  Implicit pin VPW in instance PHY_EDGE_ROW_173_2_Left_461 of gf180mcu_fd_sc_mcu9t5v0__endcap in cell butterfold_top
Note:  Implicit pin VNW in instance PHY_EDGE_ROW_173_2_Right_680 of gf180mcu_fd_sc_mcu9t5v0__endcap in cell butterfold_top
Note:  Implicit pin VPW in instance PHY_EDGE_ROW_173_2_Right_680 of gf180mcu_fd_sc_mcu9t5v0__endcap in cell butterfold_top
Note:  Implicit pin VNW in instance PHY_EDGE_ROW_173_3_Left_607 of gf180mcu_fd_sc_mcu9t5v0__endcap in cell butterfold_top
Note:  Implicit pin VPW in instance PHY_EDGE_ROW_173_3_Left_607 of gf180mcu_fd_sc_mcu9t5v0__endcap in cell butterfold_top
Note:  Implicit pin VNW in instance PHY_EDGE_ROW_173_3_Right_176 of gf180mcu_fd_sc_mcu9t5v0__endcap in cell butterfold_top
Note:  Implicit pin VPW in instance PHY_EDGE_ROW_173_3_Right_176 of gf180mcu_fd_sc_mcu9t5v0__endcap in cell butterfold_top
Note:  Implicit pin VNW in instance PHY_EDGE_ROW_174_1_Left_385 of gf180mcu_fd_sc_mcu9t5v0__endcap in cell butterfold_top
Note:  Implicit pin VPW in instance PHY_EDGE_ROW_174_1_Left_385 of gf180mcu_fd_sc_mcu9t5v0__endcap in cell butterfold_top
Note:  Implicit pin VNW in instance PHY_EDGE_ROW_174_1_Right_534 of gf180mcu_fd_sc_mcu9t5v0__endcap in cell butterfold_top
Note:  Implicit pin VPW in instance PHY_EDGE_ROW_174_1_Right_534 of gf180mcu_fd_sc_mcu9t5v0__endcap in cell butterfold_top
Note:  Implicit pin VNW in instance PHY_EDGE_ROW_174_2_Left_462 of gf180mcu_fd_sc_mcu9t5v0__endcap in cell butterfold_top
Note:  Implicit pin VPW in instance PHY_EDGE_ROW_174_2_Left_462 of gf180mcu_fd_sc_mcu9t5v0__endcap in cell butterfold_top
Note:  Implicit pin VNW in instance PHY_EDGE_ROW_174_2_Right_681 of gf180mcu_fd_sc_mcu9t5v0__endcap in cell butterfold_top
Note:  Implicit pin VPW in instance PHY_EDGE_ROW_174_2_Right_681 of gf180mcu_fd_sc_mcu9t5v0__endcap in cell butterfold_top
Note:  Implicit pin VNW in instance PHY_EDGE_ROW_174_3_Left_608 of gf180mcu_fd_sc_mcu9t5v0__endcap in cell butterfold_top
Note:  Implicit pin VPW in instance PHY_EDGE_ROW_174_3_Left_608 of gf180mcu_fd_sc_mcu9t5v0__endcap in cell butterfold_top
Note:  Implicit pin VNW in instance PHY_EDGE_ROW_174_3_Right_177 of gf180mcu_fd_sc_mcu9t5v0__endcap in cell butterfold_top
Note:  Implicit pin VPW in instance PHY_EDGE_ROW_174_3_Right_177 of gf180mcu_fd_sc_mcu9t5v0__endcap in cell butterfold_top
Note:  Implicit pin VNW in instance PHY_EDGE_ROW_175_1_Left_386 of gf180mcu_fd_sc_mcu9t5v0__endcap in cell butterfold_top
Note:  Implicit pin VPW in instance PHY_EDGE_ROW_175_1_Left_386 of gf180mcu_fd_sc_mcu9t5v0__endcap in cell butterfold_top
Note:  Implicit pin VNW in instance PHY_EDGE_ROW_175_1_Right_535 of gf180mcu_fd_sc_mcu9t5v0__endcap in cell butterfold_top
Note:  Implicit pin VPW in instance PHY_EDGE_ROW_175_1_Right_535 of gf180mcu_fd_sc_mcu9t5v0__endcap in cell butterfold_top
Note:  Implicit pin VNW in instance PHY_EDGE_ROW_175_2_Left_463 of gf180mcu_fd_sc_mcu9t5v0__endcap in cell butterfold_top
Note:  Implicit pin VPW in instance PHY_EDGE_ROW_175_2_Left_463 of gf180mcu_fd_sc_mcu9t5v0__endcap in cell butterfold_top
Note:  Implicit pin VNW in instance PHY_EDGE_ROW_175_2_Right_682 of gf180mcu_fd_sc_mcu9t5v0__endcap in cell butterfold_top
Note:  Implicit pin VPW in instance PHY_EDGE_ROW_175_2_Right_682 of gf180mcu_fd_sc_mcu9t5v0__endcap in cell butterfold_top
Note:  Implicit pin VNW in instance PHY_EDGE_ROW_175_3_Left_609 of gf180mcu_fd_sc_mcu9t5v0__endcap in cell butterfold_top
Note:  Implicit pin VPW in instance PHY_EDGE_ROW_175_3_Left_609 of gf180mcu_fd_sc_mcu9t5v0__endcap in cell butterfold_top
Note:  Implicit pin VNW in instance PHY_EDGE_ROW_175_3_Right_178 of gf180mcu_fd_sc_mcu9t5v0__endcap in cell butterfold_top
Note:  Implicit pin VPW in instance PHY_EDGE_ROW_175_3_Right_178 of gf180mcu_fd_sc_mcu9t5v0__endcap in cell butterfold_top
Note:  Implicit pin VNW in instance PHY_EDGE_ROW_176_1_Left_387 of gf180mcu_fd_sc_mcu9t5v0__endcap in cell butterfold_top
Note:  Implicit pin VPW in instance PHY_EDGE_ROW_176_1_Left_387 of gf180mcu_fd_sc_mcu9t5v0__endcap in cell butterfold_top
Note:  Implicit pin VNW in instance PHY_EDGE_ROW_176_1_Right_536 of gf180mcu_fd_sc_mcu9t5v0__endcap in cell butterfold_top
Note:  Implicit pin VPW in instance PHY_EDGE_ROW_176_1_Right_536 of gf180mcu_fd_sc_mcu9t5v0__endcap in cell butterfold_top
Note:  Implicit pin VNW in instance PHY_EDGE_ROW_176_2_Left_464 of gf180mcu_fd_sc_mcu9t5v0__endcap in cell butterfold_top
Note:  Implicit pin VPW in instance PHY_EDGE_ROW_176_2_Left_464 of gf180mcu_fd_sc_mcu9t5v0__endcap in cell butterfold_top
Note:  Implicit pin VNW in instance PHY_EDGE_ROW_176_2_Right_683 of gf180mcu_fd_sc_mcu9t5v0__endcap in cell butterfold_top
Note:  Implicit pin VPW in instance PHY_EDGE_ROW_176_2_Right_683 of gf180mcu_fd_sc_mcu9t5v0__endcap in cell butterfold_top
Note:  Implicit pin VNW in instance PHY_EDGE_ROW_176_3_Left_610 of gf180mcu_fd_sc_mcu9t5v0__endcap in cell butterfold_top
Note:  Implicit pin VPW in instance PHY_EDGE_ROW_176_3_Left_610 of gf180mcu_fd_sc_mcu9t5v0__endcap in cell butterfold_top
Note:  Implicit pin VNW in instance PHY_EDGE_ROW_176_3_Right_179 of gf180mcu_fd_sc_mcu9t5v0__endcap in cell butterfold_top
Note:  Implicit pin VPW in instance PHY_EDGE_ROW_176_3_Right_179 of gf180mcu_fd_sc_mcu9t5v0__endcap in cell butterfold_top
Note:  Implicit pin VNW in instance PHY_EDGE_ROW_177_1_Left_388 of gf180mcu_fd_sc_mcu9t5v0__endcap in cell butterfold_top
Note:  Implicit pin VPW in instance PHY_EDGE_ROW_177_1_Left_388 of gf180mcu_fd_sc_mcu9t5v0__endcap in cell butterfold_top
Note:  Implicit pin VNW in instance PHY_EDGE_ROW_177_1_Right_537 of gf180mcu_fd_sc_mcu9t5v0__endcap in cell butterfold_top
Note:  Implicit pin VPW in instance PHY_EDGE_ROW_177_1_Right_537 of gf180mcu_fd_sc_mcu9t5v0__endcap in cell butterfold_top
Note:  Implicit pin VNW in instance PHY_EDGE_ROW_177_2_Left_465 of gf180mcu_fd_sc_mcu9t5v0__endcap in cell butterfold_top
Note:  Implicit pin VPW in instance PHY_EDGE_ROW_177_2_Left_465 of gf180mcu_fd_sc_mcu9t5v0__endcap in cell butterfold_top
Note:  Implicit pin VNW in instance PHY_EDGE_ROW_177_2_Right_684 of gf180mcu_fd_sc_mcu9t5v0__endcap in cell butterfold_top
Note:  Implicit pin VPW in instance PHY_EDGE_ROW_177_2_Right_684 of gf180mcu_fd_sc_mcu9t5v0__endcap in cell butterfold_top
Note:  Implicit pin VNW in instance PHY_EDGE_ROW_177_3_Left_611 of gf180mcu_fd_sc_mcu9t5v0__endcap in cell butterfold_top
Note:  Implicit pin VPW in instance PHY_EDGE_ROW_177_3_Left_611 of gf180mcu_fd_sc_mcu9t5v0__endcap in cell butterfold_top
Note:  Implicit pin VNW in instance PHY_EDGE_ROW_177_3_Right_180 of gf180mcu_fd_sc_mcu9t5v0__endcap in cell butterfold_top
Note:  Implicit pin VPW in instance PHY_EDGE_ROW_177_3_Right_180 of gf180mcu_fd_sc_mcu9t5v0__endcap in cell butterfold_top
Note:  Implicit pin VNW in instance PHY_EDGE_ROW_178_1_Left_389 of gf180mcu_fd_sc_mcu9t5v0__endcap in cell butterfold_top
Note:  Implicit pin VPW in instance PHY_EDGE_ROW_178_1_Left_389 of gf180mcu_fd_sc_mcu9t5v0__endcap in cell butterfold_top
Note:  Implicit pin VNW in instance PHY_EDGE_ROW_178_1_Right_538 of gf180mcu_fd_sc_mcu9t5v0__endcap in cell butterfold_top
Note:  Implicit pin VPW in instance PHY_EDGE_ROW_178_1_Right_538 of gf180mcu_fd_sc_mcu9t5v0__endcap in cell butterfold_top
Note:  Implicit pin VNW in instance PHY_EDGE_ROW_178_2_Left_466 of gf180mcu_fd_sc_mcu9t5v0__endcap in cell butterfold_top
Note:  Implicit pin VPW in instance PHY_EDGE_ROW_178_2_Left_466 of gf180mcu_fd_sc_mcu9t5v0__endcap in cell butterfold_top
Note:  Implicit pin VNW in instance PHY_EDGE_ROW_178_2_Right_685 of gf180mcu_fd_sc_mcu9t5v0__endcap in cell butterfold_top
Note:  Implicit pin VPW in instance PHY_EDGE_ROW_178_2_Right_685 of gf180mcu_fd_sc_mcu9t5v0__endcap in cell butterfold_top
Note:  Implicit pin VNW in instance PHY_EDGE_ROW_178_3_Left_612 of gf180mcu_fd_sc_mcu9t5v0__endcap in cell butterfold_top
Note:  Implicit pin VPW in instance PHY_EDGE_ROW_178_3_Left_612 of gf180mcu_fd_sc_mcu9t5v0__endcap in cell butterfold_top
Note:  Implicit pin VNW in instance PHY_EDGE_ROW_178_3_Right_181 of gf180mcu_fd_sc_mcu9t5v0__endcap in cell butterfold_top
Note:  Implicit pin VPW in instance PHY_EDGE_ROW_178_3_Right_181 of gf180mcu_fd_sc_mcu9t5v0__endcap in cell butterfold_top
Note:  Implicit pin VNW in instance PHY_EDGE_ROW_179_1_Left_390 of gf180mcu_fd_sc_mcu9t5v0__endcap in cell butterfold_top
Note:  Implicit pin VPW in instance PHY_EDGE_ROW_179_1_Left_390 of gf180mcu_fd_sc_mcu9t5v0__endcap in cell butterfold_top
Note:  Implicit pin VNW in instance PHY_EDGE_ROW_179_1_Right_539 of gf180mcu_fd_sc_mcu9t5v0__endcap in cell butterfold_top
Note:  Implicit pin VPW in instance PHY_EDGE_ROW_179_1_Right_539 of gf180mcu_fd_sc_mcu9t5v0__endcap in cell butterfold_top
Note:  Implicit pin VNW in instance PHY_EDGE_ROW_179_2_Left_467 of gf180mcu_fd_sc_mcu9t5v0__endcap in cell butterfold_top
Note:  Implicit pin VPW in instance PHY_EDGE_ROW_179_2_Left_467 of gf180mcu_fd_sc_mcu9t5v0__endcap in cell butterfold_top
Note:  Implicit pin VNW in instance PHY_EDGE_ROW_179_2_Right_686 of gf180mcu_fd_sc_mcu9t5v0__endcap in cell butterfold_top
Note:  Implicit pin VPW in instance PHY_EDGE_ROW_179_2_Right_686 of gf180mcu_fd_sc_mcu9t5v0__endcap in cell butterfold_top
Note:  Implicit pin VNW in instance PHY_EDGE_ROW_179_3_Left_613 of gf180mcu_fd_sc_mcu9t5v0__endcap in cell butterfold_top
Note:  Implicit pin VPW in instance PHY_EDGE_ROW_179_3_Left_613 of gf180mcu_fd_sc_mcu9t5v0__endcap in cell butterfold_top
Note:  Implicit pin VNW in instance PHY_EDGE_ROW_179_3_Right_182 of gf180mcu_fd_sc_mcu9t5v0__endcap in cell butterfold_top
Note:  Implicit pin VPW in instance PHY_EDGE_ROW_179_3_Right_182 of gf180mcu_fd_sc_mcu9t5v0__endcap in cell butterfold_top
Note:  Implicit pin VNW in instance PHY_EDGE_ROW_17_Left_229 of gf180mcu_fd_sc_mcu9t5v0__endcap in cell butterfold_top
Note:  Implicit pin VPW in instance PHY_EDGE_ROW_17_Left_229 of gf180mcu_fd_sc_mcu9t5v0__endcap in cell butterfold_top
Note:  Implicit pin VNW in instance PHY_EDGE_ROW_17_Right_17 of gf180mcu_fd_sc_mcu9t5v0__endcap in cell butterfold_top
Note:  Implicit pin VPW in instance PHY_EDGE_ROW_17_Right_17 of gf180mcu_fd_sc_mcu9t5v0__endcap in cell butterfold_top
Note:  Implicit pin VNW in instance PHY_EDGE_ROW_180_1_Left_391 of gf180mcu_fd_sc_mcu9t5v0__endcap in cell butterfold_top
Note:  Implicit pin VPW in instance PHY_EDGE_ROW_180_1_Left_391 of gf180mcu_fd_sc_mcu9t5v0__endcap in cell butterfold_top
Note:  Implicit pin VNW in instance PHY_EDGE_ROW_180_1_Right_540 of gf180mcu_fd_sc_mcu9t5v0__endcap in cell butterfold_top
Note:  Implicit pin VPW in instance PHY_EDGE_ROW_180_1_Right_540 of gf180mcu_fd_sc_mcu9t5v0__endcap in cell butterfold_top
Note:  Implicit pin VNW in instance PHY_EDGE_ROW_180_2_Left_468 of gf180mcu_fd_sc_mcu9t5v0__endcap in cell butterfold_top
Note:  Implicit pin VPW in instance PHY_EDGE_ROW_180_2_Left_468 of gf180mcu_fd_sc_mcu9t5v0__endcap in cell butterfold_top
Note:  Implicit pin VNW in instance PHY_EDGE_ROW_180_2_Right_687 of gf180mcu_fd_sc_mcu9t5v0__endcap in cell butterfold_top
Note:  Implicit pin VPW in instance PHY_EDGE_ROW_180_2_Right_687 of gf180mcu_fd_sc_mcu9t5v0__endcap in cell butterfold_top
Note:  Implicit pin VNW in instance PHY_EDGE_ROW_180_3_Left_614 of gf180mcu_fd_sc_mcu9t5v0__endcap in cell butterfold_top
Note:  Implicit pin VPW in instance PHY_EDGE_ROW_180_3_Left_614 of gf180mcu_fd_sc_mcu9t5v0__endcap in cell butterfold_top
Note:  Implicit pin VNW in instance PHY_EDGE_ROW_180_3_Right_183 of gf180mcu_fd_sc_mcu9t5v0__endcap in cell butterfold_top
Note:  Implicit pin VPW in instance PHY_EDGE_ROW_180_3_Right_183 of gf180mcu_fd_sc_mcu9t5v0__endcap in cell butterfold_top
Note:  Implicit pin VNW in instance PHY_EDGE_ROW_181_1_Left_392 of gf180mcu_fd_sc_mcu9t5v0__endcap in cell butterfold_top
Note:  Implicit pin VPW in instance PHY_EDGE_ROW_181_1_Left_392 of gf180mcu_fd_sc_mcu9t5v0__endcap in cell butterfold_top
Note:  Implicit pin VNW in instance PHY_EDGE_ROW_181_1_Right_541 of gf180mcu_fd_sc_mcu9t5v0__endcap in cell butterfold_top
Note:  Implicit pin VPW in instance PHY_EDGE_ROW_181_1_Right_541 of gf180mcu_fd_sc_mcu9t5v0__endcap in cell butterfold_top
Note:  Implicit pin VNW in instance PHY_EDGE_ROW_181_2_Left_469 of gf180mcu_fd_sc_mcu9t5v0__endcap in cell butterfold_top
Note:  Implicit pin VPW in instance PHY_EDGE_ROW_181_2_Left_469 of gf180mcu_fd_sc_mcu9t5v0__endcap in cell butterfold_top
Note:  Implicit pin VNW in instance PHY_EDGE_ROW_181_2_Right_688 of gf180mcu_fd_sc_mcu9t5v0__endcap in cell butterfold_top
Note:  Implicit pin VPW in instance PHY_EDGE_ROW_181_2_Right_688 of gf180mcu_fd_sc_mcu9t5v0__endcap in cell butterfold_top
Note:  Implicit pin VNW in instance PHY_EDGE_ROW_181_3_Left_615 of gf180mcu_fd_sc_mcu9t5v0__endcap in cell butterfold_top
Note:  Implicit pin VPW in instance PHY_EDGE_ROW_181_3_Left_615 of gf180mcu_fd_sc_mcu9t5v0__endcap in cell butterfold_top
Note:  Implicit pin VNW in instance PHY_EDGE_ROW_181_3_Right_184 of gf180mcu_fd_sc_mcu9t5v0__endcap in cell butterfold_top
Note:  Implicit pin VPW in instance PHY_EDGE_ROW_181_3_Right_184 of gf180mcu_fd_sc_mcu9t5v0__endcap in cell butterfold_top
Note:  Implicit pin VNW in instance PHY_EDGE_ROW_182_1_Left_393 of gf180mcu_fd_sc_mcu9t5v0__endcap in cell butterfold_top
Note:  Implicit pin VPW in instance PHY_EDGE_ROW_182_1_Left_393 of gf180mcu_fd_sc_mcu9t5v0__endcap in cell butterfold_top
Note:  Implicit pin VNW in instance PHY_EDGE_ROW_182_1_Right_542 of gf180mcu_fd_sc_mcu9t5v0__endcap in cell butterfold_top
Note:  Implicit pin VPW in instance PHY_EDGE_ROW_182_1_Right_542 of gf180mcu_fd_sc_mcu9t5v0__endcap in cell butterfold_top
Note:  Implicit pin VNW in instance PHY_EDGE_ROW_182_2_Left_470 of gf180mcu_fd_sc_mcu9t5v0__endcap in cell butterfold_top
Note:  Implicit pin VPW in instance PHY_EDGE_ROW_182_2_Left_470 of gf180mcu_fd_sc_mcu9t5v0__endcap in cell butterfold_top
Note:  Implicit pin VNW in instance PHY_EDGE_ROW_182_2_Right_689 of gf180mcu_fd_sc_mcu9t5v0__endcap in cell butterfold_top
Note:  Implicit pin VPW in instance PHY_EDGE_ROW_182_2_Right_689 of gf180mcu_fd_sc_mcu9t5v0__endcap in cell butterfold_top
Note:  Implicit pin VNW in instance PHY_EDGE_ROW_182_3_Left_616 of gf180mcu_fd_sc_mcu9t5v0__endcap in cell butterfold_top
Note:  Implicit pin VPW in instance PHY_EDGE_ROW_182_3_Left_616 of gf180mcu_fd_sc_mcu9t5v0__endcap in cell butterfold_top
Note:  Implicit pin VNW in instance PHY_EDGE_ROW_182_3_Right_185 of gf180mcu_fd_sc_mcu9t5v0__endcap in cell butterfold_top
Note:  Implicit pin VPW in instance PHY_EDGE_ROW_182_3_Right_185 of gf180mcu_fd_sc_mcu9t5v0__endcap in cell butterfold_top
Note:  Implicit pin VNW in instance PHY_EDGE_ROW_183_1_Left_394 of gf180mcu_fd_sc_mcu9t5v0__endcap in cell butterfold_top
Note:  Implicit pin VPW in instance PHY_EDGE_ROW_183_1_Left_394 of gf180mcu_fd_sc_mcu9t5v0__endcap in cell butterfold_top
Note:  Implicit pin VNW in instance PHY_EDGE_ROW_183_1_Right_543 of gf180mcu_fd_sc_mcu9t5v0__endcap in cell butterfold_top
Note:  Implicit pin VPW in instance PHY_EDGE_ROW_183_1_Right_543 of gf180mcu_fd_sc_mcu9t5v0__endcap in cell butterfold_top
Note:  Implicit pin VNW in instance PHY_EDGE_ROW_183_2_Left_471 of gf180mcu_fd_sc_mcu9t5v0__endcap in cell butterfold_top
Note:  Implicit pin VPW in instance PHY_EDGE_ROW_183_2_Left_471 of gf180mcu_fd_sc_mcu9t5v0__endcap in cell butterfold_top
Note:  Implicit pin VNW in instance PHY_EDGE_ROW_183_2_Right_690 of gf180mcu_fd_sc_mcu9t5v0__endcap in cell butterfold_top
Note:  Implicit pin VPW in instance PHY_EDGE_ROW_183_2_Right_690 of gf180mcu_fd_sc_mcu9t5v0__endcap in cell butterfold_top
Note:  Implicit pin VNW in instance PHY_EDGE_ROW_183_3_Left_617 of gf180mcu_fd_sc_mcu9t5v0__endcap in cell butterfold_top
Note:  Implicit pin VPW in instance PHY_EDGE_ROW_183_3_Left_617 of gf180mcu_fd_sc_mcu9t5v0__endcap in cell butterfold_top
Note:  Implicit pin VNW in instance PHY_EDGE_ROW_183_3_Right_186 of gf180mcu_fd_sc_mcu9t5v0__endcap in cell butterfold_top
Note:  Implicit pin VPW in instance PHY_EDGE_ROW_183_3_Right_186 of gf180mcu_fd_sc_mcu9t5v0__endcap in cell butterfold_top
Note:  Implicit pin VNW in instance PHY_EDGE_ROW_184_1_Left_395 of gf180mcu_fd_sc_mcu9t5v0__endcap in cell butterfold_top
Note:  Implicit pin VPW in instance PHY_EDGE_ROW_184_1_Left_395 of gf180mcu_fd_sc_mcu9t5v0__endcap in cell butterfold_top
Note:  Implicit pin VNW in instance PHY_EDGE_ROW_184_1_Right_544 of gf180mcu_fd_sc_mcu9t5v0__endcap in cell butterfold_top
Note:  Implicit pin VPW in instance PHY_EDGE_ROW_184_1_Right_544 of gf180mcu_fd_sc_mcu9t5v0__endcap in cell butterfold_top
Note:  Implicit pin VNW in instance PHY_EDGE_ROW_184_2_Left_472 of gf180mcu_fd_sc_mcu9t5v0__endcap in cell butterfold_top
Note:  Implicit pin VPW in instance PHY_EDGE_ROW_184_2_Left_472 of gf180mcu_fd_sc_mcu9t5v0__endcap in cell butterfold_top
Note:  Implicit pin VNW in instance PHY_EDGE_ROW_184_2_Right_691 of gf180mcu_fd_sc_mcu9t5v0__endcap in cell butterfold_top
Note:  Implicit pin VPW in instance PHY_EDGE_ROW_184_2_Right_691 of gf180mcu_fd_sc_mcu9t5v0__endcap in cell butterfold_top
Note:  Implicit pin VNW in instance PHY_EDGE_ROW_184_3_Left_618 of gf180mcu_fd_sc_mcu9t5v0__endcap in cell butterfold_top
Note:  Implicit pin VPW in instance PHY_EDGE_ROW_184_3_Left_618 of gf180mcu_fd_sc_mcu9t5v0__endcap in cell butterfold_top
Note:  Implicit pin VNW in instance PHY_EDGE_ROW_184_3_Right_187 of gf180mcu_fd_sc_mcu9t5v0__endcap in cell butterfold_top
Note:  Implicit pin VPW in instance PHY_EDGE_ROW_184_3_Right_187 of gf180mcu_fd_sc_mcu9t5v0__endcap in cell butterfold_top
Note:  Implicit pin VNW in instance PHY_EDGE_ROW_185_1_Left_396 of gf180mcu_fd_sc_mcu9t5v0__endcap in cell butterfold_top
Note:  Implicit pin VPW in instance PHY_EDGE_ROW_185_1_Left_396 of gf180mcu_fd_sc_mcu9t5v0__endcap in cell butterfold_top
Note:  Implicit pin VNW in instance PHY_EDGE_ROW_185_1_Right_545 of gf180mcu_fd_sc_mcu9t5v0__endcap in cell butterfold_top
Note:  Implicit pin VPW in instance PHY_EDGE_ROW_185_1_Right_545 of gf180mcu_fd_sc_mcu9t5v0__endcap in cell butterfold_top
Note:  Implicit pin VNW in instance PHY_EDGE_ROW_185_2_Left_473 of gf180mcu_fd_sc_mcu9t5v0__endcap in cell butterfold_top
Note:  Implicit pin VPW in instance PHY_EDGE_ROW_185_2_Left_473 of gf180mcu_fd_sc_mcu9t5v0__endcap in cell butterfold_top
Note:  Implicit pin VNW in instance PHY_EDGE_ROW_185_2_Right_692 of gf180mcu_fd_sc_mcu9t5v0__endcap in cell butterfold_top
Note:  Implicit pin VPW in instance PHY_EDGE_ROW_185_2_Right_692 of gf180mcu_fd_sc_mcu9t5v0__endcap in cell butterfold_top
Note:  Implicit pin VNW in instance PHY_EDGE_ROW_185_3_Left_619 of gf180mcu_fd_sc_mcu9t5v0__endcap in cell butterfold_top
Note:  Implicit pin VPW in instance PHY_EDGE_ROW_185_3_Left_619 of gf180mcu_fd_sc_mcu9t5v0__endcap in cell butterfold_top
Note:  Implicit pin VNW in instance PHY_EDGE_ROW_185_3_Right_188 of gf180mcu_fd_sc_mcu9t5v0__endcap in cell butterfold_top
Note:  Implicit pin VPW in instance PHY_EDGE_ROW_185_3_Right_188 of gf180mcu_fd_sc_mcu9t5v0__endcap in cell butterfold_top
Note:  Implicit pin VNW in instance PHY_EDGE_ROW_186_1_Left_397 of gf180mcu_fd_sc_mcu9t5v0__endcap in cell butterfold_top
Note:  Implicit pin VPW in instance PHY_EDGE_ROW_186_1_Left_397 of gf180mcu_fd_sc_mcu9t5v0__endcap in cell butterfold_top
Note:  Implicit pin VNW in instance PHY_EDGE_ROW_186_1_Right_546 of gf180mcu_fd_sc_mcu9t5v0__endcap in cell butterfold_top
Note:  Implicit pin VPW in instance PHY_EDGE_ROW_186_1_Right_546 of gf180mcu_fd_sc_mcu9t5v0__endcap in cell butterfold_top
Note:  Implicit pin VNW in instance PHY_EDGE_ROW_186_2_Left_474 of gf180mcu_fd_sc_mcu9t5v0__endcap in cell butterfold_top
Note:  Implicit pin VPW in instance PHY_EDGE_ROW_186_2_Left_474 of gf180mcu_fd_sc_mcu9t5v0__endcap in cell butterfold_top
Note:  Implicit pin VNW in instance PHY_EDGE_ROW_186_2_Right_693 of gf180mcu_fd_sc_mcu9t5v0__endcap in cell butterfold_top
Note:  Implicit pin VPW in instance PHY_EDGE_ROW_186_2_Right_693 of gf180mcu_fd_sc_mcu9t5v0__endcap in cell butterfold_top
Note:  Implicit pin VNW in instance PHY_EDGE_ROW_186_3_Left_620 of gf180mcu_fd_sc_mcu9t5v0__endcap in cell butterfold_top
Note:  Implicit pin VPW in instance PHY_EDGE_ROW_186_3_Left_620 of gf180mcu_fd_sc_mcu9t5v0__endcap in cell butterfold_top
Note:  Implicit pin VNW in instance PHY_EDGE_ROW_186_3_Right_189 of gf180mcu_fd_sc_mcu9t5v0__endcap in cell butterfold_top
Note:  Implicit pin VPW in instance PHY_EDGE_ROW_186_3_Right_189 of gf180mcu_fd_sc_mcu9t5v0__endcap in cell butterfold_top
Note:  Implicit pin VNW in instance PHY_EDGE_ROW_187_1_Left_398 of gf180mcu_fd_sc_mcu9t5v0__endcap in cell butterfold_top
Note:  Implicit pin VPW in instance PHY_EDGE_ROW_187_1_Left_398 of gf180mcu_fd_sc_mcu9t5v0__endcap in cell butterfold_top
Note:  Implicit pin VNW in instance PHY_EDGE_ROW_187_1_Right_547 of gf180mcu_fd_sc_mcu9t5v0__endcap in cell butterfold_top
Note:  Implicit pin VPW in instance PHY_EDGE_ROW_187_1_Right_547 of gf180mcu_fd_sc_mcu9t5v0__endcap in cell butterfold_top
Note:  Implicit pin VNW in instance PHY_EDGE_ROW_187_2_Left_475 of gf180mcu_fd_sc_mcu9t5v0__endcap in cell butterfold_top
Note:  Implicit pin VPW in instance PHY_EDGE_ROW_187_2_Left_475 of gf180mcu_fd_sc_mcu9t5v0__endcap in cell butterfold_top
Note:  Implicit pin VNW in instance PHY_EDGE_ROW_187_2_Right_694 of gf180mcu_fd_sc_mcu9t5v0__endcap in cell butterfold_top
Note:  Implicit pin VPW in instance PHY_EDGE_ROW_187_2_Right_694 of gf180mcu_fd_sc_mcu9t5v0__endcap in cell butterfold_top
Note:  Implicit pin VNW in instance PHY_EDGE_ROW_187_3_Left_621 of gf180mcu_fd_sc_mcu9t5v0__endcap in cell butterfold_top
Note:  Implicit pin VPW in instance PHY_EDGE_ROW_187_3_Left_621 of gf180mcu_fd_sc_mcu9t5v0__endcap in cell butterfold_top
Note:  Implicit pin VNW in instance PHY_EDGE_ROW_187_3_Right_190 of gf180mcu_fd_sc_mcu9t5v0__endcap in cell butterfold_top
Note:  Implicit pin VPW in instance PHY_EDGE_ROW_187_3_Right_190 of gf180mcu_fd_sc_mcu9t5v0__endcap in cell butterfold_top
Note:  Implicit pin VNW in instance PHY_EDGE_ROW_188_1_Left_399 of gf180mcu_fd_sc_mcu9t5v0__endcap in cell butterfold_top
Note:  Implicit pin VPW in instance PHY_EDGE_ROW_188_1_Left_399 of gf180mcu_fd_sc_mcu9t5v0__endcap in cell butterfold_top
Note:  Implicit pin VNW in instance PHY_EDGE_ROW_188_1_Right_548 of gf180mcu_fd_sc_mcu9t5v0__endcap in cell butterfold_top
Note:  Implicit pin VPW in instance PHY_EDGE_ROW_188_1_Right_548 of gf180mcu_fd_sc_mcu9t5v0__endcap in cell butterfold_top
Note:  Implicit pin VNW in instance PHY_EDGE_ROW_188_2_Left_476 of gf180mcu_fd_sc_mcu9t5v0__endcap in cell butterfold_top
Note:  Implicit pin VPW in instance PHY_EDGE_ROW_188_2_Left_476 of gf180mcu_fd_sc_mcu9t5v0__endcap in cell butterfold_top
Note:  Implicit pin VNW in instance PHY_EDGE_ROW_188_2_Right_695 of gf180mcu_fd_sc_mcu9t5v0__endcap in cell butterfold_top
Note:  Implicit pin VPW in instance PHY_EDGE_ROW_188_2_Right_695 of gf180mcu_fd_sc_mcu9t5v0__endcap in cell butterfold_top
Note:  Implicit pin VNW in instance PHY_EDGE_ROW_188_3_Left_622 of gf180mcu_fd_sc_mcu9t5v0__endcap in cell butterfold_top
Note:  Implicit pin VPW in instance PHY_EDGE_ROW_188_3_Left_622 of gf180mcu_fd_sc_mcu9t5v0__endcap in cell butterfold_top
Note:  Implicit pin VNW in instance PHY_EDGE_ROW_188_3_Right_191 of gf180mcu_fd_sc_mcu9t5v0__endcap in cell butterfold_top
Note:  Implicit pin VPW in instance PHY_EDGE_ROW_188_3_Right_191 of gf180mcu_fd_sc_mcu9t5v0__endcap in cell butterfold_top
Note:  Implicit pin VNW in instance PHY_EDGE_ROW_189_1_Left_400 of gf180mcu_fd_sc_mcu9t5v0__endcap in cell butterfold_top
Note:  Implicit pin VPW in instance PHY_EDGE_ROW_189_1_Left_400 of gf180mcu_fd_sc_mcu9t5v0__endcap in cell butterfold_top
Note:  Implicit pin VNW in instance PHY_EDGE_ROW_189_1_Right_549 of gf180mcu_fd_sc_mcu9t5v0__endcap in cell butterfold_top
Note:  Implicit pin VPW in instance PHY_EDGE_ROW_189_1_Right_549 of gf180mcu_fd_sc_mcu9t5v0__endcap in cell butterfold_top
Note:  Implicit pin VNW in instance PHY_EDGE_ROW_189_2_Left_477 of gf180mcu_fd_sc_mcu9t5v0__endcap in cell butterfold_top
Note:  Implicit pin VPW in instance PHY_EDGE_ROW_189_2_Left_477 of gf180mcu_fd_sc_mcu9t5v0__endcap in cell butterfold_top
Note:  Implicit pin VNW in instance PHY_EDGE_ROW_189_2_Right_696 of gf180mcu_fd_sc_mcu9t5v0__endcap in cell butterfold_top
Note:  Implicit pin VPW in instance PHY_EDGE_ROW_189_2_Right_696 of gf180mcu_fd_sc_mcu9t5v0__endcap in cell butterfold_top
Note:  Implicit pin VNW in instance PHY_EDGE_ROW_189_3_Left_623 of gf180mcu_fd_sc_mcu9t5v0__endcap in cell butterfold_top
Note:  Implicit pin VPW in instance PHY_EDGE_ROW_189_3_Left_623 of gf180mcu_fd_sc_mcu9t5v0__endcap in cell butterfold_top
Note:  Implicit pin VNW in instance PHY_EDGE_ROW_189_3_Right_192 of gf180mcu_fd_sc_mcu9t5v0__endcap in cell butterfold_top
Note:  Implicit pin VPW in instance PHY_EDGE_ROW_189_3_Right_192 of gf180mcu_fd_sc_mcu9t5v0__endcap in cell butterfold_top
Note:  Implicit pin VNW in instance PHY_EDGE_ROW_18_Left_230 of gf180mcu_fd_sc_mcu9t5v0__endcap in cell butterfold_top
Note:  Implicit pin VPW in instance PHY_EDGE_ROW_18_Left_230 of gf180mcu_fd_sc_mcu9t5v0__endcap in cell butterfold_top
Note:  Implicit pin VNW in instance PHY_EDGE_ROW_18_Right_18 of gf180mcu_fd_sc_mcu9t5v0__endcap in cell butterfold_top
Note:  Implicit pin VPW in instance PHY_EDGE_ROW_18_Right_18 of gf180mcu_fd_sc_mcu9t5v0__endcap in cell butterfold_top
Note:  Implicit pin VNW in instance PHY_EDGE_ROW_190_1_Left_401 of gf180mcu_fd_sc_mcu9t5v0__endcap in cell butterfold_top
Note:  Implicit pin VPW in instance PHY_EDGE_ROW_190_1_Left_401 of gf180mcu_fd_sc_mcu9t5v0__endcap in cell butterfold_top
Note:  Implicit pin VNW in instance PHY_EDGE_ROW_190_1_Right_550 of gf180mcu_fd_sc_mcu9t5v0__endcap in cell butterfold_top
Note:  Implicit pin VPW in instance PHY_EDGE_ROW_190_1_Right_550 of gf180mcu_fd_sc_mcu9t5v0__endcap in cell butterfold_top
Note:  Implicit pin VNW in instance PHY_EDGE_ROW_190_2_Left_478 of gf180mcu_fd_sc_mcu9t5v0__endcap in cell butterfold_top
Note:  Implicit pin VPW in instance PHY_EDGE_ROW_190_2_Left_478 of gf180mcu_fd_sc_mcu9t5v0__endcap in cell butterfold_top
Note:  Implicit pin VNW in instance PHY_EDGE_ROW_190_2_Right_697 of gf180mcu_fd_sc_mcu9t5v0__endcap in cell butterfold_top
Note:  Implicit pin VPW in instance PHY_EDGE_ROW_190_2_Right_697 of gf180mcu_fd_sc_mcu9t5v0__endcap in cell butterfold_top
Note:  Implicit pin VNW in instance PHY_EDGE_ROW_190_3_Left_624 of gf180mcu_fd_sc_mcu9t5v0__endcap in cell butterfold_top
Note:  Implicit pin VPW in instance PHY_EDGE_ROW_190_3_Left_624 of gf180mcu_fd_sc_mcu9t5v0__endcap in cell butterfold_top
Note:  Implicit pin VNW in instance PHY_EDGE_ROW_190_3_Right_193 of gf180mcu_fd_sc_mcu9t5v0__endcap in cell butterfold_top
Note:  Implicit pin VPW in instance PHY_EDGE_ROW_190_3_Right_193 of gf180mcu_fd_sc_mcu9t5v0__endcap in cell butterfold_top
Note:  Implicit pin VNW in instance PHY_EDGE_ROW_191_1_Left_402 of gf180mcu_fd_sc_mcu9t5v0__endcap in cell butterfold_top
Note:  Implicit pin VPW in instance PHY_EDGE_ROW_191_1_Left_402 of gf180mcu_fd_sc_mcu9t5v0__endcap in cell butterfold_top
Note:  Implicit pin VNW in instance PHY_EDGE_ROW_191_1_Right_551 of gf180mcu_fd_sc_mcu9t5v0__endcap in cell butterfold_top
Note:  Implicit pin VPW in instance PHY_EDGE_ROW_191_1_Right_551 of gf180mcu_fd_sc_mcu9t5v0__endcap in cell butterfold_top
Note:  Implicit pin VNW in instance PHY_EDGE_ROW_191_2_Left_479 of gf180mcu_fd_sc_mcu9t5v0__endcap in cell butterfold_top
Note:  Implicit pin VPW in instance PHY_EDGE_ROW_191_2_Left_479 of gf180mcu_fd_sc_mcu9t5v0__endcap in cell butterfold_top
Note:  Implicit pin VNW in instance PHY_EDGE_ROW_191_2_Right_698 of gf180mcu_fd_sc_mcu9t5v0__endcap in cell butterfold_top
Note:  Implicit pin VPW in instance PHY_EDGE_ROW_191_2_Right_698 of gf180mcu_fd_sc_mcu9t5v0__endcap in cell butterfold_top
Note:  Implicit pin VNW in instance PHY_EDGE_ROW_191_3_Left_625 of gf180mcu_fd_sc_mcu9t5v0__endcap in cell butterfold_top
Note:  Implicit pin VPW in instance PHY_EDGE_ROW_191_3_Left_625 of gf180mcu_fd_sc_mcu9t5v0__endcap in cell butterfold_top
Note:  Implicit pin VNW in instance PHY_EDGE_ROW_191_3_Right_194 of gf180mcu_fd_sc_mcu9t5v0__endcap in cell butterfold_top
Note:  Implicit pin VPW in instance PHY_EDGE_ROW_191_3_Right_194 of gf180mcu_fd_sc_mcu9t5v0__endcap in cell butterfold_top
Note:  Implicit pin VNW in instance PHY_EDGE_ROW_192_1_Left_403 of gf180mcu_fd_sc_mcu9t5v0__endcap in cell butterfold_top
Note:  Implicit pin VPW in instance PHY_EDGE_ROW_192_1_Left_403 of gf180mcu_fd_sc_mcu9t5v0__endcap in cell butterfold_top
Note:  Implicit pin VNW in instance PHY_EDGE_ROW_192_1_Right_552 of gf180mcu_fd_sc_mcu9t5v0__endcap in cell butterfold_top
Note:  Implicit pin VPW in instance PHY_EDGE_ROW_192_1_Right_552 of gf180mcu_fd_sc_mcu9t5v0__endcap in cell butterfold_top
Note:  Implicit pin VNW in instance PHY_EDGE_ROW_192_2_Left_480 of gf180mcu_fd_sc_mcu9t5v0__endcap in cell butterfold_top
Note:  Implicit pin VPW in instance PHY_EDGE_ROW_192_2_Left_480 of gf180mcu_fd_sc_mcu9t5v0__endcap in cell butterfold_top
Note:  Implicit pin VNW in instance PHY_EDGE_ROW_192_2_Right_699 of gf180mcu_fd_sc_mcu9t5v0__endcap in cell butterfold_top
Note:  Implicit pin VPW in instance PHY_EDGE_ROW_192_2_Right_699 of gf180mcu_fd_sc_mcu9t5v0__endcap in cell butterfold_top
Note:  Implicit pin VNW in instance PHY_EDGE_ROW_192_3_Left_626 of gf180mcu_fd_sc_mcu9t5v0__endcap in cell butterfold_top
Note:  Implicit pin VPW in instance PHY_EDGE_ROW_192_3_Left_626 of gf180mcu_fd_sc_mcu9t5v0__endcap in cell butterfold_top
Note:  Implicit pin VNW in instance PHY_EDGE_ROW_192_3_Right_195 of gf180mcu_fd_sc_mcu9t5v0__endcap in cell butterfold_top
Note:  Implicit pin VPW in instance PHY_EDGE_ROW_192_3_Right_195 of gf180mcu_fd_sc_mcu9t5v0__endcap in cell butterfold_top
Note:  Implicit pin VNW in instance PHY_EDGE_ROW_193_1_Left_404 of gf180mcu_fd_sc_mcu9t5v0__endcap in cell butterfold_top
Note:  Implicit pin VPW in instance PHY_EDGE_ROW_193_1_Left_404 of gf180mcu_fd_sc_mcu9t5v0__endcap in cell butterfold_top
Note:  Implicit pin VNW in instance PHY_EDGE_ROW_193_1_Right_553 of gf180mcu_fd_sc_mcu9t5v0__endcap in cell butterfold_top
Note:  Implicit pin VPW in instance PHY_EDGE_ROW_193_1_Right_553 of gf180mcu_fd_sc_mcu9t5v0__endcap in cell butterfold_top
Note:  Implicit pin VNW in instance PHY_EDGE_ROW_193_2_Left_481 of gf180mcu_fd_sc_mcu9t5v0__endcap in cell butterfold_top
Note:  Implicit pin VPW in instance PHY_EDGE_ROW_193_2_Left_481 of gf180mcu_fd_sc_mcu9t5v0__endcap in cell butterfold_top
Note:  Implicit pin VNW in instance PHY_EDGE_ROW_193_2_Right_700 of gf180mcu_fd_sc_mcu9t5v0__endcap in cell butterfold_top
Note:  Implicit pin VPW in instance PHY_EDGE_ROW_193_2_Right_700 of gf180mcu_fd_sc_mcu9t5v0__endcap in cell butterfold_top
Note:  Implicit pin VNW in instance PHY_EDGE_ROW_193_3_Left_627 of gf180mcu_fd_sc_mcu9t5v0__endcap in cell butterfold_top
Note:  Implicit pin VPW in instance PHY_EDGE_ROW_193_3_Left_627 of gf180mcu_fd_sc_mcu9t5v0__endcap in cell butterfold_top
Note:  Implicit pin VNW in instance PHY_EDGE_ROW_193_3_Right_196 of gf180mcu_fd_sc_mcu9t5v0__endcap in cell butterfold_top
Note:  Implicit pin VPW in instance PHY_EDGE_ROW_193_3_Right_196 of gf180mcu_fd_sc_mcu9t5v0__endcap in cell butterfold_top
Note:  Implicit pin VNW in instance PHY_EDGE_ROW_194_1_Left_405 of gf180mcu_fd_sc_mcu9t5v0__endcap in cell butterfold_top
Note:  Implicit pin VPW in instance PHY_EDGE_ROW_194_1_Left_405 of gf180mcu_fd_sc_mcu9t5v0__endcap in cell butterfold_top
Note:  Implicit pin VNW in instance PHY_EDGE_ROW_194_1_Right_554 of gf180mcu_fd_sc_mcu9t5v0__endcap in cell butterfold_top
Note:  Implicit pin VPW in instance PHY_EDGE_ROW_194_1_Right_554 of gf180mcu_fd_sc_mcu9t5v0__endcap in cell butterfold_top
Note:  Implicit pin VNW in instance PHY_EDGE_ROW_194_2_Left_482 of gf180mcu_fd_sc_mcu9t5v0__endcap in cell butterfold_top
Note:  Implicit pin VPW in instance PHY_EDGE_ROW_194_2_Left_482 of gf180mcu_fd_sc_mcu9t5v0__endcap in cell butterfold_top
Note:  Implicit pin VNW in instance PHY_EDGE_ROW_194_2_Right_701 of gf180mcu_fd_sc_mcu9t5v0__endcap in cell butterfold_top
Note:  Implicit pin VPW in instance PHY_EDGE_ROW_194_2_Right_701 of gf180mcu_fd_sc_mcu9t5v0__endcap in cell butterfold_top
Note:  Implicit pin VNW in instance PHY_EDGE_ROW_194_3_Left_628 of gf180mcu_fd_sc_mcu9t5v0__endcap in cell butterfold_top
Note:  Implicit pin VPW in instance PHY_EDGE_ROW_194_3_Left_628 of gf180mcu_fd_sc_mcu9t5v0__endcap in cell butterfold_top
Note:  Implicit pin VNW in instance PHY_EDGE_ROW_194_3_Right_197 of gf180mcu_fd_sc_mcu9t5v0__endcap in cell butterfold_top
Note:  Implicit pin VPW in instance PHY_EDGE_ROW_194_3_Right_197 of gf180mcu_fd_sc_mcu9t5v0__endcap in cell butterfold_top
Note:  Implicit pin VNW in instance PHY_EDGE_ROW_195_1_Left_406 of gf180mcu_fd_sc_mcu9t5v0__endcap in cell butterfold_top
Note:  Implicit pin VPW in instance PHY_EDGE_ROW_195_1_Left_406 of gf180mcu_fd_sc_mcu9t5v0__endcap in cell butterfold_top
Note:  Implicit pin VNW in instance PHY_EDGE_ROW_195_1_Right_555 of gf180mcu_fd_sc_mcu9t5v0__endcap in cell butterfold_top
Note:  Implicit pin VPW in instance PHY_EDGE_ROW_195_1_Right_555 of gf180mcu_fd_sc_mcu9t5v0__endcap in cell butterfold_top
Note:  Implicit pin VNW in instance PHY_EDGE_ROW_195_2_Left_483 of gf180mcu_fd_sc_mcu9t5v0__endcap in cell butterfold_top
Note:  Implicit pin VPW in instance PHY_EDGE_ROW_195_2_Left_483 of gf180mcu_fd_sc_mcu9t5v0__endcap in cell butterfold_top
Note:  Implicit pin VNW in instance PHY_EDGE_ROW_195_2_Right_702 of gf180mcu_fd_sc_mcu9t5v0__endcap in cell butterfold_top
Note:  Implicit pin VPW in instance PHY_EDGE_ROW_195_2_Right_702 of gf180mcu_fd_sc_mcu9t5v0__endcap in cell butterfold_top
Note:  Implicit pin VNW in instance PHY_EDGE_ROW_195_3_Left_629 of gf180mcu_fd_sc_mcu9t5v0__endcap in cell butterfold_top
Note:  Implicit pin VPW in instance PHY_EDGE_ROW_195_3_Left_629 of gf180mcu_fd_sc_mcu9t5v0__endcap in cell butterfold_top
Note:  Implicit pin VNW in instance PHY_EDGE_ROW_195_3_Right_198 of gf180mcu_fd_sc_mcu9t5v0__endcap in cell butterfold_top
Note:  Implicit pin VPW in instance PHY_EDGE_ROW_195_3_Right_198 of gf180mcu_fd_sc_mcu9t5v0__endcap in cell butterfold_top
Note:  Implicit pin VNW in instance PHY_EDGE_ROW_196_1_Left_407 of gf180mcu_fd_sc_mcu9t5v0__endcap in cell butterfold_top
Note:  Implicit pin VPW in instance PHY_EDGE_ROW_196_1_Left_407 of gf180mcu_fd_sc_mcu9t5v0__endcap in cell butterfold_top
Note:  Implicit pin VNW in instance PHY_EDGE_ROW_196_1_Right_556 of gf180mcu_fd_sc_mcu9t5v0__endcap in cell butterfold_top
Note:  Implicit pin VPW in instance PHY_EDGE_ROW_196_1_Right_556 of gf180mcu_fd_sc_mcu9t5v0__endcap in cell butterfold_top
Note:  Implicit pin VNW in instance PHY_EDGE_ROW_196_2_Left_484 of gf180mcu_fd_sc_mcu9t5v0__endcap in cell butterfold_top
Note:  Implicit pin VPW in instance PHY_EDGE_ROW_196_2_Left_484 of gf180mcu_fd_sc_mcu9t5v0__endcap in cell butterfold_top
Note:  Implicit pin VNW in instance PHY_EDGE_ROW_196_2_Right_703 of gf180mcu_fd_sc_mcu9t5v0__endcap in cell butterfold_top
Note:  Implicit pin VPW in instance PHY_EDGE_ROW_196_2_Right_703 of gf180mcu_fd_sc_mcu9t5v0__endcap in cell butterfold_top
Note:  Implicit pin VNW in instance PHY_EDGE_ROW_196_3_Left_630 of gf180mcu_fd_sc_mcu9t5v0__endcap in cell butterfold_top
Note:  Implicit pin VPW in instance PHY_EDGE_ROW_196_3_Left_630 of gf180mcu_fd_sc_mcu9t5v0__endcap in cell butterfold_top
Note:  Implicit pin VNW in instance PHY_EDGE_ROW_196_3_Right_199 of gf180mcu_fd_sc_mcu9t5v0__endcap in cell butterfold_top
Note:  Implicit pin VPW in instance PHY_EDGE_ROW_196_3_Right_199 of gf180mcu_fd_sc_mcu9t5v0__endcap in cell butterfold_top
Note:  Implicit pin VNW in instance PHY_EDGE_ROW_197_1_Left_408 of gf180mcu_fd_sc_mcu9t5v0__endcap in cell butterfold_top
Note:  Implicit pin VPW in instance PHY_EDGE_ROW_197_1_Left_408 of gf180mcu_fd_sc_mcu9t5v0__endcap in cell butterfold_top
Note:  Implicit pin VNW in instance PHY_EDGE_ROW_197_1_Right_557 of gf180mcu_fd_sc_mcu9t5v0__endcap in cell butterfold_top
Note:  Implicit pin VPW in instance PHY_EDGE_ROW_197_1_Right_557 of gf180mcu_fd_sc_mcu9t5v0__endcap in cell butterfold_top
Note:  Implicit pin VNW in instance PHY_EDGE_ROW_197_2_Left_485 of gf180mcu_fd_sc_mcu9t5v0__endcap in cell butterfold_top
Note:  Implicit pin VPW in instance PHY_EDGE_ROW_197_2_Left_485 of gf180mcu_fd_sc_mcu9t5v0__endcap in cell butterfold_top
Note:  Implicit pin VNW in instance PHY_EDGE_ROW_197_2_Right_704 of gf180mcu_fd_sc_mcu9t5v0__endcap in cell butterfold_top
Note:  Implicit pin VPW in instance PHY_EDGE_ROW_197_2_Right_704 of gf180mcu_fd_sc_mcu9t5v0__endcap in cell butterfold_top
Note:  Implicit pin VNW in instance PHY_EDGE_ROW_197_3_Left_631 of gf180mcu_fd_sc_mcu9t5v0__endcap in cell butterfold_top
Note:  Implicit pin VPW in instance PHY_EDGE_ROW_197_3_Left_631 of gf180mcu_fd_sc_mcu9t5v0__endcap in cell butterfold_top
Note:  Implicit pin VNW in instance PHY_EDGE_ROW_197_3_Right_200 of gf180mcu_fd_sc_mcu9t5v0__endcap in cell butterfold_top
Note:  Implicit pin VPW in instance PHY_EDGE_ROW_197_3_Right_200 of gf180mcu_fd_sc_mcu9t5v0__endcap in cell butterfold_top
Note:  Implicit pin VNW in instance PHY_EDGE_ROW_198_1_Left_409 of gf180mcu_fd_sc_mcu9t5v0__endcap in cell butterfold_top
Note:  Implicit pin VPW in instance PHY_EDGE_ROW_198_1_Left_409 of gf180mcu_fd_sc_mcu9t5v0__endcap in cell butterfold_top
Note:  Implicit pin VNW in instance PHY_EDGE_ROW_198_1_Right_558 of gf180mcu_fd_sc_mcu9t5v0__endcap in cell butterfold_top
Note:  Implicit pin VPW in instance PHY_EDGE_ROW_198_1_Right_558 of gf180mcu_fd_sc_mcu9t5v0__endcap in cell butterfold_top
Note:  Implicit pin VNW in instance PHY_EDGE_ROW_198_2_Left_486 of gf180mcu_fd_sc_mcu9t5v0__endcap in cell butterfold_top
Note:  Implicit pin VPW in instance PHY_EDGE_ROW_198_2_Left_486 of gf180mcu_fd_sc_mcu9t5v0__endcap in cell butterfold_top
Note:  Implicit pin VNW in instance PHY_EDGE_ROW_198_2_Right_705 of gf180mcu_fd_sc_mcu9t5v0__endcap in cell butterfold_top
Note:  Implicit pin VPW in instance PHY_EDGE_ROW_198_2_Right_705 of gf180mcu_fd_sc_mcu9t5v0__endcap in cell butterfold_top
Note:  Implicit pin VNW in instance PHY_EDGE_ROW_198_3_Left_632 of gf180mcu_fd_sc_mcu9t5v0__endcap in cell butterfold_top
Note:  Implicit pin VPW in instance PHY_EDGE_ROW_198_3_Left_632 of gf180mcu_fd_sc_mcu9t5v0__endcap in cell butterfold_top
Note:  Implicit pin VNW in instance PHY_EDGE_ROW_198_3_Right_201 of gf180mcu_fd_sc_mcu9t5v0__endcap in cell butterfold_top
Note:  Implicit pin VPW in instance PHY_EDGE_ROW_198_3_Right_201 of gf180mcu_fd_sc_mcu9t5v0__endcap in cell butterfold_top
Note:  Implicit pin VNW in instance PHY_EDGE_ROW_199_1_Left_410 of gf180mcu_fd_sc_mcu9t5v0__endcap in cell butterfold_top
Note:  Implicit pin VPW in instance PHY_EDGE_ROW_199_1_Left_410 of gf180mcu_fd_sc_mcu9t5v0__endcap in cell butterfold_top
Note:  Implicit pin VNW in instance PHY_EDGE_ROW_199_1_Right_559 of gf180mcu_fd_sc_mcu9t5v0__endcap in cell butterfold_top
Note:  Implicit pin VPW in instance PHY_EDGE_ROW_199_1_Right_559 of gf180mcu_fd_sc_mcu9t5v0__endcap in cell butterfold_top
Note:  Implicit pin VNW in instance PHY_EDGE_ROW_199_2_Left_487 of gf180mcu_fd_sc_mcu9t5v0__endcap in cell butterfold_top
Note:  Implicit pin VPW in instance PHY_EDGE_ROW_199_2_Left_487 of gf180mcu_fd_sc_mcu9t5v0__endcap in cell butterfold_top
Note:  Implicit pin VNW in instance PHY_EDGE_ROW_199_2_Right_706 of gf180mcu_fd_sc_mcu9t5v0__endcap in cell butterfold_top
Note:  Implicit pin VPW in instance PHY_EDGE_ROW_199_2_Right_706 of gf180mcu_fd_sc_mcu9t5v0__endcap in cell butterfold_top
Note:  Implicit pin VNW in instance PHY_EDGE_ROW_199_3_Left_633 of gf180mcu_fd_sc_mcu9t5v0__endcap in cell butterfold_top
Note:  Implicit pin VPW in instance PHY_EDGE_ROW_199_3_Left_633 of gf180mcu_fd_sc_mcu9t5v0__endcap in cell butterfold_top
Note:  Implicit pin VNW in instance PHY_EDGE_ROW_199_3_Right_202 of gf180mcu_fd_sc_mcu9t5v0__endcap in cell butterfold_top
Note:  Implicit pin VPW in instance PHY_EDGE_ROW_199_3_Right_202 of gf180mcu_fd_sc_mcu9t5v0__endcap in cell butterfold_top
Note:  Implicit pin VNW in instance PHY_EDGE_ROW_19_Left_231 of gf180mcu_fd_sc_mcu9t5v0__endcap in cell butterfold_top
Note:  Implicit pin VPW in instance PHY_EDGE_ROW_19_Left_231 of gf180mcu_fd_sc_mcu9t5v0__endcap in cell butterfold_top
Note:  Implicit pin VNW in instance PHY_EDGE_ROW_19_Right_19 of gf180mcu_fd_sc_mcu9t5v0__endcap in cell butterfold_top
Note:  Implicit pin VPW in instance PHY_EDGE_ROW_19_Right_19 of gf180mcu_fd_sc_mcu9t5v0__endcap in cell butterfold_top
Note:  Implicit pin VNW in instance PHY_EDGE_ROW_1_Left_213 of gf180mcu_fd_sc_mcu9t5v0__endcap in cell butterfold_top
Note:  Implicit pin VPW in instance PHY_EDGE_ROW_1_Left_213 of gf180mcu_fd_sc_mcu9t5v0__endcap in cell butterfold_top
Note:  Implicit pin VNW in instance PHY_EDGE_ROW_1_Right_1 of gf180mcu_fd_sc_mcu9t5v0__endcap in cell butterfold_top
Note:  Implicit pin VPW in instance PHY_EDGE_ROW_1_Right_1 of gf180mcu_fd_sc_mcu9t5v0__endcap in cell butterfold_top
Note:  Implicit pin VNW in instance PHY_EDGE_ROW_200_1_Left_411 of gf180mcu_fd_sc_mcu9t5v0__endcap in cell butterfold_top
Note:  Implicit pin VPW in instance PHY_EDGE_ROW_200_1_Left_411 of gf180mcu_fd_sc_mcu9t5v0__endcap in cell butterfold_top
Note:  Implicit pin VNW in instance PHY_EDGE_ROW_200_1_Right_560 of gf180mcu_fd_sc_mcu9t5v0__endcap in cell butterfold_top
Note:  Implicit pin VPW in instance PHY_EDGE_ROW_200_1_Right_560 of gf180mcu_fd_sc_mcu9t5v0__endcap in cell butterfold_top
Note:  Implicit pin VNW in instance PHY_EDGE_ROW_200_2_Left_488 of gf180mcu_fd_sc_mcu9t5v0__endcap in cell butterfold_top
Note:  Implicit pin VPW in instance PHY_EDGE_ROW_200_2_Left_488 of gf180mcu_fd_sc_mcu9t5v0__endcap in cell butterfold_top
Note:  Implicit pin VNW in instance PHY_EDGE_ROW_200_2_Right_707 of gf180mcu_fd_sc_mcu9t5v0__endcap in cell butterfold_top
Note:  Implicit pin VPW in instance PHY_EDGE_ROW_200_2_Right_707 of gf180mcu_fd_sc_mcu9t5v0__endcap in cell butterfold_top
Note:  Implicit pin VNW in instance PHY_EDGE_ROW_200_3_Left_634 of gf180mcu_fd_sc_mcu9t5v0__endcap in cell butterfold_top
Note:  Implicit pin VPW in instance PHY_EDGE_ROW_200_3_Left_634 of gf180mcu_fd_sc_mcu9t5v0__endcap in cell butterfold_top
Note:  Implicit pin VNW in instance PHY_EDGE_ROW_200_3_Right_203 of gf180mcu_fd_sc_mcu9t5v0__endcap in cell butterfold_top
Note:  Implicit pin VPW in instance PHY_EDGE_ROW_200_3_Right_203 of gf180mcu_fd_sc_mcu9t5v0__endcap in cell butterfold_top
Note:  Implicit pin VNW in instance PHY_EDGE_ROW_201_1_Left_412 of gf180mcu_fd_sc_mcu9t5v0__endcap in cell butterfold_top
Note:  Implicit pin VPW in instance PHY_EDGE_ROW_201_1_Left_412 of gf180mcu_fd_sc_mcu9t5v0__endcap in cell butterfold_top
Note:  Implicit pin VNW in instance PHY_EDGE_ROW_201_1_Right_561 of gf180mcu_fd_sc_mcu9t5v0__endcap in cell butterfold_top
Note:  Implicit pin VPW in instance PHY_EDGE_ROW_201_1_Right_561 of gf180mcu_fd_sc_mcu9t5v0__endcap in cell butterfold_top
Note:  Implicit pin VNW in instance PHY_EDGE_ROW_201_2_Left_489 of gf180mcu_fd_sc_mcu9t5v0__endcap in cell butterfold_top
Note:  Implicit pin VPW in instance PHY_EDGE_ROW_201_2_Left_489 of gf180mcu_fd_sc_mcu9t5v0__endcap in cell butterfold_top
Note:  Implicit pin VNW in instance PHY_EDGE_ROW_201_2_Right_708 of gf180mcu_fd_sc_mcu9t5v0__endcap in cell butterfold_top
Note:  Implicit pin VPW in instance PHY_EDGE_ROW_201_2_Right_708 of gf180mcu_fd_sc_mcu9t5v0__endcap in cell butterfold_top
Note:  Implicit pin VNW in instance PHY_EDGE_ROW_201_3_Left_635 of gf180mcu_fd_sc_mcu9t5v0__endcap in cell butterfold_top
Note:  Implicit pin VPW in instance PHY_EDGE_ROW_201_3_Left_635 of gf180mcu_fd_sc_mcu9t5v0__endcap in cell butterfold_top
Note:  Implicit pin VNW in instance PHY_EDGE_ROW_201_3_Right_204 of gf180mcu_fd_sc_mcu9t5v0__endcap in cell butterfold_top
Note:  Implicit pin VPW in instance PHY_EDGE_ROW_201_3_Right_204 of gf180mcu_fd_sc_mcu9t5v0__endcap in cell butterfold_top
Note:  Implicit pin VNW in instance PHY_EDGE_ROW_202_1_Left_413 of gf180mcu_fd_sc_mcu9t5v0__endcap in cell butterfold_top
Note:  Implicit pin VPW in instance PHY_EDGE_ROW_202_1_Left_413 of gf180mcu_fd_sc_mcu9t5v0__endcap in cell butterfold_top
Note:  Implicit pin VNW in instance PHY_EDGE_ROW_202_1_Right_562 of gf180mcu_fd_sc_mcu9t5v0__endcap in cell butterfold_top
Note:  Implicit pin VPW in instance PHY_EDGE_ROW_202_1_Right_562 of gf180mcu_fd_sc_mcu9t5v0__endcap in cell butterfold_top
Note:  Implicit pin VNW in instance PHY_EDGE_ROW_202_2_Left_490 of gf180mcu_fd_sc_mcu9t5v0__endcap in cell butterfold_top
Note:  Implicit pin VPW in instance PHY_EDGE_ROW_202_2_Left_490 of gf180mcu_fd_sc_mcu9t5v0__endcap in cell butterfold_top
Note:  Implicit pin VNW in instance PHY_EDGE_ROW_202_2_Right_709 of gf180mcu_fd_sc_mcu9t5v0__endcap in cell butterfold_top
Note:  Implicit pin VPW in instance PHY_EDGE_ROW_202_2_Right_709 of gf180mcu_fd_sc_mcu9t5v0__endcap in cell butterfold_top
Note:  Implicit pin VNW in instance PHY_EDGE_ROW_202_3_Left_636 of gf180mcu_fd_sc_mcu9t5v0__endcap in cell butterfold_top
Note:  Implicit pin VPW in instance PHY_EDGE_ROW_202_3_Left_636 of gf180mcu_fd_sc_mcu9t5v0__endcap in cell butterfold_top
Note:  Implicit pin VNW in instance PHY_EDGE_ROW_202_3_Right_205 of gf180mcu_fd_sc_mcu9t5v0__endcap in cell butterfold_top
Note:  Implicit pin VPW in instance PHY_EDGE_ROW_202_3_Right_205 of gf180mcu_fd_sc_mcu9t5v0__endcap in cell butterfold_top
Note:  Implicit pin VNW in instance PHY_EDGE_ROW_203_1_Left_414 of gf180mcu_fd_sc_mcu9t5v0__endcap in cell butterfold_top
Note:  Implicit pin VPW in instance PHY_EDGE_ROW_203_1_Left_414 of gf180mcu_fd_sc_mcu9t5v0__endcap in cell butterfold_top
Note:  Implicit pin VNW in instance PHY_EDGE_ROW_203_1_Right_563 of gf180mcu_fd_sc_mcu9t5v0__endcap in cell butterfold_top
Note:  Implicit pin VPW in instance PHY_EDGE_ROW_203_1_Right_563 of gf180mcu_fd_sc_mcu9t5v0__endcap in cell butterfold_top
Note:  Implicit pin VNW in instance PHY_EDGE_ROW_203_2_Left_491 of gf180mcu_fd_sc_mcu9t5v0__endcap in cell butterfold_top
Note:  Implicit pin VPW in instance PHY_EDGE_ROW_203_2_Left_491 of gf180mcu_fd_sc_mcu9t5v0__endcap in cell butterfold_top
Note:  Implicit pin VNW in instance PHY_EDGE_ROW_203_2_Right_710 of gf180mcu_fd_sc_mcu9t5v0__endcap in cell butterfold_top
Note:  Implicit pin VPW in instance PHY_EDGE_ROW_203_2_Right_710 of gf180mcu_fd_sc_mcu9t5v0__endcap in cell butterfold_top
Note:  Implicit pin VNW in instance PHY_EDGE_ROW_203_3_Left_637 of gf180mcu_fd_sc_mcu9t5v0__endcap in cell butterfold_top
Note:  Implicit pin VPW in instance PHY_EDGE_ROW_203_3_Left_637 of gf180mcu_fd_sc_mcu9t5v0__endcap in cell butterfold_top
Note:  Implicit pin VNW in instance PHY_EDGE_ROW_203_3_Right_206 of gf180mcu_fd_sc_mcu9t5v0__endcap in cell butterfold_top
Note:  Implicit pin VPW in instance PHY_EDGE_ROW_203_3_Right_206 of gf180mcu_fd_sc_mcu9t5v0__endcap in cell butterfold_top
Note:  Implicit pin VNW in instance PHY_EDGE_ROW_204_1_Left_415 of gf180mcu_fd_sc_mcu9t5v0__endcap in cell butterfold_top
Note:  Implicit pin VPW in instance PHY_EDGE_ROW_204_1_Left_415 of gf180mcu_fd_sc_mcu9t5v0__endcap in cell butterfold_top
Note:  Implicit pin VNW in instance PHY_EDGE_ROW_204_1_Right_564 of gf180mcu_fd_sc_mcu9t5v0__endcap in cell butterfold_top
Note:  Implicit pin VPW in instance PHY_EDGE_ROW_204_1_Right_564 of gf180mcu_fd_sc_mcu9t5v0__endcap in cell butterfold_top
Note:  Implicit pin VNW in instance PHY_EDGE_ROW_204_2_Left_492 of gf180mcu_fd_sc_mcu9t5v0__endcap in cell butterfold_top
Note:  Implicit pin VPW in instance PHY_EDGE_ROW_204_2_Left_492 of gf180mcu_fd_sc_mcu9t5v0__endcap in cell butterfold_top
Note:  Implicit pin VNW in instance PHY_EDGE_ROW_204_2_Right_711 of gf180mcu_fd_sc_mcu9t5v0__endcap in cell butterfold_top
Note:  Implicit pin VPW in instance PHY_EDGE_ROW_204_2_Right_711 of gf180mcu_fd_sc_mcu9t5v0__endcap in cell butterfold_top
Note:  Implicit pin VNW in instance PHY_EDGE_ROW_204_3_Left_638 of gf180mcu_fd_sc_mcu9t5v0__endcap in cell butterfold_top
Note:  Implicit pin VPW in instance PHY_EDGE_ROW_204_3_Left_638 of gf180mcu_fd_sc_mcu9t5v0__endcap in cell butterfold_top
Note:  Implicit pin VNW in instance PHY_EDGE_ROW_204_3_Right_207 of gf180mcu_fd_sc_mcu9t5v0__endcap in cell butterfold_top
Note:  Implicit pin VPW in instance PHY_EDGE_ROW_204_3_Right_207 of gf180mcu_fd_sc_mcu9t5v0__endcap in cell butterfold_top
Note:  Implicit pin VNW in instance PHY_EDGE_ROW_205_1_Left_416 of gf180mcu_fd_sc_mcu9t5v0__endcap in cell butterfold_top
Note:  Implicit pin VPW in instance PHY_EDGE_ROW_205_1_Left_416 of gf180mcu_fd_sc_mcu9t5v0__endcap in cell butterfold_top
Note:  Implicit pin VNW in instance PHY_EDGE_ROW_205_1_Right_565 of gf180mcu_fd_sc_mcu9t5v0__endcap in cell butterfold_top
Note:  Implicit pin VPW in instance PHY_EDGE_ROW_205_1_Right_565 of gf180mcu_fd_sc_mcu9t5v0__endcap in cell butterfold_top
Note:  Implicit pin VNW in instance PHY_EDGE_ROW_205_2_Left_493 of gf180mcu_fd_sc_mcu9t5v0__endcap in cell butterfold_top
Note:  Implicit pin VPW in instance PHY_EDGE_ROW_205_2_Left_493 of gf180mcu_fd_sc_mcu9t5v0__endcap in cell butterfold_top
Note:  Implicit pin VNW in instance PHY_EDGE_ROW_205_2_Right_712 of gf180mcu_fd_sc_mcu9t5v0__endcap in cell butterfold_top
Note:  Implicit pin VPW in instance PHY_EDGE_ROW_205_2_Right_712 of gf180mcu_fd_sc_mcu9t5v0__endcap in cell butterfold_top
Note:  Implicit pin VNW in instance PHY_EDGE_ROW_205_3_Left_639 of gf180mcu_fd_sc_mcu9t5v0__endcap in cell butterfold_top
Note:  Implicit pin VPW in instance PHY_EDGE_ROW_205_3_Left_639 of gf180mcu_fd_sc_mcu9t5v0__endcap in cell butterfold_top
Note:  Implicit pin VNW in instance PHY_EDGE_ROW_205_3_Right_208 of gf180mcu_fd_sc_mcu9t5v0__endcap in cell butterfold_top
Note:  Implicit pin VPW in instance PHY_EDGE_ROW_205_3_Right_208 of gf180mcu_fd_sc_mcu9t5v0__endcap in cell butterfold_top
Note:  Implicit pin VNW in instance PHY_EDGE_ROW_206_1_Left_417 of gf180mcu_fd_sc_mcu9t5v0__endcap in cell butterfold_top
Note:  Implicit pin VPW in instance PHY_EDGE_ROW_206_1_Left_417 of gf180mcu_fd_sc_mcu9t5v0__endcap in cell butterfold_top
Note:  Implicit pin VNW in instance PHY_EDGE_ROW_206_1_Right_566 of gf180mcu_fd_sc_mcu9t5v0__endcap in cell butterfold_top
Note:  Implicit pin VPW in instance PHY_EDGE_ROW_206_1_Right_566 of gf180mcu_fd_sc_mcu9t5v0__endcap in cell butterfold_top
Note:  Implicit pin VNW in instance PHY_EDGE_ROW_206_2_Left_494 of gf180mcu_fd_sc_mcu9t5v0__endcap in cell butterfold_top
Note:  Implicit pin VPW in instance PHY_EDGE_ROW_206_2_Left_494 of gf180mcu_fd_sc_mcu9t5v0__endcap in cell butterfold_top
Note:  Implicit pin VNW in instance PHY_EDGE_ROW_206_2_Right_713 of gf180mcu_fd_sc_mcu9t5v0__endcap in cell butterfold_top
Note:  Implicit pin VPW in instance PHY_EDGE_ROW_206_2_Right_713 of gf180mcu_fd_sc_mcu9t5v0__endcap in cell butterfold_top
Note:  Implicit pin VNW in instance PHY_EDGE_ROW_206_3_Left_640 of gf180mcu_fd_sc_mcu9t5v0__endcap in cell butterfold_top
Note:  Implicit pin VPW in instance PHY_EDGE_ROW_206_3_Left_640 of gf180mcu_fd_sc_mcu9t5v0__endcap in cell butterfold_top
Note:  Implicit pin VNW in instance PHY_EDGE_ROW_206_3_Right_209 of gf180mcu_fd_sc_mcu9t5v0__endcap in cell butterfold_top
Note:  Implicit pin VPW in instance PHY_EDGE_ROW_206_3_Right_209 of gf180mcu_fd_sc_mcu9t5v0__endcap in cell butterfold_top
Note:  Implicit pin VNW in instance PHY_EDGE_ROW_207_1_Left_418 of gf180mcu_fd_sc_mcu9t5v0__endcap in cell butterfold_top
Note:  Implicit pin VPW in instance PHY_EDGE_ROW_207_1_Left_418 of gf180mcu_fd_sc_mcu9t5v0__endcap in cell butterfold_top
Note:  Implicit pin VNW in instance PHY_EDGE_ROW_207_1_Right_567 of gf180mcu_fd_sc_mcu9t5v0__endcap in cell butterfold_top
Note:  Implicit pin VPW in instance PHY_EDGE_ROW_207_1_Right_567 of gf180mcu_fd_sc_mcu9t5v0__endcap in cell butterfold_top
Note:  Implicit pin VNW in instance PHY_EDGE_ROW_207_2_Left_495 of gf180mcu_fd_sc_mcu9t5v0__endcap in cell butterfold_top
Note:  Implicit pin VPW in instance PHY_EDGE_ROW_207_2_Left_495 of gf180mcu_fd_sc_mcu9t5v0__endcap in cell butterfold_top
Note:  Implicit pin VNW in instance PHY_EDGE_ROW_207_2_Right_714 of gf180mcu_fd_sc_mcu9t5v0__endcap in cell butterfold_top
Note:  Implicit pin VPW in instance PHY_EDGE_ROW_207_2_Right_714 of gf180mcu_fd_sc_mcu9t5v0__endcap in cell butterfold_top
Note:  Implicit pin VNW in instance PHY_EDGE_ROW_207_3_Left_641 of gf180mcu_fd_sc_mcu9t5v0__endcap in cell butterfold_top
Note:  Implicit pin VPW in instance PHY_EDGE_ROW_207_3_Left_641 of gf180mcu_fd_sc_mcu9t5v0__endcap in cell butterfold_top
Note:  Implicit pin VNW in instance PHY_EDGE_ROW_207_3_Right_210 of gf180mcu_fd_sc_mcu9t5v0__endcap in cell butterfold_top
Note:  Implicit pin VPW in instance PHY_EDGE_ROW_207_3_Right_210 of gf180mcu_fd_sc_mcu9t5v0__endcap in cell butterfold_top
Note:  Implicit pin VNW in instance PHY_EDGE_ROW_208_1_Left_419 of gf180mcu_fd_sc_mcu9t5v0__endcap in cell butterfold_top
Note:  Implicit pin VPW in instance PHY_EDGE_ROW_208_1_Left_419 of gf180mcu_fd_sc_mcu9t5v0__endcap in cell butterfold_top
Note:  Implicit pin VNW in instance PHY_EDGE_ROW_208_1_Right_568 of gf180mcu_fd_sc_mcu9t5v0__endcap in cell butterfold_top
Note:  Implicit pin VPW in instance PHY_EDGE_ROW_208_1_Right_568 of gf180mcu_fd_sc_mcu9t5v0__endcap in cell butterfold_top
Note:  Implicit pin VNW in instance PHY_EDGE_ROW_208_2_Left_496 of gf180mcu_fd_sc_mcu9t5v0__endcap in cell butterfold_top
Note:  Implicit pin VPW in instance PHY_EDGE_ROW_208_2_Left_496 of gf180mcu_fd_sc_mcu9t5v0__endcap in cell butterfold_top
Note:  Implicit pin VNW in instance PHY_EDGE_ROW_208_2_Right_715 of gf180mcu_fd_sc_mcu9t5v0__endcap in cell butterfold_top
Note:  Implicit pin VPW in instance PHY_EDGE_ROW_208_2_Right_715 of gf180mcu_fd_sc_mcu9t5v0__endcap in cell butterfold_top
Note:  Implicit pin VNW in instance PHY_EDGE_ROW_208_3_Left_642 of gf180mcu_fd_sc_mcu9t5v0__endcap in cell butterfold_top
Note:  Implicit pin VPW in instance PHY_EDGE_ROW_208_3_Left_642 of gf180mcu_fd_sc_mcu9t5v0__endcap in cell butterfold_top
Note:  Implicit pin VNW in instance PHY_EDGE_ROW_208_3_Right_211 of gf180mcu_fd_sc_mcu9t5v0__endcap in cell butterfold_top
Note:  Implicit pin VPW in instance PHY_EDGE_ROW_208_3_Right_211 of gf180mcu_fd_sc_mcu9t5v0__endcap in cell butterfold_top
Note:  Implicit pin VNW in instance PHY_EDGE_ROW_209_Left_420 of gf180mcu_fd_sc_mcu9t5v0__endcap in cell butterfold_top
Note:  Implicit pin VPW in instance PHY_EDGE_ROW_209_Left_420 of gf180mcu_fd_sc_mcu9t5v0__endcap in cell butterfold_top
Note:  Implicit pin VNW in instance PHY_EDGE_ROW_209_Right_136 of gf180mcu_fd_sc_mcu9t5v0__endcap in cell butterfold_top
Note:  Implicit pin VPW in instance PHY_EDGE_ROW_209_Right_136 of gf180mcu_fd_sc_mcu9t5v0__endcap in cell butterfold_top
Note:  Implicit pin VNW in instance PHY_EDGE_ROW_20_Left_232 of gf180mcu_fd_sc_mcu9t5v0__endcap in cell butterfold_top
Note:  Implicit pin VPW in instance PHY_EDGE_ROW_20_Left_232 of gf180mcu_fd_sc_mcu9t5v0__endcap in cell butterfold_top
Note:  Implicit pin VNW in instance PHY_EDGE_ROW_20_Right_20 of gf180mcu_fd_sc_mcu9t5v0__endcap in cell butterfold_top
Note:  Implicit pin VPW in instance PHY_EDGE_ROW_20_Right_20 of gf180mcu_fd_sc_mcu9t5v0__endcap in cell butterfold_top
Note:  Implicit pin VNW in instance PHY_EDGE_ROW_210_Left_421 of gf180mcu_fd_sc_mcu9t5v0__endcap in cell butterfold_top
Note:  Implicit pin VPW in instance PHY_EDGE_ROW_210_Left_421 of gf180mcu_fd_sc_mcu9t5v0__endcap in cell butterfold_top
Note:  Implicit pin VNW in instance PHY_EDGE_ROW_210_Right_137 of gf180mcu_fd_sc_mcu9t5v0__endcap in cell butterfold_top
Note:  Implicit pin VPW in instance PHY_EDGE_ROW_210_Right_137 of gf180mcu_fd_sc_mcu9t5v0__endcap in cell butterfold_top
Note:  Implicit pin VNW in instance PHY_EDGE_ROW_211_Left_422 of gf180mcu_fd_sc_mcu9t5v0__endcap in cell butterfold_top
Note:  Implicit pin VPW in instance PHY_EDGE_ROW_211_Left_422 of gf180mcu_fd_sc_mcu9t5v0__endcap in cell butterfold_top
Note:  Implicit pin VNW in instance PHY_EDGE_ROW_211_Right_138 of gf180mcu_fd_sc_mcu9t5v0__endcap in cell butterfold_top
Note:  Implicit pin VPW in instance PHY_EDGE_ROW_211_Right_138 of gf180mcu_fd_sc_mcu9t5v0__endcap in cell butterfold_top
Note:  Implicit pin VNW in instance PHY_EDGE_ROW_21_Left_233 of gf180mcu_fd_sc_mcu9t5v0__endcap in cell butterfold_top
Note:  Implicit pin VPW in instance PHY_EDGE_ROW_21_Left_233 of gf180mcu_fd_sc_mcu9t5v0__endcap in cell butterfold_top
Note:  Implicit pin VNW in instance PHY_EDGE_ROW_21_Right_21 of gf180mcu_fd_sc_mcu9t5v0__endcap in cell butterfold_top
Note:  Implicit pin VPW in instance PHY_EDGE_ROW_21_Right_21 of gf180mcu_fd_sc_mcu9t5v0__endcap in cell butterfold_top
Note:  Implicit pin VNW in instance PHY_EDGE_ROW_22_Left_234 of gf180mcu_fd_sc_mcu9t5v0__endcap in cell butterfold_top
Note:  Implicit pin VPW in instance PHY_EDGE_ROW_22_Left_234 of gf180mcu_fd_sc_mcu9t5v0__endcap in cell butterfold_top
Note:  Implicit pin VNW in instance PHY_EDGE_ROW_22_Right_22 of gf180mcu_fd_sc_mcu9t5v0__endcap in cell butterfold_top
Note:  Implicit pin VPW in instance PHY_EDGE_ROW_22_Right_22 of gf180mcu_fd_sc_mcu9t5v0__endcap in cell butterfold_top
Note:  Implicit pin VNW in instance PHY_EDGE_ROW_23_Left_235 of gf180mcu_fd_sc_mcu9t5v0__endcap in cell butterfold_top
Note:  Implicit pin VPW in instance PHY_EDGE_ROW_23_Left_235 of gf180mcu_fd_sc_mcu9t5v0__endcap in cell butterfold_top
Note:  Implicit pin VNW in instance PHY_EDGE_ROW_23_Right_23 of gf180mcu_fd_sc_mcu9t5v0__endcap in cell butterfold_top
Note:  Implicit pin VPW in instance PHY_EDGE_ROW_23_Right_23 of gf180mcu_fd_sc_mcu9t5v0__endcap in cell butterfold_top
Note:  Implicit pin VNW in instance PHY_EDGE_ROW_24_Left_236 of gf180mcu_fd_sc_mcu9t5v0__endcap in cell butterfold_top
Note:  Implicit pin VPW in instance PHY_EDGE_ROW_24_Left_236 of gf180mcu_fd_sc_mcu9t5v0__endcap in cell butterfold_top
Note:  Implicit pin VNW in instance PHY_EDGE_ROW_24_Right_24 of gf180mcu_fd_sc_mcu9t5v0__endcap in cell butterfold_top
Note:  Implicit pin VPW in instance PHY_EDGE_ROW_24_Right_24 of gf180mcu_fd_sc_mcu9t5v0__endcap in cell butterfold_top
Note:  Implicit pin VNW in instance PHY_EDGE_ROW_25_Left_237 of gf180mcu_fd_sc_mcu9t5v0__endcap in cell butterfold_top
Note:  Implicit pin VPW in instance PHY_EDGE_ROW_25_Left_237 of gf180mcu_fd_sc_mcu9t5v0__endcap in cell butterfold_top
Note:  Implicit pin VNW in instance PHY_EDGE_ROW_25_Right_25 of gf180mcu_fd_sc_mcu9t5v0__endcap in cell butterfold_top
Note:  Implicit pin VPW in instance PHY_EDGE_ROW_25_Right_25 of gf180mcu_fd_sc_mcu9t5v0__endcap in cell butterfold_top
Note:  Implicit pin VNW in instance PHY_EDGE_ROW_26_Left_238 of gf180mcu_fd_sc_mcu9t5v0__endcap in cell butterfold_top
Note:  Implicit pin VPW in instance PHY_EDGE_ROW_26_Left_238 of gf180mcu_fd_sc_mcu9t5v0__endcap in cell butterfold_top
Note:  Implicit pin VNW in instance PHY_EDGE_ROW_26_Right_26 of gf180mcu_fd_sc_mcu9t5v0__endcap in cell butterfold_top
Note:  Implicit pin VPW in instance PHY_EDGE_ROW_26_Right_26 of gf180mcu_fd_sc_mcu9t5v0__endcap in cell butterfold_top
Note:  Implicit pin VNW in instance PHY_EDGE_ROW_27_Left_239 of gf180mcu_fd_sc_mcu9t5v0__endcap in cell butterfold_top
Note:  Implicit pin VPW in instance PHY_EDGE_ROW_27_Left_239 of gf180mcu_fd_sc_mcu9t5v0__endcap in cell butterfold_top
Note:  Implicit pin VNW in instance PHY_EDGE_ROW_27_Right_27 of gf180mcu_fd_sc_mcu9t5v0__endcap in cell butterfold_top
Note:  Implicit pin VPW in instance PHY_EDGE_ROW_27_Right_27 of gf180mcu_fd_sc_mcu9t5v0__endcap in cell butterfold_top
Note:  Implicit pin VNW in instance PHY_EDGE_ROW_28_Left_240 of gf180mcu_fd_sc_mcu9t5v0__endcap in cell butterfold_top
Note:  Implicit pin VPW in instance PHY_EDGE_ROW_28_Left_240 of gf180mcu_fd_sc_mcu9t5v0__endcap in cell butterfold_top
Note:  Implicit pin VNW in instance PHY_EDGE_ROW_28_Right_28 of gf180mcu_fd_sc_mcu9t5v0__endcap in cell butterfold_top
Note:  Implicit pin VPW in instance PHY_EDGE_ROW_28_Right_28 of gf180mcu_fd_sc_mcu9t5v0__endcap in cell butterfold_top
Note:  Implicit pin VNW in instance PHY_EDGE_ROW_29_Left_241 of gf180mcu_fd_sc_mcu9t5v0__endcap in cell butterfold_top
Note:  Implicit pin VPW in instance PHY_EDGE_ROW_29_Left_241 of gf180mcu_fd_sc_mcu9t5v0__endcap in cell butterfold_top
Note:  Implicit pin VNW in instance PHY_EDGE_ROW_29_Right_29 of gf180mcu_fd_sc_mcu9t5v0__endcap in cell butterfold_top
Note:  Implicit pin VPW in instance PHY_EDGE_ROW_29_Right_29 of gf180mcu_fd_sc_mcu9t5v0__endcap in cell butterfold_top
Note:  Implicit pin VNW in instance PHY_EDGE_ROW_2_Left_214 of gf180mcu_fd_sc_mcu9t5v0__endcap in cell butterfold_top
Note:  Implicit pin VPW in instance PHY_EDGE_ROW_2_Left_214 of gf180mcu_fd_sc_mcu9t5v0__endcap in cell butterfold_top
Note:  Implicit pin VNW in instance PHY_EDGE_ROW_2_Right_2 of gf180mcu_fd_sc_mcu9t5v0__endcap in cell butterfold_top
Note:  Implicit pin VPW in instance PHY_EDGE_ROW_2_Right_2 of gf180mcu_fd_sc_mcu9t5v0__endcap in cell butterfold_top
Note:  Implicit pin VNW in instance PHY_EDGE_ROW_30_Left_242 of gf180mcu_fd_sc_mcu9t5v0__endcap in cell butterfold_top
Note:  Implicit pin VPW in instance PHY_EDGE_ROW_30_Left_242 of gf180mcu_fd_sc_mcu9t5v0__endcap in cell butterfold_top
Note:  Implicit pin VNW in instance PHY_EDGE_ROW_30_Right_30 of gf180mcu_fd_sc_mcu9t5v0__endcap in cell butterfold_top
Note:  Implicit pin VPW in instance PHY_EDGE_ROW_30_Right_30 of gf180mcu_fd_sc_mcu9t5v0__endcap in cell butterfold_top
Note:  Implicit pin VNW in instance PHY_EDGE_ROW_31_Left_243 of gf180mcu_fd_sc_mcu9t5v0__endcap in cell butterfold_top
Note:  Implicit pin VPW in instance PHY_EDGE_ROW_31_Left_243 of gf180mcu_fd_sc_mcu9t5v0__endcap in cell butterfold_top
Note:  Implicit pin VNW in instance PHY_EDGE_ROW_31_Right_31 of gf180mcu_fd_sc_mcu9t5v0__endcap in cell butterfold_top
Note:  Implicit pin VPW in instance PHY_EDGE_ROW_31_Right_31 of gf180mcu_fd_sc_mcu9t5v0__endcap in cell butterfold_top
Note:  Implicit pin VNW in instance PHY_EDGE_ROW_32_Left_244 of gf180mcu_fd_sc_mcu9t5v0__endcap in cell butterfold_top
Note:  Implicit pin VPW in instance PHY_EDGE_ROW_32_Left_244 of gf180mcu_fd_sc_mcu9t5v0__endcap in cell butterfold_top
Note:  Implicit pin VNW in instance PHY_EDGE_ROW_32_Right_32 of gf180mcu_fd_sc_mcu9t5v0__endcap in cell butterfold_top
Note:  Implicit pin VPW in instance PHY_EDGE_ROW_32_Right_32 of gf180mcu_fd_sc_mcu9t5v0__endcap in cell butterfold_top
Note:  Implicit pin VNW in instance PHY_EDGE_ROW_33_Left_245 of gf180mcu_fd_sc_mcu9t5v0__endcap in cell butterfold_top
Note:  Implicit pin VPW in instance PHY_EDGE_ROW_33_Left_245 of gf180mcu_fd_sc_mcu9t5v0__endcap in cell butterfold_top
Note:  Implicit pin VNW in instance PHY_EDGE_ROW_33_Right_33 of gf180mcu_fd_sc_mcu9t5v0__endcap in cell butterfold_top
Note:  Implicit pin VPW in instance PHY_EDGE_ROW_33_Right_33 of gf180mcu_fd_sc_mcu9t5v0__endcap in cell butterfold_top
Note:  Implicit pin VNW in instance PHY_EDGE_ROW_34_Left_246 of gf180mcu_fd_sc_mcu9t5v0__endcap in cell butterfold_top
Note:  Implicit pin VPW in instance PHY_EDGE_ROW_34_Left_246 of gf180mcu_fd_sc_mcu9t5v0__endcap in cell butterfold_top
Note:  Implicit pin VNW in instance PHY_EDGE_ROW_34_Right_34 of gf180mcu_fd_sc_mcu9t5v0__endcap in cell butterfold_top
Note:  Implicit pin VPW in instance PHY_EDGE_ROW_34_Right_34 of gf180mcu_fd_sc_mcu9t5v0__endcap in cell butterfold_top
Note:  Implicit pin VNW in instance PHY_EDGE_ROW_35_Left_247 of gf180mcu_fd_sc_mcu9t5v0__endcap in cell butterfold_top
Note:  Implicit pin VPW in instance PHY_EDGE_ROW_35_Left_247 of gf180mcu_fd_sc_mcu9t5v0__endcap in cell butterfold_top
Note:  Implicit pin VNW in instance PHY_EDGE_ROW_35_Right_35 of gf180mcu_fd_sc_mcu9t5v0__endcap in cell butterfold_top
Note:  Implicit pin VPW in instance PHY_EDGE_ROW_35_Right_35 of gf180mcu_fd_sc_mcu9t5v0__endcap in cell butterfold_top
Note:  Implicit pin VNW in instance PHY_EDGE_ROW_36_Left_248 of gf180mcu_fd_sc_mcu9t5v0__endcap in cell butterfold_top
Note:  Implicit pin VPW in instance PHY_EDGE_ROW_36_Left_248 of gf180mcu_fd_sc_mcu9t5v0__endcap in cell butterfold_top
Note:  Implicit pin VNW in instance PHY_EDGE_ROW_36_Right_36 of gf180mcu_fd_sc_mcu9t5v0__endcap in cell butterfold_top
Note:  Implicit pin VPW in instance PHY_EDGE_ROW_36_Right_36 of gf180mcu_fd_sc_mcu9t5v0__endcap in cell butterfold_top
Note:  Implicit pin VNW in instance PHY_EDGE_ROW_37_Left_249 of gf180mcu_fd_sc_mcu9t5v0__endcap in cell butterfold_top
Note:  Implicit pin VPW in instance PHY_EDGE_ROW_37_Left_249 of gf180mcu_fd_sc_mcu9t5v0__endcap in cell butterfold_top
Note:  Implicit pin VNW in instance PHY_EDGE_ROW_37_Right_37 of gf180mcu_fd_sc_mcu9t5v0__endcap in cell butterfold_top
Note:  Implicit pin VPW in instance PHY_EDGE_ROW_37_Right_37 of gf180mcu_fd_sc_mcu9t5v0__endcap in cell butterfold_top
Note:  Implicit pin VNW in instance PHY_EDGE_ROW_38_Left_250 of gf180mcu_fd_sc_mcu9t5v0__endcap in cell butterfold_top
Note:  Implicit pin VPW in instance PHY_EDGE_ROW_38_Left_250 of gf180mcu_fd_sc_mcu9t5v0__endcap in cell butterfold_top
Note:  Implicit pin VNW in instance PHY_EDGE_ROW_38_Right_38 of gf180mcu_fd_sc_mcu9t5v0__endcap in cell butterfold_top
Note:  Implicit pin VPW in instance PHY_EDGE_ROW_38_Right_38 of gf180mcu_fd_sc_mcu9t5v0__endcap in cell butterfold_top
Note:  Implicit pin VNW in instance PHY_EDGE_ROW_39_Left_251 of gf180mcu_fd_sc_mcu9t5v0__endcap in cell butterfold_top
Note:  Implicit pin VPW in instance PHY_EDGE_ROW_39_Left_251 of gf180mcu_fd_sc_mcu9t5v0__endcap in cell butterfold_top
Note:  Implicit pin VNW in instance PHY_EDGE_ROW_39_Right_39 of gf180mcu_fd_sc_mcu9t5v0__endcap in cell butterfold_top
Note:  Implicit pin VPW in instance PHY_EDGE_ROW_39_Right_39 of gf180mcu_fd_sc_mcu9t5v0__endcap in cell butterfold_top
Note:  Implicit pin VNW in instance PHY_EDGE_ROW_3_Left_215 of gf180mcu_fd_sc_mcu9t5v0__endcap in cell butterfold_top
Note:  Implicit pin VPW in instance PHY_EDGE_ROW_3_Left_215 of gf180mcu_fd_sc_mcu9t5v0__endcap in cell butterfold_top
Note:  Implicit pin VNW in instance PHY_EDGE_ROW_3_Right_3 of gf180mcu_fd_sc_mcu9t5v0__endcap in cell butterfold_top
Note:  Implicit pin VPW in instance PHY_EDGE_ROW_3_Right_3 of gf180mcu_fd_sc_mcu9t5v0__endcap in cell butterfold_top
Note:  Implicit pin VNW in instance PHY_EDGE_ROW_40_Left_252 of gf180mcu_fd_sc_mcu9t5v0__endcap in cell butterfold_top
Note:  Implicit pin VPW in instance PHY_EDGE_ROW_40_Left_252 of gf180mcu_fd_sc_mcu9t5v0__endcap in cell butterfold_top
Note:  Implicit pin VNW in instance PHY_EDGE_ROW_40_Right_40 of gf180mcu_fd_sc_mcu9t5v0__endcap in cell butterfold_top
Note:  Implicit pin VPW in instance PHY_EDGE_ROW_40_Right_40 of gf180mcu_fd_sc_mcu9t5v0__endcap in cell butterfold_top
Note:  Implicit pin VNW in instance PHY_EDGE_ROW_41_Left_253 of gf180mcu_fd_sc_mcu9t5v0__endcap in cell butterfold_top
Note:  Implicit pin VPW in instance PHY_EDGE_ROW_41_Left_253 of gf180mcu_fd_sc_mcu9t5v0__endcap in cell butterfold_top
Note:  Implicit pin VNW in instance PHY_EDGE_ROW_41_Right_41 of gf180mcu_fd_sc_mcu9t5v0__endcap in cell butterfold_top
Note:  Implicit pin VPW in instance PHY_EDGE_ROW_41_Right_41 of gf180mcu_fd_sc_mcu9t5v0__endcap in cell butterfold_top
Note:  Implicit pin VNW in instance PHY_EDGE_ROW_42_Left_254 of gf180mcu_fd_sc_mcu9t5v0__endcap in cell butterfold_top
Note:  Implicit pin VPW in instance PHY_EDGE_ROW_42_Left_254 of gf180mcu_fd_sc_mcu9t5v0__endcap in cell butterfold_top
Note:  Implicit pin VNW in instance PHY_EDGE_ROW_42_Right_42 of gf180mcu_fd_sc_mcu9t5v0__endcap in cell butterfold_top
Note:  Implicit pin VPW in instance PHY_EDGE_ROW_42_Right_42 of gf180mcu_fd_sc_mcu9t5v0__endcap in cell butterfold_top
Note:  Implicit pin VNW in instance PHY_EDGE_ROW_43_Left_255 of gf180mcu_fd_sc_mcu9t5v0__endcap in cell butterfold_top
Note:  Implicit pin VPW in instance PHY_EDGE_ROW_43_Left_255 of gf180mcu_fd_sc_mcu9t5v0__endcap in cell butterfold_top
Note:  Implicit pin VNW in instance PHY_EDGE_ROW_43_Right_43 of gf180mcu_fd_sc_mcu9t5v0__endcap in cell butterfold_top
Note:  Implicit pin VPW in instance PHY_EDGE_ROW_43_Right_43 of gf180mcu_fd_sc_mcu9t5v0__endcap in cell butterfold_top
Note:  Implicit pin VNW in instance PHY_EDGE_ROW_44_Left_256 of gf180mcu_fd_sc_mcu9t5v0__endcap in cell butterfold_top
Note:  Implicit pin VPW in instance PHY_EDGE_ROW_44_Left_256 of gf180mcu_fd_sc_mcu9t5v0__endcap in cell butterfold_top
Note:  Implicit pin VNW in instance PHY_EDGE_ROW_44_Right_44 of gf180mcu_fd_sc_mcu9t5v0__endcap in cell butterfold_top
Note:  Implicit pin VPW in instance PHY_EDGE_ROW_44_Right_44 of gf180mcu_fd_sc_mcu9t5v0__endcap in cell butterfold_top
Note:  Implicit pin VNW in instance PHY_EDGE_ROW_45_Left_257 of gf180mcu_fd_sc_mcu9t5v0__endcap in cell butterfold_top
Note:  Implicit pin VPW in instance PHY_EDGE_ROW_45_Left_257 of gf180mcu_fd_sc_mcu9t5v0__endcap in cell butterfold_top
Note:  Implicit pin VNW in instance PHY_EDGE_ROW_45_Right_45 of gf180mcu_fd_sc_mcu9t5v0__endcap in cell butterfold_top
Note:  Implicit pin VPW in instance PHY_EDGE_ROW_45_Right_45 of gf180mcu_fd_sc_mcu9t5v0__endcap in cell butterfold_top
Note:  Implicit pin VNW in instance PHY_EDGE_ROW_46_Left_258 of gf180mcu_fd_sc_mcu9t5v0__endcap in cell butterfold_top
Note:  Implicit pin VPW in instance PHY_EDGE_ROW_46_Left_258 of gf180mcu_fd_sc_mcu9t5v0__endcap in cell butterfold_top
Note:  Implicit pin VNW in instance PHY_EDGE_ROW_46_Right_46 of gf180mcu_fd_sc_mcu9t5v0__endcap in cell butterfold_top
Note:  Implicit pin VPW in instance PHY_EDGE_ROW_46_Right_46 of gf180mcu_fd_sc_mcu9t5v0__endcap in cell butterfold_top
Note:  Implicit pin VNW in instance PHY_EDGE_ROW_47_Left_259 of gf180mcu_fd_sc_mcu9t5v0__endcap in cell butterfold_top
Note:  Implicit pin VPW in instance PHY_EDGE_ROW_47_Left_259 of gf180mcu_fd_sc_mcu9t5v0__endcap in cell butterfold_top
Note:  Implicit pin VNW in instance PHY_EDGE_ROW_47_Right_47 of gf180mcu_fd_sc_mcu9t5v0__endcap in cell butterfold_top
Note:  Implicit pin VPW in instance PHY_EDGE_ROW_47_Right_47 of gf180mcu_fd_sc_mcu9t5v0__endcap in cell butterfold_top
Note:  Implicit pin VNW in instance PHY_EDGE_ROW_48_Left_260 of gf180mcu_fd_sc_mcu9t5v0__endcap in cell butterfold_top
Note:  Implicit pin VPW in instance PHY_EDGE_ROW_48_Left_260 of gf180mcu_fd_sc_mcu9t5v0__endcap in cell butterfold_top
Note:  Implicit pin VNW in instance PHY_EDGE_ROW_48_Right_48 of gf180mcu_fd_sc_mcu9t5v0__endcap in cell butterfold_top
Note:  Implicit pin VPW in instance PHY_EDGE_ROW_48_Right_48 of gf180mcu_fd_sc_mcu9t5v0__endcap in cell butterfold_top
Note:  Implicit pin VNW in instance PHY_EDGE_ROW_49_Left_261 of gf180mcu_fd_sc_mcu9t5v0__endcap in cell butterfold_top
Note:  Implicit pin VPW in instance PHY_EDGE_ROW_49_Left_261 of gf180mcu_fd_sc_mcu9t5v0__endcap in cell butterfold_top
Note:  Implicit pin VNW in instance PHY_EDGE_ROW_49_Right_49 of gf180mcu_fd_sc_mcu9t5v0__endcap in cell butterfold_top
Note:  Implicit pin VPW in instance PHY_EDGE_ROW_49_Right_49 of gf180mcu_fd_sc_mcu9t5v0__endcap in cell butterfold_top
Note:  Implicit pin VNW in instance PHY_EDGE_ROW_4_Left_216 of gf180mcu_fd_sc_mcu9t5v0__endcap in cell butterfold_top
Note:  Implicit pin VPW in instance PHY_EDGE_ROW_4_Left_216 of gf180mcu_fd_sc_mcu9t5v0__endcap in cell butterfold_top
Note:  Implicit pin VNW in instance PHY_EDGE_ROW_4_Right_4 of gf180mcu_fd_sc_mcu9t5v0__endcap in cell butterfold_top
Note:  Implicit pin VPW in instance PHY_EDGE_ROW_4_Right_4 of gf180mcu_fd_sc_mcu9t5v0__endcap in cell butterfold_top
Note:  Implicit pin VNW in instance PHY_EDGE_ROW_50_Left_262 of gf180mcu_fd_sc_mcu9t5v0__endcap in cell butterfold_top
Note:  Implicit pin VPW in instance PHY_EDGE_ROW_50_Left_262 of gf180mcu_fd_sc_mcu9t5v0__endcap in cell butterfold_top
Note:  Implicit pin VNW in instance PHY_EDGE_ROW_50_Right_50 of gf180mcu_fd_sc_mcu9t5v0__endcap in cell butterfold_top
Note:  Implicit pin VPW in instance PHY_EDGE_ROW_50_Right_50 of gf180mcu_fd_sc_mcu9t5v0__endcap in cell butterfold_top
Note:  Implicit pin VNW in instance PHY_EDGE_ROW_51_Left_263 of gf180mcu_fd_sc_mcu9t5v0__endcap in cell butterfold_top
Note:  Implicit pin VPW in instance PHY_EDGE_ROW_51_Left_263 of gf180mcu_fd_sc_mcu9t5v0__endcap in cell butterfold_top
Note:  Implicit pin VNW in instance PHY_EDGE_ROW_51_Right_51 of gf180mcu_fd_sc_mcu9t5v0__endcap in cell butterfold_top
Note:  Implicit pin VPW in instance PHY_EDGE_ROW_51_Right_51 of gf180mcu_fd_sc_mcu9t5v0__endcap in cell butterfold_top
Note:  Implicit pin VNW in instance PHY_EDGE_ROW_52_Left_264 of gf180mcu_fd_sc_mcu9t5v0__endcap in cell butterfold_top
Note:  Implicit pin VPW in instance PHY_EDGE_ROW_52_Left_264 of gf180mcu_fd_sc_mcu9t5v0__endcap in cell butterfold_top
Note:  Implicit pin VNW in instance PHY_EDGE_ROW_52_Right_52 of gf180mcu_fd_sc_mcu9t5v0__endcap in cell butterfold_top
Note:  Implicit pin VPW in instance PHY_EDGE_ROW_52_Right_52 of gf180mcu_fd_sc_mcu9t5v0__endcap in cell butterfold_top
Note:  Implicit pin VNW in instance PHY_EDGE_ROW_53_Left_265 of gf180mcu_fd_sc_mcu9t5v0__endcap in cell butterfold_top
Note:  Implicit pin VPW in instance PHY_EDGE_ROW_53_Left_265 of gf180mcu_fd_sc_mcu9t5v0__endcap in cell butterfold_top
Note:  Implicit pin VNW in instance PHY_EDGE_ROW_53_Right_53 of gf180mcu_fd_sc_mcu9t5v0__endcap in cell butterfold_top
Note:  Implicit pin VPW in instance PHY_EDGE_ROW_53_Right_53 of gf180mcu_fd_sc_mcu9t5v0__endcap in cell butterfold_top
Note:  Implicit pin VNW in instance PHY_EDGE_ROW_54_Left_266 of gf180mcu_fd_sc_mcu9t5v0__endcap in cell butterfold_top
Note:  Implicit pin VPW in instance PHY_EDGE_ROW_54_Left_266 of gf180mcu_fd_sc_mcu9t5v0__endcap in cell butterfold_top
Note:  Implicit pin VNW in instance PHY_EDGE_ROW_54_Right_54 of gf180mcu_fd_sc_mcu9t5v0__endcap in cell butterfold_top
Note:  Implicit pin VPW in instance PHY_EDGE_ROW_54_Right_54 of gf180mcu_fd_sc_mcu9t5v0__endcap in cell butterfold_top
Note:  Implicit pin VNW in instance PHY_EDGE_ROW_55_Left_267 of gf180mcu_fd_sc_mcu9t5v0__endcap in cell butterfold_top
Note:  Implicit pin VPW in instance PHY_EDGE_ROW_55_Left_267 of gf180mcu_fd_sc_mcu9t5v0__endcap in cell butterfold_top
Note:  Implicit pin VNW in instance PHY_EDGE_ROW_55_Right_55 of gf180mcu_fd_sc_mcu9t5v0__endcap in cell butterfold_top
Note:  Implicit pin VPW in instance PHY_EDGE_ROW_55_Right_55 of gf180mcu_fd_sc_mcu9t5v0__endcap in cell butterfold_top
Note:  Implicit pin VNW in instance PHY_EDGE_ROW_56_Left_268 of gf180mcu_fd_sc_mcu9t5v0__endcap in cell butterfold_top
Note:  Implicit pin VPW in instance PHY_EDGE_ROW_56_Left_268 of gf180mcu_fd_sc_mcu9t5v0__endcap in cell butterfold_top
Note:  Implicit pin VNW in instance PHY_EDGE_ROW_56_Right_56 of gf180mcu_fd_sc_mcu9t5v0__endcap in cell butterfold_top
Note:  Implicit pin VPW in instance PHY_EDGE_ROW_56_Right_56 of gf180mcu_fd_sc_mcu9t5v0__endcap in cell butterfold_top
Note:  Implicit pin VNW in instance PHY_EDGE_ROW_57_Left_269 of gf180mcu_fd_sc_mcu9t5v0__endcap in cell butterfold_top
Note:  Implicit pin VPW in instance PHY_EDGE_ROW_57_Left_269 of gf180mcu_fd_sc_mcu9t5v0__endcap in cell butterfold_top
Note:  Implicit pin VNW in instance PHY_EDGE_ROW_57_Right_57 of gf180mcu_fd_sc_mcu9t5v0__endcap in cell butterfold_top
Note:  Implicit pin VPW in instance PHY_EDGE_ROW_57_Right_57 of gf180mcu_fd_sc_mcu9t5v0__endcap in cell butterfold_top
Note:  Implicit pin VNW in instance PHY_EDGE_ROW_58_Left_270 of gf180mcu_fd_sc_mcu9t5v0__endcap in cell butterfold_top
Note:  Implicit pin VPW in instance PHY_EDGE_ROW_58_Left_270 of gf180mcu_fd_sc_mcu9t5v0__endcap in cell butterfold_top
Note:  Implicit pin VNW in instance PHY_EDGE_ROW_58_Right_58 of gf180mcu_fd_sc_mcu9t5v0__endcap in cell butterfold_top
Note:  Implicit pin VPW in instance PHY_EDGE_ROW_58_Right_58 of gf180mcu_fd_sc_mcu9t5v0__endcap in cell butterfold_top
Note:  Implicit pin VNW in instance PHY_EDGE_ROW_59_Left_271 of gf180mcu_fd_sc_mcu9t5v0__endcap in cell butterfold_top
Note:  Implicit pin VPW in instance PHY_EDGE_ROW_59_Left_271 of gf180mcu_fd_sc_mcu9t5v0__endcap in cell butterfold_top
Note:  Implicit pin VNW in instance PHY_EDGE_ROW_59_Right_59 of gf180mcu_fd_sc_mcu9t5v0__endcap in cell butterfold_top
Note:  Implicit pin VPW in instance PHY_EDGE_ROW_59_Right_59 of gf180mcu_fd_sc_mcu9t5v0__endcap in cell butterfold_top
Note:  Implicit pin VNW in instance PHY_EDGE_ROW_5_Left_217 of gf180mcu_fd_sc_mcu9t5v0__endcap in cell butterfold_top
Note:  Implicit pin VPW in instance PHY_EDGE_ROW_5_Left_217 of gf180mcu_fd_sc_mcu9t5v0__endcap in cell butterfold_top
Note:  Implicit pin VNW in instance PHY_EDGE_ROW_5_Right_5 of gf180mcu_fd_sc_mcu9t5v0__endcap in cell butterfold_top
Note:  Implicit pin VPW in instance PHY_EDGE_ROW_5_Right_5 of gf180mcu_fd_sc_mcu9t5v0__endcap in cell butterfold_top
Note:  Implicit pin VNW in instance PHY_EDGE_ROW_60_Left_272 of gf180mcu_fd_sc_mcu9t5v0__endcap in cell butterfold_top
Note:  Implicit pin VPW in instance PHY_EDGE_ROW_60_Left_272 of gf180mcu_fd_sc_mcu9t5v0__endcap in cell butterfold_top
Note:  Implicit pin VNW in instance PHY_EDGE_ROW_60_Right_60 of gf180mcu_fd_sc_mcu9t5v0__endcap in cell butterfold_top
Note:  Implicit pin VPW in instance PHY_EDGE_ROW_60_Right_60 of gf180mcu_fd_sc_mcu9t5v0__endcap in cell butterfold_top
Note:  Implicit pin VNW in instance PHY_EDGE_ROW_61_Left_273 of gf180mcu_fd_sc_mcu9t5v0__endcap in cell butterfold_top
Note:  Implicit pin VPW in instance PHY_EDGE_ROW_61_Left_273 of gf180mcu_fd_sc_mcu9t5v0__endcap in cell butterfold_top
Note:  Implicit pin VNW in instance PHY_EDGE_ROW_61_Right_61 of gf180mcu_fd_sc_mcu9t5v0__endcap in cell butterfold_top
Note:  Implicit pin VPW in instance PHY_EDGE_ROW_61_Right_61 of gf180mcu_fd_sc_mcu9t5v0__endcap in cell butterfold_top
Note:  Implicit pin VNW in instance PHY_EDGE_ROW_62_Left_274 of gf180mcu_fd_sc_mcu9t5v0__endcap in cell butterfold_top
Note:  Implicit pin VPW in instance PHY_EDGE_ROW_62_Left_274 of gf180mcu_fd_sc_mcu9t5v0__endcap in cell butterfold_top
Note:  Implicit pin VNW in instance PHY_EDGE_ROW_62_Right_62 of gf180mcu_fd_sc_mcu9t5v0__endcap in cell butterfold_top
Note:  Implicit pin VPW in instance PHY_EDGE_ROW_62_Right_62 of gf180mcu_fd_sc_mcu9t5v0__endcap in cell butterfold_top
Note:  Implicit pin VNW in instance PHY_EDGE_ROW_63_Left_275 of gf180mcu_fd_sc_mcu9t5v0__endcap in cell butterfold_top
Note:  Implicit pin VPW in instance PHY_EDGE_ROW_63_Left_275 of gf180mcu_fd_sc_mcu9t5v0__endcap in cell butterfold_top
Note:  Implicit pin VNW in instance PHY_EDGE_ROW_63_Right_63 of gf180mcu_fd_sc_mcu9t5v0__endcap in cell butterfold_top
Note:  Implicit pin VPW in instance PHY_EDGE_ROW_63_Right_63 of gf180mcu_fd_sc_mcu9t5v0__endcap in cell butterfold_top
Note:  Implicit pin VNW in instance PHY_EDGE_ROW_64_Left_276 of gf180mcu_fd_sc_mcu9t5v0__endcap in cell butterfold_top
Note:  Implicit pin VPW in instance PHY_EDGE_ROW_64_Left_276 of gf180mcu_fd_sc_mcu9t5v0__endcap in cell butterfold_top
Note:  Implicit pin VNW in instance PHY_EDGE_ROW_64_Right_64 of gf180mcu_fd_sc_mcu9t5v0__endcap in cell butterfold_top
Note:  Implicit pin VPW in instance PHY_EDGE_ROW_64_Right_64 of gf180mcu_fd_sc_mcu9t5v0__endcap in cell butterfold_top
Note:  Implicit pin VNW in instance PHY_EDGE_ROW_65_Left_277 of gf180mcu_fd_sc_mcu9t5v0__endcap in cell butterfold_top
Note:  Implicit pin VPW in instance PHY_EDGE_ROW_65_Left_277 of gf180mcu_fd_sc_mcu9t5v0__endcap in cell butterfold_top
Note:  Implicit pin VNW in instance PHY_EDGE_ROW_65_Right_65 of gf180mcu_fd_sc_mcu9t5v0__endcap in cell butterfold_top
Note:  Implicit pin VPW in instance PHY_EDGE_ROW_65_Right_65 of gf180mcu_fd_sc_mcu9t5v0__endcap in cell butterfold_top
Note:  Implicit pin VNW in instance PHY_EDGE_ROW_66_Left_278 of gf180mcu_fd_sc_mcu9t5v0__endcap in cell butterfold_top
Note:  Implicit pin VPW in instance PHY_EDGE_ROW_66_Left_278 of gf180mcu_fd_sc_mcu9t5v0__endcap in cell butterfold_top
Note:  Implicit pin VNW in instance PHY_EDGE_ROW_66_Right_66 of gf180mcu_fd_sc_mcu9t5v0__endcap in cell butterfold_top
Note:  Implicit pin VPW in instance PHY_EDGE_ROW_66_Right_66 of gf180mcu_fd_sc_mcu9t5v0__endcap in cell butterfold_top
Note:  Implicit pin VNW in instance PHY_EDGE_ROW_67_Left_279 of gf180mcu_fd_sc_mcu9t5v0__endcap in cell butterfold_top
Note:  Implicit pin VPW in instance PHY_EDGE_ROW_67_Left_279 of gf180mcu_fd_sc_mcu9t5v0__endcap in cell butterfold_top
Note:  Implicit pin VNW in instance PHY_EDGE_ROW_67_Right_67 of gf180mcu_fd_sc_mcu9t5v0__endcap in cell butterfold_top
Note:  Implicit pin VPW in instance PHY_EDGE_ROW_67_Right_67 of gf180mcu_fd_sc_mcu9t5v0__endcap in cell butterfold_top
Note:  Implicit pin VNW in instance PHY_EDGE_ROW_68_Left_280 of gf180mcu_fd_sc_mcu9t5v0__endcap in cell butterfold_top
Note:  Implicit pin VPW in instance PHY_EDGE_ROW_68_Left_280 of gf180mcu_fd_sc_mcu9t5v0__endcap in cell butterfold_top
Note:  Implicit pin VNW in instance PHY_EDGE_ROW_68_Right_68 of gf180mcu_fd_sc_mcu9t5v0__endcap in cell butterfold_top
Note:  Implicit pin VPW in instance PHY_EDGE_ROW_68_Right_68 of gf180mcu_fd_sc_mcu9t5v0__endcap in cell butterfold_top
Note:  Implicit pin VNW in instance PHY_EDGE_ROW_69_Left_281 of gf180mcu_fd_sc_mcu9t5v0__endcap in cell butterfold_top
Note:  Implicit pin VPW in instance PHY_EDGE_ROW_69_Left_281 of gf180mcu_fd_sc_mcu9t5v0__endcap in cell butterfold_top
Note:  Implicit pin VNW in instance PHY_EDGE_ROW_69_Right_69 of gf180mcu_fd_sc_mcu9t5v0__endcap in cell butterfold_top
Note:  Implicit pin VPW in instance PHY_EDGE_ROW_69_Right_69 of gf180mcu_fd_sc_mcu9t5v0__endcap in cell butterfold_top
Note:  Implicit pin VNW in instance PHY_EDGE_ROW_6_Left_218 of gf180mcu_fd_sc_mcu9t5v0__endcap in cell butterfold_top
Note:  Implicit pin VPW in instance PHY_EDGE_ROW_6_Left_218 of gf180mcu_fd_sc_mcu9t5v0__endcap in cell butterfold_top
Note:  Implicit pin VNW in instance PHY_EDGE_ROW_6_Right_6 of gf180mcu_fd_sc_mcu9t5v0__endcap in cell butterfold_top
Note:  Implicit pin VPW in instance PHY_EDGE_ROW_6_Right_6 of gf180mcu_fd_sc_mcu9t5v0__endcap in cell butterfold_top
Note:  Implicit pin VNW in instance PHY_EDGE_ROW_70_Left_282 of gf180mcu_fd_sc_mcu9t5v0__endcap in cell butterfold_top
Note:  Implicit pin VPW in instance PHY_EDGE_ROW_70_Left_282 of gf180mcu_fd_sc_mcu9t5v0__endcap in cell butterfold_top
Note:  Implicit pin VNW in instance PHY_EDGE_ROW_70_Right_70 of gf180mcu_fd_sc_mcu9t5v0__endcap in cell butterfold_top
Note:  Implicit pin VPW in instance PHY_EDGE_ROW_70_Right_70 of gf180mcu_fd_sc_mcu9t5v0__endcap in cell butterfold_top
Note:  Implicit pin VNW in instance PHY_EDGE_ROW_71_Left_283 of gf180mcu_fd_sc_mcu9t5v0__endcap in cell butterfold_top
Note:  Implicit pin VPW in instance PHY_EDGE_ROW_71_Left_283 of gf180mcu_fd_sc_mcu9t5v0__endcap in cell butterfold_top
Note:  Implicit pin VNW in instance PHY_EDGE_ROW_71_Right_71 of gf180mcu_fd_sc_mcu9t5v0__endcap in cell butterfold_top
Note:  Implicit pin VPW in instance PHY_EDGE_ROW_71_Right_71 of gf180mcu_fd_sc_mcu9t5v0__endcap in cell butterfold_top
Note:  Implicit pin VNW in instance PHY_EDGE_ROW_72_Left_284 of gf180mcu_fd_sc_mcu9t5v0__endcap in cell butterfold_top
Note:  Implicit pin VPW in instance PHY_EDGE_ROW_72_Left_284 of gf180mcu_fd_sc_mcu9t5v0__endcap in cell butterfold_top
Note:  Implicit pin VNW in instance PHY_EDGE_ROW_72_Right_72 of gf180mcu_fd_sc_mcu9t5v0__endcap in cell butterfold_top
Note:  Implicit pin VPW in instance PHY_EDGE_ROW_72_Right_72 of gf180mcu_fd_sc_mcu9t5v0__endcap in cell butterfold_top
Note:  Implicit pin VNW in instance PHY_EDGE_ROW_73_Left_285 of gf180mcu_fd_sc_mcu9t5v0__endcap in cell butterfold_top
Note:  Implicit pin VPW in instance PHY_EDGE_ROW_73_Left_285 of gf180mcu_fd_sc_mcu9t5v0__endcap in cell butterfold_top
Note:  Implicit pin VNW in instance PHY_EDGE_ROW_73_Right_73 of gf180mcu_fd_sc_mcu9t5v0__endcap in cell butterfold_top
Note:  Implicit pin VPW in instance PHY_EDGE_ROW_73_Right_73 of gf180mcu_fd_sc_mcu9t5v0__endcap in cell butterfold_top
Note:  Implicit pin VNW in instance PHY_EDGE_ROW_74_Left_286 of gf180mcu_fd_sc_mcu9t5v0__endcap in cell butterfold_top
Note:  Implicit pin VPW in instance PHY_EDGE_ROW_74_Left_286 of gf180mcu_fd_sc_mcu9t5v0__endcap in cell butterfold_top
Note:  Implicit pin VNW in instance PHY_EDGE_ROW_74_Right_74 of gf180mcu_fd_sc_mcu9t5v0__endcap in cell butterfold_top
Note:  Implicit pin VPW in instance PHY_EDGE_ROW_74_Right_74 of gf180mcu_fd_sc_mcu9t5v0__endcap in cell butterfold_top
Note:  Implicit pin VNW in instance PHY_EDGE_ROW_75_Left_287 of gf180mcu_fd_sc_mcu9t5v0__endcap in cell butterfold_top
Note:  Implicit pin VPW in instance PHY_EDGE_ROW_75_Left_287 of gf180mcu_fd_sc_mcu9t5v0__endcap in cell butterfold_top
Note:  Implicit pin VNW in instance PHY_EDGE_ROW_75_Right_75 of gf180mcu_fd_sc_mcu9t5v0__endcap in cell butterfold_top
Note:  Implicit pin VPW in instance PHY_EDGE_ROW_75_Right_75 of gf180mcu_fd_sc_mcu9t5v0__endcap in cell butterfold_top
Note:  Implicit pin VNW in instance PHY_EDGE_ROW_76_Left_288 of gf180mcu_fd_sc_mcu9t5v0__endcap in cell butterfold_top
Note:  Implicit pin VPW in instance PHY_EDGE_ROW_76_Left_288 of gf180mcu_fd_sc_mcu9t5v0__endcap in cell butterfold_top
Note:  Implicit pin VNW in instance PHY_EDGE_ROW_76_Right_76 of gf180mcu_fd_sc_mcu9t5v0__endcap in cell butterfold_top
Note:  Implicit pin VPW in instance PHY_EDGE_ROW_76_Right_76 of gf180mcu_fd_sc_mcu9t5v0__endcap in cell butterfold_top
Note:  Implicit pin VNW in instance PHY_EDGE_ROW_77_Left_289 of gf180mcu_fd_sc_mcu9t5v0__endcap in cell butterfold_top
Note:  Implicit pin VPW in instance PHY_EDGE_ROW_77_Left_289 of gf180mcu_fd_sc_mcu9t5v0__endcap in cell butterfold_top
Note:  Implicit pin VNW in instance PHY_EDGE_ROW_77_Right_77 of gf180mcu_fd_sc_mcu9t5v0__endcap in cell butterfold_top
Note:  Implicit pin VPW in instance PHY_EDGE_ROW_77_Right_77 of gf180mcu_fd_sc_mcu9t5v0__endcap in cell butterfold_top
Note:  Implicit pin VNW in instance PHY_EDGE_ROW_78_Left_290 of gf180mcu_fd_sc_mcu9t5v0__endcap in cell butterfold_top
Note:  Implicit pin VPW in instance PHY_EDGE_ROW_78_Left_290 of gf180mcu_fd_sc_mcu9t5v0__endcap in cell butterfold_top
Note:  Implicit pin VNW in instance PHY_EDGE_ROW_78_Right_78 of gf180mcu_fd_sc_mcu9t5v0__endcap in cell butterfold_top
Note:  Implicit pin VPW in instance PHY_EDGE_ROW_78_Right_78 of gf180mcu_fd_sc_mcu9t5v0__endcap in cell butterfold_top
Note:  Implicit pin VNW in instance PHY_EDGE_ROW_79_Left_291 of gf180mcu_fd_sc_mcu9t5v0__endcap in cell butterfold_top
Note:  Implicit pin VPW in instance PHY_EDGE_ROW_79_Left_291 of gf180mcu_fd_sc_mcu9t5v0__endcap in cell butterfold_top
Note:  Implicit pin VNW in instance PHY_EDGE_ROW_79_Right_79 of gf180mcu_fd_sc_mcu9t5v0__endcap in cell butterfold_top
Note:  Implicit pin VPW in instance PHY_EDGE_ROW_79_Right_79 of gf180mcu_fd_sc_mcu9t5v0__endcap in cell butterfold_top
Note:  Implicit pin VNW in instance PHY_EDGE_ROW_7_Left_219 of gf180mcu_fd_sc_mcu9t5v0__endcap in cell butterfold_top
Note:  Implicit pin VPW in instance PHY_EDGE_ROW_7_Left_219 of gf180mcu_fd_sc_mcu9t5v0__endcap in cell butterfold_top
Note:  Implicit pin VNW in instance PHY_EDGE_ROW_7_Right_7 of gf180mcu_fd_sc_mcu9t5v0__endcap in cell butterfold_top
Note:  Implicit pin VPW in instance PHY_EDGE_ROW_7_Right_7 of gf180mcu_fd_sc_mcu9t5v0__endcap in cell butterfold_top
Note:  Implicit pin VNW in instance PHY_EDGE_ROW_80_Left_292 of gf180mcu_fd_sc_mcu9t5v0__endcap in cell butterfold_top
Note:  Implicit pin VPW in instance PHY_EDGE_ROW_80_Left_292 of gf180mcu_fd_sc_mcu9t5v0__endcap in cell butterfold_top
Note:  Implicit pin VNW in instance PHY_EDGE_ROW_80_Right_80 of gf180mcu_fd_sc_mcu9t5v0__endcap in cell butterfold_top
Note:  Implicit pin VPW in instance PHY_EDGE_ROW_80_Right_80 of gf180mcu_fd_sc_mcu9t5v0__endcap in cell butterfold_top
Note:  Implicit pin VNW in instance PHY_EDGE_ROW_81_Left_293 of gf180mcu_fd_sc_mcu9t5v0__endcap in cell butterfold_top
Note:  Implicit pin VPW in instance PHY_EDGE_ROW_81_Left_293 of gf180mcu_fd_sc_mcu9t5v0__endcap in cell butterfold_top
Note:  Implicit pin VNW in instance PHY_EDGE_ROW_81_Right_81 of gf180mcu_fd_sc_mcu9t5v0__endcap in cell butterfold_top
Note:  Implicit pin VPW in instance PHY_EDGE_ROW_81_Right_81 of gf180mcu_fd_sc_mcu9t5v0__endcap in cell butterfold_top
Note:  Implicit pin VNW in instance PHY_EDGE_ROW_82_Left_294 of gf180mcu_fd_sc_mcu9t5v0__endcap in cell butterfold_top
Note:  Implicit pin VPW in instance PHY_EDGE_ROW_82_Left_294 of gf180mcu_fd_sc_mcu9t5v0__endcap in cell butterfold_top
Note:  Implicit pin VNW in instance PHY_EDGE_ROW_82_Right_82 of gf180mcu_fd_sc_mcu9t5v0__endcap in cell butterfold_top
Note:  Implicit pin VPW in instance PHY_EDGE_ROW_82_Right_82 of gf180mcu_fd_sc_mcu9t5v0__endcap in cell butterfold_top
Note:  Implicit pin VNW in instance PHY_EDGE_ROW_83_Left_295 of gf180mcu_fd_sc_mcu9t5v0__endcap in cell butterfold_top
Note:  Implicit pin VPW in instance PHY_EDGE_ROW_83_Left_295 of gf180mcu_fd_sc_mcu9t5v0__endcap in cell butterfold_top
Note:  Implicit pin VNW in instance PHY_EDGE_ROW_83_Right_83 of gf180mcu_fd_sc_mcu9t5v0__endcap in cell butterfold_top
Note:  Implicit pin VPW in instance PHY_EDGE_ROW_83_Right_83 of gf180mcu_fd_sc_mcu9t5v0__endcap in cell butterfold_top
Note:  Implicit pin VNW in instance PHY_EDGE_ROW_84_Left_296 of gf180mcu_fd_sc_mcu9t5v0__endcap in cell butterfold_top
Note:  Implicit pin VPW in instance PHY_EDGE_ROW_84_Left_296 of gf180mcu_fd_sc_mcu9t5v0__endcap in cell butterfold_top
Note:  Implicit pin VNW in instance PHY_EDGE_ROW_84_Right_84 of gf180mcu_fd_sc_mcu9t5v0__endcap in cell butterfold_top
Note:  Implicit pin VPW in instance PHY_EDGE_ROW_84_Right_84 of gf180mcu_fd_sc_mcu9t5v0__endcap in cell butterfold_top
Note:  Implicit pin VNW in instance PHY_EDGE_ROW_85_Left_297 of gf180mcu_fd_sc_mcu9t5v0__endcap in cell butterfold_top
Note:  Implicit pin VPW in instance PHY_EDGE_ROW_85_Left_297 of gf180mcu_fd_sc_mcu9t5v0__endcap in cell butterfold_top
Note:  Implicit pin VNW in instance PHY_EDGE_ROW_85_Right_85 of gf180mcu_fd_sc_mcu9t5v0__endcap in cell butterfold_top
Note:  Implicit pin VPW in instance PHY_EDGE_ROW_85_Right_85 of gf180mcu_fd_sc_mcu9t5v0__endcap in cell butterfold_top
Note:  Implicit pin VNW in instance PHY_EDGE_ROW_86_Left_298 of gf180mcu_fd_sc_mcu9t5v0__endcap in cell butterfold_top
Note:  Implicit pin VPW in instance PHY_EDGE_ROW_86_Left_298 of gf180mcu_fd_sc_mcu9t5v0__endcap in cell butterfold_top
Note:  Implicit pin VNW in instance PHY_EDGE_ROW_86_Right_86 of gf180mcu_fd_sc_mcu9t5v0__endcap in cell butterfold_top
Note:  Implicit pin VPW in instance PHY_EDGE_ROW_86_Right_86 of gf180mcu_fd_sc_mcu9t5v0__endcap in cell butterfold_top
Note:  Implicit pin VNW in instance PHY_EDGE_ROW_87_Left_299 of gf180mcu_fd_sc_mcu9t5v0__endcap in cell butterfold_top
Note:  Implicit pin VPW in instance PHY_EDGE_ROW_87_Left_299 of gf180mcu_fd_sc_mcu9t5v0__endcap in cell butterfold_top
Note:  Implicit pin VNW in instance PHY_EDGE_ROW_87_Right_87 of gf180mcu_fd_sc_mcu9t5v0__endcap in cell butterfold_top
Note:  Implicit pin VPW in instance PHY_EDGE_ROW_87_Right_87 of gf180mcu_fd_sc_mcu9t5v0__endcap in cell butterfold_top
Note:  Implicit pin VNW in instance PHY_EDGE_ROW_88_Left_300 of gf180mcu_fd_sc_mcu9t5v0__endcap in cell butterfold_top
Note:  Implicit pin VPW in instance PHY_EDGE_ROW_88_Left_300 of gf180mcu_fd_sc_mcu9t5v0__endcap in cell butterfold_top
Note:  Implicit pin VNW in instance PHY_EDGE_ROW_88_Right_88 of gf180mcu_fd_sc_mcu9t5v0__endcap in cell butterfold_top
Note:  Implicit pin VPW in instance PHY_EDGE_ROW_88_Right_88 of gf180mcu_fd_sc_mcu9t5v0__endcap in cell butterfold_top
Note:  Implicit pin VNW in instance PHY_EDGE_ROW_89_Left_301 of gf180mcu_fd_sc_mcu9t5v0__endcap in cell butterfold_top
Note:  Implicit pin VPW in instance PHY_EDGE_ROW_89_Left_301 of gf180mcu_fd_sc_mcu9t5v0__endcap in cell butterfold_top
Note:  Implicit pin VNW in instance PHY_EDGE_ROW_89_Right_89 of gf180mcu_fd_sc_mcu9t5v0__endcap in cell butterfold_top
Note:  Implicit pin VPW in instance PHY_EDGE_ROW_89_Right_89 of gf180mcu_fd_sc_mcu9t5v0__endcap in cell butterfold_top
Note:  Implicit pin VNW in instance PHY_EDGE_ROW_8_Left_220 of gf180mcu_fd_sc_mcu9t5v0__endcap in cell butterfold_top
Note:  Implicit pin VPW in instance PHY_EDGE_ROW_8_Left_220 of gf180mcu_fd_sc_mcu9t5v0__endcap in cell butterfold_top
Note:  Implicit pin VNW in instance PHY_EDGE_ROW_8_Right_8 of gf180mcu_fd_sc_mcu9t5v0__endcap in cell butterfold_top
Note:  Implicit pin VPW in instance PHY_EDGE_ROW_8_Right_8 of gf180mcu_fd_sc_mcu9t5v0__endcap in cell butterfold_top
Note:  Implicit pin VNW in instance PHY_EDGE_ROW_90_Left_302 of gf180mcu_fd_sc_mcu9t5v0__endcap in cell butterfold_top
Note:  Implicit pin VPW in instance PHY_EDGE_ROW_90_Left_302 of gf180mcu_fd_sc_mcu9t5v0__endcap in cell butterfold_top
Note:  Implicit pin VNW in instance PHY_EDGE_ROW_90_Right_90 of gf180mcu_fd_sc_mcu9t5v0__endcap in cell butterfold_top
Note:  Implicit pin VPW in instance PHY_EDGE_ROW_90_Right_90 of gf180mcu_fd_sc_mcu9t5v0__endcap in cell butterfold_top
Note:  Implicit pin VNW in instance PHY_EDGE_ROW_91_Left_303 of gf180mcu_fd_sc_mcu9t5v0__endcap in cell butterfold_top
Note:  Implicit pin VPW in instance PHY_EDGE_ROW_91_Left_303 of gf180mcu_fd_sc_mcu9t5v0__endcap in cell butterfold_top
Note:  Implicit pin VNW in instance PHY_EDGE_ROW_91_Right_91 of gf180mcu_fd_sc_mcu9t5v0__endcap in cell butterfold_top
Note:  Implicit pin VPW in instance PHY_EDGE_ROW_91_Right_91 of gf180mcu_fd_sc_mcu9t5v0__endcap in cell butterfold_top
Note:  Implicit pin VNW in instance PHY_EDGE_ROW_92_Left_304 of gf180mcu_fd_sc_mcu9t5v0__endcap in cell butterfold_top
Note:  Implicit pin VPW in instance PHY_EDGE_ROW_92_Left_304 of gf180mcu_fd_sc_mcu9t5v0__endcap in cell butterfold_top
Note:  Implicit pin VNW in instance PHY_EDGE_ROW_92_Right_92 of gf180mcu_fd_sc_mcu9t5v0__endcap in cell butterfold_top
Note:  Implicit pin VPW in instance PHY_EDGE_ROW_92_Right_92 of gf180mcu_fd_sc_mcu9t5v0__endcap in cell butterfold_top
Note:  Implicit pin VNW in instance PHY_EDGE_ROW_93_Left_305 of gf180mcu_fd_sc_mcu9t5v0__endcap in cell butterfold_top
Note:  Implicit pin VPW in instance PHY_EDGE_ROW_93_Left_305 of gf180mcu_fd_sc_mcu9t5v0__endcap in cell butterfold_top
Note:  Implicit pin VNW in instance PHY_EDGE_ROW_93_Right_93 of gf180mcu_fd_sc_mcu9t5v0__endcap in cell butterfold_top
Note:  Implicit pin VPW in instance PHY_EDGE_ROW_93_Right_93 of gf180mcu_fd_sc_mcu9t5v0__endcap in cell butterfold_top
Note:  Implicit pin VNW in instance PHY_EDGE_ROW_94_Left_306 of gf180mcu_fd_sc_mcu9t5v0__endcap in cell butterfold_top
Note:  Implicit pin VPW in instance PHY_EDGE_ROW_94_Left_306 of gf180mcu_fd_sc_mcu9t5v0__endcap in cell butterfold_top
Note:  Implicit pin VNW in instance PHY_EDGE_ROW_94_Right_94 of gf180mcu_fd_sc_mcu9t5v0__endcap in cell butterfold_top
Note:  Implicit pin VPW in instance PHY_EDGE_ROW_94_Right_94 of gf180mcu_fd_sc_mcu9t5v0__endcap in cell butterfold_top
Note:  Implicit pin VNW in instance PHY_EDGE_ROW_95_Left_307 of gf180mcu_fd_sc_mcu9t5v0__endcap in cell butterfold_top
Note:  Implicit pin VPW in instance PHY_EDGE_ROW_95_Left_307 of gf180mcu_fd_sc_mcu9t5v0__endcap in cell butterfold_top
Note:  Implicit pin VNW in instance PHY_EDGE_ROW_95_Right_95 of gf180mcu_fd_sc_mcu9t5v0__endcap in cell butterfold_top
Note:  Implicit pin VPW in instance PHY_EDGE_ROW_95_Right_95 of gf180mcu_fd_sc_mcu9t5v0__endcap in cell butterfold_top
Note:  Implicit pin VNW in instance PHY_EDGE_ROW_96_Left_308 of gf180mcu_fd_sc_mcu9t5v0__endcap in cell butterfold_top
Note:  Implicit pin VPW in instance PHY_EDGE_ROW_96_Left_308 of gf180mcu_fd_sc_mcu9t5v0__endcap in cell butterfold_top
Note:  Implicit pin VNW in instance PHY_EDGE_ROW_96_Right_96 of gf180mcu_fd_sc_mcu9t5v0__endcap in cell butterfold_top
Note:  Implicit pin VPW in instance PHY_EDGE_ROW_96_Right_96 of gf180mcu_fd_sc_mcu9t5v0__endcap in cell butterfold_top
Note:  Implicit pin VNW in instance PHY_EDGE_ROW_97_Left_309 of gf180mcu_fd_sc_mcu9t5v0__endcap in cell butterfold_top
Note:  Implicit pin VPW in instance PHY_EDGE_ROW_97_Left_309 of gf180mcu_fd_sc_mcu9t5v0__endcap in cell butterfold_top
Note:  Implicit pin VNW in instance PHY_EDGE_ROW_97_Right_97 of gf180mcu_fd_sc_mcu9t5v0__endcap in cell butterfold_top
Note:  Implicit pin VPW in instance PHY_EDGE_ROW_97_Right_97 of gf180mcu_fd_sc_mcu9t5v0__endcap in cell butterfold_top
Note:  Implicit pin VNW in instance PHY_EDGE_ROW_98_Left_310 of gf180mcu_fd_sc_mcu9t5v0__endcap in cell butterfold_top
Note:  Implicit pin VPW in instance PHY_EDGE_ROW_98_Left_310 of gf180mcu_fd_sc_mcu9t5v0__endcap in cell butterfold_top
Note:  Implicit pin VNW in instance PHY_EDGE_ROW_98_Right_98 of gf180mcu_fd_sc_mcu9t5v0__endcap in cell butterfold_top
Note:  Implicit pin VPW in instance PHY_EDGE_ROW_98_Right_98 of gf180mcu_fd_sc_mcu9t5v0__endcap in cell butterfold_top
Note:  Implicit pin VNW in instance PHY_EDGE_ROW_99_Left_311 of gf180mcu_fd_sc_mcu9t5v0__endcap in cell butterfold_top
Note:  Implicit pin VPW in instance PHY_EDGE_ROW_99_Left_311 of gf180mcu_fd_sc_mcu9t5v0__endcap in cell butterfold_top
Note:  Implicit pin VNW in instance PHY_EDGE_ROW_99_Right_99 of gf180mcu_fd_sc_mcu9t5v0__endcap in cell butterfold_top
Note:  Implicit pin VPW in instance PHY_EDGE_ROW_99_Right_99 of gf180mcu_fd_sc_mcu9t5v0__endcap in cell butterfold_top
Note:  Implicit pin VNW in instance PHY_EDGE_ROW_9_Left_221 of gf180mcu_fd_sc_mcu9t5v0__endcap in cell butterfold_top
Note:  Implicit pin VPW in instance PHY_EDGE_ROW_9_Left_221 of gf180mcu_fd_sc_mcu9t5v0__endcap in cell butterfold_top
Note:  Implicit pin VNW in instance PHY_EDGE_ROW_9_Right_9 of gf180mcu_fd_sc_mcu9t5v0__endcap in cell butterfold_top
Note:  Implicit pin VPW in instance PHY_EDGE_ROW_9_Right_9 of gf180mcu_fd_sc_mcu9t5v0__endcap in cell butterfold_top
Note:  Implicit pin ZN in instance clkload0 of gf180mcu_fd_sc_mcu9t5v0__clkinv_20 in cell butterfold_top
Note:  Implicit pin ZN in instance clkload1 of gf180mcu_fd_sc_mcu9t5v0__clkinv_16 in cell butterfold_top
Note:  Implicit pin ZN in instance clkload10 of gf180mcu_fd_sc_mcu9t5v0__clkinv_1 in cell butterfold_top
Note:  Implicit pin ZN in instance clkload11 of gf180mcu_fd_sc_mcu9t5v0__inv_3 in cell butterfold_top
Note:  Implicit pin Z in instance clkload12 of gf180mcu_fd_sc_mcu9t5v0__clkbuf_4 in cell butterfold_top
Note:  Implicit pin Z in instance clkload13 of gf180mcu_fd_sc_mcu9t5v0__clkbuf_4 in cell butterfold_top
Note:  Implicit pin ZN in instance clkload14 of gf180mcu_fd_sc_mcu9t5v0__clkinv_1 in cell butterfold_top
Note:  Implicit pin ZN in instance clkload15 of gf180mcu_fd_sc_mcu9t5v0__clkinv_1 in cell butterfold_top
Note:  Implicit pin Z in instance clkload16 of gf180mcu_fd_sc_mcu9t5v0__clkbuf_4 in cell butterfold_top
Note:  Implicit pin Z in instance clkload17 of gf180mcu_fd_sc_mcu9t5v0__clkbuf_4 in cell butterfold_top
Note:  Implicit pin ZN in instance clkload18 of gf180mcu_fd_sc_mcu9t5v0__clkinv_8 in cell butterfold_top
Note:  Implicit pin Z in instance clkload19 of gf180mcu_fd_sc_mcu9t5v0__clkbuf_4 in cell butterfold_top
Note:  Implicit pin ZN in instance clkload2 of gf180mcu_fd_sc_mcu9t5v0__clkinv_16 in cell butterfold_top
Note:  Implicit pin ZN in instance clkload20 of gf180mcu_fd_sc_mcu9t5v0__clkinv_1 in cell butterfold_top
Note:  Implicit pin ZN in instance clkload21 of gf180mcu_fd_sc_mcu9t5v0__inv_4 in cell butterfold_top
Note:  Implicit pin ZN in instance clkload22 of gf180mcu_fd_sc_mcu9t5v0__inv_4 in cell butterfold_top
Note:  Implicit pin ZN in instance clkload23 of gf180mcu_fd_sc_mcu9t5v0__inv_2 in cell butterfold_top
Note:  Implicit pin ZN in instance clkload24 of gf180mcu_fd_sc_mcu9t5v0__inv_4 in cell butterfold_top
Note:  Implicit pin ZN in instance clkload25 of gf180mcu_fd_sc_mcu9t5v0__inv_3 in cell butterfold_top
Note:  Implicit pin ZN in instance clkload26 of gf180mcu_fd_sc_mcu9t5v0__clkinv_1 in cell butterfold_top
Note:  Implicit pin ZN in instance clkload27 of gf180mcu_fd_sc_mcu9t5v0__inv_4 in cell butterfold_top
Note:  Implicit pin ZN in instance clkload28 of gf180mcu_fd_sc_mcu9t5v0__inv_2 in cell butterfold_top
Note:  Implicit pin Z in instance clkload29 of gf180mcu_fd_sc_mcu9t5v0__clkbuf_4 in cell butterfold_top
Note:  Implicit pin ZN in instance clkload3 of gf180mcu_fd_sc_mcu9t5v0__clkinv_8 in cell butterfold_top
Note:  Implicit pin ZN in instance clkload30 of gf180mcu_fd_sc_mcu9t5v0__inv_2 in cell butterfold_top
Note:  Implicit pin ZN in instance clkload31 of gf180mcu_fd_sc_mcu9t5v0__inv_2 in cell butterfold_top
Note:  Implicit pin ZN in instance clkload32 of gf180mcu_fd_sc_mcu9t5v0__inv_3 in cell butterfold_top
Note:  Implicit pin ZN in instance clkload33 of gf180mcu_fd_sc_mcu9t5v0__inv_4 in cell butterfold_top
Note:  Implicit pin Z in instance clkload34 of gf180mcu_fd_sc_mcu9t5v0__clkbuf_4 in cell butterfold_top
Note:  Implicit pin ZN in instance clkload35 of gf180mcu_fd_sc_mcu9t5v0__inv_4 in cell butterfold_top
Note:  Implicit pin Z in instance clkload36 of gf180mcu_fd_sc_mcu9t5v0__clkbuf_4 in cell butterfold_top
Note:  Implicit pin ZN in instance clkload37 of gf180mcu_fd_sc_mcu9t5v0__inv_3 in cell butterfold_top
Note:  Implicit pin ZN in instance clkload38 of gf180mcu_fd_sc_mcu9t5v0__inv_3 in cell butterfold_top
Note:  Implicit pin ZN in instance clkload39 of gf180mcu_fd_sc_mcu9t5v0__inv_4 in cell butterfold_top
Note:  Implicit pin ZN in instance clkload4 of gf180mcu_fd_sc_mcu9t5v0__clkinv_1 in cell butterfold_top
Note:  Implicit pin ZN in instance clkload40 of gf180mcu_fd_sc_mcu9t5v0__clkinv_4 in cell butterfold_top
Note:  Implicit pin ZN in instance clkload41 of gf180mcu_fd_sc_mcu9t5v0__inv_2 in cell butterfold_top
Note:  Implicit pin ZN in instance clkload42 of gf180mcu_fd_sc_mcu9t5v0__inv_3 in cell butterfold_top
Note:  Implicit pin Z in instance clkload43 of gf180mcu_fd_sc_mcu9t5v0__clkbuf_4 in cell butterfold_top
Note:  Implicit pin Z in instance clkload44 of gf180mcu_fd_sc_mcu9t5v0__clkbuf_4 in cell butterfold_top
Note:  Implicit pin ZN in instance clkload45 of gf180mcu_fd_sc_mcu9t5v0__inv_3 in cell butterfold_top
Note:  Implicit pin Z in instance clkload46 of gf180mcu_fd_sc_mcu9t5v0__clkbuf_4 in cell butterfold_top
Note:  Implicit pin Z in instance clkload47 of gf180mcu_fd_sc_mcu9t5v0__clkbuf_4 in cell butterfold_top
Note:  Implicit pin Z in instance clkload48 of gf180mcu_fd_sc_mcu9t5v0__clkbuf_4 in cell butterfold_top
Note:  Implicit pin ZN in instance clkload49 of gf180mcu_fd_sc_mcu9t5v0__inv_3 in cell butterfold_top
Note:  Implicit pin Z in instance clkload5 of gf180mcu_fd_sc_mcu9t5v0__clkbuf_4 in cell butterfold_top
Note:  Implicit pin ZN in instance clkload50 of gf180mcu_fd_sc_mcu9t5v0__inv_3 in cell butterfold_top
Note:  Implicit pin ZN in instance clkload51 of gf180mcu_fd_sc_mcu9t5v0__clkinv_1 in cell butterfold_top
Note:  Implicit pin ZN in instance clkload52 of gf180mcu_fd_sc_mcu9t5v0__inv_2 in cell butterfold_top
Note:  Implicit pin Z in instance clkload53 of gf180mcu_fd_sc_mcu9t5v0__clkbuf_4 in cell butterfold_top
Note:  Implicit pin ZN in instance clkload54 of gf180mcu_fd_sc_mcu9t5v0__clkinv_1 in cell butterfold_top
Note:  Implicit pin ZN in instance clkload55 of gf180mcu_fd_sc_mcu9t5v0__inv_3 in cell butterfold_top
Note:  Implicit pin ZN in instance clkload56 of gf180mcu_fd_sc_mcu9t5v0__inv_4 in cell butterfold_top
Note:  Implicit pin ZN in instance clkload57 of gf180mcu_fd_sc_mcu9t5v0__inv_4 in cell butterfold_top
Note:  Implicit pin ZN in instance clkload58 of gf180mcu_fd_sc_mcu9t5v0__inv_2 in cell butterfold_top
Note:  Implicit pin ZN in instance clkload59 of gf180mcu_fd_sc_mcu9t5v0__clkinv_1 in cell butterfold_top
Note:  Implicit pin ZN in instance clkload6 of gf180mcu_fd_sc_mcu9t5v0__clkinv_1 in cell butterfold_top
Note:  Implicit pin ZN in instance clkload60 of gf180mcu_fd_sc_mcu9t5v0__clkinv_1 in cell butterfold_top
Note:  Implicit pin ZN in instance clkload61 of gf180mcu_fd_sc_mcu9t5v0__clkinv_1 in cell butterfold_top
Note:  Implicit pin ZN in instance clkload62 of gf180mcu_fd_sc_mcu9t5v0__inv_3 in cell butterfold_top
Note:  Implicit pin ZN in instance clkload63 of gf180mcu_fd_sc_mcu9t5v0__inv_2 in cell butterfold_top
Note:  Implicit pin ZN in instance clkload64 of gf180mcu_fd_sc_mcu9t5v0__inv_4 in cell butterfold_top
Note:  Implicit pin ZN in instance clkload65 of gf180mcu_fd_sc_mcu9t5v0__inv_4 in cell butterfold_top
Note:  Implicit pin ZN in instance clkload66 of gf180mcu_fd_sc_mcu9t5v0__inv_4 in cell butterfold_top
Note:  Implicit pin ZN in instance clkload67 of gf180mcu_fd_sc_mcu9t5v0__inv_2 in cell butterfold_top
Note:  Implicit pin ZN in instance clkload68 of gf180mcu_fd_sc_mcu9t5v0__inv_4 in cell butterfold_top
Note:  Implicit pin ZN in instance clkload69 of gf180mcu_fd_sc_mcu9t5v0__clkinv_8 in cell butterfold_top
Note:  Implicit pin ZN in instance clkload7 of gf180mcu_fd_sc_mcu9t5v0__inv_2 in cell butterfold_top
Note:  Implicit pin ZN in instance clkload70 of gf180mcu_fd_sc_mcu9t5v0__inv_3 in cell butterfold_top
Note:  Implicit pin ZN in instance clkload71 of gf180mcu_fd_sc_mcu9t5v0__inv_4 in cell butterfold_top
Note:  Implicit pin ZN in instance clkload72 of gf180mcu_fd_sc_mcu9t5v0__clkinv_1 in cell butterfold_top
Note:  Implicit pin ZN in instance clkload73 of gf180mcu_fd_sc_mcu9t5v0__clkinv_8 in cell butterfold_top
Note:  Implicit pin ZN in instance clkload74 of gf180mcu_fd_sc_mcu9t5v0__clkinv_1 in cell butterfold_top
Note:  Implicit pin ZN in instance clkload75 of gf180mcu_fd_sc_mcu9t5v0__clkinv_1 in cell butterfold_top
Note:  Implicit pin ZN in instance clkload76 of gf180mcu_fd_sc_mcu9t5v0__clkinv_1 in cell butterfold_top
Note:  Implicit pin ZN in instance clkload77 of gf180mcu_fd_sc_mcu9t5v0__inv_3 in cell butterfold_top
Note:  Implicit pin Z in instance clkload78 of gf180mcu_fd_sc_mcu9t5v0__clkbuf_4 in cell butterfold_top
Note:  Implicit pin ZN in instance clkload79 of gf180mcu_fd_sc_mcu9t5v0__inv_3 in cell butterfold_top
Note:  Implicit pin Z in instance clkload8 of gf180mcu_fd_sc_mcu9t5v0__clkbuf_4 in cell butterfold_top
Note:  Implicit pin ZN in instance clkload80 of gf180mcu_fd_sc_mcu9t5v0__inv_4 in cell butterfold_top
Note:  Implicit pin ZN in instance clkload81 of gf180mcu_fd_sc_mcu9t5v0__inv_8 in cell butterfold_top
Note:  Implicit pin ZN in instance clkload82 of gf180mcu_fd_sc_mcu9t5v0__clkinv_8 in cell butterfold_top
Note:  Implicit pin ZN in instance clkload83 of gf180mcu_fd_sc_mcu9t5v0__clkinv_1 in cell butterfold_top
Note:  Implicit pin ZN in instance clkload84 of gf180mcu_fd_sc_mcu9t5v0__inv_3 in cell butterfold_top
Note:  Implicit pin ZN in instance clkload85 of gf180mcu_fd_sc_mcu9t5v0__inv_3 in cell butterfold_top
Note:  Implicit pin ZN in instance clkload86 of gf180mcu_fd_sc_mcu9t5v0__clkinv_8 in cell butterfold_top
Note:  Implicit pin ZN in instance clkload87 of gf180mcu_fd_sc_mcu9t5v0__clkinv_3 in cell butterfold_top
Note:  Implicit pin ZN in instance clkload9 of gf180mcu_fd_sc_mcu9t5v0__inv_2 in cell butterfold_top
Creating placeholder cell definition for module gf180mcu_fd_ip_sram__sram256x8m8wm1.
Treating empty subcircuits as black-box cells
Generating JSON file result

Reading setup file /usr/local/lib/python3.12/dist-packages/librelane/scripts/netgen/setup.tcl

Model nfet_05v0 pin 1 == 3
No property par1 found for device nfet_05v0
No property NRD found for device nfet_05v0
No property NRS found for device nfet_05v0
No property par found for device nfet_05v0
No property sa found for device nfet_05v0
No property sb found for device nfet_05v0
No property sd found for device nfet_05v0
No property par found for device nfet_05v0
No property dtemp found for device nfet_05v0
No property nf found for device nfet_05v0
No property as found for device nfet_05v0
No property ad found for device nfet_05v0
No property ps found for device nfet_05v0
No property pd found for device nfet_05v0
No property $D found for device nfet_05v0
No property $X found for device nfet_05v0
No property $Y found for device nfet_05v0
Model pfet_05v0 pin 1 == 3
No property par1 found for device pfet_05v0
No property NRD found for device pfet_05v0
No property NRS found for device pfet_05v0
No property par found for device pfet_05v0
No property sa found for device pfet_05v0
No property sb found for device pfet_05v0
No property sd found for device pfet_05v0
No property par found for device pfet_05v0
No property dtemp found for device pfet_05v0
No property nf found for device pfet_05v0
No property as found for device pfet_05v0
No property ad found for device pfet_05v0
No property ps found for device pfet_05v0
No property pd found for device pfet_05v0
No property $D found for device pfet_05v0
No property $X found for device pfet_05v0
No property $Y found for device pfet_05v0
No property par1 found for device diode_nd2ps_06v0
No property par1 found for device diode_pd2nw_06v0
Comparison output logged to file /foss/designs/butterfold/butterfold_proto/physical/librelane/runs/ach_final/139-netgen-lvs/reports/lvs.netgen.rpt
Logging to file "/foss/designs/butterfold/butterfold_proto/physical/librelane/runs/ach_final/139-netgen-lvs/reports/lvs.netgen.rpt" enabled

Contents of circuit 1:  Circuit: 'gf180mcu_fd_sc_mcu9t5v0__fillcap_8'
Circuit gf180mcu_fd_sc_mcu9t5v0__fillcap_8 contains 0 device instances.
Circuit contains 0 nets, and 4 disconnected pins.
Contents of circuit 2:  Circuit: 'gf180mcu_fd_sc_mcu9t5v0__fillcap_8'
Circuit gf180mcu_fd_sc_mcu9t5v0__fillcap_8 contains 4 device instances.
  Class: pfet_05v0             instances:   2
  Class: nfet_05v0             instances:   2
Circuit contains 8 nets.

Circuit gf180mcu_fd_sc_mcu9t5v0__fillcap_8 contains no devices.

Contents of circuit 1:  Circuit: 'gf180mcu_fd_sc_mcu9t5v0__fillcap_16'
Circuit gf180mcu_fd_sc_mcu9t5v0__fillcap_16 contains 0 device instances.
Circuit contains 0 nets, and 4 disconnected pins.
Contents of circuit 2:  Circuit: 'gf180mcu_fd_sc_mcu9t5v0__fillcap_16'
Circuit gf180mcu_fd_sc_mcu9t5v0__fillcap_16 contains 8 device instances.
  Class: pfet_05v0             instances:   4
  Class: nfet_05v0             instances:   4
Circuit contains 12 nets.

Circuit gf180mcu_fd_sc_mcu9t5v0__fillcap_16 contains no devices.

Contents of circuit 1:  Circuit: 'gf180mcu_fd_sc_mcu9t5v0__or2_1'
Circuit gf180mcu_fd_sc_mcu9t5v0__or2_1 contains 0 device instances.
Circuit contains 0 nets, and 7 disconnected pins.
Contents of circuit 2:  Circuit: 'gf180mcu_fd_sc_mcu9t5v0__or2_1'
Circuit gf180mcu_fd_sc_mcu9t5v0__or2_1 contains 6 device instances.
  Class: pfet_05v0             instances:   3
  Class: nfet_05v0             instances:   3
Circuit contains 9 nets.

Circuit gf180mcu_fd_sc_mcu9t5v0__or2_1 contains no devices.

Contents of circuit 1:  Circuit: 'gf180mcu_fd_sc_mcu9t5v0__fillcap_4'
Circuit gf180mcu_fd_sc_mcu9t5v0__fillcap_4 contains 0 device instances.
Circuit contains 0 nets, and 4 disconnected pins.
Contents of circuit 2:  Circuit: 'gf180mcu_fd_sc_mcu9t5v0__fillcap_4'
Circuit gf180mcu_fd_sc_mcu9t5v0__fillcap_4 contains 2 device instances.
  Class: pfet_05v0             instances:   1
  Class: nfet_05v0             instances:   1
Circuit contains 6 nets.

Circuit gf180mcu_fd_sc_mcu9t5v0__fillcap_4 contains no devices.

Contents of circuit 1:  Circuit: 'gf180mcu_fd_sc_mcu9t5v0__dffrnq_1'
Circuit gf180mcu_fd_sc_mcu9t5v0__dffrnq_1 contains 0 device instances.
Circuit contains 0 nets, and 8 disconnected pins.
Contents of circuit 2:  Circuit: 'gf180mcu_fd_sc_mcu9t5v0__dffrnq_1'
Circuit gf180mcu_fd_sc_mcu9t5v0__dffrnq_1 contains 28 device instances.
  Class: pfet_05v0             instances:  14
  Class: nfet_05v0             instances:  14
Circuit contains 20 nets.

Circuit gf180mcu_fd_sc_mcu9t5v0__dffrnq_1 contains no devices.

Contents of circuit 1:  Circuit: 'gf180mcu_fd_sc_mcu9t5v0__fillcap_32'
Circuit gf180mcu_fd_sc_mcu9t5v0__fillcap_32 contains 0 device instances.
Circuit contains 0 nets, and 4 disconnected pins.
Contents of circuit 2:  Circuit: 'gf180mcu_fd_sc_mcu9t5v0__fillcap_32'
Circuit gf180mcu_fd_sc_mcu9t5v0__fillcap_32 contains 16 device instances.
  Class: pfet_05v0             instances:   8
  Class: nfet_05v0             instances:   8
Circuit contains 20 nets.

Circuit gf180mcu_fd_sc_mcu9t5v0__fillcap_32 contains no devices.

Contents of circuit 1:  Circuit: 'gf180mcu_fd_sc_mcu9t5v0__nand2_1'
Circuit gf180mcu_fd_sc_mcu9t5v0__nand2_1 contains 0 device instances.
Circuit contains 0 nets, and 7 disconnected pins.
Contents of circuit 2:  Circuit: 'gf180mcu_fd_sc_mcu9t5v0__nand2_1'
Circuit gf180mcu_fd_sc_mcu9t5v0__nand2_1 contains 4 device instances.
  Class: pfet_05v0             instances:   2
  Class: nfet_05v0             instances:   2
Circuit contains 8 nets.

Circuit gf180mcu_fd_sc_mcu9t5v0__nand2_1 contains no devices.

Contents of circuit 1:  Circuit: 'gf180mcu_fd_sc_mcu9t5v0__oai21_1'
Circuit gf180mcu_fd_sc_mcu9t5v0__oai21_1 contains 0 device instances.
Circuit contains 0 nets, and 8 disconnected pins.
Contents of circuit 2:  Circuit: 'gf180mcu_fd_sc_mcu9t5v0__oai21_1'
Circuit gf180mcu_fd_sc_mcu9t5v0__oai21_1 contains 6 device instances.
  Class: pfet_05v0             instances:   3
  Class: nfet_05v0             instances:   3
Circuit contains 10 nets.

Circuit gf180mcu_fd_sc_mcu9t5v0__oai21_1 contains no devices.

Contents of circuit 1:  Circuit: 'gf180mcu_fd_sc_mcu9t5v0__mux2_1'
Circuit gf180mcu_fd_sc_mcu9t5v0__mux2_1 contains 0 device instances.
Circuit contains 0 nets, and 8 disconnected pins.
Contents of circuit 2:  Circuit: 'gf180mcu_fd_sc_mcu9t5v0__mux2_1'
Circuit gf180mcu_fd_sc_mcu9t5v0__mux2_1 contains 12 device instances.
  Class: pfet_05v0             instances:   6
  Class: nfet_05v0             instances:   6
Circuit contains 14 nets.

Circuit gf180mcu_fd_sc_mcu9t5v0__mux2_1 contains no devices.

Contents of circuit 1:  Circuit: 'gf180mcu_fd_sc_mcu9t5v0__aoi211_1'
Circuit gf180mcu_fd_sc_mcu9t5v0__aoi211_1 contains 0 device instances.
Circuit contains 0 nets, and 9 disconnected pins.
Contents of circuit 2:  Circuit: 'gf180mcu_fd_sc_mcu9t5v0__aoi211_1'
Circuit gf180mcu_fd_sc_mcu9t5v0__aoi211_1 contains 8 device instances.
  Class: pfet_05v0             instances:   4
  Class: nfet_05v0             instances:   4
Circuit contains 12 nets.

Circuit gf180mcu_fd_sc_mcu9t5v0__aoi211_1 contains no devices.

Contents of circuit 1:  Circuit: 'gf180mcu_fd_sc_mcu9t5v0__nand3_1'
Circuit gf180mcu_fd_sc_mcu9t5v0__nand3_1 contains 0 device instances.
Circuit contains 0 nets, and 8 disconnected pins.
Contents of circuit 2:  Circuit: 'gf180mcu_fd_sc_mcu9t5v0__nand3_1'
Circuit gf180mcu_fd_sc_mcu9t5v0__nand3_1 contains 6 device instances.
  Class: pfet_05v0             instances:   3
  Class: nfet_05v0             instances:   3
Circuit contains 10 nets.

Circuit gf180mcu_fd_sc_mcu9t5v0__nand3_1 contains no devices.

Contents of circuit 1:  Circuit: 'gf180mcu_fd_sc_mcu9t5v0__nor2_1'
Circuit gf180mcu_fd_sc_mcu9t5v0__nor2_1 contains 0 device instances.
Circuit contains 0 nets, and 7 disconnected pins.
Contents of circuit 2:  Circuit: 'gf180mcu_fd_sc_mcu9t5v0__nor2_1'
Circuit gf180mcu_fd_sc_mcu9t5v0__nor2_1 contains 4 device instances.
  Class: pfet_05v0             instances:   2
  Class: nfet_05v0             instances:   2
Circuit contains 8 nets.

Circuit gf180mcu_fd_sc_mcu9t5v0__nor2_1 contains no devices.

Contents of circuit 1:  Circuit: 'gf180mcu_fd_sc_mcu9t5v0__nor3_1'
Circuit gf180mcu_fd_sc_mcu9t5v0__nor3_1 contains 0 device instances.
Circuit contains 0 nets, and 8 disconnected pins.
Contents of circuit 2:  Circuit: 'gf180mcu_fd_sc_mcu9t5v0__nor3_1'
Circuit gf180mcu_fd_sc_mcu9t5v0__nor3_1 contains 6 device instances.
  Class: pfet_05v0             instances:   3
  Class: nfet_05v0             instances:   3
Circuit contains 10 nets.

Circuit gf180mcu_fd_sc_mcu9t5v0__nor3_1 contains no devices.

Contents of circuit 1:  Circuit: 'gf180mcu_fd_sc_mcu9t5v0__nor4_1'
Circuit gf180mcu_fd_sc_mcu9t5v0__nor4_1 contains 0 device instances.
Circuit contains 0 nets, and 9 disconnected pins.
Contents of circuit 2:  Circuit: 'gf180mcu_fd_sc_mcu9t5v0__nor4_1'
Circuit gf180mcu_fd_sc_mcu9t5v0__nor4_1 contains 8 device instances.
  Class: pfet_05v0             instances:   4
  Class: nfet_05v0             instances:   4
Circuit contains 12 nets.

Circuit gf180mcu_fd_sc_mcu9t5v0__nor4_1 contains no devices.

Contents of circuit 1:  Circuit: 'gf180mcu_fd_sc_mcu9t5v0__clkbuf_16'
Circuit gf180mcu_fd_sc_mcu9t5v0__clkbuf_16 contains 0 device instances.
Circuit contains 0 nets, and 6 disconnected pins.
Contents of circuit 2:  Circuit: 'gf180mcu_fd_sc_mcu9t5v0__clkbuf_16'
Circuit gf180mcu_fd_sc_mcu9t5v0__clkbuf_16 contains 48 device instances.
  Class: pfet_05v0             instances:  24
  Class: nfet_05v0             instances:  24
Circuit contains 7 nets.

Circuit gf180mcu_fd_sc_mcu9t5v0__clkbuf_16 contains no devices.

Contents of circuit 1:  Circuit: 'gf180mcu_fd_sc_mcu9t5v0__aoi21_1'
Circuit gf180mcu_fd_sc_mcu9t5v0__aoi21_1 contains 0 device instances.
Circuit contains 0 nets, and 8 disconnected pins.
Contents of circuit 2:  Circuit: 'gf180mcu_fd_sc_mcu9t5v0__aoi21_1'
Circuit gf180mcu_fd_sc_mcu9t5v0__aoi21_1 contains 6 device instances.
  Class: pfet_05v0             instances:   3
  Class: nfet_05v0             instances:   3
Circuit contains 10 nets.

Circuit gf180mcu_fd_sc_mcu9t5v0__aoi21_1 contains no devices.

Contents of circuit 1:  Circuit: 'gf180mcu_fd_sc_mcu9t5v0__aoi22_1'
Circuit gf180mcu_fd_sc_mcu9t5v0__aoi22_1 contains 0 device instances.
Circuit contains 0 nets, and 9 disconnected pins.
Contents of circuit 2:  Circuit: 'gf180mcu_fd_sc_mcu9t5v0__aoi22_1'
Circuit gf180mcu_fd_sc_mcu9t5v0__aoi22_1 contains 8 device instances.
  Class: pfet_05v0             instances:   4
  Class: nfet_05v0             instances:   4
Circuit contains 12 nets.

Circuit gf180mcu_fd_sc_mcu9t5v0__aoi22_1 contains no devices.

Contents of circuit 1:  Circuit: 'gf180mcu_fd_sc_mcu9t5v0__nor4_4'
Circuit gf180mcu_fd_sc_mcu9t5v0__nor4_4 contains 0 device instances.
Circuit contains 0 nets, and 9 disconnected pins.
Contents of circuit 2:  Circuit: 'gf180mcu_fd_sc_mcu9t5v0__nor4_4'
Circuit gf180mcu_fd_sc_mcu9t5v0__nor4_4 contains 32 device instances.
  Class: pfet_05v0             instances:  16
  Class: nfet_05v0             instances:  16
Circuit contains 19 nets.

Circuit gf180mcu_fd_sc_mcu9t5v0__nor4_4 contains no devices.

Contents of circuit 1:  Circuit: 'gf180mcu_fd_sc_mcu9t5v0__xnor3_1'
Circuit gf180mcu_fd_sc_mcu9t5v0__xnor3_1 contains 0 device instances.
Circuit contains 0 nets, and 8 disconnected pins.
Contents of circuit 2:  Circuit: 'gf180mcu_fd_sc_mcu9t5v0__xnor3_1'
Circuit gf180mcu_fd_sc_mcu9t5v0__xnor3_1 contains 20 device instances.
  Class: pfet_05v0             instances:  10
  Class: nfet_05v0             instances:  10
Circuit contains 17 nets.

Circuit gf180mcu_fd_sc_mcu9t5v0__xnor3_1 contains no devices.

Contents of circuit 1:  Circuit: 'gf180mcu_fd_sc_mcu9t5v0__dffq_1'
Circuit gf180mcu_fd_sc_mcu9t5v0__dffq_1 contains 0 device instances.
Circuit contains 0 nets, and 7 disconnected pins.
Contents of circuit 2:  Circuit: 'gf180mcu_fd_sc_mcu9t5v0__dffq_1'
Circuit gf180mcu_fd_sc_mcu9t5v0__dffq_1 contains 24 device instances.
  Class: pfet_05v0             instances:  12
  Class: nfet_05v0             instances:  12
Circuit contains 19 nets.

Circuit gf180mcu_fd_sc_mcu9t5v0__dffq_1 contains no devices.

Contents of circuit 1:  Circuit: 'gf180mcu_fd_sc_mcu9t5v0__and2_1'
Circuit gf180mcu_fd_sc_mcu9t5v0__and2_1 contains 0 device instances.
Circuit contains 0 nets, and 7 disconnected pins.
Contents of circuit 2:  Circuit: 'gf180mcu_fd_sc_mcu9t5v0__and2_1'
Circuit gf180mcu_fd_sc_mcu9t5v0__and2_1 contains 6 device instances.
  Class: pfet_05v0             instances:   3
  Class: nfet_05v0             instances:   3
Circuit contains 9 nets.

Circuit gf180mcu_fd_sc_mcu9t5v0__and2_1 contains no devices.

Contents of circuit 1:  Circuit: 'gf180mcu_fd_sc_mcu9t5v0__oai211_1'
Circuit gf180mcu_fd_sc_mcu9t5v0__oai211_1 contains 0 device instances.
Circuit contains 0 nets, and 9 disconnected pins.
Contents of circuit 2:  Circuit: 'gf180mcu_fd_sc_mcu9t5v0__oai211_1'
Circuit gf180mcu_fd_sc_mcu9t5v0__oai211_1 contains 8 device instances.
  Class: pfet_05v0             instances:   4
  Class: nfet_05v0             instances:   4
Circuit contains 12 nets.

Circuit gf180mcu_fd_sc_mcu9t5v0__oai211_1 contains no devices.

Contents of circuit 1:  Circuit: 'gf180mcu_fd_sc_mcu9t5v0__clkinv_1'
Circuit gf180mcu_fd_sc_mcu9t5v0__clkinv_1 contains 0 device instances.
Circuit contains 0 nets, and 6 disconnected pins.
Contents of circuit 2:  Circuit: 'gf180mcu_fd_sc_mcu9t5v0__clkinv_1'
Circuit gf180mcu_fd_sc_mcu9t5v0__clkinv_1 contains 2 device instances.
  Class: pfet_05v0             instances:   1
  Class: nfet_05v0             instances:   1
Circuit contains 6 nets.

Circuit gf180mcu_fd_sc_mcu9t5v0__clkinv_1 contains no devices.

Contents of circuit 1:  Circuit: 'gf180mcu_fd_sc_mcu9t5v0__xor2_1'
Circuit gf180mcu_fd_sc_mcu9t5v0__xor2_1 contains 0 device instances.
Circuit contains 0 nets, and 7 disconnected pins.
Contents of circuit 2:  Circuit: 'gf180mcu_fd_sc_mcu9t5v0__xor2_1'
Circuit gf180mcu_fd_sc_mcu9t5v0__xor2_1 contains 10 device instances.
  Class: pfet_05v0             instances:   5
  Class: nfet_05v0             instances:   5
Circuit contains 11 nets.

Circuit gf180mcu_fd_sc_mcu9t5v0__xor2_1 contains no devices.

Contents of circuit 1:  Circuit: 'gf180mcu_fd_sc_mcu9t5v0__aoi221_1'
Circuit gf180mcu_fd_sc_mcu9t5v0__aoi221_1 contains 0 device instances.
Circuit contains 0 nets, and 10 disconnected pins.
Contents of circuit 2:  Circuit: 'gf180mcu_fd_sc_mcu9t5v0__aoi221_1'
Circuit gf180mcu_fd_sc_mcu9t5v0__aoi221_1 contains 10 device instances.
  Class: pfet_05v0             instances:   5
  Class: nfet_05v0             instances:   5
Circuit contains 14 nets.

Circuit gf180mcu_fd_sc_mcu9t5v0__aoi221_1 contains no devices.

Contents of circuit 1:  Circuit: 'gf180mcu_fd_sc_mcu9t5v0__oai31_1'
Circuit gf180mcu_fd_sc_mcu9t5v0__oai31_1 contains 0 device instances.
Circuit contains 0 nets, and 9 disconnected pins.
Contents of circuit 2:  Circuit: 'gf180mcu_fd_sc_mcu9t5v0__oai31_1'
Circuit gf180mcu_fd_sc_mcu9t5v0__oai31_1 contains 8 device instances.
  Class: pfet_05v0             instances:   4
  Class: nfet_05v0             instances:   4
Circuit contains 12 nets.

Circuit gf180mcu_fd_sc_mcu9t5v0__oai31_1 contains no devices.

Contents of circuit 1:  Circuit: 'gf180mcu_fd_sc_mcu9t5v0__nand4_4'
Circuit gf180mcu_fd_sc_mcu9t5v0__nand4_4 contains 0 device instances.
Circuit contains 0 nets, and 9 disconnected pins.
Contents of circuit 2:  Circuit: 'gf180mcu_fd_sc_mcu9t5v0__nand4_4'
Circuit gf180mcu_fd_sc_mcu9t5v0__nand4_4 contains 32 device instances.
  Class: pfet_05v0             instances:  16
  Class: nfet_05v0             instances:  16
Circuit contains 19 nets.

Circuit gf180mcu_fd_sc_mcu9t5v0__nand4_4 contains no devices.

Contents of circuit 1:  Circuit: 'gf180mcu_fd_sc_mcu9t5v0__clkbuf_8'
Circuit gf180mcu_fd_sc_mcu9t5v0__clkbuf_8 contains 0 device instances.
Circuit contains 0 nets, and 6 disconnected pins.
Contents of circuit 2:  Circuit: 'gf180mcu_fd_sc_mcu9t5v0__clkbuf_8'
Circuit gf180mcu_fd_sc_mcu9t5v0__clkbuf_8 contains 24 device instances.
  Class: pfet_05v0             instances:  12
  Class: nfet_05v0             instances:  12
Circuit contains 7 nets.

Circuit gf180mcu_fd_sc_mcu9t5v0__clkbuf_8 contains no devices.

Contents of circuit 1:  Circuit: 'gf180mcu_fd_sc_mcu9t5v0__xnor2_1'
Circuit gf180mcu_fd_sc_mcu9t5v0__xnor2_1 contains 0 device instances.
Circuit contains 0 nets, and 7 disconnected pins.
Contents of circuit 2:  Circuit: 'gf180mcu_fd_sc_mcu9t5v0__xnor2_1'
Circuit gf180mcu_fd_sc_mcu9t5v0__xnor2_1 contains 10 device instances.
  Class: pfet_05v0             instances:   5
  Class: nfet_05v0             instances:   5
Circuit contains 11 nets.

Circuit gf180mcu_fd_sc_mcu9t5v0__xnor2_1 contains no devices.

Contents of circuit 1:  Circuit: 'gf180mcu_fd_sc_mcu9t5v0__oai221_1'
Circuit gf180mcu_fd_sc_mcu9t5v0__oai221_1 contains 0 device instances.
Circuit contains 0 nets, and 10 disconnected pins.
Contents of circuit 2:  Circuit: 'gf180mcu_fd_sc_mcu9t5v0__oai221_1'
Circuit gf180mcu_fd_sc_mcu9t5v0__oai221_1 contains 10 device instances.
  Class: pfet_05v0             instances:   5
  Class: nfet_05v0             instances:   5
Circuit contains 14 nets.

Circuit gf180mcu_fd_sc_mcu9t5v0__oai221_1 contains no devices.

Contents of circuit 1:  Circuit: 'gf180mcu_fd_sc_mcu9t5v0__oai211_2'
Circuit gf180mcu_fd_sc_mcu9t5v0__oai211_2 contains 0 device instances.
Circuit contains 0 nets, and 9 disconnected pins.
Contents of circuit 2:  Circuit: 'gf180mcu_fd_sc_mcu9t5v0__oai211_2'
Circuit gf180mcu_fd_sc_mcu9t5v0__oai211_2 contains 16 device instances.
  Class: pfet_05v0             instances:   8
  Class: nfet_05v0             instances:   8
Circuit contains 14 nets.

Circuit gf180mcu_fd_sc_mcu9t5v0__oai211_2 contains no devices.

Contents of circuit 1:  Circuit: 'gf180mcu_fd_sc_mcu9t5v0__fillcap_64'
Circuit gf180mcu_fd_sc_mcu9t5v0__fillcap_64 contains 0 device instances.
Circuit contains 0 nets, and 4 disconnected pins.
Contents of circuit 2:  Circuit: 'gf180mcu_fd_sc_mcu9t5v0__fillcap_64'
Circuit gf180mcu_fd_sc_mcu9t5v0__fillcap_64 contains 32 device instances.
  Class: pfet_05v0             instances:  16
  Class: nfet_05v0             instances:  16
Circuit contains 36 nets.

Circuit gf180mcu_fd_sc_mcu9t5v0__fillcap_64 contains no devices.

Contents of circuit 1:  Circuit: 'gf180mcu_fd_sc_mcu9t5v0__oai22_1'
Circuit gf180mcu_fd_sc_mcu9t5v0__oai22_1 contains 0 device instances.
Circuit contains 0 nets, and 9 disconnected pins.
Contents of circuit 2:  Circuit: 'gf180mcu_fd_sc_mcu9t5v0__oai22_1'
Circuit gf180mcu_fd_sc_mcu9t5v0__oai22_1 contains 8 device instances.
  Class: pfet_05v0             instances:   4
  Class: nfet_05v0             instances:   4
Circuit contains 12 nets.

Circuit gf180mcu_fd_sc_mcu9t5v0__oai22_1 contains no devices.

Contents of circuit 1:  Circuit: 'gf180mcu_fd_sc_mcu9t5v0__xor3_1'
Circuit gf180mcu_fd_sc_mcu9t5v0__xor3_1 contains 0 device instances.
Circuit contains 0 nets, and 8 disconnected pins.
Contents of circuit 2:  Circuit: 'gf180mcu_fd_sc_mcu9t5v0__xor3_1'
Circuit gf180mcu_fd_sc_mcu9t5v0__xor3_1 contains 20 device instances.
  Class: pfet_05v0             instances:  10
  Class: nfet_05v0             instances:  10
Circuit contains 17 nets.

Circuit gf180mcu_fd_sc_mcu9t5v0__xor3_1 contains no devices.

Contents of circuit 1:  Circuit: 'gf180mcu_fd_sc_mcu9t5v0__tiel'
Circuit gf180mcu_fd_sc_mcu9t5v0__tiel contains 0 device instances.
Circuit contains 0 nets, and 5 disconnected pins.
Contents of circuit 2:  Circuit: 'gf180mcu_fd_sc_mcu9t5v0__tiel'
Circuit gf180mcu_fd_sc_mcu9t5v0__tiel contains 2 device instances.
  Class: pfet_05v0             instances:   1
  Class: nfet_05v0             instances:   1
Circuit contains 6 nets.

Circuit gf180mcu_fd_sc_mcu9t5v0__tiel contains no devices.

Contents of circuit 1:  Circuit: 'gf180mcu_fd_sc_mcu9t5v0__dlyc_1'
Circuit gf180mcu_fd_sc_mcu9t5v0__dlyc_1 contains 0 device instances.
Circuit contains 0 nets, and 6 disconnected pins.
Contents of circuit 2:  Circuit: 'gf180mcu_fd_sc_mcu9t5v0__dlyc_1'
Circuit gf180mcu_fd_sc_mcu9t5v0__dlyc_1 contains 20 device instances.
  Class: pfet_05v0             instances:  10
  Class: nfet_05v0             instances:  10
Circuit contains 19 nets.

Circuit gf180mcu_fd_sc_mcu9t5v0__dlyc_1 contains no devices.

Contents of circuit 1:  Circuit: 'gf180mcu_fd_sc_mcu9t5v0__nand4_1'
Circuit gf180mcu_fd_sc_mcu9t5v0__nand4_1 contains 0 device instances.
Circuit contains 0 nets, and 9 disconnected pins.
Contents of circuit 2:  Circuit: 'gf180mcu_fd_sc_mcu9t5v0__nand4_1'
Circuit gf180mcu_fd_sc_mcu9t5v0__nand4_1 contains 8 device instances.
  Class: pfet_05v0             instances:   4
  Class: nfet_05v0             instances:   4
Circuit contains 12 nets.

Circuit gf180mcu_fd_sc_mcu9t5v0__nand4_1 contains no devices.

Contents of circuit 1:  Circuit: 'gf180mcu_fd_sc_mcu9t5v0__or3_1'
Circuit gf180mcu_fd_sc_mcu9t5v0__or3_1 contains 0 device instances.
Circuit contains 0 nets, and 8 disconnected pins.
Contents of circuit 2:  Circuit: 'gf180mcu_fd_sc_mcu9t5v0__or3_1'
Circuit gf180mcu_fd_sc_mcu9t5v0__or3_1 contains 8 device instances.
  Class: pfet_05v0             instances:   4
  Class: nfet_05v0             instances:   4
Circuit contains 11 nets.

Circuit gf180mcu_fd_sc_mcu9t5v0__or3_1 contains no devices.

Contents of circuit 1:  Circuit: 'gf180mcu_fd_sc_mcu9t5v0__inv_2'
Circuit gf180mcu_fd_sc_mcu9t5v0__inv_2 contains 0 device instances.
Circuit contains 0 nets, and 6 disconnected pins.
Contents of circuit 2:  Circuit: 'gf180mcu_fd_sc_mcu9t5v0__inv_2'
Circuit gf180mcu_fd_sc_mcu9t5v0__inv_2 contains 4 device instances.
  Class: pfet_05v0             instances:   2
  Class: nfet_05v0             instances:   2
Circuit contains 6 nets.

Circuit gf180mcu_fd_sc_mcu9t5v0__inv_2 contains no devices.

Contents of circuit 1:  Circuit: 'gf180mcu_fd_sc_mcu9t5v0__nand4_2'
Circuit gf180mcu_fd_sc_mcu9t5v0__nand4_2 contains 0 device instances.
Circuit contains 0 nets, and 9 disconnected pins.
Contents of circuit 2:  Circuit: 'gf180mcu_fd_sc_mcu9t5v0__nand4_2'
Circuit gf180mcu_fd_sc_mcu9t5v0__nand4_2 contains 16 device instances.
  Class: pfet_05v0             instances:   8
  Class: nfet_05v0             instances:   8
Circuit contains 15 nets.

Circuit gf180mcu_fd_sc_mcu9t5v0__nand4_2 contains no devices.

Contents of circuit 1:  Circuit: 'gf180mcu_fd_sc_mcu9t5v0__nor3_4'
Circuit gf180mcu_fd_sc_mcu9t5v0__nor3_4 contains 0 device instances.
Circuit contains 0 nets, and 8 disconnected pins.
Contents of circuit 2:  Circuit: 'gf180mcu_fd_sc_mcu9t5v0__nor3_4'
Circuit gf180mcu_fd_sc_mcu9t5v0__nor3_4 contains 24 device instances.
  Class: pfet_05v0             instances:  12
  Class: nfet_05v0             instances:  12
Circuit contains 14 nets.

Circuit gf180mcu_fd_sc_mcu9t5v0__nor3_4 contains no devices.

Contents of circuit 1:  Circuit: 'gf180mcu_fd_sc_mcu9t5v0__buf_4'
Circuit gf180mcu_fd_sc_mcu9t5v0__buf_4 contains 0 device instances.
Circuit contains 0 nets, and 6 disconnected pins.
Contents of circuit 2:  Circuit: 'gf180mcu_fd_sc_mcu9t5v0__buf_4'
Circuit gf180mcu_fd_sc_mcu9t5v0__buf_4 contains 12 device instances.
  Class: pfet_05v0             instances:   6
  Class: nfet_05v0             instances:   6
Circuit contains 7 nets.

Circuit gf180mcu_fd_sc_mcu9t5v0__buf_4 contains no devices.

Contents of circuit 1:  Circuit: 'gf180mcu_fd_sc_mcu9t5v0__aoi222_1'
Circuit gf180mcu_fd_sc_mcu9t5v0__aoi222_1 contains 0 device instances.
Circuit contains 0 nets, and 11 disconnected pins.
Contents of circuit 2:  Circuit: 'gf180mcu_fd_sc_mcu9t5v0__aoi222_1'
Circuit gf180mcu_fd_sc_mcu9t5v0__aoi222_1 contains 12 device instances.
  Class: pfet_05v0             instances:   6
  Class: nfet_05v0             instances:   6
Circuit contains 16 nets.

Circuit gf180mcu_fd_sc_mcu9t5v0__aoi222_1 contains no devices.

Contents of circuit 1:  Circuit: 'gf180mcu_fd_ip_sram__sram256x8m8wm1'
Circuit gf180mcu_fd_ip_sram__sram256x8m8wm1 contains 0 device instances.
Circuit contains 0 nets, and 37 disconnected pins.
Contents of circuit 2:  Circuit: 'gf180mcu_fd_ip_sram__sram256x8m8wm1'
Circuit gf180mcu_fd_ip_sram__sram256x8m8wm1 contains 0 device instances.
Circuit contains 0 nets.

Circuit gf180mcu_fd_ip_sram__sram256x8m8wm1 contains no devices.

Contents of circuit 1:  Circuit: 'gf180mcu_fd_sc_mcu9t5v0__aoi221_4'
Circuit gf180mcu_fd_sc_mcu9t5v0__aoi221_4 contains 0 device instances.
Circuit contains 0 nets, and 10 disconnected pins.
Contents of circuit 2:  Circuit: 'gf180mcu_fd_sc_mcu9t5v0__aoi221_4'
Circuit gf180mcu_fd_sc_mcu9t5v0__aoi221_4 contains 40 device instances.
  Class: pfet_05v0             instances:  20
  Class: nfet_05v0             instances:  20
Circuit contains 20 nets.

Circuit gf180mcu_fd_sc_mcu9t5v0__aoi221_4 contains no devices.

Contents of circuit 1:  Circuit: 'gf180mcu_fd_sc_mcu9t5v0__inv_4'
Circuit gf180mcu_fd_sc_mcu9t5v0__inv_4 contains 0 device instances.
Circuit contains 0 nets, and 6 disconnected pins.
Contents of circuit 2:  Circuit: 'gf180mcu_fd_sc_mcu9t5v0__inv_4'
Circuit gf180mcu_fd_sc_mcu9t5v0__inv_4 contains 8 device instances.
  Class: pfet_05v0             instances:   4
  Class: nfet_05v0             instances:   4
Circuit contains 6 nets.

Circuit gf180mcu_fd_sc_mcu9t5v0__inv_4 contains no devices.

Contents of circuit 1:  Circuit: 'gf180mcu_fd_sc_mcu9t5v0__mux4_1'
Circuit gf180mcu_fd_sc_mcu9t5v0__mux4_1 contains 0 device instances.
Circuit contains 0 nets, and 11 disconnected pins.
Contents of circuit 2:  Circuit: 'gf180mcu_fd_sc_mcu9t5v0__mux4_1'
Circuit gf180mcu_fd_sc_mcu9t5v0__mux4_1 contains 26 device instances.
  Class: pfet_05v0             instances:  13
  Class: nfet_05v0             instances:  13
Circuit contains 20 nets.

Circuit gf180mcu_fd_sc_mcu9t5v0__mux4_1 contains no devices.

Contents of circuit 1:  Circuit: 'gf180mcu_fd_sc_mcu9t5v0__and3_1'
Circuit gf180mcu_fd_sc_mcu9t5v0__and3_1 contains 0 device instances.
Circuit contains 0 nets, and 8 disconnected pins.
Contents of circuit 2:  Circuit: 'gf180mcu_fd_sc_mcu9t5v0__and3_1'
Circuit gf180mcu_fd_sc_mcu9t5v0__and3_1 contains 8 device instances.
  Class: pfet_05v0             instances:   4
  Class: nfet_05v0             instances:   4
Circuit contains 11 nets.

Circuit gf180mcu_fd_sc_mcu9t5v0__and3_1 contains no devices.

Contents of circuit 1:  Circuit: 'gf180mcu_fd_sc_mcu9t5v0__aoi22_4'
Circuit gf180mcu_fd_sc_mcu9t5v0__aoi22_4 contains 0 device instances.
Circuit contains 0 nets, and 9 disconnected pins.
Contents of circuit 2:  Circuit: 'gf180mcu_fd_sc_mcu9t5v0__aoi22_4'
Circuit gf180mcu_fd_sc_mcu9t5v0__aoi22_4 contains 32 device instances.
  Class: pfet_05v0             instances:  16
  Class: nfet_05v0             instances:  16
Circuit contains 18 nets.

Circuit gf180mcu_fd_sc_mcu9t5v0__aoi22_4 contains no devices.

Contents of circuit 1:  Circuit: 'gf180mcu_fd_sc_mcu9t5v0__and4_2'
Circuit gf180mcu_fd_sc_mcu9t5v0__and4_2 contains 0 device instances.
Circuit contains 0 nets, and 9 disconnected pins.
Contents of circuit 2:  Circuit: 'gf180mcu_fd_sc_mcu9t5v0__and4_2'
Circuit gf180mcu_fd_sc_mcu9t5v0__and4_2 contains 12 device instances.
  Class: pfet_05v0             instances:   6
  Class: nfet_05v0             instances:   6
Circuit contains 13 nets.

Circuit gf180mcu_fd_sc_mcu9t5v0__and4_2 contains no devices.

Contents of circuit 1:  Circuit: 'gf180mcu_fd_sc_mcu9t5v0__and4_1'
Circuit gf180mcu_fd_sc_mcu9t5v0__and4_1 contains 0 device instances.
Circuit contains 0 nets, and 9 disconnected pins.
Contents of circuit 2:  Circuit: 'gf180mcu_fd_sc_mcu9t5v0__and4_1'
Circuit gf180mcu_fd_sc_mcu9t5v0__and4_1 contains 10 device instances.
  Class: pfet_05v0             instances:   5
  Class: nfet_05v0             instances:   5
Circuit contains 13 nets.

Circuit gf180mcu_fd_sc_mcu9t5v0__and4_1 contains no devices.

Contents of circuit 1:  Circuit: 'gf180mcu_fd_sc_mcu9t5v0__clkinv_4'
Circuit gf180mcu_fd_sc_mcu9t5v0__clkinv_4 contains 0 device instances.
Circuit contains 0 nets, and 6 disconnected pins.
Contents of circuit 2:  Circuit: 'gf180mcu_fd_sc_mcu9t5v0__clkinv_4'
Circuit gf180mcu_fd_sc_mcu9t5v0__clkinv_4 contains 8 device instances.
  Class: pfet_05v0             instances:   4
  Class: nfet_05v0             instances:   4
Circuit contains 6 nets.

Circuit gf180mcu_fd_sc_mcu9t5v0__clkinv_4 contains no devices.

Contents of circuit 1:  Circuit: 'gf180mcu_fd_sc_mcu9t5v0__inv_3'
Circuit gf180mcu_fd_sc_mcu9t5v0__inv_3 contains 0 device instances.
Circuit contains 0 nets, and 6 disconnected pins.
Contents of circuit 2:  Circuit: 'gf180mcu_fd_sc_mcu9t5v0__inv_3'
Circuit gf180mcu_fd_sc_mcu9t5v0__inv_3 contains 6 device instances.
  Class: pfet_05v0             instances:   3
  Class: nfet_05v0             instances:   3
Circuit contains 6 nets.

Circuit gf180mcu_fd_sc_mcu9t5v0__inv_3 contains no devices.

Contents of circuit 1:  Circuit: 'gf180mcu_fd_sc_mcu9t5v0__inv_8'
Circuit gf180mcu_fd_sc_mcu9t5v0__inv_8 contains 0 device instances.
Circuit contains 0 nets, and 6 disconnected pins.
Contents of circuit 2:  Circuit: 'gf180mcu_fd_sc_mcu9t5v0__inv_8'
Circuit gf180mcu_fd_sc_mcu9t5v0__inv_8 contains 16 device instances.
  Class: pfet_05v0             instances:   8
  Class: nfet_05v0             instances:   8
Circuit contains 6 nets.

Circuit gf180mcu_fd_sc_mcu9t5v0__inv_8 contains no devices.

Contents of circuit 1:  Circuit: 'gf180mcu_fd_sc_mcu9t5v0__nand2_4'
Circuit gf180mcu_fd_sc_mcu9t5v0__nand2_4 contains 0 device instances.
Circuit contains 0 nets, and 7 disconnected pins.
Contents of circuit 2:  Circuit: 'gf180mcu_fd_sc_mcu9t5v0__nand2_4'
Circuit gf180mcu_fd_sc_mcu9t5v0__nand2_4 contains 16 device instances.
  Class: pfet_05v0             instances:   8
  Class: nfet_05v0             instances:   8
Circuit contains 11 nets.

Circuit gf180mcu_fd_sc_mcu9t5v0__nand2_4 contains no devices.

Contents of circuit 1:  Circuit: 'gf180mcu_fd_sc_mcu9t5v0__oai32_1'
Circuit gf180mcu_fd_sc_mcu9t5v0__oai32_1 contains 0 device instances.
Circuit contains 0 nets, and 10 disconnected pins.
Contents of circuit 2:  Circuit: 'gf180mcu_fd_sc_mcu9t5v0__oai32_1'
Circuit gf180mcu_fd_sc_mcu9t5v0__oai32_1 contains 10 device instances.
  Class: pfet_05v0             instances:   5
  Class: nfet_05v0             instances:   5
Circuit contains 14 nets.

Circuit gf180mcu_fd_sc_mcu9t5v0__oai32_1 contains no devices.

Contents of circuit 1:  Circuit: 'gf180mcu_fd_sc_mcu9t5v0__clkinv_8'
Circuit gf180mcu_fd_sc_mcu9t5v0__clkinv_8 contains 0 device instances.
Circuit contains 0 nets, and 6 disconnected pins.
Contents of circuit 2:  Circuit: 'gf180mcu_fd_sc_mcu9t5v0__clkinv_8'
Circuit gf180mcu_fd_sc_mcu9t5v0__clkinv_8 contains 16 device instances.
  Class: pfet_05v0             instances:   8
  Class: nfet_05v0             instances:   8
Circuit contains 6 nets.

Circuit gf180mcu_fd_sc_mcu9t5v0__clkinv_8 contains no devices.

Contents of circuit 1:  Circuit: 'gf180mcu_fd_sc_mcu9t5v0__aoi21_4'
Circuit gf180mcu_fd_sc_mcu9t5v0__aoi21_4 contains 0 device instances.
Circuit contains 0 nets, and 8 disconnected pins.
Contents of circuit 2:  Circuit: 'gf180mcu_fd_sc_mcu9t5v0__aoi21_4'
Circuit gf180mcu_fd_sc_mcu9t5v0__aoi21_4 contains 24 device instances.
  Class: pfet_05v0             instances:  12
  Class: nfet_05v0             instances:  12
Circuit contains 13 nets.

Circuit gf180mcu_fd_sc_mcu9t5v0__aoi21_4 contains no devices.

Contents of circuit 1:  Circuit: 'gf180mcu_fd_sc_mcu9t5v0__tieh'
Circuit gf180mcu_fd_sc_mcu9t5v0__tieh contains 0 device instances.
Circuit contains 0 nets, and 5 disconnected pins.
Contents of circuit 2:  Circuit: 'gf180mcu_fd_sc_mcu9t5v0__tieh'
Circuit gf180mcu_fd_sc_mcu9t5v0__tieh contains 2 device instances.
  Class: pfet_05v0             instances:   1
  Class: nfet_05v0             instances:   1
Circuit contains 6 nets.

Circuit gf180mcu_fd_sc_mcu9t5v0__tieh contains no devices.

Contents of circuit 1:  Circuit: 'gf180mcu_fd_sc_mcu9t5v0__oai31_2'
Circuit gf180mcu_fd_sc_mcu9t5v0__oai31_2 contains 0 device instances.
Circuit contains 0 nets, and 9 disconnected pins.
Contents of circuit 2:  Circuit: 'gf180mcu_fd_sc_mcu9t5v0__oai31_2'
Circuit gf180mcu_fd_sc_mcu9t5v0__oai31_2 contains 16 device instances.
  Class: pfet_05v0             instances:   8
  Class: nfet_05v0             instances:   8
Circuit contains 14 nets.

Circuit gf180mcu_fd_sc_mcu9t5v0__oai31_2 contains no devices.

Contents of circuit 1:  Circuit: 'gf180mcu_fd_sc_mcu9t5v0__clkinv_20'
Circuit gf180mcu_fd_sc_mcu9t5v0__clkinv_20 contains 0 device instances.
Circuit contains 0 nets, and 6 disconnected pins.
Contents of circuit 2:  Circuit: 'gf180mcu_fd_sc_mcu9t5v0__clkinv_20'
Circuit gf180mcu_fd_sc_mcu9t5v0__clkinv_20 contains 40 device instances.
  Class: pfet_05v0             instances:  20
  Class: nfet_05v0             instances:  20
Circuit contains 6 nets.

Circuit gf180mcu_fd_sc_mcu9t5v0__clkinv_20 contains no devices.

Contents of circuit 1:  Circuit: 'gf180mcu_fd_sc_mcu9t5v0__and3_4'
Circuit gf180mcu_fd_sc_mcu9t5v0__and3_4 contains 0 device instances.
Circuit contains 0 nets, and 8 disconnected pins.
Contents of circuit 2:  Circuit: 'gf180mcu_fd_sc_mcu9t5v0__and3_4'
Circuit gf180mcu_fd_sc_mcu9t5v0__and3_4 contains 20 device instances.
  Class: pfet_05v0             instances:  10
  Class: nfet_05v0             instances:  10
Circuit contains 13 nets.

Circuit gf180mcu_fd_sc_mcu9t5v0__and3_4 contains no devices.

Contents of circuit 1:  Circuit: 'gf180mcu_fd_sc_mcu9t5v0__clkinv_16'
Circuit gf180mcu_fd_sc_mcu9t5v0__clkinv_16 contains 0 device instances.
Circuit contains 0 nets, and 6 disconnected pins.
Contents of circuit 2:  Circuit: 'gf180mcu_fd_sc_mcu9t5v0__clkinv_16'
Circuit gf180mcu_fd_sc_mcu9t5v0__clkinv_16 contains 32 device instances.
  Class: pfet_05v0             instances:  16
  Class: nfet_05v0             instances:  16
Circuit contains 6 nets.

Circuit gf180mcu_fd_sc_mcu9t5v0__clkinv_16 contains no devices.

Contents of circuit 1:  Circuit: 'gf180mcu_fd_sc_mcu9t5v0__oai222_1'
Circuit gf180mcu_fd_sc_mcu9t5v0__oai222_1 contains 0 device instances.
Circuit contains 0 nets, and 11 disconnected pins.
Contents of circuit 2:  Circuit: 'gf180mcu_fd_sc_mcu9t5v0__oai222_1'
Circuit gf180mcu_fd_sc_mcu9t5v0__oai222_1 contains 12 device instances.
  Class: pfet_05v0             instances:   6
  Class: nfet_05v0             instances:   6
Circuit contains 16 nets.

Circuit gf180mcu_fd_sc_mcu9t5v0__oai222_1 contains no devices.

Contents of circuit 1:  Circuit: 'gf180mcu_fd_sc_mcu9t5v0__clkbuf_4'
Circuit gf180mcu_fd_sc_mcu9t5v0__clkbuf_4 contains 0 device instances.
Circuit contains 0 nets, and 6 disconnected pins.
Contents of circuit 2:  Circuit: 'gf180mcu_fd_sc_mcu9t5v0__clkbuf_4'
Circuit gf180mcu_fd_sc_mcu9t5v0__clkbuf_4 contains 12 device instances.
  Class: pfet_05v0             instances:   6
  Class: nfet_05v0             instances:   6
Circuit contains 7 nets.

Circuit gf180mcu_fd_sc_mcu9t5v0__clkbuf_4 contains no devices.

Contents of circuit 1:  Circuit: 'gf180mcu_fd_sc_mcu9t5v0__or2_2'
Circuit gf180mcu_fd_sc_mcu9t5v0__or2_2 contains 0 device instances.
Circuit contains 0 nets, and 7 disconnected pins.
Contents of circuit 2:  Circuit: 'gf180mcu_fd_sc_mcu9t5v0__or2_2'
Circuit gf180mcu_fd_sc_mcu9t5v0__or2_2 contains 8 device instances.
  Class: pfet_05v0             instances:   4
  Class: nfet_05v0             instances:   4
Circuit contains 9 nets.

Circuit gf180mcu_fd_sc_mcu9t5v0__or2_2 contains no devices.

Contents of circuit 1:  Circuit: 'gf180mcu_fd_sc_mcu9t5v0__dffsnq_1'
Circuit gf180mcu_fd_sc_mcu9t5v0__dffsnq_1 contains 0 device instances.
Circuit contains 0 nets, and 8 disconnected pins.
Contents of circuit 2:  Circuit: 'gf180mcu_fd_sc_mcu9t5v0__dffsnq_1'
Circuit gf180mcu_fd_sc_mcu9t5v0__dffsnq_1 contains 28 device instances.
  Class: pfet_05v0             instances:  14
  Class: nfet_05v0             instances:  14
Circuit contains 20 nets.

Circuit gf180mcu_fd_sc_mcu9t5v0__dffsnq_1 contains no devices.

Contents of circuit 1:  Circuit: 'gf180mcu_fd_sc_mcu9t5v0__clkinv_3'
Circuit gf180mcu_fd_sc_mcu9t5v0__clkinv_3 contains 0 device instances.
Circuit contains 0 nets, and 6 disconnected pins.
Contents of circuit 2:  Circuit: 'gf180mcu_fd_sc_mcu9t5v0__clkinv_3'
Circuit gf180mcu_fd_sc_mcu9t5v0__clkinv_3 contains 6 device instances.
  Class: pfet_05v0             instances:   3
  Class: nfet_05v0             instances:   3
Circuit contains 6 nets.

Circuit gf180mcu_fd_sc_mcu9t5v0__clkinv_3 contains no devices.

Contents of circuit 1:  Circuit: 'gf180mcu_fd_sc_mcu9t5v0__nand2_2'
Circuit gf180mcu_fd_sc_mcu9t5v0__nand2_2 contains 0 device instances.
Circuit contains 0 nets, and 7 disconnected pins.
Contents of circuit 2:  Circuit: 'gf180mcu_fd_sc_mcu9t5v0__nand2_2'
Circuit gf180mcu_fd_sc_mcu9t5v0__nand2_2 contains 8 device instances.
  Class: pfet_05v0             instances:   4
  Class: nfet_05v0             instances:   4
Circuit contains 9 nets.

Circuit gf180mcu_fd_sc_mcu9t5v0__nand2_2 contains no devices.

Contents of circuit 1:  Circuit: 'gf180mcu_fd_sc_mcu9t5v0__nor2_4'
Circuit gf180mcu_fd_sc_mcu9t5v0__nor2_4 contains 0 device instances.
Circuit contains 0 nets, and 7 disconnected pins.
Contents of circuit 2:  Circuit: 'gf180mcu_fd_sc_mcu9t5v0__nor2_4'
Circuit gf180mcu_fd_sc_mcu9t5v0__nor2_4 contains 16 device instances.
  Class: pfet_05v0             instances:   8
  Class: nfet_05v0             instances:   8
Circuit contains 11 nets.

Circuit gf180mcu_fd_sc_mcu9t5v0__nor2_4 contains no devices.

Contents of circuit 1:  Circuit: 'gf180mcu_fd_sc_mcu9t5v0__dffrnq_2'
Circuit gf180mcu_fd_sc_mcu9t5v0__dffrnq_2 contains 0 device instances.
Circuit contains 0 nets, and 8 disconnected pins.
Contents of circuit 2:  Circuit: 'gf180mcu_fd_sc_mcu9t5v0__dffrnq_2'
Circuit gf180mcu_fd_sc_mcu9t5v0__dffrnq_2 contains 30 device instances.
  Class: pfet_05v0             instances:  15
  Class: nfet_05v0             instances:  15
Circuit contains 20 nets.

Circuit gf180mcu_fd_sc_mcu9t5v0__dffrnq_2 contains no devices.

Contents of circuit 1:  Circuit: 'gf180mcu_fd_sc_mcu9t5v0__buf_8'
Circuit gf180mcu_fd_sc_mcu9t5v0__buf_8 contains 0 device instances.
Circuit contains 0 nets, and 6 disconnected pins.
Contents of circuit 2:  Circuit: 'gf180mcu_fd_sc_mcu9t5v0__buf_8'
Circuit gf180mcu_fd_sc_mcu9t5v0__buf_8 contains 24 device instances.
  Class: pfet_05v0             instances:  12
  Class: nfet_05v0             instances:  12
Circuit contains 7 nets.

Circuit gf180mcu_fd_sc_mcu9t5v0__buf_8 contains no devices.

Contents of circuit 1:  Circuit: 'gf180mcu_fd_sc_mcu9t5v0__or4_1'
Circuit gf180mcu_fd_sc_mcu9t5v0__or4_1 contains 0 device instances.
Circuit contains 0 nets, and 9 disconnected pins.
Contents of circuit 2:  Circuit: 'gf180mcu_fd_sc_mcu9t5v0__or4_1'
Circuit gf180mcu_fd_sc_mcu9t5v0__or4_1 contains 10 device instances.
  Class: pfet_05v0             instances:   5
  Class: nfet_05v0             instances:   5
Circuit contains 13 nets.

Circuit gf180mcu_fd_sc_mcu9t5v0__or4_1 contains no devices.

Contents of circuit 1:  Circuit: 'gf180mcu_fd_sc_mcu9t5v0__oai21_4'
Circuit gf180mcu_fd_sc_mcu9t5v0__oai21_4 contains 0 device instances.
Circuit contains 0 nets, and 8 disconnected pins.
Contents of circuit 2:  Circuit: 'gf180mcu_fd_sc_mcu9t5v0__oai21_4'
Circuit gf180mcu_fd_sc_mcu9t5v0__oai21_4 contains 24 device instances.
  Class: pfet_05v0             instances:  12
  Class: nfet_05v0             instances:  12
Circuit contains 13 nets.

Circuit gf180mcu_fd_sc_mcu9t5v0__oai21_4 contains no devices.

Contents of circuit 1:  Circuit: 'gf180mcu_fd_sc_mcu9t5v0__dffrnq_4'
Circuit gf180mcu_fd_sc_mcu9t5v0__dffrnq_4 contains 0 device instances.
Circuit contains 0 nets, and 8 disconnected pins.
Contents of circuit 2:  Circuit: 'gf180mcu_fd_sc_mcu9t5v0__dffrnq_4'
Circuit gf180mcu_fd_sc_mcu9t5v0__dffrnq_4 contains 34 device instances.
  Class: pfet_05v0             instances:  17
  Class: nfet_05v0             instances:  17
Circuit contains 20 nets.

Circuit gf180mcu_fd_sc_mcu9t5v0__dffrnq_4 contains no devices.

Contents of circuit 1:  Circuit: 'gf180mcu_fd_sc_mcu9t5v0__aoi21_2'
Circuit gf180mcu_fd_sc_mcu9t5v0__aoi21_2 contains 0 device instances.
Circuit contains 0 nets, and 8 disconnected pins.
Contents of circuit 2:  Circuit: 'gf180mcu_fd_sc_mcu9t5v0__aoi21_2'
Circuit gf180mcu_fd_sc_mcu9t5v0__aoi21_2 contains 12 device instances.
  Class: pfet_05v0             instances:   6
  Class: nfet_05v0             instances:   6
Circuit contains 11 nets.

Circuit gf180mcu_fd_sc_mcu9t5v0__aoi21_2 contains no devices.

Contents of circuit 1:  Circuit: 'gf180mcu_fd_sc_mcu9t5v0__and4_4'
Circuit gf180mcu_fd_sc_mcu9t5v0__and4_4 contains 0 device instances.
Circuit contains 0 nets, and 9 disconnected pins.
Contents of circuit 2:  Circuit: 'gf180mcu_fd_sc_mcu9t5v0__and4_4'
Circuit gf180mcu_fd_sc_mcu9t5v0__and4_4 contains 24 device instances.
  Class: pfet_05v0             instances:  12
  Class: nfet_05v0             instances:  12
Circuit contains 16 nets.

Circuit gf180mcu_fd_sc_mcu9t5v0__and4_4 contains no devices.

Contents of circuit 1:  Circuit: 'gf180mcu_fd_sc_mcu9t5v0__and2_4'
Circuit gf180mcu_fd_sc_mcu9t5v0__and2_4 contains 0 device instances.
Circuit contains 0 nets, and 7 disconnected pins.
Contents of circuit 2:  Circuit: 'gf180mcu_fd_sc_mcu9t5v0__and2_4'
Circuit gf180mcu_fd_sc_mcu9t5v0__and2_4 contains 16 device instances.
  Class: pfet_05v0             instances:   8
  Class: nfet_05v0             instances:   8
Circuit contains 10 nets.

Circuit gf180mcu_fd_sc_mcu9t5v0__and2_4 contains no devices.

Contents of circuit 1:  Circuit: 'gf180mcu_fd_sc_mcu9t5v0__nor2_2'
Circuit gf180mcu_fd_sc_mcu9t5v0__nor2_2 contains 0 device instances.
Circuit contains 0 nets, and 7 disconnected pins.
Contents of circuit 2:  Circuit: 'gf180mcu_fd_sc_mcu9t5v0__nor2_2'
Circuit gf180mcu_fd_sc_mcu9t5v0__nor2_2 contains 8 device instances.
  Class: pfet_05v0             instances:   4
  Class: nfet_05v0             instances:   4
Circuit contains 9 nets.

Circuit gf180mcu_fd_sc_mcu9t5v0__nor2_2 contains no devices.

Contents of circuit 1:  Circuit: 'gf180mcu_fd_sc_mcu9t5v0__oai31_4'
Circuit gf180mcu_fd_sc_mcu9t5v0__oai31_4 contains 0 device instances.
Circuit contains 0 nets, and 9 disconnected pins.
Contents of circuit 2:  Circuit: 'gf180mcu_fd_sc_mcu9t5v0__oai31_4'
Circuit gf180mcu_fd_sc_mcu9t5v0__oai31_4 contains 32 device instances.
  Class: pfet_05v0             instances:  16
  Class: nfet_05v0             instances:  16
Circuit contains 16 nets.

Circuit gf180mcu_fd_sc_mcu9t5v0__oai31_4 contains no devices.

Contents of circuit 1:  Circuit: 'gf180mcu_fd_sc_mcu9t5v0__oai21_2'
Circuit gf180mcu_fd_sc_mcu9t5v0__oai21_2 contains 0 device instances.
Circuit contains 0 nets, and 8 disconnected pins.
Contents of circuit 2:  Circuit: 'gf180mcu_fd_sc_mcu9t5v0__oai21_2'
Circuit gf180mcu_fd_sc_mcu9t5v0__oai21_2 contains 12 device instances.
  Class: pfet_05v0             instances:   6
  Class: nfet_05v0             instances:   6
Circuit contains 11 nets.

Circuit gf180mcu_fd_sc_mcu9t5v0__oai21_2 contains no devices.

Contents of circuit 1:  Circuit: 'gf180mcu_fd_sc_mcu9t5v0__nor4_2'
Circuit gf180mcu_fd_sc_mcu9t5v0__nor4_2 contains 0 device instances.
Circuit contains 0 nets, and 9 disconnected pins.
Contents of circuit 2:  Circuit: 'gf180mcu_fd_sc_mcu9t5v0__nor4_2'
Circuit gf180mcu_fd_sc_mcu9t5v0__nor4_2 contains 16 device instances.
  Class: pfet_05v0             instances:   8
  Class: nfet_05v0             instances:   8
Circuit contains 15 nets.

Circuit gf180mcu_fd_sc_mcu9t5v0__nor4_2 contains no devices.

Contents of circuit 1:  Circuit: 'gf180mcu_fd_sc_mcu9t5v0__aoi211_4'
Circuit gf180mcu_fd_sc_mcu9t5v0__aoi211_4 contains 0 device instances.
Circuit contains 0 nets, and 9 disconnected pins.
Contents of circuit 2:  Circuit: 'gf180mcu_fd_sc_mcu9t5v0__aoi211_4'
Circuit gf180mcu_fd_sc_mcu9t5v0__aoi211_4 contains 32 device instances.
  Class: pfet_05v0             instances:  16
  Class: nfet_05v0             instances:  16
Circuit contains 18 nets.

Circuit gf180mcu_fd_sc_mcu9t5v0__aoi211_4 contains no devices.

Contents of circuit 1:  Circuit: 'gf180mcu_fd_sc_mcu9t5v0__aoi22_2'
Circuit gf180mcu_fd_sc_mcu9t5v0__aoi22_2 contains 0 device instances.
Circuit contains 0 nets, and 9 disconnected pins.
Contents of circuit 2:  Circuit: 'gf180mcu_fd_sc_mcu9t5v0__aoi22_2'
Circuit gf180mcu_fd_sc_mcu9t5v0__aoi22_2 contains 16 device instances.
  Class: pfet_05v0             instances:   8
  Class: nfet_05v0             instances:   8
Circuit contains 14 nets.

Circuit gf180mcu_fd_sc_mcu9t5v0__aoi22_2 contains no devices.

Contents of circuit 1:  Circuit: 'gf180mcu_fd_sc_mcu9t5v0__aoi211_2'
Circuit gf180mcu_fd_sc_mcu9t5v0__aoi211_2 contains 0 device instances.
Circuit contains 0 nets, and 9 disconnected pins.
Contents of circuit 2:  Circuit: 'gf180mcu_fd_sc_mcu9t5v0__aoi211_2'
Circuit gf180mcu_fd_sc_mcu9t5v0__aoi211_2 contains 16 device instances.
  Class: pfet_05v0             instances:   8
  Class: nfet_05v0             instances:   8
Circuit contains 14 nets.

Circuit gf180mcu_fd_sc_mcu9t5v0__aoi211_2 contains no devices.

Contents of circuit 1:  Circuit: 'gf180mcu_fd_sc_mcu9t5v0__nand3_2'
Circuit gf180mcu_fd_sc_mcu9t5v0__nand3_2 contains 0 device instances.
Circuit contains 0 nets, and 8 disconnected pins.
Contents of circuit 2:  Circuit: 'gf180mcu_fd_sc_mcu9t5v0__nand3_2'
Circuit gf180mcu_fd_sc_mcu9t5v0__nand3_2 contains 12 device instances.
  Class: pfet_05v0             instances:   6
  Class: nfet_05v0             instances:   6
Circuit contains 12 nets.

Circuit gf180mcu_fd_sc_mcu9t5v0__nand3_2 contains no devices.

Contents of circuit 1:  Circuit: 'gf180mcu_fd_sc_mcu9t5v0__oai221_4'
Circuit gf180mcu_fd_sc_mcu9t5v0__oai221_4 contains 0 device instances.
Circuit contains 0 nets, and 10 disconnected pins.
Contents of circuit 2:  Circuit: 'gf180mcu_fd_sc_mcu9t5v0__oai221_4'
Circuit gf180mcu_fd_sc_mcu9t5v0__oai221_4 contains 40 device instances.
  Class: pfet_05v0             instances:  20
  Class: nfet_05v0             instances:  20
Circuit contains 20 nets.

Circuit gf180mcu_fd_sc_mcu9t5v0__oai221_4 contains no devices.

Contents of circuit 1:  Circuit: 'gf180mcu_fd_sc_mcu9t5v0__buf_12'
Circuit gf180mcu_fd_sc_mcu9t5v0__buf_12 contains 0 device instances.
Circuit contains 0 nets, and 6 disconnected pins.
Contents of circuit 2:  Circuit: 'gf180mcu_fd_sc_mcu9t5v0__buf_12'
Circuit gf180mcu_fd_sc_mcu9t5v0__buf_12 contains 36 device instances.
  Class: pfet_05v0             instances:  18
  Class: nfet_05v0             instances:  18
Circuit contains 7 nets.

Circuit gf180mcu_fd_sc_mcu9t5v0__buf_12 contains no devices.

Contents of circuit 1:  Circuit: 'gf180mcu_fd_sc_mcu9t5v0__and2_2'
Circuit gf180mcu_fd_sc_mcu9t5v0__and2_2 contains 0 device instances.
Circuit contains 0 nets, and 7 disconnected pins.
Contents of circuit 2:  Circuit: 'gf180mcu_fd_sc_mcu9t5v0__and2_2'
Circuit gf180mcu_fd_sc_mcu9t5v0__and2_2 contains 8 device instances.
  Class: pfet_05v0             instances:   4
  Class: nfet_05v0             instances:   4
Circuit contains 9 nets.

Circuit gf180mcu_fd_sc_mcu9t5v0__and2_2 contains no devices.

Contents of circuit 1:  Circuit: 'gf180mcu_fd_sc_mcu9t5v0__oai211_4'
Circuit gf180mcu_fd_sc_mcu9t5v0__oai211_4 contains 0 device instances.
Circuit contains 0 nets, and 9 disconnected pins.
Contents of circuit 2:  Circuit: 'gf180mcu_fd_sc_mcu9t5v0__oai211_4'
Circuit gf180mcu_fd_sc_mcu9t5v0__oai211_4 contains 32 device instances.
  Class: pfet_05v0             instances:  16
  Class: nfet_05v0             instances:  16
Circuit contains 18 nets.

Circuit gf180mcu_fd_sc_mcu9t5v0__oai211_4 contains no devices.

Contents of circuit 1:  Circuit: 'gf180mcu_fd_sc_mcu9t5v0__antenna'
Circuit gf180mcu_fd_sc_mcu9t5v0__antenna contains 0 device instances.
Circuit contains 0 nets, and 5 disconnected pins.
Contents of circuit 2:  Circuit: 'gf180mcu_fd_sc_mcu9t5v0__antenna'
Circuit gf180mcu_fd_sc_mcu9t5v0__antenna contains 2 device instances.
  Class: diode_pd2nw_06v0      instances:   1
  Class: diode_nd2ps_06v0      instances:   1
Circuit contains 3 nets, and 2 disconnected pins.

Circuit gf180mcu_fd_sc_mcu9t5v0__antenna contains no devices.

Contents of circuit 1:  Circuit: 'gf180mcu_fd_sc_mcu9t5v0__nor3_2'
Circuit gf180mcu_fd_sc_mcu9t5v0__nor3_2 contains 0 device instances.
Circuit contains 0 nets, and 8 disconnected pins.
Contents of circuit 2:  Circuit: 'gf180mcu_fd_sc_mcu9t5v0__nor3_2'
Circuit gf180mcu_fd_sc_mcu9t5v0__nor3_2 contains 12 device instances.
  Class: pfet_05v0             instances:   6
  Class: nfet_05v0             instances:   6
Circuit contains 12 nets.

Circuit gf180mcu_fd_sc_mcu9t5v0__nor3_2 contains no devices.

Contents of circuit 1:  Circuit: 'gf180mcu_fd_sc_mcu9t5v0__or4_2'
Circuit gf180mcu_fd_sc_mcu9t5v0__or4_2 contains 0 device instances.
Circuit contains 0 nets, and 9 disconnected pins.
Contents of circuit 2:  Circuit: 'gf180mcu_fd_sc_mcu9t5v0__or4_2'
Circuit gf180mcu_fd_sc_mcu9t5v0__or4_2 contains 12 device instances.
  Class: pfet_05v0             instances:   6
  Class: nfet_05v0             instances:   6
Circuit contains 13 nets.

Circuit gf180mcu_fd_sc_mcu9t5v0__or4_2 contains no devices.

Contents of circuit 1:  Circuit: 'butterfold_top'
Circuit butterfold_top contains 23733 device instances.
  Class: gf180mcu_fd_sc_mcu9t5v0__inv_4 instances:  15
  Class: gf180mcu_fd_sc_mcu9t5v0__clkinv_3 instances:   1
  Class: gf180mcu_fd_sc_mcu9t5v0__dlyc_1 instances:  14
  Class: gf180mcu_fd_sc_mcu9t5v0__oai31_4 instances:   1
  Class: gf180mcu_fd_sc_mcu9t5v0__nor2_4 instances:   9
  Class: gf180mcu_fd_sc_mcu9t5v0__nand3_1 instances: 265
  Class: gf180mcu_fd_sc_mcu9t5v0__xnor2_1 instances: 303
  Class: gf180mcu_fd_sc_mcu9t5v0__or2_1 instances: 114
  Class: gf180mcu_fd_sc_mcu9t5v0__tieh instances:  30
  Class: gf180mcu_fd_sc_mcu9t5v0__or4_2 instances:   1
  Class: gf180mcu_fd_sc_mcu9t5v0__oai222_1 instances:   2
  Class: gf180mcu_fd_sc_mcu9t5v0__nand2_2 instances:   5
  Class: gf180mcu_fd_sc_mcu9t5v0__oai31_1 instances: 305
  Class: gf180mcu_fd_sc_mcu9t5v0__nor2_1 instances: 966
  Class: gf180mcu_fd_sc_mcu9t5v0__dffsnq_1 instances:   7
  Class: gf180mcu_fd_sc_mcu9t5v0__oai21_1 instances: 605
  Class: gf180mcu_fd_sc_mcu9t5v0__oai22_1 instances:  87
  Class: gf180mcu_fd_sc_mcu9t5v0__aoi22_2 instances:   2
  Class: gf180mcu_fd_sc_mcu9t5v0__dffrnq_2 instances:   3
  Class: gf180mcu_fd_sc_mcu9t5v0__and4_4 instances:   1
  Class: gf180mcu_fd_sc_mcu9t5v0__or2_2 instances:   3
  Class: gf180mcu_fd_sc_mcu9t5v0__clkinv_8 instances:   6
  Class: gf180mcu_fd_sc_mcu9t5v0__oai211_4 instances:   1
  Class: gf180mcu_fd_sc_mcu9t5v0__fillcap_64 instances:  15
  Class: gf180mcu_fd_sc_mcu9t5v0__oai21_4 instances:   2
  Class: gf180mcu_fd_sc_mcu9t5v0__fillcap_16 instances: 2073
  Class: gf180mcu_fd_sc_mcu9t5v0__nor3_2 instances:   2
  Class: gf180mcu_fd_sc_mcu9t5v0__and4_1 instances:  16
  Class: gf180mcu_fd_sc_mcu9t5v0__oai211_1 instances: 212
  Class: gf180mcu_fd_sc_mcu9t5v0__clkbuf_8 instances: 101
  Class: gf180mcu_fd_sc_mcu9t5v0__nor4_4 instances:   3
  Class: gf180mcu_fd_sc_mcu9t5v0__fillcap_32 instances: 504
  Class: gf180mcu_fd_sc_mcu9t5v0__nand2_4 instances:  12
  Class: gf180mcu_fd_sc_mcu9t5v0__oai221_1 instances:  48
  Class: gf180mcu_fd_sc_mcu9t5v0__xor2_1 instances: 187
  Class: gf180mcu_fd_sc_mcu9t5v0__clkbuf_16 instances:  17
  Class: gf180mcu_fd_sc_mcu9t5v0__inv_3 instances:  17
  Class: gf180mcu_fd_sc_mcu9t5v0__nor4_1 instances:  34
  Class: gf180mcu_fd_sc_mcu9t5v0__fillcap_4 instances: 5378
  Class: gf180mcu_fd_sc_mcu9t5v0__buf_12 instances:  12
  Class: gf180mcu_fd_sc_mcu9t5v0__dffrnq_4 instances:   2
  Class: gf180mcu_fd_sc_mcu9t5v0__oai32_1 instances:  18
  Class: gf180mcu_fd_sc_mcu9t5v0__nor3_1 instances: 138
  Class: gf180mcu_fd_sc_mcu9t5v0__antenna instances:   2
  Class: gf180mcu_fd_sc_mcu9t5v0__oai211_2 instances:   4
  Class: gf180mcu_fd_sc_mcu9t5v0__xnor3_1 instances: 104
  Class: gf180mcu_fd_sc_mcu9t5v0__buf_4 instances:  32
  Class: gf180mcu_fd_sc_mcu9t5v0__or4_1 instances:   8
  Class: gf180mcu_fd_sc_mcu9t5v0__mux4_1 instances:  25
  Class: gf180mcu_fd_sc_mcu9t5v0__aoi22_4 instances:   8
  Class: gf180mcu_fd_sc_mcu9t5v0__oai221_4 instances:   1
  Class: gf180mcu_fd_sc_mcu9t5v0__or3_1 instances:  19
  Class: gf180mcu_fd_sc_mcu9t5v0__and2_4 instances:   2
  Class: gf180mcu_fd_sc_mcu9t5v0__nand2_1 instances: 1650
  Class: gf180mcu_fd_sc_mcu9t5v0__clkinv_16 instances:   2
  Class: gf180mcu_fd_sc_mcu9t5v0__tiel instances:  72
  Class: gf180mcu_fd_sc_mcu9t5v0__oai21_2 instances:   7
  Class: gf180mcu_fd_sc_mcu9t5v0__aoi21_1 instances: 569
  Class: gf180mcu_fd_sc_mcu9t5v0__nor4_2 instances:   3
  Class: gf180mcu_fd_sc_mcu9t5v0__aoi22_1 instances: 303
  Class: gf180mcu_fd_sc_mcu9t5v0__nand4_4 instances:   4
  Class: gf180mcu_fd_sc_mcu9t5v0__dffrnq_1 instances: 1441
  Class: gf180mcu_fd_sc_mcu9t5v0__nor3_4 instances:   7
  Class: gf180mcu_fd_sc_mcu9t5v0__and2_1 instances: 147
  Class: gf180mcu_fd_sc_mcu9t5v0__inv_8 instances:   1
  Class: gf180mcu_fd_sc_mcu9t5v0__clkinv_20 instances:   1
  Class: gf180mcu_fd_sc_mcu9t5v0__aoi222_1 instances:  50
  Class: gf180mcu_fd_sc_mcu9t5v0__aoi21_4 instances:  12
  Class: gf180mcu_fd_sc_mcu9t5v0__mux2_1 instances: 1928
  Class: gf180mcu_fd_sc_mcu9t5v0__clkinv_4 instances:   3
  Class: gf180mcu_fd_sc_mcu9t5v0__nand4_1 instances:  52
  Class: gf180mcu_fd_sc_mcu9t5v0__dffq_1 instances: 540
  Class: gf180mcu_fd_sc_mcu9t5v0__aoi211_4 instances:   4
  Class: gf180mcu_fd_sc_mcu9t5v0__and2_2 instances:   1
  Class: gf180mcu_fd_sc_mcu9t5v0__nor2_2 instances:  13
  Class: gf180mcu_fd_sc_mcu9t5v0__oai31_2 instances:   2
  Class: gf180mcu_fd_sc_mcu9t5v0__and3_1 instances:  68
  Class: gf180mcu_fd_sc_mcu9t5v0__inv_2 instances:  14
  Class: gf180mcu_fd_sc_mcu9t5v0__clkinv_1 instances: 522
  Class: gf180mcu_fd_sc_mcu9t5v0__aoi211_1 instances: 146
  Class: gf180mcu_fd_sc_mcu9t5v0__fillcap_8 instances: 4196
  Class: gf180mcu_fd_sc_mcu9t5v0__nand4_2 instances:   5
  Class: gf180mcu_fd_sc_mcu9t5v0__clkbuf_4 instances:  17
  Class: gf180mcu_fd_sc_mcu9t5v0__aoi221_1 instances: 165
  Class: gf180mcu_fd_sc_mcu9t5v0__nand3_2 instances:   2
  Class: gf180mcu_fd_sc_mcu9t5v0__and3_4 instances:   1
  Class: gf180mcu_fd_sc_mcu9t5v0__and4_2 instances:   3
  Class: gf180mcu_fd_sc_mcu9t5v0__buf_8 instances:   1
  Class: gf180mcu_fd_sc_mcu9t5v0__aoi21_2 instances:  11
  Class: gf180mcu_fd_ip_sram__sram256x8m8wm1 instances:   2
  Class: gf180mcu_fd_sc_mcu9t5v0__aoi211_2 instances:   3
  Class: gf180mcu_fd_sc_mcu9t5v0__xor3_1 instances:  22
  Class: gf180mcu_fd_sc_mcu9t5v0__aoi221_4 instances:   1
Circuit contains 11592 nets, and 10 disconnected pins.
Contents of circuit 2:  Circuit: 'butterfold_top'
Circuit butterfold_top contains 23733 device instances.
  Class: gf180mcu_fd_sc_mcu9t5v0__inv_4 instances:  15
  Class: gf180mcu_fd_sc_mcu9t5v0__clkinv_3 instances:   1
  Class: gf180mcu_fd_sc_mcu9t5v0__dlyc_1 instances:  14
  Class: gf180mcu_fd_sc_mcu9t5v0__oai31_4 instances:   1
  Class: gf180mcu_fd_sc_mcu9t5v0__nor2_4 instances:   9
  Class: gf180mcu_fd_sc_mcu9t5v0__nand3_1 instances: 265
  Class: gf180mcu_fd_sc_mcu9t5v0__xnor2_1 instances: 303
  Class: gf180mcu_fd_sc_mcu9t5v0__or2_1 instances: 114
  Class: gf180mcu_fd_sc_mcu9t5v0__tieh instances:  30
  Class: gf180mcu_fd_sc_mcu9t5v0__or4_2 instances:   1
  Class: gf180mcu_fd_sc_mcu9t5v0__oai222_1 instances:   2
  Class: gf180mcu_fd_sc_mcu9t5v0__nand2_2 instances:   5
  Class: gf180mcu_fd_sc_mcu9t5v0__oai31_1 instances: 305
  Class: gf180mcu_fd_sc_mcu9t5v0__nor2_1 instances: 966
  Class: gf180mcu_fd_sc_mcu9t5v0__dffsnq_1 instances:   7
  Class: gf180mcu_fd_sc_mcu9t5v0__oai21_1 instances: 605
  Class: gf180mcu_fd_sc_mcu9t5v0__oai22_1 instances:  87
  Class: gf180mcu_fd_sc_mcu9t5v0__aoi22_2 instances:   2
  Class: gf180mcu_fd_sc_mcu9t5v0__dffrnq_2 instances:   3
  Class: gf180mcu_fd_sc_mcu9t5v0__or2_2 instances:   3
  Class: gf180mcu_fd_sc_mcu9t5v0__and4_4 instances:   1
  Class: gf180mcu_fd_sc_mcu9t5v0__clkinv_8 instances:   6
  Class: gf180mcu_fd_sc_mcu9t5v0__oai211_4 instances:   1
  Class: gf180mcu_fd_sc_mcu9t5v0__fillcap_64 instances:  15
  Class: gf180mcu_fd_sc_mcu9t5v0__oai21_4 instances:   2
  Class: gf180mcu_fd_sc_mcu9t5v0__fillcap_16 instances: 2073
  Class: gf180mcu_fd_sc_mcu9t5v0__nor3_2 instances:   2
  Class: gf180mcu_fd_sc_mcu9t5v0__and4_1 instances:  16
  Class: gf180mcu_fd_sc_mcu9t5v0__oai211_1 instances: 212
  Class: gf180mcu_fd_sc_mcu9t5v0__clkbuf_8 instances: 101
  Class: gf180mcu_fd_sc_mcu9t5v0__nor4_4 instances:   3
  Class: gf180mcu_fd_sc_mcu9t5v0__fillcap_32 instances: 504
  Class: gf180mcu_fd_sc_mcu9t5v0__nand2_4 instances:  12
  Class: gf180mcu_fd_sc_mcu9t5v0__oai221_1 instances:  48
  Class: gf180mcu_fd_sc_mcu9t5v0__xor2_1 instances: 187
  Class: gf180mcu_fd_sc_mcu9t5v0__clkbuf_16 instances:  17
  Class: gf180mcu_fd_sc_mcu9t5v0__inv_3 instances:  17
  Class: gf180mcu_fd_sc_mcu9t5v0__nor4_1 instances:  34
  Class: gf180mcu_fd_sc_mcu9t5v0__fillcap_4 instances: 5378
  Class: gf180mcu_fd_sc_mcu9t5v0__buf_12 instances:  12
  Class: gf180mcu_fd_sc_mcu9t5v0__dffrnq_4 instances:   2
  Class: gf180mcu_fd_sc_mcu9t5v0__oai32_1 instances:  18
  Class: gf180mcu_fd_sc_mcu9t5v0__nor3_1 instances: 138
  Class: gf180mcu_fd_sc_mcu9t5v0__antenna instances:   2
  Class: gf180mcu_fd_sc_mcu9t5v0__xnor3_1 instances: 104
  Class: gf180mcu_fd_sc_mcu9t5v0__oai211_2 instances:   4
  Class: gf180mcu_fd_sc_mcu9t5v0__buf_4 instances:  32
  Class: gf180mcu_fd_sc_mcu9t5v0__or4_1 instances:   8
  Class: gf180mcu_fd_sc_mcu9t5v0__mux4_1 instances:  25
  Class: gf180mcu_fd_sc_mcu9t5v0__aoi22_4 instances:   8
  Class: gf180mcu_fd_sc_mcu9t5v0__oai221_4 instances:   1
  Class: gf180mcu_fd_sc_mcu9t5v0__or3_1 instances:  19
  Class: gf180mcu_fd_sc_mcu9t5v0__and2_4 instances:   2
  Class: gf180mcu_fd_sc_mcu9t5v0__nand2_1 instances: 1650
  Class: gf180mcu_fd_sc_mcu9t5v0__clkinv_16 instances:   2
  Class: gf180mcu_fd_sc_mcu9t5v0__tiel instances:  72
  Class: gf180mcu_fd_sc_mcu9t5v0__oai21_2 instances:   7
  Class: gf180mcu_fd_sc_mcu9t5v0__aoi21_1 instances: 569
  Class: gf180mcu_fd_sc_mcu9t5v0__nor4_2 instances:   3
  Class: gf180mcu_fd_sc_mcu9t5v0__aoi22_1 instances: 303
  Class: gf180mcu_fd_sc_mcu9t5v0__nand4_4 instances:   4
  Class: gf180mcu_fd_sc_mcu9t5v0__dffrnq_1 instances: 1441
  Class: gf180mcu_fd_sc_mcu9t5v0__nor3_4 instances:   7
  Class: gf180mcu_fd_sc_mcu9t5v0__and2_1 instances: 147
  Class: gf180mcu_fd_sc_mcu9t5v0__inv_8 instances:   1
  Class: gf180mcu_fd_sc_mcu9t5v0__clkinv_20 instances:   1
  Class: gf180mcu_fd_sc_mcu9t5v0__aoi222_1 instances:  50
  Class: gf180mcu_fd_sc_mcu9t5v0__aoi21_4 instances:  12
  Class: gf180mcu_fd_sc_mcu9t5v0__mux2_1 instances: 1928
  Class: gf180mcu_fd_sc_mcu9t5v0__clkinv_4 instances:   3
  Class: gf180mcu_fd_sc_mcu9t5v0__nand4_1 instances:  52
  Class: gf180mcu_fd_sc_mcu9t5v0__dffq_1 instances: 540
  Class: gf180mcu_fd_sc_mcu9t5v0__aoi211_4 instances:   4
  Class: gf180mcu_fd_sc_mcu9t5v0__and2_2 instances:   1
  Class: gf180mcu_fd_sc_mcu9t5v0__oai31_2 instances:   2
  Class: gf180mcu_fd_sc_mcu9t5v0__nor2_2 instances:  13
  Class: gf180mcu_fd_sc_mcu9t5v0__and3_1 instances:  68
  Class: gf180mcu_fd_sc_mcu9t5v0__inv_2 instances:  14
  Class: gf180mcu_fd_sc_mcu9t5v0__clkinv_1 instances: 522
  Class: gf180mcu_fd_sc_mcu9t5v0__aoi211_1 instances: 146
  Class: gf180mcu_fd_sc_mcu9t5v0__fillcap_8 instances: 4196
  Class: gf180mcu_fd_sc_mcu9t5v0__nand4_2 instances:   5
  Class: gf180mcu_fd_sc_mcu9t5v0__clkbuf_4 instances:  17
  Class: gf180mcu_fd_sc_mcu9t5v0__aoi221_1 instances: 165
  Class: gf180mcu_fd_sc_mcu9t5v0__nand3_2 instances:   2
  Class: gf180mcu_fd_sc_mcu9t5v0__and3_4 instances:   1
  Class: gf180mcu_fd_sc_mcu9t5v0__and4_2 instances:   3
  Class: gf180mcu_fd_sc_mcu9t5v0__buf_8 instances:   1
  Class: gf180mcu_fd_sc_mcu9t5v0__aoi21_2 instances:  11
  Class: gf180mcu_fd_ip_sram__sram256x8m8wm1 instances:   2
  Class: gf180mcu_fd_sc_mcu9t5v0__aoi211_2 instances:   3
  Class: gf180mcu_fd_sc_mcu9t5v0__xor3_1 instances:  22
  Class: gf180mcu_fd_sc_mcu9t5v0__aoi221_4 instances:   1
Circuit contains 13024 nets, and 10 disconnected pins.

Circuit was modified by parallel/series device merging.
New circuit summary:

Contents of circuit 1:  Circuit: 'butterfold_top'
Circuit butterfold_top contains 11571 device instances.
  Class: gf180mcu_fd_sc_mcu9t5v0__inv_4 instances:  15
  Class: gf180mcu_fd_sc_mcu9t5v0__clkinv_3 instances:   1
  Class: gf180mcu_fd_sc_mcu9t5v0__dlyc_1 instances:  14
  Class: gf180mcu_fd_sc_mcu9t5v0__oai31_4 instances:   1
  Class: gf180mcu_fd_sc_mcu9t5v0__nor2_4 instances:   9
  Class: gf180mcu_fd_sc_mcu9t5v0__nand3_1 instances: 265
  Class: gf180mcu_fd_sc_mcu9t5v0__xnor2_1 instances: 303
  Class: gf180mcu_fd_sc_mcu9t5v0__or2_1 instances: 114
  Class: gf180mcu_fd_sc_mcu9t5v0__tieh instances:  30
  Class: gf180mcu_fd_sc_mcu9t5v0__or4_2 instances:   1
  Class: gf180mcu_fd_sc_mcu9t5v0__oai222_1 instances:   2
  Class: gf180mcu_fd_sc_mcu9t5v0__nand2_2 instances:   5
  Class: gf180mcu_fd_sc_mcu9t5v0__oai31_1 instances: 305
  Class: gf180mcu_fd_sc_mcu9t5v0__nor2_1 instances: 966
  Class: gf180mcu_fd_sc_mcu9t5v0__dffsnq_1 instances:   7
  Class: gf180mcu_fd_sc_mcu9t5v0__oai21_1 instances: 605
  Class: gf180mcu_fd_sc_mcu9t5v0__oai22_1 instances:  87
  Class: gf180mcu_fd_sc_mcu9t5v0__aoi22_2 instances:   2
  Class: gf180mcu_fd_sc_mcu9t5v0__dffrnq_2 instances:   3
  Class: gf180mcu_fd_sc_mcu9t5v0__and4_4 instances:   1
  Class: gf180mcu_fd_sc_mcu9t5v0__or2_2 instances:   3
  Class: gf180mcu_fd_sc_mcu9t5v0__clkinv_8 instances:   6
  Class: gf180mcu_fd_sc_mcu9t5v0__oai211_4 instances:   1
  Class: gf180mcu_fd_sc_mcu9t5v0__fillcap_64 instances:   1
  Class: gf180mcu_fd_sc_mcu9t5v0__oai21_4 instances:   2
  Class: gf180mcu_fd_sc_mcu9t5v0__fillcap_16 instances:   1
  Class: gf180mcu_fd_sc_mcu9t5v0__nor3_2 instances:   2
  Class: gf180mcu_fd_sc_mcu9t5v0__and4_1 instances:  16
  Class: gf180mcu_fd_sc_mcu9t5v0__oai211_1 instances: 212
  Class: gf180mcu_fd_sc_mcu9t5v0__clkbuf_8 instances: 101
  Class: gf180mcu_fd_sc_mcu9t5v0__nor4_4 instances:   3
  Class: gf180mcu_fd_sc_mcu9t5v0__fillcap_32 instances:   1
  Class: gf180mcu_fd_sc_mcu9t5v0__nand2_4 instances:  12
  Class: gf180mcu_fd_sc_mcu9t5v0__oai221_1 instances:  48
  Class: gf180mcu_fd_sc_mcu9t5v0__xor2_1 instances: 187
  Class: gf180mcu_fd_sc_mcu9t5v0__clkbuf_16 instances:  17
  Class: gf180mcu_fd_sc_mcu9t5v0__inv_3 instances:  17
  Class: gf180mcu_fd_sc_mcu9t5v0__nor4_1 instances:  34
  Class: gf180mcu_fd_sc_mcu9t5v0__fillcap_4 instances:   1
  Class: gf180mcu_fd_sc_mcu9t5v0__buf_12 instances:  12
  Class: gf180mcu_fd_sc_mcu9t5v0__dffrnq_4 instances:   2
  Class: gf180mcu_fd_sc_mcu9t5v0__oai32_1 instances:  18
  Class: gf180mcu_fd_sc_mcu9t5v0__nor3_1 instances: 138
  Class: gf180mcu_fd_sc_mcu9t5v0__antenna instances:   1
  Class: gf180mcu_fd_sc_mcu9t5v0__oai211_2 instances:   4
  Class: gf180mcu_fd_sc_mcu9t5v0__xnor3_1 instances: 104
  Class: gf180mcu_fd_sc_mcu9t5v0__buf_4 instances:  32
  Class: gf180mcu_fd_sc_mcu9t5v0__or4_1 instances:   8
  Class: gf180mcu_fd_sc_mcu9t5v0__mux4_1 instances:  25
  Class: gf180mcu_fd_sc_mcu9t5v0__aoi22_4 instances:   8
  Class: gf180mcu_fd_sc_mcu9t5v0__oai221_4 instances:   1
  Class: gf180mcu_fd_sc_mcu9t5v0__or3_1 instances:  19
  Class: gf180mcu_fd_sc_mcu9t5v0__and2_4 instances:   2
  Class: gf180mcu_fd_sc_mcu9t5v0__nand2_1 instances: 1650
  Class: gf180mcu_fd_sc_mcu9t5v0__clkinv_16 instances:   2
  Class: gf180mcu_fd_sc_mcu9t5v0__tiel instances:  72
  Class: gf180mcu_fd_sc_mcu9t5v0__oai21_2 instances:   7
  Class: gf180mcu_fd_sc_mcu9t5v0__aoi21_1 instances: 569
  Class: gf180mcu_fd_sc_mcu9t5v0__nor4_2 instances:   3
  Class: gf180mcu_fd_sc_mcu9t5v0__aoi22_1 instances: 303
  Class: gf180mcu_fd_sc_mcu9t5v0__nand4_4 instances:   4
  Class: gf180mcu_fd_sc_mcu9t5v0__dffrnq_1 instances: 1441
  Class: gf180mcu_fd_sc_mcu9t5v0__nor3_4 instances:   7
  Class: gf180mcu_fd_sc_mcu9t5v0__and2_1 instances: 147
  Class: gf180mcu_fd_sc_mcu9t5v0__inv_8 instances:   1
  Class: gf180mcu_fd_sc_mcu9t5v0__clkinv_20 instances:   1
  Class: gf180mcu_fd_sc_mcu9t5v0__aoi222_1 instances:  50
  Class: gf180mcu_fd_sc_mcu9t5v0__aoi21_4 instances:  12
  Class: gf180mcu_fd_sc_mcu9t5v0__mux2_1 instances: 1928
  Class: gf180mcu_fd_sc_mcu9t5v0__clkinv_4 instances:   3
  Class: gf180mcu_fd_sc_mcu9t5v0__nand4_1 instances:  52
  Class: gf180mcu_fd_sc_mcu9t5v0__dffq_1 instances: 540
  Class: gf180mcu_fd_sc_mcu9t5v0__aoi211_4 instances:   4
  Class: gf180mcu_fd_sc_mcu9t5v0__and2_2 instances:   1
  Class: gf180mcu_fd_sc_mcu9t5v0__nor2_2 instances:  13
  Class: gf180mcu_fd_sc_mcu9t5v0__oai31_2 instances:   2
  Class: gf180mcu_fd_sc_mcu9t5v0__and3_1 instances:  68
  Class: gf180mcu_fd_sc_mcu9t5v0__inv_2 instances:  14
  Class: gf180mcu_fd_sc_mcu9t5v0__clkinv_1 instances: 522
  Class: gf180mcu_fd_sc_mcu9t5v0__aoi211_1 instances: 146
  Class: gf180mcu_fd_sc_mcu9t5v0__fillcap_8 instances:   1
  Class: gf180mcu_fd_sc_mcu9t5v0__nand4_2 instances:   5
  Class: gf180mcu_fd_sc_mcu9t5v0__clkbuf_4 instances:  17
  Class: gf180mcu_fd_sc_mcu9t5v0__aoi221_1 instances: 165
  Class: gf180mcu_fd_sc_mcu9t5v0__nand3_2 instances:   2
  Class: gf180mcu_fd_sc_mcu9t5v0__and3_4 instances:   1
  Class: gf180mcu_fd_sc_mcu9t5v0__and4_2 instances:   3
  Class: gf180mcu_fd_sc_mcu9t5v0__buf_8 instances:   1
  Class: gf180mcu_fd_sc_mcu9t5v0__aoi21_2 instances:  11
  Class: gf180mcu_fd_ip_sram__sram256x8m8wm1 instances:   2
  Class: gf180mcu_fd_sc_mcu9t5v0__aoi211_2 instances:   3
  Class: gf180mcu_fd_sc_mcu9t5v0__xor3_1 instances:  22
  Class: gf180mcu_fd_sc_mcu9t5v0__aoi221_4 instances:   1
Circuit contains 11592 nets, and 10 disconnected pins.
Contents of circuit 2:  Circuit: 'butterfold_top'
Circuit butterfold_top contains 11571 device instances.
  Class: gf180mcu_fd_sc_mcu9t5v0__inv_4 instances:  15
  Class: gf180mcu_fd_sc_mcu9t5v0__clkinv_3 instances:   1
  Class: gf180mcu_fd_sc_mcu9t5v0__dlyc_1 instances:  14
  Class: gf180mcu_fd_sc_mcu9t5v0__oai31_4 instances:   1
  Class: gf180mcu_fd_sc_mcu9t5v0__nor2_4 instances:   9
  Class: gf180mcu_fd_sc_mcu9t5v0__nand3_1 instances: 265
  Class: gf180mcu_fd_sc_mcu9t5v0__xnor2_1 instances: 303
  Class: gf180mcu_fd_sc_mcu9t5v0__or2_1 instances: 114
  Class: gf180mcu_fd_sc_mcu9t5v0__tieh instances:  30
  Class: gf180mcu_fd_sc_mcu9t5v0__or4_2 instances:   1
  Class: gf180mcu_fd_sc_mcu9t5v0__oai222_1 instances:   2
  Class: gf180mcu_fd_sc_mcu9t5v0__nand2_2 instances:   5
  Class: gf180mcu_fd_sc_mcu9t5v0__oai31_1 instances: 305
  Class: gf180mcu_fd_sc_mcu9t5v0__nor2_1 instances: 966
  Class: gf180mcu_fd_sc_mcu9t5v0__dffsnq_1 instances:   7
  Class: gf180mcu_fd_sc_mcu9t5v0__oai21_1 instances: 605
  Class: gf180mcu_fd_sc_mcu9t5v0__oai22_1 instances:  87
  Class: gf180mcu_fd_sc_mcu9t5v0__aoi22_2 instances:   2
  Class: gf180mcu_fd_sc_mcu9t5v0__dffrnq_2 instances:   3
  Class: gf180mcu_fd_sc_mcu9t5v0__or2_2 instances:   3
  Class: gf180mcu_fd_sc_mcu9t5v0__and4_4 instances:   1
  Class: gf180mcu_fd_sc_mcu9t5v0__clkinv_8 instances:   6
  Class: gf180mcu_fd_sc_mcu9t5v0__oai211_4 instances:   1
  Class: gf180mcu_fd_sc_mcu9t5v0__fillcap_64 instances:   1
  Class: gf180mcu_fd_sc_mcu9t5v0__oai21_4 instances:   2
  Class: gf180mcu_fd_sc_mcu9t5v0__fillcap_16 instances:   1
  Class: gf180mcu_fd_sc_mcu9t5v0__nor3_2 instances:   2
  Class: gf180mcu_fd_sc_mcu9t5v0__and4_1 instances:  16
  Class: gf180mcu_fd_sc_mcu9t5v0__oai211_1 instances: 212
  Class: gf180mcu_fd_sc_mcu9t5v0__clkbuf_8 instances: 101
  Class: gf180mcu_fd_sc_mcu9t5v0__nor4_4 instances:   3
  Class: gf180mcu_fd_sc_mcu9t5v0__fillcap_32 instances:   1
  Class: gf180mcu_fd_sc_mcu9t5v0__nand2_4 instances:  12
  Class: gf180mcu_fd_sc_mcu9t5v0__oai221_1 instances:  48
  Class: gf180mcu_fd_sc_mcu9t5v0__xor2_1 instances: 187
  Class: gf180mcu_fd_sc_mcu9t5v0__clkbuf_16 instances:  17
  Class: gf180mcu_fd_sc_mcu9t5v0__inv_3 instances:  17
  Class: gf180mcu_fd_sc_mcu9t5v0__nor4_1 instances:  34
  Class: gf180mcu_fd_sc_mcu9t5v0__fillcap_4 instances:   1
  Class: gf180mcu_fd_sc_mcu9t5v0__buf_12 instances:  12
  Class: gf180mcu_fd_sc_mcu9t5v0__dffrnq_4 instances:   2
  Class: gf180mcu_fd_sc_mcu9t5v0__oai32_1 instances:  18
  Class: gf180mcu_fd_sc_mcu9t5v0__nor3_1 instances: 138
  Class: gf180mcu_fd_sc_mcu9t5v0__antenna instances:   1
  Class: gf180mcu_fd_sc_mcu9t5v0__xnor3_1 instances: 104
  Class: gf180mcu_fd_sc_mcu9t5v0__oai211_2 instances:   4
  Class: gf180mcu_fd_sc_mcu9t5v0__buf_4 instances:  32
  Class: gf180mcu_fd_sc_mcu9t5v0__or4_1 instances:   8
  Class: gf180mcu_fd_sc_mcu9t5v0__mux4_1 instances:  25
  Class: gf180mcu_fd_sc_mcu9t5v0__aoi22_4 instances:   8
  Class: gf180mcu_fd_sc_mcu9t5v0__oai221_4 instances:   1
  Class: gf180mcu_fd_sc_mcu9t5v0__or3_1 instances:  19
  Class: gf180mcu_fd_sc_mcu9t5v0__and2_4 instances:   2
  Class: gf180mcu_fd_sc_mcu9t5v0__nand2_1 instances: 1650
  Class: gf180mcu_fd_sc_mcu9t5v0__clkinv_16 instances:   2
  Class: gf180mcu_fd_sc_mcu9t5v0__tiel instances:  72
  Class: gf180mcu_fd_sc_mcu9t5v0__oai21_2 instances:   7
  Class: gf180mcu_fd_sc_mcu9t5v0__aoi21_1 instances: 569
  Class: gf180mcu_fd_sc_mcu9t5v0__nor4_2 instances:   3
  Class: gf180mcu_fd_sc_mcu9t5v0__aoi22_1 instances: 303
  Class: gf180mcu_fd_sc_mcu9t5v0__nand4_4 instances:   4
  Class: gf180mcu_fd_sc_mcu9t5v0__dffrnq_1 instances: 1441
  Class: gf180mcu_fd_sc_mcu9t5v0__nor3_4 instances:   7
  Class: gf180mcu_fd_sc_mcu9t5v0__and2_1 instances: 147
  Class: gf180mcu_fd_sc_mcu9t5v0__inv_8 instances:   1
  Class: gf180mcu_fd_sc_mcu9t5v0__clkinv_20 instances:   1
  Class: gf180mcu_fd_sc_mcu9t5v0__aoi222_1 instances:  50
  Class: gf180mcu_fd_sc_mcu9t5v0__aoi21_4 instances:  12
  Class: gf180mcu_fd_sc_mcu9t5v0__mux2_1 instances: 1928
  Class: gf180mcu_fd_sc_mcu9t5v0__clkinv_4 instances:   3
  Class: gf180mcu_fd_sc_mcu9t5v0__nand4_1 instances:  52
  Class: gf180mcu_fd_sc_mcu9t5v0__dffq_1 instances: 540
  Class: gf180mcu_fd_sc_mcu9t5v0__aoi211_4 instances:   4
  Class: gf180mcu_fd_sc_mcu9t5v0__and2_2 instances:   1
  Class: gf180mcu_fd_sc_mcu9t5v0__oai31_2 instances:   2
  Class: gf180mcu_fd_sc_mcu9t5v0__nor2_2 instances:  13
  Class: gf180mcu_fd_sc_mcu9t5v0__and3_1 instances:  68
  Class: gf180mcu_fd_sc_mcu9t5v0__inv_2 instances:  14
  Class: gf180mcu_fd_sc_mcu9t5v0__clkinv_1 instances: 522
  Class: gf180mcu_fd_sc_mcu9t5v0__aoi211_1 instances: 146
  Class: gf180mcu_fd_sc_mcu9t5v0__fillcap_8 instances:   1
  Class: gf180mcu_fd_sc_mcu9t5v0__nand4_2 instances:   5
  Class: gf180mcu_fd_sc_mcu9t5v0__clkbuf_4 instances:  17
  Class: gf180mcu_fd_sc_mcu9t5v0__aoi221_1 instances: 165
  Class: gf180mcu_fd_sc_mcu9t5v0__nand3_2 instances:   2
  Class: gf180mcu_fd_sc_mcu9t5v0__and3_4 instances:   1
  Class: gf180mcu_fd_sc_mcu9t5v0__and4_2 instances:   3
  Class: gf180mcu_fd_sc_mcu9t5v0__buf_8 instances:   1
  Class: gf180mcu_fd_sc_mcu9t5v0__aoi21_2 instances:  11
  Class: gf180mcu_fd_ip_sram__sram256x8m8wm1 instances:   2
  Class: gf180mcu_fd_sc_mcu9t5v0__aoi211_2 instances:   3
  Class: gf180mcu_fd_sc_mcu9t5v0__xor3_1 instances:  22
  Class: gf180mcu_fd_sc_mcu9t5v0__aoi221_4 instances:   1
Circuit contains 13024 nets, and 10 disconnected pins.

Circuit 1 contains 11571 devices, Circuit 2 contains 11571 devices.
Circuit 1 contains 11592 nets,    Circuit 2 contains 11592 nets.


Final result: 
Circuits match uniquely.
.
Logging to file "/foss/designs/butterfold/butterfold_proto/physical/librelane/runs/ach_final/139-netgen-lvs/reports/lvs.netgen.rpt" disabled
LVS Done.
