net,length_um
rst_n,25.35851mm
net6,2.58007mm
net5,2.33047mm
net8,2.30243mm
net7,2.17248mm
net4,2.16407mm
net1,2.10238mm
net3,1.9261mm
net106,1.91431mm
u_transform_scheduler_core.bf_X1_i\[5\],1.86479mm
u_transform_scheduler_core.bf_X1_q\[4\],1.84682mm
clknet_0_clk_regs,1.83016mm
_04081_,1.81571mm
net2,1.81459mm
u_transform_scheduler_core.bf_X1_i\[4\],1.80594mm
net108,1.77492mm
net102,1.7736mm
u_transform_scheduler_core.bf_X1_q\[2\],1.72124mm
net185,1.7038mm
u_transform_scheduler_core.bf_X1_i\[2\],1.69725mm
net226,1.64536mm
clk,1.64512mm
u_transform_scheduler_core.bf_X1_q\[3\],1.62068mm
u_transform_scheduler_core.bf_X1_q\[5\],1.58662mm
u_transform_scheduler_core.bf_X1_q\[1\],1.56208mm
u_transform_scheduler_core.bf_X1_i\[0\],1.54223mm
net138,1.51646mm
u_transform_scheduler_core.bf_X1_q\[14\],1.51306mm
net213,1.50086mm
_04969_,1.49987mm
net227,1.490595mm
u_transform_scheduler_core.bf_X1_q\[6\],1.48706mm
u_transform_scheduler_core.dft12_phase\[2\],1.46713mm
u_transform_scheduler_core.bf_X1_i\[7\],1.46635mm
_04985_,1.46337mm
_04211_,1.45502mm
net144,1.45334mm
u_transform_scheduler_core.bf_X1_i\[3\],1.45046mm
net186,1.43893mm
net205,1.43018mm
_03907_,1.42204mm
u_transform_scheduler_core.bf_X1_q\[8\],1.40882mm
u_transform_scheduler_core.u_fdiq_output_adapter.state\[1\],1.40096mm
_05689_,1.39438mm
u_transform_scheduler_core.ofdm_mem_req,1.3924mm
u_transform_scheduler_core.bf_X1_q\[11\],1.35346mm
_04981_,1.33854mm
net187,1.334mm
_04296_,1.33004mm
net195,1.32896mm
u_transform_scheduler_core.bf_X1_i\[6\],1.32872mm
_06117_,1.32846mm
u_transform_scheduler_core.bf_X1_q\[12\],1.32292mm
core_X2_i\[10\],1.31454mm
clknet_3_0_0_clk_regs,1.31222mm
net153,1.30966mm
net221,1.3028mm
net139,1.29455mm
net189,1.28045mm
net208,1.27391mm
net103,1.27271mm
u_transform_scheduler_core.bf_X1_q\[7\],1.27058mm
net46,1.26849mm
core_X2_i\[9\],1.2679mm
_02514_,1.24008mm
_04139_,1.22528mm
_04454_,1.2241mm
u_transform_scheduler_core.bf_X1_i\[8\],1.22395mm
core_X2_i\[7\],1.22283mm
net155,1.22158mm
net52,1.21916mm
net178,1.2189mm
net71,1.21879mm
_04158_,1.21194mm
core_X2_i\[11\],1.20895mm
_04082_,1.20781mm
net157,1.20684mm
u_transform_scheduler_core.bf_X1_i\[15\],1.20643mm
_06969_,1.20629mm
u_transform_scheduler_core.bf_X1_i\[9\],1.20211mm
u_transform_scheduler_core.bf_X1_q\[13\],1.20093mm
_02633_,1.19973mm
net125,1.19906mm
_02634_,1.19564mm
core_X2_i\[2\],1.19091mm
_04135_,1.19015mm
net175,1.18948mm
net181,1.18868mm
u_transform_scheduler_core.u_fft_scratch_sram.u_hi.macro_q\[7\],1.18558mm
net109,1.18466mm
_05681_,1.18399mm
clknet_3_7_0_clk_regs,1.18281mm
net111,1.18011mm
clknet_3_5_0_clk_regs,1.17665mm
u_transform_scheduler_core.u_fft_scratch_sram.u_hi.macro_q\[6\],1.17147mm
u_transform_scheduler_core.u_fft_scratch_sram.u_lo.macro_q\[0\],1.16827mm
_02624_,1.16703mm
net170,1.16652mm
_03921_,1.16367mm
net19,1.15584mm
core_X2_q\[11\],1.15499mm
core_X2_q\[4\],1.15441mm
u_transform_scheduler_core.bf_X1_i\[1\],1.15192mm
u_transform_scheduler_core.bf_X0_q\[6\],1.15174mm
core_X2_i\[0\],1.15151mm
u_transform_scheduler_core.bf_X1_i\[10\],1.14799mm
net169,1.14682mm
u_transform_scheduler_core.bf_X1_q\[9\],1.14529mm
_02628_,1.14524mm
u_transform_scheduler_core.bf_X1_q\[0\],1.143mm
net210,1.14296mm
net50,1.13939mm
core_X2_q\[3\],1.13888mm
net53,1.137mm
net149,1.136485mm
u_transform_scheduler_core.bf_X0_i\[5\],1.13424mm
u_transform_scheduler_core.bf_X0_q\[2\],1.13303mm
core_X2_q\[2\],1.13191mm
u_transform_scheduler_core.bf_X0_i\[3\],1.13191mm
core_X2_q\[14\],1.13187mm
u_transform_scheduler_core.u_fft_scratch_sram.u_hi.macro_q\[5\],1.12968mm
core_X2_q\[12\],1.12948mm
core_X2_i\[5\],1.12809mm
u_transform_scheduler_core.u_fft_scratch_sram.u_hi.macro_q\[2\],1.12729mm
_07480_,1.1234mm
net20,1.1179mm
core_X2_i\[4\],1.11699mm
core_X2_i\[15\],1.11689mm
_04396_,1.11266mm
_03887_,1.1124mm
net49,1.1119mm
net41,1.11164mm
_05678_,1.11092mm
u_transform_scheduler_core.bf_X1_q\[15\],1.10991mm
u_transform_scheduler_core.u_fft_scratch_sram.u_lo.macro_q\[1\],1.10672mm
net156,1.10558mm
_02062_,1.10355mm
u_transform_scheduler_core.u_fft_scratch_sram.u_hi.macro_q\[4\],1.10229mm
_03226_,1.09398mm
core_X2_i\[3\],1.0895mm
u_transform_scheduler_core.tx_mapper_busy,1.08913mm
u_transform_scheduler_core.bf_X0_i\[2\],1.08739mm
_06118_,1.08639mm
_05907_,1.08364mm
net151,1.08003mm
u_transform_scheduler_core.bf_X1_q\[10\],1.07947mm
_05674_,1.0786mm
u_transform_scheduler_core.bf_X0_q\[3\],1.0784mm
net193,1.07554mm
net219,1.07478mm
_04499_,1.07458mm
u_transform_scheduler_core.u_fft_scratch_sram.u_hi.macro_q\[3\],1.07261mm
u_transform_scheduler_core.u_fft_scratch_sram.u_lo.macro_q\[3\],1.07246mm
_06094_,1.07021mm
net48,1.06623mm
core_X2_q\[8\],1.06554mm
_04397_,1.0642mm
u_transform_scheduler_core.u_fft_scratch_sram.u_lo.macro_q\[2\],1.06243mm
net143,1.06114mm
core_X2_q\[1\],1.06028mm
net107,1.0566mm
net9,1.05422mm
_04645_,1.05157mm
_02061_,1.05136mm
net67,1.05055mm
u_transform_scheduler_core.fft128_inverse_active,1.04801mm
net222,1.04678mm
_04626_,1.04633mm
net152,1.04588mm
_06900_,1.04384mm
_05842_,1.04282mm
core_X2_i\[1\],1.04144mm
u_transform_scheduler_core.bf_X0_q\[5\],1.04017mm
_04119_,1.03997mm
_04340_,1.03915mm
core_X2_q\[5\],1.03859mm
_04227_,1.03329mm
_07059_,1.03055mm
net122,1.02999mm
_06865_,1.02996mm
_04732_,1.02887mm
net180,1.02815mm
net119,1.0277mm
net190,1.02611mm
net127,1.02396mm
_06883_,1.02312mm
net56,1.02067mm
core_X2_i\[8\],1.01772mm
net123,1.01543mm
_07008_,1.01533mm
net218,1.01344mm
net124,1.01319mm
net120,1.01263mm
net150,1.01262mm
u_transform_scheduler_core.bf_X0_i\[0\],1.01251mm
u_transform_scheduler_core.fft128_done,1.01217mm
net121,1.00759mm
net183,1.00738mm
net57,1.00551mm
_06020_,1.00367mm
_07115_,1.00367mm
_05497_,997.4µm
_04292_,995.72µm
net164,994.25µm
core_X2_i\[13\],991.55µm
_06498_,987.84µm
_05803_,986.82µm
net40,984.88µm
u_transform_scheduler_core.bf_X0_q\[1\],984.13µm
_05776_,977.86µm
net224,977.04µm
net32,976.05µm
u_transform_scheduler_core.u_fft_scratch_sram.u_hi.macro_q\[1\],974.46µm
core_X2_i\[12\],974.04µm
_06997_,973.38µm
core_X2_q\[15\],973.32µm
net168,969.76µm
_04630_,968.79µm
_06478_,968.34µm
net136,967.82µm
core_X2_q\[6\],966.35µm
core_X2_q\[7\],966.15µm
net142,965.99µm
net92,964.97µm
net182,962.53µm
core_X2_q\[9\],961.21µm
u_transform_scheduler_core.fft128_ofdm_active,960.14µm
net147,959.53µm
u_transform_scheduler_core.fifo_x1_q\[0\]\[10\],958.36µm
_06885_,957.43µm
_02770_,956.37µm
_05693_,956.37µm
clknet_3_3_0_clk_regs,955.81µm
u_transform_scheduler_core.bf_X1_i\[14\],954.1µm
_07073_,952.71µm
net51,951.13µm
_04113_,951.03µm
u_transform_scheduler_core.tx_mapper_source_addr\[3\],950.11µm
u_transform_scheduler_core.bf_X0_q\[8\],949.69µm
_05429_,949.3µm
core_X2_i\[6\],946.9µm
u_transform_scheduler_core.bf_X0_i\[1\],944.9µm
_04111_,939.78µm
net17,939.27µm
_04125_,938.71µm
core_X2_q\[10\],938.45µm
_06512_,938µm
u_transform_scheduler_core.bf_X0_i\[7\],937.79µm
_05732_,936.88µm
_06057_,936.42µm
net16,935.76µm
clknet_3_2_0_clk_regs,932.8µm
net188,931.57µm
net21,927.76µm
_07080_,927.41µm
core_X2_i\[14\],927.25µm
u_transform_scheduler_core.bf_X0_i\[4\],925.55µm
_06933_,923.03µm
net130,922.12µm
u_transform_scheduler_core.fifo_radix3\[0\]\[0\],920.51µm
_06111_,920.48µm
core_X2_q\[13\],919.91µm
_04117_,919.01µm
_04107_,918.55µm
_04339_,916.87µm
net29,916.66µm
u_transform_scheduler_core.bf_X0_i\[6\],916.46µm
_04115_,915.75µm
_04623_,914.53µm
net91,914.21µm
net37,913.15µm
_06105_,912.8µm
net113,910.38µm
clknet_3_6_0_clk_regs,909.64µm
net198,909.33µm
net47,907.56µm
u_transform_scheduler_core.tx_mapper_source_addr\[2\],905.77µm
net154,905.36µm
_04142_,904.8µm
_06983_,903.43µm
_06082_,903.36µm
_07101_,902.26µm
_04646_,902µm
net236,900.78µm
u_transform_scheduler_core.bf_X1_i\[13\],896.96µm
_04961_,896.81µm
net116,896.09µm
net206,895.84µm
u_transform_scheduler_core.bf_X0_q\[14\],895.23µm
_04297_,895.08µm
_02723_,893.25µm
net54,890.49µm
net163,888.72µm
net84,887.69µm
net223,886.14µm
u_transform_scheduler_core.bf_X0_i\[12\],884.44µm
net22,883.37µm
_06110_,879.9µm
net68,879.45µm
_05758_,879.35µm
_06907_,876.04µm
_05790_,875.38µm
_06325_,874.31µm
_04962_,873.95µm
u_transform_scheduler_core.bf_X0_q\[0\],872.93µm
u_transform_scheduler_core.bf_X1_i\[11\],872.32µm
u_transform_scheduler_core.bf_X1_i\[12\],872.22µm
_06045_,869.68µm
_04154_,869.27µm
u_transform_scheduler_core.bf_X0_q\[7\],868.76µm
core_X2_q\[0\],868.66µm
u_transform_scheduler_core.u_fft_scratch_sram.u_lo.macro_q\[4\],865.92µm
u_transform_scheduler_core.dft12_active,865.14µm
_05395_,861.99µm
_06283_,861.99µm
net90,861.83µm
net60,860.86µm
net15,860.77µm
_05971_,859.74µm
_06300_,858.53µm
_06112_,858.255µm
_04947_,858.22µm
_06533_,857.41µm
net110,856.99µm
_06369_,856.34µm
_06033_,856.29µm
_06069_,854.66µm
net66,850.53µm
u_transform_scheduler_core.bf_X0_i\[10\],850.48µm
_07481_,850.45µm
u_transform_scheduler_core.u_fft_scratch_sram.u_hi.macro_q\[0\],849.53µm
net25,845.9µm
net191,842.13µm
u_transform_scheduler_core.bf_X0_q\[9\],841.27µm
_05854_,838.88µm
net133,838.21µm
_06919_,836.23µm
net45,836.07µm
_05830_,834.45µm
net28,833.17µm
u_transform_scheduler_core.fft128_active,832.2µm
_06912_,831.14µm
net39,827.47µm
net89,826.91µm
_06392_,825.59µm
_06990_,825.59µm
_05704_,823.76µm
net38,823.7µm
_02450_,823.6µm
net26,820.85µm
net192,819.12µm
net126,818.37µm
_06008_,818.26µm
net140,815.45µm
_06109_,814.64µm
_06753_,814.29µm
clknet_3_1_0_clk_regs,814.13µm
u_transform_scheduler_core.bf_X0_q\[11\],811.74µm
_06830_,811.59µm
_04417_,811.49µm
_06810_,811.44µm
clknet_3_4_0_clk_regs,810.67µm
u_transform_scheduler_core.bf_X0_q\[13\],810.62µm
_02848_,810.16µm
_04083_,809.35µm
_06948_,809.35µm
_06893_,808.23µm
_05692_,806.75µm
u_transform_scheduler_core.bf_X0_q\[15\],806.6µm
_08388_,806.19µm
net148,806.01µm
_06262_,805.99µm
_04952_,805.73µm
_06926_,803.75µm
_06976_,802.63µm
_06666_,802.07µm
_04372_,802.02µm
net18,801.49µm
_05682_,801.4µm
u_transform_scheduler_core.bf_X0_q\[4\],800.74µm
_06688_,797.03µm
_06642_,796.47µm
_06409_,796.37µm
_06790_,795.35µm
top_state\[0\],794.79µm
clknet_leaf_10_clk_regs,794.73µm
_06841_,794.18µm
u_transform_scheduler_core.bf_X0_q\[12\],792.08µm
net194,791.93µm
_04136_,789.34µm
_04109_,788.63µm
_06765_,787.46µm
_02432_,787.05µm
net215,784.3µm
_05745_,783.54µm
_08494_,783.13µm
net27,782.72µm
_02790_,782.52µm
u_transform_scheduler_core.u_fft_scratch_sram.u_lo.macro_q\[5\],782.48µm
u_transform_scheduler_core.bf_out_valid,782.42µm
net42,782.21µm
net220,782.16µm
net230,781.55µm
net23,781.09µm
net167,780.48µm
_02446_,778.6µm
_06575_,777.89µm
u_transform_scheduler_core.u_mixed_radix_butterfly.combine_product_re_reg\[13\],777.43µm
_06140_,777.38µm
_08424_,776.79µm
_06618_,776.26µm
_08597_,776µm
_04964_,774.16µm
net211,772.59µm
_06728_,772.39µm
_02630_,772.28µm
_06349_,771.83µm
net145,770.93µm
_05673_,769.69µm
_06597_,768.42µm
_04616_,767.98µm
_04108_,767.86µm
_04121_,767.86µm
u_transform_scheduler_core.bf_X0_q\[10\],767.86µm
net87,767.5µm
_02627_,767.39µm
_06710_,766.79µm
u_transform_scheduler_core.u_mixed_radix_butterfly.combine_product_re_reg\[14\],766.23µm
net94,764.8µm
net55,764.75µm
_07022_,762.31µm
net14,762.21µm
u_transform_scheduler_core.bf_X0_i\[15\],760.63µm
_05128_,758.18µm
_07036_,756.71µm
net184,753.6µm
net146,753.5µm
u_transform_scheduler_core.u_mixed_radix_butterfly.final_scalar_pending,753.27µm
_06122_,751.51µm
_08457_,749.07µm
_04159_,747.8µm
u_transform_scheduler_core.bf_X0_i\[14\],747.7µm
net74,747.13µm
u_transform_scheduler_core.u_mixed_radix_butterfly.combine_product_re_reg\[11\],746.27µm
_04492_,743.17µm
_07029_,741.59µm
_05717_,739.25µm
_06432_,738.98µm
_04943_,737.97µm
net58,736.75µm
_04479_,736.55µm
_03651_,735.68µm
_04953_,735.37µm
net131,734.05µm
serializer_busy,733.9µm
_04966_,731.2µm
_07043_,729.78µm
u_transform_scheduler_core.ofdm_fft_block_ready,728.71µm
net231,728.3µm
_06456_,728.15µm
_00346_,728.05µm
_04335_,727.54µm
net36,727.49µm
_07050_,727.03µm
_05409_,725.91µm
u_transform_scheduler_core.u_fft_scratch_sram.macro_wdata\[0\],725.86µm
_07015_,723.67µm
net160,722.09µm
_00347_,721.89µm
net228,718.57µm
net31,713.38µm
_04374_,712.93µm
net202,712.06µm
_02448_,710.99µm
_04438_,710.69µm
net114,710.42µm
_07207_,708.59µm
_00348_,708.45µm
net85,708.29µm
_05686_,707.53µm
_00345_,707.33µm
_05677_,707.27µm
u_transform_scheduler_core.u_fft_scratch_sram.u_lo.macro_q\[6\],706.22µm
u_transform_scheduler_core.fft128_tx_active,705.7µm
u_transform_scheduler_core.u_fft_scratch_sram.u_lo.macro_q\[7\],705.1µm
_05902_,704.63µm
_04996_,704.27µm
_08346_,703.81µm
_02868_,703.22µm
_04127_,701.83µm
u_transform_scheduler_core.bf_X0_i\[11\],699.59µm
_00067_,698.93µm
_04654_,698.42µm
_05984_,697.35µm
net216,696.43µm
_04334_,695.62µm
net197,693.32µm
net86,692.91µm
_02626_,690.78µm
_03736_,686.61µm
net73,686.45µm
_04620_,686.15µm
net88,685.74µm
u_transform_scheduler_core.bf_X0_i\[13\],684.98µm
_04134_,683.86µm
u_transform_scheduler_core.bf_X0_i\[8\],682.89µm
u_transform_scheduler_core.bf_X0_i\[9\],681.11µm
_06123_,680.83µm
net83,679.48µm
u_transform_scheduler_core.u_fft_scratch_sram.macro_wdata\[1\],678.21µm
_06124_,677.8µm
_04155_,676.02µm
_06121_,672.81µm
_05452_,670.47µm
u_transform_scheduler_core.u_mixed_radix_butterfly.combine_product_re_reg\[9\],670.01µm
_04409_,669.76µm
_05473_,667.67µm
_08595_,666.78µm
_04967_,664.46µm
_05553_,663.44µm
net212,662.37µm
_05933_,662.07µm
_04968_,661.61µm
_02528_,659.9µm
_05815_,657.44µm
net82,655.6µm
u_transform_scheduler_core.tx_mapper_done,655.35µm
net93,653.46µm
net13,653.01µm
_05517_,651.43µm
_02109_,650.77µm
net78,650µm
net177,649.34µm
_08309_,647.56µm
net35,646.69µm
u_transform_scheduler_core.fifo_count\[0\],646.03µm
u_transform_scheduler_core.u_fft_scratch_sram.macro_wdata\[2\],645.22µm
_02515_,641.04µm
_08152_,640.18µm
net165,638.75µm
u_transform_scheduler_core.tx_mapper_source_addr\[1\],638.6µm
_04383_,637.58µm
_06558_,635.03µm
net135,634.47µm
net162,633.8µm
net179,633.76µm
_04151_,632.44µm
net72,630.81µm
net204,628.92µm
net30,627.91µm
net207,627.04µm
u_transform_scheduler_core.tx_output_busy,626.33µm
net65,626.33µm
net59,625.77µm
u_transform_scheduler_core.fifo_x2_i\[0\]\[10\],624.09µm
_04471_,623.94µm
_04123_,622.92µm
_04147_,622.36µm
u_transform_scheduler_core.fft128_block_ready,621.65µm
_05945_,621.14µm
_07119_,617.06µm
net101,616.4µm
_05792_,615.18µm
net161,615.18µm
_04445_,613.86µm
_04398_,612.85µm
_04849_,606.53µm
_08547_,605.56µm
_05878_,605.51µm
_02548_,604.77µm
_04415_,604.08µm
u_transform_scheduler_core.u_fft_scratch_sram.macro_wdata\[3\],603.73µm
_02809_,603.06µm
u_transform_scheduler_core.tx_mapper_source_addr\[0\],601.94µm
net61,601.84µm
u_transform_scheduler_core.mod_diag_addr0\[3\],601.59µm
net79,600.62µm
_05906_,599.96µm
net76,599.09µm
_08515_,598.48µm
net12,598.28µm
_02560_,597.05µm
_08596_,596.9µm
net100,596.14µm
net176,595.48µm
_03796_,595.02µm
u_transform_scheduler_core.tx_output_done,593.19µm
u_transform_scheduler_core.fifo_x2_q\[0\]\[10\],591.46µm
_08139_,590.59µm
_02773_,589.27µm
_04252_,588.71µm
_02699_,588.5µm
u_transform_scheduler_core.u_mixed_radix_butterfly.combine_product_re_reg\[12\],588.2µm
net69,587.84µm
_08172_,584.89µm
_05920_,581.94µm
_07208_,581.78µm
net62,581.07µm
_04939_,580.72µm
_07209_,580.1µm
net229,580.05µm
_04917_,579.19µm
u_transform_scheduler_core.rx_small_radix3,578.06µm
_02105_,574.61µm
_04143_,572.32µm
_05000_,571.82µm
net196,570.99µm
clknet_leaf_49_clk_regs,570.53µm
net217,569.92µm
clknet_leaf_32_clk_regs,569.91µm
_04704_,569.06µm
_04414_,566.92µm
u_transform_scheduler_core.dft12_state\[1\],566.31µm
_02937_,566µm
net98,565.18µm
_04382_,564.58µm
_03878_,564.07µm
_05131_,562.8µm
_05959_,561.17µm
_08198_,557.55µm
_02463_,555.92µm
net80,555.87µm
_04874_,555.11µm
_04498_,553.17µm
u_transform_scheduler_core.u_fft_scratch_sram.macro_wdata\[4\],552.87µm
_06431_,552.77µm
u_transform_scheduler_core.mod_diag_addr1\[4\],552.16µm
_02598_,551.85µm
_04982_,551.49µm
_06552_,550.63µm
_04401_,549.66µm
_04215_,549.61µm
net235,548.03µm
_04994_,547.78µm
net64,547.52µm
net33,545.28µm
u_transform_scheduler_core.u_fft_scratch_sram.u_hi.macro_gwen,545.12µm
_02977_,542.94µm
net43,542.23µm
_02983_,541.67µm
net118,541.31µm
u_transform_scheduler_core.u_fft_scratch_sram.u_hi.macro_wdata\[7\],540.47µm
net112,539.88µm
_03803_,539.07µm
_02589_,536.22µm
_06559_,535.1µm
_03375_,534.59µm
net225,533.01µm
net70,532.3µm
_02995_,529.86µm
_08600_,529.65µm
_04232_,529.5µm
u_transform_scheduler_core.dft12_base\[3\],528.58µm
u_transform_scheduler_core.fifo_inverse\[0\]\[0\],528.33µm
_04997_,528.12µm
u_transform_scheduler_core.mod_diag_addr1\[3\],527.67µm
u_transform_scheduler_core.mod_diag_addr1\[0\],527.11µm
_08130_,526.7µm
_08570_,525.84µm
net137,524.05µm
_02578_,522.63µm
_04364_,522.07µm
_04801_,520.95µm
_04079_,520.9µm
clknet_leaf_4_clk_regs,518.95µm
net209,518.405µm
_05162_,517.64µm
clknet_leaf_12_clk_regs,516.46µm
_05461_,515.86µm
net34,515.5µm
u_transform_scheduler_core.u_fft_scratch_sram.macro_wdata\[9\],515.3µm
_02566_,513.92µm
u_transform_scheduler_core.u_fft_scratch_sram.macro_wdata\[6\],513.67µm
net232,513.57µm
_04984_,512.65µm
_05439_,512.45µm
_05525_,512.4µm
_02433_,511.48µm
_05487_,510.72µm
clknet_leaf_62_clk_regs,510.71µm
_02721_,509.95µm
u_transform_scheduler_core.dft12_base\[2\],509.49µm
clknet_leaf_13_clk_regs,509.23µm
_04814_,508.48µm
net214,508.47µm
net129,508.02µm
_05417_,507.56µm
net81,507µm
_02594_,506.77µm
u_transform_scheduler_core.mod_diag_addr0\[4\],504.81µm
net44,504.2µm
_04739_,504.05µm
_04239_,503.41µm
_04295_,503.38µm
_00350_,502.98µm
_05944_,502.88µm
net172,502.87µm
_04287_,502.06µm
_04766_,501.35µm
u_transform_scheduler_core.u_mixed_radix_butterfly.combine_product_re_reg\[15\],500.84µm
clknet_leaf_51_clk_regs,500.17µm
_05889_,499.62µm
_04264_,499.31µm
net158,499.1µm
_06663_,498.55µm
_04249_,498.04µm
_08230_,497.43µm
_08590_,497.43µm
_04676_,495.95µm
u_transform_scheduler_core.u_fft_scratch_sram.macro_wdata\[10\],494.63µm
_05683_,493.25µm
clknet_leaf_35_clk_regs,493.12µm
_04944_,492.95µm
_02317_,492.54µm
clknet_leaf_18_clk_regs,492.38µm
_04488_,491.37µm
_04672_,489.74µm
_06615_,489.64µm
net99,488.92µm
clknet_leaf_76_clk_regs,488.46µm
_05687_,487.45µm
u_transform_scheduler_core.u_fft_scratch_sram.macro_addr\[2\],485.52µm
clknet_leaf_21_clk_regs,485.15µm
_05183_,484.65µm
_05397_,483.99µm
_02886_,483.94µm
u_transform_scheduler_core.fft128_block_inverse,483.38µm
u_transform_scheduler_core.u_fft_scratch_sram.macro_addr\[6\],483.35µm
_05999_,483.12µm
_04666_,483.02µm
_05550_,482.97µm
net134,482.74µm
u_transform_scheduler_core.u_fft_scratch_sram.macro_addr\[1\],482.57µm
_02579_,482.56µm
clknet_leaf_50_clk_regs,480.01µm
_04410_,479.56µm
u_transform_scheduler_core.u_fft_scratch_sram.macro_req,478.95µm
_06861_,478.9µm
top_state\[6\],478.49µm
_06344_,477.78µm
clknet_leaf_67_clk_regs,477.11µm
u_transform_scheduler_core.u_fft_scratch_sram.macro_addr\[5\],476.76µm
_04171_,476.25µm
_04677_,475.64µm
_07178_,474.31µm
clknet_leaf_58_clk_regs,474.21µm
_06452_,473.86µm
clknet_leaf_46_clk_regs,472.68µm
_04267_,472.23µm
_07021_,472.13µm
net173,471.31µm
clknet_leaf_14_clk_regs,471.23µm
clknet_leaf_68_clk_regs,471.19µm
_03394_,471.16µm
u_transform_scheduler_core.mod_diag_addr0\[5\],471.11µm
clknet_leaf_44_clk_regs,470.9µm
clknet_leaf_38_clk_regs,470.49µm
clknet_leaf_83_clk_regs,470.13µm
clknet_leaf_52_clk_regs,469.93µm
u_transform_scheduler_core.u_fft_scratch_sram.macro_addr\[7\],469.89µm
_06918_,469.43µm
clknet_leaf_19_clk_regs,468.96µm
clknet_leaf_71_clk_regs,468.91µm
u_transform_scheduler_core.u_fft_scratch_sram.macro_addr\[0\],468.82µm
net166,468.05µm
clknet_leaf_70_clk_regs,467.89µm
_05866_,467.65µm
_06430_,467.65µm
clknet_leaf_2_clk_regs,467.03µm
_08126_,465.05µm
_04285_,464.54µm
_03913_,463.93µm
_05508_,463.73µm
clknet_leaf_59_clk_regs,463.36µm
_06827_,463.27µm
_05997_,463.22µm
clknet_leaf_40_clk_regs,463.06µm
clknet_leaf_33_clk_regs,462.75µm
_00039_,462.15µm
standalone_active,461.22µm
_02631_,458.79µm
u_transform_scheduler_core.mod_diag_addr1\[6\],457.77µm
_04988_,457.03µm
_05688_,456.62µm
clknet_leaf_34_clk_regs,456.59µm
u_transform_scheduler_core.u_fft_scratch_sram.u_hi.macro_wdata\[4\],456.36µm
_05680_,456.19µm
u_transform_scheduler_core.mod_diag_addr1\[5\],456.09µm
net132,455.38µm
clknet_leaf_60_clk_regs,455.32µm
u_transform_scheduler_core.u_mixed_radix_butterfly.combine_product_re_reg\[5\],454.26µm
_04648_,454.21µm
net174,453.85µm
_04945_,453.47µm
u_transform_scheduler_core.u_fft_scratch_sram.u_hi.macro_wdata\[5\],452.63µm
u_transform_scheduler_core.u_fft_scratch_sram.macro_wdata\[11\],452.02µm
_04675_,451.61µm
_02962_,451µm
_00349_,449.32µm
clknet_leaf_0_clk_regs,449.26µm
u_transform_scheduler_core.u_fft_scratch_sram.macro_addr\[3\],449.12µm
clknet_leaf_80_clk_regs,448.24µm
_03802_,448.15µm
u_transform_scheduler_core.u_fft_scratch_sram.u_lo.macro_gwen,447.88µm
_02930_,447.23µm
clknet_leaf_24_clk_regs,447.22µm
clknet_leaf_25_clk_regs,447.12µm
clknet_leaf_7_clk_regs,446.61µm
_04617_,445.09µm
_04278_,444.43µm
clknet_leaf_3_clk_regs,444.25µm
clknet_leaf_82_clk_regs,444.17µm
_07035_,444.13µm
_06322_,443.67µm
_04716_,443.26µm
_05160_,441.89µm
clknet_leaf_23_clk_regs,441.37µm
_02720_,438.58µm
clknet_leaf_77_clk_regs,436.99µm
_04080_,436.545µm
clknet_leaf_27_clk_regs,436.54µm
clknet_leaf_57_clk_regs,436.18µm
clknet_leaf_36_clk_regs,436.08µm
_04622_,435.42µm
clknet_leaf_28_clk_regs,435.11µm
_04302_,434.96µm
_05390_,434.76µm
clknet_leaf_53_clk_regs,434.65µm
_02445_,433.69µm
clknet_leaf_43_clk_regs,433.18µm
top_state\[12\],433.08µm
u_transform_scheduler_core.mod_diag_addr0\[6\],432.52µm
_06925_,432.47µm
clknet_leaf_65_clk_regs,430.78µm
clknet_leaf_39_clk_regs,430.73µm
clknet_leaf_74_clk_regs,429.76µm
_02537_,429.11µm
_08266_,429.11µm
clknet_leaf_75_clk_regs,429.07µm
clknet_leaf_6_clk_regs,427.93µm
clknet_leaf_26_clk_regs,427.205µm
clknet_leaf_22_clk_regs,426.71µm
clknet_leaf_64_clk_regs,426.25µm
clknet_leaf_5_clk_regs,425.23µm
_04686_,425.14µm
clknet_leaf_73_clk_regs,424.93µm
clknet_leaf_42_clk_regs,423.5µm
_06387_,423.41µm
_02255_,423.15µm
clknet_leaf_41_clk_regs,422.99µm
clknet_leaf_15_clk_regs,422.38µm
_03919_,420.25µm
_02206_,420µm
_02887_,419.54µm
_03611_,419.54µm
clknet_leaf_54_clk_regs,419.53µm
clknet_leaf_45_clk_regs,419.38µm
_02215_,418.32µm
_08599_,418.16µm
_03743_,417.96µm
net128,416.74µm
_04660_,416.56µm
_04294_,413.43µm
_04783_,413.38µm
_02211_,412.96µm
clknet_leaf_1_clk_regs,412.4µm
_02553_,412.36µm
net159,412.2µm
clknet_leaf_16_clk_regs,411.89µm
clknet_leaf_78_clk_regs,411.79µm
clknet_leaf_20_clk_regs,411.69µm
clknet_leaf_63_clk_regs,410.88µm
clknet_leaf_81_clk_regs,410.47µm
u_transform_scheduler_core.u_mixed_radix_butterfly.combine_product_im_reg\[9\],408.39µm
clknet_leaf_8_clk_regs,407.75µm
_02217_,407.12µm
_06806_,406.71µm
_06638_,406.15µm
u_transform_scheduler_core.u_fft_scratch_sram.macro_wdata\[5\],406.15µm
net199,405.79µm
clknet_leaf_11_clk_regs,404.41µm
_02201_,403.76µm
clknet_leaf_56_clk_regs,403.59µm
_04750_,403.35µm
_02923_,402.43µm
clknet_leaf_61_clk_regs,401µm
u_transform_scheduler_core.u_fft_scratch_sram.macro_addr\[4\],399.89µm
_04999_,399.43µm
_04218_,399.12µm
_02604_,398µm
clknet_leaf_9_clk_regs,396.32µm
_03744_,393.32µm
_04513_,392.71µm
_03000_,392.35µm
clknet_leaf_17_clk_regs,392.27µm
_05001_,391.84µm
_02869_,391.59µm
_02614_,391.54µm
_08496_,388.84µm
_07042_,388.69µm
clknet_leaf_55_clk_regs,388.22µm
u_transform_scheduler_core.u_mixed_radix_butterfly.combine_product_re_reg\[4\],385.53µm
clknet_leaf_37_clk_regs,385.37µm
clknet_leaf_66_clk_regs,384.96µm
clknet_leaf_31_clk_regs,382.52µm
_04223_,382.17µm
net97,382.12µm
_04380_,382.07µm
_00041_,378.71µm
clknet_leaf_69_clk_regs,378.6µm
_06241_,378.1µm
_07028_,377.59µm
_02119_,376.88µm
_04729_,376.42µm
_03582_,375.91µm
_04796_,375.81µm
net104,375.6µm
_04782_,374.79µm
u_transform_scheduler_core.u_mixed_radix_butterfly.premultiply_input_i_reg\[11\],374.69µm
u_transform_scheduler_core.u_mixed_radix_butterfly.premultiply_input_i_reg\[14\],374.69µm
_02196_,374.64µm
_04735_,373.62µm
_02443_,371.02µm
_02916_,371.02µm
_06749_,370.72µm
_08598_,368.53µm
u_transform_scheduler_core.u_mixed_radix_butterfly.scalar_coefficient\[3\],366.79µm
_02542_,366.49µm
_02957_,366.49µm
_05555_,365.88µm
_04327_,365.73µm
u_transform_scheduler_core.u_mixed_radix_butterfly.premultiply_input_i_reg\[15\],364.05µm
net115,363.79µm
u_transform_scheduler_core.u_fft_scratch_sram.u_hi.macro_wdata\[6\],363.54µm
_04056_,362.52µm
u_transform_scheduler_core.u_mixed_radix_butterfly.scalar_coefficient\[0\],362.01µm
_04332_,361.04µm
u_transform_scheduler_core.u_fft128_modulo_controller.read_issue_count\[1\],361.04µm
_03918_,360.79µm
_02808_,360.43µm
_04809_,359.06µm
clknet_leaf_72_clk_regs,358.95µm
net171,358.09µm
clknet_leaf_48_clk_regs,357.98µm
_05055_,357.84µm
_05957_,356.82µm
net75,356.82µm
_05107_,356.21µm
_06138_,355.24µm
_04597_,355.14µm
_02480_,353.78µm
u_transform_scheduler_core.u_mixed_radix_butterfly.premultiply_input_i_reg\[16\],351.73µm
clknet_leaf_47_clk_regs,351.26µm
_06280_,351.22µm
u_transform_scheduler_core.u_mixed_radix_butterfly.premultiply_input_i_reg\[13\],351.17µm
u_transform_scheduler_core.u_fft_scratch_sram.macro_wdata\[8\],349.03µm
_04356_,347.81µm
u_transform_scheduler_core.u_mixed_radix_butterfly.premultiply_input_i_reg\[12\],347.25µm
_05285_,346.74µm
u_transform_scheduler_core.u_mixed_radix_butterfly.scalar_coefficient\[1\],346.38µm
net24,346.33µm
_03883_,345.16µm
_02570_,344.96µm
u_transform_scheduler_core.u_mixed_radix_butterfly.combine_product_re_reg\[6\],344.04µm
_02188_,343.84µm
_02956_,343.73µm
u_transform_scheduler_core.u_mixed_radix_butterfly.combine_product_re_reg\[10\],343.48µm
_02479_,342.87µm
clknet_leaf_30_clk_regs,340.95µm
_04276_,340.53µm
_05454_,340.48µm
_04871_,339.97µm
_07014_,339.97µm
_06475_,339.46µm
_06242_,338.95µm
_02256_,338.9µm
net10,338.85µm
_04937_,337.73µm
_08124_,337.73µm
_05080_,337.17µm
net201,336.76µm
_02618_,334.47µm
_06892_,334.42µm
clknet_leaf_79_clk_regs,332.73µm
_04348_,331.62µm
u_transform_scheduler_core.u_mixed_radix_butterfly.combine_product_im_reg\[5\],330.55µm
u_transform_scheduler_core.u_mixed_radix_butterfly.scalar_coefficient\[2\],326.32µm
_01792_,325.25µm
_05028_,325.18µm
_04489_,324.21µm
_06881_,323.17µm
_03893_,323.12µm
_04277_,322.76µm
u_transform_scheduler_core.u_mixed_radix_butterfly.combine_product_im_reg\[4\],321.59µm
u_transform_scheduler_core.u_mixed_radix_butterfly.combine_half_sum_i_reg\[6\],320.98µm
_04399_,320.32µm
_02459_,319.7µm
_05816_,319.25µm
u_transform_scheduler_core.u_fft128_modulo_controller.fetch_stage\[2\],318.76µm
_04914_,318.69µm
net96,317.77µm
_06151_,317.46µm
net200,317.06µm
_04593_,313.7µm
_01987_,313.49µm
_06906_,313.09µm
net63,312.63µm
_02943_,312.12µm
_04596_,312.12µm
_06684_,312.12µm
_05355_,311.46µm
_02478_,311.15µm
_04497_,310.49µm
net203,310.03µm
_06937_,309.88µm
u_transform_scheduler_core.u_mixed_radix_butterfly.premultiply_input_i_reg\[10\],309.12µm
u_transform_scheduler_core.u_fft_scratch_sram.macro_wdata\[7\],308.15µm
u_transform_scheduler_core.u_fft_scratch_sram.macro_wdata\[15\],308.14µm
u_transform_scheduler_core.u_mixed_radix_butterfly.scalar_coefficient\[5\],306.62µm
u_transform_scheduler_core.fifo_x0_q\[0\]\[10\],306.42µm
u_transform_scheduler_core.u_mixed_radix_butterfly.combine_product_im_reg\[6\],305.86µm
u_transform_scheduler_core.u_mixed_radix_butterfly.combine_x0_q_reg\[11\],304.74µm
_05410_,304.64µm
_05995_,304.13µm
_04846_,303.52µm
_05474_,303.01µm
_04641_,302.4µm
_05403_,301.98µm
_04491_,300.26µm
_04591_,299.04µm
net77,298.22µm
net95,295.88µm
u_transform_scheduler_core.u_fft_scratch_sram.u_hi.macro_wdata\[0\],295.17µm
_02074_,294.61µm
_05703_,294.61µm
_08757_,294µm
_07270_,292.42µm
_04337_,291.86µm
u_transform_scheduler_core.u_mixed_radix_butterfly.combine_half_sum_q_reg\[0\],291.86µm
_05004_,291.25µm
_05305_,288.45µm
_07181_,287.89µm
_04222_,287.84µm
_02458_,287.58µm
u_transform_scheduler_core.u_mixed_radix_butterfly.scalar_operand\[5\],285.44µm
_06551_,285.09µm
_02454_,283.92µm
_05518_,283.92µm
_07206_,283.25µm
_04959_,280.91µm
_05298_,280.61µm
_07049_,280.15µm
u_transform_scheduler_core.u_mixed_radix_butterfly.premultiply_input_i_reg\[9\],280.05µm
_02559_,279.44µm
u_transform_scheduler_core.u_mixed_radix_butterfly.scalar_operand\[3\],278.47µm
u_transform_scheduler_core.u_mixed_radix_butterfly.premultiply_input_q_reg\[14\],278.32µm
_04490_,277.68µm
u_transform_scheduler_core.u_mixed_radix_butterfly.scalar_operand\[7\],277.5µm
_06434_,275.62µm
_02571_,275.26µm
_02184_,274.4µm
u_transform_scheduler_core.u_mixed_radix_butterfly.combine_half_sum_q_reg\[3\],273.43µm
_06160_,272.61µm
_02967_,272.51µm
u_transform_scheduler_core.u_mixed_radix_butterfly.scalar_coefficient\[4\],272.36µm
_06364_,272.26µm
_05547_,271.19µm
_07179_,271.19µm
_05754_,269.51µm
u_transform_scheduler_core.u_mixed_radix_butterfly.combine_half_sum_q_reg\[14\],269.46µm
_04377_,269µm
_04777_,267.73µm
_02565_,267.32µm
u_transform_scheduler_core.u_mixed_radix_butterfly.premultiply_input_q_reg\[12\],266.61µm
clknet_leaf_29_clk_regs,266.5µm
_06595_,266.21µm
_04293_,266.1µm
_07264_,266.05µm
_06911_,263.3µm
u_transform_scheduler_core.u_mixed_radix_butterfly.multiply_product_fire,262.53µm
_02972_,262.38µm
_05730_,262.08µm
_02153_,261.01µm
_07175_,260.96µm
_05102_,260.4µm
_05261_,258.87µm
_05184_,258.82µm
_06433_,257.8µm
_08033_,257.29µm
u_transform_scheduler_core.u_fft_scratch_sram.u_lo.macro_wdata\[7\],257.16µm
_02481_,257.09µm
u_transform_scheduler_core.u_fft_scratch_sram.macro_wdata\[14\],257.09µm
_04510_,256.58µm
u_transform_scheduler_core.u_mixed_radix_butterfly.combine_half_sum_i_reg\[3\],256.12µm
_02988_,255.56µm
_08032_,255µm
_02577_,254.8µm
_08031_,254.49µm
u_transform_scheduler_core.u_mixed_radix_butterfly.combine_half_sum_i_reg\[9\],254.44µm
_03058_,254.29µm
_06725_,253.88µm
_02949_,253.85µm
_04508_,253.78µm
_02100_,253.73µm
u_transform_scheduler_core.u_mixed_radix_butterfly.combine_half_sum_i_reg\[8\],253.32µm
_03563_,253.27µm
u_transform_scheduler_core.u_mixed_radix_butterfly.combine_half_sum_q_reg\[2\],253.27µm
_04226_,252.76µm
_03880_,252.71µm
_03961_,252.15µm
_06408_,252.15µm
u_transform_scheduler_core.u_mixed_radix_butterfly.scalar_operand\[8\],251.84µm
u_transform_scheduler_core.small_sent_uop,251.59µm
u_transform_scheduler_core.u_mixed_radix_butterfly.scalar_operand\[0\],251.28µm
u_transform_scheduler_core.u_mixed_radix_butterfly.combine_half_sum_i_reg\[7\],251.03µm
_08115_,250.42µm
_04680_,249.96µm
u_transform_scheduler_core.u_mixed_radix_butterfly.premultiply_input_q_reg\[13\],249.86µm
u_transform_scheduler_core.tx_cp_length_reg\[0\],249.81µm
clknet_leaf_84_clk_regs,249.5µm
u_transform_scheduler_core.u_fft_scratch_sram.saved_wdata\[19\],248.23µm
_02584_,248.1µm
u_transform_scheduler_core.u_fft_scratch_sram.saved_wdata\[17\],247.57µm
_07054_,247.06µm
_04524_,247.01µm
_04407_,246.45µm
_04385_,245.99µm
_02851_,245.43µm
u_transform_scheduler_core.u_fft_scratch_sram.macro_wdata\[13\],244.72µm
_03618_,242.63µm
_03051_,240.9µm
_06152_,240.59µm
u_transform_scheduler_core.dft12_tx_active,240.49µm
u_transform_scheduler_core.u_fft128_modulo_controller.fetch_j\[0\],240.42µm
_08749_,240.29µm
clknet_0_clk,240.29µm
u_transform_scheduler_core.u_mixed_radix_butterfly.scalar_coefficient\[6\],239.67µm
_02608_,239.37µm
top_state\[14\],238.56µm
_00344_,237.44µm
_07203_,236.37µm
u_transform_scheduler_core.rx_small_x0_i\[10\],236.32µm
_02471_,235.5µm
_04418_,235.5µm
_05931_,234.08µm
_06509_,233.52µm
u_transform_scheduler_core.u_mixed_radix_butterfly.x2_i_ext\[8\],232.27µm
_04273_,231.89µm
u_transform_scheduler_core.u_fft_scratch_sram.saved_wdata\[20\],231.38µm
_05208_,231.28µm
u_transform_scheduler_core.u_mixed_radix_butterfly.combine_product_re_reg\[3\],230.82µm
u_transform_scheduler_core.fifo_x1_q\[0\]\[8\],230.77µm
u_transform_scheduler_core.u_fft128_modulo_controller.fetch_stage\[0\],229.98µm
_05676_,229.65µm
_05238_,229.19µm
u_transform_scheduler_core.u_mixed_radix_butterfly.premultiply_input_q_reg\[15\],229.04µm
_06838_,227.97µm
_03741_,227.46µm
u_transform_scheduler_core.u_fft128_modulo_controller.result_addr0\[0\],227.46µm
u_transform_scheduler_core.u_mixed_radix_butterfly.premultiply_input_q_reg\[16\],226.85µm
_05804_,226.29µm
u_transform_scheduler_core.u_mixed_radix_butterfly.combine_half_sum_q_reg\[13\],224.71µm
u_transform_scheduler_core.u_mixed_radix_butterfly.scalar_operand\[9\],224.33µm
u_transform_scheduler_core.u_mixed_radix_butterfly.combine_half_sum_i_reg\[10\],224.25µm
u_transform_scheduler_core.u_mixed_radix_butterfly.combine_half_sum_i_reg\[11\],224.2µm
_05330_,224.15µm
_06553_,222.88µm
_05551_,222.52µm
_02113_,222.42µm
_04662_,222.06µm
_06703_,221.76µm
u_transform_scheduler_core.mod_diag_X1_q\[5\],221.76µm
u_transform_scheduler_core.u_mixed_radix_butterfly.scalar_operand\[6\],221.3µm
_04408_,221.2µm
u_transform_scheduler_core.u_mixed_radix_butterfly.combine_half_sum_i_reg\[14\],220.69µm
u_transform_scheduler_core.u_mixed_radix_butterfly.combine_half_sum_i_reg\[12\],220.28µm
u_transform_scheduler_core.tx_dft12_block_ready,220.13µm
u_transform_scheduler_core.u_mixed_radix_butterfly.combine_product_re_reg\[2\],219.26µm
_03910_,217.13µm
_02482_,216.82µm
u_transform_scheduler_core.u_mixed_radix_butterfly.x2_i_ext\[9\],216.77µm
_02909_,216.31µm
_02152_,216.21µm
u_transform_scheduler_core.u_mixed_radix_butterfly.combine_product_re_reg\[8\],215.9µm
_02702_,215.65µm
u_transform_scheduler_core.u_mixed_radix_butterfly.scalar_coefficient\[7\],215.24µm
_00300_,215.14µm
_02722_,214.68µm
u_transform_scheduler_core.u_mixed_radix_butterfly.x0_q_ext\[10\],214.63µm
_02259_,214.12µm
u_transform_scheduler_core.u_mixed_radix_butterfly.combine_product_im_reg\[3\],213.41µm
_05123_,212.29µm
_03895_,211.73µm
_02719_,210.86µm
_04289_,210.71µm
u_transform_scheduler_core.u_mixed_radix_butterfly.combine_half_sum_i_reg\[2\],209.64µm
_04683_,209.03µm
_05588_,209.03µm
_05770_,209.03µm
_05531_,207.81µm
_03897_,206.84µm
_05843_,206.69µm
u_transform_scheduler_core.mod_diag_X1_i\[9\],206.18µm
_04411_,205.57µm
_07282_,205.52µm
_07432_,205.52µm
_06787_,205.06µm
_08733_,204.96µm
_02140_,204.4µm
top_state\[5\],204.09µm
u_transform_scheduler_core.u_fft128_modulo_controller.slot_phase\[2\],204.04µm
_02139_,203.84µm
_05831_,203.84µm
_07415_,203.84µm
_08975_,203.38µm
_03885_,202.92µm
_08035_,202.36µm
_06116_,201.7µm
_03648_,201.44µm
top_state\[9\],200.58µm
_04076_,200.07µm
u_transform_scheduler_core.u_fft128_modulo_controller.fetch_j\[1\],198.49µm
_04240_,198.44µm
u_transform_scheduler_core.u_mixed_radix_butterfly.scalar_operand\[4\],197.32µm
_05969_,194.37µm
_04379_,192.94µm
_06298_,192.74µm
_07303_,192.18µm
_05135_,192.08µm
u_transform_scheduler_core.u_mixed_radix_butterfly.scalar_operand\[1\],191.87µm
top_state\[2\],191.77µm
u_transform_scheduler_core.u_fft_scratch_sram.macro_wdata\[12\],191.52µm
u_transform_scheduler_core.u_mixed_radix_butterfly.combine_x0_q_reg\[12\],191.16µm
_04505_,191.01µm
u_transform_scheduler_core.u_mixed_radix_butterfly.combine_half_sum_i_reg\[13\],189.99µm
u_transform_scheduler_core.u_fft128_modulo_controller.fetch_j\[2\],189.68µm
u_transform_scheduler_core.u_fft128_modulo_controller.fetch_j\[3\],189.63µm
_03692_,188.18µm
delaynet_2_core_clk,188.16µm
_04631_,187.09µm
delaynet_0_core_clk,186.48µm
_06159_,186.37µm
_02472_,186.17µm
_02079_,185.97µm
u_transform_scheduler_core.u_mixed_radix_butterfly.premultiply_input_q_reg\[9\],185.46µm
u_transform_scheduler_core.u_mixed_radix_butterfly.x2_i_ext\[10\],185.41µm
_07293_,184.85µm
_02499_,184.54µm
u_transform_scheduler_core.u_fft128_modulo_controller.read_issue_count\[0\],184.44µm
_03801_,184.29µm
u_transform_scheduler_core.rx_small_x1_i\[10\],183.78µm
_06532_,183.22µm
_05048_,183.17µm
u_transform_scheduler_core.u_mixed_radix_butterfly.combine_half_sum_i_reg\[15\],183.12µm
_03794_,182.71µm
u_transform_scheduler_core.u_mixed_radix_butterfly.combine_half_sum_i_reg\[0\],182.71µm
_02475_,182.61µm
delaynet_1_core_clk,182.56µm
u_transform_scheduler_core.u_mixed_radix_butterfly.low_rq_reg\[17\],182.2µm
_02093_,182.1µm
u_transform_scheduler_core.dft12_ram_i\[11\]\[0\],180.93µm
net105,180.93µm
_07301_,180.88µm
_02371_,180.47µm
_02218_,180.32µm
_05380_,180.32µm
_03920_,180.11µm
u_transform_scheduler_core.u_fft128_modulo_controller.fetch_j\[4\],179.96µm
_07124_,179.91µm
_04242_,179.86µm
u_transform_scheduler_core.u_fft128_modulo_controller.fetch_j\[5\],178.79µm
_02506_,178.64µm
_05493_,178.64µm
_02452_,178.43µm
_04624_,178.13µm
u_transform_scheduler_core.u_mixed_radix_butterfly.scalar_operand\[2\],177.87µm
_07461_,177.11µm
_04422_,176.55µm
_04781_,176.55µm
_05467_,176.5µm
_07467_,176.5µm
u_transform_scheduler_core.mod_diag_X1_i\[10\],176.5µm
_05756_,176.45µm
_07108_,175.99µm
_02486_,175.84µm
u_transform_scheduler_core.u_mixed_radix_butterfly.combine_half_sum_q_reg\[7\],174.87µm
_02484_,174.36µm
_07933_,173.65µm
u_transform_scheduler_core.u_fft128_modulo_controller.result_stage\[0\],173.49µm
_04656_,173.29µm
_05096_,173.04µm
_08726_,173.04µm
u_transform_scheduler_core.u_fft128_modulo_controller.result_stage\[1\],172.78µm
u_transform_scheduler_core.dft12_phase\[0\],172.73µm
_04721_,172.63µm
_02073_,172.58µm
u_transform_scheduler_core.mod_diag_X0_i\[11\],172.58µm
_04228_,172.53µm
u_transform_scheduler_core.mod_diag_X1_i\[11\],172.53µm
_06962_,172.07µm
_07066_,171.97µm
_04437_,171.56µm
u_transform_scheduler_core.mod_diag_X1_i\[13\],171.46µm
_02534_,171.41µm
top_state\[4\],171.255µm
u_transform_scheduler_core.u_mixed_radix_butterfly.x2_i_ext\[7\],170.9µm
_04357_,170.49µm
_07491_,170.39µm
_07123_,169.83µm
_02487_,169.78µm
_07001_,169.32µm
_03469_,169.12µm
u_transform_scheduler_core.u_fft128_modulo_controller.fetch_stage\[1\],168.81µm
_04558_,168.76µm
_04516_,168.61µm
_07190_,168.56µm
_04946_,168.15µm
u_transform_scheduler_core.u_mixed_radix_butterfly.combine_x0_i_reg\[8\],168.15µm
_07450_,168.1µm
_02906_,168.05µm
_06764_,168µm
_03288_,166.32µm
delaynet_3_core_clk,165.76µm
_04390_,164.84µm
u_transform_scheduler_core.u_mixed_radix_butterfly.premultiply_half_sum_q_reg\[4\],164.69µm
_04373_,164.23µm
_03739_,163.11µm
_03747_,163.06µm
_04271_,163.06µm
_04671_,162.6µm
u_transform_scheduler_core.u_mixed_radix_butterfly.premultiply_input_q_reg\[10\],162.45µm
_04050_,161.38µm
u_transform_scheduler_core.u_mixed_radix_butterfly.arithmetic_half_sum_q_reg\[15\],161.33µm
_05152_,160.72µm
_02379_,160.41µm
_04577_,159.8µm
_06394_,159.7µm
_02493_,159.6µm
_08913_,159.09µm
_05668_,158.58µm
_02032_,158.53µm
_06768_,157.51µm
_07753_,157.36µm
net141,156.95µm
_08673_,156.85µm
u_transform_scheduler_core.u_mixed_radix_butterfly.combine_half_sum_i_reg\[1\],156.85µm
net117,155.32µm
u_transform_scheduler_core.mod_diag_X0_i\[9\],155.27µm
_02461_,154.61µm
_08078_,154µm
_04137_,153.54µm
u_transform_scheduler_core.u_fft128_modulo_controller.result_group\[3\],153.305µm
u_transform_scheduler_core.u_mixed_radix_butterfly.low_ii_reg\[17\],152.775µm
_05310_,152.32µm
_05203_,151.91µm
u_transform_scheduler_core.u_mixed_radix_butterfly.combine_product_re_reg\[7\],151.91µm
u_transform_scheduler_core.u_mixed_radix_butterfly.combine_half_sum_q_reg\[6\],151.81µm
_08812_,151.3µm
_03884_,151.25µm
u_transform_scheduler_core.mod_diag_addr0\[2\],150.97µm
_04691_,150.79µm
u_transform_scheduler_core.tx_dout_valid,150.33µm
u_transform_scheduler_core.u_mixed_radix_butterfly.x2_q_ext\[15\],149.67µm
_06366_,149.54µm
u_transform_scheduler_core.u_mixed_radix_butterfly.x2_i_ext\[11\],149.16µm
top_state\[8\],148.96µm
_02083_,148.45µm
_02219_,148.4µm
_06573_,147.94µm
u_transform_scheduler_core.u_mixed_radix_butterfly.premultiply_half_sum_q_reg\[1\],147.94µm
_03287_,147.89µm
u_transform_scheduler_core.tx_dft12_hold_i\[0\]\[6\],147.84µm
_04210_,147.38µm
u_transform_scheduler_core.u_mixed_radix_butterfly.combine_product_im_reg\[8\],147.33µm
_04152_,147.28µm
u_transform_scheduler_core.u_fft_scratch_sram.u_lo.macro_wdata\[6\],147.14µm
_07094_,146.87µm
u_transform_scheduler_core.u_mixed_radix_butterfly.combine_x0_i_reg\[0\],146.87µm
u_transform_scheduler_core.u_mixed_radix_butterfly.arithmetic_stage_valid,146.77µm
_06899_,146.72µm
clknet_1_0__leaf_clk,146.63µm
_04309_,146.26µm
_02791_,146.21µm
_04776_,145.7µm
_04141_,145.65µm
_05155_,145.65µm
_03412_,145.24µm
_03900_,145.04µm
u_transform_scheduler_core.u_mixed_radix_butterfly.combine_x0_q_reg\[14\],144.68µm
_07331_,144.48µm
u_transform_scheduler_core.u_mixed_radix_butterfly.combine_half_sum_q_reg\[15\],144.405µm
_03489_,143.92µm
_04690_,142.95µm
_02324_,142.9µm
_03615_,142.85µm
_03779_,142.85µm
_04493_,142.85µm
_05774_,142.85µm
_05360_,142.17µm
u_transform_scheduler_core.u_mixed_radix_butterfly.combine_x0_q_reg\[10\],141.98µm
u_transform_scheduler_core.u_mixed_radix_butterfly.combine_product_re_reg\[1\],141.88µm
u_transform_scheduler_core.u_mixed_radix_butterfly.combine_x0_i_reg\[3\],141.88µm
_02827_,141.68µm
_03284_,141.32µm
u_transform_scheduler_core.rx_fft128_index\[6\],141.17µm
_03933_,140.81µm
_05266_,140.56µm
_07087_,140.56µm
_07923_,140.56µm
u_transform_scheduler_core.u_fft128_modulo_controller.slot_phase\[1\],140.25µm
u_transform_scheduler_core.u_mixed_radix_butterfly.x2_i_ext\[13\],140.2µm
_05335_,140.05µm
_08110_,140µm
_06279_,139.49µm
_04689_,139.03µm
u_transform_scheduler_core.u_fft128_modulo_controller.result_j\[3\],138.67µm
u_transform_scheduler_core.u_mixed_radix_butterfly.combine_half_sum_i_reg\[5\],138.37µm
_03366_,138.32µm
u_transform_scheduler_core.u_mixed_radix_butterfly.combine_product_im_reg\[2\],138.01µm
_02316_,137.91µm
_08029_,137.91µm
u_transform_scheduler_core.u_mixed_radix_butterfly.combine_x0_i_reg\[10\],137.4µm
_02488_,137.33µm
u_transform_scheduler_core.u_fft128_modulo_controller.fetch_issued,136.23µm
_03585_,136.13µm
_04830_,135.57µm
_06649_,135.52µm
_07747_,135.06µm
_03745_,134.45µm
_04351_,134.45µm
u_transform_scheduler_core.u_fdiq_output_adapter.sample_i_reg\[5\],134.45µm
u_transform_scheduler_core.u_mixed_radix_butterfly.combine_x0_q_reg\[0\],134.04µm
_03818_,133.94µm
u_transform_scheduler_core.tx_sample_index\[2\],133.89µm
_05050_,133.33µm
_06494_,133.33µm
u_transform_scheduler_core.u_mixed_radix_butterfly.combine_half_sum_q_reg\[12\],132.82µm
u_transform_scheduler_core.mod_diag_last,132.77µm
u_transform_scheduler_core.rx_state\[15\],132.77µm
u_transform_scheduler_core.u_mixed_radix_butterfly.combine_x0_q_reg\[7\],132.36µm
u_transform_scheduler_core.u_mixed_radix_butterfly.combine_product_im_reg\[14\],132.31µm
u_transform_scheduler_core.ofdm_sample_i\[6\],132.16µm
u_transform_scheduler_core.fifo_x0_q\[0\]\[6\],131.65µm
_05373_,131.6µm
u_transform_scheduler_core.mod_diag_valid,131.29µm
_07352_,130.76µm
u_transform_scheduler_core.dft12_ram_i\[5\]\[6\],130.73µm
_06389_,130.53µm
clknet_1_1__leaf_clk,130.39µm
_08105_,129.97µm
u_transform_scheduler_core.mod_diag_X1_i\[12\],129.92µm
_02504_,129.79µm
_02128_,129.36µm
_05556_,129µm
_04523_,128.92µm
magic_index\[2\],128.39µm
_04275_,128.34µm
u_transform_scheduler_core.tx_sample_index\[3\],128.29µm
_03445_,128.24µm
_05075_,128.24µm
_05385_,128.24µm
u_transform_scheduler_core.dft12_ram_q\[2\]\[4\],127.83µm
_04692_,127.78µm
_02518_,127.73µm
_05982_,127.68µm
_03712_,127.42µm
_06371_,127.12µm
_04394_,126.66µm
u_transform_scheduler_core.u_mixed_radix_butterfly.combine_x0_i_reg\[1\],126.66µm
u_transform_scheduler_core.u_mixed_radix_butterfly.x0_i_ext\[12\],126.66µm
_02396_,126.56µm
_04389_,126.56µm
_06942_,126.56µm
_04371_,126µm
u_transform_scheduler_core.u_mixed_radix_butterfly.final_scalar_product_reg\[0\],125.54µm
_04231_,125.49µm
u_transform_scheduler_core.tx_dout\[3\],125.49µm
_02477_,125.285µm
_02221_,125.08µm
u_transform_scheduler_core.u_mixed_radix_butterfly.combine_product_im_reg\[0\],125.03µm
_04114_,124.98µm
_06070_,124.98µm
_04826_,124.93µm
u_transform_scheduler_core.u_mixed_radix_butterfly.combine_sum_i_reg\[0\],124.93µm
_04384_,124.88µm
_06405_,124.88µm
_07298_,124.88µm
_06767_,124.37µm
_06164_,124.06µm
_06169_,123.91µm
_03346_,123.81µm
_08774_,123.81µm
_05661_,123.3µm
_04233_,123.25µm
_05349_,123.25µm
_07436_,123.2µm
_03817_,122.79µm
_02485_,122.74µm
_02494_,122.74µm
_06457_,122.69µm
u_transform_scheduler_core.rx_state\[2\],122.23µm
_04887_,122.18µm
u_transform_scheduler_core.mod_x1_q\[0\],122.18µm
_05256_,122.13µm
_08688_,122.08µm
u_transform_scheduler_core.u_mixed_radix_butterfly.combine_x0_q_reg\[3\],121.31µm
_07223_,121.01µm
u_transform_scheduler_core.u_mixed_radix_butterfly.combine_x0_q_reg\[2\],120.55µm
u_transform_scheduler_core.u_mixed_radix_butterfly.product_ii_reg\[17\],120.55µm
u_transform_scheduler_core.u_mixed_radix_butterfly.premultiply_input_q_reg\[1\],120.45µm
_04864_,120.4µm
u_transform_scheduler_core.u_mixed_radix_butterfly.x2_i_ext\[5\],120.09µm
_02410_,120.04µm
u_transform_scheduler_core.u_mixed_radix_butterfly.combine_half_sum_q_reg\[8\],119.99µm
u_transform_scheduler_core.u_mixed_radix_butterfly.combine_x0_i_reg\[7\],119.53µm
_04737_,119.43µm
u_transform_scheduler_core.ofdm_sample_valid,119.43µm
u_transform_scheduler_core.small_sent_x1_q,119.38µm
u_transform_scheduler_core.u_mixed_radix_butterfly.combine_product_im_reg\[10\],119.38µm
u_transform_scheduler_core.u_mixed_radix_butterfly.arithmetic_x0_i_reg\[11\],119.33µm
_04071_,118.92µm
_04279_,118.92µm
net234,118.87µm
u_transform_scheduler_core.tx_capture_done,118.82µm
u_transform_scheduler_core.u_mixed_radix_butterfly.low_iq_reg\[17\],118.36µm
_02547_,118.16µm
_04129_,117.85µm
_07233_,117.7µm
u_transform_scheduler_core.u_mixed_radix_butterfly.premultiply_half_sum_q_reg\[5\],117.7µm
_03505_,117.65µm
_07497_,117.65µm
u_transform_scheduler_core.dft12_ram_i\[4\]\[14\],117.14µm
_05554_,117.09µm
u_transform_scheduler_core.rx_small_x1_i\[8\],117.09µm
_04262_,117.04µm
_03714_,116.68µm
_06191_,116.58µm
_03825_,116.53µm
_07906_,116.53µm
_04053_,116.07µm
u_transform_scheduler_core.dft12_ram_q\[10\]\[4\],116.07µm
u_transform_scheduler_core.rx_state\[13\],115.97µm
u_transform_scheduler_core.u_mixed_radix_butterfly.x2_q_ext\[3\],115.97µm
_06479_,115.92µm
_06905_,115.41µm
_04811_,115.36µm
_08073_,115.36µm
_02307_,114.98µm
u_transform_scheduler_core.u_fdiq_output_adapter.sample_i_reg\[3\],114.95µm
_02495_,114.8µm
_08718_,114.8µm
_04659_,114.54µm
_06308_,114.39µm
_07183_,114.39µm
_02769_,114.34µm
_02530_,114.29µm
_02768_,114.29µm
u_transform_scheduler_core.dft12_ram_i\[11\]\[6\],114.29µm
_03523_,114.24µm
_04221_,114.24µm
u_transform_scheduler_core.dft12_ram_q\[2\]\[8\],114.24µm
u_transform_scheduler_core.dft12_ram_i\[1\]\[6\],113.83µm
_03608_,113.78µm
u_transform_scheduler_core.u_fft128_modulo_controller.read_issue_count\[2\],113.78µm
_04539_,113.73µm
_05034_,113.73µm
_07521_,113.73µm
_08119_,113.73µm
_04992_,113.68µm
u_transform_scheduler_core.u_fft128_modulo_controller.result_group\[4\],113.6µm
_06176_,113.47µm
u_transform_scheduler_core.u_fdiq_output_adapter.sample_q_reg\[5\],113.32µm
u_transform_scheduler_core.u_mixed_radix_butterfly.combine_half_sum_q_reg\[10\],113.27µm
u_transform_scheduler_core.u_mixed_radix_butterfly.x2_i_ext\[12\],113.27µm
u_transform_scheduler_core.dft12_ram_i\[10\]\[12\],113.22µm
_04313_,113.17µm
_07232_,113.12µm
_07133_,112.86µm
u_transform_scheduler_core.rx_state\[0\],112.71µm
u_transform_scheduler_core.u_mixed_radix_butterfly.combine_x0_q_reg\[5\],112.71µm
_06363_,112.56µm
u_transform_scheduler_core.u_mixed_radix_butterfly.combine_x0_i_reg\[12\],112.15µm
_04655_,112.1µm
u_transform_scheduler_core.tx_mem_addr\[1\],112.1µm
u_transform_scheduler_core.u_mixed_radix_butterfly.combine_half_sum_q_reg\[11\],112.1µm
u_transform_scheduler_core.u_mixed_radix_butterfly.combine_x0_q_reg\[1\],112.1µm
u_transform_scheduler_core.u_mixed_radix_butterfly.arithmetic_half_sum_i_reg\[4\],112.05µm
_04274_,112µm
u_transform_scheduler_core.u_mixed_radix_butterfly.premultiply_input_q_reg\[11\],112µm
_04487_,111.82µm
u_transform_scheduler_core.u_mixed_radix_butterfly.combine_product_im_reg\[13\],111.64µm
_07317_,111.54µm
_07991_,111.54µm
u_transform_scheduler_core.tx_mem_addr\[2\],111.54µm
_02525_,111.49µm
_04797_,111.49µm
_02552_,111.44µm
_05243_,111.44µm
u_transform_scheduler_core.ofdm_sample_i\[0\],110.98µm
u_transform_scheduler_core.u_mixed_radix_butterfly.premultiply_stage_valid,110.93µm
u_transform_scheduler_core.u_mixed_radix_butterfly.combine_product_im_reg\[12\],110.47µm
_06197_,110.42µm
_05231_,110.37µm
_07796_,110.32µm
_06153_,109.86µm
u_transform_scheduler_core.dft12_ram_i\[5\]\[4\],109.86µm
_07338_,109.76µm
_02541_,109.2µm
_05182_,109.2µm
_06932_,109.2µm
_04571_,109.14µm
u_transform_scheduler_core.dft12_ram_q\[10\]\[3\],108.84µm
_05325_,108.74µm
u_transform_scheduler_core.dft12_ram_q\[2\]\[2\],108.74µm
u_transform_scheduler_core.u_mixed_radix_butterfly.product_ii_reg\[20\],108.74µm
_02220_,108.69µm
u_transform_scheduler_core.dft12_ram_q\[11\]\[0\],108.69µm
_03372_,108.64µm
_06774_,108.08µm
_04376_,107.72µm
u_transform_scheduler_core.tx_dout\[2\],107.52µm
u_serializer.byte_index\[0\],107.06µm
u_transform_scheduler_core.u_mixed_radix_butterfly.x1_i_ext\[9\],106.75µm
u_transform_scheduler_core.u_fft128_modulo_controller.result_j\[1\],106.6µm
_02088_,106.45µm
_05879_,106.4µm
u_transform_scheduler_core.u_mixed_radix_butterfly.combine_half_sum_q_reg\[9\],106.4µm
_04727_,106.09µm
u_transform_scheduler_core.u_mixed_radix_butterfly.combine_product_im_reg\[7\],106.09µm
u_transform_scheduler_core.u_mixed_radix_butterfly.combine_half_sum_q_reg\[1\],106.04µm
u_transform_scheduler_core.mod_diag_X0_i\[12\],105.99µm
_04133_,105.94µm
_05632_,105.94µm
_04354_,105.84µm
_07465_,105.33µm
u_transform_scheduler_core.u_mixed_radix_butterfly.combine_x0_i_reg\[14\],105.045µm
_04434_,104.82µm
_02701_,104.77µm
_05512_,104.77µm
_06181_,104.36µm
u_transform_scheduler_core.u_mixed_radix_butterfly.combine_x0_i_reg\[2\],104.26µm
_02521_,104.21µm
_04979_,104.16µm
u_transform_scheduler_core.u_fft_scratch_sram.u_lo.macro_wdata\[4\],104.02µm
u_transform_scheduler_core.mod_diag_X1_i\[2\],103.8µm
u_transform_scheduler_core.u_mixed_radix_butterfly.combine_product_im_reg\[1\],103.8µm
_04256_,103.75µm
_08742_,103.7µm
_04587_,103.65µm
_06357_,103.6µm
_06175_,103.14µm
_07709_,103.09µm
_06009_,103.04µm
_02302_,102.73µm
_04052_,102.58µm
_04932_,102.48µm
_05726_,102.48µm
_03922_,102.17µm
u_transform_scheduler_core.u_fft128_modulo_controller.result_j\[4\],102.17µm
u_transform_scheduler_core.u_fdiq_output_adapter.sample_i_reg\[4\],102.12µm
_07624_,102.02µm
_04858_,101.92µm
_06184_,101.92µm
u_transform_scheduler_core.dft12_phase\[1\],101.61µm
u_transform_scheduler_core.u_mixed_radix_butterfly.combine_x0_q_reg\[9\],101.61µm
_07488_,101.46µm
_04241_,101.41µm
_06955_,101.41µm
u_transform_scheduler_core.ofdm_sample_i\[3\],101.41µm
_07784_,100.95µm
_08697_,100.95µm
u_transform_scheduler_core.u_mixed_radix_butterfly.x2_i_ext\[14\],100.9µm
_04899_,100.85µm
_08815_,100.8µm
u_transform_scheduler_core.u_fft128_modulo_controller.result_stage\[2\],100.64µm
u_transform_scheduler_core.u_mixed_radix_butterfly.low_rr_reg\[17\],100.45µm
u_serializer.byte_index\[1\],100.44µm
_02327_,100.34µm
_04572_,100.34µm
_06200_,100.34µm
_02536_,100.29µm
_05514_,100.29µm
_06499_,100.29µm
_02177_,100.24µm
_06260_,100.24µm
_07459_,100.23µm
u_transform_scheduler_core.dft12_ram_q\[11\]\[2\],99.83µm
u_transform_scheduler_core.dft12_ram_q\[2\]\[12\],99.78µm
u_transform_scheduler_core.rx_small_inverse,99.68µm
u_transform_scheduler_core.dft12_ram_i\[5\]\[14\],99.32µm
u_transform_scheduler_core.u_subcarrier_mapper.clear_index\[0\],99.22µm
u_transform_scheduler_core.small_sent_x2_i,99.17µm
u_transform_scheduler_core.u_fft_scratch_sram.rv_hi,98.91µm
u_transform_scheduler_core.dft12_ram_i\[2\]\[10\],98.81µm
u_transform_scheduler_core.u_fdiq_output_adapter.sample_i_reg\[6\],98.71µm
u_transform_scheduler_core.u_mixed_radix_butterfly.low_ii_reg\[16\],98.66µm
_02097_,98.56µm
_07909_,98.56µm
_08101_,98.56µm
_06167_,98.25µm
_05637_,98.1µm
_05596_,98µm
_07217_,98µm
_07586_,97.82µm
_03758_,97.54µm
u_transform_scheduler_core.dft12_ram_i\[2\]\[5\],97.54µm
u_transform_scheduler_core.mod_diag_X0_i\[10\],97.54µm
_02496_,97.44µm
_02513_,96.98µm
_04064_,96.98µm
_08086_,96.98µm
u_transform_scheduler_core.u_mixed_radix_butterfly.combine_x0_q_reg\[13\],96.98µm
_07434_,96.93µm
u_transform_scheduler_core.fifo_x1_i\[0\]\[1\],96.93µm
_02090_,96.88µm
_04905_,96.88µm
u_transform_scheduler_core.u_tdiq_output_cp_insert.responses_left\[0\],96.47µm
_02523_,96.42µm
u_transform_scheduler_core.mod_diag_X1_q\[13\],96.42µm
_05350_,96.37µm
u_transform_scheduler_core.u_mixed_radix_butterfly.x0_i_ext\[6\],96.37µm
u_transform_scheduler_core.u_mixed_radix_butterfly.x2_q_ext\[14\],96.37µm
_04765_,96.32µm
u_transform_scheduler_core.u_fft128_modulo_controller.slot_phase\[0\],96.11µm
_02505_,95.96µm
u_transform_scheduler_core.u_mixed_radix_butterfly.x1_i_ext\[10\],95.91µm
u_transform_scheduler_core.dft12_ram_i\[10\]\[14\],95.53µm
u_transform_scheduler_core.u_mixed_radix_butterfly.combine_x0_i_reg\[9\],95.35µm
u_transform_scheduler_core.dft12_ram_i\[6\]\[4\],95.3µm
u_transform_scheduler_core.dft12_ram_i\[6\]\[5\],95.3µm
u_transform_scheduler_core.dft12_ram_q\[5\]\[2\],95.3µm
_04494_,95.25µm
_07541_,95.25µm
_04815_,95.2µm
_07315_,95.2µm
u_transform_scheduler_core.dft12_ram_q\[10\]\[0\],94.84µm
u_transform_scheduler_core.u_mixed_radix_butterfly.x1_q_ext\[15\],94.79µm
_05201_,94.69µm
_08766_,94.64µm
u_transform_scheduler_core.u_fft128_modulo_controller.pending_valid,94.64µm
u_transform_scheduler_core.dft12_ram_i\[5\]\[12\],94.33µm
_07857_,94.28µm
u_transform_scheduler_core.u_fdiq_output_adapter.state\[4\],94.23µm
u_transform_scheduler_core.u_mixed_radix_butterfly.combine_x0_q_reg\[4\],94.18µm
u_transform_scheduler_core.mod_diag_X1_q\[11\],94.13µm
u_transform_scheduler_core.mod_diag_X1_q\[1\],94.13µm
u_transform_scheduler_core.u_fft128_modulo_controller.result_group\[6\],94.13µm
u_transform_scheduler_core.dft12_ram_i\[10\]\[8\],93.77µm
u_transform_scheduler_core.rx_fft128_index\[0\],93.77µm
u_transform_scheduler_core.dft12_ram_i\[10\]\[5\],93.72µm
_06187_,93.67µm
_02847_,93.62µm
u_transform_scheduler_core.dft12_ram_q\[1\]\[12\],93.62µm
_02625_,93.57µm
_04723_,93.57µm
_05978_,93.57µm
u_transform_scheduler_core.dft12_ram_i\[2\]\[0\],93.365µm
_04130_,93.16µm
u_transform_scheduler_core.dft12_ram_i\[2\]\[6\],93.16µm
_04669_,93.11µm
u_transform_scheduler_core.dft12_ram_q\[11\]\[1\],93.11µm
u_transform_scheduler_core.u_fdiq_output_adapter.sample_q_reg\[0\],93.11µm
u_transform_scheduler_core.dft12_ram_i\[9\]\[0\],93.06µm
u_transform_scheduler_core.u_fft128_modulo_controller.result_group\[1\],93.06µm
u_transform_scheduler_core.u_fft128_modulo_controller.fetch_group\[6\],93.01µm
u_transform_scheduler_core.u_mixed_radix_butterfly.premultiply_x0_q_reg\[15\],93.01µm
_02623_,92.96µm
_04329_,92.96µm
_05472_,92.96µm
_08710_,92.96µm
_07841_,92.55µm
u_transform_scheduler_core.u_mixed_radix_butterfly.combine_product_im_reg\[11\],92.5µm
_05188_,92.4µm
_06683_,92.4µm
u_transform_scheduler_core.dft12_ram_i\[10\]\[10\],91.99µm
_08333_,91.94µm
_08413_,91.89µm
_05408_,91.84µm
_06391_,91.84µm
_05663_,91.43µm
input_left\[0\],91.43µm
_07495_,91.38µm
_07455_,91.33µm
_06165_,91.02µm
_04681_,90.82µm
_03746_,90.77µm
_04822_,90.77µm
_05503_,90.72µm
_06348_,90.72µm
u_transform_scheduler_core.fifo_x1_q\[0\]\[1\],90.72µm
u_transform_scheduler_core.tx_dout\[1\],90.72µm
u_transform_scheduler_core.rx_state\[3\],90.41µm
u_transform_scheduler_core.dft12_ram_i\[5\]\[7\],90.31µm
u_transform_scheduler_core.u_mixed_radix_butterfly.product_rq_reg\[4\],90.31µm
u_transform_scheduler_core.u_fft128_modulo_controller.result_group\[5\],90.21µm
_05884_,90.16µm
_06021_,90.16µm
_07250_,90.16µm
u_transform_scheduler_core.dft12_ram_i\[8\]\[14\],90.16µm
u_transform_scheduler_core.u_mixed_radix_butterfly.x1_i_ext\[8\],89.9µm
u_transform_scheduler_core.dft12_ram_q\[5\]\[15\],89.85µm
_04324_,89.7µm
u_transform_scheduler_core.small_sent_x2_q,89.7µm
u_transform_scheduler_core.u_mixed_radix_butterfly.combine_product_im_reg\[15\],89.7µm
_05918_,89.65µm
_05278_,89.6µm
u_transform_scheduler_core.u_mixed_radix_butterfly.x1_i_ext\[13\],89.29µm
_03691_,89.19µm
_07648_,89.19µm
_07713_,89.14µm
_04118_,89.09µm
_04503_,89.09µm
_05443_,89.09µm
_07211_,89.09µm
u_transform_scheduler_core.dft12_ram_i\[2\]\[1\],88.83µm
u_transform_scheduler_core.u_mixed_radix_butterfly.combine_x0_i_reg\[5\],88.78µm
_07793_,88.63µm
u_transform_scheduler_core.dft12_ram_i\[5\]\[0\],88.63µm
_02106_,88.53µm
u_transform_scheduler_core.dft12_ram_q\[2\]\[14\],88.53µm
_06751_,88.48µm
u_transform_scheduler_core.u_fft_scratch_sram.u_lo.macro_addr\[4\],88.39µm
_02490_,88.02µm
_07903_,87.97µm
u_transform_scheduler_core.ofdm_sample_i\[1\],87.97µm
_06805_,87.92µm
u_transform_scheduler_core.dft12_ram_q\[5\]\[7\],87.66µm
_04560_,87.51µm
u_transform_scheduler_core.ofdm_output_done,87.46µm
u_transform_scheduler_core.u_mixed_radix_butterfly.x0_q_ext\[8\],87.46µm
debug_addr\[7\],87.41µm
u_transform_scheduler_core.dft12_ram_q\[10\]\[10\],87.41µm
_08626_,87.36µm
_04473_,86.9µm
u_transform_scheduler_core.dft12_ram_i\[10\]\[15\],86.9µm
u_transform_scheduler_core.u_mixed_radix_butterfly.product_ii_reg\[21\],86.9µm
u_transform_scheduler_core.dft12_ram_i\[10\]\[6\],86.85µm
_04283_,86.8µm
_07351_,86.8µm
_07720_,86.8µm
_08375_,86.8µm
_08450_,86.8µm
_04599_,86.59µm
u_transform_scheduler_core.u_mixed_radix_butterfly.x2_q_ext\[1\],86.59µm
_04658_,86.49µm
_02464_,86.39µm
u_transform_scheduler_core.dft12_ram_q\[6\]\[6\],86.39µm
_06154_,86.34µm
u_transform_scheduler_core.rx_dft12_index\[3\],86.34µm
echo_data\[1\],86.29µm
u_transform_scheduler_core.dft12_ram_i\[1\]\[4\],86.29µm
u_transform_scheduler_core.u_mixed_radix_butterfly.x1_i_ext\[6\],86.29µm
_04778_,86.24µm
_07628_,86.24µm
_08702_,86.24µm
u_transform_scheduler_core.mod_diag_X1_i\[14\],86.24µm
u_transform_scheduler_core.mod_diag_X1_q\[4\],86.24µm
_02373_,85.83µm
_03324_,85.73µm
_06259_,85.73µm
_05649_,85.68µm
u_transform_scheduler_core.dft12_ram_i\[5\]\[5\],85.42µm
_02230_,85.32µm
u_transform_scheduler_core.u_fft128_modulo_controller.read_return_count\[1\],85.32µm
u_transform_scheduler_core.dft12_ram_q\[8\]\[8\],85.27µm
_02500_,85.12µm
_03240_,85.12µm
_04070_,85.12µm
_05100_,85.12µm
_02468_,84.66µm
_04074_,84.66µm
u_transform_scheduler_core.mod_diag_X1_i\[0\],84.66µm
_05218_,84.56µm
_02908_,84.1µm
u_transform_scheduler_core.dft12_ram_q\[2\]\[11\],84.05µm
u_transform_scheduler_core.u_fdiq_output_adapter.sample_i_reg\[10\],84.05µm
_05719_,84µm
_06534_,84µm
u_transform_scheduler_core.dft12_ram_q\[6\]\[2\],83.59µm
_04557_,83.54µm
_04942_,83.54µm
u_transform_scheduler_core.mod_diag_X0_q\[8\],83.54µm
u_transform_scheduler_core.dft12_ram_q\[10\]\[15\],83.49µm
_05867_,83.44µm
_06386_,83.44µm
_06591_,83.44µm
_08072_,83.44µm
u_transform_scheduler_core.mod_diag_X0_q\[15\],83.44µm
_04798_,82.93µm
_07517_,82.93µm
_08397_,82.93µm
u_transform_scheduler_core.ofdm_capture_busy,82.93µm
_06238_,82.88µm
_09011_,82.88µm
_02460_,82.42µm
u_transform_scheduler_core.mod_diag_X0_q\[3\],82.42µm
_07744_,82.37µm
u_transform_scheduler_core.u_mixed_radix_butterfly.final_scalar_product_reg\[1\],82.37µm
u_transform_scheduler_core.rx_small_x0_q\[5\],82.32µm
u_transform_scheduler_core.dft12_ram_i\[8\]\[4\],81.96µm
u_transform_scheduler_core.mod_diag_X1_i\[1\],81.86µm
_02517_,81.81µm
_04665_,81.81µm
_02233_,81.76µm
u_transform_scheduler_core.u_mixed_radix_butterfly.combine_product_re_reg\[0\],81.4µm
u_transform_scheduler_core.u_mixed_radix_butterfly.combine_x0_i_reg\[4\],81.4µm
u_transform_scheduler_core.u_mixed_radix_butterfly.product_iq_reg\[6\],81.35µm
u_transform_scheduler_core.u_mixed_radix_butterfly.product_ii_reg\[19\],81.3µm
_06065_,81.25µm
u_transform_scheduler_core.dft12_ram_q\[1\]\[5\],81.25µm
_05126_,81.2µm
u_transform_scheduler_core.dft12_ram_q\[2\]\[10\],80.84µm
u_transform_scheduler_core.dft12_ram_q\[1\]\[11\],80.79µm
_04714_,80.75µm
_04941_,80.74µm
_06115_,80.74µm
u_transform_scheduler_core.dft12_ram_i\[3\]\[4\],80.74µm
u_transform_scheduler_core.dft12_ram_i\[8\]\[12\],80.74µm
u_transform_scheduler_core.dft12_ram_i\[9\]\[14\],80.74µm
u_transform_scheduler_core.dft12_ram_q\[10\]\[12\],80.69µm
u_transform_scheduler_core.u_mixed_radix_butterfly.x1_q_ext\[13\],80.69µm
_02850_,80.18µm
_06327_,80.18µm
u_transform_scheduler_core.dft12_ram_i\[5\]\[11\],80.18µm
u_transform_scheduler_core.dft12_ram_q\[6\]\[5\],80.18µm
u_transform_scheduler_core.u_mixed_radix_butterfly.arithmetic_x0_q_reg\[3\],80.18µm
u_transform_scheduler_core.u_mixed_radix_butterfly.product_rq_reg\[16\],80.18µm
_04717_,80.13µm
_05600_,80.13µm
_04406_,80.08µm
_04806_,80.08µm
_06226_,80.08µm
_07257_,80.08µm
u_transform_scheduler_core.u_fft128_modulo_controller.fetch_group\[3\],79.77µm
u_transform_scheduler_core.u_mixed_radix_butterfly.x2_q_ext\[11\],79.72µm
u_transform_scheduler_core.dft12_ram_i\[4\]\[12\],79.67µm
u_transform_scheduler_core.dft12_ram_q\[9\]\[9\],79.67µm
u_transform_scheduler_core.u_mixed_radix_butterfly.x2_q_ext\[2\],79.67µm
_03630_,79.62µm
u_transform_scheduler_core.dft12_ram_q\[5\]\[9\],79.62µm
u_transform_scheduler_core.u_mixed_radix_butterfly.combine_x0_i_reg\[11\],79.62µm
_02526_,79.57µm
_04370_,79.57µm
_04696_,79.57µm
_08254_,79.57µm
_05428_,79.52µm
_05616_,79.52µm
_08471_,79.26µm
u_transform_scheduler_core.u_mixed_radix_butterfly.uop_full,79.16µm
u_transform_scheduler_core.u_mixed_radix_butterfly.x2_i_ext\[4\],79.11µm
_07538_,79.06µm
u_transform_scheduler_core.u_mixed_radix_butterfly.combine_half_sum_q_reg\[4\],79.06µm
_04940_,79.01µm
_06157_,79.01µm
_06706_,79.01µm
u_transform_scheduler_core.dft12_sent_twiddle_im,79.01µm
u_transform_scheduler_core.u_mixed_radix_butterfly.combine_half_sum_i_reg\[4\],79.01µm
_03552_,78.96µm
_04429_,78.96µm
u_transform_scheduler_core.dft12_ram_q\[5\]\[5\],78.6µm
u_transform_scheduler_core.result_meta_read_pointer\[1\],78.6µm
_04456_,78.55µm
u_transform_scheduler_core.dft12_ram_q\[11\]\[12\],78.5µm
_07603_,78.45µm
_07777_,78.45µm
_08272_,78.45µm
u_transform_scheduler_core.u_mixed_radix_butterfly.high_rq_reg\[0\],78.45µm
u_transform_scheduler_core.u_tdiq_input_cp_remove.useful_sample_index\[5\],78.45µm
_05787_,78.4µm
_05827_,78.4µm
_02509_,78.04µm
u_transform_scheduler_core.dft12_ram_q\[2\]\[6\],78.04µm
u_transform_scheduler_core.dft12_ram_q\[5\]\[12\],78.04µm
u_transform_scheduler_core.dft12_ram_q\[2\]\[9\],77.99µm
_02700_,77.94µm
u_transform_scheduler_core.u_mixed_radix_butterfly.x1_q_ext\[11\],77.76µm
u_transform_scheduler_core.dft12_ram_i\[10\]\[11\],77.48µm
u_transform_scheduler_core.dft12_ram_i\[3\]\[6\],77.43µm
u_transform_scheduler_core.u_mixed_radix_butterfly.combine_x0_q_reg\[6\],77.43µm
_06266_,77.38µm
u_transform_scheduler_core.dft12_ram_i\[8\]\[0\],77.38µm
u_transform_scheduler_core.dft12_ram_q\[1\]\[14\],77.38µm
u_transform_scheduler_core.dft12_ram_q\[5\]\[13\],77.38µm
u_transform_scheduler_core.tx_sample_index\[0\],77.38µm
u_transform_scheduler_core.tx_sample_index\[1\],77.38µm
_02489_,77.33µm
_05449_,77.33µm
u_transform_scheduler_core.mod_diag_X0_i\[14\],77.33µm
u_transform_scheduler_core.mod_diag_X1_i\[8\],77.33µm
u_transform_scheduler_core.ofdm_sample_i\[2\],77.33µm
output_left\[6\],77.28µm
_08351_,77.1µm
u_transform_scheduler_core.dft12_ram_i\[5\]\[2\],76.92µm
u_transform_scheduler_core.dft12_ram_q\[3\]\[6\],76.82µm
_07174_,76.77µm
_07883_,76.77µm
u_transform_scheduler_core.ofdm_sample_i\[4\],76.77µm
u_transform_scheduler_core.u_mixed_radix_butterfly.twiddle_re_reg\[6\],76.77µm
_03340_,76.72µm
_04762_,76.26µm
_04904_,76.26µm
u_transform_scheduler_core.dft12_ram_q\[10\]\[2\],76.26µm
_09017_,76.21µm
_02253_,76.16µm
u_transform_scheduler_core.u_fft128_modulo_controller.fetch_x1_q\[1\],75.8µm
_07243_,75.75µm
u_transform_scheduler_core.u_mixed_radix_butterfly.combine_x0_i_reg\[6\],75.75µm
_02330_,75.7µm
_04419_,75.7µm
_04122_,75.65µm
_06772_,75.65µm
u_transform_scheduler_core.dft12_sent_x0_q,75.65µm
u_transform_scheduler_core.u_fdiq_output_adapter.sample_i_reg\[14\],75.65µm
_03528_,75.6µm
_04867_,75.6µm
u_transform_scheduler_core.dft12_ram_q\[10\]\[13\],75.19µm
_07258_,75.14µm
u_transform_scheduler_core.dft12_ram_q\[2\]\[15\],75.14µm
u_transform_scheduler_core.dft12_ram_q\[5\]\[1\],75.14µm
u_transform_scheduler_core.mod_diag_X1_q\[0\],75.14µm
u_transform_scheduler_core.dft12_ram_q\[8\]\[0\],75.09µm
_07342_,75.04µm
_03981_,74.63µm
_08967_,74.63µm
_02331_,74.58µm
_07981_,74.58µm
u_transform_scheduler_core.u_mixed_radix_butterfly.premultiply_half_sum_i_reg\[5\],74.58µm
u_transform_scheduler_core.dft12_ram_q\[9\]\[15\],74.53µm
_04131_,74.48µm
_06436_,74.48µm
_06970_,74.48µm
u_transform_scheduler_core.u_mixed_radix_butterfly.x1_i_ext\[5\],74.3µm
u_transform_scheduler_core.dft12_ram_i\[5\]\[9\],74.17µm
u_transform_scheduler_core.dft12_ram_q\[11\]\[8\],74.07µm
u_transform_scheduler_core.u_mixed_radix_butterfly.x2_i_ext\[15\],74.07µm
u_transform_scheduler_core.u_fft128_modulo_controller.result_j\[2\],74.02µm
u_transform_scheduler_core.dft12_ram_q\[5\]\[14\],73.97µm
u_transform_scheduler_core.u_mixed_radix_butterfly.high_iq_reg\[6\],73.97µm
_04235_,73.92µm
_04590_,73.92µm
_06224_,73.92µm
_06644_,73.92µm
_07924_,73.92µm
_03786_,73.635µm
u_transform_scheduler_core.dft12_ram_q\[3\]\[15\],73.56µm
_04304_,73.51µm
u_transform_scheduler_core.dft12_ram_i\[1\]\[9\],73.51µm
u_transform_scheduler_core.dft12_ram_i\[2\]\[15\],73.51µm
_02531_,73.46µm
u_transform_scheduler_core.dft12_phase_onehot\[2\],73.46µm
u_transform_scheduler_core.dft12_ram_i\[1\]\[7\],73.46µm
u_transform_scheduler_core.mod_diag_X1_q\[8\],73.46µm
u_transform_scheduler_core.u_mixed_radix_butterfly.premultiply_input_q_reg\[3\],73.46µm
_02511_,73.41µm
_03262_,73.41µm
_07567_,73.41µm
u_transform_scheduler_core.u_fdiq_output_adapter.sample_q_reg\[6\],73.41µm
_05236_,73.36µm
_07856_,73.36µm
u_transform_scheduler_core.mod_diag_X0_i\[13\],73.36µm
_02497_,72.9µm
_04530_,72.9µm
u_transform_scheduler_core.dft12_ram_i\[2\]\[2\],72.9µm
u_transform_scheduler_core.tx_sample_q\[5\],72.9µm
_03522_,72.85µm
_04116_,72.85µm
_06185_,72.85µm
u_transform_scheduler_core.dft12_ram_q\[4\]\[13\],72.85µm
u_transform_scheduler_core.u_mixed_radix_butterfly.premultiply_x0_i_reg\[15\],72.85µm
_03479_,72.8µm
_07714_,72.8µm
_04561_,72.44µm
u_transform_scheduler_core.dft12_ram_i\[2\]\[3\],72.44µm
_04322_,72.39µm
_04392_,72.39µm
_08553_,72.34µm
u_transform_scheduler_core.ofdm_mem_addr\[2\],72.34µm
u_transform_scheduler_core.u_fft128_modulo_controller.fetch_x1_i\[5\],72.34µm
u_transform_scheduler_core.u_fft128_modulo_controller.pending_diag,72.34µm
_05293_,72.29µm
_07723_,72.24µm
_07899_,72.24µm
u_transform_scheduler_core.dft12_ram_i\[10\]\[4\],72.01µm
u_transform_scheduler_core.dft12_ram_q\[2\]\[13\],71.88µm
_07625_,71.73µm
u_transform_scheduler_core.dft12_ram_q\[10\]\[5\],71.73µm
u_transform_scheduler_core.dft12_ram_q\[11\]\[3\],71.73µm
u_transform_scheduler_core.ofdm_sample_i\[5\],71.73µm
_03350_,71.68µm
_04749_,71.68µm
_05447_,71.68µm
_06090_,71.68µm
u_transform_scheduler_core.rx_state\[14\],71.47µm
u_transform_scheduler_core.dft12_ram_i\[11\]\[7\],71.37µm
_08520_,71.32µm
u_transform_scheduler_core.dft12_ram_i\[1\]\[0\],71.32µm
u_transform_scheduler_core.dft12_ram_q\[11\]\[4\],71.27µm
_02358_,71.22µm
top_state\[13\],71.22µm
_03587_,71.17µm
_04482_,71.17µm
_05216_,71.17µm
_05838_,71.17µm
_02470_,71.12µm
_07888_,71.12µm
_03956_,70.76µm
u_transform_scheduler_core.dft12_ram_q\[4\]\[2\],70.76µm
u_transform_scheduler_core.u_mixed_radix_butterfly.x2_q_ext\[13\],70.76µm
u_transform_scheduler_core.dft12_ram_i\[3\]\[9\],70.71µm
u_transform_scheduler_core.dft12_ram_q\[11\]\[10\],70.71µm
_07509_,70.66µm
_08145_,70.66µm
u_transform_scheduler_core.dft12_ram_i\[3\]\[14\],70.66µm
u_transform_scheduler_core.dft12_ram_q\[5\]\[8\],70.66µm
_06005_,70.61µm
_06748_,70.61µm
u_transform_scheduler_core.rx_state\[8\],70.61µm
_05702_,70.56µm
_06171_,70.56µm
_09023_,70.56µm
u_transform_scheduler_core.mod_diag_X1_q\[9\],70.56µm
_03544_,70.5µm
u_transform_scheduler_core.u_mixed_radix_butterfly.multiply_phase\[1\],70.3µm
u_transform_scheduler_core.dft12_ram_q\[6\]\[8\],70.2µm
_04328_,70.1µm
_03856_,70.05µm
_04416_,70.05µm
_05328_,70.05µm
_08558_,70.05µm
_05258_,70µm
_05617_,69.64µm
u_transform_scheduler_core.dft12_ram_q\[8\]\[12\],69.59µm
u_transform_scheduler_core.u_tdiq_input_cp_remove.useful_sample_index\[2\],69.59µm
_02377_,69.54µm
_06113_,69.54µm
u_transform_scheduler_core.dft12_ram_i\[5\]\[10\],69.54µm
u_transform_scheduler_core.mod_diag_X0_q\[12\],69.54µm
u_transform_scheduler_core.u_mixed_radix_butterfly.product_ii_reg\[22\],69.54µm
_05151_,69.49µm
u_transform_scheduler_core.dft12_ram_i\[11\]\[3\],69.49µm
u_transform_scheduler_core.u_mixed_radix_butterfly.product_ii_reg\[18\],69.49µm
_04054_,69.44µm
_05090_,69.44µm
u_transform_scheduler_core.u_fft_scratch_sram.state\[0\],69.44µm
_04120_,68.98µm
_04843_,68.98µm
_05602_,68.98µm
_05624_,68.98µm
u_transform_scheduler_core.u_fft128_modulo_controller.result_j\[5\],68.98µm
u_transform_scheduler_core.u_mixed_radix_butterfly.combine_x0_i_reg\[13\],68.98µm
u_transform_scheduler_core.u_mixed_radix_butterfly.low_rq_reg\[16\],68.98µm
_04319_,68.93µm
_08963_,68.93µm
u_transform_scheduler_core.dft12_ram_q\[9\]\[3\],68.52µm
u_transform_scheduler_core.u_fft128_modulo_controller.state\[2\],68.52µm
_06880_,68.47µm
u_transform_scheduler_core.dft12_ram_q\[2\]\[7\],68.42µm
_02020_,68.37µm
_03925_,68.37µm
_05861_,68.32µm
_07653_,68.32µm
_07988_,68.32µm
_08013_,68.32µm
_08183_,68.32µm
u_transform_scheduler_core.u_mixed_radix_butterfly.product_iq_reg\[22\],68.32µm
u_transform_scheduler_core.dft12_ram_i\[5\]\[8\],68.01µm
_02469_,67.91µm
u_transform_scheduler_core.u_fft128_modulo_controller.fetch_group\[1\],67.91µm
u_transform_scheduler_core.u_mixed_radix_butterfly.product_ii_reg\[16\],67.91µm
_04495_,67.86µm
_07260_,67.86µm
u_transform_scheduler_core.dft12_ram_q\[1\]\[9\],67.86µm
u_transform_scheduler_core.mod_diag_addr0\[1\],67.86µm
u_transform_scheduler_core.u_mixed_radix_butterfly.product_iq_reg\[14\],67.86µm
_03694_,67.81µm
_07752_,67.81µm
_07865_,67.81µm
u_transform_scheduler_core.mod_diag_X0_q\[2\],67.81µm
_04315_,67.76µm
_06470_,67.76µm
u_transform_scheduler_core.dft12_ram_q\[9\]\[6\],67.4µm
_06195_,67.35µm
u_transform_scheduler_core.dft12_ram_i\[2\]\[11\],67.35µm
u_transform_scheduler_core.dft12_ram_i\[3\]\[11\],67.35µm
u_transform_scheduler_core.dft12_ram_q\[3\]\[7\],67.35µm
u_transform_scheduler_core.mod_diag_X0_i\[0\],67.35µm
u_transform_scheduler_core.u_mixed_radix_butterfly.x2_i_ext\[2\],67.35µm
_04708_,67.34µm
_02055_,67.3µm
u_transform_scheduler_core.dft12_ram_i\[5\]\[13\],67.3µm
u_transform_scheduler_core.dft12_ram_q\[10\]\[8\],67.3µm
u_transform_scheduler_core.dft12_ram_q\[4\]\[1\],67.25µm
_03278_,67.2µm
_05150_,67.2µm
_07126_,67.2µm
_07773_,67.2µm
_08036_,67.2µm
_08652_,67.2µm
_08075_,66.79µm
u_transform_scheduler_core.dft12_ram_q\[9\]\[2\],66.79µm
_04362_,66.74µm
u_transform_scheduler_core.dft12_ram_i\[1\]\[5\],66.74µm
u_transform_scheduler_core.dft12_ram_i\[4\]\[11\],66.74µm
u_transform_scheduler_core.mod_x1_i\[0\],66.74µm
u_transform_scheduler_core.u_mixed_radix_butterfly.x2_q_ext\[12\],66.74µm
_02491_,66.69µm
u_transform_scheduler_core.dft12_ram_q\[1\]\[2\],66.69µm
_01655_,66.64µm
_07454_,66.64µm
_07529_,66.18µm
_08155_,66.18µm
_07879_,66.13µm
u_transform_scheduler_core.u_mixed_radix_butterfly.premultiply_x0_q_reg\[6\],66.13µm
_03034_,66.08µm
_03879_,66.08µm
_04124_,66.08µm
_04229_,66.08µm
_06977_,66.08µm
_08201_,66.08µm
u_transform_scheduler_core.u_mixed_radix_butterfly.twiddle_re_reg\[2\],66.08µm
u_transform_scheduler_core.u_mixed_radix_butterfly.x1_i_ext\[0\],65.72µm
u_transform_scheduler_core.dft12_ram_i\[4\]\[7\],65.67µm
u_transform_scheduler_core.dft12_ram_q\[1\]\[8\],65.67µm
u_transform_scheduler_core.u_tdiq_input_cp_remove.useful_sample_index\[1\],65.67µm
u_transform_scheduler_core.dft12_ram_i\[11\]\[5\],65.62µm
u_transform_scheduler_core.small_sent_twiddle_im,65.62µm
_06574_,65.57µm
_08298_,65.57µm
_08848_,65.57µm
u_transform_scheduler_core.u_mixed_radix_butterfly.premultiply_x0_q_reg\[9\],65.57µm
u_transform_scheduler_core.u_mixed_radix_butterfly.x1_i_ext\[14\],65.57µm
_04743_,65.52µm
_06144_,65.52µm
_08009_,65.52µm
_08135_,65.52µm
_04638_,65.16µm
_02416_,65.11µm
_07751_,65.11µm
u_transform_scheduler_core.dft12_ram_i\[6\]\[14\],65.11µm
_08428_,65.06µm
u_transform_scheduler_core.dft12_ram_i\[2\]\[4\],65.06µm
u_transform_scheduler_core.dft12_ram_q\[2\]\[1\],65.06µm
u_transform_scheduler_core.dft12_ram_q\[4\]\[0\],65.06µm
_04284_,65.01µm
_07902_,65.01µm
u_transform_scheduler_core.dft12_ram_q\[6\]\[12\],65.01µm
u_transform_scheduler_core.mod_diag_X0_q\[13\],65.01µm
_00406_,64.96µm
_04595_,64.96µm
u_transform_scheduler_core.dft12_ram_q\[10\]\[1\],64.585µm
_04559_,64.55µm
u_transform_scheduler_core.u_mixed_radix_butterfly.combine_x0_q_reg\[15\],64.55µm
_07730_,64.5µm
u_transform_scheduler_core.dft12_ram_q\[6\]\[14\],64.5µm
_02388_,64.45µm
_04049_,64.45µm
_05205_,64.45µm
_05966_,64.45µm
_06194_,64.45µm
u_transform_scheduler_core.dft12_ram_i\[8\]\[15\],64.45µm
u_transform_scheduler_core.dft12_ram_q\[11\]\[14\],64.45µm
u_transform_scheduler_core.dft12_ram_q\[5\]\[6\],64.45µm
_04643_,64.4µm
_04726_,64.4µm
_05578_,64.4µm
_07608_,64.4µm
u_transform_scheduler_core.u_mixed_radix_butterfly.x1_i_ext\[1\],64.04µm
u_transform_scheduler_core.u_tdiq_output_cp_insert.responses_left\[1\],64.04µm
_05481_,63.99µm
u_transform_scheduler_core.u_mixed_radix_butterfly.product_rq_reg\[17\],63.94µm
_07324_,63.89µm
_07973_,63.89µm
magic_index\[0\],63.89µm
u_transform_scheduler_core.mod_diag_X0_q\[11\],63.89µm
_03261_,63.84µm
_07540_,63.84µm
_09034_,63.84µm
u_transform_scheduler_core.u_mixed_radix_butterfly.product_rr_reg\[3\],63.84µm
input_left\[1\],63.61µm
_08699_,63.53µm
u_transform_scheduler_core.dft12_ram_q\[2\]\[5\],63.53µm
u_transform_scheduler_core.dft12_ram_i\[3\]\[7\],63.48µm
output_left\[1\],63.43µm
u_transform_scheduler_core.dft12_ram_q\[6\]\[11\],63.43µm
_07335_,63.38µm
u_transform_scheduler_core.dft12_ram_i\[10\]\[2\],63.38µm
u_transform_scheduler_core.u_fdiq_output_adapter.sample_q_reg\[8\],63.38µm
u_transform_scheduler_core.u_mixed_radix_butterfly.product_rq_reg\[1\],63.38µm
u_transform_scheduler_core.u_mixed_radix_butterfly.x0_q_ext\[14\],63.33µm
u_transform_scheduler_core.u_mixed_radix_butterfly.x1_q_ext\[5\],63.33µm
u_transform_scheduler_core.u_tdiq_output_cp_insert.requests_left\[2\],63.33µm
_03328_,63.28µm
_03455_,63.28µm
u_transform_scheduler_core.u_fdiq_output_adapter.sample_q_reg\[10\],63.28µm
_04525_,62.92µm
u_transform_scheduler_core.dft12_ram_i\[3\]\[13\],62.87µm
u_transform_scheduler_core.dft12_ram_q\[10\]\[14\],62.87µm
u_transform_scheduler_core.u_mixed_radix_butterfly.x2_q_ext\[5\],62.87µm
_02462_,62.82µm
_02520_,62.82µm
_04301_,62.82µm
u_transform_scheduler_core.dft12_ram_i\[1\]\[12\],62.82µm
u_transform_scheduler_core.dft12_ram_q\[5\]\[4\],62.82µm
u_transform_scheduler_core.u_fdiq_output_adapter.sample_i_reg\[15\],62.82µm
u_transform_scheduler_core.u_mixed_radix_butterfly.x1_q_ext\[6\],62.82µm
_02453_,62.77µm
_07691_,62.77µm
_08089_,62.77µm
u_transform_scheduler_core.u_fdiq_output_adapter.sample_q_reg\[3\],62.77µm
_01995_,62.72µm
_03239_,62.72µm
_05491_,62.72µm
u_transform_scheduler_core.u_mixed_radix_butterfly.x1_q_ext\[9\],62.36µm
u_transform_scheduler_core.dft12_ram_i\[8\]\[1\],62.26µm
u_transform_scheduler_core.u_tdiq_input_cp_remove.input_sample_index\[1\],62.26µm
_03602_,62.21µm
_04514_,62.21µm
echo_data\[3\],62.21µm
u_transform_scheduler_core.dft12_ram_q\[5\]\[10\],62.21µm
u_transform_scheduler_core.small_sent_x0_i,62.21µm
_03370_,62.16µm
_04170_,61.75µm
_04435_,61.75µm
u_transform_scheduler_core.dft12_ram_q\[4\]\[15\],61.75µm
u_transform_scheduler_core.u_mixed_radix_butterfly.x1_q_ext\[12\],61.75µm
_06155_,61.7µm
_08206_,61.7µm
u_transform_scheduler_core.dft12_ram_i\[11\]\[2\],61.7µm
_06712_,61.65µm
u_transform_scheduler_core.dft12_ram_i\[3\]\[2\],61.65µm
u_transform_scheduler_core.dft12_ram_q\[11\]\[11\],61.65µm
u_transform_scheduler_core.mod_diag_X1_q\[7\],61.65µm
u_transform_scheduler_core.u_mixed_radix_butterfly.twiddle_im_reg\[3\],61.65µm
_01176_,61.6µm
_03590_,61.6µm
_08813_,61.6µm
u_transform_scheduler_core.dft12_ram_i\[10\]\[7\],61.19µm
u_transform_scheduler_core.dft12_ram_q\[3\]\[4\],61.19µm
u_transform_scheduler_core.dft12_ram_q\[8\]\[7\],61.19µm
u_transform_scheduler_core.u_mixed_radix_butterfly.product_ii_reg\[9\],61.14µm
_07822_,61.09µm
_07849_,61.09µm
_08668_,61.09µm
u_transform_scheduler_core.result_meta_write_pointer\[1\],61.09µm
_04532_,61.04µm
_06016_,61.04µm
u_transform_scheduler_core.dft12_ram_i\[2\]\[8\],60.78µm
u_transform_scheduler_core.dft12_ram_i\[5\]\[3\],60.63µm
u_transform_scheduler_core.dft12_ram_q\[8\]\[13\],60.63µm
_06147_,60.58µm
_08027_,60.58µm
u_transform_scheduler_core.rx_dft12_index\[2\],60.58µm
u_transform_scheduler_core.u_mixed_radix_butterfly.product_ii_reg\[1\],60.58µm
u_transform_scheduler_core.u_mixed_radix_butterfly.twiddle_re_reg\[0\],60.58µm
u_transform_scheduler_core.u_mixed_radix_butterfly.x0_q_full,60.58µm
u_transform_scheduler_core.u_mixed_radix_butterfly.x1_q_ext\[1\],60.58µm
_04045_,60.53µm
_05194_,60.53µm
_05562_,60.53µm
output_left\[4\],60.53µm
_05106_,60.48µm
_05520_,60.48µm
_05890_,60.48µm
_07942_,60.48µm
_02280_,60.12µm
_02034_,60.07µm
_04506_,60.02µm
_04640_,60.02µm
_06193_,60.02µm
u_transform_scheduler_core.dft12_sent_uop,60.02µm
u_transform_scheduler_core.u_mixed_radix_butterfly.low_rr_reg\[16\],60.02µm
u_transform_scheduler_core.u_mixed_radix_butterfly.x2_q_ext\[6\],60.02µm
_02298_,59.97µm
_03606_,59.97µm
_06183_,59.97µm
_07594_,59.97µm
u_transform_scheduler_core.dft12_ram_q\[10\]\[7\],59.97µm
u_transform_scheduler_core.fifo_x0_i\[0\]\[5\],59.97µm
_04541_,59.92µm
_04725_,59.92µm
_07605_,59.92µm
_04574_,59.51µm
_08204_,59.51µm
_07225_,59.46µm
_08856_,59.46µm
u_transform_scheduler_core.dft12_ram_i\[8\]\[11\],59.46µm
u_transform_scheduler_core.u_mixed_radix_butterfly.x1_q_ext\[7\],59.46µm
_02223_,59.41µm
_05047_,59.41µm
_06451_,59.41µm
_08644_,59.41µm
u_transform_scheduler_core.mod_diag_addr1\[1\],59.41µm
u_transform_scheduler_core.u_mixed_radix_butterfly.multiply_phase\[2\],59.41µm
_02840_,59.36µm
_06727_,59.36µm
u_transform_scheduler_core.dft12_ram_i\[8\]\[9\],59.36µm
u_transform_scheduler_core.dft12_ram_q\[11\]\[15\],59.36µm
u_transform_scheduler_core.dft12_ram_q\[3\]\[11\],59.36µm
_03914_,59.05µm
u_transform_scheduler_core.u_mixed_radix_butterfly.high_rr_reg\[7\],59µm
_05670_,58.95µm
u_transform_scheduler_core.dft12_ram_i\[2\]\[7\],58.95µm
u_transform_scheduler_core.dft12_ram_q\[11\]\[9\],58.95µm
_04299_,58.9µm
_08816_,58.9µm
u_transform_scheduler_core.dft12_ram_i\[9\]\[12\],58.9µm
u_transform_scheduler_core.dft12_ram_q\[1\]\[15\],58.9µm
_07502_,58.85µm
_07613_,58.85µm
_02473_,58.8µm
_04791_,58.8µm
_06361_,58.8µm
_06702_,58.8µm
_08047_,58.8µm
_08142_,58.49µm
_03729_,58.44µm
u_transform_scheduler_core.dft12_ram_i\[9\]\[8\],58.39µm
u_transform_scheduler_core.dft12_ram_q\[6\]\[0\],58.39µm
u_transform_scheduler_core.u_fft_scratch_sram.state\[2\],58.39µm
_05615_,58.34µm
_08432_,58.34µm
u_transform_scheduler_core.u_mixed_radix_butterfly.x1_i_full,58.34µm
_04449_,58.29µm
u_transform_scheduler_core.dft12_ram_i\[3\]\[0\],58.29µm
u_transform_scheduler_core.u_mixed_radix_butterfly.product_rq_reg\[6\],58.29µm
_02772_,58.24µm
_03444_,58.24µm
_05289_,58.24µm
_07871_,58.24µm
u_transform_scheduler_core.dft12_ram_i\[6\]\[3\],58.24µm
u_transform_scheduler_core.small_sent_twiddle_re,58.01µm
output_left\[0\],57.93µm
u_transform_scheduler_core.dft12_ram_i\[4\]\[2\],57.88µm
u_transform_scheduler_core.u_mixed_radix_butterfly.x1_q_ext\[0\],57.88µm
_05572_,57.83µm
_08398_,57.83µm
u_transform_scheduler_core.u_mixed_radix_butterfly.product_rq_reg\[21\],57.83µm
_02502_,57.78µm
_03686_,57.78µm
_04393_,57.78µm
_08260_,57.78µm
u_transform_scheduler_core.u_mixed_radix_butterfly.low_ii_reg\[15\],57.78µm
_06235_,57.73µm
_07266_,57.73µm
_08736_,57.73µm
u_transform_scheduler_core.result_meta_count\[0\],57.73µm
u_transform_scheduler_core.u_mixed_radix_butterfly.x0_i_ext\[13\],57.73µm
_02629_,57.68µm
_05023_,57.68µm
_07868_,57.68µm
_08784_,57.68µm
u_transform_scheduler_core.mod_diag_X0_i\[2\],57.68µm
u_transform_scheduler_core.small_sent_x1_i,57.68µm
_02512_,57.22µm
_04511_,57.22µm
_06668_,57.22µm
_07551_,57.22µm
_07919_,57.22µm
_08168_,57.22µm
u_transform_scheduler_core.dft12_ram_i\[9\]\[9\],57.22µm
u_transform_scheduler_core.u_fdiq_output_adapter.sample_i_reg\[11\],57.22µm
u_transform_scheduler_core.dft12_ram_q\[5\]\[3\],57.21µm
_07937_,57.17µm
u_transform_scheduler_core.dft12_ram_q\[2\]\[0\],57.17µm
_02244_,57.12µm
_05855_,57.12µm
_06601_,57.12µm
_06659_,57.12µm
_07367_,57.12µm
_08362_,56.89µm
u_transform_scheduler_core.dft12_ram_q\[1\]\[0\],56.71µm
u_transform_scheduler_core.dft12_ram_q\[6\]\[3\],56.71µm
_02725_,56.66µm
_04519_,56.66µm
_05177_,56.66µm
u_transform_scheduler_core.dft12_ram_i\[11\]\[13\],56.66µm
u_transform_scheduler_core.dft12_ram_q\[1\]\[10\],56.66µm
u_transform_scheduler_core.rx_dft12_index\[1\],56.66µm
_02199_,56.61µm
_04317_,56.61µm
_06755_,56.61µm
_07147_,56.61µm
_07325_,56.61µm
_08861_,56.61µm
u_transform_scheduler_core.dft12_ram_q\[4\]\[3\],56.61µm
_06813_,56.56µm
u_transform_scheduler_core.dft12_ram_i\[2\]\[14\],56.15µm
u_transform_scheduler_core.u_fdiq_input_adapter.input_sample_index\[1\],56.15µm
u_transform_scheduler_core.u_mixed_radix_butterfly.combine_stage_valid,56.15µm
_02516_,56.1µm
u_transform_scheduler_core.dft12_ram_i\[6\]\[0\],56.1µm
u_transform_scheduler_core.dft12_ram_i\[9\]\[6\],56.1µm
u_transform_scheduler_core.dft12_ram_q\[3\]\[1\],56.1µm
_02492_,56.05µm
_07601_,56.05µm
u_transform_scheduler_core.mod_diag_X1_q\[14\],56.05µm
u_transform_scheduler_core.u_mixed_radix_butterfly.x2_i_ext\[3\],56.05µm
_04153_,56µm
_08490_,56µm
_03948_,55.77µm
u_transform_scheduler_core.dft12_ram_q\[4\]\[11\],55.64µm
u_transform_scheduler_core.mod_diag_X0_q\[9\],55.64µm
_02457_,55.59µm
_04685_,55.59µm
u_transform_scheduler_core.dft12_ram_q\[6\]\[13\],55.59µm
_04368_,55.54µm
_07632_,55.54µm
_07765_,55.54µm
u_transform_scheduler_core.dft12_ram_i\[4\]\[15\],55.54µm
u_transform_scheduler_core.u_mixed_radix_butterfly.twiddle_re_reg\[5\],55.54µm
_00407_,55.49µm
_06807_,55.49µm
_07622_,55.49µm
u_transform_scheduler_core.u_fdiq_output_adapter.sample_i_reg\[12\],55.49µm
_02376_,55.44µm
_03464_,55.44µm
_04769_,55.44µm
_05943_,55.44µm
_08804_,55.44µm
u_transform_scheduler_core.dft12_ram_i\[11\]\[4\],55.08µm
u_transform_scheduler_core.u_mixed_radix_butterfly.x1_q_ext\[10\],55.08µm
_03952_,55.03µm
u_transform_scheduler_core.dft12_ram_q\[10\]\[11\],55.03µm
_04051_,54.98µm
_04484_,54.98µm
_07619_,54.98µm
u_transform_scheduler_core.dft12_ram_q\[6\]\[15\],54.98µm
_04062_,54.93µm
_07816_,54.93µm
_07846_,54.93µm
_07863_,54.93µm
_08140_,54.93µm
_08310_,54.93µm
_04149_,54.88µm
u_transform_scheduler_core.dft12_ram_i\[1\]\[10\],54.47µm
u_transform_scheduler_core.dft12_ram_i\[4\]\[0\],54.47µm
u_transform_scheduler_core.dft12_ram_i\[8\]\[8\],54.47µm
_04544_,54.43µm
_03631_,54.42µm
_04816_,54.42µm
_08447_,54.42µm
u_transform_scheduler_core.dft12_ram_i\[2\]\[9\],54.42µm
u_transform_scheduler_core.dft12_ram_i\[4\]\[6\],54.42µm
u_transform_scheduler_core.ofdm_mem_addr\[5\],54.42µm
u_transform_scheduler_core.u_subcarrier_mapper.clear_phase,54.42µm
_02731_,54.37µm
_03231_,54.37µm
debug_read_latch\[14\],54.37µm
u_transform_scheduler_core.dft12_ram_q\[3\]\[12\],54.37µm
u_transform_scheduler_core.u_mixed_radix_butterfly.product_iq_reg\[0\],54.37µm
_06056_,54.32µm
_06766_,54.32µm
u_transform_scheduler_core.tx_dft12_hold_i\[1\]\[6\],54.32µm
u_transform_scheduler_core.dft12_ram_i\[5\]\[15\],54.01µm
u_transform_scheduler_core.dft12_ram_q\[1\]\[13\],53.91µm
u_transform_scheduler_core.dft12_ram_q\[4\]\[9\],53.91µm
u_transform_scheduler_core.u_mixed_radix_butterfly.x2_q_ext\[8\],53.91µm
_04521_,53.86µm
_06705_,53.86µm
_07403_,53.86µm
u_transform_scheduler_core.dft12_ram_i\[7\]\[10\],53.86µm
u_transform_scheduler_core.dft12_ram_q\[8\]\[11\],53.86µm
u_transform_scheduler_core.u_mixed_radix_butterfly.combine_x0_q_reg\[8\],53.86µm
u_transform_scheduler_core.u_mixed_radix_butterfly.x1_q_ext\[14\],53.86µm
_02245_,53.81µm
_03748_,53.81µm
_04614_,53.81µm
_05233_,53.81µm
_07007_,53.81µm
_08859_,53.81µm
_08876_,53.81µm
_09051_,53.81µm
u_serializer.byte_index\[2\],53.81µm
u_transform_scheduler_core.dft12_ram_q\[3\]\[2\],53.81µm
u_transform_scheduler_core.u_mixed_radix_butterfly.arithmetic_x0_q_reg\[6\],53.81µm
_03316_,53.76µm
_07309_,53.76µm
u_transform_scheduler_core.fifo_x1_i\[0\]\[4\],53.76µm
top_state\[10\],53.5µm
u_transform_scheduler_core.dft12_ram_i\[11\]\[1\],53.4µm
u_transform_scheduler_core.dft12_ram_i\[6\]\[6\],53.4µm
u_transform_scheduler_core.u_mixed_radix_butterfly.x1_i_ext\[15\],53.4µm
_02195_,53.3µm
_04096_,53.3µm
_05420_,53.3µm
_05529_,53.3µm
_07591_,53.3µm
_08165_,53.3µm
u_transform_scheduler_core.dft12_ram_i\[6\]\[9\],53.3µm
_02175_,53.25µm
_02185_,53.25µm
_02529_,53.25µm
_02738_,53.25µm
_07616_,53.25µm
_07761_,53.25µm
u_transform_scheduler_core.mod_diag_X1_q\[2\],53.25µm
u_transform_scheduler_core.u_mixed_radix_butterfly.x1_q_ext\[8\],53.25µm
_02123_,53.2µm
_05940_,53.2µm
_03985_,53.07µm
_04989_,52.79µm
u_transform_scheduler_core.dft12_ram_q\[7\]\[2\],52.79µm
u_transform_scheduler_core.u_mixed_radix_butterfly.product_iq_reg\[15\],52.79µm
_07674_,52.74µm
_08680_,52.74µm
_08980_,52.74µm
u_transform_scheduler_core.dft12_ram_i\[6\]\[11\],52.74µm
u_transform_scheduler_core.u_tdiq_input_cp_remove.input_sample_index\[2\],52.74µm
_02532_,52.69µm
_05348_,52.69µm
_06365_,52.69µm
u_transform_scheduler_core.mod_diag_X0_i\[15\],52.69µm
_03327_,52.64µm
_03399_,52.64µm
_05043_,52.64µm
_05213_,52.64µm
_04350_,52.36µm
u_transform_scheduler_core.dft12_ram_i\[9\]\[5\],52.33µm
u_transform_scheduler_core.small_inflight_count\[0\],52.33µm
_07963_,52.23µm
u_transform_scheduler_core.dft12_ram_i\[9\]\[15\],52.23µm
u_transform_scheduler_core.u_mixed_radix_butterfly.product_iq_reg\[13\],52.23µm
_02344_,52.18µm
_02467_,52.18µm
_04333_,52.18µm
_08868_,52.18µm
u_transform_scheduler_core.mod_diag_X1_q\[3\],52.18µm
u_transform_scheduler_core.small_inflight_count\[1\],52.18µm
u_transform_scheduler_core.tx_sample_i\[10\],52.18µm
_02288_,52.13µm
_02510_,52.13µm
_06531_,52.13µm
u_transform_scheduler_core.dft12_ram_q\[4\]\[6\],52.13µm
u_transform_scheduler_core.u_mixed_radix_butterfly.twiddle_re_reg\[1\],52.13µm
_05802_,52.08µm
_06410_,52.08µm
u_transform_scheduler_core.dft12_ram_i\[3\]\[10\],52.08µm
_08720_,51.8µm
u_transform_scheduler_core.dft12_ram_q\[2\]\[3\],51.72µm
_07806_,51.67µm
_08938_,51.67µm
u_transform_scheduler_core.dft12_ram_q\[5\]\[11\],51.67µm
_02228_,51.62µm
_02661_,51.62µm
u_transform_scheduler_core.dft12_ram_i\[10\]\[1\],51.62µm
u_transform_scheduler_core.dft12_ram_i\[6\]\[12\],51.62µm
_03633_,51.58µm
_00064_,51.57µm
_04058_,51.52µm
_04425_,51.52µm
_04911_,51.52µm
_07545_,51.52µm
_07695_,51.52µm
u_transform_scheduler_core.tx_sample_q\[2\],51.52µm
u_transform_scheduler_core.u_tdiq_input_cp_remove.input_sample_index\[6\],51.52µm
u_transform_scheduler_core.mod_diag_X1_i\[4\],51.29µm
_04132_,51.21µm
_04958_,51.16µm
_04388_,51.11µm
u_transform_scheduler_core.dft12_ram_i\[4\]\[4\],51.11µm
u_transform_scheduler_core.u_tdiq_input_cp_remove.useful_sample_index\[4\],51.11µm
_07447_,51.06µm
_07620_,51.06µm
_07680_,51.06µm
u_transform_scheduler_core.dft12_ram_q\[8\]\[9\],51.06µm
u_transform_scheduler_core.result_meta_read_pointer\[0\],51.06µm
_03485_,51.01µm
u_transform_scheduler_core.dft12_ram_q\[10\]\[9\],51.01µm
u_transform_scheduler_core.dft12_ram_q\[7\]\[9\],51.01µm
u_transform_scheduler_core.mod_diag_X1_i\[7\],51.01µm
_02456_,50.96µm
_04055_,50.96µm
_04551_,50.96µm
_05780_,50.96µm
_06446_,50.96µm
_06611_,50.96µm
_07279_,50.96µm
_04214_,50.55µm
_08150_,50.55µm
_08327_,50.55µm
u_transform_scheduler_core.u_mixed_radix_butterfly.x1_q_ext\[3\],50.55µm
_04439_,50.5µm
_05334_,50.5µm
_07938_,50.5µm
_08104_,50.5µm
_08925_,50.5µm
u_transform_scheduler_core.u_fdiq_output_adapter.sample_q_reg\[4\],50.5µm
_04303_,50.45µm
_04840_,50.45µm
_08393_,50.45µm
_03307_,50.4µm
_04720_,50.4µm
u_transform_scheduler_core.dft12_ram_i\[2\]\[12\],50.09µm
u_transform_scheduler_core.dft12_ram_i\[9\]\[13\],50.04µm
_04588_,49.99µm
_07476_,49.99µm
u_transform_scheduler_core.mod_diag_X0_i\[3\],49.99µm
_03719_,49.94µm
_04625_,49.94µm
u_transform_scheduler_core.dft12_ram_q\[1\]\[6\],49.94µm
u_transform_scheduler_core.u_mixed_radix_butterfly.product_rq_reg\[20\],49.94µm
_04464_,49.89µm
_04829_,49.89µm
_06794_,49.89µm
_07283_,49.89µm
_07634_,49.89µm
_07955_,49.89µm
_08107_,49.89µm
_08292_,49.89µm
u_transform_scheduler_core.dft12_ram_i\[0\]\[1\],49.89µm
u_transform_scheduler_core.dft12_ram_q\[3\]\[10\],49.89µm
_02849_,49.84µm
_06956_,49.84µm
u_transform_scheduler_core.mod_diag_addr0\[0\],49.84µm
u_transform_scheduler_core.u_mixed_radix_butterfly.premultiply_half_sum_i_reg\[0\],49.84µm
_06239_,49.53µm
u_transform_scheduler_core.u_mixed_radix_butterfly.product_rq_reg\[10\],49.53µm
_03560_,49.48µm
output_left\[5\],49.48µm
u_transform_scheduler_core.u_tdiq_output_cp_insert.requests_left\[0\],49.48µm
u_transform_scheduler_core.dft12_ram_i\[4\]\[10\],49.43µm
u_transform_scheduler_core.u_fft128_modulo_controller.result_group\[2\],49.43µm
u_transform_scheduler_core.u_tdiq_output_cp_insert.responses_left\[4\],49.43µm
_06201_,49.38µm
u_transform_scheduler_core.dft12_ram_i\[10\]\[9\],49.38µm
u_transform_scheduler_core.dft12_ram_q\[8\]\[14\],49.38µm
u_transform_scheduler_core.u_fdiq_output_adapter.sample_i_reg\[2\],49.38µm
u_transform_scheduler_core.u_fft_scratch_sram.saved_wdata\[30\],49.38µm
_04537_,49.33µm
_08128_,49.33µm
u_transform_scheduler_core.dft12_ram_q\[10\]\[6\],49.33µm
u_transform_scheduler_core.tx_capture_busy,49.33µm
u_transform_scheduler_core.u_mixed_radix_butterfly.high_rr_reg\[8\],49.33µm
u_transform_scheduler_core.u_mixed_radix_butterfly.product_rq_reg\[3\],49.33µm
_03345_,49.28µm
_03426_,49.28µm
_04175_,49.28µm
_05496_,49.28µm
_06637_,49.28µm
_07350_,49.28µm
_07644_,49.28µm
_08462_,49.28µm
_09029_,49.28µm
u_transform_scheduler_core.u_mixed_radix_butterfly.product_rq_reg\[0\],49.28µm
u_transform_scheduler_core.u_mixed_radix_butterfly.low_rq_reg\[13\],48.92µm
u_transform_scheduler_core.mod_diag_X1_q\[6\],48.87µm
_04432_,48.82µm
u_transform_scheduler_core.dft12_ram_q\[0\]\[0\],48.82µm
u_transform_scheduler_core.u_mixed_radix_butterfly.high_rq_reg\[1\],48.82µm
u_transform_scheduler_core.u_mixed_radix_butterfly.high_rq_reg\[2\],48.82µm
_01806_,48.77µm
_03302_,48.77µm
_07558_,48.77µm
_08998_,48.77µm
u_transform_scheduler_core.dft12_ram_i\[10\]\[3\],48.77µm
u_transform_scheduler_core.dft12_ram_q\[1\]\[4\],48.77µm
u_transform_scheduler_core.u_mixed_radix_butterfly.product_ii_reg\[3\],48.77µm
_04775_,48.72µm
_05625_,48.72µm
_07143_,48.72µm
_07660_,48.72µm
u_transform_scheduler_core.u_fft128_modulo_controller.read_return_count\[0\],48.46µm
_03945_,48.36µm
u_transform_scheduler_core.u_mixed_radix_butterfly.final_scalar_product_reg\[7\],48.36µm
_04592_,48.31µm
_07951_,48.31µm
u_transform_scheduler_core.dft12_ram_i\[1\]\[1\],48.31µm
u_transform_scheduler_core.dft12_ram_i\[8\]\[2\],48.31µm
u_transform_scheduler_core.mod_diag_X1_q\[12\],48.31µm
u_transform_scheduler_core.u_fft128_modulo_controller.fetch_x1_i\[3\],48.31µm
_02169_,48.26µm
_08364_,48.26µm
_08685_,48.26µm
u_transform_scheduler_core.dft12_ram_i\[0\]\[13\],48.26µm
u_transform_scheduler_core.dft12_ram_i\[10\]\[0\],48.26µm
u_transform_scheduler_core.dft12_ram_i\[1\]\[8\],48.26µm
u_transform_scheduler_core.ofdm_mem_addr\[6\],48.26µm
u_transform_scheduler_core.u_mixed_radix_butterfly.arithmetic_x0_i_reg\[5\],48.26µm
_02338_,48.21µm
_02739_,48.21µm
_04220_,48.21µm
_06315_,48.21µm
_07657_,48.21µm
_08344_,48.21µm
_08416_,48.21µm
u_transform_scheduler_core.u_fdiq_output_adapter.sample_q_reg\[14\],48.21µm
u_transform_scheduler_core.u_fft_scratch_sram.saved_wdata\[28\],48.21µm
_02437_,48.16µm
_05951_,48.16µm
u_transform_scheduler_core.tx_dft12_hold_q\[2\]\[4\],48.16µm
u_transform_scheduler_core.u_mixed_radix_butterfly.low_ii_reg\[8\],48.16µm
_04320_,47.93µm
_04047_,47.75µm
_08219_,47.75µm
u_transform_scheduler_core.dft12_ram_q\[8\]\[6\],47.75µm
u_transform_scheduler_core.dft12_ram_q\[9\]\[8\],47.75µm
_07418_,47.7µm
_08316_,47.7µm
_09001_,47.7µm
output_left\[3\],47.7µm
u_transform_scheduler_core.dft12_ram_i\[11\]\[8\],47.7µm
u_transform_scheduler_core.dft12_ram_i\[8\]\[13\],47.7µm
u_transform_scheduler_core.ofdm_mem_addr\[4\],47.7µm
u_transform_scheduler_core.u_mixed_radix_butterfly.combine_uop_reg\[0\],47.7µm
_02013_,47.65µm
_02146_,47.65µm
_03882_,47.65µm
_03915_,47.65µm
_04178_,47.65µm
_08578_,47.65µm
u_transform_scheduler_core.dft12_ram_i\[6\]\[8\],47.65µm
u_transform_scheduler_core.dft12_ram_i\[8\]\[3\],47.65µm
u_transform_scheduler_core.dft12_ram_q\[9\]\[4\],47.65µm
u_transform_scheduler_core.tx_mem_addr\[4\],47.65µm
u_transform_scheduler_core.u_fft_scratch_sram.saved_wdata\[21\],47.65µm
_02161_,47.6µm
_04257_,47.6µm
_05786_,47.6µm
_05810_,47.6µm
_07246_,47.6µm
u_transform_scheduler_core.u_fft_scratch_sram.u_lo.macro_addr\[3\],47.51µm
debug_read_latch\[9\],47.19µm
u_transform_scheduler_core.dft12_ram_i\[1\]\[15\],47.19µm
u_transform_scheduler_core.dft12_ram_i\[3\]\[12\],47.19µm
_04075_,47.14µm
_04879_,47.14µm
u_transform_scheduler_core.dft12_ram_q\[0\]\[14\],47.14µm
u_transform_scheduler_core.u_fdiq_output_adapter.sample_q_reg\[15\],47.14µm
u_transform_scheduler_core.u_mixed_radix_butterfly.twiddle_re_reg\[7\],47.14µm
u_transform_scheduler_core.u_mixed_radix_butterfly.x1_q_ext\[4\],47.14µm
_02231_,47.09µm
_02842_,47.09µm
_03991_,47.09µm
_05021_,47.09µm
_08389_,47.09µm
u_transform_scheduler_core.dft12_ram_q\[11\]\[6\],47.09µm
u_transform_scheduler_core.u_mixed_radix_butterfly.premultiply_input_q_reg\[8\],47.09µm
_06860_,47.04µm
_07102_,47.04µm
_08390_,47.04µm
_09037_,47.04µm
u_transform_scheduler_core.u_mixed_radix_butterfly.uop_reg\[0\],46.68µm
_02352_,46.63µm
u_transform_scheduler_core.dft12_ram_i\[3\]\[15\],46.63µm
u_transform_scheduler_core.dft12_ram_q\[4\]\[14\],46.63µm
_04057_,46.58µm
_07475_,46.58µm
u_transform_scheduler_core.dft12_ram_i\[4\]\[13\],46.58µm
u_transform_scheduler_core.dft12_ram_i\[9\]\[4\],46.58µm
u_transform_scheduler_core.dft12_ram_q\[1\]\[1\],46.58µm
u_transform_scheduler_core.dft12_ram_q\[1\]\[3\],46.58µm
u_transform_scheduler_core.dft12_ram_q\[3\]\[0\],46.58µm
u_transform_scheduler_core.dft12_ram_q\[4\]\[10\],46.58µm
u_transform_scheduler_core.u_fft128_modulo_controller.read_return_count\[2\],46.58µm
u_transform_scheduler_core.u_mixed_radix_butterfly.arithmetic_half_sum_q_reg\[5\],46.58µm
u_transform_scheduler_core.u_mixed_radix_butterfly.high_iq_reg\[5\],46.58µm
u_transform_scheduler_core.u_mixed_radix_butterfly.x0_q_ext\[15\],46.58µm
_02006_,46.53µm
_02474_,46.53µm
_05912_,46.53µm
_08282_,46.53µm
_08320_,46.53µm
u_transform_scheduler_core.dft12_ram_i\[0\]\[3\],46.53µm
u_transform_scheduler_core.dft12_ram_i\[8\]\[5\],46.53µm
u_transform_scheduler_core.fifo_x2_q\[0\]\[1\],46.53µm
_02168_,46.48µm
_03290_,46.48µm
_03364_,46.48µm
_03685_,46.48µm
_04263_,46.48µm
_05638_,46.48µm
_07527_,46.48µm
_07895_,46.48µm
u_transform_scheduler_core.u_subcarrier_mapper.clear_index\[1\],46.48µm
_02503_,46.3µm
u_transform_scheduler_core.dft12_ram_i\[6\]\[7\],46.12µm
_03950_,46.07µm
u_transform_scheduler_core.u_mixed_radix_butterfly.product_ii_reg\[12\],46.07µm
_07667_,46.02µm
u_transform_scheduler_core.dft12_ram_q\[7\]\[7\],46.02µm
u_transform_scheduler_core.mod_diag_X0_q\[1\],46.02µm
u_transform_scheduler_core.u_fft128_modulo_controller.fetch_x1_q\[5\],46.02µm
_02086_,45.97µm
_02190_,45.97µm
_03604_,45.97µm
_07344_,45.97µm
_08808_,45.97µm
u_transform_scheduler_core.ofdm_mem_addr\[0\],45.97µm
u_transform_scheduler_core.u_mixed_radix_butterfly.high_rq_reg\[3\],45.97µm
_02466_,45.92µm
_03499_,45.92µm
_04688_,45.92µm
_05516_,45.92µm
_06192_,45.92µm
_07399_,45.92µm
_08289_,45.92µm
_08669_,45.92µm
_08670_,45.92µm
_08728_,45.92µm
_08801_,45.92µm
_09013_,45.92µm
_04819_,45.51µm
_08391_,45.51µm
u_transform_scheduler_core.dft12_ram_i\[11\]\[9\],45.51µm
u_transform_scheduler_core.u_mixed_radix_butterfly.x2_q_ext\[7\],45.51µm
_04629_,45.46µm
_07275_,45.46µm
_08221_,45.46µm
_08352_,45.46µm
u_transform_scheduler_core.dft12_ram_i\[10\]\[13\],45.46µm
u_transform_scheduler_core.dft12_ram_i\[11\]\[10\],45.46µm
u_transform_scheduler_core.dft12_state\[3\],45.46µm
u_transform_scheduler_core.ofdm_sample_index\[4\],45.46µm
u_transform_scheduler_core.u_mixed_radix_butterfly.x2_i_ext\[6\],45.46µm
_03689_,45.41µm
_07148_,45.41µm
_07959_,45.41µm
input_left\[4\],45.41µm
u_transform_scheduler_core.dft12_ram_q\[3\]\[13\],45.41µm
_04585_,45.36µm
_05139_,45.36µm
_05297_,45.36µm
_06041_,45.36µm
_06691_,45.36µm
_07742_,45.36µm
_09025_,45.36µm
u_transform_scheduler_core.u_fft128_modulo_controller.fetch_x1_q\[13\],45.05µm
u_transform_scheduler_core.u_mixed_radix_butterfly.high_rq_reg\[9\],45µm
_03614_,44.95µm
_02724_,44.9µm
_03554_,44.9µm
_03977_,44.9µm
_08354_,44.9µm
u_transform_scheduler_core.dft12_ram_i\[11\]\[12\],44.9µm
u_transform_scheduler_core.u_fft128_modulo_controller.fetch_x1_i\[8\],44.9µm
_02158_,44.85µm
u_transform_scheduler_core.dft12_ram_q\[3\]\[8\],44.85µm
u_transform_scheduler_core.dft12_ram_q\[6\]\[7\],44.85µm
u_transform_scheduler_core.u_mixed_radix_butterfly.arithmetic_x0_i_reg\[0\],44.85µm
u_transform_scheduler_core.u_mixed_radix_butterfly.premultiply_half_sum_i_reg\[13\],44.85µm
u_transform_scheduler_core.u_mixed_radix_butterfly.product_rq_reg\[5\],44.85µm
_02015_,44.8µm
_03706_,44.8µm
_05761_,44.8µm
_06821_,44.8µm
u_transform_scheduler_core.u_mixed_radix_butterfly.product_ii_reg\[13\],44.8µm
_08674_,44.52µm
_04077_,44.44µm
_05613_,44.44µm
_03583_,44.34µm
_03595_,44.34µm
_07828_,44.34µm
_07926_,44.34µm
_08000_,44.34µm
_09043_,44.34µm
u_transform_scheduler_core.dft12_ram_i\[9\]\[1\],44.34µm
u_transform_scheduler_core.dft12_ram_q\[11\]\[5\],44.34µm
u_transform_scheduler_core.dft12_ram_q\[9\]\[10\],44.34µm
u_transform_scheduler_core.u_tdiq_input_cp_remove.expect_q,44.34µm
_05319_,44.29µm
_05716_,44.29µm
_07977_,44.29µm
_08905_,44.29µm
u_transform_scheduler_core.dft12_ram_q\[8\]\[1\],44.29µm
u_transform_scheduler_core.u_mixed_radix_butterfly.product_iq_reg\[1\],44.29µm
u_transform_scheduler_core.u_mixed_radix_butterfly.x1_i_ext\[11\],44.29µm
_04520_,44.24µm
_04582_,44.24µm
_04741_,44.24µm
_04883_,44.24µm
_05340_,44.24µm
_06284_,44.24µm
_06652_,44.24µm
_07869_,44.24µm
_08054_,44.24µm
_08995_,44.24µm
u_transform_scheduler_core.u_mixed_radix_butterfly.low_rq_reg\[14\],43.88µm
u_transform_scheduler_core.dft12_ram_i\[0\]\[6\],43.83µm
u_transform_scheduler_core.dft12_ram_i\[11\]\[14\],43.83µm
u_transform_scheduler_core.dft12_ram_i\[2\]\[13\],43.83µm
u_transform_scheduler_core.mod_diag_X0_q\[14\],43.83µm
u_transform_scheduler_core.u_mixed_radix_butterfly.high_rq_reg\[7\],43.83µm
_08212_,43.78µm
debug_read_latch\[11\],43.78µm
u_transform_scheduler_core.dft12_ram_i\[6\]\[13\],43.78µm
u_transform_scheduler_core.dft12_ram_q\[3\]\[14\],43.78µm
u_transform_scheduler_core.dft12_ram_q\[8\]\[4\],43.78µm
u_transform_scheduler_core.u_mixed_radix_butterfly.product_rq_reg\[11\],43.78µm
_03864_,43.73µm
_04779_,43.73µm
_04934_,43.73µm
_05743_,43.73µm
_06763_,43.73µm
u_transform_scheduler_core.mod_diag_X0_q\[0\],43.73µm
_03349_,43.68µm
_05140_,43.68µm
_07194_,43.68µm
_08852_,43.68µm
_03766_,43.27µm
_08312_,43.22µm
u_transform_scheduler_core.dft12_ram_i\[4\]\[3\],43.22µm
u_transform_scheduler_core.dft12_ram_q\[11\]\[13\],43.22µm
u_transform_scheduler_core.u_mixed_radix_butterfly.high_rr_reg\[1\],43.22µm
u_transform_scheduler_core.u_mixed_radix_butterfly.product_iq_reg\[11\],43.22µm
u_transform_scheduler_core.u_mixed_radix_butterfly.product_iq_reg\[18\],43.22µm
_02192_,43.17µm
_07874_,43.17µm
_08177_,43.17µm
input_left\[5\],43.17µm
u_transform_scheduler_core.dft12_ram_i\[7\]\[13\],43.17µm
_02068_,43.12µm
_02143_,43.12µm
_04140_,43.12µm
_04907_,43.12µm
_05076_,43.12µm
_06299_,43.12µm
_08786_,43.12µm
_09008_,43.12µm
debug_read_latch\[10\],43.12µm
u_transform_scheduler_core.u_mixed_radix_butterfly.arithmetic_half_sum_q_reg\[0\],43.12µm
_03973_,42.66µm
_04059_,42.66µm
_06303_,42.66µm
_07647_,42.66µm
_08218_,42.66µm
u_transform_scheduler_core.dft12_ram_i\[1\]\[13\],42.66µm
u_transform_scheduler_core.dft12_ram_q\[4\]\[12\],42.66µm
u_transform_scheduler_core.dft12_ram_q\[7\]\[15\],42.66µm
u_transform_scheduler_core.fft_mem_rdata\[13\],42.66µm
_02224_,42.61µm
_04554_,42.61µm
_05242_,42.61µm
_05259_,42.61µm
_07573_,42.61µm
_08239_,42.61µm
_08616_,42.61µm
debug_wdata\[8\],42.61µm
output_left\[2\],42.61µm
u_transform_scheduler_core.u_fft128_modulo_controller.fetch_x1_q\[10\],42.61µm
u_transform_scheduler_core.u_mixed_radix_butterfly.premultiply_twiddle_im_reg\[2\],42.61µm
u_transform_scheduler_core.u_mixed_radix_butterfly.product_rr_reg\[10\],42.61µm
u_transform_scheduler_core.u_mixed_radix_butterfly.product_rr_reg\[13\],42.61µm
_04219_,42.56µm
_06393_,42.56µm
_07908_,42.56µm
_07917_,42.56µm
_07945_,42.56µm
u_transform_scheduler_core.dft12_ram_q\[9\]\[11\],42.25µm
u_transform_scheduler_core.dft12_ram_i\[9\]\[3\],42.2µm
u_transform_scheduler_core.ofdm_mem_addr\[3\],42.2µm
_03898_,42.15µm
_03930_,42.15µm
u_transform_scheduler_core.dft12_ram_q\[5\]\[0\],42.15µm
u_transform_scheduler_core.dft12_ram_q\[9\]\[13\],42.15µm
_04306_,42.1µm
_04756_,42.1µm
_05573_,42.1µm
_07425_,42.1µm
u_transform_scheduler_core.dft12_ram_q\[3\]\[9\],42.1µm
_04028_,42.05µm
_04060_,42.05µm
_05129_,42.05µm
_06213_,42.05µm
_07489_,42.05µm
_07536_,42.05µm
_07583_,42.05µm
_08005_,42.05µm
_08659_,42.05µm
u_transform_scheduler_core.dft12_ram_q\[9\]\[14\],42.05µm
u_transform_scheduler_core.mod_diag_X0_i\[8\],42.05µm
u_transform_scheduler_core.tx_sample_i\[6\],42.05µm
u_transform_scheduler_core.u_mixed_radix_butterfly.product_rr_reg\[17\],42.05µm
_03941_,42µm
_06998_,42µm
_08366_,42µm
_08926_,41.64µm
u_transform_scheduler_core.u_tdiq_input_cp_remove.useful_sample_index\[3\],41.64µm
_06750_,41.59µm
_07658_,41.59µm
_07701_,41.59µm
u_transform_scheduler_core.dft12_ram_q\[8\]\[15\],41.59µm
u_transform_scheduler_core.rx_state\[12\],41.59µm
u_transform_scheduler_core.u_fft128_modulo_controller.fetch_x1_q\[11\],41.59µm
u_transform_scheduler_core.u_mixed_radix_butterfly.low_iq_reg\[10\],41.59µm
u_transform_scheduler_core.u_mixed_radix_butterfly.x2_q_ext\[10\],41.59µm
_07428_,41.54µm
_08052_,41.54µm
debug_addr\[3\],41.54µm
debug_write,41.54µm
u_transform_scheduler_core.dft12_ram_i\[7\]\[4\],41.54µm
u_transform_scheduler_core.dft12_ram_q\[0\]\[11\],41.54µm
u_transform_scheduler_core.dft12_ram_q\[6\]\[1\],41.54µm
u_transform_scheduler_core.fft_mem_rdata\[8\],41.54µm
u_transform_scheduler_core.u_fdiq_output_adapter.sample_q_reg\[7\],41.54µm
u_transform_scheduler_core.u_mixed_radix_butterfly.high_iq_reg\[3\],41.54µm
u_transform_scheduler_core.u_mixed_radix_butterfly.x2_q_ext\[4\],41.54µm
_02285_,41.49µm
_03772_,41.49µm
_04243_,41.49µm
_06177_,41.49µm
_07377_,41.49µm
_07381_,41.49µm
_07996_,41.49µm
_08044_,41.49µm
_08305_,41.49µm
_08505_,41.49µm
u_transform_scheduler_core.u_mixed_radix_butterfly.final_scalar_product_reg\[2\],41.49µm
u_transform_scheduler_core.u_mixed_radix_butterfly.final_scalar_product_reg\[4\],41.49µm
u_transform_scheduler_core.u_mixed_radix_butterfly.high_rr_reg\[4\],41.49µm
u_transform_scheduler_core.u_mixed_radix_butterfly.low_rr_reg\[13\],41.49µm
_04805_,41.44µm
_05456_,41.44µm
_05470_,41.44µm
_06844_,41.44µm
u_transform_scheduler_core.u_mixed_radix_butterfly.product_rr_reg\[12\],41.44µm
_05991_,41.38µm
_03929_,41.03µm
_07556_,41.03µm
u_transform_scheduler_core.dft12_ram_q\[4\]\[4\],41.03µm
u_transform_scheduler_core.u_mixed_radix_butterfly.x2_q_ext\[9\],41.03µm
_02229_,40.98µm
_08988_,40.98µm
u_transform_scheduler_core.dft12_ram_i\[0\]\[14\],40.98µm
u_transform_scheduler_core.dft12_ram_q\[6\]\[10\],40.98µm
u_transform_scheduler_core.rx_state\[11\],40.98µm
u_transform_scheduler_core.u_fft128_modulo_controller.fetch_group\[4\],40.98µm
u_transform_scheduler_core.u_tdiq_input_cp_remove.input_sample_index\[0\],40.98µm
_03867_,40.93µm
_05148_,40.93µm
_06228_,40.93µm
u_transform_scheduler_core.dft12_ram_i\[6\]\[15\],40.93µm
_05549_,40.88µm
_07162_,40.88µm
_07168_,40.88µm
_07408_,40.88µm
_07984_,40.88µm
_08046_,40.88µm
_08466_,40.88µm
u_transform_scheduler_core.dft12_ram_i\[7\]\[6\],40.88µm
u_transform_scheduler_core.u_fft_scratch_sram.saved_wdata\[24\],40.88µm
_04954_,40.52µm
u_transform_scheduler_core.u_fft128_modulo_controller.fetch_x1_q\[2\],40.52µm
_02038_,40.47µm
_08234_,40.47µm
u_transform_scheduler_core.dft12_ram_i\[8\]\[6\],40.47µm
u_transform_scheduler_core.dft12_ram_q\[1\]\[7\],40.47µm
_02385_,40.42µm
_02519_,40.42µm
_03847_,40.42µm
_07318_,40.42µm
_07469_,40.42µm
_08160_,40.42µm
u_transform_scheduler_core.dft12_ram_q\[4\]\[7\],40.42µm
u_transform_scheduler_core.mod_diag_X1_q\[15\],40.42µm
u_transform_scheduler_core.rx_dft12_index\[0\],40.42µm
_02323_,40.37µm
_05045_,40.37µm
_07081_,40.37µm
_07218_,40.37µm
_07297_,40.37µm
_08628_,40.37µm
_01803_,40.32µm
_04000_,40.32µm
_05427_,40.32µm
_05471_,40.32µm
_08872_,40.32µm
_09050_,40.32µm
u_transform_scheduler_core.u_mixed_radix_butterfly.twiddle_im_reg\[5\],40.32µm
u_transform_scheduler_core.u_mixed_radix_butterfly.product_rq_reg\[13\],40.04µm
u_transform_scheduler_core.u_mixed_radix_butterfly.multiply_phase\[0\],39.96µm
_02392_,39.91µm
_07636_,39.91µm
_07833_,39.91µm
u_transform_scheduler_core.dft12_ram_i\[1\]\[11\],39.91µm
u_transform_scheduler_core.dft12_ram_i\[1\]\[3\],39.91µm
u_transform_scheduler_core.dft12_ram_q\[8\]\[10\],39.91µm
u_transform_scheduler_core.dft12_ram_q\[9\]\[12\],39.91µm
u_transform_scheduler_core.dft12_ram_q\[9\]\[1\],39.91µm
u_transform_scheduler_core.u_fdiq_input_adapter.input_sample_index\[0\],39.91µm
_04613_,39.86µm
_05608_,39.86µm
_06550_,39.86µm
u_transform_scheduler_core.dft12_ram_i\[7\]\[15\],39.86µm
u_transform_scheduler_core.u_fft_scratch_sram.i_half\[0\],39.86µm
u_transform_scheduler_core.u_mixed_radix_butterfly.arithmetic_sum_q_reg\[0\],39.86µm
u_transform_scheduler_core.u_mixed_radix_butterfly.high_iq_reg\[1\],39.86µm
u_transform_scheduler_core.u_mixed_radix_butterfly.x1_i_ext\[2\],39.86µm
u_transform_scheduler_core.u_tdiq_output_cp_insert.responses_left\[8\],39.86µm
_04026_,39.81µm
_04534_,39.81µm
_07285_,39.81µm
_07640_,39.81µm
_08116_,39.81µm
u_transform_scheduler_core.u_fdiq_output_adapter.sample_i_reg\[9\],39.81µm
u_transform_scheduler_core.u_mixed_radix_butterfly.low_rq_reg\[15\],39.81µm
u_transform_scheduler_core.u_mixed_radix_butterfly.low_rr_reg\[9\],39.81µm
u_transform_scheduler_core.u_mixed_radix_butterfly.twiddle_re_reg\[3\],39.81µm
_02005_,39.76µm
_05149_,39.76µm
_05922_,39.76µm
u_transform_scheduler_core.dft12_ram_q\[0\]\[5\],39.76µm
u_transform_scheduler_core.dft12_ram_q\[7\]\[10\],39.76µm
u_transform_scheduler_core.u_mixed_radix_butterfly.arithmetic_half_sum_q_reg\[11\],39.76µm
_04684_,39.35µm
_08751_,39.35µm
u_transform_scheduler_core.dft12_ram_i\[8\]\[7\],39.35µm
u_transform_scheduler_core.mod_diag_X1_i\[15\],39.35µm
u_transform_scheduler_core.u_mixed_radix_butterfly.combine_half_sum_q_reg\[5\],39.35µm
_02276_,39.3µm
u_transform_scheduler_core.u_mixed_radix_butterfly.arithmetic_sum_i_reg\[0\],39.3µm
u_transform_scheduler_core.u_mixed_radix_butterfly.combine_x0_i_reg\[15\],39.3µm
_00635_,39.25µm
_05448_,39.25µm
_06297_,39.25µm
_08666_,39.25µm
u_transform_scheduler_core.dft12_phase_onehot\[1\],39.25µm
u_transform_scheduler_core.dft12_ram_i\[7\]\[2\],39.25µm
u_transform_scheduler_core.dft12_ram_q\[0\]\[13\],39.25µm
u_transform_scheduler_core.dft12_ram_q\[4\]\[5\],39.25µm
u_transform_scheduler_core.u_mixed_radix_butterfly.product_iq_reg\[10\],39.25µm
u_transform_scheduler_core.u_mixed_radix_butterfly.twiddle_re_full,39.25µm
_02001_,39.2µm
u_transform_scheduler_core.u_tdiq_output_cp_insert.requests_left\[1\],38.84µm
_04269_,38.79µm
u_transform_scheduler_core.dft12_ram_i\[6\]\[1\],38.79µm
u_transform_scheduler_core.rx_state\[7\],38.79µm
u_transform_scheduler_core.u_fft128_modulo_controller.fetch_x1_i\[1\],38.79µm
_02389_,38.74µm
_03616_,38.74µm
_07382_,38.74µm
_07508_,38.74µm
debug_read_latch\[7\],38.74µm
u_transform_scheduler_core.u_mixed_radix_butterfly.arithmetic_uop_reg\[1\],38.74µm
u_transform_scheduler_core.u_mixed_radix_butterfly.product_rr_reg\[2\],38.74µm
u_transform_scheduler_core.u_tdiq_input_cp_remove.final_sample_pending,38.74µm
u_transform_scheduler_core.u_tdiq_input_cp_remove.input_sample_index\[4\],38.74µm
u_transform_scheduler_core.u_tdiq_output_cp_insert.requests_left\[4\],38.74µm
_05406_,38.69µm
_07452_,38.69µm
u_transform_scheduler_core.mod_diag_X1_i\[6\],38.69µm
u_transform_scheduler_core.u_fdiq_output_adapter.sample_i_reg\[8\],38.69µm
_01731_,38.64µm
_03097_,38.64µm
_03844_,38.64µm
_04476_,38.64µm
_04633_,38.64µm
_06211_,38.64µm
_07995_,38.64µm
_08509_,38.64µm
u_transform_scheduler_core.dft12_ram_i\[3\]\[5\],38.64µm
u_transform_scheduler_core.result_meta_inverse\[0\]\[0\],38.64µm
u_transform_scheduler_core.u_mixed_radix_butterfly.premultiply_x0_i_reg\[14\],38.64µm
u_transform_scheduler_core.u_mixed_radix_butterfly.x0_i_ext\[2\],38.64µm
u_transform_scheduler_core.u_fft_scratch_sram.u_hi.macro_addr\[1\],38.5µm
u_transform_scheduler_core.dft12_ram_i\[3\]\[8\],38.46µm
_08210_,38.41µm
u_transform_scheduler_core.u_mixed_radix_butterfly.low_rr_reg\[14\],38.33µm
_04248_,38.28µm
u_transform_scheduler_core.dft12_ram_q\[6\]\[9\],38.28µm
_02274_,38.23µm
_04144_,38.23µm
_07621_,38.23µm
u_transform_scheduler_core.u_mixed_radix_butterfly.low_iq_reg\[14\],38.23µm
_04562_,38.18µm
_06210_,38.18µm
_07571_,38.18µm
_07785_,38.18µm
_07845_,38.18µm
_07876_,38.18µm
u_transform_scheduler_core.mod_diag_X0_i\[5\],38.18µm
u_transform_scheduler_core.mod_diag_X0_q\[7\],38.18µm
u_transform_scheduler_core.result_meta_count\[1\],38.18µm
u_transform_scheduler_core.u_mixed_radix_butterfly.arithmetic_x0_q_reg\[14\],38.18µm
u_transform_scheduler_core.u_mixed_radix_butterfly.product_rr_reg\[7\],38.18µm
u_transform_scheduler_core.u_mixed_radix_butterfly.twiddle_im_reg\[4\],38.18µm
_02149_,38.13µm
_04157_,38.13µm
_05394_,38.13µm
_05415_,38.13µm
_05992_,38.13µm
_06329_,38.13µm
_07437_,38.13µm
_07961_,38.13µm
u_transform_scheduler_core.dft12_ram_q\[7\]\[6\],38.13µm
u_transform_scheduler_core.fifo_x0_q\[0\]\[3\],38.13µm
u_transform_scheduler_core.u_fdiq_output_adapter.sample_q_reg\[13\],38.13µm
u_transform_scheduler_core.u_tdiq_input_cp_remove.input_sample_index\[5\],38.13µm
_04722_,38.08µm
_05254_,38.08µm
_05642_,38.08µm
_06080_,38.08µm
_06321_,38.08µm
_07443_,38.08µm
_08199_,38.08µm
_08339_,38.08µm
u_transform_scheduler_core.dft12_ram_i\[0\]\[5\],38.08µm
u_transform_scheduler_core.u_mixed_radix_butterfly.product_iq_reg\[9\],38.08µm
_06182_,37.72µm
u_transform_scheduler_core.rx_state\[16\],37.72µm
u_transform_scheduler_core.u_tdiq_output_cp_insert.pace_count\[0\],37.72µm
_03938_,37.67µm
_03957_,37.67µm
u_transform_scheduler_core.tx_mem_addr\[6\],37.67µm
u_transform_scheduler_core.u_mixed_radix_butterfly.high_iq_reg\[10\],37.67µm
u_transform_scheduler_core.u_subcarrier_mapper.clear_index\[6\],37.67µm
_04885_,37.62µm
_06202_,37.62µm
_07397_,37.62µm
_07758_,37.62µm
debug_data_hi\[0\],37.62µm
u_transform_scheduler_core.dft12_ram_i\[4\]\[8\],37.62µm
u_transform_scheduler_core.rx_state\[5\],37.62µm
u_transform_scheduler_core.u_mixed_radix_butterfly.low_iq_reg\[12\],37.62µm
_05363_,37.57µm
_06146_,37.57µm
_07772_,37.57µm
_08646_,37.57µm
_08654_,37.57µm
u_transform_scheduler_core.dft12_ram_q\[3\]\[3\],37.57µm
u_transform_scheduler_core.dft12_ram_q\[9\]\[7\],37.57µm
u_transform_scheduler_core.fifo_x0_q\[0\]\[5\],37.57µm
u_transform_scheduler_core.rx_state\[10\],37.57µm
u_transform_scheduler_core.u_fft128_modulo_controller.state\[1\],37.57µm
u_transform_scheduler_core.u_mixed_radix_butterfly.premultiply_twiddle_im_reg\[7\],37.57µm
_02832_,37.52µm
_04288_,37.52µm
_04457_,37.52µm
_04745_,37.52µm
_05399_,37.52µm
_06223_,37.52µm
_06343_,37.52µm
_07095_,37.52µm
_07651_,37.52µm
_07820_,37.52µm
_07837_,37.52µm
_08061_,37.52µm
_08313_,37.52µm
u_transform_scheduler_core.u_mixed_radix_butterfly.x0_q_ext\[4\],37.52µm
_04092_,37.16µm
_08656_,37.16µm
u_transform_scheduler_core.dft12_ram_i\[11\]\[15\],37.16µm
u_transform_scheduler_core.u_mixed_radix_butterfly.high_iq_reg\[4\],37.16µm
_07294_,37.11µm
u_transform_scheduler_core.u_fdiq_input_adapter.input_sample_index\[3\],37.11µm
_07228_,37.06µm
_07271_,37.06µm
_08567_,37.06µm
u_transform_scheduler_core.dft12_ram_q\[8\]\[2\],37.06µm
u_transform_scheduler_core.u_mixed_radix_butterfly.high_rr_reg\[3\],37.06µm
u_transform_scheduler_core.u_mixed_radix_butterfly.premultiply_x0_i_reg\[1\],37.06µm
u_transform_scheduler_core.u_mixed_radix_butterfly.twiddle_im_full,37.06µm
u_transform_scheduler_core.u_tdiq_output_cp_insert.pace_count\[2\],37.06µm
_03996_,37.01µm
_04095_,37.01µm
_05888_,37.01µm
_06168_,37.01µm
_08127_,37.01µm
u_transform_scheduler_core.dft12_ram_i\[0\]\[4\],37.01µm
u_transform_scheduler_core.dft12_ram_q\[0\]\[2\],37.01µm
u_transform_scheduler_core.u_tdiq_input_cp_remove.useful_sample_index\[0\],37.01µm
_02117_,36.96µm
_04031_,36.96µm
_04358_,36.96µm
_04751_,36.96µm
_04800_,36.96µm
_05051_,36.96µm
_07138_,36.96µm
_07145_,36.96µm
_07188_,36.96µm
_07738_,36.96µm
_08426_,36.96µm
u_transform_scheduler_core.u_fdiq_output_adapter.sample_q_reg\[1\],36.96µm
u_transform_scheduler_core.u_fft128_modulo_controller.fetch_group\[2\],36.96µm
u_transform_scheduler_core.u_mixed_radix_butterfly.high_iq_reg\[7\],36.96µm
u_transform_scheduler_core.u_fft_scratch_sram.u_lo.macro_addr\[5\],36.82µm
u_transform_scheduler_core.dft12_ram_q\[9\]\[0\],36.6µm
_08187_,36.55µm
u_transform_scheduler_core.dft12_ram_i\[7\]\[5\],36.55µm
u_transform_scheduler_core.u_tdiq_output_cp_insert.responses_left\[7\],36.55µm
_03584_,36.5µm
_03862_,36.5µm
_06209_,36.5µm
_07578_,36.5µm
_08724_,36.5µm
debug_addr\[4\],36.5µm
u_transform_scheduler_core.tx_ifft_block_ready,36.5µm
u_transform_scheduler_core.tx_sample_i\[5\],36.5µm
_02826_,36.45µm
_03096_,36.45µm
_03304_,36.45µm
_05016_,36.45µm
_07326_,36.45µm
_08468_,36.45µm
_08894_,36.45µm
_08984_,36.45µm
u_transform_scheduler_core.dft12_ram_i\[3\]\[3\],36.45µm
u_transform_scheduler_core.dft12_ram_q\[6\]\[4\],36.45µm
u_transform_scheduler_core.dft12_ram_q\[8\]\[5\],36.45µm
u_transform_scheduler_core.u_mixed_radix_butterfly.low_rr_reg\[15\],36.45µm
_02163_,36.4µm
_04001_,36.4µm
_05737_,36.4µm
_07027_,36.4µm
_08552_,36.4µm
_08593_,36.4µm
_08672_,36.4µm
_08775_,36.4µm
u_transform_scheduler_core.mod_x0_i\[10\],36.4µm
u_transform_scheduler_core.ofdm_mem_addr\[1\],36.4µm
u_transform_scheduler_core.u_fdiq_output_adapter.sample_q_reg\[12\],36.4µm
u_transform_scheduler_core.u_mixed_radix_butterfly.x2_q_full,36.04µm
_07734_,35.99µm
u_transform_scheduler_core.dft12_ram_i\[1\]\[2\],35.99µm
u_transform_scheduler_core.dft12_ram_i\[7\]\[0\],35.99µm
u_transform_scheduler_core.u_fdiq_output_adapter.sample_i_reg\[0\],35.99µm
u_transform_scheduler_core.u_mixed_radix_butterfly.product_ii_reg\[4\],35.99µm
_03594_,35.94µm
_04995_,35.94µm
_07396_,35.94µm
_08205_,35.94µm
u_transform_scheduler_core.dft12_ram_i\[9\]\[7\],35.94µm
u_transform_scheduler_core.dft12_ram_q\[7\]\[3\],35.94µm
u_transform_scheduler_core.dft12_ram_q\[8\]\[3\],35.94µm
u_transform_scheduler_core.rx_small_x0_i\[6\],35.94µm
_04308_,35.89µm
_04386_,35.89µm
_04602_,35.89µm
_04978_,35.89µm
_08019_,35.89µm
_08844_,35.89µm
u_transform_scheduler_core.dft12_block_ready,35.89µm
u_transform_scheduler_core.dft12_ram_i\[0\]\[2\],35.89µm
u_transform_scheduler_core.dft12_sent_x2_i,35.89µm
u_transform_scheduler_core.tx_mem_addr\[5\],35.89µm
u_transform_scheduler_core.u_mixed_radix_butterfly.product_iq_reg\[4\],35.89µm
u_transform_scheduler_core.u_mixed_radix_butterfly.product_rq_reg\[2\],35.89µm
_03814_,35.84µm
_04753_,35.84µm
_07131_,35.84µm
_08809_,35.84µm
_08945_,35.84µm
echo_data\[0\],35.84µm
_03091_,35.43µm
_07507_,35.43µm
input_left\[2\],35.43µm
u_transform_scheduler_core.u_mixed_radix_butterfly.high_rr_reg\[2\],35.43µm
u_transform_scheduler_core.u_mixed_radix_butterfly.premultiply_x0_q_reg\[0\],35.43µm
_04673_,35.38µm
_07234_,35.38µm
_07633_,35.38µm
_08016_,35.38µm
_08788_,35.38µm
u_transform_scheduler_core.dft12_ram_q\[3\]\[5\],35.38µm
u_transform_scheduler_core.dft12_ram_q\[7\]\[11\],35.38µm
u_transform_scheduler_core.mod_diag_X0_q\[6\],35.38µm
u_transform_scheduler_core.tx_mem_addr\[3\],35.38µm
u_transform_scheduler_core.u_mixed_radix_butterfly.product_ii_reg\[10\],35.38µm
u_transform_scheduler_core.u_mixed_radix_butterfly.product_rr_reg\[19\],35.38µm
_03820_,35.33µm
_07129_,35.33µm
_08799_,35.33µm
_08981_,35.33µm
u_transform_scheduler_core.dft12_ram_i\[7\]\[14\],35.33µm
u_transform_scheduler_core.rx_fft128_index\[5\],35.33µm
_03425_,35.28µm
_05260_,35.28µm
_05876_,35.28µm
_06338_,35.28µm
_06719_,35.28µm
_06941_,35.28µm
_07441_,35.28µm
_07569_,35.28µm
_08549_,35.28µm
u_transform_scheduler_core.u_fft_scratch_sram.u_hi.macro_addr\[5\],35.14µm
_04428_,34.92µm
_07136_,34.87µm
_07786_,34.87µm
u_transform_scheduler_core.u_mixed_radix_butterfly.product_iq_reg\[16\],34.87µm
u_transform_scheduler_core.u_subcarrier_mapper.clear_index\[4\],34.87µm
_03609_,34.82µm
_03635_,34.82µm
_04347_,34.82µm
_06514_,34.82µm
_07947_,34.82µm
_08713_,34.82µm
u_transform_scheduler_core.u_mixed_radix_butterfly.high_rq_reg\[4\],34.82µm
_03811_,34.77µm
_04540_,34.77µm
_04565_,34.77µm
_05387_,34.77µm
_05862_,34.77µm
_07889_,34.77µm
_08778_,34.77µm
_08845_,34.77µm
u_transform_scheduler_core.fft_mem_rdata\[30\],34.77µm
u_transform_scheduler_core.u_mixed_radix_butterfly.premultiply_x0_q_reg\[11\],34.77µm
_03793_,34.72µm
_04156_,34.72µm
_04956_,34.72µm
_05336_,34.72µm
_05499_,34.72µm
_05635_,34.72µm
_06493_,34.72µm
u_transform_scheduler_core.dft12_ram_q\[0\]\[6\],34.72µm
u_transform_scheduler_core.u_mixed_radix_butterfly.arithmetic_x0_i_reg\[2\],34.72µm
u_transform_scheduler_core.u_fft_scratch_sram.u_lo.macro_cen,34.58µm
_02112_,34.31µm
_06731_,34.31µm
_08195_,34.31µm
_08744_,34.31µm
u_transform_scheduler_core.u_mixed_radix_butterfly.final_scalar_product_reg\[8\],34.31µm
u_transform_scheduler_core.u_mixed_radix_butterfly.product_rq_reg\[9\],34.31µm
_04496_,34.26µm
_08136_,34.26µm
_08342_,34.26µm
u_transform_scheduler_core.fifo_x0_q\[0\]\[0\],34.26µm
u_transform_scheduler_core.u_fdiq_input_adapter.final_sample_pending,34.26µm
u_transform_scheduler_core.u_fft128_modulo_controller.fetch_group\[5\],34.26µm
u_transform_scheduler_core.u_mixed_radix_butterfly.product_rr_reg\[11\],34.26µm
_02268_,34.21µm
_03704_,34.21µm
_03715_,34.21µm
_04014_,34.21µm
_05552_,34.21µm
_06853_,34.21µm
_07289_,34.21µm
u_transform_scheduler_core.tx_dft12_hold_i\[0\]\[7\],34.21µm
u_transform_scheduler_core.u_fdiq_output_adapter.sample_q_reg\[9\],34.21µm
_03859_,34.16µm
_05272_,34.16µm
_05825_,34.16µm
_06163_,34.16µm
_07349_,34.16µm
_07811_,34.16µm
_07843_,34.16µm
_08176_,34.16µm
_08267_,34.16µm
_08476_,34.16µm
u_transform_scheduler_core.u_fft128_modulo_controller.fetch_x1_q\[9\],34.16µm
_04507_,33.88µm
_07877_,33.75µm
u_transform_scheduler_core.mod_diag_X1_i\[5\],33.75µm
u_transform_scheduler_core.u_fft128_modulo_controller.fetch_x1_i\[4\],33.75µm
_02334_,33.7µm
_02465_,33.7µm
_04580_,33.7µm
_07970_,33.7µm
_08295_,33.7µm
_08521_,33.7µm
u_transform_scheduler_core.dft12_ram_i\[1\]\[14\],33.7µm
u_transform_scheduler_core.dft12_ram_i\[7\]\[3\],33.7µm
u_transform_scheduler_core.result_meta_inverse\[2\]\[0\],33.7µm
u_transform_scheduler_core.tx_dft12_hold_q\[1\]\[9\],33.7µm
u_transform_scheduler_core.tx_sample_q\[6\],33.7µm
u_transform_scheduler_core.u_fft128_modulo_controller.fetch_x1_q\[12\],33.7µm
u_transform_scheduler_core.u_mixed_radix_butterfly.arithmetic_x0_q_reg\[2\],33.7µm
u_transform_scheduler_core.u_tdiq_input_cp_remove.held_i\[1\],33.7µm
_02166_,33.65µm
_02319_,33.65µm
_02524_,33.65µm
_04011_,33.65µm
_05069_,33.65µm
_05073_,33.65µm
_05465_,33.65µm
_05498_,33.65µm
_06215_,33.65µm
_06524_,33.65µm
_06602_,33.65µm
_07430_,33.65µm
_08202_,33.65µm
_08507_,33.65µm
u_transform_scheduler_core.mod_diag_X0_q\[10\],33.65µm
u_transform_scheduler_core.tx_dft12_hold_q\[2\]\[11\],33.65µm
u_transform_scheduler_core.u_mixed_radix_butterfly.x0_i_ext\[11\],33.65µm
u_transform_scheduler_core.u_mixed_radix_butterfly.x2_q_ext\[0\],33.65µm
_03092_,33.6µm
_04987_,33.6µm
_05757_,33.6µm
_07782_,33.6µm
_08067_,33.6µm
_08828_,33.6µm
u_transform_scheduler_core.mod_diag_X0_i\[4\],33.6µm
u_transform_scheduler_core.dft12_sent_x2_q,33.24µm
u_transform_scheduler_core.u_mixed_radix_butterfly.low_rr_reg\[10\],33.24µm
u_transform_scheduler_core.u_mixed_radix_butterfly.product_rq_reg\[15\],33.24µm
u_transform_scheduler_core.dft12_ram_i\[4\]\[9\],33.19µm
u_transform_scheduler_core.dft12_ram_q\[11\]\[7\],33.19µm
u_transform_scheduler_core.u_mixed_radix_butterfly.high_rq_reg\[10\],33.19µm
u_transform_scheduler_core.u_mixed_radix_butterfly.x1_i_ext\[12\],33.19µm
u_transform_scheduler_core.u_mixed_radix_butterfly.x2_i_full,33.19µm
_02096_,33.14µm
_03896_,33.14µm
_04234_,33.14µm
_08715_,33.14µm
u_transform_scheduler_core.u_fdiq_output_adapter.sample_i_reg\[13\],33.14µm
u_transform_scheduler_core.u_mixed_radix_butterfly.low_iq_reg\[8\],33.14µm
u_transform_scheduler_core.u_mixed_radix_butterfly.premultiply_half_sum_i_reg\[7\],33.14µm
u_transform_scheduler_core.u_subcarrier_mapper.clear_index\[2\],33.14µm
_02404_,33.09µm
_03785_,33.09µm
_04034_,33.09µm
_04367_,33.09µm
_04549_,33.09µm
_04699_,33.09µm
_04928_,33.09µm
_05372_,33.09µm
_05631_,33.09µm
_06278_,33.09µm
_06837_,33.09µm
_08776_,33.09µm
_08825_,33.09µm
_08910_,33.09µm
input_left\[3\],33.09µm
u_transform_scheduler_core.mod_diag_X1_q\[10\],33.09µm
u_transform_scheduler_core.u_mixed_radix_butterfly.product_iq_reg\[19\],33.09µm
_02508_,33.04µm
_03407_,33.04µm
_05067_,33.04µm
_06655_,33.04µm
_07602_,33.04µm
_08522_,33.04µm
_04033_,32.68µm
u_transform_scheduler_core.u_mixed_radix_butterfly.arithmetic_half_sum_q_reg\[8\],32.63µm
_02046_,32.58µm
_02527_,32.58µm
_04188_,32.58µm
_05672_,32.58µm
_07146_,32.58µm
_07424_,32.58µm
_07552_,32.58µm
echo_data\[2\],32.58µm
u_serializer.byte_index\[3\],32.58µm
u_transform_scheduler_core.fft_mem_rdata\[19\],32.58µm
u_transform_scheduler_core.tx_dft12_hold_i\[0\]\[3\],32.58µm
u_transform_scheduler_core.u_fft_scratch_sram.saved_wdata\[16\],32.58µm
u_transform_scheduler_core.u_mixed_radix_butterfly.final_scalar_product_reg\[10\],32.58µm
u_transform_scheduler_core.u_mixed_radix_butterfly.premultiply_x0_q_reg\[14\],32.58µm
_02182_,32.53µm
_02436_,32.53µm
_03234_,32.53µm
_03534_,32.53µm
_04452_,32.53µm
_04528_,32.53µm
_04955_,32.53µm
_05425_,32.53µm
_05811_,32.53µm
_06547_,32.53µm
_07204_,32.53µm
_07329_,32.53µm
_07771_,32.53µm
_08021_,32.53µm
_08174_,32.53µm
u_transform_scheduler_core.tx_dft12_hold_i\[2\]\[0\],32.53µm
u_transform_scheduler_core.tx_dft12_hold_i\[2\]\[6\],32.53µm
_02098_,32.48µm
_02637_,32.48µm
_03717_,32.48µm
_04603_,32.48µm
_05788_,32.48µm
_05801_,32.48µm
_05826_,32.48µm
_07664_,32.48µm
_08093_,32.48µm
_08403_,32.48µm
_08472_,32.48µm
_08781_,32.48µm
_08930_,32.48µm
debug_read_latch\[13\],32.48µm
u_transform_scheduler_core.u_mixed_radix_butterfly.premultiply_half_sum_i_reg\[15\],32.48µm
u_transform_scheduler_core.u_mixed_radix_butterfly.premultiply_x0_i_reg\[6\],32.48µm
_03824_,32.12µm
top_state\[1\],32.07µm
u_transform_scheduler_core.fifo_x1_q\[0\]\[7\],32.07µm
u_transform_scheduler_core.u_mixed_radix_butterfly.high_rr_reg\[6\],32.07µm
_02659_,32.02µm
_04046_,32.02µm
_04906_,32.02µm
_05412_,32.02µm
_05630_,32.02µm
_06868_,32.02µm
_07516_,32.02µm
_07844_,32.02µm
_08132_,32.02µm
u_transform_scheduler_core.dft12_ram_q\[0\]\[3\],32.02µm
u_transform_scheduler_core.dft12_ram_q\[9\]\[5\],32.02µm
u_transform_scheduler_core.ofdm_sample_index\[3\],32.02µm
u_transform_scheduler_core.u_fdiq_input_adapter.input_sample_index\[2\],32.02µm
u_transform_scheduler_core.u_fft128_modulo_controller.fetch_x1_i\[6\],32.02µm
u_transform_scheduler_core.u_fft_scratch_sram.i_half\[9\],32.02µm
u_transform_scheduler_core.u_mixed_radix_butterfly.high_rq_reg\[5\],32.02µm
u_transform_scheduler_core.u_mixed_radix_butterfly.low_ii_reg\[12\],32.02µm
_02011_,31.97µm
_03267_,31.97µm
_05121_,31.97µm
_05685_,31.97µm
_05712_,31.97µm
_07140_,31.97µm
_08425_,31.97µm
_08840_,31.97µm
debug_read_latch\[3\],31.97µm
input_left\[7\],31.97µm
u_transform_scheduler_core.dft12_ram_q\[4\]\[8\],31.97µm
u_transform_scheduler_core.fft_mem_rdata\[20\],31.97µm
u_transform_scheduler_core.fifo_x0_i\[0\]\[4\],31.97µm
u_transform_scheduler_core.rx_small_x0_i\[4\],31.97µm
u_transform_scheduler_core.u_mixed_radix_butterfly.arithmetic_half_sum_i_reg\[2\],31.97µm
u_transform_scheduler_core.u_mixed_radix_butterfly.arithmetic_half_sum_q_reg\[9\],31.97µm
u_transform_scheduler_core.u_mixed_radix_butterfly.premultiply_half_sum_q_reg\[3\],31.97µm
u_transform_scheduler_core.u_mixed_radix_butterfly.premultiply_input_i_reg\[5\],31.97µm
_02222_,31.92µm
_04181_,31.92µm
_05078_,31.92µm
_05386_,31.92µm
_05451_,31.92µm
_07643_,31.92µm
u_transform_scheduler_core.fft_mem_rdata\[7\],31.92µm
u_transform_scheduler_core.u_fft_scratch_sram.i_half\[14\],31.92µm
u_transform_scheduler_core.u_fft_scratch_sram.saved_addr\[1\],31.92µm
u_transform_scheduler_core.u_mixed_radix_butterfly.high_rr_reg\[9\],31.92µm
_02476_,31.51µm
_05469_,31.51µm
_07893_,31.51µm
_08043_,31.51µm
u_transform_scheduler_core.fifo_x0_i\[0\]\[6\],31.51µm
_04378_,31.46µm
_08060_,31.46µm
_08460_,31.46µm
_08768_,31.46µm
_08883_,31.46µm
_09015_,31.46µm
debug_wdata\[12\],31.46µm
net11,31.46µm
u_transform_scheduler_core.dft12_ram_i\[7\]\[11\],31.46µm
u_transform_scheduler_core.rx_small_x1_i\[4\],31.46µm
u_transform_scheduler_core.u_mixed_radix_butterfly.product_rr_reg\[16\],31.46µm
_00402_,31.41µm
_03711_,31.41µm
_03969_,31.41µm
_03992_,31.41µm
_07684_,31.41µm
_08634_,31.41µm
debug_read_latch\[15\],31.41µm
u_transform_scheduler_core.mod_diag_X0_q\[5\],31.41µm
u_transform_scheduler_core.ofdm_sample_q\[10\],31.41µm
u_transform_scheduler_core.u_mixed_radix_butterfly.final_scalar_product_reg\[6\],31.41µm
u_transform_scheduler_core.u_mixed_radix_butterfly.low_rq_reg\[7\],31.41µm
u_transform_scheduler_core.u_mixed_radix_butterfly.premultiply_x0_i_reg\[10\],31.41µm
u_transform_scheduler_core.u_mixed_radix_butterfly.product_ii_reg\[2\],31.41µm
_00159_,31.36µm
_04342_,31.36µm
_04501_,31.36µm
_04731_,31.36µm
_05117_,31.36µm
_05964_,31.36µm
_06350_,31.36µm
_07310_,31.36µm
_08538_,31.36µm
u_transform_scheduler_core.fifo_x1_i\[0\]\[2\],31.36µm
u_transform_scheduler_core.mod_diag_X1_i\[3\],31.36µm
u_transform_scheduler_core.u_mixed_radix_butterfly.twiddle_re_reg\[4\],31.36µm
_05853_,31.255µm
u_transform_scheduler_core.u_fft_scratch_sram.u_lo.macro_addr\[2\],31.22µm
u_transform_scheduler_core.u_mixed_radix_butterfly.low_rr_reg\[11\],31.13µm
dout[4],31.05µm
_03932_,30.95µm
_04668_,30.95µm
u_transform_scheduler_core.ofdm_capture_done,30.95µm
_04980_,30.9µm
_08372_,30.9µm
_08920_,30.9µm
u_transform_scheduler_core.dft12_ram_i\[0\]\[12\],30.9µm
u_transform_scheduler_core.u_fft128_modulo_controller.fetch_x1_q\[14\],30.9µm
u_transform_scheduler_core.u_mixed_radix_butterfly.high_rq_reg\[11\],30.9µm
u_transform_scheduler_core.u_mixed_radix_butterfly.low_ii_reg\[9\],30.9µm
u_transform_scheduler_core.u_mixed_radix_butterfly.product_rr_reg\[18\],30.9µm
_02025_,30.85µm
_02751_,30.85µm
_03168_,30.85µm
_03708_,30.85µm
_06429_,30.85µm
_07109_,30.85µm
_07290_,30.85µm
_08323_,30.85µm
_08433_,30.85µm
_08831_,30.85µm
_08900_,30.85µm
debug_data_hi\[2\],30.85µm
u_transform_scheduler_core.dft12_ram_q\[0\]\[7\],30.85µm
u_transform_scheduler_core.dft12_state\[2\],30.85µm
u_transform_scheduler_core.fft_mem_rdata\[0\],30.85µm
u_transform_scheduler_core.fft_mem_rdata\[1\],30.85µm
u_transform_scheduler_core.rx_fft128_index\[1\],30.85µm
u_transform_scheduler_core.rx_small_x0_i\[5\],30.85µm
u_transform_scheduler_core.u_fft128_modulo_controller.fetch_x1_q\[6\],30.85µm
u_transform_scheduler_core.u_fft_scratch_sram.i_half\[12\],30.85µm
u_transform_scheduler_core.u_mixed_radix_butterfly.arithmetic_half_sum_q_reg\[1\],30.85µm
_04091_,30.8µm
_04448_,30.8µm
_04563_,30.8µm
_05197_,30.8µm
_07130_,30.8µm
_08012_,30.8µm
_08879_,30.8µm
_08888_,30.8µm
u_transform_scheduler_core.u_mixed_radix_butterfly.premultiply_half_sum_i_reg\[1\],30.8µm
u_transform_scheduler_core.u_mixed_radix_butterfly.product_rr_reg\[20\],30.8µm
dout[1],30.67µm
_08523_,30.44µm
_03751_,30.39µm
_08120_,30.39µm
_02251_,30.34µm
_02340_,30.34µm
_04004_,30.34µm
_08263_,30.34µm
debug_addr\[6\],30.34µm
debug_wdata\[3\],30.34µm
u_transform_scheduler_core.u_fdiq_output_adapter.sample_i_reg\[1\],30.34µm
u_transform_scheduler_core.u_fdiq_output_adapter.sample_i_reg\[7\],30.34µm
u_transform_scheduler_core.u_fft_scratch_sram.i_half\[5\],30.34µm
u_transform_scheduler_core.u_mixed_radix_butterfly.product_ii_reg\[7\],30.34µm
u_transform_scheduler_core.u_mixed_radix_butterfly.product_rr_reg\[1\],30.34µm
u_transform_scheduler_core.u_tdiq_input_cp_remove.input_sample_index\[7\],30.34µm
_03172_,30.29µm
_03610_,30.29µm
_03994_,30.29µm
_04093_,30.29µm
_04619_,30.29µm
_04774_,30.29µm
_05095_,30.29µm
_05434_,30.29µm
_06225_,30.29µm
_07116_,30.29µm
_07997_,30.29µm
_08275_,30.29µm
_08330_,30.29µm
_09057_,30.29µm
u_transform_scheduler_core.dft12_ram_i\[3\]\[1\],30.29µm
u_transform_scheduler_core.dft12_ram_q\[7\]\[12\],30.29µm
u_transform_scheduler_core.mod_diag_X0_i\[7\],30.29µm
u_transform_scheduler_core.result_meta_inverse\[1\]\[0\],30.29µm
u_transform_scheduler_core.u_mixed_radix_butterfly.arithmetic_x0_q_reg\[11\],30.29µm
u_transform_scheduler_core.u_mixed_radix_butterfly.arithmetic_x0_q_reg\[13\],30.29µm
_02142_,30.24µm
_02145_,30.24µm
_05103_,30.24µm
_06261_,30.24µm
_07389_,30.24µm
_07725_,30.24µm
_08386_,30.24µm
_08649_,30.24µm
_08835_,30.24µm
_09052_,30.24µm
u_transform_scheduler_core.u_mixed_radix_butterfly.premultiply_half_sum_i_reg\[3\],30.24µm
u_transform_scheduler_core.u_mixed_radix_butterfly.low_ii_reg\[11\],30.06µm
top_state\[11\],29.88µm
u_transform_scheduler_core.u_mixed_radix_butterfly.high_rr_reg\[5\],29.88µm
_02121_,29.83µm
_07861_,29.83µm
u_transform_scheduler_core.u_mixed_radix_butterfly.product_rr_reg\[9\],29.83µm
_02028_,29.78µm
_02141_,29.78µm
_04402_,29.78µm
_04504_,29.78µm
_07339_,29.78µm
_08190_,29.78µm
_08529_,29.78µm
_08842_,29.78µm
u_transform_scheduler_core.dft12_ram_i\[0\]\[11\],29.78µm
u_transform_scheduler_core.tx_dft12_hold_q\[0\]\[0\],29.78µm
u_transform_scheduler_core.tx_sample_i\[0\],29.78µm
u_transform_scheduler_core.u_mixed_radix_butterfly.final_scalar_product_reg\[5\],29.78µm
_02539_,29.73µm
_04670_,29.73µm
_04860_,29.73µm
_05267_,29.73µm
_05946_,29.73µm
_06031_,29.73µm
_07020_,29.73µm
_07198_,29.73µm
_07358_,29.73µm
_07378_,29.73µm
_08453_,29.73µm
_08881_,29.73µm
u_transform_scheduler_core.u_mixed_radix_butterfly.premultiply_input_q_reg\[7\],29.73µm
u_transform_scheduler_core.u_mixed_radix_butterfly.product_iq_reg\[2\],29.73µm
u_transform_scheduler_core.u_tdiq_output_cp_insert.request_sample\[7\],29.73µm
_02364_,29.68µm
_02728_,29.68µm
_04048_,29.68µm
_04173_,29.68µm
_05228_,29.68µm
_06170_,29.68µm
_07513_,29.68µm
_08186_,29.68µm
_08358_,29.68µm
_08506_,29.68µm
_08532_,29.68µm
_08794_,29.68µm
input_left\[6\],29.68µm
u_transform_scheduler_core.u_fft128_modulo_controller.fetch_x1_q\[15\],29.68µm
u_transform_scheduler_core.u_mixed_radix_butterfly.arithmetic_half_sum_i_reg\[1\],29.68µm
_07912_,29.32µm
u_transform_scheduler_core.dft12_ram_i\[6\]\[2\],29.32µm
u_transform_scheduler_core.u_fft128_modulo_controller.fetch_x1_i\[13\],29.27µm
_04618_,29.22µm
_05690_,29.22µm
_07132_,29.22µm
_07170_,29.22µm
_08692_,29.22µm
u_transform_scheduler_core.dft12_ram_i\[4\]\[5\],29.22µm
u_transform_scheduler_core.dft12_ram_q\[0\]\[10\],29.22µm
u_transform_scheduler_core.fifo_x2_q\[0\]\[2\],29.22µm
u_transform_scheduler_core.u_fdiq_output_adapter.sample_q_reg\[2\],29.22µm
u_transform_scheduler_core.u_fft128_modulo_controller.fetch_x1_q\[3\],29.22µm
u_transform_scheduler_core.u_mixed_radix_butterfly.arithmetic_half_sum_q_reg\[3\],29.22µm
u_transform_scheduler_core.u_mixed_radix_butterfly.low_rq_reg\[3\],29.22µm
u_transform_scheduler_core.u_mixed_radix_butterfly.premultiply_input_i_reg\[6\],29.22µm
u_transform_scheduler_core.u_mixed_radix_butterfly.product_rq_reg\[18\],29.22µm
u_transform_scheduler_core.u_mixed_radix_butterfly.product_rr_reg\[14\],29.22µm
_00181_,29.17µm
_02639_,29.17µm
_02837_,29.17µm
_03388_,29.17µm
_03662_,29.17µm
_04176_,29.17µm
_04835_,29.17µm
_04898_,29.17µm
_05430_,29.17µm
_07180_,29.17µm
_07757_,29.17µm
_07790_,29.17µm
_08933_,29.17µm
_08983_,29.17µm
debug_addr\[2\],29.17µm
u_transform_scheduler_core.dft12_ram_i\[0\]\[9\],29.17µm
u_transform_scheduler_core.dft12_ram_q\[7\]\[0\],29.17µm
u_transform_scheduler_core.dft12_ram_q\[7\]\[8\],29.17µm
u_transform_scheduler_core.fft_mem_rdata\[28\],29.17µm
u_transform_scheduler_core.fifo_x0_q\[0\]\[2\],29.17µm
u_transform_scheduler_core.u_fft128_modulo_controller.fetch_operands_valid,29.17µm
u_transform_scheduler_core.u_fft_scratch_sram.state\[3\],29.17µm
u_transform_scheduler_core.u_mixed_radix_butterfly.premultiply_input_i_reg\[7\],29.17µm
u_transform_scheduler_core.u_mixed_radix_butterfly.premultiply_twiddle_re_reg\[5\],29.17µm
u_transform_scheduler_core.u_mixed_radix_butterfly.premultiply_x0_q_reg\[5\],29.17µm
u_transform_scheduler_core.u_mixed_radix_butterfly.product_iq_reg\[5\],29.17µm
_03637_,29.12µm
_03650_,29.12µm
_04185_,29.12µm
_04773_,29.12µm
_05495_,29.12µm
_05857_,29.12µm
_08191_,29.12µm
_08885_,29.12µm
u_transform_scheduler_core.dft12_phase_onehot\[0\],29.12µm
u_transform_scheduler_core.u_mixed_radix_butterfly.product_ii_reg\[11\],28.785µm
u_transform_scheduler_core.u_mixed_radix_butterfly.low_iq_reg\[16\],28.76µm
_03601_,28.71µm
_08181_,28.71µm
u_transform_scheduler_core.u_mixed_radix_butterfly.x2_i_ext\[0\],28.71µm
_03816_,28.66µm
_06406_,28.66µm
_06511_,28.66µm
_08526_,28.66µm
_08783_,28.66µm
u_transform_scheduler_core.fft_mem_rdata\[2\],28.66µm
u_transform_scheduler_core.rx_small_x2_i\[10\],28.66µm
u_transform_scheduler_core.tx_dft12_hold_i\[1\]\[7\],28.66µm
u_transform_scheduler_core.u_mixed_radix_butterfly.arithmetic_x0_i_reg\[9\],28.66µm
u_transform_scheduler_core.u_mixed_radix_butterfly.high_iq_reg\[2\],28.66µm
u_transform_scheduler_core.u_mixed_radix_butterfly.premultiply_input_q_reg\[2\],28.66µm
u_transform_scheduler_core.u_mixed_radix_butterfly.premultiply_twiddle_re_reg\[1\],28.66µm
u_transform_scheduler_core.u_mixed_radix_butterfly.premultiply_twiddle_re_reg\[2\],28.66µm
dout[0],28.65µm
_04041_,28.61µm
_04366_,28.61µm
_04556_,28.61µm
_04916_,28.61µm
_05206_,28.61µm
_06355_,28.61µm
_06704_,28.61µm
_07067_,28.61µm
_07185_,28.61µm
_08097_,28.61µm
u_transform_scheduler_core.dft12_ram_i\[7\]\[9\],28.61µm
u_transform_scheduler_core.rx_small_x1_i\[1\],28.61µm
u_transform_scheduler_core.u_fft128_modulo_controller.fetch_x1_q\[7\],28.61µm
u_transform_scheduler_core.u_mixed_radix_butterfly.premultiply_x0_q_reg\[12\],28.61µm
u_transform_scheduler_core.u_mixed_radix_butterfly.x1_q_full,28.61µm
_02574_,28.56µm
_03379_,28.56µm
_03428_,28.56µm
_03458_,28.56µm
_04526_,28.56µm
_06898_,28.56µm
_07000_,28.56µm
_08641_,28.56µm
_08678_,28.56µm
echo_data\[4\],28.56µm
u_transform_scheduler_core.rx_dft12_i\[1\],28.56µm
u_transform_scheduler_core.u_mixed_radix_butterfly.arithmetic_half_sum_i_reg\[10\],28.56µm
u_transform_scheduler_core.u_mixed_radix_butterfly.premultiply_twiddle_im_reg\[5\],28.56µm
u_transform_scheduler_core.u_fft_scratch_sram.u_hi.macro_addr\[2\],28.42µm
_03909_,28.2µm
_04036_,28.2µm
_04442_,28.15µm
_05636_,28.15µm
u_transform_scheduler_core.u_mixed_radix_butterfly.low_rr_reg\[12\],28.15µm
u_transform_scheduler_core.u_mixed_radix_butterfly.product_ii_reg\[14\],28.15µm
u_transform_scheduler_core.u_mixed_radix_butterfly.x0_i_full,28.15µm
_03949_,28.1µm
_03953_,28.1µm
_03987_,28.1µm
_07681_,28.1µm
_08516_,28.1µm
u_transform_scheduler_core.dft12_ram_i\[11\]\[11\],28.1µm
u_transform_scheduler_core.rx_small_x0_i\[2\],28.1µm
u_transform_scheduler_core.rx_small_x1_q\[1\],28.1µm
u_transform_scheduler_core.u_fft_scratch_sram.i_half\[6\],28.1µm
u_transform_scheduler_core.u_mixed_radix_butterfly.premultiply_twiddle_re_reg\[3\],28.1µm
_01989_,28.05µm
_02322_,28.05µm
_04280_,28.05µm
_04543_,28.05µm
_04636_,28.05µm
_04701_,28.05µm
_08336_,28.05µm
_08573_,28.05µm
u_transform_scheduler_core.fft_mem_rdata\[25\],28.05µm
u_transform_scheduler_core.u_fft128_modulo_controller.fetch_x1_q\[4\],28.05µm
u_transform_scheduler_core.u_mixed_radix_butterfly.arithmetic_half_sum_i_reg\[15\],28.05µm
u_transform_scheduler_core.u_mixed_radix_butterfly.product_iq_reg\[8\],28.05µm
u_transform_scheduler_core.u_mixed_radix_butterfly.x0_q_ext\[2\],28.05µm
dout[5],28.01µm
_01647_,28µm
_02160_,28µm
_02922_,28µm
_03383_,28µm
_04179_,28µm
_05559_,28µm
_06924_,28µm
_07241_,28µm
_07759_,28µm
_08470_,28µm
debug_read_latch\[4\],28µm
u_transform_scheduler_core.fft_mem_rdata\[18\],28µm
u_transform_scheduler_core.u_mixed_radix_butterfly.premultiply_x0_q_reg\[10\],28µm
u_transform_scheduler_core.u_mixed_radix_butterfly.high_rr_reg\[11\],27.69µm
u_transform_scheduler_core.small_sent_x0_q,27.64µm
u_transform_scheduler_core.u_mixed_radix_butterfly.product_rr_reg\[21\],27.64µm
_07496_,27.59µm
_07700_,27.59µm
_07718_,27.59µm
_07891_,27.59µm
_08400_,27.59µm
u_transform_scheduler_core.dft12_ram_i\[9\]\[2\],27.59µm
_04502_,27.54µm
_07690_,27.54µm
_07810_,27.54µm
_08437_,27.54µm
_08731_,27.54µm
u_transform_scheduler_core.dft12_ram_i\[7\]\[1\],27.54µm
u_transform_scheduler_core.fifo_x0_i\[0\]\[3\],27.54µm
u_transform_scheduler_core.u_mixed_radix_butterfly.arithmetic_half_sum_i_reg\[0\],27.54µm
u_transform_scheduler_core.u_mixed_radix_butterfly.arithmetic_half_sum_i_reg\[6\],27.54µm
u_transform_scheduler_core.u_mixed_radix_butterfly.final_scalar_product_reg\[12\],27.54µm
u_transform_scheduler_core.u_mixed_radix_butterfly.low_ii_reg\[10\],27.54µm
u_transform_scheduler_core.u_mixed_radix_butterfly.product_iq_reg\[20\],27.54µm
u_transform_scheduler_core.u_mixed_radix_butterfly.product_rr_reg\[15\],27.54µm
u_transform_scheduler_core.u_mixed_radix_butterfly.product_rr_reg\[8\],27.54µm
u_transform_scheduler_core.u_mixed_radix_butterfly.x0_q_ext\[0\],27.54µm
_01998_,27.49µm
_03804_,27.49µm
_04253_,27.49µm
_05327_,27.49µm
_07826_,27.49µm
_07838_,27.49µm
_08566_,27.49µm
_09045_,27.49µm
debug_read_latch\[1\],27.49µm
u_transform_scheduler_core.dft12_ram_i\[7\]\[7\],27.49µm
u_transform_scheduler_core.fft_mem_rdata\[16\],27.49µm
u_transform_scheduler_core.rx_fft128_i\[10\],27.49µm
u_transform_scheduler_core.u_mixed_radix_butterfly.arithmetic_x0_q_reg\[5\],27.49µm
u_transform_scheduler_core.u_mixed_radix_butterfly.premultiply_half_sum_q_reg\[2\],27.49µm
u_transform_scheduler_core.u_mixed_radix_butterfly.x1_q_ext\[2\],27.49µm
_02026_,27.44µm
_02575_,27.44µm
_02647_,27.44µm
_02960_,27.44µm
_04245_,27.44µm
_07787_,27.44µm
_08146_,27.44µm
_08518_,27.44µm
_08760_,27.44µm
_08917_,27.44µm
u_transform_scheduler_core.u_mixed_radix_butterfly.low_ii_reg\[3\],27.44µm
u_transform_scheduler_core.u_mixed_radix_butterfly.product_ii_reg\[15\],27.44µm
u_transform_scheduler_core.u_mixed_radix_butterfly.product_ii_reg\[8\],27.44µm
u_transform_scheduler_core.u_mixed_radix_butterfly.x0_i_ext\[5\],27.44µm
u_transform_scheduler_core.u_mixed_radix_butterfly.x0_q_ext\[13\],27.44µm
_08550_,27.21µm
u_transform_scheduler_core.u_mixed_radix_butterfly.product_rq_reg\[14\],27.08µm
_02292_,27.03µm
_07359_,27.03µm
_08051_,27.03µm
u_transform_scheduler_core.dft12_ram_i\[7\]\[8\],27.03µm
u_transform_scheduler_core.dft12_ram_q\[0\]\[1\],27.03µm
u_transform_scheduler_core.ofdm_sample_index\[1\],27.03µm
u_transform_scheduler_core.u_fdiq_output_adapter.sample_q_reg\[11\],27.03µm
_04184_,26.98µm
_05475_,26.98µm
_07711_,26.98µm
_07930_,26.98µm
_08637_,26.98µm
u_transform_scheduler_core.dft12_sent_x0_i,26.98µm
u_transform_scheduler_core.u_mixed_radix_butterfly.low_iq_reg\[13\],26.98µm
u_transform_scheduler_core.u_mixed_radix_butterfly.low_rq_reg\[0\],26.98µm
u_transform_scheduler_core.u_mixed_radix_butterfly.premultiply_x0_i_reg\[9\],26.98µm
u_transform_scheduler_core.u_mixed_radix_butterfly.premultiply_x0_q_reg\[8\],26.98µm
u_transform_scheduler_core.u_mixed_radix_butterfly.twiddle_im_reg\[6\],26.98µm
u_transform_scheduler_core.u_mixed_radix_butterfly.x0_q_ext\[11\],26.98µm
_00065_,26.93µm
_02210_,26.93µm
_02642_,26.93µm
_04444_,26.93µm
_04472_,26.93µm
_05724_,26.93µm
_05860_,26.93µm
_06816_,26.93µm
_07153_,26.93µm
_07319_,26.93µm
_07797_,26.93µm
_08402_,26.93µm
_08704_,26.93µm
_08927_,26.93µm
debug_data_hi\[1\],26.93µm
debug_data_hi\[4\],26.93µm
u_transform_scheduler_core.rx_dft12_i\[4\],26.93µm
u_transform_scheduler_core.rx_small_x0_q\[6\],26.93µm
u_transform_scheduler_core.u_mixed_radix_butterfly.high_rq_reg\[13\],26.93µm
u_transform_scheduler_core.u_mixed_radix_butterfly.product_rr_reg\[4\],26.93µm
u_transform_scheduler_core.u_tdiq_input_cp_remove.input_sample_index\[3\],26.93µm
_01994_,26.88µm
_02325_,26.88µm
_02686_,26.88µm
_04460_,26.88µm
_06206_,26.88µm
_07173_,26.88µm
_07253_,26.88µm
_07306_,26.88µm
_07950_,26.88µm
_08989_,26.88µm
_09036_,26.88µm
u_transform_scheduler_core.u_mixed_radix_butterfly.premultiply_x0_i_reg\[8\],26.88µm
_04255_,26.75µm
u_transform_scheduler_core.u_fft_scratch_sram.u_lo.macro_addr\[1\],26.74µm
u_transform_scheduler_core.u_mixed_radix_butterfly.product_rq_reg\[12\],26.52µm
_06337_,26.47µm
_07590_,26.47µm
_02178_,26.42µm
_02507_,26.42µm
_03812_,26.42µm
_03928_,26.42µm
_04073_,26.42µm
_04375_,26.42µm
_04403_,26.42µm
_06931_,26.42µm
_07365_,26.42µm
_08231_,26.42µm
_08722_,26.42µm
u_transform_scheduler_core.dft12_ram_i\[0\]\[15\],26.42µm
u_transform_scheduler_core.dft12_ram_i\[0\]\[8\],26.42µm
u_transform_scheduler_core.dft12_ram_q\[0\]\[15\],26.42µm
u_transform_scheduler_core.fft_mem_rdata\[21\],26.42µm
u_transform_scheduler_core.rx_dft12_i\[2\],26.42µm
u_transform_scheduler_core.rx_dft12_i\[6\],26.42µm
u_transform_scheduler_core.rx_fft128_index\[2\],26.42µm
u_transform_scheduler_core.rx_state\[4\],26.42µm
u_transform_scheduler_core.tx_dft12_hold_q\[0\]\[11\],26.42µm
u_transform_scheduler_core.u_mixed_radix_butterfly.arithmetic_half_sum_q_reg\[13\],26.42µm
u_transform_scheduler_core.u_tdiq_input_cp_remove.held_i\[6\],26.42µm
u_transform_scheduler_core.u_tdiq_output_cp_insert.responses_left\[5\],26.42µm
_00432_,26.37µm
_04098_,26.37µm
_05322_,26.37µm
_07341_,26.37µm
_08030_,26.37µm
_08304_,26.37µm
_08326_,26.37µm
_08420_,26.37µm
_08833_,26.37µm
_08955_,26.37µm
echo_data\[7\],26.37µm
u_transform_scheduler_core.fft_mem_rdata\[10\],26.37µm
u_transform_scheduler_core.u_fft_scratch_sram.i_half\[10\],26.37µm
u_transform_scheduler_core.u_mixed_radix_butterfly.arithmetic_x0_i_reg\[7\],26.37µm
u_transform_scheduler_core.u_mixed_radix_butterfly.low_rq_reg\[10\],26.37µm
u_transform_scheduler_core.u_mixed_radix_butterfly.premultiply_half_sum_q_reg\[11\],26.37µm
u_transform_scheduler_core.u_mixed_radix_butterfly.product_iq_reg\[17\],26.37µm
u_transform_scheduler_core.u_mixed_radix_butterfly.product_rq_reg\[8\],26.37µm
_00149_,26.32µm
_01716_,26.32µm
_01808_,26.32µm
_02171_,26.32µm
_02538_,26.32µm
_02750_,26.32µm
_03369_,26.32µm
_03958_,26.32µm
_04238_,26.32µm
_04431_,26.32µm
_04600_,26.32µm
_05015_,26.32µm
_05230_,26.32µm
_05303_,26.32µm
_06793_,26.32µm
_08735_,26.32µm
_09027_,26.32µm
u_transform_scheduler_core.u_mixed_radix_butterfly.x0_i_ext\[8\],26.32µm
u_transform_scheduler_core.u_fft_scratch_sram.u_lo.macro_addr\[7\],26.23µm
u_transform_scheduler_core.u_fft_scratch_sram.u_hi.macro_addr\[4\],26.18µm
u_transform_scheduler_core.dft12_ram_q\[7\]\[5\],25.96µm
u_transform_scheduler_core.u_tdiq_output_cp_insert.requests_left\[5\],25.96µm
_02050_,25.91µm
_08112_,25.91µm
u_transform_scheduler_core.dft12_ram_i\[9\]\[10\],25.91µm
u_transform_scheduler_core.dft12_sent_x1_q,25.91µm
_02042_,25.86µm
_04043_,25.86µm
_04169_,25.86µm
_04573_,25.86µm
_07222_,25.86µm
_08435_,25.86µm
_08454_,25.86µm
_08771_,25.86µm
_08821_,25.86µm
_09042_,25.86µm
u_transform_scheduler_core.dft12_sent_twiddle_re,25.86µm
u_transform_scheduler_core.fft_mem_rdata\[3\],25.86µm
u_transform_scheduler_core.u_mixed_radix_butterfly.premultiply_input_q_reg\[0\],25.86µm
u_transform_scheduler_core.u_mixed_radix_butterfly.premultiply_sum_q_reg\[0\],25.86µm
u_transform_scheduler_core.u_mixed_radix_butterfly.product_ii_reg\[6\],25.86µm
u_transform_scheduler_core.u_tdiq_input_cp_remove.held_i\[2\],25.86µm
_00649_,25.81µm
_02039_,25.81µm
_02386_,25.81µm
_02533_,25.81µm
_03365_,25.81µm
_04517_,25.81µm
_05156_,25.81µm
_05926_,25.81µm
_06208_,25.81µm
_06222_,25.81µm
_06889_,25.81µm
_07542_,25.81µm
_07704_,25.81µm
_07957_,25.81µm
_08171_,25.81µm
_08498_,25.81µm
_08561_,25.81µm
_09055_,25.81µm
u_transform_scheduler_core.fft_mem_rdata\[11\],25.81µm
u_transform_scheduler_core.rx_small_x1_i\[2\],25.81µm
u_transform_scheduler_core.rx_small_x1_i\[5\],25.81µm
u_transform_scheduler_core.tx_sample_i\[4\],25.81µm
u_transform_scheduler_core.u_fdiq_input_adapter.held_i\[6\],25.81µm
u_transform_scheduler_core.u_fft128_modulo_controller.fetch_x1_i\[14\],25.81µm
u_transform_scheduler_core.u_fft_scratch_sram.i_half\[3\],25.81µm
u_transform_scheduler_core.u_mixed_radix_butterfly.low_ii_reg\[2\],25.81µm
u_transform_scheduler_core.u_mixed_radix_butterfly.low_iq_reg\[15\],25.81µm
u_transform_scheduler_core.u_mixed_radix_butterfly.premultiply_twiddle_im_reg\[0\],25.81µm
u_transform_scheduler_core.u_mixed_radix_butterfly.premultiply_x0_i_reg\[12\],25.81µm
u_transform_scheduler_core.u_mixed_radix_butterfly.x0_i_ext\[3\],25.81µm
u_transform_scheduler_core.u_subcarrier_mapper.clear_index\[3\],25.81µm
_02036_,25.76µm
_02401_,25.76µm
_02501_,25.76µm
_03064_,25.76µm
_03121_,25.76µm
_03362_,25.76µm
_03526_,25.76µm
_05633_,25.76µm
_06004_,25.76µm
_06358_,25.76µm
_06359_,25.76µm
_07445_,25.76µm
_08875_,25.76µm
u_transform_scheduler_core.fifo_x1_i\[0\]\[7\],25.76µm
u_transform_scheduler_core.u_mixed_radix_butterfly.high_rr_reg\[0\],25.76µm
u_transform_scheduler_core.u_mixed_radix_butterfly.x0_q_ext\[1\],25.76µm
_08365_,25.7µm
_08653_,25.58µm
_07764_,25.45µm
_03632_,25.35µm
_04206_,25.35µm
_06839_,25.35µm
_07769_,25.35µm
_08693_,25.35µm
u_transform_scheduler_core.rx_state\[6\],25.35µm
u_transform_scheduler_core.u_mixed_radix_butterfly.x2_i_ext\[1\],25.35µm
_02012_,25.3µm
_03621_,25.3µm
_04635_,25.3µm
_06285_,25.3µm
_07276_,25.3µm
_07371_,25.3µm
u_transform_scheduler_core.dft12_sent_x1_i,25.3µm
u_transform_scheduler_core.rx_small_x0_q\[4\],25.3µm
u_transform_scheduler_core.tx_sample_i\[3\],25.3µm
u_transform_scheduler_core.u_fft128_modulo_controller.state\[0\],25.3µm
u_transform_scheduler_core.u_mixed_radix_butterfly.arithmetic_half_sum_i_reg\[14\],25.3µm
u_transform_scheduler_core.u_mixed_radix_butterfly.low_rr_reg\[4\],25.3µm
u_transform_scheduler_core.u_mixed_radix_butterfly.premultiply_input_q_reg\[4\],25.3µm
_01646_,25.25µm
_03160_,25.25µm
_03264_,25.25µm
_03749_,25.25µm
_04186_,25.25µm
_04208_,25.25µm
_04512_,25.25µm
_04661_,25.25µm
_05241_,25.25µm
_05618_,25.25µm
_05707_,25.25µm
_06040_,25.25µm
_06217_,25.25µm
_06788_,25.25µm
_07435_,25.25µm
_07570_,25.25µm
_08257_,25.25µm
_08806_,25.25µm
_09035_,25.25µm
debug_wdata\[15\],25.25µm
u_transform_scheduler_core.dft12_ram_i\[7\]\[12\],25.25µm
u_transform_scheduler_core.mod_x0_q\[10\],25.25µm
u_transform_scheduler_core.rx_small_x1_i\[3\],25.25µm
u_transform_scheduler_core.u_fft_scratch_sram.i_half\[11\],25.25µm
u_transform_scheduler_core.u_mixed_radix_butterfly.low_rr_reg\[6\],25.25µm
u_transform_scheduler_core.u_mixed_radix_butterfly.product_ii_reg\[5\],25.25µm
_00040_,25.2µm
_02009_,25.2µm
_03176_,25.2µm
_04204_,25.2µm
_04455_,25.2µm
_04653_,25.2µm
_04957_,25.2µm
_06014_,25.2µm
_06083_,25.2µm
_06975_,25.2µm
_07005_,25.2µm
_07074_,25.2µm
_07374_,25.2µm
_07676_,25.2µm
_07783_,25.2µm
_07835_,25.2µm
_08004_,25.2µm
_08349_,25.2µm
_08537_,25.2µm
_08942_,25.2µm
u_transform_scheduler_core.tx_dft12_hold_q\[2\]\[2\],25.2µm
u_transform_scheduler_core.u_mixed_radix_butterfly.premultiply_half_sum_q_reg\[6\],25.2µm
u_transform_scheduler_core.u_mixed_radix_butterfly.twiddle_im_reg\[0\],25.2µm
_06055_,25.14µm
dout[3],25.13µm
_02435_,24.74µm
_04039_,24.74µm
_04584_,24.74µm
_06216_,24.74µm
_07531_,24.74µm
_08224_,24.74µm
_08360_,24.74µm
u_transform_scheduler_core.dft12_ram_q\[7\]\[1\],24.74µm
u_transform_scheduler_core.fft_mem_rdata\[4\],24.74µm
u_transform_scheduler_core.mod_diag_X0_i\[1\],24.74µm
u_transform_scheduler_core.mod_diag_X0_i\[6\],24.74µm
u_transform_scheduler_core.tx_dft12_hold_q\[0\]\[1\],24.74µm
u_transform_scheduler_core.u_mixed_radix_butterfly.arithmetic_x0_i_reg\[13\],24.74µm
u_transform_scheduler_core.u_mixed_radix_butterfly.final_scalar_product_reg\[3\],24.74µm
u_transform_scheduler_core.u_mixed_radix_butterfly.high_iq_reg\[8\],24.74µm
u_transform_scheduler_core.u_mixed_radix_butterfly.premultiply_input_i_reg\[4\],24.74µm
u_transform_scheduler_core.u_mixed_radix_butterfly.premultiply_x0_q_reg\[3\],24.74µm
u_transform_scheduler_core.u_mixed_radix_butterfly.x1_i_ext\[4\],24.74µm
u_transform_scheduler_core.u_tdiq_output_cp_insert.responses_left\[6\],24.74µm
_02115_,24.69µm
_02203_,24.69µm
_02941_,24.69µm
_03565_,24.69µm
_03659_,24.69µm
_04005_,24.69µm
_04183_,24.69µm
_05132_,24.69µm
_05479_,24.69µm
_06886_,24.69µm
_07482_,24.69µm
_07766_,24.69µm
_08192_,24.69µm
_08233_,24.69µm
_09047_,24.69µm
debug_wdata\[10\],24.69µm
u_transform_scheduler_core.u_fft_scratch_sram.i_half\[7\],24.69µm
u_transform_scheduler_core.u_mixed_radix_butterfly.low_iq_reg\[11\],24.69µm
u_transform_scheduler_core.u_mixed_radix_butterfly.low_iq_reg\[1\],24.69µm
u_transform_scheduler_core.u_tdiq_input_cp_remove.held_i\[5\],24.69µm
u_transform_scheduler_core.u_tdiq_output_cp_insert.pace_count\[1\],24.69µm
_00129_,24.64µm
_01081_,24.64µm
_01723_,24.64µm
_02110_,24.64µm
_03525_,24.64µm
_03634_,24.64µm
_04216_,24.64µm
_04650_,24.64µm
_05097_,24.64µm
_05145_,24.64µm
_05351_,24.64µm
_05721_,24.64µm
_05977_,24.64µm
_06496_,24.64µm
_06724_,24.64µm
_07320_,24.64µm
_07504_,24.64µm
_07852_,24.64µm
_08714_,24.64µm
_08847_,24.64µm
_08951_,24.64µm
u_transform_scheduler_core.dft12_ram_q\[7\]\[4\],24.64µm
u_transform_scheduler_core.fifo_x1_i\[0\]\[8\],24.64µm
u_transform_scheduler_core.tx_dft12_hold_i\[1\]\[2\],24.64µm
u_transform_scheduler_core.u_fft_scratch_sram.u_lo.macro_wdata\[2\],24.55µm
u_transform_scheduler_core.u_fft_scratch_sram.u_lo.macro_addr\[0\],24.5µm
_08874_,24.23µm
u_transform_scheduler_core.dft12_ram_q\[0\]\[9\],24.23µm
u_transform_scheduler_core.u_fft128_modulo_controller.fetch_x1_i\[2\],24.23µm
_03890_,24.18µm
_04291_,24.18µm
_07158_,24.18µm
_07736_,24.18µm
_08586_,24.18µm
u_transform_scheduler_core.dft12_ram_i\[8\]\[10\],24.18µm
u_transform_scheduler_core.result_meta_radix3\[2\]\[0\],24.18µm
_01406_,24.13µm
_02023_,24.13µm
_02043_,24.13µm
_02193_,24.13µm
_02662_,24.13µm
_03063_,24.13µm
_03247_,24.13µm
_04029_,24.13µm
_04259_,24.13µm
_04807_,24.13µm
_04977_,24.13µm
_06474_,24.13µm
_07745_,24.13µm
_08042_,24.13µm
_08245_,24.13µm
_08308_,24.13µm
_08745_,24.13µm
debug_read_latch\[2\],24.13µm
u_transform_scheduler_core.dft12_ram_q\[7\]\[13\],24.13µm
u_transform_scheduler_core.fifo_x1_i\[0\]\[6\],24.13µm
u_transform_scheduler_core.fifo_x1_q\[0\]\[4\],24.13µm
u_transform_scheduler_core.fifo_x2_i\[0\]\[5\],24.13µm
u_transform_scheduler_core.rx_small_x0_q\[10\],24.13µm
u_transform_scheduler_core.rx_small_x0_q\[1\],24.13µm
u_transform_scheduler_core.u_mixed_radix_butterfly.arithmetic_half_sum_q_reg\[7\],24.13µm
u_transform_scheduler_core.u_mixed_radix_butterfly.arithmetic_x0_i_reg\[3\],24.13µm
u_transform_scheduler_core.u_mixed_radix_butterfly.high_iq_reg\[11\],24.13µm
u_transform_scheduler_core.u_mixed_radix_butterfly.product_ii_reg\[0\],24.13µm
_02031_,24.08µm
_02150_,24.08µm
_02856_,24.08µm
_03877_,24.08µm
_04021_,24.08µm
_05627_,24.08µm
_05666_,24.08µm
_06034_,24.08µm
_06114_,24.08µm
_06186_,24.08µm
_07135_,24.08µm
_07150_,24.08µm
_07196_,24.08µm
_07572_,24.08µm
_07580_,24.08µm
_07770_,24.08µm
_07936_,24.08µm
_07954_,24.08µm
u_transform_scheduler_core.tx_dft12_hold_q\[2\]\[8\],24.08µm
u_transform_scheduler_core.u_fft_scratch_sram.u_hi.macro_addr\[7\],23.94µm
_08422_,23.72µm
_07678_,23.67µm
u_transform_scheduler_core.u_mixed_radix_butterfly.high_rr_reg\[12\],23.67µm
u_transform_scheduler_core.u_mixed_radix_butterfly.product_rq_reg\[19\],23.67µm
dout[2],23.63µm
_02156_,23.62µm
_02498_,23.62µm
_02748_,23.62µm
_03986_,23.62µm
_04019_,23.62µm
_04027_,23.62µm
_04174_,23.62µm
_05247_,23.62µm
_05619_,23.62µm
_06438_,23.62µm
_07406_,23.62µm
_07733_,23.62µm
_07798_,23.62µm
_07898_,23.62µm
_08810_,23.62µm
u_transform_scheduler_core.dft12_ram_i\[5\]\[1\],23.62µm
u_transform_scheduler_core.ofdm_sample_q\[6\],23.62µm
u_transform_scheduler_core.rx_small_x1_i\[7\],23.62µm
u_transform_scheduler_core.tx_dft12_hold_q\[2\]\[9\],23.62µm
u_transform_scheduler_core.u_fdiq_output_adapter.state\[2\],23.62µm
u_transform_scheduler_core.u_fft128_modulo_controller.fetch_x1_i\[15\],23.62µm
u_transform_scheduler_core.u_mixed_radix_butterfly.premultiply_half_sum_q_reg\[7\],23.62µm
u_transform_scheduler_core.u_mixed_radix_butterfly.premultiply_twiddle_im_reg\[1\],23.62µm
u_transform_scheduler_core.u_mixed_radix_butterfly.x0_i_ext\[14\],23.62µm
_02213_,23.57µm
_02749_,23.57µm
_02844_,23.57µm
_03638_,23.57µm
_03903_,23.57µm
_03926_,23.57µm
_04040_,23.57µm
_04189_,23.57µm
_04897_,23.57µm
_05175_,23.57µm
_05378_,23.57µm
_05595_,23.57µm
_06307_,23.57µm
_06828_,23.57µm
_07848_,23.57µm
_08088_,23.57µm
u_transform_scheduler_core.fft_mem_rdata\[24\],23.57µm
u_transform_scheduler_core.fft_mem_rdata\[9\],23.57µm
u_transform_scheduler_core.fifo_x2_i\[0\]\[3\],23.57µm
u_transform_scheduler_core.rx_small_x1_i\[6\],23.57µm
u_transform_scheduler_core.u_fft128_modulo_controller.fetch_x1_q\[8\],23.57µm
u_transform_scheduler_core.u_mixed_radix_butterfly.arithmetic_half_sum_q_reg\[2\],23.57µm
u_transform_scheduler_core.u_mixed_radix_butterfly.low_ii_reg\[13\],23.57µm
u_transform_scheduler_core.u_mixed_radix_butterfly.premultiply_x0_i_reg\[11\],23.57µm
_08839_,23.53µm
_00113_,23.52µm
_00262_,23.52µm
_01057_,23.52µm
_02254_,23.52µm
_02262_,23.52µm
_02688_,23.52µm
_03718_,23.52µm
_03806_,23.52µm
_03989_,23.52µm
_04601_,23.52µm
_04730_,23.52µm
_04788_,23.52µm
_05141_,23.52µm
_05771_,23.52µm
_06294_,23.52µm
_06352_,23.52µm
_06708_,23.52µm
_06888_,23.52µm
_07167_,23.52µm
_08807_,23.52µm
_08887_,23.52µm
u_transform_scheduler_core.fifo_x1_q\[0\]\[5\],23.52µm
u_transform_scheduler_core.rx_fft128_i\[0\],23.52µm
u_transform_scheduler_core.tx_dft12_hold_i\[0\]\[9\],23.52µm
u_transform_scheduler_core.u_mixed_radix_butterfly.premultiply_twiddle_re_reg\[0\],23.52µm
u_transform_scheduler_core.tx_dft12_hold_q\[1\]\[1\],23.11µm
_04078_,23.06µm
_04412_,23.06µm
_04933_,23.06µm
_06178_,23.06µm
_06734_,23.06µm
_07295_,23.06µm
_07347_,23.06µm
debug_wdata\[13\],23.06µm
u_transform_scheduler_core.rx_small_x0_q\[0\],23.06µm
u_transform_scheduler_core.rx_state\[9\],23.06µm
u_transform_scheduler_core.tx_dft12_hold_q\[0\]\[8\],23.06µm
u_transform_scheduler_core.u_fdiq_input_adapter.expect_q,23.06µm
u_transform_scheduler_core.u_fft_scratch_sram.i_half\[4\],23.06µm
u_transform_scheduler_core.u_mixed_radix_butterfly.high_iq_reg\[13\],23.06µm
u_transform_scheduler_core.u_mixed_radix_butterfly.low_ii_reg\[14\],23.06µm
u_transform_scheduler_core.u_mixed_radix_butterfly.premultiply_half_sum_i_reg\[11\],23.06µm
_00813_,23.01µm
_01519_,23.01µm
_02120_,23.01µm
_02212_,23.01µm
_02366_,23.01µm
_02439_,23.01µm
_03025_,23.01µm
_03384_,23.01µm
_03730_,23.01µm
_03995_,23.01µm
_04500_,23.01µm
_04848_,23.01µm
_05823_,23.01µm
_06399_,23.01µm
_06783_,23.01µm
_07235_,23.01µm
_07767_,23.01µm
_07807_,23.01µm
_08361_,23.01µm
_08395_,23.01µm
_08677_,23.01µm
u_transform_scheduler_core.rx_small_x1_i\[0\],23.01µm
u_transform_scheduler_core.tx_dft12_hold_q\[1\]\[13\],23.01µm
u_transform_scheduler_core.u_fdiq_output_adapter.state\[0\],23.01µm
u_transform_scheduler_core.u_fft128_modulo_controller.fetch_x1_i\[7\],23.01µm
u_transform_scheduler_core.u_mixed_radix_butterfly.arithmetic_half_sum_i_reg\[13\],23.01µm
u_transform_scheduler_core.u_mixed_radix_butterfly.arithmetic_half_sum_q_reg\[6\],23.01µm
u_transform_scheduler_core.u_mixed_radix_butterfly.arithmetic_uop_reg\[0\],23.01µm
u_transform_scheduler_core.u_mixed_radix_butterfly.arithmetic_x0_q_reg\[8\],23.01µm
u_transform_scheduler_core.u_mixed_radix_butterfly.high_iq_reg\[12\],23.01µm
u_transform_scheduler_core.u_mixed_radix_butterfly.low_iq_reg\[4\],23.01µm
u_transform_scheduler_core.u_mixed_radix_butterfly.premultiply_x0_q_reg\[13\],23.01µm
_00440_,22.96µm
_02963_,22.96µm
_03344_,22.96µm
_04459_,22.96µm
_04604_,22.96µm
_07412_,22.96µm
u_transform_scheduler_core.u_fdiq_input_adapter.held_i\[4\],22.96µm
u_transform_scheduler_core.u_mixed_radix_butterfly.low_rr_reg\[0\],22.96µm
u_transform_scheduler_core.u_fft_scratch_sram.u_lo.macro_wdata\[0\],22.87µm
u_transform_scheduler_core.u_mixed_radix_butterfly.premultiply_half_sum_i_reg\[2\],22.73µm
echo_data\[6\],22.55µm
u_transform_scheduler_core.dft12_ram_i\[6\]\[10\],22.55µm
u_transform_scheduler_core.u_mixed_radix_butterfly.premultiply_input_q_reg\[6\],22.55µm
_03980_,22.5µm
_05599_,22.5µm
_05628_,22.5µm
_06145_,22.5µm
_06508_,22.5µm
_07237_,22.5µm
_07453_,22.5µm
_07685_,22.5µm
_07716_,22.5µm
_07880_,22.5µm
_08096_,22.5µm
_08235_,22.5µm
_08353_,22.5µm
_08746_,22.5µm
u_transform_scheduler_core.tx_dft12_hold_i\[1\]\[12\],22.5µm
u_transform_scheduler_core.tx_dft12_hold_q\[2\]\[7\],22.5µm
u_transform_scheduler_core.tx_sample_q\[10\],22.5µm
u_transform_scheduler_core.u_fft128_modulo_controller.fetch_x1_i\[10\],22.5µm
u_transform_scheduler_core.u_mixed_radix_butterfly.arithmetic_half_sum_i_reg\[8\],22.5µm
u_transform_scheduler_core.u_mixed_radix_butterfly.low_iq_reg\[0\],22.5µm
u_transform_scheduler_core.u_mixed_radix_butterfly.low_rq_reg\[1\],22.5µm
u_transform_scheduler_core.u_mixed_radix_butterfly.low_rq_reg\[6\],22.5µm
u_transform_scheduler_core.u_mixed_radix_butterfly.premultiply_half_sum_i_reg\[4\],22.5µm
u_transform_scheduler_core.u_mixed_radix_butterfly.premultiply_x0_i_reg\[3\],22.5µm
u_transform_scheduler_core.u_mixed_radix_butterfly.x0_i_ext\[7\],22.5µm
_00164_,22.45µm
_00763_,22.45µm
_02004_,22.45µm
_02082_,22.45µm
_02134_,22.45µm
_02846_,22.45µm
_02929_,22.45µm
_03966_,22.45µm
_04199_,22.45µm
_04387_,22.45µm
_04771_,22.45µm
_04991_,22.45µm
_05283_,22.45µm
_06422_,22.45µm
_07071_,22.45µm
_07662_,22.45µm
_07696_,22.45µm
_07875_,22.45µm
_08369_,22.45µm
_08491_,22.45µm
_08729_,22.45µm
u_transform_scheduler_core.mod_x0_q\[7\],22.45µm
u_transform_scheduler_core.rx_small_x1_q\[10\],22.45µm
u_transform_scheduler_core.u_fft_scratch_sram.i_half\[2\],22.45µm
u_transform_scheduler_core.u_mixed_radix_butterfly.high_iq_reg\[0\],22.45µm
u_transform_scheduler_core.u_mixed_radix_butterfly.low_rq_reg\[12\],22.45µm
_00336_,22.4µm
_01029_,22.4µm
_02687_,22.4µm
_03906_,22.4µm
_05064_,22.4µm
_05088_,22.4µm
_05775_,22.4µm
_05824_,22.4µm
_06046_,22.4µm
_06401_,22.4µm
_06495_,22.4µm
_07002_,22.4µm
_07060_,22.4µm
_07069_,22.4µm
_07512_,22.4µm
_08094_,22.4µm
_08655_,22.4µm
_08928_,22.4µm
u_transform_scheduler_core.u_mixed_radix_butterfly.low_rq_reg\[2\],22.4µm
_05735_,22.34µm
_05115_,22.05µm
_04424_,22.04µm
_07809_,22.04µm
u_transform_scheduler_core.ofdm_sample_index\[0\],21.99µm
_02290_,21.94µm
_04217_,21.94µm
_07120_,21.94µm
_07284_,21.94µm
_07386_,21.94µm
_07559_,21.94µm
_07749_,21.94µm
_08169_,21.94µm
_08328_,21.94µm
_08683_,21.94µm
debug_wdata\[7\],21.94µm
u_transform_scheduler_core.mod_x0_i\[14\],21.94µm
u_transform_scheduler_core.mod_x0_q\[2\],21.94µm
u_transform_scheduler_core.u_fft_scratch_sram.macro_write,21.94µm
u_transform_scheduler_core.u_mixed_radix_butterfly.arithmetic_x0_i_reg\[6\],21.94µm
u_transform_scheduler_core.u_mixed_radix_butterfly.high_rr_reg\[13\],21.94µm
u_transform_scheduler_core.u_tdiq_output_cp_insert.requests_left\[8\],21.94µm
_01077_,21.89µm
_01603_,21.89µm
_02236_,21.89µm
_02279_,21.89µm
_02328_,21.89µm
_02694_,21.89µm
_03136_,21.89µm
_03363_,21.89µm
_03927_,21.89µm
_03972_,21.89µm
_04369_,21.89µm
_05039_,21.89µm
_05193_,21.89µm
_05229_,21.89µm
_05294_,21.89µm
_05478_,21.89µm
_06323_,21.89µm
_06477_,21.89µm
_06797_,21.89µm
_06903_,21.89µm
_07336_,21.89µm
_07411_,21.89µm
_07422_,21.89µm
_07427_,21.89µm
_07645_,21.89µm
_07804_,21.89µm
_08630_,21.89µm
echo_data\[5\],21.89µm
u_transform_scheduler_core.fft_mem_rdata\[31\],21.89µm
u_transform_scheduler_core.fifo_x0_q\[0\]\[1\],21.89µm
u_transform_scheduler_core.ofdm_sample_q\[2\],21.89µm
u_transform_scheduler_core.result_meta_radix3\[1\]\[0\],21.89µm
u_transform_scheduler_core.result_meta_write_pointer\[0\],21.89µm
u_transform_scheduler_core.rx_fft128_i\[4\],21.89µm
u_transform_scheduler_core.tx_dft12_hold_i\[2\]\[12\],21.89µm
u_transform_scheduler_core.u_mixed_radix_butterfly.arithmetic_x0_q_reg\[15\],21.89µm
u_transform_scheduler_core.u_mixed_radix_butterfly.combine_sum_q_reg\[0\],21.89µm
u_transform_scheduler_core.u_mixed_radix_butterfly.high_rq_reg\[6\],21.89µm
u_transform_scheduler_core.u_mixed_radix_butterfly.low_iq_reg\[7\],21.89µm
u_transform_scheduler_core.u_mixed_radix_butterfly.premultiply_x0_i_reg\[0\],21.89µm
u_transform_scheduler_core.u_mixed_radix_butterfly.x0_i_ext\[15\],21.89µm
_00727_,21.84µm
_02099_,21.84µm
_02198_,21.84µm
_02555_,21.84µm
_03268_,21.84µm
_03504_,21.84µm
_03868_,21.84µm
_04105_,21.84µm
_04881_,21.84µm
_04960_,21.84µm
_05059_,21.84µm
_05300_,21.84µm
_05311_,21.84µm
_05734_,21.84µm
_06331_,21.84µm
_07227_,21.84µm
_07413_,21.84µm
_07438_,21.84µm
_07606_,21.84µm
_07980_,21.84µm
_08297_,21.84µm
_08396_,21.84µm
_08572_,21.84µm
_08591_,21.84µm
_08639_,21.84µm
_08918_,21.84µm
_08952_,21.84µm
u_transform_scheduler_core.dft12_ram_q\[0\]\[4\],21.84µm
u_transform_scheduler_core.tx_dft12_hold_q\[2\]\[12\],21.84µm
u_transform_scheduler_core.u_fft128_modulo_controller.fetch_x1_i\[9\],21.84µm
clk_regs,21.84µm
u_transform_scheduler_core.u_fft_scratch_sram.u_hi.macro_cen,21.7µm
u_transform_scheduler_core.u_fft_scratch_sram.u_hi.macro_wdata\[3\],21.7µm
u_transform_scheduler_core.u_tdiq_output_cp_insert.pace_count\[3\],21.48µm
_02369_,21.43µm
top_state\[3\],21.43µm
_04190_,21.38µm
_04363_,21.38µm
_07267_,21.38µm
_07280_,21.38µm
_08003_,21.38µm
_08527_,21.38µm
u_transform_scheduler_core.fft_mem_rdata\[6\],21.38µm
u_transform_scheduler_core.mod_x0_i\[7\],21.38µm
u_transform_scheduler_core.rx_state\[1\],21.38µm
u_transform_scheduler_core.tx_dft12_hold_q\[0\]\[15\],21.38µm
u_transform_scheduler_core.u_mixed_radix_butterfly.low_iq_reg\[9\],21.38µm
u_transform_scheduler_core.u_mixed_radix_butterfly.low_rq_reg\[5\],21.38µm
u_transform_scheduler_core.u_mixed_radix_butterfly.premultiply_sum_i_reg\[0\],21.38µm
u_transform_scheduler_core.u_mixed_radix_butterfly.premultiply_twiddle_im_reg\[6\],21.38µm
u_transform_scheduler_core.u_mixed_radix_butterfly.product_iq_reg\[21\],21.38µm
_00326_,21.33µm
_00872_,21.33µm
_01846_,21.33µm
_01880_,21.33µm
_02708_,21.33µm
_03863_,21.33µm
_03908_,21.33µm
_04022_,21.33µm
_04316_,21.33µm
_04841_,21.33µm
_04853_,21.33µm
_05353_,21.33µm
_06075_,21.33µm
_06190_,21.33µm
_06835_,21.33µm
_06989_,21.33µm
_07134_,21.33µm
_07255_,21.33µm
_07683_,21.33µm
_07825_,21.33µm
_08411_,21.33µm
_08621_,21.33µm
_08890_,21.33µm
u_transform_scheduler_core.dft12_ram_i\[0\]\[7\],21.33µm
u_transform_scheduler_core.dft12_ram_i\[4\]\[1\],21.33µm
u_transform_scheduler_core.dft12_ram_q\[7\]\[14\],21.33µm
u_transform_scheduler_core.fft_mem_rdata\[5\],21.33µm
u_transform_scheduler_core.tx_dft12_hold_q\[0\]\[12\],21.33µm
u_transform_scheduler_core.u_fft128_modulo_controller.fetch_x1_i\[12\],21.33µm
u_transform_scheduler_core.u_mixed_radix_butterfly.low_ii_reg\[4\],21.33µm
u_transform_scheduler_core.u_mixed_radix_butterfly.low_ii_reg\[6\],21.33µm
u_transform_scheduler_core.u_mixed_radix_butterfly.low_rr_reg\[2\],21.33µm
_00992_,21.28µm
_02000_,21.28µm
_02065_,21.28µm
_02237_,21.28µm
_02752_,21.28µm
_02894_,21.28µm
_03351_,21.28µm
_03670_,21.28µm
_04336_,21.28µm
_04862_,21.28µm
_04880_,21.28µm
_05105_,21.28µm
_05169_,21.28µm
_06360_,21.28µm
_06982_,21.28µm
_07048_,21.28µm
_07305_,21.28µm
_07827_,21.28µm
_07939_,21.28µm
_08211_,21.28µm
_08232_,21.28µm
_08347_,21.28µm
_08555_,21.28µm
_08777_,21.28µm
u_transform_scheduler_core.tx_dft12_hold_i\[0\]\[4\],21.28µm
u_transform_scheduler_core.u_fdiq_input_adapter.held_i\[10\],21.28µm
u_transform_scheduler_core.u_fdiq_input_adapter.held_i\[5\],21.28µm
u_transform_scheduler_core.u_fft_scratch_sram.i_half\[1\],21.28µm
u_transform_scheduler_core.u_mixed_radix_butterfly.product_rr_reg\[5\],21.28µm
_05119_,20.895µm
_02675_,20.87µm
_03771_,20.87µm
_07226_,20.87µm
_07746_,20.87µm
_08619_,20.87µm
u_transform_scheduler_core.rx_small_x0_q\[2\],20.87µm
_03110_,20.82µm
_03740_,20.82µm
_04433_,20.82µm
_05405_,20.82µm
_05500_,20.82µm
_06270_,20.82µm
_07699_,20.82µm
_08458_,20.82µm
debug_wdata\[11\],20.82µm
u_transform_scheduler_core.mod_x0_i\[5\],20.82µm
u_transform_scheduler_core.rx_small_x0_i\[0\],20.82µm
u_transform_scheduler_core.rx_small_x0_q\[3\],20.82µm
u_transform_scheduler_core.u_fft_scratch_sram.saved_wdata\[23\],20.82µm
u_transform_scheduler_core.u_mixed_radix_butterfly.high_rq_reg\[8\],20.82µm
u_transform_scheduler_core.u_mixed_radix_butterfly.high_rr_reg\[10\],20.82µm
u_transform_scheduler_core.u_mixed_radix_butterfly.low_ii_reg\[0\],20.82µm
u_transform_scheduler_core.u_mixed_radix_butterfly.low_rr_reg\[7\],20.82µm
u_transform_scheduler_core.u_mixed_radix_butterfly.premultiply_input_q_reg\[5\],20.82µm
u_transform_scheduler_core.u_mixed_radix_butterfly.premultiply_twiddle_re_reg\[7\],20.82µm
u_transform_scheduler_core.u_mixed_radix_butterfly.premultiply_x0_i_reg\[7\],20.82µm
u_transform_scheduler_core.u_mixed_radix_butterfly.uop_reg\[1\],20.82µm
_00553_,20.77µm
_02066_,20.77µm
_02202_,20.77µm
_02289_,20.77µm
_03509_,20.77µm
_03674_,20.77µm
_03725_,20.77µm
_03912_,20.77µm
_04162_,20.77µm
_04237_,20.77µm
_04325_,20.77µm
_04344_,20.77µm
_05459_,20.77µm
_05650_,20.77µm
_05979_,20.77µm
_07525_,20.77µm
_07561_,20.77µm
_08753_,20.77µm
_08789_,20.77µm
debug_data_hi\[3\],20.77µm
u_transform_scheduler_core.ofdm_sample_q\[3\],20.77µm
u_transform_scheduler_core.rx_fft128_i\[3\],20.77µm
u_transform_scheduler_core.u_fft_scratch_sram.i_half\[15\],20.77µm
u_transform_scheduler_core.u_fft_scratch_sram.saved_addr\[0\],20.77µm
u_transform_scheduler_core.u_mixed_radix_butterfly.low_rq_reg\[4\],20.77µm
u_transform_scheduler_core.u_mixed_radix_butterfly.low_rq_reg\[8\],20.77µm
u_transform_scheduler_core.u_mixed_radix_butterfly.low_rr_reg\[5\],20.77µm
u_transform_scheduler_core.u_mixed_radix_butterfly.product_rr_reg\[6\],20.77µm
u_transform_scheduler_core.u_mixed_radix_butterfly.x0_i_ext\[0\],20.77µm
u_transform_scheduler_core.u_mixed_radix_butterfly.x0_q_ext\[12\],20.77µm
u_transform_scheduler_core.u_mixed_radix_butterfly.x1_i_ext\[7\],20.77µm
_00010_,20.72µm
_00471_,20.72µm
_01072_,20.72µm
_01090_,20.72µm
_01653_,20.72µm
_02021_,20.72µm
_02056_,20.72µm
_02076_,20.72µm
_02132_,20.72µm
_02794_,20.72µm
_03628_,20.72µm
_04042_,20.72µm
_04148_,20.72µm
_04197_,20.72µm
_04272_,20.72µm
_04705_,20.72µm
_05044_,20.72µm
_05165_,20.72µm
_05347_,20.72µm
_05543_,20.72µm
_06855_,20.72µm
_07291_,20.72µm
_07313_,20.72µm
_07400_,20.72µm
_07478_,20.72µm
_07635_,20.72µm
_07860_,20.72µm
_08008_,20.72µm
_08182_,20.72µm
_08373_,20.72µm
_08700_,20.72µm
_08836_,20.72µm
u_transform_scheduler_core.rx_small_x2_i\[0\],20.72µm
u_transform_scheduler_core.tx_dft12_hold_i\[0\]\[10\],20.72µm
u_transform_scheduler_core.tx_dft12_hold_i\[0\]\[1\],20.72µm
u_transform_scheduler_core.tx_dft12_hold_q\[0\]\[9\],20.72µm
u_transform_scheduler_core.u_tdiq_output_cp_insert.responses_left\[3\],20.72µm
_05250_,20.66µm
u_transform_scheduler_core.u_fft_scratch_sram.u_hi.macro_addr\[6\],20.58µm
_04533_,20.32µm
u_transform_scheduler_core.mod_x0_i\[1\],20.31µm
u_transform_scheduler_core.u_tdiq_output_cp_insert.responses_left\[2\],20.31µm
_03982_,20.26µm
_04323_,20.26µm
_05339_,20.26µm
_06166_,20.26µm
_07440_,20.26µm
_08133_,20.26µm
_08348_,20.26µm
u_transform_scheduler_core.fifo_x1_i\[0\]\[0\],20.26µm
u_transform_scheduler_core.mod_x0_q\[13\],20.26µm
u_transform_scheduler_core.rx_small_x1_q\[8\],20.26µm
u_transform_scheduler_core.tx_dft12_hold_i\[2\]\[1\],20.26µm
u_transform_scheduler_core.tx_dft12_hold_i\[2\]\[3\],20.26µm
u_transform_scheduler_core.u_mixed_radix_butterfly.arithmetic_x0_q_reg\[0\],20.26µm
u_transform_scheduler_core.u_mixed_radix_butterfly.premultiply_half_sum_q_reg\[10\],20.26µm
u_transform_scheduler_core.u_mixed_radix_butterfly.premultiply_twiddle_re_reg\[6\],20.26µm
_00077_,20.21µm
_01507_,20.21µm
_01732_,20.21µm
_02071_,20.21µm
_02187_,20.21µm
_02295_,20.21µm
_03306_,20.21µm
_03467_,20.21µm
_03501_,20.21µm
_03531_,20.21µm
_03540_,20.21µm
_03656_,20.21µm
_03838_,20.21µm
_04104_,20.21µm
_04268_,20.21µm
_04443_,20.21µm
_04738_,20.21µm
_05072_,20.21µm
_05143_,20.21µm
_05221_,20.21µm
_05273_,20.21µm
_05318_,20.21µm
_06271_,20.21µm
_06488_,20.21µm
_06812_,20.21µm
_07057_,20.21µm
_07220_,20.21µm
_07533_,20.21µm
_07588_,20.21µm
_07708_,20.21µm
_07799_,20.21µm
_08121_,20.21µm
_08248_,20.21µm
_08317_,20.21µm
_08606_,20.21µm
_08793_,20.21µm
_08863_,20.21µm
_08916_,20.21µm
debug_read_latch\[12\],20.21µm
debug_read_latch\[8\],20.21µm
debug_wdata\[6\],20.21µm
u_transform_scheduler_core.mod_x0_i\[12\],20.21µm
u_transform_scheduler_core.rx_dft12_i\[0\],20.21µm
u_transform_scheduler_core.tx_dft12_hold_i\[0\]\[11\],20.21µm
u_transform_scheduler_core.u_mixed_radix_butterfly.arithmetic_half_sum_q_reg\[4\],20.21µm
u_transform_scheduler_core.u_mixed_radix_butterfly.arithmetic_x0_i_reg\[8\],20.21µm
u_transform_scheduler_core.u_mixed_radix_butterfly.final_scalar_product_reg\[11\],20.21µm
u_transform_scheduler_core.u_mixed_radix_butterfly.low_iq_reg\[3\],20.21µm
u_transform_scheduler_core.u_mixed_radix_butterfly.low_rr_reg\[1\],20.21µm
u_transform_scheduler_core.u_mixed_radix_butterfly.premultiply_half_sum_i_reg\[12\],20.21µm
u_transform_scheduler_core.u_mixed_radix_butterfly.premultiply_twiddle_im_reg\[3\],20.21µm
u_transform_scheduler_core.u_mixed_radix_butterfly.x0_q_ext\[6\],20.21µm
u_transform_scheduler_core.u_tdiq_input_cp_remove.useful_sample_index\[6\],20.21µm
_00050_,20.16µm
_00453_,20.16µm
_00953_,20.16µm
_03196_,20.16µm
_03298_,20.16µm
_03333_,20.16µm
_03488_,20.16µm
_04607_,20.16µm
_05014_,20.16µm
_05033_,20.16µm
_05579_,20.16µm
_06507_,20.16µm
_06958_,20.16µm
_07184_,20.16µm
_07503_,20.16µm
_07604_,20.16µm
_07778_,20.16µm
_08222_,20.16µm
_08262_,20.16µm
_08406_,20.16µm
_08577_,20.16µm
_08661_,20.16µm
_08992_,20.16µm
magic_index\[1\],20.16µm
u_transform_scheduler_core.u_fft_scratch_sram.u_hi.macro_wdata\[2\],20.02µm
_07353_,19.8µm
u_transform_scheduler_core.mod_x0_i\[2\],19.75µm
_03684_,19.7µm
_04522_,19.7µm
_05741_,19.7µm
_05905_,19.7µm
_07638_,19.7µm
_08384_,19.7µm
_08492_,19.7µm
_08548_,19.7µm
_08565_,19.7µm
_08612_,19.7µm
_08667_,19.7µm
_08850_,19.7µm
_08986_,19.7µm
debug_wdata\[2\],19.7µm
u_transform_scheduler_core.rx_fft128_i\[1\],19.7µm
u_transform_scheduler_core.rx_small_x1_q\[0\],19.7µm
u_transform_scheduler_core.u_mixed_radix_butterfly.arithmetic_half_sum_q_reg\[14\],19.7µm
u_transform_scheduler_core.u_mixed_radix_butterfly.twiddle_im_reg\[7\],19.7µm
u_transform_scheduler_core.u_mixed_radix_butterfly.x1_i_ext\[3\],19.7µm
_00203_,19.65µm
_00885_,19.65µm
_00962_,19.65µm
_01059_,19.65µm
_01725_,19.65µm
_01777_,19.65µm
_01781_,19.65µm
_01928_,19.65µm
_02103_,19.65µm
_02690_,19.65µm
_02763_,19.65µm
_02892_,19.65µm
_03190_,19.65µm
_03285_,19.65µm
_03359_,19.65µm
_03734_,19.65µm
_03813_,19.65µm
_04037_,19.65µm
_04250_,19.65µm
_04466_,19.65µm
_04891_,19.65µm
_05018_,19.65µm
_05057_,19.65µm
_05326_,19.65µm
_06515_,19.65µm
_06530_,19.65µm
_07229_,19.65µm
_07916_,19.65µm
_07941_,19.65µm
_08153_,19.65µm
_08284_,19.65µm
_08409_,19.65µm
_08477_,19.65µm
_08502_,19.65µm
_08629_,19.65µm
_08759_,19.65µm
_09014_,19.65µm
debug_addr\[0\],19.65µm
debug_read_latch\[0\],19.65µm
u_transform_scheduler_core.fft_mem_rdata\[29\],19.65µm
u_transform_scheduler_core.fifo_x2_q\[0\]\[6\],19.65µm
u_transform_scheduler_core.mod_x0_i\[11\],19.65µm
u_transform_scheduler_core.rx_dft12_i\[5\],19.65µm
u_transform_scheduler_core.rx_fft128_i\[5\],19.65µm
u_transform_scheduler_core.rx_fft128_index\[4\],19.65µm
u_transform_scheduler_core.tx_dft12_hold_i\[1\]\[14\],19.65µm
u_transform_scheduler_core.tx_dft12_hold_i\[1\]\[15\],19.65µm
u_transform_scheduler_core.tx_dft12_hold_q\[0\]\[6\],19.65µm
u_transform_scheduler_core.u_mixed_radix_butterfly.high_rq_reg\[12\],19.65µm
u_transform_scheduler_core.u_mixed_radix_butterfly.low_rq_reg\[11\],19.65µm
u_transform_scheduler_core.u_mixed_radix_butterfly.x0_q_ext\[7\],19.65µm
_00121_,19.6µm
_00235_,19.6µm
_01091_,19.6µm
_01638_,19.6µm
_01677_,19.6µm
_01813_,19.6µm
_01829_,19.6µm
_02054_,19.6µm
_02347_,19.6µm
_02427_,19.6µm
_02556_,19.6µm
_02775_,19.6µm
_02776_,19.6µm
_02927_,19.6µm
_03007_,19.6µm
_03029_,19.6µm
_03185_,19.6µm
_03280_,19.6µm
_03374_,19.6µm
_03599_,19.6µm
_04085_,19.6µm
_05392_,19.6µm
_05532_,19.6µm
_05900_,19.6µm
_05953_,19.6µm
_06128_,19.6µm
_07288_,19.6µm
_07296_,19.6µm
_07391_,19.6µm
_07485_,19.6µm
_07524_,19.6µm
_07614_,19.6µm
_07780_,19.6µm
_08118_,19.6µm
_08207_,19.6µm
_08381_,19.6µm
_08431_,19.6µm
_08487_,19.6µm
_08583_,19.6µm
_08691_,19.6µm
_08877_,19.6µm
_09038_,19.6µm
u_transform_scheduler_core.ofdm_sample_index\[2\],19.6µm
u_transform_scheduler_core.tx_dft12_hold_q\[0\]\[7\],19.6µm
u_transform_scheduler_core.u_mixed_radix_butterfly.arithmetic_half_sum_i_reg\[3\],19.6µm
u_transform_scheduler_core.u_mixed_radix_butterfly.premultiply_input_i_reg\[3\],19.44µm
_02522_,19.32µm
u_transform_scheduler_core.u_subcarrier_mapper.clear_index\[5\],19.24µm
_02155_,19.19µm
_03959_,19.19µm
u_transform_scheduler_core.u_fdiq_input_adapter.held_i\[1\],19.19µm
_03484_,19.14µm
_04035_,19.14µm
_07554_,19.14µm
_07763_,19.14µm
_07792_,19.14µm
_08214_,19.14µm
_08315_,19.14µm
u_transform_scheduler_core.mod_x0_i\[13\],19.14µm
u_transform_scheduler_core.mod_x0_q\[0\],19.14µm
u_transform_scheduler_core.tx_dft12_hold_i\[2\]\[5\],19.14µm
u_transform_scheduler_core.tx_dft12_hold_q\[2\]\[13\],19.14µm
u_transform_scheduler_core.tx_sample_i\[2\],19.14µm
u_transform_scheduler_core.u_fft_scratch_sram.saved_wdata\[25\],19.14µm
u_transform_scheduler_core.u_mixed_radix_butterfly.premultiply_half_sum_i_reg\[8\],19.14µm
_00058_,19.09µm
_00290_,19.09µm
_00586_,19.09µm
_00754_,19.09µm
_01538_,19.09µm
_01553_,19.09µm
_01590_,19.09µm
_01841_,19.09µm
_02164_,19.09µm
_02172_,19.09µm
_02241_,19.09µm
_02372_,19.09µm
_03401_,19.09µm
_04531_,19.09µm
_04827_,19.09µm
_05245_,19.09µm
_05323_,19.09µm
_06011_,19.09µm
_06106_,19.09µm
_07061_,19.09µm
_07409_,19.09µm
_07555_,19.09µm
_07794_,19.09µm
_08740_,19.09µm
_08798_,19.09µm
_08936_,19.09µm
_09048_,19.09µm
serializer_job_done,19.09µm
u_transform_scheduler_core.dft12_ram_q\[0\]\[8\],19.09µm
u_transform_scheduler_core.fifo_x2_i\[0\]\[4\],19.09µm
u_transform_scheduler_core.mod_x0_q\[11\],19.09µm
u_transform_scheduler_core.ofdm_sample_q\[5\],19.09µm
u_transform_scheduler_core.tx_dft12_hold_i\[0\]\[15\],19.09µm
u_transform_scheduler_core.tx_dft12_hold_i\[1\]\[3\],19.09µm
u_transform_scheduler_core.u_fft128_modulo_controller.pending_writes_done,19.09µm
u_transform_scheduler_core.u_mixed_radix_butterfly.low_rq_reg\[9\],19.09µm
u_transform_scheduler_core.u_mixed_radix_butterfly.premultiply_half_sum_i_reg\[14\],19.09µm
u_transform_scheduler_core.u_mixed_radix_butterfly.premultiply_x0_i_reg\[5\],19.09µm
u_transform_scheduler_core.u_mixed_radix_butterfly.product_iq_reg\[7\],19.09µm
u_transform_scheduler_core.u_mixed_radix_butterfly.product_rq_reg\[22\],19.09µm
_01797_,19.04µm
_01840_,19.04µm
_02022_,19.04µm
_02027_,19.04µm
_02250_,19.04µm
_02374_,19.04µm
_02412_,19.04µm
_03076_,19.04µm
_03106_,19.04µm
_03129_,19.04µm
_03220_,19.04µm
_03257_,19.04µm
_03800_,19.04µm
_03835_,19.04µm
_04225_,19.04µm
_04639_,19.04µm
_04922_,19.04µm
_05130_,19.04µm
_05376_,19.04µm
_07213_,19.04µm
_07262_,19.04µm
_07286_,19.04µm
_07388_,19.04µm
_07842_,19.04µm
_08314_,19.04µm
_08601_,19.04µm
_08651_,19.04µm
_08719_,19.04µm
_08957_,19.04µm
_09005_,19.04µm
u_transform_scheduler_core.mod_diag_addr1\[2\],19.04µm
u_transform_scheduler_core.tx_dft12_hold_q\[1\]\[8\],19.04µm
_08243_,18.98µm
u_transform_scheduler_core.u_mixed_radix_butterfly.high_iq_reg\[9\],18.68µm
_04038_,18.58µm
_04321_,18.58µm
_05227_,18.58µm
_06022_,18.58µm
_06460_,18.58µm
_06624_,18.58µm
_08302_,18.58µm
_08399_,18.58µm
_08438_,18.58µm
_08563_,18.58µm
u_transform_scheduler_core.dft12_ram_q\[0\]\[12\],18.58µm
u_transform_scheduler_core.fifo_x1_q\[0\]\[0\],18.58µm
u_transform_scheduler_core.rx_small_x2_i\[2\],18.58µm
u_transform_scheduler_core.u_mixed_radix_butterfly.twiddle_im_reg\[1\],18.58µm
u_transform_scheduler_core.u_tdiq_input_cp_remove.held_i\[10\],18.58µm
_00111_,18.53µm
_00929_,18.53µm
_02440_,18.53µm
_02449_,18.53µm
_02612_,18.53µm
_02730_,18.53µm
_02760_,18.53µm
_02830_,18.53µm
_02966_,18.53µm
_03100_,18.53µm
_03207_,18.53µm
_03387_,18.53µm
_03784_,18.53µm
_03846_,18.53µm
_03971_,18.53µm
_03999_,18.53µm
_04195_,18.53µm
_04205_,18.53µm
_04742_,18.53µm
_04993_,18.53µm
_05012_,18.53µm
_05342_,18.53µm
_05377_,18.53µm
_05494_,18.53µm
_05629_,18.53µm
_05832_,18.53µm
_06267_,18.53µm
_06356_,18.53µm
_06862_,18.53µm
_07273_,18.53µm
_07372_,18.53µm
_07458_,18.53µm
_08215_,18.53µm
_08223_,18.53µm
_08542_,18.53µm
_08763_,18.53µm
_08972_,18.53µm
debug_data_hi\[6\],18.53µm
u_transform_scheduler_core.rx_small_x1_q\[7\],18.53µm
u_transform_scheduler_core.tx_dft12_hold_q\[2\]\[14\],18.53µm
u_transform_scheduler_core.u_fft_scratch_sram.saved_wdata\[26\],18.53µm
u_transform_scheduler_core.u_fft_scratch_sram.state\[1\],18.53µm
u_transform_scheduler_core.u_mixed_radix_butterfly.arithmetic_x0_i_reg\[14\],18.53µm
u_transform_scheduler_core.u_mixed_radix_butterfly.arithmetic_x0_i_reg\[15\],18.53µm
u_transform_scheduler_core.u_mixed_radix_butterfly.arithmetic_x0_q_reg\[7\],18.53µm
u_transform_scheduler_core.u_mixed_radix_butterfly.premultiply_half_sum_q_reg\[12\],18.53µm
u_transform_scheduler_core.u_mixed_radix_butterfly.premultiply_half_sum_q_reg\[14\],18.53µm
u_transform_scheduler_core.u_mixed_radix_butterfly.premultiply_x0_i_reg\[4\],18.53µm
_00521_,18.48µm
_01010_,18.48µm
_02051_,18.48µm
_02284_,18.48µm
_02649_,18.48µm
_02810_,18.48µm
_02901_,18.48µm
_02948_,18.48µm
_02961_,18.48µm
_03069_,18.48µm
_03154_,18.48µm
_03219_,18.48µm
_03330_,18.48µm
_03429_,18.48µm
_03542_,18.48µm
_04355_,18.48µm
_04715_,18.48µm
_05921_,18.48µm
_06125_,18.48µm
_06556_,18.48µm
_06776_,18.48µm
_07261_,18.48µm
_07429_,18.48µm
_07737_,18.48µm
_07791_,18.48µm
_07795_,18.48µm
_08530_,18.48µm
_08658_,18.48µm
_08782_,18.48µm
_08797_,18.48µm
_08973_,18.48µm
u_transform_scheduler_core.rx_small_x2_i\[4\],18.48µm
u_transform_scheduler_core.u_fft128_modulo_controller.fetch_x1_i\[11\],18.48µm
u_transform_scheduler_core.u_mixed_radix_butterfly.arithmetic_x0_i_reg\[4\],18.48µm
u_transform_scheduler_core.u_mixed_radix_butterfly.x0_q_ext\[9\],18.48µm
u_transform_scheduler_core.u_fft_scratch_sram.u_hi.macro_addr\[0\],18.34µm
_07164_,18.07µm
_00561_,18.02µm
_00599_,18.02µm
_01884_,18.02µm
_02041_,18.02µm
_03810_,18.02µm
_04097_,18.02µm
_04550_,18.02µm
_07722_,18.02µm
_08106_,18.02µm
_08528_,18.02µm
_08551_,18.02µm
_08997_,18.02µm
u_transform_scheduler_core.dft12_ram_i\[9\]\[11\],18.02µm
u_transform_scheduler_core.fft_mem_rdata\[23\],18.02µm
u_transform_scheduler_core.tx_dft12_hold_i\[2\]\[4\],18.02µm
u_transform_scheduler_core.tx_dft12_hold_q\[1\]\[14\],18.02µm
u_transform_scheduler_core.tx_sample_q\[0\],18.02µm
u_transform_scheduler_core.tx_sample_q\[1\],18.02µm
u_transform_scheduler_core.u_mixed_radix_butterfly.arithmetic_half_sum_i_reg\[9\],18.02µm
u_transform_scheduler_core.u_mixed_radix_butterfly.premultiply_x0_q_reg\[4\],18.02µm
u_transform_scheduler_core.u_tdiq_input_cp_remove.cp_length_reg\[0\],18.02µm
_00218_,17.97µm
_00245_,17.97µm
_00301_,17.97µm
_00606_,17.97µm
_00700_,17.97µm
_00935_,17.97µm
_01306_,17.97µm
_01500_,17.97µm
_02030_,17.97µm
_02180_,17.97µm
_02355_,17.97µm
_02942_,17.97µm
_03161_,17.97µm
_03198_,17.97µm
_03352_,17.97µm
_03420_,17.97µm
_03566_,17.97µm
_03603_,17.97µm
_04030_,17.97µm
_04207_,17.97µm
_04246_,17.97µm
_05009_,17.97µm
_05029_,17.97µm
_05144_,17.97µm
_05450_,17.97µm
_05634_,17.97µm
_06614_,17.97µm
_06678_,17.97µm
_06850_,17.97µm
_06896_,17.97µm
_07390_,17.97µm
_07505_,17.97µm
_07669_,17.97µm
_08070_,17.97µm
_08196_,17.97µm
_08301_,17.97µm
_08712_,17.97µm
u_transform_scheduler_core.dft12_ram_i\[0\]\[10\],17.97µm
u_transform_scheduler_core.fft_mem_rdata\[15\],17.97µm
u_transform_scheduler_core.fifo_x2_i\[0\]\[1\],17.97µm
u_transform_scheduler_core.tx_mem_addr\[7\],17.97µm
u_transform_scheduler_core.u_fft_scratch_sram.saved_addr\[2\],17.97µm
u_transform_scheduler_core.u_mixed_radix_butterfly.arithmetic_x0_q_reg\[9\],17.97µm
u_transform_scheduler_core.u_mixed_radix_butterfly.premultiply_input_i_reg\[8\],17.97µm
u_transform_scheduler_core.u_mixed_radix_butterfly.premultiply_x0_q_reg\[7\],17.97µm
_01035_,17.92µm
_01955_,17.92µm
_02696_,17.92µm
_02859_,17.92µm
_03437_,17.92µm
_03699_,17.92µm
_04821_,17.92µm
_04854_,17.92µm
_04884_,17.92µm
_05134_,17.92µm
_05255_,17.92µm
_05601_,17.92µm
_06133_,17.92µm
_06158_,17.92µm
_06641_,17.92µm
_06897_,17.92µm
_07886_,17.92µm
_08123_,17.92µm
_08359_,17.92µm
_08696_,17.92µm
u_transform_scheduler_core.ofdm_sample_i\[10\],17.92µm
u_transform_scheduler_core.u_mixed_radix_butterfly.arithmetic_x0_q_reg\[1\],17.92µm
u_transform_scheduler_core.u_fft_scratch_sram.u_lo.macro_wdata\[5\],17.78µm
_04067_,17.56µm
_04359_,17.51µm
_05610_,17.51µm
_06965_,17.51µm
_07472_,17.51µm
_08241_,17.51µm
_08291_,17.51µm
u_transform_scheduler_core.fifo_x0_i\[0\]\[2\],17.51µm
u_transform_scheduler_core.mod_diag_X0_q\[4\],17.51µm
_02329_,17.46µm
_04305_,17.46µm
_04581_,17.46µm
_05292_,17.46µm
_07247_,17.46µm
_07272_,17.46µm
_07515_,17.46µm
_07717_,17.46µm
_08095_,17.46µm
_08158_,17.46µm
_08167_,17.46µm
_08419_,17.46µm
_08571_,17.46µm
_08631_,17.46µm
_09021_,17.46µm
u_transform_scheduler_core.fifo_x2_i\[0\]\[2\],17.46µm
u_transform_scheduler_core.fifo_x2_q\[0\]\[5\],17.46µm
u_transform_scheduler_core.mod_x0_i\[9\],17.46µm
u_transform_scheduler_core.rx_dft12_i\[10\],17.46µm
u_transform_scheduler_core.rx_small_x0_i\[3\],17.46µm
u_transform_scheduler_core.tx_dft12_hold_i\[0\]\[14\],17.46µm
u_transform_scheduler_core.tx_dft12_hold_i\[1\]\[8\],17.46µm
u_transform_scheduler_core.u_mixed_radix_butterfly.arithmetic_half_sum_q_reg\[10\],17.46µm
u_transform_scheduler_core.u_mixed_radix_butterfly.low_ii_reg\[1\],17.46µm
u_transform_scheduler_core.u_mixed_radix_butterfly.premultiply_half_sum_q_reg\[13\],17.46µm
_00053_,17.41µm
_00221_,17.41µm
_00488_,17.41µm
_00861_,17.41µm
_00868_,17.41µm
_01975_,17.41µm
_02162_,17.41µm
_02817_,17.41µm
_02965_,17.41µm
_03060_,17.41µm
_03688_,17.41µm
_03702_,17.41µm
_04244_,17.41µm
_05042_,17.41µm
_05166_,17.41µm
_05287_,17.41µm
_05424_,17.41µm
_05659_,17.41µm
_05708_,17.41µm
_05760_,17.41µm
_05903_,17.41µm
_06234_,17.41µm
_06428_,17.41µm
_06585_,17.41µm
_06854_,17.41µm
_07155_,17.41µm
_07311_,17.41µm
_07314_,17.41µm
_07343_,17.41µm
_08080_,17.41µm
_08161_,17.41µm
_08436_,17.41µm
_08851_,17.41µm
u_transform_scheduler_core.mod_x0_q\[1\],17.41µm
u_transform_scheduler_core.u_fft_scratch_sram.saved_wdata\[22\],17.41µm
u_transform_scheduler_core.u_mixed_radix_butterfly.low_ii_reg\[7\],17.41µm
_00377_,17.36µm
_01013_,17.36µm
_01061_,17.36µm
_01849_,17.36µm
_02689_,17.36µm
_02757_,17.36µm
_02789_,17.36µm
_03639_,17.36µm
_03850_,17.36µm
_04230_,17.36µm
_04564_,17.36µm
_04718_,17.36µm
_04812_,17.36µm
_05136_,17.36µm
_05275_,17.36µm
_05485_,17.36µm
_05875_,17.36µm
_05932_,17.36µm
_06230_,17.36µm
_06572_,17.36µm
_06814_,17.36µm
_06825_,17.36µm
_07477_,17.36µm
_08884_,17.36µm
_08953_,17.36µm
u_transform_scheduler_core.u_mixed_radix_butterfly.premultiply_uop_reg\[1\],17.36µm
u_transform_scheduler_core.u_mixed_radix_butterfly.x0_i_ext\[9\],17.36µm
u_transform_scheduler_core.u_fft_scratch_sram.u_hi.macro_addr\[3\],17.22µm
u_transform_scheduler_core.u_fft_scratch_sram.u_hi.macro_wdata\[1\],17.22µm
u_transform_scheduler_core.u_mixed_radix_butterfly.final_scalar_product_reg\[13\],17.13µm
_07535_,16.95µm
u_transform_scheduler_core.fft_mem_rdata\[27\],16.95µm
u_transform_scheduler_core.u_fft_scratch_sram.saved_addr\[6\],16.95µm
u_transform_scheduler_core.u_mixed_radix_butterfly.arithmetic_x0_q_reg\[10\],16.95µm
_01079_,16.9µm
_02078_,16.9µm
_02734_,16.9µm
_04010_,16.9µm
_04261_,16.9µm
_05437_,16.9µm
_06265_,16.9µm
_07154_,16.9µm
_07368_,16.9µm
_07824_,16.9µm
_08170_,16.9µm
_08290_,16.9µm
_08554_,16.9µm
_08708_,16.9µm
_09007_,16.9µm
u_transform_scheduler_core.mod_x0_i\[8\],16.9µm
u_transform_scheduler_core.rx_small_x0_i\[1\],16.9µm
u_transform_scheduler_core.tx_dft12_hold_i\[1\]\[0\],16.9µm
u_transform_scheduler_core.tx_dft12_hold_i\[1\]\[9\],16.9µm
u_transform_scheduler_core.tx_dft12_hold_q\[0\]\[13\],16.9µm
u_transform_scheduler_core.u_fdiq_input_adapter.held_i\[3\],16.9µm
u_transform_scheduler_core.u_fft_scratch_sram.saved_wdata\[31\],16.9µm
u_transform_scheduler_core.u_mixed_radix_butterfly.arithmetic_half_sum_i_reg\[7\],16.9µm
u_transform_scheduler_core.u_mixed_radix_butterfly.combine_uop_reg\[1\],16.9µm
u_transform_scheduler_core.u_mixed_radix_butterfly.premultiply_half_sum_i_reg\[9\],16.9µm
u_transform_scheduler_core.u_mixed_radix_butterfly.premultiply_input_i_reg\[0\],16.9µm
u_transform_scheduler_core.u_mixed_radix_butterfly.premultiply_x0_q_reg\[2\],16.9µm
u_transform_scheduler_core.u_tdiq_input_cp_remove.held_i\[3\],16.9µm
_05662_,16.88µm
_00131_,16.85µm
_00282_,16.85µm
_00376_,16.85µm
_00775_,16.85µm
_00776_,16.85µm
_00907_,16.85µm
_01002_,16.85µm
_01044_,16.85µm
_02595_,16.85µm
_02803_,16.85µm
_02839_,16.85µm
_03113_,16.85µm
_03434_,16.85µm
_03510_,16.85µm
_03592_,16.85µm
_04128_,16.85µm
_04436_,16.85µm
_04462_,16.85µm
_04831_,16.85µm
_04896_,16.85µm
_05196_,16.85µm
_05299_,16.85µm
_05435_,16.85µm
_05455_,16.85µm
_05482_,16.85µm
_05522_,16.85µm
_05836_,16.85µm
_05871_,16.85µm
_05901_,16.85µm
_05983_,16.85µm
_06272_,16.85µm
_06309_,16.85µm
_06792_,16.85µm
_06826_,16.85µm
_07122_,16.85µm
_07321_,16.85µm
_07506_,16.85µm
_07630_,16.85µm
_07732_,16.85µm
_07965_,16.85µm
_08227_,16.85µm
_08483_,16.85µm
_08486_,16.85µm
_08493_,16.85µm
_08574_,16.85µm
_09040_,16.85µm
u_transform_scheduler_core.dft12_ram_i\[0\]\[0\],16.85µm
u_transform_scheduler_core.fft_mem_rdata\[14\],16.85µm
u_transform_scheduler_core.rx_dft12_i\[3\],16.85µm
u_transform_scheduler_core.tx_dft12_hold_i\[0\]\[0\],16.85µm
u_transform_scheduler_core.tx_dft12_hold_i\[2\]\[2\],16.85µm
u_transform_scheduler_core.u_fft_scratch_sram.saved_addr\[3\],16.85µm
u_transform_scheduler_core.u_fft_scratch_sram.saved_wdata\[18\],16.85µm
_00142_,16.8µm
_00161_,16.8µm
_00162_,16.8µm
_00474_,16.8µm
_00580_,16.8µm
_01084_,16.8µm
_01711_,16.8µm
_01814_,16.8µm
_02060_,16.8µm
_02306_,16.8µm
_02545_,16.8µm
_02745_,16.8µm
_03006_,16.8µm
_03032_,16.8µm
_03041_,16.8µm
_03507_,16.8µm
_03548_,16.8µm
_03763_,16.8µm
_03770_,16.8µm
_03983_,16.8µm
_04254_,16.8µm
_04360_,16.8µm
_04687_,16.8µm
_04789_,16.8µm
_04866_,16.8µm
_04926_,16.8µm
_05414_,16.8µm
_05560_,16.8µm
_05800_,16.8µm
_06180_,16.8µm
_06291_,16.8µm
_06775_,16.8µm
_07085_,16.8µm
_07186_,16.8µm
_07416_,16.8µm
_07419_,16.8µm
_07449_,16.8µm
_07487_,16.8µm
_07528_,16.8µm
_07579_,16.8µm
_08271_,16.8µm
_08285_,16.8µm
_08517_,16.8µm
_08725_,16.8µm
_08854_,16.8µm
core_ofdm_active,16.8µm
output_left\[7\],16.8µm
u_transform_scheduler_core.mod_x0_i\[4\],16.8µm
u_transform_scheduler_core.u_mixed_radix_butterfly.premultiply_input_i_reg\[2\],16.8µm
_02907_,16.74µm
u_transform_scheduler_core.u_fft_scratch_sram.u_lo.macro_addr\[6\],16.66µm
u_transform_scheduler_core.u_fft_scratch_sram.u_lo.macro_wdata\[1\],16.66µm
_01991_,16.39µm
_03979_,16.39µm
_07340_,16.39µm
_07405_,16.39µm
debug_data_hi\[5\],16.39µm
u_transform_scheduler_core.ofdm_sample_index\[5\],16.39µm
_03888_,16.34µm
_03993_,16.34µm
_04023_,16.34µm
_04314_,16.34µm
_06252_,16.34µm
_07682_,16.34µm
_08270_,16.34µm
_08993_,16.34µm
debug_wdata\[1\],16.34µm
debug_wdata\[4\],16.34µm
top_state\[15\],16.34µm
u_transform_scheduler_core.fft_mem_rdata\[22\],16.34µm
u_transform_scheduler_core.mod_x0_q\[15\],16.34µm
u_transform_scheduler_core.rx_small_x2_i\[1\],16.34µm
u_transform_scheduler_core.rx_small_x2_i\[3\],16.34µm
u_transform_scheduler_core.rx_small_x2_i\[5\],16.34µm
u_transform_scheduler_core.tx_dft12_hold_q\[2\]\[0\],16.34µm
u_transform_scheduler_core.u_mixed_radix_butterfly.premultiply_x0_i_reg\[13\],16.34µm
u_transform_scheduler_core.u_mixed_radix_butterfly.product_rq_reg\[7\],16.34µm
_00316_,16.29µm
_00579_,16.29µm
_01075_,16.29µm
_01087_,16.29µm
_01155_,16.29µm
_01573_,16.29µm
_02029_,16.29µm
_02767_,16.29µm
_02816_,16.29µm
_02858_,16.29µm
_02891_,16.29µm
_02979_,16.29µm
_03075_,16.29µm
_03163_,16.29µm
_03263_,16.29µm
_03320_,16.29µm
_03410_,16.29µm
_03687_,16.29µm
_03742_,16.29µm
_03774_,16.29µm
_03782_,16.29µm
_03787_,16.29µm
_03799_,16.29µm
_03821_,16.29µm
_04006_,16.29µm
_04196_,16.29µm
_04427_,16.29µm
_04468_,16.29µm
_04606_,16.29µm
_04647_,16.29µm
_04759_,16.29µm
_05010_,16.29µm
_05058_,16.29µm
_05161_,16.29µm
_05388_,16.29µm
_05715_,16.29µm
_05986_,16.29µm
_06288_,16.29µm
_06368_,16.29µm
_06639_,16.29µm
_06930_,16.29µm
_07056_,16.29µm
_07585_,16.29µm
_07666_,16.29µm
_07788_,16.29µm
_08092_,16.29µm
_08495_,16.29µm
_08829_,16.29µm
_08940_,16.29µm
_08946_,16.29µm
_09031_,16.29µm
debug_read_latch\[5\],16.29µm
debug_read_latch\[6\],16.29µm
u_transform_scheduler_core.tx_dft12_hold_i\[2\]\[11\],16.29µm
u_transform_scheduler_core.u_mixed_radix_butterfly.arithmetic_half_sum_i_reg\[11\],16.29µm
_01048_,16.24µm
_01182_,16.24µm
_01710_,16.24µm
_02278_,16.24µm
_02744_,16.24µm
_03070_,16.24µm
_03201_,16.24µm
_03206_,16.24µm
_03314_,16.24µm
_03530_,16.24µm
_03663_,16.24µm
_03870_,16.24µm
_04103_,16.24µm
_04391_,16.24µm
_04536_,16.24µm
_04734_,16.24µm
_04909_,16.24µm
_05005_,16.24µm
_05017_,16.24µm
_05217_,16.24µm
_05309_,16.24µm
_05432_,16.24µm
_05537_,16.24µm
_05612_,16.24µm
_06001_,16.24µm
_06108_,16.24µm
_06334_,16.24µm
_06700_,16.24µm
_06785_,16.24µm
_06974_,16.24µm
_06991_,16.24µm
_07034_,16.24µm
_07355_,16.24µm
_07392_,16.24µm
_07414_,16.24µm
_07522_,16.24µm
_07631_,16.24µm
_07661_,16.24µm
_08357_,16.24µm
_08430_,16.24µm
_08614_,16.24µm
_08754_,16.24µm
_08912_,16.24µm
u_transform_scheduler_core.fifo_x1_q\[0\]\[6\],16.24µm
u_transform_scheduler_core.small_inflight_count\[2\],16.24µm
u_transform_scheduler_core.tx_dft12_hold_q\[1\]\[11\],16.24µm
u_transform_scheduler_core.u_mixed_radix_butterfly.low_rr_reg\[8\],16.24µm
u_transform_scheduler_core.u_fft_scratch_sram.u_lo.macro_wdata\[3\],16.1µm
_07892_,15.96µm
_07252_,15.83µm
u_transform_scheduler_core.tx_dft12_hold_q\[2\]\[1\],15.83µm
_03836_,15.78µm
_04265_,15.78µm
_04787_,15.78µm
_06203_,15.78µm
_07426_,15.78µm
_07511_,15.78µm
_07530_,15.78µm
_07549_,15.78µm
output_left\[8\],15.78µm
u_transform_scheduler_core.rx_fft128_i\[6\],15.78µm
u_transform_scheduler_core.tx_dft12_hold_q\[1\]\[4\],15.78µm
u_transform_scheduler_core.tx_dout\[7\],15.78µm
u_transform_scheduler_core.u_fft_scratch_sram.i_half\[8\],15.78µm
u_transform_scheduler_core.u_fft_scratch_sram.saved_wdata\[29\],15.78µm
u_transform_scheduler_core.u_mixed_radix_butterfly.arithmetic_half_sum_q_reg\[12\],15.78µm
u_transform_scheduler_core.u_mixed_radix_butterfly.x0_q_ext\[3\],15.78µm
_00046_,15.73µm
_00127_,15.73µm
_00138_,15.73µm
_00155_,15.73µm
_00182_,15.73µm
_00197_,15.73µm
_00286_,15.73µm
_00501_,15.73µm
_00533_,15.73µm
_00569_,15.73µm
_00592_,15.73µm
_00660_,15.73µm
_00780_,15.73µm
_00864_,15.73µm
_01005_,15.73µm
_01214_,15.73µm
_01952_,15.73µm
_02044_,15.73µm
_02087_,15.73µm
_02131_,15.73µm
_02326_,15.73µm
_02635_,15.73µm
_02650_,15.73µm
_02682_,15.73µm
_02712_,15.73µm
_02717_,15.73µm
_02742_,15.73µm
_03243_,15.73µm
_03641_,15.73µm
_03723_,15.73µm
_03807_,15.73µm
_03936_,15.73µm
_04012_,15.73µm
_04167_,15.73µm
_04651_,15.73µm
_04709_,15.73µm
_04817_,15.73µm
_04845_,15.73µm
_04886_,15.73µm
_04927_,15.73µm
_04929_,15.73µm
_05020_,15.73µm
_05295_,15.73µm
_05605_,15.73µm
_05684_,15.73µm
_05939_,15.73µm
_06632_,15.73µm
_06842_,15.73µm
_07159_,15.73µm
_07565_,15.73µm
_08148_,15.73µm
_08189_,15.73µm
_08322_,15.73µm
_08510_,15.73µm
_08671_,15.73µm
_08908_,15.73µm
_08994_,15.73µm
_09018_,15.73µm
u_transform_scheduler_core.fifo_x0_i\[0\]\[1\],15.73µm
u_transform_scheduler_core.fifo_x2_i\[0\]\[6\],15.73µm
u_transform_scheduler_core.tx_dft12_hold_i\[2\]\[15\],15.73µm
u_transform_scheduler_core.tx_dft12_hold_q\[0\]\[4\],15.73µm
u_transform_scheduler_core.tx_dft12_hold_q\[1\]\[3\],15.73µm
u_transform_scheduler_core.tx_dft12_hold_q\[1\]\[7\],15.73µm
u_transform_scheduler_core.tx_sample_q\[4\],15.73µm
u_transform_scheduler_core.u_fft_scratch_sram.saved_addr\[5\],15.73µm
u_transform_scheduler_core.u_mixed_radix_butterfly.premultiply_input_i_reg\[1\],15.73µm
u_transform_scheduler_core.u_mixed_radix_butterfly.x0_i_ext\[10\],15.73µm
_00013_,15.68µm
_00280_,15.68µm
_00454_,15.68µm
_00489_,15.68µm
_00502_,15.68µm
_00785_,15.68µm
_00928_,15.68µm
_00941_,15.68µm
_01092_,15.68µm
_01361_,15.68µm
_01648_,15.68µm
_01705_,15.68µm
_01762_,15.68µm
_02283_,15.68µm
_02339_,15.68µm
_02424_,15.68µm
_02726_,15.68µm
_02756_,15.68µm
_02875_,15.68µm
_03296_,15.68µm
_03326_,15.68µm
_03442_,15.68µm
_03627_,15.68µm
_03760_,15.68µm
_03834_,15.68µm
_03901_,15.68µm
_04088_,15.68µm
_04224_,15.68µm
_04298_,15.68µm
_04353_,15.68µm
_04527_,15.68µm
_04698_,15.68µm
_04889_,15.68µm
_04923_,15.68µm
_06007_,15.68µm
_06328_,15.68µm
_07182_,15.68µm
_07401_,15.68µm
_07402_,15.68µm
_07779_,15.68µm
_07887_,15.68µm
_07960_,15.68µm
_08041_,15.68µm
_08082_,15.68µm
_08087_,15.68µm
_08102_,15.68µm
_08111_,15.68µm
_08464_,15.68µm
_08485_,15.68µm
_08543_,15.68µm
_08748_,15.68µm
_08823_,15.68µm
_09009_,15.68µm
_09056_,15.68µm
u_transform_scheduler_core.mod_x0_q\[3\],15.68µm
u_transform_scheduler_core.tx_dft12_hold_i\[0\]\[2\],15.68µm
u_transform_scheduler_core.tx_dft12_hold_q\[0\]\[2\],15.68µm
_08138_,15.4µm
_04192_,15.27µm
_07815_,15.27µm
_08585_,15.27µm
u_transform_scheduler_core.fft_mem_rdata\[17\],15.27µm
u_transform_scheduler_core.u_fft_scratch_sram.saved_addr\[4\],15.27µm
u_transform_scheduler_core.u_mixed_radix_butterfly.final_scalar_product_reg\[9\],15.27µm
_01761_,15.22µm
_02753_,15.22µm
_03944_,15.22µm
_04002_,15.22µm
_04084_,15.22µm
_04674_,15.22µm
_04710_,15.22µm
_06161_,15.22µm
_06268_,15.22µm
_06293_,15.22µm
_07471_,15.22µm
_07490_,15.22µm
_07492_,15.22µm
_08055_,15.22µm
_08439_,15.22µm
_08676_,15.22µm
_08990_,15.22µm
debug_data_hi\[7\],15.22µm
input_left\[8\],15.22µm
u_transform_scheduler_core.mod_x0_q\[14\],15.22µm
u_transform_scheduler_core.rx_fft128_i\[2\],15.22µm
u_transform_scheduler_core.u_mixed_radix_butterfly.premultiply_uop_reg\[0\],15.22µm
u_transform_scheduler_core.u_mixed_radix_butterfly.premultiply_x0_q_reg\[1\],15.22µm
u_transform_scheduler_core.u_mixed_radix_butterfly.product_iq_reg\[12\],15.22µm
_00038_,15.17µm
_00414_,15.17µm
_00424_,15.17µm
_00448_,15.17µm
_00740_,15.17µm
_00876_,15.17µm
_01330_,15.17µm
_01401_,15.17µm
_01567_,15.17µm
_01639_,15.17µm
_01738_,15.17µm
_01992_,15.17µm
_02008_,15.17µm
_02167_,15.17µm
_02607_,15.17µm
_02671_,15.17µm
_02771_,15.17µm
_02950_,15.17µm
_03158_,15.17µm
_03162_,15.17µm
_03228_,15.17µm
_03391_,15.17µm
_03598_,15.17µm
_03934_,15.17µm
_04106_,15.17µm
_04209_,15.17µm
_04470_,15.17µm
_04785_,15.17µm
_05041_,15.17µm
_05070_,15.17µm
_05172_,15.17µm
_05317_,15.17µm
_05357_,15.17µm
_05393_,15.17µm
_05752_,15.17µm
_05899_,15.17µm
_05989_,15.17µm
_06415_,15.17µm
_06745_,15.17µm
_06967_,15.17µm
_06995_,15.17µm
_07582_,15.17µm
_07729_,15.17µm
_07776_,15.17µm
_07920_,15.17µm
_08157_,15.17µm
_08376_,15.17µm
_08451_,15.17µm
_08588_,15.17µm
_08622_,15.17µm
_08741_,15.17µm
_08830_,15.17µm
debug_wdata\[0\],15.17µm
u_transform_scheduler_core.fifo_x1_q\[0\]\[3\],15.17µm
u_transform_scheduler_core.fifo_x2_q\[0\]\[4\],15.17µm
u_transform_scheduler_core.tx_dft12_hold_i\[2\]\[13\],15.17µm
u_transform_scheduler_core.tx_dft12_hold_q\[1\]\[15\],15.17µm
u_transform_scheduler_core.u_mixed_radix_butterfly.premultiply_twiddle_re_reg\[4\],15.17µm
u_transform_scheduler_core.u_mixed_radix_butterfly.product_iq_reg\[3\],15.17µm
u_transform_scheduler_core.u_mixed_radix_butterfly.x0_i_ext\[4\],15.17µm
u_transform_scheduler_core.u_tdiq_input_cp_remove.cp_length_reg\[2\],15.17µm
_00037_,15.12µm
_00584_,15.12µm
_00625_,15.12µm
_01438_,15.12µm
_01954_,15.12µm
_02189_,15.12µm
_02585_,15.12µm
_02638_,15.12µm
_02774_,15.12µm
_02799_,15.12µm
_02838_,15.12µm
_02854_,15.12µm
_02905_,15.12µm
_03102_,15.12µm
_03403_,15.12µm
_03411_,15.12µm
_03465_,15.12µm
_03529_,15.12µm
_03695_,15.12µm
_03738_,15.12µm
_03858_,15.12µm
_03935_,15.12µm
_04770_,15.12µm
_04950_,15.12µm
_05063_,15.12µm
_05066_,15.12µm
_05081_,15.12µm
_05164_,15.12µm
_05174_,15.12µm
_05354_,15.12µm
_05506_,15.12µm
_05565_,15.12µm
_05597_,15.12µm
_05652_,15.12µm
_05840_,15.12µm
_05865_,15.12µm
_06058_,15.12µm
_06135_,15.12µm
_06256_,15.12µm
_06372_,15.12µm
_06599_,15.12µm
_06617_,15.12µm
_06643_,15.12µm
_06651_,15.12µm
_06744_,15.12µm
_06804_,15.12µm
_06847_,15.12µm
_07177_,15.12µm
_07263_,15.12µm
_07322_,15.12µm
_07369_,15.12µm
_07563_,15.12µm
_07748_,15.12µm
_07813_,15.12µm
_07896_,15.12µm
_07929_,15.12µm
_07983_,15.12µm
_08025_,15.12µm
_08166_,15.12µm
_08278_,15.12µm
_08374_,15.12µm
_08568_,15.12µm
_08580_,15.12µm
u_transform_scheduler_core.mod_x0_q\[4\],15.12µm
u_transform_scheduler_core.tx_dft12_hold_i\[0\]\[8\],15.12µm
u_transform_scheduler_core.u_tdiq_output_cp_insert.requests_left\[7\],15.12µm
_03780_,14.735µm
u_transform_scheduler_core.tx_sample_i\[1\],14.71µm
_01331_,14.66µm
_04341_,14.66µm
_04740_,14.66µm
_04893_,14.66µm
_05526_,14.66µm
_07501_,14.66µm
_08281_,14.66µm
_08442_,14.66µm
_08539_,14.66µm
_08664_,14.66µm
_08739_,14.66µm
debug_addr\[5\],14.66µm
u_transform_scheduler_core.fifo_x0_q\[0\]\[4\],14.66µm
u_transform_scheduler_core.mod_x0_i\[6\],14.66µm
u_transform_scheduler_core.mod_x0_q\[6\],14.66µm
u_transform_scheduler_core.mod_x0_q\[8\],14.66µm
u_transform_scheduler_core.tx_dft12_hold_i\[0\]\[13\],14.66µm
u_transform_scheduler_core.tx_sample_q\[3\],14.66µm
u_transform_scheduler_core.u_mixed_radix_butterfly.low_iq_reg\[2\],14.66µm
u_transform_scheduler_core.u_mixed_radix_butterfly.low_iq_reg\[5\],14.66µm
u_transform_scheduler_core.u_tdiq_input_cp_remove.held_i\[4\],14.66µm
_00051_,14.61µm
_00112_,14.61µm
_00115_,14.61µm
_00258_,14.61µm
_01078_,14.61µm
_01116_,14.61µm
_01130_,14.61µm
_01173_,14.61µm
_01431_,14.61µm
_01957_,14.61µm
_02209_,14.61µm
_02227_,14.61µm
_02311_,14.61µm
_02698_,14.61µm
_02704_,14.61µm
_02743_,14.61µm
_03107_,14.61µm
_03114_,14.61µm
_03140_,14.61µm
_03402_,14.61µm
_03441_,14.61µm
_03757_,14.61µm
_03831_,14.61µm
_04008_,14.61µm
_04421_,14.61µm
_04711_,14.61µm
_05108_,14.61µm
_05176_,14.61µm
_05352_,14.61µm
_05622_,14.61µm
_05639_,14.61µm
_05936_,14.61µm
_05970_,14.61µm
_06227_,14.61µm
_06244_,14.61µm
_06675_,14.61µm
_06758_,14.61µm
_07046_,14.61µm
_07673_,14.61µm
_07762_,14.61µm
_08084_,14.61µm
_08332_,14.61µm
_08356_,14.61µm
_08500_,14.61µm
_08723_,14.61µm
_08787_,14.61µm
u_transform_scheduler_core.fifo_x1_i\[0\]\[5\],14.61µm
u_transform_scheduler_core.rx_small_x1_q\[3\],14.61µm
u_transform_scheduler_core.tx_dft12_hold_q\[0\]\[5\],14.61µm
u_transform_scheduler_core.tx_dft12_hold_q\[1\]\[6\],14.61µm
u_transform_scheduler_core.u_tdiq_output_cp_insert.requests_left\[3\],14.61µm
_00123_,14.56µm
_00137_,14.56µm
_00241_,14.56µm
_00366_,14.56µm
_00408_,14.56µm
_00585_,14.56µm
_00723_,14.56µm
_00755_,14.56µm
_00777_,14.56µm
_00850_,14.56µm
_01208_,14.56µm
_01308_,14.56µm
_01513_,14.56µm
_02348_,14.56µm
_02356_,14.56µm
_02378_,14.56µm
_02384_,14.56µm
_02557_,14.56µm
_02613_,14.56µm
_02678_,14.56µm
_02780_,14.56µm
_02994_,14.56µm
_03083_,14.56µm
_03178_,14.56µm
_03376_,14.56µm
_03574_,14.56µm
_03644_,14.56µm
_03673_,14.56µm
_03767_,14.56µm
_03788_,14.56µm
_03798_,14.56µm
_03904_,14.56µm
_03946_,14.56µm
_03967_,14.56µm
_04311_,14.56µm
_04724_,14.56µm
_04795_,14.56µm
_04808_,14.56µm
_05291_,14.56µm
_05643_,14.56µm
_05736_,14.56µm
_05848_,14.56µm
_05927_,14.56µm
_06024_,14.56µm
_06412_,14.56µm
_06490_,14.56µm
_06517_,14.56µm
_06620_,14.56µm
_06800_,14.56µm
_06822_,14.56µm
_06887_,14.56µm
_06921_,14.56µm
_07236_,14.56µm
_07299_,14.56µm
_07337_,14.56µm
_07354_,14.56µm
_07420_,14.56µm
_07629_,14.56µm
_07642_,14.56µm
_07703_,14.56µm
_07727_,14.56µm
_07964_,14.56µm
_08017_,14.56µm
_08109_,14.56µm
_08261_,14.56µm
_08311_,14.56µm
_08325_,14.56µm
_08337_,14.56µm
_08338_,14.56µm
_08448_,14.56µm
_08524_,14.56µm
_08682_,14.56µm
_08818_,14.56µm
_08820_,14.56µm
_08914_,14.56µm
_08896_,14.15µm
debug_addr\[1\],14.15µm
u_transform_scheduler_core.fft_mem_rdata\[12\],14.15µm
u_transform_scheduler_core.u_mixed_radix_butterfly.x0_q_ext\[5\],14.15µm
_02154_,14.1µm
_02455_,14.1µm
_03597_,14.1µm
_04172_,14.1µm
_04213_,14.1µm
_04281_,14.1µm
_04583_,14.1µm
_04786_,14.1µm
_05502_,14.1µm
_07114_,14.1µm
_07474_,14.1µm
_07510_,14.1µm
_08982_,14.1µm
u_transform_scheduler_core.tx_dft12_hold_i\[2\]\[8\],14.1µm
u_transform_scheduler_core.u_mixed_radix_butterfly.twiddle_im_reg\[2\],14.1µm
u_transform_scheduler_core.u_tdiq_output_cp_insert.requests_left\[6\],14.1µm
_00214_,14.05µm
_00234_,14.05µm
_00276_,14.05µm
_00292_,14.05µm
_00535_,14.05µm
_00564_,14.05µm
_00664_,14.05µm
_01028_,14.05µm
_01076_,14.05µm
_01122_,14.05µm
_01149_,14.05µm
_01192_,14.05µm
_01298_,14.05µm
_01493_,14.05µm
_01611_,14.05µm
_02024_,14.05µm
_02257_,14.05µm
_02351_,14.05µm
_02398_,14.05µm
_02796_,14.05µm
_02991_,14.05µm
_03152_,14.05µm
_03204_,14.05µm
_03357_,14.05µm
_03490_,14.05µm
_03532_,14.05µm
_03559_,14.05µm
_03690_,14.05µm
_03697_,14.05µm
_03705_,14.05µm
_03822_,14.05µm
_03891_,14.05µm
_03917_,14.05µm
_04200_,14.05µm
_04236_,14.05µm
_04381_,14.05µm
_04535_,14.05µm
_04552_,14.05µm
_04728_,14.05µm
_05122_,14.05µm
_05127_,14.05µm
_05333_,14.05µm
_05341_,14.05µm
_05419_,14.05µm
_05607_,14.05µm
_06130_,14.05µm
_06156_,14.05µm
_06476_,14.05µm
_06867_,14.05µm
_06902_,14.05µm
_06923_,14.05µm
_06984_,14.05µm
_07172_,14.05µm
_07239_,14.05µm
_07328_,14.05µm
_07362_,14.05µm
_07363_,14.05µm
_07417_,14.05µm
_07499_,14.05µm
_07755_,14.05µm
_07768_,14.05µm
_07953_,14.05µm
_07982_,14.05µm
_08197_,14.05µm
_08203_,14.05µm
_08300_,14.05µm
_08444_,14.05µm
_08456_,14.05µm
_08604_,14.05µm
_08624_,14.05µm
_08747_,14.05µm
_08772_,14.05µm
_08795_,14.05µm
_08909_,14.05µm
_08950_,14.05µm
u_transform_scheduler_core.rx_small_x1_q\[4\],14.05µm
u_transform_scheduler_core.rx_small_x2_i\[6\],14.05µm
u_transform_scheduler_core.tx_dft12_hold_i\[2\]\[14\],14.05µm
_00023_,14µm
_00026_,14µm
_00530_,14µm
_00612_,14µm
_00720_,14µm
_00794_,14µm
_00957_,14µm
_01419_,14µm
_01452_,14µm
_01676_,14µm
_01697_,14µm
_01760_,14µm
_01774_,14µm
_02017_,14µm
_02040_,14µm
_02108_,14µm
_02138_,14µm
_02151_,14µm
_02336_,14µm
_02337_,14µm
_02413_,14µm
_02733_,14µm
_02843_,14µm
_03003_,14µm
_03203_,14µm
_03217_,14µm
_03252_,14µm
_03348_,14µm
_03373_,14µm
_03474_,14µm
_03491_,14µm
_03546_,14µm
_03680_,14µm
_03805_,14µm
_04063_,14µm
_04290_,14µm
_04318_,14µm
_04912_,14µm
_05101_,14µm
_05109_,14µm
_05281_,14µm
_05374_,14µm
_05421_,14µm
_05453_,14µm
_05533_,14µm
_05609_,14µm
_05769_,14µm
_05779_,14µm
_05850_,14µm
_05858_,14µm
_06149_,14µm
_06250_,14µm
_06290_,14µm
_06759_,14µm
_06992_,14µm
_07106_,14µm
_07121_,14µm
_07345_,14µm
_07383_,14µm
_07387_,14µm
_07564_,14µm
_07694_,14µm
_07944_,14µm
_08081_,14µm
_08247_,14µm
_08250_,14µm
_08283_,14µm
_08294_,14µm
_08299_,14µm
_08355_,14µm
_08407_,14µm
_08463_,14µm
_08525_,14µm
_08939_,14µm
_08976_,14µm
u_transform_scheduler_core.rx_small_x1_q\[2\],14µm
u_transform_scheduler_core.tx_dft12_hold_q\[1\]\[12\],14µm
u_transform_scheduler_core.tx_dout\[5\],14µm
u_transform_scheduler_core.tx_mem_addr\[0\],14µm
u_transform_scheduler_core.u_mixed_radix_butterfly.premultiply_half_sum_q_reg\[8\],14µm
_06580_,13.94µm
_02225_,13.59µm
_04810_,13.59µm
_07327_,13.59µm
u_transform_scheduler_core.u_mixed_radix_butterfly.arithmetic_x0_q_reg\[12\],13.59µm
_08200_,13.56µm
_00062_,13.54µm
_02081_,13.54µm
_03347_,13.54µm
_03355_,13.54µm
_03970_,13.54µm
_04612_,13.54µm
_05124_,13.54µm
_06603_,13.54µm
_06699_,13.54µm
_07493_,13.54µm
_07587_,13.54µm
_07698_,13.54µm
_08011_,13.54µm
_08414_,13.54µm
_08534_,13.54µm
_08613_,13.54µm
_09044_,13.54µm
debug_wdata\[14\],13.54µm
u_transform_scheduler_core.fifo_x1_i\[0\]\[10\],13.54µm
u_transform_scheduler_core.mod_x0_q\[5\],13.54µm
u_transform_scheduler_core.tx_dft12_hold_q\[2\]\[5\],13.54µm
u_transform_scheduler_core.u_fdiq_input_adapter.held_i\[0\],13.54µm
u_transform_scheduler_core.u_mixed_radix_butterfly.arithmetic_half_sum_i_reg\[5\],13.54µm
u_transform_scheduler_core.u_mixed_radix_butterfly.premultiply_half_sum_i_reg\[10\],13.54µm
_00009_,13.49µm
_00157_,13.49µm
_00180_,13.49µm
_00231_,13.49µm
_00436_,13.49µm
_00460_,13.49µm
_00479_,13.49µm
_00623_,13.49µm
_00639_,13.49µm
_00675_,13.49µm
_00793_,13.49µm
_00866_,13.49µm
_01483_,13.49µm
_01583_,13.49µm
_01651_,13.49µm
_01936_,13.49µm
_01997_,13.49µm
_02003_,13.49µm
_02057_,13.49µm
_02249_,13.49µm
_02367_,13.49µm
_02447_,13.49µm
_02746_,13.49µm
_02900_,13.49µm
_03024_,13.49µm
_03048_,13.49µm
_03286_,13.49µm
_03300_,13.49µm
_03353_,13.49µm
_03393_,13.49µm
_03468_,13.49µm
_03852_,13.49µm
_03865_,13.49µm
_04015_,13.49µm
_04463_,13.49µm
_04850_,13.49µm
_04868_,13.49µm
_05118_,13.49µm
_05137_,13.49µm
_05222_,13.49µm
_05279_,13.49µm
_05574_,13.49µm
_05577_,13.49µm
_05621_,13.49µm
_05648_,13.49µm
_05749_,13.49µm
_05916_,13.49µm
_05955_,13.49µm
_06204_,13.49µm
_06281_,13.49µm
_06458_,13.49µm
_06462_,13.49µm
_06483_,13.49µm
_06528_,13.49µm
_06594_,13.49µm
_06645_,13.49µm
_06686_,13.49µm
_06769_,13.49µm
_06858_,13.49µm
_06908_,13.49µm
_07040_,13.49µm
_07249_,13.49µm
_07885_,13.49µm
_07943_,13.49µm
_08193_,13.49µm
_08240_,13.49µm
_08274_,13.49µm
_08394_,13.49µm
_08703_,13.49µm
_08800_,13.49µm
_08814_,13.49µm
_08974_,13.49µm
_08978_,13.49µm
u_transform_scheduler_core.u_mixed_radix_butterfly.premultiply_twiddle_im_reg\[4\],13.49µm
_00232_,13.44µm
_00364_,13.44µm
_00451_,13.44µm
_00595_,13.44µm
_00983_,13.44µm
_01000_,13.44µm
_01337_,13.44µm
_01805_,13.44µm
_01816_,13.44µm
_02077_,13.44µm
_02111_,13.44µm
_02677_,13.44µm
_02852_,13.44µm
_02872_,13.44µm
_02895_,13.44µm
_02903_,13.44µm
_02954_,13.44µm
_03046_,13.44µm
_03052_,13.44µm
_03141_,13.44µm
_03165_,13.44µm
_03194_,13.44µm
_03237_,13.44µm
_03295_,13.44µm
_03517_,13.44µm
_03853_,13.44µm
_03869_,13.44µm
_04099_,13.44µm
_04203_,13.44µm
_04703_,13.44µm
_04908_,13.44µm
_05036_,13.44µm
_05060_,13.44µm
_05265_,13.44µm
_05346_,13.44µm
_06102_,13.44µm
_06273_,13.44µm
_06382_,13.44µm
_06435_,13.44µm
_06503_,13.44µm
_06569_,13.44µm
_06742_,13.44µm
_06817_,13.44µm
_06940_,13.44µm
_06971_,13.44µm
_06973_,13.44µm
_06985_,13.44µm
_07611_,13.44µm
_07994_,13.44µm
_08020_,13.44µm
_08156_,13.44µm
_08556_,13.44µm
_08647_,13.44µm
_08860_,13.44µm
u_transform_scheduler_core.tx_dft12_hold_i\[1\]\[11\],13.44µm
u_transform_scheduler_core.tx_dft12_hold_i\[2\]\[9\],13.44µm
u_transform_scheduler_core.u_mixed_radix_butterfly.premultiply_x0_i_reg\[2\],13.44µm
u_transform_scheduler_core.u_mixed_radix_butterfly.arithmetic_x0_i_reg\[12\],13.16µm
_07214_,13.03µm
_08265_,13.03µm
u_transform_scheduler_core.fifo_x1_i\[0\]\[3\],13.03µm
u_transform_scheduler_core.u_mixed_radix_butterfly.low_ii_reg\[5\],13.03µm
_02035_,12.98µm
_02766_,12.98µm
_02861_,12.98µm
_03963_,12.98µm
_04090_,12.98µm
_04888_,12.98µm
_05929_,12.98µm
_07547_,12.98µm
_07663_,12.98µm
u_transform_scheduler_core.fifo_x0_i\[0\]\[0\],12.98µm
u_transform_scheduler_core.ofdm_sample_q\[1\],12.98µm
u_transform_scheduler_core.tx_dft12_hold_i\[2\]\[10\],12.98µm
u_transform_scheduler_core.tx_dft12_hold_q\[1\]\[0\],12.98µm
u_transform_scheduler_core.u_mixed_radix_butterfly.low_rr_reg\[3\],12.98µm
_06730_,12.94µm
_00096_,12.93µm
_00168_,12.93µm
_00186_,12.93µm
_00278_,12.93µm
_00327_,12.93µm
_00360_,12.93µm
_00504_,12.93µm
_00563_,12.93µm
_00594_,12.93µm
_00638_,12.93µm
_00648_,12.93µm
_00719_,12.93µm
_00772_,12.93µm
_00810_,12.93µm
_00869_,12.93µm
_01073_,12.93µm
_01104_,12.93µm
_01213_,12.93µm
_01255_,12.93µm
_01462_,12.93µm
_01541_,12.93µm
_01635_,12.93µm
_01658_,12.93µm
_01720_,12.93µm
_01863_,12.93µm
_01926_,12.93µm
_01943_,12.93µm
_02037_,12.93µm
_02102_,12.93µm
_02403_,12.93µm
_02554_,12.93µm
_02596_,12.93µm
_02645_,12.93µm
_02691_,12.93µm
_02821_,12.93µm
_03009_,12.93µm
_03043_,12.93µm
_03078_,12.93µm
_03151_,12.93µm
_03230_,12.93µm
_03245_,12.93µm
_03258_,12.93µm
_03282_,12.93µm
_03331_,12.93µm
_03416_,12.93µm
_03549_,12.93µm
_03783_,12.93µm
_03876_,12.93µm
_04331_,12.93µm
_04586_,12.93µm
_04610_,12.93µm
_04712_,12.93µm
_04764_,12.93µm
_04878_,12.93µm
_04970_,12.93µm
_05054_,12.93µm
_05280_,12.93µm
_05375_,12.93µm
_05418_,12.93µm
_06015_,12.93µm
_06017_,12.93µm
_06247_,12.93µm
_06330_,12.93µm
_06400_,12.93µm
_06404_,12.93µm
_06682_,12.93µm
_06722_,12.93µm
_06761_,12.93µm
_06803_,12.93µm
_06863_,12.93µm
_06963_,12.93µm
_07110_,12.93µm
_07187_,12.93µm
_07212_,12.93µm
_07460_,12.93µm
_07526_,12.93µm
_07626_,12.93µm
_07719_,12.93µm
_07974_,12.93µm
_08131_,12.93µm
_08264_,12.93µm
_08334_,12.93µm
_08383_,12.93µm
_08443_,12.93µm
_08531_,12.93µm
_08541_,12.93µm
_08589_,12.93µm
_08594_,12.93µm
_08690_,12.93µm
_08796_,12.93µm
_08899_,12.93µm
_08987_,12.93µm
_08999_,12.93µm
_09032_,12.93µm
debug_wdata\[9\],12.93µm
u_transform_scheduler_core.mod_x0_i\[15\],12.93µm
u_transform_scheduler_core.result_meta_radix3\[0\]\[0\],12.93µm
u_transform_scheduler_core.tx_dft12_hold_i\[0\]\[12\],12.93µm
u_transform_scheduler_core.tx_dft12_hold_q\[0\]\[14\],12.93µm
u_transform_scheduler_core.tx_dft12_hold_q\[2\]\[10\],12.93µm
_00031_,12.88µm
_00045_,12.88µm
_00236_,12.88µm
_00597_,12.88µm
_00984_,12.88µm
_01008_,12.88µm
_01179_,12.88µm
_01195_,12.88µm
_01496_,12.88µm
_01825_,12.88µm
_02136_,12.88µm
_02271_,12.88µm
_02380_,12.88µm
_02422_,12.88µm
_02716_,12.88µm
_02729_,12.88µm
_03086_,12.88µm
_03171_,12.88µm
_03235_,12.88µm
_03424_,12.88µm
_03547_,12.88µm
_03556_,12.88µm
_03579_,12.88µm
_03654_,12.88µm
_03849_,12.88µm
_04451_,12.88µm
_06104_,12.88µm
_06189_,12.88µm
_06771_,12.88µm
_06916_,12.88µm
_07224_,12.88µm
_07750_,12.88µm
_07931_,12.88µm
_07990_,12.88µm
_08050_,12.88µm
_08059_,12.88µm
_08343_,12.88µm
_08499_,12.88µm
_08645_,12.88µm
_08826_,12.88µm
_08871_,12.88µm
_09028_,12.88µm
u_transform_scheduler_core.mod_x0_i\[3\],12.88µm
u_transform_scheduler_core.tx_dft12_hold_i\[1\]\[4\],12.88µm
u_transform_scheduler_core.tx_dout\[6\],12.88µm
dout[6],12.63µm
_03721_,12.42µm
_03875_,12.42µm
_04310_,12.42µm
_05990_,12.42µm
_06162_,12.42µm
_06696_,12.42µm
_07044_,12.42µm
_07244_,12.42µm
_07665_,12.42µm
_08329_,12.42µm
_08961_,12.42µm
u_transform_scheduler_core.tx_dft12_hold_i\[0\]\[5\],12.42µm
u_transform_scheduler_core.tx_dft12_hold_q\[2\]\[15\],12.42µm
u_transform_scheduler_core.u_fft_scratch_sram.saved_wdata\[27\],12.42µm
u_transform_scheduler_core.u_mixed_radix_butterfly.arithmetic_x0_i_reg\[10\],12.42µm
u_transform_scheduler_core.u_mixed_radix_butterfly.arithmetic_x0_i_reg\[1\],12.42µm
u_transform_scheduler_core.u_mixed_radix_butterfly.low_iq_reg\[6\],12.42µm
_05882_,12.38µm
_00022_,12.37µm
_00028_,12.37µm
_00291_,12.37µm
_00439_,12.37µm
_00890_,12.37µm
_01295_,12.37µm
_01340_,12.37µm
_01348_,12.37µm
_01363_,12.37µm
_01366_,12.37µm
_01481_,12.37µm
_01489_,12.37µm
_01674_,12.37µm
_01712_,12.37µm
_01751_,12.37µm
_01856_,12.37µm
_02052_,12.37µm
_02252_,12.37µm
_02357_,12.37µm
_02643_,12.37µm
_02713_,12.37µm
_02755_,12.37µm
_02863_,12.37µm
_02917_,12.37µm
_03059_,12.37µm
_03275_,12.37µm
_03310_,12.37µm
_03470_,12.37µm
_03588_,12.37µm
_03636_,12.37µm
_03790_,12.37µm
_03815_,12.37µm
_03988_,12.37µm
_04260_,12.37µm
_04446_,12.37µm
_04752_,12.37µm
_04919_,12.37µm
_04920_,12.37µm
_04930_,12.37µm
_05024_,12.37µm
_05086_,12.37µm
_05476_,12.37µm
_05585_,12.37µm
_05586_,12.37µm
_05611_,12.37µm
_05710_,12.37µm
_05713_,12.37µm
_05744_,12.37µm
_05828_,12.37µm
_05834_,12.37µm
_05967_,12.37µm
_06054_,12.37µm
_06089_,12.37µm
_06174_,12.37µm
_06403_,12.37µm
_06537_,12.37µm
_06566_,12.37µm
_06567_,12.37µm
_06592_,12.37µm
_06819_,12.37µm
_07144_,12.37µm
_07160_,12.37µm
_07834_,12.37µm
_07921_,12.37µm
_07962_,12.37µm
_08175_,12.37µm
_08255_,12.37µm
_08303_,12.37µm
_08511_,12.37µm
_08513_,12.37µm
_08620_,12.37µm
_09049_,12.37µm
u_transform_scheduler_core.fft_mem_rdata\[26\],12.37µm
u_transform_scheduler_core.tx_dft12_hold_q\[0\]\[10\],12.37µm
u_transform_scheduler_core.tx_dft12_hold_q\[1\]\[10\],12.37µm
u_transform_scheduler_core.u_mixed_radix_butterfly.product_rr_reg\[0\],12.37µm
u_transform_scheduler_core.u_mixed_radix_butterfly.x0_i_ext\[1\],12.37µm
_00119_,12.32µm
_00120_,12.32µm
_00200_,12.32µm
_00249_,12.32µm
_01082_,12.32µm
_01099_,12.32µm
_01289_,12.32µm
_01404_,12.32µm
_01484_,12.32µm
_01683_,12.32µm
_01847_,12.32µm
_01988_,12.32µm
_01993_,12.32µm
_02405_,12.32µm
_03028_,12.32µm
_03454_,12.32µm
_03557_,12.32µm
_03716_,12.32µm
_03851_,12.32µm
_04102_,12.32µm
_04150_,12.32µm
_04182_,12.32µm
_04345_,12.32µm
_04430_,12.32µm
_04842_,12.32µm
_04852_,12.32µm
_05031_,12.32µm
_05344_,12.32µm
_05367_,12.32µm
_05463_,12.32µm
_06132_,12.32µm
_06588_,12.32µm
_06714_,12.32µm
_07238_,12.32µm
_07935_,12.32µm
_08022_,12.32µm
_08335_,12.32µm
_08418_,12.32µm
_08481_,12.32µm
_08514_,12.32µm
_08536_,12.32µm
_08675_,12.32µm
_08687_,12.32µm
_08694_,12.32µm
_08864_,12.32µm
u_transform_scheduler_core.tx_dft12_hold_q\[1\]\[2\],12.32µm
u_transform_scheduler_core.tx_dft12_hold_q\[2\]\[3\],12.32µm
din[4],11.95µm
_02204_,11.91µm
_03612_,11.91µm
_07137_,11.91µm
_07600_,11.91µm
_08378_,11.91µm
_04013_,11.86µm
_04538_,11.86µm
_04935_,11.86µm
_05331_,11.86µm
_05381_,11.86µm
_06148_,11.86µm
_07672_,11.86µm
_08377_,11.86µm
_08459_,11.86µm
_08970_,11.86µm
debug_wdata\[5\],11.86µm
u_transform_scheduler_core.fifo_x1_q\[0\]\[2\],11.86µm
u_transform_scheduler_core.mod_x0_q\[12\],11.86µm
u_transform_scheduler_core.tx_input_write,11.86µm
_00069_,11.81µm
_00074_,11.81µm
_00147_,11.81µm
_00183_,11.81µm
_00281_,11.81µm
_00293_,11.81µm
_00304_,11.81µm
_00319_,11.81µm
_00411_,11.81µm
_00435_,11.81µm
_00516_,11.81µm
_00519_,11.81µm
_00577_,11.81µm
_00628_,11.81µm
_00715_,11.81µm
_00749_,11.81µm
_00926_,11.81µm
_01281_,11.81µm
_01521_,11.81µm
_01579_,11.81µm
_01627_,11.81µm
_01679_,11.81µm
_01682_,11.81µm
_01782_,11.81µm
_02007_,11.81µm
_02129_,11.81µm
_02194_,11.81µm
_02586_,11.81µm
_02597_,11.81µm
_02617_,11.81µm
_02640_,11.81µm
_02710_,11.81µm
_02989_,11.81µm
_03084_,11.81µm
_03255_,11.81µm
_03281_,11.81µm
_03539_,11.81µm
_03619_,11.81µm
_03667_,11.81µm
_03681_,11.81µm
_03701_,11.81µm
_03713_,11.81µm
_03776_,11.81µm
_03894_,11.81µm
_04100_,11.81µm
_04569_,11.81µm
_04706_,11.81µm
_04707_,11.81µm
_05146_,11.81µm
_05159_,11.81µm
_05286_,11.81µm
_05324_,11.81µm
_05358_,11.81µm
_05400_,11.81µm
_05489_,11.81µm
_05504_,11.81µm
_05563_,11.81µm
_05603_,11.81µm
_05919_,11.81µm
_05934_,11.81µm
_05958_,11.81µm
_06051_,11.81µm
_06304_,11.81µm
_06607_,11.81µm
_06735_,11.81µm
_07063_,11.81µm
_07269_,11.81µm
_07346_,11.81µm
_07468_,11.81µm
_07544_,11.81µm
_07817_,11.81µm
_07979_,11.81µm
_08098_,11.81µm
_08482_,11.81µm
_08581_,11.81µm
_08650_,11.81µm
_08711_,11.81µm
_08764_,11.81µm
_08897_,11.81µm
_08915_,11.81µm
u_transform_scheduler_core.mod_x0_i\[0\],11.81µm
u_transform_scheduler_core.tx_dft12_hold_i\[1\]\[5\],11.81µm
u_transform_scheduler_core.u_mixed_radix_butterfly.premultiply_half_sum_q_reg\[9\],11.81µm
_00060_,11.76µm
_00174_,11.76µm
_00179_,11.76µm
_00433_,11.76µm
_00467_,11.76µm
_00551_,11.76µm
_00555_,11.76µm
_00565_,11.76µm
_00627_,11.76µm
_00667_,11.76µm
_00690_,11.76µm
_00699_,11.76µm
_00773_,11.76µm
_00819_,11.76µm
_00891_,11.76µm
_01006_,11.76µm
_01017_,11.76µm
_01118_,11.76µm
_01142_,11.76µm
_01216_,11.76µm
_01597_,11.76µm
_01759_,11.76µm
_01793_,11.76µm
_01860_,11.76µm
_01923_,11.76µm
_01948_,11.76µm
_02130_,11.76µm
_02312_,11.76µm
_02360_,11.76µm
_02375_,11.76µm
_02426_,11.76µm
_02646_,11.76µm
_02651_,11.76µm
_02764_,11.76µm
_02824_,11.76µm
_03008_,11.76µm
_03135_,11.76µm
_03192_,11.76µm
_03321_,11.76µm
_03423_,11.76µm
_03575_,11.76µm
_03649_,11.76µm
_03789_,11.76µm
_03899_,11.76µm
_04598_,11.76µm
_04713_,11.76µm
_05025_,11.76µm
_05082_,11.76µm
_05530_,11.76µm
_05568_,11.76µm
_05592_,11.76µm
_05656_,11.76µm
_05669_,11.76µm
_06324_,11.76µm
_06333_,11.76µm
_06396_,11.76µm
_06546_,11.76µm
_06605_,11.76µm
_06623_,11.76µm
_06831_,11.76µm
_07104_,11.76µm
_07202_,11.76µm
_07615_,11.76µm
_08258_,11.76µm
_08259_,11.76µm
_08318_,11.76µm
_08331_,11.76µm
_08473_,11.76µm
_08706_,11.76µm
_08959_,11.76µm
u_transform_scheduler_core.u_fft_scratch_sram.i_half\[13\],11.76µm
_04813_,11.75µm
_07075_,11.58µm
_02127_,11.35µm
_03990_,11.35µm
_04066_,11.35µm
_05738_,11.35µm
_06172_,11.35µm
_06179_,11.35µm
_08761_,11.35µm
u_transform_scheduler_core.u_tdiq_input_cp_remove.held_i\[0\],11.35µm
_01516_,11.3µm
_02754_,11.3µm
_03274_,11.3µm
_03620_,11.3µm
_04068_,11.3µm
_04110_,11.3µm
_04270_,11.3µm
_04895_,11.3µm
_05772_,11.3µm
_05886_,11.3µm
_05942_,11.3µm
_07520_,11.3µm
_07855_,11.3µm
_08268_,11.3µm
_08923_,11.3µm
u_transform_scheduler_core.fifo_x2_i\[0\]\[0\],11.3µm
u_transform_scheduler_core.fifo_x2_q\[0\]\[0\],11.3µm
u_transform_scheduler_core.tx_dft12_hold_i\[1\]\[10\],11.3µm
u_transform_scheduler_core.tx_dft12_hold_i\[2\]\[7\],11.3µm
_00024_,11.25µm
_00118_,11.25µm
_00141_,11.25µm
_00206_,11.25µm
_00239_,11.25µm
_00266_,11.25µm
_00272_,11.25µm
_00287_,11.25µm
_00470_,11.25µm
_00602_,11.25µm
_00633_,11.25µm
_00750_,11.25µm
_00796_,11.25µm
_00859_,11.25µm
_00968_,11.25µm
_01026_,11.25µm
_01070_,11.25µm
_01121_,11.25µm
_01283_,11.25µm
_01326_,11.25µm
_01442_,11.25µm
_01506_,11.25µm
_01608_,11.25µm
_01618_,11.25µm
_01809_,11.25µm
_01865_,11.25µm
_01867_,11.25µm
_01899_,11.25µm
_01925_,11.25µm
_01978_,11.25µm
_02587_,11.25µm
_02667_,11.25µm
_02709_,11.25µm
_02758_,11.25µm
_02806_,11.25µm
_02833_,11.25µm
_02910_,11.25µm
_02958_,11.25µm
_02998_,11.25µm
_03062_,11.25µm
_03081_,11.25µm
_03095_,11.25µm
_03188_,11.25µm
_03222_,11.25µm
_03417_,11.25µm
_03443_,11.25µm
_03839_,11.25µm
_03976_,11.25µm
_04838_,11.25µm
_05270_,11.25µm
_05384_,11.25µm
_05492_,11.25µm
_05679_,11.25µm
_05695_,11.25µm
_05698_,11.25µm
_05706_,11.25µm
_06042_,11.25µm
_06048_,11.25µm
_06326_,11.25µm
_06346_,11.25µm
_06427_,11.25µm
_06481_,11.25µm
_06500_,11.25µm
_06504_,11.25µm
_06525_,11.25µm
_06542_,11.25µm
_06626_,11.25µm
_06715_,11.25µm
_06890_,11.25µm
_07052_,11.25µm
_07163_,11.25µm
_07219_,11.25µm
_07230_,11.25µm
_07375_,11.25µm
_07537_,11.25µm
_07598_,11.25µm
_07627_,11.25µm
_07905_,11.25µm
_07993_,11.25µm
_08154_,11.25µm
_08163_,11.25µm
_08236_,11.25µm
_08253_,11.25µm
_08277_,11.25µm
_08636_,11.25µm
_08660_,11.25µm
_08843_,11.25µm
u_transform_scheduler_core.fft_mem_rvalid,11.25µm
u_transform_scheduler_core.mod_x0_q\[9\],11.25µm
_00008_,11.2µm
_00094_,11.2µm
_00198_,11.2µm
_00255_,11.2µm
_00260_,11.2µm
_00263_,11.2µm
_00340_,11.2µm
_00401_,11.2µm
_00464_,11.2µm
_00523_,11.2µm
_00554_,11.2µm
_00622_,11.2µm
_00636_,11.2µm
_00663_,11.2µm
_00799_,11.2µm
_00915_,11.2µm
_01097_,11.2µm
_01204_,11.2µm
_01206_,11.2µm
_01242_,11.2µm
_01343_,11.2µm
_01365_,11.2µm
_01380_,11.2µm
_01402_,11.2µm
_01416_,11.2µm
_01487_,11.2µm
_01589_,11.2µm
_01773_,11.2µm
_01866_,11.2µm
_01946_,11.2µm
_02075_,11.2µm
_02181_,11.2µm
_02242_,11.2µm
_02297_,11.2µm
_02303_,11.2µm
_02391_,11.2µm
_02429_,11.2µm
_02438_,11.2µm
_02620_,11.2µm
_02663_,11.2µm
_02841_,11.2µm
_03042_,11.2µm
_03191_,11.2µm
_03216_,11.2µm
_03472_,11.2µm
_03567_,11.2µm
_03647_,11.2µm
_03683_,11.2µm
_03841_,11.2µm
_03842_,11.2µm
_03923_,11.2µm
_04025_,11.2µm
_04187_,11.2µm
_04282_,11.2µm
_04349_,11.2µm
_04855_,11.2µm
_04870_,11.2µm
_04900_,11.2µm
_04976_,11.2µm
_05133_,11.2µm
_05142_,11.2µm
_05199_,11.2µm
_05288_,11.2µm
_05362_,11.2µm
_05436_,11.2µm
_05444_,11.2µm
_05545_,11.2µm
_05845_,11.2µm
_05985_,11.2µm
_05996_,11.2µm
_06037_,11.2µm
_06126_,11.2µm
_06616_,11.2µm
_06811_,11.2µm
_06882_,11.2µm
_06943_,11.2µm
_07009_,11.2µm
_07017_,11.2µm
_07090_,11.2µm
_07096_,11.2µm
_07221_,11.2µm
_07304_,11.2µm
_07330_,11.2µm
_07589_,11.2µm
_07654_,11.2µm
_07692_,11.2µm
_07890_,11.2µm
_07934_,11.2µm
_07999_,11.2µm
_08137_,11.2µm
_08238_,11.2µm
_08288_,11.2µm
_08307_,11.2µm
_08385_,11.2µm
_08503_,11.2µm
_08582_,11.2µm
_08834_,11.2µm
_09041_,11.2µm
_09046_,11.2µm
u_transform_scheduler_core.rx_small_x1_q\[6\],11.2µm
u_transform_scheduler_core.u_mixed_radix_butterfly.arithmetic_half_sum_i_reg\[12\],11.2µm
u_transform_scheduler_core.u_mixed_radix_butterfly.premultiply_half_sum_i_reg\[6\],11.2µm
din[0],11.2µm
din[5],11.11µm
_07560_,10.97µm
_03360_,10.79µm
_03947_,10.79µm
_08380_,10.79µm
u_transform_scheduler_core.u_mixed_radix_butterfly.premultiply_half_sum_q_reg\[0\],10.79µm
_02567_,10.74µm
_03551_,10.74µm
_04007_,10.74µm
_05587_,10.74µm
_05598_,10.74µm
_05606_,10.74µm
_05782_,10.74µm
_05881_,10.74µm
_06061_,10.74µm
_06671_,10.74µm
_07404_,10.74µm
_07439_,10.74µm
_07457_,10.74µm
_08226_,10.74µm
_08367_,10.74µm
_08479_,10.74µm
_08929_,10.74µm
u_transform_scheduler_core.ofdm_sample_q\[4\],10.74µm
u_transform_scheduler_core.tx_dft12_hold_q\[1\]\[5\],10.74µm
_00080_,10.69µm
_00145_,10.69µm
_00156_,10.69µm
_00312_,10.69µm
_00390_,10.69µm
_00547_,10.69µm
_00650_,10.69µm
_00778_,10.69µm
_00851_,10.69µm
_00987_,10.69µm
_01016_,10.69µm
_01019_,10.69µm
_01030_,10.69µm
_01351_,10.69µm
_01427_,10.69µm
_01486_,10.69µm
_01498_,10.69µm
_01629_,10.69µm
_01684_,10.69µm
_01780_,10.69µm
_01807_,10.69µm
_01857_,10.69µm
_02018_,10.69µm
_02033_,10.69µm
_02165_,10.69µm
_02294_,10.69µm
_02300_,10.69µm
_02572_,10.69µm
_02715_,10.69µm
_02718_,10.69µm
_02862_,10.69µm
_02879_,10.69µm
_02899_,10.69µm
_02946_,10.69µm
_02985_,10.69µm
_03079_,10.69µm
_03098_,10.69µm
_03137_,10.69µm
_03214_,10.69µm
_03466_,10.69µm
_03506_,10.69µm
_04160_,10.69µm
_04164_,10.69µm
_04529_,10.69µm
_04719_,10.69µm
_04823_,10.69µm
_04877_,10.69µm
_05204_,10.69µm
_05257_,10.69µm
_05296_,10.69µm
_05313_,10.69µm
_05401_,10.69µm
_05798_,10.69µm
_05856_,10.69µm
_05877_,10.69µm
_05976_,10.69µm
_06658_,10.69µm
_06695_,10.69µm
_06737_,10.69µm
_06870_,10.69µm
_06909_,10.69µm
_07070_,10.69µm
_07251_,10.69µm
_07357_,10.69µm
_07539_,10.69µm
_07557_,10.69µm
_07740_,10.69µm
_08149_,10.69µm
_08229_,10.69µm
_08449_,10.69µm
_08475_,10.69µm
_08535_,10.69µm
_08727_,10.69µm
_09002_,10.69µm
_09016_,10.69µm
_09019_,10.69µm
u_transform_scheduler_core.fifo_x2_q\[0\]\[3\],10.69µm
u_transform_scheduler_core.u_mixed_radix_butterfly.premultiply_half_sum_q_reg\[15\],10.69µm
u_transform_scheduler_core.u_mixed_radix_butterfly.product_rr_reg\[22\],10.69µm
_00049_,10.64µm
_00095_,10.64µm
_00134_,10.64µm
_00165_,10.64µm
_00167_,10.64µm
_00173_,10.64µm
_00187_,10.64µm
_00247_,10.64µm
_00273_,10.64µm
_00490_,10.64µm
_00494_,10.64µm
_00522_,10.64µm
_00683_,10.64µm
_00722_,10.64µm
_00784_,10.64µm
_00857_,10.64µm
_00858_,10.64µm
_00899_,10.64µm
_00973_,10.64µm
_00991_,10.64µm
_01046_,10.64µm
_01052_,10.64µm
_01054_,10.64µm
_01063_,10.64µm
_01133_,10.64µm
_01150_,10.64µm
_01246_,10.64µm
_01292_,10.64µm
_01368_,10.64µm
_01405_,10.64µm
_01410_,10.64µm
_01528_,10.64µm
_01586_,10.64µm
_01686_,10.64µm
_01695_,10.64µm
_01719_,10.64µm
_01763_,10.64µm
_01818_,10.64µm
_01874_,10.64µm
_01893_,10.64µm
_01914_,10.64µm
_01918_,10.64µm
_02092_,10.64µm
_02258_,10.64µm
_02260_,10.64µm
_02270_,10.64µm
_02275_,10.64µm
_02277_,10.64µm
_02282_,10.64µm
_02362_,10.64µm
_02417_,10.64µm
_02853_,10.64µm
_02876_,10.64µm
_02883_,10.64µm
_02884_,10.64µm
_02911_,10.64µm
_02913_,10.64µm
_02914_,10.64µm
_03044_,10.64µm
_03144_,10.64µm
_03159_,10.64µm
_03215_,10.64µm
_03250_,10.64µm
_03254_,10.64µm
_03291_,10.64µm
_03312_,10.64µm
_03392_,10.64µm
_03400_,10.64µm
_03431_,10.64µm
_03450_,10.64µm
_03494_,10.64µm
_03581_,10.64µm
_03589_,10.64µm
_03617_,10.64µm
_03622_,10.64µm
_03724_,10.64µm
_03731_,10.64µm
_03759_,10.64µm
_03833_,10.64µm
_03855_,10.64µm
_03954_,10.64µm
_04009_,10.64µm
_04161_,10.64µm
_04312_,10.64µm
_04426_,10.64µm
_04461_,10.64µm
_04568_,10.64µm
_04609_,10.64µm
_04793_,10.64µm
_04915_,10.64µm
_05077_,10.64µm
_05091_,10.64µm
_05163_,10.64µm
_05171_,10.64µm
_05253_,10.64µm
_05282_,10.64µm
_05306_,10.64µm
_05307_,10.64µm
_05368_,10.64µm
_05416_,10.64µm
_05457_,10.64µm
_05534_,10.64µm
_05544_,10.64µm
_05570_,10.64µm
_05576_,10.64µm
_05766_,10.64µm
_06039_,10.64µm
_06107_,10.64µm
_06263_,10.64µm
_06513_,10.64µm
_06584_,10.64µm
_06648_,10.64µm
_06697_,10.64µm
_06733_,10.64µm
_06891_,10.64µm
_06929_,10.64µm
_06945_,10.64µm
_06954_,10.64µm
_07024_,10.64µm
_07199_,10.64µm
_07376_,10.64µm
_07446_,10.64µm
_07705_,10.64µm
_07724_,10.64µm
_07781_,10.64µm
_07836_,10.64µm
_07975_,10.64µm
_07986_,10.64µm
_08287_,10.64µm
_08488_,10.64µm
_08501_,10.64µm
_08545_,10.64µm
_08791_,10.64µm
_08819_,10.64µm
_08827_,10.64µm
_08904_,10.64µm
_08966_,10.64µm
_08977_,10.64µm
u_transform_scheduler_core.u_mixed_radix_butterfly.arithmetic_x0_q_reg\[4\],10.64µm
dout[7],10.59µm
_00100_,10.58µm
_03451_,10.58µm
din[1],10.4µm
_05821_,10.36µm
din[6],10.27µm
_03978_,10.23µm
_04576_,10.23µm
_01768_,10.18µm
_03090_,10.18µm
_03881_,10.18µm
_05426_,10.18µm
_05464_,10.18µm
_06379_,10.18µm
_07370_,10.18µm
_07543_,10.18µm
_08113_,10.18µm
_08319_,10.18µm
_00036_,10.13µm
_00072_,10.13µm
_00114_,10.13µm
_00135_,10.13µm
_00152_,10.13µm
_00163_,10.13µm
_00219_,10.13µm
_00256_,10.13µm
_00285_,10.13µm
_00369_,10.13µm
_00443_,10.13µm
_00476_,10.13µm
_00498_,10.13µm
_00518_,10.13µm
_00600_,10.13µm
_00619_,10.13µm
_00621_,10.13µm
_00735_,10.13µm
_00753_,10.13µm
_00804_,10.13µm
_00887_,10.13µm
_00904_,10.13µm
_00931_,10.13µm
_00959_,10.13µm
_00990_,10.13µm
_01050_,10.13µm
_01117_,10.13µm
_01129_,10.13µm
_01238_,10.13µm
_01262_,10.13µm
_01288_,10.13µm
_01400_,10.13µm
_01476_,10.13µm
_01580_,10.13µm
_01581_,10.13µm
_01591_,10.13µm
_01615_,10.13µm
_01678_,10.13µm
_01717_,10.13µm
_01822_,10.13µm
_01831_,10.13µm
_01859_,10.13µm
_01885_,10.13µm
_01902_,10.13µm
_01920_,10.13µm
_01938_,10.13µm
_01969_,10.13µm
_01982_,10.13µm
_02070_,10.13µm
_02118_,10.13µm
_02179_,10.13µm
_02402_,10.13µm
_02606_,10.13µm
_02692_,10.13µm
_02855_,10.13µm
_02857_,10.13µm
_02912_,10.13µm
_02933_,10.13µm
_03125_,10.13µm
_03246_,10.13µm
_03299_,10.13µm
_03367_,10.13µm
_03483_,10.13µm
_03487_,10.13µm
_03541_,10.13µm
_03593_,10.13µm
_03675_,10.13µm
_03931_,10.13µm
_04251_,10.13µm
_04365_,10.13µm
_04395_,10.13µm
_04693_,10.13µm
_04876_,10.13µm
_04892_,10.13µm
_05003_,10.13µm
_05035_,10.13µm
_05321_,10.13µm
_05523_,10.13µm
_05739_,10.13µm
_05777_,10.13µm
_05819_,10.13µm
_05891_,10.13µm
_06205_,10.13µm
_06264_,10.13µm
_06380_,10.13µm
_06425_,10.13µm
_06484_,10.13µm
_06519_,10.13µm
_06586_,10.13µm
_06629_,10.13µm
_06836_,10.13µm
_07030_,10.13µm
_07076_,10.13µm
_07113_,10.13µm
_07139_,10.13µm
_07292_,10.13µm
_07395_,10.13µm
_07687_,10.13µm
_07760_,10.13µm
_07850_,10.13µm
_07911_,10.13µm
_07915_,10.13µm
_07968_,10.13µm
_07978_,10.13µm
_08014_,10.13µm
_08134_,10.13µm
_08273_,10.13µm
_08404_,10.13µm
_08564_,10.13µm
_08762_,10.13µm
_08822_,10.13µm
_08903_,10.13µm
_08968_,10.13µm
_08996_,10.13µm
_09004_,10.13µm
_00057_,10.08µm
_00075_,10.08µm
_00199_,10.08µm
_00288_,10.08µm
_00354_,10.08µm
_00392_,10.08µm
_00434_,10.08µm
_00450_,10.08µm
_00562_,10.08µm
_00578_,10.08µm
_00658_,10.08µm
_00676_,10.08µm
_00733_,10.08µm
_00874_,10.08µm
_00936_,10.08µm
_00945_,10.08µm
_00999_,10.08µm
_01083_,10.08µm
_01112_,10.08µm
_01221_,10.08µm
_01247_,10.08µm
_01424_,10.08µm
_01501_,10.08µm
_01561_,10.08µm
_01575_,10.08µm
_01592_,10.08µm
_01596_,10.08µm
_01656_,10.08µm
_01707_,10.08µm
_01734_,10.08µm
_01746_,10.08µm
_01756_,10.08µm
_01785_,10.08µm
_01787_,10.08µm
_01799_,10.08µm
_01817_,10.08µm
_01832_,10.08µm
_01855_,10.08µm
_01990_,10.08µm
_02016_,10.08µm
_02047_,10.08µm
_02080_,10.08µm
_02125_,10.08µm
_02137_,10.08µm
_02313_,10.08µm
_02370_,10.08µm
_02390_,10.08µm
_02603_,10.08µm
_02632_,10.08µm
_02666_,10.08µm
_02672_,10.08µm
_02732_,10.08µm
_02777_,10.08µm
_02779_,10.08µm
_02801_,10.08µm
_02815_,10.08µm
_02845_,10.08µm
_02890_,10.08µm
_02951_,10.08µm
_02955_,10.08µm
_02969_,10.08µm
_03017_,10.08µm
_03038_,10.08µm
_03080_,10.08µm
_03116_,10.08µm
_03126_,10.08µm
_03133_,10.08µm
_03143_,10.08µm
_03147_,10.08µm
_03170_,10.08µm
_03175_,10.08µm
_03193_,10.08µm
_03236_,10.08µm
_03413_,10.08µm
_03515_,10.08µm
_03533_,10.08µm
_03572_,10.08µm
_03626_,10.08µm
_03753_,10.08µm
_03942_,10.08µm
_03998_,10.08µm
_04177_,10.08µm
_04481_,10.08µm
_04486_,10.08µm
_04548_,10.08µm
_04589_,10.08µm
_04615_,10.08µm
_04746_,10.08µm
_04836_,10.08µm
_05154_,10.08µm
_05179_,10.08µm
_05338_,10.08µm
_05370_,10.08µm
_05402_,10.08µm
_05433_,10.08µm
_05483_,10.08µm
_05501_,10.08µm
_05557_,10.08µm
_05781_,10.08µm
_05904_,10.08µm
_06013_,10.08µm
_06027_,10.08µm
_06030_,10.08µm
_06095_,10.08µm
_06198_,10.08µm
_06251_,10.08µm
_06340_,10.08µm
_06353_,10.08µm
_06354_,10.08µm
_06377_,10.08µm
_06506_,10.08µm
_06562_,10.08µm
_06687_,10.08µm
_06694_,10.08µm
_06823_,10.08µm
_06910_,10.08µm
_06961_,10.08µm
_07072_,10.08µm
_07088_,10.08µm
_07215_,10.08µm
_07256_,10.08µm
_07265_,10.08µm
_07431_,10.08µm
_07712_,10.08µm
_07739_,10.08µm
_07910_,10.08µm
_07946_,10.08µm
_08056_,10.08µm
_08143_,10.08µm
_08162_,10.08µm
_08188_,10.08µm
_08237_,10.08µm
_08279_,10.08µm
_08324_,10.08µm
_08371_,10.08µm
_08429_,10.08µm
_08609_,10.08µm
_08811_,10.08µm
_08855_,10.08µm
_08858_,10.08µm
_08934_,10.08µm
_08969_,10.08µm
u_transform_scheduler_core.fifo_x0_i\[0\]\[10\],10.08µm
_03832_,9.8µm
_06232_,9.795µm
_04951_,9.67µm
_08280_,9.67µm
u_transform_scheduler_core.ofdm_sample_q\[0\],9.67µm
_00385_,9.62µm
_02287_,9.62µm
_02674_,9.62µm
_02798_,9.62µm
_02920_,9.62µm
_03937_,9.62µm
_03962_,9.62µm
_03997_,9.62µm
_04065_,9.62µm
_04286_,9.62µm
_05252_,9.62µm
_05441_,9.62µm
_05446_,9.62µm
_05521_,9.62µm
_05665_,9.62µm
_05948_,9.62µm
_06647_,9.62µm
_07078_,9.62µm
_07201_,9.62µm
_07248_,9.62µm
_07312_,9.62µm
_07334_,9.62µm
u_transform_scheduler_core.tx_dft12_hold_q\[2\]\[6\],9.62µm
din[2],9.6µm
_00034_,9.57µm
_00052_,9.57µm
_00217_,9.57µm
_00238_,9.57µm
_00271_,9.57µm
_00299_,9.57µm
_00456_,9.57µm
_00462_,9.57µm
_00478_,9.57µm
_00543_,9.57µm
_00550_,9.57µm
_00558_,9.57µm
_00576_,9.57µm
_00593_,9.57µm
_00610_,9.57µm
_00626_,9.57µm
_00634_,9.57µm
_00640_,9.57µm
_00646_,9.57µm
_00653_,9.57µm
_00871_,9.57µm
_00913_,9.57µm
_00965_,9.57µm
_00974_,9.57µm
_01100_,9.57µm
_01158_,9.57µm
_01198_,9.57µm
_01264_,9.57µm
_01278_,9.57µm
_01352_,9.57µm
_01497_,9.57µm
_01531_,9.57µm
_01605_,9.57µm
_01765_,9.57µm
_01877_,9.57µm
_01907_,9.57µm
_01953_,9.57µm
_01960_,9.57µm
_02273_,9.57µm
_02397_,9.57µm
_02931_,9.57µm
_03187_,9.57µm
_03279_,9.57µm
_03305_,9.57µm
_03313_,9.57µm
_03404_,9.57µm
_03518_,9.57µm
_03677_,9.57µm
_03722_,9.57µm
_03911_,9.57µm
_03939_,9.57µm
_04166_,9.57µm
_04307_,9.57µm
_04700_,9.57µm
_04702_,9.57µm
_04758_,9.57µm
_04910_,9.57µm
_05099_,9.57µm
_05192_,9.57µm
_05244_,9.57µm
_05345_,9.57µm
_05422_,9.57µm
_05524_,9.57µm
_05546_,9.57µm
_05548_,9.57µm
_05727_,9.57µm
_05759_,9.57µm
_05765_,9.57µm
_05784_,9.57µm
_05960_,9.57µm
_06028_,9.57µm
_06064_,9.57µm
_06137_,9.57µm
_06376_,9.57µm
_06593_,9.57µm
_06634_,9.57µm
_06832_,9.57µm
_06852_,9.57µm
_06953_,9.57µm
_06988_,9.57µm
_07032_,9.57µm
_07364_,9.57µm
_07679_,9.57µm
_07693_,9.57µm
_07851_,9.57µm
_08028_,9.57µm
_08421_,9.57µm
_08898_,9.57µm
_08944_,9.57µm
_08965_,9.57µm
_09053_,9.57µm
_00035_,9.52µm
_00063_,9.52µm
_00136_,9.52µm
_00189_,9.52µm
_00201_,9.52µm
_00277_,9.52µm
_00309_,9.52µm
_00343_,9.52µm
_00353_,9.52µm
_00381_,9.52µm
_00386_,9.52µm
_00427_,9.52µm
_00428_,9.52µm
_00568_,9.52µm
_00570_,9.52µm
_00572_,9.52µm
_00661_,9.52µm
_00764_,9.52µm
_00779_,9.52µm
_00791_,9.52µm
_00828_,9.52µm
_00947_,9.52µm
_01021_,9.52µm
_01022_,9.52µm
_01163_,9.52µm
_01165_,9.52µm
_01180_,9.52µm
_01272_,9.52µm
_01327_,9.52µm
_01409_,9.52µm
_01420_,9.52µm
_01437_,9.52µm
_01448_,9.52µm
_01454_,9.52µm
_01469_,9.52µm
_01472_,9.52µm
_01512_,9.52µm
_01517_,9.52µm
_01520_,9.52µm
_01523_,9.52µm
_01542_,9.52µm
_01571_,9.52µm
_01641_,9.52µm
_01644_,9.52µm
_01662_,9.52µm
_01668_,9.52µm
_01696_,9.52µm
_01752_,9.52µm
_01771_,9.52µm
_01772_,9.52µm
_01776_,9.52µm
_01826_,9.52µm
_01836_,9.52µm
_01839_,9.52µm
_01944_,9.52µm
_01959_,9.52µm
_01967_,9.52µm
_02010_,9.52µm
_02058_,9.52µm
_02126_,9.52µm
_02186_,9.52µm
_02234_,9.52µm
_02272_,9.52µm
_02304_,9.52µm
_02308_,9.52µm
_02318_,9.52µm
_02368_,9.52µm
_02382_,9.52µm
_02395_,9.52µm
_02409_,9.52µm
_02419_,9.52µm
_02430_,9.52µm
_02444_,9.52µm
_02551_,9.52µm
_02563_,9.52µm
_02592_,9.52µm
_02610_,9.52µm
_02621_,9.52µm
_02658_,9.52µm
_02668_,9.52µm
_02822_,9.52µm
_02877_,9.52µm
_02898_,9.52µm
_02904_,9.52µm
_02971_,9.52µm
_02987_,9.52µm
_02992_,9.52µm
_03037_,9.52µm
_03127_,9.52µm
_03155_,9.52µm
_03179_,9.52µm
_03180_,9.52µm
_03184_,9.52µm
_03195_,9.52µm
_03249_,9.52µm
_03297_,9.52µm
_03315_,9.52µm
_03317_,9.52µm
_03354_,9.52µm
_03389_,9.52µm
_03398_,9.52µm
_03497_,9.52µm
_03543_,9.52µm
_03550_,9.52µm
_03576_,9.52µm
_03577_,9.52µm
_03578_,9.52µm
_03580_,9.52µm
_03600_,9.52µm
_03624_,9.52µm
_03646_,9.52µm
_03664_,9.52µm
_03682_,9.52µm
_03703_,9.52µm
_03733_,9.52µm
_03872_,9.52µm
_03905_,9.52µm
_03965_,9.52µm
_04032_,9.52µm
_04405_,9.52µm
_04423_,9.52µm
_04697_,9.52µm
_04844_,9.52µm
_04924_,9.52µm
_05007_,9.52µm
_05116_,9.52µm
_05120_,9.52µm
_05180_,9.52µm
_05195_,9.52µm
_05480_,9.52µm
_05614_,9.52µm
_05657_,9.52µm
_05720_,9.52µm
_05799_,9.52µm
_05818_,9.52µm
_05833_,9.52µm
_05956_,9.52µm
_06019_,9.52µm
_06059_,9.52µm
_06074_,9.52µm
_06341_,9.52µm
_06345_,9.52µm
_06351_,9.52µm
_06367_,9.52µm
_06381_,9.52µm
_06385_,9.52µm
_06471_,9.52µm
_06554_,9.52µm
_06583_,9.52µm
_06612_,9.52µm
_06628_,9.52µm
_06780_,9.52µm
_06920_,9.52µm
_06927_,9.52µm
_07068_,9.52µm
_07117_,9.52µm
_07151_,9.52µm
_07171_,9.52µm
_07240_,9.52µm
_07281_,9.52µm
_07410_,9.52µm
_07652_,9.52µm
_07659_,9.52µm
_07671_,9.52µm
_07688_,9.52µm
_07706_,9.52µm
_07831_,9.52µm
_07847_,9.52µm
_07858_,9.52µm
_07897_,9.52µm
_07972_,9.52µm
_08040_,9.52µm
_08099_,9.52µm
_08144_,9.52µm
_08220_,9.52µm
_08405_,9.52µm
_08484_,9.52µm
_08562_,9.52µm
_08576_,9.52µm
_08642_,9.52µm
_08721_,9.52µm
_08732_,9.52µm
_08750_,9.52µm
_08792_,9.52µm
_08878_,9.52µm
_08924_,9.52µm
u_transform_scheduler_core.rx_fft128_index\[3\],9.52µm
u_transform_scheduler_core.tx_dft12_hold_q\[0\]\[3\],9.52µm
u_transform_scheduler_core.u_fdiq_input_adapter.held_i\[2\],9.52µm
din[7],9.52µm
_07423_,9.11µm
_07743_,9.11µm
_08546_,9.11µm
dout_valid_o,9.1µm
_02762_,9.06µm
_02829_,9.06µm
_03951_,9.06µm
_04017_,9.06µm
_04949_,9.06µm
_05814_,9.06µm
_06779_,9.06µm
_08179_,9.06µm
_08605_,9.06µm
_09054_,9.06µm
u_transform_scheduler_core.tx_dft12_hold_i\[1\]\[13\],9.06µm
_00001_,9.01µm
_00090_,9.01µm
_00105_,9.01µm
_00139_,9.01µm
_00144_,9.01µm
_00230_,9.01µm
_00242_,9.01µm
_00297_,9.01µm
_00305_,9.01µm
_00333_,9.01µm
_00380_,9.01µm
_00441_,9.01µm
_00477_,9.01µm
_00542_,9.01µm
_00546_,9.01µm
_00557_,9.01µm
_00559_,9.01µm
_00560_,9.01µm
_00574_,9.01µm
_00581_,9.01µm
_00587_,9.01µm
_00615_,9.01µm
_00617_,9.01µm
_00654_,9.01µm
_00685_,9.01µm
_00712_,9.01µm
_00770_,9.01µm
_00816_,9.01µm
_00847_,9.01µm
_00888_,9.01µm
_01001_,9.01µm
_01023_,9.01µm
_01124_,9.01µm
_01164_,9.01µm
_01174_,9.01µm
_01373_,9.01µm
_01392_,9.01µm
_01421_,9.01µm
_01464_,9.01µm
_01465_,9.01µm
_01494_,9.01µm
_01587_,9.01µm
_01595_,9.01µm
_01661_,9.01µm
_01671_,9.01µm
_01694_,9.01µm
_01735_,9.01µm
_01852_,9.01µm
_01854_,9.01µm
_01888_,9.01µm
_01906_,9.01µm
_01934_,9.01µm
_01974_,9.01µm
_01980_,9.01µm
_02114_,9.01µm
_02335_,9.01µm
_02418_,9.01µm
_02549_,9.01µm
_02711_,9.01µm
_02836_,9.01µm
_02935_,9.01µm
_02973_,9.01µm
_03005_,9.01µm
_03066_,9.01µm
_03212_,9.01µm
_03244_,9.01µm
_03265_,9.01µm
_03432_,9.01µm
_03436_,9.01µm
_03462_,9.01µm
_03503_,9.01µm
_03607_,9.01µm
_03661_,9.01µm
_03672_,9.01µm
_03700_,9.01µm
_03843_,9.01µm
_03943_,9.01µm
_03955_,9.01µm
_04020_,9.01µm
_04087_,9.01µm
_04101_,9.01µm
_04477_,9.01µm
_04644_,9.01µm
_04694_,9.01µm
_04747_,9.01µm
_04780_,9.01µm
_04837_,9.01µm
_04918_,9.01µm
_04983_,9.01µm
_05030_,9.01µm
_05110_,9.01µm
_05178_,9.01µm
_05249_,9.01µm
_05364_,9.01µm
_05391_,9.01µm
_05654_,9.01µm
_05793_,9.01µm
_06286_,9.01µm
_06336_,9.01µm
_06441_,9.01µm
_06442_,9.01µm
_06450_,9.01µm
_06473_,9.01µm
_06581_,9.01µm
_06736_,9.01µm
_06757_,9.01µm
_06781_,9.01µm
_06951_,9.01µm
_07152_,9.01µm
_07254_,9.01µm
_07639_,9.01µm
_07956_,9.01µm
_08058_,9.01µm
_08085_,9.01µm
_08228_,9.01µm
_08341_,9.01µm
_08785_,9.01µm
_08817_,9.01µm
u_transform_scheduler_core.tx_dout\[0\],9.01µm
_00002_,8.96µm
_00083_,8.96µm
_00085_,8.96µm
_00089_,8.96µm
_00093_,8.96µm
_00216_,8.96µm
_00324_,8.96µm
_00378_,8.96µm
_00396_,8.96µm
_00444_,8.96µm
_00469_,8.96µm
_00485_,8.96µm
_00604_,8.96µm
_00678_,8.96µm
_00691_,8.96µm
_00707_,8.96µm
_00743_,8.96µm
_00746_,8.96µm
_00809_,8.96µm
_00905_,8.96µm
_00954_,8.96µm
_01134_,8.96µm
_01229_,8.96µm
_01241_,8.96µm
_01261_,8.96µm
_01280_,8.96µm
_01318_,8.96µm
_01336_,8.96µm
_01441_,8.96µm
_01473_,8.96µm
_01504_,8.96µm
_01560_,8.96µm
_01562_,8.96µm
_01574_,8.96µm
_01577_,8.96µm
_01624_,8.96µm
_01673_,8.96µm
_01740_,8.96µm
_01755_,8.96µm
_01764_,8.96µm
_01795_,8.96µm
_01823_,8.96µm
_01869_,8.96µm
_01942_,8.96µm
_01984_,8.96µm
_01999_,8.96µm
_02091_,8.96µm
_02246_,8.96µm
_02267_,8.96µm
_02343_,8.96µm
_02407_,8.96µm
_02415_,8.96µm
_02588_,8.96µm
_02705_,8.96µm
_02793_,8.96µm
_02812_,8.96µm
_02814_,8.96µm
_02828_,8.96µm
_02831_,8.96µm
_02834_,8.96µm
_02871_,8.96µm
_02982_,8.96µm
_03013_,8.96µm
_03027_,8.96µm
_03085_,8.96µm
_03093_,8.96µm
_03108_,8.96µm
_03115_,8.96µm
_03124_,8.96µm
_03139_,8.96µm
_03221_,8.96µm
_03225_,8.96µm
_03319_,8.96µm
_03343_,8.96µm
_03371_,8.96µm
_03386_,8.96µm
_03478_,8.96µm
_03492_,8.96µm
_03508_,8.96µm
_03538_,8.96µm
_03596_,8.96µm
_03775_,8.96µm
_03873_,8.96µm
_03960_,8.96µm
_04404_,8.96µm
_04420_,8.96µm
_04467_,8.96µm
_04509_,8.96µm
_04542_,8.96µm
_04790_,8.96µm
_04825_,8.96µm
_04990_,8.96µm
_05052_,8.96µm
_05187_,8.96µm
_05211_,8.96µm
_05277_,8.96µm
_05290_,8.96µm
_05329_,8.96µm
_05389_,8.96µm
_05477_,8.96µm
_05583_,8.96µm
_05640_,8.96µm
_05644_,8.96µm
_05714_,8.96µm
_05930_,8.96µm
_05962_,8.96µm
_05980_,8.96µm
_06032_,8.96µm
_06066_,8.96µm
_06073_,8.96µm
_06079_,8.96µm
_06101_,8.96µm
_06119_,8.96µm
_06188_,8.96µm
_06523_,8.96µm
_06625_,8.96µm
_06640_,8.96µm
_06711_,8.96µm
_06773_,8.96µm
_06801_,8.96µm
_06833_,8.96µm
_06935_,8.96µm
_06939_,8.96µm
_06957_,8.96µm
_06994_,8.96µm
_07023_,8.96µm
_07064_,8.96µm
_07193_,8.96µm
_07300_,8.96µm
_07356_,8.96µm
_07500_,8.96µm
_07532_,8.96µm
_07550_,8.96µm
_07618_,8.96µm
_07650_,8.96µm
_07840_,8.96µm
_07859_,8.96µm
_07900_,8.96µm
_07918_,8.96µm
_07976_,8.96µm
_07985_,8.96µm
_08010_,8.96µm
_08049_,8.96µm
_08083_,8.96µm
_08103_,8.96µm
_08125_,8.96µm
_08209_,8.96µm
_08244_,8.96µm
_08256_,8.96µm
_08293_,8.96µm
_08445_,8.96µm
_08446_,8.96µm
_08465_,8.96µm
_08469_,8.96µm
_08611_,8.96µm
_08681_,8.96µm
_08758_,8.96µm
_08765_,8.96µm
_08824_,8.96µm
_08891_,8.96µm
_08960_,8.96µm
_08971_,8.96µm
din[3],8.8µm
din_valid_i,8.72µm
_06964_,8.575µm
_07242_,8.55µm
_08544_,8.55µm
u_transform_scheduler_core.tx_dft12_hold_i\[1\]\[1\],8.55µm
_00252_,8.5µm
_00384_,8.5µm
_01284_,8.5µm
_01300_,8.5µm
_02321_,8.5µm
_02622_,8.5µm
_03047_,8.5µm
_03104_,8.5µm
_03138_,8.5µm
_03148_,8.5µm
_03397_,8.5µm
_03430_,8.5µm
_03463_,8.5µm
_03473_,8.5µm
_03866_,8.5µm
_03886_,8.5µm
_03892_,8.5µm
_05125_,8.5µm
_05566_,8.5µm
_05575_,8.5µm
_05658_,8.5µm
_06689_,8.5µm
_07668_,8.5µm
_08286_,8.5µm
u_transform_scheduler_core.rx_small_x1_q\[5\],8.5µm
_00012_,8.45µm
_00048_,8.45µm
_00056_,8.45µm
_00071_,8.45µm
_00091_,8.45µm
_00171_,8.45µm
_00175_,8.45µm
_00314_,8.45µm
_00358_,8.45µm
_00425_,8.45µm
_00437_,8.45µm
_00438_,8.45µm
_00449_,8.45µm
_00458_,8.45µm
_00480_,8.45µm
_00484_,8.45µm
_00539_,8.45µm
_00573_,8.45µm
_00598_,8.45µm
_00731_,8.45µm
_00738_,8.45µm
_00742_,8.45µm
_00837_,8.45µm
_00840_,8.45µm
_00844_,8.45µm
_00870_,8.45µm
_00878_,8.45µm
_00893_,8.45µm
_00917_,8.45µm
_01068_,8.45µm
_01120_,8.45µm
_01157_,8.45µm
_01312_,8.45µm
_01362_,8.45µm
_01396_,8.45µm
_01407_,8.45µm
_01480_,8.45µm
_01514_,8.45µm
_01543_,8.45µm
_01557_,8.45µm
_01604_,8.45µm
_01614_,8.45µm
_01788_,8.45µm
_01886_,8.45µm
_01901_,8.45µm
_01981_,8.45µm
_02122_,8.45µm
_02135_,8.45µm
_02183_,8.45µm
_02200_,8.45µm
_02208_,8.45µm
_02240_,8.45µm
_02361_,8.45µm
_02414_,8.45µm
_02535_,8.45µm
_02602_,8.45µm
_02653_,8.45µm
_02660_,8.45µm
_02693_,8.45µm
_02873_,8.45µm
_03089_,8.45µm
_03200_,8.45µm
_03242_,8.45µm
_03271_,8.45µm
_03341_,8.45µm
_03456_,8.45µm
_03461_,8.45µm
_03564_,8.45µm
_03653_,8.45µm
_03830_,8.45µm
_03861_,8.45µm
_04447_,8.45µm
_04567_,8.45µm
_04575_,8.45µm
_04755_,8.45µm
_04761_,8.45µm
_04856_,8.45µm
_05168_,8.45µm
_05202_,8.45µm
_05214_,8.45µm
_05219_,8.45µm
_05237_,8.45µm
_05271_,8.45µm
_05468_,8.45µm
_05519_,8.45µm
_05527_,8.45µm
_05539_,8.45µm
_05584_,8.45µm
_05620_,8.45µm
_05778_,8.45µm
_05892_,8.45µm
_05954_,8.45µm
_05973_,8.45µm
_05981_,8.45µm
_06025_,8.45µm
_06060_,8.45µm
_06062_,8.45µm
_06088_,8.45µm
_06219_,8.45µm
_06981_,8.45µm
_07006_,8.45µm
_07038_,8.45µm
_07058_,8.45µm
_07125_,8.45µm
_07141_,8.45µm
_07278_,8.45µm
_07302_,8.45µm
_07479_,8.45µm
_07592_,8.45µm
_08002_,8.45µm
_08208_,8.45µm
_08296_,8.45µm
_08540_,8.45µm
_08684_,8.45µm
_08886_,8.45µm
_09024_,8.45µm
_00133_,8.4µm
_00207_,8.4µm
_00224_,8.4µm
_00268_,8.4µm
_00315_,8.4µm
_00328_,8.4µm
_00355_,8.4µm
_00532_,8.4µm
_00534_,8.4µm
_00552_,8.4µm
_00591_,8.4µm
_00725_,8.4µm
_00829_,8.4µm
_00836_,8.4µm
_00956_,8.4µm
_01020_,8.4µm
_01039_,8.4µm
_01051_,8.4µm
_01062_,8.4µm
_01064_,8.4µm
_01109_,8.4µm
_01175_,8.4µm
_01194_,8.4µm
_01244_,8.4µm
_01266_,8.4µm
_01282_,8.4µm
_01315_,8.4µm
_01339_,8.4µm
_01350_,8.4µm
_01432_,8.4µm
_01434_,8.4µm
_01439_,8.4µm
_01525_,8.4µm
_01552_,8.4µm
_01598_,8.4µm
_01599_,8.4µm
_01630_,8.4µm
_01652_,8.4µm
_01702_,8.4µm
_01791_,8.4µm
_01811_,8.4µm
_01910_,8.4µm
_01915_,8.4µm
_01919_,8.4µm
_01927_,8.4µm
_02216_,8.4µm
_02248_,8.4µm
_02286_,8.4µm
_02363_,8.4µm
_02442_,8.4µm
_02593_,8.4µm
_02615_,8.4µm
_02656_,8.4µm
_02703_,8.4µm
_02735_,8.4µm
_02761_,8.4µm
_02783_,8.4µm
_02928_,8.4µm
_03022_,8.4µm
_03023_,8.4µm
_03033_,8.4µm
_03067_,8.4µm
_03077_,8.4µm
_03112_,8.4µm
_03150_,8.4µm
_03164_,8.4µm
_03182_,8.4µm
_03308_,8.4µm
_03335_,8.4µm
_03336_,8.4µm
_03377_,8.4µm
_03381_,8.4µm
_03409_,8.4µm
_03519_,8.4µm
_03527_,8.4µm
_03693_,8.4µm
_03857_,8.4µm
_03860_,8.4µm
_04326_,8.4µm
_04634_,8.4µm
_04649_,8.4µm
_04784_,8.4µm
_04902_,8.4µm
_05079_,8.4µm
_05198_,8.4µm
_05223_,8.4µm
_05356_,8.4µm
_05460_,8.4µm
_05671_,8.4µm
_05747_,8.4µm
_05755_,8.4µm
_05791_,8.4µm
_05805_,8.4µm
_05993_,8.4µm
_06038_,8.4µm
_06067_,8.4µm
_06587_,8.4µm
_06589_,8.4µm
_06619_,8.4µm
_06661_,8.4µm
_06698_,8.4µm
_06938_,8.4µm
_06978_,8.4µm
_07010_,8.4µm
_07084_,8.4µm
_07205_,8.4µm
_07216_,8.4µm
_07259_,8.4µm
_07268_,8.4µm
_07385_,8.4µm
_07612_,8.4µm
_07675_,8.4µm
_07702_,8.4µm
_07812_,8.4µm
_07925_,8.4µm
_07992_,8.4µm
_08066_,8.4µm
_08461_,8.4µm
_08734_,8.4µm
_08770_,8.4µm
_08932_,8.4µm
_08958_,8.4µm
_08964_,8.4µm
_02681_,8.34µm
din_ready_o,8.31µm
_02085_,7.94µm
_02124_,7.94µm
_02239_,7.94µm
_02263_,7.94µm
_02590_,7.94µm
_02823_,7.94µm
_03405_,7.94µm
_03408_,7.94µm
_03514_,7.94µm
_04061_,7.94µm
_04191_,7.94µm
_04338_,7.94µm
_04802_,7.94µm
_05809_,7.94µm
_06419_,7.94µm
_06461_,7.94µm
_06738_,7.94µm
_07100_,7.94µm
_07575_,7.94µm
_07801_,7.94µm
_08752_,7.94µm
_08790_,7.94µm
_00032_,7.89µm
_00043_,7.89µm
_00059_,7.89µm
_00108_,7.89µm
_00191_,7.89µm
_00233_,7.89µm
_00303_,7.89µm
_00307_,7.89µm
_00337_,7.89µm
_00388_,7.89µm
_00419_,7.89µm
_00455_,7.89µm
_00459_,7.89µm
_00492_,7.89µm
_00511_,7.89µm
_00538_,7.89µm
_00582_,7.89µm
_00630_,7.89µm
_00632_,7.89µm
_00645_,7.89µm
_00659_,7.89µm
_00693_,7.89µm
_00697_,7.89µm
_00728_,7.89µm
_00795_,7.89µm
_00832_,7.89µm
_00834_,7.89µm
_00848_,7.89µm
_00923_,7.89µm
_00952_,7.89µm
_01009_,7.89µm
_01024_,7.89µm
_01041_,7.89µm
_01049_,7.89µm
_01106_,7.89µm
_01151_,7.89µm
_01167_,7.89µm
_01250_,7.89µm
_01333_,7.89µm
_01391_,7.89µm
_01470_,7.89µm
_01526_,7.89µm
_01566_,7.89µm
_01568_,7.89µm
_01578_,7.89µm
_01585_,7.89µm
_01616_,7.89µm
_01636_,7.89µm
_01660_,7.89µm
_01663_,7.89µm
_01666_,7.89µm
_01681_,7.89µm
_01688_,7.89µm
_01690_,7.89µm
_01754_,7.89µm
_01842_,7.89µm
_01862_,7.89µm
_01882_,7.89µm
_02350_,7.89µm
_02451_,7.89µm
_02558_,7.89µm
_02581_,7.89µm
_02591_,7.89µm
_02605_,7.89µm
_02673_,7.89µm
_02741_,7.89µm
_02865_,7.89µm
_02918_,7.89µm
_03156_,7.89µm
_03213_,7.89µm
_03218_,7.89µm
_03224_,7.89µm
_03339_,7.89µm
_03368_,7.89µm
_03439_,7.89µm
_03457_,7.89µm
_03482_,7.89µm
_03658_,7.89µm
_03755_,7.89µm
_03778_,7.89µm
_04483_,7.89µm
_04545_,7.89µm
_04553_,7.89µm
_04621_,7.89µm
_04627_,7.89µm
_04664_,7.89µm
_04695_,7.89µm
_04974_,7.89µm
_05302_,7.89µm
_05413_,7.89µm
_05442_,7.89µm
_05458_,7.89µm
_05935_,7.89µm
_05949_,7.89µm
_05952_,7.89µm
_05988_,7.89µm
_06084_,7.89µm
_06092_,7.89µm
_06127_,7.89µm
_06233_,7.89µm
_06253_,7.89µm
_06388_,7.89µm
_06413_,7.89µm
_06424_,7.89µm
_06669_,7.89µm
_06770_,7.89µm
_06799_,7.89µm
_06877_,7.89µm
_06895_,7.89µm
_06944_,7.89µm
_07562_,7.89µm
_07686_,7.89µm
_07756_,7.89µm
_07832_,7.89µm
_07867_,7.89µm
_08037_,7.89µm
_08077_,7.89µm
_08090_,7.89µm
_08269_,7.89µm
_08306_,7.89µm
_08382_,7.89µm
_08408_,7.89µm
_08584_,7.89µm
_08657_,7.89µm
_08663_,7.89µm
_08705_,7.89µm
_08870_,7.89µm
_08893_,7.89µm
_00088_,7.84µm
_00151_,7.84µm
_00169_,7.84µm
_00204_,7.84µm
_00279_,7.84µm
_00374_,7.84µm
_00391_,7.84µm
_00457_,7.84µm
_00506_,7.84µm
_00528_,7.84µm
_00656_,7.84µm
_00657_,7.84µm
_00710_,7.84µm
_00717_,7.84µm
_00802_,7.84µm
_00808_,7.84µm
_00823_,7.84µm
_00912_,7.84µm
_00932_,7.84µm
_00934_,7.84µm
_00948_,7.84µm
_00988_,7.84µm
_01235_,7.84µm
_01240_,7.84µm
_01259_,7.84µm
_01319_,7.84µm
_01675_,7.84µm
_01722_,7.84µm
_01727_,7.84µm
_01748_,7.84µm
_01789_,7.84µm
_01971_,7.84µm
_02147_,7.84µm
_02247_,7.84µm
_02641_,7.84µm
_02897_,7.84µm
_03018_,7.84µm
_03120_,7.84µm
_03131_,7.84µm
_03181_,7.84µm
_03197_,7.84µm
_03211_,7.84µm
_03238_,7.84µm
_03253_,7.84µm
_03277_,7.84µm
_03433_,7.84µm
_03435_,7.84µm
_03623_,7.84µm
_03642_,7.84µm
_03762_,7.84µm
_04903_,7.84µm
_05246_,7.84µm
_05274_,7.84µm
_05361_,7.84µm
_05558_,7.84µm
_05675_,7.84µm
_05813_,7.84µm
_05869_,7.84µm
_05950_,7.84µm
_06018_,7.84µm
_06402_,7.84µm
_06443_,7.84µm
_06522_,7.84µm
_06609_,7.84µm
_06679_,7.84µm
_06928_,7.84µm
_07047_,7.84µm
_07127_,7.84µm
_07169_,7.84µm
_07463_,7.84µm
_08114_,7.84µm
_08164_,7.84µm
_08559_,7.84µm
_08979_,7.84µm
_09003_,7.84µm
_09022_,7.84µm
_06362_,7.83µm
_08024_,7.49µm
_00955_,7.38µm
_01260_,7.38µm
_01310_,7.38µm
_01342_,7.38µm
_01518_,7.38µm
_01594_,7.38µm
_02053_,7.38µm
_02332_,7.38µm
_02782_,7.38µm
_02932_,7.38µm
_02970_,7.38µm
_02980_,7.38µm
_03004_,7.38µm
_03031_,7.38µm
_03072_,7.38µm
_03122_,7.38µm
_03130_,7.38µm
_03167_,7.38µm
_04180_,7.38µm
_04343_,7.38µm
_04440_,7.38µm
_04628_,7.38µm
_05312_,7.38µm
_06071_,7.38µm
_06320_,7.38µm
_08065_,7.38µm
_08249_,7.38µm
_08610_,7.38µm
_00004_,7.33µm
_00097_,7.33µm
_00126_,7.33µm
_00130_,7.33µm
_00215_,7.33µm
_00274_,7.33µm
_00289_,7.33µm
_00404_,7.33µm
_00415_,7.33µm
_00486_,7.33µm
_00515_,7.33µm
_00517_,7.33µm
_00637_,7.33µm
_00668_,7.33µm
_00708_,7.33µm
_00781_,7.33µm
_00815_,7.33µm
_00817_,7.33µm
_00855_,7.33µm
_00901_,7.33µm
_00964_,7.33µm
_00969_,7.33µm
_00994_,7.33µm
_01034_,7.33µm
_01074_,7.33µm
_01088_,7.33µm
_01107_,7.33µm
_01126_,7.33µm
_01132_,7.33µm
_01148_,7.33µm
_01349_,7.33µm
_01379_,7.33µm
_01390_,7.33µm
_01433_,7.33µm
_01435_,7.33µm
_01455_,7.33µm
_01458_,7.33µm
_01461_,7.33µm
_01622_,7.33µm
_01657_,7.33µm
_01726_,7.33µm
_01753_,7.33µm
_01767_,7.33µm
_01796_,7.33µm
_01850_,7.33µm
_01851_,7.33µm
_01897_,7.33µm
_01973_,7.33µm
_02176_,7.33µm
_02406_,7.33µm
_02576_,7.33µm
_02888_,7.33µm
_02924_,7.33µm
_02940_,7.33µm
_03021_,7.33µm
_03054_,7.33µm
_03055_,7.33µm
_03189_,7.33µm
_03202_,7.33µm
_03256_,7.33µm
_03329_,7.33µm
_03378_,7.33µm
_03571_,7.33µm
_03591_,7.33µm
_03668_,7.33µm
_03777_,7.33µm
_03829_,7.33µm
_03837_,7.33µm
_04480_,7.33µm
_04663_,7.33µm
_04667_,7.33µm
_04925_,7.33µm
_04973_,7.33µm
_05013_,7.33µm
_05251_,7.33µm
_05486_,7.33µm
_05581_,7.33µm
_05594_,7.33µm
_05768_,7.33µm
_05873_,7.33µm
_06052_,7.33µm
_06063_,7.33µm
_06098_,7.33µm
_06347_,7.33µm
_06469_,7.33µm
_06535_,7.33µm
_06549_,7.33µm
_06557_,7.33µm
_06718_,7.33µm
_06795_,7.33µm
_06809_,7.33µm
_06874_,7.33µm
_06968_,7.33µm
_07013_,7.33µm
_07026_,7.33µm
_07062_,7.33µm
_07107_,7.33µm
_07853_,7.33µm
_07966_,7.33µm
_07969_,7.33µm
_07998_,7.33µm
_08053_,7.33µm
_08151_,7.33µm
_08579_,7.33µm
_08686_,7.33µm
_08889_,7.33µm
_08956_,7.33µm
_09010_,7.33µm
_05887_,7.315µm
_00000_,7.28µm
_00047_,7.28µm
_00143_,7.28µm
_00339_,7.28µm
_00375_,7.28µm
_00500_,7.28µm
_00525_,7.28µm
_00529_,7.28µm
_00652_,7.28µm
_00702_,7.28µm
_00762_,7.28µm
_00862_,7.28µm
_00930_,7.28µm
_00963_,7.28µm
_00975_,7.28µm
_00989_,7.28µm
_00996_,7.28µm
_01027_,7.28µm
_01071_,7.28µm
_01143_,7.28µm
_01168_,7.28µm
_01212_,7.28µm
_01268_,7.28µm
_01277_,7.28µm
_01279_,7.28µm
_01357_,7.28µm
_01412_,7.28µm
_01482_,7.28µm
_01563_,7.28µm
_01593_,7.28µm
_01703_,7.28µm
_01844_,7.28µm
_01898_,7.28µm
_01904_,7.28µm
_02301_,7.28µm
_02652_,7.28µm
_03019_,7.28µm
_03323_,7.28µm
_03486_,7.28µm
_03728_,7.28µm
_03737_,7.28µm
_03768_,7.28µm
_03809_,7.28µm
_04546_,7.28µm
_04754_,7.28µm
_04872_,7.28µm
_05019_,7.28µm
_05087_,7.28µm
_05220_,7.28µm
_05371_,7.28µm
_05701_,7.28µm
_05795_,7.28µm
_05797_,7.28µm
_05835_,7.28µm
_05872_,7.28µm
_05917_,7.28µm
_06026_,7.28µm
_06237_,7.28µm
_06269_,7.28µm
_06437_,7.28µm
_06834_,7.28µm
_06849_,7.28µm
_07398_,7.28µm
_07566_,7.28µm
_08069_,7.28µm
_08074_,7.28µm
_08178_,7.28µm
_08949_,7.28µm
_09000_,7.28µm
_02089_,6.82µm
_02095_,6.82µm
_02383_,6.82µm
_02387_,6.82µm
_02543_,6.82µm
_03015_,6.82µm
_03318_,6.82µm
_03334_,6.82µm
_03337_,6.82µm
_03421_,6.82µm
_03480_,6.82µm
_04652_,6.82µm
_04894_,6.82µm
_05084_,6.82µm
_05212_,6.82µm
_05484_,6.82µm
_05591_,6.82µm
_05731_,6.82µm
_06221_,6.82µm
_06257_,6.82µm
_06287_,6.82µm
_06869_,6.82µm
_06878_,6.82µm
_06879_,6.82µm
_07166_,6.82µm
_07192_,6.82µm
_07231_,6.82µm
_07384_,6.82µm
_08038_,6.82µm
_08216_,6.82µm
_08252_,6.82µm
_08603_,6.82µm
_08665_,6.82µm
_08802_,6.82µm
_08865_,6.82µm
_08901_,6.82µm
_00153_,6.77µm
_00170_,6.77µm
_00188_,6.77µm
_00220_,6.77µm
_00248_,6.77µm
_00253_,6.77µm
_00351_,6.77µm
_00412_,6.77µm
_00431_,6.77µm
_00445_,6.77µm
_00507_,6.77µm
_00536_,6.77µm
_00540_,6.77µm
_00545_,6.77µm
_00662_,6.77µm
_00721_,6.77µm
_00751_,6.77µm
_00756_,6.77µm
_00758_,6.77µm
_00833_,6.77µm
_00903_,6.77µm
_00908_,6.77µm
_00909_,6.77µm
_00927_,6.77µm
_01011_,6.77µm
_01045_,6.77µm
_01047_,6.77µm
_01053_,6.77µm
_01089_,6.77µm
_01115_,6.77µm
_01119_,6.77µm
_01140_,6.77µm
_01152_,6.77µm
_01156_,6.77µm
_01186_,6.77µm
_01226_,6.77µm
_01227_,6.77µm
_01228_,6.77µm
_01230_,6.77µm
_01290_,6.77µm
_01293_,6.77µm
_01299_,6.77µm
_01305_,6.77µm
_01323_,6.77µm
_01329_,6.77µm
_01335_,6.77µm
_01403_,6.77µm
_01423_,6.77µm
_01467_,6.77µm
_01485_,6.77µm
_01490_,6.77µm
_01492_,6.77µm
_01522_,6.77µm
_01533_,6.77µm
_01534_,6.77µm
_01601_,6.77µm
_01612_,6.77µm
_01613_,6.77µm
_01625_,6.77µm
_01631_,6.77µm
_01640_,6.77µm
_01645_,6.77µm
_01650_,6.77µm
_01672_,6.77µm
_01685_,6.77µm
_01699_,6.77µm
_01706_,6.77µm
_01779_,6.77µm
_01783_,6.77µm
_01784_,6.77µm
_01801_,6.77µm
_01827_,6.77µm
_01917_,6.77µm
_01921_,6.77µm
_01941_,6.77µm
_01964_,6.77µm
_02320_,6.77µm
_02870_,6.77µm
_02952_,6.77µm
_02978_,6.77µm
_03020_,6.77µm
_03103_,6.77µm
_03109_,6.77µm
_03269_,6.77µm
_03396_,6.77µm
_03415_,6.77µm
_03427_,6.77µm
_03500_,6.77µm
_03511_,6.77µm
_03512_,6.77µm
_03655_,6.77µm
_03671_,6.77µm
_03707_,6.77µm
_03974_,6.77µm
_04475_,6.77µm
_04515_,6.77µm
_04760_,6.77µm
_05027_,6.77µm
_05032_,6.77µm
_05098_,6.77µm
_05379_,6.77µm
_05383_,6.77µm
_05623_,6.77µm
_05645_,6.77µm
_05651_,6.77µm
_05859_,6.77µm
_05915_,6.77µm
_05928_,6.77µm
_05941_,6.77µm
_05974_,6.77µm
_05998_,6.77µm
_06036_,6.77µm
_06043_,6.77µm
_06229_,6.77µm
_06255_,6.77µm
_06339_,6.77µm
_06374_,6.77µm
_06440_,6.77µm
_06527_,6.77µm
_06610_,6.77µm
_06670_,6.77µm
_06778_,6.77µm
_06966_,6.77µm
_07333_,6.77µm
_07379_,6.77µm
_07577_,6.77µm
_07800_,6.77µm
_07814_,6.77µm
_07949_,6.77µm
_08392_,6.77µm
_08415_,6.77µm
_08755_,6.77µm
_08919_,6.77µm
_08941_,6.77µm
_08947_,6.77µm
_08962_,6.77µm
_00110_,6.72µm
_00196_,6.72µm
_00251_,6.72µm
_00306_,6.72µm
_00310_,6.72µm
_00356_,6.72µm
_00357_,6.72µm
_00365_,6.72µm
_00382_,6.72µm
_00400_,6.72µm
_00473_,6.72µm
_00482_,6.72µm
_00514_,6.72µm
_00614_,6.72µm
_00620_,6.72µm
_00737_,6.72µm
_00768_,6.72µm
_00788_,6.72µm
_00825_,6.72µm
_00920_,6.72µm
_00944_,6.72µm
_00970_,6.72µm
_00981_,6.72µm
_01015_,6.72µm
_01098_,6.72µm
_01171_,6.72µm
_01252_,6.72µm
_01291_,6.72µm
_01301_,6.72µm
_01347_,6.72µm
_01359_,6.72µm
_01385_,6.72µm
_01488_,6.72µm
_01495_,6.72µm
_01669_,6.72µm
_01670_,6.72µm
_01743_,6.72µm
_01757_,6.72µm
_01848_,6.72µm
_01871_,6.72µm
_01878_,6.72µm
_01889_,6.72µm
_01900_,6.72µm
_01935_,6.72µm
_01963_,6.72µm
_02019_,6.72µm
_02342_,6.72µm
_02564_,6.72µm
_02580_,6.72µm
_02599_,6.72µm
_02959_,6.72µm
_03036_,6.72µm
_03050_,6.72µm
_03057_,6.72µm
_03210_,6.72µm
_03259_,6.72µm
_03266_,6.72µm
_03270_,6.72µm
_03380_,6.72µm
_03447_,6.72µm
_03475_,6.72µm
_03495_,6.72µm
_03808_,6.72µm
_03874_,6.72µm
_04352_,6.72µm
_04594_,6.72µm
_04611_,6.72µm
_04794_,6.72µm
_04803_,6.72µm
_05011_,6.72µm
_05022_,6.72µm
_05112_,6.72µm
_05157_,6.72µm
_05200_,6.72µm
_05343_,6.72µm
_05509_,6.72µm
_05589_,6.72µm
_05711_,6.72µm
_05753_,6.72µm
_05767_,6.72µm
_05806_,6.72µm
_05965_,6.72µm
_05975_,6.72µm
_06029_,6.72µm
_06068_,6.72µm
_06258_,6.72µm
_06295_,6.72µm
_06296_,6.72µm
_06305_,6.72µm
_06486_,6.72µm
_06491_,6.72µm
_06561_,6.72µm
_06606_,6.72µm
_06660_,6.72µm
_06746_,6.72µm
_06840_,6.72µm
_06864_,6.72µm
_06952_,6.72µm
_07039_,6.72µm
_07093_,6.72µm
_07142_,6.72µm
_07484_,6.72µm
_07656_,6.72µm
_07726_,6.72µm
_07927_,6.72µm
_08441_,6.72µm
_08803_,6.72µm
_08902_,6.72µm
_02964_,6.37µm
_00716_,6.26µm
_00798_,6.26µm
_01698_,6.26µm
_02243_,6.26µm
_02819_,6.26µm
_02864_,6.26µm
_02867_,6.26µm
_02874_,6.26µm
_02885_,6.26µm
_03452_,6.26µm
_03524_,6.26µm
_03561_,6.26µm
_03573_,6.26µm
_03698_,6.26µm
_04579_,6.26µm
_04832_,6.26µm
_04861_,6.26µm
_05026_,6.26µm
_05264_,6.26µm
_05337_,6.26µm
_05510_,6.26µm
_06318_,6.26µm
_06664_,6.26µm
_06726_,6.26µm
_06949_,6.26µm
_07277_,6.26µm
_07473_,6.26µm
_07498_,6.26µm
_08076_,6.26µm
_08340_,6.26µm
_08497_,6.26µm
_08892_,6.26µm
_00054_,6.21µm
_00055_,6.21µm
_00107_,6.21µm
_00128_,6.21µm
_00160_,6.21µm
_00334_,6.21µm
_00409_,6.21µm
_00421_,6.21µm
_00466_,6.21µm
_00493_,6.21µm
_00497_,6.21µm
_00541_,6.21µm
_00571_,6.21µm
_00603_,6.21µm
_00609_,6.21µm
_00618_,6.21µm
_00692_,6.21µm
_00706_,6.21µm
_00730_,6.21µm
_00736_,6.21µm
_00769_,6.21µm
_00806_,6.21µm
_00811_,6.21µm
_00839_,6.21µm
_00845_,6.21µm
_00854_,6.21µm
_00860_,6.21µm
_00933_,6.21µm
_00993_,6.21µm
_01127_,6.21µm
_01210_,6.21µm
_01219_,6.21µm
_01275_,6.21µm
_01394_,6.21µm
_01428_,6.21µm
_01429_,6.21µm
_01529_,6.21µm
_01609_,6.21µm
_01619_,6.21µm
_01800_,6.21µm
_01873_,6.21µm
_01905_,6.21µm
_01916_,6.21µm
_01950_,6.21µm
_01962_,6.21µm
_02072_,6.21µm
_02205_,6.21µm
_02261_,6.21µm
_02266_,6.21µm
_02291_,6.21µm
_02765_,6.21µm
_02818_,6.21µm
_02944_,6.21µm
_03118_,6.21µm
_03134_,6.21µm
_03153_,6.21µm
_03241_,6.21µm
_03276_,6.21µm
_03309_,6.21µm
_03481_,6.21µm
_04469_,6.21µm
_04733_,6.21µm
_04857_,6.21µm
_05111_,6.21µm
_05113_,6.21µm
_05653_,6.21µm
_05709_,6.21µm
_05725_,6.21µm
_05750_,6.21µm
_05764_,6.21µm
_05895_,6.21µm
_05914_,6.21µm
_05925_,6.21µm
_06023_,6.21µm
_06072_,6.21µm
_06214_,6.21µm
_06383_,6.21µm
_06570_,6.21µm
_06571_,6.21µm
_06576_,6.21µm
_06692_,6.21µm
_06693_,6.21µm
_06791_,6.21µm
_06848_,6.21µm
_07025_,6.21µm
_07033_,6.21µm
_07316_,6.21µm
_07882_,6.21µm
_07907_,6.21µm
_07952_,6.21µm
_08387_,6.21µm
_08478_,6.21µm
_08587_,6.21µm
_08937_,6.21µm
u_transform_scheduler_core.tx_dout\[4\],6.21µm
_00027_,6.16µm
_00029_,6.16µm
_00030_,6.16µm
_00070_,6.16µm
_00073_,6.16µm
_00150_,6.16µm
_00158_,6.16µm
_00178_,6.16µm
_00184_,6.16µm
_00185_,6.16µm
_00222_,6.16µm
_00226_,6.16µm
_00227_,6.16µm
_00250_,6.16µm
_00269_,6.16µm
_00294_,6.16µm
_00323_,6.16µm
_00331_,6.16µm
_00423_,6.16µm
_00491_,6.16µm
_00537_,6.16µm
_00567_,6.16µm
_00631_,6.16µm
_00672_,6.16µm
_00684_,6.16µm
_00789_,6.16µm
_00812_,6.16µm
_00826_,6.16µm
_00841_,6.16µm
_00856_,6.16µm
_00898_,6.16µm
_00951_,6.16µm
_00972_,6.16µm
_00976_,6.16µm
_00978_,6.16µm
_00985_,6.16µm
_01012_,6.16µm
_01055_,6.16µm
_01060_,6.16µm
_01093_,6.16µm
_01110_,6.16µm
_01138_,6.16µm
_01181_,6.16µm
_01190_,6.16µm
_01196_,6.16µm
_01236_,6.16µm
_01285_,6.16µm
_01316_,6.16µm
_01369_,6.16µm
_01370_,6.16µm
_01374_,6.16µm
_01418_,6.16µm
_01436_,6.16µm
_01479_,6.16µm
_01510_,6.16µm
_01524_,6.16µm
_01548_,6.16µm
_01554_,6.16µm
_01565_,6.16µm
_01610_,6.16µm
_01649_,6.16µm
_01708_,6.16µm
_01741_,6.16µm
_01861_,6.16µm
_01894_,6.16µm
_01949_,6.16µm
_01961_,6.16µm
_01976_,6.16µm
_01983_,6.16µm
_02059_,6.16µm
_02305_,6.16µm
_02365_,6.16µm
_02400_,6.16µm
_02582_,6.16µm
_02657_,6.16µm
_02670_,6.16µm
_02680_,6.16µm
_02786_,6.16µm
_02788_,6.16µm
_02882_,6.16µm
_02947_,6.16µm
_02968_,6.16µm
_02997_,6.16µm
_03099_,6.16µm
_03105_,6.16µm
_03128_,6.16µm
_03149_,6.16µm
_03173_,6.16µm
_03338_,6.16µm
_03419_,6.16µm
_03422_,6.16µm
_03535_,6.16µm
_03710_,6.16µm
_03720_,6.16µm
_03840_,6.16µm
_04016_,6.16µm
_04678_,6.16µm
_04744_,6.16µm
_04763_,6.16µm
_04839_,6.16µm
_04873_,6.16µm
_04901_,6.16µm
_04998_,6.16µm
_05008_,6.16µm
_05037_,6.16µm
_05049_,6.16µm
_05167_,6.16µm
_05186_,6.16µm
_05248_,6.16µm
_05276_,6.16µm
_05359_,6.16µm
_05511_,6.16µm
_05541_,6.16µm
_05569_,6.16µm
_05590_,6.16µm
_05728_,6.16µm
_05742_,6.16µm
_05924_,6.16µm
_06236_,6.16µm
_06319_,6.16µm
_06342_,6.16µm
_06397_,6.16µm
_06540_,6.16µm
_06544_,6.16µm
_06548_,6.16µm
_06914_,6.16µm
_06979_,6.16µm
_07003_,6.16µm
_07019_,6.16µm
_07031_,6.16µm
_07112_,6.16µm
_07609_,6.16µm
_07623_,6.16µm
_07808_,6.16µm
_07914_,6.16µm
_08108_,6.16µm
_08427_,6.16µm
_08440_,6.16µm
_08607_,6.16µm
_08773_,6.16µm
_08832_,6.16µm
_08853_,6.16µm
_08948_,6.16µm
_09039_,6.16µm
_07011_,5.825µm
_00042_,5.7µm
_02094_,5.7µm
_02116_,5.7µm
_02191_,5.7µm
_02381_,5.7µm
_02420_,5.7µm
_02434_,5.7µm
_02648_,5.7µm
_02697_,5.7µm
_02984_,5.7µm
_03039_,5.7µm
_03049_,5.7µm
_03251_,5.7µm
_03272_,5.7µm
_03325_,5.7µm
_03356_,5.7µm
_03536_,5.7µm
_03586_,5.7µm
_03754_,5.7µm
_03761_,5.7µm
_03792_,5.7µm
_03823_,5.7µm
_04003_,5.7µm
_04138_,5.7µm
_04145_,5.7µm
_04193_,5.7µm
_04642_,5.7µm
_04748_,5.7µm
_04882_,5.7µm
_04963_,5.7µm
_04972_,5.7µm
_05002_,5.7µm
_05053_,5.7µm
_05094_,5.7µm
_05158_,5.7µm
_05232_,5.7µm
_05382_,5.7µm
_05404_,5.7µm
_05490_,5.7µm
_05528_,5.7µm
_05538_,5.7µm
_06143_,5.7µm
_06449_,5.7µm
_06487_,5.7µm
_06489_,5.7µm
_06518_,5.7µm
_06600_,5.7µm
_06622_,5.7µm
_06917_,5.7µm
_07004_,5.7µm
_07191_,5.7µm
_07200_,5.7µm
_07519_,5.7µm
_07641_,5.7µm
_07689_,5.7µm
_07710_,5.7µm
_07901_,5.7µm
_08321_,5.7µm
_08557_,5.7µm
_08931_,5.7µm
_00021_,5.65µm
_00104_,5.65µm
_00154_,5.65µm
_00202_,5.65µm
_00607_,5.65µm
_01096_,5.65µm
_01184_,5.65µm
_01188_,5.65µm
_01249_,5.65µm
_01256_,5.65µm
_01314_,5.65µm
_01324_,5.65µm
_01364_,5.65µm
_01375_,5.65µm
_01555_,5.65µm
_01621_,5.65µm
_01633_,5.65µm
_01769_,5.65µm
_01870_,5.65µm
_01951_,5.65µm
_01970_,5.65µm
_01985_,5.65µm
_02235_,5.65µm
_02544_,5.65µm
_02787_,5.65µm
_02860_,5.65µm
_02889_,5.65µm
_02915_,5.65µm
_03471_,5.65µm
_03555_,5.65µm
_03652_,5.65µm
_03666_,5.65µm
_03669_,5.65µm
_03848_,5.65µm
_04605_,5.65µm
_04632_,5.65µm
_05170_,5.65µm
_05190_,5.65µm
_05239_,5.65µm
_05626_,5.65µm
_05691_,5.65µm
_05783_,5.65µm
_05785_,5.65µm
_05839_,5.65µm
_05849_,5.65µm
_05897_,5.65µm
_05963_,5.65µm
_06003_,5.65µm
_06332_,5.65µm
_06384_,5.65µm
_06447_,5.65µm
_06453_,5.65µm
_06465_,5.65µm
_06492_,5.65µm
_06564_,5.65µm
_06578_,5.65µm
_06613_,5.65µm
_06672_,5.65µm
_06720_,5.65µm
_06760_,5.65µm
_06972_,5.65µm
_06986_,5.65µm
_06993_,5.65µm
_07097_,5.65µm
_07118_,5.65µm
_07444_,5.65µm
_07462_,5.65µm
_07523_,5.65µm
_07775_,5.65µm
_08023_,5.65µm
_08091_,5.65µm
_08185_,5.65µm
_08508_,5.65µm
_08911_,5.65µm
_08991_,5.65µm
_09030_,5.65µm
_03438_,5.64µm
_00082_,5.6µm
_00098_,5.6µm
_00103_,5.6µm
_00124_,5.6µm
_00208_,5.6µm
_00223_,5.6µm
_00225_,5.6µm
_00229_,5.6µm
_00261_,5.6µm
_00264_,5.6µm
_00284_,5.6µm
_00296_,5.6µm
_00318_,5.6µm
_00321_,5.6µm
_00338_,5.6µm
_00352_,5.6µm
_00370_,5.6µm
_00389_,5.6µm
_00394_,5.6µm
_00413_,5.6µm
_00418_,5.6µm
_00452_,5.6µm
_00472_,5.6µm
_00481_,5.6µm
_00495_,5.6µm
_00503_,5.6µm
_00601_,5.6µm
_00611_,5.6µm
_00629_,5.6µm
_00666_,5.6µm
_00669_,5.6µm
_00686_,5.6µm
_00701_,5.6µm
_00711_,5.6µm
_00718_,5.6µm
_00734_,5.6µm
_00739_,5.6µm
_00741_,5.6µm
_00752_,5.6µm
_00759_,5.6µm
_00760_,5.6µm
_00761_,5.6µm
_00765_,5.6µm
_00787_,5.6µm
_00797_,5.6µm
_00805_,5.6µm
_00820_,5.6µm
_00843_,5.6µm
_00852_,5.6µm
_00867_,5.6µm
_00883_,5.6µm
_00895_,5.6µm
_00896_,5.6µm
_00900_,5.6µm
_00911_,5.6µm
_00943_,5.6µm
_00958_,5.6µm
_00977_,5.6µm
_00979_,5.6µm
_00980_,5.6µm
_00986_,5.6µm
_01003_,5.6µm
_01007_,5.6µm
_01014_,5.6µm
_01018_,5.6µm
_01032_,5.6µm
_01036_,5.6µm
_01056_,5.6µm
_01058_,5.6µm
_01102_,5.6µm
_01103_,5.6µm
_01137_,5.6µm
_01141_,5.6µm
_01231_,5.6µm
_01254_,5.6µm
_01270_,5.6µm
_01274_,5.6µm
_01276_,5.6µm
_01286_,5.6µm
_01287_,5.6µm
_01338_,5.6µm
_01341_,5.6µm
_01372_,5.6µm
_01387_,5.6µm
_01395_,5.6µm
_01398_,5.6µm
_01426_,5.6µm
_01443_,5.6µm
_01444_,5.6µm
_01449_,5.6µm
_01450_,5.6µm
_01453_,5.6µm
_01530_,5.6µm
_01536_,5.6µm
_01556_,5.6µm
_01564_,5.6µm
_01569_,5.6µm
_01584_,5.6µm
_01588_,5.6µm
_01617_,5.6µm
_01665_,5.6µm
_01701_,5.6µm
_01745_,5.6µm
_01747_,5.6µm
_01750_,5.6µm
_01790_,5.6µm
_01798_,5.6µm
_01812_,5.6µm
_01820_,5.6µm
_01821_,5.6µm
_01824_,5.6µm
_01828_,5.6µm
_01845_,5.6µm
_01864_,5.6µm
_01875_,5.6µm
_01876_,5.6µm
_01881_,5.6µm
_01892_,5.6µm
_01895_,5.6µm
_01903_,5.6µm
_01933_,5.6µm
_01939_,5.6µm
_01947_,5.6µm
_01956_,5.6µm
_02014_,5.6µm
_02064_,5.6µm
_02069_,5.6µm
_02084_,5.6µm
_02174_,5.6µm
_02232_,5.6µm
_02299_,5.6µm
_02309_,5.6µm
_02354_,5.6µm
_02359_,5.6µm
_02540_,5.6µm
_02561_,5.6µm
_02679_,5.6µm
_02781_,5.6µm
_02802_,5.6µm
_02881_,5.6µm
_02925_,5.6µm
_02990_,5.6µm
_03014_,5.6µm
_03233_,5.6µm
_03273_,5.6µm
_03283_,5.6µm
_03303_,5.6µm
_03358_,5.6µm
_03448_,5.6µm
_03449_,5.6µm
_03477_,5.6µm
_03502_,5.6µm
_03521_,5.6µm
_03568_,5.6µm
_03569_,5.6µm
_03570_,5.6µm
_03765_,5.6µm
_03916_,5.6µm
_03940_,5.6µm
_04266_,5.6µm
_04485_,5.6µm
_04547_,5.6µm
_04570_,5.6µm
_04768_,5.6µm
_04818_,5.6µm
_04859_,5.6µm
_04875_,5.6µm
_04948_,5.6µm
_04971_,5.6µm
_05006_,5.6µm
_05056_,5.6µm
_05173_,5.6µm
_05191_,5.6µm
_05224_,5.6µm
_05225_,5.6µm
_05284_,5.6µm
_05315_,5.6µm
_05369_,5.6µm
_05561_,5.6µm
_05604_,5.6µm
_05699_,5.6µm
_05722_,5.6µm
_05723_,5.6µm
_05817_,5.6µm
_05863_,5.6µm
_05896_,5.6µm
_05911_,5.6µm
_05923_,5.6µm
_05938_,5.6µm
_06086_,5.6µm
_06120_,5.6µm
_06134_,5.6µm
_06173_,5.6µm
_06231_,5.6µm
_06390_,5.6µm
_06395_,5.6µm
_06485_,5.6µm
_06505_,5.6µm
_06579_,5.6µm
_06582_,5.6µm
_06590_,5.6µm
_06598_,5.6µm
_06636_,5.6µm
_06653_,5.6µm
_06662_,5.6µm
_06665_,5.6µm
_06784_,5.6µm
_06815_,5.6µm
_06845_,5.6µm
_06987_,5.6µm
_07018_,5.6µm
_07045_,5.6µm
_07055_,5.6µm
_07077_,5.6µm
_07082_,5.6µm
_07086_,5.6µm
_07092_,5.6µm
_07421_,5.6µm
_07466_,5.6µm
_07483_,5.6µm
_07546_,5.6µm
_07610_,5.6µm
_07754_,5.6µm
_07823_,5.6µm
_07958_,5.6µm
_08001_,5.6µm
_08015_,5.6µm
_08068_,5.6µm
_08079_,5.6µm
_08213_,5.6µm
_08608_,5.6µm
_08615_,5.6µm
_08617_,5.6µm
_08632_,5.6µm
_08635_,5.6µm
_08709_,5.6µm
_08743_,5.6µm
_08849_,5.6µm
_08857_,5.6µm
_08895_,5.6µm
_05647_,5.32µm
_02159_,5.14µm
_02346_,5.14µm
_02483_,5.14µm
_02685_,5.14µm
_02740_,5.14µm
_02785_,5.14µm
_02936_,5.14µm
_03002_,5.14µm
_03101_,5.14µm
_03174_,5.14µm
_03342_,5.14µm
_04044_,5.14µm
_04086_,5.14µm
_04089_,5.14µm
_04112_,5.14µm
_04194_,5.14µm
_04198_,5.14µm
_04518_,5.14µm
_04679_,5.14µm
_05071_,5.14µm
_05215_,5.14µm
_05332_,5.14µm
_05366_,5.14µm
_05851_,5.14µm
_05961_,5.14µm
_06274_,5.14µm
_06690_,5.14µm
_06884_,5.14µm
_06996_,5.14µm
_07287_,5.14µm
_07803_,5.14µm
_07873_,5.14µm
_07904_,5.14µm
_08122_,5.14µm
_08217_,5.14µm
_08251_,5.14µm
_08363_,5.14µm
_08640_,5.14µm
_08730_,5.14µm
_08880_,5.14µm
_08943_,5.14µm
_06373_,5.1µm
_00125_,5.09µm
_00205_,5.09µm
_00512_,5.09µm
_01080_,5.09µm
_01136_,5.09µm
_01146_,5.09µm
_01191_,5.09µm
_01201_,5.09µm
_01367_,5.09µm
_01393_,5.09µm
_01511_,5.09µm
_01730_,5.09µm
_01896_,5.09µm
_02107_,5.09µm
_02655_,5.09µm
_02974_,5.09µm
_03293_,5.09µm
_03390_,5.09µm
_03752_,5.09µm
_03756_,5.09µm
_03819_,5.09µm
_04465_,5.09µm
_04828_,5.09µm
_05189_,5.09µm
_05789_,5.09µm
_05880_,5.09µm
_06096_,5.09µm
_06100_,5.09µm
_06275_,5.09µm
_06292_,5.09µm
_06302_,5.09µm
_06370_,5.09µm
_06563_,5.09µm
_06713_,5.09µm
_06729_,5.09µm
_06747_,5.09µm
_07607_,5.09µm
_07715_,5.09µm
_07735_,5.09µm
_08623_,5.09µm
_08954_,5.09µm
_00007_,5.04µm
_00011_,5.04µm
_00016_,5.04µm
_00044_,5.04µm
_00068_,5.04µm
_00078_,5.04µm
_00087_,5.04µm
_00102_,5.04µm
_00176_,5.04µm
_00190_,5.04µm
_00213_,5.04µm
_00228_,5.04µm
_00237_,5.04µm
_00259_,5.04µm
_00275_,5.04µm
_00317_,5.04µm
_00320_,5.04µm
_00329_,5.04µm
_00335_,5.04µm
_00341_,5.04µm
_00359_,5.04µm
_00363_,5.04µm
_00367_,5.04µm
_00397_,5.04µm
_00416_,5.04µm
_00417_,5.04µm
_00420_,5.04µm
_00422_,5.04µm
_00426_,5.04µm
_00430_,5.04µm
_00447_,5.04µm
_00483_,5.04µm
_00487_,5.04µm
_00520_,5.04µm
_00531_,5.04µm
_00556_,5.04µm
_00566_,5.04µm
_00616_,5.04µm
_00647_,5.04µm
_00671_,5.04µm
_00673_,5.04µm
_00681_,5.04µm
_00688_,5.04µm
_00703_,5.04µm
_00713_,5.04µm
_00729_,5.04µm
_00745_,5.04µm
_00747_,5.04µm
_00821_,5.04µm
_00822_,5.04µm
_00842_,5.04µm
_00846_,5.04µm
_00863_,5.04µm
_00873_,5.04µm
_00877_,5.04µm
_00880_,5.04µm
_00892_,5.04µm
_00914_,5.04µm
_00921_,5.04µm
_00925_,5.04µm
_00937_,5.04µm
_00939_,5.04µm
_00942_,5.04µm
_00960_,5.04µm
_00967_,5.04µm
_01042_,5.04µm
_01066_,5.04µm
_01135_,5.04µm
_01169_,5.04µm
_01177_,5.04µm
_01187_,5.04µm
_01215_,5.04µm
_01218_,5.04µm
_01233_,5.04µm
_01234_,5.04µm
_01237_,5.04µm
_01239_,5.04µm
_01248_,5.04µm
_01257_,5.04µm
_01302_,5.04µm
_01303_,5.04µm
_01313_,5.04µm
_01356_,5.04µm
_01360_,5.04µm
_01381_,5.04µm
_01382_,5.04µm
_01384_,5.04µm
_01451_,5.04µm
_01460_,5.04µm
_01468_,5.04µm
_01475_,5.04µm
_01477_,5.04µm
_01503_,5.04µm
_01508_,5.04µm
_01551_,5.04µm
_01558_,5.04µm
_01570_,5.04µm
_01572_,5.04µm
_01582_,5.04µm
_01606_,5.04µm
_01628_,5.04µm
_01642_,5.04µm
_01687_,5.04µm
_01693_,5.04µm
_01709_,5.04µm
_01714_,5.04µm
_01739_,5.04µm
_01742_,5.04µm
_01749_,5.04µm
_01775_,5.04µm
_01778_,5.04µm
_01830_,5.04µm
_01835_,5.04µm
_01858_,5.04µm
_01879_,5.04µm
_01908_,5.04µm
_01911_,5.04µm
_01922_,5.04µm
_01924_,5.04µm
_01929_,5.04µm
_01937_,5.04µm
_02045_,5.04µm
_02048_,5.04µm
_02148_,5.04µm
_02170_,5.04µm
_02281_,5.04µm
_02293_,5.04µm
_02349_,5.04µm
_02441_,5.04µm
_02546_,5.04µm
_02619_,5.04µm
_02737_,5.04µm
_02792_,5.04µm
_02800_,5.04µm
_02945_,5.04µm
_02996_,5.04µm
_03040_,5.04µm
_03169_,5.04µm
_03199_,5.04µm
_03440_,5.04µm
_03446_,5.04µm
_03460_,5.04µm
_03513_,5.04µm
_03562_,5.04µm
_03629_,5.04µm
_03643_,5.04µm
_03645_,5.04µm
_03660_,5.04µm
_03665_,5.04µm
_03727_,5.04µm
_03732_,5.04µm
_03826_,5.04µm
_03924_,5.04µm
_04072_,5.04µm
_04146_,5.04µm
_04163_,5.04µm
_04165_,5.04µm
_04346_,5.04µm
_04478_,5.04µm
_04767_,5.04µm
_04921_,5.04µm
_05040_,5.04µm
_05065_,5.04µm
_05085_,5.04µm
_05104_,5.04µm
_05235_,5.04µm
_05365_,5.04µm
_05398_,5.04µm
_05536_,5.04µm
_05571_,5.04µm
_05705_,5.04µm
_05718_,5.04µm
_05808_,5.04µm
_05847_,5.04µm
_05885_,5.04µm
_05893_,5.04µm
_05898_,5.04µm
_05913_,5.04µm
_05972_,5.04µm
_06002_,5.04µm
_06093_,5.04µm
_06196_,5.04µm
_06246_,5.04µm
_06289_,5.04µm
_06311_,5.04µm
_06426_,5.04µm
_06448_,5.04µm
_06454_,5.04µm
_06472_,5.04µm
_06480_,5.04µm
_06510_,5.04µm
_06521_,5.04µm
_06529_,5.04µm
_06539_,5.04µm
_06555_,5.04µm
_06560_,5.04µm
_06608_,5.04µm
_06650_,5.04µm
_06654_,5.04µm
_06656_,5.04µm
_06716_,5.04µm
_06717_,5.04µm
_06721_,5.04µm
_06732_,5.04µm
_06740_,5.04µm
_06743_,5.04µm
_06789_,5.04µm
_06820_,5.04µm
_06856_,5.04µm
_06872_,5.04µm
_06875_,5.04µm
_07051_,5.04µm
_07089_,5.04µm
_07099_,5.04µm
_07157_,5.04µm
_07210_,5.04µm
_07348_,5.04µm
_07393_,5.04µm
_07470_,5.04µm
_07486_,5.04µm
_07595_,5.04µm
_07597_,5.04µm
_07646_,5.04µm
_07670_,5.04µm
_07878_,5.04µm
_07881_,5.04µm
_07884_,5.04µm
_08045_,5.04µm
_08048_,5.04µm
_08062_,5.04µm
_08117_,5.04µm
_08345_,5.04µm
_08452_,5.04µm
_08480_,5.04µm
_08695_,5.04µm
_08805_,5.04µm
_08846_,5.04µm
_08862_,5.04µm
_08866_,5.04µm
_09026_,5.04µm
_05114_,4.69µm
_02394_,4.655µm
_01996_,4.58µm
_02133_,4.58µm
_02264_,4.58µm
_02265_,4.58µm
_02550_,4.58µm
_02562_,4.58µm
_02811_,4.58µm
_02820_,4.58µm
_02939_,4.58µm
_03073_,4.58µm
_03145_,4.58µm
_03146_,4.58µm
_03227_,4.58µm
_03361_,4.58µm
_03418_,4.58µm
_03545_,4.58µm
_03625_,4.58µm
_03735_,4.58µm
_03902_,4.58µm
_03964_,4.58µm
_04024_,4.58µm
_04757_,4.58µm
_04824_,4.58µm
_04986_,4.58µm
_05153_,4.58µm
_05185_,4.58µm
_05209_,4.58µm
_05226_,4.58µm
_05431_,4.58µm
_05535_,4.58µm
_05864_,4.58µm
_05883_,4.58µm
_06047_,4.58µm
_06087_,4.58µm
_06131_,4.58µm
_06301_,4.58µm
_06411_,4.58µm
_06468_,4.58µm
_06752_,4.58µm
_06777_,4.58µm
_07308_,4.58µm
_07360_,4.58µm
_07451_,4.58µm
_07514_,4.58µm
_07596_,4.58µm
_07677_,4.58µm
_07862_,4.58µm
_07913_,4.58µm
_07967_,4.58µm
_07971_,4.58µm
_08489_,4.58µm
_08602_,4.58µm
_08648_,4.58µm
_08716_,4.58µm
_08767_,4.58µm
_08769_,4.58µm
_08906_,4.58µm
_08985_,4.58µm
_05655_,4.55µm
_01203_,4.53µm
_01317_,4.53µm
_01545_,4.53µm
_01729_,4.53µm
_02214_,4.53µm
_02669_,4.53µm
_02683_,4.53µm
_02747_,4.53µm
_03056_,4.53µm
_03071_,4.53µm
_03294_,4.53µm
_03773_,4.53µm
_04094_,4.53µm
_04834_,4.53µm
_05268_,4.53µm
_05301_,4.53µm
_05505_,4.53µm
_06097_,4.53µm
_06103_,4.53µm
_06141_,4.53µm
_06254_,4.53µm
_06667_,4.53µm
_06802_,4.53µm
_06950_,4.53µm
_06980_,4.53µm
_07012_,4.53µm
_07323_,4.53µm
_07407_,4.53µm
_07574_,4.53µm
_07805_,4.53µm
_08779_,4.53µm
_09012_,4.53µm
_00019_,4.48µm
_00025_,4.48µm
_00033_,4.48µm
_00066_,4.48µm
_00079_,4.48µm
_00099_,4.48µm
_00106_,4.48µm
_00109_,4.48µm
_00116_,4.48µm
_00122_,4.48µm
_00132_,4.48µm
_00140_,4.48µm
_00148_,4.48µm
_00177_,4.48µm
_00192_,4.48µm
_00194_,4.48µm
_00195_,4.48µm
_00209_,4.48µm
_00211_,4.48µm
_00240_,4.48µm
_00243_,4.48µm
_00246_,4.48µm
_00267_,4.48µm
_00270_,4.48µm
_00308_,4.48µm
_00313_,4.48µm
_00322_,4.48µm
_00332_,4.48µm
_00342_,4.48µm
_00361_,4.48µm
_00362_,4.48µm
_00368_,4.48µm
_00371_,4.48µm
_00373_,4.48µm
_00379_,4.48µm
_00387_,4.48µm
_00393_,4.48µm
_00395_,4.48µm
_00405_,4.48µm
_00429_,4.48µm
_00446_,4.48µm
_00461_,4.48µm
_00463_,4.48µm
_00465_,4.48µm
_00468_,4.48µm
_00475_,4.48µm
_00513_,4.48µm
_00524_,4.48µm
_00526_,4.48µm
_00544_,4.48µm
_00548_,4.48µm
_00589_,4.48µm
_00596_,4.48µm
_00613_,4.48µm
_00655_,4.48µm
_00677_,4.48µm
_00680_,4.48µm
_00682_,4.48µm
_00689_,4.48µm
_00694_,4.48µm
_00709_,4.48µm
_00724_,4.48µm
_00726_,4.48µm
_00757_,4.48µm
_00766_,4.48µm
_00767_,4.48µm
_00771_,4.48µm
_00774_,4.48µm
_00782_,4.48µm
_00792_,4.48µm
_00803_,4.48µm
_00827_,4.48µm
_00838_,4.48µm
_00881_,4.48µm
_00882_,4.48µm
_00884_,4.48µm
_00902_,4.48µm
_00918_,4.48µm
_00919_,4.48µm
_00924_,4.48µm
_00949_,4.48µm
_00997_,4.48µm
_00998_,4.48µm
_01004_,4.48µm
_01025_,4.48µm
_01031_,4.48µm
_01033_,4.48µm
_01043_,4.48µm
_01065_,4.48µm
_01067_,4.48µm
_01094_,4.48µm
_01095_,4.48µm
_01101_,4.48µm
_01128_,4.48µm
_01144_,4.48µm
_01159_,4.48µm
_01160_,4.48µm
_01172_,4.48µm
_01183_,4.48µm
_01193_,4.48µm
_01199_,4.48µm
_01217_,4.48µm
_01220_,4.48µm
_01223_,4.48µm
_01296_,4.48µm
_01320_,4.48µm
_01332_,4.48µm
_01334_,4.48µm
_01353_,4.48µm
_01354_,4.48µm
_01376_,4.48µm
_01377_,4.48µm
_01383_,4.48µm
_01388_,4.48µm
_01422_,4.48µm
_01425_,4.48µm
_01445_,4.48µm
_01447_,4.48µm
_01463_,4.48µm
_01466_,4.48µm
_01478_,4.48µm
_01499_,4.48µm
_01509_,4.48µm
_01515_,4.48µm
_01540_,4.48µm
_01546_,4.48µm
_01576_,4.48µm
_01602_,4.48µm
_01632_,4.48µm
_01634_,4.48µm
_01643_,4.48µm
_01664_,4.48µm
_01680_,4.48µm
_01713_,4.48µm
_01715_,4.48µm
_01724_,4.48µm
_01737_,4.48µm
_01744_,4.48µm
_01770_,4.48µm
_01786_,4.48µm
_01810_,4.48µm
_01815_,4.48µm
_01833_,4.48µm
_01853_,4.48µm
_01868_,4.48µm
_01940_,4.48µm
_01945_,4.48µm
_01965_,4.48µm
_02067_,4.48µm
_02144_,4.48µm
_02157_,4.48µm
_02173_,4.48µm
_02207_,4.48µm
_02226_,4.48µm
_02341_,4.48µm
_02568_,4.48µm
_02573_,4.48µm
_02583_,4.48µm
_02600_,4.48µm
_02609_,4.48µm
_02611_,4.48µm
_02636_,4.48µm
_02664_,4.48µm
_02684_,4.48µm
_02706_,4.48µm
_02707_,4.48µm
_02795_,4.48µm
_02804_,4.48µm
_02813_,4.48µm
_02825_,4.48µm
_02866_,4.48µm
_02896_,4.48µm
_02902_,4.48µm
_02938_,4.48µm
_02986_,4.48µm
_03001_,4.48µm
_03016_,4.48µm
_03068_,4.48µm
_03074_,4.48µm
_03087_,4.48µm
_03142_,4.48µm
_03205_,4.48µm
_03208_,4.48µm
_03229_,4.48µm
_03289_,4.48µm
_03301_,4.48µm
_03322_,4.48µm
_03406_,4.48µm
_03453_,4.48µm
_03459_,4.48µm
_03476_,4.48µm
_03496_,4.48µm
_03520_,4.48µm
_03558_,4.48µm
_03605_,4.48µm
_03696_,4.48µm
_03726_,4.48µm
_03750_,4.48µm
_03854_,4.48µm
_04168_,4.48µm
_04330_,4.48µm
_04400_,4.48µm
_04441_,4.48µm
_04555_,4.48µm
_04578_,4.48µm
_04736_,4.48µm
_04772_,4.48µm
_04833_,4.48µm
_04890_,4.48µm
_04913_,4.48µm
_05093_,4.48µm
_05207_,4.48µm
_05262_,4.48µm
_05316_,4.48µm
_05320_,4.48µm
_05411_,4.48µm
_05438_,4.48µm
_05462_,4.48µm
_05507_,4.48µm
_05646_,4.48µm
_05660_,4.48µm
_05694_,4.48µm
_05700_,4.48µm
_05729_,4.48µm
_05733_,4.48µm
_05746_,4.48µm
_05807_,4.48µm
_05829_,4.48µm
_05837_,4.48µm
_05841_,4.48µm
_05852_,4.48µm
_05870_,4.48µm
_05894_,4.48µm
_05908_,4.48µm
_05937_,4.48µm
_05994_,4.48µm
_06050_,4.48µm
_06076_,4.48µm
_06085_,4.48µm
_06129_,4.48µm
_06139_,4.48µm
_06207_,4.48µm
_06220_,4.48µm
_06243_,4.48µm
_06245_,4.48µm
_06249_,4.48µm
_06282_,4.48µm
_06306_,4.48µm
_06314_,4.48µm
_06378_,4.48µm
_06398_,4.48µm
_06439_,4.48µm
_06467_,4.48µm
_06526_,4.48µm
_06536_,4.48µm
_06545_,4.48µm
_06596_,4.48µm
_06631_,4.48µm
_06680_,4.48µm
_06707_,4.48µm
_06739_,4.48µm
_06754_,4.48µm
_06762_,4.48µm
_06782_,4.48µm
_06846_,4.48µm
_06857_,4.48µm
_06866_,4.48µm
_06873_,4.48µm
_07016_,4.48µm
_07165_,4.48µm
_07245_,4.48µm
_07442_,4.48µm
_07448_,4.48µm
_07581_,4.48µm
_07593_,4.48µm
_07649_,4.48µm
_07789_,4.48µm
_07819_,4.48µm
_07821_,4.48µm
_07830_,4.48µm
_07866_,4.48µm
_07870_,4.48µm
_07932_,4.48µm
_08034_,4.48µm
_08039_,4.48µm
_08057_,4.48µm
_08063_,4.48µm
_08064_,4.48µm
_08129_,4.48µm
_08242_,4.48µm
_08368_,4.48µm
_08401_,4.48µm
_08417_,4.48µm
_08423_,4.48µm
_08512_,4.48µm
_08643_,4.48µm
_08662_,4.48µm
_08838_,4.48µm
_08841_,4.48µm
_08922_,4.48µm
_08935_,4.48µm
_06212_,4.04µm
_02063_,4.02µm
_02314_,4.02µm
_02425_,4.02µm
_02431_,4.02µm
_02616_,4.02µm
_03012_,4.02µm
_03061_,4.02µm
_03065_,4.02µm
_03385_,4.02µm
_03395_,4.02µm
_03640_,4.02µm
_03679_,4.02µm
_03781_,4.02µm
_03968_,4.02µm
_03984_,4.02µm
_04201_,4.02µm
_05062_,4.02µm
_05074_,4.02µm
_05466_,4.02µm
_05513_,4.02µm
_05542_,4.02µm
_05773_,4.02µm
_05909_,4.02µm
_06006_,4.02µm
_06044_,4.02µm
_06313_,4.02µm
_06414_,4.02µm
_06459_,4.02µm
_06635_,4.02µm
_06843_,4.02µm
_07161_,4.02µm
_07197_,4.02µm
_07307_,4.02µm
_07332_,4.02µm
_07599_,4.02µm
_07655_,4.02µm
_07731_,4.02µm
_07774_,4.02µm
_07854_,4.02µm
_08018_,4.02µm
_08560_,4.02µm
_08689_,4.02µm
_01456_,3.97µm
_03382_,3.97µm
_03537_,3.97µm
_05089_,3.97µm
_05515_,3.97µm
_06501_,3.97µm
_08882_,3.97µm
_00003_,3.92µm
_00005_,3.92µm
_00014_,3.92µm
_00015_,3.92µm
_00018_,3.92µm
_00020_,3.92µm
_00061_,3.92µm
_00084_,3.92µm
_00101_,3.92µm
_00146_,3.92µm
_00172_,3.92µm
_00210_,3.92µm
_00244_,3.92µm
_00254_,3.92µm
_00257_,3.92µm
_00283_,3.92µm
_00295_,3.92µm
_00298_,3.92µm
_00302_,3.92µm
_00311_,3.92µm
_00325_,3.92µm
_00330_,3.92µm
_00383_,3.92µm
_00398_,3.92µm
_00399_,3.92µm
_00403_,3.92µm
_00410_,3.92µm
_00496_,3.92µm
_00499_,3.92µm
_00505_,3.92µm
_00509_,3.92µm
_00510_,3.92µm
_00527_,3.92µm
_00583_,3.92µm
_00588_,3.92µm
_00605_,3.92µm
_00608_,3.92µm
_00641_,3.92µm
_00642_,3.92µm
_00643_,3.92µm
_00644_,3.92µm
_00651_,3.92µm
_00670_,3.92µm
_00674_,3.92µm
_00679_,3.92µm
_00687_,3.92µm
_00696_,3.92µm
_00704_,3.92µm
_00705_,3.92µm
_00714_,3.92µm
_00732_,3.92µm
_00744_,3.92µm
_00783_,3.92µm
_00786_,3.92µm
_00790_,3.92µm
_00800_,3.92µm
_00801_,3.92µm
_00818_,3.92µm
_00830_,3.92µm
_00831_,3.92µm
_00835_,3.92µm
_00849_,3.92µm
_00865_,3.92µm
_00875_,3.92µm
_00879_,3.92µm
_00886_,3.92µm
_00889_,3.92µm
_00894_,3.92µm
_00922_,3.92µm
_00938_,3.92µm
_00940_,3.92µm
_00946_,3.92µm
_00950_,3.92µm
_00961_,3.92µm
_00966_,3.92µm
_00982_,3.92µm
_01040_,3.92µm
_01069_,3.92µm
_01085_,3.92µm
_01108_,3.92µm
_01111_,3.92µm
_01123_,3.92µm
_01131_,3.92µm
_01145_,3.92µm
_01147_,3.92µm
_01161_,3.92µm
_01162_,3.92µm
_01166_,3.92µm
_01178_,3.92µm
_01185_,3.92µm
_01200_,3.92µm
_01224_,3.92µm
_01251_,3.92µm
_01253_,3.92µm
_01265_,3.92µm
_01269_,3.92µm
_01271_,3.92µm
_01309_,3.92µm
_01322_,3.92µm
_01325_,3.92µm
_01328_,3.92µm
_01344_,3.92µm
_01355_,3.92µm
_01358_,3.92µm
_01378_,3.92µm
_01397_,3.92µm
_01471_,3.92µm
_01527_,3.92µm
_01535_,3.92µm
_01537_,3.92µm
_01539_,3.92µm
_01547_,3.92µm
_01559_,3.92µm
_01600_,3.92µm
_01620_,3.92µm
_01623_,3.92µm
_01626_,3.92µm
_01654_,3.92µm
_01659_,3.92µm
_01667_,3.92µm
_01689_,3.92µm
_01692_,3.92µm
_01700_,3.92µm
_01721_,3.92µm
_01766_,3.92µm
_01802_,3.92µm
_01819_,3.92µm
_01834_,3.92µm
_01837_,3.92µm
_01838_,3.92µm
_01872_,3.92µm
_01887_,3.92µm
_01890_,3.92µm
_01909_,3.92µm
_01912_,3.92µm
_01913_,3.92µm
_01930_,3.92µm
_01932_,3.92µm
_01958_,3.92µm
_01966_,3.92µm
_01968_,3.92µm
_01972_,3.92µm
_01977_,3.92µm
_01979_,3.92µm
_02049_,3.92µm
_02197_,3.92µm
_02315_,3.92µm
_02333_,3.92µm
_02353_,3.92µm
_02393_,3.92µm
_02399_,3.92µm
_02408_,3.92µm
_02421_,3.92µm
_02569_,3.92µm
_02665_,3.92µm
_02676_,3.92µm
_02714_,3.92µm
_02736_,3.92µm
_02759_,3.92µm
_02797_,3.92µm
_02893_,3.92µm
_02919_,3.92µm
_02934_,3.92µm
_03011_,3.92µm
_03026_,3.92µm
_03035_,3.92µm
_03053_,3.92µm
_03082_,3.92µm
_03094_,3.92µm
_03119_,3.92µm
_03132_,3.92µm
_03166_,3.92µm
_03183_,3.92µm
_03186_,3.92µm
_03232_,3.92µm
_03292_,3.92µm
_03493_,3.92µm
_03516_,3.92µm
_03553_,3.92µm
_03613_,3.92µm
_03676_,3.92µm
_03678_,3.92µm
_03764_,3.92µm
_03797_,3.92µm
_03827_,3.92µm
_03871_,3.92µm
_04069_,3.92µm
_04126_,3.92µm
_04202_,3.92µm
_04212_,3.92µm
_04258_,3.92µm
_04300_,3.92µm
_04361_,3.92µm
_04413_,3.92µm
_04450_,3.92µm
_04453_,3.92µm
_04458_,3.92µm
_04474_,3.92µm
_04566_,3.92µm
_04608_,3.92µm
_04637_,3.92µm
_04657_,3.92µm
_04682_,3.92µm
_04792_,3.92µm
_04799_,3.92µm
_04804_,3.92µm
_04847_,3.92µm
_04851_,3.92µm
_04863_,3.92µm
_04931_,3.92µm
_04965_,3.92µm
_05038_,3.92µm
_05046_,3.92µm
_05061_,3.92µm
_05068_,3.92µm
_05210_,3.92µm
_05234_,3.92µm
_05240_,3.92µm
_05263_,3.92µm
_05269_,3.92µm
_05304_,3.92µm
_05314_,3.92µm
_05396_,3.92µm
_05407_,3.92µm
_05423_,3.92µm
_05440_,3.92µm
_05488_,3.92µm
_05540_,3.92µm
_05564_,3.92µm
_05567_,3.92µm
_05664_,3.92µm
_05696_,3.92µm
_05794_,3.92µm
_05812_,3.92µm
_05820_,3.92µm
_05868_,3.92µm
_05874_,3.92µm
_05947_,3.92µm
_05968_,3.92µm
_05987_,3.92µm
_06000_,3.92µm
_06078_,3.92µm
_06081_,3.92µm
_06099_,3.92µm
_06136_,3.92µm
_06150_,3.92µm
_06248_,3.92µm
_06310_,3.92µm
_06312_,3.92µm
_06316_,3.92µm
_06375_,3.92µm
_06407_,3.92µm
_06418_,3.92µm
_06421_,3.92µm
_06444_,3.92µm
_06445_,3.92µm
_06463_,3.92µm
_06482_,3.92µm
_06502_,3.92µm
_06516_,3.92µm
_06520_,3.92µm
_06543_,3.92µm
_06568_,3.92µm
_06604_,3.92µm
_06633_,3.92µm
_06646_,3.92µm
_06657_,3.92µm
_06673_,3.92µm
_06681_,3.92µm
_06723_,3.92µm
_06756_,3.92µm
_06786_,3.92µm
_06818_,3.92µm
_06824_,3.92µm
_06859_,3.92µm
_06871_,3.92µm
_06904_,3.92µm
_06915_,3.92µm
_06922_,3.92µm
_06946_,3.92µm
_06959_,3.92µm
_07041_,3.92µm
_07065_,3.92µm
_07083_,3.92µm
_07091_,3.92µm
_07105_,3.92µm
_07189_,3.92µm
_07195_,3.92µm
_07274_,3.92µm
_07361_,3.92µm
_07366_,3.92µm
_07394_,3.92µm
_07456_,3.92µm
_07518_,3.92µm
_07548_,3.92µm
_07568_,3.92µm
_07697_,3.92µm
_07728_,3.92µm
_07829_,3.92µm
_07864_,3.92µm
_07894_,3.92µm
_07940_,3.92µm
_07989_,3.92µm
_08006_,3.92µm
_08100_,3.92µm
_08141_,3.92µm
_08147_,3.92µm
_08180_,3.92µm
_08184_,3.92µm
_08225_,3.92µm
_08246_,3.92µm
_08370_,3.92µm
_08379_,3.92µm
_08434_,3.92µm
_08474_,3.92µm
_08504_,3.92µm
_08625_,3.92µm
_08633_,3.92µm
_08638_,3.92µm
_08679_,3.92µm
_08701_,3.92µm
_08717_,3.92µm
_08756_,3.92µm
_08780_,3.92µm
_08869_,3.92µm
_08907_,3.92µm
_09006_,3.92µm
_09020_,3.92µm
_09033_,3.92µm
_05846_,3.86µm
_02101_,3.46µm
_02269_,3.46µm
_02296_,3.46µm
_02428_,3.46µm
_02695_,3.46µm
_02999_,3.46µm
_03111_,3.46µm
_03311_,3.46µm
_03709_,3.46µm
_03791_,3.46µm
_03828_,3.46µm
_04936_,3.46µm
_05445_,3.46µm
_05667_,3.46µm
_05740_,3.46µm
_05748_,3.46µm
_06010_,3.46µm
_06317_,3.46µm
_06420_,3.46µm
_06497_,3.46µm
_06541_,3.46µm
_06577_,3.46µm
_06677_,3.46µm
_06913_,3.46µm
_06934_,3.46µm
_06999_,3.46µm
_07037_,3.46µm
_07053_,3.46µm
_07176_,3.46µm
_07380_,3.46µm
_07494_,3.46µm
_07534_,3.46µm
_07576_,3.46µm
_07741_,3.46µm
_07818_,3.46µm
_07948_,3.46µm
_08007_,3.46µm
_08350_,3.46µm
_08410_,3.46µm
_08575_,3.46µm
_08627_,3.46µm
_01321_,3.41µm
_06798_,3.41µm
_00006_,3.36µm
_00017_,3.36µm
_00076_,3.36µm
_00081_,3.36µm
_00086_,3.36µm
_00092_,3.36µm
_00117_,3.36µm
_00166_,3.36µm
_00193_,3.36µm
_00212_,3.36µm
_00265_,3.36µm
_00372_,3.36µm
_00442_,3.36µm
_00508_,3.36µm
_00549_,3.36µm
_00575_,3.36µm
_00590_,3.36µm
_00624_,3.36µm
_00665_,3.36µm
_00695_,3.36µm
_00698_,3.36µm
_00748_,3.36µm
_00807_,3.36µm
_00814_,3.36µm
_00824_,3.36µm
_00853_,3.36µm
_00897_,3.36µm
_00906_,3.36µm
_00910_,3.36µm
_00916_,3.36µm
_00971_,3.36µm
_00995_,3.36µm
_01037_,3.36µm
_01038_,3.36µm
_01086_,3.36µm
_01105_,3.36µm
_01114_,3.36µm
_01125_,3.36µm
_01139_,3.36µm
_01170_,3.36µm
_01189_,3.36µm
_01202_,3.36µm
_01205_,3.36µm
_01225_,3.36µm
_01232_,3.36µm
_01243_,3.36µm
_01294_,3.36µm
_01297_,3.36µm
_01345_,3.36µm
_01389_,3.36µm
_01408_,3.36µm
_01411_,3.36µm
_01414_,3.36µm
_01532_,3.36µm
_01544_,3.36µm
_01549_,3.36µm
_01550_,3.36µm
_01607_,3.36µm
_01637_,3.36µm
_01691_,3.36µm
_01704_,3.36µm
_01733_,3.36µm
_01794_,3.36µm
_01804_,3.36µm
_01843_,3.36µm
_01883_,3.36µm
_01891_,3.36µm
_01931_,3.36µm
_01986_,3.36µm
_02002_,3.36µm
_02238_,3.36µm
_02310_,3.36µm
_02601_,3.36µm
_02644_,3.36µm
_02727_,3.36µm
_02778_,3.36µm
_02784_,3.36µm
_02805_,3.36µm
_02807_,3.36µm
_02878_,3.36µm
_02880_,3.36µm
_02921_,3.36µm
_02926_,3.36µm
_02975_,3.36µm
_02976_,3.36µm
_02981_,3.36µm
_03045_,3.36µm
_03088_,3.36µm
_03123_,3.36µm
_03157_,3.36µm
_03177_,3.36µm
_03209_,3.36µm
_03223_,3.36µm
_03248_,3.36µm
_03260_,3.36µm
_03332_,3.36µm
_03414_,3.36µm
_03498_,3.36µm
_03657_,3.36µm
_03769_,3.36µm
_03795_,3.36µm
_03845_,3.36µm
_03889_,3.36µm
_03975_,3.36µm
_04247_,3.36µm
_04820_,3.36µm
_04865_,3.36µm
_04869_,3.36µm
_04975_,3.36µm
_05083_,3.36µm
_05092_,3.36µm
_05181_,3.36µm
_05308_,3.36µm
_05582_,3.36µm
_05593_,3.36µm
_05641_,3.36µm
_05697_,3.36µm
_05751_,3.36µm
_05762_,3.36µm
_05763_,3.36µm
_05796_,3.36µm
_05844_,3.36µm
_05910_,3.36µm
_06012_,3.36µm
_06035_,3.36µm
_06049_,3.36µm
_06053_,3.36µm
_06077_,3.36µm
_06091_,3.36µm
_06142_,3.36µm
_06199_,3.36µm
_06218_,3.36µm
_06240_,3.36µm
_06276_,3.36µm
_06335_,3.36µm
_06416_,3.36µm
_06417_,3.36µm
_06455_,3.36µm
_06466_,3.36µm
_06538_,3.36µm
_06621_,3.36µm
_06627_,3.36µm
_06630_,3.36µm
_06676_,3.36µm
_06685_,3.36µm
_06701_,3.36µm
_06741_,3.36µm
_06808_,3.36µm
_06829_,3.36µm
_06851_,3.36µm
_06876_,3.36µm
_06901_,3.36µm
_06947_,3.36µm
_06960_,3.36µm
_07079_,3.36µm
_07098_,3.36µm
_07103_,3.36µm
_07111_,3.36µm
_07149_,3.36µm
_07373_,3.36µm
_07433_,3.36µm
_07553_,3.36µm
_07637_,3.36µm
_07707_,3.36µm
_07721_,3.36µm
_07802_,3.36µm
_07928_,3.36µm
_08026_,3.36µm
_08071_,3.36µm
_08173_,3.36µm
_08194_,3.36µm
_08276_,3.36µm
_08412_,3.36µm
_08455_,3.36µm
_08467_,3.36µm
_08519_,3.36µm
_08533_,3.36µm
_08569_,3.36µm
_08592_,3.36µm
_08618_,3.36µm
_08707_,3.36µm
_08738_,3.36µm
_08837_,3.36µm
_08867_,3.36µm
_08873_,3.36µm
_05138_,2.9µm
_06464_,2.9µm
_06565_,2.9µm
_06674_,2.9µm
_06709_,2.9µm
_07617_,2.9µm
_07872_,2.9µm
_01113_,2.8µm
_01154_,2.8µm
_01197_,2.8µm
_01211_,2.8µm
_01222_,2.8µm
_01245_,2.8µm
_01258_,2.8µm
_01263_,2.8µm
_01273_,2.8µm
_01304_,2.8µm
_01311_,2.8µm
_01371_,2.8µm
_01413_,2.8µm
_01430_,2.8µm
_01457_,2.8µm
_01459_,2.8µm
_01474_,2.8µm
_01505_,2.8µm
_01718_,2.8µm
_01728_,2.8µm
_01736_,2.8µm
_01758_,2.8µm
_02104_,2.8µm
_02345_,2.8µm
_02411_,2.8µm
_02423_,2.8µm
_02654_,2.8µm
_02835_,2.8µm
_02953_,2.8µm
_02993_,2.8µm
_03010_,2.8µm
_03030_,2.8µm
_03117_,2.8µm
_04018_,2.8µm
_04938_,2.8µm
_05147_,2.8µm
_05580_,2.8µm
_05822_,2.8µm
_06277_,2.8µm
_06796_,2.8µm
_06894_,2.8µm
_06936_,2.8µm
_07128_,2.8µm
_07156_,2.8µm
_07464_,2.8µm
_07584_,2.8µm
_07839_,2.8µm
_07922_,2.8µm
_07987_,2.8µm
_08159_,2.8µm
_08698_,2.8µm
_08737_,2.8µm
_08921_,2.8µm
_01153_,2.24µm
_01207_,2.24µm
_01209_,2.24µm
_01267_,2.24µm
_01307_,2.24µm
_01346_,2.24µm
_01386_,2.24µm
_01399_,2.24µm
_01415_,2.24µm
_01417_,2.24µm
_01440_,2.24µm
_01446_,2.24µm
_01491_,2.24µm
_01502_,2.24µm
_06423_,2.24µm
