
===========================================================================
report_checks -unconstrained
===========================================================================
======================= min_ss_125C_4v50 Corner ===================================

Startpoint: _18676_ (rising edge-triggered flip-flop clocked by core_clk)
Endpoint: _19267_ (rising edge-triggered flip-flop clocked by core_clk)
Path Group: core_clk
Path Type: max

Fanout         Cap        Slew       Delay        Time   Description
---------------------------------------------------------------------------------------------
                                  0.000000    0.000000   clock core_clk (rise edge)
                                  0.000000    0.000000   clock source latency
     2    0.195568    0.000000    0.000000    0.000000 ^ clk (in)
                                                         clk (net)
                      0.060078    0.024574    0.024574 ^ clkbuf_regs_0_core_clk/I (gf180mcu_fd_sc_mcu9t5v0__clkbuf_16)
     1    0.047537    0.137769    0.289139    0.313713 ^ clkbuf_regs_0_core_clk/Z (gf180mcu_fd_sc_mcu9t5v0__clkbuf_16)
                                                         clk_regs (net)
                      0.137771    0.001048    0.314761 ^ clkbuf_0_clk_regs/I (gf180mcu_fd_sc_mcu9t5v0__clkbuf_16)
     4    0.204698    0.291605    0.410412    0.725173 ^ clkbuf_0_clk_regs/Z (gf180mcu_fd_sc_mcu9t5v0__clkbuf_16)
                                                         clknet_0_clk_regs (net)
                      0.291672    0.006571    0.731744 ^ clkbuf_2_2_0_clk_regs/I (gf180mcu_fd_sc_mcu9t5v0__clkbuf_8)
     2    0.120283    0.332063    0.468420    1.200164 ^ clkbuf_2_2_0_clk_regs/Z (gf180mcu_fd_sc_mcu9t5v0__clkbuf_8)
                                                         clknet_2_2_0_clk_regs (net)
                      0.332092    0.004650    1.204813 ^ clkbuf_3_4__f_clk_regs/I (gf180mcu_fd_sc_mcu9t5v0__clkbuf_16)
    12    0.426321    0.527012    0.592119    1.796932 ^ clkbuf_3_4__f_clk_regs/Z (gf180mcu_fd_sc_mcu9t5v0__clkbuf_16)
                                                         clknet_3_4__leaf_clk_regs (net)
                      0.528627    0.016431    1.813363 ^ clkbuf_leaf_79_clk_regs/I (gf180mcu_fd_sc_mcu9t5v0__clkbuf_8)
    20    0.190672    0.483170    0.608148    2.421511 ^ clkbuf_leaf_79_clk_regs/Z (gf180mcu_fd_sc_mcu9t5v0__clkbuf_8)
                                                         clknet_leaf_79_clk_regs (net)
                      0.483189    0.004090    2.425602 ^ _18676_/CLK (gf180mcu_fd_sc_mcu9t5v0__dffrnq_1)
    13    0.151037    2.754877    2.700006    5.125607 ^ _18676_/Q (gf180mcu_fd_sc_mcu9t5v0__dffrnq_1)
                                                         u_core.u_transform_scheduler_core.dft12_phase[2] (net)
                      2.754877    0.001957    5.127564 ^ _09149_/I (gf180mcu_fd_sc_mcu9t5v0__clkinv_1)
     4    0.050731    1.407594    1.158686    6.286250 v _09149_/ZN (gf180mcu_fd_sc_mcu9t5v0__clkinv_1)
                                                         _03997_ (net)
                      1.407594    0.000667    6.286917 v _09459_/A1 (gf180mcu_fd_sc_mcu9t5v0__nand2_1)
     6    0.179791    3.715213    2.554487    8.841404 ^ _09459_/ZN (gf180mcu_fd_sc_mcu9t5v0__nand2_1)
                                                         _04307_ (net)
                      3.715213    0.001344    8.842748 ^ _11309_/A2 (gf180mcu_fd_sc_mcu9t5v0__nor2_2)
    27    0.479943    3.683838    3.016225   11.858973 v _11309_/ZN (gf180mcu_fd_sc_mcu9t5v0__nor2_2)
                                                         _05857_ (net)
                      3.683838    0.002494   11.861466 v _11315_/A1 (gf180mcu_fd_sc_mcu9t5v0__nor2_1)
    17    0.399431   13.693450    8.839567   20.701035 ^ _11315_/ZN (gf180mcu_fd_sc_mcu9t5v0__nor2_1)
                                                         _05863_ (net)
                     13.693450    0.003206   20.704241 ^ clone19/A2 (gf180mcu_fd_sc_mcu9t5v0__nor2_1)
    18    0.413583    9.402048    7.540907   28.245148 v clone19/ZN (gf180mcu_fd_sc_mcu9t5v0__nor2_1)
                                                         net19 (net)
                      9.402061    0.011019   28.256166 v _11411_/A2 (gf180mcu_fd_sc_mcu9t5v0__aoi221_1)
     1    0.012042    2.633049    3.546957   31.803123 ^ _11411_/ZN (gf180mcu_fd_sc_mcu9t5v0__aoi221_1)
                                                         _05954_ (net)
                      2.633049    0.000313   31.803436 ^ _11413_/B (gf180mcu_fd_sc_mcu9t5v0__aoi211_1)
     1    0.018102    4.210156    0.730001   32.533436 v _11413_/ZN (gf180mcu_fd_sc_mcu9t5v0__aoi211_1)
                                                         _05956_ (net)
                      4.210156    0.000600   32.534039 v _11415_/B (gf180mcu_fd_sc_mcu9t5v0__aoi211_1)
     1    0.072639    4.740952    3.419999   35.954037 ^ _11415_/ZN (gf180mcu_fd_sc_mcu9t5v0__aoi211_1)
                                                         _05958_ (net)
                      4.740952    0.004245   35.958282 ^ _11416_/B (gf180mcu_fd_sc_mcu9t5v0__aoi211_1)
     1    0.021501    1.691795    0.834621   36.792904 v _11416_/ZN (gf180mcu_fd_sc_mcu9t5v0__aoi211_1)
                                                         _05959_ (net)
                      1.691795    0.000874   36.793777 v _11418_/A3 (gf180mcu_fd_sc_mcu9t5v0__oai31_1)
     1    0.004851    1.342656    0.806768   37.600544 ^ _11418_/ZN (gf180mcu_fd_sc_mcu9t5v0__oai31_1)
                                                         _00264_ (net)
                      1.342656    0.000050   37.600594 ^ _19267_/D (gf180mcu_fd_sc_mcu9t5v0__dffrnq_1)
                                             37.600594   data arrival time

                                 26.041668   26.041668   clock core_clk (rise edge)
                                  0.000000   26.041668   clock source latency
     2    0.195568    0.000000    0.000000   26.041668 ^ clk (in)
                                                         clk (net)
                      0.060078    0.024574   26.066242 ^ clkbuf_regs_0_core_clk/I (gf180mcu_fd_sc_mcu9t5v0__clkbuf_16)
     1    0.047537    0.137769    0.289139   26.355381 ^ clkbuf_regs_0_core_clk/Z (gf180mcu_fd_sc_mcu9t5v0__clkbuf_16)
                                                         clk_regs (net)
                      0.137771    0.001048   26.356428 ^ clkbuf_0_clk_regs/I (gf180mcu_fd_sc_mcu9t5v0__clkbuf_16)
     4    0.204698    0.291605    0.410411   26.766840 ^ clkbuf_0_clk_regs/Z (gf180mcu_fd_sc_mcu9t5v0__clkbuf_16)
                                                         clknet_0_clk_regs (net)
                      0.292319    0.018344   26.785185 ^ clkbuf_2_0_0_clk_regs/I (gf180mcu_fd_sc_mcu9t5v0__clkbuf_8)
     2    0.121319    0.333961    0.470378   27.255562 ^ clkbuf_2_0_0_clk_regs/Z (gf180mcu_fd_sc_mcu9t5v0__clkbuf_8)
                                                         clknet_2_0_0_clk_regs (net)
                      0.333984    0.004137   27.259699 ^ clkbuf_3_1__f_clk_regs/I (gf180mcu_fd_sc_mcu9t5v0__clkbuf_16)
    14    0.575053    0.690437    0.688900   27.948599 ^ clkbuf_3_1__f_clk_regs/Z (gf180mcu_fd_sc_mcu9t5v0__clkbuf_16)
                                                         clknet_3_1__leaf_clk_regs (net)
                      0.691645    0.016389   27.964987 ^ clkbuf_leaf_6_clk_regs/I (gf180mcu_fd_sc_mcu9t5v0__clkbuf_8)
    23    0.169627    0.442063    0.608393   28.573381 ^ clkbuf_leaf_6_clk_regs/Z (gf180mcu_fd_sc_mcu9t5v0__clkbuf_8)
                                                         clknet_leaf_6_clk_regs (net)
                      0.442072    0.003121   28.576502 ^ _19267_/CLK (gf180mcu_fd_sc_mcu9t5v0__dffrnq_1)
                                  0.000000   28.576502   clock reconvergence pessimism
                                 -0.527423   28.049078   library setup time
                                             28.049078   data required time
---------------------------------------------------------------------------------------------
                                             28.049078   data required time
                                            -37.600594   data arrival time
---------------------------------------------------------------------------------------------
                                             -9.551516   slack (VIOLATED)




===========================================================================
report_checks --slack_max -0.01
============================================================================
======================= min_ss_125C_4v50 Corner ===================================

Startpoint: _18676_ (rising edge-triggered flip-flop clocked by core_clk)
Endpoint: _19267_ (rising edge-triggered flip-flop clocked by core_clk)
Path Group: core_clk
Path Type: max

Fanout         Cap        Slew       Delay        Time   Description
---------------------------------------------------------------------------------------------
                                  0.000000    0.000000   clock core_clk (rise edge)
                                  0.000000    0.000000   clock source latency
     2    0.195568    0.000000    0.000000    0.000000 ^ clk (in)
                                                         clk (net)
                      0.060078    0.024574    0.024574 ^ clkbuf_regs_0_core_clk/I (gf180mcu_fd_sc_mcu9t5v0__clkbuf_16)
     1    0.047537    0.137769    0.289139    0.313713 ^ clkbuf_regs_0_core_clk/Z (gf180mcu_fd_sc_mcu9t5v0__clkbuf_16)
                                                         clk_regs (net)
                      0.137771    0.001048    0.314761 ^ clkbuf_0_clk_regs/I (gf180mcu_fd_sc_mcu9t5v0__clkbuf_16)
     4    0.204698    0.291605    0.410412    0.725173 ^ clkbuf_0_clk_regs/Z (gf180mcu_fd_sc_mcu9t5v0__clkbuf_16)
                                                         clknet_0_clk_regs (net)
                      0.291672    0.006571    0.731744 ^ clkbuf_2_2_0_clk_regs/I (gf180mcu_fd_sc_mcu9t5v0__clkbuf_8)
     2    0.120283    0.332063    0.468420    1.200164 ^ clkbuf_2_2_0_clk_regs/Z (gf180mcu_fd_sc_mcu9t5v0__clkbuf_8)
                                                         clknet_2_2_0_clk_regs (net)
                      0.332092    0.004650    1.204813 ^ clkbuf_3_4__f_clk_regs/I (gf180mcu_fd_sc_mcu9t5v0__clkbuf_16)
    12    0.426321    0.527012    0.592119    1.796932 ^ clkbuf_3_4__f_clk_regs/Z (gf180mcu_fd_sc_mcu9t5v0__clkbuf_16)
                                                         clknet_3_4__leaf_clk_regs (net)
                      0.528627    0.016431    1.813363 ^ clkbuf_leaf_79_clk_regs/I (gf180mcu_fd_sc_mcu9t5v0__clkbuf_8)
    20    0.190672    0.483170    0.608148    2.421511 ^ clkbuf_leaf_79_clk_regs/Z (gf180mcu_fd_sc_mcu9t5v0__clkbuf_8)
                                                         clknet_leaf_79_clk_regs (net)
                      0.483189    0.004090    2.425602 ^ _18676_/CLK (gf180mcu_fd_sc_mcu9t5v0__dffrnq_1)
    13    0.151037    2.754877    2.700006    5.125607 ^ _18676_/Q (gf180mcu_fd_sc_mcu9t5v0__dffrnq_1)
                                                         u_core.u_transform_scheduler_core.dft12_phase[2] (net)
                      2.754877    0.001957    5.127564 ^ _09149_/I (gf180mcu_fd_sc_mcu9t5v0__clkinv_1)
     4    0.050731    1.407594    1.158686    6.286250 v _09149_/ZN (gf180mcu_fd_sc_mcu9t5v0__clkinv_1)
                                                         _03997_ (net)
                      1.407594    0.000667    6.286917 v _09459_/A1 (gf180mcu_fd_sc_mcu9t5v0__nand2_1)
     6    0.179791    3.715213    2.554487    8.841404 ^ _09459_/ZN (gf180mcu_fd_sc_mcu9t5v0__nand2_1)
                                                         _04307_ (net)
                      3.715213    0.001344    8.842748 ^ _11309_/A2 (gf180mcu_fd_sc_mcu9t5v0__nor2_2)
    27    0.479943    3.683838    3.016225   11.858973 v _11309_/ZN (gf180mcu_fd_sc_mcu9t5v0__nor2_2)
                                                         _05857_ (net)
                      3.683838    0.002494   11.861466 v _11315_/A1 (gf180mcu_fd_sc_mcu9t5v0__nor2_1)
    17    0.399431   13.693450    8.839567   20.701035 ^ _11315_/ZN (gf180mcu_fd_sc_mcu9t5v0__nor2_1)
                                                         _05863_ (net)
                     13.693450    0.003206   20.704241 ^ clone19/A2 (gf180mcu_fd_sc_mcu9t5v0__nor2_1)
    18    0.413583    9.402048    7.540907   28.245148 v clone19/ZN (gf180mcu_fd_sc_mcu9t5v0__nor2_1)
                                                         net19 (net)
                      9.402061    0.011019   28.256166 v _11411_/A2 (gf180mcu_fd_sc_mcu9t5v0__aoi221_1)
     1    0.012042    2.633049    3.546957   31.803123 ^ _11411_/ZN (gf180mcu_fd_sc_mcu9t5v0__aoi221_1)
                                                         _05954_ (net)
                      2.633049    0.000313   31.803436 ^ _11413_/B (gf180mcu_fd_sc_mcu9t5v0__aoi211_1)
     1    0.018102    4.210156    0.730001   32.533436 v _11413_/ZN (gf180mcu_fd_sc_mcu9t5v0__aoi211_1)
                                                         _05956_ (net)
                      4.210156    0.000600   32.534039 v _11415_/B (gf180mcu_fd_sc_mcu9t5v0__aoi211_1)
     1    0.072639    4.740952    3.419999   35.954037 ^ _11415_/ZN (gf180mcu_fd_sc_mcu9t5v0__aoi211_1)
                                                         _05958_ (net)
                      4.740952    0.004245   35.958282 ^ _11416_/B (gf180mcu_fd_sc_mcu9t5v0__aoi211_1)
     1    0.021501    1.691795    0.834621   36.792904 v _11416_/ZN (gf180mcu_fd_sc_mcu9t5v0__aoi211_1)
                                                         _05959_ (net)
                      1.691795    0.000874   36.793777 v _11418_/A3 (gf180mcu_fd_sc_mcu9t5v0__oai31_1)
     1    0.004851    1.342656    0.806768   37.600544 ^ _11418_/ZN (gf180mcu_fd_sc_mcu9t5v0__oai31_1)
                                                         _00264_ (net)
                      1.342656    0.000050   37.600594 ^ _19267_/D (gf180mcu_fd_sc_mcu9t5v0__dffrnq_1)
                                             37.600594   data arrival time

                                 26.041668   26.041668   clock core_clk (rise edge)
                                  0.000000   26.041668   clock source latency
     2    0.195568    0.000000    0.000000   26.041668 ^ clk (in)
                                                         clk (net)
                      0.060078    0.024574   26.066242 ^ clkbuf_regs_0_core_clk/I (gf180mcu_fd_sc_mcu9t5v0__clkbuf_16)
     1    0.047537    0.137769    0.289139   26.355381 ^ clkbuf_regs_0_core_clk/Z (gf180mcu_fd_sc_mcu9t5v0__clkbuf_16)
                                                         clk_regs (net)
                      0.137771    0.001048   26.356428 ^ clkbuf_0_clk_regs/I (gf180mcu_fd_sc_mcu9t5v0__clkbuf_16)
     4    0.204698    0.291605    0.410411   26.766840 ^ clkbuf_0_clk_regs/Z (gf180mcu_fd_sc_mcu9t5v0__clkbuf_16)
                                                         clknet_0_clk_regs (net)
                      0.292319    0.018344   26.785185 ^ clkbuf_2_0_0_clk_regs/I (gf180mcu_fd_sc_mcu9t5v0__clkbuf_8)
     2    0.121319    0.333961    0.470378   27.255562 ^ clkbuf_2_0_0_clk_regs/Z (gf180mcu_fd_sc_mcu9t5v0__clkbuf_8)
                                                         clknet_2_0_0_clk_regs (net)
                      0.333984    0.004137   27.259699 ^ clkbuf_3_1__f_clk_regs/I (gf180mcu_fd_sc_mcu9t5v0__clkbuf_16)
    14    0.575053    0.690437    0.688900   27.948599 ^ clkbuf_3_1__f_clk_regs/Z (gf180mcu_fd_sc_mcu9t5v0__clkbuf_16)
                                                         clknet_3_1__leaf_clk_regs (net)
                      0.691645    0.016389   27.964987 ^ clkbuf_leaf_6_clk_regs/I (gf180mcu_fd_sc_mcu9t5v0__clkbuf_8)
    23    0.169627    0.442063    0.608393   28.573381 ^ clkbuf_leaf_6_clk_regs/Z (gf180mcu_fd_sc_mcu9t5v0__clkbuf_8)
                                                         clknet_leaf_6_clk_regs (net)
                      0.442072    0.003121   28.576502 ^ _19267_/CLK (gf180mcu_fd_sc_mcu9t5v0__dffrnq_1)
                                  0.000000   28.576502   clock reconvergence pessimism
                                 -0.527423   28.049078   library setup time
                                             28.049078   data required time
---------------------------------------------------------------------------------------------
                                             28.049078   data required time
                                            -37.600594   data arrival time
---------------------------------------------------------------------------------------------
                                             -9.551516   slack (VIOLATED)




===========================================================================
 report_check_types -max_slew -max_cap -max_fanout -violators
============================================================================
======================= min_ss_125C_4v50 Corner ===================================

max slew

Pin                                        Limit        Slew       Slack
------------------------------------------------------------------------
_11063_/S                               7.200000   25.335112  -18.135111 (VIOLATED)
_11095_/S                               7.200000   25.335102  -18.135101 (VIOLATED)
_11059_/S                               7.200000   25.335068  -18.135069 (VIOLATED)
_11127_/S                               7.200000   25.335087  -18.135086 (VIOLATED)
_11129_/S                               7.200000   25.335094  -18.135094 (VIOLATED)
_11091_/S                               7.200000   25.335066  -18.135065 (VIOLATED)
_11159_/S                               7.200000   25.335068  -18.135069 (VIOLATED)
_11155_/S                               7.200000   25.335032  -18.135031 (VIOLATED)
_11123_/S                               7.200000   25.334974  -18.134974 (VIOLATED)
_11139_/S                               7.200000   25.334877  -18.134878 (VIOLATED)
_11157_/S                               7.200000   25.334841  -18.134842 (VIOLATED)
_11125_/S                               7.200000   25.334822  -18.134821 (VIOLATED)
_11171_/S                               7.200000   25.334824  -18.134825 (VIOLATED)
_11061_/S                               7.200000   25.334791  -18.134792 (VIOLATED)
_11093_/S                               7.200000   25.334707  -18.134706 (VIOLATED)
_11097_/S                               7.200000   25.334721  -18.134722 (VIOLATED)
_11107_/S                               7.200000   25.334719  -18.134718 (VIOLATED)
_11075_/S                               7.200000   25.334654  -18.134653 (VIOLATED)
_11105_/S                               7.200000   25.334614  -18.134615 (VIOLATED)
_11133_/S                               7.200000   25.334522  -18.134521 (VIOLATED)
_11073_/S                               7.200000   25.334457  -18.134459 (VIOLATED)
_11135_/S                               7.200000   25.334469  -18.134468 (VIOLATED)
_11137_/S                               7.200000   25.334473  -18.134472 (VIOLATED)
_11169_/S                               7.200000   25.334467  -18.134468 (VIOLATED)
_11065_/S                               7.200000   25.334415  -18.134415 (VIOLATED)
_11161_/S                               7.200000   25.334421  -18.134422 (VIOLATED)
_11069_/S                               7.200000   25.334402  -18.134401 (VIOLATED)
_11174_/A2                              7.200000   25.334417  -18.134418 (VIOLATED)
_11099_/S                               7.200000   25.334396  -18.134398 (VIOLATED)
_11101_/S                               7.200000   25.334394  -18.134394 (VIOLATED)
_11176_/A2                              7.200000   25.334414  -18.134413 (VIOLATED)
_11109_/A2                              7.200000   25.334391  -18.134390 (VIOLATED)
_11110_/A2                              7.200000   25.334410  -18.134409 (VIOLATED)
_11112_/A2                              7.200000   25.334391  -18.134390 (VIOLATED)
_11165_/S                               7.200000   25.334373  -18.134373 (VIOLATED)
_11167_/S                               7.200000   25.334383  -18.134384 (VIOLATED)
_11173_/A2                              7.200000   25.334383  -18.134384 (VIOLATED)
_11178_/A2                              7.200000   25.334373  -18.134373 (VIOLATED)
_11114_/A2                              7.200000   25.334330  -18.134331 (VIOLATED)
_11116_/A2                              7.200000   25.334297  -18.134298 (VIOLATED)
_11118_/A2                              7.200000   25.334290  -18.134291 (VIOLATED)
_11120_/A2                              7.200000   25.334305  -18.134306 (VIOLATED)
_11180_/A2                              7.200000   25.334305  -18.134306 (VIOLATED)
_11184_/A2                              7.200000   25.334307  -18.134306 (VIOLATED)
_11182_/A2                              7.200000   25.334280  -18.134281 (VIOLATED)
_11067_/S                               7.200000   25.334242  -18.134241 (VIOLATED)
_11163_/S                               7.200000   25.334221  -18.134220 (VIOLATED)
_11103_/S                               7.200000   25.334118  -18.134117 (VIOLATED)
_11131_/S                               7.200000   25.334133  -18.134134 (VIOLATED)
_11071_/S                               7.200000   25.333881  -18.133883 (VIOLATED)
_11141_/A2                              7.200000   25.333700  -18.133701 (VIOLATED)
_11142_/A2                              7.200000   25.333702  -18.133701 (VIOLATED)
_11144_/A2                              7.200000   25.333702  -18.133701 (VIOLATED)
_11146_/A2                              7.200000   25.333696  -18.133698 (VIOLATED)
_11148_/A2                              7.200000   25.333702  -18.133701 (VIOLATED)
_11150_/A2                              7.200000   25.333704  -18.133705 (VIOLATED)
_11152_/A2                              7.200000   25.333700  -18.133701 (VIOLATED)
_11080_/A2                              7.200000   25.333670  -18.133669 (VIOLATED)
_11082_/A2                              7.200000   25.333677  -18.133677 (VIOLATED)
_11086_/A2                              7.200000   25.333689  -18.133688 (VIOLATED)
_11077_/A2                              7.200000   25.333643  -18.133644 (VIOLATED)
_11084_/A2                              7.200000   25.333437  -18.133438 (VIOLATED)
_11078_/A2                              7.200000   25.333261  -18.133261 (VIOLATED)
_11088_/A2                              7.200000   25.333279  -18.133278 (VIOLATED)
_11058_/ZN                              7.200000   25.332104  -18.132103 (VIOLATED)
_11657_/C                               7.200000   25.022583  -17.822582 (VIOLATED)
_11621_/B                               7.200000   25.022560  -17.822561 (VIOLATED)
_11692_/A2                              7.200000   25.022566  -17.822565 (VIOLATED)
_11337_/A2                              7.200000   25.022512  -17.822512 (VIOLATED)
_11593_/C                               7.200000   25.022520  -17.822519 (VIOLATED)
_11630_/A2                              7.200000   25.022520  -17.822519 (VIOLATED)
_11344_/A2                              7.200000   25.022478  -17.822479 (VIOLATED)
_11345_/A2                              7.200000   25.022463  -17.822462 (VIOLATED)
_11369_/B                               7.200000   25.022453  -17.822451 (VIOLATED)
_11649_/A2                              7.200000   25.022379  -17.822380 (VIOLATED)
_11641_/A2                              7.200000   25.022318  -17.822317 (VIOLATED)
_11325_/A2                              7.200000   25.022266  -17.822268 (VIOLATED)
_11604_/C                               7.200000   25.022274  -17.822273 (VIOLATED)
_11320_/A2                              7.200000   25.022242  -17.822243 (VIOLATED)
_11487_/B                               7.200000   25.022146  -17.822145 (VIOLATED)
_11492_/A1                              7.200000   25.022146  -17.822145 (VIOLATED)
_11831_/B                               7.200000   25.022163  -17.822165 (VIOLATED)
_11556_/B                               7.200000   25.022142  -17.822142 (VIOLATED)
_11572_/C                               7.200000   25.022144  -17.822145 (VIOLATED)
_11577_/A1                              7.200000   25.022146  -17.822145 (VIOLATED)
_11355_/C                               7.200000   25.022108  -17.822107 (VIOLATED)
_11503_/C                               7.200000   25.022116  -17.822117 (VIOLATED)
_11508_/A1                              7.200000   25.022110  -17.822111 (VIOLATED)
_11471_/C                               7.200000   25.022064  -17.822063 (VIOLATED)
_11476_/A1                              7.200000   25.022064  -17.822063 (VIOLATED)
_11520_/B                               7.200000   25.022068  -17.822067 (VIOLATED)
_11538_/B                               7.200000   25.022064  -17.822063 (VIOLATED)
_11813_/B                               7.200000   25.022013  -17.822014 (VIOLATED)
_11674_/B                               7.200000   25.021935  -17.821936 (VIOLATED)
_11456_/B                               7.200000   25.021910  -17.821909 (VIOLATED)
_11423_/B                               7.200000   25.021847  -17.821848 (VIOLATED)
_11770_/B                               7.200000   25.021835  -17.821836 (VIOLATED)
_11787_/B                               7.200000   25.021809  -17.821808 (VIOLATED)
_11799_/B                               7.200000   25.021828  -17.821827 (VIOLATED)
_11441_/C                               7.200000   25.021778  -17.821777 (VIOLATED)
_11715_/B                               7.200000   25.021757  -17.821758 (VIOLATED)
_11728_/B                               7.200000   25.021774  -17.821774 (VIOLATED)
_11759_/B                               7.200000   25.021740  -17.821741 (VIOLATED)
_11408_/C                               7.200000   25.021658  -17.821659 (VIOLATED)
_11412_/A1                              7.200000   25.021677  -17.821676 (VIOLATED)
_11318_/ZN                              7.200000   25.021561  -17.821560 (VIOLATED)
_11386_/B                               7.200000   25.021561  -17.821560 (VIOLATED)
_11742_/B                               7.200000   25.021561  -17.821560 (VIOLATED)
_11485_/S                               7.200000   23.206179  -16.006180 (VIOLATED)
_11523_/A1                              7.200000   23.206161  -16.006163 (VIOLATED)
_11558_/B                               7.200000   23.206175  -16.006176 (VIOLATED)
_11470_/S                               7.200000   23.206141  -16.006142 (VIOLATED)
_11502_/S                               7.200000   23.206081  -16.006081 (VIOLATED)
_11813_/A2                              7.200000   23.206059  -16.006060 (VIOLATED)
_11817_/S                               7.200000   23.206026  -16.006027 (VIOLATED)
_11834_/A1                              7.200000   23.205967  -16.005966 (VIOLATED)
_11458_/B                               7.200000   23.205948  -16.005949 (VIOLATED)
_11803_/S                               7.200000   23.205873  -16.005875 (VIOLATED)
_11770_/A2                              7.200000   23.205824  -16.005825 (VIOLATED)
_11774_/S                               7.200000   23.205822  -16.005821 (VIOLATED)
_11799_/A2                              7.200000   23.205830  -16.005829 (VIOLATED)
_11759_/A2                              7.200000   23.205725  -16.005726 (VIOLATED)
_11761_/S                               7.200000   23.205719  -16.005718 (VIOLATED)
_11787_/A2                              7.200000   23.205730  -16.005732 (VIOLATED)
_11321_/B                               7.200000   23.205683  -16.005682 (VIOLATED)
_11326_/A1                              7.200000   23.205683  -16.005682 (VIOLATED)
_11328_/S                               7.200000   23.205679  -16.005678 (VIOLATED)
_11605_/S                               7.200000   23.205673  -16.005672 (VIOLATED)
_11644_/A1                              7.200000   23.205667  -16.005669 (VIOLATED)
_11591_/S                               7.200000   23.205647  -16.005648 (VIOLATED)
_11596_/S                               7.200000   23.205648  -16.005648 (VIOLATED)
_11627_/B                               7.200000   23.205631  -16.005632 (VIOLATED)
_11658_/S                               7.200000   23.205643  -16.005644 (VIOLATED)
_11695_/S                               7.200000   23.205648  -16.005648 (VIOLATED)
_11340_/A1                              7.200000   23.205614  -16.005615 (VIOLATED)
_11746_/S                               7.200000   23.205585  -16.005587 (VIOLATED)
_11369_/A2                              7.200000   23.205568  -16.005569 (VIOLATED)
_11374_/A1                              7.200000   23.205576  -16.005575 (VIOLATED)
_11317_/ZN                              7.200000   23.205479  -16.005480 (VIOLATED)
_11392_/A1                              7.200000   23.205479  -16.005480 (VIOLATED)
_11406_/A2                              7.200000   23.205479  -16.005480 (VIOLATED)
_11428_/S                               7.200000   23.205479  -16.005480 (VIOLATED)
_11717_/B                               7.200000   23.205479  -16.005480 (VIOLATED)
_11728_/A2                              7.200000   23.205479  -16.005480 (VIOLATED)
_11742_/A2                              7.200000   23.205479  -16.005480 (VIOLATED)
_13871_/B                               7.200000   23.182137  -15.982135 (VIOLATED)
_13882_/A1                              7.200000   23.182137  -15.982135 (VIOLATED)
_13892_/B                               7.200000   23.182127  -15.982128 (VIOLATED)
_13907_/A1                              7.200000   23.182119  -15.982121 (VIOLATED)
_14709_/B                               7.200000   23.182135  -15.982135 (VIOLATED)
_14726_/B                               7.200000   23.182116  -15.982114 (VIOLATED)
_13914_/B                               7.200000   23.182035  -15.982036 (VIOLATED)
_14367_/A2                              7.200000   23.182045  -15.982046 (VIOLATED)
_14371_/A2                              7.200000   23.182041  -15.982043 (VIOLATED)
_14379_/A2                              7.200000   23.182043  -15.982043 (VIOLATED)
_14383_/A2                              7.200000   23.182039  -15.982039 (VIOLATED)
_14375_/A2                              7.200000   23.182022  -15.982021 (VIOLATED)
_14387_/A2                              7.200000   23.182037  -15.982036 (VIOLATED)
_14755_/B                               7.200000   23.181976  -15.981976 (VIOLATED)
_14763_/S                               7.200000   23.181940  -15.981939 (VIOLATED)
_13942_/A1                              7.200000   23.181923  -15.981922 (VIOLATED)
_14770_/B                               7.200000   23.181896  -15.981897 (VIOLATED)
_14917_/S                               7.200000   23.181885  -15.981887 (VIOLATED)
_14988_/S                               7.200000   23.181845  -15.981844 (VIOLATED)
_14992_/S                               7.200000   23.181845  -15.981844 (VIOLATED)
_14788_/B                               7.200000   23.181824  -15.981823 (VIOLATED)
_14996_/S                               7.200000   23.181837  -15.981836 (VIOLATED)
_15000_/S                               7.200000   23.181829  -15.981830 (VIOLATED)
_15004_/S                               7.200000   23.181820  -15.981819 (VIOLATED)
_15007_/S                               7.200000   23.181810  -15.981812 (VIOLATED)
_09556_/ZN                              7.200000   23.181719  -15.981720 (VIOLATED)
_13876_/B                               7.200000   23.181719  -15.981720 (VIOLATED)
_13957_/A1                              7.200000   23.181719  -15.981720 (VIOLATED)
_13970_/A1                              7.200000   23.181719  -15.981720 (VIOLATED)
_14365_/A2                              7.200000   23.181719  -15.981720 (VIOLATED)
_14391_/A2                              7.200000   23.181719  -15.981720 (VIOLATED)
_14626_/B                               7.200000   23.181719  -15.981720 (VIOLATED)
_14638_/B                               7.200000   23.181719  -15.981720 (VIOLATED)
_14647_/B                               7.200000   23.181719  -15.981720 (VIOLATED)
_14658_/B                               7.200000   23.181719  -15.981720 (VIOLATED)
_14666_/B                               7.200000   23.181719  -15.981720 (VIOLATED)
_14667_/A2                              7.200000   23.181719  -15.981720 (VIOLATED)
_14799_/B                               7.200000   23.181719  -15.981720 (VIOLATED)
_14808_/B                               7.200000   23.181719  -15.981720 (VIOLATED)
_14926_/S                               7.200000   23.181719  -15.981720 (VIOLATED)
_14930_/S                               7.200000   23.181719  -15.981720 (VIOLATED)
_14934_/S                               7.200000   23.181719  -15.981720 (VIOLATED)
_14938_/S                               7.200000   23.181719  -15.981720 (VIOLATED)
_14942_/S                               7.200000   23.181719  -15.981720 (VIOLATED)
_14945_/S                               7.200000   23.181719  -15.981720 (VIOLATED)
_14949_/B                               7.200000   23.181719  -15.981720 (VIOLATED)
_15011_/B                               7.200000   23.181719  -15.981720 (VIOLATED)
_14854_/S                               7.200000   22.538088  -15.338089 (VIOLATED)
_14855_/S                               7.200000   22.538082  -15.338081 (VIOLATED)
_14849_/S                               7.200000   22.538052  -15.338053 (VIOLATED)
_14865_/S                               7.200000   22.537239  -15.337239 (VIOLATED)
_14886_/S                               7.200000   22.537117  -15.337119 (VIOLATED)
_14883_/S                               7.200000   22.536983  -15.336984 (VIOLATED)
_14884_/S                               7.200000   22.536947  -15.336948 (VIOLATED)
_14864_/S                               7.200000   22.536839  -15.336838 (VIOLATED)
_14882_/S                               7.200000   22.536751  -15.336749 (VIOLATED)
_14859_/S                               7.200000   22.536631  -15.336632 (VIOLATED)
_14881_/S                               7.200000   22.536644  -15.336642 (VIOLATED)
_14861_/S                               7.200000   22.536625  -15.336625 (VIOLATED)
_14862_/S                               7.200000   22.536623  -15.336621 (VIOLATED)
_14879_/S                               7.200000   22.536596  -15.336596 (VIOLATED)
_14857_/S                               7.200000   22.536577  -15.336578 (VIOLATED)
_14858_/S                               7.200000   22.536577  -15.336578 (VIOLATED)
_14860_/S                               7.200000   22.536577  -15.336578 (VIOLATED)
_14874_/S                               7.200000   22.536572  -15.336572 (VIOLATED)
_14875_/S                               7.200000   22.536568  -15.336568 (VIOLATED)
_14876_/S                               7.200000   22.536564  -15.336564 (VIOLATED)
_14877_/S                               7.200000   22.536560  -15.336561 (VIOLATED)
_14878_/S                               7.200000   22.536560  -15.336561 (VIOLATED)
_14880_/S                               7.200000   22.536562  -15.336561 (VIOLATED)
_14873_/S                               7.200000   22.536533  -15.336533 (VIOLATED)
_14891_/S                               7.200000   22.536495  -15.336497 (VIOLATED)
_14693_/S                               7.200000   22.536461  -15.336461 (VIOLATED)
_14747_/S                               7.200000   22.536474  -15.336475 (VIOLATED)
_14955_/S                               7.200000   22.536444  -15.336444 (VIOLATED)
_14960_/S                               7.200000   22.536434  -15.336433 (VIOLATED)
_14894_/S                               7.200000   22.536373  -15.336372 (VIOLATED)
_14737_/S                               7.200000   22.536350  -15.336351 (VIOLATED)
_14599_/S                               7.200000   22.536331  -15.336330 (VIOLATED)
_14899_/S                               7.200000   22.536331  -15.336330 (VIOLATED)
_14975_/S                               7.200000   22.536310  -15.336308 (VIOLATED)
_14863_/S                               7.200000   22.536211  -15.336213 (VIOLATED)
_14972_/S                               7.200000   22.536211  -15.336213 (VIOLATED)
clone2/ZN                               7.200000   22.536211  -15.336213 (VIOLATED)
_11625_/A1                              7.200000   22.369291  -15.169292 (VIOLATED)
_11694_/A2                              7.200000   22.369307  -15.169306 (VIOLATED)
_11346_/A2                              7.200000   22.369267  -15.169267 (VIOLATED)
_11633_/A2                              7.200000   22.369278  -15.169278 (VIOLATED)
_11651_/A2                              7.200000   22.369236  -15.169235 (VIOLATED)
_11611_/A1                              7.200000   22.369211  -15.169210 (VIOLATED)
_11330_/S1                              7.200000   22.369186  -15.169186 (VIOLATED)
_11484_/B                               7.200000   22.369152  -15.169153 (VIOLATED)
_11494_/A1                              7.200000   22.369148  -15.169150 (VIOLATED)
_11524_/A1                              7.200000   22.369164  -15.169164 (VIOLATED)
_11528_/A1                              7.200000   22.369162  -15.169161 (VIOLATED)
_11563_/A1                              7.200000   22.369137  -15.169136 (VIOLATED)
_11509_/A1                              7.200000   22.369104  -15.169104 (VIOLATED)
_11559_/A1                              7.200000   22.369120  -15.169118 (VIOLATED)
_11510_/A1                              7.200000   22.369066  -15.169065 (VIOLATED)
_11835_/A1                              7.200000   22.369074  -15.169075 (VIOLATED)
_11839_/A1                              7.200000   22.369072  -15.169072 (VIOLATED)
_11578_/A1                              7.200000   22.369043  -15.169044 (VIOLATED)
_11579_/A1                              7.200000   22.369041  -15.169040 (VIOLATED)
_11429_/B2                              7.200000   22.369011  -15.169011 (VIOLATED)
_11414_/A1                              7.200000   22.368965  -15.168965 (VIOLATED)
_11421_/B                               7.200000   22.368942  -15.168943 (VIOLATED)
_11477_/A1                              7.200000   22.368937  -15.168937 (VIOLATED)
_11478_/A1                              7.200000   22.368931  -15.168930 (VIOLATED)
_11545_/A1                              7.200000   22.368940  -15.168941 (VIOLATED)
_11821_/A1                              7.200000   22.368931  -15.168930 (VIOLATED)
_11722_/A1                              7.200000   22.368893  -15.168894 (VIOLATED)
_11718_/A1                              7.200000   22.368876  -15.168877 (VIOLATED)
_11736_/A1                              7.200000   22.368835  -15.168834 (VIOLATED)
_11459_/A1                              7.200000   22.368816  -15.168816 (VIOLATED)
_11463_/A1                              7.200000   22.368818  -15.168819 (VIOLATED)
_11807_/A1                              7.200000   22.368752  -15.168752 (VIOLATED)
_11778_/A1                              7.200000   22.368732  -15.168731 (VIOLATED)
_11750_/A1                              7.200000   22.368654  -15.168653 (VIOLATED)
_11764_/A1                              7.200000   22.368654  -15.168653 (VIOLATED)
clone49/ZN                              7.200000   22.368654  -15.168653 (VIOLATED)
_11495_/B                               7.200000   22.154055  -14.954055 (VIOLATED)
_11496_/A1                              7.200000   22.154058  -14.954058 (VIOLATED)
_11559_/B                               7.200000   22.154068  -14.954068 (VIOLATED)
_11562_/A1                              7.200000   22.154066  -14.954065 (VIOLATED)
_11524_/B                               7.200000   22.154034  -14.954033 (VIOLATED)
_11527_/A1                              7.200000   22.154032  -14.954033 (VIOLATED)
_11546_/B                               7.200000   22.154007  -14.954008 (VIOLATED)
_11547_/A1                              7.200000   22.154020  -14.954019 (VIOLATED)
_11835_/B                               7.200000   22.153992  -14.953991 (VIOLATED)
_11838_/A1                              7.200000   22.153978  -14.953979 (VIOLATED)
_11478_/B                               7.200000   22.153963  -14.953962 (VIOLATED)
_11510_/B                               7.200000   22.153950  -14.953952 (VIOLATED)
_11579_/B                               7.200000   22.153957  -14.953959 (VIOLATED)
_11821_/B                               7.200000   22.153902  -14.953901 (VIOLATED)
_11462_/A1                              7.200000   22.153818  -14.953820 (VIOLATED)
_11793_/B                               7.200000   22.153811  -14.953810 (VIOLATED)
_11794_/A1                              7.200000   22.153803  -14.953802 (VIOLATED)
_11459_/B                               7.200000   22.153782  -14.953781 (VIOLATED)
_11598_/B                               7.200000   22.153782  -14.953781 (VIOLATED)
_11599_/A1                              7.200000   22.153782  -14.953781 (VIOLATED)
_11629_/A1                              7.200000   22.153790  -14.953788 (VIOLATED)
_11376_/A1                              7.200000   22.153763  -14.953763 (VIOLATED)
_11379_/B2                              7.200000   22.153757  -14.953756 (VIOLATED)
_11330_/S0                              7.200000   22.153730  -14.953732 (VIOLATED)
_11685_/B                               7.200000   22.153698  -14.953699 (VIOLATED)
_11686_/A1                              7.200000   22.153698  -14.953699 (VIOLATED)
_11807_/B                               7.200000   22.153648  -14.953650 (VIOLATED)
_11399_/A1                              7.200000   22.153631  -14.953631 (VIOLATED)
_11398_/B                               7.200000   22.153612  -14.953614 (VIOLATED)
_11778_/B                               7.200000   22.153612  -14.953614 (VIOLATED)
_11414_/B                               7.200000   22.153578  -14.953578 (VIOLATED)
_11430_/B                               7.200000   22.153530  -14.953528 (VIOLATED)
_11431_/A1                              7.200000   22.153526  -14.953525 (VIOLATED)
_11764_/B                               7.200000   22.153477  -14.953475 (VIOLATED)
_11721_/A1                              7.200000   22.153450  -14.953450 (VIOLATED)
_11718_/B                               7.200000   22.153402  -14.953401 (VIOLATED)
_11736_/B                               7.200000   22.153374  -14.953372 (VIOLATED)
_11750_/B                               7.200000   22.153336  -14.953337 (VIOLATED)
_11314_/ZN                              7.200000   22.153212  -14.953213 (VIOLATED)
_11474_/A1                              7.200000   21.672750  -14.472752 (VIOLATED)
_11475_/A2                              7.200000   21.672752  -14.472754 (VIOLATED)
_11536_/A2                              7.200000   21.672737  -14.472737 (VIOLATED)
_11539_/A2                              7.200000   21.672749  -14.472748 (VIOLATED)
_11542_/A1                              7.200000   21.672747  -14.472746 (VIOLATED)
_11518_/A2                              7.200000   21.672710  -14.472711 (VIOLATED)
_11526_/A2                              7.200000   21.672724  -14.472725 (VIOLATED)
_11488_/A2                              7.200000   21.672688  -14.472688 (VIOLATED)
_11491_/A1                              7.200000   21.672686  -14.472686 (VIOLATED)
_11554_/A2                              7.200000   21.672630  -14.472631 (VIOLATED)
_11561_/A2                              7.200000   21.672642  -14.472641 (VIOLATED)
_11506_/A1                              7.200000   21.672598  -14.472599 (VIOLATED)
_11507_/A2                              7.200000   21.672596  -14.472597 (VIOLATED)
_11570_/A2                              7.200000   21.672564  -14.472563 (VIOLATED)
_11576_/A2                              7.200000   21.672554  -14.472554 (VIOLATED)
_11575_/A1                              7.200000   21.672529  -14.472529 (VIOLATED)
_11829_/A2                              7.200000   21.672506  -14.472507 (VIOLATED)
_11837_/A2                              7.200000   21.672504  -14.472505 (VIOLATED)
_11341_/A1                              7.200000   21.672461  -14.472460 (VIOLATED)
_11645_/A1                              7.200000   21.672464  -14.472464 (VIOLATED)
_11622_/A2                              7.200000   21.672440  -14.472441 (VIOLATED)
_11628_/A2                              7.200000   21.672432  -14.472432 (VIOLATED)
_11697_/A2                              7.200000   21.672436  -14.472435 (VIOLATED)
_11353_/A2                              7.200000   21.672407  -14.472406 (VIOLATED)
_11375_/A2                              7.200000   21.672403  -14.472404 (VIOLATED)
_11454_/A2                              7.200000   21.672405  -14.472405 (VIOLATED)
_11425_/A2                              7.200000   21.672382  -14.472382 (VIOLATED)
_11461_/A2                              7.200000   21.672384  -14.472383 (VIOLATED)
_11675_/A2                              7.200000   21.672396  -14.472396 (VIOLATED)
_11680_/A1                              7.200000   21.672401  -14.472402 (VIOLATED)
_11713_/A2                              7.200000   21.672358  -14.472357 (VIOLATED)
_11720_/A2                              7.200000   21.672365  -14.472366 (VIOLATED)
_11393_/A2                              7.200000   21.672327  -14.472327 (VIOLATED)
_11732_/S                               7.200000   21.672327  -14.472327 (VIOLATED)
_11387_/A2                              7.200000   21.672251  -14.472251 (VIOLATED)
_11439_/A2                              7.200000   21.672251  -14.472251 (VIOLATED)
clone39/ZN                              7.200000   21.672251  -14.472251 (VIOLATED)
_12767_/S                               7.200000   21.634142  -14.434142 (VIOLATED)
_12739_/S                               7.200000   21.634125  -14.434125 (VIOLATED)
_12753_/S                               7.200000   21.634132  -14.434132 (VIOLATED)
_12608_/S                               7.200000   21.634104  -14.434103 (VIOLATED)
_12625_/A2                              7.200000   21.634073  -14.434073 (VIOLATED)
_12601_/S                               7.200000   21.634016  -14.434016 (VIOLATED)
_12727_/S                               7.200000   21.634029  -14.434031 (VIOLATED)
_12733_/S                               7.200000   21.634022  -14.434022 (VIOLATED)
_12746_/A2                              7.200000   21.634026  -14.434025 (VIOLATED)
_12760_/A2                              7.200000   21.633894  -14.433893 (VIOLATED)
_12646_/A2                              7.200000   21.633778  -14.433778 (VIOLATED)
_12838_/A2                              7.200000   21.633774  -14.433775 (VIOLATED)
_12663_/A2                              7.200000   21.633757  -14.433757 (VIOLATED)
_12820_/A2                              7.200000   21.633749  -14.433750 (VIOLATED)
_12803_/A2                              7.200000   21.633722  -14.433723 (VIOLATED)
_12778_/A2                              7.200000   21.633694  -14.433695 (VIOLATED)
_12656_/S                               7.200000   21.633677  -14.433677 (VIOLATED)
_12677_/A2                              7.200000   21.633656  -14.433656 (VIOLATED)
_12684_/A2                              7.200000   21.633667  -14.433666 (VIOLATED)
_12710_/A2                              7.200000   21.633661  -14.433661 (VIOLATED)
_12716_/S                               7.200000   21.633673  -14.433673 (VIOLATED)
_12693_/A2                              7.200000   21.633644  -14.433645 (VIOLATED)
_12702_/A2                              7.200000   21.633623  -14.433623 (VIOLATED)
_12783_/S                               7.200000   21.633635  -14.433634 (VIOLATED)
_12630_/A2                              7.200000   21.633591  -14.433592 (VIOLATED)
_12638_/A2                              7.200000   21.633581  -14.433581 (VIOLATED)
_12671_/S                               7.200000   21.633595  -14.433595 (VIOLATED)
_12828_/A2                              7.200000   21.633591  -14.433590 (VIOLATED)
_12813_/A2                              7.200000   21.633545  -14.433545 (VIOLATED)
_12790_/A2                              7.200000   21.633467  -14.433467 (VIOLATED)
_12797_/S                               7.200000   21.633463  -14.433464 (VIOLATED)
_12599_/ZN                              7.200000   21.633274  -14.433273 (VIOLATED)
_15635_/S                               7.200000   20.977694  -13.777693 (VIOLATED)
_15637_/S                               7.200000   20.977673  -13.777672 (VIOLATED)
_15639_/S                               7.200000   20.977684  -13.777684 (VIOLATED)
_15636_/S                               7.200000   20.977646  -13.777645 (VIOLATED)
_15638_/S                               7.200000   20.977655  -13.777656 (VIOLATED)
_15634_/S                               7.200000   20.977617  -13.777617 (VIOLATED)
_15633_/S                               7.200000   20.977463  -13.777462 (VIOLATED)
_15517_/S                               7.200000   20.977257  -13.777256 (VIOLATED)
_15672_/S                               7.200000   20.977196  -13.777196 (VIOLATED)
_15506_/S                               7.200000   20.977060  -13.777061 (VIOLATED)
_15502_/S                               7.200000   20.976984  -13.776984 (VIOLATED)
_15667_/S                               7.200000   20.976988  -13.776988 (VIOLATED)
_15673_/S                               7.200000   20.976866  -13.776865 (VIOLATED)
_15671_/S                               7.200000   20.976746  -13.776747 (VIOLATED)
_15670_/S                               7.200000   20.976656  -13.776656 (VIOLATED)
_15669_/S                               7.200000   20.976587  -13.776587 (VIOLATED)
_15668_/S                               7.200000   20.976488  -13.776489 (VIOLATED)
_15520_/S                               7.200000   20.976376  -13.776375 (VIOLATED)
_15497_/S                               7.200000   20.976149  -13.776150 (VIOLATED)
_15624_/S                               7.200000   20.975903  -13.775903 (VIOLATED)
_15629_/S                               7.200000   20.975908  -13.775908 (VIOLATED)
_15628_/S                               7.200000   20.975893  -13.775894 (VIOLATED)
_15626_/S                               7.200000   20.975876  -13.775876 (VIOLATED)
_15625_/S                               7.200000   20.975847  -13.775847 (VIOLATED)
_15641_/S                               7.200000   20.975843  -13.775844 (VIOLATED)
_15643_/S                               7.200000   20.975842  -13.775843 (VIOLATED)
_15644_/S                               7.200000   20.975842  -13.775843 (VIOLATED)
_15645_/S                               7.200000   20.975847  -13.775847 (VIOLATED)
_15627_/S                               7.200000   20.975811  -13.775810 (VIOLATED)
_15642_/S                               7.200000   20.975811  -13.775810 (VIOLATED)
_15646_/S                               7.200000   20.975803  -13.775804 (VIOLATED)
_15654_/S                               7.200000   20.975809  -13.775808 (VIOLATED)
_15640_/S                               7.200000   20.975761  -13.775763 (VIOLATED)
_15657_/S                               7.200000   20.975655  -13.775654 (VIOLATED)
_15674_/S                               7.200000   20.975605  -13.775604 (VIOLATED)
_15676_/S                               7.200000   20.975613  -13.775613 (VIOLATED)
_15675_/S                               7.200000   20.975595  -13.775596 (VIOLATED)
_15658_/S                               7.200000   20.975573  -13.775572 (VIOLATED)
_15536_/S                               7.200000   20.975508  -13.775508 (VIOLATED)
_15677_/S                               7.200000   20.975504  -13.775505 (VIOLATED)
_15656_/S                               7.200000   20.975485  -13.775485 (VIOLATED)
_15666_/S                               7.200000   20.975475  -13.775476 (VIOLATED)
_15426_/S                               7.200000   20.975451  -13.775452 (VIOLATED)
_15659_/S                               7.200000   20.975460  -13.775460 (VIOLATED)
_15427_/S                               7.200000   20.975372  -13.775372 (VIOLATED)
_15549_/S                               7.200000   20.975374  -13.775375 (VIOLATED)
_15665_/S                               7.200000   20.975348  -13.775349 (VIOLATED)
_15452_/S                               7.200000   20.975180  -13.775180 (VIOLATED)
_15632_/S                               7.200000   20.975113  -13.775114 (VIOLATED)
_15630_/S                               7.200000   20.975073  -13.775073 (VIOLATED)
_15660_/S                               7.200000   20.975079  -13.775079 (VIOLATED)
_15458_/S                               7.200000   20.974930  -13.774929 (VIOLATED)
_15689_/S                               7.200000   20.974855  -13.774857 (VIOLATED)
_15678_/S                               7.200000   20.974756  -13.774756 (VIOLATED)
_15655_/S                               7.200000   20.974730  -13.774730 (VIOLATED)
_15686_/S                               7.200000   20.974569  -13.774569 (VIOLATED)
_15688_/S                               7.200000   20.974543  -13.774542 (VIOLATED)
_15561_/S                               7.200000   20.974453  -13.774453 (VIOLATED)
_15653_/S                               7.200000   20.974421  -13.774421 (VIOLATED)
_15687_/S                               7.200000   20.974432  -13.774432 (VIOLATED)
_15652_/S                               7.200000   20.974306  -13.774305 (VIOLATED)
_15567_/S                               7.200000   20.974277  -13.774278 (VIOLATED)
_15486_/S                               7.200000   20.974255  -13.774254 (VIOLATED)
_15492_/S                               7.200000   20.974257  -13.774256 (VIOLATED)
_15623_/S                               7.200000   20.974236  -13.774237 (VIOLATED)
_15685_/S                               7.200000   20.974234  -13.774233 (VIOLATED)
_15679_/S                               7.200000   20.974203  -13.774202 (VIOLATED)
_15620_/S                               7.200000   20.974131  -13.774130 (VIOLATED)
_15572_/S                               7.200000   20.974028  -13.774029 (VIOLATED)
_15608_/S                               7.200000   20.973999  -13.773998 (VIOLATED)
_15661_/S                               7.200000   20.973974  -13.773975 (VIOLATED)
_15662_/S                               7.200000   20.973974  -13.773973 (VIOLATED)
_15663_/S                               7.200000   20.973974  -13.773973 (VIOLATED)
_15680_/S                               7.200000   20.973965  -13.773965 (VIOLATED)
_15470_/S                               7.200000   20.973942  -13.773941 (VIOLATED)
_15684_/S                               7.200000   20.973936  -13.773936 (VIOLATED)
_15475_/S                               7.200000   20.973864  -13.773864 (VIOLATED)
_15650_/S                               7.200000   20.973866  -13.773865 (VIOLATED)
_15651_/S                               7.200000   20.973869  -13.773869 (VIOLATED)
_15578_/S                               7.200000   20.973820  -13.773819 (VIOLATED)
_15602_/S                               7.200000   20.973820  -13.773819 (VIOLATED)
_15631_/S                               7.200000   20.973745  -13.773746 (VIOLATED)
_15647_/S                               7.200000   20.973755  -13.773755 (VIOLATED)
_15683_/S                               7.200000   20.973755  -13.773755 (VIOLATED)
_15596_/S                               7.200000   20.973730  -13.773730 (VIOLATED)
_15648_/S                               7.200000   20.973732  -13.773732 (VIOLATED)
_15649_/S                               7.200000   20.973740  -13.773739 (VIOLATED)
_15664_/S                               7.200000   20.973743  -13.773745 (VIOLATED)
_15681_/S                               7.200000   20.973738  -13.773737 (VIOLATED)
_15424_/ZN                              7.200000   20.973642  -13.773643 (VIOLATED)
_15480_/S                               7.200000   20.973642  -13.773643 (VIOLATED)
_15585_/S                               7.200000   20.973642  -13.773643 (VIOLATED)
_15591_/S                               7.200000   20.973642  -13.773643 (VIOLATED)
_15682_/S                               7.200000   20.973642  -13.773643 (VIOLATED)
_12243_/A2                              7.200000   20.522020  -13.322021 (VIOLATED)
_12248_/A2                              7.200000   20.522022  -13.322022 (VIOLATED)
_12250_/A2                              7.200000   20.522017  -13.322017 (VIOLATED)
_12152_/A2                              7.200000   20.522003  -13.322002 (VIOLATED)
_12157_/A2                              7.200000   20.522007  -13.322008 (VIOLATED)
_12244_/A2                              7.200000   20.522015  -13.322015 (VIOLATED)
_12205_/A2                              7.200000   20.521967  -13.321967 (VIOLATED)
_12201_/A2                              7.200000   20.521948  -13.321947 (VIOLATED)
_12353_/A2                              7.200000   20.521933  -13.321933 (VIOLATED)
_12355_/A2                              7.200000   20.521933  -13.321933 (VIOLATED)
_12399_/A2                              7.200000   20.521942  -13.321942 (VIOLATED)
_12223_/A2                              7.200000   20.521915  -13.321916 (VIOLATED)
_12359_/A2                              7.200000   20.521929  -13.321928 (VIOLATED)
_12136_/A2                              7.200000   20.521896  -13.321896 (VIOLATED)
_12319_/A2                              7.200000   20.521902  -13.321901 (VIOLATED)
_12320_/A2                              7.200000   20.521904  -13.321905 (VIOLATED)
_11984_/A2                              7.200000   20.521881  -13.321881 (VIOLATED)
_12315_/A2                              7.200000   20.521872  -13.321871 (VIOLATED)
_12218_/A2                              7.200000   20.521851  -13.321850 (VIOLATED)
_12582_/A2                              7.200000   20.521839  -13.321839 (VIOLATED)
_12177_/A2                              7.200000   20.521812  -13.321813 (VIOLATED)
_12179_/A2                              7.200000   20.521809  -13.321809 (VIOLATED)
_12184_/A2                              7.200000   20.521812  -13.321813 (VIOLATED)
_12259_/A2                              7.200000   20.521822  -13.321821 (VIOLATED)
_12264_/A2                              7.200000   20.521832  -13.321832 (VIOLATED)
_12288_/A2                              7.200000   20.521824  -13.321823 (VIOLATED)
_12332_/A2                              7.200000   20.521763  -13.321763 (VIOLATED)
_12021_/A2                              7.200000   20.521748  -13.321749 (VIOLATED)
_11855_/A2                              7.200000   20.521717  -13.321716 (VIOLATED)
_11868_/A2                              7.200000   20.521725  -13.321726 (VIOLATED)
_12335_/A2                              7.200000   20.521729  -13.321729 (VIOLATED)
_12002_/A2                              7.200000   20.521704  -13.321704 (VIOLATED)
_12003_/A2                              7.200000   20.521713  -13.321713 (VIOLATED)
_12562_/A2                              7.200000   20.521679  -13.321679 (VIOLATED)
_12580_/A2                              7.200000   20.521667  -13.321667 (VIOLATED)
_12118_/A2                              7.200000   20.521645  -13.321646 (VIOLATED)
_12119_/A2                              7.200000   20.521646  -13.321648 (VIOLATED)
_12375_/A2                              7.200000   20.521587  -13.321587 (VIOLATED)
_12380_/A2                              7.200000   20.521502  -13.321502 (VIOLATED)
_12544_/A2                              7.200000   20.521515  -13.321514 (VIOLATED)
_12524_/A2                              7.200000   20.521494  -13.321494 (VIOLATED)
_12424_/A2                              7.200000   20.521381  -13.321381 (VIOLATED)
_12485_/A2                              7.200000   20.521393  -13.321393 (VIOLATED)
_12419_/A2                              7.200000   20.521358  -13.321358 (VIOLATED)
_12099_/A2                              7.200000   20.521330  -13.321329 (VIOLATED)
_12502_/A2                              7.200000   20.521334  -13.321333 (VIOLATED)
_12420_/A2                              7.200000   20.521303  -13.321302 (VIOLATED)
_12426_/A2                              7.200000   20.521315  -13.321315 (VIOLATED)
_12441_/A2                              7.200000   20.521322  -13.321322 (VIOLATED)
_12447_/A2                              7.200000   20.521324  -13.321324 (VIOLATED)
_12461_/A2                              7.200000   20.521255  -13.321255 (VIOLATED)
_12467_/A2                              7.200000   20.521255  -13.321255 (VIOLATED)
_11853_/ZN                              7.200000   20.521156  -13.321157 (VIOLATED)
_12463_/A2                              7.200000   20.521156  -13.321157 (VIOLATED)
_10556_/C2                              7.200000   19.993553  -12.793552 (VIOLATED)
_10443_/C                               7.200000   19.993517  -12.793517 (VIOLATED)
_10503_/A1                              7.200000   19.993494  -12.793493 (VIOLATED)
_10529_/B2                              7.200000   19.993444  -12.793444 (VIOLATED)
_10427_/A1                              7.200000   19.993351  -12.793351 (VIOLATED)
_10581_/A1                              7.200000   19.993303  -12.793303 (VIOLATED)
_10476_/C                               7.200000   19.993256  -12.793256 (VIOLATED)
_17503_/B2                              7.200000   19.993200  -12.793200 (VIOLATED)
_17460_/A1                              7.200000   19.993126  -12.793126 (VIOLATED)
_17414_/A1                              7.200000   19.992960  -12.792961 (VIOLATED)
_17482_/A1                              7.200000   19.992765  -12.792766 (VIOLATED)
_17524_/A1                              7.200000   19.992435  -12.792435 (VIOLATED)
_10401_/B2                              7.200000   19.992355  -12.792356 (VIOLATED)
_17440_/B2                              7.200000   19.991877  -12.791877 (VIOLATED)
_10374_/B2                              7.200000   19.991535  -12.791534 (VIOLATED)
_17389_/C                               7.200000   19.991182  -12.791183 (VIOLATED)
_17377_/A1                              7.200000   19.990986  -12.790985 (VIOLATED)
_17355_/B2                              7.200000   19.990681  -12.790680 (VIOLATED)
_10336_/C                               7.200000   19.990139  -12.790140 (VIOLATED)
_10319_/A1                              7.200000   19.990118  -12.790118 (VIOLATED)
_10290_/B2                              7.200000   19.990103  -12.790103 (VIOLATED)
_17310_/A1                              7.200000   19.989758  -12.789758 (VIOLATED)
_10230_/A1                              7.200000   19.989359  -12.789358 (VIOLATED)
_17266_/A1                              7.200000   19.989151  -12.789150 (VIOLATED)
_10174_/A1                              7.200000   19.988953  -12.788954 (VIOLATED)
_17223_/C2                              7.200000   19.988953  -12.788954 (VIOLATED)
_17201_/A1                              7.200000   19.988781  -12.788781 (VIOLATED)
_10208_/B2                              7.200000   19.988716  -12.788717 (VIOLATED)
_17244_/A1                              7.200000   19.988573  -12.788573 (VIOLATED)
_10157_/ZN                              7.200000   19.988510  -12.788511 (VIOLATED)
_10257_/A1                              7.200000   19.988510  -12.788511 (VIOLATED)
_10452_/C                               7.200000   19.984877  -12.784877 (VIOLATED)
_10478_/A2                              7.200000   19.984861  -12.784861 (VIOLATED)
_10504_/A2                              7.200000   19.984867  -12.784867 (VIOLATED)
_10505_/A1                              7.200000   19.984865  -12.784866 (VIOLATED)
_10582_/A2                              7.200000   19.984858  -12.784857 (VIOLATED)
_10583_/A1                              7.200000   19.984858  -12.784857 (VIOLATED)
_17525_/A2                              7.200000   19.984854  -12.784854 (VIOLATED)
_17526_/A1                              7.200000   19.984859  -12.784859 (VIOLATED)
_10530_/A2                              7.200000   19.984838  -12.784840 (VIOLATED)
_10531_/A1                              7.200000   19.984823  -12.784823 (VIOLATED)
_10453_/A2                              7.200000   19.984787  -12.784788 (VIOLATED)
_17504_/A2                              7.200000   19.984758  -12.784758 (VIOLATED)
_17505_/A1                              7.200000   19.984758  -12.784758 (VIOLATED)
_10402_/A2                              7.200000   19.984732  -12.784731 (VIOLATED)
_10403_/A1                              7.200000   19.984730  -12.784729 (VIOLATED)
_10427_/C                               7.200000   19.984737  -12.784739 (VIOLATED)
_10428_/A2                              7.200000   19.984737  -12.784739 (VIOLATED)
_17462_/A2                              7.200000   19.984686  -12.784686 (VIOLATED)
_17441_/A2                              7.200000   19.984669  -12.784669 (VIOLATED)
_17442_/A1                              7.200000   19.984667  -12.784667 (VIOLATED)
_17463_/A1                              7.200000   19.984680  -12.784679 (VIOLATED)
_17420_/A2                              7.200000   19.984604  -12.784605 (VIOLATED)
_17421_/A1                              7.200000   19.984604  -12.784605 (VIOLATED)
_10375_/A2                              7.200000   19.984476  -12.784477 (VIOLATED)
_10376_/A1                              7.200000   19.984451  -12.784452 (VIOLATED)
_17400_/A1                              7.200000   19.984375  -12.784376 (VIOLATED)
_17399_/A2                              7.200000   19.984354  -12.784354 (VIOLATED)
_17379_/A1                              7.200000   19.984280  -12.784280 (VIOLATED)
_17378_/A2                              7.200000   19.984232  -12.784232 (VIOLATED)
_10240_/B                               7.200000   19.984104  -12.784104 (VIOLATED)
_17311_/B                               7.200000   19.984116  -12.784117 (VIOLATED)
_17356_/B                               7.200000   19.984127  -12.784127 (VIOLATED)
_17357_/A2                              7.200000   19.984135  -12.784134 (VIOLATED)
_10164_/ZN                              7.200000   19.984037  -12.784039 (VIOLATED)
_10209_/B                               7.200000   19.984037  -12.784039 (VIOLATED)
_10241_/A2                              7.200000   19.984037  -12.784039 (VIOLATED)
_10266_/C                               7.200000   19.984037  -12.784039 (VIOLATED)
_10267_/A2                              7.200000   19.984037  -12.784039 (VIOLATED)
_10320_/A2                              7.200000   19.984037  -12.784039 (VIOLATED)
_10321_/A1                              7.200000   19.984037  -12.784039 (VIOLATED)
_17202_/B                               7.200000   19.984037  -12.784039 (VIOLATED)
_17203_/A2                              7.200000   19.984037  -12.784039 (VIOLATED)
_17224_/A2                              7.200000   19.984037  -12.784039 (VIOLATED)
_17225_/A1                              7.200000   19.984037  -12.784039 (VIOLATED)
_17290_/A2                              7.200000   19.984037  -12.784039 (VIOLATED)
_17333_/A2                              7.200000   19.984037  -12.784039 (VIOLATED)
_10401_/C1                              7.200000   19.836519  -12.636518 (VIOLATED)
_17482_/B2                              7.200000   19.836517  -12.636518 (VIOLATED)
_17440_/C2                              7.200000   19.836493  -12.636492 (VIOLATED)
_10374_/A1                              7.200000   19.836447  -12.636448 (VIOLATED)
_17377_/B2                              7.200000   19.836390  -12.636389 (VIOLATED)
_17354_/A1                              7.200000   19.836344  -12.636343 (VIOLATED)
_10344_/C                               7.200000   19.836292  -12.636292 (VIOLATED)
_10319_/B2                              7.200000   19.836246  -12.636247 (VIOLATED)
_10290_/A1                              7.200000   19.836214  -12.636215 (VIOLATED)
_17524_/B2                              7.200000   19.836216  -12.636217 (VIOLATED)
_10472_/C                               7.200000   19.836195  -12.636195 (VIOLATED)
_10581_/B2                              7.200000   19.836205  -12.636205 (VIOLATED)
_10556_/B2                              7.200000   19.836178  -12.636178 (VIOLATED)
_10452_/A1                              7.200000   19.836151  -12.636151 (VIOLATED)
_10503_/B2                              7.200000   19.836138  -12.636137 (VIOLATED)
_10529_/A1                              7.200000   19.836117  -12.636117 (VIOLATED)
_17503_/C2                              7.200000   19.836090  -12.636090 (VIOLATED)
_10266_/A1                              7.200000   19.836060  -12.636061 (VIOLATED)
_10421_/C                               7.200000   19.836056  -12.636055 (VIOLATED)
_10174_/B1                              7.200000   19.836020  -12.636020 (VIOLATED)
_10239_/A1                              7.200000   19.836027  -12.636026 (VIOLATED)
_17200_/A1                              7.200000   19.836006  -12.636005 (VIOLATED)
_17223_/B2                              7.200000   19.836018  -12.636018 (VIOLATED)
_10201_/C                               7.200000   19.835970  -12.635970 (VIOLATED)
_10166_/ZN                              7.200000   19.835857  -12.635858 (VIOLATED)
_10180_/A2                              7.200000   19.835857  -12.635858 (VIOLATED)
_17236_/A1                              7.200000   19.835857  -12.635858 (VIOLATED)
_11662_/S                               7.200000   19.741423  -12.541424 (VIOLATED)
_11664_/A1                              7.200000   19.741428  -12.541429 (VIOLATED)
_11667_/B                               7.200000   19.741426  -12.541427 (VIOLATED)
_11693_/A1                              7.200000   19.741425  -12.541425 (VIOLATED)
_11698_/B                               7.200000   19.741421  -12.541422 (VIOLATED)
_11703_/B                               7.200000   19.741413  -12.541412 (VIOLATED)
_11632_/A1                              7.200000   19.741377  -12.541377 (VIOLATED)
_11340_/B                               7.200000   19.741358  -12.541358 (VIOLATED)
_11343_/B                               7.200000   19.741367  -12.541367 (VIOLATED)
_11594_/A1                              7.200000   19.741364  -12.541363 (VIOLATED)
_11597_/A1                              7.200000   19.741362  -12.541361 (VIOLATED)
_11647_/B                               7.200000   19.741356  -12.541356 (VIOLATED)
_11345_/B                               7.200000   19.741337  -12.541336 (VIOLATED)
_11598_/A1                              7.200000   19.741323  -12.541324 (VIOLATED)
_11614_/B                               7.200000   19.741322  -12.541322 (VIOLATED)
_11644_/B                               7.200000   19.741318  -12.541319 (VIOLATED)
_11650_/A1                              7.200000   19.741322  -12.541322 (VIOLATED)
_11378_/S                               7.200000   19.741276  -12.541276 (VIOLATED)
_11609_/S                               7.200000   19.741253  -12.541253 (VIOLATED)
_11359_/B                               7.200000   19.741156  -12.541155 (VIOLATED)
_11356_/C                               7.200000   19.741135  -12.541134 (VIOLATED)
_11352_/S                               7.200000   19.741064  -12.541064 (VIOLATED)
_11685_/A1                              7.200000   19.740980  -12.540981 (VIOLATED)
_11426_/B                               7.200000   19.740852  -12.540854 (VIOLATED)
_11398_/A1                              7.200000   19.740826  -12.540827 (VIOLATED)
_11493_/A1                              7.200000   19.740711  -12.540711 (VIOLATED)
_11544_/A1                              7.200000   19.740705  -12.540706 (VIOLATED)
_11546_/A1                              7.200000   19.740702  -12.540702 (VIOLATED)
_11322_/ZN                              7.200000   19.740627  -12.540627 (VIOLATED)
_11411_/C                               7.200000   19.740627  -12.540627 (VIOLATED)
_11413_/A1                              7.200000   19.740627  -12.540627 (VIOLATED)
_11438_/S                               7.200000   19.740627  -12.540627 (VIOLATED)
_11442_/C                               7.200000   19.740627  -12.540627 (VIOLATED)
_11444_/C                               7.200000   19.740627  -12.540627 (VIOLATED)
_11791_/C                               7.200000   19.740627  -12.540627 (VIOLATED)
_11793_/A1                              7.200000   19.740627  -12.540627 (VIOLATED)
_18160_/A1                              7.200000   19.508467  -12.308467 (VIOLATED)
_18165_/C                               7.200000   19.508451  -12.308453 (VIOLATED)
_18171_/A1                              7.200000   19.508463  -12.308463 (VIOLATED)
_09911_/A2                              7.200000   19.508400  -12.308401 (VIOLATED)
_18170_/A2                              7.200000   19.508404  -12.308404 (VIOLATED)
_09678_/B                               7.200000   19.508347  -12.308346 (VIOLATED)
_09908_/A3                              7.200000   19.508350  -12.308352 (VIOLATED)
_11012_/B                               7.200000   19.508356  -12.308356 (VIOLATED)
_11033_/C                               7.200000   19.508358  -12.308358 (VIOLATED)
_11034_/A1                              7.200000   19.508358  -12.308358 (VIOLATED)
_09907_/A2                              7.200000   19.508326  -12.308327 (VIOLATED)
_11011_/A1                              7.200000   19.508287  -12.308288 (VIOLATED)
_11006_/A2                              7.200000   19.508272  -12.308273 (VIOLATED)
_18228_/C                               7.200000   19.508177  -12.308177 (VIOLATED)
_09676_/ZN                              7.200000   19.507994  -12.307994 (VIOLATED)
_18155_/B                               7.200000   19.507994  -12.307994 (VIOLATED)
_15079_/S                               7.200000   18.238140  -11.038140 (VIOLATED)
_15091_/S                               7.200000   18.238152  -11.038151 (VIOLATED)
_15162_/S                               7.200000   18.238140  -11.038140 (VIOLATED)
_15074_/A1                              7.200000   18.238121  -11.038121 (VIOLATED)
_15158_/A1                              7.200000   18.238104  -11.038103 (VIOLATED)
_15389_/S                               7.200000   18.237972  -11.037971 (VIOLATED)
_15399_/S                               7.200000   18.237890  -11.037890 (VIOLATED)
_15423_/S                               7.200000   18.237795  -11.037796 (VIOLATED)
_15020_/S                               7.200000   18.237770  -11.037769 (VIOLATED)
_15017_/S                               7.200000   18.237749  -11.037749 (VIOLATED)
_15102_/S                               7.200000   18.237761  -11.037761 (VIOLATED)
_15103_/S                               7.200000   18.237770  -11.037769 (VIOLATED)
_15378_/S                               7.200000   18.237749  -11.037749 (VIOLATED)
_15379_/S                               7.200000   18.237749  -11.037749 (VIOLATED)
_15374_/S                               7.200000   18.237703  -11.037704 (VIOLATED)
_15391_/S                               7.200000   18.237663  -11.037663 (VIOLATED)
_15422_/S                               7.200000   18.237659  -11.037659 (VIOLATED)
_15409_/S                               7.200000   18.237623  -11.037623 (VIOLATED)
_15421_/S                               7.200000   18.237593  -11.037594 (VIOLATED)
_15408_/S                               7.200000   18.237581  -11.037580 (VIOLATED)
_20176_/D                               7.200000   18.237589  -11.037590 (VIOLATED)
_15364_/S                               7.200000   18.237551  -11.037551 (VIOLATED)
_15410_/S                               7.200000   18.237562  -11.037561 (VIOLATED)
_15392_/S                               7.200000   18.237526  -11.037526 (VIOLATED)
_15394_/S                               7.200000   18.237537  -11.037537 (VIOLATED)
_15393_/S                               7.200000   18.237520  -11.037520 (VIOLATED)
_15015_/S                               7.200000   18.237501  -11.037501 (VIOLATED)
_15194_/S                               7.200000   18.237503  -11.037503 (VIOLATED)
_15386_/S                               7.200000   18.237499  -11.037499 (VIOLATED)
_15420_/S                               7.200000   18.237509  -11.037508 (VIOLATED)
_15390_/S                               7.200000   18.237484  -11.037483 (VIOLATED)
_15016_/S                               7.200000   18.237467  -11.037467 (VIOLATED)
_15195_/S                               7.200000   18.237461  -11.037462 (VIOLATED)
_15419_/S                               7.200000   18.237463  -11.037464 (VIOLATED)
_15198_/S                               7.200000   18.237452  -11.037451 (VIOLATED)
_15271_/S                               7.200000   18.237411  -11.037413 (VIOLATED)
_15025_/S                               7.200000   18.237356  -11.037357 (VIOLATED)
_15110_/S                               7.200000   18.237354  -11.037354 (VIOLATED)
_15202_/S                               7.200000   18.237354  -11.037354 (VIOLATED)
_15261_/S                               7.200000   18.237301  -11.037300 (VIOLATED)
_15249_/S                               7.200000   18.237247  -11.037247 (VIOLATED)
_15028_/S                               7.200000   18.237177  -11.037178 (VIOLATED)
_15257_/S                               7.200000   18.237183  -11.037183 (VIOLATED)
_15418_/S                               7.200000   18.237137  -11.037137 (VIOLATED)
_15113_/S                               7.200000   18.237074  -11.037075 (VIOLATED)
_15384_/S                               7.200000   18.237078  -11.037078 (VIOLATED)
_15385_/S                               7.200000   18.237082  -11.037082 (VIOLATED)
_15032_/S                               7.200000   18.237015  -11.037014 (VIOLATED)
_15417_/S                               7.200000   18.236986  -11.036985 (VIOLATED)
_15209_/A1                              7.200000   18.236944  -11.036945 (VIOLATED)
_15416_/S                               7.200000   18.236916  -11.036917 (VIOLATED)
_15237_/S                               7.200000   18.236872  -11.036872 (VIOLATED)
_15244_/A1                              7.200000   18.236877  -11.036878 (VIOLATED)
_15117_/S                               7.200000   18.236845  -11.036845 (VIOLATED)
_15412_/S                               7.200000   18.236847  -11.036847 (VIOLATED)
_15232_/S                               7.200000   18.236830  -11.036830 (VIOLATED)
_15216_/A1                              7.200000   18.236811  -11.036810 (VIOLATED)
_15056_/S                               7.200000   18.236792  -11.036792 (VIOLATED)
_15039_/A1                              7.200000   18.236759  -11.036758 (VIOLATED)
_15124_/A1                              7.200000   18.236744  -11.036744 (VIOLATED)
_15141_/S                               7.200000   18.236740  -11.036740 (VIOLATED)
_15415_/S                               7.200000   18.236742  -11.036742 (VIOLATED)
_15046_/A1                              7.200000   18.236702  -11.036701 (VIOLATED)
_15052_/A1                              7.200000   18.236687  -11.036688 (VIOLATED)
_15222_/A1                              7.200000   18.236691  -11.036691 (VIOLATED)
_15226_/S                               7.200000   18.236691  -11.036691 (VIOLATED)
_15365_/S                               7.200000   18.236671  -11.036672 (VIOLATED)
_15137_/A1                              7.200000   18.236656  -11.036655 (VIOLATED)
_15382_/S                               7.200000   18.236662  -11.036662 (VIOLATED)
_15383_/S                               7.200000   18.236668  -11.036668 (VIOLATED)
_15398_/S                               7.200000   18.236670  -11.036670 (VIOLATED)
_15131_/A1                              7.200000   18.236599  -11.036598 (VIOLATED)
_15381_/S                               7.200000   18.236599  -11.036598 (VIOLATED)
_15395_/S                               7.200000   18.236599  -11.036598 (VIOLATED)
_15396_/S                               7.200000   18.236599  -11.036598 (VIOLATED)
_15397_/S                               7.200000   18.236599  -11.036598 (VIOLATED)
_15413_/S                               7.200000   18.236599  -11.036598 (VIOLATED)
_15414_/S                               7.200000   18.236599  -11.036598 (VIOLATED)
clone3/ZN                               7.200000   18.236599  -11.036598 (VIOLATED)
_11826_/S                               7.200000   17.983774  -10.783775 (VIOLATED)
_11829_/B                               7.200000   17.983770  -10.783770 (VIOLATED)
_11483_/A2                              7.200000   17.983742  -10.783741 (VIOLATED)
_11484_/A2                              7.200000   17.983742  -10.783741 (VIOLATED)
_11518_/B                               7.200000   17.983727  -10.783727 (VIOLATED)
_11536_/B                               7.200000   17.983715  -10.783714 (VIOLATED)
_11568_/S                               7.200000   17.983723  -10.783724 (VIOLATED)
_11468_/S                               7.200000   17.983700  -10.783700 (VIOLATED)
_11515_/S                               7.200000   17.983696  -10.783695 (VIOLATED)
_11551_/S                               7.200000   17.983702  -10.783702 (VIOLATED)
_11554_/B                               7.200000   17.983709  -10.783710 (VIOLATED)
_11500_/S                               7.200000   17.983683  -10.783683 (VIOLATED)
_11533_/S                               7.200000   17.983669  -10.783670 (VIOLATED)
_11814_/C                               7.200000   17.983564  -10.783564 (VIOLATED)
_11819_/S                               7.200000   17.983358  -10.783358 (VIOLATED)
_11454_/B                               7.200000   17.983301  -10.783300 (VIOLATED)
_11589_/S                               7.200000   17.983229  -10.783228 (VIOLATED)
_11640_/A2                              7.200000   17.983227  -10.783226 (VIOLATED)
_11648_/A2                              7.200000   17.983221  -10.783221 (VIOLATED)
_11321_/A2                              7.200000   17.983194  -10.783195 (VIOLATED)
_11324_/A2                              7.200000   17.983196  -10.783196 (VIOLATED)
_11329_/S                               7.200000   17.983194  -10.783195 (VIOLATED)
_11608_/S                               7.200000   17.983202  -10.783201 (VIOLATED)
_11612_/A1                              7.200000   17.983198  -10.783197 (VIOLATED)
_11335_/S                               7.200000   17.983164  -10.783164 (VIOLATED)
_11592_/A1                              7.200000   17.983171  -10.783171 (VIOLATED)
_11639_/S                               7.200000   17.983181  -10.783182 (VIOLATED)
_11783_/S                               7.200000   17.983160  -10.783160 (VIOLATED)
_11785_/C                               7.200000   17.983171  -10.783171 (VIOLATED)
_11336_/A2                              7.200000   17.983139  -10.783139 (VIOLATED)
_11354_/B                               7.200000   17.983150  -10.783150 (VIOLATED)
_11623_/B                               7.200000   17.983131  -10.783132 (VIOLATED)
_11665_/A1                              7.200000   17.983143  -10.783143 (VIOLATED)
_11351_/S                               7.200000   17.983105  -10.783106 (VIOLATED)
_11451_/S                               7.200000   17.983093  -10.783092 (VIOLATED)
_11631_/A2                              7.200000   17.983097  -10.783096 (VIOLATED)
_11661_/S                               7.200000   17.983091  -10.783092 (VIOLATED)
_11683_/S                               7.200000   17.983101  -10.783100 (VIOLATED)
_11691_/A2                              7.200000   17.983101  -10.783100 (VIOLATED)
_11698_/A1                              7.200000   17.983110  -10.783111 (VIOLATED)
_11699_/A1                              7.200000   17.983114  -10.783114 (VIOLATED)
_11771_/C                               7.200000   17.983084  -10.783084 (VIOLATED)
_11676_/B                               7.200000   17.983068  -10.783068 (VIOLATED)
_11776_/S                               7.200000   17.983072  -10.783072 (VIOLATED)
_11437_/S                               7.200000   17.983055  -10.783055 (VIOLATED)
_11800_/C                               7.200000   17.983057  -10.783057 (VIOLATED)
_11440_/B                               7.200000   17.983032  -10.783032 (VIOLATED)
_11729_/C                               7.200000   17.983009  -10.783010 (VIOLATED)
_11805_/S                               7.200000   17.982996  -10.782997 (VIOLATED)
_11426_/A1                              7.200000   17.982983  -10.782983 (VIOLATED)
_11734_/S                               7.200000   17.982981  -10.782981 (VIOLATED)
_11370_/C                               7.200000   17.982967  -10.782967 (VIOLATED)
_11710_/S                               7.200000   17.982958  -10.782958 (VIOLATED)
_11713_/B                               7.200000   17.982946  -10.782948 (VIOLATED)
_11377_/S                               7.200000   17.982927  -10.782928 (VIOLATED)
_11420_/A2                              7.200000   17.982925  -10.782926 (VIOLATED)
_11757_/C                               7.200000   17.982937  -10.782937 (VIOLATED)
_11755_/S                               7.200000   17.982910  -10.782910 (VIOLATED)
_11421_/A2                              7.200000   17.982864  -10.782864 (VIOLATED)
_11396_/S                               7.200000   17.982767  -10.782768 (VIOLATED)
_11388_/B                               7.200000   17.982708  -10.782707 (VIOLATED)
_11748_/S                               7.200000   17.982712  -10.782713 (VIOLATED)
_11405_/S                               7.200000   17.982689  -10.782690 (VIOLATED)
_11743_/C                               7.200000   17.982578  -10.782578 (VIOLATED)
_11319_/Z                               7.200000   17.982370  -10.782370 (VIOLATED)
_18232_/S                               7.200000   17.945627  -10.745627 (VIOLATED)
_18233_/S                               7.200000   17.945625  -10.745626 (VIOLATED)
_18234_/S                               7.200000   17.945625  -10.745626 (VIOLATED)
_18235_/S                               7.200000   17.945631  -10.745631 (VIOLATED)
_18237_/S                               7.200000   17.945629  -10.745629 (VIOLATED)
_18236_/S                               7.200000   17.945618  -10.745617 (VIOLATED)
_18238_/S                               7.200000   17.945440  -10.745440 (VIOLATED)
_18239_/S                               7.200000   17.945053  -10.745052 (VIOLATED)
_18240_/S                               7.200000   17.944782  -10.744782 (VIOLATED)
_18231_/ZN                              7.200000   17.944328  -10.744328 (VIOLATED)
_18241_/S                               7.200000   17.944328  -10.744328 (VIOLATED)
_18242_/S                               7.200000   17.944328  -10.744328 (VIOLATED)
_18243_/S                               7.200000   17.944328  -10.744328 (VIOLATED)
_18244_/S                               7.200000   17.944328  -10.744328 (VIOLATED)
_18245_/S                               7.200000   17.944328  -10.744328 (VIOLATED)
_18246_/S                               7.200000   17.944328  -10.744328 (VIOLATED)
_18247_/S                               7.200000   17.944328  -10.744328 (VIOLATED)
_12357_/B                               7.200000   17.803078  -10.603079 (VIOLATED)
_12401_/A2                              7.200000   17.803082  -10.603083 (VIOLATED)
_12402_/A1                              7.200000   17.803091  -10.603091 (VIOLATED)
_12321_/A2                              7.200000   17.803034  -10.603034 (VIOLATED)
_12320_/B                               7.200000   17.803024  -10.603024 (VIOLATED)
_11982_/A2                              7.200000   17.802963  -10.602963 (VIOLATED)
_12285_/A2                              7.200000   17.802938  -10.602939 (VIOLATED)
_12334_/A2                              7.200000   17.802942  -10.602942 (VIOLATED)
_12288_/C                               7.200000   17.802916  -10.602916 (VIOLATED)
_12398_/A2                              7.200000   17.802914  -10.602914 (VIOLATED)
_12019_/A2                              7.200000   17.802870  -10.602869 (VIOLATED)
_12332_/C                               7.200000   17.802830  -10.602830 (VIOLATED)
_12263_/A2                              7.200000   17.802816  -10.602816 (VIOLATED)
_12588_/B                               7.200000   17.802822  -10.602823 (VIOLATED)
_12589_/A2                              7.200000   17.802822  -10.602823 (VIOLATED)
_12182_/B                               7.200000   17.802801  -10.602801 (VIOLATED)
_11867_/A2                              7.200000   17.802773  -10.602773 (VIOLATED)
_12246_/B                               7.200000   17.802761  -10.602760 (VIOLATED)
_12155_/B                               7.200000   17.802738  -10.602737 (VIOLATED)
_12003_/C                               7.200000   17.802723  -10.602723 (VIOLATED)
_12159_/A2                              7.200000   17.802719  -10.602720 (VIOLATED)
_12160_/A1                              7.200000   17.802689  -10.602688 (VIOLATED)
_12004_/A2                              7.200000   17.802671  -10.602672 (VIOLATED)
_12206_/B                               7.200000   17.802650  -10.602651 (VIOLATED)
_12208_/B2                              7.200000   17.802652  -10.602653 (VIOLATED)
_12225_/C                               7.200000   17.802614  -10.602615 (VIOLATED)
_12226_/A1                              7.200000   17.802595  -10.602595 (VIOLATED)
_12198_/A1                              7.200000   17.802574  -10.602574 (VIOLATED)
_12133_/A2                              7.200000   17.802511  -10.602512 (VIOLATED)
_12382_/C                               7.200000   17.802513  -10.602514 (VIOLATED)
_12383_/A1                              7.200000   17.802513  -10.602514 (VIOLATED)
_12074_/A2                              7.200000   17.802406  -10.602406 (VIOLATED)
_12422_/B                               7.200000   17.802362  -10.602363 (VIOLATED)
_12527_/A2                              7.200000   17.802372  -10.602372 (VIOLATED)
_12540_/A2                              7.200000   17.802353  -10.602352 (VIOLATED)
_12547_/C                               7.200000   17.802355  -10.602356 (VIOLATED)
_12095_/A2                              7.200000   17.802328  -10.602327 (VIOLATED)
_12506_/B                               7.200000   17.802332  -10.602333 (VIOLATED)
_12507_/A2                              7.200000   17.802330  -10.602331 (VIOLATED)
_12524_/C                               7.200000   17.802322  -10.602322 (VIOLATED)
_12102_/C                               7.200000   17.802311  -10.602311 (VIOLATED)
_12445_/B                               7.200000   17.802284  -10.602284 (VIOLATED)
_12444_/A2                              7.200000   17.802275  -10.602274 (VIOLATED)
_12465_/B                               7.200000   17.802214  -10.602214 (VIOLATED)
_11851_/ZN                              7.200000   17.802111  -10.602111 (VIOLATED)
_11130_/S                               7.200000   16.827957   -9.627956 (VIOLATED)
_11160_/S                               7.200000   16.827957   -9.627956 (VIOLATED)
_11064_/S                               7.200000   16.827934   -9.627935 (VIOLATED)
_11096_/S                               7.200000   16.827932   -9.627934 (VIOLATED)
_11128_/S                               7.200000   16.827940   -9.627940 (VIOLATED)
_11060_/S                               7.200000   16.827894   -9.627894 (VIOLATED)
_11098_/S                               7.200000   16.827894   -9.627894 (VIOLATED)
_11124_/S                               7.200000   16.827885   -9.627886 (VIOLATED)
_11156_/S                               7.200000   16.827875   -9.627874 (VIOLATED)
_11092_/S                               7.200000   16.827862   -9.627862 (VIOLATED)
_11076_/S                               7.200000   16.827803   -9.627802 (VIOLATED)
_11140_/S                               7.200000   16.827662   -9.627662 (VIOLATED)
_11108_/S                               7.200000   16.827534   -9.627534 (VIOLATED)
_11172_/S                               7.200000   16.827515   -9.627514 (VIOLATED)
_11126_/S                               7.200000   16.827456   -9.627456 (VIOLATED)
_11094_/S                               7.200000   16.827442   -9.627443 (VIOLATED)
_11158_/S                               7.200000   16.827374   -9.627374 (VIOLATED)
_11062_/S                               7.200000   16.827322   -9.627322 (VIOLATED)
_11106_/S                               7.200000   16.827131   -9.627132 (VIOLATED)
_11138_/S                               7.200000   16.827009   -9.627009 (VIOLATED)
_11170_/S                               7.200000   16.826908   -9.626908 (VIOLATED)
_11074_/S                               7.200000   16.826809   -9.626809 (VIOLATED)
_11070_/S                               7.200000   16.826670   -9.626671 (VIOLATED)
_11100_/S                               7.200000   16.826668   -9.626669 (VIOLATED)
_11066_/S                               7.200000   16.826637   -9.626637 (VIOLATED)
_11113_/S                               7.200000   16.826633   -9.626633 (VIOLATED)
_11162_/S                               7.200000   16.826641   -9.626642 (VIOLATED)
_11134_/S                               7.200000   16.826612   -9.626612 (VIOLATED)
_11177_/S                               7.200000   16.826616   -9.626617 (VIOLATED)
_11175_/S                               7.200000   16.826607   -9.626606 (VIOLATED)
_11111_/S                               7.200000   16.826593   -9.626594 (VIOLATED)
_11102_/S                               7.200000   16.826584   -9.626583 (VIOLATED)
_11179_/S                               7.200000   16.826584   -9.626583 (VIOLATED)
_11166_/S                               7.200000   16.826572   -9.626573 (VIOLATED)
_11115_/S                               7.200000   16.826521   -9.626521 (VIOLATED)
_11183_/S                               7.200000   16.826479   -9.626478 (VIOLATED)
_11119_/S                               7.200000   16.826435   -9.626436 (VIOLATED)
_11087_/S                               7.200000   16.826406   -9.626408 (VIOLATED)
_11151_/S                               7.200000   16.826410   -9.626411 (VIOLATED)
_11164_/S                               7.200000   16.826406   -9.626406 (VIOLATED)
_11181_/S                               7.200000   16.826401   -9.626400 (VIOLATED)
_11117_/S                               7.200000   16.826334   -9.626335 (VIOLATED)
_11104_/S                               7.200000   16.826298   -9.626297 (VIOLATED)
_11136_/S                               7.200000   16.826296   -9.626296 (VIOLATED)
_11168_/S                               7.200000   16.826300   -9.626299 (VIOLATED)
_11132_/S                               7.200000   16.826242   -9.626243 (VIOLATED)
_11068_/S                               7.200000   16.826199   -9.626198 (VIOLATED)
_11081_/S                               7.200000   16.825975   -9.625976 (VIOLATED)
_11185_/S                               7.200000   16.825977   -9.625978 (VIOLATED)
_11083_/S                               7.200000   16.825842   -9.625843 (VIOLATED)
_11085_/S                               7.200000   16.825766   -9.625766 (VIOLATED)
_11089_/S                               7.200000   16.825552   -9.625551 (VIOLATED)
_11072_/S                               7.200000   16.825439   -9.625440 (VIOLATED)
_11121_/S                               7.200000   16.825434   -9.625434 (VIOLATED)
_11079_/S                               7.200000   16.825310   -9.625310 (VIOLATED)
_11153_/S                               7.200000   16.825207   -9.625207 (VIOLATED)
_11145_/S                               7.200000   16.825146   -9.625146 (VIOLATED)
_11147_/S                               7.200000   16.825150   -9.625150 (VIOLATED)
_11149_/S                               7.200000   16.825144   -9.625145 (VIOLATED)
_11143_/S                               7.200000   16.825058   -9.625057 (VIOLATED)
_11002_/A1                              7.200000   16.824949   -9.624949 (VIOLATED)
_11012_/A1                              7.200000   16.824959   -9.624958 (VIOLATED)
_11031_/A1                              7.200000   16.824959   -9.624958 (VIOLATED)
_11032_/A1                              7.200000   16.824959   -9.624958 (VIOLATED)
_11033_/A2                              7.200000   16.824955   -9.624954 (VIOLATED)
_11034_/A2                              7.200000   16.824959   -9.624958 (VIOLATED)
_11052_/A2                              7.200000   16.824959   -9.624960 (VIOLATED)
_11215_/S                               7.200000   16.824955   -9.624954 (VIOLATED)
_11245_/A2                              7.200000   16.824949   -9.624949 (VIOLATED)
_11194_/S                               7.200000   16.824926   -9.624926 (VIOLATED)
_11198_/S                               7.200000   16.824924   -9.624925 (VIOLATED)
_11211_/S                               7.200000   16.824926   -9.624926 (VIOLATED)
_11236_/S                               7.200000   16.824924   -9.624925 (VIOLATED)
_11241_/S                               7.200000   16.824926   -9.624926 (VIOLATED)
_11244_/S                               7.200000   16.824930   -9.624929 (VIOLATED)
_11214_/S                               7.200000   16.824913   -9.624913 (VIOLATED)
_11223_/S                               7.200000   16.824917   -9.624917 (VIOLATED)
_11229_/S                               7.200000   16.824923   -9.624923 (VIOLATED)
_11219_/S                               7.200000   16.824905   -9.624905 (VIOLATED)
_11190_/S                               7.200000   16.824894   -9.624894 (VIOLATED)
_10989_/Z                               7.200000   16.824823   -9.624823 (VIOLATED)
_11477_/B                               7.200000   16.379509   -9.179510 (VIOLATED)
_11509_/B                               7.200000   16.379519   -9.179519 (VIOLATED)
_11578_/B                               7.200000   16.379522   -9.179523 (VIOLATED)
_11818_/C                               7.200000   16.379505   -9.179504 (VIOLATED)
_11804_/C                               7.200000   16.379475   -9.179474 (VIOLATED)
_11763_/C                               7.200000   16.379436   -9.179437 (VIOLATED)
_11445_/B                               7.200000   16.379368   -9.179368 (VIOLATED)
_11747_/C                               7.200000   16.379377   -9.179377 (VIOLATED)
_11446_/A1                              7.200000   16.379366   -9.179366 (VIOLATED)
_11775_/C                               7.200000   16.379372   -9.179371 (VIOLATED)
_11733_/C                               7.200000   16.379353   -9.179354 (VIOLATED)
_11610_/A1                              7.200000   16.379320   -9.179319 (VIOLATED)
_11615_/A1                              7.200000   16.379320   -9.179319 (VIOLATED)
_11663_/A1                              7.200000   16.379320   -9.179319 (VIOLATED)
_11668_/A1                              7.200000   16.379320   -9.179319 (VIOLATED)
_11694_/C                               7.200000   16.379320   -9.179319 (VIOLATED)
_11347_/A1                              7.200000   16.379305   -9.179306 (VIOLATED)
_11634_/A1                              7.200000   16.379309   -9.179309 (VIOLATED)
_11652_/A1                              7.200000   16.379316   -9.179317 (VIOLATED)
_11704_/A1                              7.200000   16.379318   -9.179318 (VIOLATED)
_11346_/C                               7.200000   16.379290   -9.179290 (VIOLATED)
_11360_/A1                              7.200000   16.379292   -9.179292 (VIOLATED)
_11361_/A1                              7.200000   16.379293   -9.179293 (VIOLATED)
_11651_/C                               7.200000   16.379284   -9.179284 (VIOLATED)
_11313_/ZN                              7.200000   16.379230   -9.179231 (VIOLATED)
_11413_/C                               7.200000   16.379230   -9.179231 (VIOLATED)
_17235_/B1                              7.200000   15.973612   -8.773612 (VIOLATED)
_17243_/B1                              7.200000   15.973611   -8.773610 (VIOLATED)
_17217_/B1                              7.200000   15.973591   -8.773591 (VIOLATED)
_17190_/B1                              7.200000   15.973582   -8.773582 (VIOLATED)
_17198_/B1                              7.200000   15.973587   -8.773587 (VIOLATED)
_17221_/B1                              7.200000   15.973589   -8.773589 (VIOLATED)
_17260_/B1                              7.200000   15.973587   -8.773587 (VIOLATED)
_17257_/B1                              7.200000   15.973559   -8.773559 (VIOLATED)
_17213_/B1                              7.200000   15.973546   -8.773546 (VIOLATED)
_17194_/B1                              7.200000   15.973523   -8.773523 (VIOLATED)
_17283_/B1                              7.200000   15.973531   -8.773531 (VIOLATED)
_17287_/B1                              7.200000   15.973515   -8.773515 (VIOLATED)
_17264_/B1                              7.200000   15.973455   -8.773456 (VIOLATED)
_17302_/B1                              7.200000   15.973286   -8.773286 (VIOLATED)
_17309_/B1                              7.200000   15.973286   -8.773286 (VIOLATED)
_17305_/B1                              7.200000   15.973245   -8.773245 (VIOLATED)
_10289_/B1                              7.200000   15.973187   -8.773188 (VIOLATED)
_17344_/B1                              7.200000   15.973138   -8.773138 (VIOLATED)
_17348_/B1                              7.200000   15.973138   -8.773138 (VIOLATED)
_17352_/B1                              7.200000   15.973138   -8.773138 (VIOLATED)
_17472_/B1                              7.200000   15.973138   -8.773138 (VIOLATED)
_17476_/B1                              7.200000   15.973138   -8.773138 (VIOLATED)
_17480_/B1                              7.200000   15.973138   -8.773138 (VIOLATED)
_17518_/B1                              7.200000   15.973138   -8.773138 (VIOLATED)
_17522_/B1                              7.200000   15.973138   -8.773138 (VIOLATED)
clone6/ZN                               7.200000   15.973138   -8.773138 (VIOLATED)
_17280_/A2                              7.200000   15.941558   -8.741558 (VIOLATED)
_17326_/A2                              7.200000   15.941556   -8.741556 (VIOLATED)
_17493_/B1                              7.200000   15.941558   -8.741558 (VIOLATED)
_17497_/B1                              7.200000   15.941560   -8.741560 (VIOLATED)
_17501_/B1                              7.200000   15.941560   -8.741560 (VIOLATED)
_17514_/B1                              7.200000   15.941560   -8.741560 (VIOLATED)
_17241_/A2                              7.200000   15.941506   -8.741507 (VIOLATED)
_17323_/B1                              7.200000   15.941506   -8.741507 (VIOLATED)
_17330_/B1                              7.200000   15.941506   -8.741507 (VIOLATED)
_17367_/B1                              7.200000   15.941506   -8.741507 (VIOLATED)
_17371_/B1                              7.200000   15.941506   -8.741507 (VIOLATED)
_17375_/B1                              7.200000   15.941506   -8.741507 (VIOLATED)
_17388_/B1                              7.200000   15.941506   -8.741507 (VIOLATED)
_17392_/B1                              7.200000   15.941506   -8.741507 (VIOLATED)
_17396_/B1                              7.200000   15.941506   -8.741507 (VIOLATED)
_17409_/B1                              7.200000   15.941506   -8.741507 (VIOLATED)
_17413_/B1                              7.200000   15.941506   -8.741507 (VIOLATED)
_17417_/B1                              7.200000   15.941506   -8.741507 (VIOLATED)
_17430_/B1                              7.200000   15.941506   -8.741507 (VIOLATED)
_17434_/B1                              7.200000   15.941506   -8.741507 (VIOLATED)
_17438_/B1                              7.200000   15.941506   -8.741507 (VIOLATED)
_17451_/B1                              7.200000   15.941506   -8.741507 (VIOLATED)
_17455_/B1                              7.200000   15.941506   -8.741507 (VIOLATED)
_17459_/B1                              7.200000   15.941506   -8.741507 (VIOLATED)
clone53/ZN                              7.200000   15.941506   -8.741507 (VIOLATED)
_14692_/S                               7.200000   15.888877   -8.688876 (VIOLATED)
_14694_/A2                              7.200000   15.888873   -8.688873 (VIOLATED)
_14708_/B                               7.200000   15.888869   -8.688869 (VIOLATED)
_14709_/A2                              7.200000   15.888873   -8.688873 (VIOLATED)
_14712_/A2                              7.200000   15.888851   -8.688851 (VIOLATED)
_13870_/A1                              7.200000   15.888843   -8.688843 (VIOLATED)
_13871_/A2                              7.200000   15.888828   -8.688828 (VIOLATED)
_14725_/B                               7.200000   15.888818   -8.688818 (VIOLATED)
_13881_/S                               7.200000   15.888793   -8.688793 (VIOLATED)
_13892_/A2                              7.200000   15.888781   -8.688781 (VIOLATED)
_13891_/B                               7.200000   15.888758   -8.688758 (VIOLATED)
_14726_/A2                              7.200000   15.888721   -8.688720 (VIOLATED)
_14746_/S                               7.200000   15.888408   -8.688408 (VIOLATED)
_13914_/A2                              7.200000   15.888308   -8.688308 (VIOLATED)
_13913_/A1                              7.200000   15.888268   -8.688269 (VIOLATED)
_13927_/A2                              7.200000   15.888256   -8.688256 (VIOLATED)
_13928_/A1                              7.200000   15.888260   -8.688260 (VIOLATED)
_13941_/S                               7.200000   15.888178   -8.688178 (VIOLATED)
_14754_/B                               7.200000   15.888083   -8.688083 (VIOLATED)
_14755_/A2                              7.200000   15.888062   -8.688063 (VIOLATED)
_14770_/A2                              7.200000   15.887938   -8.687939 (VIOLATED)
_13956_/S                               7.200000   15.887875   -8.687875 (VIOLATED)
_14778_/A1                              7.200000   15.887809   -8.687809 (VIOLATED)
_14787_/A1                              7.200000   15.887724   -8.687724 (VIOLATED)
_14788_/A2                              7.200000   15.887724   -8.687724 (VIOLATED)
_14798_/A1                              7.200000   15.887615   -8.687615 (VIOLATED)
_14799_/A2                              7.200000   15.887578   -8.687578 (VIOLATED)
_14808_/A2                              7.200000   15.887523   -8.687523 (VIOLATED)
_14827_/A1                              7.200000   15.887446   -8.687447 (VIOLATED)
_13969_/S                               7.200000   15.887395   -8.687395 (VIOLATED)
_14626_/A2                              7.200000   15.887347   -8.687347 (VIOLATED)
_09558_/C                               7.200000   15.887317   -8.687317 (VIOLATED)
_14646_/A1                              7.200000   15.887312   -8.687311 (VIOLATED)
_14647_/A2                              7.200000   15.887310   -8.687310 (VIOLATED)
_14657_/A1                              7.200000   15.887317   -8.687317 (VIOLATED)
_14658_/A2                              7.200000   15.887315   -8.687315 (VIOLATED)
_14666_/A2                              7.200000   15.887319   -8.687319 (VIOLATED)
_14677_/A1                              7.200000   15.887319   -8.687319 (VIOLATED)
_09495_/ZN                              7.200000   15.887259   -8.687260 (VIOLATED)
_14637_/A1                              7.200000   15.887259   -8.687260 (VIOLATED)
_14638_/A2                              7.200000   15.887259   -8.687260 (VIOLATED)
_11520_/A2                              7.200000   15.860646   -8.660646 (VIOLATED)
_11538_/A2                              7.200000   15.860652   -8.660652 (VIOLATED)
_11503_/A2                              7.200000   15.860629   -8.660629 (VIOLATED)
_11556_/A2                              7.200000   15.860634   -8.660634 (VIOLATED)
_11572_/A2                              7.200000   15.860619   -8.660618 (VIOLATED)
_11604_/A2                              7.200000   15.860595   -8.660595 (VIOLATED)
_11831_/A2                              7.200000   15.860599   -8.660599 (VIOLATED)
_11355_/A2                              7.200000   15.860586   -8.660586 (VIOLATED)
_11674_/A2                              7.200000   15.860572   -8.660572 (VIOLATED)
_11456_/A2                              7.200000   15.860553   -8.660553 (VIOLATED)
_11471_/A2                              7.200000   15.860553   -8.660553 (VIOLATED)
_11621_/A2                              7.200000   15.860553   -8.660553 (VIOLATED)
_11715_/A2                              7.200000   15.860554   -8.660554 (VIOLATED)
_11386_/A2                              7.200000   15.860502   -8.660502 (VIOLATED)
_11441_/A2                              7.200000   15.860502   -8.660502 (VIOLATED)
_11444_/B1                              7.200000   15.860502   -8.660502 (VIOLATED)
clone56/ZN                              7.200000   15.860502   -8.660502 (VIOLATED)
_14835_/A2                              7.200000   15.775058   -8.575058 (VIOLATED)
_14381_/A1                              7.200000   15.775049   -8.575049 (VIOLATED)
_14389_/A1                              7.200000   15.775047   -8.575047 (VIOLATED)
_14841_/A2                              7.200000   15.775047   -8.575047 (VIOLATED)
_14845_/A2                              7.200000   15.775030   -8.575029 (VIOLATED)
_14385_/A1                              7.200000   15.774998   -8.574998 (VIOLATED)
_14843_/A2                              7.200000   15.775004   -8.575005 (VIOLATED)
_14373_/A1                              7.200000   15.774953   -8.574953 (VIOLATED)
_14837_/A2                              7.200000   15.774927   -8.574926 (VIOLATED)
_14839_/A2                              7.200000   15.774864   -8.574864 (VIOLATED)
_14377_/A1                              7.200000   15.774774   -8.574774 (VIOLATED)
_09569_/A2                              7.200000   15.773353   -8.573353 (VIOLATED)
_09582_/A2                              7.200000   15.773023   -8.573023 (VIOLATED)
_09575_/A2                              7.200000   15.773010   -8.573010 (VIOLATED)
_18225_/B                               7.200000   15.773000   -8.572999 (VIOLATED)
_09572_/A2                              7.200000   15.772905   -8.572906 (VIOLATED)
_09579_/A2                              7.200000   15.772907   -8.572907 (VIOLATED)
_14369_/A1                              7.200000   15.772475   -8.572475 (VIOLATED)
_14678_/B                               7.200000   15.772191   -8.572191 (VIOLATED)
_14685_/B                               7.200000   15.772018   -8.572019 (VIOLATED)
_14946_/A2                              7.200000   15.772014   -8.572014 (VIOLATED)
_14951_/A2                              7.200000   15.772017   -8.572017 (VIOLATED)
_14856_/S                               7.200000   15.771738   -8.571738 (VIOLATED)
_14847_/A2                              7.200000   15.771580   -8.571580 (VIOLATED)
_14393_/A1                              7.200000   15.771472   -8.571472 (VIOLATED)
_14834_/S                               7.200000   15.771376   -8.571376 (VIOLATED)
_14701_/A2                              7.200000   15.771264   -8.571264 (VIOLATED)
_14963_/A2                              7.200000   15.771258   -8.571259 (VIOLATED)
_14718_/A2                              7.200000   15.771248   -8.571248 (VIOLATED)
_14968_/A2                              7.200000   15.771254   -8.571253 (VIOLATED)
_14649_/A2                              7.200000   15.771237   -8.571238 (VIOLATED)
_14889_/A2                              7.200000   15.771230   -8.571230 (VIOLATED)
_14890_/A1                              7.200000   15.771237   -8.571238 (VIOLATED)
_14902_/A2                              7.200000   15.771182   -8.571182 (VIOLATED)
_14727_/A2                              7.200000   15.771149   -8.571149 (VIOLATED)
_14640_/A2                              7.200000   15.771125   -8.571125 (VIOLATED)
_14710_/A2                              7.200000   15.771054   -8.571054 (VIOLATED)
_14635_/A2                              7.200000   15.771031   -8.571032 (VIOLATED)
_14907_/A2                              7.200000   15.770976   -8.570976 (VIOLATED)
_14911_/S                               7.200000   15.770925   -8.570925 (VIOLATED)
_13928_/C                               7.200000   15.770879   -8.570878 (VIOLATED)
_14888_/S                               7.200000   15.770846   -8.570847 (VIOLATED)
_14914_/S                               7.200000   15.770830   -8.570830 (VIOLATED)
_14887_/S                               7.200000   15.770799   -8.570799 (VIOLATED)
_14978_/A2                              7.200000   15.770782   -8.570783 (VIOLATED)
_14979_/A1                              7.200000   15.770747   -8.570747 (VIOLATED)
_14600_/A2                              7.200000   15.770702   -8.570703 (VIOLATED)
_14767_/A2                              7.200000   15.770706   -8.570706 (VIOLATED)
_13872_/A1                              7.200000   15.770690   -8.570690 (VIOLATED)
_14602_/A2                              7.200000   15.770696   -8.570696 (VIOLATED)
_14604_/A2                              7.200000   15.770694   -8.570694 (VIOLATED)
_14781_/A2                              7.200000   15.770694   -8.570694 (VIOLATED)
_14790_/A2                              7.200000   15.770700   -8.570701 (VIOLATED)
_14606_/A2                              7.200000   15.770685   -8.570684 (VIOLATED)
_14623_/A2                              7.200000   15.770688   -8.570688 (VIOLATED)
_14756_/A2                              7.200000   15.770673   -8.570672 (VIOLATED)
_14801_/A2                              7.200000   15.770667   -8.570667 (VIOLATED)
_14608_/A2                              7.200000   15.770653   -8.570653 (VIOLATED)
_14618_/A2                              7.200000   15.770653   -8.570653 (VIOLATED)
_14922_/A2                              7.200000   15.770657   -8.570657 (VIOLATED)
_14610_/A2                              7.200000   15.770640   -8.570641 (VIOLATED)
_14616_/A2                              7.200000   15.770644   -8.570644 (VIOLATED)
_14984_/A2                              7.200000   15.770640   -8.570641 (VIOLATED)
_15008_/A2                              7.200000   15.770647   -8.570647 (VIOLATED)
_14614_/A2                              7.200000   15.770622   -8.570622 (VIOLATED)
_14830_/A2                              7.200000   15.770628   -8.570628 (VIOLATED)
_14831_/A2                              7.200000   15.770601   -8.570601 (VIOLATED)
_14828_/B                               7.200000   15.770571   -8.570571 (VIOLATED)
_15013_/A2                              7.200000   15.770492   -8.570491 (VIOLATED)
_14779_/B                               7.200000   15.770393   -8.570394 (VIOLATED)
_14819_/B                               7.200000   15.770333   -8.570333 (VIOLATED)
_14885_/S                               7.200000   15.770271   -8.570271 (VIOLATED)
clone1/ZN                               7.200000   15.770086   -8.570086 (VIOLATED)
_17279_/A2                              7.200000   15.414866   -8.214867 (VIOLATED)
_17283_/A2                              7.200000   15.414868   -8.214869 (VIOLATED)
_17235_/A2                              7.200000   15.414852   -8.214852 (VIOLATED)
_17243_/A2                              7.200000   15.414845   -8.214845 (VIOLATED)
_17198_/A2                              7.200000   15.414819   -8.214818 (VIOLATED)
_17190_/A2                              7.200000   15.414799   -8.214799 (VIOLATED)
_17221_/A2                              7.200000   15.414801   -8.214801 (VIOLATED)
_17260_/A2                              7.200000   15.414801   -8.214801 (VIOLATED)
_17257_/A2                              7.200000   15.414781   -8.214781 (VIOLATED)
_17194_/A2                              7.200000   15.414753   -8.214752 (VIOLATED)
_17213_/A2                              7.200000   15.414743   -8.214744 (VIOLATED)
_17264_/A2                              7.200000   15.414726   -8.214726 (VIOLATED)
_17302_/A2                              7.200000   15.414667   -8.214667 (VIOLATED)
_17305_/A2                              7.200000   15.414663   -8.214664 (VIOLATED)
_17309_/A2                              7.200000   15.414667   -8.214667 (VIOLATED)
_17518_/A2                              7.200000   15.414655   -8.214655 (VIOLATED)
_17522_/A2                              7.200000   15.414650   -8.214649 (VIOLATED)
_10289_/A2                              7.200000   15.414630   -8.214630 (VIOLATED)
_10417_/A2                              7.200000   15.414634   -8.214634 (VIOLATED)
_17480_/A2                              7.200000   15.414605   -8.214605 (VIOLATED)
_17344_/A2                              7.200000   15.414550   -8.214550 (VIOLATED)
_17348_/A2                              7.200000   15.414550   -8.214550 (VIOLATED)
_17352_/A2                              7.200000   15.414550   -8.214550 (VIOLATED)
_17476_/A2                              7.200000   15.414550   -8.214550 (VIOLATED)
clone4/ZN                               7.200000   15.414550   -8.214550 (VIOLATED)
_15732_/ZN                              7.200000   14.974452   -7.774452 (VIOLATED)
_15740_/C                               7.200000   14.974452   -7.774452 (VIOLATED)
_15742_/C                               7.200000   14.974452   -7.774452 (VIOLATED)
_15744_/C                               7.200000   14.974452   -7.774452 (VIOLATED)
_15746_/C                               7.200000   14.974452   -7.774452 (VIOLATED)
_15748_/C                               7.200000   14.974452   -7.774452 (VIOLATED)
_15750_/C                               7.200000   14.974452   -7.774452 (VIOLATED)
_15752_/C                               7.200000   14.974452   -7.774452 (VIOLATED)
_15754_/C                               7.200000   14.974452   -7.774452 (VIOLATED)
_15757_/A1                              7.200000   14.974452   -7.774452 (VIOLATED)
_15759_/A1                              7.200000   14.974452   -7.774452 (VIOLATED)
_15762_/C                               7.200000   14.974452   -7.774452 (VIOLATED)
_15771_/A1                              7.200000   14.974452   -7.774452 (VIOLATED)
_15774_/C                               7.200000   14.974452   -7.774452 (VIOLATED)
_15777_/A1                              7.200000   14.974452   -7.774452 (VIOLATED)
_15779_/A1                              7.200000   14.974452   -7.774452 (VIOLATED)
_15806_/A1                              7.200000   14.974452   -7.774452 (VIOLATED)
_15811_/A1                              7.200000   14.974452   -7.774452 (VIOLATED)
_15816_/A1                              7.200000   14.974452   -7.774452 (VIOLATED)
_15818_/A1                              7.200000   14.974452   -7.774452 (VIOLATED)
_15819_/B                               7.200000   14.974452   -7.774452 (VIOLATED)
_17541_/S                               7.200000   14.974452   -7.774452 (VIOLATED)
_11827_/A2                              7.200000   14.933210   -7.733211 (VIOLATED)
_11837_/B                               7.200000   14.933200   -7.733200 (VIOLATED)
_11495_/A2                              7.200000   14.933181   -7.733181 (VIOLATED)
_11561_/B                               7.200000   14.933175   -7.733175 (VIOLATED)
_11576_/B                               7.200000   14.933177   -7.733177 (VIOLATED)
_11552_/A2                              7.200000   14.933159   -7.733159 (VIOLATED)
_11569_/A2                              7.200000   14.933154   -7.733154 (VIOLATED)
_11507_/B                               7.200000   14.933138   -7.733138 (VIOLATED)
_11501_/A2                              7.200000   14.933091   -7.733092 (VIOLATED)
_11516_/A2                              7.200000   14.933083   -7.733083 (VIOLATED)
_11526_/B                               7.200000   14.933084   -7.733085 (VIOLATED)
_11534_/A2                              7.200000   14.933078   -7.733078 (VIOLATED)
_11815_/C                               7.200000   14.933010   -7.733010 (VIOLATED)
_11818_/A1                              7.200000   14.933001   -7.733001 (VIOLATED)
_11820_/A2                              7.200000   14.932992   -7.732992 (VIOLATED)
_11469_/A2                              7.200000   14.932885   -7.732886 (VIOLATED)
_11475_/B                               7.200000   14.932887   -7.732887 (VIOLATED)
_11790_/B                               7.200000   14.932850   -7.732850 (VIOLATED)
_11784_/A2                              7.200000   14.932834   -7.732834 (VIOLATED)
_11452_/A2                              7.200000   14.932818   -7.732818 (VIOLATED)
_11461_/B                               7.200000   14.932821   -7.732822 (VIOLATED)
_11772_/C                               7.200000   14.932823   -7.732823 (VIOLATED)
_11775_/A1                              7.200000   14.932823   -7.732823 (VIOLATED)
_11777_/A2                              7.200000   14.932825   -7.732825 (VIOLATED)
_11801_/C                               7.200000   14.932796   -7.732797 (VIOLATED)
_11804_/A1                              7.200000   14.932794   -7.732793 (VIOLATED)
_11806_/A2                              7.200000   14.932792   -7.732791 (VIOLATED)
_11762_/B                               7.200000   14.932652   -7.732651 (VIOLATED)
_11756_/A2                              7.200000   14.932628   -7.732628 (VIOLATED)
_11763_/A1                              7.200000   14.932633   -7.732634 (VIOLATED)
_11375_/B                               7.200000   14.932525   -7.732525 (VIOLATED)
_11628_/B                               7.200000   14.932532   -7.732532 (VIOLATED)
_11590_/A2                              7.200000   14.932522   -7.732522 (VIOLATED)
_11371_/C                               7.200000   14.932509   -7.732509 (VIOLATED)
_11394_/A1                              7.200000   14.932461   -7.732461 (VIOLATED)
_11395_/A1                              7.200000   14.932468   -7.732468 (VIOLATED)
_11681_/A1                              7.200000   14.932459   -7.732460 (VIOLATED)
_11682_/A1                              7.200000   14.932459   -7.732460 (VIOLATED)
_11684_/A2                              7.200000   14.932461   -7.732461 (VIOLATED)
_11397_/A2                              7.200000   14.932448   -7.732449 (VIOLATED)
_11711_/A2                              7.200000   14.932429   -7.732429 (VIOLATED)
_11730_/C                               7.200000   14.932434   -7.732434 (VIOLATED)
_11733_/A1                              7.200000   14.932434   -7.732434 (VIOLATED)
_11744_/C                               7.200000   14.932442   -7.732441 (VIOLATED)
_11747_/A1                              7.200000   14.932445   -7.732445 (VIOLATED)
_11749_/A2                              7.200000   14.932448   -7.732449 (VIOLATED)
_11735_/A2                              7.200000   14.932432   -7.732433 (VIOLATED)
_11430_/A2                              7.200000   14.932415   -7.732415 (VIOLATED)
_11720_/B                               7.200000   14.932420   -7.732420 (VIOLATED)
_11323_/ZN                              7.200000   14.932337   -7.732337 (VIOLATED)
_11404_/A2                              7.200000   14.932337   -7.732337 (VIOLATED)
_17514_/A2                              7.200000   14.744249   -7.544250 (VIOLATED)
_17287_/A2                              7.200000   14.744230   -7.544230 (VIOLATED)
_17323_/A2                              7.200000   14.744234   -7.544234 (VIOLATED)
_17325_/A2                              7.200000   14.744234   -7.544234 (VIOLATED)
_17330_/A2                              7.200000   14.744226   -7.544227 (VIOLATED)
_17497_/A2                              7.200000   14.744233   -7.544233 (VIOLATED)
_17501_/A2                              7.200000   14.744231   -7.544231 (VIOLATED)
_17493_/A2                              7.200000   14.744224   -7.544223 (VIOLATED)
_17472_/A2                              7.200000   14.744209   -7.544209 (VIOLATED)
_17367_/A2                              7.200000   14.744149   -7.544149 (VIOLATED)
_17371_/A2                              7.200000   14.744149   -7.544149 (VIOLATED)
_17375_/A2                              7.200000   14.744149   -7.544149 (VIOLATED)
_17388_/A2                              7.200000   14.744149   -7.544149 (VIOLATED)
_17392_/A2                              7.200000   14.744149   -7.544149 (VIOLATED)
_17396_/A2                              7.200000   14.744149   -7.544149 (VIOLATED)
_17409_/A2                              7.200000   14.744149   -7.544149 (VIOLATED)
_17413_/A2                              7.200000   14.744149   -7.544149 (VIOLATED)
_17417_/A2                              7.200000   14.744149   -7.544149 (VIOLATED)
_17430_/A2                              7.200000   14.744149   -7.544149 (VIOLATED)
_17434_/A2                              7.200000   14.744149   -7.544149 (VIOLATED)
_17438_/A2                              7.200000   14.744149   -7.544149 (VIOLATED)
_17451_/A2                              7.200000   14.744149   -7.544149 (VIOLATED)
_17455_/A2                              7.200000   14.744149   -7.544149 (VIOLATED)
_17459_/A2                              7.200000   14.744149   -7.544149 (VIOLATED)
clone18/ZN                              7.200000   14.744149   -7.544149 (VIOLATED)
_10173_/B1                              7.200000   14.655624   -7.455625 (VIOLATED)
_10364_/B1                              7.200000   14.655544   -7.455545 (VIOLATED)
_10368_/B1                              7.200000   14.655544   -7.455544 (VIOLATED)
_10372_/B1                              7.200000   14.655534   -7.455534 (VIOLATED)
_10471_/B1                              7.200000   14.655515   -7.455514 (VIOLATED)
_10571_/B1                              7.200000   14.655520   -7.455521 (VIOLATED)
_10575_/B1                              7.200000   14.655521   -7.455522 (VIOLATED)
_10579_/B1                              7.200000   14.655521   -7.455522 (VIOLATED)
_10391_/B1                              7.200000   14.655467   -7.455467 (VIOLATED)
_10395_/B1                              7.200000   14.655467   -7.455467 (VIOLATED)
_10417_/B1                              7.200000   14.655467   -7.455467 (VIOLATED)
_10420_/B1                              7.200000   14.655467   -7.455467 (VIOLATED)
_10424_/B1                              7.200000   14.655467   -7.455467 (VIOLATED)
_10442_/B1                              7.200000   14.655467   -7.455467 (VIOLATED)
_10446_/B1                              7.200000   14.655467   -7.455467 (VIOLATED)
_10449_/B1                              7.200000   14.655467   -7.455467 (VIOLATED)
_10467_/B1                              7.200000   14.655467   -7.455467 (VIOLATED)
_10475_/B1                              7.200000   14.655467   -7.455467 (VIOLATED)
_10493_/B1                              7.200000   14.655467   -7.455467 (VIOLATED)
_10497_/B1                              7.200000   14.655467   -7.455467 (VIOLATED)
_10501_/B1                              7.200000   14.655467   -7.455467 (VIOLATED)
_10519_/B1                              7.200000   14.655467   -7.455467 (VIOLATED)
_10523_/B1                              7.200000   14.655467   -7.455467 (VIOLATED)
_10527_/B1                              7.200000   14.655467   -7.455467 (VIOLATED)
clone16/ZN                              7.200000   14.655467   -7.455467 (VIOLATED)
_14851_/S                               7.200000   14.653474   -7.453474 (VIOLATED)
_12845_/A2                              7.200000   14.653243   -7.453244 (VIOLATED)
_14679_/A2                              7.200000   14.653138   -7.453138 (VIOLATED)
_14686_/A2                              7.200000   14.653141   -7.453141 (VIOLATED)
_14689_/A2                              7.200000   14.653142   -7.453142 (VIOLATED)
_14702_/A1                              7.200000   14.653103   -7.453103 (VIOLATED)
_14719_/A1                              7.200000   14.653103   -7.453103 (VIOLATED)
_14964_/A1                              7.200000   14.653106   -7.453106 (VIOLATED)
_14969_/A1                              7.200000   14.653105   -7.453105 (VIOLATED)
_14903_/A1                              7.200000   14.653082   -7.453082 (VIOLATED)
_14923_/A1                              7.200000   14.653051   -7.453052 (VIOLATED)
_14829_/A2                              7.200000   14.652997   -7.452998 (VIOLATED)
_14908_/A1                              7.200000   14.653003   -7.453003 (VIOLATED)
_13932_/A1                              7.200000   14.652977   -7.452977 (VIOLATED)
_14612_/A2                              7.200000   14.652968   -7.452968 (VIOLATED)
_14820_/A2                              7.200000   14.652969   -7.452969 (VIOLATED)
_14985_/A1                              7.200000   14.652958   -7.452959 (VIOLATED)
_14780_/A2                              7.200000   14.652889   -7.452889 (VIOLATED)
clone5/ZN                               7.200000   14.652889   -7.452889 (VIOLATED)
_11471_/B1                              7.200000   14.262636   -7.062636 (VIOLATED)
_11503_/B1                              7.200000   14.262640   -7.062641 (VIOLATED)
_11572_/B1                              7.200000   14.262642   -7.062642 (VIOLATED)
_11453_/A2                              7.200000   14.262624   -7.062624 (VIOLATED)
_11812_/A2                              7.200000   14.262629   -7.062629 (VIOLATED)
_11798_/A2                              7.200000   14.262613   -7.062614 (VIOLATED)
_11758_/A2                              7.200000   14.262588   -7.062588 (VIOLATED)
_11604_/B1                              7.200000   14.262561   -7.062562 (VIOLATED)
_11593_/B1                              7.200000   14.262554   -7.062554 (VIOLATED)
_11613_/B                               7.200000   14.262561   -7.062561 (VIOLATED)
_11646_/B                               7.200000   14.262559   -7.062559 (VIOLATED)
_11657_/B1                              7.200000   14.262553   -7.062553 (VIOLATED)
_11741_/A2                              7.200000   14.262554   -7.062554 (VIOLATED)
_11368_/A2                              7.200000   14.262499   -7.062499 (VIOLATED)
_11408_/B1                              7.200000   14.262499   -7.062499 (VIOLATED)
_11411_/A2                              7.200000   14.262499   -7.062499 (VIOLATED)
_11712_/A2                              7.200000   14.262499   -7.062499 (VIOLATED)
_11727_/A2                              7.200000   14.262499   -7.062499 (VIOLATED)
clone19/ZN                              7.200000   14.262499   -7.062499 (VIOLATED)
_11487_/A2                              7.200000   13.693682   -6.493681 (VIOLATED)
_11814_/A2                              7.200000   13.693640   -6.493639 (VIOLATED)
_11771_/A2                              7.200000   13.693620   -6.493620 (VIOLATED)
_11785_/A2                              7.200000   13.693620   -6.493620 (VIOLATED)
_11800_/A2                              7.200000   13.693607   -6.493608 (VIOLATED)
_11757_/A2                              7.200000   13.693568   -6.493568 (VIOLATED)
clone37/A1                              7.200000   13.693556   -6.493556 (VIOLATED)
_11729_/A2                              7.200000   13.693524   -6.493524 (VIOLATED)
_11743_/A2                              7.200000   13.693514   -6.493515 (VIOLATED)
_11315_/ZN                              7.200000   13.693450   -6.493451 (VIOLATED)
_11316_/A1                              7.200000   13.693450   -6.493451 (VIOLATED)
_11370_/A2                              7.200000   13.693450   -6.493451 (VIOLATED)
_11408_/A2                              7.200000   13.693450   -6.493451 (VIOLATED)
_11593_/A2                              7.200000   13.693450   -6.493451 (VIOLATED)
_11657_/A2                              7.200000   13.693450   -6.493451 (VIOLATED)
clone19/A2                              7.200000   13.693450   -6.493451 (VIOLATED)
clone33/A2                              7.200000   13.693450   -6.493451 (VIOLATED)
clone35/A2                              7.200000   13.693450   -6.493451 (VIOLATED)
_12581_/A2                              7.200000   13.081832   -5.881832 (VIOLATED)
_12586_/S0                              7.200000   13.081832   -5.881832 (VIOLATED)
_12583_/A2                              7.200000   13.081826   -5.881826 (VIOLATED)
_12265_/A2                              7.200000   13.081811   -5.881811 (VIOLATED)
_12267_/S0                              7.200000   13.081801   -5.881802 (VIOLATED)
_12260_/A2                              7.200000   13.081793   -5.881793 (VIOLATED)
_12155_/A2                              7.200000   13.081772   -5.881772 (VIOLATED)
_12156_/A2                              7.200000   13.081772   -5.881772 (VIOLATED)
_12182_/A2                              7.200000   13.081769   -5.881769 (VIOLATED)
_12151_/S                               7.200000   13.081759   -5.881759 (VIOLATED)
_12153_/S                               7.200000   13.081758   -5.881757 (VIOLATED)
_12200_/S                               7.200000   13.081751   -5.881751 (VIOLATED)
_12183_/A2                              7.200000   13.081743   -5.881743 (VIOLATED)
_12204_/A2                              7.200000   13.081739   -5.881740 (VIOLATED)
_12176_/S                               7.200000   13.081719   -5.881719 (VIOLATED)
_12202_/A2                              7.200000   13.081716   -5.881716 (VIOLATED)
_12178_/A2                              7.200000   13.081697   -5.881697 (VIOLATED)
_12222_/A2                              7.200000   13.081700   -5.881701 (VIOLATED)
_12221_/S0                              7.200000   13.081676   -5.881677 (VIOLATED)
_12246_/A2                              7.200000   13.081678   -5.881679 (VIOLATED)
_12247_/A2                              7.200000   13.081680   -5.881680 (VIOLATED)
_12242_/S                               7.200000   13.081668   -5.881668 (VIOLATED)
_12422_/A2                              7.200000   13.081662   -5.881662 (VIOLATED)
_12423_/A2                              7.200000   13.081661   -5.881661 (VIOLATED)
_12135_/S0                              7.200000   13.081643   -5.881643 (VIOLATED)
_12443_/A2                              7.200000   13.081636   -5.881637 (VIOLATED)
_12197_/S                               7.200000   13.081603   -5.881603 (VIOLATED)
_12462_/A2                              7.200000   13.081591   -5.881590 (VIOLATED)
_12132_/S                               7.200000   13.081577   -5.881577 (VIOLATED)
_12466_/A2                              7.200000   13.081569   -5.881569 (VIOLATED)
_12460_/S                               7.200000   13.081556   -5.881557 (VIOLATED)
_12137_/A2                              7.200000   13.081549   -5.881549 (VIOLATED)
_12465_/A2                              7.200000   13.081541   -5.881541 (VIOLATED)
_12217_/A2                              7.200000   13.081534   -5.881535 (VIOLATED)
_12491_/S                               7.200000   13.081486   -5.881485 (VIOLATED)
_12486_/A2                              7.200000   13.081470   -5.881470 (VIOLATED)
_12489_/S                               7.200000   13.081464   -5.881464 (VIOLATED)
_12490_/S                               7.200000   13.081451   -5.881451 (VIOLATED)
_12114_/S                               7.200000   13.081403   -5.881403 (VIOLATED)
_12503_/A2                              7.200000   13.081406   -5.881406 (VIOLATED)
_12504_/S                               7.200000   13.081403   -5.881403 (VIOLATED)
_12505_/S                               7.200000   13.081400   -5.881401 (VIOLATED)
_12508_/S                               7.200000   13.081404   -5.881404 (VIOLATED)
_12529_/S0                              7.200000   13.081406   -5.881406 (VIOLATED)
_12538_/S                               7.200000   13.081388   -5.881389 (VIOLATED)
_12568_/S                               7.200000   13.081392   -5.881392 (VIOLATED)
_12523_/S                               7.200000   13.081373   -5.881373 (VIOLATED)
_12542_/S0                              7.200000   13.081366   -5.881366 (VIOLATED)
_12545_/A2                              7.200000   13.081369   -5.881369 (VIOLATED)
_12567_/S                               7.200000   13.081363   -5.881363 (VIOLATED)
_12522_/A2                              7.200000   13.081337   -5.881337 (VIOLATED)
_12566_/S                               7.200000   13.081340   -5.881340 (VIOLATED)
_12563_/A2                              7.200000   13.081321   -5.881320 (VIOLATED)
clone76/ZN                              7.200000   13.081253   -5.881253 (VIOLATED)
_11828_/A2                              7.200000   13.052959   -5.852959 (VIOLATED)
_11830_/A2                              7.200000   13.052959   -5.852959 (VIOLATED)
_11455_/A2                              7.200000   13.052935   -5.852934 (VIOLATED)
_11517_/A2                              7.200000   13.052935   -5.852934 (VIOLATED)
_11519_/A2                              7.200000   13.052935   -5.852935 (VIOLATED)
_11553_/A2                              7.200000   13.052935   -5.852934 (VIOLATED)
_11785_/B1                              7.200000   13.052858   -5.852859 (VIOLATED)
_11342_/B                               7.200000   13.052829   -5.852829 (VIOLATED)
_11620_/A2                              7.200000   13.052833   -5.852833 (VIOLATED)
_11623_/A2                              7.200000   13.052832   -5.852832 (VIOLATED)
_11666_/B                               7.200000   13.052835   -5.852835 (VIOLATED)
_11358_/B                               7.200000   13.052817   -5.852817 (VIOLATED)
_11673_/A2                              7.200000   13.052815   -5.852815 (VIOLATED)
_11676_/A2                              7.200000   13.052816   -5.852816 (VIOLATED)
_11385_/A2                              7.200000   13.052771   -5.852771 (VIOLATED)
_11388_/A2                              7.200000   13.052771   -5.852771 (VIOLATED)
_11714_/A2                              7.200000   13.052771   -5.852771 (VIOLATED)
clone33/ZN                              7.200000   13.052771   -5.852771 (VIOLATED)
_18249_/S                               7.200000   12.922414   -5.722414 (VIOLATED)
_18253_/S                               7.200000   12.922407   -5.722408 (VIOLATED)
_18251_/S                               7.200000   12.922401   -5.722402 (VIOLATED)
_18252_/S                               7.200000   12.922379   -5.722379 (VIOLATED)
_18254_/S                               7.200000   12.922358   -5.722358 (VIOLATED)
_18248_/S                               7.200000   12.922340   -5.722340 (VIOLATED)
_18250_/S                               7.200000   12.922338   -5.722338 (VIOLATED)
_18255_/S                               7.200000   12.921309   -5.721309 (VIOLATED)
_18256_/S                               7.200000   12.921272   -5.721272 (VIOLATED)
_18257_/S                               7.200000   12.921231   -5.721231 (VIOLATED)
_18258_/S                               7.200000   12.920932   -5.720932 (VIOLATED)
_10922_/S                               7.200000   12.920751   -5.720751 (VIOLATED)
_10923_/S                               7.200000   12.920548   -5.720549 (VIOLATED)
_10924_/S                               7.200000   12.920421   -5.720421 (VIOLATED)
_10925_/S                               7.200000   12.920195   -5.720195 (VIOLATED)
_10926_/S                               7.200000   12.920099   -5.720099 (VIOLATED)
_10921_/ZN                              7.200000   12.919125   -5.719125 (VIOLATED)
_12717_/S                               7.200000   12.321631   -5.121631 (VIOLATED)
_12686_/A2                              7.200000   12.321621   -5.121621 (VIOLATED)
_12712_/A2                              7.200000   12.321593   -5.121593 (VIOLATED)
_12679_/A2                              7.200000   12.321569   -5.121569 (VIOLATED)
_12768_/S                               7.200000   12.321553   -5.121553 (VIOLATED)
_12695_/A2                              7.200000   12.321544   -5.121543 (VIOLATED)
_12754_/S                               7.200000   12.321542   -5.121542 (VIOLATED)
_12704_/A2                              7.200000   12.321499   -5.121499 (VIOLATED)
_12740_/S                               7.200000   12.321504   -5.121503 (VIOLATED)
_12609_/S                               7.200000   12.321486   -5.121487 (VIOLATED)
_12728_/S                               7.200000   12.321451   -5.121451 (VIOLATED)
_12622_/A2                              7.200000   12.321411   -5.121411 (VIOLATED)
_12672_/S                               7.200000   12.321399   -5.121398 (VIOLATED)
_12748_/A2                              7.200000   12.321372   -5.121372 (VIOLATED)
_12830_/A2                              7.200000   12.321288   -5.121288 (VIOLATED)
_12602_/S                               7.200000   12.321281   -5.121281 (VIOLATED)
_12734_/S                               7.200000   12.321285   -5.121285 (VIOLATED)
_12836_/A2                              7.200000   12.321259   -5.121258 (VIOLATED)
_12665_/A2                              7.200000   12.321217   -5.121216 (VIOLATED)
_12616_/A2                              7.200000   12.321193   -5.121192 (VIOLATED)
_12762_/A2                              7.200000   12.321050   -5.121049 (VIOLATED)
_12822_/A2                              7.200000   12.321025   -5.121025 (VIOLATED)
_12815_/A2                              7.200000   12.320931   -5.120931 (VIOLATED)
_12632_/A2                              7.200000   12.320848   -5.120848 (VIOLATED)
_12776_/A2                              7.200000   12.320807   -5.120808 (VIOLATED)
_12784_/S                               7.200000   12.320812   -5.120812 (VIOLATED)
_12648_/A2                              7.200000   12.320793   -5.120794 (VIOLATED)
_12640_/A2                              7.200000   12.320778   -5.120778 (VIOLATED)
_12798_/S                               7.200000   12.320766   -5.120766 (VIOLATED)
_12657_/S                               7.200000   12.320748   -5.120749 (VIOLATED)
_12805_/A2                              7.200000   12.320750   -5.120750 (VIOLATED)
_12792_/A2                              7.200000   12.320608   -5.120608 (VIOLATED)
_11323_/A2                              7.200000   12.320528   -5.120528 (VIOLATED)
_11310_/ZN                              7.200000   12.320238   -5.120239 (VIOLATED)
_11314_/B                               7.200000   12.320238   -5.120239 (VIOLATED)
_13055_/S                               7.200000   11.981328   -4.781328 (VIOLATED)
_13048_/S                               7.200000   11.981321   -4.781321 (VIOLATED)
_13396_/A1                              7.200000   11.981301   -4.781301 (VIOLATED)
_13401_/B2                              7.200000   11.981302   -4.781302 (VIOLATED)
_13043_/S                               7.200000   11.981274   -4.781274 (VIOLATED)
_13035_/S                               7.200000   11.981243   -4.781243 (VIOLATED)
_13379_/A1                              7.200000   11.981173   -4.781173 (VIOLATED)
_13365_/A1                              7.200000   11.981157   -4.781158 (VIOLATED)
_13360_/B                               7.200000   11.981144   -4.781144 (VIOLATED)
_13030_/S                               7.200000   11.981136   -4.781137 (VIOLATED)
_13021_/S                               7.200000   11.981059   -4.781059 (VIOLATED)
_13254_/A2                              7.200000   11.980914   -4.780914 (VIOLATED)
_13016_/S                               7.200000   11.980444   -4.780444 (VIOLATED)
_13009_/S                               7.200000   11.980320   -4.780320 (VIOLATED)
_13306_/A1                              7.200000   11.980177   -4.780177 (VIOLATED)
_13703_/A1                              7.200000   11.979705   -4.779705 (VIOLATED)
_13158_/S                               7.200000   11.979344   -4.779344 (VIOLATED)
_13151_/S                               7.200000   11.979085   -4.779085 (VIOLATED)
_13146_/S                               7.200000   11.978759   -4.778759 (VIOLATED)
_13138_/S                               7.200000   11.978558   -4.778558 (VIOLATED)
_13002_/S                               7.200000   11.978493   -4.778493 (VIOLATED)
_13673_/A1                              7.200000   11.978467   -4.778468 (VIOLATED)
_13845_/A2                              7.200000   11.978447   -4.778447 (VIOLATED)
_13641_/A1                              7.200000   11.978415   -4.778416 (VIOLATED)
_13133_/S                               7.200000   11.978293   -4.778294 (VIOLATED)
_13124_/S                               7.200000   11.977991   -4.777991 (VIOLATED)
_13603_/A1                              7.200000   11.977685   -4.777685 (VIOLATED)
_13119_/S                               7.200000   11.977670   -4.777670 (VIOLATED)
_13112_/S                               7.200000   11.977379   -4.777379 (VIOLATED)
_13582_/A1                              7.200000   11.977235   -4.777235 (VIOLATED)
_13105_/S                               7.200000   11.976999   -4.776999 (VIOLATED)
_12994_/S                               7.200000   11.976799   -4.776799 (VIOLATED)
_12989_/S                               7.200000   11.976789   -4.776789 (VIOLATED)
_12982_/S                               7.200000   11.976778   -4.776778 (VIOLATED)
_13097_/S                               7.200000   11.976425   -4.776426 (VIOLATED)
_13092_/S                               7.200000   11.976133   -4.776134 (VIOLATED)
_13085_/S                               7.200000   11.975958   -4.775959 (VIOLATED)
_13509_/A1                              7.200000   11.975904   -4.775904 (VIOLATED)
_13078_/S                               7.200000   11.975801   -4.775801 (VIOLATED)
_13491_/A1                              7.200000   11.975801   -4.775801 (VIOLATED)
_13071_/S                               7.200000   11.975658   -4.775658 (VIOLATED)
_12953_/ZN                              7.200000   11.975520   -4.775520 (VIOLATED)
_12956_/A2                              7.200000   11.975520   -4.775520 (VIOLATED)
_12957_/A2                              7.200000   11.975520   -4.775520 (VIOLATED)
_12968_/S                               7.200000   11.975520   -4.775520 (VIOLATED)
_12975_/S                               7.200000   11.975520   -4.775520 (VIOLATED)
_13059_/A2                              7.200000   11.975520   -4.775520 (VIOLATED)
_13060_/A2                              7.200000   11.975520   -4.775520 (VIOLATED)
_13183_/A1                              7.200000   11.975520   -4.775520 (VIOLATED)
_13184_/A1                              7.200000   11.975520   -4.775520 (VIOLATED)
_13200_/A1                              7.200000   11.975520   -4.775520 (VIOLATED)
_13201_/A1                              7.200000   11.975520   -4.775520 (VIOLATED)
_13220_/A1                              7.200000   11.975520   -4.775520 (VIOLATED)
_13221_/A1                              7.200000   11.975520   -4.775520 (VIOLATED)
_13240_/A1                              7.200000   11.975520   -4.775520 (VIOLATED)
_13241_/A1                              7.200000   11.975520   -4.775520 (VIOLATED)
_13453_/A1                              7.200000   11.975520   -4.775520 (VIOLATED)
_12249_/C                               7.200000   11.630873   -4.430873 (VIOLATED)
_12158_/C                               7.200000   11.630868   -4.430868 (VIOLATED)
_12251_/B                               7.200000   11.630871   -4.430871 (VIOLATED)
_12160_/C                               7.200000   11.630865   -4.430866 (VIOLATED)
_12224_/A2                              7.200000   11.630847   -4.430847 (VIOLATED)
_12425_/C                               7.200000   11.630841   -4.430841 (VIOLATED)
_12587_/A1                              7.200000   11.630838   -4.430839 (VIOLATED)
_12266_/B                               7.200000   11.630833   -4.430833 (VIOLATED)
_12268_/A1                              7.200000   11.630835   -4.430834 (VIOLATED)
_12448_/C                               7.200000   11.630835   -4.430834 (VIOLATED)
_12450_/A1                              7.200000   11.630833   -4.430833 (VIOLATED)
_12185_/C                               7.200000   11.630827   -4.430828 (VIOLATED)
_12137_/B                               7.200000   11.630820   -4.430820 (VIOLATED)
_12138_/A2                              7.200000   11.630821   -4.430821 (VIOLATED)
_12187_/B                               7.200000   11.630823   -4.430823 (VIOLATED)
_12120_/B                               7.200000   11.630784   -4.430784 (VIOLATED)
_12468_/C                               7.200000   11.630784   -4.430784 (VIOLATED)
_12470_/B                               7.200000   11.630784   -4.430784 (VIOLATED)
clone31/ZN                              7.200000   11.630784   -4.430784 (VIOLATED)
_11480_/A2                              7.200000   11.606957   -4.406958 (VIOLATED)
_11548_/A2                              7.200000   11.606954   -4.406954 (VIOLATED)
_11512_/A2                              7.200000   11.606943   -4.406943 (VIOLATED)
_11565_/A2                              7.200000   11.606926   -4.406927 (VIOLATED)
_11581_/A2                              7.200000   11.606930   -4.406930 (VIOLATED)
_11530_/A2                              7.200000   11.606922   -4.406922 (VIOLATED)
_11497_/A2                              7.200000   11.606900   -4.406901 (VIOLATED)
_12272_/A1                              7.200000   11.606535   -4.406535 (VIOLATED)
_12214_/A1                              7.200000   11.606467   -4.406467 (VIOLATED)
_12166_/A1                              7.200000   11.606406   -4.406406 (VIOLATED)
_12147_/A1                              7.200000   11.606346   -4.406346 (VIOLATED)
_11841_/A2                              7.200000   11.606250   -4.406250 (VIOLATED)
_11823_/A2                              7.200000   11.606155   -4.406156 (VIOLATED)
_11331_/A2                              7.200000   11.605982   -4.405982 (VIOLATED)
_11384_/A2                              7.200000   11.605982   -4.405982 (VIOLATED)
_11403_/A2                              7.200000   11.605982   -4.405982 (VIOLATED)
_11349_/A2                              7.200000   11.605969   -4.405969 (VIOLATED)
_11654_/A2                              7.200000   11.605953   -4.405953 (VIOLATED)
_11465_/A2                              7.200000   11.605947   -4.405948 (VIOLATED)
_11690_/A2                              7.200000   11.605939   -4.405939 (VIOLATED)
_11364_/A2                              7.200000   11.605933   -4.405933 (VIOLATED)
_11382_/A2                              7.200000   11.605937   -4.405937 (VIOLATED)
_11687_/A2                              7.200000   11.605934   -4.405934 (VIOLATED)
_11656_/A2                              7.200000   11.605930   -4.405930 (VIOLATED)
_11617_/A2                              7.200000   11.605926   -4.405926 (VIOLATED)
_11635_/A2                              7.200000   11.605903   -4.405902 (VIOLATED)
_11588_/A2                              7.200000   11.605879   -4.405879 (VIOLATED)
_12281_/A2                              7.200000   11.605826   -4.405827 (VIOLATED)
_11809_/A2                              7.200000   11.605814   -4.405815 (VIOLATED)
_11848_/A2                              7.200000   11.605751   -4.405751 (VIOLATED)
_11795_/A2                              7.200000   11.605728   -4.405728 (VIOLATED)
_11780_/A2                              7.200000   11.605660   -4.405661 (VIOLATED)
_11766_/A2                              7.200000   11.605619   -4.405620 (VIOLATED)
_11448_/A2                              7.200000   11.605547   -4.405547 (VIOLATED)
_11419_/A2                              7.200000   11.605540   -4.405540 (VIOLATED)
_11752_/A2                              7.200000   11.605434   -4.405434 (VIOLATED)
_11738_/A2                              7.200000   11.605412   -4.405413 (VIOLATED)
_11724_/A2                              7.200000   11.605376   -4.405376 (VIOLATED)
clone14/ZN                              7.200000   11.605258   -4.405258 (VIOLATED)
_11702_/A1                              7.200000   11.559109   -4.359109 (VIOLATED)
_11703_/A2                              7.200000   11.559107   -4.359107 (VIOLATED)
_11667_/A2                              7.200000   11.559101   -4.359101 (VIOLATED)
_11786_/A2                              7.200000   11.559074   -4.359074 (VIOLATED)
_11791_/A2                              7.200000   11.559075   -4.359076 (VIOLATED)
_11343_/A2                              7.200000   11.559070   -4.359070 (VIOLATED)
_11647_/A2                              7.200000   11.559052   -4.359052 (VIOLATED)
_11614_/A2                              7.200000   11.559033   -4.359033 (VIOLATED)
_11769_/A2                              7.200000   11.559034   -4.359034 (VIOLATED)
_11441_/B1                              7.200000   11.559006   -4.359006 (VIOLATED)
_11440_/A2                              7.200000   11.558998   -4.358998 (VIOLATED)
_11443_/A2                              7.200000   11.559001   -4.359001 (VIOLATED)
_11354_/A2                              7.200000   11.558990   -4.358991 (VIOLATED)
_11355_/B1                              7.200000   11.558992   -4.358993 (VIOLATED)
_11359_/A2                              7.200000   11.558977   -4.358977 (VIOLATED)
_11423_/A2                              7.200000   11.558932   -4.358932 (VIOLATED)
_11679_/A2                              7.200000   11.558918   -4.358918 (VIOLATED)
clone35/ZN                              7.200000   11.558851   -4.358851 (VIOLATED)
_17528_/A2                              7.200000   11.406043   -4.206043 (VIOLATED)
_10455_/A2                              7.200000   11.406036   -4.206037 (VIOLATED)
_10533_/A2                              7.200000   11.406040   -4.206040 (VIOLATED)
_10481_/A2                              7.200000   11.406035   -4.206036 (VIOLATED)
_10585_/A2                              7.200000   11.406036   -4.206037 (VIOLATED)
_10559_/A2                              7.200000   11.406019   -4.206020 (VIOLATED)
_10560_/A1                              7.200000   11.406022   -4.206022 (VIOLATED)
_17507_/A2                              7.200000   11.406021   -4.206021 (VIOLATED)
_10430_/A2                              7.200000   11.406008   -4.206008 (VIOLATED)
_10507_/A2                              7.200000   11.405992   -4.205991 (VIOLATED)
_10405_/A2                              7.200000   11.405953   -4.205954 (VIOLATED)
_17486_/A2                              7.200000   11.405934   -4.205935 (VIOLATED)
_17487_/A1                              7.200000   11.405931   -4.205932 (VIOLATED)
_17465_/A2                              7.200000   11.405910   -4.205910 (VIOLATED)
_17444_/A2                              7.200000   11.405873   -4.205873 (VIOLATED)
_17423_/A2                              7.200000   11.405849   -4.205849 (VIOLATED)
_10378_/A2                              7.200000   11.405744   -4.205743 (VIOLATED)
_17402_/A2                              7.200000   11.405705   -4.205705 (VIOLATED)
_17381_/A2                              7.200000   11.405652   -4.205652 (VIOLATED)
_17359_/A2                              7.200000   11.405556   -4.205556 (VIOLATED)
_10306_/A2                              7.200000   11.405488   -4.205488 (VIOLATED)
_10179_/ZN                              7.200000   11.405387   -4.205387 (VIOLATED)
_10225_/A2                              7.200000   11.405387   -4.205387 (VIOLATED)
_10243_/A1                              7.200000   11.405387   -4.205387 (VIOLATED)
_10268_/B                               7.200000   11.405387   -4.205387 (VIOLATED)
_17187_/A2                              7.200000   11.405387   -4.205387 (VIOLATED)
_17205_/A1                              7.200000   11.405387   -4.205387 (VIOLATED)
_17277_/A2                              7.200000   11.405387   -4.205387 (VIOLATED)
_17328_/A1                              7.200000   11.366673   -4.166672 (VIOLATED)
_17285_/A1                              7.200000   11.366666   -4.166666 (VIOLATED)
_10198_/A1                              7.200000   11.366631   -4.166631 (VIOLATED)
_17188_/A1                              7.200000   11.366616   -4.166616 (VIOLATED)
_17258_/A1                              7.200000   11.366619   -4.166619 (VIOLATED)
_17196_/A1                              7.200000   11.366611   -4.166611 (VIOLATED)
_17192_/A1                              7.200000   11.366573   -4.166574 (VIOLATED)
_17262_/A1                              7.200000   11.366515   -4.166515 (VIOLATED)
_17512_/A1                              7.200000   11.366493   -4.166493 (VIOLATED)
_17516_/A1                              7.200000   11.366488   -4.166489 (VIOLATED)
_17520_/A1                              7.200000   11.366479   -4.166479 (VIOLATED)
_10422_/A1                              7.200000   11.366467   -4.166466 (VIOLATED)
_17453_/A1                              7.200000   11.366432   -4.166433 (VIOLATED)
_17495_/A1                              7.200000   11.366426   -4.166426 (VIOLATED)
_17499_/A1                              7.200000   11.366426   -4.166426 (VIOLATED)
_17432_/A1                              7.200000   11.366413   -4.166413 (VIOLATED)
_17449_/A1                              7.200000   11.366414   -4.166414 (VIOLATED)
_17428_/A1                              7.200000   11.366408   -4.166409 (VIOLATED)
_17491_/A1                              7.200000   11.366412   -4.166412 (VIOLATED)
_17436_/A1                              7.200000   11.366400   -4.166400 (VIOLATED)
_17478_/A1                              7.200000   11.366371   -4.166371 (VIOLATED)
_17299_/A1                              7.200000   11.366366   -4.166366 (VIOLATED)
_17471_/A1                              7.200000   11.366363   -4.166362 (VIOLATED)
_17474_/A1                              7.200000   11.366359   -4.166359 (VIOLATED)
_17303_/A1                              7.200000   11.366297   -4.166297 (VIOLATED)
_17415_/A1                              7.200000   11.366276   -4.166276 (VIOLATED)
_17350_/A1                              7.200000   11.366225   -4.166226 (VIOLATED)
_17407_/A1                              7.200000   11.366222   -4.166222 (VIOLATED)
_17346_/A1                              7.200000   11.366189   -4.166189 (VIOLATED)
_10121_/B2                              7.200000   11.366160   -4.166161 (VIOLATED)
_17342_/A1                              7.200000   11.366162   -4.166162 (VIOLATED)
_10601_/A3                              7.200000   11.366151   -4.166151 (VIOLATED)
_17369_/A1                              7.200000   11.366138   -4.166139 (VIOLATED)
_17390_/A1                              7.200000   11.366133   -4.166132 (VIOLATED)
_17365_/A1                              7.200000   11.366118   -4.166118 (VIOLATED)
_17394_/A1                              7.200000   11.366114   -4.166114 (VIOLATED)
_17373_/A1                              7.200000   11.366105   -4.166105 (VIOLATED)
_17386_/A1                              7.200000   11.366086   -4.166086 (VIOLATED)
clone11/ZN                              7.200000   11.366048   -4.166048 (VIOLATED)
_14381_/B                               7.200000   11.244245   -4.044245 (VIOLATED)
_14382_/A2                              7.200000   11.244247   -4.044248 (VIOLATED)
_14389_/B                               7.200000   11.244241   -4.044240 (VIOLATED)
_14390_/A2                              7.200000   11.244233   -4.044233 (VIOLATED)
_14385_/B                               7.200000   11.244224   -4.044224 (VIOLATED)
_14386_/A2                              7.200000   11.244216   -4.044216 (VIOLATED)
_14373_/B                               7.200000   11.244205   -4.044204 (VIOLATED)
_14374_/A2                              7.200000   11.244181   -4.044181 (VIOLATED)
_14377_/B                               7.200000   11.244143   -4.044144 (VIOLATED)
_14378_/A2                              7.200000   11.244127   -4.044128 (VIOLATED)
_14369_/B                               7.200000   11.243699   -4.043699 (VIOLATED)
_14362_/A2                              7.200000   11.243646   -4.043645 (VIOLATED)
_14393_/B                               7.200000   11.243647   -4.043646 (VIOLATED)
_14394_/A2                              7.200000   11.243647   -4.043646 (VIOLATED)
_12946_/ZN                              7.200000   11.243610   -4.043611 (VIOLATED)
_12947_/I                               7.200000   11.243610   -4.043611 (VIOLATED)
_13872_/B                               7.200000   11.243610   -4.043611 (VIOLATED)
_13873_/A2                              7.200000   11.243610   -4.043611 (VIOLATED)
_13896_/A2                              7.200000   11.243610   -4.043611 (VIOLATED)
_13918_/A2                              7.200000   11.243610   -4.043611 (VIOLATED)
_13932_/C                               7.200000   11.243610   -4.043611 (VIOLATED)
_13946_/A2                              7.200000   11.243610   -4.043611 (VIOLATED)
_13961_/A2                              7.200000   11.243610   -4.043611 (VIOLATED)
_14370_/A2                              7.200000   11.243610   -4.043611 (VIOLATED)
_10479_/A1                              7.200000   11.098491   -3.898490 (VIOLATED)
_10505_/C                               7.200000   11.098492   -3.898491 (VIOLATED)
_17526_/C                               7.200000   11.098489   -3.898489 (VIOLATED)
_10583_/C                               7.200000   11.098479   -3.898479 (VIOLATED)
_17527_/A2                              7.200000   11.098460   -3.898460 (VIOLATED)
_10532_/A2                              7.200000   11.098451   -3.898451 (VIOLATED)
_10584_/A2                              7.200000   11.098451   -3.898451 (VIOLATED)
_10454_/A2                              7.200000   11.098412   -3.898412 (VIOLATED)
_10531_/C                               7.200000   11.098412   -3.898412 (VIOLATED)
_10480_/A2                              7.200000   11.098390   -3.898389 (VIOLATED)
_10506_/A2                              7.200000   11.098342   -3.898342 (VIOLATED)
_17505_/C                               7.200000   11.098286   -3.898285 (VIOLATED)
_17506_/A2                              7.200000   11.098269   -3.898268 (VIOLATED)
_10429_/A2                              7.200000   11.098233   -3.898233 (VIOLATED)
_10404_/A2                              7.200000   11.098228   -3.898228 (VIOLATED)
_10403_/C                               7.200000   11.098175   -3.898175 (VIOLATED)
_17464_/A2                              7.200000   11.098040   -3.898039 (VIOLATED)
_17463_/C                               7.200000   11.097993   -3.897993 (VIOLATED)
_17442_/C                               7.200000   11.097968   -3.897968 (VIOLATED)
_17443_/A2                              7.200000   11.097906   -3.897906 (VIOLATED)
_17422_/A2                              7.200000   11.097832   -3.897831 (VIOLATED)
_17421_/C                               7.200000   11.097824   -3.897824 (VIOLATED)
_10376_/C                               7.200000   11.097510   -3.897510 (VIOLATED)
_10377_/A2                              7.200000   11.097456   -3.897456 (VIOLATED)
_17400_/C                               7.200000   11.097283   -3.897284 (VIOLATED)
_17401_/A2                              7.200000   11.097279   -3.897279 (VIOLATED)
_17379_/C                               7.200000   11.097129   -3.897129 (VIOLATED)
_17380_/A2                              7.200000   11.097110   -3.897110 (VIOLATED)
_17358_/A2                              7.200000   11.096917   -3.896918 (VIOLATED)
_10321_/C                               7.200000   11.096773   -3.896773 (VIOLATED)
_10322_/A2                              7.200000   11.096753   -3.896753 (VIOLATED)
_10292_/B                               7.200000   11.096613   -3.896613 (VIOLATED)
_17268_/B                               7.200000   11.096544   -3.896544 (VIOLATED)
_10347_/B                               7.200000   11.096520   -3.896521 (VIOLATED)
_17312_/B                               7.200000   11.096488   -3.896488 (VIOLATED)
_10177_/ZN                              7.200000   11.096438   -3.896439 (VIOLATED)
_10178_/C                               7.200000   11.096438   -3.896439 (VIOLATED)
_10210_/B                               7.200000   11.096438   -3.896439 (VIOLATED)
_10242_/A2                              7.200000   11.096438   -3.896439 (VIOLATED)
_17204_/A2                              7.200000   11.096438   -3.896439 (VIOLATED)
_17225_/C                               7.200000   11.096438   -3.896439 (VIOLATED)
_17226_/A2                              7.200000   11.096438   -3.896439 (VIOLATED)
_17247_/B                               7.200000   11.096438   -3.896439 (VIOLATED)
_17291_/A1                              7.200000   11.096438   -3.896439 (VIOLATED)
_17292_/A2                              7.200000   11.096438   -3.896439 (VIOLATED)
_13419_/B2                              7.200000   11.090952   -3.890952 (VIOLATED)
_13414_/A1                              7.200000   11.090944   -3.890944 (VIOLATED)
_13427_/A1                              7.200000   11.090937   -3.890937 (VIOLATED)
_13430_/A1                              7.200000   11.090919   -3.890920 (VIOLATED)
_13385_/A1                              7.200000   11.090786   -3.890786 (VIOLATED)
_13348_/B2                              7.200000   11.090694   -3.890694 (VIOLATED)
_13342_/A1                              7.200000   11.090687   -3.890687 (VIOLATED)
_13329_/A1                              7.200000   11.090384   -3.890384 (VIOLATED)
_13324_/A1                              7.200000   11.090206   -3.890207 (VIOLATED)
_13312_/A1                              7.200000   11.089986   -3.889986 (VIOLATED)
_13706_/A1                              7.200000   11.089485   -3.889485 (VIOLATED)
_13696_/A1                              7.200000   11.089456   -3.889456 (VIOLATED)
_13679_/A1                              7.200000   11.089385   -3.889385 (VIOLATED)
_13290_/A1                              7.200000   11.089302   -3.889302 (VIOLATED)
_13295_/A1                              7.200000   11.089297   -3.889297 (VIOLATED)
_13690_/A1                              7.200000   11.089293   -3.889293 (VIOLATED)
_13664_/A1                              7.200000   11.089199   -3.889199 (VIOLATED)
_13658_/A1                              7.200000   11.088882   -3.888882 (VIOLATED)
_13646_/A1                              7.200000   11.088531   -3.888531 (VIOLATED)
_13621_/A1                              7.200000   11.088112   -3.888112 (VIOLATED)
_13628_/A1                              7.200000   11.088114   -3.888114 (VIOLATED)
_13607_/A1                              7.200000   11.087795   -3.887795 (VIOLATED)
_13589_/A1                              7.200000   11.087441   -3.887442 (VIOLATED)
_13568_/A1                              7.200000   11.086864   -3.886864 (VIOLATED)
_13259_/A1                              7.200000   11.086841   -3.886840 (VIOLATED)
_13272_/A1                              7.200000   11.086834   -3.886834 (VIOLATED)
_13277_/B2                              7.200000   11.086836   -3.886836 (VIOLATED)
_13252_/A1                              7.200000   11.086827   -3.886827 (VIOLATED)
_13562_/A1                              7.200000   11.086750   -3.886751 (VIOLATED)
_13550_/A1                              7.200000   11.086408   -3.886408 (VIOLATED)
_13544_/A1                              7.200000   11.086298   -3.886298 (VIOLATED)
_13527_/A1                              7.200000   11.085967   -3.885967 (VIOLATED)
_13522_/A1                              7.200000   11.085936   -3.885936 (VIOLATED)
_13503_/A1                              7.200000   11.085766   -3.885766 (VIOLATED)
_13480_/A1                              7.200000   11.085634   -3.885634 (VIOLATED)
_13474_/A1                              7.200000   11.085599   -3.885599 (VIOLATED)
_13475_/A1                              7.200000   11.085599   -3.885599 (VIOLATED)
_13448_/A1                              7.200000   11.085477   -3.885477 (VIOLATED)
_13432_/A2                              7.200000   11.085457   -3.885457 (VIOLATED)
_12954_/ZN                              7.200000   11.085413   -3.885413 (VIOLATED)
_13161_/A2                              7.200000   11.085413   -3.885413 (VIOLATED)
_10173_/A2                              7.200000   10.755966   -3.555966 (VIOLATED)
_10368_/A2                              7.200000   10.755901   -3.555902 (VIOLATED)
_10372_/A2                              7.200000   10.755889   -3.555889 (VIOLATED)
_10571_/A2                              7.200000   10.755869   -3.555869 (VIOLATED)
_10575_/A2                              7.200000   10.755869   -3.555869 (VIOLATED)
_10442_/A2                              7.200000   10.755859   -3.555860 (VIOLATED)
_10579_/A2                              7.200000   10.755863   -3.555863 (VIOLATED)
_10449_/A2                              7.200000   10.755857   -3.555857 (VIOLATED)
_10395_/A2                              7.200000   10.755850   -3.555850 (VIOLATED)
_10497_/A2                              7.200000   10.755836   -3.555836 (VIOLATED)
_10420_/A2                              7.200000   10.755788   -3.555788 (VIOLATED)
_10424_/A2                              7.200000   10.755788   -3.555788 (VIOLATED)
clone7/ZN                               7.200000   10.755788   -3.555788 (VIOLATED)
_10200_/B1                              7.200000   10.694841   -3.494842 (VIOLATED)
_10255_/B1                              7.200000   10.694833   -3.494833 (VIOLATED)
_10335_/B1                              7.200000   10.694799   -3.494799 (VIOLATED)
_10339_/B1                              7.200000   10.694797   -3.494797 (VIOLATED)
_10343_/B1                              7.200000   10.694799   -3.494799 (VIOLATED)
_10313_/B1                              7.200000   10.694789   -3.494789 (VIOLATED)
_10550_/B1                              7.200000   10.694790   -3.494790 (VIOLATED)
_10554_/B1                              7.200000   10.694793   -3.494793 (VIOLATED)
_10546_/B1                              7.200000   10.694785   -3.494785 (VIOLATED)
_10309_/B1                              7.200000   10.694747   -3.494747 (VIOLATED)
_10317_/B1                              7.200000   10.694747   -3.494747 (VIOLATED)
_10399_/B1                              7.200000   10.694747   -3.494747 (VIOLATED)
clone40/ZN                              7.200000   10.694747   -3.494747 (VIOLATED)
_12897_/A1                              7.200000   10.682841   -3.482842 (VIOLATED)
_12898_/A1                              7.200000   10.682841   -3.482842 (VIOLATED)
_12875_/S                               7.200000   10.682836   -3.482836 (VIOLATED)
_12927_/A1                              7.200000   10.682838   -3.482838 (VIOLATED)
_12936_/S                               7.200000   10.682840   -3.482841 (VIOLATED)
_12928_/A1                              7.200000   10.682834   -3.482834 (VIOLATED)
_12900_/A1                              7.200000   10.682826   -3.482826 (VIOLATED)
_12902_/A1                              7.200000   10.682828   -3.482828 (VIOLATED)
_11908_/A2                              7.200000   10.682822   -3.482822 (VIOLATED)
_12940_/S                               7.200000   10.682823   -3.482823 (VIOLATED)
_12904_/A2                              7.200000   10.682817   -3.482817 (VIOLATED)
_12890_/S                               7.200000   10.682808   -3.482808 (VIOLATED)
_12931_/S                               7.200000   10.682809   -3.482809 (VIOLATED)
_11957_/S                               7.200000   10.682798   -3.482798 (VIOLATED)
_12850_/A1                              7.200000   10.682800   -3.482800 (VIOLATED)
_12848_/B                               7.200000   10.682787   -3.482787 (VIOLATED)
_12857_/A1                              7.200000   10.682780   -3.482780 (VIOLATED)
_11907_/ZN                              7.200000   10.682746   -3.482746 (VIOLATED)
_11941_/S                               7.200000   10.682746   -3.482746 (VIOLATED)
_11973_/S                               7.200000   10.682746   -3.482746 (VIOLATED)
_12856_/B                               7.200000   10.682746   -3.482746 (VIOLATED)
_12866_/C                               7.200000   10.682746   -3.482746 (VIOLATED)
_12867_/A1                              7.200000   10.682746   -3.482746 (VIOLATED)
_10554_/A2                              7.200000   10.662531   -3.462531 (VIOLATED)
_10550_/A2                              7.200000   10.662526   -3.462526 (VIOLATED)
_10546_/A2                              7.200000   10.662513   -3.462513 (VIOLATED)
_10399_/A2                              7.200000   10.662441   -3.462441 (VIOLATED)
_10391_/A2                              7.200000   10.662428   -3.462428 (VIOLATED)
_10207_/A2                              7.200000   10.662413   -3.462413 (VIOLATED)
_10066_/A2                              7.200000   10.662407   -3.462407 (VIOLATED)
_10255_/A2                              7.200000   10.662405   -3.462406 (VIOLATED)
_10343_/A2                              7.200000   10.662377   -3.462377 (VIOLATED)
_10313_/A2                              7.200000   10.662370   -3.462370 (VIOLATED)
_10317_/A2                              7.200000   10.662360   -3.462360 (VIOLATED)
_10309_/A2                              7.200000   10.662326   -3.462326 (VIOLATED)
clone36/ZN                              7.200000   10.662326   -3.462326 (VIOLATED)
_15784_/S                               7.200000   10.661448   -3.461449 (VIOLATED)
_15785_/S                               7.200000   10.661447   -3.461446 (VIOLATED)
_15793_/S                               7.200000   10.661443   -3.461443 (VIOLATED)
_15787_/S                               7.200000   10.661430   -3.461430 (VIOLATED)
_15795_/S                               7.200000   10.661433   -3.461433 (VIOLATED)
_15791_/S                               7.200000   10.661413   -3.461413 (VIOLATED)
_15786_/S                               7.200000   10.661391   -3.461391 (VIOLATED)
_15794_/S                               7.200000   10.661387   -3.461388 (VIOLATED)
_15789_/S                               7.200000   10.661373   -3.461374 (VIOLATED)
_15792_/S                               7.200000   10.661375   -3.461375 (VIOLATED)
_15788_/S                               7.200000   10.661368   -3.461368 (VIOLATED)
_15790_/S                               7.200000   10.661321   -3.461321 (VIOLATED)
_15780_/S                               7.200000   10.661261   -3.461261 (VIOLATED)
_15778_/B                               7.200000   10.661176   -3.461175 (VIOLATED)
_15781_/S                               7.200000   10.661152   -3.461152 (VIOLATED)
_15798_/S                               7.200000   10.661131   -3.461131 (VIOLATED)
_15797_/S                               7.200000   10.661112   -3.461112 (VIOLATED)
_10599_/ZN                              7.200000   10.661074   -3.461073 (VIOLATED)
_10600_/A3                              7.200000   10.661074   -3.461073 (VIOLATED)
_15730_/A1                              7.200000   10.661074   -3.461073 (VIOLATED)
_15782_/S                               7.200000   10.661074   -3.461073 (VIOLATED)
_15783_/S                               7.200000   10.661074   -3.461073 (VIOLATED)
_15796_/S                               7.200000   10.661074   -3.461073 (VIOLATED)
_15799_/S                               7.200000   10.661074   -3.461073 (VIOLATED)
_15800_/S                               7.200000   10.661074   -3.461073 (VIOLATED)
_15801_/S                               7.200000   10.661074   -3.461073 (VIOLATED)
_12584_/A1                              7.200000   10.490891   -3.290890 (VIOLATED)
_12585_/A2                              7.200000   10.490889   -3.290889 (VIOLATED)
_12586_/S1                              7.200000   10.490858   -3.290858 (VIOLATED)
_12265_/B                               7.200000   10.490772   -3.290772 (VIOLATED)
_12267_/S1                              7.200000   10.490765   -3.290765 (VIOLATED)
_12262_/A2                              7.200000   10.490669   -3.290669 (VIOLATED)
_12261_/A1                              7.200000   10.490612   -3.290612 (VIOLATED)
_12180_/A1                              7.200000   10.490513   -3.290513 (VIOLATED)
_12181_/A2                              7.200000   10.490492   -3.290493 (VIOLATED)
_12186_/A1                              7.200000   10.490401   -3.290402 (VIOLATED)
_12187_/A2                              7.200000   10.490386   -3.290386 (VIOLATED)
_12184_/B                               7.200000   10.490211   -3.290212 (VIOLATED)
_12157_/B                               7.200000   10.490040   -3.290040 (VIOLATED)
_12250_/C                               7.200000   10.490026   -3.290025 (VIOLATED)
_12251_/A2                              7.200000   10.490024   -3.290024 (VIOLATED)
_12248_/B                               7.200000   10.489975   -3.289975 (VIOLATED)
_12245_/S                               7.200000   10.489768   -3.289768 (VIOLATED)
_12154_/S                               7.200000   10.489691   -3.289691 (VIOLATED)
_12199_/A2                              7.200000   10.489510   -3.289510 (VIOLATED)
_12220_/A2                              7.200000   10.489245   -3.289245 (VIOLATED)
_12219_/B                               7.200000   10.489131   -3.289131 (VIOLATED)
_12134_/A1                              7.200000   10.488860   -3.288860 (VIOLATED)
_12138_/C                               7.200000   10.488861   -3.288861 (VIOLATED)
_12139_/A1                              7.200000   10.488853   -3.288853 (VIOLATED)
_12569_/S0                              7.200000   10.488658   -3.288658 (VIOLATED)
_12397_/A1                              7.200000   10.488393   -3.288393 (VIOLATED)
_12356_/S                               7.200000   10.488383   -3.288383 (VIOLATED)
_12403_/S1                              7.200000   10.488375   -3.288375 (VIOLATED)
_12359_/B                               7.200000   10.488338   -3.288338 (VIOLATED)
_12361_/A1                              7.200000   10.488339   -3.288339 (VIOLATED)
_12362_/A2                              7.200000   10.488341   -3.288341 (VIOLATED)
_12564_/A1                              7.200000   10.488295   -3.288295 (VIOLATED)
_12322_/S1                              7.200000   10.488197   -3.288197 (VIOLATED)
_12317_/A1                              7.200000   10.488143   -3.288143 (VIOLATED)
_12318_/A2                              7.200000   10.488101   -3.288101 (VIOLATED)
_12018_/A1                              7.200000   10.487987   -3.287987 (VIOLATED)
_12024_/A1                              7.200000   10.487973   -3.287974 (VIOLATED)
_11987_/A1                              7.200000   10.487955   -3.287955 (VIOLATED)
_12023_/C                               7.200000   10.487956   -3.287956 (VIOLATED)
_12565_/A2                              7.200000   10.487947   -3.287947 (VIOLATED)
_11981_/A1                              7.200000   10.487906   -3.287906 (VIOLATED)
_11986_/C                               7.200000   10.487868   -3.287869 (VIOLATED)
_12283_/S1                              7.200000   10.487700   -3.287700 (VIOLATED)
_12115_/S                               7.200000   10.487651   -3.287651 (VIOLATED)
_12119_/C                               7.200000   10.487647   -3.287647 (VIOLATED)
_12120_/A2                              7.200000   10.487646   -3.287646 (VIOLATED)
_12116_/S1                              7.200000   10.487616   -3.287616 (VIOLATED)
_12289_/A2                              7.200000   10.487528   -3.287528 (VIOLATED)
_12333_/A2                              7.200000   10.487468   -3.287468 (VIOLATED)
_12338_/S1                              7.200000   10.487468   -3.287468 (VIOLATED)
_12286_/A1                              7.200000   10.487426   -3.287426 (VIOLATED)
_12336_/B                               7.200000   10.487258   -3.287258 (VIOLATED)
_12543_/A1                              7.200000   10.487226   -3.287227 (VIOLATED)
_12529_/S1                              7.200000   10.487209   -3.287210 (VIOLATED)
_12528_/A1                              7.200000   10.487205   -3.287204 (VIOLATED)
_12525_/A2                              7.200000   10.487166   -3.287166 (VIOLATED)
_12302_/S1                              7.200000   10.487103   -3.287103 (VIOLATED)
_11869_/B                               7.200000   10.487051   -3.287051 (VIOLATED)
_12539_/A1                              7.200000   10.486987   -3.286987 (VIOLATED)
_11871_/S1                              7.200000   10.486960   -3.286960 (VIOLATED)
_12300_/S                               7.200000   10.486681   -3.286681 (VIOLATED)
_11866_/A2                              7.200000   10.486511   -3.286512 (VIOLATED)
_11865_/A1                              7.200000   10.486474   -3.286474 (VIOLATED)
_12487_/A1                              7.200000   10.486452   -3.286452 (VIOLATED)
_12000_/S1                              7.200000   10.486225   -3.286226 (VIOLATED)
_12488_/A2                              7.200000   10.486161   -3.286162 (VIOLATED)
_12492_/S1                              7.200000   10.486099   -3.286099 (VIOLATED)
_12005_/S                               7.200000   10.485970   -3.285970 (VIOLATED)
_12377_/A2                              7.200000   10.485770   -3.285770 (VIOLATED)
_12376_/B                               7.200000   10.485521   -3.285521 (VIOLATED)
_12464_/S                               7.200000   10.485482   -3.285482 (VIOLATED)
_12467_/B                               7.200000   10.485336   -3.285336 (VIOLATED)
_12509_/S1                              7.200000   10.485145   -3.285145 (VIOLATED)
_12470_/A2                              7.200000   10.485137   -3.285137 (VIOLATED)
_12094_/A1                              7.200000   10.485127   -3.285128 (VIOLATED)
_12098_/A1                              7.200000   10.485106   -3.285106 (VIOLATED)
_12449_/S                               7.200000   10.485091   -3.285091 (VIOLATED)
_12447_/B                               7.200000   10.485070   -3.285070 (VIOLATED)
_12443_/C                               7.200000   10.485042   -3.285042 (VIOLATED)
_12469_/A1                              7.200000   10.485040   -3.285040 (VIOLATED)
_12421_/S                               7.200000   10.484999   -3.284999 (VIOLATED)
_12426_/C                               7.200000   10.484960   -3.284960 (VIOLATED)
_12040_/S                               7.200000   10.484948   -3.284948 (VIOLATED)
_12427_/A2                              7.200000   10.484942   -3.284942 (VIOLATED)
_12424_/B                               7.200000   10.484931   -3.284931 (VIOLATED)
_12076_/A1                              7.200000   10.484863   -3.284863 (VIOLATED)
_12077_/A2                              7.200000   10.484863   -3.284863 (VIOLATED)
_12039_/S1                              7.200000   10.484859   -3.284859 (VIOLATED)
_12078_/S1                              7.200000   10.484859   -3.284859 (VIOLATED)
_12073_/A1                              7.200000   10.484853   -3.284853 (VIOLATED)
_12058_/S                               7.200000   10.484737   -3.284737 (VIOLATED)
_12057_/S0                              7.200000   10.484664   -3.284664 (VIOLATED)
_11852_/ZN                              7.200000   10.484444   -3.284444 (VIOLATED)
_10551_/A1                              7.200000   10.345128   -3.145128 (VIOLATED)
_10555_/A1                              7.200000   10.345072   -3.145072 (VIOLATED)
_10445_/C                               7.200000   10.344945   -3.144945 (VIOLATED)
_10443_/A1                              7.200000   10.344786   -3.144786 (VIOLATED)
_10450_/A1                              7.200000   10.344686   -3.144686 (VIOLATED)
_10494_/A1                              7.200000   10.344430   -3.144430 (VIOLATED)
_10502_/A1                              7.200000   10.344281   -3.144281 (VIOLATED)
_10520_/A1                              7.200000   10.343969   -3.143970 (VIOLATED)
_10425_/A1                              7.200000   10.343945   -3.143945 (VIOLATED)
_10524_/A1                              7.200000   10.343946   -3.143946 (VIOLATED)
_10421_/A1                              7.200000   10.343933   -3.143933 (VIOLATED)
_10416_/C                               7.200000   10.343818   -3.143818 (VIOLATED)
_17523_/A1                              7.200000   10.343136   -3.143136 (VIOLATED)
_17519_/A1                              7.200000   10.343047   -3.143047 (VIOLATED)
_17515_/A1                              7.200000   10.342919   -3.142920 (VIOLATED)
_10528_/A1                              7.200000   10.342776   -3.142777 (VIOLATED)
_10576_/A1                              7.200000   10.342620   -3.142620 (VIOLATED)
_10572_/A1                              7.200000   10.342446   -3.142446 (VIOLATED)
_10580_/A1                              7.200000   10.342336   -3.142335 (VIOLATED)
_10498_/A1                              7.200000   10.342256   -3.142256 (VIOLATED)
_10547_/A1                              7.200000   10.342080   -3.142081 (VIOLATED)
_10472_/A1                              7.200000   10.341975   -3.141976 (VIOLATED)
_10476_/A1                              7.200000   10.341607   -3.141607 (VIOLATED)
_10468_/A1                              7.200000   10.341574   -3.141574 (VIOLATED)
_17498_/A1                              7.200000   10.341482   -3.141482 (VIOLATED)
_17502_/A1                              7.200000   10.340433   -3.140433 (VIOLATED)
_17494_/A1                              7.200000   10.339137   -3.139137 (VIOLATED)
_10400_/A1                              7.200000   10.337163   -3.137163 (VIOLATED)
_10392_/A1                              7.200000   10.337119   -3.137119 (VIOLATED)
_17473_/A1                              7.200000   10.335329   -3.135329 (VIOLATED)
_17481_/A1                              7.200000   10.334780   -3.134780 (VIOLATED)
_17456_/A1                              7.200000   10.334492   -3.134492 (VIOLATED)
_17452_/A1                              7.200000   10.334420   -3.134420 (VIOLATED)
_17477_/A1                              7.200000   10.333225   -3.133225 (VIOLATED)
_17410_/A1                              7.200000   10.331571   -3.131571 (VIOLATED)
_17418_/A1                              7.200000   10.330894   -3.130894 (VIOLATED)
_17393_/A1                              7.200000   10.327800   -3.127800 (VIOLATED)
_17397_/A1                              7.200000   10.326721   -3.126721 (VIOLATED)
_10396_/A1                              7.200000   10.323398   -3.123398 (VIOLATED)
_17435_/A1                              7.200000   10.323334   -3.123334 (VIOLATED)
_17439_/A1                              7.200000   10.323286   -3.123287 (VIOLATED)
_17431_/A1                              7.200000   10.323127   -3.123127 (VIOLATED)
_10373_/A1                              7.200000   10.322927   -3.122928 (VIOLATED)
_10365_/A1                              7.200000   10.322732   -3.122732 (VIOLATED)
_10369_/A1                              7.200000   10.322458   -3.122458 (VIOLATED)
_17368_/A1                              7.200000   10.322206   -3.122206 (VIOLATED)
_17376_/A1                              7.200000   10.320793   -3.120794 (VIOLATED)
_17372_/A1                              7.200000   10.319364   -3.119364 (VIOLATED)
_17345_/A1                              7.200000   10.318210   -3.118210 (VIOLATED)
_17349_/A1                              7.200000   10.316640   -3.116640 (VIOLATED)
_17353_/A1                              7.200000   10.314265   -3.114265 (VIOLATED)
_10310_/A1                              7.200000   10.313256   -3.113256 (VIOLATED)
_10318_/A1                              7.200000   10.313205   -3.113205 (VIOLATED)
_10314_/A1                              7.200000   10.313123   -3.113123 (VIOLATED)
_10340_/A1                              7.200000   10.311727   -3.111727 (VIOLATED)
_10287_/A1                              7.200000   10.310049   -3.110049 (VIOLATED)
_10283_/A1                              7.200000   10.310020   -3.110021 (VIOLATED)
_10344_/A1                              7.200000   10.309048   -3.109048 (VIOLATED)
_10336_/A1                              7.200000   10.307495   -3.107495 (VIOLATED)
_17306_/A1                              7.200000   10.305224   -3.105225 (VIOLATED)
_17301_/B                               7.200000   10.304323   -3.104323 (VIOLATED)
_10238_/A1                              7.200000   10.301308   -3.101308 (VIOLATED)
_10234_/A1                              7.200000   10.299767   -3.099767 (VIOLATED)
_10229_/A1                              7.200000   10.297688   -3.097687 (VIOLATED)
_17222_/A1                              7.200000   10.296271   -3.096272 (VIOLATED)
_17218_/A1                              7.200000   10.296262   -3.096262 (VIOLATED)
_10171_/A1                              7.200000   10.296222   -3.096222 (VIOLATED)
_10161_/A1                              7.200000   10.296144   -3.096145 (VIOLATED)
_17214_/A1                              7.200000   10.296079   -3.096079 (VIOLATED)
_17265_/A1                              7.200000   10.293872   -3.093872 (VIOLATED)
_17261_/A1                              7.200000   10.293050   -3.093050 (VIOLATED)
_10206_/C                               7.200000   10.293047   -3.093047 (VIOLATED)
_17191_/A1                              7.200000   10.293038   -3.093039 (VIOLATED)
_17199_/A1                              7.200000   10.293000   -3.093001 (VIOLATED)
_17195_/A1                              7.200000   10.292930   -3.092930 (VIOLATED)
_10265_/A1                              7.200000   10.290916   -3.090916 (VIOLATED)
_10261_/A1                              7.200000   10.289179   -3.089179 (VIOLATED)
_10256_/A1                              7.200000   10.288399   -3.088399 (VIOLATED)
_17331_/A1                              7.200000   10.286632   -3.086632 (VIOLATED)
_17288_/A1                              7.200000   10.286618   -3.086618 (VIOLATED)
clone74/I                               7.200000   10.285512   -3.085512 (VIOLATED)
_10091_/A1                              7.200000   10.284451   -3.084452 (VIOLATED)
_15722_/A1                              7.200000   10.284324   -3.084324 (VIOLATED)
_09323_/I                               7.200000   10.284284   -3.084284 (VIOLATED)
_20015_/Q                               7.200000   10.284087   -3.084088 (VIOLATED)
_15098_/S                               7.200000   10.272733   -3.072732 (VIOLATED)
_15101_/S                               7.200000   10.272733   -3.072733 (VIOLATED)
_15186_/S                               7.200000   10.272729   -3.072729 (VIOLATED)
_15182_/S                               7.200000   10.272716   -3.072716 (VIOLATED)
_15176_/S                               7.200000   10.272696   -3.072697 (VIOLATED)
_15087_/S                               7.200000   10.272675   -3.072675 (VIOLATED)
_15171_/S                               7.200000   10.272665   -3.072665 (VIOLATED)
_15067_/S                               7.200000   10.272550   -3.072549 (VIOLATED)
_15147_/S                               7.200000   10.272474   -3.072474 (VIOLATED)
_15366_/S                               7.200000   10.272474   -3.072475 (VIOLATED)
_15363_/S                               7.200000   10.272449   -3.072450 (VIOLATED)
_15021_/S                               7.200000   10.272441   -3.072441 (VIOLATED)
_15106_/S                               7.200000   10.272441   -3.072441 (VIOLATED)
_15362_/S                               7.200000   10.272442   -3.072442 (VIOLATED)
_15104_/S                               7.200000   10.272436   -3.072437 (VIOLATED)
_15105_/S                               7.200000   10.272435   -3.072436 (VIOLATED)
_15358_/S                               7.200000   10.272437   -3.072438 (VIOLATED)
_15360_/S                               7.200000   10.272438   -3.072438 (VIOLATED)
_15022_/S                               7.200000   10.272432   -3.072432 (VIOLATED)
_15107_/S                               7.200000   10.272429   -3.072429 (VIOLATED)
_15361_/S                               7.200000   10.272423   -3.072423 (VIOLATED)
_15376_/S                               7.200000   10.272422   -3.072422 (VIOLATED)
_15380_/S                               7.200000   10.272419   -3.072419 (VIOLATED)
_15023_/S                               7.200000   10.272415   -3.072415 (VIOLATED)
_15191_/S                               7.200000   10.272415   -3.072415 (VIOLATED)
_15359_/S                               7.200000   10.272415   -3.072415 (VIOLATED)
_15190_/S                               7.200000   10.272411   -3.072412 (VIOLATED)
_15375_/S                               7.200000   10.272413   -3.072413 (VIOLATED)
_15377_/S                               7.200000   10.272411   -3.072412 (VIOLATED)
_15019_/S                               7.200000   10.272408   -3.072408 (VIOLATED)
_15189_/S                               7.200000   10.272408   -3.072407 (VIOLATED)
_15018_/S                               7.200000   10.272390   -3.072390 (VIOLATED)
_15192_/S                               7.200000   10.272368   -3.072368 (VIOLATED)
_15193_/S                               7.200000   10.272355   -3.072355 (VIOLATED)
_15188_/S                               7.200000   10.272336   -3.072336 (VIOLATED)
_15187_/S                               7.200000   10.272306   -3.072307 (VIOLATED)
_15109_/S                               7.200000   10.272297   -3.072297 (VIOLATED)
_15411_/S                               7.200000   10.272264   -3.072264 (VIOLATED)
_15024_/S                               7.200000   10.272261   -3.072261 (VIOLATED)
clone17/ZN                              7.200000   10.272120   -3.072120 (VIOLATED)
_17239_/A2                              7.200000   10.271120   -3.071120 (VIOLATED)
_17217_/A2                              7.200000   10.271115   -3.071115 (VIOLATED)
_10364_/A2                              7.200000   10.271062   -3.071062 (VIOLATED)
_10446_/A2                              7.200000   10.271049   -3.071048 (VIOLATED)
_10493_/A2                              7.200000   10.271048   -3.071048 (VIOLATED)
_10501_/A2                              7.200000   10.271044   -3.071044 (VIOLATED)
_10523_/A2                              7.200000   10.271040   -3.071040 (VIOLATED)
_10467_/A2                              7.200000   10.271008   -3.071008 (VIOLATED)
_10471_/A2                              7.200000   10.271008   -3.071008 (VIOLATED)
_10475_/A2                              7.200000   10.271008   -3.071008 (VIOLATED)
_10519_/A2                              7.200000   10.271008   -3.071008 (VIOLATED)
_10527_/A2                              7.200000   10.271008   -3.071008 (VIOLATED)
clone54/ZN                              7.200000   10.271008   -3.071008 (VIOLATED)
_10556_/A1                              7.200000    9.862435   -2.662436 (VIOLATED)
_10450_/C                               7.200000    9.862432   -2.662431 (VIOLATED)
_10503_/C2                              7.200000    9.862360   -2.662360 (VIOLATED)
_10529_/C1                              7.200000    9.862315   -2.662315 (VIOLATED)
_17503_/A1                              7.200000    9.862037   -2.662037 (VIOLATED)
_10581_/C2                              7.200000    9.862000   -2.662000 (VIOLATED)
_10468_/C                               7.200000    9.861975   -2.661975 (VIOLATED)
_17524_/C2                              7.200000    9.861828   -2.661828 (VIOLATED)
_10401_/A1                              7.200000    9.861580   -2.661580 (VIOLATED)
_17482_/C2                              7.200000    9.861354   -2.661354 (VIOLATED)
_17440_/A1                              7.200000    9.861151   -2.661150 (VIOLATED)
_10374_/C1                              7.200000    9.860803   -2.660802 (VIOLATED)
_17377_/C2                              7.200000    9.860437   -2.660437 (VIOLATED)
_17355_/A1                              7.200000    9.860266   -2.660266 (VIOLATED)
_10340_/C                               7.200000    9.860040   -2.660039 (VIOLATED)
_10319_/C2                              7.200000    9.859727   -2.659727 (VIOLATED)
_10239_/B2                              7.200000    9.859345   -2.659346 (VIOLATED)
_17266_/B2                              7.200000    9.859344   -2.659344 (VIOLATED)
_17223_/A1                              7.200000    9.859339   -2.659339 (VIOLATED)
_17201_/B2                              7.200000    9.859332   -2.659332 (VIOLATED)
_10266_/B2                              7.200000    9.859328   -2.659328 (VIOLATED)
_17240_/A1                              7.200000    9.859317   -2.659317 (VIOLATED)
_10157_/A1                              7.200000    9.859289   -2.659289 (VIOLATED)
_10166_/A1                              7.200000    9.859288   -2.659288 (VIOLATED)
_17289_/A1                              7.200000    9.859277   -2.659277 (VIOLATED)
_09325_/I                               7.200000    9.859270   -2.659270 (VIOLATED)
_17332_/A1                              7.200000    9.859264   -2.659265 (VIOLATED)
_10027_/A1                              7.200000    9.859202   -2.659203 (VIOLATED)
_10044_/A1                              7.200000    9.859202   -2.659203 (VIOLATED)
_10162_/A1                              7.200000    9.859202   -2.659203 (VIOLATED)
_20017_/Q                               7.200000    9.859202   -2.659203 (VIOLATED)
_10484_/A1                              7.200000    9.765563   -2.565563 (VIOLATED)
_10562_/A1                              7.200000    9.765564   -2.565564 (VIOLATED)
_10536_/A1                              7.200000    9.765561   -2.565561 (VIOLATED)
_10588_/A1                              7.200000    9.765558   -2.565558 (VIOLATED)
_10408_/A1                              7.200000    9.765548   -2.565548 (VIOLATED)
_10433_/A1                              7.200000    9.765543   -2.565543 (VIOLATED)
_10510_/A1                              7.200000    9.765541   -2.565542 (VIOLATED)
_10458_/A1                              7.200000    9.765524   -2.565524 (VIOLATED)
_10382_/A1                              7.200000    9.765371   -2.565371 (VIOLATED)
_17317_/A2                              7.200000    9.765063   -2.565063 (VIOLATED)
_17362_/A2                              7.200000    9.765054   -2.565054 (VIOLATED)
_10381_/A2                              7.200000    9.765024   -2.565024 (VIOLATED)
_09849_/A2                              7.200000    9.765001   -2.565002 (VIOLATED)
_17316_/A1                              7.200000    9.764937   -2.564938 (VIOLATED)
_10296_/A1                              7.200000    9.764934   -2.564934 (VIOLATED)
_10351_/A1                              7.200000    9.764932   -2.564931 (VIOLATED)
_10297_/A2                              7.200000    9.764927   -2.564927 (VIOLATED)
_10352_/A2                              7.200000    9.764925   -2.564925 (VIOLATED)
_17272_/A1                              7.200000    9.764921   -2.564922 (VIOLATED)
_17273_/A2                              7.200000    9.764909   -2.564909 (VIOLATED)
_17295_/A2                              7.200000    9.764804   -2.564804 (VIOLATED)
_17337_/A2                              7.200000    9.764798   -2.564798 (VIOLATED)
_17229_/A1                              7.200000    9.764675   -2.564676 (VIOLATED)
_17230_/A2                              7.200000    9.764675   -2.564676 (VIOLATED)
_17207_/A2                              7.200000    9.764671   -2.564671 (VIOLATED)
_17251_/A1                              7.200000    9.764550   -2.564550 (VIOLATED)
_17252_/A2                              7.200000    9.764545   -2.564546 (VIOLATED)
_10046_/A1                              7.200000    9.764442   -2.564442 (VIOLATED)
_10029_/B                               7.200000    9.764399   -2.564399 (VIOLATED)
_10030_/A2                              7.200000    9.764399   -2.564399 (VIOLATED)
_10185_/A2                              7.200000    9.764345   -2.564345 (VIOLATED)
_10070_/A2                              7.200000    9.764294   -2.564294 (VIOLATED)
_10184_/A1                              7.200000    9.764210   -2.564210 (VIOLATED)
_10270_/B                               7.200000    9.764212   -2.564212 (VIOLATED)
_10012_/A2                              7.200000    9.764207   -2.564207 (VIOLATED)
_10271_/A2                              7.200000    9.764208   -2.564208 (VIOLATED)
_10600_/A2                              7.200000    9.764208   -2.564208 (VIOLATED)
_10123_/A2                              7.200000    9.764201   -2.564201 (VIOLATED)
_10214_/A1                              7.200000    9.764203   -2.564203 (VIOLATED)
_10215_/A2                              7.200000    9.764203   -2.564203 (VIOLATED)
_09842_/ZN                              7.200000    9.764117   -2.564117 (VIOLATED)
_10048_/A2                              7.200000    9.764117   -2.564117 (VIOLATED)
_10097_/A2                              7.200000    9.764117   -2.564117 (VIOLATED)
_13709_/A3                              7.200000    9.617292   -2.417292 (VIOLATED)
_13713_/A1                              7.200000    9.617280   -2.417280 (VIOLATED)
_13719_/A1                              7.200000    9.617245   -2.417245 (VIOLATED)
_13787_/A1                              7.200000    9.617225   -2.417225 (VIOLATED)
_13723_/A1                              7.200000    9.617207   -2.417207 (VIOLATED)
_13791_/A1                              7.200000    9.617207   -2.417207 (VIOLATED)
_13797_/A1                              7.200000    9.617191   -2.417192 (VIOLATED)
_13801_/A1                              7.200000    9.617157   -2.417157 (VIOLATED)
_13806_/A1                              7.200000    9.617095   -2.417095 (VIOLATED)
_13729_/A1                              7.200000    9.616822   -2.416822 (VIOLATED)
_13811_/A1                              7.200000    9.616816   -2.416815 (VIOLATED)
_13816_/A1                              7.200000    9.616630   -2.416630 (VIOLATED)
_13820_/A1                              7.200000    9.616411   -2.416411 (VIOLATED)
_13826_/A1                              7.200000    9.616041   -2.416042 (VIOLATED)
_13830_/A1                              7.200000    9.615793   -2.415793 (VIOLATED)
_13836_/A1                              7.200000    9.615458   -2.415458 (VIOLATED)
_13734_/A1                              7.200000    9.615266   -2.415266 (VIOLATED)
_13738_/A1                              7.200000    9.615217   -2.415217 (VIOLATED)
_13840_/A1                              7.200000    9.615200   -2.415200 (VIOLATED)
_13743_/A1                              7.200000    9.615098   -2.415098 (VIOLATED)
_13850_/A1                              7.200000    9.614686   -2.414686 (VIOLATED)
_13856_/A1                              7.200000    9.614168   -2.414169 (VIOLATED)
_13860_/A1                              7.200000    9.613868   -2.413868 (VIOLATED)
_13748_/A1                              7.200000    9.613137   -2.413137 (VIOLATED)
_13753_/A1                              7.200000    9.612846   -2.412847 (VIOLATED)
_13774_/A1                              7.200000    9.612377   -2.412377 (VIOLATED)
_13781_/A1                              7.200000    9.612379   -2.412379 (VIOLATED)
_13785_/A1                              7.200000    9.612374   -2.412374 (VIOLATED)
_13770_/A1                              7.200000    9.612370   -2.412370 (VIOLATED)
_13764_/A1                              7.200000    9.612357   -2.412358 (VIOLATED)
_13760_/A1                              7.200000    9.612342   -2.412342 (VIOLATED)
_13254_/ZN                              7.200000    9.612216   -2.412216 (VIOLATED)
_10453_/B                               7.200000    9.542717   -2.342717 (VIOLATED)
_10557_/C                               7.200000    9.542714   -2.342715 (VIOLATED)
_10558_/A2                              7.200000    9.542711   -2.342711 (VIOLATED)
_10428_/B                               7.200000    9.542698   -2.342698 (VIOLATED)
_17484_/C                               7.200000    9.542691   -2.342691 (VIOLATED)
_17485_/A2                              7.200000    9.542691   -2.342691 (VIOLATED)
_17357_/B                               7.200000    9.542583   -2.342583 (VIOLATED)
_10293_/A2                              7.200000    9.542559   -2.342559 (VIOLATED)
_17269_/A2                              7.200000    9.542540   -2.342540 (VIOLATED)
_10176_/ZN                              7.200000    9.542510   -2.342510 (VIOLATED)
_10181_/A2                              7.200000    9.542510   -2.342510 (VIOLATED)
_10211_/A2                              7.200000    9.542510   -2.342510 (VIOLATED)
_10241_/B                               7.200000    9.542510   -2.342510 (VIOLATED)
_10267_/C                               7.200000    9.542510   -2.342510 (VIOLATED)
_10268_/A2                              7.200000    9.542510   -2.342510 (VIOLATED)
_10348_/A2                              7.200000    9.542510   -2.342510 (VIOLATED)
_17203_/B                               7.200000    9.542510   -2.342510 (VIOLATED)
_17248_/A2                              7.200000    9.542510   -2.342510 (VIOLATED)
_17313_/A2                              7.200000    9.542510   -2.342510 (VIOLATED)
_17333_/B                               7.200000    9.542510   -2.342510 (VIOLATED)
_17334_/A2                              7.200000    9.542510   -2.342510 (VIOLATED)
_12165_/A1                              7.200000    9.505480   -2.305480 (VIOLATED)
_12191_/A1                              7.200000    9.505466   -2.305465 (VIOLATED)
_12689_/B                               7.200000    9.505447   -2.305447 (VIOLATED)
_12255_/A1                              7.200000    9.505431   -2.305431 (VIOLATED)
_12271_/A1                              7.200000    9.505421   -2.305421 (VIOLATED)
_12213_/A1                              7.200000    9.505383   -2.305383 (VIOLATED)
_12682_/B                               7.200000    9.505378   -2.305378 (VIOLATED)
_12230_/A1                              7.200000    9.505299   -2.305298 (VIOLATED)
_11840_/C                               7.200000    9.505148   -2.305148 (VIOLATED)
_11584_/B1                              7.200000    9.505005   -2.305005 (VIOLATED)
_09489_/B1                              7.200000    9.505000   -2.305000 (VIOLATED)
_12714_/B                               7.200000    9.504904   -2.304904 (VIOLATED)
_12697_/B                               7.200000    9.504897   -2.304897 (VIOLATED)
_12719_/B                               7.200000    9.504896   -2.304896 (VIOLATED)
_11547_/C                               7.200000    9.504889   -2.304890 (VIOLATED)
_12706_/B                               7.200000    9.504887   -2.304887 (VIOLATED)
_11529_/C                               7.200000    9.504865   -2.304865 (VIOLATED)
_11496_/C                               7.200000    9.504846   -2.304845 (VIOLATED)
_11844_/B1                              7.200000    9.504790   -2.304790 (VIOLATED)
_11564_/C                               7.200000    9.504747   -2.304748 (VIOLATED)
_09762_/A1                              7.200000    9.504721   -2.304721 (VIOLATED)
_11511_/C                               7.200000    9.504615   -2.304615 (VIOLATED)
_11580_/C                               7.200000    9.504522   -2.304522 (VIOLATED)
_12843_/B1                              7.200000    9.504510   -2.304510 (VIOLATED)
_12908_/B1                              7.200000    9.504457   -2.304458 (VIOLATED)
_12905_/B1                              7.200000    9.504419   -2.304419 (VIOLATED)
_11304_/B1                              7.200000    9.504148   -2.304148 (VIOLATED)
_12277_/B1                              7.200000    9.503979   -2.303979 (VIOLATED)
_11822_/B                               7.200000    9.503474   -2.303474 (VIOLATED)
_09650_/A1                              7.200000    9.503299   -2.303299 (VIOLATED)
_11479_/C                               7.200000    9.503220   -2.303220 (VIOLATED)
_11634_/B                               7.200000    9.503009   -2.303009 (VIOLATED)
_11363_/A1                              7.200000    9.503001   -2.303001 (VIOLATED)
_12009_/A1                              7.200000    9.502881   -2.302881 (VIOLATED)
_12388_/A1                              7.200000    9.502601   -2.302601 (VIOLATED)
_12044_/A1                              7.200000    9.502465   -2.302465 (VIOLATED)
_12409_/A1                              7.200000    9.502398   -2.302397 (VIOLATED)
_11464_/C                               7.200000    9.502358   -2.302358 (VIOLATED)
_12454_/A1                              7.200000    9.502359   -2.302359 (VIOLATED)
_12083_/B                               7.200000    9.502275   -2.302275 (VIOLATED)
_12840_/B                               7.200000    9.502234   -2.302234 (VIOLATED)
_12674_/B                               7.200000    9.502229   -2.302229 (VIOLATED)
_12667_/B                               7.200000    9.502207   -2.302207 (VIOLATED)
_12832_/B                               7.200000    9.502191   -2.302191 (VIOLATED)
_12126_/A1                              7.200000    9.502168   -2.302167 (VIOLATED)
_12592_/A1                              7.200000    9.502125   -2.302125 (VIOLATED)
_12573_/A1                              7.200000    9.502110   -2.302111 (VIOLATED)
_11794_/C                               7.200000    9.502093   -2.302094 (VIOLATED)
_12824_/B                               7.200000    9.502086   -2.302086 (VIOLATED)
_12534_/A1                              7.200000    9.502065   -2.302064 (VIOLATED)
_12773_/A1                              7.200000    9.502061   -2.302061 (VIOLATED)
_12817_/B                               7.200000    9.502043   -2.302043 (VIOLATED)
_12780_/B                               7.200000    9.501978   -2.301978 (VIOLATED)
_12808_/B                               7.200000    9.501898   -2.301898 (VIOLATED)
_12786_/B                               7.200000    9.501890   -2.301890 (VIOLATED)
_11808_/B                               7.200000    9.501877   -2.301877 (VIOLATED)
_12794_/B                               7.200000    9.501879   -2.301879 (VIOLATED)
_11415_/C                               7.200000    9.501792   -2.301792 (VIOLATED)
_12497_/A1                              7.200000    9.501787   -2.301787 (VIOLATED)
_12654_/A1                              7.200000    9.501777   -2.301777 (VIOLATED)
_09482_/A2                              7.200000    9.501769   -2.301769 (VIOLATED)
_12800_/B                               7.200000    9.501719   -2.301720 (VIOLATED)
_11723_/C                               7.200000    9.501681   -2.301682 (VIOLATED)
_12659_/B                               7.200000    9.501683   -2.301683 (VIOLATED)
_11737_/B                               7.200000    9.501643   -2.301643 (VIOLATED)
_11779_/B                               7.200000    9.501530   -2.301530 (VIOLATED)
_11447_/A1                              7.200000    9.501406   -2.301406 (VIOLATED)
_11765_/C                               7.200000    9.501349   -2.301349 (VIOLATED)
_11751_/B                               7.200000    9.500392   -2.300392 (VIOLATED)
_09481_/ZN                              7.200000    9.499974   -2.299974 (VIOLATED)
_09651_/A1                              7.200000    9.499974   -2.299974 (VIOLATED)
_10537_/C                               7.200000    9.368112   -2.168112 (VIOLATED)
_10563_/C                               7.200000    9.368112   -2.168112 (VIOLATED)
_10511_/C                               7.200000    9.368109   -2.168109 (VIOLATED)
_10589_/C                               7.200000    9.368111   -2.168111 (VIOLATED)
_10459_/C                               7.200000    9.368106   -2.168106 (VIOLATED)
_10485_/C                               7.200000    9.368107   -2.168107 (VIOLATED)
_09956_/ZN                              7.200000    9.368063   -2.168063 (VIOLATED)
_09961_/A1                              7.200000    9.368063   -2.168063 (VIOLATED)
_09962_/A1                              7.200000    9.368063   -2.168063 (VIOLATED)
_10072_/C                               7.200000    9.368063   -2.168063 (VIOLATED)
_10088_/A1                              7.200000    9.368063   -2.168063 (VIOLATED)
_10099_/C                               7.200000    9.368063   -2.168063 (VIOLATED)
_10117_/A1                              7.200000    9.368063   -2.168063 (VIOLATED)
_10125_/C                               7.200000    9.368063   -2.168063 (VIOLATED)
_10140_/A1                              7.200000    9.368063   -2.168063 (VIOLATED)
_10144_/C                               7.200000    9.368063   -2.168063 (VIOLATED)
_10155_/A1                              7.200000    9.368063   -2.168063 (VIOLATED)
_10217_/C                               7.200000    9.368063   -2.168063 (VIOLATED)
_10246_/C                               7.200000    9.368063   -2.168063 (VIOLATED)
_10326_/C                               7.200000    9.368063   -2.168063 (VIOLATED)
_10354_/C                               7.200000    9.368063   -2.168063 (VIOLATED)
_10383_/C                               7.200000    9.368063   -2.168063 (VIOLATED)
_10409_/C                               7.200000    9.368063   -2.168063 (VIOLATED)
_10434_/C                               7.200000    9.368063   -2.168063 (VIOLATED)
_11348_/B1                              7.200000    9.068408   -1.868408 (VIOLATED)
_11705_/B1                              7.200000    9.068398   -1.868398 (VIOLATED)
_11600_/B1                              7.200000    9.068390   -1.868390 (VIOLATED)
_11669_/B1                              7.200000    9.068377   -1.868377 (VIOLATED)
_11653_/B1                              7.200000    9.068354   -1.868353 (VIOLATED)
_11332_/B1                              7.200000    9.068305   -1.868306 (VIOLATED)
_11616_/B1                              7.200000    9.068300   -1.868300 (VIOLATED)
_11688_/B1                              7.200000    9.068296   -1.868297 (VIOLATED)
_11400_/B1                              7.200000    9.068276   -1.868276 (VIOLATED)
_12291_/B1                              7.200000    9.068112   -1.868113 (VIOLATED)
_12305_/B1                              7.200000    9.068069   -1.868068 (VIOLATED)
_12326_/B1                              7.200000    9.068000   -1.868000 (VIOLATED)
_12342_/B1                              7.200000    9.067863   -1.867862 (VIOLATED)
_11990_/B1                              7.200000    9.067814   -1.867814 (VIOLATED)
_11874_/B1                              7.200000    9.067792   -1.867792 (VIOLATED)
_12027_/A1                              7.200000    9.067773   -1.867773 (VIOLATED)
_12366_/B1                              7.200000    9.067506   -1.867506 (VIOLATED)
_11432_/B1                              7.200000    9.067413   -1.867413 (VIOLATED)
_12430_/B                               7.200000    9.067008   -1.867008 (VIOLATED)
_12432_/A1                              7.200000    9.066916   -1.866916 (VIOLATED)
_12064_/A1                              7.200000    9.066842   -1.866842 (VIOLATED)
_12943_/B1                              7.200000    9.066751   -1.866751 (VIOLATED)
_09483_/A2                              7.200000    9.066717   -1.866717 (VIOLATED)
_12144_/A1                              7.200000    9.066709   -1.866709 (VIOLATED)
_12552_/A1                              7.200000    9.066640   -1.866640 (VIOLATED)
_12513_/A1                              7.200000    9.066566   -1.866566 (VIOLATED)
_12106_/B1                              7.200000    9.066511   -1.866511 (VIOLATED)
_12475_/A1                              7.200000    9.066450   -1.866450 (VIOLATED)
_11379_/C                               7.200000    9.066166   -1.866166 (VIOLATED)
_09480_/Z                               7.200000    9.066136   -1.866137 (VIOLATED)
_09771_/A1                              7.200000    9.066136   -1.866137 (VIOLATED)
_10200_/A2                              7.200000    8.921602   -1.721602 (VIOLATED)
_10204_/A2                              7.200000    8.921569   -1.721569 (VIOLATED)
_10260_/A2                              7.200000    8.921554   -1.721554 (VIOLATED)
_10170_/A2                              7.200000    8.921524   -1.721524 (VIOLATED)
_10160_/A2                              7.200000    8.921517   -1.721517 (VIOLATED)
_10264_/A2                              7.200000    8.921514   -1.721514 (VIOLATED)
_10228_/A2                              7.200000    8.921494   -1.721495 (VIOLATED)
_10233_/A2                              7.200000    8.921482   -1.721483 (VIOLATED)
_10237_/A2                              7.200000    8.921393   -1.721394 (VIOLATED)
_10339_/A2                              7.200000    8.921245   -1.721245 (VIOLATED)
_10335_/A2                              7.200000    8.921237   -1.721237 (VIOLATED)
_10282_/A2                              7.200000    8.921079   -1.721078 (VIOLATED)
_10286_/A2                              7.200000    8.921047   -1.721047 (VIOLATED)
_10024_/ZN                              7.200000    8.920775   -1.720776 (VIOLATED)
_10532_/B                               7.200000    8.811485   -1.611485 (VIOLATED)
_17527_/B                               7.200000    8.811484   -1.611484 (VIOLATED)
_10584_/B                               7.200000    8.811482   -1.611483 (VIOLATED)
_10480_/B                               7.200000    8.811481   -1.611481 (VIOLATED)
_10454_/B                               7.200000    8.811471   -1.611471 (VIOLATED)
_10506_/B                               7.200000    8.811463   -1.611464 (VIOLATED)
_17506_/B                               7.200000    8.811444   -1.611444 (VIOLATED)
_10404_/B                               7.200000    8.811428   -1.611428 (VIOLATED)
_10429_/B                               7.200000    8.811428   -1.611428 (VIOLATED)
_17464_/B                               7.200000    8.811406   -1.611406 (VIOLATED)
_10213_/A2                              7.200000    8.811395   -1.611395 (VIOLATED)
_10212_/C                               7.200000    8.811392   -1.611392 (VIOLATED)
_10182_/A2                              7.200000    8.811388   -1.611388 (VIOLATED)
_10183_/A2                              7.200000    8.811381   -1.611381 (VIOLATED)
_17443_/B                               7.200000    8.811382   -1.611382 (VIOLATED)
_17335_/S                               7.200000    8.811379   -1.611380 (VIOLATED)
_10269_/A2                              7.200000    8.811371   -1.611371 (VIOLATED)
_17292_/B                               7.200000    8.811364   -1.611364 (VIOLATED)
_17422_/B                               7.200000    8.811361   -1.611362 (VIOLATED)
_10377_/B                               7.200000    8.811297   -1.611298 (VIOLATED)
_17227_/A1                              7.200000    8.811290   -1.611290 (VIOLATED)
_17249_/A1                              7.200000    8.811275   -1.611276 (VIOLATED)
_17228_/A2                              7.200000    8.811274   -1.611274 (VIOLATED)
_17401_/B                               7.200000    8.811272   -1.611272 (VIOLATED)
_17250_/A2                              7.200000    8.811252   -1.611252 (VIOLATED)
_17314_/C                               7.200000    8.811236   -1.611237 (VIOLATED)
_10349_/A1                              7.200000    8.811222   -1.611222 (VIOLATED)
_17380_/B                               7.200000    8.811215   -1.611215 (VIOLATED)
_17270_/A1                              7.200000    8.811213   -1.611213 (VIOLATED)
_17271_/A2                              7.200000    8.811213   -1.611212 (VIOLATED)
_10350_/A2                              7.200000    8.811204   -1.611204 (VIOLATED)
_10294_/A1                              7.200000    8.811187   -1.611187 (VIOLATED)
_10295_/A2                              7.200000    8.811179   -1.611179 (VIOLATED)
_17315_/A2                              7.200000    8.811176   -1.611176 (VIOLATED)
_10180_/ZN                              7.200000    8.811152   -1.611151 (VIOLATED)
_10322_/B                               7.200000    8.811152   -1.611151 (VIOLATED)
_17358_/B                               7.200000    8.811152   -1.611151 (VIOLATED)
_15890_/A1                              7.200000    8.795299   -1.595299 (VIOLATED)
_15893_/A1                              7.200000    8.795299   -1.595299 (VIOLATED)
_15884_/A1                              7.200000    8.795287   -1.595288 (VIOLATED)
_15877_/A2                              7.200000    8.795272   -1.595272 (VIOLATED)
_15882_/A1                              7.200000    8.795272   -1.595271 (VIOLATED)
_15897_/B                               7.200000    8.795243   -1.595243 (VIOLATED)
_10616_/B                               7.200000    8.795220   -1.595221 (VIOLATED)
_10617_/A3                              7.200000    8.795181   -1.595181 (VIOLATED)
_10611_/A3                              7.200000    8.795166   -1.595166 (VIOLATED)
_15919_/A1                              7.200000    8.795157   -1.595158 (VIOLATED)
_10613_/A3                              7.200000    8.795154   -1.595153 (VIOLATED)
_15921_/A1                              7.200000    8.795155   -1.595154 (VIOLATED)
_15911_/A1                              7.200000    8.795146   -1.595146 (VIOLATED)
_15909_/A1                              7.200000    8.795140   -1.595140 (VIOLATED)
_15904_/A1                              7.200000    8.795108   -1.595108 (VIOLATED)
_15874_/A1                              7.200000    8.795080   -1.595081 (VIOLATED)
_15848_/A2                              7.200000    8.795016   -1.595017 (VIOLATED)
_10609_/ZN                              7.200000    8.794949   -1.594949 (VIOLATED)
_15847_/A2                              7.200000    8.794949   -1.594949 (VIOLATED)
_15851_/A1                              7.200000    8.794949   -1.594949 (VIOLATED)
_15866_/B                               7.200000    8.794949   -1.594949 (VIOLATED)
_12944_/B2                              7.200000    8.781376   -1.581376 (VIOLATED)
_12275_/A1                              7.200000    8.780849   -1.580849 (VIOLATED)
_12240_/A1                              7.200000    8.780839   -1.580839 (VIOLATED)
_12236_/A1                              7.200000    8.780803   -1.580803 (VIOLATED)
_12215_/A1                              7.200000    8.780760   -1.580760 (VIOLATED)
_12169_/A1                              7.200000    8.780665   -1.580665 (VIOLATED)
_12731_/A1                              7.200000    8.780546   -1.580546 (VIOLATED)
_12737_/A1                              7.200000    8.780543   -1.580544 (VIOLATED)
_12743_/A1                              7.200000    8.780540   -1.580540 (VIOLATED)
_12751_/A1                              7.200000    8.780536   -1.580536 (VIOLATED)
_12343_/A1                              7.200000    8.780521   -1.580522 (VIOLATED)
_12344_/A1                              7.200000    8.780521   -1.580522 (VIOLATED)
_12612_/A1                              7.200000    8.780516   -1.580516 (VIOLATED)
_12014_/A1                              7.200000    8.780515   -1.580514 (VIOLATED)
_12606_/A1                              7.200000    8.780506   -1.580506 (VIOLATED)
_12620_/A1                              7.200000    8.780488   -1.580488 (VIOLATED)
_12628_/A1                              7.200000    8.780477   -1.580476 (VIOLATED)
_12578_/A1                              7.200000    8.780475   -1.580474 (VIOLATED)
_12757_/A1                              7.200000    8.780468   -1.580468 (VIOLATED)
_12368_/A1                              7.200000    8.780435   -1.580434 (VIOLATED)
_12560_/A1                              7.200000    8.780431   -1.580431 (VIOLATED)
_12390_/A1                              7.200000    8.780342   -1.580342 (VIOLATED)
_12771_/A1                              7.200000    8.780343   -1.580343 (VIOLATED)
_12765_/A1                              7.200000    8.780327   -1.580327 (VIOLATED)
_12515_/A1                              7.200000    8.780301   -1.580301 (VIOLATED)
_12047_/A1                              7.200000    8.780270   -1.580270 (VIOLATED)
_12412_/A1                              7.200000    8.780232   -1.580233 (VIOLATED)
_12636_/A1                              7.200000    8.780199   -1.580199 (VIOLATED)
_12066_/A1                              7.200000    8.780182   -1.580182 (VIOLATED)
_12652_/A1                              7.200000    8.780159   -1.580159 (VIOLATED)
_12644_/A1                              7.200000    8.780128   -1.580127 (VIOLATED)
clone30/ZN                              7.200000    8.780089   -1.580089 (VIOLATED)
_10170_/B1                              7.200000    8.721449   -1.521449 (VIOLATED)
_10160_/B1                              7.200000    8.721445   -1.521445 (VIOLATED)
_10228_/B1                              7.200000    8.721424   -1.521424 (VIOLATED)
_10233_/B1                              7.200000    8.721421   -1.521421 (VIOLATED)
_10237_/B1                              7.200000    8.721413   -1.521412 (VIOLATED)
_10207_/B1                              7.200000    8.721361   -1.521361 (VIOLATED)
_10264_/B1                              7.200000    8.721353   -1.521353 (VIOLATED)
_10204_/B1                              7.200000    8.721348   -1.521348 (VIOLATED)
_10260_/B1                              7.200000    8.721342   -1.521342 (VIOLATED)
_10282_/B1                              7.200000    8.721208   -1.521208 (VIOLATED)
_10286_/B1                              7.200000    8.721203   -1.521203 (VIOLATED)
_10165_/A1                              7.200000    8.721104   -1.521104 (VIOLATED)
_10090_/ZN                              7.200000    8.721074   -1.521074 (VIOLATED)
_10180_/A1                              7.200000    8.721074   -1.521074 (VIOLATED)
_11486_/A2                              7.200000    8.668485   -1.468485 (VIOLATED)
_11555_/A2                              7.200000    8.668486   -1.468486 (VIOLATED)
_11535_/A2                              7.200000    8.668474   -1.468474 (VIOLATED)
_11729_/B1                              7.200000    8.668457   -1.468457 (VIOLATED)
_11771_/B1                              7.200000    8.668449   -1.468449 (VIOLATED)
_11696_/A2                              7.200000    8.668442   -1.468442 (VIOLATED)
_11789_/B                               7.200000    8.668442   -1.468441 (VIOLATED)
_11800_/B1                              7.200000    8.668441   -1.468441 (VIOLATED)
_11370_/B1                              7.200000    8.668413   -1.468413 (VIOLATED)
clone37/ZN                              7.200000    8.668413   -1.468413 (VIOLATED)
_12607_/A2                              7.200000    8.523369   -1.323369 (VIOLATED)
_12612_/A2                              7.200000    8.523368   -1.323368 (VIOLATED)
_12605_/A2                              7.200000    8.523358   -1.323358 (VIOLATED)
_12606_/A2                              7.200000    8.523355   -1.323356 (VIOLATED)
_12619_/A2                              7.200000    8.523354   -1.323354 (VIOLATED)
_12620_/A2                              7.200000    8.523342   -1.323342 (VIOLATED)
_12621_/A2                              7.200000    8.523317   -1.323318 (VIOLATED)
_12628_/A2                              7.200000    8.523317   -1.323318 (VIOLATED)
_12636_/A2                              7.200000    8.523109   -1.323110 (VIOLATED)
_12629_/A2                              7.200000    8.523097   -1.323097 (VIOLATED)
_12652_/A2                              7.200000    8.523067   -1.323068 (VIOLATED)
_12651_/A2                              7.200000    8.523059   -1.323059 (VIOLATED)
_12644_/A2                              7.200000    8.523009   -1.323009 (VIOLATED)
_12643_/A2                              7.200000    8.522980   -1.322980 (VIOLATED)
_12660_/A2                              7.200000    8.522730   -1.322729 (VIOLATED)
_12661_/A1                              7.200000    8.522724   -1.322724 (VIOLATED)
_12668_/A2                              7.200000    8.522455   -1.322455 (VIOLATED)
_12669_/A1                              7.200000    8.522456   -1.322456 (VIOLATED)
_12670_/A2                              7.200000    8.522438   -1.322438 (VIOLATED)
_12675_/A1                              7.200000    8.522434   -1.322435 (VIOLATED)
_12596_/ZN                              7.200000    8.522387   -1.322387 (VIOLATED)
_12597_/I                               7.200000    8.522387   -1.322387 (VIOLATED)
_12598_/A2                              7.200000    8.522387   -1.322387 (VIOLATED)
_12676_/A2                              7.200000    8.522387   -1.322387 (VIOLATED)
_12683_/A1                              7.200000    8.522387   -1.322387 (VIOLATED)
_12690_/A2                              7.200000    8.522387   -1.322387 (VIOLATED)
_12691_/A1                              7.200000    8.522387   -1.322387 (VIOLATED)
_12698_/A2                              7.200000    8.522387   -1.322387 (VIOLATED)
_12699_/A1                              7.200000    8.522387   -1.322387 (VIOLATED)
_12700_/A2                              7.200000    8.522387   -1.322387 (VIOLATED)
_12707_/A1                              7.200000    8.522387   -1.322387 (VIOLATED)
_12708_/A2                              7.200000    8.522387   -1.322387 (VIOLATED)
_12715_/A1                              7.200000    8.522387   -1.322387 (VIOLATED)
_12720_/A2                              7.200000    8.522387   -1.322387 (VIOLATED)
_12721_/A1                              7.200000    8.522387   -1.322387 (VIOLATED)
_12701_/A2                              7.200000    8.506728   -1.306728 (VIOLATED)
_12692_/A2                              7.200000    8.506720   -1.306719 (VIOLATED)
_12678_/A2                              7.200000    8.506695   -1.306695 (VIOLATED)
_12709_/A2                              7.200000    8.506659   -1.306659 (VIOLATED)
_12685_/A2                              7.200000    8.506602   -1.306602 (VIOLATED)
_12837_/A2                              7.200000    8.506537   -1.306537 (VIOLATED)
_12827_/A2                              7.200000    8.506496   -1.306496 (VIOLATED)
_12662_/A2                              7.200000    8.506462   -1.306463 (VIOLATED)
_12812_/A2                              7.200000    8.506331   -1.306332 (VIOLATED)
_12819_/A2                              7.200000    8.506286   -1.306286 (VIOLATED)
_12804_/A2                              7.200000    8.506169   -1.306169 (VIOLATED)
_12624_/A2                              7.200000    8.505698   -1.305699 (VIOLATED)
_12745_/A2                              7.200000    8.505693   -1.305693 (VIOLATED)
_12613_/A2                              7.200000    8.505677   -1.305677 (VIOLATED)
_12614_/A2                              7.200000    8.505672   -1.305671 (VIOLATED)
_12759_/A2                              7.200000    8.505640   -1.305640 (VIOLATED)
_12645_/A2                              7.200000    8.505593   -1.305593 (VIOLATED)
_12789_/A2                              7.200000    8.505564   -1.305564 (VIOLATED)
_12631_/A2                              7.200000    8.505562   -1.305562 (VIOLATED)
_12637_/A2                              7.200000    8.505507   -1.305507 (VIOLATED)
_12777_/A2                              7.200000    8.505484   -1.305484 (VIOLATED)
_12600_/ZN                              7.200000    8.505205   -1.305205 (VIOLATED)
_16393_/A2                              7.200000    8.485930   -1.285931 (VIOLATED)
_16536_/A2                              7.200000    8.485922   -1.285922 (VIOLATED)
_16377_/A2                              7.200000    8.485900   -1.285900 (VIOLATED)
_16525_/A2                              7.200000    8.485894   -1.285894 (VIOLATED)
_16373_/A2                              7.200000    8.485892   -1.285892 (VIOLATED)
_17048_/S                               7.200000    8.485892   -1.285892 (VIOLATED)
_17052_/S                               7.200000    8.485885   -1.285884 (VIOLATED)
_16904_/S                               7.200000    8.485867   -1.285867 (VIOLATED)
_16534_/A2                              7.200000    8.485864   -1.285864 (VIOLATED)
_16900_/S                               7.200000    8.485865   -1.285865 (VIOLATED)
_16389_/A2                              7.200000    8.485860   -1.285860 (VIOLATED)
_16893_/A1                              7.200000    8.485773   -1.285773 (VIOLATED)
_16530_/A2                              7.200000    8.485769   -1.285770 (VIOLATED)
_16381_/A2                              7.200000    8.485741   -1.285740 (VIOLATED)
_16504_/A2                              7.200000    8.485660   -1.285660 (VIOLATED)
_16339_/A2                              7.200000    8.485632   -1.285632 (VIOLATED)
_16886_/S                               7.200000    8.485507   -1.285507 (VIOLATED)
_16385_/A2                              7.200000    8.485503   -1.285503 (VIOLATED)
_16532_/A2                              7.200000    8.485501   -1.285501 (VIOLATED)
_16523_/S                               7.200000    8.485495   -1.285494 (VIOLATED)
_17038_/S                               7.200000    8.485474   -1.285474 (VIOLATED)
_16897_/A1                              7.200000    8.485455   -1.285454 (VIOLATED)
_16370_/S                               7.200000    8.485323   -1.285323 (VIOLATED)
_17509_/A1                              7.200000    8.485308   -1.285308 (VIOLATED)
_17530_/A1                              7.200000    8.485309   -1.285309 (VIOLATED)
_17488_/A1                              7.200000    8.485305   -1.285305 (VIOLATED)
_17467_/A1                              7.200000    8.485302   -1.285302 (VIOLATED)
_17446_/A1                              7.200000    8.485298   -1.285298 (VIOLATED)
_17425_/A1                              7.200000    8.485290   -1.285290 (VIOLATED)
_17404_/A1                              7.200000    8.485238   -1.285238 (VIOLATED)
_16335_/A2                              7.200000    8.485220   -1.285220 (VIOLATED)
_17361_/A1                              7.200000    8.485215   -1.285215 (VIOLATED)
_16889_/A1                              7.200000    8.485208   -1.285208 (VIOLATED)
_17383_/A1                              7.200000    8.485198   -1.285198 (VIOLATED)
_17040_/A2                              7.200000    8.485194   -1.285194 (VIOLATED)
_17341_/ZN                              7.200000    8.485161   -1.285160 (VIOLATED)
_17068_/A2                              7.200000    8.485139   -1.285139 (VIOLATED)
_16935_/A1                              7.200000    8.485132   -1.285132 (VIOLATED)
_16347_/A2                              7.200000    8.485084   -1.285084 (VIOLATED)
_16343_/A2                              7.200000    8.484869   -1.284869 (VIOLATED)
_16939_/A1                              7.200000    8.484833   -1.284833 (VIOLATED)
_17070_/A2                              7.200000    8.484833   -1.284833 (VIOLATED)
_17064_/A2                              7.200000    8.484773   -1.284772 (VIOLATED)
_16902_/S                               7.200000    8.484770   -1.284770 (VIOLATED)
_16927_/A1                              7.200000    8.484766   -1.284766 (VIOLATED)
_16521_/A2                              7.200000    8.484722   -1.284723 (VIOLATED)
_16367_/A2                              7.200000    8.484705   -1.284705 (VIOLATED)
_16931_/A1                              7.200000    8.484544   -1.284544 (VIOLATED)
_17066_/A2                              7.200000    8.484540   -1.284540 (VIOLATED)
_16923_/A1                              7.200000    8.484514   -1.284514 (VIOLATED)
_17062_/A2                              7.200000    8.484495   -1.284495 (VIOLATED)
_17050_/S                               7.200000    8.484458   -1.284458 (VIOLATED)
_16519_/A2                              7.200000    8.484448   -1.284448 (VIOLATED)
_16363_/A2                              7.200000    8.484447   -1.284446 (VIOLATED)
_16919_/A1                              7.200000    8.484291   -1.284291 (VIOLATED)
_17060_/A2                              7.200000    8.484221   -1.284222 (VIOLATED)
_16911_/A1                              7.200000    8.484016   -1.284016 (VIOLATED)
_17056_/A2                              7.200000    8.484017   -1.284017 (VIOLATED)
_16907_/A1                              7.200000    8.483998   -1.283999 (VIOLATED)
_16351_/A2                              7.200000    8.483994   -1.283993 (VIOLATED)
_17054_/A2                              7.200000    8.483984   -1.283985 (VIOLATED)
_16359_/A2                              7.200000    8.483967   -1.283967 (VIOLATED)
_16517_/A2                              7.200000    8.483966   -1.283966 (VIOLATED)
_16915_/A1                              7.200000    8.483929   -1.283929 (VIOLATED)
_16355_/A2                              7.200000    8.483871   -1.283871 (VIOLATED)
_16515_/A2                              7.200000    8.483827   -1.283826 (VIOLATED)
_17058_/A2                              7.200000    8.483805   -1.283805 (VIOLATED)
_16331_/ZN                              7.200000    8.483028   -1.283029 (VIOLATED)
_18100_/S                               7.200000    8.464183   -1.264183 (VIOLATED)
_18101_/S                               7.200000    8.464169   -1.264168 (VIOLATED)
_18103_/S                               7.200000    8.464158   -1.264159 (VIOLATED)
_18099_/S                               7.200000    8.464128   -1.264128 (VIOLATED)
_18102_/S                               7.200000    8.464088   -1.264088 (VIOLATED)
_18097_/S                               7.200000    8.463970   -1.263970 (VIOLATED)
_18098_/S                               7.200000    8.463946   -1.263946 (VIOLATED)
_18096_/S                               7.200000    8.463924   -1.263924 (VIOLATED)
_18089_/S                               7.200000    8.463722   -1.263723 (VIOLATED)
_18112_/S                               7.200000    8.463697   -1.263698 (VIOLATED)
_18113_/S                               7.200000    8.463691   -1.263690 (VIOLATED)
_18116_/S                               7.200000    8.463632   -1.263632 (VIOLATED)
_18114_/S                               7.200000    8.463584   -1.263584 (VIOLATED)
_18092_/S                               7.200000    8.463486   -1.263485 (VIOLATED)
_18090_/S                               7.200000    8.463383   -1.263383 (VIOLATED)
_18091_/S                               7.200000    8.463330   -1.263330 (VIOLATED)
_18094_/S                               7.200000    8.463279   -1.263279 (VIOLATED)
_18095_/S                               7.200000    8.463101   -1.263102 (VIOLATED)
_18093_/S                               7.200000    8.463053   -1.263053 (VIOLATED)
_18110_/S                               7.200000    8.462902   -1.262902 (VIOLATED)
_18107_/S                               7.200000    8.462898   -1.262898 (VIOLATED)
_18108_/S                               7.200000    8.462894   -1.262895 (VIOLATED)
_18106_/S                               7.200000    8.462886   -1.262886 (VIOLATED)
_18105_/S                               7.200000    8.462877   -1.262878 (VIOLATED)
_09620_/I                               7.200000    8.462774   -1.262775 (VIOLATED)
_18115_/S                               7.200000    8.462769   -1.262769 (VIOLATED)
_18117_/S                               7.200000    8.462736   -1.262737 (VIOLATED)
_18118_/S                               7.200000    8.462642   -1.262642 (VIOLATED)
_18111_/S                               7.200000    8.462632   -1.262633 (VIOLATED)
_18119_/S                               7.200000    8.462507   -1.262507 (VIOLATED)
_18109_/S                               7.200000    8.462425   -1.262425 (VIOLATED)
_18104_/S                               7.200000    8.462417   -1.262417 (VIOLATED)
_18120_/S                               7.200000    8.462309   -1.262308 (VIOLATED)
_09619_/ZN                              7.200000    8.462263   -1.262263 (VIOLATED)
_12703_/A2                              7.200000    8.315458   -1.115458 (VIOLATED)
_12694_/A2                              7.200000    8.315446   -1.115445 (VIOLATED)
_12680_/A2                              7.200000    8.315433   -1.115433 (VIOLATED)
_12711_/A2                              7.200000    8.315407   -1.115407 (VIOLATED)
_12687_/A2                              7.200000    8.315342   -1.115342 (VIOLATED)
_12829_/A2                              7.200000    8.315205   -1.115205 (VIOLATED)
_12814_/A2                              7.200000    8.315105   -1.115105 (VIOLATED)
_12835_/A2                              7.200000    8.315065   -1.115065 (VIOLATED)
_12664_/A2                              7.200000    8.315009   -1.115009 (VIOLATED)
_12821_/A2                              7.200000    8.314958   -1.114958 (VIOLATED)
_12806_/A2                              7.200000    8.314929   -1.114930 (VIOLATED)
clone39/A1                              7.200000    8.314640   -1.114640 (VIOLATED)
clone49/A1                              7.200000    8.314638   -1.114638 (VIOLATED)
clone56/A1                              7.200000    8.314596   -1.114596 (VIOLATED)
_12623_/A2                              7.200000    8.314553   -1.114554 (VIOLATED)
_12747_/A2                              7.200000    8.314537   -1.114537 (VIOLATED)
_12615_/A2                              7.200000    8.314482   -1.114482 (VIOLATED)
_12761_/A2                              7.200000    8.314445   -1.114445 (VIOLATED)
_12647_/A2                              7.200000    8.314377   -1.114377 (VIOLATED)
_12639_/A2                              7.200000    8.314366   -1.114366 (VIOLATED)
_12775_/A2                              7.200000    8.314301   -1.114301 (VIOLATED)
_12791_/A2                              7.200000    8.314300   -1.114300 (VIOLATED)
_11322_/A1                              7.200000    8.313901   -1.113901 (VIOLATED)
_11309_/ZN                              7.200000    8.313674   -1.113675 (VIOLATED)
_11313_/B                               7.200000    8.313674   -1.113675 (VIOLATED)
_11315_/A1                              7.200000    8.313674   -1.113675 (VIOLATED)
_11317_/A1                              7.200000    8.313674   -1.113675 (VIOLATED)
_12633_/A2                              7.200000    8.313674   -1.113675 (VIOLATED)
_11537_/A2                              7.200000    8.239127   -1.039127 (VIOLATED)
_11571_/A2                              7.200000    8.239123   -1.039124 (VIOLATED)
_11814_/B1                              7.200000    8.239089   -1.039089 (VIOLATED)
_11757_/B1                              7.200000    8.238997   -1.038997 (VIOLATED)
_11422_/A2                              7.200000    8.238994   -1.038994 (VIOLATED)
_11424_/A2                              7.200000    8.238993   -1.038993 (VIOLATED)
_11407_/A2                              7.200000    8.238970   -1.038970 (VIOLATED)
_11743_/B1                              7.200000    8.238967   -1.038967 (VIOLATED)
_11410_/B                               7.200000    8.238965   -1.038965 (VIOLATED)
_11316_/ZN                              7.200000    8.238911   -1.038910 (VIOLATED)
_16259_/A2                              7.200000    8.196932   -0.996931 (VIOLATED)
_16279_/A2                              7.200000    8.196930   -0.996930 (VIOLATED)
_16844_/A2                              7.200000    8.196920   -0.996921 (VIOLATED)
_16794_/A2                              7.200000    8.196918   -0.996919 (VIOLATED)
_16804_/A2                              7.200000    8.196918   -0.996919 (VIOLATED)
_16784_/A2                              7.200000    8.196918   -0.996917 (VIOLATED)
_16833_/A2                              7.200000    8.196904   -0.996904 (VIOLATED)
_16789_/A2                              7.200000    8.196894   -0.996894 (VIOLATED)
_16204_/A2                              7.200000    8.196883   -0.996884 (VIOLATED)
_16779_/A2                              7.200000    8.196878   -0.996878 (VIOLATED)
_16224_/A2                              7.200000    8.196866   -0.996866 (VIOLATED)
_16828_/A2                              7.200000    8.196861   -0.996861 (VIOLATED)
_16799_/A2                              7.200000    8.196852   -0.996852 (VIOLATED)
_16850_/A2                              7.200000    8.196834   -0.996834 (VIOLATED)
_16244_/A2                              7.200000    8.196815   -0.996816 (VIOLATED)
_16228_/A2                              7.200000    8.196784   -0.996784 (VIOLATED)
_16239_/A2                              7.200000    8.196784   -0.996784 (VIOLATED)
_16810_/A2                              7.200000    8.196784   -0.996784 (VIOLATED)
clone26/ZN                              7.200000    8.196784   -0.996784 (VIOLATED)
_12731_/A2                              7.200000    8.061995   -0.861995 (VIOLATED)
_12726_/A2                              7.200000    8.061994   -0.861994 (VIOLATED)
_12732_/A2                              7.200000    8.061984   -0.861984 (VIOLATED)
_12737_/A2                              7.200000    8.061978   -0.861978 (VIOLATED)
_12738_/A2                              7.200000    8.061956   -0.861957 (VIOLATED)
_12743_/A2                              7.200000    8.061953   -0.861952 (VIOLATED)
_12744_/A2                              7.200000    8.061914   -0.861914 (VIOLATED)
_12751_/A2                              7.200000    8.061896   -0.861896 (VIOLATED)
_12752_/A2                              7.200000    8.061815   -0.861816 (VIOLATED)
_12757_/A2                              7.200000    8.061811   -0.861811 (VIOLATED)
_12766_/A2                              7.200000    8.061600   -0.861600 (VIOLATED)
_12771_/A2                              7.200000    8.061595   -0.861595 (VIOLATED)
_12765_/A2                              7.200000    8.061502   -0.861501 (VIOLATED)
_12758_/A2                              7.200000    8.061456   -0.861456 (VIOLATED)
_12781_/A2                              7.200000    8.061030   -0.861030 (VIOLATED)
_12782_/A1                              7.200000    8.061027   -0.861027 (VIOLATED)
_12787_/A2                              7.200000    8.060991   -0.860991 (VIOLATED)
_12788_/A1                              7.200000    8.060984   -0.860983 (VIOLATED)
_12795_/A2                              7.200000    8.060906   -0.860906 (VIOLATED)
_12796_/A1                              7.200000    8.060845   -0.860846 (VIOLATED)
_12802_/A1                              7.200000    8.060670   -0.860670 (VIOLATED)
_12801_/A2                              7.200000    8.060669   -0.860669 (VIOLATED)
_12809_/A2                              7.200000    8.060452   -0.860451 (VIOLATED)
_12810_/A1                              7.200000    8.060451   -0.860450 (VIOLATED)
_12811_/A2                              7.200000    8.060301   -0.860301 (VIOLATED)
_12818_/A1                              7.200000    8.060301   -0.860301 (VIOLATED)
_12826_/A1                              7.200000    8.060252   -0.860252 (VIOLATED)
_12825_/A2                              7.200000    8.060207   -0.860207 (VIOLATED)
_12833_/A2                              7.200000    8.060063   -0.860063 (VIOLATED)
_12834_/A1                              7.200000    8.060040   -0.860040 (VIOLATED)
_12841_/A2                              7.200000    8.060040   -0.860040 (VIOLATED)
_12842_/A1                              7.200000    8.060040   -0.860040 (VIOLATED)
_12723_/ZN                              7.200000    8.059972   -0.859972 (VIOLATED)
_12724_/I                               7.200000    8.059972   -0.859972 (VIOLATED)
_12725_/A2                              7.200000    8.059972   -0.859972 (VIOLATED)
_10948_/S                               7.200000    8.016967   -0.816967 (VIOLATED)
_10946_/S                               7.200000    8.016964   -0.816964 (VIOLATED)
_10947_/S                               7.200000    8.016935   -0.816936 (VIOLATED)
_10949_/S                               7.200000    8.016894   -0.816894 (VIOLATED)
_10950_/S                               7.200000    8.016741   -0.816741 (VIOLATED)
_10951_/S                               7.200000    8.016529   -0.816529 (VIOLATED)
_10952_/S                               7.200000    8.016249   -0.816248 (VIOLATED)
_10953_/S                               7.200000    8.016088   -0.816088 (VIOLATED)
_10954_/S                               7.200000    8.015992   -0.815993 (VIOLATED)
_10955_/S                               7.200000    8.015637   -0.815637 (VIOLATED)
_10956_/S                               7.200000    8.015233   -0.815233 (VIOLATED)
_10957_/S                               7.200000    8.014952   -0.814952 (VIOLATED)
_10958_/S                               7.200000    8.014594   -0.814594 (VIOLATED)
_10959_/S                               7.200000    8.014380   -0.814381 (VIOLATED)
_10960_/S                               7.200000    8.014277   -0.814277 (VIOLATED)
_10961_/S                               7.200000    8.014119   -0.814119 (VIOLATED)
_10945_/ZN                              7.200000    8.012923   -0.812923 (VIOLATED)
_18228_/A2                              7.200000    8.012923   -0.812923 (VIOLATED)
_11993_/A1                              7.200000    7.977735   -0.777735 (VIOLATED)
_11992_/A2                              7.200000    7.977733   -0.777733 (VIOLATED)
_11875_/A2                              7.200000    7.977724   -0.777724 (VIOLATED)
_11876_/A1                              7.200000    7.977715   -0.777715 (VIOLATED)
_12010_/B                               7.200000    7.977707   -0.777707 (VIOLATED)
_12029_/B                               7.200000    7.977701   -0.777701 (VIOLATED)
_12011_/A2                              7.200000    7.977695   -0.777695 (VIOLATED)
_12030_/A2                              7.200000    7.977669   -0.777669 (VIOLATED)
_12047_/C                               7.200000    7.977265   -0.777265 (VIOLATED)
_12048_/A2                              7.200000    7.977184   -0.777185 (VIOLATED)
_12068_/A1                              7.200000    7.977009   -0.777010 (VIOLATED)
_12067_/A2                              7.200000    7.976944   -0.776944 (VIOLATED)
_12086_/A1                              7.200000    7.976848   -0.776848 (VIOLATED)
_12085_/A2                              7.200000    7.976834   -0.776834 (VIOLATED)
_12108_/A1                              7.200000    7.976346   -0.776346 (VIOLATED)
_12107_/A2                              7.200000    7.976341   -0.776341 (VIOLATED)
_12127_/B                               7.200000    7.975737   -0.775737 (VIOLATED)
_12128_/A2                              7.200000    7.975714   -0.775714 (VIOLATED)
_12148_/A2                              7.200000    7.975530   -0.775530 (VIOLATED)
_12169_/B                               7.200000    7.975471   -0.775471 (VIOLATED)
_12170_/A2                              7.200000    7.975469   -0.775469 (VIOLATED)
_12193_/A2                              7.200000    7.975372   -0.775372 (VIOLATED)
_12215_/B                               7.200000    7.975245   -0.775246 (VIOLATED)
_12216_/A2                              7.200000    7.975225   -0.775225 (VIOLATED)
_12257_/A2                              7.200000    7.975127   -0.775128 (VIOLATED)
_12276_/A2                              7.200000    7.975080   -0.775080 (VIOLATED)
_12275_/B                               7.200000    7.975076   -0.775076 (VIOLATED)
_12256_/B                               7.200000    7.975024   -0.775024 (VIOLATED)
_12192_/B                               7.200000    7.974927   -0.774928 (VIOLATED)
_11846_/I                               7.200000    7.974741   -0.774741 (VIOLATED)
_11847_/A2                              7.200000    7.974700   -0.774700 (VIOLATED)
_11845_/ZN                              7.200000    7.974673   -0.774673 (VIOLATED)
_18053_/A2                              7.200000    7.957404   -0.757404 (VIOLATED)
_18054_/A2                              7.200000    7.957404   -0.757404 (VIOLATED)
_18047_/A2                              7.200000    7.957403   -0.757403 (VIOLATED)
_18049_/A2                              7.200000    7.957401   -0.757401 (VIOLATED)
_18048_/A2                              7.200000    7.957398   -0.757399 (VIOLATED)
_18050_/A2                              7.200000    7.957398   -0.757399 (VIOLATED)
_18051_/A2                              7.200000    7.957397   -0.757397 (VIOLATED)
_18052_/A2                              7.200000    7.957397   -0.757397 (VIOLATED)
_18038_/ZN                              7.200000    7.957368   -0.757368 (VIOLATED)
_18039_/A2                              7.200000    7.957368   -0.757368 (VIOLATED)
_18040_/A2                              7.200000    7.957368   -0.757368 (VIOLATED)
_18041_/A2                              7.200000    7.957368   -0.757368 (VIOLATED)
_18042_/A2                              7.200000    7.957368   -0.757368 (VIOLATED)
_18043_/A2                              7.200000    7.957368   -0.757368 (VIOLATED)
_18044_/A2                              7.200000    7.957368   -0.757368 (VIOLATED)
_18045_/A2                              7.200000    7.957368   -0.757368 (VIOLATED)
_18046_/A2                              7.200000    7.957368   -0.757368 (VIOLATED)
_15990_/S                               7.200000    7.860905   -0.660905 (VIOLATED)
_15959_/S                               7.200000    7.860900   -0.660900 (VIOLATED)
_15961_/S                               7.200000    7.860893   -0.660893 (VIOLATED)
_15988_/S                               7.200000    7.860876   -0.660876 (VIOLATED)
_15989_/S                               7.200000    7.860866   -0.660866 (VIOLATED)
_15987_/S                               7.200000    7.860831   -0.660831 (VIOLATED)
_15991_/S                               7.200000    7.860828   -0.660828 (VIOLATED)
_16021_/S                               7.200000    7.860784   -0.660784 (VIOLATED)
_15986_/S                               7.200000    7.860670   -0.660670 (VIOLATED)
_15985_/S                               7.200000    7.860666   -0.660666 (VIOLATED)
_16020_/S                               7.200000    7.860622   -0.660623 (VIOLATED)
_16019_/S                               7.200000    7.860572   -0.660572 (VIOLATED)
_16018_/S                               7.200000    7.860506   -0.660506 (VIOLATED)
_16017_/S                               7.200000    7.860453   -0.660453 (VIOLATED)
_15984_/S                               7.200000    7.860279   -0.660279 (VIOLATED)
_16016_/S                               7.200000    7.860133   -0.660133 (VIOLATED)
_15978_/S                               7.200000    7.860077   -0.660077 (VIOLATED)
_15977_/S                               7.200000    7.860075   -0.660076 (VIOLATED)
_16013_/S                               7.200000    7.860072   -0.660072 (VIOLATED)
_16011_/S                               7.200000    7.860060   -0.660060 (VIOLATED)
_15980_/S                               7.200000    7.860041   -0.660041 (VIOLATED)
_15979_/S                               7.200000    7.860025   -0.660025 (VIOLATED)
_16007_/S                               7.200000    7.860009   -0.660009 (VIOLATED)
_16015_/S                               7.200000    7.859988   -0.659989 (VIOLATED)
_16008_/S                               7.200000    7.859962   -0.659962 (VIOLATED)
_16009_/S                               7.200000    7.859942   -0.659942 (VIOLATED)
_16012_/S                               7.200000    7.859926   -0.659926 (VIOLATED)
_15983_/S                               7.200000    7.859918   -0.659918 (VIOLATED)
_16010_/S                               7.200000    7.859917   -0.659917 (VIOLATED)
_15981_/S                               7.200000    7.859889   -0.659889 (VIOLATED)
_16014_/S                               7.200000    7.859864   -0.659864 (VIOLATED)
_15982_/S                               7.200000    7.859856   -0.659856 (VIOLATED)
_15958_/ZN                              7.200000    7.859801   -0.659801 (VIOLATED)
_15960_/S                               7.200000    7.794395   -0.594396 (VIOLATED)
_15956_/S                               7.200000    7.794387   -0.594388 (VIOLATED)
_15975_/S                               7.200000    7.794382   -0.594382 (VIOLATED)
_15972_/S                               7.200000    7.794355   -0.594356 (VIOLATED)
_15973_/S                               7.200000    7.794325   -0.594325 (VIOLATED)
_15974_/S                               7.200000    7.794318   -0.594318 (VIOLATED)
_15976_/S                               7.200000    7.794271   -0.594271 (VIOLATED)
_16006_/S                               7.200000    7.794213   -0.594214 (VIOLATED)
_15970_/S                               7.200000    7.794201   -0.594201 (VIOLATED)
_15971_/S                               7.200000    7.794163   -0.594163 (VIOLATED)
_16005_/S                               7.200000    7.794068   -0.594068 (VIOLATED)
_16004_/S                               7.200000    7.794014   -0.594014 (VIOLATED)
_16003_/S                               7.200000    7.793960   -0.593960 (VIOLATED)
_16002_/S                               7.200000    7.793935   -0.593936 (VIOLATED)
_15969_/S                               7.200000    7.793723   -0.593723 (VIOLATED)
_15963_/S                               7.200000    7.793688   -0.593688 (VIOLATED)
_15962_/S                               7.200000    7.793684   -0.593684 (VIOLATED)
_15998_/S                               7.200000    7.793679   -0.593679 (VIOLATED)
_15996_/S                               7.200000    7.793675   -0.593675 (VIOLATED)
_15965_/S                               7.200000    7.793662   -0.593662 (VIOLATED)
_15964_/S                               7.200000    7.793650   -0.593650 (VIOLATED)
_15992_/S                               7.200000    7.793625   -0.593626 (VIOLATED)
_16001_/S                               7.200000    7.793606   -0.593606 (VIOLATED)
_15993_/S                               7.200000    7.793594   -0.593595 (VIOLATED)
_15994_/S                               7.200000    7.793580   -0.593580 (VIOLATED)
_15997_/S                               7.200000    7.793539   -0.593539 (VIOLATED)
_15968_/S                               7.200000    7.793519   -0.593519 (VIOLATED)
_16000_/S                               7.200000    7.793495   -0.593495 (VIOLATED)
_15995_/S                               7.200000    7.793490   -0.593491 (VIOLATED)
_15966_/S                               7.200000    7.793445   -0.593445 (VIOLATED)
_15967_/S                               7.200000    7.793393   -0.593393 (VIOLATED)
_15999_/S                               7.200000    7.793372   -0.593372 (VIOLATED)
_15954_/ZN                              7.200000    7.793286   -0.593286 (VIOLATED)
_10573_/A1                              7.200000    7.778466   -0.578466 (VIOLATED)
_10569_/A1                              7.200000    7.778461   -0.578462 (VIOLATED)
_10577_/A1                              7.200000    7.778451   -0.578451 (VIOLATED)
_10397_/A1                              7.200000    7.778369   -0.578369 (VIOLATED)
_10393_/A1                              7.200000    7.778353   -0.578353 (VIOLATED)
_10389_/A1                              7.200000    7.778343   -0.578343 (VIOLATED)
clone54/A2                              7.200000    7.778218   -0.578218 (VIOLATED)
clone7/A2                               7.200000    7.778187   -0.578187 (VIOLATED)
_10370_/A1                              7.200000    7.778034   -0.578034 (VIOLATED)
_10362_/A1                              7.200000    7.778031   -0.578031 (VIOLATED)
_10366_/A1                              7.200000    7.778016   -0.578016 (VIOLATED)
clone18/A2                              7.200000    7.777971   -0.577971 (VIOLATED)
clone36/A1                              7.200000    7.777837   -0.577837 (VIOLATED)
_10024_/A1                              7.200000    7.777725   -0.577725 (VIOLATED)
clone4/A2                               7.200000    7.777616   -0.577616 (VIOLATED)
_10311_/A1                              7.200000    7.777524   -0.577524 (VIOLATED)
_10158_/A1                              7.200000    7.777471   -0.577471 (VIOLATED)
_10168_/A1                              7.200000    7.777470   -0.577470 (VIOLATED)
_10231_/A1                              7.200000    7.777464   -0.577464 (VIOLATED)
_09324_/ZN                              7.200000    7.777431   -0.577431 (VIOLATED)
_10025_/A2                              7.200000    7.777431   -0.577431 (VIOLATED)
_10091_/A2                              7.200000    7.777431   -0.577431 (VIOLATED)
_11295_/S                               7.200000    7.773427   -0.573427 (VIOLATED)
_11298_/S                               7.200000    7.773403   -0.573403 (VIOLATED)
_11294_/S                               7.200000    7.773307   -0.573307 (VIOLATED)
_11297_/S                               7.200000    7.773245   -0.573245 (VIOLATED)
_11292_/S                               7.200000    7.773118   -0.573118 (VIOLATED)
_11293_/S                               7.200000    7.773047   -0.573047 (VIOLATED)
_11284_/S                               7.200000    7.772864   -0.572864 (VIOLATED)
_11291_/S                               7.200000    7.772743   -0.572743 (VIOLATED)
_11287_/S                               7.200000    7.772708   -0.572708 (VIOLATED)
_11285_/S                               7.200000    7.772639   -0.572639 (VIOLATED)
_11289_/S                               7.200000    7.772568   -0.572568 (VIOLATED)
_11286_/S                               7.200000    7.772506   -0.572506 (VIOLATED)
_11290_/S                               7.200000    7.772419   -0.572419 (VIOLATED)
_11288_/S                               7.200000    7.772269   -0.572269 (VIOLATED)
_11299_/S                               7.200000    7.771991   -0.571991 (VIOLATED)
_11296_/S                               7.200000    7.771647   -0.571648 (VIOLATED)
_09937_/ZN                              7.200000    7.771588   -0.571588 (VIOLATED)
_09938_/A2                              7.200000    7.771588   -0.571588 (VIOLATED)
_13222_/S                               7.200000    7.763470   -0.563470 (VIOLATED)
_13242_/A2                              7.200000    7.763469   -0.563469 (VIOLATED)
_13493_/S                               7.200000    7.763449   -0.563449 (VIOLATED)
_13096_/S                               7.200000    7.763419   -0.563419 (VIOLATED)
_13103_/S                               7.200000    7.763370   -0.563370 (VIOLATED)
_12993_/S                               7.200000    7.763169   -0.563169 (VIOLATED)
_13000_/S                               7.200000    7.763125   -0.563126 (VIOLATED)
_13137_/S                               7.200000    7.762931   -0.562931 (VIOLATED)
_13845_/A1                              7.200000    7.762919   -0.562919 (VIOLATED)
_13160_/S                               7.200000    7.762648   -0.562648 (VIOLATED)
_13150_/S                               7.200000    7.762520   -0.562520 (VIOLATED)
_13156_/S                               7.200000    7.762382   -0.562382 (VIOLATED)
_13123_/S                               7.200000    7.762311   -0.562311 (VIOLATED)
_13131_/S                               7.200000    7.762296   -0.562296 (VIOLATED)
_13020_/S                               7.200000    7.762020   -0.562020 (VIOLATED)
_13254_/A1                              7.200000    7.761896   -0.561896 (VIOLATED)
_12952_/ZN                              7.200000    7.761869   -0.561870 (VIOLATED)
_13028_/S                               7.200000    7.761869   -0.561870 (VIOLATED)
_13034_/S                               7.200000    7.761869   -0.561870 (VIOLATED)
_13047_/S                               7.200000    7.761869   -0.561870 (VIOLATED)
_13053_/S                               7.200000    7.761869   -0.561870 (VIOLATED)
_13057_/S                               7.200000    7.761869   -0.561870 (VIOLATED)
_13365_/C                               7.200000    7.761869   -0.561870 (VIOLATED)
_13402_/S                               7.200000    7.761869   -0.561870 (VIOLATED)
_17640_/S                               7.200000    7.745059   -0.545059 (VIOLATED)
_17624_/S                               7.200000    7.745058   -0.545058 (VIOLATED)
_17622_/S                               7.200000    7.745047   -0.545047 (VIOLATED)
_17620_/S                               7.200000    7.745039   -0.545040 (VIOLATED)
_17619_/S                               7.200000    7.745026   -0.545026 (VIOLATED)
_17639_/S                               7.200000    7.744998   -0.544998 (VIOLATED)
_17623_/S                               7.200000    7.744990   -0.544990 (VIOLATED)
_17618_/S                               7.200000    7.744983   -0.544983 (VIOLATED)
_17621_/S                               7.200000    7.744964   -0.544964 (VIOLATED)
_17617_/S                               7.200000    7.744936   -0.544937 (VIOLATED)
_17638_/S                               7.200000    7.744851   -0.544851 (VIOLATED)
_17637_/S                               7.200000    7.744743   -0.544743 (VIOLATED)
_17636_/S                               7.200000    7.744689   -0.544690 (VIOLATED)
_17635_/S                               7.200000    7.744633   -0.544633 (VIOLATED)
_17616_/S                               7.200000    7.744339   -0.544339 (VIOLATED)
_17634_/S                               7.200000    7.744192   -0.544192 (VIOLATED)
_17633_/S                               7.200000    7.743984   -0.543984 (VIOLATED)
_17632_/S                               7.200000    7.743764   -0.543764 (VIOLATED)
_17631_/S                               7.200000    7.743731   -0.543730 (VIOLATED)
_17610_/S                               7.200000    7.743730   -0.543730 (VIOLATED)
_17609_/S                               7.200000    7.743726   -0.543726 (VIOLATED)
_17612_/S                               7.200000    7.743718   -0.543718 (VIOLATED)
_17611_/S                               7.200000    7.743705   -0.543705 (VIOLATED)
_17625_/S                               7.200000    7.743682   -0.543682 (VIOLATED)
_17629_/S                               7.200000    7.743666   -0.543666 (VIOLATED)
_17626_/S                               7.200000    7.743627   -0.543627 (VIOLATED)
_17627_/S                               7.200000    7.743608   -0.543608 (VIOLATED)
_17615_/S                               7.200000    7.743582   -0.543582 (VIOLATED)
_17628_/S                               7.200000    7.743582   -0.543582 (VIOLATED)
_17614_/S                               7.200000    7.743581   -0.543581 (VIOLATED)
_17613_/S                               7.200000    7.743579   -0.543579 (VIOLATED)
_17630_/S                               7.200000    7.743559   -0.543559 (VIOLATED)
_17608_/ZN                              7.200000    7.743474   -0.543475 (VIOLATED)
_11334_/A2                              7.200000    7.737758   -0.537758 (VIOLATED)
_11350_/A1                              7.200000    7.737758   -0.537758 (VIOLATED)
_11333_/A1                              7.200000    7.737749   -0.537749 (VIOLATED)
_11308_/A2                              7.200000    7.737741   -0.537741 (VIOLATED)
_11418_/A1                              7.200000    7.737718   -0.537718 (VIOLATED)
_11417_/A2                              7.200000    7.737708   -0.537708 (VIOLATED)
_11367_/A2                              7.200000    7.737706   -0.537706 (VIOLATED)
_11365_/A2                              7.200000    7.737700   -0.537701 (VIOLATED)
_11401_/A2                              7.200000    7.737669   -0.537669 (VIOLATED)
_11402_/A1                              7.200000    7.737638   -0.537638 (VIOLATED)
_11434_/A1                              7.200000    7.737187   -0.537187 (VIOLATED)
_11433_/A2                              7.200000    7.737153   -0.537153 (VIOLATED)
_11449_/A2                              7.200000    7.736424   -0.536424 (VIOLATED)
_11466_/A2                              7.200000    7.736003   -0.536003 (VIOLATED)
_11498_/A2                              7.200000    7.735939   -0.535938 (VIOLATED)
_11531_/A2                              7.200000    7.735938   -0.535938 (VIOLATED)
_11566_/A2                              7.200000    7.735938   -0.535938 (VIOLATED)
_11582_/A2                              7.200000    7.735929   -0.535929 (VIOLATED)
_11549_/A2                              7.200000    7.735926   -0.535926 (VIOLATED)
_11513_/A2                              7.200000    7.735915   -0.535915 (VIOLATED)
_11481_/A2                              7.200000    7.735904   -0.535904 (VIOLATED)
_11306_/ZN                              7.200000    7.735764   -0.535764 (VIOLATED)
_11307_/A2                              7.200000    7.735764   -0.535764 (VIOLATED)
_16184_/A2                              7.200000    7.680147   -0.480147 (VIOLATED)
_16158_/B                               7.200000    7.680141   -0.480141 (VIOLATED)
_16766_/A2                              7.200000    7.680140   -0.480140 (VIOLATED)
_16190_/A2                              7.200000    7.680139   -0.480139 (VIOLATED)
_16751_/B                               7.200000    7.680088   -0.480088 (VIOLATED)
_16771_/B                               7.200000    7.679991   -0.479991 (VIOLATED)
_16152_/B                               7.200000    7.679983   -0.479983 (VIOLATED)
_16741_/A2                              7.200000    7.679955   -0.479956 (VIOLATED)
_16146_/B                               7.200000    7.679955   -0.479955 (VIOLATED)
_16733_/B                               7.200000    7.679827   -0.479827 (VIOLATED)
_16727_/A2                              7.200000    7.679682   -0.479682 (VIOLATED)
_16133_/A2                              7.200000    7.679636   -0.479636 (VIOLATED)
_16103_/A2                              7.200000    7.679619   -0.479619 (VIOLATED)
_16665_/A2                              7.200000    7.679615   -0.479615 (VIOLATED)
_16672_/A2                              7.200000    7.679615   -0.479615 (VIOLATED)
_16096_/A2                              7.200000    7.679612   -0.479612 (VIOLATED)
_16124_/B                               7.200000    7.679586   -0.479586 (VIOLATED)
_16138_/B                               7.200000    7.679565   -0.479566 (VIOLATED)
_16067_/ZN                              7.200000    7.679434   -0.479434 (VIOLATED)
_16681_/A2                              7.200000    7.679434   -0.479434 (VIOLATED)
_16698_/A2                              7.200000    7.679434   -0.479434 (VIOLATED)
_16711_/B                               7.200000    7.679434   -0.479434 (VIOLATED)
_10116_/A1                              7.200000    7.668188   -0.468188 (VIOLATED)
_10139_/A1                              7.200000    7.668188   -0.468188 (VIOLATED)
_10087_/A1                              7.200000    7.668187   -0.468187 (VIOLATED)
_10154_/A1                              7.200000    7.668185   -0.468185 (VIOLATED)
_09663_/ZN                              7.200000    7.668139   -0.468139 (VIOLATED)
_09666_/A1                              7.200000    7.668139   -0.468139 (VIOLATED)
_09670_/A1                              7.200000    7.668139   -0.468139 (VIOLATED)
_10039_/C                               7.200000    7.668139   -0.468139 (VIOLATED)
_10816_/B1                              7.200000    7.646044   -0.446044 (VIOLATED)
_10853_/C2                              7.200000    7.646043   -0.446043 (VIOLATED)
_10873_/B1                              7.200000    7.646041   -0.446041 (VIOLATED)
_10905_/B1                              7.200000    7.646040   -0.446041 (VIOLATED)
_10844_/A2                              7.200000    7.646032   -0.446033 (VIOLATED)
_10887_/B1                              7.200000    7.646031   -0.446032 (VIOLATED)
_10730_/B1                              7.200000    7.646027   -0.446027 (VIOLATED)
_10896_/A2                              7.200000    7.646020   -0.446020 (VIOLATED)
_10666_/ZN                              7.200000    7.645989   -0.445989 (VIOLATED)
_10668_/B1                              7.200000    7.645989   -0.445989 (VIOLATED)
_10679_/B1                              7.200000    7.645989   -0.445989 (VIOLATED)
_10682_/B1                              7.200000    7.645989   -0.445989 (VIOLATED)
_10735_/A2                              7.200000    7.645989   -0.445989 (VIOLATED)
_10757_/B1                              7.200000    7.645989   -0.445989 (VIOLATED)
_10761_/B1                              7.200000    7.645989   -0.445989 (VIOLATED)
_10803_/A3                              7.200000    7.645989   -0.445989 (VIOLATED)
_10808_/B1                              7.200000    7.645989   -0.445989 (VIOLATED)
_10823_/C1                              7.200000    7.645989   -0.445989 (VIOLATED)
_17552_/A2                              7.200000    7.645989   -0.445989 (VIOLATED)
_12585_/B                               7.200000    7.576906   -0.376906 (VIOLATED)
_12590_/A1                              7.200000    7.576903   -0.376903 (VIOLATED)
_12220_/B                               7.200000    7.576885   -0.376885 (VIOLATED)
_12262_/B                               7.200000    7.576885   -0.376885 (VIOLATED)
_12209_/B2                              7.200000    7.576877   -0.376877 (VIOLATED)
_12181_/B                               7.200000    7.576875   -0.376875 (VIOLATED)
_12199_/B                               7.200000    7.576871   -0.376871 (VIOLATED)
_12565_/B                               7.200000    7.576770   -0.376770 (VIOLATED)
_12096_/A1                              7.200000    7.576757   -0.376757 (VIOLATED)
_12139_/C                               7.200000    7.576752   -0.376752 (VIOLATED)
_12510_/A1                              7.200000    7.576745   -0.376745 (VIOLATED)
_12324_/A1                              7.200000    7.576737   -0.376737 (VIOLATED)
_12318_/B                               7.200000    7.576735   -0.376735 (VIOLATED)
_11987_/C                               7.200000    7.576732   -0.376732 (VIOLATED)
_12531_/C                               7.200000    7.576727   -0.376727 (VIOLATED)
_12541_/A1                              7.200000    7.576708   -0.376708 (VIOLATED)
_12024_/C                               7.200000    7.576699   -0.376700 (VIOLATED)
_11866_/B                               7.200000    7.576658   -0.376658 (VIOLATED)
_12007_/A1                              7.200000    7.576644   -0.376644 (VIOLATED)
_12006_/A1                              7.200000    7.576618   -0.376618 (VIOLATED)
_12488_/B                               7.200000    7.576594   -0.376594 (VIOLATED)
_12377_/B                               7.200000    7.576585   -0.376585 (VIOLATED)
_12041_/S                               7.200000    7.576512   -0.376512 (VIOLATED)
_12059_/S                               7.200000    7.576455   -0.376455 (VIOLATED)
_11857_/ZN                              7.200000    7.576389   -0.376390 (VIOLATED)
_10247_/A2                              7.200000    7.528857   -0.328857 (VIOLATED)
_10193_/A2                              7.200000    7.528854   -0.328854 (VIOLATED)
_10274_/A2                              7.200000    7.528852   -0.328853 (VIOLATED)
_10460_/A2                              7.200000    7.528850   -0.328850 (VIOLATED)
_10411_/A2                              7.200000    7.528849   -0.328849 (VIOLATED)
_10328_/A2                              7.200000    7.528847   -0.328847 (VIOLATED)
_10218_/A2                              7.200000    7.528840   -0.328840 (VIOLATED)
_10435_/A2                              7.200000    7.528836   -0.328837 (VIOLATED)
_10539_/A2                              7.200000    7.528823   -0.328823 (VIOLATED)
_10486_/A2                              7.200000    7.528821   -0.328821 (VIOLATED)
_10564_/A2                              7.200000    7.528820   -0.328820 (VIOLATED)
_10385_/A2                              7.200000    7.528818   -0.328818 (VIOLATED)
_10513_/A2                              7.200000    7.528818   -0.328818 (VIOLATED)
_10301_/A2                              7.200000    7.528806   -0.328806 (VIOLATED)
_10355_/A2                              7.200000    7.528798   -0.328798 (VIOLATED)
_10590_/A2                              7.200000    7.528770   -0.328770 (VIOLATED)
_10190_/ZN                              7.200000    7.528740   -0.328741 (VIOLATED)
_15108_/S                               7.200000    7.511377   -0.311378 (VIOLATED)
_15118_/A2                              7.200000    7.511260   -0.311260 (VIOLATED)
_15268_/S                               7.200000    7.511001   -0.311001 (VIOLATED)
_15062_/S                               7.200000    7.510960   -0.310960 (VIOLATED)
_15152_/S                               7.200000    7.510940   -0.310940 (VIOLATED)
_15367_/S                               7.200000    7.510828   -0.310829 (VIOLATED)
_15369_/S                               7.200000    7.510825   -0.310825 (VIOLATED)
_15371_/S                               7.200000    7.510825   -0.310825 (VIOLATED)
_15373_/S                               7.200000    7.510824   -0.310824 (VIOLATED)
_15370_/S                               7.200000    7.510802   -0.310802 (VIOLATED)
_15387_/S                               7.200000    7.510788   -0.310788 (VIOLATED)
_15403_/S                               7.200000    7.510718   -0.310719 (VIOLATED)
_15402_/S                               7.200000    7.510717   -0.310718 (VIOLATED)
_15404_/S                               7.200000    7.510716   -0.310716 (VIOLATED)
_15405_/S                               7.200000    7.510712   -0.310712 (VIOLATED)
_15407_/S                               7.200000    7.510706   -0.310706 (VIOLATED)
_15406_/S                               7.200000    7.510701   -0.310701 (VIOLATED)
_15400_/S                               7.200000    7.510689   -0.310689 (VIOLATED)
_15401_/S                               7.200000    7.510676   -0.310676 (VIOLATED)
_15388_/S                               7.200000    7.510660   -0.310660 (VIOLATED)
clone27/ZN                              7.200000    7.510610   -0.310610 (VIOLATED)
_10657_/ZN                              7.200000    7.473541   -0.273541 (VIOLATED)
_10669_/C1                              7.200000    7.473541   -0.273541 (VIOLATED)
_10684_/A2                              7.200000    7.473541   -0.273541 (VIOLATED)
_10705_/A2                              7.200000    7.473541   -0.273541 (VIOLATED)
_10730_/A2                              7.200000    7.473541   -0.273541 (VIOLATED)
_10740_/A2                              7.200000    7.473541   -0.273541 (VIOLATED)
_10755_/B2                              7.200000    7.473541   -0.273541 (VIOLATED)
_10778_/C                               7.200000    7.473541   -0.273541 (VIOLATED)
_10798_/B1                              7.200000    7.473541   -0.273541 (VIOLATED)
_10811_/B1                              7.200000    7.473541   -0.273541 (VIOLATED)
_10812_/A2                              7.200000    7.473541   -0.273541 (VIOLATED)
_10817_/C1                              7.200000    7.473541   -0.273541 (VIOLATED)
_10823_/A2                              7.200000    7.473541   -0.273541 (VIOLATED)
_10843_/A2                              7.200000    7.473541   -0.273541 (VIOLATED)
_10855_/A2                              7.200000    7.473541   -0.273541 (VIOLATED)
_10876_/A2                              7.200000    7.473541   -0.273541 (VIOLATED)
_10886_/A2                              7.200000    7.473541   -0.273541 (VIOLATED)
_10895_/A2                              7.200000    7.473541   -0.273541 (VIOLATED)
_10904_/B1                              7.200000    7.473541   -0.273541 (VIOLATED)
_10515_/A2                              7.200000    7.398382   -0.198382 (VIOLATED)
_10541_/A2                              7.200000    7.398380   -0.198380 (VIOLATED)
_10567_/A2                              7.200000    7.398379   -0.198379 (VIOLATED)
_10489_/A2                              7.200000    7.398376   -0.198376 (VIOLATED)
_10593_/A2                              7.200000    7.398370   -0.198370 (VIOLATED)
_10303_/A2                              7.200000    7.398356   -0.198356 (VIOLATED)
_10387_/A2                              7.200000    7.398352   -0.198352 (VIOLATED)
_10463_/A2                              7.200000    7.398342   -0.198342 (VIOLATED)
_10277_/A2                              7.200000    7.398329   -0.198329 (VIOLATED)
_10438_/A2                              7.200000    7.398324   -0.198324 (VIOLATED)
_10413_/A2                              7.200000    7.398314   -0.198314 (VIOLATED)
_09461_/ZN                              7.200000    7.398287   -0.198288 (VIOLATED)
_09467_/A1                              7.200000    7.398287   -0.198288 (VIOLATED)
_09468_/A3                              7.200000    7.398287   -0.198288 (VIOLATED)
_09469_/A3                              7.200000    7.398287   -0.198288 (VIOLATED)
_09745_/A3                              7.200000    7.398287   -0.198288 (VIOLATED)
_09953_/B                               7.200000    7.398287   -0.198288 (VIOLATED)
_10195_/A2                              7.200000    7.398287   -0.198288 (VIOLATED)
_10222_/A2                              7.200000    7.398287   -0.198288 (VIOLATED)
_10250_/A2                              7.200000    7.398287   -0.198288 (VIOLATED)
_10330_/A2                              7.200000    7.398287   -0.198288 (VIOLATED)
_10358_/A2                              7.200000    7.398287   -0.198288 (VIOLATED)
_12293_/A1                              7.200000    7.370701   -0.170701 (VIOLATED)
_12292_/A2                              7.200000    7.370698   -0.170699 (VIOLATED)
_12309_/A2                              7.200000    7.370689   -0.170689 (VIOLATED)
_12327_/A1                              7.200000    7.370678   -0.170678 (VIOLATED)
_12307_/A2                              7.200000    7.370663   -0.170663 (VIOLATED)
_12308_/A1                              7.200000    7.370662   -0.170662 (VIOLATED)
_12346_/A1                              7.200000    7.370653   -0.170653 (VIOLATED)
_12345_/A2                              7.200000    7.370643   -0.170643 (VIOLATED)
_12369_/A2                              7.200000    7.370490   -0.170490 (VIOLATED)
_12368_/C                               7.200000    7.370369   -0.170369 (VIOLATED)
_12279_/I                               7.200000    7.370042   -0.170042 (VIOLATED)
_12413_/A2                              7.200000    7.369913   -0.169913 (VIOLATED)
_12412_/C                               7.200000    7.369823   -0.169824 (VIOLATED)
_12457_/A1                              7.200000    7.369574   -0.169574 (VIOLATED)
_12456_/A2                              7.200000    7.369503   -0.169503 (VIOLATED)
_12479_/A2                              7.200000    7.369079   -0.169079 (VIOLATED)
_12499_/A2                              7.200000    7.368822   -0.168822 (VIOLATED)
_12498_/B                               7.200000    7.368764   -0.168765 (VIOLATED)
_12516_/A2                              7.200000    7.368665   -0.168665 (VIOLATED)
_12515_/C                               7.200000    7.368493   -0.168493 (VIOLATED)
_12536_/A2                              7.200000    7.368271   -0.168271 (VIOLATED)
_12535_/B                               7.200000    7.368259   -0.168259 (VIOLATED)
_12575_/A2                              7.200000    7.368089   -0.168089 (VIOLATED)
_12574_/B                               7.200000    7.368087   -0.168087 (VIOLATED)
_12594_/A2                              7.200000    7.367992   -0.167992 (VIOLATED)
_12593_/B                               7.200000    7.367990   -0.167990 (VIOLATED)
_12278_/ZN                              7.200000    7.367703   -0.167703 (VIOLATED)
_12280_/A2                              7.200000    7.367703   -0.167703 (VIOLATED)
_10906_/B1                              7.200000    7.320270   -0.120270 (VIOLATED)
_10874_/A2                              7.200000    7.320268   -0.120268 (VIOLATED)
_10816_/C2                              7.200000    7.320266   -0.120266 (VIOLATED)
_10667_/ZN                              7.200000    7.320240   -0.120240 (VIOLATED)
_10670_/C1                              7.200000    7.320240   -0.120240 (VIOLATED)
_10686_/B1                              7.200000    7.320240   -0.120240 (VIOLATED)
_10705_/C1                              7.200000    7.320240   -0.120240 (VIOLATED)
_10730_/C2                              7.200000    7.320240   -0.120240 (VIOLATED)
_10735_/B1                              7.200000    7.320240   -0.120240 (VIOLATED)
_10755_/A2                              7.200000    7.320240   -0.120240 (VIOLATED)
_10762_/B1                              7.200000    7.320240   -0.120240 (VIOLATED)
_10798_/C2                              7.200000    7.320240   -0.120240 (VIOLATED)
_10809_/B1                              7.200000    7.320240   -0.120240 (VIOLATED)
_10822_/C2                              7.200000    7.320240   -0.120240 (VIOLATED)
_10844_/B1                              7.200000    7.320240   -0.120240 (VIOLATED)
_10854_/B1                              7.200000    7.320240   -0.120240 (VIOLATED)
_10886_/B1                              7.200000    7.320240   -0.120240 (VIOLATED)
_10896_/B1                              7.200000    7.320240   -0.120240 (VIOLATED)
_16259_/A1                              7.200000    7.247046   -0.047046 (VIOLATED)
_16157_/A2                              7.200000    7.247037   -0.047037 (VIOLATED)
_16844_/A1                              7.200000    7.247028   -0.047029 (VIOLATED)
_16151_/A2                              7.200000    7.246955   -0.046955 (VIOLATED)
_16750_/A2                              7.200000    7.246943   -0.046944 (VIOLATED)
_16833_/A1                              7.200000    7.246937   -0.046937 (VIOLATED)
_16828_/A1                              7.200000    7.246847   -0.046847 (VIOLATED)
_16744_/A2                              7.200000    7.246784   -0.046784 (VIOLATED)
_16145_/A2                              7.200000    7.246746   -0.046746 (VIOLATED)
_16789_/A1                              7.200000    7.246580   -0.046580 (VIOLATED)
_16204_/A1                              7.200000    7.246578   -0.046578 (VIOLATED)
_16725_/A2                              7.200000    7.246577   -0.046577 (VIOLATED)
_16779_/A1                              7.200000    7.246576   -0.046576 (VIOLATED)
_16107_/A2                              7.200000    7.246575   -0.046575 (VIOLATED)
_16688_/A2                              7.200000    7.246571   -0.046571 (VIOLATED)
_16784_/A1                              7.200000    7.246555   -0.046555 (VIOLATED)
_16794_/A1                              7.200000    7.246555   -0.046555 (VIOLATED)
_16799_/A1                              7.200000    7.246555   -0.046555 (VIOLATED)
_16710_/A2                              7.200000    7.246552   -0.046552 (VIOLATED)
_16697_/A2                              7.200000    7.246546   -0.046546 (VIOLATED)
_16123_/A2                              7.200000    7.246542   -0.046542 (VIOLATED)
_16680_/A2                              7.200000    7.246539   -0.046539 (VIOLATED)
_16244_/A1                              7.200000    7.246517   -0.046517 (VIOLATED)
_16137_/A2                              7.200000    7.246511   -0.046511 (VIOLATED)
_16228_/A1                              7.200000    7.246502   -0.046502 (VIOLATED)
clone75/ZN                              7.200000    7.246474   -0.046474 (VIOLATED)
_11891_/ZN                              7.200000    7.203475   -0.003475 (VIOLATED)
_11901_/A1                              7.200000    7.203475   -0.003475 (VIOLATED)
_11911_/A1                              7.200000    7.203475   -0.003475 (VIOLATED)
_11919_/A1                              7.200000    7.203475   -0.003475 (VIOLATED)
_11928_/A1                              7.200000    7.203475   -0.003475 (VIOLATED)
_11936_/A1                              7.200000    7.203475   -0.003475 (VIOLATED)
_11939_/A1                              7.200000    7.203475   -0.003475 (VIOLATED)
_11943_/A1                              7.200000    7.203475   -0.003475 (VIOLATED)
_11944_/A1                              7.200000    7.203475   -0.003475 (VIOLATED)
_11948_/B                               7.200000    7.203475   -0.003475 (VIOLATED)
_11951_/A1                              7.200000    7.203475   -0.003475 (VIOLATED)
_11952_/A1                              7.200000    7.203475   -0.003475 (VIOLATED)
_11964_/B                               7.200000    7.203475   -0.003475 (VIOLATED)
_11970_/A1                              7.200000    7.203475   -0.003475 (VIOLATED)
_12854_/A2                              7.200000    7.203475   -0.003475 (VIOLATED)
_12859_/A1                              7.200000    7.203475   -0.003475 (VIOLATED)
_12879_/B                               7.200000    7.203475   -0.003475 (VIOLATED)

max capacitance

Pin                                        Limit         Cap       Slack
------------------------------------------------------------------------
_15424_/ZN                              0.387700    1.222342   -0.834642 (VIOLATED)
clone3/ZN                               0.382300    1.050601   -0.668301 (VIOLATED)
_11319_/Z                               0.389000    1.009149   -0.620149 (VIOLATED)
_10989_/Z                               0.388400    0.943976   -0.555576 (VIOLATED)
_11058_/ZN                              0.193000    0.738881   -0.545881 (VIOLATED)
_11853_/ZN                              0.251700    0.790299   -0.538599 (VIOLATED)
_11318_/ZN                              0.193000    0.729687   -0.536687 (VIOLATED)
clone1/ZN                               0.384400    0.915815   -0.531415 (VIOLATED)
_11317_/ZN                              0.192200    0.678823   -0.486623 (VIOLATED)
_09556_/ZN                              0.193000    0.675143   -0.482143 (VIOLATED)
clone2/ZN                               0.192200    0.654909   -0.462709 (VIOLATED)
clone49/ZN                              0.193000    0.651815   -0.458815 (VIOLATED)
_11314_/ZN                              0.192200    0.642538   -0.450338 (VIOLATED)
_11852_/ZN                              0.759400    1.205704   -0.446304 (VIOLATED)
clone39/ZN                              0.192200    0.633460   -0.441260 (VIOLATED)
_12599_/ZN                              0.193000    0.630399   -0.437399 (VIOLATED)
_11851_/ZN                              0.251700    0.682070   -0.430371 (VIOLATED)
_11323_/ZN                              0.335400    0.747745   -0.412345 (VIOLATED)
_20015_/Q                               0.780800    1.172590   -0.391790 (VIOLATED)
_10157_/ZN                              0.193000    0.582428   -0.389428 (VIOLATED)
_10164_/ZN                              0.193000    0.582316   -0.389316 (VIOLATED)
_10166_/ZN                              0.193000    0.576695   -0.383695 (VIOLATED)
_11322_/ZN                              0.193000    0.574642   -0.381642 (VIOLATED)
clone76/ZN                              0.384400    0.757627   -0.373227 (VIOLATED)
_12953_/ZN                              0.387700    0.695770   -0.308070 (VIOLATED)
_11313_/ZN                              0.192500    0.474070   -0.281570 (VIOLATED)
_11310_/ZN                              0.335400    0.614941   -0.279541 (VIOLATED)
_09481_/ZN                              0.672700    0.952232   -0.279532 (VIOLATED)
clone6/ZN                               0.193000    0.469534   -0.276534 (VIOLATED)
clone53/ZN                              0.193000    0.468495   -0.275495 (VIOLATED)
clone4/ZN                               0.193000    0.465559   -0.272559 (VIOLATED)
clone11/ZN                              0.370600    0.641872   -0.271272 (VIOLATED)
clone56/ZN                              0.193000    0.463823   -0.270822 (VIOLATED)
_09495_/ZN                              0.193000    0.461346   -0.268346 (VIOLATED)
clone18/ZN                              0.193000    0.443809   -0.250809 (VIOLATED)
clone14/ZN                              0.335400    0.578261   -0.242861 (VIOLATED)
clone16/ZN                              0.193000    0.428926   -0.235926 (VIOLATED)
clone5/ZN                               0.192200    0.423737   -0.231538 (VIOLATED)
_18231_/ZN                              0.127200    0.347969   -0.220769 (VIOLATED)
clone19/ZN                              0.193000    0.413583   -0.220583 (VIOLATED)
_12954_/ZN                              0.335400    0.554881   -0.219481 (VIOLATED)
_11315_/ZN                              0.193000    0.399431   -0.206431 (VIOLATED)
clone17/ZN                              0.382300    0.583735   -0.201435 (VIOLATED)
_10177_/ZN                              0.291800    0.483140   -0.191340 (VIOLATED)
_09676_/ZN                              0.093500    0.282580   -0.189080 (VIOLATED)
clone33/ZN                              0.193000    0.378088   -0.185088 (VIOLATED)
_10921_/ZN                              0.193000    0.374922   -0.181922 (VIOLATED)
_16331_/ZN                              0.672700    0.847862   -0.175162 (VIOLATED)
_20017_/Q                               0.389600    0.553452   -0.163852 (VIOLATED)
_15732_/ZN                              0.127200    0.289119   -0.161919 (VIOLATED)
_13254_/ZN                              0.335400    0.487519   -0.152119 (VIOLATED)
_09842_/ZN                              0.335400    0.485826   -0.150426 (VIOLATED)
clone35/ZN                              0.193000    0.334326   -0.141326 (VIOLATED)
clone31/ZN                              0.192500    0.331777   -0.139277 (VIOLATED)
_10179_/ZN                              0.193000    0.330109   -0.137109 (VIOLATED)
_12946_/ZN                              0.193000    0.325277   -0.132277 (VIOLATED)
clone7/ZN                               0.193000    0.314706   -0.121706 (VIOLATED)
clone30/ZN                              0.387700    0.507883   -0.120183 (VIOLATED)
clone36/ZN                              0.193000    0.312885   -0.119885 (VIOLATED)
_09480_/Z                               0.388400    0.507388   -0.118988 (VIOLATED)
clone40/ZN                              0.193000    0.310751   -0.117751 (VIOLATED)
_10599_/ZN                              0.193000    0.307919   -0.114919 (VIOLATED)
clone54/ZN                              0.193000    0.298937   -0.105937 (VIOLATED)
_10180_/ZN                              0.335400    0.432865   -0.097465 (VIOLATED)
_11309_/ZN                              0.387700    0.479943   -0.092243 (VIOLATED)
_12596_/ZN                              0.335400    0.422704   -0.087304 (VIOLATED)
_12600_/ZN                              0.335400    0.422236   -0.086836 (VIOLATED)
_09619_/ZN                              0.335400    0.420118   -0.084718 (VIOLATED)
_10176_/ZN                              0.193000    0.275001   -0.082001 (VIOLATED)
_11907_/ZN                              0.125900    0.202548   -0.076648 (VIOLATED)
_09956_/ZN                              0.192500    0.265518   -0.073018 (VIOLATED)
_15958_/ZN                              0.387700    0.452585   -0.064885 (VIOLATED)
_10024_/ZN                              0.193000    0.257843   -0.064843 (VIOLATED)
_12723_/ZN                              0.335400    0.399799   -0.064399 (VIOLATED)
_11845_/ZN                              0.335400    0.397078   -0.061678 (VIOLATED)
_15954_/ZN                              0.387700    0.448954   -0.061254 (VIOLATED)
_10609_/ZN                              0.193000    0.253116   -0.060116 (VIOLATED)
_12952_/ZN                              0.370600    0.430064   -0.059464 (VIOLATED)
_17608_/ZN                              0.387700    0.446162   -0.058462 (VIOLATED)
_10090_/ZN                              0.193000    0.251320   -0.058320 (VIOLATED)
_09324_/ZN                              0.370600    0.427918   -0.057318 (VIOLATED)
clone37/ZN                              0.193000    0.249536   -0.056536 (VIOLATED)
_10945_/ZN                              0.291800    0.347570   -0.055770 (VIOLATED)
clone26/ZN                              0.251700    0.303029   -0.051329 (VIOLATED)
_11857_/ZN                              0.387700    0.435973   -0.048273 (VIOLATED)
_11306_/ZN                              0.335400    0.383472   -0.048072 (VIOLATED)
_09937_/ZN                              0.291800    0.335257   -0.043457 (VIOLATED)
_11316_/ZN                              0.193000    0.235601   -0.042601 (VIOLATED)
_16067_/ZN                              0.291800    0.330850   -0.039050 (VIOLATED)
_11854_/ZN                              0.766000    0.803085   -0.037085 (VIOLATED)
clone27/ZN                              0.382300    0.419272   -0.036972 (VIOLATED)
_17341_/ZN                              0.125900    0.159326   -0.033426 (VIOLATED)
_12278_/ZN                              0.335400    0.366332   -0.030932 (VIOLATED)
clone75/ZN                              0.387700    0.416997   -0.029297 (VIOLATED)
_10666_/ZN                              0.193000    0.219149   -0.026149 (VIOLATED)
_18038_/ZN                              0.127200    0.150616   -0.023416 (VIOLATED)
_10190_/ZN                              0.193000    0.215790   -0.022790 (VIOLATED)
_10657_/ZN                              0.193000    0.214103   -0.021103 (VIOLATED)
_09461_/ZN                              0.193000    0.211929   -0.018929 (VIOLATED)
_09663_/ZN                              0.127200    0.144847   -0.017647 (VIOLATED)
_10191_/ZN                              0.335400    0.352677   -0.017277 (VIOLATED)
_10667_/ZN                              0.193000    0.209645   -0.016645 (VIOLATED)
_10165_/ZN                              0.335400    0.351573   -0.016173 (VIOLATED)
hold58/Z                                0.387800    0.399812   -0.012012 (VIOLATED)
_16201_/Z                               0.388400    0.398671   -0.010271 (VIOLATED)
clone34/ZN                              0.187800    0.196606   -0.008806 (VIOLATED)
_11891_/ZN                              0.127200    0.135613   -0.008413 (VIOLATED)
_10664_/ZN                              0.193000    0.200411   -0.007411 (VIOLATED)
_14584_/ZN                              0.226700    0.232759   -0.006059 (VIOLATED)
_10659_/ZN                              0.193000    0.198911   -0.005911 (VIOLATED)
_11976_/ZN                              0.335400    0.340691   -0.005291 (VIOLATED)
_11586_/ZN                              0.335400    0.340142   -0.004742 (VIOLATED)
_18152_/ZN                              0.125800    0.128923   -0.003123 (VIOLATED)
_09587_/ZN                              0.193000    0.195043   -0.002043 (VIOLATED)
_10192_/ZN                              0.193000    0.194929   -0.001929 (VIOLATED)
_10655_/ZN                              0.193000    0.194109   -0.001109 (VIOLATED)



===========================================================================
report_parasitic_annotation -report_unannotated
============================================================================
Found 98 unannotated drivers.
 din_ready_o_IN
 dout_IN[0]
 dout_IN[1]
 dout_IN[2]
 dout_IN[3]
 dout_IN[4]
 dout_IN[5]
 dout_IN[6]
 dout_IN[7]
 dout_valid_o_IN
 clkload0/ZN
 clkload1/ZN
 clkload10/ZN
 clkload11/ZN
 clkload12/Z
 clkload13/Z
 clkload14/ZN
 clkload15/ZN
 clkload16/Z
 clkload17/Z
 clkload18/ZN
 clkload19/Z
 clkload2/ZN
 clkload20/ZN
 clkload21/ZN
 clkload22/ZN
 clkload23/ZN
 clkload24/ZN
 clkload25/ZN
 clkload26/ZN
 clkload27/ZN
 clkload28/ZN
 clkload29/Z
 clkload3/ZN
 clkload30/ZN
 clkload31/ZN
 clkload32/ZN
 clkload33/ZN
 clkload34/Z
 clkload35/ZN
 clkload36/Z
 clkload37/ZN
 clkload38/ZN
 clkload39/ZN
 clkload4/ZN
 clkload40/ZN
 clkload41/ZN
 clkload42/ZN
 clkload43/Z
 clkload44/Z
 clkload45/ZN
 clkload46/Z
 clkload47/Z
 clkload48/Z
 clkload49/ZN
 clkload5/Z
 clkload50/ZN
 clkload51/ZN
 clkload52/ZN
 clkload53/Z
 clkload54/ZN
 clkload55/ZN
 clkload56/ZN
 clkload57/ZN
 clkload58/ZN
 clkload59/ZN
 clkload6/ZN
 clkload60/ZN
 clkload61/ZN
 clkload62/ZN
 clkload63/ZN
 clkload64/ZN
 clkload65/ZN
 clkload66/ZN
 clkload67/ZN
 clkload68/ZN
 clkload69/ZN
 clkload7/ZN
 clkload70/ZN
 clkload71/ZN
 clkload72/ZN
 clkload73/ZN
 clkload74/ZN
 clkload75/ZN
 clkload76/ZN
 clkload77/ZN
 clkload78/Z
 clkload79/ZN
 clkload8/Z
 clkload80/ZN
 clkload81/ZN
 clkload82/ZN
 clkload83/ZN
 clkload84/ZN
 clkload85/ZN
 clkload86/ZN
 clkload87/ZN
 clkload9/ZN
Found 0 partially unannotated drivers.

===========================================================================
max slew violation count 3256
max fanout violation count 0
max cap violation count 116
============================================================================

===========================================================================
check_setup -verbose -unconstrained_endpoints -multiple_clock -no_clock -no_input_delay -loops -generated_clocks
===========================================================================
Warning: There are 10 input ports missing set_input_delay.
  din_ready_o_IN
  dout_IN[0]
  dout_IN[1]
  dout_IN[2]
  dout_IN[3]
  dout_IN[4]
  dout_IN[5]
  dout_IN[6]
  dout_IN[7]
  dout_valid_o_IN
