
===========================================================================
report_checks -path_delay max (Setup)
============================================================================
======================= nom_ff_n40C_5v50 Corner ===================================

Startpoint: core_dout_valid_i (input port clocked by clk)
Endpoint: dout[5] (output port clocked by clk)
Path Group: clk
Path Type: max

Fanout         Cap        Slew       Delay        Time   Description
---------------------------------------------------------------------------------------------
                                  0.000000    0.000000   clock clk (rise edge)
                                  0.000000    0.000000   clock network delay (propagated)
                                  3.200000    3.200000 v input external delay
     2    0.012684    0.031226    0.011934    3.211934 v core_dout_valid_i (in)
                                                         core_dout_valid_i (net)
                      0.031226    0.000000    3.211934 v input10/I (gf180mcu_fd_sc_mcu7t5v0__dlya_1)
    14    0.234440    1.530946    1.221416    4.433351 v input10/Z (gf180mcu_fd_sc_mcu7t5v0__dlya_1)
                                                         net10 (net)
                      1.535171    0.046064    4.479415 v _468_/A1 (gf180mcu_fd_sc_mcu7t5v0__nor2_2)
     5    0.172086    1.634745    1.342006    5.821421 ^ _468_/ZN (gf180mcu_fd_sc_mcu7t5v0__nor2_2)
                                                         _182_ (net)
                      1.638319    0.042379    5.863800 ^ _535_/A1 (gf180mcu_fd_sc_mcu7t5v0__nand3_1)
     1    0.009162    0.459320    0.200949    6.064749 v _535_/ZN (gf180mcu_fd_sc_mcu7t5v0__nand3_1)
                                                         _236_ (net)
                      0.459320    0.000222    6.064971 v _536_/B (gf180mcu_fd_sc_mcu7t5v0__oai21_1)
     1    0.008858    0.326966    0.269940    6.334911 ^ _536_/ZN (gf180mcu_fd_sc_mcu7t5v0__oai21_1)
                                                         _237_ (net)
                      0.326966    0.000210    6.335121 ^ _538_/A2 (gf180mcu_fd_sc_mcu7t5v0__oai21_1)
     1    0.012516    0.388130    0.164901    6.500021 v _538_/ZN (gf180mcu_fd_sc_mcu7t5v0__oai21_1)
                                                         net89 (net)
                      0.388130    0.000509    6.500531 v output89/I (gf180mcu_fd_sc_mcu7t5v0__dlyb_1)
     1    0.055827    0.422565    0.945254    7.445785 v output89/Z (gf180mcu_fd_sc_mcu7t5v0__dlyb_1)
                                                         dout[5] (net)
                      0.422573    0.001229    7.447014 v dout[5] (out)
                                              7.447014   data arrival time

                                 16.000000   16.000000   clock clk (rise edge)
                                  0.000000   16.000000   clock network delay (propagated)
                                 -0.250000   15.750001   clock uncertainty
                                  0.000000   15.750001   clock reconvergence pessimism
                                 -3.200000   12.550000   output external delay
                                             12.550000   data required time
---------------------------------------------------------------------------------------------
                                             12.550000   data required time
                                             -7.447014   data arrival time
---------------------------------------------------------------------------------------------
                                              5.102987   slack (MET)


Startpoint: core_dout_valid_i (input port clocked by clk)
Endpoint: dout[7] (output port clocked by clk)
Path Group: clk
Path Type: max

Fanout         Cap        Slew       Delay        Time   Description
---------------------------------------------------------------------------------------------
                                  0.000000    0.000000   clock clk (rise edge)
                                  0.000000    0.000000   clock network delay (propagated)
                                  3.200000    3.200000 ^ input external delay
     2    0.012684    0.056461    0.022020    3.222020 ^ core_dout_valid_i (in)
                                                         core_dout_valid_i (net)
                      0.056461    0.000000    3.222020 ^ input10/I (gf180mcu_fd_sc_mcu7t5v0__dlya_1)
    14    0.234440    2.511098    1.691761    4.913781 ^ input10/Z (gf180mcu_fd_sc_mcu7t5v0__dlya_1)
                                                         net10 (net)
                      2.513703    0.046172    4.959953 ^ _468_/A1 (gf180mcu_fd_sc_mcu7t5v0__nor2_2)
     5    0.172086    1.277978    0.809816    5.769769 v _468_/ZN (gf180mcu_fd_sc_mcu7t5v0__nor2_2)
                                                         _182_ (net)
                      1.282638    0.042532    5.812301 v _546_/A1 (gf180mcu_fd_sc_mcu7t5v0__nand3_1)
     1    0.006753    0.377703    0.352570    6.164872 ^ _546_/ZN (gf180mcu_fd_sc_mcu7t5v0__nand3_1)
                                                         _245_ (net)
                      0.377703    0.000143    6.165015 ^ _547_/B (gf180mcu_fd_sc_mcu7t5v0__oai21_1)
     1    0.009601    0.228004    0.151439    6.316454 v _547_/ZN (gf180mcu_fd_sc_mcu7t5v0__oai21_1)
                                                         _246_ (net)
                      0.228004    0.000236    6.316689 v _549_/A2 (gf180mcu_fd_sc_mcu7t5v0__oai21_1)
     1    0.012784    0.318470    0.240833    6.557522 ^ _549_/ZN (gf180mcu_fd_sc_mcu7t5v0__oai21_1)
                                                         net91 (net)
                      0.318471    0.000423    6.557945 ^ output91/I (gf180mcu_fd_sc_mcu7t5v0__dlyb_1)
     1    0.056984    0.638437    0.863330    7.421276 ^ output91/Z (gf180mcu_fd_sc_mcu7t5v0__dlyb_1)
                                                         dout[7] (net)
                      0.638446    0.001352    7.422628 ^ dout[7] (out)
                                              7.422628   data arrival time

                                 16.000000   16.000000   clock clk (rise edge)
                                  0.000000   16.000000   clock network delay (propagated)
                                 -0.250000   15.750001   clock uncertainty
                                  0.000000   15.750001   clock reconvergence pessimism
                                 -3.200000   12.550000   output external delay
                                             12.550000   data required time
---------------------------------------------------------------------------------------------
                                             12.550000   data required time
                                             -7.422628   data arrival time
---------------------------------------------------------------------------------------------
                                              5.127372   slack (MET)


Startpoint: core_dout_valid_i (input port clocked by clk)
Endpoint: dout[3] (output port clocked by clk)
Path Group: clk
Path Type: max

Fanout         Cap        Slew       Delay        Time   Description
---------------------------------------------------------------------------------------------
                                  0.000000    0.000000   clock clk (rise edge)
                                  0.000000    0.000000   clock network delay (propagated)
                                  3.200000    3.200000 ^ input external delay
     2    0.012684    0.056461    0.022020    3.222020 ^ core_dout_valid_i (in)
                                                         core_dout_valid_i (net)
                      0.056461    0.000000    3.222020 ^ input10/I (gf180mcu_fd_sc_mcu7t5v0__dlya_1)
    14    0.234440    2.511098    1.691761    4.913781 ^ input10/Z (gf180mcu_fd_sc_mcu7t5v0__dlya_1)
                                                         net10 (net)
                      2.513703    0.046172    4.959953 ^ _468_/A1 (gf180mcu_fd_sc_mcu7t5v0__nor2_2)
     5    0.172086    1.277978    0.809816    5.769769 v _468_/ZN (gf180mcu_fd_sc_mcu7t5v0__nor2_2)
                                                         _182_ (net)
                      1.282517    0.041826    5.811594 v _525_/A1 (gf180mcu_fd_sc_mcu7t5v0__nand3_1)
     1    0.007345    0.385456    0.360263    6.171857 ^ _525_/ZN (gf180mcu_fd_sc_mcu7t5v0__nand3_1)
                                                         _228_ (net)
                      0.385456    0.000100    6.171957 ^ _527_/B1 (gf180mcu_fd_sc_mcu7t5v0__aoi22_1)
     1    0.006026    0.354508    0.160336    6.332294 v _527_/ZN (gf180mcu_fd_sc_mcu7t5v0__aoi22_1)
                                                         _230_ (net)
                      0.354508    0.000072    6.332366 v _528_/I (gf180mcu_fd_sc_mcu7t5v0__clkinv_1)
     1    0.014605    0.225707    0.201907    6.534273 ^ _528_/ZN (gf180mcu_fd_sc_mcu7t5v0__clkinv_1)
                                                         net87 (net)
                      0.225708    0.000617    6.534890 ^ output87/I (gf180mcu_fd_sc_mcu7t5v0__dlyb_1)
     1    0.056954    0.638091    0.861331    7.396221 ^ output87/Z (gf180mcu_fd_sc_mcu7t5v0__dlyb_1)
                                                         dout[3] (net)
                      0.638100    0.001319    7.397540 ^ dout[3] (out)
                                              7.397540   data arrival time

                                 16.000000   16.000000   clock clk (rise edge)
                                  0.000000   16.000000   clock network delay (propagated)
                                 -0.250000   15.750001   clock uncertainty
                                  0.000000   15.750001   clock reconvergence pessimism
                                 -3.200000   12.550000   output external delay
                                             12.550000   data required time
---------------------------------------------------------------------------------------------
                                             12.550000   data required time
                                             -7.397540   data arrival time
---------------------------------------------------------------------------------------------
                                              5.152461   slack (MET)


Startpoint: core_dout_valid_i (input port clocked by clk)
Endpoint: dout[2] (output port clocked by clk)
Path Group: clk
Path Type: max

Fanout         Cap        Slew       Delay        Time   Description
---------------------------------------------------------------------------------------------
                                  0.000000    0.000000   clock clk (rise edge)
                                  0.000000    0.000000   clock network delay (propagated)
                                  3.200000    3.200000 ^ input external delay
     2    0.012684    0.056461    0.022020    3.222020 ^ core_dout_valid_i (in)
                                                         core_dout_valid_i (net)
                      0.056461    0.000000    3.222020 ^ input10/I (gf180mcu_fd_sc_mcu7t5v0__dlya_1)
    14    0.234440    2.511098    1.691761    4.913781 ^ input10/Z (gf180mcu_fd_sc_mcu7t5v0__dlya_1)
                                                         net10 (net)
                      2.513703    0.046172    4.959953 ^ _468_/A1 (gf180mcu_fd_sc_mcu7t5v0__nor2_2)
     5    0.172086    1.277978    0.809816    5.769769 v _468_/ZN (gf180mcu_fd_sc_mcu7t5v0__nor2_2)
                                                         _182_ (net)
                      1.282668    0.042707    5.812476 v _520_/A1 (gf180mcu_fd_sc_mcu7t5v0__nand3_1)
     1    0.006753    0.377709    0.352591    6.165067 ^ _520_/ZN (gf180mcu_fd_sc_mcu7t5v0__nand3_1)
                                                         _224_ (net)
                      0.377709    0.000082    6.165149 ^ _521_/B (gf180mcu_fd_sc_mcu7t5v0__oai21_1)
     1    0.007225    0.207374    0.135637    6.300786 v _521_/ZN (gf180mcu_fd_sc_mcu7t5v0__oai21_1)
                                                         _225_ (net)
                      0.207374    0.000156    6.300942 v _522_/A2 (gf180mcu_fd_sc_mcu7t5v0__oai21_1)
     1    0.003272    0.242610    0.139040    6.439982 ^ _522_/ZN (gf180mcu_fd_sc_mcu7t5v0__oai21_1)
                                                         net86 (net)
                      0.242610    0.000061    6.440044 ^ output86/I (gf180mcu_fd_sc_mcu7t5v0__dlyb_1)
     1    0.055418    0.622023    0.852485    7.292529 ^ output86/Z (gf180mcu_fd_sc_mcu7t5v0__dlyb_1)
                                                         dout[2] (net)
                      0.622026    0.000815    7.293344 ^ dout[2] (out)
                                              7.293344   data arrival time

                                 16.000000   16.000000   clock clk (rise edge)
                                  0.000000   16.000000   clock network delay (propagated)
                                 -0.250000   15.750001   clock uncertainty
                                  0.000000   15.750001   clock reconvergence pessimism
                                 -3.200000   12.550000   output external delay
                                             12.550000   data required time
---------------------------------------------------------------------------------------------
                                             12.550000   data required time
                                             -7.293344   data arrival time
---------------------------------------------------------------------------------------------
                                              5.256657   slack (MET)


Startpoint: core_dout_valid_i (input port clocked by clk)
Endpoint: dout_valid_o (output port clocked by clk)
Path Group: clk
Path Type: max

Fanout         Cap        Slew       Delay        Time   Description
---------------------------------------------------------------------------------------------
                                  0.000000    0.000000   clock clk (rise edge)
                                  0.000000    0.000000   clock network delay (propagated)
                                  3.200000    3.200000 ^ input external delay
     2    0.012684    0.056461    0.022020    3.222020 ^ core_dout_valid_i (in)
                                                         core_dout_valid_i (net)
                      0.056461    0.000000    3.222020 ^ input10/I (gf180mcu_fd_sc_mcu7t5v0__dlya_1)
    14    0.234440    2.511098    1.691761    4.913781 ^ input10/Z (gf180mcu_fd_sc_mcu7t5v0__dlya_1)
                                                         net10 (net)
                      2.513703    0.046172    4.959953 ^ _468_/A1 (gf180mcu_fd_sc_mcu7t5v0__nor2_2)
     5    0.172086    1.277978    0.809816    5.769769 v _468_/ZN (gf180mcu_fd_sc_mcu7t5v0__nor2_2)
                                                         _182_ (net)
                      1.282659    0.042654    5.812423 v _469_/A3 (gf180mcu_fd_sc_mcu7t5v0__nand3_1)
     1    0.010938    0.477828    0.501395    6.313818 ^ _469_/ZN (gf180mcu_fd_sc_mcu7t5v0__nand3_1)
                                                         net92 (net)
                      0.477828    0.000336    6.314154 ^ output92/I (gf180mcu_fd_sc_mcu7t5v0__dlyb_1)
     1    0.054792    0.615513    0.849755    7.163909 ^ output92/Z (gf180mcu_fd_sc_mcu7t5v0__dlyb_1)
                                                         dout_valid_o (net)
                      0.615523    0.001355    7.165265 ^ dout_valid_o (out)
                                              7.165265   data arrival time

                                 16.000000   16.000000   clock clk (rise edge)
                                  0.000000   16.000000   clock network delay (propagated)
                                 -0.250000   15.750001   clock uncertainty
                                  0.000000   15.750001   clock reconvergence pessimism
                                 -3.200000   12.550000   output external delay
                                             12.550000   data required time
---------------------------------------------------------------------------------------------
                                             12.550000   data required time
                                             -7.165265   data arrival time
---------------------------------------------------------------------------------------------
                                              5.384736   slack (MET)


Startpoint: din[5] (input port clocked by clk)
Endpoint: core_din_valid_o (output port clocked by clk)
Path Group: clk
Path Type: max

Fanout         Cap        Slew       Delay        Time   Description
---------------------------------------------------------------------------------------------
                                  0.000000    0.000000   clock clk (rise edge)
                                  0.000000    0.000000   clock network delay (propagated)
                                  3.200000    3.200000 v input external delay
     2    0.008198    0.023478    0.007272    3.207272 v din[5] (in)
                                                         din[5] (net)
                      0.023478    0.000000    3.207272 v input34/I (gf180mcu_fd_sc_mcu7t5v0__clkbuf_2)
     7    0.291337    1.473426    0.983923    4.191195 v input34/Z (gf180mcu_fd_sc_mcu7t5v0__clkbuf_2)
                                                         net34 (net)
                      1.473691    0.011715    4.202909 v _472_/A2 (gf180mcu_fd_sc_mcu7t5v0__or2_1)
     2    0.008933    0.174290    0.624027    4.826937 v _472_/Z (gf180mcu_fd_sc_mcu7t5v0__or2_1)
                                                         _184_ (net)
                      0.174290    0.000154    4.827091 v _474_/A4 (gf180mcu_fd_sc_mcu7t5v0__nor4_1)
     4    0.023013    0.986615    0.614281    5.441372 ^ _474_/ZN (gf180mcu_fd_sc_mcu7t5v0__nor4_1)
                                                         _186_ (net)
                      0.986615    0.000408    5.441780 ^ _482_/B (gf180mcu_fd_sc_mcu7t5v0__aoi21_1)
     1    0.005685    0.382066    0.208676    5.650455 v _482_/ZN (gf180mcu_fd_sc_mcu7t5v0__aoi21_1)
                                                         _194_ (net)
                      0.382066    0.000060    5.650515 v _498_/A2 (gf180mcu_fd_sc_mcu7t5v0__oai21_1)
     4    0.033540    0.723155    0.481915    6.132430 ^ _498_/ZN (gf180mcu_fd_sc_mcu7t5v0__oai21_1)
                                                         _208_ (net)
                      0.723156    0.001303    6.133732 ^ _499_/A2 (gf180mcu_fd_sc_mcu7t5v0__and2_1)
     1    0.004864    0.110175    0.212650    6.346382 ^ _499_/Z (gf180mcu_fd_sc_mcu7t5v0__and2_1)
                                                         net50 (net)
                      0.110175    0.000103    6.346484 ^ output50/I (gf180mcu_fd_sc_mcu7t5v0__dlyb_1)
     1    0.051029    0.575961    0.815404    7.161889 ^ output50/Z (gf180mcu_fd_sc_mcu7t5v0__dlyb_1)
                                                         core_din_valid_o (net)
                      0.575961    0.000398    7.162287 ^ core_din_valid_o (out)
                                              7.162287   data arrival time

                                 16.000000   16.000000   clock clk (rise edge)
                                  0.000000   16.000000   clock network delay (propagated)
                                 -0.250000   15.750001   clock uncertainty
                                  0.000000   15.750001   clock reconvergence pessimism
                                 -3.200000   12.550000   output external delay
                                             12.550000   data required time
---------------------------------------------------------------------------------------------
                                             12.550000   data required time
                                             -7.162287   data arrival time
---------------------------------------------------------------------------------------------
                                              5.387714   slack (MET)


Startpoint: core_dout_valid_i (input port clocked by clk)
Endpoint: feeder_start (output port clocked by clk)
Path Group: clk
Path Type: max

Fanout         Cap        Slew       Delay        Time   Description
---------------------------------------------------------------------------------------------
                                  0.000000    0.000000   clock clk (rise edge)
                                  0.000000    0.000000   clock network delay (propagated)
                                  3.200000    3.200000 ^ input external delay
     2    0.012684    0.056461    0.022020    3.222020 ^ core_dout_valid_i (in)
                                                         core_dout_valid_i (net)
                      0.056461    0.000000    3.222020 ^ input10/I (gf180mcu_fd_sc_mcu7t5v0__dlya_1)
    14    0.234440    2.511098    1.691761    4.913781 ^ input10/Z (gf180mcu_fd_sc_mcu7t5v0__dlya_1)
                                                         net10 (net)
                      2.513748    0.046564    4.960344 ^ _408_/A2 (gf180mcu_fd_sc_mcu7t5v0__nand2_1)
     2    0.011433    0.533868    0.045763    5.006107 v _408_/ZN (gf180mcu_fd_sc_mcu7t5v0__nand2_1)
                                                         _129_ (net)
                      0.533868    0.000097    5.006204 v _409_/A3 (gf180mcu_fd_sc_mcu7t5v0__nor3_1)
     1    0.004322    0.302816    0.247293    5.253497 ^ _409_/ZN (gf180mcu_fd_sc_mcu7t5v0__nor3_1)
                                                         _130_ (net)
                      0.302816    0.000086    5.253583 ^ _410_/A3 (gf180mcu_fd_sc_mcu7t5v0__and3_1)
     3    0.033935    0.403645    0.432894    5.686478 ^ _410_/Z (gf180mcu_fd_sc_mcu7t5v0__and3_1)
                                                         _131_ (net)
                      0.403657    0.001234    5.687712 ^ _419_/A1 (gf180mcu_fd_sc_mcu7t5v0__nand2_1)
     2    0.013339    0.458681    0.159637    5.847349 v _419_/ZN (gf180mcu_fd_sc_mcu7t5v0__nand2_1)
                                                         _140_ (net)
                      0.458681    0.000216    5.847565 v _485_/B2 (gf180mcu_fd_sc_mcu7t5v0__aoi22_1)
     2    0.015672    0.468459    0.380370    6.227935 ^ _485_/ZN (gf180mcu_fd_sc_mcu7t5v0__aoi22_1)
                                                         _197_ (net)
                      0.468459    0.000398    6.228333 ^ _496_/A1 (gf180mcu_fd_sc_mcu7t5v0__and2_1)
     1    0.007911    0.133088    0.247466    6.475799 ^ _496_/Z (gf180mcu_fd_sc_mcu7t5v0__and2_1)
                                                         net97 (net)
                      0.133088    0.000203    6.476002 ^ output97/I (gf180mcu_fd_sc_mcu7t5v0__dlya_1)
     1    0.051344    0.575832    0.564084    7.040086 ^ output97/Z (gf180mcu_fd_sc_mcu7t5v0__dlya_1)
                                                         feeder_start (net)
                      0.575837    0.000915    7.041001 ^ feeder_start (out)
                                              7.041001   data arrival time

                                 16.000000   16.000000   clock clk (rise edge)
                                  0.000000   16.000000   clock network delay (propagated)
                                 -0.250000   15.750001   clock uncertainty
                                  0.000000   15.750001   clock reconvergence pessimism
                                 -3.200000   12.550000   output external delay
                                             12.550000   data required time
---------------------------------------------------------------------------------------------
                                             12.550000   data required time
                                             -7.041001   data arrival time
---------------------------------------------------------------------------------------------
                                              5.508999   slack (MET)


Startpoint: core_dout_valid_i (input port clocked by clk)
Endpoint: dout[1] (output port clocked by clk)
Path Group: clk
Path Type: max

Fanout         Cap        Slew       Delay        Time   Description
---------------------------------------------------------------------------------------------
                                  0.000000    0.000000   clock clk (rise edge)
                                  0.000000    0.000000   clock network delay (propagated)
                                  3.200000    3.200000 ^ input external delay
     2    0.012684    0.056461    0.022020    3.222020 ^ core_dout_valid_i (in)
                                                         core_dout_valid_i (net)
                      0.056461    0.000000    3.222020 ^ input10/I (gf180mcu_fd_sc_mcu7t5v0__dlya_1)
    14    0.234440    2.511098    1.691761    4.913781 ^ input10/Z (gf180mcu_fd_sc_mcu7t5v0__dlya_1)
                                                         net10 (net)
                      2.511147    0.006321    4.920102 ^ _512_/C (gf180mcu_fd_sc_mcu7t5v0__aoi221_1)
     1    0.009922    0.818020    0.290306    5.210408 v _512_/ZN (gf180mcu_fd_sc_mcu7t5v0__aoi221_1)
                                                         _217_ (net)
                      0.818020    0.000256    5.210664 v _513_/B2 (gf180mcu_fd_sc_mcu7t5v0__aoi221_1)
     1    0.007834    0.584033    0.462264    5.672928 ^ _513_/ZN (gf180mcu_fd_sc_mcu7t5v0__aoi221_1)
                                                         _218_ (net)
                      0.584033    0.000116    5.673044 ^ _514_/B (gf180mcu_fd_sc_mcu7t5v0__aoi21_1)
     1    0.015619    0.412002    0.263118    5.936162 v _514_/ZN (gf180mcu_fd_sc_mcu7t5v0__aoi21_1)
                                                         _219_ (net)
                      0.412002    0.000548    5.936710 v _515_/I (gf180mcu_fd_sc_mcu7t5v0__clkinv_1)
     1    0.003253    0.136004    0.117921    6.054632 ^ _515_/ZN (gf180mcu_fd_sc_mcu7t5v0__clkinv_1)
                                                         net85 (net)
                      0.136004    0.000032    6.054664 ^ output85/I (gf180mcu_fd_sc_mcu7t5v0__dlyb_1)
     1    0.052954    0.596061    0.829103    6.883767 ^ output85/Z (gf180mcu_fd_sc_mcu7t5v0__dlyb_1)
                                                         dout[1] (net)
                      0.596068    0.001145    6.884912 ^ dout[1] (out)
                                              6.884912   data arrival time

                                 16.000000   16.000000   clock clk (rise edge)
                                  0.000000   16.000000   clock network delay (propagated)
                                 -0.250000   15.750001   clock uncertainty
                                  0.000000   15.750001   clock reconvergence pessimism
                                 -3.200000   12.550000   output external delay
                                             12.550000   data required time
---------------------------------------------------------------------------------------------
                                             12.550000   data required time
                                             -6.884912   data arrival time
---------------------------------------------------------------------------------------------
                                              5.665089   slack (MET)


Startpoint: core_dout_valid_i (input port clocked by clk)
Endpoint: dout[6] (output port clocked by clk)
Path Group: clk
Path Type: max

Fanout         Cap        Slew       Delay        Time   Description
---------------------------------------------------------------------------------------------
                                  0.000000    0.000000   clock clk (rise edge)
                                  0.000000    0.000000   clock network delay (propagated)
                                  3.200000    3.200000 ^ input external delay
     2    0.012684    0.056461    0.022020    3.222020 ^ core_dout_valid_i (in)
                                                         core_dout_valid_i (net)
                      0.056461    0.000000    3.222020 ^ input10/I (gf180mcu_fd_sc_mcu7t5v0__dlya_1)
    14    0.234440    2.511098    1.691761    4.913781 ^ input10/Z (gf180mcu_fd_sc_mcu7t5v0__dlya_1)
                                                         net10 (net)
                      2.511340    0.014176    4.927957 ^ _540_/C (gf180mcu_fd_sc_mcu7t5v0__aoi211_1)
     1    0.011230    0.912742    0.337850    5.265807 v _540_/ZN (gf180mcu_fd_sc_mcu7t5v0__aoi211_1)
                                                         _240_ (net)
                      0.912742    0.000224    5.266030 v _541_/B2 (gf180mcu_fd_sc_mcu7t5v0__aoi221_1)
     1    0.005364    0.534106    0.449520    5.715551 ^ _541_/ZN (gf180mcu_fd_sc_mcu7t5v0__aoi221_1)
                                                         _241_ (net)
                      0.534106    0.000060    5.715611 ^ _542_/B (gf180mcu_fd_sc_mcu7t5v0__aoi21_1)
     1    0.004620    0.288310    0.170985    5.886595 v _542_/ZN (gf180mcu_fd_sc_mcu7t5v0__aoi21_1)
                                                         _242_ (net)
                      0.288310    0.000045    5.886641 v _543_/I (gf180mcu_fd_sc_mcu7t5v0__clkinv_1)
     1    0.010650    0.178466    0.158798    6.045439 ^ _543_/ZN (gf180mcu_fd_sc_mcu7t5v0__clkinv_1)
                                                         net90 (net)
                      0.178467    0.000378    6.045816 ^ output90/I (gf180mcu_fd_sc_mcu7t5v0__dlyb_1)
     1    0.053377    0.600453    0.835483    6.881299 ^ output90/Z (gf180mcu_fd_sc_mcu7t5v0__dlyb_1)
                                                         dout[6] (net)
                      0.600459    0.001090    6.882390 ^ dout[6] (out)
                                              6.882390   data arrival time

                                 16.000000   16.000000   clock clk (rise edge)
                                  0.000000   16.000000   clock network delay (propagated)
                                 -0.250000   15.750001   clock uncertainty
                                  0.000000   15.750001   clock reconvergence pessimism
                                 -3.200000   12.550000   output external delay
                                             12.550000   data required time
---------------------------------------------------------------------------------------------
                                             12.550000   data required time
                                             -6.882390   data arrival time
---------------------------------------------------------------------------------------------
                                              5.667611   slack (MET)


Startpoint: core_din_ready_i (input port clocked by clk)
Endpoint: external_fire (output port clocked by clk)
Path Group: clk
Path Type: max

Fanout         Cap        Slew       Delay        Time   Description
---------------------------------------------------------------------------------------------
                                  0.000000    0.000000   clock clk (rise edge)
                                  0.000000    0.000000   clock network delay (propagated)
                                  3.200000    3.200000 v input external delay
     2    0.005392    0.018393    0.004703    3.204703 v core_din_ready_i (in)
                                                         core_din_ready_i (net)
                      0.018393    0.000000    3.204703 v input1/I (gf180mcu_fd_sc_mcu7t5v0__dlyb_1)
     1    0.094091    0.646477    0.965558    4.170261 v input1/Z (gf180mcu_fd_sc_mcu7t5v0__dlyb_1)
                                                         net1 (net)
                      0.648024    0.017943    4.188204 v _448_/A1 (gf180mcu_fd_sc_mcu7t5v0__nand2_1)
     2    0.010100    0.261928    0.259756    4.447960 ^ _448_/ZN (gf180mcu_fd_sc_mcu7t5v0__nand2_1)
                                                         _165_ (net)
                      0.261928    0.000087    4.448048 ^ _449_/I (gf180mcu_fd_sc_mcu7t5v0__clkinv_1)
     1    0.005178    0.118442    0.097507    4.545555 v _449_/ZN (gf180mcu_fd_sc_mcu7t5v0__clkinv_1)
                                                         _166_ (net)
                      0.118442    0.000097    4.545652 v _451_/A2 (gf180mcu_fd_sc_mcu7t5v0__oai21_1)
     5    0.051442    1.013460    0.628884    5.174537 ^ _451_/ZN (gf180mcu_fd_sc_mcu7t5v0__oai21_1)
                                                         _167_ (net)
                      1.013460    0.000496    5.175033 ^ _452_/I (gf180mcu_fd_sc_mcu7t5v0__clkinv_1)
     9    0.077908    0.882401    0.722837    5.897870 v _452_/ZN (gf180mcu_fd_sc_mcu7t5v0__clkinv_1)
                                                         net96 (net)
                      0.882464    0.004193    5.902062 v output96/I (gf180mcu_fd_sc_mcu7t5v0__dlya_1)
     1    0.055666    0.384219    0.804174    6.706237 v output96/Z (gf180mcu_fd_sc_mcu7t5v0__dlya_1)
                                                         external_fire (net)
                      0.384244    0.001770    6.708006 v external_fire (out)
                                              6.708006   data arrival time

                                 16.000000   16.000000   clock clk (rise edge)
                                  0.000000   16.000000   clock network delay (propagated)
                                 -0.250000   15.750001   clock uncertainty
                                  0.000000   15.750001   clock reconvergence pessimism
                                 -3.200000   12.550000   output external delay
                                             12.550000   data required time
---------------------------------------------------------------------------------------------
                                             12.550000   data required time
                                             -6.708006   data arrival time
---------------------------------------------------------------------------------------------
                                              5.841994   slack (MET)


Startpoint: core_dout_valid_i (input port clocked by clk)
Endpoint: dout[4] (output port clocked by clk)
Path Group: clk
Path Type: max

Fanout         Cap        Slew       Delay        Time   Description
---------------------------------------------------------------------------------------------
                                  0.000000    0.000000   clock clk (rise edge)
                                  0.000000    0.000000   clock network delay (propagated)
                                  3.200000    3.200000 ^ input external delay
     2    0.012684    0.056461    0.022020    3.222020 ^ core_dout_valid_i (in)
                                                         core_dout_valid_i (net)
                      0.056461    0.000000    3.222020 ^ input10/I (gf180mcu_fd_sc_mcu7t5v0__dlya_1)
    14    0.234440    2.511098    1.691761    4.913781 ^ input10/Z (gf180mcu_fd_sc_mcu7t5v0__dlya_1)
                                                         net10 (net)
                      2.511284    0.012441    4.926221 ^ _530_/A1 (gf180mcu_fd_sc_mcu7t5v0__nor2_1)
     1    0.005845    0.492811   -0.019166    4.907055 v _530_/ZN (gf180mcu_fd_sc_mcu7t5v0__nor2_1)
                                                         _232_ (net)
                      0.492811    0.000119    4.907174 v _531_/B (gf180mcu_fd_sc_mcu7t5v0__aoi211_1)
     1    0.007382    0.536588    0.349802    5.256976 ^ _531_/ZN (gf180mcu_fd_sc_mcu7t5v0__aoi211_1)
                                                         _233_ (net)
                      0.536588    0.000167    5.257143 ^ _532_/B (gf180mcu_fd_sc_mcu7t5v0__aoi21_1)
     1    0.003346    0.268952    0.159459    5.416602 v _532_/ZN (gf180mcu_fd_sc_mcu7t5v0__aoi21_1)
                                                         net88 (net)
                      0.268952    0.000033    5.416635 v output88/I (gf180mcu_fd_sc_mcu7t5v0__dlyb_1)
     1    0.052812    0.404625    0.889083    6.305717 v output88/Z (gf180mcu_fd_sc_mcu7t5v0__dlyb_1)
                                                         dout[4] (net)
                      0.404626    0.000568    6.306285 v dout[4] (out)
                                              6.306285   data arrival time

                                 16.000000   16.000000   clock clk (rise edge)
                                  0.000000   16.000000   clock network delay (propagated)
                                 -0.250000   15.750001   clock uncertainty
                                  0.000000   15.750001   clock reconvergence pessimism
                                 -3.200000   12.550000   output external delay
                                             12.550000   data required time
---------------------------------------------------------------------------------------------
                                             12.550000   data required time
                                             -6.306285   data arrival time
---------------------------------------------------------------------------------------------
                                              6.243715   slack (MET)


Startpoint: core_dout_valid_i (input port clocked by clk)
Endpoint: dout[0] (output port clocked by clk)
Path Group: clk
Path Type: max

Fanout         Cap        Slew       Delay        Time   Description
---------------------------------------------------------------------------------------------
                                  0.000000    0.000000   clock clk (rise edge)
                                  0.000000    0.000000   clock network delay (propagated)
                                  3.200000    3.200000 ^ input external delay
     2    0.012684    0.056461    0.022020    3.222020 ^ core_dout_valid_i (in)
                                                         core_dout_valid_i (net)
                      0.056461    0.000000    3.222020 ^ input10/I (gf180mcu_fd_sc_mcu7t5v0__dlya_1)
    14    0.234440    2.511098    1.691761    4.913781 ^ input10/Z (gf180mcu_fd_sc_mcu7t5v0__dlya_1)
                                                         net10 (net)
                      2.511169    0.007670    4.921451 ^ _507_/A1 (gf180mcu_fd_sc_mcu7t5v0__nor2_1)
     1    0.011472    0.594479    0.078463    4.999914 v _507_/ZN (gf180mcu_fd_sc_mcu7t5v0__nor2_1)
                                                         _213_ (net)
                      0.594479    0.000385    5.000299 v _508_/B (gf180mcu_fd_sc_mcu7t5v0__aoi211_1)
     1    0.008578    0.562443    0.391094    5.391393 ^ _508_/ZN (gf180mcu_fd_sc_mcu7t5v0__aoi211_1)
                                                         _214_ (net)
                      0.562443    0.000205    5.391598 ^ _509_/B (gf180mcu_fd_sc_mcu7t5v0__aoi21_1)
     1    0.012603    0.383615    0.238244    5.629842 v _509_/ZN (gf180mcu_fd_sc_mcu7t5v0__aoi21_1)
                                                         net84 (net)
                      0.383615    0.000394    5.630236 v output84/I (gf180mcu_fd_sc_mcu7t5v0__dlya_1)
     1    0.054188    0.375139    0.648199    6.278434 v output84/Z (gf180mcu_fd_sc_mcu7t5v0__dlya_1)
                                                         dout[0] (net)
                      0.375151    0.001223    6.279658 v dout[0] (out)
                                              6.279658   data arrival time

                                 16.000000   16.000000   clock clk (rise edge)
                                  0.000000   16.000000   clock network delay (propagated)
                                 -0.250000   15.750001   clock uncertainty
                                  0.000000   15.750001   clock reconvergence pessimism
                                 -3.200000   12.550000   output external delay
                                             12.550000   data required time
---------------------------------------------------------------------------------------------
                                             12.550000   data required time
                                             -6.279658   data arrival time
---------------------------------------------------------------------------------------------
                                              6.270343   slack (MET)


Startpoint: core_din_ready_i (input port clocked by clk)
Endpoint: din_ready_o (output port clocked by clk)
Path Group: clk
Path Type: max

Fanout         Cap        Slew       Delay        Time   Description
---------------------------------------------------------------------------------------------
                                  0.000000    0.000000   clock clk (rise edge)
                                  0.000000    0.000000   clock network delay (propagated)
                                  3.200000    3.200000 v input external delay
     2    0.005392    0.018393    0.004703    3.204703 v core_din_ready_i (in)
                                                         core_din_ready_i (net)
                      0.018393    0.000000    3.204703 v input1/I (gf180mcu_fd_sc_mcu7t5v0__dlyb_1)
     1    0.094091    0.646477    0.965558    4.170261 v input1/Z (gf180mcu_fd_sc_mcu7t5v0__dlyb_1)
                                                         net1 (net)
                      0.648024    0.017943    4.188204 v _448_/A1 (gf180mcu_fd_sc_mcu7t5v0__nand2_1)
     2    0.010100    0.261928    0.259756    4.447960 ^ _448_/ZN (gf180mcu_fd_sc_mcu7t5v0__nand2_1)
                                                         _165_ (net)
                      0.261928    0.000079    4.448039 ^ _450_/A2 (gf180mcu_fd_sc_mcu7t5v0__nand2_1)
     2    0.109630    1.037457    0.658878    5.106917 v _450_/ZN (gf180mcu_fd_sc_mcu7t5v0__nand2_1)
                                                         net83 (net)
                      1.038779    0.021145    5.128062 v output83/I (gf180mcu_fd_sc_mcu7t5v0__dlyb_1)
     1    0.051454    0.396574    1.142648    6.270710 v output83/Z (gf180mcu_fd_sc_mcu7t5v0__dlyb_1)
                                                         din_ready_o (net)
                      0.396575    0.000437    6.271146 v din_ready_o (out)
                                              6.271146   data arrival time

                                 16.000000   16.000000   clock clk (rise edge)
                                  0.000000   16.000000   clock network delay (propagated)
                                 -0.250000   15.750001   clock uncertainty
                                  0.000000   15.750001   clock reconvergence pessimism
                                 -3.200000   12.550000   output external delay
                                             12.550000   data required time
---------------------------------------------------------------------------------------------
                                             12.550000   data required time
                                             -6.271146   data arrival time
---------------------------------------------------------------------------------------------
                                              6.278854   slack (MET)


Startpoint: din[1] (input port clocked by clk)
Endpoint: _794_ (rising edge-triggered flip-flop clocked by clk)
Path Group: clk
Path Type: max

Fanout         Cap        Slew       Delay        Time   Description
---------------------------------------------------------------------------------------------
                                  0.000000    0.000000   clock clk (rise edge)
                                  0.000000    0.000000   clock network delay (propagated)
                                  3.200000    3.200000 ^ input external delay
     2    0.007665    0.043339    0.013652    3.213651 ^ din[1] (in)
                                                         din[1] (net)
                      0.043339    0.000000    3.213651 ^ input30/I (gf180mcu_fd_sc_mcu7t5v0__dlyb_1)
     8    0.063326    0.705812    0.881184    4.094835 ^ input30/Z (gf180mcu_fd_sc_mcu7t5v0__dlyb_1)
                                                         net30 (net)
                      0.705826    0.001778    4.096613 ^ _388_/I (gf180mcu_fd_sc_mcu7t5v0__clkinv_1)
    10    0.235297    2.393832    1.600169    5.696783 v _388_/ZN (gf180mcu_fd_sc_mcu7t5v0__clkinv_1)
                                                         _109_ (net)
                      2.393962    0.010344    5.707127 v _593_/A1 (gf180mcu_fd_sc_mcu7t5v0__nor4_1)
     2    0.013708    0.952783    1.032079    6.739205 ^ _593_/ZN (gf180mcu_fd_sc_mcu7t5v0__nor4_1)
                                                         _261_ (net)
                      0.952783    0.000220    6.739425 ^ _595_/B1 (gf180mcu_fd_sc_mcu7t5v0__oai32_1)
     1    0.004670    0.446258    0.131754    6.871180 v _595_/ZN (gf180mcu_fd_sc_mcu7t5v0__oai32_1)
                                                         _263_ (net)
                      0.446258    0.000046    6.871225 v _597_/B (gf180mcu_fd_sc_mcu7t5v0__aoi211_1)
     2    0.045393    1.375978    0.882064    7.753289 ^ _597_/ZN (gf180mcu_fd_sc_mcu7t5v0__aoi211_1)
                                                         _265_ (net)
                      1.375978    0.001253    7.754542 ^ _649_/A2 (gf180mcu_fd_sc_mcu7t5v0__aoi21_1)
     4    0.043885    0.684785    0.347115    8.101657 v _649_/ZN (gf180mcu_fd_sc_mcu7t5v0__aoi21_1)
                                                         _289_ (net)
                      0.684785    0.000370    8.102028 v _667_/S (gf180mcu_fd_sc_mcu7t5v0__mux2_2)
     1    0.004098    0.082635    0.380916    8.482944 ^ _667_/Z (gf180mcu_fd_sc_mcu7t5v0__mux2_2)
                                                         _063_ (net)
                      0.082635    0.000077    8.483021 ^ _794_/D (gf180mcu_fd_sc_mcu7t5v0__dffrnq_4)
                                              8.483021   data arrival time

                                 16.000000   16.000000   clock clk (rise edge)
                                  0.000000   16.000000   clock source latency
     2    0.092910    0.000000    0.000000   16.000000 ^ clk (in)
                                                         clk (net)
                      0.025556    0.010454   16.010454 ^ clkbuf_0_clk/I (gf180mcu_fd_sc_mcu7t5v0__clkbuf_16)
     8    0.205666    0.162120    0.208070   16.218523 ^ clkbuf_0_clk/Z (gf180mcu_fd_sc_mcu7t5v0__clkbuf_16)
                                                         clknet_0_clk (net)
                      0.163264    0.009058   16.227581 ^ clkbuf_3_3_0_clk/I (gf180mcu_fd_sc_mcu7t5v0__clkbuf_8)
     9    0.084729    0.142760    0.221309   16.448891 ^ clkbuf_3_3_0_clk/Z (gf180mcu_fd_sc_mcu7t5v0__clkbuf_8)
                                                         clknet_3_3_0_clk (net)
                      0.142786    0.002922   16.451813 ^ _794_/CLK (gf180mcu_fd_sc_mcu7t5v0__dffrnq_4)
                                 -0.250000   16.201813   clock uncertainty
                                  0.000000   16.201813   clock reconvergence pessimism
                                 -0.176771   16.025043   library setup time
                                             16.025043   data required time
---------------------------------------------------------------------------------------------
                                             16.025043   data required time
                                             -8.483021   data arrival time
---------------------------------------------------------------------------------------------
                                              7.542022   slack (MET)


Startpoint: din[1] (input port clocked by clk)
Endpoint: _795_ (rising edge-triggered flip-flop clocked by clk)
Path Group: clk
Path Type: max

Fanout         Cap        Slew       Delay        Time   Description
---------------------------------------------------------------------------------------------
                                  0.000000    0.000000   clock clk (rise edge)
                                  0.000000    0.000000   clock network delay (propagated)
                                  3.200000    3.200000 ^ input external delay
     2    0.007665    0.043339    0.013652    3.213651 ^ din[1] (in)
                                                         din[1] (net)
                      0.043339    0.000000    3.213651 ^ input30/I (gf180mcu_fd_sc_mcu7t5v0__dlyb_1)
     8    0.063326    0.705812    0.881184    4.094835 ^ input30/Z (gf180mcu_fd_sc_mcu7t5v0__dlyb_1)
                                                         net30 (net)
                      0.705826    0.001778    4.096613 ^ _388_/I (gf180mcu_fd_sc_mcu7t5v0__clkinv_1)
    10    0.235297    2.393832    1.600169    5.696783 v _388_/ZN (gf180mcu_fd_sc_mcu7t5v0__clkinv_1)
                                                         _109_ (net)
                      2.393962    0.010344    5.707127 v _593_/A1 (gf180mcu_fd_sc_mcu7t5v0__nor4_1)
     2    0.013708    0.952783    1.032079    6.739205 ^ _593_/ZN (gf180mcu_fd_sc_mcu7t5v0__nor4_1)
                                                         _261_ (net)
                      0.952783    0.000220    6.739425 ^ _595_/B1 (gf180mcu_fd_sc_mcu7t5v0__oai32_1)
     1    0.004670    0.446258    0.131754    6.871180 v _595_/ZN (gf180mcu_fd_sc_mcu7t5v0__oai32_1)
                                                         _263_ (net)
                      0.446258    0.000046    6.871225 v _597_/B (gf180mcu_fd_sc_mcu7t5v0__aoi211_1)
     2    0.045393    1.375978    0.882064    7.753289 ^ _597_/ZN (gf180mcu_fd_sc_mcu7t5v0__aoi211_1)
                                                         _265_ (net)
                      1.375978    0.001253    7.754542 ^ _649_/A2 (gf180mcu_fd_sc_mcu7t5v0__aoi21_1)
     4    0.043885    0.684785    0.347115    8.101657 v _649_/ZN (gf180mcu_fd_sc_mcu7t5v0__aoi21_1)
                                                         _289_ (net)
                      0.684785    0.000449    8.102107 v _670_/S (gf180mcu_fd_sc_mcu7t5v0__mux2_2)
     1    0.003862    0.081443    0.379957    8.482063 ^ _670_/Z (gf180mcu_fd_sc_mcu7t5v0__mux2_2)
                                                         _064_ (net)
                      0.081443    0.000070    8.482134 ^ _795_/D (gf180mcu_fd_sc_mcu7t5v0__dffrnq_4)
                                              8.482134   data arrival time

                                 16.000000   16.000000   clock clk (rise edge)
                                  0.000000   16.000000   clock source latency
     2    0.092910    0.000000    0.000000   16.000000 ^ clk (in)
                                                         clk (net)
                      0.025556    0.010454   16.010454 ^ clkbuf_0_clk/I (gf180mcu_fd_sc_mcu7t5v0__clkbuf_16)
     8    0.205666    0.162120    0.208070   16.218523 ^ clkbuf_0_clk/Z (gf180mcu_fd_sc_mcu7t5v0__clkbuf_16)
                                                         clknet_0_clk (net)
                      0.163264    0.009058   16.227581 ^ clkbuf_3_3_0_clk/I (gf180mcu_fd_sc_mcu7t5v0__clkbuf_8)
     9    0.084729    0.142760    0.221309   16.448891 ^ clkbuf_3_3_0_clk/Z (gf180mcu_fd_sc_mcu7t5v0__clkbuf_8)
                                                         clknet_3_3_0_clk (net)
                      0.142788    0.003025   16.451916 ^ _795_/CLK (gf180mcu_fd_sc_mcu7t5v0__dffrnq_4)
                                 -0.250000   16.201918   clock uncertainty
                                  0.000000   16.201918   clock reconvergence pessimism
                                 -0.176464   16.025454   library setup time
                                             16.025454   data required time
---------------------------------------------------------------------------------------------
                                             16.025454   data required time
                                             -8.482134   data arrival time
---------------------------------------------------------------------------------------------
                                              7.543320   slack (MET)


Startpoint: din[1] (input port clocked by clk)
Endpoint: _792_ (rising edge-triggered flip-flop clocked by clk)
Path Group: clk
Path Type: max

Fanout         Cap        Slew       Delay        Time   Description
---------------------------------------------------------------------------------------------
                                  0.000000    0.000000   clock clk (rise edge)
                                  0.000000    0.000000   clock network delay (propagated)
                                  3.200000    3.200000 ^ input external delay
     2    0.007665    0.043339    0.013652    3.213651 ^ din[1] (in)
                                                         din[1] (net)
                      0.043339    0.000000    3.213651 ^ input30/I (gf180mcu_fd_sc_mcu7t5v0__dlyb_1)
     8    0.063326    0.705812    0.881184    4.094835 ^ input30/Z (gf180mcu_fd_sc_mcu7t5v0__dlyb_1)
                                                         net30 (net)
                      0.705826    0.001778    4.096613 ^ _388_/I (gf180mcu_fd_sc_mcu7t5v0__clkinv_1)
    10    0.235297    2.393832    1.600169    5.696783 v _388_/ZN (gf180mcu_fd_sc_mcu7t5v0__clkinv_1)
                                                         _109_ (net)
                      2.393962    0.010344    5.707127 v _593_/A1 (gf180mcu_fd_sc_mcu7t5v0__nor4_1)
     2    0.013708    0.952783    1.032079    6.739205 ^ _593_/ZN (gf180mcu_fd_sc_mcu7t5v0__nor4_1)
                                                         _261_ (net)
                      0.952783    0.000220    6.739425 ^ _595_/B1 (gf180mcu_fd_sc_mcu7t5v0__oai32_1)
     1    0.004670    0.446258    0.131754    6.871180 v _595_/ZN (gf180mcu_fd_sc_mcu7t5v0__oai32_1)
                                                         _263_ (net)
                      0.446258    0.000046    6.871225 v _597_/B (gf180mcu_fd_sc_mcu7t5v0__aoi211_1)
     2    0.045393    1.375978    0.882064    7.753289 ^ _597_/ZN (gf180mcu_fd_sc_mcu7t5v0__aoi211_1)
                                                         _265_ (net)
                      1.375978    0.001253    7.754542 ^ _649_/A2 (gf180mcu_fd_sc_mcu7t5v0__aoi21_1)
     4    0.043885    0.684785    0.347115    8.101657 v _649_/ZN (gf180mcu_fd_sc_mcu7t5v0__aoi21_1)
                                                         _289_ (net)
                      0.684785    0.000517    8.102174 v _654_/S (gf180mcu_fd_sc_mcu7t5v0__mux2_2)
     1    0.003543    0.086733    0.378656    8.480830 ^ _654_/Z (gf180mcu_fd_sc_mcu7t5v0__mux2_2)
                                                         _061_ (net)
                      0.086733    0.000036    8.480866 ^ _792_/D (gf180mcu_fd_sc_mcu7t5v0__dffrnq_2)
                                              8.480866   data arrival time

                                 16.000000   16.000000   clock clk (rise edge)
                                  0.000000   16.000000   clock source latency
     2    0.092910    0.000000    0.000000   16.000000 ^ clk (in)
                                                         clk (net)
                      0.025556    0.010454   16.010454 ^ clkbuf_0_clk/I (gf180mcu_fd_sc_mcu7t5v0__clkbuf_16)
     8    0.205666    0.162120    0.208070   16.218523 ^ clkbuf_0_clk/Z (gf180mcu_fd_sc_mcu7t5v0__clkbuf_16)
                                                         clknet_0_clk (net)
                      0.163264    0.009058   16.227581 ^ clkbuf_3_3_0_clk/I (gf180mcu_fd_sc_mcu7t5v0__clkbuf_8)
     9    0.084729    0.142760    0.221309   16.448891 ^ clkbuf_3_3_0_clk/Z (gf180mcu_fd_sc_mcu7t5v0__clkbuf_8)
                                                         clknet_3_3_0_clk (net)
                      0.142790    0.003125   16.452015 ^ _792_/CLK (gf180mcu_fd_sc_mcu7t5v0__dffrnq_2)
                                 -0.250000   16.202017   clock uncertainty
                                  0.000000   16.202017   clock reconvergence pessimism
                                 -0.173436   16.028580   library setup time
                                             16.028580   data required time
---------------------------------------------------------------------------------------------
                                             16.028580   data required time
                                             -8.480866   data arrival time
---------------------------------------------------------------------------------------------
                                              7.547714   slack (MET)


Startpoint: din[1] (input port clocked by clk)
Endpoint: _793_ (rising edge-triggered flip-flop clocked by clk)
Path Group: clk
Path Type: max

Fanout         Cap        Slew       Delay        Time   Description
---------------------------------------------------------------------------------------------
                                  0.000000    0.000000   clock clk (rise edge)
                                  0.000000    0.000000   clock network delay (propagated)
                                  3.200000    3.200000 ^ input external delay
     2    0.007665    0.043339    0.013652    3.213651 ^ din[1] (in)
                                                         din[1] (net)
                      0.043339    0.000000    3.213651 ^ input30/I (gf180mcu_fd_sc_mcu7t5v0__dlyb_1)
     8    0.063326    0.705812    0.881184    4.094835 ^ input30/Z (gf180mcu_fd_sc_mcu7t5v0__dlyb_1)
                                                         net30 (net)
                      0.705826    0.001778    4.096613 ^ _388_/I (gf180mcu_fd_sc_mcu7t5v0__clkinv_1)
    10    0.235297    2.393832    1.600169    5.696783 v _388_/ZN (gf180mcu_fd_sc_mcu7t5v0__clkinv_1)
                                                         _109_ (net)
                      2.393962    0.010344    5.707127 v _593_/A1 (gf180mcu_fd_sc_mcu7t5v0__nor4_1)
     2    0.013708    0.952783    1.032079    6.739205 ^ _593_/ZN (gf180mcu_fd_sc_mcu7t5v0__nor4_1)
                                                         _261_ (net)
                      0.952783    0.000220    6.739425 ^ _595_/B1 (gf180mcu_fd_sc_mcu7t5v0__oai32_1)
     1    0.004670    0.446258    0.131754    6.871180 v _595_/ZN (gf180mcu_fd_sc_mcu7t5v0__oai32_1)
                                                         _263_ (net)
                      0.446258    0.000046    6.871225 v _597_/B (gf180mcu_fd_sc_mcu7t5v0__aoi211_1)
     2    0.045393    1.375978    0.882064    7.753289 ^ _597_/ZN (gf180mcu_fd_sc_mcu7t5v0__aoi211_1)
                                                         _265_ (net)
                      1.375978    0.001253    7.754542 ^ _649_/A2 (gf180mcu_fd_sc_mcu7t5v0__aoi21_1)
     4    0.043885    0.684785    0.347115    8.101657 v _649_/ZN (gf180mcu_fd_sc_mcu7t5v0__aoi21_1)
                                                         _289_ (net)
                      0.684785    0.000530    8.102187 v _660_/S (gf180mcu_fd_sc_mcu7t5v0__mux2_2)
     1    0.003401    0.079130    0.378076    8.480264 ^ _660_/Z (gf180mcu_fd_sc_mcu7t5v0__mux2_2)
                                                         _062_ (net)
                      0.079130    0.000033    8.480297 ^ _793_/D (gf180mcu_fd_sc_mcu7t5v0__dffrnq_2)
                                              8.480297   data arrival time

                                 16.000000   16.000000   clock clk (rise edge)
                                  0.000000   16.000000   clock source latency
     2    0.092910    0.000000    0.000000   16.000000 ^ clk (in)
                                                         clk (net)
                      0.025556    0.010454   16.010454 ^ clkbuf_0_clk/I (gf180mcu_fd_sc_mcu7t5v0__clkbuf_16)
     8    0.205666    0.162120    0.208070   16.218523 ^ clkbuf_0_clk/Z (gf180mcu_fd_sc_mcu7t5v0__clkbuf_16)
                                                         clknet_0_clk (net)
                      0.163264    0.009058   16.227581 ^ clkbuf_3_3_0_clk/I (gf180mcu_fd_sc_mcu7t5v0__clkbuf_8)
     9    0.084729    0.142760    0.221309   16.448891 ^ clkbuf_3_3_0_clk/Z (gf180mcu_fd_sc_mcu7t5v0__clkbuf_8)
                                                         clknet_3_3_0_clk (net)
                      0.142799    0.003533   16.452423 ^ _793_/CLK (gf180mcu_fd_sc_mcu7t5v0__dffrnq_2)
                                 -0.250000   16.202425   clock uncertainty
                                  0.000000   16.202425   clock reconvergence pessimism
                                 -0.172162   16.030264   library setup time
                                             16.030264   data required time
---------------------------------------------------------------------------------------------
                                             16.030264   data required time
                                             -8.480297   data arrival time
---------------------------------------------------------------------------------------------
                                              7.549967   slack (MET)


Startpoint: din[1] (input port clocked by clk)
Endpoint: _856_ (rising edge-triggered flip-flop clocked by clk)
Path Group: clk
Path Type: max

Fanout         Cap        Slew       Delay        Time   Description
---------------------------------------------------------------------------------------------
                                  0.000000    0.000000   clock clk (rise edge)
                                  0.000000    0.000000   clock network delay (propagated)
                                  3.200000    3.200000 ^ input external delay
     2    0.007665    0.043339    0.013652    3.213651 ^ din[1] (in)
                                                         din[1] (net)
                      0.043339    0.000000    3.213651 ^ input30/I (gf180mcu_fd_sc_mcu7t5v0__dlyb_1)
     8    0.063326    0.705812    0.881184    4.094835 ^ input30/Z (gf180mcu_fd_sc_mcu7t5v0__dlyb_1)
                                                         net30 (net)
                      0.705826    0.001778    4.096613 ^ _388_/I (gf180mcu_fd_sc_mcu7t5v0__clkinv_1)
    10    0.235297    2.393832    1.600169    5.696783 v _388_/ZN (gf180mcu_fd_sc_mcu7t5v0__clkinv_1)
                                                         _109_ (net)
                      2.393962    0.010344    5.707127 v _593_/A1 (gf180mcu_fd_sc_mcu7t5v0__nor4_1)
     2    0.013708    0.952783    1.032079    6.739205 ^ _593_/ZN (gf180mcu_fd_sc_mcu7t5v0__nor4_1)
                                                         _261_ (net)
                      0.952783    0.000220    6.739425 ^ _595_/B1 (gf180mcu_fd_sc_mcu7t5v0__oai32_1)
     1    0.004670    0.446258    0.131754    6.871180 v _595_/ZN (gf180mcu_fd_sc_mcu7t5v0__oai32_1)
                                                         _263_ (net)
                      0.446258    0.000046    6.871225 v _597_/B (gf180mcu_fd_sc_mcu7t5v0__aoi211_1)
     2    0.045393    1.375978    0.882064    7.753289 ^ _597_/ZN (gf180mcu_fd_sc_mcu7t5v0__aoi211_1)
                                                         _265_ (net)
                      1.375983    0.003707    7.756996 ^ wire113/I (gf180mcu_fd_sc_mcu7t5v0__buf_2)
     5    0.081926    0.464705    0.381761    8.138758 ^ wire113/Z (gf180mcu_fd_sc_mcu7t5v0__buf_2)
                                                         net113 (net)
                      0.465574    0.011218    8.149975 ^ _598_/A2 (gf180mcu_fd_sc_mcu7t5v0__aoi21_1)
     1    0.004619    0.318242    0.069313    8.219288 v _598_/ZN (gf180mcu_fd_sc_mcu7t5v0__aoi21_1)
                                                         _266_ (net)
                      0.318242    0.000046    8.219334 v _599_/B (gf180mcu_fd_sc_mcu7t5v0__aoi21_1)
     1    0.004278    0.222467    0.196776    8.416110 ^ _599_/ZN (gf180mcu_fd_sc_mcu7t5v0__aoi21_1)
                                                         _033_ (net)
                      0.222467    0.000045    8.416155 ^ _856_/D (gf180mcu_fd_sc_mcu7t5v0__dffrnq_1)
                                              8.416155   data arrival time

                                 16.000000   16.000000   clock clk (rise edge)
                                  0.000000   16.000000   clock source latency
     2    0.092910    0.000000    0.000000   16.000000 ^ clk (in)
                                                         clk (net)
                      0.025556    0.010454   16.010454 ^ clkbuf_0_clk/I (gf180mcu_fd_sc_mcu7t5v0__clkbuf_16)
     8    0.205666    0.162120    0.208070   16.218523 ^ clkbuf_0_clk/Z (gf180mcu_fd_sc_mcu7t5v0__clkbuf_16)
                                                         clknet_0_clk (net)
                      0.163509    0.010031   16.228556 ^ clkbuf_3_6_0_clk/I (gf180mcu_fd_sc_mcu7t5v0__clkbuf_8)
    12    0.102572    0.163725    0.233868   16.462423 ^ clkbuf_3_6_0_clk/Z (gf180mcu_fd_sc_mcu7t5v0__clkbuf_8)
                                                         clknet_3_6_0_clk (net)
                      0.163807    0.004409   16.466831 ^ _856_/CLK (gf180mcu_fd_sc_mcu7t5v0__dffrnq_1)
                                 -0.250000   16.216833   clock uncertainty
                                  0.000000   16.216833   clock reconvergence pessimism
                                 -0.195235   16.021599   library setup time
                                             16.021599   data required time
---------------------------------------------------------------------------------------------
                                             16.021599   data required time
                                             -8.416155   data arrival time
---------------------------------------------------------------------------------------------
                                              7.605443   slack (MET)


Startpoint: din[1] (input port clocked by clk)
Endpoint: _857_ (rising edge-triggered flip-flop clocked by clk)
Path Group: clk
Path Type: max

Fanout         Cap        Slew       Delay        Time   Description
---------------------------------------------------------------------------------------------
                                  0.000000    0.000000   clock clk (rise edge)
                                  0.000000    0.000000   clock network delay (propagated)
                                  3.200000    3.200000 ^ input external delay
     2    0.007665    0.043339    0.013652    3.213651 ^ din[1] (in)
                                                         din[1] (net)
                      0.043339    0.000000    3.213651 ^ input30/I (gf180mcu_fd_sc_mcu7t5v0__dlyb_1)
     8    0.063326    0.705812    0.881184    4.094835 ^ input30/Z (gf180mcu_fd_sc_mcu7t5v0__dlyb_1)
                                                         net30 (net)
                      0.705826    0.001778    4.096613 ^ _388_/I (gf180mcu_fd_sc_mcu7t5v0__clkinv_1)
    10    0.235297    2.393832    1.600169    5.696783 v _388_/ZN (gf180mcu_fd_sc_mcu7t5v0__clkinv_1)
                                                         _109_ (net)
                      2.393962    0.010344    5.707127 v _593_/A1 (gf180mcu_fd_sc_mcu7t5v0__nor4_1)
     2    0.013708    0.952783    1.032079    6.739205 ^ _593_/ZN (gf180mcu_fd_sc_mcu7t5v0__nor4_1)
                                                         _261_ (net)
                      0.952783    0.000220    6.739425 ^ _595_/B1 (gf180mcu_fd_sc_mcu7t5v0__oai32_1)
     1    0.004670    0.446258    0.131754    6.871180 v _595_/ZN (gf180mcu_fd_sc_mcu7t5v0__oai32_1)
                                                         _263_ (net)
                      0.446258    0.000046    6.871225 v _597_/B (gf180mcu_fd_sc_mcu7t5v0__aoi211_1)
     2    0.045393    1.375978    0.882064    7.753289 ^ _597_/ZN (gf180mcu_fd_sc_mcu7t5v0__aoi211_1)
                                                         _265_ (net)
                      1.375983    0.003707    7.756996 ^ wire113/I (gf180mcu_fd_sc_mcu7t5v0__buf_2)
     5    0.081926    0.464705    0.381761    8.138758 ^ wire113/Z (gf180mcu_fd_sc_mcu7t5v0__buf_2)
                                                         net113 (net)
                      0.465580    0.011257    8.150014 ^ _601_/A2 (gf180mcu_fd_sc_mcu7t5v0__aoi21_1)
     1    0.005108    0.191104    0.073812    8.223826 v _601_/ZN (gf180mcu_fd_sc_mcu7t5v0__aoi21_1)
                                                         _268_ (net)
                      0.191104    0.000101    8.223927 v _602_/B (gf180mcu_fd_sc_mcu7t5v0__aoi21_1)
     1    0.003944    0.213885    0.170402    8.394330 ^ _602_/ZN (gf180mcu_fd_sc_mcu7t5v0__aoi21_1)
                                                         _034_ (net)
                      0.213885    0.000075    8.394405 ^ _857_/D (gf180mcu_fd_sc_mcu7t5v0__dffrnq_1)
                                              8.394405   data arrival time

                                 16.000000   16.000000   clock clk (rise edge)
                                  0.000000   16.000000   clock source latency
     2    0.092910    0.000000    0.000000   16.000000 ^ clk (in)
                                                         clk (net)
                      0.025556    0.010454   16.010454 ^ clkbuf_0_clk/I (gf180mcu_fd_sc_mcu7t5v0__clkbuf_16)
     8    0.205666    0.162120    0.208070   16.218523 ^ clkbuf_0_clk/Z (gf180mcu_fd_sc_mcu7t5v0__clkbuf_16)
                                                         clknet_0_clk (net)
                      0.163509    0.010031   16.228556 ^ clkbuf_3_6_0_clk/I (gf180mcu_fd_sc_mcu7t5v0__clkbuf_8)
    12    0.102572    0.163725    0.233868   16.462423 ^ clkbuf_3_6_0_clk/Z (gf180mcu_fd_sc_mcu7t5v0__clkbuf_8)
                                                         clknet_3_6_0_clk (net)
                      0.163835    0.004823   16.467245 ^ _857_/CLK (gf180mcu_fd_sc_mcu7t5v0__dffrnq_1)
                                 -0.250000   16.217247   clock uncertainty
                                  0.000000   16.217247   clock reconvergence pessimism
                                 -0.193566   16.023680   library setup time
                                             16.023680   data required time
---------------------------------------------------------------------------------------------
                                             16.023680   data required time
                                             -8.394405   data arrival time
---------------------------------------------------------------------------------------------
                                              7.629275   slack (MET)


Startpoint: serializer_ready_i (input port clocked by clk)
Endpoint: core_result_ready_o (output port clocked by clk)
Path Group: clk
Path Type: max

Fanout         Cap        Slew       Delay        Time   Description
---------------------------------------------------------------------------------------------
                                  0.000000    0.000000   clock clk (rise edge)
                                  0.000000    0.000000   clock network delay (propagated)
                                  3.200000    3.200000 v input external delay
     2    0.010409    0.027279    0.009633    3.209633 v serializer_ready_i (in)
                                                         serializer_ready_i (net)
                      0.027280    0.000000    3.209633 v input48/I (gf180mcu_fd_sc_mcu7t5v0__dlyb_1)
     1    0.008140    0.149469    0.590650    3.800283 v input48/Z (gf180mcu_fd_sc_mcu7t5v0__dlyb_1)
                                                         net48 (net)
                      0.149469    0.000192    3.800475 v _396_/I (gf180mcu_fd_sc_mcu7t5v0__clkinv_1)
     1    0.007521    0.121255    0.105281    3.905755 ^ _396_/ZN (gf180mcu_fd_sc_mcu7t5v0__clkinv_1)
                                                         _117_ (net)
                      0.121255    0.000167    3.905922 ^ _505_/A2 (gf180mcu_fd_sc_mcu7t5v0__nand2_1)
     1    0.006313    0.162294    0.081230    3.987153 v _505_/ZN (gf180mcu_fd_sc_mcu7t5v0__nand2_1)
                                                         net52 (net)
                      0.162294    0.000142    3.987295 v output52/I (gf180mcu_fd_sc_mcu7t5v0__dlyb_1)
     1    0.053773    0.410252    0.854018    4.841313 v output52/Z (gf180mcu_fd_sc_mcu7t5v0__dlyb_1)
                                                         core_result_ready_o (net)
                      0.410263    0.001176    4.842489 v core_result_ready_o (out)
                                              4.842489   data arrival time

                                 16.000000   16.000000   clock clk (rise edge)
                                  0.000000   16.000000   clock network delay (propagated)
                                 -0.250000   15.750001   clock uncertainty
                                  0.000000   15.750001   clock reconvergence pessimism
                                 -3.200000   12.550000   output external delay
                                             12.550000   data required time
---------------------------------------------------------------------------------------------
                                             12.550000   data required time
                                             -4.842489   data arrival time
---------------------------------------------------------------------------------------------
                                              7.707511   slack (MET)


Startpoint: rst_n (input port clocked by clk)
Endpoint: _812_ (recovery check against rising-edge clock clk)
Path Group: asynchronous
Path Type: max

Fanout         Cap        Slew       Delay        Time   Description
---------------------------------------------------------------------------------------------
                                  0.000000    0.000000   clock clk (rise edge)
                                  0.000000    0.000000   clock network delay (propagated)
                                  3.200000    3.200000 ^ input external delay
     2    0.010205    0.049982    0.017902    3.217902 ^ rst_n (in)
                                                         rst_n (net)
                      0.049982    0.000000    3.217902 ^ input38/I (gf180mcu_fd_sc_mcu7t5v0__dlyb_1)
     1    0.008384    0.136510    0.542173    3.760076 ^ input38/Z (gf180mcu_fd_sc_mcu7t5v0__dlyb_1)
                                                         net38 (net)
                      0.136510    0.000211    3.760287 ^ fanout134/I (gf180mcu_fd_sc_mcu7t5v0__dlyb_1)
     5    0.097080    1.064006    1.100393    4.860680 ^ fanout134/Z (gf180mcu_fd_sc_mcu7t5v0__dlyb_1)
                                                         net134 (net)
                      1.064013    0.001586    4.862266 ^ fanout127/I (gf180mcu_fd_sc_mcu7t5v0__dlyb_1)
    11    0.125556    1.366046    1.262763    6.125029 ^ fanout127/Z (gf180mcu_fd_sc_mcu7t5v0__dlyb_1)
                                                         net127 (net)
                      1.366046    0.000693    6.125722 ^ fanout126/I (gf180mcu_fd_sc_mcu7t5v0__dlyb_1)
     9    0.080071    0.882950    0.957424    7.083146 ^ fanout126/Z (gf180mcu_fd_sc_mcu7t5v0__dlyb_1)
                                                         net126 (net)
                      0.882967    0.002163    7.085309 ^ fanout125/I (gf180mcu_fd_sc_mcu7t5v0__dlyb_1)
    10    0.103583    1.134722    1.139293    8.224602 ^ fanout125/Z (gf180mcu_fd_sc_mcu7t5v0__dlyb_1)
                                                         net125 (net)
                      1.134728    0.001528    8.226130 ^ _812_/RN (gf180mcu_fd_sc_mcu7t5v0__dffrnq_1)
                                              8.226130   data arrival time

                                 16.000000   16.000000   clock clk (rise edge)
                                  0.000000   16.000000   clock source latency
     2    0.092910    0.000000    0.000000   16.000000 ^ clk (in)
                                                         clk (net)
                      0.025556    0.010454   16.010454 ^ clkbuf_0_clk/I (gf180mcu_fd_sc_mcu7t5v0__clkbuf_16)
     8    0.205666    0.162120    0.208070   16.218523 ^ clkbuf_0_clk/Z (gf180mcu_fd_sc_mcu7t5v0__clkbuf_16)
                                                         clknet_0_clk (net)
                      0.163540    0.010152   16.228676 ^ clkbuf_3_0_0_clk/I (gf180mcu_fd_sc_mcu7t5v0__clkbuf_8)
    12    0.099450    0.159395    0.230900   16.459576 ^ clkbuf_3_0_0_clk/Z (gf180mcu_fd_sc_mcu7t5v0__clkbuf_8)
                                                         clknet_3_0_0_clk (net)
                      0.159728    0.006919   16.466494 ^ _812_/CLK (gf180mcu_fd_sc_mcu7t5v0__dffrnq_1)
                                 -0.250000   16.216496   clock uncertainty
                                  0.000000   16.216496   clock reconvergence pessimism
                                 -0.166662   16.049831   library recovery time
                                             16.049831   data required time
---------------------------------------------------------------------------------------------
                                             16.049831   data required time
                                             -8.226130   data arrival time
---------------------------------------------------------------------------------------------
                                              7.823703   slack (MET)


Startpoint: rst_n (input port clocked by clk)
Endpoint: _861_ (recovery check against rising-edge clock clk)
Path Group: asynchronous
Path Type: max

Fanout         Cap        Slew       Delay        Time   Description
---------------------------------------------------------------------------------------------
                                  0.000000    0.000000   clock clk (rise edge)
                                  0.000000    0.000000   clock network delay (propagated)
                                  3.200000    3.200000 ^ input external delay
     2    0.010205    0.049982    0.017902    3.217902 ^ rst_n (in)
                                                         rst_n (net)
                      0.049982    0.000000    3.217902 ^ input38/I (gf180mcu_fd_sc_mcu7t5v0__dlyb_1)
     1    0.008384    0.136510    0.542173    3.760076 ^ input38/Z (gf180mcu_fd_sc_mcu7t5v0__dlyb_1)
                                                         net38 (net)
                      0.136510    0.000211    3.760287 ^ fanout134/I (gf180mcu_fd_sc_mcu7t5v0__dlyb_1)
     5    0.097080    1.064006    1.100393    4.860680 ^ fanout134/Z (gf180mcu_fd_sc_mcu7t5v0__dlyb_1)
                                                         net134 (net)
                      1.064013    0.001586    4.862266 ^ fanout127/I (gf180mcu_fd_sc_mcu7t5v0__dlyb_1)
    11    0.125556    1.366046    1.262763    6.125029 ^ fanout127/Z (gf180mcu_fd_sc_mcu7t5v0__dlyb_1)
                                                         net127 (net)
                      1.366046    0.000693    6.125722 ^ fanout126/I (gf180mcu_fd_sc_mcu7t5v0__dlyb_1)
     9    0.080071    0.882950    0.957424    7.083146 ^ fanout126/Z (gf180mcu_fd_sc_mcu7t5v0__dlyb_1)
                                                         net126 (net)
                      0.882967    0.002163    7.085309 ^ fanout125/I (gf180mcu_fd_sc_mcu7t5v0__dlyb_1)
    10    0.103583    1.134722    1.139293    8.224602 ^ fanout125/Z (gf180mcu_fd_sc_mcu7t5v0__dlyb_1)
                                                         net125 (net)
                      1.134776    0.004477    8.229079 ^ _861_/RN (gf180mcu_fd_sc_mcu7t5v0__dffrnq_1)
                                              8.229079   data arrival time

                                 16.000000   16.000000   clock clk (rise edge)
                                  0.000000   16.000000   clock source latency
     2    0.092910    0.000000    0.000000   16.000000 ^ clk (in)
                                                         clk (net)
                      0.025556    0.010454   16.010454 ^ clkbuf_0_clk/I (gf180mcu_fd_sc_mcu7t5v0__clkbuf_16)
     8    0.205666    0.162120    0.208070   16.218523 ^ clkbuf_0_clk/Z (gf180mcu_fd_sc_mcu7t5v0__clkbuf_16)
                                                         clknet_0_clk (net)
                      0.163389    0.009562   16.228086 ^ clkbuf_3_2_0_clk/I (gf180mcu_fd_sc_mcu7t5v0__clkbuf_8)
    12    0.104111    0.165820    0.235270   16.463356 ^ clkbuf_3_2_0_clk/Z (gf180mcu_fd_sc_mcu7t5v0__clkbuf_8)
                                                         clknet_3_2_0_clk (net)
                      0.166044    0.006082   16.469439 ^ _861_/CLK (gf180mcu_fd_sc_mcu7t5v0__dffrnq_1)
                                 -0.250000   16.219439   clock uncertainty
                                  0.000000   16.219439   clock reconvergence pessimism
                                 -0.165527   16.053913   library recovery time
                                             16.053913   data required time
---------------------------------------------------------------------------------------------
                                             16.053913   data required time
                                             -8.229079   data arrival time
---------------------------------------------------------------------------------------------
                                              7.824833   slack (MET)


Startpoint: rst_n (input port clocked by clk)
Endpoint: _859_ (recovery check against rising-edge clock clk)
Path Group: asynchronous
Path Type: max

Fanout         Cap        Slew       Delay        Time   Description
---------------------------------------------------------------------------------------------
                                  0.000000    0.000000   clock clk (rise edge)
                                  0.000000    0.000000   clock network delay (propagated)
                                  3.200000    3.200000 ^ input external delay
     2    0.010205    0.049982    0.017902    3.217902 ^ rst_n (in)
                                                         rst_n (net)
                      0.049982    0.000000    3.217902 ^ input38/I (gf180mcu_fd_sc_mcu7t5v0__dlyb_1)
     1    0.008384    0.136510    0.542173    3.760076 ^ input38/Z (gf180mcu_fd_sc_mcu7t5v0__dlyb_1)
                                                         net38 (net)
                      0.136510    0.000211    3.760287 ^ fanout134/I (gf180mcu_fd_sc_mcu7t5v0__dlyb_1)
     5    0.097080    1.064006    1.100393    4.860680 ^ fanout134/Z (gf180mcu_fd_sc_mcu7t5v0__dlyb_1)
                                                         net134 (net)
                      1.064013    0.001586    4.862266 ^ fanout127/I (gf180mcu_fd_sc_mcu7t5v0__dlyb_1)
    11    0.125556    1.366046    1.262763    6.125029 ^ fanout127/Z (gf180mcu_fd_sc_mcu7t5v0__dlyb_1)
                                                         net127 (net)
                      1.366046    0.000693    6.125722 ^ fanout126/I (gf180mcu_fd_sc_mcu7t5v0__dlyb_1)
     9    0.080071    0.882950    0.957424    7.083146 ^ fanout126/Z (gf180mcu_fd_sc_mcu7t5v0__dlyb_1)
                                                         net126 (net)
                      0.882967    0.002163    7.085309 ^ fanout125/I (gf180mcu_fd_sc_mcu7t5v0__dlyb_1)
    10    0.103583    1.134722    1.139293    8.224602 ^ fanout125/Z (gf180mcu_fd_sc_mcu7t5v0__dlyb_1)
                                                         net125 (net)
                      1.134765    0.004014    8.228616 ^ _859_/RN (gf180mcu_fd_sc_mcu7t5v0__dffrnq_1)
                                              8.228616   data arrival time

                                 16.000000   16.000000   clock clk (rise edge)
                                  0.000000   16.000000   clock source latency
     2    0.092910    0.000000    0.000000   16.000000 ^ clk (in)
                                                         clk (net)
                      0.025556    0.010454   16.010454 ^ clkbuf_0_clk/I (gf180mcu_fd_sc_mcu7t5v0__clkbuf_16)
     8    0.205666    0.162120    0.208070   16.218523 ^ clkbuf_0_clk/Z (gf180mcu_fd_sc_mcu7t5v0__clkbuf_16)
                                                         clknet_0_clk (net)
                      0.163389    0.009562   16.228086 ^ clkbuf_3_2_0_clk/I (gf180mcu_fd_sc_mcu7t5v0__clkbuf_8)
    12    0.104111    0.165820    0.235270   16.463356 ^ clkbuf_3_2_0_clk/Z (gf180mcu_fd_sc_mcu7t5v0__clkbuf_8)
                                                         clknet_3_2_0_clk (net)
                      0.166034    0.005979   16.469336 ^ _859_/CLK (gf180mcu_fd_sc_mcu7t5v0__dffrnq_1)
                                 -0.250000   16.219336   clock uncertainty
                                  0.000000   16.219336   clock reconvergence pessimism
                                 -0.165525   16.053812   library recovery time
                                             16.053812   data required time
---------------------------------------------------------------------------------------------
                                             16.053812   data required time
                                             -8.228616   data arrival time
---------------------------------------------------------------------------------------------
                                              7.825196   slack (MET)


Startpoint: rst_n (input port clocked by clk)
Endpoint: _860_ (recovery check against rising-edge clock clk)
Path Group: asynchronous
Path Type: max

Fanout         Cap        Slew       Delay        Time   Description
---------------------------------------------------------------------------------------------
                                  0.000000    0.000000   clock clk (rise edge)
                                  0.000000    0.000000   clock network delay (propagated)
                                  3.200000    3.200000 ^ input external delay
     2    0.010205    0.049982    0.017902    3.217902 ^ rst_n (in)
                                                         rst_n (net)
                      0.049982    0.000000    3.217902 ^ input38/I (gf180mcu_fd_sc_mcu7t5v0__dlyb_1)
     1    0.008384    0.136510    0.542173    3.760076 ^ input38/Z (gf180mcu_fd_sc_mcu7t5v0__dlyb_1)
                                                         net38 (net)
                      0.136510    0.000211    3.760287 ^ fanout134/I (gf180mcu_fd_sc_mcu7t5v0__dlyb_1)
     5    0.097080    1.064006    1.100393    4.860680 ^ fanout134/Z (gf180mcu_fd_sc_mcu7t5v0__dlyb_1)
                                                         net134 (net)
                      1.064013    0.001586    4.862266 ^ fanout127/I (gf180mcu_fd_sc_mcu7t5v0__dlyb_1)
    11    0.125556    1.366046    1.262763    6.125029 ^ fanout127/Z (gf180mcu_fd_sc_mcu7t5v0__dlyb_1)
                                                         net127 (net)
                      1.366046    0.000693    6.125722 ^ fanout126/I (gf180mcu_fd_sc_mcu7t5v0__dlyb_1)
     9    0.080071    0.882950    0.957424    7.083146 ^ fanout126/Z (gf180mcu_fd_sc_mcu7t5v0__dlyb_1)
                                                         net126 (net)
                      0.882967    0.002163    7.085309 ^ fanout125/I (gf180mcu_fd_sc_mcu7t5v0__dlyb_1)
    10    0.103583    1.134722    1.139293    8.224602 ^ fanout125/Z (gf180mcu_fd_sc_mcu7t5v0__dlyb_1)
                                                         net125 (net)
                      1.134764    0.003966    8.228567 ^ _860_/RN (gf180mcu_fd_sc_mcu7t5v0__dffrnq_1)
                                              8.228567   data arrival time

                                 16.000000   16.000000   clock clk (rise edge)
                                  0.000000   16.000000   clock source latency
     2    0.092910    0.000000    0.000000   16.000000 ^ clk (in)
                                                         clk (net)
                      0.025556    0.010454   16.010454 ^ clkbuf_0_clk/I (gf180mcu_fd_sc_mcu7t5v0__clkbuf_16)
     8    0.205666    0.162120    0.208070   16.218523 ^ clkbuf_0_clk/Z (gf180mcu_fd_sc_mcu7t5v0__clkbuf_16)
                                                         clknet_0_clk (net)
                      0.163389    0.009562   16.228086 ^ clkbuf_3_2_0_clk/I (gf180mcu_fd_sc_mcu7t5v0__clkbuf_8)
    12    0.104111    0.165820    0.235270   16.463356 ^ clkbuf_3_2_0_clk/Z (gf180mcu_fd_sc_mcu7t5v0__clkbuf_8)
                                                         clknet_3_2_0_clk (net)
                      0.166041    0.006052   16.469408 ^ _860_/CLK (gf180mcu_fd_sc_mcu7t5v0__dffrnq_1)
                                 -0.250000   16.219408   clock uncertainty
                                  0.000000   16.219408   clock reconvergence pessimism
                                 -0.165523   16.053886   library recovery time
                                             16.053886   data required time
---------------------------------------------------------------------------------------------
                                             16.053886   data required time
                                             -8.228567   data arrival time
---------------------------------------------------------------------------------------------
                                              7.825318   slack (MET)


Startpoint: rst_n (input port clocked by clk)
Endpoint: _821_ (recovery check against rising-edge clock clk)
Path Group: asynchronous
Path Type: max

Fanout         Cap        Slew       Delay        Time   Description
---------------------------------------------------------------------------------------------
                                  0.000000    0.000000   clock clk (rise edge)
                                  0.000000    0.000000   clock network delay (propagated)
                                  3.200000    3.200000 ^ input external delay
     2    0.010205    0.049982    0.017902    3.217902 ^ rst_n (in)
                                                         rst_n (net)
                      0.049982    0.000000    3.217902 ^ input38/I (gf180mcu_fd_sc_mcu7t5v0__dlyb_1)
     1    0.008384    0.136510    0.542173    3.760076 ^ input38/Z (gf180mcu_fd_sc_mcu7t5v0__dlyb_1)
                                                         net38 (net)
                      0.136510    0.000211    3.760287 ^ fanout134/I (gf180mcu_fd_sc_mcu7t5v0__dlyb_1)
     5    0.097080    1.064006    1.100393    4.860680 ^ fanout134/Z (gf180mcu_fd_sc_mcu7t5v0__dlyb_1)
                                                         net134 (net)
                      1.064013    0.001586    4.862266 ^ fanout127/I (gf180mcu_fd_sc_mcu7t5v0__dlyb_1)
    11    0.125556    1.366046    1.262763    6.125029 ^ fanout127/Z (gf180mcu_fd_sc_mcu7t5v0__dlyb_1)
                                                         net127 (net)
                      1.366046    0.000693    6.125722 ^ fanout126/I (gf180mcu_fd_sc_mcu7t5v0__dlyb_1)
     9    0.080071    0.882950    0.957424    7.083146 ^ fanout126/Z (gf180mcu_fd_sc_mcu7t5v0__dlyb_1)
                                                         net126 (net)
                      0.882967    0.002163    7.085309 ^ fanout125/I (gf180mcu_fd_sc_mcu7t5v0__dlyb_1)
    10    0.103583    1.134722    1.139293    8.224602 ^ fanout125/Z (gf180mcu_fd_sc_mcu7t5v0__dlyb_1)
                                                         net125 (net)
                      1.134737    0.002398    8.226999 ^ _821_/RN (gf180mcu_fd_sc_mcu7t5v0__dffrnq_1)
                                              8.226999   data arrival time

                                 16.000000   16.000000   clock clk (rise edge)
                                  0.000000   16.000000   clock source latency
     2    0.092910    0.000000    0.000000   16.000000 ^ clk (in)
                                                         clk (net)
                      0.025556    0.010454   16.010454 ^ clkbuf_0_clk/I (gf180mcu_fd_sc_mcu7t5v0__clkbuf_16)
     8    0.205666    0.162120    0.208070   16.218523 ^ clkbuf_0_clk/Z (gf180mcu_fd_sc_mcu7t5v0__clkbuf_16)
                                                         clknet_0_clk (net)
                      0.163389    0.009562   16.228086 ^ clkbuf_3_2_0_clk/I (gf180mcu_fd_sc_mcu7t5v0__clkbuf_8)
    12    0.104111    0.165820    0.235270   16.463356 ^ clkbuf_3_2_0_clk/Z (gf180mcu_fd_sc_mcu7t5v0__clkbuf_8)
                                                         clknet_3_2_0_clk (net)
                      0.166050    0.006137   16.469492 ^ _821_/CLK (gf180mcu_fd_sc_mcu7t5v0__dffrnq_1)
                                 -0.250000   16.219494   clock uncertainty
                                  0.000000   16.219494   clock reconvergence pessimism
                                 -0.165510   16.053984   library recovery time
                                             16.053984   data required time
---------------------------------------------------------------------------------------------
                                             16.053984   data required time
                                             -8.226999   data arrival time
---------------------------------------------------------------------------------------------
                                              7.826984   slack (MET)


Startpoint: rst_n (input port clocked by clk)
Endpoint: _768_ (recovery check against rising-edge clock clk)
Path Group: asynchronous
Path Type: max

Fanout         Cap        Slew       Delay        Time   Description
---------------------------------------------------------------------------------------------
                                  0.000000    0.000000   clock clk (rise edge)
                                  0.000000    0.000000   clock network delay (propagated)
                                  3.200000    3.200000 ^ input external delay
     2    0.010205    0.049982    0.017902    3.217902 ^ rst_n (in)
                                                         rst_n (net)
                      0.049982    0.000000    3.217902 ^ input38/I (gf180mcu_fd_sc_mcu7t5v0__dlyb_1)
     1    0.008384    0.136510    0.542173    3.760076 ^ input38/Z (gf180mcu_fd_sc_mcu7t5v0__dlyb_1)
                                                         net38 (net)
                      0.136510    0.000211    3.760287 ^ fanout134/I (gf180mcu_fd_sc_mcu7t5v0__dlyb_1)
     5    0.097080    1.064006    1.100393    4.860680 ^ fanout134/Z (gf180mcu_fd_sc_mcu7t5v0__dlyb_1)
                                                         net134 (net)
                      1.064013    0.001586    4.862266 ^ fanout127/I (gf180mcu_fd_sc_mcu7t5v0__dlyb_1)
    11    0.125556    1.366046    1.262763    6.125029 ^ fanout127/Z (gf180mcu_fd_sc_mcu7t5v0__dlyb_1)
                                                         net127 (net)
                      1.366046    0.000693    6.125722 ^ fanout126/I (gf180mcu_fd_sc_mcu7t5v0__dlyb_1)
     9    0.080071    0.882950    0.957424    7.083146 ^ fanout126/Z (gf180mcu_fd_sc_mcu7t5v0__dlyb_1)
                                                         net126 (net)
                      0.882967    0.002163    7.085309 ^ fanout125/I (gf180mcu_fd_sc_mcu7t5v0__dlyb_1)
    10    0.103583    1.134722    1.139293    8.224602 ^ fanout125/Z (gf180mcu_fd_sc_mcu7t5v0__dlyb_1)
                                                         net125 (net)
                      1.134722    0.000668    8.225269 ^ _768_/RN (gf180mcu_fd_sc_mcu7t5v0__dffrnq_1)
                                              8.225269   data arrival time

                                 16.000000   16.000000   clock clk (rise edge)
                                  0.000000   16.000000   clock source latency
     2    0.092910    0.000000    0.000000   16.000000 ^ clk (in)
                                                         clk (net)
                      0.025556    0.010454   16.010454 ^ clkbuf_0_clk/I (gf180mcu_fd_sc_mcu7t5v0__clkbuf_16)
     8    0.205666    0.162120    0.208070   16.218523 ^ clkbuf_0_clk/Z (gf180mcu_fd_sc_mcu7t5v0__clkbuf_16)
                                                         clknet_0_clk (net)
                      0.163389    0.009562   16.228086 ^ clkbuf_3_2_0_clk/I (gf180mcu_fd_sc_mcu7t5v0__clkbuf_8)
    12    0.104111    0.165820    0.235270   16.463356 ^ clkbuf_3_2_0_clk/Z (gf180mcu_fd_sc_mcu7t5v0__clkbuf_8)
                                                         clknet_3_2_0_clk (net)
                      0.166054    0.006180   16.469536 ^ _768_/CLK (gf180mcu_fd_sc_mcu7t5v0__dffrnq_1)
                                 -0.250000   16.219536   clock uncertainty
                                  0.000000   16.219536   clock reconvergence pessimism
                                 -0.165503   16.054033   library recovery time
                                             16.054033   data required time
---------------------------------------------------------------------------------------------
                                             16.054033   data required time
                                             -8.225269   data arrival time
---------------------------------------------------------------------------------------------
                                              7.828763   slack (MET)


Startpoint: rst_n (input port clocked by clk)
Endpoint: _798_ (recovery check against rising-edge clock clk)
Path Group: asynchronous
Path Type: max

Fanout         Cap        Slew       Delay        Time   Description
---------------------------------------------------------------------------------------------
                                  0.000000    0.000000   clock clk (rise edge)
                                  0.000000    0.000000   clock network delay (propagated)
                                  3.200000    3.200000 ^ input external delay
     2    0.010205    0.049982    0.017902    3.217902 ^ rst_n (in)
                                                         rst_n (net)
                      0.049982    0.000000    3.217902 ^ input38/I (gf180mcu_fd_sc_mcu7t5v0__dlyb_1)
     1    0.008384    0.136510    0.542173    3.760076 ^ input38/Z (gf180mcu_fd_sc_mcu7t5v0__dlyb_1)
                                                         net38 (net)
                      0.136510    0.000211    3.760287 ^ fanout134/I (gf180mcu_fd_sc_mcu7t5v0__dlyb_1)
     5    0.097080    1.064006    1.100393    4.860680 ^ fanout134/Z (gf180mcu_fd_sc_mcu7t5v0__dlyb_1)
                                                         net134 (net)
                      1.064013    0.001586    4.862266 ^ fanout127/I (gf180mcu_fd_sc_mcu7t5v0__dlyb_1)
    11    0.125556    1.366046    1.262763    6.125029 ^ fanout127/Z (gf180mcu_fd_sc_mcu7t5v0__dlyb_1)
                                                         net127 (net)
                      1.366046    0.000693    6.125722 ^ fanout126/I (gf180mcu_fd_sc_mcu7t5v0__dlyb_1)
     9    0.080071    0.882950    0.957424    7.083146 ^ fanout126/Z (gf180mcu_fd_sc_mcu7t5v0__dlyb_1)
                                                         net126 (net)
                      0.882967    0.002163    7.085309 ^ fanout125/I (gf180mcu_fd_sc_mcu7t5v0__dlyb_1)
    10    0.103583    1.134722    1.139293    8.224602 ^ fanout125/Z (gf180mcu_fd_sc_mcu7t5v0__dlyb_1)
                                                         net125 (net)
                      1.134771    0.004259    8.228861 ^ _798_/RN (gf180mcu_fd_sc_mcu7t5v0__dffrnq_1)
                                              8.228861   data arrival time

                                 16.000000   16.000000   clock clk (rise edge)
                                  0.000000   16.000000   clock source latency
     2    0.092910    0.000000    0.000000   16.000000 ^ clk (in)
                                                         clk (net)
                      0.025556    0.010454   16.010454 ^ clkbuf_0_clk/I (gf180mcu_fd_sc_mcu7t5v0__clkbuf_16)
     8    0.205666    0.162120    0.208070   16.218523 ^ clkbuf_0_clk/Z (gf180mcu_fd_sc_mcu7t5v0__clkbuf_16)
                                                         clknet_0_clk (net)
                      0.163506    0.010019   16.228542 ^ clkbuf_3_1_0_clk/I (gf180mcu_fd_sc_mcu7t5v0__clkbuf_8)
    16    0.119720    0.182888    0.245032   16.473576 ^ clkbuf_3_1_0_clk/Z (gf180mcu_fd_sc_mcu7t5v0__clkbuf_8)
                                                         clknet_3_1_0_clk (net)
                      0.184091    0.008711   16.482286 ^ _798_/CLK (gf180mcu_fd_sc_mcu7t5v0__dffrnq_1)
                                 -0.250000   16.232286   clock uncertainty
                                  0.000000   16.232286   clock reconvergence pessimism
                                 -0.162224   16.070063   library recovery time
                                             16.070063   data required time
---------------------------------------------------------------------------------------------
                                             16.070063   data required time
                                             -8.228861   data arrival time
---------------------------------------------------------------------------------------------
                                              7.841203   slack (MET)


Startpoint: rst_n (input port clocked by clk)
Endpoint: _796_ (recovery check against rising-edge clock clk)
Path Group: asynchronous
Path Type: max

Fanout         Cap        Slew       Delay        Time   Description
---------------------------------------------------------------------------------------------
                                  0.000000    0.000000   clock clk (rise edge)
                                  0.000000    0.000000   clock network delay (propagated)
                                  3.200000    3.200000 ^ input external delay
     2    0.010205    0.049982    0.017902    3.217902 ^ rst_n (in)
                                                         rst_n (net)
                      0.049982    0.000000    3.217902 ^ input38/I (gf180mcu_fd_sc_mcu7t5v0__dlyb_1)
     1    0.008384    0.136510    0.542173    3.760076 ^ input38/Z (gf180mcu_fd_sc_mcu7t5v0__dlyb_1)
                                                         net38 (net)
                      0.136510    0.000211    3.760287 ^ fanout134/I (gf180mcu_fd_sc_mcu7t5v0__dlyb_1)
     5    0.097080    1.064006    1.100393    4.860680 ^ fanout134/Z (gf180mcu_fd_sc_mcu7t5v0__dlyb_1)
                                                         net134 (net)
                      1.064013    0.001586    4.862266 ^ fanout127/I (gf180mcu_fd_sc_mcu7t5v0__dlyb_1)
    11    0.125556    1.366046    1.262763    6.125029 ^ fanout127/Z (gf180mcu_fd_sc_mcu7t5v0__dlyb_1)
                                                         net127 (net)
                      1.366046    0.000693    6.125722 ^ fanout126/I (gf180mcu_fd_sc_mcu7t5v0__dlyb_1)
     9    0.080071    0.882950    0.957424    7.083146 ^ fanout126/Z (gf180mcu_fd_sc_mcu7t5v0__dlyb_1)
                                                         net126 (net)
                      0.882967    0.002163    7.085309 ^ fanout125/I (gf180mcu_fd_sc_mcu7t5v0__dlyb_1)
    10    0.103583    1.134722    1.139293    8.224602 ^ fanout125/Z (gf180mcu_fd_sc_mcu7t5v0__dlyb_1)
                                                         net125 (net)
                      1.134753    0.003416    8.228018 ^ _796_/RN (gf180mcu_fd_sc_mcu7t5v0__dffrnq_1)
                                              8.228018   data arrival time

                                 16.000000   16.000000   clock clk (rise edge)
                                  0.000000   16.000000   clock source latency
     2    0.092910    0.000000    0.000000   16.000000 ^ clk (in)
                                                         clk (net)
                      0.025556    0.010454   16.010454 ^ clkbuf_0_clk/I (gf180mcu_fd_sc_mcu7t5v0__clkbuf_16)
     8    0.205666    0.162120    0.208070   16.218523 ^ clkbuf_0_clk/Z (gf180mcu_fd_sc_mcu7t5v0__clkbuf_16)
                                                         clknet_0_clk (net)
                      0.163506    0.010019   16.228542 ^ clkbuf_3_1_0_clk/I (gf180mcu_fd_sc_mcu7t5v0__clkbuf_8)
    16    0.119720    0.182888    0.245032   16.473576 ^ clkbuf_3_1_0_clk/Z (gf180mcu_fd_sc_mcu7t5v0__clkbuf_8)
                                                         clknet_3_1_0_clk (net)
                      0.184009    0.008315   16.481890 ^ _796_/CLK (gf180mcu_fd_sc_mcu7t5v0__dffrnq_1)
                                 -0.250000   16.231892   clock uncertainty
                                  0.000000   16.231892   clock reconvergence pessimism
                                 -0.162232   16.069660   library recovery time
                                             16.069660   data required time
---------------------------------------------------------------------------------------------
                                             16.069660   data required time
                                             -8.228018   data arrival time
---------------------------------------------------------------------------------------------
                                              7.841642   slack (MET)


Startpoint: rst_n (input port clocked by clk)
Endpoint: _799_ (recovery check against rising-edge clock clk)
Path Group: asynchronous
Path Type: max

Fanout         Cap        Slew       Delay        Time   Description
---------------------------------------------------------------------------------------------
                                  0.000000    0.000000   clock clk (rise edge)
                                  0.000000    0.000000   clock network delay (propagated)
                                  3.200000    3.200000 ^ input external delay
     2    0.010205    0.049982    0.017902    3.217902 ^ rst_n (in)
                                                         rst_n (net)
                      0.049982    0.000000    3.217902 ^ input38/I (gf180mcu_fd_sc_mcu7t5v0__dlyb_1)
     1    0.008384    0.136510    0.542173    3.760076 ^ input38/Z (gf180mcu_fd_sc_mcu7t5v0__dlyb_1)
                                                         net38 (net)
                      0.136510    0.000211    3.760287 ^ fanout134/I (gf180mcu_fd_sc_mcu7t5v0__dlyb_1)
     5    0.097080    1.064006    1.100393    4.860680 ^ fanout134/Z (gf180mcu_fd_sc_mcu7t5v0__dlyb_1)
                                                         net134 (net)
                      1.064013    0.001586    4.862266 ^ fanout127/I (gf180mcu_fd_sc_mcu7t5v0__dlyb_1)
    11    0.125556    1.366046    1.262763    6.125029 ^ fanout127/Z (gf180mcu_fd_sc_mcu7t5v0__dlyb_1)
                                                         net127 (net)
                      1.366046    0.000693    6.125722 ^ fanout126/I (gf180mcu_fd_sc_mcu7t5v0__dlyb_1)
     9    0.080071    0.882950    0.957424    7.083146 ^ fanout126/Z (gf180mcu_fd_sc_mcu7t5v0__dlyb_1)
                                                         net126 (net)
                      0.882967    0.002163    7.085309 ^ fanout125/I (gf180mcu_fd_sc_mcu7t5v0__dlyb_1)
    10    0.103583    1.134722    1.139293    8.224602 ^ fanout125/Z (gf180mcu_fd_sc_mcu7t5v0__dlyb_1)
                                                         net125 (net)
                      1.134725    0.001190    8.225792 ^ _799_/RN (gf180mcu_fd_sc_mcu7t5v0__dffrnq_1)
                                              8.225792   data arrival time

                                 16.000000   16.000000   clock clk (rise edge)
                                  0.000000   16.000000   clock source latency
     2    0.092910    0.000000    0.000000   16.000000 ^ clk (in)
                                                         clk (net)
                      0.025556    0.010454   16.010454 ^ clkbuf_0_clk/I (gf180mcu_fd_sc_mcu7t5v0__clkbuf_16)
     8    0.205666    0.162120    0.208070   16.218523 ^ clkbuf_0_clk/Z (gf180mcu_fd_sc_mcu7t5v0__clkbuf_16)
                                                         clknet_0_clk (net)
                      0.163506    0.010019   16.228542 ^ clkbuf_3_1_0_clk/I (gf180mcu_fd_sc_mcu7t5v0__clkbuf_8)
    16    0.119720    0.182888    0.245032   16.473576 ^ clkbuf_3_1_0_clk/Z (gf180mcu_fd_sc_mcu7t5v0__clkbuf_8)
                                                         clknet_3_1_0_clk (net)
                      0.183986    0.008205   16.481779 ^ _799_/CLK (gf180mcu_fd_sc_mcu7t5v0__dffrnq_1)
                                 -0.250000   16.231781   clock uncertainty
                                  0.000000   16.231781   clock reconvergence pessimism
                                 -0.162224   16.069557   library recovery time
                                             16.069557   data required time
---------------------------------------------------------------------------------------------
                                             16.069557   data required time
                                             -8.225792   data arrival time
---------------------------------------------------------------------------------------------
                                              7.843765   slack (MET)


Startpoint: rst_n (input port clocked by clk)
Endpoint: _775_ (recovery check against rising-edge clock clk)
Path Group: asynchronous
Path Type: max

Fanout         Cap        Slew       Delay        Time   Description
---------------------------------------------------------------------------------------------
                                  0.000000    0.000000   clock clk (rise edge)
                                  0.000000    0.000000   clock network delay (propagated)
                                  3.200000    3.200000 ^ input external delay
     2    0.010205    0.049982    0.017902    3.217902 ^ rst_n (in)
                                                         rst_n (net)
                      0.049982    0.000000    3.217902 ^ input38/I (gf180mcu_fd_sc_mcu7t5v0__dlyb_1)
     1    0.008384    0.136510    0.542173    3.760076 ^ input38/Z (gf180mcu_fd_sc_mcu7t5v0__dlyb_1)
                                                         net38 (net)
                      0.136510    0.000211    3.760287 ^ fanout134/I (gf180mcu_fd_sc_mcu7t5v0__dlyb_1)
     5    0.097080    1.064006    1.100393    4.860680 ^ fanout134/Z (gf180mcu_fd_sc_mcu7t5v0__dlyb_1)
                                                         net134 (net)
                      1.064013    0.001586    4.862266 ^ fanout127/I (gf180mcu_fd_sc_mcu7t5v0__dlyb_1)
    11    0.125556    1.366046    1.262763    6.125029 ^ fanout127/Z (gf180mcu_fd_sc_mcu7t5v0__dlyb_1)
                                                         net127 (net)
                      1.366046    0.000693    6.125722 ^ fanout126/I (gf180mcu_fd_sc_mcu7t5v0__dlyb_1)
     9    0.080071    0.882950    0.957424    7.083146 ^ fanout126/Z (gf180mcu_fd_sc_mcu7t5v0__dlyb_1)
                                                         net126 (net)
                      0.882967    0.002163    7.085309 ^ fanout125/I (gf180mcu_fd_sc_mcu7t5v0__dlyb_1)
    10    0.103583    1.134722    1.139293    8.224602 ^ fanout125/Z (gf180mcu_fd_sc_mcu7t5v0__dlyb_1)
                                                         net125 (net)
                      1.134722    0.000567    8.225168 ^ _775_/RN (gf180mcu_fd_sc_mcu7t5v0__dffrnq_1)
                                              8.225168   data arrival time

                                 16.000000   16.000000   clock clk (rise edge)
                                  0.000000   16.000000   clock source latency
     2    0.092910    0.000000    0.000000   16.000000 ^ clk (in)
                                                         clk (net)
                      0.025556    0.010454   16.010454 ^ clkbuf_0_clk/I (gf180mcu_fd_sc_mcu7t5v0__clkbuf_16)
     8    0.205666    0.162120    0.208070   16.218523 ^ clkbuf_0_clk/Z (gf180mcu_fd_sc_mcu7t5v0__clkbuf_16)
                                                         clknet_0_clk (net)
                      0.163506    0.010019   16.228542 ^ clkbuf_3_1_0_clk/I (gf180mcu_fd_sc_mcu7t5v0__clkbuf_8)
    16    0.119720    0.182888    0.245032   16.473576 ^ clkbuf_3_1_0_clk/Z (gf180mcu_fd_sc_mcu7t5v0__clkbuf_8)
                                                         clknet_3_1_0_clk (net)
                      0.184089    0.008699   16.482273 ^ _775_/CLK (gf180mcu_fd_sc_mcu7t5v0__dffrnq_1)
                                 -0.250000   16.232275   clock uncertainty
                                  0.000000   16.232275   clock reconvergence pessimism
                                 -0.162204   16.070070   library recovery time
                                             16.070070   data required time
---------------------------------------------------------------------------------------------
                                             16.070070   data required time
                                             -8.225168   data arrival time
---------------------------------------------------------------------------------------------
                                              7.844902   slack (MET)


Startpoint: _792_ (rising edge-triggered flip-flop clocked by clk)
Endpoint: ext_state[0] (output port clocked by clk)
Path Group: clk
Path Type: max

Fanout         Cap        Slew       Delay        Time   Description
---------------------------------------------------------------------------------------------
                                  0.000000    0.000000   clock clk (rise edge)
                                  0.000000    0.000000   clock source latency
     2    0.092910    0.000000    0.000000    0.000000 ^ clk (in)
                                                         clk (net)
                      0.025556    0.010453    0.010453 ^ clkbuf_0_clk/I (gf180mcu_fd_sc_mcu7t5v0__clkbuf_16)
     8    0.205666    0.162120    0.208071    0.218524 ^ clkbuf_0_clk/Z (gf180mcu_fd_sc_mcu7t5v0__clkbuf_16)
                                                         clknet_0_clk (net)
                      0.163264    0.009057    0.227582 ^ clkbuf_3_3_0_clk/I (gf180mcu_fd_sc_mcu7t5v0__clkbuf_8)
     9    0.084729    0.142760    0.221310    0.448891 ^ clkbuf_3_3_0_clk/Z (gf180mcu_fd_sc_mcu7t5v0__clkbuf_8)
                                                         clknet_3_3_0_clk (net)
                      0.142790    0.003124    0.452016 ^ _792_/CLK (gf180mcu_fd_sc_mcu7t5v0__dffrnq_2)
    14    0.248405    0.812273    0.939053    1.391069 v _792_/Q (gf180mcu_fd_sc_mcu7t5v0__dffrnq_2)
                                                         net108 (net)
                      0.812583    0.009343    1.400412 v _413_/A1 (gf180mcu_fd_sc_mcu7t5v0__nor2_1)
     3    0.022802    0.545688    0.515063    1.915475 ^ _413_/ZN (gf180mcu_fd_sc_mcu7t5v0__nor2_1)
                                                         _134_ (net)
                      0.545688    0.000367    1.915842 ^ _425_/A2 (gf180mcu_fd_sc_mcu7t5v0__nand2_1)
     3    0.023851    0.322991    0.210138    2.125981 v _425_/ZN (gf180mcu_fd_sc_mcu7t5v0__nand2_1)
                                                         _144_ (net)
                      0.322991    0.000441    2.126422 v _427_/A2 (gf180mcu_fd_sc_mcu7t5v0__nor2_1)
     9    0.068434    1.309088    0.819300    2.945722 ^ _427_/ZN (gf180mcu_fd_sc_mcu7t5v0__nor2_1)
                                                         _146_ (net)
                      1.309093    0.001358    2.947080 ^ _428_/I (gf180mcu_fd_sc_mcu7t5v0__clkinv_1)
     6    0.059936    0.809647    0.656024    3.603103 v _428_/ZN (gf180mcu_fd_sc_mcu7t5v0__clkinv_1)
                                                         net94 (net)
                      0.809647    0.000583    3.603686 v output94/I (gf180mcu_fd_sc_mcu7t5v0__dlyb_1)
     1    0.051760    0.398384    1.070763    4.674449 v output94/Z (gf180mcu_fd_sc_mcu7t5v0__dlyb_1)
                                                         ext_state[0] (net)
                      0.398388    0.000874    4.675324 v ext_state[0] (out)
                                              4.675324   data arrival time

                                 16.000000   16.000000   clock clk (rise edge)
                                  0.000000   16.000000   clock network delay (propagated)
                                 -0.250000   15.750001   clock uncertainty
                                  0.000000   15.750001   clock reconvergence pessimism
                                 -3.200000   12.550000   output external delay
                                             12.550000   data required time
---------------------------------------------------------------------------------------------
                                             12.550000   data required time
                                             -4.675324   data arrival time
---------------------------------------------------------------------------------------------
                                              7.874677   slack (MET)


Startpoint: din[1] (input port clocked by clk)
Endpoint: _858_ (rising edge-triggered flip-flop clocked by clk)
Path Group: clk
Path Type: max

Fanout         Cap        Slew       Delay        Time   Description
---------------------------------------------------------------------------------------------
                                  0.000000    0.000000   clock clk (rise edge)
                                  0.000000    0.000000   clock network delay (propagated)
                                  3.200000    3.200000 ^ input external delay
     2    0.007665    0.043339    0.013652    3.213651 ^ din[1] (in)
                                                         din[1] (net)
                      0.043339    0.000000    3.213651 ^ input30/I (gf180mcu_fd_sc_mcu7t5v0__dlyb_1)
     8    0.063326    0.705812    0.881184    4.094835 ^ input30/Z (gf180mcu_fd_sc_mcu7t5v0__dlyb_1)
                                                         net30 (net)
                      0.705826    0.001778    4.096613 ^ _388_/I (gf180mcu_fd_sc_mcu7t5v0__clkinv_1)
    10    0.235297    2.393832    1.600169    5.696783 v _388_/ZN (gf180mcu_fd_sc_mcu7t5v0__clkinv_1)
                                                         _109_ (net)
                      2.393962    0.010344    5.707127 v _593_/A1 (gf180mcu_fd_sc_mcu7t5v0__nor4_1)
     2    0.013708    0.952783    1.032079    6.739205 ^ _593_/ZN (gf180mcu_fd_sc_mcu7t5v0__nor4_1)
                                                         _261_ (net)
                      0.952783    0.000220    6.739425 ^ _595_/B1 (gf180mcu_fd_sc_mcu7t5v0__oai32_1)
     1    0.004670    0.446258    0.131754    6.871180 v _595_/ZN (gf180mcu_fd_sc_mcu7t5v0__oai32_1)
                                                         _263_ (net)
                      0.446258    0.000046    6.871225 v _597_/B (gf180mcu_fd_sc_mcu7t5v0__aoi211_1)
     2    0.045393    1.375978    0.882064    7.753289 ^ _597_/ZN (gf180mcu_fd_sc_mcu7t5v0__aoi211_1)
                                                         _265_ (net)
                      1.375983    0.003707    7.756996 ^ wire113/I (gf180mcu_fd_sc_mcu7t5v0__buf_2)
     5    0.081926    0.464705    0.381761    8.138758 ^ wire113/Z (gf180mcu_fd_sc_mcu7t5v0__buf_2)
                                                         net113 (net)
                      0.465584    0.011290    8.150047 ^ _603_/A1 (gf180mcu_fd_sc_mcu7t5v0__aoi21_1)
     1    0.003407    0.192571    0.071053    8.221101 v _603_/ZN (gf180mcu_fd_sc_mcu7t5v0__aoi21_1)
                                                         _035_ (net)
                      0.192571    0.000033    8.221133 v _858_/D (gf180mcu_fd_sc_mcu7t5v0__dffrnq_1)
                                              8.221133   data arrival time

                                 16.000000   16.000000   clock clk (rise edge)
                                  0.000000   16.000000   clock source latency
     2    0.092910    0.000000    0.000000   16.000000 ^ clk (in)
                                                         clk (net)
                      0.025556    0.010454   16.010454 ^ clkbuf_0_clk/I (gf180mcu_fd_sc_mcu7t5v0__clkbuf_16)
     8    0.205666    0.162120    0.208070   16.218523 ^ clkbuf_0_clk/Z (gf180mcu_fd_sc_mcu7t5v0__clkbuf_16)
                                                         clknet_0_clk (net)
                      0.163509    0.010031   16.228556 ^ clkbuf_3_6_0_clk/I (gf180mcu_fd_sc_mcu7t5v0__clkbuf_8)
    12    0.102572    0.163725    0.233868   16.462423 ^ clkbuf_3_6_0_clk/Z (gf180mcu_fd_sc_mcu7t5v0__clkbuf_8)
                                                         clknet_3_6_0_clk (net)
                      0.163862    0.005178   16.467602 ^ _858_/CLK (gf180mcu_fd_sc_mcu7t5v0__dffrnq_1)
                                 -0.250000   16.217602   clock uncertainty
                                  0.000000   16.217602   clock reconvergence pessimism
                                 -0.103022   16.114580   library setup time
                                             16.114580   data required time
---------------------------------------------------------------------------------------------
                                             16.114580   data required time
                                             -8.221133   data arrival time
---------------------------------------------------------------------------------------------
                                              7.893447   slack (MET)


Startpoint: _792_ (rising edge-triggered flip-flop clocked by clk)
Endpoint: debug_mode_o (output port clocked by clk)
Path Group: clk
Path Type: max

Fanout         Cap        Slew       Delay        Time   Description
---------------------------------------------------------------------------------------------
                                  0.000000    0.000000   clock clk (rise edge)
                                  0.000000    0.000000   clock source latency
     2    0.092910    0.000000    0.000000    0.000000 ^ clk (in)
                                                         clk (net)
                      0.025556    0.010453    0.010453 ^ clkbuf_0_clk/I (gf180mcu_fd_sc_mcu7t5v0__clkbuf_16)
     8    0.205666    0.162120    0.208071    0.218524 ^ clkbuf_0_clk/Z (gf180mcu_fd_sc_mcu7t5v0__clkbuf_16)
                                                         clknet_0_clk (net)
                      0.163264    0.009057    0.227582 ^ clkbuf_3_3_0_clk/I (gf180mcu_fd_sc_mcu7t5v0__clkbuf_8)
     9    0.084729    0.142760    0.221310    0.448891 ^ clkbuf_3_3_0_clk/Z (gf180mcu_fd_sc_mcu7t5v0__clkbuf_8)
                                                         clknet_3_3_0_clk (net)
                      0.142790    0.003124    0.452016 ^ _792_/CLK (gf180mcu_fd_sc_mcu7t5v0__dffrnq_2)
    14    0.248405    0.812273    0.939053    1.391069 v _792_/Q (gf180mcu_fd_sc_mcu7t5v0__dffrnq_2)
                                                         net108 (net)
                      0.812599    0.009574    1.400643 v _426_/A1 (gf180mcu_fd_sc_mcu7t5v0__nor3_1)
     2    0.010386    0.459927    0.450827    1.851470 ^ _426_/ZN (gf180mcu_fd_sc_mcu7t5v0__nor3_1)
                                                         _145_ (net)
                      0.459927    0.000239    1.851709 ^ _432_/A2 (gf180mcu_fd_sc_mcu7t5v0__nand2_1)
     2    0.022460    0.306328    0.197352    2.049061 v _432_/ZN (gf180mcu_fd_sc_mcu7t5v0__nand2_1)
                                                         _149_ (net)
                      0.306328    0.000501    2.049562 v _503_/A2 (gf180mcu_fd_sc_mcu7t5v0__nor2_1)
     4    0.147738    2.730414    1.625029    3.674591 ^ _503_/ZN (gf180mcu_fd_sc_mcu7t5v0__nor2_1)
                                                         _211_ (net)
                      2.731610    0.032193    3.706785 ^ _504_/A2 (gf180mcu_fd_sc_mcu7t5v0__or2_1)
     1    0.005716    0.151262    0.084222    3.791007 ^ _504_/Z (gf180mcu_fd_sc_mcu7t5v0__or2_1)
                                                         net64 (net)
                      0.151262    0.000122    3.791129 ^ output64/I (gf180mcu_fd_sc_mcu7t5v0__dlyb_1)
     1    0.054661    0.614074    0.841026    4.632155 ^ output64/Z (gf180mcu_fd_sc_mcu7t5v0__dlyb_1)
                                                         debug_mode_o (net)
                      0.614082    0.001210    4.633365 ^ debug_mode_o (out)
                                              4.633365   data arrival time

                                 16.000000   16.000000   clock clk (rise edge)
                                  0.000000   16.000000   clock network delay (propagated)
                                 -0.250000   15.750001   clock uncertainty
                                  0.000000   15.750001   clock reconvergence pessimism
                                 -3.200000   12.550000   output external delay
                                             12.550000   data required time
---------------------------------------------------------------------------------------------
                                             12.550000   data required time
                                             -4.633365   data arrival time
---------------------------------------------------------------------------------------------
                                              7.916636   slack (MET)


Startpoint: rst_n (input port clocked by clk)
Endpoint: _813_ (recovery check against rising-edge clock clk)
Path Group: asynchronous
Path Type: max

Fanout         Cap        Slew       Delay        Time   Description
---------------------------------------------------------------------------------------------
                                  0.000000    0.000000   clock clk (rise edge)
                                  0.000000    0.000000   clock network delay (propagated)
                                  3.200000    3.200000 ^ input external delay
     2    0.010205    0.049982    0.017902    3.217902 ^ rst_n (in)
                                                         rst_n (net)
                      0.049982    0.000000    3.217902 ^ input38/I (gf180mcu_fd_sc_mcu7t5v0__dlyb_1)
     1    0.008384    0.136510    0.542173    3.760076 ^ input38/Z (gf180mcu_fd_sc_mcu7t5v0__dlyb_1)
                                                         net38 (net)
                      0.136510    0.000211    3.760287 ^ fanout134/I (gf180mcu_fd_sc_mcu7t5v0__dlyb_1)
     5    0.097080    1.064006    1.100393    4.860680 ^ fanout134/Z (gf180mcu_fd_sc_mcu7t5v0__dlyb_1)
                                                         net134 (net)
                      1.064013    0.001586    4.862266 ^ fanout127/I (gf180mcu_fd_sc_mcu7t5v0__dlyb_1)
    11    0.125556    1.366046    1.262763    6.125029 ^ fanout127/Z (gf180mcu_fd_sc_mcu7t5v0__dlyb_1)
                                                         net127 (net)
                      1.366046    0.000693    6.125722 ^ fanout126/I (gf180mcu_fd_sc_mcu7t5v0__dlyb_1)
     9    0.080071    0.882950    0.957424    7.083146 ^ fanout126/Z (gf180mcu_fd_sc_mcu7t5v0__dlyb_1)
                                                         net126 (net)
                      0.882954    0.001016    7.084161 ^ fanout123/I (gf180mcu_fd_sc_mcu7t5v0__dlyb_1)
     5    0.054035    0.607891    0.829370    7.913531 ^ fanout123/Z (gf180mcu_fd_sc_mcu7t5v0__dlyb_1)
                                                         net123 (net)
                      0.607902    0.001458    7.914989 ^ load_slew124/I (gf180mcu_fd_sc_mcu7t5v0__buf_4)
    12    0.118125    0.337462    0.308590    8.223578 ^ load_slew124/Z (gf180mcu_fd_sc_mcu7t5v0__buf_4)
                                                         net124 (net)
                      0.337583    0.003574    8.227153 ^ _813_/RN (gf180mcu_fd_sc_mcu7t5v0__dffrnq_1)
                                              8.227153   data arrival time

                                 16.000000   16.000000   clock clk (rise edge)
                                  0.000000   16.000000   clock source latency
     2    0.092910    0.000000    0.000000   16.000000 ^ clk (in)
                                                         clk (net)
                      0.025556    0.010454   16.010454 ^ clkbuf_0_clk/I (gf180mcu_fd_sc_mcu7t5v0__clkbuf_16)
     8    0.205666    0.162120    0.208070   16.218523 ^ clkbuf_0_clk/Z (gf180mcu_fd_sc_mcu7t5v0__clkbuf_16)
                                                         clknet_0_clk (net)
                      0.163540    0.010152   16.228676 ^ clkbuf_3_0_0_clk/I (gf180mcu_fd_sc_mcu7t5v0__clkbuf_8)
    12    0.099450    0.159395    0.230900   16.459576 ^ clkbuf_3_0_0_clk/Z (gf180mcu_fd_sc_mcu7t5v0__clkbuf_8)
                                                         clknet_3_0_0_clk (net)
                      0.159709    0.006780   16.466356 ^ _813_/CLK (gf180mcu_fd_sc_mcu7t5v0__dffrnq_1)
                                 -0.250000   16.216356   clock uncertainty
                                  0.000000   16.216356   clock reconvergence pessimism
                                  0.109423   16.325779   library recovery time
                                             16.325779   data required time
---------------------------------------------------------------------------------------------
                                             16.325779   data required time
                                             -8.227153   data arrival time
---------------------------------------------------------------------------------------------
                                              8.098626   slack (MET)


Startpoint: rst_n (input port clocked by clk)
Endpoint: _805_ (recovery check against rising-edge clock clk)
Path Group: asynchronous
Path Type: max

Fanout         Cap        Slew       Delay        Time   Description
---------------------------------------------------------------------------------------------
                                  0.000000    0.000000   clock clk (rise edge)
                                  0.000000    0.000000   clock network delay (propagated)
                                  3.200000    3.200000 ^ input external delay
     2    0.010205    0.049982    0.017902    3.217902 ^ rst_n (in)
                                                         rst_n (net)
                      0.049982    0.000000    3.217902 ^ input38/I (gf180mcu_fd_sc_mcu7t5v0__dlyb_1)
     1    0.008384    0.136510    0.542173    3.760076 ^ input38/Z (gf180mcu_fd_sc_mcu7t5v0__dlyb_1)
                                                         net38 (net)
                      0.136510    0.000211    3.760287 ^ fanout134/I (gf180mcu_fd_sc_mcu7t5v0__dlyb_1)
     5    0.097080    1.064006    1.100393    4.860680 ^ fanout134/Z (gf180mcu_fd_sc_mcu7t5v0__dlyb_1)
                                                         net134 (net)
                      1.064013    0.001586    4.862266 ^ fanout127/I (gf180mcu_fd_sc_mcu7t5v0__dlyb_1)
    11    0.125556    1.366046    1.262763    6.125029 ^ fanout127/Z (gf180mcu_fd_sc_mcu7t5v0__dlyb_1)
                                                         net127 (net)
                      1.366046    0.000693    6.125722 ^ fanout126/I (gf180mcu_fd_sc_mcu7t5v0__dlyb_1)
     9    0.080071    0.882950    0.957424    7.083146 ^ fanout126/Z (gf180mcu_fd_sc_mcu7t5v0__dlyb_1)
                                                         net126 (net)
                      0.882954    0.001016    7.084161 ^ fanout123/I (gf180mcu_fd_sc_mcu7t5v0__dlyb_1)
     5    0.054035    0.607891    0.829370    7.913531 ^ fanout123/Z (gf180mcu_fd_sc_mcu7t5v0__dlyb_1)
                                                         net123 (net)
                      0.607902    0.001458    7.914989 ^ load_slew124/I (gf180mcu_fd_sc_mcu7t5v0__buf_4)
    12    0.118125    0.337462    0.308590    8.223578 ^ load_slew124/Z (gf180mcu_fd_sc_mcu7t5v0__buf_4)
                                                         net124 (net)
                      0.337571    0.003388    8.226967 ^ _805_/RN (gf180mcu_fd_sc_mcu7t5v0__dffrnq_1)
                                              8.226967   data arrival time

                                 16.000000   16.000000   clock clk (rise edge)
                                  0.000000   16.000000   clock source latency
     2    0.092910    0.000000    0.000000   16.000000 ^ clk (in)
                                                         clk (net)
                      0.025556    0.010454   16.010454 ^ clkbuf_0_clk/I (gf180mcu_fd_sc_mcu7t5v0__clkbuf_16)
     8    0.205666    0.162120    0.208070   16.218523 ^ clkbuf_0_clk/Z (gf180mcu_fd_sc_mcu7t5v0__clkbuf_16)
                                                         clknet_0_clk (net)
                      0.163540    0.010152   16.228676 ^ clkbuf_3_0_0_clk/I (gf180mcu_fd_sc_mcu7t5v0__clkbuf_8)
    12    0.099450    0.159395    0.230900   16.459576 ^ clkbuf_3_0_0_clk/Z (gf180mcu_fd_sc_mcu7t5v0__clkbuf_8)
                                                         clknet_3_0_0_clk (net)
                      0.159766    0.007201   16.466778 ^ _805_/CLK (gf180mcu_fd_sc_mcu7t5v0__dffrnq_1)
                                 -0.250000   16.216778   clock uncertainty
                                  0.000000   16.216778   clock reconvergence pessimism
                                  0.109434   16.326212   library recovery time
                                             16.326212   data required time
---------------------------------------------------------------------------------------------
                                             16.326212   data required time
                                             -8.226967   data arrival time
---------------------------------------------------------------------------------------------
                                              8.099245   slack (MET)


Startpoint: rst_n (input port clocked by clk)
Endpoint: _769_ (recovery check against rising-edge clock clk)
Path Group: asynchronous
Path Type: max

Fanout         Cap        Slew       Delay        Time   Description
---------------------------------------------------------------------------------------------
                                  0.000000    0.000000   clock clk (rise edge)
                                  0.000000    0.000000   clock network delay (propagated)
                                  3.200000    3.200000 ^ input external delay
     2    0.010205    0.049982    0.017902    3.217902 ^ rst_n (in)
                                                         rst_n (net)
                      0.049982    0.000000    3.217902 ^ input38/I (gf180mcu_fd_sc_mcu7t5v0__dlyb_1)
     1    0.008384    0.136510    0.542173    3.760076 ^ input38/Z (gf180mcu_fd_sc_mcu7t5v0__dlyb_1)
                                                         net38 (net)
                      0.136510    0.000211    3.760287 ^ fanout134/I (gf180mcu_fd_sc_mcu7t5v0__dlyb_1)
     5    0.097080    1.064006    1.100393    4.860680 ^ fanout134/Z (gf180mcu_fd_sc_mcu7t5v0__dlyb_1)
                                                         net134 (net)
                      1.064013    0.001586    4.862266 ^ fanout127/I (gf180mcu_fd_sc_mcu7t5v0__dlyb_1)
    11    0.125556    1.366046    1.262763    6.125029 ^ fanout127/Z (gf180mcu_fd_sc_mcu7t5v0__dlyb_1)
                                                         net127 (net)
                      1.366046    0.000693    6.125722 ^ fanout126/I (gf180mcu_fd_sc_mcu7t5v0__dlyb_1)
     9    0.080071    0.882950    0.957424    7.083146 ^ fanout126/Z (gf180mcu_fd_sc_mcu7t5v0__dlyb_1)
                                                         net126 (net)
                      0.882954    0.001016    7.084161 ^ fanout123/I (gf180mcu_fd_sc_mcu7t5v0__dlyb_1)
     5    0.054035    0.607891    0.829370    7.913531 ^ fanout123/Z (gf180mcu_fd_sc_mcu7t5v0__dlyb_1)
                                                         net123 (net)
                      0.607902    0.001458    7.914989 ^ load_slew124/I (gf180mcu_fd_sc_mcu7t5v0__buf_4)
    12    0.118125    0.337462    0.308590    8.223578 ^ load_slew124/Z (gf180mcu_fd_sc_mcu7t5v0__buf_4)
                                                         net124 (net)
                      0.337512    0.002265    8.225843 ^ _769_/RN (gf180mcu_fd_sc_mcu7t5v0__dffrnq_1)
                                              8.225843   data arrival time

                                 16.000000   16.000000   clock clk (rise edge)
                                  0.000000   16.000000   clock source latency
     2    0.092910    0.000000    0.000000   16.000000 ^ clk (in)
                                                         clk (net)
                      0.025556    0.010454   16.010454 ^ clkbuf_0_clk/I (gf180mcu_fd_sc_mcu7t5v0__clkbuf_16)
     8    0.205666    0.162120    0.208070   16.218523 ^ clkbuf_0_clk/Z (gf180mcu_fd_sc_mcu7t5v0__clkbuf_16)
                                                         clknet_0_clk (net)
                      0.163540    0.010152   16.228676 ^ clkbuf_3_0_0_clk/I (gf180mcu_fd_sc_mcu7t5v0__clkbuf_8)
    12    0.099450    0.159395    0.230900   16.459576 ^ clkbuf_3_0_0_clk/Z (gf180mcu_fd_sc_mcu7t5v0__clkbuf_8)
                                                         clknet_3_0_0_clk (net)
                      0.159730    0.006938   16.466515 ^ _769_/CLK (gf180mcu_fd_sc_mcu7t5v0__dffrnq_1)
                                 -0.250000   16.216515   clock uncertainty
                                  0.000000   16.216515   clock reconvergence pessimism
                                  0.109441   16.325956   library recovery time
                                             16.325956   data required time
---------------------------------------------------------------------------------------------
                                             16.325956   data required time
                                             -8.225843   data arrival time
---------------------------------------------------------------------------------------------
                                              8.100113   slack (MET)


Startpoint: rst_n (input port clocked by clk)
Endpoint: _801_ (recovery check against rising-edge clock clk)
Path Group: asynchronous
Path Type: max

Fanout         Cap        Slew       Delay        Time   Description
---------------------------------------------------------------------------------------------
                                  0.000000    0.000000   clock clk (rise edge)
                                  0.000000    0.000000   clock network delay (propagated)
                                  3.200000    3.200000 ^ input external delay
     2    0.010205    0.049982    0.017902    3.217902 ^ rst_n (in)
                                                         rst_n (net)
                      0.049982    0.000000    3.217902 ^ input38/I (gf180mcu_fd_sc_mcu7t5v0__dlyb_1)
     1    0.008384    0.136510    0.542173    3.760076 ^ input38/Z (gf180mcu_fd_sc_mcu7t5v0__dlyb_1)
                                                         net38 (net)
                      0.136510    0.000211    3.760287 ^ fanout134/I (gf180mcu_fd_sc_mcu7t5v0__dlyb_1)
     5    0.097080    1.064006    1.100393    4.860680 ^ fanout134/Z (gf180mcu_fd_sc_mcu7t5v0__dlyb_1)
                                                         net134 (net)
                      1.064013    0.001586    4.862266 ^ fanout127/I (gf180mcu_fd_sc_mcu7t5v0__dlyb_1)
    11    0.125556    1.366046    1.262763    6.125029 ^ fanout127/Z (gf180mcu_fd_sc_mcu7t5v0__dlyb_1)
                                                         net127 (net)
                      1.366046    0.000693    6.125722 ^ fanout126/I (gf180mcu_fd_sc_mcu7t5v0__dlyb_1)
     9    0.080071    0.882950    0.957424    7.083146 ^ fanout126/Z (gf180mcu_fd_sc_mcu7t5v0__dlyb_1)
                                                         net126 (net)
                      0.882954    0.001016    7.084161 ^ fanout123/I (gf180mcu_fd_sc_mcu7t5v0__dlyb_1)
     5    0.054035    0.607891    0.829370    7.913531 ^ fanout123/Z (gf180mcu_fd_sc_mcu7t5v0__dlyb_1)
                                                         net123 (net)
                      0.607902    0.001458    7.914989 ^ load_slew124/I (gf180mcu_fd_sc_mcu7t5v0__buf_4)
    12    0.118125    0.337462    0.308590    8.223578 ^ load_slew124/Z (gf180mcu_fd_sc_mcu7t5v0__buf_4)
                                                         net124 (net)
                      0.337534    0.002717    8.226295 ^ _801_/RN (gf180mcu_fd_sc_mcu7t5v0__dffrnq_1)
                                              8.226295   data arrival time

                                 16.000000   16.000000   clock clk (rise edge)
                                  0.000000   16.000000   clock source latency
     2    0.092910    0.000000    0.000000   16.000000 ^ clk (in)
                                                         clk (net)
                      0.025556    0.010454   16.010454 ^ clkbuf_0_clk/I (gf180mcu_fd_sc_mcu7t5v0__clkbuf_16)
     8    0.205666    0.162120    0.208070   16.218523 ^ clkbuf_0_clk/Z (gf180mcu_fd_sc_mcu7t5v0__clkbuf_16)
                                                         clknet_0_clk (net)
                      0.163540    0.010152   16.228676 ^ clkbuf_3_0_0_clk/I (gf180mcu_fd_sc_mcu7t5v0__clkbuf_8)
    12    0.099450    0.159395    0.230900   16.459576 ^ clkbuf_3_0_0_clk/Z (gf180mcu_fd_sc_mcu7t5v0__clkbuf_8)
                                                         clknet_3_0_0_clk (net)
                      0.159803    0.007459   16.467035 ^ _801_/CLK (gf180mcu_fd_sc_mcu7t5v0__dffrnq_1)
                                 -0.250000   16.217035   clock uncertainty
                                  0.000000   16.217035   clock reconvergence pessimism
                                  0.109448   16.326485   library recovery time
                                             16.326485   data required time
---------------------------------------------------------------------------------------------
                                             16.326485   data required time
                                             -8.226295   data arrival time
---------------------------------------------------------------------------------------------
                                              8.100188   slack (MET)


Startpoint: rst_n (input port clocked by clk)
Endpoint: _804_ (recovery check against rising-edge clock clk)
Path Group: asynchronous
Path Type: max

Fanout         Cap        Slew       Delay        Time   Description
---------------------------------------------------------------------------------------------
                                  0.000000    0.000000   clock clk (rise edge)
                                  0.000000    0.000000   clock network delay (propagated)
                                  3.200000    3.200000 ^ input external delay
     2    0.010205    0.049982    0.017902    3.217902 ^ rst_n (in)
                                                         rst_n (net)
                      0.049982    0.000000    3.217902 ^ input38/I (gf180mcu_fd_sc_mcu7t5v0__dlyb_1)
     1    0.008384    0.136510    0.542173    3.760076 ^ input38/Z (gf180mcu_fd_sc_mcu7t5v0__dlyb_1)
                                                         net38 (net)
                      0.136510    0.000211    3.760287 ^ fanout134/I (gf180mcu_fd_sc_mcu7t5v0__dlyb_1)
     5    0.097080    1.064006    1.100393    4.860680 ^ fanout134/Z (gf180mcu_fd_sc_mcu7t5v0__dlyb_1)
                                                         net134 (net)
                      1.064013    0.001586    4.862266 ^ fanout127/I (gf180mcu_fd_sc_mcu7t5v0__dlyb_1)
    11    0.125556    1.366046    1.262763    6.125029 ^ fanout127/Z (gf180mcu_fd_sc_mcu7t5v0__dlyb_1)
                                                         net127 (net)
                      1.366046    0.000693    6.125722 ^ fanout126/I (gf180mcu_fd_sc_mcu7t5v0__dlyb_1)
     9    0.080071    0.882950    0.957424    7.083146 ^ fanout126/Z (gf180mcu_fd_sc_mcu7t5v0__dlyb_1)
                                                         net126 (net)
                      0.882954    0.001016    7.084161 ^ fanout123/I (gf180mcu_fd_sc_mcu7t5v0__dlyb_1)
     5    0.054035    0.607891    0.829370    7.913531 ^ fanout123/Z (gf180mcu_fd_sc_mcu7t5v0__dlyb_1)
                                                         net123 (net)
                      0.607902    0.001458    7.914989 ^ load_slew124/I (gf180mcu_fd_sc_mcu7t5v0__buf_4)
    12    0.118125    0.337462    0.308590    8.223578 ^ load_slew124/Z (gf180mcu_fd_sc_mcu7t5v0__buf_4)
                                                         net124 (net)
                      0.337535    0.002744    8.226323 ^ _804_/RN (gf180mcu_fd_sc_mcu7t5v0__dffrnq_1)
                                              8.226323   data arrival time

                                 16.000000   16.000000   clock clk (rise edge)
                                  0.000000   16.000000   clock source latency
     2    0.092910    0.000000    0.000000   16.000000 ^ clk (in)
                                                         clk (net)
                      0.025556    0.010454   16.010454 ^ clkbuf_0_clk/I (gf180mcu_fd_sc_mcu7t5v0__clkbuf_16)
     8    0.205666    0.162120    0.208070   16.218523 ^ clkbuf_0_clk/Z (gf180mcu_fd_sc_mcu7t5v0__clkbuf_16)
                                                         clknet_0_clk (net)
                      0.163540    0.010152   16.228676 ^ clkbuf_3_0_0_clk/I (gf180mcu_fd_sc_mcu7t5v0__clkbuf_8)
    12    0.099450    0.159395    0.230900   16.459576 ^ clkbuf_3_0_0_clk/Z (gf180mcu_fd_sc_mcu7t5v0__clkbuf_8)
                                                         clknet_3_0_0_clk (net)
                      0.159808    0.007493   16.467068 ^ _804_/CLK (gf180mcu_fd_sc_mcu7t5v0__dffrnq_1)
                                 -0.250000   16.217070   clock uncertainty
                                  0.000000   16.217070   clock reconvergence pessimism
                                  0.109448   16.326517   library recovery time
                                             16.326517   data required time
---------------------------------------------------------------------------------------------
                                             16.326517   data required time
                                             -8.226323   data arrival time
---------------------------------------------------------------------------------------------
                                              8.100195   slack (MET)


Startpoint: rst_n (input port clocked by clk)
Endpoint: _802_ (recovery check against rising-edge clock clk)
Path Group: asynchronous
Path Type: max

Fanout         Cap        Slew       Delay        Time   Description
---------------------------------------------------------------------------------------------
                                  0.000000    0.000000   clock clk (rise edge)
                                  0.000000    0.000000   clock network delay (propagated)
                                  3.200000    3.200000 ^ input external delay
     2    0.010205    0.049982    0.017902    3.217902 ^ rst_n (in)
                                                         rst_n (net)
                      0.049982    0.000000    3.217902 ^ input38/I (gf180mcu_fd_sc_mcu7t5v0__dlyb_1)
     1    0.008384    0.136510    0.542173    3.760076 ^ input38/Z (gf180mcu_fd_sc_mcu7t5v0__dlyb_1)
                                                         net38 (net)
                      0.136510    0.000211    3.760287 ^ fanout134/I (gf180mcu_fd_sc_mcu7t5v0__dlyb_1)
     5    0.097080    1.064006    1.100393    4.860680 ^ fanout134/Z (gf180mcu_fd_sc_mcu7t5v0__dlyb_1)
                                                         net134 (net)
                      1.064013    0.001586    4.862266 ^ fanout127/I (gf180mcu_fd_sc_mcu7t5v0__dlyb_1)
    11    0.125556    1.366046    1.262763    6.125029 ^ fanout127/Z (gf180mcu_fd_sc_mcu7t5v0__dlyb_1)
                                                         net127 (net)
                      1.366046    0.000693    6.125722 ^ fanout126/I (gf180mcu_fd_sc_mcu7t5v0__dlyb_1)
     9    0.080071    0.882950    0.957424    7.083146 ^ fanout126/Z (gf180mcu_fd_sc_mcu7t5v0__dlyb_1)
                                                         net126 (net)
                      0.882954    0.001016    7.084161 ^ fanout123/I (gf180mcu_fd_sc_mcu7t5v0__dlyb_1)
     5    0.054035    0.607891    0.829370    7.913531 ^ fanout123/Z (gf180mcu_fd_sc_mcu7t5v0__dlyb_1)
                                                         net123 (net)
                      0.607902    0.001458    7.914989 ^ load_slew124/I (gf180mcu_fd_sc_mcu7t5v0__buf_4)
    12    0.118125    0.337462    0.308590    8.223578 ^ load_slew124/Z (gf180mcu_fd_sc_mcu7t5v0__buf_4)
                                                         net124 (net)
                      0.337485    0.001525    8.225103 ^ _802_/RN (gf180mcu_fd_sc_mcu7t5v0__dffrnq_1)
                                              8.225103   data arrival time

                                 16.000000   16.000000   clock clk (rise edge)
                                  0.000000   16.000000   clock source latency
     2    0.092910    0.000000    0.000000   16.000000 ^ clk (in)
                                                         clk (net)
                      0.025556    0.010454   16.010454 ^ clkbuf_0_clk/I (gf180mcu_fd_sc_mcu7t5v0__clkbuf_16)
     8    0.205666    0.162120    0.208070   16.218523 ^ clkbuf_0_clk/Z (gf180mcu_fd_sc_mcu7t5v0__clkbuf_16)
                                                         clknet_0_clk (net)
                      0.163540    0.010152   16.228676 ^ clkbuf_3_0_0_clk/I (gf180mcu_fd_sc_mcu7t5v0__clkbuf_8)
    12    0.099450    0.159395    0.230900   16.459576 ^ clkbuf_3_0_0_clk/Z (gf180mcu_fd_sc_mcu7t5v0__clkbuf_8)
                                                         clknet_3_0_0_clk (net)
                      0.159824    0.007601   16.467176 ^ _802_/CLK (gf180mcu_fd_sc_mcu7t5v0__dffrnq_1)
                                 -0.250000   16.217178   clock uncertainty
                                  0.000000   16.217178   clock reconvergence pessimism
                                  0.109462   16.326639   library recovery time
                                             16.326639   data required time
---------------------------------------------------------------------------------------------
                                             16.326639   data required time
                                             -8.225103   data arrival time
---------------------------------------------------------------------------------------------
                                              8.101535   slack (MET)


Startpoint: rst_n (input port clocked by clk)
Endpoint: _767_ (recovery check against rising-edge clock clk)
Path Group: asynchronous
Path Type: max

Fanout         Cap        Slew       Delay        Time   Description
---------------------------------------------------------------------------------------------
                                  0.000000    0.000000   clock clk (rise edge)
                                  0.000000    0.000000   clock network delay (propagated)
                                  3.200000    3.200000 ^ input external delay
     2    0.010205    0.049982    0.017902    3.217902 ^ rst_n (in)
                                                         rst_n (net)
                      0.049982    0.000000    3.217902 ^ input38/I (gf180mcu_fd_sc_mcu7t5v0__dlyb_1)
     1    0.008384    0.136510    0.542173    3.760076 ^ input38/Z (gf180mcu_fd_sc_mcu7t5v0__dlyb_1)
                                                         net38 (net)
                      0.136510    0.000211    3.760287 ^ fanout134/I (gf180mcu_fd_sc_mcu7t5v0__dlyb_1)
     5    0.097080    1.064006    1.100393    4.860680 ^ fanout134/Z (gf180mcu_fd_sc_mcu7t5v0__dlyb_1)
                                                         net134 (net)
                      1.064013    0.001586    4.862266 ^ fanout127/I (gf180mcu_fd_sc_mcu7t5v0__dlyb_1)
    11    0.125556    1.366046    1.262763    6.125029 ^ fanout127/Z (gf180mcu_fd_sc_mcu7t5v0__dlyb_1)
                                                         net127 (net)
                      1.366046    0.000693    6.125722 ^ fanout126/I (gf180mcu_fd_sc_mcu7t5v0__dlyb_1)
     9    0.080071    0.882950    0.957424    7.083146 ^ fanout126/Z (gf180mcu_fd_sc_mcu7t5v0__dlyb_1)
                                                         net126 (net)
                      0.882954    0.001016    7.084161 ^ fanout123/I (gf180mcu_fd_sc_mcu7t5v0__dlyb_1)
     5    0.054035    0.607891    0.829370    7.913531 ^ fanout123/Z (gf180mcu_fd_sc_mcu7t5v0__dlyb_1)
                                                         net123 (net)
                      0.607902    0.001458    7.914989 ^ load_slew124/I (gf180mcu_fd_sc_mcu7t5v0__buf_4)
    12    0.118125    0.337462    0.308590    8.223578 ^ load_slew124/Z (gf180mcu_fd_sc_mcu7t5v0__buf_4)
                                                         net124 (net)
                      0.337583    0.003581    8.227160 ^ _767_/RN (gf180mcu_fd_sc_mcu7t5v0__dffrnq_1)
                                              8.227160   data arrival time

                                 16.000000   16.000000   clock clk (rise edge)
                                  0.000000   16.000000   clock source latency
     2    0.092910    0.000000    0.000000   16.000000 ^ clk (in)
                                                         clk (net)
                      0.025556    0.010454   16.010454 ^ clkbuf_0_clk/I (gf180mcu_fd_sc_mcu7t5v0__clkbuf_16)
     8    0.205666    0.162120    0.208070   16.218523 ^ clkbuf_0_clk/Z (gf180mcu_fd_sc_mcu7t5v0__clkbuf_16)
                                                         clknet_0_clk (net)
                      0.163389    0.009562   16.228086 ^ clkbuf_3_2_0_clk/I (gf180mcu_fd_sc_mcu7t5v0__clkbuf_8)
    12    0.104111    0.165820    0.235270   16.463356 ^ clkbuf_3_2_0_clk/Z (gf180mcu_fd_sc_mcu7t5v0__clkbuf_8)
                                                         clknet_3_2_0_clk (net)
                      0.166039    0.006031   16.469387 ^ _767_/CLK (gf180mcu_fd_sc_mcu7t5v0__dffrnq_1)
                                 -0.250000   16.219387   clock uncertainty
                                  0.000000   16.219387   clock reconvergence pessimism
                                  0.110439   16.329826   library recovery time
                                             16.329826   data required time
---------------------------------------------------------------------------------------------
                                             16.329826   data required time
                                             -8.227160   data arrival time
---------------------------------------------------------------------------------------------
                                              8.102667   slack (MET)


Startpoint: rst_n (input port clocked by clk)
Endpoint: _800_ (recovery check against rising-edge clock clk)
Path Group: asynchronous
Path Type: max

Fanout         Cap        Slew       Delay        Time   Description
---------------------------------------------------------------------------------------------
                                  0.000000    0.000000   clock clk (rise edge)
                                  0.000000    0.000000   clock network delay (propagated)
                                  3.200000    3.200000 ^ input external delay
     2    0.010205    0.049982    0.017902    3.217902 ^ rst_n (in)
                                                         rst_n (net)
                      0.049982    0.000000    3.217902 ^ input38/I (gf180mcu_fd_sc_mcu7t5v0__dlyb_1)
     1    0.008384    0.136510    0.542173    3.760076 ^ input38/Z (gf180mcu_fd_sc_mcu7t5v0__dlyb_1)
                                                         net38 (net)
                      0.136510    0.000211    3.760287 ^ fanout134/I (gf180mcu_fd_sc_mcu7t5v0__dlyb_1)
     5    0.097080    1.064006    1.100393    4.860680 ^ fanout134/Z (gf180mcu_fd_sc_mcu7t5v0__dlyb_1)
                                                         net134 (net)
                      1.064013    0.001586    4.862266 ^ fanout127/I (gf180mcu_fd_sc_mcu7t5v0__dlyb_1)
    11    0.125556    1.366046    1.262763    6.125029 ^ fanout127/Z (gf180mcu_fd_sc_mcu7t5v0__dlyb_1)
                                                         net127 (net)
                      1.366046    0.000693    6.125722 ^ fanout126/I (gf180mcu_fd_sc_mcu7t5v0__dlyb_1)
     9    0.080071    0.882950    0.957424    7.083146 ^ fanout126/Z (gf180mcu_fd_sc_mcu7t5v0__dlyb_1)
                                                         net126 (net)
                      0.882954    0.001016    7.084161 ^ fanout123/I (gf180mcu_fd_sc_mcu7t5v0__dlyb_1)
     5    0.054035    0.607891    0.829370    7.913531 ^ fanout123/Z (gf180mcu_fd_sc_mcu7t5v0__dlyb_1)
                                                         net123 (net)
                      0.607902    0.001458    7.914989 ^ load_slew124/I (gf180mcu_fd_sc_mcu7t5v0__buf_4)
    12    0.118125    0.337462    0.308590    8.223578 ^ load_slew124/Z (gf180mcu_fd_sc_mcu7t5v0__buf_4)
                                                         net124 (net)
                      0.337568    0.003331    8.226910 ^ _800_/RN (gf180mcu_fd_sc_mcu7t5v0__dffrnq_1)
                                              8.226910   data arrival time

                                 16.000000   16.000000   clock clk (rise edge)
                                  0.000000   16.000000   clock source latency
     2    0.092910    0.000000    0.000000   16.000000 ^ clk (in)
                                                         clk (net)
                      0.025556    0.010454   16.010454 ^ clkbuf_0_clk/I (gf180mcu_fd_sc_mcu7t5v0__clkbuf_16)
     8    0.205666    0.162120    0.208070   16.218523 ^ clkbuf_0_clk/Z (gf180mcu_fd_sc_mcu7t5v0__clkbuf_16)
                                                         clknet_0_clk (net)
                      0.163506    0.010019   16.228542 ^ clkbuf_3_1_0_clk/I (gf180mcu_fd_sc_mcu7t5v0__clkbuf_8)
    16    0.119720    0.182888    0.245032   16.473576 ^ clkbuf_3_1_0_clk/Z (gf180mcu_fd_sc_mcu7t5v0__clkbuf_8)
                                                         clknet_3_1_0_clk (net)
                      0.184027    0.008404   16.481979 ^ _800_/CLK (gf180mcu_fd_sc_mcu7t5v0__dffrnq_1)
                                 -0.250000   16.231979   clock uncertainty
                                  0.000000   16.231979   clock reconvergence pessimism
                                  0.113333   16.345314   library recovery time
                                             16.345314   data required time
---------------------------------------------------------------------------------------------
                                             16.345314   data required time
                                             -8.226910   data arrival time
---------------------------------------------------------------------------------------------
                                              8.118404   slack (MET)


Startpoint: rst_n (input port clocked by clk)
Endpoint: _782_ (recovery check against rising-edge clock clk)
Path Group: asynchronous
Path Type: max

Fanout         Cap        Slew       Delay        Time   Description
---------------------------------------------------------------------------------------------
                                  0.000000    0.000000   clock clk (rise edge)
                                  0.000000    0.000000   clock network delay (propagated)
                                  3.200000    3.200000 ^ input external delay
     2    0.010205    0.049982    0.017902    3.217902 ^ rst_n (in)
                                                         rst_n (net)
                      0.049982    0.000000    3.217902 ^ input38/I (gf180mcu_fd_sc_mcu7t5v0__dlyb_1)
     1    0.008384    0.136510    0.542173    3.760076 ^ input38/Z (gf180mcu_fd_sc_mcu7t5v0__dlyb_1)
                                                         net38 (net)
                      0.136510    0.000211    3.760287 ^ fanout134/I (gf180mcu_fd_sc_mcu7t5v0__dlyb_1)
     5    0.097080    1.064006    1.100393    4.860680 ^ fanout134/Z (gf180mcu_fd_sc_mcu7t5v0__dlyb_1)
                                                         net134 (net)
                      1.064013    0.001586    4.862266 ^ fanout127/I (gf180mcu_fd_sc_mcu7t5v0__dlyb_1)
    11    0.125556    1.366046    1.262763    6.125029 ^ fanout127/Z (gf180mcu_fd_sc_mcu7t5v0__dlyb_1)
                                                         net127 (net)
                      1.366046    0.000693    6.125722 ^ fanout126/I (gf180mcu_fd_sc_mcu7t5v0__dlyb_1)
     9    0.080071    0.882950    0.957424    7.083146 ^ fanout126/Z (gf180mcu_fd_sc_mcu7t5v0__dlyb_1)
                                                         net126 (net)
                      0.882954    0.001016    7.084161 ^ fanout123/I (gf180mcu_fd_sc_mcu7t5v0__dlyb_1)
     5    0.054035    0.607891    0.829370    7.913531 ^ fanout123/Z (gf180mcu_fd_sc_mcu7t5v0__dlyb_1)
                                                         net123 (net)
                      0.607902    0.001458    7.914989 ^ load_slew124/I (gf180mcu_fd_sc_mcu7t5v0__buf_4)
    12    0.118125    0.337462    0.308590    8.223578 ^ load_slew124/Z (gf180mcu_fd_sc_mcu7t5v0__buf_4)
                                                         net124 (net)
                      0.337497    0.001887    8.225466 ^ _782_/RN (gf180mcu_fd_sc_mcu7t5v0__dffrnq_1)
                                              8.225466   data arrival time

                                 16.000000   16.000000   clock clk (rise edge)
                                  0.000000   16.000000   clock source latency
     2    0.092910    0.000000    0.000000   16.000000 ^ clk (in)
                                                         clk (net)
                      0.025556    0.010454   16.010454 ^ clkbuf_0_clk/I (gf180mcu_fd_sc_mcu7t5v0__clkbuf_16)
     8    0.205666    0.162120    0.208070   16.218523 ^ clkbuf_0_clk/Z (gf180mcu_fd_sc_mcu7t5v0__clkbuf_16)
                                                         clknet_0_clk (net)
                      0.163506    0.010019   16.228542 ^ clkbuf_3_1_0_clk/I (gf180mcu_fd_sc_mcu7t5v0__clkbuf_8)
    16    0.119720    0.182888    0.245032   16.473576 ^ clkbuf_3_1_0_clk/Z (gf180mcu_fd_sc_mcu7t5v0__clkbuf_8)
                                                         clknet_3_1_0_clk (net)
                      0.184178    0.009114   16.482689 ^ _782_/CLK (gf180mcu_fd_sc_mcu7t5v0__dffrnq_1)
                                 -0.250000   16.232691   clock uncertainty
                                  0.000000   16.232691   clock reconvergence pessimism
                                  0.113373   16.346064   library recovery time
                                             16.346064   data required time
---------------------------------------------------------------------------------------------
                                             16.346064   data required time
                                             -8.225466   data arrival time
---------------------------------------------------------------------------------------------
                                              8.120597   slack (MET)


Startpoint: rst_n (input port clocked by clk)
Endpoint: _771_ (recovery check against rising-edge clock clk)
Path Group: asynchronous
Path Type: max

Fanout         Cap        Slew       Delay        Time   Description
---------------------------------------------------------------------------------------------
                                  0.000000    0.000000   clock clk (rise edge)
                                  0.000000    0.000000   clock network delay (propagated)
                                  3.200000    3.200000 ^ input external delay
     2    0.010205    0.049982    0.017902    3.217902 ^ rst_n (in)
                                                         rst_n (net)
                      0.049982    0.000000    3.217902 ^ input38/I (gf180mcu_fd_sc_mcu7t5v0__dlyb_1)
     1    0.008384    0.136510    0.542173    3.760076 ^ input38/Z (gf180mcu_fd_sc_mcu7t5v0__dlyb_1)
                                                         net38 (net)
                      0.136510    0.000211    3.760287 ^ fanout134/I (gf180mcu_fd_sc_mcu7t5v0__dlyb_1)
     5    0.097080    1.064006    1.100393    4.860680 ^ fanout134/Z (gf180mcu_fd_sc_mcu7t5v0__dlyb_1)
                                                         net134 (net)
                      1.064013    0.001586    4.862266 ^ fanout127/I (gf180mcu_fd_sc_mcu7t5v0__dlyb_1)
    11    0.125556    1.366046    1.262763    6.125029 ^ fanout127/Z (gf180mcu_fd_sc_mcu7t5v0__dlyb_1)
                                                         net127 (net)
                      1.366046    0.000693    6.125722 ^ fanout126/I (gf180mcu_fd_sc_mcu7t5v0__dlyb_1)
     9    0.080071    0.882950    0.957424    7.083146 ^ fanout126/Z (gf180mcu_fd_sc_mcu7t5v0__dlyb_1)
                                                         net126 (net)
                      0.882954    0.001016    7.084161 ^ fanout123/I (gf180mcu_fd_sc_mcu7t5v0__dlyb_1)
     5    0.054035    0.607891    0.829370    7.913531 ^ fanout123/Z (gf180mcu_fd_sc_mcu7t5v0__dlyb_1)
                                                         net123 (net)
                      0.607902    0.001458    7.914989 ^ load_slew124/I (gf180mcu_fd_sc_mcu7t5v0__buf_4)
    12    0.118125    0.337462    0.308590    8.223578 ^ load_slew124/Z (gf180mcu_fd_sc_mcu7t5v0__buf_4)
                                                         net124 (net)
                      0.337484    0.001512    8.225090 ^ _771_/RN (gf180mcu_fd_sc_mcu7t5v0__dffrnq_1)
                                              8.225090   data arrival time

                                 16.000000   16.000000   clock clk (rise edge)
                                  0.000000   16.000000   clock source latency
     2    0.092910    0.000000    0.000000   16.000000 ^ clk (in)
                                                         clk (net)
                      0.025556    0.010454   16.010454 ^ clkbuf_0_clk/I (gf180mcu_fd_sc_mcu7t5v0__clkbuf_16)
     8    0.205666    0.162120    0.208070   16.218523 ^ clkbuf_0_clk/Z (gf180mcu_fd_sc_mcu7t5v0__clkbuf_16)
                                                         clknet_0_clk (net)
                      0.163506    0.010019   16.228542 ^ clkbuf_3_1_0_clk/I (gf180mcu_fd_sc_mcu7t5v0__clkbuf_8)
    16    0.119720    0.182888    0.245032   16.473576 ^ clkbuf_3_1_0_clk/Z (gf180mcu_fd_sc_mcu7t5v0__clkbuf_8)
                                                         clknet_3_1_0_clk (net)
                      0.184171    0.009083   16.482658 ^ _771_/CLK (gf180mcu_fd_sc_mcu7t5v0__dffrnq_1)
                                 -0.250000   16.232658   clock uncertainty
                                  0.000000   16.232658   clock reconvergence pessimism
                                  0.113374   16.346033   library recovery time
                                             16.346033   data required time
---------------------------------------------------------------------------------------------
                                             16.346033   data required time
                                             -8.225090   data arrival time
---------------------------------------------------------------------------------------------
                                              8.120942   slack (MET)


Startpoint: rst_n (input port clocked by clk)
Endpoint: _778_ (recovery check against rising-edge clock clk)
Path Group: asynchronous
Path Type: max

Fanout         Cap        Slew       Delay        Time   Description
---------------------------------------------------------------------------------------------
                                  0.000000    0.000000   clock clk (rise edge)
                                  0.000000    0.000000   clock network delay (propagated)
                                  3.200000    3.200000 ^ input external delay
     2    0.010205    0.049982    0.017902    3.217902 ^ rst_n (in)
                                                         rst_n (net)
                      0.049982    0.000000    3.217902 ^ input38/I (gf180mcu_fd_sc_mcu7t5v0__dlyb_1)
     1    0.008384    0.136510    0.542173    3.760076 ^ input38/Z (gf180mcu_fd_sc_mcu7t5v0__dlyb_1)
                                                         net38 (net)
                      0.136510    0.000211    3.760287 ^ fanout134/I (gf180mcu_fd_sc_mcu7t5v0__dlyb_1)
     5    0.097080    1.064006    1.100393    4.860680 ^ fanout134/Z (gf180mcu_fd_sc_mcu7t5v0__dlyb_1)
                                                         net134 (net)
                      1.064013    0.001586    4.862266 ^ fanout127/I (gf180mcu_fd_sc_mcu7t5v0__dlyb_1)
    11    0.125556    1.366046    1.262763    6.125029 ^ fanout127/Z (gf180mcu_fd_sc_mcu7t5v0__dlyb_1)
                                                         net127 (net)
                      1.366046    0.000693    6.125722 ^ fanout126/I (gf180mcu_fd_sc_mcu7t5v0__dlyb_1)
     9    0.080071    0.882950    0.957424    7.083146 ^ fanout126/Z (gf180mcu_fd_sc_mcu7t5v0__dlyb_1)
                                                         net126 (net)
                      0.882954    0.001016    7.084161 ^ fanout123/I (gf180mcu_fd_sc_mcu7t5v0__dlyb_1)
     5    0.054035    0.607891    0.829370    7.913531 ^ fanout123/Z (gf180mcu_fd_sc_mcu7t5v0__dlyb_1)
                                                         net123 (net)
                      0.607902    0.001458    7.914989 ^ load_slew124/I (gf180mcu_fd_sc_mcu7t5v0__buf_4)
    12    0.118125    0.337462    0.308590    8.223578 ^ load_slew124/Z (gf180mcu_fd_sc_mcu7t5v0__buf_4)
                                                         net124 (net)
                      0.337485    0.001546    8.225124 ^ _778_/RN (gf180mcu_fd_sc_mcu7t5v0__dffrnq_1)
                                              8.225124   data arrival time

                                 16.000000   16.000000   clock clk (rise edge)
                                  0.000000   16.000000   clock source latency
     2    0.092910    0.000000    0.000000   16.000000 ^ clk (in)
                                                         clk (net)
                      0.025556    0.010454   16.010454 ^ clkbuf_0_clk/I (gf180mcu_fd_sc_mcu7t5v0__clkbuf_16)
     8    0.205666    0.162120    0.208070   16.218523 ^ clkbuf_0_clk/Z (gf180mcu_fd_sc_mcu7t5v0__clkbuf_16)
                                                         clknet_0_clk (net)
                      0.163506    0.010019   16.228542 ^ clkbuf_3_1_0_clk/I (gf180mcu_fd_sc_mcu7t5v0__clkbuf_8)
    16    0.119720    0.182888    0.245032   16.473576 ^ clkbuf_3_1_0_clk/Z (gf180mcu_fd_sc_mcu7t5v0__clkbuf_8)
                                                         clknet_3_1_0_clk (net)
                      0.184220    0.009306   16.482882 ^ _778_/CLK (gf180mcu_fd_sc_mcu7t5v0__dffrnq_1)
                                 -0.250000   16.232882   clock uncertainty
                                  0.000000   16.232882   clock reconvergence pessimism
                                  0.113382   16.346264   library recovery time
                                             16.346264   data required time
---------------------------------------------------------------------------------------------
                                             16.346264   data required time
                                             -8.225124   data arrival time
---------------------------------------------------------------------------------------------
                                              8.121139   slack (MET)


Startpoint: rst_n (input port clocked by clk)
Endpoint: _774_ (recovery check against rising-edge clock clk)
Path Group: asynchronous
Path Type: max

Fanout         Cap        Slew       Delay        Time   Description
---------------------------------------------------------------------------------------------
                                  0.000000    0.000000   clock clk (rise edge)
                                  0.000000    0.000000   clock network delay (propagated)
                                  3.200000    3.200000 ^ input external delay
     2    0.010205    0.049982    0.017902    3.217902 ^ rst_n (in)
                                                         rst_n (net)
                      0.049982    0.000000    3.217902 ^ input38/I (gf180mcu_fd_sc_mcu7t5v0__dlyb_1)
     1    0.008384    0.136510    0.542173    3.760076 ^ input38/Z (gf180mcu_fd_sc_mcu7t5v0__dlyb_1)
                                                         net38 (net)
                      0.136510    0.000211    3.760287 ^ fanout134/I (gf180mcu_fd_sc_mcu7t5v0__dlyb_1)
     5    0.097080    1.064006    1.100393    4.860680 ^ fanout134/Z (gf180mcu_fd_sc_mcu7t5v0__dlyb_1)
                                                         net134 (net)
                      1.064013    0.001586    4.862266 ^ fanout127/I (gf180mcu_fd_sc_mcu7t5v0__dlyb_1)
    11    0.125556    1.366046    1.262763    6.125029 ^ fanout127/Z (gf180mcu_fd_sc_mcu7t5v0__dlyb_1)
                                                         net127 (net)
                      1.366046    0.000693    6.125722 ^ fanout126/I (gf180mcu_fd_sc_mcu7t5v0__dlyb_1)
     9    0.080071    0.882950    0.957424    7.083146 ^ fanout126/Z (gf180mcu_fd_sc_mcu7t5v0__dlyb_1)
                                                         net126 (net)
                      0.882954    0.001016    7.084161 ^ fanout123/I (gf180mcu_fd_sc_mcu7t5v0__dlyb_1)
     5    0.054035    0.607891    0.829370    7.913531 ^ fanout123/Z (gf180mcu_fd_sc_mcu7t5v0__dlyb_1)
                                                         net123 (net)
                      0.607902    0.001458    7.914989 ^ load_slew124/I (gf180mcu_fd_sc_mcu7t5v0__buf_4)
    12    0.118125    0.337462    0.308590    8.223578 ^ load_slew124/Z (gf180mcu_fd_sc_mcu7t5v0__buf_4)
                                                         net124 (net)
                      0.337468    0.000744    8.224322 ^ _774_/RN (gf180mcu_fd_sc_mcu7t5v0__dffrnq_1)
                                              8.224322   data arrival time

                                 16.000000   16.000000   clock clk (rise edge)
                                  0.000000   16.000000   clock source latency
     2    0.092910    0.000000    0.000000   16.000000 ^ clk (in)
                                                         clk (net)
                      0.025556    0.010454   16.010454 ^ clkbuf_0_clk/I (gf180mcu_fd_sc_mcu7t5v0__clkbuf_16)
     8    0.205666    0.162120    0.208070   16.218523 ^ clkbuf_0_clk/Z (gf180mcu_fd_sc_mcu7t5v0__clkbuf_16)
                                                         clknet_0_clk (net)
                      0.163506    0.010019   16.228542 ^ clkbuf_3_1_0_clk/I (gf180mcu_fd_sc_mcu7t5v0__clkbuf_8)
    16    0.119720    0.182888    0.245032   16.473576 ^ clkbuf_3_1_0_clk/Z (gf180mcu_fd_sc_mcu7t5v0__clkbuf_8)
                                                         clknet_3_1_0_clk (net)
                      0.184164    0.009051   16.482626 ^ _774_/CLK (gf180mcu_fd_sc_mcu7t5v0__dffrnq_1)
                                 -0.250000   16.232626   clock uncertainty
                                  0.000000   16.232626   clock reconvergence pessimism
                                  0.113377   16.346003   library recovery time
                                             16.346003   data required time
---------------------------------------------------------------------------------------------
                                             16.346003   data required time
                                             -8.224322   data arrival time
---------------------------------------------------------------------------------------------
                                              8.121679   slack (MET)


Startpoint: _792_ (rising edge-triggered flip-flop clocked by clk)
Endpoint: debug_write_o (output port clocked by clk)
Path Group: clk
Path Type: max

Fanout         Cap        Slew       Delay        Time   Description
---------------------------------------------------------------------------------------------
                                  0.000000    0.000000   clock clk (rise edge)
                                  0.000000    0.000000   clock source latency
     2    0.092910    0.000000    0.000000    0.000000 ^ clk (in)
                                                         clk (net)
                      0.025556    0.010453    0.010453 ^ clkbuf_0_clk/I (gf180mcu_fd_sc_mcu7t5v0__clkbuf_16)
     8    0.205666    0.162120    0.208071    0.218524 ^ clkbuf_0_clk/Z (gf180mcu_fd_sc_mcu7t5v0__clkbuf_16)
                                                         clknet_0_clk (net)
                      0.163264    0.009057    0.227582 ^ clkbuf_3_3_0_clk/I (gf180mcu_fd_sc_mcu7t5v0__clkbuf_8)
     9    0.084729    0.142760    0.221310    0.448891 ^ clkbuf_3_3_0_clk/Z (gf180mcu_fd_sc_mcu7t5v0__clkbuf_8)
                                                         clknet_3_3_0_clk (net)
                      0.142790    0.003124    0.452016 ^ _792_/CLK (gf180mcu_fd_sc_mcu7t5v0__dffrnq_2)
    14    0.248405    1.341457    1.297661    1.749676 ^ _792_/Q (gf180mcu_fd_sc_mcu7t5v0__dffrnq_2)
                                                         net108 (net)
                      1.341654    0.009352    1.759028 ^ _413_/A1 (gf180mcu_fd_sc_mcu7t5v0__nor2_1)
     3    0.022802    0.510099    0.263077    2.022105 v _413_/ZN (gf180mcu_fd_sc_mcu7t5v0__nor2_1)
                                                         _134_ (net)
                      0.510099    0.000657    2.022762 v _416_/A2 (gf180mcu_fd_sc_mcu7t5v0__nand2_1)
     3    0.021453    0.354059    0.336437    2.359199 ^ _416_/ZN (gf180mcu_fd_sc_mcu7t5v0__nand2_1)
                                                         _137_ (net)
                      0.354059    0.000302    2.359501 ^ _470_/A1 (gf180mcu_fd_sc_mcu7t5v0__nor2_1)
     1    0.135635    1.242697    0.822438    3.181939 v _470_/ZN (gf180mcu_fd_sc_mcu7t5v0__nor2_1)
                                                         net82 (net)
                      1.244157    0.024455    3.206394 v output82/I (gf180mcu_fd_sc_mcu7t5v0__dlyb_1)
     1    0.051501    0.396944    1.203982    4.410375 v output82/Z (gf180mcu_fd_sc_mcu7t5v0__dlyb_1)
                                                         debug_write_o (net)
                      0.396948    0.000889    4.411264 v debug_write_o (out)
                                              4.411264   data arrival time

                                 16.000000   16.000000   clock clk (rise edge)
                                  0.000000   16.000000   clock network delay (propagated)
                                 -0.250000   15.750001   clock uncertainty
                                  0.000000   15.750001   clock reconvergence pessimism
                                 -3.200000   12.550000   output external delay
                                             12.550000   data required time
---------------------------------------------------------------------------------------------
                                             12.550000   data required time
                                             -4.411264   data arrival time
---------------------------------------------------------------------------------------------
                                              8.138736   slack (MET)


Startpoint: _792_ (rising edge-triggered flip-flop clocked by clk)
Endpoint: debug_req_o (output port clocked by clk)
Path Group: clk
Path Type: max

Fanout         Cap        Slew       Delay        Time   Description
---------------------------------------------------------------------------------------------
                                  0.000000    0.000000   clock clk (rise edge)
                                  0.000000    0.000000   clock source latency
     2    0.092910    0.000000    0.000000    0.000000 ^ clk (in)
                                                         clk (net)
                      0.025556    0.010453    0.010453 ^ clkbuf_0_clk/I (gf180mcu_fd_sc_mcu7t5v0__clkbuf_16)
     8    0.205666    0.162120    0.208071    0.218524 ^ clkbuf_0_clk/Z (gf180mcu_fd_sc_mcu7t5v0__clkbuf_16)
                                                         clknet_0_clk (net)
                      0.163264    0.009057    0.227582 ^ clkbuf_3_3_0_clk/I (gf180mcu_fd_sc_mcu7t5v0__clkbuf_8)
     9    0.084729    0.142760    0.221310    0.448891 ^ clkbuf_3_3_0_clk/Z (gf180mcu_fd_sc_mcu7t5v0__clkbuf_8)
                                                         clknet_3_3_0_clk (net)
                      0.142790    0.003124    0.452016 ^ _792_/CLK (gf180mcu_fd_sc_mcu7t5v0__dffrnq_2)
    14    0.248405    1.341457    1.297661    1.749676 ^ _792_/Q (gf180mcu_fd_sc_mcu7t5v0__dffrnq_2)
                                                         net108 (net)
                      1.341654    0.009352    1.759028 ^ _413_/A1 (gf180mcu_fd_sc_mcu7t5v0__nor2_1)
     3    0.022802    0.510099    0.263077    2.022105 v _413_/ZN (gf180mcu_fd_sc_mcu7t5v0__nor2_1)
                                                         _134_ (net)
                      0.510099    0.000657    2.022762 v _416_/A2 (gf180mcu_fd_sc_mcu7t5v0__nand2_1)
     3    0.021453    0.354059    0.336437    2.359199 ^ _416_/ZN (gf180mcu_fd_sc_mcu7t5v0__nand2_1)
                                                         _137_ (net)
                      0.354059    0.000156    2.359355 ^ _501_/A1 (gf180mcu_fd_sc_mcu7t5v0__oai22_1)
     4    0.118143    1.174396    0.756041    3.115396 v _501_/ZN (gf180mcu_fd_sc_mcu7t5v0__oai22_1)
                                                         net65 (net)
                      1.175961    0.024104    3.139499 v output65/I (gf180mcu_fd_sc_mcu7t5v0__dlyb_1)
     1    0.054231    0.412827    1.195198    4.334698 v output65/Z (gf180mcu_fd_sc_mcu7t5v0__dlyb_1)
                                                         debug_req_o (net)
                      0.412834    0.001133    4.335831 v debug_req_o (out)
                                              4.335831   data arrival time

                                 16.000000   16.000000   clock clk (rise edge)
                                  0.000000   16.000000   clock network delay (propagated)
                                 -0.250000   15.750001   clock uncertainty
                                  0.000000   15.750001   clock reconvergence pessimism
                                 -3.200000   12.550000   output external delay
                                             12.550000   data required time
---------------------------------------------------------------------------------------------
                                             12.550000   data required time
                                             -4.335831   data arrival time
---------------------------------------------------------------------------------------------
                                              8.214170   slack (MET)


Startpoint: core_din_ready_i (input port clocked by clk)
Endpoint: _815_ (rising edge-triggered flip-flop clocked by clk)
Path Group: clk
Path Type: max

Fanout         Cap        Slew       Delay        Time   Description
---------------------------------------------------------------------------------------------
                                  0.000000    0.000000   clock clk (rise edge)
                                  0.000000    0.000000   clock network delay (propagated)
                                  3.200000    3.200000 v input external delay
     2    0.005392    0.018393    0.004703    3.204703 v core_din_ready_i (in)
                                                         core_din_ready_i (net)
                      0.018393    0.000000    3.204703 v input1/I (gf180mcu_fd_sc_mcu7t5v0__dlyb_1)
     1    0.094091    0.646477    0.965558    4.170261 v input1/Z (gf180mcu_fd_sc_mcu7t5v0__dlyb_1)
                                                         net1 (net)
                      0.648024    0.017943    4.188204 v _448_/A1 (gf180mcu_fd_sc_mcu7t5v0__nand2_1)
     2    0.010100    0.261928    0.259756    4.447960 ^ _448_/ZN (gf180mcu_fd_sc_mcu7t5v0__nand2_1)
                                                         _165_ (net)
                      0.261928    0.000087    4.448048 ^ _449_/I (gf180mcu_fd_sc_mcu7t5v0__clkinv_1)
     1    0.005178    0.118442    0.097507    4.545555 v _449_/ZN (gf180mcu_fd_sc_mcu7t5v0__clkinv_1)
                                                         _166_ (net)
                      0.118442    0.000097    4.545652 v _451_/A2 (gf180mcu_fd_sc_mcu7t5v0__oai21_1)
     5    0.051442    1.013460    0.628884    5.174537 ^ _451_/ZN (gf180mcu_fd_sc_mcu7t5v0__oai21_1)
                                                         _167_ (net)
                      1.013460    0.000496    5.175033 ^ _452_/I (gf180mcu_fd_sc_mcu7t5v0__clkinv_1)
     9    0.077908    0.882401    0.722837    5.897870 v _452_/ZN (gf180mcu_fd_sc_mcu7t5v0__clkinv_1)
                                                         net96 (net)
                      0.882433    0.002990    5.900859 v _732_/A2 (gf180mcu_fd_sc_mcu7t5v0__oai211_1)
    16    0.109048    2.082722    1.346785    7.247644 ^ _732_/ZN (gf180mcu_fd_sc_mcu7t5v0__oai211_1)
                                                         _350_ (net)
                      2.082739    0.003389    7.251034 ^ _733_/B (gf180mcu_fd_sc_mcu7t5v0__aoi21_1)
     1    0.004657    0.589959    0.220330    7.471363 v _733_/ZN (gf180mcu_fd_sc_mcu7t5v0__aoi21_1)
                                                         _351_ (net)
                      0.589959    0.000045    7.471408 v _734_/B (gf180mcu_fd_sc_mcu7t5v0__aoi21_1)
     1    0.003727    0.383603    0.237259    7.708668 ^ _734_/ZN (gf180mcu_fd_sc_mcu7t5v0__aoi21_1)
                                                         _084_ (net)
                      0.383603    0.000038    7.708706 ^ _815_/D (gf180mcu_fd_sc_mcu7t5v0__dffrnq_1)
                                              7.708706   data arrival time

                                 16.000000   16.000000   clock clk (rise edge)
                                  0.000000   16.000000   clock source latency
     2    0.092910    0.000000    0.000000   16.000000 ^ clk (in)
                                                         clk (net)
                      0.025556    0.010454   16.010454 ^ clkbuf_0_clk/I (gf180mcu_fd_sc_mcu7t5v0__clkbuf_16)
     8    0.205666    0.162120    0.208070   16.218523 ^ clkbuf_0_clk/Z (gf180mcu_fd_sc_mcu7t5v0__clkbuf_16)
                                                         clknet_0_clk (net)
                      0.163264    0.009058   16.227581 ^ clkbuf_3_3_0_clk/I (gf180mcu_fd_sc_mcu7t5v0__clkbuf_8)
     9    0.084729    0.142760    0.221309   16.448891 ^ clkbuf_3_3_0_clk/Z (gf180mcu_fd_sc_mcu7t5v0__clkbuf_8)
                                                         clknet_3_3_0_clk (net)
                      0.142820    0.004324   16.453215 ^ _815_/CLK (gf180mcu_fd_sc_mcu7t5v0__dffrnq_1)
                                 -0.250000   16.203215   clock uncertainty
                                  0.000000   16.203215   clock reconvergence pessimism
                                 -0.222072   15.981142   library setup time
                                             15.981142   data required time
---------------------------------------------------------------------------------------------
                                             15.981142   data required time
                                             -7.708706   data arrival time
---------------------------------------------------------------------------------------------
                                              8.272436   slack (MET)


Startpoint: rst_n (input port clocked by clk)
Endpoint: _803_ (recovery check against rising-edge clock clk)
Path Group: asynchronous
Path Type: max

Fanout         Cap        Slew       Delay        Time   Description
---------------------------------------------------------------------------------------------
                                  0.000000    0.000000   clock clk (rise edge)
                                  0.000000    0.000000   clock network delay (propagated)
                                  3.200000    3.200000 ^ input external delay
     2    0.010205    0.049982    0.017902    3.217902 ^ rst_n (in)
                                                         rst_n (net)
                      0.049982    0.000000    3.217902 ^ input38/I (gf180mcu_fd_sc_mcu7t5v0__dlyb_1)
     1    0.008384    0.136510    0.542173    3.760076 ^ input38/Z (gf180mcu_fd_sc_mcu7t5v0__dlyb_1)
                                                         net38 (net)
                      0.136510    0.000211    3.760287 ^ fanout134/I (gf180mcu_fd_sc_mcu7t5v0__dlyb_1)
     5    0.097080    1.064006    1.100393    4.860680 ^ fanout134/Z (gf180mcu_fd_sc_mcu7t5v0__dlyb_1)
                                                         net134 (net)
                      1.064013    0.001586    4.862266 ^ fanout127/I (gf180mcu_fd_sc_mcu7t5v0__dlyb_1)
    11    0.125556    1.366046    1.262763    6.125029 ^ fanout127/Z (gf180mcu_fd_sc_mcu7t5v0__dlyb_1)
                                                         net127 (net)
                      1.366046    0.000693    6.125722 ^ fanout126/I (gf180mcu_fd_sc_mcu7t5v0__dlyb_1)
     9    0.080071    0.882950    0.957424    7.083146 ^ fanout126/Z (gf180mcu_fd_sc_mcu7t5v0__dlyb_1)
                                                         net126 (net)
                      0.882954    0.001016    7.084161 ^ fanout123/I (gf180mcu_fd_sc_mcu7t5v0__dlyb_1)
     5    0.054035    0.607891    0.829370    7.913531 ^ fanout123/Z (gf180mcu_fd_sc_mcu7t5v0__dlyb_1)
                                                         net123 (net)
                      0.607901    0.001373    7.914905 ^ _803_/RN (gf180mcu_fd_sc_mcu7t5v0__dffrnq_1)
                                              7.914905   data arrival time

                                 16.000000   16.000000   clock clk (rise edge)
                                  0.000000   16.000000   clock source latency
     2    0.092910    0.000000    0.000000   16.000000 ^ clk (in)
                                                         clk (net)
                      0.025556    0.010454   16.010454 ^ clkbuf_0_clk/I (gf180mcu_fd_sc_mcu7t5v0__clkbuf_16)
     8    0.205666    0.162120    0.208070   16.218523 ^ clkbuf_0_clk/Z (gf180mcu_fd_sc_mcu7t5v0__clkbuf_16)
                                                         clknet_0_clk (net)
                      0.163540    0.010152   16.228676 ^ clkbuf_3_0_0_clk/I (gf180mcu_fd_sc_mcu7t5v0__clkbuf_8)
    12    0.099450    0.159395    0.230900   16.459576 ^ clkbuf_3_0_0_clk/Z (gf180mcu_fd_sc_mcu7t5v0__clkbuf_8)
                                                         clknet_3_0_0_clk (net)
                      0.159767    0.007208   16.466784 ^ _803_/CLK (gf180mcu_fd_sc_mcu7t5v0__dffrnq_1)
                                 -0.250000   16.216785   clock uncertainty
                                  0.000000   16.216785   clock reconvergence pessimism
                                  0.033651   16.250437   library recovery time
                                             16.250437   data required time
---------------------------------------------------------------------------------------------
                                             16.250437   data required time
                                             -7.914905   data arrival time
---------------------------------------------------------------------------------------------
                                              8.335531   slack (MET)


Startpoint: rst_n (input port clocked by clk)
Endpoint: _770_ (recovery check against rising-edge clock clk)
Path Group: asynchronous
Path Type: max

Fanout         Cap        Slew       Delay        Time   Description
---------------------------------------------------------------------------------------------
                                  0.000000    0.000000   clock clk (rise edge)
                                  0.000000    0.000000   clock network delay (propagated)
                                  3.200000    3.200000 ^ input external delay
     2    0.010205    0.049982    0.017902    3.217902 ^ rst_n (in)
                                                         rst_n (net)
                      0.049982    0.000000    3.217902 ^ input38/I (gf180mcu_fd_sc_mcu7t5v0__dlyb_1)
     1    0.008384    0.136510    0.542173    3.760076 ^ input38/Z (gf180mcu_fd_sc_mcu7t5v0__dlyb_1)
                                                         net38 (net)
                      0.136510    0.000211    3.760287 ^ fanout134/I (gf180mcu_fd_sc_mcu7t5v0__dlyb_1)
     5    0.097080    1.064006    1.100393    4.860680 ^ fanout134/Z (gf180mcu_fd_sc_mcu7t5v0__dlyb_1)
                                                         net134 (net)
                      1.064013    0.001586    4.862266 ^ fanout127/I (gf180mcu_fd_sc_mcu7t5v0__dlyb_1)
    11    0.125556    1.366046    1.262763    6.125029 ^ fanout127/Z (gf180mcu_fd_sc_mcu7t5v0__dlyb_1)
                                                         net127 (net)
                      1.366046    0.000693    6.125722 ^ fanout126/I (gf180mcu_fd_sc_mcu7t5v0__dlyb_1)
     9    0.080071    0.882950    0.957424    7.083146 ^ fanout126/Z (gf180mcu_fd_sc_mcu7t5v0__dlyb_1)
                                                         net126 (net)
                      0.882954    0.001016    7.084161 ^ fanout123/I (gf180mcu_fd_sc_mcu7t5v0__dlyb_1)
     5    0.054035    0.607891    0.829370    7.913531 ^ fanout123/Z (gf180mcu_fd_sc_mcu7t5v0__dlyb_1)
                                                         net123 (net)
                      0.607898    0.001148    7.914680 ^ _770_/RN (gf180mcu_fd_sc_mcu7t5v0__dffrnq_1)
                                              7.914680   data arrival time

                                 16.000000   16.000000   clock clk (rise edge)
                                  0.000000   16.000000   clock source latency
     2    0.092910    0.000000    0.000000   16.000000 ^ clk (in)
                                                         clk (net)
                      0.025556    0.010454   16.010454 ^ clkbuf_0_clk/I (gf180mcu_fd_sc_mcu7t5v0__clkbuf_16)
     8    0.205666    0.162120    0.208070   16.218523 ^ clkbuf_0_clk/Z (gf180mcu_fd_sc_mcu7t5v0__clkbuf_16)
                                                         clknet_0_clk (net)
                      0.163540    0.010152   16.228676 ^ clkbuf_3_0_0_clk/I (gf180mcu_fd_sc_mcu7t5v0__clkbuf_8)
    12    0.099450    0.159395    0.230900   16.459576 ^ clkbuf_3_0_0_clk/Z (gf180mcu_fd_sc_mcu7t5v0__clkbuf_8)
                                                         clknet_3_0_0_clk (net)
                      0.159835    0.007677   16.467253 ^ _770_/CLK (gf180mcu_fd_sc_mcu7t5v0__dffrnq_1)
                                 -0.250000   16.217255   clock uncertainty
                                  0.000000   16.217255   clock reconvergence pessimism
                                  0.033664   16.250917   library recovery time
                                             16.250917   data required time
---------------------------------------------------------------------------------------------
                                             16.250917   data required time
                                             -7.914680   data arrival time
---------------------------------------------------------------------------------------------
                                              8.336238   slack (MET)


Startpoint: core_din_ready_i (input port clocked by clk)
Endpoint: _820_ (rising edge-triggered flip-flop clocked by clk)
Path Group: clk
Path Type: max

Fanout         Cap        Slew       Delay        Time   Description
---------------------------------------------------------------------------------------------
                                  0.000000    0.000000   clock clk (rise edge)
                                  0.000000    0.000000   clock network delay (propagated)
                                  3.200000    3.200000 v input external delay
     2    0.005392    0.018393    0.004703    3.204703 v core_din_ready_i (in)
                                                         core_din_ready_i (net)
                      0.018393    0.000000    3.204703 v input1/I (gf180mcu_fd_sc_mcu7t5v0__dlyb_1)
     1    0.094091    0.646477    0.965558    4.170261 v input1/Z (gf180mcu_fd_sc_mcu7t5v0__dlyb_1)
                                                         net1 (net)
                      0.648024    0.017943    4.188204 v _448_/A1 (gf180mcu_fd_sc_mcu7t5v0__nand2_1)
     2    0.010100    0.261928    0.259756    4.447960 ^ _448_/ZN (gf180mcu_fd_sc_mcu7t5v0__nand2_1)
                                                         _165_ (net)
                      0.261928    0.000087    4.448048 ^ _449_/I (gf180mcu_fd_sc_mcu7t5v0__clkinv_1)
     1    0.005178    0.118442    0.097507    4.545555 v _449_/ZN (gf180mcu_fd_sc_mcu7t5v0__clkinv_1)
                                                         _166_ (net)
                      0.118442    0.000097    4.545652 v _451_/A2 (gf180mcu_fd_sc_mcu7t5v0__oai21_1)
     5    0.051442    1.013460    0.628884    5.174537 ^ _451_/ZN (gf180mcu_fd_sc_mcu7t5v0__oai21_1)
                                                         _167_ (net)
                      1.013460    0.000496    5.175033 ^ _452_/I (gf180mcu_fd_sc_mcu7t5v0__clkinv_1)
     9    0.077908    0.882401    0.722837    5.897870 v _452_/ZN (gf180mcu_fd_sc_mcu7t5v0__clkinv_1)
                                                         net96 (net)
                      0.882433    0.002990    5.900859 v _732_/A2 (gf180mcu_fd_sc_mcu7t5v0__oai211_1)
    16    0.109048    2.082722    1.346785    7.247644 ^ _732_/ZN (gf180mcu_fd_sc_mcu7t5v0__oai211_1)
                                                         _350_ (net)
                      2.082770    0.005615    7.253259 ^ _751_/A2 (gf180mcu_fd_sc_mcu7t5v0__oai21_1)
     1    0.004900    0.537102    0.083357    7.336617 v _751_/ZN (gf180mcu_fd_sc_mcu7t5v0__oai21_1)
                                                         _364_ (net)
                      0.537102    0.000047    7.336663 v _752_/B (gf180mcu_fd_sc_mcu7t5v0__oai31_1)
     1    0.004773    0.524211    0.277940    7.614604 ^ _752_/ZN (gf180mcu_fd_sc_mcu7t5v0__oai31_1)
                                                         _089_ (net)
                      0.524211    0.000098    7.614701 ^ _820_/D (gf180mcu_fd_sc_mcu7t5v0__dffrnq_1)
                                              7.614701   data arrival time

                                 16.000000   16.000000   clock clk (rise edge)
                                  0.000000   16.000000   clock source latency
     2    0.092910    0.000000    0.000000   16.000000 ^ clk (in)
                                                         clk (net)
                      0.025556    0.010454   16.010454 ^ clkbuf_0_clk/I (gf180mcu_fd_sc_mcu7t5v0__clkbuf_16)
     8    0.205666    0.162120    0.208070   16.218523 ^ clkbuf_0_clk/Z (gf180mcu_fd_sc_mcu7t5v0__clkbuf_16)
                                                         clknet_0_clk (net)
                      0.163264    0.009058   16.227581 ^ clkbuf_3_3_0_clk/I (gf180mcu_fd_sc_mcu7t5v0__clkbuf_8)
     9    0.084729    0.142760    0.221309   16.448891 ^ clkbuf_3_3_0_clk/Z (gf180mcu_fd_sc_mcu7t5v0__clkbuf_8)
                                                         clknet_3_3_0_clk (net)
                      0.142828    0.004603   16.453493 ^ _820_/CLK (gf180mcu_fd_sc_mcu7t5v0__dffrnq_1)
                                 -0.250000   16.203495   clock uncertainty
                                  0.000000   16.203495   clock reconvergence pessimism
                                 -0.238280   15.965214   library setup time
                                             15.965214   data required time
---------------------------------------------------------------------------------------------
                                             15.965214   data required time
                                             -7.614701   data arrival time
---------------------------------------------------------------------------------------------
                                              8.350513   slack (MET)


Startpoint: rst_n (input port clocked by clk)
Endpoint: _773_ (recovery check against rising-edge clock clk)
Path Group: asynchronous
Path Type: max

Fanout         Cap        Slew       Delay        Time   Description
---------------------------------------------------------------------------------------------
                                  0.000000    0.000000   clock clk (rise edge)
                                  0.000000    0.000000   clock network delay (propagated)
                                  3.200000    3.200000 ^ input external delay
     2    0.010205    0.049982    0.017902    3.217902 ^ rst_n (in)
                                                         rst_n (net)
                      0.049982    0.000000    3.217902 ^ input38/I (gf180mcu_fd_sc_mcu7t5v0__dlyb_1)
     1    0.008384    0.136510    0.542173    3.760076 ^ input38/Z (gf180mcu_fd_sc_mcu7t5v0__dlyb_1)
                                                         net38 (net)
                      0.136510    0.000211    3.760287 ^ fanout134/I (gf180mcu_fd_sc_mcu7t5v0__dlyb_1)
     5    0.097080    1.064006    1.100393    4.860680 ^ fanout134/Z (gf180mcu_fd_sc_mcu7t5v0__dlyb_1)
                                                         net134 (net)
                      1.064013    0.001586    4.862266 ^ fanout127/I (gf180mcu_fd_sc_mcu7t5v0__dlyb_1)
    11    0.125556    1.366046    1.262763    6.125029 ^ fanout127/Z (gf180mcu_fd_sc_mcu7t5v0__dlyb_1)
                                                         net127 (net)
                      1.366046    0.000693    6.125722 ^ fanout126/I (gf180mcu_fd_sc_mcu7t5v0__dlyb_1)
     9    0.080071    0.882950    0.957424    7.083146 ^ fanout126/Z (gf180mcu_fd_sc_mcu7t5v0__dlyb_1)
                                                         net126 (net)
                      0.882954    0.001016    7.084161 ^ fanout123/I (gf180mcu_fd_sc_mcu7t5v0__dlyb_1)
     5    0.054035    0.607891    0.829370    7.913531 ^ fanout123/Z (gf180mcu_fd_sc_mcu7t5v0__dlyb_1)
                                                         net123 (net)
                      0.607900    0.001277    7.914809 ^ _773_/RN (gf180mcu_fd_sc_mcu7t5v0__dffrnq_1)
                                              7.914809   data arrival time

                                 16.000000   16.000000   clock clk (rise edge)
                                  0.000000   16.000000   clock source latency
     2    0.092910    0.000000    0.000000   16.000000 ^ clk (in)
                                                         clk (net)
                      0.025556    0.010454   16.010454 ^ clkbuf_0_clk/I (gf180mcu_fd_sc_mcu7t5v0__clkbuf_16)
     8    0.205666    0.162120    0.208070   16.218523 ^ clkbuf_0_clk/Z (gf180mcu_fd_sc_mcu7t5v0__clkbuf_16)
                                                         clknet_0_clk (net)
                      0.163506    0.010019   16.228542 ^ clkbuf_3_1_0_clk/I (gf180mcu_fd_sc_mcu7t5v0__clkbuf_8)
    16    0.119720    0.182888    0.245032   16.473576 ^ clkbuf_3_1_0_clk/Z (gf180mcu_fd_sc_mcu7t5v0__clkbuf_8)
                                                         clknet_3_1_0_clk (net)
                      0.184120    0.008844   16.482420 ^ _773_/CLK (gf180mcu_fd_sc_mcu7t5v0__dffrnq_1)
                                 -0.250000   16.232420   clock uncertainty
                                  0.000000   16.232420   clock reconvergence pessimism
                                  0.037853   16.270273   library recovery time
                                             16.270273   data required time
---------------------------------------------------------------------------------------------
                                             16.270273   data required time
                                             -7.914809   data arrival time
---------------------------------------------------------------------------------------------
                                              8.355464   slack (MET)


Startpoint: rst_n (input port clocked by clk)
Endpoint: _772_ (recovery check against rising-edge clock clk)
Path Group: asynchronous
Path Type: max

Fanout         Cap        Slew       Delay        Time   Description
---------------------------------------------------------------------------------------------
                                  0.000000    0.000000   clock clk (rise edge)
                                  0.000000    0.000000   clock network delay (propagated)
                                  3.200000    3.200000 ^ input external delay
     2    0.010205    0.049982    0.017902    3.217902 ^ rst_n (in)
                                                         rst_n (net)
                      0.049982    0.000000    3.217902 ^ input38/I (gf180mcu_fd_sc_mcu7t5v0__dlyb_1)
     1    0.008384    0.136510    0.542173    3.760076 ^ input38/Z (gf180mcu_fd_sc_mcu7t5v0__dlyb_1)
                                                         net38 (net)
                      0.136510    0.000211    3.760287 ^ fanout134/I (gf180mcu_fd_sc_mcu7t5v0__dlyb_1)
     5    0.097080    1.064006    1.100393    4.860680 ^ fanout134/Z (gf180mcu_fd_sc_mcu7t5v0__dlyb_1)
                                                         net134 (net)
                      1.064013    0.001586    4.862266 ^ fanout127/I (gf180mcu_fd_sc_mcu7t5v0__dlyb_1)
    11    0.125556    1.366046    1.262763    6.125029 ^ fanout127/Z (gf180mcu_fd_sc_mcu7t5v0__dlyb_1)
                                                         net127 (net)
                      1.366046    0.000693    6.125722 ^ fanout126/I (gf180mcu_fd_sc_mcu7t5v0__dlyb_1)
     9    0.080071    0.882950    0.957424    7.083146 ^ fanout126/Z (gf180mcu_fd_sc_mcu7t5v0__dlyb_1)
                                                         net126 (net)
                      0.882954    0.001016    7.084161 ^ fanout123/I (gf180mcu_fd_sc_mcu7t5v0__dlyb_1)
     5    0.054035    0.607891    0.829370    7.913531 ^ fanout123/Z (gf180mcu_fd_sc_mcu7t5v0__dlyb_1)
                                                         net123 (net)
                      0.607896    0.000894    7.914426 ^ _772_/RN (gf180mcu_fd_sc_mcu7t5v0__dffrnq_1)
                                              7.914426   data arrival time

                                 16.000000   16.000000   clock clk (rise edge)
                                  0.000000   16.000000   clock source latency
     2    0.092910    0.000000    0.000000   16.000000 ^ clk (in)
                                                         clk (net)
                      0.025556    0.010454   16.010454 ^ clkbuf_0_clk/I (gf180mcu_fd_sc_mcu7t5v0__clkbuf_16)
     8    0.205666    0.162120    0.208070   16.218523 ^ clkbuf_0_clk/Z (gf180mcu_fd_sc_mcu7t5v0__clkbuf_16)
                                                         clknet_0_clk (net)
                      0.163506    0.010019   16.228542 ^ clkbuf_3_1_0_clk/I (gf180mcu_fd_sc_mcu7t5v0__clkbuf_8)
    16    0.119720    0.182888    0.245032   16.473576 ^ clkbuf_3_1_0_clk/Z (gf180mcu_fd_sc_mcu7t5v0__clkbuf_8)
                                                         clknet_3_1_0_clk (net)
                      0.184200    0.009214   16.482788 ^ _772_/CLK (gf180mcu_fd_sc_mcu7t5v0__dffrnq_1)
                                 -0.250000   16.232790   clock uncertainty
                                  0.000000   16.232790   clock reconvergence pessimism
                                  0.037868   16.270658   library recovery time
                                             16.270658   data required time
---------------------------------------------------------------------------------------------
                                             16.270658   data required time
                                             -7.914426   data arrival time
---------------------------------------------------------------------------------------------
                                              8.356233   slack (MET)


Startpoint: _792_ (rising edge-triggered flip-flop clocked by clk)
Endpoint: drain_active (output port clocked by clk)
Path Group: clk
Path Type: max

Fanout         Cap        Slew       Delay        Time   Description
---------------------------------------------------------------------------------------------
                                  0.000000    0.000000   clock clk (rise edge)
                                  0.000000    0.000000   clock source latency
     2    0.092910    0.000000    0.000000    0.000000 ^ clk (in)
                                                         clk (net)
                      0.025556    0.010453    0.010453 ^ clkbuf_0_clk/I (gf180mcu_fd_sc_mcu7t5v0__clkbuf_16)
     8    0.205666    0.162120    0.208071    0.218524 ^ clkbuf_0_clk/Z (gf180mcu_fd_sc_mcu7t5v0__clkbuf_16)
                                                         clknet_0_clk (net)
                      0.163264    0.009057    0.227582 ^ clkbuf_3_3_0_clk/I (gf180mcu_fd_sc_mcu7t5v0__clkbuf_8)
     9    0.084729    0.142760    0.221310    0.448891 ^ clkbuf_3_3_0_clk/Z (gf180mcu_fd_sc_mcu7t5v0__clkbuf_8)
                                                         clknet_3_3_0_clk (net)
                      0.142790    0.003124    0.452016 ^ _792_/CLK (gf180mcu_fd_sc_mcu7t5v0__dffrnq_2)
    14    0.248405    0.812273    0.939053    1.391069 v _792_/Q (gf180mcu_fd_sc_mcu7t5v0__dffrnq_2)
                                                         net108 (net)
                      0.812586    0.009381    1.400450 v _414_/A1 (gf180mcu_fd_sc_mcu7t5v0__or2_1)
     4    0.036052    0.291108    0.633974    2.034424 v _414_/Z (gf180mcu_fd_sc_mcu7t5v0__or2_1)
                                                         _135_ (net)
                      0.291111    0.000431    2.034856 v _417_/A3 (gf180mcu_fd_sc_mcu7t5v0__nor3_1)
     9    0.067802    1.864651    1.125671    3.160527 ^ _417_/ZN (gf180mcu_fd_sc_mcu7t5v0__nor3_1)
                                                         _138_ (net)
                      1.864678    0.003911    3.164438 ^ _497_/A2 (gf180mcu_fd_sc_mcu7t5v0__and2_1)
     1    0.004917    0.133793    0.197323    3.361761 ^ _497_/Z (gf180mcu_fd_sc_mcu7t5v0__and2_1)
                                                         net93 (net)
                      0.133793    0.000103    3.361864 ^ output93/I (gf180mcu_fd_sc_mcu7t5v0__dlyb_1)
     1    0.051888    0.584843    0.822424    4.184287 ^ output93/Z (gf180mcu_fd_sc_mcu7t5v0__dlyb_1)
                                                         drain_active (net)
                      0.584847    0.000908    4.185195 ^ drain_active (out)
                                              4.185195   data arrival time

                                 16.000000   16.000000   clock clk (rise edge)
                                  0.000000   16.000000   clock network delay (propagated)
                                 -0.250000   15.750001   clock uncertainty
                                  0.000000   15.750001   clock reconvergence pessimism
                                 -3.200000   12.550000   output external delay
                                             12.550000   data required time
---------------------------------------------------------------------------------------------
                                             12.550000   data required time
                                             -4.185195   data arrival time
---------------------------------------------------------------------------------------------
                                              8.364805   slack (MET)


Startpoint: core_din_ready_i (input port clocked by clk)
Endpoint: _821_ (rising edge-triggered flip-flop clocked by clk)
Path Group: clk
Path Type: max

Fanout         Cap        Slew       Delay        Time   Description
---------------------------------------------------------------------------------------------
                                  0.000000    0.000000   clock clk (rise edge)
                                  0.000000    0.000000   clock network delay (propagated)
                                  3.200000    3.200000 v input external delay
     2    0.005392    0.018393    0.004703    3.204703 v core_din_ready_i (in)
                                                         core_din_ready_i (net)
                      0.018393    0.000000    3.204703 v input1/I (gf180mcu_fd_sc_mcu7t5v0__dlyb_1)
     1    0.094091    0.646477    0.965558    4.170261 v input1/Z (gf180mcu_fd_sc_mcu7t5v0__dlyb_1)
                                                         net1 (net)
                      0.648024    0.017943    4.188204 v _448_/A1 (gf180mcu_fd_sc_mcu7t5v0__nand2_1)
     2    0.010100    0.261928    0.259756    4.447960 ^ _448_/ZN (gf180mcu_fd_sc_mcu7t5v0__nand2_1)
                                                         _165_ (net)
                      0.261928    0.000087    4.448048 ^ _449_/I (gf180mcu_fd_sc_mcu7t5v0__clkinv_1)
     1    0.005178    0.118442    0.097507    4.545555 v _449_/ZN (gf180mcu_fd_sc_mcu7t5v0__clkinv_1)
                                                         _166_ (net)
                      0.118442    0.000097    4.545652 v _451_/A2 (gf180mcu_fd_sc_mcu7t5v0__oai21_1)
     5    0.051442    1.013460    0.628884    5.174537 ^ _451_/ZN (gf180mcu_fd_sc_mcu7t5v0__oai21_1)
                                                         _167_ (net)
                      1.013460    0.000496    5.175033 ^ _452_/I (gf180mcu_fd_sc_mcu7t5v0__clkinv_1)
     9    0.077908    0.882401    0.722837    5.897870 v _452_/ZN (gf180mcu_fd_sc_mcu7t5v0__clkinv_1)
                                                         net96 (net)
                      0.882433    0.002990    5.900859 v _732_/A2 (gf180mcu_fd_sc_mcu7t5v0__oai211_1)
    16    0.109048    2.082722    1.346785    7.247644 ^ _732_/ZN (gf180mcu_fd_sc_mcu7t5v0__oai211_1)
                                                         _350_ (net)
                      2.082781    0.006215    7.253859 ^ _755_/A1 (gf180mcu_fd_sc_mcu7t5v0__oai21_1)
     1    0.008132    0.488554    0.035916    7.289775 v _755_/ZN (gf180mcu_fd_sc_mcu7t5v0__oai21_1)
                                                         _367_ (net)
                      0.488554    0.000248    7.290023 v _756_/A2 (gf180mcu_fd_sc_mcu7t5v0__aoi21_1)
     1    0.004689    0.252464    0.265815    7.555838 ^ _756_/ZN (gf180mcu_fd_sc_mcu7t5v0__aoi21_1)
                                                         _090_ (net)
                      0.252464    0.000093    7.555931 ^ _821_/D (gf180mcu_fd_sc_mcu7t5v0__dffrnq_1)
                                              7.555931   data arrival time

                                 16.000000   16.000000   clock clk (rise edge)
                                  0.000000   16.000000   clock source latency
     2    0.092910    0.000000    0.000000   16.000000 ^ clk (in)
                                                         clk (net)
                      0.025556    0.010454   16.010454 ^ clkbuf_0_clk/I (gf180mcu_fd_sc_mcu7t5v0__clkbuf_16)
     8    0.205666    0.162120    0.208070   16.218523 ^ clkbuf_0_clk/Z (gf180mcu_fd_sc_mcu7t5v0__clkbuf_16)
                                                         clknet_0_clk (net)
                      0.163389    0.009562   16.228086 ^ clkbuf_3_2_0_clk/I (gf180mcu_fd_sc_mcu7t5v0__clkbuf_8)
    12    0.104111    0.165820    0.235270   16.463356 ^ clkbuf_3_2_0_clk/Z (gf180mcu_fd_sc_mcu7t5v0__clkbuf_8)
                                                         clknet_3_2_0_clk (net)
                      0.166050    0.006137   16.469492 ^ _821_/CLK (gf180mcu_fd_sc_mcu7t5v0__dffrnq_1)
                                 -0.250000   16.219494   clock uncertainty
                                  0.000000   16.219494   clock reconvergence pessimism
                                 -0.199233   16.020262   library setup time
                                             16.020262   data required time
---------------------------------------------------------------------------------------------
                                             16.020262   data required time
                                             -7.555931   data arrival time
---------------------------------------------------------------------------------------------
                                              8.464330   slack (MET)


Startpoint: core_din_ready_i (input port clocked by clk)
Endpoint: _818_ (rising edge-triggered flip-flop clocked by clk)
Path Group: clk
Path Type: max

Fanout         Cap        Slew       Delay        Time   Description
---------------------------------------------------------------------------------------------
                                  0.000000    0.000000   clock clk (rise edge)
                                  0.000000    0.000000   clock network delay (propagated)
                                  3.200000    3.200000 v input external delay
     2    0.005392    0.018393    0.004703    3.204703 v core_din_ready_i (in)
                                                         core_din_ready_i (net)
                      0.018393    0.000000    3.204703 v input1/I (gf180mcu_fd_sc_mcu7t5v0__dlyb_1)
     1    0.094091    0.646477    0.965558    4.170261 v input1/Z (gf180mcu_fd_sc_mcu7t5v0__dlyb_1)
                                                         net1 (net)
                      0.648024    0.017943    4.188204 v _448_/A1 (gf180mcu_fd_sc_mcu7t5v0__nand2_1)
     2    0.010100    0.261928    0.259756    4.447960 ^ _448_/ZN (gf180mcu_fd_sc_mcu7t5v0__nand2_1)
                                                         _165_ (net)
                      0.261928    0.000087    4.448048 ^ _449_/I (gf180mcu_fd_sc_mcu7t5v0__clkinv_1)
     1    0.005178    0.118442    0.097507    4.545555 v _449_/ZN (gf180mcu_fd_sc_mcu7t5v0__clkinv_1)
                                                         _166_ (net)
                      0.118442    0.000097    4.545652 v _451_/A2 (gf180mcu_fd_sc_mcu7t5v0__oai21_1)
     5    0.051442    1.013460    0.628884    5.174537 ^ _451_/ZN (gf180mcu_fd_sc_mcu7t5v0__oai21_1)
                                                         _167_ (net)
                      1.013460    0.000496    5.175033 ^ _452_/I (gf180mcu_fd_sc_mcu7t5v0__clkinv_1)
     9    0.077908    0.882401    0.722837    5.897870 v _452_/ZN (gf180mcu_fd_sc_mcu7t5v0__clkinv_1)
                                                         net96 (net)
                      0.882433    0.002990    5.900859 v _732_/A2 (gf180mcu_fd_sc_mcu7t5v0__oai211_1)
    16    0.109048    2.082722    1.346785    7.247644 ^ _732_/ZN (gf180mcu_fd_sc_mcu7t5v0__oai211_1)
                                                         _350_ (net)
                      2.082765    0.005316    7.252960 ^ _747_/A2 (gf180mcu_fd_sc_mcu7t5v0__nand2_1)
     1    0.005181    0.391886   -0.010080    7.242880 v _747_/ZN (gf180mcu_fd_sc_mcu7t5v0__nand2_1)
                                                         _362_ (net)
                      0.391886    0.000054    7.242934 v _748_/B (gf180mcu_fd_sc_mcu7t5v0__oai31_1)
     1    0.005586    0.540781    0.243607    7.486541 ^ _748_/ZN (gf180mcu_fd_sc_mcu7t5v0__oai31_1)
                                                         _087_ (net)
                      0.540781    0.000122    7.486663 ^ _818_/D (gf180mcu_fd_sc_mcu7t5v0__dffrnq_1)
                                              7.486663   data arrival time

                                 16.000000   16.000000   clock clk (rise edge)
                                  0.000000   16.000000   clock source latency
     2    0.092910    0.000000    0.000000   16.000000 ^ clk (in)
                                                         clk (net)
                      0.025556    0.010454   16.010454 ^ clkbuf_0_clk/I (gf180mcu_fd_sc_mcu7t5v0__clkbuf_16)
     8    0.205666    0.162120    0.208070   16.218523 ^ clkbuf_0_clk/Z (gf180mcu_fd_sc_mcu7t5v0__clkbuf_16)
                                                         clknet_0_clk (net)
                      0.163264    0.009058   16.227581 ^ clkbuf_3_3_0_clk/I (gf180mcu_fd_sc_mcu7t5v0__clkbuf_8)
     9    0.084729    0.142760    0.221309   16.448891 ^ clkbuf_3_3_0_clk/Z (gf180mcu_fd_sc_mcu7t5v0__clkbuf_8)
                                                         clknet_3_3_0_clk (net)
                      0.142825    0.004489   16.453379 ^ _818_/CLK (gf180mcu_fd_sc_mcu7t5v0__dffrnq_1)
                                 -0.250000   16.203381   clock uncertainty
                                  0.000000   16.203381   clock reconvergence pessimism
                                 -0.240103   15.963278   library setup time
                                             15.963278   data required time
---------------------------------------------------------------------------------------------
                                             15.963278   data required time
                                             -7.486663   data arrival time
---------------------------------------------------------------------------------------------
                                              8.476614   slack (MET)


Startpoint: core_din_ready_i (input port clocked by clk)
Endpoint: _822_ (rising edge-triggered flip-flop clocked by clk)
Path Group: clk
Path Type: max

Fanout         Cap        Slew       Delay        Time   Description
---------------------------------------------------------------------------------------------
                                  0.000000    0.000000   clock clk (rise edge)
                                  0.000000    0.000000   clock network delay (propagated)
                                  3.200000    3.200000 v input external delay
     2    0.005392    0.018393    0.004703    3.204703 v core_din_ready_i (in)
                                                         core_din_ready_i (net)
                      0.018393    0.000000    3.204703 v input1/I (gf180mcu_fd_sc_mcu7t5v0__dlyb_1)
     1    0.094091    0.646477    0.965558    4.170261 v input1/Z (gf180mcu_fd_sc_mcu7t5v0__dlyb_1)
                                                         net1 (net)
                      0.648024    0.017943    4.188204 v _448_/A1 (gf180mcu_fd_sc_mcu7t5v0__nand2_1)
     2    0.010100    0.261928    0.259756    4.447960 ^ _448_/ZN (gf180mcu_fd_sc_mcu7t5v0__nand2_1)
                                                         _165_ (net)
                      0.261928    0.000087    4.448048 ^ _449_/I (gf180mcu_fd_sc_mcu7t5v0__clkinv_1)
     1    0.005178    0.118442    0.097507    4.545555 v _449_/ZN (gf180mcu_fd_sc_mcu7t5v0__clkinv_1)
                                                         _166_ (net)
                      0.118442    0.000097    4.545652 v _451_/A2 (gf180mcu_fd_sc_mcu7t5v0__oai21_1)
     5    0.051442    1.013460    0.628884    5.174537 ^ _451_/ZN (gf180mcu_fd_sc_mcu7t5v0__oai21_1)
                                                         _167_ (net)
                      1.013460    0.000496    5.175033 ^ _452_/I (gf180mcu_fd_sc_mcu7t5v0__clkinv_1)
     9    0.077908    0.882401    0.722837    5.897870 v _452_/ZN (gf180mcu_fd_sc_mcu7t5v0__clkinv_1)
                                                         net96 (net)
                      0.882433    0.002990    5.900859 v _732_/A2 (gf180mcu_fd_sc_mcu7t5v0__oai211_1)
    16    0.109048    2.082722    1.346785    7.247644 ^ _732_/ZN (gf180mcu_fd_sc_mcu7t5v0__oai211_1)
                                                         _350_ (net)
                      2.082781    0.006200    7.253844 ^ _757_/A2 (gf180mcu_fd_sc_mcu7t5v0__oai32_1)
     1    0.006096    0.586881    0.004891    7.258735 v _757_/ZN (gf180mcu_fd_sc_mcu7t5v0__oai32_1)
                                                         _368_ (net)
                      0.586881    0.000075    7.258810 v _758_/B (gf180mcu_fd_sc_mcu7t5v0__aoi21_1)
     1    0.006224    0.303257    0.266046    7.524856 ^ _758_/ZN (gf180mcu_fd_sc_mcu7t5v0__aoi21_1)
                                                         _091_ (net)
                      0.303257    0.000088    7.524943 ^ _822_/D (gf180mcu_fd_sc_mcu7t5v0__dffrnq_1)
                                              7.524943   data arrival time

                                 16.000000   16.000000   clock clk (rise edge)
                                  0.000000   16.000000   clock source latency
     2    0.092910    0.000000    0.000000   16.000000 ^ clk (in)
                                                         clk (net)
                      0.025556    0.010454   16.010454 ^ clkbuf_0_clk/I (gf180mcu_fd_sc_mcu7t5v0__clkbuf_16)
     8    0.205666    0.162120    0.208070   16.218523 ^ clkbuf_0_clk/Z (gf180mcu_fd_sc_mcu7t5v0__clkbuf_16)
                                                         clknet_0_clk (net)
                      0.163389    0.009562   16.228086 ^ clkbuf_3_2_0_clk/I (gf180mcu_fd_sc_mcu7t5v0__clkbuf_8)
    12    0.104111    0.165820    0.235270   16.463356 ^ clkbuf_3_2_0_clk/Z (gf180mcu_fd_sc_mcu7t5v0__clkbuf_8)
                                                         clknet_3_2_0_clk (net)
                      0.166025    0.005894   16.469250 ^ _822_/CLK (gf180mcu_fd_sc_mcu7t5v0__dffrnq_1)
                                 -0.250000   16.219250   clock uncertainty
                                  0.000000   16.219250   clock reconvergence pessimism
                                 -0.206673   16.012577   library setup time
                                             16.012577   data required time
---------------------------------------------------------------------------------------------
                                             16.012577   data required time
                                             -7.524943   data arrival time
---------------------------------------------------------------------------------------------
                                              8.487633   slack (MET)


Startpoint: core_din_ready_i (input port clocked by clk)
Endpoint: _816_ (rising edge-triggered flip-flop clocked by clk)
Path Group: clk
Path Type: max

Fanout         Cap        Slew       Delay        Time   Description
---------------------------------------------------------------------------------------------
                                  0.000000    0.000000   clock clk (rise edge)
                                  0.000000    0.000000   clock network delay (propagated)
                                  3.200000    3.200000 v input external delay
     2    0.005392    0.018393    0.004703    3.204703 v core_din_ready_i (in)
                                                         core_din_ready_i (net)
                      0.018393    0.000000    3.204703 v input1/I (gf180mcu_fd_sc_mcu7t5v0__dlyb_1)
     1    0.094091    0.646477    0.965558    4.170261 v input1/Z (gf180mcu_fd_sc_mcu7t5v0__dlyb_1)
                                                         net1 (net)
                      0.648024    0.017943    4.188204 v _448_/A1 (gf180mcu_fd_sc_mcu7t5v0__nand2_1)
     2    0.010100    0.261928    0.259756    4.447960 ^ _448_/ZN (gf180mcu_fd_sc_mcu7t5v0__nand2_1)
                                                         _165_ (net)
                      0.261928    0.000087    4.448048 ^ _449_/I (gf180mcu_fd_sc_mcu7t5v0__clkinv_1)
     1    0.005178    0.118442    0.097507    4.545555 v _449_/ZN (gf180mcu_fd_sc_mcu7t5v0__clkinv_1)
                                                         _166_ (net)
                      0.118442    0.000097    4.545652 v _451_/A2 (gf180mcu_fd_sc_mcu7t5v0__oai21_1)
     5    0.051442    1.013460    0.628884    5.174537 ^ _451_/ZN (gf180mcu_fd_sc_mcu7t5v0__oai21_1)
                                                         _167_ (net)
                      1.013460    0.000496    5.175033 ^ _452_/I (gf180mcu_fd_sc_mcu7t5v0__clkinv_1)
     9    0.077908    0.882401    0.722837    5.897870 v _452_/ZN (gf180mcu_fd_sc_mcu7t5v0__clkinv_1)
                                                         net96 (net)
                      0.882433    0.002990    5.900859 v _732_/A2 (gf180mcu_fd_sc_mcu7t5v0__oai211_1)
    16    0.109048    2.082722    1.346785    7.247644 ^ _732_/ZN (gf180mcu_fd_sc_mcu7t5v0__oai211_1)
                                                         _350_ (net)
                      2.082750    0.004293    7.251938 ^ _738_/A2 (gf180mcu_fd_sc_mcu7t5v0__nand2_1)
     1    0.005617    0.398006   -0.003481    7.248456 v _738_/ZN (gf180mcu_fd_sc_mcu7t5v0__nand2_1)
                                                         _355_ (net)
                      0.398006    0.000058    7.248515 v _739_/B (gf180mcu_fd_sc_mcu7t5v0__oai21_1)
     1    0.004566    0.379058    0.221911    7.470426 ^ _739_/ZN (gf180mcu_fd_sc_mcu7t5v0__oai21_1)
                                                         _085_ (net)
                      0.379058    0.000089    7.470514 ^ _816_/D (gf180mcu_fd_sc_mcu7t5v0__dffrnq_1)
                                              7.470514   data arrival time

                                 16.000000   16.000000   clock clk (rise edge)
                                  0.000000   16.000000   clock source latency
     2    0.092910    0.000000    0.000000   16.000000 ^ clk (in)
                                                         clk (net)
                      0.025556    0.010454   16.010454 ^ clkbuf_0_clk/I (gf180mcu_fd_sc_mcu7t5v0__clkbuf_16)
     8    0.205666    0.162120    0.208070   16.218523 ^ clkbuf_0_clk/Z (gf180mcu_fd_sc_mcu7t5v0__clkbuf_16)
                                                         clknet_0_clk (net)
                      0.163389    0.009562   16.228086 ^ clkbuf_3_2_0_clk/I (gf180mcu_fd_sc_mcu7t5v0__clkbuf_8)
    12    0.104111    0.165820    0.235270   16.463356 ^ clkbuf_3_2_0_clk/Z (gf180mcu_fd_sc_mcu7t5v0__clkbuf_8)
                                                         clknet_3_2_0_clk (net)
                      0.165916    0.004594   16.467949 ^ _816_/CLK (gf180mcu_fd_sc_mcu7t5v0__dffrnq_1)
                                 -0.250000   16.217951   clock uncertainty
                                  0.000000   16.217951   clock reconvergence pessimism
                                 -0.217788   16.000162   library setup time
                                             16.000162   data required time
---------------------------------------------------------------------------------------------
                                             16.000162   data required time
                                             -7.470514   data arrival time
---------------------------------------------------------------------------------------------
                                              8.529648   slack (MET)


Startpoint: core_din_ready_i (input port clocked by clk)
Endpoint: _817_ (rising edge-triggered flip-flop clocked by clk)
Path Group: clk
Path Type: max

Fanout         Cap        Slew       Delay        Time   Description
---------------------------------------------------------------------------------------------
                                  0.000000    0.000000   clock clk (rise edge)
                                  0.000000    0.000000   clock network delay (propagated)
                                  3.200000    3.200000 v input external delay
     2    0.005392    0.018393    0.004703    3.204703 v core_din_ready_i (in)
                                                         core_din_ready_i (net)
                      0.018393    0.000000    3.204703 v input1/I (gf180mcu_fd_sc_mcu7t5v0__dlyb_1)
     1    0.094091    0.646477    0.965558    4.170261 v input1/Z (gf180mcu_fd_sc_mcu7t5v0__dlyb_1)
                                                         net1 (net)
                      0.648024    0.017943    4.188204 v _448_/A1 (gf180mcu_fd_sc_mcu7t5v0__nand2_1)
     2    0.010100    0.261928    0.259756    4.447960 ^ _448_/ZN (gf180mcu_fd_sc_mcu7t5v0__nand2_1)
                                                         _165_ (net)
                      0.261928    0.000087    4.448048 ^ _449_/I (gf180mcu_fd_sc_mcu7t5v0__clkinv_1)
     1    0.005178    0.118442    0.097507    4.545555 v _449_/ZN (gf180mcu_fd_sc_mcu7t5v0__clkinv_1)
                                                         _166_ (net)
                      0.118442    0.000097    4.545652 v _451_/A2 (gf180mcu_fd_sc_mcu7t5v0__oai21_1)
     5    0.051442    1.013460    0.628884    5.174537 ^ _451_/ZN (gf180mcu_fd_sc_mcu7t5v0__oai21_1)
                                                         _167_ (net)
                      1.013460    0.000496    5.175033 ^ _452_/I (gf180mcu_fd_sc_mcu7t5v0__clkinv_1)
     9    0.077908    0.882401    0.722837    5.897870 v _452_/ZN (gf180mcu_fd_sc_mcu7t5v0__clkinv_1)
                                                         net96 (net)
                      0.882433    0.002990    5.900859 v _732_/A2 (gf180mcu_fd_sc_mcu7t5v0__oai211_1)
    16    0.109048    2.082722    1.346785    7.247644 ^ _732_/ZN (gf180mcu_fd_sc_mcu7t5v0__oai211_1)
                                                         _350_ (net)
                      2.082728    0.002145    7.249789 ^ _743_/A2 (gf180mcu_fd_sc_mcu7t5v0__nand2_1)
     1    0.004859    0.388977   -0.014936    7.234853 v _743_/ZN (gf180mcu_fd_sc_mcu7t5v0__nand2_1)
                                                         _359_ (net)
                      0.388977    0.000045    7.234899 v _744_/B (gf180mcu_fd_sc_mcu7t5v0__oai21_1)
     1    0.003536    0.357758    0.211295    7.446194 ^ _744_/ZN (gf180mcu_fd_sc_mcu7t5v0__oai21_1)
                                                         _086_ (net)
                      0.357758    0.000035    7.446229 ^ _817_/D (gf180mcu_fd_sc_mcu7t5v0__dffrnq_1)
                                              7.446229   data arrival time

                                 16.000000   16.000000   clock clk (rise edge)
                                  0.000000   16.000000   clock source latency
     2    0.092910    0.000000    0.000000   16.000000 ^ clk (in)
                                                         clk (net)
                      0.025556    0.010454   16.010454 ^ clkbuf_0_clk/I (gf180mcu_fd_sc_mcu7t5v0__clkbuf_16)
     8    0.205666    0.162120    0.208070   16.218523 ^ clkbuf_0_clk/Z (gf180mcu_fd_sc_mcu7t5v0__clkbuf_16)
                                                         clknet_0_clk (net)
                      0.163264    0.009058   16.227581 ^ clkbuf_3_3_0_clk/I (gf180mcu_fd_sc_mcu7t5v0__clkbuf_8)
     9    0.084729    0.142760    0.221309   16.448891 ^ clkbuf_3_3_0_clk/Z (gf180mcu_fd_sc_mcu7t5v0__clkbuf_8)
                                                         clknet_3_3_0_clk (net)
                      0.142814    0.004102   16.452991 ^ _817_/CLK (gf180mcu_fd_sc_mcu7t5v0__dffrnq_1)
                                 -0.250000   16.202993   clock uncertainty
                                  0.000000   16.202993   clock reconvergence pessimism
                                 -0.218360   15.984632   library setup time
                                             15.984632   data required time
---------------------------------------------------------------------------------------------
                                             15.984632   data required time
                                             -7.446229   data arrival time
---------------------------------------------------------------------------------------------
                                              8.538404   slack (MET)


Startpoint: core_din_ready_i (input port clocked by clk)
Endpoint: _823_ (rising edge-triggered flip-flop clocked by clk)
Path Group: clk
Path Type: max

Fanout         Cap        Slew       Delay        Time   Description
---------------------------------------------------------------------------------------------
                                  0.000000    0.000000   clock clk (rise edge)
                                  0.000000    0.000000   clock network delay (propagated)
                                  3.200000    3.200000 v input external delay
     2    0.005392    0.018393    0.004703    3.204703 v core_din_ready_i (in)
                                                         core_din_ready_i (net)
                      0.018393    0.000000    3.204703 v input1/I (gf180mcu_fd_sc_mcu7t5v0__dlyb_1)
     1    0.094091    0.646477    0.965558    4.170261 v input1/Z (gf180mcu_fd_sc_mcu7t5v0__dlyb_1)
                                                         net1 (net)
                      0.648024    0.017943    4.188204 v _448_/A1 (gf180mcu_fd_sc_mcu7t5v0__nand2_1)
     2    0.010100    0.261928    0.259756    4.447960 ^ _448_/ZN (gf180mcu_fd_sc_mcu7t5v0__nand2_1)
                                                         _165_ (net)
                      0.261928    0.000087    4.448048 ^ _449_/I (gf180mcu_fd_sc_mcu7t5v0__clkinv_1)
     1    0.005178    0.118442    0.097507    4.545555 v _449_/ZN (gf180mcu_fd_sc_mcu7t5v0__clkinv_1)
                                                         _166_ (net)
                      0.118442    0.000097    4.545652 v _451_/A2 (gf180mcu_fd_sc_mcu7t5v0__oai21_1)
     5    0.051442    1.013460    0.628884    5.174537 ^ _451_/ZN (gf180mcu_fd_sc_mcu7t5v0__oai21_1)
                                                         _167_ (net)
                      1.013460    0.000496    5.175033 ^ _452_/I (gf180mcu_fd_sc_mcu7t5v0__clkinv_1)
     9    0.077908    0.882401    0.722837    5.897870 v _452_/ZN (gf180mcu_fd_sc_mcu7t5v0__clkinv_1)
                                                         net96 (net)
                      0.882433    0.002990    5.900859 v _732_/A2 (gf180mcu_fd_sc_mcu7t5v0__oai211_1)
    16    0.109048    2.082722    1.346785    7.247644 ^ _732_/ZN (gf180mcu_fd_sc_mcu7t5v0__oai211_1)
                                                         _350_ (net)
                      2.082784    0.006359    7.254004 ^ _763_/A2 (gf180mcu_fd_sc_mcu7t5v0__nand2_1)
     1    0.005231    0.394597   -0.009317    7.244687 v _763_/ZN (gf180mcu_fd_sc_mcu7t5v0__nand2_1)
                                                         _373_ (net)
                      0.394597    0.000052    7.244739 v _764_/B (gf180mcu_fd_sc_mcu7t5v0__oai21_1)
     1    0.003966    0.365396    0.216263    7.461003 ^ _764_/ZN (gf180mcu_fd_sc_mcu7t5v0__oai21_1)
                                                         _092_ (net)
                      0.365396    0.000076    7.461079 ^ _823_/D (gf180mcu_fd_sc_mcu7t5v0__dffrnq_1)
                                              7.461079   data arrival time

                                 16.000000   16.000000   clock clk (rise edge)
                                  0.000000   16.000000   clock source latency
     2    0.092910    0.000000    0.000000   16.000000 ^ clk (in)
                                                         clk (net)
                      0.025556    0.010454   16.010454 ^ clkbuf_0_clk/I (gf180mcu_fd_sc_mcu7t5v0__clkbuf_16)
     8    0.205666    0.162120    0.208070   16.218523 ^ clkbuf_0_clk/Z (gf180mcu_fd_sc_mcu7t5v0__clkbuf_16)
                                                         clknet_0_clk (net)
                      0.163389    0.009562   16.228086 ^ clkbuf_3_2_0_clk/I (gf180mcu_fd_sc_mcu7t5v0__clkbuf_8)
    12    0.104111    0.165820    0.235270   16.463356 ^ clkbuf_3_2_0_clk/Z (gf180mcu_fd_sc_mcu7t5v0__clkbuf_8)
                                                         clknet_3_2_0_clk (net)
                      0.165865    0.003661   16.467016 ^ _823_/CLK (gf180mcu_fd_sc_mcu7t5v0__dffrnq_1)
                                 -0.250000   16.217018   clock uncertainty
                                  0.000000   16.217018   clock reconvergence pessimism
                                 -0.215796   16.001221   library setup time
                                             16.001221   data required time
---------------------------------------------------------------------------------------------
                                             16.001221   data required time
                                             -7.461079   data arrival time
---------------------------------------------------------------------------------------------
                                              8.540141   slack (MET)


Startpoint: core_din_ready_i (input port clocked by clk)
Endpoint: _781_ (rising edge-triggered flip-flop clocked by clk)
Path Group: clk
Path Type: max

Fanout         Cap        Slew       Delay        Time   Description
---------------------------------------------------------------------------------------------
                                  0.000000    0.000000   clock clk (rise edge)
                                  0.000000    0.000000   clock network delay (propagated)
                                  3.200000    3.200000 ^ input external delay
     2    0.005392    0.036613    0.009594    3.209594 ^ core_din_ready_i (in)
                                                         core_din_ready_i (net)
                      0.036613    0.000000    3.209594 ^ input1/I (gf180mcu_fd_sc_mcu7t5v0__dlyb_1)
     1    0.094091    1.030173    1.064863    4.274457 ^ input1/Z (gf180mcu_fd_sc_mcu7t5v0__dlyb_1)
                                                         net1 (net)
                      1.031154    0.017976    4.292432 ^ _448_/A1 (gf180mcu_fd_sc_mcu7t5v0__nand2_1)
     2    0.010100    0.317835    0.153878    4.446310 v _448_/ZN (gf180mcu_fd_sc_mcu7t5v0__nand2_1)
                                                         _165_ (net)
                      0.317835    0.000087    4.446398 v _449_/I (gf180mcu_fd_sc_mcu7t5v0__clkinv_1)
     1    0.005178    0.135877    0.121387    4.567785 ^ _449_/ZN (gf180mcu_fd_sc_mcu7t5v0__clkinv_1)
                                                         _166_ (net)
                      0.135877    0.000097    4.567882 ^ _451_/A2 (gf180mcu_fd_sc_mcu7t5v0__oai21_1)
     5    0.051442    0.553716    0.356275    4.924157 v _451_/ZN (gf180mcu_fd_sc_mcu7t5v0__oai21_1)
                                                         _167_ (net)
                      0.553716    0.000324    4.924481 v _624_/A3 (gf180mcu_fd_sc_mcu7t5v0__or3_1)
     4    0.064698    0.497734    0.774924    5.699405 v _624_/Z (gf180mcu_fd_sc_mcu7t5v0__or3_1)
                                                         _280_ (net)
                      0.497737    0.000718    5.700122 v load_slew117/I (gf180mcu_fd_sc_mcu7t5v0__buf_4)
     3    0.109155    0.196401    0.338185    6.038308 v load_slew117/Z (gf180mcu_fd_sc_mcu7t5v0__buf_4)
                                                         net117 (net)
                      0.201525    0.018052    6.056360 v fanout115/I (gf180mcu_fd_sc_mcu7t5v0__dlyb_1)
     6    0.051333    0.395842    0.857353    6.913713 v fanout115/Z (gf180mcu_fd_sc_mcu7t5v0__dlyb_1)
                                                         net115 (net)
                      0.395846    0.000908    6.914621 v load_slew116/I (gf180mcu_fd_sc_mcu7t5v0__buf_4)
    11    0.107664    0.194539    0.319268    7.233889 v load_slew116/Z (gf180mcu_fd_sc_mcu7t5v0__buf_4)
                                                         net116 (net)
                      0.194665    0.002775    7.236664 v _633_/S (gf180mcu_fd_sc_mcu7t5v0__mux2_2)
     1    0.004850    0.097744    0.266684    7.503347 ^ _633_/Z (gf180mcu_fd_sc_mcu7t5v0__mux2_2)
                                                         _050_ (net)
                      0.097744    0.000103    7.503450 ^ _781_/D (gf180mcu_fd_sc_mcu7t5v0__dffrnq_1)
                                              7.503450   data arrival time

                                 16.000000   16.000000   clock clk (rise edge)
                                  0.000000   16.000000   clock source latency
     2    0.092910    0.000000    0.000000   16.000000 ^ clk (in)
                                                         clk (net)
                      0.025556    0.010454   16.010454 ^ clkbuf_0_clk/I (gf180mcu_fd_sc_mcu7t5v0__clkbuf_16)
     8    0.205666    0.162120    0.208070   16.218523 ^ clkbuf_0_clk/Z (gf180mcu_fd_sc_mcu7t5v0__clkbuf_16)
                                                         clknet_0_clk (net)
                      0.163707    0.010770   16.229294 ^ clkbuf_3_5_0_clk/I (gf180mcu_fd_sc_mcu7t5v0__clkbuf_8)
    14    0.096801    0.155490    0.228182   16.457476 ^ clkbuf_3_5_0_clk/Z (gf180mcu_fd_sc_mcu7t5v0__clkbuf_8)
                                                         clknet_3_5_0_clk (net)
                      0.156036    0.007928   16.465405 ^ _781_/CLK (gf180mcu_fd_sc_mcu7t5v0__dffrnq_1)
                                 -0.250000   16.215405   clock uncertainty
                                  0.000000   16.215405   clock reconvergence pessimism
                                 -0.170440   16.044966   library setup time
                                             16.044966   data required time
---------------------------------------------------------------------------------------------
                                             16.044966   data required time
                                             -7.503450   data arrival time
---------------------------------------------------------------------------------------------
                                              8.541514   slack (MET)


Startpoint: core_din_ready_i (input port clocked by clk)
Endpoint: _788_ (rising edge-triggered flip-flop clocked by clk)
Path Group: clk
Path Type: max

Fanout         Cap        Slew       Delay        Time   Description
---------------------------------------------------------------------------------------------
                                  0.000000    0.000000   clock clk (rise edge)
                                  0.000000    0.000000   clock network delay (propagated)
                                  3.200000    3.200000 ^ input external delay
     2    0.005392    0.036613    0.009594    3.209594 ^ core_din_ready_i (in)
                                                         core_din_ready_i (net)
                      0.036613    0.000000    3.209594 ^ input1/I (gf180mcu_fd_sc_mcu7t5v0__dlyb_1)
     1    0.094091    1.030173    1.064863    4.274457 ^ input1/Z (gf180mcu_fd_sc_mcu7t5v0__dlyb_1)
                                                         net1 (net)
                      1.031154    0.017976    4.292432 ^ _448_/A1 (gf180mcu_fd_sc_mcu7t5v0__nand2_1)
     2    0.010100    0.317835    0.153878    4.446310 v _448_/ZN (gf180mcu_fd_sc_mcu7t5v0__nand2_1)
                                                         _165_ (net)
                      0.317835    0.000087    4.446398 v _449_/I (gf180mcu_fd_sc_mcu7t5v0__clkinv_1)
     1    0.005178    0.135877    0.121387    4.567785 ^ _449_/ZN (gf180mcu_fd_sc_mcu7t5v0__clkinv_1)
                                                         _166_ (net)
                      0.135877    0.000097    4.567882 ^ _451_/A2 (gf180mcu_fd_sc_mcu7t5v0__oai21_1)
     5    0.051442    0.553716    0.356275    4.924157 v _451_/ZN (gf180mcu_fd_sc_mcu7t5v0__oai21_1)
                                                         _167_ (net)
                      0.553716    0.000324    4.924481 v _624_/A3 (gf180mcu_fd_sc_mcu7t5v0__or3_1)
     4    0.064698    0.497734    0.774924    5.699405 v _624_/Z (gf180mcu_fd_sc_mcu7t5v0__or3_1)
                                                         _280_ (net)
                      0.497737    0.000718    5.700122 v load_slew117/I (gf180mcu_fd_sc_mcu7t5v0__buf_4)
     3    0.109155    0.196401    0.338185    6.038308 v load_slew117/Z (gf180mcu_fd_sc_mcu7t5v0__buf_4)
                                                         net117 (net)
                      0.201525    0.018052    6.056360 v fanout115/I (gf180mcu_fd_sc_mcu7t5v0__dlyb_1)
     6    0.051333    0.395842    0.857353    6.913713 v fanout115/Z (gf180mcu_fd_sc_mcu7t5v0__dlyb_1)
                                                         net115 (net)
                      0.395846    0.000908    6.914621 v load_slew116/I (gf180mcu_fd_sc_mcu7t5v0__buf_4)
    11    0.107664    0.194539    0.319268    7.233889 v load_slew116/Z (gf180mcu_fd_sc_mcu7t5v0__buf_4)
                                                         net116 (net)
                      0.194741    0.003535    7.237424 v _642_/S (gf180mcu_fd_sc_mcu7t5v0__mux2_2)
     1    0.005505    0.073406    0.268914    7.506338 ^ _642_/Z (gf180mcu_fd_sc_mcu7t5v0__mux2_2)
                                                         _057_ (net)
                      0.073406    0.000115    7.506453 ^ _788_/D (gf180mcu_fd_sc_mcu7t5v0__dffrnq_1)
                                              7.506453   data arrival time

                                 16.000000   16.000000   clock clk (rise edge)
                                  0.000000   16.000000   clock source latency
     2    0.092910    0.000000    0.000000   16.000000 ^ clk (in)
                                                         clk (net)
                      0.025556    0.010454   16.010454 ^ clkbuf_0_clk/I (gf180mcu_fd_sc_mcu7t5v0__clkbuf_16)
     8    0.205666    0.162120    0.208070   16.218523 ^ clkbuf_0_clk/Z (gf180mcu_fd_sc_mcu7t5v0__clkbuf_16)
                                                         clknet_0_clk (net)
                      0.163707    0.010770   16.229294 ^ clkbuf_3_5_0_clk/I (gf180mcu_fd_sc_mcu7t5v0__clkbuf_8)
    14    0.096801    0.155490    0.228182   16.457476 ^ clkbuf_3_5_0_clk/Z (gf180mcu_fd_sc_mcu7t5v0__clkbuf_8)
                                                         clknet_3_5_0_clk (net)
                      0.156082    0.008189   16.465664 ^ _788_/CLK (gf180mcu_fd_sc_mcu7t5v0__dffrnq_1)
                                 -0.250000   16.215666   clock uncertainty
                                  0.000000   16.215666   clock reconvergence pessimism
                                 -0.167416   16.048250   library setup time
                                             16.048250   data required time
---------------------------------------------------------------------------------------------
                                             16.048250   data required time
                                             -7.506453   data arrival time
---------------------------------------------------------------------------------------------
                                              8.541797   slack (MET)


Startpoint: core_din_ready_i (input port clocked by clk)
Endpoint: _780_ (rising edge-triggered flip-flop clocked by clk)
Path Group: clk
Path Type: max

Fanout         Cap        Slew       Delay        Time   Description
---------------------------------------------------------------------------------------------
                                  0.000000    0.000000   clock clk (rise edge)
                                  0.000000    0.000000   clock network delay (propagated)
                                  3.200000    3.200000 ^ input external delay
     2    0.005392    0.036613    0.009594    3.209594 ^ core_din_ready_i (in)
                                                         core_din_ready_i (net)
                      0.036613    0.000000    3.209594 ^ input1/I (gf180mcu_fd_sc_mcu7t5v0__dlyb_1)
     1    0.094091    1.030173    1.064863    4.274457 ^ input1/Z (gf180mcu_fd_sc_mcu7t5v0__dlyb_1)
                                                         net1 (net)
                      1.031154    0.017976    4.292432 ^ _448_/A1 (gf180mcu_fd_sc_mcu7t5v0__nand2_1)
     2    0.010100    0.317835    0.153878    4.446310 v _448_/ZN (gf180mcu_fd_sc_mcu7t5v0__nand2_1)
                                                         _165_ (net)
                      0.317835    0.000087    4.446398 v _449_/I (gf180mcu_fd_sc_mcu7t5v0__clkinv_1)
     1    0.005178    0.135877    0.121387    4.567785 ^ _449_/ZN (gf180mcu_fd_sc_mcu7t5v0__clkinv_1)
                                                         _166_ (net)
                      0.135877    0.000097    4.567882 ^ _451_/A2 (gf180mcu_fd_sc_mcu7t5v0__oai21_1)
     5    0.051442    0.553716    0.356275    4.924157 v _451_/ZN (gf180mcu_fd_sc_mcu7t5v0__oai21_1)
                                                         _167_ (net)
                      0.553716    0.000324    4.924481 v _624_/A3 (gf180mcu_fd_sc_mcu7t5v0__or3_1)
     4    0.064698    0.497734    0.774924    5.699405 v _624_/Z (gf180mcu_fd_sc_mcu7t5v0__or3_1)
                                                         _280_ (net)
                      0.497737    0.000718    5.700122 v load_slew117/I (gf180mcu_fd_sc_mcu7t5v0__buf_4)
     3    0.109155    0.196401    0.338185    6.038308 v load_slew117/Z (gf180mcu_fd_sc_mcu7t5v0__buf_4)
                                                         net117 (net)
                      0.201525    0.018052    6.056360 v fanout115/I (gf180mcu_fd_sc_mcu7t5v0__dlyb_1)
     6    0.051333    0.395842    0.857353    6.913713 v fanout115/Z (gf180mcu_fd_sc_mcu7t5v0__dlyb_1)
                                                         net115 (net)
                      0.395846    0.000908    6.914621 v load_slew116/I (gf180mcu_fd_sc_mcu7t5v0__buf_4)
    11    0.107664    0.194539    0.319268    7.233889 v load_slew116/Z (gf180mcu_fd_sc_mcu7t5v0__buf_4)
                                                         net116 (net)
                      0.194727    0.003403    7.237291 v _632_/S (gf180mcu_fd_sc_mcu7t5v0__mux2_2)
     1    0.004325    0.089434    0.264946    7.502237 ^ _632_/Z (gf180mcu_fd_sc_mcu7t5v0__mux2_2)
                                                         _049_ (net)
                      0.089434    0.000046    7.502284 ^ _780_/D (gf180mcu_fd_sc_mcu7t5v0__dffrnq_1)
                                              7.502284   data arrival time

                                 16.000000   16.000000   clock clk (rise edge)
                                  0.000000   16.000000   clock source latency
     2    0.092910    0.000000    0.000000   16.000000 ^ clk (in)
                                                         clk (net)
                      0.025556    0.010454   16.010454 ^ clkbuf_0_clk/I (gf180mcu_fd_sc_mcu7t5v0__clkbuf_16)
     8    0.205666    0.162120    0.208070   16.218523 ^ clkbuf_0_clk/Z (gf180mcu_fd_sc_mcu7t5v0__clkbuf_16)
                                                         clknet_0_clk (net)
                      0.163707    0.010770   16.229294 ^ clkbuf_3_5_0_clk/I (gf180mcu_fd_sc_mcu7t5v0__clkbuf_8)
    14    0.096801    0.155490    0.228182   16.457476 ^ clkbuf_3_5_0_clk/Z (gf180mcu_fd_sc_mcu7t5v0__clkbuf_8)
                                                         clknet_3_5_0_clk (net)
                      0.156075    0.008148   16.465624 ^ _780_/CLK (gf180mcu_fd_sc_mcu7t5v0__dffrnq_1)
                                 -0.250000   16.215626   clock uncertainty
                                  0.000000   16.215626   clock reconvergence pessimism
                                 -0.169402   16.046223   library setup time
                                             16.046223   data required time
---------------------------------------------------------------------------------------------
                                             16.046223   data required time
                                             -7.502284   data arrival time
---------------------------------------------------------------------------------------------
                                              8.543940   slack (MET)


Startpoint: core_din_ready_i (input port clocked by clk)
Endpoint: _787_ (rising edge-triggered flip-flop clocked by clk)
Path Group: clk
Path Type: max

Fanout         Cap        Slew       Delay        Time   Description
---------------------------------------------------------------------------------------------
                                  0.000000    0.000000   clock clk (rise edge)
                                  0.000000    0.000000   clock network delay (propagated)
                                  3.200000    3.200000 ^ input external delay
     2    0.005392    0.036613    0.009594    3.209594 ^ core_din_ready_i (in)
                                                         core_din_ready_i (net)
                      0.036613    0.000000    3.209594 ^ input1/I (gf180mcu_fd_sc_mcu7t5v0__dlyb_1)
     1    0.094091    1.030173    1.064863    4.274457 ^ input1/Z (gf180mcu_fd_sc_mcu7t5v0__dlyb_1)
                                                         net1 (net)
                      1.031154    0.017976    4.292432 ^ _448_/A1 (gf180mcu_fd_sc_mcu7t5v0__nand2_1)
     2    0.010100    0.317835    0.153878    4.446310 v _448_/ZN (gf180mcu_fd_sc_mcu7t5v0__nand2_1)
                                                         _165_ (net)
                      0.317835    0.000087    4.446398 v _449_/I (gf180mcu_fd_sc_mcu7t5v0__clkinv_1)
     1    0.005178    0.135877    0.121387    4.567785 ^ _449_/ZN (gf180mcu_fd_sc_mcu7t5v0__clkinv_1)
                                                         _166_ (net)
                      0.135877    0.000097    4.567882 ^ _451_/A2 (gf180mcu_fd_sc_mcu7t5v0__oai21_1)
     5    0.051442    0.553716    0.356275    4.924157 v _451_/ZN (gf180mcu_fd_sc_mcu7t5v0__oai21_1)
                                                         _167_ (net)
                      0.553716    0.000324    4.924481 v _624_/A3 (gf180mcu_fd_sc_mcu7t5v0__or3_1)
     4    0.064698    0.497734    0.774924    5.699405 v _624_/Z (gf180mcu_fd_sc_mcu7t5v0__or3_1)
                                                         _280_ (net)
                      0.497737    0.000718    5.700122 v load_slew117/I (gf180mcu_fd_sc_mcu7t5v0__buf_4)
     3    0.109155    0.196401    0.338185    6.038308 v load_slew117/Z (gf180mcu_fd_sc_mcu7t5v0__buf_4)
                                                         net117 (net)
                      0.201525    0.018052    6.056360 v fanout115/I (gf180mcu_fd_sc_mcu7t5v0__dlyb_1)
     6    0.051333    0.395842    0.857353    6.913713 v fanout115/Z (gf180mcu_fd_sc_mcu7t5v0__dlyb_1)
                                                         net115 (net)
                      0.395846    0.000908    6.914621 v load_slew116/I (gf180mcu_fd_sc_mcu7t5v0__buf_4)
    11    0.107664    0.194539    0.319268    7.233889 v load_slew116/Z (gf180mcu_fd_sc_mcu7t5v0__buf_4)
                                                         net116 (net)
                      0.194709    0.003227    7.237116 v _641_/S (gf180mcu_fd_sc_mcu7t5v0__mux2_2)
     1    0.005137    0.071729    0.267669    7.504785 ^ _641_/Z (gf180mcu_fd_sc_mcu7t5v0__mux2_2)
                                                         _056_ (net)
                      0.071729    0.000098    7.504882 ^ _787_/D (gf180mcu_fd_sc_mcu7t5v0__dffrnq_1)
                                              7.504882   data arrival time

                                 16.000000   16.000000   clock clk (rise edge)
                                  0.000000   16.000000   clock source latency
     2    0.092910    0.000000    0.000000   16.000000 ^ clk (in)
                                                         clk (net)
                      0.025556    0.010454   16.010454 ^ clkbuf_0_clk/I (gf180mcu_fd_sc_mcu7t5v0__clkbuf_16)
     8    0.205666    0.162120    0.208070   16.218523 ^ clkbuf_0_clk/Z (gf180mcu_fd_sc_mcu7t5v0__clkbuf_16)
                                                         clknet_0_clk (net)
                      0.163657    0.010587   16.229111 ^ clkbuf_3_4_0_clk/I (gf180mcu_fd_sc_mcu7t5v0__clkbuf_8)
    14    0.100143    0.160217    0.231429   16.460541 ^ clkbuf_3_4_0_clk/Z (gf180mcu_fd_sc_mcu7t5v0__clkbuf_8)
                                                         clknet_3_4_0_clk (net)
                      0.160602    0.007169   16.467709 ^ _787_/CLK (gf180mcu_fd_sc_mcu7t5v0__dffrnq_1)
                                 -0.250000   16.217710   clock uncertainty
                                  0.000000   16.217710   clock reconvergence pessimism
                                 -0.166300   16.051409   library setup time
                                             16.051409   data required time
---------------------------------------------------------------------------------------------
                                             16.051409   data required time
                                             -7.504882   data arrival time
---------------------------------------------------------------------------------------------
                                              8.546527   slack (MET)


Startpoint: core_din_ready_i (input port clocked by clk)
Endpoint: _789_ (rising edge-triggered flip-flop clocked by clk)
Path Group: clk
Path Type: max

Fanout         Cap        Slew       Delay        Time   Description
---------------------------------------------------------------------------------------------
                                  0.000000    0.000000   clock clk (rise edge)
                                  0.000000    0.000000   clock network delay (propagated)
                                  3.200000    3.200000 ^ input external delay
     2    0.005392    0.036613    0.009594    3.209594 ^ core_din_ready_i (in)
                                                         core_din_ready_i (net)
                      0.036613    0.000000    3.209594 ^ input1/I (gf180mcu_fd_sc_mcu7t5v0__dlyb_1)
     1    0.094091    1.030173    1.064863    4.274457 ^ input1/Z (gf180mcu_fd_sc_mcu7t5v0__dlyb_1)
                                                         net1 (net)
                      1.031154    0.017976    4.292432 ^ _448_/A1 (gf180mcu_fd_sc_mcu7t5v0__nand2_1)
     2    0.010100    0.317835    0.153878    4.446310 v _448_/ZN (gf180mcu_fd_sc_mcu7t5v0__nand2_1)
                                                         _165_ (net)
                      0.317835    0.000087    4.446398 v _449_/I (gf180mcu_fd_sc_mcu7t5v0__clkinv_1)
     1    0.005178    0.135877    0.121387    4.567785 ^ _449_/ZN (gf180mcu_fd_sc_mcu7t5v0__clkinv_1)
                                                         _166_ (net)
                      0.135877    0.000097    4.567882 ^ _451_/A2 (gf180mcu_fd_sc_mcu7t5v0__oai21_1)
     5    0.051442    0.553716    0.356275    4.924157 v _451_/ZN (gf180mcu_fd_sc_mcu7t5v0__oai21_1)
                                                         _167_ (net)
                      0.553716    0.000324    4.924481 v _624_/A3 (gf180mcu_fd_sc_mcu7t5v0__or3_1)
     4    0.064698    0.497734    0.774924    5.699405 v _624_/Z (gf180mcu_fd_sc_mcu7t5v0__or3_1)
                                                         _280_ (net)
                      0.497737    0.000718    5.700122 v load_slew117/I (gf180mcu_fd_sc_mcu7t5v0__buf_4)
     3    0.109155    0.196401    0.338185    6.038308 v load_slew117/Z (gf180mcu_fd_sc_mcu7t5v0__buf_4)
                                                         net117 (net)
                      0.201525    0.018052    6.056360 v fanout115/I (gf180mcu_fd_sc_mcu7t5v0__dlyb_1)
     6    0.051333    0.395842    0.857353    6.913713 v fanout115/Z (gf180mcu_fd_sc_mcu7t5v0__dlyb_1)
                                                         net115 (net)
                      0.395846    0.000908    6.914621 v load_slew116/I (gf180mcu_fd_sc_mcu7t5v0__buf_4)
    11    0.107664    0.194539    0.319268    7.233889 v load_slew116/Z (gf180mcu_fd_sc_mcu7t5v0__buf_4)
                                                         net116 (net)
                      0.194701    0.003148    7.237037 v _643_/S (gf180mcu_fd_sc_mcu7t5v0__mux2_2)
     1    0.004213    0.067510    0.264553    7.501590 ^ _643_/Z (gf180mcu_fd_sc_mcu7t5v0__mux2_2)
                                                         _058_ (net)
                      0.067510    0.000048    7.501638 ^ _789_/D (gf180mcu_fd_sc_mcu7t5v0__dffrnq_1)
                                              7.501638   data arrival time

                                 16.000000   16.000000   clock clk (rise edge)
                                  0.000000   16.000000   clock source latency
     2    0.092910    0.000000    0.000000   16.000000 ^ clk (in)
                                                         clk (net)
                      0.025556    0.010454   16.010454 ^ clkbuf_0_clk/I (gf180mcu_fd_sc_mcu7t5v0__clkbuf_16)
     8    0.205666    0.162120    0.208070   16.218523 ^ clkbuf_0_clk/Z (gf180mcu_fd_sc_mcu7t5v0__clkbuf_16)
                                                         clknet_0_clk (net)
                      0.163707    0.010770   16.229294 ^ clkbuf_3_5_0_clk/I (gf180mcu_fd_sc_mcu7t5v0__clkbuf_8)
    14    0.096801    0.155490    0.228182   16.457476 ^ clkbuf_3_5_0_clk/Z (gf180mcu_fd_sc_mcu7t5v0__clkbuf_8)
                                                         clknet_3_5_0_clk (net)
                      0.156054    0.008031   16.465508 ^ _789_/CLK (gf180mcu_fd_sc_mcu7t5v0__dffrnq_1)
                                 -0.250000   16.215508   clock uncertainty
                                  0.000000   16.215508   clock reconvergence pessimism
                                 -0.166692   16.048817   library setup time
                                             16.048817   data required time
---------------------------------------------------------------------------------------------
                                             16.048817   data required time
                                             -7.501638   data arrival time
---------------------------------------------------------------------------------------------
                                              8.547178   slack (MET)


Startpoint: core_din_ready_i (input port clocked by clk)
Endpoint: _785_ (rising edge-triggered flip-flop clocked by clk)
Path Group: clk
Path Type: max

Fanout         Cap        Slew       Delay        Time   Description
---------------------------------------------------------------------------------------------
                                  0.000000    0.000000   clock clk (rise edge)
                                  0.000000    0.000000   clock network delay (propagated)
                                  3.200000    3.200000 ^ input external delay
     2    0.005392    0.036613    0.009594    3.209594 ^ core_din_ready_i (in)
                                                         core_din_ready_i (net)
                      0.036613    0.000000    3.209594 ^ input1/I (gf180mcu_fd_sc_mcu7t5v0__dlyb_1)
     1    0.094091    1.030173    1.064863    4.274457 ^ input1/Z (gf180mcu_fd_sc_mcu7t5v0__dlyb_1)
                                                         net1 (net)
                      1.031154    0.017976    4.292432 ^ _448_/A1 (gf180mcu_fd_sc_mcu7t5v0__nand2_1)
     2    0.010100    0.317835    0.153878    4.446310 v _448_/ZN (gf180mcu_fd_sc_mcu7t5v0__nand2_1)
                                                         _165_ (net)
                      0.317835    0.000087    4.446398 v _449_/I (gf180mcu_fd_sc_mcu7t5v0__clkinv_1)
     1    0.005178    0.135877    0.121387    4.567785 ^ _449_/ZN (gf180mcu_fd_sc_mcu7t5v0__clkinv_1)
                                                         _166_ (net)
                      0.135877    0.000097    4.567882 ^ _451_/A2 (gf180mcu_fd_sc_mcu7t5v0__oai21_1)
     5    0.051442    0.553716    0.356275    4.924157 v _451_/ZN (gf180mcu_fd_sc_mcu7t5v0__oai21_1)
                                                         _167_ (net)
                      0.553716    0.000324    4.924481 v _624_/A3 (gf180mcu_fd_sc_mcu7t5v0__or3_1)
     4    0.064698    0.497734    0.774924    5.699405 v _624_/Z (gf180mcu_fd_sc_mcu7t5v0__or3_1)
                                                         _280_ (net)
                      0.497737    0.000718    5.700122 v load_slew117/I (gf180mcu_fd_sc_mcu7t5v0__buf_4)
     3    0.109155    0.196401    0.338185    6.038308 v load_slew117/Z (gf180mcu_fd_sc_mcu7t5v0__buf_4)
                                                         net117 (net)
                      0.201525    0.018052    6.056360 v fanout115/I (gf180mcu_fd_sc_mcu7t5v0__dlyb_1)
     6    0.051333    0.395842    0.857353    6.913713 v fanout115/Z (gf180mcu_fd_sc_mcu7t5v0__dlyb_1)
                                                         net115 (net)
                      0.395846    0.000908    6.914621 v load_slew116/I (gf180mcu_fd_sc_mcu7t5v0__buf_4)
    11    0.107664    0.194539    0.319268    7.233889 v load_slew116/Z (gf180mcu_fd_sc_mcu7t5v0__buf_4)
                                                         net116 (net)
                      0.194601    0.001942    7.235831 v _639_/S (gf180mcu_fd_sc_mcu7t5v0__mux2_2)
     1    0.004290    0.067864    0.264791    7.500623 ^ _639_/Z (gf180mcu_fd_sc_mcu7t5v0__mux2_2)
                                                         _054_ (net)
                      0.067864    0.000046    7.500669 ^ _785_/D (gf180mcu_fd_sc_mcu7t5v0__dffrnq_1)
                                              7.500669   data arrival time

                                 16.000000   16.000000   clock clk (rise edge)
                                  0.000000   16.000000   clock source latency
     2    0.092910    0.000000    0.000000   16.000000 ^ clk (in)
                                                         clk (net)
                      0.025556    0.010454   16.010454 ^ clkbuf_0_clk/I (gf180mcu_fd_sc_mcu7t5v0__clkbuf_16)
     8    0.205666    0.162120    0.208070   16.218523 ^ clkbuf_0_clk/Z (gf180mcu_fd_sc_mcu7t5v0__clkbuf_16)
                                                         clknet_0_clk (net)
                      0.163707    0.010770   16.229294 ^ clkbuf_3_5_0_clk/I (gf180mcu_fd_sc_mcu7t5v0__clkbuf_8)
    14    0.096801    0.155490    0.228182   16.457476 ^ clkbuf_3_5_0_clk/Z (gf180mcu_fd_sc_mcu7t5v0__clkbuf_8)
                                                         clknet_3_5_0_clk (net)
                      0.155967    0.007521   16.464996 ^ _785_/CLK (gf180mcu_fd_sc_mcu7t5v0__dffrnq_1)
                                 -0.250000   16.214998   clock uncertainty
                                  0.000000   16.214998   clock reconvergence pessimism
                                 -0.166753   16.048244   library setup time
                                             16.048244   data required time
---------------------------------------------------------------------------------------------
                                             16.048244   data required time
                                             -7.500669   data arrival time
---------------------------------------------------------------------------------------------
                                              8.547575   slack (MET)


Startpoint: core_din_ready_i (input port clocked by clk)
Endpoint: _786_ (rising edge-triggered flip-flop clocked by clk)
Path Group: clk
Path Type: max

Fanout         Cap        Slew       Delay        Time   Description
---------------------------------------------------------------------------------------------
                                  0.000000    0.000000   clock clk (rise edge)
                                  0.000000    0.000000   clock network delay (propagated)
                                  3.200000    3.200000 ^ input external delay
     2    0.005392    0.036613    0.009594    3.209594 ^ core_din_ready_i (in)
                                                         core_din_ready_i (net)
                      0.036613    0.000000    3.209594 ^ input1/I (gf180mcu_fd_sc_mcu7t5v0__dlyb_1)
     1    0.094091    1.030173    1.064863    4.274457 ^ input1/Z (gf180mcu_fd_sc_mcu7t5v0__dlyb_1)
                                                         net1 (net)
                      1.031154    0.017976    4.292432 ^ _448_/A1 (gf180mcu_fd_sc_mcu7t5v0__nand2_1)
     2    0.010100    0.317835    0.153878    4.446310 v _448_/ZN (gf180mcu_fd_sc_mcu7t5v0__nand2_1)
                                                         _165_ (net)
                      0.317835    0.000087    4.446398 v _449_/I (gf180mcu_fd_sc_mcu7t5v0__clkinv_1)
     1    0.005178    0.135877    0.121387    4.567785 ^ _449_/ZN (gf180mcu_fd_sc_mcu7t5v0__clkinv_1)
                                                         _166_ (net)
                      0.135877    0.000097    4.567882 ^ _451_/A2 (gf180mcu_fd_sc_mcu7t5v0__oai21_1)
     5    0.051442    0.553716    0.356275    4.924157 v _451_/ZN (gf180mcu_fd_sc_mcu7t5v0__oai21_1)
                                                         _167_ (net)
                      0.553716    0.000324    4.924481 v _624_/A3 (gf180mcu_fd_sc_mcu7t5v0__or3_1)
     4    0.064698    0.497734    0.774924    5.699405 v _624_/Z (gf180mcu_fd_sc_mcu7t5v0__or3_1)
                                                         _280_ (net)
                      0.497737    0.000718    5.700122 v load_slew117/I (gf180mcu_fd_sc_mcu7t5v0__buf_4)
     3    0.109155    0.196401    0.338185    6.038308 v load_slew117/Z (gf180mcu_fd_sc_mcu7t5v0__buf_4)
                                                         net117 (net)
                      0.201525    0.018052    6.056360 v fanout115/I (gf180mcu_fd_sc_mcu7t5v0__dlyb_1)
     6    0.051333    0.395842    0.857353    6.913713 v fanout115/Z (gf180mcu_fd_sc_mcu7t5v0__dlyb_1)
                                                         net115 (net)
                      0.395846    0.000908    6.914621 v load_slew116/I (gf180mcu_fd_sc_mcu7t5v0__buf_4)
    11    0.107664    0.194539    0.319268    7.233889 v load_slew116/Z (gf180mcu_fd_sc_mcu7t5v0__buf_4)
                                                         net116 (net)
                      0.194697    0.003110    7.236999 v _640_/S (gf180mcu_fd_sc_mcu7t5v0__mux2_2)
     1    0.003811    0.065480    0.262903    7.499902 ^ _640_/Z (gf180mcu_fd_sc_mcu7t5v0__mux2_2)
                                                         _055_ (net)
                      0.065480    0.000039    7.499941 ^ _786_/D (gf180mcu_fd_sc_mcu7t5v0__dffrnq_1)
                                              7.499941   data arrival time

                                 16.000000   16.000000   clock clk (rise edge)
                                  0.000000   16.000000   clock source latency
     2    0.092910    0.000000    0.000000   16.000000 ^ clk (in)
                                                         clk (net)
                      0.025556    0.010454   16.010454 ^ clkbuf_0_clk/I (gf180mcu_fd_sc_mcu7t5v0__clkbuf_16)
     8    0.205666    0.162120    0.208070   16.218523 ^ clkbuf_0_clk/Z (gf180mcu_fd_sc_mcu7t5v0__clkbuf_16)
                                                         clknet_0_clk (net)
                      0.163707    0.010770   16.229294 ^ clkbuf_3_5_0_clk/I (gf180mcu_fd_sc_mcu7t5v0__clkbuf_8)
    14    0.096801    0.155490    0.228182   16.457476 ^ clkbuf_3_5_0_clk/Z (gf180mcu_fd_sc_mcu7t5v0__clkbuf_8)
                                                         clknet_3_5_0_clk (net)
                      0.156055    0.008038   16.465513 ^ _786_/CLK (gf180mcu_fd_sc_mcu7t5v0__dffrnq_1)
                                 -0.250000   16.215515   clock uncertainty
                                  0.000000   16.215515   clock reconvergence pessimism
                                 -0.166440   16.049074   library setup time
                                             16.049074   data required time
---------------------------------------------------------------------------------------------
                                             16.049074   data required time
                                             -7.499941   data arrival time
---------------------------------------------------------------------------------------------
                                              8.549132   slack (MET)


Startpoint: core_din_ready_i (input port clocked by clk)
Endpoint: _777_ (rising edge-triggered flip-flop clocked by clk)
Path Group: clk
Path Type: max

Fanout         Cap        Slew       Delay        Time   Description
---------------------------------------------------------------------------------------------
                                  0.000000    0.000000   clock clk (rise edge)
                                  0.000000    0.000000   clock network delay (propagated)
                                  3.200000    3.200000 ^ input external delay
     2    0.005392    0.036613    0.009594    3.209594 ^ core_din_ready_i (in)
                                                         core_din_ready_i (net)
                      0.036613    0.000000    3.209594 ^ input1/I (gf180mcu_fd_sc_mcu7t5v0__dlyb_1)
     1    0.094091    1.030173    1.064863    4.274457 ^ input1/Z (gf180mcu_fd_sc_mcu7t5v0__dlyb_1)
                                                         net1 (net)
                      1.031154    0.017976    4.292432 ^ _448_/A1 (gf180mcu_fd_sc_mcu7t5v0__nand2_1)
     2    0.010100    0.317835    0.153878    4.446310 v _448_/ZN (gf180mcu_fd_sc_mcu7t5v0__nand2_1)
                                                         _165_ (net)
                      0.317835    0.000087    4.446398 v _449_/I (gf180mcu_fd_sc_mcu7t5v0__clkinv_1)
     1    0.005178    0.135877    0.121387    4.567785 ^ _449_/ZN (gf180mcu_fd_sc_mcu7t5v0__clkinv_1)
                                                         _166_ (net)
                      0.135877    0.000097    4.567882 ^ _451_/A2 (gf180mcu_fd_sc_mcu7t5v0__oai21_1)
     5    0.051442    0.553716    0.356275    4.924157 v _451_/ZN (gf180mcu_fd_sc_mcu7t5v0__oai21_1)
                                                         _167_ (net)
                      0.553716    0.000324    4.924481 v _624_/A3 (gf180mcu_fd_sc_mcu7t5v0__or3_1)
     4    0.064698    0.497734    0.774924    5.699405 v _624_/Z (gf180mcu_fd_sc_mcu7t5v0__or3_1)
                                                         _280_ (net)
                      0.497737    0.000718    5.700122 v load_slew117/I (gf180mcu_fd_sc_mcu7t5v0__buf_4)
     3    0.109155    0.196401    0.338185    6.038308 v load_slew117/Z (gf180mcu_fd_sc_mcu7t5v0__buf_4)
                                                         net117 (net)
                      0.201525    0.018052    6.056360 v fanout115/I (gf180mcu_fd_sc_mcu7t5v0__dlyb_1)
     6    0.051333    0.395842    0.857353    6.913713 v fanout115/Z (gf180mcu_fd_sc_mcu7t5v0__dlyb_1)
                                                         net115 (net)
                      0.395846    0.000908    6.914621 v load_slew116/I (gf180mcu_fd_sc_mcu7t5v0__buf_4)
    11    0.107664    0.194539    0.319268    7.233889 v load_slew116/Z (gf180mcu_fd_sc_mcu7t5v0__buf_4)
                                                         net116 (net)
                      0.194572    0.001426    7.235314 v _627_/A2 (gf180mcu_fd_sc_mcu7t5v0__nand2_1)
     1    0.004905    0.136776    0.130421    7.365736 ^ _627_/ZN (gf180mcu_fd_sc_mcu7t5v0__nand2_1)
                                                         _282_ (net)
                      0.136776    0.000047    7.365782 ^ _628_/B (gf180mcu_fd_sc_mcu7t5v0__oai21_1)
     1    0.003522    0.464534    0.100737    7.466519 v _628_/ZN (gf180mcu_fd_sc_mcu7t5v0__oai21_1)
                                                         _046_ (net)
                      0.464534    0.000035    7.466554 v _777_/D (gf180mcu_fd_sc_mcu7t5v0__dffrnq_1)
                                              7.466554   data arrival time

                                 16.000000   16.000000   clock clk (rise edge)
                                  0.000000   16.000000   clock source latency
     2    0.092910    0.000000    0.000000   16.000000 ^ clk (in)
                                                         clk (net)
                      0.025556    0.010454   16.010454 ^ clkbuf_0_clk/I (gf180mcu_fd_sc_mcu7t5v0__clkbuf_16)
     8    0.205666    0.162120    0.208070   16.218523 ^ clkbuf_0_clk/Z (gf180mcu_fd_sc_mcu7t5v0__clkbuf_16)
                                                         clknet_0_clk (net)
                      0.163657    0.010587   16.229111 ^ clkbuf_3_4_0_clk/I (gf180mcu_fd_sc_mcu7t5v0__clkbuf_8)
    14    0.100143    0.160217    0.231429   16.460541 ^ clkbuf_3_4_0_clk/Z (gf180mcu_fd_sc_mcu7t5v0__clkbuf_8)
                                                         clknet_3_4_0_clk (net)
                      0.160549    0.006787   16.467327 ^ _777_/CLK (gf180mcu_fd_sc_mcu7t5v0__dffrnq_1)
                                 -0.250000   16.217329   clock uncertainty
                                  0.000000   16.217329   clock reconvergence pessimism
                                 -0.172781   16.044548   library setup time
                                             16.044548   data required time
---------------------------------------------------------------------------------------------
                                             16.044548   data required time
                                             -7.466554   data arrival time
---------------------------------------------------------------------------------------------
                                              8.577993   slack (MET)


Startpoint: core_din_ready_i (input port clocked by clk)
Endpoint: _840_ (rising edge-triggered flip-flop clocked by clk)
Path Group: clk
Path Type: max

Fanout         Cap        Slew       Delay        Time   Description
---------------------------------------------------------------------------------------------
                                  0.000000    0.000000   clock clk (rise edge)
                                  0.000000    0.000000   clock network delay (propagated)
                                  3.200000    3.200000 v input external delay
     2    0.005392    0.018393    0.004703    3.204703 v core_din_ready_i (in)
                                                         core_din_ready_i (net)
                      0.018393    0.000000    3.204703 v input1/I (gf180mcu_fd_sc_mcu7t5v0__dlyb_1)
     1    0.094091    0.646477    0.965558    4.170261 v input1/Z (gf180mcu_fd_sc_mcu7t5v0__dlyb_1)
                                                         net1 (net)
                      0.648024    0.017943    4.188204 v _448_/A1 (gf180mcu_fd_sc_mcu7t5v0__nand2_1)
     2    0.010100    0.261928    0.259756    4.447960 ^ _448_/ZN (gf180mcu_fd_sc_mcu7t5v0__nand2_1)
                                                         _165_ (net)
                      0.261928    0.000087    4.448048 ^ _449_/I (gf180mcu_fd_sc_mcu7t5v0__clkinv_1)
     1    0.005178    0.118442    0.097507    4.545555 v _449_/ZN (gf180mcu_fd_sc_mcu7t5v0__clkinv_1)
                                                         _166_ (net)
                      0.118442    0.000097    4.545652 v _451_/A2 (gf180mcu_fd_sc_mcu7t5v0__oai21_1)
     5    0.051442    1.013460    0.628884    5.174537 ^ _451_/ZN (gf180mcu_fd_sc_mcu7t5v0__oai21_1)
                                                         _167_ (net)
                      1.013460    0.000496    5.175033 ^ _452_/I (gf180mcu_fd_sc_mcu7t5v0__clkinv_1)
     9    0.077908    0.882401    0.722837    5.897870 v _452_/ZN (gf180mcu_fd_sc_mcu7t5v0__clkinv_1)
                                                         net96 (net)
                      0.882408    0.001342    5.899211 v _565_/A4 (gf180mcu_fd_sc_mcu7t5v0__nand4_1)
     1    0.068419    1.204909    0.959282    6.858493 ^ _565_/ZN (gf180mcu_fd_sc_mcu7t5v0__nand4_1)
                                                         _249_ (net)
                      1.204936    0.008598    6.867091 ^ wire114/I (gf180mcu_fd_sc_mcu7t5v0__buf_4)
    13    0.121652    0.350899    0.305844    7.172935 ^ wire114/Z (gf180mcu_fd_sc_mcu7t5v0__buf_4)
                                                         net114 (net)
                      0.351934    0.010579    7.183514 ^ _566_/A2 (gf180mcu_fd_sc_mcu7t5v0__nand2_1)
     1    0.005172    0.133857    0.079777    7.263291 v _566_/ZN (gf180mcu_fd_sc_mcu7t5v0__nand2_1)
                                                         _250_ (net)
                      0.133857    0.000051    7.263342 v _567_/B (gf180mcu_fd_sc_mcu7t5v0__oai21_1)
     1    0.003867    0.468828    0.136440    7.399781 ^ _567_/ZN (gf180mcu_fd_sc_mcu7t5v0__oai21_1)
                                                         _017_ (net)
                      0.468828    0.000042    7.399823 ^ _840_/D (gf180mcu_fd_sc_mcu7t5v0__dffrnq_1)
                                              7.399823   data arrival time

                                 16.000000   16.000000   clock clk (rise edge)
                                  0.000000   16.000000   clock source latency
     2    0.092910    0.000000    0.000000   16.000000 ^ clk (in)
                                                         clk (net)
                      0.025556    0.010454   16.010454 ^ clkbuf_0_clk/I (gf180mcu_fd_sc_mcu7t5v0__clkbuf_16)
     8    0.205666    0.162120    0.208070   16.218523 ^ clkbuf_0_clk/Z (gf180mcu_fd_sc_mcu7t5v0__clkbuf_16)
                                                         clknet_0_clk (net)
                      0.163657    0.010587   16.229111 ^ clkbuf_3_4_0_clk/I (gf180mcu_fd_sc_mcu7t5v0__clkbuf_8)
    14    0.100143    0.160217    0.231429   16.460541 ^ clkbuf_3_4_0_clk/Z (gf180mcu_fd_sc_mcu7t5v0__clkbuf_8)
                                                         clknet_3_4_0_clk (net)
                      0.160557    0.006846   16.467386 ^ _840_/CLK (gf180mcu_fd_sc_mcu7t5v0__dffrnq_1)
                                 -0.250000   16.217386   clock uncertainty
                                  0.000000   16.217386   clock reconvergence pessimism
                                 -0.228922   15.988466   library setup time
                                             15.988466   data required time
---------------------------------------------------------------------------------------------
                                             15.988466   data required time
                                             -7.399823   data arrival time
---------------------------------------------------------------------------------------------
                                              8.588643   slack (MET)


Startpoint: core_din_ready_i (input port clocked by clk)
Endpoint: _841_ (rising edge-triggered flip-flop clocked by clk)
Path Group: clk
Path Type: max

Fanout         Cap        Slew       Delay        Time   Description
---------------------------------------------------------------------------------------------
                                  0.000000    0.000000   clock clk (rise edge)
                                  0.000000    0.000000   clock network delay (propagated)
                                  3.200000    3.200000 v input external delay
     2    0.005392    0.018393    0.004703    3.204703 v core_din_ready_i (in)
                                                         core_din_ready_i (net)
                      0.018393    0.000000    3.204703 v input1/I (gf180mcu_fd_sc_mcu7t5v0__dlyb_1)
     1    0.094091    0.646477    0.965558    4.170261 v input1/Z (gf180mcu_fd_sc_mcu7t5v0__dlyb_1)
                                                         net1 (net)
                      0.648024    0.017943    4.188204 v _448_/A1 (gf180mcu_fd_sc_mcu7t5v0__nand2_1)
     2    0.010100    0.261928    0.259756    4.447960 ^ _448_/ZN (gf180mcu_fd_sc_mcu7t5v0__nand2_1)
                                                         _165_ (net)
                      0.261928    0.000087    4.448048 ^ _449_/I (gf180mcu_fd_sc_mcu7t5v0__clkinv_1)
     1    0.005178    0.118442    0.097507    4.545555 v _449_/ZN (gf180mcu_fd_sc_mcu7t5v0__clkinv_1)
                                                         _166_ (net)
                      0.118442    0.000097    4.545652 v _451_/A2 (gf180mcu_fd_sc_mcu7t5v0__oai21_1)
     5    0.051442    1.013460    0.628884    5.174537 ^ _451_/ZN (gf180mcu_fd_sc_mcu7t5v0__oai21_1)
                                                         _167_ (net)
                      1.013460    0.000496    5.175033 ^ _452_/I (gf180mcu_fd_sc_mcu7t5v0__clkinv_1)
     9    0.077908    0.882401    0.722837    5.897870 v _452_/ZN (gf180mcu_fd_sc_mcu7t5v0__clkinv_1)
                                                         net96 (net)
                      0.882408    0.001342    5.899211 v _565_/A4 (gf180mcu_fd_sc_mcu7t5v0__nand4_1)
     1    0.068419    1.204909    0.959282    6.858493 ^ _565_/ZN (gf180mcu_fd_sc_mcu7t5v0__nand4_1)
                                                         _249_ (net)
                      1.204936    0.008598    6.867091 ^ wire114/I (gf180mcu_fd_sc_mcu7t5v0__buf_4)
    13    0.121652    0.350899    0.305844    7.172935 ^ wire114/Z (gf180mcu_fd_sc_mcu7t5v0__buf_4)
                                                         net114 (net)
                      0.351836    0.009961    7.182897 ^ _568_/A2 (gf180mcu_fd_sc_mcu7t5v0__nand2_1)
     1    0.005329    0.134953    0.081009    7.263905 v _568_/ZN (gf180mcu_fd_sc_mcu7t5v0__nand2_1)
                                                         _251_ (net)
                      0.134953    0.000053    7.263958 v _569_/B (gf180mcu_fd_sc_mcu7t5v0__oai21_1)
     1    0.003490    0.473566    0.134226    7.398184 ^ _569_/ZN (gf180mcu_fd_sc_mcu7t5v0__oai21_1)
                                                         _018_ (net)
                      0.473566    0.000034    7.398219 ^ _841_/D (gf180mcu_fd_sc_mcu7t5v0__dffrnq_1)
                                              7.398219   data arrival time

                                 16.000000   16.000000   clock clk (rise edge)
                                  0.000000   16.000000   clock source latency
     2    0.092910    0.000000    0.000000   16.000000 ^ clk (in)
                                                         clk (net)
                      0.025556    0.010454   16.010454 ^ clkbuf_0_clk/I (gf180mcu_fd_sc_mcu7t5v0__clkbuf_16)
     8    0.205666    0.162120    0.208070   16.218523 ^ clkbuf_0_clk/Z (gf180mcu_fd_sc_mcu7t5v0__clkbuf_16)
                                                         clknet_0_clk (net)
                      0.163657    0.010587   16.229111 ^ clkbuf_3_4_0_clk/I (gf180mcu_fd_sc_mcu7t5v0__clkbuf_8)
    14    0.100143    0.160217    0.231429   16.460541 ^ clkbuf_3_4_0_clk/Z (gf180mcu_fd_sc_mcu7t5v0__clkbuf_8)
                                                         clknet_3_4_0_clk (net)
                      0.160558    0.006859   16.467398 ^ _841_/CLK (gf180mcu_fd_sc_mcu7t5v0__dffrnq_1)
                                 -0.250000   16.217400   clock uncertainty
                                  0.000000   16.217400   clock reconvergence pessimism
                                 -0.229402   15.987997   library setup time
                                             15.987997   data required time
---------------------------------------------------------------------------------------------
                                             15.987997   data required time
                                             -7.398219   data arrival time
---------------------------------------------------------------------------------------------
                                              8.589778   slack (MET)


Startpoint: core_din_ready_i (input port clocked by clk)
Endpoint: _843_ (rising edge-triggered flip-flop clocked by clk)
Path Group: clk
Path Type: max

Fanout         Cap        Slew       Delay        Time   Description
---------------------------------------------------------------------------------------------
                                  0.000000    0.000000   clock clk (rise edge)
                                  0.000000    0.000000   clock network delay (propagated)
                                  3.200000    3.200000 v input external delay
     2    0.005392    0.018393    0.004703    3.204703 v core_din_ready_i (in)
                                                         core_din_ready_i (net)
                      0.018393    0.000000    3.204703 v input1/I (gf180mcu_fd_sc_mcu7t5v0__dlyb_1)
     1    0.094091    0.646477    0.965558    4.170261 v input1/Z (gf180mcu_fd_sc_mcu7t5v0__dlyb_1)
                                                         net1 (net)
                      0.648024    0.017943    4.188204 v _448_/A1 (gf180mcu_fd_sc_mcu7t5v0__nand2_1)
     2    0.010100    0.261928    0.259756    4.447960 ^ _448_/ZN (gf180mcu_fd_sc_mcu7t5v0__nand2_1)
                                                         _165_ (net)
                      0.261928    0.000087    4.448048 ^ _449_/I (gf180mcu_fd_sc_mcu7t5v0__clkinv_1)
     1    0.005178    0.118442    0.097507    4.545555 v _449_/ZN (gf180mcu_fd_sc_mcu7t5v0__clkinv_1)
                                                         _166_ (net)
                      0.118442    0.000097    4.545652 v _451_/A2 (gf180mcu_fd_sc_mcu7t5v0__oai21_1)
     5    0.051442    1.013460    0.628884    5.174537 ^ _451_/ZN (gf180mcu_fd_sc_mcu7t5v0__oai21_1)
                                                         _167_ (net)
                      1.013460    0.000496    5.175033 ^ _452_/I (gf180mcu_fd_sc_mcu7t5v0__clkinv_1)
     9    0.077908    0.882401    0.722837    5.897870 v _452_/ZN (gf180mcu_fd_sc_mcu7t5v0__clkinv_1)
                                                         net96 (net)
                      0.882408    0.001342    5.899211 v _565_/A4 (gf180mcu_fd_sc_mcu7t5v0__nand4_1)
     1    0.068419    1.204909    0.959282    6.858493 ^ _565_/ZN (gf180mcu_fd_sc_mcu7t5v0__nand4_1)
                                                         _249_ (net)
                      1.204936    0.008598    6.867091 ^ wire114/I (gf180mcu_fd_sc_mcu7t5v0__buf_4)
    13    0.121652    0.350899    0.305844    7.172935 ^ wire114/Z (gf180mcu_fd_sc_mcu7t5v0__buf_4)
                                                         net114 (net)
                      0.352037    0.011215    7.184151 ^ _571_/A2 (gf180mcu_fd_sc_mcu7t5v0__nand2_1)
     1    0.005864    0.138799    0.085207    7.269358 v _571_/ZN (gf180mcu_fd_sc_mcu7t5v0__nand2_1)
                                                         _252_ (net)
                      0.138799    0.000063    7.269421 v _572_/B (gf180mcu_fd_sc_mcu7t5v0__oai21_1)
     1    0.004499    0.245243    0.142304    7.411725 ^ _572_/ZN (gf180mcu_fd_sc_mcu7t5v0__oai21_1)
                                                         _020_ (net)
                      0.245243    0.000083    7.411808 ^ _843_/D (gf180mcu_fd_sc_mcu7t5v0__dffrnq_1)
                                              7.411808   data arrival time

                                 16.000000   16.000000   clock clk (rise edge)
                                  0.000000   16.000000   clock source latency
     2    0.092910    0.000000    0.000000   16.000000 ^ clk (in)
                                                         clk (net)
                      0.025556    0.010454   16.010454 ^ clkbuf_0_clk/I (gf180mcu_fd_sc_mcu7t5v0__clkbuf_16)
     8    0.205666    0.162120    0.208070   16.218523 ^ clkbuf_0_clk/Z (gf180mcu_fd_sc_mcu7t5v0__clkbuf_16)
                                                         clknet_0_clk (net)
                      0.163657    0.010587   16.229111 ^ clkbuf_3_4_0_clk/I (gf180mcu_fd_sc_mcu7t5v0__clkbuf_8)
    14    0.100143    0.160217    0.231429   16.460541 ^ clkbuf_3_4_0_clk/Z (gf180mcu_fd_sc_mcu7t5v0__clkbuf_8)
                                                         clknet_3_4_0_clk (net)
                      0.160588    0.007075   16.467615 ^ _843_/CLK (gf180mcu_fd_sc_mcu7t5v0__dffrnq_1)
                                 -0.250000   16.217617   clock uncertainty
                                  0.000000   16.217617   clock reconvergence pessimism
                                 -0.199120   16.018496   library setup time
                                             16.018496   data required time
---------------------------------------------------------------------------------------------
                                             16.018496   data required time
                                             -7.411808   data arrival time
---------------------------------------------------------------------------------------------
                                              8.606688   slack (MET)


Startpoint: core_din_ready_i (input port clocked by clk)
Endpoint: _847_ (rising edge-triggered flip-flop clocked by clk)
Path Group: clk
Path Type: max

Fanout         Cap        Slew       Delay        Time   Description
---------------------------------------------------------------------------------------------
                                  0.000000    0.000000   clock clk (rise edge)
                                  0.000000    0.000000   clock network delay (propagated)
                                  3.200000    3.200000 v input external delay
     2    0.005392    0.018393    0.004703    3.204703 v core_din_ready_i (in)
                                                         core_din_ready_i (net)
                      0.018393    0.000000    3.204703 v input1/I (gf180mcu_fd_sc_mcu7t5v0__dlyb_1)
     1    0.094091    0.646477    0.965558    4.170261 v input1/Z (gf180mcu_fd_sc_mcu7t5v0__dlyb_1)
                                                         net1 (net)
                      0.648024    0.017943    4.188204 v _448_/A1 (gf180mcu_fd_sc_mcu7t5v0__nand2_1)
     2    0.010100    0.261928    0.259756    4.447960 ^ _448_/ZN (gf180mcu_fd_sc_mcu7t5v0__nand2_1)
                                                         _165_ (net)
                      0.261928    0.000087    4.448048 ^ _449_/I (gf180mcu_fd_sc_mcu7t5v0__clkinv_1)
     1    0.005178    0.118442    0.097507    4.545555 v _449_/ZN (gf180mcu_fd_sc_mcu7t5v0__clkinv_1)
                                                         _166_ (net)
                      0.118442    0.000097    4.545652 v _451_/A2 (gf180mcu_fd_sc_mcu7t5v0__oai21_1)
     5    0.051442    1.013460    0.628884    5.174537 ^ _451_/ZN (gf180mcu_fd_sc_mcu7t5v0__oai21_1)
                                                         _167_ (net)
                      1.013460    0.000496    5.175033 ^ _452_/I (gf180mcu_fd_sc_mcu7t5v0__clkinv_1)
     9    0.077908    0.882401    0.722837    5.897870 v _452_/ZN (gf180mcu_fd_sc_mcu7t5v0__clkinv_1)
                                                         net96 (net)
                      0.882408    0.001342    5.899211 v _565_/A4 (gf180mcu_fd_sc_mcu7t5v0__nand4_1)
     1    0.068419    1.204909    0.959282    6.858493 ^ _565_/ZN (gf180mcu_fd_sc_mcu7t5v0__nand4_1)
                                                         _249_ (net)
                      1.204936    0.008598    6.867091 ^ wire114/I (gf180mcu_fd_sc_mcu7t5v0__buf_4)
    13    0.121652    0.350899    0.305844    7.172935 ^ wire114/Z (gf180mcu_fd_sc_mcu7t5v0__buf_4)
                                                         net114 (net)
                      0.351932    0.010569    7.183504 ^ _577_/A2 (gf180mcu_fd_sc_mcu7t5v0__nand2_1)
     1    0.005793    0.138269    0.084648    7.268153 v _577_/ZN (gf180mcu_fd_sc_mcu7t5v0__nand2_1)
                                                         _254_ (net)
                      0.138269    0.000063    7.268216 v _578_/B (gf180mcu_fd_sc_mcu7t5v0__oai21_1)
     1    0.004322    0.228402    0.140931    7.409146 ^ _578_/ZN (gf180mcu_fd_sc_mcu7t5v0__oai21_1)
                                                         _024_ (net)
                      0.228402    0.000085    7.409232 ^ _847_/D (gf180mcu_fd_sc_mcu7t5v0__dffrnq_1)
                                              7.409232   data arrival time

                                 16.000000   16.000000   clock clk (rise edge)
                                  0.000000   16.000000   clock source latency
     2    0.092910    0.000000    0.000000   16.000000 ^ clk (in)
                                                         clk (net)
                      0.025556    0.010454   16.010454 ^ clkbuf_0_clk/I (gf180mcu_fd_sc_mcu7t5v0__clkbuf_16)
     8    0.205666    0.162120    0.208070   16.218523 ^ clkbuf_0_clk/Z (gf180mcu_fd_sc_mcu7t5v0__clkbuf_16)
                                                         clknet_0_clk (net)
                      0.163707    0.010770   16.229294 ^ clkbuf_3_5_0_clk/I (gf180mcu_fd_sc_mcu7t5v0__clkbuf_8)
    14    0.096801    0.155490    0.228182   16.457476 ^ clkbuf_3_5_0_clk/Z (gf180mcu_fd_sc_mcu7t5v0__clkbuf_8)
                                                         clknet_3_5_0_clk (net)
                      0.155990    0.007661   16.465137 ^ _847_/CLK (gf180mcu_fd_sc_mcu7t5v0__dffrnq_1)
                                 -0.250000   16.215137   clock uncertainty
                                  0.000000   16.215137   clock reconvergence pessimism
                                 -0.197469   16.017670   library setup time
                                             16.017670   data required time
---------------------------------------------------------------------------------------------
                                             16.017670   data required time
                                             -7.409232   data arrival time
---------------------------------------------------------------------------------------------
                                              8.608438   slack (MET)


Startpoint: core_din_ready_i (input port clocked by clk)
Endpoint: _846_ (rising edge-triggered flip-flop clocked by clk)
Path Group: clk
Path Type: max

Fanout         Cap        Slew       Delay        Time   Description
---------------------------------------------------------------------------------------------
                                  0.000000    0.000000   clock clk (rise edge)
                                  0.000000    0.000000   clock network delay (propagated)
                                  3.200000    3.200000 v input external delay
     2    0.005392    0.018393    0.004703    3.204703 v core_din_ready_i (in)
                                                         core_din_ready_i (net)
                      0.018393    0.000000    3.204703 v input1/I (gf180mcu_fd_sc_mcu7t5v0__dlyb_1)
     1    0.094091    0.646477    0.965558    4.170261 v input1/Z (gf180mcu_fd_sc_mcu7t5v0__dlyb_1)
                                                         net1 (net)
                      0.648024    0.017943    4.188204 v _448_/A1 (gf180mcu_fd_sc_mcu7t5v0__nand2_1)
     2    0.010100    0.261928    0.259756    4.447960 ^ _448_/ZN (gf180mcu_fd_sc_mcu7t5v0__nand2_1)
                                                         _165_ (net)
                      0.261928    0.000087    4.448048 ^ _449_/I (gf180mcu_fd_sc_mcu7t5v0__clkinv_1)
     1    0.005178    0.118442    0.097507    4.545555 v _449_/ZN (gf180mcu_fd_sc_mcu7t5v0__clkinv_1)
                                                         _166_ (net)
                      0.118442    0.000097    4.545652 v _451_/A2 (gf180mcu_fd_sc_mcu7t5v0__oai21_1)
     5    0.051442    1.013460    0.628884    5.174537 ^ _451_/ZN (gf180mcu_fd_sc_mcu7t5v0__oai21_1)
                                                         _167_ (net)
                      1.013460    0.000496    5.175033 ^ _452_/I (gf180mcu_fd_sc_mcu7t5v0__clkinv_1)
     9    0.077908    0.882401    0.722837    5.897870 v _452_/ZN (gf180mcu_fd_sc_mcu7t5v0__clkinv_1)
                                                         net96 (net)
                      0.882408    0.001342    5.899211 v _565_/A4 (gf180mcu_fd_sc_mcu7t5v0__nand4_1)
     1    0.068419    1.204909    0.959282    6.858493 ^ _565_/ZN (gf180mcu_fd_sc_mcu7t5v0__nand4_1)
                                                         _249_ (net)
                      1.204936    0.008598    6.867091 ^ wire114/I (gf180mcu_fd_sc_mcu7t5v0__buf_4)
    13    0.121652    0.350899    0.305844    7.172935 ^ wire114/Z (gf180mcu_fd_sc_mcu7t5v0__buf_4)
                                                         net114 (net)
                      0.351635    0.008610    7.181545 ^ _575_/A2 (gf180mcu_fd_sc_mcu7t5v0__nand2_1)
     1    0.005268    0.134478    0.080528    7.262073 v _575_/ZN (gf180mcu_fd_sc_mcu7t5v0__nand2_1)
                                                         _253_ (net)
                      0.134478    0.000054    7.262126 v _576_/B (gf180mcu_fd_sc_mcu7t5v0__oai21_1)
     1    0.003850    0.290910    0.136520    7.398646 ^ _576_/ZN (gf180mcu_fd_sc_mcu7t5v0__oai21_1)
                                                         _023_ (net)
                      0.290910    0.000039    7.398685 ^ _846_/D (gf180mcu_fd_sc_mcu7t5v0__dffrnq_1)
                                              7.398685   data arrival time

                                 16.000000   16.000000   clock clk (rise edge)
                                  0.000000   16.000000   clock source latency
     2    0.092910    0.000000    0.000000   16.000000 ^ clk (in)
                                                         clk (net)
                      0.025556    0.010454   16.010454 ^ clkbuf_0_clk/I (gf180mcu_fd_sc_mcu7t5v0__clkbuf_16)
     8    0.205666    0.162120    0.208070   16.218523 ^ clkbuf_0_clk/Z (gf180mcu_fd_sc_mcu7t5v0__clkbuf_16)
                                                         clknet_0_clk (net)
                      0.163707    0.010770   16.229294 ^ clkbuf_3_5_0_clk/I (gf180mcu_fd_sc_mcu7t5v0__clkbuf_8)
    14    0.096801    0.155490    0.228182   16.457476 ^ clkbuf_3_5_0_clk/Z (gf180mcu_fd_sc_mcu7t5v0__clkbuf_8)
                                                         clknet_3_5_0_clk (net)
                      0.155836    0.006681   16.464157 ^ _846_/CLK (gf180mcu_fd_sc_mcu7t5v0__dffrnq_1)
                                 -0.250000   16.214157   clock uncertainty
                                  0.000000   16.214157   clock reconvergence pessimism
                                 -0.206573   16.007586   library setup time
                                             16.007586   data required time
---------------------------------------------------------------------------------------------
                                             16.007586   data required time
                                             -7.398685   data arrival time
---------------------------------------------------------------------------------------------
                                              8.608900   slack (MET)


Startpoint: core_din_ready_i (input port clocked by clk)
Endpoint: _779_ (rising edge-triggered flip-flop clocked by clk)
Path Group: clk
Path Type: max

Fanout         Cap        Slew       Delay        Time   Description
---------------------------------------------------------------------------------------------
                                  0.000000    0.000000   clock clk (rise edge)
                                  0.000000    0.000000   clock network delay (propagated)
                                  3.200000    3.200000 ^ input external delay
     2    0.005392    0.036613    0.009594    3.209594 ^ core_din_ready_i (in)
                                                         core_din_ready_i (net)
                      0.036613    0.000000    3.209594 ^ input1/I (gf180mcu_fd_sc_mcu7t5v0__dlyb_1)
     1    0.094091    1.030173    1.064863    4.274457 ^ input1/Z (gf180mcu_fd_sc_mcu7t5v0__dlyb_1)
                                                         net1 (net)
                      1.031154    0.017976    4.292432 ^ _448_/A1 (gf180mcu_fd_sc_mcu7t5v0__nand2_1)
     2    0.010100    0.317835    0.153878    4.446310 v _448_/ZN (gf180mcu_fd_sc_mcu7t5v0__nand2_1)
                                                         _165_ (net)
                      0.317835    0.000087    4.446398 v _449_/I (gf180mcu_fd_sc_mcu7t5v0__clkinv_1)
     1    0.005178    0.135877    0.121387    4.567785 ^ _449_/ZN (gf180mcu_fd_sc_mcu7t5v0__clkinv_1)
                                                         _166_ (net)
                      0.135877    0.000097    4.567882 ^ _451_/A2 (gf180mcu_fd_sc_mcu7t5v0__oai21_1)
     5    0.051442    0.553716    0.356275    4.924157 v _451_/ZN (gf180mcu_fd_sc_mcu7t5v0__oai21_1)
                                                         _167_ (net)
                      0.553716    0.000324    4.924481 v _624_/A3 (gf180mcu_fd_sc_mcu7t5v0__or3_1)
     4    0.064698    0.497734    0.774924    5.699405 v _624_/Z (gf180mcu_fd_sc_mcu7t5v0__or3_1)
                                                         _280_ (net)
                      0.497737    0.000718    5.700122 v load_slew117/I (gf180mcu_fd_sc_mcu7t5v0__buf_4)
     3    0.109155    0.196401    0.338185    6.038308 v load_slew117/Z (gf180mcu_fd_sc_mcu7t5v0__buf_4)
                                                         net117 (net)
                      0.201525    0.018052    6.056360 v fanout115/I (gf180mcu_fd_sc_mcu7t5v0__dlyb_1)
     6    0.051333    0.395842    0.857353    6.913713 v fanout115/Z (gf180mcu_fd_sc_mcu7t5v0__dlyb_1)
                                                         net115 (net)
                      0.395846    0.000908    6.914621 v load_slew116/I (gf180mcu_fd_sc_mcu7t5v0__buf_4)
    11    0.107664    0.194539    0.319268    7.233889 v load_slew116/Z (gf180mcu_fd_sc_mcu7t5v0__buf_4)
                                                         net116 (net)
                      0.194656    0.002672    7.236561 v _630_/A2 (gf180mcu_fd_sc_mcu7t5v0__nand2_1)
     1    0.005456    0.141918    0.134292    7.370852 ^ _630_/ZN (gf180mcu_fd_sc_mcu7t5v0__nand2_1)
                                                         _283_ (net)
                      0.141918    0.000104    7.370957 ^ _631_/B (gf180mcu_fd_sc_mcu7t5v0__oai21_1)
     1    0.003743    0.255018    0.102408    7.473365 v _631_/ZN (gf180mcu_fd_sc_mcu7t5v0__oai21_1)
                                                         _048_ (net)
                      0.255018    0.000036    7.473402 v _779_/D (gf180mcu_fd_sc_mcu7t5v0__dffrnq_1)
                                              7.473402   data arrival time

                                 16.000000   16.000000   clock clk (rise edge)
                                  0.000000   16.000000   clock source latency
     2    0.092910    0.000000    0.000000   16.000000 ^ clk (in)
                                                         clk (net)
                      0.025556    0.010454   16.010454 ^ clkbuf_0_clk/I (gf180mcu_fd_sc_mcu7t5v0__clkbuf_16)
     8    0.205666    0.162120    0.208070   16.218523 ^ clkbuf_0_clk/Z (gf180mcu_fd_sc_mcu7t5v0__clkbuf_16)
                                                         clknet_0_clk (net)
                      0.163707    0.010770   16.229294 ^ clkbuf_3_5_0_clk/I (gf180mcu_fd_sc_mcu7t5v0__clkbuf_8)
    14    0.096801    0.155490    0.228182   16.457476 ^ clkbuf_3_5_0_clk/Z (gf180mcu_fd_sc_mcu7t5v0__clkbuf_8)
                                                         clknet_3_5_0_clk (net)
                      0.156017    0.007821   16.465298 ^ _779_/CLK (gf180mcu_fd_sc_mcu7t5v0__dffrnq_1)
                                 -0.250000   16.215298   clock uncertainty
                                  0.000000   16.215298   clock reconvergence pessimism
                                 -0.121513   16.093784   library setup time
                                             16.093784   data required time
---------------------------------------------------------------------------------------------
                                             16.093784   data required time
                                             -7.473402   data arrival time
---------------------------------------------------------------------------------------------
                                              8.620383   slack (MET)


Startpoint: core_din_ready_i (input port clocked by clk)
Endpoint: _819_ (rising edge-triggered flip-flop clocked by clk)
Path Group: clk
Path Type: max

Fanout         Cap        Slew       Delay        Time   Description
---------------------------------------------------------------------------------------------
                                  0.000000    0.000000   clock clk (rise edge)
                                  0.000000    0.000000   clock network delay (propagated)
                                  3.200000    3.200000 v input external delay
     2    0.005392    0.018393    0.004703    3.204703 v core_din_ready_i (in)
                                                         core_din_ready_i (net)
                      0.018393    0.000000    3.204703 v input1/I (gf180mcu_fd_sc_mcu7t5v0__dlyb_1)
     1    0.094091    0.646477    0.965558    4.170261 v input1/Z (gf180mcu_fd_sc_mcu7t5v0__dlyb_1)
                                                         net1 (net)
                      0.648024    0.017943    4.188204 v _448_/A1 (gf180mcu_fd_sc_mcu7t5v0__nand2_1)
     2    0.010100    0.261928    0.259756    4.447960 ^ _448_/ZN (gf180mcu_fd_sc_mcu7t5v0__nand2_1)
                                                         _165_ (net)
                      0.261928    0.000087    4.448048 ^ _449_/I (gf180mcu_fd_sc_mcu7t5v0__clkinv_1)
     1    0.005178    0.118442    0.097507    4.545555 v _449_/ZN (gf180mcu_fd_sc_mcu7t5v0__clkinv_1)
                                                         _166_ (net)
                      0.118442    0.000097    4.545652 v _451_/A2 (gf180mcu_fd_sc_mcu7t5v0__oai21_1)
     5    0.051442    1.013460    0.628884    5.174537 ^ _451_/ZN (gf180mcu_fd_sc_mcu7t5v0__oai21_1)
                                                         _167_ (net)
                      1.013460    0.000496    5.175033 ^ _452_/I (gf180mcu_fd_sc_mcu7t5v0__clkinv_1)
     9    0.077908    0.882401    0.722837    5.897870 v _452_/ZN (gf180mcu_fd_sc_mcu7t5v0__clkinv_1)
                                                         net96 (net)
                      0.882433    0.002990    5.900859 v _732_/A2 (gf180mcu_fd_sc_mcu7t5v0__oai211_1)
    16    0.109048    2.082722    1.346785    7.247644 ^ _732_/ZN (gf180mcu_fd_sc_mcu7t5v0__oai211_1)
                                                         _350_ (net)
                      2.082779    0.006084    7.253728 ^ _749_/S (gf180mcu_fd_sc_mcu7t5v0__mux2_2)
     1    0.003716    0.103350    0.169616    7.423344 ^ _749_/Z (gf180mcu_fd_sc_mcu7t5v0__mux2_2)
                                                         _088_ (net)
                      0.103350    0.000037    7.423381 ^ _819_/D (gf180mcu_fd_sc_mcu7t5v0__dffrnq_1)
                                              7.423381   data arrival time

                                 16.000000   16.000000   clock clk (rise edge)
                                  0.000000   16.000000   clock source latency
     2    0.092910    0.000000    0.000000   16.000000 ^ clk (in)
                                                         clk (net)
                      0.025556    0.010454   16.010454 ^ clkbuf_0_clk/I (gf180mcu_fd_sc_mcu7t5v0__clkbuf_16)
     8    0.205666    0.162120    0.208070   16.218523 ^ clkbuf_0_clk/Z (gf180mcu_fd_sc_mcu7t5v0__clkbuf_16)
                                                         clknet_0_clk (net)
                      0.163389    0.009562   16.228086 ^ clkbuf_3_2_0_clk/I (gf180mcu_fd_sc_mcu7t5v0__clkbuf_8)
    12    0.104111    0.165820    0.235270   16.463356 ^ clkbuf_3_2_0_clk/Z (gf180mcu_fd_sc_mcu7t5v0__clkbuf_8)
                                                         clknet_3_2_0_clk (net)
                      0.165958    0.005151   16.468508 ^ _819_/CLK (gf180mcu_fd_sc_mcu7t5v0__dffrnq_1)
                                 -0.250000   16.218508   clock uncertainty
                                  0.000000   16.218508   clock reconvergence pessimism
                                 -0.169151   16.049356   library setup time
                                             16.049356   data required time
---------------------------------------------------------------------------------------------
                                             16.049356   data required time
                                             -7.423381   data arrival time
---------------------------------------------------------------------------------------------
                                              8.625975   slack (MET)


Startpoint: core_din_ready_i (input port clocked by clk)
Endpoint: _845_ (rising edge-triggered flip-flop clocked by clk)
Path Group: clk
Path Type: max

Fanout         Cap        Slew       Delay        Time   Description
---------------------------------------------------------------------------------------------
                                  0.000000    0.000000   clock clk (rise edge)
                                  0.000000    0.000000   clock network delay (propagated)
                                  3.200000    3.200000 v input external delay
     2    0.005392    0.018393    0.004703    3.204703 v core_din_ready_i (in)
                                                         core_din_ready_i (net)
                      0.018393    0.000000    3.204703 v input1/I (gf180mcu_fd_sc_mcu7t5v0__dlyb_1)
     1    0.094091    0.646477    0.965558    4.170261 v input1/Z (gf180mcu_fd_sc_mcu7t5v0__dlyb_1)
                                                         net1 (net)
                      0.648024    0.017943    4.188204 v _448_/A1 (gf180mcu_fd_sc_mcu7t5v0__nand2_1)
     2    0.010100    0.261928    0.259756    4.447960 ^ _448_/ZN (gf180mcu_fd_sc_mcu7t5v0__nand2_1)
                                                         _165_ (net)
                      0.261928    0.000087    4.448048 ^ _449_/I (gf180mcu_fd_sc_mcu7t5v0__clkinv_1)
     1    0.005178    0.118442    0.097507    4.545555 v _449_/ZN (gf180mcu_fd_sc_mcu7t5v0__clkinv_1)
                                                         _166_ (net)
                      0.118442    0.000097    4.545652 v _451_/A2 (gf180mcu_fd_sc_mcu7t5v0__oai21_1)
     5    0.051442    1.013460    0.628884    5.174537 ^ _451_/ZN (gf180mcu_fd_sc_mcu7t5v0__oai21_1)
                                                         _167_ (net)
                      1.013460    0.000496    5.175033 ^ _452_/I (gf180mcu_fd_sc_mcu7t5v0__clkinv_1)
     9    0.077908    0.882401    0.722837    5.897870 v _452_/ZN (gf180mcu_fd_sc_mcu7t5v0__clkinv_1)
                                                         net96 (net)
                      0.882408    0.001342    5.899211 v _565_/A4 (gf180mcu_fd_sc_mcu7t5v0__nand4_1)
     1    0.068419    1.204909    0.959282    6.858493 ^ _565_/ZN (gf180mcu_fd_sc_mcu7t5v0__nand4_1)
                                                         _249_ (net)
                      1.204936    0.008598    6.867091 ^ wire114/I (gf180mcu_fd_sc_mcu7t5v0__buf_4)
    13    0.121652    0.350899    0.305844    7.172935 ^ wire114/Z (gf180mcu_fd_sc_mcu7t5v0__buf_4)
                                                         net114 (net)
                      0.352009    0.011043    7.183978 ^ _574_/S (gf180mcu_fd_sc_mcu7t5v0__mux2_2)
     1    0.004594    0.096586    0.189069    7.373047 ^ _574_/Z (gf180mcu_fd_sc_mcu7t5v0__mux2_2)
                                                         _022_ (net)
                      0.096586    0.000092    7.373140 ^ _845_/D (gf180mcu_fd_sc_mcu7t5v0__dffrnq_1)
                                              7.373140   data arrival time

                                 16.000000   16.000000   clock clk (rise edge)
                                  0.000000   16.000000   clock source latency
     2    0.092910    0.000000    0.000000   16.000000 ^ clk (in)
                                                         clk (net)
                      0.025556    0.010454   16.010454 ^ clkbuf_0_clk/I (gf180mcu_fd_sc_mcu7t5v0__clkbuf_16)
     8    0.205666    0.162120    0.208070   16.218523 ^ clkbuf_0_clk/Z (gf180mcu_fd_sc_mcu7t5v0__clkbuf_16)
                                                         clknet_0_clk (net)
                      0.163707    0.010770   16.229294 ^ clkbuf_3_5_0_clk/I (gf180mcu_fd_sc_mcu7t5v0__clkbuf_8)
    14    0.096801    0.155490    0.228182   16.457476 ^ clkbuf_3_5_0_clk/Z (gf180mcu_fd_sc_mcu7t5v0__clkbuf_8)
                                                         clknet_3_5_0_clk (net)
                      0.156040    0.007949   16.465425 ^ _845_/CLK (gf180mcu_fd_sc_mcu7t5v0__dffrnq_1)
                                 -0.250000   16.215425   clock uncertainty
                                  0.000000   16.215425   clock reconvergence pessimism
                                 -0.170296   16.045130   library setup time
                                             16.045130   data required time
---------------------------------------------------------------------------------------------
                                             16.045130   data required time
                                             -7.373140   data arrival time
---------------------------------------------------------------------------------------------
                                              8.671990   slack (MET)


Startpoint: core_din_ready_i (input port clocked by clk)
Endpoint: _842_ (rising edge-triggered flip-flop clocked by clk)
Path Group: clk
Path Type: max

Fanout         Cap        Slew       Delay        Time   Description
---------------------------------------------------------------------------------------------
                                  0.000000    0.000000   clock clk (rise edge)
                                  0.000000    0.000000   clock network delay (propagated)
                                  3.200000    3.200000 v input external delay
     2    0.005392    0.018393    0.004703    3.204703 v core_din_ready_i (in)
                                                         core_din_ready_i (net)
                      0.018393    0.000000    3.204703 v input1/I (gf180mcu_fd_sc_mcu7t5v0__dlyb_1)
     1    0.094091    0.646477    0.965558    4.170261 v input1/Z (gf180mcu_fd_sc_mcu7t5v0__dlyb_1)
                                                         net1 (net)
                      0.648024    0.017943    4.188204 v _448_/A1 (gf180mcu_fd_sc_mcu7t5v0__nand2_1)
     2    0.010100    0.261928    0.259756    4.447960 ^ _448_/ZN (gf180mcu_fd_sc_mcu7t5v0__nand2_1)
                                                         _165_ (net)
                      0.261928    0.000087    4.448048 ^ _449_/I (gf180mcu_fd_sc_mcu7t5v0__clkinv_1)
     1    0.005178    0.118442    0.097507    4.545555 v _449_/ZN (gf180mcu_fd_sc_mcu7t5v0__clkinv_1)
                                                         _166_ (net)
                      0.118442    0.000097    4.545652 v _451_/A2 (gf180mcu_fd_sc_mcu7t5v0__oai21_1)
     5    0.051442    1.013460    0.628884    5.174537 ^ _451_/ZN (gf180mcu_fd_sc_mcu7t5v0__oai21_1)
                                                         _167_ (net)
                      1.013460    0.000496    5.175033 ^ _452_/I (gf180mcu_fd_sc_mcu7t5v0__clkinv_1)
     9    0.077908    0.882401    0.722837    5.897870 v _452_/ZN (gf180mcu_fd_sc_mcu7t5v0__clkinv_1)
                                                         net96 (net)
                      0.882408    0.001342    5.899211 v _565_/A4 (gf180mcu_fd_sc_mcu7t5v0__nand4_1)
     1    0.068419    1.204909    0.959282    6.858493 ^ _565_/ZN (gf180mcu_fd_sc_mcu7t5v0__nand4_1)
                                                         _249_ (net)
                      1.204936    0.008598    6.867091 ^ wire114/I (gf180mcu_fd_sc_mcu7t5v0__buf_4)
    13    0.121652    0.350899    0.305844    7.172935 ^ wire114/Z (gf180mcu_fd_sc_mcu7t5v0__buf_4)
                                                         net114 (net)
                      0.351759    0.009457    7.182392 ^ _570_/S (gf180mcu_fd_sc_mcu7t5v0__mux2_2)
     1    0.004914    0.095770    0.190133    7.372525 ^ _570_/Z (gf180mcu_fd_sc_mcu7t5v0__mux2_2)
                                                         _019_ (net)
                      0.095770    0.000091    7.372616 ^ _842_/D (gf180mcu_fd_sc_mcu7t5v0__dffrnq_1)
                                              7.372616   data arrival time

                                 16.000000   16.000000   clock clk (rise edge)
                                  0.000000   16.000000   clock source latency
     2    0.092910    0.000000    0.000000   16.000000 ^ clk (in)
                                                         clk (net)
                      0.025556    0.010454   16.010454 ^ clkbuf_0_clk/I (gf180mcu_fd_sc_mcu7t5v0__clkbuf_16)
     8    0.205666    0.162120    0.208070   16.218523 ^ clkbuf_0_clk/Z (gf180mcu_fd_sc_mcu7t5v0__clkbuf_16)
                                                         clknet_0_clk (net)
                      0.163707    0.010770   16.229294 ^ clkbuf_3_5_0_clk/I (gf180mcu_fd_sc_mcu7t5v0__clkbuf_8)
    14    0.096801    0.155490    0.228182   16.457476 ^ clkbuf_3_5_0_clk/Z (gf180mcu_fd_sc_mcu7t5v0__clkbuf_8)
                                                         clknet_3_5_0_clk (net)
                      0.156055    0.008034   16.465509 ^ _842_/CLK (gf180mcu_fd_sc_mcu7t5v0__dffrnq_1)
                                 -0.250000   16.215511   clock uncertainty
                                  0.000000   16.215511   clock reconvergence pessimism
                                 -0.170191   16.045321   library setup time
                                             16.045321   data required time
---------------------------------------------------------------------------------------------
                                             16.045321   data required time
                                             -7.372616   data arrival time
---------------------------------------------------------------------------------------------
                                              8.672705   slack (MET)


Startpoint: core_din_ready_i (input port clocked by clk)
Endpoint: _844_ (rising edge-triggered flip-flop clocked by clk)
Path Group: clk
Path Type: max

Fanout         Cap        Slew       Delay        Time   Description
---------------------------------------------------------------------------------------------
                                  0.000000    0.000000   clock clk (rise edge)
                                  0.000000    0.000000   clock network delay (propagated)
                                  3.200000    3.200000 v input external delay
     2    0.005392    0.018393    0.004703    3.204703 v core_din_ready_i (in)
                                                         core_din_ready_i (net)
                      0.018393    0.000000    3.204703 v input1/I (gf180mcu_fd_sc_mcu7t5v0__dlyb_1)
     1    0.094091    0.646477    0.965558    4.170261 v input1/Z (gf180mcu_fd_sc_mcu7t5v0__dlyb_1)
                                                         net1 (net)
                      0.648024    0.017943    4.188204 v _448_/A1 (gf180mcu_fd_sc_mcu7t5v0__nand2_1)
     2    0.010100    0.261928    0.259756    4.447960 ^ _448_/ZN (gf180mcu_fd_sc_mcu7t5v0__nand2_1)
                                                         _165_ (net)
                      0.261928    0.000087    4.448048 ^ _449_/I (gf180mcu_fd_sc_mcu7t5v0__clkinv_1)
     1    0.005178    0.118442    0.097507    4.545555 v _449_/ZN (gf180mcu_fd_sc_mcu7t5v0__clkinv_1)
                                                         _166_ (net)
                      0.118442    0.000097    4.545652 v _451_/A2 (gf180mcu_fd_sc_mcu7t5v0__oai21_1)
     5    0.051442    1.013460    0.628884    5.174537 ^ _451_/ZN (gf180mcu_fd_sc_mcu7t5v0__oai21_1)
                                                         _167_ (net)
                      1.013460    0.000496    5.175033 ^ _452_/I (gf180mcu_fd_sc_mcu7t5v0__clkinv_1)
     9    0.077908    0.882401    0.722837    5.897870 v _452_/ZN (gf180mcu_fd_sc_mcu7t5v0__clkinv_1)
                                                         net96 (net)
                      0.882408    0.001342    5.899211 v _565_/A4 (gf180mcu_fd_sc_mcu7t5v0__nand4_1)
     1    0.068419    1.204909    0.959282    6.858493 ^ _565_/ZN (gf180mcu_fd_sc_mcu7t5v0__nand4_1)
                                                         _249_ (net)
                      1.204936    0.008598    6.867091 ^ wire114/I (gf180mcu_fd_sc_mcu7t5v0__buf_4)
    13    0.121652    0.350899    0.305844    7.172935 ^ wire114/Z (gf180mcu_fd_sc_mcu7t5v0__buf_4)
                                                         net114 (net)
                      0.352030    0.011171    7.184106 ^ _573_/S (gf180mcu_fd_sc_mcu7t5v0__mux2_2)
     1    0.005200    0.093345    0.191124    7.375230 ^ _573_/Z (gf180mcu_fd_sc_mcu7t5v0__mux2_2)
                                                         _021_ (net)
                      0.093345    0.000101    7.375331 ^ _844_/D (gf180mcu_fd_sc_mcu7t5v0__dffrnq_1)
                                              7.375331   data arrival time

                                 16.000000   16.000000   clock clk (rise edge)
                                  0.000000   16.000000   clock source latency
     2    0.092910    0.000000    0.000000   16.000000 ^ clk (in)
                                                         clk (net)
                      0.025556    0.010454   16.010454 ^ clkbuf_0_clk/I (gf180mcu_fd_sc_mcu7t5v0__clkbuf_16)
     8    0.205666    0.162120    0.208070   16.218523 ^ clkbuf_0_clk/Z (gf180mcu_fd_sc_mcu7t5v0__clkbuf_16)
                                                         clknet_0_clk (net)
                      0.163657    0.010587   16.229111 ^ clkbuf_3_4_0_clk/I (gf180mcu_fd_sc_mcu7t5v0__clkbuf_8)
    14    0.100143    0.160217    0.231429   16.460541 ^ clkbuf_3_4_0_clk/Z (gf180mcu_fd_sc_mcu7t5v0__clkbuf_8)
                                                         clknet_3_4_0_clk (net)
                      0.160608    0.007214   16.467754 ^ _844_/CLK (gf180mcu_fd_sc_mcu7t5v0__dffrnq_1)
                                 -0.250000   16.217754   clock uncertainty
                                  0.000000   16.217754   clock reconvergence pessimism
                                 -0.168880   16.048874   library setup time
                                             16.048874   data required time
---------------------------------------------------------------------------------------------
                                             16.048874   data required time
                                             -7.375331   data arrival time
---------------------------------------------------------------------------------------------
                                              8.673544   slack (MET)


Startpoint: core_din_ready_i (input port clocked by clk)
Endpoint: _804_ (rising edge-triggered flip-flop clocked by clk)
Path Group: clk
Path Type: max

Fanout         Cap        Slew       Delay        Time   Description
---------------------------------------------------------------------------------------------
                                  0.000000    0.000000   clock clk (rise edge)
                                  0.000000    0.000000   clock network delay (propagated)
                                  3.200000    3.200000 v input external delay
     2    0.005392    0.018393    0.004703    3.204703 v core_din_ready_i (in)
                                                         core_din_ready_i (net)
                      0.018393    0.000000    3.204703 v input1/I (gf180mcu_fd_sc_mcu7t5v0__dlyb_1)
     1    0.094091    0.646477    0.965558    4.170261 v input1/Z (gf180mcu_fd_sc_mcu7t5v0__dlyb_1)
                                                         net1 (net)
                      0.648024    0.017943    4.188204 v _448_/A1 (gf180mcu_fd_sc_mcu7t5v0__nand2_1)
     2    0.010100    0.261928    0.259756    4.447960 ^ _448_/ZN (gf180mcu_fd_sc_mcu7t5v0__nand2_1)
                                                         _165_ (net)
                      0.261928    0.000087    4.448048 ^ _449_/I (gf180mcu_fd_sc_mcu7t5v0__clkinv_1)
     1    0.005178    0.118442    0.097507    4.545555 v _449_/ZN (gf180mcu_fd_sc_mcu7t5v0__clkinv_1)
                                                         _166_ (net)
                      0.118442    0.000097    4.545652 v _451_/A2 (gf180mcu_fd_sc_mcu7t5v0__oai21_1)
     5    0.051442    1.013460    0.628884    5.174537 ^ _451_/ZN (gf180mcu_fd_sc_mcu7t5v0__oai21_1)
                                                         _167_ (net)
                      1.013460    0.000496    5.175033 ^ _452_/I (gf180mcu_fd_sc_mcu7t5v0__clkinv_1)
     9    0.077908    0.882401    0.722837    5.897870 v _452_/ZN (gf180mcu_fd_sc_mcu7t5v0__clkinv_1)
                                                         net96 (net)
                      0.882458    0.003987    5.901856 v _672_/A2 (gf180mcu_fd_sc_mcu7t5v0__nand2_1)
    13    0.104748    1.266190    0.995596    6.897452 ^ _672_/ZN (gf180mcu_fd_sc_mcu7t5v0__nand2_1)
                                                         _307_ (net)
                      1.266205    0.002459    6.899911 ^ _682_/A2 (gf180mcu_fd_sc_mcu7t5v0__nand2_1)
     1    0.011274    0.345430    0.110451    7.010362 v _682_/ZN (gf180mcu_fd_sc_mcu7t5v0__nand2_1)
                                                         _311_ (net)
                      0.345430    0.000316    7.010678 v _683_/B (gf180mcu_fd_sc_mcu7t5v0__oai21_1)
     1    0.005784    0.374518    0.214794    7.225472 ^ _683_/ZN (gf180mcu_fd_sc_mcu7t5v0__oai21_1)
                                                         _073_ (net)
                      0.374518    0.000127    7.225599 ^ _804_/D (gf180mcu_fd_sc_mcu7t5v0__dffrnq_1)
                                              7.225599   data arrival time

                                 16.000000   16.000000   clock clk (rise edge)
                                  0.000000   16.000000   clock source latency
     2    0.092910    0.000000    0.000000   16.000000 ^ clk (in)
                                                         clk (net)
                      0.025556    0.010454   16.010454 ^ clkbuf_0_clk/I (gf180mcu_fd_sc_mcu7t5v0__clkbuf_16)
     8    0.205666    0.162120    0.208070   16.218523 ^ clkbuf_0_clk/Z (gf180mcu_fd_sc_mcu7t5v0__clkbuf_16)
                                                         clknet_0_clk (net)
                      0.163540    0.010152   16.228676 ^ clkbuf_3_0_0_clk/I (gf180mcu_fd_sc_mcu7t5v0__clkbuf_8)
    12    0.099450    0.159395    0.230900   16.459576 ^ clkbuf_3_0_0_clk/Z (gf180mcu_fd_sc_mcu7t5v0__clkbuf_8)
                                                         clknet_3_0_0_clk (net)
                      0.159808    0.007493   16.467068 ^ _804_/CLK (gf180mcu_fd_sc_mcu7t5v0__dffrnq_1)
                                 -0.250000   16.217070   clock uncertainty
                                  0.000000   16.217070   clock reconvergence pessimism
                                 -0.218087   15.998982   library setup time
                                             15.998982   data required time
---------------------------------------------------------------------------------------------
                                             15.998982   data required time
                                             -7.225599   data arrival time
---------------------------------------------------------------------------------------------
                                              8.773382   slack (MET)


Startpoint: core_din_ready_i (input port clocked by clk)
Endpoint: _784_ (rising edge-triggered flip-flop clocked by clk)
Path Group: clk
Path Type: max

Fanout         Cap        Slew       Delay        Time   Description
---------------------------------------------------------------------------------------------
                                  0.000000    0.000000   clock clk (rise edge)
                                  0.000000    0.000000   clock network delay (propagated)
                                  3.200000    3.200000 ^ input external delay
     2    0.005392    0.036613    0.009594    3.209594 ^ core_din_ready_i (in)
                                                         core_din_ready_i (net)
                      0.036613    0.000000    3.209594 ^ input1/I (gf180mcu_fd_sc_mcu7t5v0__dlyb_1)
     1    0.094091    1.030173    1.064863    4.274457 ^ input1/Z (gf180mcu_fd_sc_mcu7t5v0__dlyb_1)
                                                         net1 (net)
                      1.031154    0.017976    4.292432 ^ _448_/A1 (gf180mcu_fd_sc_mcu7t5v0__nand2_1)
     2    0.010100    0.317835    0.153878    4.446310 v _448_/ZN (gf180mcu_fd_sc_mcu7t5v0__nand2_1)
                                                         _165_ (net)
                      0.317835    0.000087    4.446398 v _449_/I (gf180mcu_fd_sc_mcu7t5v0__clkinv_1)
     1    0.005178    0.135877    0.121387    4.567785 ^ _449_/ZN (gf180mcu_fd_sc_mcu7t5v0__clkinv_1)
                                                         _166_ (net)
                      0.135877    0.000097    4.567882 ^ _451_/A2 (gf180mcu_fd_sc_mcu7t5v0__oai21_1)
     5    0.051442    0.553716    0.356275    4.924157 v _451_/ZN (gf180mcu_fd_sc_mcu7t5v0__oai21_1)
                                                         _167_ (net)
                      0.553716    0.000324    4.924481 v _624_/A3 (gf180mcu_fd_sc_mcu7t5v0__or3_1)
     4    0.064698    0.497734    0.774924    5.699405 v _624_/Z (gf180mcu_fd_sc_mcu7t5v0__or3_1)
                                                         _280_ (net)
                      0.497737    0.000718    5.700122 v load_slew117/I (gf180mcu_fd_sc_mcu7t5v0__buf_4)
     3    0.109155    0.196401    0.338185    6.038308 v load_slew117/Z (gf180mcu_fd_sc_mcu7t5v0__buf_4)
                                                         net117 (net)
                      0.201525    0.018052    6.056360 v fanout115/I (gf180mcu_fd_sc_mcu7t5v0__dlyb_1)
     6    0.051333    0.395842    0.857353    6.913713 v fanout115/Z (gf180mcu_fd_sc_mcu7t5v0__dlyb_1)
                                                         net115 (net)
                      0.395943    0.001538    6.915251 v _638_/S (gf180mcu_fd_sc_mcu7t5v0__mux2_2)
     1    0.005358    0.079412    0.321016    7.236267 ^ _638_/Z (gf180mcu_fd_sc_mcu7t5v0__mux2_2)
                                                         _053_ (net)
                      0.079412    0.000069    7.236336 ^ _784_/D (gf180mcu_fd_sc_mcu7t5v0__dffrnq_1)
                                              7.236336   data arrival time

                                 16.000000   16.000000   clock clk (rise edge)
                                  0.000000   16.000000   clock source latency
     2    0.092910    0.000000    0.000000   16.000000 ^ clk (in)
                                                         clk (net)
                      0.025556    0.010454   16.010454 ^ clkbuf_0_clk/I (gf180mcu_fd_sc_mcu7t5v0__clkbuf_16)
     8    0.205666    0.162120    0.208070   16.218523 ^ clkbuf_0_clk/Z (gf180mcu_fd_sc_mcu7t5v0__clkbuf_16)
                                                         clknet_0_clk (net)
                      0.163657    0.010587   16.229111 ^ clkbuf_3_4_0_clk/I (gf180mcu_fd_sc_mcu7t5v0__clkbuf_8)
    14    0.100143    0.160217    0.231429   16.460541 ^ clkbuf_3_4_0_clk/Z (gf180mcu_fd_sc_mcu7t5v0__clkbuf_8)
                                                         clknet_3_4_0_clk (net)
                      0.160564    0.006898   16.467438 ^ _784_/CLK (gf180mcu_fd_sc_mcu7t5v0__dffrnq_1)
                                 -0.250000   16.217438   clock uncertainty
                                  0.000000   16.217438   clock reconvergence pessimism
                                 -0.167225   16.050213   library setup time
                                             16.050213   data required time
---------------------------------------------------------------------------------------------
                                             16.050213   data required time
                                             -7.236336   data arrival time
---------------------------------------------------------------------------------------------
                                              8.813876   slack (MET)


Startpoint: core_din_ready_i (input port clocked by clk)
Endpoint: _776_ (rising edge-triggered flip-flop clocked by clk)
Path Group: clk
Path Type: max

Fanout         Cap        Slew       Delay        Time   Description
---------------------------------------------------------------------------------------------
                                  0.000000    0.000000   clock clk (rise edge)
                                  0.000000    0.000000   clock network delay (propagated)
                                  3.200000    3.200000 ^ input external delay
     2    0.005392    0.036613    0.009594    3.209594 ^ core_din_ready_i (in)
                                                         core_din_ready_i (net)
                      0.036613    0.000000    3.209594 ^ input1/I (gf180mcu_fd_sc_mcu7t5v0__dlyb_1)
     1    0.094091    1.030173    1.064863    4.274457 ^ input1/Z (gf180mcu_fd_sc_mcu7t5v0__dlyb_1)
                                                         net1 (net)
                      1.031154    0.017976    4.292432 ^ _448_/A1 (gf180mcu_fd_sc_mcu7t5v0__nand2_1)
     2    0.010100    0.317835    0.153878    4.446310 v _448_/ZN (gf180mcu_fd_sc_mcu7t5v0__nand2_1)
                                                         _165_ (net)
                      0.317835    0.000087    4.446398 v _449_/I (gf180mcu_fd_sc_mcu7t5v0__clkinv_1)
     1    0.005178    0.135877    0.121387    4.567785 ^ _449_/ZN (gf180mcu_fd_sc_mcu7t5v0__clkinv_1)
                                                         _166_ (net)
                      0.135877    0.000097    4.567882 ^ _451_/A2 (gf180mcu_fd_sc_mcu7t5v0__oai21_1)
     5    0.051442    0.553716    0.356275    4.924157 v _451_/ZN (gf180mcu_fd_sc_mcu7t5v0__oai21_1)
                                                         _167_ (net)
                      0.553716    0.000324    4.924481 v _624_/A3 (gf180mcu_fd_sc_mcu7t5v0__or3_1)
     4    0.064698    0.497734    0.774924    5.699405 v _624_/Z (gf180mcu_fd_sc_mcu7t5v0__or3_1)
                                                         _280_ (net)
                      0.497737    0.000718    5.700122 v load_slew117/I (gf180mcu_fd_sc_mcu7t5v0__buf_4)
     3    0.109155    0.196401    0.338185    6.038308 v load_slew117/Z (gf180mcu_fd_sc_mcu7t5v0__buf_4)
                                                         net117 (net)
                      0.201525    0.018052    6.056360 v fanout115/I (gf180mcu_fd_sc_mcu7t5v0__dlyb_1)
     6    0.051333    0.395842    0.857353    6.913713 v fanout115/Z (gf180mcu_fd_sc_mcu7t5v0__dlyb_1)
                                                         net115 (net)
                      0.395947    0.001698    6.915411 v _625_/A2 (gf180mcu_fd_sc_mcu7t5v0__nand2_1)
     1    0.006294    0.191005    0.196158    7.111569 ^ _625_/ZN (gf180mcu_fd_sc_mcu7t5v0__nand2_1)
                                                         _281_ (net)
                      0.191005    0.000127    7.111695 ^ _626_/B (gf180mcu_fd_sc_mcu7t5v0__oai21_1)
     1    0.003710    0.453041    0.105275    7.216971 v _626_/ZN (gf180mcu_fd_sc_mcu7t5v0__oai21_1)
                                                         _045_ (net)
                      0.453041    0.000037    7.217008 v _776_/D (gf180mcu_fd_sc_mcu7t5v0__dffrnq_1)
                                              7.217008   data arrival time

                                 16.000000   16.000000   clock clk (rise edge)
                                  0.000000   16.000000   clock source latency
     2    0.092910    0.000000    0.000000   16.000000 ^ clk (in)
                                                         clk (net)
                      0.025556    0.010454   16.010454 ^ clkbuf_0_clk/I (gf180mcu_fd_sc_mcu7t5v0__clkbuf_16)
     8    0.205666    0.162120    0.208070   16.218523 ^ clkbuf_0_clk/Z (gf180mcu_fd_sc_mcu7t5v0__clkbuf_16)
                                                         clknet_0_clk (net)
                      0.163657    0.010587   16.229111 ^ clkbuf_3_4_0_clk/I (gf180mcu_fd_sc_mcu7t5v0__clkbuf_8)
    14    0.100143    0.160217    0.231429   16.460541 ^ clkbuf_3_4_0_clk/Z (gf180mcu_fd_sc_mcu7t5v0__clkbuf_8)
                                                         clknet_3_4_0_clk (net)
                      0.160484    0.006281   16.466822 ^ _776_/CLK (gf180mcu_fd_sc_mcu7t5v0__dffrnq_1)
                                 -0.250000   16.216822   clock uncertainty
                                  0.000000   16.216822   clock reconvergence pessimism
                                 -0.170323   16.046499   library setup time
                                             16.046499   data required time
---------------------------------------------------------------------------------------------
                                             16.046499   data required time
                                             -7.217008   data arrival time
---------------------------------------------------------------------------------------------
                                              8.829492   slack (MET)


Startpoint: core_din_ready_i (input port clocked by clk)
Endpoint: _801_ (rising edge-triggered flip-flop clocked by clk)
Path Group: clk
Path Type: max

Fanout         Cap        Slew       Delay        Time   Description
---------------------------------------------------------------------------------------------
                                  0.000000    0.000000   clock clk (rise edge)
                                  0.000000    0.000000   clock network delay (propagated)
                                  3.200000    3.200000 v input external delay
     2    0.005392    0.018393    0.004703    3.204703 v core_din_ready_i (in)
                                                         core_din_ready_i (net)
                      0.018393    0.000000    3.204703 v input1/I (gf180mcu_fd_sc_mcu7t5v0__dlyb_1)
     1    0.094091    0.646477    0.965558    4.170261 v input1/Z (gf180mcu_fd_sc_mcu7t5v0__dlyb_1)
                                                         net1 (net)
                      0.648024    0.017943    4.188204 v _448_/A1 (gf180mcu_fd_sc_mcu7t5v0__nand2_1)
     2    0.010100    0.261928    0.259756    4.447960 ^ _448_/ZN (gf180mcu_fd_sc_mcu7t5v0__nand2_1)
                                                         _165_ (net)
                      0.261928    0.000087    4.448048 ^ _449_/I (gf180mcu_fd_sc_mcu7t5v0__clkinv_1)
     1    0.005178    0.118442    0.097507    4.545555 v _449_/ZN (gf180mcu_fd_sc_mcu7t5v0__clkinv_1)
                                                         _166_ (net)
                      0.118442    0.000097    4.545652 v _451_/A2 (gf180mcu_fd_sc_mcu7t5v0__oai21_1)
     5    0.051442    1.013460    0.628884    5.174537 ^ _451_/ZN (gf180mcu_fd_sc_mcu7t5v0__oai21_1)
                                                         _167_ (net)
                      1.013460    0.000496    5.175033 ^ _452_/I (gf180mcu_fd_sc_mcu7t5v0__clkinv_1)
     9    0.077908    0.882401    0.722837    5.897870 v _452_/ZN (gf180mcu_fd_sc_mcu7t5v0__clkinv_1)
                                                         net96 (net)
                      0.882458    0.003987    5.901856 v _672_/A2 (gf180mcu_fd_sc_mcu7t5v0__nand2_1)
    13    0.104748    1.266190    0.995596    6.897452 ^ _672_/ZN (gf180mcu_fd_sc_mcu7t5v0__nand2_1)
                                                         _307_ (net)
                      1.266201    0.002072    6.899524 ^ _678_/A2 (gf180mcu_fd_sc_mcu7t5v0__nand2_1)
     1    0.007157    0.307956    0.068795    6.968319 v _678_/ZN (gf180mcu_fd_sc_mcu7t5v0__nand2_1)
                                                         _310_ (net)
                      0.307956    0.000150    6.968469 v _679_/B (gf180mcu_fd_sc_mcu7t5v0__oai21_1)
     1    0.004995    0.362458    0.198023    7.166492 ^ _679_/ZN (gf180mcu_fd_sc_mcu7t5v0__oai21_1)
                                                         _070_ (net)
                      0.362458    0.000061    7.166553 ^ _801_/D (gf180mcu_fd_sc_mcu7t5v0__dffrnq_1)
                                              7.166553   data arrival time

                                 16.000000   16.000000   clock clk (rise edge)
                                  0.000000   16.000000   clock source latency
     2    0.092910    0.000000    0.000000   16.000000 ^ clk (in)
                                                         clk (net)
                      0.025556    0.010454   16.010454 ^ clkbuf_0_clk/I (gf180mcu_fd_sc_mcu7t5v0__clkbuf_16)
     8    0.205666    0.162120    0.208070   16.218523 ^ clkbuf_0_clk/Z (gf180mcu_fd_sc_mcu7t5v0__clkbuf_16)
                                                         clknet_0_clk (net)
                      0.163540    0.010152   16.228676 ^ clkbuf_3_0_0_clk/I (gf180mcu_fd_sc_mcu7t5v0__clkbuf_8)
    12    0.099450    0.159395    0.230900   16.459576 ^ clkbuf_3_0_0_clk/Z (gf180mcu_fd_sc_mcu7t5v0__clkbuf_8)
                                                         clknet_3_0_0_clk (net)
                      0.159803    0.007459   16.467035 ^ _801_/CLK (gf180mcu_fd_sc_mcu7t5v0__dffrnq_1)
                                 -0.250000   16.217035   clock uncertainty
                                  0.000000   16.217035   clock reconvergence pessimism
                                 -0.216331   16.000704   library setup time
                                             16.000704   data required time
---------------------------------------------------------------------------------------------
                                             16.000704   data required time
                                             -7.166553   data arrival time
---------------------------------------------------------------------------------------------
                                              8.834151   slack (MET)


Startpoint: core_din_ready_i (input port clocked by clk)
Endpoint: _805_ (rising edge-triggered flip-flop clocked by clk)
Path Group: clk
Path Type: max

Fanout         Cap        Slew       Delay        Time   Description
---------------------------------------------------------------------------------------------
                                  0.000000    0.000000   clock clk (rise edge)
                                  0.000000    0.000000   clock network delay (propagated)
                                  3.200000    3.200000 v input external delay
     2    0.005392    0.018393    0.004703    3.204703 v core_din_ready_i (in)
                                                         core_din_ready_i (net)
                      0.018393    0.000000    3.204703 v input1/I (gf180mcu_fd_sc_mcu7t5v0__dlyb_1)
     1    0.094091    0.646477    0.965558    4.170261 v input1/Z (gf180mcu_fd_sc_mcu7t5v0__dlyb_1)
                                                         net1 (net)
                      0.648024    0.017943    4.188204 v _448_/A1 (gf180mcu_fd_sc_mcu7t5v0__nand2_1)
     2    0.010100    0.261928    0.259756    4.447960 ^ _448_/ZN (gf180mcu_fd_sc_mcu7t5v0__nand2_1)
                                                         _165_ (net)
                      0.261928    0.000087    4.448048 ^ _449_/I (gf180mcu_fd_sc_mcu7t5v0__clkinv_1)
     1    0.005178    0.118442    0.097507    4.545555 v _449_/ZN (gf180mcu_fd_sc_mcu7t5v0__clkinv_1)
                                                         _166_ (net)
                      0.118442    0.000097    4.545652 v _451_/A2 (gf180mcu_fd_sc_mcu7t5v0__oai21_1)
     5    0.051442    1.013460    0.628884    5.174537 ^ _451_/ZN (gf180mcu_fd_sc_mcu7t5v0__oai21_1)
                                                         _167_ (net)
                      1.013460    0.000496    5.175033 ^ _452_/I (gf180mcu_fd_sc_mcu7t5v0__clkinv_1)
     9    0.077908    0.882401    0.722837    5.897870 v _452_/ZN (gf180mcu_fd_sc_mcu7t5v0__clkinv_1)
                                                         net96 (net)
                      0.882458    0.003987    5.901856 v _672_/A2 (gf180mcu_fd_sc_mcu7t5v0__nand2_1)
    13    0.104748    1.266190    0.995596    6.897452 ^ _672_/ZN (gf180mcu_fd_sc_mcu7t5v0__nand2_1)
                                                         _307_ (net)
                      1.266204    0.002341    6.899793 ^ _684_/A2 (gf180mcu_fd_sc_mcu7t5v0__nand2_1)
     1    0.007487    0.312031    0.072828    6.972621 v _684_/ZN (gf180mcu_fd_sc_mcu7t5v0__nand2_1)
                                                         _312_ (net)
                      0.312031    0.000100    6.972721 v _685_/B (gf180mcu_fd_sc_mcu7t5v0__oai21_1)
     1    0.003688    0.340480    0.189752    7.162473 ^ _685_/ZN (gf180mcu_fd_sc_mcu7t5v0__oai21_1)
                                                         _074_ (net)
                      0.340480    0.000037    7.162509 ^ _805_/D (gf180mcu_fd_sc_mcu7t5v0__dffrnq_1)
                                              7.162509   data arrival time

                                 16.000000   16.000000   clock clk (rise edge)
                                  0.000000   16.000000   clock source latency
     2    0.092910    0.000000    0.000000   16.000000 ^ clk (in)
                                                         clk (net)
                      0.025556    0.010454   16.010454 ^ clkbuf_0_clk/I (gf180mcu_fd_sc_mcu7t5v0__clkbuf_16)
     8    0.205666    0.162120    0.208070   16.218523 ^ clkbuf_0_clk/Z (gf180mcu_fd_sc_mcu7t5v0__clkbuf_16)
                                                         clknet_0_clk (net)
                      0.163540    0.010152   16.228676 ^ clkbuf_3_0_0_clk/I (gf180mcu_fd_sc_mcu7t5v0__clkbuf_8)
    12    0.099450    0.159395    0.230900   16.459576 ^ clkbuf_3_0_0_clk/Z (gf180mcu_fd_sc_mcu7t5v0__clkbuf_8)
                                                         clknet_3_0_0_clk (net)
                      0.159766    0.007201   16.466778 ^ _805_/CLK (gf180mcu_fd_sc_mcu7t5v0__dffrnq_1)
                                 -0.250000   16.216778   clock uncertainty
                                  0.000000   16.216778   clock reconvergence pessimism
                                 -0.213135   16.003643   library setup time
                                             16.003643   data required time
---------------------------------------------------------------------------------------------
                                             16.003643   data required time
                                             -7.162509   data arrival time
---------------------------------------------------------------------------------------------
                                              8.841134   slack (MET)


Startpoint: core_din_ready_i (input port clocked by clk)
Endpoint: _798_ (rising edge-triggered flip-flop clocked by clk)
Path Group: clk
Path Type: max

Fanout         Cap        Slew       Delay        Time   Description
---------------------------------------------------------------------------------------------
                                  0.000000    0.000000   clock clk (rise edge)
                                  0.000000    0.000000   clock network delay (propagated)
                                  3.200000    3.200000 v input external delay
     2    0.005392    0.018393    0.004703    3.204703 v core_din_ready_i (in)
                                                         core_din_ready_i (net)
                      0.018393    0.000000    3.204703 v input1/I (gf180mcu_fd_sc_mcu7t5v0__dlyb_1)
     1    0.094091    0.646477    0.965558    4.170261 v input1/Z (gf180mcu_fd_sc_mcu7t5v0__dlyb_1)
                                                         net1 (net)
                      0.648024    0.017943    4.188204 v _448_/A1 (gf180mcu_fd_sc_mcu7t5v0__nand2_1)
     2    0.010100    0.261928    0.259756    4.447960 ^ _448_/ZN (gf180mcu_fd_sc_mcu7t5v0__nand2_1)
                                                         _165_ (net)
                      0.261928    0.000087    4.448048 ^ _449_/I (gf180mcu_fd_sc_mcu7t5v0__clkinv_1)
     1    0.005178    0.118442    0.097507    4.545555 v _449_/ZN (gf180mcu_fd_sc_mcu7t5v0__clkinv_1)
                                                         _166_ (net)
                      0.118442    0.000097    4.545652 v _451_/A2 (gf180mcu_fd_sc_mcu7t5v0__oai21_1)
     5    0.051442    1.013460    0.628884    5.174537 ^ _451_/ZN (gf180mcu_fd_sc_mcu7t5v0__oai21_1)
                                                         _167_ (net)
                      1.013460    0.000496    5.175033 ^ _452_/I (gf180mcu_fd_sc_mcu7t5v0__clkinv_1)
     9    0.077908    0.882401    0.722837    5.897870 v _452_/ZN (gf180mcu_fd_sc_mcu7t5v0__clkinv_1)
                                                         net96 (net)
                      0.882458    0.003987    5.901856 v _672_/A2 (gf180mcu_fd_sc_mcu7t5v0__nand2_1)
    13    0.104748    1.266190    0.995596    6.897452 ^ _672_/ZN (gf180mcu_fd_sc_mcu7t5v0__nand2_1)
                                                         _307_ (net)
                      1.266190    0.000794    6.898246 ^ _673_/A2 (gf180mcu_fd_sc_mcu7t5v0__nand2_1)
     1    0.006081    0.294976    0.055391    6.953637 v _673_/ZN (gf180mcu_fd_sc_mcu7t5v0__nand2_1)
                                                         _308_ (net)
                      0.294976    0.000068    6.953705 v _674_/B (gf180mcu_fd_sc_mcu7t5v0__oai21_1)
     1    0.004356    0.479245    0.189506    7.143211 ^ _674_/ZN (gf180mcu_fd_sc_mcu7t5v0__oai21_1)
                                                         _067_ (net)
                      0.479245    0.000086    7.143297 ^ _798_/D (gf180mcu_fd_sc_mcu7t5v0__dffrnq_1)
                                              7.143297   data arrival time

                                 16.000000   16.000000   clock clk (rise edge)
                                  0.000000   16.000000   clock source latency
     2    0.092910    0.000000    0.000000   16.000000 ^ clk (in)
                                                         clk (net)
                      0.025556    0.010454   16.010454 ^ clkbuf_0_clk/I (gf180mcu_fd_sc_mcu7t5v0__clkbuf_16)
     8    0.205666    0.162120    0.208070   16.218523 ^ clkbuf_0_clk/Z (gf180mcu_fd_sc_mcu7t5v0__clkbuf_16)
                                                         clknet_0_clk (net)
                      0.163506    0.010019   16.228542 ^ clkbuf_3_1_0_clk/I (gf180mcu_fd_sc_mcu7t5v0__clkbuf_8)
    16    0.119720    0.182888    0.245032   16.473576 ^ clkbuf_3_1_0_clk/Z (gf180mcu_fd_sc_mcu7t5v0__clkbuf_8)
                                                         clknet_3_1_0_clk (net)
                      0.184091    0.008711   16.482286 ^ _798_/CLK (gf180mcu_fd_sc_mcu7t5v0__dffrnq_1)
                                 -0.250000   16.232286   clock uncertainty
                                  0.000000   16.232286   clock reconvergence pessimism
                                 -0.225524   16.006763   library setup time
                                             16.006763   data required time
---------------------------------------------------------------------------------------------
                                             16.006763   data required time
                                             -7.143297   data arrival time
---------------------------------------------------------------------------------------------
                                              8.863465   slack (MET)


Startpoint: din[1] (input port clocked by clk)
Endpoint: _814_ (rising edge-triggered flip-flop clocked by clk)
Path Group: clk
Path Type: max

Fanout         Cap        Slew       Delay        Time   Description
---------------------------------------------------------------------------------------------
                                  0.000000    0.000000   clock clk (rise edge)
                                  0.000000    0.000000   clock network delay (propagated)
                                  3.200000    3.200000 ^ input external delay
     2    0.007665    0.043339    0.013652    3.213651 ^ din[1] (in)
                                                         din[1] (net)
                      0.043339    0.000000    3.213651 ^ input30/I (gf180mcu_fd_sc_mcu7t5v0__dlyb_1)
     8    0.063326    0.705812    0.881184    4.094835 ^ input30/Z (gf180mcu_fd_sc_mcu7t5v0__dlyb_1)
                                                         net30 (net)
                      0.705826    0.001778    4.096613 ^ _388_/I (gf180mcu_fd_sc_mcu7t5v0__clkinv_1)
    10    0.235297    2.393832    1.600169    5.696783 v _388_/ZN (gf180mcu_fd_sc_mcu7t5v0__clkinv_1)
                                                         _109_ (net)
                      2.393943    0.009570    5.706353 v _695_/A1 (gf180mcu_fd_sc_mcu7t5v0__xor2_1)
     2    0.012175    0.617144    0.881824    6.588176 v _695_/Z (gf180mcu_fd_sc_mcu7t5v0__xor2_1)
                                                         _320_ (net)
                      0.617144    0.000198    6.588374 v _726_/A2 (gf180mcu_fd_sc_mcu7t5v0__oai21_1)
     1    0.006000    0.394793    0.249603    6.837977 ^ _726_/ZN (gf180mcu_fd_sc_mcu7t5v0__oai21_1)
                                                         _345_ (net)
                      0.394793    0.000116    6.838093 ^ _729_/A2 (gf180mcu_fd_sc_mcu7t5v0__aoi221_1)
     1    0.007431    0.515135    0.124133    6.962226 v _729_/ZN (gf180mcu_fd_sc_mcu7t5v0__aoi221_1)
                                                         _348_ (net)
                      0.515135    0.000227    6.962453 v _730_/A2 (gf180mcu_fd_sc_mcu7t5v0__nor2_1)
     1    0.004241    0.223223    0.194224    7.156677 ^ _730_/ZN (gf180mcu_fd_sc_mcu7t5v0__nor2_1)
                                                         _083_ (net)
                      0.223223    0.000082    7.156759 ^ _814_/D (gf180mcu_fd_sc_mcu7t5v0__dffrnq_1)
                                              7.156759   data arrival time

                                 16.000000   16.000000   clock clk (rise edge)
                                  0.000000   16.000000   clock source latency
     2    0.092910    0.000000    0.000000   16.000000 ^ clk (in)
                                                         clk (net)
                      0.025556    0.010454   16.010454 ^ clkbuf_0_clk/I (gf180mcu_fd_sc_mcu7t5v0__clkbuf_16)
     8    0.205666    0.162120    0.208070   16.218523 ^ clkbuf_0_clk/Z (gf180mcu_fd_sc_mcu7t5v0__clkbuf_16)
                                                         clknet_0_clk (net)
                      0.163506    0.010019   16.228542 ^ clkbuf_3_1_0_clk/I (gf180mcu_fd_sc_mcu7t5v0__clkbuf_8)
    16    0.119720    0.182888    0.245032   16.473576 ^ clkbuf_3_1_0_clk/Z (gf180mcu_fd_sc_mcu7t5v0__clkbuf_8)
                                                         clknet_3_1_0_clk (net)
                      0.183630    0.006322   16.479897 ^ _814_/CLK (gf180mcu_fd_sc_mcu7t5v0__dffrnq_1)
                                 -0.250000   16.229898   clock uncertainty
                                  0.000000   16.229898   clock reconvergence pessimism
                                 -0.191867   16.038031   library setup time
                                             16.038031   data required time
---------------------------------------------------------------------------------------------
                                             16.038031   data required time
                                             -7.156759   data arrival time
---------------------------------------------------------------------------------------------
                                              8.881271   slack (MET)


Startpoint: core_din_ready_i (input port clocked by clk)
Endpoint: _799_ (rising edge-triggered flip-flop clocked by clk)
Path Group: clk
Path Type: max

Fanout         Cap        Slew       Delay        Time   Description
---------------------------------------------------------------------------------------------
                                  0.000000    0.000000   clock clk (rise edge)
                                  0.000000    0.000000   clock network delay (propagated)
                                  3.200000    3.200000 v input external delay
     2    0.005392    0.018393    0.004703    3.204703 v core_din_ready_i (in)
                                                         core_din_ready_i (net)
                      0.018393    0.000000    3.204703 v input1/I (gf180mcu_fd_sc_mcu7t5v0__dlyb_1)
     1    0.094091    0.646477    0.965558    4.170261 v input1/Z (gf180mcu_fd_sc_mcu7t5v0__dlyb_1)
                                                         net1 (net)
                      0.648024    0.017943    4.188204 v _448_/A1 (gf180mcu_fd_sc_mcu7t5v0__nand2_1)
     2    0.010100    0.261928    0.259756    4.447960 ^ _448_/ZN (gf180mcu_fd_sc_mcu7t5v0__nand2_1)
                                                         _165_ (net)
                      0.261928    0.000087    4.448048 ^ _449_/I (gf180mcu_fd_sc_mcu7t5v0__clkinv_1)
     1    0.005178    0.118442    0.097507    4.545555 v _449_/ZN (gf180mcu_fd_sc_mcu7t5v0__clkinv_1)
                                                         _166_ (net)
                      0.118442    0.000097    4.545652 v _451_/A2 (gf180mcu_fd_sc_mcu7t5v0__oai21_1)
     5    0.051442    1.013460    0.628884    5.174537 ^ _451_/ZN (gf180mcu_fd_sc_mcu7t5v0__oai21_1)
                                                         _167_ (net)
                      1.013460    0.000496    5.175033 ^ _452_/I (gf180mcu_fd_sc_mcu7t5v0__clkinv_1)
     9    0.077908    0.882401    0.722837    5.897870 v _452_/ZN (gf180mcu_fd_sc_mcu7t5v0__clkinv_1)
                                                         net96 (net)
                      0.882458    0.003987    5.901856 v _672_/A2 (gf180mcu_fd_sc_mcu7t5v0__nand2_1)
    13    0.104748    1.266190    0.995596    6.897452 ^ _672_/ZN (gf180mcu_fd_sc_mcu7t5v0__nand2_1)
                                                         _307_ (net)
                      1.266196    0.001609    6.899061 ^ _675_/A2 (gf180mcu_fd_sc_mcu7t5v0__nand2_1)
     1    0.004980    0.282913    0.041665    6.940726 v _675_/ZN (gf180mcu_fd_sc_mcu7t5v0__nand2_1)
                                                         _309_ (net)
                      0.282913    0.000047    6.940773 v _676_/B (gf180mcu_fd_sc_mcu7t5v0__oai21_1)
     1    0.003882    0.481793    0.182537    7.123310 ^ _676_/ZN (gf180mcu_fd_sc_mcu7t5v0__oai21_1)
                                                         _068_ (net)
                      0.481793    0.000074    7.123384 ^ _799_/D (gf180mcu_fd_sc_mcu7t5v0__dffrnq_1)
                                              7.123384   data arrival time

                                 16.000000   16.000000   clock clk (rise edge)
                                  0.000000   16.000000   clock source latency
     2    0.092910    0.000000    0.000000   16.000000 ^ clk (in)
                                                         clk (net)
                      0.025556    0.010454   16.010454 ^ clkbuf_0_clk/I (gf180mcu_fd_sc_mcu7t5v0__clkbuf_16)
     8    0.205666    0.162120    0.208070   16.218523 ^ clkbuf_0_clk/Z (gf180mcu_fd_sc_mcu7t5v0__clkbuf_16)
                                                         clknet_0_clk (net)
                      0.163506    0.010019   16.228542 ^ clkbuf_3_1_0_clk/I (gf180mcu_fd_sc_mcu7t5v0__clkbuf_8)
    16    0.119720    0.182888    0.245032   16.473576 ^ clkbuf_3_1_0_clk/Z (gf180mcu_fd_sc_mcu7t5v0__clkbuf_8)
                                                         clknet_3_1_0_clk (net)
                      0.183986    0.008205   16.481779 ^ _799_/CLK (gf180mcu_fd_sc_mcu7t5v0__dffrnq_1)
                                 -0.250000   16.231781   clock uncertainty
                                  0.000000   16.231781   clock reconvergence pessimism
                                 -0.225774   16.006006   library setup time
                                             16.006006   data required time
---------------------------------------------------------------------------------------------
                                             16.006006   data required time
                                             -7.123384   data arrival time
---------------------------------------------------------------------------------------------
                                              8.882622   slack (MET)


Startpoint: core_din_ready_i (input port clocked by clk)
Endpoint: _783_ (rising edge-triggered flip-flop clocked by clk)
Path Group: clk
Path Type: max

Fanout         Cap        Slew       Delay        Time   Description
---------------------------------------------------------------------------------------------
                                  0.000000    0.000000   clock clk (rise edge)
                                  0.000000    0.000000   clock network delay (propagated)
                                  3.200000    3.200000 ^ input external delay
     2    0.005392    0.036613    0.009594    3.209594 ^ core_din_ready_i (in)
                                                         core_din_ready_i (net)
                      0.036613    0.000000    3.209594 ^ input1/I (gf180mcu_fd_sc_mcu7t5v0__dlyb_1)
     1    0.094091    1.030173    1.064863    4.274457 ^ input1/Z (gf180mcu_fd_sc_mcu7t5v0__dlyb_1)
                                                         net1 (net)
                      1.031154    0.017976    4.292432 ^ _448_/A1 (gf180mcu_fd_sc_mcu7t5v0__nand2_1)
     2    0.010100    0.317835    0.153878    4.446310 v _448_/ZN (gf180mcu_fd_sc_mcu7t5v0__nand2_1)
                                                         _165_ (net)
                      0.317835    0.000087    4.446398 v _449_/I (gf180mcu_fd_sc_mcu7t5v0__clkinv_1)
     1    0.005178    0.135877    0.121387    4.567785 ^ _449_/ZN (gf180mcu_fd_sc_mcu7t5v0__clkinv_1)
                                                         _166_ (net)
                      0.135877    0.000097    4.567882 ^ _451_/A2 (gf180mcu_fd_sc_mcu7t5v0__oai21_1)
     5    0.051442    0.553716    0.356275    4.924157 v _451_/ZN (gf180mcu_fd_sc_mcu7t5v0__oai21_1)
                                                         _167_ (net)
                      0.553716    0.000324    4.924481 v _624_/A3 (gf180mcu_fd_sc_mcu7t5v0__or3_1)
     4    0.064698    0.497734    0.774924    5.699405 v _624_/Z (gf180mcu_fd_sc_mcu7t5v0__or3_1)
                                                         _280_ (net)
                      0.497737    0.000718    5.700122 v load_slew117/I (gf180mcu_fd_sc_mcu7t5v0__buf_4)
     3    0.109155    0.196401    0.338185    6.038308 v load_slew117/Z (gf180mcu_fd_sc_mcu7t5v0__buf_4)
                                                         net117 (net)
                      0.201525    0.018052    6.056360 v fanout115/I (gf180mcu_fd_sc_mcu7t5v0__dlyb_1)
     6    0.051333    0.395842    0.857353    6.913713 v fanout115/Z (gf180mcu_fd_sc_mcu7t5v0__dlyb_1)
                                                         net115 (net)
                      0.395948    0.001716    6.915429 v _636_/A2 (gf180mcu_fd_sc_mcu7t5v0__nand2_1)
     1    0.004859    0.177843    0.184158    7.099586 ^ _636_/ZN (gf180mcu_fd_sc_mcu7t5v0__nand2_1)
                                                         _285_ (net)
                      0.177843    0.000045    7.099632 ^ _637_/B (gf180mcu_fd_sc_mcu7t5v0__oai21_1)
     1    0.004250    0.236056    0.107830    7.207462 v _637_/ZN (gf180mcu_fd_sc_mcu7t5v0__oai21_1)
                                                         _052_ (net)
                      0.236056    0.000083    7.207545 v _783_/D (gf180mcu_fd_sc_mcu7t5v0__dffrnq_1)
                                              7.207545   data arrival time

                                 16.000000   16.000000   clock clk (rise edge)
                                  0.000000   16.000000   clock source latency
     2    0.092910    0.000000    0.000000   16.000000 ^ clk (in)
                                                         clk (net)
                      0.025556    0.010454   16.010454 ^ clkbuf_0_clk/I (gf180mcu_fd_sc_mcu7t5v0__clkbuf_16)
     8    0.205666    0.162120    0.208070   16.218523 ^ clkbuf_0_clk/Z (gf180mcu_fd_sc_mcu7t5v0__clkbuf_16)
                                                         clknet_0_clk (net)
                      0.163707    0.010770   16.229294 ^ clkbuf_3_5_0_clk/I (gf180mcu_fd_sc_mcu7t5v0__clkbuf_8)
    14    0.096801    0.155490    0.228182   16.457476 ^ clkbuf_3_5_0_clk/Z (gf180mcu_fd_sc_mcu7t5v0__clkbuf_8)
                                                         clknet_3_5_0_clk (net)
                      0.155991    0.007669   16.465145 ^ _783_/CLK (gf180mcu_fd_sc_mcu7t5v0__dffrnq_1)
                                 -0.250000   16.215145   clock uncertainty
                                  0.000000   16.215145   clock reconvergence pessimism
                                 -0.116530   16.098616   library setup time
                                             16.098616   data required time
---------------------------------------------------------------------------------------------
                                             16.098616   data required time
                                             -7.207545   data arrival time
---------------------------------------------------------------------------------------------
                                              8.891071   slack (MET)


Startpoint: core_din_ready_i (input port clocked by clk)
Endpoint: _803_ (rising edge-triggered flip-flop clocked by clk)
Path Group: clk
Path Type: max

Fanout         Cap        Slew       Delay        Time   Description
---------------------------------------------------------------------------------------------
                                  0.000000    0.000000   clock clk (rise edge)
                                  0.000000    0.000000   clock network delay (propagated)
                                  3.200000    3.200000 v input external delay
     2    0.005392    0.018393    0.004703    3.204703 v core_din_ready_i (in)
                                                         core_din_ready_i (net)
                      0.018393    0.000000    3.204703 v input1/I (gf180mcu_fd_sc_mcu7t5v0__dlyb_1)
     1    0.094091    0.646477    0.965558    4.170261 v input1/Z (gf180mcu_fd_sc_mcu7t5v0__dlyb_1)
                                                         net1 (net)
                      0.648024    0.017943    4.188204 v _448_/A1 (gf180mcu_fd_sc_mcu7t5v0__nand2_1)
     2    0.010100    0.261928    0.259756    4.447960 ^ _448_/ZN (gf180mcu_fd_sc_mcu7t5v0__nand2_1)
                                                         _165_ (net)
                      0.261928    0.000087    4.448048 ^ _449_/I (gf180mcu_fd_sc_mcu7t5v0__clkinv_1)
     1    0.005178    0.118442    0.097507    4.545555 v _449_/ZN (gf180mcu_fd_sc_mcu7t5v0__clkinv_1)
                                                         _166_ (net)
                      0.118442    0.000097    4.545652 v _451_/A2 (gf180mcu_fd_sc_mcu7t5v0__oai21_1)
     5    0.051442    1.013460    0.628884    5.174537 ^ _451_/ZN (gf180mcu_fd_sc_mcu7t5v0__oai21_1)
                                                         _167_ (net)
                      1.013460    0.000496    5.175033 ^ _452_/I (gf180mcu_fd_sc_mcu7t5v0__clkinv_1)
     9    0.077908    0.882401    0.722837    5.897870 v _452_/ZN (gf180mcu_fd_sc_mcu7t5v0__clkinv_1)
                                                         net96 (net)
                      0.882458    0.003987    5.901856 v _672_/A2 (gf180mcu_fd_sc_mcu7t5v0__nand2_1)
    13    0.104748    1.266190    0.995596    6.897452 ^ _672_/ZN (gf180mcu_fd_sc_mcu7t5v0__nand2_1)
                                                         _307_ (net)
                      1.266202    0.002189    6.899642 ^ _681_/S (gf180mcu_fd_sc_mcu7t5v0__mux2_2)
     1    0.007220    0.108191    0.213121    7.112762 ^ _681_/Z (gf180mcu_fd_sc_mcu7t5v0__mux2_2)
                                                         _072_ (net)
                      0.108191    0.000167    7.112929 ^ _803_/D (gf180mcu_fd_sc_mcu7t5v0__dffrnq_1)
                                              7.112929   data arrival time

                                 16.000000   16.000000   clock clk (rise edge)
                                  0.000000   16.000000   clock source latency
     2    0.092910    0.000000    0.000000   16.000000 ^ clk (in)
                                                         clk (net)
                      0.025556    0.010454   16.010454 ^ clkbuf_0_clk/I (gf180mcu_fd_sc_mcu7t5v0__clkbuf_16)
     8    0.205666    0.162120    0.208070   16.218523 ^ clkbuf_0_clk/Z (gf180mcu_fd_sc_mcu7t5v0__clkbuf_16)
                                                         clknet_0_clk (net)
                      0.163540    0.010152   16.228676 ^ clkbuf_3_0_0_clk/I (gf180mcu_fd_sc_mcu7t5v0__clkbuf_8)
    12    0.099450    0.159395    0.230900   16.459576 ^ clkbuf_3_0_0_clk/Z (gf180mcu_fd_sc_mcu7t5v0__clkbuf_8)
                                                         clknet_3_0_0_clk (net)
                      0.159767    0.007208   16.466784 ^ _803_/CLK (gf180mcu_fd_sc_mcu7t5v0__dffrnq_1)
                                 -0.250000   16.216785   clock uncertainty
                                  0.000000   16.216785   clock reconvergence pessimism
                                 -0.171598   16.045187   library setup time
                                             16.045187   data required time
---------------------------------------------------------------------------------------------
                                             16.045187   data required time
                                             -7.112929   data arrival time
---------------------------------------------------------------------------------------------
                                              8.932258   slack (MET)


Startpoint: core_din_ready_i (input port clocked by clk)
Endpoint: _802_ (rising edge-triggered flip-flop clocked by clk)
Path Group: clk
Path Type: max

Fanout         Cap        Slew       Delay        Time   Description
---------------------------------------------------------------------------------------------
                                  0.000000    0.000000   clock clk (rise edge)
                                  0.000000    0.000000   clock network delay (propagated)
                                  3.200000    3.200000 v input external delay
     2    0.005392    0.018393    0.004703    3.204703 v core_din_ready_i (in)
                                                         core_din_ready_i (net)
                      0.018393    0.000000    3.204703 v input1/I (gf180mcu_fd_sc_mcu7t5v0__dlyb_1)
     1    0.094091    0.646477    0.965558    4.170261 v input1/Z (gf180mcu_fd_sc_mcu7t5v0__dlyb_1)
                                                         net1 (net)
                      0.648024    0.017943    4.188204 v _448_/A1 (gf180mcu_fd_sc_mcu7t5v0__nand2_1)
     2    0.010100    0.261928    0.259756    4.447960 ^ _448_/ZN (gf180mcu_fd_sc_mcu7t5v0__nand2_1)
                                                         _165_ (net)
                      0.261928    0.000087    4.448048 ^ _449_/I (gf180mcu_fd_sc_mcu7t5v0__clkinv_1)
     1    0.005178    0.118442    0.097507    4.545555 v _449_/ZN (gf180mcu_fd_sc_mcu7t5v0__clkinv_1)
                                                         _166_ (net)
                      0.118442    0.000097    4.545652 v _451_/A2 (gf180mcu_fd_sc_mcu7t5v0__oai21_1)
     5    0.051442    1.013460    0.628884    5.174537 ^ _451_/ZN (gf180mcu_fd_sc_mcu7t5v0__oai21_1)
                                                         _167_ (net)
                      1.013460    0.000496    5.175033 ^ _452_/I (gf180mcu_fd_sc_mcu7t5v0__clkinv_1)
     9    0.077908    0.882401    0.722837    5.897870 v _452_/ZN (gf180mcu_fd_sc_mcu7t5v0__clkinv_1)
                                                         net96 (net)
                      0.882458    0.003987    5.901856 v _672_/A2 (gf180mcu_fd_sc_mcu7t5v0__nand2_1)
    13    0.104748    1.266190    0.995596    6.897452 ^ _672_/ZN (gf180mcu_fd_sc_mcu7t5v0__nand2_1)
                                                         _307_ (net)
                      1.266204    0.002358    6.899810 ^ _680_/S (gf180mcu_fd_sc_mcu7t5v0__mux2_2)
     1    0.005152    0.094927    0.205326    7.105137 ^ _680_/Z (gf180mcu_fd_sc_mcu7t5v0__mux2_2)
                                                         _071_ (net)
                      0.094927    0.000063    7.105199 ^ _802_/D (gf180mcu_fd_sc_mcu7t5v0__dffrnq_1)
                                              7.105199   data arrival time

                                 16.000000   16.000000   clock clk (rise edge)
                                  0.000000   16.000000   clock source latency
     2    0.092910    0.000000    0.000000   16.000000 ^ clk (in)
                                                         clk (net)
                      0.025556    0.010454   16.010454 ^ clkbuf_0_clk/I (gf180mcu_fd_sc_mcu7t5v0__clkbuf_16)
     8    0.205666    0.162120    0.208070   16.218523 ^ clkbuf_0_clk/Z (gf180mcu_fd_sc_mcu7t5v0__clkbuf_16)
                                                         clknet_0_clk (net)
                      0.163540    0.010152   16.228676 ^ clkbuf_3_0_0_clk/I (gf180mcu_fd_sc_mcu7t5v0__clkbuf_8)
    12    0.099450    0.159395    0.230900   16.459576 ^ clkbuf_3_0_0_clk/Z (gf180mcu_fd_sc_mcu7t5v0__clkbuf_8)
                                                         clknet_3_0_0_clk (net)
                      0.159824    0.007601   16.467176 ^ _802_/CLK (gf180mcu_fd_sc_mcu7t5v0__dffrnq_1)
                                 -0.250000   16.217178   clock uncertainty
                                  0.000000   16.217178   clock reconvergence pessimism
                                 -0.169245   16.047934   library setup time
                                             16.047934   data required time
---------------------------------------------------------------------------------------------
                                             16.047934   data required time
                                             -7.105199   data arrival time
---------------------------------------------------------------------------------------------
                                              8.942734   slack (MET)


Startpoint: core_din_ready_i (input port clocked by clk)
Endpoint: _800_ (rising edge-triggered flip-flop clocked by clk)
Path Group: clk
Path Type: max

Fanout         Cap        Slew       Delay        Time   Description
---------------------------------------------------------------------------------------------
                                  0.000000    0.000000   clock clk (rise edge)
                                  0.000000    0.000000   clock network delay (propagated)
                                  3.200000    3.200000 v input external delay
     2    0.005392    0.018393    0.004703    3.204703 v core_din_ready_i (in)
                                                         core_din_ready_i (net)
                      0.018393    0.000000    3.204703 v input1/I (gf180mcu_fd_sc_mcu7t5v0__dlyb_1)
     1    0.094091    0.646477    0.965558    4.170261 v input1/Z (gf180mcu_fd_sc_mcu7t5v0__dlyb_1)
                                                         net1 (net)
                      0.648024    0.017943    4.188204 v _448_/A1 (gf180mcu_fd_sc_mcu7t5v0__nand2_1)
     2    0.010100    0.261928    0.259756    4.447960 ^ _448_/ZN (gf180mcu_fd_sc_mcu7t5v0__nand2_1)
                                                         _165_ (net)
                      0.261928    0.000087    4.448048 ^ _449_/I (gf180mcu_fd_sc_mcu7t5v0__clkinv_1)
     1    0.005178    0.118442    0.097507    4.545555 v _449_/ZN (gf180mcu_fd_sc_mcu7t5v0__clkinv_1)
                                                         _166_ (net)
                      0.118442    0.000097    4.545652 v _451_/A2 (gf180mcu_fd_sc_mcu7t5v0__oai21_1)
     5    0.051442    1.013460    0.628884    5.174537 ^ _451_/ZN (gf180mcu_fd_sc_mcu7t5v0__oai21_1)
                                                         _167_ (net)
                      1.013460    0.000496    5.175033 ^ _452_/I (gf180mcu_fd_sc_mcu7t5v0__clkinv_1)
     9    0.077908    0.882401    0.722837    5.897870 v _452_/ZN (gf180mcu_fd_sc_mcu7t5v0__clkinv_1)
                                                         net96 (net)
                      0.882458    0.003987    5.901856 v _672_/A2 (gf180mcu_fd_sc_mcu7t5v0__nand2_1)
    13    0.104748    1.266190    0.995596    6.897452 ^ _672_/ZN (gf180mcu_fd_sc_mcu7t5v0__nand2_1)
                                                         _307_ (net)
                      1.266202    0.002157    6.899609 ^ _677_/S (gf180mcu_fd_sc_mcu7t5v0__mux2_2)
     1    0.004142    0.091967    0.201401    7.101010 ^ _677_/Z (gf180mcu_fd_sc_mcu7t5v0__mux2_2)
                                                         _069_ (net)
                      0.091967    0.000044    7.101054 ^ _800_/D (gf180mcu_fd_sc_mcu7t5v0__dffrnq_1)
                                              7.101054   data arrival time

                                 16.000000   16.000000   clock clk (rise edge)
                                  0.000000   16.000000   clock source latency
     2    0.092910    0.000000    0.000000   16.000000 ^ clk (in)
                                                         clk (net)
                      0.025556    0.010454   16.010454 ^ clkbuf_0_clk/I (gf180mcu_fd_sc_mcu7t5v0__clkbuf_16)
     8    0.205666    0.162120    0.208070   16.218523 ^ clkbuf_0_clk/Z (gf180mcu_fd_sc_mcu7t5v0__clkbuf_16)
                                                         clknet_0_clk (net)
                      0.163506    0.010019   16.228542 ^ clkbuf_3_1_0_clk/I (gf180mcu_fd_sc_mcu7t5v0__clkbuf_8)
    16    0.119720    0.182888    0.245032   16.473576 ^ clkbuf_3_1_0_clk/Z (gf180mcu_fd_sc_mcu7t5v0__clkbuf_8)
                                                         clknet_3_1_0_clk (net)
                      0.184027    0.008404   16.481979 ^ _800_/CLK (gf180mcu_fd_sc_mcu7t5v0__dffrnq_1)
                                 -0.250000   16.231979   clock uncertainty
                                  0.000000   16.231979   clock reconvergence pessimism
                                 -0.163550   16.068430   library setup time
                                             16.068430   data required time
---------------------------------------------------------------------------------------------
                                             16.068430   data required time
                                             -7.101054   data arrival time
---------------------------------------------------------------------------------------------
                                              8.967377   slack (MET)


Startpoint: din[5] (input port clocked by clk)
Endpoint: _813_ (rising edge-triggered flip-flop clocked by clk)
Path Group: clk
Path Type: max

Fanout         Cap        Slew       Delay        Time   Description
---------------------------------------------------------------------------------------------
                                  0.000000    0.000000   clock clk (rise edge)
                                  0.000000    0.000000   clock network delay (propagated)
                                  3.200000    3.200000 v input external delay
     2    0.008198    0.023478    0.007272    3.207272 v din[5] (in)
                                                         din[5] (net)
                      0.023478    0.000000    3.207272 v input34/I (gf180mcu_fd_sc_mcu7t5v0__clkbuf_2)
     7    0.291337    1.473426    0.983923    4.191195 v input34/Z (gf180mcu_fd_sc_mcu7t5v0__clkbuf_2)
                                                         net34 (net)
                      1.473691    0.011715    4.202909 v _472_/A2 (gf180mcu_fd_sc_mcu7t5v0__or2_1)
     2    0.008933    0.174290    0.624027    4.826937 v _472_/Z (gf180mcu_fd_sc_mcu7t5v0__or2_1)
                                                         _184_ (net)
                      0.174290    0.000154    4.827091 v _474_/A4 (gf180mcu_fd_sc_mcu7t5v0__nor4_1)
     4    0.023013    0.986615    0.614281    5.441372 ^ _474_/ZN (gf180mcu_fd_sc_mcu7t5v0__nor4_1)
                                                         _186_ (net)
                      0.986615    0.000408    5.441780 ^ _482_/B (gf180mcu_fd_sc_mcu7t5v0__aoi21_1)
     1    0.005685    0.382066    0.208676    5.650455 v _482_/ZN (gf180mcu_fd_sc_mcu7t5v0__aoi21_1)
                                                         _194_ (net)
                      0.382066    0.000060    5.650515 v _498_/A2 (gf180mcu_fd_sc_mcu7t5v0__oai21_1)
     4    0.033540    0.723155    0.481915    6.132430 ^ _498_/ZN (gf180mcu_fd_sc_mcu7t5v0__oai21_1)
                                                         _208_ (net)
                      0.723155    0.000555    6.132985 ^ _717_/A2 (gf180mcu_fd_sc_mcu7t5v0__nand3_1)
     4    0.024487    0.479512    0.292359    6.425344 v _717_/ZN (gf180mcu_fd_sc_mcu7t5v0__nand3_1)
                                                         _339_ (net)
                      0.479512    0.000437    6.425781 v _722_/A3 (gf180mcu_fd_sc_mcu7t5v0__or3_1)
     1    0.005395    0.143287    0.451390    6.877172 v _722_/Z (gf180mcu_fd_sc_mcu7t5v0__or3_1)
                                                         _342_ (net)
                      0.143287    0.000056    6.877227 v _724_/A1 (gf180mcu_fd_sc_mcu7t5v0__aoi21_1)
     1    0.005810    0.269196    0.144878    7.022105 ^ _724_/ZN (gf180mcu_fd_sc_mcu7t5v0__aoi21_1)
                                                         _082_ (net)
                      0.269196    0.000123    7.022228 ^ _813_/D (gf180mcu_fd_sc_mcu7t5v0__dffrnq_1)
                                              7.022228   data arrival time

                                 16.000000   16.000000   clock clk (rise edge)
                                  0.000000   16.000000   clock source latency
     2    0.092910    0.000000    0.000000   16.000000 ^ clk (in)
                                                         clk (net)
                      0.025556    0.010454   16.010454 ^ clkbuf_0_clk/I (gf180mcu_fd_sc_mcu7t5v0__clkbuf_16)
     8    0.205666    0.162120    0.208070   16.218523 ^ clkbuf_0_clk/Z (gf180mcu_fd_sc_mcu7t5v0__clkbuf_16)
                                                         clknet_0_clk (net)
                      0.163540    0.010152   16.228676 ^ clkbuf_3_0_0_clk/I (gf180mcu_fd_sc_mcu7t5v0__clkbuf_8)
    12    0.099450    0.159395    0.230900   16.459576 ^ clkbuf_3_0_0_clk/Z (gf180mcu_fd_sc_mcu7t5v0__clkbuf_8)
                                                         clknet_3_0_0_clk (net)
                      0.159709    0.006780   16.466356 ^ _813_/CLK (gf180mcu_fd_sc_mcu7t5v0__dffrnq_1)
                                 -0.250000   16.216356   clock uncertainty
                                  0.000000   16.216356   clock reconvergence pessimism
                                 -0.202761   16.013596   library setup time
                                             16.013596   data required time
---------------------------------------------------------------------------------------------
                                             16.013596   data required time
                                             -7.022228   data arrival time
---------------------------------------------------------------------------------------------
                                              8.991368   slack (MET)


Startpoint: core_din_ready_i (input port clocked by clk)
Endpoint: _812_ (rising edge-triggered flip-flop clocked by clk)
Path Group: clk
Path Type: max

Fanout         Cap        Slew       Delay        Time   Description
---------------------------------------------------------------------------------------------
                                  0.000000    0.000000   clock clk (rise edge)
                                  0.000000    0.000000   clock network delay (propagated)
                                  3.200000    3.200000 v input external delay
     2    0.005392    0.018393    0.004703    3.204703 v core_din_ready_i (in)
                                                         core_din_ready_i (net)
                      0.018393    0.000000    3.204703 v input1/I (gf180mcu_fd_sc_mcu7t5v0__dlyb_1)
     1    0.094091    0.646477    0.965558    4.170261 v input1/Z (gf180mcu_fd_sc_mcu7t5v0__dlyb_1)
                                                         net1 (net)
                      0.648024    0.017943    4.188204 v _448_/A1 (gf180mcu_fd_sc_mcu7t5v0__nand2_1)
     2    0.010100    0.261928    0.259756    4.447960 ^ _448_/ZN (gf180mcu_fd_sc_mcu7t5v0__nand2_1)
                                                         _165_ (net)
                      0.261928    0.000087    4.448048 ^ _449_/I (gf180mcu_fd_sc_mcu7t5v0__clkinv_1)
     1    0.005178    0.118442    0.097507    4.545555 v _449_/ZN (gf180mcu_fd_sc_mcu7t5v0__clkinv_1)
                                                         _166_ (net)
                      0.118442    0.000097    4.545652 v _451_/A2 (gf180mcu_fd_sc_mcu7t5v0__oai21_1)
     5    0.051442    1.013460    0.628884    5.174537 ^ _451_/ZN (gf180mcu_fd_sc_mcu7t5v0__oai21_1)
                                                         _167_ (net)
                      1.013460    0.000496    5.175033 ^ _452_/I (gf180mcu_fd_sc_mcu7t5v0__clkinv_1)
     9    0.077908    0.882401    0.722837    5.897870 v _452_/ZN (gf180mcu_fd_sc_mcu7t5v0__clkinv_1)
                                                         net96 (net)
                      0.882454    0.003869    5.901738 v _687_/A1 (gf180mcu_fd_sc_mcu7t5v0__nand2_1)
     8    0.052660    0.699745    0.639461    6.541199 ^ _687_/ZN (gf180mcu_fd_sc_mcu7t5v0__nand2_1)
                                                         _314_ (net)
                      0.699745    0.000280    6.541479 ^ _719_/A2 (gf180mcu_fd_sc_mcu7t5v0__nor2_1)
     3    0.017211    0.451536    0.232143    6.773623 v _719_/ZN (gf180mcu_fd_sc_mcu7t5v0__nor2_1)
                                                         _340_ (net)
                      0.451536    0.000279    6.773901 v _721_/A1 (gf180mcu_fd_sc_mcu7t5v0__nor2_1)
     1    0.005014    0.212569    0.218107    6.992008 ^ _721_/ZN (gf180mcu_fd_sc_mcu7t5v0__nor2_1)
                                                         _081_ (net)
                      0.212569    0.000103    6.992111 ^ _812_/D (gf180mcu_fd_sc_mcu7t5v0__dffrnq_1)
                                              6.992111   data arrival time

                                 16.000000   16.000000   clock clk (rise edge)
                                  0.000000   16.000000   clock source latency
     2    0.092910    0.000000    0.000000   16.000000 ^ clk (in)
                                                         clk (net)
                      0.025556    0.010454   16.010454 ^ clkbuf_0_clk/I (gf180mcu_fd_sc_mcu7t5v0__clkbuf_16)
     8    0.205666    0.162120    0.208070   16.218523 ^ clkbuf_0_clk/Z (gf180mcu_fd_sc_mcu7t5v0__clkbuf_16)
                                                         clknet_0_clk (net)
                      0.163540    0.010152   16.228676 ^ clkbuf_3_0_0_clk/I (gf180mcu_fd_sc_mcu7t5v0__clkbuf_8)
    12    0.099450    0.159395    0.230900   16.459576 ^ clkbuf_3_0_0_clk/Z (gf180mcu_fd_sc_mcu7t5v0__clkbuf_8)
                                                         clknet_3_0_0_clk (net)
                      0.159728    0.006919   16.466494 ^ _812_/CLK (gf180mcu_fd_sc_mcu7t5v0__dffrnq_1)
                                 -0.250000   16.216496   clock uncertainty
                                  0.000000   16.216496   clock reconvergence pessimism
                                 -0.194017   16.022478   library setup time
                                             16.022478   data required time
---------------------------------------------------------------------------------------------
                                             16.022478   data required time
                                             -6.992111   data arrival time
---------------------------------------------------------------------------------------------
                                              9.030367   slack (MET)


Startpoint: rst_n (input port clocked by clk)
Endpoint: _807_ (recovery check against rising-edge clock clk)
Path Group: asynchronous
Path Type: max

Fanout         Cap        Slew       Delay        Time   Description
---------------------------------------------------------------------------------------------
                                  0.000000    0.000000   clock clk (rise edge)
                                  0.000000    0.000000   clock network delay (propagated)
                                  3.200000    3.200000 ^ input external delay
     2    0.010205    0.049982    0.017902    3.217902 ^ rst_n (in)
                                                         rst_n (net)
                      0.049982    0.000000    3.217902 ^ input38/I (gf180mcu_fd_sc_mcu7t5v0__dlyb_1)
     1    0.008384    0.136510    0.542173    3.760076 ^ input38/Z (gf180mcu_fd_sc_mcu7t5v0__dlyb_1)
                                                         net38 (net)
                      0.136510    0.000211    3.760287 ^ fanout134/I (gf180mcu_fd_sc_mcu7t5v0__dlyb_1)
     5    0.097080    1.064006    1.100393    4.860680 ^ fanout134/Z (gf180mcu_fd_sc_mcu7t5v0__dlyb_1)
                                                         net134 (net)
                      1.064013    0.001586    4.862266 ^ fanout127/I (gf180mcu_fd_sc_mcu7t5v0__dlyb_1)
    11    0.125556    1.366046    1.262763    6.125029 ^ fanout127/Z (gf180mcu_fd_sc_mcu7t5v0__dlyb_1)
                                                         net127 (net)
                      1.366046    0.000693    6.125722 ^ fanout126/I (gf180mcu_fd_sc_mcu7t5v0__dlyb_1)
     9    0.080071    0.882950    0.957424    7.083146 ^ fanout126/Z (gf180mcu_fd_sc_mcu7t5v0__dlyb_1)
                                                         net126 (net)
                      0.883005    0.003922    7.087068 ^ _807_/RN (gf180mcu_fd_sc_mcu7t5v0__dffrnq_1)
                                              7.087068   data arrival time

                                 16.000000   16.000000   clock clk (rise edge)
                                  0.000000   16.000000   clock source latency
     2    0.092910    0.000000    0.000000   16.000000 ^ clk (in)
                                                         clk (net)
                      0.025556    0.010454   16.010454 ^ clkbuf_0_clk/I (gf180mcu_fd_sc_mcu7t5v0__clkbuf_16)
     8    0.205666    0.162120    0.208070   16.218523 ^ clkbuf_0_clk/Z (gf180mcu_fd_sc_mcu7t5v0__clkbuf_16)
                                                         clknet_0_clk (net)
                      0.163540    0.010152   16.228676 ^ clkbuf_3_0_0_clk/I (gf180mcu_fd_sc_mcu7t5v0__clkbuf_8)
    12    0.099450    0.159395    0.230900   16.459576 ^ clkbuf_3_0_0_clk/Z (gf180mcu_fd_sc_mcu7t5v0__clkbuf_8)
                                                         clknet_3_0_0_clk (net)
                      0.159566    0.005521   16.465096 ^ _807_/CLK (gf180mcu_fd_sc_mcu7t5v0__dffrnq_1)
                                 -0.250000   16.215097   clock uncertainty
                                  0.000000   16.215097   clock reconvergence pessimism
                                 -0.066657   16.148439   library recovery time
                                             16.148439   data required time
---------------------------------------------------------------------------------------------
                                             16.148439   data required time
                                             -7.087068   data arrival time
---------------------------------------------------------------------------------------------
                                              9.061373   slack (MET)


Startpoint: rst_n (input port clocked by clk)
Endpoint: _810_ (recovery check against rising-edge clock clk)
Path Group: asynchronous
Path Type: max

Fanout         Cap        Slew       Delay        Time   Description
---------------------------------------------------------------------------------------------
                                  0.000000    0.000000   clock clk (rise edge)
                                  0.000000    0.000000   clock network delay (propagated)
                                  3.200000    3.200000 ^ input external delay
     2    0.010205    0.049982    0.017902    3.217902 ^ rst_n (in)
                                                         rst_n (net)
                      0.049982    0.000000    3.217902 ^ input38/I (gf180mcu_fd_sc_mcu7t5v0__dlyb_1)
     1    0.008384    0.136510    0.542173    3.760076 ^ input38/Z (gf180mcu_fd_sc_mcu7t5v0__dlyb_1)
                                                         net38 (net)
                      0.136510    0.000211    3.760287 ^ fanout134/I (gf180mcu_fd_sc_mcu7t5v0__dlyb_1)
     5    0.097080    1.064006    1.100393    4.860680 ^ fanout134/Z (gf180mcu_fd_sc_mcu7t5v0__dlyb_1)
                                                         net134 (net)
                      1.064013    0.001586    4.862266 ^ fanout127/I (gf180mcu_fd_sc_mcu7t5v0__dlyb_1)
    11    0.125556    1.366046    1.262763    6.125029 ^ fanout127/Z (gf180mcu_fd_sc_mcu7t5v0__dlyb_1)
                                                         net127 (net)
                      1.366046    0.000693    6.125722 ^ fanout126/I (gf180mcu_fd_sc_mcu7t5v0__dlyb_1)
     9    0.080071    0.882950    0.957424    7.083146 ^ fanout126/Z (gf180mcu_fd_sc_mcu7t5v0__dlyb_1)
                                                         net126 (net)
                      0.882993    0.003492    7.086637 ^ _810_/RN (gf180mcu_fd_sc_mcu7t5v0__dffrnq_1)
                                              7.086637   data arrival time

                                 16.000000   16.000000   clock clk (rise edge)
                                  0.000000   16.000000   clock source latency
     2    0.092910    0.000000    0.000000   16.000000 ^ clk (in)
                                                         clk (net)
                      0.025556    0.010454   16.010454 ^ clkbuf_0_clk/I (gf180mcu_fd_sc_mcu7t5v0__clkbuf_16)
     8    0.205666    0.162120    0.208070   16.218523 ^ clkbuf_0_clk/Z (gf180mcu_fd_sc_mcu7t5v0__clkbuf_16)
                                                         clknet_0_clk (net)
                      0.163540    0.010152   16.228676 ^ clkbuf_3_0_0_clk/I (gf180mcu_fd_sc_mcu7t5v0__clkbuf_8)
    12    0.099450    0.159395    0.230900   16.459576 ^ clkbuf_3_0_0_clk/Z (gf180mcu_fd_sc_mcu7t5v0__clkbuf_8)
                                                         clknet_3_0_0_clk (net)
                      0.159614    0.005983   16.465559 ^ _810_/CLK (gf180mcu_fd_sc_mcu7t5v0__dffrnq_1)
                                 -0.250000   16.215559   clock uncertainty
                                  0.000000   16.215559   clock reconvergence pessimism
                                 -0.066644   16.148916   library recovery time
                                             16.148916   data required time
---------------------------------------------------------------------------------------------
                                             16.148916   data required time
                                             -7.086637   data arrival time
---------------------------------------------------------------------------------------------
                                              9.062279   slack (MET)


Startpoint: rst_n (input port clocked by clk)
Endpoint: _806_ (recovery check against rising-edge clock clk)
Path Group: asynchronous
Path Type: max

Fanout         Cap        Slew       Delay        Time   Description
---------------------------------------------------------------------------------------------
                                  0.000000    0.000000   clock clk (rise edge)
                                  0.000000    0.000000   clock network delay (propagated)
                                  3.200000    3.200000 ^ input external delay
     2    0.010205    0.049982    0.017902    3.217902 ^ rst_n (in)
                                                         rst_n (net)
                      0.049982    0.000000    3.217902 ^ input38/I (gf180mcu_fd_sc_mcu7t5v0__dlyb_1)
     1    0.008384    0.136510    0.542173    3.760076 ^ input38/Z (gf180mcu_fd_sc_mcu7t5v0__dlyb_1)
                                                         net38 (net)
                      0.136510    0.000211    3.760287 ^ fanout134/I (gf180mcu_fd_sc_mcu7t5v0__dlyb_1)
     5    0.097080    1.064006    1.100393    4.860680 ^ fanout134/Z (gf180mcu_fd_sc_mcu7t5v0__dlyb_1)
                                                         net134 (net)
                      1.064013    0.001586    4.862266 ^ fanout127/I (gf180mcu_fd_sc_mcu7t5v0__dlyb_1)
    11    0.125556    1.366046    1.262763    6.125029 ^ fanout127/Z (gf180mcu_fd_sc_mcu7t5v0__dlyb_1)
                                                         net127 (net)
                      1.366046    0.000693    6.125722 ^ fanout126/I (gf180mcu_fd_sc_mcu7t5v0__dlyb_1)
     9    0.080071    0.882950    0.957424    7.083146 ^ fanout126/Z (gf180mcu_fd_sc_mcu7t5v0__dlyb_1)
                                                         net126 (net)
                      0.883018    0.004368    7.087514 ^ _806_/RN (gf180mcu_fd_sc_mcu7t5v0__dffrnq_1)
                                              7.087514   data arrival time

                                 16.000000   16.000000   clock clk (rise edge)
                                  0.000000   16.000000   clock source latency
     2    0.092910    0.000000    0.000000   16.000000 ^ clk (in)
                                                         clk (net)
                      0.025556    0.010454   16.010454 ^ clkbuf_0_clk/I (gf180mcu_fd_sc_mcu7t5v0__clkbuf_16)
     8    0.205666    0.162120    0.208070   16.218523 ^ clkbuf_0_clk/Z (gf180mcu_fd_sc_mcu7t5v0__clkbuf_16)
                                                         clknet_0_clk (net)
                      0.163506    0.010019   16.228542 ^ clkbuf_3_1_0_clk/I (gf180mcu_fd_sc_mcu7t5v0__clkbuf_8)
    16    0.119720    0.182888    0.245032   16.473576 ^ clkbuf_3_1_0_clk/Z (gf180mcu_fd_sc_mcu7t5v0__clkbuf_8)
                                                         clknet_3_1_0_clk (net)
                      0.183364    0.004690   16.478264 ^ _806_/CLK (gf180mcu_fd_sc_mcu7t5v0__dffrnq_1)
                                 -0.250000   16.228266   clock uncertainty
                                  0.000000   16.228266   clock reconvergence pessimism
                                 -0.062302   16.165964   library recovery time
                                             16.165964   data required time
---------------------------------------------------------------------------------------------
                                             16.165964   data required time
                                             -7.087514   data arrival time
---------------------------------------------------------------------------------------------
                                              9.078449   slack (MET)


Startpoint: rst_n (input port clocked by clk)
Endpoint: _808_ (recovery check against rising-edge clock clk)
Path Group: asynchronous
Path Type: max

Fanout         Cap        Slew       Delay        Time   Description
---------------------------------------------------------------------------------------------
                                  0.000000    0.000000   clock clk (rise edge)
                                  0.000000    0.000000   clock network delay (propagated)
                                  3.200000    3.200000 ^ input external delay
     2    0.010205    0.049982    0.017902    3.217902 ^ rst_n (in)
                                                         rst_n (net)
                      0.049982    0.000000    3.217902 ^ input38/I (gf180mcu_fd_sc_mcu7t5v0__dlyb_1)
     1    0.008384    0.136510    0.542173    3.760076 ^ input38/Z (gf180mcu_fd_sc_mcu7t5v0__dlyb_1)
                                                         net38 (net)
                      0.136510    0.000211    3.760287 ^ fanout134/I (gf180mcu_fd_sc_mcu7t5v0__dlyb_1)
     5    0.097080    1.064006    1.100393    4.860680 ^ fanout134/Z (gf180mcu_fd_sc_mcu7t5v0__dlyb_1)
                                                         net134 (net)
                      1.064013    0.001586    4.862266 ^ fanout127/I (gf180mcu_fd_sc_mcu7t5v0__dlyb_1)
    11    0.125556    1.366046    1.262763    6.125029 ^ fanout127/Z (gf180mcu_fd_sc_mcu7t5v0__dlyb_1)
                                                         net127 (net)
                      1.366046    0.000693    6.125722 ^ fanout126/I (gf180mcu_fd_sc_mcu7t5v0__dlyb_1)
     9    0.080071    0.882950    0.957424    7.083146 ^ fanout126/Z (gf180mcu_fd_sc_mcu7t5v0__dlyb_1)
                                                         net126 (net)
                      0.883014    0.004246    7.087392 ^ _808_/RN (gf180mcu_fd_sc_mcu7t5v0__dffrnq_1)
                                              7.087392   data arrival time

                                 16.000000   16.000000   clock clk (rise edge)
                                  0.000000   16.000000   clock source latency
     2    0.092910    0.000000    0.000000   16.000000 ^ clk (in)
                                                         clk (net)
                      0.025556    0.010454   16.010454 ^ clkbuf_0_clk/I (gf180mcu_fd_sc_mcu7t5v0__clkbuf_16)
     8    0.205666    0.162120    0.208070   16.218523 ^ clkbuf_0_clk/Z (gf180mcu_fd_sc_mcu7t5v0__clkbuf_16)
                                                         clknet_0_clk (net)
                      0.163506    0.010019   16.228542 ^ clkbuf_3_1_0_clk/I (gf180mcu_fd_sc_mcu7t5v0__clkbuf_8)
    16    0.119720    0.182888    0.245032   16.473576 ^ clkbuf_3_1_0_clk/Z (gf180mcu_fd_sc_mcu7t5v0__clkbuf_8)
                                                         clknet_3_1_0_clk (net)
                      0.183358    0.004643   16.478218 ^ _808_/CLK (gf180mcu_fd_sc_mcu7t5v0__dffrnq_1)
                                 -0.250000   16.228220   clock uncertainty
                                  0.000000   16.228220   clock reconvergence pessimism
                                 -0.062302   16.165916   library recovery time
                                             16.165916   data required time
---------------------------------------------------------------------------------------------
                                             16.165916   data required time
                                             -7.087392   data arrival time
---------------------------------------------------------------------------------------------
                                              9.078525   slack (MET)


Startpoint: rst_n (input port clocked by clk)
Endpoint: _814_ (recovery check against rising-edge clock clk)
Path Group: asynchronous
Path Type: max

Fanout         Cap        Slew       Delay        Time   Description
---------------------------------------------------------------------------------------------
                                  0.000000    0.000000   clock clk (rise edge)
                                  0.000000    0.000000   clock network delay (propagated)
                                  3.200000    3.200000 ^ input external delay
     2    0.010205    0.049982    0.017902    3.217902 ^ rst_n (in)
                                                         rst_n (net)
                      0.049982    0.000000    3.217902 ^ input38/I (gf180mcu_fd_sc_mcu7t5v0__dlyb_1)
     1    0.008384    0.136510    0.542173    3.760076 ^ input38/Z (gf180mcu_fd_sc_mcu7t5v0__dlyb_1)
                                                         net38 (net)
                      0.136510    0.000211    3.760287 ^ fanout134/I (gf180mcu_fd_sc_mcu7t5v0__dlyb_1)
     5    0.097080    1.064006    1.100393    4.860680 ^ fanout134/Z (gf180mcu_fd_sc_mcu7t5v0__dlyb_1)
                                                         net134 (net)
                      1.064013    0.001586    4.862266 ^ fanout127/I (gf180mcu_fd_sc_mcu7t5v0__dlyb_1)
    11    0.125556    1.366046    1.262763    6.125029 ^ fanout127/Z (gf180mcu_fd_sc_mcu7t5v0__dlyb_1)
                                                         net127 (net)
                      1.366046    0.000693    6.125722 ^ fanout126/I (gf180mcu_fd_sc_mcu7t5v0__dlyb_1)
     9    0.080071    0.882950    0.957424    7.083146 ^ fanout126/Z (gf180mcu_fd_sc_mcu7t5v0__dlyb_1)
                                                         net126 (net)
                      0.883012    0.004168    7.087314 ^ _814_/RN (gf180mcu_fd_sc_mcu7t5v0__dffrnq_1)
                                              7.087314   data arrival time

                                 16.000000   16.000000   clock clk (rise edge)
                                  0.000000   16.000000   clock source latency
     2    0.092910    0.000000    0.000000   16.000000 ^ clk (in)
                                                         clk (net)
                      0.025556    0.010454   16.010454 ^ clkbuf_0_clk/I (gf180mcu_fd_sc_mcu7t5v0__clkbuf_16)
     8    0.205666    0.162120    0.208070   16.218523 ^ clkbuf_0_clk/Z (gf180mcu_fd_sc_mcu7t5v0__clkbuf_16)
                                                         clknet_0_clk (net)
                      0.163506    0.010019   16.228542 ^ clkbuf_3_1_0_clk/I (gf180mcu_fd_sc_mcu7t5v0__clkbuf_8)
    16    0.119720    0.182888    0.245032   16.473576 ^ clkbuf_3_1_0_clk/Z (gf180mcu_fd_sc_mcu7t5v0__clkbuf_8)
                                                         clknet_3_1_0_clk (net)
                      0.183630    0.006322   16.479897 ^ _814_/CLK (gf180mcu_fd_sc_mcu7t5v0__dffrnq_1)
                                 -0.250000   16.229898   clock uncertainty
                                  0.000000   16.229898   clock reconvergence pessimism
                                 -0.062251   16.167646   library recovery time
                                             16.167646   data required time
---------------------------------------------------------------------------------------------
                                             16.167646   data required time
                                             -7.087314   data arrival time
---------------------------------------------------------------------------------------------
                                              9.080333   slack (MET)


Startpoint: rst_n (input port clocked by clk)
Endpoint: _809_ (recovery check against rising-edge clock clk)
Path Group: asynchronous
Path Type: max

Fanout         Cap        Slew       Delay        Time   Description
---------------------------------------------------------------------------------------------
                                  0.000000    0.000000   clock clk (rise edge)
                                  0.000000    0.000000   clock network delay (propagated)
                                  3.200000    3.200000 ^ input external delay
     2    0.010205    0.049982    0.017902    3.217902 ^ rst_n (in)
                                                         rst_n (net)
                      0.049982    0.000000    3.217902 ^ input38/I (gf180mcu_fd_sc_mcu7t5v0__dlyb_1)
     1    0.008384    0.136510    0.542173    3.760076 ^ input38/Z (gf180mcu_fd_sc_mcu7t5v0__dlyb_1)
                                                         net38 (net)
                      0.136510    0.000211    3.760287 ^ fanout134/I (gf180mcu_fd_sc_mcu7t5v0__dlyb_1)
     5    0.097080    1.064006    1.100393    4.860680 ^ fanout134/Z (gf180mcu_fd_sc_mcu7t5v0__dlyb_1)
                                                         net134 (net)
                      1.064013    0.001586    4.862266 ^ fanout127/I (gf180mcu_fd_sc_mcu7t5v0__dlyb_1)
    11    0.125556    1.366046    1.262763    6.125029 ^ fanout127/Z (gf180mcu_fd_sc_mcu7t5v0__dlyb_1)
                                                         net127 (net)
                      1.366046    0.000693    6.125722 ^ fanout126/I (gf180mcu_fd_sc_mcu7t5v0__dlyb_1)
     9    0.080071    0.882950    0.957424    7.083146 ^ fanout126/Z (gf180mcu_fd_sc_mcu7t5v0__dlyb_1)
                                                         net126 (net)
                      0.882996    0.003615    7.086761 ^ _809_/RN (gf180mcu_fd_sc_mcu7t5v0__dffrnq_1)
                                              7.086761   data arrival time

                                 16.000000   16.000000   clock clk (rise edge)
                                  0.000000   16.000000   clock source latency
     2    0.092910    0.000000    0.000000   16.000000 ^ clk (in)
                                                         clk (net)
                      0.025556    0.010454   16.010454 ^ clkbuf_0_clk/I (gf180mcu_fd_sc_mcu7t5v0__clkbuf_16)
     8    0.205666    0.162120    0.208070   16.218523 ^ clkbuf_0_clk/Z (gf180mcu_fd_sc_mcu7t5v0__clkbuf_16)
                                                         clknet_0_clk (net)
                      0.163506    0.010019   16.228542 ^ clkbuf_3_1_0_clk/I (gf180mcu_fd_sc_mcu7t5v0__clkbuf_8)
    16    0.119720    0.182888    0.245032   16.473576 ^ clkbuf_3_1_0_clk/Z (gf180mcu_fd_sc_mcu7t5v0__clkbuf_8)
                                                         clknet_3_1_0_clk (net)
                      0.183754    0.007011   16.480587 ^ _809_/CLK (gf180mcu_fd_sc_mcu7t5v0__dffrnq_1)
                                 -0.250000   16.230587   clock uncertainty
                                  0.000000   16.230587   clock reconvergence pessimism
                                 -0.062222   16.168365   library recovery time
                                             16.168365   data required time
---------------------------------------------------------------------------------------------
                                             16.168365   data required time
                                             -7.086761   data arrival time
---------------------------------------------------------------------------------------------
                                              9.081603   slack (MET)


Startpoint: rst_n (input port clocked by clk)
Endpoint: _811_ (recovery check against rising-edge clock clk)
Path Group: asynchronous
Path Type: max

Fanout         Cap        Slew       Delay        Time   Description
---------------------------------------------------------------------------------------------
                                  0.000000    0.000000   clock clk (rise edge)
                                  0.000000    0.000000   clock network delay (propagated)
                                  3.200000    3.200000 ^ input external delay
     2    0.010205    0.049982    0.017902    3.217902 ^ rst_n (in)
                                                         rst_n (net)
                      0.049982    0.000000    3.217902 ^ input38/I (gf180mcu_fd_sc_mcu7t5v0__dlyb_1)
     1    0.008384    0.136510    0.542173    3.760076 ^ input38/Z (gf180mcu_fd_sc_mcu7t5v0__dlyb_1)
                                                         net38 (net)
                      0.136510    0.000211    3.760287 ^ fanout134/I (gf180mcu_fd_sc_mcu7t5v0__dlyb_1)
     5    0.097080    1.064006    1.100393    4.860680 ^ fanout134/Z (gf180mcu_fd_sc_mcu7t5v0__dlyb_1)
                                                         net134 (net)
                      1.064013    0.001586    4.862266 ^ fanout127/I (gf180mcu_fd_sc_mcu7t5v0__dlyb_1)
    11    0.125556    1.366046    1.262763    6.125029 ^ fanout127/Z (gf180mcu_fd_sc_mcu7t5v0__dlyb_1)
                                                         net127 (net)
                      1.366046    0.000693    6.125722 ^ fanout126/I (gf180mcu_fd_sc_mcu7t5v0__dlyb_1)
     9    0.080071    0.882950    0.957424    7.083146 ^ fanout126/Z (gf180mcu_fd_sc_mcu7t5v0__dlyb_1)
                                                         net126 (net)
                      0.882990    0.003337    7.086483 ^ _811_/RN (gf180mcu_fd_sc_mcu7t5v0__dffrnq_1)
                                              7.086483   data arrival time

                                 16.000000   16.000000   clock clk (rise edge)
                                  0.000000   16.000000   clock source latency
     2    0.092910    0.000000    0.000000   16.000000 ^ clk (in)
                                                         clk (net)
                      0.025556    0.010454   16.010454 ^ clkbuf_0_clk/I (gf180mcu_fd_sc_mcu7t5v0__clkbuf_16)
     8    0.205666    0.162120    0.208070   16.218523 ^ clkbuf_0_clk/Z (gf180mcu_fd_sc_mcu7t5v0__clkbuf_16)
                                                         clknet_0_clk (net)
                      0.163506    0.010019   16.228542 ^ clkbuf_3_1_0_clk/I (gf180mcu_fd_sc_mcu7t5v0__clkbuf_8)
    16    0.119720    0.182888    0.245032   16.473576 ^ clkbuf_3_1_0_clk/Z (gf180mcu_fd_sc_mcu7t5v0__clkbuf_8)
                                                         clknet_3_1_0_clk (net)
                      0.183844    0.007487   16.481062 ^ _811_/CLK (gf180mcu_fd_sc_mcu7t5v0__dffrnq_1)
                                 -0.250000   16.231064   clock uncertainty
                                  0.000000   16.231064   clock reconvergence pessimism
                                 -0.062203   16.168861   library recovery time
                                             16.168861   data required time
---------------------------------------------------------------------------------------------
                                             16.168861   data required time
                                             -7.086483   data arrival time
---------------------------------------------------------------------------------------------
                                              9.082377   slack (MET)


Startpoint: core_din_ready_i (input port clocked by clk)
Endpoint: _806_ (rising edge-triggered flip-flop clocked by clk)
Path Group: clk
Path Type: max

Fanout         Cap        Slew       Delay        Time   Description
---------------------------------------------------------------------------------------------
                                  0.000000    0.000000   clock clk (rise edge)
                                  0.000000    0.000000   clock network delay (propagated)
                                  3.200000    3.200000 v input external delay
     2    0.005392    0.018393    0.004703    3.204703 v core_din_ready_i (in)
                                                         core_din_ready_i (net)
                      0.018393    0.000000    3.204703 v input1/I (gf180mcu_fd_sc_mcu7t5v0__dlyb_1)
     1    0.094091    0.646477    0.965558    4.170261 v input1/Z (gf180mcu_fd_sc_mcu7t5v0__dlyb_1)
                                                         net1 (net)
                      0.648024    0.017943    4.188204 v _448_/A1 (gf180mcu_fd_sc_mcu7t5v0__nand2_1)
     2    0.010100    0.261928    0.259756    4.447960 ^ _448_/ZN (gf180mcu_fd_sc_mcu7t5v0__nand2_1)
                                                         _165_ (net)
                      0.261928    0.000087    4.448048 ^ _449_/I (gf180mcu_fd_sc_mcu7t5v0__clkinv_1)
     1    0.005178    0.118442    0.097507    4.545555 v _449_/ZN (gf180mcu_fd_sc_mcu7t5v0__clkinv_1)
                                                         _166_ (net)
                      0.118442    0.000097    4.545652 v _451_/A2 (gf180mcu_fd_sc_mcu7t5v0__oai21_1)
     5    0.051442    1.013460    0.628884    5.174537 ^ _451_/ZN (gf180mcu_fd_sc_mcu7t5v0__oai21_1)
                                                         _167_ (net)
                      1.013460    0.000496    5.175033 ^ _452_/I (gf180mcu_fd_sc_mcu7t5v0__clkinv_1)
     9    0.077908    0.882401    0.722837    5.897870 v _452_/ZN (gf180mcu_fd_sc_mcu7t5v0__clkinv_1)
                                                         net96 (net)
                      0.882454    0.003869    5.901738 v _687_/A1 (gf180mcu_fd_sc_mcu7t5v0__nand2_1)
     8    0.052660    0.699745    0.639461    6.541199 ^ _687_/ZN (gf180mcu_fd_sc_mcu7t5v0__nand2_1)
                                                         _314_ (net)
                      0.699747    0.001597    6.542795 ^ _688_/B (gf180mcu_fd_sc_mcu7t5v0__aoi21_1)
     1    0.005134    0.324290    0.188377    6.731173 v _688_/ZN (gf180mcu_fd_sc_mcu7t5v0__aoi21_1)
                                                         _315_ (net)
                      0.324290    0.000057    6.731230 v _689_/B (gf180mcu_fd_sc_mcu7t5v0__aoi21_1)
     1    0.005047    0.277119    0.206277    6.937507 ^ _689_/ZN (gf180mcu_fd_sc_mcu7t5v0__aoi21_1)
                                                         _075_ (net)
                      0.277119    0.000103    6.937609 ^ _806_/D (gf180mcu_fd_sc_mcu7t5v0__dffrnq_1)
                                              6.937609   data arrival time

                                 16.000000   16.000000   clock clk (rise edge)
                                  0.000000   16.000000   clock source latency
     2    0.092910    0.000000    0.000000   16.000000 ^ clk (in)
                                                         clk (net)
                      0.025556    0.010454   16.010454 ^ clkbuf_0_clk/I (gf180mcu_fd_sc_mcu7t5v0__clkbuf_16)
     8    0.205666    0.162120    0.208070   16.218523 ^ clkbuf_0_clk/Z (gf180mcu_fd_sc_mcu7t5v0__clkbuf_16)
                                                         clknet_0_clk (net)
                      0.163506    0.010019   16.228542 ^ clkbuf_3_1_0_clk/I (gf180mcu_fd_sc_mcu7t5v0__clkbuf_8)
    16    0.119720    0.182888    0.245032   16.473576 ^ clkbuf_3_1_0_clk/Z (gf180mcu_fd_sc_mcu7t5v0__clkbuf_8)
                                                         clknet_3_1_0_clk (net)
                      0.183364    0.004690   16.478264 ^ _806_/CLK (gf180mcu_fd_sc_mcu7t5v0__dffrnq_1)
                                 -0.250000   16.228266   clock uncertainty
                                  0.000000   16.228266   clock reconvergence pessimism
                                 -0.199914   16.028353   library setup time
                                             16.028353   data required time
---------------------------------------------------------------------------------------------
                                             16.028353   data required time
                                             -6.937609   data arrival time
---------------------------------------------------------------------------------------------
                                              9.090743   slack (MET)


Startpoint: core_din_ready_i (input port clocked by clk)
Endpoint: _809_ (rising edge-triggered flip-flop clocked by clk)
Path Group: clk
Path Type: max

Fanout         Cap        Slew       Delay        Time   Description
---------------------------------------------------------------------------------------------
                                  0.000000    0.000000   clock clk (rise edge)
                                  0.000000    0.000000   clock network delay (propagated)
                                  3.200000    3.200000 v input external delay
     2    0.005392    0.018393    0.004703    3.204703 v core_din_ready_i (in)
                                                         core_din_ready_i (net)
                      0.018393    0.000000    3.204703 v input1/I (gf180mcu_fd_sc_mcu7t5v0__dlyb_1)
     1    0.094091    0.646477    0.965558    4.170261 v input1/Z (gf180mcu_fd_sc_mcu7t5v0__dlyb_1)
                                                         net1 (net)
                      0.648024    0.017943    4.188204 v _448_/A1 (gf180mcu_fd_sc_mcu7t5v0__nand2_1)
     2    0.010100    0.261928    0.259756    4.447960 ^ _448_/ZN (gf180mcu_fd_sc_mcu7t5v0__nand2_1)
                                                         _165_ (net)
                      0.261928    0.000087    4.448048 ^ _449_/I (gf180mcu_fd_sc_mcu7t5v0__clkinv_1)
     1    0.005178    0.118442    0.097507    4.545555 v _449_/ZN (gf180mcu_fd_sc_mcu7t5v0__clkinv_1)
                                                         _166_ (net)
                      0.118442    0.000097    4.545652 v _451_/A2 (gf180mcu_fd_sc_mcu7t5v0__oai21_1)
     5    0.051442    1.013460    0.628884    5.174537 ^ _451_/ZN (gf180mcu_fd_sc_mcu7t5v0__oai21_1)
                                                         _167_ (net)
                      1.013460    0.000496    5.175033 ^ _452_/I (gf180mcu_fd_sc_mcu7t5v0__clkinv_1)
     9    0.077908    0.882401    0.722837    5.897870 v _452_/ZN (gf180mcu_fd_sc_mcu7t5v0__clkinv_1)
                                                         net96 (net)
                      0.882454    0.003869    5.901738 v _687_/A1 (gf180mcu_fd_sc_mcu7t5v0__nand2_1)
     8    0.052660    0.699745    0.639461    6.541199 ^ _687_/ZN (gf180mcu_fd_sc_mcu7t5v0__nand2_1)
                                                         _314_ (net)
                      0.699746    0.000978    6.542177 ^ _705_/B (gf180mcu_fd_sc_mcu7t5v0__aoi21_1)
     1    0.007714    0.328486    0.211462    6.753639 v _705_/ZN (gf180mcu_fd_sc_mcu7t5v0__aoi21_1)
                                                         _329_ (net)
                      0.328486    0.000169    6.753808 v _708_/A2 (gf180mcu_fd_sc_mcu7t5v0__oai21_1)
     1    0.006103    0.223790    0.193669    6.947476 ^ _708_/ZN (gf180mcu_fd_sc_mcu7t5v0__oai21_1)
                                                         _078_ (net)
                      0.223790    0.000139    6.947616 ^ _809_/D (gf180mcu_fd_sc_mcu7t5v0__dffrnq_1)
                                              6.947616   data arrival time

                                 16.000000   16.000000   clock clk (rise edge)
                                  0.000000   16.000000   clock source latency
     2    0.092910    0.000000    0.000000   16.000000 ^ clk (in)
                                                         clk (net)
                      0.025556    0.010454   16.010454 ^ clkbuf_0_clk/I (gf180mcu_fd_sc_mcu7t5v0__clkbuf_16)
     8    0.205666    0.162120    0.208070   16.218523 ^ clkbuf_0_clk/Z (gf180mcu_fd_sc_mcu7t5v0__clkbuf_16)
                                                         clknet_0_clk (net)
                      0.163506    0.010019   16.228542 ^ clkbuf_3_1_0_clk/I (gf180mcu_fd_sc_mcu7t5v0__clkbuf_8)
    16    0.119720    0.182888    0.245032   16.473576 ^ clkbuf_3_1_0_clk/Z (gf180mcu_fd_sc_mcu7t5v0__clkbuf_8)
                                                         clknet_3_1_0_clk (net)
                      0.183754    0.007011   16.480587 ^ _809_/CLK (gf180mcu_fd_sc_mcu7t5v0__dffrnq_1)
                                 -0.250000   16.230587   clock uncertainty
                                  0.000000   16.230587   clock reconvergence pessimism
                                 -0.191929   16.038656   library setup time
                                             16.038656   data required time
---------------------------------------------------------------------------------------------
                                             16.038656   data required time
                                             -6.947616   data arrival time
---------------------------------------------------------------------------------------------
                                              9.091041   slack (MET)


Startpoint: din[1] (input port clocked by clk)
Endpoint: _808_ (rising edge-triggered flip-flop clocked by clk)
Path Group: clk
Path Type: max

Fanout         Cap        Slew       Delay        Time   Description
---------------------------------------------------------------------------------------------
                                  0.000000    0.000000   clock clk (rise edge)
                                  0.000000    0.000000   clock network delay (propagated)
                                  3.200000    3.200000 ^ input external delay
     2    0.007665    0.043339    0.013652    3.213651 ^ din[1] (in)
                                                         din[1] (net)
                      0.043339    0.000000    3.213651 ^ input30/I (gf180mcu_fd_sc_mcu7t5v0__dlyb_1)
     8    0.063326    0.705812    0.881184    4.094835 ^ input30/Z (gf180mcu_fd_sc_mcu7t5v0__dlyb_1)
                                                         net30 (net)
                      0.705826    0.001778    4.096613 ^ _388_/I (gf180mcu_fd_sc_mcu7t5v0__clkinv_1)
    10    0.235297    2.393832    1.600169    5.696783 v _388_/ZN (gf180mcu_fd_sc_mcu7t5v0__clkinv_1)
                                                         _109_ (net)
                      2.393943    0.009570    5.706353 v _695_/A1 (gf180mcu_fd_sc_mcu7t5v0__xor2_1)
     2    0.012175    0.617144    0.881824    6.588176 v _695_/Z (gf180mcu_fd_sc_mcu7t5v0__xor2_1)
                                                         _320_ (net)
                      0.617144    0.000177    6.588353 v _700_/A1 (gf180mcu_fd_sc_mcu7t5v0__aoi22_1)
     1    0.007240    0.380983    0.324204    6.912558 ^ _700_/ZN (gf180mcu_fd_sc_mcu7t5v0__aoi22_1)
                                                         _325_ (net)
                      0.380983    0.000155    6.912712 ^ _702_/A2 (gf180mcu_fd_sc_mcu7t5v0__oai21_1)
     1    0.003401    0.199739    0.101730    7.014442 v _702_/ZN (gf180mcu_fd_sc_mcu7t5v0__oai21_1)
                                                         _077_ (net)
                      0.199739    0.000033    7.014475 v _808_/D (gf180mcu_fd_sc_mcu7t5v0__dffrnq_1)
                                              7.014475   data arrival time

                                 16.000000   16.000000   clock clk (rise edge)
                                  0.000000   16.000000   clock source latency
     2    0.092910    0.000000    0.000000   16.000000 ^ clk (in)
                                                         clk (net)
                      0.025556    0.010454   16.010454 ^ clkbuf_0_clk/I (gf180mcu_fd_sc_mcu7t5v0__clkbuf_16)
     8    0.205666    0.162120    0.208070   16.218523 ^ clkbuf_0_clk/Z (gf180mcu_fd_sc_mcu7t5v0__clkbuf_16)
                                                         clknet_0_clk (net)
                      0.163506    0.010019   16.228542 ^ clkbuf_3_1_0_clk/I (gf180mcu_fd_sc_mcu7t5v0__clkbuf_8)
    16    0.119720    0.182888    0.245032   16.473576 ^ clkbuf_3_1_0_clk/Z (gf180mcu_fd_sc_mcu7t5v0__clkbuf_8)
                                                         clknet_3_1_0_clk (net)
                      0.183358    0.004643   16.478218 ^ _808_/CLK (gf180mcu_fd_sc_mcu7t5v0__dffrnq_1)
                                 -0.250000   16.228220   clock uncertainty
                                  0.000000   16.228220   clock reconvergence pessimism
                                 -0.101159   16.127062   library setup time
                                             16.127062   data required time
---------------------------------------------------------------------------------------------
                                             16.127062   data required time
                                             -7.014475   data arrival time
---------------------------------------------------------------------------------------------
                                              9.112587   slack (MET)


Startpoint: din[5] (input port clocked by clk)
Endpoint: _810_ (rising edge-triggered flip-flop clocked by clk)
Path Group: clk
Path Type: max

Fanout         Cap        Slew       Delay        Time   Description
---------------------------------------------------------------------------------------------
                                  0.000000    0.000000   clock clk (rise edge)
                                  0.000000    0.000000   clock network delay (propagated)
                                  3.200000    3.200000 v input external delay
     2    0.008198    0.023478    0.007272    3.207272 v din[5] (in)
                                                         din[5] (net)
                      0.023478    0.000000    3.207272 v input34/I (gf180mcu_fd_sc_mcu7t5v0__clkbuf_2)
     7    0.291337    1.473426    0.983923    4.191195 v input34/Z (gf180mcu_fd_sc_mcu7t5v0__clkbuf_2)
                                                         net34 (net)
                      1.473691    0.011715    4.202909 v _472_/A2 (gf180mcu_fd_sc_mcu7t5v0__or2_1)
     2    0.008933    0.174290    0.624027    4.826937 v _472_/Z (gf180mcu_fd_sc_mcu7t5v0__or2_1)
                                                         _184_ (net)
                      0.174290    0.000154    4.827091 v _474_/A4 (gf180mcu_fd_sc_mcu7t5v0__nor4_1)
     4    0.023013    0.986615    0.614281    5.441372 ^ _474_/ZN (gf180mcu_fd_sc_mcu7t5v0__nor4_1)
                                                         _186_ (net)
                      0.986615    0.000408    5.441780 ^ _482_/B (gf180mcu_fd_sc_mcu7t5v0__aoi21_1)
     1    0.005685    0.382066    0.208676    5.650455 v _482_/ZN (gf180mcu_fd_sc_mcu7t5v0__aoi21_1)
                                                         _194_ (net)
                      0.382066    0.000060    5.650515 v _498_/A2 (gf180mcu_fd_sc_mcu7t5v0__oai21_1)
     4    0.033540    0.723155    0.481915    6.132430 ^ _498_/ZN (gf180mcu_fd_sc_mcu7t5v0__oai21_1)
                                                         _208_ (net)
                      0.723155    0.000522    6.132952 ^ _686_/A2 (gf180mcu_fd_sc_mcu7t5v0__and2_1)
     7    0.040712    0.471341    0.438212    6.571164 ^ _686_/Z (gf180mcu_fd_sc_mcu7t5v0__and2_1)
                                                         _313_ (net)
                      0.471344    0.000703    6.571867 ^ _712_/A1 (gf180mcu_fd_sc_mcu7t5v0__nand2_1)
     1    0.005883    0.171619    0.103225    6.675092 v _712_/ZN (gf180mcu_fd_sc_mcu7t5v0__nand2_1)
                                                         _335_ (net)
                      0.171619    0.000115    6.675207 v _715_/A2 (gf180mcu_fd_sc_mcu7t5v0__aoi22_1)
     1    0.005913    0.279870    0.195359    6.870565 ^ _715_/ZN (gf180mcu_fd_sc_mcu7t5v0__aoi22_1)
                                                         _079_ (net)
                      0.279870    0.000136    6.870702 ^ _810_/D (gf180mcu_fd_sc_mcu7t5v0__dffrnq_1)
                                              6.870702   data arrival time

                                 16.000000   16.000000   clock clk (rise edge)
                                  0.000000   16.000000   clock source latency
     2    0.092910    0.000000    0.000000   16.000000 ^ clk (in)
                                                         clk (net)
                      0.025556    0.010454   16.010454 ^ clkbuf_0_clk/I (gf180mcu_fd_sc_mcu7t5v0__clkbuf_16)
     8    0.205666    0.162120    0.208070   16.218523 ^ clkbuf_0_clk/Z (gf180mcu_fd_sc_mcu7t5v0__clkbuf_16)
                                                         clknet_0_clk (net)
                      0.163540    0.010152   16.228676 ^ clkbuf_3_0_0_clk/I (gf180mcu_fd_sc_mcu7t5v0__clkbuf_8)
    12    0.099450    0.159395    0.230900   16.459576 ^ clkbuf_3_0_0_clk/Z (gf180mcu_fd_sc_mcu7t5v0__clkbuf_8)
                                                         clknet_3_0_0_clk (net)
                      0.159614    0.005983   16.465559 ^ _810_/CLK (gf180mcu_fd_sc_mcu7t5v0__dffrnq_1)
                                 -0.250000   16.215559   clock uncertainty
                                  0.000000   16.215559   clock reconvergence pessimism
                                 -0.204332   16.011227   library setup time
                                             16.011227   data required time
---------------------------------------------------------------------------------------------
                                             16.011227   data required time
                                             -6.870702   data arrival time
---------------------------------------------------------------------------------------------
                                              9.140525   slack (MET)


Startpoint: din[5] (input port clocked by clk)
Endpoint: _807_ (rising edge-triggered flip-flop clocked by clk)
Path Group: clk
Path Type: max

Fanout         Cap        Slew       Delay        Time   Description
---------------------------------------------------------------------------------------------
                                  0.000000    0.000000   clock clk (rise edge)
                                  0.000000    0.000000   clock network delay (propagated)
                                  3.200000    3.200000 v input external delay
     2    0.008198    0.023478    0.007272    3.207272 v din[5] (in)
                                                         din[5] (net)
                      0.023478    0.000000    3.207272 v input34/I (gf180mcu_fd_sc_mcu7t5v0__clkbuf_2)
     7    0.291337    1.473426    0.983923    4.191195 v input34/Z (gf180mcu_fd_sc_mcu7t5v0__clkbuf_2)
                                                         net34 (net)
                      1.473691    0.011715    4.202909 v _472_/A2 (gf180mcu_fd_sc_mcu7t5v0__or2_1)
     2    0.008933    0.174290    0.624027    4.826937 v _472_/Z (gf180mcu_fd_sc_mcu7t5v0__or2_1)
                                                         _184_ (net)
                      0.174290    0.000154    4.827091 v _474_/A4 (gf180mcu_fd_sc_mcu7t5v0__nor4_1)
     4    0.023013    0.986615    0.614281    5.441372 ^ _474_/ZN (gf180mcu_fd_sc_mcu7t5v0__nor4_1)
                                                         _186_ (net)
                      0.986615    0.000408    5.441780 ^ _482_/B (gf180mcu_fd_sc_mcu7t5v0__aoi21_1)
     1    0.005685    0.382066    0.208676    5.650455 v _482_/ZN (gf180mcu_fd_sc_mcu7t5v0__aoi21_1)
                                                         _194_ (net)
                      0.382066    0.000060    5.650515 v _498_/A2 (gf180mcu_fd_sc_mcu7t5v0__oai21_1)
     4    0.033540    0.723155    0.481915    6.132430 ^ _498_/ZN (gf180mcu_fd_sc_mcu7t5v0__oai21_1)
                                                         _208_ (net)
                      0.723155    0.000522    6.132952 ^ _686_/A2 (gf180mcu_fd_sc_mcu7t5v0__and2_1)
     7    0.040712    0.471341    0.438212    6.571164 ^ _686_/Z (gf180mcu_fd_sc_mcu7t5v0__and2_1)
                                                         _313_ (net)
                      0.471348    0.001017    6.572181 ^ _693_/A1 (gf180mcu_fd_sc_mcu7t5v0__nand2_1)
     1    0.004939    0.162777    0.094061    6.666242 v _693_/ZN (gf180mcu_fd_sc_mcu7t5v0__nand2_1)
                                                         _319_ (net)
                      0.162777    0.000047    6.666288 v _694_/B (gf180mcu_fd_sc_mcu7t5v0__oai21_1)
     1    0.006524    0.225607    0.163461    6.829750 ^ _694_/ZN (gf180mcu_fd_sc_mcu7t5v0__oai21_1)
                                                         _076_ (net)
                      0.225607    0.000155    6.829905 ^ _807_/D (gf180mcu_fd_sc_mcu7t5v0__dffrnq_1)
                                              6.829905   data arrival time

                                 16.000000   16.000000   clock clk (rise edge)
                                  0.000000   16.000000   clock source latency
     2    0.092910    0.000000    0.000000   16.000000 ^ clk (in)
                                                         clk (net)
                      0.025556    0.010454   16.010454 ^ clkbuf_0_clk/I (gf180mcu_fd_sc_mcu7t5v0__clkbuf_16)
     8    0.205666    0.162120    0.208070   16.218523 ^ clkbuf_0_clk/Z (gf180mcu_fd_sc_mcu7t5v0__clkbuf_16)
                                                         clknet_0_clk (net)
                      0.163540    0.010152   16.228676 ^ clkbuf_3_0_0_clk/I (gf180mcu_fd_sc_mcu7t5v0__clkbuf_8)
    12    0.099450    0.159395    0.230900   16.459576 ^ clkbuf_3_0_0_clk/Z (gf180mcu_fd_sc_mcu7t5v0__clkbuf_8)
                                                         clknet_3_0_0_clk (net)
                      0.159566    0.005521   16.465096 ^ _807_/CLK (gf180mcu_fd_sc_mcu7t5v0__dffrnq_1)
                                 -0.250000   16.215097   clock uncertainty
                                  0.000000   16.215097   clock reconvergence pessimism
                                 -0.196437   16.018661   library setup time
                                             16.018661   data required time
---------------------------------------------------------------------------------------------
                                             16.018661   data required time
                                             -6.829905   data arrival time
---------------------------------------------------------------------------------------------
                                              9.188757   slack (MET)


Startpoint: din[5] (input port clocked by clk)
Endpoint: _811_ (rising edge-triggered flip-flop clocked by clk)
Path Group: clk
Path Type: max

Fanout         Cap        Slew       Delay        Time   Description
---------------------------------------------------------------------------------------------
                                  0.000000    0.000000   clock clk (rise edge)
                                  0.000000    0.000000   clock network delay (propagated)
                                  3.200000    3.200000 v input external delay
     2    0.008198    0.023478    0.007272    3.207272 v din[5] (in)
                                                         din[5] (net)
                      0.023478    0.000000    3.207272 v input34/I (gf180mcu_fd_sc_mcu7t5v0__clkbuf_2)
     7    0.291337    1.473426    0.983923    4.191195 v input34/Z (gf180mcu_fd_sc_mcu7t5v0__clkbuf_2)
                                                         net34 (net)
                      1.473691    0.011715    4.202909 v _472_/A2 (gf180mcu_fd_sc_mcu7t5v0__or2_1)
     2    0.008933    0.174290    0.624027    4.826937 v _472_/Z (gf180mcu_fd_sc_mcu7t5v0__or2_1)
                                                         _184_ (net)
                      0.174290    0.000154    4.827091 v _474_/A4 (gf180mcu_fd_sc_mcu7t5v0__nor4_1)
     4    0.023013    0.986615    0.614281    5.441372 ^ _474_/ZN (gf180mcu_fd_sc_mcu7t5v0__nor4_1)
                                                         _186_ (net)
                      0.986615    0.000408    5.441780 ^ _482_/B (gf180mcu_fd_sc_mcu7t5v0__aoi21_1)
     1    0.005685    0.382066    0.208676    5.650455 v _482_/ZN (gf180mcu_fd_sc_mcu7t5v0__aoi21_1)
                                                         _194_ (net)
                      0.382066    0.000060    5.650515 v _498_/A2 (gf180mcu_fd_sc_mcu7t5v0__oai21_1)
     4    0.033540    0.723155    0.481915    6.132430 ^ _498_/ZN (gf180mcu_fd_sc_mcu7t5v0__oai21_1)
                                                         _208_ (net)
                      0.723155    0.000522    6.132952 ^ _686_/A2 (gf180mcu_fd_sc_mcu7t5v0__and2_1)
     7    0.040712    0.471341    0.438212    6.571164 ^ _686_/Z (gf180mcu_fd_sc_mcu7t5v0__and2_1)
                                                         _313_ (net)
                      0.471342    0.000502    6.571666 ^ _711_/A1 (gf180mcu_fd_sc_mcu7t5v0__and2_1)
     1    0.005079    0.105617    0.228857    6.800523 ^ _711_/Z (gf180mcu_fd_sc_mcu7t5v0__and2_1)
                                                         _334_ (net)
                      0.105617    0.000049    6.800572 ^ _718_/A2 (gf180mcu_fd_sc_mcu7t5v0__oai22_1)
     1    0.007905    0.265919    0.122246    6.922818 v _718_/ZN (gf180mcu_fd_sc_mcu7t5v0__oai22_1)
                                                         _080_ (net)
                      0.265919    0.000195    6.923014 v _811_/D (gf180mcu_fd_sc_mcu7t5v0__dffrnq_1)
                                              6.923014   data arrival time

                                 16.000000   16.000000   clock clk (rise edge)
                                  0.000000   16.000000   clock source latency
     2    0.092910    0.000000    0.000000   16.000000 ^ clk (in)
                                                         clk (net)
                      0.025556    0.010454   16.010454 ^ clkbuf_0_clk/I (gf180mcu_fd_sc_mcu7t5v0__clkbuf_16)
     8    0.205666    0.162120    0.208070   16.218523 ^ clkbuf_0_clk/Z (gf180mcu_fd_sc_mcu7t5v0__clkbuf_16)
                                                         clknet_0_clk (net)
                      0.163506    0.010019   16.228542 ^ clkbuf_3_1_0_clk/I (gf180mcu_fd_sc_mcu7t5v0__clkbuf_8)
    16    0.119720    0.182888    0.245032   16.473576 ^ clkbuf_3_1_0_clk/Z (gf180mcu_fd_sc_mcu7t5v0__clkbuf_8)
                                                         clknet_3_1_0_clk (net)
                      0.183844    0.007487   16.481062 ^ _811_/CLK (gf180mcu_fd_sc_mcu7t5v0__dffrnq_1)
                                 -0.250000   16.231064   clock uncertainty
                                  0.000000   16.231064   clock reconvergence pessimism
                                 -0.118492   16.112572   library setup time
                                             16.112572   data required time
---------------------------------------------------------------------------------------------
                                             16.112572   data required time
                                             -6.923014   data arrival time
---------------------------------------------------------------------------------------------
                                              9.189558   slack (MET)


Startpoint: rst_n (input port clocked by clk)
Endpoint: _846_ (recovery check against rising-edge clock clk)
Path Group: asynchronous
Path Type: max

Fanout         Cap        Slew       Delay        Time   Description
---------------------------------------------------------------------------------------------
                                  0.000000    0.000000   clock clk (rise edge)
                                  0.000000    0.000000   clock network delay (propagated)
                                  3.200000    3.200000 ^ input external delay
     2    0.010205    0.049982    0.017902    3.217902 ^ rst_n (in)
                                                         rst_n (net)
                      0.049982    0.000000    3.217902 ^ input38/I (gf180mcu_fd_sc_mcu7t5v0__dlyb_1)
     1    0.008384    0.136510    0.542173    3.760076 ^ input38/Z (gf180mcu_fd_sc_mcu7t5v0__dlyb_1)
                                                         net38 (net)
                      0.136510    0.000211    3.760287 ^ fanout134/I (gf180mcu_fd_sc_mcu7t5v0__dlyb_1)
     5    0.097080    1.064006    1.100393    4.860680 ^ fanout134/Z (gf180mcu_fd_sc_mcu7t5v0__dlyb_1)
                                                         net134 (net)
                      1.064343    0.010738    4.871418 ^ wire135/I (gf180mcu_fd_sc_mcu7t5v0__buf_4)
     7    0.132346    0.373745    0.319424    5.190842 ^ wire135/Z (gf180mcu_fd_sc_mcu7t5v0__buf_4)
                                                         net135 (net)
                      0.377342    0.020401    5.211243 ^ fanout130/I (gf180mcu_fd_sc_mcu7t5v0__dlyb_1)
     2    0.017189    0.223466    0.617839    5.829082 ^ fanout130/Z (gf180mcu_fd_sc_mcu7t5v0__dlyb_1)
                                                         net130 (net)
                      0.223466    0.000095    5.829177 ^ fanout128/I (gf180mcu_fd_sc_mcu7t5v0__dlyb_1)
     8    0.070941    0.787166    0.948897    6.778074 ^ fanout128/Z (gf180mcu_fd_sc_mcu7t5v0__dlyb_1)
                                                         net128 (net)
                      0.787175    0.001574    6.779648 ^ load_slew129/I (gf180mcu_fd_sc_mcu7t5v0__buf_4)
     9    0.082888    0.247374    0.256170    7.035818 ^ load_slew129/Z (gf180mcu_fd_sc_mcu7t5v0__buf_4)
                                                         net129 (net)
                      0.247436    0.002266    7.038084 ^ _846_/RN (gf180mcu_fd_sc_mcu7t5v0__dffrnq_1)
                                              7.038084   data arrival time

                                 16.000000   16.000000   clock clk (rise edge)
                                  0.000000   16.000000   clock source latency
     2    0.092910    0.000000    0.000000   16.000000 ^ clk (in)
                                                         clk (net)
                      0.025556    0.010454   16.010454 ^ clkbuf_0_clk/I (gf180mcu_fd_sc_mcu7t5v0__clkbuf_16)
     8    0.205666    0.162120    0.208070   16.218523 ^ clkbuf_0_clk/Z (gf180mcu_fd_sc_mcu7t5v0__clkbuf_16)
                                                         clknet_0_clk (net)
                      0.163707    0.010770   16.229294 ^ clkbuf_3_5_0_clk/I (gf180mcu_fd_sc_mcu7t5v0__clkbuf_8)
    14    0.096801    0.155490    0.228182   16.457476 ^ clkbuf_3_5_0_clk/Z (gf180mcu_fd_sc_mcu7t5v0__clkbuf_8)
                                                         clknet_3_5_0_clk (net)
                      0.155836    0.006681   16.464157 ^ _846_/CLK (gf180mcu_fd_sc_mcu7t5v0__dffrnq_1)
                                 -0.250000   16.214157   clock uncertainty
                                  0.000000   16.214157   clock reconvergence pessimism
                                  0.127673   16.341829   library recovery time
                                             16.341829   data required time
---------------------------------------------------------------------------------------------
                                             16.341829   data required time
                                             -7.038084   data arrival time
---------------------------------------------------------------------------------------------
                                              9.303745   slack (MET)


Startpoint: rst_n (input port clocked by clk)
Endpoint: _790_ (recovery check against rising-edge clock clk)
Path Group: asynchronous
Path Type: max

Fanout         Cap        Slew       Delay        Time   Description
---------------------------------------------------------------------------------------------
                                  0.000000    0.000000   clock clk (rise edge)
                                  0.000000    0.000000   clock network delay (propagated)
                                  3.200000    3.200000 ^ input external delay
     2    0.010205    0.049982    0.017902    3.217902 ^ rst_n (in)
                                                         rst_n (net)
                      0.049982    0.000000    3.217902 ^ input38/I (gf180mcu_fd_sc_mcu7t5v0__dlyb_1)
     1    0.008384    0.136510    0.542173    3.760076 ^ input38/Z (gf180mcu_fd_sc_mcu7t5v0__dlyb_1)
                                                         net38 (net)
                      0.136510    0.000211    3.760287 ^ fanout134/I (gf180mcu_fd_sc_mcu7t5v0__dlyb_1)
     5    0.097080    1.064006    1.100393    4.860680 ^ fanout134/Z (gf180mcu_fd_sc_mcu7t5v0__dlyb_1)
                                                         net134 (net)
                      1.064343    0.010738    4.871418 ^ wire135/I (gf180mcu_fd_sc_mcu7t5v0__buf_4)
     7    0.132346    0.373745    0.319424    5.190842 ^ wire135/Z (gf180mcu_fd_sc_mcu7t5v0__buf_4)
                                                         net135 (net)
                      0.377342    0.020401    5.211243 ^ fanout130/I (gf180mcu_fd_sc_mcu7t5v0__dlyb_1)
     2    0.017189    0.223466    0.617839    5.829082 ^ fanout130/Z (gf180mcu_fd_sc_mcu7t5v0__dlyb_1)
                                                         net130 (net)
                      0.223466    0.000095    5.829177 ^ fanout128/I (gf180mcu_fd_sc_mcu7t5v0__dlyb_1)
     8    0.070941    0.787166    0.948897    6.778074 ^ fanout128/Z (gf180mcu_fd_sc_mcu7t5v0__dlyb_1)
                                                         net128 (net)
                      0.787175    0.001574    6.779648 ^ load_slew129/I (gf180mcu_fd_sc_mcu7t5v0__buf_4)
     9    0.082888    0.247374    0.256170    7.035818 ^ load_slew129/Z (gf180mcu_fd_sc_mcu7t5v0__buf_4)
                                                         net129 (net)
                      0.247432    0.002145    7.037963 ^ _790_/RN (gf180mcu_fd_sc_mcu7t5v0__dffrnq_1)
                                              7.037963   data arrival time

                                 16.000000   16.000000   clock clk (rise edge)
                                  0.000000   16.000000   clock source latency
     2    0.092910    0.000000    0.000000   16.000000 ^ clk (in)
                                                         clk (net)
                      0.025556    0.010454   16.010454 ^ clkbuf_0_clk/I (gf180mcu_fd_sc_mcu7t5v0__clkbuf_16)
     8    0.205666    0.162120    0.208070   16.218523 ^ clkbuf_0_clk/Z (gf180mcu_fd_sc_mcu7t5v0__clkbuf_16)
                                                         clknet_0_clk (net)
                      0.163707    0.010770   16.229294 ^ clkbuf_3_5_0_clk/I (gf180mcu_fd_sc_mcu7t5v0__clkbuf_8)
    14    0.096801    0.155490    0.228182   16.457476 ^ clkbuf_3_5_0_clk/Z (gf180mcu_fd_sc_mcu7t5v0__clkbuf_8)
                                                         clknet_3_5_0_clk (net)
                      0.155890    0.007041   16.464518 ^ _790_/CLK (gf180mcu_fd_sc_mcu7t5v0__dffrnq_1)
                                 -0.250000   16.214518   clock uncertainty
                                  0.000000   16.214518   clock reconvergence pessimism
                                  0.127683   16.342201   library recovery time
                                             16.342201   data required time
---------------------------------------------------------------------------------------------
                                             16.342201   data required time
                                             -7.037963   data arrival time
---------------------------------------------------------------------------------------------
                                              9.304237   slack (MET)


Startpoint: rst_n (input port clocked by clk)
Endpoint: _785_ (recovery check against rising-edge clock clk)
Path Group: asynchronous
Path Type: max

Fanout         Cap        Slew       Delay        Time   Description
---------------------------------------------------------------------------------------------
                                  0.000000    0.000000   clock clk (rise edge)
                                  0.000000    0.000000   clock network delay (propagated)
                                  3.200000    3.200000 ^ input external delay
     2    0.010205    0.049982    0.017902    3.217902 ^ rst_n (in)
                                                         rst_n (net)
                      0.049982    0.000000    3.217902 ^ input38/I (gf180mcu_fd_sc_mcu7t5v0__dlyb_1)
     1    0.008384    0.136510    0.542173    3.760076 ^ input38/Z (gf180mcu_fd_sc_mcu7t5v0__dlyb_1)
                                                         net38 (net)
                      0.136510    0.000211    3.760287 ^ fanout134/I (gf180mcu_fd_sc_mcu7t5v0__dlyb_1)
     5    0.097080    1.064006    1.100393    4.860680 ^ fanout134/Z (gf180mcu_fd_sc_mcu7t5v0__dlyb_1)
                                                         net134 (net)
                      1.064343    0.010738    4.871418 ^ wire135/I (gf180mcu_fd_sc_mcu7t5v0__buf_4)
     7    0.132346    0.373745    0.319424    5.190842 ^ wire135/Z (gf180mcu_fd_sc_mcu7t5v0__buf_4)
                                                         net135 (net)
                      0.377342    0.020401    5.211243 ^ fanout130/I (gf180mcu_fd_sc_mcu7t5v0__dlyb_1)
     2    0.017189    0.223466    0.617839    5.829082 ^ fanout130/Z (gf180mcu_fd_sc_mcu7t5v0__dlyb_1)
                                                         net130 (net)
                      0.223466    0.000095    5.829177 ^ fanout128/I (gf180mcu_fd_sc_mcu7t5v0__dlyb_1)
     8    0.070941    0.787166    0.948897    6.778074 ^ fanout128/Z (gf180mcu_fd_sc_mcu7t5v0__dlyb_1)
                                                         net128 (net)
                      0.787175    0.001574    6.779648 ^ load_slew129/I (gf180mcu_fd_sc_mcu7t5v0__buf_4)
     9    0.082888    0.247374    0.256170    7.035818 ^ load_slew129/Z (gf180mcu_fd_sc_mcu7t5v0__buf_4)
                                                         net129 (net)
                      0.247434    0.002205    7.038023 ^ _785_/RN (gf180mcu_fd_sc_mcu7t5v0__dffrnq_1)
                                              7.038023   data arrival time

                                 16.000000   16.000000   clock clk (rise edge)
                                  0.000000   16.000000   clock source latency
     2    0.092910    0.000000    0.000000   16.000000 ^ clk (in)
                                                         clk (net)
                      0.025556    0.010454   16.010454 ^ clkbuf_0_clk/I (gf180mcu_fd_sc_mcu7t5v0__clkbuf_16)
     8    0.205666    0.162120    0.208070   16.218523 ^ clkbuf_0_clk/Z (gf180mcu_fd_sc_mcu7t5v0__clkbuf_16)
                                                         clknet_0_clk (net)
                      0.163707    0.010770   16.229294 ^ clkbuf_3_5_0_clk/I (gf180mcu_fd_sc_mcu7t5v0__clkbuf_8)
    14    0.096801    0.155490    0.228182   16.457476 ^ clkbuf_3_5_0_clk/Z (gf180mcu_fd_sc_mcu7t5v0__clkbuf_8)
                                                         clknet_3_5_0_clk (net)
                      0.155967    0.007521   16.464996 ^ _785_/CLK (gf180mcu_fd_sc_mcu7t5v0__dffrnq_1)
                                 -0.250000   16.214998   clock uncertainty
                                  0.000000   16.214998   clock reconvergence pessimism
                                  0.127696   16.342695   library recovery time
                                             16.342695   data required time
---------------------------------------------------------------------------------------------
                                             16.342695   data required time
                                             -7.038023   data arrival time
---------------------------------------------------------------------------------------------
                                              9.304672   slack (MET)


Startpoint: rst_n (input port clocked by clk)
Endpoint: _779_ (recovery check against rising-edge clock clk)
Path Group: asynchronous
Path Type: max

Fanout         Cap        Slew       Delay        Time   Description
---------------------------------------------------------------------------------------------
                                  0.000000    0.000000   clock clk (rise edge)
                                  0.000000    0.000000   clock network delay (propagated)
                                  3.200000    3.200000 ^ input external delay
     2    0.010205    0.049982    0.017902    3.217902 ^ rst_n (in)
                                                         rst_n (net)
                      0.049982    0.000000    3.217902 ^ input38/I (gf180mcu_fd_sc_mcu7t5v0__dlyb_1)
     1    0.008384    0.136510    0.542173    3.760076 ^ input38/Z (gf180mcu_fd_sc_mcu7t5v0__dlyb_1)
                                                         net38 (net)
                      0.136510    0.000211    3.760287 ^ fanout134/I (gf180mcu_fd_sc_mcu7t5v0__dlyb_1)
     5    0.097080    1.064006    1.100393    4.860680 ^ fanout134/Z (gf180mcu_fd_sc_mcu7t5v0__dlyb_1)
                                                         net134 (net)
                      1.064343    0.010738    4.871418 ^ wire135/I (gf180mcu_fd_sc_mcu7t5v0__buf_4)
     7    0.132346    0.373745    0.319424    5.190842 ^ wire135/Z (gf180mcu_fd_sc_mcu7t5v0__buf_4)
                                                         net135 (net)
                      0.377342    0.020401    5.211243 ^ fanout130/I (gf180mcu_fd_sc_mcu7t5v0__dlyb_1)
     2    0.017189    0.223466    0.617839    5.829082 ^ fanout130/Z (gf180mcu_fd_sc_mcu7t5v0__dlyb_1)
                                                         net130 (net)
                      0.223466    0.000095    5.829177 ^ fanout128/I (gf180mcu_fd_sc_mcu7t5v0__dlyb_1)
     8    0.070941    0.787166    0.948897    6.778074 ^ fanout128/Z (gf180mcu_fd_sc_mcu7t5v0__dlyb_1)
                                                         net128 (net)
                      0.787175    0.001574    6.779648 ^ load_slew129/I (gf180mcu_fd_sc_mcu7t5v0__buf_4)
     9    0.082888    0.247374    0.256170    7.035818 ^ load_slew129/Z (gf180mcu_fd_sc_mcu7t5v0__buf_4)
                                                         net129 (net)
                      0.247416    0.001714    7.037532 ^ _779_/RN (gf180mcu_fd_sc_mcu7t5v0__dffrnq_1)
                                              7.037532   data arrival time

                                 16.000000   16.000000   clock clk (rise edge)
                                  0.000000   16.000000   clock source latency
     2    0.092910    0.000000    0.000000   16.000000 ^ clk (in)
                                                         clk (net)
                      0.025556    0.010454   16.010454 ^ clkbuf_0_clk/I (gf180mcu_fd_sc_mcu7t5v0__clkbuf_16)
     8    0.205666    0.162120    0.208070   16.218523 ^ clkbuf_0_clk/Z (gf180mcu_fd_sc_mcu7t5v0__clkbuf_16)
                                                         clknet_0_clk (net)
                      0.163707    0.010770   16.229294 ^ clkbuf_3_5_0_clk/I (gf180mcu_fd_sc_mcu7t5v0__clkbuf_8)
    14    0.096801    0.155490    0.228182   16.457476 ^ clkbuf_3_5_0_clk/Z (gf180mcu_fd_sc_mcu7t5v0__clkbuf_8)
                                                         clknet_3_5_0_clk (net)
                      0.156017    0.007821   16.465298 ^ _779_/CLK (gf180mcu_fd_sc_mcu7t5v0__dffrnq_1)
                                 -0.250000   16.215298   clock uncertainty
                                  0.000000   16.215298   clock reconvergence pessimism
                                  0.127709   16.343008   library recovery time
                                             16.343008   data required time
---------------------------------------------------------------------------------------------
                                             16.343008   data required time
                                             -7.037532   data arrival time
---------------------------------------------------------------------------------------------
                                              9.305476   slack (MET)


Startpoint: rst_n (input port clocked by clk)
Endpoint: _789_ (recovery check against rising-edge clock clk)
Path Group: asynchronous
Path Type: max

Fanout         Cap        Slew       Delay        Time   Description
---------------------------------------------------------------------------------------------
                                  0.000000    0.000000   clock clk (rise edge)
                                  0.000000    0.000000   clock network delay (propagated)
                                  3.200000    3.200000 ^ input external delay
     2    0.010205    0.049982    0.017902    3.217902 ^ rst_n (in)
                                                         rst_n (net)
                      0.049982    0.000000    3.217902 ^ input38/I (gf180mcu_fd_sc_mcu7t5v0__dlyb_1)
     1    0.008384    0.136510    0.542173    3.760076 ^ input38/Z (gf180mcu_fd_sc_mcu7t5v0__dlyb_1)
                                                         net38 (net)
                      0.136510    0.000211    3.760287 ^ fanout134/I (gf180mcu_fd_sc_mcu7t5v0__dlyb_1)
     5    0.097080    1.064006    1.100393    4.860680 ^ fanout134/Z (gf180mcu_fd_sc_mcu7t5v0__dlyb_1)
                                                         net134 (net)
                      1.064343    0.010738    4.871418 ^ wire135/I (gf180mcu_fd_sc_mcu7t5v0__buf_4)
     7    0.132346    0.373745    0.319424    5.190842 ^ wire135/Z (gf180mcu_fd_sc_mcu7t5v0__buf_4)
                                                         net135 (net)
                      0.377342    0.020401    5.211243 ^ fanout130/I (gf180mcu_fd_sc_mcu7t5v0__dlyb_1)
     2    0.017189    0.223466    0.617839    5.829082 ^ fanout130/Z (gf180mcu_fd_sc_mcu7t5v0__dlyb_1)
                                                         net130 (net)
                      0.223466    0.000095    5.829177 ^ fanout128/I (gf180mcu_fd_sc_mcu7t5v0__dlyb_1)
     8    0.070941    0.787166    0.948897    6.778074 ^ fanout128/Z (gf180mcu_fd_sc_mcu7t5v0__dlyb_1)
                                                         net128 (net)
                      0.787175    0.001574    6.779648 ^ load_slew129/I (gf180mcu_fd_sc_mcu7t5v0__buf_4)
     9    0.082888    0.247374    0.256170    7.035818 ^ load_slew129/Z (gf180mcu_fd_sc_mcu7t5v0__buf_4)
                                                         net129 (net)
                      0.247409    0.001534    7.037352 ^ _789_/RN (gf180mcu_fd_sc_mcu7t5v0__dffrnq_1)
                                              7.037352   data arrival time

                                 16.000000   16.000000   clock clk (rise edge)
                                  0.000000   16.000000   clock source latency
     2    0.092910    0.000000    0.000000   16.000000 ^ clk (in)
                                                         clk (net)
                      0.025556    0.010454   16.010454 ^ clkbuf_0_clk/I (gf180mcu_fd_sc_mcu7t5v0__clkbuf_16)
     8    0.205666    0.162120    0.208070   16.218523 ^ clkbuf_0_clk/Z (gf180mcu_fd_sc_mcu7t5v0__clkbuf_16)
                                                         clknet_0_clk (net)
                      0.163707    0.010770   16.229294 ^ clkbuf_3_5_0_clk/I (gf180mcu_fd_sc_mcu7t5v0__clkbuf_8)
    14    0.096801    0.155490    0.228182   16.457476 ^ clkbuf_3_5_0_clk/Z (gf180mcu_fd_sc_mcu7t5v0__clkbuf_8)
                                                         clknet_3_5_0_clk (net)
                      0.156054    0.008031   16.465508 ^ _789_/CLK (gf180mcu_fd_sc_mcu7t5v0__dffrnq_1)
                                 -0.250000   16.215508   clock uncertainty
                                  0.000000   16.215508   clock reconvergence pessimism
                                  0.127717   16.343224   library recovery time
                                             16.343224   data required time
---------------------------------------------------------------------------------------------
                                             16.343224   data required time
                                             -7.037352   data arrival time
---------------------------------------------------------------------------------------------
                                              9.305872   slack (MET)


Startpoint: rst_n (input port clocked by clk)
Endpoint: _845_ (recovery check against rising-edge clock clk)
Path Group: asynchronous
Path Type: max

Fanout         Cap        Slew       Delay        Time   Description
---------------------------------------------------------------------------------------------
                                  0.000000    0.000000   clock clk (rise edge)
                                  0.000000    0.000000   clock network delay (propagated)
                                  3.200000    3.200000 ^ input external delay
     2    0.010205    0.049982    0.017902    3.217902 ^ rst_n (in)
                                                         rst_n (net)
                      0.049982    0.000000    3.217902 ^ input38/I (gf180mcu_fd_sc_mcu7t5v0__dlyb_1)
     1    0.008384    0.136510    0.542173    3.760076 ^ input38/Z (gf180mcu_fd_sc_mcu7t5v0__dlyb_1)
                                                         net38 (net)
                      0.136510    0.000211    3.760287 ^ fanout134/I (gf180mcu_fd_sc_mcu7t5v0__dlyb_1)
     5    0.097080    1.064006    1.100393    4.860680 ^ fanout134/Z (gf180mcu_fd_sc_mcu7t5v0__dlyb_1)
                                                         net134 (net)
                      1.064343    0.010738    4.871418 ^ wire135/I (gf180mcu_fd_sc_mcu7t5v0__buf_4)
     7    0.132346    0.373745    0.319424    5.190842 ^ wire135/Z (gf180mcu_fd_sc_mcu7t5v0__buf_4)
                                                         net135 (net)
                      0.377342    0.020401    5.211243 ^ fanout130/I (gf180mcu_fd_sc_mcu7t5v0__dlyb_1)
     2    0.017189    0.223466    0.617839    5.829082 ^ fanout130/Z (gf180mcu_fd_sc_mcu7t5v0__dlyb_1)
                                                         net130 (net)
                      0.223466    0.000095    5.829177 ^ fanout128/I (gf180mcu_fd_sc_mcu7t5v0__dlyb_1)
     8    0.070941    0.787166    0.948897    6.778074 ^ fanout128/Z (gf180mcu_fd_sc_mcu7t5v0__dlyb_1)
                                                         net128 (net)
                      0.787175    0.001574    6.779648 ^ load_slew129/I (gf180mcu_fd_sc_mcu7t5v0__buf_4)
     9    0.082888    0.247374    0.256170    7.035818 ^ load_slew129/Z (gf180mcu_fd_sc_mcu7t5v0__buf_4)
                                                         net129 (net)
                      0.247407    0.001454    7.037271 ^ _845_/RN (gf180mcu_fd_sc_mcu7t5v0__dffrnq_1)
                                              7.037271   data arrival time

                                 16.000000   16.000000   clock clk (rise edge)
                                  0.000000   16.000000   clock source latency
     2    0.092910    0.000000    0.000000   16.000000 ^ clk (in)
                                                         clk (net)
                      0.025556    0.010454   16.010454 ^ clkbuf_0_clk/I (gf180mcu_fd_sc_mcu7t5v0__clkbuf_16)
     8    0.205666    0.162120    0.208070   16.218523 ^ clkbuf_0_clk/Z (gf180mcu_fd_sc_mcu7t5v0__clkbuf_16)
                                                         clknet_0_clk (net)
                      0.163707    0.010770   16.229294 ^ clkbuf_3_5_0_clk/I (gf180mcu_fd_sc_mcu7t5v0__clkbuf_8)
    14    0.096801    0.155490    0.228182   16.457476 ^ clkbuf_3_5_0_clk/Z (gf180mcu_fd_sc_mcu7t5v0__clkbuf_8)
                                                         clknet_3_5_0_clk (net)
                      0.156040    0.007949   16.465425 ^ _845_/CLK (gf180mcu_fd_sc_mcu7t5v0__dffrnq_1)
                                 -0.250000   16.215425   clock uncertainty
                                  0.000000   16.215425   clock reconvergence pessimism
                                  0.127715   16.343142   library recovery time
                                             16.343142   data required time
---------------------------------------------------------------------------------------------
                                             16.343142   data required time
                                             -7.037271   data arrival time
---------------------------------------------------------------------------------------------
                                              9.305869   slack (MET)


Startpoint: rst_n (input port clocked by clk)
Endpoint: _781_ (recovery check against rising-edge clock clk)
Path Group: asynchronous
Path Type: max

Fanout         Cap        Slew       Delay        Time   Description
---------------------------------------------------------------------------------------------
                                  0.000000    0.000000   clock clk (rise edge)
                                  0.000000    0.000000   clock network delay (propagated)
                                  3.200000    3.200000 ^ input external delay
     2    0.010205    0.049982    0.017902    3.217902 ^ rst_n (in)
                                                         rst_n (net)
                      0.049982    0.000000    3.217902 ^ input38/I (gf180mcu_fd_sc_mcu7t5v0__dlyb_1)
     1    0.008384    0.136510    0.542173    3.760076 ^ input38/Z (gf180mcu_fd_sc_mcu7t5v0__dlyb_1)
                                                         net38 (net)
                      0.136510    0.000211    3.760287 ^ fanout134/I (gf180mcu_fd_sc_mcu7t5v0__dlyb_1)
     5    0.097080    1.064006    1.100393    4.860680 ^ fanout134/Z (gf180mcu_fd_sc_mcu7t5v0__dlyb_1)
                                                         net134 (net)
                      1.064343    0.010738    4.871418 ^ wire135/I (gf180mcu_fd_sc_mcu7t5v0__buf_4)
     7    0.132346    0.373745    0.319424    5.190842 ^ wire135/Z (gf180mcu_fd_sc_mcu7t5v0__buf_4)
                                                         net135 (net)
                      0.377342    0.020401    5.211243 ^ fanout130/I (gf180mcu_fd_sc_mcu7t5v0__dlyb_1)
     2    0.017189    0.223466    0.617839    5.829082 ^ fanout130/Z (gf180mcu_fd_sc_mcu7t5v0__dlyb_1)
                                                         net130 (net)
                      0.223466    0.000095    5.829177 ^ fanout128/I (gf180mcu_fd_sc_mcu7t5v0__dlyb_1)
     8    0.070941    0.787166    0.948897    6.778074 ^ fanout128/Z (gf180mcu_fd_sc_mcu7t5v0__dlyb_1)
                                                         net128 (net)
                      0.787175    0.001574    6.779648 ^ load_slew129/I (gf180mcu_fd_sc_mcu7t5v0__buf_4)
     9    0.082888    0.247374    0.256170    7.035818 ^ load_slew129/Z (gf180mcu_fd_sc_mcu7t5v0__buf_4)
                                                         net129 (net)
                      0.247404    0.001353    7.037170 ^ _781_/RN (gf180mcu_fd_sc_mcu7t5v0__dffrnq_1)
                                              7.037170   data arrival time

                                 16.000000   16.000000   clock clk (rise edge)
                                  0.000000   16.000000   clock source latency
     2    0.092910    0.000000    0.000000   16.000000 ^ clk (in)
                                                         clk (net)
                      0.025556    0.010454   16.010454 ^ clkbuf_0_clk/I (gf180mcu_fd_sc_mcu7t5v0__clkbuf_16)
     8    0.205666    0.162120    0.208070   16.218523 ^ clkbuf_0_clk/Z (gf180mcu_fd_sc_mcu7t5v0__clkbuf_16)
                                                         clknet_0_clk (net)
                      0.163707    0.010770   16.229294 ^ clkbuf_3_5_0_clk/I (gf180mcu_fd_sc_mcu7t5v0__clkbuf_8)
    14    0.096801    0.155490    0.228182   16.457476 ^ clkbuf_3_5_0_clk/Z (gf180mcu_fd_sc_mcu7t5v0__clkbuf_8)
                                                         clknet_3_5_0_clk (net)
                      0.156036    0.007928   16.465405 ^ _781_/CLK (gf180mcu_fd_sc_mcu7t5v0__dffrnq_1)
                                 -0.250000   16.215405   clock uncertainty
                                  0.000000   16.215405   clock reconvergence pessimism
                                  0.127715   16.343119   library recovery time
                                             16.343119   data required time
---------------------------------------------------------------------------------------------
                                             16.343119   data required time
                                             -7.037170   data arrival time
---------------------------------------------------------------------------------------------
                                              9.305948   slack (MET)


Startpoint: rst_n (input port clocked by clk)
Endpoint: _841_ (recovery check against rising-edge clock clk)
Path Group: asynchronous
Path Type: max

Fanout         Cap        Slew       Delay        Time   Description
---------------------------------------------------------------------------------------------
                                  0.000000    0.000000   clock clk (rise edge)
                                  0.000000    0.000000   clock network delay (propagated)
                                  3.200000    3.200000 ^ input external delay
     2    0.010205    0.049982    0.017902    3.217902 ^ rst_n (in)
                                                         rst_n (net)
                      0.049982    0.000000    3.217902 ^ input38/I (gf180mcu_fd_sc_mcu7t5v0__dlyb_1)
     1    0.008384    0.136510    0.542173    3.760076 ^ input38/Z (gf180mcu_fd_sc_mcu7t5v0__dlyb_1)
                                                         net38 (net)
                      0.136510    0.000211    3.760287 ^ fanout134/I (gf180mcu_fd_sc_mcu7t5v0__dlyb_1)
     5    0.097080    1.064006    1.100393    4.860680 ^ fanout134/Z (gf180mcu_fd_sc_mcu7t5v0__dlyb_1)
                                                         net134 (net)
                      1.064343    0.010738    4.871418 ^ wire135/I (gf180mcu_fd_sc_mcu7t5v0__buf_4)
     7    0.132346    0.373745    0.319424    5.190842 ^ wire135/Z (gf180mcu_fd_sc_mcu7t5v0__buf_4)
                                                         net135 (net)
                      0.377342    0.020401    5.211243 ^ fanout130/I (gf180mcu_fd_sc_mcu7t5v0__dlyb_1)
     2    0.017189    0.223466    0.617839    5.829082 ^ fanout130/Z (gf180mcu_fd_sc_mcu7t5v0__dlyb_1)
                                                         net130 (net)
                      0.223466    0.000095    5.829177 ^ fanout128/I (gf180mcu_fd_sc_mcu7t5v0__dlyb_1)
     8    0.070941    0.787166    0.948897    6.778074 ^ fanout128/Z (gf180mcu_fd_sc_mcu7t5v0__dlyb_1)
                                                         net128 (net)
                      0.787175    0.001574    6.779648 ^ load_slew129/I (gf180mcu_fd_sc_mcu7t5v0__buf_4)
     9    0.082888    0.247374    0.256170    7.035818 ^ load_slew129/Z (gf180mcu_fd_sc_mcu7t5v0__buf_4)
                                                         net129 (net)
                      0.247429    0.002085    7.037902 ^ _841_/RN (gf180mcu_fd_sc_mcu7t5v0__dffrnq_1)
                                              7.037902   data arrival time

                                 16.000000   16.000000   clock clk (rise edge)
                                  0.000000   16.000000   clock source latency
     2    0.092910    0.000000    0.000000   16.000000 ^ clk (in)
                                                         clk (net)
                      0.025556    0.010454   16.010454 ^ clkbuf_0_clk/I (gf180mcu_fd_sc_mcu7t5v0__clkbuf_16)
     8    0.205666    0.162120    0.208070   16.218523 ^ clkbuf_0_clk/Z (gf180mcu_fd_sc_mcu7t5v0__clkbuf_16)
                                                         clknet_0_clk (net)
                      0.163657    0.010587   16.229111 ^ clkbuf_3_4_0_clk/I (gf180mcu_fd_sc_mcu7t5v0__clkbuf_8)
    14    0.100143    0.160217    0.231429   16.460541 ^ clkbuf_3_4_0_clk/Z (gf180mcu_fd_sc_mcu7t5v0__clkbuf_8)
                                                         clknet_3_4_0_clk (net)
                      0.160558    0.006859   16.467398 ^ _841_/CLK (gf180mcu_fd_sc_mcu7t5v0__dffrnq_1)
                                 -0.250000   16.217400   clock uncertainty
                                  0.000000   16.217400   clock reconvergence pessimism
                                  0.128521   16.345921   library recovery time
                                             16.345921   data required time
---------------------------------------------------------------------------------------------
                                             16.345921   data required time
                                             -7.037902   data arrival time
---------------------------------------------------------------------------------------------
                                              9.308018   slack (MET)


Startpoint: rst_n (input port clocked by clk)
Endpoint: _791_ (recovery check against rising-edge clock clk)
Path Group: asynchronous
Path Type: max

Fanout         Cap        Slew       Delay        Time   Description
---------------------------------------------------------------------------------------------
                                  0.000000    0.000000   clock clk (rise edge)
                                  0.000000    0.000000   clock network delay (propagated)
                                  3.200000    3.200000 ^ input external delay
     2    0.010205    0.049982    0.017902    3.217902 ^ rst_n (in)
                                                         rst_n (net)
                      0.049982    0.000000    3.217902 ^ input38/I (gf180mcu_fd_sc_mcu7t5v0__dlyb_1)
     1    0.008384    0.136510    0.542173    3.760076 ^ input38/Z (gf180mcu_fd_sc_mcu7t5v0__dlyb_1)
                                                         net38 (net)
                      0.136510    0.000211    3.760287 ^ fanout134/I (gf180mcu_fd_sc_mcu7t5v0__dlyb_1)
     5    0.097080    1.064006    1.100393    4.860680 ^ fanout134/Z (gf180mcu_fd_sc_mcu7t5v0__dlyb_1)
                                                         net134 (net)
                      1.064343    0.010738    4.871418 ^ wire135/I (gf180mcu_fd_sc_mcu7t5v0__buf_4)
     7    0.132346    0.373745    0.319424    5.190842 ^ wire135/Z (gf180mcu_fd_sc_mcu7t5v0__buf_4)
                                                         net135 (net)
                      0.377342    0.020401    5.211243 ^ fanout130/I (gf180mcu_fd_sc_mcu7t5v0__dlyb_1)
     2    0.017189    0.223466    0.617839    5.829082 ^ fanout130/Z (gf180mcu_fd_sc_mcu7t5v0__dlyb_1)
                                                         net130 (net)
                      0.223466    0.000095    5.829177 ^ fanout128/I (gf180mcu_fd_sc_mcu7t5v0__dlyb_1)
     8    0.070941    0.787166    0.948897    6.778074 ^ fanout128/Z (gf180mcu_fd_sc_mcu7t5v0__dlyb_1)
                                                         net128 (net)
                      0.787175    0.001574    6.779648 ^ load_slew129/I (gf180mcu_fd_sc_mcu7t5v0__buf_4)
     9    0.082888    0.247374    0.256170    7.035818 ^ load_slew129/Z (gf180mcu_fd_sc_mcu7t5v0__buf_4)
                                                         net129 (net)
                      0.247413    0.001648    7.037466 ^ _791_/RN (gf180mcu_fd_sc_mcu7t5v0__dffrnq_1)
                                              7.037466   data arrival time

                                 16.000000   16.000000   clock clk (rise edge)
                                  0.000000   16.000000   clock source latency
     2    0.092910    0.000000    0.000000   16.000000 ^ clk (in)
                                                         clk (net)
                      0.025556    0.010454   16.010454 ^ clkbuf_0_clk/I (gf180mcu_fd_sc_mcu7t5v0__clkbuf_16)
     8    0.205666    0.162120    0.208070   16.218523 ^ clkbuf_0_clk/Z (gf180mcu_fd_sc_mcu7t5v0__clkbuf_16)
                                                         clknet_0_clk (net)
                      0.163657    0.010587   16.229111 ^ clkbuf_3_4_0_clk/I (gf180mcu_fd_sc_mcu7t5v0__clkbuf_8)
    14    0.100143    0.160217    0.231429   16.460541 ^ clkbuf_3_4_0_clk/Z (gf180mcu_fd_sc_mcu7t5v0__clkbuf_8)
                                                         clknet_3_4_0_clk (net)
                      0.160580    0.007017   16.467556 ^ _791_/CLK (gf180mcu_fd_sc_mcu7t5v0__dffrnq_1)
                                 -0.250000   16.217558   clock uncertainty
                                  0.000000   16.217558   clock reconvergence pessimism
                                  0.128528   16.346087   library recovery time
                                             16.346087   data required time
---------------------------------------------------------------------------------------------
                                             16.346087   data required time
                                             -7.037466   data arrival time
---------------------------------------------------------------------------------------------
                                              9.308619   slack (MET)


Startpoint: rst_n (input port clocked by clk)
Endpoint: _780_ (recovery check against rising-edge clock clk)
Path Group: asynchronous
Path Type: max

Fanout         Cap        Slew       Delay        Time   Description
---------------------------------------------------------------------------------------------
                                  0.000000    0.000000   clock clk (rise edge)
                                  0.000000    0.000000   clock network delay (propagated)
                                  3.200000    3.200000 ^ input external delay
     2    0.010205    0.049982    0.017902    3.217902 ^ rst_n (in)
                                                         rst_n (net)
                      0.049982    0.000000    3.217902 ^ input38/I (gf180mcu_fd_sc_mcu7t5v0__dlyb_1)
     1    0.008384    0.136510    0.542173    3.760076 ^ input38/Z (gf180mcu_fd_sc_mcu7t5v0__dlyb_1)
                                                         net38 (net)
                      0.136510    0.000211    3.760287 ^ fanout134/I (gf180mcu_fd_sc_mcu7t5v0__dlyb_1)
     5    0.097080    1.064006    1.100393    4.860680 ^ fanout134/Z (gf180mcu_fd_sc_mcu7t5v0__dlyb_1)
                                                         net134 (net)
                      1.064343    0.010738    4.871418 ^ wire135/I (gf180mcu_fd_sc_mcu7t5v0__buf_4)
     7    0.132346    0.373745    0.319424    5.190842 ^ wire135/Z (gf180mcu_fd_sc_mcu7t5v0__buf_4)
                                                         net135 (net)
                      0.377342    0.020401    5.211243 ^ fanout130/I (gf180mcu_fd_sc_mcu7t5v0__dlyb_1)
     2    0.017189    0.223466    0.617839    5.829082 ^ fanout130/Z (gf180mcu_fd_sc_mcu7t5v0__dlyb_1)
                                                         net130 (net)
                      0.223466    0.000095    5.829177 ^ fanout128/I (gf180mcu_fd_sc_mcu7t5v0__dlyb_1)
     8    0.070941    0.787166    0.948897    6.778074 ^ fanout128/Z (gf180mcu_fd_sc_mcu7t5v0__dlyb_1)
                                                         net128 (net)
                      0.787181    0.001947    6.780021 ^ _780_/RN (gf180mcu_fd_sc_mcu7t5v0__dffrnq_1)
                                              6.780021   data arrival time

                                 16.000000   16.000000   clock clk (rise edge)
                                  0.000000   16.000000   clock source latency
     2    0.092910    0.000000    0.000000   16.000000 ^ clk (in)
                                                         clk (net)
                      0.025556    0.010454   16.010454 ^ clkbuf_0_clk/I (gf180mcu_fd_sc_mcu7t5v0__clkbuf_16)
     8    0.205666    0.162120    0.208070   16.218523 ^ clkbuf_0_clk/Z (gf180mcu_fd_sc_mcu7t5v0__clkbuf_16)
                                                         clknet_0_clk (net)
                      0.163707    0.010770   16.229294 ^ clkbuf_3_5_0_clk/I (gf180mcu_fd_sc_mcu7t5v0__clkbuf_8)
    14    0.096801    0.155490    0.228182   16.457476 ^ clkbuf_3_5_0_clk/Z (gf180mcu_fd_sc_mcu7t5v0__clkbuf_8)
                                                         clknet_3_5_0_clk (net)
                      0.156075    0.008148   16.465624 ^ _780_/CLK (gf180mcu_fd_sc_mcu7t5v0__dffrnq_1)
                                 -0.250000   16.215626   clock uncertainty
                                  0.000000   16.215626   clock reconvergence pessimism
                                 -0.030792   16.184832   library recovery time
                                             16.184832   data required time
---------------------------------------------------------------------------------------------
                                             16.184832   data required time
                                             -6.780021   data arrival time
---------------------------------------------------------------------------------------------
                                              9.404812   slack (MET)


Startpoint: rst_n (input port clocked by clk)
Endpoint: _788_ (recovery check against rising-edge clock clk)
Path Group: asynchronous
Path Type: max

Fanout         Cap        Slew       Delay        Time   Description
---------------------------------------------------------------------------------------------
                                  0.000000    0.000000   clock clk (rise edge)
                                  0.000000    0.000000   clock network delay (propagated)
                                  3.200000    3.200000 ^ input external delay
     2    0.010205    0.049982    0.017902    3.217902 ^ rst_n (in)
                                                         rst_n (net)
                      0.049982    0.000000    3.217902 ^ input38/I (gf180mcu_fd_sc_mcu7t5v0__dlyb_1)
     1    0.008384    0.136510    0.542173    3.760076 ^ input38/Z (gf180mcu_fd_sc_mcu7t5v0__dlyb_1)
                                                         net38 (net)
                      0.136510    0.000211    3.760287 ^ fanout134/I (gf180mcu_fd_sc_mcu7t5v0__dlyb_1)
     5    0.097080    1.064006    1.100393    4.860680 ^ fanout134/Z (gf180mcu_fd_sc_mcu7t5v0__dlyb_1)
                                                         net134 (net)
                      1.064343    0.010738    4.871418 ^ wire135/I (gf180mcu_fd_sc_mcu7t5v0__buf_4)
     7    0.132346    0.373745    0.319424    5.190842 ^ wire135/Z (gf180mcu_fd_sc_mcu7t5v0__buf_4)
                                                         net135 (net)
                      0.377342    0.020401    5.211243 ^ fanout130/I (gf180mcu_fd_sc_mcu7t5v0__dlyb_1)
     2    0.017189    0.223466    0.617839    5.829082 ^ fanout130/Z (gf180mcu_fd_sc_mcu7t5v0__dlyb_1)
                                                         net130 (net)
                      0.223466    0.000095    5.829177 ^ fanout128/I (gf180mcu_fd_sc_mcu7t5v0__dlyb_1)
     8    0.070941    0.787166    0.948897    6.778074 ^ fanout128/Z (gf180mcu_fd_sc_mcu7t5v0__dlyb_1)
                                                         net128 (net)
                      0.787180    0.001942    6.780016 ^ _788_/RN (gf180mcu_fd_sc_mcu7t5v0__dffrnq_1)
                                              6.780016   data arrival time

                                 16.000000   16.000000   clock clk (rise edge)
                                  0.000000   16.000000   clock source latency
     2    0.092910    0.000000    0.000000   16.000000 ^ clk (in)
                                                         clk (net)
                      0.025556    0.010454   16.010454 ^ clkbuf_0_clk/I (gf180mcu_fd_sc_mcu7t5v0__clkbuf_16)
     8    0.205666    0.162120    0.208070   16.218523 ^ clkbuf_0_clk/Z (gf180mcu_fd_sc_mcu7t5v0__clkbuf_16)
                                                         clknet_0_clk (net)
                      0.163707    0.010770   16.229294 ^ clkbuf_3_5_0_clk/I (gf180mcu_fd_sc_mcu7t5v0__clkbuf_8)
    14    0.096801    0.155490    0.228182   16.457476 ^ clkbuf_3_5_0_clk/Z (gf180mcu_fd_sc_mcu7t5v0__clkbuf_8)
                                                         clknet_3_5_0_clk (net)
                      0.156082    0.008189   16.465664 ^ _788_/CLK (gf180mcu_fd_sc_mcu7t5v0__dffrnq_1)
                                 -0.250000   16.215666   clock uncertainty
                                  0.000000   16.215666   clock reconvergence pessimism
                                 -0.030791   16.184874   library recovery time
                                             16.184874   data required time
---------------------------------------------------------------------------------------------
                                             16.184874   data required time
                                             -6.780016   data arrival time
---------------------------------------------------------------------------------------------
                                              9.404858   slack (MET)


Startpoint: rst_n (input port clocked by clk)
Endpoint: _786_ (recovery check against rising-edge clock clk)
Path Group: asynchronous
Path Type: max

Fanout         Cap        Slew       Delay        Time   Description
---------------------------------------------------------------------------------------------
                                  0.000000    0.000000   clock clk (rise edge)
                                  0.000000    0.000000   clock network delay (propagated)
                                  3.200000    3.200000 ^ input external delay
     2    0.010205    0.049982    0.017902    3.217902 ^ rst_n (in)
                                                         rst_n (net)
                      0.049982    0.000000    3.217902 ^ input38/I (gf180mcu_fd_sc_mcu7t5v0__dlyb_1)
     1    0.008384    0.136510    0.542173    3.760076 ^ input38/Z (gf180mcu_fd_sc_mcu7t5v0__dlyb_1)
                                                         net38 (net)
                      0.136510    0.000211    3.760287 ^ fanout134/I (gf180mcu_fd_sc_mcu7t5v0__dlyb_1)
     5    0.097080    1.064006    1.100393    4.860680 ^ fanout134/Z (gf180mcu_fd_sc_mcu7t5v0__dlyb_1)
                                                         net134 (net)
                      1.064343    0.010738    4.871418 ^ wire135/I (gf180mcu_fd_sc_mcu7t5v0__buf_4)
     7    0.132346    0.373745    0.319424    5.190842 ^ wire135/Z (gf180mcu_fd_sc_mcu7t5v0__buf_4)
                                                         net135 (net)
                      0.377342    0.020401    5.211243 ^ fanout130/I (gf180mcu_fd_sc_mcu7t5v0__dlyb_1)
     2    0.017189    0.223466    0.617839    5.829082 ^ fanout130/Z (gf180mcu_fd_sc_mcu7t5v0__dlyb_1)
                                                         net130 (net)
                      0.223466    0.000095    5.829177 ^ fanout128/I (gf180mcu_fd_sc_mcu7t5v0__dlyb_1)
     8    0.070941    0.787166    0.948897    6.778074 ^ fanout128/Z (gf180mcu_fd_sc_mcu7t5v0__dlyb_1)
                                                         net128 (net)
                      0.787172    0.001227    6.779301 ^ _786_/RN (gf180mcu_fd_sc_mcu7t5v0__dffrnq_1)
                                              6.779301   data arrival time

                                 16.000000   16.000000   clock clk (rise edge)
                                  0.000000   16.000000   clock source latency
     2    0.092910    0.000000    0.000000   16.000000 ^ clk (in)
                                                         clk (net)
                      0.025556    0.010454   16.010454 ^ clkbuf_0_clk/I (gf180mcu_fd_sc_mcu7t5v0__clkbuf_16)
     8    0.205666    0.162120    0.208070   16.218523 ^ clkbuf_0_clk/Z (gf180mcu_fd_sc_mcu7t5v0__clkbuf_16)
                                                         clknet_0_clk (net)
                      0.163707    0.010770   16.229294 ^ clkbuf_3_5_0_clk/I (gf180mcu_fd_sc_mcu7t5v0__clkbuf_8)
    14    0.096801    0.155490    0.228182   16.457476 ^ clkbuf_3_5_0_clk/Z (gf180mcu_fd_sc_mcu7t5v0__clkbuf_8)
                                                         clknet_3_5_0_clk (net)
                      0.156055    0.008038   16.465513 ^ _786_/CLK (gf180mcu_fd_sc_mcu7t5v0__dffrnq_1)
                                 -0.250000   16.215515   clock uncertainty
                                  0.000000   16.215515   clock reconvergence pessimism
                                 -0.030793   16.184721   library recovery time
                                             16.184721   data required time
---------------------------------------------------------------------------------------------
                                             16.184721   data required time
                                             -6.779301   data arrival time
---------------------------------------------------------------------------------------------
                                              9.405420   slack (MET)


Startpoint: rst_n (input port clocked by clk)
Endpoint: _842_ (recovery check against rising-edge clock clk)
Path Group: asynchronous
Path Type: max

Fanout         Cap        Slew       Delay        Time   Description
---------------------------------------------------------------------------------------------
                                  0.000000    0.000000   clock clk (rise edge)
                                  0.000000    0.000000   clock network delay (propagated)
                                  3.200000    3.200000 ^ input external delay
     2    0.010205    0.049982    0.017902    3.217902 ^ rst_n (in)
                                                         rst_n (net)
                      0.049982    0.000000    3.217902 ^ input38/I (gf180mcu_fd_sc_mcu7t5v0__dlyb_1)
     1    0.008384    0.136510    0.542173    3.760076 ^ input38/Z (gf180mcu_fd_sc_mcu7t5v0__dlyb_1)
                                                         net38 (net)
                      0.136510    0.000211    3.760287 ^ fanout134/I (gf180mcu_fd_sc_mcu7t5v0__dlyb_1)
     5    0.097080    1.064006    1.100393    4.860680 ^ fanout134/Z (gf180mcu_fd_sc_mcu7t5v0__dlyb_1)
                                                         net134 (net)
                      1.064343    0.010738    4.871418 ^ wire135/I (gf180mcu_fd_sc_mcu7t5v0__buf_4)
     7    0.132346    0.373745    0.319424    5.190842 ^ wire135/Z (gf180mcu_fd_sc_mcu7t5v0__buf_4)
                                                         net135 (net)
                      0.377342    0.020401    5.211243 ^ fanout130/I (gf180mcu_fd_sc_mcu7t5v0__dlyb_1)
     2    0.017189    0.223466    0.617839    5.829082 ^ fanout130/Z (gf180mcu_fd_sc_mcu7t5v0__dlyb_1)
                                                         net130 (net)
                      0.223466    0.000095    5.829177 ^ fanout128/I (gf180mcu_fd_sc_mcu7t5v0__dlyb_1)
     8    0.070941    0.787166    0.948897    6.778074 ^ fanout128/Z (gf180mcu_fd_sc_mcu7t5v0__dlyb_1)
                                                         net128 (net)
                      0.787166    0.000720    6.778794 ^ _842_/RN (gf180mcu_fd_sc_mcu7t5v0__dffrnq_1)
                                              6.778794   data arrival time

                                 16.000000   16.000000   clock clk (rise edge)
                                  0.000000   16.000000   clock source latency
     2    0.092910    0.000000    0.000000   16.000000 ^ clk (in)
                                                         clk (net)
                      0.025556    0.010454   16.010454 ^ clkbuf_0_clk/I (gf180mcu_fd_sc_mcu7t5v0__clkbuf_16)
     8    0.205666    0.162120    0.208070   16.218523 ^ clkbuf_0_clk/Z (gf180mcu_fd_sc_mcu7t5v0__clkbuf_16)
                                                         clknet_0_clk (net)
                      0.163707    0.010770   16.229294 ^ clkbuf_3_5_0_clk/I (gf180mcu_fd_sc_mcu7t5v0__clkbuf_8)
    14    0.096801    0.155490    0.228182   16.457476 ^ clkbuf_3_5_0_clk/Z (gf180mcu_fd_sc_mcu7t5v0__clkbuf_8)
                                                         clknet_3_5_0_clk (net)
                      0.156055    0.008034   16.465509 ^ _842_/CLK (gf180mcu_fd_sc_mcu7t5v0__dffrnq_1)
                                 -0.250000   16.215511   clock uncertainty
                                  0.000000   16.215511   clock reconvergence pessimism
                                 -0.030790   16.184721   library recovery time
                                             16.184721   data required time
---------------------------------------------------------------------------------------------
                                             16.184721   data required time
                                             -6.778794   data arrival time
---------------------------------------------------------------------------------------------
                                              9.405928   slack (MET)


Startpoint: rst_n (input port clocked by clk)
Endpoint: _843_ (recovery check against rising-edge clock clk)
Path Group: asynchronous
Path Type: max

Fanout         Cap        Slew       Delay        Time   Description
---------------------------------------------------------------------------------------------
                                  0.000000    0.000000   clock clk (rise edge)
                                  0.000000    0.000000   clock network delay (propagated)
                                  3.200000    3.200000 ^ input external delay
     2    0.010205    0.049982    0.017902    3.217902 ^ rst_n (in)
                                                         rst_n (net)
                      0.049982    0.000000    3.217902 ^ input38/I (gf180mcu_fd_sc_mcu7t5v0__dlyb_1)
     1    0.008384    0.136510    0.542173    3.760076 ^ input38/Z (gf180mcu_fd_sc_mcu7t5v0__dlyb_1)
                                                         net38 (net)
                      0.136510    0.000211    3.760287 ^ fanout134/I (gf180mcu_fd_sc_mcu7t5v0__dlyb_1)
     5    0.097080    1.064006    1.100393    4.860680 ^ fanout134/Z (gf180mcu_fd_sc_mcu7t5v0__dlyb_1)
                                                         net134 (net)
                      1.064343    0.010738    4.871418 ^ wire135/I (gf180mcu_fd_sc_mcu7t5v0__buf_4)
     7    0.132346    0.373745    0.319424    5.190842 ^ wire135/Z (gf180mcu_fd_sc_mcu7t5v0__buf_4)
                                                         net135 (net)
                      0.377342    0.020401    5.211243 ^ fanout130/I (gf180mcu_fd_sc_mcu7t5v0__dlyb_1)
     2    0.017189    0.223466    0.617839    5.829082 ^ fanout130/Z (gf180mcu_fd_sc_mcu7t5v0__dlyb_1)
                                                         net130 (net)
                      0.223466    0.000095    5.829177 ^ fanout128/I (gf180mcu_fd_sc_mcu7t5v0__dlyb_1)
     8    0.070941    0.787166    0.948897    6.778074 ^ fanout128/Z (gf180mcu_fd_sc_mcu7t5v0__dlyb_1)
                                                         net128 (net)
                      0.787175    0.001527    6.779601 ^ _843_/RN (gf180mcu_fd_sc_mcu7t5v0__dffrnq_1)
                                              6.779601   data arrival time

                                 16.000000   16.000000   clock clk (rise edge)
                                  0.000000   16.000000   clock source latency
     2    0.092910    0.000000    0.000000   16.000000 ^ clk (in)
                                                         clk (net)
                      0.025556    0.010454   16.010454 ^ clkbuf_0_clk/I (gf180mcu_fd_sc_mcu7t5v0__clkbuf_16)
     8    0.205666    0.162120    0.208070   16.218523 ^ clkbuf_0_clk/Z (gf180mcu_fd_sc_mcu7t5v0__clkbuf_16)
                                                         clknet_0_clk (net)
                      0.163657    0.010587   16.229111 ^ clkbuf_3_4_0_clk/I (gf180mcu_fd_sc_mcu7t5v0__clkbuf_8)
    14    0.100143    0.160217    0.231429   16.460541 ^ clkbuf_3_4_0_clk/Z (gf180mcu_fd_sc_mcu7t5v0__clkbuf_8)
                                                         clknet_3_4_0_clk (net)
                      0.160588    0.007075   16.467615 ^ _843_/CLK (gf180mcu_fd_sc_mcu7t5v0__dffrnq_1)
                                 -0.250000   16.217617   clock uncertainty
                                  0.000000   16.217617   clock reconvergence pessimism
                                 -0.029970   16.187647   library recovery time
                                             16.187647   data required time
---------------------------------------------------------------------------------------------
                                             16.187647   data required time
                                             -6.779601   data arrival time
---------------------------------------------------------------------------------------------
                                              9.408046   slack (MET)


Startpoint: rst_n (input port clocked by clk)
Endpoint: _844_ (recovery check against rising-edge clock clk)
Path Group: asynchronous
Path Type: max

Fanout         Cap        Slew       Delay        Time   Description
---------------------------------------------------------------------------------------------
                                  0.000000    0.000000   clock clk (rise edge)
                                  0.000000    0.000000   clock network delay (propagated)
                                  3.200000    3.200000 ^ input external delay
     2    0.010205    0.049982    0.017902    3.217902 ^ rst_n (in)
                                                         rst_n (net)
                      0.049982    0.000000    3.217902 ^ input38/I (gf180mcu_fd_sc_mcu7t5v0__dlyb_1)
     1    0.008384    0.136510    0.542173    3.760076 ^ input38/Z (gf180mcu_fd_sc_mcu7t5v0__dlyb_1)
                                                         net38 (net)
                      0.136510    0.000211    3.760287 ^ fanout134/I (gf180mcu_fd_sc_mcu7t5v0__dlyb_1)
     5    0.097080    1.064006    1.100393    4.860680 ^ fanout134/Z (gf180mcu_fd_sc_mcu7t5v0__dlyb_1)
                                                         net134 (net)
                      1.064343    0.010738    4.871418 ^ wire135/I (gf180mcu_fd_sc_mcu7t5v0__buf_4)
     7    0.132346    0.373745    0.319424    5.190842 ^ wire135/Z (gf180mcu_fd_sc_mcu7t5v0__buf_4)
                                                         net135 (net)
                      0.377342    0.020401    5.211243 ^ fanout130/I (gf180mcu_fd_sc_mcu7t5v0__dlyb_1)
     2    0.017189    0.223466    0.617839    5.829082 ^ fanout130/Z (gf180mcu_fd_sc_mcu7t5v0__dlyb_1)
                                                         net130 (net)
                      0.223466    0.000095    5.829177 ^ fanout128/I (gf180mcu_fd_sc_mcu7t5v0__dlyb_1)
     8    0.070941    0.787166    0.948897    6.778074 ^ fanout128/Z (gf180mcu_fd_sc_mcu7t5v0__dlyb_1)
                                                         net128 (net)
                      0.787176    0.001632    6.779706 ^ _844_/RN (gf180mcu_fd_sc_mcu7t5v0__dffrnq_1)
                                              6.779706   data arrival time

                                 16.000000   16.000000   clock clk (rise edge)
                                  0.000000   16.000000   clock source latency
     2    0.092910    0.000000    0.000000   16.000000 ^ clk (in)
                                                         clk (net)
                      0.025556    0.010454   16.010454 ^ clkbuf_0_clk/I (gf180mcu_fd_sc_mcu7t5v0__clkbuf_16)
     8    0.205666    0.162120    0.208070   16.218523 ^ clkbuf_0_clk/Z (gf180mcu_fd_sc_mcu7t5v0__clkbuf_16)
                                                         clknet_0_clk (net)
                      0.163657    0.010587   16.229111 ^ clkbuf_3_4_0_clk/I (gf180mcu_fd_sc_mcu7t5v0__clkbuf_8)
    14    0.100143    0.160217    0.231429   16.460541 ^ clkbuf_3_4_0_clk/Z (gf180mcu_fd_sc_mcu7t5v0__clkbuf_8)
                                                         clknet_3_4_0_clk (net)
                      0.160608    0.007214   16.467754 ^ _844_/CLK (gf180mcu_fd_sc_mcu7t5v0__dffrnq_1)
                                 -0.250000   16.217754   clock uncertainty
                                  0.000000   16.217754   clock reconvergence pessimism
                                 -0.029966   16.187788   library recovery time
                                             16.187788   data required time
---------------------------------------------------------------------------------------------
                                             16.187788   data required time
                                             -6.779706   data arrival time
---------------------------------------------------------------------------------------------
                                              9.408082   slack (MET)


Startpoint: rst_n (input port clocked by clk)
Endpoint: _787_ (recovery check against rising-edge clock clk)
Path Group: asynchronous
Path Type: max

Fanout         Cap        Slew       Delay        Time   Description
---------------------------------------------------------------------------------------------
                                  0.000000    0.000000   clock clk (rise edge)
                                  0.000000    0.000000   clock network delay (propagated)
                                  3.200000    3.200000 ^ input external delay
     2    0.010205    0.049982    0.017902    3.217902 ^ rst_n (in)
                                                         rst_n (net)
                      0.049982    0.000000    3.217902 ^ input38/I (gf180mcu_fd_sc_mcu7t5v0__dlyb_1)
     1    0.008384    0.136510    0.542173    3.760076 ^ input38/Z (gf180mcu_fd_sc_mcu7t5v0__dlyb_1)
                                                         net38 (net)
                      0.136510    0.000211    3.760287 ^ fanout134/I (gf180mcu_fd_sc_mcu7t5v0__dlyb_1)
     5    0.097080    1.064006    1.100393    4.860680 ^ fanout134/Z (gf180mcu_fd_sc_mcu7t5v0__dlyb_1)
                                                         net134 (net)
                      1.064343    0.010738    4.871418 ^ wire135/I (gf180mcu_fd_sc_mcu7t5v0__buf_4)
     7    0.132346    0.373745    0.319424    5.190842 ^ wire135/Z (gf180mcu_fd_sc_mcu7t5v0__buf_4)
                                                         net135 (net)
                      0.377342    0.020401    5.211243 ^ fanout130/I (gf180mcu_fd_sc_mcu7t5v0__dlyb_1)
     2    0.017189    0.223466    0.617839    5.829082 ^ fanout130/Z (gf180mcu_fd_sc_mcu7t5v0__dlyb_1)
                                                         net130 (net)
                      0.223466    0.000095    5.829177 ^ fanout128/I (gf180mcu_fd_sc_mcu7t5v0__dlyb_1)
     8    0.070941    0.787166    0.948897    6.778074 ^ fanout128/Z (gf180mcu_fd_sc_mcu7t5v0__dlyb_1)
                                                         net128 (net)
                      0.787174    0.001464    6.779538 ^ _787_/RN (gf180mcu_fd_sc_mcu7t5v0__dffrnq_1)
                                              6.779538   data arrival time

                                 16.000000   16.000000   clock clk (rise edge)
                                  0.000000   16.000000   clock source latency
     2    0.092910    0.000000    0.000000   16.000000 ^ clk (in)
                                                         clk (net)
                      0.025556    0.010454   16.010454 ^ clkbuf_0_clk/I (gf180mcu_fd_sc_mcu7t5v0__clkbuf_16)
     8    0.205666    0.162120    0.208070   16.218523 ^ clkbuf_0_clk/Z (gf180mcu_fd_sc_mcu7t5v0__clkbuf_16)
                                                         clknet_0_clk (net)
                      0.163657    0.010587   16.229111 ^ clkbuf_3_4_0_clk/I (gf180mcu_fd_sc_mcu7t5v0__clkbuf_8)
    14    0.100143    0.160217    0.231429   16.460541 ^ clkbuf_3_4_0_clk/Z (gf180mcu_fd_sc_mcu7t5v0__clkbuf_8)
                                                         clknet_3_4_0_clk (net)
                      0.160602    0.007169   16.467709 ^ _787_/CLK (gf180mcu_fd_sc_mcu7t5v0__dffrnq_1)
                                 -0.250000   16.217710   clock uncertainty
                                  0.000000   16.217710   clock reconvergence pessimism
                                 -0.029967   16.187742   library recovery time
                                             16.187742   data required time
---------------------------------------------------------------------------------------------
                                             16.187742   data required time
                                             -6.779538   data arrival time
---------------------------------------------------------------------------------------------
                                              9.408206   slack (MET)


Startpoint: core_din_ready_i (input port clocked by clk)
Endpoint: _767_ (rising edge-triggered flip-flop clocked by clk)
Path Group: clk
Path Type: max

Fanout         Cap        Slew       Delay        Time   Description
---------------------------------------------------------------------------------------------
                                  0.000000    0.000000   clock clk (rise edge)
                                  0.000000    0.000000   clock network delay (propagated)
                                  3.200000    3.200000 v input external delay
     2    0.005392    0.018393    0.004703    3.204703 v core_din_ready_i (in)
                                                         core_din_ready_i (net)
                      0.018393    0.000000    3.204703 v input1/I (gf180mcu_fd_sc_mcu7t5v0__dlyb_1)
     1    0.094091    0.646477    0.965558    4.170261 v input1/Z (gf180mcu_fd_sc_mcu7t5v0__dlyb_1)
                                                         net1 (net)
                      0.648024    0.017943    4.188204 v _448_/A1 (gf180mcu_fd_sc_mcu7t5v0__nand2_1)
     2    0.010100    0.261928    0.259756    4.447960 ^ _448_/ZN (gf180mcu_fd_sc_mcu7t5v0__nand2_1)
                                                         _165_ (net)
                      0.261928    0.000087    4.448048 ^ _449_/I (gf180mcu_fd_sc_mcu7t5v0__clkinv_1)
     1    0.005178    0.118442    0.097507    4.545555 v _449_/ZN (gf180mcu_fd_sc_mcu7t5v0__clkinv_1)
                                                         _166_ (net)
                      0.118442    0.000097    4.545652 v _451_/A2 (gf180mcu_fd_sc_mcu7t5v0__oai21_1)
     5    0.051442    1.013460    0.628884    5.174537 ^ _451_/ZN (gf180mcu_fd_sc_mcu7t5v0__oai21_1)
                                                         _167_ (net)
                      1.013460    0.000496    5.175033 ^ _452_/I (gf180mcu_fd_sc_mcu7t5v0__clkinv_1)
     9    0.077908    0.882401    0.722837    5.897870 v _452_/ZN (gf180mcu_fd_sc_mcu7t5v0__clkinv_1)
                                                         net96 (net)
                      0.882424    0.002548    5.900417 v _607_/A2 (gf180mcu_fd_sc_mcu7t5v0__oai211_1)
     1    0.019236    0.547606    0.442279    6.342696 ^ _607_/ZN (gf180mcu_fd_sc_mcu7t5v0__oai211_1)
                                                         _272_ (net)
                      0.547606    0.000529    6.343225 ^ _609_/S (gf180mcu_fd_sc_mcu7t5v0__mux2_2)
     1    0.004023    0.072586    0.198303    6.541529 ^ _609_/Z (gf180mcu_fd_sc_mcu7t5v0__mux2_2)
                                                         _036_ (net)
                      0.072586    0.000042    6.541571 ^ _767_/D (gf180mcu_fd_sc_mcu7t5v0__dffrnq_1)
                                              6.541571   data arrival time

                                 16.000000   16.000000   clock clk (rise edge)
                                  0.000000   16.000000   clock source latency
     2    0.092910    0.000000    0.000000   16.000000 ^ clk (in)
                                                         clk (net)
                      0.025556    0.010454   16.010454 ^ clkbuf_0_clk/I (gf180mcu_fd_sc_mcu7t5v0__clkbuf_16)
     8    0.205666    0.162120    0.208070   16.218523 ^ clkbuf_0_clk/Z (gf180mcu_fd_sc_mcu7t5v0__clkbuf_16)
                                                         clknet_0_clk (net)
                      0.163389    0.009562   16.228086 ^ clkbuf_3_2_0_clk/I (gf180mcu_fd_sc_mcu7t5v0__clkbuf_8)
    12    0.104111    0.165820    0.235270   16.463356 ^ clkbuf_3_2_0_clk/Z (gf180mcu_fd_sc_mcu7t5v0__clkbuf_8)
                                                         clknet_3_2_0_clk (net)
                      0.166039    0.006031   16.469387 ^ _767_/CLK (gf180mcu_fd_sc_mcu7t5v0__dffrnq_1)
                                 -0.250000   16.219387   clock uncertainty
                                  0.000000   16.219387   clock reconvergence pessimism
                                 -0.165305   16.054083   library setup time
                                             16.054083   data required time
---------------------------------------------------------------------------------------------
                                             16.054083   data required time
                                             -6.541571   data arrival time
---------------------------------------------------------------------------------------------
                                              9.512512   slack (MET)


Startpoint: _796_ (rising edge-triggered flip-flop clocked by clk)
Endpoint: ext_state[1] (output port clocked by clk)
Path Group: clk
Path Type: max

Fanout         Cap        Slew       Delay        Time   Description
---------------------------------------------------------------------------------------------
                                  0.000000    0.000000   clock clk (rise edge)
                                  0.000000    0.000000   clock source latency
     2    0.092910    0.000000    0.000000    0.000000 ^ clk (in)
                                                         clk (net)
                      0.025556    0.010453    0.010453 ^ clkbuf_0_clk/I (gf180mcu_fd_sc_mcu7t5v0__clkbuf_16)
     8    0.205666    0.162120    0.208071    0.218524 ^ clkbuf_0_clk/Z (gf180mcu_fd_sc_mcu7t5v0__clkbuf_16)
                                                         clknet_0_clk (net)
                      0.163506    0.010019    0.228543 ^ clkbuf_3_1_0_clk/I (gf180mcu_fd_sc_mcu7t5v0__clkbuf_8)
    16    0.119720    0.182888    0.245031    0.473574 ^ clkbuf_3_1_0_clk/Z (gf180mcu_fd_sc_mcu7t5v0__clkbuf_8)
                                                         clknet_3_1_0_clk (net)
                      0.184009    0.008316    0.481890 ^ _796_/CLK (gf180mcu_fd_sc_mcu7t5v0__dffrnq_1)
     7    0.056684    0.386651    0.667432    1.149323 v _796_/Q (gf180mcu_fd_sc_mcu7t5v0__dffrnq_1)
                                                         net112 (net)
                      0.386737    0.003306    1.152629 v _429_/A4 (gf180mcu_fd_sc_mcu7t5v0__nor4_1)
     3    0.018520    0.829772    0.541743    1.694372 ^ _429_/ZN (gf180mcu_fd_sc_mcu7t5v0__nor4_1)
                                                         _147_ (net)
                      0.829772    0.000070    1.694442 ^ _430_/I (gf180mcu_fd_sc_mcu7t5v0__clkinv_1)
     1    0.026158    0.422017    0.333160    2.027602 v _430_/ZN (gf180mcu_fd_sc_mcu7t5v0__clkinv_1)
                                                         net95 (net)
                      0.422019    0.001556    2.029158 v output95/I (gf180mcu_fd_sc_mcu7t5v0__dlyb_1)
     1    0.053534    0.409135    0.947567    2.976724 v output95/Z (gf180mcu_fd_sc_mcu7t5v0__dlyb_1)
                                                         ext_state[1] (net)
                      0.409140    0.001040    2.977764 v ext_state[1] (out)
                                              2.977764   data arrival time

                                 16.000000   16.000000   clock clk (rise edge)
                                  0.000000   16.000000   clock network delay (propagated)
                                 -0.250000   15.750001   clock uncertainty
                                  0.000000   15.750001   clock reconvergence pessimism
                                 -3.200000   12.550000   output external delay
                                             12.550000   data required time
---------------------------------------------------------------------------------------------
                                             12.550000   data required time
                                             -2.977764   data arrival time
---------------------------------------------------------------------------------------------
                                              9.572237   slack (MET)


Startpoint: din[1] (input port clocked by clk)
Endpoint: _849_ (rising edge-triggered flip-flop clocked by clk)
Path Group: clk
Path Type: max

Fanout         Cap        Slew       Delay        Time   Description
---------------------------------------------------------------------------------------------
                                  0.000000    0.000000   clock clk (rise edge)
                                  0.000000    0.000000   clock network delay (propagated)
                                  3.200000    3.200000 ^ input external delay
     2    0.007665    0.043339    0.013652    3.213651 ^ din[1] (in)
                                                         din[1] (net)
                      0.043339    0.000000    3.213651 ^ input30/I (gf180mcu_fd_sc_mcu7t5v0__dlyb_1)
     8    0.063326    0.705812    0.881184    4.094835 ^ input30/Z (gf180mcu_fd_sc_mcu7t5v0__dlyb_1)
                                                         net30 (net)
                      0.705826    0.001778    4.096613 ^ _388_/I (gf180mcu_fd_sc_mcu7t5v0__clkinv_1)
    10    0.235297    2.393832    1.600169    5.696783 v _388_/ZN (gf180mcu_fd_sc_mcu7t5v0__clkinv_1)
                                                         _109_ (net)
                      2.397659    0.054930    5.751713 v _583_/A1 (gf180mcu_fd_sc_mcu7t5v0__oai21_1)
     1    0.004485    0.501073    0.647967    6.399681 ^ _583_/ZN (gf180mcu_fd_sc_mcu7t5v0__oai21_1)
                                                         _026_ (net)
                      0.501073    0.000051    6.399731 ^ _849_/D (gf180mcu_fd_sc_mcu7t5v0__dffrnq_1)
                                              6.399731   data arrival time

                                 16.000000   16.000000   clock clk (rise edge)
                                  0.000000   16.000000   clock source latency
     2    0.092910    0.000000    0.000000   16.000000 ^ clk (in)
                                                         clk (net)
                      0.025556    0.010454   16.010454 ^ clkbuf_0_clk/I (gf180mcu_fd_sc_mcu7t5v0__clkbuf_16)
     8    0.205666    0.162120    0.208070   16.218523 ^ clkbuf_0_clk/Z (gf180mcu_fd_sc_mcu7t5v0__clkbuf_16)
                                                         clknet_0_clk (net)
                      0.163509    0.010031   16.228556 ^ clkbuf_3_6_0_clk/I (gf180mcu_fd_sc_mcu7t5v0__clkbuf_8)
    12    0.102572    0.163725    0.233868   16.462423 ^ clkbuf_3_6_0_clk/Z (gf180mcu_fd_sc_mcu7t5v0__clkbuf_8)
                                                         clknet_3_6_0_clk (net)
                      0.163913    0.005743   16.468166 ^ _849_/CLK (gf180mcu_fd_sc_mcu7t5v0__dffrnq_1)
                                 -0.250000   16.218166   clock uncertainty
                                  0.000000   16.218166   clock reconvergence pessimism
                                 -0.231524   15.986644   library setup time
                                             15.986644   data required time
---------------------------------------------------------------------------------------------
                                             15.986644   data required time
                                             -6.399731   data arrival time
---------------------------------------------------------------------------------------------
                                              9.586913   slack (MET)


Startpoint: core_dout_valid_i (input port clocked by clk)
Endpoint: _797_ (rising edge-triggered flip-flop clocked by clk)
Path Group: clk
Path Type: max

Fanout         Cap        Slew       Delay        Time   Description
---------------------------------------------------------------------------------------------
                                  0.000000    0.000000   clock clk (rise edge)
                                  0.000000    0.000000   clock network delay (propagated)
                                  3.200000    3.200000 ^ input external delay
     2    0.012684    0.056461    0.022020    3.222020 ^ core_dout_valid_i (in)
                                                         core_dout_valid_i (net)
                      0.056461    0.000000    3.222020 ^ input10/I (gf180mcu_fd_sc_mcu7t5v0__dlya_1)
    14    0.234440    2.511098    1.691761    4.913781 ^ input10/Z (gf180mcu_fd_sc_mcu7t5v0__dlya_1)
                                                         net10 (net)
                      2.513748    0.046564    4.960344 ^ _408_/A2 (gf180mcu_fd_sc_mcu7t5v0__nand2_1)
     2    0.011433    0.533868    0.045763    5.006107 v _408_/ZN (gf180mcu_fd_sc_mcu7t5v0__nand2_1)
                                                         _129_ (net)
                      0.533868    0.000097    5.006204 v _409_/A3 (gf180mcu_fd_sc_mcu7t5v0__nor3_1)
     1    0.004322    0.302816    0.247293    5.253497 ^ _409_/ZN (gf180mcu_fd_sc_mcu7t5v0__nor3_1)
                                                         _130_ (net)
                      0.302816    0.000086    5.253583 ^ _410_/A3 (gf180mcu_fd_sc_mcu7t5v0__and3_1)
     3    0.033935    0.403645    0.432894    5.686478 ^ _410_/Z (gf180mcu_fd_sc_mcu7t5v0__and3_1)
                                                         _131_ (net)
                      0.403657    0.001234    5.687712 ^ _419_/A1 (gf180mcu_fd_sc_mcu7t5v0__nand2_1)
     2    0.013339    0.458681    0.159637    5.847349 v _419_/ZN (gf180mcu_fd_sc_mcu7t5v0__nand2_1)
                                                         _140_ (net)
                      0.458681    0.000216    5.847565 v _485_/B2 (gf180mcu_fd_sc_mcu7t5v0__aoi22_1)
     2    0.015672    0.468459    0.380370    6.227935 ^ _485_/ZN (gf180mcu_fd_sc_mcu7t5v0__aoi22_1)
                                                         _197_ (net)
                      0.468459    0.000358    6.228293 ^ _671_/S (gf180mcu_fd_sc_mcu7t5v0__mux2_2)
     1    0.003810    0.069573    0.193935    6.422228 ^ _671_/Z (gf180mcu_fd_sc_mcu7t5v0__mux2_2)
                                                         _066_ (net)
                      0.069573    0.000040    6.422268 ^ _797_/D (gf180mcu_fd_sc_mcu7t5v0__dffrnq_1)
                                              6.422268   data arrival time

                                 16.000000   16.000000   clock clk (rise edge)
                                  0.000000   16.000000   clock source latency
     2    0.092910    0.000000    0.000000   16.000000 ^ clk (in)
                                                         clk (net)
                      0.025556    0.010454   16.010454 ^ clkbuf_0_clk/I (gf180mcu_fd_sc_mcu7t5v0__clkbuf_16)
     8    0.205666    0.162120    0.208070   16.218523 ^ clkbuf_0_clk/Z (gf180mcu_fd_sc_mcu7t5v0__clkbuf_16)
                                                         clknet_0_clk (net)
                      0.163389    0.009562   16.228086 ^ clkbuf_3_2_0_clk/I (gf180mcu_fd_sc_mcu7t5v0__clkbuf_8)
    12    0.104111    0.165820    0.235270   16.463356 ^ clkbuf_3_2_0_clk/Z (gf180mcu_fd_sc_mcu7t5v0__clkbuf_8)
                                                         clknet_3_2_0_clk (net)
                      0.166003    0.005661   16.469017 ^ _797_/CLK (gf180mcu_fd_sc_mcu7t5v0__dffrnq_1)
                                 -0.250000   16.219017   clock uncertainty
                                  0.000000   16.219017   clock reconvergence pessimism
                                 -0.164968   16.054049   library setup time
                                             16.054049   data required time
---------------------------------------------------------------------------------------------
                                             16.054049   data required time
                                             -6.422268   data arrival time
---------------------------------------------------------------------------------------------
                                              9.631782   slack (MET)


Startpoint: din[1] (input port clocked by clk)
Endpoint: _769_ (rising edge-triggered flip-flop clocked by clk)
Path Group: clk
Path Type: max

Fanout         Cap        Slew       Delay        Time   Description
---------------------------------------------------------------------------------------------
                                  0.000000    0.000000   clock clk (rise edge)
                                  0.000000    0.000000   clock network delay (propagated)
                                  3.200000    3.200000 ^ input external delay
     2    0.007665    0.043339    0.013652    3.213651 ^ din[1] (in)
                                                         din[1] (net)
                      0.043339    0.000000    3.213651 ^ input30/I (gf180mcu_fd_sc_mcu7t5v0__dlyb_1)
     8    0.063326    0.705812    0.881184    4.094835 ^ input30/Z (gf180mcu_fd_sc_mcu7t5v0__dlyb_1)
                                                         net30 (net)
                      0.705826    0.001778    4.096613 ^ _388_/I (gf180mcu_fd_sc_mcu7t5v0__clkinv_1)
    10    0.235297    2.393832    1.600169    5.696783 v _388_/ZN (gf180mcu_fd_sc_mcu7t5v0__clkinv_1)
                                                         _109_ (net)
                      2.393853    0.004183    5.700966 v _614_/A1 (gf180mcu_fd_sc_mcu7t5v0__oai21_1)
     1    0.003526    0.474116    0.624193    6.325159 ^ _614_/ZN (gf180mcu_fd_sc_mcu7t5v0__oai21_1)
                                                         _038_ (net)
                      0.474116    0.000035    6.325194 ^ _769_/D (gf180mcu_fd_sc_mcu7t5v0__dffrnq_1)
                                              6.325194   data arrival time

                                 16.000000   16.000000   clock clk (rise edge)
                                  0.000000   16.000000   clock source latency
     2    0.092910    0.000000    0.000000   16.000000 ^ clk (in)
                                                         clk (net)
                      0.025556    0.010454   16.010454 ^ clkbuf_0_clk/I (gf180mcu_fd_sc_mcu7t5v0__clkbuf_16)
     8    0.205666    0.162120    0.208070   16.218523 ^ clkbuf_0_clk/Z (gf180mcu_fd_sc_mcu7t5v0__clkbuf_16)
                                                         clknet_0_clk (net)
                      0.163540    0.010152   16.228676 ^ clkbuf_3_0_0_clk/I (gf180mcu_fd_sc_mcu7t5v0__clkbuf_8)
    12    0.099450    0.159395    0.230900   16.459576 ^ clkbuf_3_0_0_clk/Z (gf180mcu_fd_sc_mcu7t5v0__clkbuf_8)
                                                         clknet_3_0_0_clk (net)
                      0.159730    0.006938   16.466515 ^ _769_/CLK (gf180mcu_fd_sc_mcu7t5v0__dffrnq_1)
                                 -0.250000   16.216515   clock uncertainty
                                  0.000000   16.216515   clock reconvergence pessimism
                                 -0.229613   15.986903   library setup time
                                             15.986903   data required time
---------------------------------------------------------------------------------------------
                                             15.986903   data required time
                                             -6.325194   data arrival time
---------------------------------------------------------------------------------------------
                                              9.661709   slack (MET)


Startpoint: rst_n (input port clocked by clk)
Endpoint: _793_ (recovery check against rising-edge clock clk)
Path Group: asynchronous
Path Type: max

Fanout         Cap        Slew       Delay        Time   Description
---------------------------------------------------------------------------------------------
                                  0.000000    0.000000   clock clk (rise edge)
                                  0.000000    0.000000   clock network delay (propagated)
                                  3.200000    3.200000 ^ input external delay
     2    0.010205    0.049982    0.017902    3.217902 ^ rst_n (in)
                                                         rst_n (net)
                      0.049982    0.000000    3.217902 ^ input38/I (gf180mcu_fd_sc_mcu7t5v0__dlyb_1)
     1    0.008384    0.136510    0.542173    3.760076 ^ input38/Z (gf180mcu_fd_sc_mcu7t5v0__dlyb_1)
                                                         net38 (net)
                      0.136510    0.000211    3.760287 ^ fanout134/I (gf180mcu_fd_sc_mcu7t5v0__dlyb_1)
     5    0.097080    1.064006    1.100393    4.860680 ^ fanout134/Z (gf180mcu_fd_sc_mcu7t5v0__dlyb_1)
                                                         net134 (net)
                      1.064013    0.001586    4.862266 ^ fanout127/I (gf180mcu_fd_sc_mcu7t5v0__dlyb_1)
    11    0.125556    1.366046    1.262763    6.125029 ^ fanout127/Z (gf180mcu_fd_sc_mcu7t5v0__dlyb_1)
                                                         net127 (net)
                      1.366248    0.009452    6.134481 ^ _793_/RN (gf180mcu_fd_sc_mcu7t5v0__dffrnq_2)
                                              6.134481   data arrival time

                                 16.000000   16.000000   clock clk (rise edge)
                                  0.000000   16.000000   clock source latency
     2    0.092910    0.000000    0.000000   16.000000 ^ clk (in)
                                                         clk (net)
                      0.025556    0.010454   16.010454 ^ clkbuf_0_clk/I (gf180mcu_fd_sc_mcu7t5v0__clkbuf_16)
     8    0.205666    0.162120    0.208070   16.218523 ^ clkbuf_0_clk/Z (gf180mcu_fd_sc_mcu7t5v0__clkbuf_16)
                                                         clknet_0_clk (net)
                      0.163264    0.009058   16.227581 ^ clkbuf_3_3_0_clk/I (gf180mcu_fd_sc_mcu7t5v0__clkbuf_8)
     9    0.084729    0.142760    0.221309   16.448891 ^ clkbuf_3_3_0_clk/Z (gf180mcu_fd_sc_mcu7t5v0__clkbuf_8)
                                                         clknet_3_3_0_clk (net)
                      0.142799    0.003533   16.452423 ^ _793_/CLK (gf180mcu_fd_sc_mcu7t5v0__dffrnq_2)
                                 -0.250000   16.202425   clock uncertainty
                                  0.000000   16.202425   clock reconvergence pessimism
                                 -0.364694   15.837729   library recovery time
                                             15.837729   data required time
---------------------------------------------------------------------------------------------
                                             15.837729   data required time
                                             -6.134481   data arrival time
---------------------------------------------------------------------------------------------
                                              9.703248   slack (MET)


Startpoint: core_din_ready_i (input port clocked by clk)
Endpoint: _790_ (rising edge-triggered flip-flop clocked by clk)
Path Group: clk
Path Type: max

Fanout         Cap        Slew       Delay        Time   Description
---------------------------------------------------------------------------------------------
                                  0.000000    0.000000   clock clk (rise edge)
                                  0.000000    0.000000   clock network delay (propagated)
                                  3.200000    3.200000 ^ input external delay
     2    0.005392    0.036613    0.009594    3.209594 ^ core_din_ready_i (in)
                                                         core_din_ready_i (net)
                      0.036613    0.000000    3.209594 ^ input1/I (gf180mcu_fd_sc_mcu7t5v0__dlyb_1)
     1    0.094091    1.030173    1.064863    4.274457 ^ input1/Z (gf180mcu_fd_sc_mcu7t5v0__dlyb_1)
                                                         net1 (net)
                      1.031154    0.017976    4.292432 ^ _448_/A1 (gf180mcu_fd_sc_mcu7t5v0__nand2_1)
     2    0.010100    0.317835    0.153878    4.446310 v _448_/ZN (gf180mcu_fd_sc_mcu7t5v0__nand2_1)
                                                         _165_ (net)
                      0.317835    0.000087    4.446398 v _449_/I (gf180mcu_fd_sc_mcu7t5v0__clkinv_1)
     1    0.005178    0.135877    0.121387    4.567785 ^ _449_/ZN (gf180mcu_fd_sc_mcu7t5v0__clkinv_1)
                                                         _166_ (net)
                      0.135877    0.000097    4.567882 ^ _451_/A2 (gf180mcu_fd_sc_mcu7t5v0__oai21_1)
     5    0.051442    0.553716    0.356275    4.924157 v _451_/ZN (gf180mcu_fd_sc_mcu7t5v0__oai21_1)
                                                         _167_ (net)
                      0.553716    0.000324    4.924481 v _624_/A3 (gf180mcu_fd_sc_mcu7t5v0__or3_1)
     4    0.064698    0.497734    0.774924    5.699405 v _624_/Z (gf180mcu_fd_sc_mcu7t5v0__or3_1)
                                                         _280_ (net)
                      0.497737    0.000718    5.700122 v load_slew117/I (gf180mcu_fd_sc_mcu7t5v0__buf_4)
     3    0.109155    0.196401    0.338185    6.038308 v load_slew117/Z (gf180mcu_fd_sc_mcu7t5v0__buf_4)
                                                         net117 (net)
                      0.201736    0.018501    6.056808 v _644_/S (gf180mcu_fd_sc_mcu7t5v0__mux2_2)
     1    0.004111    0.067067    0.266203    6.323011 ^ _644_/Z (gf180mcu_fd_sc_mcu7t5v0__mux2_2)
                                                         _059_ (net)
                      0.067067    0.000079    6.323091 ^ _790_/D (gf180mcu_fd_sc_mcu7t5v0__dffrnq_1)
                                              6.323091   data arrival time

                                 16.000000   16.000000   clock clk (rise edge)
                                  0.000000   16.000000   clock source latency
     2    0.092910    0.000000    0.000000   16.000000 ^ clk (in)
                                                         clk (net)
                      0.025556    0.010454   16.010454 ^ clkbuf_0_clk/I (gf180mcu_fd_sc_mcu7t5v0__clkbuf_16)
     8    0.205666    0.162120    0.208070   16.218523 ^ clkbuf_0_clk/Z (gf180mcu_fd_sc_mcu7t5v0__clkbuf_16)
                                                         clknet_0_clk (net)
                      0.163707    0.010770   16.229294 ^ clkbuf_3_5_0_clk/I (gf180mcu_fd_sc_mcu7t5v0__clkbuf_8)
    14    0.096801    0.155490    0.228182   16.457476 ^ clkbuf_3_5_0_clk/Z (gf180mcu_fd_sc_mcu7t5v0__clkbuf_8)
                                                         clknet_3_5_0_clk (net)
                      0.155890    0.007041   16.464518 ^ _790_/CLK (gf180mcu_fd_sc_mcu7t5v0__dffrnq_1)
                                 -0.250000   16.214518   clock uncertainty
                                  0.000000   16.214518   clock reconvergence pessimism
                                 -0.166669   16.047850   library setup time
                                             16.047850   data required time
---------------------------------------------------------------------------------------------
                                             16.047850   data required time
                                             -6.323091   data arrival time
---------------------------------------------------------------------------------------------
                                              9.724758   slack (MET)


Startpoint: core_din_ready_i (input port clocked by clk)
Endpoint: _791_ (rising edge-triggered flip-flop clocked by clk)
Path Group: clk
Path Type: max

Fanout         Cap        Slew       Delay        Time   Description
---------------------------------------------------------------------------------------------
                                  0.000000    0.000000   clock clk (rise edge)
                                  0.000000    0.000000   clock network delay (propagated)
                                  3.200000    3.200000 ^ input external delay
     2    0.005392    0.036613    0.009594    3.209594 ^ core_din_ready_i (in)
                                                         core_din_ready_i (net)
                      0.036613    0.000000    3.209594 ^ input1/I (gf180mcu_fd_sc_mcu7t5v0__dlyb_1)
     1    0.094091    1.030173    1.064863    4.274457 ^ input1/Z (gf180mcu_fd_sc_mcu7t5v0__dlyb_1)
                                                         net1 (net)
                      1.031154    0.017976    4.292432 ^ _448_/A1 (gf180mcu_fd_sc_mcu7t5v0__nand2_1)
     2    0.010100    0.317835    0.153878    4.446310 v _448_/ZN (gf180mcu_fd_sc_mcu7t5v0__nand2_1)
                                                         _165_ (net)
                      0.317835    0.000087    4.446398 v _449_/I (gf180mcu_fd_sc_mcu7t5v0__clkinv_1)
     1    0.005178    0.135877    0.121387    4.567785 ^ _449_/ZN (gf180mcu_fd_sc_mcu7t5v0__clkinv_1)
                                                         _166_ (net)
                      0.135877    0.000097    4.567882 ^ _451_/A2 (gf180mcu_fd_sc_mcu7t5v0__oai21_1)
     5    0.051442    0.553716    0.356275    4.924157 v _451_/ZN (gf180mcu_fd_sc_mcu7t5v0__oai21_1)
                                                         _167_ (net)
                      0.553716    0.000324    4.924481 v _624_/A3 (gf180mcu_fd_sc_mcu7t5v0__or3_1)
     4    0.064698    0.497734    0.774924    5.699405 v _624_/Z (gf180mcu_fd_sc_mcu7t5v0__or3_1)
                                                         _280_ (net)
                      0.497737    0.000718    5.700122 v load_slew117/I (gf180mcu_fd_sc_mcu7t5v0__buf_4)
     3    0.109155    0.196401    0.338185    6.038308 v load_slew117/Z (gf180mcu_fd_sc_mcu7t5v0__buf_4)
                                                         net117 (net)
                      0.201861    0.018765    6.057073 v _645_/S (gf180mcu_fd_sc_mcu7t5v0__mux2_2)
     1    0.003525    0.064131    0.263845    6.320917 ^ _645_/Z (gf180mcu_fd_sc_mcu7t5v0__mux2_2)
                                                         _060_ (net)
                      0.064131    0.000035    6.320952 ^ _791_/D (gf180mcu_fd_sc_mcu7t5v0__dffrnq_1)
                                              6.320952   data arrival time

                                 16.000000   16.000000   clock clk (rise edge)
                                  0.000000   16.000000   clock source latency
     2    0.092910    0.000000    0.000000   16.000000 ^ clk (in)
                                                         clk (net)
                      0.025556    0.010454   16.010454 ^ clkbuf_0_clk/I (gf180mcu_fd_sc_mcu7t5v0__clkbuf_16)
     8    0.205666    0.162120    0.208070   16.218523 ^ clkbuf_0_clk/Z (gf180mcu_fd_sc_mcu7t5v0__clkbuf_16)
                                                         clknet_0_clk (net)
                      0.163657    0.010587   16.229111 ^ clkbuf_3_4_0_clk/I (gf180mcu_fd_sc_mcu7t5v0__clkbuf_8)
    14    0.100143    0.160217    0.231429   16.460541 ^ clkbuf_3_4_0_clk/Z (gf180mcu_fd_sc_mcu7t5v0__clkbuf_8)
                                                         clknet_3_4_0_clk (net)
                      0.160580    0.007017   16.467556 ^ _791_/CLK (gf180mcu_fd_sc_mcu7t5v0__dffrnq_1)
                                 -0.250000   16.217558   clock uncertainty
                                  0.000000   16.217558   clock reconvergence pessimism
                                 -0.165397   16.052160   library setup time
                                             16.052160   data required time
---------------------------------------------------------------------------------------------
                                             16.052160   data required time
                                             -6.320952   data arrival time
---------------------------------------------------------------------------------------------
                                              9.731209   slack (MET)


Startpoint: din[0] (input port clocked by clk)
Endpoint: _848_ (rising edge-triggered flip-flop clocked by clk)
Path Group: clk
Path Type: max

Fanout         Cap        Slew       Delay        Time   Description
---------------------------------------------------------------------------------------------
                                  0.000000    0.000000   clock clk (rise edge)
                                  0.000000    0.000000   clock network delay (propagated)
                                  3.200000    3.200000 ^ input external delay
     2    0.004923    0.035208    0.008758    3.208758 ^ din[0] (in)
                                                         din[0] (net)
                      0.035208    0.000000    3.208758 ^ input29/I (gf180mcu_fd_sc_mcu7t5v0__dlyb_1)
     6    0.056028    0.628400    0.834995    4.043753 ^ input29/Z (gf180mcu_fd_sc_mcu7t5v0__dlyb_1)
                                                         net29 (net)
                      0.628400    0.000619    4.044372 ^ _391_/I (gf180mcu_fd_sc_mcu7t5v0__clkinv_1)
     8    0.222521    2.264507    1.505051    5.549422 v _391_/ZN (gf180mcu_fd_sc_mcu7t5v0__clkinv_1)
                                                         _112_ (net)
                      2.268298    0.053196    5.602618 v _581_/A1 (gf180mcu_fd_sc_mcu7t5v0__oai21_1)
     1    0.005121    0.499796    0.637334    6.239952 ^ _581_/ZN (gf180mcu_fd_sc_mcu7t5v0__oai21_1)
                                                         _025_ (net)
                      0.499796    0.000103    6.240055 ^ _848_/D (gf180mcu_fd_sc_mcu7t5v0__dffrnq_1)
                                              6.240055   data arrival time

                                 16.000000   16.000000   clock clk (rise edge)
                                  0.000000   16.000000   clock source latency
     2    0.092910    0.000000    0.000000   16.000000 ^ clk (in)
                                                         clk (net)
                      0.025556    0.010454   16.010454 ^ clkbuf_0_clk/I (gf180mcu_fd_sc_mcu7t5v0__clkbuf_16)
     8    0.205666    0.162120    0.208070   16.218523 ^ clkbuf_0_clk/Z (gf180mcu_fd_sc_mcu7t5v0__clkbuf_16)
                                                         clknet_0_clk (net)
                      0.163435    0.009745   16.228270 ^ clkbuf_3_7_0_clk/I (gf180mcu_fd_sc_mcu7t5v0__clkbuf_8)
    13    0.109998    0.171668    0.238259   16.466528 ^ clkbuf_3_7_0_clk/Z (gf180mcu_fd_sc_mcu7t5v0__clkbuf_8)
                                                         clknet_3_7_0_clk (net)
                      0.172212    0.006986   16.473515 ^ _848_/CLK (gf180mcu_fd_sc_mcu7t5v0__dffrnq_1)
                                 -0.250000   16.223515   clock uncertainty
                                  0.000000   16.223515   clock reconvergence pessimism
                                 -0.229744   15.993773   library setup time
                                             15.993773   data required time
---------------------------------------------------------------------------------------------
                                             15.993773   data required time
                                             -6.240055   data arrival time
---------------------------------------------------------------------------------------------
                                              9.753716   slack (MET)


Startpoint: rst_n (input port clocked by clk)
Endpoint: _817_ (recovery check against rising-edge clock clk)
Path Group: asynchronous
Path Type: max

Fanout         Cap        Slew       Delay        Time   Description
---------------------------------------------------------------------------------------------
                                  0.000000    0.000000   clock clk (rise edge)
                                  0.000000    0.000000   clock network delay (propagated)
                                  3.200000    3.200000 ^ input external delay
     2    0.010205    0.049982    0.017902    3.217902 ^ rst_n (in)
                                                         rst_n (net)
                      0.049982    0.000000    3.217902 ^ input38/I (gf180mcu_fd_sc_mcu7t5v0__dlyb_1)
     1    0.008384    0.136510    0.542173    3.760076 ^ input38/Z (gf180mcu_fd_sc_mcu7t5v0__dlyb_1)
                                                         net38 (net)
                      0.136510    0.000211    3.760287 ^ fanout134/I (gf180mcu_fd_sc_mcu7t5v0__dlyb_1)
     5    0.097080    1.064006    1.100393    4.860680 ^ fanout134/Z (gf180mcu_fd_sc_mcu7t5v0__dlyb_1)
                                                         net134 (net)
                      1.064013    0.001586    4.862266 ^ fanout127/I (gf180mcu_fd_sc_mcu7t5v0__dlyb_1)
    11    0.125556    1.366046    1.262763    6.125029 ^ fanout127/Z (gf180mcu_fd_sc_mcu7t5v0__dlyb_1)
                                                         net127 (net)
                      1.366249    0.009476    6.134506 ^ _817_/RN (gf180mcu_fd_sc_mcu7t5v0__dffrnq_1)
                                              6.134506   data arrival time

                                 16.000000   16.000000   clock clk (rise edge)
                                  0.000000   16.000000   clock source latency
     2    0.092910    0.000000    0.000000   16.000000 ^ clk (in)
                                                         clk (net)
                      0.025556    0.010454   16.010454 ^ clkbuf_0_clk/I (gf180mcu_fd_sc_mcu7t5v0__clkbuf_16)
     8    0.205666    0.162120    0.208070   16.218523 ^ clkbuf_0_clk/Z (gf180mcu_fd_sc_mcu7t5v0__clkbuf_16)
                                                         clknet_0_clk (net)
                      0.163264    0.009058   16.227581 ^ clkbuf_3_3_0_clk/I (gf180mcu_fd_sc_mcu7t5v0__clkbuf_8)
     9    0.084729    0.142760    0.221309   16.448891 ^ clkbuf_3_3_0_clk/Z (gf180mcu_fd_sc_mcu7t5v0__clkbuf_8)
                                                         clknet_3_3_0_clk (net)
                      0.142814    0.004102   16.452991 ^ _817_/CLK (gf180mcu_fd_sc_mcu7t5v0__dffrnq_1)
                                 -0.250000   16.202993   clock uncertainty
                                  0.000000   16.202993   clock reconvergence pessimism
                                 -0.265584   15.937410   library recovery time
                                             15.937410   data required time
---------------------------------------------------------------------------------------------
                                             15.937410   data required time
                                             -6.134506   data arrival time
---------------------------------------------------------------------------------------------
                                              9.802904   slack (MET)


Startpoint: rst_n (input port clocked by clk)
Endpoint: _815_ (recovery check against rising-edge clock clk)
Path Group: asynchronous
Path Type: max

Fanout         Cap        Slew       Delay        Time   Description
---------------------------------------------------------------------------------------------
                                  0.000000    0.000000   clock clk (rise edge)
                                  0.000000    0.000000   clock network delay (propagated)
                                  3.200000    3.200000 ^ input external delay
     2    0.010205    0.049982    0.017902    3.217902 ^ rst_n (in)
                                                         rst_n (net)
                      0.049982    0.000000    3.217902 ^ input38/I (gf180mcu_fd_sc_mcu7t5v0__dlyb_1)
     1    0.008384    0.136510    0.542173    3.760076 ^ input38/Z (gf180mcu_fd_sc_mcu7t5v0__dlyb_1)
                                                         net38 (net)
                      0.136510    0.000211    3.760287 ^ fanout134/I (gf180mcu_fd_sc_mcu7t5v0__dlyb_1)
     5    0.097080    1.064006    1.100393    4.860680 ^ fanout134/Z (gf180mcu_fd_sc_mcu7t5v0__dlyb_1)
                                                         net134 (net)
                      1.064013    0.001586    4.862266 ^ fanout127/I (gf180mcu_fd_sc_mcu7t5v0__dlyb_1)
    11    0.125556    1.366046    1.262763    6.125029 ^ fanout127/Z (gf180mcu_fd_sc_mcu7t5v0__dlyb_1)
                                                         net127 (net)
                      1.366255    0.009616    6.134645 ^ _815_/RN (gf180mcu_fd_sc_mcu7t5v0__dffrnq_1)
                                              6.134645   data arrival time

                                 16.000000   16.000000   clock clk (rise edge)
                                  0.000000   16.000000   clock source latency
     2    0.092910    0.000000    0.000000   16.000000 ^ clk (in)
                                                         clk (net)
                      0.025556    0.010454   16.010454 ^ clkbuf_0_clk/I (gf180mcu_fd_sc_mcu7t5v0__clkbuf_16)
     8    0.205666    0.162120    0.208070   16.218523 ^ clkbuf_0_clk/Z (gf180mcu_fd_sc_mcu7t5v0__clkbuf_16)
                                                         clknet_0_clk (net)
                      0.163264    0.009058   16.227581 ^ clkbuf_3_3_0_clk/I (gf180mcu_fd_sc_mcu7t5v0__clkbuf_8)
     9    0.084729    0.142760    0.221309   16.448891 ^ clkbuf_3_3_0_clk/Z (gf180mcu_fd_sc_mcu7t5v0__clkbuf_8)
                                                         clknet_3_3_0_clk (net)
                      0.142820    0.004324   16.453215 ^ _815_/CLK (gf180mcu_fd_sc_mcu7t5v0__dffrnq_1)
                                 -0.250000   16.203215   clock uncertainty
                                  0.000000   16.203215   clock reconvergence pessimism
                                 -0.265585   15.937631   library recovery time
                                             15.937631   data required time
---------------------------------------------------------------------------------------------
                                             15.937631   data required time
                                             -6.134645   data arrival time
---------------------------------------------------------------------------------------------
                                              9.802985   slack (MET)


Startpoint: rst_n (input port clocked by clk)
Endpoint: _818_ (recovery check against rising-edge clock clk)
Path Group: asynchronous
Path Type: max

Fanout         Cap        Slew       Delay        Time   Description
---------------------------------------------------------------------------------------------
                                  0.000000    0.000000   clock clk (rise edge)
                                  0.000000    0.000000   clock network delay (propagated)
                                  3.200000    3.200000 ^ input external delay
     2    0.010205    0.049982    0.017902    3.217902 ^ rst_n (in)
                                                         rst_n (net)
                      0.049982    0.000000    3.217902 ^ input38/I (gf180mcu_fd_sc_mcu7t5v0__dlyb_1)
     1    0.008384    0.136510    0.542173    3.760076 ^ input38/Z (gf180mcu_fd_sc_mcu7t5v0__dlyb_1)
                                                         net38 (net)
                      0.136510    0.000211    3.760287 ^ fanout134/I (gf180mcu_fd_sc_mcu7t5v0__dlyb_1)
     5    0.097080    1.064006    1.100393    4.860680 ^ fanout134/Z (gf180mcu_fd_sc_mcu7t5v0__dlyb_1)
                                                         net134 (net)
                      1.064013    0.001586    4.862266 ^ fanout127/I (gf180mcu_fd_sc_mcu7t5v0__dlyb_1)
    11    0.125556    1.366046    1.262763    6.125029 ^ fanout127/Z (gf180mcu_fd_sc_mcu7t5v0__dlyb_1)
                                                         net127 (net)
                      1.366215    0.008638    6.133667 ^ _818_/RN (gf180mcu_fd_sc_mcu7t5v0__dffrnq_1)
                                              6.133667   data arrival time

                                 16.000000   16.000000   clock clk (rise edge)
                                  0.000000   16.000000   clock source latency
     2    0.092910    0.000000    0.000000   16.000000 ^ clk (in)
                                                         clk (net)
                      0.025556    0.010454   16.010454 ^ clkbuf_0_clk/I (gf180mcu_fd_sc_mcu7t5v0__clkbuf_16)
     8    0.205666    0.162120    0.208070   16.218523 ^ clkbuf_0_clk/Z (gf180mcu_fd_sc_mcu7t5v0__clkbuf_16)
                                                         clknet_0_clk (net)
                      0.163264    0.009058   16.227581 ^ clkbuf_3_3_0_clk/I (gf180mcu_fd_sc_mcu7t5v0__clkbuf_8)
     9    0.084729    0.142760    0.221309   16.448891 ^ clkbuf_3_3_0_clk/Z (gf180mcu_fd_sc_mcu7t5v0__clkbuf_8)
                                                         clknet_3_3_0_clk (net)
                      0.142825    0.004489   16.453379 ^ _818_/CLK (gf180mcu_fd_sc_mcu7t5v0__dffrnq_1)
                                 -0.250000   16.203381   clock uncertainty
                                  0.000000   16.203381   clock reconvergence pessimism
                                 -0.265568   15.937814   library recovery time
                                             15.937814   data required time
---------------------------------------------------------------------------------------------
                                             15.937814   data required time
                                             -6.133667   data arrival time
---------------------------------------------------------------------------------------------
                                              9.804147   slack (MET)


Startpoint: rst_n (input port clocked by clk)
Endpoint: _826_ (recovery check against rising-edge clock clk)
Path Group: asynchronous
Path Type: max

Fanout         Cap        Slew       Delay        Time   Description
---------------------------------------------------------------------------------------------
                                  0.000000    0.000000   clock clk (rise edge)
                                  0.000000    0.000000   clock network delay (propagated)
                                  3.200000    3.200000 ^ input external delay
     2    0.010205    0.049982    0.017902    3.217902 ^ rst_n (in)
                                                         rst_n (net)
                      0.049982    0.000000    3.217902 ^ input38/I (gf180mcu_fd_sc_mcu7t5v0__dlyb_1)
     1    0.008384    0.136510    0.542173    3.760076 ^ input38/Z (gf180mcu_fd_sc_mcu7t5v0__dlyb_1)
                                                         net38 (net)
                      0.136510    0.000211    3.760287 ^ fanout134/I (gf180mcu_fd_sc_mcu7t5v0__dlyb_1)
     5    0.097080    1.064006    1.100393    4.860680 ^ fanout134/Z (gf180mcu_fd_sc_mcu7t5v0__dlyb_1)
                                                         net134 (net)
                      1.064343    0.010738    4.871418 ^ wire135/I (gf180mcu_fd_sc_mcu7t5v0__buf_4)
     7    0.132346    0.373745    0.319424    5.190842 ^ wire135/Z (gf180mcu_fd_sc_mcu7t5v0__buf_4)
                                                         net135 (net)
                      0.377176    0.019806    5.210648 ^ fanout132/I (gf180mcu_fd_sc_mcu7t5v0__dlyb_1)
     9    0.088033    0.968291    1.059936    6.270583 ^ fanout132/Z (gf180mcu_fd_sc_mcu7t5v0__dlyb_1)
                                                         net132 (net)
                      0.968294    0.001027    6.271610 ^ load_slew133/I (gf180mcu_fd_sc_mcu7t5v0__buf_4)
     8    0.089129    0.265795    0.264824    6.536434 ^ load_slew133/Z (gf180mcu_fd_sc_mcu7t5v0__buf_4)
                                                         net133 (net)
                      0.265900    0.002970    6.539404 ^ _826_/RN (gf180mcu_fd_sc_mcu7t5v0__dffrnq_1)
                                              6.539404   data arrival time

                                 16.000000   16.000000   clock clk (rise edge)
                                  0.000000   16.000000   clock source latency
     2    0.092910    0.000000    0.000000   16.000000 ^ clk (in)
                                                         clk (net)
                      0.025556    0.010454   16.010454 ^ clkbuf_0_clk/I (gf180mcu_fd_sc_mcu7t5v0__clkbuf_16)
     8    0.205666    0.162120    0.208070   16.218523 ^ clkbuf_0_clk/Z (gf180mcu_fd_sc_mcu7t5v0__clkbuf_16)
                                                         clknet_0_clk (net)
                      0.163509    0.010031   16.228556 ^ clkbuf_3_6_0_clk/I (gf180mcu_fd_sc_mcu7t5v0__clkbuf_8)
    12    0.102572    0.163725    0.233868   16.462423 ^ clkbuf_3_6_0_clk/Z (gf180mcu_fd_sc_mcu7t5v0__clkbuf_8)
                                                         clknet_3_6_0_clk (net)
                      0.163956    0.006157   16.468580 ^ _826_/CLK (gf180mcu_fd_sc_mcu7t5v0__dffrnq_1)
                                 -0.250000   16.218580   clock uncertainty
                                  0.000000   16.218580   clock reconvergence pessimism
                                  0.125232   16.343813   library recovery time
                                             16.343813   data required time
---------------------------------------------------------------------------------------------
                                             16.343813   data required time
                                             -6.539404   data arrival time
---------------------------------------------------------------------------------------------
                                              9.804410   slack (MET)


Startpoint: rst_n (input port clocked by clk)
Endpoint: _820_ (recovery check against rising-edge clock clk)
Path Group: asynchronous
Path Type: max

Fanout         Cap        Slew       Delay        Time   Description
---------------------------------------------------------------------------------------------
                                  0.000000    0.000000   clock clk (rise edge)
                                  0.000000    0.000000   clock network delay (propagated)
                                  3.200000    3.200000 ^ input external delay
     2    0.010205    0.049982    0.017902    3.217902 ^ rst_n (in)
                                                         rst_n (net)
                      0.049982    0.000000    3.217902 ^ input38/I (gf180mcu_fd_sc_mcu7t5v0__dlyb_1)
     1    0.008384    0.136510    0.542173    3.760076 ^ input38/Z (gf180mcu_fd_sc_mcu7t5v0__dlyb_1)
                                                         net38 (net)
                      0.136510    0.000211    3.760287 ^ fanout134/I (gf180mcu_fd_sc_mcu7t5v0__dlyb_1)
     5    0.097080    1.064006    1.100393    4.860680 ^ fanout134/Z (gf180mcu_fd_sc_mcu7t5v0__dlyb_1)
                                                         net134 (net)
                      1.064013    0.001586    4.862266 ^ fanout127/I (gf180mcu_fd_sc_mcu7t5v0__dlyb_1)
    11    0.125556    1.366046    1.262763    6.125029 ^ fanout127/Z (gf180mcu_fd_sc_mcu7t5v0__dlyb_1)
                                                         net127 (net)
                      1.366199    0.008236    6.133265 ^ _820_/RN (gf180mcu_fd_sc_mcu7t5v0__dffrnq_1)
                                              6.133265   data arrival time

                                 16.000000   16.000000   clock clk (rise edge)
                                  0.000000   16.000000   clock source latency
     2    0.092910    0.000000    0.000000   16.000000 ^ clk (in)
                                                         clk (net)
                      0.025556    0.010454   16.010454 ^ clkbuf_0_clk/I (gf180mcu_fd_sc_mcu7t5v0__clkbuf_16)
     8    0.205666    0.162120    0.208070   16.218523 ^ clkbuf_0_clk/Z (gf180mcu_fd_sc_mcu7t5v0__clkbuf_16)
                                                         clknet_0_clk (net)
                      0.163264    0.009058   16.227581 ^ clkbuf_3_3_0_clk/I (gf180mcu_fd_sc_mcu7t5v0__clkbuf_8)
     9    0.084729    0.142760    0.221309   16.448891 ^ clkbuf_3_3_0_clk/Z (gf180mcu_fd_sc_mcu7t5v0__clkbuf_8)
                                                         clknet_3_3_0_clk (net)
                      0.142828    0.004603   16.453493 ^ _820_/CLK (gf180mcu_fd_sc_mcu7t5v0__dffrnq_1)
                                 -0.250000   16.203495   clock uncertainty
                                  0.000000   16.203495   clock reconvergence pessimism
                                 -0.265561   15.937934   library recovery time
                                             15.937934   data required time
---------------------------------------------------------------------------------------------
                                             15.937934   data required time
                                             -6.133265   data arrival time
---------------------------------------------------------------------------------------------
                                              9.804669   slack (MET)


Startpoint: rst_n (input port clocked by clk)
Endpoint: _832_ (recovery check against rising-edge clock clk)
Path Group: asynchronous
Path Type: max

Fanout         Cap        Slew       Delay        Time   Description
---------------------------------------------------------------------------------------------
                                  0.000000    0.000000   clock clk (rise edge)
                                  0.000000    0.000000   clock network delay (propagated)
                                  3.200000    3.200000 ^ input external delay
     2    0.010205    0.049982    0.017902    3.217902 ^ rst_n (in)
                                                         rst_n (net)
                      0.049982    0.000000    3.217902 ^ input38/I (gf180mcu_fd_sc_mcu7t5v0__dlyb_1)
     1    0.008384    0.136510    0.542173    3.760076 ^ input38/Z (gf180mcu_fd_sc_mcu7t5v0__dlyb_1)
                                                         net38 (net)
                      0.136510    0.000211    3.760287 ^ fanout134/I (gf180mcu_fd_sc_mcu7t5v0__dlyb_1)
     5    0.097080    1.064006    1.100393    4.860680 ^ fanout134/Z (gf180mcu_fd_sc_mcu7t5v0__dlyb_1)
                                                         net134 (net)
                      1.064343    0.010738    4.871418 ^ wire135/I (gf180mcu_fd_sc_mcu7t5v0__buf_4)
     7    0.132346    0.373745    0.319424    5.190842 ^ wire135/Z (gf180mcu_fd_sc_mcu7t5v0__buf_4)
                                                         net135 (net)
                      0.377176    0.019806    5.210648 ^ fanout132/I (gf180mcu_fd_sc_mcu7t5v0__dlyb_1)
     9    0.088033    0.968291    1.059936    6.270583 ^ fanout132/Z (gf180mcu_fd_sc_mcu7t5v0__dlyb_1)
                                                         net132 (net)
                      0.968294    0.001027    6.271610 ^ load_slew133/I (gf180mcu_fd_sc_mcu7t5v0__buf_4)
     8    0.089129    0.265795    0.264824    6.536434 ^ load_slew133/Z (gf180mcu_fd_sc_mcu7t5v0__buf_4)
                                                         net133 (net)
                      0.265869    0.002346    6.538780 ^ _832_/RN (gf180mcu_fd_sc_mcu7t5v0__dffrnq_1)
                                              6.538780   data arrival time

                                 16.000000   16.000000   clock clk (rise edge)
                                  0.000000   16.000000   clock source latency
     2    0.092910    0.000000    0.000000   16.000000 ^ clk (in)
                                                         clk (net)
                      0.025556    0.010454   16.010454 ^ clkbuf_0_clk/I (gf180mcu_fd_sc_mcu7t5v0__clkbuf_16)
     8    0.205666    0.162120    0.208070   16.218523 ^ clkbuf_0_clk/Z (gf180mcu_fd_sc_mcu7t5v0__clkbuf_16)
                                                         clknet_0_clk (net)
                      0.163435    0.009745   16.228270 ^ clkbuf_3_7_0_clk/I (gf180mcu_fd_sc_mcu7t5v0__clkbuf_8)
    13    0.109998    0.171668    0.238259   16.466528 ^ clkbuf_3_7_0_clk/Z (gf180mcu_fd_sc_mcu7t5v0__clkbuf_8)
                                                         clknet_3_7_0_clk (net)
                      0.172307    0.007544   16.474072 ^ _832_/CLK (gf180mcu_fd_sc_mcu7t5v0__dffrnq_1)
                                 -0.250000   16.224073   clock uncertainty
                                  0.000000   16.224073   clock reconvergence pessimism
                                  0.126705   16.350777   library recovery time
                                             16.350777   data required time
---------------------------------------------------------------------------------------------
                                             16.350777   data required time
                                             -6.538780   data arrival time
---------------------------------------------------------------------------------------------
                                              9.811996   slack (MET)


Startpoint: rst_n (input port clocked by clk)
Endpoint: _830_ (recovery check against rising-edge clock clk)
Path Group: asynchronous
Path Type: max

Fanout         Cap        Slew       Delay        Time   Description
---------------------------------------------------------------------------------------------
                                  0.000000    0.000000   clock clk (rise edge)
                                  0.000000    0.000000   clock network delay (propagated)
                                  3.200000    3.200000 ^ input external delay
     2    0.010205    0.049982    0.017902    3.217902 ^ rst_n (in)
                                                         rst_n (net)
                      0.049982    0.000000    3.217902 ^ input38/I (gf180mcu_fd_sc_mcu7t5v0__dlyb_1)
     1    0.008384    0.136510    0.542173    3.760076 ^ input38/Z (gf180mcu_fd_sc_mcu7t5v0__dlyb_1)
                                                         net38 (net)
                      0.136510    0.000211    3.760287 ^ fanout134/I (gf180mcu_fd_sc_mcu7t5v0__dlyb_1)
     5    0.097080    1.064006    1.100393    4.860680 ^ fanout134/Z (gf180mcu_fd_sc_mcu7t5v0__dlyb_1)
                                                         net134 (net)
                      1.064343    0.010738    4.871418 ^ wire135/I (gf180mcu_fd_sc_mcu7t5v0__buf_4)
     7    0.132346    0.373745    0.319424    5.190842 ^ wire135/Z (gf180mcu_fd_sc_mcu7t5v0__buf_4)
                                                         net135 (net)
                      0.377176    0.019806    5.210648 ^ fanout132/I (gf180mcu_fd_sc_mcu7t5v0__dlyb_1)
     9    0.088033    0.968291    1.059936    6.270583 ^ fanout132/Z (gf180mcu_fd_sc_mcu7t5v0__dlyb_1)
                                                         net132 (net)
                      0.968294    0.001027    6.271610 ^ load_slew133/I (gf180mcu_fd_sc_mcu7t5v0__buf_4)
     8    0.089129    0.265795    0.264824    6.536434 ^ load_slew133/Z (gf180mcu_fd_sc_mcu7t5v0__buf_4)
                                                         net133 (net)
                      0.265912    0.003205    6.539639 ^ _830_/RN (gf180mcu_fd_sc_mcu7t5v0__dffrnq_1)
                                              6.539639   data arrival time

                                 16.000000   16.000000   clock clk (rise edge)
                                  0.000000   16.000000   clock source latency
     2    0.092910    0.000000    0.000000   16.000000 ^ clk (in)
                                                         clk (net)
                      0.025556    0.010454   16.010454 ^ clkbuf_0_clk/I (gf180mcu_fd_sc_mcu7t5v0__clkbuf_16)
     8    0.205666    0.162120    0.208070   16.218523 ^ clkbuf_0_clk/Z (gf180mcu_fd_sc_mcu7t5v0__clkbuf_16)
                                                         clknet_0_clk (net)
                      0.163435    0.009745   16.228270 ^ clkbuf_3_7_0_clk/I (gf180mcu_fd_sc_mcu7t5v0__clkbuf_8)
    13    0.109998    0.171668    0.238259   16.466528 ^ clkbuf_3_7_0_clk/Z (gf180mcu_fd_sc_mcu7t5v0__clkbuf_8)
                                                         clknet_3_7_0_clk (net)
                      0.172506    0.008626   16.475155 ^ _830_/CLK (gf180mcu_fd_sc_mcu7t5v0__dffrnq_1)
                                 -0.250000   16.225155   clock uncertainty
                                  0.000000   16.225155   clock reconvergence pessimism
                                  0.126731   16.351885   library recovery time
                                             16.351885   data required time
---------------------------------------------------------------------------------------------
                                             16.351885   data required time
                                             -6.539639   data arrival time
---------------------------------------------------------------------------------------------
                                              9.812246   slack (MET)


Startpoint: rst_n (input port clocked by clk)
Endpoint: _829_ (recovery check against rising-edge clock clk)
Path Group: asynchronous
Path Type: max

Fanout         Cap        Slew       Delay        Time   Description
---------------------------------------------------------------------------------------------
                                  0.000000    0.000000   clock clk (rise edge)
                                  0.000000    0.000000   clock network delay (propagated)
                                  3.200000    3.200000 ^ input external delay
     2    0.010205    0.049982    0.017902    3.217902 ^ rst_n (in)
                                                         rst_n (net)
                      0.049982    0.000000    3.217902 ^ input38/I (gf180mcu_fd_sc_mcu7t5v0__dlyb_1)
     1    0.008384    0.136510    0.542173    3.760076 ^ input38/Z (gf180mcu_fd_sc_mcu7t5v0__dlyb_1)
                                                         net38 (net)
                      0.136510    0.000211    3.760287 ^ fanout134/I (gf180mcu_fd_sc_mcu7t5v0__dlyb_1)
     5    0.097080    1.064006    1.100393    4.860680 ^ fanout134/Z (gf180mcu_fd_sc_mcu7t5v0__dlyb_1)
                                                         net134 (net)
                      1.064343    0.010738    4.871418 ^ wire135/I (gf180mcu_fd_sc_mcu7t5v0__buf_4)
     7    0.132346    0.373745    0.319424    5.190842 ^ wire135/Z (gf180mcu_fd_sc_mcu7t5v0__buf_4)
                                                         net135 (net)
                      0.377176    0.019806    5.210648 ^ fanout132/I (gf180mcu_fd_sc_mcu7t5v0__dlyb_1)
     9    0.088033    0.968291    1.059936    6.270583 ^ fanout132/Z (gf180mcu_fd_sc_mcu7t5v0__dlyb_1)
                                                         net132 (net)
                      0.968294    0.001027    6.271610 ^ load_slew133/I (gf180mcu_fd_sc_mcu7t5v0__buf_4)
     8    0.089129    0.265795    0.264824    6.536434 ^ load_slew133/Z (gf180mcu_fd_sc_mcu7t5v0__buf_4)
                                                         net133 (net)
                      0.265904    0.003050    6.539484 ^ _829_/RN (gf180mcu_fd_sc_mcu7t5v0__dffrnq_1)
                                              6.539484   data arrival time

                                 16.000000   16.000000   clock clk (rise edge)
                                  0.000000   16.000000   clock source latency
     2    0.092910    0.000000    0.000000   16.000000 ^ clk (in)
                                                         clk (net)
                      0.025556    0.010454   16.010454 ^ clkbuf_0_clk/I (gf180mcu_fd_sc_mcu7t5v0__clkbuf_16)
     8    0.205666    0.162120    0.208070   16.218523 ^ clkbuf_0_clk/Z (gf180mcu_fd_sc_mcu7t5v0__clkbuf_16)
                                                         clknet_0_clk (net)
                      0.163435    0.009745   16.228270 ^ clkbuf_3_7_0_clk/I (gf180mcu_fd_sc_mcu7t5v0__clkbuf_8)
    13    0.109998    0.171668    0.238259   16.466528 ^ clkbuf_3_7_0_clk/Z (gf180mcu_fd_sc_mcu7t5v0__clkbuf_8)
                                                         clknet_3_7_0_clk (net)
                      0.172499    0.008590   16.475119 ^ _829_/CLK (gf180mcu_fd_sc_mcu7t5v0__dffrnq_1)
                                 -0.250000   16.225119   clock uncertainty
                                  0.000000   16.225119   clock reconvergence pessimism
                                  0.126731   16.351851   library recovery time
                                             16.351851   data required time
---------------------------------------------------------------------------------------------
                                             16.351851   data required time
                                             -6.539484   data arrival time
---------------------------------------------------------------------------------------------
                                              9.812366   slack (MET)


Startpoint: rst_n (input port clocked by clk)
Endpoint: _833_ (recovery check against rising-edge clock clk)
Path Group: asynchronous
Path Type: max

Fanout         Cap        Slew       Delay        Time   Description
---------------------------------------------------------------------------------------------
                                  0.000000    0.000000   clock clk (rise edge)
                                  0.000000    0.000000   clock network delay (propagated)
                                  3.200000    3.200000 ^ input external delay
     2    0.010205    0.049982    0.017902    3.217902 ^ rst_n (in)
                                                         rst_n (net)
                      0.049982    0.000000    3.217902 ^ input38/I (gf180mcu_fd_sc_mcu7t5v0__dlyb_1)
     1    0.008384    0.136510    0.542173    3.760076 ^ input38/Z (gf180mcu_fd_sc_mcu7t5v0__dlyb_1)
                                                         net38 (net)
                      0.136510    0.000211    3.760287 ^ fanout134/I (gf180mcu_fd_sc_mcu7t5v0__dlyb_1)
     5    0.097080    1.064006    1.100393    4.860680 ^ fanout134/Z (gf180mcu_fd_sc_mcu7t5v0__dlyb_1)
                                                         net134 (net)
                      1.064343    0.010738    4.871418 ^ wire135/I (gf180mcu_fd_sc_mcu7t5v0__buf_4)
     7    0.132346    0.373745    0.319424    5.190842 ^ wire135/Z (gf180mcu_fd_sc_mcu7t5v0__buf_4)
                                                         net135 (net)
                      0.377176    0.019806    5.210648 ^ fanout132/I (gf180mcu_fd_sc_mcu7t5v0__dlyb_1)
     9    0.088033    0.968291    1.059936    6.270583 ^ fanout132/Z (gf180mcu_fd_sc_mcu7t5v0__dlyb_1)
                                                         net132 (net)
                      0.968294    0.001027    6.271610 ^ load_slew133/I (gf180mcu_fd_sc_mcu7t5v0__buf_4)
     8    0.089129    0.265795    0.264824    6.536434 ^ load_slew133/Z (gf180mcu_fd_sc_mcu7t5v0__buf_4)
                                                         net133 (net)
                      0.265856    0.002050    6.538485 ^ _833_/RN (gf180mcu_fd_sc_mcu7t5v0__dffrnq_1)
                                              6.538485   data arrival time

                                 16.000000   16.000000   clock clk (rise edge)
                                  0.000000   16.000000   clock source latency
     2    0.092910    0.000000    0.000000   16.000000 ^ clk (in)
                                                         clk (net)
                      0.025556    0.010454   16.010454 ^ clkbuf_0_clk/I (gf180mcu_fd_sc_mcu7t5v0__clkbuf_16)
     8    0.205666    0.162120    0.208070   16.218523 ^ clkbuf_0_clk/Z (gf180mcu_fd_sc_mcu7t5v0__clkbuf_16)
                                                         clknet_0_clk (net)
                      0.163435    0.009745   16.228270 ^ clkbuf_3_7_0_clk/I (gf180mcu_fd_sc_mcu7t5v0__clkbuf_8)
    13    0.109998    0.171668    0.238259   16.466528 ^ clkbuf_3_7_0_clk/Z (gf180mcu_fd_sc_mcu7t5v0__clkbuf_8)
                                                         clknet_3_7_0_clk (net)
                      0.172335    0.007702   16.474230 ^ _833_/CLK (gf180mcu_fd_sc_mcu7t5v0__dffrnq_1)
                                 -0.250000   16.224232   clock uncertainty
                                  0.000000   16.224232   clock reconvergence pessimism
                                  0.126712   16.350945   library recovery time
                                             16.350945   data required time
---------------------------------------------------------------------------------------------
                                             16.350945   data required time
                                             -6.538485   data arrival time
---------------------------------------------------------------------------------------------
                                              9.812460   slack (MET)


Startpoint: rst_n (input port clocked by clk)
Endpoint: _825_ (recovery check against rising-edge clock clk)
Path Group: asynchronous
Path Type: max

Fanout         Cap        Slew       Delay        Time   Description
---------------------------------------------------------------------------------------------
                                  0.000000    0.000000   clock clk (rise edge)
                                  0.000000    0.000000   clock network delay (propagated)
                                  3.200000    3.200000 ^ input external delay
     2    0.010205    0.049982    0.017902    3.217902 ^ rst_n (in)
                                                         rst_n (net)
                      0.049982    0.000000    3.217902 ^ input38/I (gf180mcu_fd_sc_mcu7t5v0__dlyb_1)
     1    0.008384    0.136510    0.542173    3.760076 ^ input38/Z (gf180mcu_fd_sc_mcu7t5v0__dlyb_1)
                                                         net38 (net)
                      0.136510    0.000211    3.760287 ^ fanout134/I (gf180mcu_fd_sc_mcu7t5v0__dlyb_1)
     5    0.097080    1.064006    1.100393    4.860680 ^ fanout134/Z (gf180mcu_fd_sc_mcu7t5v0__dlyb_1)
                                                         net134 (net)
                      1.064343    0.010738    4.871418 ^ wire135/I (gf180mcu_fd_sc_mcu7t5v0__buf_4)
     7    0.132346    0.373745    0.319424    5.190842 ^ wire135/Z (gf180mcu_fd_sc_mcu7t5v0__buf_4)
                                                         net135 (net)
                      0.377176    0.019806    5.210648 ^ fanout132/I (gf180mcu_fd_sc_mcu7t5v0__dlyb_1)
     9    0.088033    0.968291    1.059936    6.270583 ^ fanout132/Z (gf180mcu_fd_sc_mcu7t5v0__dlyb_1)
                                                         net132 (net)
                      0.968294    0.001027    6.271610 ^ load_slew133/I (gf180mcu_fd_sc_mcu7t5v0__buf_4)
     8    0.089129    0.265795    0.264824    6.536434 ^ load_slew133/Z (gf180mcu_fd_sc_mcu7t5v0__buf_4)
                                                         net133 (net)
                      0.265884    0.002650    6.539084 ^ _825_/RN (gf180mcu_fd_sc_mcu7t5v0__dffrnq_1)
                                              6.539084   data arrival time

                                 16.000000   16.000000   clock clk (rise edge)
                                  0.000000   16.000000   clock source latency
     2    0.092910    0.000000    0.000000   16.000000 ^ clk (in)
                                                         clk (net)
                      0.025556    0.010454   16.010454 ^ clkbuf_0_clk/I (gf180mcu_fd_sc_mcu7t5v0__clkbuf_16)
     8    0.205666    0.162120    0.208070   16.218523 ^ clkbuf_0_clk/Z (gf180mcu_fd_sc_mcu7t5v0__clkbuf_16)
                                                         clknet_0_clk (net)
                      0.163435    0.009745   16.228270 ^ clkbuf_3_7_0_clk/I (gf180mcu_fd_sc_mcu7t5v0__clkbuf_8)
    13    0.109998    0.171668    0.238259   16.466528 ^ clkbuf_3_7_0_clk/Z (gf180mcu_fd_sc_mcu7t5v0__clkbuf_8)
                                                         clknet_3_7_0_clk (net)
                      0.172461    0.008393   16.474922 ^ _825_/CLK (gf180mcu_fd_sc_mcu7t5v0__dffrnq_1)
                                 -0.250000   16.224922   clock uncertainty
                                  0.000000   16.224922   clock reconvergence pessimism
                                  0.126729   16.351650   library recovery time
                                             16.351650   data required time
---------------------------------------------------------------------------------------------
                                             16.351650   data required time
                                             -6.539084   data arrival time
---------------------------------------------------------------------------------------------
                                              9.812567   slack (MET)


Startpoint: rst_n (input port clocked by clk)
Endpoint: _848_ (recovery check against rising-edge clock clk)
Path Group: asynchronous
Path Type: max

Fanout         Cap        Slew       Delay        Time   Description
---------------------------------------------------------------------------------------------
                                  0.000000    0.000000   clock clk (rise edge)
                                  0.000000    0.000000   clock network delay (propagated)
                                  3.200000    3.200000 ^ input external delay
     2    0.010205    0.049982    0.017902    3.217902 ^ rst_n (in)
                                                         rst_n (net)
                      0.049982    0.000000    3.217902 ^ input38/I (gf180mcu_fd_sc_mcu7t5v0__dlyb_1)
     1    0.008384    0.136510    0.542173    3.760076 ^ input38/Z (gf180mcu_fd_sc_mcu7t5v0__dlyb_1)
                                                         net38 (net)
                      0.136510    0.000211    3.760287 ^ fanout134/I (gf180mcu_fd_sc_mcu7t5v0__dlyb_1)
     5    0.097080    1.064006    1.100393    4.860680 ^ fanout134/Z (gf180mcu_fd_sc_mcu7t5v0__dlyb_1)
                                                         net134 (net)
                      1.064343    0.010738    4.871418 ^ wire135/I (gf180mcu_fd_sc_mcu7t5v0__buf_4)
     7    0.132346    0.373745    0.319424    5.190842 ^ wire135/Z (gf180mcu_fd_sc_mcu7t5v0__buf_4)
                                                         net135 (net)
                      0.377176    0.019806    5.210648 ^ fanout132/I (gf180mcu_fd_sc_mcu7t5v0__dlyb_1)
     9    0.088033    0.968291    1.059936    6.270583 ^ fanout132/Z (gf180mcu_fd_sc_mcu7t5v0__dlyb_1)
                                                         net132 (net)
                      0.968294    0.001027    6.271610 ^ load_slew133/I (gf180mcu_fd_sc_mcu7t5v0__buf_4)
     8    0.089129    0.265795    0.264824    6.536434 ^ load_slew133/Z (gf180mcu_fd_sc_mcu7t5v0__buf_4)
                                                         net133 (net)
                      0.265822    0.001186    6.537621 ^ _848_/RN (gf180mcu_fd_sc_mcu7t5v0__dffrnq_1)
                                              6.537621   data arrival time

                                 16.000000   16.000000   clock clk (rise edge)
                                  0.000000   16.000000   clock source latency
     2    0.092910    0.000000    0.000000   16.000000 ^ clk (in)
                                                         clk (net)
                      0.025556    0.010454   16.010454 ^ clkbuf_0_clk/I (gf180mcu_fd_sc_mcu7t5v0__clkbuf_16)
     8    0.205666    0.162120    0.208070   16.218523 ^ clkbuf_0_clk/Z (gf180mcu_fd_sc_mcu7t5v0__clkbuf_16)
                                                         clknet_0_clk (net)
                      0.163435    0.009745   16.228270 ^ clkbuf_3_7_0_clk/I (gf180mcu_fd_sc_mcu7t5v0__clkbuf_8)
    13    0.109998    0.171668    0.238259   16.466528 ^ clkbuf_3_7_0_clk/Z (gf180mcu_fd_sc_mcu7t5v0__clkbuf_8)
                                                         clknet_3_7_0_clk (net)
                      0.172212    0.006986   16.473515 ^ _848_/CLK (gf180mcu_fd_sc_mcu7t5v0__dffrnq_1)
                                 -0.250000   16.223515   clock uncertainty
                                  0.000000   16.223515   clock reconvergence pessimism
                                  0.126698   16.350214   library recovery time
                                             16.350214   data required time
---------------------------------------------------------------------------------------------
                                             16.350214   data required time
                                             -6.537621   data arrival time
---------------------------------------------------------------------------------------------
                                              9.812593   slack (MET)


Startpoint: rst_n (input port clocked by clk)
Endpoint: _824_ (recovery check against rising-edge clock clk)
Path Group: asynchronous
Path Type: max

Fanout         Cap        Slew       Delay        Time   Description
---------------------------------------------------------------------------------------------
                                  0.000000    0.000000   clock clk (rise edge)
                                  0.000000    0.000000   clock network delay (propagated)
                                  3.200000    3.200000 ^ input external delay
     2    0.010205    0.049982    0.017902    3.217902 ^ rst_n (in)
                                                         rst_n (net)
                      0.049982    0.000000    3.217902 ^ input38/I (gf180mcu_fd_sc_mcu7t5v0__dlyb_1)
     1    0.008384    0.136510    0.542173    3.760076 ^ input38/Z (gf180mcu_fd_sc_mcu7t5v0__dlyb_1)
                                                         net38 (net)
                      0.136510    0.000211    3.760287 ^ fanout134/I (gf180mcu_fd_sc_mcu7t5v0__dlyb_1)
     5    0.097080    1.064006    1.100393    4.860680 ^ fanout134/Z (gf180mcu_fd_sc_mcu7t5v0__dlyb_1)
                                                         net134 (net)
                      1.064343    0.010738    4.871418 ^ wire135/I (gf180mcu_fd_sc_mcu7t5v0__buf_4)
     7    0.132346    0.373745    0.319424    5.190842 ^ wire135/Z (gf180mcu_fd_sc_mcu7t5v0__buf_4)
                                                         net135 (net)
                      0.377176    0.019806    5.210648 ^ fanout132/I (gf180mcu_fd_sc_mcu7t5v0__dlyb_1)
     9    0.088033    0.968291    1.059936    6.270583 ^ fanout132/Z (gf180mcu_fd_sc_mcu7t5v0__dlyb_1)
                                                         net132 (net)
                      0.968294    0.001027    6.271610 ^ load_slew133/I (gf180mcu_fd_sc_mcu7t5v0__buf_4)
     8    0.089129    0.265795    0.264824    6.536434 ^ load_slew133/Z (gf180mcu_fd_sc_mcu7t5v0__buf_4)
                                                         net133 (net)
                      0.265864    0.002239    6.538673 ^ _824_/RN (gf180mcu_fd_sc_mcu7t5v0__dffrnq_1)
                                              6.538673   data arrival time

                                 16.000000   16.000000   clock clk (rise edge)
                                  0.000000   16.000000   clock source latency
     2    0.092910    0.000000    0.000000   16.000000 ^ clk (in)
                                                         clk (net)
                      0.025556    0.010454   16.010454 ^ clkbuf_0_clk/I (gf180mcu_fd_sc_mcu7t5v0__clkbuf_16)
     8    0.205666    0.162120    0.208070   16.218523 ^ clkbuf_0_clk/Z (gf180mcu_fd_sc_mcu7t5v0__clkbuf_16)
                                                         clknet_0_clk (net)
                      0.163435    0.009745   16.228270 ^ clkbuf_3_7_0_clk/I (gf180mcu_fd_sc_mcu7t5v0__clkbuf_8)
    13    0.109998    0.171668    0.238259   16.466528 ^ clkbuf_3_7_0_clk/Z (gf180mcu_fd_sc_mcu7t5v0__clkbuf_8)
                                                         clknet_3_7_0_clk (net)
                      0.172394    0.008034   16.474562 ^ _824_/CLK (gf180mcu_fd_sc_mcu7t5v0__dffrnq_1)
                                 -0.250000   16.224564   clock uncertainty
                                  0.000000   16.224564   clock reconvergence pessimism
                                  0.126721   16.351286   library recovery time
                                             16.351286   data required time
---------------------------------------------------------------------------------------------
                                             16.351286   data required time
                                             -6.538673   data arrival time
---------------------------------------------------------------------------------------------
                                              9.812612   slack (MET)


Startpoint: din[0] (input port clocked by clk)
Endpoint: _768_ (rising edge-triggered flip-flop clocked by clk)
Path Group: clk
Path Type: max

Fanout         Cap        Slew       Delay        Time   Description
---------------------------------------------------------------------------------------------
                                  0.000000    0.000000   clock clk (rise edge)
                                  0.000000    0.000000   clock network delay (propagated)
                                  3.200000    3.200000 ^ input external delay
     2    0.004923    0.035208    0.008758    3.208758 ^ din[0] (in)
                                                         din[0] (net)
                      0.035208    0.000000    3.208758 ^ input29/I (gf180mcu_fd_sc_mcu7t5v0__dlyb_1)
     6    0.056028    0.628400    0.834995    4.043753 ^ input29/Z (gf180mcu_fd_sc_mcu7t5v0__dlyb_1)
                                                         net29 (net)
                      0.628400    0.000619    4.044372 ^ _391_/I (gf180mcu_fd_sc_mcu7t5v0__clkinv_1)
     8    0.222521    2.264507    1.505051    5.549422 v _391_/ZN (gf180mcu_fd_sc_mcu7t5v0__clkinv_1)
                                                         _112_ (net)
                      2.264507    0.001312    5.550735 v _612_/A1 (gf180mcu_fd_sc_mcu7t5v0__oai21_1)
     1    0.004494    0.485352    0.622448    6.173183 ^ _612_/ZN (gf180mcu_fd_sc_mcu7t5v0__oai21_1)
                                                         _037_ (net)
                      0.485352    0.000052    6.173234 ^ _768_/D (gf180mcu_fd_sc_mcu7t5v0__dffrnq_1)
                                              6.173234   data arrival time

                                 16.000000   16.000000   clock clk (rise edge)
                                  0.000000   16.000000   clock source latency
     2    0.092910    0.000000    0.000000   16.000000 ^ clk (in)
                                                         clk (net)
                      0.025556    0.010454   16.010454 ^ clkbuf_0_clk/I (gf180mcu_fd_sc_mcu7t5v0__clkbuf_16)
     8    0.205666    0.162120    0.208070   16.218523 ^ clkbuf_0_clk/Z (gf180mcu_fd_sc_mcu7t5v0__clkbuf_16)
                                                         clknet_0_clk (net)
                      0.163389    0.009562   16.228086 ^ clkbuf_3_2_0_clk/I (gf180mcu_fd_sc_mcu7t5v0__clkbuf_8)
    12    0.104111    0.165820    0.235270   16.463356 ^ clkbuf_3_2_0_clk/Z (gf180mcu_fd_sc_mcu7t5v0__clkbuf_8)
                                                         clknet_3_2_0_clk (net)
                      0.166054    0.006180   16.469536 ^ _768_/CLK (gf180mcu_fd_sc_mcu7t5v0__dffrnq_1)
                                 -0.250000   16.219536   clock uncertainty
                                  0.000000   16.219536   clock reconvergence pessimism
                                 -0.229542   15.989994   library setup time
                                             15.989994   data required time
---------------------------------------------------------------------------------------------
                                             15.989994   data required time
                                             -6.173234   data arrival time
---------------------------------------------------------------------------------------------
                                              9.816759   slack (MET)


Startpoint: rst_n (input port clocked by clk)
Endpoint: _823_ (recovery check against rising-edge clock clk)
Path Group: asynchronous
Path Type: max

Fanout         Cap        Slew       Delay        Time   Description
---------------------------------------------------------------------------------------------
                                  0.000000    0.000000   clock clk (rise edge)
                                  0.000000    0.000000   clock network delay (propagated)
                                  3.200000    3.200000 ^ input external delay
     2    0.010205    0.049982    0.017902    3.217902 ^ rst_n (in)
                                                         rst_n (net)
                      0.049982    0.000000    3.217902 ^ input38/I (gf180mcu_fd_sc_mcu7t5v0__dlyb_1)
     1    0.008384    0.136510    0.542173    3.760076 ^ input38/Z (gf180mcu_fd_sc_mcu7t5v0__dlyb_1)
                                                         net38 (net)
                      0.136510    0.000211    3.760287 ^ fanout134/I (gf180mcu_fd_sc_mcu7t5v0__dlyb_1)
     5    0.097080    1.064006    1.100393    4.860680 ^ fanout134/Z (gf180mcu_fd_sc_mcu7t5v0__dlyb_1)
                                                         net134 (net)
                      1.064013    0.001586    4.862266 ^ fanout127/I (gf180mcu_fd_sc_mcu7t5v0__dlyb_1)
    11    0.125556    1.366046    1.262763    6.125029 ^ fanout127/Z (gf180mcu_fd_sc_mcu7t5v0__dlyb_1)
                                                         net127 (net)
                      1.366235    0.009131    6.134161 ^ _823_/RN (gf180mcu_fd_sc_mcu7t5v0__dffrnq_1)
                                              6.134161   data arrival time

                                 16.000000   16.000000   clock clk (rise edge)
                                  0.000000   16.000000   clock source latency
     2    0.092910    0.000000    0.000000   16.000000 ^ clk (in)
                                                         clk (net)
                      0.025556    0.010454   16.010454 ^ clkbuf_0_clk/I (gf180mcu_fd_sc_mcu7t5v0__clkbuf_16)
     8    0.205666    0.162120    0.208070   16.218523 ^ clkbuf_0_clk/Z (gf180mcu_fd_sc_mcu7t5v0__clkbuf_16)
                                                         clknet_0_clk (net)
                      0.163389    0.009562   16.228086 ^ clkbuf_3_2_0_clk/I (gf180mcu_fd_sc_mcu7t5v0__clkbuf_8)
    12    0.104111    0.165820    0.235270   16.463356 ^ clkbuf_3_2_0_clk/Z (gf180mcu_fd_sc_mcu7t5v0__clkbuf_8)
                                                         clknet_3_2_0_clk (net)
                      0.165865    0.003661   16.467016 ^ _823_/CLK (gf180mcu_fd_sc_mcu7t5v0__dffrnq_1)
                                 -0.250000   16.217018   clock uncertainty
                                  0.000000   16.217018   clock reconvergence pessimism
                                 -0.261454   15.955563   library recovery time
                                             15.955563   data required time
---------------------------------------------------------------------------------------------
                                             15.955563   data required time
                                             -6.134161   data arrival time
---------------------------------------------------------------------------------------------
                                              9.821403   slack (MET)


Startpoint: rst_n (input port clocked by clk)
Endpoint: _816_ (recovery check against rising-edge clock clk)
Path Group: asynchronous
Path Type: max

Fanout         Cap        Slew       Delay        Time   Description
---------------------------------------------------------------------------------------------
                                  0.000000    0.000000   clock clk (rise edge)
                                  0.000000    0.000000   clock network delay (propagated)
                                  3.200000    3.200000 ^ input external delay
     2    0.010205    0.049982    0.017902    3.217902 ^ rst_n (in)
                                                         rst_n (net)
                      0.049982    0.000000    3.217902 ^ input38/I (gf180mcu_fd_sc_mcu7t5v0__dlyb_1)
     1    0.008384    0.136510    0.542173    3.760076 ^ input38/Z (gf180mcu_fd_sc_mcu7t5v0__dlyb_1)
                                                         net38 (net)
                      0.136510    0.000211    3.760287 ^ fanout134/I (gf180mcu_fd_sc_mcu7t5v0__dlyb_1)
     5    0.097080    1.064006    1.100393    4.860680 ^ fanout134/Z (gf180mcu_fd_sc_mcu7t5v0__dlyb_1)
                                                         net134 (net)
                      1.064013    0.001586    4.862266 ^ fanout127/I (gf180mcu_fd_sc_mcu7t5v0__dlyb_1)
    11    0.125556    1.366046    1.262763    6.125029 ^ fanout127/Z (gf180mcu_fd_sc_mcu7t5v0__dlyb_1)
                                                         net127 (net)
                      1.366257    0.009658    6.134687 ^ _816_/RN (gf180mcu_fd_sc_mcu7t5v0__dffrnq_1)
                                              6.134687   data arrival time

                                 16.000000   16.000000   clock clk (rise edge)
                                  0.000000   16.000000   clock source latency
     2    0.092910    0.000000    0.000000   16.000000 ^ clk (in)
                                                         clk (net)
                      0.025556    0.010454   16.010454 ^ clkbuf_0_clk/I (gf180mcu_fd_sc_mcu7t5v0__clkbuf_16)
     8    0.205666    0.162120    0.208070   16.218523 ^ clkbuf_0_clk/Z (gf180mcu_fd_sc_mcu7t5v0__clkbuf_16)
                                                         clknet_0_clk (net)
                      0.163389    0.009562   16.228086 ^ clkbuf_3_2_0_clk/I (gf180mcu_fd_sc_mcu7t5v0__clkbuf_8)
    12    0.104111    0.165820    0.235270   16.463356 ^ clkbuf_3_2_0_clk/Z (gf180mcu_fd_sc_mcu7t5v0__clkbuf_8)
                                                         clknet_3_2_0_clk (net)
                      0.165916    0.004594   16.467949 ^ _816_/CLK (gf180mcu_fd_sc_mcu7t5v0__dffrnq_1)
                                 -0.250000   16.217951   clock uncertainty
                                  0.000000   16.217951   clock reconvergence pessimism
                                 -0.261454   15.956495   library recovery time
                                             15.956495   data required time
---------------------------------------------------------------------------------------------
                                             15.956495   data required time
                                             -6.134687   data arrival time
---------------------------------------------------------------------------------------------
                                              9.821808   slack (MET)


Startpoint: rst_n (input port clocked by clk)
Endpoint: _819_ (recovery check against rising-edge clock clk)
Path Group: asynchronous
Path Type: max

Fanout         Cap        Slew       Delay        Time   Description
---------------------------------------------------------------------------------------------
                                  0.000000    0.000000   clock clk (rise edge)
                                  0.000000    0.000000   clock network delay (propagated)
                                  3.200000    3.200000 ^ input external delay
     2    0.010205    0.049982    0.017902    3.217902 ^ rst_n (in)
                                                         rst_n (net)
                      0.049982    0.000000    3.217902 ^ input38/I (gf180mcu_fd_sc_mcu7t5v0__dlyb_1)
     1    0.008384    0.136510    0.542173    3.760076 ^ input38/Z (gf180mcu_fd_sc_mcu7t5v0__dlyb_1)
                                                         net38 (net)
                      0.136510    0.000211    3.760287 ^ fanout134/I (gf180mcu_fd_sc_mcu7t5v0__dlyb_1)
     5    0.097080    1.064006    1.100393    4.860680 ^ fanout134/Z (gf180mcu_fd_sc_mcu7t5v0__dlyb_1)
                                                         net134 (net)
                      1.064013    0.001586    4.862266 ^ fanout127/I (gf180mcu_fd_sc_mcu7t5v0__dlyb_1)
    11    0.125556    1.366046    1.262763    6.125029 ^ fanout127/Z (gf180mcu_fd_sc_mcu7t5v0__dlyb_1)
                                                         net127 (net)
                      1.366177    0.007618    6.132648 ^ _819_/RN (gf180mcu_fd_sc_mcu7t5v0__dffrnq_1)
                                              6.132648   data arrival time

                                 16.000000   16.000000   clock clk (rise edge)
                                  0.000000   16.000000   clock source latency
     2    0.092910    0.000000    0.000000   16.000000 ^ clk (in)
                                                         clk (net)
                      0.025556    0.010454   16.010454 ^ clkbuf_0_clk/I (gf180mcu_fd_sc_mcu7t5v0__clkbuf_16)
     8    0.205666    0.162120    0.208070   16.218523 ^ clkbuf_0_clk/Z (gf180mcu_fd_sc_mcu7t5v0__clkbuf_16)
                                                         clknet_0_clk (net)
                      0.163389    0.009562   16.228086 ^ clkbuf_3_2_0_clk/I (gf180mcu_fd_sc_mcu7t5v0__clkbuf_8)
    12    0.104111    0.165820    0.235270   16.463356 ^ clkbuf_3_2_0_clk/Z (gf180mcu_fd_sc_mcu7t5v0__clkbuf_8)
                                                         clknet_3_2_0_clk (net)
                      0.165958    0.005151   16.468508 ^ _819_/CLK (gf180mcu_fd_sc_mcu7t5v0__dffrnq_1)
                                 -0.250000   16.218508   clock uncertainty
                                  0.000000   16.218508   clock reconvergence pessimism
                                 -0.261414   15.957094   library recovery time
                                             15.957094   data required time
---------------------------------------------------------------------------------------------
                                             15.957094   data required time
                                             -6.132648   data arrival time
---------------------------------------------------------------------------------------------
                                              9.824447   slack (MET)


Startpoint: rst_n (input port clocked by clk)
Endpoint: _797_ (recovery check against rising-edge clock clk)
Path Group: asynchronous
Path Type: max

Fanout         Cap        Slew       Delay        Time   Description
---------------------------------------------------------------------------------------------
                                  0.000000    0.000000   clock clk (rise edge)
                                  0.000000    0.000000   clock network delay (propagated)
                                  3.200000    3.200000 ^ input external delay
     2    0.010205    0.049982    0.017902    3.217902 ^ rst_n (in)
                                                         rst_n (net)
                      0.049982    0.000000    3.217902 ^ input38/I (gf180mcu_fd_sc_mcu7t5v0__dlyb_1)
     1    0.008384    0.136510    0.542173    3.760076 ^ input38/Z (gf180mcu_fd_sc_mcu7t5v0__dlyb_1)
                                                         net38 (net)
                      0.136510    0.000211    3.760287 ^ fanout134/I (gf180mcu_fd_sc_mcu7t5v0__dlyb_1)
     5    0.097080    1.064006    1.100393    4.860680 ^ fanout134/Z (gf180mcu_fd_sc_mcu7t5v0__dlyb_1)
                                                         net134 (net)
                      1.064013    0.001586    4.862266 ^ fanout127/I (gf180mcu_fd_sc_mcu7t5v0__dlyb_1)
    11    0.125556    1.366046    1.262763    6.125029 ^ fanout127/Z (gf180mcu_fd_sc_mcu7t5v0__dlyb_1)
                                                         net127 (net)
                      1.366176    0.007589    6.132618 ^ _797_/RN (gf180mcu_fd_sc_mcu7t5v0__dffrnq_1)
                                              6.132618   data arrival time

                                 16.000000   16.000000   clock clk (rise edge)
                                  0.000000   16.000000   clock source latency
     2    0.092910    0.000000    0.000000   16.000000 ^ clk (in)
                                                         clk (net)
                      0.025556    0.010454   16.010454 ^ clkbuf_0_clk/I (gf180mcu_fd_sc_mcu7t5v0__clkbuf_16)
     8    0.205666    0.162120    0.208070   16.218523 ^ clkbuf_0_clk/Z (gf180mcu_fd_sc_mcu7t5v0__clkbuf_16)
                                                         clknet_0_clk (net)
                      0.163389    0.009562   16.228086 ^ clkbuf_3_2_0_clk/I (gf180mcu_fd_sc_mcu7t5v0__clkbuf_8)
    12    0.104111    0.165820    0.235270   16.463356 ^ clkbuf_3_2_0_clk/Z (gf180mcu_fd_sc_mcu7t5v0__clkbuf_8)
                                                         clknet_3_2_0_clk (net)
                      0.166003    0.005661   16.469017 ^ _797_/CLK (gf180mcu_fd_sc_mcu7t5v0__dffrnq_1)
                                 -0.250000   16.219017   clock uncertainty
                                  0.000000   16.219017   clock reconvergence pessimism
                                 -0.261405   15.957613   library recovery time
                                             15.957613   data required time
---------------------------------------------------------------------------------------------
                                             15.957613   data required time
                                             -6.132618   data arrival time
---------------------------------------------------------------------------------------------
                                              9.824994   slack (MET)


Startpoint: rst_n (input port clocked by clk)
Endpoint: _822_ (recovery check against rising-edge clock clk)
Path Group: asynchronous
Path Type: max

Fanout         Cap        Slew       Delay        Time   Description
---------------------------------------------------------------------------------------------
                                  0.000000    0.000000   clock clk (rise edge)
                                  0.000000    0.000000   clock network delay (propagated)
                                  3.200000    3.200000 ^ input external delay
     2    0.010205    0.049982    0.017902    3.217902 ^ rst_n (in)
                                                         rst_n (net)
                      0.049982    0.000000    3.217902 ^ input38/I (gf180mcu_fd_sc_mcu7t5v0__dlyb_1)
     1    0.008384    0.136510    0.542173    3.760076 ^ input38/Z (gf180mcu_fd_sc_mcu7t5v0__dlyb_1)
                                                         net38 (net)
                      0.136510    0.000211    3.760287 ^ fanout134/I (gf180mcu_fd_sc_mcu7t5v0__dlyb_1)
     5    0.097080    1.064006    1.100393    4.860680 ^ fanout134/Z (gf180mcu_fd_sc_mcu7t5v0__dlyb_1)
                                                         net134 (net)
                      1.064013    0.001586    4.862266 ^ fanout127/I (gf180mcu_fd_sc_mcu7t5v0__dlyb_1)
    11    0.125556    1.366046    1.262763    6.125029 ^ fanout127/Z (gf180mcu_fd_sc_mcu7t5v0__dlyb_1)
                                                         net127 (net)
                      1.366136    0.006309    6.131338 ^ _822_/RN (gf180mcu_fd_sc_mcu7t5v0__dffrnq_1)
                                              6.131338   data arrival time

                                 16.000000   16.000000   clock clk (rise edge)
                                  0.000000   16.000000   clock source latency
     2    0.092910    0.000000    0.000000   16.000000 ^ clk (in)
                                                         clk (net)
                      0.025556    0.010454   16.010454 ^ clkbuf_0_clk/I (gf180mcu_fd_sc_mcu7t5v0__clkbuf_16)
     8    0.205666    0.162120    0.208070   16.218523 ^ clkbuf_0_clk/Z (gf180mcu_fd_sc_mcu7t5v0__clkbuf_16)
                                                         clknet_0_clk (net)
                      0.163389    0.009562   16.228086 ^ clkbuf_3_2_0_clk/I (gf180mcu_fd_sc_mcu7t5v0__clkbuf_8)
    12    0.104111    0.165820    0.235270   16.463356 ^ clkbuf_3_2_0_clk/Z (gf180mcu_fd_sc_mcu7t5v0__clkbuf_8)
                                                         clknet_3_2_0_clk (net)
                      0.166025    0.005894   16.469250 ^ _822_/CLK (gf180mcu_fd_sc_mcu7t5v0__dffrnq_1)
                                 -0.250000   16.219250   clock uncertainty
                                  0.000000   16.219250   clock reconvergence pessimism
                                 -0.261385   15.957867   library recovery time
                                             15.957867   data required time
---------------------------------------------------------------------------------------------
                                             15.957867   data required time
                                             -6.131338   data arrival time
---------------------------------------------------------------------------------------------
                                              9.826529   slack (MET)


Startpoint: rst_n (input port clocked by clk)
Endpoint: _857_ (recovery check against rising-edge clock clk)
Path Group: asynchronous
Path Type: max

Fanout         Cap        Slew       Delay        Time   Description
---------------------------------------------------------------------------------------------
                                  0.000000    0.000000   clock clk (rise edge)
                                  0.000000    0.000000   clock network delay (propagated)
                                  3.200000    3.200000 ^ input external delay
     2    0.010205    0.049982    0.017902    3.217902 ^ rst_n (in)
                                                         rst_n (net)
                      0.049982    0.000000    3.217902 ^ input38/I (gf180mcu_fd_sc_mcu7t5v0__dlyb_1)
     1    0.008384    0.136510    0.542173    3.760076 ^ input38/Z (gf180mcu_fd_sc_mcu7t5v0__dlyb_1)
                                                         net38 (net)
                      0.136510    0.000211    3.760287 ^ fanout134/I (gf180mcu_fd_sc_mcu7t5v0__dlyb_1)
     5    0.097080    1.064006    1.100393    4.860680 ^ fanout134/Z (gf180mcu_fd_sc_mcu7t5v0__dlyb_1)
                                                         net134 (net)
                      1.064343    0.010738    4.871418 ^ wire135/I (gf180mcu_fd_sc_mcu7t5v0__buf_4)
     7    0.132346    0.373745    0.319424    5.190842 ^ wire135/Z (gf180mcu_fd_sc_mcu7t5v0__buf_4)
                                                         net135 (net)
                      0.377176    0.019806    5.210648 ^ fanout132/I (gf180mcu_fd_sc_mcu7t5v0__dlyb_1)
     9    0.088033    0.968291    1.059936    6.270583 ^ fanout132/Z (gf180mcu_fd_sc_mcu7t5v0__dlyb_1)
                                                         net132 (net)
                      0.968296    0.001226    6.271810 ^ _857_/RN (gf180mcu_fd_sc_mcu7t5v0__dffrnq_1)
                                              6.271810   data arrival time

                                 16.000000   16.000000   clock clk (rise edge)
                                  0.000000   16.000000   clock source latency
     2    0.092910    0.000000    0.000000   16.000000 ^ clk (in)
                                                         clk (net)
                      0.025556    0.010454   16.010454 ^ clkbuf_0_clk/I (gf180mcu_fd_sc_mcu7t5v0__clkbuf_16)
     8    0.205666    0.162120    0.208070   16.218523 ^ clkbuf_0_clk/Z (gf180mcu_fd_sc_mcu7t5v0__clkbuf_16)
                                                         clknet_0_clk (net)
                      0.163509    0.010031   16.228556 ^ clkbuf_3_6_0_clk/I (gf180mcu_fd_sc_mcu7t5v0__clkbuf_8)
    12    0.102572    0.163725    0.233868   16.462423 ^ clkbuf_3_6_0_clk/Z (gf180mcu_fd_sc_mcu7t5v0__clkbuf_8)
                                                         clknet_3_6_0_clk (net)
                      0.163835    0.004823   16.467245 ^ _857_/CLK (gf180mcu_fd_sc_mcu7t5v0__dffrnq_1)
                                 -0.250000   16.217247   clock uncertainty
                                  0.000000   16.217247   clock reconvergence pessimism
                                 -0.098358   16.118889   library recovery time
                                             16.118889   data required time
---------------------------------------------------------------------------------------------
                                             16.118889   data required time
                                             -6.271810   data arrival time
---------------------------------------------------------------------------------------------
                                              9.847080   slack (MET)


Startpoint: rst_n (input port clocked by clk)
Endpoint: _858_ (recovery check against rising-edge clock clk)
Path Group: asynchronous
Path Type: max

Fanout         Cap        Slew       Delay        Time   Description
---------------------------------------------------------------------------------------------
                                  0.000000    0.000000   clock clk (rise edge)
                                  0.000000    0.000000   clock network delay (propagated)
                                  3.200000    3.200000 ^ input external delay
     2    0.010205    0.049982    0.017902    3.217902 ^ rst_n (in)
                                                         rst_n (net)
                      0.049982    0.000000    3.217902 ^ input38/I (gf180mcu_fd_sc_mcu7t5v0__dlyb_1)
     1    0.008384    0.136510    0.542173    3.760076 ^ input38/Z (gf180mcu_fd_sc_mcu7t5v0__dlyb_1)
                                                         net38 (net)
                      0.136510    0.000211    3.760287 ^ fanout134/I (gf180mcu_fd_sc_mcu7t5v0__dlyb_1)
     5    0.097080    1.064006    1.100393    4.860680 ^ fanout134/Z (gf180mcu_fd_sc_mcu7t5v0__dlyb_1)
                                                         net134 (net)
                      1.064343    0.010738    4.871418 ^ wire135/I (gf180mcu_fd_sc_mcu7t5v0__buf_4)
     7    0.132346    0.373745    0.319424    5.190842 ^ wire135/Z (gf180mcu_fd_sc_mcu7t5v0__buf_4)
                                                         net135 (net)
                      0.377176    0.019806    5.210648 ^ fanout132/I (gf180mcu_fd_sc_mcu7t5v0__dlyb_1)
     9    0.088033    0.968291    1.059936    6.270583 ^ fanout132/Z (gf180mcu_fd_sc_mcu7t5v0__dlyb_1)
                                                         net132 (net)
                      0.968295    0.001115    6.271698 ^ _858_/RN (gf180mcu_fd_sc_mcu7t5v0__dffrnq_1)
                                              6.271698   data arrival time

                                 16.000000   16.000000   clock clk (rise edge)
                                  0.000000   16.000000   clock source latency
     2    0.092910    0.000000    0.000000   16.000000 ^ clk (in)
                                                         clk (net)
                      0.025556    0.010454   16.010454 ^ clkbuf_0_clk/I (gf180mcu_fd_sc_mcu7t5v0__clkbuf_16)
     8    0.205666    0.162120    0.208070   16.218523 ^ clkbuf_0_clk/Z (gf180mcu_fd_sc_mcu7t5v0__clkbuf_16)
                                                         clknet_0_clk (net)
                      0.163509    0.010031   16.228556 ^ clkbuf_3_6_0_clk/I (gf180mcu_fd_sc_mcu7t5v0__clkbuf_8)
    12    0.102572    0.163725    0.233868   16.462423 ^ clkbuf_3_6_0_clk/Z (gf180mcu_fd_sc_mcu7t5v0__clkbuf_8)
                                                         clknet_3_6_0_clk (net)
                      0.163862    0.005178   16.467602 ^ _858_/CLK (gf180mcu_fd_sc_mcu7t5v0__dffrnq_1)
                                 -0.250000   16.217602   clock uncertainty
                                  0.000000   16.217602   clock reconvergence pessimism
                                 -0.098352   16.119251   library recovery time
                                             16.119251   data required time
---------------------------------------------------------------------------------------------
                                             16.119251   data required time
                                             -6.271698   data arrival time
---------------------------------------------------------------------------------------------
                                              9.847552   slack (MET)


Startpoint: rst_n (input port clocked by clk)
Endpoint: _849_ (recovery check against rising-edge clock clk)
Path Group: asynchronous
Path Type: max

Fanout         Cap        Slew       Delay        Time   Description
---------------------------------------------------------------------------------------------
                                  0.000000    0.000000   clock clk (rise edge)
                                  0.000000    0.000000   clock network delay (propagated)
                                  3.200000    3.200000 ^ input external delay
     2    0.010205    0.049982    0.017902    3.217902 ^ rst_n (in)
                                                         rst_n (net)
                      0.049982    0.000000    3.217902 ^ input38/I (gf180mcu_fd_sc_mcu7t5v0__dlyb_1)
     1    0.008384    0.136510    0.542173    3.760076 ^ input38/Z (gf180mcu_fd_sc_mcu7t5v0__dlyb_1)
                                                         net38 (net)
                      0.136510    0.000211    3.760287 ^ fanout134/I (gf180mcu_fd_sc_mcu7t5v0__dlyb_1)
     5    0.097080    1.064006    1.100393    4.860680 ^ fanout134/Z (gf180mcu_fd_sc_mcu7t5v0__dlyb_1)
                                                         net134 (net)
                      1.064343    0.010738    4.871418 ^ wire135/I (gf180mcu_fd_sc_mcu7t5v0__buf_4)
     7    0.132346    0.373745    0.319424    5.190842 ^ wire135/Z (gf180mcu_fd_sc_mcu7t5v0__buf_4)
                                                         net135 (net)
                      0.377176    0.019806    5.210648 ^ fanout132/I (gf180mcu_fd_sc_mcu7t5v0__dlyb_1)
     9    0.088033    0.968291    1.059936    6.270583 ^ fanout132/Z (gf180mcu_fd_sc_mcu7t5v0__dlyb_1)
                                                         net132 (net)
                      0.968291    0.000903    6.271487 ^ _849_/RN (gf180mcu_fd_sc_mcu7t5v0__dffrnq_1)
                                              6.271487   data arrival time

                                 16.000000   16.000000   clock clk (rise edge)
                                  0.000000   16.000000   clock source latency
     2    0.092910    0.000000    0.000000   16.000000 ^ clk (in)
                                                         clk (net)
                      0.025556    0.010454   16.010454 ^ clkbuf_0_clk/I (gf180mcu_fd_sc_mcu7t5v0__clkbuf_16)
     8    0.205666    0.162120    0.208070   16.218523 ^ clkbuf_0_clk/Z (gf180mcu_fd_sc_mcu7t5v0__clkbuf_16)
                                                         clknet_0_clk (net)
                      0.163509    0.010031   16.228556 ^ clkbuf_3_6_0_clk/I (gf180mcu_fd_sc_mcu7t5v0__clkbuf_8)
    12    0.102572    0.163725    0.233868   16.462423 ^ clkbuf_3_6_0_clk/Z (gf180mcu_fd_sc_mcu7t5v0__clkbuf_8)
                                                         clknet_3_6_0_clk (net)
                      0.163913    0.005743   16.468166 ^ _849_/CLK (gf180mcu_fd_sc_mcu7t5v0__dffrnq_1)
                                 -0.250000   16.218166   clock uncertainty
                                  0.000000   16.218166   clock reconvergence pessimism
                                 -0.098341   16.119825   library recovery time
                                             16.119825   data required time
---------------------------------------------------------------------------------------------
                                             16.119825   data required time
                                             -6.271487   data arrival time
---------------------------------------------------------------------------------------------
                                              9.848339   slack (MET)


Startpoint: rst_n (input port clocked by clk)
Endpoint: _827_ (recovery check against rising-edge clock clk)
Path Group: asynchronous
Path Type: max

Fanout         Cap        Slew       Delay        Time   Description
---------------------------------------------------------------------------------------------
                                  0.000000    0.000000   clock clk (rise edge)
                                  0.000000    0.000000   clock network delay (propagated)
                                  3.200000    3.200000 ^ input external delay
     2    0.010205    0.049982    0.017902    3.217902 ^ rst_n (in)
                                                         rst_n (net)
                      0.049982    0.000000    3.217902 ^ input38/I (gf180mcu_fd_sc_mcu7t5v0__dlyb_1)
     1    0.008384    0.136510    0.542173    3.760076 ^ input38/Z (gf180mcu_fd_sc_mcu7t5v0__dlyb_1)
                                                         net38 (net)
                      0.136510    0.000211    3.760287 ^ fanout134/I (gf180mcu_fd_sc_mcu7t5v0__dlyb_1)
     5    0.097080    1.064006    1.100393    4.860680 ^ fanout134/Z (gf180mcu_fd_sc_mcu7t5v0__dlyb_1)
                                                         net134 (net)
                      1.064343    0.010738    4.871418 ^ wire135/I (gf180mcu_fd_sc_mcu7t5v0__buf_4)
     7    0.132346    0.373745    0.319424    5.190842 ^ wire135/Z (gf180mcu_fd_sc_mcu7t5v0__buf_4)
                                                         net135 (net)
                      0.377176    0.019806    5.210648 ^ fanout132/I (gf180mcu_fd_sc_mcu7t5v0__dlyb_1)
     9    0.088033    0.968291    1.059936    6.270583 ^ fanout132/Z (gf180mcu_fd_sc_mcu7t5v0__dlyb_1)
                                                         net132 (net)
                      0.968294    0.000988    6.271572 ^ _827_/RN (gf180mcu_fd_sc_mcu7t5v0__dffrnq_1)
                                              6.271572   data arrival time

                                 16.000000   16.000000   clock clk (rise edge)
                                  0.000000   16.000000   clock source latency
     2    0.092910    0.000000    0.000000   16.000000 ^ clk (in)
                                                         clk (net)
                      0.025556    0.010454   16.010454 ^ clkbuf_0_clk/I (gf180mcu_fd_sc_mcu7t5v0__clkbuf_16)
     8    0.205666    0.162120    0.208070   16.218523 ^ clkbuf_0_clk/Z (gf180mcu_fd_sc_mcu7t5v0__clkbuf_16)
                                                         clknet_0_clk (net)
                      0.163509    0.010031   16.228556 ^ clkbuf_3_6_0_clk/I (gf180mcu_fd_sc_mcu7t5v0__clkbuf_8)
    12    0.102572    0.163725    0.233868   16.462423 ^ clkbuf_3_6_0_clk/Z (gf180mcu_fd_sc_mcu7t5v0__clkbuf_8)
                                                         clknet_3_6_0_clk (net)
                      0.163957    0.006168   16.468590 ^ _827_/CLK (gf180mcu_fd_sc_mcu7t5v0__dffrnq_1)
                                 -0.250000   16.218592   clock uncertainty
                                  0.000000   16.218592   clock reconvergence pessimism
                                 -0.098334   16.120258   library recovery time
                                             16.120258   data required time
---------------------------------------------------------------------------------------------
                                             16.120258   data required time
                                             -6.271572   data arrival time
---------------------------------------------------------------------------------------------
                                              9.848685   slack (MET)


Startpoint: rst_n (input port clocked by clk)
Endpoint: _835_ (recovery check against rising-edge clock clk)
Path Group: asynchronous
Path Type: max

Fanout         Cap        Slew       Delay        Time   Description
---------------------------------------------------------------------------------------------
                                  0.000000    0.000000   clock clk (rise edge)
                                  0.000000    0.000000   clock network delay (propagated)
                                  3.200000    3.200000 ^ input external delay
     2    0.010205    0.049982    0.017902    3.217902 ^ rst_n (in)
                                                         rst_n (net)
                      0.049982    0.000000    3.217902 ^ input38/I (gf180mcu_fd_sc_mcu7t5v0__dlyb_1)
     1    0.008384    0.136510    0.542173    3.760076 ^ input38/Z (gf180mcu_fd_sc_mcu7t5v0__dlyb_1)
                                                         net38 (net)
                      0.136510    0.000211    3.760287 ^ fanout134/I (gf180mcu_fd_sc_mcu7t5v0__dlyb_1)
     5    0.097080    1.064006    1.100393    4.860680 ^ fanout134/Z (gf180mcu_fd_sc_mcu7t5v0__dlyb_1)
                                                         net134 (net)
                      1.064343    0.010738    4.871418 ^ wire135/I (gf180mcu_fd_sc_mcu7t5v0__buf_4)
     7    0.132346    0.373745    0.319424    5.190842 ^ wire135/Z (gf180mcu_fd_sc_mcu7t5v0__buf_4)
                                                         net135 (net)
                      0.377176    0.019806    5.210648 ^ fanout132/I (gf180mcu_fd_sc_mcu7t5v0__dlyb_1)
     9    0.088033    0.968291    1.059936    6.270583 ^ fanout132/Z (gf180mcu_fd_sc_mcu7t5v0__dlyb_1)
                                                         net132 (net)
                      0.968297    0.001422    6.272005 ^ _835_/RN (gf180mcu_fd_sc_mcu7t5v0__dffrnq_1)
                                              6.272005   data arrival time

                                 16.000000   16.000000   clock clk (rise edge)
                                  0.000000   16.000000   clock source latency
     2    0.092910    0.000000    0.000000   16.000000 ^ clk (in)
                                                         clk (net)
                      0.025556    0.010454   16.010454 ^ clkbuf_0_clk/I (gf180mcu_fd_sc_mcu7t5v0__clkbuf_16)
     8    0.205666    0.162120    0.208070   16.218523 ^ clkbuf_0_clk/Z (gf180mcu_fd_sc_mcu7t5v0__clkbuf_16)
                                                         clknet_0_clk (net)
                      0.163509    0.010031   16.228556 ^ clkbuf_3_6_0_clk/I (gf180mcu_fd_sc_mcu7t5v0__clkbuf_8)
    12    0.102572    0.163725    0.233868   16.462423 ^ clkbuf_3_6_0_clk/Z (gf180mcu_fd_sc_mcu7t5v0__clkbuf_8)
                                                         clknet_3_6_0_clk (net)
                      0.164007    0.006615   16.469038 ^ _835_/CLK (gf180mcu_fd_sc_mcu7t5v0__dffrnq_1)
                                 -0.250000   16.219040   clock uncertainty
                                  0.000000   16.219040   clock reconvergence pessimism
                                 -0.098326   16.120712   library recovery time
                                             16.120712   data required time
---------------------------------------------------------------------------------------------
                                             16.120712   data required time
                                             -6.272005   data arrival time
---------------------------------------------------------------------------------------------
                                              9.848707   slack (MET)


Startpoint: rst_n (input port clocked by clk)
Endpoint: _836_ (recovery check against rising-edge clock clk)
Path Group: asynchronous
Path Type: max

Fanout         Cap        Slew       Delay        Time   Description
---------------------------------------------------------------------------------------------
                                  0.000000    0.000000   clock clk (rise edge)
                                  0.000000    0.000000   clock network delay (propagated)
                                  3.200000    3.200000 ^ input external delay
     2    0.010205    0.049982    0.017902    3.217902 ^ rst_n (in)
                                                         rst_n (net)
                      0.049982    0.000000    3.217902 ^ input38/I (gf180mcu_fd_sc_mcu7t5v0__dlyb_1)
     1    0.008384    0.136510    0.542173    3.760076 ^ input38/Z (gf180mcu_fd_sc_mcu7t5v0__dlyb_1)
                                                         net38 (net)
                      0.136510    0.000211    3.760287 ^ fanout134/I (gf180mcu_fd_sc_mcu7t5v0__dlyb_1)
     5    0.097080    1.064006    1.100393    4.860680 ^ fanout134/Z (gf180mcu_fd_sc_mcu7t5v0__dlyb_1)
                                                         net134 (net)
                      1.064343    0.010738    4.871418 ^ wire135/I (gf180mcu_fd_sc_mcu7t5v0__buf_4)
     7    0.132346    0.373745    0.319424    5.190842 ^ wire135/Z (gf180mcu_fd_sc_mcu7t5v0__buf_4)
                                                         net135 (net)
                      0.377176    0.019806    5.210648 ^ fanout132/I (gf180mcu_fd_sc_mcu7t5v0__dlyb_1)
     9    0.088033    0.968291    1.059936    6.270583 ^ fanout132/Z (gf180mcu_fd_sc_mcu7t5v0__dlyb_1)
                                                         net132 (net)
                      0.968298    0.001460    6.272043 ^ _836_/RN (gf180mcu_fd_sc_mcu7t5v0__dffrnq_1)
                                              6.272043   data arrival time

                                 16.000000   16.000000   clock clk (rise edge)
                                  0.000000   16.000000   clock source latency
     2    0.092910    0.000000    0.000000   16.000000 ^ clk (in)
                                                         clk (net)
                      0.025556    0.010454   16.010454 ^ clkbuf_0_clk/I (gf180mcu_fd_sc_mcu7t5v0__clkbuf_16)
     8    0.205666    0.162120    0.208070   16.218523 ^ clkbuf_0_clk/Z (gf180mcu_fd_sc_mcu7t5v0__clkbuf_16)
                                                         clknet_0_clk (net)
                      0.163509    0.010031   16.228556 ^ clkbuf_3_6_0_clk/I (gf180mcu_fd_sc_mcu7t5v0__clkbuf_8)
    12    0.102572    0.163725    0.233868   16.462423 ^ clkbuf_3_6_0_clk/Z (gf180mcu_fd_sc_mcu7t5v0__clkbuf_8)
                                                         clknet_3_6_0_clk (net)
                      0.164014    0.006676   16.469099 ^ _836_/CLK (gf180mcu_fd_sc_mcu7t5v0__dffrnq_1)
                                 -0.250000   16.219099   clock uncertainty
                                  0.000000   16.219099   clock reconvergence pessimism
                                 -0.098325   16.120775   library recovery time
                                             16.120775   data required time
---------------------------------------------------------------------------------------------
                                             16.120775   data required time
                                             -6.272043   data arrival time
---------------------------------------------------------------------------------------------
                                              9.848732   slack (MET)


Startpoint: rst_n (input port clocked by clk)
Endpoint: _854_ (recovery check against rising-edge clock clk)
Path Group: asynchronous
Path Type: max

Fanout         Cap        Slew       Delay        Time   Description
---------------------------------------------------------------------------------------------
                                  0.000000    0.000000   clock clk (rise edge)
                                  0.000000    0.000000   clock network delay (propagated)
                                  3.200000    3.200000 ^ input external delay
     2    0.010205    0.049982    0.017902    3.217902 ^ rst_n (in)
                                                         rst_n (net)
                      0.049982    0.000000    3.217902 ^ input38/I (gf180mcu_fd_sc_mcu7t5v0__dlyb_1)
     1    0.008384    0.136510    0.542173    3.760076 ^ input38/Z (gf180mcu_fd_sc_mcu7t5v0__dlyb_1)
                                                         net38 (net)
                      0.136510    0.000211    3.760287 ^ fanout134/I (gf180mcu_fd_sc_mcu7t5v0__dlyb_1)
     5    0.097080    1.064006    1.100393    4.860680 ^ fanout134/Z (gf180mcu_fd_sc_mcu7t5v0__dlyb_1)
                                                         net134 (net)
                      1.064343    0.010738    4.871418 ^ wire135/I (gf180mcu_fd_sc_mcu7t5v0__buf_4)
     7    0.132346    0.373745    0.319424    5.190842 ^ wire135/Z (gf180mcu_fd_sc_mcu7t5v0__buf_4)
                                                         net135 (net)
                      0.377176    0.019806    5.210648 ^ fanout132/I (gf180mcu_fd_sc_mcu7t5v0__dlyb_1)
     9    0.088033    0.968291    1.059936    6.270583 ^ fanout132/Z (gf180mcu_fd_sc_mcu7t5v0__dlyb_1)
                                                         net132 (net)
                      0.968291    0.000711    6.271295 ^ _854_/RN (gf180mcu_fd_sc_mcu7t5v0__dffrnq_1)
                                              6.271295   data arrival time

                                 16.000000   16.000000   clock clk (rise edge)
                                  0.000000   16.000000   clock source latency
     2    0.092910    0.000000    0.000000   16.000000 ^ clk (in)
                                                         clk (net)
                      0.025556    0.010454   16.010454 ^ clkbuf_0_clk/I (gf180mcu_fd_sc_mcu7t5v0__clkbuf_16)
     8    0.205666    0.162120    0.208070   16.218523 ^ clkbuf_0_clk/Z (gf180mcu_fd_sc_mcu7t5v0__clkbuf_16)
                                                         clknet_0_clk (net)
                      0.163509    0.010031   16.228556 ^ clkbuf_3_6_0_clk/I (gf180mcu_fd_sc_mcu7t5v0__clkbuf_8)
    12    0.102572    0.163725    0.233868   16.462423 ^ clkbuf_3_6_0_clk/Z (gf180mcu_fd_sc_mcu7t5v0__clkbuf_8)
                                                         clknet_3_6_0_clk (net)
                      0.163974    0.006324   16.468746 ^ _854_/CLK (gf180mcu_fd_sc_mcu7t5v0__dffrnq_1)
                                 -0.250000   16.218748   clock uncertainty
                                  0.000000   16.218748   clock reconvergence pessimism
                                 -0.098330   16.120417   library recovery time
                                             16.120417   data required time
---------------------------------------------------------------------------------------------
                                             16.120417   data required time
                                             -6.271295   data arrival time
---------------------------------------------------------------------------------------------
                                              9.849123   slack (MET)


Startpoint: rst_n (input port clocked by clk)
Endpoint: _828_ (recovery check against rising-edge clock clk)
Path Group: asynchronous
Path Type: max

Fanout         Cap        Slew       Delay        Time   Description
---------------------------------------------------------------------------------------------
                                  0.000000    0.000000   clock clk (rise edge)
                                  0.000000    0.000000   clock network delay (propagated)
                                  3.200000    3.200000 ^ input external delay
     2    0.010205    0.049982    0.017902    3.217902 ^ rst_n (in)
                                                         rst_n (net)
                      0.049982    0.000000    3.217902 ^ input38/I (gf180mcu_fd_sc_mcu7t5v0__dlyb_1)
     1    0.008384    0.136510    0.542173    3.760076 ^ input38/Z (gf180mcu_fd_sc_mcu7t5v0__dlyb_1)
                                                         net38 (net)
                      0.136510    0.000211    3.760287 ^ fanout134/I (gf180mcu_fd_sc_mcu7t5v0__dlyb_1)
     5    0.097080    1.064006    1.100393    4.860680 ^ fanout134/Z (gf180mcu_fd_sc_mcu7t5v0__dlyb_1)
                                                         net134 (net)
                      1.064343    0.010738    4.871418 ^ wire135/I (gf180mcu_fd_sc_mcu7t5v0__buf_4)
     7    0.132346    0.373745    0.319424    5.190842 ^ wire135/Z (gf180mcu_fd_sc_mcu7t5v0__buf_4)
                                                         net135 (net)
                      0.377176    0.019806    5.210648 ^ fanout132/I (gf180mcu_fd_sc_mcu7t5v0__dlyb_1)
     9    0.088033    0.968291    1.059936    6.270583 ^ fanout132/Z (gf180mcu_fd_sc_mcu7t5v0__dlyb_1)
                                                         net132 (net)
                      0.968295    0.001193    6.271777 ^ _828_/RN (gf180mcu_fd_sc_mcu7t5v0__dffrnq_1)
                                              6.271777   data arrival time

                                 16.000000   16.000000   clock clk (rise edge)
                                  0.000000   16.000000   clock source latency
     2    0.092910    0.000000    0.000000   16.000000 ^ clk (in)
                                                         clk (net)
                      0.025556    0.010454   16.010454 ^ clkbuf_0_clk/I (gf180mcu_fd_sc_mcu7t5v0__clkbuf_16)
     8    0.205666    0.162120    0.208070   16.218523 ^ clkbuf_0_clk/Z (gf180mcu_fd_sc_mcu7t5v0__clkbuf_16)
                                                         clknet_0_clk (net)
                      0.163435    0.009745   16.228270 ^ clkbuf_3_7_0_clk/I (gf180mcu_fd_sc_mcu7t5v0__clkbuf_8)
    13    0.109998    0.171668    0.238259   16.466528 ^ clkbuf_3_7_0_clk/Z (gf180mcu_fd_sc_mcu7t5v0__clkbuf_8)
                                                         clknet_3_7_0_clk (net)
                      0.172310    0.007560   16.474089 ^ _828_/CLK (gf180mcu_fd_sc_mcu7t5v0__dffrnq_1)
                                 -0.250000   16.224089   clock uncertainty
                                  0.000000   16.224089   clock reconvergence pessimism
                                 -0.096794   16.127296   library recovery time
                                             16.127296   data required time
---------------------------------------------------------------------------------------------
                                             16.127296   data required time
                                             -6.271777   data arrival time
---------------------------------------------------------------------------------------------
                                              9.855519   slack (MET)


Startpoint: core_dout_valid_i (input port clocked by clk)
Endpoint: _861_ (rising edge-triggered flip-flop clocked by clk)
Path Group: clk
Path Type: max

Fanout         Cap        Slew       Delay        Time   Description
---------------------------------------------------------------------------------------------
                                  0.000000    0.000000   clock clk (rise edge)
                                  0.000000    0.000000   clock network delay (propagated)
                                  3.200000    3.200000 ^ input external delay
     2    0.012684    0.056461    0.022020    3.222020 ^ core_dout_valid_i (in)
                                                         core_dout_valid_i (net)
                      0.056461    0.000000    3.222020 ^ input10/I (gf180mcu_fd_sc_mcu7t5v0__dlya_1)
    14    0.234440    2.511098    1.691761    4.913781 ^ input10/Z (gf180mcu_fd_sc_mcu7t5v0__dlya_1)
                                                         net10 (net)
                      2.513748    0.046564    4.960344 ^ _408_/A2 (gf180mcu_fd_sc_mcu7t5v0__nand2_1)
     2    0.011433    0.533868    0.045763    5.006107 v _408_/ZN (gf180mcu_fd_sc_mcu7t5v0__nand2_1)
                                                         _129_ (net)
                      0.533868    0.000097    5.006204 v _409_/A3 (gf180mcu_fd_sc_mcu7t5v0__nor3_1)
     1    0.004322    0.302816    0.247293    5.253497 ^ _409_/ZN (gf180mcu_fd_sc_mcu7t5v0__nor3_1)
                                                         _130_ (net)
                      0.302816    0.000086    5.253583 ^ _410_/A3 (gf180mcu_fd_sc_mcu7t5v0__and3_1)
     3    0.033935    0.403645    0.432894    5.686478 ^ _410_/Z (gf180mcu_fd_sc_mcu7t5v0__and3_1)
                                                         _131_ (net)
                      0.403657    0.001234    5.687712 ^ _419_/A1 (gf180mcu_fd_sc_mcu7t5v0__nand2_1)
     2    0.013339    0.458681    0.159637    5.847349 v _419_/ZN (gf180mcu_fd_sc_mcu7t5v0__nand2_1)
                                                         _140_ (net)
                      0.458681    0.000191    5.847540 v _420_/A2 (gf180mcu_fd_sc_mcu7t5v0__nor2_1)
     1    0.008082    0.265950    0.227781    6.075321 ^ _420_/ZN (gf180mcu_fd_sc_mcu7t5v0__nor2_1)
                                                         _001_ (net)
                      0.265950    0.000207    6.075529 ^ _861_/D (gf180mcu_fd_sc_mcu7t5v0__dffrnq_1)
                                              6.075529   data arrival time

                                 16.000000   16.000000   clock clk (rise edge)
                                  0.000000   16.000000   clock source latency
     2    0.092910    0.000000    0.000000   16.000000 ^ clk (in)
                                                         clk (net)
                      0.025556    0.010454   16.010454 ^ clkbuf_0_clk/I (gf180mcu_fd_sc_mcu7t5v0__clkbuf_16)
     8    0.205666    0.162120    0.208070   16.218523 ^ clkbuf_0_clk/Z (gf180mcu_fd_sc_mcu7t5v0__clkbuf_16)
                                                         clknet_0_clk (net)
                      0.163389    0.009562   16.228086 ^ clkbuf_3_2_0_clk/I (gf180mcu_fd_sc_mcu7t5v0__clkbuf_8)
    12    0.104111    0.165820    0.235270   16.463356 ^ clkbuf_3_2_0_clk/Z (gf180mcu_fd_sc_mcu7t5v0__clkbuf_8)
                                                         clknet_3_2_0_clk (net)
                      0.166044    0.006082   16.469439 ^ _861_/CLK (gf180mcu_fd_sc_mcu7t5v0__dffrnq_1)
                                 -0.250000   16.219439   clock uncertainty
                                  0.000000   16.219439   clock reconvergence pessimism
                                 -0.201208   16.018230   library setup time
                                             16.018230   data required time
---------------------------------------------------------------------------------------------
                                             16.018230   data required time
                                             -6.075529   data arrival time
---------------------------------------------------------------------------------------------
                                              9.942702   slack (MET)


Startpoint: _792_ (rising edge-triggered flip-flop clocked by clk)
Endpoint: top_state_o[0] (output port clocked by clk)
Path Group: clk
Path Type: max

Fanout         Cap        Slew       Delay        Time   Description
---------------------------------------------------------------------------------------------
                                  0.000000    0.000000   clock clk (rise edge)
                                  0.000000    0.000000   clock source latency
     2    0.092910    0.000000    0.000000    0.000000 ^ clk (in)
                                                         clk (net)
                      0.025556    0.010453    0.010453 ^ clkbuf_0_clk/I (gf180mcu_fd_sc_mcu7t5v0__clkbuf_16)
     8    0.205666    0.162120    0.208071    0.218524 ^ clkbuf_0_clk/Z (gf180mcu_fd_sc_mcu7t5v0__clkbuf_16)
                                                         clknet_0_clk (net)
                      0.163264    0.009057    0.227582 ^ clkbuf_3_3_0_clk/I (gf180mcu_fd_sc_mcu7t5v0__clkbuf_8)
     9    0.084729    0.142760    0.221310    0.448891 ^ clkbuf_3_3_0_clk/Z (gf180mcu_fd_sc_mcu7t5v0__clkbuf_8)
                                                         clknet_3_3_0_clk (net)
                      0.142790    0.003124    0.452016 ^ _792_/CLK (gf180mcu_fd_sc_mcu7t5v0__dffrnq_2)
    14    0.248405    1.341457    1.297661    1.749676 ^ _792_/Q (gf180mcu_fd_sc_mcu7t5v0__dffrnq_2)
                                                         net108 (net)
                      1.346077    0.044808    1.794484 ^ output108/I (gf180mcu_fd_sc_mcu7t5v0__dlyb_1)
     1    0.053910    0.606051    0.796773    2.591257 ^ output108/Z (gf180mcu_fd_sc_mcu7t5v0__dlyb_1)
                                                         top_state_o[0] (net)
                      0.606058    0.001218    2.592475 ^ top_state_o[0] (out)
                                              2.592475   data arrival time

                                 16.000000   16.000000   clock clk (rise edge)
                                  0.000000   16.000000   clock network delay (propagated)
                                 -0.250000   15.750001   clock uncertainty
                                  0.000000   15.750001   clock reconvergence pessimism
                                 -3.200000   12.550000   output external delay
                                             12.550000   data required time
---------------------------------------------------------------------------------------------
                                             12.550000   data required time
                                             -2.592475   data arrival time
---------------------------------------------------------------------------------------------
                                              9.957525   slack (MET)


Startpoint: debug_rvalid_i (input port clocked by clk)
Endpoint: _830_ (rising edge-triggered flip-flop clocked by clk)
Path Group: clk
Path Type: max

Fanout         Cap        Slew       Delay        Time   Description
---------------------------------------------------------------------------------------------
                                  0.000000    0.000000   clock clk (rise edge)
                                  0.000000    0.000000   clock network delay (propagated)
                                  3.200000    3.200000 ^ input external delay
     2    0.012112    0.054965    0.021084    3.221084 ^ debug_rvalid_i (in)
                                                         debug_rvalid_i (net)
                      0.054965    0.000000    3.221084 ^ input28/I (gf180mcu_fd_sc_mcu7t5v0__dlyb_1)
     2    0.165817    1.784316    1.495604    4.716688 ^ input28/Z (gf180mcu_fd_sc_mcu7t5v0__dlyb_1)
                                                         net28 (net)
                      1.784482    0.009974    4.726662 ^ _550_/A1 (gf180mcu_fd_sc_mcu7t5v0__nand2_1)
     5    0.057389    0.990959    0.591654    5.318316 v _550_/ZN (gf180mcu_fd_sc_mcu7t5v0__nand2_1)
                                                         _248_ (net)
                      0.990960    0.001867    5.320183 v load_slew118/I (gf180mcu_fd_sc_mcu7t5v0__buf_4)
     8    0.099498    0.199750    0.445144    5.765326 v load_slew118/Z (gf180mcu_fd_sc_mcu7t5v0__buf_4)
                                                         net118 (net)
                      0.200171    0.005363    5.770690 v _555_/S (gf180mcu_fd_sc_mcu7t5v0__mux2_2)
     1    0.009078    0.089253    0.282513    6.053203 ^ _555_/Z (gf180mcu_fd_sc_mcu7t5v0__mux2_2)
                                                         _007_ (net)
                      0.089253    0.000241    6.053443 ^ _830_/D (gf180mcu_fd_sc_mcu7t5v0__dffrnq_1)
                                              6.053443   data arrival time

                                 16.000000   16.000000   clock clk (rise edge)
                                  0.000000   16.000000   clock source latency
     2    0.092910    0.000000    0.000000   16.000000 ^ clk (in)
                                                         clk (net)
                      0.025556    0.010454   16.010454 ^ clkbuf_0_clk/I (gf180mcu_fd_sc_mcu7t5v0__clkbuf_16)
     8    0.205666    0.162120    0.208070   16.218523 ^ clkbuf_0_clk/Z (gf180mcu_fd_sc_mcu7t5v0__clkbuf_16)
                                                         clknet_0_clk (net)
                      0.163435    0.009745   16.228270 ^ clkbuf_3_7_0_clk/I (gf180mcu_fd_sc_mcu7t5v0__clkbuf_8)
    13    0.109998    0.171668    0.238259   16.466528 ^ clkbuf_3_7_0_clk/Z (gf180mcu_fd_sc_mcu7t5v0__clkbuf_8)
                                                         clknet_3_7_0_clk (net)
                      0.172506    0.008626   16.475155 ^ _830_/CLK (gf180mcu_fd_sc_mcu7t5v0__dffrnq_1)
                                 -0.250000   16.225155   clock uncertainty
                                  0.000000   16.225155   clock reconvergence pessimism
                                 -0.165798   16.059357   library setup time
                                             16.059357   data required time
---------------------------------------------------------------------------------------------
                                             16.059357   data required time
                                             -6.053443   data arrival time
---------------------------------------------------------------------------------------------
                                             10.005914   slack (MET)


Startpoint: debug_rvalid_i (input port clocked by clk)
Endpoint: _829_ (rising edge-triggered flip-flop clocked by clk)
Path Group: clk
Path Type: max

Fanout         Cap        Slew       Delay        Time   Description
---------------------------------------------------------------------------------------------
                                  0.000000    0.000000   clock clk (rise edge)
                                  0.000000    0.000000   clock network delay (propagated)
                                  3.200000    3.200000 ^ input external delay
     2    0.012112    0.054965    0.021084    3.221084 ^ debug_rvalid_i (in)
                                                         debug_rvalid_i (net)
                      0.054965    0.000000    3.221084 ^ input28/I (gf180mcu_fd_sc_mcu7t5v0__dlyb_1)
     2    0.165817    1.784316    1.495604    4.716688 ^ input28/Z (gf180mcu_fd_sc_mcu7t5v0__dlyb_1)
                                                         net28 (net)
                      1.784482    0.009974    4.726662 ^ _550_/A1 (gf180mcu_fd_sc_mcu7t5v0__nand2_1)
     5    0.057389    0.990959    0.591654    5.318316 v _550_/ZN (gf180mcu_fd_sc_mcu7t5v0__nand2_1)
                                                         _248_ (net)
                      0.990960    0.001867    5.320183 v load_slew118/I (gf180mcu_fd_sc_mcu7t5v0__buf_4)
     8    0.099498    0.199750    0.445144    5.765326 v load_slew118/Z (gf180mcu_fd_sc_mcu7t5v0__buf_4)
                                                         net118 (net)
                      0.199990    0.003681    5.769007 v _554_/S (gf180mcu_fd_sc_mcu7t5v0__mux2_2)
     1    0.007302    0.081158    0.276495    6.045502 ^ _554_/Z (gf180mcu_fd_sc_mcu7t5v0__mux2_2)
                                                         _006_ (net)
                      0.081158    0.000174    6.045676 ^ _829_/D (gf180mcu_fd_sc_mcu7t5v0__dffrnq_1)
                                              6.045676   data arrival time

                                 16.000000   16.000000   clock clk (rise edge)
                                  0.000000   16.000000   clock source latency
     2    0.092910    0.000000    0.000000   16.000000 ^ clk (in)
                                                         clk (net)
                      0.025556    0.010454   16.010454 ^ clkbuf_0_clk/I (gf180mcu_fd_sc_mcu7t5v0__clkbuf_16)
     8    0.205666    0.162120    0.208070   16.218523 ^ clkbuf_0_clk/Z (gf180mcu_fd_sc_mcu7t5v0__clkbuf_16)
                                                         clknet_0_clk (net)
                      0.163435    0.009745   16.228270 ^ clkbuf_3_7_0_clk/I (gf180mcu_fd_sc_mcu7t5v0__clkbuf_8)
    13    0.109998    0.171668    0.238259   16.466528 ^ clkbuf_3_7_0_clk/Z (gf180mcu_fd_sc_mcu7t5v0__clkbuf_8)
                                                         clknet_3_7_0_clk (net)
                      0.172499    0.008590   16.475119 ^ _829_/CLK (gf180mcu_fd_sc_mcu7t5v0__dffrnq_1)
                                 -0.250000   16.225119   clock uncertainty
                                  0.000000   16.225119   clock reconvergence pessimism
                                 -0.164926   16.060194   library setup time
                                             16.060194   data required time
---------------------------------------------------------------------------------------------
                                             16.060194   data required time
                                             -6.045676   data arrival time
---------------------------------------------------------------------------------------------
                                             10.014518   slack (MET)


Startpoint: debug_rvalid_i (input port clocked by clk)
Endpoint: _838_ (rising edge-triggered flip-flop clocked by clk)
Path Group: clk
Path Type: max

Fanout         Cap        Slew       Delay        Time   Description
---------------------------------------------------------------------------------------------
                                  0.000000    0.000000   clock clk (rise edge)
                                  0.000000    0.000000   clock network delay (propagated)
                                  3.200000    3.200000 ^ input external delay
     2    0.012112    0.054965    0.021084    3.221084 ^ debug_rvalid_i (in)
                                                         debug_rvalid_i (net)
                      0.054965    0.000000    3.221084 ^ input28/I (gf180mcu_fd_sc_mcu7t5v0__dlyb_1)
     2    0.165817    1.784316    1.495604    4.716688 ^ input28/Z (gf180mcu_fd_sc_mcu7t5v0__dlyb_1)
                                                         net28 (net)
                      1.784482    0.009974    4.726662 ^ _550_/A1 (gf180mcu_fd_sc_mcu7t5v0__nand2_1)
     5    0.057389    0.990959    0.591654    5.318316 v _550_/ZN (gf180mcu_fd_sc_mcu7t5v0__nand2_1)
                                                         _248_ (net)
                      0.990960    0.001867    5.320183 v load_slew118/I (gf180mcu_fd_sc_mcu7t5v0__buf_4)
     8    0.099498    0.199750    0.445144    5.765326 v load_slew118/Z (gf180mcu_fd_sc_mcu7t5v0__buf_4)
                                                         net118 (net)
                      0.200151    0.005191    5.770518 v _563_/S (gf180mcu_fd_sc_mcu7t5v0__mux2_2)
     1    0.006710    0.078465    0.274557    6.045075 ^ _563_/Z (gf180mcu_fd_sc_mcu7t5v0__mux2_2)
                                                         _015_ (net)
                      0.078465    0.000161    6.045236 ^ _838_/D (gf180mcu_fd_sc_mcu7t5v0__dffrnq_1)
                                              6.045236   data arrival time

                                 16.000000   16.000000   clock clk (rise edge)
                                  0.000000   16.000000   clock source latency
     2    0.092910    0.000000    0.000000   16.000000 ^ clk (in)
                                                         clk (net)
                      0.025556    0.010454   16.010454 ^ clkbuf_0_clk/I (gf180mcu_fd_sc_mcu7t5v0__clkbuf_16)
     8    0.205666    0.162120    0.208070   16.218523 ^ clkbuf_0_clk/Z (gf180mcu_fd_sc_mcu7t5v0__clkbuf_16)
                                                         clknet_0_clk (net)
                      0.163435    0.009745   16.228270 ^ clkbuf_3_7_0_clk/I (gf180mcu_fd_sc_mcu7t5v0__clkbuf_8)
    13    0.109998    0.171668    0.238259   16.466528 ^ clkbuf_3_7_0_clk/Z (gf180mcu_fd_sc_mcu7t5v0__clkbuf_8)
                                                         clknet_3_7_0_clk (net)
                      0.172518    0.008686   16.475214 ^ _838_/CLK (gf180mcu_fd_sc_mcu7t5v0__dffrnq_1)
                                 -0.250000   16.225216   clock uncertainty
                                  0.000000   16.225216   clock reconvergence pessimism
                                 -0.164631   16.060585   library setup time
                                             16.060585   data required time
---------------------------------------------------------------------------------------------
                                             16.060585   data required time
                                             -6.045236   data arrival time
---------------------------------------------------------------------------------------------
                                             10.015348   slack (MET)


Startpoint: debug_rvalid_i (input port clocked by clk)
Endpoint: _826_ (rising edge-triggered flip-flop clocked by clk)
Path Group: clk
Path Type: max

Fanout         Cap        Slew       Delay        Time   Description
---------------------------------------------------------------------------------------------
                                  0.000000    0.000000   clock clk (rise edge)
                                  0.000000    0.000000   clock network delay (propagated)
                                  3.200000    3.200000 ^ input external delay
     2    0.012112    0.054965    0.021084    3.221084 ^ debug_rvalid_i (in)
                                                         debug_rvalid_i (net)
                      0.054965    0.000000    3.221084 ^ input28/I (gf180mcu_fd_sc_mcu7t5v0__dlyb_1)
     2    0.165817    1.784316    1.495604    4.716688 ^ input28/Z (gf180mcu_fd_sc_mcu7t5v0__dlyb_1)
                                                         net28 (net)
                      1.784482    0.009974    4.726662 ^ _550_/A1 (gf180mcu_fd_sc_mcu7t5v0__nand2_1)
     5    0.057389    0.990959    0.591654    5.318316 v _550_/ZN (gf180mcu_fd_sc_mcu7t5v0__nand2_1)
                                                         _248_ (net)
                      0.990960    0.001867    5.320183 v load_slew118/I (gf180mcu_fd_sc_mcu7t5v0__buf_4)
     8    0.099498    0.199750    0.445144    5.765326 v load_slew118/Z (gf180mcu_fd_sc_mcu7t5v0__buf_4)
                                                         net118 (net)
                      0.200042    0.004202    5.769529 v _551_/S (gf180mcu_fd_sc_mcu7t5v0__mux2_2)
     1    0.004112    0.066537    0.265707    6.035235 ^ _551_/Z (gf180mcu_fd_sc_mcu7t5v0__mux2_2)
                                                         _003_ (net)
                      0.066537    0.000082    6.035318 ^ _826_/D (gf180mcu_fd_sc_mcu7t5v0__dffrnq_1)
                                              6.035318   data arrival time

                                 16.000000   16.000000   clock clk (rise edge)
                                  0.000000   16.000000   clock source latency
     2    0.092910    0.000000    0.000000   16.000000 ^ clk (in)
                                                         clk (net)
                      0.025556    0.010454   16.010454 ^ clkbuf_0_clk/I (gf180mcu_fd_sc_mcu7t5v0__clkbuf_16)
     8    0.205666    0.162120    0.208070   16.218523 ^ clkbuf_0_clk/Z (gf180mcu_fd_sc_mcu7t5v0__clkbuf_16)
                                                         clknet_0_clk (net)
                      0.163509    0.010031   16.228556 ^ clkbuf_3_6_0_clk/I (gf180mcu_fd_sc_mcu7t5v0__clkbuf_8)
    12    0.102572    0.163725    0.233868   16.462423 ^ clkbuf_3_6_0_clk/Z (gf180mcu_fd_sc_mcu7t5v0__clkbuf_8)
                                                         clknet_3_6_0_clk (net)
                      0.163956    0.006157   16.468580 ^ _826_/CLK (gf180mcu_fd_sc_mcu7t5v0__dffrnq_1)
                                 -0.250000   16.218580   clock uncertainty
                                  0.000000   16.218580   clock reconvergence pessimism
                                 -0.165022   16.053558   library setup time
                                             16.053558   data required time
---------------------------------------------------------------------------------------------
                                             16.053558   data required time
                                             -6.035318   data arrival time
---------------------------------------------------------------------------------------------
                                             10.018241   slack (MET)


Startpoint: core_din_ready_i (input port clocked by clk)
Endpoint: _778_ (rising edge-triggered flip-flop clocked by clk)
Path Group: clk
Path Type: max

Fanout         Cap        Slew       Delay        Time   Description
---------------------------------------------------------------------------------------------
                                  0.000000    0.000000   clock clk (rise edge)
                                  0.000000    0.000000   clock network delay (propagated)
                                  3.200000    3.200000 ^ input external delay
     2    0.005392    0.036613    0.009594    3.209594 ^ core_din_ready_i (in)
                                                         core_din_ready_i (net)
                      0.036613    0.000000    3.209594 ^ input1/I (gf180mcu_fd_sc_mcu7t5v0__dlyb_1)
     1    0.094091    1.030173    1.064863    4.274457 ^ input1/Z (gf180mcu_fd_sc_mcu7t5v0__dlyb_1)
                                                         net1 (net)
                      1.031154    0.017976    4.292432 ^ _448_/A1 (gf180mcu_fd_sc_mcu7t5v0__nand2_1)
     2    0.010100    0.317835    0.153878    4.446310 v _448_/ZN (gf180mcu_fd_sc_mcu7t5v0__nand2_1)
                                                         _165_ (net)
                      0.317835    0.000087    4.446398 v _449_/I (gf180mcu_fd_sc_mcu7t5v0__clkinv_1)
     1    0.005178    0.135877    0.121387    4.567785 ^ _449_/ZN (gf180mcu_fd_sc_mcu7t5v0__clkinv_1)
                                                         _166_ (net)
                      0.135877    0.000097    4.567882 ^ _451_/A2 (gf180mcu_fd_sc_mcu7t5v0__oai21_1)
     5    0.051442    0.553716    0.356275    4.924157 v _451_/ZN (gf180mcu_fd_sc_mcu7t5v0__oai21_1)
                                                         _167_ (net)
                      0.553716    0.000324    4.924481 v _624_/A3 (gf180mcu_fd_sc_mcu7t5v0__or3_1)
     4    0.064698    0.497734    0.774924    5.699405 v _624_/Z (gf180mcu_fd_sc_mcu7t5v0__or3_1)
                                                         _280_ (net)
                      0.497824    0.003744    5.703148 v _629_/S (gf180mcu_fd_sc_mcu7t5v0__mux2_2)
     1    0.004892    0.095466    0.342486    6.045634 ^ _629_/Z (gf180mcu_fd_sc_mcu7t5v0__mux2_2)
                                                         _047_ (net)
                      0.095466    0.000091    6.045726 ^ _778_/D (gf180mcu_fd_sc_mcu7t5v0__dffrnq_1)
                                              6.045726   data arrival time

                                 16.000000   16.000000   clock clk (rise edge)
                                  0.000000   16.000000   clock source latency
     2    0.092910    0.000000    0.000000   16.000000 ^ clk (in)
                                                         clk (net)
                      0.025556    0.010454   16.010454 ^ clkbuf_0_clk/I (gf180mcu_fd_sc_mcu7t5v0__clkbuf_16)
     8    0.205666    0.162120    0.208070   16.218523 ^ clkbuf_0_clk/Z (gf180mcu_fd_sc_mcu7t5v0__clkbuf_16)
                                                         clknet_0_clk (net)
                      0.163506    0.010019   16.228542 ^ clkbuf_3_1_0_clk/I (gf180mcu_fd_sc_mcu7t5v0__clkbuf_8)
    16    0.119720    0.182888    0.245032   16.473576 ^ clkbuf_3_1_0_clk/Z (gf180mcu_fd_sc_mcu7t5v0__clkbuf_8)
                                                         clknet_3_1_0_clk (net)
                      0.184220    0.009306   16.482882 ^ _778_/CLK (gf180mcu_fd_sc_mcu7t5v0__dffrnq_1)
                                 -0.250000   16.232882   clock uncertainty
                                  0.000000   16.232882   clock reconvergence pessimism
                                 -0.163845   16.069036   library setup time
                                             16.069036   data required time
---------------------------------------------------------------------------------------------
                                             16.069036   data required time
                                             -6.045726   data arrival time
---------------------------------------------------------------------------------------------
                                             10.023311   slack (MET)


Startpoint: debug_rvalid_i (input port clocked by clk)
Endpoint: _839_ (rising edge-triggered flip-flop clocked by clk)
Path Group: clk
Path Type: max

Fanout         Cap        Slew       Delay        Time   Description
---------------------------------------------------------------------------------------------
                                  0.000000    0.000000   clock clk (rise edge)
                                  0.000000    0.000000   clock network delay (propagated)
                                  3.200000    3.200000 ^ input external delay
     2    0.012112    0.054965    0.021084    3.221084 ^ debug_rvalid_i (in)
                                                         debug_rvalid_i (net)
                      0.054965    0.000000    3.221084 ^ input28/I (gf180mcu_fd_sc_mcu7t5v0__dlyb_1)
     2    0.165817    1.784316    1.495604    4.716688 ^ input28/Z (gf180mcu_fd_sc_mcu7t5v0__dlyb_1)
                                                         net28 (net)
                      1.784482    0.009974    4.726662 ^ _550_/A1 (gf180mcu_fd_sc_mcu7t5v0__nand2_1)
     5    0.057389    0.990959    0.591654    5.318316 v _550_/ZN (gf180mcu_fd_sc_mcu7t5v0__nand2_1)
                                                         _248_ (net)
                      0.990960    0.001867    5.320183 v load_slew118/I (gf180mcu_fd_sc_mcu7t5v0__buf_4)
     8    0.099498    0.199750    0.445144    5.765326 v load_slew118/Z (gf180mcu_fd_sc_mcu7t5v0__buf_4)
                                                         net118 (net)
                      0.200059    0.004359    5.769685 v _564_/S (gf180mcu_fd_sc_mcu7t5v0__mux2_2)
     1    0.004823    0.069849    0.268190    6.037876 ^ _564_/Z (gf180mcu_fd_sc_mcu7t5v0__mux2_2)
                                                         _016_ (net)
                      0.069849    0.000098    6.037973 ^ _839_/D (gf180mcu_fd_sc_mcu7t5v0__dffrnq_1)
                                              6.037973   data arrival time

                                 16.000000   16.000000   clock clk (rise edge)
                                  0.000000   16.000000   clock source latency
     2    0.092910    0.000000    0.000000   16.000000 ^ clk (in)
                                                         clk (net)
                      0.025556    0.010454   16.010454 ^ clkbuf_0_clk/I (gf180mcu_fd_sc_mcu7t5v0__clkbuf_16)
     8    0.205666    0.162120    0.208070   16.218523 ^ clkbuf_0_clk/Z (gf180mcu_fd_sc_mcu7t5v0__clkbuf_16)
                                                         clknet_0_clk (net)
                      0.163435    0.009745   16.228270 ^ clkbuf_3_7_0_clk/I (gf180mcu_fd_sc_mcu7t5v0__clkbuf_8)
    13    0.109998    0.171668    0.238259   16.466528 ^ clkbuf_3_7_0_clk/Z (gf180mcu_fd_sc_mcu7t5v0__clkbuf_8)
                                                         clknet_3_7_0_clk (net)
                      0.172480    0.008489   16.475018 ^ _839_/CLK (gf180mcu_fd_sc_mcu7t5v0__dffrnq_1)
                                 -0.250000   16.225018   clock uncertainty
                                  0.000000   16.225018   clock reconvergence pessimism
                                 -0.163709   16.061310   library setup time
                                             16.061310   data required time
---------------------------------------------------------------------------------------------
                                             16.061310   data required time
                                             -6.037973   data arrival time
---------------------------------------------------------------------------------------------
                                             10.023335   slack (MET)


Startpoint: debug_rvalid_i (input port clocked by clk)
Endpoint: _834_ (rising edge-triggered flip-flop clocked by clk)
Path Group: clk
Path Type: max

Fanout         Cap        Slew       Delay        Time   Description
---------------------------------------------------------------------------------------------
                                  0.000000    0.000000   clock clk (rise edge)
                                  0.000000    0.000000   clock network delay (propagated)
                                  3.200000    3.200000 ^ input external delay
     2    0.012112    0.054965    0.021084    3.221084 ^ debug_rvalid_i (in)
                                                         debug_rvalid_i (net)
                      0.054965    0.000000    3.221084 ^ input28/I (gf180mcu_fd_sc_mcu7t5v0__dlyb_1)
     2    0.165817    1.784316    1.495604    4.716688 ^ input28/Z (gf180mcu_fd_sc_mcu7t5v0__dlyb_1)
                                                         net28 (net)
                      1.784482    0.009974    4.726662 ^ _550_/A1 (gf180mcu_fd_sc_mcu7t5v0__nand2_1)
     5    0.057389    0.990959    0.591654    5.318316 v _550_/ZN (gf180mcu_fd_sc_mcu7t5v0__nand2_1)
                                                         _248_ (net)
                      0.990960    0.001867    5.320183 v load_slew118/I (gf180mcu_fd_sc_mcu7t5v0__buf_4)
     8    0.099498    0.199750    0.445144    5.765326 v load_slew118/Z (gf180mcu_fd_sc_mcu7t5v0__buf_4)
                                                         net118 (net)
                      0.200092    0.004671    5.769998 v _559_/S (gf180mcu_fd_sc_mcu7t5v0__mux2_2)
     1    0.004638    0.069005    0.267579    6.037576 ^ _559_/Z (gf180mcu_fd_sc_mcu7t5v0__mux2_2)
                                                         _011_ (net)
                      0.069005    0.000093    6.037669 ^ _834_/D (gf180mcu_fd_sc_mcu7t5v0__dffrnq_1)
                                              6.037669   data arrival time

                                 16.000000   16.000000   clock clk (rise edge)
                                  0.000000   16.000000   clock source latency
     2    0.092910    0.000000    0.000000   16.000000 ^ clk (in)
                                                         clk (net)
                      0.025556    0.010454   16.010454 ^ clkbuf_0_clk/I (gf180mcu_fd_sc_mcu7t5v0__clkbuf_16)
     8    0.205666    0.162120    0.208070   16.218523 ^ clkbuf_0_clk/Z (gf180mcu_fd_sc_mcu7t5v0__clkbuf_16)
                                                         clknet_0_clk (net)
                      0.163435    0.009745   16.228270 ^ clkbuf_3_7_0_clk/I (gf180mcu_fd_sc_mcu7t5v0__clkbuf_8)
    13    0.109998    0.171668    0.238259   16.466528 ^ clkbuf_3_7_0_clk/Z (gf180mcu_fd_sc_mcu7t5v0__clkbuf_8)
                                                         clknet_3_7_0_clk (net)
                      0.172449    0.008328   16.474855 ^ _834_/CLK (gf180mcu_fd_sc_mcu7t5v0__dffrnq_1)
                                 -0.250000   16.224857   clock uncertainty
                                  0.000000   16.224857   clock reconvergence pessimism
                                 -0.163624   16.061234   library setup time
                                             16.061234   data required time
---------------------------------------------------------------------------------------------
                                             16.061234   data required time
                                             -6.037669   data arrival time
---------------------------------------------------------------------------------------------
                                             10.023563   slack (MET)


Startpoint: debug_rvalid_i (input port clocked by clk)
Endpoint: _831_ (rising edge-triggered flip-flop clocked by clk)
Path Group: clk
Path Type: max

Fanout         Cap        Slew       Delay        Time   Description
---------------------------------------------------------------------------------------------
                                  0.000000    0.000000   clock clk (rise edge)
                                  0.000000    0.000000   clock network delay (propagated)
                                  3.200000    3.200000 ^ input external delay
     2    0.012112    0.054965    0.021084    3.221084 ^ debug_rvalid_i (in)
                                                         debug_rvalid_i (net)
                      0.054965    0.000000    3.221084 ^ input28/I (gf180mcu_fd_sc_mcu7t5v0__dlyb_1)
     2    0.165817    1.784316    1.495604    4.716688 ^ input28/Z (gf180mcu_fd_sc_mcu7t5v0__dlyb_1)
                                                         net28 (net)
                      1.784482    0.009974    4.726662 ^ _550_/A1 (gf180mcu_fd_sc_mcu7t5v0__nand2_1)
     5    0.057389    0.990959    0.591654    5.318316 v _550_/ZN (gf180mcu_fd_sc_mcu7t5v0__nand2_1)
                                                         _248_ (net)
                      0.990960    0.001867    5.320183 v load_slew118/I (gf180mcu_fd_sc_mcu7t5v0__buf_4)
     8    0.099498    0.199750    0.445144    5.765326 v load_slew118/Z (gf180mcu_fd_sc_mcu7t5v0__buf_4)
                                                         net118 (net)
                      0.199835    0.001839    5.767166 v _556_/S (gf180mcu_fd_sc_mcu7t5v0__mux2_2)
     1    0.004819    0.069825    0.268108    6.035274 ^ _556_/Z (gf180mcu_fd_sc_mcu7t5v0__mux2_2)
                                                         _008_ (net)
                      0.069825    0.000099    6.035373 ^ _831_/D (gf180mcu_fd_sc_mcu7t5v0__dffrnq_1)
                                              6.035373   data arrival time

                                 16.000000   16.000000   clock clk (rise edge)
                                  0.000000   16.000000   clock source latency
     2    0.092910    0.000000    0.000000   16.000000 ^ clk (in)
                                                         clk (net)
                      0.025556    0.010454   16.010454 ^ clkbuf_0_clk/I (gf180mcu_fd_sc_mcu7t5v0__clkbuf_16)
     8    0.205666    0.162120    0.208070   16.218523 ^ clkbuf_0_clk/Z (gf180mcu_fd_sc_mcu7t5v0__clkbuf_16)
                                                         clknet_0_clk (net)
                      0.163435    0.009745   16.228270 ^ clkbuf_3_7_0_clk/I (gf180mcu_fd_sc_mcu7t5v0__clkbuf_8)
    13    0.109998    0.171668    0.238259   16.466528 ^ clkbuf_3_7_0_clk/Z (gf180mcu_fd_sc_mcu7t5v0__clkbuf_8)
                                                         clknet_3_7_0_clk (net)
                      0.172377    0.007939   16.474466 ^ _831_/CLK (gf180mcu_fd_sc_mcu7t5v0__dffrnq_1)
                                 -0.250000   16.224468   clock uncertainty
                                  0.000000   16.224468   clock reconvergence pessimism
                                 -0.163727   16.060741   library setup time
                                             16.060741   data required time
---------------------------------------------------------------------------------------------
                                             16.060741   data required time
                                             -6.035373   data arrival time
---------------------------------------------------------------------------------------------
                                             10.025368   slack (MET)


Startpoint: debug_rvalid_i (input port clocked by clk)
Endpoint: _825_ (rising edge-triggered flip-flop clocked by clk)
Path Group: clk
Path Type: max

Fanout         Cap        Slew       Delay        Time   Description
---------------------------------------------------------------------------------------------
                                  0.000000    0.000000   clock clk (rise edge)
                                  0.000000    0.000000   clock network delay (propagated)
                                  3.200000    3.200000 ^ input external delay
     2    0.012112    0.054965    0.021084    3.221084 ^ debug_rvalid_i (in)
                                                         debug_rvalid_i (net)
                      0.054965    0.000000    3.221084 ^ input28/I (gf180mcu_fd_sc_mcu7t5v0__dlyb_1)
     2    0.165817    1.784316    1.495604    4.716688 ^ input28/Z (gf180mcu_fd_sc_mcu7t5v0__dlyb_1)
                                                         net28 (net)
                      1.784482    0.009974    4.726662 ^ _550_/A1 (gf180mcu_fd_sc_mcu7t5v0__nand2_1)
     5    0.057389    0.990959    0.591654    5.318316 v _550_/ZN (gf180mcu_fd_sc_mcu7t5v0__nand2_1)
                                                         _248_ (net)
                      0.990960    0.001867    5.320183 v load_slew118/I (gf180mcu_fd_sc_mcu7t5v0__buf_4)
     8    0.099498    0.199750    0.445144    5.765326 v load_slew118/Z (gf180mcu_fd_sc_mcu7t5v0__buf_4)
                                                         net118 (net)
                      0.199982    0.003594    5.768920 v _766_/S (gf180mcu_fd_sc_mcu7t5v0__mux2_2)
     1    0.004367    0.067760    0.266633    6.035553 ^ _766_/Z (gf180mcu_fd_sc_mcu7t5v0__mux2_2)
                                                         _094_ (net)
                      0.067760    0.000089    6.035642 ^ _825_/D (gf180mcu_fd_sc_mcu7t5v0__dffrnq_1)
                                              6.035642   data arrival time

                                 16.000000   16.000000   clock clk (rise edge)
                                  0.000000   16.000000   clock source latency
     2    0.092910    0.000000    0.000000   16.000000 ^ clk (in)
                                                         clk (net)
                      0.025556    0.010454   16.010454 ^ clkbuf_0_clk/I (gf180mcu_fd_sc_mcu7t5v0__clkbuf_16)
     8    0.205666    0.162120    0.208070   16.218523 ^ clkbuf_0_clk/Z (gf180mcu_fd_sc_mcu7t5v0__clkbuf_16)
                                                         clknet_0_clk (net)
                      0.163435    0.009745   16.228270 ^ clkbuf_3_7_0_clk/I (gf180mcu_fd_sc_mcu7t5v0__clkbuf_8)
    13    0.109998    0.171668    0.238259   16.466528 ^ clkbuf_3_7_0_clk/Z (gf180mcu_fd_sc_mcu7t5v0__clkbuf_8)
                                                         clknet_3_7_0_clk (net)
                      0.172461    0.008393   16.474922 ^ _825_/CLK (gf180mcu_fd_sc_mcu7t5v0__dffrnq_1)
                                 -0.250000   16.224922   clock uncertainty
                                  0.000000   16.224922   clock reconvergence pessimism
                                 -0.163487   16.061436   library setup time
                                             16.061436   data required time
---------------------------------------------------------------------------------------------
                                             16.061436   data required time
                                             -6.035642   data arrival time
---------------------------------------------------------------------------------------------
                                             10.025794   slack (MET)


Startpoint: core_din_ready_i (input port clocked by clk)
Endpoint: _782_ (rising edge-triggered flip-flop clocked by clk)
Path Group: clk
Path Type: max

Fanout         Cap        Slew       Delay        Time   Description
---------------------------------------------------------------------------------------------
                                  0.000000    0.000000   clock clk (rise edge)
                                  0.000000    0.000000   clock network delay (propagated)
                                  3.200000    3.200000 v input external delay
     2    0.005392    0.018393    0.004703    3.204703 v core_din_ready_i (in)
                                                         core_din_ready_i (net)
                      0.018393    0.000000    3.204703 v input1/I (gf180mcu_fd_sc_mcu7t5v0__dlyb_1)
     1    0.094091    0.646477    0.965558    4.170261 v input1/Z (gf180mcu_fd_sc_mcu7t5v0__dlyb_1)
                                                         net1 (net)
                      0.648024    0.017943    4.188204 v _448_/A1 (gf180mcu_fd_sc_mcu7t5v0__nand2_1)
     2    0.010100    0.261928    0.259756    4.447960 ^ _448_/ZN (gf180mcu_fd_sc_mcu7t5v0__nand2_1)
                                                         _165_ (net)
                      0.261928    0.000087    4.448048 ^ _449_/I (gf180mcu_fd_sc_mcu7t5v0__clkinv_1)
     1    0.005178    0.118442    0.097507    4.545555 v _449_/ZN (gf180mcu_fd_sc_mcu7t5v0__clkinv_1)
                                                         _166_ (net)
                      0.118442    0.000097    4.545652 v _451_/A2 (gf180mcu_fd_sc_mcu7t5v0__oai21_1)
     5    0.051442    1.013460    0.628884    5.174537 ^ _451_/ZN (gf180mcu_fd_sc_mcu7t5v0__oai21_1)
                                                         _167_ (net)
                      1.013460    0.000324    5.174860 ^ _624_/A3 (gf180mcu_fd_sc_mcu7t5v0__or3_1)
     4    0.064698    0.721963    0.550714    5.725575 ^ _624_/Z (gf180mcu_fd_sc_mcu7t5v0__or3_1)
                                                         _280_ (net)
                      0.722020    0.003609    5.729184 ^ _634_/A2 (gf180mcu_fd_sc_mcu7t5v0__nand2_1)
     1    0.005527    0.205051    0.075158    5.804341 v _634_/ZN (gf180mcu_fd_sc_mcu7t5v0__nand2_1)
                                                         _284_ (net)
                      0.205051    0.000059    5.804400 v _635_/B (gf180mcu_fd_sc_mcu7t5v0__oai21_1)
     1    0.004060    0.289819    0.160366    5.964766 ^ _635_/ZN (gf180mcu_fd_sc_mcu7t5v0__oai21_1)
                                                         _051_ (net)
                      0.289819    0.000079    5.964845 ^ _782_/D (gf180mcu_fd_sc_mcu7t5v0__dffrnq_1)
                                              5.964845   data arrival time

                                 16.000000   16.000000   clock clk (rise edge)
                                  0.000000   16.000000   clock source latency
     2    0.092910    0.000000    0.000000   16.000000 ^ clk (in)
                                                         clk (net)
                      0.025556    0.010454   16.010454 ^ clkbuf_0_clk/I (gf180mcu_fd_sc_mcu7t5v0__clkbuf_16)
     8    0.205666    0.162120    0.208070   16.218523 ^ clkbuf_0_clk/Z (gf180mcu_fd_sc_mcu7t5v0__clkbuf_16)
                                                         clknet_0_clk (net)
                      0.163506    0.010019   16.228542 ^ clkbuf_3_1_0_clk/I (gf180mcu_fd_sc_mcu7t5v0__clkbuf_8)
    16    0.119720    0.182888    0.245032   16.473576 ^ clkbuf_3_1_0_clk/Z (gf180mcu_fd_sc_mcu7t5v0__clkbuf_8)
                                                         clknet_3_1_0_clk (net)
                      0.184178    0.009114   16.482689 ^ _782_/CLK (gf180mcu_fd_sc_mcu7t5v0__dffrnq_1)
                                 -0.250000   16.232691   clock uncertainty
                                  0.000000   16.232691   clock reconvergence pessimism
                                 -0.201662   16.031027   library setup time
                                             16.031027   data required time
---------------------------------------------------------------------------------------------
                                             16.031027   data required time
                                             -5.964845   data arrival time
---------------------------------------------------------------------------------------------
                                             10.066183   slack (MET)


Startpoint: core_dout_valid_i (input port clocked by clk)
Endpoint: _860_ (rising edge-triggered flip-flop clocked by clk)
Path Group: clk
Path Type: max

Fanout         Cap        Slew       Delay        Time   Description
---------------------------------------------------------------------------------------------
                                  0.000000    0.000000   clock clk (rise edge)
                                  0.000000    0.000000   clock network delay (propagated)
                                  3.200000    3.200000 ^ input external delay
     2    0.012684    0.056461    0.022020    3.222020 ^ core_dout_valid_i (in)
                                                         core_dout_valid_i (net)
                      0.056461    0.000000    3.222020 ^ input10/I (gf180mcu_fd_sc_mcu7t5v0__dlya_1)
    14    0.234440    2.511098    1.691761    4.913781 ^ input10/Z (gf180mcu_fd_sc_mcu7t5v0__dlya_1)
                                                         net10 (net)
                      2.513748    0.046564    4.960344 ^ _408_/A2 (gf180mcu_fd_sc_mcu7t5v0__nand2_1)
     2    0.011433    0.533868    0.045763    5.006107 v _408_/ZN (gf180mcu_fd_sc_mcu7t5v0__nand2_1)
                                                         _129_ (net)
                      0.533868    0.000097    5.006204 v _409_/A3 (gf180mcu_fd_sc_mcu7t5v0__nor3_1)
     1    0.004322    0.302816    0.247293    5.253497 ^ _409_/ZN (gf180mcu_fd_sc_mcu7t5v0__nor3_1)
                                                         _130_ (net)
                      0.302816    0.000086    5.253583 ^ _410_/A3 (gf180mcu_fd_sc_mcu7t5v0__and3_1)
     3    0.033935    0.403645    0.432894    5.686478 ^ _410_/Z (gf180mcu_fd_sc_mcu7t5v0__and3_1)
                                                         _131_ (net)
                      0.403658    0.001296    5.687774 ^ _421_/A2 (gf180mcu_fd_sc_mcu7t5v0__and3_1)
     1    0.006661    0.169629    0.278396    5.966169 ^ _421_/Z (gf180mcu_fd_sc_mcu7t5v0__and3_1)
                                                         _000_ (net)
                      0.169629    0.000151    5.966320 ^ _860_/D (gf180mcu_fd_sc_mcu7t5v0__dffrnq_1)
                                              5.966320   data arrival time

                                 16.000000   16.000000   clock clk (rise edge)
                                  0.000000   16.000000   clock source latency
     2    0.092910    0.000000    0.000000   16.000000 ^ clk (in)
                                                         clk (net)
                      0.025556    0.010454   16.010454 ^ clkbuf_0_clk/I (gf180mcu_fd_sc_mcu7t5v0__clkbuf_16)
     8    0.205666    0.162120    0.208070   16.218523 ^ clkbuf_0_clk/Z (gf180mcu_fd_sc_mcu7t5v0__clkbuf_16)
                                                         clknet_0_clk (net)
                      0.163389    0.009562   16.228086 ^ clkbuf_3_2_0_clk/I (gf180mcu_fd_sc_mcu7t5v0__clkbuf_8)
    12    0.104111    0.165820    0.235270   16.463356 ^ clkbuf_3_2_0_clk/Z (gf180mcu_fd_sc_mcu7t5v0__clkbuf_8)
                                                         clknet_3_2_0_clk (net)
                      0.166041    0.006052   16.469408 ^ _860_/CLK (gf180mcu_fd_sc_mcu7t5v0__dffrnq_1)
                                 -0.250000   16.219408   clock uncertainty
                                  0.000000   16.219408   clock reconvergence pessimism
                                 -0.183547   16.035862   library setup time
                                             16.035862   data required time
---------------------------------------------------------------------------------------------
                                             16.035862   data required time
                                             -5.966320   data arrival time
---------------------------------------------------------------------------------------------
                                             10.069542   slack (MET)


Startpoint: debug_rvalid_i (input port clocked by clk)
Endpoint: _837_ (rising edge-triggered flip-flop clocked by clk)
Path Group: clk
Path Type: max

Fanout         Cap        Slew       Delay        Time   Description
---------------------------------------------------------------------------------------------
                                  0.000000    0.000000   clock clk (rise edge)
                                  0.000000    0.000000   clock network delay (propagated)
                                  3.200000    3.200000 ^ input external delay
     2    0.012112    0.054965    0.021084    3.221084 ^ debug_rvalid_i (in)
                                                         debug_rvalid_i (net)
                      0.054965    0.000000    3.221084 ^ input28/I (gf180mcu_fd_sc_mcu7t5v0__dlyb_1)
     2    0.165817    1.784316    1.495604    4.716688 ^ input28/Z (gf180mcu_fd_sc_mcu7t5v0__dlyb_1)
                                                         net28 (net)
                      1.784482    0.009974    4.726662 ^ _550_/A1 (gf180mcu_fd_sc_mcu7t5v0__nand2_1)
     5    0.057389    0.990959    0.591654    5.318316 v _550_/ZN (gf180mcu_fd_sc_mcu7t5v0__nand2_1)
                                                         _248_ (net)
                      0.990959    0.000737    5.319053 v load_slew119/I (gf180mcu_fd_sc_mcu7t5v0__buf_4)
     5    0.060382    0.146864    0.404562    5.723615 v load_slew119/Z (gf180mcu_fd_sc_mcu7t5v0__buf_4)
                                                         net119 (net)
                      0.146868    0.001534    5.725149 v _562_/S (gf180mcu_fd_sc_mcu7t5v0__mux2_2)
     1    0.004559    0.066515    0.251584    5.976733 ^ _562_/Z (gf180mcu_fd_sc_mcu7t5v0__mux2_2)
                                                         _014_ (net)
                      0.066515    0.000091    5.976824 ^ _837_/D (gf180mcu_fd_sc_mcu7t5v0__dffrnq_1)
                                              5.976824   data arrival time

                                 16.000000   16.000000   clock clk (rise edge)
                                  0.000000   16.000000   clock source latency
     2    0.092910    0.000000    0.000000   16.000000 ^ clk (in)
                                                         clk (net)
                      0.025556    0.010454   16.010454 ^ clkbuf_0_clk/I (gf180mcu_fd_sc_mcu7t5v0__clkbuf_16)
     8    0.205666    0.162120    0.208070   16.218523 ^ clkbuf_0_clk/Z (gf180mcu_fd_sc_mcu7t5v0__clkbuf_16)
                                                         clknet_0_clk (net)
                      0.163509    0.010031   16.228556 ^ clkbuf_3_6_0_clk/I (gf180mcu_fd_sc_mcu7t5v0__clkbuf_8)
    12    0.102572    0.163725    0.233868   16.462423 ^ clkbuf_3_6_0_clk/Z (gf180mcu_fd_sc_mcu7t5v0__clkbuf_8)
                                                         clknet_3_6_0_clk (net)
                      0.164017    0.006702   16.469126 ^ _837_/CLK (gf180mcu_fd_sc_mcu7t5v0__dffrnq_1)
                                 -0.250000   16.219126   clock uncertainty
                                  0.000000   16.219126   clock reconvergence pessimism
                                 -0.165008   16.054119   library setup time
                                             16.054119   data required time
---------------------------------------------------------------------------------------------
                                             16.054119   data required time
                                             -5.976824   data arrival time
---------------------------------------------------------------------------------------------
                                             10.077295   slack (MET)


Startpoint: debug_rvalid_i (input port clocked by clk)
Endpoint: _835_ (rising edge-triggered flip-flop clocked by clk)
Path Group: clk
Path Type: max

Fanout         Cap        Slew       Delay        Time   Description
---------------------------------------------------------------------------------------------
                                  0.000000    0.000000   clock clk (rise edge)
                                  0.000000    0.000000   clock network delay (propagated)
                                  3.200000    3.200000 ^ input external delay
     2    0.012112    0.054965    0.021084    3.221084 ^ debug_rvalid_i (in)
                                                         debug_rvalid_i (net)
                      0.054965    0.000000    3.221084 ^ input28/I (gf180mcu_fd_sc_mcu7t5v0__dlyb_1)
     2    0.165817    1.784316    1.495604    4.716688 ^ input28/Z (gf180mcu_fd_sc_mcu7t5v0__dlyb_1)
                                                         net28 (net)
                      1.784482    0.009974    4.726662 ^ _550_/A1 (gf180mcu_fd_sc_mcu7t5v0__nand2_1)
     5    0.057389    0.990959    0.591654    5.318316 v _550_/ZN (gf180mcu_fd_sc_mcu7t5v0__nand2_1)
                                                         _248_ (net)
                      0.990959    0.000737    5.319053 v load_slew119/I (gf180mcu_fd_sc_mcu7t5v0__buf_4)
     5    0.060382    0.146864    0.404562    5.723615 v load_slew119/Z (gf180mcu_fd_sc_mcu7t5v0__buf_4)
                                                         net119 (net)
                      0.146868    0.001474    5.725089 v _560_/S (gf180mcu_fd_sc_mcu7t5v0__mux2_2)
     1    0.004387    0.065714    0.251001    5.976089 ^ _560_/Z (gf180mcu_fd_sc_mcu7t5v0__mux2_2)
                                                         _012_ (net)
                      0.065714    0.000087    5.976176 ^ _835_/D (gf180mcu_fd_sc_mcu7t5v0__dffrnq_1)
                                              5.976176   data arrival time

                                 16.000000   16.000000   clock clk (rise edge)
                                  0.000000   16.000000   clock source latency
     2    0.092910    0.000000    0.000000   16.000000 ^ clk (in)
                                                         clk (net)
                      0.025556    0.010454   16.010454 ^ clkbuf_0_clk/I (gf180mcu_fd_sc_mcu7t5v0__clkbuf_16)
     8    0.205666    0.162120    0.208070   16.218523 ^ clkbuf_0_clk/Z (gf180mcu_fd_sc_mcu7t5v0__clkbuf_16)
                                                         clknet_0_clk (net)
                      0.163509    0.010031   16.228556 ^ clkbuf_3_6_0_clk/I (gf180mcu_fd_sc_mcu7t5v0__clkbuf_8)
    12    0.102572    0.163725    0.233868   16.462423 ^ clkbuf_3_6_0_clk/Z (gf180mcu_fd_sc_mcu7t5v0__clkbuf_8)
                                                         clknet_3_6_0_clk (net)
                      0.164007    0.006615   16.469038 ^ _835_/CLK (gf180mcu_fd_sc_mcu7t5v0__dffrnq_1)
                                 -0.250000   16.219040   clock uncertainty
                                  0.000000   16.219040   clock reconvergence pessimism
                                 -0.164917   16.054123   library setup time
                                             16.054123   data required time
---------------------------------------------------------------------------------------------
                                             16.054123   data required time
                                             -5.976176   data arrival time
---------------------------------------------------------------------------------------------
                                             10.077946   slack (MET)


Startpoint: debug_rvalid_i (input port clocked by clk)
Endpoint: _836_ (rising edge-triggered flip-flop clocked by clk)
Path Group: clk
Path Type: max

Fanout         Cap        Slew       Delay        Time   Description
---------------------------------------------------------------------------------------------
                                  0.000000    0.000000   clock clk (rise edge)
                                  0.000000    0.000000   clock network delay (propagated)
                                  3.200000    3.200000 ^ input external delay
     2    0.012112    0.054965    0.021084    3.221084 ^ debug_rvalid_i (in)
                                                         debug_rvalid_i (net)
                      0.054965    0.000000    3.221084 ^ input28/I (gf180mcu_fd_sc_mcu7t5v0__dlyb_1)
     2    0.165817    1.784316    1.495604    4.716688 ^ input28/Z (gf180mcu_fd_sc_mcu7t5v0__dlyb_1)
                                                         net28 (net)
                      1.784482    0.009974    4.726662 ^ _550_/A1 (gf180mcu_fd_sc_mcu7t5v0__nand2_1)
     5    0.057389    0.990959    0.591654    5.318316 v _550_/ZN (gf180mcu_fd_sc_mcu7t5v0__nand2_1)
                                                         _248_ (net)
                      0.990959    0.000737    5.319053 v load_slew119/I (gf180mcu_fd_sc_mcu7t5v0__buf_4)
     5    0.060382    0.146864    0.404562    5.723615 v load_slew119/Z (gf180mcu_fd_sc_mcu7t5v0__buf_4)
                                                         net119 (net)
                      0.146868    0.001569    5.725183 v _561_/S (gf180mcu_fd_sc_mcu7t5v0__mux2_2)
     1    0.004149    0.064574    0.250142    5.975326 ^ _561_/Z (gf180mcu_fd_sc_mcu7t5v0__mux2_2)
                                                         _013_ (net)
                      0.064574    0.000080    5.975406 ^ _836_/D (gf180mcu_fd_sc_mcu7t5v0__dffrnq_1)
                                              5.975406   data arrival time

                                 16.000000   16.000000   clock clk (rise edge)
                                  0.000000   16.000000   clock source latency
     2    0.092910    0.000000    0.000000   16.000000 ^ clk (in)
                                                         clk (net)
                      0.025556    0.010454   16.010454 ^ clkbuf_0_clk/I (gf180mcu_fd_sc_mcu7t5v0__clkbuf_16)
     8    0.205666    0.162120    0.208070   16.218523 ^ clkbuf_0_clk/Z (gf180mcu_fd_sc_mcu7t5v0__clkbuf_16)
                                                         clknet_0_clk (net)
                      0.163509    0.010031   16.228556 ^ clkbuf_3_6_0_clk/I (gf180mcu_fd_sc_mcu7t5v0__clkbuf_8)
    12    0.102572    0.163725    0.233868   16.462423 ^ clkbuf_3_6_0_clk/Z (gf180mcu_fd_sc_mcu7t5v0__clkbuf_8)
                                                         clknet_3_6_0_clk (net)
                      0.164014    0.006676   16.469099 ^ _836_/CLK (gf180mcu_fd_sc_mcu7t5v0__dffrnq_1)
                                 -0.250000   16.219099   clock uncertainty
                                  0.000000   16.219099   clock reconvergence pessimism
                                 -0.164783   16.054317   library setup time
                                             16.054317   data required time
---------------------------------------------------------------------------------------------
                                             16.054317   data required time
                                             -5.975406   data arrival time
---------------------------------------------------------------------------------------------
                                             10.078912   slack (MET)


Startpoint: debug_rvalid_i (input port clocked by clk)
Endpoint: _828_ (rising edge-triggered flip-flop clocked by clk)
Path Group: clk
Path Type: max

Fanout         Cap        Slew       Delay        Time   Description
---------------------------------------------------------------------------------------------
                                  0.000000    0.000000   clock clk (rise edge)
                                  0.000000    0.000000   clock network delay (propagated)
                                  3.200000    3.200000 ^ input external delay
     2    0.012112    0.054965    0.021084    3.221084 ^ debug_rvalid_i (in)
                                                         debug_rvalid_i (net)
                      0.054965    0.000000    3.221084 ^ input28/I (gf180mcu_fd_sc_mcu7t5v0__dlyb_1)
     2    0.165817    1.784316    1.495604    4.716688 ^ input28/Z (gf180mcu_fd_sc_mcu7t5v0__dlyb_1)
                                                         net28 (net)
                      1.784482    0.009974    4.726662 ^ _550_/A1 (gf180mcu_fd_sc_mcu7t5v0__nand2_1)
     5    0.057389    0.990959    0.591654    5.318316 v _550_/ZN (gf180mcu_fd_sc_mcu7t5v0__nand2_1)
                                                         _248_ (net)
                      0.990959    0.000737    5.319053 v load_slew119/I (gf180mcu_fd_sc_mcu7t5v0__buf_4)
     5    0.060382    0.146864    0.404562    5.723615 v load_slew119/Z (gf180mcu_fd_sc_mcu7t5v0__buf_4)
                                                         net119 (net)
                      0.146866    0.001168    5.724782 v _553_/S (gf180mcu_fd_sc_mcu7t5v0__mux2_2)
     1    0.005612    0.071395    0.255137    5.979920 ^ _553_/Z (gf180mcu_fd_sc_mcu7t5v0__mux2_2)
                                                         _005_ (net)
                      0.071395    0.000117    5.980037 ^ _828_/D (gf180mcu_fd_sc_mcu7t5v0__dffrnq_1)
                                              5.980037   data arrival time

                                 16.000000   16.000000   clock clk (rise edge)
                                  0.000000   16.000000   clock source latency
     2    0.092910    0.000000    0.000000   16.000000 ^ clk (in)
                                                         clk (net)
                      0.025556    0.010454   16.010454 ^ clkbuf_0_clk/I (gf180mcu_fd_sc_mcu7t5v0__clkbuf_16)
     8    0.205666    0.162120    0.208070   16.218523 ^ clkbuf_0_clk/Z (gf180mcu_fd_sc_mcu7t5v0__clkbuf_16)
                                                         clknet_0_clk (net)
                      0.163435    0.009745   16.228270 ^ clkbuf_3_7_0_clk/I (gf180mcu_fd_sc_mcu7t5v0__clkbuf_8)
    13    0.109998    0.171668    0.238259   16.466528 ^ clkbuf_3_7_0_clk/Z (gf180mcu_fd_sc_mcu7t5v0__clkbuf_8)
                                                         clknet_3_7_0_clk (net)
                      0.172310    0.007560   16.474089 ^ _828_/CLK (gf180mcu_fd_sc_mcu7t5v0__dffrnq_1)
                                 -0.250000   16.224089   clock uncertainty
                                  0.000000   16.224089   clock reconvergence pessimism
                                 -0.163910   16.060179   library setup time
                                             16.060179   data required time
---------------------------------------------------------------------------------------------
                                             16.060179   data required time
                                             -5.980037   data arrival time
---------------------------------------------------------------------------------------------
                                             10.080143   slack (MET)


Startpoint: debug_rvalid_i (input port clocked by clk)
Endpoint: _827_ (rising edge-triggered flip-flop clocked by clk)
Path Group: clk
Path Type: max

Fanout         Cap        Slew       Delay        Time   Description
---------------------------------------------------------------------------------------------
                                  0.000000    0.000000   clock clk (rise edge)
                                  0.000000    0.000000   clock network delay (propagated)
                                  3.200000    3.200000 ^ input external delay
     2    0.012112    0.054965    0.021084    3.221084 ^ debug_rvalid_i (in)
                                                         debug_rvalid_i (net)
                      0.054965    0.000000    3.221084 ^ input28/I (gf180mcu_fd_sc_mcu7t5v0__dlyb_1)
     2    0.165817    1.784316    1.495604    4.716688 ^ input28/Z (gf180mcu_fd_sc_mcu7t5v0__dlyb_1)
                                                         net28 (net)
                      1.784482    0.009974    4.726662 ^ _550_/A1 (gf180mcu_fd_sc_mcu7t5v0__nand2_1)
     5    0.057389    0.990959    0.591654    5.318316 v _550_/ZN (gf180mcu_fd_sc_mcu7t5v0__nand2_1)
                                                         _248_ (net)
                      0.990959    0.000737    5.319053 v load_slew119/I (gf180mcu_fd_sc_mcu7t5v0__buf_4)
     5    0.060382    0.146864    0.404562    5.723615 v load_slew119/Z (gf180mcu_fd_sc_mcu7t5v0__buf_4)
                                                         net119 (net)
                      0.146866    0.001238    5.724852 v _552_/S (gf180mcu_fd_sc_mcu7t5v0__mux2_2)
     1    0.003704    0.062340    0.248340    5.973193 ^ _552_/Z (gf180mcu_fd_sc_mcu7t5v0__mux2_2)
                                                         _004_ (net)
                      0.062340    0.000037    5.973230 ^ _827_/D (gf180mcu_fd_sc_mcu7t5v0__dffrnq_1)
                                              5.973230   data arrival time

                                 16.000000   16.000000   clock clk (rise edge)
                                  0.000000   16.000000   clock source latency
     2    0.092910    0.000000    0.000000   16.000000 ^ clk (in)
                                                         clk (net)
                      0.025556    0.010454   16.010454 ^ clkbuf_0_clk/I (gf180mcu_fd_sc_mcu7t5v0__clkbuf_16)
     8    0.205666    0.162120    0.208070   16.218523 ^ clkbuf_0_clk/Z (gf180mcu_fd_sc_mcu7t5v0__clkbuf_16)
                                                         clknet_0_clk (net)
                      0.163509    0.010031   16.228556 ^ clkbuf_3_6_0_clk/I (gf180mcu_fd_sc_mcu7t5v0__clkbuf_8)
    12    0.102572    0.163725    0.233868   16.462423 ^ clkbuf_3_6_0_clk/Z (gf180mcu_fd_sc_mcu7t5v0__clkbuf_8)
                                                         clknet_3_6_0_clk (net)
                      0.163957    0.006168   16.468590 ^ _827_/CLK (gf180mcu_fd_sc_mcu7t5v0__dffrnq_1)
                                 -0.250000   16.218592   clock uncertainty
                                  0.000000   16.218592   clock reconvergence pessimism
                                 -0.164534   16.054056   library setup time
                                             16.054056   data required time
---------------------------------------------------------------------------------------------
                                             16.054056   data required time
                                             -5.973230   data arrival time
---------------------------------------------------------------------------------------------
                                             10.080826   slack (MET)


Startpoint: rst_n (input port clocked by clk)
Endpoint: _850_ (recovery check against rising-edge clock clk)
Path Group: asynchronous
Path Type: max

Fanout         Cap        Slew       Delay        Time   Description
---------------------------------------------------------------------------------------------
                                  0.000000    0.000000   clock clk (rise edge)
                                  0.000000    0.000000   clock network delay (propagated)
                                  3.200000    3.200000 ^ input external delay
     2    0.010205    0.049982    0.017902    3.217902 ^ rst_n (in)
                                                         rst_n (net)
                      0.049982    0.000000    3.217902 ^ input38/I (gf180mcu_fd_sc_mcu7t5v0__dlyb_1)
     1    0.008384    0.136510    0.542173    3.760076 ^ input38/Z (gf180mcu_fd_sc_mcu7t5v0__dlyb_1)
                                                         net38 (net)
                      0.136510    0.000211    3.760287 ^ fanout134/I (gf180mcu_fd_sc_mcu7t5v0__dlyb_1)
     5    0.097080    1.064006    1.100393    4.860680 ^ fanout134/Z (gf180mcu_fd_sc_mcu7t5v0__dlyb_1)
                                                         net134 (net)
                      1.064343    0.010738    4.871418 ^ wire135/I (gf180mcu_fd_sc_mcu7t5v0__buf_4)
     7    0.132346    0.373745    0.319424    5.190842 ^ wire135/Z (gf180mcu_fd_sc_mcu7t5v0__buf_4)
                                                         net135 (net)
                      0.377342    0.020401    5.211243 ^ fanout130/I (gf180mcu_fd_sc_mcu7t5v0__dlyb_1)
     2    0.017189    0.223466    0.617839    5.829082 ^ fanout130/Z (gf180mcu_fd_sc_mcu7t5v0__dlyb_1)
                                                         net130 (net)
                      0.223466    0.000389    5.829471 ^ wire131/I (gf180mcu_fd_sc_mcu7t5v0__buf_4)
    12    0.121214    0.342633    0.295948    6.125419 ^ wire131/Z (gf180mcu_fd_sc_mcu7t5v0__buf_4)
                                                         net131 (net)
                      0.342987    0.006200    6.131619 ^ _850_/RN (gf180mcu_fd_sc_mcu7t5v0__dffrnq_1)
                                              6.131619   data arrival time

                                 16.000000   16.000000   clock clk (rise edge)
                                  0.000000   16.000000   clock source latency
     2    0.092910    0.000000    0.000000   16.000000 ^ clk (in)
                                                         clk (net)
                      0.025556    0.010454   16.010454 ^ clkbuf_0_clk/I (gf180mcu_fd_sc_mcu7t5v0__clkbuf_16)
     8    0.205666    0.162120    0.208070   16.218523 ^ clkbuf_0_clk/Z (gf180mcu_fd_sc_mcu7t5v0__clkbuf_16)
                                                         clknet_0_clk (net)
                      0.163657    0.010587   16.229111 ^ clkbuf_3_4_0_clk/I (gf180mcu_fd_sc_mcu7t5v0__clkbuf_8)
    14    0.100143    0.160217    0.231429   16.460541 ^ clkbuf_3_4_0_clk/Z (gf180mcu_fd_sc_mcu7t5v0__clkbuf_8)
                                                         clknet_3_4_0_clk (net)
                      0.160400    0.005526   16.466066 ^ _850_/CLK (gf180mcu_fd_sc_mcu7t5v0__dffrnq_1)
                                 -0.250000   16.216066   clock uncertainty
                                  0.000000   16.216066   clock reconvergence pessimism
                                  0.108397   16.324465   library recovery time
                                             16.324465   data required time
---------------------------------------------------------------------------------------------
                                             16.324465   data required time
                                             -6.131619   data arrival time
---------------------------------------------------------------------------------------------
                                             10.192844   slack (MET)


Startpoint: rst_n (input port clocked by clk)
Endpoint: _855_ (recovery check against rising-edge clock clk)
Path Group: asynchronous
Path Type: max

Fanout         Cap        Slew       Delay        Time   Description
---------------------------------------------------------------------------------------------
                                  0.000000    0.000000   clock clk (rise edge)
                                  0.000000    0.000000   clock network delay (propagated)
                                  3.200000    3.200000 ^ input external delay
     2    0.010205    0.049982    0.017902    3.217902 ^ rst_n (in)
                                                         rst_n (net)
                      0.049982    0.000000    3.217902 ^ input38/I (gf180mcu_fd_sc_mcu7t5v0__dlyb_1)
     1    0.008384    0.136510    0.542173    3.760076 ^ input38/Z (gf180mcu_fd_sc_mcu7t5v0__dlyb_1)
                                                         net38 (net)
                      0.136510    0.000211    3.760287 ^ fanout134/I (gf180mcu_fd_sc_mcu7t5v0__dlyb_1)
     5    0.097080    1.064006    1.100393    4.860680 ^ fanout134/Z (gf180mcu_fd_sc_mcu7t5v0__dlyb_1)
                                                         net134 (net)
                      1.064343    0.010738    4.871418 ^ wire135/I (gf180mcu_fd_sc_mcu7t5v0__buf_4)
     7    0.132346    0.373745    0.319424    5.190842 ^ wire135/Z (gf180mcu_fd_sc_mcu7t5v0__buf_4)
                                                         net135 (net)
                      0.377342    0.020401    5.211243 ^ fanout130/I (gf180mcu_fd_sc_mcu7t5v0__dlyb_1)
     2    0.017189    0.223466    0.617839    5.829082 ^ fanout130/Z (gf180mcu_fd_sc_mcu7t5v0__dlyb_1)
                                                         net130 (net)
                      0.223466    0.000389    5.829471 ^ wire131/I (gf180mcu_fd_sc_mcu7t5v0__buf_4)
    12    0.121214    0.342633    0.295948    6.125419 ^ wire131/Z (gf180mcu_fd_sc_mcu7t5v0__buf_4)
                                                         net131 (net)
                      0.342981    0.006140    6.131559 ^ _855_/RN (gf180mcu_fd_sc_mcu7t5v0__dffrnq_1)
                                              6.131559   data arrival time

                                 16.000000   16.000000   clock clk (rise edge)
                                  0.000000   16.000000   clock source latency
     2    0.092910    0.000000    0.000000   16.000000 ^ clk (in)
                                                         clk (net)
                      0.025556    0.010454   16.010454 ^ clkbuf_0_clk/I (gf180mcu_fd_sc_mcu7t5v0__clkbuf_16)
     8    0.205666    0.162120    0.208070   16.218523 ^ clkbuf_0_clk/Z (gf180mcu_fd_sc_mcu7t5v0__clkbuf_16)
                                                         clknet_0_clk (net)
                      0.163657    0.010587   16.229111 ^ clkbuf_3_4_0_clk/I (gf180mcu_fd_sc_mcu7t5v0__clkbuf_8)
    14    0.100143    0.160217    0.231429   16.460541 ^ clkbuf_3_4_0_clk/Z (gf180mcu_fd_sc_mcu7t5v0__clkbuf_8)
                                                         clknet_3_4_0_clk (net)
                      0.160445    0.005947   16.466488 ^ _855_/CLK (gf180mcu_fd_sc_mcu7t5v0__dffrnq_1)
                                 -0.250000   16.216488   clock uncertainty
                                  0.000000   16.216488   clock reconvergence pessimism
                                  0.108406   16.324894   library recovery time
                                             16.324894   data required time
---------------------------------------------------------------------------------------------
                                             16.324894   data required time
                                             -6.131559   data arrival time
---------------------------------------------------------------------------------------------
                                             10.193335   slack (MET)


Startpoint: rst_n (input port clocked by clk)
Endpoint: _852_ (recovery check against rising-edge clock clk)
Path Group: asynchronous
Path Type: max

Fanout         Cap        Slew       Delay        Time   Description
---------------------------------------------------------------------------------------------
                                  0.000000    0.000000   clock clk (rise edge)
                                  0.000000    0.000000   clock network delay (propagated)
                                  3.200000    3.200000 ^ input external delay
     2    0.010205    0.049982    0.017902    3.217902 ^ rst_n (in)
                                                         rst_n (net)
                      0.049982    0.000000    3.217902 ^ input38/I (gf180mcu_fd_sc_mcu7t5v0__dlyb_1)
     1    0.008384    0.136510    0.542173    3.760076 ^ input38/Z (gf180mcu_fd_sc_mcu7t5v0__dlyb_1)
                                                         net38 (net)
                      0.136510    0.000211    3.760287 ^ fanout134/I (gf180mcu_fd_sc_mcu7t5v0__dlyb_1)
     5    0.097080    1.064006    1.100393    4.860680 ^ fanout134/Z (gf180mcu_fd_sc_mcu7t5v0__dlyb_1)
                                                         net134 (net)
                      1.064343    0.010738    4.871418 ^ wire135/I (gf180mcu_fd_sc_mcu7t5v0__buf_4)
     7    0.132346    0.373745    0.319424    5.190842 ^ wire135/Z (gf180mcu_fd_sc_mcu7t5v0__buf_4)
                                                         net135 (net)
                      0.377342    0.020401    5.211243 ^ fanout130/I (gf180mcu_fd_sc_mcu7t5v0__dlyb_1)
     2    0.017189    0.223466    0.617839    5.829082 ^ fanout130/Z (gf180mcu_fd_sc_mcu7t5v0__dlyb_1)
                                                         net130 (net)
                      0.223466    0.000389    5.829471 ^ wire131/I (gf180mcu_fd_sc_mcu7t5v0__buf_4)
    12    0.121214    0.342633    0.295948    6.125419 ^ wire131/Z (gf180mcu_fd_sc_mcu7t5v0__buf_4)
                                                         net131 (net)
                      0.342981    0.006147    6.131566 ^ _852_/RN (gf180mcu_fd_sc_mcu7t5v0__dffrnq_1)
                                              6.131566   data arrival time

                                 16.000000   16.000000   clock clk (rise edge)
                                  0.000000   16.000000   clock source latency
     2    0.092910    0.000000    0.000000   16.000000 ^ clk (in)
                                                         clk (net)
                      0.025556    0.010454   16.010454 ^ clkbuf_0_clk/I (gf180mcu_fd_sc_mcu7t5v0__clkbuf_16)
     8    0.205666    0.162120    0.208070   16.218523 ^ clkbuf_0_clk/Z (gf180mcu_fd_sc_mcu7t5v0__clkbuf_16)
                                                         clknet_0_clk (net)
                      0.163657    0.010587   16.229111 ^ clkbuf_3_4_0_clk/I (gf180mcu_fd_sc_mcu7t5v0__clkbuf_8)
    14    0.100143    0.160217    0.231429   16.460541 ^ clkbuf_3_4_0_clk/Z (gf180mcu_fd_sc_mcu7t5v0__clkbuf_8)
                                                         clknet_3_4_0_clk (net)
                      0.160472    0.006176   16.466717 ^ _852_/CLK (gf180mcu_fd_sc_mcu7t5v0__dffrnq_1)
                                 -0.250000   16.216717   clock uncertainty
                                  0.000000   16.216717   clock reconvergence pessimism
                                  0.108410   16.325127   library recovery time
                                             16.325127   data required time
---------------------------------------------------------------------------------------------
                                             16.325127   data required time
                                             -6.131566   data arrival time
---------------------------------------------------------------------------------------------
                                             10.193560   slack (MET)


Startpoint: rst_n (input port clocked by clk)
Endpoint: _853_ (recovery check against rising-edge clock clk)
Path Group: asynchronous
Path Type: max

Fanout         Cap        Slew       Delay        Time   Description
---------------------------------------------------------------------------------------------
                                  0.000000    0.000000   clock clk (rise edge)
                                  0.000000    0.000000   clock network delay (propagated)
                                  3.200000    3.200000 ^ input external delay
     2    0.010205    0.049982    0.017902    3.217902 ^ rst_n (in)
                                                         rst_n (net)
                      0.049982    0.000000    3.217902 ^ input38/I (gf180mcu_fd_sc_mcu7t5v0__dlyb_1)
     1    0.008384    0.136510    0.542173    3.760076 ^ input38/Z (gf180mcu_fd_sc_mcu7t5v0__dlyb_1)
                                                         net38 (net)
                      0.136510    0.000211    3.760287 ^ fanout134/I (gf180mcu_fd_sc_mcu7t5v0__dlyb_1)
     5    0.097080    1.064006    1.100393    4.860680 ^ fanout134/Z (gf180mcu_fd_sc_mcu7t5v0__dlyb_1)
                                                         net134 (net)
                      1.064343    0.010738    4.871418 ^ wire135/I (gf180mcu_fd_sc_mcu7t5v0__buf_4)
     7    0.132346    0.373745    0.319424    5.190842 ^ wire135/Z (gf180mcu_fd_sc_mcu7t5v0__buf_4)
                                                         net135 (net)
                      0.377342    0.020401    5.211243 ^ fanout130/I (gf180mcu_fd_sc_mcu7t5v0__dlyb_1)
     2    0.017189    0.223466    0.617839    5.829082 ^ fanout130/Z (gf180mcu_fd_sc_mcu7t5v0__dlyb_1)
                                                         net130 (net)
                      0.223466    0.000389    5.829471 ^ wire131/I (gf180mcu_fd_sc_mcu7t5v0__buf_4)
    12    0.121214    0.342633    0.295948    6.125419 ^ wire131/Z (gf180mcu_fd_sc_mcu7t5v0__buf_4)
                                                         net131 (net)
                      0.342971    0.006053    6.131473 ^ _853_/RN (gf180mcu_fd_sc_mcu7t5v0__dffrnq_1)
                                              6.131473   data arrival time

                                 16.000000   16.000000   clock clk (rise edge)
                                  0.000000   16.000000   clock source latency
     2    0.092910    0.000000    0.000000   16.000000 ^ clk (in)
                                                         clk (net)
                      0.025556    0.010454   16.010454 ^ clkbuf_0_clk/I (gf180mcu_fd_sc_mcu7t5v0__clkbuf_16)
     8    0.205666    0.162120    0.208070   16.218523 ^ clkbuf_0_clk/Z (gf180mcu_fd_sc_mcu7t5v0__clkbuf_16)
                                                         clknet_0_clk (net)
                      0.163657    0.010587   16.229111 ^ clkbuf_3_4_0_clk/I (gf180mcu_fd_sc_mcu7t5v0__clkbuf_8)
    14    0.100143    0.160217    0.231429   16.460541 ^ clkbuf_3_4_0_clk/Z (gf180mcu_fd_sc_mcu7t5v0__clkbuf_8)
                                                         clknet_3_4_0_clk (net)
                      0.160503    0.006432   16.466972 ^ _853_/CLK (gf180mcu_fd_sc_mcu7t5v0__dffrnq_1)
                                 -0.250000   16.216972   clock uncertainty
                                  0.000000   16.216972   clock reconvergence pessimism
                                  0.108417   16.325390   library recovery time
                                             16.325390   data required time
---------------------------------------------------------------------------------------------
                                             16.325390   data required time
                                             -6.131473   data arrival time
---------------------------------------------------------------------------------------------
                                             10.193917   slack (MET)


Startpoint: rst_n (input port clocked by clk)
Endpoint: _777_ (recovery check against rising-edge clock clk)
Path Group: asynchronous
Path Type: max

Fanout         Cap        Slew       Delay        Time   Description
---------------------------------------------------------------------------------------------
                                  0.000000    0.000000   clock clk (rise edge)
                                  0.000000    0.000000   clock network delay (propagated)
                                  3.200000    3.200000 ^ input external delay
     2    0.010205    0.049982    0.017902    3.217902 ^ rst_n (in)
                                                         rst_n (net)
                      0.049982    0.000000    3.217902 ^ input38/I (gf180mcu_fd_sc_mcu7t5v0__dlyb_1)
     1    0.008384    0.136510    0.542173    3.760076 ^ input38/Z (gf180mcu_fd_sc_mcu7t5v0__dlyb_1)
                                                         net38 (net)
                      0.136510    0.000211    3.760287 ^ fanout134/I (gf180mcu_fd_sc_mcu7t5v0__dlyb_1)
     5    0.097080    1.064006    1.100393    4.860680 ^ fanout134/Z (gf180mcu_fd_sc_mcu7t5v0__dlyb_1)
                                                         net134 (net)
                      1.064343    0.010738    4.871418 ^ wire135/I (gf180mcu_fd_sc_mcu7t5v0__buf_4)
     7    0.132346    0.373745    0.319424    5.190842 ^ wire135/Z (gf180mcu_fd_sc_mcu7t5v0__buf_4)
                                                         net135 (net)
                      0.377342    0.020401    5.211243 ^ fanout130/I (gf180mcu_fd_sc_mcu7t5v0__dlyb_1)
     2    0.017189    0.223466    0.617839    5.829082 ^ fanout130/Z (gf180mcu_fd_sc_mcu7t5v0__dlyb_1)
                                                         net130 (net)
                      0.223466    0.000389    5.829471 ^ wire131/I (gf180mcu_fd_sc_mcu7t5v0__buf_4)
    12    0.121214    0.342633    0.295948    6.125419 ^ wire131/Z (gf180mcu_fd_sc_mcu7t5v0__buf_4)
                                                         net131 (net)
                      0.342981    0.006142    6.131561 ^ _777_/RN (gf180mcu_fd_sc_mcu7t5v0__dffrnq_1)
                                              6.131561   data arrival time

                                 16.000000   16.000000   clock clk (rise edge)
                                  0.000000   16.000000   clock source latency
     2    0.092910    0.000000    0.000000   16.000000 ^ clk (in)
                                                         clk (net)
                      0.025556    0.010454   16.010454 ^ clkbuf_0_clk/I (gf180mcu_fd_sc_mcu7t5v0__clkbuf_16)
     8    0.205666    0.162120    0.208070   16.218523 ^ clkbuf_0_clk/Z (gf180mcu_fd_sc_mcu7t5v0__clkbuf_16)
                                                         clknet_0_clk (net)
                      0.163657    0.010587   16.229111 ^ clkbuf_3_4_0_clk/I (gf180mcu_fd_sc_mcu7t5v0__clkbuf_8)
    14    0.100143    0.160217    0.231429   16.460541 ^ clkbuf_3_4_0_clk/Z (gf180mcu_fd_sc_mcu7t5v0__clkbuf_8)
                                                         clknet_3_4_0_clk (net)
                      0.160549    0.006787   16.467327 ^ _777_/CLK (gf180mcu_fd_sc_mcu7t5v0__dffrnq_1)
                                 -0.250000   16.217329   clock uncertainty
                                  0.000000   16.217329   clock reconvergence pessimism
                                  0.108422   16.325750   library recovery time
                                             16.325750   data required time
---------------------------------------------------------------------------------------------
                                             16.325750   data required time
                                             -6.131561   data arrival time
---------------------------------------------------------------------------------------------
                                             10.194189   slack (MET)


Startpoint: rst_n (input port clocked by clk)
Endpoint: _783_ (recovery check against rising-edge clock clk)
Path Group: asynchronous
Path Type: max

Fanout         Cap        Slew       Delay        Time   Description
---------------------------------------------------------------------------------------------
                                  0.000000    0.000000   clock clk (rise edge)
                                  0.000000    0.000000   clock network delay (propagated)
                                  3.200000    3.200000 ^ input external delay
     2    0.010205    0.049982    0.017902    3.217902 ^ rst_n (in)
                                                         rst_n (net)
                      0.049982    0.000000    3.217902 ^ input38/I (gf180mcu_fd_sc_mcu7t5v0__dlyb_1)
     1    0.008384    0.136510    0.542173    3.760076 ^ input38/Z (gf180mcu_fd_sc_mcu7t5v0__dlyb_1)
                                                         net38 (net)
                      0.136510    0.000211    3.760287 ^ fanout134/I (gf180mcu_fd_sc_mcu7t5v0__dlyb_1)
     5    0.097080    1.064006    1.100393    4.860680 ^ fanout134/Z (gf180mcu_fd_sc_mcu7t5v0__dlyb_1)
                                                         net134 (net)
                      1.064343    0.010738    4.871418 ^ wire135/I (gf180mcu_fd_sc_mcu7t5v0__buf_4)
     7    0.132346    0.373745    0.319424    5.190842 ^ wire135/Z (gf180mcu_fd_sc_mcu7t5v0__buf_4)
                                                         net135 (net)
                      0.377342    0.020401    5.211243 ^ fanout130/I (gf180mcu_fd_sc_mcu7t5v0__dlyb_1)
     2    0.017189    0.223466    0.617839    5.829082 ^ fanout130/Z (gf180mcu_fd_sc_mcu7t5v0__dlyb_1)
                                                         net130 (net)
                      0.223466    0.000389    5.829471 ^ wire131/I (gf180mcu_fd_sc_mcu7t5v0__buf_4)
    12    0.121214    0.342633    0.295948    6.125419 ^ wire131/Z (gf180mcu_fd_sc_mcu7t5v0__buf_4)
                                                         net131 (net)
                      0.342713    0.002925    6.128344 ^ _783_/RN (gf180mcu_fd_sc_mcu7t5v0__dffrnq_1)
                                              6.128344   data arrival time

                                 16.000000   16.000000   clock clk (rise edge)
                                  0.000000   16.000000   clock source latency
     2    0.092910    0.000000    0.000000   16.000000 ^ clk (in)
                                                         clk (net)
                      0.025556    0.010454   16.010454 ^ clkbuf_0_clk/I (gf180mcu_fd_sc_mcu7t5v0__clkbuf_16)
     8    0.205666    0.162120    0.208070   16.218523 ^ clkbuf_0_clk/Z (gf180mcu_fd_sc_mcu7t5v0__clkbuf_16)
                                                         clknet_0_clk (net)
                      0.163707    0.010770   16.229294 ^ clkbuf_3_5_0_clk/I (gf180mcu_fd_sc_mcu7t5v0__clkbuf_8)
    14    0.096801    0.155490    0.228182   16.457476 ^ clkbuf_3_5_0_clk/Z (gf180mcu_fd_sc_mcu7t5v0__clkbuf_8)
                                                         clknet_3_5_0_clk (net)
                      0.155991    0.007669   16.465145 ^ _783_/CLK (gf180mcu_fd_sc_mcu7t5v0__dffrnq_1)
                                 -0.250000   16.215145   clock uncertainty
                                  0.000000   16.215145   clock reconvergence pessimism
                                  0.107751   16.322895   library recovery time
                                             16.322895   data required time
---------------------------------------------------------------------------------------------
                                             16.322895   data required time
                                             -6.128344   data arrival time
---------------------------------------------------------------------------------------------
                                             10.194551   slack (MET)


Startpoint: rst_n (input port clocked by clk)
Endpoint: _776_ (recovery check against rising-edge clock clk)
Path Group: asynchronous
Path Type: max

Fanout         Cap        Slew       Delay        Time   Description
---------------------------------------------------------------------------------------------
                                  0.000000    0.000000   clock clk (rise edge)
                                  0.000000    0.000000   clock network delay (propagated)
                                  3.200000    3.200000 ^ input external delay
     2    0.010205    0.049982    0.017902    3.217902 ^ rst_n (in)
                                                         rst_n (net)
                      0.049982    0.000000    3.217902 ^ input38/I (gf180mcu_fd_sc_mcu7t5v0__dlyb_1)
     1    0.008384    0.136510    0.542173    3.760076 ^ input38/Z (gf180mcu_fd_sc_mcu7t5v0__dlyb_1)
                                                         net38 (net)
                      0.136510    0.000211    3.760287 ^ fanout134/I (gf180mcu_fd_sc_mcu7t5v0__dlyb_1)
     5    0.097080    1.064006    1.100393    4.860680 ^ fanout134/Z (gf180mcu_fd_sc_mcu7t5v0__dlyb_1)
                                                         net134 (net)
                      1.064343    0.010738    4.871418 ^ wire135/I (gf180mcu_fd_sc_mcu7t5v0__buf_4)
     7    0.132346    0.373745    0.319424    5.190842 ^ wire135/Z (gf180mcu_fd_sc_mcu7t5v0__buf_4)
                                                         net135 (net)
                      0.377342    0.020401    5.211243 ^ fanout130/I (gf180mcu_fd_sc_mcu7t5v0__dlyb_1)
     2    0.017189    0.223466    0.617839    5.829082 ^ fanout130/Z (gf180mcu_fd_sc_mcu7t5v0__dlyb_1)
                                                         net130 (net)
                      0.223466    0.000389    5.829471 ^ wire131/I (gf180mcu_fd_sc_mcu7t5v0__buf_4)
    12    0.121214    0.342633    0.295948    6.125419 ^ wire131/Z (gf180mcu_fd_sc_mcu7t5v0__buf_4)
                                                         net131 (net)
                      0.342828    0.004552    6.129971 ^ _776_/RN (gf180mcu_fd_sc_mcu7t5v0__dffrnq_1)
                                              6.129971   data arrival time

                                 16.000000   16.000000   clock clk (rise edge)
                                  0.000000   16.000000   clock source latency
     2    0.092910    0.000000    0.000000   16.000000 ^ clk (in)
                                                         clk (net)
                      0.025556    0.010454   16.010454 ^ clkbuf_0_clk/I (gf180mcu_fd_sc_mcu7t5v0__clkbuf_16)
     8    0.205666    0.162120    0.208070   16.218523 ^ clkbuf_0_clk/Z (gf180mcu_fd_sc_mcu7t5v0__clkbuf_16)
                                                         clknet_0_clk (net)
                      0.163657    0.010587   16.229111 ^ clkbuf_3_4_0_clk/I (gf180mcu_fd_sc_mcu7t5v0__clkbuf_8)
    14    0.100143    0.160217    0.231429   16.460541 ^ clkbuf_3_4_0_clk/Z (gf180mcu_fd_sc_mcu7t5v0__clkbuf_8)
                                                         clknet_3_4_0_clk (net)
                      0.160484    0.006281   16.466822 ^ _776_/CLK (gf180mcu_fd_sc_mcu7t5v0__dffrnq_1)
                                 -0.250000   16.216822   clock uncertainty
                                  0.000000   16.216822   clock reconvergence pessimism
                                  0.108444   16.325268   library recovery time
                                             16.325268   data required time
---------------------------------------------------------------------------------------------
                                             16.325268   data required time
                                             -6.129971   data arrival time
---------------------------------------------------------------------------------------------
                                             10.195295   slack (MET)


Startpoint: rst_n (input port clocked by clk)
Endpoint: _847_ (recovery check against rising-edge clock clk)
Path Group: asynchronous
Path Type: max

Fanout         Cap        Slew       Delay        Time   Description
---------------------------------------------------------------------------------------------
                                  0.000000    0.000000   clock clk (rise edge)
                                  0.000000    0.000000   clock network delay (propagated)
                                  3.200000    3.200000 ^ input external delay
     2    0.010205    0.049982    0.017902    3.217902 ^ rst_n (in)
                                                         rst_n (net)
                      0.049982    0.000000    3.217902 ^ input38/I (gf180mcu_fd_sc_mcu7t5v0__dlyb_1)
     1    0.008384    0.136510    0.542173    3.760076 ^ input38/Z (gf180mcu_fd_sc_mcu7t5v0__dlyb_1)
                                                         net38 (net)
                      0.136510    0.000211    3.760287 ^ fanout134/I (gf180mcu_fd_sc_mcu7t5v0__dlyb_1)
     5    0.097080    1.064006    1.100393    4.860680 ^ fanout134/Z (gf180mcu_fd_sc_mcu7t5v0__dlyb_1)
                                                         net134 (net)
                      1.064343    0.010738    4.871418 ^ wire135/I (gf180mcu_fd_sc_mcu7t5v0__buf_4)
     7    0.132346    0.373745    0.319424    5.190842 ^ wire135/Z (gf180mcu_fd_sc_mcu7t5v0__buf_4)
                                                         net135 (net)
                      0.377342    0.020401    5.211243 ^ fanout130/I (gf180mcu_fd_sc_mcu7t5v0__dlyb_1)
     2    0.017189    0.223466    0.617839    5.829082 ^ fanout130/Z (gf180mcu_fd_sc_mcu7t5v0__dlyb_1)
                                                         net130 (net)
                      0.223466    0.000389    5.829471 ^ wire131/I (gf180mcu_fd_sc_mcu7t5v0__buf_4)
    12    0.121214    0.342633    0.295948    6.125419 ^ wire131/Z (gf180mcu_fd_sc_mcu7t5v0__buf_4)
                                                         net131 (net)
                      0.342664    0.001847    6.127266 ^ _847_/RN (gf180mcu_fd_sc_mcu7t5v0__dffrnq_1)
                                              6.127266   data arrival time

                                 16.000000   16.000000   clock clk (rise edge)
                                  0.000000   16.000000   clock source latency
     2    0.092910    0.000000    0.000000   16.000000 ^ clk (in)
                                                         clk (net)
                      0.025556    0.010454   16.010454 ^ clkbuf_0_clk/I (gf180mcu_fd_sc_mcu7t5v0__clkbuf_16)
     8    0.205666    0.162120    0.208070   16.218523 ^ clkbuf_0_clk/Z (gf180mcu_fd_sc_mcu7t5v0__clkbuf_16)
                                                         clknet_0_clk (net)
                      0.163707    0.010770   16.229294 ^ clkbuf_3_5_0_clk/I (gf180mcu_fd_sc_mcu7t5v0__clkbuf_8)
    14    0.096801    0.155490    0.228182   16.457476 ^ clkbuf_3_5_0_clk/Z (gf180mcu_fd_sc_mcu7t5v0__clkbuf_8)
                                                         clknet_3_5_0_clk (net)
                      0.155990    0.007661   16.465137 ^ _847_/CLK (gf180mcu_fd_sc_mcu7t5v0__dffrnq_1)
                                 -0.250000   16.215137   clock uncertainty
                                  0.000000   16.215137   clock reconvergence pessimism
                                  0.107761   16.322899   library recovery time
                                             16.322899   data required time
---------------------------------------------------------------------------------------------
                                             16.322899   data required time
                                             -6.127266   data arrival time
---------------------------------------------------------------------------------------------
                                             10.195633   slack (MET)


Startpoint: rst_n (input port clocked by clk)
Endpoint: _784_ (recovery check against rising-edge clock clk)
Path Group: asynchronous
Path Type: max

Fanout         Cap        Slew       Delay        Time   Description
---------------------------------------------------------------------------------------------
                                  0.000000    0.000000   clock clk (rise edge)
                                  0.000000    0.000000   clock network delay (propagated)
                                  3.200000    3.200000 ^ input external delay
     2    0.010205    0.049982    0.017902    3.217902 ^ rst_n (in)
                                                         rst_n (net)
                      0.049982    0.000000    3.217902 ^ input38/I (gf180mcu_fd_sc_mcu7t5v0__dlyb_1)
     1    0.008384    0.136510    0.542173    3.760076 ^ input38/Z (gf180mcu_fd_sc_mcu7t5v0__dlyb_1)
                                                         net38 (net)
                      0.136510    0.000211    3.760287 ^ fanout134/I (gf180mcu_fd_sc_mcu7t5v0__dlyb_1)
     5    0.097080    1.064006    1.100393    4.860680 ^ fanout134/Z (gf180mcu_fd_sc_mcu7t5v0__dlyb_1)
                                                         net134 (net)
                      1.064343    0.010738    4.871418 ^ wire135/I (gf180mcu_fd_sc_mcu7t5v0__buf_4)
     7    0.132346    0.373745    0.319424    5.190842 ^ wire135/Z (gf180mcu_fd_sc_mcu7t5v0__buf_4)
                                                         net135 (net)
                      0.377342    0.020401    5.211243 ^ fanout130/I (gf180mcu_fd_sc_mcu7t5v0__dlyb_1)
     2    0.017189    0.223466    0.617839    5.829082 ^ fanout130/Z (gf180mcu_fd_sc_mcu7t5v0__dlyb_1)
                                                         net130 (net)
                      0.223466    0.000389    5.829471 ^ wire131/I (gf180mcu_fd_sc_mcu7t5v0__buf_4)
    12    0.121214    0.342633    0.295948    6.125419 ^ wire131/Z (gf180mcu_fd_sc_mcu7t5v0__buf_4)
                                                         net131 (net)
                      0.342809    0.004329    6.129748 ^ _784_/RN (gf180mcu_fd_sc_mcu7t5v0__dffrnq_1)
                                              6.129748   data arrival time

                                 16.000000   16.000000   clock clk (rise edge)
                                  0.000000   16.000000   clock source latency
     2    0.092910    0.000000    0.000000   16.000000 ^ clk (in)
                                                         clk (net)
                      0.025556    0.010454   16.010454 ^ clkbuf_0_clk/I (gf180mcu_fd_sc_mcu7t5v0__clkbuf_16)
     8    0.205666    0.162120    0.208070   16.218523 ^ clkbuf_0_clk/Z (gf180mcu_fd_sc_mcu7t5v0__clkbuf_16)
                                                         clknet_0_clk (net)
                      0.163657    0.010587   16.229111 ^ clkbuf_3_4_0_clk/I (gf180mcu_fd_sc_mcu7t5v0__clkbuf_8)
    14    0.100143    0.160217    0.231429   16.460541 ^ clkbuf_3_4_0_clk/Z (gf180mcu_fd_sc_mcu7t5v0__clkbuf_8)
                                                         clknet_3_4_0_clk (net)
                      0.160564    0.006898   16.467438 ^ _784_/CLK (gf180mcu_fd_sc_mcu7t5v0__dffrnq_1)
                                 -0.250000   16.217438   clock uncertainty
                                  0.000000   16.217438   clock reconvergence pessimism
                                  0.108461   16.325899   library recovery time
                                             16.325899   data required time
---------------------------------------------------------------------------------------------
                                             16.325899   data required time
                                             -6.129748   data arrival time
---------------------------------------------------------------------------------------------
                                             10.196152   slack (MET)


Startpoint: rst_n (input port clocked by clk)
Endpoint: _851_ (recovery check against rising-edge clock clk)
Path Group: asynchronous
Path Type: max

Fanout         Cap        Slew       Delay        Time   Description
---------------------------------------------------------------------------------------------
                                  0.000000    0.000000   clock clk (rise edge)
                                  0.000000    0.000000   clock network delay (propagated)
                                  3.200000    3.200000 ^ input external delay
     2    0.010205    0.049982    0.017902    3.217902 ^ rst_n (in)
                                                         rst_n (net)
                      0.049982    0.000000    3.217902 ^ input38/I (gf180mcu_fd_sc_mcu7t5v0__dlyb_1)
     1    0.008384    0.136510    0.542173    3.760076 ^ input38/Z (gf180mcu_fd_sc_mcu7t5v0__dlyb_1)
                                                         net38 (net)
                      0.136510    0.000211    3.760287 ^ fanout134/I (gf180mcu_fd_sc_mcu7t5v0__dlyb_1)
     5    0.097080    1.064006    1.100393    4.860680 ^ fanout134/Z (gf180mcu_fd_sc_mcu7t5v0__dlyb_1)
                                                         net134 (net)
                      1.064343    0.010738    4.871418 ^ wire135/I (gf180mcu_fd_sc_mcu7t5v0__buf_4)
     7    0.132346    0.373745    0.319424    5.190842 ^ wire135/Z (gf180mcu_fd_sc_mcu7t5v0__buf_4)
                                                         net135 (net)
                      0.377342    0.020401    5.211243 ^ fanout130/I (gf180mcu_fd_sc_mcu7t5v0__dlyb_1)
     2    0.017189    0.223466    0.617839    5.829082 ^ fanout130/Z (gf180mcu_fd_sc_mcu7t5v0__dlyb_1)
                                                         net130 (net)
                      0.223466    0.000389    5.829471 ^ wire131/I (gf180mcu_fd_sc_mcu7t5v0__buf_4)
    12    0.121214    0.342633    0.295948    6.125419 ^ wire131/Z (gf180mcu_fd_sc_mcu7t5v0__buf_4)
                                                         net131 (net)
                      0.342928    0.005637    6.131056 ^ _851_/RN (gf180mcu_fd_sc_mcu7t5v0__dffrnq_1)
                                              6.131056   data arrival time

                                 16.000000   16.000000   clock clk (rise edge)
                                  0.000000   16.000000   clock source latency
     2    0.092910    0.000000    0.000000   16.000000 ^ clk (in)
                                                         clk (net)
                      0.025556    0.010454   16.010454 ^ clkbuf_0_clk/I (gf180mcu_fd_sc_mcu7t5v0__clkbuf_16)
     8    0.205666    0.162120    0.208070   16.218523 ^ clkbuf_0_clk/Z (gf180mcu_fd_sc_mcu7t5v0__clkbuf_16)
                                                         clknet_0_clk (net)
                      0.163509    0.010031   16.228556 ^ clkbuf_3_6_0_clk/I (gf180mcu_fd_sc_mcu7t5v0__clkbuf_8)
    12    0.102572    0.163725    0.233868   16.462423 ^ clkbuf_3_6_0_clk/Z (gf180mcu_fd_sc_mcu7t5v0__clkbuf_8)
                                                         clknet_3_6_0_clk (net)
                      0.163992    0.006484   16.468906 ^ _851_/CLK (gf180mcu_fd_sc_mcu7t5v0__dffrnq_1)
                                 -0.250000   16.218908   clock uncertainty
                                  0.000000   16.218908   clock reconvergence pessimism
                                  0.108983   16.327890   library recovery time
                                             16.327890   data required time
---------------------------------------------------------------------------------------------
                                             16.327890   data required time
                                             -6.131056   data arrival time
---------------------------------------------------------------------------------------------
                                             10.196835   slack (MET)


Startpoint: rst_n (input port clocked by clk)
Endpoint: _840_ (recovery check against rising-edge clock clk)
Path Group: asynchronous
Path Type: max

Fanout         Cap        Slew       Delay        Time   Description
---------------------------------------------------------------------------------------------
                                  0.000000    0.000000   clock clk (rise edge)
                                  0.000000    0.000000   clock network delay (propagated)
                                  3.200000    3.200000 ^ input external delay
     2    0.010205    0.049982    0.017902    3.217902 ^ rst_n (in)
                                                         rst_n (net)
                      0.049982    0.000000    3.217902 ^ input38/I (gf180mcu_fd_sc_mcu7t5v0__dlyb_1)
     1    0.008384    0.136510    0.542173    3.760076 ^ input38/Z (gf180mcu_fd_sc_mcu7t5v0__dlyb_1)
                                                         net38 (net)
                      0.136510    0.000211    3.760287 ^ fanout134/I (gf180mcu_fd_sc_mcu7t5v0__dlyb_1)
     5    0.097080    1.064006    1.100393    4.860680 ^ fanout134/Z (gf180mcu_fd_sc_mcu7t5v0__dlyb_1)
                                                         net134 (net)
                      1.064343    0.010738    4.871418 ^ wire135/I (gf180mcu_fd_sc_mcu7t5v0__buf_4)
     7    0.132346    0.373745    0.319424    5.190842 ^ wire135/Z (gf180mcu_fd_sc_mcu7t5v0__buf_4)
                                                         net135 (net)
                      0.377342    0.020401    5.211243 ^ fanout130/I (gf180mcu_fd_sc_mcu7t5v0__dlyb_1)
     2    0.017189    0.223466    0.617839    5.829082 ^ fanout130/Z (gf180mcu_fd_sc_mcu7t5v0__dlyb_1)
                                                         net130 (net)
                      0.223466    0.000389    5.829471 ^ wire131/I (gf180mcu_fd_sc_mcu7t5v0__buf_4)
    12    0.121214    0.342633    0.295948    6.125419 ^ wire131/Z (gf180mcu_fd_sc_mcu7t5v0__buf_4)
                                                         net131 (net)
                      0.342725    0.003130    6.128549 ^ _840_/RN (gf180mcu_fd_sc_mcu7t5v0__dffrnq_1)
                                              6.128549   data arrival time

                                 16.000000   16.000000   clock clk (rise edge)
                                  0.000000   16.000000   clock source latency
     2    0.092910    0.000000    0.000000   16.000000 ^ clk (in)
                                                         clk (net)
                      0.025556    0.010454   16.010454 ^ clkbuf_0_clk/I (gf180mcu_fd_sc_mcu7t5v0__clkbuf_16)
     8    0.205666    0.162120    0.208070   16.218523 ^ clkbuf_0_clk/Z (gf180mcu_fd_sc_mcu7t5v0__clkbuf_16)
                                                         clknet_0_clk (net)
                      0.163657    0.010587   16.229111 ^ clkbuf_3_4_0_clk/I (gf180mcu_fd_sc_mcu7t5v0__clkbuf_8)
    14    0.100143    0.160217    0.231429   16.460541 ^ clkbuf_3_4_0_clk/Z (gf180mcu_fd_sc_mcu7t5v0__clkbuf_8)
                                                         clknet_3_4_0_clk (net)
                      0.160557    0.006846   16.467386 ^ _840_/CLK (gf180mcu_fd_sc_mcu7t5v0__dffrnq_1)
                                 -0.250000   16.217386   clock uncertainty
                                  0.000000   16.217386   clock reconvergence pessimism
                                  0.108477   16.325863   library recovery time
                                             16.325863   data required time
---------------------------------------------------------------------------------------------
                                             16.325863   data required time
                                             -6.128549   data arrival time
---------------------------------------------------------------------------------------------
                                             10.197315   slack (MET)


Startpoint: rst_n (input port clocked by clk)
Endpoint: _837_ (recovery check against rising-edge clock clk)
Path Group: asynchronous
Path Type: max

Fanout         Cap        Slew       Delay        Time   Description
---------------------------------------------------------------------------------------------
                                  0.000000    0.000000   clock clk (rise edge)
                                  0.000000    0.000000   clock network delay (propagated)
                                  3.200000    3.200000 ^ input external delay
     2    0.010205    0.049982    0.017902    3.217902 ^ rst_n (in)
                                                         rst_n (net)
                      0.049982    0.000000    3.217902 ^ input38/I (gf180mcu_fd_sc_mcu7t5v0__dlyb_1)
     1    0.008384    0.136510    0.542173    3.760076 ^ input38/Z (gf180mcu_fd_sc_mcu7t5v0__dlyb_1)
                                                         net38 (net)
                      0.136510    0.000211    3.760287 ^ fanout134/I (gf180mcu_fd_sc_mcu7t5v0__dlyb_1)
     5    0.097080    1.064006    1.100393    4.860680 ^ fanout134/Z (gf180mcu_fd_sc_mcu7t5v0__dlyb_1)
                                                         net134 (net)
                      1.064343    0.010738    4.871418 ^ wire135/I (gf180mcu_fd_sc_mcu7t5v0__buf_4)
     7    0.132346    0.373745    0.319424    5.190842 ^ wire135/Z (gf180mcu_fd_sc_mcu7t5v0__buf_4)
                                                         net135 (net)
                      0.377342    0.020401    5.211243 ^ fanout130/I (gf180mcu_fd_sc_mcu7t5v0__dlyb_1)
     2    0.017189    0.223466    0.617839    5.829082 ^ fanout130/Z (gf180mcu_fd_sc_mcu7t5v0__dlyb_1)
                                                         net130 (net)
                      0.223466    0.000389    5.829471 ^ wire131/I (gf180mcu_fd_sc_mcu7t5v0__buf_4)
    12    0.121214    0.342633    0.295948    6.125419 ^ wire131/Z (gf180mcu_fd_sc_mcu7t5v0__buf_4)
                                                         net131 (net)
                      0.342882    0.005163    6.130582 ^ _837_/RN (gf180mcu_fd_sc_mcu7t5v0__dffrnq_1)
                                              6.130582   data arrival time

                                 16.000000   16.000000   clock clk (rise edge)
                                  0.000000   16.000000   clock source latency
     2    0.092910    0.000000    0.000000   16.000000 ^ clk (in)
                                                         clk (net)
                      0.025556    0.010454   16.010454 ^ clkbuf_0_clk/I (gf180mcu_fd_sc_mcu7t5v0__clkbuf_16)
     8    0.205666    0.162120    0.208070   16.218523 ^ clkbuf_0_clk/Z (gf180mcu_fd_sc_mcu7t5v0__clkbuf_16)
                                                         clknet_0_clk (net)
                      0.163509    0.010031   16.228556 ^ clkbuf_3_6_0_clk/I (gf180mcu_fd_sc_mcu7t5v0__clkbuf_8)
    12    0.102572    0.163725    0.233868   16.462423 ^ clkbuf_3_6_0_clk/Z (gf180mcu_fd_sc_mcu7t5v0__clkbuf_8)
                                                         clknet_3_6_0_clk (net)
                      0.164017    0.006702   16.469126 ^ _837_/CLK (gf180mcu_fd_sc_mcu7t5v0__dffrnq_1)
                                 -0.250000   16.219126   clock uncertainty
                                  0.000000   16.219126   clock reconvergence pessimism
                                  0.108996   16.328121   library recovery time
                                             16.328121   data required time
---------------------------------------------------------------------------------------------
                                             16.328121   data required time
                                             -6.130582   data arrival time
---------------------------------------------------------------------------------------------
                                             10.197539   slack (MET)


Startpoint: debug_rvalid_i (input port clocked by clk)
Endpoint: _824_ (rising edge-triggered flip-flop clocked by clk)
Path Group: clk
Path Type: max

Fanout         Cap        Slew       Delay        Time   Description
---------------------------------------------------------------------------------------------
                                  0.000000    0.000000   clock clk (rise edge)
                                  0.000000    0.000000   clock network delay (propagated)
                                  3.200000    3.200000 ^ input external delay
     2    0.012112    0.054965    0.021084    3.221084 ^ debug_rvalid_i (in)
                                                         debug_rvalid_i (net)
                      0.054965    0.000000    3.221084 ^ input28/I (gf180mcu_fd_sc_mcu7t5v0__dlyb_1)
     2    0.165817    1.784316    1.495604    4.716688 ^ input28/Z (gf180mcu_fd_sc_mcu7t5v0__dlyb_1)
                                                         net28 (net)
                      1.784482    0.009974    4.726662 ^ _550_/A1 (gf180mcu_fd_sc_mcu7t5v0__nand2_1)
     5    0.057389    0.990959    0.591654    5.318316 v _550_/ZN (gf180mcu_fd_sc_mcu7t5v0__nand2_1)
                                                         _248_ (net)
                      0.990960    0.001900    5.320216 v _765_/S (gf180mcu_fd_sc_mcu7t5v0__mux2_2)
     1    0.005477    0.086845    0.445467    5.765683 ^ _765_/Z (gf180mcu_fd_sc_mcu7t5v0__mux2_2)
                                                         _093_ (net)
                      0.086845    0.000115    5.765797 ^ _824_/D (gf180mcu_fd_sc_mcu7t5v0__dffrnq_1)
                                              5.765797   data arrival time

                                 16.000000   16.000000   clock clk (rise edge)
                                  0.000000   16.000000   clock source latency
     2    0.092910    0.000000    0.000000   16.000000 ^ clk (in)
                                                         clk (net)
                      0.025556    0.010454   16.010454 ^ clkbuf_0_clk/I (gf180mcu_fd_sc_mcu7t5v0__clkbuf_16)
     8    0.205666    0.162120    0.208070   16.218523 ^ clkbuf_0_clk/Z (gf180mcu_fd_sc_mcu7t5v0__clkbuf_16)
                                                         clknet_0_clk (net)
                      0.163435    0.009745   16.228270 ^ clkbuf_3_7_0_clk/I (gf180mcu_fd_sc_mcu7t5v0__clkbuf_8)
    13    0.109998    0.171668    0.238259   16.466528 ^ clkbuf_3_7_0_clk/Z (gf180mcu_fd_sc_mcu7t5v0__clkbuf_8)
                                                         clknet_3_7_0_clk (net)
                      0.172394    0.008034   16.474562 ^ _824_/CLK (gf180mcu_fd_sc_mcu7t5v0__dffrnq_1)
                                 -0.250000   16.224564   clock uncertainty
                                  0.000000   16.224564   clock reconvergence pessimism
                                 -0.165562   16.059002   library setup time
                                             16.059002   data required time
---------------------------------------------------------------------------------------------
                                             16.059002   data required time
                                             -5.765797   data arrival time
---------------------------------------------------------------------------------------------
                                             10.293205   slack (MET)


Startpoint: debug_rvalid_i (input port clocked by clk)
Endpoint: _832_ (rising edge-triggered flip-flop clocked by clk)
Path Group: clk
Path Type: max

Fanout         Cap        Slew       Delay        Time   Description
---------------------------------------------------------------------------------------------
                                  0.000000    0.000000   clock clk (rise edge)
                                  0.000000    0.000000   clock network delay (propagated)
                                  3.200000    3.200000 ^ input external delay
     2    0.012112    0.054965    0.021084    3.221084 ^ debug_rvalid_i (in)
                                                         debug_rvalid_i (net)
                      0.054965    0.000000    3.221084 ^ input28/I (gf180mcu_fd_sc_mcu7t5v0__dlyb_1)
     2    0.165817    1.784316    1.495604    4.716688 ^ input28/Z (gf180mcu_fd_sc_mcu7t5v0__dlyb_1)
                                                         net28 (net)
                      1.784482    0.009974    4.726662 ^ _550_/A1 (gf180mcu_fd_sc_mcu7t5v0__nand2_1)
     5    0.057389    0.990959    0.591654    5.318316 v _550_/ZN (gf180mcu_fd_sc_mcu7t5v0__nand2_1)
                                                         _248_ (net)
                      0.990960    0.001340    5.319656 v _557_/S (gf180mcu_fd_sc_mcu7t5v0__mux2_2)
     1    0.005359    0.086338    0.445069    5.764725 ^ _557_/Z (gf180mcu_fd_sc_mcu7t5v0__mux2_2)
                                                         _009_ (net)
                      0.086338    0.000113    5.764838 ^ _832_/D (gf180mcu_fd_sc_mcu7t5v0__dffrnq_1)
                                              5.764838   data arrival time

                                 16.000000   16.000000   clock clk (rise edge)
                                  0.000000   16.000000   clock source latency
     2    0.092910    0.000000    0.000000   16.000000 ^ clk (in)
                                                         clk (net)
                      0.025556    0.010454   16.010454 ^ clkbuf_0_clk/I (gf180mcu_fd_sc_mcu7t5v0__clkbuf_16)
     8    0.205666    0.162120    0.208070   16.218523 ^ clkbuf_0_clk/Z (gf180mcu_fd_sc_mcu7t5v0__clkbuf_16)
                                                         clknet_0_clk (net)
                      0.163435    0.009745   16.228270 ^ clkbuf_3_7_0_clk/I (gf180mcu_fd_sc_mcu7t5v0__clkbuf_8)
    13    0.109998    0.171668    0.238259   16.466528 ^ clkbuf_3_7_0_clk/Z (gf180mcu_fd_sc_mcu7t5v0__clkbuf_8)
                                                         clknet_3_7_0_clk (net)
                      0.172307    0.007544   16.474072 ^ _832_/CLK (gf180mcu_fd_sc_mcu7t5v0__dffrnq_1)
                                 -0.250000   16.224073   clock uncertainty
                                  0.000000   16.224073   clock reconvergence pessimism
                                 -0.165526   16.058546   library setup time
                                             16.058546   data required time
---------------------------------------------------------------------------------------------
                                             16.058546   data required time
                                             -5.764838   data arrival time
---------------------------------------------------------------------------------------------
                                             10.293710   slack (MET)


Startpoint: debug_rvalid_i (input port clocked by clk)
Endpoint: _833_ (rising edge-triggered flip-flop clocked by clk)
Path Group: clk
Path Type: max

Fanout         Cap        Slew       Delay        Time   Description
---------------------------------------------------------------------------------------------
                                  0.000000    0.000000   clock clk (rise edge)
                                  0.000000    0.000000   clock network delay (propagated)
                                  3.200000    3.200000 ^ input external delay
     2    0.012112    0.054965    0.021084    3.221084 ^ debug_rvalid_i (in)
                                                         debug_rvalid_i (net)
                      0.054965    0.000000    3.221084 ^ input28/I (gf180mcu_fd_sc_mcu7t5v0__dlyb_1)
     2    0.165817    1.784316    1.495604    4.716688 ^ input28/Z (gf180mcu_fd_sc_mcu7t5v0__dlyb_1)
                                                         net28 (net)
                      1.784482    0.009974    4.726662 ^ _550_/A1 (gf180mcu_fd_sc_mcu7t5v0__nand2_1)
     5    0.057389    0.990959    0.591654    5.318316 v _550_/ZN (gf180mcu_fd_sc_mcu7t5v0__nand2_1)
                                                         _248_ (net)
                      0.990960    0.001925    5.320241 v _558_/S (gf180mcu_fd_sc_mcu7t5v0__mux2_2)
     1    0.004659    0.083332    0.442723    5.762965 ^ _558_/Z (gf180mcu_fd_sc_mcu7t5v0__mux2_2)
                                                         _010_ (net)
                      0.083332    0.000089    5.763054 ^ _833_/D (gf180mcu_fd_sc_mcu7t5v0__dffrnq_1)
                                              5.763054   data arrival time

                                 16.000000   16.000000   clock clk (rise edge)
                                  0.000000   16.000000   clock source latency
     2    0.092910    0.000000    0.000000   16.000000 ^ clk (in)
                                                         clk (net)
                      0.025556    0.010454   16.010454 ^ clkbuf_0_clk/I (gf180mcu_fd_sc_mcu7t5v0__clkbuf_16)
     8    0.205666    0.162120    0.208070   16.218523 ^ clkbuf_0_clk/Z (gf180mcu_fd_sc_mcu7t5v0__clkbuf_16)
                                                         clknet_0_clk (net)
                      0.163435    0.009745   16.228270 ^ clkbuf_3_7_0_clk/I (gf180mcu_fd_sc_mcu7t5v0__clkbuf_8)
    13    0.109998    0.171668    0.238259   16.466528 ^ clkbuf_3_7_0_clk/Z (gf180mcu_fd_sc_mcu7t5v0__clkbuf_8)
                                                         clknet_3_7_0_clk (net)
                      0.172335    0.007702   16.474230 ^ _833_/CLK (gf180mcu_fd_sc_mcu7t5v0__dffrnq_1)
                                 -0.250000   16.224232   clock uncertainty
                                  0.000000   16.224232   clock reconvergence pessimism
                                 -0.165195   16.059036   library setup time
                                             16.059036   data required time
---------------------------------------------------------------------------------------------
                                             16.059036   data required time
                                             -5.763054   data arrival time
---------------------------------------------------------------------------------------------
                                             10.295981   slack (MET)


Startpoint: _794_ (rising edge-triggered flip-flop clocked by clk)
Endpoint: top_state_o[2] (output port clocked by clk)
Path Group: clk
Path Type: max

Fanout         Cap        Slew       Delay        Time   Description
---------------------------------------------------------------------------------------------
                                  0.000000    0.000000   clock clk (rise edge)
                                  0.000000    0.000000   clock source latency
     2    0.092910    0.000000    0.000000    0.000000 ^ clk (in)
                                                         clk (net)
                      0.025556    0.010453    0.010453 ^ clkbuf_0_clk/I (gf180mcu_fd_sc_mcu7t5v0__clkbuf_16)
     8    0.205666    0.162120    0.208071    0.218524 ^ clkbuf_0_clk/Z (gf180mcu_fd_sc_mcu7t5v0__clkbuf_16)
                                                         clknet_0_clk (net)
                      0.163264    0.009057    0.227582 ^ clkbuf_3_3_0_clk/I (gf180mcu_fd_sc_mcu7t5v0__clkbuf_8)
     9    0.084729    0.142760    0.221310    0.448891 ^ clkbuf_3_3_0_clk/Z (gf180mcu_fd_sc_mcu7t5v0__clkbuf_8)
                                                         clknet_3_3_0_clk (net)
                      0.142786    0.002921    0.451812 ^ _794_/CLK (gf180mcu_fd_sc_mcu7t5v0__dffrnq_4)
    14    0.176076    0.507698    0.911863    1.363675 ^ _794_/Q (gf180mcu_fd_sc_mcu7t5v0__dffrnq_4)
                                                         net110 (net)
                      0.509167    0.016219    1.379894 ^ output110/I (gf180mcu_fd_sc_mcu7t5v0__dlyb_1)
     1    0.054689    0.614592    0.848551    2.228446 ^ output110/Z (gf180mcu_fd_sc_mcu7t5v0__dlyb_1)
                                                         top_state_o[2] (net)
                      0.614599    0.001140    2.229586 ^ top_state_o[2] (out)
                                              2.229586   data arrival time

                                 16.000000   16.000000   clock clk (rise edge)
                                  0.000000   16.000000   clock network delay (propagated)
                                 -0.250000   15.750001   clock uncertainty
                                  0.000000   15.750001   clock reconvergence pessimism
                                 -3.200000   12.550000   output external delay
                                             12.550000   data required time
---------------------------------------------------------------------------------------------
                                             12.550000   data required time
                                             -2.229586   data arrival time
---------------------------------------------------------------------------------------------
                                             10.320415   slack (MET)


Startpoint: _796_ (rising edge-triggered flip-flop clocked by clk)
Endpoint: top_state_o[4] (output port clocked by clk)
Path Group: clk
Path Type: max

Fanout         Cap        Slew       Delay        Time   Description
---------------------------------------------------------------------------------------------
                                  0.000000    0.000000   clock clk (rise edge)
                                  0.000000    0.000000   clock source latency
     2    0.092910    0.000000    0.000000    0.000000 ^ clk (in)
                                                         clk (net)
                      0.025556    0.010453    0.010453 ^ clkbuf_0_clk/I (gf180mcu_fd_sc_mcu7t5v0__clkbuf_16)
     8    0.205666    0.162120    0.208071    0.218524 ^ clkbuf_0_clk/Z (gf180mcu_fd_sc_mcu7t5v0__clkbuf_16)
                                                         clknet_0_clk (net)
                      0.163506    0.010019    0.228543 ^ clkbuf_3_1_0_clk/I (gf180mcu_fd_sc_mcu7t5v0__clkbuf_8)
    16    0.119720    0.182888    0.245031    0.473574 ^ clkbuf_3_1_0_clk/Z (gf180mcu_fd_sc_mcu7t5v0__clkbuf_8)
                                                         clknet_3_1_0_clk (net)
                      0.184009    0.008316    0.481890 ^ _796_/CLK (gf180mcu_fd_sc_mcu7t5v0__dffrnq_1)
     7    0.056684    0.637555    0.884159    1.366049 ^ _796_/Q (gf180mcu_fd_sc_mcu7t5v0__dffrnq_1)
                                                         net112 (net)
                      0.637555    0.000360    1.366409 ^ output112/I (gf180mcu_fd_sc_mcu7t5v0__dlyb_1)
     1    0.055226    0.620881    0.849333    2.215742 ^ output112/Z (gf180mcu_fd_sc_mcu7t5v0__dlyb_1)
                                                         top_state_o[4] (net)
                      0.620883    0.000719    2.216460 ^ top_state_o[4] (out)
                                              2.216460   data arrival time

                                 16.000000   16.000000   clock clk (rise edge)
                                  0.000000   16.000000   clock network delay (propagated)
                                 -0.250000   15.750001   clock uncertainty
                                  0.000000   15.750001   clock reconvergence pessimism
                                 -3.200000   12.550000   output external delay
                                             12.550000   data required time
---------------------------------------------------------------------------------------------
                                             12.550000   data required time
                                             -2.216460   data arrival time
---------------------------------------------------------------------------------------------
                                             10.333541   slack (MET)


Startpoint: _795_ (rising edge-triggered flip-flop clocked by clk)
Endpoint: top_state_o[3] (output port clocked by clk)
Path Group: clk
Path Type: max

Fanout         Cap        Slew       Delay        Time   Description
---------------------------------------------------------------------------------------------
                                  0.000000    0.000000   clock clk (rise edge)
                                  0.000000    0.000000   clock source latency
     2    0.092910    0.000000    0.000000    0.000000 ^ clk (in)
                                                         clk (net)
                      0.025556    0.010453    0.010453 ^ clkbuf_0_clk/I (gf180mcu_fd_sc_mcu7t5v0__clkbuf_16)
     8    0.205666    0.162120    0.208071    0.218524 ^ clkbuf_0_clk/Z (gf180mcu_fd_sc_mcu7t5v0__clkbuf_16)
                                                         clknet_0_clk (net)
                      0.163264    0.009057    0.227582 ^ clkbuf_3_3_0_clk/I (gf180mcu_fd_sc_mcu7t5v0__clkbuf_8)
     9    0.084729    0.142760    0.221310    0.448891 ^ clkbuf_3_3_0_clk/Z (gf180mcu_fd_sc_mcu7t5v0__clkbuf_8)
                                                         clknet_3_3_0_clk (net)
                      0.142788    0.003024    0.451915 ^ _795_/CLK (gf180mcu_fd_sc_mcu7t5v0__dffrnq_4)
    13    0.167913    0.487038    0.899412    1.351327 ^ _795_/Q (gf180mcu_fd_sc_mcu7t5v0__dffrnq_4)
                                                         net111 (net)
                      0.488372    0.015203    1.366530 ^ output111/I (gf180mcu_fd_sc_mcu7t5v0__dlyb_1)
     1    0.053978    0.606983    0.844568    2.211097 ^ output111/Z (gf180mcu_fd_sc_mcu7t5v0__dlyb_1)
                                                         top_state_o[3] (net)
                      0.606991    0.001182    2.212279 ^ top_state_o[3] (out)
                                              2.212279   data arrival time

                                 16.000000   16.000000   clock clk (rise edge)
                                  0.000000   16.000000   clock network delay (propagated)
                                 -0.250000   15.750001   clock uncertainty
                                  0.000000   15.750001   clock reconvergence pessimism
                                 -3.200000   12.550000   output external delay
                                             12.550000   data required time
---------------------------------------------------------------------------------------------
                                             12.550000   data required time
                                             -2.212279   data arrival time
---------------------------------------------------------------------------------------------
                                             10.337721   slack (MET)


Startpoint: _793_ (rising edge-triggered flip-flop clocked by clk)
Endpoint: top_state_o[1] (output port clocked by clk)
Path Group: clk
Path Type: max

Fanout         Cap        Slew       Delay        Time   Description
---------------------------------------------------------------------------------------------
                                  0.000000    0.000000   clock clk (rise edge)
                                  0.000000    0.000000   clock source latency
     2    0.092910    0.000000    0.000000    0.000000 ^ clk (in)
                                                         clk (net)
                      0.025556    0.010453    0.010453 ^ clkbuf_0_clk/I (gf180mcu_fd_sc_mcu7t5v0__clkbuf_16)
     8    0.205666    0.162120    0.208071    0.218524 ^ clkbuf_0_clk/Z (gf180mcu_fd_sc_mcu7t5v0__clkbuf_16)
                                                         clknet_0_clk (net)
                      0.163264    0.009057    0.227582 ^ clkbuf_3_3_0_clk/I (gf180mcu_fd_sc_mcu7t5v0__clkbuf_8)
     9    0.084729    0.142760    0.221310    0.448891 ^ clkbuf_3_3_0_clk/Z (gf180mcu_fd_sc_mcu7t5v0__clkbuf_8)
                                                         clknet_3_3_0_clk (net)
                      0.142799    0.003533    0.452425 ^ _793_/CLK (gf180mcu_fd_sc_mcu7t5v0__dffrnq_2)
    15    0.119077    0.661188    0.912516    1.364941 ^ _793_/Q (gf180mcu_fd_sc_mcu7t5v0__dffrnq_2)
                                                         net109 (net)
                      0.661256    0.003789    1.368730 ^ output109/I (gf180mcu_fd_sc_mcu7t5v0__dlyb_1)
     1    0.052310    0.589960    0.830445    2.199175 ^ output109/Z (gf180mcu_fd_sc_mcu7t5v0__dlyb_1)
                                                         top_state_o[1] (net)
                      0.589964    0.000883    2.200057 ^ top_state_o[1] (out)
                                              2.200057   data arrival time

                                 16.000000   16.000000   clock clk (rise edge)
                                  0.000000   16.000000   clock network delay (propagated)
                                 -0.250000   15.750001   clock uncertainty
                                  0.000000   15.750001   clock reconvergence pessimism
                                 -3.200000   12.550000   output external delay
                                             12.550000   data required time
---------------------------------------------------------------------------------------------
                                             12.550000   data required time
                                             -2.200057   data arrival time
---------------------------------------------------------------------------------------------
                                             10.349943   slack (MET)


Startpoint: _860_ (rising edge-triggered flip-flop clocked by clk)
Endpoint: core_rx_selected_complete (output port clocked by clk)
Path Group: clk
Path Type: max

Fanout         Cap        Slew       Delay        Time   Description
---------------------------------------------------------------------------------------------
                                  0.000000    0.000000   clock clk (rise edge)
                                  0.000000    0.000000   clock source latency
     2    0.092910    0.000000    0.000000    0.000000 ^ clk (in)
                                                         clk (net)
                      0.025556    0.010453    0.010453 ^ clkbuf_0_clk/I (gf180mcu_fd_sc_mcu7t5v0__clkbuf_16)
     8    0.205666    0.162120    0.208071    0.218524 ^ clkbuf_0_clk/Z (gf180mcu_fd_sc_mcu7t5v0__clkbuf_16)
                                                         clknet_0_clk (net)
                      0.163389    0.009561    0.228086 ^ clkbuf_3_2_0_clk/I (gf180mcu_fd_sc_mcu7t5v0__clkbuf_8)
    12    0.104111    0.165820    0.235271    0.463356 ^ clkbuf_3_2_0_clk/Z (gf180mcu_fd_sc_mcu7t5v0__clkbuf_8)
                                                         clknet_3_2_0_clk (net)
                      0.166041    0.006050    0.469407 ^ _860_/CLK (gf180mcu_fd_sc_mcu7t5v0__dffrnq_1)
     2    0.010924    0.167495    0.595082    1.064489 ^ _860_/Q (gf180mcu_fd_sc_mcu7t5v0__dffrnq_1)
                                                         net53 (net)
                      0.167495    0.000211    1.064700 ^ _864_/I (gf180mcu_fd_sc_mcu7t5v0__buf_1)
     1    0.007748    0.118005    0.168130    1.232830 ^ _864_/Z (gf180mcu_fd_sc_mcu7t5v0__buf_1)
                                                         net54 (net)
                      0.118005    0.000177    1.233007 ^ output54/I (gf180mcu_fd_sc_mcu7t5v0__dlyb_1)
     1    0.056747    0.636039    0.850592    2.083599 ^ output54/Z (gf180mcu_fd_sc_mcu7t5v0__dlyb_1)
                                                         core_rx_selected_complete (net)
                      0.636058    0.001940    2.085539 ^ core_rx_selected_complete (out)
                                              2.085539   data arrival time

                                 16.000000   16.000000   clock clk (rise edge)
                                  0.000000   16.000000   clock network delay (propagated)
                                 -0.250000   15.750001   clock uncertainty
                                  0.000000   15.750001   clock reconvergence pessimism
                                 -3.200000   12.550000   output external delay
                                             12.550000   data required time
---------------------------------------------------------------------------------------------
                                             12.550000   data required time
                                             -2.085539   data arrival time
---------------------------------------------------------------------------------------------
                                             10.464461   slack (MET)


Startpoint: _802_ (rising edge-triggered flip-flop clocked by clk)
Endpoint: job_head_command[4] (output port clocked by clk)
Path Group: clk
Path Type: max

Fanout         Cap        Slew       Delay        Time   Description
---------------------------------------------------------------------------------------------
                                  0.000000    0.000000   clock clk (rise edge)
                                  0.000000    0.000000   clock source latency
     2    0.092910    0.000000    0.000000    0.000000 ^ clk (in)
                                                         clk (net)
                      0.025556    0.010453    0.010453 ^ clkbuf_0_clk/I (gf180mcu_fd_sc_mcu7t5v0__clkbuf_16)
     8    0.205666    0.162120    0.208071    0.218524 ^ clkbuf_0_clk/Z (gf180mcu_fd_sc_mcu7t5v0__clkbuf_16)
                                                         clknet_0_clk (net)
                      0.163540    0.010151    0.228675 ^ clkbuf_3_0_0_clk/I (gf180mcu_fd_sc_mcu7t5v0__clkbuf_8)
    12    0.099450    0.159395    0.230900    0.459576 ^ clkbuf_3_0_0_clk/Z (gf180mcu_fd_sc_mcu7t5v0__clkbuf_8)
                                                         clknet_3_0_0_clk (net)
                      0.159824    0.007600    0.467176 ^ _802_/CLK (gf180mcu_fd_sc_mcu7t5v0__dffrnq_1)
     4    0.036719    0.427045    0.756115    1.223290 ^ _802_/Q (gf180mcu_fd_sc_mcu7t5v0__dffrnq_1)
                                                         net102 (net)
                      0.427047    0.000489    1.223780 ^ output102/I (gf180mcu_fd_sc_mcu7t5v0__dlyb_1)
     1    0.054448    0.611737    0.848868    2.072647 ^ output102/Z (gf180mcu_fd_sc_mcu7t5v0__dlyb_1)
                                                         job_head_command[4] (net)
                      0.611745    0.001208    2.073855 ^ job_head_command[4] (out)
                                              2.073855   data arrival time

                                 16.000000   16.000000   clock clk (rise edge)
                                  0.000000   16.000000   clock network delay (propagated)
                                 -0.250000   15.750001   clock uncertainty
                                  0.000000   15.750001   clock reconvergence pessimism
                                 -3.200000   12.550000   output external delay
                                             12.550000   data required time
---------------------------------------------------------------------------------------------
                                             12.550000   data required time
                                             -2.073855   data arrival time
---------------------------------------------------------------------------------------------
                                             10.476145   slack (MET)


Startpoint: _800_ (rising edge-triggered flip-flop clocked by clk)
Endpoint: job_head_command[2] (output port clocked by clk)
Path Group: clk
Path Type: max

Fanout         Cap        Slew       Delay        Time   Description
---------------------------------------------------------------------------------------------
                                  0.000000    0.000000   clock clk (rise edge)
                                  0.000000    0.000000   clock source latency
     2    0.092910    0.000000    0.000000    0.000000 ^ clk (in)
                                                         clk (net)
                      0.025556    0.010453    0.010453 ^ clkbuf_0_clk/I (gf180mcu_fd_sc_mcu7t5v0__clkbuf_16)
     8    0.205666    0.162120    0.208071    0.218524 ^ clkbuf_0_clk/Z (gf180mcu_fd_sc_mcu7t5v0__clkbuf_16)
                                                         clknet_0_clk (net)
                      0.163506    0.010019    0.228543 ^ clkbuf_3_1_0_clk/I (gf180mcu_fd_sc_mcu7t5v0__clkbuf_8)
    16    0.119720    0.182888    0.245031    0.473574 ^ clkbuf_3_1_0_clk/Z (gf180mcu_fd_sc_mcu7t5v0__clkbuf_8)
                                                         clknet_3_1_0_clk (net)
                      0.184027    0.008405    0.481979 ^ _800_/CLK (gf180mcu_fd_sc_mcu7t5v0__dffrnq_1)
     5    0.031657    0.375375    0.729558    1.211538 ^ _800_/Q (gf180mcu_fd_sc_mcu7t5v0__dffrnq_1)
                                                         net100 (net)
                      0.375377    0.000450    1.211987 ^ output100/I (gf180mcu_fd_sc_mcu7t5v0__dlyb_1)
     1    0.055215    0.619742    0.853451    2.065438 ^ output100/Z (gf180mcu_fd_sc_mcu7t5v0__dlyb_1)
                                                         job_head_command[2] (net)
                      0.619751    0.001328    2.066766 ^ job_head_command[2] (out)
                                              2.066766   data arrival time

                                 16.000000   16.000000   clock clk (rise edge)
                                  0.000000   16.000000   clock network delay (propagated)
                                 -0.250000   15.750001   clock uncertainty
                                  0.000000   15.750001   clock reconvergence pessimism
                                 -3.200000   12.550000   output external delay
                                             12.550000   data required time
---------------------------------------------------------------------------------------------
                                             12.550000   data required time
                                             -2.066766   data arrival time
---------------------------------------------------------------------------------------------
                                             10.483234   slack (MET)


Startpoint: _799_ (rising edge-triggered flip-flop clocked by clk)
Endpoint: job_head_command[1] (output port clocked by clk)
Path Group: clk
Path Type: max

Fanout         Cap        Slew       Delay        Time   Description
---------------------------------------------------------------------------------------------
                                  0.000000    0.000000   clock clk (rise edge)
                                  0.000000    0.000000   clock source latency
     2    0.092910    0.000000    0.000000    0.000000 ^ clk (in)
                                                         clk (net)
                      0.025556    0.010453    0.010453 ^ clkbuf_0_clk/I (gf180mcu_fd_sc_mcu7t5v0__clkbuf_16)
     8    0.205666    0.162120    0.208071    0.218524 ^ clkbuf_0_clk/Z (gf180mcu_fd_sc_mcu7t5v0__clkbuf_16)
                                                         clknet_0_clk (net)
                      0.163506    0.010019    0.228543 ^ clkbuf_3_1_0_clk/I (gf180mcu_fd_sc_mcu7t5v0__clkbuf_8)
    16    0.119720    0.182888    0.245031    0.473574 ^ clkbuf_3_1_0_clk/Z (gf180mcu_fd_sc_mcu7t5v0__clkbuf_8)
                                                         clknet_3_1_0_clk (net)
                      0.183986    0.008205    0.481779 ^ _799_/CLK (gf180mcu_fd_sc_mcu7t5v0__dffrnq_1)
     5    0.033630    0.395298    0.741651    1.223430 ^ _799_/Q (gf180mcu_fd_sc_mcu7t5v0__dffrnq_1)
                                                         net99 (net)
                      0.395302    0.000707    1.224137 ^ output99/I (gf180mcu_fd_sc_mcu7t5v0__dlyb_1)
     1    0.052145    0.587492    0.835265    2.059402 ^ output99/Z (gf180mcu_fd_sc_mcu7t5v0__dlyb_1)
                                                         job_head_command[1] (net)
                      0.587492    0.000576    2.059977 ^ job_head_command[1] (out)
                                              2.059977   data arrival time

                                 16.000000   16.000000   clock clk (rise edge)
                                  0.000000   16.000000   clock network delay (propagated)
                                 -0.250000   15.750001   clock uncertainty
                                  0.000000   15.750001   clock reconvergence pessimism
                                 -3.200000   12.550000   output external delay
                                             12.550000   data required time
---------------------------------------------------------------------------------------------
                                             12.550000   data required time
                                             -2.059977   data arrival time
---------------------------------------------------------------------------------------------
                                             10.490024   slack (MET)


Startpoint: _767_ (rising edge-triggered flip-flop clocked by clk)
Endpoint: standalone_active_o (output port clocked by clk)
Path Group: clk
Path Type: max

Fanout         Cap        Slew       Delay        Time   Description
---------------------------------------------------------------------------------------------
                                  0.000000    0.000000   clock clk (rise edge)
                                  0.000000    0.000000   clock source latency
     2    0.092910    0.000000    0.000000    0.000000 ^ clk (in)
                                                         clk (net)
                      0.025556    0.010453    0.010453 ^ clkbuf_0_clk/I (gf180mcu_fd_sc_mcu7t5v0__clkbuf_16)
     8    0.205666    0.162120    0.208071    0.218524 ^ clkbuf_0_clk/Z (gf180mcu_fd_sc_mcu7t5v0__clkbuf_16)
                                                         clknet_0_clk (net)
                      0.163389    0.009561    0.228086 ^ clkbuf_3_2_0_clk/I (gf180mcu_fd_sc_mcu7t5v0__clkbuf_8)
    12    0.104111    0.165820    0.235271    0.463356 ^ clkbuf_3_2_0_clk/Z (gf180mcu_fd_sc_mcu7t5v0__clkbuf_8)
                                                         clknet_3_2_0_clk (net)
                      0.166039    0.006030    0.469386 ^ _767_/CLK (gf180mcu_fd_sc_mcu7t5v0__dffrnq_1)
     4    0.034358    0.402739    0.742733    1.212119 ^ _767_/Q (gf180mcu_fd_sc_mcu7t5v0__dffrnq_1)
                                                         net107 (net)
                      0.402741    0.000529    1.212648 ^ output107/I (gf180mcu_fd_sc_mcu7t5v0__dlyb_1)
     1    0.053747    0.604402    0.845302    2.057950 ^ output107/Z (gf180mcu_fd_sc_mcu7t5v0__dlyb_1)
                                                         standalone_active_o (net)
                      0.604405    0.000717    2.058666 ^ standalone_active_o (out)
                                              2.058666   data arrival time

                                 16.000000   16.000000   clock clk (rise edge)
                                  0.000000   16.000000   clock network delay (propagated)
                                 -0.250000   15.750001   clock uncertainty
                                  0.000000   15.750001   clock reconvergence pessimism
                                 -3.200000   12.550000   output external delay
                                             12.550000   data required time
---------------------------------------------------------------------------------------------
                                             12.550000   data required time
                                             -2.058666   data arrival time
---------------------------------------------------------------------------------------------
                                             10.491334   slack (MET)


Startpoint: _801_ (rising edge-triggered flip-flop clocked by clk)
Endpoint: job_head_command[3] (output port clocked by clk)
Path Group: clk
Path Type: max

Fanout         Cap        Slew       Delay        Time   Description
---------------------------------------------------------------------------------------------
                                  0.000000    0.000000   clock clk (rise edge)
                                  0.000000    0.000000   clock source latency
     2    0.092910    0.000000    0.000000    0.000000 ^ clk (in)
                                                         clk (net)
                      0.025556    0.010453    0.010453 ^ clkbuf_0_clk/I (gf180mcu_fd_sc_mcu7t5v0__clkbuf_16)
     8    0.205666    0.162120    0.208071    0.218524 ^ clkbuf_0_clk/Z (gf180mcu_fd_sc_mcu7t5v0__clkbuf_16)
                                                         clknet_0_clk (net)
                      0.163540    0.010151    0.228675 ^ clkbuf_3_0_0_clk/I (gf180mcu_fd_sc_mcu7t5v0__clkbuf_8)
    12    0.099450    0.159395    0.230900    0.459576 ^ clkbuf_3_0_0_clk/Z (gf180mcu_fd_sc_mcu7t5v0__clkbuf_8)
                                                         clknet_3_0_0_clk (net)
                      0.159803    0.007458    0.467034 ^ _801_/CLK (gf180mcu_fd_sc_mcu7t5v0__dffrnq_1)
     4    0.026018    0.318231    0.689631    1.156665 ^ _801_/Q (gf180mcu_fd_sc_mcu7t5v0__dffrnq_1)
                                                         net101 (net)
                      0.318231    0.000291    1.156956 ^ output101/I (gf180mcu_fd_sc_mcu7t5v0__dlyb_1)
     1    0.056205    0.630353    0.858841    2.015798 ^ output101/Z (gf180mcu_fd_sc_mcu7t5v0__dlyb_1)
                                                         job_head_command[3] (net)
                      0.630357    0.000890    2.016687 ^ job_head_command[3] (out)
                                              2.016687   data arrival time

                                 16.000000   16.000000   clock clk (rise edge)
                                  0.000000   16.000000   clock network delay (propagated)
                                 -0.250000   15.750001   clock uncertainty
                                  0.000000   15.750001   clock reconvergence pessimism
                                 -3.200000   12.550000   output external delay
                                             12.550000   data required time
---------------------------------------------------------------------------------------------
                                             12.550000   data required time
                                             -2.016687   data arrival time
---------------------------------------------------------------------------------------------
                                             10.533313   slack (MET)


Startpoint: _797_ (rising edge-triggered flip-flop clocked by clk)
Endpoint: core_ofdm_active (output port clocked by clk)
Path Group: clk
Path Type: max

Fanout         Cap        Slew       Delay        Time   Description
---------------------------------------------------------------------------------------------
                                  0.000000    0.000000   clock clk (rise edge)
                                  0.000000    0.000000   clock source latency
     2    0.092910    0.000000    0.000000    0.000000 ^ clk (in)
                                                         clk (net)
                      0.025556    0.010453    0.010453 ^ clkbuf_0_clk/I (gf180mcu_fd_sc_mcu7t5v0__clkbuf_16)
     8    0.205666    0.162120    0.208071    0.218524 ^ clkbuf_0_clk/Z (gf180mcu_fd_sc_mcu7t5v0__clkbuf_16)
                                                         clknet_0_clk (net)
                      0.163389    0.009561    0.228086 ^ clkbuf_3_2_0_clk/I (gf180mcu_fd_sc_mcu7t5v0__clkbuf_8)
    12    0.104111    0.165820    0.235271    0.463356 ^ clkbuf_3_2_0_clk/Z (gf180mcu_fd_sc_mcu7t5v0__clkbuf_8)
                                                         clknet_3_2_0_clk (net)
                      0.166003    0.005661    0.469018 ^ _797_/CLK (gf180mcu_fd_sc_mcu7t5v0__dffrnq_1)
     4    0.029282    0.351216    0.711158    1.180175 ^ _797_/Q (gf180mcu_fd_sc_mcu7t5v0__dffrnq_1)
                                                         net51 (net)
                      0.351217    0.000476    1.180651 ^ output51/I (gf180mcu_fd_sc_mcu7t5v0__dlyb_1)
     1    0.051000    0.575448    0.827396    2.008048 ^ output51/Z (gf180mcu_fd_sc_mcu7t5v0__dlyb_1)
                                                         core_ofdm_active (net)
                      0.575448    0.000389    2.008437 ^ core_ofdm_active (out)
                                              2.008437   data arrival time

                                 16.000000   16.000000   clock clk (rise edge)
                                  0.000000   16.000000   clock network delay (propagated)
                                 -0.250000   15.750001   clock uncertainty
                                  0.000000   15.750001   clock reconvergence pessimism
                                 -3.200000   12.550000   output external delay
                                             12.550000   data required time
---------------------------------------------------------------------------------------------
                                             12.550000   data required time
                                             -2.008437   data arrival time
---------------------------------------------------------------------------------------------
                                             10.541563   slack (MET)


Startpoint: _803_ (rising edge-triggered flip-flop clocked by clk)
Endpoint: job_head_command[5] (output port clocked by clk)
Path Group: clk
Path Type: max

Fanout         Cap        Slew       Delay        Time   Description
---------------------------------------------------------------------------------------------
                                  0.000000    0.000000   clock clk (rise edge)
                                  0.000000    0.000000   clock source latency
     2    0.092910    0.000000    0.000000    0.000000 ^ clk (in)
                                                         clk (net)
                      0.025556    0.010453    0.010453 ^ clkbuf_0_clk/I (gf180mcu_fd_sc_mcu7t5v0__clkbuf_16)
     8    0.205666    0.162120    0.208071    0.218524 ^ clkbuf_0_clk/Z (gf180mcu_fd_sc_mcu7t5v0__clkbuf_16)
                                                         clknet_0_clk (net)
                      0.163540    0.010151    0.228675 ^ clkbuf_3_0_0_clk/I (gf180mcu_fd_sc_mcu7t5v0__clkbuf_8)
    12    0.099450    0.159395    0.230900    0.459576 ^ clkbuf_3_0_0_clk/Z (gf180mcu_fd_sc_mcu7t5v0__clkbuf_8)
                                                         clknet_3_0_0_clk (net)
                      0.159767    0.007208    0.466784 ^ _803_/CLK (gf180mcu_fd_sc_mcu7t5v0__dffrnq_1)
     3    0.021856    0.276178    0.663639    1.130423 ^ _803_/Q (gf180mcu_fd_sc_mcu7t5v0__dffrnq_1)
                                                         net103 (net)
                      0.276178    0.000121    1.130544 ^ output103/I (gf180mcu_fd_sc_mcu7t5v0__dlyb_1)
     1    0.051640    0.582054    0.829522    1.960065 ^ output103/Z (gf180mcu_fd_sc_mcu7t5v0__dlyb_1)
                                                         job_head_command[5] (net)
                      0.582058    0.000875    1.960941 ^ job_head_command[5] (out)
                                              1.960941   data arrival time

                                 16.000000   16.000000   clock clk (rise edge)
                                  0.000000   16.000000   clock network delay (propagated)
                                 -0.250000   15.750001   clock uncertainty
                                  0.000000   15.750001   clock reconvergence pessimism
                                 -3.200000   12.550000   output external delay
                                             12.550000   data required time
---------------------------------------------------------------------------------------------
                                             12.550000   data required time
                                             -1.960941   data arrival time
---------------------------------------------------------------------------------------------
                                             10.589060   slack (MET)


Startpoint: _778_ (rising edge-triggered flip-flop clocked by clk)
Endpoint: debug_wdata_o[2] (output port clocked by clk)
Path Group: clk
Path Type: max

Fanout         Cap        Slew       Delay        Time   Description
---------------------------------------------------------------------------------------------
                                  0.000000    0.000000   clock clk (rise edge)
                                  0.000000    0.000000   clock source latency
     2    0.092910    0.000000    0.000000    0.000000 ^ clk (in)
                                                         clk (net)
                      0.025556    0.010453    0.010453 ^ clkbuf_0_clk/I (gf180mcu_fd_sc_mcu7t5v0__clkbuf_16)
     8    0.205666    0.162120    0.208071    0.218524 ^ clkbuf_0_clk/Z (gf180mcu_fd_sc_mcu7t5v0__clkbuf_16)
                                                         clknet_0_clk (net)
                      0.163506    0.010019    0.228543 ^ clkbuf_3_1_0_clk/I (gf180mcu_fd_sc_mcu7t5v0__clkbuf_8)
    16    0.119720    0.182888    0.245031    0.473574 ^ clkbuf_3_1_0_clk/Z (gf180mcu_fd_sc_mcu7t5v0__clkbuf_8)
                                                         clknet_3_1_0_clk (net)
                      0.184220    0.009307    0.482881 ^ _778_/CLK (gf180mcu_fd_sc_mcu7t5v0__dffrnq_1)
     2    0.014616    0.203899    0.622492    1.105373 ^ _778_/Q (gf180mcu_fd_sc_mcu7t5v0__dffrnq_1)
                                                         net74 (net)
                      0.203899    0.000202    1.105575 ^ output74/I (gf180mcu_fd_sc_mcu7t5v0__dlyb_1)
     1    0.055664    0.624334    0.851402    1.956977 ^ output74/Z (gf180mcu_fd_sc_mcu7t5v0__dlyb_1)
                                                         debug_wdata_o[2] (net)
                      0.624351    0.001852    1.958830 ^ debug_wdata_o[2] (out)
                                              1.958830   data arrival time

                                 16.000000   16.000000   clock clk (rise edge)
                                  0.000000   16.000000   clock network delay (propagated)
                                 -0.250000   15.750001   clock uncertainty
                                  0.000000   15.750001   clock reconvergence pessimism
                                 -3.200000   12.550000   output external delay
                                             12.550000   data required time
---------------------------------------------------------------------------------------------
                                             12.550000   data required time
                                             -1.958830   data arrival time
---------------------------------------------------------------------------------------------
                                             10.591171   slack (MET)


Startpoint: _804_ (rising edge-triggered flip-flop clocked by clk)
Endpoint: job_head_command[6] (output port clocked by clk)
Path Group: clk
Path Type: max

Fanout         Cap        Slew       Delay        Time   Description
---------------------------------------------------------------------------------------------
                                  0.000000    0.000000   clock clk (rise edge)
                                  0.000000    0.000000   clock source latency
     2    0.092910    0.000000    0.000000    0.000000 ^ clk (in)
                                                         clk (net)
                      0.025556    0.010453    0.010453 ^ clkbuf_0_clk/I (gf180mcu_fd_sc_mcu7t5v0__clkbuf_16)
     8    0.205666    0.162120    0.208071    0.218524 ^ clkbuf_0_clk/Z (gf180mcu_fd_sc_mcu7t5v0__clkbuf_16)
                                                         clknet_0_clk (net)
                      0.163540    0.010151    0.228675 ^ clkbuf_3_0_0_clk/I (gf180mcu_fd_sc_mcu7t5v0__clkbuf_8)
    12    0.099450    0.159395    0.230900    0.459576 ^ clkbuf_3_0_0_clk/Z (gf180mcu_fd_sc_mcu7t5v0__clkbuf_8)
                                                         clknet_3_0_0_clk (net)
                      0.159808    0.007492    0.467068 ^ _804_/CLK (gf180mcu_fd_sc_mcu7t5v0__dffrnq_1)
     3    0.019561    0.252977    0.649296    1.116364 ^ _804_/Q (gf180mcu_fd_sc_mcu7t5v0__dffrnq_1)
                                                         net104 (net)
                      0.252977    0.000488    1.116853 ^ output104/I (gf180mcu_fd_sc_mcu7t5v0__dlyb_1)
     1    0.053327    0.599816    0.839407    1.956259 ^ output104/Z (gf180mcu_fd_sc_mcu7t5v0__dlyb_1)
                                                         job_head_command[6] (net)
                      0.599823    0.001116    1.957375 ^ job_head_command[6] (out)
                                              1.957375   data arrival time

                                 16.000000   16.000000   clock clk (rise edge)
                                  0.000000   16.000000   clock network delay (propagated)
                                 -0.250000   15.750001   clock uncertainty
                                  0.000000   15.750001   clock reconvergence pessimism
                                 -3.200000   12.550000   output external delay
                                             12.550000   data required time
---------------------------------------------------------------------------------------------
                                             12.550000   data required time
                                             -1.957375   data arrival time
---------------------------------------------------------------------------------------------
                                             10.592626   slack (MET)


Startpoint: _771_ (rising edge-triggered flip-flop clocked by clk)
Endpoint: debug_addr_o[3] (output port clocked by clk)
Path Group: clk
Path Type: max

Fanout         Cap        Slew       Delay        Time   Description
---------------------------------------------------------------------------------------------
                                  0.000000    0.000000   clock clk (rise edge)
                                  0.000000    0.000000   clock source latency
     2    0.092910    0.000000    0.000000    0.000000 ^ clk (in)
                                                         clk (net)
                      0.025556    0.010453    0.010453 ^ clkbuf_0_clk/I (gf180mcu_fd_sc_mcu7t5v0__clkbuf_16)
     8    0.205666    0.162120    0.208071    0.218524 ^ clkbuf_0_clk/Z (gf180mcu_fd_sc_mcu7t5v0__clkbuf_16)
                                                         clknet_0_clk (net)
                      0.163506    0.010019    0.228543 ^ clkbuf_3_1_0_clk/I (gf180mcu_fd_sc_mcu7t5v0__clkbuf_8)
    16    0.119720    0.182888    0.245031    0.473574 ^ clkbuf_3_1_0_clk/Z (gf180mcu_fd_sc_mcu7t5v0__clkbuf_8)
                                                         clknet_3_1_0_clk (net)
                      0.184171    0.009083    0.482658 ^ _771_/CLK (gf180mcu_fd_sc_mcu7t5v0__dffrnq_1)
     2    0.016695    0.224343    0.635799    1.118456 ^ _771_/Q (gf180mcu_fd_sc_mcu7t5v0__dffrnq_1)
                                                         net59 (net)
                      0.224343    0.000279    1.118735 ^ output59/I (gf180mcu_fd_sc_mcu7t5v0__dlyb_1)
     1    0.052907    0.595385    0.836245    1.954980 ^ output59/Z (gf180mcu_fd_sc_mcu7t5v0__dlyb_1)
                                                         debug_addr_o[3] (net)
                      0.595391    0.001094    1.956074 ^ debug_addr_o[3] (out)
                                              1.956074   data arrival time

                                 16.000000   16.000000   clock clk (rise edge)
                                  0.000000   16.000000   clock network delay (propagated)
                                 -0.250000   15.750001   clock uncertainty
                                  0.000000   15.750001   clock reconvergence pessimism
                                 -3.200000   12.550000   output external delay
                                             12.550000   data required time
---------------------------------------------------------------------------------------------
                                             12.550000   data required time
                                             -1.956074   data arrival time
---------------------------------------------------------------------------------------------
                                             10.593927   slack (MET)


Startpoint: _773_ (rising edge-triggered flip-flop clocked by clk)
Endpoint: debug_addr_o[5] (output port clocked by clk)
Path Group: clk
Path Type: max

Fanout         Cap        Slew       Delay        Time   Description
---------------------------------------------------------------------------------------------
                                  0.000000    0.000000   clock clk (rise edge)
                                  0.000000    0.000000   clock source latency
     2    0.092910    0.000000    0.000000    0.000000 ^ clk (in)
                                                         clk (net)
                      0.025556    0.010453    0.010453 ^ clkbuf_0_clk/I (gf180mcu_fd_sc_mcu7t5v0__clkbuf_16)
     8    0.205666    0.162120    0.208071    0.218524 ^ clkbuf_0_clk/Z (gf180mcu_fd_sc_mcu7t5v0__clkbuf_16)
                                                         clknet_0_clk (net)
                      0.163506    0.010019    0.228543 ^ clkbuf_3_1_0_clk/I (gf180mcu_fd_sc_mcu7t5v0__clkbuf_8)
    16    0.119720    0.182888    0.245031    0.473574 ^ clkbuf_3_1_0_clk/Z (gf180mcu_fd_sc_mcu7t5v0__clkbuf_8)
                                                         clknet_3_1_0_clk (net)
                      0.184120    0.008846    0.482420 ^ _773_/CLK (gf180mcu_fd_sc_mcu7t5v0__dffrnq_1)
     2    0.015969    0.217191    0.631123    1.113543 ^ _773_/Q (gf180mcu_fd_sc_mcu7t5v0__dffrnq_1)
                                                         net61 (net)
                      0.217191    0.000114    1.113657 ^ output61/I (gf180mcu_fd_sc_mcu7t5v0__dlyb_1)
     1    0.052840    0.594712    0.835575    1.949232 ^ output61/Z (gf180mcu_fd_sc_mcu7t5v0__dlyb_1)
                                                         debug_addr_o[5] (net)
                      0.594717    0.001011    1.950243 ^ debug_addr_o[5] (out)
                                              1.950243   data arrival time

                                 16.000000   16.000000   clock clk (rise edge)
                                  0.000000   16.000000   clock network delay (propagated)
                                 -0.250000   15.750001   clock uncertainty
                                  0.000000   15.750001   clock reconvergence pessimism
                                 -3.200000   12.550000   output external delay
                                             12.550000   data required time
---------------------------------------------------------------------------------------------
                                             12.550000   data required time
                                             -1.950243   data arrival time
---------------------------------------------------------------------------------------------
                                             10.599758   slack (MET)


Startpoint: _775_ (rising edge-triggered flip-flop clocked by clk)
Endpoint: debug_addr_o[7] (output port clocked by clk)
Path Group: clk
Path Type: max

Fanout         Cap        Slew       Delay        Time   Description
---------------------------------------------------------------------------------------------
                                  0.000000    0.000000   clock clk (rise edge)
                                  0.000000    0.000000   clock source latency
     2    0.092910    0.000000    0.000000    0.000000 ^ clk (in)
                                                         clk (net)
                      0.025556    0.010453    0.010453 ^ clkbuf_0_clk/I (gf180mcu_fd_sc_mcu7t5v0__clkbuf_16)
     8    0.205666    0.162120    0.208071    0.218524 ^ clkbuf_0_clk/Z (gf180mcu_fd_sc_mcu7t5v0__clkbuf_16)
                                                         clknet_0_clk (net)
                      0.163506    0.010019    0.228543 ^ clkbuf_3_1_0_clk/I (gf180mcu_fd_sc_mcu7t5v0__clkbuf_8)
    16    0.119720    0.182888    0.245031    0.473574 ^ clkbuf_3_1_0_clk/Z (gf180mcu_fd_sc_mcu7t5v0__clkbuf_8)
                                                         clknet_3_1_0_clk (net)
                      0.184089    0.008699    0.482274 ^ _775_/CLK (gf180mcu_fd_sc_mcu7t5v0__dffrnq_1)
     2    0.016018    0.217664    0.631400    1.113674 ^ _775_/Q (gf180mcu_fd_sc_mcu7t5v0__dffrnq_1)
                                                         net63 (net)
                      0.217664    0.000319    1.113993 ^ output63/I (gf180mcu_fd_sc_mcu7t5v0__dlyb_1)
     1    0.052542    0.591552    0.833744    1.947737 ^ output63/Z (gf180mcu_fd_sc_mcu7t5v0__dlyb_1)
                                                         debug_addr_o[7] (net)
                      0.591558    0.001032    1.948768 ^ debug_addr_o[7] (out)
                                              1.948768   data arrival time

                                 16.000000   16.000000   clock clk (rise edge)
                                  0.000000   16.000000   clock network delay (propagated)
                                 -0.250000   15.750001   clock uncertainty
                                  0.000000   15.750001   clock reconvergence pessimism
                                 -3.200000   12.550000   output external delay
                                             12.550000   data required time
---------------------------------------------------------------------------------------------
                                             12.550000   data required time
                                             -1.948768   data arrival time
---------------------------------------------------------------------------------------------
                                             10.601233   slack (MET)


Startpoint: _782_ (rising edge-triggered flip-flop clocked by clk)
Endpoint: debug_wdata_o[6] (output port clocked by clk)
Path Group: clk
Path Type: max

Fanout         Cap        Slew       Delay        Time   Description
---------------------------------------------------------------------------------------------
                                  0.000000    0.000000   clock clk (rise edge)
                                  0.000000    0.000000   clock source latency
     2    0.092910    0.000000    0.000000    0.000000 ^ clk (in)
                                                         clk (net)
                      0.025556    0.010453    0.010453 ^ clkbuf_0_clk/I (gf180mcu_fd_sc_mcu7t5v0__clkbuf_16)
     8    0.205666    0.162120    0.208071    0.218524 ^ clkbuf_0_clk/Z (gf180mcu_fd_sc_mcu7t5v0__clkbuf_16)
                                                         clknet_0_clk (net)
                      0.163506    0.010019    0.228543 ^ clkbuf_3_1_0_clk/I (gf180mcu_fd_sc_mcu7t5v0__clkbuf_8)
    16    0.119720    0.182888    0.245031    0.473574 ^ clkbuf_3_1_0_clk/Z (gf180mcu_fd_sc_mcu7t5v0__clkbuf_8)
                                                         clknet_3_1_0_clk (net)
                      0.184178    0.009115    0.482689 ^ _782_/CLK (gf180mcu_fd_sc_mcu7t5v0__dffrnq_1)
     2    0.015542    0.212972    0.628350    1.111039 ^ _782_/Q (gf180mcu_fd_sc_mcu7t5v0__dffrnq_1)
                                                         net78 (net)
                      0.212972    0.000374    1.111413 ^ output78/I (gf180mcu_fd_sc_mcu7t5v0__dlyb_1)
     1    0.052614    0.592336    0.833807    1.945220 ^ output78/Z (gf180mcu_fd_sc_mcu7t5v0__dlyb_1)
                                                         debug_wdata_o[6] (net)
                      0.592341    0.000997    1.946218 ^ debug_wdata_o[6] (out)
                                              1.946218   data arrival time

                                 16.000000   16.000000   clock clk (rise edge)
                                  0.000000   16.000000   clock network delay (propagated)
                                 -0.250000   15.750001   clock uncertainty
                                  0.000000   15.750001   clock reconvergence pessimism
                                 -3.200000   12.550000   output external delay
                                             12.550000   data required time
---------------------------------------------------------------------------------------------
                                             12.550000   data required time
                                             -1.946218   data arrival time
---------------------------------------------------------------------------------------------
                                             10.603783   slack (MET)


Startpoint: _805_ (rising edge-triggered flip-flop clocked by clk)
Endpoint: job_head_command[7] (output port clocked by clk)
Path Group: clk
Path Type: max

Fanout         Cap        Slew       Delay        Time   Description
---------------------------------------------------------------------------------------------
                                  0.000000    0.000000   clock clk (rise edge)
                                  0.000000    0.000000   clock source latency
     2    0.092910    0.000000    0.000000    0.000000 ^ clk (in)
                                                         clk (net)
                      0.025556    0.010453    0.010453 ^ clkbuf_0_clk/I (gf180mcu_fd_sc_mcu7t5v0__clkbuf_16)
     8    0.205666    0.162120    0.208071    0.218524 ^ clkbuf_0_clk/Z (gf180mcu_fd_sc_mcu7t5v0__clkbuf_16)
                                                         clknet_0_clk (net)
                      0.163540    0.010151    0.228675 ^ clkbuf_3_0_0_clk/I (gf180mcu_fd_sc_mcu7t5v0__clkbuf_8)
    12    0.099450    0.159395    0.230900    0.459576 ^ clkbuf_3_0_0_clk/Z (gf180mcu_fd_sc_mcu7t5v0__clkbuf_8)
                                                         clknet_3_0_0_clk (net)
                      0.159766    0.007201    0.466777 ^ _805_/CLK (gf180mcu_fd_sc_mcu7t5v0__dffrnq_1)
     3    0.017082    0.228136    0.633480    1.100258 ^ _805_/Q (gf180mcu_fd_sc_mcu7t5v0__dffrnq_1)
                                                         net105 (net)
                      0.228136    0.000297    1.100555 ^ output105/I (gf180mcu_fd_sc_mcu7t5v0__dlyb_1)
     1    0.054064    0.607761    0.843868    1.944423 ^ output105/Z (gf180mcu_fd_sc_mcu7t5v0__dlyb_1)
                                                         job_head_command[7] (net)
                      0.607763    0.000671    1.945094 ^ job_head_command[7] (out)
                                              1.945094   data arrival time

                                 16.000000   16.000000   clock clk (rise edge)
                                  0.000000   16.000000   clock network delay (propagated)
                                 -0.250000   15.750001   clock uncertainty
                                  0.000000   15.750001   clock reconvergence pessimism
                                 -3.200000   12.550000   output external delay
                                             12.550000   data required time
---------------------------------------------------------------------------------------------
                                             12.550000   data required time
                                             -1.945094   data arrival time
---------------------------------------------------------------------------------------------
                                             10.604907   slack (MET)


Startpoint: _772_ (rising edge-triggered flip-flop clocked by clk)
Endpoint: debug_addr_o[4] (output port clocked by clk)
Path Group: clk
Path Type: max

Fanout         Cap        Slew       Delay        Time   Description
---------------------------------------------------------------------------------------------
                                  0.000000    0.000000   clock clk (rise edge)
                                  0.000000    0.000000   clock source latency
     2    0.092910    0.000000    0.000000    0.000000 ^ clk (in)
                                                         clk (net)
                      0.025556    0.010453    0.010453 ^ clkbuf_0_clk/I (gf180mcu_fd_sc_mcu7t5v0__clkbuf_16)
     8    0.205666    0.162120    0.208071    0.218524 ^ clkbuf_0_clk/Z (gf180mcu_fd_sc_mcu7t5v0__clkbuf_16)
                                                         clknet_0_clk (net)
                      0.163506    0.010019    0.228543 ^ clkbuf_3_1_0_clk/I (gf180mcu_fd_sc_mcu7t5v0__clkbuf_8)
    16    0.119720    0.182888    0.245031    0.473574 ^ clkbuf_3_1_0_clk/Z (gf180mcu_fd_sc_mcu7t5v0__clkbuf_8)
                                                         clknet_3_1_0_clk (net)
                      0.184200    0.009215    0.482789 ^ _772_/CLK (gf180mcu_fd_sc_mcu7t5v0__dffrnq_1)
     2    0.013605    0.193848    0.615916    1.098705 ^ _772_/Q (gf180mcu_fd_sc_mcu7t5v0__dffrnq_1)
                                                         net60 (net)
                      0.193848    0.000234    1.098939 ^ output60/I (gf180mcu_fd_sc_mcu7t5v0__dlyb_1)
     1    0.054428    0.611482    0.843261    1.942200 ^ output60/Z (gf180mcu_fd_sc_mcu7t5v0__dlyb_1)
                                                         debug_addr_o[4] (net)
                      0.611490    0.001258    1.943458 ^ debug_addr_o[4] (out)
                                              1.943458   data arrival time

                                 16.000000   16.000000   clock clk (rise edge)
                                  0.000000   16.000000   clock network delay (propagated)
                                 -0.250000   15.750001   clock uncertainty
                                  0.000000   15.750001   clock reconvergence pessimism
                                 -3.200000   12.550000   output external delay
                                             12.550000   data required time
---------------------------------------------------------------------------------------------
                                             12.550000   data required time
                                             -1.943458   data arrival time
---------------------------------------------------------------------------------------------
                                             10.606543   slack (MET)


Startpoint: _768_ (rising edge-triggered flip-flop clocked by clk)
Endpoint: debug_addr_o[0] (output port clocked by clk)
Path Group: clk
Path Type: max

Fanout         Cap        Slew       Delay        Time   Description
---------------------------------------------------------------------------------------------
                                  0.000000    0.000000   clock clk (rise edge)
                                  0.000000    0.000000   clock source latency
     2    0.092910    0.000000    0.000000    0.000000 ^ clk (in)
                                                         clk (net)
                      0.025556    0.010453    0.010453 ^ clkbuf_0_clk/I (gf180mcu_fd_sc_mcu7t5v0__clkbuf_16)
     8    0.205666    0.162120    0.208071    0.218524 ^ clkbuf_0_clk/Z (gf180mcu_fd_sc_mcu7t5v0__clkbuf_16)
                                                         clknet_0_clk (net)
                      0.163389    0.009561    0.228086 ^ clkbuf_3_2_0_clk/I (gf180mcu_fd_sc_mcu7t5v0__clkbuf_8)
    12    0.104111    0.165820    0.235271    0.463356 ^ clkbuf_3_2_0_clk/Z (gf180mcu_fd_sc_mcu7t5v0__clkbuf_8)
                                                         clknet_3_2_0_clk (net)
                      0.166054    0.006178    0.469535 ^ _768_/CLK (gf180mcu_fd_sc_mcu7t5v0__dffrnq_1)
     2    0.016405    0.221479    0.630367    1.099901 ^ _768_/Q (gf180mcu_fd_sc_mcu7t5v0__dffrnq_1)
                                                         net56 (net)
                      0.221479    0.000289    1.100191 ^ output56/I (gf180mcu_fd_sc_mcu7t5v0__dlyb_1)
     1    0.053697    0.603697    0.841031    1.941222 ^ output56/Z (gf180mcu_fd_sc_mcu7t5v0__dlyb_1)
                                                         debug_addr_o[0] (net)
                      0.603705    0.001199    1.942420 ^ debug_addr_o[0] (out)
                                              1.942420   data arrival time

                                 16.000000   16.000000   clock clk (rise edge)
                                  0.000000   16.000000   clock network delay (propagated)
                                 -0.250000   15.750001   clock uncertainty
                                  0.000000   15.750001   clock reconvergence pessimism
                                 -3.200000   12.550000   output external delay
                                             12.550000   data required time
---------------------------------------------------------------------------------------------
                                             12.550000   data required time
                                             -1.942420   data arrival time
---------------------------------------------------------------------------------------------
                                             10.607580   slack (MET)


Startpoint: _798_ (rising edge-triggered flip-flop clocked by clk)
Endpoint: job_head_command[0] (output port clocked by clk)
Path Group: clk
Path Type: max

Fanout         Cap        Slew       Delay        Time   Description
---------------------------------------------------------------------------------------------
                                  0.000000    0.000000   clock clk (rise edge)
                                  0.000000    0.000000   clock source latency
     2    0.092910    0.000000    0.000000    0.000000 ^ clk (in)
                                                         clk (net)
                      0.025556    0.010453    0.010453 ^ clkbuf_0_clk/I (gf180mcu_fd_sc_mcu7t5v0__clkbuf_16)
     8    0.205666    0.162120    0.208071    0.218524 ^ clkbuf_0_clk/Z (gf180mcu_fd_sc_mcu7t5v0__clkbuf_16)
                                                         clknet_0_clk (net)
                      0.163506    0.010019    0.228543 ^ clkbuf_3_1_0_clk/I (gf180mcu_fd_sc_mcu7t5v0__clkbuf_8)
    16    0.119720    0.182888    0.245031    0.473574 ^ clkbuf_3_1_0_clk/Z (gf180mcu_fd_sc_mcu7t5v0__clkbuf_8)
                                                         clknet_3_1_0_clk (net)
                      0.184091    0.008712    0.482287 ^ _798_/CLK (gf180mcu_fd_sc_mcu7t5v0__dffrnq_1)
     2    0.011560    0.173768    0.602766    1.085052 ^ _798_/Q (gf180mcu_fd_sc_mcu7t5v0__dffrnq_1)
                                                         net98 (net)
                      0.173768    0.000121    1.085173 ^ output98/I (gf180mcu_fd_sc_mcu7t5v0__dlyb_1)
     1    0.055789    0.626060    0.850286    1.935460 ^ output98/Z (gf180mcu_fd_sc_mcu7t5v0__dlyb_1)
                                                         job_head_command[0] (net)
                      0.626064    0.000886    1.936346 ^ job_head_command[0] (out)
                                              1.936346   data arrival time

                                 16.000000   16.000000   clock clk (rise edge)
                                  0.000000   16.000000   clock network delay (propagated)
                                 -0.250000   15.750001   clock uncertainty
                                  0.000000   15.750001   clock reconvergence pessimism
                                 -3.200000   12.550000   output external delay
                                             12.550000   data required time
---------------------------------------------------------------------------------------------
                                             12.550000   data required time
                                             -1.936346   data arrival time
---------------------------------------------------------------------------------------------
                                             10.613654   slack (MET)


Startpoint: _769_ (rising edge-triggered flip-flop clocked by clk)
Endpoint: debug_addr_o[1] (output port clocked by clk)
Path Group: clk
Path Type: max

Fanout         Cap        Slew       Delay        Time   Description
---------------------------------------------------------------------------------------------
                                  0.000000    0.000000   clock clk (rise edge)
                                  0.000000    0.000000   clock source latency
     2    0.092910    0.000000    0.000000    0.000000 ^ clk (in)
                                                         clk (net)
                      0.025556    0.010453    0.010453 ^ clkbuf_0_clk/I (gf180mcu_fd_sc_mcu7t5v0__clkbuf_16)
     8    0.205666    0.162120    0.208071    0.218524 ^ clkbuf_0_clk/Z (gf180mcu_fd_sc_mcu7t5v0__clkbuf_16)
                                                         clknet_0_clk (net)
                      0.163540    0.010151    0.228675 ^ clkbuf_3_0_0_clk/I (gf180mcu_fd_sc_mcu7t5v0__clkbuf_8)
    12    0.099450    0.159395    0.230900    0.459576 ^ clkbuf_3_0_0_clk/Z (gf180mcu_fd_sc_mcu7t5v0__clkbuf_8)
                                                         clknet_3_0_0_clk (net)
                      0.159730    0.006939    0.466515 ^ _769_/CLK (gf180mcu_fd_sc_mcu7t5v0__dffrnq_1)
     2    0.017330    0.230547    0.634998    1.101512 ^ _769_/Q (gf180mcu_fd_sc_mcu7t5v0__dffrnq_1)
                                                         net57 (net)
                      0.230547    0.000413    1.101926 ^ output57/I (gf180mcu_fd_sc_mcu7t5v0__dlyb_1)
     1    0.052430    0.590537    0.833841    1.935766 ^ output57/Z (gf180mcu_fd_sc_mcu7t5v0__dlyb_1)
                                                         debug_addr_o[1] (net)
                      0.590537    0.000516    1.936283 ^ debug_addr_o[1] (out)
                                              1.936283   data arrival time

                                 16.000000   16.000000   clock clk (rise edge)
                                  0.000000   16.000000   clock network delay (propagated)
                                 -0.250000   15.750001   clock uncertainty
                                  0.000000   15.750001   clock reconvergence pessimism
                                 -3.200000   12.550000   output external delay
                                             12.550000   data required time
---------------------------------------------------------------------------------------------
                                             12.550000   data required time
                                             -1.936283   data arrival time
---------------------------------------------------------------------------------------------
                                             10.613718   slack (MET)


Startpoint: _774_ (rising edge-triggered flip-flop clocked by clk)
Endpoint: debug_addr_o[6] (output port clocked by clk)
Path Group: clk
Path Type: max

Fanout         Cap        Slew       Delay        Time   Description
---------------------------------------------------------------------------------------------
                                  0.000000    0.000000   clock clk (rise edge)
                                  0.000000    0.000000   clock source latency
     2    0.092910    0.000000    0.000000    0.000000 ^ clk (in)
                                                         clk (net)
                      0.025556    0.010453    0.010453 ^ clkbuf_0_clk/I (gf180mcu_fd_sc_mcu7t5v0__clkbuf_16)
     8    0.205666    0.162120    0.208071    0.218524 ^ clkbuf_0_clk/Z (gf180mcu_fd_sc_mcu7t5v0__clkbuf_16)
                                                         clknet_0_clk (net)
                      0.163506    0.010019    0.228543 ^ clkbuf_3_1_0_clk/I (gf180mcu_fd_sc_mcu7t5v0__clkbuf_8)
    16    0.119720    0.182888    0.245031    0.473574 ^ clkbuf_3_1_0_clk/Z (gf180mcu_fd_sc_mcu7t5v0__clkbuf_8)
                                                         clknet_3_1_0_clk (net)
                      0.184164    0.009051    0.482625 ^ _774_/CLK (gf180mcu_fd_sc_mcu7t5v0__dffrnq_1)
     2    0.011809    0.176198    0.604358    1.086983 ^ _774_/Q (gf180mcu_fd_sc_mcu7t5v0__dffrnq_1)
                                                         net62 (net)
                      0.176198    0.000185    1.087168 ^ output62/I (gf180mcu_fd_sc_mcu7t5v0__dlyb_1)
     1    0.055079    0.618560    0.846121    1.933289 ^ output62/Z (gf180mcu_fd_sc_mcu7t5v0__dlyb_1)
                                                         debug_addr_o[6] (net)
                      0.618563    0.000817    1.934106 ^ debug_addr_o[6] (out)
                                              1.934106   data arrival time

                                 16.000000   16.000000   clock clk (rise edge)
                                  0.000000   16.000000   clock network delay (propagated)
                                 -0.250000   15.750001   clock uncertainty
                                  0.000000   15.750001   clock reconvergence pessimism
                                 -3.200000   12.550000   output external delay
                                             12.550000   data required time
---------------------------------------------------------------------------------------------
                                             12.550000   data required time
                                             -1.934106   data arrival time
---------------------------------------------------------------------------------------------
                                             10.615894   slack (MET)


Startpoint: _779_ (rising edge-triggered flip-flop clocked by clk)
Endpoint: debug_wdata_o[3] (output port clocked by clk)
Path Group: clk
Path Type: max

Fanout         Cap        Slew       Delay        Time   Description
---------------------------------------------------------------------------------------------
                                  0.000000    0.000000   clock clk (rise edge)
                                  0.000000    0.000000   clock source latency
     2    0.092910    0.000000    0.000000    0.000000 ^ clk (in)
                                                         clk (net)
                      0.025556    0.010453    0.010453 ^ clkbuf_0_clk/I (gf180mcu_fd_sc_mcu7t5v0__clkbuf_16)
     8    0.205666    0.162120    0.208071    0.218524 ^ clkbuf_0_clk/Z (gf180mcu_fd_sc_mcu7t5v0__clkbuf_16)
                                                         clknet_0_clk (net)
                      0.163707    0.010770    0.229295 ^ clkbuf_3_5_0_clk/I (gf180mcu_fd_sc_mcu7t5v0__clkbuf_8)
    14    0.096801    0.155490    0.228180    0.457475 ^ clkbuf_3_5_0_clk/Z (gf180mcu_fd_sc_mcu7t5v0__clkbuf_8)
                                                         clknet_3_5_0_clk (net)
                      0.156017    0.007822    0.465298 ^ _779_/CLK (gf180mcu_fd_sc_mcu7t5v0__dffrnq_1)
     2    0.015753    0.215052    0.624189    1.089487 ^ _779_/Q (gf180mcu_fd_sc_mcu7t5v0__dffrnq_1)
                                                         net75 (net)
                      0.215052    0.000311    1.089798 ^ output75/I (gf180mcu_fd_sc_mcu7t5v0__dlyb_1)
     1    0.050738    0.572714    0.822786    1.912585 ^ output75/Z (gf180mcu_fd_sc_mcu7t5v0__dlyb_1)
                                                         debug_wdata_o[3] (net)
                      0.572714    0.000358    1.912943 ^ debug_wdata_o[3] (out)
                                              1.912943   data arrival time

                                 16.000000   16.000000   clock clk (rise edge)
                                  0.000000   16.000000   clock network delay (propagated)
                                 -0.250000   15.750001   clock uncertainty
                                  0.000000   15.750001   clock reconvergence pessimism
                                 -3.200000   12.550000   output external delay
                                             12.550000   data required time
---------------------------------------------------------------------------------------------
                                             12.550000   data required time
                                             -1.912943   data arrival time
---------------------------------------------------------------------------------------------
                                             10.637057   slack (MET)


Startpoint: _786_ (rising edge-triggered flip-flop clocked by clk)
Endpoint: debug_wdata_o[10] (output port clocked by clk)
Path Group: clk
Path Type: max

Fanout         Cap        Slew       Delay        Time   Description
---------------------------------------------------------------------------------------------
                                  0.000000    0.000000   clock clk (rise edge)
                                  0.000000    0.000000   clock source latency
     2    0.092910    0.000000    0.000000    0.000000 ^ clk (in)
                                                         clk (net)
                      0.025556    0.010453    0.010453 ^ clkbuf_0_clk/I (gf180mcu_fd_sc_mcu7t5v0__clkbuf_16)
     8    0.205666    0.162120    0.208071    0.218524 ^ clkbuf_0_clk/Z (gf180mcu_fd_sc_mcu7t5v0__clkbuf_16)
                                                         clknet_0_clk (net)
                      0.163707    0.010770    0.229295 ^ clkbuf_3_5_0_clk/I (gf180mcu_fd_sc_mcu7t5v0__clkbuf_8)
    14    0.096801    0.155490    0.228180    0.457475 ^ clkbuf_3_5_0_clk/Z (gf180mcu_fd_sc_mcu7t5v0__clkbuf_8)
                                                         clknet_3_5_0_clk (net)
                      0.156055    0.008039    0.465514 ^ _786_/CLK (gf180mcu_fd_sc_mcu7t5v0__dffrnq_1)
     2    0.014941    0.207060    0.618973    1.084488 ^ _786_/Q (gf180mcu_fd_sc_mcu7t5v0__dffrnq_1)
                                                         net67 (net)
                      0.207060    0.000323    1.084811 ^ output67/I (gf180mcu_fd_sc_mcu7t5v0__dlyb_1)
     1    0.051352    0.579049    0.825528    1.910339 ^ output67/Z (gf180mcu_fd_sc_mcu7t5v0__dlyb_1)
                                                         debug_wdata_o[10] (net)
                      0.579052    0.000853    1.911192 ^ debug_wdata_o[10] (out)
                                              1.911192   data arrival time

                                 16.000000   16.000000   clock clk (rise edge)
                                  0.000000   16.000000   clock network delay (propagated)
                                 -0.250000   15.750001   clock uncertainty
                                  0.000000   15.750001   clock reconvergence pessimism
                                 -3.200000   12.550000   output external delay
                                             12.550000   data required time
---------------------------------------------------------------------------------------------
                                             12.550000   data required time
                                             -1.911192   data arrival time
---------------------------------------------------------------------------------------------
                                             10.638808   slack (MET)


Startpoint: _777_ (rising edge-triggered flip-flop clocked by clk)
Endpoint: debug_wdata_o[1] (output port clocked by clk)
Path Group: clk
Path Type: max

Fanout         Cap        Slew       Delay        Time   Description
---------------------------------------------------------------------------------------------
                                  0.000000    0.000000   clock clk (rise edge)
                                  0.000000    0.000000   clock source latency
     2    0.092910    0.000000    0.000000    0.000000 ^ clk (in)
                                                         clk (net)
                      0.025556    0.010453    0.010453 ^ clkbuf_0_clk/I (gf180mcu_fd_sc_mcu7t5v0__clkbuf_16)
     8    0.205666    0.162120    0.208071    0.218524 ^ clkbuf_0_clk/Z (gf180mcu_fd_sc_mcu7t5v0__clkbuf_16)
                                                         clknet_0_clk (net)
                      0.163657    0.010587    0.229112 ^ clkbuf_3_4_0_clk/I (gf180mcu_fd_sc_mcu7t5v0__clkbuf_8)
    14    0.100143    0.160217    0.231428    0.460540 ^ clkbuf_3_4_0_clk/Z (gf180mcu_fd_sc_mcu7t5v0__clkbuf_8)
                                                         clknet_3_4_0_clk (net)
                      0.160549    0.006788    0.467328 ^ _777_/CLK (gf180mcu_fd_sc_mcu7t5v0__dffrnq_1)
     2    0.013769    0.195469    0.612325    1.079653 ^ _777_/Q (gf180mcu_fd_sc_mcu7t5v0__dffrnq_1)
                                                         net73 (net)
                      0.195469    0.000275    1.079928 ^ output73/I (gf180mcu_fd_sc_mcu7t5v0__dlyb_1)
     1    0.051162    0.577068    0.823340    1.903268 ^ output73/Z (gf180mcu_fd_sc_mcu7t5v0__dlyb_1)
                                                         debug_wdata_o[1] (net)
                      0.577071    0.000842    1.904110 ^ debug_wdata_o[1] (out)
                                              1.904110   data arrival time

                                 16.000000   16.000000   clock clk (rise edge)
                                  0.000000   16.000000   clock network delay (propagated)
                                 -0.250000   15.750001   clock uncertainty
                                  0.000000   15.750001   clock reconvergence pessimism
                                 -3.200000   12.550000   output external delay
                                             12.550000   data required time
---------------------------------------------------------------------------------------------
                                             12.550000   data required time
                                             -1.904110   data arrival time
---------------------------------------------------------------------------------------------
                                             10.645890   slack (MET)


Startpoint: _860_ (rising edge-triggered flip-flop clocked by clk)
Endpoint: core_rx_complete (output port clocked by clk)
Path Group: clk
Path Type: max

Fanout         Cap        Slew       Delay        Time   Description
---------------------------------------------------------------------------------------------
                                  0.000000    0.000000   clock clk (rise edge)
                                  0.000000    0.000000   clock source latency
     2    0.092910    0.000000    0.000000    0.000000 ^ clk (in)
                                                         clk (net)
                      0.025556    0.010453    0.010453 ^ clkbuf_0_clk/I (gf180mcu_fd_sc_mcu7t5v0__clkbuf_16)
     8    0.205666    0.162120    0.208071    0.218524 ^ clkbuf_0_clk/Z (gf180mcu_fd_sc_mcu7t5v0__clkbuf_16)
                                                         clknet_0_clk (net)
                      0.163389    0.009561    0.228086 ^ clkbuf_3_2_0_clk/I (gf180mcu_fd_sc_mcu7t5v0__clkbuf_8)
    12    0.104111    0.165820    0.235271    0.463356 ^ clkbuf_3_2_0_clk/Z (gf180mcu_fd_sc_mcu7t5v0__clkbuf_8)
                                                         clknet_3_2_0_clk (net)
                      0.166041    0.006050    0.469407 ^ _860_/CLK (gf180mcu_fd_sc_mcu7t5v0__dffrnq_1)
     2    0.010924    0.167495    0.595082    1.064489 ^ _860_/Q (gf180mcu_fd_sc_mcu7t5v0__dffrnq_1)
                                                         net53 (net)
                      0.167495    0.000203    1.064692 ^ output53/I (gf180mcu_fd_sc_mcu7t5v0__dlyb_1)
     1    0.053699    0.604012    0.836827    1.901519 ^ output53/Z (gf180mcu_fd_sc_mcu7t5v0__dlyb_1)
                                                         core_rx_complete (net)
                      0.604015    0.000726    1.902245 ^ core_rx_complete (out)
                                              1.902245   data arrival time

                                 16.000000   16.000000   clock clk (rise edge)
                                  0.000000   16.000000   clock network delay (propagated)
                                 -0.250000   15.750001   clock uncertainty
                                  0.000000   15.750001   clock reconvergence pessimism
                                 -3.200000   12.550000   output external delay
                                             12.550000   data required time
---------------------------------------------------------------------------------------------
                                             12.550000   data required time
                                             -1.902245   data arrival time
---------------------------------------------------------------------------------------------
                                             10.647756   slack (MET)


Startpoint: _784_ (rising edge-triggered flip-flop clocked by clk)
Endpoint: debug_wdata_o[8] (output port clocked by clk)
Path Group: clk
Path Type: max

Fanout         Cap        Slew       Delay        Time   Description
---------------------------------------------------------------------------------------------
                                  0.000000    0.000000   clock clk (rise edge)
                                  0.000000    0.000000   clock source latency
     2    0.092910    0.000000    0.000000    0.000000 ^ clk (in)
                                                         clk (net)
                      0.025556    0.010453    0.010453 ^ clkbuf_0_clk/I (gf180mcu_fd_sc_mcu7t5v0__clkbuf_16)
     8    0.205666    0.162120    0.208071    0.218524 ^ clkbuf_0_clk/Z (gf180mcu_fd_sc_mcu7t5v0__clkbuf_16)
                                                         clknet_0_clk (net)
                      0.163657    0.010587    0.229112 ^ clkbuf_3_4_0_clk/I (gf180mcu_fd_sc_mcu7t5v0__clkbuf_8)
    14    0.100143    0.160217    0.231428    0.460540 ^ clkbuf_3_4_0_clk/Z (gf180mcu_fd_sc_mcu7t5v0__clkbuf_8)
                                                         clknet_3_4_0_clk (net)
                      0.160564    0.006897    0.467437 ^ _784_/CLK (gf180mcu_fd_sc_mcu7t5v0__dffrnq_1)
     2    0.012116    0.179192    0.601651    1.069088 ^ _784_/Q (gf180mcu_fd_sc_mcu7t5v0__dffrnq_1)
                                                         net80 (net)
                      0.179192    0.000222    1.069310 ^ output80/I (gf180mcu_fd_sc_mcu7t5v0__dlyb_1)
     1    0.052649    0.592908    0.831371    1.900681 ^ output80/Z (gf180mcu_fd_sc_mcu7t5v0__dlyb_1)
                                                         debug_wdata_o[8] (net)
                      0.592910    0.000629    1.901310 ^ debug_wdata_o[8] (out)
                                              1.901310   data arrival time

                                 16.000000   16.000000   clock clk (rise edge)
                                  0.000000   16.000000   clock network delay (propagated)
                                 -0.250000   15.750001   clock uncertainty
                                  0.000000   15.750001   clock reconvergence pessimism
                                 -3.200000   12.550000   output external delay
                                             12.550000   data required time
---------------------------------------------------------------------------------------------
                                             12.550000   data required time
                                             -1.901310   data arrival time
---------------------------------------------------------------------------------------------
                                             10.648690   slack (MET)


Startpoint: _790_ (rising edge-triggered flip-flop clocked by clk)
Endpoint: debug_wdata_o[14] (output port clocked by clk)
Path Group: clk
Path Type: max

Fanout         Cap        Slew       Delay        Time   Description
---------------------------------------------------------------------------------------------
                                  0.000000    0.000000   clock clk (rise edge)
                                  0.000000    0.000000   clock source latency
     2    0.092910    0.000000    0.000000    0.000000 ^ clk (in)
                                                         clk (net)
                      0.025556    0.010453    0.010453 ^ clkbuf_0_clk/I (gf180mcu_fd_sc_mcu7t5v0__clkbuf_16)
     8    0.205666    0.162120    0.208071    0.218524 ^ clkbuf_0_clk/Z (gf180mcu_fd_sc_mcu7t5v0__clkbuf_16)
                                                         clknet_0_clk (net)
                      0.163707    0.010770    0.229295 ^ clkbuf_3_5_0_clk/I (gf180mcu_fd_sc_mcu7t5v0__clkbuf_8)
    14    0.096801    0.155490    0.228180    0.457475 ^ clkbuf_3_5_0_clk/Z (gf180mcu_fd_sc_mcu7t5v0__clkbuf_8)
                                                         clknet_3_5_0_clk (net)
                      0.155890    0.007042    0.464517 ^ _790_/CLK (gf180mcu_fd_sc_mcu7t5v0__dffrnq_1)
     2    0.013094    0.188867    0.607107    1.071624 ^ _790_/Q (gf180mcu_fd_sc_mcu7t5v0__dffrnq_1)
                                                         net71 (net)
                      0.188867    0.000149    1.071773 ^ output71/I (gf180mcu_fd_sc_mcu7t5v0__dlyb_1)
     1    0.051129    0.576870    0.822885    1.894658 ^ output71/Z (gf180mcu_fd_sc_mcu7t5v0__dlyb_1)
                                                         debug_wdata_o[14] (net)
                      0.576870    0.000423    1.895081 ^ debug_wdata_o[14] (out)
                                              1.895081   data arrival time

                                 16.000000   16.000000   clock clk (rise edge)
                                  0.000000   16.000000   clock network delay (propagated)
                                 -0.250000   15.750001   clock uncertainty
                                  0.000000   15.750001   clock reconvergence pessimism
                                 -3.200000   12.550000   output external delay
                                             12.550000   data required time
---------------------------------------------------------------------------------------------
                                             12.550000   data required time
                                             -1.895081   data arrival time
---------------------------------------------------------------------------------------------
                                             10.654919   slack (MET)


Startpoint: _770_ (rising edge-triggered flip-flop clocked by clk)
Endpoint: debug_addr_o[2] (output port clocked by clk)
Path Group: clk
Path Type: max

Fanout         Cap        Slew       Delay        Time   Description
---------------------------------------------------------------------------------------------
                                  0.000000    0.000000   clock clk (rise edge)
                                  0.000000    0.000000   clock source latency
     2    0.092910    0.000000    0.000000    0.000000 ^ clk (in)
                                                         clk (net)
                      0.025556    0.010453    0.010453 ^ clkbuf_0_clk/I (gf180mcu_fd_sc_mcu7t5v0__clkbuf_16)
     8    0.205666    0.162120    0.208071    0.218524 ^ clkbuf_0_clk/Z (gf180mcu_fd_sc_mcu7t5v0__clkbuf_16)
                                                         clknet_0_clk (net)
                      0.163540    0.010151    0.228675 ^ clkbuf_3_0_0_clk/I (gf180mcu_fd_sc_mcu7t5v0__clkbuf_8)
    12    0.099450    0.159395    0.230900    0.459576 ^ clkbuf_3_0_0_clk/Z (gf180mcu_fd_sc_mcu7t5v0__clkbuf_8)
                                                         clknet_3_0_0_clk (net)
                      0.159835    0.007677    0.467253 ^ _770_/CLK (gf180mcu_fd_sc_mcu7t5v0__dffrnq_1)
     2    0.009578    0.154280    0.585200    1.052453 ^ _770_/Q (gf180mcu_fd_sc_mcu7t5v0__dffrnq_1)
                                                         net58 (net)
                      0.154280    0.000174    1.052627 ^ output58/I (gf180mcu_fd_sc_mcu7t5v0__dlyb_1)
     1    0.053824    0.605196    0.836054    1.888681 ^ output58/Z (gf180mcu_fd_sc_mcu7t5v0__dlyb_1)
                                                         debug_addr_o[2] (net)
                      0.605204    0.001240    1.889920 ^ debug_addr_o[2] (out)
                                              1.889920   data arrival time

                                 16.000000   16.000000   clock clk (rise edge)
                                  0.000000   16.000000   clock network delay (propagated)
                                 -0.250000   15.750001   clock uncertainty
                                  0.000000   15.750001   clock reconvergence pessimism
                                 -3.200000   12.550000   output external delay
                                             12.550000   data required time
---------------------------------------------------------------------------------------------
                                             12.550000   data required time
                                             -1.889920   data arrival time
---------------------------------------------------------------------------------------------
                                             10.660080   slack (MET)


Startpoint: _781_ (rising edge-triggered flip-flop clocked by clk)
Endpoint: debug_wdata_o[5] (output port clocked by clk)
Path Group: clk
Path Type: max

Fanout         Cap        Slew       Delay        Time   Description
---------------------------------------------------------------------------------------------
                                  0.000000    0.000000   clock clk (rise edge)
                                  0.000000    0.000000   clock source latency
     2    0.092910    0.000000    0.000000    0.000000 ^ clk (in)
                                                         clk (net)
                      0.025556    0.010453    0.010453 ^ clkbuf_0_clk/I (gf180mcu_fd_sc_mcu7t5v0__clkbuf_16)
     8    0.205666    0.162120    0.208071    0.218524 ^ clkbuf_0_clk/Z (gf180mcu_fd_sc_mcu7t5v0__clkbuf_16)
                                                         clknet_0_clk (net)
                      0.163707    0.010770    0.229295 ^ clkbuf_3_5_0_clk/I (gf180mcu_fd_sc_mcu7t5v0__clkbuf_8)
    14    0.096801    0.155490    0.228180    0.457475 ^ clkbuf_3_5_0_clk/Z (gf180mcu_fd_sc_mcu7t5v0__clkbuf_8)
                                                         clknet_3_5_0_clk (net)
                      0.156036    0.007929    0.465404 ^ _781_/CLK (gf180mcu_fd_sc_mcu7t5v0__dffrnq_1)
     2    0.012210    0.180142    0.601401    1.066805 ^ _781_/Q (gf180mcu_fd_sc_mcu7t5v0__dffrnq_1)
                                                         net77 (net)
                      0.180142    0.000237    1.067042 ^ output77/I (gf180mcu_fd_sc_mcu7t5v0__dlyb_1)
     1    0.050653    0.571879    0.819215    1.886257 ^ output77/Z (gf180mcu_fd_sc_mcu7t5v0__dlyb_1)
                                                         debug_wdata_o[5] (net)
                      0.571879    0.000344    1.886601 ^ debug_wdata_o[5] (out)
                                              1.886601   data arrival time

                                 16.000000   16.000000   clock clk (rise edge)
                                  0.000000   16.000000   clock network delay (propagated)
                                 -0.250000   15.750001   clock uncertainty
                                  0.000000   15.750001   clock reconvergence pessimism
                                 -3.200000   12.550000   output external delay
                                             12.550000   data required time
---------------------------------------------------------------------------------------------
                                             12.550000   data required time
                                             -1.886601   data arrival time
---------------------------------------------------------------------------------------------
                                             10.663400   slack (MET)


Startpoint: _783_ (rising edge-triggered flip-flop clocked by clk)
Endpoint: debug_wdata_o[7] (output port clocked by clk)
Path Group: clk
Path Type: max

Fanout         Cap        Slew       Delay        Time   Description
---------------------------------------------------------------------------------------------
                                  0.000000    0.000000   clock clk (rise edge)
                                  0.000000    0.000000   clock source latency
     2    0.092910    0.000000    0.000000    0.000000 ^ clk (in)
                                                         clk (net)
                      0.025556    0.010453    0.010453 ^ clkbuf_0_clk/I (gf180mcu_fd_sc_mcu7t5v0__clkbuf_16)
     8    0.205666    0.162120    0.208071    0.218524 ^ clkbuf_0_clk/Z (gf180mcu_fd_sc_mcu7t5v0__clkbuf_16)
                                                         clknet_0_clk (net)
                      0.163707    0.010770    0.229295 ^ clkbuf_3_5_0_clk/I (gf180mcu_fd_sc_mcu7t5v0__clkbuf_8)
    14    0.096801    0.155490    0.228180    0.457475 ^ clkbuf_3_5_0_clk/Z (gf180mcu_fd_sc_mcu7t5v0__clkbuf_8)
                                                         clknet_3_5_0_clk (net)
                      0.155991    0.007670    0.465145 ^ _783_/CLK (gf180mcu_fd_sc_mcu7t5v0__dffrnq_1)
     2    0.011063    0.168883    0.594021    1.059166 ^ _783_/Q (gf180mcu_fd_sc_mcu7t5v0__dffrnq_1)
                                                         net79 (net)
                      0.168883    0.000073    1.059239 ^ output79/I (gf180mcu_fd_sc_mcu7t5v0__dlyb_1)
     1    0.051796    0.583952    0.825265    1.884504 ^ output79/Z (gf180mcu_fd_sc_mcu7t5v0__dlyb_1)
                                                         debug_wdata_o[7] (net)
                      0.583952    0.000472    1.884976 ^ debug_wdata_o[7] (out)
                                              1.884976   data arrival time

                                 16.000000   16.000000   clock clk (rise edge)
                                  0.000000   16.000000   clock network delay (propagated)
                                 -0.250000   15.750001   clock uncertainty
                                  0.000000   15.750001   clock reconvergence pessimism
                                 -3.200000   12.550000   output external delay
                                             12.550000   data required time
---------------------------------------------------------------------------------------------
                                             12.550000   data required time
                                             -1.884976   data arrival time
---------------------------------------------------------------------------------------------
                                             10.665025   slack (MET)


Startpoint: _785_ (rising edge-triggered flip-flop clocked by clk)
Endpoint: debug_wdata_o[9] (output port clocked by clk)
Path Group: clk
Path Type: max

Fanout         Cap        Slew       Delay        Time   Description
---------------------------------------------------------------------------------------------
                                  0.000000    0.000000   clock clk (rise edge)
                                  0.000000    0.000000   clock source latency
     2    0.092910    0.000000    0.000000    0.000000 ^ clk (in)
                                                         clk (net)
                      0.025556    0.010453    0.010453 ^ clkbuf_0_clk/I (gf180mcu_fd_sc_mcu7t5v0__clkbuf_16)
     8    0.205666    0.162120    0.208071    0.218524 ^ clkbuf_0_clk/Z (gf180mcu_fd_sc_mcu7t5v0__clkbuf_16)
                                                         clknet_0_clk (net)
                      0.163707    0.010770    0.229295 ^ clkbuf_3_5_0_clk/I (gf180mcu_fd_sc_mcu7t5v0__clkbuf_8)
    14    0.096801    0.155490    0.228180    0.457475 ^ clkbuf_3_5_0_clk/Z (gf180mcu_fd_sc_mcu7t5v0__clkbuf_8)
                                                         clknet_3_5_0_clk (net)
                      0.155967    0.007521    0.464996 ^ _785_/CLK (gf180mcu_fd_sc_mcu7t5v0__dffrnq_1)
     2    0.012013    0.178212    0.600127    1.065124 ^ _785_/Q (gf180mcu_fd_sc_mcu7t5v0__dffrnq_1)
                                                         net81 (net)
                      0.178212    0.000185    1.065308 ^ output81/I (gf180mcu_fd_sc_mcu7t5v0__dlyb_1)
     1    0.050637    0.571709    0.818947    1.884256 ^ output81/Z (gf180mcu_fd_sc_mcu7t5v0__dlyb_1)
                                                         debug_wdata_o[9] (net)
                      0.571709    0.000339    1.884595 ^ debug_wdata_o[9] (out)
                                              1.884595   data arrival time

                                 16.000000   16.000000   clock clk (rise edge)
                                  0.000000   16.000000   clock network delay (propagated)
                                 -0.250000   15.750001   clock uncertainty
                                  0.000000   15.750001   clock reconvergence pessimism
                                 -3.200000   12.550000   output external delay
                                             12.550000   data required time
---------------------------------------------------------------------------------------------
                                             12.550000   data required time
                                             -1.884595   data arrival time
---------------------------------------------------------------------------------------------
                                             10.665405   slack (MET)


Startpoint: _861_ (rising edge-triggered flip-flop clocked by clk)
Endpoint: core_tx_complete (output port clocked by clk)
Path Group: clk
Path Type: max

Fanout         Cap        Slew       Delay        Time   Description
---------------------------------------------------------------------------------------------
                                  0.000000    0.000000   clock clk (rise edge)
                                  0.000000    0.000000   clock source latency
     2    0.092910    0.000000    0.000000    0.000000 ^ clk (in)
                                                         clk (net)
                      0.025556    0.010453    0.010453 ^ clkbuf_0_clk/I (gf180mcu_fd_sc_mcu7t5v0__clkbuf_16)
     8    0.205666    0.162120    0.208071    0.218524 ^ clkbuf_0_clk/Z (gf180mcu_fd_sc_mcu7t5v0__clkbuf_16)
                                                         clknet_0_clk (net)
                      0.163389    0.009561    0.228086 ^ clkbuf_3_2_0_clk/I (gf180mcu_fd_sc_mcu7t5v0__clkbuf_8)
    12    0.104111    0.165820    0.235271    0.463356 ^ clkbuf_3_2_0_clk/Z (gf180mcu_fd_sc_mcu7t5v0__clkbuf_8)
                                                         clknet_3_2_0_clk (net)
                      0.166044    0.006081    0.469438 ^ _861_/CLK (gf180mcu_fd_sc_mcu7t5v0__dffrnq_1)
     1    0.007595    0.134799    0.573250    1.042687 ^ _861_/Q (gf180mcu_fd_sc_mcu7t5v0__dffrnq_1)
                                                         net55 (net)
                      0.134799    0.000177    1.042864 ^ output55/I (gf180mcu_fd_sc_mcu7t5v0__dlyb_1)
     1    0.054755    0.615110    0.840171    1.883036 ^ output55/Z (gf180mcu_fd_sc_mcu7t5v0__dlyb_1)
                                                         core_tx_complete (net)
                      0.615117    0.001211    1.884246 ^ core_tx_complete (out)
                                              1.884246   data arrival time

                                 16.000000   16.000000   clock clk (rise edge)
                                  0.000000   16.000000   clock network delay (propagated)
                                 -0.250000   15.750001   clock uncertainty
                                  0.000000   15.750001   clock reconvergence pessimism
                                 -3.200000   12.550000   output external delay
                                             12.550000   data required time
---------------------------------------------------------------------------------------------
                                             12.550000   data required time
                                             -1.884246   data arrival time
---------------------------------------------------------------------------------------------
                                             10.665755   slack (MET)


Startpoint: _789_ (rising edge-triggered flip-flop clocked by clk)
Endpoint: debug_wdata_o[13] (output port clocked by clk)
Path Group: clk
Path Type: max

Fanout         Cap        Slew       Delay        Time   Description
---------------------------------------------------------------------------------------------
                                  0.000000    0.000000   clock clk (rise edge)
                                  0.000000    0.000000   clock source latency
     2    0.092910    0.000000    0.000000    0.000000 ^ clk (in)
                                                         clk (net)
                      0.025556    0.010453    0.010453 ^ clkbuf_0_clk/I (gf180mcu_fd_sc_mcu7t5v0__clkbuf_16)
     8    0.205666    0.162120    0.208071    0.218524 ^ clkbuf_0_clk/Z (gf180mcu_fd_sc_mcu7t5v0__clkbuf_16)
                                                         clknet_0_clk (net)
                      0.163707    0.010770    0.229295 ^ clkbuf_3_5_0_clk/I (gf180mcu_fd_sc_mcu7t5v0__clkbuf_8)
    14    0.096801    0.155490    0.228180    0.457475 ^ clkbuf_3_5_0_clk/Z (gf180mcu_fd_sc_mcu7t5v0__clkbuf_8)
                                                         clknet_3_5_0_clk (net)
                      0.156054    0.008032    0.465507 ^ _789_/CLK (gf180mcu_fd_sc_mcu7t5v0__dffrnq_1)
     2    0.010298    0.161357    0.589100    1.054606 ^ _789_/Q (gf180mcu_fd_sc_mcu7t5v0__dffrnq_1)
                                                         net70 (net)
                      0.161357    0.000132    1.054739 ^ output70/I (gf180mcu_fd_sc_mcu7t5v0__dlyb_1)
     1    0.052218    0.588255    0.826837    1.881576 ^ output70/Z (gf180mcu_fd_sc_mcu7t5v0__dlyb_1)
                                                         debug_wdata_o[13] (net)
                      0.588260    0.000980    1.882557 ^ debug_wdata_o[13] (out)
                                              1.882557   data arrival time

                                 16.000000   16.000000   clock clk (rise edge)
                                  0.000000   16.000000   clock network delay (propagated)
                                 -0.250000   15.750001   clock uncertainty
                                  0.000000   15.750001   clock reconvergence pessimism
                                 -3.200000   12.550000   output external delay
                                             12.550000   data required time
---------------------------------------------------------------------------------------------
                                             12.550000   data required time
                                             -1.882557   data arrival time
---------------------------------------------------------------------------------------------
                                             10.667444   slack (MET)


Startpoint: _787_ (rising edge-triggered flip-flop clocked by clk)
Endpoint: debug_wdata_o[11] (output port clocked by clk)
Path Group: clk
Path Type: max

Fanout         Cap        Slew       Delay        Time   Description
---------------------------------------------------------------------------------------------
                                  0.000000    0.000000   clock clk (rise edge)
                                  0.000000    0.000000   clock source latency
     2    0.092910    0.000000    0.000000    0.000000 ^ clk (in)
                                                         clk (net)
                      0.025556    0.010453    0.010453 ^ clkbuf_0_clk/I (gf180mcu_fd_sc_mcu7t5v0__clkbuf_16)
     8    0.205666    0.162120    0.208071    0.218524 ^ clkbuf_0_clk/Z (gf180mcu_fd_sc_mcu7t5v0__clkbuf_16)
                                                         clknet_0_clk (net)
                      0.163657    0.010587    0.229112 ^ clkbuf_3_4_0_clk/I (gf180mcu_fd_sc_mcu7t5v0__clkbuf_8)
    14    0.100143    0.160217    0.231428    0.460540 ^ clkbuf_3_4_0_clk/Z (gf180mcu_fd_sc_mcu7t5v0__clkbuf_8)
                                                         clknet_3_4_0_clk (net)
                      0.160602    0.007169    0.467709 ^ _787_/CLK (gf180mcu_fd_sc_mcu7t5v0__dffrnq_1)
     2    0.010328    0.161643    0.590178    1.057887 ^ _787_/Q (gf180mcu_fd_sc_mcu7t5v0__dffrnq_1)
                                                         net68 (net)
                      0.161643    0.000199    1.058086 ^ output68/I (gf180mcu_fd_sc_mcu7t5v0__dlyb_1)
     1    0.051206    0.577738    0.820986    1.879072 ^ output68/Z (gf180mcu_fd_sc_mcu7t5v0__dlyb_1)
                                                         debug_wdata_o[11] (net)
                      0.577738    0.000429    1.879501 ^ debug_wdata_o[11] (out)
                                              1.879501   data arrival time

                                 16.000000   16.000000   clock clk (rise edge)
                                  0.000000   16.000000   clock network delay (propagated)
                                 -0.250000   15.750001   clock uncertainty
                                  0.000000   15.750001   clock reconvergence pessimism
                                 -3.200000   12.550000   output external delay
                                             12.550000   data required time
---------------------------------------------------------------------------------------------
                                             12.550000   data required time
                                             -1.879501   data arrival time
---------------------------------------------------------------------------------------------
                                             10.670500   slack (MET)


Startpoint: _859_ (rising edge-triggered flip-flop clocked by clk)
Endpoint: job_push (output port clocked by clk)
Path Group: clk
Path Type: max

Fanout         Cap        Slew       Delay        Time   Description
---------------------------------------------------------------------------------------------
                                  0.000000    0.000000   clock clk (rise edge)
                                  0.000000    0.000000   clock source latency
     2    0.092910    0.000000    0.000000    0.000000 ^ clk (in)
                                                         clk (net)
                      0.025556    0.010453    0.010453 ^ clkbuf_0_clk/I (gf180mcu_fd_sc_mcu7t5v0__clkbuf_16)
     8    0.205666    0.162120    0.208071    0.218524 ^ clkbuf_0_clk/Z (gf180mcu_fd_sc_mcu7t5v0__clkbuf_16)
                                                         clknet_0_clk (net)
                      0.163389    0.009561    0.228086 ^ clkbuf_3_2_0_clk/I (gf180mcu_fd_sc_mcu7t5v0__clkbuf_8)
    12    0.104111    0.165820    0.235271    0.463356 ^ clkbuf_3_2_0_clk/Z (gf180mcu_fd_sc_mcu7t5v0__clkbuf_8)
                                                         clknet_3_2_0_clk (net)
                      0.166034    0.005979    0.469335 ^ _859_/CLK (gf180mcu_fd_sc_mcu7t5v0__dffrnq_1)
     1    0.009913    0.157561    0.588566    1.057902 ^ _859_/Q (gf180mcu_fd_sc_mcu7t5v0__dffrnq_1)
                                                         net106 (net)
                      0.157561    0.000278    1.058180 ^ output106/I (gf180mcu_fd_sc_mcu7t5v0__dlyb_1)
     1    0.050737    0.572802    0.817759    1.875939 ^ output106/Z (gf180mcu_fd_sc_mcu7t5v0__dlyb_1)
                                                         job_push (net)
                      0.572802    0.000351    1.876291 ^ job_push (out)
                                              1.876291   data arrival time

                                 16.000000   16.000000   clock clk (rise edge)
                                  0.000000   16.000000   clock network delay (propagated)
                                 -0.250000   15.750001   clock uncertainty
                                  0.000000   15.750001   clock reconvergence pessimism
                                 -3.200000   12.550000   output external delay
                                             12.550000   data required time
---------------------------------------------------------------------------------------------
                                             12.550000   data required time
                                             -1.876291   data arrival time
---------------------------------------------------------------------------------------------
                                             10.673709   slack (MET)


Startpoint: _776_ (rising edge-triggered flip-flop clocked by clk)
Endpoint: debug_wdata_o[0] (output port clocked by clk)
Path Group: clk
Path Type: max

Fanout         Cap        Slew       Delay        Time   Description
---------------------------------------------------------------------------------------------
                                  0.000000    0.000000   clock clk (rise edge)
                                  0.000000    0.000000   clock source latency
     2    0.092910    0.000000    0.000000    0.000000 ^ clk (in)
                                                         clk (net)
                      0.025556    0.010453    0.010453 ^ clkbuf_0_clk/I (gf180mcu_fd_sc_mcu7t5v0__clkbuf_16)
     8    0.205666    0.162120    0.208071    0.218524 ^ clkbuf_0_clk/Z (gf180mcu_fd_sc_mcu7t5v0__clkbuf_16)
                                                         clknet_0_clk (net)
                      0.163657    0.010587    0.229112 ^ clkbuf_3_4_0_clk/I (gf180mcu_fd_sc_mcu7t5v0__clkbuf_8)
    14    0.100143    0.160217    0.231428    0.460540 ^ clkbuf_3_4_0_clk/Z (gf180mcu_fd_sc_mcu7t5v0__clkbuf_8)
                                                         clknet_3_4_0_clk (net)
                      0.160484    0.006281    0.466821 ^ _776_/CLK (gf180mcu_fd_sc_mcu7t5v0__dffrnq_1)
     2    0.009743    0.155905    0.586400    1.053221 ^ _776_/Q (gf180mcu_fd_sc_mcu7t5v0__dffrnq_1)
                                                         net66 (net)
                      0.155905    0.000154    1.053375 ^ output66/I (gf180mcu_fd_sc_mcu7t5v0__dlyb_1)
     1    0.051284    0.578426    0.820631    1.874006 ^ output66/Z (gf180mcu_fd_sc_mcu7t5v0__dlyb_1)
                                                         debug_wdata_o[0] (net)
                      0.578430    0.000861    1.874867 ^ debug_wdata_o[0] (out)
                                              1.874867   data arrival time

                                 16.000000   16.000000   clock clk (rise edge)
                                  0.000000   16.000000   clock network delay (propagated)
                                 -0.250000   15.750001   clock uncertainty
                                  0.000000   15.750001   clock reconvergence pessimism
                                 -3.200000   12.550000   output external delay
                                             12.550000   data required time
---------------------------------------------------------------------------------------------
                                             12.550000   data required time
                                             -1.874867   data arrival time
---------------------------------------------------------------------------------------------
                                             10.675134   slack (MET)


Startpoint: _788_ (rising edge-triggered flip-flop clocked by clk)
Endpoint: debug_wdata_o[12] (output port clocked by clk)
Path Group: clk
Path Type: max

Fanout         Cap        Slew       Delay        Time   Description
---------------------------------------------------------------------------------------------
                                  0.000000    0.000000   clock clk (rise edge)
                                  0.000000    0.000000   clock source latency
     2    0.092910    0.000000    0.000000    0.000000 ^ clk (in)
                                                         clk (net)
                      0.025556    0.010453    0.010453 ^ clkbuf_0_clk/I (gf180mcu_fd_sc_mcu7t5v0__clkbuf_16)
     8    0.205666    0.162120    0.208071    0.218524 ^ clkbuf_0_clk/Z (gf180mcu_fd_sc_mcu7t5v0__clkbuf_16)
                                                         clknet_0_clk (net)
                      0.163707    0.010770    0.229295 ^ clkbuf_3_5_0_clk/I (gf180mcu_fd_sc_mcu7t5v0__clkbuf_8)
    14    0.096801    0.155490    0.228180    0.457475 ^ clkbuf_3_5_0_clk/Z (gf180mcu_fd_sc_mcu7t5v0__clkbuf_8)
                                                         clknet_3_5_0_clk (net)
                      0.156082    0.008190    0.465665 ^ _788_/CLK (gf180mcu_fd_sc_mcu7t5v0__dffrnq_1)
     2    0.010434    0.162693    0.589976    1.055642 ^ _788_/Q (gf180mcu_fd_sc_mcu7t5v0__dffrnq_1)
                                                         net69 (net)
                      0.162693    0.000184    1.055826 ^ output69/I (gf180mcu_fd_sc_mcu7t5v0__dlyb_1)
     1    0.050798    0.573441    0.818596    1.874422 ^ output69/Z (gf180mcu_fd_sc_mcu7t5v0__dlyb_1)
                                                         debug_wdata_o[12] (net)
                      0.573441    0.000341    1.874762 ^ debug_wdata_o[12] (out)
                                              1.874762   data arrival time

                                 16.000000   16.000000   clock clk (rise edge)
                                  0.000000   16.000000   clock network delay (propagated)
                                 -0.250000   15.750001   clock uncertainty
                                  0.000000   15.750001   clock reconvergence pessimism
                                 -3.200000   12.550000   output external delay
                                             12.550000   data required time
---------------------------------------------------------------------------------------------
                                             12.550000   data required time
                                             -1.874762   data arrival time
---------------------------------------------------------------------------------------------
                                             10.675238   slack (MET)


Startpoint: _791_ (rising edge-triggered flip-flop clocked by clk)
Endpoint: debug_wdata_o[15] (output port clocked by clk)
Path Group: clk
Path Type: max

Fanout         Cap        Slew       Delay        Time   Description
---------------------------------------------------------------------------------------------
                                  0.000000    0.000000   clock clk (rise edge)
                                  0.000000    0.000000   clock source latency
     2    0.092910    0.000000    0.000000    0.000000 ^ clk (in)
                                                         clk (net)
                      0.025556    0.010453    0.010453 ^ clkbuf_0_clk/I (gf180mcu_fd_sc_mcu7t5v0__clkbuf_16)
     8    0.205666    0.162120    0.208071    0.218524 ^ clkbuf_0_clk/Z (gf180mcu_fd_sc_mcu7t5v0__clkbuf_16)
                                                         clknet_0_clk (net)
                      0.163657    0.010587    0.229112 ^ clkbuf_3_4_0_clk/I (gf180mcu_fd_sc_mcu7t5v0__clkbuf_8)
    14    0.100143    0.160217    0.231428    0.460540 ^ clkbuf_3_4_0_clk/Z (gf180mcu_fd_sc_mcu7t5v0__clkbuf_8)
                                                         clknet_3_4_0_clk (net)
                      0.160580    0.007017    0.467556 ^ _791_/CLK (gf180mcu_fd_sc_mcu7t5v0__dffrnq_1)
     2    0.010029    0.158700    0.588241    1.055797 ^ _791_/Q (gf180mcu_fd_sc_mcu7t5v0__dffrnq_1)
                                                         net72 (net)
                      0.158700    0.000193    1.055990 ^ output72/I (gf180mcu_fd_sc_mcu7t5v0__dlyb_1)
     1    0.050653    0.571914    0.817340    1.873330 ^ output72/Z (gf180mcu_fd_sc_mcu7t5v0__dlyb_1)
                                                         debug_wdata_o[15] (net)
                      0.571914    0.000344    1.873674 ^ debug_wdata_o[15] (out)
                                              1.873674   data arrival time

                                 16.000000   16.000000   clock clk (rise edge)
                                  0.000000   16.000000   clock network delay (propagated)
                                 -0.250000   15.750001   clock uncertainty
                                  0.000000   15.750001   clock reconvergence pessimism
                                 -3.200000   12.550000   output external delay
                                             12.550000   data required time
---------------------------------------------------------------------------------------------
                                             12.550000   data required time
                                             -1.873674   data arrival time
---------------------------------------------------------------------------------------------
                                             10.676326   slack (MET)


Startpoint: _780_ (rising edge-triggered flip-flop clocked by clk)
Endpoint: debug_wdata_o[4] (output port clocked by clk)
Path Group: clk
Path Type: max

Fanout         Cap        Slew       Delay        Time   Description
---------------------------------------------------------------------------------------------
                                  0.000000    0.000000   clock clk (rise edge)
                                  0.000000    0.000000   clock source latency
     2    0.092910    0.000000    0.000000    0.000000 ^ clk (in)
                                                         clk (net)
                      0.025556    0.010453    0.010453 ^ clkbuf_0_clk/I (gf180mcu_fd_sc_mcu7t5v0__clkbuf_16)
     8    0.205666    0.162120    0.208071    0.218524 ^ clkbuf_0_clk/Z (gf180mcu_fd_sc_mcu7t5v0__clkbuf_16)
                                                         clknet_0_clk (net)
                      0.163707    0.010770    0.229295 ^ clkbuf_3_5_0_clk/I (gf180mcu_fd_sc_mcu7t5v0__clkbuf_8)
    14    0.096801    0.155490    0.228180    0.457475 ^ clkbuf_3_5_0_clk/Z (gf180mcu_fd_sc_mcu7t5v0__clkbuf_8)
                                                         clknet_3_5_0_clk (net)
                      0.156075    0.008149    0.465625 ^ _780_/CLK (gf180mcu_fd_sc_mcu7t5v0__dffrnq_1)
     2    0.010135    0.159777    0.588080    1.053705 ^ _780_/Q (gf180mcu_fd_sc_mcu7t5v0__dffrnq_1)
                                                         net76 (net)
                      0.159777    0.000074    1.053779 ^ output76/I (gf180mcu_fd_sc_mcu7t5v0__dlyb_1)
     1    0.050608    0.571444    0.817166    1.870945 ^ output76/Z (gf180mcu_fd_sc_mcu7t5v0__dlyb_1)
                                                         debug_wdata_o[4] (net)
                      0.571444    0.000331    1.871276 ^ debug_wdata_o[4] (out)
                                              1.871276   data arrival time

                                 16.000000   16.000000   clock clk (rise edge)
                                  0.000000   16.000000   clock network delay (propagated)
                                 -0.250000   15.750001   clock uncertainty
                                  0.000000   15.750001   clock reconvergence pessimism
                                 -3.200000   12.550000   output external delay
                                             12.550000   data required time
---------------------------------------------------------------------------------------------
                                             12.550000   data required time
                                             -1.871276   data arrival time
---------------------------------------------------------------------------------------------
                                             10.678725   slack (MET)


Startpoint: core_din_ready_i (input port clocked by clk)
Endpoint: _859_ (rising edge-triggered flip-flop clocked by clk)
Path Group: clk
Path Type: max

Fanout         Cap        Slew       Delay        Time   Description
---------------------------------------------------------------------------------------------
                                  0.000000    0.000000   clock clk (rise edge)
                                  0.000000    0.000000   clock network delay (propagated)
                                  3.200000    3.200000 ^ input external delay
     2    0.005392    0.036613    0.009594    3.209594 ^ core_din_ready_i (in)
                                                         core_din_ready_i (net)
                      0.036613    0.000000    3.209594 ^ input1/I (gf180mcu_fd_sc_mcu7t5v0__dlyb_1)
     1    0.094091    1.030173    1.064863    4.274457 ^ input1/Z (gf180mcu_fd_sc_mcu7t5v0__dlyb_1)
                                                         net1 (net)
                      1.031154    0.017976    4.292432 ^ _448_/A1 (gf180mcu_fd_sc_mcu7t5v0__nand2_1)
     2    0.010100    0.317835    0.153878    4.446310 v _448_/ZN (gf180mcu_fd_sc_mcu7t5v0__nand2_1)
                                                         _165_ (net)
                      0.317835    0.000087    4.446398 v _449_/I (gf180mcu_fd_sc_mcu7t5v0__clkinv_1)
     1    0.005178    0.135877    0.121387    4.567785 ^ _449_/ZN (gf180mcu_fd_sc_mcu7t5v0__clkinv_1)
                                                         _166_ (net)
                      0.135877    0.000097    4.567882 ^ _451_/A2 (gf180mcu_fd_sc_mcu7t5v0__oai21_1)
     5    0.051442    0.553716    0.356275    4.924157 v _451_/ZN (gf180mcu_fd_sc_mcu7t5v0__oai21_1)
                                                         _167_ (net)
                      0.553745    0.002269    4.926426 v _459_/A1 (gf180mcu_fd_sc_mcu7t5v0__nor3_1)
     1    0.004931    0.345813    0.292184    5.218611 ^ _459_/ZN (gf180mcu_fd_sc_mcu7t5v0__nor3_1)
                                                         _002_ (net)
                      0.345813    0.000099    5.218709 ^ _859_/D (gf180mcu_fd_sc_mcu7t5v0__dffrnq_1)
                                              5.218709   data arrival time

                                 16.000000   16.000000   clock clk (rise edge)
                                  0.000000   16.000000   clock source latency
     2    0.092910    0.000000    0.000000   16.000000 ^ clk (in)
                                                         clk (net)
                      0.025556    0.010454   16.010454 ^ clkbuf_0_clk/I (gf180mcu_fd_sc_mcu7t5v0__clkbuf_16)
     8    0.205666    0.162120    0.208070   16.218523 ^ clkbuf_0_clk/Z (gf180mcu_fd_sc_mcu7t5v0__clkbuf_16)
                                                         clknet_0_clk (net)
                      0.163389    0.009562   16.228086 ^ clkbuf_3_2_0_clk/I (gf180mcu_fd_sc_mcu7t5v0__clkbuf_8)
    12    0.104111    0.165820    0.235270   16.463356 ^ clkbuf_3_2_0_clk/Z (gf180mcu_fd_sc_mcu7t5v0__clkbuf_8)
                                                         clknet_3_2_0_clk (net)
                      0.166034    0.005979   16.469336 ^ _859_/CLK (gf180mcu_fd_sc_mcu7t5v0__dffrnq_1)
                                 -0.250000   16.219336   clock uncertainty
                                  0.000000   16.219336   clock reconvergence pessimism
                                 -0.212902   16.006433   library setup time
                                             16.006433   data required time
---------------------------------------------------------------------------------------------
                                             16.006433   data required time
                                             -5.218709   data arrival time
---------------------------------------------------------------------------------------------
                                             10.787724   slack (MET)


Startpoint: din_valid_i (input port clocked by clk)
Endpoint: _770_ (rising edge-triggered flip-flop clocked by clk)
Path Group: clk
Path Type: max

Fanout         Cap        Slew       Delay        Time   Description
---------------------------------------------------------------------------------------------
                                  0.000000    0.000000   clock clk (rise edge)
                                  0.000000    0.000000   clock network delay (propagated)
                                  3.200000    3.200000 ^ input external delay
     2    0.005011    0.035473    0.008915    3.208915 ^ din_valid_i (in)
                                                         din_valid_i (net)
                      0.035473    0.000000    3.208915 ^ input37/I (gf180mcu_fd_sc_mcu7t5v0__dlyb_1)
     4    0.047882    0.542101    0.784224    3.993138 ^ input37/Z (gf180mcu_fd_sc_mcu7t5v0__dlyb_1)
                                                         net37 (net)
                      0.542110    0.001222    3.994360 ^ _610_/A1 (gf180mcu_fd_sc_mcu7t5v0__nand2_1)
    13    0.118308    1.124992    0.775672    4.770032 v _610_/ZN (gf180mcu_fd_sc_mcu7t5v0__nand2_1)
                                                         _274_ (net)
                      1.125364    0.011677    4.781709 v _615_/S (gf180mcu_fd_sc_mcu7t5v0__mux2_2)
     1    0.007099    0.106279    0.475174    5.256883 ^ _615_/Z (gf180mcu_fd_sc_mcu7t5v0__mux2_2)
                                                         _039_ (net)
                      0.106279    0.000160    5.257043 ^ _770_/D (gf180mcu_fd_sc_mcu7t5v0__dffrnq_1)
                                              5.257043   data arrival time

                                 16.000000   16.000000   clock clk (rise edge)
                                  0.000000   16.000000   clock source latency
     2    0.092910    0.000000    0.000000   16.000000 ^ clk (in)
                                                         clk (net)
                      0.025556    0.010454   16.010454 ^ clkbuf_0_clk/I (gf180mcu_fd_sc_mcu7t5v0__clkbuf_16)
     8    0.205666    0.162120    0.208070   16.218523 ^ clkbuf_0_clk/Z (gf180mcu_fd_sc_mcu7t5v0__clkbuf_16)
                                                         clknet_0_clk (net)
                      0.163540    0.010152   16.228676 ^ clkbuf_3_0_0_clk/I (gf180mcu_fd_sc_mcu7t5v0__clkbuf_8)
    12    0.099450    0.159395    0.230900   16.459576 ^ clkbuf_3_0_0_clk/Z (gf180mcu_fd_sc_mcu7t5v0__clkbuf_8)
                                                         clknet_3_0_0_clk (net)
                      0.159835    0.007677   16.467253 ^ _770_/CLK (gf180mcu_fd_sc_mcu7t5v0__dffrnq_1)
                                 -0.250000   16.217255   clock uncertainty
                                  0.000000   16.217255   clock reconvergence pessimism
                                 -0.171172   16.046082   library setup time
                                             16.046082   data required time
---------------------------------------------------------------------------------------------
                                             16.046082   data required time
                                             -5.257043   data arrival time
---------------------------------------------------------------------------------------------
                                             10.789040   slack (MET)


Startpoint: din_valid_i (input port clocked by clk)
Endpoint: _774_ (rising edge-triggered flip-flop clocked by clk)
Path Group: clk
Path Type: max

Fanout         Cap        Slew       Delay        Time   Description
---------------------------------------------------------------------------------------------
                                  0.000000    0.000000   clock clk (rise edge)
                                  0.000000    0.000000   clock network delay (propagated)
                                  3.200000    3.200000 ^ input external delay
     2    0.005011    0.035473    0.008915    3.208915 ^ din_valid_i (in)
                                                         din_valid_i (net)
                      0.035473    0.000000    3.208915 ^ input37/I (gf180mcu_fd_sc_mcu7t5v0__dlyb_1)
     4    0.047882    0.542101    0.784224    3.993138 ^ input37/Z (gf180mcu_fd_sc_mcu7t5v0__dlyb_1)
                                                         net37 (net)
                      0.542110    0.001222    3.994360 ^ _610_/A1 (gf180mcu_fd_sc_mcu7t5v0__nand2_1)
    13    0.118308    1.124992    0.775672    4.770032 v _610_/ZN (gf180mcu_fd_sc_mcu7t5v0__nand2_1)
                                                         _274_ (net)
                      1.125325    0.011051    4.781083 v _620_/A2 (gf180mcu_fd_sc_mcu7t5v0__nand2_1)
     1    0.007104    0.333960    0.365061    5.146143 ^ _620_/ZN (gf180mcu_fd_sc_mcu7t5v0__nand2_1)
                                                         _278_ (net)
                      0.333960    0.000097    5.146240 ^ _621_/B (gf180mcu_fd_sc_mcu7t5v0__oai21_1)
     1    0.006016    0.421672    0.125884    5.272125 v _621_/ZN (gf180mcu_fd_sc_mcu7t5v0__oai21_1)
                                                         _043_ (net)
                      0.421672    0.000129    5.272254 v _774_/D (gf180mcu_fd_sc_mcu7t5v0__dffrnq_1)
                                              5.272254   data arrival time

                                 16.000000   16.000000   clock clk (rise edge)
                                  0.000000   16.000000   clock source latency
     2    0.092910    0.000000    0.000000   16.000000 ^ clk (in)
                                                         clk (net)
                      0.025556    0.010454   16.010454 ^ clkbuf_0_clk/I (gf180mcu_fd_sc_mcu7t5v0__clkbuf_16)
     8    0.205666    0.162120    0.208070   16.218523 ^ clkbuf_0_clk/Z (gf180mcu_fd_sc_mcu7t5v0__clkbuf_16)
                                                         clknet_0_clk (net)
                      0.163506    0.010019   16.228542 ^ clkbuf_3_1_0_clk/I (gf180mcu_fd_sc_mcu7t5v0__clkbuf_8)
    16    0.119720    0.182888    0.245032   16.473576 ^ clkbuf_3_1_0_clk/Z (gf180mcu_fd_sc_mcu7t5v0__clkbuf_8)
                                                         clknet_3_1_0_clk (net)
                      0.184164    0.009051   16.482626 ^ _774_/CLK (gf180mcu_fd_sc_mcu7t5v0__dffrnq_1)
                                 -0.250000   16.232626   clock uncertainty
                                  0.000000   16.232626   clock reconvergence pessimism
                                 -0.158231   16.074396   library setup time
                                             16.074396   data required time
---------------------------------------------------------------------------------------------
                                             16.074396   data required time
                                             -5.272254   data arrival time
---------------------------------------------------------------------------------------------
                                             10.802142   slack (MET)


Startpoint: din_valid_i (input port clocked by clk)
Endpoint: _773_ (rising edge-triggered flip-flop clocked by clk)
Path Group: clk
Path Type: max

Fanout         Cap        Slew       Delay        Time   Description
---------------------------------------------------------------------------------------------
                                  0.000000    0.000000   clock clk (rise edge)
                                  0.000000    0.000000   clock network delay (propagated)
                                  3.200000    3.200000 ^ input external delay
     2    0.005011    0.035473    0.008915    3.208915 ^ din_valid_i (in)
                                                         din_valid_i (net)
                      0.035473    0.000000    3.208915 ^ input37/I (gf180mcu_fd_sc_mcu7t5v0__dlyb_1)
     4    0.047882    0.542101    0.784224    3.993138 ^ input37/Z (gf180mcu_fd_sc_mcu7t5v0__dlyb_1)
                                                         net37 (net)
                      0.542110    0.001222    3.994360 ^ _610_/A1 (gf180mcu_fd_sc_mcu7t5v0__nand2_1)
    13    0.118308    1.124992    0.775672    4.770032 v _610_/ZN (gf180mcu_fd_sc_mcu7t5v0__nand2_1)
                                                         _274_ (net)
                      1.125268    0.010079    4.780112 v _619_/S (gf180mcu_fd_sc_mcu7t5v0__mux2_2)
     1    0.008540    0.114096    0.479974    5.260086 ^ _619_/Z (gf180mcu_fd_sc_mcu7t5v0__mux2_2)
                                                         _042_ (net)
                      0.114096    0.000217    5.260302 ^ _773_/D (gf180mcu_fd_sc_mcu7t5v0__dffrnq_1)
                                              5.260302   data arrival time

                                 16.000000   16.000000   clock clk (rise edge)
                                  0.000000   16.000000   clock source latency
     2    0.092910    0.000000    0.000000   16.000000 ^ clk (in)
                                                         clk (net)
                      0.025556    0.010454   16.010454 ^ clkbuf_0_clk/I (gf180mcu_fd_sc_mcu7t5v0__clkbuf_16)
     8    0.205666    0.162120    0.208070   16.218523 ^ clkbuf_0_clk/Z (gf180mcu_fd_sc_mcu7t5v0__clkbuf_16)
                                                         clknet_0_clk (net)
                      0.163506    0.010019   16.228542 ^ clkbuf_3_1_0_clk/I (gf180mcu_fd_sc_mcu7t5v0__clkbuf_8)
    16    0.119720    0.182888    0.245032   16.473576 ^ clkbuf_3_1_0_clk/Z (gf180mcu_fd_sc_mcu7t5v0__clkbuf_8)
                                                         clknet_3_1_0_clk (net)
                      0.184120    0.008844   16.482420 ^ _773_/CLK (gf180mcu_fd_sc_mcu7t5v0__dffrnq_1)
                                 -0.250000   16.232420   clock uncertainty
                                  0.000000   16.232420   clock reconvergence pessimism
                                 -0.167446   16.064974   library setup time
                                             16.064974   data required time
---------------------------------------------------------------------------------------------
                                             16.064974   data required time
                                             -5.260302   data arrival time
---------------------------------------------------------------------------------------------
                                             10.804671   slack (MET)


Startpoint: din_valid_i (input port clocked by clk)
Endpoint: _772_ (rising edge-triggered flip-flop clocked by clk)
Path Group: clk
Path Type: max

Fanout         Cap        Slew       Delay        Time   Description
---------------------------------------------------------------------------------------------
                                  0.000000    0.000000   clock clk (rise edge)
                                  0.000000    0.000000   clock network delay (propagated)
                                  3.200000    3.200000 ^ input external delay
     2    0.005011    0.035473    0.008915    3.208915 ^ din_valid_i (in)
                                                         din_valid_i (net)
                      0.035473    0.000000    3.208915 ^ input37/I (gf180mcu_fd_sc_mcu7t5v0__dlyb_1)
     4    0.047882    0.542101    0.784224    3.993138 ^ input37/Z (gf180mcu_fd_sc_mcu7t5v0__dlyb_1)
                                                         net37 (net)
                      0.542110    0.001222    3.994360 ^ _610_/A1 (gf180mcu_fd_sc_mcu7t5v0__nand2_1)
    13    0.118308    1.124992    0.775672    4.770032 v _610_/ZN (gf180mcu_fd_sc_mcu7t5v0__nand2_1)
                                                         _274_ (net)
                      1.125363    0.011665    4.781697 v _618_/S (gf180mcu_fd_sc_mcu7t5v0__mux2_2)
     1    0.005562    0.099901    0.470027    5.251724 ^ _618_/Z (gf180mcu_fd_sc_mcu7t5v0__mux2_2)
                                                         _041_ (net)
                      0.099901    0.000073    5.251797 ^ _772_/D (gf180mcu_fd_sc_mcu7t5v0__dffrnq_1)
                                              5.251797   data arrival time

                                 16.000000   16.000000   clock clk (rise edge)
                                  0.000000   16.000000   clock source latency
     2    0.092910    0.000000    0.000000   16.000000 ^ clk (in)
                                                         clk (net)
                      0.025556    0.010454   16.010454 ^ clkbuf_0_clk/I (gf180mcu_fd_sc_mcu7t5v0__clkbuf_16)
     8    0.205666    0.162120    0.208070   16.218523 ^ clkbuf_0_clk/Z (gf180mcu_fd_sc_mcu7t5v0__clkbuf_16)
                                                         clknet_0_clk (net)
                      0.163506    0.010019   16.228542 ^ clkbuf_3_1_0_clk/I (gf180mcu_fd_sc_mcu7t5v0__clkbuf_8)
    16    0.119720    0.182888    0.245032   16.473576 ^ clkbuf_3_1_0_clk/Z (gf180mcu_fd_sc_mcu7t5v0__clkbuf_8)
                                                         clknet_3_1_0_clk (net)
                      0.184200    0.009214   16.482788 ^ _772_/CLK (gf180mcu_fd_sc_mcu7t5v0__dffrnq_1)
                                 -0.250000   16.232790   clock uncertainty
                                  0.000000   16.232790   clock reconvergence pessimism
                                 -0.164278   16.068512   library setup time
                                             16.068512   data required time
---------------------------------------------------------------------------------------------
                                             16.068512   data required time
                                             -5.251797   data arrival time
---------------------------------------------------------------------------------------------
                                             10.816715   slack (MET)


Startpoint: din_valid_i (input port clocked by clk)
Endpoint: _771_ (rising edge-triggered flip-flop clocked by clk)
Path Group: clk
Path Type: max

Fanout         Cap        Slew       Delay        Time   Description
---------------------------------------------------------------------------------------------
                                  0.000000    0.000000   clock clk (rise edge)
                                  0.000000    0.000000   clock network delay (propagated)
                                  3.200000    3.200000 ^ input external delay
     2    0.005011    0.035473    0.008915    3.208915 ^ din_valid_i (in)
                                                         din_valid_i (net)
                      0.035473    0.000000    3.208915 ^ input37/I (gf180mcu_fd_sc_mcu7t5v0__dlyb_1)
     4    0.047882    0.542101    0.784224    3.993138 ^ input37/Z (gf180mcu_fd_sc_mcu7t5v0__dlyb_1)
                                                         net37 (net)
                      0.542110    0.001222    3.994360 ^ _610_/A1 (gf180mcu_fd_sc_mcu7t5v0__nand2_1)
    13    0.118308    1.124992    0.775672    4.770032 v _610_/ZN (gf180mcu_fd_sc_mcu7t5v0__nand2_1)
                                                         _274_ (net)
                      1.125289    0.010438    4.780470 v _616_/A2 (gf180mcu_fd_sc_mcu7t5v0__nand2_1)
     1    0.005434    0.309941    0.344575    5.125045 ^ _616_/ZN (gf180mcu_fd_sc_mcu7t5v0__nand2_1)
                                                         _277_ (net)
                      0.309941    0.000056    5.125101 ^ _617_/B (gf180mcu_fd_sc_mcu7t5v0__oai21_1)
     1    0.004670    0.405268    0.116164    5.241265 v _617_/ZN (gf180mcu_fd_sc_mcu7t5v0__oai21_1)
                                                         _040_ (net)
                      0.405268    0.000054    5.241319 v _771_/D (gf180mcu_fd_sc_mcu7t5v0__dffrnq_1)
                                              5.241319   data arrival time

                                 16.000000   16.000000   clock clk (rise edge)
                                  0.000000   16.000000   clock source latency
     2    0.092910    0.000000    0.000000   16.000000 ^ clk (in)
                                                         clk (net)
                      0.025556    0.010454   16.010454 ^ clkbuf_0_clk/I (gf180mcu_fd_sc_mcu7t5v0__clkbuf_16)
     8    0.205666    0.162120    0.208070   16.218523 ^ clkbuf_0_clk/Z (gf180mcu_fd_sc_mcu7t5v0__clkbuf_16)
                                                         clknet_0_clk (net)
                      0.163506    0.010019   16.228542 ^ clkbuf_3_1_0_clk/I (gf180mcu_fd_sc_mcu7t5v0__clkbuf_8)
    16    0.119720    0.182888    0.245032   16.473576 ^ clkbuf_3_1_0_clk/Z (gf180mcu_fd_sc_mcu7t5v0__clkbuf_8)
                                                         clknet_3_1_0_clk (net)
                      0.184171    0.009083   16.482658 ^ _771_/CLK (gf180mcu_fd_sc_mcu7t5v0__dffrnq_1)
                                 -0.250000   16.232658   clock uncertainty
                                  0.000000   16.232658   clock reconvergence pessimism
                                 -0.154611   16.078049   library setup time
                                             16.078049   data required time
---------------------------------------------------------------------------------------------
                                             16.078049   data required time
                                             -5.241319   data arrival time
---------------------------------------------------------------------------------------------
                                             10.836729   slack (MET)


Startpoint: din_valid_i (input port clocked by clk)
Endpoint: _775_ (rising edge-triggered flip-flop clocked by clk)
Path Group: clk
Path Type: max

Fanout         Cap        Slew       Delay        Time   Description
---------------------------------------------------------------------------------------------
                                  0.000000    0.000000   clock clk (rise edge)
                                  0.000000    0.000000   clock network delay (propagated)
                                  3.200000    3.200000 ^ input external delay
     2    0.005011    0.035473    0.008915    3.208915 ^ din_valid_i (in)
                                                         din_valid_i (net)
                      0.035473    0.000000    3.208915 ^ input37/I (gf180mcu_fd_sc_mcu7t5v0__dlyb_1)
     4    0.047882    0.542101    0.784224    3.993138 ^ input37/Z (gf180mcu_fd_sc_mcu7t5v0__dlyb_1)
                                                         net37 (net)
                      0.542110    0.001222    3.994360 ^ _610_/A1 (gf180mcu_fd_sc_mcu7t5v0__nand2_1)
    13    0.118308    1.124992    0.775672    4.770032 v _610_/ZN (gf180mcu_fd_sc_mcu7t5v0__nand2_1)
                                                         _274_ (net)
                      1.125171    0.008122    4.778153 v _622_/A2 (gf180mcu_fd_sc_mcu7t5v0__nand2_1)
     1    0.004935    0.303017    0.338436    5.116590 ^ _622_/ZN (gf180mcu_fd_sc_mcu7t5v0__nand2_1)
                                                         _279_ (net)
                      0.303017    0.000047    5.116637 ^ _623_/B (gf180mcu_fd_sc_mcu7t5v0__oai21_1)
     1    0.005509    0.415944    0.121481    5.238118 v _623_/ZN (gf180mcu_fd_sc_mcu7t5v0__oai21_1)
                                                         _044_ (net)
                      0.415944    0.000073    5.238191 v _775_/D (gf180mcu_fd_sc_mcu7t5v0__dffrnq_1)
                                              5.238191   data arrival time

                                 16.000000   16.000000   clock clk (rise edge)
                                  0.000000   16.000000   clock source latency
     2    0.092910    0.000000    0.000000   16.000000 ^ clk (in)
                                                         clk (net)
                      0.025556    0.010454   16.010454 ^ clkbuf_0_clk/I (gf180mcu_fd_sc_mcu7t5v0__clkbuf_16)
     8    0.205666    0.162120    0.208070   16.218523 ^ clkbuf_0_clk/Z (gf180mcu_fd_sc_mcu7t5v0__clkbuf_16)
                                                         clknet_0_clk (net)
                      0.163506    0.010019   16.228542 ^ clkbuf_3_1_0_clk/I (gf180mcu_fd_sc_mcu7t5v0__clkbuf_8)
    16    0.119720    0.182888    0.245032   16.473576 ^ clkbuf_3_1_0_clk/Z (gf180mcu_fd_sc_mcu7t5v0__clkbuf_8)
                                                         clknet_3_1_0_clk (net)
                      0.184089    0.008699   16.482273 ^ _775_/CLK (gf180mcu_fd_sc_mcu7t5v0__dffrnq_1)
                                 -0.250000   16.232275   clock uncertainty
                                  0.000000   16.232275   clock reconvergence pessimism
                                 -0.156991   16.075283   library setup time
                                             16.075283   data required time
---------------------------------------------------------------------------------------------
                                             16.075283   data required time
                                             -5.238191   data arrival time
---------------------------------------------------------------------------------------------
                                             10.837093   slack (MET)


Startpoint: din_valid_i (input port clocked by clk)
Endpoint: _853_ (rising edge-triggered flip-flop clocked by clk)
Path Group: clk
Path Type: max

Fanout         Cap        Slew       Delay        Time   Description
---------------------------------------------------------------------------------------------
                                  0.000000    0.000000   clock clk (rise edge)
                                  0.000000    0.000000   clock network delay (propagated)
                                  3.200000    3.200000 ^ input external delay
     2    0.005011    0.035473    0.008915    3.208915 ^ din_valid_i (in)
                                                         din_valid_i (net)
                      0.035473    0.000000    3.208915 ^ input37/I (gf180mcu_fd_sc_mcu7t5v0__dlyb_1)
     4    0.047882    0.542101    0.784224    3.993138 ^ input37/Z (gf180mcu_fd_sc_mcu7t5v0__dlyb_1)
                                                         net37 (net)
                      0.542131    0.002251    3.995389 ^ _579_/A1 (gf180mcu_fd_sc_mcu7t5v0__nand3_1)
     1    0.033206    0.501604    0.368179    4.363569 v _579_/ZN (gf180mcu_fd_sc_mcu7t5v0__nand3_1)
                                                         _255_ (net)
                      0.501606    0.001557    4.365126 v wire120/I (gf180mcu_fd_sc_mcu7t5v0__clkbuf_8)
    13    0.249327    0.354943    0.414176    4.779302 v wire120/Z (gf180mcu_fd_sc_mcu7t5v0__clkbuf_8)
                                                         net120 (net)
                      0.380832    0.052719    4.832021 v _588_/S (gf180mcu_fd_sc_mcu7t5v0__mux2_2)
     1    0.005938    0.102654    0.319085    5.151105 ^ _588_/Z (gf180mcu_fd_sc_mcu7t5v0__mux2_2)
                                                         _030_ (net)
                      0.102654    0.000123    5.151229 ^ _853_/D (gf180mcu_fd_sc_mcu7t5v0__dffrnq_1)
                                              5.151229   data arrival time

                                 16.000000   16.000000   clock clk (rise edge)
                                  0.000000   16.000000   clock source latency
     2    0.092910    0.000000    0.000000   16.000000 ^ clk (in)
                                                         clk (net)
                      0.025556    0.010454   16.010454 ^ clkbuf_0_clk/I (gf180mcu_fd_sc_mcu7t5v0__clkbuf_16)
     8    0.205666    0.162120    0.208070   16.218523 ^ clkbuf_0_clk/Z (gf180mcu_fd_sc_mcu7t5v0__clkbuf_16)
                                                         clknet_0_clk (net)
                      0.163657    0.010587   16.229111 ^ clkbuf_3_4_0_clk/I (gf180mcu_fd_sc_mcu7t5v0__clkbuf_8)
    14    0.100143    0.160217    0.231429   16.460541 ^ clkbuf_3_4_0_clk/Z (gf180mcu_fd_sc_mcu7t5v0__clkbuf_8)
                                                         clknet_3_4_0_clk (net)
                      0.160503    0.006432   16.466972 ^ _853_/CLK (gf180mcu_fd_sc_mcu7t5v0__dffrnq_1)
                                 -0.250000   16.216972   clock uncertainty
                                  0.000000   16.216972   clock reconvergence pessimism
                                 -0.170241   16.046732   library setup time
                                             16.046732   data required time
---------------------------------------------------------------------------------------------
                                             16.046732   data required time
                                             -5.151229   data arrival time
---------------------------------------------------------------------------------------------
                                             10.895503   slack (MET)


Startpoint: din_valid_i (input port clocked by clk)
Endpoint: _852_ (rising edge-triggered flip-flop clocked by clk)
Path Group: clk
Path Type: max

Fanout         Cap        Slew       Delay        Time   Description
---------------------------------------------------------------------------------------------
                                  0.000000    0.000000   clock clk (rise edge)
                                  0.000000    0.000000   clock network delay (propagated)
                                  3.200000    3.200000 ^ input external delay
     2    0.005011    0.035473    0.008915    3.208915 ^ din_valid_i (in)
                                                         din_valid_i (net)
                      0.035473    0.000000    3.208915 ^ input37/I (gf180mcu_fd_sc_mcu7t5v0__dlyb_1)
     4    0.047882    0.542101    0.784224    3.993138 ^ input37/Z (gf180mcu_fd_sc_mcu7t5v0__dlyb_1)
                                                         net37 (net)
                      0.542131    0.002251    3.995389 ^ _579_/A1 (gf180mcu_fd_sc_mcu7t5v0__nand3_1)
     1    0.033206    0.501604    0.368179    4.363569 v _579_/ZN (gf180mcu_fd_sc_mcu7t5v0__nand3_1)
                                                         _255_ (net)
                      0.501606    0.001557    4.365126 v wire120/I (gf180mcu_fd_sc_mcu7t5v0__clkbuf_8)
    13    0.249327    0.354943    0.414176    4.779302 v wire120/Z (gf180mcu_fd_sc_mcu7t5v0__clkbuf_8)
                                                         net120 (net)
                      0.380822    0.052707    4.832009 v _587_/S (gf180mcu_fd_sc_mcu7t5v0__mux2_2)
     1    0.005035    0.092609    0.316036    5.148045 ^ _587_/Z (gf180mcu_fd_sc_mcu7t5v0__mux2_2)
                                                         _029_ (net)
                      0.092609    0.000103    5.148148 ^ _852_/D (gf180mcu_fd_sc_mcu7t5v0__dffrnq_1)
                                              5.148148   data arrival time

                                 16.000000   16.000000   clock clk (rise edge)
                                  0.000000   16.000000   clock source latency
     2    0.092910    0.000000    0.000000   16.000000 ^ clk (in)
                                                         clk (net)
                      0.025556    0.010454   16.010454 ^ clkbuf_0_clk/I (gf180mcu_fd_sc_mcu7t5v0__clkbuf_16)
     8    0.205666    0.162120    0.208070   16.218523 ^ clkbuf_0_clk/Z (gf180mcu_fd_sc_mcu7t5v0__clkbuf_16)
                                                         clknet_0_clk (net)
                      0.163657    0.010587   16.229111 ^ clkbuf_3_4_0_clk/I (gf180mcu_fd_sc_mcu7t5v0__clkbuf_8)
    14    0.100143    0.160217    0.231429   16.460541 ^ clkbuf_3_4_0_clk/Z (gf180mcu_fd_sc_mcu7t5v0__clkbuf_8)
                                                         clknet_3_4_0_clk (net)
                      0.160472    0.006176   16.466717 ^ _852_/CLK (gf180mcu_fd_sc_mcu7t5v0__dffrnq_1)
                                 -0.250000   16.216717   clock uncertainty
                                  0.000000   16.216717   clock reconvergence pessimism
                                 -0.168823   16.047894   library setup time
                                             16.047894   data required time
---------------------------------------------------------------------------------------------
                                             16.047894   data required time
                                             -5.148148   data arrival time
---------------------------------------------------------------------------------------------
                                             10.899747   slack (MET)


Startpoint: din_valid_i (input port clocked by clk)
Endpoint: _850_ (rising edge-triggered flip-flop clocked by clk)
Path Group: clk
Path Type: max

Fanout         Cap        Slew       Delay        Time   Description
---------------------------------------------------------------------------------------------
                                  0.000000    0.000000   clock clk (rise edge)
                                  0.000000    0.000000   clock network delay (propagated)
                                  3.200000    3.200000 ^ input external delay
     2    0.005011    0.035473    0.008915    3.208915 ^ din_valid_i (in)
                                                         din_valid_i (net)
                      0.035473    0.000000    3.208915 ^ input37/I (gf180mcu_fd_sc_mcu7t5v0__dlyb_1)
     4    0.047882    0.542101    0.784224    3.993138 ^ input37/Z (gf180mcu_fd_sc_mcu7t5v0__dlyb_1)
                                                         net37 (net)
                      0.542131    0.002251    3.995389 ^ _579_/A1 (gf180mcu_fd_sc_mcu7t5v0__nand3_1)
     1    0.033206    0.501604    0.368179    4.363569 v _579_/ZN (gf180mcu_fd_sc_mcu7t5v0__nand3_1)
                                                         _255_ (net)
                      0.501606    0.001557    4.365126 v wire120/I (gf180mcu_fd_sc_mcu7t5v0__clkbuf_8)
    13    0.249327    0.354943    0.414176    4.779302 v wire120/Z (gf180mcu_fd_sc_mcu7t5v0__clkbuf_8)
                                                         net120 (net)
                      0.380433    0.052262    4.831563 v _584_/S (gf180mcu_fd_sc_mcu7t5v0__mux2_2)
     1    0.003530    0.088726    0.310366    5.141929 ^ _584_/Z (gf180mcu_fd_sc_mcu7t5v0__mux2_2)
                                                         _027_ (net)
                      0.088726    0.000035    5.141964 ^ _850_/D (gf180mcu_fd_sc_mcu7t5v0__dffrnq_1)
                                              5.141964   data arrival time

                                 16.000000   16.000000   clock clk (rise edge)
                                  0.000000   16.000000   clock source latency
     2    0.092910    0.000000    0.000000   16.000000 ^ clk (in)
                                                         clk (net)
                      0.025556    0.010454   16.010454 ^ clkbuf_0_clk/I (gf180mcu_fd_sc_mcu7t5v0__clkbuf_16)
     8    0.205666    0.162120    0.208070   16.218523 ^ clkbuf_0_clk/Z (gf180mcu_fd_sc_mcu7t5v0__clkbuf_16)
                                                         clknet_0_clk (net)
                      0.163657    0.010587   16.229111 ^ clkbuf_3_4_0_clk/I (gf180mcu_fd_sc_mcu7t5v0__clkbuf_8)
    14    0.100143    0.160217    0.231429   16.460541 ^ clkbuf_3_4_0_clk/Z (gf180mcu_fd_sc_mcu7t5v0__clkbuf_8)
                                                         clknet_3_4_0_clk (net)
                      0.160400    0.005526   16.466066 ^ _850_/CLK (gf180mcu_fd_sc_mcu7t5v0__dffrnq_1)
                                 -0.250000   16.216066   clock uncertainty
                                  0.000000   16.216066   clock reconvergence pessimism
                                 -0.168374   16.047693   library setup time
                                             16.047693   data required time
---------------------------------------------------------------------------------------------
                                             16.047693   data required time
                                             -5.141964   data arrival time
---------------------------------------------------------------------------------------------
                                             10.905729   slack (MET)


Startpoint: din_valid_i (input port clocked by clk)
Endpoint: _854_ (rising edge-triggered flip-flop clocked by clk)
Path Group: clk
Path Type: max

Fanout         Cap        Slew       Delay        Time   Description
---------------------------------------------------------------------------------------------
                                  0.000000    0.000000   clock clk (rise edge)
                                  0.000000    0.000000   clock network delay (propagated)
                                  3.200000    3.200000 ^ input external delay
     2    0.005011    0.035473    0.008915    3.208915 ^ din_valid_i (in)
                                                         din_valid_i (net)
                      0.035473    0.000000    3.208915 ^ input37/I (gf180mcu_fd_sc_mcu7t5v0__dlyb_1)
     4    0.047882    0.542101    0.784224    3.993138 ^ input37/Z (gf180mcu_fd_sc_mcu7t5v0__dlyb_1)
                                                         net37 (net)
                      0.542131    0.002251    3.995389 ^ _579_/A1 (gf180mcu_fd_sc_mcu7t5v0__nand3_1)
     1    0.033206    0.501604    0.368179    4.363569 v _579_/ZN (gf180mcu_fd_sc_mcu7t5v0__nand3_1)
                                                         _255_ (net)
                      0.501606    0.001557    4.365126 v wire120/I (gf180mcu_fd_sc_mcu7t5v0__clkbuf_8)
    13    0.249327    0.354943    0.414176    4.779302 v wire120/Z (gf180mcu_fd_sc_mcu7t5v0__clkbuf_8)
                                                         net120 (net)
                      0.379124    0.050742    4.830043 v _589_/A2 (gf180mcu_fd_sc_mcu7t5v0__nand2_1)
     1    0.008318    0.206587    0.207208    5.037251 ^ _589_/ZN (gf180mcu_fd_sc_mcu7t5v0__nand2_1)
                                                         _259_ (net)
                      0.206587    0.000189    5.037440 ^ _590_/B (gf180mcu_fd_sc_mcu7t5v0__oai21_1)
     1    0.004283    0.345543    0.109904    5.147344 v _590_/ZN (gf180mcu_fd_sc_mcu7t5v0__oai21_1)
                                                         _031_ (net)
                      0.345543    0.000083    5.147427 v _854_/D (gf180mcu_fd_sc_mcu7t5v0__dffrnq_1)
                                              5.147427   data arrival time

                                 16.000000   16.000000   clock clk (rise edge)
                                  0.000000   16.000000   clock source latency
     2    0.092910    0.000000    0.000000   16.000000 ^ clk (in)
                                                         clk (net)
                      0.025556    0.010454   16.010454 ^ clkbuf_0_clk/I (gf180mcu_fd_sc_mcu7t5v0__clkbuf_16)
     8    0.205666    0.162120    0.208070   16.218523 ^ clkbuf_0_clk/Z (gf180mcu_fd_sc_mcu7t5v0__clkbuf_16)
                                                         clknet_0_clk (net)
                      0.163509    0.010031   16.228556 ^ clkbuf_3_6_0_clk/I (gf180mcu_fd_sc_mcu7t5v0__clkbuf_8)
    12    0.102572    0.163725    0.233868   16.462423 ^ clkbuf_3_6_0_clk/Z (gf180mcu_fd_sc_mcu7t5v0__clkbuf_8)
                                                         clknet_3_6_0_clk (net)
                      0.163974    0.006324   16.468746 ^ _854_/CLK (gf180mcu_fd_sc_mcu7t5v0__dffrnq_1)
                                 -0.250000   16.218748   clock uncertainty
                                  0.000000   16.218748   clock reconvergence pessimism
                                 -0.143571   16.075178   library setup time
                                             16.075178   data required time
---------------------------------------------------------------------------------------------
                                             16.075178   data required time
                                             -5.147427   data arrival time
---------------------------------------------------------------------------------------------
                                             10.927750   slack (MET)


Startpoint: din_valid_i (input port clocked by clk)
Endpoint: _851_ (rising edge-triggered flip-flop clocked by clk)
Path Group: clk
Path Type: max

Fanout         Cap        Slew       Delay        Time   Description
---------------------------------------------------------------------------------------------
                                  0.000000    0.000000   clock clk (rise edge)
                                  0.000000    0.000000   clock network delay (propagated)
                                  3.200000    3.200000 ^ input external delay
     2    0.005011    0.035473    0.008915    3.208915 ^ din_valid_i (in)
                                                         din_valid_i (net)
                      0.035473    0.000000    3.208915 ^ input37/I (gf180mcu_fd_sc_mcu7t5v0__dlyb_1)
     4    0.047882    0.542101    0.784224    3.993138 ^ input37/Z (gf180mcu_fd_sc_mcu7t5v0__dlyb_1)
                                                         net37 (net)
                      0.542131    0.002251    3.995389 ^ _579_/A1 (gf180mcu_fd_sc_mcu7t5v0__nand3_1)
     1    0.033206    0.501604    0.368179    4.363569 v _579_/ZN (gf180mcu_fd_sc_mcu7t5v0__nand3_1)
                                                         _255_ (net)
                      0.501606    0.001557    4.365126 v wire120/I (gf180mcu_fd_sc_mcu7t5v0__clkbuf_8)
    13    0.249327    0.354943    0.414176    4.779302 v wire120/Z (gf180mcu_fd_sc_mcu7t5v0__clkbuf_8)
                                                         net120 (net)
                      0.380256    0.052058    4.831360 v _585_/A2 (gf180mcu_fd_sc_mcu7t5v0__nand2_1)
     1    0.005755    0.182727    0.187425    5.018785 ^ _585_/ZN (gf180mcu_fd_sc_mcu7t5v0__nand2_1)
                                                         _258_ (net)
                      0.182727    0.000064    5.018848 ^ _586_/B (gf180mcu_fd_sc_mcu7t5v0__oai21_1)
     1    0.004586    0.267329    0.110269    5.129117 v _586_/ZN (gf180mcu_fd_sc_mcu7t5v0__oai21_1)
                                                         _028_ (net)
                      0.267329    0.000052    5.129169 v _851_/D (gf180mcu_fd_sc_mcu7t5v0__dffrnq_1)
                                              5.129169   data arrival time

                                 16.000000   16.000000   clock clk (rise edge)
                                  0.000000   16.000000   clock source latency
     2    0.092910    0.000000    0.000000   16.000000 ^ clk (in)
                                                         clk (net)
                      0.025556    0.010454   16.010454 ^ clkbuf_0_clk/I (gf180mcu_fd_sc_mcu7t5v0__clkbuf_16)
     8    0.205666    0.162120    0.208070   16.218523 ^ clkbuf_0_clk/Z (gf180mcu_fd_sc_mcu7t5v0__clkbuf_16)
                                                         clknet_0_clk (net)
                      0.163509    0.010031   16.228556 ^ clkbuf_3_6_0_clk/I (gf180mcu_fd_sc_mcu7t5v0__clkbuf_8)
    12    0.102572    0.163725    0.233868   16.462423 ^ clkbuf_3_6_0_clk/Z (gf180mcu_fd_sc_mcu7t5v0__clkbuf_8)
                                                         clknet_3_6_0_clk (net)
                      0.163992    0.006484   16.468906 ^ _851_/CLK (gf180mcu_fd_sc_mcu7t5v0__dffrnq_1)
                                 -0.250000   16.218908   clock uncertainty
                                  0.000000   16.218908   clock reconvergence pessimism
                                 -0.123063   16.095844   library setup time
                                             16.095844   data required time
---------------------------------------------------------------------------------------------
                                             16.095844   data required time
                                             -5.129169   data arrival time
---------------------------------------------------------------------------------------------
                                             10.966674   slack (MET)


Startpoint: din_valid_i (input port clocked by clk)
Endpoint: _855_ (rising edge-triggered flip-flop clocked by clk)
Path Group: clk
Path Type: max

Fanout         Cap        Slew       Delay        Time   Description
---------------------------------------------------------------------------------------------
                                  0.000000    0.000000   clock clk (rise edge)
                                  0.000000    0.000000   clock network delay (propagated)
                                  3.200000    3.200000 ^ input external delay
     2    0.005011    0.035473    0.008915    3.208915 ^ din_valid_i (in)
                                                         din_valid_i (net)
                      0.035473    0.000000    3.208915 ^ input37/I (gf180mcu_fd_sc_mcu7t5v0__dlyb_1)
     4    0.047882    0.542101    0.784224    3.993138 ^ input37/Z (gf180mcu_fd_sc_mcu7t5v0__dlyb_1)
                                                         net37 (net)
                      0.542131    0.002251    3.995389 ^ _579_/A1 (gf180mcu_fd_sc_mcu7t5v0__nand3_1)
     1    0.033206    0.501604    0.368179    4.363569 v _579_/ZN (gf180mcu_fd_sc_mcu7t5v0__nand3_1)
                                                         _255_ (net)
                      0.501606    0.001557    4.365126 v wire120/I (gf180mcu_fd_sc_mcu7t5v0__clkbuf_8)
    13    0.249327    0.354943    0.414176    4.779302 v wire120/Z (gf180mcu_fd_sc_mcu7t5v0__clkbuf_8)
                                                         net120 (net)
                      0.380583    0.052434    4.831736 v _591_/A2 (gf180mcu_fd_sc_mcu7t5v0__nand2_1)
     1    0.004974    0.175652    0.181061    5.012796 ^ _591_/ZN (gf180mcu_fd_sc_mcu7t5v0__nand2_1)
                                                         _260_ (net)
                      0.175652    0.000047    5.012843 ^ _592_/B (gf180mcu_fd_sc_mcu7t5v0__oai21_1)
     1    0.003934    0.231762    0.105710    5.118553 v _592_/ZN (gf180mcu_fd_sc_mcu7t5v0__oai21_1)
                                                         _032_ (net)
                      0.231762    0.000076    5.118629 v _855_/D (gf180mcu_fd_sc_mcu7t5v0__dffrnq_1)
                                              5.118629   data arrival time

                                 16.000000   16.000000   clock clk (rise edge)
                                  0.000000   16.000000   clock source latency
     2    0.092910    0.000000    0.000000   16.000000 ^ clk (in)
                                                         clk (net)
                      0.025556    0.010454   16.010454 ^ clkbuf_0_clk/I (gf180mcu_fd_sc_mcu7t5v0__clkbuf_16)
     8    0.205666    0.162120    0.208070   16.218523 ^ clkbuf_0_clk/Z (gf180mcu_fd_sc_mcu7t5v0__clkbuf_16)
                                                         clknet_0_clk (net)
                      0.163657    0.010587   16.229111 ^ clkbuf_3_4_0_clk/I (gf180mcu_fd_sc_mcu7t5v0__clkbuf_8)
    14    0.100143    0.160217    0.231429   16.460541 ^ clkbuf_3_4_0_clk/Z (gf180mcu_fd_sc_mcu7t5v0__clkbuf_8)
                                                         clknet_3_4_0_clk (net)
                      0.160445    0.005947   16.466488 ^ _855_/CLK (gf180mcu_fd_sc_mcu7t5v0__dffrnq_1)
                                 -0.250000   16.216488   clock uncertainty
                                  0.000000   16.216488   clock reconvergence pessimism
                                 -0.114476   16.102013   library setup time
                                             16.102013   data required time
---------------------------------------------------------------------------------------------
                                             16.102013   data required time
                                             -5.118629   data arrival time
---------------------------------------------------------------------------------------------
                                             10.983383   slack (MET)


Startpoint: rst_n (input port clocked by clk)
Endpoint: _856_ (recovery check against rising-edge clock clk)
Path Group: asynchronous
Path Type: max

Fanout         Cap        Slew       Delay        Time   Description
---------------------------------------------------------------------------------------------
                                  0.000000    0.000000   clock clk (rise edge)
                                  0.000000    0.000000   clock network delay (propagated)
                                  3.200000    3.200000 ^ input external delay
     2    0.010205    0.049982    0.017902    3.217902 ^ rst_n (in)
                                                         rst_n (net)
                      0.049982    0.000000    3.217902 ^ input38/I (gf180mcu_fd_sc_mcu7t5v0__dlyb_1)
     1    0.008384    0.136510    0.542173    3.760076 ^ input38/Z (gf180mcu_fd_sc_mcu7t5v0__dlyb_1)
                                                         net38 (net)
                      0.136510    0.000211    3.760287 ^ fanout134/I (gf180mcu_fd_sc_mcu7t5v0__dlyb_1)
     5    0.097080    1.064006    1.100393    4.860680 ^ fanout134/Z (gf180mcu_fd_sc_mcu7t5v0__dlyb_1)
                                                         net134 (net)
                      1.064343    0.010738    4.871418 ^ wire135/I (gf180mcu_fd_sc_mcu7t5v0__buf_4)
     7    0.132346    0.373745    0.319424    5.190842 ^ wire135/Z (gf180mcu_fd_sc_mcu7t5v0__buf_4)
                                                         net135 (net)
                      0.376758    0.018261    5.209102 ^ _856_/RN (gf180mcu_fd_sc_mcu7t5v0__dffrnq_1)
                                              5.209102   data arrival time

                                 16.000000   16.000000   clock clk (rise edge)
                                  0.000000   16.000000   clock source latency
     2    0.092910    0.000000    0.000000   16.000000 ^ clk (in)
                                                         clk (net)
                      0.025556    0.010454   16.010454 ^ clkbuf_0_clk/I (gf180mcu_fd_sc_mcu7t5v0__clkbuf_16)
     8    0.205666    0.162120    0.208070   16.218523 ^ clkbuf_0_clk/Z (gf180mcu_fd_sc_mcu7t5v0__clkbuf_16)
                                                         clknet_0_clk (net)
                      0.163509    0.010031   16.228556 ^ clkbuf_3_6_0_clk/I (gf180mcu_fd_sc_mcu7t5v0__clkbuf_8)
    12    0.102572    0.163725    0.233868   16.462423 ^ clkbuf_3_6_0_clk/Z (gf180mcu_fd_sc_mcu7t5v0__clkbuf_8)
                                                         clknet_3_6_0_clk (net)
                      0.163807    0.004409   16.466831 ^ _856_/CLK (gf180mcu_fd_sc_mcu7t5v0__dffrnq_1)
                                 -0.250000   16.216833   clock uncertainty
                                  0.000000   16.216833   clock reconvergence pessimism
                                  0.101815   16.318647   library recovery time
                                             16.318647   data required time
---------------------------------------------------------------------------------------------
                                             16.318647   data required time
                                             -5.209102   data arrival time
---------------------------------------------------------------------------------------------
                                             11.109546   slack (MET)


Startpoint: rst_n (input port clocked by clk)
Endpoint: _794_ (recovery check against rising-edge clock clk)
Path Group: asynchronous
Path Type: max

Fanout         Cap        Slew       Delay        Time   Description
---------------------------------------------------------------------------------------------
                                  0.000000    0.000000   clock clk (rise edge)
                                  0.000000    0.000000   clock network delay (propagated)
                                  3.200000    3.200000 ^ input external delay
     2    0.010205    0.049982    0.017902    3.217902 ^ rst_n (in)
                                                         rst_n (net)
                      0.049982    0.000000    3.217902 ^ input38/I (gf180mcu_fd_sc_mcu7t5v0__dlyb_1)
     1    0.008384    0.136510    0.542173    3.760076 ^ input38/Z (gf180mcu_fd_sc_mcu7t5v0__dlyb_1)
                                                         net38 (net)
                      0.136510    0.000211    3.760287 ^ fanout134/I (gf180mcu_fd_sc_mcu7t5v0__dlyb_1)
     5    0.097080    1.064006    1.100393    4.860680 ^ fanout134/Z (gf180mcu_fd_sc_mcu7t5v0__dlyb_1)
                                                         net134 (net)
                      1.064223    0.008627    4.869308 ^ _794_/RN (gf180mcu_fd_sc_mcu7t5v0__dffrnq_4)
                                              4.869308   data arrival time

                                 16.000000   16.000000   clock clk (rise edge)
                                  0.000000   16.000000   clock source latency
     2    0.092910    0.000000    0.000000   16.000000 ^ clk (in)
                                                         clk (net)
                      0.025556    0.010454   16.010454 ^ clkbuf_0_clk/I (gf180mcu_fd_sc_mcu7t5v0__clkbuf_16)
     8    0.205666    0.162120    0.208070   16.218523 ^ clkbuf_0_clk/Z (gf180mcu_fd_sc_mcu7t5v0__clkbuf_16)
                                                         clknet_0_clk (net)
                      0.163264    0.009058   16.227581 ^ clkbuf_3_3_0_clk/I (gf180mcu_fd_sc_mcu7t5v0__clkbuf_8)
     9    0.084729    0.142760    0.221309   16.448891 ^ clkbuf_3_3_0_clk/Z (gf180mcu_fd_sc_mcu7t5v0__clkbuf_8)
                                                         clknet_3_3_0_clk (net)
                      0.142786    0.002922   16.451813 ^ _794_/CLK (gf180mcu_fd_sc_mcu7t5v0__dffrnq_4)
                                 -0.250000   16.201813   clock uncertainty
                                  0.000000   16.201813   clock reconvergence pessimism
                                 -0.219320   15.982494   library recovery time
                                             15.982494   data required time
---------------------------------------------------------------------------------------------
                                             15.982494   data required time
                                             -4.869308   data arrival time
---------------------------------------------------------------------------------------------
                                             11.113187   slack (MET)


Startpoint: rst_n (input port clocked by clk)
Endpoint: _795_ (recovery check against rising-edge clock clk)
Path Group: asynchronous
Path Type: max

Fanout         Cap        Slew       Delay        Time   Description
---------------------------------------------------------------------------------------------
                                  0.000000    0.000000   clock clk (rise edge)
                                  0.000000    0.000000   clock network delay (propagated)
                                  3.200000    3.200000 ^ input external delay
     2    0.010205    0.049982    0.017902    3.217902 ^ rst_n (in)
                                                         rst_n (net)
                      0.049982    0.000000    3.217902 ^ input38/I (gf180mcu_fd_sc_mcu7t5v0__dlyb_1)
     1    0.008384    0.136510    0.542173    3.760076 ^ input38/Z (gf180mcu_fd_sc_mcu7t5v0__dlyb_1)
                                                         net38 (net)
                      0.136510    0.000211    3.760287 ^ fanout134/I (gf180mcu_fd_sc_mcu7t5v0__dlyb_1)
     5    0.097080    1.064006    1.100393    4.860680 ^ fanout134/Z (gf180mcu_fd_sc_mcu7t5v0__dlyb_1)
                                                         net134 (net)
                      1.064217    0.008510    4.869190 ^ _795_/RN (gf180mcu_fd_sc_mcu7t5v0__dffrnq_4)
                                              4.869190   data arrival time

                                 16.000000   16.000000   clock clk (rise edge)
                                  0.000000   16.000000   clock source latency
     2    0.092910    0.000000    0.000000   16.000000 ^ clk (in)
                                                         clk (net)
                      0.025556    0.010454   16.010454 ^ clkbuf_0_clk/I (gf180mcu_fd_sc_mcu7t5v0__clkbuf_16)
     8    0.205666    0.162120    0.208070   16.218523 ^ clkbuf_0_clk/Z (gf180mcu_fd_sc_mcu7t5v0__clkbuf_16)
                                                         clknet_0_clk (net)
                      0.163264    0.009058   16.227581 ^ clkbuf_3_3_0_clk/I (gf180mcu_fd_sc_mcu7t5v0__clkbuf_8)
     9    0.084729    0.142760    0.221309   16.448891 ^ clkbuf_3_3_0_clk/Z (gf180mcu_fd_sc_mcu7t5v0__clkbuf_8)
                                                         clknet_3_3_0_clk (net)
                      0.142788    0.003025   16.451916 ^ _795_/CLK (gf180mcu_fd_sc_mcu7t5v0__dffrnq_4)
                                 -0.250000   16.201918   clock uncertainty
                                  0.000000   16.201918   clock reconvergence pessimism
                                 -0.219316   15.982600   library recovery time
                                             15.982600   data required time
---------------------------------------------------------------------------------------------
                                             15.982600   data required time
                                             -4.869190   data arrival time
---------------------------------------------------------------------------------------------
                                             11.113411   slack (MET)


Startpoint: rst_n (input port clocked by clk)
Endpoint: _834_ (recovery check against rising-edge clock clk)
Path Group: asynchronous
Path Type: max

Fanout         Cap        Slew       Delay        Time   Description
---------------------------------------------------------------------------------------------
                                  0.000000    0.000000   clock clk (rise edge)
                                  0.000000    0.000000   clock network delay (propagated)
                                  3.200000    3.200000 ^ input external delay
     2    0.010205    0.049982    0.017902    3.217902 ^ rst_n (in)
                                                         rst_n (net)
                      0.049982    0.000000    3.217902 ^ input38/I (gf180mcu_fd_sc_mcu7t5v0__dlyb_1)
     1    0.008384    0.136510    0.542173    3.760076 ^ input38/Z (gf180mcu_fd_sc_mcu7t5v0__dlyb_1)
                                                         net38 (net)
                      0.136510    0.000211    3.760287 ^ fanout134/I (gf180mcu_fd_sc_mcu7t5v0__dlyb_1)
     5    0.097080    1.064006    1.100393    4.860680 ^ fanout134/Z (gf180mcu_fd_sc_mcu7t5v0__dlyb_1)
                                                         net134 (net)
                      1.064343    0.010738    4.871418 ^ wire135/I (gf180mcu_fd_sc_mcu7t5v0__buf_4)
     7    0.132346    0.373745    0.319424    5.190842 ^ wire135/Z (gf180mcu_fd_sc_mcu7t5v0__buf_4)
                                                         net135 (net)
                      0.377625    0.021391    5.212233 ^ _834_/RN (gf180mcu_fd_sc_mcu7t5v0__dffrnq_1)
                                              5.212233   data arrival time

                                 16.000000   16.000000   clock clk (rise edge)
                                  0.000000   16.000000   clock source latency
     2    0.092910    0.000000    0.000000   16.000000 ^ clk (in)
                                                         clk (net)
                      0.025556    0.010454   16.010454 ^ clkbuf_0_clk/I (gf180mcu_fd_sc_mcu7t5v0__clkbuf_16)
     8    0.205666    0.162120    0.208070   16.218523 ^ clkbuf_0_clk/Z (gf180mcu_fd_sc_mcu7t5v0__clkbuf_16)
                                                         clknet_0_clk (net)
                      0.163435    0.009745   16.228270 ^ clkbuf_3_7_0_clk/I (gf180mcu_fd_sc_mcu7t5v0__clkbuf_8)
    13    0.109998    0.171668    0.238259   16.466528 ^ clkbuf_3_7_0_clk/Z (gf180mcu_fd_sc_mcu7t5v0__clkbuf_8)
                                                         clknet_3_7_0_clk (net)
                      0.172449    0.008328   16.474855 ^ _834_/CLK (gf180mcu_fd_sc_mcu7t5v0__dffrnq_1)
                                 -0.250000   16.224857   clock uncertainty
                                  0.000000   16.224857   clock reconvergence pessimism
                                  0.102949   16.327805   library recovery time
                                             16.327805   data required time
---------------------------------------------------------------------------------------------
                                             16.327805   data required time
                                             -5.212233   data arrival time
---------------------------------------------------------------------------------------------
                                             11.115573   slack (MET)


Startpoint: rst_n (input port clocked by clk)
Endpoint: _839_ (recovery check against rising-edge clock clk)
Path Group: asynchronous
Path Type: max

Fanout         Cap        Slew       Delay        Time   Description
---------------------------------------------------------------------------------------------
                                  0.000000    0.000000   clock clk (rise edge)
                                  0.000000    0.000000   clock network delay (propagated)
                                  3.200000    3.200000 ^ input external delay
     2    0.010205    0.049982    0.017902    3.217902 ^ rst_n (in)
                                                         rst_n (net)
                      0.049982    0.000000    3.217902 ^ input38/I (gf180mcu_fd_sc_mcu7t5v0__dlyb_1)
     1    0.008384    0.136510    0.542173    3.760076 ^ input38/Z (gf180mcu_fd_sc_mcu7t5v0__dlyb_1)
                                                         net38 (net)
                      0.136510    0.000211    3.760287 ^ fanout134/I (gf180mcu_fd_sc_mcu7t5v0__dlyb_1)
     5    0.097080    1.064006    1.100393    4.860680 ^ fanout134/Z (gf180mcu_fd_sc_mcu7t5v0__dlyb_1)
                                                         net134 (net)
                      1.064343    0.010738    4.871418 ^ wire135/I (gf180mcu_fd_sc_mcu7t5v0__buf_4)
     7    0.132346    0.373745    0.319424    5.190842 ^ wire135/Z (gf180mcu_fd_sc_mcu7t5v0__buf_4)
                                                         net135 (net)
                      0.377659    0.021509    5.212351 ^ _839_/RN (gf180mcu_fd_sc_mcu7t5v0__dffrnq_1)
                                              5.212351   data arrival time

                                 16.000000   16.000000   clock clk (rise edge)
                                  0.000000   16.000000   clock source latency
     2    0.092910    0.000000    0.000000   16.000000 ^ clk (in)
                                                         clk (net)
                      0.025556    0.010454   16.010454 ^ clkbuf_0_clk/I (gf180mcu_fd_sc_mcu7t5v0__clkbuf_16)
     8    0.205666    0.162120    0.208070   16.218523 ^ clkbuf_0_clk/Z (gf180mcu_fd_sc_mcu7t5v0__clkbuf_16)
                                                         clknet_0_clk (net)
                      0.163435    0.009745   16.228270 ^ clkbuf_3_7_0_clk/I (gf180mcu_fd_sc_mcu7t5v0__clkbuf_8)
    13    0.109998    0.171668    0.238259   16.466528 ^ clkbuf_3_7_0_clk/Z (gf180mcu_fd_sc_mcu7t5v0__clkbuf_8)
                                                         clknet_3_7_0_clk (net)
                      0.172480    0.008489   16.475018 ^ _839_/CLK (gf180mcu_fd_sc_mcu7t5v0__dffrnq_1)
                                 -0.250000   16.225018   clock uncertainty
                                  0.000000   16.225018   clock reconvergence pessimism
                                  0.102946   16.327965   library recovery time
                                             16.327965   data required time
---------------------------------------------------------------------------------------------
                                             16.327965   data required time
                                             -5.212351   data arrival time
---------------------------------------------------------------------------------------------
                                             11.115615   slack (MET)


Startpoint: rst_n (input port clocked by clk)
Endpoint: _838_ (recovery check against rising-edge clock clk)
Path Group: asynchronous
Path Type: max

Fanout         Cap        Slew       Delay        Time   Description
---------------------------------------------------------------------------------------------
                                  0.000000    0.000000   clock clk (rise edge)
                                  0.000000    0.000000   clock network delay (propagated)
                                  3.200000    3.200000 ^ input external delay
     2    0.010205    0.049982    0.017902    3.217902 ^ rst_n (in)
                                                         rst_n (net)
                      0.049982    0.000000    3.217902 ^ input38/I (gf180mcu_fd_sc_mcu7t5v0__dlyb_1)
     1    0.008384    0.136510    0.542173    3.760076 ^ input38/Z (gf180mcu_fd_sc_mcu7t5v0__dlyb_1)
                                                         net38 (net)
                      0.136510    0.000211    3.760287 ^ fanout134/I (gf180mcu_fd_sc_mcu7t5v0__dlyb_1)
     5    0.097080    1.064006    1.100393    4.860680 ^ fanout134/Z (gf180mcu_fd_sc_mcu7t5v0__dlyb_1)
                                                         net134 (net)
                      1.064343    0.010738    4.871418 ^ wire135/I (gf180mcu_fd_sc_mcu7t5v0__buf_4)
     7    0.132346    0.373745    0.319424    5.190842 ^ wire135/Z (gf180mcu_fd_sc_mcu7t5v0__buf_4)
                                                         net135 (net)
                      0.377678    0.021571    5.212413 ^ _838_/RN (gf180mcu_fd_sc_mcu7t5v0__dffrnq_1)
                                              5.212413   data arrival time

                                 16.000000   16.000000   clock clk (rise edge)
                                  0.000000   16.000000   clock source latency
     2    0.092910    0.000000    0.000000   16.000000 ^ clk (in)
                                                         clk (net)
                      0.025556    0.010454   16.010454 ^ clkbuf_0_clk/I (gf180mcu_fd_sc_mcu7t5v0__clkbuf_16)
     8    0.205666    0.162120    0.208070   16.218523 ^ clkbuf_0_clk/Z (gf180mcu_fd_sc_mcu7t5v0__clkbuf_16)
                                                         clknet_0_clk (net)
                      0.163435    0.009745   16.228270 ^ clkbuf_3_7_0_clk/I (gf180mcu_fd_sc_mcu7t5v0__clkbuf_8)
    13    0.109998    0.171668    0.238259   16.466528 ^ clkbuf_3_7_0_clk/Z (gf180mcu_fd_sc_mcu7t5v0__clkbuf_8)
                                                         clknet_3_7_0_clk (net)
                      0.172518    0.008686   16.475214 ^ _838_/CLK (gf180mcu_fd_sc_mcu7t5v0__dffrnq_1)
                                 -0.250000   16.225216   clock uncertainty
                                  0.000000   16.225216   clock reconvergence pessimism
                                  0.102948   16.328165   library recovery time
                                             16.328165   data required time
---------------------------------------------------------------------------------------------
                                             16.328165   data required time
                                             -5.212413   data arrival time
---------------------------------------------------------------------------------------------
                                             11.115751   slack (MET)


Startpoint: rst_n (input port clocked by clk)
Endpoint: _831_ (recovery check against rising-edge clock clk)
Path Group: asynchronous
Path Type: max

Fanout         Cap        Slew       Delay        Time   Description
---------------------------------------------------------------------------------------------
                                  0.000000    0.000000   clock clk (rise edge)
                                  0.000000    0.000000   clock network delay (propagated)
                                  3.200000    3.200000 ^ input external delay
     2    0.010205    0.049982    0.017902    3.217902 ^ rst_n (in)
                                                         rst_n (net)
                      0.049982    0.000000    3.217902 ^ input38/I (gf180mcu_fd_sc_mcu7t5v0__dlyb_1)
     1    0.008384    0.136510    0.542173    3.760076 ^ input38/Z (gf180mcu_fd_sc_mcu7t5v0__dlyb_1)
                                                         net38 (net)
                      0.136510    0.000211    3.760287 ^ fanout134/I (gf180mcu_fd_sc_mcu7t5v0__dlyb_1)
     5    0.097080    1.064006    1.100393    4.860680 ^ fanout134/Z (gf180mcu_fd_sc_mcu7t5v0__dlyb_1)
                                                         net134 (net)
                      1.064343    0.010738    4.871418 ^ wire135/I (gf180mcu_fd_sc_mcu7t5v0__buf_4)
     7    0.132346    0.373745    0.319424    5.190842 ^ wire135/Z (gf180mcu_fd_sc_mcu7t5v0__buf_4)
                                                         net135 (net)
                      0.377438    0.020739    5.211581 ^ _831_/RN (gf180mcu_fd_sc_mcu7t5v0__dffrnq_1)
                                              5.211581   data arrival time

                                 16.000000   16.000000   clock clk (rise edge)
                                  0.000000   16.000000   clock source latency
     2    0.092910    0.000000    0.000000   16.000000 ^ clk (in)
                                                         clk (net)
                      0.025556    0.010454   16.010454 ^ clkbuf_0_clk/I (gf180mcu_fd_sc_mcu7t5v0__clkbuf_16)
     8    0.205666    0.162120    0.208070   16.218523 ^ clkbuf_0_clk/Z (gf180mcu_fd_sc_mcu7t5v0__clkbuf_16)
                                                         clknet_0_clk (net)
                      0.163435    0.009745   16.228270 ^ clkbuf_3_7_0_clk/I (gf180mcu_fd_sc_mcu7t5v0__clkbuf_8)
    13    0.109998    0.171668    0.238259   16.466528 ^ clkbuf_3_7_0_clk/Z (gf180mcu_fd_sc_mcu7t5v0__clkbuf_8)
                                                         clknet_3_7_0_clk (net)
                      0.172377    0.007939   16.474466 ^ _831_/CLK (gf180mcu_fd_sc_mcu7t5v0__dffrnq_1)
                                 -0.250000   16.224468   clock uncertainty
                                  0.000000   16.224468   clock reconvergence pessimism
                                  0.102978   16.327444   library recovery time
                                             16.327444   data required time
---------------------------------------------------------------------------------------------
                                             16.327444   data required time
                                             -5.211581   data arrival time
---------------------------------------------------------------------------------------------
                                             11.115864   slack (MET)


Startpoint: rst_n (input port clocked by clk)
Endpoint: _792_ (recovery check against rising-edge clock clk)
Path Group: asynchronous
Path Type: max

Fanout         Cap        Slew       Delay        Time   Description
---------------------------------------------------------------------------------------------
                                  0.000000    0.000000   clock clk (rise edge)
                                  0.000000    0.000000   clock network delay (propagated)
                                  3.200000    3.200000 ^ input external delay
     2    0.010205    0.049982    0.017902    3.217902 ^ rst_n (in)
                                                         rst_n (net)
                      0.049982    0.000000    3.217902 ^ input38/I (gf180mcu_fd_sc_mcu7t5v0__dlyb_1)
     1    0.008384    0.136510    0.542173    3.760076 ^ input38/Z (gf180mcu_fd_sc_mcu7t5v0__dlyb_1)
                                                         net38 (net)
                      0.136510    0.000211    3.760287 ^ fanout134/I (gf180mcu_fd_sc_mcu7t5v0__dlyb_1)
     5    0.097080    1.064006    1.100393    4.860680 ^ fanout134/Z (gf180mcu_fd_sc_mcu7t5v0__dlyb_1)
                                                         net134 (net)
                      1.064210    0.008370    4.869050 ^ _792_/RN (gf180mcu_fd_sc_mcu7t5v0__dffrnq_2)
                                              4.869050   data arrival time

                                 16.000000   16.000000   clock clk (rise edge)
                                  0.000000   16.000000   clock source latency
     2    0.092910    0.000000    0.000000   16.000000 ^ clk (in)
                                                         clk (net)
                      0.025556    0.010454   16.010454 ^ clkbuf_0_clk/I (gf180mcu_fd_sc_mcu7t5v0__clkbuf_16)
     8    0.205666    0.162120    0.208070   16.218523 ^ clkbuf_0_clk/Z (gf180mcu_fd_sc_mcu7t5v0__clkbuf_16)
                                                         clknet_0_clk (net)
                      0.163264    0.009058   16.227581 ^ clkbuf_3_3_0_clk/I (gf180mcu_fd_sc_mcu7t5v0__clkbuf_8)
     9    0.084729    0.142760    0.221309   16.448891 ^ clkbuf_3_3_0_clk/Z (gf180mcu_fd_sc_mcu7t5v0__clkbuf_8)
                                                         clknet_3_3_0_clk (net)
                      0.142790    0.003125   16.452015 ^ _792_/CLK (gf180mcu_fd_sc_mcu7t5v0__dffrnq_2)
                                 -0.250000   16.202017   clock uncertainty
                                  0.000000   16.202017   clock reconvergence pessimism
                                 -0.211300   15.990715   library recovery time
                                             15.990715   data required time
---------------------------------------------------------------------------------------------
                                             15.990715   data required time
                                             -4.869050   data arrival time
---------------------------------------------------------------------------------------------
                                             11.121665   slack (MET)



