Instance,Terminal,Layer,X location,Y location,Voltage
hold1749,VSS,Metal1,57.3525,664.8175,0.000233
hold1748,VSS,Metal1,17.5925,684.9775,0.000500
hold1747,VSS,Metal1,1054.1525,534.7025,0.001042
fanout1738,VSS,Metal1,537.9000,1098.1650,0.000547
load_slew1737,VSS,Metal1,872.2200,1078.0050,0.000108
fanout1736,VSS,Metal1,871.8230,1098.1885,0.000150
load_slew1735,VSS,Metal1,1083.8400,987.2425,0.000192
fanout1734,VSS,Metal1,1074.5430,997.3885,0.000118
fanout1733,VSS,Metal1,1043.7430,946.9885,0.000183
fanout1732,VSS,Metal1,1055.5030,937.9715,0.000244
fanout1731,VSS,Metal1,1044.8630,907.7315,0.000284
load_slew1730,VSS,Metal1,1063.6800,876.3625,0.000321
fanout1729,VSS,Metal1,1043.7430,906.6685,0.000284
fanout1728,VSS,Metal1,1018.5430,847.2515,0.000653
load_slew1727,VSS,Metal1,1055.2800,825.9625,0.000530
fanout1726,VSS,Metal1,1040.3830,867.4115,0.000200
load_slew1725,VSS,Metal1,1046.8800,825.9625,0.000466
fanout1724,VSS,Metal1,1044.3030,817.0115,0.000227
load_slew1723,VSS,Metal1,1082.7200,796.9175,0.000340
fanout1722,VSS,Metal1,1043.7430,876.4285,0.000318
load_slew1721,VSS,Metal1,1048.5600,755.4025,0.000489
fanout1720,VSS,Metal1,1043.7430,776.6915,0.000375
fanout1719,VSS,Metal1,984.9430,847.2515,0.000707
wire1718,VSS,Metal1,983.0400,776.7575,0.000394
fanout1717,VSS,Metal1,988.3030,846.1885,0.000707
fanout1716,VSS,Metal1,1053.8230,655.7315,0.000785
load_slew1715,VSS,Metal1,1083.8400,705.0025,0.000293
fanout1714,VSS,Metal1,1053.8230,736.3715,0.000224
load_slew1713,VSS,Metal1,1036.8000,674.7625,0.000844
fanout1712,VSS,Metal1,1047.1030,706.1315,0.000250
load_slew1711,VSS,Metal1,1037.0680,634.3740,0.000897
fanout1710,VSS,Metal1,1034.7830,625.4915,0.000890
fanout1709,VSS,Metal1,998.3830,675.8915,0.000828
fanout1708,VSS,Metal1,1033.6630,675.8915,0.000844
load_slew1707,VSS,Metal1,980.8000,694.9225,0.000721
fanout1706,VSS,Metal1,983.2630,675.8915,0.000778
load_slew1705,VSS,Metal1,987.7880,635.7060,0.000726
fanout1704,VSS,Metal1,980.4630,595.2515,0.000443
fanout1703,VSS,Metal1,821.9830,654.6685,0.000635
load_slew1702,VSS,Metal1,901.2800,614.2825,0.000430
fanout1701,VSS,Metal1,905.4230,696.0515,0.000574
load_slew1700,VSS,Metal1,902.4600,694.9650,0.000574
fanout1699,VSS,Metal1,892.5430,705.0685,0.000407
load_slew1698,VSS,Metal1,944.4000,705.0025,0.000274
fanout1697,VSS,Metal1,912.7030,705.0685,0.000386
fanout1696,VSS,Metal1,890.3030,664.7485,0.000315
load_slew1695,VSS,Metal1,841.3600,696.1175,0.000573
fanout1694,VSS,Metal1,852.7830,705.0685,0.000405
load_slew1693,VSS,Metal1,852.2680,614.2140,0.000484
fanout1692,VSS,Metal1,835.4230,635.5715,0.000630
fanout1691,VSS,Metal1,567.1830,1098.1885,0.000555
fanout1690,VSS,Metal1,550.9430,1098.1885,0.000561
fanout1689,VSS,Metal1,544.7830,674.8285,0.000318
fanout1688,VSS,Metal1,814.7030,705.0685,0.000346
fanout1687,VSS,Metal1,790.0630,675.8915,0.000393
load_slew1686,VSS,Metal1,773.6000,705.0025,0.000306
fanout1685,VSS,Metal1,791.1830,685.9715,0.000416
load_slew1684,VSS,Metal1,774.7200,605.3975,0.000436
fanout1683,VSS,Metal1,772.7030,614.3485,0.000432
load_slew1682,VSS,Metal1,700.8000,684.8425,0.000454
fanout1681,VSS,Metal1,701.0230,696.0515,0.000708
fanout1680,VSS,Metal1,722.8630,624.4285,0.000386
load_slew1679,VSS,Metal1,698.8280,625.6260,0.000381
fanout1678,VSS,Metal1,684.7830,655.7315,0.000765
load_slew1677,VSS,Metal1,638.6400,705.0025,0.000252
fanout1676,VSS,Metal1,624.3030,664.7485,0.000276
fanout1675,VSS,Metal1,670.2230,696.0515,0.000710
load_slew1674,VSS,Metal1,631.0680,704.9340,0.000261
fanout1673,VSS,Metal1,636.6230,696.0515,0.000705
load_slew1672,VSS,Metal1,564.7200,705.0025,0.000271
fanout1671,VSS,Metal1,532.4630,694.9885,0.001091
load_slew1670,VSS,Metal1,577.3080,684.7740,0.000451
fanout1669,VSS,Metal1,563.8230,664.7485,0.000297
fanout1668,VSS,Metal1,838.2230,584.1085,0.000330
fanout1667,VSS,Metal1,974.3030,574.0285,0.000442
fanout1666,VSS,Metal1,1034.2230,574.0285,0.000559
fanout1665,VSS,Metal1,1049.3430,604.2685,0.001180
load_slew1664,VSS,Metal1,1049.1800,574.0050,0.000583
fanout1663,VSS,Metal1,1017.9830,523.6285,0.000561
load_slew1662,VSS,Metal1,1044.7000,483.2850,0.001239
fanout1661,VSS,Metal1,1042.0630,493.3885,0.000987
load_slew1660,VSS,Metal1,990.3200,483.2425,0.001104
fanout1659,VSS,Metal1,978.7830,493.3885,0.000931
load_slew1658,VSS,Metal1,975.8200,544.8750,0.000418
fanout1657,VSS,Metal1,974.3030,543.7885,0.000418
fanout1656,VSS,Metal1,995.0230,432.9085,0.000512
wire1655,VSS,Metal1,1049.1200,403.7975,0.000439
fanout1654,VSS,Metal1,1014.6230,433.9715,0.000515
load_slew1653,VSS,Metal1,1061.1480,362.2140,0.000644
fanout1652,VSS,Metal1,1048.2230,352.2685,0.000658
load_slew1651,VSS,Metal1,1004.3200,363.4775,0.000487
fanout1650,VSS,Metal1,975.4230,393.6515,0.000285
load_slew1649,VSS,Metal1,988.6400,423.9575,0.000408
fanout1648,VSS,Metal1,978.7830,473.2285,0.000804
fanout1647,VSS,Metal1,838.7830,585.1715,0.000330
fanout1646,VSS,Metal1,897.0230,565.0115,0.000431
wire1645,VSS,Metal1,922.5600,563.8825,0.000392
fanout1644,VSS,Metal1,880.7830,565.0115,0.000432
fanout1643,VSS,Metal1,932.8630,483.3085,0.000461
load_slew1642,VSS,Metal1,906.3200,483.2425,0.000460
fanout1641,VSS,Metal1,888.0630,493.3885,0.000544
load_slew1640,VSS,Metal1,847.5200,504.5975,0.000369
fanout1639,VSS,Metal1,839.3430,595.2515,0.000408
load_slew1638,VSS,Metal1,844.9880,575.2260,0.000399
fanout1637,VSS,Metal1,838.2230,604.2685,0.000601
load_slew1636,VSS,Metal1,913.6000,442.9225,0.000386
fanout1635,VSS,Metal1,900.3830,422.8285,0.000714
load_slew1634,VSS,Metal1,919.2000,343.3175,0.000478
fanout1633,VSS,Metal1,916.6230,352.2685,0.000398
load_slew1632,VSS,Metal1,853.1800,403.7550,0.000376
fanout1631,VSS,Metal1,844.3830,402.6685,0.000369
fanout1630,VSS,Metal1,876.3030,333.1715,0.000402
load_slew1629,VSS,Metal1,835.2000,352.2025,0.000429
fanout1628,VSS,Metal1,857.8230,363.4115,0.000424
load_slew1627,VSS,Metal1,1049.1200,302.9975,0.000761
fanout1626,VSS,Metal1,1037.5830,302.9315,0.000753
load_slew1625,VSS,Metal1,985.2800,302.9975,0.000573
fanout1624,VSS,Metal1,970.3830,322.0285,0.000671
fanout1623,VSS,Metal1,919.9830,311.9485,0.000578
load_slew1622,VSS,Metal1,822.3200,302.9975,0.000506
fanout1621,VSS,Metal1,821.9830,262.6115,0.000516
fanout1620,VSS,Metal1,716.1430,575.0915,0.000410
fanout1619,VSS,Metal1,704.3830,585.1715,0.000318
fanout1618,VSS,Metal1,744.7030,524.6915,0.000284
load_slew1617,VSS,Metal1,794.5880,534.9060,0.000346
fanout1616,VSS,Metal1,779.4230,534.7715,0.000381
wire1615,VSS,Metal1,703.6000,504.5975,0.000403
fanout1614,VSS,Metal1,740.2230,565.0115,0.000487
load_slew1613,VSS,Metal1,765.2000,434.0375,0.000379
fanout1612,VSS,Metal1,770.4630,442.9885,0.000255
load_slew1611,VSS,Metal1,788.7200,362.2825,0.000392
fanout1610,VSS,Metal1,821.4230,362.3485,0.000417
load_slew1609,VSS,Metal1,762.4000,372.3625,0.000285
fanout1608,VSS,Metal1,779.4230,333.1715,0.000427
wire1607,VSS,Metal1,699.6800,403.7975,0.000411
fanout1606,VSS,Metal1,689.2630,392.5885,0.000275
load_slew1605,VSS,Metal1,726.0000,413.8775,0.000393
fanout1604,VSS,Metal1,720.6230,402.6685,0.000419
load_slew1603,VSS,Metal1,716.4800,362.2825,0.000399
fanout1602,VSS,Metal1,687.0230,342.1885,0.000320
fanout1601,VSS,Metal1,605.8230,554.9315,0.000502
load_slew1600,VSS,Metal1,667.7600,514.6775,0.000322
fanout1599,VSS,Metal1,625.9830,533.7085,0.000418
load_slew1598,VSS,Metal1,637.5800,553.8450,0.000435
fanout1597,VSS,Metal1,665.7430,575.0915,0.000359
load_slew1596,VSS,Metal1,564.1600,553.8025,0.000598
fanout1595,VSS,Metal1,596.3030,565.0115,0.000546
load_slew1594,VSS,Metal1,573.1200,534.8375,0.000456
fanout1593,VSS,Metal1,527.9830,554.9315,0.000597
load_slew1592,VSS,Metal1,658.8000,413.8775,0.000379
fanout1591,VSS,Metal1,642.2230,442.9885,0.000258
load_slew1590,VSS,Metal1,639.7600,432.8425,0.000428
fanout1589,VSS,Metal1,645.5830,433.9715,0.000427
load_slew1588,VSS,Metal1,595.5200,434.0375,0.000441
fanout1587,VSS,Metal1,590.1430,444.0515,0.000314
load_slew1586,VSS,Metal1,572.5600,301.8025,0.000482
fanout1585,VSS,Metal1,563.2630,272.6915,0.000257
load_slew1584,VSS,Metal1,723.7600,301.8025,0.000502
fanout1583,VSS,Metal1,699.9030,311.9485,0.000389
wire1582,VSS,Metal1,605.6000,292.9175,0.000397
load_slew1581,VSS,Metal1,657.1800,151.7550,0.000349
fanout1580,VSS,Metal1,549.8230,282.7715,0.000410
load_slew1579,VSS,Metal1,592.7200,301.8025,0.000480
fanout1578,VSS,Metal1,589.5830,282.7715,0.000394
fanout1577,VSS,Metal1,24.3800,1089.1950,0.000451
fanout1576,VSS,Metal1,415.9830,1098.1885,0.000378
fanout1575,VSS,Metal1,434.4630,1098.1885,0.000385
fanout1574,VSS,Metal1,512.8630,1098.1885,0.000465
fanout1573,VSS,Metal1,470.3030,1079.0915,0.000245
fanout1572,VSS,Metal1,502.2230,1017.5485,0.000154
load_slew1571,VSS,Metal1,461.1200,696.1175,0.000977
fanout1570,VSS,Metal1,380.1430,684.9085,0.000407
fanout1569,VSS,Metal1,474.7830,675.8915,0.000313
load_slew1568,VSS,Metal1,521.3080,694.8540,0.001081
fanout1567,VSS,Metal1,501.6630,715.1485,0.000112
load_slew1566,VSS,Metal1,446.6200,595.2750,0.000304
fanout1565,VSS,Metal1,435.5830,625.4915,0.000329
fanout1564,VSS,Metal1,449.5830,655.7315,0.000660
load_slew1563,VSS,Metal1,427.0200,696.0750,0.001134
fanout1562,VSS,Metal1,413.1830,674.8285,0.000455
fanout1561,VSS,Metal1,293.9030,674.8285,0.000461
load_slew1560,VSS,Metal1,379.4200,705.0450,0.000290
fanout1559,VSS,Metal1,352.1430,665.8115,0.000233
fanout1558,VSS,Metal1,426.6230,615.4115,0.000462
load_slew1557,VSS,Metal1,352.4800,615.4775,0.000443
fanout1556,VSS,Metal1,343.7430,634.5085,0.000298
load_slew1555,VSS,Metal1,307.3880,704.9340,0.000291
fanout1554,VSS,Metal1,284.3830,705.0685,0.000297
load_slew1553,VSS,Metal1,314.4000,604.2025,0.000193
fanout1552,VSS,Metal1,306.2230,614.3485,0.000466
fanout1551,VSS,Metal1,15.5830,1088.1085,0.000455
fanout1550,VSS,Metal1,34.0630,1098.1885,0.000127
fanout1549,VSS,Metal1,34.6230,1089.1715,0.000454
fanout1548,VSS,Metal1,16.7030,946.9885,0.000324
fanout1547,VSS,Metal1,31.8230,946.9885,0.000322
fanout1546,VSS,Metal1,30.1430,846.1885,0.000079
fanout1545,VSS,Metal1,210.4630,696.0515,0.000679
load_slew1544,VSS,Metal1,247.2600,615.4350,0.000465
fanout1543,VSS,Metal1,230.6230,685.9715,0.000532
load_slew1542,VSS,Metal1,235.1480,684.7740,0.000532
fanout1541,VSS,Metal1,223.3430,694.9885,0.000693
load_slew1540,VSS,Metal1,211.3600,654.6025,0.000698
fanout1539,VSS,Metal1,194.7830,685.9715,0.000493
fanout1538,VSS,Metal1,31.2630,826.0285,0.000162
load_slew1537,VSS,Metal1,37.7600,785.6425,0.000381
fanout1536,VSS,Metal1,18.3830,907.7315,0.000131
load_slew1535,VSS,Metal1,99.9200,705.0025,0.000200
fanout1534,VSS,Metal1,116.3830,694.9885,0.000530
load_slew1533,VSS,Metal1,101.6600,675.9150,0.000334
fanout1532,VSS,Metal1,101.2630,694.9885,0.000529
load_slew1531,VSS,Metal1,129.8680,615.5460,0.000386
fanout1530,VSS,Metal1,107.9830,624.4285,0.000364
fanout1529,VSS,Metal1,53.1030,645.6515,0.000193
load_slew1528,VSS,Metal1,29.9200,706.1975,0.000147
fanout1527,VSS,Metal1,56.4630,665.8115,0.000232
load_slew1526,VSS,Metal1,29.9200,686.0375,0.000465
fanout1525,VSS,Metal1,19.5030,654.6685,0.000445
load_slew1524,VSS,Metal1,31.8680,604.1340,0.000230
fanout1523,VSS,Metal1,37.9830,585.1715,0.000410
fanout1522,VSS,Metal1,22.8630,563.9485,0.000297
load_slew1521,VSS,Metal1,491.9200,292.9175,0.000359
fanout1520,VSS,Metal1,429.9830,311.9485,0.000591
fanout1519,VSS,Metal1,273.1830,565.0115,0.000524
fanout1518,VSS,Metal1,499.9830,574.0285,0.000391
load_slew1517,VSS,Metal1,505.3600,563.8825,0.000584
fanout1516,VSS,Metal1,505.0230,554.9315,0.000556
load_slew1515,VSS,Metal1,493.6000,553.8025,0.000526
fanout1514,VSS,Metal1,473.6630,585.1715,0.000359
load_slew1513,VSS,Metal1,450.4800,554.9975,0.000610
fanout1512,VSS,Metal1,411.5030,563.9485,0.000649
fanout1511,VSS,Metal1,441.7430,544.8515,0.000319
load_slew1510,VSS,Metal1,424.7200,565.0775,0.000647
fanout1509,VSS,Metal1,401.9830,554.9315,0.000612
fanout1508,VSS,Metal1,431.6630,413.8115,0.000697
wire1507,VSS,Metal1,539.5200,353.3975,0.000391
fanout1506,VSS,Metal1,534.7030,432.9085,0.000388
fanout1505,VSS,Metal1,429.9830,412.7485,0.000697
wire1504,VSS,Metal1,472.8800,362.2825,0.000446
fanout1503,VSS,Metal1,446.7830,412.7485,0.000686
wire1502,VSS,Metal1,377.1200,494.5175,0.000574
fanout1501,VSS,Metal1,373.4230,563.9485,0.000637
load_slew1500,VSS,Metal1,365.4200,553.8450,0.000555
fanout1499,VSS,Metal1,355.5030,595.2515,0.000331
load_slew1498,VSS,Metal1,334.0000,503.4025,0.000432
fanout1497,VSS,Metal1,300.6230,563.9485,0.000518
fanout1496,VSS,Metal1,314.0630,585.1715,0.000454
load_slew1495,VSS,Metal1,304.3800,554.9550,0.000536
fanout1494,VSS,Metal1,292.7830,544.8515,0.000505
fanout1493,VSS,Metal1,289.4230,412.7485,0.000567
load_slew1492,VSS,Metal1,373.2000,413.8775,0.000642
fanout1491,VSS,Metal1,329.1830,442.9885,0.000282
load_slew1490,VSS,Metal1,372.9080,362.2140,0.000556
fanout1489,VSS,Metal1,351.5830,352.2685,0.000381
load_slew1488,VSS,Metal1,343.5200,403.7975,0.000477
fanout1487,VSS,Metal1,280.4630,464.2115,0.000410
fanout1486,VSS,Metal1,147.7430,543.7885,0.000392
load_slew1485,VSS,Metal1,244.4000,565.0775,0.000527
fanout1484,VSS,Metal1,250.2230,563.9485,0.000527
load_slew1483,VSS,Metal1,279.6800,484.4375,0.000399
fanout1482,VSS,Metal1,253.5830,554.9315,0.000558
load_slew1481,VSS,Metal1,171.6000,534.8375,0.000507
fanout1480,VSS,Metal1,161.7430,554.9315,0.000415
load_slew1479,VSS,Metal1,161.5200,473.1625,0.000410
fanout1478,VSS,Metal1,152.7830,483.3085,0.000397
fanout1477,VSS,Metal1,155.5830,432.9085,0.000293
load_slew1476,VSS,Metal1,272.4000,413.8775,0.000565
fanout1475,VSS,Metal1,256.9430,422.8285,0.000516
load_slew1474,VSS,Metal1,245.5800,362.3250,0.000539
fanout1473,VSS,Metal1,231.1830,353.3315,0.000569
load_slew1472,VSS,Metal1,180.8280,422.6940,0.000496
fanout1471,VSS,Metal1,156.7030,433.9715,0.000293
wire1470,VSS,Metal1,160.9600,363.4775,0.000541
fanout1469,VSS,Metal1,131.5030,363.4115,0.000571
fanout1468,VSS,Metal1,32.3830,594.1885,0.000478
load_slew1467,VSS,Metal1,133.5200,483.2425,0.000439
fanout1466,VSS,Metal1,132.6230,574.0285,0.000490
fanout1465,VSS,Metal1,127.5830,585.1715,0.000484
load_slew1464,VSS,Metal1,102.7200,534.8375,0.000554
fanout1463,VSS,Metal1,101.2630,553.8685,0.000508
load_slew1462,VSS,Metal1,25.4400,493.3225,0.000186
fanout1461,VSS,Metal1,18.3830,523.6285,0.000296
load_slew1460,VSS,Metal1,38.3200,544.9175,0.000371
fanout1459,VSS,Metal1,46.9430,514.6115,0.000218
fanout1458,VSS,Metal1,17.8230,453.0685,0.000285
load_slew1457,VSS,Metal1,111.6800,422.7625,0.000658
fanout1456,VSS,Metal1,101.2630,422.8285,0.000668
wire1455,VSS,Metal1,110.5600,412.6825,0.000466
fanout1454,VSS,Metal1,96.7830,423.8915,0.000669
load_slew1453,VSS,Metal1,31.6000,373.5575,0.000288
fanout1452,VSS,Metal1,18.3830,454.1315,0.000285
load_slew1451,VSS,Metal1,24.3200,413.8775,0.000339
fanout1450,VSS,Metal1,37.9830,413.8115,0.000428
load_slew1449,VSS,Metal1,41.1200,302.9975,0.000505
fanout1448,VSS,Metal1,34.6230,292.8515,0.000379
fanout1447,VSS,Metal1,155.5830,311.9485,0.000638
load_slew1446,VSS,Metal1,228.7800,272.7150,0.000343
fanout1445,VSS,Metal1,250.2230,311.9485,0.000639
fanout1444,VSS,Metal1,165.1030,292.8515,0.000424
fanout1443,VSS,Metal1,191.9830,311.9485,0.000656
load_slew1442,VSS,Metal1,184.1880,301.7340,0.000460
fanout1441,VSS,Metal1,191.4230,313.0115,0.000656
load_slew1440,VSS,Metal1,168.2400,241.3225,0.000375
fanout1439,VSS,Metal1,155.0230,201.0685,0.000379
fanout1438,VSS,Metal1,211.0230,190.9885,0.000447
fanout1437,VSS,Metal1,209.9030,171.8915,0.000447
wire1436,VSS,Metal1,181.1200,171.9575,0.000441
fanout1435,VSS,Metal1,147.7430,170.8285,0.000469
wire1434,VSS,Metal1,155.3600,71.1575,0.000267
fanout1433,VSS,Metal1,130.9430,91.2515,0.000370
fanout1432,VSS,Metal1,98.4630,301.8685,0.000699
load_slew1431,VSS,Metal1,109.1480,281.5740,0.000477
fanout1430,VSS,Metal1,89.5030,292.8515,0.000523
fanout1429,VSS,Metal1,116.3830,201.0685,0.000454
load_slew1428,VSS,Metal1,102.7200,232.4375,0.000500
fanout1427,VSS,Metal1,88.3830,202.1315,0.000475
load_slew1426,VSS,Metal1,49.5200,311.8825,0.000663
load_slew1376,VSS,Metal1,357.5800,584.0850,0.000450
load_slew1375,VSS,Metal1,326.4280,474.5060,0.000387
fanout1374,VSS,Metal1,342.6230,574.0285,0.000410
load_slew1373,VSS,Metal1,168.3000,322.0050,0.000445
fanout1372,VSS,Metal1,175.1830,464.2115,0.000284
fanout1371,VSS,Metal1,642.2230,422.8285,0.000307
load_slew1370,VSS,Metal1,315.5800,544.8750,0.000496
fanout1369,VSS,Metal1,312.3830,584.1085,0.000454
load_slew1368,VSS,Metal1,145.8400,311.8825,0.000653
fanout1367,VSS,Metal1,134.8630,313.0115,0.000661
wire1366,VSS,Metal1,578.7800,302.9550,0.000482
fanout1365,VSS,Metal1,667.4230,272.6915,0.000248
load_slew1364,VSS,Metal1,315.5800,493.3650,0.000557
fanout1363,VSS,Metal1,294.4630,493.3885,0.000579
wire1362,VSS,Metal1,147.5800,333.1950,0.000593
fanout1361,VSS,Metal1,150.5430,453.0685,0.000292
wire1360,VSS,Metal1,550.2200,301.8450,0.000456
fanout1359,VSS,Metal1,701.0230,282.7715,0.000265
fanout1358,VSS,Metal1,367.2630,504.5315,0.000436
load_slew1357,VSS,Metal1,186.7800,323.1150,0.000440
fanout1356,VSS,Metal1,152.7830,494.4515,0.000382
load_slew1355,VSS,Metal1,508.2200,282.7950,0.000364
fanout1354,VSS,Metal1,692.6230,301.8685,0.000495
load_slew1353,VSS,Metal1,354.7800,422.8050,0.000494
wire1352,VSS,Metal1,235.4400,281.6425,0.000413
fanout1351,VSS,Metal1,351.0230,382.5085,0.000431
wire1350,VSS,Metal1,567.5800,282.7950,0.000411
fanout1349,VSS,Metal1,699.9030,291.7885,0.000381
load_slew1348,VSS,Metal1,352.5400,432.8850,0.000345
wire1347,VSS,Metal1,239.9200,281.6425,0.000410
fanout1346,VSS,Metal1,375.6630,392.5885,0.000493
wire1345,VSS,Metal1,608.4600,412.7250,0.000454
fanout1344,VSS,Metal1,684.7830,373.4915,0.000288
wire1343,VSS,Metal1,349.1800,433.9950,0.000343
fanout1342,VSS,Metal1,390.7830,463.1485,0.000468
load_slew1341,VSS,Metal1,597.2600,313.0350,0.000513
fanout1340,VSS,Metal1,690.9430,432.9085,0.000454
load_slew1339,VSS,Metal1,359.8200,444.0750,0.000312
wire1338,VSS,Metal1,295.3600,362.2825,0.000492
fanout1337,VSS,Metal1,373.9830,453.0685,0.000461
wire1336,VSS,Metal1,100.6400,484.6160,0.000449
wire1335,VSS,Metal1,113.0200,292.7025,0.000523
fanout1334,VSS,Metal1,325.2000,331.8640,0.000418
fanout1333,VSS,Metal1,318.3800,362.3250,0.000482
fanout1332,VSS,Metal1,324.1400,353.1825,0.000390
fanout1331,VSS,Metal1,325.3080,362.1340,0.000473
load_slew1330,VSS,Metal1,363.1200,342.1225,0.000265
fanout1329,VSS,Metal1,348.2230,333.1715,0.000389
load_slew1328,VSS,Metal1,309.9200,302.9975,0.000314
fanout1327,VSS,Metal1,354.3830,302.9315,0.000276
load_slew1326,VSS,Metal1,318.9400,343.2750,0.000270
load_slew1325,VSS,Metal1,328.4000,353.3975,0.000385
fanout1324,VSS,Metal1,336.3000,352.2450,0.000379
load_slew1323,VSS,Metal1,147.5800,363.4350,0.000565
fanout1322,VSS,Metal1,121.4230,343.2515,0.000339
fanout1321,VSS,Metal1,303.9830,422.8285,0.000425
load_slew1320,VSS,Metal1,405.1200,432.8425,0.000374
fanout1319,VSS,Metal1,381.2630,442.9885,0.000390
wire1318,VSS,Metal1,331.4680,686.1060,0.000375
fanout1317,VSS,Metal1,108.9030,685.9755,0.000562
fanout1316,VSS,Metal1,117.9000,674.8050,0.000332
fanout1315,VSS,Metal1,140.8230,696.0555,0.000532
fanout1314,VSS,Metal1,144.2200,705.0450,0.000164
rebuffer1740,VSS,Metal1,960.7850,1087.8115,0.000079
fanout1312,VSS,Metal1,188.4000,675.9575,0.000359
fanout1311,VSS,Metal1,176.6630,454.1355,0.000289
wire1310,VSS,Metal1,490.3000,433.9950,0.000337
load_slew1309,VSS,Metal1,279.1200,432.8425,0.000381
fanout1308,VSS,Metal1,606.3830,413.8115,0.000454
wire1307,VSS,Metal1,494.7800,433.9950,0.000347
fanout1306,VSS,Metal1,488.7830,442.9885,0.000284
fanout1305,VSS,Metal1,305.1030,110.3485,0.000137
wire1304,VSS,Metal1,540.7000,403.7550,0.000328
fanout1303,VSS,Metal1,480.9430,524.6915,0.000242
fanout1302,VSS,Metal1,367.8230,120.4285,0.000206
fanout1301,VSS,Metal1,536.9430,362.3485,0.000391
fanout1300,VSS,Metal1,371.1830,181.9715,0.000140
load_slew1299,VSS,Metal1,582.1400,403.7550,0.000313
fanout1298,VSS,Metal1,543.6630,584.1085,0.000280
fanout1297,VSS,Metal1,410.3830,131.5715,0.000189
wire1296,VSS,Metal1,568.7000,484.3950,0.000397
fanout1295,VSS,Metal1,548.7030,585.1715,0.000280
load_slew1294,VSS,Metal1,545.1800,90.1650,0.000157
fanout1293,VSS,Metal1,559.3430,121.4915,0.000293
wire1292,VSS,Metal1,626.3800,553.8450,0.000451
fanout1291,VSS,Metal1,641.6630,554.9315,0.000435
wire1290,VSS,Metal1,524.4000,201.0025,0.000166
fanout1289,VSS,Metal1,606.3830,313.0115,0.000397
wire1288,VSS,Metal1,637.5200,362.2825,0.000334
fanout1287,VSS,Metal1,681.9830,565.0115,0.000476
load_slew1286,VSS,Metal1,560.3000,333.1950,0.000401
fanout1285,VSS,Metal1,527.9830,333.1715,0.000363
load_slew1284,VSS,Metal1,659.9800,544.8750,0.000231
fanout1283,VSS,Metal1,665.7430,534.7715,0.000343
fanout1282,VSS,Metal1,638.8630,272.6915,0.000219
load_slew1281,VSS,Metal1,726.6200,544.8750,0.000274
fanout1280,VSS,Metal1,720.6230,553.8685,0.000345
load_slew1279,VSS,Metal1,794.3200,291.7225,0.000317
fanout1278,VSS,Metal1,794.5430,282.7715,0.000203
fanout1277,VSS,Metal1,682.5430,483.3085,0.000226
wire1276,VSS,Metal1,616.8600,291.7650,0.000377
fanout1275,VSS,Metal1,606.3830,282.7715,0.000346
load_slew1274,VSS,Metal1,740.6200,473.2050,0.000222
fanout1273,VSS,Metal1,704.9430,464.2115,0.000096
fanout1272,VSS,Metal1,743.0230,272.6915,0.000230
fanout1271,VSS,Metal1,925.0230,251.4685,0.000365
load_slew1270,VSS,Metal1,774.7800,383.5950,0.000207
fanout1269,VSS,Metal1,808.5430,402.6685,0.000324
load_slew1268,VSS,Metal1,727.1800,393.6750,0.000264
fanout1267,VSS,Metal1,755.3430,373.4915,0.000285
fanout1266,VSS,Metal1,741.3430,101.3315,0.000127
load_slew1265,VSS,Metal1,813.9800,403.7550,0.000326
fanout1264,VSS,Metal1,818.6230,413.8115,0.000324
load_slew1263,VSS,Metal1,845.3400,202.1550,0.000151
fanout1262,VSS,Metal1,834.8630,202.1315,0.000150
fanout1261,VSS,Metal1,995.5830,212.2115,0.000163
wire1260,VSS,Metal1,820.1400,252.5550,0.000391
fanout1259,VSS,Metal1,837.6630,393.6515,0.000235
fanout1258,VSS,Metal1,998.3830,272.6915,0.000170
wire1257,VSS,Metal1,846.4600,442.9650,0.000316
fanout1256,VSS,Metal1,867.3430,464.2115,0.000129
fanout1255,VSS,Metal1,468.0630,353.3315,0.000351
load_slew1254,VSS,Metal1,481.3400,372.4050,0.000196
fanout1253,VSS,Metal1,465.8230,442.9885,0.000293
load_slew1252,VSS,Metal1,522.2200,432.8850,0.000381
fanout1251,VSS,Metal1,527.9830,423.8915,0.000288
fanout1250,VSS,Metal1,292.7830,181.9715,0.000143
load_slew1249,VSS,Metal1,514.3800,402.6450,0.000326
fanout1248,VSS,Metal1,505.0230,453.0685,0.000270
load_slew1247,VSS,Metal1,455.5800,121.5150,0.000252
fanout1246,VSS,Metal1,454.6230,100.2685,0.000132
wire1245,VSS,Metal1,578.7800,402.6450,0.000314
fanout1244,VSS,Metal1,535.8230,453.0685,0.000291
fanout1243,VSS,Metal1,603.0230,291.7885,0.000396
load_slew1242,VSS,Metal1,580.4600,444.0750,0.000314
fanout1241,VSS,Metal1,577.8230,442.9885,0.000314
wire1240,VSS,Metal1,511.0200,140.5650,0.000199
fanout1239,VSS,Metal1,506.1430,161.8115,0.000101
fanout1238,VSS,Metal1,606.3830,433.9715,0.000437
load_slew1237,VSS,Metal1,604.5400,81.1950,0.000278
fanout1236,VSS,Metal1,606.9430,120.4285,0.000257
load_slew1235,VSS,Metal1,649.3400,444.0750,0.000259
fanout1234,VSS,Metal1,657.3430,442.9885,0.000260
fanout1233,VSS,Metal1,550.9430,222.2915,0.000416
load_slew1232,VSS,Metal1,708.7000,432.8850,0.000453
fanout1231,VSS,Metal1,706.0630,433.9715,0.000453
fanout1230,VSS,Metal1,763.1830,121.4915,0.000160
fanout1229,VSS,Metal1,936.2230,61.0115,0.000137
wire1228,VSS,Metal1,657.1200,373.5575,0.000273
fanout1227,VSS,Metal1,877.4230,372.4285,0.000234
load_slew1226,VSS,Metal1,820.7000,373.5150,0.000236
fanout1225,VSS,Metal1,852.7830,372.4285,0.000236
load_slew1224,VSS,Metal1,834.1400,140.5650,0.000409
fanout1223,VSS,Metal1,824.2230,141.6515,0.000403
fanout1222,VSS,Metal1,841.5830,81.1715,0.000216
wire1221,VSS,Metal1,883.9800,252.5550,0.000378
fanout1220,VSS,Metal1,897.0230,353.3315,0.000408
fanout1219,VSS,Metal1,998.3830,101.3315,0.000109
wire1218,VSS,Metal1,955.6600,353.3550,0.000415
wire1217,VSS,Metal1,934.3200,160.6825,0.000199
fanout1216,VSS,Metal1,916.6230,353.3315,0.000398
fanout1215,VSS,Metal1,978.7830,211.1485,0.000163
load_slew1214,VSS,Metal1,937.1800,181.9950,0.000029
fanout1213,VSS,Metal1,975.4230,333.1715,0.000338
fanout1212,VSS,Metal1,1014.6230,61.0115,0.000150
load_slew1211,VSS,Metal1,983.6600,353.3550,0.000463
load_slew1210,VSS,Metal1,980.3000,101.3550,0.000107
fanout1209,VSS,Metal1,988.8630,363.4115,0.000484
fanout1208,VSS,Metal1,1070.0630,141.6515,0.000420
wire1207,VSS,Metal1,876.1400,141.6750,0.000454
fanout1206,VSS,Metal1,1053.8230,343.2515,0.000471
fanout1205,VSS,Metal1,1066.1430,171.8915,0.000179
load_slew1204,VSS,Metal1,1060.9400,342.1650,0.000471
wire1203,VSS,Metal1,1061.5000,271.6050,0.000189
fanout1202,VSS,Metal1,1049.3430,311.9485,0.000514
fanout1201,VSS,Metal1,1000.6230,906.6685,0.000272
wire1200,VSS,Metal1,1004.3200,846.1225,0.000686
fanout1199,VSS,Metal1,1010.1430,877.4915,0.000274
rebuffer1739,VSS,Metal1,414.7850,1077.7315,0.000216
load_slew1197,VSS,Metal1,1009.9200,866.2825,0.000141
fanout1196,VSS,Metal1,984.9430,877.4915,0.000274
fanout1195,VSS,Metal1,828.1430,696.0515,0.000549
load_slew1194,VSS,Metal1,841.6280,664.5340,0.000268
fanout1193,VSS,Metal1,830.9430,665.8115,0.000265
load_slew1192,VSS,Metal1,999.5480,907.9460,0.000272
rebuffer1746,VSS,Metal1,237.2650,514.9080,0.000205
load_slew1190,VSS,Metal1,996.5400,926.8050,0.000065
fanout1189,VSS,Metal1,1010.1430,897.6515,0.000065
load_slew1188,VSS,Metal1,1001.5800,998.4750,0.000081
fanout1187,VSS,Metal1,984.9430,948.0515,0.000155
fanout1186,VSS,Metal1,836.5430,1089.1715,0.000189
load_slew1185,VSS,Metal1,999.2800,948.1175,0.000155
fanout1184,VSS,Metal1,1011.2630,948.0515,0.000155
fanout1183,VSS,Metal1,1020.7830,936.9085,0.000186
load_slew1182,VSS,Metal1,999.2800,1069.0775,0.000000
fanout1181,VSS,Metal1,993.3430,1089.1715,0.000079
fanout1180,VSS,Metal1,1004.3430,946.9840,0.000155
load_slew1178,VSS,Metal1,1012.7800,988.3950,0.000119
fanout1177,VSS,Metal1,1001.1830,997.3885,0.000081
fanout1176,VSS,Metal1,978.2230,1089.1715,0.000079
load_slew1175,VSS,Metal1,998.2200,987.2850,0.000119
fanout1174,VSS,Metal1,1004.5430,1017.5485,0.000000
wire1172,VSS,Metal1,1004.3200,1048.9175,0.000000
fanout1171,VSS,Metal1,1020.7830,1067.9485,0.000000
fanout1170,VSS,Metal1,738.5430,1098.1885,0.000109
load_slew1169,VSS,Metal1,1000.4600,1098.1650,0.000048
fanout1168,VSS,Metal1,988.8630,1098.1885,0.000048
wire1167,VSS,Metal1,657.1800,1079.1150,0.000169
fanout1166,VSS,Metal1,605.2630,1098.1885,0.000383
load_slew1165,VSS,Metal1,1000.9600,1058.9975,0.000000
fanout1164,VSS,Metal1,999.5030,1067.9485,0.000000
fanout1163,VSS,Metal1,1054.9430,413.8115,0.000481
fanout1162,VSS,Metal1,1019.1030,514.6115,0.000408
fanout1161,VSS,Metal1,1017.9830,442.9885,0.000421
wire1160,VSS,Metal1,259.5800,121.5150,0.000182
fanout1159,VSS,Metal1,188.0630,90.1885,0.000320
load_slew1158,VSS,Metal1,130.7200,130.4425,0.000260
fanout1157,VSS,Metal1,162.3030,121.4915,0.000153
fanout1156,VSS,Metal1,199.2630,71.0915,0.000216
load_slew1155,VSS,Metal1,452.1600,130.4425,0.000171
fanout1154,VSS,Metal1,410.3830,101.3315,0.000138
wire1153,VSS,Metal1,234.8800,81.2375,0.000252
load_slew1152,VSS,Metal1,284.7200,80.0425,0.000276
load_slew1151,VSS,Metal1,325.6000,30.8375,0.000225
fanout1150,VSS,Metal1,229.5030,90.1885,0.000306
load_slew1149,VSS,Metal1,253.9800,110.3250,0.000175
fanout1148,VSS,Metal1,194.2230,39.7885,0.000156
wire1147,VSS,Metal1,359.2000,71.1575,0.000157
fanout1146,VSS,Metal1,346.9400,61.0350,0.000171
load_slew1145,VSS,Metal1,209.7400,80.0850,0.000229
load_slew1144,VSS,Metal1,411.9000,100.2450,0.000138
fanout1143,VSS,Metal1,199.8230,40.8515,0.000156
load_slew1142,VSS,Metal1,280.3000,71.1150,0.000205
fanout1141,VSS,Metal1,226.7030,80.1085,0.000248
load_slew1140,VSS,Metal1,231.7880,59.8140,0.000248
fanout1139,VSS,Metal1,207.6600,50.7825,0.000246
fanout1138,VSS,Metal1,48.6230,615.4115,0.000350
wire1137,VSS,Metal1,46.1600,554.9975,0.000489
fanout1136,VSS,Metal1,64.3030,483.3085,0.000388
load_slew1135,VSS,Metal1,407.4200,402.6450,0.000523
wire1134,VSS,Metal1,108.3200,393.7175,0.000221
max_cap1407,VSS,Metal1,860.5600,242.6960,0.000088
load_slew1132,VSS,Metal1,423.3080,403.9460,0.000515
load_slew1131,VSS,Metal1,545.1800,403.7550,0.000328
rebuffer1384,VSS,Metal1,259.6650,331.8115,0.000491
fanout1129,VSS,Metal1,73.8230,353.3315,0.000539
fanout1128,VSS,Metal1,77.1830,313.0115,0.000671
fanout1127,VSS,Metal1,88.3830,302.9315,0.000701
fanout1126,VSS,Metal1,77.1830,523.6285,0.000448
load_slew1125,VSS,Metal1,143.6600,221.2050,0.000335
fanout1124,VSS,Metal1,97.3430,241.3885,0.000484
load_slew1123,VSS,Metal1,217.5200,192.1175,0.000448
fanout1122,VSS,Metal1,201.5030,222.2915,0.000315
fanout1121,VSS,Metal1,152.2230,141.6515,0.000197
load_slew1120,VSS,Metal1,98.2400,121.5575,0.000144
fanout1119,VSS,Metal1,85.0230,121.4915,0.000140
wire1118,VSS,Metal1,1075.5000,726.3150,0.000115
load_slew1117,VSS,Metal1,1061.5000,412.7250,0.000481
fanout1116,VSS,Metal1,1043.7430,896.5885,0.000078
wire1115,VSS,Metal1,1044.7000,736.3950,0.000219
fanout1114,VSS,Metal1,1025.2630,866.3485,0.000141
fanout1113,VSS,Metal1,292.7200,514.8560,0.000230
fanout1112,VSS,Metal1,229.9850,523.3315,0.000205
fanout1111,VSS,Metal1,312.3050,472.9315,0.000448
fanout1110,VSS,Metal1,305.6600,383.4225,0.000397
wire1109,VSS,Metal1,740.2680,684.7740,0.000441
fanout1108,VSS,Metal1,720.6230,353.3315,0.000478
load_slew1107,VSS,Metal1,720.9600,403.7975,0.000419
fanout1106,VSS,Metal1,720.6230,352.2685,0.000478
load_slew1105,VSS,Metal1,384.1080,434.1060,0.000359
load_slew1410,VSS,Metal1,315.6800,301.6240,0.000308
wire1103,VSS,Metal1,397.9000,373.5150,0.000222
fanout1102,VSS,Metal1,387.4230,323.0915,0.000275
fanout1101,VSS,Metal1,186.9430,493.3885,0.000379
load_slew1100,VSS,Metal1,115.0400,463.0825,0.000300
fanout1099,VSS,Metal1,92.3030,454.1315,0.000338
wire1098,VSS,Metal1,347.5000,393.6750,0.000464
load_slew1097,VSS,Metal1,377.3880,422.6140,0.000503
fanout1096,VSS,Metal1,349.9030,372.4285,0.000222
load_slew1095,VSS,Metal1,721.0200,422.8050,0.000333
fanout1094,VSS,Metal1,720.6230,432.9085,0.000450
wire1093,VSS,Metal1,411.3400,432.8850,0.000374
fanout1092,VSS,Metal1,317.9830,393.6515,0.000448
load_slew1091,VSS,Metal1,349.6800,392.5225,0.000471
load_slew1090,VSS,Metal1,352.4800,373.5575,0.000222
fanout1089,VSS,Metal1,367.8230,382.5085,0.000432
max_cap1088,VSS,Metal1,349.3880,363.5460,0.000504
load_slew1087,VSS,Metal1,219.8200,323.1150,0.000343
fanout1086,VSS,Metal1,171.8230,313.0115,0.000615
load_slew1085,VSS,Metal1,427.5800,362.3250,0.000566
load_slew1084,VSS,Metal1,614.0000,311.8825,0.000396
fanout1083,VSS,Metal1,414.3030,342.1885,0.000264
fanout1082,VSS,Metal1,55.3430,554.9315,0.000497
wire1081,VSS,Metal1,75.2800,654.6025,0.000604
fanout1080,VSS,Metal1,93.4230,644.5885,0.000190
fanout1079,VSS,Metal1,147.5800,665.8350,0.000180
load_slew1078,VSS,Metal1,855.9200,655.7975,0.000638
fanout1077,VSS,Metal1,296.5400,61.0350,0.000213
max_cap1404,VSS,Metal1,402.4800,222.5360,0.000277
fanout1075,VSS,Metal1,975.4230,59.9485,0.000142
fanout1074,VSS,Metal1,787.2630,71.0915,0.000261
fanout1073,VSS,Metal1,453.0330,90.1190,0.000183
fanout1072,VSS,Metal1,454.0000,69.7840,0.000139
fanout1071,VSS,Metal1,779.4230,91.2515,0.000146
fanout1070,VSS,Metal1,910.4630,91.2515,0.000159
fanout1069,VSS,Metal1,877.7830,80.1040,0.000213
fanout1068,VSS,Metal1,770.4630,120.4285,0.000160
fanout1067,VSS,Metal1,589.0230,20.6915,0.000012
fanout1066,VSS,Metal1,397.3400,50.9550,0.000120
load_slew1417,VSS,Metal1,92.3480,161.9460,0.000471
fanout1064,VSS,Metal1,325.0630,322.0240,0.000282
fanout1063,VSS,Metal1,284.7800,311.9250,0.000615
fanout1062,VSS,Metal1,347.0250,513.2515,0.000237
fanout1061,VSS,Metal1,290.3430,433.9755,0.000380
fanout1060,VSS,Metal1,298.2200,423.9150,0.000426
fanout1059,VSS,Metal1,292.7830,101.3315,0.000174
fanout1058,VSS,Metal1,701.9430,171.8955,0.000137
fanout1057,VSS,Metal1,853.7030,231.3040,0.000363
fanout1056,VSS,Metal1,295.5800,110.4975,0.000139
fanout1055,VSS,Metal1,295.3830,91.2555,0.000265
fanout1054,VSS,Metal1,282.7000,111.2625,0.000153
max_cap1053,VSS,Metal1,549.3080,676.1060,0.000318
max_cap1052,VSS,Metal1,585.1480,704.8540,0.000268
max_cap1051,VSS,Metal1,606.4280,655.9460,0.000597
max_cap1050,VSS,Metal1,648.9880,635.7860,0.000269
max_cap1049,VSS,Metal1,854.5080,615.5460,0.000484
max_cap1048,VSS,Metal1,860.6680,634.3740,0.000633
max_cap1047,VSS,Metal1,860.1080,614.1340,0.000484
fanout1046,VSS,Metal1,684.6200,604.2450,0.000377
max_cap1045,VSS,Metal1,466.9880,674.6140,0.000314
fanout1044,VSS,Metal1,329.6650,504.8280,0.000434
fanout1043,VSS,Metal1,313.8400,333.2375,0.000426
load_slew1042,VSS,Metal1,506.5400,81.1950,0.000279
fanout1041,VSS,Metal1,454.4230,81.1755,0.000306
load_slew1040,VSS,Metal1,600.0600,100.2450,0.000137
load_slew1039,VSS,Metal1,548.4800,101.3975,0.000143
fanout1038,VSS,Metal1,590.1430,91.2515,0.000156
load_slew1037,VSS,Metal1,432.0600,71.1150,0.000150
rebuffer1394,VSS,Metal1,171.7450,170.5315,0.000447
load_slew1035,VSS,Metal1,737.8200,50.9550,0.000040
fanout1034,VSS,Metal1,681.9830,59.9485,0.000327
load_slew1033,VSS,Metal1,461.7400,61.0350,0.000242
max_cap1398,VSS,Metal1,475.2800,212.4560,0.000261
load_slew1031,VSS,Metal1,99.5800,413.6625,0.000468
load_slew1030,VSS,Metal1,346.3200,182.0375,0.000137
load_slew1029,VSS,Metal1,547.9800,50.9550,0.000065
fanout1028,VSS,Metal1,343.7430,231.3085,0.000315
load_slew1027,VSS,Metal1,499.8200,705.0450,0.000194
fanout1026,VSS,Metal1,396.9430,675.8915,0.000450
load_slew1025,VSS,Metal1,469.5200,644.5225,0.000189
fanout1024,VSS,Metal1,391.9030,665.8115,0.000251
load_slew1023,VSS,Metal1,349.7400,655.7550,0.000551
load_slew1022,VSS,Metal1,437.6600,655.7550,0.000701
fanout1021,VSS,Metal1,328.6230,644.5885,0.000156
load_slew1020,VSS,Metal1,821.2600,635.5950,0.000557
fanout1019,VSS,Metal1,799.0230,604.2685,0.000413
load_slew1018,VSS,Metal1,111.1800,585.1950,0.000484
fanout1017,VSS,Metal1,115.2630,594.1885,0.000581
load_slew1016,VSS,Metal1,106.9080,543.6540,0.000398
fanout1015,VSS,Metal1,113.0230,544.8515,0.000398
load_slew1014,VSS,Metal1,151.4400,484.4375,0.000397
fanout1013,VSS,Metal1,608.6230,372.4285,0.000278
load_slew1012,VSS,Metal1,540.6400,372.3625,0.000284
fanout1011,VSS,Metal1,498.8630,342.1885,0.000227
fanout1010,VSS,Metal1,255.2630,180.9085,0.000164
load_slew1009,VSS,Metal1,194.0000,81.2375,0.000202
fanout1008,VSS,Metal1,172.3830,61.0115,0.000246
load_slew1007,VSS,Metal1,549.1000,413.8350,0.000539
fanout1006,VSS,Metal1,518.4630,403.7315,0.000326
load_slew1005,VSS,Metal1,638.6400,382.4425,0.000198
fanout1004,VSS,Metal1,635.5030,333.1715,0.000395
load_slew1003,VSS,Metal1,553.5800,412.7250,0.000535
fanout1002,VSS,Metal1,533.0230,402.6685,0.000328
load_slew1001,VSS,Metal1,643.6800,383.6375,0.000200
fanout1000,VSS,Metal1,642.2230,342.1885,0.000226
wire999,VSS,Metal1,304.3800,81.1950,0.000288
fanout998,VSS,Metal1,179.1030,39.7885,0.000146
load_slew997,VSS,Metal1,197.9800,454.1550,0.000319
wire996,VSS,Metal1,544.0600,575.1150,0.000396
fanout995,VSS,Metal1,505.0230,625.4915,0.000259
load_slew994,VSS,Metal1,499.2000,594.1225,0.000229
fanout993,VSS,Metal1,488.7830,615.4115,0.000344
load_slew992,VSS,Metal1,493.0400,504.5975,0.000267
fanout991,VSS,Metal1,493.8230,624.4285,0.000258
load_slew990,VSS,Metal1,479.0400,615.4775,0.000365
load_slew989,VSS,Metal1,612.3800,575.1150,0.000356
fanout988,VSS,Metal1,454.6230,594.1885,0.000299
load_slew987,VSS,Metal1,480.7800,594.1650,0.000237
fanout986,VSS,Metal1,468.0630,624.4285,0.000258
load_slew985,VSS,Metal1,858.1600,674.7625,0.000464
fanout984,VSS,Metal1,877.4230,684.9085,0.000427
wire983,VSS,Metal1,783.3880,1077.8940,0.000097
wire982,VSS,Metal1,939.4200,675.9150,0.000557
load_slew981,VSS,Metal1,970.7800,565.0350,0.000415
fanout980,VSS,Metal1,1034.2230,684.9085,0.000455
load_slew979,VSS,Metal1,1068.7800,533.6850,0.001075
fanout978,VSS,Metal1,956.3830,675.8915,0.000599
load_slew977,VSS,Metal1,89.2800,412.6825,0.000469
fanout976,VSS,Metal1,73.8230,403.7315,0.000283
wire975,VSS,Metal1,275.2600,563.9250,0.000524
fanout974,VSS,Metal1,15.0230,826.0285,0.000170
fanout973,VSS,Metal1,49.7430,625.4915,0.000384
fanout972,VSS,Metal1,615.3430,614.3485,0.000398
fanout971,VSS,Metal1,376.6200,595.2750,0.000323
fanout970,VSS,Metal1,376.5600,444.1175,0.000390
fanout969,VSS,Metal1,381.8200,443.9025,0.000390
fanout968,VSS,Metal1,517.9030,252.5315,0.000424
fanout967,VSS,Metal1,936.2230,302.9315,0.000530
fanout966,VSS,Metal1,794.9400,252.5550,0.000381
fanout965,VSS,Metal1,194.7830,100.2685,0.000226
fanout964,VSS,Metal1,632.1430,192.0515,0.000120
fanout963,VSS,Metal1,633.2630,111.4115,0.000111
fanout962,VSS,Metal1,191.7830,130.5040,0.000276
fanout961,VSS,Metal1,573.1800,30.7950,0.000302
fanout960,VSS,Metal1,900.4730,59.8790,0.000184
fanout959,VSS,Metal1,759.8230,110.3485,0.000120
fanout958,VSS,Metal1,935.1030,70.0285,0.000473
fanout957,VSS,Metal1,277.6630,544.8515,0.000501
fanout956,VSS,Metal1,273.1830,543.7885,0.000500
fanout955,VSS,Metal1,566.6230,413.8115,0.000524
fanout954,VSS,Metal1,337.9800,343.2750,0.000263
fanout953,VSS,Metal1,684.7830,363.4115,0.000377
fanout952,VSS,Metal1,171.8230,352.2685,0.000543
fanout951,VSS,Metal1,532.8600,282.7950,0.000403
fanout950,VSS,Metal1,782.0600,242.4750,0.000095
wire949,VSS,Metal1,825.7400,111.4350,0.000118
fanout948,VSS,Metal1,865.6630,111.4115,0.000128
load_slew947,VSS,Metal1,872.7800,100.2450,0.000120
fanout946,VSS,Metal1,867.3430,91.2515,0.000157
load_slew945,VSS,Metal1,878.8800,101.3975,0.000122
load_slew944,VSS,Metal1,872.7200,110.2825,0.000128
fanout943,VSS,Metal1,861.1830,140.5885,0.000453
load_slew942,VSS,Metal1,527.2600,90.1650,0.000149
load_slew941,VSS,Metal1,408.5400,91.2750,0.000195
fanout940,VSS,Metal1,527.9830,81.1715,0.000282
fanout939,VSS,Metal1,93.9830,453.0685,0.000338
fanout938,VSS,Metal1,44.7030,524.6915,0.000342
load_slew937,VSS,Metal1,57.9200,553.8025,0.000497
fanout936,VSS,Metal1,37.9830,563.9485,0.000309
load_slew935,VSS,Metal1,55.1800,474.3150,0.000520
load_slew934,VSS,Metal1,64.0800,321.9625,0.000491
load_slew933,VSS,Metal1,502.6200,726.3150,0.000033
wire1405,VSS,Metal1,658.4000,172.1360,0.000127
load_slew931,VSS,Metal1,270.1600,554.9975,0.000557
load_slew930,VSS,Metal1,357.5200,654.6025,0.000575
fanout929,VSS,Metal1,273.1830,533.7085,0.000515
wire928,VSS,Metal1,37.8200,746.4750,0.000066
fanout927,VSS,Metal1,85.5830,393.6515,0.000207
load_slew926,VSS,Metal1,29.9800,837.1950,0.000066
fanout925,VSS,Metal1,31.2630,765.5485,0.000033
fanout924,VSS,Metal1,617.0230,382.5085,0.000214
load_slew923,VSS,Metal1,527.2600,373.5150,0.000282
fanout922,VSS,Metal1,508.3830,382.5085,0.000334
fanout921,VSS,Metal1,637.7430,373.4915,0.000269
load_slew920,VSS,Metal1,537.8400,382.4425,0.000330
fanout919,VSS,Metal1,479.8230,373.4915,0.000196
load_slew918,VSS,Metal1,624.1400,393.6750,0.000257
fanout917,VSS,Metal1,622.6230,373.4915,0.000275
load_slew916,VSS,Metal1,513.2000,383.6375,0.000334
fanout915,VSS,Metal1,495.5030,402.6685,0.000326
fanout914,VSS,Metal1,647.8230,382.5085,0.000200
load_slew913,VSS,Metal1,513.4680,373.6260,0.000258
fanout912,VSS,Metal1,522.9430,363.4115,0.000393
fanout911,VSS,Metal1,567.1830,373.4915,0.000288
load_slew910,VSS,Metal1,510.9600,372.3625,0.000258
fanout909,VSS,Metal1,505.0230,343.2515,0.000227
fanout908,VSS,Metal1,609.1830,322.0285,0.000219
wire907,VSS,Metal1,553.5800,373.5150,0.000287
fanout906,VSS,Metal1,523.5030,383.5715,0.000332
load_slew905,VSS,Metal1,489.1800,392.5650,0.000414
load_slew904,VSS,Metal1,1055.3400,745.3650,0.000178
fanout903,VSS,Metal1,949.6630,625.4915,0.000517
load_slew902,VSS,Metal1,981.4200,644.5650,0.000511
fanout901,VSS,Metal1,908.2230,625.4915,0.000514
fanout900,VSS,Metal1,666.8630,313.0115,0.000367
load_slew899,VSS,Metal1,631.9200,342.1225,0.000230
fanout898,VSS,Metal1,650.0630,322.0285,0.000208
wire897,VSS,Metal1,561.4200,372.4050,0.000288
fanout896,VSS,Metal1,530.2230,372.4285,0.000282
load_slew895,VSS,Metal1,377.1200,302.9975,0.000280
rebuffer1389,VSS,Metal1,190.7850,321.7315,0.000440
fanout893,VSS,Metal1,343.5800,161.8350,0.000175
load_slew892,VSS,Metal1,336.3000,151.7550,0.000156
load_slew891,VSS,Metal1,334.0600,111.4350,0.000115
fanout890,VSS,Metal1,342.0630,160.7485,0.000175
fanout889,VSS,Metal1,227.2630,1078.0285,0.000090
load_slew888,VSS,Metal1,204.6400,1089.2375,0.000342
fanout887,VSS,Metal1,205.4230,1078.0285,0.000086
load_slew886,VSS,Metal1,860.4600,665.8350,0.000297
load_slew885,VSS,Metal1,1067.1000,837.1950,0.000227
fanout884,VSS,Metal1,1020.7830,856.2685,0.000098
load_slew883,VSS,Metal1,995.9800,674.8050,0.000828
fanout882,VSS,Metal1,919.9830,675.8915,0.000519
load_slew881,VSS,Metal1,988.7000,706.1550,0.000249
fanout880,VSS,Metal1,955.8230,674.8285,0.000599
load_slew879,VSS,Metal1,1022.3000,776.7150,0.000377
fanout878,VSS,Metal1,1001.7430,815.9485,0.000299
load_slew877,VSS,Metal1,1082.7800,746.4750,0.000178
fanout876,VSS,Metal1,921.6630,674.8285,0.000519
load_slew875,VSS,Metal1,1009.9800,665.8350,0.000369
fanout874,VSS,Metal1,921.1030,654.6685,0.000709
load_slew873,VSS,Metal1,1003.8200,554.9550,0.000322
fanout872,VSS,Metal1,1017.4230,786.7715,0.000341
fanout871,VSS,Metal1,86.1430,433.9715,0.000274
load_slew870,VSS,Metal1,51.2600,423.9150,0.000551
fanout869,VSS,Metal1,54.2230,432.9085,0.000225
fanout868,VSS,Metal1,627.6630,605.3315,0.000327
fanout867,VSS,Metal1,851.6630,463.1485,0.000126
fanout866,VSS,Metal1,657.3430,584.1085,0.000255
fanout865,VSS,Metal1,524.6230,654.6685,0.000587
fanout864,VSS,Metal1,722.3030,705.0685,0.000288
fanout863,VSS,Metal1,743.5830,654.6685,0.000768
fanout862,VSS,Metal1,723.9830,696.0515,0.000649
fanout861,VSS,Metal1,463.0230,453.0685,0.000347
fanout860,VSS,Metal1,892.5430,291.7885,0.000375
fanout859,VSS,Metal1,739.1030,311.9485,0.000403
fanout858,VSS,Metal1,704.3830,473.2285,0.000217
fanout857,VSS,Metal1,740.2230,464.2115,0.000103
fanout1416,VSS,Metal1,77.7430,171.8915,0.000501
fanout855,VSS,Metal1,840.3000,101.3550,0.000118
fanout854,VSS,Metal1,639.4680,49.6540,0.000049
fanout853,VSS,Metal1,580.5450,624.1315,0.000337
fanout852,VSS,Metal1,922.2230,402.6685,0.000356
fanout851,VSS,Metal1,827.9800,444.0750,0.000297
fanout850,VSS,Metal1,578.7800,615.4350,0.000388
fanout849,VSS,Metal1,762.6230,232.3715,0.000118
fanout848,VSS,Metal1,871.2630,171.8915,0.000128
fanout847,VSS,Metal1,899.2630,241.3885,0.000082
fanout846,VSS,Metal1,784.2630,261.5440,0.000446
fanout845,VSS,Metal1,402.9030,322.0240,0.000269
fanout844,VSS,Metal1,434.2630,281.7040,0.000398
fanout843,VSS,Metal1,474.0230,242.4555,0.000188
wire1403,VSS,Metal1,121.9200,283.0160,0.000473
fanout841,VSS,Metal1,720.6230,110.3485,0.000132
fanout840,VSS,Metal1,841.5830,50.9315,0.000034
fanout839,VSS,Metal1,318.5400,251.6175,0.000406
fanout838,VSS,Metal1,283.0630,272.6955,0.000304
fanout837,VSS,Metal1,349.3400,141.5025,0.000202
fanout836,VSS,Metal1,344.1400,120.4050,0.000175
fanout835,VSS,Metal1,365.5830,151.7315,0.000174
fanout834,VSS,Metal1,344.1400,151.7550,0.000156
fanout833,VSS,Metal1,871.2630,202.1315,0.000154
fanout832,VSS,Metal1,544.2230,121.4915,0.000297
fanout831,VSS,Metal1,410.3830,171.8915,0.000238
fanout830,VSS,Metal1,431.5000,100.2450,0.000137
fanout829,VSS,Metal1,762.0630,71.0915,0.000263
fanout828,VSS,Metal1,917.1830,151.7315,0.000400
fanout827,VSS,Metal1,904.6630,80.1040,0.000201
load_slew826,VSS,Metal1,327.8400,343.3175,0.000264
load_slew825,VSS,Metal1,332.8800,353.3975,0.000375
fanout824,VSS,Metal1,344.1030,302.9355,0.000276
load_slew823,VSS,Metal1,731.1000,634.4850,0.000320
fanout822,VSS,Metal1,637.7430,645.6515,0.000153
load_slew821,VSS,Metal1,780.3800,523.6050,0.000243
fanout820,VSS,Metal1,775.5030,513.5485,0.000325
load_slew819,VSS,Metal1,212.5400,454.1550,0.000340
fanout818,VSS,Metal1,253.5830,454.1315,0.000433
load_slew817,VSS,Metal1,268.5400,544.8750,0.000500
fanout816,VSS,Metal1,273.1830,524.6915,0.000196
load_slew815,VSS,Metal1,267.9800,503.4450,0.000514
wire814,VSS,Metal1,255.6600,504.5550,0.000522
fanout813,VSS,Metal1,261.4230,493.3885,0.000574
load_slew812,VSS,Metal1,1013.8400,645.7175,0.000555
load_slew811,VSS,Metal1,1049.1200,444.1175,0.000440
fanout810,VSS,Metal1,1006.2230,674.8285,0.000829
load_slew809,VSS,Metal1,383.9000,524.7150,0.000240
fanout808,VSS,Metal1,344.3030,442.9885,0.000302
load_slew807,VSS,Metal1,1028.4600,91.2750,0.000244
fanout806,VSS,Metal1,1023.0200,50.0175,0.000082
wire805,VSS,Metal1,971.9000,232.3950,0.000425
fanout804,VSS,Metal1,1026.9430,212.2115,0.000165
load_slew803,VSS,Metal1,592.1600,39.7225,0.000247
load_slew802,VSS,Metal1,581.0200,91.2750,0.000157
fanout801,VSS,Metal1,645.5800,60.0975,0.000307
load_slew800,VSS,Metal1,269.3080,69.8940,0.000206
fanout799,VSS,Metal1,258.4230,81.1755,0.000267
load_slew798,VSS,Metal1,429.7600,282.8375,0.000400
load_slew797,VSS,Metal1,428.1400,241.3650,0.000204
fanout796,VSS,Metal1,410.3830,281.7085,0.000412
load_slew795,VSS,Metal1,367.6000,190.9225,0.000300
fanout794,VSS,Metal1,355.5030,181.9715,0.000138
wire793,VSS,Metal1,133.0200,705.0450,0.000176
load_slew791,VSS,Metal1,200.7200,1098.1225,0.000053
fanout790,VSS,Metal1,192.3430,1078.0240,0.000084
fanout789,VSS,Metal1,512.8630,423.8915,0.000283
fanout788,VSS,Metal1,576.1430,352.2685,0.000381
fanout787,VSS,Metal1,113.0230,696.0515,0.000530
fanout786,VSS,Metal1,93.9830,645.6515,0.000190
fanout785,VSS,Metal1,281.5830,605.3315,0.000193
fanout784,VSS,Metal1,377.9030,503.4685,0.000434
fanout783,VSS,Metal1,545.7030,171.8955,0.000147
fanout782,VSS,Metal1,438.8650,283.0680,0.000398
fanout781,VSS,Metal1,731.2630,190.9885,0.000199
fanout780,VSS,Metal1,466.7430,201.0640,0.000165
max_cap1402,VSS,Metal1,955.7600,464.4560,0.000149
fanout778,VSS,Metal1,768.6200,61.0350,0.000320
fanout777,VSS,Metal1,334.6200,544.8750,0.000289
fanout776,VSS,Metal1,338.5400,503.4450,0.000435
fanout775,VSS,Metal1,469.1830,342.1885,0.000229
fanout774,VSS,Metal1,597.9830,343.2515,0.000238
fanout773,VSS,Metal1,449.5830,363.4115,0.000450
fanout772,VSS,Metal1,608.6230,342.1885,0.000238
fanout771,VSS,Metal1,622.6230,383.5715,0.000214
fanout770,VSS,Metal1,482.0630,383.5715,0.000317
load_slew769,VSS,Metal1,136.3800,150.6450,0.000229
fanout768,VSS,Metal1,135.9830,121.4915,0.000154
load_slew767,VSS,Metal1,225.4200,291.7650,0.000416
fanout766,VSS,Metal1,159.3030,282.7755,0.000415
load_slew765,VSS,Metal1,259.5200,71.1575,0.000210
fanout764,VSS,Metal1,269.8230,71.0915,0.000206
load_slew763,VSS,Metal1,278.0600,59.9250,0.000226
fanout762,VSS,Metal1,267.5830,59.9485,0.000226
load_slew761,VSS,Metal1,265.1800,50.9550,0.000229
fanout760,VSS,Metal1,257.3030,59.9440,0.000234
fanout759,VSS,Metal1,868.4630,101.3315,0.000120
load_slew758,VSS,Metal1,853.1200,252.5975,0.000386
load_slew757,VSS,Metal1,817.3400,170.8050,0.000116
fanout756,VSS,Metal1,858.3830,251.4685,0.000386
load_slew755,VSS,Metal1,259.5800,292.8750,0.000389
load_slew754,VSS,Metal1,411.8400,242.5175,0.000207
fanout753,VSS,Metal1,398.0630,192.0515,0.000262
load_slew752,VSS,Metal1,404.5600,221.1625,0.000277
fanout751,VSS,Metal1,407.0230,201.0685,0.000250
wire750,VSS,Metal1,307.7400,180.8850,0.000133
fanout749,VSS,Metal1,310.7030,181.9715,0.000133
load_slew748,VSS,Metal1,347.7080,242.6660,0.000228
rebuffer1383,VSS,Metal1,302.2250,321.7315,0.000293
wire746,VSS,Metal1,363.1800,190.9650,0.000306
load_slew745,VSS,Metal1,348.6200,120.4050,0.000177
load_slew744,VSS,Metal1,337.9800,121.5150,0.000167
fanout743,VSS,Metal1,343.1830,221.2285,0.000257
load_slew742,VSS,Metal1,609.0200,262.6350,0.000275
wire741,VSS,Metal1,620.1600,80.0425,0.000273
fanout740,VSS,Metal1,343.5200,272.7575,0.000253
load_slew739,VSS,Metal1,391.6800,332.0425,0.000395
wire738,VSS,Metal1,410.7800,261.5250,0.000248
fanout737,VSS,Metal1,348.2230,282.7715,0.000382
load_slew736,VSS,Metal1,335.8400,192.2960,0.000332
fanout735,VSS,Metal1,278.7830,1089.1715,0.000239
load_slew734,VSS,Metal1,139.9480,1079.2260,0.000143
fanout733,VSS,Metal1,148.3030,1098.1885,0.000061
fanout732,VSS,Metal1,129.2630,1098.1885,0.000066
load_slew731,VSS,Metal1,266.8600,1098.1650,0.000085
fanout730,VSS,Metal1,240.5030,1098.1840,0.000073
fanout729,VSS,Metal1,72.7030,463.1485,0.000287
load_slew728,VSS,Metal1,13.6800,563.8825,0.000297
fanout727,VSS,Metal1,18.3830,524.6915,0.000296
fanout726,VSS,Metal1,683.1030,353.3315,0.000502
fanout725,VSS,Metal1,797.9030,363.4115,0.000384
fanout724,VSS,Metal1,785.9430,342.1840,0.000426
fanout723,VSS,Metal1,703.2630,313.0115,0.000390
fanout722,VSS,Metal1,137.1030,251.4685,0.000548
fanout721,VSS,Metal1,292.7830,454.1315,0.000454
fanout720,VSS,Metal1,515.6600,81.0225,0.000280
fanout719,VSS,Metal1,867.9030,71.0915,0.000417
fanout718,VSS,Metal1,816.9430,261.5485,0.000515
fanout717,VSS,Metal1,769.1800,262.6350,0.000453
fanout716,VSS,Metal1,867.1800,110.3250,0.000128
fanout715,VSS,Metal1,926.1430,211.1485,0.000205
fanout714,VSS,Metal1,838.2230,100.2685,0.000118
fanout713,VSS,Metal1,507.8230,170.8285,0.000148
fanout712,VSS,Metal1,557.4630,50.9355,0.000063
fanout711,VSS,Metal1,325.8230,181.9715,0.000127
fanout710,VSS,Metal1,417.7080,100.0540,0.000138
load_slew1406,VSS,Metal1,824.7200,110.1040,0.000118
fanout708,VSS,Metal1,740.2230,171.8915,0.000131
fanout707,VSS,Metal1,687.9200,61.0775,0.000327
fanout1423,VSS,Metal1,23.4230,291.7885,0.000378
fanout705,VSS,Metal1,1010.1430,29.7085,0.000266
fanout704,VSS,Metal1,883.9800,50.9550,0.000035
fanout703,VSS,Metal1,367.1000,574.0050,0.000431
fanout702,VSS,Metal1,370.4600,554.9550,0.000558
fanout701,VSS,Metal1,328.6230,513.5485,0.000216
fanout700,VSS,Metal1,348.6200,422.8050,0.000483
fanout699,VSS,Metal1,821.4230,503.4685,0.000351
fanout698,VSS,Metal1,684.2230,503.4685,0.000379
fanout697,VSS,Metal1,488.7830,654.6685,0.000576
fanout696,VSS,Metal1,351.5830,604.2685,0.000178
fanout695,VSS,Metal1,271.3400,1098.1650,0.000086
fanout694,VSS,Metal1,366.5030,1089.1755,0.000215
fanout693,VSS,Metal1,630.4630,242.4515,0.000148
fanout692,VSS,Metal1,859.9000,241.3650,0.000088
fanout691,VSS,Metal1,821.7600,170.7625,0.000117
fanout690,VSS,Metal1,631.9800,251.4450,0.000382
fanout689,VSS,Metal1,31.8230,957.0685,0.000268
fanout688,VSS,Metal1,101.2630,674.8285,0.000334
fanout687,VSS,Metal1,205.4230,292.8515,0.000424
load_slew686,VSS,Metal1,167.1800,261.5250,0.000260
fanout685,VSS,Metal1,163.4230,262.6115,0.000260
load_slew684,VSS,Metal1,239.9800,90.1650,0.000305
max_cap1397,VSS,Metal1,252.9600,251.2240,0.000544
wire682,VSS,Metal1,480.7800,90.1650,0.000162
rebuffer1387,VSS,Metal1,302.7850,140.2915,0.000200
load_slew680,VSS,Metal1,653.7600,100.2025,0.000122
wire679,VSS,Metal1,794.9400,100.2450,0.000110
rebuffer1744,VSS,Metal1,246.2250,323.3880,0.000332
load_slew677,VSS,Metal1,265.1800,151.7550,0.000194
fanout676,VSS,Metal1,264.7830,29.7085,0.000242
wire675,VSS,Metal1,265.1200,423.9575,0.000513
fanout674,VSS,Metal1,301.7430,463.1485,0.000403
load_slew673,VSS,Metal1,256.7200,473.1625,0.000449
fanout672,VSS,Metal1,250.7830,464.2115,0.000398
load_slew671,VSS,Metal1,288.6400,442.9225,0.000284
load_slew670,VSS,Metal1,246.1400,444.0750,0.000268
fanout669,VSS,Metal1,253.0230,442.9885,0.000270
load_slew668,VSS,Metal1,350.8600,190.9650,0.000329
load_slew667,VSS,Metal1,348.0600,180.8850,0.000137
fanout666,VSS,Metal1,331.9830,171.8915,0.000267
load_slew665,VSS,Metal1,306.6200,141.6750,0.000200
fanout664,VSS,Metal1,307.9030,190.9885,0.000374
load_slew663,VSS,Metal1,396.2200,221.2050,0.000269
fanout662,VSS,Metal1,373.7830,313.0155,0.000537
load_slew661,VSS,Metal1,331.8200,151.7550,0.000154
fanout660,VSS,Metal1,328.0630,141.6515,0.000182
load_slew659,VSS,Metal1,364.5080,130.3740,0.000195
wire657,VSS,Metal1,628.5600,241.3225,0.000148
fanout656,VSS,Metal1,351.5830,291.7885,0.000342
load_slew655,VSS,Metal1,395.1000,212.2350,0.000220
fanout654,VSS,Metal1,336.4630,291.7885,0.000342
load_slew653,VSS,Metal1,344.9080,212.3460,0.000207
fanout652,VSS,Metal1,310.1400,201.2175,0.000256
load_slew651,VSS,Metal1,575.9800,251.4450,0.000399
fanout650,VSS,Metal1,560.4630,232.3715,0.000188
wire649,VSS,Metal1,406.3000,301.8450,0.000280
load_slew648,VSS,Metal1,434.3000,131.5950,0.000178
fanout647,VSS,Metal1,414.8630,311.9485,0.000590
fanout646,VSS,Metal1,810.2230,574.0285,0.000368
load_slew645,VSS,Metal1,287.0200,584.0850,0.000450
load_slew644,VSS,Metal1,435.9800,624.4050,0.000329
fanout643,VSS,Metal1,253.5830,565.0115,0.000527
fanout642,VSS,Metal1,877.4230,291.7885,0.000376
load_slew641,VSS,Metal1,378.8600,533.6850,0.000495
load_slew640,VSS,Metal1,637.5800,513.5250,0.000271
fanout639,VSS,Metal1,348.2230,514.6115,0.000237
wire638,VSS,Metal1,272.9600,604.2025,0.000192
fanout637,VSS,Metal1,200.9430,181.9715,0.000177
fanout636,VSS,Metal1,114.1430,131.5715,0.000252
fanout635,VSS,Metal1,461.1800,242.4750,0.000193
fanout634,VSS,Metal1,701.6280,222.5060,0.000381
fanout633,VSS,Metal1,560.2400,161.8775,0.000117
fanout632,VSS,Metal1,377.1800,222.3150,0.000262
fanout1420,VSS,Metal1,37.9830,170.8285,0.000408
fanout630,VSS,Metal1,435.9200,251.4025,0.000491
fanout629,VSS,Metal1,840.8230,91.2555,0.000153
fanout628,VSS,Metal1,683.4630,80.1040,0.000318
fanout627,VSS,Metal1,634.7430,171.8955,0.000132
rebuffer1395,VSS,Metal1,142.0650,392.2915,0.000224
fanout625,VSS,Metal1,804.9600,170.7625,0.000115
fanout624,VSS,Metal1,938.4600,81.0225,0.000158
fanout623,VSS,Metal1,797.3400,60.0975,0.000262
load_slew1419,VSS,Metal1,99.3600,101.3975,0.000534
fanout621,VSS,Metal1,827.9430,81.1755,0.000208
fanout620,VSS,Metal1,462.5080,192.2660,0.000226
fanout619,VSS,Metal1,459.7530,200.9990,0.000171
fanout618,VSS,Metal1,533.9800,181.9950,0.000164
fanout617,VSS,Metal1,671.3400,120.5775,0.000235
fanout616,VSS,Metal1,536.3830,180.9085,0.000164
fanout615,VSS,Metal1,606.3830,192.0515,0.000134
wire614,VSS,Metal1,363.1800,180.8850,0.000139
fanout613,VSS,Metal1,371.7430,221.2285,0.000261
load_slew612,VSS,Metal1,369.2800,192.1175,0.000300
fanout611,VSS,Metal1,336.8230,212.2155,0.000207
load_slew610,VSS,Metal1,383.2800,111.4775,0.000124
fanout609,VSS,Metal1,371.1830,111.4115,0.000123
load_slew608,VSS,Metal1,186.7800,433.9950,0.000275
fanout607,VSS,Metal1,178.5430,442.9885,0.000204
fanout606,VSS,Metal1,622.6350,282.9900,0.000298
fanout605,VSS,Metal1,823.4630,251.4640,0.000391
fanout604,VSS,Metal1,820.1400,111.4350,0.000117
fanout603,VSS,Metal1,612.3800,232.3950,0.000171
fanout602,VSS,Metal1,212.7030,151.7315,0.000213
fanout601,VSS,Metal1,591.6230,140.5840,0.000238
fanout600,VSS,Metal1,611.2230,161.8155,0.000109
fanout599,VSS,Metal1,945.7400,231.4575,0.000380
fanout598,VSS,Metal1,269.2630,211.1485,0.000236
fanout597,VSS,Metal1,258.4230,131.5755,0.000355
fanout596,VSS,Metal1,681.4230,422.8285,0.000310
fanout595,VSS,Metal1,508.3830,422.8285,0.000283
load_slew1408,VSS,Metal1,746.8800,251.2240,0.000497
fanout593,VSS,Metal1,742.8600,151.7550,0.000386
fanout592,VSS,Metal1,880.5600,59.8825,0.000198
fanout1421,VSS,Metal1,29.5830,231.3085,0.000443
fanout590,VSS,Metal1,441.7430,91.2515,0.000192
fanout589,VSS,Metal1,436.1430,202.1315,0.000182
max_cap1399,VSS,Metal1,168.4000,180.6640,0.000215
fanout587,VSS,Metal1,743.3830,160.7440,0.000124
fanout586,VSS,Metal1,473.6630,252.5315,0.000464
fanout585,VSS,Metal1,524.4600,281.6850,0.000398
clone1381,VSS,Metal1,265.7030,333.1755,0.000491
fanout583,VSS,Metal1,600.6200,91.2750,0.000155
max_cap1401,VSS,Metal1,914.8800,454.3760,0.000223
fanout581,VSS,Metal1,533.5800,161.6625,0.000109
fanout580,VSS,Metal1,526.1400,91.2750,0.000149
fanout579,VSS,Metal1,368.7800,61.0350,0.000200
wire1400,VSS,Metal1,325.2000,291.5440,0.000341
fanout577,VSS,Metal1,428.8630,201.0685,0.000182
fanout576,VSS,Metal1,429.9830,170.8285,0.000235
fanout575,VSS,Metal1,298.7800,192.0750,0.000391
wire574,VSS,Metal1,114.0800,283.0160,0.000476
load_slew573,VSS,Metal1,149.7600,423.9575,0.000549
load_slew572,VSS,Metal1,151.4400,474.3575,0.000418
fanout571,VSS,Metal1,143.8230,422.8285,0.000549
load_slew570,VSS,Metal1,148.7000,413.8350,0.000407
load_slew569,VSS,Metal1,153.1200,333.2375,0.000588
fanout568,VSS,Metal1,146.6230,412.7485,0.000407
load_slew567,VSS,Metal1,60.1600,111.4775,0.000226
fanout566,VSS,Metal1,49.1830,192.0515,0.000236
fanout565,VSS,Metal1,113.5830,190.9885,0.000366
load_slew564,VSS,Metal1,82.6200,192.0750,0.000351
fanout563,VSS,Metal1,74.9430,180.9085,0.000257
fanout562,VSS,Metal1,694.8630,362.3485,0.000379
fanout561,VSS,Metal1,760.1830,343.2555,0.000423
fanout560,VSS,Metal1,704.7430,363.4155,0.000388
fanout559,VSS,Metal1,609.7430,251.4685,0.000391
fanout558,VSS,Metal1,797.1430,231.3040,0.000114
fanout557,VSS,Metal1,799.0200,241.5375,0.000093
fanout556,VSS,Metal1,696.3800,252.5550,0.000576
fanout555,VSS,Metal1,676.9430,252.5315,0.000568
fanout554,VSS,Metal1,708.8630,272.6915,0.000242
fanout553,VSS,Metal1,456.8630,170.8285,0.000160
fanout552,VSS,Metal1,565.5030,343.2515,0.000234
fanout551,VSS,Metal1,526.3000,322.9425,0.000219
max_cap1409,VSS,Metal1,347.6000,533.4640,0.000490
fanout549,VSS,Metal1,391.3430,181.9715,0.000142
fanout548,VSS,Metal1,779.3450,152.0280,0.000384
fanout547,VSS,Metal1,874.9830,161.8155,0.000185
fanout546,VSS,Metal1,899.6600,81.1950,0.000203
fanout545,VSS,Metal1,764.3030,291.7885,0.000335
fanout544,VSS,Metal1,897.0230,242.4515,0.000082
load_slew543,VSS,Metal1,925.4200,503.4450,0.000332
fanout542,VSS,Metal1,938.4630,422.8285,0.000380
load_slew541,VSS,Metal1,868.3000,363.4350,0.000423
fanout540,VSS,Metal1,904.3030,423.8915,0.000714
load_slew539,VSS,Metal1,1004.3800,313.0350,0.000500
rebuffer1377,VSS,Metal1,520.0650,625.7880,0.000264
load_slew537,VSS,Metal1,951.1800,442.9650,0.000404
load_slew536,VSS,Metal1,960.9080,432.7740,0.000432
fanout535,VSS,Metal1,936.2230,413.8115,0.000381
fanout534,VSS,Metal1,213.6000,333.2375,0.000503
fanout533,VSS,Metal1,645.0230,413.8115,0.000366
fanout532,VSS,Metal1,636.6230,302.9315,0.000457
fanout531,VSS,Metal1,841.7760,271.4535,0.000210
fanout530,VSS,Metal1,956.2200,251.4450,0.000361
fanout529,VSS,Metal1,942.2200,151.7550,0.000375
fanout528,VSS,Metal1,127.0230,192.0515,0.000369
fanout527,VSS,Metal1,857.8230,232.3715,0.000363
fanout526,VSS,Metal1,801.8230,202.1315,0.000137
fanout525,VSS,Metal1,463.9800,241.3650,0.000192
fanout524,VSS,Metal1,755.1200,241.3225,0.000121
load_slew523,VSS,Metal1,461.1800,1079.1150,0.000243
fanout522,VSS,Metal1,955.8230,383.5715,0.000127
load_slew521,VSS,Metal1,967.3600,372.3625,0.000184
fanout520,VSS,Metal1,955.8230,362.3485,0.000380
fanout519,VSS,Metal1,916.6230,393.6515,0.000266
load_slew518,VSS,Metal1,892.3800,423.9150,0.000716
load_slew517,VSS,Metal1,898.5400,413.8350,0.000377
rebuffer1379,VSS,Metal1,1014.5450,444.3480,0.000421
wire515,VSS,Metal1,923.6800,343.3175,0.000477
fanout514,VSS,Metal1,921.6630,362.3485,0.000382
load_slew513,VSS,Metal1,863.2600,422.8050,0.000712
fanout512,VSS,Metal1,958.6230,393.6515,0.000283
fanout511,VSS,Metal1,1049.3430,654.6685,0.000785
fanout510,VSS,Metal1,905.2230,473.2240,0.000456
fanout509,VSS,Metal1,925.4200,464.2350,0.000147
fanout508,VSS,Metal1,759.1000,523.6050,0.000274
fanout507,VSS,Metal1,610.1400,524.7150,0.000318
fanout506,VSS,Metal1,611.7600,514.6775,0.000293
fanout505,VSS,Metal1,449.9430,584.1040,0.000362
fanout504,VSS,Metal1,509.5000,503.6175,0.000275
rebuffer1380,VSS,Metal1,293.2650,283.0680,0.000382
fanout502,VSS,Metal1,915.5000,212.0625,0.000213
fanout501,VSS,Metal1,957.3400,241.3650,0.000058
fanout500,VSS,Metal1,1014.6230,291.7885,0.000456
fanout499,VSS,Metal1,983.1850,484.6680,0.001103
fanout498,VSS,Metal1,841.5830,333.1715,0.000402
rebuffer1382,VSS,Metal1,410.8650,404.0280,0.000523
fanout496,VSS,Metal1,580.4600,454.1550,0.000310
fanout495,VSS,Metal1,975.4230,494.4515,0.000930
fanout494,VSS,Metal1,835.7600,413.8775,0.000352
fanout493,VSS,Metal1,834.1030,402.6640,0.000367
fanout492,VSS,Metal1,782.2230,392.5885,0.000229
fanout491,VSS,Metal1,684.2230,494.4515,0.000207
fanout490,VSS,Metal1,601.7030,503.4640,0.000299
load_slew489,VSS,Metal1,984.7200,442.9225,0.000408
fanout488,VSS,Metal1,955.8230,402.6685,0.000350
fanout487,VSS,Metal1,750.8630,444.0515,0.000256
fanout486,VSS,Metal1,746.1830,422.8240,0.000359
fanout485,VSS,Metal1,578.7200,464.2775,0.000094
fanout484,VSS,Metal1,484.7000,474.3150,0.000194
fanout483,VSS,Metal1,592.3800,443.1375,0.000314
fanout482,VSS,Metal1,507.6600,444.0750,0.000308
fanout481,VSS,Metal1,872.3050,494.7480,0.000537
fanout480,VSS,Metal1,897.0230,464.2115,0.000142
fanout479,VSS,Metal1,669.1030,494.4515,0.000204
fanout478,VSS,Metal1,497.7430,513.5485,0.000263
fanout477,VSS,Metal1,432.0600,674.8050,0.000345
load_slew476,VSS,Metal1,181.1800,101.3550,0.000215
fanout475,VSS,Metal1,169.5830,71.0915,0.000225
fanout1425,VSS,Metal1,46.9430,313.0115,0.000662
fanout473,VSS,Metal1,606.3050,634.2115,0.000343
fanout472,VSS,Metal1,608.5450,664.4515,0.000283
fanout471,VSS,Metal1,690.7200,605.3975,0.000392
fanout470,VSS,Metal1,995.5830,795.7885,0.000299
fanout469,VSS,Metal1,1044.8630,897.6515,0.000078
fanout468,VSS,Metal1,1004.5430,756.5315,0.000484
fanout467,VSS,Metal1,930.0630,523.6285,0.000362
fanout466,VSS,Metal1,943.5030,534.7715,0.000474
load_slew465,VSS,Metal1,513.7600,665.8775,0.000269
wire464,VSS,Metal1,787.6600,694.9650,0.000554
fanout463,VSS,Metal1,488.7830,685.9715,0.000367
wire462,VSS,Metal1,191.7600,645.7175,0.000214
wire461,VSS,Metal1,498.7000,896.5650,0.000033
fanout460,VSS,Metal1,511.7430,926.8285,0.000000
load_slew459,VSS,Metal1,516.6200,837.1950,0.000000
load_slew458,VSS,Metal1,500.9400,837.1950,0.000000
fanout457,VSS,Metal1,511.7430,755.4685,0.000000
wire456,VSS,Metal1,501.4400,664.6825,0.000257
load_slew455,VSS,Metal1,517.7400,948.0750,0.000033
load_slew454,VSS,Metal1,803.3400,705.0450,0.000326
fanout453,VSS,Metal1,511.7430,987.3085,0.000000
load_slew452,VSS,Metal1,199.6600,664.7250,0.000166
load_slew1424,VSS,Metal1,33.8400,301.8025,0.000479
fanout450,VSS,Metal1,457.9050,634.2115,0.000321
fanout449,VSS,Metal1,455.7430,664.7485,0.000256
fanout448,VSS,Metal1,296.6400,696.2960,0.000997
fanout447,VSS,Metal1,311.7450,666.1080,0.000217
fanout1418,VSS,Metal1,93.4230,150.6685,0.000242
fanout445,VSS,Metal1,505.0230,1028.6915,0.000033
load_slew444,VSS,Metal1,407.9200,684.8425,0.000393
fanout443,VSS,Metal1,365.5830,655.7315,0.000591
load_slew442,VSS,Metal1,482.4000,635.6375,0.000314
rebuffer1745,VSS,Metal1,231.6650,323.3880,0.000333
rebuffer1388,VSS,Metal1,234.4650,321.7315,0.000333
fanout439,VSS,Metal1,845.8630,523.6240,0.000306
load_slew438,VSS,Metal1,855.9200,524.7575,0.000315
fanout437,VSS,Metal1,879.1030,514.6115,0.000446
wire436,VSS,Metal1,343.5800,605.3550,0.000177
fanout435,VSS,Metal1,286.6230,665.8115,0.000214
fanout434,VSS,Metal1,681.2230,1089.1755,0.000346
fanout433,VSS,Metal1,500.9030,988.3755,0.000000
rebuffer1386,VSS,Metal1,704.8650,281.4115,0.000265
fanout431,VSS,Metal1,724.8800,694.9225,0.000649
fanout430,VSS,Metal1,466.2200,696.0750,0.000977
fanout429,VSS,Metal1,866.2230,675.8915,0.000468
fanout428,VSS,Metal1,832.9830,675.8955,0.000439
fanout427,VSS,Metal1,834.1030,694.9840,0.000550
fanout426,VSS,Metal1,832.6200,685.0575,0.000482
fanout425,VSS,Metal1,846.6230,311.9485,0.000553
fanout424,VSS,Metal1,598.9030,694.9840,0.000824
fanout423,VSS,Metal1,582.8600,685.0575,0.000451
fanout422,VSS,Metal1,757.5830,705.0685,0.000301
fanout421,VSS,Metal1,739.1000,705.2175,0.000294
wire420,VSS,Metal1,416.3800,595.2750,0.000318
load_slew419,VSS,Metal1,710.3800,322.0050,0.000266
fanout418,VSS,Metal1,333.6630,624.4285,0.000164
load_slew417,VSS,Metal1,338.5400,543.7650,0.000292
fanout416,VSS,Metal1,334.0600,615.4350,0.000415
load_slew415,VSS,Metal1,343.5200,575.1575,0.000410
fanout414,VSS,Metal1,329.5800,615.4350,0.000422
wire413,VSS,Metal1,493.1000,493.3650,0.000319
load_slew412,VSS,Metal1,847.5800,292.8750,0.000373
rebuffer1378,VSS,Metal1,312.3050,363.7080,0.000483
wire410,VSS,Metal1,382.7800,574.0050,0.000440
fanout409,VSS,Metal1,335.9030,604.2685,0.000176
load_slew408,VSS,Metal1,357.0200,513.5250,0.000243
fanout407,VSS,Metal1,317.2600,605.3550,0.000192
fanout406,VSS,Metal1,550.3830,665.8115,0.000280
load_slew405,VSS,Metal1,371.0200,684.8850,0.000404
fanout404,VSS,Metal1,324.7030,635.5715,0.000285
load_slew403,VSS,Metal1,572.0600,665.8350,0.000297
fanout402,VSS,Metal1,540.6630,654.6640,0.000596
wire401,VSS,Metal1,519.9800,594.1650,0.000226
fanout400,VSS,Metal1,276.5430,625.4915,0.000170
load_slew399,VSS,Metal1,373.8200,645.6750,0.000201
fanout398,VSS,Metal1,309.0230,634.5085,0.000292
wire397,VSS,Metal1,773.0400,553.8025,0.000215
fanout396,VSS,Metal1,737.9830,533.7085,0.000373
wire395,VSS,Metal1,496.9600,815.8825,0.000000
fanout394,VSS,Metal1,289.4230,644.5885,0.000177
load_slew393,VSS,Metal1,455.5800,1089.1950,0.000262
fanout392,VSS,Metal1,398.6230,1098.1885,0.000359
load_slew391,VSS,Metal1,293.3880,686.1060,0.000451
fanout390,VSS,Metal1,490.4630,664.7485,0.000242
fanout389,VSS,Metal1,742.2630,655.7355,0.000768
fanout388,VSS,Metal1,757.5800,665.6625,0.000228
fanout387,VSS,Metal1,936.2230,575.0915,0.000403
fanout386,VSS,Metal1,783.1430,605.3355,0.000417
wire385,VSS,Metal1,343.5200,524.7575,0.000234
load_slew384,VSS,Metal1,642.0600,301.8450,0.000459
fanout383,VSS,Metal1,296.5030,554.9355,0.000554
wire382,VSS,Metal1,352.5400,534.7950,0.000490
load_slew381,VSS,Metal1,729.9800,292.8750,0.000380
fanout380,VSS,Metal1,304.9030,575.0955,0.000432
fanout379,VSS,Metal1,273.1830,584.1085,0.000443
load_slew378,VSS,Metal1,279.1800,585.1950,0.000443
fanout377,VSS,Metal1,287.5430,585.1755,0.000450
fanout376,VSS,Metal1,177.8200,342.1650,0.000291
fanout375,VSS,Metal1,137.6000,323.3360,0.000464
fanout374,VSS,Metal1,188.0000,252.7760,0.000539
fanout373,VSS,Metal1,151.6000,172.1360,0.000469
fanout372,VSS,Metal1,131.4400,131.8160,0.000260
load_slew371,VSS,Metal1,311.0400,442.9225,0.000284
fanout370,VSS,Metal1,315.7430,464.2115,0.000401
load_slew1422,VSS,Metal1,43.3600,221.1625,0.000309
fanout368,VSS,Metal1,278.1450,283.0680,0.000384
load_slew367,VSS,Metal1,120.3480,160.6140,0.000440
max_cap366,VSS,Metal1,262.4800,311.7040,0.000618
max_cap365,VSS,Metal1,273.7550,311.7295,0.000616
load_slew364,VSS,Metal1,608.4600,141.6750,0.000235
fanout363,VSS,Metal1,10.9030,202.1355,0.000289
wire362,VSS,Metal1,115.2000,220.9840,0.000339
load_slew361,VSS,Metal1,39.5000,332.0850,0.000651
fanout360,VSS,Metal1,51.2230,323.0955,0.000443
load_slew359,VSS,Metal1,274.0800,212.2775,0.000236
rebuffer1390,VSS,Metal1,254.0650,262.9080,0.000248
load_slew357,VSS,Metal1,255.6600,130.4850,0.000357
fanout356,VSS,Metal1,277.6600,232.2225,0.000389
load_slew355,VSS,Metal1,293.6800,323.1575,0.000295
load_slew354,VSS,Metal1,397.8400,323.1575,0.000275
load_slew353,VSS,Metal1,398.4000,141.7175,0.000226
fanout352,VSS,Metal1,393.9430,322.0240,0.000275
wire351,VSS,Metal1,429.7600,272.7575,0.000253
rebuffer1385,VSS,Metal1,281.5050,313.3080,0.000615
wire349,VSS,Metal1,580.4600,130.4850,0.000177
fanout348,VSS,Metal1,559.1430,262.6155,0.000269
wire347,VSS,Metal1,414.2400,262.8560,0.000248
fanout1414,VSS,Metal1,34.6230,171.8915,0.000408
fanout345,VSS,Metal1,102.9400,201.9825,0.000479
fanout344,VSS,Metal1,175.0200,212.2350,0.000254
fanout343,VSS,Metal1,99.9430,151.7355,0.000242
load_slew342,VSS,Metal1,344.9080,222.4260,0.000257
fanout341,VSS,Metal1,314.4230,533.7040,0.000514
load_slew340,VSS,Metal1,337.9200,434.0375,0.000341
fanout339,VSS,Metal1,318.9400,413.8350,0.000541
wire338,VSS,Metal1,580.1080,202.2660,0.000172
wire337,VSS,Metal1,70.3000,423.9150,0.000664
fanout336,VSS,Metal1,544.2200,120.5775,0.000297
fanout335,VSS,Metal1,293.2650,293.1480,0.000374
wire334,VSS,Metal1,383.8400,141.7175,0.000226
fanout333,VSS,Metal1,322.5080,252.7460,0.000404
fanout332,VSS,Metal1,324.5030,140.5840,0.000182
fanout331,VSS,Metal1,397.8400,151.7975,0.000187
load_slew1415,VSS,Metal1,31.0400,110.2825,0.000188
fanout329,VSS,Metal1,333.4630,474.2955,0.000379
fanout328,VSS,Metal1,412.4230,352.2640,0.000383
fanout327,VSS,Metal1,347.5000,413.8350,0.000561
fanout326,VSS,Metal1,646.5030,190.9840,0.000118
fanout325,VSS,Metal1,254.5030,221.2240,0.000292
fanout324,VSS,Metal1,932.1030,262.6155,0.000607
fanout323,VSS,Metal1,883.3600,212.2775,0.000257
fanout322,VSS,Metal1,709.2230,201.0640,0.000168
fanout321,VSS,Metal1,643.1200,271.5625,0.000219
fanout320,VSS,Metal1,694.8630,201.0685,0.000168
fanout319,VSS,Metal1,614.5830,170.8240,0.000138
fanout318,VSS,Metal1,258.4230,242.4555,0.000295
rebuffer1393,VSS,Metal1,293.2650,272.9880,0.000301
fanout316,VSS,Metal1,422.4800,302.9975,0.000280
load_slew1413,VSS,Metal1,39.4400,161.8775,0.000405
fanout314,VSS,Metal1,530.2680,192.2660,0.000167
fanout313,VSS,Metal1,285.3030,130.5040,0.000312
fanout312,VSS,Metal1,292.5830,71.0955,0.000181
fanout311,VSS,Metal1,314.9830,180.9040,0.000133
fanout310,VSS,Metal1,406.2630,140.5840,0.000225
fanout309,VSS,Metal1,448.8230,202.1355,0.000181
fanout308,VSS,Metal1,484.6630,252.5355,0.000426
wire307,VSS,Metal1,455.5200,192.1175,0.000228
load_slew306,VSS,Metal1,780.3800,90.1650,0.000146
rebuffer1391,VSS,Metal1,248.4650,252.8280,0.000544
load_slew304,VSS,Metal1,265.6800,242.5175,0.000271
load_slew303,VSS,Metal1,312.7800,101.3550,0.000163
fanout302,VSS,Metal1,302.6400,221.1625,0.000268
fanout301,VSS,Metal1,427.5430,302.9355,0.000281
fanout300,VSS,Metal1,406.2630,180.9040,0.000145
fanout299,VSS,Metal1,448.2630,131.5755,0.000173
fanout298,VSS,Metal1,465.0630,292.8555,0.000362
fanout297,VSS,Metal1,315.5430,503.4640,0.000470
fanout296,VSS,Metal1,430.3430,422.8240,0.000322
fanout295,VSS,Metal1,356.4600,423.9150,0.000494
fanout1412,VSS,Metal1,39.6630,151.7315,0.000223
fanout293,VSS,Metal1,688.6400,283.0160,0.000264
fanout292,VSS,Metal1,836.4650,272.9880,0.000210
fanout291,VSS,Metal1,401.2000,171.9575,0.000239
fanout290,VSS,Metal1,786.7480,281.4940,0.000204
fanout289,VSS,Metal1,939.9430,190.9840,0.000227
fanout288,VSS,Metal1,433.7400,291.7650,0.000361
fanout287,VSS,Metal1,534.1400,121.3425,0.000300
fanout286,VSS,Metal1,594.9830,272.6955,0.000250
fanout285,VSS,Metal1,728.2630,181.9755,0.000168
fanout284,VSS,Metal1,705.8630,271.6240,0.000242
fanout283,VSS,Metal1,724.3430,121.4955,0.000231
load_slew282,VSS,Metal1,455.5200,292.9175,0.000363
fanout281,VSS,Metal1,499.4200,151.5825,0.000220
fanout280,VSS,Metal1,595.7400,121.3425,0.000270
fanout279,VSS,Metal1,563.8200,231.4575,0.000188
fanout278,VSS,Metal1,728.8230,111.4155,0.000132
fanout277,VSS,Metal1,996.5030,181.9755,0.000026
fanout276,VSS,Metal1,768.6200,222.3150,0.000307
fanout275,VSS,Metal1,237.8400,251.2240,0.000547
max_cap1411,VSS,Metal1,672.4750,605.5500,0.000353
fanout273,VSS,Metal1,759.6600,202.1550,0.000152
fanout272,VSS,Metal1,758.5030,20.6955,0.000011
fanout271,VSS,Metal1,259.5800,232.3950,0.000392
fanout270,VSS,Metal1,1062.0230,241.3840,0.000062
fanout269,VSS,Metal1,419.7400,201.0450,0.000243
fanout268,VSS,Metal1,763.5430,49.8640,0.000040
fanout267,VSS,Metal1,281.9800,222.3150,0.000284
fanout266,VSS,Metal1,852.2200,201.9825,0.000153
fanout265,VSS,Metal1,382.7200,212.2775,0.000218
fanout264,VSS,Metal1,763.1200,283.0160,0.000237
fanout263,VSS,Metal1,1052.1400,212.0625,0.000167
fanout262,VSS,Metal1,473.5000,221.2050,0.000303
fanout261,VSS,Metal1,723.8200,39.7650,0.000256
fanout260,VSS,Metal1,257.4250,160.4515,0.000258
fanout259,VSS,Metal1,963.1000,191.1375,0.000285
fanout258,VSS,Metal1,745.1000,271.6050,0.000230
fanout257,VSS,Metal1,602.2400,161.8775,0.000111
fanout256,VSS,Metal1,156.0650,180.6115,0.000215
fanout255,VSS,Metal1,778.7000,282.7950,0.000211
fanout254,VSS,Metal1,867.1800,271.6050,0.000217
fanout253,VSS,Metal1,802.3800,191.1375,0.000196
fanout252,VSS,Metal1,853.1200,262.6775,0.000559
fanout251,VSS,Metal1,886.7200,282.8375,0.000216
load_slew250,VSS,Metal1,255.3080,271.4940,0.000335
load_slew249,VSS,Metal1,273.7550,150.4495,0.000193
load_slew248,VSS,Metal1,308.5080,221.0940,0.000265
fanout247,VSS,Metal1,899.2600,121.3425,0.000171
fanout246,VSS,Metal1,819.5800,140.5650,0.000403
fanout245,VSS,Metal1,847.7400,131.4225,0.000169
fanout244,VSS,Metal1,920.3200,121.5575,0.000154
fanout243,VSS,Metal1,900.1600,212.2775,0.000245
fanout242,VSS,Metal1,909.6800,101.3975,0.000119
fanout241,VSS,Metal1,897.9200,171.9575,0.000136
fanout240,VSS,Metal1,909.1800,161.8350,0.000202
fanout239,VSS,Metal1,948.9400,202.1550,0.000153
fanout238,VSS,Metal1,747.5480,261.3340,0.000454
fanout237,VSS,Metal1,336.8600,50.9550,0.000149
fanout236,VSS,Metal1,330.1400,30.7950,0.000222
fanout235,VSS,Metal1,604.7480,242.6660,0.000172
fanout234,VSS,Metal1,607.9850,241.0915,0.000172
fanout233,VSS,Metal1,357.5800,190.9650,0.000313
fanout232,VSS,Metal1,752.0730,242.5205,0.000123
fanout231,VSS,Metal1,975.2600,262.6350,0.000659
fanout230,VSS,Metal1,469.6650,232.6680,0.000327
fanout229,VSS,Metal1,783.9480,79.8940,0.000189
fanout228,VSS,Metal1,343.1050,150.3715,0.000156
fanout227,VSS,Metal1,372.2250,150.3715,0.000174
fanout226,VSS,Metal1,627.7530,281.6390,0.000298
fanout225,VSS,Metal1,399.0200,30.7950,0.000280
fanout224,VSS,Metal1,304.0730,20.7605,0.000027
fanout223,VSS,Metal1,521.2000,261.3040,0.000246
fanout222,VSS,Metal1,795.6000,281.4640,0.000203
fanout221,VSS,Metal1,794.5880,182.1860,0.000086
fanout220,VSS,Metal1,753.1480,202.3460,0.000155
fanout219,VSS,Metal1,736.9080,192.2660,0.000199
fanout218,VSS,Metal1,571.5850,200.7715,0.000172
max_cap45,VSS,Metal1,383.4400,210.9040,0.000218
ANTENNA_3,VSS,Metal1,817.6000,554.4000,0.000210
ANTENNA_2,VSS,Metal1,607.0400,90.7200,0.000153
ANTENNA_1,VSS,Metal1,370.1600,322.5600,0.000274
rebuffer217,VSS,Metal1,401.3835,273.0415,0.000255
rebuffer216,VSS,Metal1,964.1835,442.6380,0.000407
rebuffer215,VSS,Metal1,275.3835,293.2015,0.000380
clone214,VSS,Metal1,1022.7600,634.5800,0.000895
clone213,VSS,Metal1,351.3730,272.6500,0.000253
rebuffer212,VSS,Metal1,517.8635,686.3215,0.000395
clone211,VSS,Metal1,514.6930,886.5055,0.000033
delaybuf_3_core_clk,VSS,Metal1,362.7970,696.3155,0.001122
delaybuf_2_core_clk,VSS,Metal1,277.1170,696.3155,0.000997
delaybuf_1_core_clk,VSS,Metal1,188.0770,1087.8440,0.000347
delaybuf_0_core_clk,VSS,Metal1,101.2770,1087.8440,0.000484
clkload87,VSS,Metal1,984.3565,533.5930,0.000928
clkload86,VSS,Metal1,942.4280,493.2540,0.000569
clkload85,VSS,Metal1,860.0100,523.4550,0.000316
clkload84,VSS,Metal1,903.3330,604.1530,0.000634
clkload83,VSS,Metal1,1042.2130,605.4465,0.001176
clkload82,VSS,Metal1,1004.8200,685.0060,0.000441
clkload81,VSS,Metal1,999.7800,785.8060,0.000351
clkload80,VSS,Metal1,1043.7880,837.3060,0.000225
clkload79,VSS,Metal1,1028.7730,958.2465,0.000291
clkload78,VSS,Metal1,745.8680,513.4140,0.000336
clkload77,VSS,Metal1,646.6500,615.5850,0.000416
clkload76,VSS,Metal1,718.1000,604.3660,0.000430
clkload75,VSS,Metal1,784.7400,614.4460,0.000428
clkload74,VSS,Metal1,804.3400,685.8735,0.000460
clkload73,VSS,Metal1,650.0100,1077.8550,0.000167
clkload72,VSS,Metal1,619.7700,676.0650,0.000271
clkload71,VSS,Metal1,825.3880,221.0940,0.000316
clkload70,VSS,Metal1,874.0365,150.5530,0.000420
clkload69,VSS,Metal1,999.4500,61.1850,0.000150
clkload68,VSS,Metal1,1038.1165,140.4730,0.000417
clkload67,VSS,Metal1,1047.3800,251.5660,0.000742
clkload66,VSS,Metal1,940.9800,241.4860,0.000067
clkload65,VSS,Metal1,891.1400,302.8335,0.000536
clkload64,VSS,Metal1,960.5800,353.2335,0.000428
clkload63,VSS,Metal1,1048.9330,333.1230,0.000407
clkload62,VSS,Metal1,1003.0130,413.7630,0.000479
clkload61,VSS,Metal1,879.1480,424.0260,0.000740
clkload60,VSS,Metal1,820.5800,332.2060,0.000398
clkload59,VSS,Metal1,610.8100,444.2250,0.000314
clkload58,VSS,Metal1,588.9700,342.0150,0.000238
clkload57,VSS,Metal1,669.8130,352.1530,0.000449
clkload56,VSS,Metal1,754.8280,272.8260,0.000226
clkload55,VSS,Metal1,662.6600,231.3550,0.000134
clkload54,VSS,Metal1,579.6530,222.4065,0.000433
clkload53,VSS,Metal1,628.1965,140.4730,0.000235
clkload52,VSS,Metal1,592.3565,49.7530,0.000060
clkload51,VSS,Metal1,665.1565,90.0730,0.000156
clkload50,VSS,Metal1,762.0365,59.8330,0.000336
clkload49,VSS,Metal1,761.6530,150.5530,0.000386
clkload48,VSS,Metal1,776.6680,413.9460,0.000355
clkload47,VSS,Metal1,529.6100,484.5450,0.000420
clkload46,VSS,Metal1,487.0500,704.8950,0.000208
clkload45,VSS,Metal1,503.8330,916.5570,0.000292
clkload44,VSS,Metal1,490.9700,1087.9350,0.000275
clkload43,VSS,Metal1,334.9330,674.7130,0.000423
clkload42,VSS,Metal1,317.0130,594.0730,0.000337
clkload41,VSS,Metal1,401.7000,624.5260,0.000302
clkload40,VSS,Metal1,460.9330,585.2865,0.000361
clkload39,VSS,Metal1,451.5400,514.5135,0.000270
clkload38,VSS,Metal1,323.3000,533.8060,0.000494
clkload37,VSS,Metal1,34.5530,1059.1225,0.000112
clkload36,VSS,Metal1,18.4280,968.3460,0.000088
clkload35,VSS,Metal1,16.1880,805.7340,0.000120
clkload34,VSS,Metal1,75.0930,674.7130,0.000328
clkload33,VSS,Metal1,31.8680,635.7060,0.000199
clkload32,VSS,Metal1,100.1165,595.3665,0.000586
clkload31,VSS,Metal1,194.7300,585.3450,0.000387
clkload30,VSS,Metal1,246.2765,503.3530,0.000521
clkload29,VSS,Metal1,162.2765,494.5665,0.000381
clkload28,VSS,Metal1,36.5800,493.4860,0.000216
clkload27,VSS,Metal1,336.4100,182.1450,0.000131
clkload26,VSS,Metal1,316.8100,90.0690,0.000255
clkload25,VSS,Metal1,394.8530,79.9930,0.000343
clkload24,VSS,Metal1,470.8100,51.0505,0.000074
clkload23,VSS,Metal1,507.2100,120.2550,0.000305
clkload22,VSS,Metal1,504.4100,210.9750,0.000297
clkload21,VSS,Metal1,437.3080,232.5060,0.000335
clkload20,VSS,Metal1,368.3565,262.7265,0.000245
clkload19,VSS,Metal1,469.7880,311.8140,0.000572
clkload18,VSS,Metal1,486.4900,412.5750,0.000545
clkload17,VSS,Metal1,330.0200,443.9535,0.000282
clkload16,VSS,Metal1,324.6765,373.6065,0.000221
clkload15,VSS,Metal1,37.5730,100.1530,0.000506
clkload14,VSS,Metal1,140.6130,91.2030,0.000369
clkload13,VSS,Metal1,227.8680,121.6260,0.000186
clkload12,VSS,Metal1,226.9800,191.9535,0.000452
clkload11,VSS,Metal1,215.6530,402.7165,0.000449
clkload10,VSS,Metal1,75.0930,413.7630,0.000458
clkload9,VSS,Metal1,56.0530,323.2065,0.000462
clkload8,VSS,Metal1,140.1800,363.3135,0.000571
clkload7,VSS,Metal1,205.7000,291.8860,0.000424
clkload6,VSS,Metal1,158.6600,232.2735,0.000437
clkload5,VSS,Metal1,109.3800,252.4335,0.000535
clkload4,VSS,Metal1,30.4200,232.2735,0.000443
clkload3,VSS,Metal1,77.4600,170.9260,0.000501
clkload2,VSS,Metal1,717.1800,645.9005,0.000276
clkload1,VSS,Metal1,410.3950,645.8700,0.000235
clkload0,VSS,Metal1,390.7950,261.3295,0.000249
clkbuf_3_7__f_clk_regs,VSS,Metal1,965.3570,654.4040,0.000721
clkbuf_3_6__f_clk_regs,VSS,Metal1,717.2770,655.9955,0.000795
clkbuf_3_5__f_clk_regs,VSS,Metal1,904.3170,262.8755,0.000658
clkbuf_3_4__f_clk_regs,VSS,Metal1,697.6770,251.2040,0.000576
clkbuf_3_3__f_clk_regs,VSS,Metal1,421.0370,654.4040,0.000735
clkbuf_3_2__f_clk_regs,VSS,Metal1,159.5170,655.9955,0.000649
clkbuf_3_1__f_clk_regs,VSS,Metal1,403.6770,252.7955,0.000498
clkbuf_3_0__f_clk_regs,VSS,Metal1,206.5570,252.7955,0.000555
clkbuf_2_3_0_clk_regs,VSS,Metal1,833.7550,625.7100,0.000491
clkbuf_2_2_0_clk_regs,VSS,Metal1,782.7950,311.7295,0.000416
clkbuf_2_1_0_clk_regs,VSS,Metal1,277.1150,635.7900,0.000380
clkbuf_2_0_0_clk_regs,VSS,Metal1,302.3150,331.8895,0.000438
clkbuf_0_clk_regs,VSS,Metal1,551.5170,565.2755,0.000635
clkbuf_leaf_97_clk_regs,VSS,Metal1,38.5550,101.5500,0.000506
clkbuf_leaf_96_clk_regs,VSS,Metal1,152.7950,91.4700,0.000368
clkbuf_leaf_95_clk_regs,VSS,Metal1,233.4350,51.1500,0.000277
clkbuf_leaf_94_clk_regs,VSS,Metal1,231.1950,131.7900,0.000366
clkbuf_leaf_93_clk_regs,VSS,Metal1,236.7950,192.2700,0.000452
clkbuf_leaf_92_clk_regs,VSS,Metal1,340.9550,190.7695,0.000332
clkbuf_leaf_91_clk_regs,VSS,Metal1,323.0350,81.3900,0.000293
clkbuf_leaf_90_clk_regs,VSS,Metal1,398.6350,81.3900,0.000343
clkbuf_leaf_89_clk_regs,VSS,Metal1,485.9950,59.7295,0.000251
clkbuf_leaf_88_clk_regs,VSS,Metal1,511.7550,121.7100,0.000305
clkbuf_leaf_87_clk_regs,VSS,Metal1,519.5950,212.4300,0.000300
clkbuf_leaf_86_clk_regs,VSS,Metal1,449.5950,232.5900,0.000335
clkbuf_leaf_85_clk_regs,VSS,Metal1,387.9950,282.9900,0.000422
clkbuf_leaf_84_clk_regs,VSS,Metal1,417.6750,362.1295,0.000566
clkbuf_leaf_83_clk_regs,VSS,Metal1,473.1150,313.2300,0.000572
clkbuf_leaf_82_clk_regs,VSS,Metal1,489.3550,414.0300,0.000545
clkbuf_leaf_81_clk_regs,VSS,Metal1,534.1550,483.0895,0.000420
clkbuf_leaf_80_clk_regs,VSS,Metal1,623.1950,452.8495,0.000303
clkbuf_leaf_79_clk_regs,VSS,Metal1,593.5150,333.3900,0.000454
clkbuf_leaf_78_clk_regs,VSS,Metal1,681.9950,352.0495,0.000502
clkbuf_leaf_77_clk_regs,VSS,Metal1,723.9950,333.3900,0.000591
clkbuf_leaf_76_clk_regs,VSS,Metal1,758.1550,262.8300,0.000455
clkbuf_leaf_75_clk_regs,VSS,Metal1,662.3950,222.5100,0.000412
clkbuf_leaf_74_clk_regs,VSS,Metal1,590.7150,222.5100,0.000433
clkbuf_leaf_73_clk_regs,VSS,Metal1,625.9950,150.4495,0.000361
clkbuf_leaf_72_clk_regs,VSS,Metal1,605.2750,61.2300,0.000350
clkbuf_leaf_71_clk_regs,VSS,Metal1,670.7950,81.3900,0.000322
clkbuf_leaf_70_clk_regs,VSS,Metal1,758.1550,61.2300,0.000336
clkbuf_leaf_69_clk_regs,VSS,Metal1,763.1950,151.9500,0.000386
clkbuf_leaf_68_clk_regs,VSS,Metal1,830.3950,212.4300,0.000284
clkbuf_leaf_67_clk_regs,VSS,Metal1,879.6750,140.3695,0.000454
clkbuf_leaf_66_clk_regs,VSS,Metal1,891.4350,69.8095,0.000480
clkbuf_leaf_65_clk_regs,VSS,Metal1,998.3950,69.8095,0.000610
clkbuf_leaf_64_clk_regs,VSS,Metal1,1048.2350,150.4495,0.000969
clkbuf_leaf_63_clk_regs,VSS,Metal1,1057.1950,251.2495,0.000764
clkbuf_leaf_62_clk_regs,VSS,Metal1,946.3150,232.5900,0.000380
clkbuf_leaf_61_clk_regs,VSS,Metal1,885.2750,311.7295,0.000606
clkbuf_leaf_60_clk_regs,VSS,Metal1,967.0350,341.9695,0.000447
clkbuf_leaf_59_clk_regs,VSS,Metal1,1057.7550,323.3100,0.000970
clkbuf_leaf_58_clk_regs,VSS,Metal1,1015.1950,414.0300,0.000479
clkbuf_leaf_57_clk_regs,VSS,Metal1,1056.0750,474.5100,0.001043
clkbuf_leaf_56_clk_regs,VSS,Metal1,998.3950,534.9900,0.000991
clkbuf_leaf_55_clk_regs,VSS,Metal1,941.2750,494.6700,0.000569
clkbuf_leaf_54_clk_regs,VSS,Metal1,864.5550,514.8300,0.000451
clkbuf_leaf_53_clk_regs,VSS,Metal1,882.4750,422.6095,0.000740
clkbuf_leaf_52_clk_regs,VSS,Metal1,821.9950,341.9695,0.000469
clkbuf_leaf_51_clk_regs,VSS,Metal1,774.9550,422.6095,0.000455
clkbuf_leaf_50_clk_regs,VSS,Metal1,749.1950,504.7500,0.000451
clkbuf_leaf_49_clk_regs,VSS,Metal1,642.7950,523.4095,0.000315
clkbuf_leaf_48_clk_regs,VSS,Metal1,651.1950,614.1295,0.000416
clkbuf_leaf_47_clk_regs,VSS,Metal1,720.6350,605.5500,0.000430
clkbuf_leaf_46_clk_regs,VSS,Metal1,792.3150,615.6300,0.000425
clkbuf_leaf_45_clk_regs,VSS,Metal1,816.3950,684.6895,0.000482
clkbuf_leaf_44_clk_regs,VSS,Metal1,860.0750,635.7900,0.000633
clkbuf_leaf_43_clk_regs,VSS,Metal1,906.5550,595.4700,0.000494
clkbuf_leaf_42_clk_regs,VSS,Metal1,975.9950,625.7100,0.000539
clkbuf_leaf_41_clk_regs,VSS,Metal1,1054.3950,605.5500,0.001180
clkbuf_leaf_40_clk_regs,VSS,Metal1,1019.1150,676.1100,0.000832
clkbuf_leaf_39_clk_regs,VSS,Metal1,1063.3550,756.7500,0.000540
clkbuf_leaf_38_clk_regs,VSS,Metal1,1002.8750,786.9900,0.000351
clkbuf_leaf_37_clk_regs,VSS,Metal1,1043.7550,845.9695,0.000635
clkbuf_leaf_36_clk_regs,VSS,Metal1,1037.0350,956.8495,0.000291
clkbuf_leaf_35_clk_regs,VSS,Metal1,662.3950,1089.3900,0.000350
clkbuf_leaf_34_clk_regs,VSS,Metal1,631.0350,686.1900,0.000444
clkbuf_leaf_33_clk_regs,VSS,Metal1,552.6350,635.7900,0.000360
clkbuf_leaf_32_clk_regs,VSS,Metal1,474.7950,704.8495,0.000229
clkbuf_leaf_31_clk_regs,VSS,Metal1,505.0350,918.0300,0.000292
clkbuf_leaf_30_clk_regs,VSS,Metal1,493.8350,1077.8095,0.000238
clkbuf_leaf_29_clk_regs,VSS,Metal1,36.8750,1077.8095,0.000269
clkbuf_leaf_28_clk_regs,VSS,Metal1,17.2750,956.8495,0.000272
clkbuf_leaf_27_clk_regs,VSS,Metal1,19.5150,785.4895,0.000369
clkbuf_leaf_26_clk_regs,VSS,Metal1,76.0750,686.1900,0.000567
clkbuf_leaf_25_clk_regs,VSS,Metal1,35.1950,625.7100,0.000384
clkbuf_leaf_24_clk_regs,VSS,Metal1,100.7150,593.9695,0.000586
clkbuf_leaf_23_clk_regs,VSS,Metal1,199.2750,575.3100,0.000483
clkbuf_leaf_22_clk_regs,VSS,Metal1,242.3950,655.9500,0.000711
clkbuf_leaf_21_clk_regs,VSS,Metal1,344.8750,674.6095,0.000438
clkbuf_leaf_20_clk_regs,VSS,Metal1,329.1950,585.3900,0.000446
clkbuf_leaf_19_clk_regs,VSS,Metal1,408.1550,614.1295,0.000485
clkbuf_leaf_18_clk_regs,VSS,Metal1,466.3950,575.3100,0.000454
clkbuf_leaf_17_clk_regs,VSS,Metal1,457.9950,533.4895,0.000479
clkbuf_leaf_16_clk_regs,VSS,Metal1,407.5950,493.1695,0.000570
clkbuf_leaf_15_clk_regs,VSS,Metal1,331.9950,534.9900,0.000488
clkbuf_leaf_14_clk_regs,VSS,Metal1,348.7950,454.3500,0.000450
clkbuf_leaf_13_clk_regs,VSS,Metal1,330.3150,382.2895,0.000401
clkbuf_leaf_12_clk_regs,VSS,Metal1,226.7150,402.4495,0.000471
clkbuf_leaf_11_clk_regs,VSS,Metal1,256.3950,503.2495,0.000522
clkbuf_leaf_10_clk_regs,VSS,Metal1,172.3950,493.1695,0.000377
clkbuf_leaf_9_clk_regs,VSS,Metal1,96.2350,523.4095,0.000461
clkbuf_leaf_8_clk_regs,VSS,Metal1,43.0350,474.5100,0.000509
clkbuf_leaf_7_clk_regs,VSS,Metal1,77.1950,422.6095,0.000667
clkbuf_leaf_6_clk_regs,VSS,Metal1,61.5150,331.8895,0.000703
clkbuf_leaf_5_clk_regs,VSS,Metal1,152.7950,353.5500,0.000558
clkbuf_leaf_4_clk_regs,VSS,Metal1,215.5150,291.5695,0.000424
clkbuf_leaf_3_clk_regs,VSS,Metal1,172.3950,221.0095,0.000327
clkbuf_leaf_2_clk_regs,VSS,Metal1,115.8350,242.6700,0.000491
clkbuf_leaf_1_clk_regs,VSS,Metal1,40.2350,232.5900,0.000444
clkbuf_leaf_0_clk_regs,VSS,Metal1,80.5550,162.0300,0.000473
clkbuf_1_1__f_clk,VSS,Metal1,560.4770,696.3155,0.001100
clkbuf_1_0__f_clk,VSS,Metal1,319.1170,696.3155,0.000991
clkbuf_0_clk,VSS,Metal1,442.8770,696.3155,0.001134
clkbuf_regs_0_core_clk,VSS,Metal1,560.4770,555.1955,0.000597
load_slew210,VSS,Metal1,340.3050,311.6515,0.000514
wire209,VSS,Metal1,488.7050,262.9080,0.000211
max_cap208,VSS,Metal1,284.3970,81.4355,0.000276
load_slew207,VSS,Metal1,394.7170,71.3555,0.000158
load_slew206,VSS,Metal1,450.0650,59.6515,0.000240
load_slew205,VSS,Metal1,723.9950,91.4700,0.000159
load_slew204,VSS,Metal1,427.1050,61.3080,0.000237
load_slew203,VSS,Metal1,211.0350,61.2300,0.000253
load_slew202,VSS,Metal1,576.0650,69.7315,0.000188
max_cap201,VSS,Metal1,292.2350,524.9100,0.000193
load_slew200,VSS,Metal1,180.7050,110.0515,0.000172
max_cap199,VSS,Metal1,456.8750,79.8895,0.000306
load_slew198,VSS,Metal1,589.5050,61.3080,0.000348
wire197,VSS,Metal1,733.9850,89.8915,0.000159
max_cap196,VSS,Metal1,497.1950,110.1295,0.000115
max_cap195,VSS,Metal1,364.4000,331.8640,0.000395
wire194,VSS,Metal1,154.9600,383.8160,0.000210
load_slew193,VSS,Metal1,429.9950,372.2095,0.000211
load_slew192,VSS,Metal1,377.3550,432.6895,0.000359
load_slew191,VSS,Metal1,601.9150,464.4300,0.000088
max_cap190,VSS,Metal1,307.9150,553.6495,0.000536
load_slew189,VSS,Metal1,469.7550,504.7500,0.000304
load_slew188,VSS,Metal1,375.6750,604.0495,0.000179
load_slew187,VSS,Metal1,34.6350,704.8495,0.000146
load_slew186,VSS,Metal1,528.4650,645.9480,0.000205
max_cap185,VSS,Metal1,289.9950,484.5900,0.000394
max_cap184,VSS,Metal1,355.5170,545.1155,0.000298
load_slew183,VSS,Metal1,273.1950,593.9695,0.000349
max_cap182,VSS,Metal1,331.4350,565.2300,0.000513
max_cap181,VSS,Metal1,369.4250,565.3080,0.000637
max_cap180,VSS,Metal1,1028.2560,51.1060,0.000082
max_cap179,VSS,Metal1,862.3150,51.1500,0.000034
max_cap178,VSS,Metal1,525.1050,59.6515,0.000320
max_cap177,VSS,Metal1,650.5450,49.5715,0.000049
max_cap176,VSS,Metal1,754.7050,41.1480,0.000249
max_cap175,VSS,Metal1,580.0770,59.6840,0.000348
max_cap174,VSS,Metal1,362.7950,212.4300,0.000209
max_cap173,VSS,Metal1,482.0750,111.6300,0.000112
max_cap172,VSS,Metal1,802.3950,61.2300,0.000262
max_cap171,VSS,Metal1,401.9050,303.2280,0.000280
max_cap170,VSS,Metal1,723.9050,242.7480,0.000130
max_cap169,VSS,Metal1,368.3950,291.5695,0.000342
max_cap168,VSS,Metal1,479.7600,162.0560,0.000103
max_cap167,VSS,Metal1,843.7600,111.6560,0.000123
max_cap166,VSS,Metal1,358.8775,293.1240,0.000342
max_cap165,VSS,Metal1,383.4140,301.4990,0.000280
max_cap164,VSS,Metal1,555.9050,605.6280,0.000286
load_slew163,VSS,Metal1,616.3850,583.8115,0.000244
load_slew162,VSS,Metal1,103.4400,412.5040,0.000468
wire161,VSS,Metal1,21.6800,756.7760,0.000035
wire160,VSS,Metal1,482.5600,392.3440,0.000414
max_cap159,VSS,Metal1,256.9880,101.5460,0.000197
max_cap158,VSS,Metal1,637.7880,151.8660,0.000342
max_cap157,VSS,Metal1,427.1950,91.4700,0.000195
load_slew156,VSS,Metal1,255.2750,89.9695,0.000302
max_cap155,VSS,Metal1,431.0400,89.9440,0.000195
max_cap154,VSS,Metal1,634.3200,81.4160,0.000267
wire153,VSS,Metal1,345.3600,192.2960,0.000332
wire152,VSS,Metal1,329.1200,422.5840,0.000419
wire151,VSS,Metal1,316.2400,403.9760,0.000461
load_slew150,VSS,Metal1,505.5950,414.0300,0.000545
load_slew149,VSS,Metal1,647.1850,351.9715,0.000334
wire148,VSS,Metal1,614.1450,261.2515,0.000275
max_cap147,VSS,Metal1,195.9150,444.2700,0.000213
wire146,VSS,Metal1,472.4800,140.3440,0.000189
max_cap145,VSS,Metal1,822.5550,242.6700,0.000093
max_cap144,VSS,Metal1,343.7550,281.4895,0.000382
max_cap143,VSS,Metal1,464.1550,261.3295,0.000234
max_cap142,VSS,Metal1,353.8680,271.4940,0.000253
max_cap141,VSS,Metal1,430.5550,262.8300,0.000248
wire140,VSS,Metal1,758.0800,251.2240,0.000479
load_slew139,VSS,Metal1,437.1850,242.7480,0.000202
load_slew138,VSS,Metal1,788.3950,212.4300,0.000225
max_cap137,VSS,Metal1,562.6400,192.2960,0.000155
wire136,VSS,Metal1,449.5050,182.2680,0.000142
max_cap135,VSS,Metal1,450.3360,190.8135,0.000228
wire134,VSS,Metal1,234.4800,1087.8640,0.000287
load_slew133,VSS,Metal1,109.1150,160.5295,0.000445
load_slew132,VSS,Metal1,171.8350,151.9500,0.000212
load_slew131,VSS,Metal1,506.6400,252.7760,0.000424
load_slew130,VSS,Metal1,745.3080,241.2540,0.000127
wire129,VSS,Metal1,339.2000,261.3040,0.000237
max_cap128,VSS,Metal1,560.9600,251.2240,0.000404
wire127,VSS,Metal1,419.8250,261.2515,0.000248
wire126,VSS,Metal1,760.3050,180.6115,0.000144
max_cap125,VSS,Metal1,395.8370,232.6355,0.000333
load_slew124,VSS,Metal1,552.0770,252.7955,0.000404
load_slew123,VSS,Metal1,794.7360,242.6260,0.000093
max_cap122,VSS,Metal1,357.7550,262.8300,0.000243
max_cap121,VSS,Metal1,447.3550,241.1695,0.000201
max_cap120,VSS,Metal1,740.7950,232.5900,0.000121
max_cap119,VSS,Metal1,470.7850,152.0280,0.000216
load_slew118,VSS,Metal1,564.3950,241.1695,0.000192
max_cap117,VSS,Metal1,330.8750,464.4300,0.000399
max_cap116,VSS,Metal1,561.0350,363.6300,0.000387
load_slew115,VSS,Metal1,661.7450,372.1315,0.000273
max_cap114,VSS,Metal1,446.1600,271.3840,0.000236
max_cap113,VSS,Metal1,725.0400,231.0640,0.000121
max_cap112,VSS,Metal1,301.2280,583.9740,0.000453
wire111,VSS,Metal1,587.9480,403.8660,0.000313
max_cap110,VSS,Metal1,528.0280,674.6940,0.000316
max_cap109,VSS,Metal1,155.6280,261.4140,0.000261
load_slew108,VSS,Metal1,192.5550,343.4700,0.000298
max_cap107,VSS,Metal1,74.3950,212.4300,0.000285
max_cap106,VSS,Metal1,943.4140,454.5005,0.000223
wire105,VSS,Metal1,869.0370,403.9955,0.000376
load_slew104,VSS,Metal1,767.1170,412.4840,0.000355
load_slew103,VSS,Metal1,764.8000,464.4560,0.000101
max_cap102,VSS,Metal1,927.2775,452.7955,0.000223
wire101,VSS,Metal1,953.5435,484.7215,0.000448
load_slew100,VSS,Metal1,799.2160,545.0260,0.000240
wire99,VSS,Metal1,374.0280,1077.8940,0.000175
max_cap98,VSS,Metal1,384.1080,686.1060,0.000407
max_cap97,VSS,Metal1,685.3880,624.2140,0.000369
max_cap96,VSS,Metal1,517.9175,676.1640,0.000316
max_cap95,VSS,Metal1,571.0140,694.6190,0.001100
max_cap94,VSS,Metal1,503.8400,666.0560,0.000257
max_cap93,VSS,Metal1,640.4800,674.5840,0.000260
max_cap92,VSS,Metal1,767.0400,604.0240,0.000437
max_cap91,VSS,Metal1,508.3200,938.2160,0.000033
load_slew90,VSS,Metal1,455.7550,704.8495,0.000235
wire89,VSS,Metal1,246.9080,313.1460,0.000639
max_cap88,VSS,Metal1,60.9880,192.1860,0.000245
max_cap87,VSS,Metal1,139.3880,131.7060,0.000260
max_cap86,VSS,Metal1,329.1950,231.0895,0.000310
max_cap85,VSS,Metal1,617.5200,190.7440,0.000130
wire84,VSS,Metal1,507.8350,180.6895,0.000161
max_cap83,VSS,Metal1,275.4680,303.0660,0.000400
max_cap82,VSS,Metal1,491.6280,282.9060,0.000337
max_cap81,VSS,Metal1,738.5880,271.4940,0.000230
wire80,VSS,Metal1,391.2800,293.0960,0.000351
load_slew79,VSS,Metal1,394.6400,172.1360,0.000241
max_cap78,VSS,Metal1,390.7950,291.5695,0.000351
max_cap77,VSS,Metal1,722.8000,272.9360,0.000242
max_cap76,VSS,Metal1,326.9550,293.0700,0.000341
max_cap75,VSS,Metal1,498.3150,251.2495,0.000424
max_cap74,VSS,Metal1,731.2000,261.3040,0.000440
load_slew73,VSS,Metal1,327.6960,282.9460,0.000381
max_cap72,VSS,Metal1,571.1170,271.3640,0.000256
max_cap71,VSS,Metal1,321.3550,222.5100,0.000257
max_cap70,VSS,Metal1,629.2800,180.6640,0.000164
wire69,VSS,Metal1,389.0400,281.4640,0.000422
max_cap68,VSS,Metal1,394.0800,160.5040,0.000184
max_cap67,VSS,Metal1,402.4650,262.9080,0.000249
max_cap66,VSS,Metal1,331.9950,414.0300,0.000531
max_cap65,VSS,Metal1,369.5150,412.5295,0.000642
max_cap64,VSS,Metal1,320.7950,434.1900,0.000350
wire63,VSS,Metal1,139.2800,192.2960,0.000369
load_slew62,VSS,Metal1,309.5950,241.1695,0.000241
load_slew61,VSS,Metal1,375.1150,241.1695,0.000222
load_slew60,VSS,Metal1,293.9150,241.1695,0.000254
load_slew59,VSS,Metal1,370.6350,251.2495,0.000475
max_cap58,VSS,Metal1,319.2960,262.7860,0.000237
load_slew57,VSS,Metal1,309.5950,252.7500,0.000417
load_slew56,VSS,Metal1,606.3950,222.5100,0.000432
load_slew55,VSS,Metal1,234.5550,291.5695,0.000414
wire54,VSS,Metal1,737.4350,231.0895,0.000121
wire53,VSS,Metal1,292.7950,261.3295,0.000242
wire52,VSS,Metal1,418.2350,241.1695,0.000206
max_cap51,VSS,Metal1,313.4400,424.1360,0.000423
max_cap50,VSS,Metal1,384.5600,272.9360,0.000255
max_cap49,VSS,Metal1,543.0400,272.9360,0.000252
max_cap48,VSS,Metal1,723.4350,262.8300,0.000437
wire47,VSS,Metal1,484.8000,281.4640,0.000337
max_cap46,VSS,Metal1,720.0000,261.3040,0.000437
max_cap44,VSS,Metal1,504.9450,200.7715,0.000164
max_cap43,VSS,Metal1,554.3150,202.3500,0.000171
max_cap42,VSS,Metal1,372.3150,261.3295,0.000245
max_cap41,VSS,Metal1,701.0350,261.3295,0.000396
load_slew40,VSS,Metal1,306.2680,232.5060,0.000312
wire39,VSS,Metal1,648.8800,212.4560,0.000224
load_slew38,VSS,Metal1,296.6400,39.5440,0.000180
load_slew37,VSS,Metal1,283.3080,232.5060,0.000387
wire36,VSS,Metal1,721.6800,202.3760,0.000167
load_slew35,VSS,Metal1,286.5600,39.5440,0.000183
max_cap34,VSS,Metal1,312.3950,261.3295,0.000237
max_cap33,VSS,Metal1,387.9950,271.4095,0.000255
max_cap32,VSS,Metal1,325.7600,241.1440,0.000238
max_cap31,VSS,Metal1,452.8800,222.5360,0.000303
max_cap30,VSS,Metal1,779.9200,210.9040,0.000225
max_cap29,VSS,Metal1,239.5950,182.1900,0.000166
max_cap28,VSS,Metal1,600.1600,220.9840,0.000432
max_cap27,VSS,Metal1,844.9880,212.3460,0.000280
max_cap26,VSS,Metal1,292.2350,271.4095,0.000302
wire25,VSS,Metal1,784.9600,200.8240,0.000140
max_cap24,VSS,Metal1,564.3200,212.4560,0.000283
wire23,VSS,Metal1,293.2800,79.8640,0.000276
max_cap22,VSS,Metal1,519.5200,222.5360,0.000373
wire21,VSS,Metal1,320.7200,41.0960,0.000170
output20,VSS,Metal1,15.0230,635.5715,0.000199
output19,VSS,Metal1,1077.9030,523.6285,0.000570
output18,VSS,Metal1,1077.9030,594.1885,0.000550
output17,VSS,Metal1,1077.9030,493.3885,0.001013
output16,VSS,Metal1,15.0230,585.1715,0.000403
output15,VSS,Metal1,1076.2230,494.4515,0.001013
output14,VSS,Metal1,15.0230,625.4915,0.000384
output13,VSS,Metal1,1076.2230,534.7715,0.001076
output12,VSS,Metal1,1077.9030,553.8685,0.000348
output11,VSS,Metal1,15.0230,655.7315,0.000446
input10,VSS,Metal1,10.3800,654.6450,0.000446
input9,VSS,Metal1,10.3800,684.8850,0.000500
input8,VSS,Metal1,1083.0330,463.0790,0.000476
input7,VSS,Metal1,1081.3530,444.1205,0.000503
input6,VSS,Metal1,1083.0330,442.9190,0.000503
input5,VSS,Metal1,1081.3530,434.0405,0.000542
input4,VSS,Metal1,1080.1880,474.4260,0.001049
input3,VSS,Metal1,1081.8680,503.3340,0.000502
input2,VSS,Metal1,1081.8680,684.7740,0.000475
input1,VSS,Metal1,1081.8680,533.5740,0.001076
TAP_TAPCELL_ROW_208_3_4968,VSS,Metal1,1071.8265,1069.1790,0.000000
TAP_TAPCELL_ROW_208_3_4967,VSS,Metal1,1032.6265,1069.1790,0.000000
TAP_TAPCELL_ROW_208_3_4966,VSS,Metal1,993.4265,1069.1790,0.000000
TAP_TAPCELL_ROW_208_2_4965,VSS,Metal1,513.5065,1069.1790,0.000033
TAP_TAPCELL_ROW_207_3_4964,VSS,Metal1,1052.2265,1067.7805,0.000000
TAP_TAPCELL_ROW_207_3_4963,VSS,Metal1,1013.0265,1067.7805,0.000000
TAP_TAPCELL_ROW_206_3_4962,VSS,Metal1,1071.8265,1059.0990,0.000000
TAP_TAPCELL_ROW_206_3_4961,VSS,Metal1,1032.6265,1059.0990,0.000000
TAP_TAPCELL_ROW_206_3_4960,VSS,Metal1,993.4265,1059.0990,0.000000
TAP_TAPCELL_ROW_206_2_4959,VSS,Metal1,513.5065,1059.0990,0.000000
TAP_TAPCELL_ROW_205_3_4958,VSS,Metal1,1052.2265,1057.7005,0.000000
TAP_TAPCELL_ROW_205_3_4957,VSS,Metal1,1013.0265,1057.7005,0.000000
TAP_TAPCELL_ROW_204_3_4956,VSS,Metal1,1071.8265,1049.0190,0.000000
TAP_TAPCELL_ROW_204_3_4955,VSS,Metal1,1032.6265,1049.0190,0.000000
TAP_TAPCELL_ROW_204_3_4954,VSS,Metal1,993.4265,1049.0190,0.000000
TAP_TAPCELL_ROW_204_2_4953,VSS,Metal1,513.5065,1049.0190,0.000033
TAP_TAPCELL_ROW_203_3_4952,VSS,Metal1,1052.2265,1047.6205,0.000000
TAP_TAPCELL_ROW_203_3_4951,VSS,Metal1,1013.0265,1047.6205,0.000000
TAP_TAPCELL_ROW_202_3_4950,VSS,Metal1,1071.8265,1038.9390,0.000000
TAP_TAPCELL_ROW_202_3_4949,VSS,Metal1,1032.6265,1038.9390,0.000000
TAP_TAPCELL_ROW_202_3_4948,VSS,Metal1,993.4265,1038.9390,0.000000
TAP_TAPCELL_ROW_202_2_4947,VSS,Metal1,513.5065,1038.9390,0.000065
TAP_TAPCELL_ROW_201_3_4946,VSS,Metal1,1052.2265,1037.5405,0.000000
TAP_TAPCELL_ROW_201_3_4945,VSS,Metal1,1013.0265,1037.5405,0.000000
TAP_TAPCELL_ROW_200_3_4944,VSS,Metal1,1071.8265,1028.8590,0.000000
TAP_TAPCELL_ROW_200_3_4943,VSS,Metal1,1032.6265,1028.8590,0.000000
TAP_TAPCELL_ROW_200_3_4942,VSS,Metal1,993.4265,1028.8590,0.000000
TAP_TAPCELL_ROW_200_2_4941,VSS,Metal1,513.5065,1028.8590,0.000033
TAP_TAPCELL_ROW_199_3_4940,VSS,Metal1,1052.2265,1027.4605,0.000000
TAP_TAPCELL_ROW_199_3_4939,VSS,Metal1,1013.0265,1027.4605,0.000000
TAP_TAPCELL_ROW_198_3_4938,VSS,Metal1,1071.8265,1018.7790,0.000000
TAP_TAPCELL_ROW_198_3_4937,VSS,Metal1,1032.6265,1018.7790,0.000000
TAP_TAPCELL_ROW_198_3_4936,VSS,Metal1,993.4265,1018.7790,0.000000
TAP_TAPCELL_ROW_198_2_4935,VSS,Metal1,513.5065,1018.7790,0.000153
TAP_TAPCELL_ROW_197_3_4934,VSS,Metal1,1052.2265,1017.3805,0.000000
TAP_TAPCELL_ROW_197_3_4933,VSS,Metal1,1013.0265,1017.3805,0.000000
TAP_TAPCELL_ROW_196_3_4932,VSS,Metal1,1071.8265,1008.6990,0.000000
TAP_TAPCELL_ROW_196_3_4931,VSS,Metal1,1032.6265,1008.6990,0.000000
TAP_TAPCELL_ROW_196_3_4930,VSS,Metal1,993.4265,1008.6990,0.000000
TAP_TAPCELL_ROW_196_2_4929,VSS,Metal1,513.5065,1008.6990,0.000033
TAP_TAPCELL_ROW_195_3_4928,VSS,Metal1,1052.2265,1007.3005,0.000000
TAP_TAPCELL_ROW_195_3_4927,VSS,Metal1,1013.0265,1007.3005,0.000000
TAP_TAPCELL_ROW_194_3_4926,VSS,Metal1,1071.8265,998.6190,0.000118
TAP_TAPCELL_ROW_194_3_4925,VSS,Metal1,1032.6265,998.6190,0.000081
TAP_TAPCELL_ROW_194_3_4924,VSS,Metal1,993.4265,998.6190,0.000081
TAP_TAPCELL_ROW_194_2_4923,VSS,Metal1,513.5065,998.6190,0.000066
TAP_TAPCELL_ROW_193_3_4922,VSS,Metal1,1052.2265,997.2205,0.000103
TAP_TAPCELL_ROW_193_3_4921,VSS,Metal1,1013.0265,997.2205,0.000081
TAP_TAPCELL_ROW_192_3_4920,VSS,Metal1,1071.8265,988.5390,0.000185
TAP_TAPCELL_ROW_192_3_4919,VSS,Metal1,1032.6265,988.5390,0.000118
TAP_TAPCELL_ROW_192_3_4918,VSS,Metal1,993.4265,988.5390,0.000119
TAP_TAPCELL_ROW_192_2_4917,VSS,Metal1,513.5065,988.5390,0.000000
TAP_TAPCELL_ROW_191_3_4916,VSS,Metal1,1052.2265,987.1405,0.000147
TAP_TAPCELL_ROW_191_3_4915,VSS,Metal1,1013.0265,987.1405,0.000119
TAP_TAPCELL_ROW_190_3_4914,VSS,Metal1,1071.8265,978.4590,0.000094
TAP_TAPCELL_ROW_190_3_4913,VSS,Metal1,1032.6265,978.4590,0.000066
TAP_TAPCELL_ROW_190_3_4912,VSS,Metal1,993.4265,978.4590,0.000065
TAP_TAPCELL_ROW_190_2_4911,VSS,Metal1,513.5065,978.4590,0.000000
TAP_TAPCELL_ROW_189_3_4910,VSS,Metal1,1052.2265,977.0605,0.000091
TAP_TAPCELL_ROW_189_3_4909,VSS,Metal1,1013.0265,977.0605,0.000065
TAP_TAPCELL_ROW_188_3_4908,VSS,Metal1,1071.8265,968.3790,0.000082
TAP_TAPCELL_ROW_188_3_4907,VSS,Metal1,1032.6265,968.3790,0.000065
TAP_TAPCELL_ROW_188_3_4906,VSS,Metal1,993.4265,968.3790,0.000065
TAP_TAPCELL_ROW_188_2_4905,VSS,Metal1,513.5065,968.3790,0.000079
TAP_TAPCELL_ROW_187_3_4904,VSS,Metal1,1052.2265,966.9805,0.000078
TAP_TAPCELL_ROW_187_3_4903,VSS,Metal1,1013.0265,966.9805,0.000065
TAP_TAPCELL_ROW_186_3_4902,VSS,Metal1,1071.8265,958.2990,0.000300
TAP_TAPCELL_ROW_186_3_4901,VSS,Metal1,1032.6265,958.2990,0.000291
TAP_TAPCELL_ROW_186_3_4900,VSS,Metal1,993.4265,958.2990,0.000291
TAP_TAPCELL_ROW_186_2_4899,VSS,Metal1,513.5065,958.2990,0.000033
TAP_TAPCELL_ROW_185_3_4898,VSS,Metal1,1052.2265,956.9005,0.000294
TAP_TAPCELL_ROW_185_3_4897,VSS,Metal1,1013.0265,956.9005,0.000291
TAP_TAPCELL_ROW_184_3_4896,VSS,Metal1,1071.8265,948.2190,0.000184
TAP_TAPCELL_ROW_184_3_4895,VSS,Metal1,1032.6265,948.2190,0.000159
TAP_TAPCELL_ROW_184_3_4894,VSS,Metal1,993.4265,948.2190,0.000155
TAP_TAPCELL_ROW_184_2_4893,VSS,Metal1,513.5065,948.2190,0.000033
TAP_TAPCELL_ROW_183_3_4892,VSS,Metal1,1052.2265,946.8205,0.000183
TAP_TAPCELL_ROW_183_3_4891,VSS,Metal1,1013.0265,946.8205,0.000155
TAP_TAPCELL_ROW_182_3_4890,VSS,Metal1,1071.8265,938.1390,0.000256
TAP_TAPCELL_ROW_182_3_4889,VSS,Metal1,1032.6265,938.1390,0.000199
TAP_TAPCELL_ROW_182_3_4888,VSS,Metal1,993.4265,938.1390,0.000186
TAP_TAPCELL_ROW_182_2_4887,VSS,Metal1,513.5065,938.1390,0.000033
TAP_TAPCELL_ROW_181_3_4886,VSS,Metal1,1052.2265,936.7405,0.000244
TAP_TAPCELL_ROW_181_3_4885,VSS,Metal1,1013.0265,936.7405,0.000186
TAP_TAPCELL_ROW_180_3_4884,VSS,Metal1,1071.8265,928.0590,0.000110
TAP_TAPCELL_ROW_180_3_4883,VSS,Metal1,1032.6265,928.0590,0.000079
TAP_TAPCELL_ROW_180_3_4882,VSS,Metal1,993.4265,928.0590,0.000065
TAP_TAPCELL_ROW_180_2_4881,VSS,Metal1,513.5065,928.0590,0.000000
TAP_TAPCELL_ROW_179_3_4880,VSS,Metal1,1052.2265,926.6605,0.000108
TAP_TAPCELL_ROW_179_3_4879,VSS,Metal1,1013.0265,926.6605,0.000065
TAP_TAPCELL_ROW_178_3_4878,VSS,Metal1,1071.8265,917.9790,0.000097
TAP_TAPCELL_ROW_178_3_4877,VSS,Metal1,1032.6265,917.9790,0.000068
TAP_TAPCELL_ROW_178_3_4876,VSS,Metal1,993.4265,917.9790,0.000065
TAP_TAPCELL_ROW_178_2_4875,VSS,Metal1,513.5065,917.9790,0.000292
TAP_TAPCELL_ROW_177_3_4874,VSS,Metal1,1052.2265,916.5805,0.000086
TAP_TAPCELL_ROW_177_3_4873,VSS,Metal1,1013.0265,916.5805,0.000065
TAP_TAPCELL_ROW_176_3_4872,VSS,Metal1,1071.8265,907.8990,0.000289
TAP_TAPCELL_ROW_176_3_4871,VSS,Metal1,1032.6265,907.8990,0.000272
TAP_TAPCELL_ROW_176_3_4870,VSS,Metal1,993.4265,907.8990,0.000272
TAP_TAPCELL_ROW_176_2_4869,VSS,Metal1,513.5065,907.8990,0.000066
TAP_TAPCELL_ROW_175_3_4868,VSS,Metal1,1052.2265,906.5005,0.000286
TAP_TAPCELL_ROW_175_3_4867,VSS,Metal1,1013.0265,906.5005,0.000272
TAP_TAPCELL_ROW_174_3_4866,VSS,Metal1,1071.8265,897.8190,0.000084
TAP_TAPCELL_ROW_174_3_4865,VSS,Metal1,1032.6265,897.8190,0.000068
TAP_TAPCELL_ROW_174_3_4864,VSS,Metal1,993.4265,897.8190,0.000065
TAP_TAPCELL_ROW_174_2_4863,VSS,Metal1,513.5065,897.8190,0.000033
TAP_TAPCELL_ROW_173_3_4862,VSS,Metal1,1052.2265,896.4205,0.000081
TAP_TAPCELL_ROW_173_3_4861,VSS,Metal1,1013.0265,896.4205,0.000065
TAP_TAPCELL_ROW_172_3_4860,VSS,Metal1,1071.8265,887.7390,0.000081
TAP_TAPCELL_ROW_172_3_4859,VSS,Metal1,1032.6265,887.7390,0.000070
TAP_TAPCELL_ROW_172_3_4858,VSS,Metal1,993.4265,887.7390,0.000065
TAP_TAPCELL_ROW_172_2_4857,VSS,Metal1,513.5065,887.7390,0.000033
TAP_TAPCELL_ROW_171_3_4856,VSS,Metal1,1052.2265,886.3405,0.000081
TAP_TAPCELL_ROW_171_3_4855,VSS,Metal1,1013.0265,886.3405,0.000065
TAP_TAPCELL_ROW_170_3_4854,VSS,Metal1,1071.8265,877.6590,0.000323
TAP_TAPCELL_ROW_170_3_4853,VSS,Metal1,1032.6265,877.6590,0.000276
TAP_TAPCELL_ROW_170_3_4852,VSS,Metal1,993.4265,877.6590,0.000274
TAP_TAPCELL_ROW_170_2_4851,VSS,Metal1,513.5065,877.6590,0.000066
TAP_TAPCELL_ROW_169_3_4850,VSS,Metal1,1052.2265,876.2605,0.000318
TAP_TAPCELL_ROW_169_3_4849,VSS,Metal1,1013.0265,876.2605,0.000274
TAP_TAPCELL_ROW_168_3_4848,VSS,Metal1,1071.8265,867.5790,0.000203
TAP_TAPCELL_ROW_168_3_4847,VSS,Metal1,1032.6265,867.5790,0.000145
TAP_TAPCELL_ROW_168_3_4846,VSS,Metal1,993.4265,867.5790,0.000141
TAP_TAPCELL_ROW_168_2_4845,VSS,Metal1,513.5065,867.5790,0.000000
TAP_TAPCELL_ROW_167_3_4844,VSS,Metal1,1052.2265,866.1805,0.000201
TAP_TAPCELL_ROW_167_3_4843,VSS,Metal1,1013.0265,866.1805,0.000141
TAP_TAPCELL_ROW_166_3_4842,VSS,Metal1,1071.8265,857.4990,0.000108
TAP_TAPCELL_ROW_166_3_4841,VSS,Metal1,1032.6265,857.4990,0.000102
TAP_TAPCELL_ROW_166_3_4840,VSS,Metal1,993.4265,857.4990,0.000098
TAP_TAPCELL_ROW_166_2_4839,VSS,Metal1,513.5065,857.4990,0.000033
TAP_TAPCELL_ROW_165_3_4838,VSS,Metal1,1052.2265,856.1005,0.000107
TAP_TAPCELL_ROW_165_3_4837,VSS,Metal1,1013.0265,856.1005,0.000098
TAP_TAPCELL_ROW_164_3_4836,VSS,Metal1,1071.8265,847.4190,0.000641
TAP_TAPCELL_ROW_164_3_4835,VSS,Metal1,1032.6265,847.4190,0.000596
TAP_TAPCELL_ROW_164_3_4834,VSS,Metal1,993.4265,847.4190,0.000707
TAP_TAPCELL_ROW_164_2_4833,VSS,Metal1,513.5065,847.4190,0.000066
TAP_TAPCELL_ROW_163_3_4832,VSS,Metal1,1052.2265,846.0205,0.000635
TAP_TAPCELL_ROW_163_3_4831,VSS,Metal1,1013.0265,846.0205,0.000653
TAP_TAPCELL_ROW_162_3_4830,VSS,Metal1,1071.8265,837.3390,0.000227
TAP_TAPCELL_ROW_162_3_4829,VSS,Metal1,1032.6265,837.3390,0.000219
TAP_TAPCELL_ROW_162_3_4828,VSS,Metal1,993.4265,837.3390,0.000232
TAP_TAPCELL_ROW_162_2_4827,VSS,Metal1,513.5065,837.3390,0.000000
TAP_TAPCELL_ROW_161_3_4826,VSS,Metal1,1052.2265,835.9405,0.000225
TAP_TAPCELL_ROW_161_3_4825,VSS,Metal1,1013.0265,835.9405,0.000218
TAP_TAPCELL_ROW_160_3_4824,VSS,Metal1,1071.8265,827.2590,0.000530
TAP_TAPCELL_ROW_160_3_4823,VSS,Metal1,1032.6265,827.2590,0.000409
TAP_TAPCELL_ROW_160_3_4822,VSS,Metal1,993.4265,827.2590,0.000444
TAP_TAPCELL_ROW_160_2_4821,VSS,Metal1,513.5065,827.2590,0.000000
TAP_TAPCELL_ROW_159_3_4820,VSS,Metal1,1052.2265,825.8605,0.000467
TAP_TAPCELL_ROW_159_3_4819,VSS,Metal1,1013.0265,825.8605,0.000438
TAP_TAPCELL_ROW_158_3_4818,VSS,Metal1,1071.8265,817.1790,0.000233
TAP_TAPCELL_ROW_158_3_4817,VSS,Metal1,1032.6265,817.1790,0.000212
TAP_TAPCELL_ROW_158_3_4816,VSS,Metal1,993.4265,817.1790,0.000299
TAP_TAPCELL_ROW_158_2_4815,VSS,Metal1,513.5065,817.1790,0.000000
TAP_TAPCELL_ROW_157_3_4814,VSS,Metal1,1052.2265,815.7805,0.000230
TAP_TAPCELL_ROW_157_3_4813,VSS,Metal1,1013.0265,815.7805,0.000299
TAP_TAPCELL_ROW_156_3_4812,VSS,Metal1,1071.8265,807.0990,0.000142
TAP_TAPCELL_ROW_156_3_4811,VSS,Metal1,1032.6265,807.0990,0.000131
TAP_TAPCELL_ROW_156_3_4810,VSS,Metal1,993.4265,807.0990,0.000141
TAP_TAPCELL_ROW_156_2_4809,VSS,Metal1,513.5065,807.0990,0.000000
TAP_TAPCELL_ROW_155_3_4808,VSS,Metal1,1052.2265,805.7005,0.000140
TAP_TAPCELL_ROW_155_3_4807,VSS,Metal1,1013.0265,805.7005,0.000131
TAP_TAPCELL_ROW_154_3_4806,VSS,Metal1,1071.8265,797.0190,0.000333
TAP_TAPCELL_ROW_154_3_4805,VSS,Metal1,1032.6265,797.0190,0.000313
TAP_TAPCELL_ROW_154_3_4804,VSS,Metal1,993.4265,797.0190,0.000299
TAP_TAPCELL_ROW_154_2_4803,VSS,Metal1,513.5065,797.0190,0.000000
TAP_TAPCELL_ROW_153_3_4802,VSS,Metal1,1052.2265,795.6205,0.000326
TAP_TAPCELL_ROW_153_3_4801,VSS,Metal1,1013.0265,795.6205,0.000298
TAP_TAPCELL_ROW_152_3_4800,VSS,Metal1,1071.8265,786.9390,0.000358
TAP_TAPCELL_ROW_152_3_4799,VSS,Metal1,1032.6265,786.9390,0.000340
TAP_TAPCELL_ROW_152_3_4798,VSS,Metal1,993.4265,786.9390,0.000351
TAP_TAPCELL_ROW_152_2_4797,VSS,Metal1,513.5065,786.9390,0.000033
TAP_TAPCELL_ROW_151_3_4796,VSS,Metal1,1052.2265,785.5405,0.000347
TAP_TAPCELL_ROW_151_3_4795,VSS,Metal1,1013.0265,785.5405,0.000341
TAP_TAPCELL_ROW_150_3_4794,VSS,Metal1,1071.8265,776.8590,0.000382
TAP_TAPCELL_ROW_150_3_4793,VSS,Metal1,1032.6265,776.8590,0.000374
TAP_TAPCELL_ROW_150_3_4792,VSS,Metal1,993.4265,776.8590,0.000394
TAP_TAPCELL_ROW_150_2_4791,VSS,Metal1,513.5065,776.8590,0.000033
TAP_TAPCELL_ROW_149_3_4790,VSS,Metal1,1052.2265,775.4605,0.000379
TAP_TAPCELL_ROW_149_3_4789,VSS,Metal1,1013.0265,775.4605,0.000382
TAP_TAPCELL_ROW_148_3_4788,VSS,Metal1,1071.8265,766.7790,0.000148
TAP_TAPCELL_ROW_148_3_4787,VSS,Metal1,1032.6265,766.7790,0.000131
TAP_TAPCELL_ROW_148_3_4786,VSS,Metal1,993.4265,766.7790,0.000138
TAP_TAPCELL_ROW_148_2_4785,VSS,Metal1,513.5065,766.7790,0.000033
TAP_TAPCELL_ROW_147_3_4784,VSS,Metal1,1052.2265,765.3805,0.000144
TAP_TAPCELL_ROW_147_3_4783,VSS,Metal1,1013.0265,765.3805,0.000138
TAP_TAPCELL_ROW_146_3_4782,VSS,Metal1,1071.8265,756.6990,0.000541
TAP_TAPCELL_ROW_146_3_4781,VSS,Metal1,1032.6265,756.6990,0.000460
TAP_TAPCELL_ROW_146_3_4780,VSS,Metal1,993.4265,756.6990,0.000578
TAP_TAPCELL_ROW_146_2_4779,VSS,Metal1,513.5065,756.6990,0.000000
TAP_TAPCELL_ROW_145_3_4778,VSS,Metal1,1052.2265,755.3005,0.000506
TAP_TAPCELL_ROW_145_3_4777,VSS,Metal1,1013.0265,755.3005,0.000480
TAP_TAPCELL_ROW_144_3_4776,VSS,Metal1,1071.8265,746.6190,0.000178
TAP_TAPCELL_ROW_144_3_4775,VSS,Metal1,1032.6265,746.6190,0.000132
TAP_TAPCELL_ROW_144_3_4774,VSS,Metal1,993.4265,746.6190,0.000145
TAP_TAPCELL_ROW_144_2_4773,VSS,Metal1,513.5065,746.6190,0.000046
TAP_TAPCELL_ROW_143_3_4772,VSS,Metal1,1052.2265,745.2205,0.000150
TAP_TAPCELL_ROW_143_3_4771,VSS,Metal1,1013.0265,745.2205,0.000141
TAP_TAPCELL_ROW_142_3_4770,VSS,Metal1,1071.8265,736.5390,0.000226
TAP_TAPCELL_ROW_142_3_4769,VSS,Metal1,1032.6265,736.5390,0.000215
TAP_TAPCELL_ROW_142_3_4768,VSS,Metal1,993.4265,736.5390,0.000243
TAP_TAPCELL_ROW_142_2_4767,VSS,Metal1,513.5065,736.5390,0.000045
TAP_TAPCELL_ROW_141_3_4766,VSS,Metal1,1052.2265,735.1405,0.000224
TAP_TAPCELL_ROW_141_3_4765,VSS,Metal1,1013.0265,735.1405,0.000239
TAP_TAPCELL_ROW_140_3_4764,VSS,Metal1,1071.8265,726.4590,0.000115
TAP_TAPCELL_ROW_140_3_4763,VSS,Metal1,1032.6265,726.4590,0.000098
TAP_TAPCELL_ROW_140_3_4762,VSS,Metal1,993.4265,726.4590,0.000098
TAP_TAPCELL_ROW_140_2_4761,VSS,Metal1,513.5065,726.4590,0.000033
TAP_TAPCELL_ROW_139_3_4760,VSS,Metal1,1052.2265,725.0605,0.000112
TAP_TAPCELL_ROW_139_3_4759,VSS,Metal1,1013.0265,725.0605,0.000098
TAP_TAPCELL_ROW_138_3_4758,VSS,Metal1,1071.8265,716.3790,0.000140
TAP_TAPCELL_ROW_138_3_4757,VSS,Metal1,1032.6265,716.3790,0.000131
TAP_TAPCELL_ROW_138_3_4756,VSS,Metal1,993.4265,716.3790,0.000142
TAP_TAPCELL_ROW_138_2_4755,VSS,Metal1,513.5065,716.3790,0.000112
TAP_TAPCELL_ROW_137_3_4754,VSS,Metal1,1052.2265,714.9805,0.000131
TAP_TAPCELL_ROW_137_3_4753,VSS,Metal1,1013.0265,714.9805,0.000139
TAP_TAPCELL_ROW_136_3_4752,VSS,Metal1,1071.8265,706.2990,0.000273
TAP_TAPCELL_ROW_136_3_4751,VSS,Metal1,1032.6265,706.2990,0.000230
TAP_TAPCELL_ROW_136_3_4750,VSS,Metal1,993.4265,706.2990,0.000248
TAP_TAPCELL_ROW_136_2_4749,VSS,Metal1,513.5065,706.2990,0.000191
TAP_TAPCELL_ROW_136_1_4748,VSS,Metal1,26.8665,706.2990,0.000143
TAP_TAPCELL_ROW_213_4747,VSS,Metal1,1073.5065,1098.0205,0.000048
TAP_TAPCELL_ROW_213_4746,VSS,Metal1,1054.4665,1098.0205,0.000048
TAP_TAPCELL_ROW_213_4745,VSS,Metal1,1035.4265,1098.0205,0.000048
TAP_TAPCELL_ROW_213_4744,VSS,Metal1,1016.3865,1098.0205,0.000048
TAP_TAPCELL_ROW_213_4743,VSS,Metal1,997.3465,1098.0205,0.000048
TAP_TAPCELL_ROW_213_4742,VSS,Metal1,978.3065,1098.0205,0.000048
TAP_TAPCELL_ROW_213_4741,VSS,Metal1,959.2665,1098.0205,0.000048
TAP_TAPCELL_ROW_213_4740,VSS,Metal1,940.2265,1098.0205,0.000059
TAP_TAPCELL_ROW_213_4739,VSS,Metal1,921.1865,1098.0205,0.000089
TAP_TAPCELL_ROW_213_4738,VSS,Metal1,902.1465,1098.0205,0.000114
TAP_TAPCELL_ROW_213_4737,VSS,Metal1,883.1065,1098.0205,0.000143
TAP_TAPCELL_ROW_213_4736,VSS,Metal1,864.0665,1098.0205,0.000149
TAP_TAPCELL_ROW_213_4735,VSS,Metal1,845.0265,1098.0205,0.000128
TAP_TAPCELL_ROW_213_4734,VSS,Metal1,825.9865,1098.0205,0.000104
TAP_TAPCELL_ROW_213_4733,VSS,Metal1,806.9465,1098.0205,0.000081
TAP_TAPCELL_ROW_213_4732,VSS,Metal1,787.9065,1098.0205,0.000071
TAP_TAPCELL_ROW_213_4731,VSS,Metal1,768.8665,1098.0205,0.000088
TAP_TAPCELL_ROW_213_4730,VSS,Metal1,749.8265,1098.0205,0.000105
TAP_TAPCELL_ROW_213_4729,VSS,Metal1,730.7865,1098.0205,0.000111
TAP_TAPCELL_ROW_213_4728,VSS,Metal1,711.7465,1098.0205,0.000127
TAP_TAPCELL_ROW_213_4727,VSS,Metal1,692.7065,1098.0205,0.000144
TAP_TAPCELL_ROW_213_4726,VSS,Metal1,673.6665,1098.0205,0.000161
TAP_TAPCELL_ROW_213_4725,VSS,Metal1,654.6265,1098.0205,0.000172
TAP_TAPCELL_ROW_213_4724,VSS,Metal1,635.5865,1098.0205,0.000220
TAP_TAPCELL_ROW_213_4723,VSS,Metal1,616.5465,1098.0205,0.000351
TAP_TAPCELL_ROW_213_4722,VSS,Metal1,597.5065,1098.0205,0.000392
TAP_TAPCELL_ROW_213_4721,VSS,Metal1,578.4665,1098.0205,0.000523
TAP_TAPCELL_ROW_213_4720,VSS,Metal1,559.4265,1098.0205,0.000557
TAP_TAPCELL_ROW_213_4719,VSS,Metal1,540.3865,1098.0205,0.000549
TAP_TAPCELL_ROW_213_4718,VSS,Metal1,521.3465,1098.0205,0.000474
TAP_TAPCELL_ROW_213_4717,VSS,Metal1,502.3065,1098.0205,0.000430
TAP_TAPCELL_ROW_213_4716,VSS,Metal1,483.2665,1098.0205,0.000320
TAP_TAPCELL_ROW_213_4715,VSS,Metal1,464.2265,1098.0205,0.000353
TAP_TAPCELL_ROW_213_4714,VSS,Metal1,445.1865,1098.0205,0.000377
TAP_TAPCELL_ROW_213_4713,VSS,Metal1,426.1465,1098.0205,0.000382
TAP_TAPCELL_ROW_213_4712,VSS,Metal1,407.1065,1098.0205,0.000367
TAP_TAPCELL_ROW_213_4711,VSS,Metal1,388.0665,1098.0205,0.000341
TAP_TAPCELL_ROW_213_4710,VSS,Metal1,369.0265,1098.0205,0.000257
TAP_TAPCELL_ROW_213_4709,VSS,Metal1,349.9865,1098.0205,0.000200
TAP_TAPCELL_ROW_213_4708,VSS,Metal1,330.9465,1098.0205,0.000118
TAP_TAPCELL_ROW_213_4707,VSS,Metal1,311.9065,1098.0205,0.000107
TAP_TAPCELL_ROW_213_4706,VSS,Metal1,292.8665,1098.0205,0.000097
TAP_TAPCELL_ROW_213_4705,VSS,Metal1,273.8265,1098.0205,0.000087
TAP_TAPCELL_ROW_213_4704,VSS,Metal1,254.7865,1098.0205,0.000080
TAP_TAPCELL_ROW_213_4703,VSS,Metal1,235.7465,1098.0205,0.000071
TAP_TAPCELL_ROW_213_4702,VSS,Metal1,216.7065,1098.0205,0.000061
TAP_TAPCELL_ROW_213_4701,VSS,Metal1,197.6665,1098.0205,0.000052
TAP_TAPCELL_ROW_213_4700,VSS,Metal1,178.6265,1098.0205,0.000042
TAP_TAPCELL_ROW_213_4699,VSS,Metal1,159.5865,1098.0205,0.000058
TAP_TAPCELL_ROW_213_4698,VSS,Metal1,140.5465,1098.0205,0.000063
TAP_TAPCELL_ROW_213_4697,VSS,Metal1,121.5065,1098.0205,0.000067
TAP_TAPCELL_ROW_213_4696,VSS,Metal1,102.4665,1098.0205,0.000078
TAP_TAPCELL_ROW_213_4695,VSS,Metal1,83.4265,1098.0205,0.000093
TAP_TAPCELL_ROW_213_4694,VSS,Metal1,64.3865,1098.0205,0.000108
TAP_TAPCELL_ROW_213_4693,VSS,Metal1,45.3465,1098.0205,0.000124
TAP_TAPCELL_ROW_213_4692,VSS,Metal1,26.3065,1098.0205,0.000122
TAP_TAPCELL_ROW_212_4691,VSS,Metal1,1085.2665,1089.3390,0.000079
TAP_TAPCELL_ROW_212_4690,VSS,Metal1,1046.0665,1089.3390,0.000079
TAP_TAPCELL_ROW_212_4689,VSS,Metal1,1006.8665,1089.3390,0.000079
TAP_TAPCELL_ROW_212_4688,VSS,Metal1,967.6665,1089.3390,0.000079
TAP_TAPCELL_ROW_212_4687,VSS,Metal1,928.4665,1089.3390,0.000101
TAP_TAPCELL_ROW_212_4686,VSS,Metal1,889.2665,1089.3390,0.000153
TAP_TAPCELL_ROW_212_4685,VSS,Metal1,850.0665,1089.3390,0.000189
TAP_TAPCELL_ROW_212_4684,VSS,Metal1,810.8665,1089.3390,0.000201
TAP_TAPCELL_ROW_212_4683,VSS,Metal1,771.6665,1089.3390,0.000260
TAP_TAPCELL_ROW_212_4682,VSS,Metal1,732.4665,1089.3390,0.000303
TAP_TAPCELL_ROW_212_4681,VSS,Metal1,693.2665,1089.3390,0.000345
TAP_TAPCELL_ROW_212_4680,VSS,Metal1,654.0665,1089.3390,0.000344
TAP_TAPCELL_ROW_212_4679,VSS,Metal1,614.8665,1089.3390,0.000338
TAP_TAPCELL_ROW_212_4678,VSS,Metal1,575.6665,1089.3390,0.000338
TAP_TAPCELL_ROW_212_4677,VSS,Metal1,536.4665,1089.3390,0.000327
TAP_TAPCELL_ROW_212_4676,VSS,Metal1,497.2665,1089.3390,0.000318
TAP_TAPCELL_ROW_212_4675,VSS,Metal1,458.0665,1089.3390,0.000262
TAP_TAPCELL_ROW_212_4674,VSS,Metal1,418.8665,1089.3390,0.000256
TAP_TAPCELL_ROW_212_4673,VSS,Metal1,379.6665,1089.3390,0.000221
TAP_TAPCELL_ROW_212_4672,VSS,Metal1,340.4665,1089.3390,0.000186
TAP_TAPCELL_ROW_212_4671,VSS,Metal1,301.2665,1089.3390,0.000233
TAP_TAPCELL_ROW_212_4670,VSS,Metal1,262.0665,1089.3390,0.000246
TAP_TAPCELL_ROW_212_4669,VSS,Metal1,222.8665,1089.3390,0.000310
TAP_TAPCELL_ROW_212_4668,VSS,Metal1,183.6665,1089.3390,0.000347
TAP_TAPCELL_ROW_212_4667,VSS,Metal1,144.4665,1089.3390,0.000431
TAP_TAPCELL_ROW_212_4666,VSS,Metal1,105.2665,1089.3390,0.000484
TAP_TAPCELL_ROW_212_4665,VSS,Metal1,66.0665,1089.3390,0.000471
TAP_TAPCELL_ROW_212_4664,VSS,Metal1,26.8665,1089.3390,0.000453
TAP_TAPCELL_ROW_211_4663,VSS,Metal1,1065.6665,1087.9405,0.000079
TAP_TAPCELL_ROW_211_4662,VSS,Metal1,1026.4665,1087.9405,0.000079
TAP_TAPCELL_ROW_211_4661,VSS,Metal1,987.2665,1087.9405,0.000079
TAP_TAPCELL_ROW_211_4660,VSS,Metal1,948.0665,1087.9405,0.000079
TAP_TAPCELL_ROW_211_4659,VSS,Metal1,908.8665,1087.9405,0.000125
TAP_TAPCELL_ROW_211_4658,VSS,Metal1,869.6665,1087.9405,0.000173
TAP_TAPCELL_ROW_211_4657,VSS,Metal1,830.4665,1087.9405,0.000189
TAP_TAPCELL_ROW_211_4656,VSS,Metal1,791.2665,1087.9405,0.000210
TAP_TAPCELL_ROW_211_4655,VSS,Metal1,752.0665,1087.9405,0.000262
TAP_TAPCELL_ROW_211_4654,VSS,Metal1,712.8665,1087.9405,0.000341
TAP_TAPCELL_ROW_211_4653,VSS,Metal1,673.6665,1087.9405,0.000349
TAP_TAPCELL_ROW_211_4652,VSS,Metal1,634.4665,1087.9405,0.000336
TAP_TAPCELL_ROW_211_4651,VSS,Metal1,595.2665,1087.9405,0.000338
TAP_TAPCELL_ROW_211_4650,VSS,Metal1,556.0665,1087.9405,0.000333
TAP_TAPCELL_ROW_211_4649,VSS,Metal1,516.8665,1087.9405,0.000325
TAP_TAPCELL_ROW_211_4648,VSS,Metal1,477.6665,1087.9405,0.000258
TAP_TAPCELL_ROW_211_4647,VSS,Metal1,438.4665,1087.9405,0.000257
TAP_TAPCELL_ROW_211_4646,VSS,Metal1,399.2665,1087.9405,0.000241
TAP_TAPCELL_ROW_211_4645,VSS,Metal1,360.0665,1087.9405,0.000211
TAP_TAPCELL_ROW_211_4644,VSS,Metal1,320.8665,1087.9405,0.000201
TAP_TAPCELL_ROW_211_4643,VSS,Metal1,281.6665,1087.9405,0.000239
TAP_TAPCELL_ROW_211_4642,VSS,Metal1,242.4665,1087.9405,0.000281
TAP_TAPCELL_ROW_211_4641,VSS,Metal1,203.2665,1087.9405,0.000343
TAP_TAPCELL_ROW_211_4640,VSS,Metal1,164.0665,1087.9405,0.000378
TAP_TAPCELL_ROW_211_4639,VSS,Metal1,124.8665,1087.9405,0.000472
TAP_TAPCELL_ROW_211_4638,VSS,Metal1,85.6665,1087.9405,0.000483
TAP_TAPCELL_ROW_211_4637,VSS,Metal1,46.4665,1087.9405,0.000468
TAP_TAPCELL_ROW_210_4636,VSS,Metal1,1085.2665,1079.2590,0.000007
TAP_TAPCELL_ROW_210_4635,VSS,Metal1,1046.0665,1079.2590,0.000007
TAP_TAPCELL_ROW_210_4634,VSS,Metal1,1006.8665,1079.2590,0.000010
TAP_TAPCELL_ROW_210_4633,VSS,Metal1,967.6665,1079.2590,0.000019
TAP_TAPCELL_ROW_210_4632,VSS,Metal1,928.4665,1079.2590,0.000031
TAP_TAPCELL_ROW_210_4631,VSS,Metal1,889.2665,1079.2590,0.000049
TAP_TAPCELL_ROW_210_4630,VSS,Metal1,850.0665,1079.2590,0.000103
TAP_TAPCELL_ROW_210_4629,VSS,Metal1,810.8665,1079.2590,0.000093
TAP_TAPCELL_ROW_210_4628,VSS,Metal1,771.6665,1079.2590,0.000113
TAP_TAPCELL_ROW_210_4627,VSS,Metal1,732.4665,1079.2590,0.000153
TAP_TAPCELL_ROW_210_4626,VSS,Metal1,693.2665,1079.2590,0.000168
TAP_TAPCELL_ROW_210_4625,VSS,Metal1,654.0665,1079.2590,0.000168
TAP_TAPCELL_ROW_210_4624,VSS,Metal1,614.8665,1079.2590,0.000175
TAP_TAPCELL_ROW_210_4623,VSS,Metal1,575.6665,1079.2590,0.000194
TAP_TAPCELL_ROW_210_4622,VSS,Metal1,536.4665,1079.2590,0.000193
TAP_TAPCELL_ROW_210_4621,VSS,Metal1,497.2665,1079.2590,0.000238
TAP_TAPCELL_ROW_210_4620,VSS,Metal1,458.0665,1079.2590,0.000243
TAP_TAPCELL_ROW_210_4619,VSS,Metal1,418.8665,1079.2590,0.000216
TAP_TAPCELL_ROW_210_4618,VSS,Metal1,379.6665,1079.2590,0.000182
TAP_TAPCELL_ROW_210_4617,VSS,Metal1,340.4665,1079.2590,0.000117
TAP_TAPCELL_ROW_210_4616,VSS,Metal1,301.2665,1079.2590,0.000108
TAP_TAPCELL_ROW_210_4615,VSS,Metal1,262.0665,1079.2590,0.000097
TAP_TAPCELL_ROW_210_4614,VSS,Metal1,222.8665,1079.2590,0.000090
TAP_TAPCELL_ROW_210_4613,VSS,Metal1,183.6665,1079.2590,0.000083
TAP_TAPCELL_ROW_210_4612,VSS,Metal1,144.4665,1079.2590,0.000142
TAP_TAPCELL_ROW_210_4611,VSS,Metal1,105.2665,1079.2590,0.000182
TAP_TAPCELL_ROW_210_4610,VSS,Metal1,66.0665,1079.2590,0.000259
TAP_TAPCELL_ROW_210_4609,VSS,Metal1,26.8665,1079.2590,0.000255
TAP_TAPCELL_ROW_209_4608,VSS,Metal1,1073.5065,1077.8605,0.000007
TAP_TAPCELL_ROW_209_4607,VSS,Metal1,1054.4665,1077.8605,0.000007
TAP_TAPCELL_ROW_209_4606,VSS,Metal1,1035.4265,1077.8605,0.000007
TAP_TAPCELL_ROW_209_4605,VSS,Metal1,1016.3865,1077.8605,0.000009
TAP_TAPCELL_ROW_209_4604,VSS,Metal1,997.3465,1077.8605,0.000012
TAP_TAPCELL_ROW_209_4603,VSS,Metal1,978.3065,1077.8605,0.000018
TAP_TAPCELL_ROW_209_4602,VSS,Metal1,959.2665,1077.8605,0.000020
TAP_TAPCELL_ROW_209_4601,VSS,Metal1,940.2265,1077.8605,0.000025
TAP_TAPCELL_ROW_209_4600,VSS,Metal1,921.1865,1077.8605,0.000035
TAP_TAPCELL_ROW_209_4599,VSS,Metal1,902.1465,1077.8605,0.000041
TAP_TAPCELL_ROW_209_4598,VSS,Metal1,883.1065,1077.8605,0.000064
TAP_TAPCELL_ROW_209_4597,VSS,Metal1,864.0665,1077.8605,0.000105
TAP_TAPCELL_ROW_209_4596,VSS,Metal1,845.0265,1077.8605,0.000102
TAP_TAPCELL_ROW_209_4595,VSS,Metal1,825.9865,1077.8605,0.000098
TAP_TAPCELL_ROW_209_4594,VSS,Metal1,806.9465,1077.8605,0.000091
TAP_TAPCELL_ROW_209_4593,VSS,Metal1,787.9065,1077.8605,0.000096
TAP_TAPCELL_ROW_209_4592,VSS,Metal1,768.8665,1077.8605,0.000116
TAP_TAPCELL_ROW_209_4591,VSS,Metal1,749.8265,1077.8605,0.000150
TAP_TAPCELL_ROW_209_4590,VSS,Metal1,730.7865,1077.8605,0.000154
TAP_TAPCELL_ROW_209_4589,VSS,Metal1,711.7465,1077.8605,0.000167
TAP_TAPCELL_ROW_209_4588,VSS,Metal1,692.7065,1077.8605,0.000168
TAP_TAPCELL_ROW_209_4587,VSS,Metal1,673.6665,1077.8605,0.000170
TAP_TAPCELL_ROW_209_4586,VSS,Metal1,654.6265,1077.8605,0.000168
TAP_TAPCELL_ROW_209_4585,VSS,Metal1,635.5865,1077.8605,0.000168
TAP_TAPCELL_ROW_209_4584,VSS,Metal1,616.5465,1077.8605,0.000173
TAP_TAPCELL_ROW_209_4583,VSS,Metal1,597.5065,1077.8605,0.000190
TAP_TAPCELL_ROW_209_4582,VSS,Metal1,578.4665,1077.8605,0.000193
TAP_TAPCELL_ROW_209_4581,VSS,Metal1,559.4265,1077.8605,0.000198
TAP_TAPCELL_ROW_209_4580,VSS,Metal1,540.3865,1077.8605,0.000194
TAP_TAPCELL_ROW_209_4579,VSS,Metal1,521.3465,1077.8605,0.000192
TAP_TAPCELL_ROW_209_4578,VSS,Metal1,502.3065,1077.8605,0.000213
TAP_TAPCELL_ROW_209_4577,VSS,Metal1,483.2665,1077.8605,0.000238
TAP_TAPCELL_ROW_209_4576,VSS,Metal1,464.2265,1077.8605,0.000245
TAP_TAPCELL_ROW_209_4575,VSS,Metal1,445.1865,1077.8605,0.000235
TAP_TAPCELL_ROW_209_4574,VSS,Metal1,426.1465,1077.8605,0.000218
TAP_TAPCELL_ROW_209_4573,VSS,Metal1,407.1065,1077.8605,0.000216
TAP_TAPCELL_ROW_209_4572,VSS,Metal1,388.0665,1077.8605,0.000214
TAP_TAPCELL_ROW_209_4571,VSS,Metal1,369.0265,1077.8605,0.000170
TAP_TAPCELL_ROW_209_4570,VSS,Metal1,349.9865,1077.8605,0.000134
TAP_TAPCELL_ROW_209_4569,VSS,Metal1,330.9465,1077.8605,0.000111
TAP_TAPCELL_ROW_209_4568,VSS,Metal1,311.9065,1077.8605,0.000110
TAP_TAPCELL_ROW_209_4567,VSS,Metal1,292.8665,1077.8605,0.000107
TAP_TAPCELL_ROW_209_4566,VSS,Metal1,273.8265,1077.8605,0.000100
TAP_TAPCELL_ROW_209_4565,VSS,Metal1,254.7865,1077.8605,0.000095
TAP_TAPCELL_ROW_209_4564,VSS,Metal1,235.7465,1077.8605,0.000092
TAP_TAPCELL_ROW_209_4563,VSS,Metal1,216.7065,1077.8605,0.000086
TAP_TAPCELL_ROW_209_4562,VSS,Metal1,197.6665,1077.8605,0.000085
TAP_TAPCELL_ROW_209_4561,VSS,Metal1,178.6265,1077.8605,0.000083
TAP_TAPCELL_ROW_209_4560,VSS,Metal1,159.5865,1077.8605,0.000111
TAP_TAPCELL_ROW_209_4559,VSS,Metal1,140.5465,1077.8605,0.000143
TAP_TAPCELL_ROW_209_4558,VSS,Metal1,121.5065,1077.8605,0.000158
TAP_TAPCELL_ROW_209_4557,VSS,Metal1,102.4665,1077.8605,0.000188
TAP_TAPCELL_ROW_209_4556,VSS,Metal1,83.4265,1077.8605,0.000232
TAP_TAPCELL_ROW_209_4555,VSS,Metal1,64.3865,1077.8605,0.000264
TAP_TAPCELL_ROW_209_4554,VSS,Metal1,45.3465,1077.8605,0.000269
TAP_TAPCELL_ROW_209_4553,VSS,Metal1,26.3065,1077.8605,0.000254
TAP_TAPCELL_ROW_208_1_4552,VSS,Metal1,26.8665,1069.1790,0.000033
TAP_TAPCELL_ROW_206_1_4551,VSS,Metal1,26.8665,1059.0990,0.000111
TAP_TAPCELL_ROW_204_1_4550,VSS,Metal1,26.8665,1049.0190,0.000065
TAP_TAPCELL_ROW_202_1_4549,VSS,Metal1,26.8665,1038.9390,0.000033
TAP_TAPCELL_ROW_200_1_4548,VSS,Metal1,26.8665,1028.8590,0.000033
TAP_TAPCELL_ROW_198_1_4547,VSS,Metal1,26.8665,1018.7790,0.000065
TAP_TAPCELL_ROW_196_1_4546,VSS,Metal1,26.8665,1008.6990,0.000033
TAP_TAPCELL_ROW_194_1_4545,VSS,Metal1,26.8665,998.6190,0.000066
TAP_TAPCELL_ROW_192_1_4544,VSS,Metal1,26.8665,988.5390,0.000033
TAP_TAPCELL_ROW_190_1_4543,VSS,Metal1,26.8665,978.4590,0.000066
TAP_TAPCELL_ROW_188_1_4542,VSS,Metal1,26.8665,968.3790,0.000087
TAP_TAPCELL_ROW_186_1_4541,VSS,Metal1,26.8665,958.2990,0.000267
TAP_TAPCELL_ROW_184_1_4540,VSS,Metal1,26.8665,948.2190,0.000321
TAP_TAPCELL_ROW_182_1_4539,VSS,Metal1,26.8665,938.1390,0.000065
TAP_TAPCELL_ROW_180_1_4538,VSS,Metal1,26.8665,928.0590,0.000065
TAP_TAPCELL_ROW_178_1_4537,VSS,Metal1,26.8665,917.9790,0.000033
TAP_TAPCELL_ROW_176_1_4536,VSS,Metal1,26.8665,907.8990,0.000130
TAP_TAPCELL_ROW_174_1_4535,VSS,Metal1,26.8665,897.8190,0.000033
TAP_TAPCELL_ROW_172_1_4534,VSS,Metal1,26.8665,887.7390,0.000065
TAP_TAPCELL_ROW_170_1_4533,VSS,Metal1,26.8665,877.6590,0.000033
TAP_TAPCELL_ROW_168_1_4532,VSS,Metal1,26.8665,867.5790,0.000066
TAP_TAPCELL_ROW_166_1_4531,VSS,Metal1,26.8665,857.4990,0.000066
TAP_TAPCELL_ROW_164_1_4530,VSS,Metal1,26.8665,847.4190,0.000079
TAP_TAPCELL_ROW_162_1_4529,VSS,Metal1,26.8665,837.3390,0.000066
TAP_TAPCELL_ROW_160_1_4528,VSS,Metal1,26.8665,827.2590,0.000159
TAP_TAPCELL_ROW_158_1_4527,VSS,Metal1,26.8665,817.1790,0.000033
TAP_TAPCELL_ROW_156_1_4526,VSS,Metal1,26.8665,807.0990,0.000120
TAP_TAPCELL_ROW_154_1_4525,VSS,Metal1,26.8665,797.0190,0.000065
TAP_TAPCELL_ROW_152_1_4524,VSS,Metal1,26.8665,786.9390,0.000370
TAP_TAPCELL_ROW_150_1_4523,VSS,Metal1,26.8665,776.8590,0.000066
TAP_TAPCELL_ROW_148_1_4522,VSS,Metal1,26.8665,766.7790,0.000033
TAP_TAPCELL_ROW_146_1_4521,VSS,Metal1,26.8665,756.6990,0.000036
TAP_TAPCELL_ROW_144_1_4520,VSS,Metal1,26.8665,746.6190,0.000066
TAP_TAPCELL_ROW_142_1_4519,VSS,Metal1,26.8665,736.5390,0.000066
TAP_TAPCELL_ROW_140_1_4518,VSS,Metal1,26.8665,726.4590,0.000066
TAP_TAPCELL_ROW_138_1_4517,VSS,Metal1,26.8665,716.3790,0.000033
TAP_TAPCELL_ROW_135_4516,VSS,Metal1,1073.5065,704.9005,0.000285
TAP_TAPCELL_ROW_135_4515,VSS,Metal1,1054.4665,704.9005,0.000253
TAP_TAPCELL_ROW_135_4514,VSS,Metal1,1035.4265,704.9005,0.000237
TAP_TAPCELL_ROW_135_4513,VSS,Metal1,1016.3865,704.9005,0.000240
TAP_TAPCELL_ROW_135_4512,VSS,Metal1,997.3465,704.9005,0.000246
TAP_TAPCELL_ROW_135_4511,VSS,Metal1,978.3065,704.9005,0.000252
TAP_TAPCELL_ROW_135_4510,VSS,Metal1,959.2665,704.9005,0.000263
TAP_TAPCELL_ROW_135_4509,VSS,Metal1,940.2265,704.9005,0.000290
TAP_TAPCELL_ROW_135_4508,VSS,Metal1,921.1865,704.9005,0.000375
TAP_TAPCELL_ROW_135_4507,VSS,Metal1,902.1465,704.9005,0.000398
TAP_TAPCELL_ROW_135_4506,VSS,Metal1,883.1065,704.9005,0.000407
TAP_TAPCELL_ROW_135_4505,VSS,Metal1,864.0665,704.9005,0.000405
TAP_TAPCELL_ROW_135_4504,VSS,Metal1,845.0265,704.9005,0.000400
TAP_TAPCELL_ROW_135_4503,VSS,Metal1,825.9865,704.9005,0.000361
TAP_TAPCELL_ROW_135_4502,VSS,Metal1,806.9465,704.9005,0.000337
TAP_TAPCELL_ROW_135_4501,VSS,Metal1,787.9065,704.9005,0.000289
TAP_TAPCELL_ROW_135_4500,VSS,Metal1,768.8665,704.9005,0.000304
TAP_TAPCELL_ROW_135_4499,VSS,Metal1,749.8265,704.9005,0.000300
TAP_TAPCELL_ROW_135_4498,VSS,Metal1,730.7865,704.9005,0.000290
TAP_TAPCELL_ROW_135_4497,VSS,Metal1,711.7465,704.9005,0.000286
TAP_TAPCELL_ROW_135_4496,VSS,Metal1,692.7065,704.9005,0.000273
TAP_TAPCELL_ROW_135_4495,VSS,Metal1,673.6665,704.9005,0.000261
TAP_TAPCELL_ROW_135_4494,VSS,Metal1,654.6265,704.9005,0.000252
TAP_TAPCELL_ROW_135_4493,VSS,Metal1,635.5865,704.9005,0.000258
TAP_TAPCELL_ROW_135_4492,VSS,Metal1,616.5465,704.9005,0.000262
TAP_TAPCELL_ROW_135_4491,VSS,Metal1,597.5065,704.9005,0.000266
TAP_TAPCELL_ROW_135_4490,VSS,Metal1,578.4665,704.9005,0.000269
TAP_TAPCELL_ROW_135_4489,VSS,Metal1,559.4265,704.9005,0.000262
TAP_TAPCELL_ROW_135_4488,VSS,Metal1,540.3865,704.9005,0.000232
TAP_TAPCELL_ROW_135_4487,VSS,Metal1,521.3465,704.9005,0.000195
TAP_TAPCELL_ROW_135_4486,VSS,Metal1,502.3065,704.9005,0.000192
TAP_TAPCELL_ROW_135_4485,VSS,Metal1,483.2665,704.9005,0.000218
TAP_TAPCELL_ROW_135_4484,VSS,Metal1,464.2265,704.9005,0.000234
TAP_TAPCELL_ROW_135_4483,VSS,Metal1,445.1865,704.9005,0.000240
TAP_TAPCELL_ROW_135_4482,VSS,Metal1,426.1465,704.9005,0.000254
TAP_TAPCELL_ROW_135_4481,VSS,Metal1,407.1065,704.9005,0.000269
TAP_TAPCELL_ROW_135_4480,VSS,Metal1,388.0665,704.9005,0.000283
TAP_TAPCELL_ROW_135_4479,VSS,Metal1,369.0265,704.9005,0.000284
TAP_TAPCELL_ROW_135_4478,VSS,Metal1,349.9865,704.9005,0.000269
TAP_TAPCELL_ROW_135_4477,VSS,Metal1,330.9465,704.9005,0.000257
TAP_TAPCELL_ROW_135_4476,VSS,Metal1,311.9065,704.9005,0.000287
TAP_TAPCELL_ROW_135_4475,VSS,Metal1,292.8665,704.9005,0.000295
TAP_TAPCELL_ROW_135_4474,VSS,Metal1,273.8265,704.9005,0.000285
TAP_TAPCELL_ROW_135_4473,VSS,Metal1,254.7865,704.9005,0.000228
TAP_TAPCELL_ROW_135_4472,VSS,Metal1,235.7465,704.9005,0.000216
TAP_TAPCELL_ROW_135_4471,VSS,Metal1,216.7065,704.9005,0.000203
TAP_TAPCELL_ROW_135_4470,VSS,Metal1,197.6665,704.9005,0.000190
TAP_TAPCELL_ROW_135_4469,VSS,Metal1,178.6265,704.9005,0.000141
TAP_TAPCELL_ROW_135_4468,VSS,Metal1,159.5865,704.9005,0.000155
TAP_TAPCELL_ROW_135_4467,VSS,Metal1,140.5465,704.9005,0.000167
TAP_TAPCELL_ROW_135_4466,VSS,Metal1,121.5065,704.9005,0.000180
TAP_TAPCELL_ROW_135_4465,VSS,Metal1,102.4665,704.9005,0.000199
TAP_TAPCELL_ROW_135_4464,VSS,Metal1,83.4265,704.9005,0.000186
TAP_TAPCELL_ROW_135_4463,VSS,Metal1,64.3865,704.9005,0.000170
TAP_TAPCELL_ROW_135_4462,VSS,Metal1,45.3465,704.9005,0.000151
TAP_TAPCELL_ROW_135_4461,VSS,Metal1,26.3065,704.9005,0.000142
TAP_TAPCELL_ROW_134_4460,VSS,Metal1,1085.2665,696.2190,0.000785
TAP_TAPCELL_ROW_134_4459,VSS,Metal1,1046.0665,696.2190,0.000783
TAP_TAPCELL_ROW_134_4458,VSS,Metal1,1006.8665,696.2190,0.000728
TAP_TAPCELL_ROW_134_4457,VSS,Metal1,967.6665,696.2190,0.000704
TAP_TAPCELL_ROW_134_4456,VSS,Metal1,928.4665,696.2190,0.000569
TAP_TAPCELL_ROW_134_4455,VSS,Metal1,889.2665,696.2190,0.000576
TAP_TAPCELL_ROW_134_4454,VSS,Metal1,850.0665,696.2190,0.000574
TAP_TAPCELL_ROW_134_4453,VSS,Metal1,810.8665,696.2190,0.000548
TAP_TAPCELL_ROW_134_4452,VSS,Metal1,771.6665,696.2190,0.000554
TAP_TAPCELL_ROW_134_4451,VSS,Metal1,732.4665,696.2190,0.000647
TAP_TAPCELL_ROW_134_4450,VSS,Metal1,693.2665,696.2190,0.000709
TAP_TAPCELL_ROW_134_4449,VSS,Metal1,654.0665,696.2190,0.000706
TAP_TAPCELL_ROW_134_4448,VSS,Metal1,614.8665,696.2190,0.000822
TAP_TAPCELL_ROW_134_4447,VSS,Metal1,575.6665,696.2190,0.001100
TAP_TAPCELL_ROW_134_4446,VSS,Metal1,536.4665,696.2190,0.001092
TAP_TAPCELL_ROW_134_4445,VSS,Metal1,497.2665,696.2190,0.001077
TAP_TAPCELL_ROW_134_4444,VSS,Metal1,458.0665,696.2190,0.001128
TAP_TAPCELL_ROW_134_4443,VSS,Metal1,418.8665,696.2190,0.001131
TAP_TAPCELL_ROW_134_4442,VSS,Metal1,379.6665,696.2190,0.001122
TAP_TAPCELL_ROW_134_4441,VSS,Metal1,340.4665,696.2190,0.001013
TAP_TAPCELL_ROW_134_4440,VSS,Metal1,301.2665,696.2190,0.000994
TAP_TAPCELL_ROW_134_4439,VSS,Metal1,262.0665,696.2190,0.000987
TAP_TAPCELL_ROW_134_4438,VSS,Metal1,222.8665,696.2190,0.000693
TAP_TAPCELL_ROW_134_4437,VSS,Metal1,183.6665,696.2190,0.000576
TAP_TAPCELL_ROW_134_4436,VSS,Metal1,144.4665,696.2190,0.000535
TAP_TAPCELL_ROW_134_4435,VSS,Metal1,105.2665,696.2190,0.000529
TAP_TAPCELL_ROW_134_4434,VSS,Metal1,66.0665,696.2190,0.000508
TAP_TAPCELL_ROW_134_4433,VSS,Metal1,26.8665,696.2190,0.000398
TAP_TAPCELL_ROW_133_4432,VSS,Metal1,1065.6665,694.8205,0.000785
TAP_TAPCELL_ROW_133_4431,VSS,Metal1,1026.4665,694.8205,0.000761
TAP_TAPCELL_ROW_133_4430,VSS,Metal1,987.2665,694.8205,0.000726
TAP_TAPCELL_ROW_133_4429,VSS,Metal1,948.0665,694.8205,0.000552
TAP_TAPCELL_ROW_133_4428,VSS,Metal1,908.8665,694.8205,0.000574
TAP_TAPCELL_ROW_133_4427,VSS,Metal1,869.6665,694.8205,0.000574
TAP_TAPCELL_ROW_133_4426,VSS,Metal1,830.4665,694.8205,0.000550
TAP_TAPCELL_ROW_133_4425,VSS,Metal1,791.2665,694.8205,0.000550
TAP_TAPCELL_ROW_133_4424,VSS,Metal1,752.0665,694.8205,0.000637
TAP_TAPCELL_ROW_133_4423,VSS,Metal1,712.8665,694.8205,0.000667
TAP_TAPCELL_ROW_133_4422,VSS,Metal1,673.6665,694.8205,0.000710
TAP_TAPCELL_ROW_133_4421,VSS,Metal1,634.4665,694.8205,0.000705
TAP_TAPCELL_ROW_133_4420,VSS,Metal1,595.2665,694.8205,0.001091
TAP_TAPCELL_ROW_133_4419,VSS,Metal1,556.0665,694.8205,0.001100
TAP_TAPCELL_ROW_133_4418,VSS,Metal1,516.8665,694.8205,0.001080
TAP_TAPCELL_ROW_133_4417,VSS,Metal1,477.6665,694.8205,0.000974
TAP_TAPCELL_ROW_133_4416,VSS,Metal1,438.4665,694.8205,0.001134
TAP_TAPCELL_ROW_133_4415,VSS,Metal1,399.2665,694.8205,0.001130
TAP_TAPCELL_ROW_133_4414,VSS,Metal1,360.0665,694.8205,0.001122
TAP_TAPCELL_ROW_133_4413,VSS,Metal1,320.8665,694.8205,0.000991
TAP_TAPCELL_ROW_133_4412,VSS,Metal1,281.6665,694.8205,0.000997
TAP_TAPCELL_ROW_133_4411,VSS,Metal1,242.4665,694.8205,0.000810
TAP_TAPCELL_ROW_133_4410,VSS,Metal1,203.2665,694.8205,0.000662
TAP_TAPCELL_ROW_133_4409,VSS,Metal1,164.0665,694.8205,0.000538
TAP_TAPCELL_ROW_133_4408,VSS,Metal1,124.8665,694.8205,0.000531
TAP_TAPCELL_ROW_133_4407,VSS,Metal1,85.6665,694.8205,0.000524
TAP_TAPCELL_ROW_133_4406,VSS,Metal1,46.4665,694.8205,0.000501
TAP_TAPCELL_ROW_132_4405,VSS,Metal1,1085.2665,686.1390,0.000475
TAP_TAPCELL_ROW_132_4404,VSS,Metal1,1046.0665,686.1390,0.000463
TAP_TAPCELL_ROW_132_4403,VSS,Metal1,1006.8665,686.1390,0.000446
TAP_TAPCELL_ROW_132_4402,VSS,Metal1,967.6665,686.1390,0.000407
TAP_TAPCELL_ROW_132_4401,VSS,Metal1,928.4665,686.1390,0.000381
TAP_TAPCELL_ROW_132_4400,VSS,Metal1,889.2665,686.1390,0.000415
TAP_TAPCELL_ROW_132_4399,VSS,Metal1,850.0665,686.1390,0.000482
TAP_TAPCELL_ROW_132_4398,VSS,Metal1,810.8665,686.1390,0.000482
TAP_TAPCELL_ROW_132_4397,VSS,Metal1,771.6665,686.1390,0.000421
TAP_TAPCELL_ROW_132_4396,VSS,Metal1,732.4665,686.1390,0.000445
TAP_TAPCELL_ROW_132_4395,VSS,Metal1,693.2665,686.1390,0.000448
TAP_TAPCELL_ROW_132_4394,VSS,Metal1,654.0665,686.1390,0.000437
TAP_TAPCELL_ROW_132_4393,VSS,Metal1,614.8665,686.1390,0.000448
TAP_TAPCELL_ROW_132_4392,VSS,Metal1,575.6665,686.1390,0.000451
TAP_TAPCELL_ROW_132_4391,VSS,Metal1,536.4665,686.1390,0.000415
TAP_TAPCELL_ROW_132_4390,VSS,Metal1,497.2665,686.1390,0.000374
TAP_TAPCELL_ROW_132_4389,VSS,Metal1,458.0665,686.1390,0.000382
TAP_TAPCELL_ROW_132_4388,VSS,Metal1,418.8665,686.1390,0.000390
TAP_TAPCELL_ROW_132_4387,VSS,Metal1,379.6665,686.1390,0.000407
TAP_TAPCELL_ROW_132_4386,VSS,Metal1,340.4665,686.1390,0.000397
TAP_TAPCELL_ROW_132_4385,VSS,Metal1,301.2665,686.1390,0.000451
TAP_TAPCELL_ROW_132_4384,VSS,Metal1,262.0665,686.1390,0.000509
TAP_TAPCELL_ROW_132_4383,VSS,Metal1,222.8665,686.1390,0.000532
TAP_TAPCELL_ROW_132_4382,VSS,Metal1,183.6665,686.1390,0.000481
TAP_TAPCELL_ROW_132_4381,VSS,Metal1,144.4665,686.1390,0.000488
TAP_TAPCELL_ROW_132_4380,VSS,Metal1,105.2665,686.1390,0.000562
TAP_TAPCELL_ROW_132_4379,VSS,Metal1,66.0665,686.1390,0.000558
TAP_TAPCELL_ROW_132_4378,VSS,Metal1,26.8665,686.1390,0.000464
TAP_TAPCELL_ROW_131_4377,VSS,Metal1,1065.6665,684.7405,0.000470
TAP_TAPCELL_ROW_131_4376,VSS,Metal1,1026.4665,684.7405,0.000452
TAP_TAPCELL_ROW_131_4375,VSS,Metal1,987.2665,684.7405,0.000409
TAP_TAPCELL_ROW_131_4374,VSS,Metal1,948.0665,684.7405,0.000377
TAP_TAPCELL_ROW_131_4373,VSS,Metal1,908.8665,684.7405,0.000407
TAP_TAPCELL_ROW_131_4372,VSS,Metal1,869.6665,684.7405,0.000431
TAP_TAPCELL_ROW_131_4371,VSS,Metal1,830.4665,684.7405,0.000482
TAP_TAPCELL_ROW_131_4370,VSS,Metal1,791.2665,684.7405,0.000416
TAP_TAPCELL_ROW_131_4369,VSS,Metal1,752.0665,684.7405,0.000441
TAP_TAPCELL_ROW_131_4368,VSS,Metal1,712.8665,684.7405,0.000451
TAP_TAPCELL_ROW_131_4367,VSS,Metal1,673.6665,684.7405,0.000439
TAP_TAPCELL_ROW_131_4366,VSS,Metal1,634.4665,684.7405,0.000444
TAP_TAPCELL_ROW_131_4365,VSS,Metal1,595.2665,684.7405,0.000451
TAP_TAPCELL_ROW_131_4364,VSS,Metal1,556.0665,684.7405,0.000445
TAP_TAPCELL_ROW_131_4363,VSS,Metal1,516.8665,684.7405,0.000395
TAP_TAPCELL_ROW_131_4362,VSS,Metal1,477.6665,684.7405,0.000373
TAP_TAPCELL_ROW_131_4361,VSS,Metal1,438.4665,684.7405,0.000383
TAP_TAPCELL_ROW_131_4360,VSS,Metal1,399.2665,684.7405,0.000406
TAP_TAPCELL_ROW_131_4359,VSS,Metal1,360.0665,684.7405,0.000402
TAP_TAPCELL_ROW_131_4358,VSS,Metal1,320.8665,684.7405,0.000378
TAP_TAPCELL_ROW_131_4357,VSS,Metal1,281.6665,684.7405,0.000485
TAP_TAPCELL_ROW_131_4356,VSS,Metal1,242.4665,684.7405,0.000519
TAP_TAPCELL_ROW_131_4355,VSS,Metal1,203.2665,684.7405,0.000508
TAP_TAPCELL_ROW_131_4354,VSS,Metal1,164.0665,684.7405,0.000444
TAP_TAPCELL_ROW_131_4353,VSS,Metal1,124.8665,684.7405,0.000520
TAP_TAPCELL_ROW_131_4352,VSS,Metal1,85.6665,684.7405,0.000565
TAP_TAPCELL_ROW_131_4351,VSS,Metal1,46.4665,684.7405,0.000505
TAP_TAPCELL_ROW_130_4350,VSS,Metal1,1085.2665,676.0590,0.000853
TAP_TAPCELL_ROW_130_4349,VSS,Metal1,1046.0665,676.0590,0.000846
TAP_TAPCELL_ROW_130_4348,VSS,Metal1,1006.8665,676.0590,0.000829
TAP_TAPCELL_ROW_130_4347,VSS,Metal1,967.6665,676.0590,0.000709
TAP_TAPCELL_ROW_130_4346,VSS,Metal1,928.4665,676.0590,0.000523
TAP_TAPCELL_ROW_130_4345,VSS,Metal1,889.2665,676.0590,0.000482
TAP_TAPCELL_ROW_130_4344,VSS,Metal1,850.0665,676.0590,0.000462
TAP_TAPCELL_ROW_130_4343,VSS,Metal1,810.8665,676.0590,0.000428
TAP_TAPCELL_ROW_130_4342,VSS,Metal1,771.6665,676.0590,0.000391
TAP_TAPCELL_ROW_130_4341,VSS,Metal1,732.4665,676.0590,0.000375
TAP_TAPCELL_ROW_130_4340,VSS,Metal1,693.2665,676.0590,0.000356
TAP_TAPCELL_ROW_130_4339,VSS,Metal1,654.0665,676.0590,0.000285
TAP_TAPCELL_ROW_130_4338,VSS,Metal1,614.8665,676.0590,0.000271
TAP_TAPCELL_ROW_130_4337,VSS,Metal1,575.6665,676.0590,0.000295
TAP_TAPCELL_ROW_130_4336,VSS,Metal1,536.4665,676.0590,0.000317
TAP_TAPCELL_ROW_130_4335,VSS,Metal1,497.2665,676.0590,0.000313
TAP_TAPCELL_ROW_130_4334,VSS,Metal1,458.0665,676.0590,0.000315
TAP_TAPCELL_ROW_130_4333,VSS,Metal1,418.8665,676.0590,0.000455
TAP_TAPCELL_ROW_130_4332,VSS,Metal1,379.6665,676.0590,0.000448
TAP_TAPCELL_ROW_130_4331,VSS,Metal1,340.4665,676.0590,0.000438
TAP_TAPCELL_ROW_130_4330,VSS,Metal1,301.2665,676.0590,0.000460
TAP_TAPCELL_ROW_130_4329,VSS,Metal1,262.0665,676.0590,0.000425
TAP_TAPCELL_ROW_130_4328,VSS,Metal1,222.8665,676.0590,0.000378
TAP_TAPCELL_ROW_130_4327,VSS,Metal1,183.6665,676.0590,0.000348
TAP_TAPCELL_ROW_130_4326,VSS,Metal1,144.4665,676.0590,0.000326
TAP_TAPCELL_ROW_130_4325,VSS,Metal1,105.2665,676.0590,0.000334
TAP_TAPCELL_ROW_130_4324,VSS,Metal1,66.0665,676.0590,0.000304
TAP_TAPCELL_ROW_130_4323,VSS,Metal1,26.8665,676.0590,0.000256
TAP_TAPCELL_ROW_129_4322,VSS,Metal1,1065.6665,674.6605,0.000853
TAP_TAPCELL_ROW_129_4321,VSS,Metal1,1026.4665,674.6605,0.000835
TAP_TAPCELL_ROW_129_4320,VSS,Metal1,987.2665,674.6605,0.000778
TAP_TAPCELL_ROW_129_4319,VSS,Metal1,948.0665,674.6605,0.000567
TAP_TAPCELL_ROW_129_4318,VSS,Metal1,908.8665,674.6605,0.000507
TAP_TAPCELL_ROW_129_4317,VSS,Metal1,869.6665,674.6605,0.000468
TAP_TAPCELL_ROW_129_4316,VSS,Metal1,830.4665,674.6605,0.000435
TAP_TAPCELL_ROW_129_4315,VSS,Metal1,791.2665,674.6605,0.000393
TAP_TAPCELL_ROW_129_4314,VSS,Metal1,752.0665,674.6605,0.000388
TAP_TAPCELL_ROW_129_4313,VSS,Metal1,712.8665,674.6605,0.000365
TAP_TAPCELL_ROW_129_4312,VSS,Metal1,673.6665,674.6605,0.000309
TAP_TAPCELL_ROW_129_4311,VSS,Metal1,634.4665,674.6605,0.000260
TAP_TAPCELL_ROW_129_4310,VSS,Metal1,595.2665,674.6605,0.000284
TAP_TAPCELL_ROW_129_4309,VSS,Metal1,556.0665,674.6605,0.000315
TAP_TAPCELL_ROW_129_4308,VSS,Metal1,516.8665,674.6605,0.000316
TAP_TAPCELL_ROW_129_4307,VSS,Metal1,477.6665,674.6605,0.000313
TAP_TAPCELL_ROW_129_4306,VSS,Metal1,438.4665,674.6605,0.000333
TAP_TAPCELL_ROW_129_4305,VSS,Metal1,399.2665,674.6605,0.000450
TAP_TAPCELL_ROW_129_4304,VSS,Metal1,360.0665,674.6605,0.000442
TAP_TAPCELL_ROW_129_4303,VSS,Metal1,320.8665,674.6605,0.000447
TAP_TAPCELL_ROW_129_4302,VSS,Metal1,281.6665,674.6605,0.000461
TAP_TAPCELL_ROW_129_4301,VSS,Metal1,242.4665,674.6605,0.000423
TAP_TAPCELL_ROW_129_4300,VSS,Metal1,203.2665,674.6605,0.000365
TAP_TAPCELL_ROW_129_4299,VSS,Metal1,164.0665,674.6605,0.000313
TAP_TAPCELL_ROW_129_4298,VSS,Metal1,124.8665,674.6605,0.000332
TAP_TAPCELL_ROW_129_4297,VSS,Metal1,85.6665,674.6605,0.000330
TAP_TAPCELL_ROW_129_4296,VSS,Metal1,46.4665,674.6605,0.000279
TAP_TAPCELL_ROW_128_4295,VSS,Metal1,1085.2665,665.9790,0.000398
TAP_TAPCELL_ROW_128_4294,VSS,Metal1,1046.0665,665.9790,0.000393
TAP_TAPCELL_ROW_128_4293,VSS,Metal1,1006.8665,665.9790,0.000352
TAP_TAPCELL_ROW_128_4292,VSS,Metal1,967.6665,665.9790,0.000278
TAP_TAPCELL_ROW_128_4291,VSS,Metal1,928.4665,665.9790,0.000239
TAP_TAPCELL_ROW_128_4290,VSS,Metal1,889.2665,665.9790,0.000315
TAP_TAPCELL_ROW_128_4289,VSS,Metal1,850.0665,665.9790,0.000272
TAP_TAPCELL_ROW_128_4288,VSS,Metal1,810.8665,665.9790,0.000241
TAP_TAPCELL_ROW_128_4287,VSS,Metal1,771.6665,665.9790,0.000224
TAP_TAPCELL_ROW_128_4286,VSS,Metal1,732.4665,665.9790,0.000277
TAP_TAPCELL_ROW_128_4285,VSS,Metal1,693.2665,665.9790,0.000291
TAP_TAPCELL_ROW_128_4284,VSS,Metal1,654.0665,665.9790,0.000283
TAP_TAPCELL_ROW_128_4283,VSS,Metal1,614.8665,665.9790,0.000283
TAP_TAPCELL_ROW_128_4282,VSS,Metal1,575.6665,665.9790,0.000296
TAP_TAPCELL_ROW_128_4281,VSS,Metal1,536.4665,665.9790,0.000277
TAP_TAPCELL_ROW_128_4280,VSS,Metal1,497.2665,665.9790,0.000246
TAP_TAPCELL_ROW_128_4279,VSS,Metal1,458.0665,665.9790,0.000256
TAP_TAPCELL_ROW_128_4278,VSS,Metal1,418.8665,665.9790,0.000256
TAP_TAPCELL_ROW_128_4277,VSS,Metal1,379.6665,665.9790,0.000241
TAP_TAPCELL_ROW_128_4276,VSS,Metal1,340.4665,665.9790,0.000219
TAP_TAPCELL_ROW_128_4275,VSS,Metal1,301.2665,665.9790,0.000216
TAP_TAPCELL_ROW_128_4274,VSS,Metal1,262.0665,665.9790,0.000210
TAP_TAPCELL_ROW_128_4273,VSS,Metal1,222.8665,665.9790,0.000194
TAP_TAPCELL_ROW_128_4272,VSS,Metal1,183.6665,665.9790,0.000154
TAP_TAPCELL_ROW_128_4271,VSS,Metal1,144.4665,665.9790,0.000183
TAP_TAPCELL_ROW_128_4270,VSS,Metal1,105.2665,665.9790,0.000219
TAP_TAPCELL_ROW_128_4269,VSS,Metal1,66.0665,665.9790,0.000232
TAP_TAPCELL_ROW_128_4268,VSS,Metal1,26.8665,665.9790,0.000205
TAP_TAPCELL_ROW_127_4267,VSS,Metal1,1065.6665,664.5805,0.000398
TAP_TAPCELL_ROW_127_4266,VSS,Metal1,1026.4665,664.5805,0.000385
TAP_TAPCELL_ROW_127_4265,VSS,Metal1,987.2665,664.5805,0.000290
TAP_TAPCELL_ROW_127_4264,VSS,Metal1,948.0665,664.5805,0.000237
TAP_TAPCELL_ROW_127_4263,VSS,Metal1,908.8665,664.5805,0.000315
TAP_TAPCELL_ROW_127_4262,VSS,Metal1,869.6665,664.5805,0.000304
TAP_TAPCELL_ROW_127_4261,VSS,Metal1,830.4665,664.5805,0.000265
TAP_TAPCELL_ROW_127_4260,VSS,Metal1,791.2665,664.5805,0.000221
TAP_TAPCELL_ROW_127_4259,VSS,Metal1,752.0665,664.5805,0.000235
TAP_TAPCELL_ROW_127_4258,VSS,Metal1,712.8665,664.5805,0.000291
TAP_TAPCELL_ROW_127_4257,VSS,Metal1,673.6665,664.5805,0.000287
TAP_TAPCELL_ROW_127_4256,VSS,Metal1,634.4665,664.5805,0.000269
TAP_TAPCELL_ROW_127_4255,VSS,Metal1,595.2665,664.5805,0.000295
TAP_TAPCELL_ROW_127_4254,VSS,Metal1,556.0665,664.5805,0.000280
TAP_TAPCELL_ROW_127_4253,VSS,Metal1,516.8665,664.5805,0.000275
TAP_TAPCELL_ROW_127_4252,VSS,Metal1,477.6665,664.5805,0.000255
TAP_TAPCELL_ROW_127_4251,VSS,Metal1,438.4665,664.5805,0.000256
TAP_TAPCELL_ROW_127_4250,VSS,Metal1,399.2665,664.5805,0.000252
TAP_TAPCELL_ROW_127_4249,VSS,Metal1,360.0665,664.5805,0.000236
TAP_TAPCELL_ROW_127_4248,VSS,Metal1,320.8665,664.5805,0.000218
TAP_TAPCELL_ROW_127_4247,VSS,Metal1,281.6665,664.5805,0.000214
TAP_TAPCELL_ROW_127_4246,VSS,Metal1,242.4665,664.5805,0.000209
TAP_TAPCELL_ROW_127_4245,VSS,Metal1,203.2665,664.5805,0.000174
TAP_TAPCELL_ROW_127_4244,VSS,Metal1,164.0665,664.5805,0.000163
TAP_TAPCELL_ROW_127_4243,VSS,Metal1,124.8665,664.5805,0.000200
TAP_TAPCELL_ROW_127_4242,VSS,Metal1,85.6665,664.5805,0.000232
TAP_TAPCELL_ROW_127_4241,VSS,Metal1,46.4665,664.5805,0.000231
TAP_TAPCELL_ROW_126_4240,VSS,Metal1,1085.2665,655.8990,0.000785
TAP_TAPCELL_ROW_126_4239,VSS,Metal1,1046.0665,655.8990,0.000785
TAP_TAPCELL_ROW_126_4238,VSS,Metal1,1006.8665,655.8990,0.000751
TAP_TAPCELL_ROW_126_4237,VSS,Metal1,967.6665,655.8990,0.000721
TAP_TAPCELL_ROW_126_4236,VSS,Metal1,928.4665,655.8990,0.000712
TAP_TAPCELL_ROW_126_4235,VSS,Metal1,889.2665,655.8990,0.000670
TAP_TAPCELL_ROW_126_4234,VSS,Metal1,850.0665,655.8990,0.000638
TAP_TAPCELL_ROW_126_4233,VSS,Metal1,810.8665,655.8990,0.000598
TAP_TAPCELL_ROW_126_4232,VSS,Metal1,771.6665,655.8990,0.000759
TAP_TAPCELL_ROW_126_4231,VSS,Metal1,732.4665,655.8990,0.000789
TAP_TAPCELL_ROW_126_4230,VSS,Metal1,693.2665,655.8990,0.000777
TAP_TAPCELL_ROW_126_4229,VSS,Metal1,654.0665,655.8990,0.000584
TAP_TAPCELL_ROW_126_4228,VSS,Metal1,614.8665,655.8990,0.000596
TAP_TAPCELL_ROW_126_4227,VSS,Metal1,575.6665,655.8990,0.000601
TAP_TAPCELL_ROW_126_4226,VSS,Metal1,536.4665,655.8990,0.000593
TAP_TAPCELL_ROW_126_4225,VSS,Metal1,497.2665,655.8990,0.000580
TAP_TAPCELL_ROW_126_4224,VSS,Metal1,458.0665,655.8990,0.000645
TAP_TAPCELL_ROW_126_4223,VSS,Metal1,418.8665,655.8990,0.000735
TAP_TAPCELL_ROW_126_4222,VSS,Metal1,379.6665,655.8990,0.000596
TAP_TAPCELL_ROW_126_4221,VSS,Metal1,340.4665,655.8990,0.000544
TAP_TAPCELL_ROW_126_4220,VSS,Metal1,301.2665,655.8990,0.000619
TAP_TAPCELL_ROW_126_4219,VSS,Metal1,262.0665,655.8990,0.000668
TAP_TAPCELL_ROW_126_4218,VSS,Metal1,222.8665,655.8990,0.000708
TAP_TAPCELL_ROW_126_4217,VSS,Metal1,183.6665,655.8990,0.000601
TAP_TAPCELL_ROW_126_4216,VSS,Metal1,144.4665,655.8990,0.000649
TAP_TAPCELL_ROW_126_4215,VSS,Metal1,105.2665,655.8990,0.000622
TAP_TAPCELL_ROW_126_4214,VSS,Metal1,66.0665,655.8990,0.000579
TAP_TAPCELL_ROW_126_4213,VSS,Metal1,26.8665,655.8990,0.000450
TAP_TAPCELL_ROW_125_4212,VSS,Metal1,1065.6665,654.5005,0.000785
TAP_TAPCELL_ROW_125_4211,VSS,Metal1,1026.4665,654.5005,0.000776
TAP_TAPCELL_ROW_125_4210,VSS,Metal1,987.2665,654.5005,0.000724
TAP_TAPCELL_ROW_125_4209,VSS,Metal1,948.0665,654.5005,0.000716
TAP_TAPCELL_ROW_125_4208,VSS,Metal1,908.8665,654.5005,0.000702
TAP_TAPCELL_ROW_125_4207,VSS,Metal1,869.6665,654.5005,0.000654
TAP_TAPCELL_ROW_125_4206,VSS,Metal1,830.4665,654.5005,0.000636
TAP_TAPCELL_ROW_125_4205,VSS,Metal1,791.2665,654.5005,0.000609
TAP_TAPCELL_ROW_125_4204,VSS,Metal1,752.0665,654.5005,0.000760
TAP_TAPCELL_ROW_125_4203,VSS,Metal1,712.8665,654.5005,0.000795
TAP_TAPCELL_ROW_125_4202,VSS,Metal1,673.6665,654.5005,0.000720
TAP_TAPCELL_ROW_125_4201,VSS,Metal1,634.4665,654.5005,0.000583
TAP_TAPCELL_ROW_125_4200,VSS,Metal1,595.2665,654.5005,0.000600
TAP_TAPCELL_ROW_125_4199,VSS,Metal1,556.0665,654.5005,0.000601
TAP_TAPCELL_ROW_125_4198,VSS,Metal1,516.8665,654.5005,0.000586
TAP_TAPCELL_ROW_125_4197,VSS,Metal1,477.6665,654.5005,0.000583
TAP_TAPCELL_ROW_125_4196,VSS,Metal1,438.4665,654.5005,0.000701
TAP_TAPCELL_ROW_125_4195,VSS,Metal1,399.2665,654.5005,0.000734
TAP_TAPCELL_ROW_125_4194,VSS,Metal1,360.0665,654.5005,0.000591
TAP_TAPCELL_ROW_125_4193,VSS,Metal1,320.8665,654.5005,0.000571
TAP_TAPCELL_ROW_125_4192,VSS,Metal1,281.6665,654.5005,0.000622
TAP_TAPCELL_ROW_125_4191,VSS,Metal1,242.4665,654.5005,0.000711
TAP_TAPCELL_ROW_125_4190,VSS,Metal1,203.2665,654.5005,0.000676
TAP_TAPCELL_ROW_125_4189,VSS,Metal1,164.0665,654.5005,0.000649
TAP_TAPCELL_ROW_125_4188,VSS,Metal1,124.8665,654.5005,0.000627
TAP_TAPCELL_ROW_125_4187,VSS,Metal1,85.6665,654.5005,0.000605
TAP_TAPCELL_ROW_125_4186,VSS,Metal1,46.4665,654.5005,0.000502
TAP_TAPCELL_ROW_124_4185,VSS,Metal1,1085.2665,645.8190,0.000573
TAP_TAPCELL_ROW_124_4184,VSS,Metal1,1046.0665,645.8190,0.000559
TAP_TAPCELL_ROW_124_4183,VSS,Metal1,1006.8665,645.8190,0.000538
TAP_TAPCELL_ROW_124_4182,VSS,Metal1,967.6665,645.8190,0.000503
TAP_TAPCELL_ROW_124_4181,VSS,Metal1,928.4665,645.8190,0.000258
TAP_TAPCELL_ROW_124_4180,VSS,Metal1,889.2665,645.8190,0.000268
TAP_TAPCELL_ROW_124_4179,VSS,Metal1,850.0665,645.8190,0.000255
TAP_TAPCELL_ROW_124_4178,VSS,Metal1,810.8665,645.8190,0.000228
TAP_TAPCELL_ROW_124_4177,VSS,Metal1,771.6665,645.8190,0.000232
TAP_TAPCELL_ROW_124_4176,VSS,Metal1,732.4665,645.8190,0.000276
TAP_TAPCELL_ROW_124_4175,VSS,Metal1,693.2665,645.8190,0.000255
TAP_TAPCELL_ROW_124_4174,VSS,Metal1,654.0665,645.8190,0.000191
TAP_TAPCELL_ROW_124_4173,VSS,Metal1,614.8665,645.8190,0.000161
TAP_TAPCELL_ROW_124_4172,VSS,Metal1,575.6665,645.8190,0.000191
TAP_TAPCELL_ROW_124_4171,VSS,Metal1,536.4665,645.8190,0.000205
TAP_TAPCELL_ROW_124_4170,VSS,Metal1,497.2665,645.8190,0.000198
TAP_TAPCELL_ROW_124_4169,VSS,Metal1,458.0665,645.8190,0.000200
TAP_TAPCELL_ROW_124_4168,VSS,Metal1,418.8665,645.8190,0.000233
TAP_TAPCELL_ROW_124_4167,VSS,Metal1,379.6665,645.8190,0.000211
TAP_TAPCELL_ROW_124_4166,VSS,Metal1,340.4665,645.8190,0.000167
TAP_TAPCELL_ROW_124_4165,VSS,Metal1,301.2665,645.8190,0.000168
TAP_TAPCELL_ROW_124_4164,VSS,Metal1,262.0665,645.8190,0.000196
TAP_TAPCELL_ROW_124_4163,VSS,Metal1,222.8665,645.8190,0.000218
TAP_TAPCELL_ROW_124_4162,VSS,Metal1,183.6665,645.8190,0.000131
TAP_TAPCELL_ROW_124_4161,VSS,Metal1,144.4665,645.8190,0.000152
TAP_TAPCELL_ROW_124_4160,VSS,Metal1,105.2665,645.8190,0.000180
TAP_TAPCELL_ROW_124_4159,VSS,Metal1,66.0665,645.8190,0.000192
TAP_TAPCELL_ROW_124_4158,VSS,Metal1,26.8665,645.8190,0.000188
TAP_TAPCELL_ROW_123_4157,VSS,Metal1,1065.6665,644.4205,0.000573
TAP_TAPCELL_ROW_123_4156,VSS,Metal1,1026.4665,644.4205,0.000559
TAP_TAPCELL_ROW_123_4155,VSS,Metal1,987.2665,644.4205,0.000529
TAP_TAPCELL_ROW_123_4154,VSS,Metal1,948.0665,644.4205,0.000253
TAP_TAPCELL_ROW_123_4153,VSS,Metal1,908.8665,644.4205,0.000260
TAP_TAPCELL_ROW_123_4152,VSS,Metal1,869.6665,644.4205,0.000266
TAP_TAPCELL_ROW_123_4151,VSS,Metal1,830.4665,644.4205,0.000248
TAP_TAPCELL_ROW_123_4150,VSS,Metal1,791.2665,644.4205,0.000221
TAP_TAPCELL_ROW_123_4149,VSS,Metal1,752.0665,644.4205,0.000247
TAP_TAPCELL_ROW_123_4148,VSS,Metal1,712.8665,644.4205,0.000276
TAP_TAPCELL_ROW_123_4147,VSS,Metal1,673.6665,644.4205,0.000216
TAP_TAPCELL_ROW_123_4146,VSS,Metal1,634.4665,644.4205,0.000154
TAP_TAPCELL_ROW_123_4145,VSS,Metal1,595.2665,644.4205,0.000178
TAP_TAPCELL_ROW_123_4144,VSS,Metal1,556.0665,644.4205,0.000205
TAP_TAPCELL_ROW_123_4143,VSS,Metal1,516.8665,644.4205,0.000201
TAP_TAPCELL_ROW_123_4142,VSS,Metal1,477.6665,644.4205,0.000188
TAP_TAPCELL_ROW_123_4141,VSS,Metal1,438.4665,644.4205,0.000229
TAP_TAPCELL_ROW_123_4140,VSS,Metal1,399.2665,644.4205,0.000232
TAP_TAPCELL_ROW_123_4139,VSS,Metal1,360.0665,644.4205,0.000190
TAP_TAPCELL_ROW_123_4138,VSS,Metal1,320.8665,644.4205,0.000158
TAP_TAPCELL_ROW_123_4137,VSS,Metal1,281.6665,644.4205,0.000180
TAP_TAPCELL_ROW_123_4136,VSS,Metal1,242.4665,644.4205,0.000219
TAP_TAPCELL_ROW_123_4135,VSS,Metal1,203.2665,644.4205,0.000215
TAP_TAPCELL_ROW_123_4134,VSS,Metal1,164.0665,644.4205,0.000131
TAP_TAPCELL_ROW_123_4133,VSS,Metal1,124.8665,644.4205,0.000173
TAP_TAPCELL_ROW_123_4132,VSS,Metal1,85.6665,644.4205,0.000191
TAP_TAPCELL_ROW_123_4131,VSS,Metal1,46.4665,644.4205,0.000192
TAP_TAPCELL_ROW_122_4130,VSS,Metal1,1085.2665,635.7390,0.000919
TAP_TAPCELL_ROW_122_4129,VSS,Metal1,1046.0665,635.7390,0.000900
TAP_TAPCELL_ROW_122_4128,VSS,Metal1,1006.8665,635.7390,0.000730
TAP_TAPCELL_ROW_122_4127,VSS,Metal1,967.6665,635.7390,0.000664
TAP_TAPCELL_ROW_122_4126,VSS,Metal1,928.4665,635.7390,0.000600
TAP_TAPCELL_ROW_122_4125,VSS,Metal1,889.2665,635.7390,0.000617
TAP_TAPCELL_ROW_122_4124,VSS,Metal1,850.0665,635.7390,0.000632
TAP_TAPCELL_ROW_122_4123,VSS,Metal1,810.8665,635.7390,0.000491
TAP_TAPCELL_ROW_122_4122,VSS,Metal1,771.6665,635.7390,0.000345
TAP_TAPCELL_ROW_122_4121,VSS,Metal1,732.4665,635.7390,0.000320
TAP_TAPCELL_ROW_122_4120,VSS,Metal1,693.2665,635.7390,0.000298
TAP_TAPCELL_ROW_122_4119,VSS,Metal1,654.0665,635.7390,0.000271
TAP_TAPCELL_ROW_122_4118,VSS,Metal1,614.8665,635.7390,0.000337
TAP_TAPCELL_ROW_122_4117,VSS,Metal1,575.6665,635.7390,0.000356
TAP_TAPCELL_ROW_122_4116,VSS,Metal1,536.4665,635.7390,0.000355
TAP_TAPCELL_ROW_122_4115,VSS,Metal1,497.2665,635.7390,0.000327
TAP_TAPCELL_ROW_122_4114,VSS,Metal1,458.0665,635.7390,0.000321
TAP_TAPCELL_ROW_122_4113,VSS,Metal1,418.8665,635.7390,0.000324
TAP_TAPCELL_ROW_122_4112,VSS,Metal1,379.6665,635.7390,0.000309
TAP_TAPCELL_ROW_122_4111,VSS,Metal1,340.4665,635.7390,0.000298
TAP_TAPCELL_ROW_122_4110,VSS,Metal1,301.2665,635.7390,0.000363
TAP_TAPCELL_ROW_122_4109,VSS,Metal1,262.0665,635.7390,0.000376
TAP_TAPCELL_ROW_122_4108,VSS,Metal1,222.8665,635.7390,0.000312
TAP_TAPCELL_ROW_122_4107,VSS,Metal1,183.6665,635.7390,0.000229
TAP_TAPCELL_ROW_122_4106,VSS,Metal1,144.4665,635.7390,0.000241
TAP_TAPCELL_ROW_122_4105,VSS,Metal1,105.2665,635.7390,0.000246
TAP_TAPCELL_ROW_122_4104,VSS,Metal1,66.0665,635.7390,0.000232
TAP_TAPCELL_ROW_122_4103,VSS,Metal1,26.8665,635.7390,0.000199
TAP_TAPCELL_ROW_121_4102,VSS,Metal1,1065.6665,634.3405,0.000919
TAP_TAPCELL_ROW_121_4101,VSS,Metal1,1026.4665,634.3405,0.000895
TAP_TAPCELL_ROW_121_4100,VSS,Metal1,987.2665,634.3405,0.000726
TAP_TAPCELL_ROW_121_4099,VSS,Metal1,948.0665,634.3405,0.000587
TAP_TAPCELL_ROW_121_4098,VSS,Metal1,908.8665,634.3405,0.000604
TAP_TAPCELL_ROW_121_4097,VSS,Metal1,869.6665,634.3405,0.000630
TAP_TAPCELL_ROW_121_4096,VSS,Metal1,830.4665,634.3405,0.000630
TAP_TAPCELL_ROW_121_4095,VSS,Metal1,791.2665,634.3405,0.000345
TAP_TAPCELL_ROW_121_4094,VSS,Metal1,752.0665,634.3405,0.000338
TAP_TAPCELL_ROW_121_4093,VSS,Metal1,712.8665,634.3405,0.000317
TAP_TAPCELL_ROW_121_4092,VSS,Metal1,673.6665,634.3405,0.000284
TAP_TAPCELL_ROW_121_4091,VSS,Metal1,634.4665,634.3405,0.000277
TAP_TAPCELL_ROW_121_4090,VSS,Metal1,595.2665,634.3405,0.000349
TAP_TAPCELL_ROW_121_4089,VSS,Metal1,556.0665,634.3405,0.000360
TAP_TAPCELL_ROW_121_4088,VSS,Metal1,516.8665,634.3405,0.000346
TAP_TAPCELL_ROW_121_4087,VSS,Metal1,477.6665,634.3405,0.000320
TAP_TAPCELL_ROW_121_4086,VSS,Metal1,438.4665,634.3405,0.000323
TAP_TAPCELL_ROW_121_4085,VSS,Metal1,399.2665,634.3405,0.000318
TAP_TAPCELL_ROW_121_4084,VSS,Metal1,360.0665,634.3405,0.000306
TAP_TAPCELL_ROW_121_4083,VSS,Metal1,320.8665,634.3405,0.000285
TAP_TAPCELL_ROW_121_4082,VSS,Metal1,281.6665,634.3405,0.000380
TAP_TAPCELL_ROW_121_4081,VSS,Metal1,242.4665,634.3405,0.000345
TAP_TAPCELL_ROW_121_4080,VSS,Metal1,203.2665,634.3405,0.000285
TAP_TAPCELL_ROW_121_4079,VSS,Metal1,164.0665,634.3405,0.000232
TAP_TAPCELL_ROW_121_4078,VSS,Metal1,124.8665,634.3405,0.000245
TAP_TAPCELL_ROW_121_4077,VSS,Metal1,85.6665,634.3405,0.000241
TAP_TAPCELL_ROW_121_4076,VSS,Metal1,46.4665,634.3405,0.000209
TAP_TAPCELL_ROW_120_4075,VSS,Metal1,1085.2665,625.6590,0.000915
TAP_TAPCELL_ROW_120_4074,VSS,Metal1,1046.0665,625.6590,0.000906
TAP_TAPCELL_ROW_120_4073,VSS,Metal1,1006.8665,625.6590,0.000591
TAP_TAPCELL_ROW_120_4072,VSS,Metal1,967.6665,625.6590,0.000539
TAP_TAPCELL_ROW_120_4071,VSS,Metal1,928.4665,625.6590,0.000517
TAP_TAPCELL_ROW_120_4070,VSS,Metal1,889.2665,625.6590,0.000504
TAP_TAPCELL_ROW_120_4069,VSS,Metal1,850.0665,625.6590,0.000500
TAP_TAPCELL_ROW_120_4068,VSS,Metal1,810.8665,625.6590,0.000433
TAP_TAPCELL_ROW_120_4067,VSS,Metal1,771.6665,625.6590,0.000375
TAP_TAPCELL_ROW_120_4066,VSS,Metal1,732.4665,625.6590,0.000385
TAP_TAPCELL_ROW_120_4065,VSS,Metal1,693.2665,625.6590,0.000379
TAP_TAPCELL_ROW_120_4064,VSS,Metal1,654.0665,625.6590,0.000345
TAP_TAPCELL_ROW_120_4063,VSS,Metal1,614.8665,625.6590,0.000343
TAP_TAPCELL_ROW_120_4062,VSS,Metal1,575.6665,625.6590,0.000337
TAP_TAPCELL_ROW_120_4061,VSS,Metal1,536.4665,625.6590,0.000294
TAP_TAPCELL_ROW_120_4060,VSS,Metal1,497.2665,625.6590,0.000259
TAP_TAPCELL_ROW_120_4059,VSS,Metal1,458.0665,625.6590,0.000272
TAP_TAPCELL_ROW_120_4058,VSS,Metal1,418.8665,625.6590,0.000329
TAP_TAPCELL_ROW_120_4057,VSS,Metal1,379.6665,625.6590,0.000288
TAP_TAPCELL_ROW_120_4056,VSS,Metal1,340.4665,625.6590,0.000166
TAP_TAPCELL_ROW_120_4055,VSS,Metal1,301.2665,625.6590,0.000164
TAP_TAPCELL_ROW_120_4054,VSS,Metal1,262.0665,625.6590,0.000171
TAP_TAPCELL_ROW_120_4053,VSS,Metal1,222.8665,625.6590,0.000167
TAP_TAPCELL_ROW_120_4052,VSS,Metal1,183.6665,625.6590,0.000160
TAP_TAPCELL_ROW_120_4051,VSS,Metal1,144.4665,625.6590,0.000275
TAP_TAPCELL_ROW_120_4050,VSS,Metal1,105.2665,625.6590,0.000364
TAP_TAPCELL_ROW_120_4049,VSS,Metal1,66.0665,625.6590,0.000385
TAP_TAPCELL_ROW_120_4048,VSS,Metal1,26.8665,625.6590,0.000383
TAP_TAPCELL_ROW_119_4047,VSS,Metal1,1065.6665,624.2605,0.000914
TAP_TAPCELL_ROW_119_4046,VSS,Metal1,1026.4665,624.2605,0.000653
TAP_TAPCELL_ROW_119_4045,VSS,Metal1,987.2665,624.2605,0.000573
TAP_TAPCELL_ROW_119_4044,VSS,Metal1,948.0665,624.2605,0.000515
TAP_TAPCELL_ROW_119_4043,VSS,Metal1,908.8665,624.2605,0.000514
TAP_TAPCELL_ROW_119_4042,VSS,Metal1,869.6665,624.2605,0.000504
TAP_TAPCELL_ROW_119_4041,VSS,Metal1,830.4665,624.2605,0.000491
TAP_TAPCELL_ROW_119_4040,VSS,Metal1,791.2665,624.2605,0.000369
TAP_TAPCELL_ROW_119_4039,VSS,Metal1,752.0665,624.2605,0.000380
TAP_TAPCELL_ROW_119_4038,VSS,Metal1,712.8665,624.2605,0.000385
TAP_TAPCELL_ROW_119_4037,VSS,Metal1,673.6665,624.2605,0.000367
TAP_TAPCELL_ROW_119_4036,VSS,Metal1,634.4665,624.2605,0.000344
TAP_TAPCELL_ROW_119_4035,VSS,Metal1,595.2665,624.2605,0.000337
TAP_TAPCELL_ROW_119_4034,VSS,Metal1,556.0665,624.2605,0.000321
TAP_TAPCELL_ROW_119_4033,VSS,Metal1,516.8665,624.2605,0.000264
TAP_TAPCELL_ROW_119_4032,VSS,Metal1,477.6665,624.2605,0.000257
TAP_TAPCELL_ROW_119_4031,VSS,Metal1,438.4665,624.2605,0.000329
TAP_TAPCELL_ROW_119_4030,VSS,Metal1,399.2665,624.2605,0.000302
TAP_TAPCELL_ROW_119_4029,VSS,Metal1,360.0665,624.2605,0.000174
TAP_TAPCELL_ROW_119_4028,VSS,Metal1,320.8665,624.2605,0.000164
TAP_TAPCELL_ROW_119_4027,VSS,Metal1,281.6665,624.2605,0.000170
TAP_TAPCELL_ROW_119_4026,VSS,Metal1,242.4665,624.2605,0.000169
TAP_TAPCELL_ROW_119_4025,VSS,Metal1,203.2665,624.2605,0.000163
TAP_TAPCELL_ROW_119_4024,VSS,Metal1,164.0665,624.2605,0.000207
TAP_TAPCELL_ROW_119_4023,VSS,Metal1,124.8665,624.2605,0.000328
TAP_TAPCELL_ROW_119_4022,VSS,Metal1,85.6665,624.2605,0.000375
TAP_TAPCELL_ROW_119_4021,VSS,Metal1,46.4665,624.2605,0.000384
TAP_TAPCELL_ROW_118_4020,VSS,Metal1,1085.2665,615.5790,0.000376
TAP_TAPCELL_ROW_118_4019,VSS,Metal1,1046.0665,615.5790,0.000376
TAP_TAPCELL_ROW_118_4018,VSS,Metal1,1006.8665,615.5790,0.000365
TAP_TAPCELL_ROW_118_4017,VSS,Metal1,967.6665,615.5790,0.000349
TAP_TAPCELL_ROW_118_4016,VSS,Metal1,928.4665,615.5790,0.000366
TAP_TAPCELL_ROW_118_4015,VSS,Metal1,889.2665,615.5790,0.000455
TAP_TAPCELL_ROW_118_4014,VSS,Metal1,850.0665,615.5790,0.000484
TAP_TAPCELL_ROW_118_4013,VSS,Metal1,810.8665,615.5790,0.000436
TAP_TAPCELL_ROW_118_4012,VSS,Metal1,771.6665,615.5790,0.000432
TAP_TAPCELL_ROW_118_4011,VSS,Metal1,732.4665,615.5790,0.000443
TAP_TAPCELL_ROW_118_4010,VSS,Metal1,693.2665,615.5790,0.000437
TAP_TAPCELL_ROW_118_4009,VSS,Metal1,654.0665,615.5790,0.000416
TAP_TAPCELL_ROW_118_4008,VSS,Metal1,614.8665,615.5790,0.000398
TAP_TAPCELL_ROW_118_4007,VSS,Metal1,575.6665,615.5790,0.000386
TAP_TAPCELL_ROW_118_4006,VSS,Metal1,536.4665,615.5790,0.000368
TAP_TAPCELL_ROW_118_4005,VSS,Metal1,497.2665,615.5790,0.000346
TAP_TAPCELL_ROW_118_4004,VSS,Metal1,458.0665,615.5790,0.000418
TAP_TAPCELL_ROW_118_4003,VSS,Metal1,418.8665,615.5790,0.000470
TAP_TAPCELL_ROW_118_4002,VSS,Metal1,379.6665,615.5790,0.000447
TAP_TAPCELL_ROW_118_4001,VSS,Metal1,340.4665,615.5790,0.000442
TAP_TAPCELL_ROW_118_4000,VSS,Metal1,301.2665,615.5790,0.000466
TAP_TAPCELL_ROW_118_3999,VSS,Metal1,262.0665,615.5790,0.000468
TAP_TAPCELL_ROW_118_3998,VSS,Metal1,222.8665,615.5790,0.000453
TAP_TAPCELL_ROW_118_3997,VSS,Metal1,183.6665,615.5790,0.000305
TAP_TAPCELL_ROW_118_3996,VSS,Metal1,144.4665,615.5790,0.000376
TAP_TAPCELL_ROW_118_3995,VSS,Metal1,105.2665,615.5790,0.000386
TAP_TAPCELL_ROW_118_3994,VSS,Metal1,66.0665,615.5790,0.000364
TAP_TAPCELL_ROW_118_3993,VSS,Metal1,26.8665,615.5790,0.000343
TAP_TAPCELL_ROW_117_3992,VSS,Metal1,1065.6665,614.1805,0.000376
TAP_TAPCELL_ROW_117_3991,VSS,Metal1,1026.4665,614.1805,0.000376
TAP_TAPCELL_ROW_117_3990,VSS,Metal1,987.2665,614.1805,0.000355
TAP_TAPCELL_ROW_117_3989,VSS,Metal1,948.0665,614.1805,0.000332
TAP_TAPCELL_ROW_117_3988,VSS,Metal1,908.8665,614.1805,0.000429
TAP_TAPCELL_ROW_117_3987,VSS,Metal1,869.6665,614.1805,0.000483
TAP_TAPCELL_ROW_117_3986,VSS,Metal1,830.4665,614.1805,0.000473
TAP_TAPCELL_ROW_117_3985,VSS,Metal1,791.2665,614.1805,0.000425
TAP_TAPCELL_ROW_117_3984,VSS,Metal1,752.0665,614.1805,0.000442
TAP_TAPCELL_ROW_117_3983,VSS,Metal1,712.8665,614.1805,0.000443
TAP_TAPCELL_ROW_117_3982,VSS,Metal1,673.6665,614.1805,0.000434
TAP_TAPCELL_ROW_117_3981,VSS,Metal1,634.4665,614.1805,0.000398
TAP_TAPCELL_ROW_117_3980,VSS,Metal1,595.2665,614.1805,0.000398
TAP_TAPCELL_ROW_117_3979,VSS,Metal1,556.0665,614.1805,0.000374
TAP_TAPCELL_ROW_117_3978,VSS,Metal1,516.8665,614.1805,0.000355
TAP_TAPCELL_ROW_117_3977,VSS,Metal1,477.6665,614.1805,0.000366
TAP_TAPCELL_ROW_117_3976,VSS,Metal1,438.4665,614.1805,0.000441
TAP_TAPCELL_ROW_117_3975,VSS,Metal1,399.2665,614.1805,0.000485
TAP_TAPCELL_ROW_117_3974,VSS,Metal1,360.0665,614.1805,0.000444
TAP_TAPCELL_ROW_117_3973,VSS,Metal1,320.8665,614.1805,0.000465
TAP_TAPCELL_ROW_117_3972,VSS,Metal1,281.6665,614.1805,0.000467
TAP_TAPCELL_ROW_117_3971,VSS,Metal1,242.4665,614.1805,0.000461
TAP_TAPCELL_ROW_117_3970,VSS,Metal1,203.2665,614.1805,0.000319
TAP_TAPCELL_ROW_117_3969,VSS,Metal1,164.0665,614.1805,0.000347
TAP_TAPCELL_ROW_117_3968,VSS,Metal1,124.8665,614.1805,0.000387
TAP_TAPCELL_ROW_117_3967,VSS,Metal1,85.6665,614.1805,0.000381
TAP_TAPCELL_ROW_117_3966,VSS,Metal1,46.4665,614.1805,0.000350
TAP_TAPCELL_ROW_116_3965,VSS,Metal1,1085.2665,605.4990,0.001187
TAP_TAPCELL_ROW_116_3964,VSS,Metal1,1046.0665,605.4990,0.001180
TAP_TAPCELL_ROW_116_3963,VSS,Metal1,1006.8665,605.4990,0.001006
TAP_TAPCELL_ROW_116_3962,VSS,Metal1,967.6665,605.4990,0.000719
TAP_TAPCELL_ROW_116_3961,VSS,Metal1,928.4665,605.4990,0.000629
TAP_TAPCELL_ROW_116_3960,VSS,Metal1,889.2665,605.4990,0.000633
TAP_TAPCELL_ROW_116_3959,VSS,Metal1,850.0665,605.4990,0.000621
TAP_TAPCELL_ROW_116_3958,VSS,Metal1,810.8665,605.4990,0.000480
TAP_TAPCELL_ROW_116_3957,VSS,Metal1,771.6665,605.4990,0.000437
TAP_TAPCELL_ROW_116_3956,VSS,Metal1,732.4665,605.4990,0.000430
TAP_TAPCELL_ROW_116_3955,VSS,Metal1,693.2665,605.4990,0.000400
TAP_TAPCELL_ROW_116_3954,VSS,Metal1,654.0665,605.4990,0.000337
TAP_TAPCELL_ROW_116_3953,VSS,Metal1,614.8665,605.4990,0.000318
TAP_TAPCELL_ROW_116_3952,VSS,Metal1,575.6665,605.4990,0.000292
TAP_TAPCELL_ROW_116_3951,VSS,Metal1,536.4665,605.4990,0.000277
TAP_TAPCELL_ROW_116_3950,VSS,Metal1,497.2665,605.4990,0.000244
TAP_TAPCELL_ROW_116_3949,VSS,Metal1,458.0665,605.4990,0.000156
TAP_TAPCELL_ROW_116_3948,VSS,Metal1,418.8665,605.4990,0.000174
TAP_TAPCELL_ROW_116_3947,VSS,Metal1,379.6665,605.4990,0.000179
TAP_TAPCELL_ROW_116_3946,VSS,Metal1,340.4665,605.4990,0.000176
TAP_TAPCELL_ROW_116_3945,VSS,Metal1,301.2665,605.4990,0.000193
TAP_TAPCELL_ROW_116_3944,VSS,Metal1,262.0665,605.4990,0.000188
TAP_TAPCELL_ROW_116_3943,VSS,Metal1,222.8665,605.4990,0.000160
TAP_TAPCELL_ROW_116_3942,VSS,Metal1,183.6665,605.4990,0.000131
TAP_TAPCELL_ROW_116_3941,VSS,Metal1,144.4665,605.4990,0.000196
TAP_TAPCELL_ROW_116_3940,VSS,Metal1,105.2665,605.4990,0.000235
TAP_TAPCELL_ROW_116_3939,VSS,Metal1,66.0665,605.4990,0.000242
TAP_TAPCELL_ROW_116_3938,VSS,Metal1,26.8665,605.4990,0.000225
TAP_TAPCELL_ROW_115_3937,VSS,Metal1,1065.6665,604.1005,0.001185
TAP_TAPCELL_ROW_115_3936,VSS,Metal1,1026.4665,604.1005,0.001043
TAP_TAPCELL_ROW_115_3935,VSS,Metal1,987.2665,604.1005,0.000962
TAP_TAPCELL_ROW_115_3934,VSS,Metal1,948.0665,604.1005,0.000598
TAP_TAPCELL_ROW_115_3933,VSS,Metal1,908.8665,604.1005,0.000633
TAP_TAPCELL_ROW_115_3932,VSS,Metal1,869.6665,604.1005,0.000629
TAP_TAPCELL_ROW_115_3931,VSS,Metal1,830.4665,604.1005,0.000601
TAP_TAPCELL_ROW_115_3930,VSS,Metal1,791.2665,604.1005,0.000413
TAP_TAPCELL_ROW_115_3929,VSS,Metal1,752.0665,604.1005,0.000437
TAP_TAPCELL_ROW_115_3928,VSS,Metal1,712.8665,604.1005,0.000425
TAP_TAPCELL_ROW_115_3927,VSS,Metal1,673.6665,604.1005,0.000353
TAP_TAPCELL_ROW_115_3926,VSS,Metal1,634.4665,604.1005,0.000329
TAP_TAPCELL_ROW_115_3925,VSS,Metal1,595.2665,604.1005,0.000308
TAP_TAPCELL_ROW_115_3924,VSS,Metal1,556.0665,604.1005,0.000286
TAP_TAPCELL_ROW_115_3923,VSS,Metal1,516.8665,604.1005,0.000252
TAP_TAPCELL_ROW_115_3922,VSS,Metal1,477.6665,604.1005,0.000143
TAP_TAPCELL_ROW_115_3921,VSS,Metal1,438.4665,604.1005,0.000173
TAP_TAPCELL_ROW_115_3920,VSS,Metal1,399.2665,604.1005,0.000179
TAP_TAPCELL_ROW_115_3919,VSS,Metal1,360.0665,604.1005,0.000178
TAP_TAPCELL_ROW_115_3918,VSS,Metal1,320.8665,604.1005,0.000176
TAP_TAPCELL_ROW_115_3917,VSS,Metal1,281.6665,604.1005,0.000193
TAP_TAPCELL_ROW_115_3916,VSS,Metal1,242.4665,604.1005,0.000177
TAP_TAPCELL_ROW_115_3915,VSS,Metal1,203.2665,604.1005,0.000142
TAP_TAPCELL_ROW_115_3914,VSS,Metal1,164.0665,604.1005,0.000159
TAP_TAPCELL_ROW_115_3913,VSS,Metal1,124.8665,604.1005,0.000233
TAP_TAPCELL_ROW_115_3912,VSS,Metal1,85.6665,604.1005,0.000242
TAP_TAPCELL_ROW_115_3911,VSS,Metal1,46.4665,604.1005,0.000239
TAP_TAPCELL_ROW_114_3910,VSS,Metal1,1085.2665,595.4190,0.000550
TAP_TAPCELL_ROW_114_3909,VSS,Metal1,1046.0665,595.4190,0.000540
TAP_TAPCELL_ROW_114_3908,VSS,Metal1,1006.8665,595.4190,0.000469
TAP_TAPCELL_ROW_114_3907,VSS,Metal1,967.6665,595.4190,0.000430
TAP_TAPCELL_ROW_114_3906,VSS,Metal1,928.4665,595.4190,0.000468
TAP_TAPCELL_ROW_114_3905,VSS,Metal1,889.2665,595.4190,0.000480
TAP_TAPCELL_ROW_114_3904,VSS,Metal1,850.0665,595.4190,0.000409
TAP_TAPCELL_ROW_114_3903,VSS,Metal1,810.8665,595.4190,0.000318
TAP_TAPCELL_ROW_114_3902,VSS,Metal1,771.6665,595.4190,0.000315
TAP_TAPCELL_ROW_114_3901,VSS,Metal1,732.4665,595.4190,0.000310
TAP_TAPCELL_ROW_114_3900,VSS,Metal1,693.2665,595.4190,0.000275
TAP_TAPCELL_ROW_114_3899,VSS,Metal1,654.0665,595.4190,0.000227
TAP_TAPCELL_ROW_114_3898,VSS,Metal1,614.8665,595.4190,0.000187
TAP_TAPCELL_ROW_114_3897,VSS,Metal1,575.6665,595.4190,0.000214
TAP_TAPCELL_ROW_114_3896,VSS,Metal1,536.4665,595.4190,0.000224
TAP_TAPCELL_ROW_114_3895,VSS,Metal1,497.2665,595.4190,0.000229
TAP_TAPCELL_ROW_114_3894,VSS,Metal1,458.0665,595.4190,0.000299
TAP_TAPCELL_ROW_114_3893,VSS,Metal1,418.8665,595.4190,0.000318
TAP_TAPCELL_ROW_114_3892,VSS,Metal1,379.6665,595.4190,0.000321
TAP_TAPCELL_ROW_114_3891,VSS,Metal1,340.4665,595.4190,0.000326
TAP_TAPCELL_ROW_114_3890,VSS,Metal1,301.2665,595.4190,0.000338
TAP_TAPCELL_ROW_114_3889,VSS,Metal1,262.0665,595.4190,0.000352
TAP_TAPCELL_ROW_114_3888,VSS,Metal1,222.8665,595.4190,0.000359
TAP_TAPCELL_ROW_114_3887,VSS,Metal1,183.6665,595.4190,0.000324
TAP_TAPCELL_ROW_114_3886,VSS,Metal1,144.4665,595.4190,0.000556
TAP_TAPCELL_ROW_114_3885,VSS,Metal1,105.2665,595.4190,0.000586
TAP_TAPCELL_ROW_114_3884,VSS,Metal1,66.0665,595.4190,0.000536
TAP_TAPCELL_ROW_114_3883,VSS,Metal1,26.8665,595.4190,0.000477
TAP_TAPCELL_ROW_113_3882,VSS,Metal1,1065.6665,594.0205,0.000550
TAP_TAPCELL_ROW_113_3881,VSS,Metal1,1026.4665,594.0205,0.000510
TAP_TAPCELL_ROW_113_3880,VSS,Metal1,987.2665,594.0205,0.000444
TAP_TAPCELL_ROW_113_3879,VSS,Metal1,948.0665,594.0205,0.000416
TAP_TAPCELL_ROW_113_3878,VSS,Metal1,908.8665,594.0205,0.000494
TAP_TAPCELL_ROW_113_3877,VSS,Metal1,869.6665,594.0205,0.000421
TAP_TAPCELL_ROW_113_3876,VSS,Metal1,830.4665,594.0205,0.000396
TAP_TAPCELL_ROW_113_3875,VSS,Metal1,791.2665,594.0205,0.000315
TAP_TAPCELL_ROW_113_3874,VSS,Metal1,752.0665,594.0205,0.000312
TAP_TAPCELL_ROW_113_3873,VSS,Metal1,712.8665,594.0205,0.000296
TAP_TAPCELL_ROW_113_3872,VSS,Metal1,673.6665,594.0205,0.000264
TAP_TAPCELL_ROW_113_3871,VSS,Metal1,634.4665,594.0205,0.000184
TAP_TAPCELL_ROW_113_3870,VSS,Metal1,595.2665,594.0205,0.000190
TAP_TAPCELL_ROW_113_3869,VSS,Metal1,556.0665,594.0205,0.000219
TAP_TAPCELL_ROW_113_3868,VSS,Metal1,516.8665,594.0205,0.000227
TAP_TAPCELL_ROW_113_3867,VSS,Metal1,477.6665,594.0205,0.000240
TAP_TAPCELL_ROW_113_3866,VSS,Metal1,438.4665,594.0205,0.000310
TAP_TAPCELL_ROW_113_3865,VSS,Metal1,399.2665,594.0205,0.000319
TAP_TAPCELL_ROW_113_3864,VSS,Metal1,360.0665,594.0205,0.000331
TAP_TAPCELL_ROW_113_3863,VSS,Metal1,320.8665,594.0205,0.000324
TAP_TAPCELL_ROW_113_3862,VSS,Metal1,281.6665,594.0205,0.000349
TAP_TAPCELL_ROW_113_3861,VSS,Metal1,242.4665,594.0205,0.000356
TAP_TAPCELL_ROW_113_3860,VSS,Metal1,203.2665,594.0205,0.000341
TAP_TAPCELL_ROW_113_3859,VSS,Metal1,164.0665,594.0205,0.000401
TAP_TAPCELL_ROW_113_3858,VSS,Metal1,124.8665,594.0205,0.000581
TAP_TAPCELL_ROW_113_3857,VSS,Metal1,85.6665,594.0205,0.000584
TAP_TAPCELL_ROW_113_3856,VSS,Metal1,46.4665,594.0205,0.000517
TAP_TAPCELL_ROW_112_3855,VSS,Metal1,1085.2665,585.3390,0.000277
TAP_TAPCELL_ROW_112_3854,VSS,Metal1,1046.0665,585.3390,0.000277
TAP_TAPCELL_ROW_112_3853,VSS,Metal1,1006.8665,585.3390,0.000273
TAP_TAPCELL_ROW_112_3852,VSS,Metal1,967.6665,585.3390,0.000261
TAP_TAPCELL_ROW_112_3851,VSS,Metal1,928.4665,585.3390,0.000287
TAP_TAPCELL_ROW_112_3850,VSS,Metal1,889.2665,585.3390,0.000324
TAP_TAPCELL_ROW_112_3849,VSS,Metal1,850.0665,585.3390,0.000329
TAP_TAPCELL_ROW_112_3848,VSS,Metal1,810.8665,585.3390,0.000304
TAP_TAPCELL_ROW_112_3847,VSS,Metal1,771.6665,585.3390,0.000310
TAP_TAPCELL_ROW_112_3846,VSS,Metal1,732.4665,585.3390,0.000322
TAP_TAPCELL_ROW_112_3845,VSS,Metal1,693.2665,585.3390,0.000315
TAP_TAPCELL_ROW_112_3844,VSS,Metal1,654.0665,585.3390,0.000255
TAP_TAPCELL_ROW_112_3843,VSS,Metal1,614.8665,585.3390,0.000244
TAP_TAPCELL_ROW_112_3842,VSS,Metal1,575.6665,585.3390,0.000269
TAP_TAPCELL_ROW_112_3841,VSS,Metal1,536.4665,585.3390,0.000281
TAP_TAPCELL_ROW_112_3840,VSS,Metal1,497.2665,585.3390,0.000320
TAP_TAPCELL_ROW_112_3839,VSS,Metal1,458.0665,585.3390,0.000360
TAP_TAPCELL_ROW_112_3838,VSS,Metal1,418.8665,585.3390,0.000436
TAP_TAPCELL_ROW_112_3837,VSS,Metal1,379.6665,585.3390,0.000448
TAP_TAPCELL_ROW_112_3836,VSS,Metal1,340.4665,585.3390,0.000447
TAP_TAPCELL_ROW_112_3835,VSS,Metal1,301.2665,585.3390,0.000453
TAP_TAPCELL_ROW_112_3834,VSS,Metal1,262.0665,585.3390,0.000440
TAP_TAPCELL_ROW_112_3833,VSS,Metal1,222.8665,585.3390,0.000402
TAP_TAPCELL_ROW_112_3832,VSS,Metal1,183.6665,585.3390,0.000378
TAP_TAPCELL_ROW_112_3831,VSS,Metal1,144.4665,585.3390,0.000441
TAP_TAPCELL_ROW_112_3830,VSS,Metal1,105.2665,585.3390,0.000483
TAP_TAPCELL_ROW_112_3829,VSS,Metal1,66.0665,585.3390,0.000475
TAP_TAPCELL_ROW_112_3828,VSS,Metal1,26.8665,585.3390,0.000398
TAP_TAPCELL_ROW_111_3827,VSS,Metal1,1065.6665,583.9405,0.000277
TAP_TAPCELL_ROW_111_3826,VSS,Metal1,1026.4665,583.9405,0.000277
TAP_TAPCELL_ROW_111_3825,VSS,Metal1,987.2665,583.9405,0.000273
TAP_TAPCELL_ROW_111_3824,VSS,Metal1,948.0665,583.9405,0.000261
TAP_TAPCELL_ROW_111_3823,VSS,Metal1,908.8665,583.9405,0.000307
TAP_TAPCELL_ROW_111_3822,VSS,Metal1,869.6665,583.9405,0.000325
TAP_TAPCELL_ROW_111_3821,VSS,Metal1,830.4665,583.9405,0.000326
TAP_TAPCELL_ROW_111_3820,VSS,Metal1,791.2665,583.9405,0.000300
TAP_TAPCELL_ROW_111_3819,VSS,Metal1,752.0665,583.9405,0.000322
TAP_TAPCELL_ROW_111_3818,VSS,Metal1,712.8665,583.9405,0.000321
TAP_TAPCELL_ROW_111_3817,VSS,Metal1,673.6665,583.9405,0.000284
TAP_TAPCELL_ROW_111_3816,VSS,Metal1,634.4665,583.9405,0.000230
TAP_TAPCELL_ROW_111_3815,VSS,Metal1,595.2665,583.9405,0.000254
TAP_TAPCELL_ROW_111_3814,VSS,Metal1,556.0665,583.9405,0.000278
TAP_TAPCELL_ROW_111_3813,VSS,Metal1,516.8665,583.9405,0.000301
TAP_TAPCELL_ROW_111_3812,VSS,Metal1,477.6665,583.9405,0.000359
TAP_TAPCELL_ROW_111_3811,VSS,Metal1,438.4665,583.9405,0.000365
TAP_TAPCELL_ROW_111_3810,VSS,Metal1,399.2665,583.9405,0.000447
TAP_TAPCELL_ROW_111_3809,VSS,Metal1,360.0665,583.9405,0.000450
TAP_TAPCELL_ROW_111_3808,VSS,Metal1,320.8665,583.9405,0.000451
TAP_TAPCELL_ROW_111_3807,VSS,Metal1,281.6665,583.9405,0.000448
TAP_TAPCELL_ROW_111_3806,VSS,Metal1,242.4665,583.9405,0.000438
TAP_TAPCELL_ROW_111_3805,VSS,Metal1,203.2665,583.9405,0.000396
TAP_TAPCELL_ROW_111_3804,VSS,Metal1,164.0665,583.9405,0.000402
TAP_TAPCELL_ROW_111_3803,VSS,Metal1,124.8665,583.9405,0.000484
TAP_TAPCELL_ROW_111_3802,VSS,Metal1,85.6665,583.9405,0.000478
TAP_TAPCELL_ROW_111_3801,VSS,Metal1,46.4665,583.9405,0.000422
TAP_TAPCELL_ROW_110_3800,VSS,Metal1,1085.2665,575.2590,0.000590
TAP_TAPCELL_ROW_110_3799,VSS,Metal1,1046.0665,575.2590,0.000578
TAP_TAPCELL_ROW_110_3798,VSS,Metal1,1006.8665,575.2590,0.000549
TAP_TAPCELL_ROW_110_3797,VSS,Metal1,967.6665,575.2590,0.000435
TAP_TAPCELL_ROW_110_3796,VSS,Metal1,928.4665,575.2590,0.000403
TAP_TAPCELL_ROW_110_3795,VSS,Metal1,889.2665,575.2590,0.000402
TAP_TAPCELL_ROW_110_3794,VSS,Metal1,850.0665,575.2590,0.000399
TAP_TAPCELL_ROW_110_3793,VSS,Metal1,810.8665,575.2590,0.000368
TAP_TAPCELL_ROW_110_3792,VSS,Metal1,771.6665,575.2590,0.000402
TAP_TAPCELL_ROW_110_3791,VSS,Metal1,732.4665,575.2590,0.000407
TAP_TAPCELL_ROW_110_3790,VSS,Metal1,693.2665,575.2590,0.000406
TAP_TAPCELL_ROW_110_3789,VSS,Metal1,654.0665,575.2590,0.000351
TAP_TAPCELL_ROW_110_3788,VSS,Metal1,614.8665,575.2590,0.000356
TAP_TAPCELL_ROW_110_3787,VSS,Metal1,575.6665,575.2590,0.000386
TAP_TAPCELL_ROW_110_3786,VSS,Metal1,536.4665,575.2590,0.000396
TAP_TAPCELL_ROW_110_3785,VSS,Metal1,497.2665,575.2590,0.000391
TAP_TAPCELL_ROW_110_3784,VSS,Metal1,458.0665,575.2590,0.000454
TAP_TAPCELL_ROW_110_3783,VSS,Metal1,418.8665,575.2590,0.000456
TAP_TAPCELL_ROW_110_3782,VSS,Metal1,379.6665,575.2590,0.000435
TAP_TAPCELL_ROW_110_3781,VSS,Metal1,340.4665,575.2590,0.000410
TAP_TAPCELL_ROW_110_3780,VSS,Metal1,301.2665,575.2590,0.000432
TAP_TAPCELL_ROW_110_3779,VSS,Metal1,262.0665,575.2590,0.000440
TAP_TAPCELL_ROW_110_3778,VSS,Metal1,222.8665,575.2590,0.000478
TAP_TAPCELL_ROW_110_3777,VSS,Metal1,183.6665,575.2590,0.000464
TAP_TAPCELL_ROW_110_3776,VSS,Metal1,144.4665,575.2590,0.000490
TAP_TAPCELL_ROW_110_3775,VSS,Metal1,105.2665,575.2590,0.000493
TAP_TAPCELL_ROW_110_3774,VSS,Metal1,66.0665,575.2590,0.000461
TAP_TAPCELL_ROW_110_3773,VSS,Metal1,26.8665,575.2590,0.000417
TAP_TAPCELL_ROW_109_3772,VSS,Metal1,1065.6665,573.8605,0.000590
TAP_TAPCELL_ROW_109_3771,VSS,Metal1,1026.4665,573.8605,0.000559
TAP_TAPCELL_ROW_109_3770,VSS,Metal1,987.2665,573.8605,0.000499
TAP_TAPCELL_ROW_109_3769,VSS,Metal1,948.0665,573.8605,0.000404
TAP_TAPCELL_ROW_109_3768,VSS,Metal1,908.8665,573.8605,0.000403
TAP_TAPCELL_ROW_109_3767,VSS,Metal1,869.6665,573.8605,0.000400
TAP_TAPCELL_ROW_109_3766,VSS,Metal1,830.4665,573.8605,0.000379
TAP_TAPCELL_ROW_109_3765,VSS,Metal1,791.2665,573.8605,0.000347
TAP_TAPCELL_ROW_109_3764,VSS,Metal1,752.0665,573.8605,0.000402
TAP_TAPCELL_ROW_109_3763,VSS,Metal1,712.8665,573.8605,0.000410
TAP_TAPCELL_ROW_109_3762,VSS,Metal1,673.6665,573.8605,0.000363
TAP_TAPCELL_ROW_109_3761,VSS,Metal1,634.4665,573.8605,0.000319
TAP_TAPCELL_ROW_109_3760,VSS,Metal1,595.2665,573.8605,0.000382
TAP_TAPCELL_ROW_109_3759,VSS,Metal1,556.0665,573.8605,0.000390
TAP_TAPCELL_ROW_109_3758,VSS,Metal1,516.8665,573.8605,0.000393
TAP_TAPCELL_ROW_109_3757,VSS,Metal1,477.6665,573.8605,0.000440
TAP_TAPCELL_ROW_109_3756,VSS,Metal1,438.4665,573.8605,0.000458
TAP_TAPCELL_ROW_109_3755,VSS,Metal1,399.2665,573.8605,0.000450
TAP_TAPCELL_ROW_109_3754,VSS,Metal1,360.0665,573.8605,0.000426
TAP_TAPCELL_ROW_109_3753,VSS,Metal1,320.8665,573.8605,0.000384
TAP_TAPCELL_ROW_109_3752,VSS,Metal1,281.6665,573.8605,0.000432
TAP_TAPCELL_ROW_109_3751,VSS,Metal1,242.4665,573.8605,0.000458
TAP_TAPCELL_ROW_109_3750,VSS,Metal1,203.2665,573.8605,0.000483
TAP_TAPCELL_ROW_109_3749,VSS,Metal1,164.0665,573.8605,0.000486
TAP_TAPCELL_ROW_109_3748,VSS,Metal1,124.8665,573.8605,0.000492
TAP_TAPCELL_ROW_109_3747,VSS,Metal1,85.6665,573.8605,0.000466
TAP_TAPCELL_ROW_109_3746,VSS,Metal1,46.4665,573.8605,0.000420
TAP_TAPCELL_ROW_108_3745,VSS,Metal1,1085.2665,565.1790,0.000450
TAP_TAPCELL_ROW_108_3744,VSS,Metal1,1046.0665,565.1790,0.000449
TAP_TAPCELL_ROW_108_3743,VSS,Metal1,1006.8665,565.1790,0.000421
TAP_TAPCELL_ROW_108_3742,VSS,Metal1,967.6665,565.1790,0.000373
TAP_TAPCELL_ROW_108_3741,VSS,Metal1,928.4665,565.1790,0.000390
TAP_TAPCELL_ROW_108_3740,VSS,Metal1,889.2665,565.1790,0.000432
TAP_TAPCELL_ROW_108_3739,VSS,Metal1,850.0665,565.1790,0.000410
TAP_TAPCELL_ROW_108_3738,VSS,Metal1,810.8665,565.1790,0.000386
TAP_TAPCELL_ROW_108_3737,VSS,Metal1,771.6665,565.1790,0.000430
TAP_TAPCELL_ROW_108_3736,VSS,Metal1,732.4665,565.1790,0.000487
TAP_TAPCELL_ROW_108_3735,VSS,Metal1,693.2665,565.1790,0.000477
TAP_TAPCELL_ROW_108_3734,VSS,Metal1,654.0665,565.1790,0.000438
TAP_TAPCELL_ROW_108_3733,VSS,Metal1,614.8665,565.1790,0.000517
TAP_TAPCELL_ROW_108_3732,VSS,Metal1,575.6665,565.1790,0.000609
TAP_TAPCELL_ROW_108_3731,VSS,Metal1,536.4665,565.1790,0.000635
TAP_TAPCELL_ROW_108_3730,VSS,Metal1,497.2665,565.1790,0.000545
TAP_TAPCELL_ROW_108_3729,VSS,Metal1,458.0665,565.1790,0.000607
TAP_TAPCELL_ROW_108_3728,VSS,Metal1,418.8665,565.1790,0.000648
TAP_TAPCELL_ROW_108_3727,VSS,Metal1,379.6665,565.1790,0.000637
TAP_TAPCELL_ROW_108_3726,VSS,Metal1,340.4665,565.1790,0.000525
TAP_TAPCELL_ROW_108_3725,VSS,Metal1,301.2665,565.1790,0.000518
TAP_TAPCELL_ROW_108_3724,VSS,Metal1,262.0665,565.1790,0.000526
TAP_TAPCELL_ROW_108_3723,VSS,Metal1,222.8665,565.1790,0.000510
TAP_TAPCELL_ROW_108_3722,VSS,Metal1,183.6665,565.1790,0.000348
TAP_TAPCELL_ROW_108_3721,VSS,Metal1,144.4665,565.1790,0.000389
TAP_TAPCELL_ROW_108_3720,VSS,Metal1,105.2665,565.1790,0.000394
TAP_TAPCELL_ROW_108_3719,VSS,Metal1,66.0665,565.1790,0.000373
TAP_TAPCELL_ROW_108_3718,VSS,Metal1,26.8665,565.1790,0.000297
TAP_TAPCELL_ROW_107_3717,VSS,Metal1,1065.6665,563.7805,0.000450
TAP_TAPCELL_ROW_107_3716,VSS,Metal1,1026.4665,563.7805,0.000434
TAP_TAPCELL_ROW_107_3715,VSS,Metal1,987.2665,563.7805,0.000417
TAP_TAPCELL_ROW_107_3714,VSS,Metal1,948.0665,563.7805,0.000344
TAP_TAPCELL_ROW_107_3713,VSS,Metal1,908.8665,563.7805,0.000423
TAP_TAPCELL_ROW_107_3712,VSS,Metal1,869.6665,563.7805,0.000425
TAP_TAPCELL_ROW_107_3711,VSS,Metal1,830.4665,563.7805,0.000402
TAP_TAPCELL_ROW_107_3710,VSS,Metal1,791.2665,563.7805,0.000389
TAP_TAPCELL_ROW_107_3709,VSS,Metal1,752.0665,563.7805,0.000465
TAP_TAPCELL_ROW_107_3708,VSS,Metal1,712.8665,563.7805,0.000486
TAP_TAPCELL_ROW_107_3707,VSS,Metal1,673.6665,563.7805,0.000472
TAP_TAPCELL_ROW_107_3706,VSS,Metal1,634.4665,563.7805,0.000419
TAP_TAPCELL_ROW_107_3705,VSS,Metal1,595.2665,563.7805,0.000546
TAP_TAPCELL_ROW_107_3704,VSS,Metal1,556.0665,563.7805,0.000635
TAP_TAPCELL_ROW_107_3703,VSS,Metal1,516.8665,563.7805,0.000600
TAP_TAPCELL_ROW_107_3702,VSS,Metal1,477.6665,563.7805,0.000566
TAP_TAPCELL_ROW_107_3701,VSS,Metal1,438.4665,563.7805,0.000640
TAP_TAPCELL_ROW_107_3700,VSS,Metal1,399.2665,563.7805,0.000644
TAP_TAPCELL_ROW_107_3699,VSS,Metal1,360.0665,563.7805,0.000634
TAP_TAPCELL_ROW_107_3698,VSS,Metal1,320.8665,563.7805,0.000517
TAP_TAPCELL_ROW_107_3697,VSS,Metal1,281.6665,563.7805,0.000520
TAP_TAPCELL_ROW_107_3696,VSS,Metal1,242.4665,563.7805,0.000524
TAP_TAPCELL_ROW_107_3695,VSS,Metal1,203.2665,563.7805,0.000415
TAP_TAPCELL_ROW_107_3694,VSS,Metal1,164.0665,563.7805,0.000346
TAP_TAPCELL_ROW_107_3693,VSS,Metal1,124.8665,563.7805,0.000393
TAP_TAPCELL_ROW_107_3692,VSS,Metal1,85.6665,563.7805,0.000389
TAP_TAPCELL_ROW_107_3691,VSS,Metal1,46.4665,563.7805,0.000321
TAP_TAPCELL_ROW_106_3690,VSS,Metal1,1085.2665,555.0990,0.000348
TAP_TAPCELL_ROW_106_3689,VSS,Metal1,1046.0665,555.0990,0.000343
TAP_TAPCELL_ROW_106_3688,VSS,Metal1,1006.8665,555.0990,0.000322
TAP_TAPCELL_ROW_106_3687,VSS,Metal1,967.6665,555.0990,0.000257
TAP_TAPCELL_ROW_106_3686,VSS,Metal1,928.4665,555.0990,0.000249
TAP_TAPCELL_ROW_106_3685,VSS,Metal1,889.2665,555.0990,0.000239
TAP_TAPCELL_ROW_106_3684,VSS,Metal1,850.0665,555.0990,0.000226
TAP_TAPCELL_ROW_106_3683,VSS,Metal1,810.8665,555.0990,0.000208
TAP_TAPCELL_ROW_106_3682,VSS,Metal1,771.6665,555.0990,0.000216
TAP_TAPCELL_ROW_106_3681,VSS,Metal1,732.4665,555.0990,0.000326
TAP_TAPCELL_ROW_106_3680,VSS,Metal1,693.2665,555.0990,0.000381
TAP_TAPCELL_ROW_106_3679,VSS,Metal1,654.0665,555.0990,0.000427
TAP_TAPCELL_ROW_106_3678,VSS,Metal1,614.8665,555.0990,0.000469
TAP_TAPCELL_ROW_106_3677,VSS,Metal1,575.6665,555.0990,0.000584
TAP_TAPCELL_ROW_106_3676,VSS,Metal1,536.4665,555.0990,0.000597
TAP_TAPCELL_ROW_106_3675,VSS,Metal1,497.2665,555.0990,0.000556
TAP_TAPCELL_ROW_106_3674,VSS,Metal1,458.0665,555.0990,0.000609
TAP_TAPCELL_ROW_106_3673,VSS,Metal1,418.8665,555.0990,0.000613
TAP_TAPCELL_ROW_106_3672,VSS,Metal1,379.6665,555.0990,0.000558
TAP_TAPCELL_ROW_106_3671,VSS,Metal1,340.4665,555.0990,0.000524
TAP_TAPCELL_ROW_106_3670,VSS,Metal1,301.2665,555.0990,0.000536
TAP_TAPCELL_ROW_106_3669,VSS,Metal1,262.0665,555.0990,0.000558
TAP_TAPCELL_ROW_106_3668,VSS,Metal1,222.8665,555.0990,0.000537
TAP_TAPCELL_ROW_106_3667,VSS,Metal1,183.6665,555.0990,0.000425
TAP_TAPCELL_ROW_106_3666,VSS,Metal1,144.4665,555.0990,0.000466
TAP_TAPCELL_ROW_106_3665,VSS,Metal1,105.2665,555.0990,0.000508
TAP_TAPCELL_ROW_106_3664,VSS,Metal1,66.0665,555.0990,0.000499
TAP_TAPCELL_ROW_106_3663,VSS,Metal1,26.8665,555.0990,0.000424
TAP_TAPCELL_ROW_105_3662,VSS,Metal1,1065.6665,553.7005,0.000346
TAP_TAPCELL_ROW_105_3661,VSS,Metal1,1026.4665,553.7005,0.000339
TAP_TAPCELL_ROW_105_3660,VSS,Metal1,987.2665,553.7005,0.000296
TAP_TAPCELL_ROW_105_3659,VSS,Metal1,948.0665,553.7005,0.000248
TAP_TAPCELL_ROW_105_3658,VSS,Metal1,908.8665,553.7005,0.000244
TAP_TAPCELL_ROW_105_3657,VSS,Metal1,869.6665,553.7005,0.000229
TAP_TAPCELL_ROW_105_3656,VSS,Metal1,830.4665,553.7005,0.000217
TAP_TAPCELL_ROW_105_3655,VSS,Metal1,791.2665,553.7005,0.000205
TAP_TAPCELL_ROW_105_3654,VSS,Metal1,752.0665,553.7005,0.000269
TAP_TAPCELL_ROW_105_3653,VSS,Metal1,712.8665,553.7005,0.000345
TAP_TAPCELL_ROW_105_3652,VSS,Metal1,673.6665,553.7005,0.000417
TAP_TAPCELL_ROW_105_3651,VSS,Metal1,634.4665,553.7005,0.000449
TAP_TAPCELL_ROW_105_3650,VSS,Metal1,595.2665,553.7005,0.000521
TAP_TAPCELL_ROW_105_3649,VSS,Metal1,556.0665,553.7005,0.000597
TAP_TAPCELL_ROW_105_3648,VSS,Metal1,516.8665,553.7005,0.000577
TAP_TAPCELL_ROW_105_3647,VSS,Metal1,477.6665,553.7005,0.000531
TAP_TAPCELL_ROW_105_3646,VSS,Metal1,438.4665,553.7005,0.000613
TAP_TAPCELL_ROW_105_3645,VSS,Metal1,399.2665,553.7005,0.000612
TAP_TAPCELL_ROW_105_3644,VSS,Metal1,360.0665,553.7005,0.000554
TAP_TAPCELL_ROW_105_3643,VSS,Metal1,320.8665,553.7005,0.000535
TAP_TAPCELL_ROW_105_3642,VSS,Metal1,281.6665,553.7005,0.000556
TAP_TAPCELL_ROW_105_3641,VSS,Metal1,242.4665,553.7005,0.000552
TAP_TAPCELL_ROW_105_3640,VSS,Metal1,203.2665,553.7005,0.000480
TAP_TAPCELL_ROW_105_3639,VSS,Metal1,164.0665,553.7005,0.000415
TAP_TAPCELL_ROW_105_3638,VSS,Metal1,124.8665,553.7005,0.000487
TAP_TAPCELL_ROW_105_3637,VSS,Metal1,85.6665,553.7005,0.000504
TAP_TAPCELL_ROW_105_3636,VSS,Metal1,46.4665,553.7005,0.000489
TAP_TAPCELL_ROW_104_3635,VSS,Metal1,1085.2665,545.0190,0.000477
TAP_TAPCELL_ROW_104_3634,VSS,Metal1,1046.0665,545.0190,0.000451
TAP_TAPCELL_ROW_104_3633,VSS,Metal1,1006.8665,545.0190,0.000426
TAP_TAPCELL_ROW_104_3632,VSS,Metal1,967.6665,545.0190,0.000411
TAP_TAPCELL_ROW_104_3631,VSS,Metal1,928.4665,545.0190,0.000379
TAP_TAPCELL_ROW_104_3630,VSS,Metal1,889.2665,545.0190,0.000292
TAP_TAPCELL_ROW_104_3629,VSS,Metal1,850.0665,545.0190,0.000261
TAP_TAPCELL_ROW_104_3628,VSS,Metal1,810.8665,545.0190,0.000241
TAP_TAPCELL_ROW_104_3627,VSS,Metal1,771.6665,545.0190,0.000257
TAP_TAPCELL_ROW_104_3626,VSS,Metal1,732.4665,545.0190,0.000275
TAP_TAPCELL_ROW_104_3625,VSS,Metal1,693.2665,545.0190,0.000267
TAP_TAPCELL_ROW_104_3624,VSS,Metal1,654.0665,545.0190,0.000227
TAP_TAPCELL_ROW_104_3623,VSS,Metal1,614.8665,545.0190,0.000235
TAP_TAPCELL_ROW_104_3622,VSS,Metal1,575.6665,545.0190,0.000285
TAP_TAPCELL_ROW_104_3621,VSS,Metal1,536.4665,545.0190,0.000291
TAP_TAPCELL_ROW_104_3620,VSS,Metal1,497.2665,545.0190,0.000280
TAP_TAPCELL_ROW_104_3619,VSS,Metal1,458.0665,545.0190,0.000299
TAP_TAPCELL_ROW_104_3618,VSS,Metal1,418.8665,545.0190,0.000317
TAP_TAPCELL_ROW_104_3617,VSS,Metal1,379.6665,545.0190,0.000298
TAP_TAPCELL_ROW_104_3616,VSS,Metal1,340.4665,545.0190,0.000293
TAP_TAPCELL_ROW_104_3615,VSS,Metal1,301.2665,545.0190,0.000505
TAP_TAPCELL_ROW_104_3614,VSS,Metal1,262.0665,545.0190,0.000398
TAP_TAPCELL_ROW_104_3613,VSS,Metal1,222.8665,545.0190,0.000363
TAP_TAPCELL_ROW_104_3612,VSS,Metal1,183.6665,545.0190,0.000340
TAP_TAPCELL_ROW_104_3611,VSS,Metal1,144.4665,545.0190,0.000392
TAP_TAPCELL_ROW_104_3610,VSS,Metal1,105.2665,545.0190,0.000398
TAP_TAPCELL_ROW_104_3609,VSS,Metal1,66.0665,545.0190,0.000406
TAP_TAPCELL_ROW_104_3608,VSS,Metal1,26.8665,545.0190,0.000343
TAP_TAPCELL_ROW_103_3607,VSS,Metal1,1065.6665,543.6205,0.000477
TAP_TAPCELL_ROW_103_3606,VSS,Metal1,1026.4665,543.6205,0.000447
TAP_TAPCELL_ROW_103_3605,VSS,Metal1,987.2665,543.6205,0.000419
TAP_TAPCELL_ROW_103_3604,VSS,Metal1,948.0665,543.6205,0.000381
TAP_TAPCELL_ROW_103_3603,VSS,Metal1,908.8665,543.6205,0.000362
TAP_TAPCELL_ROW_103_3602,VSS,Metal1,869.6665,543.6205,0.000286
TAP_TAPCELL_ROW_103_3601,VSS,Metal1,830.4665,543.6205,0.000259
TAP_TAPCELL_ROW_103_3600,VSS,Metal1,791.2665,543.6205,0.000240
TAP_TAPCELL_ROW_103_3599,VSS,Metal1,752.0665,543.6205,0.000275
TAP_TAPCELL_ROW_103_3598,VSS,Metal1,712.8665,543.6205,0.000273
TAP_TAPCELL_ROW_103_3597,VSS,Metal1,673.6665,543.6205,0.000247
TAP_TAPCELL_ROW_103_3596,VSS,Metal1,634.4665,543.6205,0.000231
TAP_TAPCELL_ROW_103_3595,VSS,Metal1,595.2665,543.6205,0.000284
TAP_TAPCELL_ROW_103_3594,VSS,Metal1,556.0665,543.6205,0.000291
TAP_TAPCELL_ROW_103_3593,VSS,Metal1,516.8665,543.6205,0.000290
TAP_TAPCELL_ROW_103_3592,VSS,Metal1,477.6665,543.6205,0.000285
TAP_TAPCELL_ROW_103_3591,VSS,Metal1,438.4665,543.6205,0.000319
TAP_TAPCELL_ROW_103_3590,VSS,Metal1,399.2665,543.6205,0.000314
TAP_TAPCELL_ROW_103_3589,VSS,Metal1,360.0665,543.6205,0.000298
TAP_TAPCELL_ROW_103_3588,VSS,Metal1,320.8665,543.6205,0.000480
TAP_TAPCELL_ROW_103_3587,VSS,Metal1,281.6665,543.6205,0.000501
TAP_TAPCELL_ROW_103_3586,VSS,Metal1,242.4665,543.6205,0.000375
TAP_TAPCELL_ROW_103_3585,VSS,Metal1,203.2665,543.6205,0.000340
TAP_TAPCELL_ROW_103_3584,VSS,Metal1,164.0665,543.6205,0.000378
TAP_TAPCELL_ROW_103_3583,VSS,Metal1,124.8665,543.6205,0.000396
TAP_TAPCELL_ROW_103_3582,VSS,Metal1,85.6665,543.6205,0.000399
TAP_TAPCELL_ROW_103_3581,VSS,Metal1,46.4665,543.6205,0.000399
TAP_TAPCELL_ROW_102_3580,VSS,Metal1,1085.2665,534.9390,0.001076
TAP_TAPCELL_ROW_102_3579,VSS,Metal1,1046.0665,534.9390,0.001040
TAP_TAPCELL_ROW_102_3578,VSS,Metal1,1006.8665,534.9390,0.000993
TAP_TAPCELL_ROW_102_3577,VSS,Metal1,967.6665,534.9390,0.000702
TAP_TAPCELL_ROW_102_3576,VSS,Metal1,928.4665,534.9390,0.000474
TAP_TAPCELL_ROW_102_3575,VSS,Metal1,889.2665,534.9390,0.000442
TAP_TAPCELL_ROW_102_3574,VSS,Metal1,850.0665,534.9390,0.000413
TAP_TAPCELL_ROW_102_3573,VSS,Metal1,810.8665,534.9390,0.000353
TAP_TAPCELL_ROW_102_3572,VSS,Metal1,771.6665,534.9390,0.000381
TAP_TAPCELL_ROW_102_3571,VSS,Metal1,732.4665,534.9390,0.000373
TAP_TAPCELL_ROW_102_3570,VSS,Metal1,693.2665,534.9390,0.000354
TAP_TAPCELL_ROW_102_3569,VSS,Metal1,654.0665,534.9390,0.000342
TAP_TAPCELL_ROW_102_3568,VSS,Metal1,614.8665,534.9390,0.000431
TAP_TAPCELL_ROW_102_3567,VSS,Metal1,575.6665,534.9390,0.000453
TAP_TAPCELL_ROW_102_3566,VSS,Metal1,536.4665,534.9390,0.000453
TAP_TAPCELL_ROW_102_3565,VSS,Metal1,497.2665,534.9390,0.000441
TAP_TAPCELL_ROW_102_3564,VSS,Metal1,458.0665,534.9390,0.000479
TAP_TAPCELL_ROW_102_3563,VSS,Metal1,418.8665,534.9390,0.000499
TAP_TAPCELL_ROW_102_3562,VSS,Metal1,379.6665,534.9390,0.000495
TAP_TAPCELL_ROW_102_3561,VSS,Metal1,340.4665,534.9390,0.000488
TAP_TAPCELL_ROW_102_3560,VSS,Metal1,301.2665,534.9390,0.000514
TAP_TAPCELL_ROW_102_3559,VSS,Metal1,262.0665,534.9390,0.000515
TAP_TAPCELL_ROW_102_3558,VSS,Metal1,222.8665,534.9390,0.000515
TAP_TAPCELL_ROW_102_3557,VSS,Metal1,183.6665,534.9390,0.000511
TAP_TAPCELL_ROW_102_3556,VSS,Metal1,144.4665,534.9390,0.000522
TAP_TAPCELL_ROW_102_3555,VSS,Metal1,105.2665,534.9390,0.000552
TAP_TAPCELL_ROW_102_3554,VSS,Metal1,66.0665,534.9390,0.000537
TAP_TAPCELL_ROW_102_3553,VSS,Metal1,26.8665,534.9390,0.000432
TAP_TAPCELL_ROW_101_3552,VSS,Metal1,1065.6665,533.5405,0.001045
TAP_TAPCELL_ROW_101_3551,VSS,Metal1,1026.4665,533.5405,0.001028
TAP_TAPCELL_ROW_101_3550,VSS,Metal1,987.2665,533.5405,0.000948
TAP_TAPCELL_ROW_101_3549,VSS,Metal1,948.0665,533.5405,0.000466
TAP_TAPCELL_ROW_101_3548,VSS,Metal1,908.8665,533.5405,0.000457
TAP_TAPCELL_ROW_101_3547,VSS,Metal1,869.6665,533.5405,0.000424
TAP_TAPCELL_ROW_101_3546,VSS,Metal1,830.4665,533.5405,0.000383
TAP_TAPCELL_ROW_101_3545,VSS,Metal1,791.2665,533.5405,0.000346
TAP_TAPCELL_ROW_101_3544,VSS,Metal1,752.0665,533.5405,0.000380
TAP_TAPCELL_ROW_101_3543,VSS,Metal1,712.8665,533.5405,0.000362
TAP_TAPCELL_ROW_101_3542,VSS,Metal1,673.6665,533.5405,0.000344
TAP_TAPCELL_ROW_101_3541,VSS,Metal1,634.4665,533.5405,0.000402
TAP_TAPCELL_ROW_101_3540,VSS,Metal1,595.2665,533.5405,0.000437
TAP_TAPCELL_ROW_101_3539,VSS,Metal1,556.0665,533.5405,0.000457
TAP_TAPCELL_ROW_101_3538,VSS,Metal1,516.8665,533.5405,0.000453
TAP_TAPCELL_ROW_101_3537,VSS,Metal1,477.6665,533.5405,0.000466
TAP_TAPCELL_ROW_101_3536,VSS,Metal1,438.4665,533.5405,0.000490
TAP_TAPCELL_ROW_101_3535,VSS,Metal1,399.2665,533.5405,0.000501
TAP_TAPCELL_ROW_101_3534,VSS,Metal1,360.0665,533.5405,0.000491
TAP_TAPCELL_ROW_101_3533,VSS,Metal1,320.8665,533.5405,0.000500
TAP_TAPCELL_ROW_101_3532,VSS,Metal1,281.6665,533.5405,0.000515
TAP_TAPCELL_ROW_101_3531,VSS,Metal1,242.4665,533.5405,0.000515
TAP_TAPCELL_ROW_101_3530,VSS,Metal1,203.2665,533.5405,0.000514
TAP_TAPCELL_ROW_101_3529,VSS,Metal1,164.0665,533.5405,0.000520
TAP_TAPCELL_ROW_101_3528,VSS,Metal1,124.8665,533.5405,0.000548
TAP_TAPCELL_ROW_101_3527,VSS,Metal1,85.6665,533.5405,0.000554
TAP_TAPCELL_ROW_101_3526,VSS,Metal1,46.4665,533.5405,0.000500
TAP_TAPCELL_ROW_100_3525,VSS,Metal1,1085.2665,524.8590,0.000570
TAP_TAPCELL_ROW_100_3524,VSS,Metal1,1046.0665,524.8590,0.000562
TAP_TAPCELL_ROW_100_3523,VSS,Metal1,1006.8665,524.8590,0.000551
TAP_TAPCELL_ROW_100_3522,VSS,Metal1,967.6665,524.8590,0.000404
TAP_TAPCELL_ROW_100_3521,VSS,Metal1,928.4665,524.8590,0.000362
TAP_TAPCELL_ROW_100_3520,VSS,Metal1,889.2665,524.8590,0.000342
TAP_TAPCELL_ROW_100_3519,VSS,Metal1,850.0665,524.8590,0.000311
TAP_TAPCELL_ROW_100_3518,VSS,Metal1,810.8665,524.8590,0.000255
TAP_TAPCELL_ROW_100_3517,VSS,Metal1,771.6665,524.8590,0.000270
TAP_TAPCELL_ROW_100_3516,VSS,Metal1,732.4665,524.8590,0.000306
TAP_TAPCELL_ROW_100_3515,VSS,Metal1,693.2665,524.8590,0.000314
TAP_TAPCELL_ROW_100_3514,VSS,Metal1,654.0665,524.8590,0.000319
TAP_TAPCELL_ROW_100_3513,VSS,Metal1,614.8665,524.8590,0.000318
TAP_TAPCELL_ROW_100_3512,VSS,Metal1,575.6665,524.8590,0.000297
TAP_TAPCELL_ROW_100_3511,VSS,Metal1,536.4665,524.8590,0.000288
TAP_TAPCELL_ROW_100_3510,VSS,Metal1,497.2665,524.8590,0.000257
TAP_TAPCELL_ROW_100_3509,VSS,Metal1,458.0665,524.8590,0.000251
TAP_TAPCELL_ROW_100_3508,VSS,Metal1,418.8665,524.8590,0.000253
TAP_TAPCELL_ROW_100_3507,VSS,Metal1,379.6665,524.8590,0.000239
TAP_TAPCELL_ROW_100_3506,VSS,Metal1,340.4665,524.8590,0.000192
TAP_TAPCELL_ROW_100_3505,VSS,Metal1,301.2665,524.8590,0.000193
TAP_TAPCELL_ROW_100_3504,VSS,Metal1,262.0665,524.8590,0.000197
TAP_TAPCELL_ROW_100_3503,VSS,Metal1,222.8665,524.8590,0.000205
TAP_TAPCELL_ROW_100_3502,VSS,Metal1,183.6665,524.8590,0.000220
TAP_TAPCELL_ROW_100_3501,VSS,Metal1,144.4665,524.8590,0.000360
TAP_TAPCELL_ROW_100_3500,VSS,Metal1,105.2665,524.8590,0.000442
TAP_TAPCELL_ROW_100_3499,VSS,Metal1,66.0665,524.8590,0.000427
TAP_TAPCELL_ROW_100_3498,VSS,Metal1,26.8665,524.8590,0.000306
TAP_TAPCELL_ROW_99_3497,VSS,Metal1,1065.6665,523.4605,0.000569
TAP_TAPCELL_ROW_99_3496,VSS,Metal1,1026.4665,523.4605,0.000561
TAP_TAPCELL_ROW_99_3495,VSS,Metal1,987.2665,523.4605,0.000412
TAP_TAPCELL_ROW_99_3494,VSS,Metal1,948.0665,523.4605,0.000356
TAP_TAPCELL_ROW_99_3493,VSS,Metal1,908.8665,523.4605,0.000360
TAP_TAPCELL_ROW_99_3492,VSS,Metal1,869.6665,523.4605,0.000325
TAP_TAPCELL_ROW_99_3491,VSS,Metal1,830.4665,523.4605,0.000290
TAP_TAPCELL_ROW_99_3490,VSS,Metal1,791.2665,523.4605,0.000236
TAP_TAPCELL_ROW_99_3489,VSS,Metal1,752.0665,523.4605,0.000279
TAP_TAPCELL_ROW_99_3488,VSS,Metal1,712.8665,523.4605,0.000307
TAP_TAPCELL_ROW_99_3487,VSS,Metal1,673.6665,523.4605,0.000319
TAP_TAPCELL_ROW_99_3486,VSS,Metal1,634.4665,523.4605,0.000318
TAP_TAPCELL_ROW_99_3485,VSS,Metal1,595.2665,523.4605,0.000316
TAP_TAPCELL_ROW_99_3484,VSS,Metal1,556.0665,523.4605,0.000292
TAP_TAPCELL_ROW_99_3483,VSS,Metal1,516.8665,523.4605,0.000264
TAP_TAPCELL_ROW_99_3482,VSS,Metal1,477.6665,523.4605,0.000242
TAP_TAPCELL_ROW_99_3481,VSS,Metal1,438.4665,523.4605,0.000253
TAP_TAPCELL_ROW_99_3480,VSS,Metal1,399.2665,523.4605,0.000248
TAP_TAPCELL_ROW_99_3479,VSS,Metal1,360.0665,523.4605,0.000236
TAP_TAPCELL_ROW_99_3478,VSS,Metal1,320.8665,523.4605,0.000191
TAP_TAPCELL_ROW_99_3477,VSS,Metal1,281.6665,523.4605,0.000195
TAP_TAPCELL_ROW_99_3476,VSS,Metal1,242.4665,523.4605,0.000204
TAP_TAPCELL_ROW_99_3475,VSS,Metal1,203.2665,523.4605,0.000213
TAP_TAPCELL_ROW_99_3474,VSS,Metal1,164.0665,523.4605,0.000311
TAP_TAPCELL_ROW_99_3473,VSS,Metal1,124.8665,523.4605,0.000382
TAP_TAPCELL_ROW_99_3472,VSS,Metal1,85.6665,523.4605,0.000455
TAP_TAPCELL_ROW_99_3471,VSS,Metal1,46.4665,523.4605,0.000342
TAP_TAPCELL_ROW_98_3470,VSS,Metal1,1085.2665,514.7790,0.000472
TAP_TAPCELL_ROW_98_3469,VSS,Metal1,1046.0665,514.7790,0.000430
TAP_TAPCELL_ROW_98_3468,VSS,Metal1,1006.8665,514.7790,0.000398
TAP_TAPCELL_ROW_98_3467,VSS,Metal1,967.6665,514.7790,0.000343
TAP_TAPCELL_ROW_98_3466,VSS,Metal1,928.4665,514.7790,0.000351
TAP_TAPCELL_ROW_98_3465,VSS,Metal1,889.2665,514.7790,0.000444
TAP_TAPCELL_ROW_98_3464,VSS,Metal1,850.0665,514.7790,0.000446
TAP_TAPCELL_ROW_98_3463,VSS,Metal1,810.8665,514.7790,0.000371
TAP_TAPCELL_ROW_98_3462,VSS,Metal1,771.6665,514.7790,0.000325
TAP_TAPCELL_ROW_98_3461,VSS,Metal1,732.4665,514.7790,0.000336
TAP_TAPCELL_ROW_98_3460,VSS,Metal1,693.2665,514.7790,0.000335
TAP_TAPCELL_ROW_98_3459,VSS,Metal1,654.0665,514.7790,0.000321
TAP_TAPCELL_ROW_98_3458,VSS,Metal1,614.8665,514.7790,0.000293
TAP_TAPCELL_ROW_98_3457,VSS,Metal1,575.6665,514.7790,0.000295
TAP_TAPCELL_ROW_98_3456,VSS,Metal1,536.4665,514.7790,0.000270
TAP_TAPCELL_ROW_98_3455,VSS,Metal1,497.2665,514.7790,0.000263
TAP_TAPCELL_ROW_98_3454,VSS,Metal1,458.0665,514.7790,0.000270
TAP_TAPCELL_ROW_98_3453,VSS,Metal1,418.8665,514.7790,0.000275
TAP_TAPCELL_ROW_98_3452,VSS,Metal1,379.6665,514.7790,0.000262
TAP_TAPCELL_ROW_98_3451,VSS,Metal1,340.4665,514.7790,0.000237
TAP_TAPCELL_ROW_98_3450,VSS,Metal1,301.2665,514.7790,0.000230
TAP_TAPCELL_ROW_98_3449,VSS,Metal1,262.0665,514.7790,0.000216
TAP_TAPCELL_ROW_98_3448,VSS,Metal1,222.8665,514.7790,0.000199
TAP_TAPCELL_ROW_98_3447,VSS,Metal1,183.6665,514.7790,0.000175
TAP_TAPCELL_ROW_98_3446,VSS,Metal1,144.4665,514.7790,0.000193
TAP_TAPCELL_ROW_98_3445,VSS,Metal1,105.2665,514.7790,0.000238
TAP_TAPCELL_ROW_98_3444,VSS,Metal1,66.0665,514.7790,0.000226
TAP_TAPCELL_ROW_98_3443,VSS,Metal1,26.8665,514.7790,0.000213
TAP_TAPCELL_ROW_97_3442,VSS,Metal1,1065.6665,513.3805,0.000472
TAP_TAPCELL_ROW_97_3441,VSS,Metal1,1026.4665,513.3805,0.000411
TAP_TAPCELL_ROW_97_3440,VSS,Metal1,987.2665,513.3805,0.000392
TAP_TAPCELL_ROW_97_3439,VSS,Metal1,948.0665,513.3805,0.000325
TAP_TAPCELL_ROW_97_3438,VSS,Metal1,908.8665,513.3805,0.000383
TAP_TAPCELL_ROW_97_3437,VSS,Metal1,869.6665,513.3805,0.000451
TAP_TAPCELL_ROW_97_3436,VSS,Metal1,830.4665,513.3805,0.000437
TAP_TAPCELL_ROW_97_3435,VSS,Metal1,791.2665,513.3805,0.000324
TAP_TAPCELL_ROW_97_3434,VSS,Metal1,752.0665,513.3805,0.000336
TAP_TAPCELL_ROW_97_3433,VSS,Metal1,712.8665,513.3805,0.000335
TAP_TAPCELL_ROW_97_3432,VSS,Metal1,673.6665,513.3805,0.000326
TAP_TAPCELL_ROW_97_3431,VSS,Metal1,634.4665,513.3805,0.000272
TAP_TAPCELL_ROW_97_3430,VSS,Metal1,595.2665,513.3805,0.000294
TAP_TAPCELL_ROW_97_3429,VSS,Metal1,556.0665,513.3805,0.000295
TAP_TAPCELL_ROW_97_3428,VSS,Metal1,516.8665,513.3805,0.000265
TAP_TAPCELL_ROW_97_3427,VSS,Metal1,477.6665,513.3805,0.000267
TAP_TAPCELL_ROW_97_3426,VSS,Metal1,438.4665,513.3805,0.000275
TAP_TAPCELL_ROW_97_3425,VSS,Metal1,399.2665,513.3805,0.000267
TAP_TAPCELL_ROW_97_3424,VSS,Metal1,360.0665,513.3805,0.000244
TAP_TAPCELL_ROW_97_3423,VSS,Metal1,320.8665,513.3805,0.000219
TAP_TAPCELL_ROW_97_3422,VSS,Metal1,281.6665,513.3805,0.000230
TAP_TAPCELL_ROW_97_3421,VSS,Metal1,242.4665,513.3805,0.000205
TAP_TAPCELL_ROW_97_3420,VSS,Metal1,203.2665,513.3805,0.000177
TAP_TAPCELL_ROW_97_3419,VSS,Metal1,164.0665,513.3805,0.000187
TAP_TAPCELL_ROW_97_3418,VSS,Metal1,124.8665,513.3805,0.000213
TAP_TAPCELL_ROW_97_3417,VSS,Metal1,85.6665,513.3805,0.000238
TAP_TAPCELL_ROW_97_3416,VSS,Metal1,46.4665,513.3805,0.000218
TAP_TAPCELL_ROW_96_3415,VSS,Metal1,1085.2665,504.6990,0.000502
TAP_TAPCELL_ROW_96_3414,VSS,Metal1,1046.0665,504.6990,0.000480
TAP_TAPCELL_ROW_96_3413,VSS,Metal1,1006.8665,504.6990,0.000413
TAP_TAPCELL_ROW_96_3412,VSS,Metal1,967.6665,504.6990,0.000346
TAP_TAPCELL_ROW_96_3411,VSS,Metal1,928.4665,504.6990,0.000327
TAP_TAPCELL_ROW_96_3410,VSS,Metal1,889.2665,504.6990,0.000362
TAP_TAPCELL_ROW_96_3409,VSS,Metal1,850.0665,504.6990,0.000369
TAP_TAPCELL_ROW_96_3408,VSS,Metal1,810.8665,504.6990,0.000344
TAP_TAPCELL_ROW_96_3407,VSS,Metal1,771.6665,504.6990,0.000402
TAP_TAPCELL_ROW_96_3406,VSS,Metal1,732.4665,504.6990,0.000442
TAP_TAPCELL_ROW_96_3405,VSS,Metal1,693.2665,504.6990,0.000382
TAP_TAPCELL_ROW_96_3404,VSS,Metal1,654.0665,504.6990,0.000334
TAP_TAPCELL_ROW_96_3403,VSS,Metal1,614.8665,504.6990,0.000291
TAP_TAPCELL_ROW_96_3402,VSS,Metal1,575.6665,504.6990,0.000301
TAP_TAPCELL_ROW_96_3401,VSS,Metal1,536.4665,504.6990,0.000289
TAP_TAPCELL_ROW_96_3400,VSS,Metal1,497.2665,504.6990,0.000271
TAP_TAPCELL_ROW_96_3399,VSS,Metal1,458.0665,504.6990,0.000331
TAP_TAPCELL_ROW_96_3398,VSS,Metal1,418.8665,504.6990,0.000379
TAP_TAPCELL_ROW_96_3397,VSS,Metal1,379.6665,504.6990,0.000434
TAP_TAPCELL_ROW_96_3396,VSS,Metal1,340.4665,504.6990,0.000435
TAP_TAPCELL_ROW_96_3395,VSS,Metal1,301.2665,504.6990,0.000472
TAP_TAPCELL_ROW_96_3394,VSS,Metal1,262.0665,504.6990,0.000522
TAP_TAPCELL_ROW_96_3393,VSS,Metal1,222.8665,504.6990,0.000488
TAP_TAPCELL_ROW_96_3392,VSS,Metal1,183.6665,504.6990,0.000408
TAP_TAPCELL_ROW_96_3391,VSS,Metal1,144.4665,504.6990,0.000450
TAP_TAPCELL_ROW_96_3390,VSS,Metal1,105.2665,504.6990,0.000455
TAP_TAPCELL_ROW_96_3389,VSS,Metal1,66.0665,504.6990,0.000441
TAP_TAPCELL_ROW_96_3388,VSS,Metal1,26.8665,504.6990,0.000412
TAP_TAPCELL_ROW_95_3387,VSS,Metal1,1065.6665,503.3005,0.000497
TAP_TAPCELL_ROW_95_3386,VSS,Metal1,1026.4665,503.3005,0.000471
TAP_TAPCELL_ROW_95_3385,VSS,Metal1,987.2665,503.3005,0.000370
TAP_TAPCELL_ROW_95_3384,VSS,Metal1,948.0665,503.3005,0.000316
TAP_TAPCELL_ROW_95_3383,VSS,Metal1,908.8665,503.3005,0.000339
TAP_TAPCELL_ROW_95_3382,VSS,Metal1,869.6665,503.3005,0.000364
TAP_TAPCELL_ROW_95_3381,VSS,Metal1,830.4665,503.3005,0.000352
TAP_TAPCELL_ROW_95_3380,VSS,Metal1,791.2665,503.3005,0.000316
TAP_TAPCELL_ROW_95_3379,VSS,Metal1,752.0665,503.3005,0.000451
TAP_TAPCELL_ROW_95_3378,VSS,Metal1,712.8665,503.3005,0.000433
TAP_TAPCELL_ROW_95_3377,VSS,Metal1,673.6665,503.3005,0.000374
TAP_TAPCELL_ROW_95_3376,VSS,Metal1,634.4665,503.3005,0.000283
TAP_TAPCELL_ROW_95_3375,VSS,Metal1,595.2665,503.3005,0.000299
TAP_TAPCELL_ROW_95_3374,VSS,Metal1,556.0665,503.3005,0.000303
TAP_TAPCELL_ROW_95_3373,VSS,Metal1,516.8665,503.3005,0.000276
TAP_TAPCELL_ROW_95_3372,VSS,Metal1,477.6665,503.3005,0.000300
TAP_TAPCELL_ROW_95_3371,VSS,Metal1,438.4665,503.3005,0.000378
TAP_TAPCELL_ROW_95_3370,VSS,Metal1,399.2665,503.3005,0.000426
TAP_TAPCELL_ROW_95_3369,VSS,Metal1,360.0665,503.3005,0.000436
TAP_TAPCELL_ROW_95_3368,VSS,Metal1,320.8665,503.3005,0.000470
TAP_TAPCELL_ROW_95_3367,VSS,Metal1,281.6665,503.3005,0.000512
TAP_TAPCELL_ROW_95_3366,VSS,Metal1,242.4665,503.3005,0.000521
TAP_TAPCELL_ROW_95_3365,VSS,Metal1,203.2665,503.3005,0.000488
TAP_TAPCELL_ROW_95_3364,VSS,Metal1,164.0665,503.3005,0.000447
TAP_TAPCELL_ROW_95_3363,VSS,Metal1,124.8665,503.3005,0.000450
TAP_TAPCELL_ROW_95_3362,VSS,Metal1,85.6665,503.3005,0.000445
TAP_TAPCELL_ROW_95_3361,VSS,Metal1,46.4665,503.3005,0.000430
TAP_TAPCELL_ROW_94_3360,VSS,Metal1,1085.2665,494.6190,0.001013
TAP_TAPCELL_ROW_94_3359,VSS,Metal1,1046.0665,494.6190,0.000987
TAP_TAPCELL_ROW_94_3358,VSS,Metal1,1006.8665,494.6190,0.000963
TAP_TAPCELL_ROW_94_3357,VSS,Metal1,967.6665,494.6190,0.000924
TAP_TAPCELL_ROW_94_3356,VSS,Metal1,928.4665,494.6190,0.000569
TAP_TAPCELL_ROW_94_3355,VSS,Metal1,889.2665,494.6190,0.000544
TAP_TAPCELL_ROW_94_3354,VSS,Metal1,850.0665,494.6190,0.000438
TAP_TAPCELL_ROW_94_3353,VSS,Metal1,810.8665,494.6190,0.000396
TAP_TAPCELL_ROW_94_3352,VSS,Metal1,771.6665,494.6190,0.000285
TAP_TAPCELL_ROW_94_3351,VSS,Metal1,732.4665,494.6190,0.000260
TAP_TAPCELL_ROW_94_3350,VSS,Metal1,693.2665,494.6190,0.000208
TAP_TAPCELL_ROW_94_3349,VSS,Metal1,654.0665,494.6190,0.000198
TAP_TAPCELL_ROW_94_3348,VSS,Metal1,614.8665,494.6190,0.000212
TAP_TAPCELL_ROW_94_3347,VSS,Metal1,575.6665,494.6190,0.000238
TAP_TAPCELL_ROW_94_3346,VSS,Metal1,536.4665,494.6190,0.000295
TAP_TAPCELL_ROW_94_3345,VSS,Metal1,497.2665,494.6190,0.000317
TAP_TAPCELL_ROW_94_3344,VSS,Metal1,458.0665,494.6190,0.000480
TAP_TAPCELL_ROW_94_3343,VSS,Metal1,418.8665,494.6190,0.000536
TAP_TAPCELL_ROW_94_3342,VSS,Metal1,379.6665,494.6190,0.000574
TAP_TAPCELL_ROW_94_3341,VSS,Metal1,340.4665,494.6190,0.000534
TAP_TAPCELL_ROW_94_3340,VSS,Metal1,301.2665,494.6190,0.000577
TAP_TAPCELL_ROW_94_3339,VSS,Metal1,262.0665,494.6190,0.000574
TAP_TAPCELL_ROW_94_3338,VSS,Metal1,222.8665,494.6190,0.000429
TAP_TAPCELL_ROW_94_3337,VSS,Metal1,183.6665,494.6190,0.000379
TAP_TAPCELL_ROW_94_3336,VSS,Metal1,144.4665,494.6190,0.000382
TAP_TAPCELL_ROW_94_3335,VSS,Metal1,105.2665,494.6190,0.000357
TAP_TAPCELL_ROW_94_3334,VSS,Metal1,66.0665,494.6190,0.000280
TAP_TAPCELL_ROW_94_3333,VSS,Metal1,26.8665,494.6190,0.000202
TAP_TAPCELL_ROW_93_3332,VSS,Metal1,1065.6665,493.2205,0.001008
TAP_TAPCELL_ROW_93_3331,VSS,Metal1,1026.4665,493.2205,0.000984
TAP_TAPCELL_ROW_93_3330,VSS,Metal1,987.2665,493.2205,0.000944
TAP_TAPCELL_ROW_93_3329,VSS,Metal1,948.0665,493.2205,0.000569
TAP_TAPCELL_ROW_93_3328,VSS,Metal1,908.8665,493.2205,0.000552
TAP_TAPCELL_ROW_93_3327,VSS,Metal1,869.6665,493.2205,0.000537
TAP_TAPCELL_ROW_93_3326,VSS,Metal1,830.4665,493.2205,0.000421
TAP_TAPCELL_ROW_93_3325,VSS,Metal1,791.2665,493.2205,0.000300
TAP_TAPCELL_ROW_93_3324,VSS,Metal1,752.0665,493.2205,0.000276
TAP_TAPCELL_ROW_93_3323,VSS,Metal1,712.8665,493.2205,0.000226
TAP_TAPCELL_ROW_93_3322,VSS,Metal1,673.6665,493.2205,0.000204
TAP_TAPCELL_ROW_93_3321,VSS,Metal1,634.4665,493.2205,0.000197
TAP_TAPCELL_ROW_93_3320,VSS,Metal1,595.2665,493.2205,0.000220
TAP_TAPCELL_ROW_93_3319,VSS,Metal1,556.0665,493.2205,0.000282
TAP_TAPCELL_ROW_93_3318,VSS,Metal1,516.8665,493.2205,0.000312
TAP_TAPCELL_ROW_93_3317,VSS,Metal1,477.6665,493.2205,0.000397
TAP_TAPCELL_ROW_93_3316,VSS,Metal1,438.4665,493.2205,0.000528
TAP_TAPCELL_ROW_93_3315,VSS,Metal1,399.2665,493.2205,0.000570
TAP_TAPCELL_ROW_93_3314,VSS,Metal1,360.0665,493.2205,0.000549
TAP_TAPCELL_ROW_93_3313,VSS,Metal1,320.8665,493.2205,0.000542
TAP_TAPCELL_ROW_93_3312,VSS,Metal1,281.6665,493.2205,0.000579
TAP_TAPCELL_ROW_93_3311,VSS,Metal1,242.4665,493.2205,0.000571
TAP_TAPCELL_ROW_93_3310,VSS,Metal1,203.2665,493.2205,0.000393
TAP_TAPCELL_ROW_93_3309,VSS,Metal1,164.0665,493.2205,0.000380
TAP_TAPCELL_ROW_93_3308,VSS,Metal1,124.8665,493.2205,0.000369
TAP_TAPCELL_ROW_93_3307,VSS,Metal1,85.6665,493.2205,0.000316
TAP_TAPCELL_ROW_93_3306,VSS,Metal1,46.4665,493.2205,0.000239
TAP_TAPCELL_ROW_92_3305,VSS,Metal1,1085.2665,484.5390,0.001270
TAP_TAPCELL_ROW_92_3304,VSS,Metal1,1046.0665,484.5390,0.001239
TAP_TAPCELL_ROW_92_3303,VSS,Metal1,1006.8665,484.5390,0.001173
TAP_TAPCELL_ROW_92_3302,VSS,Metal1,967.6665,484.5390,0.000449
TAP_TAPCELL_ROW_92_3301,VSS,Metal1,928.4665,484.5390,0.000461
TAP_TAPCELL_ROW_92_3300,VSS,Metal1,889.2665,484.5390,0.000419
TAP_TAPCELL_ROW_92_3299,VSS,Metal1,850.0665,484.5390,0.000319
TAP_TAPCELL_ROW_92_3298,VSS,Metal1,810.8665,484.5390,0.000266
TAP_TAPCELL_ROW_92_3297,VSS,Metal1,771.6665,484.5390,0.000254
TAP_TAPCELL_ROW_92_3296,VSS,Metal1,732.4665,484.5390,0.000242
TAP_TAPCELL_ROW_92_3295,VSS,Metal1,693.2665,484.5390,0.000232
TAP_TAPCELL_ROW_92_3294,VSS,Metal1,654.0665,484.5390,0.000217
TAP_TAPCELL_ROW_92_3293,VSS,Metal1,614.8665,484.5390,0.000242
TAP_TAPCELL_ROW_92_3292,VSS,Metal1,575.6665,484.5390,0.000372
TAP_TAPCELL_ROW_92_3291,VSS,Metal1,536.4665,484.5390,0.000420
TAP_TAPCELL_ROW_92_3290,VSS,Metal1,497.2665,484.5390,0.000299
TAP_TAPCELL_ROW_92_3289,VSS,Metal1,458.0665,484.5390,0.000289
TAP_TAPCELL_ROW_92_3288,VSS,Metal1,418.8665,484.5390,0.000310
TAP_TAPCELL_ROW_92_3287,VSS,Metal1,379.6665,484.5390,0.000421
TAP_TAPCELL_ROW_92_3286,VSS,Metal1,340.4665,484.5390,0.000361
TAP_TAPCELL_ROW_92_3285,VSS,Metal1,301.2665,484.5390,0.000393
TAP_TAPCELL_ROW_92_3284,VSS,Metal1,262.0665,484.5390,0.000401
TAP_TAPCELL_ROW_92_3283,VSS,Metal1,222.8665,484.5390,0.000398
TAP_TAPCELL_ROW_92_3282,VSS,Metal1,183.6665,484.5390,0.000387
TAP_TAPCELL_ROW_92_3281,VSS,Metal1,144.4665,484.5390,0.000404
TAP_TAPCELL_ROW_92_3280,VSS,Metal1,105.2665,484.5390,0.000449
TAP_TAPCELL_ROW_92_3279,VSS,Metal1,66.0665,484.5390,0.000388
TAP_TAPCELL_ROW_92_3278,VSS,Metal1,26.8665,484.5390,0.000246
TAP_TAPCELL_ROW_91_3277,VSS,Metal1,1065.6665,483.1405,0.001270
TAP_TAPCELL_ROW_91_3276,VSS,Metal1,1026.4665,483.1405,0.001219
TAP_TAPCELL_ROW_91_3275,VSS,Metal1,987.2665,483.1405,0.001103
TAP_TAPCELL_ROW_91_3274,VSS,Metal1,948.0665,483.1405,0.000447
TAP_TAPCELL_ROW_91_3273,VSS,Metal1,908.8665,483.1405,0.000460
TAP_TAPCELL_ROW_91_3272,VSS,Metal1,869.6665,483.1405,0.000372
TAP_TAPCELL_ROW_91_3271,VSS,Metal1,830.4665,483.1405,0.000316
TAP_TAPCELL_ROW_91_3270,VSS,Metal1,791.2665,483.1405,0.000258
TAP_TAPCELL_ROW_91_3269,VSS,Metal1,752.0665,483.1405,0.000249
TAP_TAPCELL_ROW_91_3268,VSS,Metal1,712.8665,483.1405,0.000237
TAP_TAPCELL_ROW_91_3267,VSS,Metal1,673.6665,483.1405,0.000222
TAP_TAPCELL_ROW_91_3266,VSS,Metal1,634.4665,483.1405,0.000211
TAP_TAPCELL_ROW_91_3265,VSS,Metal1,595.2665,483.1405,0.000280
TAP_TAPCELL_ROW_91_3264,VSS,Metal1,556.0665,483.1405,0.000416
TAP_TAPCELL_ROW_91_3263,VSS,Metal1,516.8665,483.1405,0.000401
TAP_TAPCELL_ROW_91_3262,VSS,Metal1,477.6665,483.1405,0.000273
TAP_TAPCELL_ROW_91_3261,VSS,Metal1,438.4665,483.1405,0.000297
TAP_TAPCELL_ROW_91_3260,VSS,Metal1,399.2665,483.1405,0.000420
TAP_TAPCELL_ROW_91_3259,VSS,Metal1,360.0665,483.1405,0.000408
TAP_TAPCELL_ROW_91_3258,VSS,Metal1,320.8665,483.1405,0.000378
TAP_TAPCELL_ROW_91_3257,VSS,Metal1,281.6665,483.1405,0.000398
TAP_TAPCELL_ROW_91_3256,VSS,Metal1,242.4665,483.1405,0.000403
TAP_TAPCELL_ROW_91_3255,VSS,Metal1,203.2665,483.1405,0.000391
TAP_TAPCELL_ROW_91_3254,VSS,Metal1,164.0665,483.1405,0.000395
TAP_TAPCELL_ROW_91_3253,VSS,Metal1,124.8665,483.1405,0.000441
TAP_TAPCELL_ROW_91_3252,VSS,Metal1,85.6665,483.1405,0.000414
TAP_TAPCELL_ROW_91_3251,VSS,Metal1,46.4665,483.1405,0.000297
TAP_TAPCELL_ROW_90_3250,VSS,Metal1,1085.2665,474.4590,0.001049
TAP_TAPCELL_ROW_90_3249,VSS,Metal1,1046.0665,474.4590,0.001041
TAP_TAPCELL_ROW_90_3248,VSS,Metal1,1006.8665,474.4590,0.000853
TAP_TAPCELL_ROW_90_3247,VSS,Metal1,967.6665,474.4590,0.000724
TAP_TAPCELL_ROW_90_3246,VSS,Metal1,928.4665,474.4590,0.000463
TAP_TAPCELL_ROW_90_3245,VSS,Metal1,889.2665,474.4590,0.000450
TAP_TAPCELL_ROW_90_3244,VSS,Metal1,850.0665,474.4590,0.000406
TAP_TAPCELL_ROW_90_3243,VSS,Metal1,810.8665,474.4590,0.000304
TAP_TAPCELL_ROW_90_3242,VSS,Metal1,771.6665,474.4590,0.000237
TAP_TAPCELL_ROW_90_3241,VSS,Metal1,732.4665,474.4590,0.000217
TAP_TAPCELL_ROW_90_3240,VSS,Metal1,693.2665,474.4590,0.000207
TAP_TAPCELL_ROW_90_3239,VSS,Metal1,654.0665,474.4590,0.000162
TAP_TAPCELL_ROW_90_3238,VSS,Metal1,614.8665,474.4590,0.000141
TAP_TAPCELL_ROW_90_3237,VSS,Metal1,575.6665,474.4590,0.000155
TAP_TAPCELL_ROW_90_3236,VSS,Metal1,536.4665,474.4590,0.000170
TAP_TAPCELL_ROW_90_3235,VSS,Metal1,497.2665,474.4590,0.000190
TAP_TAPCELL_ROW_90_3234,VSS,Metal1,458.0665,474.4590,0.000297
TAP_TAPCELL_ROW_90_3233,VSS,Metal1,418.8665,474.4590,0.000353
TAP_TAPCELL_ROW_90_3232,VSS,Metal1,379.6665,474.4590,0.000401
TAP_TAPCELL_ROW_90_3231,VSS,Metal1,340.4665,474.4590,0.000386
TAP_TAPCELL_ROW_90_3230,VSS,Metal1,301.2665,474.4590,0.000450
TAP_TAPCELL_ROW_90_3229,VSS,Metal1,262.0665,474.4590,0.000453
TAP_TAPCELL_ROW_90_3228,VSS,Metal1,222.8665,474.4590,0.000446
TAP_TAPCELL_ROW_90_3227,VSS,Metal1,183.6665,474.4590,0.000426
TAP_TAPCELL_ROW_90_3226,VSS,Metal1,144.4665,474.4590,0.000448
TAP_TAPCELL_ROW_90_3225,VSS,Metal1,105.2665,474.4590,0.000512
TAP_TAPCELL_ROW_90_3224,VSS,Metal1,66.0665,474.4590,0.000520
TAP_TAPCELL_ROW_90_3223,VSS,Metal1,26.8665,474.4590,0.000492
TAP_TAPCELL_ROW_89_3222,VSS,Metal1,1065.6665,473.0605,0.001047
TAP_TAPCELL_ROW_89_3221,VSS,Metal1,1026.4665,473.0605,0.001026
TAP_TAPCELL_ROW_89_3220,VSS,Metal1,987.2665,473.0605,0.000806
TAP_TAPCELL_ROW_89_3219,VSS,Metal1,948.0665,473.0605,0.000471
TAP_TAPCELL_ROW_89_3218,VSS,Metal1,908.8665,473.0605,0.000458
TAP_TAPCELL_ROW_89_3217,VSS,Metal1,869.6665,473.0605,0.000424
TAP_TAPCELL_ROW_89_3216,VSS,Metal1,830.4665,473.0605,0.000351
TAP_TAPCELL_ROW_89_3215,VSS,Metal1,791.2665,473.0605,0.000254
TAP_TAPCELL_ROW_89_3214,VSS,Metal1,752.0665,473.0605,0.000230
TAP_TAPCELL_ROW_89_3213,VSS,Metal1,712.8665,473.0605,0.000217
TAP_TAPCELL_ROW_89_3212,VSS,Metal1,673.6665,473.0605,0.000183
TAP_TAPCELL_ROW_89_3211,VSS,Metal1,634.4665,473.0605,0.000134
TAP_TAPCELL_ROW_89_3210,VSS,Metal1,595.2665,473.0605,0.000147
TAP_TAPCELL_ROW_89_3209,VSS,Metal1,556.0665,473.0605,0.000165
TAP_TAPCELL_ROW_89_3208,VSS,Metal1,516.8665,473.0605,0.000180
TAP_TAPCELL_ROW_89_3207,VSS,Metal1,477.6665,473.0605,0.000213
TAP_TAPCELL_ROW_89_3206,VSS,Metal1,438.4665,473.0605,0.000346
TAP_TAPCELL_ROW_89_3205,VSS,Metal1,399.2665,473.0605,0.000367
TAP_TAPCELL_ROW_89_3204,VSS,Metal1,360.0665,473.0605,0.000403
TAP_TAPCELL_ROW_89_3203,VSS,Metal1,320.8665,473.0605,0.000395
TAP_TAPCELL_ROW_89_3202,VSS,Metal1,281.6665,473.0605,0.000453
TAP_TAPCELL_ROW_89_3201,VSS,Metal1,242.4665,473.0605,0.000446
TAP_TAPCELL_ROW_89_3200,VSS,Metal1,203.2665,473.0605,0.000434
TAP_TAPCELL_ROW_89_3199,VSS,Metal1,164.0665,473.0605,0.000409
TAP_TAPCELL_ROW_89_3198,VSS,Metal1,124.8665,473.0605,0.000505
TAP_TAPCELL_ROW_89_3197,VSS,Metal1,85.6665,473.0605,0.000514
TAP_TAPCELL_ROW_89_3196,VSS,Metal1,46.4665,473.0605,0.000509
TAP_TAPCELL_ROW_88_3195,VSS,Metal1,1085.2665,464.3790,0.000476
TAP_TAPCELL_ROW_88_3194,VSS,Metal1,1046.0665,464.3790,0.000452
TAP_TAPCELL_ROW_88_3193,VSS,Metal1,1006.8665,464.3790,0.000422
TAP_TAPCELL_ROW_88_3192,VSS,Metal1,967.6665,464.3790,0.000307
TAP_TAPCELL_ROW_88_3191,VSS,Metal1,928.4665,464.3790,0.000147
TAP_TAPCELL_ROW_88_3190,VSS,Metal1,889.2665,464.3790,0.000140
TAP_TAPCELL_ROW_88_3189,VSS,Metal1,850.0665,464.3790,0.000126
TAP_TAPCELL_ROW_88_3188,VSS,Metal1,810.8665,464.3790,0.000093
TAP_TAPCELL_ROW_88_3187,VSS,Metal1,771.6665,464.3790,0.000101
TAP_TAPCELL_ROW_88_3186,VSS,Metal1,732.4665,464.3790,0.000103
TAP_TAPCELL_ROW_88_3185,VSS,Metal1,693.2665,464.3790,0.000092
TAP_TAPCELL_ROW_88_3184,VSS,Metal1,654.0665,464.3790,0.000075
TAP_TAPCELL_ROW_88_3183,VSS,Metal1,614.8665,464.3790,0.000088
TAP_TAPCELL_ROW_88_3182,VSS,Metal1,575.6665,464.3790,0.000095
TAP_TAPCELL_ROW_88_3181,VSS,Metal1,536.4665,464.3790,0.000123
TAP_TAPCELL_ROW_88_3180,VSS,Metal1,497.2665,464.3790,0.000133
TAP_TAPCELL_ROW_88_3179,VSS,Metal1,458.0665,464.3790,0.000366
TAP_TAPCELL_ROW_88_3178,VSS,Metal1,418.8665,464.3790,0.000444
TAP_TAPCELL_ROW_88_3177,VSS,Metal1,379.6665,464.3790,0.000464
TAP_TAPCELL_ROW_88_3176,VSS,Metal1,340.4665,464.3790,0.000403
TAP_TAPCELL_ROW_88_3175,VSS,Metal1,301.2665,464.3790,0.000403
TAP_TAPCELL_ROW_88_3174,VSS,Metal1,262.0665,464.3790,0.000399
TAP_TAPCELL_ROW_88_3173,VSS,Metal1,222.8665,464.3790,0.000357
TAP_TAPCELL_ROW_88_3172,VSS,Metal1,183.6665,464.3790,0.000283
TAP_TAPCELL_ROW_88_3171,VSS,Metal1,144.4665,464.3790,0.000307
TAP_TAPCELL_ROW_88_3170,VSS,Metal1,105.2665,464.3790,0.000294
TAP_TAPCELL_ROW_88_3169,VSS,Metal1,66.0665,464.3790,0.000284
TAP_TAPCELL_ROW_88_3168,VSS,Metal1,26.8665,464.3790,0.000218
TAP_TAPCELL_ROW_87_3167,VSS,Metal1,1065.6665,462.9805,0.000465
TAP_TAPCELL_ROW_87_3166,VSS,Metal1,1026.4665,462.9805,0.000436
TAP_TAPCELL_ROW_87_3165,VSS,Metal1,987.2665,462.9805,0.000407
TAP_TAPCELL_ROW_87_3164,VSS,Metal1,948.0665,462.9805,0.000145
TAP_TAPCELL_ROW_87_3163,VSS,Metal1,908.8665,462.9805,0.000145
TAP_TAPCELL_ROW_87_3162,VSS,Metal1,869.6665,462.9805,0.000129
TAP_TAPCELL_ROW_87_3161,VSS,Metal1,830.4665,462.9805,0.000108
TAP_TAPCELL_ROW_87_3160,VSS,Metal1,791.2665,462.9805,0.000082
TAP_TAPCELL_ROW_87_3159,VSS,Metal1,752.0665,462.9805,0.000101
TAP_TAPCELL_ROW_87_3158,VSS,Metal1,712.8665,462.9805,0.000097
TAP_TAPCELL_ROW_87_3157,VSS,Metal1,673.6665,462.9805,0.000083
TAP_TAPCELL_ROW_87_3156,VSS,Metal1,634.4665,462.9805,0.000072
TAP_TAPCELL_ROW_87_3155,VSS,Metal1,595.2665,462.9805,0.000088
TAP_TAPCELL_ROW_87_3154,VSS,Metal1,556.0665,462.9805,0.000119
TAP_TAPCELL_ROW_87_3153,VSS,Metal1,516.8665,462.9805,0.000128
TAP_TAPCELL_ROW_87_3152,VSS,Metal1,477.6665,462.9805,0.000146
TAP_TAPCELL_ROW_87_3151,VSS,Metal1,438.4665,462.9805,0.000435
TAP_TAPCELL_ROW_87_3150,VSS,Metal1,399.2665,462.9805,0.000463
TAP_TAPCELL_ROW_87_3149,VSS,Metal1,360.0665,462.9805,0.000462
TAP_TAPCELL_ROW_87_3148,VSS,Metal1,320.8665,462.9805,0.000401
TAP_TAPCELL_ROW_87_3147,VSS,Metal1,281.6665,462.9805,0.000410
TAP_TAPCELL_ROW_87_3146,VSS,Metal1,242.4665,462.9805,0.000362
TAP_TAPCELL_ROW_87_3145,VSS,Metal1,203.2665,462.9805,0.000320
TAP_TAPCELL_ROW_87_3144,VSS,Metal1,164.0665,462.9805,0.000292
TAP_TAPCELL_ROW_87_3143,VSS,Metal1,124.8665,462.9805,0.000307
TAP_TAPCELL_ROW_87_3142,VSS,Metal1,85.6665,462.9805,0.000288
TAP_TAPCELL_ROW_87_3141,VSS,Metal1,46.4665,462.9805,0.000224
TAP_TAPCELL_ROW_86_3140,VSS,Metal1,1085.2665,454.2990,0.000382
TAP_TAPCELL_ROW_86_3139,VSS,Metal1,1046.0665,454.2990,0.000359
TAP_TAPCELL_ROW_86_3138,VSS,Metal1,1006.8665,454.2990,0.000278
TAP_TAPCELL_ROW_86_3137,VSS,Metal1,967.6665,454.2990,0.000224
TAP_TAPCELL_ROW_86_3136,VSS,Metal1,928.4665,454.2990,0.000223
TAP_TAPCELL_ROW_86_3135,VSS,Metal1,889.2665,454.2990,0.000223
TAP_TAPCELL_ROW_86_3134,VSS,Metal1,850.0665,454.2990,0.000169
TAP_TAPCELL_ROW_86_3133,VSS,Metal1,810.8665,454.2990,0.000138
TAP_TAPCELL_ROW_86_3132,VSS,Metal1,771.6665,454.2990,0.000156
TAP_TAPCELL_ROW_86_3131,VSS,Metal1,732.4665,454.2990,0.000192
TAP_TAPCELL_ROW_86_3130,VSS,Metal1,693.2665,454.2990,0.000222
TAP_TAPCELL_ROW_86_3129,VSS,Metal1,654.0665,454.2990,0.000259
TAP_TAPCELL_ROW_86_3128,VSS,Metal1,614.8665,454.2990,0.000311
TAP_TAPCELL_ROW_86_3127,VSS,Metal1,575.6665,454.2990,0.000310
TAP_TAPCELL_ROW_86_3126,VSS,Metal1,536.4665,454.2990,0.000291
TAP_TAPCELL_ROW_86_3125,VSS,Metal1,497.2665,454.2990,0.000268
TAP_TAPCELL_ROW_86_3124,VSS,Metal1,458.0665,454.2990,0.000347
TAP_TAPCELL_ROW_86_3123,VSS,Metal1,418.8665,454.2990,0.000399
TAP_TAPCELL_ROW_86_3122,VSS,Metal1,379.6665,454.2990,0.000461
TAP_TAPCELL_ROW_86_3121,VSS,Metal1,340.4665,454.2990,0.000450
TAP_TAPCELL_ROW_86_3120,VSS,Metal1,301.2665,454.2990,0.000454
TAP_TAPCELL_ROW_86_3119,VSS,Metal1,262.0665,454.2990,0.000450
TAP_TAPCELL_ROW_86_3118,VSS,Metal1,222.8665,454.2990,0.000365
TAP_TAPCELL_ROW_86_3117,VSS,Metal1,183.6665,454.2990,0.000291
TAP_TAPCELL_ROW_86_3116,VSS,Metal1,144.4665,454.2990,0.000292
TAP_TAPCELL_ROW_86_3115,VSS,Metal1,105.2665,454.2990,0.000334
TAP_TAPCELL_ROW_86_3114,VSS,Metal1,66.0665,454.2990,0.000345
TAP_TAPCELL_ROW_86_3113,VSS,Metal1,26.8665,454.2990,0.000276
TAP_TAPCELL_ROW_85_3112,VSS,Metal1,1065.6665,452.9005,0.000382
TAP_TAPCELL_ROW_85_3111,VSS,Metal1,1026.4665,452.9005,0.000324
TAP_TAPCELL_ROW_85_3110,VSS,Metal1,987.2665,452.9005,0.000269
TAP_TAPCELL_ROW_85_3109,VSS,Metal1,948.0665,452.9005,0.000223
TAP_TAPCELL_ROW_85_3108,VSS,Metal1,908.8665,452.9005,0.000223
TAP_TAPCELL_ROW_85_3107,VSS,Metal1,869.6665,452.9005,0.000215
TAP_TAPCELL_ROW_85_3106,VSS,Metal1,830.4665,452.9005,0.000161
TAP_TAPCELL_ROW_85_3105,VSS,Metal1,791.2665,452.9005,0.000135
TAP_TAPCELL_ROW_85_3104,VSS,Metal1,752.0665,452.9005,0.000170
TAP_TAPCELL_ROW_85_3103,VSS,Metal1,712.8665,452.9005,0.000205
TAP_TAPCELL_ROW_85_3102,VSS,Metal1,673.6665,452.9005,0.000239
TAP_TAPCELL_ROW_85_3101,VSS,Metal1,634.4665,452.9005,0.000275
TAP_TAPCELL_ROW_85_3100,VSS,Metal1,595.2665,452.9005,0.000311
TAP_TAPCELL_ROW_85_3099,VSS,Metal1,556.0665,452.9005,0.000307
TAP_TAPCELL_ROW_85_3098,VSS,Metal1,516.8665,452.9005,0.000277
TAP_TAPCELL_ROW_85_3097,VSS,Metal1,477.6665,452.9005,0.000289
TAP_TAPCELL_ROW_85_3096,VSS,Metal1,438.4665,452.9005,0.000359
TAP_TAPCELL_ROW_85_3095,VSS,Metal1,399.2665,452.9005,0.000448
TAP_TAPCELL_ROW_85_3094,VSS,Metal1,360.0665,452.9005,0.000455
TAP_TAPCELL_ROW_85_3093,VSS,Metal1,320.8665,452.9005,0.000454
TAP_TAPCELL_ROW_85_3092,VSS,Metal1,281.6665,452.9005,0.000451
TAP_TAPCELL_ROW_85_3091,VSS,Metal1,242.4665,452.9005,0.000425
TAP_TAPCELL_ROW_85_3090,VSS,Metal1,203.2665,452.9005,0.000320
TAP_TAPCELL_ROW_85_3089,VSS,Metal1,164.0665,452.9005,0.000291
TAP_TAPCELL_ROW_85_3088,VSS,Metal1,124.8665,452.9005,0.000316
TAP_TAPCELL_ROW_85_3087,VSS,Metal1,85.6665,452.9005,0.000338
TAP_TAPCELL_ROW_85_3086,VSS,Metal1,46.4665,452.9005,0.000324
TAP_TAPCELL_ROW_84_3085,VSS,Metal1,1085.2665,444.2190,0.000503
TAP_TAPCELL_ROW_84_3084,VSS,Metal1,1046.0665,444.2190,0.000439
TAP_TAPCELL_ROW_84_3083,VSS,Metal1,1006.8665,444.2190,0.000421
TAP_TAPCELL_ROW_84_3082,VSS,Metal1,967.6665,444.2190,0.000407
TAP_TAPCELL_ROW_84_3081,VSS,Metal1,928.4665,444.2190,0.000385
TAP_TAPCELL_ROW_84_3080,VSS,Metal1,889.2665,444.2190,0.000381
TAP_TAPCELL_ROW_84_3079,VSS,Metal1,850.0665,444.2190,0.000357
TAP_TAPCELL_ROW_84_3078,VSS,Metal1,810.8665,444.2190,0.000272
TAP_TAPCELL_ROW_84_3077,VSS,Metal1,771.6665,444.2190,0.000255
TAP_TAPCELL_ROW_84_3076,VSS,Metal1,732.4665,444.2190,0.000259
TAP_TAPCELL_ROW_84_3075,VSS,Metal1,693.2665,444.2190,0.000265
TAP_TAPCELL_ROW_84_3074,VSS,Metal1,654.0665,444.2190,0.000260
TAP_TAPCELL_ROW_84_3073,VSS,Metal1,614.8665,444.2190,0.000310
TAP_TAPCELL_ROW_84_3072,VSS,Metal1,575.6665,444.2190,0.000314
TAP_TAPCELL_ROW_84_3071,VSS,Metal1,536.4665,444.2190,0.000311
TAP_TAPCELL_ROW_84_3070,VSS,Metal1,497.2665,444.2190,0.000288
TAP_TAPCELL_ROW_84_3069,VSS,Metal1,458.0665,444.2190,0.000298
TAP_TAPCELL_ROW_84_3068,VSS,Metal1,418.8665,444.2190,0.000376
TAP_TAPCELL_ROW_84_3067,VSS,Metal1,379.6665,444.2190,0.000390
TAP_TAPCELL_ROW_84_3066,VSS,Metal1,340.4665,444.2190,0.000302
TAP_TAPCELL_ROW_84_3065,VSS,Metal1,301.2665,444.2190,0.000287
TAP_TAPCELL_ROW_84_3064,VSS,Metal1,262.0665,444.2190,0.000276
TAP_TAPCELL_ROW_84_3063,VSS,Metal1,222.8665,444.2190,0.000231
TAP_TAPCELL_ROW_84_3062,VSS,Metal1,183.6665,444.2190,0.000204
TAP_TAPCELL_ROW_84_3061,VSS,Metal1,144.4665,444.2190,0.000223
TAP_TAPCELL_ROW_84_3060,VSS,Metal1,105.2665,444.2190,0.000240
TAP_TAPCELL_ROW_84_3059,VSS,Metal1,66.0665,444.2190,0.000246
TAP_TAPCELL_ROW_84_3058,VSS,Metal1,26.8665,444.2190,0.000183
TAP_TAPCELL_ROW_83_3057,VSS,Metal1,1065.6665,442.8205,0.000457
TAP_TAPCELL_ROW_83_3056,VSS,Metal1,1026.4665,442.8205,0.000431
TAP_TAPCELL_ROW_83_3055,VSS,Metal1,987.2665,442.8205,0.000412
TAP_TAPCELL_ROW_83_3054,VSS,Metal1,948.0665,442.8205,0.000360
TAP_TAPCELL_ROW_83_3053,VSS,Metal1,908.8665,442.8205,0.000386
TAP_TAPCELL_ROW_83_3052,VSS,Metal1,869.6665,442.8205,0.000358
TAP_TAPCELL_ROW_83_3051,VSS,Metal1,830.4665,442.8205,0.000299
TAP_TAPCELL_ROW_83_3050,VSS,Metal1,791.2665,442.8205,0.000213
TAP_TAPCELL_ROW_83_3049,VSS,Metal1,752.0665,442.8205,0.000256
TAP_TAPCELL_ROW_83_3048,VSS,Metal1,712.8665,442.8205,0.000263
TAP_TAPCELL_ROW_83_3047,VSS,Metal1,673.6665,442.8205,0.000260
TAP_TAPCELL_ROW_83_3046,VSS,Metal1,634.4665,442.8205,0.000264
TAP_TAPCELL_ROW_83_3045,VSS,Metal1,595.2665,442.8205,0.000314
TAP_TAPCELL_ROW_83_3044,VSS,Metal1,556.0665,442.8205,0.000312
TAP_TAPCELL_ROW_83_3043,VSS,Metal1,516.8665,442.8205,0.000311
TAP_TAPCELL_ROW_83_3042,VSS,Metal1,477.6665,442.8205,0.000288
TAP_TAPCELL_ROW_83_3041,VSS,Metal1,438.4665,442.8205,0.000349
TAP_TAPCELL_ROW_83_3040,VSS,Metal1,399.2665,442.8205,0.000389
TAP_TAPCELL_ROW_83_3039,VSS,Metal1,360.0665,442.8205,0.000312
TAP_TAPCELL_ROW_83_3038,VSS,Metal1,320.8665,442.8205,0.000282
TAP_TAPCELL_ROW_83_3037,VSS,Metal1,281.6665,442.8205,0.000281
TAP_TAPCELL_ROW_83_3036,VSS,Metal1,242.4665,442.8205,0.000263
TAP_TAPCELL_ROW_83_3035,VSS,Metal1,203.2665,442.8205,0.000214
TAP_TAPCELL_ROW_83_3034,VSS,Metal1,164.0665,442.8205,0.000205
TAP_TAPCELL_ROW_83_3033,VSS,Metal1,124.8665,442.8205,0.000230
TAP_TAPCELL_ROW_83_3032,VSS,Metal1,85.6665,442.8205,0.000245
TAP_TAPCELL_ROW_83_3031,VSS,Metal1,46.4665,442.8205,0.000204
TAP_TAPCELL_ROW_82_3030,VSS,Metal1,1085.2665,434.1390,0.000542
TAP_TAPCELL_ROW_82_3029,VSS,Metal1,1046.0665,434.1390,0.000531
TAP_TAPCELL_ROW_82_3028,VSS,Metal1,1006.8665,434.1390,0.000515
TAP_TAPCELL_ROW_82_3027,VSS,Metal1,967.6665,434.1390,0.000449
TAP_TAPCELL_ROW_82_3026,VSS,Metal1,928.4665,434.1390,0.000428
TAP_TAPCELL_ROW_82_3025,VSS,Metal1,889.2665,434.1390,0.000424
TAP_TAPCELL_ROW_82_3024,VSS,Metal1,850.0665,434.1390,0.000356
TAP_TAPCELL_ROW_82_3023,VSS,Metal1,810.8665,434.1390,0.000307
TAP_TAPCELL_ROW_82_3022,VSS,Metal1,771.6665,434.1390,0.000376
TAP_TAPCELL_ROW_82_3021,VSS,Metal1,732.4665,434.1390,0.000445
TAP_TAPCELL_ROW_82_3020,VSS,Metal1,693.2665,434.1390,0.000454
TAP_TAPCELL_ROW_82_3019,VSS,Metal1,654.0665,434.1390,0.000427
TAP_TAPCELL_ROW_82_3018,VSS,Metal1,614.8665,434.1390,0.000437
TAP_TAPCELL_ROW_82_3017,VSS,Metal1,575.6665,434.1390,0.000437
TAP_TAPCELL_ROW_82_3016,VSS,Metal1,536.4665,434.1390,0.000388
TAP_TAPCELL_ROW_82_3015,VSS,Metal1,497.2665,434.1390,0.000380
TAP_TAPCELL_ROW_82_3014,VSS,Metal1,458.0665,434.1390,0.000361
TAP_TAPCELL_ROW_82_3013,VSS,Metal1,418.8665,434.1390,0.000374
TAP_TAPCELL_ROW_82_3012,VSS,Metal1,379.6665,434.1390,0.000359
TAP_TAPCELL_ROW_82_3011,VSS,Metal1,340.4665,434.1390,0.000341
TAP_TAPCELL_ROW_82_3010,VSS,Metal1,301.2665,434.1390,0.000361
TAP_TAPCELL_ROW_82_3009,VSS,Metal1,262.0665,434.1390,0.000380
TAP_TAPCELL_ROW_82_3008,VSS,Metal1,222.8665,434.1390,0.000334
TAP_TAPCELL_ROW_82_3007,VSS,Metal1,183.6665,434.1390,0.000271
TAP_TAPCELL_ROW_82_3006,VSS,Metal1,144.4665,434.1390,0.000291
TAP_TAPCELL_ROW_82_3005,VSS,Metal1,105.2665,434.1390,0.000282
TAP_TAPCELL_ROW_82_3004,VSS,Metal1,66.0665,434.1390,0.000241
TAP_TAPCELL_ROW_82_3003,VSS,Metal1,26.8665,434.1390,0.000203
TAP_TAPCELL_ROW_81_3002,VSS,Metal1,1065.6665,432.7405,0.000536
TAP_TAPCELL_ROW_81_3001,VSS,Metal1,1026.4665,432.7405,0.000530
TAP_TAPCELL_ROW_81_3000,VSS,Metal1,987.2665,432.7405,0.000484
TAP_TAPCELL_ROW_81_2999,VSS,Metal1,948.0665,432.7405,0.000420
TAP_TAPCELL_ROW_81_2998,VSS,Metal1,908.8665,432.7405,0.000424
TAP_TAPCELL_ROW_81_2997,VSS,Metal1,869.6665,432.7405,0.000406
TAP_TAPCELL_ROW_81_2996,VSS,Metal1,830.4665,432.7405,0.000330
TAP_TAPCELL_ROW_81_2995,VSS,Metal1,791.2665,432.7405,0.000312
TAP_TAPCELL_ROW_81_2994,VSS,Metal1,752.0665,432.7405,0.000386
TAP_TAPCELL_ROW_81_2993,VSS,Metal1,712.8665,432.7405,0.000452
TAP_TAPCELL_ROW_81_2992,VSS,Metal1,673.6665,432.7405,0.000440
TAP_TAPCELL_ROW_81_2991,VSS,Metal1,634.4665,432.7405,0.000430
TAP_TAPCELL_ROW_81_2990,VSS,Metal1,595.2665,432.7405,0.000441
TAP_TAPCELL_ROW_81_2989,VSS,Metal1,556.0665,432.7405,0.000412
TAP_TAPCELL_ROW_81_2988,VSS,Metal1,516.8665,432.7405,0.000381
TAP_TAPCELL_ROW_81_2987,VSS,Metal1,477.6665,432.7405,0.000333
TAP_TAPCELL_ROW_81_2986,VSS,Metal1,438.4665,432.7405,0.000373
TAP_TAPCELL_ROW_81_2985,VSS,Metal1,399.2665,432.7405,0.000372
TAP_TAPCELL_ROW_81_2984,VSS,Metal1,360.0665,432.7405,0.000349
TAP_TAPCELL_ROW_81_2983,VSS,Metal1,320.8665,432.7405,0.000350
TAP_TAPCELL_ROW_81_2982,VSS,Metal1,281.6665,432.7405,0.000381
TAP_TAPCELL_ROW_81_2981,VSS,Metal1,242.4665,432.7405,0.000357
TAP_TAPCELL_ROW_81_2980,VSS,Metal1,203.2665,432.7405,0.000311
TAP_TAPCELL_ROW_81_2979,VSS,Metal1,164.0665,432.7405,0.000287
TAP_TAPCELL_ROW_81_2978,VSS,Metal1,124.8665,432.7405,0.000287
TAP_TAPCELL_ROW_81_2977,VSS,Metal1,85.6665,432.7405,0.000274
TAP_TAPCELL_ROW_81_2976,VSS,Metal1,46.4665,432.7405,0.000219
TAP_TAPCELL_ROW_80_2975,VSS,Metal1,1085.2665,424.0590,0.000420
TAP_TAPCELL_ROW_80_2974,VSS,Metal1,1046.0665,424.0590,0.000418
TAP_TAPCELL_ROW_80_2973,VSS,Metal1,1006.8665,424.0590,0.000415
TAP_TAPCELL_ROW_80_2972,VSS,Metal1,967.6665,424.0590,0.000383
TAP_TAPCELL_ROW_80_2971,VSS,Metal1,928.4665,424.0590,0.000393
TAP_TAPCELL_ROW_80_2970,VSS,Metal1,889.2665,424.0590,0.000740
TAP_TAPCELL_ROW_80_2969,VSS,Metal1,850.0665,424.0590,0.000650
TAP_TAPCELL_ROW_80_2968,VSS,Metal1,810.8665,424.0590,0.000479
TAP_TAPCELL_ROW_80_2967,VSS,Metal1,771.6665,424.0590,0.000455
TAP_TAPCELL_ROW_80_2966,VSS,Metal1,732.4665,424.0590,0.000346
TAP_TAPCELL_ROW_80_2965,VSS,Metal1,693.2665,424.0590,0.000314
TAP_TAPCELL_ROW_80_2964,VSS,Metal1,654.0665,424.0590,0.000308
TAP_TAPCELL_ROW_80_2963,VSS,Metal1,614.8665,424.0590,0.000315
TAP_TAPCELL_ROW_80_2962,VSS,Metal1,575.6665,424.0590,0.000313
TAP_TAPCELL_ROW_80_2961,VSS,Metal1,536.4665,424.0590,0.000288
TAP_TAPCELL_ROW_80_2960,VSS,Metal1,497.2665,424.0590,0.000280
TAP_TAPCELL_ROW_80_2959,VSS,Metal1,458.0665,424.0590,0.000285
TAP_TAPCELL_ROW_80_2958,VSS,Metal1,418.8665,424.0590,0.000506
TAP_TAPCELL_ROW_80_2957,VSS,Metal1,379.6665,424.0590,0.000503
TAP_TAPCELL_ROW_80_2956,VSS,Metal1,340.4665,424.0590,0.000429
TAP_TAPCELL_ROW_80_2955,VSS,Metal1,301.2665,424.0590,0.000425
TAP_TAPCELL_ROW_80_2954,VSS,Metal1,262.0665,424.0590,0.000516
TAP_TAPCELL_ROW_80_2953,VSS,Metal1,222.8665,424.0590,0.000511
TAP_TAPCELL_ROW_80_2952,VSS,Metal1,183.6665,424.0590,0.000496
TAP_TAPCELL_ROW_80_2951,VSS,Metal1,144.4665,424.0590,0.000549
TAP_TAPCELL_ROW_80_2950,VSS,Metal1,105.2665,424.0590,0.000668
TAP_TAPCELL_ROW_80_2949,VSS,Metal1,66.0665,424.0590,0.000652
TAP_TAPCELL_ROW_80_2948,VSS,Metal1,26.8665,424.0590,0.000428
TAP_TAPCELL_ROW_79_2947,VSS,Metal1,1065.6665,422.6605,0.000419
TAP_TAPCELL_ROW_79_2946,VSS,Metal1,1026.4665,422.6605,0.000416
TAP_TAPCELL_ROW_79_2945,VSS,Metal1,987.2665,422.6605,0.000407
TAP_TAPCELL_ROW_79_2944,VSS,Metal1,948.0665,422.6605,0.000372
TAP_TAPCELL_ROW_79_2943,VSS,Metal1,908.8665,422.6605,0.000714
TAP_TAPCELL_ROW_79_2942,VSS,Metal1,869.6665,422.6605,0.000725
TAP_TAPCELL_ROW_79_2941,VSS,Metal1,830.4665,422.6605,0.000516
TAP_TAPCELL_ROW_79_2940,VSS,Metal1,791.2665,422.6605,0.000407
TAP_TAPCELL_ROW_79_2939,VSS,Metal1,752.0665,422.6605,0.000364
TAP_TAPCELL_ROW_79_2938,VSS,Metal1,712.8665,422.6605,0.000326
TAP_TAPCELL_ROW_79_2937,VSS,Metal1,673.6665,422.6605,0.000309
TAP_TAPCELL_ROW_79_2936,VSS,Metal1,634.4665,422.6605,0.000307
TAP_TAPCELL_ROW_79_2935,VSS,Metal1,595.2665,422.6605,0.000316
TAP_TAPCELL_ROW_79_2934,VSS,Metal1,556.0665,422.6605,0.000303
TAP_TAPCELL_ROW_79_2933,VSS,Metal1,516.8665,422.6605,0.000283
TAP_TAPCELL_ROW_79_2932,VSS,Metal1,477.6665,422.6605,0.000280
TAP_TAPCELL_ROW_79_2931,VSS,Metal1,438.4665,422.6605,0.000319
TAP_TAPCELL_ROW_79_2930,VSS,Metal1,399.2665,422.6605,0.000507
TAP_TAPCELL_ROW_79_2929,VSS,Metal1,360.0665,422.6605,0.000497
TAP_TAPCELL_ROW_79_2928,VSS,Metal1,320.8665,422.6605,0.000420
TAP_TAPCELL_ROW_79_2927,VSS,Metal1,281.6665,422.6605,0.000477
TAP_TAPCELL_ROW_79_2926,VSS,Metal1,242.4665,422.6605,0.000516
TAP_TAPCELL_ROW_79_2925,VSS,Metal1,203.2665,422.6605,0.000501
TAP_TAPCELL_ROW_79_2924,VSS,Metal1,164.0665,422.6605,0.000541
TAP_TAPCELL_ROW_79_2923,VSS,Metal1,124.8665,422.6605,0.000552
TAP_TAPCELL_ROW_79_2922,VSS,Metal1,85.6665,422.6605,0.000667
TAP_TAPCELL_ROW_79_2921,VSS,Metal1,46.4665,422.6605,0.000515
TAP_TAPCELL_ROW_78_2920,VSS,Metal1,1085.2665,413.9790,0.000483
TAP_TAPCELL_ROW_78_2919,VSS,Metal1,1046.0665,413.9790,0.000481
TAP_TAPCELL_ROW_78_2918,VSS,Metal1,1006.8665,413.9790,0.000479
TAP_TAPCELL_ROW_78_2917,VSS,Metal1,967.6665,413.9790,0.000412
TAP_TAPCELL_ROW_78_2916,VSS,Metal1,928.4665,413.9790,0.000381
TAP_TAPCELL_ROW_78_2915,VSS,Metal1,889.2665,413.9790,0.000371
TAP_TAPCELL_ROW_78_2914,VSS,Metal1,850.0665,413.9790,0.000361
TAP_TAPCELL_ROW_78_2913,VSS,Metal1,810.8665,413.9790,0.000315
TAP_TAPCELL_ROW_78_2912,VSS,Metal1,771.6665,413.9790,0.000355
TAP_TAPCELL_ROW_78_2911,VSS,Metal1,732.4665,413.9790,0.000392
TAP_TAPCELL_ROW_78_2910,VSS,Metal1,693.2665,413.9790,0.000387
TAP_TAPCELL_ROW_78_2909,VSS,Metal1,654.0665,413.9790,0.000377
TAP_TAPCELL_ROW_78_2908,VSS,Metal1,614.8665,413.9790,0.000454
TAP_TAPCELL_ROW_78_2907,VSS,Metal1,575.6665,413.9790,0.000516
TAP_TAPCELL_ROW_78_2906,VSS,Metal1,536.4665,413.9790,0.000546
TAP_TAPCELL_ROW_78_2905,VSS,Metal1,497.2665,413.9790,0.000545
TAP_TAPCELL_ROW_78_2904,VSS,Metal1,458.0665,413.9790,0.000650
TAP_TAPCELL_ROW_78_2903,VSS,Metal1,418.8665,413.9790,0.000688
TAP_TAPCELL_ROW_78_2902,VSS,Metal1,379.6665,413.9790,0.000663
TAP_TAPCELL_ROW_78_2901,VSS,Metal1,340.4665,413.9790,0.000547
TAP_TAPCELL_ROW_78_2900,VSS,Metal1,301.2665,413.9790,0.000555
TAP_TAPCELL_ROW_78_2899,VSS,Metal1,262.0665,413.9790,0.000564
TAP_TAPCELL_ROW_78_2898,VSS,Metal1,222.8665,413.9790,0.000506
TAP_TAPCELL_ROW_78_2897,VSS,Metal1,183.6665,413.9790,0.000441
TAP_TAPCELL_ROW_78_2896,VSS,Metal1,144.4665,413.9790,0.000407
TAP_TAPCELL_ROW_78_2895,VSS,Metal1,105.2665,413.9790,0.000468
TAP_TAPCELL_ROW_78_2894,VSS,Metal1,66.0665,413.9790,0.000456
TAP_TAPCELL_ROW_78_2893,VSS,Metal1,26.8665,413.9790,0.000384
TAP_TAPCELL_ROW_77_2892,VSS,Metal1,1065.6665,412.5805,0.000481
TAP_TAPCELL_ROW_77_2891,VSS,Metal1,1026.4665,412.5805,0.000479
TAP_TAPCELL_ROW_77_2890,VSS,Metal1,987.2665,412.5805,0.000419
TAP_TAPCELL_ROW_77_2889,VSS,Metal1,948.0665,412.5805,0.000383
TAP_TAPCELL_ROW_77_2888,VSS,Metal1,908.8665,412.5805,0.000379
TAP_TAPCELL_ROW_77_2887,VSS,Metal1,869.6665,412.5805,0.000363
TAP_TAPCELL_ROW_77_2886,VSS,Metal1,830.4665,412.5805,0.000340
TAP_TAPCELL_ROW_77_2885,VSS,Metal1,791.2665,412.5805,0.000321
TAP_TAPCELL_ROW_77_2884,VSS,Metal1,752.0665,412.5805,0.000355
TAP_TAPCELL_ROW_77_2883,VSS,Metal1,712.8665,412.5805,0.000392
TAP_TAPCELL_ROW_77_2882,VSS,Metal1,673.6665,412.5805,0.000386
TAP_TAPCELL_ROW_77_2881,VSS,Metal1,634.4665,412.5805,0.000367
TAP_TAPCELL_ROW_77_2880,VSS,Metal1,595.2665,412.5805,0.000475
TAP_TAPCELL_ROW_77_2879,VSS,Metal1,556.0665,412.5805,0.000533
TAP_TAPCELL_ROW_77_2878,VSS,Metal1,516.8665,412.5805,0.000546
TAP_TAPCELL_ROW_77_2877,VSS,Metal1,477.6665,412.5805,0.000583
TAP_TAPCELL_ROW_77_2876,VSS,Metal1,438.4665,412.5805,0.000694
TAP_TAPCELL_ROW_77_2875,VSS,Metal1,399.2665,412.5805,0.000673
TAP_TAPCELL_ROW_77_2874,VSS,Metal1,360.0665,412.5805,0.000642
TAP_TAPCELL_ROW_77_2873,VSS,Metal1,320.8665,412.5805,0.000540
TAP_TAPCELL_ROW_77_2872,VSS,Metal1,281.6665,412.5805,0.000566
TAP_TAPCELL_ROW_77_2871,VSS,Metal1,242.4665,412.5805,0.000536
TAP_TAPCELL_ROW_77_2870,VSS,Metal1,203.2665,412.5805,0.000468
TAP_TAPCELL_ROW_77_2869,VSS,Metal1,164.0665,412.5805,0.000406
TAP_TAPCELL_ROW_77_2868,VSS,Metal1,124.8665,412.5805,0.000430
TAP_TAPCELL_ROW_77_2867,VSS,Metal1,85.6665,412.5805,0.000469
TAP_TAPCELL_ROW_77_2866,VSS,Metal1,46.4665,412.5805,0.000435
TAP_TAPCELL_ROW_76_2865,VSS,Metal1,1085.2665,403.8990,0.000448
TAP_TAPCELL_ROW_76_2864,VSS,Metal1,1046.0665,403.8990,0.000438
TAP_TAPCELL_ROW_76_2863,VSS,Metal1,1006.8665,403.8990,0.000358
TAP_TAPCELL_ROW_76_2862,VSS,Metal1,967.6665,403.8990,0.000355
TAP_TAPCELL_ROW_76_2861,VSS,Metal1,928.4665,403.8990,0.000355
TAP_TAPCELL_ROW_76_2860,VSS,Metal1,889.2665,403.8990,0.000372
TAP_TAPCELL_ROW_76_2859,VSS,Metal1,850.0665,403.8990,0.000369
TAP_TAPCELL_ROW_76_2858,VSS,Metal1,810.8665,403.8990,0.000325
TAP_TAPCELL_ROW_76_2857,VSS,Metal1,771.6665,403.8990,0.000369
TAP_TAPCELL_ROW_76_2856,VSS,Metal1,732.4665,403.8990,0.000416
TAP_TAPCELL_ROW_76_2855,VSS,Metal1,693.2665,403.8990,0.000392
TAP_TAPCELL_ROW_76_2854,VSS,Metal1,654.0665,403.8990,0.000316
TAP_TAPCELL_ROW_76_2853,VSS,Metal1,614.8665,403.8990,0.000297
TAP_TAPCELL_ROW_76_2852,VSS,Metal1,575.6665,403.8990,0.000315
TAP_TAPCELL_ROW_76_2851,VSS,Metal1,536.4665,403.8990,0.000328
TAP_TAPCELL_ROW_76_2850,VSS,Metal1,497.2665,403.8990,0.000326
TAP_TAPCELL_ROW_76_2849,VSS,Metal1,458.0665,403.8990,0.000442
TAP_TAPCELL_ROW_76_2848,VSS,Metal1,418.8665,403.8990,0.000515
TAP_TAPCELL_ROW_76_2847,VSS,Metal1,379.6665,403.8990,0.000498
TAP_TAPCELL_ROW_76_2846,VSS,Metal1,340.4665,403.8990,0.000464
TAP_TAPCELL_ROW_76_2845,VSS,Metal1,301.2665,403.8990,0.000469
TAP_TAPCELL_ROW_76_2844,VSS,Metal1,262.0665,403.8990,0.000481
TAP_TAPCELL_ROW_76_2843,VSS,Metal1,222.8665,403.8990,0.000471
TAP_TAPCELL_ROW_76_2842,VSS,Metal1,183.6665,403.8990,0.000364
TAP_TAPCELL_ROW_76_2841,VSS,Metal1,144.4665,403.8990,0.000355
TAP_TAPCELL_ROW_76_2840,VSS,Metal1,105.2665,403.8990,0.000348
TAP_TAPCELL_ROW_76_2839,VSS,Metal1,66.0665,403.8990,0.000281
TAP_TAPCELL_ROW_76_2838,VSS,Metal1,26.8665,403.8990,0.000228
TAP_TAPCELL_ROW_75_2837,VSS,Metal1,1065.6665,402.5005,0.000447
TAP_TAPCELL_ROW_75_2836,VSS,Metal1,1026.4665,402.5005,0.000397
TAP_TAPCELL_ROW_75_2835,VSS,Metal1,987.2665,402.5005,0.000356
TAP_TAPCELL_ROW_75_2834,VSS,Metal1,948.0665,402.5005,0.000331
TAP_TAPCELL_ROW_75_2833,VSS,Metal1,908.8665,402.5005,0.000358
TAP_TAPCELL_ROW_75_2832,VSS,Metal1,869.6665,402.5005,0.000376
TAP_TAPCELL_ROW_75_2831,VSS,Metal1,830.4665,402.5005,0.000367
TAP_TAPCELL_ROW_75_2830,VSS,Metal1,791.2665,402.5005,0.000328
TAP_TAPCELL_ROW_75_2829,VSS,Metal1,752.0665,402.5005,0.000406
TAP_TAPCELL_ROW_75_2828,VSS,Metal1,712.8665,402.5005,0.000417
TAP_TAPCELL_ROW_75_2827,VSS,Metal1,673.6665,402.5005,0.000380
TAP_TAPCELL_ROW_75_2826,VSS,Metal1,634.4665,402.5005,0.000280
TAP_TAPCELL_ROW_75_2825,VSS,Metal1,595.2665,402.5005,0.000311
TAP_TAPCELL_ROW_75_2824,VSS,Metal1,556.0665,402.5005,0.000322
TAP_TAPCELL_ROW_75_2823,VSS,Metal1,516.8665,402.5005,0.000326
TAP_TAPCELL_ROW_75_2822,VSS,Metal1,477.6665,402.5005,0.000333
TAP_TAPCELL_ROW_75_2821,VSS,Metal1,438.4665,402.5005,0.000507
TAP_TAPCELL_ROW_75_2820,VSS,Metal1,399.2665,402.5005,0.000517
TAP_TAPCELL_ROW_75_2819,VSS,Metal1,360.0665,402.5005,0.000496
TAP_TAPCELL_ROW_75_2818,VSS,Metal1,320.8665,402.5005,0.000459
TAP_TAPCELL_ROW_75_2817,VSS,Metal1,281.6665,402.5005,0.000480
TAP_TAPCELL_ROW_75_2816,VSS,Metal1,242.4665,402.5005,0.000474
TAP_TAPCELL_ROW_75_2815,VSS,Metal1,203.2665,402.5005,0.000397
TAP_TAPCELL_ROW_75_2814,VSS,Metal1,164.0665,402.5005,0.000349
TAP_TAPCELL_ROW_75_2813,VSS,Metal1,124.8665,402.5005,0.000354
TAP_TAPCELL_ROW_75_2812,VSS,Metal1,85.6665,402.5005,0.000344
TAP_TAPCELL_ROW_75_2811,VSS,Metal1,46.4665,402.5005,0.000271
TAP_TAPCELL_ROW_74_2810,VSS,Metal1,1085.2665,393.8190,0.000393
TAP_TAPCELL_ROW_74_2809,VSS,Metal1,1046.0665,393.8190,0.000378
TAP_TAPCELL_ROW_74_2808,VSS,Metal1,1006.8665,393.8190,0.000313
TAP_TAPCELL_ROW_74_2807,VSS,Metal1,967.6665,393.8190,0.000285
TAP_TAPCELL_ROW_74_2806,VSS,Metal1,928.4665,393.8190,0.000269
TAP_TAPCELL_ROW_74_2805,VSS,Metal1,889.2665,393.8190,0.000257
TAP_TAPCELL_ROW_74_2804,VSS,Metal1,850.0665,393.8190,0.000240
TAP_TAPCELL_ROW_74_2803,VSS,Metal1,810.8665,393.8190,0.000226
TAP_TAPCELL_ROW_74_2802,VSS,Metal1,771.6665,393.8190,0.000237
TAP_TAPCELL_ROW_74_2801,VSS,Metal1,732.4665,393.8190,0.000261
TAP_TAPCELL_ROW_74_2800,VSS,Metal1,693.2665,393.8190,0.000275
TAP_TAPCELL_ROW_74_2799,VSS,Metal1,654.0665,393.8190,0.000267
TAP_TAPCELL_ROW_74_2798,VSS,Metal1,614.8665,393.8190,0.000264
TAP_TAPCELL_ROW_74_2797,VSS,Metal1,575.6665,393.8190,0.000363
TAP_TAPCELL_ROW_74_2796,VSS,Metal1,536.4665,393.8190,0.000393
TAP_TAPCELL_ROW_74_2795,VSS,Metal1,497.2665,393.8190,0.000413
TAP_TAPCELL_ROW_74_2794,VSS,Metal1,458.0665,393.8190,0.000584
TAP_TAPCELL_ROW_74_2793,VSS,Metal1,418.8665,393.8190,0.000593
TAP_TAPCELL_ROW_74_2792,VSS,Metal1,379.6665,393.8190,0.000493
TAP_TAPCELL_ROW_74_2791,VSS,Metal1,340.4665,393.8190,0.000450
TAP_TAPCELL_ROW_74_2790,VSS,Metal1,301.2665,393.8190,0.000448
TAP_TAPCELL_ROW_74_2789,VSS,Metal1,262.0665,393.8190,0.000404
TAP_TAPCELL_ROW_74_2788,VSS,Metal1,222.8665,393.8190,0.000348
TAP_TAPCELL_ROW_74_2787,VSS,Metal1,183.6665,393.8190,0.000225
TAP_TAPCELL_ROW_74_2786,VSS,Metal1,144.4665,393.8190,0.000224
TAP_TAPCELL_ROW_74_2785,VSS,Metal1,105.2665,393.8190,0.000219
TAP_TAPCELL_ROW_74_2784,VSS,Metal1,66.0665,393.8190,0.000196
TAP_TAPCELL_ROW_74_2783,VSS,Metal1,26.8665,393.8190,0.000155
TAP_TAPCELL_ROW_73_2782,VSS,Metal1,1065.6665,392.4205,0.000393
TAP_TAPCELL_ROW_73_2781,VSS,Metal1,1026.4665,392.4205,0.000372
TAP_TAPCELL_ROW_73_2780,VSS,Metal1,987.2665,392.4205,0.000307
TAP_TAPCELL_ROW_73_2779,VSS,Metal1,948.0665,392.4205,0.000269
TAP_TAPCELL_ROW_73_2778,VSS,Metal1,908.8665,392.4205,0.000265
TAP_TAPCELL_ROW_73_2777,VSS,Metal1,869.6665,392.4205,0.000248
TAP_TAPCELL_ROW_73_2776,VSS,Metal1,830.4665,392.4205,0.000234
TAP_TAPCELL_ROW_73_2775,VSS,Metal1,791.2665,392.4205,0.000219
TAP_TAPCELL_ROW_73_2774,VSS,Metal1,752.0665,392.4205,0.000260
TAP_TAPCELL_ROW_73_2773,VSS,Metal1,712.8665,392.4205,0.000265
TAP_TAPCELL_ROW_73_2772,VSS,Metal1,673.6665,392.4205,0.000271
TAP_TAPCELL_ROW_73_2771,VSS,Metal1,634.4665,392.4205,0.000253
TAP_TAPCELL_ROW_73_2770,VSS,Metal1,595.2665,392.4205,0.000303
TAP_TAPCELL_ROW_73_2769,VSS,Metal1,556.0665,392.4205,0.000391
TAP_TAPCELL_ROW_73_2768,VSS,Metal1,516.8665,392.4205,0.000413
TAP_TAPCELL_ROW_73_2767,VSS,Metal1,477.6665,392.4205,0.000425
TAP_TAPCELL_ROW_73_2766,VSS,Metal1,438.4665,392.4205,0.000595
TAP_TAPCELL_ROW_73_2765,VSS,Metal1,399.2665,392.4205,0.000575
TAP_TAPCELL_ROW_73_2764,VSS,Metal1,360.0665,392.4205,0.000472
TAP_TAPCELL_ROW_73_2763,VSS,Metal1,320.8665,392.4205,0.000448
TAP_TAPCELL_ROW_73_2762,VSS,Metal1,281.6665,392.4205,0.000427
TAP_TAPCELL_ROW_73_2761,VSS,Metal1,242.4665,392.4205,0.000371
TAP_TAPCELL_ROW_73_2760,VSS,Metal1,203.2665,392.4205,0.000288
TAP_TAPCELL_ROW_73_2759,VSS,Metal1,164.0665,392.4205,0.000221
TAP_TAPCELL_ROW_73_2758,VSS,Metal1,124.8665,392.4205,0.000224
TAP_TAPCELL_ROW_73_2757,VSS,Metal1,85.6665,392.4205,0.000207
TAP_TAPCELL_ROW_73_2756,VSS,Metal1,46.4665,392.4205,0.000190
TAP_TAPCELL_ROW_72_2755,VSS,Metal1,1085.2665,383.7390,0.000145
TAP_TAPCELL_ROW_72_2754,VSS,Metal1,1046.0665,383.7390,0.000145
TAP_TAPCELL_ROW_72_2753,VSS,Metal1,1006.8665,383.7390,0.000145
TAP_TAPCELL_ROW_72_2752,VSS,Metal1,967.6665,383.7390,0.000128
TAP_TAPCELL_ROW_72_2751,VSS,Metal1,928.4665,383.7390,0.000141
TAP_TAPCELL_ROW_72_2750,VSS,Metal1,889.2665,383.7390,0.000190
TAP_TAPCELL_ROW_72_2749,VSS,Metal1,850.0665,383.7390,0.000200
TAP_TAPCELL_ROW_72_2748,VSS,Metal1,810.8665,383.7390,0.000198
TAP_TAPCELL_ROW_72_2747,VSS,Metal1,771.6665,383.7390,0.000207
TAP_TAPCELL_ROW_72_2746,VSS,Metal1,732.4665,383.7390,0.000228
TAP_TAPCELL_ROW_72_2745,VSS,Metal1,693.2665,383.7390,0.000231
TAP_TAPCELL_ROW_72_2744,VSS,Metal1,654.0665,383.7390,0.000201
TAP_TAPCELL_ROW_72_2743,VSS,Metal1,614.8665,383.7390,0.000214
TAP_TAPCELL_ROW_72_2742,VSS,Metal1,575.6665,383.7390,0.000259
TAP_TAPCELL_ROW_72_2741,VSS,Metal1,536.4665,383.7390,0.000330
TAP_TAPCELL_ROW_72_2740,VSS,Metal1,497.2665,383.7390,0.000329
TAP_TAPCELL_ROW_72_2739,VSS,Metal1,458.0665,383.7390,0.000481
TAP_TAPCELL_ROW_72_2738,VSS,Metal1,418.8665,383.7390,0.000497
TAP_TAPCELL_ROW_72_2737,VSS,Metal1,379.6665,383.7390,0.000439
TAP_TAPCELL_ROW_72_2736,VSS,Metal1,340.4665,383.7390,0.000421
TAP_TAPCELL_ROW_72_2735,VSS,Metal1,301.2665,383.7390,0.000397
TAP_TAPCELL_ROW_72_2734,VSS,Metal1,262.0665,383.7390,0.000315
TAP_TAPCELL_ROW_72_2733,VSS,Metal1,222.8665,383.7390,0.000277
TAP_TAPCELL_ROW_72_2732,VSS,Metal1,183.6665,383.7390,0.000201
TAP_TAPCELL_ROW_72_2731,VSS,Metal1,144.4665,383.7390,0.000211
TAP_TAPCELL_ROW_72_2730,VSS,Metal1,105.2665,383.7390,0.000215
TAP_TAPCELL_ROW_72_2729,VSS,Metal1,66.0665,383.7390,0.000200
TAP_TAPCELL_ROW_72_2728,VSS,Metal1,26.8665,383.7390,0.000114
TAP_TAPCELL_ROW_71_2727,VSS,Metal1,1065.6665,382.3405,0.000145
TAP_TAPCELL_ROW_71_2726,VSS,Metal1,1026.4665,382.3405,0.000145
TAP_TAPCELL_ROW_71_2725,VSS,Metal1,987.2665,382.3405,0.000144
TAP_TAPCELL_ROW_71_2724,VSS,Metal1,948.0665,382.3405,0.000124
TAP_TAPCELL_ROW_71_2723,VSS,Metal1,908.8665,382.3405,0.000167
TAP_TAPCELL_ROW_71_2722,VSS,Metal1,869.6665,382.3405,0.000199
TAP_TAPCELL_ROW_71_2721,VSS,Metal1,830.4665,382.3405,0.000200
TAP_TAPCELL_ROW_71_2720,VSS,Metal1,791.2665,382.3405,0.000197
TAP_TAPCELL_ROW_71_2719,VSS,Metal1,752.0665,382.3405,0.000220
TAP_TAPCELL_ROW_71_2718,VSS,Metal1,712.8665,382.3405,0.000232
TAP_TAPCELL_ROW_71_2717,VSS,Metal1,673.6665,382.3405,0.000215
TAP_TAPCELL_ROW_71_2716,VSS,Metal1,634.4665,382.3405,0.000208
TAP_TAPCELL_ROW_71_2715,VSS,Metal1,595.2665,382.3405,0.000236
TAP_TAPCELL_ROW_71_2714,VSS,Metal1,556.0665,382.3405,0.000303
TAP_TAPCELL_ROW_71_2713,VSS,Metal1,516.8665,382.3405,0.000333
TAP_TAPCELL_ROW_71_2712,VSS,Metal1,477.6665,382.3405,0.000317
TAP_TAPCELL_ROW_71_2711,VSS,Metal1,438.4665,382.3405,0.000494
TAP_TAPCELL_ROW_71_2710,VSS,Metal1,399.2665,382.3405,0.000495
TAP_TAPCELL_ROW_71_2709,VSS,Metal1,360.0665,382.3405,0.000431
TAP_TAPCELL_ROW_71_2708,VSS,Metal1,320.8665,382.3405,0.000399
TAP_TAPCELL_ROW_71_2707,VSS,Metal1,281.6665,382.3405,0.000353
TAP_TAPCELL_ROW_71_2706,VSS,Metal1,242.4665,382.3405,0.000312
TAP_TAPCELL_ROW_71_2705,VSS,Metal1,203.2665,382.3405,0.000266
TAP_TAPCELL_ROW_71_2704,VSS,Metal1,164.0665,382.3405,0.000208
TAP_TAPCELL_ROW_71_2703,VSS,Metal1,124.8665,382.3405,0.000215
TAP_TAPCELL_ROW_71_2702,VSS,Metal1,85.6665,382.3405,0.000207
TAP_TAPCELL_ROW_71_2701,VSS,Metal1,46.4665,382.3405,0.000149
TAP_TAPCELL_ROW_70_2700,VSS,Metal1,1085.2665,373.6590,0.000297
TAP_TAPCELL_ROW_70_2699,VSS,Metal1,1046.0665,373.6590,0.000287
TAP_TAPCELL_ROW_70_2698,VSS,Metal1,1006.8665,373.6590,0.000249
TAP_TAPCELL_ROW_70_2697,VSS,Metal1,967.6665,373.6590,0.000184
TAP_TAPCELL_ROW_70_2696,VSS,Metal1,928.4665,373.6590,0.000185
TAP_TAPCELL_ROW_70_2695,VSS,Metal1,889.2665,373.6590,0.000224
TAP_TAPCELL_ROW_70_2694,VSS,Metal1,850.0665,373.6590,0.000236
TAP_TAPCELL_ROW_70_2693,VSS,Metal1,810.8665,373.6590,0.000234
TAP_TAPCELL_ROW_70_2692,VSS,Metal1,771.6665,373.6590,0.000282
TAP_TAPCELL_ROW_70_2691,VSS,Metal1,732.4665,373.6590,0.000287
TAP_TAPCELL_ROW_70_2690,VSS,Metal1,693.2665,373.6590,0.000288
TAP_TAPCELL_ROW_70_2689,VSS,Metal1,654.0665,373.6590,0.000271
TAP_TAPCELL_ROW_70_2688,VSS,Metal1,614.8665,373.6590,0.000277
TAP_TAPCELL_ROW_70_2687,VSS,Metal1,575.6665,373.6590,0.000287
TAP_TAPCELL_ROW_70_2686,VSS,Metal1,536.4665,373.6590,0.000282
TAP_TAPCELL_ROW_70_2685,VSS,Metal1,497.2665,373.6590,0.000249
TAP_TAPCELL_ROW_70_2684,VSS,Metal1,458.0665,373.6590,0.000199
TAP_TAPCELL_ROW_70_2683,VSS,Metal1,418.8665,373.6590,0.000212
TAP_TAPCELL_ROW_70_2682,VSS,Metal1,379.6665,373.6590,0.000224
TAP_TAPCELL_ROW_70_2681,VSS,Metal1,340.4665,373.6590,0.000220
TAP_TAPCELL_ROW_70_2680,VSS,Metal1,301.2665,373.6590,0.000234
TAP_TAPCELL_ROW_70_2679,VSS,Metal1,262.0665,373.6590,0.000261
TAP_TAPCELL_ROW_70_2678,VSS,Metal1,222.8665,373.6590,0.000281
TAP_TAPCELL_ROW_70_2677,VSS,Metal1,183.6665,373.6590,0.000256
TAP_TAPCELL_ROW_70_2676,VSS,Metal1,144.4665,373.6590,0.000312
TAP_TAPCELL_ROW_70_2675,VSS,Metal1,105.2665,373.6590,0.000320
TAP_TAPCELL_ROW_70_2674,VSS,Metal1,66.0665,373.6590,0.000342
TAP_TAPCELL_ROW_70_2673,VSS,Metal1,26.8665,373.6590,0.000287
TAP_TAPCELL_ROW_69_2672,VSS,Metal1,1065.6665,372.2605,0.000296
TAP_TAPCELL_ROW_69_2671,VSS,Metal1,1026.4665,372.2605,0.000286
TAP_TAPCELL_ROW_69_2670,VSS,Metal1,987.2665,372.2605,0.000217
TAP_TAPCELL_ROW_69_2669,VSS,Metal1,948.0665,372.2605,0.000157
TAP_TAPCELL_ROW_69_2668,VSS,Metal1,908.8665,372.2605,0.000207
TAP_TAPCELL_ROW_69_2667,VSS,Metal1,869.6665,372.2605,0.000236
TAP_TAPCELL_ROW_69_2666,VSS,Metal1,830.4665,372.2605,0.000237
TAP_TAPCELL_ROW_69_2665,VSS,Metal1,791.2665,372.2605,0.000235
TAP_TAPCELL_ROW_69_2664,VSS,Metal1,752.0665,372.2605,0.000285
TAP_TAPCELL_ROW_69_2663,VSS,Metal1,712.8665,372.2605,0.000288
TAP_TAPCELL_ROW_69_2662,VSS,Metal1,673.6665,372.2605,0.000275
TAP_TAPCELL_ROW_69_2661,VSS,Metal1,634.4665,372.2605,0.000269
TAP_TAPCELL_ROW_69_2660,VSS,Metal1,595.2665,372.2605,0.000279
TAP_TAPCELL_ROW_69_2659,VSS,Metal1,556.0665,372.2605,0.000287
TAP_TAPCELL_ROW_69_2658,VSS,Metal1,516.8665,372.2605,0.000258
TAP_TAPCELL_ROW_69_2657,VSS,Metal1,477.6665,372.2605,0.000196
TAP_TAPCELL_ROW_69_2656,VSS,Metal1,438.4665,372.2605,0.000210
TAP_TAPCELL_ROW_69_2655,VSS,Metal1,399.2665,372.2605,0.000222
TAP_TAPCELL_ROW_69_2654,VSS,Metal1,360.0665,372.2605,0.000222
TAP_TAPCELL_ROW_69_2653,VSS,Metal1,320.8665,372.2605,0.000230
TAP_TAPCELL_ROW_69_2652,VSS,Metal1,281.6665,372.2605,0.000246
TAP_TAPCELL_ROW_69_2651,VSS,Metal1,242.4665,372.2605,0.000280
TAP_TAPCELL_ROW_69_2650,VSS,Metal1,203.2665,372.2605,0.000281
TAP_TAPCELL_ROW_69_2649,VSS,Metal1,164.0665,372.2605,0.000308
TAP_TAPCELL_ROW_69_2648,VSS,Metal1,124.8665,372.2605,0.000313
TAP_TAPCELL_ROW_69_2647,VSS,Metal1,85.6665,372.2605,0.000342
TAP_TAPCELL_ROW_69_2646,VSS,Metal1,46.4665,372.2605,0.000312
TAP_TAPCELL_ROW_68_2645,VSS,Metal1,1085.2665,363.5790,0.000645
TAP_TAPCELL_ROW_68_2644,VSS,Metal1,1046.0665,363.5790,0.000639
TAP_TAPCELL_ROW_68_2643,VSS,Metal1,1006.8665,363.5790,0.000487
TAP_TAPCELL_ROW_68_2642,VSS,Metal1,967.6665,363.5790,0.000418
TAP_TAPCELL_ROW_68_2641,VSS,Metal1,928.4665,363.5790,0.000381
TAP_TAPCELL_ROW_68_2640,VSS,Metal1,889.2665,363.5790,0.000400
TAP_TAPCELL_ROW_68_2639,VSS,Metal1,850.0665,363.5790,0.000422
TAP_TAPCELL_ROW_68_2638,VSS,Metal1,810.8665,363.5790,0.000409
TAP_TAPCELL_ROW_68_2637,VSS,Metal1,771.6665,363.5790,0.000396
TAP_TAPCELL_ROW_68_2636,VSS,Metal1,732.4665,363.5790,0.000399
TAP_TAPCELL_ROW_68_2635,VSS,Metal1,693.2665,363.5790,0.000379
TAP_TAPCELL_ROW_68_2634,VSS,Metal1,654.0665,363.5790,0.000340
TAP_TAPCELL_ROW_68_2633,VSS,Metal1,614.8665,363.5790,0.000378
TAP_TAPCELL_ROW_68_2632,VSS,Metal1,575.6665,363.5790,0.000386
TAP_TAPCELL_ROW_68_2631,VSS,Metal1,536.4665,363.5790,0.000391
TAP_TAPCELL_ROW_68_2630,VSS,Metal1,497.2665,363.5790,0.000399
TAP_TAPCELL_ROW_68_2629,VSS,Metal1,458.0665,363.5790,0.000448
TAP_TAPCELL_ROW_68_2628,VSS,Metal1,418.8665,363.5790,0.000566
TAP_TAPCELL_ROW_68_2627,VSS,Metal1,379.6665,363.5790,0.000561
TAP_TAPCELL_ROW_68_2626,VSS,Metal1,340.4665,363.5790,0.000487
TAP_TAPCELL_ROW_68_2625,VSS,Metal1,301.2665,363.5790,0.000483
TAP_TAPCELL_ROW_68_2624,VSS,Metal1,262.0665,363.5790,0.000522
TAP_TAPCELL_ROW_68_2623,VSS,Metal1,222.8665,363.5790,0.000534
TAP_TAPCELL_ROW_68_2622,VSS,Metal1,183.6665,363.5790,0.000512
TAP_TAPCELL_ROW_68_2621,VSS,Metal1,144.4665,363.5790,0.000571
TAP_TAPCELL_ROW_68_2620,VSS,Metal1,105.2665,363.5790,0.000573
TAP_TAPCELL_ROW_68_2619,VSS,Metal1,66.0665,363.5790,0.000385
TAP_TAPCELL_ROW_68_2618,VSS,Metal1,26.8665,363.5790,0.000342
TAP_TAPCELL_ROW_67_2617,VSS,Metal1,1065.6665,362.1805,0.000644
TAP_TAPCELL_ROW_67_2616,VSS,Metal1,1026.4665,362.1805,0.000571
TAP_TAPCELL_ROW_67_2615,VSS,Metal1,987.2665,362.1805,0.000484
TAP_TAPCELL_ROW_67_2614,VSS,Metal1,948.0665,362.1805,0.000366
TAP_TAPCELL_ROW_67_2613,VSS,Metal1,908.8665,362.1805,0.000387
TAP_TAPCELL_ROW_67_2612,VSS,Metal1,869.6665,362.1805,0.000423
TAP_TAPCELL_ROW_67_2611,VSS,Metal1,830.4665,362.1805,0.000420
TAP_TAPCELL_ROW_67_2610,VSS,Metal1,791.2665,362.1805,0.000388
TAP_TAPCELL_ROW_67_2609,VSS,Metal1,752.0665,362.1805,0.000398
TAP_TAPCELL_ROW_67_2608,VSS,Metal1,712.8665,362.1805,0.000398
TAP_TAPCELL_ROW_67_2607,VSS,Metal1,673.6665,362.1805,0.000374
TAP_TAPCELL_ROW_67_2606,VSS,Metal1,634.4665,362.1805,0.000334
TAP_TAPCELL_ROW_67_2605,VSS,Metal1,595.2665,362.1805,0.000385
TAP_TAPCELL_ROW_67_2604,VSS,Metal1,556.0665,362.1805,0.000387
TAP_TAPCELL_ROW_67_2603,VSS,Metal1,516.8665,362.1805,0.000393
TAP_TAPCELL_ROW_67_2602,VSS,Metal1,477.6665,362.1805,0.000423
TAP_TAPCELL_ROW_67_2601,VSS,Metal1,438.4665,362.1805,0.000550
TAP_TAPCELL_ROW_67_2600,VSS,Metal1,399.2665,362.1805,0.000566
TAP_TAPCELL_ROW_67_2599,VSS,Metal1,360.0665,362.1805,0.000552
TAP_TAPCELL_ROW_67_2598,VSS,Metal1,320.8665,362.1805,0.000477
TAP_TAPCELL_ROW_67_2597,VSS,Metal1,281.6665,362.1805,0.000504
TAP_TAPCELL_ROW_67_2596,VSS,Metal1,242.4665,362.1805,0.000538
TAP_TAPCELL_ROW_67_2595,VSS,Metal1,203.2665,362.1805,0.000523
TAP_TAPCELL_ROW_67_2594,VSS,Metal1,164.0665,362.1805,0.000527
TAP_TAPCELL_ROW_67_2593,VSS,Metal1,124.8665,362.1805,0.000572
TAP_TAPCELL_ROW_67_2592,VSS,Metal1,85.6665,362.1805,0.000567
TAP_TAPCELL_ROW_67_2591,VSS,Metal1,46.4665,362.1805,0.000372
TAP_TAPCELL_ROW_66_2590,VSS,Metal1,1085.2665,353.4990,0.000660
TAP_TAPCELL_ROW_66_2589,VSS,Metal1,1046.0665,353.4990,0.000658
TAP_TAPCELL_ROW_66_2588,VSS,Metal1,1006.8665,353.4990,0.000511
TAP_TAPCELL_ROW_66_2587,VSS,Metal1,967.6665,353.4990,0.000428
TAP_TAPCELL_ROW_66_2586,VSS,Metal1,928.4665,353.4990,0.000379
TAP_TAPCELL_ROW_66_2585,VSS,Metal1,889.2665,353.4990,0.000408
TAP_TAPCELL_ROW_66_2584,VSS,Metal1,850.0665,353.4990,0.000427
TAP_TAPCELL_ROW_66_2583,VSS,Metal1,810.8665,353.4990,0.000376
TAP_TAPCELL_ROW_66_2582,VSS,Metal1,771.6665,353.4990,0.000419
TAP_TAPCELL_ROW_66_2581,VSS,Metal1,732.4665,353.4990,0.000458
TAP_TAPCELL_ROW_66_2580,VSS,Metal1,693.2665,353.4990,0.000489
TAP_TAPCELL_ROW_66_2579,VSS,Metal1,654.0665,353.4990,0.000369
TAP_TAPCELL_ROW_66_2578,VSS,Metal1,614.8665,353.4990,0.000349
TAP_TAPCELL_ROW_66_2577,VSS,Metal1,575.6665,353.4990,0.000381
TAP_TAPCELL_ROW_66_2576,VSS,Metal1,536.4665,353.4990,0.000362
TAP_TAPCELL_ROW_66_2575,VSS,Metal1,497.2665,353.4990,0.000331
TAP_TAPCELL_ROW_66_2574,VSS,Metal1,458.0665,353.4990,0.000357
TAP_TAPCELL_ROW_66_2573,VSS,Metal1,418.8665,353.4990,0.000378
TAP_TAPCELL_ROW_66_2572,VSS,Metal1,379.6665,353.4990,0.000383
TAP_TAPCELL_ROW_66_2571,VSS,Metal1,340.4665,353.4990,0.000381
TAP_TAPCELL_ROW_66_2570,VSS,Metal1,301.2665,353.4990,0.000410
TAP_TAPCELL_ROW_66_2569,VSS,Metal1,262.0665,353.4990,0.000545
TAP_TAPCELL_ROW_66_2568,VSS,Metal1,222.8665,353.4990,0.000569
TAP_TAPCELL_ROW_66_2567,VSS,Metal1,183.6665,353.4990,0.000536
TAP_TAPCELL_ROW_66_2566,VSS,Metal1,144.4665,353.4990,0.000558
TAP_TAPCELL_ROW_66_2565,VSS,Metal1,105.2665,353.4990,0.000559
TAP_TAPCELL_ROW_66_2564,VSS,Metal1,66.0665,353.4990,0.000470
TAP_TAPCELL_ROW_66_2563,VSS,Metal1,26.8665,353.4990,0.000330
TAP_TAPCELL_ROW_65_2562,VSS,Metal1,1065.6665,352.1005,0.000658
TAP_TAPCELL_ROW_65_2561,VSS,Metal1,1026.4665,352.1005,0.000579
TAP_TAPCELL_ROW_65_2560,VSS,Metal1,987.2665,352.1005,0.000473
TAP_TAPCELL_ROW_65_2559,VSS,Metal1,948.0665,352.1005,0.000394
TAP_TAPCELL_ROW_65_2558,VSS,Metal1,908.8665,352.1005,0.000400
TAP_TAPCELL_ROW_65_2557,VSS,Metal1,869.6665,352.1005,0.000426
TAP_TAPCELL_ROW_65_2556,VSS,Metal1,830.4665,352.1005,0.000426
TAP_TAPCELL_ROW_65_2555,VSS,Metal1,791.2665,352.1005,0.000367
TAP_TAPCELL_ROW_65_2554,VSS,Metal1,752.0665,352.1005,0.000443
TAP_TAPCELL_ROW_65_2553,VSS,Metal1,712.8665,352.1005,0.000488
TAP_TAPCELL_ROW_65_2552,VSS,Metal1,673.6665,352.1005,0.000450
TAP_TAPCELL_ROW_65_2551,VSS,Metal1,634.4665,352.1005,0.000334
TAP_TAPCELL_ROW_65_2550,VSS,Metal1,595.2665,352.1005,0.000366
TAP_TAPCELL_ROW_65_2549,VSS,Metal1,556.0665,352.1005,0.000391
TAP_TAPCELL_ROW_65_2548,VSS,Metal1,516.8665,352.1005,0.000349
TAP_TAPCELL_ROW_65_2547,VSS,Metal1,477.6665,352.1005,0.000324
TAP_TAPCELL_ROW_65_2546,VSS,Metal1,438.4665,352.1005,0.000377
TAP_TAPCELL_ROW_65_2545,VSS,Metal1,399.2665,352.1005,0.000384
TAP_TAPCELL_ROW_65_2544,VSS,Metal1,360.0665,352.1005,0.000381
TAP_TAPCELL_ROW_65_2543,VSS,Metal1,320.8665,352.1005,0.000405
TAP_TAPCELL_ROW_65_2542,VSS,Metal1,281.6665,352.1005,0.000486
TAP_TAPCELL_ROW_65_2541,VSS,Metal1,242.4665,352.1005,0.000560
TAP_TAPCELL_ROW_65_2540,VSS,Metal1,203.2665,352.1005,0.000552
TAP_TAPCELL_ROW_65_2539,VSS,Metal1,164.0665,352.1005,0.000543
TAP_TAPCELL_ROW_65_2538,VSS,Metal1,124.8665,352.1005,0.000560
TAP_TAPCELL_ROW_65_2537,VSS,Metal1,85.6665,352.1005,0.000542
TAP_TAPCELL_ROW_65_2536,VSS,Metal1,46.4665,352.1005,0.000384
TAP_TAPCELL_ROW_64_2535,VSS,Metal1,1085.2665,343.4190,0.000471
TAP_TAPCELL_ROW_64_2534,VSS,Metal1,1046.0665,343.4190,0.000471
TAP_TAPCELL_ROW_64_2533,VSS,Metal1,1006.8665,343.4190,0.000461
TAP_TAPCELL_ROW_64_2532,VSS,Metal1,967.6665,343.4190,0.000447
TAP_TAPCELL_ROW_64_2531,VSS,Metal1,928.4665,343.4190,0.000471
TAP_TAPCELL_ROW_64_2530,VSS,Metal1,889.2665,343.4190,0.000482
TAP_TAPCELL_ROW_64_2529,VSS,Metal1,850.0665,343.4190,0.000477
TAP_TAPCELL_ROW_64_2528,VSS,Metal1,810.8665,343.4190,0.000426
TAP_TAPCELL_ROW_64_2527,VSS,Metal1,771.6665,343.4190,0.000425
TAP_TAPCELL_ROW_64_2526,VSS,Metal1,732.4665,343.4190,0.000411
TAP_TAPCELL_ROW_64_2525,VSS,Metal1,693.2665,343.4190,0.000321
TAP_TAPCELL_ROW_64_2524,VSS,Metal1,654.0665,343.4190,0.000261
TAP_TAPCELL_ROW_64_2523,VSS,Metal1,614.8665,343.4190,0.000237
TAP_TAPCELL_ROW_64_2522,VSS,Metal1,575.6665,343.4190,0.000235
TAP_TAPCELL_ROW_64_2521,VSS,Metal1,536.4665,343.4190,0.000232
TAP_TAPCELL_ROW_64_2520,VSS,Metal1,497.2665,343.4190,0.000227
TAP_TAPCELL_ROW_64_2519,VSS,Metal1,458.0665,343.4190,0.000242
TAP_TAPCELL_ROW_64_2518,VSS,Metal1,418.8665,343.4190,0.000264
TAP_TAPCELL_ROW_64_2517,VSS,Metal1,379.6665,343.4190,0.000267
TAP_TAPCELL_ROW_64_2516,VSS,Metal1,340.4665,343.4190,0.000264
TAP_TAPCELL_ROW_64_2515,VSS,Metal1,301.2665,343.4190,0.000276
TAP_TAPCELL_ROW_64_2514,VSS,Metal1,262.0665,343.4190,0.000290
TAP_TAPCELL_ROW_64_2513,VSS,Metal1,222.8665,343.4190,0.000305
TAP_TAPCELL_ROW_64_2512,VSS,Metal1,183.6665,343.4190,0.000297
TAP_TAPCELL_ROW_64_2511,VSS,Metal1,144.4665,343.4190,0.000338
TAP_TAPCELL_ROW_64_2510,VSS,Metal1,105.2665,343.4190,0.000337
TAP_TAPCELL_ROW_64_2509,VSS,Metal1,66.0665,343.4190,0.000324
TAP_TAPCELL_ROW_64_2508,VSS,Metal1,26.8665,343.4190,0.000292
TAP_TAPCELL_ROW_63_2507,VSS,Metal1,1065.6665,342.0205,0.000471
TAP_TAPCELL_ROW_63_2506,VSS,Metal1,1026.4665,342.0205,0.000467
TAP_TAPCELL_ROW_63_2505,VSS,Metal1,987.2665,342.0205,0.000454
TAP_TAPCELL_ROW_63_2504,VSS,Metal1,948.0665,342.0205,0.000431
TAP_TAPCELL_ROW_63_2503,VSS,Metal1,908.8665,342.0205,0.000481
TAP_TAPCELL_ROW_63_2502,VSS,Metal1,869.6665,342.0205,0.000482
TAP_TAPCELL_ROW_63_2501,VSS,Metal1,830.4665,342.0205,0.000474
TAP_TAPCELL_ROW_63_2500,VSS,Metal1,791.2665,342.0205,0.000426
TAP_TAPCELL_ROW_63_2499,VSS,Metal1,752.0665,342.0205,0.000416
TAP_TAPCELL_ROW_63_2498,VSS,Metal1,712.8665,342.0205,0.000362
TAP_TAPCELL_ROW_63_2497,VSS,Metal1,673.6665,342.0205,0.000310
TAP_TAPCELL_ROW_63_2496,VSS,Metal1,634.4665,342.0205,0.000229
TAP_TAPCELL_ROW_63_2495,VSS,Metal1,595.2665,342.0205,0.000238
TAP_TAPCELL_ROW_63_2494,VSS,Metal1,556.0665,342.0205,0.000234
TAP_TAPCELL_ROW_63_2493,VSS,Metal1,516.8665,342.0205,0.000229
TAP_TAPCELL_ROW_63_2492,VSS,Metal1,477.6665,342.0205,0.000229
TAP_TAPCELL_ROW_63_2491,VSS,Metal1,438.4665,342.0205,0.000248
TAP_TAPCELL_ROW_63_2490,VSS,Metal1,399.2665,342.0205,0.000264
TAP_TAPCELL_ROW_63_2489,VSS,Metal1,360.0665,342.0205,0.000265
TAP_TAPCELL_ROW_63_2488,VSS,Metal1,320.8665,342.0205,0.000268
TAP_TAPCELL_ROW_63_2487,VSS,Metal1,281.6665,342.0205,0.000286
TAP_TAPCELL_ROW_63_2486,VSS,Metal1,242.4665,342.0205,0.000307
TAP_TAPCELL_ROW_63_2485,VSS,Metal1,203.2665,342.0205,0.000304
TAP_TAPCELL_ROW_63_2484,VSS,Metal1,164.0665,342.0205,0.000308
TAP_TAPCELL_ROW_63_2483,VSS,Metal1,124.8665,342.0205,0.000339
TAP_TAPCELL_ROW_63_2482,VSS,Metal1,85.6665,342.0205,0.000332
TAP_TAPCELL_ROW_63_2481,VSS,Metal1,46.4665,342.0205,0.000320
TAP_TAPCELL_ROW_62_2480,VSS,Metal1,1085.2665,333.3390,0.000408
TAP_TAPCELL_ROW_62_2479,VSS,Metal1,1046.0665,333.3390,0.000407
TAP_TAPCELL_ROW_62_2478,VSS,Metal1,1006.8665,333.3390,0.000376
TAP_TAPCELL_ROW_62_2477,VSS,Metal1,967.6665,333.3390,0.000338
TAP_TAPCELL_ROW_62_2476,VSS,Metal1,928.4665,333.3390,0.000338
TAP_TAPCELL_ROW_62_2475,VSS,Metal1,889.2665,333.3390,0.000397
TAP_TAPCELL_ROW_62_2474,VSS,Metal1,850.0665,333.3390,0.000402
TAP_TAPCELL_ROW_62_2473,VSS,Metal1,810.8665,333.3390,0.000390
TAP_TAPCELL_ROW_62_2472,VSS,Metal1,771.6665,333.3390,0.000585
TAP_TAPCELL_ROW_62_2471,VSS,Metal1,732.4665,333.3390,0.000591
TAP_TAPCELL_ROW_62_2470,VSS,Metal1,693.2665,333.3390,0.000528
TAP_TAPCELL_ROW_62_2469,VSS,Metal1,654.0665,333.3390,0.000494
TAP_TAPCELL_ROW_62_2468,VSS,Metal1,614.8665,333.3390,0.000409
TAP_TAPCELL_ROW_62_2467,VSS,Metal1,575.6665,333.3390,0.000445
TAP_TAPCELL_ROW_62_2466,VSS,Metal1,536.4665,333.3390,0.000364
TAP_TAPCELL_ROW_62_2465,VSS,Metal1,497.2665,333.3390,0.000319
TAP_TAPCELL_ROW_62_2464,VSS,Metal1,458.0665,333.3390,0.000381
TAP_TAPCELL_ROW_62_2463,VSS,Metal1,418.8665,333.3390,0.000394
TAP_TAPCELL_ROW_62_2462,VSS,Metal1,379.6665,333.3390,0.000395
TAP_TAPCELL_ROW_62_2461,VSS,Metal1,340.4665,333.3390,0.000389
TAP_TAPCELL_ROW_62_2460,VSS,Metal1,301.2665,333.3390,0.000438
TAP_TAPCELL_ROW_62_2459,VSS,Metal1,262.0665,333.3390,0.000491
TAP_TAPCELL_ROW_62_2458,VSS,Metal1,222.8665,333.3390,0.000501
TAP_TAPCELL_ROW_62_2457,VSS,Metal1,183.6665,333.3390,0.000519
TAP_TAPCELL_ROW_62_2456,VSS,Metal1,144.4665,333.3390,0.000593
TAP_TAPCELL_ROW_62_2455,VSS,Metal1,105.2665,333.3390,0.000705
TAP_TAPCELL_ROW_62_2454,VSS,Metal1,66.0665,333.3390,0.000703
TAP_TAPCELL_ROW_62_2453,VSS,Metal1,26.8665,333.3390,0.000598
TAP_TAPCELL_ROW_61_2452,VSS,Metal1,1065.6665,331.9405,0.000408
TAP_TAPCELL_ROW_61_2451,VSS,Metal1,1026.4665,331.9405,0.000395
TAP_TAPCELL_ROW_61_2450,VSS,Metal1,987.2665,331.9405,0.000349
TAP_TAPCELL_ROW_61_2449,VSS,Metal1,948.0665,331.9405,0.000305
TAP_TAPCELL_ROW_61_2448,VSS,Metal1,908.8665,331.9405,0.000392
TAP_TAPCELL_ROW_61_2447,VSS,Metal1,869.6665,331.9405,0.000402
TAP_TAPCELL_ROW_61_2446,VSS,Metal1,830.4665,331.9405,0.000397
TAP_TAPCELL_ROW_61_2445,VSS,Metal1,791.2665,331.9405,0.000395
TAP_TAPCELL_ROW_61_2444,VSS,Metal1,752.0665,331.9405,0.000587
TAP_TAPCELL_ROW_61_2443,VSS,Metal1,712.8665,331.9405,0.000563
TAP_TAPCELL_ROW_61_2442,VSS,Metal1,673.6665,331.9405,0.000506
TAP_TAPCELL_ROW_61_2441,VSS,Metal1,634.4665,331.9405,0.000395
TAP_TAPCELL_ROW_61_2440,VSS,Metal1,595.2665,331.9405,0.000454
TAP_TAPCELL_ROW_61_2439,VSS,Metal1,556.0665,331.9405,0.000393
TAP_TAPCELL_ROW_61_2438,VSS,Metal1,516.8665,331.9405,0.000351
TAP_TAPCELL_ROW_61_2437,VSS,Metal1,477.6665,331.9405,0.000309
TAP_TAPCELL_ROW_61_2436,VSS,Metal1,438.4665,331.9405,0.000385
TAP_TAPCELL_ROW_61_2435,VSS,Metal1,399.2665,331.9405,0.000395
TAP_TAPCELL_ROW_61_2434,VSS,Metal1,360.0665,331.9405,0.000395
TAP_TAPCELL_ROW_61_2433,VSS,Metal1,320.8665,331.9405,0.000420
TAP_TAPCELL_ROW_61_2432,VSS,Metal1,281.6665,331.9405,0.000441
TAP_TAPCELL_ROW_61_2431,VSS,Metal1,242.4665,331.9405,0.000492
TAP_TAPCELL_ROW_61_2430,VSS,Metal1,203.2665,331.9405,0.000512
TAP_TAPCELL_ROW_61_2429,VSS,Metal1,164.0665,331.9405,0.000534
TAP_TAPCELL_ROW_61_2428,VSS,Metal1,124.8665,331.9405,0.000640
TAP_TAPCELL_ROW_61_2427,VSS,Metal1,85.6665,331.9405,0.000715
TAP_TAPCELL_ROW_61_2426,VSS,Metal1,46.4665,331.9405,0.000670
TAP_TAPCELL_ROW_60_2425,VSS,Metal1,1085.2665,323.2590,0.000974
TAP_TAPCELL_ROW_60_2424,VSS,Metal1,1046.0665,323.2590,0.000955
TAP_TAPCELL_ROW_60_2423,VSS,Metal1,1006.8665,323.2590,0.000764
TAP_TAPCELL_ROW_60_2422,VSS,Metal1,967.6665,323.2590,0.000671
TAP_TAPCELL_ROW_60_2421,VSS,Metal1,928.4665,323.2590,0.000524
TAP_TAPCELL_ROW_60_2420,VSS,Metal1,889.2665,323.2590,0.000494
TAP_TAPCELL_ROW_60_2419,VSS,Metal1,850.0665,323.2590,0.000480
TAP_TAPCELL_ROW_60_2418,VSS,Metal1,810.8665,323.2590,0.000333
TAP_TAPCELL_ROW_60_2417,VSS,Metal1,771.6665,323.2590,0.000276
TAP_TAPCELL_ROW_60_2416,VSS,Metal1,732.4665,323.2590,0.000279
TAP_TAPCELL_ROW_60_2415,VSS,Metal1,693.2665,323.2590,0.000263
TAP_TAPCELL_ROW_60_2414,VSS,Metal1,654.0665,323.2590,0.000208
TAP_TAPCELL_ROW_60_2413,VSS,Metal1,614.8665,323.2590,0.000219
TAP_TAPCELL_ROW_60_2412,VSS,Metal1,575.6665,323.2590,0.000220
TAP_TAPCELL_ROW_60_2411,VSS,Metal1,536.4665,323.2590,0.000219
TAP_TAPCELL_ROW_60_2410,VSS,Metal1,497.2665,323.2590,0.000206
TAP_TAPCELL_ROW_60_2409,VSS,Metal1,458.0665,323.2590,0.000247
TAP_TAPCELL_ROW_60_2408,VSS,Metal1,418.8665,323.2590,0.000268
TAP_TAPCELL_ROW_60_2407,VSS,Metal1,379.6665,323.2590,0.000275
TAP_TAPCELL_ROW_60_2406,VSS,Metal1,340.4665,323.2590,0.000274
TAP_TAPCELL_ROW_60_2405,VSS,Metal1,301.2665,323.2590,0.000293
TAP_TAPCELL_ROW_60_2404,VSS,Metal1,262.0665,323.2590,0.000312
TAP_TAPCELL_ROW_60_2403,VSS,Metal1,222.8665,323.2590,0.000337
TAP_TAPCELL_ROW_60_2402,VSS,Metal1,183.6665,323.2590,0.000440
TAP_TAPCELL_ROW_60_2401,VSS,Metal1,144.4665,323.2590,0.000464
TAP_TAPCELL_ROW_60_2400,VSS,Metal1,105.2665,323.2590,0.000504
TAP_TAPCELL_ROW_60_2399,VSS,Metal1,66.0665,323.2590,0.000492
TAP_TAPCELL_ROW_60_2398,VSS,Metal1,26.8665,323.2590,0.000304
TAP_TAPCELL_ROW_59_2397,VSS,Metal1,1065.6665,321.8605,0.000971
TAP_TAPCELL_ROW_59_2396,VSS,Metal1,1026.4665,321.8605,0.000842
TAP_TAPCELL_ROW_59_2395,VSS,Metal1,987.2665,321.8605,0.000674
TAP_TAPCELL_ROW_59_2394,VSS,Metal1,948.0665,321.8605,0.000490
TAP_TAPCELL_ROW_59_2393,VSS,Metal1,908.8665,321.8605,0.000514
TAP_TAPCELL_ROW_59_2392,VSS,Metal1,869.6665,321.8605,0.000494
TAP_TAPCELL_ROW_59_2391,VSS,Metal1,830.4665,321.8605,0.000346
TAP_TAPCELL_ROW_59_2390,VSS,Metal1,791.2665,321.8605,0.000265
TAP_TAPCELL_ROW_59_2389,VSS,Metal1,752.0665,321.8605,0.000279
TAP_TAPCELL_ROW_59_2388,VSS,Metal1,712.8665,321.8605,0.000266
TAP_TAPCELL_ROW_59_2387,VSS,Metal1,673.6665,321.8605,0.000247
TAP_TAPCELL_ROW_59_2386,VSS,Metal1,634.4665,321.8605,0.000211
TAP_TAPCELL_ROW_59_2385,VSS,Metal1,595.2665,321.8605,0.000220
TAP_TAPCELL_ROW_59_2384,VSS,Metal1,556.0665,321.8605,0.000219
TAP_TAPCELL_ROW_59_2383,VSS,Metal1,516.8665,321.8605,0.000214
TAP_TAPCELL_ROW_59_2382,VSS,Metal1,477.6665,321.8605,0.000212
TAP_TAPCELL_ROW_59_2381,VSS,Metal1,438.4665,321.8605,0.000254
TAP_TAPCELL_ROW_59_2380,VSS,Metal1,399.2665,321.8605,0.000271
TAP_TAPCELL_ROW_59_2379,VSS,Metal1,360.0665,321.8605,0.000274
TAP_TAPCELL_ROW_59_2378,VSS,Metal1,320.8665,321.8605,0.000286
TAP_TAPCELL_ROW_59_2377,VSS,Metal1,281.6665,321.8605,0.000307
TAP_TAPCELL_ROW_59_2376,VSS,Metal1,242.4665,321.8605,0.000332
TAP_TAPCELL_ROW_59_2375,VSS,Metal1,203.2665,321.8605,0.000425
TAP_TAPCELL_ROW_59_2374,VSS,Metal1,164.0665,321.8605,0.000458
TAP_TAPCELL_ROW_59_2373,VSS,Metal1,124.8665,321.8605,0.000480
TAP_TAPCELL_ROW_59_2372,VSS,Metal1,85.6665,321.8605,0.000505
TAP_TAPCELL_ROW_59_2371,VSS,Metal1,46.4665,321.8605,0.000424
TAP_TAPCELL_ROW_58_2370,VSS,Metal1,1085.2665,313.1790,0.000514
TAP_TAPCELL_ROW_58_2369,VSS,Metal1,1046.0665,313.1790,0.000514
TAP_TAPCELL_ROW_58_2368,VSS,Metal1,1006.8665,313.1790,0.000502
TAP_TAPCELL_ROW_58_2367,VSS,Metal1,967.6665,313.1790,0.000471
TAP_TAPCELL_ROW_58_2366,VSS,Metal1,928.4665,313.1790,0.000561
TAP_TAPCELL_ROW_58_2365,VSS,Metal1,889.2665,313.1790,0.000606
TAP_TAPCELL_ROW_58_2364,VSS,Metal1,850.0665,313.1790,0.000553
TAP_TAPCELL_ROW_58_2363,VSS,Metal1,810.8665,313.1790,0.000402
TAP_TAPCELL_ROW_58_2362,VSS,Metal1,771.6665,313.1790,0.000415
TAP_TAPCELL_ROW_58_2361,VSS,Metal1,732.4665,313.1790,0.000402
TAP_TAPCELL_ROW_58_2360,VSS,Metal1,693.2665,313.1790,0.000386
TAP_TAPCELL_ROW_58_2359,VSS,Metal1,654.0665,313.1790,0.000365
TAP_TAPCELL_ROW_58_2358,VSS,Metal1,614.8665,313.1790,0.000396
TAP_TAPCELL_ROW_58_2357,VSS,Metal1,575.6665,313.1790,0.000517
TAP_TAPCELL_ROW_58_2356,VSS,Metal1,536.4665,313.1790,0.000508
TAP_TAPCELL_ROW_58_2355,VSS,Metal1,497.2665,313.1790,0.000494
TAP_TAPCELL_ROW_58_2354,VSS,Metal1,458.0665,313.1790,0.000580
TAP_TAPCELL_ROW_58_2353,VSS,Metal1,418.8665,313.1790,0.000590
TAP_TAPCELL_ROW_58_2352,VSS,Metal1,379.6665,313.1790,0.000539
TAP_TAPCELL_ROW_58_2351,VSS,Metal1,340.4665,313.1790,0.000514
TAP_TAPCELL_ROW_58_2350,VSS,Metal1,301.2665,313.1790,0.000577
TAP_TAPCELL_ROW_58_2349,VSS,Metal1,262.0665,313.1790,0.000618
TAP_TAPCELL_ROW_58_2348,VSS,Metal1,222.8665,313.1790,0.000655
TAP_TAPCELL_ROW_58_2347,VSS,Metal1,183.6665,313.1790,0.000645
TAP_TAPCELL_ROW_58_2346,VSS,Metal1,144.4665,313.1790,0.000654
TAP_TAPCELL_ROW_58_2345,VSS,Metal1,105.2665,313.1790,0.000673
TAP_TAPCELL_ROW_58_2344,VSS,Metal1,66.0665,313.1790,0.000670
TAP_TAPCELL_ROW_58_2343,VSS,Metal1,26.8665,313.1790,0.000533
TAP_TAPCELL_ROW_57_2342,VSS,Metal1,1065.6665,311.7805,0.000514
TAP_TAPCELL_ROW_57_2341,VSS,Metal1,1026.4665,311.7805,0.000506
TAP_TAPCELL_ROW_57_2340,VSS,Metal1,987.2665,311.7805,0.000478
TAP_TAPCELL_ROW_57_2339,VSS,Metal1,948.0665,311.7805,0.000462
TAP_TAPCELL_ROW_57_2338,VSS,Metal1,908.8665,311.7805,0.000579
TAP_TAPCELL_ROW_57_2337,VSS,Metal1,869.6665,311.7805,0.000605
TAP_TAPCELL_ROW_57_2336,VSS,Metal1,830.4665,311.7805,0.000551
TAP_TAPCELL_ROW_57_2335,VSS,Metal1,791.2665,311.7805,0.000409
TAP_TAPCELL_ROW_57_2334,VSS,Metal1,752.0665,311.7805,0.000410
TAP_TAPCELL_ROW_57_2333,VSS,Metal1,712.8665,311.7805,0.000397
TAP_TAPCELL_ROW_57_2332,VSS,Metal1,673.6665,311.7805,0.000371
TAP_TAPCELL_ROW_57_2331,VSS,Metal1,634.4665,311.7805,0.000367
TAP_TAPCELL_ROW_57_2330,VSS,Metal1,595.2665,311.7805,0.000514
TAP_TAPCELL_ROW_57_2329,VSS,Metal1,556.0665,311.7805,0.000518
TAP_TAPCELL_ROW_57_2328,VSS,Metal1,516.8665,311.7805,0.000504
TAP_TAPCELL_ROW_57_2327,VSS,Metal1,477.6665,311.7805,0.000572
TAP_TAPCELL_ROW_57_2326,VSS,Metal1,438.4665,311.7805,0.000591
TAP_TAPCELL_ROW_57_2325,VSS,Metal1,399.2665,311.7805,0.000582
TAP_TAPCELL_ROW_57_2324,VSS,Metal1,360.0665,311.7805,0.000537
TAP_TAPCELL_ROW_57_2323,VSS,Metal1,320.8665,311.7805,0.000532
TAP_TAPCELL_ROW_57_2322,VSS,Metal1,281.6665,311.7805,0.000615
TAP_TAPCELL_ROW_57_2321,VSS,Metal1,242.4665,311.7805,0.000643
TAP_TAPCELL_ROW_57_2320,VSS,Metal1,203.2665,311.7805,0.000658
TAP_TAPCELL_ROW_57_2319,VSS,Metal1,164.0665,311.7805,0.000630
TAP_TAPCELL_ROW_57_2318,VSS,Metal1,124.8665,311.7805,0.000664
TAP_TAPCELL_ROW_57_2317,VSS,Metal1,85.6665,311.7805,0.000671
TAP_TAPCELL_ROW_57_2316,VSS,Metal1,46.4665,311.7805,0.000662
TAP_TAPCELL_ROW_56_2315,VSS,Metal1,1085.2665,303.0990,0.000773
TAP_TAPCELL_ROW_56_2314,VSS,Metal1,1046.0665,303.0990,0.000755
TAP_TAPCELL_ROW_56_2313,VSS,Metal1,1006.8665,303.0990,0.000646
TAP_TAPCELL_ROW_56_2312,VSS,Metal1,967.6665,303.0990,0.000552
TAP_TAPCELL_ROW_56_2311,VSS,Metal1,928.4665,303.0990,0.000534
TAP_TAPCELL_ROW_56_2310,VSS,Metal1,889.2665,303.0990,0.000536
TAP_TAPCELL_ROW_56_2309,VSS,Metal1,850.0665,303.0990,0.000525
TAP_TAPCELL_ROW_56_2308,VSS,Metal1,810.8665,303.0990,0.000487
TAP_TAPCELL_ROW_56_2307,VSS,Metal1,771.6665,303.0990,0.000444
TAP_TAPCELL_ROW_56_2306,VSS,Metal1,732.4665,303.0990,0.000497
TAP_TAPCELL_ROW_56_2305,VSS,Metal1,693.2665,303.0990,0.000495
TAP_TAPCELL_ROW_56_2304,VSS,Metal1,654.0665,303.0990,0.000468
TAP_TAPCELL_ROW_56_2303,VSS,Metal1,614.8665,303.0990,0.000474
TAP_TAPCELL_ROW_56_2302,VSS,Metal1,575.6665,303.0990,0.000482
TAP_TAPCELL_ROW_56_2301,VSS,Metal1,536.4665,303.0990,0.000451
TAP_TAPCELL_ROW_56_2300,VSS,Metal1,497.2665,303.0990,0.000327
TAP_TAPCELL_ROW_56_2299,VSS,Metal1,458.0665,303.0990,0.000276
TAP_TAPCELL_ROW_56_2298,VSS,Metal1,418.8665,303.0990,0.000280
TAP_TAPCELL_ROW_56_2297,VSS,Metal1,379.6665,303.0990,0.000280
TAP_TAPCELL_ROW_56_2296,VSS,Metal1,340.4665,303.0990,0.000275
TAP_TAPCELL_ROW_56_2295,VSS,Metal1,301.2665,303.0990,0.000356
TAP_TAPCELL_ROW_56_2294,VSS,Metal1,262.0665,303.0990,0.000415
TAP_TAPCELL_ROW_56_2293,VSS,Metal1,222.8665,303.0990,0.000456
TAP_TAPCELL_ROW_56_2292,VSS,Metal1,183.6665,303.0990,0.000460
TAP_TAPCELL_ROW_56_2291,VSS,Metal1,144.4665,303.0990,0.000598
TAP_TAPCELL_ROW_56_2290,VSS,Metal1,105.2665,303.0990,0.000695
TAP_TAPCELL_ROW_56_2289,VSS,Metal1,66.0665,303.0990,0.000706
TAP_TAPCELL_ROW_56_2288,VSS,Metal1,26.8665,303.0990,0.000466
TAP_TAPCELL_ROW_55_2287,VSS,Metal1,1065.6665,301.7005,0.000771
TAP_TAPCELL_ROW_55_2286,VSS,Metal1,1026.4665,301.7005,0.000738
TAP_TAPCELL_ROW_55_2285,VSS,Metal1,987.2665,301.7005,0.000576
TAP_TAPCELL_ROW_55_2284,VSS,Metal1,948.0665,301.7005,0.000518
TAP_TAPCELL_ROW_55_2283,VSS,Metal1,908.8665,301.7005,0.000535
TAP_TAPCELL_ROW_55_2282,VSS,Metal1,869.6665,301.7005,0.000535
TAP_TAPCELL_ROW_55_2281,VSS,Metal1,830.4665,301.7005,0.000511
TAP_TAPCELL_ROW_55_2280,VSS,Metal1,791.2665,301.7005,0.000417
TAP_TAPCELL_ROW_55_2279,VSS,Metal1,752.0665,301.7005,0.000458
TAP_TAPCELL_ROW_55_2278,VSS,Metal1,712.8665,301.7005,0.000501
TAP_TAPCELL_ROW_55_2277,VSS,Metal1,673.6665,301.7005,0.000492
TAP_TAPCELL_ROW_55_2276,VSS,Metal1,634.4665,301.7005,0.000457
TAP_TAPCELL_ROW_55_2275,VSS,Metal1,595.2665,301.7005,0.000479
TAP_TAPCELL_ROW_55_2274,VSS,Metal1,556.0665,301.7005,0.000458
TAP_TAPCELL_ROW_55_2273,VSS,Metal1,516.8665,301.7005,0.000409
TAP_TAPCELL_ROW_55_2272,VSS,Metal1,477.6665,301.7005,0.000273
TAP_TAPCELL_ROW_55_2271,VSS,Metal1,438.4665,301.7005,0.000284
TAP_TAPCELL_ROW_55_2270,VSS,Metal1,399.2665,301.7005,0.000280
TAP_TAPCELL_ROW_55_2269,VSS,Metal1,360.0665,301.7005,0.000276
TAP_TAPCELL_ROW_55_2268,VSS,Metal1,320.8665,301.7005,0.000299
TAP_TAPCELL_ROW_55_2267,VSS,Metal1,281.6665,301.7005,0.000380
TAP_TAPCELL_ROW_55_2266,VSS,Metal1,242.4665,301.7005,0.000430
TAP_TAPCELL_ROW_55_2265,VSS,Metal1,203.2665,301.7005,0.000460
TAP_TAPCELL_ROW_55_2264,VSS,Metal1,164.0665,301.7005,0.000565
TAP_TAPCELL_ROW_55_2263,VSS,Metal1,124.8665,301.7005,0.000618
TAP_TAPCELL_ROW_55_2262,VSS,Metal1,85.6665,301.7005,0.000701
TAP_TAPCELL_ROW_55_2261,VSS,Metal1,46.4665,301.7005,0.000517
TAP_TAPCELL_ROW_54_2260,VSS,Metal1,1085.2665,293.0190,0.000490
TAP_TAPCELL_ROW_54_2259,VSS,Metal1,1046.0665,293.0190,0.000477
TAP_TAPCELL_ROW_54_2258,VSS,Metal1,1006.8665,293.0190,0.000452
TAP_TAPCELL_ROW_54_2257,VSS,Metal1,967.6665,293.0190,0.000440
TAP_TAPCELL_ROW_54_2256,VSS,Metal1,928.4665,293.0190,0.000360
TAP_TAPCELL_ROW_54_2255,VSS,Metal1,889.2665,293.0190,0.000375
TAP_TAPCELL_ROW_54_2254,VSS,Metal1,850.0665,293.0190,0.000375
TAP_TAPCELL_ROW_54_2253,VSS,Metal1,810.8665,293.0190,0.000342
TAP_TAPCELL_ROW_54_2252,VSS,Metal1,771.6665,293.0190,0.000332
TAP_TAPCELL_ROW_54_2251,VSS,Metal1,732.4665,293.0190,0.000377
TAP_TAPCELL_ROW_54_2250,VSS,Metal1,693.2665,293.0190,0.000379
TAP_TAPCELL_ROW_54_2249,VSS,Metal1,654.0665,293.0190,0.000368
TAP_TAPCELL_ROW_54_2248,VSS,Metal1,614.8665,293.0190,0.000379
TAP_TAPCELL_ROW_54_2247,VSS,Metal1,575.6665,293.0190,0.000415
TAP_TAPCELL_ROW_54_2246,VSS,Metal1,536.4665,293.0190,0.000390
TAP_TAPCELL_ROW_54_2245,VSS,Metal1,497.2665,293.0190,0.000359
TAP_TAPCELL_ROW_54_2244,VSS,Metal1,458.0665,293.0190,0.000363
TAP_TAPCELL_ROW_54_2243,VSS,Metal1,418.8665,293.0190,0.000359
TAP_TAPCELL_ROW_54_2242,VSS,Metal1,379.6665,293.0190,0.000350
TAP_TAPCELL_ROW_54_2241,VSS,Metal1,340.4665,293.0190,0.000342
TAP_TAPCELL_ROW_54_2240,VSS,Metal1,301.2665,293.0190,0.000368
TAP_TAPCELL_ROW_54_2239,VSS,Metal1,262.0665,293.0190,0.000383
TAP_TAPCELL_ROW_54_2238,VSS,Metal1,222.8665,293.0190,0.000423
TAP_TAPCELL_ROW_54_2237,VSS,Metal1,183.6665,293.0190,0.000416
TAP_TAPCELL_ROW_54_2236,VSS,Metal1,144.4665,293.0190,0.000448
TAP_TAPCELL_ROW_54_2235,VSS,Metal1,105.2665,293.0190,0.000522
TAP_TAPCELL_ROW_54_2234,VSS,Metal1,66.0665,293.0190,0.000484
TAP_TAPCELL_ROW_54_2233,VSS,Metal1,26.8665,293.0190,0.000378
TAP_TAPCELL_ROW_53_2232,VSS,Metal1,1065.6665,291.6205,0.000490
TAP_TAPCELL_ROW_53_2231,VSS,Metal1,1026.4665,291.6205,0.000468
TAP_TAPCELL_ROW_53_2230,VSS,Metal1,987.2665,291.6205,0.000443
TAP_TAPCELL_ROW_53_2229,VSS,Metal1,948.0665,291.6205,0.000349
TAP_TAPCELL_ROW_53_2228,VSS,Metal1,908.8665,291.6205,0.000374
TAP_TAPCELL_ROW_53_2227,VSS,Metal1,869.6665,291.6205,0.000376
TAP_TAPCELL_ROW_53_2226,VSS,Metal1,830.4665,291.6205,0.000373
TAP_TAPCELL_ROW_53_2225,VSS,Metal1,791.2665,291.6205,0.000324
TAP_TAPCELL_ROW_53_2224,VSS,Metal1,752.0665,291.6205,0.000361
TAP_TAPCELL_ROW_53_2223,VSS,Metal1,712.8665,291.6205,0.000381
TAP_TAPCELL_ROW_53_2222,VSS,Metal1,673.6665,291.6205,0.000378
TAP_TAPCELL_ROW_53_2221,VSS,Metal1,634.4665,291.6205,0.000374
TAP_TAPCELL_ROW_53_2220,VSS,Metal1,595.2665,291.6205,0.000416
TAP_TAPCELL_ROW_53_2219,VSS,Metal1,556.0665,291.6205,0.000415
TAP_TAPCELL_ROW_53_2218,VSS,Metal1,516.8665,291.6205,0.000380
TAP_TAPCELL_ROW_53_2217,VSS,Metal1,477.6665,291.6205,0.000357
TAP_TAPCELL_ROW_53_2216,VSS,Metal1,438.4665,291.6205,0.000363
TAP_TAPCELL_ROW_53_2215,VSS,Metal1,399.2665,291.6205,0.000355
TAP_TAPCELL_ROW_53_2214,VSS,Metal1,360.0665,291.6205,0.000342
TAP_TAPCELL_ROW_53_2213,VSS,Metal1,320.8665,291.6205,0.000341
TAP_TAPCELL_ROW_53_2212,VSS,Metal1,281.6665,291.6205,0.000380
TAP_TAPCELL_ROW_53_2211,VSS,Metal1,242.4665,291.6205,0.000412
TAP_TAPCELL_ROW_53_2210,VSS,Metal1,203.2665,291.6205,0.000424
TAP_TAPCELL_ROW_53_2209,VSS,Metal1,164.0665,291.6205,0.000424
TAP_TAPCELL_ROW_53_2208,VSS,Metal1,124.8665,291.6205,0.000522
TAP_TAPCELL_ROW_53_2207,VSS,Metal1,85.6665,291.6205,0.000523
TAP_TAPCELL_ROW_53_2206,VSS,Metal1,46.4665,291.6205,0.000401
TAP_TAPCELL_ROW_52_2205,VSS,Metal1,1085.2665,282.9390,0.000424
TAP_TAPCELL_ROW_52_2204,VSS,Metal1,1046.0665,282.9390,0.000422
TAP_TAPCELL_ROW_52_2203,VSS,Metal1,1006.8665,282.9390,0.000352
TAP_TAPCELL_ROW_52_2202,VSS,Metal1,967.6665,282.9390,0.000271
TAP_TAPCELL_ROW_52_2201,VSS,Metal1,928.4665,282.9390,0.000213
TAP_TAPCELL_ROW_52_2200,VSS,Metal1,889.2665,282.9390,0.000216
TAP_TAPCELL_ROW_52_2199,VSS,Metal1,850.0665,282.9390,0.000218
TAP_TAPCELL_ROW_52_2198,VSS,Metal1,810.8665,282.9390,0.000207
TAP_TAPCELL_ROW_52_2197,VSS,Metal1,771.6665,282.9390,0.000216
TAP_TAPCELL_ROW_52_2196,VSS,Metal1,732.4665,282.9390,0.000241
TAP_TAPCELL_ROW_52_2195,VSS,Metal1,693.2665,282.9390,0.000264
TAP_TAPCELL_ROW_52_2194,VSS,Metal1,654.0665,282.9390,0.000258
TAP_TAPCELL_ROW_52_2193,VSS,Metal1,614.8665,282.9390,0.000346
TAP_TAPCELL_ROW_52_2192,VSS,Metal1,575.6665,282.9390,0.000398
TAP_TAPCELL_ROW_52_2191,VSS,Metal1,536.4665,282.9390,0.000403
TAP_TAPCELL_ROW_52_2190,VSS,Metal1,497.2665,282.9390,0.000343
TAP_TAPCELL_ROW_52_2189,VSS,Metal1,458.0665,282.9390,0.000388
TAP_TAPCELL_ROW_52_2188,VSS,Metal1,418.8665,282.9390,0.000406
TAP_TAPCELL_ROW_52_2187,VSS,Metal1,379.6665,282.9390,0.000421
TAP_TAPCELL_ROW_52_2186,VSS,Metal1,340.4665,282.9390,0.000382
TAP_TAPCELL_ROW_52_2185,VSS,Metal1,301.2665,282.9390,0.000381
TAP_TAPCELL_ROW_52_2184,VSS,Metal1,262.0665,282.9390,0.000386
TAP_TAPCELL_ROW_52_2183,VSS,Metal1,222.8665,282.9390,0.000411
TAP_TAPCELL_ROW_52_2182,VSS,Metal1,183.6665,282.9390,0.000386
TAP_TAPCELL_ROW_52_2181,VSS,Metal1,144.4665,282.9390,0.000453
TAP_TAPCELL_ROW_52_2180,VSS,Metal1,105.2665,282.9390,0.000477
TAP_TAPCELL_ROW_52_2179,VSS,Metal1,66.0665,282.9390,0.000477
TAP_TAPCELL_ROW_52_2178,VSS,Metal1,26.8665,282.9390,0.000325
TAP_TAPCELL_ROW_51_2177,VSS,Metal1,1065.6665,281.5405,0.000423
TAP_TAPCELL_ROW_51_2176,VSS,Metal1,1026.4665,281.5405,0.000421
TAP_TAPCELL_ROW_51_2175,VSS,Metal1,987.2665,281.5405,0.000340
TAP_TAPCELL_ROW_51_2174,VSS,Metal1,948.0665,281.5405,0.000206
TAP_TAPCELL_ROW_51_2173,VSS,Metal1,908.8665,281.5405,0.000215
TAP_TAPCELL_ROW_51_2172,VSS,Metal1,869.6665,281.5405,0.000217
TAP_TAPCELL_ROW_51_2171,VSS,Metal1,830.4665,281.5405,0.000215
TAP_TAPCELL_ROW_51_2170,VSS,Metal1,791.2665,281.5405,0.000204
TAP_TAPCELL_ROW_51_2169,VSS,Metal1,752.0665,281.5405,0.000239
TAP_TAPCELL_ROW_51_2168,VSS,Metal1,712.8665,281.5405,0.000263
TAP_TAPCELL_ROW_51_2167,VSS,Metal1,673.6665,281.5405,0.000260
TAP_TAPCELL_ROW_51_2166,VSS,Metal1,634.4665,281.5405,0.000273
TAP_TAPCELL_ROW_51_2165,VSS,Metal1,595.2665,281.5405,0.000394
TAP_TAPCELL_ROW_51_2164,VSS,Metal1,556.0665,281.5405,0.000410
TAP_TAPCELL_ROW_51_2163,VSS,Metal1,516.8665,281.5405,0.000376
TAP_TAPCELL_ROW_51_2162,VSS,Metal1,477.6665,281.5405,0.000349
TAP_TAPCELL_ROW_51_2161,VSS,Metal1,438.4665,281.5405,0.000398
TAP_TAPCELL_ROW_51_2160,VSS,Metal1,399.2665,281.5405,0.000415
TAP_TAPCELL_ROW_51_2159,VSS,Metal1,360.0665,281.5405,0.000395
TAP_TAPCELL_ROW_51_2158,VSS,Metal1,320.8665,281.5405,0.000381
TAP_TAPCELL_ROW_51_2157,VSS,Metal1,281.6665,281.5405,0.000384
TAP_TAPCELL_ROW_51_2156,VSS,Metal1,242.4665,281.5405,0.000409
TAP_TAPCELL_ROW_51_2155,VSS,Metal1,203.2665,281.5405,0.000388
TAP_TAPCELL_ROW_51_2154,VSS,Metal1,164.0665,281.5405,0.000409
TAP_TAPCELL_ROW_51_2153,VSS,Metal1,124.8665,281.5405,0.000473
TAP_TAPCELL_ROW_51_2152,VSS,Metal1,85.6665,281.5405,0.000478
TAP_TAPCELL_ROW_51_2151,VSS,Metal1,46.4665,281.5405,0.000403
TAP_TAPCELL_ROW_50_2150,VSS,Metal1,1085.2665,272.8590,0.000189
TAP_TAPCELL_ROW_50_2149,VSS,Metal1,1046.0665,272.8590,0.000189
TAP_TAPCELL_ROW_50_2148,VSS,Metal1,1006.8665,272.8590,0.000170
TAP_TAPCELL_ROW_50_2147,VSS,Metal1,967.6665,272.8590,0.000158
TAP_TAPCELL_ROW_50_2146,VSS,Metal1,928.4665,272.8590,0.000204
TAP_TAPCELL_ROW_50_2145,VSS,Metal1,889.2665,272.8590,0.000214
TAP_TAPCELL_ROW_50_2144,VSS,Metal1,850.0665,272.8590,0.000210
TAP_TAPCELL_ROW_50_2143,VSS,Metal1,810.8665,272.8590,0.000201
TAP_TAPCELL_ROW_50_2142,VSS,Metal1,771.6665,272.8590,0.000217
TAP_TAPCELL_ROW_50_2141,VSS,Metal1,732.4665,272.8590,0.000235
TAP_TAPCELL_ROW_50_2140,VSS,Metal1,693.2665,272.8590,0.000244
TAP_TAPCELL_ROW_50_2139,VSS,Metal1,654.0665,272.8590,0.000229
TAP_TAPCELL_ROW_50_2138,VSS,Metal1,614.8665,272.8590,0.000244
TAP_TAPCELL_ROW_50_2137,VSS,Metal1,575.6665,272.8590,0.000256
TAP_TAPCELL_ROW_50_2136,VSS,Metal1,536.4665,272.8590,0.000250
TAP_TAPCELL_ROW_50_2135,VSS,Metal1,497.2665,272.8590,0.000215
TAP_TAPCELL_ROW_50_2134,VSS,Metal1,458.0665,272.8590,0.000235
TAP_TAPCELL_ROW_50_2133,VSS,Metal1,418.8665,272.8590,0.000255
TAP_TAPCELL_ROW_50_2132,VSS,Metal1,379.6665,272.8590,0.000255
TAP_TAPCELL_ROW_50_2131,VSS,Metal1,340.4665,272.8590,0.000253
TAP_TAPCELL_ROW_50_2130,VSS,Metal1,301.2665,272.8590,0.000297
TAP_TAPCELL_ROW_50_2129,VSS,Metal1,262.0665,272.8590,0.000333
TAP_TAPCELL_ROW_50_2128,VSS,Metal1,222.8665,272.8590,0.000346
TAP_TAPCELL_ROW_50_2127,VSS,Metal1,183.6665,272.8590,0.000340
TAP_TAPCELL_ROW_50_2126,VSS,Metal1,144.4665,272.8590,0.000401
TAP_TAPCELL_ROW_50_2125,VSS,Metal1,105.2665,272.8590,0.000442
TAP_TAPCELL_ROW_50_2124,VSS,Metal1,66.0665,272.8590,0.000448
TAP_TAPCELL_ROW_50_2123,VSS,Metal1,26.8665,272.8590,0.000347
TAP_TAPCELL_ROW_49_2122,VSS,Metal1,1065.6665,271.4605,0.000189
TAP_TAPCELL_ROW_49_2121,VSS,Metal1,1026.4665,271.4605,0.000180
TAP_TAPCELL_ROW_49_2120,VSS,Metal1,987.2665,271.4605,0.000165
TAP_TAPCELL_ROW_49_2119,VSS,Metal1,948.0665,271.4605,0.000143
TAP_TAPCELL_ROW_49_2118,VSS,Metal1,908.8665,271.4605,0.000210
TAP_TAPCELL_ROW_49_2117,VSS,Metal1,869.6665,271.4605,0.000217
TAP_TAPCELL_ROW_49_2116,VSS,Metal1,830.4665,271.4605,0.000210
TAP_TAPCELL_ROW_49_2115,VSS,Metal1,791.2665,271.4605,0.000194
TAP_TAPCELL_ROW_49_2114,VSS,Metal1,752.0665,271.4605,0.000226
TAP_TAPCELL_ROW_49_2113,VSS,Metal1,712.8665,271.4605,0.000242
TAP_TAPCELL_ROW_49_2112,VSS,Metal1,673.6665,271.4605,0.000248
TAP_TAPCELL_ROW_49_2111,VSS,Metal1,634.4665,271.4605,0.000219
TAP_TAPCELL_ROW_49_2110,VSS,Metal1,595.2665,271.4605,0.000250
TAP_TAPCELL_ROW_49_2109,VSS,Metal1,556.0665,271.4605,0.000253
TAP_TAPCELL_ROW_49_2108,VSS,Metal1,516.8665,271.4605,0.000242
TAP_TAPCELL_ROW_49_2107,VSS,Metal1,477.6665,271.4605,0.000218
TAP_TAPCELL_ROW_49_2106,VSS,Metal1,438.4665,271.4605,0.000252
TAP_TAPCELL_ROW_49_2105,VSS,Metal1,399.2665,271.4605,0.000255
TAP_TAPCELL_ROW_49_2104,VSS,Metal1,360.0665,271.4605,0.000254
TAP_TAPCELL_ROW_49_2103,VSS,Metal1,320.8665,271.4605,0.000266
TAP_TAPCELL_ROW_49_2102,VSS,Metal1,281.6665,271.4605,0.000304
TAP_TAPCELL_ROW_49_2101,VSS,Metal1,242.4665,271.4605,0.000341
TAP_TAPCELL_ROW_49_2100,VSS,Metal1,203.2665,271.4605,0.000346
TAP_TAPCELL_ROW_49_2099,VSS,Metal1,164.0665,271.4605,0.000342
TAP_TAPCELL_ROW_49_2098,VSS,Metal1,124.8665,271.4605,0.000423
TAP_TAPCELL_ROW_49_2097,VSS,Metal1,85.6665,271.4605,0.000445
TAP_TAPCELL_ROW_49_2096,VSS,Metal1,46.4665,271.4605,0.000432
TAP_TAPCELL_ROW_48_2095,VSS,Metal1,1085.2665,262.7790,0.000706
TAP_TAPCELL_ROW_48_2094,VSS,Metal1,1046.0665,262.7790,0.000700
TAP_TAPCELL_ROW_48_2093,VSS,Metal1,1006.8665,262.7790,0.000685
TAP_TAPCELL_ROW_48_2092,VSS,Metal1,967.6665,262.7790,0.000628
TAP_TAPCELL_ROW_48_2091,VSS,Metal1,928.4665,262.7790,0.000623
TAP_TAPCELL_ROW_48_2090,VSS,Metal1,889.2665,262.7790,0.000652
TAP_TAPCELL_ROW_48_2089,VSS,Metal1,850.0665,262.7790,0.000551
TAP_TAPCELL_ROW_48_2088,VSS,Metal1,810.8665,262.7790,0.000513
TAP_TAPCELL_ROW_48_2087,VSS,Metal1,771.6665,262.7790,0.000446
TAP_TAPCELL_ROW_48_2086,VSS,Metal1,732.4665,262.7790,0.000440
TAP_TAPCELL_ROW_48_2085,VSS,Metal1,693.2665,262.7790,0.000393
TAP_TAPCELL_ROW_48_2084,VSS,Metal1,654.0665,262.7790,0.000282
TAP_TAPCELL_ROW_48_2083,VSS,Metal1,614.8665,262.7790,0.000275
TAP_TAPCELL_ROW_48_2082,VSS,Metal1,575.6665,262.7790,0.000272
TAP_TAPCELL_ROW_48_2081,VSS,Metal1,536.4665,262.7790,0.000255
TAP_TAPCELL_ROW_48_2080,VSS,Metal1,497.2665,262.7790,0.000233
TAP_TAPCELL_ROW_48_2079,VSS,Metal1,458.0665,262.7790,0.000234
TAP_TAPCELL_ROW_48_2078,VSS,Metal1,418.8665,262.7790,0.000248
TAP_TAPCELL_ROW_48_2077,VSS,Metal1,379.6665,262.7790,0.000245
TAP_TAPCELL_ROW_48_2076,VSS,Metal1,340.4665,262.7790,0.000237
TAP_TAPCELL_ROW_48_2075,VSS,Metal1,301.2665,262.7790,0.000239
TAP_TAPCELL_ROW_48_2074,VSS,Metal1,262.0665,262.7790,0.000245
TAP_TAPCELL_ROW_48_2073,VSS,Metal1,222.8665,262.7790,0.000251
TAP_TAPCELL_ROW_48_2072,VSS,Metal1,183.6665,262.7790,0.000246
TAP_TAPCELL_ROW_48_2071,VSS,Metal1,144.4665,262.7790,0.000265
TAP_TAPCELL_ROW_48_2070,VSS,Metal1,105.2665,262.7790,0.000266
TAP_TAPCELL_ROW_48_2069,VSS,Metal1,66.0665,262.7790,0.000251
TAP_TAPCELL_ROW_48_2068,VSS,Metal1,26.8665,262.7790,0.000205
TAP_TAPCELL_ROW_47_2067,VSS,Metal1,1065.6665,261.3805,0.000705
TAP_TAPCELL_ROW_47_2066,VSS,Metal1,1026.4665,261.3805,0.000692
TAP_TAPCELL_ROW_47_2065,VSS,Metal1,987.2665,261.3805,0.000666
TAP_TAPCELL_ROW_47_2064,VSS,Metal1,948.0665,261.3805,0.000595
TAP_TAPCELL_ROW_47_2063,VSS,Metal1,908.8665,261.3805,0.000658
TAP_TAPCELL_ROW_47_2062,VSS,Metal1,869.6665,261.3805,0.000559
TAP_TAPCELL_ROW_47_2061,VSS,Metal1,830.4665,261.3805,0.000528
TAP_TAPCELL_ROW_47_2060,VSS,Metal1,791.2665,261.3805,0.000435
TAP_TAPCELL_ROW_47_2059,VSS,Metal1,752.0665,261.3805,0.000455
TAP_TAPCELL_ROW_47_2058,VSS,Metal1,712.8665,261.3805,0.000405
TAP_TAPCELL_ROW_47_2057,VSS,Metal1,673.6665,261.3805,0.000365
TAP_TAPCELL_ROW_47_2056,VSS,Metal1,634.4665,261.3805,0.000274
TAP_TAPCELL_ROW_47_2055,VSS,Metal1,595.2665,261.3805,0.000276
TAP_TAPCELL_ROW_47_2054,VSS,Metal1,556.0665,261.3805,0.000268
TAP_TAPCELL_ROW_47_2053,VSS,Metal1,516.8665,261.3805,0.000246
TAP_TAPCELL_ROW_47_2052,VSS,Metal1,477.6665,261.3805,0.000223
TAP_TAPCELL_ROW_47_2051,VSS,Metal1,438.4665,261.3805,0.000247
TAP_TAPCELL_ROW_47_2050,VSS,Metal1,399.2665,261.3805,0.000249
TAP_TAPCELL_ROW_47_2049,VSS,Metal1,360.0665,261.3805,0.000243
TAP_TAPCELL_ROW_47_2048,VSS,Metal1,320.8665,261.3805,0.000237
TAP_TAPCELL_ROW_47_2047,VSS,Metal1,281.6665,261.3805,0.000242
TAP_TAPCELL_ROW_47_2046,VSS,Metal1,242.4665,261.3805,0.000251
TAP_TAPCELL_ROW_47_2045,VSS,Metal1,203.2665,261.3805,0.000250
TAP_TAPCELL_ROW_47_2044,VSS,Metal1,164.0665,261.3805,0.000260
TAP_TAPCELL_ROW_47_2043,VSS,Metal1,124.8665,261.3805,0.000266
TAP_TAPCELL_ROW_47_2042,VSS,Metal1,85.6665,261.3805,0.000260
TAP_TAPCELL_ROW_47_2041,VSS,Metal1,46.4665,261.3805,0.000247
TAP_TAPCELL_ROW_46_2040,VSS,Metal1,1085.2665,252.6990,0.000764
TAP_TAPCELL_ROW_46_2039,VSS,Metal1,1046.0665,252.6990,0.000737
TAP_TAPCELL_ROW_46_2038,VSS,Metal1,1006.8665,252.6990,0.000530
TAP_TAPCELL_ROW_46_2037,VSS,Metal1,967.6665,252.6990,0.000364
TAP_TAPCELL_ROW_46_2036,VSS,Metal1,928.4665,252.6990,0.000365
TAP_TAPCELL_ROW_46_2035,VSS,Metal1,889.2665,252.6990,0.000376
TAP_TAPCELL_ROW_46_2034,VSS,Metal1,850.0665,252.6990,0.000388
TAP_TAPCELL_ROW_46_2033,VSS,Metal1,810.8665,252.6990,0.000389
TAP_TAPCELL_ROW_46_2032,VSS,Metal1,771.6665,252.6990,0.000465
TAP_TAPCELL_ROW_46_2031,VSS,Metal1,732.4665,252.6990,0.000511
TAP_TAPCELL_ROW_46_2030,VSS,Metal1,693.2665,252.6990,0.000576
TAP_TAPCELL_ROW_46_2029,VSS,Metal1,654.0665,252.6990,0.000474
TAP_TAPCELL_ROW_46_2028,VSS,Metal1,614.8665,252.6990,0.000391
TAP_TAPCELL_ROW_46_2027,VSS,Metal1,575.6665,252.6990,0.000399
TAP_TAPCELL_ROW_46_2026,VSS,Metal1,536.4665,252.6990,0.000420
TAP_TAPCELL_ROW_46_2025,VSS,Metal1,497.2665,252.6990,0.000424
TAP_TAPCELL_ROW_46_2024,VSS,Metal1,458.0665,252.6990,0.000468
TAP_TAPCELL_ROW_46_2023,VSS,Metal1,418.8665,252.6990,0.000495
TAP_TAPCELL_ROW_46_2022,VSS,Metal1,379.6665,252.6990,0.000498
TAP_TAPCELL_ROW_46_2021,VSS,Metal1,340.4665,252.6990,0.000406
TAP_TAPCELL_ROW_46_2020,VSS,Metal1,301.2665,252.6990,0.000417
TAP_TAPCELL_ROW_46_2019,VSS,Metal1,262.0665,252.6990,0.000461
TAP_TAPCELL_ROW_46_2018,VSS,Metal1,222.8665,252.6990,0.000555
TAP_TAPCELL_ROW_46_2017,VSS,Metal1,183.6665,252.6990,0.000538
TAP_TAPCELL_ROW_46_2016,VSS,Metal1,144.4665,252.6990,0.000549
TAP_TAPCELL_ROW_46_2015,VSS,Metal1,105.2665,252.6990,0.000531
TAP_TAPCELL_ROW_46_2014,VSS,Metal1,66.0665,252.6990,0.000516
TAP_TAPCELL_ROW_46_2013,VSS,Metal1,26.8665,252.6990,0.000395
TAP_TAPCELL_ROW_45_2012,VSS,Metal1,1065.6665,251.3005,0.000764
TAP_TAPCELL_ROW_45_2011,VSS,Metal1,1026.4665,251.3005,0.000658
TAP_TAPCELL_ROW_45_2010,VSS,Metal1,987.2665,251.3005,0.000389
TAP_TAPCELL_ROW_45_2009,VSS,Metal1,948.0665,251.3005,0.000355
TAP_TAPCELL_ROW_45_2008,VSS,Metal1,908.8665,251.3005,0.000368
TAP_TAPCELL_ROW_45_2007,VSS,Metal1,869.6665,251.3005,0.000385
TAP_TAPCELL_ROW_45_2006,VSS,Metal1,830.4665,251.3005,0.000391
TAP_TAPCELL_ROW_45_2005,VSS,Metal1,791.2665,251.3005,0.000397
TAP_TAPCELL_ROW_45_2004,VSS,Metal1,752.0665,251.3005,0.000484
TAP_TAPCELL_ROW_45_2003,VSS,Metal1,712.8665,251.3005,0.000562
TAP_TAPCELL_ROW_45_2002,VSS,Metal1,673.6665,251.3005,0.000568
TAP_TAPCELL_ROW_45_2001,VSS,Metal1,634.4665,251.3005,0.000382
TAP_TAPCELL_ROW_45_2000,VSS,Metal1,595.2665,251.3005,0.000395
TAP_TAPCELL_ROW_45_1999,VSS,Metal1,556.0665,251.3005,0.000404
TAP_TAPCELL_ROW_45_1998,VSS,Metal1,516.8665,251.3005,0.000424
TAP_TAPCELL_ROW_45_1997,VSS,Metal1,477.6665,251.3005,0.000464
TAP_TAPCELL_ROW_45_1996,VSS,Metal1,438.4665,251.3005,0.000491
TAP_TAPCELL_ROW_45_1995,VSS,Metal1,399.2665,251.3005,0.000498
TAP_TAPCELL_ROW_45_1994,VSS,Metal1,360.0665,251.3005,0.000425
TAP_TAPCELL_ROW_45_1993,VSS,Metal1,320.8665,251.3005,0.000404
TAP_TAPCELL_ROW_45_1992,VSS,Metal1,281.6665,251.3005,0.000441
TAP_TAPCELL_ROW_45_1991,VSS,Metal1,242.4665,251.3005,0.000544
TAP_TAPCELL_ROW_45_1990,VSS,Metal1,203.2665,251.3005,0.000555
TAP_TAPCELL_ROW_45_1989,VSS,Metal1,164.0665,251.3005,0.000552
TAP_TAPCELL_ROW_45_1988,VSS,Metal1,124.8665,251.3005,0.000537
TAP_TAPCELL_ROW_45_1987,VSS,Metal1,85.6665,251.3005,0.000523
TAP_TAPCELL_ROW_45_1986,VSS,Metal1,46.4665,251.3005,0.000433
TAP_TAPCELL_ROW_44_1985,VSS,Metal1,1085.2665,242.6190,0.000062
TAP_TAPCELL_ROW_44_1984,VSS,Metal1,1046.0665,242.6190,0.000062
TAP_TAPCELL_ROW_44_1983,VSS,Metal1,1006.8665,242.6190,0.000060
TAP_TAPCELL_ROW_44_1982,VSS,Metal1,967.6665,242.6190,0.000059
TAP_TAPCELL_ROW_44_1981,VSS,Metal1,928.4665,242.6190,0.000072
TAP_TAPCELL_ROW_44_1980,VSS,Metal1,889.2665,242.6190,0.000083
TAP_TAPCELL_ROW_44_1979,VSS,Metal1,850.0665,242.6190,0.000089
TAP_TAPCELL_ROW_44_1978,VSS,Metal1,810.8665,242.6190,0.000093
TAP_TAPCELL_ROW_44_1977,VSS,Metal1,771.6665,242.6190,0.000108
TAP_TAPCELL_ROW_44_1976,VSS,Metal1,732.4665,242.6190,0.000129
TAP_TAPCELL_ROW_44_1975,VSS,Metal1,693.2665,242.6190,0.000146
TAP_TAPCELL_ROW_44_1974,VSS,Metal1,654.0665,242.6190,0.000142
TAP_TAPCELL_ROW_44_1973,VSS,Metal1,614.8665,242.6190,0.000161
TAP_TAPCELL_ROW_44_1972,VSS,Metal1,575.6665,242.6190,0.000190
TAP_TAPCELL_ROW_44_1971,VSS,Metal1,536.4665,242.6190,0.000195
TAP_TAPCELL_ROW_44_1970,VSS,Metal1,497.2665,242.6190,0.000184
TAP_TAPCELL_ROW_44_1969,VSS,Metal1,458.0665,242.6190,0.000198
TAP_TAPCELL_ROW_44_1968,VSS,Metal1,418.8665,242.6190,0.000206
TAP_TAPCELL_ROW_44_1967,VSS,Metal1,379.6665,242.6190,0.000222
TAP_TAPCELL_ROW_44_1966,VSS,Metal1,340.4665,242.6190,0.000233
TAP_TAPCELL_ROW_44_1965,VSS,Metal1,301.2665,242.6190,0.000252
TAP_TAPCELL_ROW_44_1964,VSS,Metal1,262.0665,242.6190,0.000285
TAP_TAPCELL_ROW_44_1963,VSS,Metal1,222.8665,242.6190,0.000328
TAP_TAPCELL_ROW_44_1962,VSS,Metal1,183.6665,242.6190,0.000354
TAP_TAPCELL_ROW_44_1961,VSS,Metal1,144.4665,242.6190,0.000475
TAP_TAPCELL_ROW_44_1960,VSS,Metal1,105.2665,242.6190,0.000488
TAP_TAPCELL_ROW_44_1959,VSS,Metal1,66.0665,242.6190,0.000472
TAP_TAPCELL_ROW_44_1958,VSS,Metal1,26.8665,242.6190,0.000364
TAP_TAPCELL_ROW_43_1957,VSS,Metal1,1065.6665,241.2205,0.000062
TAP_TAPCELL_ROW_43_1956,VSS,Metal1,1026.4665,241.2205,0.000061
TAP_TAPCELL_ROW_43_1955,VSS,Metal1,987.2665,241.2205,0.000059
TAP_TAPCELL_ROW_43_1954,VSS,Metal1,948.0665,241.2205,0.000058
TAP_TAPCELL_ROW_43_1953,VSS,Metal1,908.8665,241.2205,0.000082
TAP_TAPCELL_ROW_43_1952,VSS,Metal1,869.6665,241.2205,0.000086
TAP_TAPCELL_ROW_43_1951,VSS,Metal1,830.4665,241.2205,0.000092
TAP_TAPCELL_ROW_43_1950,VSS,Metal1,791.2665,241.2205,0.000093
TAP_TAPCELL_ROW_43_1949,VSS,Metal1,752.0665,241.2205,0.000123
TAP_TAPCELL_ROW_43_1948,VSS,Metal1,712.8665,241.2205,0.000137
TAP_TAPCELL_ROW_43_1947,VSS,Metal1,673.6665,241.2205,0.000146
TAP_TAPCELL_ROW_43_1946,VSS,Metal1,634.4665,241.2205,0.000148
TAP_TAPCELL_ROW_43_1945,VSS,Metal1,595.2665,241.2205,0.000179
TAP_TAPCELL_ROW_43_1944,VSS,Metal1,556.0665,241.2205,0.000193
TAP_TAPCELL_ROW_43_1943,VSS,Metal1,516.8665,241.2205,0.000191
TAP_TAPCELL_ROW_43_1942,VSS,Metal1,477.6665,241.2205,0.000182
TAP_TAPCELL_ROW_43_1941,VSS,Metal1,438.4665,241.2205,0.000202
TAP_TAPCELL_ROW_43_1940,VSS,Metal1,399.2665,241.2205,0.000213
TAP_TAPCELL_ROW_43_1939,VSS,Metal1,360.0665,241.2205,0.000226
TAP_TAPCELL_ROW_43_1938,VSS,Metal1,320.8665,241.2205,0.000241
TAP_TAPCELL_ROW_43_1937,VSS,Metal1,281.6665,241.2205,0.000255
TAP_TAPCELL_ROW_43_1936,VSS,Metal1,242.4665,241.2205,0.000311
TAP_TAPCELL_ROW_43_1935,VSS,Metal1,203.2665,241.2205,0.000335
TAP_TAPCELL_ROW_43_1934,VSS,Metal1,164.0665,241.2205,0.000395
TAP_TAPCELL_ROW_43_1933,VSS,Metal1,124.8665,241.2205,0.000482
TAP_TAPCELL_ROW_43_1932,VSS,Metal1,85.6665,241.2205,0.000475
TAP_TAPCELL_ROW_43_1931,VSS,Metal1,46.4665,241.2205,0.000471
TAP_TAPCELL_ROW_42_1930,VSS,Metal1,1085.2665,232.5390,0.000478
TAP_TAPCELL_ROW_42_1929,VSS,Metal1,1046.0665,232.5390,0.000471
TAP_TAPCELL_ROW_42_1928,VSS,Metal1,1006.8665,232.5390,0.000453
TAP_TAPCELL_ROW_42_1927,VSS,Metal1,967.6665,232.5390,0.000415
TAP_TAPCELL_ROW_42_1926,VSS,Metal1,928.4665,232.5390,0.000380
TAP_TAPCELL_ROW_42_1925,VSS,Metal1,889.2665,232.5390,0.000373
TAP_TAPCELL_ROW_42_1924,VSS,Metal1,850.0665,232.5390,0.000167
TAP_TAPCELL_ROW_42_1923,VSS,Metal1,810.8665,232.5390,0.000116
TAP_TAPCELL_ROW_42_1922,VSS,Metal1,771.6665,232.5390,0.000118
TAP_TAPCELL_ROW_42_1921,VSS,Metal1,732.4665,232.5390,0.000121
TAP_TAPCELL_ROW_42_1920,VSS,Metal1,693.2665,232.5390,0.000132
TAP_TAPCELL_ROW_42_1919,VSS,Metal1,654.0665,232.5390,0.000133
TAP_TAPCELL_ROW_42_1918,VSS,Metal1,614.8665,232.5390,0.000171
TAP_TAPCELL_ROW_42_1917,VSS,Metal1,575.6665,232.5390,0.000183
TAP_TAPCELL_ROW_42_1916,VSS,Metal1,536.4665,232.5390,0.000210
TAP_TAPCELL_ROW_42_1915,VSS,Metal1,497.2665,232.5390,0.000237
TAP_TAPCELL_ROW_42_1914,VSS,Metal1,458.0665,232.5390,0.000334
TAP_TAPCELL_ROW_42_1913,VSS,Metal1,418.8665,232.5390,0.000333
TAP_TAPCELL_ROW_42_1912,VSS,Metal1,379.6665,232.5390,0.000328
TAP_TAPCELL_ROW_42_1911,VSS,Metal1,340.4665,232.5390,0.000315
TAP_TAPCELL_ROW_42_1910,VSS,Metal1,301.2665,232.5390,0.000328
TAP_TAPCELL_ROW_42_1909,VSS,Metal1,262.0665,232.5390,0.000392
TAP_TAPCELL_ROW_42_1908,VSS,Metal1,222.8665,232.5390,0.000418
TAP_TAPCELL_ROW_42_1907,VSS,Metal1,183.6665,232.5390,0.000406
TAP_TAPCELL_ROW_42_1906,VSS,Metal1,144.4665,232.5390,0.000464
TAP_TAPCELL_ROW_42_1905,VSS,Metal1,105.2665,232.5390,0.000497
TAP_TAPCELL_ROW_42_1904,VSS,Metal1,66.0665,232.5390,0.000485
TAP_TAPCELL_ROW_42_1903,VSS,Metal1,26.8665,232.5390,0.000443
TAP_TAPCELL_ROW_41_1902,VSS,Metal1,1065.6665,231.1405,0.000476
TAP_TAPCELL_ROW_41_1901,VSS,Metal1,1026.4665,231.1405,0.000458
TAP_TAPCELL_ROW_41_1900,VSS,Metal1,987.2665,231.1405,0.000428
TAP_TAPCELL_ROW_41_1899,VSS,Metal1,948.0665,231.1405,0.000378
TAP_TAPCELL_ROW_41_1898,VSS,Metal1,908.8665,231.1405,0.000375
TAP_TAPCELL_ROW_41_1897,VSS,Metal1,869.6665,231.1405,0.000370
TAP_TAPCELL_ROW_41_1896,VSS,Metal1,830.4665,231.1405,0.000158
TAP_TAPCELL_ROW_41_1895,VSS,Metal1,791.2665,231.1405,0.000114
TAP_TAPCELL_ROW_41_1894,VSS,Metal1,752.0665,231.1405,0.000120
TAP_TAPCELL_ROW_41_1893,VSS,Metal1,712.8665,231.1405,0.000123
TAP_TAPCELL_ROW_41_1892,VSS,Metal1,673.6665,231.1405,0.000134
TAP_TAPCELL_ROW_41_1891,VSS,Metal1,634.4665,231.1405,0.000135
TAP_TAPCELL_ROW_41_1890,VSS,Metal1,595.2665,231.1405,0.000180
TAP_TAPCELL_ROW_41_1889,VSS,Metal1,556.0665,231.1405,0.000188
TAP_TAPCELL_ROW_41_1888,VSS,Metal1,516.8665,231.1405,0.000224
TAP_TAPCELL_ROW_41_1887,VSS,Metal1,477.6665,231.1405,0.000320
TAP_TAPCELL_ROW_41_1886,VSS,Metal1,438.4665,231.1405,0.000335
TAP_TAPCELL_ROW_41_1885,VSS,Metal1,399.2665,231.1405,0.000333
TAP_TAPCELL_ROW_41_1884,VSS,Metal1,360.0665,231.1405,0.000317
TAP_TAPCELL_ROW_41_1883,VSS,Metal1,320.8665,231.1405,0.000310
TAP_TAPCELL_ROW_41_1882,VSS,Metal1,281.6665,231.1405,0.000387
TAP_TAPCELL_ROW_41_1881,VSS,Metal1,242.4665,231.1405,0.000409
TAP_TAPCELL_ROW_41_1880,VSS,Metal1,203.2665,231.1405,0.000416
TAP_TAPCELL_ROW_41_1879,VSS,Metal1,164.0665,231.1405,0.000418
TAP_TAPCELL_ROW_41_1878,VSS,Metal1,124.8665,231.1405,0.000477
TAP_TAPCELL_ROW_41_1877,VSS,Metal1,85.6665,231.1405,0.000502
TAP_TAPCELL_ROW_41_1876,VSS,Metal1,46.4665,231.1405,0.000444
TAP_TAPCELL_ROW_40_1875,VSS,Metal1,1085.2665,222.4590,0.000368
TAP_TAPCELL_ROW_40_1874,VSS,Metal1,1046.0665,222.4590,0.000363
TAP_TAPCELL_ROW_40_1873,VSS,Metal1,1006.8665,222.4590,0.000316
TAP_TAPCELL_ROW_40_1872,VSS,Metal1,967.6665,222.4590,0.000267
TAP_TAPCELL_ROW_40_1871,VSS,Metal1,928.4665,222.4590,0.000272
TAP_TAPCELL_ROW_40_1870,VSS,Metal1,889.2665,222.4590,0.000299
TAP_TAPCELL_ROW_40_1869,VSS,Metal1,850.0665,222.4590,0.000317
TAP_TAPCELL_ROW_40_1868,VSS,Metal1,810.8665,222.4590,0.000307
TAP_TAPCELL_ROW_40_1867,VSS,Metal1,771.6665,222.4590,0.000301
TAP_TAPCELL_ROW_40_1866,VSS,Metal1,732.4665,222.4590,0.000373
TAP_TAPCELL_ROW_40_1865,VSS,Metal1,693.2665,222.4590,0.000391
TAP_TAPCELL_ROW_40_1864,VSS,Metal1,654.0665,222.4590,0.000394
TAP_TAPCELL_ROW_40_1863,VSS,Metal1,614.8665,222.4590,0.000430
TAP_TAPCELL_ROW_40_1862,VSS,Metal1,575.6665,222.4590,0.000433
TAP_TAPCELL_ROW_40_1861,VSS,Metal1,536.4665,222.4590,0.000393
TAP_TAPCELL_ROW_40_1860,VSS,Metal1,497.2665,222.4590,0.000320
TAP_TAPCELL_ROW_40_1859,VSS,Metal1,458.0665,222.4590,0.000303
TAP_TAPCELL_ROW_40_1858,VSS,Metal1,418.8665,222.4590,0.000287
TAP_TAPCELL_ROW_40_1857,VSS,Metal1,379.6665,222.4590,0.000263
TAP_TAPCELL_ROW_40_1856,VSS,Metal1,340.4665,222.4590,0.000257
TAP_TAPCELL_ROW_40_1855,VSS,Metal1,301.2665,222.4590,0.000269
TAP_TAPCELL_ROW_40_1854,VSS,Metal1,262.0665,222.4590,0.000292
TAP_TAPCELL_ROW_40_1853,VSS,Metal1,222.8665,222.4590,0.000307
TAP_TAPCELL_ROW_40_1852,VSS,Metal1,183.6665,222.4590,0.000320
TAP_TAPCELL_ROW_40_1851,VSS,Metal1,144.4665,222.4590,0.000335
TAP_TAPCELL_ROW_40_1850,VSS,Metal1,105.2665,222.4590,0.000334
TAP_TAPCELL_ROW_40_1849,VSS,Metal1,66.0665,222.4590,0.000313
TAP_TAPCELL_ROW_40_1848,VSS,Metal1,26.8665,222.4590,0.000299
TAP_TAPCELL_ROW_39_1847,VSS,Metal1,1065.6665,221.0605,0.000368
TAP_TAPCELL_ROW_39_1846,VSS,Metal1,1026.4665,221.0605,0.000347
TAP_TAPCELL_ROW_39_1845,VSS,Metal1,987.2665,221.0605,0.000300
TAP_TAPCELL_ROW_39_1844,VSS,Metal1,948.0665,221.0605,0.000262
TAP_TAPCELL_ROW_39_1843,VSS,Metal1,908.8665,221.0605,0.000296
TAP_TAPCELL_ROW_39_1842,VSS,Metal1,869.6665,221.0605,0.000307
TAP_TAPCELL_ROW_39_1841,VSS,Metal1,830.4665,221.0605,0.000320
TAP_TAPCELL_ROW_39_1840,VSS,Metal1,791.2665,221.0605,0.000293
TAP_TAPCELL_ROW_39_1839,VSS,Metal1,752.0665,221.0605,0.000331
TAP_TAPCELL_ROW_39_1838,VSS,Metal1,712.8665,221.0605,0.000377
TAP_TAPCELL_ROW_39_1837,VSS,Metal1,673.6665,221.0605,0.000408
TAP_TAPCELL_ROW_39_1836,VSS,Metal1,634.4665,221.0605,0.000344
TAP_TAPCELL_ROW_39_1835,VSS,Metal1,595.2665,221.0605,0.000433
TAP_TAPCELL_ROW_39_1834,VSS,Metal1,556.0665,221.0605,0.000416
TAP_TAPCELL_ROW_39_1833,VSS,Metal1,516.8665,221.0605,0.000373
TAP_TAPCELL_ROW_39_1832,VSS,Metal1,477.6665,221.0605,0.000301
TAP_TAPCELL_ROW_39_1831,VSS,Metal1,438.4665,221.0605,0.000299
TAP_TAPCELL_ROW_39_1830,VSS,Metal1,399.2665,221.0605,0.000277
TAP_TAPCELL_ROW_39_1829,VSS,Metal1,360.0665,221.0605,0.000261
TAP_TAPCELL_ROW_39_1828,VSS,Metal1,320.8665,221.0605,0.000257
TAP_TAPCELL_ROW_39_1827,VSS,Metal1,281.6665,221.0605,0.000284
TAP_TAPCELL_ROW_39_1826,VSS,Metal1,242.4665,221.0605,0.000301
TAP_TAPCELL_ROW_39_1825,VSS,Metal1,203.2665,221.0605,0.000315
TAP_TAPCELL_ROW_39_1824,VSS,Metal1,164.0665,221.0605,0.000328
TAP_TAPCELL_ROW_39_1823,VSS,Metal1,124.8665,221.0605,0.000339
TAP_TAPCELL_ROW_39_1822,VSS,Metal1,85.6665,221.0605,0.000329
TAP_TAPCELL_ROW_39_1821,VSS,Metal1,46.4665,221.0605,0.000311
TAP_TAPCELL_ROW_38_1820,VSS,Metal1,1085.2665,212.3790,0.000167
TAP_TAPCELL_ROW_38_1819,VSS,Metal1,1046.0665,212.3790,0.000166
TAP_TAPCELL_ROW_38_1818,VSS,Metal1,1006.8665,212.3790,0.000164
TAP_TAPCELL_ROW_38_1817,VSS,Metal1,967.6665,212.3790,0.000162
TAP_TAPCELL_ROW_38_1816,VSS,Metal1,928.4665,212.3790,0.000205
TAP_TAPCELL_ROW_38_1815,VSS,Metal1,889.2665,212.3790,0.000257
TAP_TAPCELL_ROW_38_1814,VSS,Metal1,850.0665,212.3790,0.000280
TAP_TAPCELL_ROW_38_1813,VSS,Metal1,810.8665,212.3790,0.000271
TAP_TAPCELL_ROW_38_1812,VSS,Metal1,771.6665,212.3790,0.000227
TAP_TAPCELL_ROW_38_1811,VSS,Metal1,732.4665,212.3790,0.000242
TAP_TAPCELL_ROW_38_1810,VSS,Metal1,693.2665,212.3790,0.000243
TAP_TAPCELL_ROW_38_1809,VSS,Metal1,654.0665,212.3790,0.000225
TAP_TAPCELL_ROW_38_1808,VSS,Metal1,614.8665,212.3790,0.000236
TAP_TAPCELL_ROW_38_1807,VSS,Metal1,575.6665,212.3790,0.000261
TAP_TAPCELL_ROW_38_1806,VSS,Metal1,536.4665,212.3790,0.000293
TAP_TAPCELL_ROW_38_1805,VSS,Metal1,497.2665,212.3790,0.000267
TAP_TAPCELL_ROW_38_1804,VSS,Metal1,458.0665,212.3790,0.000254
TAP_TAPCELL_ROW_38_1803,VSS,Metal1,418.8665,212.3790,0.000241
TAP_TAPCELL_ROW_38_1802,VSS,Metal1,379.6665,212.3790,0.000217
TAP_TAPCELL_ROW_38_1801,VSS,Metal1,340.4665,212.3790,0.000207
TAP_TAPCELL_ROW_38_1800,VSS,Metal1,301.2665,212.3790,0.000218
TAP_TAPCELL_ROW_38_1799,VSS,Metal1,262.0665,212.3790,0.000237
TAP_TAPCELL_ROW_38_1798,VSS,Metal1,222.8665,212.3790,0.000250
TAP_TAPCELL_ROW_38_1797,VSS,Metal1,183.6665,212.3790,0.000249
TAP_TAPCELL_ROW_38_1796,VSS,Metal1,144.4665,212.3790,0.000285
TAP_TAPCELL_ROW_38_1795,VSS,Metal1,105.2665,212.3790,0.000288
TAP_TAPCELL_ROW_38_1794,VSS,Metal1,66.0665,212.3790,0.000285
TAP_TAPCELL_ROW_38_1793,VSS,Metal1,26.8665,212.3790,0.000191
TAP_TAPCELL_ROW_37_1792,VSS,Metal1,1065.6665,210.9805,0.000167
TAP_TAPCELL_ROW_37_1791,VSS,Metal1,1026.4665,210.9805,0.000165
TAP_TAPCELL_ROW_37_1790,VSS,Metal1,987.2665,210.9805,0.000163
TAP_TAPCELL_ROW_37_1789,VSS,Metal1,948.0665,210.9805,0.000161
TAP_TAPCELL_ROW_37_1788,VSS,Metal1,908.8665,210.9805,0.000223
TAP_TAPCELL_ROW_37_1787,VSS,Metal1,869.6665,210.9805,0.000260
TAP_TAPCELL_ROW_37_1786,VSS,Metal1,830.4665,210.9805,0.000284
TAP_TAPCELL_ROW_37_1785,VSS,Metal1,791.2665,210.9805,0.000225
TAP_TAPCELL_ROW_37_1784,VSS,Metal1,752.0665,210.9805,0.000241
TAP_TAPCELL_ROW_37_1783,VSS,Metal1,712.8665,210.9805,0.000243
TAP_TAPCELL_ROW_37_1782,VSS,Metal1,673.6665,210.9805,0.000239
TAP_TAPCELL_ROW_37_1781,VSS,Metal1,634.4665,210.9805,0.000216
TAP_TAPCELL_ROW_37_1780,VSS,Metal1,595.2665,210.9805,0.000250
TAP_TAPCELL_ROW_37_1779,VSS,Metal1,556.0665,210.9805,0.000285
TAP_TAPCELL_ROW_37_1778,VSS,Metal1,516.8665,210.9805,0.000300
TAP_TAPCELL_ROW_37_1777,VSS,Metal1,477.6665,210.9805,0.000261
TAP_TAPCELL_ROW_37_1776,VSS,Metal1,438.4665,210.9805,0.000249
TAP_TAPCELL_ROW_37_1775,VSS,Metal1,399.2665,210.9805,0.000228
TAP_TAPCELL_ROW_37_1774,VSS,Metal1,360.0665,210.9805,0.000209
TAP_TAPCELL_ROW_37_1773,VSS,Metal1,320.8665,210.9805,0.000212
TAP_TAPCELL_ROW_37_1772,VSS,Metal1,281.6665,210.9805,0.000234
TAP_TAPCELL_ROW_37_1771,VSS,Metal1,242.4665,210.9805,0.000240
TAP_TAPCELL_ROW_37_1770,VSS,Metal1,203.2665,210.9805,0.000250
TAP_TAPCELL_ROW_37_1769,VSS,Metal1,164.0665,210.9805,0.000279
TAP_TAPCELL_ROW_37_1768,VSS,Metal1,124.8665,210.9805,0.000287
TAP_TAPCELL_ROW_37_1767,VSS,Metal1,85.6665,210.9805,0.000288
TAP_TAPCELL_ROW_37_1766,VSS,Metal1,46.4665,210.9805,0.000284
TAP_TAPCELL_ROW_36_1765,VSS,Metal1,1085.2665,202.2990,0.000290
TAP_TAPCELL_ROW_36_1764,VSS,Metal1,1046.0665,202.2990,0.000279
TAP_TAPCELL_ROW_36_1763,VSS,Metal1,1006.8665,202.2990,0.000240
TAP_TAPCELL_ROW_36_1762,VSS,Metal1,967.6665,202.2990,0.000196
TAP_TAPCELL_ROW_36_1761,VSS,Metal1,928.4665,202.2990,0.000159
TAP_TAPCELL_ROW_36_1760,VSS,Metal1,889.2665,202.2990,0.000156
TAP_TAPCELL_ROW_36_1759,VSS,Metal1,850.0665,202.2990,0.000153
TAP_TAPCELL_ROW_36_1758,VSS,Metal1,810.8665,202.2990,0.000141
TAP_TAPCELL_ROW_36_1757,VSS,Metal1,771.6665,202.2990,0.000144
TAP_TAPCELL_ROW_36_1756,VSS,Metal1,732.4665,202.2990,0.000162
TAP_TAPCELL_ROW_36_1755,VSS,Metal1,693.2665,202.2990,0.000168
TAP_TAPCELL_ROW_36_1754,VSS,Metal1,654.0665,202.2990,0.000145
TAP_TAPCELL_ROW_36_1753,VSS,Metal1,614.8665,202.2990,0.000176
TAP_TAPCELL_ROW_36_1752,VSS,Metal1,575.6665,202.2990,0.000172
TAP_TAPCELL_ROW_36_1751,VSS,Metal1,536.4665,202.2990,0.000170
TAP_TAPCELL_ROW_36_1750,VSS,Metal1,497.2665,202.2990,0.000163
TAP_TAPCELL_ROW_36_1749,VSS,Metal1,458.0665,202.2990,0.000172
TAP_TAPCELL_ROW_36_1748,VSS,Metal1,418.8665,202.2990,0.000243
TAP_TAPCELL_ROW_36_1747,VSS,Metal1,379.6665,202.2990,0.000257
TAP_TAPCELL_ROW_36_1746,VSS,Metal1,340.4665,202.2990,0.000235
TAP_TAPCELL_ROW_36_1745,VSS,Metal1,301.2665,202.2990,0.000262
TAP_TAPCELL_ROW_36_1744,VSS,Metal1,262.0665,202.2990,0.000300
TAP_TAPCELL_ROW_36_1743,VSS,Metal1,222.8665,202.2990,0.000331
TAP_TAPCELL_ROW_36_1742,VSS,Metal1,183.6665,202.2990,0.000348
TAP_TAPCELL_ROW_36_1741,VSS,Metal1,144.4665,202.2990,0.000407
TAP_TAPCELL_ROW_36_1740,VSS,Metal1,105.2665,202.2990,0.000479
TAP_TAPCELL_ROW_36_1739,VSS,Metal1,66.0665,202.2990,0.000439
TAP_TAPCELL_ROW_36_1738,VSS,Metal1,26.8665,202.2990,0.000289
TAP_TAPCELL_ROW_35_1737,VSS,Metal1,1065.6665,200.9005,0.000290
TAP_TAPCELL_ROW_35_1736,VSS,Metal1,1026.4665,200.9005,0.000256
TAP_TAPCELL_ROW_35_1735,VSS,Metal1,987.2665,200.9005,0.000215
TAP_TAPCELL_ROW_35_1734,VSS,Metal1,948.0665,200.9005,0.000153
TAP_TAPCELL_ROW_35_1733,VSS,Metal1,908.8665,200.9005,0.000157
TAP_TAPCELL_ROW_35_1732,VSS,Metal1,869.6665,200.9005,0.000154
TAP_TAPCELL_ROW_35_1731,VSS,Metal1,830.4665,200.9005,0.000150
TAP_TAPCELL_ROW_35_1730,VSS,Metal1,791.2665,200.9005,0.000139
TAP_TAPCELL_ROW_35_1729,VSS,Metal1,752.0665,200.9005,0.000155
TAP_TAPCELL_ROW_35_1728,VSS,Metal1,712.8665,200.9005,0.000168
TAP_TAPCELL_ROW_35_1727,VSS,Metal1,673.6665,200.9005,0.000163
TAP_TAPCELL_ROW_35_1726,VSS,Metal1,634.4665,200.9005,0.000151
TAP_TAPCELL_ROW_35_1725,VSS,Metal1,595.2665,200.9005,0.000175
TAP_TAPCELL_ROW_35_1724,VSS,Metal1,556.0665,200.9005,0.000171
TAP_TAPCELL_ROW_35_1723,VSS,Metal1,516.8665,200.9005,0.000165
TAP_TAPCELL_ROW_35_1722,VSS,Metal1,477.6665,200.9005,0.000163
TAP_TAPCELL_ROW_35_1721,VSS,Metal1,438.4665,200.9005,0.000182
TAP_TAPCELL_ROW_35_1720,VSS,Metal1,399.2665,200.9005,0.000252
TAP_TAPCELL_ROW_35_1719,VSS,Metal1,360.0665,200.9005,0.000241
TAP_TAPCELL_ROW_35_1718,VSS,Metal1,320.8665,200.9005,0.000237
TAP_TAPCELL_ROW_35_1717,VSS,Metal1,281.6665,200.9005,0.000271
TAP_TAPCELL_ROW_35_1716,VSS,Metal1,242.4665,200.9005,0.000322
TAP_TAPCELL_ROW_35_1715,VSS,Metal1,203.2665,200.9005,0.000347
TAP_TAPCELL_ROW_35_1714,VSS,Metal1,164.0665,200.9005,0.000358
TAP_TAPCELL_ROW_35_1713,VSS,Metal1,124.8665,200.9005,0.000429
TAP_TAPCELL_ROW_35_1712,VSS,Metal1,85.6665,200.9005,0.000475
TAP_TAPCELL_ROW_35_1711,VSS,Metal1,46.4665,200.9005,0.000374
TAP_TAPCELL_ROW_34_1710,VSS,Metal1,1085.2665,192.2190,0.000358
TAP_TAPCELL_ROW_34_1709,VSS,Metal1,1046.0665,192.2190,0.000356
TAP_TAPCELL_ROW_34_1708,VSS,Metal1,1006.8665,192.2190,0.000347
TAP_TAPCELL_ROW_34_1707,VSS,Metal1,967.6665,192.2190,0.000295
TAP_TAPCELL_ROW_34_1706,VSS,Metal1,928.4665,192.2190,0.000230
TAP_TAPCELL_ROW_34_1705,VSS,Metal1,889.2665,192.2190,0.000246
TAP_TAPCELL_ROW_34_1704,VSS,Metal1,850.0665,192.2190,0.000237
TAP_TAPCELL_ROW_34_1703,VSS,Metal1,810.8665,192.2190,0.000204
TAP_TAPCELL_ROW_34_1702,VSS,Metal1,771.6665,192.2190,0.000196
TAP_TAPCELL_ROW_34_1701,VSS,Metal1,732.4665,192.2190,0.000199
TAP_TAPCELL_ROW_34_1700,VSS,Metal1,693.2665,192.2190,0.000179
TAP_TAPCELL_ROW_34_1699,VSS,Metal1,654.0665,192.2190,0.000118
TAP_TAPCELL_ROW_34_1698,VSS,Metal1,614.8665,192.2190,0.000130
TAP_TAPCELL_ROW_34_1697,VSS,Metal1,575.6665,192.2190,0.000155
TAP_TAPCELL_ROW_34_1696,VSS,Metal1,536.4665,192.2190,0.000165
TAP_TAPCELL_ROW_34_1695,VSS,Metal1,497.2665,192.2190,0.000183
TAP_TAPCELL_ROW_34_1694,VSS,Metal1,458.0665,192.2190,0.000228
TAP_TAPCELL_ROW_34_1693,VSS,Metal1,418.8665,192.2190,0.000250
TAP_TAPCELL_ROW_34_1692,VSS,Metal1,379.6665,192.2190,0.000286
TAP_TAPCELL_ROW_34_1691,VSS,Metal1,340.4665,192.2190,0.000332
TAP_TAPCELL_ROW_34_1690,VSS,Metal1,301.2665,192.2190,0.000378
TAP_TAPCELL_ROW_34_1689,VSS,Metal1,262.0665,192.2190,0.000433
TAP_TAPCELL_ROW_34_1688,VSS,Metal1,222.8665,192.2190,0.000452
TAP_TAPCELL_ROW_34_1687,VSS,Metal1,183.6665,192.2190,0.000384
TAP_TAPCELL_ROW_34_1686,VSS,Metal1,144.4665,192.2190,0.000368
TAP_TAPCELL_ROW_34_1685,VSS,Metal1,105.2665,192.2190,0.000361
TAP_TAPCELL_ROW_34_1684,VSS,Metal1,66.0665,192.2190,0.000252
TAP_TAPCELL_ROW_34_1683,VSS,Metal1,26.8665,192.2190,0.000213
TAP_TAPCELL_ROW_33_1682,VSS,Metal1,1065.6665,190.8205,0.000358
TAP_TAPCELL_ROW_33_1681,VSS,Metal1,1026.4665,190.8205,0.000352
TAP_TAPCELL_ROW_33_1680,VSS,Metal1,987.2665,190.8205,0.000327
TAP_TAPCELL_ROW_33_1679,VSS,Metal1,948.0665,190.8205,0.000225
TAP_TAPCELL_ROW_33_1678,VSS,Metal1,908.8665,190.8205,0.000243
TAP_TAPCELL_ROW_33_1677,VSS,Metal1,869.6665,190.8205,0.000246
TAP_TAPCELL_ROW_33_1676,VSS,Metal1,830.4665,190.8205,0.000226
TAP_TAPCELL_ROW_33_1675,VSS,Metal1,791.2665,190.8205,0.000196
TAP_TAPCELL_ROW_33_1674,VSS,Metal1,752.0665,190.8205,0.000197
TAP_TAPCELL_ROW_33_1673,VSS,Metal1,712.8665,190.8205,0.000196
TAP_TAPCELL_ROW_33_1672,VSS,Metal1,673.6665,190.8205,0.000171
TAP_TAPCELL_ROW_33_1671,VSS,Metal1,634.4665,190.8205,0.000120
TAP_TAPCELL_ROW_33_1670,VSS,Metal1,595.2665,190.8205,0.000143
TAP_TAPCELL_ROW_33_1669,VSS,Metal1,556.0665,190.8205,0.000162
TAP_TAPCELL_ROW_33_1668,VSS,Metal1,516.8665,190.8205,0.000169
TAP_TAPCELL_ROW_33_1667,VSS,Metal1,477.6665,190.8205,0.000209
TAP_TAPCELL_ROW_33_1666,VSS,Metal1,438.4665,190.8205,0.000229
TAP_TAPCELL_ROW_33_1665,VSS,Metal1,399.2665,190.8205,0.000262
TAP_TAPCELL_ROW_33_1664,VSS,Metal1,360.0665,190.8205,0.000312
TAP_TAPCELL_ROW_33_1663,VSS,Metal1,320.8665,190.8205,0.000351
TAP_TAPCELL_ROW_33_1662,VSS,Metal1,281.6665,190.8205,0.000402
TAP_TAPCELL_ROW_33_1661,VSS,Metal1,242.4665,190.8205,0.000452
TAP_TAPCELL_ROW_33_1660,VSS,Metal1,203.2665,190.8205,0.000447
TAP_TAPCELL_ROW_33_1659,VSS,Metal1,164.0665,190.8205,0.000358
TAP_TAPCELL_ROW_33_1658,VSS,Metal1,124.8665,190.8205,0.000369
TAP_TAPCELL_ROW_33_1657,VSS,Metal1,85.6665,190.8205,0.000355
TAP_TAPCELL_ROW_33_1656,VSS,Metal1,46.4665,190.8205,0.000236
TAP_TAPCELL_ROW_32_1655,VSS,Metal1,1085.2665,182.1390,0.000026
TAP_TAPCELL_ROW_32_1654,VSS,Metal1,1046.0665,182.1390,0.000026
TAP_TAPCELL_ROW_32_1653,VSS,Metal1,1006.8665,182.1390,0.000026
TAP_TAPCELL_ROW_32_1652,VSS,Metal1,967.6665,182.1390,0.000026
TAP_TAPCELL_ROW_32_1651,VSS,Metal1,928.4665,182.1390,0.000035
TAP_TAPCELL_ROW_32_1650,VSS,Metal1,889.2665,182.1390,0.000061
TAP_TAPCELL_ROW_32_1649,VSS,Metal1,850.0665,182.1390,0.000070
TAP_TAPCELL_ROW_32_1648,VSS,Metal1,810.8665,182.1390,0.000084
TAP_TAPCELL_ROW_32_1647,VSS,Metal1,771.6665,182.1390,0.000128
TAP_TAPCELL_ROW_32_1646,VSS,Metal1,732.4665,182.1390,0.000163
TAP_TAPCELL_ROW_32_1645,VSS,Metal1,693.2665,182.1390,0.000171
TAP_TAPCELL_ROW_32_1644,VSS,Metal1,654.0665,182.1390,0.000151
TAP_TAPCELL_ROW_32_1643,VSS,Metal1,614.8665,182.1390,0.000174
TAP_TAPCELL_ROW_32_1642,VSS,Metal1,575.6665,182.1390,0.000176
TAP_TAPCELL_ROW_32_1641,VSS,Metal1,536.4665,182.1390,0.000164
TAP_TAPCELL_ROW_32_1640,VSS,Metal1,497.2665,182.1390,0.000155
TAP_TAPCELL_ROW_32_1639,VSS,Metal1,458.0665,182.1390,0.000142
TAP_TAPCELL_ROW_32_1638,VSS,Metal1,418.8665,182.1390,0.000145
TAP_TAPCELL_ROW_32_1637,VSS,Metal1,379.6665,182.1390,0.000140
TAP_TAPCELL_ROW_32_1636,VSS,Metal1,340.4665,182.1390,0.000131
TAP_TAPCELL_ROW_32_1635,VSS,Metal1,301.2665,182.1390,0.000137
TAP_TAPCELL_ROW_32_1634,VSS,Metal1,262.0665,182.1390,0.000163
TAP_TAPCELL_ROW_32_1633,VSS,Metal1,222.8665,182.1390,0.000171
TAP_TAPCELL_ROW_32_1632,VSS,Metal1,183.6665,182.1390,0.000183
TAP_TAPCELL_ROW_32_1631,VSS,Metal1,144.4665,182.1390,0.000220
TAP_TAPCELL_ROW_32_1630,VSS,Metal1,105.2665,182.1390,0.000245
TAP_TAPCELL_ROW_32_1629,VSS,Metal1,66.0665,182.1390,0.000258
TAP_TAPCELL_ROW_32_1628,VSS,Metal1,26.8665,182.1390,0.000188
TAP_TAPCELL_ROW_31_1627,VSS,Metal1,1065.6665,180.7405,0.000026
TAP_TAPCELL_ROW_31_1626,VSS,Metal1,1026.4665,180.7405,0.000026
TAP_TAPCELL_ROW_31_1625,VSS,Metal1,987.2665,180.7405,0.000026
TAP_TAPCELL_ROW_31_1624,VSS,Metal1,948.0665,180.7405,0.000025
TAP_TAPCELL_ROW_31_1623,VSS,Metal1,908.8665,180.7405,0.000046
TAP_TAPCELL_ROW_31_1622,VSS,Metal1,869.6665,180.7405,0.000066
TAP_TAPCELL_ROW_31_1621,VSS,Metal1,830.4665,180.7405,0.000076
TAP_TAPCELL_ROW_31_1620,VSS,Metal1,791.2665,180.7405,0.000086
TAP_TAPCELL_ROW_31_1619,VSS,Metal1,752.0665,180.7405,0.000145
TAP_TAPCELL_ROW_31_1618,VSS,Metal1,712.8665,180.7405,0.000168
TAP_TAPCELL_ROW_31_1617,VSS,Metal1,673.6665,180.7405,0.000171
TAP_TAPCELL_ROW_31_1616,VSS,Metal1,634.4665,180.7405,0.000161
TAP_TAPCELL_ROW_31_1615,VSS,Metal1,595.2665,180.7405,0.000175
TAP_TAPCELL_ROW_31_1614,VSS,Metal1,556.0665,180.7405,0.000170
TAP_TAPCELL_ROW_31_1613,VSS,Metal1,516.8665,180.7405,0.000162
TAP_TAPCELL_ROW_31_1612,VSS,Metal1,477.6665,180.7405,0.000136
TAP_TAPCELL_ROW_31_1611,VSS,Metal1,438.4665,180.7405,0.000144
TAP_TAPCELL_ROW_31_1610,VSS,Metal1,399.2665,180.7405,0.000143
TAP_TAPCELL_ROW_31_1609,VSS,Metal1,360.0665,180.7405,0.000138
TAP_TAPCELL_ROW_31_1608,VSS,Metal1,320.8665,180.7405,0.000127
TAP_TAPCELL_ROW_31_1607,VSS,Metal1,281.6665,180.7405,0.000149
TAP_TAPCELL_ROW_31_1606,VSS,Metal1,242.4665,180.7405,0.000166
TAP_TAPCELL_ROW_31_1605,VSS,Metal1,203.2665,180.7405,0.000177
TAP_TAPCELL_ROW_31_1604,VSS,Metal1,164.0665,180.7405,0.000215
TAP_TAPCELL_ROW_31_1603,VSS,Metal1,124.8665,180.7405,0.000244
TAP_TAPCELL_ROW_31_1602,VSS,Metal1,85.6665,180.7405,0.000256
TAP_TAPCELL_ROW_31_1601,VSS,Metal1,46.4665,180.7405,0.000258
TAP_TAPCELL_ROW_30_1600,VSS,Metal1,1085.2665,172.0590,0.000179
TAP_TAPCELL_ROW_30_1599,VSS,Metal1,1046.0665,172.0590,0.000178
TAP_TAPCELL_ROW_30_1598,VSS,Metal1,1006.8665,172.0590,0.000156
TAP_TAPCELL_ROW_30_1597,VSS,Metal1,967.6665,172.0590,0.000134
TAP_TAPCELL_ROW_30_1596,VSS,Metal1,928.4665,172.0590,0.000134
TAP_TAPCELL_ROW_30_1595,VSS,Metal1,889.2665,172.0590,0.000134
TAP_TAPCELL_ROW_30_1594,VSS,Metal1,850.0665,172.0590,0.000123
TAP_TAPCELL_ROW_30_1593,VSS,Metal1,810.8665,172.0590,0.000115
TAP_TAPCELL_ROW_30_1592,VSS,Metal1,771.6665,172.0590,0.000124
TAP_TAPCELL_ROW_30_1591,VSS,Metal1,732.4665,172.0590,0.000131
TAP_TAPCELL_ROW_30_1590,VSS,Metal1,693.2665,172.0590,0.000137
TAP_TAPCELL_ROW_30_1589,VSS,Metal1,654.0665,172.0590,0.000127
TAP_TAPCELL_ROW_30_1588,VSS,Metal1,614.8665,172.0590,0.000138
TAP_TAPCELL_ROW_30_1587,VSS,Metal1,575.6665,172.0590,0.000143
TAP_TAPCELL_ROW_30_1586,VSS,Metal1,536.4665,172.0590,0.000148
TAP_TAPCELL_ROW_30_1585,VSS,Metal1,497.2665,172.0590,0.000147
TAP_TAPCELL_ROW_30_1584,VSS,Metal1,458.0665,172.0590,0.000160
TAP_TAPCELL_ROW_30_1583,VSS,Metal1,418.8665,172.0590,0.000238
TAP_TAPCELL_ROW_30_1582,VSS,Metal1,379.6665,172.0590,0.000251
TAP_TAPCELL_ROW_30_1581,VSS,Metal1,340.4665,172.0590,0.000267
TAP_TAPCELL_ROW_30_1580,VSS,Metal1,301.2665,172.0590,0.000322
TAP_TAPCELL_ROW_30_1579,VSS,Metal1,262.0665,172.0590,0.000363
TAP_TAPCELL_ROW_30_1578,VSS,Metal1,222.8665,172.0590,0.000429
TAP_TAPCELL_ROW_30_1577,VSS,Metal1,183.6665,172.0590,0.000443
TAP_TAPCELL_ROW_30_1576,VSS,Metal1,144.4665,172.0590,0.000469
TAP_TAPCELL_ROW_30_1575,VSS,Metal1,105.2665,172.0590,0.000500
TAP_TAPCELL_ROW_30_1574,VSS,Metal1,66.0665,172.0590,0.000475
TAP_TAPCELL_ROW_30_1573,VSS,Metal1,26.8665,172.0590,0.000401
TAP_TAPCELL_ROW_29_1572,VSS,Metal1,1065.6665,170.6605,0.000179
TAP_TAPCELL_ROW_29_1571,VSS,Metal1,1026.4665,170.6605,0.000165
TAP_TAPCELL_ROW_29_1570,VSS,Metal1,987.2665,170.6605,0.000140
TAP_TAPCELL_ROW_29_1569,VSS,Metal1,948.0665,170.6605,0.000129
TAP_TAPCELL_ROW_29_1568,VSS,Metal1,908.8665,170.6605,0.000139
TAP_TAPCELL_ROW_29_1567,VSS,Metal1,869.6665,170.6605,0.000128
TAP_TAPCELL_ROW_29_1566,VSS,Metal1,830.4665,170.6605,0.000120
TAP_TAPCELL_ROW_29_1565,VSS,Metal1,791.2665,170.6605,0.000113
TAP_TAPCELL_ROW_29_1564,VSS,Metal1,752.0665,170.6605,0.000130
TAP_TAPCELL_ROW_29_1563,VSS,Metal1,712.8665,170.6605,0.000132
TAP_TAPCELL_ROW_29_1562,VSS,Metal1,673.6665,170.6605,0.000134
TAP_TAPCELL_ROW_29_1561,VSS,Metal1,634.4665,170.6605,0.000132
TAP_TAPCELL_ROW_29_1560,VSS,Metal1,595.2665,170.6605,0.000142
TAP_TAPCELL_ROW_29_1559,VSS,Metal1,556.0665,170.6605,0.000147
TAP_TAPCELL_ROW_29_1558,VSS,Metal1,516.8665,170.6605,0.000149
TAP_TAPCELL_ROW_29_1557,VSS,Metal1,477.6665,170.6605,0.000150
TAP_TAPCELL_ROW_29_1556,VSS,Metal1,438.4665,170.6605,0.000227
TAP_TAPCELL_ROW_29_1555,VSS,Metal1,399.2665,170.6605,0.000240
TAP_TAPCELL_ROW_29_1554,VSS,Metal1,360.0665,170.6605,0.000265
TAP_TAPCELL_ROW_29_1553,VSS,Metal1,320.8665,170.6605,0.000300
TAP_TAPCELL_ROW_29_1552,VSS,Metal1,281.6665,170.6605,0.000330
TAP_TAPCELL_ROW_29_1551,VSS,Metal1,242.4665,170.6605,0.000404
TAP_TAPCELL_ROW_29_1550,VSS,Metal1,203.2665,170.6605,0.000447
TAP_TAPCELL_ROW_29_1549,VSS,Metal1,164.0665,170.6605,0.000447
TAP_TAPCELL_ROW_29_1548,VSS,Metal1,124.8665,170.6605,0.000474
TAP_TAPCELL_ROW_29_1547,VSS,Metal1,85.6665,170.6605,0.000501
TAP_TAPCELL_ROW_29_1546,VSS,Metal1,46.4665,170.6605,0.000419
TAP_TAPCELL_ROW_28_1545,VSS,Metal1,1085.2665,161.9790,0.000320
TAP_TAPCELL_ROW_28_1544,VSS,Metal1,1046.0665,161.9790,0.000311
TAP_TAPCELL_ROW_28_1543,VSS,Metal1,1006.8665,161.9790,0.000284
TAP_TAPCELL_ROW_28_1542,VSS,Metal1,967.6665,161.9790,0.000238
TAP_TAPCELL_ROW_28_1541,VSS,Metal1,928.4665,161.9790,0.000201
TAP_TAPCELL_ROW_28_1540,VSS,Metal1,889.2665,161.9790,0.000196
TAP_TAPCELL_ROW_28_1539,VSS,Metal1,850.0665,161.9790,0.000162
TAP_TAPCELL_ROW_28_1538,VSS,Metal1,810.8665,161.9790,0.000130
TAP_TAPCELL_ROW_28_1537,VSS,Metal1,771.6665,161.9790,0.000125
TAP_TAPCELL_ROW_28_1536,VSS,Metal1,732.4665,161.9790,0.000124
TAP_TAPCELL_ROW_28_1535,VSS,Metal1,693.2665,161.9790,0.000123
TAP_TAPCELL_ROW_28_1534,VSS,Metal1,654.0665,161.9790,0.000110
TAP_TAPCELL_ROW_28_1533,VSS,Metal1,614.8665,161.9790,0.000109
TAP_TAPCELL_ROW_28_1532,VSS,Metal1,575.6665,161.9790,0.000122
TAP_TAPCELL_ROW_28_1531,VSS,Metal1,536.4665,161.9790,0.000111
TAP_TAPCELL_ROW_28_1530,VSS,Metal1,497.2665,161.9790,0.000100
TAP_TAPCELL_ROW_28_1529,VSS,Metal1,458.0665,161.9790,0.000141
TAP_TAPCELL_ROW_28_1528,VSS,Metal1,418.8665,161.9790,0.000177
TAP_TAPCELL_ROW_28_1527,VSS,Metal1,379.6665,161.9790,0.000184
TAP_TAPCELL_ROW_28_1526,VSS,Metal1,340.4665,161.9790,0.000175
TAP_TAPCELL_ROW_28_1525,VSS,Metal1,301.2665,161.9790,0.000206
TAP_TAPCELL_ROW_28_1524,VSS,Metal1,262.0665,161.9790,0.000258
TAP_TAPCELL_ROW_28_1523,VSS,Metal1,222.8665,161.9790,0.000294
TAP_TAPCELL_ROW_28_1522,VSS,Metal1,183.6665,161.9790,0.000302
TAP_TAPCELL_ROW_28_1521,VSS,Metal1,144.4665,161.9790,0.000395
TAP_TAPCELL_ROW_28_1520,VSS,Metal1,105.2665,161.9790,0.000445
TAP_TAPCELL_ROW_28_1519,VSS,Metal1,66.0665,161.9790,0.000465
TAP_TAPCELL_ROW_28_1518,VSS,Metal1,26.8665,161.9790,0.000385
TAP_TAPCELL_ROW_27_1517,VSS,Metal1,1065.6665,160.5805,0.000320
TAP_TAPCELL_ROW_27_1516,VSS,Metal1,1026.4665,160.5805,0.000294
TAP_TAPCELL_ROW_27_1515,VSS,Metal1,987.2665,160.5805,0.000260
TAP_TAPCELL_ROW_27_1514,VSS,Metal1,948.0665,160.5805,0.000193
TAP_TAPCELL_ROW_27_1513,VSS,Metal1,908.8665,160.5805,0.000202
TAP_TAPCELL_ROW_27_1512,VSS,Metal1,869.6665,160.5805,0.000181
TAP_TAPCELL_ROW_27_1511,VSS,Metal1,830.4665,160.5805,0.000144
TAP_TAPCELL_ROW_27_1510,VSS,Metal1,791.2665,160.5805,0.000125
TAP_TAPCELL_ROW_27_1509,VSS,Metal1,752.0665,160.5805,0.000125
TAP_TAPCELL_ROW_27_1508,VSS,Metal1,712.8665,160.5805,0.000124
TAP_TAPCELL_ROW_27_1507,VSS,Metal1,673.6665,160.5805,0.000121
TAP_TAPCELL_ROW_27_1506,VSS,Metal1,634.4665,160.5805,0.000106
TAP_TAPCELL_ROW_27_1505,VSS,Metal1,595.2665,160.5805,0.000112
TAP_TAPCELL_ROW_27_1504,VSS,Metal1,556.0665,160.5805,0.000116
TAP_TAPCELL_ROW_27_1503,VSS,Metal1,516.8665,160.5805,0.000103
TAP_TAPCELL_ROW_27_1502,VSS,Metal1,477.6665,160.5805,0.000103
TAP_TAPCELL_ROW_27_1501,VSS,Metal1,438.4665,160.5805,0.000153
TAP_TAPCELL_ROW_27_1500,VSS,Metal1,399.2665,160.5805,0.000182
TAP_TAPCELL_ROW_27_1499,VSS,Metal1,360.0665,160.5805,0.000179
TAP_TAPCELL_ROW_27_1498,VSS,Metal1,320.8665,160.5805,0.000178
TAP_TAPCELL_ROW_27_1497,VSS,Metal1,281.6665,160.5805,0.000247
TAP_TAPCELL_ROW_27_1496,VSS,Metal1,242.4665,160.5805,0.000276
TAP_TAPCELL_ROW_27_1495,VSS,Metal1,203.2665,160.5805,0.000300
TAP_TAPCELL_ROW_27_1494,VSS,Metal1,164.0665,160.5805,0.000327
TAP_TAPCELL_ROW_27_1493,VSS,Metal1,124.8665,160.5805,0.000440
TAP_TAPCELL_ROW_27_1492,VSS,Metal1,85.6665,160.5805,0.000473
TAP_TAPCELL_ROW_27_1491,VSS,Metal1,46.4665,160.5805,0.000451
TAP_TAPCELL_ROW_26_1490,VSS,Metal1,1085.2665,151.8990,0.000975
TAP_TAPCELL_ROW_26_1489,VSS,Metal1,1046.0665,151.8990,0.000969
TAP_TAPCELL_ROW_26_1488,VSS,Metal1,1006.8665,151.8990,0.000810
TAP_TAPCELL_ROW_26_1487,VSS,Metal1,967.6665,151.8990,0.000523
TAP_TAPCELL_ROW_26_1486,VSS,Metal1,928.4665,151.8990,0.000393
TAP_TAPCELL_ROW_26_1485,VSS,Metal1,889.2665,151.8990,0.000415
TAP_TAPCELL_ROW_26_1484,VSS,Metal1,850.0665,151.8990,0.000417
TAP_TAPCELL_ROW_26_1483,VSS,Metal1,810.8665,151.8990,0.000374
TAP_TAPCELL_ROW_26_1482,VSS,Metal1,771.6665,151.8990,0.000384
TAP_TAPCELL_ROW_26_1481,VSS,Metal1,732.4665,151.8990,0.000385
TAP_TAPCELL_ROW_26_1480,VSS,Metal1,693.2665,151.8990,0.000375
TAP_TAPCELL_ROW_26_1479,VSS,Metal1,654.0665,151.8990,0.000347
TAP_TAPCELL_ROW_26_1478,VSS,Metal1,614.8665,151.8990,0.000357
TAP_TAPCELL_ROW_26_1477,VSS,Metal1,575.6665,151.8990,0.000315
TAP_TAPCELL_ROW_26_1476,VSS,Metal1,536.4665,151.8990,0.000282
TAP_TAPCELL_ROW_26_1475,VSS,Metal1,497.2665,151.8990,0.000220
TAP_TAPCELL_ROW_26_1474,VSS,Metal1,458.0665,151.8990,0.000219
TAP_TAPCELL_ROW_26_1473,VSS,Metal1,418.8665,151.8990,0.000213
TAP_TAPCELL_ROW_26_1472,VSS,Metal1,379.6665,151.8990,0.000175
TAP_TAPCELL_ROW_26_1471,VSS,Metal1,340.4665,151.8990,0.000156
TAP_TAPCELL_ROW_26_1470,VSS,Metal1,301.2665,151.8990,0.000171
TAP_TAPCELL_ROW_26_1469,VSS,Metal1,262.0665,151.8990,0.000196
TAP_TAPCELL_ROW_26_1468,VSS,Metal1,222.8665,151.8990,0.000210
TAP_TAPCELL_ROW_26_1467,VSS,Metal1,183.6665,151.8990,0.000213
TAP_TAPCELL_ROW_26_1466,VSS,Metal1,144.4665,151.8990,0.000226
TAP_TAPCELL_ROW_26_1465,VSS,Metal1,105.2665,151.8990,0.000236
TAP_TAPCELL_ROW_26_1464,VSS,Metal1,66.0665,151.8990,0.000241
TAP_TAPCELL_ROW_26_1463,VSS,Metal1,26.8665,151.8990,0.000220
TAP_TAPCELL_ROW_25_1462,VSS,Metal1,1065.6665,150.5005,0.000975
TAP_TAPCELL_ROW_25_1461,VSS,Metal1,1026.4665,150.5005,0.000860
TAP_TAPCELL_ROW_25_1460,VSS,Metal1,987.2665,150.5005,0.000662
TAP_TAPCELL_ROW_25_1459,VSS,Metal1,948.0665,150.5005,0.000368
TAP_TAPCELL_ROW_25_1458,VSS,Metal1,908.8665,150.5005,0.000402
TAP_TAPCELL_ROW_25_1457,VSS,Metal1,869.6665,150.5005,0.000420
TAP_TAPCELL_ROW_25_1456,VSS,Metal1,830.4665,150.5005,0.000415
TAP_TAPCELL_ROW_25_1455,VSS,Metal1,791.2665,150.5005,0.000343
TAP_TAPCELL_ROW_25_1454,VSS,Metal1,752.0665,150.5005,0.000386
TAP_TAPCELL_ROW_25_1453,VSS,Metal1,712.8665,150.5005,0.000384
TAP_TAPCELL_ROW_25_1452,VSS,Metal1,673.6665,150.5005,0.000365
TAP_TAPCELL_ROW_25_1451,VSS,Metal1,634.4665,150.5005,0.000342
TAP_TAPCELL_ROW_25_1450,VSS,Metal1,595.2665,150.5005,0.000335
TAP_TAPCELL_ROW_25_1449,VSS,Metal1,556.0665,150.5005,0.000287
TAP_TAPCELL_ROW_25_1448,VSS,Metal1,516.8665,150.5005,0.000273
TAP_TAPCELL_ROW_25_1447,VSS,Metal1,477.6665,150.5005,0.000209
TAP_TAPCELL_ROW_25_1446,VSS,Metal1,438.4665,150.5005,0.000218
TAP_TAPCELL_ROW_25_1445,VSS,Metal1,399.2665,150.5005,0.000197
TAP_TAPCELL_ROW_25_1444,VSS,Metal1,360.0665,150.5005,0.000174
TAP_TAPCELL_ROW_25_1443,VSS,Metal1,320.8665,150.5005,0.000159
TAP_TAPCELL_ROW_25_1442,VSS,Metal1,281.6665,150.5005,0.000193
TAP_TAPCELL_ROW_25_1441,VSS,Metal1,242.4665,150.5005,0.000200
TAP_TAPCELL_ROW_25_1440,VSS,Metal1,203.2665,150.5005,0.000215
TAP_TAPCELL_ROW_25_1439,VSS,Metal1,164.0665,150.5005,0.000215
TAP_TAPCELL_ROW_25_1438,VSS,Metal1,124.8665,150.5005,0.000233
TAP_TAPCELL_ROW_25_1437,VSS,Metal1,85.6665,150.5005,0.000241
TAP_TAPCELL_ROW_25_1436,VSS,Metal1,46.4665,150.5005,0.000224
TAP_TAPCELL_ROW_24_1435,VSS,Metal1,1085.2665,141.8190,0.000420
TAP_TAPCELL_ROW_24_1434,VSS,Metal1,1046.0665,141.8190,0.000420
TAP_TAPCELL_ROW_24_1433,VSS,Metal1,1006.8665,141.8190,0.000380
TAP_TAPCELL_ROW_24_1432,VSS,Metal1,967.6665,141.8190,0.000342
TAP_TAPCELL_ROW_24_1431,VSS,Metal1,928.4665,141.8190,0.000392
TAP_TAPCELL_ROW_24_1430,VSS,Metal1,889.2665,141.8190,0.000443
TAP_TAPCELL_ROW_24_1429,VSS,Metal1,850.0665,141.8190,0.000438
TAP_TAPCELL_ROW_24_1428,VSS,Metal1,810.8665,141.8190,0.000240
TAP_TAPCELL_ROW_24_1427,VSS,Metal1,771.6665,141.8190,0.000245
TAP_TAPCELL_ROW_24_1426,VSS,Metal1,732.4665,141.8190,0.000254
TAP_TAPCELL_ROW_24_1425,VSS,Metal1,693.2665,141.8190,0.000245
TAP_TAPCELL_ROW_24_1424,VSS,Metal1,654.0665,141.8190,0.000202
TAP_TAPCELL_ROW_24_1423,VSS,Metal1,614.8665,141.8190,0.000235
TAP_TAPCELL_ROW_24_1422,VSS,Metal1,575.6665,141.8190,0.000236
TAP_TAPCELL_ROW_24_1421,VSS,Metal1,536.4665,141.8190,0.000212
TAP_TAPCELL_ROW_24_1420,VSS,Metal1,497.2665,141.8190,0.000188
TAP_TAPCELL_ROW_24_1419,VSS,Metal1,458.0665,141.8190,0.000202
TAP_TAPCELL_ROW_24_1418,VSS,Metal1,418.8665,141.8190,0.000225
TAP_TAPCELL_ROW_24_1417,VSS,Metal1,379.6665,141.8190,0.000226
TAP_TAPCELL_ROW_24_1416,VSS,Metal1,340.4665,141.8190,0.000193
TAP_TAPCELL_ROW_24_1415,VSS,Metal1,301.2665,141.8190,0.000200
TAP_TAPCELL_ROW_24_1414,VSS,Metal1,262.0665,141.8190,0.000207
TAP_TAPCELL_ROW_24_1413,VSS,Metal1,222.8665,141.8190,0.000197
TAP_TAPCELL_ROW_24_1412,VSS,Metal1,183.6665,141.8190,0.000187
TAP_TAPCELL_ROW_24_1411,VSS,Metal1,144.4665,141.8190,0.000199
TAP_TAPCELL_ROW_24_1410,VSS,Metal1,105.2665,141.8190,0.000203
TAP_TAPCELL_ROW_24_1409,VSS,Metal1,66.0665,141.8190,0.000175
TAP_TAPCELL_ROW_24_1408,VSS,Metal1,26.8665,141.8190,0.000109
TAP_TAPCELL_ROW_23_1407,VSS,Metal1,1065.6665,140.4205,0.000420
TAP_TAPCELL_ROW_23_1406,VSS,Metal1,1026.4665,140.4205,0.000401
TAP_TAPCELL_ROW_23_1405,VSS,Metal1,987.2665,140.4205,0.000352
TAP_TAPCELL_ROW_23_1404,VSS,Metal1,948.0665,140.4205,0.000325
TAP_TAPCELL_ROW_23_1403,VSS,Metal1,908.8665,140.4205,0.000421
TAP_TAPCELL_ROW_23_1402,VSS,Metal1,869.6665,140.4205,0.000453
TAP_TAPCELL_ROW_23_1401,VSS,Metal1,830.4665,140.4205,0.000403
TAP_TAPCELL_ROW_23_1400,VSS,Metal1,791.2665,140.4205,0.000237
TAP_TAPCELL_ROW_23_1399,VSS,Metal1,752.0665,140.4205,0.000250
TAP_TAPCELL_ROW_23_1398,VSS,Metal1,712.8665,140.4205,0.000254
TAP_TAPCELL_ROW_23_1397,VSS,Metal1,673.6665,140.4205,0.000227
TAP_TAPCELL_ROW_23_1396,VSS,Metal1,634.4665,140.4205,0.000223
TAP_TAPCELL_ROW_23_1395,VSS,Metal1,595.2665,140.4205,0.000238
TAP_TAPCELL_ROW_23_1394,VSS,Metal1,556.0665,140.4205,0.000230
TAP_TAPCELL_ROW_23_1393,VSS,Metal1,516.8665,140.4205,0.000207
TAP_TAPCELL_ROW_23_1392,VSS,Metal1,477.6665,140.4205,0.000189
TAP_TAPCELL_ROW_23_1391,VSS,Metal1,438.4665,140.4205,0.000211
TAP_TAPCELL_ROW_23_1390,VSS,Metal1,399.2665,140.4205,0.000226
TAP_TAPCELL_ROW_23_1389,VSS,Metal1,360.0665,140.4205,0.000202
TAP_TAPCELL_ROW_23_1388,VSS,Metal1,320.8665,140.4205,0.000185
TAP_TAPCELL_ROW_23_1387,VSS,Metal1,281.6665,140.4205,0.000204
TAP_TAPCELL_ROW_23_1386,VSS,Metal1,242.4665,140.4205,0.000206
TAP_TAPCELL_ROW_23_1385,VSS,Metal1,203.2665,140.4205,0.000188
TAP_TAPCELL_ROW_23_1384,VSS,Metal1,164.0665,140.4205,0.000194
TAP_TAPCELL_ROW_23_1383,VSS,Metal1,124.8665,140.4205,0.000205
TAP_TAPCELL_ROW_23_1382,VSS,Metal1,85.6665,140.4205,0.000202
TAP_TAPCELL_ROW_23_1381,VSS,Metal1,46.4665,140.4205,0.000167
TAP_TAPCELL_ROW_22_1380,VSS,Metal1,1085.2665,131.7390,0.000217
TAP_TAPCELL_ROW_22_1379,VSS,Metal1,1046.0665,131.7390,0.000214
TAP_TAPCELL_ROW_22_1378,VSS,Metal1,1006.8665,131.7390,0.000199
TAP_TAPCELL_ROW_22_1377,VSS,Metal1,967.6665,131.7390,0.000174
TAP_TAPCELL_ROW_22_1376,VSS,Metal1,928.4665,131.7390,0.000170
TAP_TAPCELL_ROW_22_1375,VSS,Metal1,889.2665,131.7390,0.000174
TAP_TAPCELL_ROW_22_1374,VSS,Metal1,850.0665,131.7390,0.000170
TAP_TAPCELL_ROW_22_1373,VSS,Metal1,810.8665,131.7390,0.000154
TAP_TAPCELL_ROW_22_1372,VSS,Metal1,771.6665,131.7390,0.000168
TAP_TAPCELL_ROW_22_1371,VSS,Metal1,732.4665,131.7390,0.000176
TAP_TAPCELL_ROW_22_1370,VSS,Metal1,693.2665,131.7390,0.000171
TAP_TAPCELL_ROW_22_1369,VSS,Metal1,654.0665,131.7390,0.000162
TAP_TAPCELL_ROW_22_1368,VSS,Metal1,614.8665,131.7390,0.000159
TAP_TAPCELL_ROW_22_1367,VSS,Metal1,575.6665,131.7390,0.000180
TAP_TAPCELL_ROW_22_1366,VSS,Metal1,536.4665,131.7390,0.000187
TAP_TAPCELL_ROW_22_1365,VSS,Metal1,497.2665,131.7390,0.000151
TAP_TAPCELL_ROW_22_1364,VSS,Metal1,458.0665,131.7390,0.000163
TAP_TAPCELL_ROW_22_1363,VSS,Metal1,418.8665,131.7390,0.000189
TAP_TAPCELL_ROW_22_1362,VSS,Metal1,379.6665,131.7390,0.000194
TAP_TAPCELL_ROW_22_1361,VSS,Metal1,340.4665,131.7390,0.000193
TAP_TAPCELL_ROW_22_1360,VSS,Metal1,301.2665,131.7390,0.000254
TAP_TAPCELL_ROW_22_1359,VSS,Metal1,262.0665,131.7390,0.000348
TAP_TAPCELL_ROW_22_1358,VSS,Metal1,222.8665,131.7390,0.000332
TAP_TAPCELL_ROW_22_1357,VSS,Metal1,183.6665,131.7390,0.000260
TAP_TAPCELL_ROW_22_1356,VSS,Metal1,144.4665,131.7390,0.000260
TAP_TAPCELL_ROW_22_1355,VSS,Metal1,105.2665,131.7390,0.000251
TAP_TAPCELL_ROW_22_1354,VSS,Metal1,66.0665,131.7390,0.000237
TAP_TAPCELL_ROW_22_1353,VSS,Metal1,26.8665,131.7390,0.000223
TAP_TAPCELL_ROW_21_1352,VSS,Metal1,1065.6665,130.3405,0.000217
TAP_TAPCELL_ROW_21_1351,VSS,Metal1,1026.4665,130.3405,0.000205
TAP_TAPCELL_ROW_21_1350,VSS,Metal1,987.2665,130.3405,0.000190
TAP_TAPCELL_ROW_21_1349,VSS,Metal1,948.0665,130.3405,0.000164
TAP_TAPCELL_ROW_21_1348,VSS,Metal1,908.8665,130.3405,0.000172
TAP_TAPCELL_ROW_21_1347,VSS,Metal1,869.6665,130.3405,0.000174
TAP_TAPCELL_ROW_21_1346,VSS,Metal1,830.4665,130.3405,0.000160
TAP_TAPCELL_ROW_21_1345,VSS,Metal1,791.2665,130.3405,0.000149
TAP_TAPCELL_ROW_21_1344,VSS,Metal1,752.0665,130.3405,0.000174
TAP_TAPCELL_ROW_21_1343,VSS,Metal1,712.8665,130.3405,0.000173
TAP_TAPCELL_ROW_21_1342,VSS,Metal1,673.6665,130.3405,0.000171
TAP_TAPCELL_ROW_21_1341,VSS,Metal1,634.4665,130.3405,0.000135
TAP_TAPCELL_ROW_21_1340,VSS,Metal1,595.2665,130.3405,0.000173
TAP_TAPCELL_ROW_21_1339,VSS,Metal1,556.0665,130.3405,0.000192
TAP_TAPCELL_ROW_21_1338,VSS,Metal1,516.8665,130.3405,0.000165
TAP_TAPCELL_ROW_21_1337,VSS,Metal1,477.6665,130.3405,0.000157
TAP_TAPCELL_ROW_21_1336,VSS,Metal1,438.4665,130.3405,0.000176
TAP_TAPCELL_ROW_21_1335,VSS,Metal1,399.2665,130.3405,0.000190
TAP_TAPCELL_ROW_21_1334,VSS,Metal1,360.0665,130.3405,0.000195
TAP_TAPCELL_ROW_21_1333,VSS,Metal1,320.8665,130.3405,0.000193
TAP_TAPCELL_ROW_21_1332,VSS,Metal1,281.6665,130.3405,0.000319
TAP_TAPCELL_ROW_21_1331,VSS,Metal1,242.4665,130.3405,0.000361
TAP_TAPCELL_ROW_21_1330,VSS,Metal1,203.2665,130.3405,0.000310
TAP_TAPCELL_ROW_21_1329,VSS,Metal1,164.0665,130.3405,0.000257
TAP_TAPCELL_ROW_21_1328,VSS,Metal1,124.8665,130.3405,0.000257
TAP_TAPCELL_ROW_21_1327,VSS,Metal1,85.6665,130.3405,0.000248
TAP_TAPCELL_ROW_21_1326,VSS,Metal1,46.4665,130.3405,0.000231
TAP_TAPCELL_ROW_20_1325,VSS,Metal1,1085.2665,121.6590,0.000185
TAP_TAPCELL_ROW_20_1324,VSS,Metal1,1046.0665,121.6590,0.000185
TAP_TAPCELL_ROW_20_1323,VSS,Metal1,1006.8665,121.6590,0.000165
TAP_TAPCELL_ROW_20_1322,VSS,Metal1,967.6665,121.6590,0.000143
TAP_TAPCELL_ROW_20_1321,VSS,Metal1,928.4665,121.6590,0.000147
TAP_TAPCELL_ROW_20_1320,VSS,Metal1,889.2665,121.6590,0.000175
TAP_TAPCELL_ROW_20_1319,VSS,Metal1,850.0665,121.6590,0.000182
TAP_TAPCELL_ROW_20_1318,VSS,Metal1,810.8665,121.6590,0.000165
TAP_TAPCELL_ROW_20_1317,VSS,Metal1,771.6665,121.6590,0.000160
TAP_TAPCELL_ROW_20_1316,VSS,Metal1,732.4665,121.6590,0.000226
TAP_TAPCELL_ROW_20_1315,VSS,Metal1,693.2665,121.6590,0.000237
TAP_TAPCELL_ROW_20_1314,VSS,Metal1,654.0665,121.6590,0.000214
TAP_TAPCELL_ROW_20_1313,VSS,Metal1,614.8665,121.6590,0.000253
TAP_TAPCELL_ROW_20_1312,VSS,Metal1,575.6665,121.6590,0.000292
TAP_TAPCELL_ROW_20_1311,VSS,Metal1,536.4665,121.6590,0.000298
TAP_TAPCELL_ROW_20_1310,VSS,Metal1,497.2665,121.6590,0.000255
TAP_TAPCELL_ROW_20_1309,VSS,Metal1,458.0665,121.6590,0.000252
TAP_TAPCELL_ROW_20_1308,VSS,Metal1,418.8665,121.6590,0.000250
TAP_TAPCELL_ROW_20_1307,VSS,Metal1,379.6665,121.6590,0.000223
TAP_TAPCELL_ROW_20_1306,VSS,Metal1,340.4665,121.6590,0.000169
TAP_TAPCELL_ROW_20_1305,VSS,Metal1,301.2665,121.6590,0.000168
TAP_TAPCELL_ROW_20_1304,VSS,Metal1,262.0665,121.6590,0.000182
TAP_TAPCELL_ROW_20_1303,VSS,Metal1,222.8665,121.6590,0.000184
TAP_TAPCELL_ROW_20_1302,VSS,Metal1,183.6665,121.6590,0.000153
TAP_TAPCELL_ROW_20_1301,VSS,Metal1,144.4665,121.6590,0.000154
TAP_TAPCELL_ROW_20_1300,VSS,Metal1,105.2665,121.6590,0.000149
TAP_TAPCELL_ROW_20_1299,VSS,Metal1,66.0665,121.6590,0.000129
TAP_TAPCELL_ROW_20_1298,VSS,Metal1,26.8665,121.6590,0.000110
TAP_TAPCELL_ROW_19_1297,VSS,Metal1,1065.6665,120.2605,0.000185
TAP_TAPCELL_ROW_19_1296,VSS,Metal1,1026.4665,120.2605,0.000171
TAP_TAPCELL_ROW_19_1295,VSS,Metal1,987.2665,120.2605,0.000158
TAP_TAPCELL_ROW_19_1294,VSS,Metal1,948.0665,120.2605,0.000127
TAP_TAPCELL_ROW_19_1293,VSS,Metal1,908.8665,120.2605,0.000159
TAP_TAPCELL_ROW_19_1292,VSS,Metal1,869.6665,120.2605,0.000180
TAP_TAPCELL_ROW_19_1291,VSS,Metal1,830.4665,120.2605,0.000179
TAP_TAPCELL_ROW_19_1290,VSS,Metal1,791.2665,120.2605,0.000145
TAP_TAPCELL_ROW_19_1289,VSS,Metal1,752.0665,120.2605,0.000215
TAP_TAPCELL_ROW_19_1288,VSS,Metal1,712.8665,120.2605,0.000235
TAP_TAPCELL_ROW_19_1287,VSS,Metal1,673.6665,120.2605,0.000235
TAP_TAPCELL_ROW_19_1286,VSS,Metal1,634.4665,120.2605,0.000210
TAP_TAPCELL_ROW_19_1285,VSS,Metal1,595.2665,120.2605,0.000271
TAP_TAPCELL_ROW_19_1284,VSS,Metal1,556.0665,120.2605,0.000293
TAP_TAPCELL_ROW_19_1283,VSS,Metal1,516.8665,120.2605,0.000305
TAP_TAPCELL_ROW_19_1282,VSS,Metal1,477.6665,120.2605,0.000251
TAP_TAPCELL_ROW_19_1281,VSS,Metal1,438.4665,120.2605,0.000252
TAP_TAPCELL_ROW_19_1280,VSS,Metal1,399.2665,120.2605,0.000234
TAP_TAPCELL_ROW_19_1279,VSS,Metal1,360.0665,120.2605,0.000202
TAP_TAPCELL_ROW_19_1278,VSS,Metal1,320.8665,120.2605,0.000156
TAP_TAPCELL_ROW_19_1277,VSS,Metal1,281.6665,120.2605,0.000173
TAP_TAPCELL_ROW_19_1276,VSS,Metal1,242.4665,120.2605,0.000187
TAP_TAPCELL_ROW_19_1275,VSS,Metal1,203.2665,120.2605,0.000177
TAP_TAPCELL_ROW_19_1274,VSS,Metal1,164.0665,120.2605,0.000153
TAP_TAPCELL_ROW_19_1273,VSS,Metal1,124.8665,120.2605,0.000154
TAP_TAPCELL_ROW_19_1272,VSS,Metal1,85.6665,120.2605,0.000140
TAP_TAPCELL_ROW_19_1271,VSS,Metal1,46.4665,120.2605,0.000122
TAP_TAPCELL_ROW_18_1270,VSS,Metal1,1085.2665,111.5790,0.000205
TAP_TAPCELL_ROW_18_1269,VSS,Metal1,1046.0665,111.5790,0.000205
TAP_TAPCELL_ROW_18_1268,VSS,Metal1,1006.8665,111.5790,0.000185
TAP_TAPCELL_ROW_18_1267,VSS,Metal1,967.6665,111.5790,0.000131
TAP_TAPCELL_ROW_18_1266,VSS,Metal1,928.4665,111.5790,0.000123
TAP_TAPCELL_ROW_18_1265,VSS,Metal1,889.2665,111.5790,0.000131
TAP_TAPCELL_ROW_18_1264,VSS,Metal1,850.0665,111.5790,0.000126
TAP_TAPCELL_ROW_18_1263,VSS,Metal1,810.8665,111.5790,0.000105
TAP_TAPCELL_ROW_18_1262,VSS,Metal1,771.6665,111.5790,0.000116
TAP_TAPCELL_ROW_18_1261,VSS,Metal1,732.4665,111.5790,0.000131
TAP_TAPCELL_ROW_18_1260,VSS,Metal1,693.2665,111.5790,0.000130
TAP_TAPCELL_ROW_18_1259,VSS,Metal1,654.0665,111.5790,0.000117
TAP_TAPCELL_ROW_18_1258,VSS,Metal1,614.8665,111.5790,0.000119
TAP_TAPCELL_ROW_18_1257,VSS,Metal1,575.6665,111.5790,0.000125
TAP_TAPCELL_ROW_18_1256,VSS,Metal1,536.4665,111.5790,0.000124
TAP_TAPCELL_ROW_18_1255,VSS,Metal1,497.2665,111.5790,0.000115
TAP_TAPCELL_ROW_18_1254,VSS,Metal1,458.0665,111.5790,0.000130
TAP_TAPCELL_ROW_18_1253,VSS,Metal1,418.8665,111.5790,0.000132
TAP_TAPCELL_ROW_18_1252,VSS,Metal1,379.6665,111.5790,0.000124
TAP_TAPCELL_ROW_18_1251,VSS,Metal1,340.4665,111.5790,0.000115
TAP_TAPCELL_ROW_18_1250,VSS,Metal1,301.2665,111.5790,0.000137
TAP_TAPCELL_ROW_18_1249,VSS,Metal1,262.0665,111.5790,0.000168
TAP_TAPCELL_ROW_18_1248,VSS,Metal1,222.8665,111.5790,0.000180
TAP_TAPCELL_ROW_18_1247,VSS,Metal1,183.6665,111.5790,0.000172
TAP_TAPCELL_ROW_18_1246,VSS,Metal1,144.4665,111.5790,0.000220
TAP_TAPCELL_ROW_18_1245,VSS,Metal1,105.2665,111.5790,0.000249
TAP_TAPCELL_ROW_18_1244,VSS,Metal1,66.0665,111.5790,0.000227
TAP_TAPCELL_ROW_18_1243,VSS,Metal1,26.8665,111.5790,0.000175
TAP_TAPCELL_ROW_17_1242,VSS,Metal1,1065.6665,110.1805,0.000205
TAP_TAPCELL_ROW_17_1241,VSS,Metal1,1026.4665,110.1805,0.000202
TAP_TAPCELL_ROW_17_1240,VSS,Metal1,987.2665,110.1805,0.000167
TAP_TAPCELL_ROW_17_1239,VSS,Metal1,948.0665,110.1805,0.000115
TAP_TAPCELL_ROW_17_1238,VSS,Metal1,908.8665,110.1805,0.000130
TAP_TAPCELL_ROW_17_1237,VSS,Metal1,869.6665,110.1805,0.000128
TAP_TAPCELL_ROW_17_1236,VSS,Metal1,830.4665,110.1805,0.000120
TAP_TAPCELL_ROW_17_1235,VSS,Metal1,791.2665,110.1805,0.000099
TAP_TAPCELL_ROW_17_1234,VSS,Metal1,752.0665,110.1805,0.000120
TAP_TAPCELL_ROW_17_1233,VSS,Metal1,712.8665,110.1805,0.000133
TAP_TAPCELL_ROW_17_1232,VSS,Metal1,673.6665,110.1805,0.000125
TAP_TAPCELL_ROW_17_1231,VSS,Metal1,634.4665,110.1805,0.000111
TAP_TAPCELL_ROW_17_1230,VSS,Metal1,595.2665,110.1805,0.000123
TAP_TAPCELL_ROW_17_1229,VSS,Metal1,556.0665,110.1805,0.000125
TAP_TAPCELL_ROW_17_1228,VSS,Metal1,516.8665,110.1805,0.000123
TAP_TAPCELL_ROW_17_1227,VSS,Metal1,477.6665,110.1805,0.000112
TAP_TAPCELL_ROW_17_1226,VSS,Metal1,438.4665,110.1805,0.000135
TAP_TAPCELL_ROW_17_1225,VSS,Metal1,399.2665,110.1805,0.000126
TAP_TAPCELL_ROW_17_1224,VSS,Metal1,360.0665,110.1805,0.000120
TAP_TAPCELL_ROW_17_1223,VSS,Metal1,320.8665,110.1805,0.000131
TAP_TAPCELL_ROW_17_1222,VSS,Metal1,281.6665,110.1805,0.000155
TAP_TAPCELL_ROW_17_1221,VSS,Metal1,242.4665,110.1805,0.000179
TAP_TAPCELL_ROW_17_1220,VSS,Metal1,203.2665,110.1805,0.000181
TAP_TAPCELL_ROW_17_1219,VSS,Metal1,164.0665,110.1805,0.000197
TAP_TAPCELL_ROW_17_1218,VSS,Metal1,124.8665,110.1805,0.000249
TAP_TAPCELL_ROW_17_1217,VSS,Metal1,85.6665,110.1805,0.000235
TAP_TAPCELL_ROW_17_1216,VSS,Metal1,46.4665,110.1805,0.000221
TAP_TAPCELL_ROW_16_1215,VSS,Metal1,1085.2665,101.4990,0.000187
TAP_TAPCELL_ROW_16_1214,VSS,Metal1,1046.0665,101.4990,0.000187
TAP_TAPCELL_ROW_16_1213,VSS,Metal1,1006.8665,101.4990,0.000110
TAP_TAPCELL_ROW_16_1212,VSS,Metal1,967.6665,101.4990,0.000105
TAP_TAPCELL_ROW_16_1211,VSS,Metal1,928.4665,101.4990,0.000110
TAP_TAPCELL_ROW_16_1210,VSS,Metal1,889.2665,101.4990,0.000123
TAP_TAPCELL_ROW_16_1209,VSS,Metal1,850.0665,101.4990,0.000119
TAP_TAPCELL_ROW_16_1208,VSS,Metal1,810.8665,101.4990,0.000113
TAP_TAPCELL_ROW_16_1207,VSS,Metal1,771.6665,101.4990,0.000126
TAP_TAPCELL_ROW_16_1206,VSS,Metal1,732.4665,101.4990,0.000127
TAP_TAPCELL_ROW_16_1205,VSS,Metal1,693.2665,101.4990,0.000128
TAP_TAPCELL_ROW_16_1204,VSS,Metal1,654.0665,101.4990,0.000122
TAP_TAPCELL_ROW_16_1203,VSS,Metal1,614.8665,101.4990,0.000134
TAP_TAPCELL_ROW_16_1202,VSS,Metal1,575.6665,101.4990,0.000139
TAP_TAPCELL_ROW_16_1201,VSS,Metal1,536.4665,101.4990,0.000144
TAP_TAPCELL_ROW_16_1200,VSS,Metal1,497.2665,101.4990,0.000132
TAP_TAPCELL_ROW_16_1199,VSS,Metal1,458.0665,101.4990,0.000132
TAP_TAPCELL_ROW_16_1198,VSS,Metal1,418.8665,101.4990,0.000138
TAP_TAPCELL_ROW_16_1197,VSS,Metal1,379.6665,101.4990,0.000146
TAP_TAPCELL_ROW_16_1196,VSS,Metal1,340.4665,101.4990,0.000149
TAP_TAPCELL_ROW_16_1195,VSS,Metal1,301.2665,101.4990,0.000165
TAP_TAPCELL_ROW_16_1194,VSS,Metal1,262.0665,101.4990,0.000195
TAP_TAPCELL_ROW_16_1193,VSS,Metal1,222.8665,101.4990,0.000219
TAP_TAPCELL_ROW_16_1192,VSS,Metal1,183.6665,101.4990,0.000217
TAP_TAPCELL_ROW_16_1191,VSS,Metal1,144.4665,101.4990,0.000287
TAP_TAPCELL_ROW_16_1190,VSS,Metal1,105.2665,101.4990,0.000533
TAP_TAPCELL_ROW_16_1189,VSS,Metal1,66.0665,101.4990,0.000514
TAP_TAPCELL_ROW_16_1188,VSS,Metal1,26.8665,101.4990,0.000406
TAP_TAPCELL_ROW_15_1187,VSS,Metal1,1065.6665,100.1005,0.000187
TAP_TAPCELL_ROW_15_1186,VSS,Metal1,1026.4665,100.1005,0.000179
TAP_TAPCELL_ROW_15_1185,VSS,Metal1,987.2665,100.1005,0.000107
TAP_TAPCELL_ROW_15_1184,VSS,Metal1,948.0665,100.1005,0.000102
TAP_TAPCELL_ROW_15_1183,VSS,Metal1,908.8665,100.1005,0.000119
TAP_TAPCELL_ROW_15_1182,VSS,Metal1,869.6665,100.1005,0.000120
TAP_TAPCELL_ROW_15_1181,VSS,Metal1,830.4665,100.1005,0.000117
TAP_TAPCELL_ROW_15_1180,VSS,Metal1,791.2665,100.1005,0.000111
TAP_TAPCELL_ROW_15_1179,VSS,Metal1,752.0665,100.1005,0.000127
TAP_TAPCELL_ROW_15_1178,VSS,Metal1,712.8665,100.1005,0.000128
TAP_TAPCELL_ROW_15_1177,VSS,Metal1,673.6665,100.1005,0.000128
TAP_TAPCELL_ROW_15_1176,VSS,Metal1,634.4665,100.1005,0.000119
TAP_TAPCELL_ROW_15_1175,VSS,Metal1,595.2665,100.1005,0.000138
TAP_TAPCELL_ROW_15_1174,VSS,Metal1,556.0665,100.1005,0.000142
TAP_TAPCELL_ROW_15_1173,VSS,Metal1,516.8665,100.1005,0.000142
TAP_TAPCELL_ROW_15_1172,VSS,Metal1,477.6665,100.1005,0.000129
TAP_TAPCELL_ROW_15_1171,VSS,Metal1,438.4665,100.1005,0.000134
TAP_TAPCELL_ROW_15_1170,VSS,Metal1,399.2665,100.1005,0.000139
TAP_TAPCELL_ROW_15_1169,VSS,Metal1,360.0665,100.1005,0.000148
TAP_TAPCELL_ROW_15_1168,VSS,Metal1,320.8665,100.1005,0.000159
TAP_TAPCELL_ROW_15_1167,VSS,Metal1,281.6665,100.1005,0.000178
TAP_TAPCELL_ROW_15_1166,VSS,Metal1,242.4665,100.1005,0.000205
TAP_TAPCELL_ROW_15_1165,VSS,Metal1,203.2665,100.1005,0.000226
TAP_TAPCELL_ROW_15_1164,VSS,Metal1,164.0665,100.1005,0.000241
TAP_TAPCELL_ROW_15_1163,VSS,Metal1,124.8665,100.1005,0.000337
TAP_TAPCELL_ROW_15_1162,VSS,Metal1,85.6665,100.1005,0.000520
TAP_TAPCELL_ROW_15_1161,VSS,Metal1,46.4665,100.1005,0.000508
TAP_TAPCELL_ROW_14_1160,VSS,Metal1,1085.2665,91.4190,0.000261
TAP_TAPCELL_ROW_14_1159,VSS,Metal1,1046.0665,91.4190,0.000261
TAP_TAPCELL_ROW_14_1158,VSS,Metal1,1006.8665,91.4190,0.000223
TAP_TAPCELL_ROW_14_1157,VSS,Metal1,967.6665,91.4190,0.000160
TAP_TAPCELL_ROW_14_1156,VSS,Metal1,928.4665,91.4190,0.000156
TAP_TAPCELL_ROW_14_1155,VSS,Metal1,889.2665,91.4190,0.000160
TAP_TAPCELL_ROW_14_1154,VSS,Metal1,850.0665,91.4190,0.000156
TAP_TAPCELL_ROW_14_1153,VSS,Metal1,810.8665,91.4190,0.000139
TAP_TAPCELL_ROW_14_1152,VSS,Metal1,771.6665,91.4190,0.000146
TAP_TAPCELL_ROW_14_1151,VSS,Metal1,732.4665,91.4190,0.000159
TAP_TAPCELL_ROW_14_1150,VSS,Metal1,693.2665,91.4190,0.000161
TAP_TAPCELL_ROW_14_1149,VSS,Metal1,654.0665,91.4190,0.000150
TAP_TAPCELL_ROW_14_1148,VSS,Metal1,614.8665,91.4190,0.000146
TAP_TAPCELL_ROW_14_1147,VSS,Metal1,575.6665,91.4190,0.000159
TAP_TAPCELL_ROW_14_1146,VSS,Metal1,536.4665,91.4190,0.000153
TAP_TAPCELL_ROW_14_1145,VSS,Metal1,497.2665,91.4190,0.000143
TAP_TAPCELL_ROW_14_1144,VSS,Metal1,458.0665,91.4190,0.000174
TAP_TAPCELL_ROW_14_1143,VSS,Metal1,418.8665,91.4190,0.000195
TAP_TAPCELL_ROW_14_1142,VSS,Metal1,379.6665,91.4190,0.000213
TAP_TAPCELL_ROW_14_1141,VSS,Metal1,340.4665,91.4190,0.000212
TAP_TAPCELL_ROW_14_1140,VSS,Metal1,301.2665,91.4190,0.000261
TAP_TAPCELL_ROW_14_1139,VSS,Metal1,262.0665,91.4190,0.000302
TAP_TAPCELL_ROW_14_1138,VSS,Metal1,222.8665,91.4190,0.000307
TAP_TAPCELL_ROW_14_1137,VSS,Metal1,183.6665,91.4190,0.000320
TAP_TAPCELL_ROW_14_1136,VSS,Metal1,144.4665,91.4190,0.000369
TAP_TAPCELL_ROW_14_1135,VSS,Metal1,105.2665,91.4190,0.000342
TAP_TAPCELL_ROW_14_1134,VSS,Metal1,66.0665,91.4190,0.000255
TAP_TAPCELL_ROW_14_1133,VSS,Metal1,26.8665,91.4190,0.000206
TAP_TAPCELL_ROW_13_1132,VSS,Metal1,1065.6665,90.0205,0.000261
TAP_TAPCELL_ROW_13_1131,VSS,Metal1,1026.4665,90.0205,0.000242
TAP_TAPCELL_ROW_13_1130,VSS,Metal1,987.2665,90.0205,0.000199
TAP_TAPCELL_ROW_13_1129,VSS,Metal1,948.0665,90.0205,0.000142
TAP_TAPCELL_ROW_13_1128,VSS,Metal1,908.8665,90.0205,0.000159
TAP_TAPCELL_ROW_13_1127,VSS,Metal1,869.6665,90.0205,0.000157
TAP_TAPCELL_ROW_13_1126,VSS,Metal1,830.4665,90.0205,0.000145
TAP_TAPCELL_ROW_13_1125,VSS,Metal1,791.2665,90.0205,0.000134
TAP_TAPCELL_ROW_13_1124,VSS,Metal1,752.0665,90.0205,0.000154
TAP_TAPCELL_ROW_13_1123,VSS,Metal1,712.8665,90.0205,0.000160
TAP_TAPCELL_ROW_13_1122,VSS,Metal1,673.6665,90.0205,0.000161
TAP_TAPCELL_ROW_13_1121,VSS,Metal1,634.4665,90.0205,0.000144
TAP_TAPCELL_ROW_13_1120,VSS,Metal1,595.2665,90.0205,0.000156
TAP_TAPCELL_ROW_13_1119,VSS,Metal1,556.0665,90.0205,0.000160
TAP_TAPCELL_ROW_13_1118,VSS,Metal1,516.8665,90.0205,0.000147
TAP_TAPCELL_ROW_13_1117,VSS,Metal1,477.6665,90.0205,0.000166
TAP_TAPCELL_ROW_13_1116,VSS,Metal1,438.4665,90.0205,0.000192
TAP_TAPCELL_ROW_13_1115,VSS,Metal1,399.2665,90.0205,0.000208
TAP_TAPCELL_ROW_13_1114,VSS,Metal1,360.0665,90.0205,0.000212
TAP_TAPCELL_ROW_13_1113,VSS,Metal1,320.8665,90.0205,0.000254
TAP_TAPCELL_ROW_13_1112,VSS,Metal1,281.6665,90.0205,0.000276
TAP_TAPCELL_ROW_13_1111,VSS,Metal1,242.4665,90.0205,0.000305
TAP_TAPCELL_ROW_13_1110,VSS,Metal1,203.2665,90.0205,0.000314
TAP_TAPCELL_ROW_13_1109,VSS,Metal1,164.0665,90.0205,0.000330
TAP_TAPCELL_ROW_13_1108,VSS,Metal1,124.8665,90.0205,0.000369
TAP_TAPCELL_ROW_13_1107,VSS,Metal1,85.6665,90.0205,0.000291
TAP_TAPCELL_ROW_13_1106,VSS,Metal1,46.4665,90.0205,0.000232
TAP_TAPCELL_ROW_12_1105,VSS,Metal1,1085.2665,81.3390,0.000202
TAP_TAPCELL_ROW_12_1104,VSS,Metal1,1046.0665,81.3390,0.000202
TAP_TAPCELL_ROW_12_1103,VSS,Metal1,1006.8665,81.3390,0.000189
TAP_TAPCELL_ROW_12_1102,VSS,Metal1,967.6665,81.3390,0.000168
TAP_TAPCELL_ROW_12_1101,VSS,Metal1,928.4665,81.3390,0.000187
TAP_TAPCELL_ROW_12_1100,VSS,Metal1,889.2665,81.3390,0.000213
TAP_TAPCELL_ROW_12_1099,VSS,Metal1,850.0665,81.3390,0.000216
TAP_TAPCELL_ROW_12_1098,VSS,Metal1,810.8665,81.3390,0.000199
TAP_TAPCELL_ROW_12_1097,VSS,Metal1,771.6665,81.3390,0.000210
TAP_TAPCELL_ROW_12_1096,VSS,Metal1,732.4665,81.3390,0.000255
TAP_TAPCELL_ROW_12_1095,VSS,Metal1,693.2665,81.3390,0.000305
TAP_TAPCELL_ROW_12_1094,VSS,Metal1,654.0665,81.3390,0.000297
TAP_TAPCELL_ROW_12_1093,VSS,Metal1,614.8665,81.3390,0.000278
TAP_TAPCELL_ROW_12_1092,VSS,Metal1,575.6665,81.3390,0.000283
TAP_TAPCELL_ROW_12_1091,VSS,Metal1,536.4665,81.3390,0.000284
TAP_TAPCELL_ROW_12_1090,VSS,Metal1,497.2665,81.3390,0.000273
TAP_TAPCELL_ROW_12_1089,VSS,Metal1,458.0665,81.3390,0.000306
TAP_TAPCELL_ROW_12_1088,VSS,Metal1,418.8665,81.3390,0.000335
TAP_TAPCELL_ROW_12_1087,VSS,Metal1,379.6665,81.3390,0.000332
TAP_TAPCELL_ROW_12_1086,VSS,Metal1,340.4665,81.3390,0.000292
TAP_TAPCELL_ROW_12_1085,VSS,Metal1,301.2665,81.3390,0.000284
TAP_TAPCELL_ROW_12_1084,VSS,Metal1,262.0665,81.3390,0.000271
TAP_TAPCELL_ROW_12_1083,VSS,Metal1,222.8665,81.3390,0.000248
TAP_TAPCELL_ROW_12_1082,VSS,Metal1,183.6665,81.3390,0.000191
TAP_TAPCELL_ROW_12_1081,VSS,Metal1,144.4665,81.3390,0.000211
TAP_TAPCELL_ROW_12_1080,VSS,Metal1,105.2665,81.3390,0.000247
TAP_TAPCELL_ROW_12_1079,VSS,Metal1,66.0665,81.3390,0.000227
TAP_TAPCELL_ROW_12_1078,VSS,Metal1,26.8665,81.3390,0.000180
TAP_TAPCELL_ROW_11_1077,VSS,Metal1,1065.6665,79.9405,0.000202
TAP_TAPCELL_ROW_11_1076,VSS,Metal1,1026.4665,79.9405,0.000194
TAP_TAPCELL_ROW_11_1075,VSS,Metal1,987.2665,79.9405,0.000183
TAP_TAPCELL_ROW_11_1074,VSS,Metal1,948.0665,79.9405,0.000155
TAP_TAPCELL_ROW_11_1073,VSS,Metal1,908.8665,79.9405,0.000201
TAP_TAPCELL_ROW_11_1072,VSS,Metal1,869.6665,79.9405,0.000215
TAP_TAPCELL_ROW_11_1071,VSS,Metal1,830.4665,79.9405,0.000209
TAP_TAPCELL_ROW_11_1070,VSS,Metal1,791.2665,79.9405,0.000186
TAP_TAPCELL_ROW_11_1069,VSS,Metal1,752.0665,79.9405,0.000224
TAP_TAPCELL_ROW_11_1068,VSS,Metal1,712.8665,79.9405,0.000292
TAP_TAPCELL_ROW_11_1067,VSS,Metal1,673.6665,79.9405,0.000322
TAP_TAPCELL_ROW_11_1066,VSS,Metal1,634.4665,79.9405,0.000267
TAP_TAPCELL_ROW_11_1065,VSS,Metal1,595.2665,79.9405,0.000282
TAP_TAPCELL_ROW_11_1064,VSS,Metal1,556.0665,79.9405,0.000285
TAP_TAPCELL_ROW_11_1063,VSS,Metal1,516.8665,79.9405,0.000281
TAP_TAPCELL_ROW_11_1062,VSS,Metal1,477.6665,79.9405,0.000284
TAP_TAPCELL_ROW_11_1061,VSS,Metal1,438.4665,79.9405,0.000314
TAP_TAPCELL_ROW_11_1060,VSS,Metal1,399.2665,79.9405,0.000343
TAP_TAPCELL_ROW_11_1059,VSS,Metal1,360.0665,79.9405,0.000304
TAP_TAPCELL_ROW_11_1058,VSS,Metal1,320.8665,79.9405,0.000293
TAP_TAPCELL_ROW_11_1057,VSS,Metal1,281.6665,79.9405,0.000276
TAP_TAPCELL_ROW_11_1056,VSS,Metal1,242.4665,79.9405,0.000265
TAP_TAPCELL_ROW_11_1055,VSS,Metal1,203.2665,79.9405,0.000225
TAP_TAPCELL_ROW_11_1054,VSS,Metal1,164.0665,79.9405,0.000189
TAP_TAPCELL_ROW_11_1053,VSS,Metal1,124.8665,79.9405,0.000240
TAP_TAPCELL_ROW_11_1052,VSS,Metal1,85.6665,79.9405,0.000233
TAP_TAPCELL_ROW_11_1051,VSS,Metal1,46.4665,79.9405,0.000204
TAP_TAPCELL_ROW_10_1050,VSS,Metal1,1085.2665,71.2590,0.000629
TAP_TAPCELL_ROW_10_1049,VSS,Metal1,1046.0665,71.2590,0.000629
TAP_TAPCELL_ROW_10_1048,VSS,Metal1,1006.8665,71.2590,0.000613
TAP_TAPCELL_ROW_10_1047,VSS,Metal1,967.6665,71.2590,0.000562
TAP_TAPCELL_ROW_10_1046,VSS,Metal1,928.4665,71.2590,0.000474
TAP_TAPCELL_ROW_10_1045,VSS,Metal1,889.2665,71.2590,0.000480
TAP_TAPCELL_ROW_10_1044,VSS,Metal1,850.0665,71.2590,0.000386
TAP_TAPCELL_ROW_10_1043,VSS,Metal1,810.8665,71.2590,0.000296
TAP_TAPCELL_ROW_10_1042,VSS,Metal1,771.6665,71.2590,0.000262
TAP_TAPCELL_ROW_10_1041,VSS,Metal1,732.4665,71.2590,0.000262
TAP_TAPCELL_ROW_10_1040,VSS,Metal1,693.2665,71.2590,0.000225
TAP_TAPCELL_ROW_10_1039,VSS,Metal1,654.0665,71.2590,0.000201
TAP_TAPCELL_ROW_10_1038,VSS,Metal1,614.8665,71.2590,0.000183
TAP_TAPCELL_ROW_10_1037,VSS,Metal1,575.6665,71.2590,0.000188
TAP_TAPCELL_ROW_10_1036,VSS,Metal1,536.4665,71.2590,0.000171
TAP_TAPCELL_ROW_10_1035,VSS,Metal1,497.2665,71.2590,0.000137
TAP_TAPCELL_ROW_10_1034,VSS,Metal1,458.0665,71.2590,0.000139
TAP_TAPCELL_ROW_10_1033,VSS,Metal1,418.8665,71.2590,0.000154
TAP_TAPCELL_ROW_10_1032,VSS,Metal1,379.6665,71.2590,0.000158
TAP_TAPCELL_ROW_10_1031,VSS,Metal1,340.4665,71.2590,0.000133
TAP_TAPCELL_ROW_10_1030,VSS,Metal1,301.2665,71.2590,0.000167
TAP_TAPCELL_ROW_10_1029,VSS,Metal1,262.0665,71.2590,0.000209
TAP_TAPCELL_ROW_10_1028,VSS,Metal1,222.8665,71.2590,0.000218
TAP_TAPCELL_ROW_10_1027,VSS,Metal1,183.6665,71.2590,0.000215
TAP_TAPCELL_ROW_10_1026,VSS,Metal1,144.4665,71.2590,0.000269
TAP_TAPCELL_ROW_10_1025,VSS,Metal1,105.2665,71.2590,0.000292
TAP_TAPCELL_ROW_10_1024,VSS,Metal1,66.0665,71.2590,0.000269
TAP_TAPCELL_ROW_10_1023,VSS,Metal1,26.8665,71.2590,0.000173
TAP_TAPCELL_ROW_9_1022,VSS,Metal1,1065.6665,69.8605,0.000629
TAP_TAPCELL_ROW_9_1021,VSS,Metal1,1026.4665,69.8605,0.000629
TAP_TAPCELL_ROW_9_1020,VSS,Metal1,987.2665,69.8605,0.000609
TAP_TAPCELL_ROW_9_1019,VSS,Metal1,948.0665,69.8605,0.000464
TAP_TAPCELL_ROW_9_1018,VSS,Metal1,908.8665,69.8605,0.000478
TAP_TAPCELL_ROW_9_1017,VSS,Metal1,869.6665,69.8605,0.000417
TAP_TAPCELL_ROW_9_1016,VSS,Metal1,830.4665,69.8605,0.000320
TAP_TAPCELL_ROW_9_1015,VSS,Metal1,791.2665,69.8605,0.000261
TAP_TAPCELL_ROW_9_1014,VSS,Metal1,752.0665,69.8605,0.000264
TAP_TAPCELL_ROW_9_1013,VSS,Metal1,712.8665,69.8605,0.000256
TAP_TAPCELL_ROW_9_1012,VSS,Metal1,673.6665,69.8605,0.000220
TAP_TAPCELL_ROW_9_1011,VSS,Metal1,634.4665,69.8605,0.000178
TAP_TAPCELL_ROW_9_1010,VSS,Metal1,595.2665,69.8605,0.000189
TAP_TAPCELL_ROW_9_1009,VSS,Metal1,556.0665,69.8605,0.000184
TAP_TAPCELL_ROW_9_1008,VSS,Metal1,516.8665,69.8605,0.000150
TAP_TAPCELL_ROW_9_1007,VSS,Metal1,477.6665,69.8605,0.000131
TAP_TAPCELL_ROW_9_1006,VSS,Metal1,438.4665,69.8605,0.000146
TAP_TAPCELL_ROW_9_1005,VSS,Metal1,399.2665,69.8605,0.000158
TAP_TAPCELL_ROW_9_1004,VSS,Metal1,360.0665,69.8605,0.000157
TAP_TAPCELL_ROW_9_1003,VSS,Metal1,320.8665,69.8605,0.000144
TAP_TAPCELL_ROW_9_1002,VSS,Metal1,281.6665,69.8605,0.000205
TAP_TAPCELL_ROW_9_1001,VSS,Metal1,242.4665,69.8605,0.000212
TAP_TAPCELL_ROW_9_1000,VSS,Metal1,203.2665,69.8605,0.000216
TAP_TAPCELL_ROW_9_999,VSS,Metal1,164.0665,69.8605,0.000225
TAP_TAPCELL_ROW_9_998,VSS,Metal1,124.8665,69.8605,0.000286
TAP_TAPCELL_ROW_9_997,VSS,Metal1,85.6665,69.8605,0.000286
TAP_TAPCELL_ROW_9_996,VSS,Metal1,46.4665,69.8605,0.000266
TAP_TAPCELL_ROW_8_995,VSS,Metal1,1085.2665,61.1790,0.000153
TAP_TAPCELL_ROW_8_994,VSS,Metal1,1046.0665,61.1790,0.000153
TAP_TAPCELL_ROW_8_993,VSS,Metal1,1006.8665,61.1790,0.000150
TAP_TAPCELL_ROW_8_992,VSS,Metal1,967.6665,61.1790,0.000140
TAP_TAPCELL_ROW_8_991,VSS,Metal1,928.4665,61.1790,0.000138
TAP_TAPCELL_ROW_8_990,VSS,Metal1,889.2665,61.1790,0.000194
TAP_TAPCELL_ROW_8_989,VSS,Metal1,850.0665,61.1790,0.000235
TAP_TAPCELL_ROW_8_988,VSS,Metal1,810.8665,61.1790,0.000262
TAP_TAPCELL_ROW_8_987,VSS,Metal1,771.6665,61.1790,0.000319
TAP_TAPCELL_ROW_8_986,VSS,Metal1,732.4665,61.1790,0.000335
TAP_TAPCELL_ROW_8_985,VSS,Metal1,693.2665,61.1790,0.000327
TAP_TAPCELL_ROW_8_984,VSS,Metal1,654.0665,61.1790,0.000312
TAP_TAPCELL_ROW_8_983,VSS,Metal1,614.8665,61.1790,0.000346
TAP_TAPCELL_ROW_8_982,VSS,Metal1,575.6665,61.1790,0.000348
TAP_TAPCELL_ROW_8_981,VSS,Metal1,536.4665,61.1790,0.000329
TAP_TAPCELL_ROW_8_980,VSS,Metal1,497.2665,61.1790,0.000256
TAP_TAPCELL_ROW_8_979,VSS,Metal1,458.0665,61.1790,0.000241
TAP_TAPCELL_ROW_8_978,VSS,Metal1,418.8665,61.1790,0.000237
TAP_TAPCELL_ROW_8_977,VSS,Metal1,379.6665,61.1790,0.000207
TAP_TAPCELL_ROW_8_976,VSS,Metal1,340.4665,61.1790,0.000165
TAP_TAPCELL_ROW_8_975,VSS,Metal1,301.2665,61.1790,0.000203
TAP_TAPCELL_ROW_8_974,VSS,Metal1,262.0665,61.1790,0.000226
TAP_TAPCELL_ROW_8_973,VSS,Metal1,222.8665,61.1790,0.000249
TAP_TAPCELL_ROW_8_972,VSS,Metal1,183.6665,61.1790,0.000252
TAP_TAPCELL_ROW_8_971,VSS,Metal1,144.4665,61.1790,0.000280
TAP_TAPCELL_ROW_8_970,VSS,Metal1,105.2665,61.1790,0.000326
TAP_TAPCELL_ROW_8_969,VSS,Metal1,66.0665,61.1790,0.000274
TAP_TAPCELL_ROW_8_968,VSS,Metal1,26.8665,61.1790,0.000168
TAP_TAPCELL_ROW_7_967,VSS,Metal1,1065.6665,59.7805,0.000153
TAP_TAPCELL_ROW_7_966,VSS,Metal1,1026.4665,59.7805,0.000151
TAP_TAPCELL_ROW_7_965,VSS,Metal1,987.2665,59.7805,0.000145
TAP_TAPCELL_ROW_7_964,VSS,Metal1,948.0665,59.7805,0.000123
TAP_TAPCELL_ROW_7_963,VSS,Metal1,908.8665,59.7805,0.000183
TAP_TAPCELL_ROW_7_962,VSS,Metal1,869.6665,59.7805,0.000206
TAP_TAPCELL_ROW_7_961,VSS,Metal1,830.4665,59.7805,0.000262
TAP_TAPCELL_ROW_7_960,VSS,Metal1,791.2665,59.7805,0.000268
TAP_TAPCELL_ROW_7_959,VSS,Metal1,752.0665,59.7805,0.000336
TAP_TAPCELL_ROW_7_958,VSS,Metal1,712.8665,59.7805,0.000334
TAP_TAPCELL_ROW_7_957,VSS,Metal1,673.6665,59.7805,0.000324
TAP_TAPCELL_ROW_7_956,VSS,Metal1,634.4665,59.7805,0.000327
TAP_TAPCELL_ROW_7_955,VSS,Metal1,595.2665,59.7805,0.000348
TAP_TAPCELL_ROW_7_954,VSS,Metal1,556.0665,59.7805,0.000344
TAP_TAPCELL_ROW_7_953,VSS,Metal1,516.8665,59.7805,0.000317
TAP_TAPCELL_ROW_7_952,VSS,Metal1,477.6665,59.7805,0.000250
TAP_TAPCELL_ROW_7_951,VSS,Metal1,438.4665,59.7805,0.000239
TAP_TAPCELL_ROW_7_950,VSS,Metal1,399.2665,59.7805,0.000230
TAP_TAPCELL_ROW_7_949,VSS,Metal1,360.0665,59.7805,0.000192
TAP_TAPCELL_ROW_7_948,VSS,Metal1,320.8665,59.7805,0.000195
TAP_TAPCELL_ROW_7_947,VSS,Metal1,281.6665,59.7805,0.000226
TAP_TAPCELL_ROW_7_946,VSS,Metal1,242.4665,59.7805,0.000246
TAP_TAPCELL_ROW_7_945,VSS,Metal1,203.2665,59.7805,0.000254
TAP_TAPCELL_ROW_7_944,VSS,Metal1,164.0665,59.7805,0.000253
TAP_TAPCELL_ROW_7_943,VSS,Metal1,124.8665,59.7805,0.000326
TAP_TAPCELL_ROW_7_942,VSS,Metal1,85.6665,59.7805,0.000321
TAP_TAPCELL_ROW_7_941,VSS,Metal1,46.4665,59.7805,0.000273
TAP_TAPCELL_ROW_6_940,VSS,Metal1,1085.2665,51.0990,0.000083
TAP_TAPCELL_ROW_6_939,VSS,Metal1,1046.0665,51.0990,0.000083
TAP_TAPCELL_ROW_6_938,VSS,Metal1,1006.8665,51.0990,0.000078
TAP_TAPCELL_ROW_6_937,VSS,Metal1,967.6665,51.0990,0.000049
TAP_TAPCELL_ROW_6_936,VSS,Metal1,928.4665,51.0990,0.000035
TAP_TAPCELL_ROW_6_935,VSS,Metal1,889.2665,51.0990,0.000035
TAP_TAPCELL_ROW_6_934,VSS,Metal1,850.0665,51.0990,0.000034
TAP_TAPCELL_ROW_6_933,VSS,Metal1,810.8665,51.0990,0.000029
TAP_TAPCELL_ROW_6_932,VSS,Metal1,771.6665,51.0990,0.000033
TAP_TAPCELL_ROW_6_931,VSS,Metal1,732.4665,51.0990,0.000042
TAP_TAPCELL_ROW_6_930,VSS,Metal1,693.2665,51.0990,0.000046
TAP_TAPCELL_ROW_6_929,VSS,Metal1,654.0665,51.0990,0.000049
TAP_TAPCELL_ROW_6_928,VSS,Metal1,614.8665,51.0990,0.000055
TAP_TAPCELL_ROW_6_927,VSS,Metal1,575.6665,51.0990,0.000061
TAP_TAPCELL_ROW_6_926,VSS,Metal1,536.4665,51.0990,0.000066
TAP_TAPCELL_ROW_6_925,VSS,Metal1,497.2665,51.0990,0.000068
TAP_TAPCELL_ROW_6_924,VSS,Metal1,458.0665,51.0990,0.000082
TAP_TAPCELL_ROW_6_923,VSS,Metal1,418.8665,51.0990,0.000097
TAP_TAPCELL_ROW_6_922,VSS,Metal1,379.6665,51.0990,0.000129
TAP_TAPCELL_ROW_6_921,VSS,Metal1,340.4665,51.0990,0.000149
TAP_TAPCELL_ROW_6_920,VSS,Metal1,301.2665,51.0990,0.000188
TAP_TAPCELL_ROW_6_919,VSS,Metal1,262.0665,51.0990,0.000235
TAP_TAPCELL_ROW_6_918,VSS,Metal1,222.8665,51.0990,0.000273
TAP_TAPCELL_ROW_6_917,VSS,Metal1,183.6665,51.0990,0.000231
TAP_TAPCELL_ROW_6_916,VSS,Metal1,144.4665,51.0990,0.000232
TAP_TAPCELL_ROW_6_915,VSS,Metal1,105.2665,51.0990,0.000183
TAP_TAPCELL_ROW_6_914,VSS,Metal1,66.0665,51.0990,0.000118
TAP_TAPCELL_ROW_6_913,VSS,Metal1,26.8665,51.0990,0.000052
TAP_TAPCELL_ROW_5_912,VSS,Metal1,1065.6665,49.7005,0.000083
TAP_TAPCELL_ROW_5_911,VSS,Metal1,1026.4665,49.7005,0.000082
TAP_TAPCELL_ROW_5_910,VSS,Metal1,987.2665,49.7005,0.000059
TAP_TAPCELL_ROW_5_909,VSS,Metal1,948.0665,49.7005,0.000035
TAP_TAPCELL_ROW_5_908,VSS,Metal1,908.8665,49.7005,0.000035
TAP_TAPCELL_ROW_5_907,VSS,Metal1,869.6665,49.7005,0.000034
TAP_TAPCELL_ROW_5_906,VSS,Metal1,830.4665,49.7005,0.000033
TAP_TAPCELL_ROW_5_905,VSS,Metal1,791.2665,49.7005,0.000028
TAP_TAPCELL_ROW_5_904,VSS,Metal1,752.0665,49.7005,0.000040
TAP_TAPCELL_ROW_5_903,VSS,Metal1,712.8665,49.7005,0.000045
TAP_TAPCELL_ROW_5_902,VSS,Metal1,673.6665,49.7005,0.000047
TAP_TAPCELL_ROW_5_901,VSS,Metal1,634.4665,49.7005,0.000049
TAP_TAPCELL_ROW_5_900,VSS,Metal1,595.2665,49.7005,0.000060
TAP_TAPCELL_ROW_5_899,VSS,Metal1,556.0665,49.7005,0.000063
TAP_TAPCELL_ROW_5_898,VSS,Metal1,516.8665,49.7005,0.000067
TAP_TAPCELL_ROW_5_897,VSS,Metal1,477.6665,49.7005,0.000072
TAP_TAPCELL_ROW_5_896,VSS,Metal1,438.4665,49.7005,0.000090
TAP_TAPCELL_ROW_5_895,VSS,Metal1,399.2665,49.7005,0.000120
TAP_TAPCELL_ROW_5_894,VSS,Metal1,360.0665,49.7005,0.000142
TAP_TAPCELL_ROW_5_893,VSS,Metal1,320.8665,49.7005,0.000158
TAP_TAPCELL_ROW_5_892,VSS,Metal1,281.6665,49.7005,0.000224
TAP_TAPCELL_ROW_5_891,VSS,Metal1,242.4665,49.7005,0.000271
TAP_TAPCELL_ROW_5_890,VSS,Metal1,203.2665,49.7005,0.000233
TAP_TAPCELL_ROW_5_889,VSS,Metal1,164.0665,49.7005,0.000232
TAP_TAPCELL_ROW_5_888,VSS,Metal1,124.8665,49.7005,0.000206
TAP_TAPCELL_ROW_5_887,VSS,Metal1,85.6665,49.7005,0.000151
TAP_TAPCELL_ROW_5_886,VSS,Metal1,46.4665,49.7005,0.000085
TAP_TAPCELL_ROW_4_885,VSS,Metal1,1085.2665,41.0190,0.000281
TAP_TAPCELL_ROW_4_884,VSS,Metal1,1046.0665,41.0190,0.000281
TAP_TAPCELL_ROW_4_883,VSS,Metal1,1006.8665,41.0190,0.000269
TAP_TAPCELL_ROW_4_882,VSS,Metal1,967.6665,41.0190,0.000241
TAP_TAPCELL_ROW_4_881,VSS,Metal1,928.4665,41.0190,0.000235
TAP_TAPCELL_ROW_4_880,VSS,Metal1,889.2665,41.0190,0.000253
TAP_TAPCELL_ROW_4_879,VSS,Metal1,850.0665,41.0190,0.000251
TAP_TAPCELL_ROW_4_878,VSS,Metal1,810.8665,41.0190,0.000234
TAP_TAPCELL_ROW_4_877,VSS,Metal1,771.6665,41.0190,0.000244
TAP_TAPCELL_ROW_4_876,VSS,Metal1,732.4665,41.0190,0.000254
TAP_TAPCELL_ROW_4_875,VSS,Metal1,693.2665,41.0190,0.000251
TAP_TAPCELL_ROW_4_874,VSS,Metal1,654.0665,41.0190,0.000233
TAP_TAPCELL_ROW_4_873,VSS,Metal1,614.8665,41.0190,0.000242
TAP_TAPCELL_ROW_4_872,VSS,Metal1,575.6665,41.0190,0.000254
TAP_TAPCELL_ROW_4_871,VSS,Metal1,536.4665,41.0190,0.000258
TAP_TAPCELL_ROW_4_870,VSS,Metal1,497.2665,41.0190,0.000238
TAP_TAPCELL_ROW_4_869,VSS,Metal1,458.0665,41.0190,0.000232
TAP_TAPCELL_ROW_4_868,VSS,Metal1,418.8665,41.0190,0.000230
TAP_TAPCELL_ROW_4_867,VSS,Metal1,379.6665,41.0190,0.000198
TAP_TAPCELL_ROW_4_866,VSS,Metal1,340.4665,41.0190,0.000178
TAP_TAPCELL_ROW_4_865,VSS,Metal1,301.2665,41.0190,0.000179
TAP_TAPCELL_ROW_4_864,VSS,Metal1,262.0665,41.0190,0.000182
TAP_TAPCELL_ROW_4_863,VSS,Metal1,222.8665,41.0190,0.000170
TAP_TAPCELL_ROW_4_862,VSS,Metal1,183.6665,41.0190,0.000146
TAP_TAPCELL_ROW_4_861,VSS,Metal1,144.4665,41.0190,0.000138
TAP_TAPCELL_ROW_4_860,VSS,Metal1,105.2665,41.0190,0.000102
TAP_TAPCELL_ROW_4_859,VSS,Metal1,66.0665,41.0190,0.000065
TAP_TAPCELL_ROW_4_858,VSS,Metal1,26.8665,41.0190,0.000029
TAP_TAPCELL_ROW_3_857,VSS,Metal1,1065.6665,39.6205,0.000281
TAP_TAPCELL_ROW_3_856,VSS,Metal1,1026.4665,39.6205,0.000281
TAP_TAPCELL_ROW_3_855,VSS,Metal1,987.2665,39.6205,0.000260
TAP_TAPCELL_ROW_3_854,VSS,Metal1,948.0665,39.6205,0.000223
TAP_TAPCELL_ROW_3_853,VSS,Metal1,908.8665,39.6205,0.000244
TAP_TAPCELL_ROW_3_852,VSS,Metal1,869.6665,39.6205,0.000254
TAP_TAPCELL_ROW_3_851,VSS,Metal1,830.4665,39.6205,0.000242
TAP_TAPCELL_ROW_3_850,VSS,Metal1,791.2665,39.6205,0.000215
TAP_TAPCELL_ROW_3_849,VSS,Metal1,752.0665,39.6205,0.000249
TAP_TAPCELL_ROW_3_848,VSS,Metal1,712.8665,39.6205,0.000256
TAP_TAPCELL_ROW_3_847,VSS,Metal1,673.6665,39.6205,0.000248
TAP_TAPCELL_ROW_3_846,VSS,Metal1,634.4665,39.6205,0.000221
TAP_TAPCELL_ROW_3_845,VSS,Metal1,595.2665,39.6205,0.000245
TAP_TAPCELL_ROW_3_844,VSS,Metal1,556.0665,39.6205,0.000258
TAP_TAPCELL_ROW_3_843,VSS,Metal1,516.8665,39.6205,0.000248
TAP_TAPCELL_ROW_3_842,VSS,Metal1,477.6665,39.6205,0.000227
TAP_TAPCELL_ROW_3_841,VSS,Metal1,438.4665,39.6205,0.000236
TAP_TAPCELL_ROW_3_840,VSS,Metal1,399.2665,39.6205,0.000220
TAP_TAPCELL_ROW_3_839,VSS,Metal1,360.0665,39.6205,0.000183
TAP_TAPCELL_ROW_3_838,VSS,Metal1,320.8665,39.6205,0.000170
TAP_TAPCELL_ROW_3_837,VSS,Metal1,281.6665,39.6205,0.000183
TAP_TAPCELL_ROW_3_836,VSS,Metal1,242.4665,39.6205,0.000174
TAP_TAPCELL_ROW_3_835,VSS,Metal1,203.2665,39.6205,0.000156
TAP_TAPCELL_ROW_3_834,VSS,Metal1,164.0665,39.6205,0.000147
TAP_TAPCELL_ROW_3_833,VSS,Metal1,124.8665,39.6205,0.000120
TAP_TAPCELL_ROW_3_832,VSS,Metal1,85.6665,39.6205,0.000084
TAP_TAPCELL_ROW_3_831,VSS,Metal1,46.4665,39.6205,0.000047
TAP_TAPCELL_ROW_2_830,VSS,Metal1,1085.2665,30.9390,0.000266
TAP_TAPCELL_ROW_2_829,VSS,Metal1,1046.0665,30.9390,0.000266
TAP_TAPCELL_ROW_2_828,VSS,Metal1,1006.8665,30.9390,0.000266
TAP_TAPCELL_ROW_2_827,VSS,Metal1,967.6665,30.9390,0.000243
TAP_TAPCELL_ROW_2_826,VSS,Metal1,928.4665,30.9390,0.000244
TAP_TAPCELL_ROW_2_825,VSS,Metal1,889.2665,30.9390,0.000282
TAP_TAPCELL_ROW_2_824,VSS,Metal1,850.0665,30.9390,0.000284
TAP_TAPCELL_ROW_2_823,VSS,Metal1,810.8665,30.9390,0.000255
TAP_TAPCELL_ROW_2_822,VSS,Metal1,771.6665,30.9390,0.000279
TAP_TAPCELL_ROW_2_821,VSS,Metal1,732.4665,30.9390,0.000303
TAP_TAPCELL_ROW_2_820,VSS,Metal1,693.2665,30.9390,0.000303
TAP_TAPCELL_ROW_2_819,VSS,Metal1,654.0665,30.9390,0.000272
TAP_TAPCELL_ROW_2_818,VSS,Metal1,614.8665,30.9390,0.000282
TAP_TAPCELL_ROW_2_817,VSS,Metal1,575.6665,30.9390,0.000302
TAP_TAPCELL_ROW_2_816,VSS,Metal1,536.4665,30.9390,0.000293
TAP_TAPCELL_ROW_2_815,VSS,Metal1,497.2665,30.9390,0.000261
TAP_TAPCELL_ROW_2_814,VSS,Metal1,458.0665,30.9390,0.000261
TAP_TAPCELL_ROW_2_813,VSS,Metal1,418.8665,30.9390,0.000283
TAP_TAPCELL_ROW_2_812,VSS,Metal1,379.6665,30.9390,0.000277
TAP_TAPCELL_ROW_2_811,VSS,Metal1,340.4665,30.9390,0.000221
TAP_TAPCELL_ROW_2_810,VSS,Metal1,301.2665,30.9390,0.000239
TAP_TAPCELL_ROW_2_809,VSS,Metal1,262.0665,30.9390,0.000242
TAP_TAPCELL_ROW_2_808,VSS,Metal1,222.8665,30.9390,0.000218
TAP_TAPCELL_ROW_2_807,VSS,Metal1,183.6665,30.9390,0.000122
TAP_TAPCELL_ROW_2_806,VSS,Metal1,144.4665,30.9390,0.000087
TAP_TAPCELL_ROW_2_805,VSS,Metal1,105.2665,30.9390,0.000064
TAP_TAPCELL_ROW_2_804,VSS,Metal1,66.0665,30.9390,0.000041
TAP_TAPCELL_ROW_2_803,VSS,Metal1,26.8665,30.9390,0.000018
TAP_TAPCELL_ROW_1_802,VSS,Metal1,1065.6665,29.5405,0.000266
TAP_TAPCELL_ROW_1_801,VSS,Metal1,1026.4665,29.5405,0.000266
TAP_TAPCELL_ROW_1_800,VSS,Metal1,987.2665,29.5405,0.000260
TAP_TAPCELL_ROW_1_799,VSS,Metal1,948.0665,29.5405,0.000230
TAP_TAPCELL_ROW_1_798,VSS,Metal1,908.8665,29.5405,0.000275
TAP_TAPCELL_ROW_1_797,VSS,Metal1,869.6665,29.5405,0.000286
TAP_TAPCELL_ROW_1_796,VSS,Metal1,830.4665,29.5405,0.000284
TAP_TAPCELL_ROW_1_795,VSS,Metal1,791.2665,29.5405,0.000253
TAP_TAPCELL_ROW_1_794,VSS,Metal1,752.0665,29.5405,0.000292
TAP_TAPCELL_ROW_1_793,VSS,Metal1,712.8665,29.5405,0.000307
TAP_TAPCELL_ROW_1_792,VSS,Metal1,673.6665,29.5405,0.000302
TAP_TAPCELL_ROW_1_791,VSS,Metal1,634.4665,29.5405,0.000275
TAP_TAPCELL_ROW_1_790,VSS,Metal1,595.2665,29.5405,0.000298
TAP_TAPCELL_ROW_1_789,VSS,Metal1,556.0665,29.5405,0.000302
TAP_TAPCELL_ROW_1_788,VSS,Metal1,516.8665,29.5405,0.000280
TAP_TAPCELL_ROW_1_787,VSS,Metal1,477.6665,29.5405,0.000239
TAP_TAPCELL_ROW_1_786,VSS,Metal1,438.4665,29.5405,0.000275
TAP_TAPCELL_ROW_1_785,VSS,Metal1,399.2665,29.5405,0.000280
TAP_TAPCELL_ROW_1_784,VSS,Metal1,360.0665,29.5405,0.000239
TAP_TAPCELL_ROW_1_783,VSS,Metal1,320.8665,29.5405,0.000237
TAP_TAPCELL_ROW_1_782,VSS,Metal1,281.6665,29.5405,0.000243
TAP_TAPCELL_ROW_1_781,VSS,Metal1,242.4665,29.5405,0.000239
TAP_TAPCELL_ROW_1_780,VSS,Metal1,203.2665,29.5405,0.000202
TAP_TAPCELL_ROW_1_779,VSS,Metal1,164.0665,29.5405,0.000099
TAP_TAPCELL_ROW_1_778,VSS,Metal1,124.8665,29.5405,0.000076
TAP_TAPCELL_ROW_1_777,VSS,Metal1,85.6665,29.5405,0.000053
TAP_TAPCELL_ROW_1_776,VSS,Metal1,46.4665,29.5405,0.000030
TAP_TAPCELL_ROW_0_775,VSS,Metal1,1073.5065,20.8590,0.000014
TAP_TAPCELL_ROW_0_774,VSS,Metal1,1054.4665,20.8590,0.000014
TAP_TAPCELL_ROW_0_773,VSS,Metal1,1035.4265,20.8590,0.000014
TAP_TAPCELL_ROW_0_772,VSS,Metal1,1016.3865,20.8590,0.000013
TAP_TAPCELL_ROW_0_771,VSS,Metal1,997.3465,20.8590,0.000011
TAP_TAPCELL_ROW_0_770,VSS,Metal1,978.3065,20.8590,0.000009
TAP_TAPCELL_ROW_0_769,VSS,Metal1,959.2665,20.8590,0.000008
TAP_TAPCELL_ROW_0_768,VSS,Metal1,940.2265,20.8590,0.000008
TAP_TAPCELL_ROW_0_767,VSS,Metal1,921.1865,20.8590,0.000009
TAP_TAPCELL_ROW_0_766,VSS,Metal1,902.1465,20.8590,0.000010
TAP_TAPCELL_ROW_0_765,VSS,Metal1,883.1065,20.8590,0.000011
TAP_TAPCELL_ROW_0_764,VSS,Metal1,864.0665,20.8590,0.000012
TAP_TAPCELL_ROW_0_763,VSS,Metal1,845.0265,20.8590,0.000013
TAP_TAPCELL_ROW_0_762,VSS,Metal1,825.9865,20.8590,0.000012
TAP_TAPCELL_ROW_0_761,VSS,Metal1,806.9465,20.8590,0.000010
TAP_TAPCELL_ROW_0_760,VSS,Metal1,787.9065,20.8590,0.000009
TAP_TAPCELL_ROW_0_759,VSS,Metal1,768.8665,20.8590,0.000011
TAP_TAPCELL_ROW_0_758,VSS,Metal1,749.8265,20.8590,0.000011
TAP_TAPCELL_ROW_0_757,VSS,Metal1,730.7865,20.8590,0.000010
TAP_TAPCELL_ROW_0_756,VSS,Metal1,711.7465,20.8590,0.000010
TAP_TAPCELL_ROW_0_755,VSS,Metal1,692.7065,20.8590,0.000010
TAP_TAPCELL_ROW_0_754,VSS,Metal1,673.6665,20.8590,0.000009
TAP_TAPCELL_ROW_0_753,VSS,Metal1,654.6265,20.8590,0.000008
TAP_TAPCELL_ROW_0_752,VSS,Metal1,635.5865,20.8590,0.000008
TAP_TAPCELL_ROW_0_751,VSS,Metal1,616.5465,20.8590,0.000011
TAP_TAPCELL_ROW_0_750,VSS,Metal1,597.5065,20.8590,0.000012
TAP_TAPCELL_ROW_0_749,VSS,Metal1,578.4665,20.8590,0.000012
TAP_TAPCELL_ROW_0_748,VSS,Metal1,559.4265,20.8590,0.000012
TAP_TAPCELL_ROW_0_747,VSS,Metal1,540.3865,20.8590,0.000011
TAP_TAPCELL_ROW_0_746,VSS,Metal1,521.3465,20.8590,0.000011
TAP_TAPCELL_ROW_0_745,VSS,Metal1,502.3065,20.8590,0.000009
TAP_TAPCELL_ROW_0_744,VSS,Metal1,483.2665,20.8590,0.000009
TAP_TAPCELL_ROW_0_743,VSS,Metal1,464.2265,20.8590,0.000011
TAP_TAPCELL_ROW_0_742,VSS,Metal1,445.1865,20.8590,0.000014
TAP_TAPCELL_ROW_0_741,VSS,Metal1,426.1465,20.8590,0.000016
TAP_TAPCELL_ROW_0_740,VSS,Metal1,407.1065,20.8590,0.000017
TAP_TAPCELL_ROW_0_739,VSS,Metal1,388.0665,20.8590,0.000017
TAP_TAPCELL_ROW_0_738,VSS,Metal1,369.0265,20.8590,0.000017
TAP_TAPCELL_ROW_0_737,VSS,Metal1,349.9865,20.8590,0.000016
TAP_TAPCELL_ROW_0_736,VSS,Metal1,330.9465,20.8590,0.000015
TAP_TAPCELL_ROW_0_735,VSS,Metal1,311.9065,20.8590,0.000024
TAP_TAPCELL_ROW_0_734,VSS,Metal1,292.8665,20.8590,0.000029
TAP_TAPCELL_ROW_0_733,VSS,Metal1,273.8265,20.8590,0.000037
TAP_TAPCELL_ROW_0_732,VSS,Metal1,254.7865,20.8590,0.000046
TAP_TAPCELL_ROW_0_731,VSS,Metal1,235.7465,20.8590,0.000045
TAP_TAPCELL_ROW_0_730,VSS,Metal1,216.7065,20.8590,0.000035
TAP_TAPCELL_ROW_0_729,VSS,Metal1,197.6665,20.8590,0.000025
TAP_TAPCELL_ROW_0_728,VSS,Metal1,178.6265,20.8590,0.000014
TAP_TAPCELL_ROW_0_727,VSS,Metal1,159.5865,20.8590,0.000013
TAP_TAPCELL_ROW_0_726,VSS,Metal1,140.5465,20.8590,0.000011
TAP_TAPCELL_ROW_0_725,VSS,Metal1,121.5065,20.8590,0.000010
TAP_TAPCELL_ROW_0_724,VSS,Metal1,102.4665,20.8590,0.000008
TAP_TAPCELL_ROW_0_723,VSS,Metal1,83.4265,20.8590,0.000007
TAP_TAPCELL_ROW_0_722,VSS,Metal1,64.3865,20.8590,0.000005
TAP_TAPCELL_ROW_0_721,VSS,Metal1,45.3465,20.8590,0.000004
TAP_TAPCELL_ROW_0_720,VSS,Metal1,26.3065,20.8590,0.000002
PHY_EDGE_ROW_208_2_Right_719,VSS,Metal1,520.6630,1069.1155,0.000033
PHY_EDGE_ROW_207_2_Right_718,VSS,Metal1,520.6630,1067.8440,0.000033
PHY_EDGE_ROW_206_2_Right_717,VSS,Metal1,520.6630,1059.0355,0.000000
PHY_EDGE_ROW_205_2_Right_716,VSS,Metal1,520.6630,1057.7640,0.000000
PHY_EDGE_ROW_204_2_Right_715,VSS,Metal1,520.6630,1048.9555,0.000033
PHY_EDGE_ROW_203_2_Right_714,VSS,Metal1,520.6630,1047.6840,0.000033
PHY_EDGE_ROW_202_2_Right_713,VSS,Metal1,520.6630,1038.8755,0.000065
PHY_EDGE_ROW_201_2_Right_712,VSS,Metal1,520.6630,1037.6040,0.000065
PHY_EDGE_ROW_200_2_Right_711,VSS,Metal1,520.6630,1028.7955,0.000033
PHY_EDGE_ROW_199_2_Right_710,VSS,Metal1,520.6630,1027.5240,0.000033
PHY_EDGE_ROW_198_2_Right_709,VSS,Metal1,520.6630,1018.7155,0.000153
PHY_EDGE_ROW_197_2_Right_708,VSS,Metal1,520.6630,1017.4440,0.000153
PHY_EDGE_ROW_196_2_Right_707,VSS,Metal1,520.6630,1008.6355,0.000033
PHY_EDGE_ROW_195_2_Right_706,VSS,Metal1,520.6630,1007.3640,0.000033
PHY_EDGE_ROW_194_2_Right_705,VSS,Metal1,520.6630,998.5555,0.000066
PHY_EDGE_ROW_193_2_Right_704,VSS,Metal1,520.6630,997.2840,0.000066
PHY_EDGE_ROW_192_2_Right_703,VSS,Metal1,520.6630,988.4755,0.000000
PHY_EDGE_ROW_191_2_Right_702,VSS,Metal1,520.6630,987.2040,0.000000
PHY_EDGE_ROW_190_2_Right_701,VSS,Metal1,520.6630,978.3955,0.000000
PHY_EDGE_ROW_189_2_Right_700,VSS,Metal1,520.6630,977.1240,0.000000
PHY_EDGE_ROW_188_2_Right_699,VSS,Metal1,520.6630,968.3155,0.000079
PHY_EDGE_ROW_187_2_Right_698,VSS,Metal1,520.6630,967.0440,0.000079
PHY_EDGE_ROW_186_2_Right_697,VSS,Metal1,520.6630,958.2355,0.000033
PHY_EDGE_ROW_185_2_Right_696,VSS,Metal1,520.6630,956.9640,0.000033
PHY_EDGE_ROW_184_2_Right_695,VSS,Metal1,520.6630,948.1555,0.000033
PHY_EDGE_ROW_183_2_Right_694,VSS,Metal1,520.6630,946.8840,0.000033
PHY_EDGE_ROW_182_2_Right_693,VSS,Metal1,520.6630,938.0755,0.000033
PHY_EDGE_ROW_181_2_Right_692,VSS,Metal1,520.6630,936.8040,0.000033
PHY_EDGE_ROW_180_2_Right_691,VSS,Metal1,520.6630,927.9955,0.000000
PHY_EDGE_ROW_179_2_Right_690,VSS,Metal1,520.6630,926.7240,0.000000
PHY_EDGE_ROW_178_2_Right_689,VSS,Metal1,520.6630,917.9155,0.000292
PHY_EDGE_ROW_177_2_Right_688,VSS,Metal1,520.6630,916.6440,0.000292
PHY_EDGE_ROW_176_2_Right_687,VSS,Metal1,520.6630,907.8355,0.000066
PHY_EDGE_ROW_175_2_Right_686,VSS,Metal1,520.6630,906.5640,0.000066
PHY_EDGE_ROW_174_2_Right_685,VSS,Metal1,520.6630,897.7555,0.000033
PHY_EDGE_ROW_173_2_Right_684,VSS,Metal1,520.6630,896.4840,0.000033
PHY_EDGE_ROW_172_2_Right_683,VSS,Metal1,520.6630,887.6755,0.000033
PHY_EDGE_ROW_171_2_Right_682,VSS,Metal1,520.6630,886.4040,0.000033
PHY_EDGE_ROW_170_2_Right_681,VSS,Metal1,520.6630,877.5955,0.000066
PHY_EDGE_ROW_169_2_Right_680,VSS,Metal1,520.6630,876.3240,0.000066
PHY_EDGE_ROW_168_2_Right_679,VSS,Metal1,520.6630,867.5155,0.000000
PHY_EDGE_ROW_167_2_Right_678,VSS,Metal1,520.6630,866.2440,0.000000
PHY_EDGE_ROW_166_2_Right_677,VSS,Metal1,520.6630,857.4355,0.000033
PHY_EDGE_ROW_165_2_Right_676,VSS,Metal1,520.6630,856.1640,0.000033
PHY_EDGE_ROW_164_2_Right_675,VSS,Metal1,520.6630,847.3555,0.000066
PHY_EDGE_ROW_163_2_Right_674,VSS,Metal1,520.6630,846.0840,0.000066
PHY_EDGE_ROW_162_2_Right_673,VSS,Metal1,520.6630,837.2755,0.000000
PHY_EDGE_ROW_161_2_Right_672,VSS,Metal1,520.6630,836.0040,0.000000
PHY_EDGE_ROW_160_2_Right_671,VSS,Metal1,520.6630,827.1955,0.000000
PHY_EDGE_ROW_159_2_Right_670,VSS,Metal1,520.6630,825.9240,0.000000
PHY_EDGE_ROW_158_2_Right_669,VSS,Metal1,520.6630,817.1155,0.000000
PHY_EDGE_ROW_157_2_Right_668,VSS,Metal1,520.6630,815.8440,0.000000
PHY_EDGE_ROW_156_2_Right_667,VSS,Metal1,520.6630,807.0355,0.000000
PHY_EDGE_ROW_155_2_Right_666,VSS,Metal1,520.6630,805.7640,0.000000
PHY_EDGE_ROW_154_2_Right_665,VSS,Metal1,520.6630,796.9555,0.000000
PHY_EDGE_ROW_153_2_Right_664,VSS,Metal1,520.6630,795.6840,0.000000
PHY_EDGE_ROW_152_2_Right_663,VSS,Metal1,520.6630,786.8755,0.000033
PHY_EDGE_ROW_151_2_Right_662,VSS,Metal1,520.6630,785.6040,0.000033
PHY_EDGE_ROW_150_2_Right_661,VSS,Metal1,520.6630,776.7955,0.000033
PHY_EDGE_ROW_149_2_Right_660,VSS,Metal1,520.6630,775.5240,0.000033
PHY_EDGE_ROW_148_2_Right_659,VSS,Metal1,520.6630,766.7155,0.000033
PHY_EDGE_ROW_147_2_Right_658,VSS,Metal1,520.6630,765.4440,0.000033
PHY_EDGE_ROW_146_2_Right_657,VSS,Metal1,520.6630,756.6355,0.000000
PHY_EDGE_ROW_145_2_Right_656,VSS,Metal1,520.6630,755.3640,0.000000
PHY_EDGE_ROW_144_2_Right_655,VSS,Metal1,520.6630,746.5555,0.000046
PHY_EDGE_ROW_143_2_Right_654,VSS,Metal1,520.6630,745.2840,0.000046
PHY_EDGE_ROW_142_2_Right_653,VSS,Metal1,520.6630,736.4755,0.000045
PHY_EDGE_ROW_141_2_Right_652,VSS,Metal1,520.6630,735.2040,0.000045
PHY_EDGE_ROW_140_2_Right_651,VSS,Metal1,520.6630,726.3955,0.000033
PHY_EDGE_ROW_139_2_Right_650,VSS,Metal1,520.6630,725.1240,0.000033
PHY_EDGE_ROW_138_2_Right_649,VSS,Metal1,520.6630,716.3155,0.000112
PHY_EDGE_ROW_137_2_Right_648,VSS,Metal1,520.6630,715.0440,0.000112
PHY_EDGE_ROW_136_2_Right_647,VSS,Metal1,520.6630,706.2355,0.000194
PHY_EDGE_ROW_208_3_Left_646,VSS,Metal1,973.4165,1069.1155,0.000000
PHY_EDGE_ROW_207_3_Left_645,VSS,Metal1,973.4165,1067.8440,0.000000
PHY_EDGE_ROW_206_3_Left_644,VSS,Metal1,973.4165,1059.0355,0.000000
PHY_EDGE_ROW_205_3_Left_643,VSS,Metal1,973.4165,1057.7640,0.000000
PHY_EDGE_ROW_204_3_Left_642,VSS,Metal1,973.4165,1048.9555,0.000000
PHY_EDGE_ROW_203_3_Left_641,VSS,Metal1,973.4165,1047.6840,0.000000
PHY_EDGE_ROW_202_3_Left_640,VSS,Metal1,973.4165,1038.8755,0.000000
PHY_EDGE_ROW_201_3_Left_639,VSS,Metal1,973.4165,1037.6040,0.000000
PHY_EDGE_ROW_200_3_Left_638,VSS,Metal1,973.4165,1028.7955,0.000000
PHY_EDGE_ROW_199_3_Left_637,VSS,Metal1,973.4165,1027.5240,0.000000
PHY_EDGE_ROW_198_3_Left_636,VSS,Metal1,973.4165,1018.7155,0.000000
PHY_EDGE_ROW_197_3_Left_635,VSS,Metal1,973.4165,1017.4440,0.000000
PHY_EDGE_ROW_196_3_Left_634,VSS,Metal1,973.4165,1008.6355,0.000000
PHY_EDGE_ROW_195_3_Left_633,VSS,Metal1,973.4165,1007.3640,0.000000
PHY_EDGE_ROW_194_3_Left_632,VSS,Metal1,973.4165,998.5555,0.000081
PHY_EDGE_ROW_193_3_Left_631,VSS,Metal1,973.4165,997.2840,0.000081
PHY_EDGE_ROW_192_3_Left_630,VSS,Metal1,973.4165,988.4755,0.000119
PHY_EDGE_ROW_191_3_Left_629,VSS,Metal1,973.4165,987.2040,0.000119
PHY_EDGE_ROW_190_3_Left_628,VSS,Metal1,973.4165,978.3955,0.000065
PHY_EDGE_ROW_189_3_Left_627,VSS,Metal1,973.4165,977.1240,0.000065
PHY_EDGE_ROW_188_3_Left_626,VSS,Metal1,973.4165,968.3155,0.000065
PHY_EDGE_ROW_187_3_Left_625,VSS,Metal1,973.4165,967.0440,0.000065
PHY_EDGE_ROW_186_3_Left_624,VSS,Metal1,973.4165,958.2355,0.000291
PHY_EDGE_ROW_185_3_Left_623,VSS,Metal1,973.4165,956.9640,0.000291
PHY_EDGE_ROW_184_3_Left_622,VSS,Metal1,973.4165,948.1555,0.000155
PHY_EDGE_ROW_183_3_Left_621,VSS,Metal1,973.4165,946.8840,0.000155
PHY_EDGE_ROW_182_3_Left_620,VSS,Metal1,973.4165,938.0755,0.000186
PHY_EDGE_ROW_181_3_Left_619,VSS,Metal1,973.4165,936.8040,0.000186
PHY_EDGE_ROW_180_3_Left_618,VSS,Metal1,973.4165,927.9955,0.000065
PHY_EDGE_ROW_179_3_Left_617,VSS,Metal1,973.4165,926.7240,0.000065
PHY_EDGE_ROW_178_3_Left_616,VSS,Metal1,973.4165,917.9155,0.000065
PHY_EDGE_ROW_177_3_Left_615,VSS,Metal1,973.4165,916.6440,0.000065
PHY_EDGE_ROW_176_3_Left_614,VSS,Metal1,973.4165,907.8355,0.000272
PHY_EDGE_ROW_175_3_Left_613,VSS,Metal1,973.4165,906.5640,0.000272
PHY_EDGE_ROW_174_3_Left_612,VSS,Metal1,973.4165,897.7555,0.000065
PHY_EDGE_ROW_173_3_Left_611,VSS,Metal1,973.4165,896.4840,0.000065
PHY_EDGE_ROW_172_3_Left_610,VSS,Metal1,973.4165,887.6755,0.000065
PHY_EDGE_ROW_171_3_Left_609,VSS,Metal1,973.4165,886.4040,0.000065
PHY_EDGE_ROW_170_3_Left_608,VSS,Metal1,973.4165,877.5955,0.000274
PHY_EDGE_ROW_169_3_Left_607,VSS,Metal1,973.4165,876.3240,0.000274
PHY_EDGE_ROW_168_3_Left_606,VSS,Metal1,973.4165,867.5155,0.000141
PHY_EDGE_ROW_167_3_Left_605,VSS,Metal1,973.4165,866.2440,0.000141
PHY_EDGE_ROW_166_3_Left_604,VSS,Metal1,973.4165,857.4355,0.000098
PHY_EDGE_ROW_165_3_Left_603,VSS,Metal1,973.4165,856.1640,0.000098
PHY_EDGE_ROW_164_3_Left_602,VSS,Metal1,973.4165,847.3555,0.000707
PHY_EDGE_ROW_163_3_Left_601,VSS,Metal1,973.4165,846.0840,0.000707
PHY_EDGE_ROW_162_3_Left_600,VSS,Metal1,973.4165,837.2755,0.000233
PHY_EDGE_ROW_161_3_Left_599,VSS,Metal1,973.4165,836.0040,0.000233
PHY_EDGE_ROW_160_3_Left_598,VSS,Metal1,973.4165,827.1955,0.000444
PHY_EDGE_ROW_159_3_Left_597,VSS,Metal1,973.4165,825.9240,0.000444
PHY_EDGE_ROW_158_3_Left_596,VSS,Metal1,973.4165,817.1155,0.000299
PHY_EDGE_ROW_157_3_Left_595,VSS,Metal1,973.4165,815.8440,0.000299
PHY_EDGE_ROW_156_3_Left_594,VSS,Metal1,973.4165,807.0355,0.000143
PHY_EDGE_ROW_155_3_Left_593,VSS,Metal1,973.4165,805.7640,0.000143
PHY_EDGE_ROW_154_3_Left_592,VSS,Metal1,973.4165,796.9555,0.000299
PHY_EDGE_ROW_153_3_Left_591,VSS,Metal1,973.4165,795.6840,0.000299
PHY_EDGE_ROW_152_3_Left_590,VSS,Metal1,973.4165,786.8755,0.000351
PHY_EDGE_ROW_151_3_Left_589,VSS,Metal1,973.4165,785.6040,0.000351
PHY_EDGE_ROW_150_3_Left_588,VSS,Metal1,973.4165,776.7955,0.000394
PHY_EDGE_ROW_149_3_Left_587,VSS,Metal1,973.4165,775.5240,0.000394
PHY_EDGE_ROW_148_3_Left_586,VSS,Metal1,973.4165,766.7155,0.000138
PHY_EDGE_ROW_147_3_Left_585,VSS,Metal1,973.4165,765.4440,0.000138
PHY_EDGE_ROW_146_3_Left_584,VSS,Metal1,973.4165,756.6355,0.000579
PHY_EDGE_ROW_145_3_Left_583,VSS,Metal1,973.4165,755.3640,0.000579
PHY_EDGE_ROW_144_3_Left_582,VSS,Metal1,973.4165,746.5555,0.000145
PHY_EDGE_ROW_143_3_Left_581,VSS,Metal1,973.4165,745.2840,0.000145
PHY_EDGE_ROW_142_3_Left_580,VSS,Metal1,973.4165,736.4755,0.000244
PHY_EDGE_ROW_141_3_Left_579,VSS,Metal1,973.4165,735.2040,0.000244
PHY_EDGE_ROW_140_3_Left_578,VSS,Metal1,973.4165,726.3955,0.000098
PHY_EDGE_ROW_139_3_Left_577,VSS,Metal1,973.4165,725.1240,0.000098
PHY_EDGE_ROW_138_3_Left_576,VSS,Metal1,973.4165,716.3155,0.000143
PHY_EDGE_ROW_137_3_Left_575,VSS,Metal1,973.4165,715.0440,0.000143
PHY_EDGE_ROW_136_3_Left_574,VSS,Metal1,973.4165,706.2355,0.000254
PHY_EDGE_ROW_136_1_Right_573,VSS,Metal1,40.7430,706.2355,0.000146
PHY_EDGE_ROW_208_1_Right_572,VSS,Metal1,40.7430,1069.1155,0.000033
PHY_EDGE_ROW_207_1_Right_571,VSS,Metal1,40.7430,1067.8440,0.000033
PHY_EDGE_ROW_206_1_Right_570,VSS,Metal1,40.7430,1059.0355,0.000112
PHY_EDGE_ROW_205_1_Right_569,VSS,Metal1,40.7430,1057.7640,0.000112
PHY_EDGE_ROW_204_1_Right_568,VSS,Metal1,40.7430,1048.9555,0.000065
PHY_EDGE_ROW_203_1_Right_567,VSS,Metal1,40.7430,1047.6840,0.000065
PHY_EDGE_ROW_202_1_Right_566,VSS,Metal1,40.7430,1038.8755,0.000033
PHY_EDGE_ROW_201_1_Right_565,VSS,Metal1,40.7430,1037.6040,0.000033
PHY_EDGE_ROW_200_1_Right_564,VSS,Metal1,40.7430,1028.7955,0.000033
PHY_EDGE_ROW_199_1_Right_563,VSS,Metal1,40.7430,1027.5240,0.000033
PHY_EDGE_ROW_198_1_Right_562,VSS,Metal1,40.7430,1018.7155,0.000066
PHY_EDGE_ROW_197_1_Right_561,VSS,Metal1,40.7430,1017.4440,0.000066
PHY_EDGE_ROW_196_1_Right_560,VSS,Metal1,40.7430,1008.6355,0.000033
PHY_EDGE_ROW_195_1_Right_559,VSS,Metal1,40.7430,1007.3640,0.000033
PHY_EDGE_ROW_194_1_Right_558,VSS,Metal1,40.7430,998.5555,0.000066
PHY_EDGE_ROW_193_1_Right_557,VSS,Metal1,40.7430,997.2840,0.000066
PHY_EDGE_ROW_192_1_Right_556,VSS,Metal1,40.7430,988.4755,0.000033
PHY_EDGE_ROW_191_1_Right_555,VSS,Metal1,40.7430,987.2040,0.000033
PHY_EDGE_ROW_190_1_Right_554,VSS,Metal1,40.7430,978.3955,0.000067
PHY_EDGE_ROW_189_1_Right_553,VSS,Metal1,40.7430,977.1240,0.000067
PHY_EDGE_ROW_188_1_Right_552,VSS,Metal1,40.7430,968.3155,0.000088
PHY_EDGE_ROW_187_1_Right_551,VSS,Metal1,40.7430,967.0440,0.000088
PHY_EDGE_ROW_186_1_Right_550,VSS,Metal1,40.7430,958.2355,0.000268
PHY_EDGE_ROW_185_1_Right_549,VSS,Metal1,40.7430,956.9640,0.000268
PHY_EDGE_ROW_184_1_Right_548,VSS,Metal1,40.7430,948.1555,0.000322
PHY_EDGE_ROW_183_1_Right_547,VSS,Metal1,40.7430,946.8840,0.000322
PHY_EDGE_ROW_182_1_Right_546,VSS,Metal1,40.7430,938.0755,0.000065
PHY_EDGE_ROW_181_1_Right_545,VSS,Metal1,40.7430,936.8040,0.000065
PHY_EDGE_ROW_180_1_Right_544,VSS,Metal1,40.7430,927.9955,0.000066
PHY_EDGE_ROW_179_1_Right_543,VSS,Metal1,40.7430,926.7240,0.000066
PHY_EDGE_ROW_178_1_Right_542,VSS,Metal1,40.7430,917.9155,0.000033
PHY_EDGE_ROW_177_1_Right_541,VSS,Metal1,40.7430,916.6440,0.000033
PHY_EDGE_ROW_176_1_Right_540,VSS,Metal1,40.7430,907.8355,0.000131
PHY_EDGE_ROW_175_1_Right_539,VSS,Metal1,40.7430,906.5640,0.000131
PHY_EDGE_ROW_174_1_Right_538,VSS,Metal1,40.7430,897.7555,0.000033
PHY_EDGE_ROW_173_1_Right_537,VSS,Metal1,40.7430,896.4840,0.000033
PHY_EDGE_ROW_172_1_Right_536,VSS,Metal1,40.7430,887.6755,0.000066
PHY_EDGE_ROW_171_1_Right_535,VSS,Metal1,40.7430,886.4040,0.000066
PHY_EDGE_ROW_170_1_Right_534,VSS,Metal1,40.7430,877.5955,0.000033
PHY_EDGE_ROW_169_1_Right_533,VSS,Metal1,40.7430,876.3240,0.000033
PHY_EDGE_ROW_168_1_Right_532,VSS,Metal1,40.7430,867.5155,0.000066
PHY_EDGE_ROW_167_1_Right_531,VSS,Metal1,40.7430,866.2440,0.000066
PHY_EDGE_ROW_166_1_Right_530,VSS,Metal1,40.7430,857.4355,0.000066
PHY_EDGE_ROW_165_1_Right_529,VSS,Metal1,40.7430,856.1640,0.000066
PHY_EDGE_ROW_164_1_Right_528,VSS,Metal1,40.7430,847.3555,0.000079
PHY_EDGE_ROW_163_1_Right_527,VSS,Metal1,40.7430,846.0840,0.000079
PHY_EDGE_ROW_162_1_Right_526,VSS,Metal1,40.7430,837.2755,0.000066
PHY_EDGE_ROW_161_1_Right_525,VSS,Metal1,40.7430,836.0040,0.000066
PHY_EDGE_ROW_160_1_Right_524,VSS,Metal1,40.7430,827.1955,0.000162
PHY_EDGE_ROW_159_1_Right_523,VSS,Metal1,40.7430,825.9240,0.000162
PHY_EDGE_ROW_158_1_Right_522,VSS,Metal1,40.7430,817.1155,0.000033
PHY_EDGE_ROW_157_1_Right_521,VSS,Metal1,40.7430,815.8440,0.000033
PHY_EDGE_ROW_156_1_Right_520,VSS,Metal1,40.7430,807.0355,0.000120
PHY_EDGE_ROW_155_1_Right_519,VSS,Metal1,40.7430,805.7640,0.000120
PHY_EDGE_ROW_154_1_Right_518,VSS,Metal1,40.7430,796.9555,0.000066
PHY_EDGE_ROW_153_1_Right_517,VSS,Metal1,40.7430,795.6840,0.000066
PHY_EDGE_ROW_152_1_Right_516,VSS,Metal1,40.7430,786.8755,0.000381
PHY_EDGE_ROW_151_1_Right_515,VSS,Metal1,40.7430,785.6040,0.000381
PHY_EDGE_ROW_150_1_Right_514,VSS,Metal1,40.7430,776.7955,0.000066
PHY_EDGE_ROW_149_1_Right_513,VSS,Metal1,40.7430,775.5240,0.000066
PHY_EDGE_ROW_148_1_Right_512,VSS,Metal1,40.7430,766.7155,0.000033
PHY_EDGE_ROW_147_1_Right_511,VSS,Metal1,40.7430,765.4440,0.000033
PHY_EDGE_ROW_146_1_Right_510,VSS,Metal1,40.7430,756.6355,0.000037
PHY_EDGE_ROW_145_1_Right_509,VSS,Metal1,40.7430,755.3640,0.000037
PHY_EDGE_ROW_144_1_Right_508,VSS,Metal1,40.7430,746.5555,0.000066
PHY_EDGE_ROW_143_1_Right_507,VSS,Metal1,40.7430,745.2840,0.000066
PHY_EDGE_ROW_142_1_Right_506,VSS,Metal1,40.7430,736.4755,0.000066
PHY_EDGE_ROW_141_1_Right_505,VSS,Metal1,40.7430,735.2040,0.000066
PHY_EDGE_ROW_140_1_Right_504,VSS,Metal1,40.7430,726.3955,0.000066
PHY_EDGE_ROW_139_1_Right_503,VSS,Metal1,40.7430,725.1240,0.000066
PHY_EDGE_ROW_138_1_Right_502,VSS,Metal1,40.7430,716.3155,0.000033
PHY_EDGE_ROW_137_1_Right_501,VSS,Metal1,40.7430,715.0440,0.000033
PHY_EDGE_ROW_208_2_Left_500,VSS,Metal1,493.4965,1069.1155,0.000033
PHY_EDGE_ROW_207_2_Left_499,VSS,Metal1,493.4965,1067.8440,0.000033
PHY_EDGE_ROW_206_2_Left_498,VSS,Metal1,493.4965,1059.0355,0.000000
PHY_EDGE_ROW_205_2_Left_497,VSS,Metal1,493.4965,1057.7640,0.000000
PHY_EDGE_ROW_204_2_Left_496,VSS,Metal1,493.4965,1048.9555,0.000033
PHY_EDGE_ROW_203_2_Left_495,VSS,Metal1,493.4965,1047.6840,0.000033
PHY_EDGE_ROW_202_2_Left_494,VSS,Metal1,493.4965,1038.8755,0.000065
PHY_EDGE_ROW_201_2_Left_493,VSS,Metal1,493.4965,1037.6040,0.000065
PHY_EDGE_ROW_200_2_Left_492,VSS,Metal1,493.4965,1028.7955,0.000033
PHY_EDGE_ROW_199_2_Left_491,VSS,Metal1,493.4965,1027.5240,0.000033
PHY_EDGE_ROW_198_2_Left_490,VSS,Metal1,493.4965,1018.7155,0.000154
PHY_EDGE_ROW_197_2_Left_489,VSS,Metal1,493.4965,1017.4440,0.000154
PHY_EDGE_ROW_196_2_Left_488,VSS,Metal1,493.4965,1008.6355,0.000033
PHY_EDGE_ROW_195_2_Left_487,VSS,Metal1,493.4965,1007.3640,0.000033
PHY_EDGE_ROW_194_2_Left_486,VSS,Metal1,493.4965,998.5555,0.000066
PHY_EDGE_ROW_193_2_Left_485,VSS,Metal1,493.4965,997.2840,0.000066
PHY_EDGE_ROW_192_2_Left_484,VSS,Metal1,493.4965,988.4755,0.000000
PHY_EDGE_ROW_191_2_Left_483,VSS,Metal1,493.4965,987.2040,0.000000
PHY_EDGE_ROW_190_2_Left_482,VSS,Metal1,493.4965,978.3955,0.000000
PHY_EDGE_ROW_189_2_Left_481,VSS,Metal1,493.4965,977.1240,0.000000
PHY_EDGE_ROW_188_2_Left_480,VSS,Metal1,493.4965,968.3155,0.000078
PHY_EDGE_ROW_187_2_Left_479,VSS,Metal1,493.4965,967.0440,0.000078
PHY_EDGE_ROW_186_2_Left_478,VSS,Metal1,493.4965,958.2355,0.000033
PHY_EDGE_ROW_185_2_Left_477,VSS,Metal1,493.4965,956.9640,0.000033
PHY_EDGE_ROW_184_2_Left_476,VSS,Metal1,493.4965,948.1555,0.000033
PHY_EDGE_ROW_183_2_Left_475,VSS,Metal1,493.4965,946.8840,0.000033
PHY_EDGE_ROW_182_2_Left_474,VSS,Metal1,493.4965,938.0755,0.000033
PHY_EDGE_ROW_181_2_Left_473,VSS,Metal1,493.4965,936.8040,0.000033
PHY_EDGE_ROW_180_2_Left_472,VSS,Metal1,493.4965,927.9955,0.000000
PHY_EDGE_ROW_179_2_Left_471,VSS,Metal1,493.4965,926.7240,0.000000
PHY_EDGE_ROW_178_2_Left_470,VSS,Metal1,493.4965,917.9155,0.000292
PHY_EDGE_ROW_177_2_Left_469,VSS,Metal1,493.4965,916.6440,0.000292
PHY_EDGE_ROW_176_2_Left_468,VSS,Metal1,493.4965,907.8355,0.000066
PHY_EDGE_ROW_175_2_Left_467,VSS,Metal1,493.4965,906.5640,0.000066
PHY_EDGE_ROW_174_2_Left_466,VSS,Metal1,493.4965,897.7555,0.000033
PHY_EDGE_ROW_173_2_Left_465,VSS,Metal1,493.4965,896.4840,0.000033
PHY_EDGE_ROW_172_2_Left_464,VSS,Metal1,493.4965,887.6755,0.000033
PHY_EDGE_ROW_171_2_Left_463,VSS,Metal1,493.4965,886.4040,0.000033
PHY_EDGE_ROW_170_2_Left_462,VSS,Metal1,493.4965,877.5955,0.000066
PHY_EDGE_ROW_169_2_Left_461,VSS,Metal1,493.4965,876.3240,0.000066
PHY_EDGE_ROW_168_2_Left_460,VSS,Metal1,493.4965,867.5155,0.000000
PHY_EDGE_ROW_167_2_Left_459,VSS,Metal1,493.4965,866.2440,0.000000
PHY_EDGE_ROW_166_2_Left_458,VSS,Metal1,493.4965,857.4355,0.000033
PHY_EDGE_ROW_165_2_Left_457,VSS,Metal1,493.4965,856.1640,0.000033
PHY_EDGE_ROW_164_2_Left_456,VSS,Metal1,493.4965,847.3555,0.000066
PHY_EDGE_ROW_163_2_Left_455,VSS,Metal1,493.4965,846.0840,0.000066
PHY_EDGE_ROW_162_2_Left_454,VSS,Metal1,493.4965,837.2755,0.000000
PHY_EDGE_ROW_161_2_Left_453,VSS,Metal1,493.4965,836.0040,0.000000
PHY_EDGE_ROW_160_2_Left_452,VSS,Metal1,493.4965,827.1955,0.000000
PHY_EDGE_ROW_159_2_Left_451,VSS,Metal1,493.4965,825.9240,0.000000
PHY_EDGE_ROW_158_2_Left_450,VSS,Metal1,493.4965,817.1155,0.000000
PHY_EDGE_ROW_157_2_Left_449,VSS,Metal1,493.4965,815.8440,0.000000
PHY_EDGE_ROW_156_2_Left_448,VSS,Metal1,493.4965,807.0355,0.000000
PHY_EDGE_ROW_155_2_Left_447,VSS,Metal1,493.4965,805.7640,0.000000
PHY_EDGE_ROW_154_2_Left_446,VSS,Metal1,493.4965,796.9555,0.000000
PHY_EDGE_ROW_153_2_Left_445,VSS,Metal1,493.4965,795.6840,0.000000
PHY_EDGE_ROW_152_2_Left_444,VSS,Metal1,493.4965,786.8755,0.000033
PHY_EDGE_ROW_151_2_Left_443,VSS,Metal1,493.4965,785.6040,0.000033
PHY_EDGE_ROW_150_2_Left_442,VSS,Metal1,493.4965,776.7955,0.000033
PHY_EDGE_ROW_149_2_Left_441,VSS,Metal1,493.4965,775.5240,0.000033
PHY_EDGE_ROW_148_2_Left_440,VSS,Metal1,493.4965,766.7155,0.000033
PHY_EDGE_ROW_147_2_Left_439,VSS,Metal1,493.4965,765.4440,0.000033
PHY_EDGE_ROW_146_2_Left_438,VSS,Metal1,493.4965,756.6355,0.000000
PHY_EDGE_ROW_145_2_Left_437,VSS,Metal1,493.4965,755.3640,0.000000
PHY_EDGE_ROW_144_2_Left_436,VSS,Metal1,493.4965,746.5555,0.000046
PHY_EDGE_ROW_143_2_Left_435,VSS,Metal1,493.4965,745.2840,0.000046
PHY_EDGE_ROW_142_2_Left_434,VSS,Metal1,493.4965,736.4755,0.000045
PHY_EDGE_ROW_141_2_Left_433,VSS,Metal1,493.4965,735.2040,0.000045
PHY_EDGE_ROW_140_2_Left_432,VSS,Metal1,493.4965,726.3955,0.000033
PHY_EDGE_ROW_139_2_Left_431,VSS,Metal1,493.4965,725.1240,0.000033
PHY_EDGE_ROW_138_2_Left_430,VSS,Metal1,493.4965,716.3155,0.000112
PHY_EDGE_ROW_137_2_Left_429,VSS,Metal1,493.4965,715.0440,0.000112
PHY_EDGE_ROW_136_2_Left_428,VSS,Metal1,493.4965,706.2355,0.000203
PHY_EDGE_ROW_136_1_Left_427,VSS,Metal1,6.8565,706.2355,0.000142
PHY_EDGE_ROW_213_Left_426,VSS,Metal1,6.8565,1098.0840,0.000122
PHY_EDGE_ROW_212_Left_425,VSS,Metal1,6.8565,1089.2755,0.000455
PHY_EDGE_ROW_211_Left_424,VSS,Metal1,6.8565,1088.0040,0.000455
PHY_EDGE_ROW_210_Left_423,VSS,Metal1,6.8565,1079.1955,0.000254
PHY_EDGE_ROW_209_Left_422,VSS,Metal1,6.8565,1077.9240,0.000254
PHY_EDGE_ROW_208_1_Left_421,VSS,Metal1,6.8565,1069.1155,0.000033
PHY_EDGE_ROW_207_1_Left_420,VSS,Metal1,6.8565,1067.8440,0.000033
PHY_EDGE_ROW_206_1_Left_419,VSS,Metal1,6.8565,1059.0355,0.000110
PHY_EDGE_ROW_205_1_Left_418,VSS,Metal1,6.8565,1057.7640,0.000110
PHY_EDGE_ROW_204_1_Left_417,VSS,Metal1,6.8565,1048.9555,0.000065
PHY_EDGE_ROW_203_1_Left_416,VSS,Metal1,6.8565,1047.6840,0.000065
PHY_EDGE_ROW_202_1_Left_415,VSS,Metal1,6.8565,1038.8755,0.000033
PHY_EDGE_ROW_201_1_Left_414,VSS,Metal1,6.8565,1037.6040,0.000033
PHY_EDGE_ROW_200_1_Left_413,VSS,Metal1,6.8565,1028.7955,0.000033
PHY_EDGE_ROW_199_1_Left_412,VSS,Metal1,6.8565,1027.5240,0.000033
PHY_EDGE_ROW_198_1_Left_411,VSS,Metal1,6.8565,1018.7155,0.000066
PHY_EDGE_ROW_197_1_Left_410,VSS,Metal1,6.8565,1017.4440,0.000066
PHY_EDGE_ROW_196_1_Left_409,VSS,Metal1,6.8565,1008.6355,0.000033
PHY_EDGE_ROW_195_1_Left_408,VSS,Metal1,6.8565,1007.3640,0.000033
PHY_EDGE_ROW_194_1_Left_407,VSS,Metal1,6.8565,998.5555,0.000066
PHY_EDGE_ROW_193_1_Left_406,VSS,Metal1,6.8565,997.2840,0.000066
PHY_EDGE_ROW_192_1_Left_405,VSS,Metal1,6.8565,988.4755,0.000033
PHY_EDGE_ROW_191_1_Left_404,VSS,Metal1,6.8565,987.2040,0.000033
PHY_EDGE_ROW_190_1_Left_403,VSS,Metal1,6.8565,978.3955,0.000067
PHY_EDGE_ROW_189_1_Left_402,VSS,Metal1,6.8565,977.1240,0.000067
PHY_EDGE_ROW_188_1_Left_401,VSS,Metal1,6.8565,968.3155,0.000088
PHY_EDGE_ROW_187_1_Left_400,VSS,Metal1,6.8565,967.0440,0.000088
PHY_EDGE_ROW_186_1_Left_399,VSS,Metal1,6.8565,958.2355,0.000272
PHY_EDGE_ROW_185_1_Left_398,VSS,Metal1,6.8565,956.9640,0.000272
PHY_EDGE_ROW_184_1_Left_397,VSS,Metal1,6.8565,948.1555,0.000324
PHY_EDGE_ROW_183_1_Left_396,VSS,Metal1,6.8565,946.8840,0.000324
PHY_EDGE_ROW_182_1_Left_395,VSS,Metal1,6.8565,938.0755,0.000066
PHY_EDGE_ROW_181_1_Left_394,VSS,Metal1,6.8565,936.8040,0.000066
PHY_EDGE_ROW_180_1_Left_393,VSS,Metal1,6.8565,927.9955,0.000066
PHY_EDGE_ROW_179_1_Left_392,VSS,Metal1,6.8565,926.7240,0.000066
PHY_EDGE_ROW_178_1_Left_391,VSS,Metal1,6.8565,917.9155,0.000033
PHY_EDGE_ROW_177_1_Left_390,VSS,Metal1,6.8565,916.6440,0.000033
PHY_EDGE_ROW_176_1_Left_389,VSS,Metal1,6.8565,907.8355,0.000131
PHY_EDGE_ROW_175_1_Left_388,VSS,Metal1,6.8565,906.5640,0.000131
PHY_EDGE_ROW_174_1_Left_387,VSS,Metal1,6.8565,897.7555,0.000033
PHY_EDGE_ROW_173_1_Left_386,VSS,Metal1,6.8565,896.4840,0.000033
PHY_EDGE_ROW_172_1_Left_385,VSS,Metal1,6.8565,887.6755,0.000066
PHY_EDGE_ROW_171_1_Left_384,VSS,Metal1,6.8565,886.4040,0.000066
PHY_EDGE_ROW_170_1_Left_383,VSS,Metal1,6.8565,877.5955,0.000033
PHY_EDGE_ROW_169_1_Left_382,VSS,Metal1,6.8565,876.3240,0.000033
PHY_EDGE_ROW_168_1_Left_381,VSS,Metal1,6.8565,867.5155,0.000066
PHY_EDGE_ROW_167_1_Left_380,VSS,Metal1,6.8565,866.2440,0.000066
PHY_EDGE_ROW_166_1_Left_379,VSS,Metal1,6.8565,857.4355,0.000066
PHY_EDGE_ROW_165_1_Left_378,VSS,Metal1,6.8565,856.1640,0.000066
PHY_EDGE_ROW_164_1_Left_377,VSS,Metal1,6.8565,847.3555,0.000079
PHY_EDGE_ROW_163_1_Left_376,VSS,Metal1,6.8565,846.0840,0.000079
PHY_EDGE_ROW_162_1_Left_375,VSS,Metal1,6.8565,837.2755,0.000066
PHY_EDGE_ROW_161_1_Left_374,VSS,Metal1,6.8565,836.0040,0.000066
PHY_EDGE_ROW_160_1_Left_373,VSS,Metal1,6.8565,827.1955,0.000170
PHY_EDGE_ROW_159_1_Left_372,VSS,Metal1,6.8565,825.9240,0.000170
PHY_EDGE_ROW_158_1_Left_371,VSS,Metal1,6.8565,817.1155,0.000033
PHY_EDGE_ROW_157_1_Left_370,VSS,Metal1,6.8565,815.8440,0.000033
PHY_EDGE_ROW_156_1_Left_369,VSS,Metal1,6.8565,807.0355,0.000120
PHY_EDGE_ROW_155_1_Left_368,VSS,Metal1,6.8565,805.7640,0.000120
PHY_EDGE_ROW_154_1_Left_367,VSS,Metal1,6.8565,796.9555,0.000066
PHY_EDGE_ROW_153_1_Left_366,VSS,Metal1,6.8565,795.6840,0.000066
PHY_EDGE_ROW_152_1_Left_365,VSS,Metal1,6.8565,786.8755,0.000369
PHY_EDGE_ROW_151_1_Left_364,VSS,Metal1,6.8565,785.6040,0.000369
PHY_EDGE_ROW_150_1_Left_363,VSS,Metal1,6.8565,776.7955,0.000066
PHY_EDGE_ROW_149_1_Left_362,VSS,Metal1,6.8565,775.5240,0.000066
PHY_EDGE_ROW_148_1_Left_361,VSS,Metal1,6.8565,766.7155,0.000041
PHY_EDGE_ROW_147_1_Left_360,VSS,Metal1,6.8565,765.4440,0.000041
PHY_EDGE_ROW_146_1_Left_359,VSS,Metal1,6.8565,756.6355,0.000035
PHY_EDGE_ROW_145_1_Left_358,VSS,Metal1,6.8565,755.3640,0.000035
PHY_EDGE_ROW_144_1_Left_357,VSS,Metal1,6.8565,746.5555,0.000066
PHY_EDGE_ROW_143_1_Left_356,VSS,Metal1,6.8565,745.2840,0.000066
PHY_EDGE_ROW_142_1_Left_355,VSS,Metal1,6.8565,736.4755,0.000066
PHY_EDGE_ROW_141_1_Left_354,VSS,Metal1,6.8565,735.2040,0.000066
PHY_EDGE_ROW_140_1_Left_353,VSS,Metal1,6.8565,726.3955,0.000066
PHY_EDGE_ROW_139_1_Left_352,VSS,Metal1,6.8565,725.1240,0.000066
PHY_EDGE_ROW_138_1_Left_351,VSS,Metal1,6.8565,716.3155,0.000033
PHY_EDGE_ROW_137_1_Left_350,VSS,Metal1,6.8565,715.0440,0.000033
PHY_EDGE_ROW_135_Left_349,VSS,Metal1,6.8565,704.9640,0.000142
PHY_EDGE_ROW_134_Left_348,VSS,Metal1,6.8565,696.1555,0.000397
PHY_EDGE_ROW_133_Left_347,VSS,Metal1,6.8565,694.8840,0.000397
PHY_EDGE_ROW_132_Left_346,VSS,Metal1,6.8565,686.0755,0.000500
PHY_EDGE_ROW_131_Left_345,VSS,Metal1,6.8565,684.8040,0.000500
PHY_EDGE_ROW_130_Left_344,VSS,Metal1,6.8565,675.9955,0.000255
PHY_EDGE_ROW_129_Left_343,VSS,Metal1,6.8565,674.7240,0.000255
PHY_EDGE_ROW_128_Left_342,VSS,Metal1,6.8565,665.9155,0.000205
PHY_EDGE_ROW_127_Left_341,VSS,Metal1,6.8565,664.6440,0.000205
PHY_EDGE_ROW_126_Left_340,VSS,Metal1,6.8565,655.8355,0.000446
PHY_EDGE_ROW_125_Left_339,VSS,Metal1,6.8565,654.5640,0.000446
PHY_EDGE_ROW_124_Left_338,VSS,Metal1,6.8565,645.7555,0.000188
PHY_EDGE_ROW_123_Left_337,VSS,Metal1,6.8565,644.4840,0.000188
PHY_EDGE_ROW_122_Left_336,VSS,Metal1,6.8565,635.6755,0.000199
PHY_EDGE_ROW_121_Left_335,VSS,Metal1,6.8565,634.4040,0.000199
PHY_EDGE_ROW_120_Left_334,VSS,Metal1,6.8565,625.5955,0.000384
PHY_EDGE_ROW_119_Left_333,VSS,Metal1,6.8565,624.3240,0.000384
PHY_EDGE_ROW_118_Left_332,VSS,Metal1,6.8565,615.5155,0.000360
PHY_EDGE_ROW_117_Left_331,VSS,Metal1,6.8565,614.2440,0.000360
PHY_EDGE_ROW_116_Left_330,VSS,Metal1,6.8565,605.4355,0.000226
PHY_EDGE_ROW_115_Left_329,VSS,Metal1,6.8565,604.1640,0.000226
PHY_EDGE_ROW_114_Left_328,VSS,Metal1,6.8565,595.3555,0.000449
PHY_EDGE_ROW_113_Left_327,VSS,Metal1,6.8565,594.0840,0.000449
PHY_EDGE_ROW_112_Left_326,VSS,Metal1,6.8565,585.2755,0.000403
PHY_EDGE_ROW_111_Left_325,VSS,Metal1,6.8565,584.0040,0.000403
PHY_EDGE_ROW_110_Left_324,VSS,Metal1,6.8565,575.1955,0.000370
PHY_EDGE_ROW_109_Left_323,VSS,Metal1,6.8565,573.9240,0.000370
PHY_EDGE_ROW_108_Left_322,VSS,Metal1,6.8565,565.1155,0.000297
PHY_EDGE_ROW_107_Left_321,VSS,Metal1,6.8565,563.8440,0.000297
PHY_EDGE_ROW_106_Left_320,VSS,Metal1,6.8565,555.0355,0.000425
PHY_EDGE_ROW_105_Left_319,VSS,Metal1,6.8565,553.7640,0.000425
PHY_EDGE_ROW_104_Left_318,VSS,Metal1,6.8565,544.9555,0.000342
PHY_EDGE_ROW_103_Left_317,VSS,Metal1,6.8565,543.6840,0.000342
PHY_EDGE_ROW_102_Left_316,VSS,Metal1,6.8565,534.8755,0.000433
PHY_EDGE_ROW_101_Left_315,VSS,Metal1,6.8565,533.6040,0.000433
PHY_EDGE_ROW_100_Left_314,VSS,Metal1,6.8565,524.7955,0.000296
PHY_EDGE_ROW_99_Left_313,VSS,Metal1,6.8565,523.5240,0.000296
PHY_EDGE_ROW_98_Left_312,VSS,Metal1,6.8565,514.7155,0.000214
PHY_EDGE_ROW_97_Left_311,VSS,Metal1,6.8565,513.4440,0.000214
PHY_EDGE_ROW_96_Left_310,VSS,Metal1,6.8565,504.6355,0.000408
PHY_EDGE_ROW_95_Left_309,VSS,Metal1,6.8565,503.3640,0.000408
PHY_EDGE_ROW_94_Left_308,VSS,Metal1,6.8565,494.5555,0.000186
PHY_EDGE_ROW_93_Left_307,VSS,Metal1,6.8565,493.2840,0.000186
PHY_EDGE_ROW_92_Left_306,VSS,Metal1,6.8565,484.4755,0.000245
PHY_EDGE_ROW_91_Left_305,VSS,Metal1,6.8565,483.2040,0.000245
PHY_EDGE_ROW_90_Left_304,VSS,Metal1,6.8565,474.3955,0.000487
PHY_EDGE_ROW_89_Left_303,VSS,Metal1,6.8565,473.1240,0.000487
PHY_EDGE_ROW_88_Left_302,VSS,Metal1,6.8565,464.3155,0.000212
PHY_EDGE_ROW_87_Left_301,VSS,Metal1,6.8565,463.0440,0.000212
PHY_EDGE_ROW_86_Left_300,VSS,Metal1,6.8565,454.2355,0.000285
PHY_EDGE_ROW_85_Left_299,VSS,Metal1,6.8565,452.9640,0.000285
PHY_EDGE_ROW_84_Left_298,VSS,Metal1,6.8565,444.1555,0.000183
PHY_EDGE_ROW_83_Left_297,VSS,Metal1,6.8565,442.8840,0.000183
PHY_EDGE_ROW_82_Left_296,VSS,Metal1,6.8565,434.0755,0.000204
PHY_EDGE_ROW_81_Left_295,VSS,Metal1,6.8565,432.8040,0.000204
PHY_EDGE_ROW_80_Left_294,VSS,Metal1,6.8565,423.9955,0.000427
PHY_EDGE_ROW_79_Left_293,VSS,Metal1,6.8565,422.7240,0.000427
PHY_EDGE_ROW_78_Left_292,VSS,Metal1,6.8565,413.9155,0.000339
PHY_EDGE_ROW_77_Left_291,VSS,Metal1,6.8565,412.6440,0.000339
PHY_EDGE_ROW_76_Left_290,VSS,Metal1,6.8565,403.8355,0.000228
PHY_EDGE_ROW_75_Left_289,VSS,Metal1,6.8565,402.5640,0.000228
PHY_EDGE_ROW_74_Left_288,VSS,Metal1,6.8565,393.7555,0.000158
PHY_EDGE_ROW_73_Left_287,VSS,Metal1,6.8565,392.4840,0.000158
PHY_EDGE_ROW_72_Left_286,VSS,Metal1,6.8565,383.6755,0.000114
PHY_EDGE_ROW_71_Left_285,VSS,Metal1,6.8565,382.4040,0.000114
PHY_EDGE_ROW_70_Left_284,VSS,Metal1,6.8565,373.5955,0.000287
PHY_EDGE_ROW_69_Left_283,VSS,Metal1,6.8565,372.3240,0.000287
PHY_EDGE_ROW_68_Left_282,VSS,Metal1,6.8565,363.5155,0.000342
PHY_EDGE_ROW_67_Left_281,VSS,Metal1,6.8565,362.2440,0.000342
PHY_EDGE_ROW_66_Left_280,VSS,Metal1,6.8565,353.4355,0.000330
PHY_EDGE_ROW_65_Left_279,VSS,Metal1,6.8565,352.1640,0.000330
PHY_EDGE_ROW_64_Left_278,VSS,Metal1,6.8565,343.3555,0.000293
PHY_EDGE_ROW_63_Left_277,VSS,Metal1,6.8565,342.0840,0.000293
PHY_EDGE_ROW_62_Left_276,VSS,Metal1,6.8565,333.2755,0.000586
PHY_EDGE_ROW_61_Left_275,VSS,Metal1,6.8565,332.0040,0.000586
PHY_EDGE_ROW_60_Left_274,VSS,Metal1,6.8565,323.1955,0.000306
PHY_EDGE_ROW_59_Left_273,VSS,Metal1,6.8565,321.9240,0.000306
PHY_EDGE_ROW_58_Left_272,VSS,Metal1,6.8565,313.1155,0.000536
PHY_EDGE_ROW_57_Left_271,VSS,Metal1,6.8565,311.8440,0.000536
PHY_EDGE_ROW_56_Left_270,VSS,Metal1,6.8565,303.0355,0.000466
PHY_EDGE_ROW_55_Left_269,VSS,Metal1,6.8565,301.7640,0.000466
PHY_EDGE_ROW_54_Left_268,VSS,Metal1,6.8565,292.9555,0.000378
PHY_EDGE_ROW_53_Left_267,VSS,Metal1,6.8565,291.6840,0.000378
PHY_EDGE_ROW_52_Left_266,VSS,Metal1,6.8565,282.8755,0.000325
PHY_EDGE_ROW_51_Left_265,VSS,Metal1,6.8565,281.6040,0.000325
PHY_EDGE_ROW_50_Left_264,VSS,Metal1,6.8565,272.7955,0.000347
PHY_EDGE_ROW_49_Left_263,VSS,Metal1,6.8565,271.5240,0.000347
PHY_EDGE_ROW_48_Left_262,VSS,Metal1,6.8565,262.7155,0.000201
PHY_EDGE_ROW_47_Left_261,VSS,Metal1,6.8565,261.4440,0.000201
PHY_EDGE_ROW_46_Left_260,VSS,Metal1,6.8565,252.6355,0.000401
PHY_EDGE_ROW_45_Left_259,VSS,Metal1,6.8565,251.3640,0.000401
PHY_EDGE_ROW_44_Left_258,VSS,Metal1,6.8565,242.5555,0.000364
PHY_EDGE_ROW_43_Left_257,VSS,Metal1,6.8565,241.2840,0.000364
PHY_EDGE_ROW_42_Left_256,VSS,Metal1,6.8565,232.4755,0.000443
PHY_EDGE_ROW_41_Left_255,VSS,Metal1,6.8565,231.2040,0.000443
PHY_EDGE_ROW_40_Left_254,VSS,Metal1,6.8565,222.3955,0.000299
PHY_EDGE_ROW_39_Left_253,VSS,Metal1,6.8565,221.1240,0.000299
PHY_EDGE_ROW_38_Left_252,VSS,Metal1,6.8565,212.3155,0.000191
PHY_EDGE_ROW_37_Left_251,VSS,Metal1,6.8565,211.0440,0.000191
PHY_EDGE_ROW_36_Left_250,VSS,Metal1,6.8565,202.2355,0.000289
PHY_EDGE_ROW_35_Left_249,VSS,Metal1,6.8565,200.9640,0.000289
PHY_EDGE_ROW_34_Left_248,VSS,Metal1,6.8565,192.1555,0.000213
PHY_EDGE_ROW_33_Left_247,VSS,Metal1,6.8565,190.8840,0.000213
PHY_EDGE_ROW_32_Left_246,VSS,Metal1,6.8565,182.0755,0.000188
PHY_EDGE_ROW_31_Left_245,VSS,Metal1,6.8565,180.8040,0.000188
PHY_EDGE_ROW_30_Left_244,VSS,Metal1,6.8565,171.9955,0.000398
PHY_EDGE_ROW_29_Left_243,VSS,Metal1,6.8565,170.7240,0.000398
PHY_EDGE_ROW_28_Left_242,VSS,Metal1,6.8565,161.9155,0.000385
PHY_EDGE_ROW_27_Left_241,VSS,Metal1,6.8565,160.6440,0.000385
PHY_EDGE_ROW_26_Left_240,VSS,Metal1,6.8565,151.8355,0.000221
PHY_EDGE_ROW_25_Left_239,VSS,Metal1,6.8565,150.5640,0.000221
PHY_EDGE_ROW_24_Left_238,VSS,Metal1,6.8565,141.7555,0.000108
PHY_EDGE_ROW_23_Left_237,VSS,Metal1,6.8565,140.4840,0.000108
PHY_EDGE_ROW_22_Left_236,VSS,Metal1,6.8565,131.6755,0.000223
PHY_EDGE_ROW_21_Left_235,VSS,Metal1,6.8565,130.4040,0.000223
PHY_EDGE_ROW_20_Left_234,VSS,Metal1,6.8565,121.5955,0.000111
PHY_EDGE_ROW_19_Left_233,VSS,Metal1,6.8565,120.3240,0.000111
PHY_EDGE_ROW_18_Left_232,VSS,Metal1,6.8565,111.5155,0.000174
PHY_EDGE_ROW_17_Left_231,VSS,Metal1,6.8565,110.2440,0.000174
PHY_EDGE_ROW_16_Left_230,VSS,Metal1,6.8565,101.4355,0.000407
PHY_EDGE_ROW_15_Left_229,VSS,Metal1,6.8565,100.1640,0.000407
PHY_EDGE_ROW_14_Left_228,VSS,Metal1,6.8565,91.3555,0.000203
PHY_EDGE_ROW_13_Left_227,VSS,Metal1,6.8565,90.0840,0.000203
PHY_EDGE_ROW_12_Left_226,VSS,Metal1,6.8565,81.2755,0.000179
PHY_EDGE_ROW_11_Left_225,VSS,Metal1,6.8565,80.0040,0.000179
PHY_EDGE_ROW_10_Left_224,VSS,Metal1,6.8565,71.1955,0.000172
PHY_EDGE_ROW_9_Left_223,VSS,Metal1,6.8565,69.9240,0.000172
PHY_EDGE_ROW_8_Left_222,VSS,Metal1,6.8565,61.1155,0.000167
PHY_EDGE_ROW_7_Left_221,VSS,Metal1,6.8565,59.8440,0.000167
PHY_EDGE_ROW_6_Left_220,VSS,Metal1,6.8565,51.0355,0.000052
PHY_EDGE_ROW_5_Left_219,VSS,Metal1,6.8565,49.7640,0.000052
PHY_EDGE_ROW_4_Left_218,VSS,Metal1,6.8565,40.9555,0.000029
PHY_EDGE_ROW_3_Left_217,VSS,Metal1,6.8565,39.6840,0.000029
PHY_EDGE_ROW_2_Left_216,VSS,Metal1,6.8565,30.8755,0.000018
PHY_EDGE_ROW_1_Left_215,VSS,Metal1,6.8565,29.6040,0.000018
PHY_EDGE_ROW_0_Left_214,VSS,Metal1,6.8565,20.7955,0.000002
PHY_EDGE_ROW_208_3_Right_213,VSS,Metal1,1086.8230,1069.1155,0.000000
PHY_EDGE_ROW_207_3_Right_212,VSS,Metal1,1086.8230,1067.8440,0.000000
PHY_EDGE_ROW_206_3_Right_211,VSS,Metal1,1086.8230,1059.0355,0.000000
PHY_EDGE_ROW_205_3_Right_210,VSS,Metal1,1086.8230,1057.7640,0.000000
PHY_EDGE_ROW_204_3_Right_209,VSS,Metal1,1086.8230,1048.9555,0.000000
PHY_EDGE_ROW_203_3_Right_208,VSS,Metal1,1086.8230,1047.6840,0.000000
PHY_EDGE_ROW_202_3_Right_207,VSS,Metal1,1086.8230,1038.8755,0.000000
PHY_EDGE_ROW_201_3_Right_206,VSS,Metal1,1086.8230,1037.6040,0.000000
PHY_EDGE_ROW_200_3_Right_205,VSS,Metal1,1086.8230,1028.7955,0.000000
PHY_EDGE_ROW_199_3_Right_204,VSS,Metal1,1086.8230,1027.5240,0.000000
PHY_EDGE_ROW_198_3_Right_203,VSS,Metal1,1086.8230,1018.7155,0.000000
PHY_EDGE_ROW_197_3_Right_202,VSS,Metal1,1086.8230,1017.4440,0.000000
PHY_EDGE_ROW_196_3_Right_201,VSS,Metal1,1086.8230,1008.6355,0.000000
PHY_EDGE_ROW_195_3_Right_200,VSS,Metal1,1086.8230,1007.3640,0.000000
PHY_EDGE_ROW_194_3_Right_199,VSS,Metal1,1086.8230,998.5555,0.000118
PHY_EDGE_ROW_193_3_Right_198,VSS,Metal1,1086.8230,997.2840,0.000118
PHY_EDGE_ROW_192_3_Right_197,VSS,Metal1,1086.8230,988.4755,0.000192
PHY_EDGE_ROW_191_3_Right_196,VSS,Metal1,1086.8230,987.2040,0.000192
PHY_EDGE_ROW_190_3_Right_195,VSS,Metal1,1086.8230,978.3955,0.000094
PHY_EDGE_ROW_189_3_Right_194,VSS,Metal1,1086.8230,977.1240,0.000094
PHY_EDGE_ROW_188_3_Right_193,VSS,Metal1,1086.8230,968.3155,0.000082
PHY_EDGE_ROW_187_3_Right_192,VSS,Metal1,1086.8230,967.0440,0.000082
PHY_EDGE_ROW_186_3_Right_191,VSS,Metal1,1086.8230,958.2355,0.000300
PHY_EDGE_ROW_185_3_Right_190,VSS,Metal1,1086.8230,956.9640,0.000300
PHY_EDGE_ROW_184_3_Right_189,VSS,Metal1,1086.8230,948.1555,0.000184
PHY_EDGE_ROW_183_3_Right_188,VSS,Metal1,1086.8230,946.8840,0.000184
PHY_EDGE_ROW_182_3_Right_187,VSS,Metal1,1086.8230,938.0755,0.000256
PHY_EDGE_ROW_181_3_Right_186,VSS,Metal1,1086.8230,936.8040,0.000256
PHY_EDGE_ROW_180_3_Right_185,VSS,Metal1,1086.8230,927.9955,0.000110
PHY_EDGE_ROW_179_3_Right_184,VSS,Metal1,1086.8230,926.7240,0.000110
PHY_EDGE_ROW_178_3_Right_183,VSS,Metal1,1086.8230,917.9155,0.000097
PHY_EDGE_ROW_177_3_Right_182,VSS,Metal1,1086.8230,916.6440,0.000097
PHY_EDGE_ROW_176_3_Right_181,VSS,Metal1,1086.8230,907.8355,0.000289
PHY_EDGE_ROW_175_3_Right_180,VSS,Metal1,1086.8230,906.5640,0.000289
PHY_EDGE_ROW_174_3_Right_179,VSS,Metal1,1086.8230,897.7555,0.000084
PHY_EDGE_ROW_173_3_Right_178,VSS,Metal1,1086.8230,896.4840,0.000084
PHY_EDGE_ROW_172_3_Right_177,VSS,Metal1,1086.8230,887.6755,0.000081
PHY_EDGE_ROW_171_3_Right_176,VSS,Metal1,1086.8230,886.4040,0.000081
PHY_EDGE_ROW_170_3_Right_175,VSS,Metal1,1086.8230,877.5955,0.000323
PHY_EDGE_ROW_169_3_Right_174,VSS,Metal1,1086.8230,876.3240,0.000323
PHY_EDGE_ROW_168_3_Right_173,VSS,Metal1,1086.8230,867.5155,0.000203
PHY_EDGE_ROW_167_3_Right_172,VSS,Metal1,1086.8230,866.2440,0.000203
PHY_EDGE_ROW_166_3_Right_171,VSS,Metal1,1086.8230,857.4355,0.000108
PHY_EDGE_ROW_165_3_Right_170,VSS,Metal1,1086.8230,856.1640,0.000108
PHY_EDGE_ROW_164_3_Right_169,VSS,Metal1,1086.8230,847.3555,0.000641
PHY_EDGE_ROW_163_3_Right_168,VSS,Metal1,1086.8230,846.0840,0.000641
PHY_EDGE_ROW_162_3_Right_167,VSS,Metal1,1086.8230,837.2755,0.000227
PHY_EDGE_ROW_161_3_Right_166,VSS,Metal1,1086.8230,836.0040,0.000227
PHY_EDGE_ROW_160_3_Right_165,VSS,Metal1,1086.8230,827.1955,0.000530
PHY_EDGE_ROW_159_3_Right_164,VSS,Metal1,1086.8230,825.9240,0.000530
PHY_EDGE_ROW_158_3_Right_163,VSS,Metal1,1086.8230,817.1155,0.000233
PHY_EDGE_ROW_157_3_Right_162,VSS,Metal1,1086.8230,815.8440,0.000233
PHY_EDGE_ROW_156_3_Right_161,VSS,Metal1,1086.8230,807.0355,0.000142
PHY_EDGE_ROW_155_3_Right_160,VSS,Metal1,1086.8230,805.7640,0.000142
PHY_EDGE_ROW_154_3_Right_159,VSS,Metal1,1086.8230,796.9555,0.000340
PHY_EDGE_ROW_153_3_Right_158,VSS,Metal1,1086.8230,795.6840,0.000340
PHY_EDGE_ROW_152_3_Right_157,VSS,Metal1,1086.8230,786.8755,0.000358
PHY_EDGE_ROW_151_3_Right_156,VSS,Metal1,1086.8230,785.6040,0.000358
PHY_EDGE_ROW_150_3_Right_155,VSS,Metal1,1086.8230,776.7955,0.000382
PHY_EDGE_ROW_149_3_Right_154,VSS,Metal1,1086.8230,775.5240,0.000382
PHY_EDGE_ROW_148_3_Right_153,VSS,Metal1,1086.8230,766.7155,0.000148
PHY_EDGE_ROW_147_3_Right_152,VSS,Metal1,1086.8230,765.4440,0.000148
PHY_EDGE_ROW_146_3_Right_151,VSS,Metal1,1086.8230,756.6355,0.000541
PHY_EDGE_ROW_145_3_Right_150,VSS,Metal1,1086.8230,755.3640,0.000541
PHY_EDGE_ROW_144_3_Right_149,VSS,Metal1,1086.8230,746.5555,0.000178
PHY_EDGE_ROW_143_3_Right_148,VSS,Metal1,1086.8230,745.2840,0.000178
PHY_EDGE_ROW_142_3_Right_147,VSS,Metal1,1086.8230,736.4755,0.000226
PHY_EDGE_ROW_141_3_Right_146,VSS,Metal1,1086.8230,735.2040,0.000226
PHY_EDGE_ROW_140_3_Right_145,VSS,Metal1,1086.8230,726.3955,0.000115
PHY_EDGE_ROW_139_3_Right_144,VSS,Metal1,1086.8230,725.1240,0.000115
PHY_EDGE_ROW_138_3_Right_143,VSS,Metal1,1086.8230,716.3155,0.000140
PHY_EDGE_ROW_137_3_Right_142,VSS,Metal1,1086.8230,715.0440,0.000140
PHY_EDGE_ROW_136_3_Right_141,VSS,Metal1,1086.8230,706.2355,0.000293
PHY_EDGE_ROW_213_Right_140,VSS,Metal1,1086.8230,1098.0840,0.000048
PHY_EDGE_ROW_212_Right_139,VSS,Metal1,1086.8230,1089.2755,0.000079
PHY_EDGE_ROW_211_Right_138,VSS,Metal1,1086.8230,1088.0040,0.000079
PHY_EDGE_ROW_210_Right_137,VSS,Metal1,1086.8230,1079.1955,0.000007
PHY_EDGE_ROW_209_Right_136,VSS,Metal1,1086.8230,1077.9240,0.000007
PHY_EDGE_ROW_135_Right_135,VSS,Metal1,1086.8230,704.9640,0.000293
PHY_EDGE_ROW_134_Right_134,VSS,Metal1,1086.8230,696.1555,0.000785
PHY_EDGE_ROW_133_Right_133,VSS,Metal1,1086.8230,694.8840,0.000785
PHY_EDGE_ROW_132_Right_132,VSS,Metal1,1086.8230,686.0755,0.000475
PHY_EDGE_ROW_131_Right_131,VSS,Metal1,1086.8230,684.8040,0.000475
PHY_EDGE_ROW_130_Right_130,VSS,Metal1,1086.8230,675.9955,0.000853
PHY_EDGE_ROW_129_Right_129,VSS,Metal1,1086.8230,674.7240,0.000853
PHY_EDGE_ROW_128_Right_128,VSS,Metal1,1086.8230,665.9155,0.000398
PHY_EDGE_ROW_127_Right_127,VSS,Metal1,1086.8230,664.6440,0.000398
PHY_EDGE_ROW_126_Right_126,VSS,Metal1,1086.8230,655.8355,0.000785
PHY_EDGE_ROW_125_Right_125,VSS,Metal1,1086.8230,654.5640,0.000785
PHY_EDGE_ROW_124_Right_124,VSS,Metal1,1086.8230,645.7555,0.000573
PHY_EDGE_ROW_123_Right_123,VSS,Metal1,1086.8230,644.4840,0.000573
PHY_EDGE_ROW_122_Right_122,VSS,Metal1,1086.8230,635.6755,0.000919
PHY_EDGE_ROW_121_Right_121,VSS,Metal1,1086.8230,634.4040,0.000919
PHY_EDGE_ROW_120_Right_120,VSS,Metal1,1086.8230,625.5955,0.000915
PHY_EDGE_ROW_119_Right_119,VSS,Metal1,1086.8230,624.3240,0.000915
PHY_EDGE_ROW_118_Right_118,VSS,Metal1,1086.8230,615.5155,0.000376
PHY_EDGE_ROW_117_Right_117,VSS,Metal1,1086.8230,614.2440,0.000376
PHY_EDGE_ROW_116_Right_116,VSS,Metal1,1086.8230,605.4355,0.001187
PHY_EDGE_ROW_115_Right_115,VSS,Metal1,1086.8230,604.1640,0.001187
PHY_EDGE_ROW_114_Right_114,VSS,Metal1,1086.8230,595.3555,0.000550
PHY_EDGE_ROW_113_Right_113,VSS,Metal1,1086.8230,594.0840,0.000550
PHY_EDGE_ROW_112_Right_112,VSS,Metal1,1086.8230,585.2755,0.000277
PHY_EDGE_ROW_111_Right_111,VSS,Metal1,1086.8230,584.0040,0.000277
PHY_EDGE_ROW_110_Right_110,VSS,Metal1,1086.8230,575.1955,0.000590
PHY_EDGE_ROW_109_Right_109,VSS,Metal1,1086.8230,573.9240,0.000590
PHY_EDGE_ROW_108_Right_108,VSS,Metal1,1086.8230,565.1155,0.000450
PHY_EDGE_ROW_107_Right_107,VSS,Metal1,1086.8230,563.8440,0.000450
PHY_EDGE_ROW_106_Right_106,VSS,Metal1,1086.8230,555.0355,0.000348
PHY_EDGE_ROW_105_Right_105,VSS,Metal1,1086.8230,553.7640,0.000348
PHY_EDGE_ROW_104_Right_104,VSS,Metal1,1086.8230,544.9555,0.000477
PHY_EDGE_ROW_103_Right_103,VSS,Metal1,1086.8230,543.6840,0.000477
PHY_EDGE_ROW_102_Right_102,VSS,Metal1,1086.8230,534.8755,0.001076
PHY_EDGE_ROW_101_Right_101,VSS,Metal1,1086.8230,533.6040,0.001076
PHY_EDGE_ROW_100_Right_100,VSS,Metal1,1086.8230,524.7955,0.000570
PHY_EDGE_ROW_99_Right_99,VSS,Metal1,1086.8230,523.5240,0.000570
PHY_EDGE_ROW_98_Right_98,VSS,Metal1,1086.8230,514.7155,0.000472
PHY_EDGE_ROW_97_Right_97,VSS,Metal1,1086.8230,513.4440,0.000472
PHY_EDGE_ROW_96_Right_96,VSS,Metal1,1086.8230,504.6355,0.000502
PHY_EDGE_ROW_95_Right_95,VSS,Metal1,1086.8230,503.3640,0.000502
PHY_EDGE_ROW_94_Right_94,VSS,Metal1,1086.8230,494.5555,0.001013
PHY_EDGE_ROW_93_Right_93,VSS,Metal1,1086.8230,493.2840,0.001013
PHY_EDGE_ROW_92_Right_92,VSS,Metal1,1086.8230,484.4755,0.001270
PHY_EDGE_ROW_91_Right_91,VSS,Metal1,1086.8230,483.2040,0.001270
PHY_EDGE_ROW_90_Right_90,VSS,Metal1,1086.8230,474.3955,0.001049
PHY_EDGE_ROW_89_Right_89,VSS,Metal1,1086.8230,473.1240,0.001049
PHY_EDGE_ROW_88_Right_88,VSS,Metal1,1086.8230,464.3155,0.000476
PHY_EDGE_ROW_87_Right_87,VSS,Metal1,1086.8230,463.0440,0.000476
PHY_EDGE_ROW_86_Right_86,VSS,Metal1,1086.8230,454.2355,0.000382
PHY_EDGE_ROW_85_Right_85,VSS,Metal1,1086.8230,452.9640,0.000382
PHY_EDGE_ROW_84_Right_84,VSS,Metal1,1086.8230,444.1555,0.000503
PHY_EDGE_ROW_83_Right_83,VSS,Metal1,1086.8230,442.8840,0.000503
PHY_EDGE_ROW_82_Right_82,VSS,Metal1,1086.8230,434.0755,0.000542
PHY_EDGE_ROW_81_Right_81,VSS,Metal1,1086.8230,432.8040,0.000542
PHY_EDGE_ROW_80_Right_80,VSS,Metal1,1086.8230,423.9955,0.000420
PHY_EDGE_ROW_79_Right_79,VSS,Metal1,1086.8230,422.7240,0.000420
PHY_EDGE_ROW_78_Right_78,VSS,Metal1,1086.8230,413.9155,0.000483
PHY_EDGE_ROW_77_Right_77,VSS,Metal1,1086.8230,412.6440,0.000483
PHY_EDGE_ROW_76_Right_76,VSS,Metal1,1086.8230,403.8355,0.000448
PHY_EDGE_ROW_75_Right_75,VSS,Metal1,1086.8230,402.5640,0.000448
PHY_EDGE_ROW_74_Right_74,VSS,Metal1,1086.8230,393.7555,0.000393
PHY_EDGE_ROW_73_Right_73,VSS,Metal1,1086.8230,392.4840,0.000393
PHY_EDGE_ROW_72_Right_72,VSS,Metal1,1086.8230,383.6755,0.000145
PHY_EDGE_ROW_71_Right_71,VSS,Metal1,1086.8230,382.4040,0.000145
PHY_EDGE_ROW_70_Right_70,VSS,Metal1,1086.8230,373.5955,0.000297
PHY_EDGE_ROW_69_Right_69,VSS,Metal1,1086.8230,372.3240,0.000297
PHY_EDGE_ROW_68_Right_68,VSS,Metal1,1086.8230,363.5155,0.000645
PHY_EDGE_ROW_67_Right_67,VSS,Metal1,1086.8230,362.2440,0.000645
PHY_EDGE_ROW_66_Right_66,VSS,Metal1,1086.8230,353.4355,0.000660
PHY_EDGE_ROW_65_Right_65,VSS,Metal1,1086.8230,352.1640,0.000660
PHY_EDGE_ROW_64_Right_64,VSS,Metal1,1086.8230,343.3555,0.000471
PHY_EDGE_ROW_63_Right_63,VSS,Metal1,1086.8230,342.0840,0.000471
PHY_EDGE_ROW_62_Right_62,VSS,Metal1,1086.8230,333.2755,0.000408
PHY_EDGE_ROW_61_Right_61,VSS,Metal1,1086.8230,332.0040,0.000408
PHY_EDGE_ROW_60_Right_60,VSS,Metal1,1086.8230,323.1955,0.000974
PHY_EDGE_ROW_59_Right_59,VSS,Metal1,1086.8230,321.9240,0.000974
PHY_EDGE_ROW_58_Right_58,VSS,Metal1,1086.8230,313.1155,0.000514
PHY_EDGE_ROW_57_Right_57,VSS,Metal1,1086.8230,311.8440,0.000514
PHY_EDGE_ROW_56_Right_56,VSS,Metal1,1086.8230,303.0355,0.000773
PHY_EDGE_ROW_55_Right_55,VSS,Metal1,1086.8230,301.7640,0.000773
PHY_EDGE_ROW_54_Right_54,VSS,Metal1,1086.8230,292.9555,0.000490
PHY_EDGE_ROW_53_Right_53,VSS,Metal1,1086.8230,291.6840,0.000490
PHY_EDGE_ROW_52_Right_52,VSS,Metal1,1086.8230,282.8755,0.000424
PHY_EDGE_ROW_51_Right_51,VSS,Metal1,1086.8230,281.6040,0.000424
PHY_EDGE_ROW_50_Right_50,VSS,Metal1,1086.8230,272.7955,0.000189
PHY_EDGE_ROW_49_Right_49,VSS,Metal1,1086.8230,271.5240,0.000189
PHY_EDGE_ROW_48_Right_48,VSS,Metal1,1086.8230,262.7155,0.000706
PHY_EDGE_ROW_47_Right_47,VSS,Metal1,1086.8230,261.4440,0.000706
PHY_EDGE_ROW_46_Right_46,VSS,Metal1,1086.8230,252.6355,0.000764
PHY_EDGE_ROW_45_Right_45,VSS,Metal1,1086.8230,251.3640,0.000764
PHY_EDGE_ROW_44_Right_44,VSS,Metal1,1086.8230,242.5555,0.000062
PHY_EDGE_ROW_43_Right_43,VSS,Metal1,1086.8230,241.2840,0.000062
PHY_EDGE_ROW_42_Right_42,VSS,Metal1,1086.8230,232.4755,0.000478
PHY_EDGE_ROW_41_Right_41,VSS,Metal1,1086.8230,231.2040,0.000478
PHY_EDGE_ROW_40_Right_40,VSS,Metal1,1086.8230,222.3955,0.000368
PHY_EDGE_ROW_39_Right_39,VSS,Metal1,1086.8230,221.1240,0.000368
PHY_EDGE_ROW_38_Right_38,VSS,Metal1,1086.8230,212.3155,0.000167
PHY_EDGE_ROW_37_Right_37,VSS,Metal1,1086.8230,211.0440,0.000167
PHY_EDGE_ROW_36_Right_36,VSS,Metal1,1086.8230,202.2355,0.000290
PHY_EDGE_ROW_35_Right_35,VSS,Metal1,1086.8230,200.9640,0.000290
PHY_EDGE_ROW_34_Right_34,VSS,Metal1,1086.8230,192.1555,0.000358
PHY_EDGE_ROW_33_Right_33,VSS,Metal1,1086.8230,190.8840,0.000358
PHY_EDGE_ROW_32_Right_32,VSS,Metal1,1086.8230,182.0755,0.000026
PHY_EDGE_ROW_31_Right_31,VSS,Metal1,1086.8230,180.8040,0.000026
PHY_EDGE_ROW_30_Right_30,VSS,Metal1,1086.8230,171.9955,0.000179
PHY_EDGE_ROW_29_Right_29,VSS,Metal1,1086.8230,170.7240,0.000179
PHY_EDGE_ROW_28_Right_28,VSS,Metal1,1086.8230,161.9155,0.000320
PHY_EDGE_ROW_27_Right_27,VSS,Metal1,1086.8230,160.6440,0.000320
PHY_EDGE_ROW_26_Right_26,VSS,Metal1,1086.8230,151.8355,0.000975
PHY_EDGE_ROW_25_Right_25,VSS,Metal1,1086.8230,150.5640,0.000975
PHY_EDGE_ROW_24_Right_24,VSS,Metal1,1086.8230,141.7555,0.000420
PHY_EDGE_ROW_23_Right_23,VSS,Metal1,1086.8230,140.4840,0.000420
PHY_EDGE_ROW_22_Right_22,VSS,Metal1,1086.8230,131.6755,0.000217
PHY_EDGE_ROW_21_Right_21,VSS,Metal1,1086.8230,130.4040,0.000217
PHY_EDGE_ROW_20_Right_20,VSS,Metal1,1086.8230,121.5955,0.000185
PHY_EDGE_ROW_19_Right_19,VSS,Metal1,1086.8230,120.3240,0.000185
PHY_EDGE_ROW_18_Right_18,VSS,Metal1,1086.8230,111.5155,0.000205
PHY_EDGE_ROW_17_Right_17,VSS,Metal1,1086.8230,110.2440,0.000205
PHY_EDGE_ROW_16_Right_16,VSS,Metal1,1086.8230,101.4355,0.000187
PHY_EDGE_ROW_15_Right_15,VSS,Metal1,1086.8230,100.1640,0.000187
PHY_EDGE_ROW_14_Right_14,VSS,Metal1,1086.8230,91.3555,0.000261
PHY_EDGE_ROW_13_Right_13,VSS,Metal1,1086.8230,90.0840,0.000261
PHY_EDGE_ROW_12_Right_12,VSS,Metal1,1086.8230,81.2755,0.000202
PHY_EDGE_ROW_11_Right_11,VSS,Metal1,1086.8230,80.0040,0.000202
PHY_EDGE_ROW_10_Right_10,VSS,Metal1,1086.8230,71.1955,0.000629
PHY_EDGE_ROW_9_Right_9,VSS,Metal1,1086.8230,69.9240,0.000629
PHY_EDGE_ROW_8_Right_8,VSS,Metal1,1086.8230,61.1155,0.000153
PHY_EDGE_ROW_7_Right_7,VSS,Metal1,1086.8230,59.8440,0.000153
PHY_EDGE_ROW_6_Right_6,VSS,Metal1,1086.8230,51.0355,0.000083
PHY_EDGE_ROW_5_Right_5,VSS,Metal1,1086.8230,49.7640,0.000083
PHY_EDGE_ROW_4_Right_4,VSS,Metal1,1086.8230,40.9555,0.000281
PHY_EDGE_ROW_3_Right_3,VSS,Metal1,1086.8230,39.6840,0.000281
PHY_EDGE_ROW_2_Right_2,VSS,Metal1,1086.8230,30.8755,0.000266
PHY_EDGE_ROW_1_Right_1,VSS,Metal1,1086.8230,29.6040,0.000266
PHY_EDGE_ROW_0_Right_0,VSS,Metal1,1086.8230,20.7955,0.000014
u_transform_scheduler_core.u_fft_scratch_sram.u_lo.u_gwen_driver,VSS,Metal1,154.9700,704.9490,0.000158
u_transform_scheduler_core.u_fft_scratch_sram.u_lo.u_cen_driver,VSS,Metal1,295.6610,695.0455,0.000997
u_transform_scheduler_core.u_fft_scratch_sram.u_lo.g_pin_drive\[7\].u_data_driver,VSS,Metal1,621.4400,704.8240,0.000261
u_transform_scheduler_core.u_fft_scratch_sram.u_lo.g_pin_drive\[7\].u_addr_driver,VSS,Metal1,199.2000,696.2960,0.000656
u_transform_scheduler_core.u_fft_scratch_sram.u_lo.g_pin_drive\[6\].u_data_driver,VSS,Metal1,416.4800,704.8240,0.000262
u_transform_scheduler_core.u_fft_scratch_sram.u_lo.g_pin_drive\[6\].u_addr_driver,VSS,Metal1,316.8000,704.8240,0.000279
u_transform_scheduler_core.u_fft_scratch_sram.u_lo.g_pin_drive\[5\].u_data_driver,VSS,Metal1,401.9200,704.8240,0.000271
u_transform_scheduler_core.u_fft_scratch_sram.u_lo.g_pin_drive\[5\].u_addr_driver,VSS,Metal1,315.6800,694.7440,0.000991
u_transform_scheduler_core.u_fft_scratch_sram.u_lo.g_pin_drive\[4\].u_data_driver,VSS,Metal1,361.0400,704.8240,0.000278
u_transform_scheduler_core.u_fft_scratch_sram.u_lo.g_pin_drive\[4\].u_addr_driver,VSS,Metal1,325.7600,694.7440,0.000991
u_transform_scheduler_core.u_fft_scratch_sram.u_lo.g_pin_drive\[3\].u_data_driver,VSS,Metal1,173.4400,704.8240,0.000143
u_transform_scheduler_core.u_fft_scratch_sram.u_lo.g_pin_drive\[3\].u_addr_driver,VSS,Metal1,325.7600,704.8240,0.000266
u_transform_scheduler_core.u_fft_scratch_sram.u_lo.g_pin_drive\[2\].u_data_driver,VSS,Metal1,126.4000,704.8240,0.000179
u_transform_scheduler_core.u_fft_scratch_sram.u_lo.g_pin_drive\[2\].u_addr_driver,VSS,Metal1,202.5600,704.8240,0.000193
u_transform_scheduler_core.u_fft_scratch_sram.u_lo.g_pin_drive\[1\].u_data_driver,VSS,Metal1,116.3200,704.8240,0.000182
u_transform_scheduler_core.u_fft_scratch_sram.u_lo.g_pin_drive\[1\].u_addr_driver,VSS,Metal1,211.5200,704.8240,0.000199
u_transform_scheduler_core.u_fft_scratch_sram.u_lo.g_pin_drive\[0\].u_data_driver,VSS,Metal1,76.0000,704.8240,0.000181
u_transform_scheduler_core.u_fft_scratch_sram.u_lo.g_pin_drive\[0\].u_addr_driver,VSS,Metal1,221.6000,704.8240,0.000206
u_transform_scheduler_core.u_fft_scratch_sram.u_hi.u_gwen_driver,VSS,Metal1,509.4500,716.3305,0.000112
u_transform_scheduler_core.u_fft_scratch_sram.u_hi.u_cen_driver,VSS,Metal1,298.4610,705.1255,0.000294
u_transform_scheduler_core.u_fft_scratch_sram.u_hi.g_pin_drive\[7\].u_data_driver,VSS,Metal1,872.3200,704.8240,0.000406
u_transform_scheduler_core.u_fft_scratch_sram.u_hi.g_pin_drive\[7\].u_addr_driver,VSS,Metal1,240.6400,704.8240,0.000219
u_transform_scheduler_core.u_fft_scratch_sram.u_hi.g_pin_drive\[6\].u_data_driver,VSS,Metal1,894.1600,696.2960,0.000575
u_transform_scheduler_core.u_fft_scratch_sram.u_hi.g_pin_drive\[6\].u_addr_driver,VSS,Metal1,334.7200,694.7440,0.000987
u_transform_scheduler_core.u_fft_scratch_sram.u_hi.g_pin_drive\[5\].u_data_driver,VSS,Metal1,882.9600,696.2960,0.000576
u_transform_scheduler_core.u_fft_scratch_sram.u_hi.g_pin_drive\[5\].u_addr_driver,VSS,Metal1,341.4400,704.8240,0.000263
u_transform_scheduler_core.u_fft_scratch_sram.u_hi.g_pin_drive\[4\].u_data_driver,VSS,Metal1,830.8800,704.8240,0.000365
u_transform_scheduler_core.u_fft_scratch_sram.u_hi.g_pin_drive\[4\].u_addr_driver,VSS,Metal1,364.9600,694.7440,0.001122
u_transform_scheduler_core.u_fft_scratch_sram.u_hi.g_pin_drive\[3\].u_data_driver,VSS,Metal1,658.9600,696.2960,0.000707
u_transform_scheduler_core.u_fft_scratch_sram.u_hi.g_pin_drive\[3\].u_addr_driver,VSS,Metal1,541.3600,696.2960,0.001092
u_transform_scheduler_core.u_fft_scratch_sram.u_hi.g_pin_drive\[2\].u_data_driver,VSS,Metal1,647.2000,704.8240,0.000250
u_transform_scheduler_core.u_fft_scratch_sram.u_hi.g_pin_drive\[2\].u_addr_driver,VSS,Metal1,230.5600,704.8240,0.000212
u_transform_scheduler_core.u_fft_scratch_sram.u_hi.g_pin_drive\[1\].u_data_driver,VSS,Metal1,608.0000,704.8240,0.000264
u_transform_scheduler_core.u_fft_scratch_sram.u_hi.g_pin_drive\[1\].u_addr_driver,VSS,Metal1,227.7600,696.2960,0.000693
u_transform_scheduler_core.u_fft_scratch_sram.u_hi.g_pin_drive\[0\].u_data_driver,VSS,Metal1,549.7600,704.8240,0.000247
u_transform_scheduler_core.u_fft_scratch_sram.u_hi.g_pin_drive\[0\].u_addr_driver,VSS,Metal1,249.6000,704.8240,0.000224
_19740_,VSS,Metal1,115.3130,363.5665,0.000573
_19739_,VSS,Metal1,114.7530,614.1930,0.000387
_19738_,VSS,Metal1,118.6730,353.4865,0.000560
_19737_,VSS,Metal1,134.9130,210.9930,0.000287
_19736_,VSS,Metal1,304.5930,392.4330,0.000448
_19735_,VSS,Metal1,189.2330,342.0330,0.000297
_19734_,VSS,Metal1,173.5530,363.5665,0.000512
_19733_,VSS,Metal1,206.0330,353.4865,0.000552
_19732_,VSS,Metal1,174.8155,331.9285,0.000519
_19731_,VSS,Metal1,56.0955,534.9510,0.000506
_19730_,VSS,Metal1,684.1415,121.6235,0.000237
_19729_,VSS,Metal1,630.3815,40.9835,0.000221
_19728_,VSS,Metal1,682.4615,180.7760,0.000171
_19727_,VSS,Metal1,674.6215,101.4635,0.000128
_19726_,VSS,Metal1,679.6615,71.2235,0.000220
_19725_,VSS,Metal1,632.0615,91.3835,0.000144
_19724_,VSS,Metal1,626.4615,30.9035,0.000279
_19723_,VSS,Metal1,643.2615,30.9035,0.000267
_19722_,VSS,Metal1,516.7015,172.0235,0.000149
_19721_,VSS,Metal1,416.4615,90.0560,0.000195
_19720_,VSS,Metal1,245.1015,20.8235,0.000047
_19719_,VSS,Metal1,236.1415,222.4235,0.000301
_19718_,VSS,Metal1,248.4615,30.9035,0.000239
_19717_,VSS,Metal1,251.2615,140.4560,0.000208
_19716_,VSS,Metal1,247.3415,242.5835,0.000311
_19715_,VSS,Metal1,682.4615,120.2960,0.000237
_19714_,VSS,Metal1,623.6615,51.0635,0.000054
_19713_,VSS,Metal1,679.1015,182.1035,0.000171
_19712_,VSS,Metal1,649.9815,79.9760,0.000297
_19711_,VSS,Metal1,662.8615,71.2235,0.000207
_19710_,VSS,Metal1,625.3415,90.0560,0.000144
_19709_,VSS,Metal1,619.1815,59.8160,0.000346
_19708_,VSS,Metal1,644.9415,29.5760,0.000266
_19707_,VSS,Metal1,517.8215,182.1035,0.000162
_19706_,VSS,Metal1,238.9415,91.3835,0.000305
_19705_,VSS,Metal1,215.9815,39.6560,0.000169
_19704_,VSS,Metal1,231.6615,202.2635,0.000330
_19703_,VSS,Metal1,212.6215,30.9035,0.000212
_19702_,VSS,Metal1,250.7015,141.7835,0.000208
_19701_,VSS,Metal1,233.3415,241.2560,0.000318
_19700_,VSS,Metal1,684.7015,211.0160,0.000243
_19699_,VSS,Metal1,684.1415,172.0235,0.000137
_19698_,VSS,Metal1,649.4215,39.6560,0.000233
_19697_,VSS,Metal1,648.3015,241.2560,0.000142
_19696_,VSS,Metal1,680.2215,232.5035,0.000134
_19695_,VSS,Metal1,690.3015,140.4560,0.000245
_19694_,VSS,Metal1,599.0215,182.1035,0.000175
_19693_,VSS,Metal1,605.7415,202.2635,0.000176
_19692_,VSS,Metal1,263.0215,231.1760,0.000392
_19691_,VSS,Metal1,233.3415,170.6960,0.000423
_19690_,VSS,Metal1,247.3415,81.3035,0.000265
_19689_,VSS,Metal1,252.9415,39.6560,0.000182
_19688_,VSS,Metal1,260.7815,200.9360,0.000300
_19687_,VSS,Metal1,236.1415,40.9835,0.000174
_19686_,VSS,Metal1,241.7415,121.6235,0.000187
_19685_,VSS,Metal1,683.0215,202.2635,0.000168
_19684_,VSS,Metal1,666.2215,161.9435,0.000120
_19683_,VSS,Metal1,655.0215,59.8160,0.000312
_19682_,VSS,Metal1,635.9815,222.4235,0.000344
_19681_,VSS,Metal1,678.5415,222.4235,0.000408
_19680_,VSS,Metal1,677.9815,131.7035,0.000171
_19679_,VSS,Metal1,611.9015,180.7760,0.000174
_19678_,VSS,Metal1,610.7815,211.0160,0.000236
_19677_,VSS,Metal1,265.2615,221.0960,0.000292
_19676_,VSS,Metal1,236.1415,161.9435,0.000276
_19675_,VSS,Metal1,213.1815,29.5760,0.000213
_19674_,VSS,Metal1,248.4615,71.2235,0.000212
_19673_,VSS,Metal1,252.9415,192.1835,0.000446
_19672_,VSS,Metal1,233.3415,39.6560,0.000174
_19671_,VSS,Metal1,241.1815,111.5435,0.000179
_19670_,VSS,Metal1,682.4615,160.6160,0.000123
_19669_,VSS,Metal1,675.1815,151.8635,0.000365
_19668_,VSS,Metal1,679.6615,242.5835,0.000146
_19667_,VSS,Metal1,662.8615,242.5835,0.000144
_19666_,VSS,Metal1,154.5130,373.6465,0.000311
_19665_,VSS,Metal1,232.3530,342.0330,0.000307
_19664_,VSS,Metal1,110.2730,291.6330,0.000522
_19663_,VSS,Metal1,212.7530,303.0865,0.000458
_19662_,VSS,Metal1,212.7530,313.1665,0.000659
_19661_,VSS,Metal1,229.5530,301.7130,0.000456
_19660_,VSS,Metal1,232.9130,313.1665,0.000647
_19659_,VSS,Metal1,95.1530,222.4465,0.000333
_19658_,VSS,Metal1,115.3130,111.5665,0.000250
_19657_,VSS,Metal1,104.6730,100.1130,0.000533
_19656_,VSS,Metal1,105.7930,79.9530,0.000247
_19655_,VSS,Metal1,117.5530,61.1665,0.000326
_19654_,VSS,Metal1,110.2730,59.7930,0.000326
_19653_,VSS,Metal1,95.1530,61.1665,0.000326
_19652_,VSS,Metal1,381.8730,321.8730,0.000275
_19651_,VSS,Metal1,361.7130,313.1665,0.000537
_19650_,VSS,Metal1,267.0930,342.0200,0.000290
_19649_,VSS,Metal1,311.3130,373.6465,0.000231
_19648_,VSS,Metal1,141.6330,442.8330,0.000223
_19647_,VSS,Metal1,82.8330,484.5265,0.000414
_19646_,VSS,Metal1,64.3530,210.9930,0.000285
_19645_,VSS,Metal1,74.4330,251.3130,0.000520
_19644_,VSS,Metal1,119.7930,121.6465,0.000154
_19643_,VSS,Metal1,156.7530,303.0865,0.000565
_19642_,VSS,Metal1,88.4330,282.9265,0.000478
_19641_,VSS,Metal1,87.8730,413.9665,0.000469
_19640_,VSS,Metal1,277.4220,534.9675,0.000515
_19639_,VSS,Metal1,251.9530,494.6065,0.000574
_19638_,VSS,Metal1,1072.3530,735.1530,0.000226
_19637_,VSS,Metal1,901.5530,665.9665,0.000315
_19636_,VSS,Metal1,906.1755,655.9110,0.000702
_19635_,VSS,Metal1,886.5755,674.6485,0.000482
_19634_,VSS,Metal1,252.5130,553.7130,0.000558
_19633_,VSS,Metal1,222.8330,553.7130,0.000537
_19632_,VSS,Metal1,214.4530,533.5400,0.000515
_19631_,VSS,Metal1,56.5130,543.6330,0.000407
_19630_,VSS,Metal1,76.1130,242.6065,0.000474
_19629_,VSS,Metal1,89.5530,474.4465,0.000514
_19628_,VSS,Metal1,59.3330,241.2200,0.000472
_19627_,VSS,Metal1,123.7130,293.0065,0.000522
_19626_,VSS,Metal1,132.1130,202.2865,0.000429
_19625_,VSS,Metal1,72.1930,221.0730,0.000313
_19624_,VSS,Metal1,174.1130,362.1930,0.000511
_19623_,VSS,Metal1,94.5930,272.8465,0.000444
_19622_,VSS,Metal1,149.4730,352.1130,0.000558
_19621_,VSS,Metal1,88.4330,252.6865,0.000529
_19620_,VSS,Metal1,173.5530,323.2465,0.000444
_19619_,VSS,Metal1,236.2730,343.4065,0.000307
_19618_,VSS,Metal1,95.7130,281.5530,0.000478
_19617_,VSS,Metal1,143.3330,342.0200,0.000338
_19616_,VSS,Metal1,281.6330,363.5665,0.000504
_19615_,VSS,Metal1,306.2730,362.1930,0.000483
_19614_,VSS,Metal1,306.2730,382.3530,0.000397
_19613_,VSS,Metal1,82.8330,464.3665,0.000288
_19612_,VSS,Metal1,114.7530,432.7530,0.000285
_19611_,VSS,Metal1,100.1930,352.1130,0.000559
_19610_,VSS,Metal1,75.5530,352.1130,0.000539
_19609_,VSS,Metal1,82.8330,373.6465,0.000342
_19608_,VSS,Metal1,88.9930,534.9265,0.000554
_19607_,VSS,Metal1,68.2730,301.7130,0.000706
_19606_,VSS,Metal1,134.9130,432.7530,0.000290
_19605_,VSS,Metal1,102.9930,362.1930,0.000573
_19604_,VSS,Metal1,62.1130,311.7930,0.000670
_19603_,VSS,Metal1,95.1530,545.0065,0.000399
_19602_,VSS,Metal1,104.1130,442.8330,0.000240
_19601_,VSS,Metal1,71.6530,372.2600,0.000342
_19600_,VSS,Metal1,127.6330,393.8065,0.000224
_19599_,VSS,Metal1,104.1130,402.5130,0.000348
_19598_,VSS,Metal1,94.5930,403.8865,0.000347
_19597_,VSS,Metal1,127.6530,403.8995,0.000354
_19596_,VSS,Metal1,458.5930,382.3530,0.000481
_19595_,VSS,Metal1,447.9530,393.8065,0.000592
_19594_,VSS,Metal1,428.9130,393.8065,0.000596
_19593_,VSS,Metal1,410.4330,392.4330,0.000592
_19592_,VSS,Metal1,336.0955,392.4085,0.000450
_19591_,VSS,Metal1,64.9130,513.3930,0.000226
_19590_,VSS,Metal1,64.9130,503.3130,0.000441
_19589_,VSS,Metal1,55.9530,504.6865,0.000439
_19588_,VSS,Metal1,85.6330,565.1665,0.000389
_19587_,VSS,Metal1,114.7530,533.5530,0.000548
_19586_,VSS,Metal1,114.7530,563.7930,0.000394
_19585_,VSS,Metal1,112.5130,573.8730,0.000493
_19584_,VSS,Metal1,92.9130,514.7665,0.000238
_19583_,VSS,Metal1,86.7530,555.0865,0.000504
_19582_,VSS,Metal1,85.6330,585.3265,0.000478
_19581_,VSS,Metal1,120.3530,595.4065,0.000581
_19580_,VSS,Metal1,659.0730,422.6730,0.000308
_19579_,VSS,Metal1,679.7930,413.9665,0.000386
_19578_,VSS,Metal1,683.7130,291.6330,0.000378
_19577_,VSS,Metal1,682.0330,303.0865,0.000495
_19576_,VSS,Metal1,657.9530,281.5530,0.000258
_19575_,VSS,Metal1,656.2730,311.7930,0.000366
_19574_,VSS,Metal1,607.5530,432.7530,0.000437
_19573_,VSS,Metal1,566.1130,291.6330,0.000415
_19572_,VSS,Metal1,95.7130,614.1930,0.000385
_19571_,VSS,Metal1,127.6330,534.9265,0.000546
_19570_,VSS,Metal1,134.9130,563.7930,0.000390
_19569_,VSS,Metal1,115.3130,575.2465,0.000493
_19568_,VSS,Metal1,95.1530,524.8465,0.000460
_19567_,VSS,Metal1,75.5530,573.8730,0.000466
_19566_,VSS,Metal1,85.0730,605.4865,0.000242
_19565_,VSS,Metal1,114.7530,604.1130,0.000234
_19564_,VSS,Metal1,95.1530,615.5665,0.000385
_19563_,VSS,Metal1,130.9930,545.0065,0.000396
_19562_,VSS,Metal1,130.9930,555.0865,0.000487
_19561_,VSS,Metal1,114.7530,583.9530,0.000484
_19560_,VSS,Metal1,95.7130,533.5530,0.000554
_19559_,VSS,Metal1,81.1530,575.2465,0.000466
_19558_,VSS,Metal1,88.4330,595.4065,0.000584
_19557_,VSS,Metal1,123.7130,605.4865,0.000233
_19556_,VSS,Metal1,664.1130,424.0465,0.000308
_19555_,VSS,Metal1,683.7130,402.5130,0.000390
_19554_,VSS,Metal1,680.3530,293.0065,0.000378
_19553_,VSS,Metal1,683.7130,311.7930,0.000383
_19552_,VSS,Metal1,663.5530,291.6330,0.000376
_19551_,VSS,Metal1,652.9130,301.7130,0.000468
_19550_,VSS,Metal1,610.3530,422.6730,0.000315
_19549_,VSS,Metal1,559.9530,293.0065,0.000415
_19548_,VSS,Metal1,624.9130,293.0065,0.000377
_19547_,VSS,Metal1,418.8330,321.8730,0.000268
_19546_,VSS,Metal1,405.9530,363.5665,0.000566
_19545_,VSS,Metal1,377.3930,331.9530,0.000395
_19544_,VSS,Metal1,193.1530,331.9530,0.000519
_19543_,VSS,Metal1,154.5130,323.2465,0.000462
_19542_,VSS,Metal1,150.0330,402.5130,0.000355
_19541_,VSS,Metal1,222.2730,352.1130,0.000569
_19540_,VSS,Metal1,167.9530,514.7665,0.000187
_19539_,VSS,Metal1,148.9130,533.5530,0.000522
_19538_,VSS,Metal1,143.8730,523.4730,0.000360
_19537_,VSS,Metal1,154.5130,504.6865,0.000449
_19536_,VSS,Metal1,162.3530,484.5265,0.000395
_19535_,VSS,Metal1,147.2330,462.9930,0.000307
_19534_,VSS,Metal1,160.1130,534.9265,0.000520
_19533_,VSS,Metal1,169.0730,474.4465,0.000409
_19532_,VSS,Metal1,21.7930,352.1130,0.000330
_19531_,VSS,Metal1,25.7130,342.0330,0.000292
_19530_,VSS,Metal1,18.9930,301.7130,0.000467
_19529_,VSS,Metal1,16.7530,303.0865,0.000466
_19528_,VSS,Metal1,28.5130,311.7930,0.000534
_19527_,VSS,Metal1,23.4730,362.1930,0.000342
_19526_,VSS,Metal1,16.7530,333.3265,0.000586
_19525_,VSS,Metal1,56.5130,342.0330,0.000324
_19524_,VSS,Metal1,30.1930,372.2730,0.000287
_19523_,VSS,Metal1,55.3930,262.7665,0.000250
_19522_,VSS,Metal1,19.5530,271.4730,0.000348
_19521_,VSS,Metal1,16.7530,242.6065,0.000364
_19520_,VSS,Metal1,19.5530,241.2330,0.000365
_19519_,VSS,Metal1,31.8730,251.3130,0.000395
_19518_,VSS,Metal1,16.7530,272.8465,0.000347
_19517_,VSS,Metal1,25.1530,281.5530,0.000325
_19516_,VSS,Metal1,71.6330,281.5530,0.000477
_19515_,VSS,Metal1,68.2730,271.4730,0.000448
_19514_,VSS,Metal1,48.6730,363.5665,0.000372
_19513_,VSS,Metal1,141.0730,372.2730,0.000312
_19512_,VSS,Metal1,76.1130,444.2065,0.000246
_19511_,VSS,Metal1,66.0330,614.1930,0.000364
_19510_,VSS,Metal1,18.9930,583.9530,0.000403
_19509_,VSS,Metal1,16.7530,605.4865,0.000226
_19508_,VSS,Metal1,16.7530,575.2465,0.000370
_19507_,VSS,Metal1,16.7530,615.5665,0.000360
_19506_,VSS,Metal1,16.7530,545.0065,0.000342
_19505_,VSS,Metal1,18.9930,543.6330,0.000343
_19504_,VSS,Metal1,56.5130,604.1130,0.000242
_19503_,VSS,Metal1,62.6730,452.9130,0.000345
_19502_,VSS,Metal1,48.6730,444.2065,0.000204
_19501_,VSS,Metal1,56.5130,402.5130,0.000279
_19500_,VSS,Metal1,55.9530,403.8865,0.000279
_19499_,VSS,Metal1,55.9530,393.8065,0.000194
_19498_,VSS,Metal1,67.1530,412.5930,0.000456
_19497_,VSS,Metal1,36.3530,503.3130,0.000426
_19496_,VSS,Metal1,36.9130,504.6865,0.000426
_19495_,VSS,Metal1,31.3130,513.3930,0.000214
_19494_,VSS,Metal1,16.7530,504.6865,0.000408
_19493_,VSS,Metal1,17.3130,503.3130,0.000408
_19492_,VSS,Metal1,16.7530,474.4465,0.000487
_19491_,VSS,Metal1,17.3130,473.0730,0.000487
_19490_,VSS,Metal1,36.9130,464.3665,0.000221
_19489_,VSS,Metal1,36.3530,473.0730,0.000509
_19488_,VSS,Metal1,24.5930,382.3530,0.000114
_19487_,VSS,Metal1,21.2330,392.4330,0.000158
_19486_,VSS,Metal1,16.7530,393.8065,0.000158
_19485_,VSS,Metal1,22.3530,402.5130,0.000228
_19484_,VSS,Metal1,23.4730,422.6730,0.000429
_19483_,VSS,Metal1,16.7530,424.0465,0.000427
_19482_,VSS,Metal1,16.7530,434.1265,0.000204
_19481_,VSS,Metal1,26.8330,442.8330,0.000183
_19480_,VSS,Metal1,33.5530,432.7530,0.000203
_19479_,VSS,Metal1,95.7130,473.0730,0.000513
_19478_,VSS,Metal1,123.1530,494.6065,0.000369
_19477_,VSS,Metal1,141.0730,503.3130,0.000450
_19476_,VSS,Metal1,128.7530,504.6865,0.000450
_19475_,VSS,Metal1,112.5130,503.3130,0.000455
_19474_,VSS,Metal1,104.6730,513.3930,0.000238
_19473_,VSS,Metal1,139.9530,473.0730,0.000448
_19472_,VSS,Metal1,114.7530,473.0730,0.000509
_19471_,VSS,Metal1,132.1130,464.3665,0.000307
_19470_,VSS,Metal1,64.3530,473.0730,0.000520
_19469_,VSS,Metal1,69.9530,624.2730,0.000385
_19468_,VSS,Metal1,43.0730,575.2465,0.000420
_19467_,VSS,Metal1,32.9930,614.1930,0.000345
_19466_,VSS,Metal1,34.1130,573.8730,0.000417
_19465_,VSS,Metal1,29.0730,624.2730,0.000383
_19464_,VSS,Metal1,29.0730,553.7130,0.000425
_19463_,VSS,Metal1,30.1930,533.5530,0.000433
_19462_,VSS,Metal1,55.9530,595.4065,0.000532
_19461_,VSS,Metal1,56.5130,69.8730,0.000267
_19460_,VSS,Metal1,62.6730,59.7930,0.000274
_19459_,VSS,Metal1,54.2730,61.1665,0.000274
_19458_,VSS,Metal1,26.8330,90.0330,0.000206
_19457_,VSS,Metal1,22.9130,100.1130,0.000407
_19456_,VSS,Metal1,16.7530,91.4065,0.000203
_19455_,VSS,Metal1,39.1530,81.3265,0.000204
_19454_,VSS,Metal1,53.7130,182.1265,0.000258
_19453_,VSS,Metal1,75.5530,79.9530,0.000232
_19452_,VSS,Metal1,76.1130,81.3265,0.000232
_19451_,VSS,Metal1,55.9530,101.4865,0.000513
_19450_,VSS,Metal1,56.5130,110.1930,0.000226
_19449_,VSS,Metal1,68.8330,100.1130,0.000514
_19448_,VSS,Metal1,81.7130,71.2465,0.000286
_19447_,VSS,Metal1,189.2330,140.4330,0.000187
_19446_,VSS,Metal1,206.0330,192.2065,0.000447
_19445_,VSS,Metal1,201.5530,101.4865,0.000226
_19444_,VSS,Metal1,200.9930,111.5665,0.000181
_19443_,VSS,Metal1,193.7130,172.0465,0.000447
_19442_,VSS,Metal1,174.1130,130.3530,0.000257
_19441_,VSS,Metal1,154.5130,151.8865,0.000218
_19440_,VSS,Metal1,172.9930,202.2865,0.000348
_19439_,VSS,Metal1,153.9530,210.9930,0.000280
_19438_,VSS,Metal1,120.3530,212.3665,0.000287
_19437_,VSS,Metal1,166.8330,172.0465,0.000447
_19436_,VSS,Metal1,101.8730,170.6730,0.000500
_19435_,VSS,Metal1,134.3530,172.0465,0.000470
_19434_,VSS,Metal1,112.5130,180.7530,0.000245
_19433_,VSS,Metal1,56.5130,160.5930,0.000462
_19432_,VSS,Metal1,74.9930,190.8330,0.000350
_19431_,VSS,Metal1,75.5530,160.5930,0.000473
_19430_,VSS,Metal1,22.9130,180.7530,0.000189
_19429_,VSS,Metal1,16.7530,182.1265,0.000188
_19428_,VSS,Metal1,16.7530,151.8865,0.000221
_19427_,VSS,Metal1,24.5930,150.5130,0.000221
_19426_,VSS,Metal1,27.3930,160.5930,0.000385
_19425_,VSS,Metal1,22.3530,200.9130,0.000289
_19424_,VSS,Metal1,16.7530,212.3665,0.000191
_19423_,VSS,Metal1,22.3530,210.9930,0.000191
_19422_,VSS,Metal1,156.7530,212.3665,0.000279
_19421_,VSS,Metal1,107.4730,210.9930,0.000288
_19420_,VSS,Metal1,158.9930,182.1265,0.000215
_19419_,VSS,Metal1,94.5930,172.0465,0.000500
_19418_,VSS,Metal1,125.9530,182.1265,0.000244
_19417_,VSS,Metal1,95.1530,182.1265,0.000255
_19416_,VSS,Metal1,55.9530,161.9665,0.000462
_19415_,VSS,Metal1,67.7130,200.9130,0.000439
_19414_,VSS,Metal1,49.7930,212.3665,0.000284
_19413_,VSS,Metal1,56.5130,180.7530,0.000259
_19412_,VSS,Metal1,187.5530,49.7130,0.000231
_19411_,VSS,Metal1,194.9755,61.1910,0.000254
_19410_,VSS,Metal1,193.7130,51.0865,0.000231
_19409_,VSS,Metal1,193.2955,59.7685,0.000254
_19408_,VSS,Metal1,146.1130,110.1930,0.000220
_19407_,VSS,Metal1,161.7930,41.0065,0.000147
_19406_,VSS,Metal1,165.7130,51.0865,0.000232
_19405_,VSS,Metal1,151.7130,49.7130,0.000232
_19404_,VSS,Metal1,148.3530,59.7930,0.000280
_19403_,VSS,Metal1,144.4330,69.8730,0.000269
_19402_,VSS,Metal1,144.9930,90.0330,0.000369
_19401_,VSS,Metal1,176.9330,100.1000,0.000225
_19400_,VSS,Metal1,180.2730,120.2730,0.000153
_19399_,VSS,Metal1,999.5530,402.5130,0.000358
_19398_,VSS,Metal1,1062.8330,313.1665,0.000514
_19397_,VSS,Metal1,981.6330,413.9665,0.000419
_19396_,VSS,Metal1,973.2330,402.5130,0.000355
_19395_,VSS,Metal1,930.1130,462.9930,0.000147
_19394_,VSS,Metal1,912.1930,444.2065,0.000386
_19393_,VSS,Metal1,899.3130,474.4465,0.000456
_19392_,VSS,Metal1,860.1130,474.4465,0.000421
_19391_,VSS,Metal1,794.5930,474.4465,0.000254
_19390_,VSS,Metal1,683.7130,493.2330,0.000207
_19389_,VSS,Metal1,655.1530,624.2730,0.000345
_19388_,VSS,Metal1,599.1530,615.5665,0.000398
_19387_,VSS,Metal1,557.7130,625.6465,0.000321
_19386_,VSS,Metal1,494.9930,533.5530,0.000441
_19385_,VSS,Metal1,435.0730,595.4065,0.000310
_19384_,VSS,Metal1,416.5930,594.0330,0.000318
_19383_,VSS,Metal1,825.3930,474.4465,0.000351
_19382_,VSS,Metal1,840.5130,483.1530,0.000316
_19381_,VSS,Metal1,804.6730,483.1530,0.000266
_19380_,VSS,Metal1,791.7930,575.2465,0.000347
_19379_,VSS,Metal1,768.8330,594.0330,0.000315
_19378_,VSS,Metal1,754.8330,575.2465,0.000402
_19377_,VSS,Metal1,735.7930,573.8730,0.000407
_19376_,VSS,Metal1,715.6330,555.0865,0.000345
_19375_,VSS,Metal1,692.1130,563.7930,0.000477
_19374_,VSS,Metal1,646.1930,654.5130,0.000584
_19373_,VSS,Metal1,611.4730,674.6730,0.000271
_19372_,VSS,Metal1,585.7130,686.1265,0.000451
_19371_,VSS,Metal1,510.6730,765.3930,0.000033
_19370_,VSS,Metal1,510.6730,856.1130,0.000033
_19369_,VSS,Metal1,509.5530,896.4330,0.000033
_19368_,VSS,Metal1,503.9530,887.7265,0.000033
_19367_,VSS,Metal1,441.7930,665.9665,0.000256
_19366_,VSS,Metal1,472.5930,686.1265,0.000373
_19365_,VSS,Metal1,1075.7130,301.7130,0.000773
_19364_,VSS,Metal1,1075.7130,291.6330,0.000490
_19363_,VSS,Metal1,1002.9130,301.7130,0.000646
_19362_,VSS,Metal1,977.7130,313.1665,0.000477
_19361_,VSS,Metal1,939.6330,323.2465,0.000524
_19360_,VSS,Metal1,898.7530,342.0330,0.000482
_19359_,VSS,Metal1,872.9930,323.2465,0.000494
_19358_,VSS,Metal1,909.3930,413.9665,0.000379
_19357_,VSS,Metal1,738.0330,392.4330,0.000261
_19356_,VSS,Metal1,664.1130,484.5265,0.000222
_19355_,VSS,Metal1,609.2330,513.3930,0.000293
_19354_,VSS,Metal1,507.3130,504.6865,0.000275
_19353_,VSS,Metal1,440.1130,494.6065,0.000527
_19352_,VSS,Metal1,440.1130,504.6865,0.000378
_19351_,VSS,Metal1,427.2330,493.2330,0.000530
_19350_,VSS,Metal1,428.9130,464.3665,0.000437
_19349_,VSS,Metal1,846.6730,352.1130,0.000427
_19348_,VSS,Metal1,836.5930,363.5665,0.000420
_19347_,VSS,Metal1,799.0730,373.6465,0.000234
_19346_,VSS,Metal1,773.3130,372.2730,0.000282
_19345_,VSS,Metal1,781.7130,363.5665,0.000392
_19344_,VSS,Metal1,740.2730,352.1130,0.000457
_19343_,VSS,Metal1,753.7130,514.7665,0.000335
_19342_,VSS,Metal1,761.5530,524.8465,0.000274
_19341_,VSS,Metal1,666.3530,524.8465,0.000319
_19340_,VSS,Metal1,622.1130,543.6330,0.000235
_19339_,VSS,Metal1,592.4330,545.0065,0.000284
_19338_,VSS,Metal1,504.5130,553.7130,0.000556
_19337_,VSS,Metal1,539.7930,573.8730,0.000396
_19336_,VSS,Metal1,416.0330,583.9530,0.000436
_19335_,VSS,Metal1,404.2730,595.4065,0.000319
_19334_,VSS,Metal1,446.8330,585.3265,0.000362
_19333_,VSS,Metal1,1075.7130,321.8730,0.000974
_19332_,VSS,Metal1,1075.1530,323.2465,0.000974
_19331_,VSS,Metal1,1031.4730,373.6465,0.000286
_19330_,VSS,Metal1,1047.7130,362.1930,0.000639
_19329_,VSS,Metal1,958.1130,382.3530,0.000127
_19328_,VSS,Metal1,918.3530,403.8865,0.000356
_19327_,VSS,Metal1,976.0330,412.5930,0.000419
_19326_,VSS,Metal1,1065.6330,484.5265,0.001270
_19325_,VSS,Metal1,932.9130,553.7130,0.000249
_19324_,VSS,Metal1,958.1130,573.8730,0.000429
_19323_,VSS,Metal1,721.2330,585.3265,0.000322
_19322_,VSS,Metal1,867.3930,615.5665,0.000483
_19321_,VSS,Metal1,928.5755,583.9285,0.000287
_19320_,VSS,Metal1,925.7755,604.0885,0.000629
_19319_,VSS,Metal1,929.1355,594.0085,0.000468
_19318_,VSS,Metal1,918.3530,474.4465,0.000463
_19317_,VSS,Metal1,950.8330,434.1265,0.000430
_19316_,VSS,Metal1,924.5130,442.8330,0.000385
_19315_,VSS,Metal1,939.6330,444.2065,0.000384
_19314_,VSS,Metal1,913.8730,464.3665,0.000145
_19313_,VSS,Metal1,928.4330,493.2330,0.000569
_19312_,VSS,Metal1,790.6730,484.5265,0.000258
_19311_,VSS,Metal1,761.5530,534.9265,0.000381
_19310_,VSS,Metal1,722.3530,565.1665,0.000487
_19309_,VSS,Metal1,669.1530,686.1265,0.000439
_19308_,VSS,Metal1,652.3530,684.7530,0.000437
_19307_,VSS,Metal1,648.9930,694.8330,0.000705
_19306_,VSS,Metal1,604.7530,696.2065,0.000824
_19305_,VSS,Metal1,905.4730,605.4865,0.000633
_19304_,VSS,Metal1,889.7930,644.4330,0.000268
_19303_,VSS,Metal1,908.8330,615.5665,0.000429
_19302_,VSS,Metal1,986.1130,585.3265,0.000273
_19301_,VSS,Metal1,478.7530,645.8065,0.000188
_19300_,VSS,Metal1,454.1130,684.7530,0.000382
_19299_,VSS,Metal1,982.7530,403.8865,0.000356
_19298_,VSS,Metal1,1055.5530,321.8730,0.000969
_19297_,VSS,Metal1,958.1130,422.6730,0.000381
_19296_,VSS,Metal1,957.5530,413.9665,0.000400
_19295_,VSS,Metal1,920.0330,473.0730,0.000464
_19294_,VSS,Metal1,900.9930,454.2865,0.000223
_19293_,VSS,Metal1,885.3130,473.0730,0.000450
_19292_,VSS,Metal1,840.5130,493.2330,0.000434
_19291_,VSS,Metal1,789.5530,494.6065,0.000300
_19290_,VSS,Metal1,738.5930,543.6330,0.000275
_19289_,VSS,Metal1,643.9530,625.6465,0.000344
_19288_,VSS,Metal1,592.9930,625.6465,0.000337
_19287_,VSS,Metal1,535.8730,644.4330,0.000205
_19286_,VSS,Metal1,480.9930,625.6465,0.000257
_19285_,VSS,Metal1,427.7930,604.1130,0.000173
_19284_,VSS,Metal1,401.4730,615.5665,0.000485
_19283_,VSS,Metal1,820.9130,494.6065,0.000416
_19282_,VSS,Metal1,828.7530,484.5265,0.000316
_19281_,VSS,Metal1,801.3130,583.9530,0.000301
_19280_,VSS,Metal1,785.6330,585.3265,0.000300
_19279_,VSS,Metal1,761.5530,595.4065,0.000315
_19278_,VSS,Metal1,746.4330,585.3265,0.000322
_19277_,VSS,Metal1,731.3130,583.9530,0.000322
_19276_,VSS,Metal1,702.7530,573.8730,0.000409
_19275_,VSS,Metal1,685.9530,694.8330,0.000709
_19274_,VSS,Metal1,639.4730,665.9665,0.000269
_19273_,VSS,Metal1,605.3130,684.7530,0.000448
_19272_,VSS,Metal1,585.7130,696.2065,0.001097
_19271_,VSS,Metal1,510.1130,785.5530,0.000033
_19270_,VSS,Metal1,503.3930,847.4065,0.000066
_19269_,VSS,Metal1,503.3930,907.8865,0.000066
_19268_,VSS,Metal1,503.9530,877.6465,0.000066
_19267_,VSS,Metal1,426.1130,664.5930,0.000256
_19266_,VSS,Metal1,467.5530,694.8330,0.000977
_19265_,VSS,Metal1,1067.3130,293.0065,0.000490
_19264_,VSS,Metal1,1075.1530,282.9265,0.000424
_19263_,VSS,Metal1,996.7530,293.0065,0.000450
_19262_,VSS,Metal1,977.1530,301.7130,0.000570
_19261_,VSS,Metal1,946.9130,313.1665,0.000469
_19260_,VSS,Metal1,891.4730,331.9530,0.000397
_19259_,VSS,Metal1,867.3930,303.0865,0.000535
_19258_,VSS,Metal1,907.1530,323.2465,0.000514
_19257_,VSS,Metal1,731.3130,382.3530,0.000228
_19256_,VSS,Metal1,648.4330,493.2330,0.000198
_19255_,VSS,Metal1,591.8730,514.7665,0.000294
_19254_,VSS,Metal1,487.1530,514.7665,0.000262
_19253_,VSS,Metal1,425.5530,503.3130,0.000379
_19252_,VSS,Metal1,426.1130,513.3930,0.000275
_19251_,VSS,Metal1,407.0730,484.5265,0.000420
_19250_,VSS,Metal1,418.2730,422.6730,0.000506
_19249_,VSS,Metal1,851.7130,342.0330,0.000477
_19248_,VSS,Metal1,838.2730,353.4865,0.000427
_19247_,VSS,Metal1,800.7530,313.1665,0.000401
_19246_,VSS,Metal1,762.1130,362.1930,0.000397
_19245_,VSS,Metal1,823.1530,333.3265,0.000397
_19244_,VSS,Metal1,730.1930,331.9530,0.000591
_19243_,VSS,Metal1,751.4730,303.0865,0.000458
_19242_,VSS,Metal1,765.4730,311.7930,0.000415
_19241_,VSS,Metal1,660.1930,523.4730,0.000319
_19240_,VSS,Metal1,605.8730,533.5530,0.000432
_19239_,VSS,Metal1,575.6330,543.6330,0.000285
_19238_,VSS,Metal1,489.3930,543.6330,0.000280
_19237_,VSS,Metal1,402.5930,575.2465,0.000450
_19236_,VSS,Metal1,396.9930,585.3265,0.000447
_19235_,VSS,Metal1,389.1530,594.0330,0.000320
_19234_,VSS,Metal1,416.5930,553.7130,0.000613
_19233_,VSS,Metal1,1061.7130,353.4865,0.000658
_19232_,VSS,Metal1,1068.4330,363.5665,0.000645
_19231_,VSS,Metal1,1036.5130,372.2730,0.000286
_19230_,VSS,Metal1,1036.5130,392.4330,0.000377
_19229_,VSS,Metal1,1061.1530,393.8065,0.000393
_19228_,VSS,Metal1,1055.5530,483.1530,0.001269
_19227_,VSS,Metal1,1063.9530,504.6865,0.000497
_19226_,VSS,Metal1,1066.1930,565.1665,0.000450
_19225_,VSS,Metal1,1069.5530,595.4065,0.000550
_19224_,VSS,Metal1,1044.9130,594.0330,0.000540
_19223_,VSS,Metal1,1016.3530,604.1130,0.001027
_19222_,VSS,Metal1,990.5930,605.4865,0.000962
_19221_,VSS,Metal1,964.8330,624.2730,0.000539
_19220_,VSS,Metal1,937.9530,634.3530,0.000593
_19219_,VSS,Metal1,926.7530,624.2730,0.000517
_19218_,VSS,Metal1,960.9130,583.9530,0.000261
_19217_,VSS,Metal1,1071.7930,765.3930,0.000148
_19216_,VSS,Metal1,1070.6730,785.5530,0.000358
_19215_,VSS,Metal1,1075.7130,815.7930,0.000233
_19214_,VSS,Metal1,1067.8730,805.7130,0.000142
_19213_,VSS,Metal1,1042.1130,795.6330,0.000323
_19212_,VSS,Metal1,1026.4330,805.7130,0.000131
_19211_,VSS,Metal1,1017.4730,817.1665,0.000299
_19210_,VSS,Metal1,1070.1130,333.3265,0.000408
_19209_,VSS,Metal1,1075.7130,352.1130,0.000660
_19208_,VSS,Metal1,1075.1530,373.6465,0.000297
_19207_,VSS,Metal1,1075.7130,392.4330,0.000393
_19206_,VSS,Metal1,1074.0330,403.8865,0.000448
_19205_,VSS,Metal1,1075.7130,483.1530,0.001270
_19204_,VSS,Metal1,1075.7130,513.3930,0.000472
_19203_,VSS,Metal1,1075.7130,573.8730,0.000590
_19202_,VSS,Metal1,1075.7130,604.1130,0.001187
_19201_,VSS,Metal1,1074.5930,605.4865,0.001187
_19200_,VSS,Metal1,1024.1930,635.7265,0.000895
_19199_,VSS,Metal1,997.3130,634.3530,0.000727
_19198_,VSS,Metal1,972.6730,614.1930,0.000349
_19197_,VSS,Metal1,936.2730,664.5930,0.000239
_19196_,VSS,Metal1,918.9130,644.4330,0.000259
_19195_,VSS,Metal1,957.5530,595.4065,0.000427
_19194_,VSS,Metal1,1061.7130,746.6065,0.000178
_19193_,VSS,Metal1,1061.7130,766.7665,0.000147
_19192_,VSS,Metal1,1061.7130,817.1665,0.000232
_19191_,VSS,Metal1,1066.7530,825.8730,0.000530
_19190_,VSS,Metal1,1042.6730,827.2465,0.000465
_19189_,VSS,Metal1,1024.1930,825.8730,0.000438
_19188_,VSS,Metal1,1017.4730,837.3265,0.000218
_19187_,VSS,Metal1,1000.6730,442.8330,0.000420
_19186_,VSS,Metal1,1004.0330,452.9130,0.000278
_19185_,VSS,Metal1,996.7530,454.2865,0.000278
_19184_,VSS,Metal1,992.2730,474.4465,0.000806
_19183_,VSS,Metal1,972.1130,503.3130,0.000346
_19182_,VSS,Metal1,981.6330,524.8465,0.000412
_19181_,VSS,Metal1,986.6730,545.0065,0.000419
_19180_,VSS,Metal1,1005.1530,573.8730,0.000549
_19179_,VSS,Metal1,1042.6730,716.3665,0.000131
_19178_,VSS,Metal1,1033.7130,735.1530,0.000216
_19177_,VSS,Metal1,1018.0330,746.6065,0.000141
_19176_,VSS,Metal1,1005.1530,736.5265,0.000239
_19175_,VSS,Metal1,993.9530,745.2330,0.000145
_19174_,VSS,Metal1,983.3130,736.5265,0.000244
_19173_,VSS,Metal1,938.5130,686.1265,0.000380
_19172_,VSS,Metal1,983.3130,797.0065,0.000299
_19171_,VSS,Metal1,1070.6730,856.1130,0.000108
_19170_,VSS,Metal1,1075.1530,876.2730,0.000323
_19169_,VSS,Metal1,1062.2730,886.3530,0.000081
_19168_,VSS,Metal1,1061.7130,907.8865,0.000289
_19167_,VSS,Metal1,1071.7930,926.6730,0.000110
_19166_,VSS,Metal1,1062.2730,946.8330,0.000184
_19165_,VSS,Metal1,1075.7130,966.9930,0.000082
_19164_,VSS,Metal1,978.8330,434.1265,0.000484
_19163_,VSS,Metal1,977.7130,444.2065,0.000408
_19162_,VSS,Metal1,959.2330,452.9130,0.000224
_19161_,VSS,Metal1,938.5130,474.4465,0.000470
_19160_,VSS,Metal1,937.3930,503.3130,0.000323
_19159_,VSS,Metal1,964.2730,523.4730,0.000404
_19158_,VSS,Metal1,977.1530,563.7930,0.000415
_19157_,VSS,Metal1,997.8730,583.9530,0.000273
_19156_,VSS,Metal1,1045.4730,694.8330,0.000783
_19155_,VSS,Metal1,1075.7130,694.8330,0.000785
_19154_,VSS,Metal1,1068.4330,725.0730,0.000115
_19153_,VSS,Metal1,1002.9130,714.9930,0.000141
_19152_,VSS,Metal1,983.3130,716.3665,0.000143
_19151_,VSS,Metal1,960.9130,694.8330,0.000703
_19150_,VSS,Metal1,937.9530,694.8330,0.000559
_19149_,VSS,Metal1,988.9130,825.8730,0.000444
_19148_,VSS,Metal1,1073.4730,846.0330,0.000641
_19147_,VSS,Metal1,1062.2730,866.1930,0.000203
_19146_,VSS,Metal1,1071.7930,896.4330,0.000084
_19145_,VSS,Metal1,1072.9130,916.5930,0.000097
_19144_,VSS,Metal1,1072.3530,936.7530,0.000256
_19143_,VSS,Metal1,1065.0730,977.0730,0.000094
_19142_,VSS,Metal1,1061.7130,978.4465,0.000094
_19141_,VSS,Metal1,469.7930,665.9665,0.000255
_19140_,VSS,Metal1,441.7930,686.1265,0.000383
_19139_,VSS,Metal1,933.4730,563.7930,0.000390
_19138_,VSS,Metal1,938.5130,555.0865,0.000249
_19137_,VSS,Metal1,931.2330,543.6330,0.000379
_19136_,VSS,Metal1,932.3530,533.5530,0.000474
_19135_,VSS,Metal1,911.0730,484.5265,0.000459
_19134_,VSS,Metal1,888.1130,503.3130,0.000362
_19133_,VSS,Metal1,854.5130,503.3130,0.000369
_19132_,VSS,Metal1,820.9130,504.6865,0.000351
_19131_,VSS,Metal1,786.1930,514.7665,0.000324
_19130_,VSS,Metal1,743.0730,545.0065,0.000275
_19129_,VSS,Metal1,644.5130,634.3530,0.000269
_19128_,VSS,Metal1,589.0730,635.7265,0.000349
_19127_,VSS,Metal1,521.8730,635.7265,0.000346
_19126_,VSS,Metal1,468.1130,635.7265,0.000321
_19125_,VSS,Metal1,417.7130,634.3530,0.000324
_19124_,VSS,Metal1,393.6330,625.6465,0.000302
_19123_,VSS,Metal1,822.5930,585.3265,0.000326
_19122_,VSS,Metal1,825.9530,575.2465,0.000379
_19121_,VSS,Metal1,801.3130,594.0330,0.000314
_19120_,VSS,Metal1,782.2730,595.4065,0.000315
_19119_,VSS,Metal1,760.9930,605.4865,0.000437
_19118_,VSS,Metal1,742.5130,595.4065,0.000311
_19117_,VSS,Metal1,729.6330,604.1130,0.000430
_19116_,VSS,Metal1,703.3130,665.9665,0.000291
_19115_,VSS,Metal1,688.7530,684.7530,0.000448
_19114_,VSS,Metal1,632.7530,676.0465,0.000260
_19113_,VSS,Metal1,590.1930,676.0465,0.000284
_19112_,VSS,Metal1,557.7130,686.1265,0.000445
_19111_,VSS,Metal1,507.8730,775.4730,0.000033
_19110_,VSS,Metal1,506.1930,846.0330,0.000066
_19109_,VSS,Metal1,505.0730,906.5130,0.000066
_19108_,VSS,Metal1,503.3930,876.2730,0.000066
_19107_,VSS,Metal1,408.7530,665.9665,0.000254
_19106_,VSS,Metal1,477.0730,696.2065,0.000974
_19105_,VSS,Metal1,1046.5930,281.5530,0.000422
_19104_,VSS,Metal1,1056.1130,282.9265,0.000422
_19103_,VSS,Metal1,996.7530,282.9265,0.000348
_19102_,VSS,Metal1,977.7130,293.0065,0.000440
_19101_,VSS,Metal1,958.1130,311.7930,0.000469
_19100_,VSS,Metal1,882.5130,321.8730,0.000494
_19099_,VSS,Metal1,859.5530,291.6330,0.000376
_19098_,VSS,Metal1,906.0330,313.1665,0.000579
_19097_,VSS,Metal1,731.3130,362.1930,0.000399
_19096_,VSS,Metal1,635.5530,494.6065,0.000197
_19095_,VSS,Metal1,573.3930,513.3930,0.000295
_19094_,VSS,Metal1,468.1130,514.7665,0.000269
_19093_,VSS,Metal1,406.5130,494.6065,0.000569
_19092_,VSS,Metal1,412.6730,523.4730,0.000253
_19091_,VSS,Metal1,389.1530,493.2330,0.000574
_19090_,VSS,Metal1,396.9930,383.7265,0.000495
_19089_,VSS,Metal1,860.1130,333.3265,0.000402
_19088_,VSS,Metal1,838.8330,343.4065,0.000476
_19087_,VSS,Metal1,803.5530,311.7930,0.000403
_19086_,VSS,Metal1,741.9530,342.0330,0.000416
_19085_,VSS,Metal1,820.3530,321.8730,0.000342
_19084_,VSS,Metal1,724.0330,321.8730,0.000279
_19083_,VSS,Metal1,749.7930,293.0065,0.000361
_19082_,VSS,Metal1,771.0730,301.7130,0.000444
_19081_,VSS,Metal1,659.6330,513.3930,0.000321
_19080_,VSS,Metal1,546.5130,524.8465,0.000291
_19079_,VSS,Metal1,556.5930,534.9265,0.000457
_19078_,VSS,Metal1,474.2730,534.9265,0.000466
_19077_,VSS,Metal1,380.1930,583.9530,0.000448
_19076_,VSS,Metal1,330.9130,583.9530,0.000446
_19075_,VSS,Metal1,330.9130,594.0330,0.000324
_19074_,VSS,Metal1,358.9130,555.0865,0.000554
_19073_,VSS,Metal1,644.5130,1087.9530,0.000340
_19072_,VSS,Metal1,546.5130,1089.3265,0.000332
_19071_,VSS,Metal1,643.9530,1079.2465,0.000167
_19070_,VSS,Metal1,609.7930,1087.9530,0.000338
_19069_,VSS,Metal1,545.9530,1087.9530,0.000332
_19068_,VSS,Metal1,508.4330,1027.4730,0.000033
_19067_,VSS,Metal1,663.5530,1087.9530,0.000350
_19066_,VSS,Metal1,509.5530,966.9930,0.000079
_19065_,VSS,Metal1,726.2730,1087.9530,0.000303
_19064_,VSS,Metal1,578.9930,1087.9530,0.000338
_19063_,VSS,Metal1,668.5930,1079.2465,0.000170
_19062_,VSS,Metal1,624.9130,1079.2465,0.000172
_19061_,VSS,Metal1,559.9530,1079.2465,0.000198
_19060_,VSS,Metal1,510.1130,1007.3130,0.000033
_19059_,VSS,Metal1,690.9930,1087.9530,0.000345
_19058_,VSS,Metal1,508.4330,946.8330,0.000033
_19057_,VSS,Metal1,884.7530,634.3530,0.000617
_19056_,VSS,Metal1,881.3930,624.2730,0.000504
_19055_,VSS,Metal1,891.4730,604.1130,0.000633
_19054_,VSS,Metal1,879.1530,645.8065,0.000268
_19053_,VSS,Metal1,876.3530,655.8865,0.000654
_19052_,VSS,Metal1,869.6330,625.6465,0.000504
_19051_,VSS,Metal1,827.6330,545.0065,0.000259
_19050_,VSS,Metal1,801.3130,654.5130,0.000593
_19049_,VSS,Metal1,781.7130,665.9665,0.000223
_19048_,VSS,Metal1,762.6730,654.5130,0.000759
_19047_,VSS,Metal1,832.6730,645.8065,0.000248
_19046_,VSS,Metal1,852.8330,644.4330,0.000255
_19045_,VSS,Metal1,584.0330,664.5930,0.000295
_19044_,VSS,Metal1,476.5130,655.8865,0.000583
_19043_,VSS,Metal1,641.1530,655.8865,0.000583
_19042_,VSS,Metal1,401.4730,655.8865,0.000734
_19041_,VSS,Metal1,768.2730,664.5930,0.000224
_19040_,VSS,Metal1,851.7130,624.2730,0.000500
_19039_,VSS,Metal1,847.7930,634.3530,0.000632
_19038_,VSS,Metal1,831.5530,655.8865,0.000636
_19037_,VSS,Metal1,810.2730,644.4330,0.000228
_19036_,VSS,Metal1,791.2330,645.8065,0.000221
_19035_,VSS,Metal1,846.6730,654.5130,0.000638
_19034_,VSS,Metal1,752.5930,676.0465,0.000388
_19033_,VSS,Metal1,736.3530,694.8330,0.000647
_19032_,VSS,Metal1,745.8730,686.1265,0.000441
_19031_,VSS,Metal1,773.3130,684.7530,0.000421
_19030_,VSS,Metal1,846.6730,674.6730,0.000462
_19029_,VSS,Metal1,843.3130,684.7530,0.000482
_19028_,VSS,Metal1,820.9130,676.0465,0.000431
_19027_,VSS,Metal1,808.0330,674.6730,0.000428
_19026_,VSS,Metal1,879.7130,694.8330,0.000576
_19025_,VSS,Metal1,754.8330,696.2065,0.000637
_19024_,VSS,Metal1,776.1130,694.8330,0.000554
_19023_,VSS,Metal1,454.1130,674.6730,0.000315
_19022_,VSS,Metal1,428.3530,694.8330,0.001134
_19021_,VSS,Metal1,1075.7130,452.9130,0.000382
_19020_,VSS,Metal1,1067.3130,454.2865,0.000382
_19019_,VSS,Metal1,1048.2730,442.8330,0.000440
_19018_,VSS,Metal1,1040.4330,432.7530,0.000531
_19017_,VSS,Metal1,1031.4730,434.1265,0.000530
_19016_,VSS,Metal1,1047.7130,473.0730,0.001041
_19015_,VSS,Metal1,1066.7530,514.7665,0.000472
_19014_,VSS,Metal1,1071.2330,545.0065,0.000477
_19013_,VSS,Metal1,1069.5530,635.7265,0.000919
_19012_,VSS,Metal1,1067.3130,645.8065,0.000573
_19011_,VSS,Metal1,1029.7930,665.9665,0.000385
_19010_,VSS,Metal1,1000.1130,664.5930,0.000352
_19009_,VSS,Metal1,973.2330,664.5930,0.000278
_19008_,VSS,Metal1,944.1130,665.9665,0.000239
_19007_,VSS,Metal1,1029.7930,494.6065,0.000984
_19006_,VSS,Metal1,1030.9130,484.5265,0.001219
_19005_,VSS,Metal1,997.3130,493.2330,0.000960
_19004_,VSS,Metal1,1036.5130,503.3130,0.000478
_19003_,VSS,Metal1,992.8330,514.7665,0.000392
_19002_,VSS,Metal1,999.5530,523.4730,0.000551
_19001_,VSS,Metal1,1007.3930,553.7130,0.000322
_19000_,VSS,Metal1,1030.3530,555.0865,0.000339
_18999_,VSS,Metal1,1034.8330,725.0730,0.000099
_18998_,VSS,Metal1,1031.4730,755.3130,0.000460
_18997_,VSS,Metal1,1032.0330,775.4730,0.000374
_18996_,VSS,Metal1,1009.0730,776.8465,0.000382
_18995_,VSS,Metal1,989.4730,775.4730,0.000394
_18994_,VSS,Metal1,984.4330,755.3130,0.000579
_18993_,VSS,Metal1,1020.2730,454.2865,0.000324
_18992_,VSS,Metal1,1009.0730,462.9930,0.000422
_18991_,VSS,Metal1,985.5530,464.3665,0.000407
_18990_,VSS,Metal1,965.9530,483.1530,0.000449
_18989_,VSS,Metal1,944.6730,514.7665,0.000330
_18988_,VSS,Metal1,940.7530,524.8465,0.000362
_18987_,VSS,Metal1,957.5530,555.0865,0.000257
_18986_,VSS,Metal1,1022.5130,585.3265,0.000277
_18985_,VSS,Metal1,1047.7130,674.6730,0.000846
_18984_,VSS,Metal1,1068.9930,676.0465,0.000853
_18983_,VSS,Metal1,1063.3930,696.2065,0.000785
_18982_,VSS,Metal1,1016.3530,684.7530,0.000451
_18981_,VSS,Metal1,992.2730,696.2065,0.000726
_18980_,VSS,Metal1,970.4330,684.7530,0.000407
_18979_,VSS,Metal1,1030.9130,524.8465,0.000561
_18978_,VSS,Metal1,1040.9930,533.5530,0.001040
_18977_,VSS,Metal1,1051.0730,553.7130,0.000343
_18976_,VSS,Metal1,1056.1130,625.6465,0.000913
_18975_,VSS,Metal1,1029.7930,615.5665,0.000376
_18974_,VSS,Metal1,1016.3530,624.2730,0.000600
_18973_,VSS,Metal1,996.7530,625.6465,0.000584
_18972_,VSS,Metal1,965.9530,634.3530,0.000664
_18971_,VSS,Metal1,939.0730,645.8065,0.000254
_18970_,VSS,Metal1,918.9130,634.3530,0.000602
_18969_,VSS,Metal1,958.1130,594.0330,0.000427
_18968_,VSS,Metal1,1066.1930,745.2330,0.000178
_18967_,VSS,Metal1,1062.2730,775.4730,0.000382
_18966_,VSS,Metal1,1067.3130,795.6330,0.000333
_18965_,VSS,Metal1,1061.7130,797.0065,0.000333
_18964_,VSS,Metal1,1042.6730,797.0065,0.000324
_18963_,VSS,Metal1,1018.0330,807.0865,0.000131
_18962_,VSS,Metal1,1008.5130,797.0065,0.000298
_18961_,VSS,Metal1,1039.3130,523.4730,0.000562
_18960_,VSS,Metal1,1064.5130,524.8465,0.000569
_18959_,VSS,Metal1,1075.7130,543.6330,0.000477
_18958_,VSS,Metal1,1075.1530,625.6465,0.000915
_18957_,VSS,Metal1,1070.6730,655.8865,0.000785
_18956_,VSS,Metal1,1029.2330,655.8865,0.000776
_18955_,VSS,Metal1,996.7530,655.8865,0.000732
_18954_,VSS,Metal1,977.7130,655.8865,0.000721
_18953_,VSS,Metal1,943.5530,655.8865,0.000716
_18952_,VSS,Metal1,908.8330,635.7265,0.000604
_18951_,VSS,Metal1,953.6330,585.3265,0.000261
_18950_,VSS,Metal1,1066.7530,755.3130,0.000541
_18949_,VSS,Metal1,1061.7130,776.8465,0.000382
_18948_,VSS,Metal1,1064.5130,835.9530,0.000227
_18947_,VSS,Metal1,1061.7130,827.2465,0.000530
_18946_,VSS,Metal1,1042.1130,835.9530,0.000225
_18945_,VSS,Metal1,1023.0730,835.9530,0.000218
_18944_,VSS,Metal1,1008.5130,827.2465,0.000438
_18943_,VSS,Metal1,1011.8730,533.5530,0.000993
_18942_,VSS,Metal1,1005.1530,543.6330,0.000426
_18941_,VSS,Metal1,1030.3530,545.0065,0.000447
_18940_,VSS,Metal1,1061.7130,726.4465,0.000115
_18939_,VSS,Metal1,1037.0730,765.3930,0.000131
_18938_,VSS,Metal1,1030.9130,785.5530,0.000340
_18937_,VSS,Metal1,1008.5130,766.7665,0.000138
_18936_,VSS,Metal1,988.9130,785.5530,0.000351
_18935_,VSS,Metal1,983.3130,756.6865,0.000579
_18934_,VSS,Metal1,923.3930,684.7530,0.000382
_18933_,VSS,Metal1,983.3130,805.7130,0.000143
_18932_,VSS,Metal1,1042.1130,856.1130,0.000106
_18931_,VSS,Metal1,1056.1130,857.4865,0.000108
_18930_,VSS,Metal1,1048.8330,877.6465,0.000318
_18929_,VSS,Metal1,1061.7130,897.8065,0.000083
_18928_,VSS,Metal1,1056.6730,917.9665,0.000086
_18927_,VSS,Metal1,1051.0730,948.2065,0.000183
_18926_,VSS,Metal1,1069.5530,956.9130,0.000300
_18925_,VSS,Metal1,958.1130,543.6330,0.000405
_18924_,VSS,Metal1,959.2330,553.7130,0.000258
_18923_,VSS,Metal1,1023.0730,575.2465,0.000559
_18922_,VSS,Metal1,1059.4730,665.9665,0.000398
_18921_,VSS,Metal1,1075.7130,674.6730,0.000853
_18920_,VSS,Metal1,1067.8730,714.9930,0.000140
_18919_,VSS,Metal1,1016.9130,686.1265,0.000451
_18918_,VSS,Metal1,997.3130,694.8330,0.000727
_18917_,VSS,Metal1,977.7130,686.1265,0.000407
_18916_,VSS,Metal1,918.9130,694.8330,0.000572
_18915_,VSS,Metal1,983.3130,827.2465,0.000444
_18914_,VSS,Metal1,1050.5130,847.4065,0.000635
_18913_,VSS,Metal1,1042.1130,866.1930,0.000200
_18912_,VSS,Metal1,1055.5530,887.7265,0.000081
_18911_,VSS,Metal1,1062.2730,906.5130,0.000289
_18910_,VSS,Metal1,1057.7930,928.0465,0.000108
_18909_,VSS,Metal1,1054.9930,968.3665,0.000078
_18908_,VSS,Metal1,1071.2330,987.1530,0.000185
_18907_,VSS,Metal1,742.5130,1079.2465,0.000150
_18906_,VSS,Metal1,596.3530,1089.3265,0.000338
_18905_,VSS,Metal1,706.6730,1079.2465,0.000167
_18904_,VSS,Metal1,630.5130,1089.3265,0.000336
_18903_,VSS,Metal1,586.9755,1079.2710,0.000193
_18902_,VSS,Metal1,510.6730,997.2330,0.000066
_18901_,VSS,Metal1,710.0330,1089.3265,0.000341
_18900_,VSS,Metal1,510.6730,936.7530,0.000033
_18899_,VSS,Metal1,1035.9530,444.2065,0.000439
_18898_,VSS,Metal1,1036.5130,452.9130,0.000358
_18897_,VSS,Metal1,1011.8730,432.7530,0.000514
_18896_,VSS,Metal1,1008.5130,412.5930,0.000479
_18895_,VSS,Metal1,1004.0330,422.6730,0.000415
_18894_,VSS,Metal1,1035.9530,474.4465,0.001041
_18893_,VSS,Metal1,1035.9530,514.7665,0.000415
_18892_,VSS,Metal1,1048.2730,563.7930,0.000449
_18891_,VSS,Metal1,1049.9530,634.3530,0.000900
_18890_,VSS,Metal1,1036.5130,644.4330,0.000559
_18889_,VSS,Metal1,1024.7530,645.8065,0.000559
_18888_,VSS,Metal1,996.7530,645.8065,0.000534
_18887_,VSS,Metal1,965.9530,644.4330,0.000502
_18886_,VSS,Metal1,937.9530,654.5130,0.000716
_18885_,VSS,Metal1,848.3530,1087.9530,0.000189
_18884_,VSS,Metal1,757.2155,1089.3510,0.000262
_18883_,VSS,Metal1,772.1930,1087.9530,0.000260
_18882_,VSS,Metal1,850.5930,694.8330,0.000574
_18881_,VSS,Metal1,865.8555,696.2310,0.000574
_18880_,VSS,Metal1,828.1930,686.1265,0.000482
_18879_,VSS,Metal1,818.6730,694.8330,0.000549
_18878_,VSS,Metal1,983.3130,835.9530,0.000233
_18877_,VSS,Metal1,781.7130,696.2065,0.000554
_18876_,VSS,Metal1,800.7530,696.2065,0.000541
_18875_,VSS,Metal1,996.8955,383.7510,0.000145
_18874_,VSS,Metal1,998.0155,392.4085,0.000313
_18873_,VSS,Metal1,970.0155,392.4085,0.000285
_18872_,VSS,Metal1,942.0155,403.9110,0.000348
_18871_,VSS,Metal1,942.5755,393.8310,0.000272
_18870_,VSS,Metal1,865.2955,383.7510,0.000199
_18869_,VSS,Metal1,866.9755,413.9910,0.000363
_18868_,VSS,Metal1,892.7355,432.7285,0.000424
_18867_,VSS,Metal1,743.7755,434.1510,0.000386
_18866_,VSS,Metal1,629.3930,434.1265,0.000430
_18865_,VSS,Metal1,591.3130,454.2865,0.000311
_18864_,VSS,Metal1,548.1930,444.2065,0.000312
_18863_,VSS,Metal1,518.5130,444.2065,0.000311
_18862_,VSS,Metal1,504.5130,432.7530,0.000380
_18861_,VSS,Metal1,487.7130,452.9130,0.000267
_18860_,VSS,Metal1,487.1530,444.2065,0.000284
_18859_,VSS,Metal1,848.3530,412.5930,0.000361
_18858_,VSS,Metal1,831.5530,403.8865,0.000367
_18857_,VSS,Metal1,800.7530,403.8865,0.000323
_18856_,VSS,Metal1,762.1130,432.7530,0.000379
_18855_,VSS,Metal1,773.4555,462.9685,0.000101
_18854_,VSS,Metal1,723.6155,473.0485,0.000217
_18853_,VSS,Metal1,706.2555,484.5510,0.000237
_18852_,VSS,Metal1,683.8555,504.7110,0.000379
_18851_,VSS,Metal1,650.1130,533.5530,0.000342
_18850_,VSS,Metal1,599.7130,504.6865,0.000299
_18849_,VSS,Metal1,585.2955,573.8485,0.000385
_18848_,VSS,Metal1,561.0730,514.7665,0.000295
_18847_,VSS,Metal1,541.6155,563.7685,0.000635
_18846_,VSS,Metal1,502.2730,523.4730,0.000257
_18845_,VSS,Metal1,490.0955,563.7685,0.000545
_18844_,VSS,Metal1,487.8555,555.1110,0.000526
_18843_,VSS,Metal1,1052.8955,331.9285,0.000407
_18842_,VSS,Metal1,1045.0555,342.0085,0.000471
_18841_,VSS,Metal1,998.5755,362.1685,0.000486
_18840_,VSS,Metal1,974.4955,331.9285,0.000338
_18839_,VSS,Metal1,946.4955,343.4310,0.000440
_18838_,VSS,Metal1,873.1355,343.4310,0.000482
_18837_,VSS,Metal1,836.1755,373.6710,0.000237
_18836_,VSS,Metal1,861.9355,373.6710,0.000236
_18835_,VSS,Metal1,699.5355,442.8085,0.000265
_18834_,VSS,Metal1,645.0730,452.9130,0.000259
_18833_,VSS,Metal1,615.5355,462.9685,0.000088
_18832_,VSS,Metal1,572.4155,452.8885,0.000310
_18831_,VSS,Metal1,531.5355,442.8085,0.000311
_18830_,VSS,Metal1,516.9755,434.1510,0.000381
_18829_,VSS,Metal1,492.1930,422.6730,0.000280
_18828_,VSS,Metal1,467.5530,422.6730,0.000280
_18827_,VSS,Metal1,863.0555,444.2310,0.000358
_18826_,VSS,Metal1,832.8155,383.7510,0.000200
_18825_,VSS,Metal1,802.5755,412.5685,0.000315
_18824_,VSS,Metal1,743.2155,393.8310,0.000261
_18823_,VSS,Metal1,769.5355,382.3285,0.000207
_18822_,VSS,Metal1,736.4955,462.9685,0.000103
_18821_,VSS,Metal1,709.0555,474.4710,0.000217
_18820_,VSS,Metal1,714.6555,545.0310,0.000273
_18819_,VSS,Metal1,643.9530,545.0065,0.000226
_18818_,VSS,Metal1,625.6155,555.1110,0.000451
_18817_,VSS,Metal1,614.9755,563.7685,0.000517
_18816_,VSS,Metal1,564.5755,575.2710,0.000390
_18815_,VSS,Metal1,539.9355,543.6085,0.000291
_18814_,VSS,Metal1,517.5355,534.9510,0.000453
_18813_,VSS,Metal1,487.8555,545.0310,0.000280
_18812_,VSS,Metal1,478.8955,424.0710,0.000280
_18811_,VSS,Metal1,1036.5130,301.7130,0.000753
_18810_,VSS,Metal1,1016.9130,313.1665,0.000506
_18809_,VSS,Metal1,983.8730,323.2465,0.000673
_18808_,VSS,Metal1,932.3530,321.8730,0.000524
_18807_,VSS,Metal1,908.8330,333.3265,0.000392
_18806_,VSS,Metal1,879.7130,342.0330,0.000482
_18805_,VSS,Metal1,865.1530,353.4865,0.000426
_18804_,VSS,Metal1,894.4155,452.8885,0.000223
_18803_,VSS,Metal1,670.8330,444.2065,0.000260
_18802_,VSS,Metal1,605.8730,452.9130,0.000311
_18801_,VSS,Metal1,590.7530,424.0465,0.000316
_18800_,VSS,Metal1,577.3130,432.7530,0.000437
_18799_,VSS,Metal1,553.2330,484.5265,0.000416
_18798_,VSS,Metal1,467.5530,352.1130,0.000351
_18797_,VSS,Metal1,455.2330,483.1530,0.000289
_18796_,VSS,Metal1,461.3930,362.1930,0.000448
_18795_,VSS,Metal1,841.0730,382.3530,0.000200
_18794_,VSS,Metal1,810.8330,372.2730,0.000234
_18793_,VSS,Metal1,789.5530,383.7265,0.000197
_18792_,VSS,Metal1,766.0330,392.4330,0.000237
_18791_,VSS,Metal1,737.4730,402.5130,0.000416
_18790_,VSS,Metal1,724.5930,412.5930,0.000392
_18789_,VSS,Metal1,693.2330,513.3930,0.000335
_18788_,VSS,Metal1,715.7755,393.8310,0.000265
_18787_,VSS,Metal1,626.0330,524.8465,0.000318
_18786_,VSS,Metal1,610.3530,523.4730,0.000318
_18785_,VSS,Metal1,587.9530,534.9265,0.000437
_18784_,VSS,Metal1,565.5530,524.8465,0.000296
_18783_,VSS,Metal1,555.6155,545.0310,0.000291
_18782_,VSS,Metal1,520.3355,545.0310,0.000290
_18781_,VSS,Metal1,467.1355,563.7685,0.000606
_18780_,VSS,Metal1,463.2155,583.9285,0.000360
_18779_,VSS,Metal1,907.2955,434.1510,0.000424
_18778_,VSS,Metal1,927.3130,432.7530,0.000428
_18777_,VSS,Metal1,945.2330,424.0465,0.000379
_18776_,VSS,Metal1,899.3130,686.1265,0.000409
_18775_,VSS,Metal1,510.6730,1037.5530,0.000065
_18774_,VSS,Metal1,504.5130,1087.9530,0.000318
_18773_,VSS,Metal1,503.3930,1069.1665,0.000033
_18772_,VSS,Metal1,510.6730,1047.6330,0.000033
_18771_,VSS,Metal1,487.1530,1079.2465,0.000238
_18770_,VSS,Metal1,503.3930,1038.9265,0.000065
_18769_,VSS,Metal1,421.6330,1087.9530,0.000256
_18768_,VSS,Metal1,503.3930,968.3665,0.000078
_18767_,VSS,Metal1,318.5930,686.1265,0.000378
_18766_,VSS,Metal1,460.2730,1087.9530,0.000262
_18765_,VSS,Metal1,522.9930,1079.2465,0.000192
_18764_,VSS,Metal1,522.4330,1089.3265,0.000325
_18763_,VSS,Metal1,526.9130,1087.9530,0.000325
_18762_,VSS,Metal1,447.9530,1079.2465,0.000235
_18761_,VSS,Metal1,503.3930,998.6065,0.000066
_18760_,VSS,Metal1,403.1530,1079.2465,0.000216
_18759_,VSS,Metal1,503.3930,956.9130,0.000033
_18758_,VSS,Metal1,302.3530,684.7530,0.000451
_18757_,VSS,Metal1,912.7530,504.6865,0.000339
_18756_,VSS,Metal1,904.3530,494.6065,0.000552
_18755_,VSS,Metal1,913.3130,514.7665,0.000383
_18754_,VSS,Metal1,910.5130,524.8465,0.000360
_18753_,VSS,Metal1,879.1530,504.6865,0.000363
_18752_,VSS,Metal1,840.5130,513.3930,0.000444
_18751_,VSS,Metal1,809.7130,513.3930,0.000371
_18750_,VSS,Metal1,859.5530,513.3930,0.000451
_18749_,VSS,Metal1,768.2730,533.5530,0.000381
_18748_,VSS,Metal1,617.0730,624.2730,0.000343
_18747_,VSS,Metal1,570.5930,634.3530,0.000356
_18746_,VSS,Metal1,494.9930,634.3530,0.000327
_18745_,VSS,Metal1,447.9530,635.7265,0.000322
_18744_,VSS,Metal1,422.7530,624.2730,0.000329
_18743_,VSS,Metal1,349.9530,594.0330,0.000331
_18742_,VSS,Metal1,390.2730,605.4865,0.000179
_18741_,VSS,Metal1,310.7530,674.6730,0.000448
_18740_,VSS,Metal1,833.2330,605.4865,0.000601
_18739_,VSS,Metal1,833.7930,615.5665,0.000473
_18738_,VSS,Metal1,795.1530,605.4865,0.000413
_18737_,VSS,Metal1,742.5130,615.5665,0.000442
_18736_,VSS,Metal1,781.1530,634.3530,0.000346
_18735_,VSS,Metal1,722.9130,644.4330,0.000276
_18734_,VSS,Metal1,722.3530,635.7265,0.000320
_18733_,VSS,Metal1,758.7530,655.8865,0.000760
_18732_,VSS,Metal1,619.8730,654.5130,0.000596
_18731_,VSS,Metal1,554.3530,645.8065,0.000205
_18730_,VSS,Metal1,487.7130,674.6730,0.000312
_18729_,VSS,Metal1,510.1130,696.2065,0.001077
_18728_,VSS,Metal1,503.3930,725.0730,0.000033
_18727_,VSS,Metal1,401.4730,696.2065,0.001130
_18726_,VSS,Metal1,448.5130,694.8330,0.001134
_18725_,VSS,Metal1,398.1130,686.1265,0.000406
_18724_,VSS,Metal1,319.7130,676.0465,0.000447
_18723_,VSS,Metal1,879.1530,605.4865,0.000633
_18722_,VSS,Metal1,879.7130,583.9530,0.000325
_18721_,VSS,Metal1,879.7130,563.7930,0.000432
_18720_,VSS,Metal1,870.7530,545.0065,0.000286
_18719_,VSS,Metal1,862.9130,534.9265,0.000424
_18718_,VSS,Metal1,840.5130,543.6330,0.000260
_18717_,VSS,Metal1,807.4730,543.6330,0.000241
_18716_,VSS,Metal1,785.0730,555.0865,0.000205
_18715_,VSS,Metal1,730.1930,563.7930,0.000487
_18714_,VSS,Metal1,633.8730,615.5665,0.000398
_18713_,VSS,Metal1,545.9530,634.3530,0.000360
_18712_,VSS,Metal1,500.5930,644.4330,0.000198
_18711_,VSS,Metal1,369.5530,654.5130,0.000591
_18710_,VSS,Metal1,424.4330,644.4330,0.000233
_18709_,VSS,Metal1,361.1530,635.7265,0.000306
_18708_,VSS,Metal1,379.6330,634.3530,0.000309
_18707_,VSS,Metal1,318.0330,615.5665,0.000465
_18706_,VSS,Metal1,709.4730,595.4065,0.000296
_18705_,VSS,Metal1,702.1930,604.1130,0.000410
_18704_,VSS,Metal1,724.0330,614.1930,0.000443
_18703_,VSS,Metal1,711.7130,615.5665,0.000443
_18702_,VSS,Metal1,715.0730,625.6465,0.000385
_18701_,VSS,Metal1,702.7530,654.5130,0.000793
_18700_,VSS,Metal1,699.3930,664.5930,0.000291
_18699_,VSS,Metal1,682.5930,676.0465,0.000354
_18698_,VSS,Metal1,610.9130,694.8330,0.000822
_18697_,VSS,Metal1,559.9530,655.8865,0.000601
_18696_,VSS,Metal1,506.7530,674.6730,0.000316
_18695_,VSS,Metal1,504.5130,694.8330,0.001077
_18694_,VSS,Metal1,503.3930,735.1530,0.000045
_18693_,VSS,Metal1,503.3930,746.6065,0.000046
_18692_,VSS,Metal1,381.8730,694.8330,0.001122
_18691_,VSS,Metal1,409.3130,694.8330,0.001130
_18690_,VSS,Metal1,327.5530,625.6465,0.000164
_18689_,VSS,Metal1,1030.9130,282.9265,0.000421
_18688_,VSS,Metal1,1038.1930,291.6330,0.000477
_18687_,VSS,Metal1,997.3130,291.6330,0.000450
_18686_,VSS,Metal1,972.6730,291.6330,0.000440
_18685_,VSS,Metal1,957.5530,303.0865,0.000538
_18684_,VSS,Metal1,877.4730,313.1665,0.000605
_18683_,VSS,Metal1,845.5530,281.5530,0.000218
_18682_,VSS,Metal1,904.3530,303.0865,0.000535
_18681_,VSS,Metal1,735.2330,301.7130,0.000497
_18680_,VSS,Metal1,629.9530,504.6865,0.000283
_18679_,VSS,Metal1,557.1530,504.6865,0.000303
_18678_,VSS,Metal1,459.1530,513.3930,0.000270
_18677_,VSS,Metal1,394.7530,504.6865,0.000426
_18676_,VSS,Metal1,404.2730,514.7665,0.000267
_18675_,VSS,Metal1,354.9930,494.6065,0.000549
_18674_,VSS,Metal1,389.1530,382.3530,0.000495
_18673_,VSS,Metal1,326.9930,595.4065,0.000324
_18672_,VSS,Metal1,850.5930,321.8730,0.000480
_18671_,VSS,Metal1,842.1930,331.9530,0.000402
_18670_,VSS,Metal1,809.1530,301.7130,0.000487
_18669_,VSS,Metal1,742.5130,323.2465,0.000279
_18668_,VSS,Metal1,833.2330,303.0865,0.000511
_18667_,VSS,Metal1,722.9130,311.7930,0.000401
_18666_,VSS,Metal1,750.3530,282.9265,0.000239
_18665_,VSS,Metal1,781.7130,293.0065,0.000327
_18664_,VSS,Metal1,656.8330,503.3130,0.000334
_18663_,VSS,Metal1,526.3530,514.7665,0.000269
_18662_,VSS,Metal1,466.4330,543.6330,0.000297
_18661_,VSS,Metal1,461.9530,523.4730,0.000251
_18660_,VSS,Metal1,369.5530,575.2465,0.000431
_18659_,VSS,Metal1,316.9130,555.0865,0.000535
_18658_,VSS,Metal1,334.8330,533.5530,0.000488
_18657_,VSS,Metal1,340.9930,432.7530,0.000341
_18656_,VSS,Metal1,328.1130,605.4865,0.000176
_18655_,VSS,Metal1,334.8330,664.5930,0.000219
_18654_,VSS,Metal1,335.3930,654.5130,0.000544
_18653_,VSS,Metal1,305.1530,654.5130,0.000619
_18652_,VSS,Metal1,22.3530,916.5930,0.000033
_18651_,VSS,Metal1,36.9130,1079.2465,0.000269
_18650_,VSS,Metal1,63.7930,1087.9530,0.000471
_18649_,VSS,Metal1,22.9130,1047.6330,0.000065
_18648_,VSS,Metal1,16.7530,948.2065,0.000324
_18647_,VSS,Metal1,28.5130,1037.5530,0.000033
_18646_,VSS,Metal1,23.4730,966.9930,0.000088
_18645_,VSS,Metal1,20.1130,1027.4730,0.000033
_18644_,VSS,Metal1,23.4730,997.2330,0.000066
_18643_,VSS,Metal1,23.4730,725.0730,0.000066
_18642_,VSS,Metal1,16.7530,786.9265,0.000369
_18641_,VSS,Metal1,16.7530,766.7665,0.000041
_18640_,VSS,Metal1,16.7530,827.2465,0.000170
_18639_,VSS,Metal1,16.7530,726.4465,0.000066
_18638_,VSS,Metal1,16.7530,857.4865,0.000066
_18637_,VSS,Metal1,30.1930,805.7130,0.000120
_18636_,VSS,Metal1,82.2730,635.7265,0.000241
_18635_,VSS,Metal1,82.8330,655.8865,0.000605
_18634_,VSS,Metal1,93.4730,686.1265,0.000565
_18633_,VSS,Metal1,75.5530,684.7530,0.000567
_18632_,VSS,Metal1,16.7530,867.5665,0.000066
_18631_,VSS,Metal1,90.6730,665.9665,0.000232
_18630_,VSS,Metal1,21.7930,906.5130,0.000131
_18629_,VSS,Metal1,16.7530,938.1265,0.000066
_18628_,VSS,Metal1,20.6730,896.4330,0.000033
_18627_,VSS,Metal1,16.7530,645.8065,0.000188
_18626_,VSS,Metal1,22.9130,714.9930,0.000033
_18625_,VSS,Metal1,24.0330,634.3530,0.000199
_18624_,VSS,Metal1,16.7530,676.0465,0.000255
_18623_,VSS,Metal1,16.7530,665.9665,0.000205
_18622_,VSS,Metal1,16.7530,696.2065,0.000397
_18621_,VSS,Metal1,54.2730,696.2065,0.000503
_18620_,VSS,Metal1,20.1130,926.6730,0.000066
_18619_,VSS,Metal1,32.4330,1087.9530,0.000453
_18618_,VSS,Metal1,55.9530,1079.2465,0.000264
_18617_,VSS,Metal1,16.7530,1049.0065,0.000065
_18616_,VSS,Metal1,16.7530,958.2865,0.000272
_18615_,VSS,Metal1,23.4730,1057.7130,0.000111
_18614_,VSS,Metal1,21.2330,977.0730,0.000067
_18613_,VSS,Metal1,16.7530,1018.7665,0.000066
_18612_,VSS,Metal1,21.7930,1007.3130,0.000033
_18611_,VSS,Metal1,22.3530,735.1530,0.000066
_18610_,VSS,Metal1,16.7530,807.0865,0.000120
_18609_,VSS,Metal1,16.7530,776.8465,0.000066
_18608_,VSS,Metal1,16.7530,837.3265,0.000066
_18607_,VSS,Metal1,16.7530,736.5265,0.000066
_18606_,VSS,Metal1,20.1130,866.1930,0.000066
_18605_,VSS,Metal1,25.1530,815.7930,0.000033
_18604_,VSS,Metal1,206.5930,504.6865,0.000488
_18603_,VSS,Metal1,242.4330,504.6865,0.000521
_18602_,VSS,Metal1,237.9530,474.4465,0.000446
_18601_,VSS,Metal1,242.9930,484.5265,0.000403
_18600_,VSS,Metal1,244.6730,373.6465,0.000280
_18599_,VSS,Metal1,230.6730,372.2730,0.000281
_18598_,VSS,Metal1,245.2330,383.7265,0.000312
_18597_,VSS,Metal1,264.2730,412.5930,0.000564
_18596_,VSS,Metal1,251.9530,424.0465,0.000516
_18595_,VSS,Metal1,269.3130,452.9130,0.000450
_18594_,VSS,Metal1,278.2730,434.1265,0.000381
_18593_,VSS,Metal1,247.4730,363.5665,0.000538
_18592_,VSS,Metal1,218.3530,362.1930,0.000534
_18591_,VSS,Metal1,240.1930,393.8065,0.000371
_18590_,VSS,Metal1,264.2730,402.5130,0.000481
_18589_,VSS,Metal1,267.6330,432.7530,0.000380
_18588_,VSS,Metal1,272.1130,454.2865,0.000451
_18587_,VSS,Metal1,276.5930,444.2065,0.000281
_18586_,VSS,Metal1,655.1530,402.5130,0.000316
_18585_,VSS,Metal1,796.2730,343.4065,0.000426
_18584_,VSS,Metal1,795.1530,353.4865,0.000367
_18583_,VSS,Metal1,802.4330,342.0330,0.000426
_18582_,VSS,Metal1,799.6330,333.3265,0.000390
_18581_,VSS,Metal1,804.1130,331.9530,0.000390
_18580_,VSS,Metal1,801.3130,382.3530,0.000197
_18579_,VSS,Metal1,538.6730,301.7130,0.000451
_18578_,VSS,Metal1,650.6730,362.1930,0.000340
_18577_,VSS,Metal1,643.9530,323.2465,0.000208
_18576_,VSS,Metal1,609.7930,362.1930,0.000378
_18575_,VSS,Metal1,558.2730,313.1665,0.000518
_18574_,VSS,Metal1,585.7130,293.0065,0.000416
_18573_,VSS,Metal1,514.0330,293.0065,0.000380
_18572_,VSS,Metal1,522.9930,413.9665,0.000546
_18571_,VSS,Metal1,487.7130,362.1930,0.000400
_18570_,VSS,Metal1,650.6730,432.7530,0.000427
_18569_,VSS,Metal1,728.5130,372.2730,0.000287
_18568_,VSS,Metal1,742.5130,363.5665,0.000399
_18567_,VSS,Metal1,718.4330,363.5665,0.000398
_18566_,VSS,Metal1,742.5130,343.4065,0.000416
_18565_,VSS,Metal1,701.6330,382.3530,0.000232
_18564_,VSS,Metal1,703.3130,383.7265,0.000232
_18563_,VSS,Metal1,533.0730,291.6330,0.000390
_18562_,VSS,Metal1,632.7530,424.0465,0.000307
_18561_,VSS,Metal1,624.3530,301.7130,0.000465
_18560_,VSS,Metal1,633.3130,353.4865,0.000334
_18559_,VSS,Metal1,515.7130,353.4865,0.000349
_18558_,VSS,Metal1,590.7530,303.0865,0.000479
_18557_,VSS,Metal1,508.9930,303.0865,0.000409
_18556_,VSS,Metal1,537.5530,422.6730,0.000288
_18555_,VSS,Metal1,476.5130,343.4065,0.000229
_18554_,VSS,Metal1,664.1130,393.8065,0.000271
_18553_,VSS,Metal1,773.8730,342.0330,0.000426
_18552_,VSS,Metal1,769.9530,352.1130,0.000419
_18551_,VSS,Metal1,748.6730,333.3265,0.000587
_18550_,VSS,Metal1,762.1130,331.9530,0.000587
_18549_,VSS,Metal1,768.8330,321.8730,0.000276
_18548_,VSS,Metal1,761.5530,363.5665,0.000397
_18547_,VSS,Metal1,526.3530,313.1665,0.000506
_18546_,VSS,Metal1,644.5130,372.2730,0.000269
_18545_,VSS,Metal1,605.3130,301.7130,0.000478
_18544_,VSS,Metal1,578.9930,362.1930,0.000385
_18543_,VSS,Metal1,545.9530,352.1130,0.000391
_18542_,VSS,Metal1,580.6730,311.7930,0.000517
_18541_,VSS,Metal1,487.1530,323.2465,0.000206
_18540_,VSS,Metal1,544.8330,392.4330,0.000391
_18539_,VSS,Metal1,484.9130,353.4865,0.000324
_18538_,VSS,Metal1,663.5530,392.4330,0.000271
_18537_,VSS,Metal1,701.6330,352.1130,0.000488
_18536_,VSS,Metal1,704.4330,353.4865,0.000488
_18535_,VSS,Metal1,688.7530,331.9530,0.000528
_18534_,VSS,Metal1,707.7930,323.2465,0.000266
_18533_,VSS,Metal1,693.7930,321.8730,0.000263
_18532_,VSS,Metal1,693.2330,372.2730,0.000288
_18531_,VSS,Metal1,531.3930,321.8730,0.000219
_18530_,VSS,Metal1,632.7530,403.8865,0.000280
_18529_,VSS,Metal1,624.9130,323.2465,0.000212
_18528_,VSS,Metal1,587.3930,363.5665,0.000385
_18527_,VSS,Metal1,552.6730,353.4865,0.000391
_18526_,VSS,Metal1,594.1130,323.2465,0.000220
_18525_,VSS,Metal1,497.7930,311.7930,0.000494
_18524_,VSS,Metal1,556.5930,393.8065,0.000391
_18523_,VSS,Metal1,480.9930,333.3265,0.000309
_18522_,VSS,Metal1,218.3530,503.3130,0.000488
_18521_,VSS,Metal1,192.0330,473.0730,0.000428
_18520_,VSS,Metal1,193.1530,483.1530,0.000391
_18519_,VSS,Metal1,204.9130,484.5265,0.000391
_18518_,VSS,Metal1,222.2730,473.0730,0.000446
_18517_,VSS,Metal1,227.8730,462.9930,0.000357
_18516_,VSS,Metal1,252.5130,462.9930,0.000398
_18515_,VSS,Metal1,200.4330,373.6465,0.000281
_18514_,VSS,Metal1,166.2730,393.8065,0.000221
_18513_,VSS,Metal1,188.1130,402.5130,0.000364
_18512_,VSS,Metal1,187.5530,412.5930,0.000441
_18511_,VSS,Metal1,159.5530,413.9665,0.000406
_18510_,VSS,Metal1,160.6730,424.0465,0.000541
_18509_,VSS,Metal1,174.1130,452.9130,0.000289
_18508_,VSS,Metal1,164.5930,444.2065,0.000205
_18507_,VSS,Metal1,164.0330,454.2865,0.000291
_18506_,VSS,Metal1,860.1130,605.4865,0.000628
_18505_,VSS,Metal1,852.8330,594.0330,0.000409
_18504_,VSS,Metal1,852.8330,573.8730,0.000399
_18503_,VSS,Metal1,851.7130,563.7930,0.000410
_18502_,VSS,Metal1,839.9530,565.1665,0.000410
_18501_,VSS,Metal1,820.9130,565.1665,0.000399
_18500_,VSS,Metal1,800.7530,565.1665,0.000383
_18499_,VSS,Metal1,763.2330,573.8730,0.000402
_18498_,VSS,Metal1,663.5530,604.1130,0.000353
_18497_,VSS,Metal1,644.5130,604.1130,0.000332
_18496_,VSS,Metal1,447.9530,615.5665,0.000428
_18495_,VSS,Metal1,435.0730,605.4865,0.000173
_18494_,VSS,Metal1,358.9130,605.4865,0.000178
_18493_,VSS,Metal1,363.3930,615.5665,0.000444
_18492_,VSS,Metal1,346.5930,614.1930,0.000442
_18491_,VSS,Metal1,351.0730,625.6465,0.000173
_18490_,VSS,Metal1,675.8730,595.4065,0.000264
_18489_,VSS,Metal1,676.4330,585.3265,0.000284
_18488_,VSS,Metal1,675.3130,615.5665,0.000434
_18487_,VSS,Metal1,675.3130,625.6465,0.000367
_18486_,VSS,Metal1,671.9530,635.7265,0.000284
_18485_,VSS,Metal1,668.5930,645.8065,0.000216
_18484_,VSS,Metal1,663.5530,664.5930,0.000286
_18483_,VSS,Metal1,664.1130,665.9665,0.000286
_18482_,VSS,Metal1,587.3930,665.9665,0.000295
_18481_,VSS,Metal1,534.7530,664.5930,0.000277
_18480_,VSS,Metal1,524.6730,665.9665,0.000276
_18479_,VSS,Metal1,419.9530,684.7530,0.000390
_18478_,VSS,Metal1,368.9930,665.9665,0.000239
_18477_,VSS,Metal1,369.5530,676.0465,0.000445
_18476_,VSS,Metal1,349.9530,684.7530,0.000402
_18475_,VSS,Metal1,354.9930,686.1265,0.000402
_18474_,VSS,Metal1,944.1130,282.9265,0.000208
_18473_,VSS,Metal1,904.9130,293.0065,0.000374
_18472_,VSS,Metal1,937.9530,291.6330,0.000358
_18471_,VSS,Metal1,918.9130,301.7130,0.000535
_18470_,VSS,Metal1,939.6330,293.0065,0.000359
_18469_,VSS,Metal1,864.5930,293.0065,0.000376
_18468_,VSS,Metal1,810.8330,281.5530,0.000207
_18467_,VSS,Metal1,881.3930,301.7130,0.000536
_18466_,VSS,Metal1,722.9130,291.6330,0.000380
_18465_,VSS,Metal1,633.8730,514.7665,0.000273
_18464_,VSS,Metal1,529.7130,533.5530,0.000453
_18463_,VSS,Metal1,434.5130,514.7665,0.000275
_18462_,VSS,Metal1,370.1130,523.4730,0.000239
_18461_,VSS,Metal1,373.4730,543.6330,0.000298
_18460_,VSS,Metal1,330.9130,523.4730,0.000191
_18459_,VSS,Metal1,363.9530,383.7265,0.000431
_18458_,VSS,Metal1,840.5130,291.6330,0.000373
_18457_,VSS,Metal1,834.3530,313.1665,0.000551
_18456_,VSS,Metal1,809.1530,291.6330,0.000342
_18455_,VSS,Metal1,710.0330,303.0865,0.000501
_18454_,VSS,Metal1,834.3530,293.0065,0.000373
_18453_,VSS,Metal1,710.5930,293.0065,0.000381
_18452_,VSS,Metal1,741.9530,281.5530,0.000239
_18451_,VSS,Metal1,781.1530,291.6330,0.000327
_18450_,VSS,Metal1,644.5130,291.6330,0.000365
_18449_,VSS,Metal1,507.3130,514.7665,0.000264
_18448_,VSS,Metal1,455.2330,553.7130,0.000609
_18447_,VSS,Metal1,440.6730,524.8465,0.000253
_18446_,VSS,Metal1,362.8330,585.3265,0.000450
_18445_,VSS,Metal1,295.0730,543.6330,0.000505
_18444_,VSS,Metal1,323.6330,524.8465,0.000191
_18443_,VSS,Metal1,327.5530,424.0465,0.000420
_18442_,VSS,Metal1,232.9130,565.1665,0.000522
_18441_,VSS,Metal1,271.5530,553.7130,0.000557
_18440_,VSS,Metal1,226.7530,594.0330,0.000359
_18439_,VSS,Metal1,252.5130,583.9530,0.000439
_18438_,VSS,Metal1,242.9930,585.3265,0.000438
_18437_,VSS,Metal1,195.9530,545.0065,0.000340
_18436_,VSS,Metal1,188.1130,543.6330,0.000340
_18435_,VSS,Metal1,193.7130,534.9265,0.000513
_18434_,VSS,Metal1,193.1530,674.6730,0.000359
_18433_,VSS,Metal1,221.7130,674.6730,0.000378
_18432_,VSS,Metal1,221.7130,684.7530,0.000532
_18431_,VSS,Metal1,212.7530,676.0465,0.000375
_18430_,VSS,Metal1,114.7530,664.5930,0.000216
_18429_,VSS,Metal1,193.1530,684.7530,0.000493
_18428_,VSS,Metal1,208.2730,635.7265,0.000285
_18427_,VSS,Metal1,202.6730,645.8065,0.000215
_18426_,VSS,Metal1,174.1130,644.4330,0.000130
_18425_,VSS,Metal1,108.0330,634.3530,0.000246
_18424_,VSS,Metal1,115.3130,635.7265,0.000246
_18423_,VSS,Metal1,110.2730,654.5130,0.000622
_18422_,VSS,Metal1,127.0730,686.1265,0.000520
_18421_,VSS,Metal1,123.7130,676.0465,0.000332
_18420_,VSS,Metal1,110.8330,684.7530,0.000562
_18419_,VSS,Metal1,108.0330,372.2730,0.000320
_18418_,VSS,Metal1,153.9530,382.3530,0.000210
_18417_,VSS,Metal1,272.2555,694.8085,0.000996
_18416_,VSS,Metal1,279.3930,514.7665,0.000230
_18415_,VSS,Metal1,283.8730,494.6065,0.000579
_18414_,VSS,Metal1,278.2730,504.6865,0.000512
_18413_,VSS,Metal1,19.5530,130.3530,0.000223
_18412_,VSS,Metal1,16.7530,121.6465,0.000111
_18411_,VSS,Metal1,36.9130,131.7265,0.000228
_18410_,VSS,Metal1,30.7530,120.2730,0.000112
_18409_,VSS,Metal1,55.9530,131.7265,0.000237
_18408_,VSS,Metal1,63.7930,130.3530,0.000237
_18407_,VSS,Metal1,55.9530,141.8065,0.000172
_18406_,VSS,Metal1,75.5530,644.4330,0.000192
_18405_,VSS,Metal1,75.5530,664.5930,0.000232
_18404_,VSS,Metal1,89.5530,696.2065,0.000528
_18403_,VSS,Metal1,75.5530,694.8330,0.000520
_18402_,VSS,Metal1,25.1530,876.2730,0.000033
_18401_,VSS,Metal1,84.5130,676.0465,0.000330
_18400_,VSS,Metal1,21.7930,886.3530,0.000066
_18399_,VSS,Metal1,17.3130,936.7530,0.000066
_18398_,VSS,Metal1,16.7530,887.7265,0.000066
_18397_,VSS,Metal1,29.6330,644.4330,0.000190
_18396_,VSS,Metal1,27.9530,694.8330,0.000399
_18395_,VSS,Metal1,36.9130,645.8065,0.000190
_18394_,VSS,Metal1,22.9130,674.6730,0.000256
_18393_,VSS,Metal1,22.3530,664.5930,0.000205
_18392_,VSS,Metal1,16.7530,686.1265,0.000500
_18391_,VSS,Metal1,56.5130,694.8330,0.000504
_18390_,VSS,Metal1,17.3130,928.0465,0.000066
_18389_,VSS,Metal1,16.7530,1079.2465,0.000254
_18388_,VSS,Metal1,55.3930,1089.3265,0.000471
_18387_,VSS,Metal1,21.7930,1067.7930,0.000033
_18386_,VSS,Metal1,21.7930,987.1530,0.000033
_18385_,VSS,Metal1,16.7530,1059.0865,0.000110
_18384_,VSS,Metal1,16.7530,978.4465,0.000067
_18383_,VSS,Metal1,21.7930,1017.3930,0.000066
_18382_,VSS,Metal1,16.7530,998.6065,0.000066
_18381_,VSS,Metal1,22.3530,745.2330,0.000066
_18380_,VSS,Metal1,16.7530,797.0065,0.000066
_18379_,VSS,Metal1,18.9930,775.4730,0.000066
_18378_,VSS,Metal1,22.9130,835.9530,0.000066
_18377_,VSS,Metal1,16.7530,746.6065,0.000066
_18376_,VSS,Metal1,22.9130,856.1130,0.000066
_18375_,VSS,Metal1,25.1530,795.6330,0.000066
_18374_,VSS,Metal1,144.4330,291.6330,0.000448
_18373_,VSS,Metal1,206.5930,272.8465,0.000346
_18372_,VSS,Metal1,213.3130,271.4730,0.000346
_18371_,VSS,Metal1,213.3130,281.5530,0.000411
_18370_,VSS,Metal1,193.7130,303.0865,0.000460
_18369_,VSS,Metal1,239.6330,272.8465,0.000341
_18368_,VSS,Metal1,487.1530,272.8465,0.000215
_18367_,VSS,Metal1,492.1930,271.4730,0.000215
_18366_,VSS,Metal1,488.2730,291.6330,0.000358
_18365_,VSS,Metal1,480.4330,293.0065,0.000357
_18364_,VSS,Metal1,468.1130,303.0865,0.000274
_18363_,VSS,Metal1,391.3930,313.1665,0.000582
_18362_,VSS,Metal1,440.6730,303.0865,0.000284
_18361_,VSS,Metal1,212.7530,242.6065,0.000331
_18360_,VSS,Metal1,125.9530,262.7665,0.000265
_18359_,VSS,Metal1,173.5530,232.5265,0.000407
_18358_,VSS,Metal1,142.1930,231.1530,0.000464
_18357_,VSS,Metal1,153.9530,251.3130,0.000551
_18356_,VSS,Metal1,213.3130,241.2330,0.000331
_18355_,VSS,Metal1,141.0730,241.2330,0.000475
_18354_,VSS,Metal1,114.7530,251.3130,0.000535
_18353_,VSS,Metal1,135.4730,301.7130,0.000599
_18352_,VSS,Metal1,171.8730,272.8465,0.000341
_18351_,VSS,Metal1,185.3130,271.4730,0.000339
_18350_,VSS,Metal1,189.2330,281.5530,0.000386
_18349_,VSS,Metal1,179.7130,291.6330,0.000416
_18348_,VSS,Metal1,165.1530,252.6865,0.000552
_18347_,VSS,Metal1,113.0730,261.3930,0.000266
_18346_,VSS,Metal1,160.1130,222.4465,0.000328
_18345_,VSS,Metal1,120.3530,222.4465,0.000339
_18344_,VSS,Metal1,141.6330,261.3930,0.000265
_18343_,VSS,Metal1,134.3530,242.6065,0.000475
_18342_,VSS,Metal1,118.1130,232.5265,0.000478
_18341_,VSS,Metal1,95.7130,251.3130,0.000529
_18340_,VSS,Metal1,143.8730,271.4730,0.000401
_18339_,VSS,Metal1,142.7530,281.5530,0.000453
_18338_,VSS,Metal1,180.1415,594.0560,0.000324
_18337_,VSS,Metal1,184.0615,583.9760,0.000377
_18336_,VSS,Metal1,180.1415,573.8960,0.000464
_18335_,VSS,Metal1,174.5415,565.1435,0.000336
_18334_,VSS,Metal1,174.5415,575.2235,0.000465
_18333_,VSS,Metal1,174.5415,563.8160,0.000336
_18332_,VSS,Metal1,324.0615,575.2235,0.000384
_18331_,VSS,Metal1,165.5815,544.9835,0.000378
_18330_,VSS,Metal1,364.9415,484.5035,0.000408
_18329_,VSS,Metal1,408.0615,473.0960,0.000366
_18328_,VSS,Metal1,429.3415,432.7760,0.000373
_18327_,VSS,Metal1,418.1415,442.8560,0.000376
_18326_,VSS,Metal1,372.2215,402.5360,0.000497
_18325_,VSS,Metal1,310.0615,484.5035,0.000393
_18324_,VSS,Metal1,320.1415,444.1835,0.000282
_18323_,VSS,Metal1,388.4615,565.1435,0.000641
_18322_,VSS,Metal1,441.6615,575.2235,0.000458
_18321_,VSS,Metal1,429.3415,543.6560,0.000319
_18320_,VSS,Metal1,447.8215,563.8160,0.000632
_18319_,VSS,Metal1,446.7015,565.1435,0.000632
_18318_,VSS,Metal1,364.9415,514.7435,0.000244
_18317_,VSS,Metal1,348.1415,543.6560,0.000298
_18316_,VSS,Metal1,329.6615,563.8160,0.000513
_18315_,VSS,Metal1,350.9415,563.8160,0.000634
_18314_,VSS,Metal1,352.0615,504.6635,0.000437
_18313_,VSS,Metal1,350.9415,493.2560,0.000549
_18312_,VSS,Metal1,374.4615,463.0160,0.000464
_18311_,VSS,Metal1,390.1415,473.0960,0.000374
_18310_,VSS,Metal1,403.5815,424.0235,0.000507
_18309_,VSS,Metal1,406.9415,434.1035,0.000374
_18308_,VSS,Metal1,362.7015,413.9435,0.000642
_18307_,VSS,Metal1,314.5415,504.6635,0.000470
_18306_,VSS,Metal1,303.9015,432.7760,0.000361
_18305_,VSS,Metal1,339.7415,452.9360,0.000450
_18304_,VSS,Metal1,408.6215,573.8960,0.000450
_18303_,VSS,Metal1,408.0615,543.6560,0.000315
_18302_,VSS,Metal1,375.0215,553.7360,0.000558
_18301_,VSS,Metal1,390.1415,533.5760,0.000501
_18300_,VSS,Metal1,408.6215,413.9435,0.000686
_18299_,VSS,Metal1,406.9415,464.3435,0.000461
_18298_,VSS,Metal1,362.1415,373.6235,0.000222
_18297_,VSS,Metal1,310.0615,514.7435,0.000229
_18296_,VSS,Metal1,320.1415,454.2635,0.000454
_18295_,VSS,Metal1,310.0615,534.9035,0.000514
_18294_,VSS,Metal1,447.8215,323.2235,0.000248
_18293_,VSS,Metal1,436.6215,343.3835,0.000248
_18292_,VSS,Metal1,452.3015,342.0560,0.000242
_18291_,VSS,Metal1,447.2615,352.1360,0.000376
_18290_,VSS,Metal1,403.0215,353.4635,0.000384
_18289_,VSS,Metal1,405.2615,333.3035,0.000395
_18288_,VSS,Metal1,358.7815,343.3835,0.000265
_18287_,VSS,Metal1,385.1015,372.2960,0.000224
_18286_,VSS,Metal1,455.1015,321.8960,0.000247
_18285_,VSS,Metal1,437.7415,474.4235,0.000346
_18284_,VSS,Metal1,439.9815,424.0235,0.000319
_18283_,VSS,Metal1,447.2615,452.9360,0.000358
_18282_,VSS,Metal1,370.5415,333.3035,0.000395
_18281_,VSS,Metal1,297.7415,483.1760,0.000393
_18280_,VSS,Metal1,331.3415,363.5435,0.000473
_18279_,VSS,Metal1,330.7815,412.6160,0.000532
_18278_,VSS,Metal1,232.3530,614.1930,0.000460
_18277_,VSS,Metal1,235.7130,615.5665,0.000461
_18276_,VSS,Metal1,208.8330,585.3265,0.000396
_18275_,VSS,Metal1,212.7530,595.4065,0.000359
_18274_,VSS,Metal1,154.5130,575.2465,0.000489
_18273_,VSS,Metal1,150.0330,573.8730,0.000490
_18272_,VSS,Metal1,232.3530,654.5130,0.000711
_18271_,VSS,Metal1,235.1530,645.8065,0.000219
_18270_,VSS,Metal1,232.3530,644.4330,0.000219
_18269_,VSS,Metal1,278.8330,474.4465,0.000453
_18268_,VSS,Metal1,114.7530,382.3530,0.000215
_18267_,VSS,Metal1,209.9530,343.4065,0.000304
_18266_,VSS,Metal1,86.7530,232.5265,0.000502
_18265_,VSS,Metal1,106.3530,331.9530,0.000705
_18264_,VSS,Metal1,227.8730,261.3930,0.000251
_18263_,VSS,Metal1,237.3930,262.7665,0.000251
_18262_,VSS,Metal1,212.7530,232.5265,0.000418
_18261_,VSS,Metal1,188.1130,241.2330,0.000353
_18260_,VSS,Metal1,181.3930,251.3130,0.000536
_18259_,VSS,Metal1,223.3930,251.3130,0.000555
_18258_,VSS,Metal1,186.9930,231.1530,0.000404
_18257_,VSS,Metal1,180.8330,261.3930,0.000246
_18256_,VSS,Metal1,201.5530,141.8065,0.000188
_18255_,VSS,Metal1,197.6330,202.2865,0.000347
_18254_,VSS,Metal1,201.5530,161.9665,0.000300
_18253_,VSS,Metal1,193.1530,150.5130,0.000215
_18252_,VSS,Metal1,160.6730,161.9665,0.000327
_18251_,VSS,Metal1,134.9130,190.8330,0.000369
_18250_,VSS,Metal1,127.0730,141.8065,0.000205
_18249_,VSS,Metal1,170.7530,192.2065,0.000358
_18248_,VSS,Metal1,136.5930,362.1930,0.000571
_18247_,VSS,Metal1,142.7530,331.9530,0.000593
_18246_,VSS,Metal1,428.3530,573.8730,0.000458
_18245_,VSS,Metal1,422.1930,533.5530,0.000499
_18244_,VSS,Metal1,429.4730,555.0865,0.000613
_18243_,VSS,Metal1,428.3530,563.7930,0.000645
_18242_,VSS,Metal1,349.9530,523.4730,0.000234
_18241_,VSS,Metal1,338.1930,553.7130,0.000524
_18240_,VSS,Metal1,314.1130,565.1665,0.000517
_18239_,VSS,Metal1,352.1930,565.1665,0.000634
_18238_,VSS,Metal1,330.3530,494.6065,0.000534
_18237_,VSS,Metal1,332.5930,493.2330,0.000533
_18236_,VSS,Metal1,362.8330,464.3665,0.000462
_18235_,VSS,Metal1,384.6730,483.1530,0.000421
_18234_,VSS,Metal1,390.8330,413.9665,0.000674
_18233_,VSS,Metal1,392.5130,444.2065,0.000390
_18232_,VSS,Metal1,356.6730,403.8865,0.000496
_18231_,VSS,Metal1,303.4730,503.3130,0.000472
_18230_,VSS,Metal1,299.5530,442.8330,0.000287
_18229_,VSS,Metal1,330.9130,462.9930,0.000399
_18228_,VSS,Metal1,395.8730,545.0065,0.000314
_18227_,VSS,Metal1,395.8730,534.9265,0.000501
_18226_,VSS,Metal1,363.3930,534.9265,0.000491
_18225_,VSS,Metal1,385.2330,513.3930,0.000262
_18224_,VSS,Metal1,389.1530,412.5930,0.000673
_18223_,VSS,Metal1,395.3130,454.2865,0.000448
_18222_,VSS,Metal1,358.3530,393.8065,0.000472
_18221_,VSS,Metal1,302.9130,513.3930,0.000230
_18220_,VSS,Metal1,304.5930,452.9130,0.000454
_18219_,VSS,Metal1,302.3530,533.5530,0.000514
_18218_,VSS,Metal1,436.1930,313.1665,0.000591
_18217_,VSS,Metal1,428.3530,352.1130,0.000377
_18216_,VSS,Metal1,435.6330,333.3265,0.000385
_18215_,VSS,Metal1,436.1930,353.4865,0.000377
_18214_,VSS,Metal1,403.7130,343.4065,0.000264
_18213_,VSS,Metal1,409.3130,331.9530,0.000395
_18212_,VSS,Metal1,361.7130,353.4865,0.000382
_18211_,VSS,Metal1,385.7930,362.1930,0.000561
_18210_,VSS,Metal1,448.5130,331.9530,0.000384
_18209_,VSS,Metal1,428.3530,473.0730,0.000347
_18208_,VSS,Metal1,433.9530,434.1265,0.000373
_18207_,VSS,Metal1,438.9930,454.2865,0.000359
_18206_,VSS,Metal1,375.7130,342.0330,0.000267
_18205_,VSS,Metal1,296.1930,473.0730,0.000450
_18204_,VSS,Metal1,333.7130,372.2730,0.000220
_18203_,VSS,Metal1,330.3530,403.8865,0.000456
_18202_,VSS,Metal1,648.8615,150.5360,0.000347
_18201_,VSS,Metal1,654.4615,120.2960,0.000214
_18200_,VSS,Metal1,612.4615,110.2160,0.000119
_18199_,VSS,Metal1,623.6615,172.0235,0.000137
_18198_,VSS,Metal1,651.1015,110.2160,0.000117
_18197_,VSS,Metal1,650.5415,90.0560,0.000150
_18196_,VSS,Metal1,614.7015,100.1360,0.000134
_18195_,VSS,Metal1,609.6615,79.9760,0.000278
_18194_,VSS,Metal1,625.3415,69.8960,0.000180
_18193_,VSS,Metal1,489.8215,200.9360,0.000162
_18192_,VSS,Metal1,222.7015,100.1360,0.000219
_18191_,VSS,Metal1,213.1815,59.8160,0.000253
_18190_,VSS,Metal1,226.6215,190.8560,0.000452
_18189_,VSS,Metal1,213.7415,69.8960,0.000218
_18188_,VSS,Metal1,242.3015,151.8635,0.000200
_18187_,VSS,Metal1,226.6215,231.1760,0.000418
_18186_,VSS,Metal1,652.7815,231.1760,0.000133
_18185_,VSS,Metal1,647.7415,200.9360,0.000145
_18184_,VSS,Metal1,639.3415,161.9435,0.000106
_18183_,VSS,Metal1,592.3015,81.3035,0.000282
_18182_,VSS,Metal1,634.8615,212.3435,0.000216
_18181_,VSS,Metal1,644.9415,202.2635,0.000145
_18180_,VSS,Metal1,623.6615,141.7835,0.000235
_18179_,VSS,Metal1,593.4215,172.0235,0.000142
_18178_,VSS,Metal1,615.2615,200.9360,0.000176
_18177_,VSS,Metal1,252.9415,222.4235,0.000292
_18176_,VSS,Metal1,231.6615,172.0235,0.000424
_18175_,VSS,Metal1,214.3015,90.0560,0.000311
_18174_,VSS,Metal1,243.4215,61.1435,0.000246
_18173_,VSS,Metal1,251.8215,190.8560,0.000446
_18172_,VSS,Metal1,231.6615,71.2235,0.000217
_18171_,VSS,Metal1,233.3415,130.3760,0.000366
_18170_,VSS,Metal1,277.7130,686.1265,0.000485
_18169_,VSS,Metal1,264.8330,644.4330,0.000196
_18168_,VSS,Metal1,248.5930,665.9665,0.000209
_18167_,VSS,Metal1,249.1530,676.0465,0.000423
_18166_,VSS,Metal1,260.9130,614.1930,0.000468
_18165_,VSS,Metal1,291.7130,604.1130,0.000193
_18164_,VSS,Metal1,290.0330,565.1665,0.000518
_18163_,VSS,Metal1,282.1930,575.2465,0.000432
_18162_,VSS,Metal1,263.1530,654.5130,0.000668
_18161_,VSS,Metal1,284.9930,676.0465,0.000461
_18160_,VSS,Metal1,260.3530,634.3530,0.000376
_18159_,VSS,Metal1,252.5130,674.6730,0.000423
_18158_,VSS,Metal1,253.6330,684.7530,0.000509
_18157_,VSS,Metal1,263.7130,624.2730,0.000171
_18156_,VSS,Metal1,301.2330,594.0330,0.000338
_18155_,VSS,Metal1,297.8730,573.8730,0.000432
_18154_,VSS,Metal1,284.4330,555.0865,0.000556
_18153_,VSS,Metal1,289.4730,655.8865,0.000621
_18152_,VSS,Metal1,344.9130,321.8730,0.000274
_18151_,VSS,Metal1,345.4730,331.9530,0.000389
_18150_,VSS,Metal1,309.9020,352.0720,0.000410
_18149_,VSS,Metal1,310.7530,342.0330,0.000271
_18148_,VSS,Metal1,337.2155,342.0085,0.000263
_18147_,VSS,Metal1,256.9930,352.1130,0.000545
_18146_,VSS,Metal1,29.0730,190.8330,0.000213
_18145_,VSS,Metal1,31.8730,221.0730,0.000299
_18144_,VSS,Metal1,132.1130,424.0465,0.000552
_18143_,VSS,Metal1,164.5930,131.7265,0.000257
_18142_,VSS,Metal1,114.7530,140.4330,0.000205
_18141_,VSS,Metal1,87.8730,151.8865,0.000242
_18140_,VSS,Metal1,93.4730,192.2065,0.000356
_18139_,VSS,Metal1,95.7130,140.4330,0.000202
_18138_,VSS,Metal1,91.7930,131.7265,0.000248
_18137_,VSS,Metal1,95.7130,221.0730,0.000333
_18136_,VSS,Metal1,647.8730,170.6730,0.000127
_18135_,VSS,Metal1,652.3530,140.4330,0.000202
_18134_,VSS,Metal1,636.1130,121.6465,0.000210
_18133_,VSS,Metal1,595.2330,141.8065,0.000238
_18132_,VSS,Metal1,650.6730,130.3530,0.000162
_18131_,VSS,Metal1,647.3130,180.7530,0.000151
_18130_,VSS,Metal1,616.5130,140.4330,0.000235
_18129_,VSS,Metal1,596.3530,131.7265,0.000173
_18128_,VSS,Metal1,624.9130,151.8865,0.000360
_18127_,VSS,Metal1,217.7930,210.9930,0.000250
_18126_,VSS,Metal1,212.7530,121.6465,0.000181
_18125_,VSS,Metal1,215.5530,130.3530,0.000332
_18124_,VSS,Metal1,183.6330,160.5930,0.000302
_18123_,VSS,Metal1,141.6330,130.3530,0.000260
_18122_,VSS,Metal1,134.3530,151.8865,0.000229
_18121_,VSS,Metal1,185.3130,210.9930,0.000250
_18120_,VSS,Metal1,1036.3815,160.6160,0.000305
_18119_,VSS,Metal1,1026.8615,111.5435,0.000202
_18118_,VSS,Metal1,1035.2615,39.6560,0.000281
_18117_,VSS,Metal1,1037.5015,190.8560,0.000354
_18116_,VSS,Metal1,1029.1015,71.2235,0.000629
_18115_,VSS,Metal1,881.2615,39.6560,0.000254
_18114_,VSS,Metal1,826.9415,61.1435,0.000262
_18113_,VSS,Metal1,962.4615,39.6560,0.000241
_18112_,VSS,Metal1,772.6215,39.6560,0.000244
_18111_,VSS,Metal1,546.9415,130.3760,0.000192
_18110_,VSS,Metal1,602.9415,40.9835,0.000244
_18109_,VSS,Metal1,476.3815,30.9035,0.000239
_18108_,VSS,Metal1,466.8615,222.4235,0.000303
_18107_,VSS,Metal1,414.7815,29.5760,0.000283
_18106_,VSS,Metal1,290.4615,141.7835,0.000201
_18105_,VSS,Metal1,390.1415,231.1760,0.000333
_18104_,VSS,Metal1,1036.9415,151.8635,0.000969
_18103_,VSS,Metal1,1040.3015,130.3760,0.000214
_18102_,VSS,Metal1,1031.3415,40.9835,0.000281
_18101_,VSS,Metal1,1040.8615,200.9360,0.000279
_18100_,VSS,Metal1,1041.9815,69.8960,0.000629
_18099_,VSS,Metal1,872.3015,40.9835,0.000254
_18098_,VSS,Metal1,816.8615,39.6560,0.000234
_18097_,VSS,Metal1,958.5415,40.9835,0.000241
_18096_,VSS,Metal1,771.5015,29.5760,0.000279
_18095_,VSS,Metal1,553.1015,131.7035,0.000192
_18094_,VSS,Metal1,604.0615,29.5760,0.000298
_18093_,VSS,Metal1,468.5415,39.6560,0.000228
_18092_,VSS,Metal1,454.5415,221.0960,0.000303
_18091_,VSS,Metal1,409.7415,30.9035,0.000283
_18090_,VSS,Metal1,273.6615,141.7835,0.000205
_18089_,VSS,Metal1,396.8615,242.5835,0.000213
_18088_,VSS,Metal1,980.3815,161.9435,0.000259
_18087_,VSS,Metal1,978.1415,130.3760,0.000186
_18086_,VSS,Metal1,978.1415,69.8960,0.000606
_18085_,VSS,Metal1,976.4615,192.1835,0.000304
_18084_,VSS,Metal1,987.1015,91.3835,0.000199
_18083_,VSS,Metal1,852.1415,79.9760,0.000216
_18082_,VSS,Metal1,824.1415,91.3835,0.000145
_18081_,VSS,Metal1,908.7015,61.1435,0.000183
_18080_,VSS,Metal1,746.8615,71.2235,0.000264
_18079_,VSS,Metal1,525.6615,170.6960,0.000149
_18078_,VSS,Metal1,566.5415,71.2235,0.000188
_18077_,VSS,Metal1,486.4615,100.1360,0.000126
_18076_,VSS,Metal1,461.2615,251.3360,0.000468
_18075_,VSS,Metal1,413.6615,79.9760,0.000335
_18074_,VSS,Metal1,270.8615,172.0235,0.000356
_18073_,VSS,Metal1,341.9815,271.4960,0.000253
_18072_,VSS,Metal1,1054.8615,161.9435,0.000313
_18071_,VSS,Metal1,988.2215,111.5435,0.000167
_18070_,VSS,Metal1,978.7015,30.9035,0.000257
_18069_,VSS,Metal1,993.2615,192.1835,0.000327
_18068_,VSS,Metal1,1054.8615,91.3835,0.000261
_18067_,VSS,Metal1,842.6215,29.5760,0.000284
_18066_,VSS,Metal1,829.7415,71.2235,0.000319
_18065_,VSS,Metal1,902.5415,30.9035,0.000275
_18064_,VSS,Metal1,742.3815,29.5760,0.000302
_18063_,VSS,Metal1,517.8215,151.8635,0.000273
_18062_,VSS,Metal1,572.7015,29.5760,0.000302
_18061_,VSS,Metal1,487.0215,69.8960,0.000130
_18060_,VSS,Metal1,448.9415,212.3435,0.000254
_18059_,VSS,Metal1,408.0615,61.1435,0.000233
_18058_,VSS,Metal1,270.3015,170.6960,0.000357
_18057_,VSS,Metal1,368.8615,271.4960,0.000256
_18056_,VSS,Metal1,1067.7415,151.8635,0.000975
_18055_,VSS,Metal1,1063.2615,131.7035,0.000217
_18054_,VSS,Metal1,1035.2615,49.7360,0.000083
_18053_,VSS,Metal1,1074.4615,200.9360,0.000290
_18052_,VSS,Metal1,1045.3415,79.9760,0.000202
_18051_,VSS,Metal1,871.1815,30.9035,0.000286
_18050_,VSS,Metal1,800.0615,29.5760,0.000246
_18049_,VSS,Metal1,909.2615,40.9835,0.000244
_18048_,VSS,Metal1,774.8615,59.8160,0.000319
_18047_,VSS,Metal1,575.5015,140.4560,0.000236
_18046_,VSS,Metal1,598.4615,30.9035,0.000298
_18045_,VSS,Metal1,465.7415,90.0560,0.000171
_18044_,VSS,Metal1,411.4215,231.1760,0.000333
_18043_,VSS,Metal1,443.9015,30.9035,0.000275
_18042_,VSS,Metal1,311.7415,150.5360,0.000164
_18041_,VSS,Metal1,362.1415,222.4235,0.000261
_18040_,VSS,Metal1,978.1415,160.6160,0.000258
_18039_,VSS,Metal1,978.1415,140.4560,0.000349
_18038_,VSS,Metal1,991.0215,71.2235,0.000609
_18037_,VSS,Metal1,974.7815,200.9360,0.000198
_18036_,VSS,Metal1,996.0615,81.3035,0.000187
_18035_,VSS,Metal1,859.4215,81.3035,0.000216
_18034_,VSS,Metal1,794.4615,81.3035,0.000186
_18033_,VSS,Metal1,919.3415,71.2235,0.000476
_18032_,VSS,Metal1,772.0615,79.9760,0.000209
_18031_,VSS,Metal1,575.5015,160.6160,0.000122
_18030_,VSS,Metal1,596.2215,71.2235,0.000189
_18029_,VSS,Metal1,469.1015,101.4635,0.000131
_18028_,VSS,Metal1,422.6215,251.3360,0.000495
_18027_,VSS,Metal1,442.2215,81.3035,0.000314
_18026_,VSS,Metal1,310.0615,172.0235,0.000311
_18025_,VSS,Metal1,376.1415,281.5760,0.000421
_18024_,VSS,Metal1,1071.6615,161.9435,0.000320
_18023_,VSS,Metal1,1048.7015,140.4560,0.000420
_18022_,VSS,Metal1,995.5015,30.9035,0.000263
_18021_,VSS,Metal1,1064.9415,202.2635,0.000290
_18020_,VSS,Metal1,1045.3415,90.0560,0.000261
_18019_,VSS,Metal1,835.9015,30.9035,0.000284
_18018_,VSS,Metal1,800.0615,30.9035,0.000246
_18017_,VSS,Metal1,937.8215,30.9035,0.000239
_18016_,VSS,Metal1,737.9015,39.6560,0.000254
_18015_,VSS,Metal1,525.6615,150.5360,0.000274
_18014_,VSS,Metal1,559.8215,30.9035,0.000302
_18013_,VSS,Metal1,486.4615,39.6560,0.000227
_18012_,VSS,Metal1,409.7415,212.3435,0.000240
_18011_,VSS,Metal1,439.4215,40.9835,0.000237
_18010_,VSS,Metal1,272.5415,160.6160,0.000253
_18009_,VSS,Metal1,356.5415,232.5035,0.000317
_18008_,VSS,Metal1,1045.9015,170.6960,0.000178
_18007_,VSS,Metal1,1045.9015,120.2960,0.000185
_18006_,VSS,Metal1,1015.6615,30.9035,0.000266
_18005_,VSS,Metal1,1054.8615,192.1835,0.000358
_18004_,VSS,Metal1,1040.8615,100.1360,0.000187
_18003_,VSS,Metal1,839.2615,39.6560,0.000246
_18002_,VSS,Metal1,800.0615,39.6560,0.000214
_18001_,VSS,Metal1,954.6215,30.9035,0.000231
_18000_,VSS,Metal1,741.2615,30.9035,0.000302
_17999_,VSS,Metal1,522.3015,141.7835,0.000207
_17998_,VSS,Metal1,564.8615,39.6560,0.000258
_17997_,VSS,Metal1,476.3815,40.9835,0.000227
_17996_,VSS,Metal1,418.7015,211.0160,0.000241
_17995_,VSS,Metal1,447.2615,39.6560,0.000236
_17994_,VSS,Metal1,292.1415,172.0235,0.000322
_17993_,VSS,Metal1,359.3415,242.5835,0.000226
_17992_,VSS,Metal1,959.1015,170.6960,0.000132
_17991_,VSS,Metal1,919.3415,141.7835,0.000401
_17990_,VSS,Metal1,956.3015,81.3035,0.000160
_17989_,VSS,Metal1,940.6215,192.1835,0.000227
_17988_,VSS,Metal1,956.8615,130.3760,0.000168
_17987_,VSS,Metal1,839.2615,120.2960,0.000181
_17986_,VSS,Metal1,819.6615,121.6235,0.000171
_17985_,VSS,Metal1,887.4215,90.0560,0.000160
_17984_,VSS,Metal1,769.8215,90.0560,0.000146
_17983_,VSS,Metal1,578.3015,180.7760,0.000176
_17982_,VSS,Metal1,558.7015,91.3835,0.000160
_17981_,VSS,Metal1,488.1415,121.6235,0.000250
_17980_,VSS,Metal1,466.8615,262.7435,0.000234
_17979_,VSS,Metal1,447.2615,110.2160,0.000135
_17978_,VSS,Metal1,381.7415,170.6960,0.000251
_17977_,VSS,Metal1,414.7815,271.4960,0.000255
_17976_,VSS,Metal1,938.9415,172.0235,0.000133
_17975_,VSS,Metal1,889.6615,160.6160,0.000196
_17974_,VSS,Metal1,946.2215,71.2235,0.000472
_17973_,VSS,Metal1,898.0615,192.1835,0.000245
_17972_,VSS,Metal1,950.1415,131.7035,0.000168
_17971_,VSS,Metal1,838.1415,121.6235,0.000181
_17970_,VSS,Metal1,800.0615,130.3760,0.000145
_17969_,VSS,Metal1,880.1415,81.3035,0.000213
_17968_,VSS,Metal1,735.6615,100.1360,0.000127
_17967_,VSS,Metal1,549.7415,192.1835,0.000162
_17966_,VSS,Metal1,591.7415,101.4635,0.000138
_17965_,VSS,Metal1,479.1815,131.7035,0.000157
_17964_,VSS,Metal1,448.9415,281.5760,0.000397
_17963_,VSS,Metal1,427.6615,121.6235,0.000251
_17962_,VSS,Metal1,376.1415,180.7760,0.000140
_17961_,VSS,Metal1,408.0615,291.6560,0.000356
_17960_,VSS,Metal1,917.6615,170.6960,0.000139
_17959_,VSS,Metal1,886.8615,150.5360,0.000415
_17958_,VSS,Metal1,917.6615,100.1360,0.000118
_17957_,VSS,Metal1,886.8615,211.0160,0.000257
_17956_,VSS,Metal1,913.7415,111.5435,0.000130
_17955_,VSS,Metal1,860.5415,130.3760,0.000174
_17954_,VSS,Metal1,800.6215,140.4560,0.000230
_17953_,VSS,Metal1,886.3015,110.2160,0.000131
_17952_,VSS,Metal1,741.2615,111.5435,0.000131
_17951_,VSS,Metal1,551.4215,212.3435,0.000285
_17950_,VSS,Metal1,568.7815,120.2960,0.000293
_17949_,VSS,Metal1,479.1815,141.7835,0.000189
_17948_,VSS,Metal1,448.9415,272.8235,0.000236
_17947_,VSS,Metal1,419.2615,130.3760,0.000189
_17946_,VSS,Metal1,389.5815,161.9435,0.000184
_17945_,VSS,Metal1,406.9415,282.9035,0.000412
_17944_,VSS,Metal1,918.7815,161.9435,0.000203
_17943_,VSS,Metal1,920.4615,140.4560,0.000401
_17942_,VSS,Metal1,929.4215,90.0560,0.000156
_17941_,VSS,Metal1,930.5415,200.9360,0.000159
_17940_,VSS,Metal1,932.2215,120.2960,0.000147
_17939_,VSS,Metal1,858.8615,121.6235,0.000182
_17938_,VSS,Metal1,792.7815,101.4635,0.000111
_17937_,VSS,Metal1,887.9815,100.1360,0.000123
_17936_,VSS,Metal1,768.1415,100.1360,0.000126
_17935_,VSS,Metal1,577.7415,190.8560,0.000155
_17934_,VSS,Metal1,583.9015,110.2160,0.000125
_17933_,VSS,Metal1,492.0615,140.4560,0.000188
_17932_,VSS,Metal1,447.2615,291.6560,0.000363
_17931_,VSS,Metal1,445.0215,111.5435,0.000135
_17930_,VSS,Metal1,379.5015,160.6160,0.000184
_17929_,VSS,Metal1,406.3815,292.9835,0.000356
_17928_,VSS,Metal1,1036.9415,261.4160,0.000694
_17927_,VSS,Metal1,1037.5015,231.1760,0.000468
_17926_,VSS,Metal1,867.2615,151.8635,0.000420
_17925_,VSS,Metal1,711.5815,40.9835,0.000256
_17924_,VSS,Metal1,966.9415,251.3360,0.000364
_17923_,VSS,Metal1,745.7415,222.4235,0.000331
_17922_,VSS,Metal1,781.5815,141.7835,0.000245
_17921_,VSS,Metal1,814.0615,211.0160,0.000271
_17920_,VSS,Metal1,586.1415,251.3360,0.000395
_17919_,VSS,Metal1,512.7815,202.2635,0.000165
_17918_,VSS,Metal1,420.9415,150.5360,0.000213
_17917_,VSS,Metal1,537.9815,29.5760,0.000293
_17916_,VSS,Metal1,390.1415,39.6560,0.000216
_17915_,VSS,Metal1,299.9815,200.9360,0.000262
_17914_,VSS,Metal1,275.3415,30.9035,0.000243
_17913_,VSS,Metal1,284.3015,91.3835,0.000276
_17912_,VSS,Metal1,1042.5415,271.4960,0.000189
_17911_,VSS,Metal1,1036.9415,222.4235,0.000359
_17910_,VSS,Metal1,865.5815,141.7835,0.000453
_17909_,VSS,Metal1,711.0215,30.9035,0.000307
_17908_,VSS,Metal1,961.3415,261.4160,0.000628
_17907_,VSS,Metal1,742.9415,211.0160,0.000242
_17906_,VSS,Metal1,776.5415,140.4560,0.000245
_17905_,VSS,Metal1,810.7015,221.0960,0.000307
_17904_,VSS,Metal1,584.4615,262.7435,0.000276
_17903_,VSS,Metal1,525.6615,211.0160,0.000300
_17902_,VSS,Metal1,417.5815,140.4560,0.000225
_17901_,VSS,Metal1,527.3415,30.9035,0.000293
_17900_,VSS,Metal1,388.4615,30.9035,0.000277
_17899_,VSS,Metal1,285.4215,192.1835,0.000402
_17898_,VSS,Metal1,292.1415,30.9035,0.000243
_17897_,VSS,Metal1,272.5415,90.0560,0.000277
_17896_,VSS,Metal1,984.8615,262.7435,0.000666
_17895_,VSS,Metal1,978.1415,231.1760,0.000426
_17894_,VSS,Metal1,836.4615,151.8635,0.000415
_17893_,VSS,Metal1,718.3015,61.1435,0.000334
_17892_,VSS,Metal1,911.5015,222.4235,0.000296
_17891_,VSS,Metal1,735.1015,251.3360,0.000511
_17890_,VSS,Metal1,739.0215,140.4560,0.000254
_17889_,VSS,Metal1,784.9415,192.1835,0.000196
_17888_,VSS,Metal1,614.7015,231.1760,0.000171
_17887_,VSS,Metal1,489.2615,261.4160,0.000211
_17886_,VSS,Metal1,443.9015,192.1835,0.000229
_17885_,VSS,Metal1,509.4215,71.2235,0.000149
_17884_,VSS,Metal1,368.8615,71.2235,0.000158
_17883_,VSS,Metal1,290.4615,202.2635,0.000263
_17882_,VSS,Metal1,279.2615,61.1435,0.000226
_17881_,VSS,Metal1,270.8615,130.3760,0.000340
_17880_,VSS,Metal1,1056.5415,262.7435,0.000703
_17879_,VSS,Metal1,1054.8615,222.4235,0.000364
_17878_,VSS,Metal1,839.8215,150.5360,0.000415
_17877_,VSS,Metal1,684.7015,29.5760,0.000302
_17876_,VSS,Metal1,962.4615,221.0960,0.000267
_17875_,VSS,Metal1,741.2615,242.5835,0.000127
_17874_,VSS,Metal1,741.2615,131.7035,0.000176
_17873_,VSS,Metal1,760.8615,221.0960,0.000309
_17872_,VSS,Metal1,586.7015,212.3435,0.000256
_17871_,VSS,Metal1,484.7815,242.5835,0.000180
_17870_,VSS,Metal1,414.7815,160.6160,0.000177
_17869_,VSS,Metal1,507.7415,39.6560,0.000244
_17868_,VSS,Metal1,346.4615,39.6560,0.000178
_17867_,VSS,Metal1,291.0215,211.0160,0.000223
_17866_,VSS,Metal1,274.7815,51.0635,0.000226
_17865_,VSS,Metal1,270.3015,110.2160,0.000166
_17864_,VSS,Metal1,1073.3415,262.7435,0.000706
_17863_,VSS,Metal1,1072.2215,222.4235,0.000368
_17862_,VSS,Metal1,854.9415,200.9360,0.000153
_17861_,VSS,Metal1,673.5015,40.9835,0.000248
_17860_,VSS,Metal1,938.9415,261.4160,0.000604
_17859_,VSS,Metal1,708.7815,202.2635,0.000168
_17858_,VSS,Metal1,774.8615,170.6960,0.000124
_17857_,VSS,Metal1,808.4615,241.2560,0.000093
_17856_,VSS,Metal1,566.5415,242.5835,0.000192
_17855_,VSS,Metal1,532.9415,221.0960,0.000393
_17854_,VSS,Metal1,448.9415,150.5360,0.000221
_17853_,VSS,Metal1,540.7815,39.6560,0.000258
_17852_,VSS,Metal1,376.1415,29.5760,0.000277
_17851_,VSS,Metal1,311.7415,231.1760,0.000312
_17850_,VSS,Metal1,314.5415,30.9035,0.000237
_17849_,VSS,Metal1,308.9415,100.1360,0.000163
_17848_,VSS,Metal1,986.5415,252.6635,0.000389
_17847_,VSS,Metal1,983.7415,222.4235,0.000300
_17846_,VSS,Metal1,840.9415,192.1835,0.000236
_17845_,VSS,Metal1,721.6615,69.8960,0.000259
_17844_,VSS,Metal1,917.6615,241.2560,0.000082
_17843_,VSS,Metal1,703.7415,221.0960,0.000381
_17842_,VSS,Metal1,752.4615,182.1035,0.000145
_17841_,VSS,Metal1,808.4615,251.3360,0.000389
_17840_,VSS,Metal1,569.3415,261.4160,0.000272
_17839_,VSS,Metal1,513.9015,262.7435,0.000246
_17838_,VSS,Metal1,448.9415,151.8635,0.000221
_17837_,VSS,Metal1,545.2615,81.3035,0.000285
_17836_,VSS,Metal1,383.4215,69.8960,0.000158
_17835_,VSS,Metal1,324.6215,232.5035,0.000310
_17834_,VSS,Metal1,310.0615,71.2235,0.000162
_17833_,VSS,Metal1,304.4615,90.0560,0.000261
_17832_,VSS,Metal1,1068.8615,252.6635,0.000764
_17831_,VSS,Metal1,1074.4615,231.1760,0.000478
_17830_,VSS,Metal1,879.0215,190.8560,0.000246
_17829_,VSS,Metal1,682.4615,39.6560,0.000249
_17828_,VSS,Metal1,938.9415,221.0960,0.000264
_17827_,VSS,Metal1,723.3415,192.1835,0.000199
_17826_,VSS,Metal1,762.5415,131.7035,0.000171
_17825_,VSS,Metal1,772.0615,200.9360,0.000144
_17824_,VSS,Metal1,578.3015,221.0960,0.000433
_17823_,VSS,Metal1,486.4615,222.4235,0.000299
_17822_,VSS,Metal1,413.6615,190.8560,0.000250
_17821_,VSS,Metal1,506.0615,40.9835,0.000244
_17820_,VSS,Metal1,343.1015,49.7360,0.000149
_17819_,VSS,Metal1,291.5815,222.4235,0.000278
_17818_,VSS,Metal1,272.5415,39.6560,0.000183
_17817_,VSS,Metal1,270.8615,111.5435,0.000166
_17816_,VSS,Metal1,1053.7415,261.4160,0.000703
_17815_,VSS,Metal1,1055.4215,231.1760,0.000476
_17814_,VSS,Metal1,872.8615,192.1835,0.000246
_17813_,VSS,Metal1,671.8215,30.9035,0.000302
_17812_,VSS,Metal1,933.9015,231.1760,0.000380
_17811_,VSS,Metal1,722.2215,200.9360,0.000167
_17810_,VSS,Metal1,755.8215,172.0235,0.000130
_17809_,VSS,Metal1,775.4215,190.8560,0.000196
_17808_,VSS,Metal1,566.5415,222.4235,0.000432
_17807_,VSS,Metal1,488.1415,212.3435,0.000262
_17806_,VSS,Metal1,409.7415,182.1035,0.000145
_17805_,VSS,Metal1,508.8615,30.9035,0.000277
_17804_,VSS,Metal1,343.1015,29.5760,0.000221
_17803_,VSS,Metal1,294.9415,231.1760,0.000328
_17802_,VSS,Metal1,284.8615,40.9835,0.000183
_17801_,VSS,Metal1,290.4615,120.2960,0.000172
_17800_,VSS,Metal1,921.0215,271.4960,0.000206
_17799_,VSS,Metal1,839.8215,261.4160,0.000532
_17798_,VSS,Metal1,801.1815,161.9435,0.000129
_17797_,VSS,Metal1,703.7415,90.0560,0.000160
_17796_,VSS,Metal1,873.4215,232.5035,0.000370
_17795_,VSS,Metal1,690.3015,241.2560,0.000146
_17794_,VSS,Metal1,721.6615,180.7760,0.000168
_17793_,VSS,Metal1,760.8615,261.4160,0.000455
_17792_,VSS,Metal1,635.9815,252.6635,0.000382
_17791_,VSS,Metal1,545.2615,271.4960,0.000252
_17790_,VSS,Metal1,486.4615,180.7760,0.000136
_17789_,VSS,Metal1,539.1015,100.1360,0.000144
_17788_,VSS,Metal1,382.8615,90.0560,0.000213
_17787_,VSS,Metal1,370.5415,200.9360,0.000258
_17786_,VSS,Metal1,349.2615,81.3035,0.000293
_17785_,VSS,Metal1,368.8615,140.4560,0.000222
_17784_,VSS,Metal1,879.0215,272.8235,0.000218
_17783_,VSS,Metal1,829.7415,252.6635,0.000391
_17782_,VSS,Metal1,793.3415,172.0235,0.000113
_17781_,VSS,Metal1,682.4615,90.0560,0.000162
_17780_,VSS,Metal1,860.5415,261.4160,0.000559
_17779_,VSS,Metal1,721.6615,271.4960,0.000242
_17778_,VSS,Metal1,703.7415,180.7760,0.000169
_17777_,VSS,Metal1,759.1815,252.6635,0.000479
_17776_,VSS,Metal1,605.7415,272.8235,0.000245
_17775_,VSS,Metal1,545.2615,242.5835,0.000195
_17774_,VSS,Metal1,476.9415,202.2635,0.000163
_17773_,VSS,Metal1,515.0215,101.4635,0.000142
_17772_,VSS,Metal1,388.4615,91.3835,0.000213
_17771_,VSS,Metal1,370.5415,202.2635,0.000258
_17770_,VSS,Metal1,336.3815,79.9760,0.000292
_17769_,VSS,Metal1,350.9415,140.4560,0.000202
_17768_,VSS,Metal1,898.0615,272.8235,0.000213
_17767_,VSS,Metal1,836.4615,222.4235,0.000320
_17766_,VSS,Metal1,811.8215,190.8560,0.000204
_17765_,VSS,Metal1,703.7415,120.2960,0.000237
_17764_,VSS,Metal1,872.8615,212.3435,0.000260
_17763_,VSS,Metal1,676.8615,262.7435,0.000365
_17762_,VSS,Metal1,714.3815,141.7835,0.000254
_17761_,VSS,Metal1,781.0215,262.7435,0.000446
_17760_,VSS,Metal1,644.9415,262.7435,0.000273
_17759_,VSS,Metal1,528.4615,271.4960,0.000249
_17758_,VSS,Metal1,480.8615,182.1035,0.000136
_17757_,VSS,Metal1,517.2615,111.5435,0.000124
_17756_,VSS,Metal1,388.4615,121.6235,0.000227
_17755_,VSS,Metal1,388.4615,202.2635,0.000256
_17754_,VSS,Metal1,340.3015,100.1360,0.000149
_17753_,VSS,Metal1,358.2215,131.7035,0.000195
_17752_,VSS,Metal1,917.6615,272.8235,0.000207
_17751_,VSS,Metal1,840.3815,221.0960,0.000320
_17750_,VSS,Metal1,810.7015,160.6160,0.000130
_17749_,VSS,Metal1,705.9815,111.5435,0.000133
_17748_,VSS,Metal1,878.4615,231.1760,0.000370
_17747_,VSS,Metal1,682.4615,271.4960,0.000248
_17746_,VSS,Metal1,713.2615,151.8635,0.000384
_17745_,VSS,Metal1,767.5815,271.4960,0.000217
_17744_,VSS,Metal1,613.5815,271.4960,0.000244
_17743_,VSS,Metal1,534.0615,281.5760,0.000403
_17742_,VSS,Metal1,485.3415,172.0235,0.000143
_17741_,VSS,Metal1,525.6615,110.2160,0.000124
_17740_,VSS,Metal1,387.9015,120.2960,0.000227
_17739_,VSS,Metal1,368.8615,211.0160,0.000210
_17738_,VSS,Metal1,349.2615,101.4635,0.000149
_17737_,VSS,Metal1,385.6615,140.4560,0.000226
_17736_,VSS,Metal1,816.1265,343.2115,0.000468
_17735_,VSS,Metal1,814.9800,353.3260,0.000380
_17734_,VSS,Metal1,804.9265,323.0515,0.000312
_17733_,VSS,Metal1,815.5400,352.2735,0.000380
_17732_,VSS,Metal1,803.2465,383.5315,0.000197
_17731_,VSS,Metal1,814.9800,373.4860,0.000234
_17730_,VSS,Metal1,541.7265,292.8115,0.000390
_17729_,VSS,Metal1,560.7665,301.9080,0.000461
_17728_,VSS,Metal1,649.2465,373.4515,0.000269
_17727_,VSS,Metal1,658.7665,363.3715,0.000342
_17726_,VSS,Metal1,639.1665,322.0680,0.000208
_17725_,VSS,Metal1,639.1665,332.1480,0.000395
_17724_,VSS,Metal1,608.9265,352.3080,0.000358
_17723_,VSS,Metal1,619.5665,353.2915,0.000343
_17722_,VSS,Metal1,560.7665,322.0680,0.000219
_17721_,VSS,Metal1,558.5265,323.0515,0.000219
_17720_,VSS,Metal1,586.5265,301.9080,0.000479
_17719_,VSS,Metal1,578.1265,301.9080,0.000482
_17718_,VSS,Metal1,512.0465,301.9080,0.000409
_17717_,VSS,Metal1,522.1265,301.9080,0.000419
_17716_,VSS,Metal1,523.2465,412.7880,0.000546
_17715_,VSS,Metal1,523.8065,422.8680,0.000288
_17714_,VSS,Metal1,483.4865,363.3715,0.000399
_17713_,VSS,Metal1,492.4465,352.3080,0.000325
_17712_,VSS,Metal1,649.2465,423.8515,0.000307
_17711_,VSS,Metal1,727.6465,383.5315,0.000228
_17710_,VSS,Metal1,744.4200,382.5135,0.000226
_17709_,VSS,Metal1,742.2065,372.4680,0.000287
_17708_,VSS,Metal1,746.6600,373.4860,0.000287
_17707_,VSS,Metal1,721.4865,373.4515,0.000287
_17706_,VSS,Metal1,726.5000,392.5935,0.000265
_17705_,VSS,Metal1,745.5665,353.2915,0.000457
_17704_,VSS,Metal1,747.2200,383.5660,0.000226
_17703_,VSS,Metal1,704.1265,373.4515,0.000288
_17702_,VSS,Metal1,716.4200,383.5660,0.000232
_17701_,VSS,Metal1,700.7665,392.6280,0.000270
_17700_,VSS,Metal1,702.9800,393.6460,0.000270
_17699_,VSS,Metal1,721.0425,383.4435,0.000230
_17698_,VSS,Metal1,531.6465,292.8115,0.000390
_17697_,VSS,Metal1,554.6065,302.8915,0.000458
_17696_,VSS,Metal1,629.6465,422.8680,0.000307
_17695_,VSS,Metal1,634.1265,413.7715,0.000367
_17694_,VSS,Metal1,620.1265,302.8915,0.000465
_17693_,VSS,Metal1,622.3665,291.8280,0.000377
_17692_,VSS,Metal1,629.0865,352.3080,0.000334
_17691_,VSS,Metal1,626.2865,362.3880,0.000362
_17690_,VSS,Metal1,512.0465,352.3080,0.000349
_17689_,VSS,Metal1,521.5665,352.3080,0.000349
_17688_,VSS,Metal1,590.4465,291.8280,0.000416
_17687_,VSS,Metal1,599.4065,292.8115,0.000396
_17686_,VSS,Metal1,511.4865,311.9880,0.000499
_17685_,VSS,Metal1,503.6465,301.9080,0.000409
_17684_,VSS,Metal1,541.1665,423.8515,0.000288
_17683_,VSS,Metal1,542.8465,413.7715,0.000544
_17682_,VSS,Metal1,472.8465,332.1480,0.000310
_17681_,VSS,Metal1,482.3665,342.2280,0.000229
_17680_,VSS,Metal1,661.5665,383.5315,0.000207
_17679_,VSS,Metal1,766.8465,343.2115,0.000425
_17678_,VSS,Metal1,787.5400,323.0860,0.000270
_17677_,VSS,Metal1,776.3665,343.2115,0.000426
_17676_,VSS,Metal1,781.9400,323.0860,0.000273
_17675_,VSS,Metal1,756.2065,323.0515,0.000278
_17674_,VSS,Metal1,781.3800,313.0060,0.000416
_17673_,VSS,Metal1,764.6065,323.0515,0.000276
_17672_,VSS,Metal1,776.3400,323.0860,0.000276
_17671_,VSS,Metal1,775.8065,332.1480,0.000427
_17670_,VSS,Metal1,783.6200,332.1135,0.000427
_17669_,VSS,Metal1,776.3665,373.4515,0.000282
_17668_,VSS,Metal1,781.9400,322.0335,0.000273
_17667_,VSS,Metal1,785.4425,322.1560,0.000270
_17666_,VSS,Metal1,532.7665,311.9880,0.000506
_17665_,VSS,Metal1,550.6865,311.9880,0.000518
_17664_,VSS,Metal1,636.3665,363.3715,0.000334
_17663_,VSS,Metal1,647.0065,353.2915,0.000334
_17662_,VSS,Metal1,602.7665,311.9880,0.000397
_17661_,VSS,Metal1,605.0065,302.8915,0.000478
_17660_,VSS,Metal1,580.9265,353.2915,0.000380
_17659_,VSS,Metal1,589.3265,352.3080,0.000370
_17658_,VSS,Metal1,548.4465,343.2115,0.000233
_17657_,VSS,Metal1,550.6865,342.2280,0.000233
_17656_,VSS,Metal1,579.8065,322.0680,0.000220
_17655_,VSS,Metal1,580.3665,312.9715,0.000517
_17654_,VSS,Metal1,496.3665,332.1480,0.000319
_17653_,VSS,Metal1,495.8065,322.0680,0.000206
_17652_,VSS,Metal1,544.5265,402.7080,0.000328
_17651_,VSS,Metal1,542.8465,393.6115,0.000391
_17650_,VSS,Metal1,486.8465,372.4680,0.000196
_17649_,VSS,Metal1,501.4065,362.3880,0.000399
_17648_,VSS,Metal1,662.1265,382.5480,0.000207
_17647_,VSS,Metal1,704.1265,343.2115,0.000332
_17646_,VSS,Metal1,710.2600,342.1935,0.000343
_17645_,VSS,Metal1,706.3665,362.3880,0.000389
_17644_,VSS,Metal1,711.9400,343.2460,0.000343
_17643_,VSS,Metal1,688.4465,333.1315,0.000528
_17642_,VSS,Metal1,697.3800,333.1660,0.000528
_17641_,VSS,Metal1,709.1665,333.1315,0.000550
_17640_,VSS,Metal1,710.2600,332.1135,0.000550
_17639_,VSS,Metal1,702.4465,332.1480,0.000538
_17638_,VSS,Metal1,702.9800,333.1660,0.000538
_17637_,VSS,Metal1,697.9665,363.3715,0.000379
_17636_,VSS,Metal1,697.9400,343.2460,0.000325
_17635_,VSS,Metal1,704.2425,342.3160,0.000332
_17634_,VSS,Metal1,531.6465,323.0515,0.000219
_17633_,VSS,Metal1,546.2065,332.1480,0.000381
_17632_,VSS,Metal1,629.6465,402.7080,0.000280
_17631_,VSS,Metal1,631.3265,393.6115,0.000256
_17630_,VSS,Metal1,621.2465,322.0680,0.000212
_17629_,VSS,Metal1,622.9265,332.1480,0.000398
_17628_,VSS,Metal1,588.2065,372.4680,0.000286
_17627_,VSS,Metal1,601.0865,363.3715,0.000379
_17626_,VSS,Metal1,549.0065,363.3715,0.000388
_17625_,VSS,Metal1,551.2465,362.3880,0.000388
_17624_,VSS,Metal1,590.4465,322.0680,0.000220
_17623_,VSS,Metal1,590.4465,332.1480,0.000454
_17622_,VSS,Metal1,492.4465,312.9715,0.000494
_17621_,VSS,Metal1,501.9665,312.9715,0.000494
_17620_,VSS,Metal1,560.7665,402.7080,0.000321
_17619_,VSS,Metal1,569.1665,402.7080,0.000318
_17618_,VSS,Metal1,482.9265,322.0680,0.000206
_17617_,VSS,Metal1,487.9665,332.1480,0.000308
_17616_,VSS,Metal1,216.6200,494.4175,0.000417
_17615_,VSS,Metal1,189.1465,464.2965,0.000289
_17614_,VSS,Metal1,189.0425,463.2760,0.000289
_17613_,VSS,Metal1,193.3075,463.2760,0.000296
_17612_,VSS,Metal1,194.1800,464.2850,0.000296
_17611_,VSS,Metal1,196.4600,474.2575,0.000428
_17610_,VSS,Metal1,193.0665,484.4565,0.000391
_17609_,VSS,Metal1,198.9900,493.5160,0.000386
_17608_,VSS,Metal1,191.8425,474.1635,0.000428
_17607_,VSS,Metal1,205.9800,483.3425,0.000391
_17606_,VSS,Metal1,212.6665,483.2230,0.000391
_17605_,VSS,Metal1,207.3900,474.1635,0.000438
_17604_,VSS,Metal1,205.2825,493.5160,0.000396
_17603_,VSS,Metal1,214.3800,474.2575,0.000446
_17602_,VSS,Metal1,211.6000,464.1300,0.000344
_17601_,VSS,Metal1,215.4600,463.0750,0.000349
_17600_,VSS,Metal1,210.3225,463.2760,0.000344
_17599_,VSS,Metal1,226.9800,464.2060,0.000357
_17598_,VSS,Metal1,217.9400,464.1310,0.000349
_17597_,VSS,Metal1,217.6025,483.4360,0.000395
_17596_,VSS,Metal1,243.0630,454.1050,0.000425
_17595_,VSS,Metal1,241.2200,464.2850,0.000362
_17594_,VSS,Metal1,193.9500,383.4435,0.000235
_17593_,VSS,Metal1,161.1465,392.5030,0.000221
_17592_,VSS,Metal1,171.2200,392.5150,0.000221
_17591_,VSS,Metal1,179.0600,393.7250,0.000216
_17590_,VSS,Metal1,171.8200,403.6975,0.000344
_17589_,VSS,Metal1,188.4250,413.8810,0.000441
_17588_,VSS,Metal1,175.6025,412.8760,0.000368
_17587_,VSS,Metal1,178.5400,403.6975,0.000342
_17586_,VSS,Metal1,189.6080,423.9720,0.000496
_17585_,VSS,Metal1,180.6425,413.6835,0.000441
_17584_,VSS,Metal1,158.9065,412.6630,0.000406
_17583_,VSS,Metal1,159.1400,422.9085,0.000541
_17582_,VSS,Metal1,172.3465,423.9765,0.000527
_17581_,VSS,Metal1,153.3065,422.7430,0.000542
_17580_,VSS,Metal1,168.1000,422.9085,0.000541
_17579_,VSS,Metal1,169.5300,432.8975,0.000285
_17578_,VSS,Metal1,166.7465,383.6565,0.000206
_17577_,VSS,Metal1,175.4500,402.7180,0.000342
_17576_,VSS,Metal1,170.6665,402.5830,0.000344
_17575_,VSS,Metal1,202.0200,454.2050,0.000320
_17574_,VSS,Metal1,169.5465,463.0630,0.000284
_17573_,VSS,Metal1,178.8465,444.0115,0.000204
_17572_,VSS,Metal1,190.2665,434.0565,0.000299
_17571_,VSS,Metal1,166.7800,443.0225,0.000205
_17570_,VSS,Metal1,160.3300,443.0380,0.000205
_17569_,VSS,Metal1,160.5800,452.9950,0.000291
_17568_,VSS,Metal1,167.6200,433.9660,0.000286
_17567_,VSS,Metal1,187.7075,453.1960,0.000300
_17566_,VSS,Metal1,855.3265,604.3080,0.000628
_17565_,VSS,Metal1,854.7665,585.1315,0.000328
_17564_,VSS,Metal1,854.7665,575.0515,0.000399
_17563_,VSS,Metal1,854.7665,564.9715,0.000410
_17562_,VSS,Metal1,835.7265,563.9880,0.000410
_17561_,VSS,Metal1,820.6065,563.9880,0.000399
_17560_,VSS,Metal1,801.5665,563.9880,0.000383
_17559_,VSS,Metal1,764.0465,564.9715,0.000447
_17558_,VSS,Metal1,659.8865,595.2115,0.000240
_17557_,VSS,Metal1,640.8465,595.2115,0.000183
_17556_,VSS,Metal1,453.2465,614.3880,0.000428
_17555_,VSS,Metal1,433.6465,614.3880,0.000461
_17554_,VSS,Metal1,364.7665,614.3880,0.000444
_17553_,VSS,Metal1,373.1665,614.3880,0.000444
_17552_,VSS,Metal1,346.2865,615.3715,0.000442
_17551_,VSS,Metal1,351.8865,624.4680,0.000173
_17550_,VSS,Metal1,678.3665,604.3080,0.000353
_17549_,VSS,Metal1,678.3665,594.2280,0.000264
_17548_,VSS,Metal1,668.8465,624.4680,0.000367
_17547_,VSS,Metal1,678.3665,614.3880,0.000434
_17546_,VSS,Metal1,668.8465,634.5480,0.000284
_17545_,VSS,Metal1,668.8465,654.7080,0.000693
_17544_,VSS,Metal1,663.8065,655.6915,0.000684
_17543_,VSS,Metal1,662.1265,674.8680,0.000299
_17542_,VSS,Metal1,587.0865,674.8680,0.000284
_17541_,VSS,Metal1,531.6465,655.6915,0.000587
_17540_,VSS,Metal1,522.6865,655.6915,0.000587
_17539_,VSS,Metal1,423.5665,675.8515,0.000348
_17538_,VSS,Metal1,368.1265,674.8680,0.000445
_17537_,VSS,Metal1,364.7665,684.9480,0.000403
_17536_,VSS,Metal1,346.2865,675.8515,0.000438
_17535_,VSS,Metal1,354.6865,675.8515,0.000439
_17534_,VSS,Metal1,252.9450,594.0765,0.000353
_17533_,VSS,Metal1,941.5665,281.7480,0.000208
_17532_,VSS,Metal1,904.0465,301.9080,0.000535
_17531_,VSS,Metal1,952.7665,291.8280,0.000382
_17530_,VSS,Metal1,918.0465,302.8915,0.000535
_17529_,VSS,Metal1,937.0865,301.9080,0.000530
_17528_,VSS,Metal1,856.4465,301.9080,0.000532
_17527_,VSS,Metal1,815.5665,282.7315,0.000207
_17526_,VSS,Metal1,878.8465,292.8115,0.000376
_17525_,VSS,Metal1,719.2465,282.7315,0.000255
_17524_,VSS,Metal1,629.6465,513.5880,0.000273
_17523_,VSS,Metal1,529.9665,534.7315,0.000453
_17522_,VSS,Metal1,433.6465,523.6680,0.000253
_17521_,VSS,Metal1,372.0465,524.6515,0.000239
_17520_,VSS,Metal1,372.6065,533.7480,0.000492
_17519_,VSS,Metal1,330.0465,514.5715,0.000216
_17518_,VSS,Metal1,364.7665,392.6280,0.000472
_17517_,VSS,Metal1,254.9800,574.1105,0.000447
_17516_,VSS,Metal1,836.8465,282.7315,0.000218
_17515_,VSS,Metal1,835.1665,311.9880,0.000551
_17514_,VSS,Metal1,806.0465,282.7315,0.000207
_17513_,VSS,Metal1,708.0465,301.9080,0.000501
_17512_,VSS,Metal1,835.1665,301.9080,0.000511
_17511_,VSS,Metal1,717.5665,301.9080,0.000501
_17510_,VSS,Metal1,745.5665,291.8280,0.000361
_17509_,VSS,Metal1,784.7665,301.9080,0.000434
_17508_,VSS,Metal1,643.0865,282.7315,0.000247
_17507_,VSS,Metal1,512.0465,513.5880,0.000264
_17506_,VSS,Metal1,453.2465,544.8115,0.000308
_17505_,VSS,Metal1,443.1665,533.7480,0.000487
_17504_,VSS,Metal1,364.7665,584.1480,0.000450
_17503_,VSS,Metal1,295.8865,553.9080,0.000554
_17502_,VSS,Metal1,325.5665,543.8280,0.000300
_17501_,VSS,Metal1,327.2465,432.9480,0.000349
_17500_,VSS,Metal1,254.6500,575.1060,0.000447
_17499_,VSS,Metal1,219.9465,565.0965,0.000502
_17498_,VSS,Metal1,232.2600,563.8750,0.000522
_17497_,VSS,Metal1,267.1430,563.9750,0.000524
_17496_,VSS,Metal1,266.1800,575.0090,0.000439
_17495_,VSS,Metal1,244.4825,574.1560,0.000456
_17494_,VSS,Metal1,291.0665,615.4965,0.000467
_17493_,VSS,Metal1,304.4775,635.5250,0.000292
_17492_,VSS,Metal1,305.1000,615.3775,0.000466
_17491_,VSS,Metal1,225.4425,585.0435,0.000407
_17490_,VSS,Metal1,230.8275,584.2360,0.000427
_17489_,VSS,Metal1,223.7625,604.3960,0.000160
_17488_,VSS,Metal1,236.7465,583.9630,0.000437
_17487_,VSS,Metal1,245.9400,575.0110,0.000454
_17486_,VSS,Metal1,237.3400,575.0575,0.000465
_17485_,VSS,Metal1,231.1465,585.2565,0.000427
_17484_,VSS,Metal1,239.3100,594.3160,0.000358
_17483_,VSS,Metal1,228.9065,595.3365,0.000359
_17482_,VSS,Metal1,232.7225,574.9635,0.000470
_17481_,VSS,Metal1,193.0600,553.7950,0.000445
_17480_,VSS,Metal1,185.2265,553.7230,0.000425
_17479_,VSS,Metal1,180.6425,544.7235,0.000340
_17478_,VSS,Metal1,176.1625,543.9160,0.000356
_17477_,VSS,Metal1,199.4675,543.9160,0.000340
_17476_,VSS,Metal1,195.6200,533.7135,0.000513
_17475_,VSS,Metal1,187.8650,533.6385,0.000513
_17474_,VSS,Metal1,199.1225,533.8360,0.000513
_17473_,VSS,Metal1,195.3065,664.6630,0.000165
_17472_,VSS,Metal1,200.1850,665.8810,0.000166
_17471_,VSS,Metal1,207.8675,664.8760,0.000181
_17470_,VSS,Metal1,216.9000,664.7535,0.000187
_17469_,VSS,Metal1,215.1400,665.7310,0.000187
_17468_,VSS,Metal1,224.8825,665.6835,0.000196
_17467_,VSS,Metal1,207.6600,674.8625,0.000375
_17466_,VSS,Metal1,215.4665,655.8165,0.000700
_17465_,VSS,Metal1,209.0700,665.6835,0.000182
_17464_,VSS,Metal1,214.2425,685.8435,0.000531
_17463_,VSS,Metal1,207.6600,684.9425,0.000508
_17462_,VSS,Metal1,204.8200,686.0450,0.000508
_17461_,VSS,Metal1,200.4000,675.8100,0.000359
_17460_,VSS,Metal1,209.7625,685.8435,0.000516
_17459_,VSS,Metal1,119.7065,655.8165,0.000622
_17458_,VSS,Metal1,129.0650,664.6785,0.000197
_17457_,VSS,Metal1,192.5000,675.9650,0.000359
_17456_,VSS,Metal1,193.6200,665.8850,0.000165
_17455_,VSS,Metal1,208.0825,655.6035,0.000690
_17454_,VSS,Metal1,133.0425,655.6035,0.000635
_17453_,VSS,Metal1,206.8300,644.7160,0.000215
_17452_,VSS,Metal1,192.6630,644.6150,0.000214
_17451_,VSS,Metal1,177.1600,645.6500,0.000130
_17450_,VSS,Metal1,195.8665,654.5830,0.000648
_17449_,VSS,Metal1,172.1265,635.5315,0.000228
_17448_,VSS,Metal1,170.6500,654.6575,0.000649
_17447_,VSS,Metal1,167.3065,625.5765,0.000198
_17446_,VSS,Metal1,100.8230,635.5450,0.000246
_17445_,VSS,Metal1,114.0080,644.5080,0.000177
_17444_,VSS,Metal1,106.2665,644.5030,0.000180
_17443_,VSS,Metal1,114.4400,625.4900,0.000363
_17442_,VSS,Metal1,120.2400,645.6460,0.000177
_17441_,VSS,Metal1,97.4930,654.7100,0.000615
_17440_,VSS,Metal1,114.7200,655.6500,0.000622
_17439_,VSS,Metal1,112.9800,645.7250,0.000177
_17438_,VSS,Metal1,125.3400,665.7735,0.000200
_17437_,VSS,Metal1,125.9000,696.0135,0.000531
_17436_,VSS,Metal1,110.7400,675.9650,0.000333
_17435_,VSS,Metal1,114.1000,686.0450,0.000562
_17434_,VSS,Metal1,121.8425,685.0360,0.000520
_17433_,VSS,Metal1,212.6500,644.4850,0.000215
_17432_,VSS,Metal1,206.2500,654.7180,0.000689
_17431_,VSS,Metal1,200.8900,655.8350,0.000654
_17430_,VSS,Metal1,200.3465,654.5830,0.000654
_17429_,VSS,Metal1,212.7000,584.1550,0.000396
_17428_,VSS,Metal1,224.4100,573.9250,0.000478
_17427_,VSS,Metal1,229.2200,574.9935,0.000475
_17426_,VSS,Metal1,253.2900,534.7215,0.000515
_17425_,VSS,Metal1,200.3465,644.5030,0.000215
_17424_,VSS,Metal1,113.8865,383.5315,0.000215
_17423_,VSS,Metal1,154.7665,372.4680,0.000311
_17422_,VSS,Metal1,265.3000,686.0450,0.000498
_17421_,VSS,Metal1,131.4400,373.5750,0.000313
_17420_,VSS,Metal1,266.8030,513.5415,0.000218
_17419_,VSS,Metal1,272.8275,523.7560,0.000196
_17418_,VSS,Metal1,272.3400,494.4460,0.000576
_17417_,VSS,Metal1,264.7175,504.4850,0.000521
_17416_,VSS,Metal1,272.9850,503.3985,0.000513
_17415_,VSS,Metal1,274.0465,513.5880,0.000230
_17414_,VSS,Metal1,266.6130,514.5700,0.000218
_17413_,VSS,Metal1,263.6000,523.6335,0.000197
_17412_,VSS,Metal1,20.6200,131.5375,0.000223
_17411_,VSS,Metal1,20.4825,111.2835,0.000174
_17410_,VSS,Metal1,18.3400,120.3550,0.000111
_17409_,VSS,Metal1,23.3800,140.5150,0.000108
_17408_,VSS,Metal1,12.0825,131.4435,0.000223
_17407_,VSS,Metal1,18.2425,140.7160,0.000108
_17406_,VSS,Metal1,16.0025,131.4435,0.000223
_17405_,VSS,Metal1,31.7865,130.3630,0.000228
_17404_,VSS,Metal1,29.3100,140.7160,0.000113
_17403_,VSS,Metal1,39.0665,130.4230,0.000228
_17402_,VSS,Metal1,30.1400,121.4535,0.000112
_17401_,VSS,Metal1,30.9800,111.4060,0.000188
_17400_,VSS,Metal1,37.1500,121.3635,0.000112
_17399_,VSS,Metal1,48.0265,121.6365,0.000122
_17398_,VSS,Metal1,53.9500,120.5560,0.000126
_17397_,VSS,Metal1,43.5465,130.4230,0.000228
_17396_,VSS,Metal1,55.8665,121.6365,0.000126
_17395_,VSS,Metal1,62.9100,140.7160,0.000172
_17394_,VSS,Metal1,55.6465,140.6280,0.000172
_17393_,VSS,Metal1,47.9850,242.5630,0.000471
_17392_,VSS,Metal1,54.1865,251.3830,0.000485
_17391_,VSS,Metal1,28.7400,141.5535,0.000113
_17390_,VSS,Metal1,58.0775,242.4050,0.000472
_17389_,VSS,Metal1,74.6865,645.6115,0.000192
_17388_,VSS,Metal1,76.9265,665.7715,0.000232
_17387_,VSS,Metal1,90.3665,695.0280,0.000527
_17386_,VSS,Metal1,75.8065,696.0115,0.000520
_17385_,VSS,Metal1,31.5665,867.3715,0.000066
_17384_,VSS,Metal1,90.3665,674.8680,0.000330
_17383_,VSS,Metal1,34.3665,896.6280,0.000033
_17382_,VSS,Metal1,36.0465,927.8515,0.000066
_17381_,VSS,Metal1,31.5665,887.5315,0.000066
_17380_,VSS,Metal1,31.5665,655.6915,0.000462
_17379_,VSS,Metal1,21.4865,705.1080,0.000142
_17378_,VSS,Metal1,33.8065,654.7080,0.000463
_17377_,VSS,Metal1,27.6465,684.9480,0.000465
_17376_,VSS,Metal1,31.5665,665.7715,0.000206
_17375_,VSS,Metal1,14.2065,695.0280,0.000397
_17374_,VSS,Metal1,54.5265,685.9315,0.000541
_17373_,VSS,Metal1,29.8865,936.9480,0.000065
_17372_,VSS,Metal1,22.0465,1068.9715,0.000033
_17371_,VSS,Metal1,57.3265,1078.0680,0.000264
_17370_,VSS,Metal1,35.4865,1067.9880,0.000033
_17369_,VSS,Metal1,34.9265,977.2680,0.000067
_17368_,VSS,Metal1,13.6465,1068.9715,0.000033
_17367_,VSS,Metal1,31.5665,978.2515,0.000067
_17366_,VSS,Metal1,22.0465,1028.6515,0.000033
_17365_,VSS,Metal1,22.0465,988.3315,0.000033
_17364_,VSS,Metal1,31.5665,736.3315,0.000066
_17363_,VSS,Metal1,11.4065,795.8280,0.000066
_17362_,VSS,Metal1,31.5665,785.7480,0.000376
_17361_,VSS,Metal1,31.0065,827.0515,0.000162
_17360_,VSS,Metal1,36.0465,745.4280,0.000066
_17359_,VSS,Metal1,31.5665,847.2115,0.000079
_17358_,VSS,Metal1,31.5665,806.8915,0.000120
_17357_,VSS,Metal1,141.4425,292.7235,0.000448
_17356_,VSS,Metal1,148.5800,292.8460,0.000448
_17355_,VSS,Metal1,198.4465,291.8280,0.000424
_17354_,VSS,Metal1,207.9665,282.7315,0.000411
_17353_,VSS,Metal1,199.5665,282.7315,0.000386
_17352_,VSS,Metal1,193.4065,301.9080,0.000460
_17351_,VSS,Metal1,237.6465,271.6680,0.000341
_17350_,VSS,Metal1,473.4065,272.6515,0.000222
_17349_,VSS,Metal1,493.5665,281.7480,0.000337
_17348_,VSS,Metal1,482.9265,282.7315,0.000337
_17347_,VSS,Metal1,472.8465,301.9080,0.000274
_17346_,VSS,Metal1,464.4465,301.9080,0.000274
_17345_,VSS,Metal1,386.0465,311.9880,0.000582
_17344_,VSS,Metal1,442.6065,292.8115,0.000363
_17343_,VSS,Metal1,209.0865,261.5880,0.000250
_17342_,VSS,Metal1,129.5665,271.6680,0.000416
_17341_,VSS,Metal1,171.5665,231.3480,0.000407
_17340_,VSS,Metal1,138.5265,232.3315,0.000464
_17339_,VSS,Metal1,151.4065,252.4915,0.000551
_17338_,VSS,Metal1,207.9665,251.5080,0.000555
_17337_,VSS,Metal1,137.4065,222.2515,0.000336
_17336_,VSS,Metal1,118.3665,241.4280,0.000491
_17335_,VSS,Metal1,161.1465,281.6230,0.000414
_17334_,VSS,Metal1,174.9850,281.6385,0.000385
_17333_,VSS,Metal1,186.9000,282.8450,0.000386
_17332_,VSS,Metal1,163.8425,282.6435,0.000409
_17331_,VSS,Metal1,179.8675,292.7235,0.000416
_17330_,VSS,Metal1,191.9465,282.8565,0.000386
_17329_,VSS,Metal1,173.3625,271.7560,0.000341
_17328_,VSS,Metal1,167.7625,282.6435,0.000390
_17327_,VSS,Metal1,168.9865,281.6230,0.000390
_17326_,VSS,Metal1,175.1400,292.9250,0.000416
_17325_,VSS,Metal1,172.9000,282.8450,0.000385
_17324_,VSS,Metal1,167.0500,291.8380,0.000424
_17323_,VSS,Metal1,158.5030,242.4250,0.000422
_17322_,VSS,Metal1,166.7465,251.3830,0.000552
_17321_,VSS,Metal1,110.3430,262.5850,0.000266
_17320_,VSS,Metal1,106.8265,271.5430,0.000442
_17319_,VSS,Metal1,155.1430,231.3350,0.000447
_17318_,VSS,Metal1,161.1465,231.2230,0.000429
_17317_,VSS,Metal1,118.7430,231.3350,0.000478
_17316_,VSS,Metal1,127.5465,231.2230,0.000477
_17315_,VSS,Metal1,134.4230,252.5050,0.000548
_17314_,VSS,Metal1,141.5465,252.6165,0.000548
_17313_,VSS,Metal1,130.5030,232.3450,0.000477
_17312_,VSS,Metal1,129.2265,241.3030,0.000475
_17311_,VSS,Metal1,112.0230,231.3350,0.000478
_17310_,VSS,Metal1,111.8665,241.3030,0.000491
_17309_,VSS,Metal1,100.8230,242.4250,0.000484
_17308_,VSS,Metal1,107.3865,241.3030,0.000490
_17307_,VSS,Metal1,150.4900,262.6260,0.000262
_17306_,VSS,Metal1,140.6130,262.5700,0.000265
_17305_,VSS,Metal1,141.5465,272.7765,0.000401
_17304_,VSS,Metal1,137.5225,292.7235,0.000448
_17303_,VSS,Metal1,148.4200,282.6765,0.000453
_17302_,VSS,Metal1,135.9050,282.8830,0.000453
_17301_,VSS,Metal1,152.0825,292.7235,0.000448
_17300_,VSS,Metal1,156.0025,291.9160,0.000438
_17299_,VSS,Metal1,180.2800,282.6900,0.000384
_17298_,VSS,Metal1,178.8465,585.1315,0.000378
_17297_,VSS,Metal1,192.8465,574.0680,0.000483
_17296_,VSS,Metal1,171.5665,584.1480,0.000387
_17295_,VSS,Metal1,170.4465,585.1315,0.000387
_17294_,VSS,Metal1,158.8775,564.9650,0.000359
_17293_,VSS,Metal1,192.8465,564.9715,0.000387
_17292_,VSS,Metal1,157.2100,584.0975,0.000420
_17291_,VSS,Metal1,176.0465,554.8915,0.000398
_17290_,VSS,Metal1,166.0825,574.1560,0.000478
_17289_,VSS,Metal1,318.2600,574.1260,0.000384
_17288_,VSS,Metal1,312.9000,575.1650,0.000393
_17287_,VSS,Metal1,168.7665,553.9080,0.000414
_17286_,VSS,Metal1,364.1800,483.3135,0.000408
_17285_,VSS,Metal1,366.5625,493.5160,0.000556
_17284_,VSS,Metal1,402.2600,474.2860,0.000367
_17283_,VSS,Metal1,408.0025,474.1635,0.000366
_17282_,VSS,Metal1,425.2200,423.8860,0.000506
_17281_,VSS,Metal1,429.2825,423.7635,0.000322
_17280_,VSS,Metal1,413.4600,444.0460,0.000376
_17279_,VSS,Metal1,420.8825,443.9235,0.000376
_17278_,VSS,Metal1,369.7800,403.7260,0.000497
_17277_,VSS,Metal1,373.8425,403.6035,0.000497
_17276_,VSS,Metal1,317.1400,483.3135,0.000393
_17275_,VSS,Metal1,311.6825,474.1635,0.000448
_17274_,VSS,Metal1,316.0200,442.9935,0.000282
_17273_,VSS,Metal1,322.8825,453.1960,0.000454
_17272_,VSS,Metal1,385.4600,564.0460,0.000641
_17271_,VSS,Metal1,387.2030,574.0215,0.000440
_17270_,VSS,Metal1,435.8600,584.2060,0.000376
_17269_,VSS,Metal1,442.0830,574.0215,0.000458
_17268_,VSS,Metal1,424.1000,544.7535,0.000319
_17267_,VSS,Metal1,430.8830,534.7780,0.000499
_17266_,VSS,Metal1,446.5000,554.8335,0.000610
_17265_,VSS,Metal1,442.0830,554.9380,0.000612
_17264_,VSS,Metal1,436.4200,564.9135,0.000645
_17263_,VSS,Metal1,442.0830,553.8615,0.000612
_17262_,VSS,Metal1,362.5000,533.8060,0.000491
_17261_,VSS,Metal1,363.6830,513.5415,0.000244
_17260_,VSS,Metal1,349.0600,553.9660,0.000538
_17259_,VSS,Metal1,347.4430,534.7780,0.000490
_17258_,VSS,Metal1,314.9000,574.1260,0.000393
_17257_,VSS,Metal1,324.4830,553.8615,0.000533
_17256_,VSS,Metal1,361.9400,574.1260,0.000430
_17255_,VSS,Metal1,356.9630,575.0980,0.000423
_17254_,VSS,Metal1,343.0425,494.3235,0.000540
_17253_,VSS,Metal1,342.9630,503.4615,0.000436
_17252_,VSS,Metal1,343.6025,484.2435,0.000370
_17251_,VSS,Metal1,349.1230,484.3780,0.000382
_17250_,VSS,Metal1,371.4600,474.1935,0.000404
_17249_,VSS,Metal1,372.0400,473.2300,0.000404
_17248_,VSS,Metal1,362.9330,463.1900,0.000462
_17247_,VSS,Metal1,342.8275,474.1635,0.000389
_17246_,VSS,Metal1,390.7200,464.2060,0.000468
_17245_,VSS,Metal1,395.6825,464.0835,0.000468
_17244_,VSS,Metal1,388.4025,474.1635,0.000374
_17243_,VSS,Metal1,401.1400,433.0060,0.000374
_17242_,VSS,Metal1,391.0800,423.8900,0.000506
_17241_,VSS,Metal1,391.4930,432.9500,0.000365
_17240_,VSS,Metal1,407.3000,443.9535,0.000385
_17239_,VSS,Metal1,402.8400,442.9900,0.000389
_17238_,VSS,Metal1,396.3465,434.0565,0.000369
_17237_,VSS,Metal1,357.4600,422.9260,0.000494
_17236_,VSS,Metal1,363.6400,422.8300,0.000498
_17235_,VSS,Metal1,357.1465,412.6630,0.000641
_17234_,VSS,Metal1,314.5600,494.4460,0.000557
_17233_,VSS,Metal1,318.4025,494.3235,0.000554
_17232_,VSS,Metal1,311.1225,493.5160,0.000567
_17231_,VSS,Metal1,317.3700,422.7250,0.000422
_17230_,VSS,Metal1,305.9665,433.9315,0.000361
_17229_,VSS,Metal1,303.2825,423.7635,0.000425
_17228_,VSS,Metal1,294.3225,433.8435,0.000375
_17227_,VSS,Metal1,335.6465,454.0915,0.000450
_17226_,VSS,Metal1,344.6065,463.1880,0.000415
_17225_,VSS,Metal1,408.4465,564.9715,0.000649
_17224_,VSS,Metal1,409.5665,534.7315,0.000500
_17223_,VSS,Metal1,374.8465,544.8115,0.000298
_17222_,VSS,Metal1,393.8865,543.8280,0.000314
_17221_,VSS,Metal1,404.5265,412.7880,0.000686
_17220_,VSS,Metal1,406.7665,463.1880,0.000461
_17219_,VSS,Metal1,373.7265,372.4680,0.000223
_17218_,VSS,Metal1,309.8865,523.6680,0.000193
_17217_,VSS,Metal1,316.0465,463.1880,0.000401
_17216_,VSS,Metal1,310.4465,543.8280,0.000500
_17215_,VSS,Metal1,449.8865,312.9715,0.000586
_17214_,VSS,Metal1,433.6465,362.3880,0.000551
_17213_,VSS,Metal1,450.4465,333.1315,0.000384
_17212_,VSS,Metal1,449.8865,353.2915,0.000376
_17211_,VSS,Metal1,403.4065,342.2280,0.000264
_17210_,VSS,Metal1,409.0065,323.0515,0.000268
_17209_,VSS,Metal1,364.7665,362.3880,0.000553
_17208_,VSS,Metal1,388.2865,363.3715,0.000561
_17207_,VSS,Metal1,462.7665,323.0515,0.000247
_17206_,VSS,Metal1,443.1665,473.2680,0.000346
_17205_,VSS,Metal1,447.6465,433.9315,0.000371
_17204_,VSS,Metal1,446.5265,463.1880,0.000409
_17203_,VSS,Metal1,374.8465,343.2115,0.000267
_17202_,VSS,Metal1,296.4465,474.2515,0.000450
_17201_,VSS,Metal1,335.6465,373.4515,0.000220
_17200_,VSS,Metal1,343.4865,412.7880,0.000554
_17199_,VSS,Metal1,321.7625,413.6835,0.000539
_17198_,VSS,Metal1,223.2025,624.5560,0.000167
_17197_,VSS,Metal1,234.8465,624.4680,0.000168
_17196_,VSS,Metal1,236.9800,605.2510,0.000173
_17195_,VSS,Metal1,227.4675,624.5560,0.000167
_17194_,VSS,Metal1,232.6650,625.5610,0.000168
_17193_,VSS,Metal1,221.4065,584.1480,0.000402
_17192_,VSS,Metal1,211.8865,594.2280,0.000359
_17191_,VSS,Metal1,211.5465,604.1830,0.000150
_17190_,VSS,Metal1,141.8600,575.0860,0.000490
_17189_,VSS,Metal1,145.3625,584.2360,0.000440
_17188_,VSS,Metal1,149.8425,564.8835,0.000375
_17187_,VSS,Metal1,151.3800,584.1135,0.000429
_17186_,VSS,Metal1,156.6665,585.2565,0.000420
_17185_,VSS,Metal1,153.7625,564.8835,0.000367
_17184_,VSS,Metal1,152.0825,585.0435,0.000428
_17183_,VSS,Metal1,236.0250,664.6785,0.000207
_17182_,VSS,Metal1,240.1400,635.5375,0.000334
_17181_,VSS,Metal1,225.5175,635.5250,0.000313
_17180_,VSS,Metal1,218.5000,644.6685,0.000217
_17179_,VSS,Metal1,233.7265,635.5315,0.000322
_17178_,VSS,Metal1,231.5450,634.4385,0.000322
_17177_,VSS,Metal1,238.3225,625.3635,0.000168
_17176_,VSS,Metal1,224.7300,634.5580,0.000313
_17175_,VSS,Metal1,226.5625,625.3635,0.000167
_17174_,VSS,Metal1,265.5475,433.8435,0.000380
_17173_,VSS,Metal1,276.7400,473.3085,0.000453
_17172_,VSS,Metal1,286.7335,393.6665,0.000429
_17171_,VSS,Metal1,111.8665,392.5030,0.000221
_17170_,VSS,Metal1,121.3800,383.6450,0.000215
_17169_,VSS,Metal1,206.5000,342.1150,0.000304
_17168_,VSS,Metal1,201.4600,333.2450,0.000519
_17167_,VSS,Metal1,88.3465,241.3030,0.000479
_17166_,VSS,Metal1,81.0600,231.2350,0.000502
_17165_,VSS,Metal1,101.5400,323.0860,0.000504
_17164_,VSS,Metal1,107.2825,322.9635,0.000504
_17163_,VSS,Metal1,227.5665,252.4915,0.000555
_17162_,VSS,Metal1,235.9665,252.4915,0.000547
_17161_,VSS,Metal1,213.0065,231.3480,0.000418
_17160_,VSS,Metal1,189.4865,232.3315,0.000404
_17159_,VSS,Metal1,178.8465,242.4115,0.000366
_17158_,VSS,Metal1,227.5665,242.4115,0.000319
_17157_,VSS,Metal1,174.3665,241.4280,0.000368
_17156_,VSS,Metal1,170.4465,242.4115,0.000375
_17155_,VSS,Metal1,201.8065,151.6915,0.000215
_17154_,VSS,Metal1,198.4465,191.0280,0.000447
_17153_,VSS,Metal1,198.4465,170.8680,0.000447
_17152_,VSS,Metal1,193.4065,151.6915,0.000215
_17151_,VSS,Metal1,159.2465,160.7880,0.000327
_17150_,VSS,Metal1,139.6465,181.9315,0.000237
_17149_,VSS,Metal1,130.1265,150.7080,0.000229
_17148_,VSS,Metal1,172.6865,191.0280,0.000358
_17147_,VSS,Metal1,130.9400,343.2175,0.000339
_17146_,VSS,Metal1,133.6025,352.3960,0.000560
_17145_,VSS,Metal1,130.8025,332.2360,0.000608
_17144_,VSS,Metal1,120.2375,322.0750,0.000491
_17143_,VSS,Metal1,140.8825,333.0435,0.000593
_17142_,VSS,Metal1,430.2865,564.9715,0.000645
_17141_,VSS,Metal1,423.5665,534.7315,0.000499
_17140_,VSS,Metal1,430.2865,544.8115,0.000319
_17139_,VSS,Metal1,430.2865,553.9080,0.000613
_17138_,VSS,Metal1,355.2465,524.6515,0.000234
_17137_,VSS,Metal1,335.6465,554.8915,0.000521
_17136_,VSS,Metal1,315.4865,563.9880,0.000517
_17135_,VSS,Metal1,354.1265,574.0680,0.000422
_17134_,VSS,Metal1,322.8825,484.2435,0.000372
_17133_,VSS,Metal1,326.8025,484.2435,0.000355
_17132_,VSS,Metal1,329.6025,483.4360,0.000344
_17131_,VSS,Metal1,334.6425,484.2435,0.000339
_17130_,VSS,Metal1,330.7225,484.2435,0.000343
_17129_,VSS,Metal1,364.7665,473.2680,0.000404
_17128_,VSS,Metal1,386.0465,484.3315,0.000421
_17127_,VSS,Metal1,391.6465,422.8680,0.000506
_17126_,VSS,Metal1,392.7665,443.0280,0.000390
_17125_,VSS,Metal1,355.2465,402.7080,0.000496
_17124_,VSS,Metal1,305.9665,494.4115,0.000575
_17123_,VSS,Metal1,296.4465,444.0115,0.000287
_17122_,VSS,Metal1,326.6865,473.2680,0.000387
_17121_,VSS,Metal1,389.5225,553.9960,0.000589
_17120_,VSS,Metal1,394.5625,553.9960,0.000606
_17119_,VSS,Metal1,383.9225,534.6435,0.000500
_17118_,VSS,Metal1,319.8675,474.1635,0.000401
_17117_,VSS,Metal1,394.5625,524.5635,0.000244
_17116_,VSS,Metal1,363.6465,524.6515,0.000239
_17115_,VSS,Metal1,357.4600,473.2335,0.000403
_17114_,VSS,Metal1,352.9000,463.2285,0.000450
_17113_,VSS,Metal1,337.4425,474.1635,0.000381
_17112_,VSS,Metal1,343.4600,473.3260,0.000389
_17111_,VSS,Metal1,348.9330,473.2700,0.000397
_17110_,VSS,Metal1,349.7625,474.1635,0.000397
_17109_,VSS,Metal1,386.6065,514.5715,0.000262
_17108_,VSS,Metal1,384.4825,474.1635,0.000374
_17107_,VSS,Metal1,392.3225,474.1635,0.000374
_17106_,VSS,Metal1,373.8425,464.0835,0.000464
_17105_,VSS,Metal1,364.4265,454.2165,0.000459
_17104_,VSS,Metal1,359.9465,454.2165,0.000455
_17103_,VSS,Metal1,368.2425,454.0035,0.000461
_17102_,VSS,Metal1,392.7665,403.6915,0.000512
_17101_,VSS,Metal1,385.4600,422.8335,0.000505
_17100_,VSS,Metal1,401.2825,422.9560,0.000507
_17099_,VSS,Metal1,364.3225,433.8435,0.000358
_17098_,VSS,Metal1,356.3300,432.9580,0.000347
_17097_,VSS,Metal1,359.2825,423.7635,0.000495
_17096_,VSS,Metal1,394.4465,453.1080,0.000448
_17095_,VSS,Metal1,401.2825,453.1960,0.000448
_17094_,VSS,Metal1,403.5225,443.9235,0.000389
_17093_,VSS,Metal1,349.5475,423.7635,0.000483
_17092_,VSS,Metal1,343.4500,422.8780,0.000472
_17091_,VSS,Metal1,342.4825,413.6835,0.000554
_17090_,VSS,Metal1,355.2465,392.6280,0.000472
_17089_,VSS,Metal1,348.6425,402.7960,0.000496
_17088_,VSS,Metal1,369.3625,393.5235,0.000493
_17087_,VSS,Metal1,339.4675,402.7960,0.000457
_17086_,VSS,Metal1,129.4675,322.1560,0.000478
_17085_,VSS,Metal1,332.9625,393.5235,0.000441
_17084_,VSS,Metal1,301.4865,523.6680,0.000193
_17083_,VSS,Metal1,303.2825,493.5160,0.000575
_17082_,VSS,Metal1,298.2425,484.2435,0.000393
_17081_,VSS,Metal1,296.9075,402.7960,0.000476
_17080_,VSS,Metal1,123.5225,322.9635,0.000484
_17079_,VSS,Metal1,141.4425,353.2035,0.000558
_17078_,VSS,Metal1,305.9665,444.0115,0.000287
_17077_,VSS,Metal1,298.2425,433.8435,0.000361
_17076_,VSS,Metal1,306.6425,454.0035,0.000455
_17075_,VSS,Metal1,294.8825,422.9560,0.000436
_17074_,VSS,Metal1,305.9665,524.6515,0.000193
_17073_,VSS,Metal1,435.3265,323.0515,0.000256
_17072_,VSS,Metal1,425.2465,363.3715,0.000566
_17071_,VSS,Metal1,433.6465,342.2280,0.000248
_17070_,VSS,Metal1,436.4465,363.3715,0.000550
_17069_,VSS,Metal1,405.6465,352.3080,0.000384
_17068_,VSS,Metal1,423.0065,332.1480,0.000391
_17067_,VSS,Metal1,364.7665,352.3080,0.000382
_17066_,VSS,Metal1,387.1665,353.2915,0.000384
_17065_,VSS,Metal1,433.6465,332.1480,0.000385
_17064_,VSS,Metal1,433.6465,463.1880,0.000437
_17063_,VSS,Metal1,433.6465,443.0280,0.000354
_17062_,VSS,Metal1,439.8065,444.0115,0.000349
_17061_,VSS,Metal1,377.0865,352.3080,0.000383
_17060_,VSS,Metal1,305.9665,474.2515,0.000449
_17059_,VSS,Metal1,335.0865,362.3880,0.000471
_17058_,VSS,Metal1,333.4065,402.7080,0.000454
_17057_,VSS,Metal1,649.2465,141.6115,0.000202
_17056_,VSS,Metal1,658.7665,121.4515,0.000214
_17055_,VSS,Metal1,619.5665,101.2915,0.000133
_17054_,VSS,Metal1,626.2865,181.9315,0.000164
_17053_,VSS,Metal1,649.2465,101.2915,0.000121
_17052_,VSS,Metal1,649.2465,81.1315,0.000297
_17051_,VSS,Metal1,627.9665,101.2915,0.000124
_17050_,VSS,Metal1,610.0465,81.1315,0.000278
_17049_,VSS,Metal1,628.5265,60.9715,0.000341
_17048_,VSS,Metal1,492.4465,192.0115,0.000185
_17047_,VSS,Metal1,227.5665,101.2915,0.000219
_17046_,VSS,Metal1,218.0465,50.8915,0.000266
_17045_,VSS,Metal1,225.8865,201.1080,0.000330
_17044_,VSS,Metal1,217.4865,71.0515,0.000218
_17043_,VSS,Metal1,237.6465,150.7080,0.000200
_17042_,VSS,Metal1,231.4865,221.2680,0.000301
_17041_,VSS,Metal1,661.0065,241.4280,0.000144
_17040_,VSS,Metal1,658.7665,202.0915,0.000151
_17039_,VSS,Metal1,641.9665,171.8515,0.000127
_17038_,VSS,Metal1,590.4465,80.1480,0.000282
_17037_,VSS,Metal1,639.1665,211.1880,0.000216
_17036_,VSS,Metal1,650.9265,211.1880,0.000224
_17035_,VSS,Metal1,613.9665,150.7080,0.000357
_17034_,VSS,Metal1,599.9665,170.8680,0.000142
_17033_,VSS,Metal1,619.5665,202.0915,0.000176
_17032_,VSS,Metal1,275.1665,222.2515,0.000288
_17031_,VSS,Metal1,233.1665,160.7880,0.000276
_17030_,VSS,Metal1,218.0465,81.1315,0.000246
_17029_,VSS,Metal1,237.6465,70.0680,0.000217
_17028_,VSS,Metal1,255.0065,202.0915,0.000300
_17027_,VSS,Metal1,229.2465,70.0680,0.000217
_17026_,VSS,Metal1,243.2465,131.5315,0.000361
_17025_,VSS,Metal1,315.1130,281.5565,0.000381
_17024_,VSS,Metal1,284.3465,694.9030,0.000997
_17023_,VSS,Metal1,278.1800,684.8350,0.000485
_17022_,VSS,Metal1,249.0665,635.6565,0.000368
_17021_,VSS,Metal1,266.4200,635.6450,0.000376
_17020_,VSS,Metal1,246.2665,664.6630,0.000209
_17019_,VSS,Metal1,251.8600,664.6750,0.000209
_17018_,VSS,Metal1,246.8265,686.0565,0.000509
_17017_,VSS,Metal1,252.4200,686.0450,0.000509
_17016_,VSS,Metal1,258.0265,615.4965,0.000468
_17015_,VSS,Metal1,265.3000,615.4850,0.000468
_17014_,VSS,Metal1,282.6665,585.2565,0.000448
_17013_,VSS,Metal1,288.8200,594.1150,0.000345
_17012_,VSS,Metal1,278.7465,573.9430,0.000432
_17011_,VSS,Metal1,285.4600,573.9550,0.000432
_17010_,VSS,Metal1,274.2665,573.9430,0.000433
_17009_,VSS,Metal1,284.9000,563.8750,0.000518
_17008_,VSS,Metal1,259.1465,645.7365,0.000196
_17007_,VSS,Metal1,275.3800,654.5950,0.000655
_17006_,VSS,Metal1,273.1465,684.8230,0.000485
_17005_,VSS,Metal1,284.9000,684.8350,0.000482
_17004_,VSS,Metal1,253.5465,635.6565,0.000376
_17003_,VSS,Metal1,258.5800,635.6450,0.000376
_17002_,VSS,Metal1,239.5465,674.7430,0.000419
_17001_,VSS,Metal1,257.4600,664.6750,0.000209
_17000_,VSS,Metal1,252.4265,694.9030,0.000900
_16999_,VSS,Metal1,258.0200,686.0450,0.000509
_16998_,VSS,Metal1,253.5465,615.4965,0.000468
_16997_,VSS,Metal1,270.9000,615.4850,0.000468
_16996_,VSS,Metal1,292.1865,585.2565,0.000451
_16995_,VSS,Metal1,297.2200,585.2450,0.000453
_16994_,VSS,Metal1,292.7465,584.0230,0.000451
_16993_,VSS,Metal1,295.5400,575.1650,0.000432
_16992_,VSS,Metal1,278.7465,563.8630,0.000524
_16991_,VSS,Metal1,290.5000,563.8750,0.000518
_16990_,VSS,Metal1,284.3465,654.5830,0.000621
_16989_,VSS,Metal1,296.1000,664.6750,0.000215
_16988_,VSS,Metal1,293.8500,523.5250,0.000193
_16987_,VSS,Metal1,333.6600,323.0535,0.000268
_16986_,VSS,Metal1,335.6200,333.1660,0.000385
_16985_,VSS,Metal1,331.0675,343.1235,0.000263
_16984_,VSS,Metal1,329.0425,333.0435,0.000418
_16983_,VSS,Metal1,312.3465,353.4165,0.000410
_16982_,VSS,Metal1,306.3430,343.2250,0.000271
_16981_,VSS,Metal1,298.3465,343.3365,0.000280
_16980_,VSS,Metal1,309.8600,333.1660,0.000438
_16979_,VSS,Metal1,310.9075,332.2360,0.000437
_16978_,VSS,Metal1,313.4600,343.3250,0.000271
_16977_,VSS,Metal1,303.8425,333.0435,0.000438
_16976_,VSS,Metal1,323.3100,343.1235,0.000266
_16975_,VSS,Metal1,319.4065,333.1315,0.000420
_16974_,VSS,Metal1,295.5400,342.1150,0.000280
_16973_,VSS,Metal1,254.5625,342.3160,0.000297
_16972_,VSS,Metal1,268.3475,352.3960,0.000535
_16971_,VSS,Metal1,264.6425,362.4760,0.000517
_16970_,VSS,Metal1,301.3330,372.4700,0.000234
_16969_,VSS,Metal1,290.4025,362.4760,0.000503
_16968_,VSS,Metal1,254.5625,343.1235,0.000297
_16967_,VSS,Metal1,17.1225,191.1160,0.000213
_16966_,VSS,Metal1,35.4865,222.2515,0.000299
_16965_,VSS,Metal1,132.3665,422.8680,0.000552
_16964_,VSS,Metal1,161.4600,130.5135,0.000257
_16963_,VSS,Metal1,162.1625,141.5235,0.000195
_16962_,VSS,Metal1,113.3265,141.6115,0.000205
_16961_,VSS,Metal1,90.3665,160.7880,0.000471
_16960_,VSS,Metal1,92.0200,180.9135,0.000255
_16959_,VSS,Metal1,94.9625,201.1960,0.000476
_16958_,VSS,Metal1,80.2600,140.5935,0.000197
_16957_,VSS,Metal1,82.6425,140.7160,0.000198
_16956_,VSS,Metal1,90.9000,130.5135,0.000248
_16955_,VSS,Metal1,93.8425,121.3635,0.000141
_16954_,VSS,Metal1,92.6065,211.1880,0.000288
_16953_,VSS,Metal1,643.2025,160.8760,0.000106
_16952_,VSS,Metal1,638.5800,150.6735,0.000341
_16951_,VSS,Metal1,647.9430,151.7050,0.000347
_16950_,VSS,Metal1,660.1000,150.5950,0.000351
_16949_,VSS,Metal1,679.6800,141.6460,0.000235
_16948_,VSS,Metal1,685.5475,151.6035,0.000367
_16947_,VSS,Metal1,947.9200,151.7260,0.000368
_16946_,VSS,Metal1,684.6425,150.7960,0.000367
_16945_,VSS,Metal1,1013.8430,150.6615,0.000826
_16944_,VSS,Metal1,1011.8365,160.8200,0.000291
_16943_,VSS,Metal1,1008.7665,170.8680,0.000156
_16942_,VSS,Metal1,1015.4800,151.7300,0.000827
_16941_,VSS,Metal1,1018.4025,150.7960,0.000833
_16940_,VSS,Metal1,1024.4465,151.6915,0.000860
_16939_,VSS,Metal1,942.9400,160.7825,0.000195
_16938_,VSS,Metal1,939.3200,161.8100,0.000195
_16937_,VSS,Metal1,954.1065,151.8165,0.000404
_16936_,VSS,Metal1,956.3465,160.6630,0.000206
_16935_,VSS,Metal1,658.8825,170.9560,0.000127
_16934_,VSS,Metal1,643.0600,141.5535,0.000197
_16933_,VSS,Metal1,657.6830,141.6580,0.000202
_16932_,VSS,Metal1,648.3800,131.5375,0.000162
_16931_,VSS,Metal1,663.0630,130.5350,0.000163
_16930_,VSS,Metal1,667.9465,121.5765,0.000232
_16929_,VSS,Metal1,673.8600,121.4860,0.000235
_16928_,VSS,Metal1,694.9830,130.5350,0.000171
_16927_,VSS,Metal1,903.8080,130.5330,0.000173
_16926_,VSS,Metal1,899.5600,140.5900,0.000435
_16925_,VSS,Metal1,902.0200,131.6450,0.000173
_16924_,VSS,Metal1,905.2825,140.7160,0.000429
_16923_,VSS,Metal1,908.0825,151.6035,0.000404
_16922_,VSS,Metal1,1008.4200,140.5150,0.000380
_16921_,VSS,Metal1,1014.0600,140.6225,0.000384
_16920_,VSS,Metal1,1017.7200,130.5100,0.000199
_16919_,VSS,Metal1,1029.1465,130.4230,0.000207
_16918_,VSS,Metal1,1014.0265,141.7365,0.000384
_16917_,VSS,Metal1,1008.4600,120.4625,0.000165
_16916_,VSS,Metal1,987.4800,121.4900,0.000158
_16915_,VSS,Metal1,1022.4265,120.3430,0.000169
_16914_,VSS,Metal1,1015.1465,111.4965,0.000196
_16913_,VSS,Metal1,631.3000,130.6060,0.000139
_16912_,VSS,Metal1,630.8030,120.4215,0.000210
_16911_,VSS,Metal1,623.1800,120.4625,0.000239
_16910_,VSS,Metal1,611.3800,101.4050,0.000134
_16909_,VSS,Metal1,621.3625,91.1235,0.000144
_16908_,VSS,Metal1,639.3600,59.9535,0.000299
_16907_,VSS,Metal1,635.7075,60.8835,0.000325
_16906_,VSS,Metal1,636.4825,39.9160,0.000221
_16905_,VSS,Metal1,948.3400,50.8935,0.000036
_16904_,VSS,Metal1,950.7800,70.0625,0.000472
_16903_,VSS,Metal1,941.0000,80.1100,0.000157
_16902_,VSS,Metal1,963.6265,71.1765,0.000532
_16901_,VSS,Metal1,945.1465,69.9430,0.000472
_16900_,VSS,Metal1,994.2430,49.8615,0.000067
_16899_,VSS,Metal1,985.8000,50.9300,0.000059
_16898_,VSS,Metal1,1001.0425,29.8360,0.000263
_16897_,VSS,Metal1,1012.1265,40.8115,0.000269
_16896_,VSS,Metal1,1000.9200,49.8700,0.000068
_16895_,VSS,Metal1,992.6425,39.9160,0.000268
_16894_,VSS,Metal1,1002.0465,40.8115,0.000269
_16893_,VSS,Metal1,592.6600,150.7660,0.000335
_16892_,VSS,Metal1,600.0030,150.6615,0.000337
_16891_,VSS,Metal1,605.2600,150.7025,0.000342
_16890_,VSS,Metal1,626.1030,170.8550,0.000137
_16889_,VSS,Metal1,666.9830,181.9450,0.000166
_16888_,VSS,Metal1,689.7865,182.0565,0.000171
_16887_,VSS,Metal1,687.5400,190.9150,0.000176
_16886_,VSS,Metal1,913.2000,181.9660,0.000045
_16885_,VSS,Metal1,911.5800,191.0225,0.000243
_16884_,VSS,Metal1,912.4400,201.0700,0.000157
_16883_,VSS,Metal1,917.1465,211.0630,0.000212
_16882_,VSS,Metal1,918.8265,200.9830,0.000157
_16881_,VSS,Metal1,1003.2030,181.9780,0.000026
_16880_,VSS,Metal1,1008.7600,190.9900,0.000347
_16879_,VSS,Metal1,998.8025,201.1960,0.000231
_16878_,VSS,Metal1,1028.3665,181.9315,0.000026
_16877_,VSS,Metal1,1015.4800,181.9700,0.000026
_16876_,VSS,Metal1,1010.0025,181.8435,0.000026
_16875_,VSS,Metal1,1019.4065,191.0280,0.000352
_16874_,VSS,Metal1,639.1400,130.6060,0.000127
_16873_,VSS,Metal1,643.1230,120.4215,0.000210
_16872_,VSS,Metal1,647.8200,121.4575,0.000214
_16871_,VSS,Metal1,657.4630,101.3050,0.000122
_16870_,VSS,Metal1,663.4665,101.4165,0.000125
_16869_,VSS,Metal1,658.7400,100.2735,0.000122
_16868_,VSS,Metal1,677.0630,110.3750,0.000125
_16867_,VSS,Metal1,949.1855,101.4400,0.000102
_16866_,VSS,Metal1,932.3225,110.2915,0.000123
_16865_,VSS,Metal1,939.4425,110.4760,0.000121
_16864_,VSS,Metal1,950.5265,111.3715,0.000115
_16863_,VSS,Metal1,1010.5625,90.3160,0.000229
_16862_,VSS,Metal1,1016.3000,81.1375,0.000191
_16861_,VSS,Metal1,1016.0400,90.1900,0.000233
_16860_,VSS,Metal1,1023.5465,80.0230,0.000193
_16859_,VSS,Metal1,1011.7865,81.2565,0.000189
_16858_,VSS,Metal1,1023.0200,81.1375,0.000193
_16857_,VSS,Metal1,1022.2000,91.2500,0.000236
_16856_,VSS,Metal1,1029.7065,81.2565,0.000196
_16855_,VSS,Metal1,1022.4265,90.1030,0.000236
_16854_,VSS,Metal1,643.2025,181.8435,0.000151
_16853_,VSS,Metal1,643.7625,131.4435,0.000162
_16852_,VSS,Metal1,647.2600,111.3775,0.000117
_16851_,VSS,Metal1,657.4630,91.2250,0.000150
_16850_,VSS,Metal1,660.6665,81.2565,0.000311
_16849_,VSS,Metal1,669.9400,70.0335,0.000208
_16848_,VSS,Metal1,677.0630,80.1350,0.000321
_16847_,VSS,Metal1,845.2400,90.1900,0.000154
_16846_,VSS,Metal1,853.6400,101.3300,0.000119
_16845_,VSS,Metal1,844.8025,91.1235,0.000154
_16844_,VSS,Metal1,845.2465,110.3880,0.000123
_16843_,VSS,Metal1,860.3400,70.0335,0.000412
_16842_,VSS,Metal1,864.5400,39.8225,0.000252
_16841_,VSS,Metal1,859.2830,39.7815,0.000251
_16840_,VSS,Metal1,882.9865,40.9365,0.000254
_16839_,VSS,Metal1,886.9065,49.7830,0.000035
_16838_,VSS,Metal1,857.8200,59.9825,0.000234
_16837_,VSS,Metal1,845.2400,40.8500,0.000246
_16836_,VSS,Metal1,879.6265,51.0165,0.000034
_16835_,VSS,Metal1,861.1465,40.9365,0.000251
_16834_,VSS,Metal1,647.1225,181.8435,0.000151
_16833_,VSS,Metal1,611.8425,131.4435,0.000161
_16832_,VSS,Metal1,612.9625,130.6360,0.000161
_16831_,VSS,Metal1,616.4600,120.4625,0.000253
_16830_,VSS,Metal1,623.8630,110.3750,0.000114
_16829_,VSS,Metal1,637.7000,100.1950,0.000116
_16828_,VSS,Metal1,630.3225,80.2360,0.000267
_16827_,VSS,Metal1,639.3600,90.1935,0.000144
_16826_,VSS,Metal1,800.6400,100.2735,0.000111
_16825_,VSS,Metal1,799.5965,110.4200,0.000101
_16824_,VSS,Metal1,803.7075,80.2360,0.000189
_16823_,VSS,Metal1,806.6065,120.4680,0.000161
_16822_,VSS,Metal1,793.9800,70.0625,0.000261
_16821_,VSS,Metal1,795.4000,50.9300,0.000027
_16820_,VSS,Metal1,807.9465,71.1765,0.000296
_16819_,VSS,Metal1,800.6665,59.8630,0.000262
_16818_,VSS,Metal1,820.8600,81.1375,0.000205
_16817_,VSS,Metal1,822.2800,80.1100,0.000205
_16816_,VSS,Metal1,841.5465,69.9430,0.000337
_16815_,VSS,Metal1,825.8665,59.8630,0.000262
_16814_,VSS,Metal1,616.8825,130.6360,0.000157
_16813_,VSS,Metal1,592.6600,130.6060,0.000173
_16812_,VSS,Metal1,600.0030,130.5015,0.000173
_16811_,VSS,Metal1,604.1400,121.4575,0.000257
_16810_,VSS,Metal1,613.2230,90.2150,0.000151
_16809_,VSS,Metal1,624.8265,71.1765,0.000180
_16808_,VSS,Metal1,631.3000,59.9535,0.000341
_16807_,VSS,Metal1,635.0630,50.9050,0.000049
_16806_,VSS,Metal1,900.4480,50.9070,0.000035
_16805_,VSS,Metal1,892.8400,61.0100,0.000194
_16804_,VSS,Metal1,900.9000,71.1650,0.000480
_16803_,VSS,Metal1,881.7625,80.2360,0.000213
_16802_,VSS,Metal1,899.6825,80.2360,0.000203
_16801_,VSS,Metal1,930.0200,59.8750,0.000138
_16800_,VSS,Metal1,937.9000,50.8975,0.000035
_16799_,VSS,Metal1,937.0800,49.8700,0.000035
_16798_,VSS,Metal1,943.4665,40.9365,0.000230
_16797_,VSS,Metal1,943.4665,49.7830,0.000036
_16796_,VSS,Metal1,931.1800,50.8975,0.000035
_16795_,VSS,Metal1,904.0400,49.8700,0.000035
_16794_,VSS,Metal1,942.3465,39.7030,0.000230
_16793_,VSS,Metal1,931.7065,49.7830,0.000035
_16792_,VSS,Metal1,611.8425,141.5235,0.000235
_16791_,VSS,Metal1,621.7800,131.5660,0.000152
_16790_,VSS,Metal1,224.9450,140.4765,0.000197
_16789_,VSS,Metal1,198.6665,131.6565,0.000294
_16788_,VSS,Metal1,622.1830,130.5350,0.000152
_16787_,VSS,Metal1,632.4200,71.0860,0.000179
_16786_,VSS,Metal1,649.4400,50.9260,0.000049
_16785_,VSS,Metal1,651.0425,40.7235,0.000233
_16784_,VSS,Metal1,643.0600,50.9260,0.000049
_16783_,VSS,Metal1,735.3030,59.9750,0.000335
_16782_,VSS,Metal1,747.5000,91.2175,0.000157
_16781_,VSS,Metal1,748.4030,100.2615,0.000127
_16780_,VSS,Metal1,755.6400,59.9500,0.000336
_16779_,VSS,Metal1,746.3465,81.2565,0.000229
_16778_,VSS,Metal1,758.6665,91.3365,0.000151
_16777_,VSS,Metal1,746.1200,61.0100,0.000335
_16776_,VSS,Metal1,764.1625,40.7235,0.000246
_16775_,VSS,Metal1,766.8465,30.7315,0.000279
_16774_,VSS,Metal1,738.8400,49.8700,0.000040
_16773_,VSS,Metal1,761.9225,50.8035,0.000040
_16772_,VSS,Metal1,776.3665,60.9715,0.000319
_16771_,VSS,Metal1,599.7735,140.5730,0.000238
_16770_,VSS,Metal1,611.8425,151.6035,0.000357
_16769_,VSS,Metal1,213.8200,202.0975,0.000344
_16768_,VSS,Metal1,219.8425,202.0035,0.000335
_16767_,VSS,Metal1,219.1400,201.0735,0.000335
_16766_,VSS,Metal1,249.3075,201.1960,0.000309
_16765_,VSS,Metal1,264.7200,190.9935,0.000432
_16764_,VSS,Metal1,522.7400,192.0135,0.000168
_16763_,VSS,Metal1,527.2825,181.0360,0.000164
_16762_,VSS,Metal1,529.9400,181.9660,0.000164
_16761_,VSS,Metal1,539.8630,181.9450,0.000164
_16760_,VSS,Metal1,531.6400,151.7300,0.000274
_16759_,VSS,Metal1,542.5400,191.0225,0.000163
_16758_,VSS,Metal1,552.4030,201.0615,0.000171
_16757_,VSS,Metal1,532.7600,140.5900,0.000209
_16756_,VSS,Metal1,545.7625,141.5235,0.000225
_16755_,VSS,Metal1,563.0065,151.6915,0.000292
_16754_,VSS,Metal1,546.7600,150.6700,0.000287
_16753_,VSS,Metal1,532.3225,160.8760,0.000109
_16752_,VSS,Metal1,552.9265,141.6115,0.000230
_16751_,VSS,Metal1,567.1465,190.9030,0.000155
_16750_,VSS,Metal1,558.7465,180.8230,0.000171
_16749_,VSS,Metal1,247.6275,202.0035,0.000312
_16748_,VSS,Metal1,211.5800,120.4625,0.000181
_16747_,VSS,Metal1,215.9225,140.7160,0.000195
_16746_,VSS,Metal1,214.6600,110.3535,0.000181
_16745_,VSS,Metal1,217.4600,101.1800,0.000219
_16744_,VSS,Metal1,226.9800,91.2460,0.000306
_16743_,VSS,Metal1,247.5430,100.2950,0.000199
_16742_,VSS,Metal1,423.2265,100.1830,0.000138
_16741_,VSS,Metal1,422.9800,81.1660,0.000335
_16740_,VSS,Metal1,567.8080,81.1470,0.000284
_16739_,VSS,Metal1,569.4200,91.2175,0.000160
_16738_,VSS,Metal1,579.2830,101.3380,0.000139
_16737_,VSS,Metal1,573.3065,90.1030,0.000159
_16736_,VSS,Metal1,582.8265,100.1830,0.000139
_16735_,VSS,Metal1,570.8400,40.8500,0.000258
_16734_,VSS,Metal1,566.9200,50.9300,0.000061
_16733_,VSS,Metal1,586.0825,40.7235,0.000251
_16732_,VSS,Metal1,585.9665,50.8915,0.000061
_16731_,VSS,Metal1,585.4000,49.8700,0.000061
_16730_,VSS,Metal1,561.4425,50.8035,0.000063
_16729_,VSS,Metal1,599.9665,49.9080,0.000060
_16728_,VSS,Metal1,220.9625,110.4760,0.000180
_16727_,VSS,Metal1,210.4600,131.5375,0.000332
_16726_,VSS,Metal1,216.4825,131.4435,0.000332
_16725_,VSS,Metal1,207.3800,120.4335,0.000181
_16724_,VSS,Metal1,214.5875,111.2835,0.000181
_16723_,VSS,Metal1,226.0800,59.9535,0.000249
_16722_,VSS,Metal1,230.4825,49.9960,0.000277
_16721_,VSS,Metal1,211.3000,49.8735,0.000256
_16720_,VSS,Metal1,250.9875,49.9960,0.000258
_16719_,VSS,Metal1,248.4025,40.7235,0.000182
_16718_,VSS,Metal1,469.5400,60.9735,0.000243
_16717_,VSS,Metal1,469.7400,111.3775,0.000114
_16716_,VSS,Metal1,481.2400,120.4300,0.000250
_16715_,VSS,Metal1,496.5865,120.3430,0.000255
_16714_,VSS,Metal1,463.5465,121.5765,0.000251
_16713_,VSS,Metal1,462.8030,70.0215,0.000136
_16712_,VSS,Metal1,465.5600,59.9500,0.000242
_16711_,VSS,Metal1,474.0825,70.1560,0.000134
_16710_,VSS,Metal1,477.8865,81.1315,0.000284
_16709_,VSS,Metal1,472.8400,59.9500,0.000250
_16708_,VSS,Metal1,484.1625,50.8035,0.000070
_16707_,VSS,Metal1,482.3665,49.9080,0.000071
_16706_,VSS,Metal1,217.9475,120.5560,0.000181
_16705_,VSS,Metal1,180.7800,170.8625,0.000441
_16704_,VSS,Metal1,180.6425,161.6835,0.000301
_16703_,VSS,Metal1,195.6200,180.9135,0.000177
_16702_,VSS,Metal1,211.7875,181.8435,0.000176
_16701_,VSS,Metal1,230.5600,181.9660,0.000166
_16700_,VSS,Metal1,242.0275,202.0035,0.000322
_16699_,VSS,Metal1,237.7625,211.2760,0.000244
_16698_,VSS,Metal1,248.4800,212.2060,0.000238
_16697_,VSS,Metal1,435.5200,231.3135,0.000335
_16696_,VSS,Metal1,449.5200,242.4460,0.000201
_16695_,VSS,Metal1,446.2365,261.6200,0.000241
_16694_,VSS,Metal1,457.4200,241.4225,0.000198
_16693_,VSS,Metal1,443.2030,221.2215,0.000299
_16692_,VSS,Metal1,460.7465,232.4565,0.000334
_16691_,VSS,Metal1,435.5465,221.1430,0.000299
_16690_,VSS,Metal1,428.8600,221.2625,0.000299
_16689_,VSS,Metal1,423.0000,222.2900,0.000289
_16688_,VSS,Metal1,435.5465,212.2965,0.000247
_16687_,VSS,Metal1,429.9465,212.2965,0.000244
_16686_,VSS,Metal1,451.5665,252.4915,0.000483
_16685_,VSS,Metal1,211.2275,181.0360,0.000176
_16684_,VSS,Metal1,139.3400,120.4625,0.000154
_16683_,VSS,Metal1,146.4825,131.4435,0.000260
_16682_,VSS,Metal1,187.7800,121.4860,0.000153
_16681_,VSS,Metal1,191.6275,121.3635,0.000159
_16680_,VSS,Metal1,217.6800,80.1135,0.000246
_16679_,VSS,Metal1,226.9800,49.8735,0.000276
_16678_,VSS,Metal1,225.5465,40.9365,0.000173
_16677_,VSS,Metal1,254.2630,50.9050,0.000253
_16676_,VSS,Metal1,430.0025,80.0515,0.000325
_16675_,VSS,Metal1,422.4400,101.3300,0.000138
_16674_,VSS,Metal1,427.0425,100.3960,0.000137
_16673_,VSS,Metal1,430.8465,101.2915,0.000137
_16672_,VSS,Metal1,433.0600,70.0335,0.000150
_16671_,VSS,Metal1,419.9000,49.9025,0.000097
_16670_,VSS,Metal1,422.4830,71.0980,0.000153
_16669_,VSS,Metal1,421.5465,40.9365,0.000230
_16668_,VSS,Metal1,428.2665,51.0165,0.000096
_16667_,VSS,Metal1,433.3400,59.9825,0.000237
_16666_,VSS,Metal1,442.6000,50.9300,0.000088
_16665_,VSS,Metal1,454.5865,51.0165,0.000085
_16664_,VSS,Metal1,444.5065,69.9430,0.000141
_16663_,VSS,Metal1,186.0275,130.6360,0.000266
_16662_,VSS,Metal1,139.9000,150.7025,0.000229
_16661_,VSS,Metal1,143.1225,160.8760,0.000403
_16660_,VSS,Metal1,161.4600,150.6735,0.000218
_16659_,VSS,Metal1,171.4675,150.7960,0.000212
_16658_,VSS,Metal1,248.4800,160.7535,0.000259
_16657_,VSS,Metal1,256.3200,151.7260,0.000197
_16656_,VSS,Metal1,260.5800,150.6735,0.000197
_16655_,VSS,Metal1,285.0630,160.7750,0.000242
_16654_,VSS,Metal1,286.3600,161.8100,0.000242
_16653_,VSS,Metal1,347.9400,161.6600,0.000175
_16652_,VSS,Metal1,246.1625,150.7960,0.000200
_16651_,VSS,Metal1,349.2025,171.7635,0.000267
_16650_,VSS,Metal1,363.6465,171.8515,0.000252
_16649_,VSS,Metal1,285.2400,170.8300,0.000323
_16648_,VSS,Metal1,287.6025,151.6035,0.000188
_16647_,VSS,Metal1,291.9665,150.7080,0.000184
_16646_,VSS,Metal1,295.3200,161.8100,0.000223
_16645_,VSS,Metal1,290.4025,160.8760,0.000235
_16644_,VSS,Metal1,309.3265,160.7880,0.000191
_16643_,VSS,Metal1,166.4275,141.5235,0.000193
_16642_,VSS,Metal1,178.5400,212.1775,0.000250
_16641_,VSS,Metal1,184.5625,221.3560,0.000319
_16640_,VSS,Metal1,184.9800,201.0735,0.000348
_16639_,VSS,Metal1,193.8675,212.0835,0.000250
_16638_,VSS,Metal1,232.8000,212.2060,0.000247
_16637_,VSS,Metal1,244.8275,231.4360,0.000406
_16636_,VSS,Metal1,245.0425,232.2435,0.000406
_16635_,VSS,Metal1,252.9600,232.3660,0.000397
_16634_,VSS,Metal1,393.5200,222.2860,0.000268
_16633_,VSS,Metal1,403.6765,261.6200,0.000249
_16632_,VSS,Metal1,391.8400,221.2335,0.000268
_16631_,VSS,Metal1,404.5265,251.5080,0.000498
_16630_,VSS,Metal1,385.7400,241.4225,0.000221
_16629_,VSS,Metal1,364.2430,241.3815,0.000226
_16628_,VSS,Metal1,407.5465,242.5365,0.000212
_16627_,VSS,Metal1,376.7465,232.4565,0.000326
_16626_,VSS,Metal1,377.3400,231.3425,0.000326
_16625_,VSS,Metal1,346.8400,251.4700,0.000417
_16624_,VSS,Metal1,372.8265,222.3765,0.000261
_16623_,VSS,Metal1,371.7065,231.2230,0.000319
_16622_,VSS,Metal1,196.6675,211.2760,0.000250
_16621_,VSS,Metal1,95.1810,231.3655,0.000502
_16620_,VSS,Metal1,1036.2065,161.7715,0.000305
_16619_,VSS,Metal1,1031.1665,110.3880,0.000202
_16618_,VSS,Metal1,1031.1665,29.7480,0.000266
_16617_,VSS,Metal1,1039.5665,192.0115,0.000354
_16616_,VSS,Metal1,1031.1665,80.1480,0.000196
_16615_,VSS,Metal1,880.5265,49.9080,0.000034
_16614_,VSS,Metal1,827.3265,50.8915,0.000032
_16613_,VSS,Metal1,975.1665,39.8280,0.000250
_16612_,VSS,Metal1,773.5665,20.6515,0.000011
_16611_,VSS,Metal1,551.2465,140.6280,0.000230
_16610_,VSS,Metal1,603.8865,39.8280,0.000244
_16609_,VSS,Metal1,478.4465,50.8915,0.000072
_16608_,VSS,Metal1,467.2465,231.3480,0.000327
_16607_,VSS,Metal1,416.8465,20.6515,0.000017
_16606_,VSS,Metal1,291.9665,140.6280,0.000201
_16605_,VSS,Metal1,384.3665,242.4115,0.000221
_16604_,VSS,Metal1,1049.0865,160.7880,0.000312
_16603_,VSS,Metal1,1050.7665,141.6115,0.000420
_16602_,VSS,Metal1,1041.2465,121.4515,0.000185
_16601_,VSS,Metal1,1053.0065,130.5480,0.000215
_16600_,VSS,Metal1,1031.1665,30.7315,0.000266
_16599_,VSS,Metal1,1047.9665,39.8280,0.000281
_16598_,VSS,Metal1,1041.2465,181.9315,0.000026
_16597_,VSS,Metal1,1050.2065,191.0280,0.000357
_16596_,VSS,Metal1,1050.7665,71.0515,0.000629
_16595_,VSS,Metal1,1059.1665,71.0515,0.000629
_16594_,VSS,Metal1,873.2465,20.6515,0.000012
_16593_,VSS,Metal1,882.7665,29.7480,0.000284
_16592_,VSS,Metal1,815.0065,29.7480,0.000258
_16591_,VSS,Metal1,823.9665,40.8115,0.000235
_16590_,VSS,Metal1,960.0465,49.9080,0.000044
_16589_,VSS,Metal1,960.0465,50.8915,0.000044
_16588_,VSS,Metal1,776.3665,30.7315,0.000278
_16587_,VSS,Metal1,784.7665,30.7315,0.000267
_16586_,VSS,Metal1,560.7665,140.6280,0.000233
_16585_,VSS,Metal1,563.5665,141.6115,0.000233
_16584_,VSS,Metal1,612.2865,39.8280,0.000243
_16583_,VSS,Metal1,616.7665,29.7480,0.000282
_16582_,VSS,Metal1,472.8465,29.7480,0.000239
_16581_,VSS,Metal1,489.0865,30.7315,0.000237
_16580_,VSS,Metal1,456.0465,211.1880,0.000254
_16579_,VSS,Metal1,467.2465,221.2680,0.000303
_16578_,VSS,Metal1,409.5665,39.8280,0.000227
_16577_,VSS,Metal1,417.9665,39.8280,0.000230
_16576_,VSS,Metal1,276.8465,140.6280,0.000205
_16575_,VSS,Metal1,288.6065,131.5315,0.000311
_16574_,VSS,Metal1,394.4465,241.4280,0.000213
_16573_,VSS,Metal1,405.0865,241.4280,0.000213
_16572_,VSS,Metal1,981.8865,170.8680,0.000138
_16571_,VSS,Metal1,981.3265,151.6915,0.000631
_16570_,VSS,Metal1,979.6465,121.4515,0.000156
_16569_,VSS,Metal1,980.7665,120.4680,0.000156
_16568_,VSS,Metal1,980.7665,60.9715,0.000142
_16567_,VSS,Metal1,978.5265,71.0515,0.000606
_16566_,VSS,Metal1,975.1665,181.9315,0.000026
_16565_,VSS,Metal1,962.8465,192.0115,0.000285
_16564_,VSS,Metal1,985.8065,101.2915,0.000107
_16563_,VSS,Metal1,991.9665,100.3080,0.000109
_16562_,VSS,Metal1,853.6465,90.2280,0.000156
_16561_,VSS,Metal1,856.4465,71.0515,0.000412
_16560_,VSS,Metal1,825.0865,90.2280,0.000145
_16559_,VSS,Metal1,825.6465,100.3080,0.000117
_16558_,VSS,Metal1,913.5665,70.0680,0.000477
_16557_,VSS,Metal1,904.0465,70.0680,0.000480
_16556_,VSS,Metal1,747.2465,70.0680,0.000264
_16555_,VSS,Metal1,747.2465,80.1480,0.000229
_16554_,VSS,Metal1,522.6865,161.7715,0.000104
_16553_,VSS,Metal1,529.4065,171.8515,0.000149
_16552_,VSS,Metal1,569.7265,80.1480,0.000284
_16551_,VSS,Metal1,580.3665,71.0515,0.000188
_16550_,VSS,Metal1,490.2065,101.2915,0.000126
_16549_,VSS,Metal1,491.3265,91.2115,0.000141
_16548_,VSS,Metal1,462.7665,252.4915,0.000468
_16547_,VSS,Metal1,466.6865,242.4115,0.000192
_16546_,VSS,Metal1,414.6065,70.0680,0.000156
_16545_,VSS,Metal1,414.0465,71.0515,0.000156
_16544_,VSS,Metal1,274.0465,181.9315,0.000152
_16543_,VSS,Metal1,276.8465,180.9480,0.000151
_16542_,VSS,Metal1,358.0465,252.4915,0.000425
_16541_,VSS,Metal1,366.4465,252.4915,0.000475
_16540_,VSS,Metal1,1052.4465,171.8515,0.000178
_16539_,VSS,Metal1,1057.4865,160.7880,0.000313
_16538_,VSS,Metal1,1000.3665,120.4680,0.000160
_16537_,VSS,Metal1,991.9665,120.4680,0.000159
_16536_,VSS,Metal1,975.7265,40.8115,0.000250
_16535_,VSS,Metal1,980.7665,29.7480,0.000257
_16534_,VSS,Metal1,991.9665,201.1080,0.000220
_16533_,VSS,Metal1,991.9665,191.0280,0.000327
_16532_,VSS,Metal1,1059.1665,101.2915,0.000187
_16531_,VSS,Metal1,1051.3265,81.1315,0.000202
_16530_,VSS,Metal1,851.9665,39.8280,0.000251
_16529_,VSS,Metal1,849.7265,20.6515,0.000013
_16528_,VSS,Metal1,825.6465,70.0680,0.000319
_16527_,VSS,Metal1,835.1665,70.0680,0.000320
_16526_,VSS,Metal1,903.4865,29.7480,0.000275
_16525_,VSS,Metal1,904.0465,39.8280,0.000244
_16524_,VSS,Metal1,743.3265,20.6515,0.000011
_16523_,VSS,Metal1,756.7665,29.7480,0.000291
_16522_,VSS,Metal1,521.5665,160.7880,0.000104
_16521_,VSS,Metal1,512.0465,160.7880,0.000102
_16520_,VSS,Metal1,580.3665,40.8115,0.000254
_16519_,VSS,Metal1,585.4065,29.7480,0.000302
_16518_,VSS,Metal1,488.5265,71.0515,0.000130
_16517_,VSS,Metal1,492.4465,50.8915,0.000068
_16516_,VSS,Metal1,447.6465,211.1880,0.000254
_16515_,VSS,Metal1,462.7665,212.1715,0.000258
_16514_,VSS,Metal1,406.2065,70.0680,0.000158
_16513_,VSS,Metal1,413.4865,59.9880,0.000233
_16512_,VSS,Metal1,269.5665,161.7715,0.000253
_16511_,VSS,Metal1,277.9665,161.7715,0.000252
_16510_,VSS,Metal1,355.2465,251.5080,0.000425
_16509_,VSS,Metal1,355.2465,261.5880,0.000243
_16508_,VSS,Metal1,1070.3665,150.7080,0.000975
_16507_,VSS,Metal1,1078.7665,160.7880,0.000320
_16506_,VSS,Metal1,1070.3665,130.5480,0.000217
_16505_,VSS,Metal1,1059.1665,141.6115,0.000420
_16504_,VSS,Metal1,1039.5665,30.7315,0.000266
_16503_,VSS,Metal1,1030.6065,20.6515,0.000014
_16502_,VSS,Metal1,1070.3665,191.0280,0.000358
_16501_,VSS,Metal1,1067.5665,192.0115,0.000358
_16500_,VSS,Metal1,1054.6865,70.0680,0.000629
_16499_,VSS,Metal1,1050.7665,60.9715,0.000153
_16498_,VSS,Metal1,874.3665,29.7480,0.000286
_16497_,VSS,Metal1,883.8865,30.7315,0.000284
_16496_,VSS,Metal1,792.6065,40.8115,0.000215
_16495_,VSS,Metal1,809.9665,49.9080,0.000029
_16494_,VSS,Metal1,913.5665,29.7480,0.000266
_16493_,VSS,Metal1,915.2465,30.7315,0.000266
_16492_,VSS,Metal1,774.6865,70.0680,0.000262
_16491_,VSS,Metal1,776.3665,50.8915,0.000033
_16490_,VSS,Metal1,580.3665,141.6115,0.000236
_16489_,VSS,Metal1,579.2465,150.7080,0.000318
_16488_,VSS,Metal1,602.2065,20.6515,0.000012
_16487_,VSS,Metal1,610.6065,20.6515,0.000012
_16486_,VSS,Metal1,469.4865,81.1315,0.000295
_16485_,VSS,Metal1,476.2065,91.2115,0.000166
_16484_,VSS,Metal1,414.0465,221.2680,0.000284
_16483_,VSS,Metal1,414.0465,222.2515,0.000284
_16482_,VSS,Metal1,433.6465,39.8280,0.000236
_16481_,VSS,Metal1,447.6465,29.7480,0.000275
_16480_,VSS,Metal1,314.9265,151.6915,0.000164
_16479_,VSS,Metal1,317.1665,141.6115,0.000188
_16478_,VSS,Metal1,355.2465,231.3480,0.000317
_16477_,VSS,Metal1,346.8465,241.4280,0.000228
_16476_,VSS,Metal1,981.3265,171.8515,0.000138
_16475_,VSS,Metal1,993.0865,161.7715,0.000271
_16474_,VSS,Metal1,977.9665,131.5315,0.000186
_16473_,VSS,Metal1,979.6465,141.6115,0.000349
_16472_,VSS,Metal1,991.9665,59.9880,0.000148
_16471_,VSS,Metal1,991.9665,60.9715,0.000148
_16470_,VSS,Metal1,974.6065,191.0280,0.000304
_16469_,VSS,Metal1,976.8465,202.0915,0.000198
_16468_,VSS,Metal1,991.9665,90.2280,0.000199
_16467_,VSS,Metal1,991.9665,80.1480,0.000187
_16466_,VSS,Metal1,862.0465,90.2280,0.000157
_16465_,VSS,Metal1,864.8465,80.1480,0.000216
_16464_,VSS,Metal1,795.9665,90.2280,0.000129
_16463_,VSS,Metal1,797.6465,91.2115,0.000129
_16462_,VSS,Metal1,924.2065,70.0680,0.000476
_16461_,VSS,Metal1,926.4465,80.1480,0.000187
_16460_,VSS,Metal1,776.3665,71.0515,0.000262
_16459_,VSS,Metal1,776.3665,81.1315,0.000209
_16458_,VSS,Metal1,580.3665,151.6915,0.000318
_16457_,VSS,Metal1,580.3665,161.7715,0.000122
_16456_,VSS,Metal1,599.9665,70.0680,0.000189
_16455_,VSS,Metal1,608.9265,71.0515,0.000187
_16454_,VSS,Metal1,471.7265,110.3880,0.000114
_16453_,VSS,Metal1,472.8465,100.3080,0.000131
_16452_,VSS,Metal1,423.5665,252.4915,0.000495
_16451_,VSS,Metal1,425.2465,242.4115,0.000206
_16450_,VSS,Metal1,443.1665,90.2280,0.000192
_16449_,VSS,Metal1,444.8465,80.1480,0.000314
_16448_,VSS,Metal1,307.0865,161.7715,0.000191
_16447_,VSS,Metal1,308.2065,170.8680,0.000311
_16446_,VSS,Metal1,374.8465,252.4915,0.000475
_16445_,VSS,Metal1,374.8465,262.5715,0.000245
_16444_,VSS,Metal1,1070.3665,170.8680,0.000179
_16443_,VSS,Metal1,1070.3665,160.7880,0.000320
_16442_,VSS,Metal1,1050.7665,131.5315,0.000215
_16441_,VSS,Metal1,1059.1665,121.4515,0.000185
_16440_,VSS,Metal1,991.9665,29.7480,0.000263
_16439_,VSS,Metal1,993.6465,40.8115,0.000268
_16438_,VSS,Metal1,1064.2065,181.9315,0.000026
_16437_,VSS,Metal1,1060.8465,211.1880,0.000167
_16436_,VSS,Metal1,1053.5665,100.3080,0.000187
_16435_,VSS,Metal1,1050.7665,110.3880,0.000205
_16434_,VSS,Metal1,837.4065,40.8115,0.000246
_16433_,VSS,Metal1,840.2065,20.6515,0.000013
_16432_,VSS,Metal1,801.5665,49.9080,0.000028
_16431_,VSS,Metal1,815.5665,40.8115,0.000234
_16430_,VSS,Metal1,941.0065,29.7480,0.000239
_16429_,VSS,Metal1,948.8465,20.6515,0.000007
_16428_,VSS,Metal1,739.9665,40.8115,0.000254
_16427_,VSS,Metal1,753.9665,30.7315,0.000292
_16426_,VSS,Metal1,512.0465,150.7080,0.000273
_16425_,VSS,Metal1,509.8065,141.6115,0.000199
_16424_,VSS,Metal1,563.5665,40.8115,0.000258
_16423_,VSS,Metal1,580.3665,30.7315,0.000302
_16422_,VSS,Metal1,472.8465,49.9080,0.000074
_16421_,VSS,Metal1,489.0865,40.8115,0.000226
_16420_,VSS,Metal1,414.0465,202.0915,0.000250
_16419_,VSS,Metal1,422.4465,221.2680,0.000289
_16418_,VSS,Metal1,440.3665,20.6515,0.000014
_16417_,VSS,Metal1,431.4065,30.7315,0.000278
_16416_,VSS,Metal1,273.4865,151.6915,0.000193
_16415_,VSS,Metal1,281.8865,151.6915,0.000193
_16414_,VSS,Metal1,355.2465,241.4280,0.000226
_16413_,VSS,Metal1,365.3265,231.3480,0.000318
_16412_,VSS,Metal1,1050.7665,151.6915,0.000969
_16411_,VSS,Metal1,1058.6065,170.8680,0.000179
_16410_,VSS,Metal1,1050.7665,121.4515,0.000185
_16409_,VSS,Metal1,1053.5665,111.3715,0.000205
_16408_,VSS,Metal1,1018.2865,39.8280,0.000272
_16407_,VSS,Metal1,1021.6465,29.7480,0.000266
_16406_,VSS,Metal1,1053.5665,201.1080,0.000285
_16405_,VSS,Metal1,1058.6065,191.0280,0.000358
_16404_,VSS,Metal1,1041.2465,91.2115,0.000261
_16403_,VSS,Metal1,1050.7665,101.2915,0.000187
_16402_,VSS,Metal1,836.8465,49.9080,0.000034
_16401_,VSS,Metal1,854.7665,30.7315,0.000285
_16400_,VSS,Metal1,801.0065,40.8115,0.000214
_16399_,VSS,Metal1,815.5665,30.7315,0.000258
_16398_,VSS,Metal1,952.7665,29.7480,0.000231
_16397_,VSS,Metal1,961.1665,29.7480,0.000231
_16396_,VSS,Metal1,756.7665,39.8280,0.000249
_16395_,VSS,Metal1,756.7665,49.9080,0.000040
_16394_,VSS,Metal1,523.2465,131.5315,0.000171
_16393_,VSS,Metal1,525.4865,140.6280,0.000207
_16392_,VSS,Metal1,577.5665,39.8280,0.000254
_16391_,VSS,Metal1,573.0865,20.6515,0.000012
_16390_,VSS,Metal1,478.4465,20.6515,0.000009
_16389_,VSS,Metal1,484.0465,29.7480,0.000239
_16388_,VSS,Metal1,423.5665,212.1715,0.000241
_16387_,VSS,Metal1,425.2465,202.0915,0.000182
_16386_,VSS,Metal1,446.5265,49.9080,0.000087
_16385_,VSS,Metal1,452.1265,40.8115,0.000236
_16384_,VSS,Metal1,296.4465,180.9480,0.000142
_16383_,VSS,Metal1,299.8065,170.8680,0.000322
_16382_,VSS,Metal1,372.0465,242.4115,0.000222
_16381_,VSS,Metal1,369.2465,232.3315,0.000319
_16380_,VSS,Metal1,959.4865,161.7715,0.000206
_16379_,VSS,Metal1,962.8465,171.8515,0.000132
_16378_,VSS,Metal1,933.1665,141.6115,0.000378
_16377_,VSS,Metal1,929.8065,150.7080,0.000393
_16376_,VSS,Metal1,957.8065,80.1480,0.000160
_16375_,VSS,Metal1,962.8465,90.2280,0.000154
_16374_,VSS,Metal1,943.2465,201.1080,0.000156
_16373_,VSS,Metal1,942.6865,202.0915,0.000156
_16372_,VSS,Metal1,962.8465,131.5315,0.000168
_16371_,VSS,Metal1,951.0865,141.6115,0.000327
_16370_,VSS,Metal1,835.1665,111.3715,0.000122
_16369_,VSS,Metal1,837.9665,130.5480,0.000167
_16368_,VSS,Metal1,820.0465,120.4680,0.000171
_16367_,VSS,Metal1,823.9665,130.5480,0.000159
_16366_,VSS,Metal1,888.3665,80.1480,0.000213
_16365_,VSS,Metal1,893.9665,91.2115,0.000160
_16364_,VSS,Metal1,758.4465,101.2915,0.000127
_16363_,VSS,Metal1,776.3665,101.2915,0.000126
_16362_,VSS,Metal1,590.4465,191.0280,0.000148
_16361_,VSS,Metal1,580.9265,192.0115,0.000155
_16360_,VSS,Metal1,564.6865,100.3080,0.000140
_16359_,VSS,Metal1,576.4465,100.3080,0.000139
_16358_,VSS,Metal1,490.2065,120.4680,0.000250
_16357_,VSS,Metal1,501.9665,131.5315,0.000154
_16356_,VSS,Metal1,455.4865,271.6680,0.000236
_16355_,VSS,Metal1,465.0065,272.6515,0.000229
_16354_,VSS,Metal1,444.2865,101.2915,0.000133
_16353_,VSS,Metal1,446.5265,120.4680,0.000252
_16352_,VSS,Metal1,374.8465,171.8515,0.000251
_16351_,VSS,Metal1,386.0465,171.8515,0.000251
_16350_,VSS,Metal1,427.4865,271.6680,0.000253
_16349_,VSS,Metal1,423.5665,272.6515,0.000254
_16348_,VSS,Metal1,941.0065,170.8680,0.000133
_16347_,VSS,Metal1,951.6465,171.8515,0.000132
_16346_,VSS,Metal1,893.9665,151.6915,0.000415
_16345_,VSS,Metal1,902.3665,151.6915,0.000409
_16344_,VSS,Metal1,943.8065,81.1315,0.000157
_16343_,VSS,Metal1,952.7665,90.2280,0.000142
_16342_,VSS,Metal1,902.3665,202.0915,0.000157
_16341_,VSS,Metal1,903.4865,191.0280,0.000245
_16340_,VSS,Metal1,948.8465,121.4515,0.000127
_16339_,VSS,Metal1,952.7665,140.6280,0.000327
_16338_,VSS,Metal1,839.6465,131.5315,0.000167
_16337_,VSS,Metal1,846.3665,130.5480,0.000169
_16336_,VSS,Metal1,800.4465,121.4515,0.000157
_16335_,VSS,Metal1,812.7665,130.5480,0.000154
_16334_,VSS,Metal1,874.9265,90.2280,0.000157
_16333_,VSS,Metal1,884.4465,91.2115,0.000160
_16332_,VSS,Metal1,737.7265,120.4680,0.000223
_16331_,VSS,Metal1,734.9265,110.3880,0.000131
_16330_,VSS,Metal1,551.2465,191.0280,0.000162
_16329_,VSS,Metal1,563.5665,181.9315,0.000172
_16328_,VSS,Metal1,590.4465,100.3080,0.000138
_16327_,VSS,Metal1,604.4465,101.2915,0.000136
_16326_,VSS,Metal1,483.4865,130.5480,0.000157
_16325_,VSS,Metal1,492.4465,131.5315,0.000150
_16324_,VSS,Metal1,452.6865,262.5715,0.000238
_16323_,VSS,Metal1,461.6465,281.7480,0.000383
_16322_,VSS,Metal1,429.1665,120.4680,0.000251
_16321_,VSS,Metal1,440.3665,121.4515,0.000252
_16320_,VSS,Metal1,369.2465,170.8680,0.000251
_16319_,VSS,Metal1,391.0865,180.9480,0.000142
_16318_,VSS,Metal1,411.8065,301.9080,0.000280
_16317_,VSS,Metal1,423.5665,282.7315,0.000404
_16316_,VSS,Metal1,913.5665,180.9480,0.000045
_16315_,VSS,Metal1,911.8865,171.8515,0.000139
_16314_,VSS,Metal1,913.5665,160.7880,0.000203
_16313_,VSS,Metal1,884.4465,151.6915,0.000415
_16312_,VSS,Metal1,893.9665,161.7715,0.000196
_16311_,VSS,Metal1,896.2065,170.8680,0.000136
_16310_,VSS,Metal1,923.6465,101.2915,0.000118
_16309_,VSS,Metal1,921.9665,110.3880,0.000130
_16308_,VSS,Metal1,915.2465,101.2915,0.000118
_16307_,VSS,Metal1,893.9665,202.0915,0.000156
_16306_,VSS,Metal1,895.0865,191.0280,0.000245
_16305_,VSS,Metal1,898.4465,211.1880,0.000246
_16304_,VSS,Metal1,913.5665,110.3880,0.000130
_16303_,VSS,Metal1,913.5665,120.4680,0.000157
_16302_,VSS,Metal1,914.1265,121.4515,0.000157
_16301_,VSS,Metal1,862.6065,131.5315,0.000174
_16300_,VSS,Metal1,874.3665,130.5480,0.000174
_16299_,VSS,Metal1,872.6865,121.4515,0.000179
_16298_,VSS,Metal1,803.2465,131.5315,0.000145
_16297_,VSS,Metal1,813.3265,140.6280,0.000240
_16296_,VSS,Metal1,815.5665,131.5315,0.000154
_16295_,VSS,Metal1,884.4465,111.3715,0.000131
_16294_,VSS,Metal1,893.9665,111.3715,0.000131
_16293_,VSS,Metal1,894.5265,120.4680,0.000173
_16292_,VSS,Metal1,743.3265,110.3880,0.000131
_16291_,VSS,Metal1,753.9665,111.3715,0.000120
_16290_,VSS,Metal1,759.5665,120.4680,0.000160
_16289_,VSS,Metal1,551.2465,211.1880,0.000285
_16288_,VSS,Metal1,560.7665,211.1880,0.000284
_16287_,VSS,Metal1,563.0065,221.2680,0.000432
_16286_,VSS,Metal1,570.8465,111.3715,0.000125
_16285_,VSS,Metal1,582.0465,121.4515,0.000284
_16284_,VSS,Metal1,590.4465,121.4515,0.000275
_16283_,VSS,Metal1,482.9265,151.6915,0.000204
_16282_,VSS,Metal1,489.0865,150.7080,0.000203
_16281_,VSS,Metal1,497.4865,150.7080,0.000220
_16280_,VSS,Metal1,436.4465,272.6515,0.000252
_16279_,VSS,Metal1,463.8865,271.6680,0.000229
_16278_,VSS,Metal1,470.0465,281.7480,0.000373
_16277_,VSS,Metal1,420.7665,120.4680,0.000250
_16276_,VSS,Metal1,439.8065,131.5315,0.000176
_16275_,VSS,Metal1,445.9665,130.5480,0.000173
_16274_,VSS,Metal1,391.6465,150.7080,0.000183
_16273_,VSS,Metal1,394.4465,170.8680,0.000241
_16272_,VSS,Metal1,402.2865,161.7715,0.000182
_16271_,VSS,Metal1,390.5265,262.5715,0.000249
_16270_,VSS,Metal1,421.8865,281.7480,0.000404
_16269_,VSS,Metal1,427.4865,291.8280,0.000361
_16268_,VSS,Metal1,930.3665,170.8680,0.000134
_16267_,VSS,Metal1,920.8465,171.8515,0.000139
_16266_,VSS,Metal1,921.9665,160.7880,0.000203
_16265_,VSS,Metal1,865.1000,272.6450,0.000217
_16264_,VSS,Metal1,921.4065,150.7080,0.000400
_16263_,VSS,Metal1,933.1665,140.6280,0.000378
_16262_,VSS,Metal1,941.5665,141.6115,0.000354
_16261_,VSS,Metal1,802.9400,262.5650,0.000463
_16260_,VSS,Metal1,933.1665,91.2115,0.000156
_16259_,VSS,Metal1,930.3665,100.3080,0.000110
_16258_,VSS,Metal1,933.1665,101.2915,0.000110
_16257_,VSS,Metal1,809.1000,271.6750,0.000199
_16256_,VSS,Metal1,923.6465,192.0115,0.000232
_16255_,VSS,Metal1,933.1665,202.0915,0.000159
_16254_,VSS,Metal1,933.1665,191.0280,0.000227
_16253_,VSS,Metal1,800.1400,271.6750,0.000192
_16252_,VSS,Metal1,933.1665,111.3715,0.000123
_16251_,VSS,Metal1,932.0465,130.5480,0.000170
_16250_,VSS,Metal1,933.1665,121.4515,0.000147
_16249_,VSS,Metal1,804.6200,261.5950,0.000463
_16248_,VSS,Metal1,860.3665,120.4680,0.000182
_16247_,VSS,Metal1,871.0065,131.5315,0.000174
_16246_,VSS,Metal1,882.7665,130.5480,0.000174
_16245_,VSS,Metal1,824.2200,271.6750,0.000207
_16244_,VSS,Metal1,792.0465,111.3715,0.000099
_16243_,VSS,Metal1,798.2065,120.4680,0.000157
_16242_,VSS,Metal1,800.4465,111.3715,0.000101
_16241_,VSS,Metal1,792.8600,262.5650,0.000435
_16240_,VSS,Metal1,893.9665,101.2915,0.000123
_16239_,VSS,Metal1,886.1265,120.4680,0.000176
_16238_,VSS,Metal1,893.9665,121.4515,0.000173
_16237_,VSS,Metal1,873.5000,271.6750,0.000218
_16236_,VSS,Metal1,766.8465,101.2915,0.000126
_16235_,VSS,Metal1,771.3265,110.3880,0.000116
_16234_,VSS,Metal1,779.7265,110.3880,0.000109
_16233_,VSS,Metal1,736.8600,262.5650,0.000445
_16232_,VSS,Metal1,251.6930,261.5900,0.000248
_16231_,VSS,Metal1,247.7265,271.6680,0.000339
_16230_,VSS,Metal1,580.3665,181.9315,0.000176
_16229_,VSS,Metal1,582.6065,201.1080,0.000172
_16228_,VSS,Metal1,589.3265,192.0115,0.000149
_16227_,VSS,Metal1,510.9265,281.7480,0.000365
_16226_,VSS,Metal1,503.0865,272.6515,0.000231
_16225_,VSS,Metal1,586.5265,111.3715,0.000125
_16224_,VSS,Metal1,594.9265,111.3715,0.000123
_16223_,VSS,Metal1,603.3265,111.3715,0.000120
_16222_,VSS,Metal1,578.6865,281.7480,0.000397
_16221_,VSS,Metal1,502.5265,281.7480,0.000354
_16220_,VSS,Metal1,494.1265,130.5480,0.000150
_16219_,VSS,Metal1,492.4465,141.6115,0.000188
_16218_,VSS,Metal1,504.7665,140.6280,0.000198
_16217_,VSS,Metal1,503.0865,291.8280,0.000375
_16216_,VSS,Metal1,501.9665,282.7315,0.000354
_16215_,VSS,Metal1,450.4465,282.7315,0.000397
_16214_,VSS,Metal1,462.7665,282.7315,0.000383
_16213_,VSS,Metal1,462.7665,291.8280,0.000362
_16212_,VSS,Metal1,482.9265,302.8915,0.000267
_16211_,VSS,Metal1,485.1665,301.9080,0.000267
_16210_,VSS,Metal1,448.7665,121.4515,0.000252
_16209_,VSS,Metal1,452.6865,101.2915,0.000132
_16208_,VSS,Metal1,454.9265,120.4680,0.000252
_16207_,VSS,Metal1,452.6865,311.9880,0.000586
_16206_,VSS,Metal1,461.0865,311.9880,0.000578
_16205_,VSS,Metal1,374.8465,161.7715,0.000184
_16204_,VSS,Metal1,391.6465,151.6915,0.000183
_16203_,VSS,Metal1,403.9665,170.8680,0.000239
_16202_,VSS,Metal1,403.9665,311.9880,0.000585
_16201_,VSS,Metal1,394.4465,311.9880,0.000582
_16200_,VSS,Metal1,432.5265,292.8115,0.000361
_16199_,VSS,Metal1,421.3265,301.9080,0.000280
_16198_,VSS,Metal1,425.2465,292.8115,0.000361
_16197_,VSS,Metal1,443.1665,311.9880,0.000591
_16196_,VSS,Metal1,445.9665,301.9080,0.000285
_16195_,VSS,Metal1,1037.3265,262.5715,0.000694
_16194_,VSS,Metal1,1037.3265,221.2680,0.000359
_16193_,VSS,Metal1,864.8465,160.7880,0.000173
_16192_,VSS,Metal1,717.5665,29.7480,0.000307
_16191_,VSS,Metal1,972.3665,252.4915,0.000365
_16190_,VSS,Metal1,745.5665,221.2680,0.000331
_16189_,VSS,Metal1,780.8465,131.5315,0.000164
_16188_,VSS,Metal1,815.5665,222.2515,0.000307
_16187_,VSS,Metal1,590.4465,242.4115,0.000182
_16186_,VSS,Metal1,512.0465,211.1880,0.000298
_16185_,VSS,Metal1,423.5665,161.7715,0.000177
_16184_,VSS,Metal1,538.9265,49.9080,0.000066
_16183_,VSS,Metal1,393.8865,29.7480,0.000277
_16182_,VSS,Metal1,305.9665,192.0115,0.000374
_16181_,VSS,Metal1,286.3665,29.7480,0.000243
_16180_,VSS,Metal1,285.8065,71.0515,0.000185
_16179_,VSS,Metal1,272.5530,242.6030,0.000269
_16178_,VSS,Metal1,1041.2465,252.4915,0.000719
_16177_,VSS,Metal1,1055.2465,271.6680,0.000189
_16176_,VSS,Metal1,1041.2465,232.3315,0.000468
_16175_,VSS,Metal1,1049.0865,221.2680,0.000364
_16174_,VSS,Metal1,864.8465,150.7080,0.000420
_16173_,VSS,Metal1,874.3665,160.7880,0.000185
_16172_,VSS,Metal1,708.0465,29.7480,0.000307
_16171_,VSS,Metal1,717.5665,39.8280,0.000256
_16170_,VSS,Metal1,961.1665,262.5715,0.000628
_16169_,VSS,Metal1,962.8465,271.6680,0.000156
_16168_,VSS,Metal1,743.3265,212.1715,0.000242
_16167_,VSS,Metal1,744.4465,201.1080,0.000157
_16166_,VSS,Metal1,775.8065,130.5480,0.000165
_16165_,VSS,Metal1,778.0465,121.4515,0.000160
_16164_,VSS,Metal1,815.5665,212.1715,0.000271
_16163_,VSS,Metal1,823.9665,202.0915,0.000148
_16162_,VSS,Metal1,586.5265,261.5880,0.000276
_16161_,VSS,Metal1,590.4465,271.6680,0.000251
_16160_,VSS,Metal1,527.1665,202.0915,0.000166
_16159_,VSS,Metal1,538.3665,211.1880,0.000293
_16158_,VSS,Metal1,405.6465,151.6915,0.000207
_16157_,VSS,Metal1,423.5665,141.6115,0.000225
_16156_,VSS,Metal1,535.5665,20.6515,0.000011
_16155_,VSS,Metal1,545.0865,20.6515,0.000012
_16154_,VSS,Metal1,374.8465,30.7315,0.000277
_16153_,VSS,Metal1,393.8865,20.6515,0.000017
_16152_,VSS,Metal1,276.8465,201.1080,0.000275
_16151_,VSS,Metal1,279.6465,212.1715,0.000234
_16150_,VSS,Metal1,297.5665,20.6515,0.000028
_16149_,VSS,Metal1,303.1665,29.7480,0.000239
_16148_,VSS,Metal1,271.8065,91.2115,0.000277
_16147_,VSS,Metal1,286.9265,90.2280,0.000276
_16146_,VSS,Metal1,286.2365,242.5680,0.000255
_16145_,VSS,Metal1,301.1200,281.6245,0.000381
_16144_,VSS,Metal1,982.4465,261.5880,0.000666
_16143_,VSS,Metal1,991.9665,261.5880,0.000666
_16142_,VSS,Metal1,980.7665,221.2680,0.000300
_16141_,VSS,Metal1,996.4465,222.2515,0.000310
_16140_,VSS,Metal1,836.8465,160.7880,0.000152
_16139_,VSS,Metal1,838.5265,141.6115,0.000411
_16138_,VSS,Metal1,719.2465,59.9880,0.000334
_16137_,VSS,Metal1,734.3665,70.0680,0.000262
_16136_,VSS,Metal1,913.5665,231.3480,0.000375
_16135_,VSS,Metal1,914.1265,221.2680,0.000296
_16134_,VSS,Metal1,737.1665,252.4915,0.000511
_16133_,VSS,Metal1,739.9665,261.5880,0.000445
_16132_,VSS,Metal1,739.9665,141.6115,0.000254
_16131_,VSS,Metal1,741.0865,130.5480,0.000176
_16130_,VSS,Metal1,787.0065,181.9315,0.000102
_16129_,VSS,Metal1,797.6465,192.0115,0.000189
_16128_,VSS,Metal1,619.5665,232.3315,0.000171
_16127_,VSS,Metal1,620.1265,241.4280,0.000152
_16126_,VSS,Metal1,501.9665,261.5880,0.000239
_16125_,VSS,Metal1,491.3265,252.4915,0.000424
_16124_,VSS,Metal1,444.2865,201.1080,0.000182
_16123_,VSS,Metal1,446.5265,180.9480,0.000142
_16122_,VSS,Metal1,510.9265,80.1480,0.000279
_16121_,VSS,Metal1,512.0465,70.0680,0.000149
_16120_,VSS,Metal1,369.8065,70.0680,0.000158
_16119_,VSS,Metal1,371.4865,80.1480,0.000328
_16118_,VSS,Metal1,277.9665,202.0915,0.000275
_16117_,VSS,Metal1,288.0465,212.1715,0.000223
_16116_,VSS,Metal1,276.8465,70.0680,0.000206
_16115_,VSS,Metal1,286.3665,70.0680,0.000185
_16114_,VSS,Metal1,274.0465,131.5315,0.000340
_16113_,VSS,Metal1,276.2865,121.4515,0.000177
_16112_,VSS,Metal1,195.4930,262.6140,0.000248
_16111_,VSS,Metal1,292.8610,232.3140,0.000328
_16110_,VSS,Metal1,1056.3665,252.4915,0.000764
_16109_,VSS,Metal1,1070.3665,261.5880,0.000706
_16108_,VSS,Metal1,1057.4865,221.2680,0.000364
_16107_,VSS,Metal1,1058.6065,212.1715,0.000167
_16106_,VSS,Metal1,836.8465,161.7715,0.000152
_16105_,VSS,Metal1,845.2465,160.7880,0.000158
_16104_,VSS,Metal1,697.9665,30.7315,0.000305
_16103_,VSS,Metal1,687.3265,20.6515,0.000009
_16102_,VSS,Metal1,962.2865,211.1880,0.000162
_16101_,VSS,Metal1,961.7265,222.2515,0.000267
_16100_,VSS,Metal1,736.6065,241.4280,0.000127
_16099_,VSS,Metal1,745.5665,252.4915,0.000497
_16098_,VSS,Metal1,742.2065,121.4515,0.000222
_16097_,VSS,Metal1,743.3265,150.7080,0.000386
_16096_,VSS,Metal1,762.3665,212.1715,0.000233
_16095_,VSS,Metal1,762.3665,222.2515,0.000309
_16094_,VSS,Metal1,587.6465,202.0915,0.000173
_16093_,VSS,Metal1,599.4065,212.1715,0.000245
_16092_,VSS,Metal1,486.2865,251.5080,0.000425
_16091_,VSS,Metal1,488.5265,241.4280,0.000179
_16090_,VSS,Metal1,414.0465,151.6915,0.000213
_16089_,VSS,Metal1,427.4865,160.7880,0.000175
_16088_,VSS,Metal1,512.0465,49.9080,0.000067
_16087_,VSS,Metal1,514.8465,20.6515,0.000010
_16086_,VSS,Metal1,347.9665,30.7315,0.000221
_16085_,VSS,Metal1,346.2865,40.8115,0.000178
_16084_,VSS,Metal1,292.5265,191.0280,0.000402
_16083_,VSS,Metal1,287.4865,201.1080,0.000263
_16082_,VSS,Metal1,276.8465,49.9080,0.000226
_16081_,VSS,Metal1,268.4465,49.9080,0.000226
_16080_,VSS,Metal1,271.8065,101.2915,0.000180
_16079_,VSS,Metal1,275.7265,100.3080,0.000178
_16078_,VSS,Metal1,273.3330,252.5340,0.000445
_16077_,VSS,Metal1,266.7400,272.6090,0.000334
_16076_,VSS,Metal1,286.0800,251.5500,0.000440
_16075_,VSS,Metal1,276.0610,251.5255,0.000441
_16074_,VSS,Metal1,296.2535,291.7730,0.000374
_16073_,VSS,Metal1,1078.7665,261.5880,0.000706
_16072_,VSS,Metal1,1070.3665,271.6680,0.000189
_16071_,VSS,Metal1,1069.8065,212.1715,0.000167
_16070_,VSS,Metal1,1072.6065,232.3315,0.000478
_16069_,VSS,Metal1,856.4465,192.0115,0.000241
_16068_,VSS,Metal1,859.8065,202.0915,0.000153
_16067_,VSS,Metal1,678.3665,49.9080,0.000046
_16066_,VSS,Metal1,686.2065,40.8115,0.000249
_16065_,VSS,Metal1,941.5665,252.4915,0.000363
_16064_,VSS,Metal1,944.9265,262.5715,0.000603
_16063_,VSS,Metal1,717.5665,211.1880,0.000243
_16062_,VSS,Metal1,714.2065,212.1715,0.000243
_16061_,VSS,Metal1,776.3665,161.7715,0.000125
_16060_,VSS,Metal1,776.3665,171.8515,0.000124
_16059_,VSS,Metal1,821.1665,241.4280,0.000093
_16058_,VSS,Metal1,815.5665,232.3315,0.000116
_16057_,VSS,Metal1,569.7265,251.5080,0.000401
_16056_,VSS,Metal1,580.3665,242.4115,0.000189
_16055_,VSS,Metal1,531.6465,212.1715,0.000300
_16054_,VSS,Metal1,545.6465,221.2680,0.000415
_16053_,VSS,Metal1,450.4465,140.6280,0.000204
_16052_,VSS,Metal1,453.2465,141.6115,0.000204
_16051_,VSS,Metal1,541.1665,40.8115,0.000258
_16050_,VSS,Metal1,543.4065,30.7315,0.000293
_16049_,VSS,Metal1,377.6465,20.6515,0.000017
_16048_,VSS,Metal1,377.6465,39.8280,0.000198
_16047_,VSS,Metal1,316.0465,221.2680,0.000258
_16046_,VSS,Metal1,309.3265,222.2515,0.000265
_16045_,VSS,Metal1,316.0465,39.8280,0.000171
_16044_,VSS,Metal1,316.0465,29.7480,0.000237
_16043_,VSS,Metal1,311.0065,81.1315,0.000290
_16042_,VSS,Metal1,312.6865,91.2115,0.000261
_16041_,VSS,Metal1,320.9330,242.4540,0.000241
_16040_,VSS,Metal1,974.0465,261.5880,0.000659
_16039_,VSS,Metal1,1000.3665,261.5880,0.000680
_16038_,VSS,Metal1,983.0065,242.4115,0.000059
_16037_,VSS,Metal1,984.6865,212.1715,0.000163
_16036_,VSS,Metal1,841.3265,191.0280,0.000236
_16035_,VSS,Metal1,842.4465,201.1080,0.000150
_16034_,VSS,Metal1,720.3665,71.0515,0.000259
_16033_,VSS,Metal1,722.6065,80.1480,0.000284
_16032_,VSS,Metal1,916.9265,232.3315,0.000375
_16031_,VSS,Metal1,919.1665,242.4115,0.000082
_16030_,VSS,Metal1,705.8065,212.1715,0.000243
_16029_,VSS,Metal1,705.8065,211.1880,0.000243
_16028_,VSS,Metal1,756.7665,191.0280,0.000197
_16027_,VSS,Metal1,753.9665,192.0115,0.000197
_16026_,VSS,Metal1,806.0465,232.3315,0.000116
_16025_,VSS,Metal1,806.0465,252.4915,0.000389
_16024_,VSS,Metal1,570.8465,252.4915,0.000401
_16023_,VSS,Metal1,570.8465,262.5715,0.000272
_16022_,VSS,Metal1,512.0465,271.6680,0.000239
_16021_,VSS,Metal1,512.0465,261.5880,0.000246
_16020_,VSS,Metal1,449.3265,160.7880,0.000149
_16019_,VSS,Metal1,457.7265,160.7880,0.000141
_16018_,VSS,Metal1,541.7265,71.0515,0.000175
_16017_,VSS,Metal1,544.5265,80.1480,0.000286
_16016_,VSS,Metal1,384.9265,60.9715,0.000209
_16015_,VSS,Metal1,388.2865,80.1480,0.000340
_16014_,VSS,Metal1,334.5265,241.4280,0.000236
_16013_,VSS,Metal1,330.0465,242.4115,0.000238
_16012_,VSS,Metal1,308.7665,80.1480,0.000290
_16011_,VSS,Metal1,309.8865,70.0680,0.000162
_16010_,VSS,Metal1,296.4465,100.3080,0.000174
_16009_,VSS,Metal1,306.5265,101.2915,0.000163
_16008_,VSS,Metal1,315.0265,271.4830,0.000269
_16007_,VSS,Metal1,286.0100,281.5125,0.000382
_16006_,VSS,Metal1,289.2200,291.8260,0.000374
_16005_,VSS,Metal1,1070.3665,251.5080,0.000764
_16004_,VSS,Metal1,1070.3665,242.4115,0.000062
_16003_,VSS,Metal1,1070.3665,241.4280,0.000062
_16002_,VSS,Metal1,1070.3665,221.2680,0.000368
_16001_,VSS,Metal1,878.8465,201.1080,0.000154
_16000_,VSS,Metal1,882.2065,181.9315,0.000065
_15999_,VSS,Metal1,684.5265,30.7315,0.000302
_15998_,VSS,Metal1,678.9265,50.8915,0.000046
_15997_,VSS,Metal1,948.8465,212.1715,0.000161
_15996_,VSS,Metal1,957.2465,212.1715,0.000162
_15995_,VSS,Metal1,734.9265,201.1080,0.000161
_15994_,VSS,Metal1,745.5665,202.0915,0.000157
_15993_,VSS,Metal1,764.0465,140.6280,0.000246
_15992_,VSS,Metal1,767.4065,130.5480,0.000170
_15991_,VSS,Metal1,766.8465,192.0115,0.000196
_15990_,VSS,Metal1,790.9265,202.0915,0.000139
_15989_,VSS,Metal1,579.8065,211.1880,0.000257
_15988_,VSS,Metal1,588.2065,211.1880,0.000256
_15987_,VSS,Metal1,488.5265,231.3480,0.000242
_15986_,VSS,Metal1,491.8865,221.2680,0.000300
_15985_,VSS,Metal1,414.0465,192.0115,0.000250
_15984_,VSS,Metal1,426.3665,191.0280,0.000244
_15983_,VSS,Metal1,503.6465,29.7480,0.000276
_15982_,VSS,Metal1,521.5665,39.8280,0.000248
_15981_,VSS,Metal1,335.6465,40.8115,0.000164
_15980_,VSS,Metal1,333.9665,39.8280,0.000164
_15979_,VSS,Metal1,288.0465,221.2680,0.000278
_15978_,VSS,Metal1,276.8465,231.3480,0.000389
_15977_,VSS,Metal1,276.2865,29.7480,0.000243
_15976_,VSS,Metal1,272.3665,40.8115,0.000183
_15975_,VSS,Metal1,275.7265,120.4680,0.000177
_15974_,VSS,Metal1,280.2065,101.2915,0.000178
_15973_,VSS,Metal1,298.7065,251.2110,0.000418
_15972_,VSS,Metal1,257.4375,252.4850,0.000464
_15971_,VSS,Metal1,269.6995,271.5115,0.000333
_15970_,VSS,Metal1,284.6800,231.3800,0.000387
_15969_,VSS,Metal1,1053.5665,242.4115,0.000062
_15968_,VSS,Metal1,1061.9665,242.4115,0.000062
_15967_,VSS,Metal1,1055.8065,232.3315,0.000476
_15966_,VSS,Metal1,1064.2065,232.3315,0.000476
_15965_,VSS,Metal1,873.8065,181.9315,0.000065
_15964_,VSS,Metal1,877.1665,180.9480,0.000065
_15963_,VSS,Metal1,668.8465,39.8280,0.000248
_15962_,VSS,Metal1,678.9265,20.6515,0.000009
_15961_,VSS,Metal1,934.8465,222.2515,0.000264
_15960_,VSS,Metal1,940.4465,212.1715,0.000178
_15959_,VSS,Metal1,726.5265,212.1715,0.000243
_15958_,VSS,Metal1,737.1665,202.0915,0.000161
_15957_,VSS,Metal1,759.0065,170.8680,0.000130
_15956_,VSS,Metal1,765.1665,181.9315,0.000144
_15955_,VSS,Metal1,778.6065,181.9315,0.000114
_15954_,VSS,Metal1,795.9665,201.1080,0.000137
_15953_,VSS,Metal1,571.9665,231.3480,0.000185
_15952_,VSS,Metal1,580.3665,232.3315,0.000181
_15951_,VSS,Metal1,485.7265,211.1880,0.000257
_15950_,VSS,Metal1,494.1265,211.1880,0.000262
_15949_,VSS,Metal1,415.7265,180.9480,0.000145
_15948_,VSS,Metal1,423.5665,192.0115,0.000244
_15947_,VSS,Metal1,518.7665,40.8115,0.000248
_15946_,VSS,Metal1,512.0465,29.7480,0.000277
_15945_,VSS,Metal1,335.6465,30.7315,0.000220
_15944_,VSS,Metal1,356.3665,30.7315,0.000235
_15943_,VSS,Metal1,296.4465,212.1715,0.000223
_15942_,VSS,Metal1,296.4465,221.2680,0.000278
_15941_,VSS,Metal1,286.9265,49.9080,0.000214
_15940_,VSS,Metal1,294.7665,29.7480,0.000243
_15939_,VSS,Metal1,291.9665,121.4515,0.000172
_15938_,VSS,Metal1,296.4465,111.3715,0.000139
_15937_,VSS,Metal1,271.8265,261.2910,0.000242
_15936_,VSS,Metal1,278.1600,272.6860,0.000333
_15935_,VSS,Metal1,312.4480,251.4930,0.000417
_15934_,VSS,Metal1,283.6825,241.5160,0.000255
_15933_,VSS,Metal1,296.0765,242.4580,0.000254
_15932_,VSS,Metal1,351.3200,222.2200,0.000258
_15931_,VSS,Metal1,312.2425,312.8835,0.000554
_15930_,VSS,Metal1,278.7165,291.7815,0.000380
_15929_,VSS,Metal1,920.2865,261.5880,0.000655
_15928_,VSS,Metal1,923.0865,262.5715,0.000654
_15927_,VSS,Metal1,840.7665,251.5080,0.000390
_15926_,VSS,Metal1,842.4465,252.4915,0.000390
_15925_,VSS,Metal1,798.2065,160.7880,0.000129
_15924_,VSS,Metal1,804.9265,151.6915,0.000367
_15923_,VSS,Metal1,708.6065,80.1480,0.000295
_15922_,VSS,Metal1,711.9665,91.2115,0.000160
_15921_,VSS,Metal1,874.3665,241.4280,0.000086
_15920_,VSS,Metal1,874.9265,222.2515,0.000304
_15919_,VSS,Metal1,688.4465,252.4915,0.000576
_15918_,VSS,Metal1,697.9665,262.5715,0.000396
_15917_,VSS,Metal1,721.4865,181.9315,0.000168
_15916_,VSS,Metal1,718.6865,171.8515,0.000132
_15915_,VSS,Metal1,746.1265,262.5715,0.000454
_15914_,VSS,Metal1,762.3665,281.7480,0.000237
_15913_,VSS,Metal1,629.6465,261.5880,0.000274
_15912_,VSS,Metal1,641.9665,261.5880,0.000273
_15911_,VSS,Metal1,542.8465,261.5880,0.000262
_15910_,VSS,Metal1,551.2465,261.5880,0.000266
_15909_,VSS,Metal1,464.4465,180.9480,0.000137
_15908_,VSS,Metal1,472.8465,180.9480,0.000136
_15907_,VSS,Metal1,541.1665,101.2915,0.000144
_15906_,VSS,Metal1,543.4065,110.3880,0.000124
_15905_,VSS,Metal1,382.1265,110.3880,0.000124
_15904_,VSS,Metal1,393.8865,101.2915,0.000140
_15903_,VSS,Metal1,374.2865,191.0280,0.000295
_15902_,VSS,Metal1,383.2465,221.2680,0.000265
_15901_,VSS,Metal1,349.0865,80.1480,0.000293
_15900_,VSS,Metal1,352.4465,90.2280,0.000212
_15899_,VSS,Metal1,366.4465,141.6115,0.000222
_15898_,VSS,Metal1,374.2865,131.5315,0.000195
_15897_,VSS,Metal1,316.7065,272.8365,0.000268
_15896_,VSS,Metal1,298.1200,323.0200,0.000293
_15895_,VSS,Metal1,269.0530,241.4300,0.000270
_15894_,VSS,Metal1,883.3265,271.6680,0.000218
_15893_,VSS,Metal1,883.3265,281.7480,0.000216
_15892_,VSS,Metal1,833.4865,262.5715,0.000532
_15891_,VSS,Metal1,841.8865,262.5715,0.000532
_15890_,VSS,Metal1,795.9665,170.8680,0.000113
_15889_,VSS,Metal1,800.4465,180.9480,0.000086
_15888_,VSS,Metal1,682.8465,81.1315,0.000318
_15887_,VSS,Metal1,682.2865,91.2115,0.000162
_15886_,VSS,Metal1,864.2865,252.4915,0.000386
_15885_,VSS,Metal1,867.6465,262.5715,0.000559
_15884_,VSS,Metal1,720.3665,281.7480,0.000255
_15883_,VSS,Metal1,725.9665,252.4915,0.000517
_15882_,VSS,Metal1,708.6065,171.8515,0.000132
_15881_,VSS,Metal1,713.0865,181.9315,0.000168
_15880_,VSS,Metal1,761.2465,242.4115,0.000116
_15879_,VSS,Metal1,773.5665,261.5880,0.000446
_15878_,VSS,Metal1,612.8465,281.7480,0.000346
_15877_,VSS,Metal1,621.2465,281.7480,0.000298
_15876_,VSS,Metal1,542.8465,251.5080,0.000404
_15875_,VSS,Metal1,551.2465,251.5080,0.000404
_15874_,VSS,Metal1,480.6865,192.0115,0.000205
_15873_,VSS,Metal1,489.6465,191.0280,0.000185
_15872_,VSS,Metal1,523.8065,121.4515,0.000304
_15871_,VSS,Metal1,531.6465,101.2915,0.000144
_15870_,VSS,Metal1,386.0465,100.3080,0.000141
_15869_,VSS,Metal1,394.4465,100.3080,0.000140
_15868_,VSS,Metal1,374.8465,192.0115,0.000295
_15867_,VSS,Metal1,387.1665,192.0115,0.000272
_15866_,VSS,Metal1,327.2465,90.2280,0.000233
_15865_,VSS,Metal1,344.0465,90.2280,0.000212
_15864_,VSS,Metal1,358.0465,141.6115,0.000202
_15863_,VSS,Metal1,372.0465,130.5480,0.000195
_15862_,VSS,Metal1,309.7565,282.8880,0.000381
_15861_,VSS,Metal1,279.2800,262.6950,0.000242
_15860_,VSS,Metal1,249.5225,282.6435,0.000409
_15859_,VSS,Metal1,334.7130,262.7630,0.000237
_15858_,VSS,Metal1,897.8865,271.6680,0.000213
_15857_,VSS,Metal1,901.8065,281.7480,0.000215
_15856_,VSS,Metal1,906.2865,282.7315,0.000215
_15855_,VSS,Metal1,838.5265,231.3480,0.000161
_15854_,VSS,Metal1,854.7665,222.2515,0.000316
_15853_,VSS,Metal1,847.4865,211.1880,0.000280
_15852_,VSS,Metal1,815.5665,192.0115,0.000204
_15851_,VSS,Metal1,816.6865,201.1080,0.000145
_15850_,VSS,Metal1,825.0865,201.1080,0.000148
_15849_,VSS,Metal1,709.1665,121.4515,0.000236
_15848_,VSS,Metal1,718.6865,111.3715,0.000132
_15847_,VSS,Metal1,725.9665,120.4680,0.000231
_15846_,VSS,Metal1,884.4465,221.2680,0.000301
_15845_,VSS,Metal1,866.5265,222.2515,0.000308
_15844_,VSS,Metal1,891.1665,231.3480,0.000373
_15843_,VSS,Metal1,680.0465,261.5880,0.000365
_15842_,VSS,Metal1,680.0465,272.6515,0.000248
_15841_,VSS,Metal1,689.0065,261.5880,0.000383
_15840_,VSS,Metal1,708.0465,150.7080,0.000384
_15839_,VSS,Metal1,717.5665,140.6280,0.000254
_15838_,VSS,Metal1,725.9665,140.6280,0.000254
_15837_,VSS,Metal1,781.4065,271.6680,0.000213
_15836_,VSS,Metal1,784.7665,272.6515,0.000212
_15835_,VSS,Metal1,795.9665,261.5880,0.000435
_15834_,VSS,Metal1,650.3665,261.5880,0.000274
_15833_,VSS,Metal1,658.7665,262.5715,0.000296
_15832_,VSS,Metal1,648.6865,271.6680,0.000223
_15831_,VSS,Metal1,531.6465,262.5715,0.000251
_15830_,VSS,Metal1,543.9665,262.5715,0.000262
_15829_,VSS,Metal1,552.3665,262.5715,0.000266
_15828_,VSS,Metal1,472.8465,171.8515,0.000153
_15827_,VSS,Metal1,492.4465,161.7715,0.000098
_15826_,VSS,Metal1,496.9265,170.8680,0.000147
_15825_,VSS,Metal1,521.5665,120.4680,0.000304
_15824_,VSS,Metal1,530.5265,120.4680,0.000301
_15823_,VSS,Metal1,538.9265,120.4680,0.000297
_15822_,VSS,Metal1,389.4065,111.3715,0.000125
_15821_,VSS,Metal1,394.4465,130.5480,0.000192
_15820_,VSS,Metal1,403.9665,130.5480,0.000189
_15819_,VSS,Metal1,388.8465,212.1715,0.000218
_15818_,VSS,Metal1,392.7665,211.1880,0.000220
_15817_,VSS,Metal1,394.4465,201.1080,0.000256
_15816_,VSS,Metal1,337.3265,110.3880,0.000115
_15815_,VSS,Metal1,345.7265,110.3880,0.000117
_15814_,VSS,Metal1,354.1265,110.3880,0.000119
_15813_,VSS,Metal1,365.3265,121.4515,0.000206
_15812_,VSS,Metal1,374.8465,141.6115,0.000222
_15811_,VSS,Metal1,381.0065,130.5480,0.000194
_15810_,VSS,Metal1,329.3565,281.5915,0.000380
_15809_,VSS,Metal1,324.1400,311.9950,0.000532
_15808_,VSS,Metal1,310.1100,291.6180,0.000357
_15807_,VSS,Metal1,254.0650,333.2830,0.000492
_15806_,VSS,Metal1,331.9300,252.6350,0.000402
_15805_,VSS,Metal1,282.0900,252.5460,0.000440
_15804_,VSS,Metal1,918.0465,281.7480,0.000213
_15803_,VSS,Metal1,926.4465,281.7480,0.000213
_15802_,VSS,Metal1,923.6465,282.7315,0.000213
_15801_,VSS,Metal1,857.2600,281.7550,0.000218
_15800_,VSS,Metal1,846.9265,231.3480,0.000166
_15799_,VSS,Metal1,853.0865,221.2680,0.000316
_15798_,VSS,Metal1,854.7665,212.1715,0.000275
_15797_,VSS,Metal1,824.2200,272.6450,0.000207
_15796_,VSS,Metal1,815.5665,151.6915,0.000379
_15795_,VSS,Metal1,815.5665,161.7715,0.000130
_15794_,VSS,Metal1,823.4065,160.7880,0.000135
_15793_,VSS,Metal1,794.5400,272.6450,0.000188
_15792_,VSS,Metal1,706.9265,110.3880,0.000133
_15791_,VSS,Metal1,717.5665,120.4680,0.000233
_15790_,VSS,Metal1,717.5665,121.4515,0.000233
_15789_,VSS,Metal1,692.6200,281.7550,0.000264
_15788_,VSS,Metal1,876.0465,221.2680,0.000304
_15787_,VSS,Metal1,883.3265,222.2515,0.000301
_15786_,VSS,Metal1,893.9665,222.2515,0.000296
_15785_,VSS,Metal1,853.9000,272.6450,0.000211
_15784_,VSS,Metal1,695.1665,271.6680,0.000244
_15783_,VSS,Metal1,688.4465,272.6515,0.000248
_15782_,VSS,Metal1,697.9665,272.6515,0.000244
_15781_,VSS,Metal1,688.4200,281.7135,0.000264
_15780_,VSS,Metal1,717.5665,150.7080,0.000384
_15779_,VSS,Metal1,725.9665,150.7080,0.000385
_15778_,VSS,Metal1,727.0865,141.6115,0.000254
_15777_,VSS,Metal1,726.7800,281.7550,0.000250
_15776_,VSS,Metal1,766.8465,272.6515,0.000217
_15775_,VSS,Metal1,776.3665,272.6515,0.000216
_15774_,VSS,Metal1,775.2465,281.7480,0.000212
_15773_,VSS,Metal1,756.1800,281.7135,0.000239
_15772_,VSS,Metal1,619.5665,272.6515,0.000244
_15771_,VSS,Metal1,627.9665,272.6515,0.000229
_15770_,VSS,Metal1,627.9665,271.6680,0.000229
_15769_,VSS,Metal1,580.9000,282.7660,0.000397
_15768_,VSS,Metal1,251.1330,281.7500,0.000408
_15767_,VSS,Metal1,218.0465,262.5715,0.000251
_15766_,VSS,Metal1,531.6465,272.6515,0.000249
_15765_,VSS,Metal1,547.8865,281.7480,0.000410
_15764_,VSS,Metal1,551.8065,272.6515,0.000252
_15763_,VSS,Metal1,472.8465,271.6680,0.000222
_15762_,VSS,Metal1,229.2465,271.6680,0.000343
_15761_,VSS,Metal1,487.9665,160.7880,0.000098
_15760_,VSS,Metal1,501.9665,171.8515,0.000148
_15759_,VSS,Metal1,488.5265,170.8680,0.000142
_15758_,VSS,Metal1,472.2865,241.4280,0.000188
_15757_,VSS,Metal1,213.0065,222.2515,0.000314
_15756_,VSS,Metal1,524.9265,100.3080,0.000143
_15755_,VSS,Metal1,531.6465,111.3715,0.000124
_15754_,VSS,Metal1,541.1665,111.3715,0.000124
_15753_,VSS,Metal1,548.4465,241.4280,0.000195
_15752_,VSS,Metal1,197.8865,232.3315,0.000413
_15751_,VSS,Metal1,390.5265,110.3880,0.000125
_15750_,VSS,Metal1,397.8065,111.3715,0.000126
_15749_,VSS,Metal1,401.1665,121.4515,0.000234
_15748_,VSS,Metal1,348.5265,252.4915,0.000417
_15747_,VSS,Metal1,178.8465,252.4915,0.000533
_15746_,VSS,Metal1,374.8465,212.1715,0.000210
_15745_,VSS,Metal1,385.4865,191.0280,0.000272
_15744_,VSS,Metal1,386.0465,201.1080,0.000256
_15743_,VSS,Metal1,305.9665,242.4115,0.000242
_15742_,VSS,Metal1,227.5665,232.3315,0.000418
_15741_,VSS,Metal1,349.0865,91.2115,0.000212
_15740_,VSS,Metal1,354.1265,100.3080,0.000149
_15739_,VSS,Metal1,354.6865,111.3715,0.000119
_15738_,VSS,Metal1,272.3665,232.3315,0.000390
_15737_,VSS,Metal1,189.4865,222.2515,0.000318
_15736_,VSS,Metal1,386.0465,131.5315,0.000193
_15735_,VSS,Metal1,389.4065,141.6115,0.000226
_15734_,VSS,Metal1,383.2465,150.7080,0.000177
_15733_,VSS,Metal1,266.7665,251.5080,0.000446
_15732_,VSS,Metal1,188.3665,242.4115,0.000353
_15731_,VSS,Metal1,326.4935,272.7065,0.000254
_15730_,VSS,Metal1,327.3625,252.4035,0.000404
_15729_,VSS,Metal1,383.7800,292.7690,0.000351
_15728_,VSS,Metal1,317.7730,302.8900,0.000307
_15727_,VSS,Metal1,285.4365,302.9380,0.000375
_15726_,VSS,Metal1,295.8040,301.7310,0.000358
_15725_,VSS,Metal1,303.9465,262.6965,0.000239
_15724_,VSS,Metal1,258.2675,282.6435,0.000400
_15723_,VSS,Metal1,258.2675,291.9160,0.000389
_15722_,VSS,Metal1,284.3050,343.3630,0.000286
_15721_,VSS,Metal1,309.1965,323.2080,0.000293
_15720_,VSS,Metal1,276.2600,322.0335,0.000312
_15719_,VSS,Metal1,303.9175,302.8850,0.000347
_15718_,VSS,Metal1,313.8130,292.9290,0.000357
_15717_,VSS,Metal1,302.5900,312.0760,0.000576
_15716_,VSS,Metal1,286.6200,322.0660,0.000305
_15715_,VSS,Metal1,289.5400,312.0430,0.000615
_15714_,VSS,Metal1,265.8250,321.9165,0.000312
_15713_,VSS,Metal1,288.8200,323.1650,0.000305
_15712_,VSS,Metal1,292.7560,313.1150,0.000614
_15711_,VSS,Metal1,298.2425,312.8835,0.000604
_15710_,VSS,Metal1,254.6250,211.0365,0.000238
_15709_,VSS,Metal1,304.4900,212.3150,0.000217
_15708_,VSS,Metal1,271.2665,281.4510,0.000384
_15707_,VSS,Metal1,218.0465,282.7315,0.000411
_15706_,VSS,Metal1,259.4800,251.5400,0.000463
_15705_,VSS,Metal1,267.5200,302.9260,0.000415
_15704_,VSS,Metal1,274.4200,301.9630,0.000400
_15703_,VSS,Metal1,255.3330,272.8065,0.000335
_15702_,VSS,Metal1,227.0065,281.7480,0.000412
_15701_,VSS,Metal1,253.2275,291.9160,0.000400
_15700_,VSS,Metal1,207.0250,262.7230,0.000250
_15699_,VSS,Metal1,265.3000,282.8450,0.000384
_15698_,VSS,Metal1,295.5465,311.8630,0.000612
_15697_,VSS,Metal1,237.4930,332.1055,0.000495
_15696_,VSS,Metal1,282.2535,323.1065,0.000307
_15695_,VSS,Metal1,252.9600,301.8735,0.000421
_15694_,VSS,Metal1,248.0480,332.1330,0.000492
_15693_,VSS,Metal1,250.3400,342.2830,0.000300
_15692_,VSS,Metal1,254.2930,312.9700,0.000639
_15691_,VSS,Metal1,241.0065,292.8115,0.000412
_15690_,VSS,Metal1,237.6465,311.9880,0.000647
_15689_,VSS,Metal1,248.2600,291.8705,0.000400
_15688_,VSS,Metal1,294.7320,262.6265,0.000242
_15687_,VSS,Metal1,271.3550,291.6185,0.000380
_15686_,VSS,Metal1,244.1330,282.8865,0.000409
_15685_,VSS,Metal1,232.0465,282.7315,0.000413
_15684_,VSS,Metal1,172.1730,311.9900,0.000615
_15683_,VSS,Metal1,263.0250,301.7565,0.000415
_15682_,VSS,Metal1,264.5200,291.8600,0.000382
_15681_,VSS,Metal1,294.6365,303.0480,0.000358
_15680_,VSS,Metal1,251.6530,303.0090,0.000421
_15679_,VSS,Metal1,247.7000,322.1105,0.000332
_15678_,VSS,Metal1,264.1865,323.1765,0.000312
_15677_,VSS,Metal1,258.9000,312.9135,0.000619
_15676_,VSS,Metal1,268.5625,322.9635,0.000312
_15675_,VSS,Metal1,252.6675,322.1560,0.000331
_15674_,VSS,Metal1,255.2265,323.1765,0.000327
_15673_,VSS,Metal1,259.4600,302.8335,0.000415
_15672_,VSS,Metal1,268.0025,332.2360,0.000451
_15671_,VSS,Metal1,246.2500,301.6725,0.000422
_15670_,VSS,Metal1,251.2730,293.0030,0.000400
_15669_,VSS,Metal1,270.5875,333.0435,0.000448
_15668_,VSS,Metal1,687.8865,130.5480,0.000171
_15667_,VSS,Metal1,629.6465,29.7480,0.000279
_15666_,VSS,Metal1,681.7265,192.0115,0.000175
_15665_,VSS,Metal1,678.3665,100.3080,0.000128
_15664_,VSS,Metal1,668.8465,80.1480,0.000322
_15663_,VSS,Metal1,629.6465,100.3080,0.000124
_15662_,VSS,Metal1,628.5265,39.8280,0.000221
_15661_,VSS,Metal1,645.3265,40.8115,0.000233
_15660_,VSS,Metal1,521.5665,191.0280,0.000168
_15659_,VSS,Metal1,414.0465,81.1315,0.000335
_15658_,VSS,Metal1,235.9665,30.7315,0.000229
_15657_,VSS,Metal1,247.1665,221.2680,0.000293
_15656_,VSS,Metal1,250.5265,29.7480,0.000239
_15655_,VSS,Metal1,251.6465,131.5315,0.000360
_15654_,VSS,Metal1,249.4065,241.4280,0.000311
_15653_,VSS,Metal1,680.0465,111.3715,0.000125
_15652_,VSS,Metal1,620.1265,60.9715,0.000346
_15651_,VSS,Metal1,680.6065,191.0280,0.000175
_15650_,VSS,Metal1,649.2465,91.2115,0.000150
_15649_,VSS,Metal1,662.1265,70.0680,0.000207
_15648_,VSS,Metal1,625.7265,81.1315,0.000270
_15647_,VSS,Metal1,621.2465,49.9080,0.000054
_15646_,VSS,Metal1,647.0065,20.6515,0.000007
_15645_,VSS,Metal1,521.5665,180.9480,0.000162
_15644_,VSS,Metal1,237.6465,100.3080,0.000209
_15643_,VSS,Metal1,218.0465,40.8115,0.000169
_15642_,VSS,Metal1,234.2865,201.1080,0.000330
_15641_,VSS,Metal1,217.4865,49.9080,0.000266
_15640_,VSS,Metal1,252.7665,150.7080,0.000197
_15639_,VSS,Metal1,239.3265,232.3315,0.000410
_15638_,VSS,Metal1,686.2065,212.1715,0.000243
_15637_,VSS,Metal1,686.7665,170.8680,0.000137
_15636_,VSS,Metal1,658.7665,40.8115,0.000235
_15635_,VSS,Metal1,649.2465,232.3315,0.000133
_15634_,VSS,Metal1,686.7665,231.3480,0.000134
_15633_,VSS,Metal1,688.4465,141.6115,0.000245
_15632_,VSS,Metal1,601.0865,191.0280,0.000134
_15631_,VSS,Metal1,607.8065,212.1715,0.000236
_15630_,VSS,Metal1,266.7665,222.2515,0.000292
_15629_,VSS,Metal1,247.1665,170.8680,0.000403
_15628_,VSS,Metal1,249.4065,80.1480,0.000265
_15627_,VSS,Metal1,255.0065,40.8115,0.000182
_15626_,VSS,Metal1,266.7665,192.0115,0.000432
_15625_,VSS,Metal1,237.6465,49.9080,0.000277
_15624_,VSS,Metal1,237.6465,120.4680,0.000187
_15623_,VSS,Metal1,683.9665,201.1080,0.000168
_15622_,VSS,Metal1,667.7265,160.7880,0.000120
_15621_,VSS,Metal1,658.7665,60.9715,0.000312
_15620_,VSS,Metal1,639.1665,231.3480,0.000130
_15619_,VSS,Metal1,679.4865,221.2680,0.000408
_15618_,VSS,Metal1,679.4865,130.5480,0.000171
_15617_,VSS,Metal1,610.0465,171.8515,0.000139
_15616_,VSS,Metal1,612.8465,221.2680,0.000430
_15615_,VSS,Metal1,266.7665,212.1715,0.000236
_15614_,VSS,Metal1,244.3665,171.8515,0.000404
_15613_,VSS,Metal1,227.5665,30.7315,0.000222
_15612_,VSS,Metal1,251.0865,70.0680,0.000212
_15611_,VSS,Metal1,257.2465,181.9315,0.000164
_15610_,VSS,Metal1,237.6465,29.7480,0.000229
_15609_,VSS,Metal1,247.1665,120.4680,0.000187
_15608_,VSS,Metal1,682.8465,161.7715,0.000123
_15607_,VSS,Metal1,678.3665,150.7080,0.000365
_15606_,VSS,Metal1,678.3665,231.3480,0.000134
_15605_,VSS,Metal1,321.2650,313.1230,0.000532
_15604_,VSS,Metal1,663.2465,251.5080,0.000527
_15603_,VSS,Metal1,326.3130,323.2430,0.000282
_15602_,VSS,Metal1,288.2800,331.9875,0.000440
_15601_,VSS,Metal1,254.1065,282.8565,0.000408
_15600_,VSS,Metal1,267.5600,313.2455,0.000617
_15599_,VSS,Metal1,283.2100,333.2750,0.000441
_15598_,VSS,Metal1,275.1400,323.0090,0.000312
_15597_,VSS,Metal1,272.7730,332.1500,0.000448
_15596_,VSS,Metal1,275.9465,333.2565,0.000447
_15595_,VSS,Metal1,272.4825,343.1235,0.000290
_15594_,VSS,Metal1,159.3465,313.1565,0.000638
_15593_,VSS,Metal1,56.2065,544.8115,0.000407
_15592_,VSS,Metal1,53.0500,533.6050,0.000506
_15591_,VSS,Metal1,173.2200,322.0335,0.000445
_15590_,VSS,Metal1,177.8425,302.8035,0.000455
_15589_,VSS,Metal1,194.0825,353.2035,0.000550
_15588_,VSS,Metal1,190.1625,353.2035,0.000550
_15587_,VSS,Metal1,197.3200,352.3400,0.000552
_15586_,VSS,Metal1,172.2425,372.5560,0.000266
_15585_,VSS,Metal1,173.3625,373.3635,0.000266
_15584_,VSS,Metal1,181.6400,372.5000,0.000256
_15583_,VSS,Metal1,180.6425,343.1235,0.000293
_15582_,VSS,Metal1,181.7625,352.3960,0.000532
_15581_,VSS,Metal1,174.9200,343.1800,0.000292
_15580_,VSS,Metal1,298.1000,393.6460,0.000448
_15579_,VSS,Metal1,306.6425,464.0835,0.000403
_15578_,VSS,Metal1,134.1625,221.3560,0.000337
_15577_,VSS,Metal1,131.3625,221.3560,0.000338
_15576_,VSS,Metal1,138.5200,221.3000,0.000336
_15575_,VSS,Metal1,114.0025,352.3960,0.000560
_15574_,VSS,Metal1,108.9625,343.1235,0.000338
_15573_,VSS,Metal1,112.7665,615.3715,0.000387
_15572_,VSS,Metal1,116.6865,362.3880,0.000573
_15571_,VSS,Metal1,459.9400,383.4735,0.000481
_15570_,VSS,Metal1,449.9230,383.5780,0.000481
_15569_,VSS,Metal1,442.0830,392.5815,0.000592
_15568_,VSS,Metal1,441.3875,383.4435,0.000491
_15567_,VSS,Metal1,444.4025,382.6360,0.000488
_15566_,VSS,Metal1,449.3000,392.5935,0.000592
_15565_,VSS,Metal1,432.5000,403.7260,0.000507
_15564_,VSS,Metal1,421.4425,392.7160,0.000596
_15563_,VSS,Metal1,435.8600,383.5660,0.000495
_15562_,VSS,Metal1,405.6200,393.5535,0.000593
_15561_,VSS,Metal1,412.5600,383.5660,0.000497
_15560_,VSS,Metal1,409.4675,393.5235,0.000593
_15559_,VSS,Metal1,414.8265,393.7365,0.000593
_15558_,VSS,Metal1,327.2200,383.5660,0.000401
_15557_,VSS,Metal1,265.8375,383.5250,0.000319
_15556_,VSS,Metal1,271.3625,383.4435,0.000323
_15555_,VSS,Metal1,270.8800,373.4860,0.000255
_15554_,VSS,Metal1,62.5800,494.5250,0.000279
_15553_,VSS,Metal1,62.5800,514.6850,0.000226
_15552_,VSS,Metal1,69.3000,504.6050,0.000441
_15551_,VSS,Metal1,63.7000,493.3150,0.000279
_15550_,VSS,Metal1,74.9000,504.6050,0.000441
_15549_,VSS,Metal1,71.6480,383.5470,0.000202
_15548_,VSS,Metal1,68.6425,382.6360,0.000202
_15547_,VSS,Metal1,80.9625,363.2835,0.000564
_15546_,VSS,Metal1,73.2265,382.4230,0.000202
_15545_,VSS,Metal1,90.3665,563.9880,0.000390
_15544_,VSS,Metal1,113.8865,534.7315,0.000548
_15543_,VSS,Metal1,118.3665,553.9080,0.000494
_15542_,VSS,Metal1,114.4465,554.8915,0.000496
_15541_,VSS,Metal1,90.9265,513.5880,0.000238
_15540_,VSS,Metal1,90.3665,553.9080,0.000504
_15539_,VSS,Metal1,80.8465,594.2280,0.000584
_15538_,VSS,Metal1,100.4465,585.1315,0.000482
_15537_,VSS,Metal1,664.3665,432.9480,0.000428
_15536_,VSS,Metal1,680.0465,412.7880,0.000386
_15535_,VSS,Metal1,680.0465,281.7480,0.000263
_15534_,VSS,Metal1,681.7265,301.9080,0.000495
_15533_,VSS,Metal1,667.1665,282.7315,0.000258
_15532_,VSS,Metal1,658.7665,292.8115,0.000376
_15531_,VSS,Metal1,609.4865,423.8515,0.000316
_15530_,VSS,Metal1,563.0065,281.7480,0.000411
_15529_,VSS,Metal1,132.1410,353.2740,0.000560
_15528_,VSS,Metal1,94.2865,625.4515,0.000367
_15527_,VSS,Metal1,120.0465,543.8280,0.000398
_15526_,VSS,Metal1,131.2465,564.9715,0.000390
_15525_,VSS,Metal1,101.0065,584.1480,0.000482
_15524_,VSS,Metal1,80.8465,533.7480,0.000553
_15523_,VSS,Metal1,80.8465,584.1480,0.000478
_15522_,VSS,Metal1,80.8465,604.3080,0.000242
_15521_,VSS,Metal1,122.2865,615.3715,0.000387
_15520_,VSS,Metal1,97.0865,624.4680,0.000367
_15519_,VSS,Metal1,130.6865,543.8280,0.000396
_15518_,VSS,Metal1,130.1265,553.9080,0.000487
_15517_,VSS,Metal1,116.6865,585.1315,0.000484
_15516_,VSS,Metal1,98.2065,543.8280,0.000399
_15515_,VSS,Metal1,90.3665,574.0680,0.000466
_15514_,VSS,Metal1,90.3665,604.3080,0.000242
_15513_,VSS,Metal1,129.5665,604.3080,0.000233
_15512_,VSS,Metal1,662.1265,433.9315,0.000428
_15511_,VSS,Metal1,682.2865,403.6915,0.000390
_15510_,VSS,Metal1,680.6065,282.7315,0.000263
_15509_,VSS,Metal1,681.1665,312.9715,0.000383
_15508_,VSS,Metal1,658.7665,282.7315,0.000258
_15507_,VSS,Metal1,658.7665,302.8915,0.000468
_15506_,VSS,Metal1,604.4465,444.0115,0.000314
_15505_,VSS,Metal1,561.3265,282.7315,0.000411
_15504_,VSS,Metal1,623.4865,311.9880,0.000387
_15503_,VSS,Metal1,423.5665,323.0515,0.000268
_15502_,VSS,Metal1,405.6465,362.3880,0.000566
_15501_,VSS,Metal1,374.8465,323.0515,0.000275
_15500_,VSS,Metal1,197.3265,323.0515,0.000440
_15499_,VSS,Metal1,153.0865,322.0680,0.000463
_15498_,VSS,Metal1,151.4065,393.6115,0.000224
_15497_,VSS,Metal1,218.6065,342.2280,0.000304
_15496_,VSS,Metal1,168.7665,523.6680,0.000309
_15495_,VSS,Metal1,149.7265,524.6515,0.000360
_15494_,VSS,Metal1,135.1665,533.7480,0.000545
_15493_,VSS,Metal1,154.7665,503.5080,0.000449
_15492_,VSS,Metal1,159.2465,493.4280,0.000382
_15491_,VSS,Metal1,149.1665,464.1715,0.000307
_15490_,VSS,Metal1,159.2465,543.8280,0.000378
_15489_,VSS,Metal1,169.3265,473.2680,0.000409
_15488_,VSS,Metal1,115.9730,373.4940,0.000320
_15487_,VSS,Metal1,16.1065,343.3365,0.000293
_15486_,VSS,Metal1,22.1050,343.3210,0.000292
_15485_,VSS,Metal1,22.7975,332.1550,0.000586
_15484_,VSS,Metal1,31.5665,333.1315,0.000606
_15483_,VSS,Metal1,42.2065,333.1315,0.000652
_15482_,VSS,Metal1,37.4200,342.2225,0.000295
_15481_,VSS,Metal1,35.0425,332.2360,0.000615
_15480_,VSS,Metal1,33.3625,322.9635,0.000326
_15479_,VSS,Metal1,11.0665,311.8630,0.000536
_15478_,VSS,Metal1,20.9850,292.9210,0.000378
_15477_,VSS,Metal1,16.1000,311.8750,0.000535
_15476_,VSS,Metal1,18.2425,322.1560,0.000306
_15475_,VSS,Metal1,17.4675,312.8835,0.000535
_15474_,VSS,Metal1,22.1625,322.1560,0.000306
_15473_,VSS,Metal1,31.5665,302.8915,0.000479
_15472_,VSS,Metal1,41.6200,311.9535,0.000662
_15471_,VSS,Metal1,37.8425,312.8835,0.000632
_15470_,VSS,Metal1,32.1850,313.0810,0.000534
_15469_,VSS,Metal1,26.7465,321.9430,0.000304
_15468_,VSS,Metal1,23.3800,363.4850,0.000342
_15467_,VSS,Metal1,18.3465,363.4965,0.000342
_15466_,VSS,Metal1,35.7000,362.2750,0.000353
_15465_,VSS,Metal1,29.4425,322.9635,0.000310
_15464_,VSS,Metal1,29.5800,343.2175,0.000292
_15463_,VSS,Metal1,30.4200,322.1260,0.000310
_15462_,VSS,Metal1,30.0900,332.0975,0.000606
_15461_,VSS,Metal1,18.3465,332.0230,0.000586
_15460_,VSS,Metal1,12.0250,342.1185,0.000293
_15459_,VSS,Metal1,22.7225,322.9635,0.000306
_15458_,VSS,Metal1,33.4665,352.1830,0.000341
_15457_,VSS,Metal1,51.7265,333.1315,0.000696
_15456_,VSS,Metal1,58.1400,333.1375,0.000703
_15455_,VSS,Metal1,51.6275,343.1235,0.000324
_15454_,VSS,Metal1,46.6500,343.2015,0.000320
_15453_,VSS,Metal1,30.9800,363.4060,0.000342
_15452_,VSS,Metal1,34.8275,363.2835,0.000353
_15451_,VSS,Metal1,52.5000,353.4050,0.000414
_15450_,VSS,Metal1,43.5465,271.5430,0.000432
_15449_,VSS,Metal1,54.5850,271.5585,0.000445
_15448_,VSS,Metal1,55.2025,281.8360,0.000451
_15447_,VSS,Metal1,21.6025,262.4835,0.000201
_15446_,VSS,Metal1,53.6000,272.6860,0.000445
_15445_,VSS,Metal1,58.9075,292.7235,0.000459
_15444_,VSS,Metal1,38.9625,271.7560,0.000429
_15443_,VSS,Metal1,45.9730,272.6500,0.000432
_15442_,VSS,Metal1,33.7800,262.6060,0.000217
_15441_,VSS,Metal1,28.8825,272.5635,0.000410
_15440_,VSS,Metal1,20.5865,232.4565,0.000443
_15439_,VSS,Metal1,18.0200,251.5485,0.000400
_15438_,VSS,Metal1,16.1065,252.6165,0.000401
_15437_,VSS,Metal1,21.9400,252.4510,0.000398
_15436_,VSS,Metal1,24.6930,261.5900,0.000201
_15435_,VSS,Metal1,12.1865,251.3830,0.000401
_15434_,VSS,Metal1,54.1865,301.7830,0.000697
_15433_,VSS,Metal1,30.7000,252.4975,0.000395
_15432_,VSS,Metal1,42.3225,252.4035,0.000404
_15431_,VSS,Metal1,37.9400,252.6050,0.000395
_15430_,VSS,Metal1,35.0425,261.6760,0.000217
_15429_,VSS,Metal1,30.4100,261.5980,0.000216
_15428_,VSS,Metal1,22.0465,282.7315,0.000325
_15427_,VSS,Metal1,33.8430,291.7815,0.000379
_15426_,VSS,Metal1,35.1400,272.7650,0.000422
_15425_,VSS,Metal1,32.0900,271.6780,0.000421
_15424_,VSS,Metal1,46.1000,302.8335,0.000517
_15423_,VSS,Metal1,56.1075,312.8835,0.000670
_15422_,VSS,Metal1,31.5665,282.7315,0.000325
_15421_,VSS,Metal1,40.0030,291.7815,0.000381
_15420_,VSS,Metal1,39.3900,282.6435,0.000354
_15419_,VSS,Metal1,45.5400,282.7660,0.000375
_15418_,VSS,Metal1,39.2200,281.8030,0.000354
_15417_,VSS,Metal1,72.4465,282.7315,0.000477
_15416_,VSS,Metal1,80.5400,301.9025,0.000705
_15415_,VSS,Metal1,78.7225,292.7235,0.000510
_15414_,VSS,Metal1,73.4600,291.8685,0.000498
_15413_,VSS,Metal1,60.9400,282.7375,0.000465
_15412_,VSS,Metal1,61.9225,291.9160,0.000469
_15411_,VSS,Metal1,74.0275,302.8035,0.000706
_15410_,VSS,Metal1,67.6265,291.7030,0.000485
_15409_,VSS,Metal1,78.7225,302.8035,0.000705
_15408_,VSS,Metal1,51.1665,372.4680,0.000319
_15407_,VSS,Metal1,51.3800,321.9550,0.000444
_15406_,VSS,Metal1,54.7400,362.2750,0.000372
_15405_,VSS,Metal1,128.9800,372.4335,0.000313
_15404_,VSS,Metal1,115.2000,323.0860,0.000494
_15403_,VSS,Metal1,61.4665,313.0965,0.000670
_15402_,VSS,Metal1,62.5800,363.4850,0.000381
_15401_,VSS,Metal1,72.4830,332.1015,0.000708
_15400_,VSS,Metal1,68.1865,442.8430,0.000246
_15399_,VSS,Metal1,30.3475,484.2435,0.000260
_15398_,VSS,Metal1,36.8100,484.3825,0.000277
_15397_,VSS,Metal1,29.1730,493.4300,0.000209
_15396_,VSS,Metal1,71.0200,432.9425,0.000252
_15395_,VSS,Metal1,61.2465,625.4515,0.000385
_15394_,VSS,Metal1,18.6600,594.1935,0.000449
_15393_,VSS,Metal1,19.3625,595.1235,0.000449
_15392_,VSS,Metal1,20.3400,604.2735,0.000226
_15391_,VSS,Metal1,23.2825,595.1235,0.000449
_15390_,VSS,Metal1,16.9800,574.0335,0.000370
_15389_,VSS,Metal1,18.2425,564.8835,0.000297
_15388_,VSS,Metal1,14.7400,604.2735,0.000226
_15387_,VSS,Metal1,15.4425,595.1235,0.000449
_15386_,VSS,Metal1,19.7800,534.7660,0.000433
_15385_,VSS,Metal1,18.2425,554.8035,0.000425
_15384_,VSS,Metal1,14.1800,534.7660,0.000433
_15383_,VSS,Metal1,18.2425,533.8360,0.000433
_15382_,VSS,Metal1,43.8600,604.2735,0.000238
_15381_,VSS,Metal1,50.1625,594.3160,0.000532
_15380_,VSS,Metal1,59.1225,454.0035,0.000346
_15379_,VSS,Metal1,63.0425,454.0035,0.000345
_15378_,VSS,Metal1,63.4600,444.0460,0.000242
_15377_,VSS,Metal1,77.4600,433.9660,0.000269
_15376_,VSS,Metal1,51.2825,463.2760,0.000241
_15375_,VSS,Metal1,68.7465,454.2165,0.000345
_15374_,VSS,Metal1,43.4425,443.1160,0.000204
_15373_,VSS,Metal1,48.8275,443.1160,0.000204
_15372_,VSS,Metal1,59.0065,413.7715,0.000455
_15371_,VSS,Metal1,76.0200,393.7250,0.000205
_15370_,VSS,Metal1,68.2200,402.7025,0.000283
_15369_,VSS,Metal1,41.3400,402.7025,0.000249
_15368_,VSS,Metal1,51.8425,392.7160,0.000194
_15367_,VSS,Metal1,57.7800,392.6685,0.000194
_15366_,VSS,Metal1,41.9000,403.6975,0.000249
_15365_,VSS,Metal1,52.4025,413.6835,0.000453
_15364_,VSS,Metal1,53.4650,412.6785,0.000453
_15363_,VSS,Metal1,58.4200,422.9260,0.000612
_15362_,VSS,Metal1,69.6830,413.8180,0.000456
_15361_,VSS,Metal1,66.5065,422.7430,0.000652
_15360_,VSS,Metal1,61.9225,422.9560,0.000637
_15359_,VSS,Metal1,62.9000,423.8860,0.000637
_15358_,VSS,Metal1,35.4865,494.4115,0.000216
_15357_,VSS,Metal1,28.8825,494.3235,0.000209
_15356_,VSS,Metal1,34.0265,523.5430,0.000322
_15355_,VSS,Metal1,37.0130,514.5700,0.000214
_15354_,VSS,Metal1,32.6600,514.6060,0.000214
_15353_,VSS,Metal1,29.3000,523.6335,0.000307
_15352_,VSS,Metal1,42.6675,513.6760,0.000218
_15351_,VSS,Metal1,18.9000,494.5250,0.000186
_15350_,VSS,Metal1,20.9000,514.6060,0.000214
_15349_,VSS,Metal1,17.9400,513.6430,0.000214
_15348_,VSS,Metal1,14.1800,494.4460,0.000186
_15347_,VSS,Metal1,23.2825,494.3235,0.000186
_15346_,VSS,Metal1,12.6425,483.4360,0.000245
_15345_,VSS,Metal1,19.2300,493.5160,0.000186
_15344_,VSS,Metal1,28.1075,483.4360,0.000249
_15343_,VSS,Metal1,23.9465,484.4565,0.000245
_15342_,VSS,Metal1,22.5800,483.3135,0.000245
_15341_,VSS,Metal1,13.8665,464.2965,0.000212
_15340_,VSS,Metal1,19.8650,464.2810,0.000212
_15339_,VSS,Metal1,28.1800,463.1535,0.000219
_15338_,VSS,Metal1,16.5625,483.4360,0.000245
_15337_,VSS,Metal1,32.1630,474.2980,0.000509
_15336_,VSS,Metal1,42.4265,484.4565,0.000279
_15335_,VSS,Metal1,41.6465,483.3480,0.000279
_15334_,VSS,Metal1,34.5800,483.2350,0.000276
_15333_,VSS,Metal1,38.5000,463.0750,0.000221
_15332_,VSS,Metal1,33.7900,392.7160,0.000159
_15331_,VSS,Metal1,18.2425,383.4435,0.000114
_15330_,VSS,Metal1,30.9800,393.6460,0.000159
_15329_,VSS,Metal1,24.2600,383.5660,0.000114
_15328_,VSS,Metal1,10.5065,402.5830,0.000228
_15327_,VSS,Metal1,21.9400,403.6510,0.000228
_15326_,VSS,Metal1,15.5400,403.8050,0.000228
_15325_,VSS,Metal1,25.9400,412.7535,0.000339
_15324_,VSS,Metal1,20.3400,412.8460,0.000339
_15323_,VSS,Metal1,29.7330,403.6900,0.000228
_15322_,VSS,Metal1,38.2600,433.9660,0.000203
_15321_,VSS,Metal1,31.7600,423.8860,0.000429
_15320_,VSS,Metal1,17.6825,413.6835,0.000339
_15319_,VSS,Metal1,19.8650,432.8385,0.000204
_15318_,VSS,Metal1,14.8825,443.1160,0.000183
_15317_,VSS,Metal1,30.8200,433.8765,0.000203
_15316_,VSS,Metal1,23.9200,444.0460,0.000182
_15315_,VSS,Metal1,31.7600,444.0460,0.000183
_15314_,VSS,Metal1,26.9875,453.1960,0.000276
_15313_,VSS,Metal1,37.7000,423.8860,0.000439
_15312_,VSS,Metal1,41.7625,433.8435,0.000203
_15311_,VSS,Metal1,96.5265,464.1715,0.000290
_15310_,VSS,Metal1,41.2025,423.7635,0.000461
_15309_,VSS,Metal1,33.4665,463.0630,0.000221
_15308_,VSS,Metal1,116.9065,504.6165,0.000455
_15307_,VSS,Metal1,129.0650,513.4785,0.000210
_15306_,VSS,Metal1,128.6600,503.3950,0.000450
_15305_,VSS,Metal1,129.4675,484.2435,0.000440
_15304_,VSS,Metal1,129.8800,493.4700,0.000369
_15303_,VSS,Metal1,128.0025,514.4835,0.000210
_15302_,VSS,Metal1,134.5075,494.3235,0.000371
_15301_,VSS,Metal1,121.8425,514.4835,0.000220
_15300_,VSS,Metal1,119.9400,513.6285,0.000223
_15299_,VSS,Metal1,111.6200,494.4460,0.000364
_15298_,VSS,Metal1,114.2930,484.3300,0.000446
_15297_,VSS,Metal1,114.0025,493.5160,0.000366
_15296_,VSS,Metal1,111.3000,504.6050,0.000455
_15295_,VSS,Metal1,101.1225,494.3235,0.000348
_15294_,VSS,Metal1,98.6600,503.5485,0.000450
_15293_,VSS,Metal1,107.5730,483.3500,0.000448
_15292_,VSS,Metal1,128.9800,463.1535,0.000307
_15291_,VSS,Metal1,127.4425,473.3560,0.000501
_15290_,VSS,Metal1,119.7400,483.3425,0.000444
_15289_,VSS,Metal1,128.6600,483.2350,0.000440
_15288_,VSS,Metal1,111.5475,474.1635,0.000509
_15287_,VSS,Metal1,128.7200,474.2100,0.000501
_15286_,VSS,Metal1,118.9265,474.2515,0.000509
_15285_,VSS,Metal1,112.7400,464.2060,0.000299
_15284_,VSS,Metal1,115.1225,483.4360,0.000446
_15283_,VSS,Metal1,119.9400,463.2285,0.000300
_15282_,VSS,Metal1,123.3800,454.1260,0.000316
_15281_,VSS,Metal1,118.4250,464.2810,0.000300
_15280_,VSS,Metal1,102.2425,464.0835,0.000293
_15279_,VSS,Metal1,92.2665,432.8230,0.000275
_15278_,VSS,Metal1,120.7225,443.1160,0.000234
_15277_,VSS,Metal1,126.3225,433.8435,0.000288
_15276_,VSS,Metal1,60.3800,464.1775,0.000273
_15275_,VSS,Metal1,102.2425,413.6835,0.000468
_15274_,VSS,Metal1,86.6500,423.9950,0.000667
_15273_,VSS,Metal1,47.7800,464.1135,0.000227
_15272_,VSS,Metal1,80.4025,453.1960,0.000344
_15271_,VSS,Metal1,61.2465,615.3715,0.000364
_15270_,VSS,Metal1,73.5665,615.3715,0.000365
_15269_,VSS,Metal1,40.5265,584.1480,0.000410
_15268_,VSS,Metal1,30.9800,575.0860,0.000417
_15267_,VSS,Metal1,23.2825,594.3160,0.000449
_15266_,VSS,Metal1,31.2200,584.0350,0.000408
_15265_,VSS,Metal1,32.6865,605.2915,0.000230
_15264_,VSS,Metal1,21.4600,614.3535,0.000360
_15263_,VSS,Metal1,9.8425,614.4760,0.000360
_15262_,VSS,Metal1,25.6200,604.1950,0.000225
_15261_,VSS,Metal1,33.2465,564.9715,0.000309
_15260_,VSS,Metal1,22.5800,574.0335,0.000370
_15259_,VSS,Metal1,28.8825,585.0435,0.000408
_15258_,VSS,Metal1,23.3800,565.0850,0.000297
_15257_,VSS,Metal1,31.5665,615.3715,0.000345
_15256_,VSS,Metal1,17.5400,624.4335,0.000384
_15255_,VSS,Metal1,11.5225,624.5560,0.000384
_15254_,VSS,Metal1,14.9800,614.2750,0.000360
_15253_,VSS,Metal1,31.5665,544.8115,0.000353
_15252_,VSS,Metal1,30.9800,554.9260,0.000425
_15251_,VSS,Metal1,23.8425,534.6435,0.000433
_15250_,VSS,Metal1,23.3800,555.0050,0.000425
_15249_,VSS,Metal1,31.5665,534.7315,0.000433
_15248_,VSS,Metal1,32.1000,543.7935,0.000353
_15247_,VSS,Metal1,35.6025,543.9160,0.000361
_15246_,VSS,Metal1,16.6600,553.7950,0.000425
_15245_,VSS,Metal1,56.7665,594.2280,0.000532
_15244_,VSS,Metal1,55.0600,605.3260,0.000242
_15243_,VSS,Metal1,58.5625,605.2035,0.000242
_15242_,VSS,Metal1,77.4600,454.0490,0.000344
_15241_,VSS,Metal1,59.5400,463.2460,0.000273
_15240_,VSS,Metal1,55.7625,464.0835,0.000260
_15239_,VSS,Metal1,70.1800,464.2060,0.000287
_15238_,VSS,Metal1,43.5400,595.3250,0.000509
_15237_,VSS,Metal1,50.2500,624.3250,0.000384
_15236_,VSS,Metal1,58.1600,635.4900,0.000217
_15235_,VSS,Metal1,57.5300,634.4975,0.000217
_15234_,VSS,Metal1,50.8100,635.5825,0.000213
_15233_,VSS,Metal1,61.9975,644.6350,0.000193
_15232_,VSS,Metal1,57.0800,644.6700,0.000193
_15231_,VSS,Metal1,40.7800,624.4750,0.000384
_15230_,VSS,Metal1,51.3575,614.3950,0.000350
_15229_,VSS,Metal1,44.6375,605.2850,0.000238
_15228_,VSS,Metal1,48.1830,71.0650,0.000266
_15227_,VSS,Metal1,54.9030,71.0650,0.000267
_15226_,VSS,Metal1,60.9065,71.1765,0.000267
_15225_,VSS,Metal1,42.6130,70.0700,0.000237
_15224_,VSS,Metal1,37.3865,71.1765,0.000224
_15223_,VSS,Metal1,42.7500,70.9635,0.000237
_15222_,VSS,Metal1,22.4230,81.1450,0.000179
_15221_,VSS,Metal1,33.5600,91.1700,0.000206
_15220_,VSS,Metal1,16.9900,81.0435,0.000179
_15219_,VSS,Metal1,38.1875,91.1235,0.000211
_15218_,VSS,Metal1,11.0665,100.1830,0.000407
_15217_,VSS,Metal1,14.4200,90.1150,0.000203
_15216_,VSS,Metal1,17.7800,101.4050,0.000407
_15215_,VSS,Metal1,24.2600,101.3260,0.000406
_15214_,VSS,Metal1,36.4530,80.1500,0.000204
_15213_,VSS,Metal1,43.5465,80.0230,0.000204
_15212_,VSS,Metal1,50.8100,81.2750,0.000205
_15211_,VSS,Metal1,54.5000,171.8860,0.000444
_15210_,VSS,Metal1,77.4865,70.0680,0.000286
_15209_,VSS,Metal1,61.8065,80.1480,0.000222
_15208_,VSS,Metal1,55.0865,100.3080,0.000513
_15207_,VSS,Metal1,52.8465,91.2115,0.000239
_15206_,VSS,Metal1,61.2465,91.2115,0.000249
_15205_,VSS,Metal1,75.7800,90.1935,0.000274
_15204_,VSS,Metal1,54.6425,81.0435,0.000207
_15203_,VSS,Metal1,190.0465,131.5315,0.000275
_15202_,VSS,Metal1,207.9665,201.1080,0.000347
_15201_,VSS,Metal1,198.4465,110.3880,0.000181
_15200_,VSS,Metal1,198.4465,120.4680,0.000171
_15199_,VSS,Metal1,189.4865,170.8680,0.000447
_15198_,VSS,Metal1,173.8065,121.4515,0.000153
_15197_,VSS,Metal1,153.6465,150.7080,0.000218
_15196_,VSS,Metal1,171.5665,211.1880,0.000255
_15195_,VSS,Metal1,159.2465,202.0915,0.000378
_15194_,VSS,Metal1,118.3665,202.0915,0.000454
_15193_,VSS,Metal1,172.6865,181.9315,0.000214
_15192_,VSS,Metal1,98.7665,180.9480,0.000255
_15191_,VSS,Metal1,136.2865,170.8680,0.000470
_15190_,VSS,Metal1,109.9665,171.8515,0.000499
_15189_,VSS,Metal1,61.2465,151.6915,0.000239
_15188_,VSS,Metal1,74.6865,181.9315,0.000257
_15187_,VSS,Metal1,70.4265,161.8965,0.000473
_15186_,VSS,Metal1,75.4600,151.8050,0.000241
_15185_,VSS,Metal1,21.3330,192.0100,0.000213
_15184_,VSS,Metal1,31.2800,181.8900,0.000189
_15183_,VSS,Metal1,22.8200,171.9650,0.000398
_15182_,VSS,Metal1,17.2200,171.9650,0.000398
_15181_,VSS,Metal1,23.7000,170.8335,0.000398
_15180_,VSS,Metal1,16.8530,170.8700,0.000398
_15179_,VSS,Metal1,16.9900,161.6835,0.000385
_15178_,VSS,Metal1,22.8265,141.7365,0.000108
_15177_,VSS,Metal1,11.6265,161.8965,0.000385
_15176_,VSS,Metal1,29.3000,170.8335,0.000402
_15175_,VSS,Metal1,23.4400,161.7300,0.000384
_15174_,VSS,Metal1,9.9465,160.6630,0.000385
_15173_,VSS,Metal1,30.9800,151.7260,0.000221
_15172_,VSS,Metal1,15.3100,160.8760,0.000385
_15171_,VSS,Metal1,15.7330,202.0900,0.000289
_15170_,VSS,Metal1,23.4800,202.0500,0.000289
_15169_,VSS,Metal1,37.3865,202.2165,0.000316
_15168_,VSS,Metal1,35.7600,211.2300,0.000205
_15167_,VSS,Metal1,12.1865,221.1430,0.000299
_15166_,VSS,Metal1,18.1850,221.1585,0.000299
_15165_,VSS,Metal1,21.1465,222.3765,0.000299
_15164_,VSS,Metal1,30.9000,212.1310,0.000192
_15163_,VSS,Metal1,36.7225,212.0835,0.000205
_15162_,VSS,Metal1,153.4630,221.2550,0.000328
_15161_,VSS,Metal1,159.4665,221.1430,0.000328
_15160_,VSS,Metal1,108.6630,202.1050,0.000455
_15159_,VSS,Metal1,108.5065,212.2965,0.000288
_15158_,VSS,Metal1,153.4630,192.0250,0.000363
_15157_,VSS,Metal1,157.7865,190.9030,0.000362
_15156_,VSS,Metal1,95.7830,191.0150,0.000356
_15155_,VSS,Metal1,97.8665,161.8965,0.000466
_15154_,VSS,Metal1,120.9830,171.8650,0.000480
_15153_,VSS,Metal1,127.5465,160.6630,0.000440
_15152_,VSS,Metal1,89.0630,191.0150,0.000356
_15151_,VSS,Metal1,107.9465,182.0565,0.000245
_15150_,VSS,Metal1,59.9430,170.8550,0.000459
_15149_,VSS,Metal1,65.9465,170.7430,0.000475
_15148_,VSS,Metal1,69.4630,192.0250,0.000350
_15147_,VSS,Metal1,75.4665,192.1365,0.000350
_15146_,VSS,Metal1,59.7865,202.2165,0.000438
_15145_,VSS,Metal1,43.5465,211.0630,0.000284
_15144_,VSS,Metal1,50.8265,221.1430,0.000311
_15143_,VSS,Metal1,50.3000,202.0975,0.000392
_15142_,VSS,Metal1,43.4425,181.0360,0.000236
_15141_,VSS,Metal1,53.2200,191.0830,0.000236
_15140_,VSS,Metal1,51.9050,222.4030,0.000311
_15139_,VSS,Metal1,48.4825,171.7635,0.000426
_15138_,VSS,Metal1,46.2425,91.1235,0.000232
_15137_,VSS,Metal1,52.6930,80.1500,0.000206
_15136_,VSS,Metal1,49.1175,90.2350,0.000235
_15135_,VSS,Metal1,68.0825,70.9635,0.000270
_15134_,VSS,Metal1,182.2065,70.0680,0.000215
_15133_,VSS,Metal1,179.2530,80.1500,0.000181
_15132_,VSS,Metal1,190.6065,70.0680,0.000216
_15131_,VSS,Metal1,188.5700,81.1825,0.000196
_15130_,VSS,Metal1,181.0600,60.9135,0.000248
_15129_,VSS,Metal1,180.0030,71.0980,0.000215
_15128_,VSS,Metal1,188.3665,71.0515,0.000216
_15127_,VSS,Metal1,175.6900,91.2625,0.000325
_15126_,VSS,Metal1,178.5065,81.2565,0.000181
_15125_,VSS,Metal1,170.2630,101.3050,0.000225
_15124_,VSS,Metal1,147.1465,111.4965,0.000220
_15123_,VSS,Metal1,149.4200,101.2975,0.000272
_15122_,VSS,Metal1,166.7465,59.8630,0.000246
_15121_,VSS,Metal1,152.0250,51.0010,0.000232
_15120_,VSS,Metal1,166.7465,49.7830,0.000232
_15119_,VSS,Metal1,157.4600,60.9310,0.000280
_15118_,VSS,Metal1,157.1225,39.9160,0.000147
_15117_,VSS,Metal1,140.6130,50.8900,0.000225
_15116_,VSS,Metal1,160.9100,60.0760,0.000265
_15115_,VSS,Metal1,136.5065,59.8630,0.000286
_15114_,VSS,Metal1,140.6130,60.9700,0.000281
_15113_,VSS,Metal1,156.6600,69.9550,0.000267
_15112_,VSS,Metal1,150.5600,71.0100,0.000269
_15111_,VSS,Metal1,149.1665,60.9715,0.000280
_15110_,VSS,Metal1,140.6130,100.3100,0.000294
_15109_,VSS,Metal1,141.5465,101.4165,0.000294
_15108_,VSS,Metal1,141.5465,71.1765,0.000269
_15107_,VSS,Metal1,148.5900,100.3960,0.000272
_15106_,VSS,Metal1,157.8400,101.2500,0.000258
_15105_,VSS,Metal1,167.0600,110.4460,0.000188
_15104_,VSS,Metal1,163.4200,101.2935,0.000241
_15103_,VSS,Metal1,154.1700,100.3180,0.000259
_15102_,VSS,Metal1,158.5875,81.0435,0.000198
_15101_,VSS,Metal1,153.9600,81.0900,0.000202
_15100_,VSS,Metal1,180.7465,111.4965,0.000172
_15099_,VSS,Metal1,173.4600,111.4850,0.000173
_15098_,VSS,Metal1,205.8425,333.0435,0.000509
_15097_,VSS,Metal1,997.0065,393.6115,0.000313
_15096_,VSS,Metal1,1060.8465,311.9880,0.000514
_15095_,VSS,Metal1,991.9665,412.7880,0.000420
_15094_,VSS,Metal1,962.8465,403.6915,0.000350
_15093_,VSS,Metal1,923.6465,454.0915,0.000223
_15092_,VSS,Metal1,898.4465,444.0115,0.000386
_15091_,VSS,Metal1,892.8465,483.3480,0.000424
_15090_,VSS,Metal1,856.4465,473.2680,0.000421
_15089_,VSS,Metal1,795.9665,493.4280,0.000300
_15088_,VSS,Metal1,685.0865,484.3315,0.000226
_15087_,VSS,Metal1,658.7665,615.3715,0.000416
_15086_,VSS,Metal1,599.9665,624.4680,0.000337
_15085_,VSS,Metal1,550.6865,644.6280,0.000205
_15084_,VSS,Metal1,492.4465,524.6515,0.000255
_15083_,VSS,Metal1,443.1665,604.3080,0.000172
_15082_,VSS,Metal1,414.0465,604.3080,0.000175
_15081_,VSS,Metal1,825.6465,483.3480,0.000316
_15080_,VSS,Metal1,839.0865,474.2515,0.000369
_15079_,VSS,Metal1,804.3665,484.3315,0.000265
_15078_,VSS,Metal1,786.4465,584.1480,0.000300
_15077_,VSS,Metal1,766.8465,585.1315,0.000313
_15076_,VSS,Metal1,756.7665,584.1480,0.000322
_15075_,VSS,Metal1,737.1665,575.0515,0.000407
_15074_,VSS,Metal1,708.6065,564.9715,0.000484
_15073_,VSS,Metal1,689.0065,574.0680,0.000402
_15072_,VSS,Metal1,645.3265,664.7880,0.000269
_15071_,VSS,Metal1,608.9265,675.8515,0.000271
_15070_,VSS,Metal1,589.8865,695.0280,0.001097
_15069_,VSS,Metal1,508.6865,766.5715,0.000033
_15068_,VSS,Metal1,508.6865,857.2915,0.000033
_15067_,VSS,Metal1,508.6865,897.6115,0.000033
_15066_,VSS,Metal1,498.0465,897.6115,0.000033
_15065_,VSS,Metal1,443.1665,664.7880,0.000256
_15064_,VSS,Metal1,472.8465,684.9480,0.000373
_15063_,VSS,Metal1,1070.9265,302.8915,0.000773
_15062_,VSS,Metal1,1073.1665,281.7480,0.000424
_15061_,VSS,Metal1,1002.0465,302.8915,0.000646
_15060_,VSS,Metal1,977.4065,311.9880,0.000477
_15059_,VSS,Metal1,942.6865,332.1480,0.000321
_15058_,VSS,Metal1,900.1265,343.2115,0.000482
_15057_,VSS,Metal1,864.8465,322.0680,0.000493
_15056_,VSS,Metal1,913.5665,412.7880,0.000379
_15055_,VSS,Metal1,737.1665,383.5315,0.000228
_15054_,VSS,Metal1,662.1265,493.4280,0.000203
_15053_,VSS,Metal1,605.5665,514.5715,0.000293
_15052_,VSS,Metal1,504.2065,503.5080,0.000275
_15051_,VSS,Metal1,438.1265,484.3315,0.000297
_15050_,VSS,Metal1,443.1665,513.5880,0.000275
_15049_,VSS,Metal1,423.5665,484.3315,0.000309
_15048_,VSS,Metal1,425.2465,463.1880,0.000437
_15047_,VSS,Metal1,854.7665,362.3880,0.000424
_15046_,VSS,Metal1,837.9665,362.3880,0.000420
_15045_,VSS,Metal1,797.0865,372.4680,0.000234
_15044_,VSS,Metal1,766.8465,373.4515,0.000282
_15043_,VSS,Metal1,775.8065,362.3880,0.000392
_15042_,VSS,Metal1,727.6465,343.2115,0.000405
_15041_,VSS,Metal1,756.7665,513.5880,0.000335
_15040_,VSS,Metal1,764.6065,523.6680,0.000274
_15039_,VSS,Metal1,664.3665,533.7480,0.000343
_15038_,VSS,Metal1,619.5665,534.7315,0.000420
_15037_,VSS,Metal1,588.2065,553.9080,0.000545
_15036_,VSS,Metal1,502.5265,544.8115,0.000283
_15035_,VSS,Metal1,531.6465,564.9715,0.000634
_15034_,VSS,Metal1,413.4865,585.1315,0.000436
_15033_,VSS,Metal1,405.6465,604.3080,0.000177
_15032_,VSS,Metal1,443.1665,584.1480,0.000362
_15031_,VSS,Metal1,1076.5265,312.9715,0.000514
_15030_,VSS,Metal1,1072.9625,342.0560,0.000471
_15029_,VSS,Metal1,1074.2600,362.3535,0.000645
_15028_,VSS,Metal1,1080.4465,332.1480,0.000408
_15027_,VSS,Metal1,1071.0480,343.3320,0.000471
_15026_,VSS,Metal1,1081.7865,343.3365,0.000471
_15025_,VSS,Metal1,1081.1225,353.2035,0.000660
_15024_,VSS,Metal1,1068.9000,372.3550,0.000297
_15023_,VSS,Metal1,1034.7800,363.3775,0.000613
_15022_,VSS,Metal1,1030.7225,383.4435,0.000145
_15021_,VSS,Metal1,1057.2000,383.4900,0.000145
_15020_,VSS,Metal1,1049.8600,373.5650,0.000289
_15019_,VSS,Metal1,1061.8675,383.4435,0.000145
_15018_,VSS,Metal1,1058.1050,382.4385,0.000145
_15017_,VSS,Metal1,1050.7665,363.3715,0.000639
_15016_,VSS,Metal1,1056.2600,373.4110,0.000292
_15015_,VSS,Metal1,1052.0025,382.6360,0.000145
_15014_,VSS,Metal1,1055.7700,392.6380,0.000393
_15013_,VSS,Metal1,1050.8825,383.4435,0.000145
_15012_,VSS,Metal1,1074.9625,383.4435,0.000145
_15011_,VSS,Metal1,953.3000,373.4860,0.000161
_15010_,VSS,Metal1,1062.4275,373.3635,0.000294
_15009_,VSS,Metal1,1061.9300,392.6380,0.000393
_15008_,VSS,Metal1,1067.6825,382.6360,0.000145
_15007_,VSS,Metal1,1062.1800,493.3150,0.001008
_15006_,VSS,Metal1,1080.4200,393.5535,0.000393
_15005_,VSS,Metal1,1069.3050,383.6410,0.000145
_15004_,VSS,Metal1,1062.6425,402.7960,0.000445
_15003_,VSS,Metal1,925.3265,412.7880,0.000380
_15002_,VSS,Metal1,1072.9625,473.0960,0.001049
_15001_,VSS,Metal1,1082.6500,473.2780,0.001049
_15000_,VSS,Metal1,1055.2300,454.0035,0.000378
_14999_,VSS,Metal1,1060.5400,513.5825,0.000472
_14998_,VSS,Metal1,971.8065,422.8680,0.000389
_14997_,VSS,Metal1,1052.3400,503.5485,0.000491
_14996_,VSS,Metal1,1052.1065,504.6165,0.000491
_14995_,VSS,Metal1,1071.4800,584.1100,0.000277
_14994_,VSS,Metal1,1079.7800,514.5310,0.000472
_14993_,VSS,Metal1,1067.6825,503.5960,0.000497
_14992_,VSS,Metal1,1064.2065,494.4115,0.001008
_14991_,VSS,Metal1,1069.9280,575.1720,0.000590
_14990_,VSS,Metal1,1068.3465,563.8630,0.000450
_14989_,VSS,Metal1,1078.4200,584.0350,0.000277
_14988_,VSS,Metal1,934.8465,544.8115,0.000379
_14987_,VSS,Metal1,1054.0200,584.1885,0.000277
_14986_,VSS,Metal1,1057.3330,585.1300,0.000277
_14985_,VSS,Metal1,1052.6665,585.2565,0.000277
_14984_,VSS,Metal1,1042.6400,585.0900,0.000277
_14983_,VSS,Metal1,1068.5800,585.0910,0.000277
_14982_,VSS,Metal1,958.9265,564.9715,0.000362
_14981_,VSS,Metal1,1043.2825,583.9760,0.000277
_14980_,VSS,Metal1,1048.0825,585.0435,0.000277
_14979_,VSS,Metal1,1056.5865,594.1030,0.000543
_14978_,VSS,Metal1,1039.6825,595.1235,0.000540
_14977_,VSS,Metal1,723.7265,594.2280,0.000306
_14976_,VSS,Metal1,994.1000,595.1710,0.000457
_14975_,VSS,Metal1,1002.8000,595.2460,0.000462
_14974_,VSS,Metal1,996.4200,594.1935,0.000457
_14973_,VSS,Metal1,1021.1450,595.3210,0.000504
_14972_,VSS,Metal1,1029.0425,604.3960,0.001060
_14971_,VSS,Metal1,874.3665,614.3880,0.000483
_14970_,VSS,Metal1,994.5625,604.1360,0.000963
_14969_,VSS,Metal1,996.4300,614.4760,0.000360
_14968_,VSS,Metal1,1002.5700,605.2815,0.000968
_14967_,VSS,Metal1,970.3800,615.3775,0.000349
_14966_,VSS,Metal1,925.8600,585.1660,0.000287
_14965_,VSS,Metal1,930.4825,585.0435,0.000287
_14964_,VSS,Metal1,958.4880,615.4920,0.000345
_14963_,VSS,Metal1,960.8265,614.2630,0.000345
_14962_,VSS,Metal1,940.4400,624.4300,0.000517
_14961_,VSS,Metal1,977.0665,615.4965,0.000349
_14960_,VSS,Metal1,956.2425,614.4760,0.000345
_14959_,VSS,Metal1,933.1665,605.2915,0.000629
_14958_,VSS,Metal1,936.8825,615.5435,0.000360
_14957_,VSS,Metal1,947.3865,615.4965,0.000334
_14956_,VSS,Metal1,938.8825,605.2035,0.000622
_14955_,VSS,Metal1,925.8600,595.2460,0.000468
_14954_,VSS,Metal1,930.4825,595.1235,0.000468
_14953_,VSS,Metal1,934.7400,614.4285,0.000360
_14952_,VSS,Metal1,940.5625,614.4760,0.000360
_14951_,VSS,Metal1,925.5465,615.4965,0.000372
_14950_,VSS,Metal1,928.9065,614.2630,0.000366
_14949_,VSS,Metal1,925.4425,625.3635,0.000517
_14948_,VSS,Metal1,940.4300,625.3635,0.000517
_14947_,VSS,Metal1,971.7800,595.2460,0.000439
_14946_,VSS,Metal1,913.5665,483.3480,0.000459
_14945_,VSS,Metal1,961.8480,604.1880,0.000699
_14944_,VSS,Metal1,1080.7000,736.3250,0.000226
_14943_,VSS,Metal1,1084.3400,766.6060,0.000148
_14942_,VSS,Metal1,1078.8030,745.3815,0.000178
_14941_,VSS,Metal1,1080.4830,805.8615,0.000142
_14940_,VSS,Metal1,1082.1000,806.8335,0.000142
_14939_,VSS,Metal1,1067.2600,806.8935,0.000142
_14938_,VSS,Metal1,1045.4200,815.9825,0.000227
_14937_,VSS,Metal1,1053.0430,806.9380,0.000140
_14936_,VSS,Metal1,1028.4030,815.9415,0.000205
_14935_,VSS,Metal1,1035.3065,817.0965,0.000218
_14934_,VSS,Metal1,1047.0665,807.0165,0.000137
_14933_,VSS,Metal1,1074.5065,776.7765,0.000382
_14932_,VSS,Metal1,954.1065,604.1830,0.000675
_14931_,VSS,Metal1,964.6425,585.0435,0.000261
_14930_,VSS,Metal1,953.3265,432.9480,0.000430
_14929_,VSS,Metal1,978.0880,423.9720,0.000393
_14928_,VSS,Metal1,990.8200,444.0460,0.000412
_14927_,VSS,Metal1,923.6465,433.9315,0.000428
_14926_,VSS,Metal1,975.2880,432.8280,0.000483
_14925_,VSS,Metal1,964.7465,444.1365,0.000407
_14924_,VSS,Metal1,989.8425,433.8435,0.000512
_14923_,VSS,Metal1,964.1800,434.0450,0.000432
_14922_,VSS,Metal1,940.1400,443.0225,0.000384
_14921_,VSS,Metal1,935.5225,443.1160,0.000384
_14920_,VSS,Metal1,944.6400,463.2300,0.000147
_14919_,VSS,Metal1,951.3000,463.0750,0.000149
_14918_,VSS,Metal1,950.5000,464.2060,0.000149
_14917_,VSS,Metal1,961.6200,454.0510,0.000224
_14916_,VSS,Metal1,916.3665,463.1880,0.000145
_14915_,VSS,Metal1,938.3280,464.2920,0.000147
_14914_,VSS,Metal1,930.4825,464.0835,0.000147
_14913_,VSS,Metal1,951.3000,493.3150,0.000672
_14912_,VSS,Metal1,923.6465,494.4115,0.000569
_14911_,VSS,Metal1,941.1280,504.6120,0.000323
_14910_,VSS,Metal1,971.7800,514.6060,0.000343
_14909_,VSS,Metal1,939.4425,484.2435,0.000460
_14908_,VSS,Metal1,951.8665,494.5365,0.000672
_14907_,VSS,Metal1,795.9665,503.5080,0.000304
_14906_,VSS,Metal1,968.0080,513.4680,0.000343
_14905_,VSS,Metal1,975.9465,523.5430,0.000412
_14904_,VSS,Metal1,969.6825,524.5635,0.000404
_14903_,VSS,Metal1,981.8700,553.9960,0.000281
_14902_,VSS,Metal1,766.8465,543.8280,0.000260
_14901_,VSS,Metal1,986.2600,554.8510,0.000292
_14900_,VSS,Metal1,992.1600,563.9535,0.000418
_14899_,VSS,Metal1,989.7000,565.0060,0.000417
_14898_,VSS,Metal1,994.1000,554.8510,0.000304
_14897_,VSS,Metal1,976.4025,553.9960,0.000268
_14896_,VSS,Metal1,722.0465,574.0680,0.000410
_14895_,VSS,Metal1,997.1280,565.0920,0.000418
_14894_,VSS,Metal1,990.8200,574.9935,0.000525
_14893_,VSS,Metal1,992.4900,574.0780,0.000525
_14892_,VSS,Metal1,994.3225,574.9635,0.000526
_14891_,VSS,Metal1,1008.1240,726.4285,0.000098
_14890_,VSS,Metal1,668.8465,695.0280,0.000710
_14889_,VSS,Metal1,1031.6200,695.0685,0.000767
_14888_,VSS,Metal1,1029.1465,696.1365,0.000765
_14887_,VSS,Metal1,1029.2000,706.0500,0.000231
_14886_,VSS,Metal1,1040.1850,704.9985,0.000247
_14885_,VSS,Metal1,659.3265,705.1080,0.000254
_14884_,VSS,Metal1,1030.0150,714.9475,0.000131
_14883_,VSS,Metal1,1034.6425,706.0035,0.000233
_14882_,VSS,Metal1,1032.5065,704.9830,0.000230
_14881_,VSS,Metal1,1027.9225,705.1960,0.000231
_14880_,VSS,Metal1,649.2465,696.0115,0.000705
_14879_,VSS,Metal1,1009.2200,716.1310,0.000141
_14878_,VSS,Metal1,1017.9200,715.1535,0.000136
_14877_,VSS,Metal1,1010.4200,725.2335,0.000098
_14876_,VSS,Metal1,1021.5400,716.1310,0.000133
_14875_,VSS,Metal1,1027.3625,716.0835,0.000131
_14874_,VSS,Metal1,592.6865,705.1080,0.000267
_14873_,VSS,Metal1,1004.9680,706.2120,0.000244
_14872_,VSS,Metal1,1003.3865,716.2965,0.000141
_14871_,VSS,Metal1,1015.0425,716.0835,0.000136
_14870_,VSS,Metal1,982.1400,706.0975,0.000251
_14869_,VSS,Metal1,912.9800,614.3535,0.000429
_14868_,VSS,Metal1,916.4825,614.4760,0.000429
_14867_,VSS,Metal1,980.8880,715.0680,0.000143
_14866_,VSS,Metal1,977.6265,706.2165,0.000252
_14865_,VSS,Metal1,954.4400,705.0700,0.000265
_14864_,VSS,Metal1,981.5465,725.1430,0.000098
_14863_,VSS,Metal1,982.5625,726.1635,0.000098
_14862_,VSS,Metal1,893.9665,635.5315,0.000617
_14861_,VSS,Metal1,954.5680,686.0520,0.000388
_14860_,VSS,Metal1,971.4665,704.9830,0.000254
_14859_,VSS,Metal1,955.7800,696.1250,0.000703
_14858_,VSS,Metal1,906.2600,614.3535,0.000429
_14857_,VSS,Metal1,910.8825,604.3960,0.000633
_14856_,VSS,Metal1,948.7400,695.9710,0.000671
_14855_,VSS,Metal1,940.9000,695.9710,0.000559
_14854_,VSS,Metal1,942.9065,684.8230,0.000380
_14853_,VSS,Metal1,997.5400,806.9260,0.000138
_14852_,VSS,Metal1,984.6600,594.1935,0.000443
_14851_,VSS,Metal1,989.2825,594.3160,0.000447
_14850_,VSS,Metal1,984.2480,807.0120,0.000143
_14849_,VSS,Metal1,1075.4430,857.3380,0.000108
_14848_,VSS,Metal1,1081.6030,857.3380,0.000108
_14847_,VSS,Metal1,1075.3800,867.2600,0.000203
_14846_,VSS,Metal1,1073.8425,877.3635,0.000323
_14845_,VSS,Metal1,1075.1000,887.5335,0.000081
_14844_,VSS,Metal1,1075.4000,917.8100,0.000097
_14843_,VSS,Metal1,1082.9065,927.9765,0.000110
_14842_,VSS,Metal1,1075.4430,937.9780,0.000256
_14841_,VSS,Metal1,1076.1600,946.9935,0.000184
_14840_,VSS,Metal1,992.7465,815.8630,0.000299
_14839_,VSS,Metal1,994.3225,805.9960,0.000141
_14838_,VSS,Metal1,472.8465,654.7080,0.000583
_14837_,VSS,Metal1,452.1265,675.8515,0.000315
_14836_,VSS,Metal1,930.4825,423.7635,0.000390
_14835_,VSS,Metal1,934.4730,434.1230,0.000428
_14834_,VSS,Metal1,980.2065,422.8680,0.000393
_14833_,VSS,Metal1,1056.3665,333.1315,0.000407
_14832_,VSS,Metal1,958.9265,423.8515,0.000381
_14831_,VSS,Metal1,955.5665,412.7880,0.000400
_14830_,VSS,Metal1,921.9665,483.3480,0.000460
_14829_,VSS,Metal1,899.5665,463.1880,0.000142
_14828_,VSS,Metal1,882.7665,483.3480,0.000403
_14827_,VSS,Metal1,835.1665,503.5080,0.000358
_14826_,VSS,Metal1,786.4465,503.5080,0.000328
_14825_,VSS,Metal1,740.5265,534.7315,0.000373
_14824_,VSS,Metal1,658.2065,634.5480,0.000274
_14823_,VSS,Metal1,590.4465,634.5480,0.000349
_14822_,VSS,Metal1,532.2065,634.5480,0.000346
_14821_,VSS,Metal1,472.8465,634.5480,0.000321
_14820_,VSS,Metal1,425.2465,614.3880,0.000462
_14819_,VSS,Metal1,403.9665,605.2915,0.000177
_14818_,VSS,Metal1,822.2865,493.4280,0.000416
_14817_,VSS,Metal1,834.6065,494.4115,0.000433
_14816_,VSS,Metal1,802.1265,585.1315,0.000301
_14815_,VSS,Metal1,786.4465,594.2280,0.000315
_14814_,VSS,Metal1,758.4465,604.3080,0.000437
_14813_,VSS,Metal1,747.2465,584.1480,0.000322
_14812_,VSS,Metal1,732.6865,594.2280,0.000310
_14811_,VSS,Metal1,705.2465,575.0515,0.000409
_14810_,VSS,Metal1,688.4465,685.9315,0.000448
_14809_,VSS,Metal1,625.7265,665.7715,0.000276
_14808_,VSS,Metal1,599.9665,685.9315,0.000448
_14807_,VSS,Metal1,570.2865,705.1080,0.000271
_14806_,VSS,Metal1,508.6865,776.6515,0.000033
_14805_,VSS,Metal1,507.5665,866.3880,0.000000
_14804_,VSS,Metal1,513.7265,916.7880,0.000292
_14803_,VSS,Metal1,499.7265,886.5480,0.000033
_14802_,VSS,Metal1,424.1265,665.7715,0.000256
_14801_,VSS,Metal1,482.3665,695.0280,0.000974
_14800_,VSS,Metal1,1060.8465,291.8280,0.000490
_14799_,VSS,Metal1,1060.8465,301.9080,0.000769
_14798_,VSS,Metal1,1011.5665,292.8115,0.000456
_14797_,VSS,Metal1,979.0865,302.8915,0.000570
_14796_,VSS,Metal1,952.7665,322.0680,0.000570
_14795_,VSS,Metal1,893.9665,333.1315,0.000397
_14794_,VSS,Metal1,864.8465,301.9080,0.000535
_14793_,VSS,Metal1,904.0465,322.0680,0.000514
_14792_,VSS,Metal1,737.1665,373.4515,0.000287
_14791_,VSS,Metal1,649.2465,494.4115,0.000198
_14790_,VSS,Metal1,589.3265,513.5880,0.000294
_14789_,VSS,Metal1,486.8465,513.5880,0.000262
_14788_,VSS,Metal1,423.5665,494.4115,0.000530
_14787_,VSS,Metal1,424.6865,504.4915,0.000379
_14786_,VSS,Metal1,405.0865,483.3480,0.000420
_14785_,VSS,Metal1,415.1665,412.7880,0.000686
_14784_,VSS,Metal1,854.7665,343.2115,0.000477
_14783_,VSS,Metal1,846.3665,362.3880,0.000420
_14782_,VSS,Metal1,803.2465,322.0680,0.000312
_14781_,VSS,Metal1,757.8865,353.2915,0.000427
_14780_,VSS,Metal1,824.5265,343.2115,0.000469
_14779_,VSS,Metal1,727.6465,323.0515,0.000279
_14778_,VSS,Metal1,752.2865,312.9715,0.000410
_14777_,VSS,Metal1,766.8465,302.8915,0.000444
_14776_,VSS,Metal1,661.5665,514.5715,0.000321
_14775_,VSS,Metal1,603.3265,524.6515,0.000318
_14774_,VSS,Metal1,570.8465,544.8115,0.000285
_14773_,VSS,Metal1,487.9665,534.7315,0.000441
_14772_,VSS,Metal1,394.4465,574.0680,0.000450
_14771_,VSS,Metal1,394.4465,584.1480,0.000447
_14770_,VSS,Metal1,390.5265,595.2115,0.000320
_14769_,VSS,Metal1,413.4865,554.8915,0.000613
_14768_,VSS,Metal1,1059.7265,352.3080,0.000658
_14767_,VSS,Metal1,1046.6425,412.6160,0.000481
_14766_,VSS,Metal1,1043.4600,403.7260,0.000438
_14765_,VSS,Metal1,1060.8465,372.4680,0.000294
_14764_,VSS,Metal1,1045.8480,402.5880,0.000438
_14763_,VSS,Metal1,1042.0265,413.8965,0.000481
_14762_,VSS,Metal1,1042.4825,422.9560,0.000418
_14761_,VSS,Metal1,1029.3030,403.7050,0.000400
_14760_,VSS,Metal1,1028.8275,412.8760,0.000480
_14759_,VSS,Metal1,1030.8800,402.7500,0.000400
_14758_,VSS,Metal1,1034.5265,382.5480,0.000145
_14757_,VSS,Metal1,1028.2600,393.5710,0.000374
_14756_,VSS,Metal1,1010.9800,403.6335,0.000367
_14755_,VSS,Metal1,1022.1000,403.6510,0.000393
_14754_,VSS,Metal1,1017.8425,402.7960,0.000381
_14753_,VSS,Metal1,1036.1800,393.6460,0.000377
_14752_,VSS,Metal1,1022.3225,393.5235,0.000361
_14751_,VSS,Metal1,1039.6825,393.5235,0.000377
_14750_,VSS,Metal1,1023.8600,402.6735,0.000393
_14749_,VSS,Metal1,1015.3330,403.6900,0.000378
_14748_,VSS,Metal1,1028.4825,422.9560,0.000416
_14747_,VSS,Metal1,1033.0665,413.8965,0.000480
_14746_,VSS,Metal1,1021.7050,412.6785,0.000479
_14745_,VSS,Metal1,1020.6425,422.9560,0.000416
_14744_,VSS,Metal1,1057.4865,403.6915,0.000443
_14743_,VSS,Metal1,1035.5400,412.8285,0.000480
_14742_,VSS,Metal1,1026.5800,413.7310,0.000479
_14741_,VSS,Metal1,1016.7225,422.9560,0.000416
_14740_,VSS,Metal1,1036.8825,413.6835,0.000481
_14739_,VSS,Metal1,1056.9265,463.1880,0.000454
_14738_,VSS,Metal1,1053.3625,464.3435,0.000454
_14737_,VSS,Metal1,1036.1075,463.2760,0.000445
_14736_,VSS,Metal1,1029.0425,464.0835,0.000439
_14735_,VSS,Metal1,1033.9300,464.1615,0.000444
_14734_,VSS,Metal1,1050.1800,514.6060,0.000430
_14733_,VSS,Metal1,1060.8465,503.5080,0.000497
_14732_,VSS,Metal1,1049.2080,513.4680,0.000430
_14731_,VSS,Metal1,1054.3465,514.6965,0.000430
_14730_,VSS,Metal1,1043.0425,504.4035,0.000478
_14729_,VSS,Metal1,1042.5800,555.0050,0.000343
_14728_,VSS,Metal1,1060.8465,574.0680,0.000586
_14727_,VSS,Metal1,1058.6650,575.1610,0.000586
_14726_,VSS,Metal1,1054.3465,573.9430,0.000585
_14725_,VSS,Metal1,1056.9000,614.3535,0.000376
_14724_,VSS,Metal1,1050.8825,614.4760,0.000376
_14723_,VSS,Metal1,1058.5000,554.8510,0.000343
_14722_,VSS,Metal1,1060.8465,604.3080,0.001181
_14721_,VSS,Metal1,1056.4880,615.4920,0.000376
_14720_,VSS,Metal1,1048.6425,615.2835,0.000376
_14719_,VSS,Metal1,1044.2600,624.3550,0.000892
_14718_,VSS,Metal1,1040.1000,604.2735,0.001175
_14717_,VSS,Metal1,1035.7625,595.1235,0.000535
_14716_,VSS,Metal1,1034.6480,614.2680,0.000376
_14715_,VSS,Metal1,1041.7700,615.3615,0.000376
_14714_,VSS,Metal1,1038.9900,624.5560,0.000890
_14713_,VSS,Metal1,1027.3625,605.2035,0.001045
_14712_,VSS,Metal1,1018.2600,605.3260,0.001027
_14711_,VSS,Metal1,1021.7625,605.2035,0.001027
_14710_,VSS,Metal1,1015.9400,615.3310,0.000373
_14709_,VSS,Metal1,1017.2825,634.6360,0.000895
_14708_,VSS,Metal1,1021.7050,614.2785,0.000376
_14707_,VSS,Metal1,1025.6825,625.3635,0.000649
_14706_,VSS,Metal1,1003.8425,624.5560,0.000584
_14705_,VSS,Metal1,991.3800,614.3535,0.000357
_14704_,VSS,Metal1,984.2425,604.3960,0.000962
_14703_,VSS,Metal1,990.7400,615.3310,0.000357
_14702_,VSS,Metal1,991.5225,624.5560,0.000584
_14701_,VSS,Metal1,998.7450,615.4810,0.000360
_14700_,VSS,Metal1,1002.1625,635.4435,0.000727
_14699_,VSS,Metal1,980.1800,635.5660,0.000690
_14698_,VSS,Metal1,962.8465,625.4515,0.000539
_14697_,VSS,Metal1,958.4880,635.6520,0.000661
_14696_,VSS,Metal1,977.6265,634.4230,0.000689
_14695_,VSS,Metal1,976.9625,644.7160,0.000503
_14694_,VSS,Metal1,939.3265,635.5315,0.000593
_14693_,VSS,Metal1,933.7850,644.5185,0.000254
_14692_,VSS,Metal1,950.0825,644.7160,0.000488
_14691_,VSS,Metal1,933.1665,625.4515,0.000517
_14690_,VSS,Metal1,972.3665,585.1315,0.000263
_14689_,VSS,Metal1,1076.5265,756.4915,0.000541
_14688_,VSS,Metal1,1075.9665,775.6680,0.000382
_14687_,VSS,Metal1,1076.5265,806.8915,0.000142
_14686_,VSS,Metal1,1061.9665,815.9880,0.000232
_14685_,VSS,Metal1,1044.6065,786.7315,0.000342
_14684_,VSS,Metal1,1025.5665,795.8280,0.000293
_14683_,VSS,Metal1,1017.7265,815.9880,0.000299
_14682_,VSS,Metal1,1072.0465,332.1480,0.000408
_14681_,VSS,Metal1,1064.1000,443.9710,0.000453
_14680_,VSS,Metal1,1064.2065,433.9315,0.000536
_14679_,VSS,Metal1,1075.4065,353.2915,0.000659
_14678_,VSS,Metal1,1071.6080,432.8280,0.000537
_14677_,VSS,Metal1,1061.9300,443.0380,0.000452
_14676_,VSS,Metal1,1067.6825,443.1160,0.000461
_14675_,VSS,Metal1,1061.0375,432.9550,0.000536
_14674_,VSS,Metal1,1056.9000,423.8860,0.000419
_14673_,VSS,Metal1,1071.9475,413.6835,0.000482
_14672_,VSS,Metal1,1074.2865,382.5480,0.000145
_14671_,VSS,Metal1,1065.9450,413.8810,0.000481
_14670_,VSS,Metal1,1060.9050,422.7585,0.000419
_14669_,VSS,Metal1,1076.6425,413.6835,0.000483
_14668_,VSS,Metal1,1074.8465,393.6115,0.000393
_14667_,VSS,Metal1,1077.5400,422.9085,0.000420
_14666_,VSS,Metal1,1078.1800,423.8860,0.000420
_14665_,VSS,Metal1,1070.4250,423.9610,0.000420
_14664_,VSS,Metal1,1050.8825,423.7635,0.000419
_14663_,VSS,Metal1,1082.3465,423.9765,0.000420
_14662_,VSS,Metal1,1067.6825,412.8760,0.000481
_14661_,VSS,Metal1,1082.3465,432.8230,0.000542
_14660_,VSS,Metal1,1073.7265,402.7080,0.000448
_14659_,VSS,Metal1,1069.7000,422.9085,0.000420
_14658_,VSS,Metal1,1062.4200,423.8110,0.000419
_14657_,VSS,Metal1,1057.6025,433.8435,0.000533
_14656_,VSS,Metal1,1071.6025,412.8760,0.000482
_14655_,VSS,Metal1,1078.7400,484.3660,0.001270
_14654_,VSS,Metal1,1067.6825,493.5160,0.001010
_14653_,VSS,Metal1,1060.7400,473.3085,0.001043
_14652_,VSS,Metal1,1067.6825,463.2760,0.000465
_14651_,VSS,Metal1,1060.9050,452.9985,0.000382
_14650_,VSS,Metal1,1062.6425,463.2760,0.000458
_14649_,VSS,Metal1,1077.6200,524.6860,0.000570
_14648_,VSS,Metal1,1077.6465,504.4915,0.000502
_14647_,VSS,Metal1,1056.4880,523.5480,0.000569
_14646_,VSS,Metal1,1081.7865,524.7765,0.000570
_14645_,VSS,Metal1,1067.6825,523.7560,0.000569
_14644_,VSS,Metal1,1062.1800,543.7150,0.000477
_14643_,VSS,Metal1,1074.8465,563.9880,0.000450
_14642_,VSS,Metal1,1079.3850,565.0810,0.000450
_14641_,VSS,Metal1,1062.7465,553.7830,0.000345
_14640_,VSS,Metal1,1078.7400,615.4060,0.000376
_14639_,VSS,Metal1,1062.6425,634.6360,0.000919
_14638_,VSS,Metal1,1057.3800,544.7710,0.000472
_14637_,VSS,Metal1,1074.8465,614.3880,0.000376
_14636_,VSS,Metal1,1072.7280,624.3480,0.000915
_14635_,VSS,Metal1,1082.8025,624.5560,0.000915
_14634_,VSS,Metal1,1077.3000,654.5950,0.000785
_14633_,VSS,Metal1,1073.1400,615.4060,0.000376
_14632_,VSS,Metal1,1080.5625,595.1235,0.000550
_14631_,VSS,Metal1,1071.6080,644.5080,0.000573
_14630_,VSS,Metal1,1079.2900,645.6015,0.000573
_14629_,VSS,Metal1,1073.1500,664.8760,0.000398
_14628_,VSS,Metal1,1035.7625,645.5235,0.000559
_14627_,VSS,Metal1,1023.3000,644.5935,0.000559
_14626_,VSS,Metal1,1017.2825,644.7160,0.000558
_14625_,VSS,Metal1,1030.5000,654.7485,0.000776
_14624_,VSS,Metal1,1017.2825,655.6035,0.000767
_14623_,VSS,Metal1,1038.5050,654.5985,0.000779
_14622_,VSS,Metal1,1036.8825,664.8760,0.000385
_14621_,VSS,Metal1,1007.2025,654.7960,0.000751
_14620_,VSS,Metal1,994.7400,635.5660,0.000727
_14619_,VSS,Metal1,998.2425,635.4435,0.000727
_14618_,VSS,Metal1,992.9800,654.7485,0.000732
_14617_,VSS,Metal1,993.2025,665.6835,0.000352
_14616_,VSS,Metal1,1011.0650,655.8010,0.000755
_14615_,VSS,Metal1,1011.1225,664.8760,0.000369
_14614_,VSS,Metal1,983.5400,654.6735,0.000721
_14613_,VSS,Metal1,978.5265,624.4680,0.000539
_14612_,VSS,Metal1,973.6080,645.7320,0.000503
_14611_,VSS,Metal1,979.8665,665.8965,0.000278
_14610_,VSS,Metal1,984.2425,664.8760,0.000283
_14609_,VSS,Metal1,938.7665,674.8680,0.000557
_14608_,VSS,Metal1,952.2650,645.7210,0.000488
_14607_,VSS,Metal1,958.4825,664.8760,0.000250
_14606_,VSS,Metal1,922.5265,635.5315,0.000602
_14605_,VSS,Metal1,971.8065,594.2280,0.000439
_14604_,VSS,Metal1,1080.4465,755.5080,0.000541
_14603_,VSS,Metal1,1076.5265,766.5715,0.000148
_14602_,VSS,Metal1,1076.5265,816.9715,0.000233
_14601_,VSS,Metal1,1080.4465,826.0680,0.000530
_14600_,VSS,Metal1,1040.6865,826.0680,0.000465
_14599_,VSS,Metal1,1023.8865,846.2280,0.000649
_14598_,VSS,Metal1,1022.2065,827.0515,0.000438
_14597_,VSS,Metal1,1002.0465,433.9315,0.000513
_14596_,VSS,Metal1,1017.6200,483.3885,0.001190
_14595_,VSS,Metal1,1012.1000,474.2860,0.000873
_14594_,VSS,Metal1,1016.1625,503.5960,0.000433
_14593_,VSS,Metal1,1002.0465,444.0115,0.000420
_14592_,VSS,Metal1,1012.8080,484.4520,0.001189
_14591_,VSS,Metal1,1009.4425,473.3560,0.000873
_14590_,VSS,Metal1,1015.1465,493.3030,0.000968
_14589_,VSS,Metal1,1008.9575,493.4350,0.000967
_14588_,VSS,Metal1,1000.5575,503.5150,0.000400
_14587_,VSS,Metal1,1002.0465,464.1715,0.000422
_14586_,VSS,Metal1,1002.7280,483.2280,0.001115
_14585_,VSS,Metal1,1000.8900,484.3215,0.001115
_14584_,VSS,Metal1,996.0025,503.5960,0.000393
_14583_,VSS,Metal1,1011.6825,503.5960,0.000419
_14582_,VSS,Metal1,1000.3665,473.2680,0.000811
_14581_,VSS,Metal1,999.7000,494.3710,0.000960
_14580_,VSS,Metal1,1008.1800,503.4735,0.000413
_14579_,VSS,Metal1,1011.0650,494.5210,0.000968
_14578_,VSS,Metal1,1016.7225,494.3235,0.000968
_14577_,VSS,Metal1,993.8665,494.5365,0.000960
_14576_,VSS,Metal1,1004.2600,504.4335,0.000406
_14575_,VSS,Metal1,1015.4600,513.5535,0.000408
_14574_,VSS,Metal1,1009.3100,513.6760,0.000399
_14573_,VSS,Metal1,974.6065,504.4915,0.000346
_14572_,VSS,Metal1,992.9800,504.4510,0.000386
_14571_,VSS,Metal1,1002.1050,513.4785,0.000394
_14570_,VSS,Metal1,1000.0200,504.6050,0.000400
_14569_,VSS,Metal1,989.9800,533.7425,0.000964
_14568_,VSS,Metal1,983.6825,523.7560,0.000412
_14567_,VSS,Metal1,1010.4300,534.6435,0.000993
_14566_,VSS,Metal1,993.3065,524.7765,0.000551
_14565_,VSS,Metal1,998.1850,533.6385,0.000991
_14564_,VSS,Metal1,1016.5800,534.7660,0.000993
_14563_,VSS,Metal1,991.9665,553.9080,0.000303
_14562_,VSS,Metal1,1007.7680,563.8680,0.000421
_14561_,VSS,Metal1,1017.9465,544.9365,0.000437
_14560_,VSS,Metal1,1008.8825,554.8035,0.000322
_14559_,VSS,Metal1,1022.9800,553.7950,0.000339
_14558_,VSS,Metal1,1011.5665,564.9715,0.000421
_14557_,VSS,Metal1,1029.5450,565.0810,0.000434
_14556_,VSS,Metal1,1023.5465,563.8630,0.000431
_14555_,VSS,Metal1,1038.9800,736.3660,0.000216
_14554_,VSS,Metal1,1049.2025,726.1635,0.000107
_14553_,VSS,Metal1,1031.6200,543.8685,0.000447
_14552_,VSS,Metal1,1042.9265,715.1880,0.000131
_14551_,VSS,Metal1,1039.1280,726.3720,0.000099
_14550_,VSS,Metal1,1044.7225,735.4360,0.000219
_14549_,VSS,Metal1,1044.2600,756.6050,0.000477
_14548_,VSS,Metal1,1034.5000,745.3935,0.000132
_14547_,VSS,Metal1,1029.6025,736.2435,0.000212
_14546_,VSS,Metal1,1038.5680,746.5320,0.000133
_14545_,VSS,Metal1,1043.4500,755.5180,0.000476
_14544_,VSS,Metal1,1039.5500,745.5160,0.000133
_14543_,VSS,Metal1,1021.2025,756.4035,0.000464
_14542_,VSS,Metal1,1018.2600,745.3935,0.000141
_14541_,VSS,Metal1,1018.9625,736.2435,0.000230
_14540_,VSS,Metal1,1020.9800,765.6285,0.000136
_14539_,VSS,Metal1,1021.2025,766.4835,0.000136
_14538_,VSS,Metal1,1036.8250,766.6810,0.000131
_14537_,VSS,Metal1,1034.6425,776.5635,0.000374
_14536_,VSS,Metal1,1015.0425,765.6760,0.000138
_14535_,VSS,Metal1,1007.0600,745.3935,0.000143
_14534_,VSS,Metal1,1004.4025,735.4360,0.000239
_14533_,VSS,Metal1,1003.6200,765.6285,0.000138
_14532_,VSS,Metal1,1009.4425,765.6760,0.000138
_14531_,VSS,Metal1,1017.2250,775.5585,0.000381
_14530_,VSS,Metal1,1001.6025,775.7560,0.000383
_14529_,VSS,Metal1,990.8200,766.6060,0.000138
_14528_,VSS,Metal1,998.1265,746.4115,0.000145
_14527_,VSS,Metal1,991.5280,765.4680,0.000138
_14526_,VSS,Metal1,996.1065,766.6965,0.000138
_14525_,VSS,Metal1,995.4425,776.5635,0.000394
_14524_,VSS,Metal1,980.2065,745.4280,0.000145
_14523_,VSS,Metal1,997.6250,755.3985,0.000485
_14522_,VSS,Metal1,995.4425,756.4035,0.000485
_14521_,VSS,Metal1,933.1665,696.0115,0.000559
_14520_,VSS,Metal1,986.3665,815.9880,0.000299
_14519_,VSS,Metal1,1066.4465,847.2115,0.000641
_14518_,VSS,Metal1,1075.9665,866.3880,0.000203
_14517_,VSS,Metal1,1062.5265,877.4515,0.000321
_14516_,VSS,Metal1,1076.5265,907.6915,0.000289
_14515_,VSS,Metal1,1076.5265,927.8515,0.000110
_14514_,VSS,Metal1,1059.7265,958.0915,0.000299
_14513_,VSS,Metal1,1076.5265,948.0115,0.000184
_14512_,VSS,Metal1,982.4465,453.1080,0.000256
_14511_,VSS,Metal1,980.6600,454.0510,0.000256
_14510_,VSS,Metal1,971.7800,454.1260,0.000238
_14509_,VSS,Metal1,978.6425,463.2760,0.000407
_14508_,VSS,Metal1,974.0465,453.1080,0.000238
_14507_,VSS,Metal1,968.5680,463.0680,0.000307
_14506_,VSS,Metal1,964.6425,464.0835,0.000307
_14505_,VSS,Metal1,971.4665,464.2965,0.000307
_14504_,VSS,Metal1,970.3175,474.2450,0.000764
_14503_,VSS,Metal1,959.1175,474.2450,0.000578
_14502_,VSS,Metal1,958.9265,463.1880,0.000149
_14501_,VSS,Metal1,963.5280,473.1480,0.000579
_14500_,VSS,Metal1,953.8500,474.2415,0.000536
_14499_,VSS,Metal1,976.9625,483.4360,0.001103
_14498_,VSS,Metal1,964.6425,474.1635,0.000579
_14497_,VSS,Metal1,941.5665,473.2680,0.000470
_14496_,VSS,Metal1,952.1000,483.3885,0.000448
_14495_,VSS,Metal1,963.9400,494.4460,0.000915
_14494_,VSS,Metal1,963.4650,493.3185,0.000915
_14493_,VSS,Metal1,969.1225,493.5160,0.000930
_14492_,VSS,Metal1,957.4665,493.3030,0.000895
_14491_,VSS,Metal1,955.5400,494.3535,0.000888
_14490_,VSS,Metal1,960.0200,513.5535,0.000336
_14489_,VSS,Metal1,960.5900,504.4035,0.000332
_14488_,VSS,Metal1,934.8465,513.5880,0.000332
_14487_,VSS,Metal1,952.1000,513.6285,0.000330
_14486_,VSS,Metal1,953.3850,504.6010,0.000323
_14485_,VSS,Metal1,956.9000,514.6850,0.000335
_14484_,VSS,Metal1,961.9800,524.6575,0.000404
_14483_,VSS,Metal1,961.2825,514.4835,0.000336
_14482_,VSS,Metal1,960.0300,533.8360,0.000604
_14481_,VSS,Metal1,959.7065,534.8565,0.000604
_14480_,VSS,Metal1,955.6250,524.7610,0.000398
_14479_,VSS,Metal1,972.3400,553.8735,0.000268
_14478_,VSS,Metal1,976.8465,564.9715,0.000415
_14477_,VSS,Metal1,973.6080,555.0120,0.000268
_14476_,VSS,Metal1,954.1065,563.8630,0.000359
_14475_,VSS,Metal1,964.6425,564.8835,0.000366
_14474_,VSS,Metal1,1020.7400,565.0850,0.000431
_14473_,VSS,Metal1,1002.0465,575.0515,0.000549
_14472_,VSS,Metal1,1013.3050,584.0385,0.000277
_14471_,VSS,Metal1,1022.4265,594.1030,0.000504
_14470_,VSS,Metal1,1052.9800,664.7535,0.000398
_14469_,VSS,Metal1,1056.4825,675.7635,0.000846
_14468_,VSS,Metal1,1021.5400,574.1085,0.000559
_14467_,VSS,Metal1,1050.7665,685.9315,0.000466
_14466_,VSS,Metal1,1054.2480,684.8280,0.000467
_14465_,VSS,Metal1,1058.7225,674.9560,0.000848
_14464_,VSS,Metal1,1081.2200,675.9650,0.000853
_14463_,VSS,Metal1,1082.1000,696.0460,0.000785
_14462_,VSS,Metal1,1077.7625,706.0035,0.000288
_14461_,VSS,Metal1,1071.0480,686.0520,0.000471
_14460_,VSS,Metal1,1075.3700,696.0015,0.000785
_14459_,VSS,Metal1,1080.4300,665.6835,0.000398
_14458_,VSS,Metal1,1073.8425,706.0035,0.000285
_14457_,VSS,Metal1,1065.3000,716.2060,0.000140
_14456_,VSS,Metal1,1068.8025,716.0835,0.000140
_14455_,VSS,Metal1,1058.5000,706.0510,0.000261
_14454_,VSS,Metal1,1067.6825,705.1960,0.000267
_14453_,VSS,Metal1,1077.7050,704.9985,0.000288
_14452_,VSS,Metal1,1062.6425,695.1160,0.000785
_14451_,VSS,Metal1,1022.8825,695.9235,0.000754
_14450_,VSS,Metal1,1003.7000,705.0735,0.000244
_14449_,VSS,Metal1,1004.4025,725.3560,0.000098
_14448_,VSS,Metal1,1009.2200,705.1485,0.000244
_14447_,VSS,Metal1,1011.1225,695.9235,0.000739
_14446_,VSS,Metal1,1017.2250,696.1210,0.000748
_14445_,VSS,Metal1,1023.4425,695.1160,0.000754
_14444_,VSS,Metal1,999.2200,685.9660,0.000424
_14443_,VSS,Metal1,988.0465,725.2680,0.000098
_14442_,VSS,Metal1,988.1680,704.9880,0.000249
_14441_,VSS,Metal1,984.3465,694.9030,0.000725
_14440_,VSS,Metal1,997.6825,685.0360,0.000424
_14439_,VSS,Metal1,962.8465,696.0115,0.000703
_14438_,VSS,Metal1,971.8650,696.1210,0.000705
_14437_,VSS,Metal1,978.0825,695.9235,0.000710
_14436_,VSS,Metal1,923.6465,696.0115,0.000572
_14435_,VSS,Metal1,988.6065,816.9715,0.000299
_14434_,VSS,Metal1,1076.5265,847.2115,0.000641
_14433_,VSS,Metal1,1057.4865,876.4680,0.000318
_14432_,VSS,Metal1,1075.9665,886.5480,0.000081
_14431_,VSS,Metal1,1076.5265,897.6115,0.000084
_14430_,VSS,Metal1,1067.0065,937.9315,0.000256
_14429_,VSS,Metal1,1076.5265,968.1715,0.000082
_14428_,VSS,Metal1,1078.7665,977.2680,0.000094
_14427_,VSS,Metal1,467.2465,664.7880,0.000255
_14426_,VSS,Metal1,440.3665,705.1080,0.000242
_14425_,VSS,Metal1,926.4200,574.0335,0.000403
_14424_,VSS,Metal1,933.2825,564.8835,0.000390
_14423_,VSS,Metal1,925.8600,565.0060,0.000391
_14422_,VSS,Metal1,918.5800,574.0335,0.000403
_14421_,VSS,Metal1,918.5900,564.8835,0.000398
_14420_,VSS,Metal1,912.1000,573.9550,0.000403
_14419_,VSS,Metal1,937.2025,564.8835,0.000390
_14418_,VSS,Metal1,919.1665,553.9080,0.000247
_14417_,VSS,Metal1,912.9000,564.0285,0.000414
_14416_,VSS,Metal1,905.9400,555.0050,0.000243
_14415_,VSS,Metal1,923.6465,534.7315,0.000474
_14414_,VSS,Metal1,908.5850,544.9210,0.000362
_14413_,VSS,Metal1,903.7000,543.7150,0.000362
_14412_,VSS,Metal1,907.3900,534.6435,0.000456
_14411_,VSS,Metal1,913.5665,503.5080,0.000339
_14410_,VSS,Metal1,900.5800,533.7885,0.000451
_14409_,VSS,Metal1,884.5625,523.7560,0.000337
_14408_,VSS,Metal1,873.3625,524.5635,0.000329
_14407_,VSS,Metal1,886.6865,513.5880,0.000445
_14406_,VSS,Metal1,878.7400,523.7085,0.000333
_14405_,VSS,Metal1,833.1800,514.5775,0.000444
_14404_,VSS,Metal1,827.4425,524.5635,0.000284
_14403_,VSS,Metal1,854.7665,504.4915,0.000369
_14402_,VSS,Metal1,838.9800,523.7085,0.000297
_14401_,VSS,Metal1,833.1465,523.5430,0.000290
_14400_,VSS,Metal1,802.6800,533.7100,0.000349
_14399_,VSS,Metal1,815.5665,514.5715,0.000371
_14398_,VSS,Metal1,804.9850,523.5585,0.000251
_14397_,VSS,Metal1,798.4200,524.7650,0.000246
_14396_,VSS,Metal1,783.9000,523.6625,0.000241
_14395_,VSS,Metal1,785.4425,513.6760,0.000324
_14394_,VSS,Metal1,781.0665,524.7765,0.000243
_14393_,VSS,Metal1,785.8700,533.8360,0.000380
_14392_,VSS,Metal1,757.3000,544.8460,0.000271
_14391_,VSS,Metal1,761.9225,553.9960,0.000247
_14390_,VSS,Metal1,741.6200,553.8735,0.000298
_14389_,VSS,Metal1,743.4425,554.8035,0.000297
_14388_,VSS,Metal1,747.1400,553.9485,0.000286
_14387_,VSS,Metal1,630.9800,644.5150,0.000154
_14386_,VSS,Metal1,641.4065,635.5315,0.000268
_14385_,VSS,Metal1,632.9000,635.4910,0.000283
_14384_,VSS,Metal1,602.1800,635.5660,0.000343
_14383_,VSS,Metal1,590.4465,644.6280,0.000180
_14382_,VSS,Metal1,590.5050,645.7210,0.000180
_14381_,VSS,Metal1,512.8200,644.5150,0.000200
_14380_,VSS,Metal1,512.8600,645.6175,0.000200
_14379_,VSS,Metal1,520.5625,644.7160,0.000204
_14378_,VSS,Metal1,507.7865,634.4230,0.000328
_14377_,VSS,Metal1,508.1100,645.5235,0.000198
_14376_,VSS,Metal1,464.6600,644.5150,0.000193
_14375_,VSS,Metal1,457.4200,644.6225,0.000200
_14374_,VSS,Metal1,466.2425,634.6360,0.000321
_14373_,VSS,Metal1,447.9200,644.6700,0.000216
_14372_,VSS,Metal1,448.4200,654.5950,0.000660
_14371_,VSS,Metal1,423.5665,625.4515,0.000329
_14370_,VSS,Metal1,413.9400,635.4910,0.000324
_14369_,VSS,Metal1,422.0025,635.4435,0.000324
_14368_,VSS,Metal1,388.8200,654.6735,0.000622
_14367_,VSS,Metal1,387.2825,635.4435,0.000309
_14366_,VSS,Metal1,393.8865,624.4680,0.000302
_14365_,VSS,Metal1,393.2200,635.4910,0.000313
_14364_,VSS,Metal1,383.3625,644.7160,0.000217
_14363_,VSS,Metal1,823.3800,594.1935,0.000392
_14362_,VSS,Metal1,823.5225,584.2360,0.000326
_14361_,VSS,Metal1,825.0600,595.2460,0.000392
_14360_,VSS,Metal1,830.6600,595.2460,0.000396
_14359_,VSS,Metal1,818.9100,595.1235,0.000364
_14358_,VSS,Metal1,814.1000,614.2750,0.000444
_14357_,VSS,Metal1,827.4425,584.2360,0.000326
_14356_,VSS,Metal1,802.1265,595.2115,0.000314
_14355_,VSS,Metal1,804.2600,614.4285,0.000428
_14354_,VSS,Metal1,794.5000,624.3550,0.000369
_14353_,VSS,Metal1,784.2065,604.3080,0.000417
_14352_,VSS,Metal1,780.3450,615.4810,0.000431
_14351_,VSS,Metal1,766.5000,615.4850,0.000433
_14350_,VSS,Metal1,765.7100,624.5560,0.000376
_14349_,VSS,Metal1,761.8065,614.3880,0.000434
_14348_,VSS,Metal1,759.4600,615.3310,0.000434
_14347_,VSS,Metal1,749.0425,624.5560,0.000381
_14346_,VSS,Metal1,745.1225,625.3635,0.000382
_14345_,VSS,Metal1,742.2065,594.2280,0.000311
_14344_,VSS,Metal1,741.5400,634.5885,0.000332
_14343_,VSS,Metal1,735.1800,655.6975,0.000783
_14342_,VSS,Metal1,714.8825,664.8760,0.000289
_14341_,VSS,Metal1,727.6465,595.2115,0.000308
_14340_,VSS,Metal1,730.9000,654.7485,0.000794
_14339_,VSS,Metal1,721.7065,665.8965,0.000287
_14338_,VSS,Metal1,716.4400,674.8300,0.000366
_14337_,VSS,Metal1,706.3665,674.8680,0.000361
_14336_,VSS,Metal1,706.9850,675.9610,0.000361
_14335_,VSS,Metal1,700.4200,675.9650,0.000359
_14334_,VSS,Metal1,697.6600,695.0225,0.000708
_14333_,VSS,Metal1,689.6825,695.9235,0.000709
_14332_,VSS,Metal1,702.1065,686.0565,0.000454
_14331_,VSS,Metal1,697.3900,685.8435,0.000448
_14330_,VSS,Metal1,642.5000,685.9660,0.000431
_14329_,VSS,Metal1,636.4825,685.0360,0.000444
_14328_,VSS,Metal1,629.6465,674.8680,0.000260
_14327_,VSS,Metal1,621.1400,684.9885,0.000446
_14326_,VSS,Metal1,569.9400,686.0450,0.000447
_14325_,VSS,Metal1,588.2065,684.9480,0.000451
_14324_,VSS,Metal1,569.7850,684.8385,0.000447
_14323_,VSS,Metal1,543.3800,694.9935,0.001092
_14322_,VSS,Metal1,551.2465,695.0280,0.001100
_14321_,VSS,Metal1,541.2250,684.8385,0.000425
_14320_,VSS,Metal1,503.8600,686.0450,0.000394
_14319_,VSS,Metal1,508.3800,756.4975,0.000000
_14318_,VSS,Metal1,502.0825,766.4835,0.000033
_14317_,VSS,Metal1,516.1865,736.4565,0.000045
_14316_,VSS,Metal1,517.0700,746.3235,0.000046
_14315_,VSS,Metal1,515.0600,745.3150,0.000046
_14314_,VSS,Metal1,504.4600,837.1375,0.000000
_14313_,VSS,Metal1,510.4825,837.0435,0.000000
_14312_,VSS,Metal1,507.8400,836.1900,0.000000
_14311_,VSS,Metal1,510.5800,825.9550,0.000000
_14310_,VSS,Metal1,500.2865,926.8680,0.000000
_14309_,VSS,Metal1,505.2200,827.0110,0.000000
_14308_,VSS,Metal1,497.6025,826.1560,0.000000
_14307_,VSS,Metal1,504.1800,806.9260,0.000000
_14306_,VSS,Metal1,498.1625,806.8035,0.000000
_14305_,VSS,Metal1,505.8865,867.3715,0.000000
_14304_,VSS,Metal1,504.2650,815.8785,0.000000
_14303_,VSS,Metal1,497.6025,786.6435,0.000033
_14302_,VSS,Metal1,408.4465,664.7880,0.000254
_14301_,VSS,Metal1,494.1000,705.0735,0.000203
_14300_,VSS,Metal1,483.6025,685.0360,0.000367
_14299_,VSS,Metal1,1041.2465,292.8115,0.000477
_14298_,VSS,Metal1,1051.8865,291.8280,0.000482
_14297_,VSS,Metal1,1000.9265,281.7480,0.000348
_14296_,VSS,Metal1,977.4065,282.7315,0.000308
_14295_,VSS,Metal1,960.6065,312.9715,0.000469
_14294_,VSS,Metal1,882.7665,302.8915,0.000536
_14293_,VSS,Metal1,857.5665,282.7315,0.000218
_14292_,VSS,Metal1,904.0465,311.9880,0.000579
_14291_,VSS,Metal1,737.1665,353.2915,0.000457
_14290_,VSS,Metal1,639.1665,503.5080,0.000283
_14289_,VSS,Metal1,570.8465,523.6680,0.000296
_14288_,VSS,Metal1,472.8465,513.5880,0.000269
_14287_,VSS,Metal1,405.0865,503.5080,0.000425
_14286_,VSS,Metal1,412.3665,524.6515,0.000253
_14285_,VSS,Metal1,391.0865,494.4115,0.000574
_14284_,VSS,Metal1,394.4465,392.6280,0.000567
_14283_,VSS,Metal1,855.8865,332.1480,0.000402
_14282_,VSS,Metal1,837.9665,342.2280,0.000476
_14281_,VSS,Metal1,806.0465,302.8915,0.000487
_14280_,VSS,Metal1,745.0065,332.1480,0.000587
_14279_,VSS,Metal1,827.3265,323.0515,0.000342
_14278_,VSS,Metal1,724.8465,312.9715,0.000401
_14277_,VSS,Metal1,756.7665,301.9080,0.000458
_14276_,VSS,Metal1,776.3665,302.8915,0.000444
_14275_,VSS,Metal1,660.4465,504.4915,0.000334
_14274_,VSS,Metal1,540.0465,523.6680,0.000291
_14273_,VSS,Metal1,560.7665,543.8280,0.000291
_14272_,VSS,Metal1,472.8465,533.7480,0.000466
_14271_,VSS,Metal1,384.3665,575.0515,0.000440
_14270_,VSS,Metal1,327.8065,574.0680,0.000384
_14269_,VSS,Metal1,345.1665,585.1315,0.000447
_14268_,VSS,Metal1,355.2465,533.7480,0.000491
_14267_,VSS,Metal1,640.2865,1078.0680,0.000165
_14266_,VSS,Metal1,535.5665,1078.0680,0.000193
_14265_,VSS,Metal1,644.7665,1089.1315,0.000340
_14264_,VSS,Metal1,608.3665,1079.0515,0.000180
_14263_,VSS,Metal1,546.2065,1079.0515,0.000196
_14262_,VSS,Metal1,508.6865,1018.5715,0.000153
_14261_,VSS,Metal1,665.4865,1098.2280,0.000166
_14260_,VSS,Metal1,508.6865,958.0915,0.000033
_14259_,VSS,Metal1,721.6025,1089.0435,0.000303
_14258_,VSS,Metal1,724.9625,1078.1560,0.000157
_14257_,VSS,Metal1,572.6425,1078.9635,0.000196
_14256_,VSS,Metal1,567.0425,1088.2360,0.000337
_14255_,VSS,Metal1,658.8825,1098.3160,0.000169
_14254_,VSS,Metal1,671.7625,1089.0435,0.000350
_14253_,VSS,Metal1,611.8425,1089.0435,0.000338
_14252_,VSS,Metal1,618.5625,1078.1560,0.000172
_14251_,VSS,Metal1,556.4025,1078.1560,0.000198
_14250_,VSS,Metal1,558.0825,1089.0435,0.000335
_14249_,VSS,Metal1,506.0025,1008.4035,0.000033
_14248_,VSS,Metal1,509.9225,1008.4035,0.000033
_14247_,VSS,Metal1,688.4465,1079.0515,0.000169
_14246_,VSS,Metal1,497.6025,937.8435,0.000033
_14245_,VSS,Metal1,501.5225,937.8435,0.000033
_14244_,VSS,Metal1,884.0025,625.3635,0.000504
_14243_,VSS,Metal1,892.8200,595.1000,0.000480
_14242_,VSS,Metal1,895.8665,594.1030,0.000485
_14241_,VSS,Metal1,883.4425,635.4435,0.000617
_14240_,VSS,Metal1,882.2430,614.3415,0.000472
_14239_,VSS,Metal1,881.3000,615.4850,0.000472
_14238_,VSS,Metal1,886.2425,595.1235,0.000474
_14237_,VSS,Metal1,897.5465,585.2565,0.000321
_14236_,VSS,Metal1,898.9800,575.0860,0.000402
_14235_,VSS,Metal1,894.3430,584.1350,0.000321
_14234_,VSS,Metal1,903.9400,584.1885,0.000313
_14233_,VSS,Metal1,914.9065,575.1765,0.000403
_14232_,VSS,Metal1,886.3465,575.1765,0.000402
_14231_,VSS,Metal1,890.6430,594.1815,0.000480
_14230_,VSS,Metal1,885.7800,585.2450,0.000325
_14229_,VSS,Metal1,892.2500,585.1215,0.000321
_14228_,VSS,Metal1,893.3800,575.0860,0.000402
_14227_,VSS,Metal1,894.5100,574.1560,0.000402
_14226_,VSS,Metal1,897.3000,563.9535,0.000431
_14225_,VSS,Metal1,900.8025,564.0760,0.000431
_14224_,VSS,Metal1,899.7865,555.0165,0.000242
_14223_,VSS,Metal1,904.5700,574.0780,0.000402
_14222_,VSS,Metal1,906.5065,565.0965,0.000426
_14221_,VSS,Metal1,899.7865,573.9430,0.000402
_14220_,VSS,Metal1,904.0300,574.9635,0.000402
_14219_,VSS,Metal1,877.8425,644.7160,0.000268
_14218_,VSS,Metal1,886.3200,554.9260,0.000238
_14217_,VSS,Metal1,895.6200,554.9260,0.000241
_14216_,VSS,Metal1,895.8600,553.7950,0.000241
_14215_,VSS,Metal1,902.2600,553.9485,0.000242
_14214_,VSS,Metal1,911.5465,553.7830,0.000244
_14213_,VSS,Metal1,902.4825,544.7235,0.000362
_14212_,VSS,Metal1,897.5400,543.7150,0.000298
_14211_,VSS,Metal1,881.7625,654.7960,0.000654
_14210_,VSS,Metal1,875.0425,654.7960,0.000654
_14209_,VSS,Metal1,884.6400,544.8460,0.000288
_14208_,VSS,Metal1,885.6825,553.9960,0.000238
_14207_,VSS,Metal1,890.5000,543.8685,0.000293
_14206_,VSS,Metal1,885.1225,533.8360,0.000437
_14205_,VSS,Metal1,881.6200,533.7135,0.000434
_14204_,VSS,Metal1,877.8425,534.6435,0.000429
_14203_,VSS,Metal1,898.9800,544.7535,0.000298
_14202_,VSS,Metal1,900.0200,534.6910,0.000451
_14201_,VSS,Metal1,894.1865,534.8565,0.000446
_14200_,VSS,Metal1,875.0425,664.8760,0.000309
_14199_,VSS,Metal1,866.6425,624.5560,0.000504
_14198_,VSS,Metal1,874.5600,543.7935,0.000286
_14197_,VSS,Metal1,873.9225,534.6435,0.000426
_14196_,VSS,Metal1,873.7000,533.7885,0.000426
_14195_,VSS,Metal1,869.4425,524.5635,0.000325
_14194_,VSS,Metal1,878.2500,524.6415,0.000333
_14193_,VSS,Metal1,882.8825,524.5635,0.000336
_14192_,VSS,Metal1,841.3000,533.7135,0.000396
_14191_,VSS,Metal1,866.6425,634.6360,0.000633
_14190_,VSS,Metal1,826.8030,543.7815,0.000259
_14189_,VSS,Metal1,833.7000,553.7950,0.000219
_14188_,VSS,Metal1,829.4675,534.6435,0.000381
_14187_,VSS,Metal1,831.3625,524.5635,0.000290
_14186_,VSS,Metal1,826.7300,533.7580,0.000379
_14185_,VSS,Metal1,810.5000,533.7135,0.000353
_14184_,VSS,Metal1,807.8425,534.6435,0.000353
_14183_,VSS,Metal1,814.6665,533.6230,0.000356
_14182_,VSS,Metal1,837.3000,524.6110,0.000294
_14181_,VSS,Metal1,802.2425,645.5235,0.000228
_14180_,VSS,Metal1,801.7600,553.8735,0.000207
_14179_,VSS,Metal1,795.5225,543.9160,0.000240
_14178_,VSS,Metal1,802.1850,534.8410,0.000349
_14177_,VSS,Metal1,804.8200,524.6110,0.000251
_14176_,VSS,Metal1,817.4665,523.5430,0.000264
_14175_,VSS,Metal1,787.2200,543.7150,0.000240
_14174_,VSS,Metal1,799.4425,655.6035,0.000593
_14173_,VSS,Metal1,779.2825,664.8760,0.000224
_14172_,VSS,Metal1,783.8400,563.9535,0.000410
_14171_,VSS,Metal1,787.6825,564.0760,0.000402
_14170_,VSS,Metal1,778.7225,674.9560,0.000391
_14169_,VSS,Metal1,783.5400,553.9485,0.000205
_14168_,VSS,Metal1,787.0650,524.7610,0.000241
_14167_,VSS,Metal1,783.5400,544.7710,0.000243
_14166_,VSS,Metal1,777.7065,544.9365,0.000249
_14165_,VSS,Metal1,761.7800,554.9260,0.000247
_14164_,VSS,Metal1,761.8065,645.6115,0.000243
_14163_,VSS,Metal1,755.6465,564.9715,0.000461
_14162_,VSS,Metal1,756.1000,564.0285,0.000461
_14161_,VSS,Metal1,756.1000,553.9485,0.000261
_14160_,VSS,Metal1,765.2825,554.8035,0.000240
_14159_,VSS,Metal1,755.8665,555.0165,0.000261
_14158_,VSS,Metal1,630.9800,624.3550,0.000343
_14157_,VSS,Metal1,835.1665,644.6280,0.000248
_14156_,VSS,Metal1,639.1665,644.6280,0.000153
_14155_,VSS,Metal1,625.9465,644.5030,0.000155
_14154_,VSS,Metal1,623.7600,635.4900,0.000308
_14153_,VSS,Metal1,623.1400,634.4350,0.000308
_14152_,VSS,Metal1,598.5400,644.6260,0.000177
_14151_,VSS,Metal1,604.0025,644.7160,0.000172
_14150_,VSS,Metal1,629.0600,645.5535,0.000154
_14149_,VSS,Metal1,629.5400,634.5885,0.000293
_14148_,VSS,Metal1,630.7500,625.3635,0.000343
_14147_,VSS,Metal1,854.7665,645.6115,0.000255
_14146_,VSS,Metal1,606.6600,645.6460,0.000172
_14145_,VSS,Metal1,603.4425,654.7960,0.000597
_14144_,VSS,Metal1,598.1800,645.5710,0.000177
_14143_,VSS,Metal1,581.9400,644.6685,0.000185
_14142_,VSS,Metal1,597.2825,634.6360,0.000349
_14141_,VSS,Metal1,583.9465,634.4230,0.000349
_14140_,VSS,Metal1,590.4100,654.7180,0.000600
_14139_,VSS,Metal1,510.0265,635.6565,0.000328
_14138_,VSS,Metal1,581.4865,655.6915,0.000600
_14137_,VSS,Metal1,510.9265,654.7080,0.000585
_14136_,VSS,Metal1,504.4265,654.5830,0.000582
_14135_,VSS,Metal1,501.6800,645.5700,0.000198
_14134_,VSS,Metal1,498.8200,654.5950,0.000580
_14133_,VSS,Metal1,504.7400,655.6335,0.000582
_14132_,VSS,Metal1,503.7050,635.6410,0.000328
_14131_,VSS,Metal1,465.6825,645.5235,0.000193
_14130_,VSS,Metal1,462.4600,655.6975,0.000633
_14129_,VSS,Metal1,473.5225,664.8760,0.000255
_14128_,VSS,Metal1,458.5000,654.5950,0.000645
_14127_,VSS,Metal1,442.4200,645.5565,0.000224
_14126_,VSS,Metal1,436.9800,645.6460,0.000230
_14125_,VSS,Metal1,449.7800,645.5710,0.000214
_14124_,VSS,Metal1,431.0665,645.7365,0.000233
_14123_,VSS,Metal1,464.1065,654.5830,0.000633
_14122_,VSS,Metal1,629.2025,655.6035,0.000587
_14121_,VSS,Metal1,638.7225,664.8760,0.000269
_14120_,VSS,Metal1,443.3600,654.6735,0.000660
_14119_,VSS,Metal1,433.6200,655.7260,0.000735
_14118_,VSS,Metal1,423.2800,645.5700,0.000233
_14117_,VSS,Metal1,422.1000,655.8050,0.000735
_14116_,VSS,Metal1,412.9000,644.6860,0.000235
_14115_,VSS,Metal1,428.1050,635.6410,0.000324
_14114_,VSS,Metal1,435.4425,644.7160,0.000230
_14113_,VSS,Metal1,394.1400,664.7825,0.000251
_14112_,VSS,Metal1,401.2825,664.8760,0.000254
_14111_,VSS,Metal1,387.9400,655.8050,0.000622
_14110_,VSS,Metal1,381.6825,645.5235,0.000214
_14109_,VSS,Metal1,400.5800,645.6460,0.000232
_14108_,VSS,Metal1,387.7850,645.7210,0.000220
_14107_,VSS,Metal1,389.3000,644.6685,0.000220
_14106_,VSS,Metal1,404.0825,654.7960,0.000734
_14105_,VSS,Metal1,389.6265,664.6630,0.000251
_14104_,VSS,Metal1,765.7265,665.7715,0.000224
_14103_,VSS,Metal1,405.0865,644.6280,0.000234
_14102_,VSS,Metal1,394.5050,654.5985,0.000734
_14101_,VSS,Metal1,395.7865,644.5030,0.000228
_14100_,VSS,Metal1,835.7630,624.4215,0.000491
_14099_,VSS,Metal1,837.9400,614.3535,0.000473
_14098_,VSS,Metal1,844.7230,625.4980,0.000500
_14097_,VSS,Metal1,846.0200,614.2750,0.000473
_14096_,VSS,Metal1,846.9000,615.4060,0.000473
_14095_,VSS,Metal1,833.7000,634.4350,0.000630
_14094_,VSS,Metal1,825.5400,604.3485,0.000600
_14093_,VSS,Metal1,827.5465,594.1030,0.000395
_14092_,VSS,Metal1,821.1400,624.4335,0.000462
_14091_,VSS,Metal1,825.3065,664.6630,0.000265
_14090_,VSS,Metal1,817.2400,625.4900,0.000461
_14089_,VSS,Metal1,812.9865,634.4230,0.000497
_14088_,VSS,Metal1,810.6425,624.5560,0.000432
_14087_,VSS,Metal1,807.9465,625.5765,0.000424
_14086_,VSS,Metal1,800.9800,624.4335,0.000387
_14085_,VSS,Metal1,794.9625,635.4435,0.000345
_14084_,VSS,Metal1,801.2265,625.5765,0.000387
_14083_,VSS,Metal1,813.8500,615.3615,0.000444
_14082_,VSS,Metal1,819.1465,614.2630,0.000447
_14081_,VSS,Metal1,815.2265,624.3430,0.000460
_14080_,VSS,Metal1,820.0300,615.2835,0.000447
_14079_,VSS,Metal1,833.1465,664.6630,0.000265
_14078_,VSS,Metal1,806.1625,645.5235,0.000228
_14077_,VSS,Metal1,796.1600,634.5135,0.000345
_14076_,VSS,Metal1,797.0600,625.4860,0.000370
_14075_,VSS,Metal1,790.5800,625.5650,0.000369
_14074_,VSS,Metal1,786.3400,624.5085,0.000370
_14073_,VSS,Metal1,802.3465,615.4965,0.000427
_14072_,VSS,Metal1,806.1625,615.2835,0.000429
_14071_,VSS,Metal1,762.0200,634.4350,0.000342
_14070_,VSS,Metal1,812.3225,654.7960,0.000604
_14069_,VSS,Metal1,779.2825,645.5235,0.000227
_14068_,VSS,Metal1,769.2800,634.5135,0.000344
_14067_,VSS,Metal1,767.5225,635.4435,0.000344
_14066_,VSS,Metal1,762.8200,625.4110,0.000377
_14065_,VSS,Metal1,756.1800,634.5135,0.000340
_14064_,VSS,Metal1,749.0425,644.7160,0.000250
_14063_,VSS,Metal1,756.3225,635.4435,0.000340
_14062_,VSS,Metal1,769.6200,624.5260,0.000375
_14061_,VSS,Metal1,758.3400,624.5085,0.000378
_14060_,VSS,Metal1,756.9865,625.5765,0.000379
_14059_,VSS,Metal1,788.2425,654.7960,0.000628
_14058_,VSS,Metal1,843.6825,645.5235,0.000252
_14057_,VSS,Metal1,756.9600,644.5935,0.000245
_14056_,VSS,Metal1,750.7225,645.5235,0.000248
_14055_,VSS,Metal1,746.5800,635.4910,0.000335
_14054_,VSS,Metal1,749.0425,625.3635,0.000381
_14053_,VSS,Metal1,748.3300,634.5580,0.000335
_14052_,VSS,Metal1,752.4025,635.4435,0.000338
_14051_,VSS,Metal1,719.5000,664.7825,0.000287
_14050_,VSS,Metal1,846.4825,664.8760,0.000269
_14049_,VSS,Metal1,746.2425,674.9560,0.000388
_14048_,VSS,Metal1,739.6000,665.8060,0.000268
_14047_,VSS,Metal1,738.4025,674.9560,0.000379
_14046_,VSS,Metal1,735.3800,664.8285,0.000274
_14045_,VSS,Metal1,754.0825,674.9560,0.000388
_14044_,VSS,Metal1,734.0265,674.7430,0.000376
_14043_,VSS,Metal1,722.0400,675.8900,0.000368
_14042_,VSS,Metal1,717.2265,665.8965,0.000287
_14041_,VSS,Metal1,727.5400,664.8285,0.000283
_14040_,VSS,Metal1,729.5465,674.7430,0.000373
_14039_,VSS,Metal1,741.2025,664.8760,0.000253
_14038_,VSS,Metal1,728.8825,685.8435,0.000447
_14037_,VSS,Metal1,722.8000,685.9660,0.000451
_14036_,VSS,Metal1,722.7225,685.0360,0.000451
_14035_,VSS,Metal1,717.0650,684.8385,0.000451
_14034_,VSS,Metal1,714.6600,675.8110,0.000366
_14033_,VSS,Metal1,726.1865,665.8965,0.000284
_14032_,VSS,Metal1,714.9800,686.0450,0.000451
_14031_,VSS,Metal1,736.1625,695.9235,0.000647
_14030_,VSS,Metal1,741.2025,695.9235,0.000647
_14029_,VSS,Metal1,745.1225,685.0360,0.000441
_14028_,VSS,Metal1,767.5225,685.8435,0.000421
_14027_,VSS,Metal1,763.6025,685.8435,0.000425
_14026_,VSS,Metal1,840.8825,665.6835,0.000268
_14025_,VSS,Metal1,840.8825,675.7635,0.000462
_14024_,VSS,Metal1,845.2465,685.9315,0.000482
_14023_,VSS,Metal1,806.1625,685.0360,0.000467
_14022_,VSS,Metal1,825.7625,685.0360,0.000482
_14021_,VSS,Metal1,803.9225,675.7635,0.000428
_14020_,VSS,Metal1,807.8425,675.7635,0.000428
_14019_,VSS,Metal1,866.6425,695.1160,0.000574
_14018_,VSS,Metal1,875.6025,695.9235,0.000575
_14017_,VSS,Metal1,749.0425,695.1160,0.000637
_14016_,VSS,Metal1,755.7625,695.1160,0.000637
_14015_,VSS,Metal1,764.1625,695.1160,0.000578
_14014_,VSS,Metal1,776.4825,705.1960,0.000304
_14013_,VSS,Metal1,445.5225,675.7635,0.000318
_14012_,VSS,Metal1,460.0825,675.7635,0.000315
_14011_,VSS,Metal1,433.6465,684.9480,0.000383
_14010_,VSS,Metal1,1075.9665,464.1715,0.000471
_14009_,VSS,Metal1,1067.5665,464.1715,0.000465
_14008_,VSS,Metal1,1054.1265,432.9480,0.000532
_14007_,VSS,Metal1,1050.7665,433.9315,0.000531
_14006_,VSS,Metal1,1031.7265,423.8515,0.000417
_14005_,VSS,Metal1,1041.2465,464.1715,0.000449
_14004_,VSS,Metal1,1063.6465,534.7315,0.001045
_14003_,VSS,Metal1,1069.2465,554.8915,0.000348
_14002_,VSS,Metal1,1078.7665,634.5480,0.000919
_14001_,VSS,Metal1,1070.3665,654.7080,0.000785
_14000_,VSS,Metal1,1021.6465,664.7880,0.000384
_13999_,VSS,Metal1,1001.4865,654.7080,0.000732
_13998_,VSS,Metal1,973.4865,665.7715,0.000278
_13997_,VSS,Metal1,945.4865,675.8515,0.000566
_13996_,VSS,Metal1,918.5800,655.6490,0.000709
_13995_,VSS,Metal1,1021.6465,493.4280,0.000983
_13994_,VSS,Metal1,1031.1665,493.4280,0.000984
_13993_,VSS,Metal1,994.2065,484.3315,0.001106
_13992_,VSS,Metal1,1031.7265,504.4915,0.000478
_13991_,VSS,Metal1,994.2065,513.5880,0.000392
_13990_,VSS,Metal1,999.8065,524.6515,0.000551
_13989_,VSS,Metal1,1011.5665,544.8115,0.000426
_13988_,VSS,Metal1,1031.1665,553.9080,0.000339
_13987_,VSS,Metal1,1027.8065,726.2515,0.000098
_13986_,VSS,Metal1,1027.8065,756.4915,0.000460
_13985_,VSS,Metal1,1027.8065,766.5715,0.000132
_13984_,VSS,Metal1,1008.2065,775.6680,0.000382
_13983_,VSS,Metal1,988.6065,776.6515,0.000394
_13982_,VSS,Metal1,984.6865,746.4115,0.000145
_13981_,VSS,Metal1,931.4800,665.7400,0.000239
_13980_,VSS,Metal1,1021.6465,453.1080,0.000324
_13979_,VSS,Metal1,1012.6865,464.1715,0.000422
_13978_,VSS,Metal1,991.9665,473.2680,0.000806
_13977_,VSS,Metal1,972.3665,484.3315,0.000449
_13976_,VSS,Metal1,943.2465,513.5880,0.000330
_13975_,VSS,Metal1,941.5665,523.6680,0.000362
_13974_,VSS,Metal1,960.6065,563.9880,0.000363
_13973_,VSS,Metal1,1021.6465,584.1480,0.000277
_13972_,VSS,Metal1,1050.7665,675.8515,0.000846
_13971_,VSS,Metal1,1061.4065,685.9315,0.000468
_13970_,VSS,Metal1,1061.9665,705.1080,0.000265
_13969_,VSS,Metal1,1017.7265,695.0280,0.000748
_13968_,VSS,Metal1,991.4065,685.9315,0.000414
_13967_,VSS,Metal1,974.6065,695.0280,0.000705
_13966_,VSS,Metal1,930.4825,674.9560,0.000528
_13965_,VSS,Metal1,1028.9265,534.7315,0.001029
_13964_,VSS,Metal1,1041.8065,543.8280,0.000448
_13963_,VSS,Metal1,1051.8865,564.9715,0.000449
_13962_,VSS,Metal1,1057.4865,624.4680,0.000913
_13961_,VSS,Metal1,1031.1665,624.4680,0.000889
_13960_,VSS,Metal1,1019.9665,625.4515,0.000600
_13959_,VSS,Metal1,998.1265,624.4680,0.000584
_13958_,VSS,Metal1,972.3665,635.5315,0.000664
_13957_,VSS,Metal1,942.1265,644.6280,0.000254
_13956_,VSS,Metal1,919.7265,625.4515,0.000516
_13955_,VSS,Metal1,959.4865,605.2915,0.000699
_13954_,VSS,Metal1,1065.3265,736.3315,0.000226
_13953_,VSS,Metal1,1058.0465,765.5880,0.000147
_13952_,VSS,Metal1,1076.5265,796.8115,0.000333
_13951_,VSS,Metal1,1060.2865,806.8915,0.000142
_13950_,VSS,Metal1,1040.6865,805.9080,0.000134
_13949_,VSS,Metal1,1022.2065,796.8115,0.000293
_13948_,VSS,Metal1,1008.2065,805.9080,0.000132
_13947_,VSS,Metal1,1037.3265,534.7315,0.001040
_13946_,VSS,Metal1,1060.8465,533.7480,0.001044
_13945_,VSS,Metal1,1077.6465,554.8915,0.000348
_13944_,VSS,Metal1,1070.3665,634.5480,0.000919
_13943_,VSS,Metal1,1060.8465,654.7080,0.000785
_13942_,VSS,Metal1,1031.1665,664.7880,0.000385
_13941_,VSS,Metal1,999.8065,665.7715,0.000352
_13940_,VSS,Metal1,974.0465,674.8680,0.000754
_13939_,VSS,Metal1,952.7665,664.7880,0.000239
_13938_,VSS,Metal1,912.4465,645.6115,0.000259
_13937_,VSS,Metal1,957.2465,575.0515,0.000429
_13936_,VSS,Metal1,1076.5265,746.4115,0.000178
_13935_,VSS,Metal1,1064.7665,786.7315,0.000358
_13934_,VSS,Metal1,1076.5265,827.0515,0.000530
_13933_,VSS,Metal1,1060.8465,837.1315,0.000227
_13932_,VSS,Metal1,1052.4465,837.1315,0.000225
_13931_,VSS,Metal1,1008.2065,836.1480,0.000219
_13930_,VSS,Metal1,1008.2065,826.0680,0.000438
_13929_,VSS,Metal1,900.1200,684.9800,0.000409
_13928_,VSS,Metal1,1011.5665,524.6515,0.000558
_13927_,VSS,Metal1,1002.0465,544.8115,0.000426
_13926_,VSS,Metal1,1031.1665,563.9880,0.000434
_13925_,VSS,Metal1,1058.6065,735.3480,0.000224
_13924_,VSS,Metal1,1037.3265,756.4915,0.000460
_13923_,VSS,Metal1,1027.8065,776.6515,0.000373
_13922_,VSS,Metal1,1008.2065,785.7480,0.000350
_13921_,VSS,Metal1,988.6065,786.7315,0.000351
_13920_,VSS,Metal1,981.3265,765.5880,0.000138
_13919_,VSS,Metal1,925.8865,705.1080,0.000363
_13918_,VSS,Metal1,984.6865,795.8280,0.000299
_13917_,VSS,Metal1,1056.9265,856.3080,0.000108
_13916_,VSS,Metal1,1058.0465,867.3715,0.000203
_13915_,VSS,Metal1,1047.4065,886.5480,0.000081
_13914_,VSS,Metal1,1075.9665,906.7080,0.000289
_13913_,VSS,Metal1,1056.9265,926.8680,0.000108
_13912_,VSS,Metal1,1047.4065,958.0915,0.000292
_13911_,VSS,Metal1,1067.0065,948.0115,0.000184
_13910_,VSS,Metal1,923.0800,665.7400,0.000243
_13909_,VSS,Metal1,953.3265,544.8115,0.000405
_13908_,VSS,Metal1,952.9700,1077.9250,0.000020
_13907_,VSS,Metal1,946.5800,1078.0335,0.000021
_13906_,VSS,Metal1,929.9280,1088.0280,0.000101
_13905_,VSS,Metal1,932.5000,1079.0110,0.000029
_13904_,VSS,Metal1,916.0200,1079.1650,0.000037
_13903_,VSS,Metal1,934.2600,1078.0335,0.000029
_13902_,VSS,Metal1,961.7265,544.8115,0.000405
_13901_,VSS,Metal1,966.0800,1077.8565,0.000019
_13900_,VSS,Metal1,956.3465,1089.2565,0.000079
_13899_,VSS,Metal1,949.3000,1079.0110,0.000021
_13898_,VSS,Metal1,942.0200,1088.1885,0.000088
_13897_,VSS,Metal1,923.5400,1089.0910,0.000104
_13896_,VSS,Metal1,922.0825,1088.2360,0.000107
_13895_,VSS,Metal1,915.7000,1088.1885,0.000117
_13894_,VSS,Metal1,906.3450,1089.2410,0.000125
_13893_,VSS,Metal1,907.0665,1077.9430,0.000038
_13892_,VSS,Metal1,902.2600,1079.0110,0.000041
_13891_,VSS,Metal1,910.4265,1098.1030,0.000103
_13890_,VSS,Metal1,793.7000,1089.1660,0.000202
_13889_,VSS,Metal1,796.7200,1079.0860,0.000089
_13888_,VSS,Metal1,800.0800,1089.1660,0.000202
_13887_,VSS,Metal1,826.9800,1088.0350,0.000191
_13886_,VSS,Metal1,915.2200,1089.1660,0.000117
_13885_,VSS,Metal1,942.3400,1089.2450,0.000088
_13884_,VSS,Metal1,1064.0135,1069.0265,0.000000
_13883_,VSS,Metal1,1031.1665,584.1480,0.000277
_13882_,VSS,Metal1,1068.6550,1067.7475,0.000000
_13881_,VSS,Metal1,1073.8425,1068.8835,0.000000
_13880_,VSS,Metal1,1067.2265,1077.9430,0.000007
_13879_,VSS,Metal1,957.1400,1079.0110,0.000020
_13878_,VSS,Metal1,950.7465,1088.0230,0.000079
_13877_,VSS,Metal1,941.4600,1079.0110,0.000025
_13876_,VSS,Metal1,926.3400,1078.1085,0.000032
_13875_,VSS,Metal1,854.1000,1089.0910,0.000189
_13874_,VSS,Metal1,850.9625,1098.3160,0.000134
_13873_,VSS,Metal1,828.8025,1079.2235,0.000098
_13872_,VSS,Metal1,817.3625,1088.2360,0.000196
_13871_,VSS,Metal1,821.9465,1088.0230,0.000193
_13870_,VSS,Metal1,810.9800,1088.1885,0.000201
_13869_,VSS,Metal1,800.0025,1098.3160,0.000073
_13868_,VSS,Metal1,795.4650,1088.0385,0.000202
_13867_,VSS,Metal1,760.2425,1088.2360,0.000262
_13866_,VSS,Metal1,797.2025,1078.1560,0.000089
_13865_,VSS,Metal1,807.3800,1089.2450,0.000202
_13864_,VSS,Metal1,845.3625,1089.0435,0.000189
_13863_,VSS,Metal1,911.3000,1079.0860,0.000038
_13862_,VSS,Metal1,1064.1800,1057.9660,0.000000
_13861_,VSS,Metal1,1060.9625,1078.9635,0.000007
_13860_,VSS,Metal1,1075.6600,1048.8050,0.000000
_13859_,VSS,Metal1,1060.2865,664.7880,0.000398
_13858_,VSS,Metal1,1070.8000,1037.5365,0.000000
_13857_,VSS,Metal1,1066.9000,1048.7710,0.000000
_13856_,VSS,Metal1,1068.2425,1057.9960,0.000000
_13855_,VSS,Metal1,1066.9800,1058.8335,0.000000
_13854_,VSS,Metal1,1058.6650,1077.9585,0.000007
_13853_,VSS,Metal1,1056.2675,1078.9635,0.000007
_13852_,VSS,Metal1,1049.1450,1077.9585,0.000007
_13851_,VSS,Metal1,1048.6425,1088.2360,0.000079
_13850_,VSS,Metal1,922.4200,1079.0110,0.000034
_13849_,VSS,Metal1,900.0200,1088.1885,0.000132
_13848_,VSS,Metal1,896.3225,1078.9635,0.000044
_13847_,VSS,Metal1,854.2650,1079.1610,0.000104
_13846_,VSS,Metal1,847.0425,1078.1560,0.000102
_13845_,VSS,Metal1,843.6250,1079.1610,0.000102
_13844_,VSS,Metal1,837.5225,1078.9635,0.000101
_13843_,VSS,Metal1,805.9400,1079.0110,0.000091
_13842_,VSS,Metal1,803.3050,1088.0385,0.000202
_13841_,VSS,Metal1,802.3465,1077.9430,0.000090
_13840_,VSS,Metal1,789.9225,1078.9635,0.000093
_13839_,VSS,Metal1,793.2825,1078.1560,0.000088
_13838_,VSS,Metal1,800.4200,1078.9935,0.000090
_13837_,VSS,Metal1,812.8825,1078.9635,0.000093
_13836_,VSS,Metal1,862.0200,1079.0860,0.000105
_13835_,VSS,Metal1,892.9625,1088.2360,0.000146
_13834_,VSS,Metal1,918.0200,1078.1260,0.000037
_13833_,VSS,Metal1,932.5900,1089.0435,0.000101
_13832_,VSS,Metal1,976.1875,1078.9635,0.000019
_13831_,VSS,Metal1,974.7225,1078.1560,0.000019
_13830_,VSS,Metal1,964.6425,1078.9635,0.000019
_13829_,VSS,Metal1,1045.1400,1088.1135,0.000079
_13828_,VSS,Metal1,1060.4025,1057.9960,0.000000
_13827_,VSS,Metal1,1077.8600,1037.6350,0.000000
_13826_,VSS,Metal1,1073.1665,665.7715,0.000398
_13825_,VSS,Metal1,1067.0065,706.0915,0.000267
_13824_,VSS,Metal1,1017.7265,674.8680,0.000832
_13823_,VSS,Metal1,991.9665,684.9480,0.000414
_13822_,VSS,Metal1,972.3665,675.8515,0.000754
_13821_,VSS,Metal1,918.6065,685.9315,0.000382
_13820_,VSS,Metal1,988.6065,837.1315,0.000233
_13819_,VSS,Metal1,1056.9265,846.2280,0.000635
_13818_,VSS,Metal1,1042.3665,857.2915,0.000106
_13817_,VSS,Metal1,1057.4865,896.6280,0.000083
_13816_,VSS,Metal1,1059.1665,916.7880,0.000086
_13815_,VSS,Metal1,1058.0465,936.9480,0.000244
_13814_,VSS,Metal1,1056.9265,967.1880,0.000078
_13813_,VSS,Metal1,1076.5265,958.0915,0.000300
_13812_,VSS,Metal1,914.1200,665.7400,0.000303
_13811_,VSS,Metal1,738.8830,1088.1015,0.000295
_13810_,VSS,Metal1,726.7400,1089.2450,0.000303
_13809_,VSS,Metal1,725.4065,1079.0515,0.000157
_13808_,VSS,Metal1,473.5225,1098.3160,0.000337
_13807_,VSS,Metal1,591.6030,1088.1015,0.000338
_13806_,VSS,Metal1,582.2600,1077.9550,0.000193
_13805_,VSS,Metal1,580.3665,1089.1315,0.000338
_13804_,VSS,Metal1,539.0425,1078.9635,0.000193
_13803_,VSS,Metal1,687.3630,1089.1780,0.000345
_13802_,VSS,Metal1,676.9000,1088.0350,0.000347
_13801_,VSS,Metal1,668.8465,1078.0680,0.000170
_13800_,VSS,Metal1,533.4425,1089.0435,0.000325
_13799_,VSS,Metal1,630.8030,1088.1015,0.000336
_13798_,VSS,Metal1,618.1000,1089.2450,0.000337
_13797_,VSS,Metal1,623.4865,1088.1480,0.000336
_13796_,VSS,Metal1,601.7625,1078.9635,0.000185
_13795_,VSS,Metal1,569.2030,1089.1780,0.000337
_13794_,VSS,Metal1,563.2200,1089.2450,0.000335
_13793_,VSS,Metal1,560.7665,1088.1480,0.000335
_13792_,VSS,Metal1,550.8025,1078.1560,0.000197
_13791_,VSS,Metal1,517.1230,998.4580,0.000066
_13790_,VSS,Metal1,510.0200,988.4450,0.000000
_13789_,VSS,Metal1,513.7265,1017.5880,0.000153
_13788_,VSS,Metal1,504.8825,988.2435,0.000000
_13787_,VSS,Metal1,702.9800,1078.1260,0.000167
_13786_,VSS,Metal1,703.5600,1088.1100,0.000341
_13785_,VSS,Metal1,697.7830,1078.0550,0.000168
_13784_,VSS,Metal1,697.0665,1089.2565,0.000345
_13783_,VSS,Metal1,507.6825,927.7635,0.000000
_13782_,VSS,Metal1,517.1230,937.9780,0.000033
_13781_,VSS,Metal1,508.6865,948.0115,0.000033
_13780_,VSS,Metal1,877.1600,675.8200,0.000481
_13779_,VSS,Metal1,496.4825,947.1160,0.000033
_13778_,VSS,Metal1,1034.5265,443.0280,0.000439
_13777_,VSS,Metal1,1076.7465,1017.4000,0.000000
_13776_,VSS,Metal1,1068.8025,1028.5635,0.000000
_13775_,VSS,Metal1,1057.7065,1037.6230,0.000000
_13774_,VSS,Metal1,1061.4650,1059.0010,0.000000
_13773_,VSS,Metal1,1054.5875,1068.0760,0.000000
_13772_,VSS,Metal1,1056.2600,1068.9310,0.000000
_13771_,VSS,Metal1,1049.2025,1068.0760,0.000000
_13770_,VSS,Metal1,1050.1000,1079.0110,0.000007
_13769_,VSS,Metal1,1036.1000,1088.1885,0.000079
_13768_,VSS,Metal1,1029.6025,1078.9635,0.000007
_13767_,VSS,Metal1,962.3450,1089.2410,0.000079
_13766_,VSS,Metal1,891.2825,1078.9635,0.000048
_13765_,VSS,Metal1,883.7800,1079.0110,0.000053
_13764_,VSS,Metal1,880.0825,1078.1560,0.000066
_13763_,VSS,Metal1,873.7000,1088.1885,0.000166
_13762_,VSS,Metal1,860.8275,1089.0435,0.000185
_13761_,VSS,Metal1,861.5450,1088.0385,0.000185
_13760_,VSS,Metal1,855.2900,1078.0780,0.000104
_13759_,VSS,Metal1,857.1225,1098.3160,0.000141
_13758_,VSS,Metal1,867.7625,1078.9635,0.000106
_13757_,VSS,Metal1,887.2200,1088.2060,0.000157
_13756_,VSS,Metal1,877.3800,1079.1650,0.000066
_13755_,VSS,Metal1,970.0000,1098.0165,0.000048
_13754_,VSS,Metal1,971.2100,1079.0415,0.000019
_13753_,VSS,Metal1,975.8425,1088.2360,0.000079
_13752_,VSS,Metal1,971.1475,1078.1560,0.000019
_13751_,VSS,Metal1,984.2425,1088.2360,0.000079
_13750_,VSS,Metal1,1007.2025,1098.3160,0.000048
_13749_,VSS,Metal1,1041.7800,1068.0460,0.000000
_13748_,VSS,Metal1,1040.0200,1078.1085,0.000007
_13747_,VSS,Metal1,1053.1225,1088.2360,0.000079
_13746_,VSS,Metal1,1011.8200,1078.0660,0.000009
_13745_,VSS,Metal1,1051.8600,1058.8335,0.000000
_13744_,VSS,Metal1,1036.9800,1067.8750,0.000000
_13743_,VSS,Metal1,1075.0600,1038.8450,0.000000
_13742_,VSS,Metal1,1069.2200,1018.6060,0.000000
_13741_,VSS,Metal1,1036.2065,454.0915,0.000358
_13740_,VSS,Metal1,1066.8800,1008.7030,0.000000
_13739_,VSS,Metal1,1059.4200,1007.5060,0.000000
_13738_,VSS,Metal1,1072.6650,1027.5585,0.000000
_13737_,VSS,Metal1,1078.3225,1027.7560,0.000000
_13736_,VSS,Metal1,1066.9800,1027.7260,0.000000
_13735_,VSS,Metal1,1066.9000,1038.6910,0.000000
_13734_,VSS,Metal1,1070.9100,1047.9160,0.000000
_13733_,VSS,Metal1,1063.5400,1047.8685,0.000000
_13732_,VSS,Metal1,1048.4200,1068.9310,0.000000
_13731_,VSS,Metal1,1043.1465,1079.1765,0.000007
_13730_,VSS,Metal1,1035.5400,1079.0110,0.000007
_13729_,VSS,Metal1,1013.8650,1089.2410,0.000079
_13728_,VSS,Metal1,1005.5225,1068.8835,0.000000
_13727_,VSS,Metal1,997.0650,1088.0385,0.000079
_13726_,VSS,Metal1,999.3625,1078.1560,0.000012
_13725_,VSS,Metal1,882.8250,1089.2410,0.000159
_13724_,VSS,Metal1,881.5400,1088.1885,0.000159
_13723_,VSS,Metal1,875.8930,1089.1300,0.000165
_13722_,VSS,Metal1,872.3465,1079.1765,0.000108
_13721_,VSS,Metal1,876.1625,1078.1560,0.000066
_13720_,VSS,Metal1,788.3465,1088.0230,0.000220
_13719_,VSS,Metal1,991.3800,1078.0335,0.000017
_13718_,VSS,Metal1,1006.6480,1088.0280,0.000079
_13717_,VSS,Metal1,1006.5100,1078.1560,0.000011
_13716_,VSS,Metal1,984.8025,1078.1560,0.000018
_13715_,VSS,Metal1,980.8825,1078.1560,0.000018
_13714_,VSS,Metal1,1028.4825,1088.2360,0.000079
_13713_,VSS,Metal1,1035.0600,1068.9135,0.000000
_13712_,VSS,Metal1,1040.5800,1068.9310,0.000000
_13711_,VSS,Metal1,1055.3625,1058.8035,0.000000
_13710_,VSS,Metal1,1016.3000,1068.9735,0.000000
_13709_,VSS,Metal1,1061.3800,1048.7535,0.000000
_13708_,VSS,Metal1,1048.1800,1048.9250,0.000000
_13707_,VSS,Metal1,1063.2025,1018.4835,0.000000
_13706_,VSS,Metal1,1019.9665,423.8515,0.000416
_13705_,VSS,Metal1,1057.3600,998.6230,0.000106
_13704_,VSS,Metal1,1067.6825,998.3235,0.000116
_13703_,VSS,Metal1,1050.1800,1007.5660,0.000000
_13702_,VSS,Metal1,1066.1000,1017.4750,0.000000
_13701_,VSS,Metal1,1059.6275,1017.6760,0.000000
_13700_,VSS,Metal1,1061.3000,1027.7085,0.000000
_13699_,VSS,Metal1,1064.8825,1028.5635,0.000000
_13698_,VSS,Metal1,1059.2250,1028.7610,0.000000
_13697_,VSS,Metal1,1060.4025,1037.8360,0.000000
_13696_,VSS,Metal1,1054.0200,1038.6910,0.000000
_13695_,VSS,Metal1,1057.7065,1048.9365,0.000000
_13694_,VSS,Metal1,1045.0600,1047.8685,0.000000
_13693_,VSS,Metal1,1030.1050,1077.9585,0.000007
_13692_,VSS,Metal1,1024.5625,1068.8835,0.000000
_13691_,VSS,Metal1,1018.9050,1088.0385,0.000079
_13690_,VSS,Metal1,1024.0025,1078.1560,0.000007
_13689_,VSS,Metal1,996.9000,1079.0110,0.000012
_13688_,VSS,Metal1,990.1875,1088.2360,0.000079
_13687_,VSS,Metal1,989.2250,1079.1610,0.000017
_13686_,VSS,Metal1,984.0900,1068.9615,0.000000
_13685_,VSS,Metal1,983.1225,1078.9635,0.000018
_13684_,VSS,Metal1,1002.7225,1078.9635,0.000011
_13683_,VSS,Metal1,990.8200,1067.9535,0.000000
_13682_,VSS,Metal1,1016.1680,1079.1720,0.000009
_13681_,VSS,Metal1,1019.9500,1078.1560,0.000009
_13680_,VSS,Metal1,1011.1225,1098.3160,0.000048
_13679_,VSS,Metal1,1003.8425,1089.0435,0.000079
_13678_,VSS,Metal1,975.2825,1068.0760,0.000000
_13677_,VSS,Metal1,1028.9000,1048.8460,0.000000
_13676_,VSS,Metal1,1048.5000,1038.6735,0.000000
_13675_,VSS,Metal1,1053.2265,1048.9365,0.000000
_13674_,VSS,Metal1,1039.4130,1057.9100,0.000000
_13673_,VSS,Metal1,1046.8200,1057.9660,0.000000
_13672_,VSS,Metal1,1040.6600,1048.8460,0.000000
_13671_,VSS,Metal1,1047.3800,1027.6335,0.000000
_13670_,VSS,Metal1,1036.7400,1038.7660,0.000000
_13669_,VSS,Metal1,1063.8665,998.5365,0.000111
_13668_,VSS,Metal1,1011.5665,423.8515,0.000415
_13667_,VSS,Metal1,1046.7200,978.4630,0.000087
_13666_,VSS,Metal1,1052.1065,988.4565,0.000147
_13665_,VSS,Metal1,1045.9800,967.1950,0.000074
_13664_,VSS,Metal1,1056.2600,997.4685,0.000106
_13663_,VSS,Metal1,1049.8665,998.5365,0.000101
_13662_,VSS,Metal1,1053.0650,1008.6010,0.000000
_13661_,VSS,Metal1,1054.2425,1007.5960,0.000000
_13660_,VSS,Metal1,1055.7800,1017.6460,0.000000
_13659_,VSS,Metal1,1047.4650,1017.4785,0.000000
_13658_,VSS,Metal1,1058.7225,1008.4035,0.000000
_13657_,VSS,Metal1,1056.3400,1018.5135,0.000000
_13656_,VSS,Metal1,1047.8600,1028.6110,0.000000
_13655_,VSS,Metal1,1040.0200,1028.6110,0.000000
_13654_,VSS,Metal1,1043.0425,1037.8360,0.000000
_13653_,VSS,Metal1,1030.6650,1047.7185,0.000000
_13652_,VSS,Metal1,1017.0600,1047.8685,0.000000
_13651_,VSS,Metal1,1011.6825,1048.7235,0.000000
_13650_,VSS,Metal1,991.7625,1057.7360,0.000000
_13649_,VSS,Metal1,987.1400,1059.0050,0.000000
_13648_,VSS,Metal1,995.7875,1058.8035,0.000000
_13647_,VSS,Metal1,983.7865,1047.7030,0.000000
_13646_,VSS,Metal1,982.5625,1057.9960,0.000000
_13645_,VSS,Metal1,988.7225,1068.8835,0.000000
_13644_,VSS,Metal1,989.7000,1047.7935,0.000000
_13643_,VSS,Metal1,1021.4425,1057.7360,0.000000
_13642_,VSS,Metal1,1025.4130,1058.8900,0.000000
_13641_,VSS,Metal1,1020.5100,1058.8035,0.000000
_13640_,VSS,Metal1,1015.1465,1059.0165,0.000000
_13639_,VSS,Metal1,1010.0025,1068.0760,0.000000
_13638_,VSS,Metal1,1009.4425,1068.8835,0.000000
_13637_,VSS,Metal1,1010.0025,1057.9960,0.000000
_13636_,VSS,Metal1,1007.6200,1028.6860,0.000000
_13635_,VSS,Metal1,1037.2200,1037.7885,0.000000
_13634_,VSS,Metal1,1026.5800,1038.6910,0.000000
_13633_,VSS,Metal1,1020.6425,1038.6435,0.000000
_13632_,VSS,Metal1,1013.7800,1038.7660,0.000000
_13631_,VSS,Metal1,1016.8200,1048.9250,0.000000
_13630_,VSS,Metal1,979.6200,1058.9260,0.000000
_13629_,VSS,Metal1,978.6425,1057.9960,0.000000
_13628_,VSS,Metal1,982.0025,1068.0760,0.000000
_13627_,VSS,Metal1,1038.4200,1018.6060,0.000000
_13626_,VSS,Metal1,1036.7400,1027.6335,0.000000
_13625_,VSS,Metal1,1043.1400,998.5250,0.000097
_13624_,VSS,Metal1,1002.0465,423.8515,0.000415
_13623_,VSS,Metal1,1041.6800,938.1430,0.000218
_13622_,VSS,Metal1,1040.9065,958.2165,0.000291
_13621_,VSS,Metal1,1030.0200,968.1135,0.000065
_13620_,VSS,Metal1,1039.8400,967.2300,0.000067
_13619_,VSS,Metal1,1035.8600,968.2850,0.000067
_13618_,VSS,Metal1,1038.5680,988.4520,0.000121
_13617_,VSS,Metal1,1040.0900,997.4380,0.000097
_13616_,VSS,Metal1,1046.2700,997.5160,0.000097
_13615_,VSS,Metal1,1037.3850,1007.3985,0.000000
_13614_,VSS,Metal1,1028.8200,1017.6285,0.000000
_13613_,VSS,Metal1,1028.4825,1008.4035,0.000000
_13612_,VSS,Metal1,1003.8480,1027.5480,0.000000
_13611_,VSS,Metal1,1001.7065,1028.7765,0.000000
_13610_,VSS,Metal1,1003.2825,1018.4835,0.000000
_13609_,VSS,Metal1,987.6080,1037.6280,0.000000
_13608_,VSS,Metal1,985.7900,1028.5635,0.000000
_13607_,VSS,Metal1,985.7700,1038.7215,0.000000
_13606_,VSS,Metal1,982.0025,1027.7560,0.000000
_13605_,VSS,Metal1,979.7625,1037.8360,0.000000
_13604_,VSS,Metal1,980.8825,1038.6435,0.000000
_13603_,VSS,Metal1,995.8600,1017.5535,0.000000
_13602_,VSS,Metal1,1006.0250,1037.6385,0.000000
_13601_,VSS,Metal1,1006.9875,1038.6435,0.000000
_13600_,VSS,Metal1,1008.2650,1047.7185,0.000000
_13599_,VSS,Metal1,1007.2025,1048.7235,0.000000
_13598_,VSS,Metal1,1010.5625,1058.8035,0.000000
_13597_,VSS,Metal1,999.9225,1037.8360,0.000000
_13596_,VSS,Metal1,1019.9400,1008.5260,0.000000
_13595_,VSS,Metal1,1036.6600,1008.4510,0.000000
_13594_,VSS,Metal1,1036.6600,1017.6285,0.000000
_13593_,VSS,Metal1,1029.6025,1018.4835,0.000000
_13592_,VSS,Metal1,1014.3400,1008.5260,0.000000
_13591_,VSS,Metal1,1026.1850,1037.6385,0.000000
_13590_,VSS,Metal1,1027.2100,1028.6415,0.000000
_13589_,VSS,Metal1,985.3625,1048.7235,0.000000
_13588_,VSS,Metal1,1030.0200,988.3660,0.000119
_13587_,VSS,Metal1,1026.6600,998.4460,0.000081
_13586_,VSS,Metal1,1029.6025,937.8435,0.000186
_13585_,VSS,Metal1,1035.0865,483.3480,0.001219
_13584_,VSS,Metal1,1038.8800,917.9830,0.000072
_13583_,VSS,Metal1,1041.3625,926.9560,0.000091
_13582_,VSS,Metal1,1033.8600,936.9885,0.000201
_13581_,VSS,Metal1,1039.6825,937.0360,0.000218
_13580_,VSS,Metal1,1025.0650,956.9985,0.000291
_13579_,VSS,Metal1,1029.6025,947.9235,0.000155
_13578_,VSS,Metal1,1030.1050,967.0785,0.000065
_13577_,VSS,Metal1,1035.6100,958.0815,0.000291
_13576_,VSS,Metal1,1028.1625,987.1760,0.000119
_13575_,VSS,Metal1,1024.1065,988.4565,0.000119
_13574_,VSS,Metal1,1019.5225,988.2435,0.000119
_13573_,VSS,Metal1,1018.9050,998.5210,0.000081
_13572_,VSS,Metal1,1006.4200,1007.5485,0.000000
_13571_,VSS,Metal1,1004.4025,998.3235,0.000081
_13570_,VSS,Metal1,991.5280,1007.3880,0.000000
_13569_,VSS,Metal1,989.7100,1017.6760,0.000000
_13568_,VSS,Metal1,996.4100,1008.4815,0.000000
_13567_,VSS,Metal1,985.2100,1008.4815,0.000000
_13566_,VSS,Metal1,978.0825,998.3235,0.000081
_13565_,VSS,Metal1,988.1625,1018.4835,0.000000
_13564_,VSS,Metal1,989.7000,997.3935,0.000081
_13563_,VSS,Metal1,1017.2250,1007.3985,0.000000
_13562_,VSS,Metal1,1007.5475,1008.4035,0.000000
_13561_,VSS,Metal1,1010.5050,998.5210,0.000081
_13560_,VSS,Metal1,1003.2825,1008.4035,0.000000
_13559_,VSS,Metal1,1002.1625,1047.9160,0.000000
_13558_,VSS,Metal1,1010.0025,997.5160,0.000081
_13557_,VSS,Metal1,1014.3400,978.2860,0.000065
_13556_,VSS,Metal1,1028.8200,997.4685,0.000081
_13555_,VSS,Metal1,1020.9800,997.4685,0.000081
_13554_,VSS,Metal1,1015.0425,997.5160,0.000081
_13553_,VSS,Metal1,1003.9800,987.3460,0.000119
_13552_,VSS,Metal1,1018.5065,1018.6965,0.000000
_13551_,VSS,Metal1,1022.1800,1018.5135,0.000000
_13550_,VSS,Metal1,1012.3175,1018.5650,0.000000
_13549_,VSS,Metal1,1017.2825,1037.8360,0.000000
_13548_,VSS,Metal1,1016.6430,1027.6215,0.000000
_13547_,VSS,Metal1,989.3800,998.5250,0.000081
_13546_,VSS,Metal1,1022.4200,958.2050,0.000291
_13545_,VSS,Metal1,1002.1625,947.9235,0.000155
_13544_,VSS,Metal1,1034.5000,937.8735,0.000201
_13543_,VSS,Metal1,1029.1400,927.9650,0.000065
_13542_,VSS,Metal1,1038.9800,916.7535,0.000072
_13541_,VSS,Metal1,1039.5665,513.5880,0.000415
_13540_,VSS,Metal1,1032.7200,906.4965,0.000272
_13539_,VSS,Metal1,1031.0600,916.8285,0.000065
_13538_,VSS,Metal1,1033.9300,926.8780,0.000079
_13537_,VSS,Metal1,1028.2600,926.9085,0.000065
_13536_,VSS,Metal1,1021.7680,946.9080,0.000155
_13535_,VSS,Metal1,1025.7865,938.0565,0.000186
_13534_,VSS,Metal1,1023.2200,947.9710,0.000155
_13533_,VSS,Metal1,1017.6200,967.2285,0.000065
_13532_,VSS,Metal1,1021.3600,968.1300,0.000065
_13531_,VSS,Metal1,1010.2425,968.3435,0.000065
_13530_,VSS,Metal1,1007.8665,977.1430,0.000065
_13529_,VSS,Metal1,1009.4425,987.4360,0.000119
_13528_,VSS,Metal1,984.2480,988.4520,0.000119
_13527_,VSS,Metal1,983.6030,998.4580,0.000081
_13526_,VSS,Metal1,982.0775,997.4350,0.000081
_13525_,VSS,Metal1,985.3625,987.4360,0.000119
_13524_,VSS,Metal1,976.4025,988.2435,0.000119
_13523_,VSS,Metal1,1008.7400,988.2735,0.000119
_13522_,VSS,Metal1,1003.7850,978.3610,0.000065
_13521_,VSS,Metal1,994.6600,977.3085,0.000065
_13520_,VSS,Metal1,995.4425,968.0835,0.000065
_13519_,VSS,Metal1,1003.2825,988.2435,0.000119
_13518_,VSS,Metal1,997.6825,978.1635,0.000065
_13517_,VSS,Metal1,1006.5850,956.9985,0.000291
_13516_,VSS,Metal1,1003.2825,958.0035,0.000291
_13515_,VSS,Metal1,997.6250,958.2010,0.000291
_13514_,VSS,Metal1,995.4425,967.2760,0.000065
_13513_,VSS,Metal1,981.7800,1007.5485,0.000000
_13512_,VSS,Metal1,982.5050,1017.4785,0.000000
_13511_,VSS,Metal1,980.4265,1008.6165,0.000000
_13510_,VSS,Metal1,979.7625,1018.4835,0.000000
_13509_,VSS,Metal1,988.8600,958.0935,0.000291
_13508_,VSS,Metal1,1020.7400,938.0450,0.000186
_13507_,VSS,Metal1,1007.6200,936.9135,0.000186
_13506_,VSS,Metal1,1022.9800,927.9650,0.000065
_13505_,VSS,Metal1,1035.8600,887.6450,0.000071
_13504_,VSS,Metal1,1050.7665,554.8915,0.000343
_13503_,VSS,Metal1,1036.6400,886.3365,0.000071
_13502_,VSS,Metal1,1027.1400,896.6685,0.000065
_13501_,VSS,Metal1,1024.6600,897.7250,0.000065
_13500_,VSS,Metal1,1027.3050,907.8010,0.000272
_13499_,VSS,Metal1,1023.5400,916.6750,0.000065
_13498_,VSS,Metal1,1020.6480,917.8920,0.000065
_13497_,VSS,Metal1,1021.7050,926.7585,0.000065
_13496_,VSS,Metal1,1014.8000,938.1430,0.000186
_13495_,VSS,Metal1,1017.9465,927.9765,0.000065
_13494_,VSS,Metal1,1014.8200,958.0510,0.000291
_13493_,VSS,Metal1,1010.0025,967.2760,0.000065
_13492_,VSS,Metal1,994.3280,956.9880,0.000291
_13491_,VSS,Metal1,991.3900,967.2760,0.000065
_13490_,VSS,Metal1,990.4025,978.1635,0.000065
_13489_,VSS,Metal1,985.9225,967.2760,0.000065
_13488_,VSS,Metal1,983.6825,958.0035,0.000291
_13487_,VSS,Metal1,1001.1465,968.2965,0.000065
_13486_,VSS,Metal1,988.3600,977.3100,0.000065
_13485_,VSS,Metal1,981.4425,987.4360,0.000119
_13484_,VSS,Metal1,989.7630,968.2180,0.000065
_13483_,VSS,Metal1,1005.8600,927.8110,0.000065
_13482_,VSS,Metal1,997.4600,937.8910,0.000186
_13481_,VSS,Metal1,996.5625,927.7635,0.000065
_13480_,VSS,Metal1,986.0600,927.8535,0.000065
_13479_,VSS,Metal1,998.9065,946.9030,0.000155
_13478_,VSS,Metal1,986.1200,957.1500,0.000291
_13477_,VSS,Metal1,976.4025,1017.6760,0.000000
_13476_,VSS,Metal1,993.6830,946.9815,0.000155
_13475_,VSS,Metal1,1018.9625,906.7960,0.000272
_13474_,VSS,Metal1,1021.6200,896.5935,0.000065
_13473_,VSS,Metal1,1024.4200,867.4060,0.000141
_13472_,VSS,Metal1,1050.7665,635.5315,0.000900
_13471_,VSS,Metal1,1023.8550,857.5320,0.000098
_13470_,VSS,Metal1,1029.4700,867.2835,0.000141
_13469_,VSS,Metal1,1024.9700,876.4780,0.000274
_13468_,VSS,Metal1,1021.4425,887.7035,0.000065
_13467_,VSS,Metal1,1028.3300,886.5580,0.000065
_13466_,VSS,Metal1,1021.5400,886.5885,0.000065
_13465_,VSS,Metal1,1021.7625,877.3635,0.000274
_13464_,VSS,Metal1,1020.5850,907.8010,0.000272
_13463_,VSS,Metal1,1017.9465,916.6630,0.000065
_13462_,VSS,Metal1,1008.3280,907.8120,0.000272
_13461_,VSS,Metal1,1010.0025,906.7960,0.000272
_13460_,VSS,Metal1,1008.2650,916.6785,0.000065
_13459_,VSS,Metal1,1015.0425,906.7960,0.000272
_13458_,VSS,Metal1,988.3000,907.6935,0.000272
_13457_,VSS,Metal1,1004.4900,917.9150,0.000065
_13456_,VSS,Metal1,999.2830,916.7415,0.000065
_13455_,VSS,Metal1,999.9975,936.9550,0.000186
_13454_,VSS,Metal1,998.4400,917.7300,0.000065
_13453_,VSS,Metal1,1005.4650,926.7585,0.000065
_13452_,VSS,Metal1,1003.6275,937.8435,0.000186
_13451_,VSS,Metal1,999.3625,926.9560,0.000065
_13450_,VSS,Metal1,989.2880,936.8280,0.000186
_13449_,VSS,Metal1,980.8030,936.9015,0.000186
_13448_,VSS,Metal1,988.1625,937.8435,0.000186
_13447_,VSS,Metal1,985.9225,947.1160,0.000155
_13446_,VSS,Metal1,982.5625,937.8435,0.000186
_13445_,VSS,Metal1,1007.8665,896.5030,0.000065
_13444_,VSS,Metal1,1037.8865,635.5315,0.000897
_13443_,VSS,Metal1,1019.2800,876.2565,0.000274
_13442_,VSS,Metal1,1016.1625,866.4760,0.000141
_13441_,VSS,Metal1,1013.8650,867.4810,0.000141
_13440_,VSS,Metal1,1007.7625,867.2835,0.000141
_13439_,VSS,Metal1,998.9400,866.3825,0.000141
_13438_,VSS,Metal1,1002.4025,886.3760,0.000065
_13437_,VSS,Metal1,1010.2930,887.5300,0.000065
_13436_,VSS,Metal1,988.9625,916.6160,0.000065
_13435_,VSS,Metal1,979.7625,916.8760,0.000065
_13434_,VSS,Metal1,985.2830,917.8180,0.000065
_13433_,VSS,Metal1,983.1225,907.6035,0.000272
_13432_,VSS,Metal1,985.9225,926.9560,0.000065
_13431_,VSS,Metal1,1002.8200,896.5150,0.000065
_13430_,VSS,Metal1,1005.1200,887.4900,0.000065
_13429_,VSS,Metal1,993.2025,886.6360,0.000065
_13428_,VSS,Metal1,998.1000,896.5935,0.000065
_13427_,VSS,Metal1,997.3800,887.4765,0.000065
_13426_,VSS,Metal1,1000.2130,897.6100,0.000065
_13425_,VSS,Metal1,990.8830,896.5815,0.000065
_13424_,VSS,Metal1,991.1600,906.7500,0.000272
_13423_,VSS,Metal1,1021.6465,654.7080,0.000776
_13422_,VSS,Metal1,1013.4500,857.4350,0.000098
_13421_,VSS,Metal1,1008.9800,847.3250,0.000677
_13420_,VSS,Metal1,1009.6000,856.3500,0.000098
_13419_,VSS,Metal1,999.3680,857.4120,0.000098
_13418_,VSS,Metal1,1005.6265,866.2630,0.000141
_13417_,VSS,Metal1,996.5625,876.5560,0.000274
_13416_,VSS,Metal1,996.6600,867.4850,0.000141
_13415_,VSS,Metal1,990.4025,876.5560,0.000274
_13414_,VSS,Metal1,988.9200,886.5900,0.000065
_13413_,VSS,Metal1,1001.7065,867.4965,0.000141
_13412_,VSS,Metal1,997.0430,877.4980,0.000274
_13411_,VSS,Metal1,1001.4600,877.3935,0.000274
_13410_,VSS,Metal1,988.7975,887.5250,0.000065
_13409_,VSS,Metal1,989.8425,917.6835,0.000065
_13408_,VSS,Metal1,979.7625,917.6835,0.000065
_13407_,VSS,Metal1,1000.9265,644.6280,0.000534
_13406_,VSS,Metal1,1001.9200,847.4230,0.000686
_13405_,VSS,Metal1,999.4375,856.3150,0.000098
_13404_,VSS,Metal1,994.8825,856.3960,0.000098
_13403_,VSS,Metal1,989.3865,856.1230,0.000098
_13402_,VSS,Metal1,987.1175,857.2850,0.000098
_13401_,VSS,Metal1,988.2600,867.4850,0.000141
_13400_,VSS,Metal1,993.8665,876.3430,0.000274
_13399_,VSS,Metal1,986.4825,876.5560,0.000274
_13398_,VSS,Metal1,997.1225,846.3160,0.000695
_13397_,VSS,Metal1,962.8465,645.6115,0.000502
_13396_,VSS,Metal1,986.9465,866.0910,0.000141
_13395_,VSS,Metal1,977.5225,867.2835,0.000141
_13394_,VSS,Metal1,982.5625,857.2035,0.000098
_13393_,VSS,Metal1,982.9900,867.2835,0.000141
_13392_,VSS,Metal1,957.2465,655.6915,0.000721
_13391_,VSS,Metal1,977.5965,897.6580,0.000065
_13390_,VSS,Metal1,836.8200,1088.2060,0.000189
_13389_,VSS,Metal1,839.1230,1078.0215,0.000101
_13388_,VSS,Metal1,755.1230,1079.0980,0.000129
_13387_,VSS,Metal1,720.5600,694.9935,0.000649
_13386_,VSS,Metal1,714.3225,695.9235,0.000664
_13385_,VSS,Metal1,707.3800,695.0685,0.000689
_13384_,VSS,Metal1,707.7065,686.0565,0.000453
_13383_,VSS,Metal1,707.5450,684.8385,0.000453
_13382_,VSS,Metal1,611.3800,686.0450,0.000448
_13381_,VSS,Metal1,756.9800,1077.9550,0.000129
_13380_,VSS,Metal1,765.8425,1078.1560,0.000116
_13379_,VSS,Metal1,771.6500,674.8200,0.000391
_13378_,VSS,Metal1,768.0030,1079.0980,0.000116
_13377_,VSS,Metal1,768.1800,1089.2450,0.000261
_13376_,VSS,Metal1,773.6825,1078.9635,0.000110
_13375_,VSS,Metal1,834.0200,1078.1260,0.000098
_13374_,VSS,Metal1,861.2500,654.6600,0.000638
_13373_,VSS,Metal1,775.2830,675.8980,0.000391
_13372_,VSS,Metal1,637.4800,695.0600,0.000705
_13371_,VSS,Metal1,629.6465,684.9480,0.000444
_13370_,VSS,Metal1,625.6200,695.9710,0.000755
_13369_,VSS,Metal1,619.0650,686.0410,0.000446
_13368_,VSS,Metal1,624.5000,695.0685,0.000765
_13367_,VSS,Metal1,630.9865,694.9030,0.000707
_13366_,VSS,Metal1,558.7800,675.8575,0.000313
_13365_,VSS,Metal1,554.1625,675.7635,0.000317
_13364_,VSS,Metal1,836.9625,675.7635,0.000448
_13363_,VSS,Metal1,855.9230,684.9015,0.000477
_13362_,VSS,Metal1,852.0825,665.6835,0.000276
_13361_,VSS,Metal1,846.4030,665.8180,0.000269
_13360_,VSS,Metal1,846.4030,655.7380,0.000638
_13359_,VSS,Metal1,572.6425,674.9560,0.000300
_13358_,VSS,Metal1,567.4865,675.8515,0.000303
_13357_,VSS,Metal1,561.7800,684.9885,0.000445
_13356_,VSS,Metal1,553.1465,684.8230,0.000445
_13355_,VSS,Metal1,523.8000,684.9100,0.000395
_13354_,VSS,Metal1,548.6665,684.8230,0.000444
_13353_,VSS,Metal1,567.1465,674.7430,0.000303
_13352_,VSS,Metal1,562.4300,674.9560,0.000307
_13351_,VSS,Metal1,561.5465,665.8965,0.000297
_13350_,VSS,Metal1,861.4600,695.0860,0.000574
_13349_,VSS,Metal1,856.4400,685.9700,0.000477
_13348_,VSS,Metal1,856.6600,675.9650,0.000462
_13347_,VSS,Metal1,846.4030,675.8980,0.000462
_13346_,VSS,Metal1,862.0830,664.7415,0.000297
_13345_,VSS,Metal1,542.2865,685.9315,0.000425
_13344_,VSS,Metal1,531.5400,695.9710,0.001091
_13343_,VSS,Metal1,531.5400,684.9885,0.000403
_13342_,VSS,Metal1,534.0025,674.9560,0.000316
_13341_,VSS,Metal1,539.1465,675.9765,0.000318
_13340_,VSS,Metal1,531.8600,686.0450,0.000403
_13339_,VSS,Metal1,519.5465,674.7430,0.000316
_13338_,VSS,Metal1,819.0425,695.9235,0.000549
_13337_,VSS,Metal1,822.8830,674.8215,0.000431
_13336_,VSS,Metal1,816.2425,665.6835,0.000249
_13335_,VSS,Metal1,816.3965,664.8200,0.000249
_13334_,VSS,Metal1,806.7225,665.6835,0.000236
_13333_,VSS,Metal1,531.7000,705.1060,0.000216
_13332_,VSS,Metal1,523.9225,705.1960,0.000200
_13331_,VSS,Metal1,523.1400,695.9710,0.001081
_13330_,VSS,Metal1,517.6200,706.0335,0.000191
_13329_,VSS,Metal1,515.4650,704.9985,0.000191
_13328_,VSS,Metal1,510.9000,726.2860,0.000033
_13327_,VSS,Metal1,807.8425,685.8435,0.000473
_13326_,VSS,Metal1,814.4830,685.9780,0.000482
_13325_,VSS,Metal1,802.8025,665.6835,0.000233
_13324_,VSS,Metal1,806.3165,664.8200,0.000236
_13323_,VSS,Metal1,803.3625,655.6035,0.000593
_13322_,VSS,Metal1,798.8825,705.1960,0.000309
_13321_,VSS,Metal1,515.7735,725.2130,0.000033
_13320_,VSS,Metal1,516.7400,726.3650,0.000033
_13319_,VSS,Metal1,509.0600,736.2765,0.000045
_13318_,VSS,Metal1,502.5000,745.3935,0.000046
_13317_,VSS,Metal1,508.0200,745.4685,0.000045
_13316_,VSS,Metal1,501.0665,755.3830,0.000000
_13315_,VSS,Metal1,976.8830,817.0180,0.000299
_13314_,VSS,Metal1,879.6200,704.9950,0.000406
_13313_,VSS,Metal1,513.7800,815.9860,0.000000
_13312_,VSS,Metal1,511.4600,795.7935,0.000000
_13311_,VSS,Metal1,514.0000,805.9500,0.000000
_13310_,VSS,Metal1,499.3800,805.7950,0.000000
_13309_,VSS,Metal1,503.5400,826.1085,0.000000
_13308_,VSS,Metal1,503.7050,817.0810,0.000000
_13307_,VSS,Metal1,499.2825,826.9635,0.000000
_13306_,VSS,Metal1,873.3625,685.8435,0.000427
_13305_,VSS,Metal1,861.1965,655.6600,0.000638
_13304_,VSS,Metal1,877.2825,685.8435,0.000427
_13303_,VSS,Metal1,768.6425,695.9235,0.000555
_13302_,VSS,Metal1,782.0030,705.0615,0.000297
_13301_,VSS,Metal1,780.9625,675.7635,0.000392
_13300_,VSS,Metal1,775.2830,685.9780,0.000421
_13299_,VSS,Metal1,787.6030,664.7415,0.000223
_13298_,VSS,Metal1,735.6025,705.1960,0.000292
_13297_,VSS,Metal1,508.6865,796.8115,0.000000
_13296_,VSS,Metal1,505.7800,805.9485,0.000000
_13295_,VSS,Metal1,503.0600,795.7935,0.000000
_13294_,VSS,Metal1,500.1800,796.7710,0.000000
_13293_,VSS,Metal1,497.0425,795.9160,0.000000
_13292_,VSS,Metal1,793.2825,695.1160,0.000541
_13291_,VSS,Metal1,798.8030,694.9815,0.000541
_13290_,VSS,Metal1,793.2825,685.0360,0.000412
_13289_,VSS,Metal1,781.4430,685.9780,0.000420
_13288_,VSS,Metal1,865.0500,665.9150,0.000298
_13287_,VSS,Metal1,873.3625,674.9560,0.000472
_13286_,VSS,Metal1,794.8830,664.7415,0.000217
_13285_,VSS,Metal1,875.6900,665.9150,0.000309
_13284_,VSS,Metal1,870.9900,665.6835,0.000304
_13283_,VSS,Metal1,882.9700,665.8260,0.000314
_13282_,VSS,Metal1,500.3400,706.0935,0.000194
_13281_,VSS,Metal1,489.2025,695.9235,0.000999
_13280_,VSS,Metal1,490.1000,695.0685,0.000999
_13279_,VSS,Metal1,502.1865,786.8565,0.000033
_13278_,VSS,Metal1,1002.3000,382.5425,0.000145
_13277_,VSS,Metal1,1007.3000,372.3550,0.000249
_13276_,VSS,Metal1,1011.2800,373.4100,0.000250
_13275_,VSS,Metal1,994.8825,373.3635,0.000234
_13274_,VSS,Metal1,995.5800,382.5425,0.000145
_13273_,VSS,Metal1,1008.1800,382.6060,0.000145
_13272_,VSS,Metal1,1002.5800,372.4335,0.000244
_13271_,VSS,Metal1,999.6530,373.4500,0.000243
_13270_,VSS,Metal1,999.4665,363.4965,0.000486
_13269_,VSS,Metal1,990.9625,382.6360,0.000145
_13268_,VSS,Metal1,970.3800,383.5375,0.000129
_13267_,VSS,Metal1,972.0200,373.5650,0.000188
_13266_,VSS,Metal1,972.0800,382.5900,0.000129
_13265_,VSS,Metal1,964.6425,383.4435,0.000127
_13264_,VSS,Metal1,939.3000,412.7535,0.000381
_13263_,VSS,Metal1,931.6775,412.7950,0.000381
_13262_,VSS,Metal1,944.9000,383.5660,0.000128
_13261_,VSS,Metal1,941.9730,392.6300,0.000272
_13260_,VSS,Metal1,944.0265,382.4230,0.000128
_13259_,VSS,Metal1,938.3225,402.7960,0.000348
_13258_,VSS,Metal1,931.7400,402.7025,0.000352
_13257_,VSS,Metal1,922.1800,392.5150,0.000266
_13256_,VSS,Metal1,928.9600,392.6700,0.000269
_13255_,VSS,Metal1,925.4425,393.5235,0.000267
_13254_,VSS,Metal1,864.2600,382.5135,0.000199
_13253_,VSS,Metal1,888.4825,382.6360,0.000191
_13252_,VSS,Metal1,893.3800,383.5660,0.000184
_13251_,VSS,Metal1,893.7800,392.6830,0.000258
_13250_,VSS,Metal1,888.5865,402.5830,0.000372
_13249_,VSS,Metal1,862.1625,372.5560,0.000236
_13248_,VSS,Metal1,872.3800,412.7825,0.000363
_13247_,VSS,Metal1,885.7800,413.8850,0.000370
_13246_,VSS,Metal1,871.4130,423.8500,0.000726
_13245_,VSS,Metal1,861.0425,412.8760,0.000363
_13244_,VSS,Metal1,877.4200,432.9425,0.000408
_13243_,VSS,Metal1,879.9300,412.7980,0.000367
_13242_,VSS,Metal1,872.9065,432.8230,0.000406
_13241_,VSS,Metal1,880.5100,413.6835,0.000367
_13240_,VSS,Metal1,728.9800,444.1250,0.000259
_13239_,VSS,Metal1,885.1225,423.7635,0.000740
_13238_,VSS,Metal1,729.5800,443.0225,0.000259
_13237_,VSS,Metal1,723.7100,443.9235,0.000260
_13236_,VSS,Metal1,735.1465,444.1365,0.000259
_13235_,VSS,Metal1,657.9000,454.0975,0.000255
_13234_,VSS,Metal1,729.4425,433.8435,0.000448
_13233_,VSS,Metal1,629.6200,444.0460,0.000278
_13232_,VSS,Metal1,632.5625,454.0035,0.000287
_13231_,VSS,Metal1,638.5800,463.1535,0.000072
_13230_,VSS,Metal1,630.0200,463.2430,0.000075
_13229_,VSS,Metal1,628.6425,443.1160,0.000278
_13228_,VSS,Metal1,587.3400,453.1025,0.000311
_13227_,VSS,Metal1,589.6000,463.2300,0.000091
_13226_,VSS,Metal1,589.5400,464.2850,0.000091
_13225_,VSS,Metal1,582.7225,453.1960,0.000310
_13224_,VSS,Metal1,546.7400,453.0735,0.000296
_13223_,VSS,Metal1,548.5050,454.2010,0.000296
_13222_,VSS,Metal1,551.7800,463.1535,0.000119
_13221_,VSS,Metal1,545.8665,463.0630,0.000120
_13220_,VSS,Metal1,546.3225,443.1160,0.000312
_13219_,VSS,Metal1,519.5800,453.1025,0.000279
_13218_,VSS,Metal1,521.2800,463.2300,0.000127
_13217_,VSS,Metal1,520.6600,454.2050,0.000279
_13216_,VSS,Metal1,513.8425,453.1960,0.000273
_13215_,VSS,Metal1,503.0600,442.9935,0.000299
_13214_,VSS,Metal1,502.5850,463.0785,0.000132
_13213_,VSS,Metal1,504.7400,454.1260,0.000270
_13212_,VSS,Metal1,496.5865,463.0630,0.000133
_13211_,VSS,Metal1,502.6425,433.8435,0.000380
_13210_,VSS,Metal1,482.6200,454.0975,0.000267
_13209_,VSS,Metal1,484.3200,463.2300,0.000135
_13208_,VSS,Metal1,485.3800,464.2850,0.000135
_13207_,VSS,Metal1,479.6825,443.1160,0.000285
_13206_,VSS,Metal1,472.5400,453.1025,0.000337
_13205_,VSS,Metal1,474.6425,443.1160,0.000291
_13204_,VSS,Metal1,839.3400,413.7775,0.000355
_13203_,VSS,Metal1,839.3600,422.9100,0.000545
_13202_,VSS,Metal1,838.1800,423.9650,0.000545
_13201_,VSS,Metal1,836.4025,412.8760,0.000352
_13200_,VSS,Metal1,822.5400,412.7825,0.000324
_13199_,VSS,Metal1,827.3000,413.7135,0.000330
_13198_,VSS,Metal1,822.2600,422.8335,0.000514
_13197_,VSS,Metal1,815.4130,422.8700,0.000499
_13196_,VSS,Metal1,819.1465,434.0565,0.000316
_13195_,VSS,Metal1,819.6025,403.6035,0.000345
_13194_,VSS,Metal1,793.9800,413.7775,0.000315
_13193_,VSS,Metal1,787.2200,434.0450,0.000349
_13192_,VSS,Metal1,792.8800,423.8100,0.000406
_13191_,VSS,Metal1,788.2425,412.8760,0.000323
_13190_,VSS,Metal1,761.2200,433.9660,0.000379
_13189_,VSS,Metal1,763.1175,423.8450,0.000366
_13188_,VSS,Metal1,770.1800,453.0735,0.000156
_13187_,VSS,Metal1,763.3330,453.1100,0.000157
_13186_,VSS,Metal1,765.9465,454.2165,0.000157
_13185_,VSS,Metal1,758.5625,423.7635,0.000366
_13184_,VSS,Metal1,759.2600,473.2625,0.000233
_13183_,VSS,Metal1,758.1000,483.2350,0.000250
_13182_,VSS,Metal1,759.2800,474.2100,0.000233
_13181_,VSS,Metal1,759.1225,463.2760,0.000101
_13180_,VSS,Metal1,723.7000,474.2860,0.000217
_13179_,VSS,Metal1,723.2825,483.4360,0.000239
_13178_,VSS,Metal1,729.3000,483.3135,0.000240
_13177_,VSS,Metal1,727.4600,484.2765,0.000240
_13176_,VSS,Metal1,728.4265,494.5365,0.000249
_13175_,VSS,Metal1,719.3625,483.4360,0.000238
_13174_,VSS,Metal1,698.2200,493.4225,0.000214
_13173_,VSS,Metal1,698.7400,504.6050,0.000396
_13172_,VSS,Metal1,698.8000,503.5500,0.000396
_13171_,VSS,Metal1,696.4025,483.4360,0.000235
_13170_,VSS,Metal1,676.9400,513.5825,0.000328
_13169_,VSS,Metal1,685.0500,514.5615,0.000334
_13168_,VSS,Metal1,679.7065,523.5430,0.000317
_13167_,VSS,Metal1,680.0300,514.4835,0.000332
_13166_,VSS,Metal1,669.6200,544.9250,0.000240
_13165_,VSS,Metal1,671.2025,504.4035,0.000363
_13164_,VSS,Metal1,648.9400,534.7375,0.000342
_13163_,VSS,Metal1,656.7465,534.8565,0.000342
_13162_,VSS,Metal1,658.7500,543.9160,0.000231
_13161_,VSS,Metal1,645.5800,575.0575,0.000323
_13160_,VSS,Metal1,648.2425,524.5635,0.000315
_13159_,VSS,Metal1,592.6600,523.6335,0.000316
_13158_,VSS,Metal1,601.7625,574.1560,0.000367
_13157_,VSS,Metal1,606.6600,584.1135,0.000245
_13156_,VSS,Metal1,605.9400,574.9965,0.000360
_13155_,VSS,Metal1,597.2825,513.6760,0.000294
_13154_,VSS,Metal1,585.1000,564.9775,0.000575
_13153_,VSS,Metal1,587.3600,584.1900,0.000258
_13152_,VSS,Metal1,587.3000,575.1650,0.000385
_13151_,VSS,Metal1,582.1625,574.9635,0.000385
_13150_,VSS,Metal1,560.1800,523.6335,0.000296
_13149_,VSS,Metal1,560.2650,584.0385,0.000277
_13148_,VSS,Metal1,563.5400,585.1660,0.000277
_13147_,VSS,Metal1,553.1465,584.0230,0.000280
_13146_,VSS,Metal1,553.0425,513.6760,0.000295
_13145_,VSS,Metal1,531.3400,575.0575,0.000396
_13144_,VSS,Metal1,533.0400,584.1900,0.000283
_13143_,VSS,Metal1,532.9800,585.2450,0.000283
_13142_,VSS,Metal1,528.4025,564.0760,0.000630
_13141_,VSS,Metal1,501.9400,524.6860,0.000257
_13140_,VSS,Metal1,506.5625,574.9635,0.000391
_13139_,VSS,Metal1,504.3225,585.0435,0.000313
_13138_,VSS,Metal1,510.3400,585.1660,0.000308
_13137_,VSS,Metal1,509.4665,584.0230,0.000308
_13136_,VSS,Metal1,505.4425,524.5635,0.000257
_13135_,VSS,Metal1,488.7800,574.0625,0.000374
_13134_,VSS,Metal1,492.1600,575.0100,0.000387
_13133_,VSS,Metal1,492.1000,584.0350,0.000321
_13132_,VSS,Metal1,488.6425,564.8835,0.000544
_13131_,VSS,Metal1,482.6200,564.9775,0.000545
_13130_,VSS,Metal1,478.0025,564.8835,0.000566
_13129_,VSS,Metal1,1038.4830,333.1780,0.000400
_13128_,VSS,Metal1,1035.3000,332.0350,0.000399
_13127_,VSS,Metal1,1031.2250,333.2410,0.000399
_13126_,VSS,Metal1,1030.5800,332.1135,0.000399
_13125_,VSS,Metal1,1029.9475,352.3960,0.000591
_13124_,VSS,Metal1,1019.3800,353.3260,0.000565
_13123_,VSS,Metal1,1024.8200,353.2365,0.000578
_13122_,VSS,Metal1,1019.2025,343.3835,0.000466
_13121_,VSS,Metal1,1040.0200,323.0110,0.000933
_13120_,VSS,Metal1,1017.7000,332.1135,0.000386
_13119_,VSS,Metal1,1030.0830,343.2580,0.000468
_13118_,VSS,Metal1,1030.2600,342.1150,0.000468
_13117_,VSS,Metal1,1017.2880,342.1080,0.000466
_13116_,VSS,Metal1,999.4600,342.1150,0.000455
_13115_,VSS,Metal1,1029.1465,323.1765,0.000854
_13114_,VSS,Metal1,1025.1225,333.0435,0.000392
_13113_,VSS,Metal1,1030.1625,353.2035,0.000591
_13112_,VSS,Metal1,1022.4265,362.2630,0.000556
_13111_,VSS,Metal1,1011.7800,362.2750,0.000511
_13110_,VSS,Metal1,1010.3475,353.2035,0.000525
_13109_,VSS,Metal1,1015.9400,352.3485,0.000547
_13108_,VSS,Metal1,1023.3100,352.3960,0.000578
_13107_,VSS,Metal1,1010.0025,352.3960,0.000525
_13106_,VSS,Metal1,1015.0480,333.2520,0.000386
_13105_,VSS,Metal1,998.3400,333.2450,0.000359
_13104_,VSS,Metal1,1021.8665,332.0230,0.000389
_13103_,VSS,Metal1,1011.6825,332.2360,0.000386
_13102_,VSS,Metal1,983.6030,362.3415,0.000483
_13101_,VSS,Metal1,993.3000,353.4050,0.000480
_13100_,VSS,Metal1,993.7680,352.1880,0.000480
_13099_,VSS,Metal1,994.4265,342.1030,0.000454
_13098_,VSS,Metal1,989.8425,342.3160,0.000454
_13097_,VSS,Metal1,958.9000,343.2460,0.000444
_13096_,VSS,Metal1,977.6600,363.3775,0.000461
_13095_,VSS,Metal1,977.9500,362.4760,0.000461
_13094_,VSS,Metal1,979.0600,372.4335,0.000195
_13093_,VSS,Metal1,992.4200,372.5085,0.000229
_13092_,VSS,Metal1,1000.8900,353.2815,0.000487
_13091_,VSS,Metal1,992.6480,343.3320,0.000454
_13090_,VSS,Metal1,997.7865,332.0230,0.000359
_13089_,VSS,Metal1,993.2025,332.2360,0.000351
_13088_,VSS,Metal1,978.5000,342.1935,0.000447
_13087_,VSS,Metal1,964.0030,333.1780,0.000331
_13086_,VSS,Metal1,963.6200,343.3250,0.000447
_13085_,VSS,Metal1,964.0880,352.1880,0.000428
_13084_,VSS,Metal1,944.5800,352.1950,0.000356
_13083_,VSS,Metal1,956.9065,342.1030,0.000443
_13082_,VSS,Metal1,979.2025,343.1235,0.000447
_13081_,VSS,Metal1,965.2025,362.4760,0.000400
_13080_,VSS,Metal1,970.3465,363.4965,0.000424
_13079_,VSS,Metal1,960.8200,372.3550,0.000173
_13078_,VSS,Metal1,957.7075,373.3635,0.000169
_13077_,VSS,Metal1,962.7400,363.3310,0.000384
_13076_,VSS,Metal1,969.1225,362.4760,0.000424
_13075_,VSS,Metal1,972.9000,362.4460,0.000431
_13074_,VSS,Metal1,970.8025,353.2035,0.000437
_13073_,VSS,Metal1,976.3450,352.1985,0.000450
_13072_,VSS,Metal1,946.2600,353.4050,0.000356
_13071_,VSS,Metal1,973.5450,343.3210,0.000447
_13070_,VSS,Metal1,975.8425,353.2035,0.000450
_13069_,VSS,Metal1,940.4830,353.3380,0.000357
_13068_,VSS,Metal1,938.9800,352.1950,0.000357
_13067_,VSS,Metal1,936.0880,362.2680,0.000377
_13066_,VSS,Metal1,951.3065,353.4165,0.000415
_13065_,VSS,Metal1,939.4425,342.3160,0.000440
_13064_,VSS,Metal1,903.7400,372.4625,0.000212
_13063_,VSS,Metal1,936.9875,372.5560,0.000173
_13062_,VSS,Metal1,932.1625,373.3635,0.000180
_13061_,VSS,Metal1,931.4600,382.5135,0.000141
_13060_,VSS,Metal1,939.3000,382.6060,0.000134
_13059_,VSS,Metal1,939.7800,373.4110,0.000169
_13058_,VSS,Metal1,951.0500,372.4780,0.000161
_13057_,VSS,Metal1,936.0880,363.4920,0.000377
_13056_,VSS,Metal1,933.9465,352.1830,0.000369
_13055_,VSS,Metal1,925.4425,353.2035,0.000389
_13054_,VSS,Metal1,911.5800,372.4625,0.000207
_13053_,VSS,Metal1,935.6265,382.4230,0.000137
_13052_,VSS,Metal1,877.7630,353.3380,0.000423
_13051_,VSS,Metal1,877.9400,363.4850,0.000406
_13050_,VSS,Metal1,900.2480,363.4920,0.000390
_13049_,VSS,Metal1,899.2265,372.3430,0.000213
_13048_,VSS,Metal1,886.1200,392.5900,0.000256
_13047_,VSS,Metal1,910.9865,363.4965,0.000386
_13046_,VSS,Metal1,905.8425,382.6360,0.000170
_13045_,VSS,Metal1,873.9225,373.3635,0.000234
_13044_,VSS,Metal1,878.5065,373.5765,0.000234
_13043_,VSS,Metal1,880.7400,382.4350,0.000198
_13042_,VSS,Metal1,874.8275,382.6360,0.000198
_13041_,VSS,Metal1,908.4200,383.4910,0.000167
_13040_,VSS,Metal1,917.0425,382.6360,0.000158
_13039_,VSS,Metal1,925.3000,383.4735,0.000146
_13038_,VSS,Metal1,920.9625,382.6360,0.000152
_13037_,VSS,Metal1,910.8880,373.5720,0.000207
_13036_,VSS,Metal1,911.5465,382.4230,0.000165
_13035_,VSS,Metal1,901.0930,392.6300,0.000259
_13034_,VSS,Metal1,915.4665,363.4965,0.000383
_13033_,VSS,Metal1,910.8825,362.4760,0.000386
_13032_,VSS,Metal1,843.0430,372.4215,0.000237
_13031_,VSS,Metal1,852.7400,392.5150,0.000241
_13030_,VSS,Metal1,878.9680,383.6520,0.000198
_13029_,VSS,Metal1,894.1865,373.5765,0.000218
_13028_,VSS,Metal1,880.1800,392.5150,0.000255
_13027_,VSS,Metal1,869.2275,393.5235,0.000248
_13026_,VSS,Metal1,866.6425,402.7960,0.000376
_13025_,VSS,Metal1,867.0600,412.7535,0.000363
_13024_,VSS,Metal1,880.0825,402.7960,0.000376
_13023_,VSS,Metal1,888.8200,412.8285,0.000371
_13022_,VSS,Metal1,884.0025,402.7960,0.000375
_13021_,VSS,Metal1,884.4100,393.6015,0.000256
_13020_,VSS,Metal1,895.2080,393.7320,0.000258
_13019_,VSS,Metal1,899.7865,383.6565,0.000178
_13018_,VSS,Metal1,898.4200,373.3935,0.000213
_13017_,VSS,Metal1,901.9225,373.3635,0.000212
_13016_,VSS,Metal1,898.6665,402.5830,0.000369
_13015_,VSS,Metal1,866.7465,422.7430,0.000716
_13014_,VSS,Metal1,854.2430,382.5015,0.000199
_13013_,VSS,Metal1,858.3400,392.5150,0.000242
_13012_,VSS,Metal1,863.0600,393.5710,0.000244
_13011_,VSS,Metal1,876.0200,393.5535,0.000253
_13010_,VSS,Metal1,873.8650,402.5985,0.000376
_13009_,VSS,Metal1,893.0665,402.5830,0.000370
_13008_,VSS,Metal1,707.1800,444.0050,0.000265
_13007_,VSS,Metal1,854.1700,413.7615,0.000361
_13006_,VSS,Metal1,853.7625,422.9560,0.000659
_13005_,VSS,Metal1,852.4275,423.7635,0.000659
_13004_,VSS,Metal1,854.4200,432.8350,0.000363
_13003_,VSS,Metal1,879.8600,433.8910,0.000415
_13002_,VSS,Metal1,864.7400,432.9885,0.000386
_13001_,VSS,Metal1,891.1400,413.7135,0.000372
_13000_,VSS,Metal1,866.6425,423.7635,0.000716
_12999_,VSS,Metal1,894.5000,413.7135,0.000376
_12998_,VSS,Metal1,872.3465,422.7430,0.000727
_12997_,VSS,Metal1,872.1850,434.0410,0.000406
_12996_,VSS,Metal1,873.7000,443.0685,0.000359
_12995_,VSS,Metal1,866.1800,442.9150,0.000358
_12994_,VSS,Metal1,874.9850,444.1210,0.000359
_12993_,VSS,Metal1,895.3065,412.6630,0.000376
_12992_,VSS,Metal1,865.5225,453.1960,0.000200
_12991_,VSS,Metal1,685.6830,442.9815,0.000263
_12990_,VSS,Metal1,696.5000,434.0450,0.000454
_12989_,VSS,Metal1,692.4880,452.9880,0.000222
_12988_,VSS,Metal1,703.2265,452.9830,0.000215
_12987_,VSS,Metal1,713.2025,443.9235,0.000263
_12986_,VSS,Metal1,676.9065,463.0630,0.000084
_12985_,VSS,Metal1,690.2425,443.9235,0.000265
_12984_,VSS,Metal1,686.9865,434.0565,0.000454
_12983_,VSS,Metal1,683.8130,453.1100,0.000226
_12982_,VSS,Metal1,686.7400,444.0460,0.000263
_12981_,VSS,Metal1,699.5400,443.9710,0.000265
_12980_,VSS,Metal1,722.7225,443.1160,0.000260
_12979_,VSS,Metal1,716.0025,443.9235,0.000262
_12978_,VSS,Metal1,716.0025,453.1960,0.000203
_12977_,VSS,Metal1,720.5865,452.9830,0.000203
_12976_,VSS,Metal1,717.0650,454.2010,0.000203
_12975_,VSS,Metal1,709.0600,454.0510,0.000209
_12974_,VSS,Metal1,705.7800,463.1535,0.000096
_12973_,VSS,Metal1,786.3400,463.2285,0.000087
_12972_,VSS,Metal1,859.9225,454.0035,0.000188
_12971_,VSS,Metal1,699.8665,463.0630,0.000096
_12970_,VSS,Metal1,644.8030,454.1380,0.000259
_12969_,VSS,Metal1,649.4600,463.0750,0.000073
_12968_,VSS,Metal1,649.3050,464.2810,0.000073
_12967_,VSS,Metal1,657.8665,464.2965,0.000076
_12966_,VSS,Metal1,626.5000,474.3650,0.000137
_12965_,VSS,Metal1,659.3850,473.1585,0.000166
_12964_,VSS,Metal1,681.3865,463.0630,0.000085
_12963_,VSS,Metal1,643.0500,463.1980,0.000072
_12962_,VSS,Metal1,640.4025,464.0835,0.000071
_12961_,VSS,Metal1,635.7075,464.0835,0.000072
_12960_,VSS,Metal1,638.2600,454.2050,0.000259
_12959_,VSS,Metal1,656.9800,463.2285,0.000076
_12958_,VSS,Metal1,676.1000,454.0335,0.000236
_12957_,VSS,Metal1,667.2825,463.2760,0.000079
_12956_,VSS,Metal1,663.4665,463.0630,0.000078
_12955_,VSS,Metal1,652.8800,473.3100,0.000161
_12954_,VSS,Metal1,657.3000,474.3650,0.000166
_12953_,VSS,Metal1,623.1800,483.3460,0.000231
_12952_,VSS,Metal1,668.3450,474.3610,0.000176
_12951_,VSS,Metal1,687.5465,474.3765,0.000202
_12950_,VSS,Metal1,631.4425,473.3560,0.000136
_12949_,VSS,Metal1,618.4830,454.1380,0.000303
_12948_,VSS,Metal1,625.9400,464.2850,0.000076
_12947_,VSS,Metal1,612.9680,473.1480,0.000141
_12946_,VSS,Metal1,626.5065,473.1430,0.000137
_12945_,VSS,Metal1,621.3625,474.1635,0.000139
_12944_,VSS,Metal1,582.5800,474.2860,0.000152
_12943_,VSS,Metal1,603.2275,473.3560,0.000145
_12942_,VSS,Metal1,599.2200,463.2430,0.000088
_12941_,VSS,Metal1,599.3800,473.2335,0.000146
_12940_,VSS,Metal1,618.9000,464.1310,0.000088
_12939_,VSS,Metal1,630.9865,464.2965,0.000075
_12938_,VSS,Metal1,630.7400,474.1935,0.000136
_12937_,VSS,Metal1,623.0480,484.4520,0.000231
_12936_,VSS,Metal1,629.7625,483.4360,0.000226
_12935_,VSS,Metal1,620.3465,493.3030,0.000206
_12934_,VSS,Metal1,568.0830,454.1380,0.000310
_12933_,VSS,Metal1,570.5000,464.2850,0.000096
_12932_,VSS,Metal1,570.9050,474.3610,0.000156
_12931_,VSS,Metal1,590.0025,483.4360,0.000285
_12930_,VSS,Metal1,596.1625,484.2435,0.000280
_12929_,VSS,Metal1,576.0025,483.4360,0.000372
_12928_,VSS,Metal1,552.5800,483.2350,0.000416
_12927_,VSS,Metal1,559.2025,453.1960,0.000308
_12926_,VSS,Metal1,564.3465,464.2965,0.000096
_12925_,VSS,Metal1,557.6200,454.2050,0.000307
_12924_,VSS,Metal1,558.9875,464.0835,0.000098
_12923_,VSS,Metal1,578.5800,473.3085,0.000154
_12922_,VSS,Metal1,587.0500,474.2415,0.000151
_12921_,VSS,Metal1,586.1865,473.1430,0.000151
_12920_,VSS,Metal1,579.8650,484.4410,0.000369
_12919_,VSS,Metal1,572.1800,493.3150,0.000266
_12918_,VSS,Metal1,586.5850,493.3185,0.000234
_12917_,VSS,Metal1,608.0265,493.3030,0.000214
_12916_,VSS,Metal1,571.5225,484.2435,0.000395
_12915_,VSS,Metal1,529.4065,433.9315,0.000388
_12914_,VSS,Metal1,531.9000,464.1735,0.000125
_12913_,VSS,Metal1,531.2025,463.2760,0.000125
_12912_,VSS,Metal1,527.1400,464.2060,0.000126
_12911_,VSS,Metal1,520.2930,464.1700,0.000127
_12910_,VSS,Metal1,536.1850,473.1585,0.000170
_12909_,VSS,Metal1,546.9865,464.2965,0.000120
_12908_,VSS,Metal1,552.3400,473.3260,0.000167
_12907_,VSS,Metal1,546.7500,473.3560,0.000170
_12906_,VSS,Metal1,541.7000,473.3260,0.000170
_12905_,VSS,Metal1,529.8600,493.4685,0.000302
_12904_,VSS,Metal1,540.5800,484.3660,0.000420
_12903_,VSS,Metal1,543.8600,494.3710,0.000290
_12902_,VSS,Metal1,562.9700,493.4380,0.000274
_12901_,VSS,Metal1,524.0265,493.3030,0.000304
_12900_,VSS,Metal1,542.4080,474.3720,0.000170
_12899_,VSS,Metal1,553.0425,474.1635,0.000167
_12898_,VSS,Metal1,553.1465,493.3030,0.000284
_12897_,VSS,Metal1,524.3400,484.3660,0.000409
_12896_,VSS,Metal1,512.0465,443.0280,0.000311
_12895_,VSS,Metal1,512.3000,473.2660,0.000183
_12894_,VSS,Metal1,508.2425,464.0835,0.000131
_12893_,VSS,Metal1,506.1000,473.1550,0.000185
_12892_,VSS,Metal1,503.5475,464.0835,0.000132
_12891_,VSS,Metal1,508.0200,474.2110,0.000185
_12890_,VSS,Metal1,518.8825,473.3560,0.000180
_12889_,VSS,Metal1,518.7500,474.1635,0.000180
_12888_,VSS,Metal1,504.1000,493.4685,0.000317
_12887_,VSS,Metal1,497.7000,493.3150,0.000317
_12886_,VSS,Metal1,502.5850,494.5210,0.000317
_12885_,VSS,Metal1,526.2665,494.5365,0.000304
_12884_,VSS,Metal1,494.2425,494.3235,0.000319
_12883_,VSS,Metal1,511.9400,483.3885,0.000381
_12882_,VSS,Metal1,515.5225,484.2435,0.000395
_12881_,VSS,Metal1,514.2600,493.4860,0.000314
_12880_,VSS,Metal1,510.9850,494.5210,0.000314
_12879_,VSS,Metal1,492.5625,483.4360,0.000277
_12878_,VSS,Metal1,489.3000,432.8350,0.000337
_12877_,VSS,Metal1,485.1600,473.2300,0.000194
_12876_,VSS,Metal1,479.7865,464.2965,0.000144
_12875_,VSS,Metal1,471.5730,474.2500,0.000240
_12874_,VSS,Metal1,478.4200,474.2860,0.000213
_12873_,VSS,Metal1,472.7400,483.3885,0.000278
_12872_,VSS,Metal1,488.6425,483.4360,0.000259
_12871_,VSS,Metal1,490.4265,464.2965,0.000134
_12870_,VSS,Metal1,494.2425,464.0835,0.000133
_12869_,VSS,Metal1,489.3065,463.0630,0.000134
_12868_,VSS,Metal1,489.5400,474.2110,0.000192
_12867_,VSS,Metal1,499.2825,474.1635,0.000189
_12866_,VSS,Metal1,496.3500,473.3560,0.000190
_12865_,VSS,Metal1,478.5050,484.4410,0.000273
_12864_,VSS,Metal1,481.7800,493.3935,0.000359
_12863_,VSS,Metal1,476.6600,494.3710,0.000407
_12862_,VSS,Metal1,490.3225,494.3235,0.000321
_12861_,VSS,Metal1,468.3665,432.9480,0.000351
_12860_,VSS,Metal1,466.2480,463.0680,0.000163
_12859_,VSS,Metal1,477.3100,454.0035,0.000313
_12858_,VSS,Metal1,475.3065,464.2965,0.000150
_12857_,VSS,Metal1,467.1400,473.3085,0.000256
_12856_,VSS,Metal1,466.2425,483.4360,0.000287
_12855_,VSS,Metal1,462.3225,464.0835,0.000163
_12854_,VSS,Metal1,852.0030,442.9815,0.000357
_12853_,VSS,Metal1,848.8200,452.9950,0.000169
_12852_,VSS,Metal1,842.5050,444.1210,0.000316
_12851_,VSS,Metal1,835.1400,442.9935,0.000310
_12850_,VSS,Metal1,845.1475,433.8435,0.000353
_12849_,VSS,Metal1,840.7400,433.9660,0.000346
_12848_,VSS,Metal1,840.5800,443.0830,0.000316
_12847_,VSS,Metal1,837.7625,452.9360,0.000162
_12846_,VSS,Metal1,845.1400,423.8110,0.000625
_12845_,VSS,Metal1,827.8600,453.0735,0.000161
_12844_,VSS,Metal1,822.3230,393.6580,0.000232
_12843_,VSS,Metal1,826.9800,402.5950,0.000367
_12842_,VSS,Metal1,826.8880,423.9720,0.000516
_12841_,VSS,Metal1,814.1000,434.0450,0.000311
_12840_,VSS,Metal1,827.5465,442.9030,0.000297
_12839_,VSS,Metal1,834.7225,433.8435,0.000338
_12838_,VSS,Metal1,825.7625,422.9560,0.000516
_12837_,VSS,Metal1,825.3065,432.8230,0.000322
_12836_,VSS,Metal1,820.2600,432.8350,0.000316
_12835_,VSS,Metal1,816.0275,423.7635,0.000499
_12834_,VSS,Metal1,828.9000,433.8910,0.000327
_12833_,VSS,Metal1,836.2700,443.9235,0.000310
_12832_,VSS,Metal1,834.1625,433.0360,0.000338
_12831_,VSS,Metal1,827.4480,454.2120,0.000161
_12830_,VSS,Metal1,811.8600,463.0750,0.000093
_12829_,VSS,Metal1,827.5465,463.0630,0.000106
_12828_,VSS,Metal1,832.4825,463.2760,0.000110
_12827_,VSS,Metal1,788.7230,413.8180,0.000323
_12826_,VSS,Metal1,800.6600,422.7550,0.000422
_12825_,VSS,Metal1,803.3680,432.8280,0.000300
_12824_,VSS,Metal1,811.8665,442.9030,0.000272
_12823_,VSS,Metal1,807.2825,443.1160,0.000252
_12822_,VSS,Metal1,784.7400,432.9135,0.000349
_12821_,VSS,Metal1,792.3000,433.9375,0.000312
_12820_,VSS,Metal1,798.7500,423.7635,0.000422
_12819_,VSS,Metal1,795.3800,432.9135,0.000292
_12818_,VSS,Metal1,804.8200,433.8910,0.000300
_12817_,VSS,Metal1,814.4100,432.9580,0.000311
_12816_,VSS,Metal1,801.6880,454.2120,0.000130
_12815_,VSS,Metal1,813.5465,454.2165,0.000141
_12814_,VSS,Metal1,808.9625,453.1960,0.000135
_12813_,VSS,Metal1,795.3800,453.0735,0.000128
_12812_,VSS,Metal1,746.7230,403.7380,0.000416
_12811_,VSS,Metal1,765.3800,413.8850,0.000355
_12810_,VSS,Metal1,777.6080,423.9720,0.000454
_12809_,VSS,Metal1,774.3400,432.8350,0.000373
_12808_,VSS,Metal1,782.1865,434.0565,0.000350
_12807_,VSS,Metal1,778.7225,433.0360,0.000361
_12806_,VSS,Metal1,756.8825,443.1160,0.000256
_12805_,VSS,Metal1,761.4665,442.9030,0.000255
_12804_,VSS,Metal1,764.2600,444.1250,0.000255
_12803_,VSS,Metal1,757.7875,453.1960,0.000162
_12802_,VSS,Metal1,781.8600,453.1485,0.000147
_12801_,VSS,Metal1,786.5625,443.1160,0.000225
_12800_,VSS,Metal1,793.1400,443.0860,0.000209
_12799_,VSS,Metal1,789.9225,443.9235,0.000217
_12798_,VSS,Metal1,788.1850,454.2010,0.000144
_12797_,VSS,Metal1,778.2600,464.2850,0.000101
_12796_,VSS,Metal1,795.4650,463.0785,0.000081
_12795_,VSS,Metal1,788.8025,464.0835,0.000085
_12794_,VSS,Metal1,759.0430,393.6580,0.000237
_12793_,VSS,Metal1,760.9000,402.5950,0.000382
_12792_,VSS,Metal1,758.5680,422.7480,0.000366
_12791_,VSS,Metal1,768.7465,434.0565,0.000379
_12790_,VSS,Metal1,768.6425,423.7635,0.000454
_12789_,VSS,Metal1,754.7800,493.4225,0.000278
_12788_,VSS,Metal1,760.5875,454.0035,0.000159
_12787_,VSS,Metal1,755.2025,463.2760,0.000101
_12786_,VSS,Metal1,749.4600,473.2335,0.000228
_12785_,VSS,Metal1,763.4600,474.1935,0.000236
_12784_,VSS,Metal1,756.2650,464.2810,0.000101
_12783_,VSS,Metal1,773.6825,454.0035,0.000154
_12782_,VSS,Metal1,773.5400,464.1135,0.000101
_12781_,VSS,Metal1,769.2080,473.1480,0.000237
_12780_,VSS,Metal1,783.3065,464.2965,0.000088
_12779_,VSS,Metal1,774.2425,474.1635,0.000238
_12778_,VSS,Metal1,762.6200,503.5025,0.000436
_12777_,VSS,Metal1,754.7465,473.1430,0.000231
_12776_,VSS,Metal1,728.2430,464.2180,0.000103
_12775_,VSS,Metal1,737.9400,474.3650,0.000222
_12774_,VSS,Metal1,741.7680,493.3080,0.000270
_12773_,VSS,Metal1,737.9465,494.5365,0.000270
_12772_,VSS,Metal1,724.2800,514.6100,0.000336
_12771_,VSS,Metal1,755.8665,484.4565,0.000250
_12770_,VSS,Metal1,750.1625,494.3235,0.000274
_12769_,VSS,Metal1,732.8025,483.4360,0.000242
_12768_,VSS,Metal1,729.5465,474.3765,0.000217
_12767_,VSS,Metal1,730.6600,493.3150,0.000249
_12766_,VSS,Metal1,720.8275,484.2435,0.000239
_12765_,VSS,Metal1,746.5800,484.2910,0.000247
_12764_,VSS,Metal1,759.6825,484.2435,0.000250
_12763_,VSS,Metal1,749.4600,483.4060,0.000248
_12762_,VSS,Metal1,763.6025,484.2435,0.000251
_12761_,VSS,Metal1,758.0080,494.5320,0.000278
_12760_,VSS,Metal1,758.1065,503.3830,0.000448
_12759_,VSS,Metal1,740.3730,523.6700,0.000284
_12758_,VSS,Metal1,762.5865,504.6165,0.000436
_12757_,VSS,Metal1,768.6425,503.5960,0.000416
_12756_,VSS,Metal1,702.4830,483.3015,0.000237
_12755_,VSS,Metal1,712.1800,494.5250,0.000226
_12754_,VSS,Metal1,718.8080,504.6120,0.000435
_12753_,VSS,Metal1,738.5065,504.6165,0.000449
_12752_,VSS,Metal1,718.3400,514.6850,0.000335
_12751_,VSS,Metal1,698.7800,494.4175,0.000214
_12750_,VSS,Metal1,704.6700,503.5960,0.000403
_12749_,VSS,Metal1,706.9000,494.4460,0.000222
_12748_,VSS,Metal1,723.0600,503.5485,0.000435
_12747_,VSS,Metal1,729.8500,503.5180,0.000441
_12746_,VSS,Metal1,731.6880,513.4680,0.000336
_12745_,VSS,Metal1,741.8665,514.6965,0.000336
_12744_,VSS,Metal1,758.4200,504.4335,0.000448
_12743_,VSS,Metal1,747.3625,503.5960,0.000451
_12742_,VSS,Metal1,735.1465,514.6965,0.000336
_12741_,VSS,Metal1,705.2830,553.8615,0.000347
_12740_,VSS,Metal1,716.1000,543.7150,0.000273
_12739_,VSS,Metal1,711.8600,534.6910,0.000361
_12738_,VSS,Metal1,717.5400,534.6735,0.000363
_12737_,VSS,Metal1,717.0650,533.6385,0.000363
_12736_,VSS,Metal1,735.1465,523.5430,0.000305
_12735_,VSS,Metal1,680.0200,554.9260,0.000404
_12734_,VSS,Metal1,697.2200,544.7565,0.000270
_12733_,VSS,Metal1,689.2800,553.9500,0.000390
_12732_,VSS,Metal1,688.1000,544.9250,0.000263
_12731_,VSS,Metal1,687.2200,523.7085,0.000316
_12730_,VSS,Metal1,690.0200,543.8685,0.000264
_12729_,VSS,Metal1,696.8200,523.7260,0.000313
_12728_,VSS,Metal1,693.0425,523.7560,0.000314
_12727_,VSS,Metal1,704.1000,513.6460,0.000335
_12726_,VSS,Metal1,689.4130,524.6500,0.000315
_12725_,VSS,Metal1,684.7465,524.7765,0.000316
_12724_,VSS,Metal1,687.6000,534.6900,0.000350
_12723_,VSS,Metal1,686.9800,533.6350,0.000350
_12722_,VSS,Metal1,704.1850,534.8410,0.000359
_12721_,VSS,Metal1,728.4265,533.6230,0.000369
_12720_,VSS,Metal1,649.2830,553.8615,0.000434
_12719_,VSS,Metal1,656.1800,553.7950,0.000426
_12718_,VSS,Metal1,660.0080,555.0120,0.000426
_12717_,VSS,Metal1,666.2665,553.7830,0.000423
_12716_,VSS,Metal1,683.5225,554.8035,0.000398
_12715_,VSS,Metal1,650.5865,573.9430,0.000339
_12714_,VSS,Metal1,650.4825,554.8035,0.000434
_12713_,VSS,Metal1,647.2265,563.8630,0.000424
_12712_,VSS,Metal1,649.6530,564.9700,0.000424
_12711_,VSS,Metal1,653.1400,563.9535,0.000425
_12710_,VSS,Metal1,664.8200,564.0285,0.000459
_12709_,VSS,Metal1,674.0025,544.7235,0.000247
_12708_,VSS,Metal1,675.6825,553.9960,0.000417
_12707_,VSS,Metal1,670.6425,564.0760,0.000467
_12706_,VSS,Metal1,670.7465,553.7830,0.000417
_12705_,VSS,Metal1,672.2650,555.0010,0.000417
_12704_,VSS,Metal1,670.9800,564.9310,0.000467
_12703_,VSS,Metal1,671.0600,574.0335,0.000359
_12702_,VSS,Metal1,678.2600,564.0285,0.000476
_12701_,VSS,Metal1,681.2825,533.8360,0.000347
_12700_,VSS,Metal1,665.1465,573.9430,0.000359
_12699_,VSS,Metal1,622.9630,565.0180,0.000516
_12698_,VSS,Metal1,628.1800,573.9550,0.000336
_12697_,VSS,Metal1,631.3850,575.1610,0.000335
_12696_,VSS,Metal1,636.5865,565.0965,0.000413
_12695_,VSS,Metal1,620.3400,594.1150,0.000186
_12694_,VSS,Metal1,638.6650,573.9585,0.000311
_12693_,VSS,Metal1,656.7465,575.1765,0.000355
_12692_,VSS,Metal1,619.9400,574.1230,0.000350
_12691_,VSS,Metal1,619.2800,575.0100,0.000350
_12690_,VSS,Metal1,613.6200,573.9550,0.000356
_12689_,VSS,Metal1,639.0600,575.0110,0.000311
_12688_,VSS,Metal1,651.4600,574.9935,0.000339
_12687_,VSS,Metal1,648.2425,584.2360,0.000240
_12686_,VSS,Metal1,644.9865,573.9430,0.000323
_12685_,VSS,Metal1,638.8800,585.0900,0.000229
_12684_,VSS,Metal1,637.7000,594.1150,0.000183
_12683_,VSS,Metal1,619.2600,604.3060,0.000323
_12682_,VSS,Metal1,642.5850,584.0385,0.000228
_12681_,VSS,Metal1,656.7465,565.0965,0.000445
_12680_,VSS,Metal1,616.8825,585.0435,0.000244
_12679_,VSS,Metal1,607.2830,574.0215,0.000360
_12678_,VSS,Metal1,609.1400,585.2450,0.000245
_12677_,VSS,Metal1,604.5680,594.1080,0.000189
_12676_,VSS,Metal1,624.2665,595.3365,0.000186
_12675_,VSS,Metal1,619.6825,595.1235,0.000186
_12674_,VSS,Metal1,598.2500,604.3180,0.000308
_12673_,VSS,Metal1,918.5075,423.7635,0.000674
_12672_,VSS,Metal1,600.0825,574.9635,0.000370
_12671_,VSS,Metal1,597.9465,584.0230,0.000252
_12670_,VSS,Metal1,591.9730,585.1300,0.000256
_12669_,VSS,Metal1,592.6600,594.1935,0.000191
_12668_,VSS,Metal1,602.1000,585.0910,0.000250
_12667_,VSS,Metal1,606.3465,595.3365,0.000189
_12666_,VSS,Metal1,614.5000,594.2860,0.000187
_12665_,VSS,Metal1,607.9280,604.1880,0.000314
_12664_,VSS,Metal1,622.4825,585.0435,0.000244
_12663_,VSS,Metal1,609.1465,605.4165,0.000314
_12662_,VSS,Metal1,567.5230,584.1015,0.000276
_12661_,VSS,Metal1,564.3400,595.3250,0.000217
_12660_,VSS,Metal1,578.3465,595.3365,0.000214
_12659_,VSS,Metal1,564.9000,604.1950,0.000287
_12658_,VSS,Metal1,569.6275,604.3960,0.000289
_12657_,VSS,Metal1,570.9050,605.4010,0.000289
_12656_,VSS,Metal1,591.2265,605.4165,0.000305
_12655_,VSS,Metal1,557.5225,585.0435,0.000278
_12654_,VSS,Metal1,568.8265,585.2565,0.000276
_12653_,VSS,Metal1,563.7800,594.1150,0.000217
_12652_,VSS,Metal1,568.5075,594.3160,0.000217
_12651_,VSS,Metal1,570.7400,595.1710,0.000216
_12650_,VSS,Metal1,583.2825,595.1235,0.000213
_12649_,VSS,Metal1,587.0600,594.2860,0.000192
_12648_,VSS,Metal1,587.2025,595.1235,0.000192
_12647_,VSS,Metal1,579.1400,614.4285,0.000388
_12646_,VSS,Metal1,572.1800,615.4850,0.000385
_12645_,VSS,Metal1,580.9850,605.4010,0.000296
_12644_,VSS,Metal1,597.9465,614.2630,0.000398
_12643_,VSS,Metal1,564.8025,614.4760,0.000382
_12642_,VSS,Metal1,537.2465,553.9080,0.000597
_12641_,VSS,Metal1,539.7400,594.2260,0.000224
_12640_,VSS,Metal1,539.6025,585.0435,0.000280
_12639_,VSS,Metal1,534.9800,594.1935,0.000225
_12638_,VSS,Metal1,528.1330,594.2300,0.000225
_12637_,VSS,Metal1,550.0200,604.3485,0.000286
_12636_,VSS,Metal1,556.8300,595.1235,0.000218
_12635_,VSS,Metal1,551.7800,595.1535,0.000220
_12634_,VSS,Metal1,559.6300,604.3960,0.000286
_12633_,VSS,Metal1,549.4600,615.3310,0.000370
_12632_,VSS,Metal1,543.9400,615.4060,0.000370
_12631_,VSS,Metal1,549.4600,624.5085,0.000318
_12630_,VSS,Metal1,564.8025,615.2835,0.000382
_12629_,VSS,Metal1,543.6265,624.3430,0.000309
_12628_,VSS,Metal1,545.2025,595.1235,0.000222
_12627_,VSS,Metal1,538.4825,604.3960,0.000279
_12626_,VSS,Metal1,543.3700,604.3180,0.000283
_12625_,VSS,Metal1,544.0250,605.4010,0.000283
_12624_,VSS,Metal1,558.6425,594.3160,0.000218
_12623_,VSS,Metal1,527.9400,595.3250,0.000225
_12622_,VSS,Metal1,512.0465,543.8280,0.000290
_12621_,VSS,Metal1,508.3800,595.2135,0.000228
_12620_,VSS,Metal1,515.8600,595.1710,0.000227
_12619_,VSS,Metal1,513.3800,594.1150,0.000227
_12618_,VSS,Metal1,520.9000,604.3485,0.000256
_12617_,VSS,Metal1,522.9065,595.3365,0.000226
_12616_,VSS,Metal1,532.3225,595.1235,0.000225
_12615_,VSS,Metal1,523.4665,605.4165,0.000258
_12614_,VSS,Metal1,528.2700,604.3960,0.000263
_12613_,VSS,Metal1,518.6600,615.3310,0.000356
_12612_,VSS,Metal1,512.2600,615.4850,0.000353
_12611_,VSS,Metal1,521.0650,624.3585,0.000264
_12610_,VSS,Metal1,538.5865,614.2630,0.000369
_12609_,VSS,Metal1,509.3625,614.4760,0.000352
_12608_,VSS,Metal1,507.6825,594.3160,0.000228
_12607_,VSS,Metal1,513.2825,614.4760,0.000353
_12606_,VSS,Metal1,504.6675,604.3960,0.000245
_12605_,VSS,Metal1,510.5800,604.1950,0.000252
_12604_,VSS,Metal1,514.3450,605.4010,0.000252
_12603_,VSS,Metal1,485.3800,553.7950,0.000526
_12602_,VSS,Metal1,488.5200,585.1700,0.000322
_12601_,VSS,Metal1,484.8265,594.1030,0.000232
_12600_,VSS,Metal1,484.4530,595.2100,0.000232
_12599_,VSS,Metal1,482.3400,604.2735,0.000143
_12598_,VSS,Metal1,487.8600,604.3485,0.000229
_12597_,VSS,Metal1,496.4825,604.3960,0.000242
_12596_,VSS,Metal1,489.3065,594.1030,0.000231
_12595_,VSS,Metal1,494.2425,585.0435,0.000321
_12594_,VSS,Metal1,497.1465,584.0230,0.000320
_12593_,VSS,Metal1,501.3000,595.1710,0.000229
_12592_,VSS,Metal1,500.4025,604.3960,0.000245
_12591_,VSS,Metal1,503.6300,594.3160,0.000229
_12590_,VSS,Metal1,501.4650,605.4010,0.000245
_12589_,VSS,Metal1,499.7000,614.3535,0.000346
_12588_,VSS,Metal1,502.9800,615.3310,0.000347
_12587_,VSS,Metal1,508.8025,624.5560,0.000259
_12586_,VSS,Metal1,482.3665,432.9480,0.000328
_12585_,VSS,Metal1,479.6880,575.1720,0.000440
_12584_,VSS,Metal1,483.4700,574.1560,0.000440
_12583_,VSS,Metal1,483.1465,585.2565,0.000339
_12582_,VSS,Metal1,483.3800,584.1885,0.000339
_12581_,VSS,Metal1,485.8425,614.4760,0.000344
_12580_,VSS,Metal1,474.6425,584.2360,0.000359
_12579_,VSS,Metal1,1036.7665,311.9880,0.000510
_12578_,VSS,Metal1,1035.2080,313.0920,0.000510
_12577_,VSS,Metal1,1041.2465,322.0680,0.000933
_12576_,VSS,Metal1,1024.1000,323.1650,0.000838
_12575_,VSS,Metal1,1016.0465,322.0680,0.000810
_12574_,VSS,Metal1,1016.9625,311.8160,0.000506
_12573_,VSS,Metal1,995.8600,313.0060,0.000487
_12572_,VSS,Metal1,1022.1900,302.8035,0.000712
_12571_,VSS,Metal1,1022.7300,322.0780,0.000838
_12570_,VSS,Metal1,1013.8065,323.0515,0.000810
_12569_,VSS,Metal1,982.4465,322.0680,0.000673
_12568_,VSS,Metal1,993.2080,321.9480,0.000676
_12567_,VSS,Metal1,989.8425,312.8835,0.000482
_12566_,VSS,Metal1,995.5465,323.1765,0.000676
_12565_,VSS,Metal1,990.2865,333.1315,0.000350
_12564_,VSS,Metal1,956.3400,323.1650,0.000580
_12563_,VSS,Metal1,923.3400,323.0575,0.000522
_12562_,VSS,Metal1,931.0425,312.8835,0.000544
_12561_,VSS,Metal1,938.4200,333.2450,0.000323
_12560_,VSS,Metal1,935.6800,332.1900,0.000325
_12559_,VSS,Metal1,922.4275,333.0435,0.000368
_12558_,VSS,Metal1,952.2650,332.0385,0.000310
_12557_,VSS,Metal1,954.4465,352.3080,0.000415
_12556_,VSS,Metal1,913.0065,343.2115,0.000480
_12555_,VSS,Metal1,922.0880,342.1080,0.000477
_12554_,VSS,Metal1,927.6825,332.2360,0.000342
_12553_,VSS,Metal1,932.5700,333.1215,0.000325
_12552_,VSS,Metal1,933.1665,353.2915,0.000369
_12551_,VSS,Metal1,914.2425,342.3160,0.000480
_12550_,VSS,Metal1,881.6465,352.3080,0.000421
_12549_,VSS,Metal1,891.7850,352.1985,0.000408
_12548_,VSS,Metal1,893.5225,343.1235,0.000482
_12547_,VSS,Metal1,888.9000,362.3535,0.000400
_12546_,VSS,Metal1,901.3050,352.1985,0.000408
_12545_,VSS,Metal1,906.4025,343.1235,0.000482
_12544_,VSS,Metal1,904.0465,362.3880,0.000390
_12543_,VSS,Metal1,864.8465,362.3880,0.000424
_12542_,VSS,Metal1,876.7280,362.2680,0.000406
_12541_,VSS,Metal1,882.8825,363.2835,0.000404
_12540_,VSS,Metal1,882.9865,353.4165,0.000421
_12539_,VSS,Metal1,893.9665,403.6915,0.000370
_12538_,VSS,Metal1,871.2200,454.2050,0.000215
_12537_,VSS,Metal1,890.5800,442.9935,0.000382
_12536_,VSS,Metal1,882.3225,453.1960,0.000219
_12535_,VSS,Metal1,879.5280,454.2120,0.000219
_12534_,VSS,Metal1,877.6900,453.1180,0.000219
_12533_,VSS,Metal1,881.6300,463.2760,0.000132
_12532_,VSS,Metal1,874.3665,463.1880,0.000129
_12531_,VSS,Metal1,685.6100,473.2780,0.000202
_12530_,VSS,Metal1,668.8465,453.1080,0.000242
_12529_,VSS,Metal1,673.2200,464.1310,0.000083
_12528_,VSS,Metal1,676.9000,473.1550,0.000187
_12527_,VSS,Metal1,684.4200,464.1310,0.000086
_12526_,VSS,Metal1,687.8700,463.2760,0.000088
_12525_,VSS,Metal1,692.9265,473.2680,0.000207
_12524_,VSS,Metal1,670.0825,473.3560,0.000176
_12523_,VSS,Metal1,607.2465,454.0915,0.000311
_12522_,VSS,Metal1,611.1500,474.1635,0.000141
_12521_,VSS,Metal1,609.8600,484.2765,0.000252
_12520_,VSS,Metal1,604.4200,484.3660,0.000262
_12519_,VSS,Metal1,588.0230,494.4250,0.000234
_12518_,VSS,Metal1,649.1400,484.2910,0.000207
_12517_,VSS,Metal1,667.2825,483.4360,0.000222
_12516_,VSS,Metal1,661.5665,483.3480,0.000222
_12515_,VSS,Metal1,589.3265,433.9315,0.000438
_12514_,VSS,Metal1,590.5050,484.4410,0.000285
_12513_,VSS,Metal1,597.9465,493.3030,0.000219
_12512_,VSS,Metal1,603.3100,493.5160,0.000216
_12511_,VSS,Metal1,612.5065,493.3030,0.000213
_12510_,VSS,Metal1,608.3665,494.4115,0.000214
_12509_,VSS,Metal1,582.0200,483.3135,0.000369
_12508_,VSS,Metal1,573.0600,433.9660,0.000437
_12507_,VSS,Metal1,577.6825,423.7635,0.000314
_12506_,VSS,Metal1,578.5800,493.4685,0.000235
_12505_,VSS,Metal1,586.1865,483.2230,0.000286
_12504_,VSS,Metal1,572.7465,494.5365,0.000266
_12503_,VSS,Metal1,576.5625,503.5960,0.000301
_12502_,VSS,Metal1,582.0300,503.5960,0.000301
_12501_,VSS,Metal1,580.3665,494.4115,0.000235
_12500_,VSS,Metal1,551.7800,494.4460,0.000284
_12499_,VSS,Metal1,543.0600,503.3950,0.000299
_12498_,VSS,Metal1,544.2200,493.4225,0.000290
_12497_,VSS,Metal1,533.4425,474.1635,0.000170
_12496_,VSS,Metal1,533.3100,494.3235,0.000298
_12495_,VSS,Metal1,544.1865,483.2230,0.000417
_12494_,VSS,Metal1,537.7000,493.4685,0.000294
_12493_,VSS,Metal1,539.6025,504.4035,0.000298
_12492_,VSS,Metal1,534.4465,503.5080,0.000289
_12491_,VSS,Metal1,470.2600,494.5250,0.000422
_12490_,VSS,Metal1,462.1800,343.2460,0.000231
_12489_,VSS,Metal1,464.5625,343.1235,0.000229
_12488_,VSS,Metal1,469.9400,484.2910,0.000282
_12487_,VSS,Metal1,474.7465,503.3830,0.000304
_12486_,VSS,Metal1,479.7865,504.6165,0.000296
_12485_,VSS,Metal1,481.2300,503.5960,0.000296
_12484_,VSS,Metal1,489.0865,503.5080,0.000265
_12483_,VSS,Metal1,463.8600,484.3660,0.000289
_12482_,VSS,Metal1,453.2465,474.2515,0.000311
_12481_,VSS,Metal1,457.2880,493.3080,0.000480
_12480_,VSS,Metal1,461.8665,494.5365,0.000479
_12479_,VSS,Metal1,462.8825,503.5960,0.000305
_12478_,VSS,Metal1,472.2865,493.4280,0.000422
_12477_,VSS,Metal1,462.7665,363.3715,0.000448
_12476_,VSS,Metal1,462.1000,474.2110,0.000279
_12475_,VSS,Metal1,454.3300,484.3215,0.000289
_12474_,VSS,Metal1,460.5000,604.2735,0.000156
_12473_,VSS,Metal1,466.6600,595.2460,0.000274
_12472_,VSS,Metal1,845.2465,383.5315,0.000200
_12471_,VSS,Metal1,838.6480,392.5080,0.000235
_12470_,VSS,Metal1,846.3665,432.9480,0.000353
_12469_,VSS,Metal1,828.1000,393.7250,0.000233
_12468_,VSS,Metal1,815.5665,363.3715,0.000417
_12467_,VSS,Metal1,818.7225,382.3760,0.000200
_12466_,VSS,Metal1,801.5400,392.5935,0.000219
_12465_,VSS,Metal1,817.7900,392.7160,0.000230
_12464_,VSS,Metal1,822.8100,392.6380,0.000232
_12463_,VSS,Metal1,821.7265,444.0115,0.000291
_12462_,VSS,Metal1,785.3265,393.6115,0.000229
_12461_,VSS,Metal1,794.9680,393.7320,0.000219
_12460_,VSS,Metal1,805.0425,393.5235,0.000221
_12459_,VSS,Metal1,799.5465,402.5830,0.000323
_12458_,VSS,Metal1,801.5665,453.1080,0.000130
_12457_,VSS,Metal1,777.7000,402.5950,0.000365
_12456_,VSS,Metal1,764.3000,393.6175,0.000237
_12455_,VSS,Metal1,763.0425,383.4435,0.000207
_12454_,VSS,Metal1,766.5000,402.5950,0.000376
_12453_,VSS,Metal1,768.2400,403.6500,0.000376
_12452_,VSS,Metal1,745.4675,413.6835,0.000367
_12451_,VSS,Metal1,775.8650,403.8010,0.000365
_12450_,VSS,Metal1,780.2865,454.0915,0.000147
_12449_,VSS,Metal1,741.6465,412.7880,0.000370
_12448_,VSS,Metal1,754.0880,413.8920,0.000355
_12447_,VSS,Metal1,754.0825,423.7635,0.000366
_12446_,VSS,Metal1,761.2100,403.6815,0.000382
_12445_,VSS,Metal1,765.1665,493.4280,0.000280
_12444_,VSS,Metal1,748.4825,412.8760,0.000359
_12443_,VSS,Metal1,726.5265,403.6915,0.000418
_12442_,VSS,Metal1,730.9000,422.9085,0.000344
_12441_,VSS,Metal1,735.6025,433.0360,0.000386
_12440_,VSS,Metal1,730.9800,523.6335,0.000306
_12439_,VSS,Metal1,736.5800,422.9260,0.000350
_12438_,VSS,Metal1,738.7400,423.8110,0.000352
_12437_,VSS,Metal1,744.5625,423.7635,0.000359
_12436_,VSS,Metal1,744.4465,494.4115,0.000270
_12435_,VSS,Metal1,697.9665,514.5715,0.000335
_12434_,VSS,Metal1,718.8080,523.5480,0.000307
_12433_,VSS,Metal1,722.7225,513.6760,0.000336
_12432_,VSS,Metal1,719.4665,524.7765,0.000307
_12431_,VSS,Metal1,725.9665,524.6515,0.000306
_12430_,VSS,Metal1,709.3800,523.5550,0.000308
_12429_,VSS,Metal1,710.2600,392.5935,0.000265
_12428_,VSS,Metal1,714.8825,392.7160,0.000265
_12427_,VSS,Metal1,703.6880,533.6280,0.000359
_12426_,VSS,Metal1,706.8900,524.6415,0.000308
_12425_,VSS,Metal1,713.0700,524.5635,0.000307
_12424_,VSS,Metal1,703.0065,543.8280,0.000272
_12423_,VSS,Metal1,643.6100,534.7215,0.000342
_12422_,VSS,Metal1,626.8465,523.6680,0.000318
_12421_,VSS,Metal1,630.1000,534.6910,0.000418
_12420_,VSS,Metal1,631.5400,544.9250,0.000234
_12419_,VSS,Metal1,645.7800,543.8685,0.000226
_12418_,VSS,Metal1,653.1500,543.9160,0.000226
_12417_,VSS,Metal1,657.0865,574.0680,0.000355
_12416_,VSS,Metal1,636.4825,543.9160,0.000226
_12415_,VSS,Metal1,608.3665,534.7315,0.000432
_12414_,VSS,Metal1,609.4700,553.9960,0.000502
_12413_,VSS,Metal1,605.9400,544.7565,0.000273
_12412_,VSS,Metal1,605.5400,543.7935,0.000273
_12411_,VSS,Metal1,579.0630,544.8250,0.000285
_12410_,VSS,Metal1,620.0200,553.9485,0.000451
_12409_,VSS,Metal1,625.8425,544.7235,0.000235
_12408_,VSS,Metal1,627.4065,594.2280,0.000186
_12407_,VSS,Metal1,584.8465,533.7480,0.000437
_12406_,VSS,Metal1,579.8650,553.7985,0.000571
_12405_,VSS,Metal1,586.7465,555.0165,0.000546
_12404_,VSS,Metal1,592.1100,554.8035,0.000544
_12403_,VSS,Metal1,596.8265,555.0165,0.000519
_12402_,VSS,Metal1,597.7265,605.2915,0.000308
_12401_,VSS,Metal1,579.7800,554.9260,0.000571
_12400_,VSS,Metal1,568.5800,533.7135,0.000457
_12399_,VSS,Metal1,564.2425,523.7560,0.000296
_12398_,VSS,Metal1,569.6200,553.9485,0.000597
_12397_,VSS,Metal1,578.9065,563.8630,0.000598
_12396_,VSS,Metal1,567.1465,563.8630,0.000632
_12395_,VSS,Metal1,568.7225,564.8835,0.000632
_12394_,VSS,Metal1,574.1900,564.0760,0.000614
_12393_,VSS,Metal1,571.4065,614.3880,0.000385
_12392_,VSS,Metal1,560.1800,553.8735,0.000597
_12391_,VSS,Metal1,552.5800,563.8750,0.000635
_12390_,VSS,Metal1,547.0200,553.9025,0.000597
_12389_,VSS,Metal1,542.4025,544.7235,0.000291
_12388_,VSS,Metal1,543.3900,554.8035,0.000597
_12387_,VSS,Metal1,558.7465,563.8630,0.000635
_12386_,VSS,Metal1,548.9000,575.0110,0.000396
_12385_,VSS,Metal1,553.0425,574.1560,0.000394
_12384_,VSS,Metal1,547.3265,614.3880,0.000370
_12383_,VSS,Metal1,521.2200,565.0850,0.000609
_12382_,VSS,Metal1,515.9400,554.9260,0.000557
_12381_,VSS,Metal1,518.8825,553.9960,0.000588
_12380_,VSS,Metal1,514.1800,564.9310,0.000592
_12379_,VSS,Metal1,513.9465,573.9430,0.000392
_12378_,VSS,Metal1,511.1465,575.1765,0.000392
_12377_,VSS,Metal1,516.5100,574.9635,0.000392
_12376_,VSS,Metal1,521.5665,614.3880,0.000357
_12375_,VSS,Metal1,478.4200,595.2460,0.000239
_12374_,VSS,Metal1,467.2465,564.9715,0.000606
_12373_,VSS,Metal1,468.4880,604.1880,0.000149
_12372_,VSS,Metal1,478.1065,605.4165,0.000143
_12371_,VSS,Metal1,474.6425,594.3160,0.000257
_12370_,VSS,Metal1,485.1665,605.2915,0.000143
_12369_,VSS,Metal1,462.7665,574.0680,0.000454
_12368_,VSS,Metal1,465.4600,594.2685,0.000274
_12367_,VSS,Metal1,472.8100,605.2815,0.000149
_12366_,VSS,Metal1,472.8200,595.2460,0.000259
_12365_,VSS,Metal1,468.3400,605.3260,0.000149
_12364_,VSS,Metal1,466.6500,614.3980,0.000388
_12363_,VSS,Metal1,473.0500,614.2450,0.000384
_12362_,VSS,Metal1,924.7600,423.8200,0.000400
_12361_,VSS,Metal1,905.1300,432.9580,0.000424
_12360_,VSS,Metal1,923.2025,422.9560,0.000400
_12359_,VSS,Metal1,945.0425,443.1160,0.000382
_12358_,VSS,Metal1,886.6600,685.8735,0.000420
_12357_,VSS,Metal1,491.5130,665.9630,0.000242
_12356_,VSS,Metal1,500.5065,1048.9365,0.000033
_12355_,VSS,Metal1,498.8265,1047.7030,0.000033
_12354_,VSS,Metal1,467.8000,1078.0300,0.000245
_12353_,VSS,Metal1,348.2200,654.7150,0.000551
_12352_,VSS,Metal1,501.3800,1079.0860,0.000238
_12351_,VSS,Metal1,481.7000,1088.1885,0.000256
_12350_,VSS,Metal1,363.6200,1079.0860,0.000159
_12349_,VSS,Metal1,357.4600,1088.1135,0.000210
_12348_,VSS,Metal1,502.6425,1089.0435,0.000318
_12347_,VSS,Metal1,492.9800,1089.1660,0.000275
_12346_,VSS,Metal1,482.2600,1089.0910,0.000256
_12345_,VSS,Metal1,372.0465,1088.1480,0.000217
_12344_,VSS,Metal1,504.3225,1078.1560,0.000200
_12343_,VSS,Metal1,507.0065,1048.8115,0.000033
_12342_,VSS,Metal1,498.5800,1057.8735,0.000000
_12341_,VSS,Metal1,478.3400,1078.1085,0.000242
_12340_,VSS,Metal1,425.8065,1079.0515,0.000218
_12339_,VSS,Metal1,466.9400,1089.1375,0.000262
_12338_,VSS,Metal1,476.4265,1089.2565,0.000260
_12337_,VSS,Metal1,474.5100,1088.2360,0.000261
_12336_,VSS,Metal1,435.8600,1088.1135,0.000257
_12335_,VSS,Metal1,433.2025,1089.0435,0.000257
_12334_,VSS,Metal1,456.8600,1098.2260,0.000360
_12333_,VSS,Metal1,488.0825,1098.3160,0.000315
_12332_,VSS,Metal1,496.0600,1058.8975,0.000000
_12331_,VSS,Metal1,503.3000,1067.8750,0.000033
_12330_,VSS,Metal1,497.7600,1068.0300,0.000033
_12329_,VSS,Metal1,502.0825,1057.9960,0.000000
_12328_,VSS,Metal1,416.2600,1079.0860,0.000216
_12327_,VSS,Metal1,408.3475,1088.2360,0.000247
_12326_,VSS,Metal1,394.0800,1078.0335,0.000214
_12325_,VSS,Metal1,402.6630,1088.1350,0.000243
_12324_,VSS,Metal1,471.8425,1089.0435,0.000261
_12323_,VSS,Metal1,288.7225,634.6360,0.000375
_12322_,VSS,Metal1,421.4425,1089.0435,0.000256
_12321_,VSS,Metal1,499.7630,977.2215,0.000000
_12320_,VSS,Metal1,496.5800,978.3650,0.000000
_12319_,VSS,Metal1,304.9625,695.1160,0.000991
_12318_,VSS,Metal1,307.8765,686.0865,0.000451
_12317_,VSS,Metal1,297.5600,675.8200,0.000461
_12316_,VSS,Metal1,288.5800,664.9000,0.000214
_12315_,VSS,Metal1,448.4600,1078.0625,0.000235
_12314_,VSS,Metal1,460.0825,1089.0435,0.000262
_12313_,VSS,Metal1,360.0655,645.7600,0.000190
_12312_,VSS,Metal1,441.7000,1077.9550,0.000235
_12311_,VSS,Metal1,508.9400,1079.0575,0.000188
_12310_,VSS,Metal1,517.7625,1068.8835,0.000033
_12309_,VSS,Metal1,359.9800,1098.2260,0.000233
_12308_,VSS,Metal1,360.8100,1089.1215,0.000211
_12307_,VSS,Metal1,332.6930,1089.1300,0.000178
_12306_,VSS,Metal1,516.5265,1078.0680,0.000192
_12305_,VSS,Metal1,379.1430,1088.1350,0.000221
_12304_,VSS,Metal1,371.7065,1079.1765,0.000175
_12303_,VSS,Metal1,327.5000,1089.1335,0.000190
_12302_,VSS,Metal1,308.4200,1079.1650,0.000110
_12301_,VSS,Metal1,304.8400,1088.1100,0.000229
_12300_,VSS,Metal1,510.3400,1078.0335,0.000188
_12299_,VSS,Metal1,523.3625,1078.1560,0.000192
_12298_,VSS,Metal1,434.4000,1079.0860,0.000225
_12297_,VSS,Metal1,423.1225,1078.1560,0.000218
_12296_,VSS,Metal1,313.5000,1088.1460,0.000219
_12295_,VSS,Metal1,303.2825,1078.9635,0.000109
_12294_,VSS,Metal1,307.8665,1089.2565,0.000228
_12293_,VSS,Metal1,323.9230,1078.0215,0.000113
_12292_,VSS,Metal1,318.5065,1079.1765,0.000112
_12291_,VSS,Metal1,303.7000,1089.0735,0.000229
_12290_,VSS,Metal1,296.8530,1079.0500,0.000107
_12289_,VSS,Metal1,299.7800,1088.1135,0.000235
_12288_,VSS,Metal1,297.1225,1098.3160,0.000099
_12287_,VSS,Metal1,324.1065,1088.0230,0.000194
_12286_,VSS,Metal1,241.5500,1089.0435,0.000283
_12285_,VSS,Metal1,312.9065,1089.2565,0.000219
_12284_,VSS,Metal1,441.7400,1088.1425,0.000258
_12283_,VSS,Metal1,451.1225,1089.0435,0.000261
_12282_,VSS,Metal1,435.3000,1078.0335,0.000225
_12281_,VSS,Metal1,187.3625,1089.0435,0.000347
_12280_,VSS,Metal1,191.9175,1079.0450,0.000084
_12279_,VSS,Metal1,175.6025,1078.1560,0.000094
_12278_,VSS,Metal1,175.0425,1078.9635,0.000094
_12277_,VSS,Metal1,437.7865,1089.2565,0.000257
_12276_,VSS,Metal1,267.0900,1089.1800,0.000244
_12275_,VSS,Metal1,264.7465,1079.1765,0.000098
_12274_,VSS,Metal1,269.8200,1079.0535,0.000099
_12273_,VSS,Metal1,498.6065,1008.4915,0.000033
_12272_,VSS,Metal1,335.4080,1079.0670,0.000115
_12271_,VSS,Metal1,268.4400,1088.1100,0.000244
_12270_,VSS,Metal1,276.8465,1088.1480,0.000239
_12269_,VSS,Metal1,257.3625,1088.2360,0.000259
_12268_,VSS,Metal1,263.3800,1088.1135,0.000245
_12267_,VSS,Metal1,258.8275,1089.0435,0.000256
_12266_,VSS,Metal1,289.9300,1089.2750,0.000236
_12265_,VSS,Metal1,394.1400,1088.1425,0.000235
_12264_,VSS,Metal1,401.8425,1089.0435,0.000243
_12263_,VSS,Metal1,391.6200,1079.0860,0.000214
_12262_,VSS,Metal1,132.1300,1088.1000,0.000471
_12261_,VSS,Metal1,180.1800,1079.1650,0.000083
_12260_,VSS,Metal1,180.6425,705.1960,0.000140
_12259_,VSS,Metal1,133.0425,1078.9635,0.000150
_12258_,VSS,Metal1,138.9875,1088.2360,0.000462
_12257_,VSS,Metal1,393.5465,1089.2565,0.000235
_12256_,VSS,Metal1,499.7265,948.0115,0.000033
_12255_,VSS,Metal1,341.5680,1078.0530,0.000117
_12254_,VSS,Metal1,358.6000,1078.1000,0.000154
_12253_,VSS,Metal1,459.0665,1077.9430,0.000243
_12252_,VSS,Metal1,207.0600,1088.0350,0.000341
_12251_,VSS,Metal1,206.2600,1079.0860,0.000086
_12250_,VSS,Metal1,298.2425,685.8435,0.000451
_12249_,VSS,Metal1,275.7000,644.6860,0.000192
_12248_,VSS,Metal1,295.8800,635.5000,0.000364
_12247_,VSS,Metal1,288.0200,635.4200,0.000375
_12246_,VSS,Metal1,903.7400,513.5825,0.000393
_12245_,VSS,Metal1,901.3625,514.4835,0.000397
_12244_,VSS,Metal1,920.5000,503.3950,0.000338
_12243_,VSS,Metal1,971.5000,170.8660,0.000135
_12242_,VSS,Metal1,950.5000,161.6600,0.000198
_12241_,VSS,Metal1,974.8265,171.9765,0.000135
_12240_,VSS,Metal1,976.5065,180.8230,0.000026
_12239_,VSS,Metal1,903.1800,493.4225,0.000552
_12238_,VSS,Metal1,901.3625,503.5960,0.000349
_12237_,VSS,Metal1,914.3400,493.3150,0.000552
_12236_,VSS,Metal1,960.3000,141.6135,0.000334
_12235_,VSS,Metal1,932.0200,131.4200,0.000170
_12234_,VSS,Metal1,973.1465,141.7365,0.000349
_12233_,VSS,Metal1,967.5465,140.5030,0.000342
_12232_,VSS,Metal1,911.5800,513.5825,0.000383
_12231_,VSS,Metal1,910.8825,523.7560,0.000360
_12230_,VSS,Metal1,918.8200,513.4750,0.000383
_12229_,VSS,Metal1,983.1065,81.3165,0.000182
_12228_,VSS,Metal1,954.9800,91.1000,0.000142
_12227_,VSS,Metal1,977.0665,80.0230,0.000182
_12226_,VSS,Metal1,982.1065,80.0230,0.000182
_12225_,VSS,Metal1,903.7400,523.6625,0.000360
_12224_,VSS,Metal1,898.5625,524.5635,0.000355
_12223_,VSS,Metal1,919.9400,291.7150,0.000368
_12222_,VSS,Metal1,958.6200,201.1025,0.000173
_12221_,VSS,Metal1,951.6200,201.2200,0.000153
_12220_,VSS,Metal1,964.7465,202.2165,0.000191
_12219_,VSS,Metal1,970.3465,202.2165,0.000198
_12218_,VSS,Metal1,881.3400,494.4175,0.000543
_12217_,VSS,Metal1,880.0825,513.6760,0.000446
_12216_,VSS,Metal1,892.5000,484.4450,0.000424
_12215_,VSS,Metal1,958.3665,110.3880,0.000122
_12214_,VSS,Metal1,982.4465,100.3080,0.000107
_12213_,VSS,Metal1,958.9265,111.3715,0.000122
_12212_,VSS,Metal1,838.7800,504.4975,0.000358
_12211_,VSS,Metal1,839.2025,514.4835,0.000444
_12210_,VSS,Metal1,842.1000,503.3950,0.000363
_12209_,VSS,Metal1,863.2665,100.1230,0.000120
_12208_,VSS,Metal1,844.6600,101.1800,0.000118
_12207_,VSS,Metal1,853.8665,91.3365,0.000156
_12206_,VSS,Metal1,858.3465,91.3365,0.000157
_12205_,VSS,Metal1,805.1800,504.4975,0.000325
_12204_,VSS,Metal1,805.0425,514.4835,0.000371
_12203_,VSS,Metal1,807.3800,494.5250,0.000382
_12202_,VSS,Metal1,826.3065,101.4765,0.000117
_12201_,VSS,Metal1,807.7000,110.5000,0.000103
_12200_,VSS,Metal1,813.5465,91.3365,0.000141
_12199_,VSS,Metal1,807.3865,90.1030,0.000135
_12198_,VSS,Metal1,860.6200,494.4175,0.000505
_12197_,VSS,Metal1,858.8025,524.5635,0.000316
_12196_,VSS,Metal1,898.1000,493.3150,0.000552
_12195_,VSS,Metal1,907.6600,81.1335,0.000201
_12194_,VSS,Metal1,898.9800,90.3400,0.000159
_12193_,VSS,Metal1,911.5465,80.0230,0.000199
_12192_,VSS,Metal1,916.5865,80.0230,0.000196
_12191_,VSS,Metal1,774.3800,524.6575,0.000264
_12190_,VSS,Metal1,770.3225,523.7560,0.000274
_12189_,VSS,Metal1,768.1800,514.6850,0.000325
_12188_,VSS,Metal1,765.2665,81.3165,0.000210
_12187_,VSS,Metal1,766.2600,91.1000,0.000146
_12186_,VSS,Metal1,762.0265,80.0230,0.000210
_12185_,VSS,Metal1,782.7465,81.2565,0.000189
_12184_,VSS,Metal1,773.6825,494.3235,0.000287
_12183_,VSS,Metal1,770.8825,493.5160,0.000284
_12182_,VSS,Metal1,377.2025,493.5160,0.000574
_12181_,VSS,Metal1,609.1800,625.4575,0.000343
_12180_,VSS,Metal1,616.8825,625.3635,0.000343
_12179_,VSS,Metal1,554.0830,464.2180,0.000119
_12178_,VSS,Metal1,548.1400,180.9460,0.000166
_12177_,VSS,Metal1,554.5800,181.8200,0.000168
_12176_,VSS,Metal1,550.3465,171.9765,0.000147
_12175_,VSS,Metal1,553.1465,170.7430,0.000147
_12174_,VSS,Metal1,562.7000,635.5375,0.000356
_12173_,VSS,Metal1,569.2825,635.4435,0.000356
_12172_,VSS,Metal1,553.5230,423.8980,0.000303
_12171_,VSS,Metal1,566.9265,90.2280,0.000160
_12170_,VSS,Metal1,579.8065,80.1480,0.000283
_12169_,VSS,Metal1,570.2865,101.2915,0.000140
_12168_,VSS,Metal1,485.9800,635.5375,0.000313
_12167_,VSS,Metal1,488.6425,644.7160,0.000189
_12166_,VSS,Metal1,474.5630,444.0580,0.000291
_12165_,VSS,Metal1,482.3665,110.3880,0.000112
_12164_,VSS,Metal1,481.8065,101.2915,0.000127
_12163_,VSS,Metal1,475.6465,121.4515,0.000251
_12162_,VSS,Metal1,441.7400,634.5425,0.000322
_12161_,VSS,Metal1,447.7625,634.6360,0.000322
_12160_,VSS,Metal1,438.7230,403.7380,0.000507
_12159_,VSS,Metal1,431.1000,211.1860,0.000244
_12158_,VSS,Metal1,433.0600,261.7000,0.000248
_12157_,VSS,Metal1,454.0265,242.5365,0.000201
_12156_,VSS,Metal1,415.9465,242.5365,0.000206
_12155_,VSS,Metal1,413.7400,615.3775,0.000485
_12154_,VSS,Metal1,415.8425,625.3635,0.000329
_12153_,VSS,Metal1,418.0030,483.3015,0.000310
_12152_,VSS,Metal1,425.2465,110.3880,0.000134
_12151_,VSS,Metal1,429.7265,81.1315,0.000325
_12150_,VSS,Metal1,433.6465,110.3880,0.000134
_12149_,VSS,Metal1,344.8600,584.1425,0.000447
_12148_,VSS,Metal1,350.8825,585.0435,0.000449
_12147_,VSS,Metal1,344.0830,444.0580,0.000302
_12146_,VSS,Metal1,338.7000,180.9460,0.000131
_12145_,VSS,Metal1,354.6600,171.7400,0.000266
_12144_,VSS,Metal1,343.1465,171.9765,0.000267
_12143_,VSS,Metal1,346.5065,171.9765,0.000267
_12142_,VSS,Metal1,386.3000,604.3025,0.000179
_12141_,VSS,Metal1,390.5630,563.9415,0.000641
_12140_,VSS,Metal1,403.6600,312.9735,0.000585
_12139_,VSS,Metal1,384.3400,252.3800,0.000498
_12138_,VSS,Metal1,348.7465,261.4630,0.000241
_12137_,VSS,Metal1,376.7465,272.7765,0.000255
_12136_,VSS,Metal1,392.3225,604.3960,0.000179
_12135_,VSS,Metal1,303.8425,675.7635,0.000448
_12134_,VSS,Metal1,263.3800,674.9260,0.000427
_12133_,VSS,Metal1,275.1600,664.8200,0.000213
_12132_,VSS,Metal1,269.2600,665.7735,0.000212
_12131_,VSS,Metal1,825.3400,614.3825,0.000472
_12130_,VSS,Metal1,821.2825,605.2035,0.000577
_12129_,VSS,Metal1,893.0600,605.4050,0.000633
_12128_,VSS,Metal1,982.5465,272.8365,0.000164
_12127_,VSS,Metal1,932.5800,271.7800,0.000195
_12126_,VSS,Metal1,976.5065,271.5430,0.000164
_12125_,VSS,Metal1,980.9865,271.5430,0.000164
_12124_,VSS,Metal1,825.3400,624.4625,0.000470
_12123_,VSS,Metal1,823.5225,625.3635,0.000470
_12122_,VSS,Metal1,896.4200,615.4850,0.000437
_12121_,VSS,Metal1,980.8665,241.2430,0.000059
_12120_,VSS,Metal1,849.5930,241.5565,0.000089
_12119_,VSS,Metal1,976.5065,232.4565,0.000426
_12118_,VSS,Metal1,977.6265,242.5365,0.000059
_12117_,VSS,Metal1,795.1000,614.3825,0.000424
_12116_,VSS,Metal1,788.2425,614.4760,0.000425
_12115_,VSS,Metal1,809.0600,604.1950,0.000427
_12114_,VSS,Metal1,832.0600,181.9335,0.000076
_12113_,VSS,Metal1,815.5400,171.7400,0.000116
_12112_,VSS,Metal1,833.1465,170.7430,0.000120
_12111_,VSS,Metal1,835.3865,180.8230,0.000076
_12110_,VSS,Metal1,735.7400,614.3825,0.000442
_12109_,VSS,Metal1,740.6425,624.5560,0.000383
_12108_,VSS,Metal1,735.7000,605.4050,0.000430
_12107_,VSS,Metal1,726.6265,81.3165,0.000283
_12106_,VSS,Metal1,716.4200,90.3400,0.000159
_12105_,VSS,Metal1,728.9865,80.0230,0.000283
_12104_,VSS,Metal1,716.1065,80.0230,0.000289
_12103_,VSS,Metal1,781.6600,625.4575,0.000371
_12102_,VSS,Metal1,779.8425,635.4435,0.000346
_12101_,VSS,Metal1,894.1800,625.5650,0.000507
_12100_,VSS,Metal1,903.0265,221.0830,0.000296
_12099_,VSS,Metal1,887.7800,241.5400,0.000084
_12098_,VSS,Metal1,905.9465,232.4565,0.000374
_12097_,VSS,Metal1,910.4265,232.4565,0.000375
_12096_,VSS,Metal1,718.9400,654.7025,0.000795
_12095_,VSS,Metal1,724.9625,654.7960,0.000795
_12094_,VSS,Metal1,719.4600,634.4350,0.000320
_12093_,VSS,Metal1,717.2600,251.5060,0.000545
_12092_,VSS,Metal1,702.4200,242.3000,0.000140
_12091_,VSS,Metal1,725.6265,251.3830,0.000517
_12090_,VSS,Metal1,715.5465,232.4565,0.000122
_12089_,VSS,Metal1,724.5400,634.5425,0.000320
_12088_,VSS,Metal1,728.8825,645.5235,0.000276
_12087_,VSS,Metal1,733.4600,624.3550,0.000385
_12086_,VSS,Metal1,738.5400,180.9460,0.000155
_12085_,VSS,Metal1,726.5000,170.9800,0.000132
_12084_,VSS,Metal1,742.4265,161.8965,0.000124
_12083_,VSS,Metal1,745.2265,170.7430,0.000131
_12082_,VSS,Metal1,761.5000,644.6225,0.000243
_12081_,VSS,Metal1,756.3225,664.8760,0.000229
_12080_,VSS,Metal1,775.4600,644.5150,0.000229
_12079_,VSS,Metal1,774.7865,231.1630,0.000118
_12078_,VSS,Metal1,775.2200,242.3000,0.000106
_12077_,VSS,Metal1,784.9865,232.4565,0.000116
_12076_,VSS,Metal1,793.9465,241.3030,0.000093
_12075_,VSS,Metal1,617.5800,645.6175,0.000161
_12074_,VSS,Metal1,616.4200,644.5150,0.000161
_12073_,VSS,Metal1,606.9400,252.4935,0.000391
_12072_,VSS,Metal1,618.4200,252.3800,0.000387
_12071_,VSS,Metal1,611.9465,242.5365,0.000172
_12070_,VSS,Metal1,603.5465,261.4630,0.000275
_12069_,VSS,Metal1,605.5600,614.4200,0.000398
_12068_,VSS,Metal1,592.2425,604.3960,0.000305
_12067_,VSS,Metal1,583.8425,604.3960,0.000296
_12066_,VSS,Metal1,616.8825,655.6035,0.000596
_12065_,VSS,Metal1,545.3400,654.7025,0.000596
_12064_,VSS,Metal1,548.0025,655.6035,0.000598
_12063_,VSS,Metal1,526.0830,543.7815,0.000290
_12062_,VSS,Metal1,517.9000,272.6535,0.000242
_12061_,VSS,Metal1,531.6200,261.7000,0.000251
_12060_,VSS,Metal1,503.3065,262.6965,0.000239
_12059_,VSS,Metal1,524.5865,262.6965,0.000246
_12058_,VSS,Metal1,481.5000,665.7775,0.000250
_12057_,VSS,Metal1,483.6025,675.7635,0.000312
_12056_,VSS,Metal1,461.6830,554.9380,0.000609
_12055_,VSS,Metal1,456.0465,180.9480,0.000142
_12054_,VSS,Metal1,453.2465,171.8515,0.000160
_12053_,VSS,Metal1,468.3665,181.9315,0.000137
_12052_,VSS,Metal1,506.1400,705.1025,0.000186
_12051_,VSS,Metal1,509.8430,563.9415,0.000587
_12050_,VSS,Metal1,510.4665,90.0430,0.000146
_12049_,VSS,Metal1,520.4200,90.3400,0.000147
_12048_,VSS,Metal1,519.5465,80.0230,0.000281
_12047_,VSS,Metal1,518.9865,81.2565,0.000281
_12046_,VSS,Metal1,508.2425,706.0035,0.000180
_12045_,VSS,Metal1,496.0600,716.1775,0.000112
_12044_,VSS,Metal1,502.0825,716.0835,0.000112
_12043_,VSS,Metal1,384.6900,523.6200,0.000240
_12042_,VSS,Metal1,374.8465,101.2915,0.000146
_12041_,VSS,Metal1,379.8865,80.1480,0.000332
_12040_,VSS,Metal1,377.6465,100.3080,0.000146
_12039_,VSS,Metal1,393.5800,695.0225,0.001129
_12038_,VSS,Metal1,356.4030,553.8615,0.000554
_12037_,VSS,Metal1,349.0600,211.1535,0.000208
_12036_,VSS,Metal1,359.1400,191.9000,0.000312
_12035_,VSS,Metal1,304.2865,211.1880,0.000217
_12034_,VSS,Metal1,395.1225,705.1960,0.000275
_12033_,VSS,Metal1,431.6600,705.1025,0.000249
_12032_,VSS,Metal1,453.9225,685.8435,0.000382
_12031_,VSS,Metal1,344.0830,554.9380,0.000524
_12030_,VSS,Metal1,335.6465,90.2280,0.000211
_12029_,VSS,Metal1,322.7665,71.0515,0.000144
_12028_,VSS,Metal1,347.9665,71.0515,0.000152
_12027_,VSS,Metal1,389.6600,684.9425,0.000406
_12026_,VSS,Metal1,363.6830,563.9415,0.000637
_12025_,VSS,Metal1,356.6200,121.4450,0.000193
_12024_,VSS,Metal1,354.6600,150.8200,0.000162
_12023_,VSS,Metal1,316.0465,130.5480,0.000203
_12022_,VSS,Metal1,396.2425,685.0360,0.000406
_12021_,VSS,Metal1,313.3625,685.0360,0.000378
_12020_,VSS,Metal1,264.5000,685.0060,0.000498
_12019_,VSS,Metal1,275.2825,674.9560,0.000455
_12018_,VSS,Metal1,269.8200,674.8660,0.000442
_12017_,VSS,Metal1,874.3665,604.3080,0.000633
_12016_,VSS,Metal1,870.4200,595.2460,0.000421
_12015_,VSS,Metal1,853.6830,514.6180,0.000451
_12014_,VSS,Metal1,861.0425,604.3960,0.000628
_12013_,VSS,Metal1,862.6650,595.3210,0.000410
_12012_,VSS,Metal1,852.0825,595.1235,0.000409
_12011_,VSS,Metal1,856.0025,595.1235,0.000409
_12010_,VSS,Metal1,872.0200,484.2910,0.000377
_12009_,VSS,Metal1,936.0825,181.0360,0.000029
_12008_,VSS,Metal1,1001.1200,170.8335,0.000151
_12007_,VSS,Metal1,1003.3600,160.7535,0.000278
_12006_,VSS,Metal1,1006.0825,150.7960,0.000804
_12005_,VSS,Metal1,996.9800,160.7535,0.000271
_12004_,VSS,Metal1,1009.5465,151.8165,0.000819
_12003_,VSS,Metal1,1017.7320,162.0320,0.000291
_12002_,VSS,Metal1,942.8800,180.9135,0.000028
_12001_,VSS,Metal1,934.2600,161.8060,0.000199
_12000_,VSS,Metal1,938.4265,160.6630,0.000195
_11999_,VSS,Metal1,941.7865,182.0565,0.000028
_11998_,VSS,Metal1,866.5000,484.3660,0.000365
_11997_,VSS,Metal1,869.5800,575.0535,0.000400
_11996_,VSS,Metal1,865.3800,584.1135,0.000326
_11995_,VSS,Metal1,862.5000,585.0910,0.000326
_11994_,VSS,Metal1,850.5400,584.1460,0.000329
_11993_,VSS,Metal1,863.1600,504.5300,0.000369
_11992_,VSS,Metal1,864.7400,493.4685,0.000531
_11991_,VSS,Metal1,886.2425,141.5235,0.000454
_11990_,VSS,Metal1,989.2825,140.7160,0.000354
_11989_,VSS,Metal1,1004.8520,130.2880,0.000199
_11988_,VSS,Metal1,991.9665,130.5480,0.000194
_11987_,VSS,Metal1,1013.8065,121.4515,0.000168
_11986_,VSS,Metal1,1014.3665,131.5315,0.000199
_11985_,VSS,Metal1,894.7200,141.6460,0.000442
_11984_,VSS,Metal1,897.2275,150.7960,0.000414
_11983_,VSS,Metal1,906.4025,131.4435,0.000173
_11982_,VSS,Metal1,893.5225,131.4435,0.000173
_11981_,VSS,Metal1,871.6825,493.5160,0.000537
_11980_,VSS,Metal1,872.6600,554.8335,0.000231
_11979_,VSS,Metal1,867.3000,555.0050,0.000229
_11978_,VSS,Metal1,862.0400,553.8700,0.000228
_11977_,VSS,Metal1,862.6650,565.0810,0.000411
_11976_,VSS,Metal1,854.1800,553.8735,0.000228
_11975_,VSS,Metal1,859.7075,484.2435,0.000349
_11974_,VSS,Metal1,872.6500,483.3580,0.000377
_11973_,VSS,Metal1,871.6825,473.3560,0.000430
_11972_,VSS,Metal1,961.2825,70.1560,0.000519
_11971_,VSS,Metal1,998.0275,60.0760,0.000150
_11970_,VSS,Metal1,997.2000,50.9260,0.000067
_11969_,VSS,Metal1,1001.3875,50.8035,0.000068
_11968_,VSS,Metal1,975.8425,49.9960,0.000057
_11967_,VSS,Metal1,984.2425,60.0760,0.000143
_11966_,VSS,Metal1,1002.7225,60.0760,0.000150
_11965_,VSS,Metal1,1003.7320,39.5680,0.000269
_11964_,VSS,Metal1,956.9400,71.0575,0.000501
_11963_,VSS,Metal1,952.9800,61.0850,0.000126
_11962_,VSS,Metal1,957.4665,69.9430,0.000501
_11961_,VSS,Metal1,951.3065,80.0230,0.000159
_11960_,VSS,Metal1,873.2200,474.2860,0.000430
_11959_,VSS,Metal1,853.6200,544.7535,0.000284
_11958_,VSS,Metal1,858.3400,544.9250,0.000285
_11957_,VSS,Metal1,862.6000,543.7900,0.000286
_11956_,VSS,Metal1,855.9450,555.0010,0.000228
_11955_,VSS,Metal1,847.0425,554.8035,0.000225
_11954_,VSS,Metal1,858.8025,493.5160,0.000505
_11953_,VSS,Metal1,864.7400,483.3885,0.000365
_11952_,VSS,Metal1,901.9065,200.9230,0.000157
_11951_,VSS,Metal1,992.6425,202.0035,0.000220
_11950_,VSS,Metal1,1009.8920,200.8480,0.000240
_11949_,VSS,Metal1,1001.4865,191.0280,0.000327
_11948_,VSS,Metal1,1012.6865,192.0115,0.000347
_11947_,VSS,Metal1,1017.7265,202.0915,0.000240
_11946_,VSS,Metal1,909.4630,202.1050,0.000157
_11945_,VSS,Metal1,904.8265,211.0630,0.000236
_11944_,VSS,Metal1,911.8700,212.0835,0.000219
_11943_,VSS,Metal1,853.2025,483.4360,0.000329
_11942_,VSS,Metal1,863.7000,533.8060,0.000424
_11941_,VSS,Metal1,859.4600,533.6350,0.000424
_11940_,VSS,Metal1,855.3200,543.7900,0.000284
_11939_,VSS,Metal1,847.6025,553.9960,0.000225
_11938_,VSS,Metal1,840.3225,554.8035,0.000222
_11937_,VSS,Metal1,840.1700,574.0780,0.000398
_11936_,VSS,Metal1,827.4425,564.0760,0.000399
_11935_,VSS,Metal1,824.6425,574.1560,0.000379
_11934_,VSS,Metal1,857.4675,483.4360,0.000343
_11933_,VSS,Metal1,857.4675,464.0835,0.000126
_11932_,VSS,Metal1,862.1625,473.3560,0.000421
_11931_,VSS,Metal1,865.9400,473.3260,0.000421
_11930_,VSS,Metal1,964.0825,120.5560,0.000139
_11929_,VSS,Metal1,1005.0400,100.2735,0.000109
_11928_,VSS,Metal1,1010.6400,80.1135,0.000189
_11927_,VSS,Metal1,1003.8425,70.9635,0.000610
_11926_,VSS,Metal1,1004.2600,80.1135,0.000187
_11925_,VSS,Metal1,1011.7865,69.9430,0.000621
_11924_,VSS,Metal1,1016.0520,100.0480,0.000176
_11923_,VSS,Metal1,960.2400,120.4335,0.000133
_11922_,VSS,Metal1,960.5800,121.4860,0.000133
_11921_,VSS,Metal1,944.0265,111.4965,0.000117
_11920_,VSS,Metal1,964.7465,110.2630,0.000127
_11919_,VSS,Metal1,853.2025,464.0835,0.000126
_11918_,VSS,Metal1,838.5000,544.7535,0.000259
_11917_,VSS,Metal1,834.8200,533.6350,0.000388
_11916_,VSS,Metal1,835.7200,534.7700,0.000388
_11915_,VSS,Metal1,845.1475,474.1635,0.000379
_11914_,VSS,Metal1,842.4100,473.2780,0.000374
_11913_,VSS,Metal1,847.0425,473.3560,0.000389
_11912_,VSS,Metal1,838.5100,110.4760,0.000122
_11911_,VSS,Metal1,854.9600,61.0060,0.000234
_11910_,VSS,Metal1,866.7200,59.9535,0.000223
_11909_,VSS,Metal1,872.8025,60.8835,0.000202
_11908_,VSS,Metal1,864.8200,61.0060,0.000223
_11907_,VSS,Metal1,868.9865,61.0965,0.000206
_11906_,VSS,Metal1,849.7320,49.6480,0.000034
_11905_,VSS,Metal1,853.8400,110.3535,0.000126
_11904_,VSS,Metal1,858.0275,110.4760,0.000126
_11903_,VSS,Metal1,862.7225,110.4760,0.000128
_11902_,VSS,Metal1,859.3625,101.2035,0.000120
_11901_,VSS,Metal1,814.9800,464.2060,0.000093
_11900_,VSS,Metal1,827.3850,555.0010,0.000214
_11899_,VSS,Metal1,809.3800,563.9535,0.000383
_11898_,VSS,Metal1,812.7400,534.6735,0.000355
_11897_,VSS,Metal1,808.3230,553.8615,0.000208
_11896_,VSS,Metal1,814.1000,553.7950,0.000209
_11895_,VSS,Metal1,803.1400,554.8510,0.000207
_11894_,VSS,Metal1,777.6025,564.8835,0.000420
_11893_,VSS,Metal1,773.6825,564.8835,0.000425
_11892_,VSS,Metal1,814.9800,524.6860,0.000263
_11891_,VSS,Metal1,853.8600,523.5550,0.000315
_11890_,VSS,Metal1,810.4200,473.3085,0.000304
_11889_,VSS,Metal1,802.1000,464.1135,0.000085
_11888_,VSS,Metal1,806.8600,100.3150,0.000112
_11887_,VSS,Metal1,807.1720,69.8080,0.000296
_11886_,VSS,Metal1,801.5665,71.0515,0.000295
_11885_,VSS,Metal1,803.5000,101.2975,0.000111
_11884_,VSS,Metal1,815.2200,110.2750,0.000107
_11883_,VSS,Metal1,817.2465,71.0515,0.000298
_11882_,VSS,Metal1,803.8065,50.8915,0.000028
_11881_,VSS,Metal1,788.3465,110.2630,0.000099
_11880_,VSS,Metal1,804.5865,91.3365,0.000135
_11879_,VSS,Metal1,805.6025,464.0835,0.000088
_11878_,VSS,Metal1,778.0200,553.8735,0.000205
_11877_,VSS,Metal1,774.3200,563.9535,0.000425
_11876_,VSS,Metal1,743.5200,503.4735,0.000451
_11875_,VSS,Metal1,368.8025,503.5960,0.000436
_11874_,VSS,Metal1,738.9050,454.2010,0.000187
_11873_,VSS,Metal1,737.3600,453.0735,0.000187
_11872_,VSS,Metal1,890.9735,59.9330,0.000194
_11871_,VSS,Metal1,919.7320,49.6480,0.000035
_11870_,VSS,Metal1,911.3265,50.8915,0.000035
_11869_,VSS,Metal1,937.0865,40.8115,0.000234
_11868_,VSS,Metal1,923.6465,40.8115,0.000235
_11867_,VSS,Metal1,885.7800,61.0850,0.000195
_11866_,VSS,Metal1,882.3225,70.9635,0.000468
_11865_,VSS,Metal1,893.9665,71.0515,0.000480
_11864_,VSS,Metal1,886.2425,70.9635,0.000480
_11863_,VSS,Metal1,730.9800,453.0735,0.000192
_11862_,VSS,Metal1,741.2025,453.1960,0.000187
_11861_,VSS,Metal1,765.6200,564.0285,0.000447
_11860_,VSS,Metal1,653.4200,594.2260,0.000227
_11859_,VSS,Metal1,726.6425,554.8035,0.000344
_11858_,VSS,Metal1,717.7600,563.9535,0.000487
_11857_,VSS,Metal1,716.6400,464.2060,0.000097
_11856_,VSS,Metal1,383.9225,464.0835,0.000466
_11855_,VSS,Metal1,726.4200,454.0510,0.000199
_11854_,VSS,Metal1,736.1625,91.1235,0.000159
_11853_,VSS,Metal1,756.9600,70.0335,0.000263
_11852_,VSS,Metal1,768.1600,70.0335,0.000263
_11851_,VSS,Metal1,784.8825,60.0760,0.000317
_11850_,VSS,Metal1,784.1800,61.0060,0.000318
_11849_,VSS,Metal1,781.0665,69.9430,0.000261
_11848_,VSS,Metal1,747.8120,51.1520,0.000040
_11847_,VSS,Metal1,742.9600,91.2460,0.000159
_11846_,VSS,Metal1,756.1800,100.2735,0.000127
_11845_,VSS,Metal1,754.1865,91.3365,0.000153
_11844_,VSS,Metal1,744.6665,120.3430,0.000222
_11843_,VSS,Metal1,725.0665,452.9830,0.000200
_11842_,VSS,Metal1,664.2600,594.2685,0.000247
_11841_,VSS,Metal1,658.7400,605.3260,0.000353
_11840_,VSS,Metal1,729.4425,553.9960,0.000337
_11839_,VSS,Metal1,628.7800,614.3825,0.000398
_11838_,VSS,Metal1,621.9225,615.2835,0.000398
_11837_,VSS,Metal1,566.6425,463.0915,0.000096
_11836_,VSS,Metal1,562.6665,454.2165,0.000310
_11835_,VSS,Metal1,557.3075,433.8435,0.000412
_11834_,VSS,Metal1,564.5565,442.8715,0.000312
_11833_,VSS,Metal1,468.4750,434.1410,0.000351
_11832_,VSS,Metal1,548.6600,182.0450,0.000166
_11831_,VSS,Metal1,551.0630,161.7850,0.000112
_11830_,VSS,Metal1,548.4400,160.7500,0.000112
_11829_,VSS,Metal1,542.5000,161.8850,0.000111
_11828_,VSS,Metal1,545.7625,170.9560,0.000147
_11827_,VSS,Metal1,549.0120,151.9520,0.000287
_11826_,VSS,Metal1,569.9400,192.1250,0.000155
_11825_,VSS,Metal1,539.0425,191.9235,0.000164
_11824_,VSS,Metal1,560.7665,191.0280,0.000155
_11823_,VSS,Metal1,637.1465,614.2630,0.000398
_11822_,VSS,Metal1,641.3000,605.2510,0.000323
_11821_,VSS,Metal1,640.9625,614.4760,0.000384
_11820_,VSS,Metal1,459.9300,614.3980,0.000415
_11819_,VSS,Metal1,540.1625,625.3635,0.000304
_11818_,VSS,Metal1,545.7625,625.3635,0.000310
_11817_,VSS,Metal1,470.8000,615.4060,0.000387
_11816_,VSS,Metal1,462.1800,433.9660,0.000358
_11815_,VSS,Metal1,466.3465,423.9765,0.000280
_11814_,VSS,Metal1,459.8600,432.9885,0.000358
_11813_,VSS,Metal1,462.1800,423.8860,0.000281
_11812_,VSS,Metal1,563.5600,111.3400,0.000125
_11811_,VSS,Metal1,572.7200,61.0060,0.000348
_11810_,VSS,Metal1,600.1600,59.9535,0.000350
_11809_,VSS,Metal1,610.1625,50.8035,0.000058
_11808_,VSS,Metal1,606.1000,59.9535,0.000350
_11807_,VSS,Metal1,592.3465,40.9365,0.000247
_11806_,VSS,Metal1,572.5320,49.6480,0.000061
_11805_,VSS,Metal1,571.0400,110.3535,0.000125
_11804_,VSS,Metal1,578.0275,111.2835,0.000125
_11803_,VSS,Metal1,578.8025,120.5560,0.000287
_11802_,VSS,Metal1,570.4025,121.3635,0.000293
_11801_,VSS,Metal1,416.5000,432.8350,0.000374
_11800_,VSS,Metal1,462.1000,615.3310,0.000411
_11799_,VSS,Metal1,455.0425,605.2035,0.000163
_11798_,VSS,Metal1,442.5700,624.4780,0.000329
_11797_,VSS,Metal1,493.7800,635.6450,0.000327
_11796_,VSS,Metal1,448.4200,605.4050,0.000170
_11795_,VSS,Metal1,450.9800,604.2735,0.000169
_11794_,VSS,Metal1,443.7630,432.9015,0.000373
_11793_,VSS,Metal1,442.8265,442.9030,0.000347
_11792_,VSS,Metal1,446.7400,422.7550,0.000318
_11791_,VSS,Metal1,446.9875,443.1160,0.000339
_11790_,VSS,Metal1,471.2665,150.5230,0.000216
_11789_,VSS,Metal1,486.4800,81.1660,0.000265
_11788_,VSS,Metal1,462.9600,81.1660,0.000306
_11787_,VSS,Metal1,479.6825,80.2360,0.000284
_11786_,VSS,Metal1,470.0200,91.2460,0.000171
_11785_,VSS,Metal1,474.1865,80.0230,0.000287
_11784_,VSS,Metal1,481.8120,61.2320,0.000251
_11783_,VSS,Metal1,480.3465,140.5030,0.000189
_11782_,VSS,Metal1,461.8665,131.6565,0.000162
_11781_,VSS,Metal1,472.8465,130.5480,0.000157
_11780_,VSS,Metal1,384.4750,424.0610,0.000505
_11779_,VSS,Metal1,442.5000,614.4285,0.000428
_11778_,VSS,Metal1,436.0025,615.2835,0.000456
_11777_,VSS,Metal1,385.4600,614.4460,0.000459
_11776_,VSS,Metal1,364.4100,604.2575,0.000178
_11775_,VSS,Metal1,368.1000,644.5935,0.000190
_11774_,VSS,Metal1,372.1625,644.7160,0.000201
_11773_,VSS,Metal1,372.6065,605.2915,0.000179
_11772_,VSS,Metal1,366.4830,432.9015,0.000358
_11771_,VSS,Metal1,368.9065,434.0565,0.000359
_11770_,VSS,Metal1,371.6025,422.9560,0.000503
_11769_,VSS,Metal1,368.9065,423.9765,0.000502
_11768_,VSS,Metal1,437.9250,252.8290,0.000491
_11767_,VSS,Metal1,433.6465,241.4280,0.000202
_11766_,VSS,Metal1,435.8920,222.5120,0.000299
_11765_,VSS,Metal1,428.6065,232.3315,0.000334
_11764_,VSS,Metal1,446.5265,251.5080,0.000491
_11763_,VSS,Metal1,373.3865,434.0565,0.000359
_11762_,VSS,Metal1,373.3865,423.9765,0.000503
_11761_,VSS,Metal1,366.5050,595.3210,0.000329
_11760_,VSS,Metal1,379.5800,614.3825,0.000447
_11759_,VSS,Metal1,407.5400,635.6450,0.000323
_11758_,VSS,Metal1,375.2230,624.4550,0.000283
_11757_,VSS,Metal1,369.4600,494.5250,0.000560
_11756_,VSS,Metal1,371.4600,444.0460,0.000319
_11755_,VSS,Metal1,371.7000,442.9150,0.000319
_11754_,VSS,Metal1,410.9400,120.4750,0.000241
_11753_,VSS,Metal1,427.7065,71.1765,0.000152
_11752_,VSS,Metal1,442.6000,61.0100,0.000240
_11751_,VSS,Metal1,449.5400,61.0850,0.000240
_11750_,VSS,Metal1,449.5400,51.0050,0.000087
_11749_,VSS,Metal1,414.0400,50.9300,0.000105
_11748_,VSS,Metal1,406.4200,59.8750,0.000233
_11747_,VSS,Metal1,419.2025,60.0760,0.000237
_11746_,VSS,Metal1,448.3225,70.1560,0.000139
_11745_,VSS,Metal1,437.1225,60.8835,0.000239
_11744_,VSS,Metal1,415.9200,121.4860,0.000246
_11743_,VSS,Metal1,422.9075,131.4435,0.000189
_11742_,VSS,Metal1,434.8825,120.5560,0.000251
_11741_,VSS,Metal1,420.8825,111.2835,0.000133
_11740_,VSS,Metal1,366.1000,442.9150,0.000317
_11739_,VSS,Metal1,364.3225,423.7635,0.000498
_11738_,VSS,Metal1,325.6825,503.5960,0.000434
_11737_,VSS,Metal1,368.0200,624.5085,0.000276
_11736_,VSS,Metal1,376.5000,615.4060,0.000444
_11735_,VSS,Metal1,357.4600,644.5935,0.000190
_11734_,VSS,Metal1,362.0825,644.7160,0.000190
_11733_,VSS,Metal1,355.2465,634.5480,0.000306
_11732_,VSS,Metal1,351.9230,444.0580,0.000302
_11731_,VSS,Metal1,355.1400,443.0685,0.000304
_11730_,VSS,Metal1,337.9865,170.6830,0.000267
_11729_,VSS,Metal1,336.0230,161.7850,0.000175
_11728_,VSS,Metal1,327.4665,151.8165,0.000158
_11727_,VSS,Metal1,327.5225,190.9315,0.000339
_11726_,VSS,Metal1,325.2200,160.6750,0.000175
_11725_,VSS,Metal1,315.0425,161.6835,0.000179
_11724_,VSS,Metal1,348.1600,170.8335,0.000267
_11723_,VSS,Metal1,357.0425,181.0360,0.000138
_11722_,VSS,Metal1,327.2465,180.9480,0.000127
_11721_,VSS,Metal1,321.6465,161.7715,0.000178
_11720_,VSS,Metal1,354.6865,170.8680,0.000266
_11719_,VSS,Metal1,359.3865,434.0565,0.000349
_11718_,VSS,Metal1,364.2650,625.5610,0.000275
_11717_,VSS,Metal1,362.0825,624.5560,0.000275
_11716_,VSS,Metal1,372.7225,625.3635,0.000283
_11715_,VSS,Metal1,376.6425,625.3635,0.000283
_11714_,VSS,Metal1,366.6400,634.5135,0.000306
_11713_,VSS,Metal1,364.9600,453.0735,0.000459
_11712_,VSS,Metal1,352.5625,453.1960,0.000450
_11711_,VSS,Metal1,413.8100,302.9400,0.000280
_11710_,VSS,Metal1,373.3865,282.9165,0.000421
_11709_,VSS,Metal1,371.3030,302.9050,0.000280
_11708_,VSS,Metal1,366.8230,282.7450,0.000414
_11707_,VSS,Metal1,380.9800,291.7935,0.000351
_11706_,VSS,Metal1,365.1430,301.8950,0.000279
_11705_,VSS,Metal1,336.5830,292.8250,0.000342
_11704_,VSS,Metal1,355.6230,301.8950,0.000276
_11703_,VSS,Metal1,364.5830,302.9050,0.000279
_11702_,VSS,Metal1,379.5465,311.8630,0.000539
_11701_,VSS,Metal1,385.3875,302.8035,0.000280
_11700_,VSS,Metal1,401.9465,301.7830,0.000280
_11699_,VSS,Metal1,396.2425,281.8360,0.000421
_11698_,VSS,Metal1,418.0825,291.9160,0.000358
_11697_,VSS,Metal1,308.8825,635.4435,0.000292
_11696_,VSS,Metal1,301.4800,644.6600,0.000168
_11695_,VSS,Metal1,296.6365,624.4215,0.000165
_11694_,VSS,Metal1,284.1000,615.2600,0.000467
_11693_,VSS,Metal1,697.9400,595.2460,0.000280
_11692_,VSS,Metal1,688.1400,604.3025,0.000378
_11691_,VSS,Metal1,689.2800,595.1700,0.000269
_11690_,VSS,Metal1,685.8600,605.4050,0.000377
_11689_,VSS,Metal1,680.7225,605.2035,0.000356
_11688_,VSS,Metal1,696.8400,575.0900,0.000409
_11687_,VSS,Metal1,718.0200,423.8110,0.000330
_11686_,VSS,Metal1,881.3400,262.5735,0.000631
_11685_,VSS,Metal1,1006.1600,271.6335,0.000170
_11684_,VSS,Metal1,1008.1800,261.7000,0.000686
_11683_,VSS,Metal1,1004.2600,262.6060,0.000680
_11682_,VSS,Metal1,1011.2265,271.5430,0.000174
_11681_,VSS,Metal1,1016.0520,262.8320,0.000686
_11680_,VSS,Metal1,889.7065,281.6230,0.000216
_11679_,VSS,Metal1,894.1865,281.6230,0.000216
_11678_,VSS,Metal1,901.8065,261.5880,0.000658
_11677_,VSS,Metal1,716.9800,422.8335,0.000330
_11676_,VSS,Metal1,707.6025,605.2035,0.000410
_11675_,VSS,Metal1,700.2065,605.2915,0.000410
_11674_,VSS,Metal1,696.8830,594.1815,0.000280
_11673_,VSS,Metal1,702.5625,584.2360,0.000318
_11672_,VSS,Metal1,710.3450,423.9610,0.000326
_11671_,VSS,Metal1,832.5700,232.4750,0.000158
_11670_,VSS,Metal1,990.0480,232.3470,0.000428
_11669_,VSS,Metal1,999.8000,231.3100,0.000434
_11668_,VSS,Metal1,993.8600,231.2350,0.000428
_11667_,VSS,Metal1,1001.6025,232.2435,0.000439
_11666_,VSS,Metal1,1016.0520,231.0880,0.000457
_11665_,VSS,Metal1,835.5430,242.4250,0.000091
_11664_,VSS,Metal1,834.2665,251.3830,0.000391
_11663_,VSS,Metal1,840.2065,232.3315,0.000161
_11662_,VSS,Metal1,715.5400,413.8850,0.000392
_11661_,VSS,Metal1,688.5050,594.1185,0.000269
_11660_,VSS,Metal1,686.4600,614.3860,0.000435
_11659_,VSS,Metal1,714.7400,604.3660,0.000430
_11658_,VSS,Metal1,709.3800,614.2750,0.000443
_11657_,VSS,Metal1,701.8800,614.3500,0.000442
_11656_,VSS,Metal1,688.5050,615.4810,0.000435
_11655_,VSS,Metal1,688.4200,625.4860,0.000369
_11654_,VSS,Metal1,710.8200,413.8060,0.000392
_11653_,VSS,Metal1,721.1400,413.8850,0.000392
_11652_,VSS,Metal1,844.2265,172.0365,0.000123
_11651_,VSS,Metal1,858.9625,190.9315,0.000241
_11650_,VSS,Metal1,849.9400,190.9150,0.000237
_11649_,VSS,Metal1,865.6200,180.8350,0.000068
_11648_,VSS,Metal1,842.4400,170.8300,0.000123
_11647_,VSS,Metal1,862.1625,191.9235,0.000241
_11646_,VSS,Metal1,847.0425,181.8435,0.000072
_11645_,VSS,Metal1,853.3000,151.8050,0.000417
_11644_,VSS,Metal1,846.4825,151.6035,0.000415
_11643_,VSS,Metal1,820.3000,181.9375,0.000083
_11642_,VSS,Metal1,807.3800,182.0450,0.000084
_11641_,VSS,Metal1,826.9865,182.0565,0.000080
_11640_,VSS,Metal1,822.5065,171.9765,0.000117
_11639_,VSS,Metal1,707.0425,402.7960,0.000413
_11638_,VSS,Metal1,703.5400,625.3935,0.000384
_11637_,VSS,Metal1,705.4600,624.3550,0.000384
_11636_,VSS,Metal1,697.9600,615.4100,0.000441
_11635_,VSS,Metal1,693.5450,624.3585,0.000379
_11634_,VSS,Metal1,678.4825,624.5560,0.000367
_11633_,VSS,Metal1,702.9800,412.7535,0.000390
_11632_,VSS,Metal1,703.7800,403.8050,0.000412
_11631_,VSS,Metal1,708.1625,403.6035,0.000413
_11630_,VSS,Metal1,702.7000,81.1250,0.000303
_11629_,VSS,Metal1,702.4520,51.1520,0.000045
_11628_,VSS,Metal1,689.0065,49.9080,0.000046
_11627_,VSS,Metal1,706.3665,49.9080,0.000045
_11626_,VSS,Metal1,716.4465,50.8915,0.000044
_11625_,VSS,Metal1,698.7800,91.2175,0.000160
_11624_,VSS,Metal1,696.5000,81.2450,0.000304
_11623_,VSS,Metal1,695.9465,100.1830,0.000128
_11622_,VSS,Metal1,705.4665,91.3365,0.000160
_11621_,VSS,Metal1,707.1800,412.7950,0.000390
_11620_,VSS,Metal1,709.1400,635.4735,0.000312
_11619_,VSS,Metal1,706.5800,634.4350,0.000311
_11618_,VSS,Metal1,698.5200,634.5100,0.000304
_11617_,VSS,Metal1,686.8825,634.6360,0.000288
_11616_,VSS,Metal1,680.1625,634.6360,0.000284
_11615_,VSS,Metal1,683.9300,635.5215,0.000286
_11614_,VSS,Metal1,679.6025,645.5235,0.000221
_11613_,VSS,Metal1,675.6825,644.7160,0.000216
_11612_,VSS,Metal1,700.3225,624.5560,0.000381
_11611_,VSS,Metal1,705.1400,422.9085,0.000323
_11610_,VSS,Metal1,871.6825,261.6760,0.000604
_11609_,VSS,Metal1,942.3200,251.4735,0.000363
_11608_,VSS,Metal1,946.2400,242.4460,0.000059
_11607_,VSS,Metal1,950.6425,261.6760,0.000605
_11606_,VSS,Metal1,935.9400,251.4735,0.000364
_11605_,VSS,Metal1,935.0665,252.6165,0.000364
_11604_,VSS,Metal1,947.7320,222.5120,0.000263
_11603_,VSS,Metal1,872.8800,252.5260,0.000385
_11602_,VSS,Metal1,875.6025,261.6760,0.000616
_11601_,VSS,Metal1,876.6065,242.4115,0.000086
_11600_,VSS,Metal1,704.2425,423.7635,0.000323
_11599_,VSS,Metal1,699.0865,645.6115,0.000258
_11598_,VSS,Metal1,696.8830,644.5815,0.000258
_11597_,VSS,Metal1,696.7475,413.6835,0.000388
_11596_,VSS,Metal1,696.9625,412.8760,0.000388
_11595_,VSS,Metal1,702.4100,413.7615,0.000390
_11594_,VSS,Metal1,709.8425,271.7560,0.000242
_11593_,VSS,Metal1,716.5625,252.4035,0.000545
_11592_,VSS,Metal1,712.1600,262.6060,0.000405
_11591_,VSS,Metal1,704.0275,262.4835,0.000396
_11590_,VSS,Metal1,722.0520,222.5120,0.000373
_11589_,VSS,Metal1,725.9665,211.1880,0.000243
_11588_,VSS,Metal1,709.1665,222.2515,0.000381
_11587_,VSS,Metal1,727.6465,232.3315,0.000121
_11586_,VSS,Metal1,700.8825,271.7560,0.000244
_11585_,VSS,Metal1,690.2425,262.4835,0.000383
_11584_,VSS,Metal1,697.0600,422.7550,0.000317
_11583_,VSS,Metal1,679.5450,654.5985,0.000765
_11582_,VSS,Metal1,670.2200,655.6975,0.000693
_11581_,VSS,Metal1,697.9665,674.8680,0.000359
_11580_,VSS,Metal1,690.1630,654.6615,0.000770
_11579_,VSS,Metal1,694.4135,584.0930,0.000315
_11578_,VSS,Metal1,691.3625,644.7160,0.000251
_11577_,VSS,Metal1,697.3000,423.8110,0.000317
_11576_,VSS,Metal1,712.6425,161.6835,0.000124
_11575_,VSS,Metal1,751.0675,161.6835,0.000125
_11574_,VSS,Metal1,753.0400,151.7260,0.000386
_11573_,VSS,Metal1,759.4675,141.5235,0.000249
_11572_,VSS,Metal1,751.2825,131.4435,0.000174
_11571_,VSS,Metal1,749.0425,140.7160,0.000251
_11570_,VSS,Metal1,755.2025,160.8760,0.000125
_11569_,VSS,Metal1,766.2920,160.5280,0.000125
_11568_,VSS,Metal1,717.7600,170.8335,0.000132
_11567_,VSS,Metal1,708.7225,161.6835,0.000124
_11566_,VSS,Metal1,719.8065,161.7715,0.000124
_11565_,VSS,Metal1,690.3465,423.9765,0.000312
_11564_,VSS,Metal1,677.8650,664.6785,0.000287
_11563_,VSS,Metal1,669.0600,674.7550,0.000305
_11562_,VSS,Metal1,676.3800,674.8625,0.000354
_11561_,VSS,Metal1,682.4025,674.9560,0.000354
_11560_,VSS,Metal1,676.1200,534.7700,0.000345
_11559_,VSS,Metal1,679.9400,432.9885,0.000448
_11558_,VSS,Metal1,684.7400,423.9650,0.000310
_11557_,VSS,Metal1,762.3665,241.4280,0.000116
_11556_,VSS,Metal1,788.6920,222.5120,0.000293
_11555_,VSS,Metal1,782.5265,221.2680,0.000294
_11554_,VSS,Metal1,782.5265,202.0915,0.000140
_11553_,VSS,Metal1,802.6865,222.2515,0.000303
_11552_,VSS,Metal1,768.5265,251.5080,0.000472
_11551_,VSS,Metal1,776.9265,251.5080,0.000438
_11550_,VSS,Metal1,677.3625,433.8435,0.000445
_11549_,VSS,Metal1,670.7465,675.9765,0.000305
_11548_,VSS,Metal1,677.3050,665.8810,0.000287
_11547_,VSS,Metal1,595.0425,655.6035,0.000600
_11546_,VSS,Metal1,597.2825,664.8760,0.000294
_11545_,VSS,Metal1,602.7400,675.7935,0.000274
_11544_,VSS,Metal1,605.2200,665.8850,0.000283
_11543_,VSS,Metal1,580.9200,654.6700,0.000600
_11542_,VSS,Metal1,569.3800,654.5950,0.000601
_11541_,VSS,Metal1,571.8675,423.7635,0.000311
_11540_,VSS,Metal1,563.0600,423.8535,0.000310
_11539_,VSS,Metal1,564.5875,433.0360,0.000427
_11538_,VSS,Metal1,567.4600,423.7935,0.000310
_11537_,VSS,Metal1,588.4265,272.7765,0.000251
_11536_,VSS,Metal1,595.8630,262.5850,0.000276
_11535_,VSS,Metal1,582.0400,272.6900,0.000256
_11534_,VSS,Metal1,598.5000,261.4750,0.000276
_11533_,VSS,Metal1,577.6825,252.4035,0.000398
_11532_,VSS,Metal1,584.8520,231.0880,0.000181
_11531_,VSS,Metal1,604.8230,281.7350,0.000346
_11530_,VSS,Metal1,618.1000,262.6850,0.000275
_11529_,VSS,Metal1,611.8425,262.4835,0.000275
_11528_,VSS,Metal1,622.4825,262.4835,0.000275
_11527_,VSS,Metal1,553.0425,422.9560,0.000303
_11526_,VSS,Metal1,589.3850,655.8010,0.000600
_11525_,VSS,Metal1,539.1800,665.7775,0.000277
_11524_,VSS,Metal1,557.9400,654.7660,0.000601
_11523_,VSS,Metal1,552.5800,654.5950,0.000601
_11522_,VSS,Metal1,540.6000,645.6500,0.000205
_11521_,VSS,Metal1,539.7000,635.6450,0.000360
_11520_,VSS,Metal1,548.3475,433.8435,0.000399
_11519_,VSS,Metal1,543.5225,433.0360,0.000392
_11518_,VSS,Metal1,551.7800,433.0060,0.000403
_11517_,VSS,Metal1,548.1065,432.8230,0.000399
_11516_,VSS,Metal1,547.5465,423.9765,0.000299
_11515_,VSS,Metal1,534.4520,241.1680,0.000195
_11514_,VSS,Metal1,527.7265,231.3480,0.000220
_11513_,VSS,Metal1,492.7000,232.3335,0.000240
_11512_,VSS,Metal1,496.3400,241.3935,0.000181
_11511_,VSS,Metal1,487.9400,232.3660,0.000242
_11510_,VSS,Metal1,482.0265,241.3030,0.000180
_11509_,VSS,Metal1,528.2865,222.2515,0.000393
_11508_,VSS,Metal1,499.9465,222.3765,0.000328
_11507_,VSS,Metal1,534.4465,251.5080,0.000420
_11506_,VSS,Metal1,540.6650,655.8010,0.000596
_11505_,VSS,Metal1,535.5400,654.6735,0.000587
_11504_,VSS,Metal1,513.7265,655.6915,0.000585
_11503_,VSS,Metal1,512.0465,664.7880,0.000268
_11502_,VSS,Metal1,461.9000,413.7735,0.000640
_11501_,VSS,Metal1,442.8265,413.8965,0.000686
_11500_,VSS,Metal1,448.9565,413.8180,0.000686
_11499_,VSS,Metal1,427.7000,373.5650,0.000211
_11498_,VSS,Metal1,432.7465,373.5765,0.000211
_11497_,VSS,Metal1,451.5500,201.1960,0.000181
_11496_,VSS,Metal1,435.5200,180.9135,0.000144
_11495_,VSS,Metal1,447.8400,170.8335,0.000223
_11494_,VSS,Metal1,435.4425,150.7960,0.000218
_11493_,VSS,Metal1,443.1400,160.7535,0.000152
_11492_,VSS,Metal1,460.7465,151.8165,0.000217
_11491_,VSS,Metal1,431.9720,182.1920,0.000144
_11490_,VSS,Metal1,471.3600,192.0460,0.000223
_11489_,VSS,Metal1,480.0275,191.1160,0.000205
_11488_,VSS,Metal1,470.7225,201.1960,0.000163
_11487_,VSS,Metal1,474.6425,201.1960,0.000163
_11486_,VSS,Metal1,420.8825,413.6835,0.000691
_11485_,VSS,Metal1,520.9000,664.8285,0.000276
_11484_,VSS,Metal1,505.4425,664.8760,0.000257
_11483_,VSS,Metal1,426.8900,674.8780,0.000346
_11482_,VSS,Metal1,480.3400,684.8350,0.000372
_11481_,VSS,Metal1,430.6630,675.8650,0.000345
_11480_,VSS,Metal1,424.3400,474.3650,0.000347
_11479_,VSS,Metal1,420.1800,372.4335,0.000212
_11478_,VSS,Metal1,422.1000,353.4050,0.000377
_11477_,VSS,Metal1,505.8700,91.1235,0.000146
_11476_,VSS,Metal1,515.6000,61.0060,0.000274
_11475_,VSS,Metal1,541.3600,61.0060,0.000333
_11474_,VSS,Metal1,544.6425,60.0760,0.000334
_11473_,VSS,Metal1,535.5400,70.0335,0.000165
_11472_,VSS,Metal1,545.8665,61.0965,0.000334
_11471_,VSS,Metal1,514.8520,51.1520,0.000067
_11470_,VSS,Metal1,504.4000,101.3260,0.000139
_11469_,VSS,Metal1,504.7300,100.3180,0.000139
_11468_,VSS,Metal1,512.0465,100.3080,0.000142
_11467_,VSS,Metal1,420.8825,373.3635,0.000212
_11466_,VSS,Metal1,367.5300,372.4780,0.000222
_11465_,VSS,Metal1,415.8425,474.1635,0.000363
_11464_,VSS,Metal1,424.5800,685.8910,0.000390
_11463_,VSS,Metal1,422.0025,674.9560,0.000348
_11462_,VSS,Metal1,376.0000,674.8200,0.000446
_11461_,VSS,Metal1,497.7000,726.3650,0.000033
_11460_,VSS,Metal1,386.3680,674.8530,0.000450
_11459_,VSS,Metal1,375.0665,655.8165,0.000591
_11458_,VSS,Metal1,370.1300,363.4200,0.000555
_11457_,VSS,Metal1,372.8265,373.5765,0.000223
_11456_,VSS,Metal1,376.6425,373.3635,0.000223
_11455_,VSS,Metal1,362.7465,372.3430,0.000222
_11454_,VSS,Metal1,371.4865,110.3880,0.000123
_11453_,VSS,Metal1,372.0520,49.6480,0.000142
_11452_,VSS,Metal1,365.8865,40.8115,0.000189
_11451_,VSS,Metal1,354.6865,40.8115,0.000178
_11450_,VSS,Metal1,384.3665,50.8915,0.000125
_11449_,VSS,Metal1,374.8465,91.2115,0.000213
_11448_,VSS,Metal1,385.4865,101.2915,0.000141
_11447_,VSS,Metal1,362.5100,363.2835,0.000553
_11446_,VSS,Metal1,342.8275,363.2835,0.000494
_11445_,VSS,Metal1,374.1800,664.8285,0.000239
_11444_,VSS,Metal1,366.1400,664.7825,0.000239
_11443_,VSS,Metal1,496.5800,736.4450,0.000045
_11442_,VSS,Metal1,385.2480,696.0270,0.001122
_11441_,VSS,Metal1,336.9800,514.6850,0.000218
_11440_,VSS,Metal1,342.9000,362.3535,0.000494
_11439_,VSS,Metal1,347.6200,362.2750,0.000504
_11438_,VSS,Metal1,337.3100,242.3235,0.000236
_11437_,VSS,Metal1,335.3400,232.3375,0.000310
_11436_,VSS,Metal1,340.2425,241.5160,0.000233
_11435_,VSS,Metal1,343.1465,232.4565,0.000315
_11434_,VSS,Metal1,332.6630,201.0950,0.000231
_11433_,VSS,Metal1,316.2665,202.2165,0.000250
_11432_,VSS,Metal1,332.2800,222.2900,0.000250
_11431_,VSS,Metal1,313.4600,232.4450,0.000312
_11430_,VSS,Metal1,341.9225,252.4035,0.000406
_11429_,VSS,Metal1,303.9400,202.2050,0.000262
_11428_,VSS,Metal1,352.6400,212.2060,0.000208
_11427_,VSS,Metal1,355.3625,221.3560,0.000261
_11426_,VSS,Metal1,325.5665,201.1080,0.000235
_11425_,VSS,Metal1,332.9625,251.5960,0.000400
_11424_,VSS,Metal1,355.2465,211.1880,0.000208
_11423_,VSS,Metal1,336.9800,353.4050,0.000379
_11422_,VSS,Metal1,322.8825,514.4835,0.000216
_11421_,VSS,Metal1,383.7000,675.8110,0.000450
_11420_,VSS,Metal1,376.5000,685.9660,0.000407
_11419_,VSS,Metal1,375.3800,705.0735,0.000288
_11418_,VSS,Metal1,368.6865,685.9315,0.000404
_11417_,VSS,Metal1,382.2425,705.1960,0.000289
_11416_,VSS,Metal1,334.8500,473.2200,0.000382
_11415_,VSS,Metal1,335.5400,443.9710,0.000294
_11414_,VSS,Metal1,335.5640,69.8910,0.000133
_11413_,VSS,Metal1,327.0080,49.8930,0.000152
_11412_,VSS,Metal1,333.0665,49.7830,0.000149
_11411_,VSS,Metal1,318.8300,60.8835,0.000199
_11410_,VSS,Metal1,310.4520,59.7280,0.000199
_11409_,VSS,Metal1,331.8425,60.8835,0.000160
_11408_,VSS,Metal1,336.8825,60.0760,0.000165
_11407_,VSS,Metal1,336.9800,61.0850,0.000165
_11406_,VSS,Metal1,316.0465,49.9080,0.000164
_11405_,VSS,Metal1,342.4825,60.8835,0.000167
_11404_,VSS,Metal1,353.6825,70.9635,0.000154
_11403_,VSS,Metal1,329.1465,452.9830,0.000453
_11402_,VSS,Metal1,355.3050,694.9185,0.001122
_11401_,VSS,Metal1,349.2025,695.1160,0.001121
_11400_,VSS,Metal1,363.9000,1078.0625,0.000159
_11399_,VSS,Metal1,325.2600,1079.0450,0.000113
_11398_,VSS,Metal1,251.6465,1088.1480,0.000267
_11397_,VSS,Metal1,249.9665,1079.0515,0.000094
_11396_,VSS,Metal1,249.8675,1078.1560,0.000094
_11395_,VSS,Metal1,251.0600,1089.1660,0.000267
_11394_,VSS,Metal1,159.4375,1079.0450,0.000111
_11393_,VSS,Metal1,245.1465,1088.0230,0.000278
_11392_,VSS,Metal1,243.4665,1079.1765,0.000093
_11391_,VSS,Metal1,123.0800,1089.3390,0.000472
_11390_,VSS,Metal1,112.8825,1078.1560,0.000182
_11389_,VSS,Metal1,146.4825,1088.2360,0.000424
_11388_,VSS,Metal1,108.8200,1078.0335,0.000182
_11387_,VSS,Metal1,108.4025,1098.3160,0.000073
_11386_,VSS,Metal1,109.5225,1089.0435,0.000484
_11385_,VSS,Metal1,117.9225,1098.3160,0.000070
_11384_,VSS,Metal1,113.5400,1089.2450,0.000484
_11383_,VSS,Metal1,400.7150,1077.8585,0.000216
_11382_,VSS,Metal1,333.1000,1088.1550,0.000178
_11381_,VSS,Metal1,200.3200,1079.0860,0.000085
_11380_,VSS,Metal1,296.5625,1078.1560,0.000107
_11379_,VSS,Metal1,235.3075,1089.0435,0.000287
_11378_,VSS,Metal1,226.9800,1079.0860,0.000090
_11377_,VSS,Metal1,296.9800,1089.1660,0.000235
_11376_,VSS,Metal1,286.0800,1088.1900,0.000239
_11375_,VSS,Metal1,198.6600,1089.2450,0.000347
_11374_,VSS,Metal1,120.2500,1088.0935,0.000472
_11373_,VSS,Metal1,180.6425,1089.0435,0.000347
_11372_,VSS,Metal1,185.6825,1098.3160,0.000045
_11371_,VSS,Metal1,191.9175,1089.1250,0.000347
_11370_,VSS,Metal1,181.2025,1078.1560,0.000083
_11369_,VSS,Metal1,185.7575,1078.0750,0.000084
_11368_,VSS,Metal1,259.0425,1078.9635,0.000096
_11367_,VSS,Metal1,389.3900,1088.2360,0.000232
_11366_,VSS,Metal1,389.0665,1089.2565,0.000232
_11365_,VSS,Metal1,215.7700,1079.0415,0.000086
_11364_,VSS,Metal1,215.0630,1088.1350,0.000328
_11363_,VSS,Metal1,117.2400,1079.0900,0.000161
_11362_,VSS,Metal1,210.4265,1079.1765,0.000086
_11361_,VSS,Metal1,211.7875,1089.0435,0.000333
_11360_,VSS,Metal1,254.5625,1089.0435,0.000266
_11359_,VSS,Metal1,143.6825,1088.2360,0.000436
_11358_,VSS,Metal1,166.7465,1088.0230,0.000373
_11357_,VSS,Metal1,114.4200,1098.1935,0.000071
_11356_,VSS,Metal1,123.9300,1079.0415,0.000157
_11355_,VSS,Metal1,129.2265,1079.1765,0.000154
_11354_,VSS,Metal1,111.0500,1079.0415,0.000182
_11353_,VSS,Metal1,155.5465,1089.2565,0.000410
_11352_,VSS,Metal1,150.9625,1089.0435,0.000415
_11351_,VSS,Metal1,232.2665,1079.1765,0.000090
_11350_,VSS,Metal1,223.4630,1088.1350,0.000310
_11349_,VSS,Metal1,216.4825,1089.0435,0.000328
_11348_,VSS,Metal1,293.0500,1088.1580,0.000236
_11347_,VSS,Metal1,128.6665,1077.9430,0.000154
_11346_,VSS,Metal1,151.0500,1088.0050,0.000415
_11345_,VSS,Metal1,237.4630,1079.0650,0.000092
_11344_,VSS,Metal1,158.4000,1088.1900,0.000409
_11343_,VSS,Metal1,145.3625,1078.1560,0.000141
_11342_,VSS,Metal1,147.0425,1089.0435,0.000424
_11341_,VSS,Metal1,156.0900,1077.9250,0.000135
_11340_,VSS,Metal1,244.4825,1078.1560,0.000093
_11339_,VSS,Metal1,164.9625,1078.1560,0.000104
_11338_,VSS,Metal1,207.5225,1089.0435,0.000341
_11337_,VSS,Metal1,161.6025,1078.1560,0.000109
_11336_,VSS,Metal1,187.4665,1079.1765,0.000084
_11335_,VSS,Metal1,171.2265,1088.0230,0.000360
_11334_,VSS,Metal1,356.8275,1078.9635,0.000154
_11333_,VSS,Metal1,448.4265,1088.0230,0.000261
_11332_,VSS,Metal1,426.3400,1089.0735,0.000256
_11331_,VSS,Metal1,186.6560,694.9120,0.000576
_11330_,VSS,Metal1,163.1400,675.7400,0.000313
_11329_,VSS,Metal1,167.3000,684.8350,0.000444
_11328_,VSS,Metal1,367.1225,1078.9635,0.000165
_11327_,VSS,Metal1,168.4100,1079.1060,0.000102
_11326_,VSS,Metal1,292.1865,1079.1765,0.000107
_11325_,VSS,Metal1,165.5225,1089.0435,0.000374
_11324_,VSS,Metal1,150.8100,1079.0415,0.000137
_11323_,VSS,Metal1,149.9300,1077.9250,0.000137
_11322_,VSS,Metal1,141.5200,694.9935,0.000532
_11321_,VSS,Metal1,149.9465,696.1365,0.000536
_11320_,VSS,Metal1,133.4600,696.0460,0.000531
_11319_,VSS,Metal1,158.4530,694.8730,0.000537
_11318_,VSS,Metal1,169.0800,695.0700,0.000538
_11317_,VSS,Metal1,178.4025,685.8435,0.000438
_11316_,VSS,Metal1,166.0200,705.1060,0.000147
_11315_,VSS,Metal1,171.4365,696.1680,0.000538
_11314_,VSS,Metal1,178.9625,695.1160,0.000538
_11313_,VSS,Metal1,174.3300,695.0380,0.000538
_11312_,VSS,Metal1,174.3665,675.8515,0.000304
_11311_,VSS,Metal1,179.3800,695.9535,0.000538
_11310_,VSS,Metal1,174.3665,684.9480,0.000443
_11309_,VSS,Metal1,153.9730,686.0865,0.000467
_11308_,VSS,Metal1,155.0800,684.9900,0.000467
_11307_,VSS,Metal1,124.4900,1078.0780,0.000157
_11306_,VSS,Metal1,117.4500,1077.9250,0.000161
_11305_,VSS,Metal1,130.4480,695.0130,0.000531
_11304_,VSS,Metal1,154.4600,675.8535,0.000321
_11303_,VSS,Metal1,130.5800,674.9085,0.000332
_11302_,VSS,Metal1,167.8300,686.1260,0.000444
_11301_,VSS,Metal1,138.0825,685.8435,0.000517
_11300_,VSS,Metal1,135.7265,684.9480,0.000520
_11299_,VSS,Metal1,128.4300,685.0360,0.000520
_11298_,VSS,Metal1,402.9625,685.0360,0.000406
_11297_,VSS,Metal1,409.1225,685.8435,0.000393
_11296_,VSS,Metal1,357.1200,674.8335,0.000439
_11295_,VSS,Metal1,337.5200,524.6860,0.000191
_11294_,VSS,Metal1,324.0025,544.7235,0.000300
_11293_,VSS,Metal1,327.3465,131.7165,0.000192
_11292_,VSS,Metal1,321.9680,111.3870,0.000131
_11291_,VSS,Metal1,324.1065,101.4165,0.000153
_11290_,VSS,Metal1,327.5225,120.3715,0.000153
_11289_,VSS,Metal1,317.3800,110.2750,0.000132
_11288_,VSS,Metal1,327.3625,111.2835,0.000129
_11287_,VSS,Metal1,337.5200,130.5135,0.000193
_11286_,VSS,Metal1,340.2425,140.7160,0.000193
_11285_,VSS,Metal1,315.4865,121.4515,0.000158
_11284_,VSS,Metal1,310.4465,120.4680,0.000159
_11283_,VSS,Metal1,335.0000,313.0900,0.000514
_11282_,VSS,Metal1,328.1480,271.4780,0.000254
_11281_,VSS,Metal1,367.7530,272.8430,0.000256
_11280_,VSS,Metal1,331.0600,322.1085,0.000277
_11279_,VSS,Metal1,332.3450,303.0010,0.000274
_11278_,VSS,Metal1,291.5225,333.0435,0.000440
_11277_,VSS,Metal1,356.9200,332.1800,0.000395
_11276_,VSS,Metal1,329.3565,261.4315,0.000237
_11275_,VSS,Metal1,344.0465,130.5480,0.000194
_11274_,VSS,Metal1,345.5730,301.8655,0.000276
_11273_,VSS,Metal1,371.9165,311.8315,0.000537
_11272_,VSS,Metal1,354.7400,311.9860,0.000537
_11271_,VSS,Metal1,360.4800,323.1750,0.000274
_11270_,VSS,Metal1,346.7400,312.9310,0.000514
_11269_,VSS,Metal1,344.6650,323.1610,0.000274
_11268_,VSS,Metal1,317.8425,634.6360,0.000287
_11267_,VSS,Metal1,567.7165,665.9265,0.000297
_11266_,VSS,Metal1,311.5600,605.2600,0.000193
_11265_,VSS,Metal1,304.2600,604.4200,0.000193
_11264_,VSS,Metal1,1022.8825,292.7235,0.000460
_11263_,VSS,Metal1,1028.4825,292.7235,0.000471
_11262_,VSS,Metal1,956.6600,282.6200,0.000217
_11261_,VSS,Metal1,956.5030,180.9350,0.000026
_11260_,VSS,Metal1,1002.4230,171.8650,0.000151
_11259_,VSS,Metal1,1012.5030,171.8650,0.000157
_11258_,VSS,Metal1,1017.1665,170.8680,0.000158
_11257_,VSS,Metal1,1021.0865,160.7880,0.000291
_11256_,VSS,Metal1,1002.0400,161.8100,0.000278
_11255_,VSS,Metal1,1003.3800,151.8050,0.000801
_11254_,VSS,Metal1,1022.3225,150.7960,0.000860
_11253_,VSS,Metal1,952.1800,160.7535,0.000198
_11252_,VSS,Metal1,950.4275,181.0360,0.000025
_11251_,VSS,Metal1,954.0025,181.8435,0.000026
_11250_,VSS,Metal1,945.0425,161.6835,0.000194
_11249_,VSS,Metal1,1023.4425,291.9160,0.000460
_11248_,VSS,Metal1,1032.4025,292.7235,0.000477
_11247_,VSS,Metal1,912.4200,291.9400,0.000374
_11246_,VSS,Metal1,903.8080,160.7730,0.000202
_11245_,VSS,Metal1,891.3800,140.5150,0.000443
_11244_,VSS,Metal1,910.8825,150.7960,0.000400
_11243_,VSS,Metal1,904.6065,141.6115,0.000429
_11242_,VSS,Metal1,998.5030,140.6150,0.000366
_11241_,VSS,Metal1,1000.3665,131.5315,0.000199
_11240_,VSS,Metal1,1016.0400,120.4300,0.000168
_11239_,VSS,Metal1,1021.3000,131.6450,0.000200
_11238_,VSS,Metal1,1023.4425,130.6360,0.000200
_11237_,VSS,Metal1,1020.7400,121.5650,0.000169
_11236_,VSS,Metal1,995.8865,121.4515,0.000160
_11235_,VSS,Metal1,1025.1225,121.3635,0.000170
_11234_,VSS,Metal1,984.8025,282.6435,0.000331
_11233_,VSS,Metal1,994.3225,281.8360,0.000348
_11232_,VSS,Metal1,954.4200,281.8600,0.000210
_11231_,VSS,Metal1,961.4880,100.2930,0.000102
_11230_,VSS,Metal1,949.9400,91.2460,0.000142
_11229_,VSS,Metal1,944.2675,90.3160,0.000146
_11228_,VSS,Metal1,963.5225,80.2360,0.000160
_11227_,VSS,Metal1,953.4425,100.3960,0.000102
_11226_,VSS,Metal1,977.2230,50.9050,0.000057
_11225_,VSS,Metal1,982.4465,49.9080,0.000059
_11224_,VSS,Metal1,984.1265,40.8115,0.000258
_11223_,VSS,Metal1,1010.2630,50.9050,0.000078
_11222_,VSS,Metal1,1008.7600,49.8700,0.000078
_11221_,VSS,Metal1,1019.0600,40.9250,0.000272
_11220_,VSS,Metal1,1014.4825,49.9960,0.000080
_11219_,VSS,Metal1,960.7225,291.9160,0.000418
_11218_,VSS,Metal1,964.6425,292.7235,0.000439
_11217_,VSS,Metal1,923.0600,292.7000,0.000368
_11216_,VSS,Metal1,916.3600,202.1300,0.000157
_11215_,VSS,Metal1,912.1000,211.0750,0.000219
_11214_,VSS,Metal1,917.1200,192.0460,0.000236
_11213_,VSS,Metal1,909.6100,192.0015,0.000243
_11212_,VSS,Metal1,1010.9800,202.1260,0.000240
_11211_,VSS,Metal1,1010.0800,180.9135,0.000026
_11210_,VSS,Metal1,1004.2600,202.1260,0.000240
_11209_,VSS,Metal1,1021.2025,201.1960,0.000242
_11208_,VSS,Metal1,1025.5720,192.2720,0.000352
_11207_,VSS,Metal1,1003.9465,192.1365,0.000327
_11206_,VSS,Metal1,955.1225,301.9960,0.000538
_11205_,VSS,Metal1,959.0425,301.9960,0.000538
_11204_,VSS,Metal1,952.1800,292.7000,0.000382
_11203_,VSS,Metal1,973.2480,101.3070,0.000105
_11202_,VSS,Metal1,1010.2630,101.3050,0.000176
_11201_,VSS,Metal1,1016.9830,70.0550,0.000622
_11200_,VSS,Metal1,1014.9265,91.2115,0.000233
_11199_,VSS,Metal1,1019.4065,101.2915,0.000176
_11198_,VSS,Metal1,1013.2400,71.0900,0.000622
_11197_,VSS,Metal1,1018.5000,80.0350,0.000191
_11196_,VSS,Metal1,1022.3225,70.1560,0.000629
_11195_,VSS,Metal1,953.8600,120.4335,0.000127
_11194_,VSS,Metal1,950.9875,110.4760,0.000115
_11193_,VSS,Metal1,964.6425,111.2835,0.000127
_11192_,VSS,Metal1,954.5625,121.3635,0.000127
_11191_,VSS,Metal1,872.2425,312.0760,0.000605
_11190_,VSS,Metal1,865.5225,312.8835,0.000593
_11189_,VSS,Metal1,864.2600,312.1000,0.000593
_11188_,VSS,Metal1,875.2480,120.4530,0.000179
_11187_,VSS,Metal1,856.1000,111.4850,0.000126
_11186_,VSS,Metal1,864.6630,49.8950,0.000034
_11185_,VSS,Metal1,874.7430,59.9750,0.000202
_11184_,VSS,Metal1,850.8465,59.9880,0.000235
_11183_,VSS,Metal1,854.7665,40.8115,0.000251
_11182_,VSS,Metal1,873.2400,50.9300,0.000034
_11181_,VSS,Metal1,873.4600,49.7950,0.000034
_11180_,VSS,Metal1,891.2825,40.7235,0.000251
_11179_,VSS,Metal1,866.0825,120.5560,0.000182
_11178_,VSS,Metal1,851.9665,120.4680,0.000182
_11177_,VSS,Metal1,830.2425,282.6435,0.000215
_11176_,VSS,Metal1,845.3625,272.5635,0.000210
_11175_,VSS,Metal1,822.8200,282.6200,0.000209
_11174_,VSS,Metal1,825.9225,131.6280,0.000159
_11173_,VSS,Metal1,807.3800,121.5650,0.000161
_11172_,VSS,Metal1,815.7600,111.4060,0.000107
_11171_,VSS,Metal1,807.1300,111.3615,0.000103
_11170_,VSS,Metal1,814.4200,80.1135,0.000199
_11169_,VSS,Metal1,815.7600,61.0060,0.000262
_11168_,VSS,Metal1,818.9000,50.9260,0.000030
_11167_,VSS,Metal1,812.8825,50.8035,0.000029
_11166_,VSS,Metal1,813.8920,59.7280,0.000262
_11165_,VSS,Metal1,819.1465,69.9430,0.000298
_11164_,VSS,Metal1,897.4425,312.0760,0.000584
_11163_,VSS,Metal1,910.8825,312.0760,0.000579
_11162_,VSS,Metal1,894.5000,302.0200,0.000535
_11161_,VSS,Metal1,902.0825,100.2115,0.000122
_11160_,VSS,Metal1,900.9000,91.3250,0.000159
_11159_,VSS,Metal1,895.2800,81.1660,0.000210
_11158_,VSS,Metal1,895.0500,80.1580,0.000210
_11157_,VSS,Metal1,919.1400,50.9260,0.000035
_11156_,VSS,Metal1,916.0000,39.7935,0.000244
_11155_,VSS,Metal1,930.3720,39.5680,0.000235
_11154_,VSS,Metal1,898.9800,40.8460,0.000246
_11153_,VSS,Metal1,911.5465,59.8630,0.000183
_11152_,VSS,Metal1,930.4825,40.7235,0.000235
_11151_,VSS,Metal1,734.4825,282.6435,0.000239
_11150_,VSS,Metal1,734.4825,292.7235,0.000374
_11149_,VSS,Metal1,727.0600,282.6200,0.000250
_11148_,VSS,Metal1,727.4080,101.3070,0.000127
_11147_,VSS,Metal1,739.2230,60.9850,0.000335
_11146_,VSS,Metal1,767.2230,50.9050,0.000033
_11145_,VSS,Metal1,743.3265,59.9880,0.000335
_11144_,VSS,Metal1,747.2465,49.9080,0.000040
_11143_,VSS,Metal1,774.6800,49.8700,0.000033
_11142_,VSS,Metal1,774.9000,40.9250,0.000244
_11141_,VSS,Metal1,769.2025,49.9960,0.000033
_11140_,VSS,Metal1,752.2600,101.3260,0.000127
_11139_,VSS,Metal1,744.3475,90.3160,0.000159
_11138_,VSS,Metal1,741.7625,81.0435,0.000235
_11137_,VSS,Metal1,749.0425,90.3160,0.000157
_11136_,VSS,Metal1,470.6000,322.1000,0.000233
_11135_,VSS,Metal1,460.0825,312.8835,0.000578
_11134_,VSS,Metal1,624.8600,503.5025,0.000283
_11133_,VSS,Metal1,562.7225,352.2115,0.000390
_11132_,VSS,Metal1,631.5465,503.3830,0.000283
_11131_,VSS,Metal1,546.4200,200.9950,0.000171
_11130_,VSS,Metal1,540.8200,200.9950,0.000171
_11129_,VSS,Metal1,544.0825,202.0035,0.000171
_11128_,VSS,Metal1,560.7665,201.1080,0.000172
_11127_,VSS,Metal1,559.4630,160.7750,0.000117
_11126_,VSS,Metal1,539.4865,150.7080,0.000283
_11125_,VSS,Metal1,559.6400,150.6700,0.000289
_11124_,VSS,Metal1,566.5800,150.5950,0.000293
_11123_,VSS,Metal1,553.0425,150.7960,0.000287
_11122_,VSS,Metal1,570.5000,141.7250,0.000236
_11121_,VSS,Metal1,558.0825,130.6360,0.000192
_11120_,VSS,Metal1,538.9265,160.7880,0.000111
_11119_,VSS,Metal1,620.2425,503.5960,0.000286
_11118_,VSS,Metal1,547.0200,514.5775,0.000286
_11117_,VSS,Metal1,558.0825,513.6760,0.000295
_11116_,VSS,Metal1,547.6025,333.2280,0.000381
_11115_,VSS,Metal1,562.4830,110.3415,0.000125
_11114_,VSS,Metal1,556.5000,101.4050,0.000142
_11113_,VSS,Metal1,563.7600,101.3260,0.000140
_11112_,VSS,Metal1,552.3300,100.3180,0.000143
_11111_,VSS,Metal1,566.3400,61.0060,0.000348
_11110_,VSS,Metal1,563.2000,59.9535,0.000348
_11109_,VSS,Metal1,598.8520,51.1520,0.000060
_11108_,VSS,Metal1,579.7800,50.9260,0.000061
_11107_,VSS,Metal1,578.3465,61.0965,0.000348
_11106_,VSS,Metal1,572.6425,50.8035,0.000061
_11105_,VSS,Metal1,541.3865,533.6230,0.000454
_11104_,VSS,Metal1,452.3800,504.4975,0.000364
_11103_,VSS,Metal1,455.0425,514.4835,0.000270
_11102_,VSS,Metal1,471.4880,363.3870,0.000446
_11101_,VSS,Metal1,463.6480,130.5330,0.000162
_11100_,VSS,Metal1,468.7430,70.0550,0.000134
_11099_,VSS,Metal1,471.7265,71.0515,0.000134
_11098_,VSS,Metal1,480.1265,71.0515,0.000130
_11097_,VSS,Metal1,467.8000,80.1100,0.000295
_11096_,VSS,Metal1,468.5800,121.5650,0.000251
_11095_,VSS,Metal1,462.4200,91.3250,0.000171
_11094_,VSS,Metal1,465.1225,70.9635,0.000136
_11093_,VSS,Metal1,464.6600,51.0050,0.000076
_11092_,VSS,Metal1,483.6025,80.2360,0.000265
_11091_,VSS,Metal1,466.2425,120.5560,0.000251
_11090_,VSS,Metal1,472.8465,120.4680,0.000251
_11089_,VSS,Metal1,446.1865,514.6965,0.000274
_11088_,VSS,Metal1,390.2200,503.5025,0.000426
_11087_,VSS,Metal1,388.5625,343.3080,0.000265
_11086_,VSS,Metal1,382.3465,504.6165,0.000434
_11085_,VSS,Metal1,434.8030,271.6215,0.000252
_11084_,VSS,Metal1,428.8200,281.6350,0.000400
_11083_,VSS,Metal1,452.8025,261.6760,0.000238
_11082_,VSS,Metal1,444.2865,262.5715,0.000241
_11081_,VSS,Metal1,442.5800,231.3135,0.000335
_11080_,VSS,Metal1,453.2520,231.0880,0.000334
_11079_,VSS,Metal1,427.1200,231.3135,0.000334
_11078_,VSS,Metal1,416.2600,232.3660,0.000333
_11077_,VSS,Metal1,422.1065,232.4565,0.000334
_11076_,VSS,Metal1,407.4425,222.1635,0.000278
_11075_,VSS,Metal1,396.2425,503.5960,0.000426
_11074_,VSS,Metal1,394.1400,523.6625,0.000244
_11073_,VSS,Metal1,403.5225,524.5635,0.000252
_11072_,VSS,Metal1,392.4825,342.1315,0.000265
_11071_,VSS,Metal1,416.5000,110.2750,0.000132
_11070_,VSS,Metal1,415.3800,111.4850,0.000132
_11069_,VSS,Metal1,410.2425,111.2835,0.000131
_11068_,VSS,Metal1,427.4865,111.3715,0.000134
_11067_,VSS,Metal1,422.2630,50.9050,0.000097
_11066_,VSS,Metal1,425.8065,59.9880,0.000237
_11065_,VSS,Metal1,423.0065,70.0680,0.000153
_11064_,VSS,Metal1,427.3030,49.8950,0.000096
_11063_,VSS,Metal1,435.3200,50.9300,0.000091
_11062_,VSS,Metal1,414.8200,49.7950,0.000105
_11061_,VSS,Metal1,415.8425,40.7235,0.000230
_11060_,VSS,Metal1,387.3865,524.7765,0.000240
_11059_,VSS,Metal1,348.2200,503.5025,0.000437
_11058_,VSS,Metal1,352.1625,342.1315,0.000265
_11057_,VSS,Metal1,338.1065,513.4630,0.000218
_11056_,VSS,Metal1,356.0200,160.6750,0.000178
_11055_,VSS,Metal1,358.8200,161.8850,0.000179
_11054_,VSS,Metal1,362.0825,170.9560,0.000252
_11053_,VSS,Metal1,365.8865,161.7715,0.000181
_11052_,VSS,Metal1,331.5430,160.7750,0.000175
_11051_,VSS,Metal1,328.9200,161.8100,0.000175
_11050_,VSS,Metal1,317.3800,170.7550,0.000310
_11049_,VSS,Metal1,322.2430,151.7380,0.000159
_11048_,VSS,Metal1,317.3800,160.6750,0.000179
_11047_,VSS,Metal1,308.3225,151.6035,0.000164
_11046_,VSS,Metal1,324.1000,150.5950,0.000159
_11045_,VSS,Metal1,309.4425,141.5235,0.000200
_11044_,VSS,Metal1,318.9625,171.7635,0.000310
_11043_,VSS,Metal1,354.2425,503.5960,0.000437
_11042_,VSS,Metal1,382.9400,383.5375,0.000495
_11041_,VSS,Metal1,393.4425,373.3635,0.000224
_11040_,VSS,Metal1,387.7200,373.4900,0.000224
_11039_,VSS,Metal1,383.2830,262.6180,0.000248
_11038_,VSS,Metal1,391.3000,303.0050,0.000280
_11037_,VSS,Metal1,404.1600,271.6335,0.000255
_11036_,VSS,Metal1,415.1300,272.6415,0.000255
_11035_,VSS,Metal1,412.3400,251.4735,0.000498
_11034_,VSS,Metal1,383.2200,222.1400,0.000265
_11033_,VSS,Metal1,365.8600,281.7135,0.000414
_11032_,VSS,Metal1,387.1720,251.2480,0.000498
_11031_,VSS,Metal1,354.9065,281.6230,0.000382
_11030_,VSS,Metal1,377.3065,382.4230,0.000437
_11029_,VSS,Metal1,322.8825,604.3960,0.000176
_11028_,VSS,Metal1,328.7730,554.8830,0.000529
_11027_,VSS,Metal1,313.5810,595.1940,0.000338
_11026_,VSS,Metal1,304.8200,595.1000,0.000338
_11025_,VSS,Metal1,845.3625,312.8835,0.000553
_11024_,VSS,Metal1,852.0825,322.9635,0.000480
_11023_,VSS,Metal1,844.1000,282.6200,0.000218
_11022_,VSS,Metal1,911.3200,252.5300,0.000368
_11021_,VSS,Metal1,904.8200,271.5550,0.000213
_11020_,VSS,Metal1,905.9200,251.4735,0.000369
_11019_,VSS,Metal1,895.2025,261.6760,0.000658
_11018_,VSS,Metal1,1017.1400,272.6860,0.000176
_11017_,VSS,Metal1,1019.0400,261.5535,0.000686
_11016_,VSS,Metal1,1023.3000,271.6335,0.000178
_11015_,VSS,Metal1,1022.8825,251.5960,0.000658
_11014_,VSS,Metal1,1023.8920,252.7520,0.000658
_11013_,VSS,Metal1,1023.5465,261.4630,0.000686
_11012_,VSS,Metal1,843.6825,322.9635,0.000480
_11011_,VSS,Metal1,839.7625,322.9635,0.000384
_11010_,VSS,Metal1,836.2600,322.1800,0.000369
_11009_,VSS,Metal1,842.4400,242.4500,0.000091
_11008_,VSS,Metal1,834.2600,241.3150,0.000091
_11007_,VSS,Metal1,849.3600,251.4735,0.000388
_11006_,VSS,Metal1,827.4425,251.5960,0.000391
_11005_,VSS,Metal1,1012.1000,241.3935,0.000060
_11004_,VSS,Metal1,1020.1600,232.3660,0.000457
_11003_,VSS,Metal1,1017.7000,241.3935,0.000060
_11002_,VSS,Metal1,1021.2025,241.5160,0.000060
_11001_,VSS,Metal1,1017.7320,222.5120,0.000345
_11000_,VSS,Metal1,1024.6665,232.4565,0.000457
_10999_,VSS,Metal1,803.9225,292.7235,0.000342
_10998_,VSS,Metal1,807.8425,292.7235,0.000342
_10997_,VSS,Metal1,814.4200,292.7000,0.000342
_10996_,VSS,Metal1,814.2630,181.9450,0.000083
_10995_,VSS,Metal1,823.0600,190.9150,0.000211
_10994_,VSS,Metal1,845.0630,180.9350,0.000072
_10993_,VSS,Metal1,859.0630,170.8550,0.000126
_10992_,VSS,Metal1,853.0865,180.9480,0.000070
_10991_,VSS,Metal1,845.2465,161.7715,0.000158
_10990_,VSS,Metal1,855.8800,181.9700,0.000070
_10989_,VSS,Metal1,865.6200,161.8850,0.000173
_10988_,VSS,Metal1,870.0025,161.6835,0.000181
_10987_,VSS,Metal1,802.2425,181.8435,0.000085
_10986_,VSS,Metal1,809.9665,180.9480,0.000084
_10985_,VSS,Metal1,735.0425,322.1560,0.000279
_10984_,VSS,Metal1,738.9625,322.1560,0.000279
_10983_,VSS,Metal1,722.5800,302.7800,0.000502
_10982_,VSS,Metal1,712.8480,101.3070,0.000128
_10981_,VSS,Metal1,708.0200,100.2735,0.000128
_10980_,VSS,Metal1,702.3475,101.2035,0.000128
_10979_,VSS,Metal1,698.0825,101.2035,0.000128
_10978_,VSS,Metal1,690.2425,91.1235,0.000162
_10977_,VSS,Metal1,707.8630,59.9750,0.000332
_10976_,VSS,Metal1,697.9665,49.9080,0.000045
_10975_,VSS,Metal1,700.7665,59.9880,0.000331
_10974_,VSS,Metal1,723.5430,49.8950,0.000044
_10973_,VSS,Metal1,716.4400,49.8700,0.000044
_10972_,VSS,Metal1,722.8200,40.9250,0.000256
_10971_,VSS,Metal1,727.2025,40.7235,0.000255
_10970_,VSS,Metal1,827.4425,312.0760,0.000551
_10969_,VSS,Metal1,827.4425,301.9960,0.000511
_10968_,VSS,Metal1,842.4200,302.0200,0.000511
_10967_,VSS,Metal1,876.0400,251.4700,0.000378
_10966_,VSS,Metal1,869.5400,242.5250,0.000086
_10965_,VSS,Metal1,879.6000,252.5260,0.000378
_10964_,VSS,Metal1,881.7625,251.5960,0.000378
_10963_,VSS,Metal1,952.1800,251.4735,0.000361
_10962_,VSS,Metal1,954.6400,231.3135,0.000381
_10961_,VSS,Metal1,960.5800,231.3135,0.000389
_10960_,VSS,Metal1,950.0825,221.3560,0.000263
_10959_,VSS,Metal1,954.4520,252.7520,0.000361
_10958_,VSS,Metal1,952.9865,241.3030,0.000058
_10957_,VSS,Metal1,715.4425,312.8835,0.000401
_10956_,VSS,Metal1,709.8425,312.0760,0.000390
_10955_,VSS,Metal1,723.1400,292.7000,0.000380
_10954_,VSS,Metal1,710.2800,242.4500,0.000138
_10953_,VSS,Metal1,700.4200,252.6050,0.000576
_10952_,VSS,Metal1,707.6800,252.5260,0.000576
_10951_,VSS,Metal1,711.5225,252.4035,0.000570
_10950_,VSS,Metal1,721.4600,232.3660,0.000122
_10949_,VSS,Metal1,730.0800,241.3935,0.000130
_10948_,VSS,Metal1,728.7720,221.0080,0.000373
_10947_,VSS,Metal1,723.7000,241.3935,0.000130
_10946_,VSS,Metal1,735.1465,222.3765,0.000373
_10945_,VSS,Metal1,734.4825,212.0835,0.000242
_10944_,VSS,Metal1,754.0825,291.9160,0.000361
_10943_,VSS,Metal1,749.0425,301.9960,0.000458
_10942_,VSS,Metal1,736.5800,291.9400,0.000372
_10941_,VSS,Metal1,738.2800,170.8300,0.000131
_10940_,VSS,Metal1,729.5400,160.6750,0.000124
_10939_,VSS,Metal1,729.5200,161.8060,0.000124
_10938_,VSS,Metal1,728.8825,171.7635,0.000131
_10937_,VSS,Metal1,749.4600,160.7535,0.000124
_10936_,VSS,Metal1,756.9600,150.6735,0.000386
_10935_,VSS,Metal1,749.4600,141.6460,0.000251
_10934_,VSS,Metal1,749.0425,150.7960,0.000386
_10933_,VSS,Metal1,774.1320,150.4480,0.000384
_10932_,VSS,Metal1,746.3465,151.8165,0.000386
_10931_,VSS,Metal1,768.6425,292.7235,0.000335
_10930_,VSS,Metal1,782.0825,302.8035,0.000434
_10929_,VSS,Metal1,783.0600,282.6200,0.000205
_10928_,VSS,Metal1,790.0200,252.6050,0.000397
_10927_,VSS,Metal1,788.3200,231.3135,0.000116
_10926_,VSS,Metal1,796.1600,221.2335,0.000294
_10925_,VSS,Metal1,773.1225,211.2760,0.000226
_10924_,VSS,Metal1,778.0200,222.2860,0.000300
_10923_,VSS,Metal1,781.6265,231.2230,0.000116
_10922_,VSS,Metal1,808.2920,231.0880,0.000116
_10921_,VSS,Metal1,784.9600,252.5260,0.000412
_10920_,VSS,Metal1,777.3875,252.4035,0.000438
_10919_,VSS,Metal1,779.2825,261.6760,0.000446
_10918_,VSS,Metal1,787.1225,251.5960,0.000408
_10917_,VSS,Metal1,656.0825,494.3235,0.000198
_10916_,VSS,Metal1,660.0025,494.3235,0.000203
_10915_,VSS,Metal1,645.7530,292.6830,0.000365
_10914_,VSS,Metal1,637.7000,271.5550,0.000219
_10913_,VSS,Metal1,600.7200,251.4735,0.000395
_10912_,VSS,Metal1,600.1600,232.3660,0.000178
_10911_,VSS,Metal1,592.2425,241.5160,0.000182
_10910_,VSS,Metal1,599.3800,241.3935,0.000178
_10909_,VSS,Metal1,604.6665,232.4565,0.000175
_10908_,VSS,Metal1,589.8920,252.7520,0.000395
_10907_,VSS,Metal1,639.3600,251.4735,0.000382
_10906_,VSS,Metal1,633.7600,262.6060,0.000274
_10905_,VSS,Metal1,626.9625,262.4835,0.000274
_10904_,VSS,Metal1,638.6000,312.9400,0.000361
_10903_,VSS,Metal1,629.2025,312.8835,0.000382
_10902_,VSS,Metal1,520.7000,513.5825,0.000269
_10901_,VSS,Metal1,520.1065,523.5430,0.000264
_10900_,VSS,Metal1,520.2630,483.3350,0.000408
_10899_,VSS,Metal1,511.8080,251.4930,0.000424
_10898_,VSS,Metal1,525.1400,251.3950,0.000424
_10897_,VSS,Metal1,526.1625,261.6760,0.000246
_10896_,VSS,Metal1,531.6465,242.4115,0.000195
_10895_,VSS,Metal1,517.4630,242.4250,0.000191
_10894_,VSS,Metal1,501.9600,241.3900,0.000185
_10893_,VSS,Metal1,500.5000,242.5250,0.000185
_10892_,VSS,Metal1,520.4830,221.2215,0.000373
_10891_,VSS,Metal1,513.3800,221.1550,0.000368
_10890_,VSS,Metal1,500.9625,212.0835,0.000289
_10889_,VSS,Metal1,520.6600,231.2350,0.000221
_10888_,VSS,Metal1,512.7225,222.1635,0.000368
_10887_,VSS,Metal1,507.6825,241.5160,0.000187
_10886_,VSS,Metal1,527.2825,513.6760,0.000269
_10885_,VSS,Metal1,452.3800,543.8225,0.000308
_10884_,VSS,Metal1,464.5625,544.7235,0.000297
_10883_,VSS,Metal1,452.1200,432.9100,0.000370
_10882_,VSS,Metal1,462.1800,181.9660,0.000137
_10881_,VSS,Metal1,446.7200,171.8860,0.000223
_10880_,VSS,Metal1,435.5200,190.9935,0.000233
_10879_,VSS,Metal1,428.7225,181.0360,0.000144
_10878_,VSS,Metal1,433.6200,192.0460,0.000234
_10877_,VSS,Metal1,439.4665,171.9765,0.000227
_10876_,VSS,Metal1,443.3800,141.7250,0.000207
_10875_,VSS,Metal1,436.4400,151.7300,0.000218
_10874_,VSS,Metal1,440.0200,161.8850,0.000153
_10873_,VSS,Metal1,434.8825,160.8760,0.000166
_10872_,VSS,Metal1,465.6030,190.9815,0.000223
_10871_,VSS,Metal1,472.8465,191.0280,0.000222
_10870_,VSS,Metal1,460.7465,534.8565,0.000479
_10869_,VSS,Metal1,452.9400,524.6575,0.000253
_10868_,VSS,Metal1,460.6425,524.5635,0.000251
_10867_,VSS,Metal1,453.2400,454.1300,0.000358
_10866_,VSS,Metal1,503.3400,111.3650,0.000115
_10865_,VSS,Metal1,512.2400,81.1660,0.000279
_10864_,VSS,Metal1,506.6400,59.9535,0.000263
_10863_,VSS,Metal1,505.4425,49.9960,0.000067
_10862_,VSS,Metal1,504.1800,50.9260,0.000067
_10861_,VSS,Metal1,508.9065,61.0965,0.000274
_10860_,VSS,Metal1,547.5400,69.9550,0.000177
_10859_,VSS,Metal1,540.6000,70.0300,0.000175
_10858_,VSS,Metal1,540.2600,59.8750,0.000333
_10857_,VSS,Metal1,548.5625,60.0760,0.000335
_10856_,VSS,Metal1,512.0830,130.5015,0.000162
_10855_,VSS,Metal1,512.0465,110.3880,0.000123
_10854_,VSS,Metal1,450.1065,523.5430,0.000253
_10853_,VSS,Metal1,370.6200,574.0625,0.000431
_10852_,VSS,Metal1,386.3225,352.2115,0.000384
_10851_,VSS,Metal1,369.4665,594.1030,0.000328
_10850_,VSS,Metal1,361.7300,91.2600,0.000212
_10849_,VSS,Metal1,367.7800,101.4050,0.000146
_10848_,VSS,Metal1,371.1200,100.2735,0.000146
_10847_,VSS,Metal1,393.8500,90.2380,0.000213
_10846_,VSS,Metal1,380.9800,59.9535,0.000208
_10845_,VSS,Metal1,362.7200,50.9260,0.000142
_10844_,VSS,Metal1,356.3400,50.9260,0.000145
_10843_,VSS,Metal1,356.4825,39.9160,0.000178
_10842_,VSS,Metal1,388.8520,41.0720,0.000216
_10841_,VSS,Metal1,364.9865,39.7030,0.000189
_10840_,VSS,Metal1,376.6425,574.1560,0.000431
_10839_,VSS,Metal1,309.0200,544.8175,0.000500
_10838_,VSS,Metal1,304.5065,544.9365,0.000505
_10837_,VSS,Metal1,309.7030,483.3350,0.000393
_10836_,VSS,Metal1,335.2800,211.0645,0.000207
_10835_,VSS,Metal1,349.8600,202.2050,0.000239
_10834_,VSS,Metal1,344.7225,202.0035,0.000238
_10833_,VSS,Metal1,358.0465,202.0915,0.000241
_10832_,VSS,Metal1,325.3830,212.1850,0.000208
_10831_,VSS,Metal1,314.9265,211.1880,0.000215
_10830_,VSS,Metal1,321.6400,202.1300,0.000237
_10829_,VSS,Metal1,298.3400,190.9150,0.000391
_10828_,VSS,Metal1,320.1865,212.2965,0.000212
_10827_,VSS,Metal1,316.2600,192.1250,0.000369
_10826_,VSS,Metal1,315.6025,212.0835,0.000215
_10825_,VSS,Metal1,309.8865,202.0915,0.000256
_10824_,VSS,Metal1,317.2825,553.9960,0.000535
_10823_,VSS,Metal1,331.9800,543.8225,0.000297
_10822_,VSS,Metal1,346.5625,383.6280,0.000430
_10821_,VSS,Metal1,329.7065,544.9365,0.000297
_10820_,VSS,Metal1,327.6135,100.2530,0.000153
_10819_,VSS,Metal1,336.4200,101.4050,0.000149
_10818_,VSS,Metal1,334.6425,91.1235,0.000211
_10817_,VSS,Metal1,335.6465,81.1315,0.000289
_10816_,VSS,Metal1,324.8230,50.9050,0.000152
_10815_,VSS,Metal1,307.6465,49.9080,0.000169
_10814_,VSS,Metal1,317.7200,50.9300,0.000163
_10813_,VSS,Metal1,312.1265,40.8115,0.000172
_10812_,VSS,Metal1,328.0200,40.9250,0.000167
_10811_,VSS,Metal1,305.5225,40.7235,0.000173
_10810_,VSS,Metal1,310.4465,50.8915,0.000169
_10809_,VSS,Metal1,337.4425,544.7235,0.000292
_10808_,VSS,Metal1,343.1800,423.8575,0.000472
_10807_,VSS,Metal1,342.4825,433.8435,0.000341
_10806_,VSS,Metal1,336.7600,422.8300,0.000421
_10805_,VSS,Metal1,335.0600,140.5935,0.000182
_10804_,VSS,Metal1,326.3200,121.4860,0.000153
_10803_,VSS,Metal1,306.5000,121.3400,0.000163
_10802_,VSS,Metal1,318.2600,120.4335,0.000158
_10801_,VSS,Metal1,309.5465,130.4230,0.000215
_10800_,VSS,Metal1,319.6200,91.3250,0.000254
_10799_,VSS,Metal1,317.7200,101.3300,0.000162
_10798_,VSS,Metal1,315.7000,80.0350,0.000292
_10797_,VSS,Metal1,306.0825,91.1235,0.000261
_10796_,VSS,Metal1,334.4400,272.7700,0.000253
_10795_,VSS,Metal1,296.2930,252.5340,0.000418
_10794_,VSS,Metal1,345.7630,121.4980,0.000175
_10793_,VSS,Metal1,345.7265,131.5315,0.000194
_10792_,VSS,Metal1,357.0425,282.6435,0.000384
_10791_,VSS,Metal1,326.8730,251.3165,0.000404
_10790_,VSS,Metal1,344.0400,262.5400,0.000237
_10789_,VSS,Metal1,337.3100,252.4035,0.000406
_10788_,VSS,Metal1,310.8135,212.2265,0.000216
_10787_,VSS,Metal1,329.4600,192.0460,0.000339
_10786_,VSS,Metal1,338.4200,251.5505,0.000406
_10785_,VSS,Metal1,356.5700,321.9250,0.000274
_10784_,VSS,Metal1,302.6000,261.6200,0.000239
_10783_,VSS,Metal1,817.8000,271.7000,0.000204
_10782_,VSS,Metal1,265.2900,262.7150,0.000243
_10781_,VSS,Metal1,333.6265,434.0565,0.000341
_10780_,VSS,Metal1,323.4425,614.4760,0.000465
_10779_,VSS,Metal1,310.1065,563.9015,0.000517
_10778_,VSS,Metal1,304.8400,605.2600,0.000193
_10777_,VSS,Metal1,291.9400,605.1800,0.000193
_10776_,VSS,Metal1,329.4865,655.6915,0.000543
_10775_,VSS,Metal1,333.9665,665.7715,0.000216
_10774_,VSS,Metal1,303.9400,655.8050,0.000619
_10773_,VSS,Metal1,300.4825,664.8760,0.000215
_10772_,VSS,Metal1,36.0465,916.7880,0.000033
_10771_,VSS,Metal1,36.0465,1068.9715,0.000033
_10770_,VSS,Metal1,70.7665,1079.0515,0.000255
_10769_,VSS,Metal1,31.5665,1038.7315,0.000033
_10768_,VSS,Metal1,33.8065,958.0915,0.000268
_10767_,VSS,Metal1,33.2465,1028.6515,0.000033
_10766_,VSS,Metal1,36.0465,967.1880,0.000088
_10765_,VSS,Metal1,31.5665,1018.5715,0.000066
_10764_,VSS,Metal1,31.5665,998.4115,0.000066
_10763_,VSS,Metal1,22.0465,716.1715,0.000033
_10762_,VSS,Metal1,16.4465,816.9715,0.000033
_10761_,VSS,Metal1,20.3665,765.5880,0.000041
_10760_,VSS,Metal1,19.2465,846.2280,0.000079
_10759_,VSS,Metal1,31.5665,726.2515,0.000066
_10758_,VSS,Metal1,31.5665,857.2915,0.000066
_10757_,VSS,Metal1,34.9265,796.8115,0.000066
_10756_,VSS,Metal1,83.0865,645.6115,0.000192
_10755_,VSS,Metal1,80.8465,654.7080,0.000605
_10754_,VSS,Metal1,94.2865,684.9480,0.000565
_10753_,VSS,Metal1,88.1265,705.1080,0.000189
_10752_,VSS,Metal1,22.0465,877.4515,0.000033
_10751_,VSS,Metal1,91.4865,664.7880,0.000232
_10750_,VSS,Metal1,31.5665,897.6115,0.000033
_10749_,VSS,Metal1,31.5665,937.9315,0.000065
_10748_,VSS,Metal1,22.0465,897.6115,0.000033
_10747_,VSS,Metal1,15.8865,644.6280,0.000188
_10746_,VSS,Metal1,22.0465,706.0915,0.000142
_10745_,VSS,Metal1,40.5265,635.5315,0.000207
_10744_,VSS,Metal1,31.5665,675.8515,0.000256
_10743_,VSS,Metal1,39.9665,665.7715,0.000220
_10742_,VSS,Metal1,31.5665,696.0115,0.000399
_10741_,VSS,Metal1,55.6465,705.1080,0.000162
_10740_,VSS,Metal1,22.0465,917.7715,0.000033
_10739_,VSS,Metal1,21.4865,1078.0680,0.000254
_10738_,VSS,Metal1,70.7665,1089.1315,0.000471
_10737_,VSS,Metal1,22.0465,1038.7315,0.000033
_10736_,VSS,Metal1,31.5665,948.0115,0.000322
_10735_,VSS,Metal1,31.5665,1048.8115,0.000065
_10734_,VSS,Metal1,31.5665,968.1715,0.000088
_10733_,VSS,Metal1,33.8065,1027.6680,0.000033
_10732_,VSS,Metal1,22.0465,1008.4915,0.000033
_10731_,VSS,Metal1,31.5665,716.1715,0.000033
_10730_,VSS,Metal1,12.5265,815.9880,0.000033
_10729_,VSS,Metal1,32.6865,775.6680,0.000066
_10728_,VSS,Metal1,21.4865,847.2115,0.000079
_10727_,VSS,Metal1,21.4865,755.5080,0.000035
_10726_,VSS,Metal1,33.8065,866.3880,0.000066
_10725_,VSS,Metal1,31.5665,816.9715,0.000033
_10724_,VSS,Metal1,207.5225,514.4835,0.000180
_10723_,VSS,Metal1,210.9600,513.5535,0.000183
_10722_,VSS,Metal1,198.5625,464.0835,0.000304
_10721_,VSS,Metal1,209.3065,473.1430,0.000439
_10720_,VSS,Metal1,214.8025,513.6760,0.000193
_10719_,VSS,Metal1,236.1800,503.3950,0.000520
_10718_,VSS,Metal1,230.4825,504.4035,0.000504
_10717_,VSS,Metal1,222.7400,513.4750,0.000199
_10716_,VSS,Metal1,234.2600,483.3135,0.000403
_10715_,VSS,Metal1,236.6425,493.5160,0.000563
_10714_,VSS,Metal1,237.9000,473.2660,0.000446
_10713_,VSS,Metal1,188.5600,393.6460,0.000243
_10712_,VSS,Metal1,199.4130,382.5500,0.000248
_10711_,VSS,Metal1,197.5400,403.8050,0.000364
_10710_,VSS,Metal1,186.3465,422.7430,0.000496
_10709_,VSS,Metal1,190.5000,403.6510,0.000364
_10708_,VSS,Metal1,198.4200,412.8460,0.000448
_10707_,VSS,Metal1,191.4200,422.8660,0.000496
_10706_,VSS,Metal1,188.0000,432.9135,0.000275
_10705_,VSS,Metal1,176.5800,432.9135,0.000270
_10704_,VSS,Metal1,196.4200,432.8350,0.000304
_10703_,VSS,Metal1,199.6825,423.7635,0.000499
_10702_,VSS,Metal1,182.1000,392.6685,0.000219
_10701_,VSS,Metal1,192.4025,393.5235,0.000252
_10700_,VSS,Metal1,238.8825,463.2760,0.000362
_10699_,VSS,Metal1,230.4825,464.0835,0.000357
_10698_,VSS,Metal1,218.5800,454.0335,0.000353
_10697_,VSS,Metal1,213.2800,433.8900,0.000321
_10696_,VSS,Metal1,206.5000,434.0450,0.000314
_10695_,VSS,Metal1,209.6400,442.9900,0.000217
_10694_,VSS,Metal1,219.7265,443.0280,0.000229
_10693_,VSS,Metal1,220.2600,433.9660,0.000331
_10692_,VSS,Metal1,208.7465,432.8230,0.000314
_10691_,VSS,Metal1,206.5000,444.1250,0.000217
_10690_,VSS,Metal1,211.4425,413.6835,0.000496
_10689_,VSS,Metal1,197.3000,443.1400,0.000213
_10688_,VSS,Metal1,191.7100,443.1160,0.000213
_10687_,VSS,Metal1,193.6265,452.9830,0.000314
_10686_,VSS,Metal1,233.7265,363.3715,0.000537
_10685_,VSS,Metal1,228.5800,383.4910,0.000288
_10684_,VSS,Metal1,215.6230,373.4650,0.000281
_10683_,VSS,Metal1,208.1865,423.9765,0.000503
_10682_,VSS,Metal1,205.2825,453.1960,0.000323
_10681_,VSS,Metal1,229.2465,382.5480,0.000288
_10680_,VSS,Metal1,217.8425,382.3760,0.000277
_10679_,VSS,Metal1,207.9300,382.5580,0.000266
_10678_,VSS,Metal1,214.6700,383.4435,0.000277
_10677_,VSS,Metal1,218.0200,393.6460,0.000331
_10676_,VSS,Metal1,237.6465,392.6280,0.000371
_10675_,VSS,Metal1,236.4200,403.6510,0.000472
_10674_,VSS,Metal1,238.1800,402.6735,0.000472
_10673_,VSS,Metal1,226.9000,403.6510,0.000471
_10672_,VSS,Metal1,207.3800,412.8460,0.000484
_10671_,VSS,Metal1,179.0500,423.9060,0.000497
_10670_,VSS,Metal1,242.9065,403.8165,0.000474
_10669_,VSS,Metal1,257.2465,413.7715,0.000564
_10668_,VSS,Metal1,246.1050,413.8810,0.000538
_10667_,VSS,Metal1,239.5465,412.6630,0.000530
_10666_,VSS,Metal1,237.5400,413.7310,0.000526
_10665_,VSS,Metal1,233.7100,412.8760,0.000516
_10664_,VSS,Metal1,199.2265,434.0565,0.000304
_10663_,VSS,Metal1,198.5625,453.1960,0.000319
_10662_,VSS,Metal1,239.5465,422.7430,0.000515
_10661_,VSS,Metal1,245.1800,432.9425,0.000357
_10660_,VSS,Metal1,247.8425,433.8435,0.000363
_10659_,VSS,Metal1,239.5465,423.9765,0.000515
_10658_,VSS,Metal1,243.7900,433.8435,0.000357
_10657_,VSS,Metal1,236.0250,432.8385,0.000351
_10656_,VSS,Metal1,231.2000,433.8900,0.000348
_10655_,VSS,Metal1,219.8425,433.0360,0.000331
_10654_,VSS,Metal1,264.5265,443.0280,0.000277
_10653_,VSS,Metal1,250.9800,443.9710,0.000270
_10652_,VSS,Metal1,238.4000,433.9660,0.000351
_10651_,VSS,Metal1,239.8600,444.0460,0.000259
_10650_,VSS,Metal1,272.9265,423.8515,0.000502
_10649_,VSS,Metal1,212.9000,443.9710,0.000220
_10648_,VSS,Metal1,185.6825,443.9235,0.000205
_10647_,VSS,Metal1,194.7465,434.0565,0.000304
_10646_,VSS,Metal1,179.6265,432.8230,0.000266
_10645_,VSS,Metal1,247.1665,372.4680,0.000280
_10644_,VSS,Metal1,208.5850,372.3585,0.000281
_10643_,VSS,Metal1,200.1000,383.5660,0.000248
_10642_,VSS,Metal1,216.9265,372.4680,0.000281
_10641_,VSS,Metal1,205.7850,383.6410,0.000266
_10640_,VSS,Metal1,198.3400,392.6685,0.000273
_10639_,VSS,Metal1,199.1225,393.5235,0.000273
_10638_,VSS,Metal1,206.5000,402.5950,0.000405
_10637_,VSS,Metal1,228.6600,393.6460,0.000361
_10636_,VSS,Metal1,244.4825,402.7960,0.000474
_10635_,VSS,Metal1,214.5800,403.6510,0.000449
_10634_,VSS,Metal1,211.5465,393.7365,0.000320
_10633_,VSS,Metal1,212.1000,412.6750,0.000496
_10632_,VSS,Metal1,220.2600,403.6335,0.000471
_10631_,VSS,Metal1,217.4600,413.8060,0.000506
_10630_,VSS,Metal1,205.6200,403.6510,0.000405
_10629_,VSS,Metal1,257.2465,403.6915,0.000481
_10628_,VSS,Metal1,222.8825,412.6160,0.000506
_10627_,VSS,Metal1,227.5400,423.8860,0.000512
_10626_,VSS,Metal1,253.8865,432.9480,0.000372
_10625_,VSS,Metal1,233.2250,423.9610,0.000514
_10624_,VSS,Metal1,225.7800,432.9885,0.000337
_10623_,VSS,Metal1,215.9225,433.0360,0.000324
_10622_,VSS,Metal1,255.5665,453.1080,0.000433
_10621_,VSS,Metal1,233.2250,442.9185,0.000251
_10620_,VSS,Metal1,224.8825,433.8435,0.000337
_10619_,VSS,Metal1,272.9265,443.0280,0.000281
_10618_,VSS,Metal1,658.7665,403.6915,0.000316
_10617_,VSS,Metal1,799.3265,352.3080,0.000367
_10616_,VSS,Metal1,808.2600,353.3260,0.000373
_10615_,VSS,Metal1,798.2065,362.3880,0.000384
_10614_,VSS,Metal1,808.8200,362.3535,0.000405
_10613_,VSS,Metal1,807.7265,352.3080,0.000373
_10612_,VSS,Metal1,821.1400,352.2735,0.000388
_10611_,VSS,Metal1,812.3225,362.4760,0.000412
_10610_,VSS,Metal1,499.2825,423.7635,0.000280
_10609_,VSS,Metal1,491.3100,423.7635,0.000280
_10608_,VSS,Metal1,179.5850,463.0365,0.000283
_10607_,VSS,Metal1,290.8400,463.2200,0.000407
_10606_,VSS,Metal1,290.8300,464.0835,0.000407
_10605_,VSS,Metal1,268.4400,392.5900,0.000407
_10604_,VSS,Metal1,226.6600,333.2450,0.000500
_10603_,VSS,Metal1,220.8200,332.1135,0.000502
_10602_,VSS,Metal1,270.3465,353.4165,0.000535
_10601_,VSS,Metal1,102.3465,292.9365,0.000522
_10600_,VSS,Metal1,97.8600,291.7150,0.000523
_10599_,VSS,Metal1,211.5465,301.7230,0.000458
_10598_,VSS,Metal1,215.4600,292.9250,0.000424
_10597_,VSS,Metal1,213.2600,322.0660,0.000355
_10596_,VSS,Metal1,215.1400,312.0285,0.000659
_10595_,VSS,Metal1,226.1065,303.0765,0.000456
_10594_,VSS,Metal1,231.1465,311.8630,0.000647
_10593_,VSS,Metal1,226.9800,311.9535,0.000647
_10592_,VSS,Metal1,224.6675,322.1560,0.000333
_10591_,VSS,Metal1,88.1000,231.4060,0.000502
_10590_,VSS,Metal1,109.6000,221.2335,0.000338
_10589_,VSS,Metal1,110.7800,110.3860,0.000250
_10588_,VSS,Metal1,100.0025,110.4760,0.000244
_10587_,VSS,Metal1,116.9065,110.2630,0.000250
_10586_,VSS,Metal1,108.5400,91.2135,0.000347
_10585_,VSS,Metal1,117.7800,100.2735,0.000521
_10584_,VSS,Metal1,109.1000,90.2260,0.000347
_10583_,VSS,Metal1,109.9400,81.1660,0.000247
_10582_,VSS,Metal1,111.8665,69.8830,0.000293
_10581_,VSS,Metal1,112.9800,51.0050,0.000193
_10580_,VSS,Metal1,105.1800,70.0660,0.000292
_10579_,VSS,Metal1,109.8600,71.0110,0.000293
_10578_,VSS,Metal1,100.4200,70.0335,0.000291
_10577_,VSS,Metal1,101.4675,70.9635,0.000291
_10576_,VSS,Metal1,178.0500,504.5400,0.000407
_10575_,VSS,Metal1,167.6400,513.5500,0.000187
_10574_,VSS,Metal1,191.6275,504.4035,0.000432
_10573_,VSS,Metal1,252.4600,483.3425,0.000403
_10572_,VSS,Metal1,263.0665,473.1430,0.000453
_10571_,VSS,Metal1,264.1865,373.5765,0.000260
_10570_,VSS,Metal1,190.2400,605.3260,0.000135
_10569_,VSS,Metal1,191.2825,604.3960,0.000135
_10568_,VSS,Metal1,192.6425,615.5435,0.000312
_10567_,VSS,Metal1,198.5050,634.4385,0.000283
_10566_,VSS,Metal1,207.3800,634.5135,0.000285
_10565_,VSS,Metal1,197.3000,604.2735,0.000138
_10564_,VSS,Metal1,168.0135,140.5730,0.000193
_10563_,VSS,Metal1,161.1465,140.5030,0.000195
_10562_,VSS,Metal1,150.3230,121.4980,0.000154
_10561_,VSS,Metal1,147.7065,120.3430,0.000154
_10560_,VSS,Metal1,155.1335,514.6265,0.000191
_10559_,VSS,Metal1,113.1055,150.5595,0.000236
_10558_,VSS,Metal1,116.6865,130.5480,0.000252
_10557_,VSS,Metal1,118.9630,80.1015,0.000244
_10556_,VSS,Metal1,170.4400,80.1100,0.000186
_10555_,VSS,Metal1,117.1475,70.9635,0.000291
_10554_,VSS,Metal1,148.0400,514.6100,0.000193
_10553_,VSS,Metal1,188.9630,523.6215,0.000219
_10552_,VSS,Metal1,219.8425,383.4435,0.000277
_10551_,VSS,Metal1,230.9265,373.4515,0.000281
_10550_,VSS,Metal1,197.3265,614.3880,0.000313
_10549_,VSS,Metal1,196.1000,605.2510,0.000138
_10548_,VSS,Metal1,199.6825,624.5560,0.000163
_10547_,VSS,Metal1,202.3300,615.3615,0.000318
_10546_,VSS,Metal1,205.2825,614.4760,0.000358
_10545_,VSS,Metal1,200.5800,625.4110,0.000163
_10544_,VSS,Metal1,194.4200,635.4910,0.000277
_10543_,VSS,Metal1,188.4825,635.4435,0.000251
_10542_,VSS,Metal1,179.0600,634.4350,0.000224
_10541_,VSS,Metal1,180.1800,615.4850,0.000301
_10540_,VSS,Metal1,145.0535,513.5330,0.000193
_10539_,VSS,Metal1,93.5055,141.7600,0.000202
_10538_,VSS,Metal1,80.2600,131.5660,0.000244
_10537_,VSS,Metal1,83.0600,100.2735,0.000518
_10536_,VSS,Metal1,114.1400,81.1375,0.000247
_10535_,VSS,Metal1,172.1200,81.1700,0.000186
_10534_,VSS,Metal1,251.7625,100.3960,0.000198
_10533_,VSS,Metal1,74.2425,131.4435,0.000239
_10532_,VSS,Metal1,139.6400,514.6100,0.000195
_10531_,VSS,Metal1,179.4430,523.6215,0.000221
_10530_,VSS,Metal1,230.4825,392.7160,0.000362
_10529_,VSS,Metal1,247.1665,392.6280,0.000371
_10528_,VSS,Metal1,178.8465,605.2915,0.000129
_10527_,VSS,Metal1,178.3450,604.1985,0.000130
_10526_,VSS,Metal1,177.6200,614.4285,0.000304
_10525_,VSS,Metal1,171.6825,614.4760,0.000323
_10524_,VSS,Metal1,184.1065,614.2630,0.000305
_10523_,VSS,Metal1,173.1400,625.4110,0.000183
_10522_,VSS,Metal1,173.4665,624.3430,0.000183
_10521_,VSS,Metal1,147.7000,625.5650,0.000270
_10520_,VSS,Metal1,146.3400,635.4735,0.000241
_10519_,VSS,Metal1,141.8600,635.5660,0.000241
_10518_,VSS,Metal1,172.0200,634.5885,0.000228
_10517_,VSS,Metal1,166.0825,614.4760,0.000343
_10516_,VSS,Metal1,192.8665,514.8685,0.000175
_10515_,VSS,Metal1,101.9335,201.0530,0.000479
_10514_,VSS,Metal1,101.7865,190.9030,0.000356
_10513_,VSS,Metal1,85.3630,111.4180,0.000235
_10512_,VSS,Metal1,73.7865,111.4965,0.000231
_10511_,VSS,Metal1,68.7465,101.4165,0.000514
_10510_,VSS,Metal1,120.8600,81.1375,0.000244
_10509_,VSS,Metal1,139.6400,81.1700,0.000216
_10508_,VSS,Metal1,180.3730,91.2100,0.000320
_10507_,VSS,Metal1,154.4825,513.4915,0.000191
_10506_,VSS,Metal1,165.8675,504.4035,0.000443
_10505_,VSS,Metal1,259.1800,483.3425,0.000402
_10504_,VSS,Metal1,266.9865,474.3765,0.000453
_10503_,VSS,Metal1,266.4265,464.2965,0.000402
_10502_,VSS,Metal1,159.7800,605.1800,0.000165
_10501_,VSS,Metal1,166.0825,605.2035,0.000155
_10500_,VSS,Metal1,156.3475,615.2835,0.000368
_10499_,VSS,Metal1,157.2200,614.2750,0.000368
_10498_,VSS,Metal1,161.0425,624.5560,0.000219
_10497_,VSS,Metal1,155.8600,634.5135,0.000234
_10496_,VSS,Metal1,157.5400,624.5260,0.000232
_10495_,VSS,Metal1,143.1280,634.4280,0.000241
_10494_,VSS,Metal1,136.9625,644.7160,0.000160
_10493_,VSS,Metal1,138.5000,614.3535,0.000377
_10492_,VSS,Metal1,172.5565,494.5680,0.000377
_10491_,VSS,Metal1,76.0000,150.5845,0.000241
_10490_,VSS,Metal1,96.1865,130.4230,0.000248
_10489_,VSS,Metal1,82.0030,120.4215,0.000140
_10488_,VSS,Metal1,78.2665,111.4965,0.000234
_10487_,VSS,Metal1,69.8665,110.2630,0.000230
_10486_,VSS,Metal1,119.1800,90.2225,0.000361
_10485_,VSS,Metal1,148.0400,80.1100,0.000209
_10484_,VSS,Metal1,166.7465,81.2565,0.000187
_10483_,VSS,Metal1,186.0200,80.1885,0.000196
_10482_,VSS,Metal1,148.6800,493.4905,0.000382
_10481_,VSS,Metal1,245.1800,483.3425,0.000403
_10480_,VSS,Metal1,265.8665,483.2230,0.000400
_10479_,VSS,Metal1,249.0665,473.1430,0.000447
_10478_,VSS,Metal1,160.0000,604.2735,0.000165
_10477_,VSS,Metal1,153.2025,604.3960,0.000179
_10476_,VSS,Metal1,147.2825,614.2160,0.000376
_10475_,VSS,Metal1,141.5465,605.4165,0.000209
_10474_,VSS,Metal1,144.8025,604.3960,0.000196
_10473_,VSS,Metal1,136.7400,625.4110,0.000294
_10472_,VSS,Metal1,130.0275,625.3635,0.000307
_10471_,VSS,Metal1,133.5450,635.6410,0.000243
_10470_,VSS,Metal1,135.2825,634.6360,0.000243
_10469_,VSS,Metal1,141.5200,615.4060,0.000377
_10468_,VSS,Metal1,139.4100,474.3000,0.000448
_10467_,VSS,Metal1,152.5200,473.2300,0.000418
_10466_,VSS,Metal1,157.2000,474.2860,0.000417
_10465_,VSS,Metal1,256.9400,474.2575,0.000449
_10464_,VSS,Metal1,270.9065,464.2965,0.000406
_10463_,VSS,Metal1,265.3065,463.0630,0.000402
_10462_,VSS,Metal1,149.0600,605.2510,0.000187
_10461_,VSS,Metal1,149.3600,615.4060,0.000376
_10460_,VSS,Metal1,137.4650,624.3585,0.000294
_10459_,VSS,Metal1,131.3625,624.5560,0.000307
_10458_,VSS,Metal1,78.4135,141.6665,0.000197
_10457_,VSS,Metal1,100.6665,130.4230,0.000248
_10456_,VSS,Metal1,89.2830,120.4215,0.000140
_10455_,VSS,Metal1,82.1865,110.2630,0.000235
_10454_,VSS,Metal1,78.8265,91.3365,0.000276
_10453_,VSS,Metal1,123.6000,101.3260,0.000516
_10452_,VSS,Metal1,168.9600,90.1935,0.000330
_10451_,VSS,Metal1,198.1400,90.2225,0.000318
_10450_,VSS,Metal1,197.5465,81.2565,0.000205
_10449_,VSS,Metal1,116.8025,101.2035,0.000521
_10448_,VSS,Metal1,167.4535,524.7065,0.000309
_10447_,VSS,Metal1,159.2400,523.6300,0.000329
_10446_,VSS,Metal1,175.5230,533.7015,0.000502
_10445_,VSS,Metal1,167.3000,543.7150,0.000378
_10444_,VSS,Metal1,172.2425,605.2035,0.000139
_10443_,VSS,Metal1,287.3530,453.2365,0.000454
_10442_,VSS,Metal1,93.5055,212.3200,0.000288
_10441_,VSS,Metal1,90.0600,110.3860,0.000236
_10440_,VSS,Metal1,88.3465,100.1830,0.000522
_10439_,VSS,Metal1,134.0400,101.3300,0.000309
_10438_,VSS,Metal1,128.1065,101.4165,0.000322
_10437_,VSS,Metal1,76.4825,120.5560,0.000138
_10436_,VSS,Metal1,179.1000,483.3550,0.000376
_10435_,VSS,Metal1,175.0425,473.3560,0.000409
_10434_,VSS,Metal1,135.3530,383.7230,0.000213
_10433_,VSS,Metal1,171.8365,483.3800,0.000394
_10432_,VSS,Metal1,187.7800,504.5260,0.000420
_10431_,VSS,Metal1,186.8025,524.5635,0.000219
_10430_,VSS,Metal1,665.2500,413.8200,0.000381
_10429_,VSS,Metal1,676.3400,423.9650,0.000310
_10428_,VSS,Metal1,662.8800,412.7535,0.000381
_10427_,VSS,Metal1,664.4825,403.6035,0.000357
_10426_,VSS,Metal1,667.7630,402.6615,0.000363
_10425_,VSS,Metal1,656.5000,412.7535,0.000378
_10424_,VSS,Metal1,666.0830,202.1380,0.000154
_10423_,VSS,Metal1,658.1800,212.2060,0.000226
_10422_,VSS,Metal1,658.5830,221.2550,0.000412
_10421_,VSS,Metal1,668.5065,231.2230,0.000134
_10420_,VSS,Metal1,668.2600,232.3660,0.000134
_10419_,VSS,Metal1,669.2230,241.4150,0.000144
_10418_,VSS,Metal1,910.5280,242.4270,0.000082
_10417_,VSS,Metal1,904.0400,252.5300,0.000369
_10416_,VSS,Metal1,912.2630,261.5750,0.000658
_10415_,VSS,Metal1,912.1065,251.3830,0.000368
_10414_,VSS,Metal1,1005.0600,251.3950,0.000473
_10413_,VSS,Metal1,1019.0400,251.4735,0.000658
_10412_,VSS,Metal1,1016.6430,271.6215,0.000176
_10411_,VSS,Metal1,1029.4600,262.6060,0.000692
_10410_,VSS,Metal1,1028.4825,251.5960,0.000659
_10409_,VSS,Metal1,1010.1400,251.5025,0.000634
_10408_,VSS,Metal1,1011.0000,252.5300,0.000634
_10407_,VSS,Metal1,1015.1465,242.5365,0.000060
_10406_,VSS,Metal1,1003.9465,252.6165,0.000473
_10405_,VSS,Metal1,679.2500,382.5000,0.000217
_10404_,VSS,Metal1,679.7000,393.7250,0.000274
_10403_,VSS,Metal1,675.2000,363.4060,0.000375
_10402_,VSS,Metal1,681.2825,362.4760,0.000377
_10401_,VSS,Metal1,666.6430,353.3380,0.000444
_10400_,VSS,Metal1,668.8200,363.4060,0.000367
_10399_,VSS,Metal1,657.6830,192.0580,0.000159
_10398_,VSS,Metal1,666.5800,201.0735,0.000154
_10397_,VSS,Metal1,659.1430,201.0950,0.000151
_10396_,VSS,Metal1,672.4265,202.2165,0.000157
_10395_,VSS,Metal1,677.7800,201.0735,0.000168
_10394_,VSS,Metal1,696.1030,211.1750,0.000243
_10393_,VSS,Metal1,836.0480,211.1730,0.000284
_10392_,VSS,Metal1,840.2000,241.3900,0.000091
_10391_,VSS,Metal1,853.4630,242.4250,0.000089
_10390_,VSS,Metal1,846.5865,232.4565,0.000166
_10389_,VSS,Metal1,1000.5865,221.1430,0.000312
_10388_,VSS,Metal1,1006.0030,221.2215,0.000316
_10387_,VSS,Metal1,1012.1200,212.2100,0.000164
_10386_,VSS,Metal1,1020.7200,221.2335,0.000345
_10385_,VSS,Metal1,1017.8425,212.0835,0.000164
_10384_,VSS,Metal1,1012.1200,221.2300,0.000345
_10383_,VSS,Metal1,1003.8425,222.1635,0.000316
_10382_,VSS,Metal1,1011.5665,232.3315,0.000457
_10381_,VSS,Metal1,679.2500,343.2600,0.000318
_10380_,VSS,Metal1,670.1800,301.7950,0.000484
_10379_,VSS,Metal1,674.0800,353.3260,0.000450
_10378_,VSS,Metal1,663.9225,362.4760,0.000353
_10377_,VSS,Metal1,669.4430,362.3415,0.000367
_10376_,VSS,Metal1,677.7800,362.3535,0.000375
_10375_,VSS,Metal1,648.7230,160.7415,0.000107
_10374_,VSS,Metal1,651.4600,161.8060,0.000107
_10373_,VSS,Metal1,649.0630,171.8650,0.000127
_10372_,VSS,Metal1,669.0600,170.7550,0.000132
_10371_,VSS,Metal1,695.3600,170.8335,0.000137
_10370_,VSS,Metal1,818.5600,180.9135,0.000083
_10369_,VSS,Metal1,810.2365,170.9000,0.000115
_10368_,VSS,Metal1,856.9075,171.7635,0.000126
_10367_,VSS,Metal1,668.9625,171.7635,0.000132
_10366_,VSS,Metal1,806.0465,171.8515,0.000115
_10365_,VSS,Metal1,862.3000,181.9375,0.000069
_10364_,VSS,Metal1,863.7200,211.1500,0.000263
_10363_,VSS,Metal1,865.6265,200.9830,0.000154
_10362_,VSS,Metal1,859.4665,180.8230,0.000069
_10361_,VSS,Metal1,858.3800,161.7775,0.000166
_10360_,VSS,Metal1,852.5200,160.7500,0.000163
_10359_,VSS,Metal1,865.6265,170.7430,0.000128
_10358_,VSS,Metal1,853.8665,161.8965,0.000163
_10357_,VSS,Metal1,680.8100,323.1950,0.000254
_10356_,VSS,Metal1,677.2400,322.0300,0.000251
_10355_,VSS,Metal1,676.9000,342.1150,0.000318
_10354_,VSS,Metal1,670.7465,342.1030,0.000307
_10353_,VSS,Metal1,670.5630,333.1780,0.000502
_10352_,VSS,Metal1,672.1800,343.2460,0.000308
_10351_,VSS,Metal1,593.5225,151.7880,0.000335
_10350_,VSS,Metal1,588.3225,150.7960,0.000332
_10349_,VSS,Metal1,585.5225,140.7160,0.000237
_10348_,VSS,Metal1,584.4025,131.4435,0.000176
_10347_,VSS,Metal1,592.3200,90.1935,0.000156
_10346_,VSS,Metal1,651.1200,61.0060,0.000312
_10345_,VSS,Metal1,664.4825,60.8835,0.000314
_10344_,VSS,Metal1,658.1800,50.9260,0.000049
_10343_,VSS,Metal1,688.8230,70.0550,0.000221
_10342_,VSS,Metal1,692.3600,59.9500,0.000327
_10341_,VSS,Metal1,688.1400,80.1425,0.000315
_10340_,VSS,Metal1,701.3630,100.2615,0.000128
_10339_,VSS,Metal1,696.8400,40.8500,0.000252
_10338_,VSS,Metal1,696.9625,60.8835,0.000329
_10337_,VSS,Metal1,708.0465,39.8280,0.000256
_10336_,VSS,Metal1,686.2000,50.9300,0.000046
_10335_,VSS,Metal1,698.6425,39.9160,0.000253
_10334_,VSS,Metal1,705.8065,60.9715,0.000332
_10333_,VSS,Metal1,694.8265,80.0230,0.000305
_10332_,VSS,Metal1,699.3065,80.0230,0.000304
_10331_,VSS,Metal1,642.8500,311.9400,0.000361
_10330_,VSS,Metal1,665.7000,303.0050,0.000480
_10329_,VSS,Metal1,662.3200,332.1135,0.000495
_10328_,VSS,Metal1,663.9225,322.1560,0.000219
_10327_,VSS,Metal1,667.7630,332.1015,0.000501
_10326_,VSS,Metal1,677.2200,333.1660,0.000507
_10325_,VSS,Metal1,650.4030,192.0580,0.000118
_10324_,VSS,Metal1,645.3000,192.0460,0.000118
_10323_,VSS,Metal1,643.4630,221.2550,0.000345
_10322_,VSS,Metal1,646.6665,222.3765,0.000347
_10321_,VSS,Metal1,643.0600,232.3660,0.000130
_10320_,VSS,Metal1,657.4630,232.3450,0.000133
_10319_,VSS,Metal1,899.8880,231.3330,0.000374
_10318_,VSS,Metal1,892.8400,232.3700,0.000374
_10317_,VSS,Metal1,885.2000,242.4460,0.000084
_10316_,VSS,Metal1,885.6825,251.5960,0.000377
_10315_,VSS,Metal1,930.0200,241.3150,0.000072
_10314_,VSS,Metal1,962.5400,242.4175,0.000058
_10313_,VSS,Metal1,960.0400,232.3700,0.000389
_10312_,VSS,Metal1,977.6265,251.3830,0.000378
_10311_,VSS,Metal1,970.3465,242.5365,0.000059
_10310_,VSS,Metal1,935.1000,241.4225,0.000069
_10309_,VSS,Metal1,934.2800,232.3700,0.000380
_10308_,VSS,Metal1,939.5465,242.5365,0.000067
_10307_,VSS,Metal1,935.0665,242.5365,0.000069
_10306_,VSS,Metal1,648.4500,313.0200,0.000365
_10305_,VSS,Metal1,650.5800,303.0050,0.000468
_10304_,VSS,Metal1,658.9600,323.0860,0.000209
_10303_,VSS,Metal1,658.8825,322.1560,0.000209
_10302_,VSS,Metal1,654.8830,332.1015,0.000494
_10301_,VSS,Metal1,659.8600,342.1935,0.000279
_10300_,VSS,Metal1,652.0830,190.9815,0.000118
_10299_,VSS,Metal1,653.1400,221.2335,0.000361
_10298_,VSS,Metal1,658.0230,211.1750,0.000226
_10297_,VSS,Metal1,685.8665,221.1430,0.000408
_10296_,VSS,Metal1,680.0200,212.2060,0.000243
_10295_,VSS,Metal1,693.8630,231.3350,0.000132
_10294_,VSS,Metal1,708.4230,241.4150,0.000138
_10293_,VSS,Metal1,696.8400,232.3700,0.000132
_10292_,VSS,Metal1,703.2000,241.3935,0.000140
_10291_,VSS,Metal1,706.4825,232.2435,0.000126
_10290_,VSS,Metal1,716.6600,231.2350,0.000122
_10289_,VSS,Metal1,715.5800,221.2625,0.000373
_10288_,VSS,Metal1,720.3600,190.9900,0.000199
_10287_,VSS,Metal1,699.3065,212.2965,0.000243
_10286_,VSS,Metal1,709.9465,231.2230,0.000124
_10285_,VSS,Metal1,754.7800,231.3425,0.000120
_10284_,VSS,Metal1,751.7200,232.3700,0.000120
_10283_,VSS,Metal1,749.7065,212.2965,0.000242
_10282_,VSS,Metal1,747.4665,231.2230,0.000121
_10281_,VSS,Metal1,626.6100,432.9000,0.000430
_10280_,VSS,Metal1,619.7800,432.8350,0.000431
_10279_,VSS,Metal1,670.7200,383.5660,0.000211
_10278_,VSS,Metal1,675.6825,373.3635,0.000279
_10277_,VSS,Metal1,671.1230,373.4980,0.000274
_10276_,VSS,Metal1,676.6600,383.5660,0.000217
_10275_,VSS,Metal1,623.2500,160.7400,0.000107
_10274_,VSS,Metal1,622.3400,161.8060,0.000107
_10273_,VSS,Metal1,627.2230,161.7850,0.000107
_10272_,VSS,Metal1,679.7065,140.5030,0.000235
_10271_,VSS,Metal1,690.1000,131.5660,0.000171
_10270_,VSS,Metal1,696.8400,141.6500,0.000245
_10269_,VSS,Metal1,700.9800,150.5950,0.000381
_10268_,VSS,Metal1,716.4400,160.7500,0.000124
_10267_,VSS,Metal1,708.4230,170.8550,0.000132
_10266_,VSS,Metal1,725.0665,171.9765,0.000132
_10265_,VSS,Metal1,708.5700,140.6380,0.000254
_10264_,VSS,Metal1,754.5630,141.6580,0.000250
_10263_,VSS,Metal1,755.6400,140.5900,0.000250
_10262_,VSS,Metal1,749.0425,130.6360,0.000175
_10261_,VSS,Metal1,766.8465,141.6115,0.000246
_10260_,VSS,Metal1,757.3200,161.8100,0.000125
_10259_,VSS,Metal1,757.4425,130.6360,0.000171
_10258_,VSS,Metal1,765.7265,161.7715,0.000125
_10257_,VSS,Metal1,561.6500,311.9400,0.000518
_10256_,VSS,Metal1,561.5400,303.0050,0.000461
_10255_,VSS,Metal1,545.2800,322.0335,0.000219
_10254_,VSS,Metal1,538.4825,332.2360,0.000368
_10253_,VSS,Metal1,533.9230,332.1015,0.000363
_10252_,VSS,Metal1,540.5800,323.0860,0.000219
_10251_,VSS,Metal1,597.2030,161.8180,0.000112
_10250_,VSS,Metal1,607.7800,170.8335,0.000139
_10249_,VSS,Metal1,599.7830,180.9350,0.000175
_10248_,VSS,Metal1,610.4230,181.9450,0.000174
_10247_,VSS,Metal1,617.5465,182.0565,0.000174
_10246_,VSS,Metal1,608.0200,190.9150,0.000134
_10245_,VSS,Metal1,773.7600,221.2335,0.000301
_10244_,VSS,Metal1,774.3800,232.3375,0.000118
_10243_,VSS,Metal1,773.0000,241.3900,0.000108
_10242_,VSS,Metal1,783.3065,251.3830,0.000412
_10241_,VSS,Metal1,768.7465,242.5365,0.000109
_10240_,VSS,Metal1,787.6030,211.1415,0.000225
_10239_,VSS,Metal1,776.3600,212.2100,0.000225
_10238_,VSS,Metal1,788.2425,221.3560,0.000293
_10237_,VSS,Metal1,797.6465,232.3315,0.000114
_10236_,VSS,Metal1,794.8400,211.1500,0.000225
_10235_,VSS,Metal1,768.6425,212.0835,0.000230
_10234_,VSS,Metal1,806.0465,212.1715,0.000265
_10233_,VSS,Metal1,622.6900,313.0200,0.000387
_10232_,VSS,Metal1,627.0600,303.0050,0.000465
_10231_,VSS,Metal1,631.5200,382.5135,0.000213
_10230_,VSS,Metal1,633.6825,383.4435,0.000211
_10229_,VSS,Metal1,638.0830,392.5815,0.000247
_10228_,VSS,Metal1,638.5800,412.7535,0.000366
_10227_,VSS,Metal1,626.8830,201.0615,0.000159
_10226_,VSS,Metal1,194.7050,200.9565,0.000347
_10225_,VSS,Metal1,178.5065,200.9830,0.000348
_10224_,VSS,Metal1,621.7800,192.0460,0.000130
_10223_,VSS,Metal1,626.6630,202.1050,0.000159
_10222_,VSS,Metal1,622.1830,211.1750,0.000234
_10221_,VSS,Metal1,623.1465,212.2965,0.000234
_10220_,VSS,Metal1,618.1000,212.2850,0.000236
_10219_,VSS,Metal1,619.7600,222.2860,0.000380
_10218_,VSS,Metal1,621.4400,242.4460,0.000152
_10217_,VSS,Metal1,621.2830,251.4615,0.000387
_10216_,VSS,Metal1,627.9400,251.4735,0.000384
_10215_,VSS,Metal1,625.2825,252.4035,0.000384
_10214_,VSS,Metal1,592.7230,232.3780,0.000180
_10213_,VSS,Metal1,598.8400,231.3100,0.000178
_10212_,VSS,Metal1,599.0400,242.4460,0.000178
_10211_,VSS,Metal1,592.2425,261.6760,0.000276
_10210_,VSS,Metal1,570.8400,232.3700,0.000185
_10209_,VSS,Metal1,592.2425,221.3560,0.000433
_10208_,VSS,Metal1,578.1265,241.4280,0.000189
_10207_,VSS,Metal1,227.5600,141.5800,0.000197
_10206_,VSS,Metal1,170.5625,110.4760,0.000177
_10205_,VSS,Metal1,167.8330,91.4030,0.000330
_10204_,VSS,Metal1,221.1000,150.7150,0.000212
_10203_,VSS,Metal1,413.8535,313.0265,0.000590
_10202_,VSS,Metal1,422.4400,313.0100,0.000590
_10201_,VSS,Metal1,611.3800,323.1650,0.000219
_10200_,VSS,Metal1,629.3065,332.0230,0.000396
_10199_,VSS,Metal1,615.6830,332.1015,0.000409
_10198_,VSS,Metal1,629.0600,322.0335,0.000212
_10197_,VSS,Metal1,217.8535,212.2265,0.000250
_10196_,VSS,Metal1,210.9700,221.2175,0.000314
_10195_,VSS,Metal1,132.0265,200.9830,0.000429
_10194_,VSS,Metal1,211.6000,212.1300,0.000250
_10193_,VSS,Metal1,259.1200,212.2060,0.000238
_10192_,VSS,Metal1,278.1600,221.2335,0.000288
_10191_,VSS,Metal1,266.1800,232.3660,0.000392
_10190_,VSS,Metal1,507.3280,232.3470,0.000231
_10189_,VSS,Metal1,505.8800,231.3100,0.000231
_10188_,VSS,Metal1,539.1800,232.3375,0.000208
_10187_,VSS,Metal1,532.8030,252.5380,0.000420
_10186_,VSS,Metal1,260.1625,241.5160,0.000294
_10185_,VSS,Metal1,545.8665,232.4565,0.000200
_10184_,VSS,Metal1,527.3865,252.6165,0.000423
_10183_,VSS,Metal1,504.2000,222.2900,0.000334
_10182_,VSS,Metal1,508.2425,221.3560,0.000345
_10181_,VSS,Metal1,507.5665,212.1715,0.000297
_10180_,VSS,Metal1,496.9200,231.3100,0.000237
_10179_,VSS,Metal1,513.8425,231.4360,0.000228
_10178_,VSS,Metal1,522.6865,232.3315,0.000221
_10177_,VSS,Metal1,204.5075,212.0835,0.000250
_10176_,VSS,Metal1,404.3335,373.5065,0.000217
_10175_,VSS,Metal1,407.8800,372.4300,0.000217
_10174_,VSS,Metal1,608.0200,363.4850,0.000378
_10173_,VSS,Metal1,609.1465,353.4165,0.000358
_10172_,VSS,Metal1,591.6030,362.3415,0.000385
_10171_,VSS,Metal1,626.2600,372.4335,0.000275
_10170_,VSS,Metal1,217.8535,180.8930,0.000173
_10169_,VSS,Metal1,207.0500,180.8975,0.000177
_10168_,VSS,Metal1,180.7465,180.8230,0.000184
_10167_,VSS,Metal1,214.9600,170.9100,0.000447
_10166_,VSS,Metal1,233.3600,180.9135,0.000166
_10165_,VSS,Metal1,249.0400,161.8060,0.000259
_10164_,VSS,Metal1,254.9800,170.8335,0.000392
_10163_,VSS,Metal1,418.2880,170.8530,0.000238
_10162_,VSS,Metal1,427.4800,171.8900,0.000235
_10161_,VSS,Metal1,472.5400,170.8625,0.000153
_10160_,VSS,Metal1,481.2830,170.8215,0.000143
_10159_,VSS,Metal1,244.4825,181.0360,0.000166
_10158_,VSS,Metal1,491.5465,182.0565,0.000136
_10157_,VSS,Metal1,466.3465,171.9765,0.000158
_10156_,VSS,Metal1,414.6000,161.8100,0.000177
_10155_,VSS,Metal1,433.2025,171.7635,0.000235
_10154_,VSS,Metal1,425.8065,151.6915,0.000213
_10153_,VSS,Metal1,423.0000,180.9100,0.000144
_10152_,VSS,Metal1,434.8825,161.6835,0.000166
_10151_,VSS,Metal1,448.2065,161.7715,0.000149
_10150_,VSS,Metal1,207.8675,170.9560,0.000447
_10149_,VSS,Metal1,390.3335,333.1865,0.000395
_10148_,VSS,Metal1,383.2400,333.1700,0.000395
_10147_,VSS,Metal1,539.7000,343.3250,0.000233
_10146_,VSS,Metal1,544.1865,342.1030,0.000233
_10145_,VSS,Metal1,555.7630,343.2580,0.000234
_10144_,VSS,Metal1,530.5000,353.3260,0.000357
_10143_,VSS,Metal1,218.4135,160.7330,0.000296
_10142_,VSS,Metal1,211.5300,160.7375,0.000300
_10141_,VSS,Metal1,112.4265,161.8965,0.000445
_10140_,VSS,Metal1,212.7200,150.7500,0.000213
_10139_,VSS,Metal1,219.3600,91.2460,0.000311
_10138_,VSS,Metal1,226.9800,81.1660,0.000248
_10137_,VSS,Metal1,211.5465,40.9365,0.000169
_10136_,VSS,Metal1,256.5030,80.1350,0.000267
_10135_,VSS,Metal1,526.8825,80.0515,0.000282
_10134_,VSS,Metal1,511.4800,91.2500,0.000146
_10133_,VSS,Metal1,502.0825,81.0435,0.000276
_10132_,VSS,Metal1,519.8865,91.2115,0.000147
_10131_,VSS,Metal1,524.9000,61.0060,0.000320
_10130_,VSS,Metal1,527.9800,50.8975,0.000067
_10129_,VSS,Metal1,512.0400,59.9500,0.000274
_10128_,VSS,Metal1,535.2265,59.8630,0.000322
_10127_,VSS,Metal1,529.6265,69.9430,0.000163
_10126_,VSS,Metal1,529.1000,60.9775,0.000320
_10125_,VSS,Metal1,520.4830,49.8615,0.000067
_10124_,VSS,Metal1,543.6265,51.0165,0.000066
_10123_,VSS,Metal1,539.1465,51.0165,0.000066
_10122_,VSS,Metal1,205.6275,150.7960,0.000214
_10121_,VSS,Metal1,179.2135,333.1865,0.000516
_10120_,VSS,Metal1,194.5200,333.1700,0.000519
_10119_,VSS,Metal1,586.8935,343.2665,0.000238
_10118_,VSS,Metal1,583.9465,332.0230,0.000450
_10117_,VSS,Metal1,590.4830,313.0180,0.000517
_10116_,VSS,Metal1,599.3800,322.0335,0.000220
_10115_,VSS,Metal1,174.4030,161.8180,0.000312
_10114_,VSS,Metal1,168.7600,160.7500,0.000327
_10113_,VSS,Metal1,177.3865,90.1030,0.000324
_10112_,VSS,Metal1,245.1465,90.1030,0.000305
_10111_,VSS,Metal1,239.8600,80.1135,0.000264
_10110_,VSS,Metal1,258.1830,70.0550,0.000210
_10109_,VSS,Metal1,259.1465,61.0965,0.000234
_10108_,VSS,Metal1,259.4600,49.8735,0.000240
_10107_,VSS,Metal1,370.6425,59.8915,0.000200
_10106_,VSS,Metal1,382.3800,81.1375,0.000333
_10105_,VSS,Metal1,402.8830,100.2615,0.000139
_10104_,VSS,Metal1,376.7465,81.2565,0.000332
_10103_,VSS,Metal1,399.1465,91.3365,0.000208
_10102_,VSS,Metal1,374.5000,40.9250,0.000198
_10101_,VSS,Metal1,374.8400,50.9300,0.000142
_10100_,VSS,Metal1,363.2025,60.0760,0.000196
_10099_,VSS,Metal1,387.7265,49.9080,0.000124
_10098_,VSS,Metal1,367.2600,50.8975,0.000142
_10097_,VSS,Metal1,354.6800,49.8700,0.000145
_10096_,VSS,Metal1,394.1065,49.7830,0.000121
_10095_,VSS,Metal1,385.1465,59.8630,0.000209
_10094_,VSS,Metal1,166.4275,150.7960,0.000212
_10093_,VSS,Metal1,139.4535,311.9330,0.000659
_10092_,VSS,Metal1,155.3200,332.1100,0.000585
_10091_,VSS,Metal1,503.8600,321.9550,0.000207
_10090_,VSS,Metal1,508.9065,321.9430,0.000209
_10089_,VSS,Metal1,501.4430,323.0980,0.000207
_10088_,VSS,Metal1,508.6600,323.0860,0.000209
_10087_,VSS,Metal1,146.5800,180.8350,0.000219
_10086_,VSS,Metal1,133.6900,180.8975,0.000243
_10085_,VSS,Metal1,127.5465,180.8230,0.000244
_10084_,VSS,Metal1,141.0400,180.9900,0.000237
_10083_,VSS,Metal1,250.7200,181.9660,0.000164
_10082_,VSS,Metal1,274.5800,192.0460,0.000424
_10081_,VSS,Metal1,269.2265,190.9030,0.000431
_10080_,VSS,Metal1,266.0230,202.1050,0.000300
_10079_,VSS,Metal1,339.5600,201.0700,0.000235
_10078_,VSS,Metal1,346.8400,201.0700,0.000238
_10077_,VSS,Metal1,351.4425,191.9235,0.000329
_10076_,VSS,Metal1,355.2465,201.1080,0.000241
_10075_,VSS,Metal1,335.9000,202.0935,0.000232
_10074_,VSS,Metal1,329.0425,221.3560,0.000256
_10073_,VSS,Metal1,324.4830,221.2215,0.000257
_10072_,VSS,Metal1,329.3030,202.1050,0.000231
_10071_,VSS,Metal1,331.3865,212.2965,0.000207
_10070_,VSS,Metal1,322.1800,191.9000,0.000350
_10069_,VSS,Metal1,199.2265,80.0230,0.000205
_10068_,VSS,Metal1,316.7225,191.1160,0.000369
_10067_,VSS,Metal1,315.4865,201.1080,0.000250
_10066_,VSS,Metal1,146.2675,191.1160,0.000368
_10065_,VSS,Metal1,140.0135,393.6665,0.000224
_10064_,VSS,Metal1,149.7200,403.7300,0.000355
_10063_,VSS,Metal1,530.3335,393.6665,0.000400
_10062_,VSS,Metal1,527.9465,403.8165,0.000327
_10061_,VSS,Metal1,551.8430,402.6615,0.000324
_10060_,VSS,Metal1,533.8600,403.7260,0.000328
_10059_,VSS,Metal1,137.2135,160.7330,0.000417
_10058_,VSS,Metal1,134.8100,140.5775,0.000204
_10057_,VSS,Metal1,70.4265,151.8165,0.000241
_10056_,VSS,Metal1,140.4800,141.5700,0.000201
_10055_,VSS,Metal1,232.8000,61.0060,0.000248
_10054_,VSS,Metal1,247.3600,59.9535,0.000246
_10053_,VSS,Metal1,243.9225,50.8035,0.000268
_10052_,VSS,Metal1,246.5800,49.8735,0.000268
_10051_,VSS,Metal1,290.6630,60.9850,0.000221
_10050_,VSS,Metal1,340.3800,59.9825,0.000165
_10049_,VSS,Metal1,336.8030,71.0980,0.000133
_10048_,VSS,Metal1,353.2265,69.9430,0.000154
_10047_,VSS,Metal1,331.3865,71.1765,0.000133
_10046_,VSS,Metal1,286.3600,50.9300,0.000214
_10045_,VSS,Metal1,293.6400,50.9300,0.000204
_10044_,VSS,Metal1,308.0230,39.8150,0.000173
_10043_,VSS,Metal1,323.5465,39.7030,0.000170
_10042_,VSS,Metal1,285.2400,59.9500,0.000226
_10041_,VSS,Metal1,294.8825,40.7235,0.000180
_10040_,VSS,Metal1,295.3265,49.9080,0.000204
_10039_,VSS,Metal1,128.3475,140.7160,0.000205
_10038_,VSS,Metal1,190.9735,352.2530,0.000550
_10037_,VSS,Metal1,218.0400,333.1700,0.000502
_10036_,VSS,Metal1,485.3800,352.1950,0.000324
_10035_,VSS,Metal1,498.8265,352.1830,0.000332
_10034_,VSS,Metal1,665.0425,322.9635,0.000219
_10033_,VSS,Metal1,489.1230,343.2580,0.000222
_10032_,VSS,Metal1,490.1800,342.1935,0.000222
_10031_,VSS,Metal1,279.3065,403.8165,0.000480
_10030_,VSS,Metal1,293.3065,432.8230,0.000375
_10029_,VSS,Metal1,271.8000,483.3800,0.000399
_10028_,VSS,Metal1,272.0100,484.4750,0.000399
_10027_,VSS,Metal1,276.8400,483.3800,0.000399
_10026_,VSS,Metal1,186.9000,212.2850,0.000250
_10025_,VSS,Metal1,187.4500,192.0625,0.000394
_10024_,VSS,Metal1,83.3065,182.0565,0.000256
_10023_,VSS,Metal1,188.0800,181.8900,0.000181
_10022_,VSS,Metal1,239.5200,140.5935,0.000204
_10021_,VSS,Metal1,186.3465,91.3365,0.000320
_10020_,VSS,Metal1,249.0400,130.5135,0.000360
_10019_,VSS,Metal1,254.9800,120.4335,0.000184
_10018_,VSS,Metal1,268.2630,121.4650,0.000180
_10017_,VSS,Metal1,267.3200,120.4300,0.000180
_10016_,VSS,Metal1,335.0600,131.4200,0.000193
_10015_,VSS,Metal1,251.7625,121.3635,0.000186
_10014_,VSS,Metal1,267.3000,80.1905,0.000275
_10013_,VSS,Metal1,265.2900,91.3550,0.000277
_10012_,VSS,Metal1,264.0825,81.0435,0.000274
_10011_,VSS,Metal1,345.8425,141.5235,0.000202
_10010_,VSS,Metal1,353.5665,130.5480,0.000195
_10009_,VSS,Metal1,276.6210,80.1655,0.000276
_10008_,VSS,Metal1,252.3930,91.4030,0.000302
_10007_,VSS,Metal1,286.9200,111.4100,0.000152
_10006_,VSS,Metal1,307.4630,111.3850,0.000137
_10005_,VSS,Metal1,313.4665,111.4965,0.000134
_10004_,VSS,Metal1,285.2400,110.3500,0.000152
_10003_,VSS,Metal1,282.0025,121.3635,0.000173
_10002_,VSS,Metal1,286.3665,100.3080,0.000175
_10001_,VSS,Metal1,414.0200,91.1690,0.000195
_10000_,VSS,Metal1,255.4130,100.3100,0.000197
_09999_,VSS,Metal1,250.5200,101.2600,0.000198
_09998_,VSS,Metal1,641.5930,69.8765,0.000173
_09997_,VSS,Metal1,179.3075,191.1160,0.000357
_09996_,VSS,Metal1,59.4130,191.0300,0.000245
_09995_,VSS,Metal1,62.0100,222.3950,0.000312
_09994_,VSS,Metal1,46.1000,202.0335,0.000374
_09993_,VSS,Metal1,51.1500,211.2760,0.000284
_09992_,VSS,Metal1,59.5300,221.2780,0.000311
_09991_,VSS,Metal1,62.0265,212.2965,0.000285
_09990_,VSS,Metal1,161.4700,111.2835,0.000203
_09989_,VSS,Metal1,193.2530,91.2100,0.000320
_09988_,VSS,Metal1,267.8600,81.0735,0.000275
_09987_,VSS,Metal1,205.1600,81.1000,0.000225
_09986_,VSS,Metal1,205.8425,91.1235,0.000313
_09985_,VSS,Metal1,1017.3700,59.8450,0.000150
_09984_,VSS,Metal1,150.0000,301.9500,0.000565
_09983_,VSS,Metal1,154.7400,282.6735,0.000432
_09982_,VSS,Metal1,154.8825,271.7560,0.000391
_09981_,VSS,Metal1,147.1465,272.7765,0.000401
_09980_,VSS,Metal1,248.1030,493.4150,0.000574
_09979_,VSS,Metal1,904.0465,654.7080,0.000702
_09978_,VSS,Metal1,917.6025,665.6835,0.000243
_09977_,VSS,Metal1,911.5465,674.7430,0.000513
_09976_,VSS,Metal1,901.0930,674.8700,0.000488
_09975_,VSS,Metal1,911.5465,664.6630,0.000303
_09974_,VSS,Metal1,898.6665,675.9765,0.000488
_09973_,VSS,Metal1,881.3065,675.9765,0.000482
_09972_,VSS,Metal1,1078.1800,454.0335,0.000382
_09971_,VSS,Metal1,617.1730,442.9400,0.000309
_09970_,VSS,Metal1,71.8865,625.4515,0.000385
_09969_,VSS,Metal1,72.4465,634.5480,0.000240
_09968_,VSS,Metal1,78.6430,614.3415,0.000367
_09967_,VSS,Metal1,97.6830,605.3380,0.000240
_09966_,VSS,Metal1,72.2630,564.9850,0.000381
_09965_,VSS,Metal1,621.7075,422.9560,0.000313
_09964_,VSS,Metal1,616.8825,413.6835,0.000453
_09963_,VSS,Metal1,614.7965,412.8200,0.000454
_09962_,VSS,Metal1,619.0430,393.6580,0.000263
_09961_,VSS,Metal1,637.8630,402.6950,0.000279
_09960_,VSS,Metal1,643.2025,393.5235,0.000251
_09959_,VSS,Metal1,638.6430,393.6580,0.000246
_09958_,VSS,Metal1,650.4030,393.6580,0.000264
_09957_,VSS,Metal1,627.1165,392.6600,0.000256
_09956_,VSS,Metal1,609.3030,393.6250,0.000271
_09955_,VSS,Metal1,602.8825,392.7160,0.000274
_09954_,VSS,Metal1,605.6030,383.5780,0.000216
_09953_,VSS,Metal1,607.2830,382.5015,0.000216
_09952_,VSS,Metal1,610.7225,383.4435,0.000214
_09951_,VSS,Metal1,594.1300,524.7000,0.000316
_09950_,VSS,Metal1,129.3735,524.7065,0.000376
_09949_,VSS,Metal1,123.5225,524.5635,0.000387
_09948_,VSS,Metal1,112.9800,543.7150,0.000398
_09947_,VSS,Metal1,138.0030,543.7815,0.000396
_09946_,VSS,Metal1,55.7000,574.0660,0.000430
_09945_,VSS,Metal1,48.8275,654.7960,0.000509
_09944_,VSS,Metal1,43.8600,655.7260,0.000493
_09943_,VSS,Metal1,33.7800,746.4460,0.000066
_09942_,VSS,Metal1,591.7800,412.6750,0.000481
_09941_,VSS,Metal1,604.0775,402.7150,0.000306
_09940_,VSS,Metal1,604.4200,393.6460,0.000274
_09939_,VSS,Metal1,619.1225,392.7160,0.000263
_09938_,VSS,Metal1,614.5630,392.5815,0.000264
_09937_,VSS,Metal1,608.4030,392.5815,0.000271
_09936_,VSS,Metal1,651.6025,392.7160,0.000264
_09935_,VSS,Metal1,650.4030,383.5780,0.000200
_09934_,VSS,Metal1,661.6030,373.4980,0.000273
_09933_,VSS,Metal1,611.9965,402.7400,0.000298
_09932_,VSS,Metal1,602.8825,403.6035,0.000306
_09931_,VSS,Metal1,605.1225,373.3635,0.000278
_09930_,VSS,Metal1,618.6375,363.3650,0.000378
_09929_,VSS,Metal1,624.8765,342.2600,0.000234
_09928_,VSS,Metal1,640.3230,343.2580,0.000226
_09927_,VSS,Metal1,598.8830,372.4215,0.000278
_09926_,VSS,Metal1,626.5565,363.3400,0.000362
_09925_,VSS,Metal1,588.5735,413.8265,0.000481
_09924_,VSS,Metal1,590.4400,402.6700,0.000313
_09923_,VSS,Metal1,587.2025,393.5235,0.000341
_09922_,VSS,Metal1,595.9475,373.3635,0.000279
_09921_,VSS,Metal1,579.8000,372.4300,0.000287
_09920_,VSS,Metal1,574.7400,372.5260,0.000288
_09919_,VSS,Metal1,572.0030,363.4180,0.000386
_09918_,VSS,Metal1,601.9165,353.2600,0.000364
_09917_,VSS,Metal1,644.4765,363.3400,0.000340
_09916_,VSS,Metal1,578.2425,392.7160,0.000358
_09915_,VSS,Metal1,570.8400,333.1700,0.000439
_09914_,VSS,Metal1,579.2830,382.5015,0.000256
_09913_,VSS,Metal1,566.4825,322.9635,0.000219
_09912_,VSS,Metal1,564.1630,332.1015,0.000401
_09911_,VSS,Metal1,564.7230,333.1780,0.000401
_09910_,VSS,Metal1,597.6275,402.7960,0.000311
_09909_,VSS,Metal1,598.4025,393.5235,0.000291
_09908_,VSS,Metal1,596.3165,403.6600,0.000311
_09907_,VSS,Metal1,88.8900,463.0450,0.000288
_09906_,VSS,Metal1,65.7630,563.9415,0.000373
_09905_,VSS,Metal1,39.0600,615.4850,0.000345
_09904_,VSS,Metal1,37.3800,674.7550,0.000265
_09903_,VSS,Metal1,37.7000,684.9135,0.000488
_09902_,VSS,Metal1,28.7400,755.4735,0.000036
_09901_,VSS,Metal1,121.9965,564.9400,0.000394
_09900_,VSS,Metal1,56.1900,584.2360,0.000441
_09899_,VSS,Metal1,55.6200,574.9400,0.000430
_09898_,VSS,Metal1,113.0365,564.9400,0.000394
_09897_,VSS,Metal1,51.1400,584.1135,0.000432
_09896_,VSS,Metal1,49.7600,655.6500,0.000509
_09895_,VSS,Metal1,50.5800,664.7535,0.000231
_09894_,VSS,Metal1,38.2600,755.4735,0.000037
_09893_,VSS,Metal1,568.0200,412.8305,0.000524
_09892_,VSS,Metal1,559.6400,412.7500,0.000530
_09891_,VSS,Metal1,569.7630,403.7380,0.000318
_09890_,VSS,Metal1,573.2800,392.5935,0.000368
_09889_,VSS,Metal1,597.8425,362.4760,0.000382
_09888_,VSS,Metal1,633.0000,343.2500,0.000230
_09887_,VSS,Metal1,594.9630,353.3380,0.000367
_09886_,VSS,Metal1,622.4825,352.3960,0.000342
_09885_,VSS,Metal1,611.2030,343.2580,0.000238
_09884_,VSS,Metal1,626.8830,343.2580,0.000234
_09883_,VSS,Metal1,564.8775,372.4750,0.000288
_09882_,VSS,Metal1,568.3165,342.2600,0.000234
_09881_,VSS,Metal1,560.2000,362.3500,0.000387
_09880_,VSS,Metal1,465.0800,372.5305,0.000198
_09879_,VSS,Metal1,657.6200,352.3660,0.000400
_09878_,VSS,Metal1,664.9630,342.1815,0.000292
_09877_,VSS,Metal1,577.6825,393.5235,0.000358
_09876_,VSS,Metal1,1083.2200,422.9260,0.000420
_09875_,VSS,Metal1,565.6530,422.7800,0.000310
_09874_,VSS,Metal1,550.8775,403.6850,0.000324
_09873_,VSS,Metal1,328.4030,393.6580,0.000450
_09872_,VSS,Metal1,571.1000,393.6135,0.000368
_09871_,VSS,Metal1,603.5175,333.1250,0.000451
_09870_,VSS,Metal1,599.6765,332.1800,0.000454
_09869_,VSS,Metal1,663.8430,333.1780,0.000496
_09868_,VSS,Metal1,598.8830,342.1815,0.000238
_09867_,VSS,Metal1,649.3625,332.2360,0.000470
_09866_,VSS,Metal1,283.7865,403.8165,0.000480
_09865_,VSS,Metal1,279.0600,412.7535,0.000565
_09864_,VSS,Metal1,320.7200,383.5660,0.000399
_09863_,VSS,Metal1,316.1625,312.0760,0.000532
_09862_,VSS,Metal1,559.9165,403.6600,0.000321
_09861_,VSS,Metal1,484.0830,403.7380,0.000331
_09860_,VSS,Metal1,287.4600,403.6335,0.000479
_09859_,VSS,Metal1,276.8830,402.6615,0.000480
_09858_,VSS,Metal1,580.6800,333.0900,0.000447
_09857_,VSS,Metal1,570.8830,332.1015,0.000439
_09856_,VSS,Metal1,578.7230,332.1015,0.000447
_09855_,VSS,Metal1,625.7630,333.1780,0.000397
_09854_,VSS,Metal1,579.2830,323.0980,0.000220
_09853_,VSS,Metal1,68.5465,553.6110,0.000499
_09852_,VSS,Metal1,43.5400,634.4350,0.000207
_09851_,VSS,Metal1,41.3000,686.0450,0.000492
_09850_,VSS,Metal1,43.3000,684.9135,0.000492
_09849_,VSS,Metal1,33.7800,786.7660,0.000376
_09848_,VSS,Metal1,65.1400,533.8060,0.000535
_09847_,VSS,Metal1,68.7800,524.6575,0.000432
_09846_,VSS,Metal1,107.9965,523.7000,0.000442
_09845_,VSS,Metal1,56.4200,565.0850,0.000355
_09844_,VSS,Metal1,508.8800,393.7350,0.000413
_09843_,VSS,Metal1,505.2275,383.4435,0.000334
_09842_,VSS,Metal1,503.6400,403.7300,0.000326
_09841_,VSS,Metal1,305.6600,403.6935,0.000469
_09840_,VSS,Metal1,317.7200,322.1000,0.000290
_09839_,VSS,Metal1,291.5225,413.6835,0.000567
_09838_,VSS,Metal1,506.7165,402.7400,0.000326
_09837_,VSS,Metal1,314.0000,402.6735,0.000461
_09836_,VSS,Metal1,275.9465,413.8965,0.000565
_09835_,VSS,Metal1,266.4265,422.7430,0.000512
_09834_,VSS,Metal1,312.6600,322.0335,0.000293
_09833_,VSS,Metal1,309.4425,312.0760,0.000563
_09832_,VSS,Metal1,284.8900,301.7650,0.000375
_09831_,VSS,Metal1,512.7975,333.1250,0.000342
_09830_,VSS,Metal1,510.0765,332.1800,0.000342
_09829_,VSS,Metal1,657.6830,333.1780,0.000494
_09828_,VSS,Metal1,517.1230,323.0980,0.000214
_09827_,VSS,Metal1,503.7625,332.2360,0.000332
_09826_,VSS,Metal1,521.3830,393.6250,0.000408
_09825_,VSS,Metal1,522.5030,392.6150,0.000408
_09824_,VSS,Metal1,585.1600,392.6700,0.000343
_09823_,VSS,Metal1,598.8830,352.2615,0.000365
_09822_,VSS,Metal1,579.2830,383.5780,0.000256
_09821_,VSS,Metal1,582.1625,393.5235,0.000343
_09820_,VSS,Metal1,587.9165,383.5000,0.000247
_09819_,VSS,Metal1,51.7000,565.0060,0.000346
_09818_,VSS,Metal1,48.4825,564.0760,0.000328
_09817_,VSS,Metal1,41.7625,554.8035,0.000462
_09816_,VSS,Metal1,46.9000,665.8850,0.000231
_09815_,VSS,Metal1,43.8600,674.8335,0.000279
_09814_,VSS,Metal1,33.2200,755.4735,0.000036
_09813_,VSS,Metal1,59.4675,564.0760,0.000357
_09812_,VSS,Metal1,79.9965,564.0200,0.000389
_09811_,VSS,Metal1,68.7800,514.5775,0.000226
_09810_,VSS,Metal1,68.7465,555.0165,0.000499
_09809_,VSS,Metal1,521.0265,524.9485,0.000264
_09808_,VSS,Metal1,532.4000,392.5935,0.000400
_09807_,VSS,Metal1,525.9475,342.3160,0.000230
_09806_,VSS,Metal1,531.3565,352.3400,0.000357
_09805_,VSS,Metal1,519.9230,343.2580,0.000229
_09804_,VSS,Metal1,527.7630,343.2580,0.000230
_09803_,VSS,Metal1,558.7175,392.6350,0.000391
_09802_,VSS,Metal1,553.4800,383.5700,0.000305
_09801_,VSS,Metal1,562.0025,383.4435,0.000290
_09800_,VSS,Metal1,569.2825,382.6360,0.000274
_09799_,VSS,Metal1,545.2025,383.4435,0.000316
_09798_,VSS,Metal1,669.4430,382.5015,0.000211
_09797_,VSS,Metal1,552.4030,382.5015,0.000305
_09796_,VSS,Metal1,532.6675,383.4435,0.000331
_09795_,VSS,Metal1,532.9800,382.4350,0.000331
_09794_,VSS,Metal1,477.0880,403.7070,0.000333
_09793_,VSS,Metal1,474.1865,393.7965,0.000438
_09792_,VSS,Metal1,474.7200,412.7535,0.000594
_09791_,VSS,Metal1,280.8030,393.6580,0.000427
_09790_,VSS,Metal1,286.9000,413.8060,0.000567
_09789_,VSS,Metal1,489.0800,403.7300,0.000326
_09788_,VSS,Metal1,491.9230,412.7415,0.000545
_09787_,VSS,Metal1,469.1465,393.7365,0.000453
_09786_,VSS,Metal1,494.8800,392.5935,0.000414
_09785_,VSS,Metal1,523.2100,402.7180,0.000326
_09784_,VSS,Metal1,474.7465,392.5030,0.000438
_09783_,VSS,Metal1,58.7000,533.7550,0.000506
_09782_,VSS,Metal1,48.4825,533.8360,0.000506
_09781_,VSS,Metal1,42.3225,534.6435,0.000463
_09780_,VSS,Metal1,49.7000,674.7550,0.000279
_09779_,VSS,Metal1,37.7000,685.9660,0.000488
_09778_,VSS,Metal1,37.1400,776.6860,0.000066
_09777_,VSS,Metal1,71.5200,533.7135,0.000546
_09776_,VSS,Metal1,90.0765,584.1800,0.000478
_09775_,VSS,Metal1,1075.3800,412.8460,0.000483
_09774_,VSS,Metal1,534.9240,412.6110,0.000546
_09773_,VSS,Metal1,508.3175,412.7950,0.000545
_09772_,VSS,Metal1,310.4830,412.7415,0.000549
_09771_,VSS,Metal1,298.9400,412.7825,0.000561
_09770_,VSS,Metal1,289.8425,423.7635,0.000447
_09769_,VSS,Metal1,275.3865,393.7365,0.000420
_09768_,VSS,Metal1,464.0900,383.6750,0.000481
_09767_,VSS,Metal1,498.8765,412.8200,0.000545
_09766_,VSS,Metal1,482.5700,382.4050,0.000317
_09765_,VSS,Metal1,482.5700,402.5650,0.000331
_09764_,VSS,Metal1,501.0500,383.6750,0.000334
_09763_,VSS,Metal1,513.8425,412.8760,0.000545
_09762_,VSS,Metal1,470.2500,382.4050,0.000324
_09761_,VSS,Metal1,470.7225,402.7960,0.000345
_09760_,VSS,Metal1,306.1600,413.8060,0.000551
_09759_,VSS,Metal1,316.8200,412.6750,0.000541
_09758_,VSS,Metal1,293.7625,423.7635,0.000436
_09757_,VSS,Metal1,483.6730,393.8030,0.000414
_09756_,VSS,Metal1,526.4230,382.5350,0.000332
_09755_,VSS,Metal1,530.7465,373.5765,0.000282
_09754_,VSS,Metal1,520.4830,372.4215,0.000279
_09753_,VSS,Metal1,513.4800,363.3300,0.000394
_09752_,VSS,Metal1,500.8830,353.3380,0.000332
_09751_,VSS,Metal1,511.5230,342.1815,0.000227
_09750_,VSS,Metal1,523.5165,332.1800,0.000363
_09749_,VSS,Metal1,533.8600,363.4060,0.000391
_09748_,VSS,Metal1,491.5465,383.6565,0.000320
_09747_,VSS,Metal1,574.7400,402.7660,0.000316
_09746_,VSS,Metal1,583.9465,402.5830,0.000313
_09745_,VSS,Metal1,513.8425,372.5560,0.000258
_09744_,VSS,Metal1,521.1225,382.6360,0.000332
_09743_,VSS,Metal1,519.7030,373.4650,0.000279
_09742_,VSS,Metal1,510.6200,392.6225,0.000413
_09741_,VSS,Metal1,508.8025,383.4435,0.000334
_09740_,VSS,Metal1,540.0400,373.4900,0.000284
_09739_,VSS,Metal1,546.1800,372.5260,0.000285
_09738_,VSS,Metal1,582.6430,373.4980,0.000287
_09737_,VSS,Metal1,503.2775,373.4450,0.000251
_09736_,VSS,Metal1,491.5965,363.3400,0.000400
_09735_,VSS,Metal1,490.4100,373.5950,0.000197
_09734_,VSS,Metal1,492.6665,393.7365,0.000414
_09733_,VSS,Metal1,460.0825,393.5235,0.000573
_09732_,VSS,Metal1,474.7465,382.4230,0.000319
_09731_,VSS,Metal1,454.4825,383.4435,0.000481
_09730_,VSS,Metal1,505.3630,372.4215,0.000251
_09729_,VSS,Metal1,506.1065,392.5030,0.000413
_09728_,VSS,Metal1,468.8900,383.5215,0.000324
_09727_,VSS,Metal1,487.0665,382.4230,0.000316
_09726_,VSS,Metal1,464.5625,392.7160,0.000538
_09725_,VSS,Metal1,499.2030,372.4215,0.000249
_09724_,VSS,Metal1,494.8900,382.4050,0.000320
_09723_,VSS,Metal1,500.4900,392.4850,0.000413
_09722_,VSS,Metal1,469.4500,392.6380,0.000453
_09721_,VSS,Metal1,449.4425,403.6035,0.000476
_09720_,VSS,Metal1,454.9100,403.6035,0.000458
_09719_,VSS,Metal1,204.1625,564.8835,0.000416
_09718_,VSS,Metal1,197.3630,584.1015,0.000388
_09717_,VSS,Metal1,195.2025,564.0760,0.000390
_09716_,VSS,Metal1,133.3565,594.0715,0.000578
_09715_,VSS,Metal1,66.6080,594.2130,0.000536
_09714_,VSS,Metal1,56.9800,674.7550,0.000283
_09713_,VSS,Metal1,62.3400,674.8335,0.000295
_09712_,VSS,Metal1,59.2265,684.8230,0.000547
_09711_,VSS,Metal1,54.2400,684.9900,0.000541
_09710_,VSS,Metal1,62.0100,685.9825,0.000549
_09709_,VSS,Metal1,33.0275,877.5625,0.000033
_09708_,VSS,Metal1,37.3575,675.8450,0.000265
_09707_,VSS,Metal1,39.7200,664.8300,0.000220
_09706_,VSS,Metal1,48.8440,676.0285,0.000279
_09705_,VSS,Metal1,70.9575,675.8450,0.000318
_09704_,VSS,Metal1,68.0825,665.6835,0.000232
_09703_,VSS,Metal1,33.1475,886.6360,0.000066
_09702_,VSS,Metal1,34.3400,766.6060,0.000033
_09701_,VSS,Metal1,30.4300,917.6835,0.000033
_09700_,VSS,Metal1,36.5075,937.8435,0.000065
_09699_,VSS,Metal1,13.4275,1038.8425,0.000033
_09698_,VSS,Metal1,34.5700,987.2975,0.000033
_09697_,VSS,Metal1,29.5175,776.6450,0.000066
_09696_,VSS,Metal1,31.8800,756.4500,0.000036
_09695_,VSS,Metal1,37.7100,756.4035,0.000037
_09694_,VSS,Metal1,11.9400,968.2060,0.000088
_09693_,VSS,Metal1,13.2775,1078.0750,0.000254
_09692_,VSS,Metal1,29.5175,988.3250,0.000033
_09691_,VSS,Metal1,136.3600,595.1490,0.000578
_09690_,VSS,Metal1,141.3100,433.8435,0.000290
_09689_,VSS,Metal1,153.0600,392.6705,0.000224
_09688_,VSS,Metal1,127.5465,402.5830,0.000354
_09687_,VSS,Metal1,148.8365,704.9530,0.000161
_09686_,VSS,Metal1,127.8040,413.9485,0.000430
_09685_,VSS,Metal1,137.5225,412.8760,0.000418
_09684_,VSS,Metal1,135.3530,402.5165,0.000354
_09683_,VSS,Metal1,129.1225,392.7160,0.000224
_09682_,VSS,Metal1,140.8825,453.1960,0.000296
_09681_,VSS,Metal1,139.4320,444.1135,0.000223
_09680_,VSS,Metal1,130.5875,443.9235,0.000227
_09679_,VSS,Metal1,64.7975,432.9550,0.000236
_09678_,VSS,Metal1,121.8425,443.9235,0.000234
_09677_,VSS,Metal1,71.0800,433.8900,0.000252
_09676_,VSS,Metal1,58.6665,442.9030,0.000237
_09675_,VSS,Metal1,73.5400,423.7935,0.000666
_09674_,VSS,Metal1,77.2675,402.5970,0.000284
_09673_,VSS,Metal1,68.7465,393.7365,0.000198
_09672_,VSS,Metal1,34.4825,393.5235,0.000159
_09671_,VSS,Metal1,35.1300,402.6575,0.000235
_09670_,VSS,Metal1,28.8825,413.6835,0.000408
_09669_,VSS,Metal1,12.9330,432.9500,0.000204
_09668_,VSS,Metal1,35.1465,422.7430,0.000438
_09667_,VSS,Metal1,114.0900,444.1550,0.000239
_09666_,VSS,Metal1,129.5400,442.9935,0.000227
_09665_,VSS,Metal1,215.3625,524.5635,0.000207
_09664_,VSS,Metal1,227.7600,524.6860,0.000205
_09663_,VSS,Metal1,219.9465,524.7765,0.000205
_09662_,VSS,Metal1,229.2200,533.7135,0.000515
_09661_,VSS,Metal1,232.7225,524.5635,0.000205
_09660_,VSS,Metal1,238.3225,523.7560,0.000205
_09659_,VSS,Metal1,239.5300,534.7825,0.000515
_09658_,VSS,Metal1,234.7475,533.8360,0.000515
_09657_,VSS,Metal1,226.9800,543.7935,0.000367
_09656_,VSS,Metal1,220.9625,543.9160,0.000361
_09655_,VSS,Metal1,219.9465,544.9365,0.000361
_09654_,VSS,Metal1,233.1400,543.7935,0.000367
_09653_,VSS,Metal1,239.5200,543.7935,0.000372
_09652_,VSS,Metal1,237.3065,555.0165,0.000542
_09651_,VSS,Metal1,253.4425,544.7235,0.000385
_09650_,VSS,Metal1,246.2500,544.8625,0.000382
_09649_,VSS,Metal1,235.4430,553.8615,0.000542
_09648_,VSS,Metal1,231.3875,534.6435,0.000515
_09647_,VSS,Metal1,245.1175,523.6750,0.000204
_09646_,VSS,Metal1,228.1600,544.8600,0.000367
_09645_,VSS,Metal1,226.0025,554.8035,0.000537
_09644_,VSS,Metal1,251.8665,533.6230,0.000515
_09643_,VSS,Metal1,237.3600,544.7700,0.000372
_09642_,VSS,Metal1,237.3065,524.7765,0.000205
_09641_,VSS,Metal1,213.6825,645.5235,0.000215
_09640_,VSS,Metal1,180.7200,635.5660,0.000224
_09639_,VSS,Metal1,174.8275,665.6835,0.000155
_09638_,VSS,Metal1,180.7400,654.5950,0.000598
_09637_,VSS,Metal1,146.4825,685.8435,0.000482
_09636_,VSS,Metal1,169.2000,665.9830,0.000159
_09635_,VSS,Metal1,176.8200,655.8050,0.000603
_09634_,VSS,Metal1,157.5500,635.4435,0.000234
_09633_,VSS,Metal1,131.2200,634.5135,0.000244
_09632_,VSS,Metal1,121.7000,625.3935,0.000341
_09631_,VSS,Metal1,121.9200,634.5135,0.000246
_09630_,VSS,Metal1,158.2425,685.0360,0.000467
_09629_,VSS,Metal1,127.5465,635.6565,0.000244
_09628_,VSS,Metal1,130.2425,644.7160,0.000168
_09627_,VSS,Metal1,148.8100,674.7250,0.000323
_09626_,VSS,Metal1,163.7850,635.6410,0.000232
_09625_,VSS,Metal1,161.1465,634.4230,0.000232
_09624_,VSS,Metal1,178.4025,664.8760,0.000147
_09623_,VSS,Metal1,185.6825,645.5235,0.000132
_09622_,VSS,Metal1,185.4675,644.7160,0.000132
_09621_,VSS,Metal1,161.0425,644.7160,0.000131
_09620_,VSS,Metal1,159.5600,654.7500,0.000649
_09619_,VSS,Metal1,142.1000,664.6750,0.000184
_09618_,VSS,Metal1,139.3400,655.6935,0.000641
_09617_,VSS,Metal1,154.9865,664.6630,0.000177
_09616_,VSS,Metal1,163.4365,645.5800,0.000131
_09615_,VSS,Metal1,160.5600,665.8060,0.000169
_09614_,VSS,Metal1,153.8665,665.8965,0.000177
_09613_,VSS,Metal1,146.9850,654.5985,0.000649
_09612_,VSS,Metal1,137.0665,664.6630,0.000188
_09611_,VSS,Metal1,137.6265,665.8965,0.000188
_09610_,VSS,Metal1,148.6650,664.6785,0.000180
_09609_,VSS,Metal1,133.0425,665.6835,0.000196
_09608_,VSS,Metal1,141.4425,665.6835,0.000184
_09607_,VSS,Metal1,160.2675,664.8760,0.000169
_09606_,VSS,Metal1,158.2425,674.9560,0.000318
_09605_,VSS,Metal1,148.1625,675.7635,0.000323
_09604_,VSS,Metal1,140.7300,675.8415,0.000328
_09603_,VSS,Metal1,137.0665,674.7430,0.000329
_09602_,VSS,Metal1,256.2425,543.9160,0.000388
_09601_,VSS,Metal1,248.4800,534.7660,0.000515
_09600_,VSS,Metal1,247.3600,533.7135,0.000515
_09599_,VSS,Metal1,246.0830,543.7815,0.000382
_09598_,VSS,Metal1,250.7800,514.5775,0.000208
_09597_,VSS,Metal1,258.2675,514.4835,0.000214
_09596_,VSS,Metal1,251.8600,543.7150,0.000385
_09595_,VSS,Metal1,241.1225,554.8035,0.000548
_09594_,VSS,Metal1,241.7865,524.7765,0.000204
_09593_,VSS,Metal1,60.1000,251.4735,0.000496
_09592_,VSS,Metal1,76.3400,252.5260,0.000520
_09591_,VSS,Metal1,90.9000,483.3135,0.000415
_09590_,VSS,Metal1,68.0825,232.2435,0.000485
_09589_,VSS,Metal1,74.7230,241.3815,0.000474
_09588_,VSS,Metal1,80.5065,241.3030,0.000474
_09587_,VSS,Metal1,61.7075,232.2435,0.000482
_09586_,VSS,Metal1,50.0200,544.8460,0.000407
_09585_,VSS,Metal1,88.8025,493.5160,0.000321
_09584_,VSS,Metal1,135.3575,333.1250,0.000593
_09583_,VSS,Metal1,96.7965,271.7000,0.000444
_09582_,VSS,Metal1,237.2025,333.0435,0.000495
_09581_,VSS,Metal1,187.7800,363.4060,0.000515
_09580_,VSS,Metal1,186.3465,362.2630,0.000515
_09579_,VSS,Metal1,131.2200,333.1660,0.000608
_09578_,VSS,Metal1,101.5400,282.7660,0.000478
_09577_,VSS,Metal1,121.2825,291.9160,0.000522
_09576_,VSS,Metal1,233.7000,333.1660,0.000495
_09575_,VSS,Metal1,239.5465,352.1830,0.000566
_09574_,VSS,Metal1,224.6675,332.2360,0.000500
_09573_,VSS,Metal1,176.5800,322.1260,0.000445
_09572_,VSS,Metal1,181.3000,321.9550,0.000441
_09571_,VSS,Metal1,209.6200,311.9535,0.000659
_09570_,VSS,Metal1,214.0900,323.0415,0.000355
_09569_,VSS,Metal1,219.3865,321.9430,0.000343
_09568_,VSS,Metal1,200.6600,312.0460,0.000657
_09567_,VSS,Metal1,220.9625,312.0760,0.000659
_09566_,VSS,Metal1,226.1065,292.9365,0.000416
_09565_,VSS,Metal1,189.6665,292.8400,0.000417
_09564_,VSS,Metal1,102.0275,312.0760,0.000674
_09563_,VSS,Metal1,83.0600,261.5535,0.000259
_09562_,VSS,Metal1,78.1625,222.1635,0.000313
_09561_,VSS,Metal1,137.5225,352.3960,0.000560
_09560_,VSS,Metal1,127.2900,323.0415,0.000478
_09559_,VSS,Metal1,115.0430,322.0215,0.000494
_09558_,VSS,Metal1,149.8425,343.1235,0.000338
_09557_,VSS,Metal1,97.3400,262.5735,0.000264
_09556_,VSS,Metal1,107.9465,272.7765,0.000442
_09555_,VSS,Metal1,106.5075,120.5560,0.000149
_09554_,VSS,Metal1,107.9465,282.8565,0.000477
_09553_,VSS,Metal1,168.7400,372.5260,0.000282
_09552_,VSS,Metal1,176.6430,372.4215,0.000259
_09551_,VSS,Metal1,316.1625,453.1960,0.000454
_09550_,VSS,Metal1,195.2730,363.5630,0.000518
_09549_,VSS,Metal1,72.4200,222.2860,0.000313
_09548_,VSS,Metal1,117.5730,313.1265,0.000671
_09547_,VSS,Metal1,102.6600,312.9135,0.000674
_09546_,VSS,Metal1,97.7625,312.0760,0.000674
_09545_,VSS,Metal1,119.0425,322.9635,0.000491
_09544_,VSS,Metal1,107.9465,313.0965,0.000673
_09543_,VSS,Metal1,126.7400,221.3260,0.000339
_09542_,VSS,Metal1,121.3800,211.0750,0.000287
_09541_,VSS,Metal1,103.9225,90.3160,0.000340
_09540_,VSS,Metal1,106.0200,110.3535,0.000249
_09539_,VSS,Metal1,102.2425,101.2035,0.000534
_09538_,VSS,Metal1,108.8300,101.2035,0.000533
_09537_,VSS,Metal1,102.1100,81.0435,0.000247
_09536_,VSS,Metal1,120.8800,70.1100,0.000289
_09535_,VSS,Metal1,109.3700,311.9980,0.000673
_09534_,VSS,Metal1,108.4025,301.9960,0.000680
_09533_,VSS,Metal1,92.1625,333.0435,0.000717
_09532_,VSS,Metal1,111.3065,303.0165,0.000671
_09531_,VSS,Metal1,122.2600,301.8735,0.000628
_09530_,VSS,Metal1,120.0200,332.1905,0.000649
_09529_,VSS,Metal1,131.9225,322.9635,0.000471
_09528_,VSS,Metal1,297.1225,373.3635,0.000239
_09527_,VSS,Metal1,293.5475,382.6360,0.000384
_09526_,VSS,Metal1,303.2825,363.2835,0.000483
_09525_,VSS,Metal1,295.5465,352.1830,0.000425
_09524_,VSS,Metal1,293.6200,343.1535,0.000280
_09523_,VSS,Metal1,277.8130,362.3900,0.000504
_09522_,VSS,Metal1,306.0825,372.5560,0.000231
_09521_,VSS,Metal1,285.9225,382.6360,0.000364
_09520_,VSS,Metal1,286.5600,362.3535,0.000504
_09519_,VSS,Metal1,284.8025,634.6360,0.000379
_09518_,VSS,Metal1,295.5300,615.4225,0.000466
_09517_,VSS,Metal1,292.7800,595.2135,0.000341
_09516_,VSS,Metal1,290.5400,645.6135,0.000177
_09515_,VSS,Metal1,286.3065,624.3605,0.000169
_09514_,VSS,Metal1,276.9625,645.5235,0.000191
_09513_,VSS,Metal1,275.9800,665.7735,0.000213
_09512_,VSS,Metal1,70.4000,362.3535,0.000387
_09511_,VSS,Metal1,72.3475,342.3160,0.000330
_09510_,VSS,Metal1,80.8465,333.1315,0.000713
_09509_,VSS,Metal1,69.3000,363.4850,0.000387
_09508_,VSS,Metal1,70.9865,534.8565,0.000546
_09507_,VSS,Metal1,59.1225,372.5560,0.000331
_09506_,VSS,Metal1,70.4200,373.5650,0.000342
_09505_,VSS,Metal1,74.3465,494.5365,0.000292
_09504_,VSS,Metal1,79.2825,504.4035,0.000442
_09503_,VSS,Metal1,102.8025,453.1960,0.000337
_09502_,VSS,Metal1,102.6600,444.0460,0.000240
_09501_,VSS,Metal1,107.6275,443.9235,0.000240
_09500_,VSS,Metal1,88.8025,543.9160,0.000399
_09499_,VSS,Metal1,78.7225,544.7235,0.000401
_09498_,VSS,Metal1,91.4800,504.4600,0.000447
_09497_,VSS,Metal1,58.1400,302.8975,0.000700
_09496_,VSS,Metal1,59.4675,362.4760,0.000376
_09495_,VSS,Metal1,150.4025,363.2835,0.000561
_09494_,VSS,Metal1,41.1200,352.2600,0.000368
_09493_,VSS,Metal1,41.7625,343.1235,0.000309
_09492_,VSS,Metal1,43.4425,342.3160,0.000313
_09491_,VSS,Metal1,36.4530,343.2100,0.000295
_09490_,VSS,Metal1,23.0130,312.9700,0.000533
_09489_,VSS,Metal1,53.8675,373.3635,0.000319
_09488_,VSS,Metal1,90.6200,353.2975,0.000553
_09487_,VSS,Metal1,100.0025,333.0435,0.000705
_09486_,VSS,Metal1,125.8665,313.0965,0.000664
_09485_,VSS,Metal1,97.7625,363.2835,0.000573
_09484_,VSS,Metal1,122.4025,433.8435,0.000285
_09483_,VSS,Metal1,119.0425,423.7635,0.000624
_09482_,VSS,Metal1,121.7200,352.3400,0.000560
_09481_,VSS,Metal1,53.5225,302.8035,0.000697
_09480_,VSS,Metal1,70.1800,302.9260,0.000706
_09479_,VSS,Metal1,56.3225,282.6435,0.000451
_09478_,VSS,Metal1,58.2930,272.6500,0.000446
_09477_,VSS,Metal1,37.2825,262.4835,0.000222
_09476_,VSS,Metal1,40.3730,272.6500,0.000429
_09475_,VSS,Metal1,41.0600,262.5135,0.000232
_09474_,VSS,Metal1,29.7330,242.4100,0.000411
_09473_,VSS,Metal1,68.0825,312.8835,0.000670
_09472_,VSS,Metal1,82.6425,544.7235,0.000401
_09471_,VSS,Metal1,80.4025,553.9960,0.000504
_09470_,VSS,Metal1,107.0675,453.1960,0.000334
_09469_,VSS,Metal1,74.9400,363.3775,0.000559
_09468_,VSS,Metal1,88.3175,322.0750,0.000505
_09467_,VSS,Metal1,65.3700,231.2050,0.000485
_09466_,VSS,Metal1,78.0200,503.4735,0.000442
_09465_,VSS,Metal1,65.8425,523.7560,0.000427
_09464_,VSS,Metal1,68.9875,494.3235,0.000284
_09463_,VSS,Metal1,75.9225,513.6760,0.000227
_09462_,VSS,Metal1,78.0465,343.2115,0.000331
_09461_,VSS,Metal1,80.1330,332.1500,0.000713
_09460_,VSS,Metal1,85.4425,322.9635,0.000505
_09459_,VSS,Metal1,92.8600,343.2175,0.000334
_09458_,VSS,Metal1,81.9300,342.2380,0.000331
_09457_,VSS,Metal1,89.7075,322.9635,0.000505
_09456_,VSS,Metal1,74.2425,333.0435,0.000708
_09455_,VSS,Metal1,96.0825,333.0435,0.000713
_09454_,VSS,Metal1,98.8825,342.3160,0.000336
_09453_,VSS,Metal1,107.1400,423.7935,0.000668
_09452_,VSS,Metal1,112.2430,423.8980,0.000658
_09451_,VSS,Metal1,74.2425,362.4760,0.000559
_09450_,VSS,Metal1,63.4700,352.3960,0.000462
_09449_,VSS,Metal1,101.0600,353.2935,0.000559
_09448_,VSS,Metal1,101.4130,343.2100,0.000336
_09447_,VSS,Metal1,102.3465,363.4965,0.000573
_09446_,VSS,Metal1,73.1225,312.0760,0.000671
_09445_,VSS,Metal1,76.5865,321.9430,0.000499
_09444_,VSS,Metal1,82.6425,473.3560,0.000514
_09443_,VSS,Metal1,77.6025,474.1635,0.000519
_09442_,VSS,Metal1,101.4675,454.0035,0.000337
_09441_,VSS,Metal1,115.6825,433.8435,0.000285
_09440_,VSS,Metal1,114.3475,403.6035,0.000349
_09439_,VSS,Metal1,115.6825,402.7960,0.000349
_09438_,VSS,Metal1,121.0675,170.9560,0.000480
_09437_,VSS,Metal1,82.6425,403.6035,0.000335
_09436_,VSS,Metal1,94.8200,412.8305,0.000469
_09435_,VSS,Metal1,94.4025,393.5235,0.000210
_09434_,VSS,Metal1,88.2425,402.7960,0.000347
_09433_,VSS,Metal1,92.1625,402.7960,0.000347
_09432_,VSS,Metal1,96.6425,382.6360,0.000213
_09431_,VSS,Metal1,121.8425,402.7960,0.000354
_09430_,VSS,Metal1,119.6025,412.8760,0.000436
_09429_,VSS,Metal1,131.3625,160.8760,0.000437
_09428_,VSS,Metal1,121.9400,151.8050,0.000236
_09427_,VSS,Metal1,123.6265,131.6565,0.000253
_09426_,VSS,Metal1,152.0665,140.4430,0.000197
_09425_,VSS,Metal1,124.3965,161.9280,0.000440
_09424_,VSS,Metal1,141.5465,111.4965,0.000220
_09423_,VSS,Metal1,134.0100,120.4780,0.000154
_09422_,VSS,Metal1,98.8825,160.8760,0.000466
_09421_,VSS,Metal1,110.7165,151.7380,0.000236
_09420_,VSS,Metal1,157.6825,120.5560,0.000153
_09419_,VSS,Metal1,137.0665,111.4965,0.000221
_09418_,VSS,Metal1,127.8800,201.1400,0.000429
_09417_,VSS,Metal1,135.5120,212.2735,0.000287
_09416_,VSS,Metal1,135.7200,322.1000,0.000464
_09415_,VSS,Metal1,143.1930,321.8765,0.000464
_09414_,VSS,Metal1,157.5730,362.2705,0.000543
_09413_,VSS,Metal1,168.6365,353.4480,0.000543
_09412_,VSS,Metal1,161.0425,352.3960,0.000551
_09411_,VSS,Metal1,157.7800,333.2450,0.000585
_09410_,VSS,Metal1,159.4375,342.2350,0.000321
_09409_,VSS,Metal1,168.9700,333.1825,0.000519
_09408_,VSS,Metal1,132.4825,291.9160,0.000521
_09407_,VSS,Metal1,167.2025,343.1235,0.000300
_09406_,VSS,Metal1,172.3300,342.1775,0.000292
_09405_,VSS,Metal1,73.0600,202.0935,0.000439
_09404_,VSS,Metal1,51.2825,201.1960,0.000392
_09403_,VSS,Metal1,33.7075,201.1960,0.000299
_09402_,VSS,Metal1,30.2630,192.0250,0.000213
_09401_,VSS,Metal1,29.7330,161.7700,0.000385
_09400_,VSS,Metal1,30.1065,202.2765,0.000289
_09399_,VSS,Metal1,73.6825,170.9560,0.000501
_09398_,VSS,Metal1,180.4900,353.2815,0.000532
_09397_,VSS,Metal1,176.8265,353.4165,0.000541
_09396_,VSS,Metal1,281.4265,595.3965,0.000349
_09395_,VSS,Metal1,266.5735,585.1865,0.000443
_09394_,VSS,Metal1,153.6200,594.2860,0.000485
_09393_,VSS,Metal1,262.8300,594.3160,0.000352
_09392_,VSS,Metal1,269.7700,605.3460,0.000192
_09391_,VSS,Metal1,277.6100,604.0725,0.000193
_09390_,VSS,Metal1,289.0330,625.3230,0.000169
_09389_,VSS,Metal1,308.7600,655.6600,0.000619
_09388_,VSS,Metal1,313.6765,624.3115,0.000164
_09387_,VSS,Metal1,326.8025,604.3960,0.000176
_09386_,VSS,Metal1,274.4530,634.4600,0.000380
_09385_,VSS,Metal1,297.9335,634.4930,0.000363
_09384_,VSS,Metal1,312.8025,635.4435,0.000292
_09383_,VSS,Metal1,313.6765,644.4715,0.000160
_09382_,VSS,Metal1,308.8825,695.1160,0.000991
_09381_,VSS,Metal1,287.7600,614.3305,0.000467
_09380_,VSS,Metal1,302.4135,624.4130,0.000164
_09379_,VSS,Metal1,303.2825,685.8435,0.000451
_09378_,VSS,Metal1,313.0535,625.5065,0.000164
_09377_,VSS,Metal1,323.4425,624.5560,0.000164
_09376_,VSS,Metal1,305.7735,625.5065,0.000164
_09375_,VSS,Metal1,327.3625,614.4760,0.000426
_09374_,VSS,Metal1,316.3000,645.6050,0.000160
_09373_,VSS,Metal1,322.9600,655.7260,0.000570
_09372_,VSS,Metal1,259.0425,605.2035,0.000188
_09371_,VSS,Metal1,258.9100,595.1235,0.000353
_09370_,VSS,Metal1,268.1400,664.7860,0.000212
_09369_,VSS,Metal1,309.6935,664.7330,0.000217
_09368_,VSS,Metal1,307.7625,675.7635,0.000448
_09367_,VSS,Metal1,314.0200,655.8050,0.000618
_09366_,VSS,Metal1,317.2825,685.0360,0.000378
_09365_,VSS,Metal1,492.5000,675.8535,0.000312
_09364_,VSS,Metal1,508.5330,684.9055,0.000394
_09363_,VSS,Metal1,493.7700,696.1550,0.001015
_09362_,VSS,Metal1,475.3165,674.7130,0.000313
_09361_,VSS,Metal1,330.7975,634.5550,0.000284
_09360_,VSS,Metal1,325.8800,634.5900,0.000285
_09359_,VSS,Metal1,328.0600,645.6135,0.000156
_09358_,VSS,Metal1,323.2275,674.9560,0.000447
_09357_,VSS,Metal1,897.4425,695.1160,0.000575
_09356_,VSS,Metal1,490.9530,684.7565,0.000367
_09355_,VSS,Metal1,322.7665,665.7715,0.000218
_09354_,VSS,Metal1,323.4425,654.7960,0.000570
_09353_,VSS,Metal1,322.8825,664.8760,0.000218
_09352_,VSS,Metal1,304.2600,664.8460,0.000216
_09351_,VSS,Metal1,289.7000,654.8200,0.000621
_09350_,VSS,Metal1,330.6000,674.9000,0.000425
_09349_,VSS,Metal1,317.3800,664.6750,0.000217
_09348_,VSS,Metal1,330.7225,675.7635,0.000425
_09347_,VSS,Metal1,322.3225,645.5235,0.000156
_09346_,VSS,Metal1,345.9130,353.4830,0.000381
_09345_,VSS,Metal1,337.4425,645.5235,0.000161
_09344_,VSS,Metal1,255.4675,605.2035,0.000186
_09343_,VSS,Metal1,267.8500,604.2615,0.000192
_09342_,VSS,Metal1,251.2025,605.2035,0.000183
_09341_,VSS,Metal1,285.2400,553.9400,0.000556
_09340_,VSS,Metal1,287.1130,533.5565,0.000515
_09339_,VSS,Metal1,337.3200,655.6600,0.000544
_09338_,VSS,Metal1,345.1500,655.6035,0.000544
_09337_,VSS,Metal1,68.7800,322.0750,0.000495
_09336_,VSS,Metal1,103.4330,321.8765,0.000504
_09335_,VSS,Metal1,81.0665,321.9430,0.000501
_09334_,VSS,Metal1,71.5300,323.1950,0.000495
_09333_,VSS,Metal1,116.3465,333.2565,0.000650
_09332_,VSS,Metal1,77.4500,323.0415,0.000499
_09331_,VSS,Metal1,88.3465,332.0230,0.000715
_09330_,VSS,Metal1,94.1875,322.1560,0.000505
_09329_,VSS,Metal1,115.1225,302.8035,0.000657
_09328_,VSS,Metal1,116.1100,312.0760,0.000672
_09327_,VSS,Metal1,113.6675,271.5570,0.000442
_09326_,VSS,Metal1,102.1200,382.5800,0.000214
_09325_,VSS,Metal1,101.1965,383.5780,0.000214
_09324_,VSS,Metal1,102.2425,393.5235,0.000216
_09323_,VSS,Metal1,76.3400,483.4060,0.000414
_09322_,VSS,Metal1,107.6275,403.6035,0.000348
_09321_,VSS,Metal1,98.3225,393.5235,0.000212
_09320_,VSS,Metal1,900.3050,442.7605,0.000386
_09319_,VSS,Metal1,957.0210,443.9940,0.000406
_09318_,VSS,Metal1,942.4610,432.9655,0.000428
_09317_,VSS,Metal1,915.3625,433.0360,0.000424
_09316_,VSS,Metal1,603.7240,442.9735,0.000314
_09315_,VSS,Metal1,911.8600,433.0060,0.000424
_09314_,VSS,Metal1,603.3200,423.8200,0.000316
_09313_,VSS,Metal1,962.5165,655.8465,0.000721
_09312_,VSS,Metal1,919.1600,664.8200,0.000243
_09311_,VSS,Metal1,904.7965,675.8980,0.000495
_09310_,VSS,Metal1,903.1130,664.5965,0.000315
_09309_,VSS,Metal1,362.7465,311.8630,0.000537
_09308_,VSS,Metal1,429.7000,301.9660,0.000284
_09307_,VSS,Metal1,326.8665,301.8800,0.000281
_09306_,VSS,Metal1,316.7225,322.9635,0.000290
_09305_,VSS,Metal1,294.9575,372.4750,0.000242
_09304_,VSS,Metal1,289.2825,553.9960,0.000556
_09303_,VSS,Metal1,294.3225,373.3635,0.000242
_09302_,VSS,Metal1,311.9010,383.5140,0.000398
_09301_,VSS,Metal1,316.7965,392.5815,0.000448
_09300_,VSS,Metal1,265.0600,343.1535,0.000290
_09299_,VSS,Metal1,259.2530,382.3930,0.000315
_09298_,VSS,Metal1,247.6900,353.2815,0.000547
_09297_,VSS,Metal1,285.1475,372.5560,0.000246
_09296_,VSS,Metal1,277.3075,353.2035,0.000512
_09295_,VSS,Metal1,285.7800,353.2335,0.000471
_09294_,VSS,Metal1,326.3175,352.3150,0.000385
_09293_,VSS,Metal1,282.0025,353.2035,0.000486
_09292_,VSS,Metal1,288.0200,433.0060,0.000380
_09291_,VSS,Metal1,590.4300,433.0360,0.000438
_09290_,VSS,Metal1,288.1465,373.6365,0.000246
_09289_,VSS,Metal1,275.3800,372.3550,0.000252
_09288_,VSS,Metal1,269.6825,363.2835,0.000509
_09287_,VSS,Metal1,273.1465,362.2630,0.000504
_09286_,VSS,Metal1,277.6200,352.1950,0.000512
_09285_,VSS,Metal1,307.6200,312.9290,0.000563
_09284_,VSS,Metal1,324.0900,342.0850,0.000266
_09283_,VSS,Metal1,316.7225,332.2360,0.000420
_09282_,VSS,Metal1,325.1225,333.0435,0.000418
_09281_,VSS,Metal1,320.0825,353.2035,0.000409
_09280_,VSS,Metal1,290.2600,443.9535,0.000284
_09279_,VSS,Metal1,230.1280,493.4130,0.000433
_09278_,VSS,Metal1,267.4425,523.7560,0.000196
_09277_,VSS,Metal1,225.2275,484.2435,0.000399
_09276_,VSS,Metal1,108.4025,413.6835,0.000467
_09275_,VSS,Metal1,116.6700,443.1160,0.000239
_09274_,VSS,Metal1,268.5625,362.4760,0.000509
_09273_,VSS,Metal1,62.0265,252.6165,0.000496
_09272_,VSS,Metal1,57.4425,252.4035,0.000496
_09271_,VSS,Metal1,59.7700,474.3950,0.000520
_09270_,VSS,Metal1,50.2375,130.5550,0.000237
_09269_,VSS,Metal1,63.1465,121.5765,0.000128
_09268_,VSS,Metal1,59.4130,120.4700,0.000127
_09267_,VSS,Metal1,81.6200,412.6750,0.000469
_09266_,VSS,Metal1,77.0425,423.7635,0.000667
_09265_,VSS,Metal1,101.5400,392.6860,0.000216
_09264_,VSS,Metal1,96.9875,392.7160,0.000212
_09263_,VSS,Metal1,95.5225,373.3635,0.000332
_09262_,VSS,Metal1,78.9475,442.9170,0.000246
_09261_,VSS,Metal1,63.0425,433.8435,0.000233
_09260_,VSS,Metal1,63.7065,463.0630,0.000282
_09259_,VSS,Metal1,81.5225,463.2760,0.000288
_09258_,VSS,Metal1,63.1465,442.9030,0.000242
_09257_,VSS,Metal1,52.4025,473.3560,0.000515
_09256_,VSS,Metal1,75.4665,392.5030,0.000205
_09255_,VSS,Metal1,96.0825,443.9235,0.000240
_09254_,VSS,Metal1,89.2300,443.1160,0.000243
_09253_,VSS,Metal1,109.4400,433.9800,0.000285
_09252_,VSS,Metal1,99.6675,434.0425,0.000280
_09251_,VSS,Metal1,102.0900,432.9580,0.000280
_09250_,VSS,Metal1,102.3465,463.0630,0.000293
_09249_,VSS,Metal1,262.1875,533.8360,0.000515
_09248_,VSS,Metal1,218.8100,573.9250,0.000479
_09247_,VSS,Metal1,264.0825,524.5635,0.000197
_09246_,VSS,Metal1,262.2600,392.6705,0.000404
_09245_,VSS,Metal1,258.6400,383.4900,0.000315
_09244_,VSS,Metal1,251.8665,382.4230,0.000312
_09243_,VSS,Metal1,142.1065,373.5765,0.000312
_09242_,VSS,Metal1,128.9700,382.5580,0.000214
_09241_,VSS,Metal1,268.6500,473.2135,0.000453
_09240_,VSS,Metal1,260.9200,604.3500,0.000188
_09239_,VSS,Metal1,246.2500,644.5775,0.000209
_09238_,VSS,Metal1,266.8000,655.7400,0.000668
_09237_,VSS,Metal1,277.6100,614.3375,0.000467
_09236_,VSS,Metal1,256.5875,524.5635,0.000198
_09235_,VSS,Metal1,236.7465,513.4630,0.000205
_09234_,VSS,Metal1,245.4600,514.5135,0.000205
_09233_,VSS,Metal1,231.0425,503.5960,0.000504
_09232_,VSS,Metal1,237.3065,494.5365,0.000563
_09231_,VSS,Metal1,188.0265,503.3830,0.000420
_09230_,VSS,Metal1,180.6425,514.4835,0.000173
_09229_,VSS,Metal1,186.3465,513.4630,0.000175
_09228_,VSS,Metal1,210.8825,543.9160,0.000346
_09227_,VSS,Metal1,206.8300,543.9160,0.000341
_09226_,VSS,Metal1,205.3865,534.8565,0.000515
_09225_,VSS,Metal1,180.1530,503.3165,0.000408
_09224_,VSS,Metal1,212.5625,514.4835,0.000192
_09223_,VSS,Metal1,218.2665,504.6165,0.000488
_09222_,VSS,Metal1,182.1800,513.6460,0.000174
_09221_,VSS,Metal1,174.0265,484.4565,0.000394
_09220_,VSS,Metal1,154.8825,464.0835,0.000307
_09219_,VSS,Metal1,218.2500,534.7860,0.000515
_09218_,VSS,Metal1,260.5075,513.6760,0.000215
_09217_,VSS,Metal1,271.0930,493.4300,0.000576
_09216_,VSS,Metal1,256.2425,513.6760,0.000213
_09215_,VSS,Metal1,259.0425,393.5235,0.000404
_09214_,VSS,Metal1,398.8275,393.5235,0.000575
_09213_,VSS,Metal1,417.5395,382.3915,0.000497
_09212_,VSS,Metal1,420.0530,402.7100,0.000515
_09211_,VSS,Metal1,435.8600,392.5935,0.000596
_09210_,VSS,Metal1,456.7225,392.7160,0.000591
_09209_,VSS,Metal1,429.9465,382.4230,0.000497
_09208_,VSS,Metal1,452.8025,392.7160,0.000592
_09207_,VSS,Metal1,445.0665,402.5830,0.000490
_09206_,VSS,Metal1,432.8500,402.6600,0.000507
_09205_,VSS,Metal1,428.5700,392.5815,0.000596
_09204_,VSS,Metal1,448.8825,402.7960,0.000476
_09203_,VSS,Metal1,444.8300,403.6035,0.000490
_09202_,VSS,Metal1,303.9300,402.5650,0.000469
_09201_,VSS,Metal1,305.4000,412.8200,0.000551
_09200_,VSS,Metal1,269.7700,403.8350,0.000481
_09199_,VSS,Metal1,269.5300,372.4780,0.000255
_09198_,VSS,Metal1,268.1065,382.4230,0.000319
_09197_,VSS,Metal1,247.3865,605.4165,0.000181
_09196_,VSS,Metal1,212.4200,574.1105,0.000481
_09195_,VSS,Metal1,199.4675,574.1560,0.000483
_09194_,VSS,Metal1,194.4275,594.3160,0.000332
_09193_,VSS,Metal1,199.1225,564.0760,0.000407
_09192_,VSS,Metal1,210.6600,575.0110,0.000481
_09191_,VSS,Metal1,200.3465,565.0965,0.000407
_09190_,VSS,Metal1,205.9465,573.9430,0.000483
_09189_,VSS,Metal1,411.8000,402.7400,0.000523
_09188_,VSS,Metal1,70.9575,543.8350,0.000405
_09187_,VSS,Metal1,75.4665,534.8565,0.000550
_09186_,VSS,Metal1,80.1330,543.8300,0.000401
_09185_,VSS,Metal1,51.7000,553.9505,0.000496
_09184_,VSS,Metal1,69.8250,583.9965,0.000475
_09183_,VSS,Metal1,341.4500,352.1490,0.000381
_09182_,VSS,Metal1,345.5010,343.1940,0.000264
_09181_,VSS,Metal1,368.6500,343.2015,0.000267
_09180_,VSS,Metal1,337.5465,303.0165,0.000275
_09179_,VSS,Metal1,366.1200,321.7940,0.000274
_09178_,VSS,Metal1,358.8100,333.2750,0.000395
_09177_,VSS,Metal1,506.9800,977.3260,0.000000
_09176_,VSS,Metal1,556.2600,161.7135,0.000116
_09175_,VSS,Metal1,408.9800,50.8335,0.000108
_09174_,VSS,Metal1,354.1000,161.7135,0.000178
_09173_,VSS,Metal1,353.5400,181.0060,0.000138
_09172_,VSS,Metal1,310.4200,181.0060,0.000133
_09171_,VSS,Metal1,294.1800,160.8460,0.000223
_09170_,VSS,Metal1,321.6200,171.7935,0.000299
_09169_,VSS,Metal1,331.7000,181.0060,0.000127
_09168_,VSS,Metal1,362.5000,261.6460,0.000243
_09167_,VSS,Metal1,361.9400,282.6735,0.000401
_09166_,VSS,Metal1,359.7000,282.6735,0.000395
_09165_,VSS,Metal1,345.7000,664.8460,0.000229
_09164_,VSS,Metal1,891.7000,261.6460,0.000658
_09163_,VSS,Metal1,1028.3400,271.7260,0.000181
_09162_,VSS,Metal1,827.8600,261.6460,0.000516
_09161_,VSS,Metal1,1028.3400,232.2735,0.000461
_09160_,VSS,Metal1,858.1000,160.8460,0.000166
_09159_,VSS,Metal1,873.2200,262.5135,0.000609
_09158_,VSS,Metal1,710.2600,261.6460,0.000405
_09157_,VSS,Metal1,714.7400,191.0860,0.000197
_09156_,VSS,Metal1,623.4600,261.6460,0.000275
_09155_,VSS,Metal1,580.3400,261.6460,0.000276
_09154_,VSS,Metal1,213.5400,141.5535,0.000192
_09153_,VSS,Metal1,504.7400,242.3535,0.000186
_09152_,VSS,Metal1,156.4200,170.9260,0.000463
_09151_,VSS,Metal1,361.9400,221.3260,0.000261
_09150_,VSS,Metal1,351.8600,221.3260,0.000258
_09149_,VSS,Metal1,332.8200,221.3260,0.000250
_09148_,VSS,Metal1,311.5400,191.9535,0.000374
_09147_,VSS,Metal1,308.7400,211.2460,0.000216
_09146_,VSS,Metal1,313.7800,60.9135,0.000199
_09145_,VSS,Metal1,327.2200,39.8860,0.000167
_09144_,VSS,Metal1,351.8600,141.5535,0.000202
_09143_,VSS,Metal1,350.1800,121.3935,0.000179
_09142_,VSS,Metal1,298.6600,121.3935,0.000170
_09141_,VSS,Metal1,292.5000,110.4460,0.000143
_09140_,VSS,Metal1,304.2600,120.5260,0.000164
_09139_,VSS,Metal1,300.9000,120.5260,0.000168
_09138_,VSS,Metal1,311.5400,131.4735,0.000213
_09137_,VSS,Metal1,87.5400,80.2060,0.000234
_09136_,VSS,Metal1,139.6200,504.4335,0.000450
_09135_,VSS,Metal1,132.9000,474.1935,0.000448
_09134_,VSS,Metal1,187.7800,604.3660,0.000135
_09133_,VSS,Metal1,354.6600,1078.1260,0.000149
_09132_,VSS,Metal1,855.3000,625.3935,0.000500
_09131_,VSS,Metal1,851.9400,625.3935,0.000500
_09130_,VSS,Metal1,885.5400,615.3135,0.000469
_09129_,VSS,Metal1,891.1400,614.4460,0.000450
_09128_,VSS,Metal1,827.8600,553.9660,0.000214
_09127_,VSS,Metal1,687.3000,1078.1260,0.000169
_09126_,VSS,Metal1,851.9400,292.7535,0.000376
_09125_,VSS,Metal1,579.2200,291.8860,0.000416
_09124_,VSS,Metal1,853.6200,453.1660,0.000175
_09123_,VSS,Metal1,655.9400,544.7535,0.000228
_09122_,VSS,Metal1,721.4600,342.2860,0.000394
_09121_,VSS,Metal1,814.4200,383.4735,0.000200
_09120_,VSS,Metal1,624.5800,564.0460,0.000516
_09119_,VSS,Metal1,787.5400,352.3660,0.000368
_09118_,VSS,Metal1,788.6600,402.7660,0.000335
_09117_,VSS,Metal1,608.3400,564.9135,0.000517
_09116_,VSS,Metal1,695.1400,322.9935,0.000263
_09115_,VSS,Metal1,729.8600,393.5535,0.000263
_09114_,VSS,Metal1,561.8600,574.1260,0.000390
_09113_,VSS,Metal1,721.4600,343.1535,0.000394
_09112_,VSS,Metal1,755.0600,383.4735,0.000216
_09111_,VSS,Metal1,699.0600,342.2860,0.000325
_09110_,VSS,Metal1,722.5800,463.2460,0.000100
_09109_,VSS,Metal1,738.8200,282.6735,0.000239
_09108_,VSS,Metal1,695.7000,342.2860,0.000325
_09107_,VSS,Metal1,708.5800,543.8860,0.000273
_09106_,VSS,Metal1,675.5400,474.1935,0.000187
_09105_,VSS,Metal1,480.6600,553.9660,0.000526
_09104_,VSS,Metal1,458.8200,402.7660,0.000440
_09103_,VSS,Metal1,30.9800,926.9260,0.000066
_09102_,VSS,Metal1,440.9000,402.7660,0.000503
_09101_,VSS,Metal1,452.6600,402.7660,0.000458
_09100_,VSS,Metal1,1042.9000,333.0735,0.000404
_09099_,VSS,Metal1,869.8600,282.6735,0.000217
_09098_,VSS,Metal1,1034.5000,343.1535,0.000470
_09097_,VSS,Metal1,793.1400,322.1260,0.000264
_09096_,VSS,Metal1,979.6200,353.2335,0.000450
_09095_,VSS,Metal1,792.0200,322.9935,0.000265
_09094_,VSS,Metal1,958.9000,333.0735,0.000321
_09093_,VSS,Metal1,788.6600,302.8335,0.000428
_09092_,VSS,Metal1,928.1000,352.3660,0.000379
_09091_,VSS,Metal1,788.1000,333.0735,0.000414
_09090_,VSS,Metal1,861.4600,343.1535,0.000478
_09089_,VSS,Metal1,823.9400,332.2060,0.000397
_09088_,VSS,Metal1,832.3400,372.5260,0.000237
_09087_,VSS,Metal1,786.4200,312.9135,0.000416
_09086_,VSS,Metal1,846.9000,373.3935,0.000236
_09085_,VSS,Metal1,873.2200,282.6735,0.000217
_09084_,VSS,Metal1,690.6600,433.8735,0.000454
_09083_,VSS,Metal1,728.7400,272.5935,0.000241
_09082_,VSS,Metal1,645.3000,443.9535,0.000258
_09081_,VSS,Metal1,611.1400,443.0860,0.000314
_09080_,VSS,Metal1,566.9000,443.9535,0.000312
_09079_,VSS,Metal1,485.7000,433.8735,0.000326
_09078_,VSS,Metal1,98.1800,292.7535,0.000523
_09077_,VSS,Metal1,235.3800,352.3660,0.000569
_09076_,VSS,Metal1,272.9000,554.8335,0.000557
_09075_,VSS,Metal1,90.3400,261.6460,0.000262
_09074_,VSS,Metal1,103.2200,271.7260,0.000444
_09073_,VSS,Metal1,102.6600,91.1535,0.000338
_09072_,VSS,Metal1,120.5800,110.4460,0.000250
_09071_,VSS,Metal1,121.7000,70.9935,0.000289
_09070_,VSS,Metal1,114.4200,90.2860,0.000356
_09069_,VSS,Metal1,126.7400,70.1260,0.000285
_09068_,VSS,Metal1,63.4600,524.5935,0.000419
_09067_,VSS,Metal1,83.0600,504.4335,0.000444
_09066_,VSS,Metal1,29.8600,301.9660,0.000479
_09065_,VSS,Metal1,48.3400,332.2060,0.000684
_09064_,VSS,Metal1,29.8600,353.2335,0.000330
_09063_,VSS,Metal1,46.1000,484.2735,0.000297
_09062_,VSS,Metal1,37.7000,443.0860,0.000190
_09061_,VSS,Metal1,38.2600,393.5535,0.000167
_09060_,VSS,Metal1,103.2200,483.4060,0.000449
_09059_,VSS,Metal1,67.3800,70.1260,0.000270
_09058_,VSS,Metal1,37.7000,90.2860,0.000211
_09057_,VSS,Metal1,56.1800,201.1660,0.000422
_09056_,VSS,Metal1,492.1165,111.5265,0.000115
_09055_,VSS,Metal1,875.3330,111.5265,0.000128
_09054_,VSS,Metal1,606.3565,69.9130,0.000187
_09053_,VSS,Metal1,449.7330,71.2065,0.000139
_09052_,VSS,Metal1,904.2765,684.7930,0.000409
_09051_,VSS,Metal1,881.3165,664.6330,0.000314
_09050_,VSS,Metal1,897.5565,674.7130,0.000488
_09049_,VSS,Metal1,957.4765,403.8465,0.000350
_09048_,VSS,Metal1,248.8200,574.1260,0.000451
_09047_,VSS,Metal1,198.9800,594.2860,0.000337
_09046_,VSS,Metal1,205.7000,594.2860,0.000359
_09045_,VSS,Metal1,183.3000,634.6060,0.000229
_09044_,VSS,Metal1,116.6600,624.5260,0.000362
_09043_,VSS,Metal1,141.3000,674.9260,0.000328
_09042_,VSS,Metal1,154.7400,674.9260,0.000321
_09041_,VSS,Metal1,135.7000,675.7935,0.000329
_09040_,VSS,Metal1,185.5400,272.5935,0.000339
_09039_,VSS,Metal1,178.8200,301.9660,0.000455
_09038_,VSS,Metal1,154.7400,564.0460,0.000367
_09037_,VSS,Metal1,160.9000,574.1260,0.000490
_09036_,VSS,Metal1,154.1800,363.3135,0.000543
_09035_,VSS,Metal1,361.3800,301.9660,0.000278
_09034_,VSS,Metal1,219.7000,292.7535,0.000424
_09033_,VSS,Metal1,218.0200,301.9660,0.000458
_09032_,VSS,Metal1,229.7800,292.7535,0.000414
_09031_,VSS,Metal1,233.1400,302.8335,0.000456
_09030_,VSS,Metal1,235.9400,292.7535,0.000414
_09029_,VSS,Metal1,277.3800,332.2060,0.000447
_09028_,VSS,Metal1,154.9965,301.7530,0.000565
_09027_,VSS,Metal1,762.3400,1078.9935,0.000122
_09026_,VSS,Metal1,783.6200,1088.2060,0.000244
_09025_,VSS,Metal1,751.7000,1078.1260,0.000131
_09024_,VSS,Metal1,597.1400,1088.2060,0.000338
_09023_,VSS,Metal1,985.7800,856.3660,0.000098
_09022_,VSS,Metal1,517.0600,988.2735,0.000000
_09021_,VSS,Metal1,980.1800,947.0860,0.000155
_09020_,VSS,Metal1,575.8600,1078.1260,0.000194
_09019_,VSS,Metal1,630.7400,1078.1260,0.000172
_09018_,VSS,Metal1,725.3800,1098.2860,0.000115
_09017_,VSS,Metal1,172.6600,433.8735,0.000283
_09016_,VSS,Metal1,176.0200,433.8735,0.000270
_09015_,VSS,Metal1,181.0600,433.8735,0.000266
_09014_,VSS,Metal1,995.8600,443.9535,0.000420
_09013_,VSS,Metal1,975.1400,454.0335,0.000238
_09012_,VSS,Metal1,935.3800,473.3260,0.000470
_09011_,VSS,Metal1,949.9400,503.5660,0.000320
_09010_,VSS,Metal1,977.3800,533.8060,0.000844
_09009_,VSS,Metal1,983.5400,564.9135,0.000415
_09008_,VSS,Metal1,996.9800,564.0460,0.000418
_09007_,VSS,Metal1,1040.6600,685.8735,0.000455
_09006_,VSS,Metal1,1038.4200,706.0335,0.000247
_09005_,VSS,Metal1,1023.3000,725.3260,0.000098
_09004_,VSS,Metal1,999.2200,716.1135,0.000141
_09003_,VSS,Metal1,991.3800,735.4060,0.000244
_09002_,VSS,Metal1,976.8200,735.4060,0.000244
_09001_,VSS,Metal1,938.1800,685.0060,0.000380
_09000_,VSS,Metal1,1069.2200,968.1135,0.000082
_08999_,VSS,Metal1,1069.2200,958.0335,0.000300
_08998_,VSS,Metal1,1069.2200,927.7935,0.000109
_08997_,VSS,Metal1,1081.5400,906.7660,0.000289
_08996_,VSS,Metal1,1069.2200,887.4735,0.000081
_08995_,VSS,Metal1,1069.2200,867.3135,0.000203
_08994_,VSS,Metal1,1069.2200,857.2335,0.000108
_08993_,VSS,Metal1,1081.5400,856.3660,0.000108
_08992_,VSS,Metal1,1000.9000,806.8335,0.000136
_08991_,VSS,Metal1,888.3400,574.1260,0.000402
_08990_,VSS,Metal1,904.5800,564.0460,0.000428
_08989_,VSS,Metal1,895.0600,533.8060,0.000447
_08988_,VSS,Metal1,886.6600,524.5935,0.000339
_08987_,VSS,Metal1,844.6600,533.8060,0.000400
_08986_,VSS,Metal1,810.5000,523.7260,0.000255
_08985_,VSS,Metal1,793.1400,553.9660,0.000205
_08984_,VSS,Metal1,765.7000,553.9660,0.000240
_08983_,VSS,Metal1,625.7000,625.3935,0.000343
_08982_,VSS,Metal1,597.1400,654.7660,0.000600
_08981_,VSS,Metal1,494.6600,645.5535,0.000198
_08980_,VSS,Metal1,462.1800,645.5535,0.000194
_08979_,VSS,Metal1,428.5800,634.6060,0.000324
_08978_,VSS,Metal1,401.1400,635.4735,0.000319
_08977_,VSS,Metal1,383.2200,654.7660,0.000610
_08976_,VSS,Metal1,832.3400,614.4460,0.000473
_08975_,VSS,Metal1,822.8200,634.6060,0.000564
_08974_,VSS,Metal1,804.3400,624.5260,0.000402
_08973_,VSS,Metal1,768.5000,625.3935,0.000376
_08972_,VSS,Metal1,752.8200,625.3935,0.000380
_08971_,VSS,Metal1,714.7400,654.7660,0.000795
_08970_,VSS,Metal1,722.0200,674.9260,0.000368
_08969_,VSS,Metal1,727.6200,675.7935,0.000372
_08968_,VSS,Metal1,622.3400,674.9260,0.000271
_08967_,VSS,Metal1,553.4600,674.9260,0.000317
_08966_,VSS,Metal1,542.8200,675.7935,0.000318
_08965_,VSS,Metal1,511.4600,715.2460,0.000112
_08964_,VSS,Metal1,514.2600,735.4060,0.000045
_08963_,VSS,Metal1,496.9000,745.4860,0.000046
_08962_,VSS,Metal1,498.5800,785.8060,0.000033
_08961_,VSS,Metal1,515.3800,796.7535,0.000000
_08960_,VSS,Metal1,1032.8200,322.9935,0.000875
_08959_,VSS,Metal1,1009.8600,342.2860,0.000463
_08958_,VSS,Metal1,999.2200,322.9935,0.000688
_08957_,VSS,Metal1,982.9800,343.1535,0.000450
_08956_,VSS,Metal1,988.5800,353.2335,0.000476
_08955_,VSS,Metal1,965.0600,353.2335,0.000428
_08954_,VSS,Metal1,935.9400,342.2860,0.000445
_08953_,VSS,Metal1,919.1400,363.3135,0.000382
_08952_,VSS,Metal1,945.4600,373.3935,0.000161
_08951_,VSS,Metal1,920.8200,373.3935,0.000199
_08950_,VSS,Metal1,896.7400,382.6060,0.000180
_08949_,VSS,Metal1,886.6600,403.6335,0.000373
_08948_,VSS,Metal1,898.9800,412.8460,0.000377
_08947_,VSS,Metal1,860.3400,463.2460,0.000128
_08946_,VSS,Metal1,706.9000,453.1660,0.000211
_08945_,VSS,Metal1,681.1400,473.3260,0.000193
_08944_,VSS,Metal1,627.9400,493.4860,0.000197
_08943_,VSS,Metal1,618.4200,483.4060,0.000231
_08942_,VSS,Metal1,592.1000,493.4860,0.000224
_08941_,VSS,Metal1,591.5400,474.1935,0.000149
_08940_,VSS,Metal1,538.3400,494.3535,0.000294
_08939_,VSS,Metal1,516.5000,494.3535,0.000312
_08938_,VSS,Metal1,486.8200,494.3535,0.000325
_08937_,VSS,Metal1,513.7000,474.1935,0.000182
_08936_,VSS,Metal1,449.8600,484.2735,0.000289
_08935_,VSS,Metal1,480.1000,473.3260,0.000211
_08934_,VSS,Metal1,485.1400,493.4860,0.000337
_08933_,VSS,Metal1,496.3400,483.4060,0.000295
_08932_,VSS,Metal1,837.3800,454.0335,0.000162
_08931_,VSS,Metal1,831.2200,443.9535,0.000299
_08930_,VSS,Metal1,803.7800,413.7135,0.000315
_08929_,VSS,Metal1,794.2600,454.0335,0.000128
_08928_,VSS,Metal1,799.3000,433.8735,0.000300
_08927_,VSS,Metal1,784.1800,443.9535,0.000230
_08926_,VSS,Metal1,784.1800,422.9260,0.000446
_08925_,VSS,Metal1,753.9400,503.5660,0.000451
_08924_,VSS,Metal1,762.3400,483.4060,0.000250
_08923_,VSS,Metal1,746.6600,523.7260,0.000284
_08922_,VSS,Metal1,729.8600,504.4335,0.000441
_08921_,VSS,Metal1,724.2600,533.8060,0.000366
_08920_,VSS,Metal1,683.3800,543.8860,0.000259
_08919_,VSS,Metal1,689.5400,514.5135,0.000335
_08918_,VSS,Metal1,665.4600,564.9135,0.000459
_08917_,VSS,Metal1,645.3000,564.9135,0.000423
_08916_,VSS,Metal1,618.9800,605.2335,0.000323
_08915_,VSS,Metal1,627.9400,595.1535,0.000186
_08914_,VSS,Metal1,587.0600,605.2335,0.000300
_08913_,VSS,Metal1,561.3000,615.3135,0.000379
_08912_,VSS,Metal1,583.7000,594.2860,0.000213
_08911_,VSS,Metal1,553.4600,614.4460,0.000372
_08910_,VSS,Metal1,532.1800,615.3135,0.000364
_08909_,VSS,Metal1,512.5800,624.5260,0.000262
_08908_,VSS,Metal1,528.2600,605.2335,0.000263
_08907_,VSS,Metal1,479.5400,614.4460,0.000365
_08906_,VSS,Metal1,492.9800,594.2860,0.000230
_08905_,VSS,Metal1,479.5400,634.6060,0.000318
_08904_,VSS,Metal1,494.1000,614.4460,0.000344
_08903_,VSS,Metal1,494.6600,595.1535,0.000230
_08902_,VSS,Metal1,1055.2200,453.1660,0.000378
_08901_,VSS,Metal1,1008.7400,504.4335,0.000413
_08900_,VSS,Metal1,975.7000,474.1935,0.000804
_08899_,VSS,Metal1,983.5400,896.6860,0.000065
_08898_,VSS,Metal1,33.2200,140.6860,0.000122
_08897_,VSS,Metal1,41.0600,121.3935,0.000113
_08896_,VSS,Metal1,56.1800,111.3135,0.000226
_08895_,VSS,Metal1,67.9400,121.3935,0.000130
_08894_,VSS,Metal1,173.2200,90.2860,0.000326
_08893_,VSS,Metal1,129.2365,90.0730,0.000370
_08892_,VSS,Metal1,334.7565,331.9930,0.000385
_08891_,VSS,Metal1,329.4600,312.9135,0.000524
_08890_,VSS,Metal1,331.3965,311.8330,0.000516
_08889_,VSS,Metal1,85.8600,443.9535,0.000245
_08888_,VSS,Metal1,72.4200,454.0335,0.000345
_08887_,VSS,Metal1,74.6600,524.5935,0.000448
_08886_,VSS,Metal1,244.9000,513.6460,0.000205
_08885_,VSS,Metal1,197.3000,553.9660,0.000454
_08884_,VSS,Metal1,266.7400,494.3535,0.000574
_08883_,VSS,Metal1,224.7400,494.3535,0.000431
_08882_,VSS,Metal1,278.5000,503.5660,0.000512
_08881_,VSS,Metal1,275.7000,493.4860,0.000578
_08880_,VSS,Metal1,257.2200,523.7260,0.000198
_08879_,VSS,Metal1,272.3400,585.0735,0.000443
_08878_,VSS,Metal1,121.7000,372.5260,0.000313
_08877_,VSS,Metal1,62.9000,655.6335,0.000570
_08876_,VSS,Metal1,61.7800,544.7535,0.000407
_08875_,VSS,Metal1,61.2200,654.7660,0.000566
_08874_,VSS,Metal1,82.3730,503.3530,0.000444
_08873_,VSS,Metal1,94.2600,483.4060,0.000436
_08872_,VSS,Metal1,292.5000,393.5535,0.000435
_08871_,VSS,Metal1,90.3400,422.9260,0.000668
_08870_,VSS,Metal1,292.1530,534.9625,0.000514
_08869_,VSS,Metal1,94.8200,332.2060,0.000715
_08868_,VSS,Metal1,67.3800,322.9935,0.000495
_08867_,VSS,Metal1,50.0200,301.9660,0.000526
_08866_,VSS,Metal1,190.5800,372.5260,0.000279
_08865_,VSS,Metal1,172.1000,302.8335,0.000505
_08864_,VSS,Metal1,72.4200,231.4060,0.000488
_08863_,VSS,Metal1,29.3000,222.1935,0.000299
_08862_,VSS,Metal1,39.9400,191.0860,0.000221
_08861_,VSS,Metal1,126.7400,291.8860,0.000522
_08860_,VSS,Metal1,929.7800,422.9260,0.000390
_08859_,VSS,Metal1,343.4600,645.5535,0.000173
_08858_,VSS,Metal1,99.8600,202.0335,0.000479
_08857_,VSS,Metal1,81.9400,170.9260,0.000502
_08856_,VSS,Metal1,91.4600,201.1660,0.000476
_08855_,VSS,Metal1,122.2600,191.0860,0.000369
_08854_,VSS,Metal1,112.1800,191.9535,0.000366
_08853_,VSS,Metal1,148.5800,221.3260,0.000332
_08852_,VSS,Metal1,120.5800,271.7260,0.000437
_08851_,VSS,Metal1,298.6600,413.7135,0.000561
_08850_,VSS,Metal1,356.3400,453.1660,0.000451
u_transform_scheduler_core.u_fft_scratch_sram.u_lo.u_sram,VSS,Metal1,264.9225,886.9130,0.000245
u_transform_scheduler_core.u_fft_scratch_sram.u_hi.u_sram,VSS,Metal1,744.9225,886.9130,0.000417
