Instance,Terminal,Layer,X location,Y location,Voltage
hold1465,VDD,Metal1,16.5330,1052.8180,4.913258
hold1464,VDD,Metal1,31.6530,851.2180,4.908268
rebuffer1463,VDD,Metal1,123.5100,467.8710,4.865070
rebuffer1462,VDD,Metal1,312.7900,540.1285,4.878228
fanout1461,VDD,Metal1,68.1430,66.1580,4.827330
fanout1460,VDD,Metal1,547.5030,590.3180,4.890613
fanout1459,VDD,Metal1,1010.0630,851.1220,4.954141
fanout1458,VDD,Metal1,1019.5830,982.1620,4.962078
fanout1457,VDD,Metal1,1043.6630,973.3580,4.961427
fanout1456,VDD,Metal1,1067.7430,1053.9980,4.967418
fanout1455,VDD,Metal1,1040.3030,951.9220,4.960055
fanout1454,VDD,Metal1,1044.2230,820.8820,4.952646
fanout1453,VDD,Metal1,1063.2630,951.9220,4.960014
fanout1452,VDD,Metal1,1036.3830,912.8780,4.957392
fanout1451,VDD,Metal1,1048.1430,851.1220,4.954183
fanout1450,VDD,Metal1,1001.1030,911.6020,4.957387
fanout1449,VDD,Metal1,984.8630,822.1580,4.952549
fanout1448,VDD,Metal1,841.5030,578.9620,4.891173
fanout1447,VDD,Metal1,994.9430,560.0780,4.886365
fanout1446,VDD,Metal1,1057.1030,560.0780,4.886145
fanout1445,VDD,Metal1,989.3430,639.4420,4.910272
fanout1444,VDD,Metal1,994.9430,558.8020,4.886365
fanout1443,VDD,Metal1,863.9030,558.8020,4.886161
fanout1442,VDD,Metal1,913.7430,589.0420,4.894599
fanout1441,VDD,Metal1,919.9030,650.7980,4.912984
fanout1440,VDD,Metal1,901.9830,659.6020,4.917539
fanout1439,VDD,Metal1,852.1430,539.9180,4.881491
fanout1438,VDD,Metal1,862.2230,669.6820,4.921456
fanout1437,VDD,Metal1,821.9030,660.8780,4.916714
fanout1436,VDD,Metal1,564.1530,580.1780,4.888829
fanout1435,VDD,Metal1,693.6630,570.1580,4.887461
fanout1434,VDD,Metal1,691.9830,630.6380,4.902506
fanout1433,VDD,Metal1,696.4630,580.2380,4.889636
fanout1432,VDD,Metal1,567.6630,570.1580,4.886005
fanout1431,VDD,Metal1,612.4630,590.3180,4.891287
fanout1430,VDD,Metal1,649.4230,620.5580,4.899893
fanout1429,VDD,Metal1,567.1030,600.3980,4.893709
fanout1428,VDD,Metal1,572.1430,610.4780,4.896030
fanout1427,VDD,Metal1,815.1830,86.3180,4.827012
fanout1426,VDD,Metal1,939.5030,449.1980,4.863440
fanout1425,VDD,Metal1,1043.6630,489.5180,4.870942
fanout1424,VDD,Metal1,1048.1430,439.1180,4.861544
fanout1423,VDD,Metal1,1037.5030,437.8420,4.861546
fanout1422,VDD,Metal1,1006.1430,449.1980,4.863308
fanout1421,VDD,Metal1,973.6630,529.8380,4.879395
fanout1420,VDD,Metal1,955.7430,418.9580,4.858269
fanout1419,VDD,Metal1,974.2230,429.0380,4.859982
fanout1418,VDD,Metal1,980.9430,296.7220,4.841785
fanout1417,VDD,Metal1,1057.1030,358.4780,4.848887
fanout1416,VDD,Metal1,1030.2230,367.2820,4.849899
fanout1415,VDD,Metal1,1057.1030,277.8380,4.839593
fanout1414,VDD,Metal1,1053.1830,297.9980,4.841288
fanout1413,VDD,Metal1,998.3030,358.4780,4.849039
fanout1412,VDD,Metal1,959.1030,306.8020,4.842852
fanout1411,VDD,Metal1,970.8630,358.4780,4.849045
fanout1410,VDD,Metal1,881.8230,439.1180,4.861614
fanout1409,VDD,Metal1,909.8230,427.7620,4.859980
fanout1408,VDD,Metal1,826.9430,347.1220,4.848237
fanout1407,VDD,Metal1,926.6230,358.4780,4.849191
fanout1406,VDD,Metal1,888.5430,287.9180,4.840853
fanout1405,VDD,Metal1,823.0230,105.2020,4.828052
fanout1404,VDD,Metal1,1034.1430,166.9580,4.830493
fanout1403,VDD,Metal1,1034.1430,237.5180,4.835781
fanout1402,VDD,Metal1,1017.9030,197.1980,4.832343
fanout1401,VDD,Metal1,1030.2230,165.6820,4.830493
fanout1400,VDD,Metal1,975.3430,166.9580,4.830555
fanout1399,VDD,Metal1,975.3430,266.4820,4.838390
fanout1398,VDD,Metal1,971.9830,156.8780,4.829996
fanout1397,VDD,Metal1,960.2230,116.5580,4.828301
fanout1396,VDD,Metal1,1035.8230,85.0420,4.826705
fanout1395,VDD,Metal1,1073.3430,45.9980,4.825404
fanout1394,VDD,Metal1,1043.1030,24.5620,4.825988
fanout1393,VDD,Metal1,1073.3430,35.9180,4.826037
fanout1392,VDD,Metal1,974.2230,45.9980,4.825942
fanout1391,VDD,Metal1,959.1030,95.1220,4.827183
fanout1390,VDD,Metal1,1017.3430,56.0780,4.826230
fanout1389,VDD,Metal1,959.6630,25.8380,4.826121
fanout1388,VDD,Metal1,933.3430,146.7980,4.829644
fanout1387,VDD,Metal1,946.7830,155.6020,4.830194
fanout1386,VDD,Metal1,911.5030,175.7620,4.831497
fanout1385,VDD,Metal1,880.7030,64.8820,4.826408
fanout1384,VDD,Metal1,901.4230,105.2020,4.827850
fanout1383,VDD,Metal1,883.5030,66.1580,4.826408
fanout1382,VDD,Metal1,939.5030,66.1580,4.826303
fanout1381,VDD,Metal1,835.9030,85.0420,4.826954
fanout1380,VDD,Metal1,876.2230,54.8020,4.826443
fanout1379,VDD,Metal1,800.0630,86.3180,4.827046
fanout1378,VDD,Metal1,563.7430,338.3180,4.846473
fanout1377,VDD,Metal1,565.4230,447.9220,4.862906
fanout1376,VDD,Metal1,630.3830,447.9220,4.863146
fanout1375,VDD,Metal1,536.8630,338.3180,4.846453
fanout1374,VDD,Metal1,563.7430,348.3980,4.847994
fanout1373,VDD,Metal1,564.3030,316.8820,4.844285
fanout1372,VDD,Metal1,561.5030,54.8020,4.826957
fanout1371,VDD,Metal1,763.1030,74.9620,4.827075
fanout1370,VDD,Metal1,763.6630,76.2380,4.827075
fanout1369,VDD,Metal1,699.8230,116.5580,4.828657
fanout1368,VDD,Metal1,700.9430,54.8020,4.826758
fanout1367,VDD,Metal1,563.7430,45.9980,4.826662
fanout1366,VDD,Metal1,632.6230,54.8020,4.826957
fanout1365,VDD,Metal1,642.1430,45.9980,4.826627
fanout1364,VDD,Metal1,567.1030,24.5620,4.826543
fanout1363,VDD,Metal1,550.8630,24.5620,4.826550
fanout1362,VDD,Metal1,37.9030,66.1580,4.827345
fanout1361,VDD,Metal1,41.8230,578.9620,4.884719
fanout1360,VDD,Metal1,504.9430,740.2420,4.925559
fanout1359,VDD,Metal1,504.9430,902.7980,4.931534
fanout1358,VDD,Metal1,504.9430,982.1620,4.934118
fanout1357,VDD,Metal1,308.3830,580.2380,4.886437
fanout1356,VDD,Metal1,425.9830,570.1580,4.885085
fanout1355,VDD,Metal1,446.1430,568.8820,4.885186
fanout1354,VDD,Metal1,469.1030,580.2380,4.887759
fanout1353,VDD,Metal1,424.8630,539.9180,4.878588
fanout1352,VDD,Metal1,465.7430,639.4420,4.899999
fanout1351,VDD,Metal1,429.3430,659.6020,4.904231
fanout1350,VDD,Metal1,358.7830,589.0420,4.888505
fanout1349,VDD,Metal1,361.5830,649.5220,4.900724
fanout1348,VDD,Metal1,390.7030,580.2380,4.886714
fanout1347,VDD,Metal1,367.7430,560.0780,4.882499
fanout1346,VDD,Metal1,321.8230,578.9620,4.886479
fanout1345,VDD,Metal1,301.1030,610.4780,4.892182
fanout1344,VDD,Metal1,273.1030,570.1580,4.883692
fanout1343,VDD,Metal1,31.1830,832.2380,4.907903
fanout1342,VDD,Metal1,170.0630,1074.1580,4.915350
fanout1341,VDD,Metal1,30.0630,963.2780,4.911593
fanout1340,VDD,Metal1,17.7430,1074.1580,4.914064
fanout1339,VDD,Metal1,18.3030,1093.0420,4.914543
fanout1338,VDD,Metal1,18.3030,851.1220,4.908268
fanout1337,VDD,Metal1,15.5030,841.0420,4.908021
fanout1336,VDD,Metal1,171.1830,589.0420,4.887165
fanout1335,VDD,Metal1,233.9030,570.1580,4.883535
fanout1334,VDD,Metal1,217.6630,650.7980,4.899185
fanout1333,VDD,Metal1,235.0230,578.9620,4.885956
fanout1332,VDD,Metal1,173.4230,568.8820,4.883211
fanout1331,VDD,Metal1,182.9430,640.7180,4.896566
fanout1330,VDD,Metal1,171.7430,560.0780,4.881463
fanout1329,VDD,Metal1,51.9030,568.8820,4.882931
fanout1328,VDD,Metal1,18.3030,820.8820,4.907687
fanout1327,VDD,Metal1,53.0230,699.9220,4.903332
fanout1326,VDD,Metal1,120.7830,578.9620,4.885043
fanout1325,VDD,Metal1,120.7830,639.4420,4.896099
fanout1324,VDD,Metal1,88.3030,659.6020,4.899575
fanout1323,VDD,Metal1,108.4630,539.9180,4.877545
fanout1322,VDD,Metal1,54.1430,640.7180,4.895586
fanout1321,VDD,Metal1,29.5030,590.3180,4.886454
fanout1320,VDD,Metal1,78.2230,568.8820,4.882976
fanout1319,VDD,Metal1,34.5430,589.0420,4.886455
fanout1318,VDD,Metal1,299.9830,297.9980,4.841662
fanout1317,VDD,Metal1,493.7430,328.2380,4.845499
fanout1316,VDD,Metal1,438.3030,458.0020,4.864496
fanout1315,VDD,Metal1,544.1430,437.8420,4.861126
fanout1314,VDD,Metal1,429.9030,96.3980,4.827795
fanout1313,VDD,Metal1,485.3430,166.9580,4.831231
fanout1312,VDD,Metal1,510.5430,85.0420,4.827664
fanout1311,VDD,Metal1,512.2230,74.9620,4.827438
fanout1310,VDD,Metal1,434.3830,135.4420,4.829402
fanout1309,VDD,Metal1,445.0230,95.1220,4.827806
fanout1308,VDD,Metal1,289.3430,25.8380,4.826618
fanout1307,VDD,Metal1,357.1030,95.1220,4.827818
fanout1306,VDD,Metal1,367.7430,96.3980,4.827815
fanout1305,VDD,Metal1,300.5430,24.5620,4.826619
fanout1304,VDD,Metal1,265.2630,24.5620,4.826604
fanout1303,VDD,Metal1,47.9830,54.8020,4.826876
fanout1302,VDD,Metal1,162.7830,437.8420,4.860318
fanout1301,VDD,Metal1,214.3030,509.6780,4.872232
fanout1300,VDD,Metal1,195.8230,478.1620,4.867130
fanout1299,VDD,Metal1,161.1030,478.1620,4.866922
fanout1298,VDD,Metal1,168.9430,498.3220,4.869756
fanout1297,VDD,Metal1,155.5030,338.3180,4.846060
fanout1296,VDD,Metal1,159.4230,357.2020,4.848731
fanout1295,VDD,Metal1,42.3830,447.9220,4.861645
fanout1294,VDD,Metal1,73.7430,449.1980,4.861660
fanout1293,VDD,Metal1,109.5830,489.5180,4.868593
fanout1292,VDD,Metal1,18.3030,447.9220,4.861656
fanout1291,VDD,Metal1,54.1430,449.1980,4.861644
fanout1290,VDD,Metal1,30.0630,287.9180,4.840611
fanout1289,VDD,Metal1,101.1830,368.5580,4.849878
fanout1288,VDD,Metal1,93.3430,308.0780,4.842506
fanout1287,VDD,Metal1,94.4630,338.3180,4.846032
fanout1286,VDD,Metal1,57.5030,367.2820,4.849881
fanout1285,VDD,Metal1,16.0630,388.7180,4.852709
fanout1284,VDD,Metal1,53.0230,306.8020,4.842514
fanout1283,VDD,Metal1,35.1030,64.8820,4.827345
fanout1282,VDD,Metal1,171.7430,177.0380,4.831720
fanout1281,VDD,Metal1,151.0230,24.5620,4.826737
fanout1280,VDD,Metal1,224.3830,24.5620,4.826618
fanout1279,VDD,Metal1,194.7030,54.8020,4.826977
fanout1278,VDD,Metal1,246.2230,24.5620,4.826603
fanout1277,VDD,Metal1,167.2630,24.5620,4.826737
fanout1276,VDD,Metal1,171.7430,66.1580,4.827419
fanout1275,VDD,Metal1,36.7830,195.9220,4.832870
fanout1274,VDD,Metal1,95.0230,197.1980,4.832771
fanout1273,VDD,Metal1,123.0230,256.4020,4.837642
fanout1272,VDD,Metal1,78.7830,266.4820,4.838242
fanout1271,VDD,Metal1,36.2230,156.8780,4.830514
fanout1270,VDD,Metal1,35.1030,237.5180,4.835876
fanout1269,VDD,Metal1,77.1030,56.0780,4.826848
fanout1268,VDD,Metal1,127.5030,54.8020,4.826850
fanout1267,VDD,Metal1,111.8230,56.0780,4.826844
fanout1266,VDD,Metal1,37.9030,56.0780,4.826882
fanout1265,VDD,Metal1,37.9030,45.9980,4.827136
load_slew1264,VDD,Metal1,79.3000,619.1440,4.892158
max_cap1263,VDD,Metal1,250.1600,479.6280,4.867197
wire1262,VDD,Metal1,403.5400,409.0160,4.856305
load_slew1261,VDD,Metal1,971.9400,226.0240,4.834887
max_cap1260,VDD,Metal1,528.4800,699.7315,4.921825
max_cap1259,VDD,Metal1,584.4800,699.7315,4.923216
max_cap1258,VDD,Metal1,599.0400,699.7315,4.923227
max_cap1257,VDD,Metal1,627.6000,701.3880,4.924232
max_cap1256,VDD,Metal1,852.7200,701.3880,4.935249
max_cap1255,VDD,Metal1,882.4000,661.0680,4.917101
max_cap1254,VDD,Metal1,916.5600,661.0680,4.917616
max_cap1253,VDD,Metal1,359.8600,699.7840,4.910592
max_cap1252,VDD,Metal1,413.6920,689.7040,4.910567
max_cap1251,VDD,Metal1,421.5320,701.3360,4.918344
max_cap1250,VDD,Metal1,450.6400,681.2280,4.909925
load_slew1249,VDD,Metal1,369.3800,298.1360,4.841821
max_cap1248,VDD,Metal1,830.8800,669.4915,4.921353
load_slew1247,VDD,Metal1,190.8120,398.9360,4.854340
load_slew1246,VDD,Metal1,481.9400,257.8160,4.837977
wire1245,VDD,Metal1,1057.4530,518.4730,4.877448
wire1244,VDD,Metal1,490.9000,266.3440,4.838925
fanout1189,VDD,Metal1,151.0230,701.1980,4.905919
fanout1188,VDD,Metal1,96.7030,377.3620,4.851250
fanout1187,VDD,Metal1,186.3030,701.1980,4.905929
load_slew1210,VDD,Metal1,629.8520,378.7760,4.852309
fanout1185,VDD,Metal1,331.3430,620.5580,4.894342
fanout1184,VDD,Metal1,56.6600,639.3300,4.895586
fanout1183,VDD,Metal1,32.7130,639.5015,4.895551
fanout1182,VDD,Metal1,224.9430,640.7180,4.897005
fanout1181,VDD,Metal1,12.4200,630.7500,4.893908
fanout1180,VDD,Metal1,17.5330,600.4065,4.888265
fanout1179,VDD,Metal1,14.6600,599.0100,4.888264
fanout1178,VDD,Metal1,77.1030,610.4780,4.890100
fanout1177,VDD,Metal1,39.4330,397.5815,4.854129
fanout1176,VDD,Metal1,179.0230,338.3180,4.846083
fanout1175,VDD,Metal1,76.8930,429.0465,4.858669
fanout1174,VDD,Metal1,14.9430,660.8780,4.898649
fanout1173,VDD,Metal1,80.1800,388.8300,4.852702
fanout1172,VDD,Metal1,96.7030,629.3620,4.894386
fanout1171,VDD,Metal1,50.2230,236.2420,4.835865
fanout1170,VDD,Metal1,198.5800,409.0160,4.855945
fanout1169,VDD,Metal1,238.4230,439.1265,4.860535
fanout1168,VDD,Metal1,214.0930,439.1265,4.860473
load_slew1167,VDD,Metal1,228.3320,457.8640,4.863786
load_slew1211,VDD,Metal1,370.5000,277.9760,4.839552
load_slew1165,VDD,Metal1,245.4530,439.1265,4.860535
fanout1164,VDD,Metal1,199.4600,459.3900,4.863688
rebuffer1206,VDD,Metal1,229.3500,661.0885,4.901423
load_slew1162,VDD,Metal1,234.3130,449.1380,4.862040
fanout1161,VDD,Metal1,190.2230,489.5180,4.868853
load_slew1160,VDD,Metal1,232.0730,418.8980,4.857411
fanout1159,VDD,Metal1,226.3400,488.1300,4.868928
load_slew1158,VDD,Metal1,101.0330,447.9815,4.861664
fanout1157,VDD,Metal1,97.2630,459.2780,4.863412
load_slew1156,VDD,Metal1,112.7330,236.2330,4.835879
fanout1155,VDD,Metal1,91.6630,246.3220,4.836760
load_slew1154,VDD,Metal1,94.8730,195.9815,4.832771
fanout1153,VDD,Metal1,116.3030,197.1980,4.832788
fanout1152,VDD,Metal1,836.4630,1094.3180,4.971891
fanout1151,VDD,Metal1,840.4600,1084.1225,4.963017
fanout1150,VDD,Metal1,788.8630,1093.0420,4.966026
fanout1149,VDD,Metal1,852.7030,1094.3180,4.972278
fanout1148,VDD,Metal1,837.8600,1074.2700,4.969761
fanout1147,VDD,Metal1,860.8200,1092.9300,4.972457
fanout1146,VDD,Metal1,719.4230,1094.3180,4.960366
fanout1145,VDD,Metal1,504.9430,750.3220,4.926176
fanout1144,VDD,Metal1,504.9430,1002.3220,4.934781
fanout1143,VDD,Metal1,759.7430,640.7180,4.908280
fanout1142,VDD,Metal1,766.4630,630.6380,4.904257
fanout1141,VDD,Metal1,578.8630,479.4380,4.868581
fanout1140,VDD,Metal1,527.9030,256.4020,4.837964
fanout1139,VDD,Metal1,382.8630,378.6380,4.851738
fanout1138,VDD,Metal1,374.4630,368.5580,4.850433
fanout1137,VDD,Metal1,564.3030,277.8380,4.839857
fanout1136,VDD,Metal1,323.5030,266.4820,4.838820
fanout1135,VDD,Metal1,564.8630,347.1220,4.847994
fanout1134,VDD,Metal1,264.7030,348.3980,4.847557
fanout1133,VDD,Metal1,614.7030,338.3180,4.846694
fanout1132,VDD,Metal1,371.1030,367.2820,4.850433
fanout1131,VDD,Metal1,622.5430,478.1620,4.868833
fanout1130,VDD,Metal1,669.0230,357.2020,4.849375
fanout1129,VDD,Metal1,567.1030,478.1620,4.868579
fanout1128,VDD,Metal1,527.9030,407.6020,4.856541
fanout1127,VDD,Metal1,900.3030,368.5580,4.850653
fanout1126,VDD,Metal1,919.9030,368.5580,4.850652
fanout1125,VDD,Metal1,900.3030,469.3580,4.867223
fanout1124,VDD,Metal1,899.1830,478.1620,4.869156
fanout1123,VDD,Metal1,936.1430,528.5620,4.879552
fanout1122,VDD,Metal1,782.7030,469.3580,4.867285
fanout1121,VDD,Metal1,759.7430,519.7580,4.876938
fanout1120,VDD,Metal1,892.4630,529.8380,4.879407
fanout1119,VDD,Metal1,821.9030,539.9180,4.881473
fanout1118,VDD,Metal1,698.7030,499.5980,4.872255
fanout1117,VDD,Metal1,900.3030,568.8820,4.888873
fanout1116,VDD,Metal1,916.5430,529.8380,4.879474
fanout1115,VDD,Metal1,857.1830,630.6380,4.906079
fanout1114,VDD,Metal1,849.9030,590.3180,4.893701
fanout1113,VDD,Metal1,884.0630,610.4780,4.900027
fanout1112,VDD,Metal1,846.5430,580.2380,4.891175
fanout1111,VDD,Metal1,821.9030,630.6380,4.906034
fanout1110,VDD,Metal1,852.7030,660.8780,4.916988
fanout1109,VDD,Metal1,299.9830,308.0780,4.842762
fanout1108,VDD,Metal1,312.3030,287.9180,4.840783
fanout1107,VDD,Metal1,328.5430,549.9980,4.880467
fanout1106,VDD,Metal1,313.9830,54.8020,4.827100
fanout1105,VDD,Metal1,351.5030,489.5180,4.869297
fanout1104,VDD,Metal1,348.1430,66.1580,4.827491
fanout1103,VDD,Metal1,285.4230,538.6420,4.878131
fanout1102,VDD,Metal1,396.8630,74.9620,4.827590
fanout1101,VDD,Metal1,434.3830,105.2020,4.828481
fanout1100,VDD,Metal1,449.5030,106.4780,4.828484
fanout1099,VDD,Metal1,469.1030,529.8380,4.877533
fanout1098,VDD,Metal1,464.6230,96.3980,4.827824
fanout1097,VDD,Metal1,547.5030,136.7180,4.829418
fanout1096,VDD,Metal1,559.8230,407.6020,4.856558
fanout1095,VDD,Metal1,598.4630,508.4020,4.874384
fanout1094,VDD,Metal1,586.7030,106.4780,4.828461
fanout1093,VDD,Metal1,602.3830,195.9220,4.833206
fanout1092,VDD,Metal1,674.0630,226.1620,4.835248
fanout1091,VDD,Metal1,681.3430,136.7180,4.829356
fanout1090,VDD,Metal1,741.8230,145.5220,4.830011
fanout1089,VDD,Metal1,695.3430,247.5980,4.837100
fanout1088,VDD,Metal1,802.3030,226.1620,4.835148
fanout1087,VDD,Metal1,760.3030,568.8820,4.888097
fanout1086,VDD,Metal1,798.9430,136.7180,4.829282
fanout1085,VDD,Metal1,1001.1030,610.4780,4.900565
fanout1084,VDD,Metal1,1003.3430,600.3980,4.897466
fanout1083,VDD,Metal1,1002.2230,590.3180,4.894733
fanout1082,VDD,Metal1,959.1030,175.7620,4.831491
fanout1081,VDD,Metal1,994.9430,640.7180,4.910272
fanout1080,VDD,Metal1,996.6230,649.5220,4.912962
fanout1079,VDD,Metal1,1017.9030,640.7180,4.910247
fanout1078,VDD,Metal1,1043.6630,741.5180,4.949040
fanout1077,VDD,Metal1,1060.4630,710.0020,4.947502
fanout1076,VDD,Metal1,1005.8600,640.8300,4.910263
fanout1075,VDD,Metal1,1001.1030,891.4420,4.956201
fanout1074,VDD,Metal1,1040.3030,750.3220,4.949563
fanout1073,VDD,Metal1,1020.9800,650.9100,4.912868
fanout1072,VDD,Metal1,1008.9430,941.8420,4.959396
fanout1071,VDD,Metal1,1014.5430,710.0020,4.947515
fanout1070,VDD,Metal1,1010.6230,1022.4820,4.965047
fanout1069,VDD,Metal1,1035.8230,731.4380,4.948634
fanout1068,VDD,Metal1,1019.0230,911.6020,4.957397
fanout1067,VDD,Metal1,1009.2200,751.7100,4.949567
fanout1066,VDD,Metal1,1012.8630,1012.4020,4.964247
fanout1065,VDD,Metal1,1003.9030,750.3220,4.949566
fanout1064,VDD,Metal1,983.1830,993.5180,4.962900
fanout1063,VDD,Metal1,1001.1030,730.1620,4.948629
fanout1062,VDD,Metal1,1001.1030,790.6420,4.951914
fanout1061,VDD,Metal1,1076.7030,801.9980,4.952505
fanout1060,VDD,Metal1,1057.1030,308.0780,4.842794
fanout1059,VDD,Metal1,1054.8630,296.7220,4.841288
wire1058,VDD,Metal1,490.2330,589.1015,4.890051
fanout1057,VDD,Metal1,218.0730,499.5380,4.869889
fanout1056,VDD,Metal1,216.0600,498.4375,4.869883
load_slew1055,VDD,Metal1,230.8930,509.6865,4.872396
fanout1054,VDD,Metal1,198.0630,498.3220,4.869795
fanout1053,VDD,Metal1,244.3930,498.3815,4.869925
fanout1052,VDD,Metal1,219.3430,287.9180,4.840691
fanout1051,VDD,Metal1,255.7430,257.6780,4.837751
rebuffer1194,VDD,Metal1,176.7100,479.6485,4.866935
fanout1049,VDD,Metal1,258.5430,277.8380,4.839540
fanout1048,VDD,Metal1,277.9930,489.4580,4.869143
fanout1047,VDD,Metal1,695.3430,449.1980,4.863223
fanout1046,VDD,Metal1,266.7930,509.6180,4.872498
fanout1045,VDD,Metal1,77.6630,518.4820,4.874027
fanout1044,VDD,Metal1,151.5830,640.7180,4.896248
load_slew1043,VDD,Metal1,297.0330,619.3415,4.894108
fanout1042,VDD,Metal1,271.9830,649.5220,4.899526
load_slew1041,VDD,Metal1,219.1930,669.7415,4.902171
fanout1040,VDD,Metal1,175.6630,660.8780,4.900665
load_slew1039,VDD,Metal1,1035.1130,206.0615,4.833422
fanout1038,VDD,Metal1,1008.9430,25.8380,4.826048
load_slew1037,VDD,Metal1,1029.5130,24.6215,4.826018
fanout1036,VDD,Metal1,1005.0230,24.5620,4.826048
fanout1035,VDD,Metal1,557.5830,679.7620,4.914710
fanout1034,VDD,Metal1,574.9430,509.6780,4.874168
max_cap1242,VDD,Metal1,136.4800,357.0115,4.848730
fanout1032,VDD,Metal1,249.6120,640.9080,4.897617
max_cap1228,VDD,Metal1,187.9400,306.6640,4.842521
fanout1030,VDD,Metal1,193.3730,457.9930,4.863674
fanout1029,VDD,Metal1,469.4530,509.6865,4.873444
fanout1028,VDD,Metal1,389.5830,650.7980,4.901734
fanout1027,VDD,Metal1,231.5130,427.8215,4.858981
load_slew1026,VDD,Metal1,741.1130,539.8580,4.881208
rebuffer1202,VDD,Metal1,113.4300,439.3285,4.860218
load_slew1024,VDD,Metal1,296.4730,539.8580,4.878181
fanout1023,VDD,Metal1,244.5430,538.6420,4.877949
load_slew1022,VDD,Metal1,271.7730,538.6330,4.878093
wire1218,VDD,Metal1,316.1800,328.3760,4.845189
wire1241,VDD,Metal1,373.8600,488.1040,4.869354
fanout1019,VDD,Metal1,374.8130,478.1530,4.867495
fanout1018,VDD,Metal1,518.9430,397.5220,4.854867
fanout1017,VDD,Metal1,279.1130,499.5380,4.869967
wire1016,VDD,Metal1,245.5130,398.7380,4.854470
load_slew1015,VDD,Metal1,462.7930,318.0980,4.844124
fanout1014,VDD,Metal1,232.2230,358.4780,4.848746
load_slew1013,VDD,Metal1,816.1530,297.9380,4.842120
fanout1012,VDD,Metal1,839.8230,306.8020,4.843059
load_slew1011,VDD,Metal1,213.0330,418.8980,4.857405
load_slew1010,VDD,Metal1,186.7130,165.7415,4.831218
fanout1009,VDD,Metal1,175.1030,417.6820,4.857396
fanout1008,VDD,Metal1,176.2230,217.3580,4.834439
fanout1007,VDD,Metal1,48.5430,689.8420,4.902997
load_slew1006,VDD,Metal1,337.9130,619.3415,4.894345
fanout1005,VDD,Metal1,336.3830,610.4780,4.892462
load_slew1004,VDD,Metal1,424.6530,619.2730,4.895904
fanout1003,VDD,Metal1,418.7030,600.3980,4.890855
fanout1002,VDD,Metal1,271.2730,296.7815,4.841633
max_cap1243,VDD,Metal1,373.8600,467.9440,4.865835
fanout1000,VDD,Metal1,525.6920,661.0680,4.908141
fanout999,VDD,Metal1,524.2600,650.9100,4.904975
max_cap1233,VDD,Metal1,560.4120,358.6160,4.849466
fanout997,VDD,Metal1,547.5030,217.3580,4.834698
fanout996,VDD,Metal1,449.5030,417.6820,4.857783
fanout995,VDD,Metal1,347.1000,469.2425,4.865687
fanout994,VDD,Metal1,402.4630,296.7220,4.841840
fanout993,VDD,Metal1,841.3530,659.6615,4.916786
fanout992,VDD,Metal1,408.0630,498.3220,4.870713
fanout991,VDD,Metal1,306.7030,439.1180,4.860680
max_cap1229,VDD,Metal1,677.3800,236.1040,4.836277
fanout989,VDD,Metal1,396.6530,691.1265,4.910554
fanout988,VDD,Metal1,526.2230,589.0420,4.890490
fanout987,VDD,Metal1,488.1430,509.6780,4.873486
fanout986,VDD,Metal1,955.7430,297.9980,4.841816
fanout985,VDD,Metal1,170.4730,85.1015,4.827812
wire984,VDD,Metal1,433.6730,459.2180,4.864496
load_slew983,VDD,Metal1,279.0530,459.2865,4.863803
load_slew982,VDD,Metal1,287.4530,447.9130,4.862266
fanout981,VDD,Metal1,212.6230,479.4380,4.867158
rebuffer1195,VDD,Metal1,271.3500,205.7910,4.833606
fanout979,VDD,Metal1,155.5030,237.5180,4.835913
fanout978,VDD,Metal1,191.6930,358.4865,4.848749
fanout977,VDD,Metal1,135.0600,296.6100,4.841545
fanout976,VDD,Metal1,152.1430,308.0780,4.842550
fanout975,VDD,Metal1,154.3830,156.8780,4.830537
load_slew974,VDD,Metal1,36.8600,731.3225,4.903289
fanout973,VDD,Metal1,663.4230,488.2420,4.870704
fanout972,VDD,Metal1,385.1320,467.8920,4.865855
fanout971,VDD,Metal1,345.1930,478.2215,4.867380
fanout970,VDD,Metal1,337.5030,529.8380,4.876773
load_slew969,VDD,Metal1,298.7130,558.8615,4.882178
fanout968,VDD,Metal1,250.1430,580.2380,4.886357
fanout967,VDD,Metal1,548.6230,639.4420,4.902480
wire966,VDD,Metal1,329.7400,570.0825,4.884295
max_cap1219,VDD,Metal1,316.1800,338.4560,4.846407
load_slew964,VDD,Metal1,259.5130,570.0980,4.883593
fanout963,VDD,Metal1,237.5400,548.6100,4.880083
load_slew962,VDD,Metal1,257.4520,336.9040,4.846209
fanout961,VDD,Metal1,208.4200,368.6700,4.850036
fanout960,VDD,Metal1,227.5930,306.8615,4.842602
wire959,VDD,Metal1,251.1130,226.2215,4.835071
fanout958,VDD,Metal1,238.9430,226.1620,4.835071
load_slew957,VDD,Metal1,215.2730,347.1815,4.847551
load_slew956,VDD,Metal1,257.8330,236.3015,4.835992
fanout955,VDD,Metal1,250.1430,227.4380,4.835071
wire954,VDD,Metal1,217.4530,388.7265,4.852975
fanout953,VDD,Metal1,222.2200,428.9225,4.858961
load_slew952,VDD,Metal1,229.8330,226.2215,4.835070
fanout951,VDD,Metal1,265.5400,336.9300,4.846238
load_slew950,VDD,Metal1,541.6930,74.9530,4.827358
fanout949,VDD,Metal1,378.9430,86.3180,4.827680
load_slew948,VDD,Metal1,661.0330,75.0215,4.827305
fanout947,VDD,Metal1,572.7030,76.2380,4.827342
load_slew946,VDD,Metal1,398.5720,64.7440,4.827488
fanout945,VDD,Metal1,361.0230,64.8820,4.827491
wire944,VDD,Metal1,421.8530,74.9530,4.827579
load_slew943,VDD,Metal1,527.7530,105.2615,4.828490
fanout942,VDD,Metal1,390.7030,66.1580,4.827488
load_slew941,VDD,Metal1,623.5130,105.2615,4.828457
fanout940,VDD,Metal1,591.1830,105.2020,4.828461
load_slew939,VDD,Metal1,405.0530,56.0865,4.827134
fanout938,VDD,Metal1,380.0630,45.9980,4.827144
load_slew937,VDD,Metal1,984.7130,237.4580,4.835911
load_slew936,VDD,Metal1,947.7530,206.0615,4.833599
fanout935,VDD,Metal1,1049.1130,387.5015,4.853601
load_slew934,VDD,Metal1,1022.7930,227.3780,4.834874
load_slew933,VDD,Metal1,1076.7320,226.0240,4.834872
fanout932,VDD,Metal1,1041.9830,177.0380,4.831477
fanout931,VDD,Metal1,146.3930,207.2180,4.833563
fanout930,VDD,Metal1,677.4230,155.6020,4.830590
fanout929,VDD,Metal1,604.3400,408.9900,4.856631
fanout928,VDD,Metal1,807.9030,439.1180,4.861757
fanout927,VDD,Metal1,763.1030,326.9620,4.845717
fanout926,VDD,Metal1,505.5030,429.0380,4.859378
fanout925,VDD,Metal1,686.6600,457.8900,4.865252
fanout924,VDD,Metal1,798.3830,437.8420,4.861759
fanout923,VDD,Metal1,685.5400,286.5300,4.841068
fanout922,VDD,Metal1,805.9400,308.1900,4.843195
fanout921,VDD,Metal1,190.5000,347.0100,4.847542
fanout920,VDD,Metal1,186.3800,348.2825,4.847542
fanout919,VDD,Metal1,190.2230,166.9580,4.831218
fanout918,VDD,Metal1,806.2230,227.4380,4.835148
fanout917,VDD,Metal1,645.5030,175.7620,4.831933
fanout916,VDD,Metal1,406.9430,447.9220,4.862551
fanout915,VDD,Metal1,31.7430,882.6380,4.909334
fanout914,VDD,Metal1,16.6230,882.6380,4.909334
fanout913,VDD,Metal1,33.9830,1094.3180,4.914582
fanout912,VDD,Metal1,480.8630,185.8420,4.832438
fanout911,VDD,Metal1,681.3430,267.7580,4.838957
fanout910,VDD,Metal1,802.3030,175.7620,4.831700
fanout909,VDD,Metal1,755.8230,458.0020,4.865406
fanout908,VDD,Metal1,840.9430,429.0380,4.860053
wire1238,VDD,Metal1,433.8520,529.9760,4.877255
fanout906,VDD,Metal1,285.7000,429.1500,4.859072
fanout905,VDD,Metal1,358.7830,266.4820,4.838808
fanout904,VDD,Metal1,232.0130,408.8865,4.856049
fanout903,VDD,Metal1,123.5830,347.1220,4.847518
wire902,VDD,Metal1,253.0200,247.5225,4.836811
wire901,VDD,Metal1,389.1000,126.5225,4.829147
load_slew900,VDD,Metal1,251.6730,187.0580,4.832223
fanout899,VDD,Metal1,266.3830,197.1980,4.833043
wire898,VDD,Metal1,470.8600,691.0425,4.912346
load_slew897,VDD,Metal1,492.4730,699.9815,4.919527
fanout896,VDD,Metal1,485.3430,681.0380,4.910645
fanout895,VDD,Metal1,584.4630,538.6420,4.879784
wire894,VDD,Metal1,547.8530,518.4730,4.875950
fanout893,VDD,Metal1,544.1430,498.3220,4.871886
fanout892,VDD,Metal1,551.9830,538.6420,4.879543
load_slew891,VDD,Metal1,533.2930,518.4730,4.875878
fanout890,VDD,Metal1,503.2630,509.6780,4.873526
fanout889,VDD,Metal1,527.9030,558.8020,4.884051
load_slew888,VDD,Metal1,540.0730,488.3015,4.870094
fanout887,VDD,Metal1,473.5830,468.0820,4.866147
fanout886,VDD,Metal1,500.4630,570.1580,4.885742
load_slew885,VDD,Metal1,531.8520,478.0240,4.868469
fanout884,VDD,Metal1,488.7030,478.1620,4.868236
load_slew883,VDD,Metal1,578.7130,508.4615,4.874168
fanout882,VDD,Metal1,516.7030,488.2420,4.869997
load_slew881,VDD,Metal1,533.8530,498.3130,4.871871
fanout880,VDD,Metal1,531.2630,459.2780,4.864662
wire879,VDD,Metal1,557.9930,518.5415,4.876039
fanout878,VDD,Metal1,543.0230,479.4380,4.868505
load_slew877,VDD,Metal1,565.2730,489.4580,4.870145
fanout876,VDD,Metal1,578.8630,499.5980,4.872012
load_slew875,VDD,Metal1,546.2330,508.4615,4.873990
fanout874,VDD,Metal1,544.1430,489.5180,4.870094
load_slew873,VDD,Metal1,552.3330,488.2330,4.870108
fanout872,VDD,Metal1,544.1430,478.1620,4.868506
load_slew871,VDD,Metal1,1037.2930,227.4465,4.834873
fanout870,VDD,Metal1,1029.6630,226.1620,4.834873
load_slew869,VDD,Metal1,1052.4730,95.1815,4.827109
fanout868,VDD,Metal1,1043.1030,86.3180,4.826705
fanout867,VDD,Metal1,243.4230,701.1980,4.909444
load_slew866,VDD,Metal1,438.0930,528.5530,4.877273
fanout865,VDD,Metal1,273.1030,529.8380,4.876512
load_slew864,VDD,Metal1,683.4330,579.0215,4.889537
fanout863,VDD,Metal1,681.3430,580.2380,4.889537
load_slew862,VDD,Metal1,296.4130,529.8465,4.876575
fanout861,VDD,Metal1,265.2630,519.7580,4.874543
fanout860,VDD,Metal1,437.7430,508.4020,4.873331
fanout859,VDD,Metal1,265.2630,539.9180,4.878092
fanout858,VDD,Metal1,512.2230,619.2820,4.897704
wire857,VDD,Metal1,605.0330,630.5780,4.900889
fanout856,VDD,Metal1,583.3430,609.2020,4.896038
fanout855,VDD,Metal1,532.3830,590.3180,4.890491
load_slew854,VDD,Metal1,585.3730,629.3530,4.900745
fanout853,VDD,Metal1,602.9430,640.7180,4.903475
fanout852,VDD,Metal1,551.4230,649.5220,4.906115
load_slew851,VDD,Metal1,592.6530,640.7265,4.902979
fanout850,VDD,Metal1,602.9430,639.4420,4.903475
load_slew849,VDD,Metal1,592.7130,560.0180,4.884455
fanout848,VDD,Metal1,619.7430,570.1580,4.886742
load_slew847,VDD,Metal1,548.4730,609.2615,4.895349
fanout846,VDD,Metal1,567.1030,659.6020,4.908992
fanout845,VDD,Metal1,543.5830,620.5580,4.897928
load_slew844,VDD,Metal1,252.7930,418.8980,4.857439
load_slew843,VDD,Metal1,350.2330,308.0180,4.842794
wire842,VDD,Metal1,1050.7930,568.9415,4.889028
fanout841,VDD,Metal1,1052.0630,237.5180,4.835772
load_slew840,VDD,Metal1,1027.8330,397.5815,4.854606
fanout839,VDD,Metal1,1026.8630,246.3220,4.836706
wire838,VDD,Metal1,1041.8330,558.8615,4.886188
fanout837,VDD,Metal1,1059.3430,276.5620,4.839592
load_slew836,VDD,Metal1,1050.7930,447.9815,4.863285
fanout835,VDD,Metal1,1054.8630,246.3220,4.836705
load_slew834,VDD,Metal1,1080.9730,246.3130,4.836705
fanout833,VDD,Metal1,1057.1030,177.0380,4.831477
load_slew832,VDD,Metal1,1077.6730,175.8215,4.831477
load_slew831,VDD,Metal1,1067.5330,115.2730,4.828150
fanout830,VDD,Metal1,1017.9030,116.5580,4.828183
fanout829,VDD,Metal1,1079.9130,388.6580,4.853597
fanout828,VDD,Metal1,207.5830,165.6820,4.831212
fanout827,VDD,Metal1,148.2230,116.5580,4.828887
fanout826,VDD,Metal1,161.6630,155.6020,4.830538
fanout825,VDD,Metal1,814.0630,136.7180,4.829264
fanout824,VDD,Metal1,470.0730,176.9780,4.831967
fanout823,VDD,Metal1,488.7030,226.1620,4.835385
fanout822,VDD,Metal1,798.9430,318.1580,4.844381
fanout821,VDD,Metal1,679.6630,266.4820,4.838957
fanout820,VDD,Metal1,532.3830,247.5980,4.836998
fanout819,VDD,Metal1,936.1430,407.6020,4.856763
fanout818,VDD,Metal1,924.3830,459.2780,4.865514
max_cap1207,VDD,Metal1,658.3400,457.8640,4.865213
fanout816,VDD,Metal1,919.9030,498.3220,4.872750
fanout815,VDD,Metal1,551.2730,296.7815,4.842142
wire1226,VDD,Metal1,266.3400,437.7040,4.860539
fanout813,VDD,Metal1,600.4200,237.6300,4.836157
fanout812,VDD,Metal1,242.7130,306.8615,4.842613
fanout811,VDD,Metal1,376.1830,337.0330,4.846446
load_slew1225,VDD,Metal1,120.1800,286.5040,4.840539
fanout809,VDD,Metal1,681.7530,447.9815,4.863213
fanout808,VDD,Metal1,674.3400,457.8900,4.865232
clone1196,VDD,Metal1,1012.1900,448.0380,4.863308
fanout806,VDD,Metal1,396.1530,328.1780,4.845369
wire1231,VDD,Metal1,517.6130,820.8730,4.929050
fanout804,VDD,Metal1,407.2200,256.2900,4.837857
fanout803,VDD,Metal1,249.8600,306.6900,4.842622
fanout802,VDD,Metal1,746.3030,498.3220,4.872338
fanout801,VDD,Metal1,754.1430,488.2420,4.870970
fanout800,VDD,Metal1,740.1430,326.9620,4.845707
fanout799,VDD,Metal1,775.9830,267.7580,4.839048
wire1224,VDD,Metal1,766.2530,145.5130,4.830010
fanout797,VDD,Metal1,375.0520,489.7080,4.869354
fanout796,VDD,Metal1,429.6200,328.3500,4.845405
fanout795,VDD,Metal1,274.2230,256.4020,4.837758
fanout794,VDD,Metal1,295.9130,509.6180,4.872762
fanout793,VDD,Metal1,263.0230,701.1980,4.909528
fanout792,VDD,Metal1,511.6630,953.1980,4.933537
fanout791,VDD,Metal1,365.5030,337.0420,4.846446
fanout790,VDD,Metal1,802.3030,357.2020,4.849410
fanout789,VDD,Metal1,787.1830,357.2020,4.849434
fanout788,VDD,Metal1,805.3800,347.0100,4.848270
fanout787,VDD,Metal1,315.6630,347.1220,4.847637
fanout786,VDD,Metal1,441.6630,669.6820,4.906747
fanout785,VDD,Metal1,364.4120,640.9080,4.898590
wire1240,VDD,Metal1,387.3720,649.3840,4.901734
fanout783,VDD,Metal1,832.5430,437.8420,4.861725
fanout782,VDD,Metal1,773.1830,368.5580,4.850931
rebuffer1198,VDD,Metal1,284.7900,701.4085,4.909725
fanout780,VDD,Metal1,705.9830,437.8420,4.861577
fanout779,VDD,Metal1,762.0600,378.5225,4.852125
fanout778,VDD,Metal1,815.4600,449.3100,4.863432
fanout777,VDD,Metal1,728.6600,439.2300,4.861609
fanout776,VDD,Metal1,818.5430,326.9620,4.845712
fanout775,VDD,Metal1,456.2230,378.6380,4.851806
fanout774,VDD,Metal1,212.6630,387.4330,4.852960
max_cap1215,VDD,Metal1,218.8120,358.6160,4.848745
fanout772,VDD,Metal1,180.5530,236.3015,4.835945
load_slew771,VDD,Metal1,135.7530,640.6580,4.896140
fanout770,VDD,Metal1,135.3430,659.6020,4.900550
load_slew769,VDD,Metal1,69.0530,609.1930,4.890095
fanout768,VDD,Metal1,135.9030,639.4420,4.896140
fanout767,VDD,Metal1,1013.7000,215.9700,4.834223
fanout766,VDD,Metal1,514.4630,629.3620,4.899568
fanout765,VDD,Metal1,641.5830,699.9220,4.924362
fanout764,VDD,Metal1,513.3430,639.4420,4.901490
wire763,VDD,Metal1,526.5730,427.7530,4.859410
fanout762,VDD,Metal1,592.8630,427.7620,4.859810
load_slew761,VDD,Metal1,416.3130,469.2980,4.865924
fanout760,VDD,Metal1,422.6230,388.7180,4.853168
fanout759,VDD,Metal1,315.6630,488.2420,4.869258
fanout758,VDD,Metal1,253.5030,589.0420,4.887656
wire757,VDD,Metal1,443.7530,519.6980,4.875372
fanout756,VDD,Metal1,362.7030,528.5620,4.876808
load_slew755,VDD,Metal1,370.9530,519.6980,4.874989
fanout754,VDD,Metal1,373.9030,499.5980,4.870448
fanout753,VDD,Metal1,389.5830,538.6420,4.878384
load_slew752,VDD,Metal1,351.3530,538.7015,4.878304
fanout751,VDD,Metal1,349.2630,498.3220,4.870411
fanout750,VDD,Metal1,606.3030,600.3980,4.894339
load_slew749,VDD,Metal1,296.4130,447.9130,4.862272
load_slew748,VDD,Metal1,411.8330,469.2980,4.865912
fanout747,VDD,Metal1,214.3030,488.2420,4.868925
fanout746,VDD,Metal1,665.6630,447.9220,4.863201
load_slew745,VDD,Metal1,781.9930,377.4215,4.852126
fanout744,VDD,Metal1,759.7430,459.2780,4.865406
fanout743,VDD,Metal1,346.4630,479.4380,4.867380
wire742,VDD,Metal1,226.4730,397.5815,4.854412
load_slew741,VDD,Metal1,279.1130,378.5780,4.851614
load_slew740,VDD,Metal1,396.7130,408.8180,4.856263
fanout739,VDD,Metal1,267.5030,328.2380,4.845087
load_slew738,VDD,Metal1,751.7530,468.1415,4.867168
fanout737,VDD,Metal1,700.9430,468.0820,4.867070
fanout736,VDD,Metal1,231.1030,256.4020,4.837744
fanout735,VDD,Metal1,500.7400,467.9700,4.866165
fanout734,VDD,Metal1,207.3730,378.6465,4.851479
fanout733,VDD,Metal1,944.2600,1084.3500,4.987435
fanout732,VDD,Metal1,1026.8630,1094.3180,4.988716
fanout731,VDD,Metal1,957.1400,1084.3500,4.987422
fanout730,VDD,Metal1,779.3430,528.5620,4.879303
fanout729,VDD,Metal1,747.9830,548.7220,4.883633
fanout728,VDD,Metal1,120.7830,276.5620,4.839538
fanout727,VDD,Metal1,121.9030,155.6020,4.830518
fanout726,VDD,Metal1,116.3030,136.7180,4.829478
rebuffer1190,VDD,Metal1,116.7900,429.2485,4.858737
fanout724,VDD,Metal1,143.5930,338.2580,4.846037
fanout723,VDD,Metal1,619.1830,207.2780,4.833923
fanout722,VDD,Metal1,259.7400,307.9625,4.842650
fanout721,VDD,Metal1,368.8630,558.8020,4.882500
fanout720,VDD,Metal1,740.1430,407.6020,4.856882
fanout719,VDD,Metal1,547.5030,499.5980,4.871886
rebuffer1205,VDD,Metal1,280.8700,407.3910,4.856171
fanout717,VDD,Metal1,904.7830,397.5220,4.855206
fanout716,VDD,Metal1,900.3030,348.3980,4.848183
wire1209,VDD,Metal1,326.8200,316.7440,4.843837
fanout714,VDD,Metal1,774.7130,437.9015,4.861728
fanout713,VDD,Metal1,721.3800,316.7700,4.844219
fanout712,VDD,Metal1,408.0630,328.2380,4.845371
fanout711,VDD,Metal1,680.6330,328.1780,4.845642
fanout710,VDD,Metal1,375.8600,246.2100,4.836918
rebuffer1193,VDD,Metal1,651.5900,257.8885,4.838054
fanout708,VDD,Metal1,679.6630,326.9620,4.845642
fanout707,VDD,Metal1,680.2230,256.4020,4.838051
fanout706,VDD,Metal1,563.7430,256.4020,4.837964
fanout705,VDD,Metal1,365.7800,306.6900,4.842861
fanout704,VDD,Metal1,379.7800,237.6300,4.836131
fanout703,VDD,Metal1,231.5130,318.0980,4.843531
fanout702,VDD,Metal1,223.6730,237.4580,4.835942
fanout701,VDD,Metal1,744.3400,377.2500,4.852129
fanout700,VDD,Metal1,787.5930,427.8215,4.860145
fanout699,VDD,Metal1,626.7400,306.6900,4.843382
fanout698,VDD,Metal1,312.8630,296.7220,4.841671
fanout697,VDD,Metal1,633.1830,195.9220,4.833215
fanout696,VDD,Metal1,587.5400,267.8700,4.838855
fanout695,VDD,Metal1,369.1400,296.6100,4.841821
fanout694,VDD,Metal1,519.8530,96.4065,4.827847
wire693,VDD,Metal1,393.2930,227.4465,4.835292
load_slew692,VDD,Metal1,649.4520,217.5480,4.834649
wire691,VDD,Metal1,224.2330,701.1380,4.909373
fanout690,VDD,Metal1,291.0230,699.9220,4.909725
wire689,VDD,Metal1,37.7530,1072.9415,4.914105
fanout688,VDD,Metal1,284.3030,1093.0420,4.918812
fanout687,VDD,Metal1,58.3400,447.8100,4.861644
wire686,VDD,Metal1,298.1530,427.8215,4.859073
fanout685,VDD,Metal1,155.5030,407.6020,4.855898
fanout684,VDD,Metal1,774.8630,459.2780,4.865413
load_slew683,VDD,Metal1,822.8730,469.2980,4.867238
fanout682,VDD,Metal1,802.0200,469.4700,4.867254
load_slew681,VDD,Metal1,761.4520,447.7840,4.863371
fanout680,VDD,Metal1,755.5400,449.3100,4.863364
load_slew679,VDD,Metal1,780.8730,328.1780,4.845737
fanout678,VDD,Metal1,747.7000,357.0900,4.849371
load_slew677,VDD,Metal1,445.9930,408.8180,4.856392
fanout676,VDD,Metal1,426.5430,478.1620,4.867645
load_slew675,VDD,Metal1,226.9730,357.1930,4.848746
load_slew674,VDD,Metal1,251.6730,337.1015,4.846205
fanout673,VDD,Metal1,182.9430,439.1180,4.860457
max_cap1234,VDD,Metal1,501.6120,165.5440,4.831230
fanout671,VDD,Metal1,378.7930,348.3380,4.847667
fanout670,VDD,Metal1,1029.6630,1093.0420,4.988716
load_slew669,VDD,Metal1,993.0530,1084.2465,4.987415
fanout668,VDD,Metal1,987.6630,1093.0420,4.988722
fanout667,VDD,Metal1,968.3400,1094.4300,4.988727
fanout666,VDD,Metal1,818.5430,478.1620,4.869168
fanout665,VDD,Metal1,688.6230,418.9580,4.858372
fanout664,VDD,Metal1,325.7430,407.6020,4.856192
fanout663,VDD,Metal1,650.2600,467.9700,4.866981
fanout662,VDD,Metal1,743.7800,467.9700,4.867134
fanout661,VDD,Metal1,387.3430,296.7220,4.841830
fanout660,VDD,Metal1,639.9030,578.9620,4.889253
fanout659,VDD,Metal1,564.8630,609.2020,4.896025
fanout658,VDD,Metal1,622.5430,529.8380,4.878539
fanout657,VDD,Metal1,728.6600,538.5300,4.881182
fanout656,VDD,Metal1,767.5830,600.3980,4.895983
fanout655,VDD,Metal1,377.1130,508.4615,4.873052
fanout654,VDD,Metal1,720.5430,459.2780,4.865313
fanout653,VDD,Metal1,461.2630,549.9980,4.881386
fanout652,VDD,Metal1,722.2230,558.8020,4.885422
fanout651,VDD,Metal1,743.7800,528.4500,4.879122
fanout650,VDD,Metal1,97.8230,388.7180,4.852719
fanout649,VDD,Metal1,1036.1000,1042.5300,4.966641
fanout648,VDD,Metal1,358.6330,417.7415,4.857526
fanout647,VDD,Metal1,214.3030,357.2020,4.848745
fanout646,VDD,Metal1,609.9400,227.5500,4.835332
fanout645,VDD,Metal1,273.1800,387.5575,4.853031
fanout644,VDD,Metal1,259.5130,286.7015,4.840715
fanout643,VDD,Metal1,684.7030,387.4420,4.853842
fanout642,VDD,Metal1,492.0630,217.3580,4.834734
fanout641,VDD,Metal1,196.3830,417.6820,4.857397
fanout640,VDD,Metal1,247.6200,407.4900,4.856055
fanout639,VDD,Metal1,498.2230,388.7180,4.853461
fanout638,VDD,Metal1,456.5000,388.8300,4.853204
fanout637,VDD,Metal1,243.2730,367.3415,4.850133
fanout636,VDD,Metal1,279.1130,318.0980,4.843522
rebuffer1191,VDD,Metal1,348.0700,528.3510,4.876775
fanout634,VDD,Metal1,631.9130,427.8215,4.859890
fanout633,VDD,Metal1,671.2630,286.6420,4.841081
fanout632,VDD,Metal1,135.9030,246.3220,4.836769
fanout631,VDD,Metal1,245.6630,185.8420,4.832223
fanout630,VDD,Metal1,135.9030,206.0020,4.833549
fanout629,VDD,Metal1,891.3430,76.2380,4.826872
fanout628,VDD,Metal1,938.9430,266.4820,4.838653
wire1227,VDD,Metal1,599.5400,36.0560,4.826656
fanout626,VDD,Metal1,224.7930,469.2980,4.865407
fanout625,VDD,Metal1,232.5000,306.6900,4.842603
fanout624,VDD,Metal1,161.1030,387.4420,4.852803
fanout623,VDD,Metal1,246.2230,256.4020,4.837750
fanout622,VDD,Metal1,233.9030,308.0780,4.842603
fanout621,VDD,Metal1,725.0230,560.0780,4.885422
fanout620,VDD,Metal1,716.0630,508.4020,4.874973
fanout619,VDD,Metal1,652.7830,479.4380,4.868924
fanout618,VDD,Metal1,635.9830,437.8420,4.861489
fanout617,VDD,Metal1,119.1030,407.6020,4.855800
fanout616,VDD,Metal1,54.1430,398.7980,4.854126
wire1213,VDD,Metal1,383.9400,387.3040,4.853089
fanout614,VDD,Metal1,242.3030,266.4820,4.838464
fanout613,VDD,Metal1,721.1030,437.8420,4.861608
fanout612,VDD,Metal1,717.1830,407.6020,4.856871
fanout611,VDD,Metal1,791.1800,448.0375,4.863459
fanout610,VDD,Metal1,410.8630,237.5180,4.836136
fanout609,VDD,Metal1,677.7000,316.7700,4.844306
fanout608,VDD,Metal1,16.0630,832.2380,4.907904
fanout607,VDD,Metal1,145.4230,670.9580,4.901032
fanout606,VDD,Metal1,258.2600,338.4300,4.846209
fanout605,VDD,Metal1,272.6200,357.3175,4.848755
rebuffer1201,VDD,Metal1,406.8700,429.2485,4.859248
fanout603,VDD,Metal1,578.3800,256.5175,4.837964
fanout602,VDD,Metal1,587.9000,256.5175,4.837972
fanout601,VDD,Metal1,245.5130,308.0180,4.842614
fanout600,VDD,Metal1,377.3400,296.8375,4.841827
fanout599,VDD,Metal1,251.6730,287.8580,4.840715
fanout598,VDD,Metal1,250.5530,246.3815,4.836809
wire1208,VDD,Metal1,450.0200,276.4240,4.839717
fanout596,VDD,Metal1,670.7030,498.3220,4.872244
fanout595,VDD,Metal1,715.7800,467.9700,4.867085
fanout594,VDD,Metal1,409.0330,378.5780,4.851762
fanout593,VDD,Metal1,398.2600,387.3300,4.853107
fanout592,VDD,Metal1,802.3030,316.8820,4.844381
fanout591,VDD,Metal1,786.6230,347.1220,4.848286
fanout590,VDD,Metal1,681.3430,197.1980,4.833156
fanout589,VDD,Metal1,420.9430,378.6380,4.851764
fanout588,VDD,Metal1,756.3830,437.8420,4.861683
fanout587,VDD,Metal1,759.7430,439.1180,4.861683
fanout586,VDD,Metal1,642.1430,650.7980,4.907972
fanout585,VDD,Metal1,596.2230,649.5220,4.907726
fanout584,VDD,Metal1,739.5830,408.8780,4.856882
fanout583,VDD,Metal1,697.9930,428.9780,4.859976
fanout582,VDD,Metal1,783.6730,428.9780,4.860140
fanout581,VDD,Metal1,769.3400,337.1575,4.846816
fanout580,VDD,Metal1,656.1430,287.9180,4.841084
fanout579,VDD,Metal1,761.1400,368.6700,4.850927
fanout578,VDD,Metal1,446.5530,297.9380,4.841961
load_slew577,VDD,Metal1,153.6130,277.8465,4.839530
fanout576,VDD,Metal1,645.5030,609.2020,4.896668
fanout575,VDD,Metal1,213.7430,570.1580,4.883364
fanout574,VDD,Metal1,265.2630,247.5980,4.836826
fanout573,VDD,Metal1,14.9430,972.0820,4.911975
fanout572,VDD,Metal1,18.3030,951.9220,4.911606
fanout571,VDD,Metal1,500.4630,348.3980,4.847995
fanout570,VDD,Metal1,354.3030,306.8020,4.842794
fanout569,VDD,Metal1,484.7830,236.2420,4.836214
fanout568,VDD,Metal1,356.5430,195.9220,4.833196
fanout567,VDD,Metal1,395.7430,701.1980,4.916964
wire566,VDD,Metal1,508.7130,650.7380,4.904353
fanout565,VDD,Metal1,371.1800,701.0825,4.911585
wire564,VDD,Metal1,385.5130,701.1380,4.911888
fanout563,VDD,Metal1,368.8630,691.1180,4.909353
load_slew562,VDD,Metal1,424.7130,691.0580,4.910649
fanout561,VDD,Metal1,391.5400,699.8100,4.916963
load_slew560,VDD,Metal1,421.9130,639.5015,4.899587
fanout559,VDD,Metal1,397.7000,649.4100,4.901772
load_slew558,VDD,Metal1,488.5530,539.8580,4.879516
fanout557,VDD,Metal1,481.1400,540.0300,4.879516
load_slew556,VDD,Metal1,494.6530,548.7130,4.881468
load_slew555,VDD,Metal1,523.2730,528.6215,4.877758
fanout554,VDD,Metal1,469.1030,519.7580,4.875482
load_slew553,VDD,Metal1,620.6530,468.0730,4.866971
fanout552,VDD,Metal1,625.3430,469.3580,4.866971
load_slew551,VDD,Metal1,645.9130,499.5380,4.872202
fanout550,VDD,Metal1,618.0630,509.6780,4.874522
fanout549,VDD,Metal1,853.8230,308.0780,4.843049
fanout548,VDD,Metal1,508.1530,165.7415,4.831228
fanout547,VDD,Metal1,333.0230,580.2380,4.886484
fanout546,VDD,Metal1,235.5830,589.0420,4.887509
fanout545,VDD,Metal1,235.3000,580.3500,4.885956
fanout544,VDD,Metal1,571.5830,177.0380,4.831924
fanout543,VDD,Metal1,402.3130,257.6180,4.837853
fanout542,VDD,Metal1,834.2230,145.5220,4.829937
fanout541,VDD,Metal1,488.5530,125.4215,4.829177
wire540,VDD,Metal1,513.4200,560.0025,4.883891
load_slew539,VDD,Metal1,611.1930,659.6615,4.910154
fanout538,VDD,Metal1,602.9430,670.9580,4.914083
fanout537,VDD,Metal1,801.7430,236.2420,4.836177
fanout536,VDD,Metal1,630.3830,246.3220,4.837131
fanout535,VDD,Metal1,634.8630,619.2820,4.899808
fanout534,VDD,Metal1,641.0230,649.5220,4.907971
fanout533,VDD,Metal1,508.8630,508.4020,4.873527
fanout532,VDD,Metal1,583.3430,568.8820,4.886123
fanout531,VDD,Metal1,509.1400,548.6100,4.881494
fanout530,VDD,Metal1,660.0630,590.3180,4.891620
fanout529,VDD,Metal1,309.5030,619.2820,4.894149
fanout528,VDD,Metal1,868.3830,337.0420,4.846722
fanout527,VDD,Metal1,746.0200,348.5100,4.848259
load_slew526,VDD,Metal1,1030.0730,1022.5415,4.965047
fanout525,VDD,Metal1,409.7430,377.3620,4.851762
fanout524,VDD,Metal1,533.8530,357.1930,4.849456
fanout523,VDD,Metal1,569.1330,377.3530,4.852169
fanout522,VDD,Metal1,567.1030,308.0780,4.843351
fanout521,VDD,Metal1,1045.3430,841.0420,4.954006
fanout520,VDD,Metal1,984.8630,820.8820,4.952549
fanout519,VDD,Metal1,939.5030,670.9580,4.922450
fanout518,VDD,Metal1,902.9530,529.7780,4.879439
fanout517,VDD,Metal1,656.1430,116.5580,4.828668
fanout516,VDD,Metal1,745.1830,115.2820,4.828642
fanout515,VDD,Metal1,525.3800,338.4300,4.846457
fanout514,VDD,Metal1,543.4330,116.4980,4.828710
fanout513,VDD,Metal1,277.5830,609.2020,4.891749
fanout512,VDD,Metal1,175.1030,590.3180,4.887165
fanout511,VDD,Metal1,606.3030,368.5580,4.850874
fanout510,VDD,Metal1,932.2230,408.8780,4.856763
fanout509,VDD,Metal1,873.1400,550.1100,4.884008
fanout508,VDD,Metal1,856.1400,548.8375,4.883988
fanout507,VDD,Metal1,878.7400,548.6100,4.884021
fanout506,VDD,Metal1,622.5430,387.4420,4.853824
wire1235,VDD,Metal1,629.6730,207.2180,4.833925
fanout504,VDD,Metal1,328.5430,276.5620,4.839569
fanout503,VDD,Metal1,303.3430,116.5580,4.828842
fanout502,VDD,Metal1,292.7030,74.9620,4.827603
fanout501,VDD,Metal1,968.0630,560.0780,4.886523
fanout500,VDD,Metal1,975.3430,609.2020,4.900587
fanout499,VDD,Metal1,983.1830,508.4020,4.875407
fanout498,VDD,Metal1,1047.5830,509.6780,4.875360
fanout497,VDD,Metal1,961.8600,427.6240,4.859994
fanout496,VDD,Metal1,564.8630,74.9620,4.827342
fanout495,VDD,Metal1,566.8200,56.1900,4.826957
fanout494,VDD,Metal1,436.1400,86.2025,4.827719
fanout493,VDD,Metal1,357.7400,96.2825,4.827818
fanout492,VDD,Metal1,266.9430,630.6380,4.895887
fanout491,VDD,Metal1,722.2230,24.5620,4.826580
fanout490,VDD,Metal1,841.7800,56.1900,4.826487
fanout489,VDD,Metal1,934.2530,46.0065,4.826012
fanout488,VDD,Metal1,596.2230,326.9620,4.845603
fanout487,VDD,Metal1,583.3430,135.4420,4.829421
fanout486,VDD,Metal1,1057.1030,408.8780,4.856548
fanout485,VDD,Metal1,1081.4600,217.4700,4.834199
fanout484,VDD,Metal1,1010.0630,217.3580,4.834223
fanout483,VDD,Metal1,1034.1430,76.2380,4.826815
fanout482,VDD,Metal1,760.3030,24.5620,4.826569
fanout481,VDD,Metal1,475.3400,166.8425,4.831187
fanout480,VDD,Metal1,1009.9130,276.6215,4.839691
fanout479,VDD,Metal1,973.0300,237.7285,4.835912
fanout478,VDD,Metal1,504.9430,286.6420,4.841052
fanout477,VDD,Metal1,273.1030,96.3980,4.827943
fanout476,VDD,Metal1,253.5030,105.2020,4.828545
fanout475,VDD,Metal1,271.7000,46.1100,4.827111
wire474,VDD,Metal1,561.9130,257.6180,4.837964
max_cap1212,VDD,Metal1,400.7400,437.7040,4.860827
load_slew472,VDD,Metal1,925.9130,165.7415,4.830616
fanout471,VDD,Metal1,900.3030,166.9580,4.830662
load_slew470,VDD,Metal1,929.2730,156.8180,4.830253
fanout469,VDD,Metal1,894.1430,156.8780,4.830298
load_slew468,VDD,Metal1,943.7730,125.3530,4.828633
fanout467,VDD,Metal1,933.3430,116.5580,4.828318
fanout466,VDD,Metal1,485.1930,287.8580,4.841052
fanout465,VDD,Metal1,917.9400,558.6900,4.886483
fanout464,VDD,Metal1,915.7000,560.1900,4.886482
fanout463,VDD,Metal1,985.4230,407.6020,4.856669
fanout462,VDD,Metal1,900.3030,197.1980,4.832698
fanout461,VDD,Metal1,969.7430,701.1980,4.940827
fanout460,VDD,Metal1,983.4600,519.8700,4.877523
fanout459,VDD,Metal1,956.3030,236.2420,4.835914
fanout458,VDD,Metal1,965.6130,650.8065,4.913086
fanout457,VDD,Metal1,1003.4200,931.8775,4.958870
fanout456,VDD,Metal1,1056.8200,953.3100,4.960015
fanout455,VDD,Metal1,1030.0730,982.2215,4.962079
fanout454,VDD,Metal1,976.4630,287.9180,4.840942
fanout453,VDD,Metal1,919.9030,246.3220,4.836965
fanout452,VDD,Metal1,214.2300,286.4310,4.840691
fanout451,VDD,Metal1,191.3430,226.1620,4.835052
fanout450,VDD,Metal1,516.7030,115.2820,4.828785
fanout449,VDD,Metal1,802.3030,95.1220,4.827761
fanout448,VDD,Metal1,797.5400,106.5900,4.828064
fanout447,VDD,Metal1,161.6630,185.8420,4.832313
fanout446,VDD,Metal1,143.1830,136.7180,4.829535
fanout445,VDD,Metal1,703.1830,24.5620,4.826590
fanout444,VDD,Metal1,537.9830,187.1180,4.832413
fanout443,VDD,Metal1,371.1030,125.3620,4.829148
fanout442,VDD,Metal1,254.9000,64.7700,4.827438
fanout441,VDD,Metal1,257.9830,96.3980,4.827945
fanout440,VDD,Metal1,960.6330,256.4615,4.837872
fanout439,VDD,Metal1,955.5930,316.9415,4.844290
fanout438,VDD,Metal1,932.7830,197.1980,4.832665
fanout437,VDD,Metal1,124.5530,316.9415,4.843657
wire436,VDD,Metal1,313.2730,216.1415,4.834553
wire435,VDD,Metal1,220.8730,227.3780,4.835066
wire434,VDD,Metal1,605.0330,44.7815,4.826633
max_cap1214,VDD,Metal1,266.9000,357.0640,4.848755
load_slew432,VDD,Metal1,154.7330,256.3930,4.837682
fanout431,VDD,Metal1,152.1430,267.7580,4.838397
wire430,VDD,Metal1,94.8130,86.3265,4.827862
fanout429,VDD,Metal1,91.6630,105.2020,4.828602
fanout428,VDD,Metal1,98.2330,287.8580,4.840539
fanout427,VDD,Metal1,174.3330,318.1665,4.843669
fanout426,VDD,Metal1,176.2230,328.2380,4.844960
fanout425,VDD,Metal1,152.4930,276.5530,4.839530
fanout424,VDD,Metal1,135.9030,115.2820,4.828886
fanout423,VDD,Metal1,125.6730,306.8615,4.842526
fanout422,VDD,Metal1,1004.4630,912.8780,4.957387
max_cap1216,VDD,Metal1,328.5600,449.3880,4.862375
fanout420,VDD,Metal1,893.8600,226.0500,4.835014
fanout419,VDD,Metal1,912.0630,337.0420,4.846688
fanout418,VDD,Metal1,914.3800,348.2825,4.848184
fanout417,VDD,Metal1,876.0130,44.7130,4.826038
fanout416,VDD,Metal1,108.8730,75.0215,4.827598
fanout415,VDD,Metal1,178.3130,337.1015,4.846083
fanout414,VDD,Metal1,877.3430,529.8380,4.879372
fanout413,VDD,Metal1,178.3130,276.6215,4.839550
fanout412,VDD,Metal1,156.0630,337.0420,4.846060
fanout411,VDD,Metal1,132.5430,308.0780,4.842530
fanout410,VDD,Metal1,141.7800,509.7900,4.872138
fanout409,VDD,Metal1,163.3720,508.2120,4.872157
fanout408,VDD,Metal1,323.7800,548.6100,4.880465
fanout407,VDD,Metal1,168.1000,528.4500,4.875855
fanout406,VDD,Metal1,195.6130,519.7665,4.874348
fanout405,VDD,Metal1,253.5030,639.4420,4.897619
fanout404,VDD,Metal1,125.5400,568.7700,4.883063
fanout403,VDD,Metal1,89.9830,326.9620,4.844878
fanout402,VDD,Metal1,237.8520,409.0680,4.856049
load_slew401,VDD,Metal1,63.5130,417.7415,4.857146
fanout400,VDD,Metal1,285.7000,398.9100,4.854520
fanout399,VDD,Metal1,161.1320,447.7320,4.861741
load_slew398,VDD,Metal1,178.3130,609.2615,4.891205
fanout397,VDD,Metal1,189.6630,610.4780,4.891241
max_cap1230,VDD,Metal1,489.2800,306.6115,4.843267
fanout395,VDD,Metal1,237.1900,508.1910,4.872396
fanout394,VDD,Metal1,277.0520,469.5480,4.865477
fanout393,VDD,Metal1,348.1430,338.3180,4.846445
wire392,VDD,Metal1,487.4330,600.3380,4.891833
load_slew391,VDD,Metal1,667.7530,589.1015,4.891644
fanout390,VDD,Metal1,526.5000,246.2100,4.836998
fanout389,VDD,Metal1,311.2120,326.7720,4.845188
fanout388,VDD,Metal1,284.6530,388.7265,4.853037
fanout387,VDD,Metal1,659.7800,407.4900,4.856865
fanout386,VDD,Metal1,641.5830,407.6020,4.856865
fanout385,VDD,Metal1,720.0600,417.7975,4.858408
fanout384,VDD,Metal1,298.6530,397.5130,4.854530
load_slew383,VDD,Metal1,323.0200,408.8025,4.856192
wire382,VDD,Metal1,344.0730,407.6615,4.856192
load_slew1221,VDD,Metal1,128.0200,84.9040,4.827816
load_slew380,VDD,Metal1,373.7530,378.5780,4.851730
fanout379,VDD,Metal1,554.5730,387.4330,4.853523
load_slew378,VDD,Metal1,81.4330,247.5380,4.836763
load_slew377,VDD,Metal1,52.8730,237.4580,4.835865
rebuffer1199,VDD,Metal1,406.8700,439.3285,4.860828
load_slew375,VDD,Metal1,29.9130,236.3015,4.835877
fanout374,VDD,Metal1,76.8200,226.0500,4.835001
rebuffer1204,VDD,Metal1,311.1100,407.3910,4.856177
fanout372,VDD,Metal1,84.1000,215.9700,4.834289
wire1237,VDD,Metal1,256.3320,681.1760,4.905947
fanout370,VDD,Metal1,579.9830,197.1980,4.833198
fanout369,VDD,Metal1,578.7130,216.1415,4.834694
fanout368,VDD,Metal1,309.8530,437.8330,4.860680
fanout367,VDD,Metal1,304.7400,277.9500,4.839560
fanout366,VDD,Metal1,297.4600,306.6900,4.842762
fanout365,VDD,Metal1,298.9400,377.4775,4.851637
rebuffer1197,VDD,Metal1,345.2700,671.1685,4.904429
fanout363,VDD,Metal1,538.8200,398.9100,4.854901
fanout362,VDD,Metal1,676.3800,418.8425,4.858369
fanout361,VDD,Metal1,300.2600,237.6300,4.836057
fanout360,VDD,Metal1,334.4200,237.6300,4.836151
fanout359,VDD,Metal1,322.1000,236.1300,4.836107
fanout358,VDD,Metal1,410.0200,215.9700,4.834624
fanout357,VDD,Metal1,454.2600,256.2900,4.837886
fanout356,VDD,Metal1,427.9400,247.7100,4.836937
fanout355,VDD,Metal1,533.9130,236.3015,4.836106
fanout354,VDD,Metal1,664.9530,227.3780,4.835260
fanout353,VDD,Metal1,713.9000,216.1975,4.834594
fanout352,VDD,Metal1,705.2730,237.4580,4.836232
fanout351,VDD,Metal1,83.1130,226.2215,4.834997
fanout350,VDD,Metal1,90.0230,216.0730,4.834333
wire1232,VDD,Metal1,677.9100,215.8710,4.834627
fanout348,VDD,Metal1,303.6200,620.6700,4.894149
fanout347,VDD,Metal1,304.3130,639.5015,4.898094
fanout346,VDD,Metal1,592.0200,226.0500,4.835333
fanout345,VDD,Metal1,293.3400,357.3175,4.848766
fanout344,VDD,Metal1,289.4200,347.2375,4.847576
fanout343,VDD,Metal1,289.1330,306.7930,4.842715
fanout342,VDD,Metal1,401.7530,609.2615,4.892839
fanout341,VDD,Metal1,661.7430,358.4780,4.849375
fanout340,VDD,Metal1,379.5320,439.3080,4.860787
fanout339,VDD,Metal1,653.6930,398.8065,4.855083
fanout338,VDD,Metal1,344.0130,316.8730,4.843839
fanout337,VDD,Metal1,713.2630,256.4020,4.838054
fanout336,VDD,Metal1,547.7800,256.2900,4.837964
fanout335,VDD,Metal1,323.9130,318.0980,4.843836
fanout334,VDD,Metal1,318.2530,308.0865,4.842764
wire1222,VDD,Metal1,688.5800,398.9360,4.855074
fanout332,VDD,Metal1,724.7400,408.9900,4.856871
fanout331,VDD,Metal1,669.9930,407.6615,4.856861
rebuffer1192,VDD,Metal1,325.1100,225.9510,4.835235
fanout329,VDD,Metal1,547.9130,378.5780,4.852096
fanout328,VDD,Metal1,657.0530,357.1930,4.849375
fanout327,VDD,Metal1,550.3030,377.3620,4.852096
fanout326,VDD,Metal1,318.2530,318.1665,4.843600
fanout325,VDD,Metal1,389.8600,347.0100,4.847740
fanout324,VDD,Metal1,390.4200,388.8300,4.853095
fanout323,VDD,Metal1,401.6200,407.4900,4.856305
fanout322,VDD,Metal1,424.0200,387.3300,4.853168
fanout321,VDD,Metal1,461.5400,417.5700,4.857783
fanout320,VDD,Metal1,716.3400,237.6300,4.836175
fanout319,VDD,Metal1,708.5000,348.5100,4.848235
fanout318,VDD,Metal1,783.5400,509.7900,4.875132
fanout317,VDD,Metal1,716.9000,509.7900,4.874973
fanout316,VDD,Metal1,686.1000,519.8700,4.876652
fanout315,VDD,Metal1,817.7000,529.9500,4.879344
fanout314,VDD,Metal1,787.4600,519.8700,4.877179
fanout313,VDD,Metal1,690.5800,348.5100,4.848226
fanout312,VDD,Metal1,697.3000,407.4900,4.856865
fanout311,VDD,Metal1,564.0200,236.1300,4.836129
fanout310,VDD,Metal1,279.0530,328.2465,4.845097
fanout309,VDD,Metal1,557.3000,397.4100,4.854924
fanout308,VDD,Metal1,586.9800,276.4500,4.839861
fanout307,VDD,Metal1,658.6600,367.1700,4.850885
fanout306,VDD,Metal1,637.9400,257.7900,4.838060
fanout305,VDD,Metal1,62.2600,195.8100,4.832807
fanout304,VDD,Metal1,62.3330,165.6730,4.831226
fanout303,VDD,Metal1,332.7400,538.5300,4.878262
fanout302,VDD,Metal1,310.4730,338.2580,4.846401
fanout301,VDD,Metal1,284.7130,378.5780,4.851636
fanout300,VDD,Metal1,304.3130,327.0215,4.845187
fanout299,VDD,Metal1,532.6600,246.2100,4.836998
fanout298,VDD,Metal1,285.1400,328.3500,4.845158
fanout297,VDD,Metal1,347.8600,499.7100,4.870411
fanout296,VDD,Metal1,327.1400,508.2900,4.872921
max_cap1220,VDD,Metal1,383.9400,437.7040,4.860787
fanout294,VDD,Metal1,449.7800,237.6300,4.836161
rebuffer1200,VDD,Metal1,276.9500,397.3110,4.854516
fanout292,VDD,Metal1,683.6600,509.5625,4.874783
wire1223,VDD,Metal1,364.3400,328.3760,4.845321
fanout290,VDD,Metal1,324.3400,328.3500,4.845305
fanout289,VDD,Metal1,532.6600,397.4100,4.854895
fanout288,VDD,Metal1,396.0930,358.4865,4.848783
fanout287,VDD,Metal1,219.9320,398.9880,4.854368
fanout286,VDD,Metal1,222.4930,348.4065,4.847552
fanout285,VDD,Metal1,335.8520,447.7320,4.862376
fanout284,VDD,Metal1,340.0200,116.6700,4.828838
fanout283,VDD,Metal1,88.7130,126.5780,4.829073
fanout282,VDD,Metal1,623.9400,247.7100,4.837129
fanout281,VDD,Metal1,348.6600,439.2560,4.860755
fanout280,VDD,Metal1,296.5800,318.2960,4.843536
fanout279,VDD,Metal1,266.9830,417.6730,4.857440
fanout278,VDD,Metal1,373.9320,377.1720,4.851730
fanout277,VDD,Metal1,779.3430,589.0420,4.892925
fanout276,VDD,Metal1,668.7400,570.2700,4.887350
fanout275,VDD,Metal1,336.6600,407.4900,4.856192
fanout274,VDD,Metal1,787.1830,538.6420,4.881438
fanout273,VDD,Metal1,661.4600,558.6900,4.884975
max_cap1217,VDD,Metal1,372.1800,449.3360,4.862414
fanout271,VDD,Metal1,747.7730,550.0065,4.883633
rebuffer1203,VDD,Metal1,406.8700,499.8085,4.870713
fanout269,VDD,Metal1,304.7400,215.9700,4.834553
fanout268,VDD,Metal1,686.6600,417.5700,4.858372
fanout267,VDD,Metal1,363.3030,338.3265,4.846446
fanout266,VDD,Metal1,337.8530,316.8730,4.843839
fanout265,VDD,Metal1,691.5000,368.4425,4.850882
fanout264,VDD,Metal1,402.2530,348.4065,4.847745
fanout263,VDD,Metal1,343.5130,306.8615,4.842783
fanout262,VDD,Metal1,372.0730,459.2180,4.863967
fanout261,VDD,Metal1,525.4530,387.4330,4.853471
fanout260,VDD,Metal1,533.3530,437.9015,4.861106
fanout259,VDD,Metal1,702.1400,297.8825,4.842106
fanout258,VDD,Metal1,431.4330,256.4615,4.837884
fanout257,VDD,Metal1,336.6600,387.3300,4.853062
wire1236,VDD,Metal1,703.0330,1074.0980,4.956862
fanout255,VDD,Metal1,676.6530,338.3265,4.846690
fanout254,VDD,Metal1,325.0330,306.8615,4.842774
fanout253,VDD,Metal1,435.9130,368.4980,4.850562
fanout252,VDD,Metal1,632.1400,277.7225,4.840123
fanout251,VDD,Metal1,339.5330,267.7665,4.838811
fanout250,VDD,Metal1,714.2330,327.0215,4.845704
fanout249,VDD,Metal1,383.2730,257.6180,4.837839
fanout248,VDD,Metal1,598.3130,217.2980,4.834694
fanout247,VDD,Metal1,323.8530,308.0865,4.842771
fanout246,VDD,Metal1,421.9130,266.5415,4.838827
fanout245,VDD,Metal1,337.9130,478.2215,4.867373
fanout1239,VDD,Metal1,1016.0730,207.2180,4.833423
fanout243,VDD,Metal1,650.9530,447.9815,4.863182
fanout242,VDD,Metal1,512.1800,459.4160,4.864619
fanout241,VDD,Metal1,571.0520,276.3720,4.839857
fanout240,VDD,Metal1,475.0530,257.6865,4.837966
fanout239,VDD,Metal1,377.8520,459.4680,4.863973
fanout238,VDD,Metal1,649.3800,417.5440,4.858369
ANTENNA_13,VDD,Metal1,838.8800,650.1600,4.912314
ANTENNA_12,VDD,Metal1,830.4800,650.1600,4.912249
ANTENNA_11,VDD,Metal1,35.2800,630.0000,4.894001
ANTENNA_10,VDD,Metal1,899.9200,307.4400,4.843013
ANTENNA_9,VDD,Metal1,875.8400,287.2800,4.840858
ANTENNA_8,VDD,Metal1,638.9600,1073.5200,4.951769
ANTENNA_7,VDD,Metal1,104.7200,1093.6800,4.915834
ANTENNA_6,VDD,Metal1,511.8400,1053.3600,4.936106
ANTENNA_5,VDD,Metal1,511.8400,1093.6800,4.940566
ANTENNA_4,VDD,Metal1,1054.4800,267.1200,4.838263
rebuffer235,VDD,Metal1,325.7015,397.2925,4.854652
rebuffer223,VDD,Metal1,334.1015,439.3470,4.860753
rebuffer222,VDD,Metal1,342.5015,388.9470,4.853062
ANTENNA_3,VDD,Metal1,645.1200,1093.6800,4.952832
ANTENNA_2,VDD,Metal1,898.2400,216.7200,4.834317
ANTENNA_1,VDD,Metal1,814.8000,226.8000,4.835142
rebuffer221,VDD,Metal1,674.0215,246.0925,4.837105
rebuffer220,VDD,Metal1,341.3815,378.8670,4.851683
rebuffer219,VDD,Metal1,273.6215,457.7725,4.863803
rebuffer218,VDD,Metal1,321.7815,387.2125,4.853060
rebuffer217,VDD,Metal1,344.7415,419.1870,4.857514
rebuffer216,VDD,Metal1,180.1015,298.2270,4.841567
clone215,VDD,Metal1,621.0265,187.2465,4.832411
clone214,VDD,Metal1,827.2250,165.6840,4.830776
delaybuf_3_core_clk,VDD,Metal1,362.7110,608.9505,4.892594
delaybuf_2_core_clk,VDD,Metal1,277.0310,498.0705,4.869967
delaybuf_1_core_clk,VDD,Metal1,187.9910,378.8890,4.851457
delaybuf_0_core_clk,VDD,Metal1,101.1910,268.0090,4.838248
clkload91,VDD,Metal1,784.9200,640.8075,4.908973
clkload90,VDD,Metal1,866.7850,681.0465,4.925452
clkload89,VDD,Metal1,851.7800,600.4065,4.896904
clkload88,VDD,Metal1,954.0065,650.9680,4.913098
clkload87,VDD,Metal1,1006.6300,820.6710,4.952570
clkload86,VDD,Metal1,1047.0000,862.5635,4.954816
clkload85,VDD,Metal1,1019.6650,933.0465,4.958891
clkload84,VDD,Metal1,726.0865,1082.7915,4.957345
clkload83,VDD,Metal1,507.1265,840.8715,4.929363
clkload82,VDD,Metal1,492.8200,347.1130,4.847996
clkload81,VDD,Metal1,471.3200,447.8360,4.862801
clkload80,VDD,Metal1,562.0400,467.9960,4.866183
clkload79,VDD,Metal1,639.3720,529.9760,4.878577
clkload78,VDD,Metal1,660.4200,619.4350,4.900079
clkload77,VDD,Metal1,1027.0600,609.1930,4.900497
clkload76,VDD,Metal1,645.4300,689.6310,4.922355
clkload75,VDD,Metal1,586.9000,640.7265,4.902979
clkload74,VDD,Metal1,498.7600,671.0435,4.907827
clkload73,VDD,Metal1,463.8600,558.9550,4.883603
clkload72,VDD,Metal1,460.1200,1074.2435,4.931670
clkload71,VDD,Metal1,231.6400,1094.4035,4.917552
clkload70,VDD,Metal1,35.6920,1062.6640,4.913626
clkload69,VDD,Metal1,10.8200,781.6850,4.906154
clkload68,VDD,Metal1,31.7720,609.0640,4.889977
clkload67,VDD,Metal1,102.3850,610.4865,4.890720
clkload66,VDD,Metal1,170.1450,610.4865,4.891128
clkload65,VDD,Metal1,243.7800,609.3550,4.891661
clkload64,VDD,Metal1,367.2120,590.4560,4.888515
clkload63,VDD,Metal1,424.6600,639.5950,4.899587
clkload62,VDD,Metal1,391.0600,518.6350,4.875077
clkload61,VDD,Metal1,322.1800,498.4750,4.870179
clkload60,VDD,Metal1,224.0200,509.6865,4.872343
clkload59,VDD,Metal1,149.1400,489.3650,4.868653
clkload58,VDD,Metal1,55.2400,528.4760,4.875528
clkload57,VDD,Metal1,599.6650,408.8865,4.856631
clkload56,VDD,Metal1,641.9400,338.1650,4.846678
clkload55,VDD,Metal1,723.7000,318.0050,4.844218
clkload54,VDD,Metal1,884.4200,306.9550,4.843009
clkload53,VDD,Metal1,962.2600,377.5150,4.852001
clkload52,VDD,Metal1,1056.3400,337.1950,4.846194
clkload51,VDD,Metal1,1018.2600,408.7250,4.856560
clkload50,VDD,Metal1,1049.6200,478.3150,4.869024
clkload49,VDD,Metal1,1015.4600,529.6850,4.879358
clkload48,VDD,Metal1,956.6600,479.2850,4.869140
clkload47,VDD,Metal1,864.4920,529.9760,4.879370
clkload46,VDD,Metal1,861.8600,397.5130,4.855131
clkload45,VDD,Metal1,762.1800,407.5930,4.856906
clkload44,VDD,Metal1,787.1600,499.6835,4.872498
clkload43,VDD,Metal1,704.2800,226.0725,4.835128
clkload42,VDD,Metal1,609.8600,256.3930,4.837988
clkload41,VDD,Metal1,604.6000,165.5925,4.831241
clkload40,VDD,Metal1,583.3200,76.3235,4.827333
clkload39,VDD,Metal1,669.5600,86.4035,4.827158
clkload38,VDD,Metal1,745.1600,56.1635,4.826725
clkload37,VDD,Metal1,752.4400,145.4325,4.830010
clkload36,VDD,Metal1,827.4800,226.0725,4.835130
clkload35,VDD,Metal1,882.4120,145.3840,4.829655
clkload34,VDD,Metal1,847.1850,54.7930,4.826469
clkload33,VDD,Metal1,944.1800,86.3265,4.826856
clkload32,VDD,Metal1,978.7850,76.2465,4.826837
clkload31,VDD,Metal1,1040.3320,64.7440,4.826223
clkload30,VDD,Metal1,1040.8920,205.8640,4.833419
clkload29,VDD,Metal1,1013.4000,256.3160,4.837716
clkload28,VDD,Metal1,931.3000,216.0730,4.834318
clkload27,VDD,Metal1,270.8400,227.5275,4.835087
clkload26,VDD,Metal1,350.9200,277.9275,4.839565
clkload25,VDD,Metal1,385.1850,347.1130,4.847671
clkload24,VDD,Metal1,326.8065,357.0315,4.848786
clkload23,VDD,Metal1,206.1000,418.9665,4.857405
clkload22,VDD,Metal1,63.1850,447.9130,4.861651
clkload21,VDD,Metal1,41.2920,388.8560,4.852694
clkload20,VDD,Metal1,137.3800,377.5150,4.851300
clkload19,VDD,Metal1,183.3000,307.9250,4.842524
clkload18,VDD,Metal1,59.2120,257.8160,4.837658
clkload17,VDD,Metal1,83.0600,45.8450,4.827112
clkload16,VDD,Metal1,141.8600,95.2750,4.827983
clkload15,VDD,Metal1,225.8600,54.9550,4.826942
clkload14,VDD,Metal1,227.7720,125.2240,4.828980
clkload13,VDD,Metal1,342.0650,166.9665,4.831157
clkload12,VDD,Metal1,325.7720,86.4560,4.827686
clkload11,VDD,Metal1,405.0600,106.3250,4.828481
clkload10,VDD,Metal1,481.9600,46.0835,4.826895
clkload9,VDD,Metal1,482.1800,126.6465,4.829183
clkload8,VDD,Metal1,513.5400,226.1530,4.835365
clkload7,VDD,Metal1,435.8600,247.4450,4.836944
clkload6,VDD,Metal1,140.7400,217.2050,4.834386
clkload5,VDD,Metal1,35.4600,217.2050,4.834269
clkload4,VDD,Metal1,109.1050,156.8865,4.830500
clkload3,VDD,Metal1,798.4000,701.3880,4.933130
clkload2,VDD,Metal1,170.5330,689.5905,4.906029
clkload1,VDD,Metal1,833.6065,377.1915,4.851859
clkload0,VDD,Metal1,270.7800,308.3130,4.842701
clkbuf_3_7__f_clk_regs,VDD,Metal1,806.2310,691.3690,4.927416
clkbuf_3_6__f_clk_regs,VDD,Metal1,638.7910,588.7905,4.891566
clkbuf_3_5__f_clk_regs,VDD,Metal1,168.3910,699.6705,4.905925
clkbuf_3_4__f_clk_regs,VDD,Metal1,223.8310,540.1690,4.877923
clkbuf_3_3__f_clk_regs,VDD,Metal1,845.4310,378.8890,4.851858
clkbuf_3_2__f_clk_regs,VDD,Metal1,825.8310,185.5905,4.831901
clkbuf_3_1__f_clk_regs,VDD,Metal1,277.0310,316.6305,4.843522
clkbuf_3_0__f_clk_regs,VDD,Metal1,320.7110,185.5905,4.832166
clkbuf_2_3_0_clk_regs,VDD,Metal1,671.8400,699.7315,4.924969
clkbuf_2_2_0_clk_regs,VDD,Metal1,253.5200,659.4115,4.901568
clkbuf_2_1_0_clk_regs,VDD,Metal1,770.9600,288.1080,4.840986
clkbuf_2_0_0_clk_regs,VDD,Metal1,387.9200,276.3715,4.839552
clkbuf_0_clk_regs,VDD,Metal1,551.4310,568.6305,4.885999
clkbuf_leaf_97_clk_regs,VDD,Metal1,40.7200,125.1715,4.829083
clkbuf_leaf_96_clk_regs,VDD,Metal1,93.9200,36.1080,4.826860
clkbuf_leaf_95_clk_regs,VDD,Metal1,152.7200,94.9315,4.827978
clkbuf_leaf_94_clk_regs,VDD,Metal1,235.6000,54.6115,4.826939
clkbuf_leaf_93_clk_regs,VDD,Metal1,228.8800,126.8280,4.828980
clkbuf_leaf_92_clk_regs,VDD,Metal1,275.3600,225.9715,4.835087
clkbuf_leaf_91_clk_regs,VDD,Metal1,352.0800,165.4915,4.831142
clkbuf_leaf_90_clk_regs,VDD,Metal1,312.3200,86.5080,4.827685
clkbuf_leaf_89_clk_regs,VDD,Metal1,411.4400,96.5880,4.827786
clkbuf_leaf_88_clk_regs,VDD,Metal1,494.8800,56.2680,4.827044
clkbuf_leaf_87_clk_regs,VDD,Metal1,487.6000,135.2515,4.829428
clkbuf_leaf_86_clk_regs,VDD,Metal1,518.9600,236.0515,4.836104
clkbuf_leaf_85_clk_regs,VDD,Metal1,449.5200,247.7880,4.836944
clkbuf_leaf_84_clk_regs,VDD,Metal1,348.7200,276.3715,4.839565
clkbuf_leaf_83_clk_regs,VDD,Metal1,390.7200,357.0115,4.848783
clkbuf_leaf_82_clk_regs,VDD,Metal1,498.2400,338.5080,4.846460
clkbuf_leaf_81_clk_regs,VDD,Metal1,475.8400,427.5715,4.859340
clkbuf_leaf_80_clk_regs,VDD,Metal1,566.5600,469.5480,4.866183
clkbuf_leaf_79_clk_regs,VDD,Metal1,603.5200,398.9880,4.855017
clkbuf_leaf_78_clk_regs,VDD,Metal1,645.5200,336.8515,4.846678
clkbuf_leaf_77_clk_regs,VDD,Metal1,740.7200,316.6915,4.844213
clkbuf_leaf_76_clk_regs,VDD,Metal1,704.3200,227.6280,4.835128
clkbuf_leaf_75_clk_regs,VDD,Metal1,605.2000,267.9480,4.838857
clkbuf_leaf_74_clk_regs,VDD,Metal1,609.1200,157.0680,4.830474
clkbuf_leaf_73_clk_regs,VDD,Metal1,588.9600,74.7715,4.827333
clkbuf_leaf_72_clk_regs,VDD,Metal1,681.9200,86.5080,4.827136
clkbuf_leaf_71_clk_regs,VDD,Metal1,759.7600,44.5315,4.826274
clkbuf_leaf_70_clk_regs,VDD,Metal1,762.0000,136.9080,4.829187
clkbuf_leaf_69_clk_regs,VDD,Metal1,821.9200,217.5480,4.834357
clkbuf_leaf_68_clk_regs,VDD,Metal1,885.7600,136.9080,4.829101
clkbuf_leaf_67_clk_regs,VDD,Metal1,861.1200,46.1880,4.826047
clkbuf_leaf_66_clk_regs,VDD,Metal1,938.9600,84.8515,4.826855
clkbuf_leaf_65_clk_regs,VDD,Metal1,984.3200,64.6915,4.826268
clkbuf_leaf_64_clk_regs,VDD,Metal1,1043.6800,46.1880,4.825411
clkbuf_leaf_63_clk_regs,VDD,Metal1,1040.8800,126.8280,4.828288
clkbuf_leaf_62_clk_regs,VDD,Metal1,1048.1600,197.3880,4.832335
clkbuf_leaf_61_clk_regs,VDD,Metal1,1017.9200,266.2915,4.838278
clkbuf_leaf_60_clk_regs,VDD,Metal1,936.7200,225.9715,4.834985
clkbuf_leaf_59_clk_regs,VDD,Metal1,890.8000,308.2680,4.843009
clkbuf_leaf_58_clk_regs,VDD,Metal1,968.6400,368.7480,4.850509
clkbuf_leaf_57_clk_regs,VDD,Metal1,1053.7600,338.5080,4.846194
clkbuf_leaf_56_clk_regs,VDD,Metal1,1024.6400,407.4115,4.856559
clkbuf_leaf_55_clk_regs,VDD,Metal1,1056.0000,469.5480,4.866912
clkbuf_leaf_54_clk_regs,VDD,Metal1,1027.4400,548.5315,4.883901
clkbuf_leaf_53_clk_regs,VDD,Metal1,959.1200,477.9715,4.869140
clkbuf_leaf_52_clk_regs,VDD,Metal1,875.1200,528.3715,4.879371
clkbuf_leaf_51_clk_regs,VDD,Metal1,872.8800,397.3315,4.855126
clkbuf_leaf_50_clk_regs,VDD,Metal1,767.0400,398.9880,4.855099
clkbuf_leaf_49_clk_regs,VDD,Metal1,793.3600,498.1315,4.872499
clkbuf_leaf_48_clk_regs,VDD,Metal1,723.9200,519.9480,4.876851
clkbuf_leaf_47_clk_regs,VDD,Metal1,641.0400,538.4515,4.880694
clkbuf_leaf_46_clk_regs,VDD,Metal1,670.1600,609.0115,4.896814
clkbuf_leaf_45_clk_regs,VDD,Metal1,749.6800,588.8515,4.892724
clkbuf_leaf_44_clk_regs,VDD,Metal1,789.4400,659.4115,4.915933
clkbuf_leaf_43_clk_regs,VDD,Metal1,877.3600,679.5715,4.925552
clkbuf_leaf_42_clk_regs,VDD,Metal1,858.3200,609.0115,4.899731
clkbuf_leaf_41_clk_regs,VDD,Metal1,955.7600,649.3315,4.913098
clkbuf_leaf_40_clk_regs,VDD,Metal1,1032.4800,598.9315,4.897413
clkbuf_leaf_39_clk_regs,VDD,Metal1,1004.4800,822.3480,4.952570
clkbuf_leaf_38_clk_regs,VDD,Metal1,1049.8400,871.0915,4.955184
clkbuf_leaf_37_clk_regs,VDD,Metal1,1024.0800,941.6515,4.959402
clkbuf_leaf_36_clk_regs,VDD,Metal1,1041.4400,1002.1315,4.963342
clkbuf_leaf_35_clk_regs,VDD,Metal1,740.7200,1092.8515,4.961396
clkbuf_leaf_34_clk_regs,VDD,Metal1,653.9200,691.3080,4.922366
clkbuf_leaf_33_clk_regs,VDD,Metal1,588.4000,639.2515,4.902979
clkbuf_leaf_32_clk_regs,VDD,Metal1,505.5200,669.4915,4.907827
clkbuf_leaf_31_clk_regs,VDD,Metal1,511.6800,842.5080,4.929363
clkbuf_leaf_30_clk_regs,VDD,Metal1,466.3200,1082.7715,4.934092
clkbuf_leaf_29_clk_regs,VDD,Metal1,232.8000,1082.7715,4.917895
clkbuf_leaf_28_clk_regs,VDD,Metal1,55.8400,1074.3480,4.914159
clkbuf_leaf_27_clk_regs,VDD,Metal1,18.3200,941.6515,4.911016
clkbuf_leaf_26_clk_regs,VDD,Metal1,18.3200,770.2915,4.905359
clkbuf_leaf_25_clk_regs,VDD,Metal1,57.5200,679.5715,4.901924
clkbuf_leaf_24_clk_regs,VDD,Metal1,35.1200,619.0915,4.891958
clkbuf_leaf_23_clk_regs,VDD,Metal1,112.4000,610.6680,4.890735
clkbuf_leaf_22_clk_regs,VDD,Metal1,153.8400,629.1715,4.894735
clkbuf_leaf_21_clk_regs,VDD,Metal1,253.5200,609.0115,4.891734
clkbuf_leaf_20_clk_regs,VDD,Metal1,260.8000,671.1480,4.902444
clkbuf_leaf_19_clk_regs,VDD,Metal1,312.3200,640.9080,4.898095
clkbuf_leaf_18_clk_regs,VDD,Metal1,371.1200,598.9315,4.890396
clkbuf_leaf_17_clk_regs,VDD,Metal1,434.4000,639.2515,4.899600
clkbuf_leaf_16_clk_regs,VDD,Metal1,478.0800,548.5315,4.881436
clkbuf_leaf_15_clk_regs,VDD,Metal1,407.5200,509.8680,4.873112
clkbuf_leaf_14_clk_regs,VDD,Metal1,331.9200,498.1315,4.870237
clkbuf_leaf_13_clk_regs,VDD,Metal1,328.5600,358.6680,4.848786
clkbuf_leaf_12_clk_regs,VDD,Metal1,211.5200,417.4915,4.857405
clkbuf_leaf_11_clk_regs,VDD,Metal1,231.1200,528.3715,4.876073
clkbuf_leaf_10_clk_regs,VDD,Metal1,154.4000,498.1315,4.869730
clkbuf_leaf_9_clk_regs,VDD,Metal1,63.6800,530.0280,4.875528
clkbuf_leaf_8_clk_regs,VDD,Metal1,70.9600,439.3080,4.860135
clkbuf_leaf_7_clk_regs,VDD,Metal1,48.5600,397.3315,4.854126
clkbuf_leaf_6_clk_regs,VDD,Metal1,57.5200,326.7715,4.844869
clkbuf_leaf_5_clk_regs,VDD,Metal1,143.7600,368.7480,4.849938
clkbuf_leaf_4_clk_regs,VDD,Metal1,193.0400,308.2680,4.842521
clkbuf_leaf_3_clk_regs,VDD,Metal1,152.1600,227.6280,4.835009
clkbuf_leaf_2_clk_regs,VDD,Metal1,57.5200,266.2915,4.838249
clkbuf_leaf_1_clk_regs,VDD,Metal1,37.9200,207.4680,4.833440
clkbuf_leaf_0_clk_regs,VDD,Metal1,96.7200,155.4115,4.830481
clkbuf_1_1__f_clk,VDD,Metal1,560.3910,699.6705,4.922719
clkbuf_1_0__f_clk,VDD,Metal1,319.0310,699.6705,4.909801
clkbuf_0_clk,VDD,Metal1,442.7910,699.6705,4.918544
clkbuf_regs_0_core_clk,VDD,Metal1,560.3910,558.5505,4.884224
max_cap213,VDD,Metal1,246.7910,477.9105,4.867197
load_slew212,VDD,Metal1,461.2710,419.2090,4.857783
wire211,VDD,Metal1,296.6400,459.4680,4.863807
max_cap210,VDD,Metal1,429.9200,429.2280,4.859264
load_slew209,VDD,Metal1,748.0000,447.7315,4.863364
load_slew208,VDD,Metal1,277.0400,467.8915,4.865477
max_cap207,VDD,Metal1,567.1200,669.4915,4.913506
wire206,VDD,Metal1,289.8300,377.1510,4.851636
max_cap205,VDD,Metal1,286.2200,387.2125,4.853037
load_slew204,VDD,Metal1,479.6700,346.9110,4.848000
load_slew203,VDD,Metal1,390.7200,419.1480,4.857597
max_cap202,VDD,Metal1,158.8200,197.3360,4.832908
max_cap201,VDD,Metal1,349.2200,659.4640,4.902138
load_slew200,VDD,Metal1,474.0700,225.9510,4.835380
load_slew199,VDD,Metal1,155.4300,167.1685,4.831216
max_cap198,VDD,Metal1,198.6310,367.0305,4.850036
load_slew197,VDD,Metal1,155.5200,207.4680,4.833567
max_cap196,VDD,Metal1,177.3600,358.6680,4.848750
wire195,VDD,Metal1,504.9600,409.0680,4.856523
wire194,VDD,Metal1,448.9600,257.8680,4.837886
wire193,VDD,Metal1,17.2000,911.4115,4.910255
load_slew192,VDD,Metal1,446.1000,346.9840,4.847851
wire191,VDD,Metal1,173.9400,246.1840,4.836800
max_cap190,VDD,Metal1,384.5000,125.2240,4.829147
max_cap189,VDD,Metal1,874.5000,76.3760,4.826912
load_slew188,VDD,Metal1,133.1200,338.5080,4.846036
load_slew187,VDD,Metal1,114.6400,306.6115,4.842522
max_cap186,VDD,Metal1,116.3200,227.6280,4.835003
max_cap185,VDD,Metal1,241.1400,659.4640,4.901486
max_cap184,VDD,Metal1,618.3000,419.1870,4.858239
max_cap183,VDD,Metal1,657.8310,419.2090,4.858369
max_cap182,VDD,Metal1,508.2300,378.8485,4.852027
max_cap181,VDD,Metal1,289.9200,479.6280,4.867306
max_cap180,VDD,Metal1,505.5200,457.8115,4.864619
max_cap179,VDD,Metal1,391.5000,477.9325,4.867545
max_cap178,VDD,Metal1,349.7500,326.7510,4.845311
max_cap177,VDD,Metal1,721.5900,477.9510,4.869001
max_cap176,VDD,Metal1,243.3500,326.7510,4.845038
max_cap175,VDD,Metal1,505.9900,296.5110,4.842100
wire174,VDD,Metal1,237.7285,387.1790,4.852996
max_cap173,VDD,Metal1,246.6885,356.9390,4.848746
max_cap172,VDD,Metal1,239.5200,316.6915,4.843531
max_cap171,VDD,Metal1,390.7200,318.3480,4.843904
max_cap170,VDD,Metal1,427.1200,326.7715,4.845405
max_cap169,VDD,Metal1,244.2200,427.5325,4.858985
max_cap168,VDD,Metal1,682.9500,439.3285,4.861562
max_cap167,VDD,Metal1,232.7100,296.5110,4.841597
max_cap166,VDD,Metal1,531.8310,56.3290,4.826979
max_cap165,VDD,Metal1,519.9900,94.9110,4.827847
max_cap164,VDD,Metal1,194.6300,528.3510,4.876058
load_slew163,VDD,Metal1,290.4200,669.5440,4.903420
load_slew162,VDD,Metal1,31.7000,901.3840,4.909908
max_cap161,VDD,Metal1,523.9400,489.6560,4.869999
load_slew160,VDD,Metal1,449.4300,528.3510,4.877346
load_slew159,VDD,Metal1,377.2800,530.0280,4.876839
load_slew158,VDD,Metal1,448.9600,518.2915,4.875372
load_slew157,VDD,Metal1,469.0300,540.1285,4.878871
max_cap156,VDD,Metal1,306.6600,457.8640,4.863808
max_cap155,VDD,Metal1,263.6000,318.3480,4.843522
max_cap154,VDD,Metal1,254.0800,417.4915,4.857439
max_cap153,VDD,Metal1,668.4200,437.7040,4.861512
max_cap152,VDD,Metal1,553.6200,701.3360,4.922719
load_slew151,VDD,Metal1,664.5600,610.6680,4.896810
wire150,VDD,Metal1,718.2300,538.4310,4.881178
max_cap149,VDD,Metal1,257.4310,449.4490,4.862150
max_cap148,VDD,Metal1,375.0400,419.1480,4.857580
max_cap147,VDD,Metal1,693.0300,177.2485,4.831854
max_cap146,VDD,Metal1,570.9500,207.4885,4.833922
max_cap145,VDD,Metal1,368.3200,439.3080,4.860784
load_slew144,VDD,Metal1,365.5200,326.7715,4.845321
max_cap143,VDD,Metal1,265.5000,378.8670,4.851579
load_slew142,VDD,Metal1,250.0700,447.7110,4.862149
wire141,VDD,Metal1,250.7200,409.0680,4.856055
load_slew140,VDD,Metal1,407.5200,308.2680,4.843002
max_cap139,VDD,Metal1,203.1200,518.2915,4.874350
max_cap138,VDD,Metal1,367.7600,417.4915,4.857579
load_slew137,VDD,Metal1,681.9200,437.6515,4.861562
wire136,VDD,Metal1,233.8300,469.5685,4.865409
max_cap135,VDD,Metal1,246.4600,467.8525,4.865410
load_slew134,VDD,Metal1,488.7200,467.8915,4.866166
max_cap133,VDD,Metal1,237.2200,318.2960,4.843531
max_cap132,VDD,Metal1,1027.4520,1042.5040,4.966649
load_slew131,VDD,Metal1,222.7200,590.5080,4.887504
max_cap130,VDD,Metal1,293.8400,580.4280,4.886403
max_cap129,VDD,Metal1,246.6885,346.8590,4.847555
load_slew128,VDD,Metal1,260.8000,288.1080,4.840715
max_cap127,VDD,Metal1,395.7600,236.0515,4.836134
load_slew126,VDD,Metal1,508.3200,227.6280,4.835365
load_slew125,VDD,Metal1,745.2000,306.6115,4.843281
max_cap124,VDD,Metal1,345.3000,457.8640,4.863877
wire123,VDD,Metal1,440.5000,467.9440,4.865960
max_cap122,VDD,Metal1,292.7200,457.8115,4.863807
wire121,VDD,Metal1,510.0000,357.0115,4.849393
wire120,VDD,Metal1,487.0400,146.9880,4.830174
wire119,VDD,Metal1,502.1720,316.7440,4.844303
max_cap118,VDD,Metal1,816.3320,639.3040,4.909132
max_cap117,VDD,Metal1,517.8310,538.3905,4.879519
wire116,VDD,Metal1,506.0200,499.7360,4.871788
max_cap115,VDD,Metal1,506.0920,125.2240,4.829166
max_cap114,VDD,Metal1,119.6920,398.9360,4.854214
max_cap113,VDD,Metal1,160.5000,598.9840,4.888709
max_cap112,VDD,Metal1,270.8200,610.6160,4.891748
load_slew111,VDD,Metal1,531.8310,348.6490,4.847994
wire110,VDD,Metal1,578.3110,358.7290,4.849470
load_slew109,VDD,Metal1,557.8200,104.9725,4.828466
load_slew108,VDD,Metal1,971.3815,610.7070,4.900587
load_slew107,VDD,Metal1,1070.5510,437.5905,4.861543
wire106,VDD,Metal1,1021.8310,286.3905,4.840936
max_cap105,VDD,Metal1,934.9815,237.7470,4.835951
max_cap104,VDD,Metal1,571.0310,237.7690,4.836129
wire103,VDD,Metal1,978.1720,902.9360,4.956833
max_cap102,VDD,Metal1,898.6520,316.7440,4.844284
wire101,VDD,Metal1,521.7720,126.7760,4.829138
load_slew100,VDD,Metal1,573.2710,298.2490,4.842143
load_slew99,VDD,Metal1,926.0710,36.1690,4.826242
max_cap98,VDD,Metal1,952.9000,237.6560,4.835915
max_cap97,VDD,Metal1,903.6200,66.2960,4.826343
max_cap96,VDD,Metal1,953.4600,296.5840,4.841816
wire95,VDD,Metal1,939.4600,679.6240,4.925798
max_cap94,VDD,Metal1,961.8600,237.6560,4.835914
wire93,VDD,Metal1,163.9200,306.6115,4.842551
load_slew92,VDD,Metal1,449.5200,135.2515,4.829404
max_cap91,VDD,Metal1,125.8400,447.7315,4.861672
max_cap90,VDD,Metal1,328.5600,368.7480,4.850401
wire89,VDD,Metal1,426.5600,398.9880,4.854747
max_cap88,VDD,Metal1,427.1200,407.4115,4.856352
max_cap87,VDD,Metal1,316.2310,417.4305,4.857502
wire86,VDD,Metal1,291.5400,368.6960,4.850325
max_cap85,VDD,Metal1,312.3200,357.0115,4.848775
max_cap84,VDD,Metal1,296.0200,326.8240,4.845185
max_cap83,VDD,Metal1,546.9000,417.5440,4.857999
max_cap82,VDD,Metal1,306.1720,427.6240,4.859104
wire81,VDD,Metal1,626.9800,358.6160,4.849545
max_cap80,VDD,Metal1,293.2800,417.4915,4.857477
max_cap79,VDD,Metal1,371.1200,427.5715,4.859191
max_cap78,VDD,Metal1,446.7200,328.4280,4.845441
max_cap77,VDD,Metal1,395.2120,639.3040,4.899034
max_cap76,VDD,Metal1,325.7000,509.8160,4.872921
max_cap75,VDD,Metal1,639.3000,570.2960,4.887170
max_cap74,VDD,Metal1,312.8200,489.6560,4.869257
max_cap73,VDD,Metal1,636.5000,558.6640,4.884933
max_cap72,VDD,Metal1,306.3800,409.1070,4.856176
max_cap71,VDD,Metal1,292.7200,419.1480,4.857477
wire70,VDD,Metal1,300.5000,257.8160,4.837764
max_cap69,VDD,Metal1,324.6400,558.6115,4.882201
max_cap68,VDD,Metal1,407.5320,387.2520,4.853133
max_cap67,VDD,Metal1,312.3200,367.0915,4.850346
max_cap66,VDD,Metal1,312.3200,358.6680,4.848775
max_cap65,VDD,Metal1,302.2400,650.9880,4.899963
max_cap64,VDD,Metal1,315.6200,529.9760,4.876641
max_cap63,VDD,Metal1,639.3000,540.0560,4.880694
max_cap62,VDD,Metal1,83.8400,236.0515,4.835857
max_cap61,VDD,Metal1,77.1200,187.3080,4.832264
load_slew60,VDD,Metal1,92.2400,145.3315,4.830099
max_cap59,VDD,Metal1,325.7000,378.7760,4.851668
max_cap58,VDD,Metal1,330.2400,398.9880,4.854652
max_cap57,VDD,Metal1,370.5600,407.4115,4.856251
max_cap56,VDD,Metal1,273.1200,398.9880,4.854516
wire55,VDD,Metal1,396.3200,326.7715,4.845369
max_cap54,VDD,Metal1,277.0400,417.4915,4.857444
load_slew53,VDD,Metal1,404.7200,306.6115,4.843002
max_cap52,VDD,Metal1,288.2400,427.5715,4.859072
load_slew51,VDD,Metal1,490.9600,429.2280,4.859366
load_slew50,VDD,Metal1,348.7200,417.4915,4.857514
load_slew49,VDD,Metal1,486.4800,447.7315,4.862846
load_slew48,VDD,Metal1,349.8400,429.2280,4.859174
load_slew47,VDD,Metal1,343.1200,298.1880,4.841742
load_slew46,VDD,Metal1,273.6800,427.5715,4.859016
wire45,VDD,Metal1,340.7900,318.3685,4.843839
load_slew44,VDD,Metal1,311.2000,348.5880,4.847636
max_cap43,VDD,Metal1,353.1400,409.0160,4.856205
wire42,VDD,Metal1,435.4600,417.5440,4.857717
max_cap41,VDD,Metal1,669.0400,427.5715,4.859963
max_cap40,VDD,Metal1,335.2200,417.5440,4.857513
max_cap39,VDD,Metal1,394.6400,417.4915,4.857597
max_cap38,VDD,Metal1,482.5000,298.1360,4.842100
max_cap37,VDD,Metal1,371.6800,498.1315,4.870448
max_cap36,VDD,Metal1,368.8800,398.9880,4.854688
max_cap35,VDD,Metal1,503.2200,266.3440,4.838925
max_cap33,VDD,Metal1,428.7400,437.7040,4.860834
max_cap32,VDD,Metal1,524.5000,439.2560,4.861092
max_cap31,VDD,Metal1,437.7000,437.7040,4.860868
max_cap30,VDD,Metal1,505.5200,346.9315,4.847995
max_cap29,VDD,Metal1,683.0520,338.4560,4.846693
max_cap28,VDD,Metal1,335.5000,409.1070,4.856192
max_cap27,VDD,Metal1,348.7200,397.3315,4.854666
max_cap26,VDD,Metal1,333.5400,377.2240,4.851682
max_cap25,VDD,Metal1,379.5200,288.1080,4.840834
max_cap24,VDD,Metal1,330.2400,457.8115,4.863874
max_cap23,VDD,Metal1,330.2400,367.0915,4.850401
max_cap22,VDD,Metal1,511.6200,277.9760,4.839855
max_cap21,VDD,Metal1,348.7200,427.5715,4.859173
max_cap20,VDD,Metal1,370.0000,276.3715,4.839552
output19,VDD,Metal1,645.5030,1094.3180,4.952832
output18,VDD,Metal1,112.3830,1094.3180,4.915866
output17,VDD,Metal1,186.8630,1094.3180,4.916693
output16,VDD,Metal1,245.6630,1094.3180,4.917601
output15,VDD,Metal1,320.1430,1094.3180,4.920250
output14,VDD,Metal1,378.9430,1094.3180,4.924787
output13,VDD,Metal1,453.4230,1094.3180,4.934168
output12,VDD,Metal1,518.3830,1093.0420,4.940940
output11,VDD,Metal1,586.7030,1094.3180,4.948122
output10,VDD,Metal1,53.5830,1094.3180,4.914638
input9,VDD,Metal1,10.3130,1052.7815,4.913252
input8,VDD,Metal1,14.9430,267.7580,4.838453
input7,VDD,Metal1,14.9430,368.5580,4.849974
input6,VDD,Metal1,14.9430,458.0020,4.863400
input5,VDD,Metal1,14.9430,558.8020,4.881023
input4,VDD,Metal1,14.9430,659.6020,4.898649
input3,VDD,Metal1,14.9430,750.3220,4.904361
input2,VDD,Metal1,10.3130,842.2580,4.908021
input1,VDD,Metal1,14.9430,963.2780,4.911596
TAP_TAPCELL_ROW_208_3_4899,VDD,Metal1,1071.8265,1072.6040,4.975887
TAP_TAPCELL_ROW_208_3_4898,VDD,Metal1,1032.6265,1072.6040,4.975887
TAP_TAPCELL_ROW_208_3_4897,VDD,Metal1,993.4265,1072.6040,4.979356
TAP_TAPCELL_ROW_208_2_4896,VDD,Metal1,513.5065,1072.6040,4.939122
TAP_TAPCELL_ROW_207_3_4895,VDD,Metal1,1052.2265,1064.3555,4.968435
TAP_TAPCELL_ROW_207_3_4894,VDD,Metal1,1013.0265,1064.3555,4.968437
TAP_TAPCELL_ROW_206_3_4893,VDD,Metal1,1071.8265,1062.5240,4.968435
TAP_TAPCELL_ROW_206_3_4892,VDD,Metal1,1032.6265,1062.5240,4.968437
TAP_TAPCELL_ROW_206_3_4891,VDD,Metal1,993.4265,1062.5240,4.968437
TAP_TAPCELL_ROW_206_2_4890,VDD,Metal1,513.5065,1062.5240,4.936350
TAP_TAPCELL_ROW_205_3_4889,VDD,Metal1,1052.2265,1054.2755,4.967436
TAP_TAPCELL_ROW_205_3_4888,VDD,Metal1,1013.0265,1054.2755,4.967474
TAP_TAPCELL_ROW_204_3_4887,VDD,Metal1,1071.8265,1052.4440,4.967418
TAP_TAPCELL_ROW_204_3_4886,VDD,Metal1,1032.6265,1052.4440,4.967469
TAP_TAPCELL_ROW_204_3_4885,VDD,Metal1,993.4265,1052.4440,4.967472
TAP_TAPCELL_ROW_204_2_4884,VDD,Metal1,513.5065,1052.4440,4.936106
TAP_TAPCELL_ROW_203_3_4883,VDD,Metal1,1052.2265,1044.1955,4.966621
TAP_TAPCELL_ROW_203_3_4882,VDD,Metal1,1013.0265,1044.1955,4.966646
TAP_TAPCELL_ROW_202_3_4881,VDD,Metal1,1071.8265,1042.3640,4.966584
TAP_TAPCELL_ROW_202_3_4880,VDD,Metal1,1032.6265,1042.3640,4.966645
TAP_TAPCELL_ROW_202_3_4879,VDD,Metal1,993.4265,1042.3640,4.966640
TAP_TAPCELL_ROW_202_2_4878,VDD,Metal1,513.5065,1042.3640,4.935841
TAP_TAPCELL_ROW_201_3_4877,VDD,Metal1,1052.2265,1034.1155,4.965814
TAP_TAPCELL_ROW_201_3_4876,VDD,Metal1,1013.0265,1034.1155,4.965886
TAP_TAPCELL_ROW_200_3_4875,VDD,Metal1,1071.8265,1032.2840,4.965811
TAP_TAPCELL_ROW_200_3_4874,VDD,Metal1,1032.6265,1032.2840,4.965892
TAP_TAPCELL_ROW_200_3_4873,VDD,Metal1,993.4265,1032.2840,4.965877
TAP_TAPCELL_ROW_200_2_4872,VDD,Metal1,513.5065,1032.2840,4.935564
TAP_TAPCELL_ROW_199_3_4871,VDD,Metal1,1052.2265,1024.0355,4.965027
TAP_TAPCELL_ROW_199_3_4870,VDD,Metal1,1013.0265,1024.0355,4.965047
TAP_TAPCELL_ROW_198_3_4869,VDD,Metal1,1071.8265,1022.2040,4.965014
TAP_TAPCELL_ROW_198_3_4868,VDD,Metal1,1032.6265,1022.2040,4.965046
TAP_TAPCELL_ROW_198_3_4867,VDD,Metal1,993.4265,1022.2040,4.965041
TAP_TAPCELL_ROW_198_2_4866,VDD,Metal1,513.5065,1022.2040,4.935310
TAP_TAPCELL_ROW_197_3_4865,VDD,Metal1,1052.2265,1013.9555,4.964243
TAP_TAPCELL_ROW_197_3_4864,VDD,Metal1,1013.0265,1013.9555,4.964247
TAP_TAPCELL_ROW_196_3_4863,VDD,Metal1,1071.8265,1012.1240,4.964241
TAP_TAPCELL_ROW_196_3_4862,VDD,Metal1,1032.6265,1012.1240,4.964255
TAP_TAPCELL_ROW_196_3_4861,VDD,Metal1,993.4265,1012.1240,4.964240
TAP_TAPCELL_ROW_196_2_4860,VDD,Metal1,513.5065,1012.1240,4.935007
TAP_TAPCELL_ROW_195_3_4859,VDD,Metal1,1052.2265,1003.8755,4.963342
TAP_TAPCELL_ROW_195_3_4858,VDD,Metal1,1013.0265,1003.8755,4.963329
TAP_TAPCELL_ROW_194_3_4857,VDD,Metal1,1071.8265,1002.0440,4.963339
TAP_TAPCELL_ROW_194_3_4856,VDD,Metal1,1032.6265,1002.0440,4.963343
TAP_TAPCELL_ROW_194_3_4855,VDD,Metal1,993.4265,1002.0440,4.963319
TAP_TAPCELL_ROW_194_2_4854,VDD,Metal1,513.5065,1002.0440,4.934781
TAP_TAPCELL_ROW_193_3_4853,VDD,Metal1,1052.2265,993.7955,4.962901
TAP_TAPCELL_ROW_193_3_4852,VDD,Metal1,1013.0265,993.7955,4.962900
TAP_TAPCELL_ROW_192_3_4851,VDD,Metal1,1071.8265,991.9640,4.962893
TAP_TAPCELL_ROW_192_3_4850,VDD,Metal1,1032.6265,991.9640,4.962904
TAP_TAPCELL_ROW_192_3_4849,VDD,Metal1,993.4265,991.9640,4.962900
TAP_TAPCELL_ROW_192_2_4848,VDD,Metal1,513.5065,991.9640,4.934461
TAP_TAPCELL_ROW_191_3_4847,VDD,Metal1,1052.2265,983.7155,4.962073
TAP_TAPCELL_ROW_191_3_4846,VDD,Metal1,1013.0265,983.7155,4.962077
TAP_TAPCELL_ROW_190_3_4845,VDD,Metal1,1071.8265,981.8840,4.962069
TAP_TAPCELL_ROW_190_3_4844,VDD,Metal1,1032.6265,981.8840,4.962078
TAP_TAPCELL_ROW_190_3_4843,VDD,Metal1,993.4265,981.8840,4.962075
TAP_TAPCELL_ROW_190_2_4842,VDD,Metal1,513.5065,981.8840,4.934118
TAP_TAPCELL_ROW_189_3_4841,VDD,Metal1,1052.2265,973.6355,4.961426
TAP_TAPCELL_ROW_189_3_4840,VDD,Metal1,1013.0265,973.6355,4.961425
TAP_TAPCELL_ROW_188_3_4839,VDD,Metal1,1071.8265,971.8040,4.961425
TAP_TAPCELL_ROW_188_3_4838,VDD,Metal1,1032.6265,971.8040,4.961435
TAP_TAPCELL_ROW_188_3_4837,VDD,Metal1,993.4265,971.8040,4.961386
TAP_TAPCELL_ROW_188_2_4836,VDD,Metal1,513.5065,971.8040,4.934008
TAP_TAPCELL_ROW_187_3_4835,VDD,Metal1,1052.2265,963.5555,4.961015
TAP_TAPCELL_ROW_187_3_4834,VDD,Metal1,1013.0265,963.5555,4.961031
TAP_TAPCELL_ROW_186_3_4833,VDD,Metal1,1071.8265,961.7240,4.961014
TAP_TAPCELL_ROW_186_3_4832,VDD,Metal1,1032.6265,961.7240,4.961031
TAP_TAPCELL_ROW_186_3_4831,VDD,Metal1,993.4265,961.7240,4.961019
TAP_TAPCELL_ROW_186_2_4830,VDD,Metal1,513.5065,961.7240,4.933779
TAP_TAPCELL_ROW_185_3_4829,VDD,Metal1,1052.2265,953.4755,4.960028
TAP_TAPCELL_ROW_185_3_4828,VDD,Metal1,1013.0265,953.4755,4.960093
TAP_TAPCELL_ROW_184_3_4827,VDD,Metal1,1071.8265,951.6440,4.960014
TAP_TAPCELL_ROW_184_3_4826,VDD,Metal1,1032.6265,951.6440,4.960091
TAP_TAPCELL_ROW_184_3_4825,VDD,Metal1,993.4265,951.6440,4.960092
TAP_TAPCELL_ROW_184_2_4824,VDD,Metal1,513.5065,951.6440,4.933537
TAP_TAPCELL_ROW_183_3_4823,VDD,Metal1,1052.2265,943.3955,4.959399
TAP_TAPCELL_ROW_183_3_4822,VDD,Metal1,1013.0265,943.3955,4.959396
TAP_TAPCELL_ROW_182_3_4821,VDD,Metal1,1071.8265,941.5640,4.959390
TAP_TAPCELL_ROW_182_3_4820,VDD,Metal1,1032.6265,941.5640,4.959400
TAP_TAPCELL_ROW_182_3_4819,VDD,Metal1,993.4265,941.5640,4.959384
TAP_TAPCELL_ROW_182_2_4818,VDD,Metal1,513.5065,941.5640,4.933160
TAP_TAPCELL_ROW_181_3_4817,VDD,Metal1,1052.2265,933.3155,4.958890
TAP_TAPCELL_ROW_181_3_4816,VDD,Metal1,1013.0265,933.3155,4.958889
TAP_TAPCELL_ROW_180_3_4815,VDD,Metal1,1071.8265,931.4840,4.958890
TAP_TAPCELL_ROW_180_3_4814,VDD,Metal1,1032.6265,931.4840,4.958891
TAP_TAPCELL_ROW_180_3_4813,VDD,Metal1,993.4265,931.4840,4.958866
TAP_TAPCELL_ROW_180_2_4812,VDD,Metal1,513.5065,931.4840,4.932750
TAP_TAPCELL_ROW_179_3_4811,VDD,Metal1,1052.2265,923.2355,4.958075
TAP_TAPCELL_ROW_179_3_4810,VDD,Metal1,1013.0265,923.2355,4.957998
TAP_TAPCELL_ROW_178_3_4809,VDD,Metal1,1071.8265,921.4040,4.958071
TAP_TAPCELL_ROW_178_3_4808,VDD,Metal1,1032.6265,921.4040,4.958080
TAP_TAPCELL_ROW_178_3_4807,VDD,Metal1,993.4265,921.4040,4.957998
TAP_TAPCELL_ROW_178_2_4806,VDD,Metal1,513.5065,921.4040,4.932343
TAP_TAPCELL_ROW_177_3_4805,VDD,Metal1,1052.2265,913.1555,4.957386
TAP_TAPCELL_ROW_177_3_4804,VDD,Metal1,1013.0265,913.1555,4.957396
TAP_TAPCELL_ROW_176_3_4803,VDD,Metal1,1071.8265,911.3240,4.957379
TAP_TAPCELL_ROW_176_3_4802,VDD,Metal1,1032.6265,911.3240,4.957392
TAP_TAPCELL_ROW_176_3_4801,VDD,Metal1,993.4265,911.3240,4.957386
TAP_TAPCELL_ROW_176_2_4800,VDD,Metal1,513.5065,911.3240,4.932045
TAP_TAPCELL_ROW_175_3_4799,VDD,Metal1,1052.2265,903.0755,4.956849
TAP_TAPCELL_ROW_175_3_4798,VDD,Metal1,1013.0265,903.0755,4.956863
TAP_TAPCELL_ROW_174_3_4797,VDD,Metal1,1071.8265,901.2440,4.956846
TAP_TAPCELL_ROW_174_3_4796,VDD,Metal1,1032.6265,901.2440,4.956859
TAP_TAPCELL_ROW_174_3_4795,VDD,Metal1,993.4265,901.2440,4.956838
TAP_TAPCELL_ROW_174_2_4794,VDD,Metal1,513.5065,901.2440,4.931534
TAP_TAPCELL_ROW_173_3_4793,VDD,Metal1,1052.2265,892.9955,4.956221
TAP_TAPCELL_ROW_173_3_4792,VDD,Metal1,1013.0265,892.9955,4.956223
TAP_TAPCELL_ROW_172_3_4791,VDD,Metal1,1071.8265,891.1640,4.956218
TAP_TAPCELL_ROW_172_3_4790,VDD,Metal1,1032.6265,891.1640,4.956230
TAP_TAPCELL_ROW_172_3_4789,VDD,Metal1,993.4265,891.1640,4.956201
TAP_TAPCELL_ROW_172_2_4788,VDD,Metal1,513.5065,891.1640,4.931217
TAP_TAPCELL_ROW_171_3_4787,VDD,Metal1,1052.2265,882.9155,4.955957
TAP_TAPCELL_ROW_171_3_4786,VDD,Metal1,1013.0265,882.9155,4.955943
TAP_TAPCELL_ROW_170_3_4785,VDD,Metal1,1071.8265,881.0840,4.955957
TAP_TAPCELL_ROW_170_3_4784,VDD,Metal1,1032.6265,881.0840,4.955957
TAP_TAPCELL_ROW_170_3_4783,VDD,Metal1,993.4265,881.0840,4.955942
TAP_TAPCELL_ROW_170_2_4782,VDD,Metal1,513.5065,881.0840,4.930961
TAP_TAPCELL_ROW_169_3_4781,VDD,Metal1,1052.2265,872.8355,4.955184
TAP_TAPCELL_ROW_169_3_4780,VDD,Metal1,1013.0265,872.8355,4.955208
TAP_TAPCELL_ROW_168_3_4779,VDD,Metal1,1071.8265,871.0040,4.955184
TAP_TAPCELL_ROW_168_3_4778,VDD,Metal1,1032.6265,871.0040,4.955197
TAP_TAPCELL_ROW_168_3_4777,VDD,Metal1,993.4265,871.0040,4.955208
TAP_TAPCELL_ROW_168_2_4776,VDD,Metal1,513.5065,871.0040,4.930657
TAP_TAPCELL_ROW_167_3_4775,VDD,Metal1,1052.2265,862.7555,4.954815
TAP_TAPCELL_ROW_167_3_4774,VDD,Metal1,1013.0265,862.7555,4.954813
TAP_TAPCELL_ROW_166_3_4773,VDD,Metal1,1071.8265,860.9240,4.954813
TAP_TAPCELL_ROW_166_3_4772,VDD,Metal1,1032.6265,860.9240,4.954818
TAP_TAPCELL_ROW_166_3_4771,VDD,Metal1,993.4265,860.9240,4.954806
TAP_TAPCELL_ROW_166_2_4770,VDD,Metal1,513.5065,860.9240,4.930286
TAP_TAPCELL_ROW_165_3_4769,VDD,Metal1,1052.2265,852.6755,4.954182
TAP_TAPCELL_ROW_165_3_4768,VDD,Metal1,1013.0265,852.6755,4.954141
TAP_TAPCELL_ROW_164_3_4767,VDD,Metal1,1071.8265,850.8440,4.954181
TAP_TAPCELL_ROW_164_3_4766,VDD,Metal1,1032.6265,850.8440,4.954185
TAP_TAPCELL_ROW_164_3_4765,VDD,Metal1,993.4265,850.8440,4.954140
TAP_TAPCELL_ROW_164_2_4764,VDD,Metal1,513.5065,850.8440,4.929953
TAP_TAPCELL_ROW_163_3_4763,VDD,Metal1,1052.2265,842.5955,4.954006
TAP_TAPCELL_ROW_163_3_4762,VDD,Metal1,1013.0265,842.5955,4.953994
TAP_TAPCELL_ROW_162_3_4761,VDD,Metal1,1071.8265,840.7640,4.953993
TAP_TAPCELL_ROW_162_3_4760,VDD,Metal1,1032.6265,840.7640,4.954009
TAP_TAPCELL_ROW_162_3_4759,VDD,Metal1,993.4265,840.7640,4.953993
TAP_TAPCELL_ROW_162_2_4758,VDD,Metal1,513.5065,840.7640,4.929363
TAP_TAPCELL_ROW_161_3_4757,VDD,Metal1,1052.2265,832.5155,4.953500
TAP_TAPCELL_ROW_161_3_4756,VDD,Metal1,1013.0265,832.5155,4.953500
TAP_TAPCELL_ROW_160_3_4755,VDD,Metal1,1071.8265,830.6840,4.953497
TAP_TAPCELL_ROW_160_3_4754,VDD,Metal1,1032.6265,830.6840,4.953508
TAP_TAPCELL_ROW_160_3_4753,VDD,Metal1,993.4265,830.6840,4.953499
TAP_TAPCELL_ROW_160_2_4752,VDD,Metal1,513.5065,830.6840,4.929298
TAP_TAPCELL_ROW_159_3_4751,VDD,Metal1,1052.2265,822.4355,4.952643
TAP_TAPCELL_ROW_159_3_4750,VDD,Metal1,1013.0265,822.4355,4.952570
TAP_TAPCELL_ROW_158_3_4749,VDD,Metal1,1071.8265,820.6040,4.952633
TAP_TAPCELL_ROW_158_3_4748,VDD,Metal1,1032.6265,820.6040,4.952646
TAP_TAPCELL_ROW_158_3_4747,VDD,Metal1,993.4265,820.6040,4.952557
TAP_TAPCELL_ROW_158_2_4746,VDD,Metal1,513.5065,820.6040,4.929052
TAP_TAPCELL_ROW_157_3_4745,VDD,Metal1,1052.2265,812.3555,4.952800
TAP_TAPCELL_ROW_157_3_4744,VDD,Metal1,1013.0265,812.3555,4.952837
TAP_TAPCELL_ROW_156_3_4743,VDD,Metal1,1071.8265,810.5240,4.952790
TAP_TAPCELL_ROW_156_3_4742,VDD,Metal1,1032.6265,810.5240,4.952813
TAP_TAPCELL_ROW_156_3_4741,VDD,Metal1,993.4265,810.5240,4.952819
TAP_TAPCELL_ROW_156_2_4740,VDD,Metal1,513.5065,810.5240,4.928754
TAP_TAPCELL_ROW_155_3_4739,VDD,Metal1,1052.2265,802.2755,4.952509
TAP_TAPCELL_ROW_155_3_4738,VDD,Metal1,1013.0265,802.2755,4.952508
TAP_TAPCELL_ROW_154_3_4737,VDD,Metal1,1071.8265,800.4440,4.952505
TAP_TAPCELL_ROW_154_3_4736,VDD,Metal1,1032.6265,800.4440,4.952518
TAP_TAPCELL_ROW_154_3_4735,VDD,Metal1,993.4265,800.4440,4.952486
TAP_TAPCELL_ROW_154_2_4734,VDD,Metal1,513.5065,800.4440,4.928458
TAP_TAPCELL_ROW_153_3_4733,VDD,Metal1,1052.2265,792.1955,4.951939
TAP_TAPCELL_ROW_153_3_4732,VDD,Metal1,1013.0265,792.1955,4.951929
TAP_TAPCELL_ROW_152_3_4731,VDD,Metal1,1071.8265,790.3640,4.951935
TAP_TAPCELL_ROW_152_3_4730,VDD,Metal1,1032.6265,790.3640,4.951949
TAP_TAPCELL_ROW_152_3_4729,VDD,Metal1,993.4265,790.3640,4.951914
TAP_TAPCELL_ROW_152_2_4728,VDD,Metal1,513.5065,790.3640,4.928009
TAP_TAPCELL_ROW_151_3_4727,VDD,Metal1,1052.2265,782.1155,4.951369
TAP_TAPCELL_ROW_151_3_4726,VDD,Metal1,1013.0265,782.1155,4.951397
TAP_TAPCELL_ROW_150_3_4725,VDD,Metal1,1071.8265,780.2840,4.951358
TAP_TAPCELL_ROW_150_3_4724,VDD,Metal1,1032.6265,780.2840,4.951395
TAP_TAPCELL_ROW_150_3_4723,VDD,Metal1,993.4265,780.2840,4.951378
TAP_TAPCELL_ROW_150_2_4722,VDD,Metal1,513.5065,780.2840,4.927573
TAP_TAPCELL_ROW_149_3_4721,VDD,Metal1,1052.2265,772.0355,4.950794
TAP_TAPCELL_ROW_149_3_4720,VDD,Metal1,1013.0265,772.0355,4.950784
TAP_TAPCELL_ROW_148_3_4719,VDD,Metal1,1071.8265,770.2040,4.950781
TAP_TAPCELL_ROW_148_3_4718,VDD,Metal1,1032.6265,770.2040,4.950802
TAP_TAPCELL_ROW_148_3_4717,VDD,Metal1,993.4265,770.2040,4.950762
TAP_TAPCELL_ROW_148_2_4716,VDD,Metal1,513.5065,770.2040,4.927075
TAP_TAPCELL_ROW_147_3_4715,VDD,Metal1,1052.2265,761.9555,4.950148
TAP_TAPCELL_ROW_147_3_4714,VDD,Metal1,1013.0265,761.9555,4.950184
TAP_TAPCELL_ROW_146_3_4713,VDD,Metal1,1071.8265,760.1240,4.950137
TAP_TAPCELL_ROW_146_3_4712,VDD,Metal1,1032.6265,760.1240,4.950181
TAP_TAPCELL_ROW_146_3_4711,VDD,Metal1,993.4265,760.1240,4.950165
TAP_TAPCELL_ROW_146_2_4710,VDD,Metal1,513.5065,760.1240,4.926553
TAP_TAPCELL_ROW_145_3_4709,VDD,Metal1,1052.2265,751.8755,4.949559
TAP_TAPCELL_ROW_145_3_4708,VDD,Metal1,1013.0265,751.8755,4.949573
TAP_TAPCELL_ROW_144_3_4707,VDD,Metal1,1071.8265,750.0440,4.949542
TAP_TAPCELL_ROW_144_3_4706,VDD,Metal1,1032.6265,750.0440,4.949568
TAP_TAPCELL_ROW_144_3_4705,VDD,Metal1,993.4265,750.0440,4.949562
TAP_TAPCELL_ROW_144_2_4704,VDD,Metal1,513.5065,750.0440,4.926174
TAP_TAPCELL_ROW_143_3_4703,VDD,Metal1,1052.2265,741.7955,4.949024
TAP_TAPCELL_ROW_143_3_4702,VDD,Metal1,1013.0265,741.7955,4.949043
TAP_TAPCELL_ROW_142_3_4701,VDD,Metal1,1071.8265,739.9640,4.949020
TAP_TAPCELL_ROW_142_3_4700,VDD,Metal1,1032.6265,739.9640,4.949044
TAP_TAPCELL_ROW_142_3_4699,VDD,Metal1,993.4265,739.9640,4.949019
TAP_TAPCELL_ROW_142_2_4698,VDD,Metal1,513.5065,739.9640,4.925559
TAP_TAPCELL_ROW_141_3_4697,VDD,Metal1,1052.2265,731.7155,4.948630
TAP_TAPCELL_ROW_141_3_4696,VDD,Metal1,1013.0265,731.7155,4.948631
TAP_TAPCELL_ROW_140_3_4695,VDD,Metal1,1071.8265,729.8840,4.948628
TAP_TAPCELL_ROW_140_3_4694,VDD,Metal1,1032.6265,729.8840,4.948634
TAP_TAPCELL_ROW_140_3_4693,VDD,Metal1,993.4265,729.8840,4.948628
TAP_TAPCELL_ROW_140_2_4692,VDD,Metal1,513.5065,729.8840,4.925375
TAP_TAPCELL_ROW_139_3_4691,VDD,Metal1,1052.2265,721.6355,4.947930
TAP_TAPCELL_ROW_139_3_4690,VDD,Metal1,1013.0265,721.6355,4.947920
TAP_TAPCELL_ROW_138_3_4689,VDD,Metal1,1071.8265,719.8040,4.947903
TAP_TAPCELL_ROW_138_3_4688,VDD,Metal1,1032.6265,719.8040,4.947944
TAP_TAPCELL_ROW_138_3_4687,VDD,Metal1,993.4265,719.8040,4.947893
TAP_TAPCELL_ROW_138_2_4686,VDD,Metal1,513.5065,719.8040,4.924956
TAP_TAPCELL_ROW_137_3_4685,VDD,Metal1,1052.2265,711.5555,4.947503
TAP_TAPCELL_ROW_137_3_4684,VDD,Metal1,1013.0265,711.5555,4.947515
TAP_TAPCELL_ROW_136_3_4683,VDD,Metal1,1071.8265,709.7240,4.947501
TAP_TAPCELL_ROW_136_3_4682,VDD,Metal1,1032.6265,709.7240,4.947517
TAP_TAPCELL_ROW_136_3_4681,VDD,Metal1,993.4265,709.7240,4.947495
TAP_TAPCELL_ROW_136_2_4680,VDD,Metal1,513.5065,709.7240,4.924517
TAP_TAPCELL_ROW_136_1_4679,VDD,Metal1,26.8665,709.7240,4.902199
TAP_TAPCELL_ROW_213_4678,VDD,Metal1,1073.5065,1094.5955,4.988716
TAP_TAPCELL_ROW_213_4677,VDD,Metal1,1054.4665,1094.5955,4.988716
TAP_TAPCELL_ROW_213_4676,VDD,Metal1,1035.4265,1094.5955,4.988716
TAP_TAPCELL_ROW_213_4675,VDD,Metal1,1016.3865,1094.5955,4.988717
TAP_TAPCELL_ROW_213_4674,VDD,Metal1,997.3465,1094.5955,4.988721
TAP_TAPCELL_ROW_213_4673,VDD,Metal1,978.3065,1094.5955,4.988724
TAP_TAPCELL_ROW_213_4672,VDD,Metal1,959.2665,1094.5955,4.988729
TAP_TAPCELL_ROW_213_4671,VDD,Metal1,940.2265,1094.5955,4.988731
TAP_TAPCELL_ROW_213_4670,VDD,Metal1,921.1865,1094.5955,4.985559
TAP_TAPCELL_ROW_213_4669,VDD,Metal1,902.1465,1094.5955,4.980746
TAP_TAPCELL_ROW_213_4668,VDD,Metal1,883.1065,1094.5955,4.975881
TAP_TAPCELL_ROW_213_4667,VDD,Metal1,864.0665,1094.5955,4.972854
TAP_TAPCELL_ROW_213_4666,VDD,Metal1,845.0265,1094.5955,4.971918
TAP_TAPCELL_ROW_213_4665,VDD,Metal1,825.9865,1094.5955,4.971878
TAP_TAPCELL_ROW_213_4664,VDD,Metal1,806.9465,1094.5955,4.968764
TAP_TAPCELL_ROW_213_4663,VDD,Metal1,787.9065,1094.5955,4.966026
TAP_TAPCELL_ROW_213_4662,VDD,Metal1,768.8665,1094.5955,4.964322
TAP_TAPCELL_ROW_213_4661,VDD,Metal1,749.8265,1094.5955,4.961722
TAP_TAPCELL_ROW_213_4660,VDD,Metal1,730.7865,1094.5955,4.961015
TAP_TAPCELL_ROW_213_4659,VDD,Metal1,711.7465,1094.5955,4.960018
TAP_TAPCELL_ROW_213_4658,VDD,Metal1,692.7065,1094.5955,4.957382
TAP_TAPCELL_ROW_213_4657,VDD,Metal1,673.6665,1094.5955,4.954744
TAP_TAPCELL_ROW_213_4656,VDD,Metal1,654.6265,1094.5955,4.953158
TAP_TAPCELL_ROW_213_4655,VDD,Metal1,635.5865,1094.5955,4.952568
TAP_TAPCELL_ROW_213_4654,VDD,Metal1,616.5465,1094.5955,4.950348
TAP_TAPCELL_ROW_213_4653,VDD,Metal1,597.5065,1094.5955,4.948530
TAP_TAPCELL_ROW_213_4652,VDD,Metal1,578.4665,1094.5955,4.947804
TAP_TAPCELL_ROW_213_4651,VDD,Metal1,559.4265,1094.5955,4.946042
TAP_TAPCELL_ROW_213_4650,VDD,Metal1,540.3865,1094.5955,4.942970
TAP_TAPCELL_ROW_213_4649,VDD,Metal1,521.3465,1094.5955,4.940940
TAP_TAPCELL_ROW_213_4648,VDD,Metal1,502.3065,1094.5955,4.940184
TAP_TAPCELL_ROW_213_4647,VDD,Metal1,483.2665,1094.5955,4.937112
TAP_TAPCELL_ROW_213_4646,VDD,Metal1,464.2265,1094.5955,4.934690
TAP_TAPCELL_ROW_213_4645,VDD,Metal1,445.1865,1094.5955,4.934140
TAP_TAPCELL_ROW_213_4644,VDD,Metal1,426.1465,1094.5955,4.933623
TAP_TAPCELL_ROW_213_4643,VDD,Metal1,407.1065,1094.5955,4.925783
TAP_TAPCELL_ROW_213_4642,VDD,Metal1,388.0665,1094.5955,4.924791
TAP_TAPCELL_ROW_213_4641,VDD,Metal1,369.0265,1094.5955,4.924346
TAP_TAPCELL_ROW_213_4640,VDD,Metal1,349.9865,1094.5955,4.922452
TAP_TAPCELL_ROW_213_4639,VDD,Metal1,330.9465,1094.5955,4.920667
TAP_TAPCELL_ROW_213_4638,VDD,Metal1,311.9065,1094.5955,4.920132
TAP_TAPCELL_ROW_213_4637,VDD,Metal1,292.8665,1094.5955,4.918929
TAP_TAPCELL_ROW_213_4636,VDD,Metal1,273.8265,1094.5955,4.918675
TAP_TAPCELL_ROW_213_4635,VDD,Metal1,254.7865,1094.5955,4.917651
TAP_TAPCELL_ROW_213_4634,VDD,Metal1,235.7465,1094.5955,4.917552
TAP_TAPCELL_ROW_213_4633,VDD,Metal1,216.7065,1094.5955,4.917072
TAP_TAPCELL_ROW_213_4632,VDD,Metal1,197.6665,1094.5955,4.916948
TAP_TAPCELL_ROW_213_4631,VDD,Metal1,178.6265,1094.5955,4.916682
TAP_TAPCELL_ROW_213_4630,VDD,Metal1,159.5865,1094.5955,4.916302
TAP_TAPCELL_ROW_213_4629,VDD,Metal1,140.5465,1094.5955,4.915929
TAP_TAPCELL_ROW_213_4628,VDD,Metal1,121.5065,1094.5955,4.915866
TAP_TAPCELL_ROW_213_4627,VDD,Metal1,102.4665,1094.5955,4.915832
TAP_TAPCELL_ROW_213_4626,VDD,Metal1,83.4265,1094.5955,4.915768
TAP_TAPCELL_ROW_213_4625,VDD,Metal1,64.3865,1094.5955,4.914697
TAP_TAPCELL_ROW_213_4624,VDD,Metal1,45.3465,1094.5955,4.914638
TAP_TAPCELL_ROW_213_4623,VDD,Metal1,26.3065,1094.5955,4.914565
TAP_TAPCELL_ROW_212_4622,VDD,Metal1,1046.0665,1092.7640,4.988716
TAP_TAPCELL_ROW_212_4621,VDD,Metal1,1006.8665,1092.7640,4.988720
TAP_TAPCELL_ROW_212_4620,VDD,Metal1,967.6665,1092.7640,4.988727
TAP_TAPCELL_ROW_212_4619,VDD,Metal1,928.4665,1092.7640,4.987149
TAP_TAPCELL_ROW_212_4618,VDD,Metal1,889.2665,1092.7640,4.977878
TAP_TAPCELL_ROW_212_4617,VDD,Metal1,850.0665,1092.7640,4.972278
TAP_TAPCELL_ROW_212_4616,VDD,Metal1,810.8665,1092.7640,4.969222
TAP_TAPCELL_ROW_212_4615,VDD,Metal1,771.6665,1092.7640,4.964731
TAP_TAPCELL_ROW_212_4614,VDD,Metal1,732.4665,1092.7640,4.961210
TAP_TAPCELL_ROW_212_4613,VDD,Metal1,693.2665,1092.7640,4.957414
TAP_TAPCELL_ROW_212_4612,VDD,Metal1,654.0665,1092.7640,4.953125
TAP_TAPCELL_ROW_212_4611,VDD,Metal1,614.8665,1092.7640,4.950145
TAP_TAPCELL_ROW_212_4610,VDD,Metal1,575.6665,1092.7640,4.947399
TAP_TAPCELL_ROW_212_4609,VDD,Metal1,536.4665,1092.7640,4.942370
TAP_TAPCELL_ROW_212_4608,VDD,Metal1,497.2665,1092.7640,4.939492
TAP_TAPCELL_ROW_212_4607,VDD,Metal1,458.0665,1092.7640,4.934169
TAP_TAPCELL_ROW_212_4606,VDD,Metal1,418.8665,1092.7640,4.927232
TAP_TAPCELL_ROW_212_4605,VDD,Metal1,379.6665,1092.7640,4.924787
TAP_TAPCELL_ROW_212_4604,VDD,Metal1,340.4665,1092.7640,4.921817
TAP_TAPCELL_ROW_212_4603,VDD,Metal1,301.2665,1092.7640,4.919455
TAP_TAPCELL_ROW_212_4602,VDD,Metal1,262.0665,1092.7640,4.918102
TAP_TAPCELL_ROW_212_4601,VDD,Metal1,222.8665,1092.7640,4.917437
TAP_TAPCELL_ROW_212_4600,VDD,Metal1,183.6665,1092.7640,4.916693
TAP_TAPCELL_ROW_212_4599,VDD,Metal1,144.4665,1092.7640,4.915999
TAP_TAPCELL_ROW_212_4598,VDD,Metal1,105.2665,1092.7640,4.915850
TAP_TAPCELL_ROW_212_4597,VDD,Metal1,66.0665,1092.7640,4.915555
TAP_TAPCELL_ROW_212_4596,VDD,Metal1,26.8665,1092.7640,4.914568
TAP_TAPCELL_ROW_211_4595,VDD,Metal1,1065.6665,1084.5155,4.987413
TAP_TAPCELL_ROW_211_4594,VDD,Metal1,1026.4665,1084.5155,4.987413
TAP_TAPCELL_ROW_211_4593,VDD,Metal1,987.2665,1084.5155,4.987416
TAP_TAPCELL_ROW_211_4592,VDD,Metal1,948.0665,1084.5155,4.987434
TAP_TAPCELL_ROW_211_4591,VDD,Metal1,908.8665,1084.5155,4.979850
TAP_TAPCELL_ROW_211_4590,VDD,Metal1,869.6665,1084.5155,4.971957
TAP_TAPCELL_ROW_211_4589,VDD,Metal1,830.4665,1084.5155,4.962095
TAP_TAPCELL_ROW_211_4588,VDD,Metal1,791.2665,1084.5155,4.961461
TAP_TAPCELL_ROW_211_4587,VDD,Metal1,752.0665,1084.5155,4.957999
TAP_TAPCELL_ROW_211_4586,VDD,Metal1,712.8665,1084.5155,4.956951
TAP_TAPCELL_ROW_211_4585,VDD,Metal1,673.6665,1084.5155,4.952495
TAP_TAPCELL_ROW_211_4584,VDD,Metal1,634.4665,1084.5155,4.948943
TAP_TAPCELL_ROW_211_4583,VDD,Metal1,595.2665,1084.5155,4.946139
TAP_TAPCELL_ROW_211_4582,VDD,Metal1,556.0665,1084.5155,4.940683
TAP_TAPCELL_ROW_211_4581,VDD,Metal1,516.8665,1084.5155,4.939666
TAP_TAPCELL_ROW_211_4580,VDD,Metal1,477.6665,1084.5155,4.935675
TAP_TAPCELL_ROW_211_4579,VDD,Metal1,438.4665,1084.5155,4.930731
TAP_TAPCELL_ROW_211_4578,VDD,Metal1,399.2665,1084.5155,4.929812
TAP_TAPCELL_ROW_211_4577,VDD,Metal1,360.0665,1084.5155,4.928441
TAP_TAPCELL_ROW_211_4576,VDD,Metal1,320.8665,1084.5155,4.924135
TAP_TAPCELL_ROW_211_4575,VDD,Metal1,281.6665,1084.5155,4.918383
TAP_TAPCELL_ROW_211_4574,VDD,Metal1,242.4665,1084.5155,4.918027
TAP_TAPCELL_ROW_211_4573,VDD,Metal1,203.2665,1084.5155,4.917488
TAP_TAPCELL_ROW_211_4572,VDD,Metal1,164.0665,1084.5155,4.917325
TAP_TAPCELL_ROW_211_4571,VDD,Metal1,124.8665,1084.5155,4.916296
TAP_TAPCELL_ROW_211_4570,VDD,Metal1,85.6665,1084.5155,4.915838
TAP_TAPCELL_ROW_211_4569,VDD,Metal1,46.4665,1084.5155,4.915654
TAP_TAPCELL_ROW_210_4568,VDD,Metal1,1046.0665,1082.6840,4.987413
TAP_TAPCELL_ROW_210_4567,VDD,Metal1,1006.8665,1082.6840,4.987414
TAP_TAPCELL_ROW_210_4566,VDD,Metal1,967.6665,1082.6840,4.987419
TAP_TAPCELL_ROW_210_4565,VDD,Metal1,928.4665,1082.6840,4.984584
TAP_TAPCELL_ROW_210_4564,VDD,Metal1,889.2665,1082.6840,4.975620
TAP_TAPCELL_ROW_210_4563,VDD,Metal1,850.0665,1082.6840,4.963920
TAP_TAPCELL_ROW_210_4562,VDD,Metal1,810.8665,1082.6840,4.962048
TAP_TAPCELL_ROW_210_4561,VDD,Metal1,771.6665,1082.6840,4.958056
TAP_TAPCELL_ROW_210_4560,VDD,Metal1,732.4665,1082.6840,4.957531
TAP_TAPCELL_ROW_210_4559,VDD,Metal1,693.2665,1082.6840,4.953235
TAP_TAPCELL_ROW_210_4558,VDD,Metal1,654.0665,1082.6840,4.951307
TAP_TAPCELL_ROW_210_4557,VDD,Metal1,614.8665,1082.6840,4.946394
TAP_TAPCELL_ROW_210_4556,VDD,Metal1,575.6665,1082.6840,4.943418
TAP_TAPCELL_ROW_210_4555,VDD,Metal1,536.4665,1082.6840,4.939921
TAP_TAPCELL_ROW_210_4554,VDD,Metal1,497.2665,1082.6840,4.937467
TAP_TAPCELL_ROW_210_4553,VDD,Metal1,458.0665,1082.6840,4.933678
TAP_TAPCELL_ROW_210_4552,VDD,Metal1,418.8665,1082.6840,4.930410
TAP_TAPCELL_ROW_210_4551,VDD,Metal1,379.6665,1082.6840,4.928922
TAP_TAPCELL_ROW_210_4550,VDD,Metal1,340.4665,1082.6840,4.928212
TAP_TAPCELL_ROW_210_4549,VDD,Metal1,301.2665,1082.6840,4.921259
TAP_TAPCELL_ROW_210_4548,VDD,Metal1,262.0665,1082.6840,4.918121
TAP_TAPCELL_ROW_210_4547,VDD,Metal1,222.8665,1082.6840,4.917728
TAP_TAPCELL_ROW_210_4546,VDD,Metal1,183.6665,1082.6840,4.917405
TAP_TAPCELL_ROW_210_4545,VDD,Metal1,144.4665,1082.6840,4.916300
TAP_TAPCELL_ROW_210_4544,VDD,Metal1,105.2665,1082.6840,4.915907
TAP_TAPCELL_ROW_210_4543,VDD,Metal1,66.0665,1082.6840,4.915744
TAP_TAPCELL_ROW_210_4542,VDD,Metal1,26.8665,1082.6840,4.915627
TAP_TAPCELL_ROW_209_4541,VDD,Metal1,1073.5065,1074.4355,4.975887
TAP_TAPCELL_ROW_209_4540,VDD,Metal1,1054.4665,1074.4355,4.975887
TAP_TAPCELL_ROW_209_4539,VDD,Metal1,1035.4265,1074.4355,4.975887
TAP_TAPCELL_ROW_209_4538,VDD,Metal1,1016.3865,1074.4355,4.976662
TAP_TAPCELL_ROW_209_4537,VDD,Metal1,997.3465,1074.4355,4.978046
TAP_TAPCELL_ROW_209_4536,VDD,Metal1,978.3065,1074.4355,4.982707
TAP_TAPCELL_ROW_209_4535,VDD,Metal1,959.2665,1074.4355,4.984541
TAP_TAPCELL_ROW_209_4534,VDD,Metal1,940.2265,1074.4355,4.986585
TAP_TAPCELL_ROW_209_4533,VDD,Metal1,921.1865,1074.4355,4.983656
TAP_TAPCELL_ROW_209_4532,VDD,Metal1,902.1465,1074.4355,4.979985
TAP_TAPCELL_ROW_209_4531,VDD,Metal1,883.1065,1074.4355,4.976313
TAP_TAPCELL_ROW_209_4530,VDD,Metal1,864.0665,1074.4355,4.973417
TAP_TAPCELL_ROW_209_4529,VDD,Metal1,845.0265,1074.4355,4.970721
TAP_TAPCELL_ROW_209_4528,VDD,Metal1,825.9865,1074.4355,4.967863
TAP_TAPCELL_ROW_209_4527,VDD,Metal1,806.9465,1074.4355,4.965720
TAP_TAPCELL_ROW_209_4526,VDD,Metal1,787.9065,1074.4355,4.962581
TAP_TAPCELL_ROW_209_4525,VDD,Metal1,768.8665,1074.4355,4.961185
TAP_TAPCELL_ROW_209_4524,VDD,Metal1,749.8265,1074.4355,4.959454
TAP_TAPCELL_ROW_209_4523,VDD,Metal1,730.7865,1074.4355,4.957842
TAP_TAPCELL_ROW_209_4522,VDD,Metal1,711.7465,1074.4355,4.957244
TAP_TAPCELL_ROW_209_4521,VDD,Metal1,692.7065,1074.4355,4.956081
TAP_TAPCELL_ROW_209_4520,VDD,Metal1,673.6665,1074.4355,4.954809
TAP_TAPCELL_ROW_209_4519,VDD,Metal1,654.6265,1074.4355,4.953193
TAP_TAPCELL_ROW_209_4518,VDD,Metal1,635.5865,1074.4355,4.951505
TAP_TAPCELL_ROW_209_4517,VDD,Metal1,616.5465,1074.4355,4.949421
TAP_TAPCELL_ROW_209_4516,VDD,Metal1,597.5065,1074.4355,4.947598
TAP_TAPCELL_ROW_209_4515,VDD,Metal1,578.4665,1074.4355,4.945359
TAP_TAPCELL_ROW_209_4514,VDD,Metal1,559.4265,1074.4355,4.943216
TAP_TAPCELL_ROW_209_4513,VDD,Metal1,540.3865,1074.4355,4.941291
TAP_TAPCELL_ROW_209_4512,VDD,Metal1,521.3465,1074.4355,4.939457
TAP_TAPCELL_ROW_209_4511,VDD,Metal1,502.3065,1074.4355,4.938853
TAP_TAPCELL_ROW_209_4510,VDD,Metal1,483.2665,1074.4355,4.934122
TAP_TAPCELL_ROW_209_4509,VDD,Metal1,464.2265,1074.4355,4.931838
TAP_TAPCELL_ROW_209_4508,VDD,Metal1,445.1865,1074.4355,4.930164
TAP_TAPCELL_ROW_209_4507,VDD,Metal1,426.1465,1074.4355,4.928344
TAP_TAPCELL_ROW_209_4506,VDD,Metal1,407.1065,1074.4355,4.926076
TAP_TAPCELL_ROW_209_4505,VDD,Metal1,388.0665,1074.4355,4.924466
TAP_TAPCELL_ROW_209_4504,VDD,Metal1,369.0265,1074.4355,4.923011
TAP_TAPCELL_ROW_209_4503,VDD,Metal1,349.9865,1074.4355,4.921838
TAP_TAPCELL_ROW_209_4502,VDD,Metal1,330.9465,1074.4355,4.919965
TAP_TAPCELL_ROW_209_4501,VDD,Metal1,311.9065,1074.4355,4.919162
TAP_TAPCELL_ROW_209_4500,VDD,Metal1,292.8665,1074.4355,4.918377
TAP_TAPCELL_ROW_209_4499,VDD,Metal1,273.8265,1074.4355,4.917592
TAP_TAPCELL_ROW_209_4498,VDD,Metal1,254.7865,1074.4355,4.917026
TAP_TAPCELL_ROW_209_4497,VDD,Metal1,235.7465,1074.4355,4.916680
TAP_TAPCELL_ROW_209_4496,VDD,Metal1,216.7065,1074.4355,4.916334
TAP_TAPCELL_ROW_209_4495,VDD,Metal1,197.6665,1074.4355,4.915987
TAP_TAPCELL_ROW_209_4494,VDD,Metal1,178.6265,1074.4355,4.915422
TAP_TAPCELL_ROW_209_4493,VDD,Metal1,159.5865,1074.4355,4.915281
TAP_TAPCELL_ROW_209_4492,VDD,Metal1,140.5465,1074.4355,4.914962
TAP_TAPCELL_ROW_209_4491,VDD,Metal1,121.5065,1074.4355,4.914822
TAP_TAPCELL_ROW_209_4490,VDD,Metal1,102.4665,1074.4355,4.914592
TAP_TAPCELL_ROW_209_4489,VDD,Metal1,83.4265,1074.4355,4.914363
TAP_TAPCELL_ROW_209_4488,VDD,Metal1,64.3865,1074.4355,4.914180
TAP_TAPCELL_ROW_209_4487,VDD,Metal1,45.3465,1074.4355,4.914126
TAP_TAPCELL_ROW_209_4486,VDD,Metal1,26.3065,1074.4355,4.914069
TAP_TAPCELL_ROW_208_1_4485,VDD,Metal1,26.8665,1072.6040,4.914071
TAP_TAPCELL_ROW_206_1_4484,VDD,Metal1,26.8665,1062.5240,4.913627
TAP_TAPCELL_ROW_204_1_4483,VDD,Metal1,26.8665,1052.4440,4.913278
TAP_TAPCELL_ROW_202_1_4482,VDD,Metal1,26.8665,1042.3640,4.913284
TAP_TAPCELL_ROW_200_1_4481,VDD,Metal1,26.8665,1032.2840,4.913017
TAP_TAPCELL_ROW_198_1_4480,VDD,Metal1,26.8665,1022.2040,4.912825
TAP_TAPCELL_ROW_196_1_4479,VDD,Metal1,26.8665,1012.1240,4.912706
TAP_TAPCELL_ROW_194_1_4478,VDD,Metal1,26.8665,1002.0440,4.912456
TAP_TAPCELL_ROW_192_1_4477,VDD,Metal1,26.8665,991.9640,4.912312
TAP_TAPCELL_ROW_190_1_4476,VDD,Metal1,26.8665,981.8840,4.912107
TAP_TAPCELL_ROW_188_1_4475,VDD,Metal1,26.8665,971.8040,4.911975
TAP_TAPCELL_ROW_186_1_4474,VDD,Metal1,26.8665,961.7240,4.911594
TAP_TAPCELL_ROW_184_1_4473,VDD,Metal1,26.8665,951.6440,4.911606
TAP_TAPCELL_ROW_182_1_4472,VDD,Metal1,26.8665,941.5640,4.911016
TAP_TAPCELL_ROW_180_1_4471,VDD,Metal1,26.8665,931.4840,4.910870
TAP_TAPCELL_ROW_178_1_4470,VDD,Metal1,26.8665,921.4040,4.910541
TAP_TAPCELL_ROW_176_1_4469,VDD,Metal1,26.8665,911.3240,4.910255
TAP_TAPCELL_ROW_174_1_4468,VDD,Metal1,26.8665,901.2440,4.909908
TAP_TAPCELL_ROW_172_1_4467,VDD,Metal1,26.8665,891.1640,4.909600
TAP_TAPCELL_ROW_170_1_4466,VDD,Metal1,26.8665,881.0840,4.909334
TAP_TAPCELL_ROW_168_1_4465,VDD,Metal1,26.8665,871.0040,4.909007
TAP_TAPCELL_ROW_166_1_4464,VDD,Metal1,26.8665,860.9240,4.908720
TAP_TAPCELL_ROW_164_1_4463,VDD,Metal1,26.8665,850.8440,4.908268
TAP_TAPCELL_ROW_162_1_4462,VDD,Metal1,26.8665,840.7640,4.908023
TAP_TAPCELL_ROW_160_1_4461,VDD,Metal1,26.8665,830.6840,4.907904
TAP_TAPCELL_ROW_158_1_4460,VDD,Metal1,26.8665,820.6040,4.907687
TAP_TAPCELL_ROW_156_1_4459,VDD,Metal1,26.8665,810.5240,4.907621
TAP_TAPCELL_ROW_154_1_4458,VDD,Metal1,26.8665,800.4440,4.907440
TAP_TAPCELL_ROW_152_1_4457,VDD,Metal1,26.8665,790.3640,4.906781
TAP_TAPCELL_ROW_150_1_4456,VDD,Metal1,26.8665,780.2840,4.906154
TAP_TAPCELL_ROW_148_1_4455,VDD,Metal1,26.8665,770.2040,4.905359
TAP_TAPCELL_ROW_146_1_4454,VDD,Metal1,26.8665,760.1240,4.904971
TAP_TAPCELL_ROW_144_1_4453,VDD,Metal1,26.8665,750.0440,4.904361
TAP_TAPCELL_ROW_142_1_4452,VDD,Metal1,26.8665,739.9640,4.903875
TAP_TAPCELL_ROW_140_1_4451,VDD,Metal1,26.8665,729.8840,4.903289
TAP_TAPCELL_ROW_138_1_4450,VDD,Metal1,26.8665,719.8040,4.902809
TAP_TAPCELL_ROW_135_4449,VDD,Metal1,1073.5065,701.4755,4.943225
TAP_TAPCELL_ROW_135_4448,VDD,Metal1,1054.4665,701.4755,4.943235
TAP_TAPCELL_ROW_135_4447,VDD,Metal1,1035.4265,701.4755,4.943273
TAP_TAPCELL_ROW_135_4446,VDD,Metal1,1016.3865,701.4755,4.942295
TAP_TAPCELL_ROW_135_4445,VDD,Metal1,997.3465,701.4755,4.941623
TAP_TAPCELL_ROW_135_4444,VDD,Metal1,978.3065,701.4755,4.941040
TAP_TAPCELL_ROW_135_4443,VDD,Metal1,959.2665,701.4755,4.940448
TAP_TAPCELL_ROW_135_4442,VDD,Metal1,940.2265,701.4755,4.940201
TAP_TAPCELL_ROW_135_4441,VDD,Metal1,921.1865,701.4755,4.937353
TAP_TAPCELL_ROW_135_4440,VDD,Metal1,902.1465,701.4755,4.937023
TAP_TAPCELL_ROW_135_4439,VDD,Metal1,883.1065,701.4755,4.936048
TAP_TAPCELL_ROW_135_4438,VDD,Metal1,864.0665,701.4755,4.935807
TAP_TAPCELL_ROW_135_4437,VDD,Metal1,845.0265,701.4755,4.935178
TAP_TAPCELL_ROW_135_4436,VDD,Metal1,825.9865,701.4755,4.934795
TAP_TAPCELL_ROW_135_4435,VDD,Metal1,806.9465,701.4755,4.933299
TAP_TAPCELL_ROW_135_4434,VDD,Metal1,787.9065,701.4755,4.933100
TAP_TAPCELL_ROW_135_4433,VDD,Metal1,768.8665,701.4755,4.932281
TAP_TAPCELL_ROW_135_4432,VDD,Metal1,749.8265,701.4755,4.930367
TAP_TAPCELL_ROW_135_4431,VDD,Metal1,730.7865,701.4755,4.928509
TAP_TAPCELL_ROW_135_4430,VDD,Metal1,711.7465,701.4755,4.926779
TAP_TAPCELL_ROW_135_4429,VDD,Metal1,692.7065,701.4755,4.925637
TAP_TAPCELL_ROW_135_4428,VDD,Metal1,673.6665,701.4755,4.924969
TAP_TAPCELL_ROW_135_4427,VDD,Metal1,654.6265,701.4755,4.924685
TAP_TAPCELL_ROW_135_4426,VDD,Metal1,635.5865,701.4755,4.924349
TAP_TAPCELL_ROW_135_4425,VDD,Metal1,616.5465,701.4755,4.924033
TAP_TAPCELL_ROW_135_4424,VDD,Metal1,597.5065,701.4755,4.923227
TAP_TAPCELL_ROW_135_4423,VDD,Metal1,578.4665,701.4755,4.923215
TAP_TAPCELL_ROW_135_4422,VDD,Metal1,559.4265,701.4755,4.922719
TAP_TAPCELL_ROW_135_4421,VDD,Metal1,540.3865,701.4755,4.922068
TAP_TAPCELL_ROW_135_4420,VDD,Metal1,521.3465,701.4755,4.921803
TAP_TAPCELL_ROW_135_4419,VDD,Metal1,502.3065,701.4755,4.920841
TAP_TAPCELL_ROW_135_4418,VDD,Metal1,483.2665,701.4755,4.919252
TAP_TAPCELL_ROW_135_4417,VDD,Metal1,464.2265,701.4755,4.918760
TAP_TAPCELL_ROW_135_4416,VDD,Metal1,445.1865,701.4755,4.918544
TAP_TAPCELL_ROW_135_4415,VDD,Metal1,426.1465,701.4755,4.918385
TAP_TAPCELL_ROW_135_4414,VDD,Metal1,407.1065,701.4755,4.917182
TAP_TAPCELL_ROW_135_4413,VDD,Metal1,388.0665,701.4755,4.911929
TAP_TAPCELL_ROW_135_4412,VDD,Metal1,369.0265,701.4755,4.911369
TAP_TAPCELL_ROW_135_4411,VDD,Metal1,349.9865,701.4755,4.910320
TAP_TAPCELL_ROW_135_4410,VDD,Metal1,330.9465,701.4755,4.909801
TAP_TAPCELL_ROW_135_4409,VDD,Metal1,311.9065,701.4755,4.909799
TAP_TAPCELL_ROW_135_4408,VDD,Metal1,292.8665,701.4755,4.909725
TAP_TAPCELL_ROW_135_4407,VDD,Metal1,273.8265,701.4755,4.909565
TAP_TAPCELL_ROW_135_4406,VDD,Metal1,254.7865,701.4755,4.909495
TAP_TAPCELL_ROW_135_4405,VDD,Metal1,235.7465,701.4755,4.909421
TAP_TAPCELL_ROW_135_4404,VDD,Metal1,216.7065,701.4755,4.906085
TAP_TAPCELL_ROW_135_4403,VDD,Metal1,197.6665,701.4755,4.906013
TAP_TAPCELL_ROW_135_4402,VDD,Metal1,178.6265,701.4755,4.905925
TAP_TAPCELL_ROW_135_4401,VDD,Metal1,159.5865,701.4755,4.905925
TAP_TAPCELL_ROW_135_4400,VDD,Metal1,140.5465,701.4755,4.905717
TAP_TAPCELL_ROW_135_4399,VDD,Metal1,121.5065,701.4755,4.905491
TAP_TAPCELL_ROW_135_4398,VDD,Metal1,102.4665,701.4755,4.905113
TAP_TAPCELL_ROW_135_4397,VDD,Metal1,83.4265,701.4755,4.904141
TAP_TAPCELL_ROW_135_4396,VDD,Metal1,64.3865,701.4755,4.903571
TAP_TAPCELL_ROW_135_4395,VDD,Metal1,45.3465,701.4755,4.903276
TAP_TAPCELL_ROW_135_4394,VDD,Metal1,26.3065,701.4755,4.903147
TAP_TAPCELL_ROW_134_4393,VDD,Metal1,1046.0665,699.6440,4.943267
TAP_TAPCELL_ROW_134_4392,VDD,Metal1,1006.8665,699.6440,4.942079
TAP_TAPCELL_ROW_134_4391,VDD,Metal1,967.6665,699.6440,4.940827
TAP_TAPCELL_ROW_134_4390,VDD,Metal1,928.4665,699.6440,4.939447
TAP_TAPCELL_ROW_134_4389,VDD,Metal1,889.2665,699.6440,4.936354
TAP_TAPCELL_ROW_134_4388,VDD,Metal1,850.0665,699.6440,4.935249
TAP_TAPCELL_ROW_134_4387,VDD,Metal1,810.8665,699.6440,4.933447
TAP_TAPCELL_ROW_134_4386,VDD,Metal1,771.6665,699.6440,4.932514
TAP_TAPCELL_ROW_134_4385,VDD,Metal1,732.4665,699.6440,4.928626
TAP_TAPCELL_ROW_134_4384,VDD,Metal1,693.2665,699.6440,4.925657
TAP_TAPCELL_ROW_134_4383,VDD,Metal1,654.0665,699.6440,4.924666
TAP_TAPCELL_ROW_134_4382,VDD,Metal1,614.8665,699.6440,4.923838
TAP_TAPCELL_ROW_134_4381,VDD,Metal1,575.6665,699.6440,4.922933
TAP_TAPCELL_ROW_134_4380,VDD,Metal1,536.4665,699.6440,4.921858
TAP_TAPCELL_ROW_134_4379,VDD,Metal1,497.2665,699.6440,4.920282
TAP_TAPCELL_ROW_134_4378,VDD,Metal1,458.0665,699.6440,4.918634
TAP_TAPCELL_ROW_134_4377,VDD,Metal1,418.8665,699.6440,4.918343
TAP_TAPCELL_ROW_134_4376,VDD,Metal1,379.6665,699.6440,4.911709
TAP_TAPCELL_ROW_134_4375,VDD,Metal1,340.4665,699.6440,4.909841
TAP_TAPCELL_ROW_134_4374,VDD,Metal1,301.2665,699.6440,4.909790
TAP_TAPCELL_ROW_134_4373,VDD,Metal1,262.0665,699.6440,4.909528
TAP_TAPCELL_ROW_134_4372,VDD,Metal1,222.8665,699.6440,4.906107
TAP_TAPCELL_ROW_134_4371,VDD,Metal1,183.6665,699.6440,4.905928
TAP_TAPCELL_ROW_134_4370,VDD,Metal1,144.4665,699.6440,4.905895
TAP_TAPCELL_ROW_134_4369,VDD,Metal1,105.2665,699.6440,4.905231
TAP_TAPCELL_ROW_134_4368,VDD,Metal1,66.0665,699.6440,4.903630
TAP_TAPCELL_ROW_134_4367,VDD,Metal1,26.8665,699.6440,4.903156
TAP_TAPCELL_ROW_133_4366,VDD,Metal1,1065.6665,691.3955,4.929482
TAP_TAPCELL_ROW_133_4365,VDD,Metal1,1026.4665,691.3955,4.929535
TAP_TAPCELL_ROW_133_4364,VDD,Metal1,987.2665,691.3955,4.929639
TAP_TAPCELL_ROW_133_4363,VDD,Metal1,948.0665,691.3955,4.929903
TAP_TAPCELL_ROW_133_4362,VDD,Metal1,908.8665,691.3955,4.929499
TAP_TAPCELL_ROW_133_4361,VDD,Metal1,869.6665,691.3955,4.928816
TAP_TAPCELL_ROW_133_4360,VDD,Metal1,830.4665,691.3955,4.927441
TAP_TAPCELL_ROW_133_4359,VDD,Metal1,791.2665,691.3955,4.927338
TAP_TAPCELL_ROW_133_4358,VDD,Metal1,752.0665,691.3955,4.925849
TAP_TAPCELL_ROW_133_4357,VDD,Metal1,712.8665,691.3955,4.923737
TAP_TAPCELL_ROW_133_4356,VDD,Metal1,673.6665,691.3955,4.922471
TAP_TAPCELL_ROW_133_4355,VDD,Metal1,634.4665,691.3955,4.922166
TAP_TAPCELL_ROW_133_4354,VDD,Metal1,595.2665,691.3955,4.921883
TAP_TAPCELL_ROW_133_4353,VDD,Metal1,556.0665,691.3955,4.917762
TAP_TAPCELL_ROW_133_4352,VDD,Metal1,516.8665,691.3955,4.915480
TAP_TAPCELL_ROW_133_4351,VDD,Metal1,477.6665,691.3955,4.912874
TAP_TAPCELL_ROW_133_4350,VDD,Metal1,438.4665,691.3955,4.911358
TAP_TAPCELL_ROW_133_4349,VDD,Metal1,399.2665,691.3955,4.910554
TAP_TAPCELL_ROW_133_4348,VDD,Metal1,360.0665,691.3955,4.909086
TAP_TAPCELL_ROW_133_4347,VDD,Metal1,320.8665,691.3955,4.908279
TAP_TAPCELL_ROW_133_4346,VDD,Metal1,281.6665,691.3955,4.907702
TAP_TAPCELL_ROW_133_4345,VDD,Metal1,242.4665,691.3955,4.907445
TAP_TAPCELL_ROW_133_4344,VDD,Metal1,203.2665,691.3955,4.906322
TAP_TAPCELL_ROW_133_4343,VDD,Metal1,164.0665,691.3955,4.906029
TAP_TAPCELL_ROW_133_4342,VDD,Metal1,124.8665,691.3955,4.905209
TAP_TAPCELL_ROW_133_4341,VDD,Metal1,85.6665,691.3955,4.904188
TAP_TAPCELL_ROW_133_4340,VDD,Metal1,46.4665,691.3955,4.902997
TAP_TAPCELL_ROW_132_4339,VDD,Metal1,1046.0665,689.5640,4.929506
TAP_TAPCELL_ROW_132_4338,VDD,Metal1,1006.8665,689.5640,4.929558
TAP_TAPCELL_ROW_132_4337,VDD,Metal1,967.6665,689.5640,4.929836
TAP_TAPCELL_ROW_132_4336,VDD,Metal1,928.4665,689.5640,4.929527
TAP_TAPCELL_ROW_132_4335,VDD,Metal1,889.2665,689.5640,4.928899
TAP_TAPCELL_ROW_132_4334,VDD,Metal1,850.0665,689.5640,4.928126
TAP_TAPCELL_ROW_132_4333,VDD,Metal1,810.8665,689.5640,4.927416
TAP_TAPCELL_ROW_132_4332,VDD,Metal1,771.6665,689.5640,4.926290
TAP_TAPCELL_ROW_132_4331,VDD,Metal1,732.4665,689.5640,4.924275
TAP_TAPCELL_ROW_132_4330,VDD,Metal1,693.2665,689.5640,4.922792
TAP_TAPCELL_ROW_132_4329,VDD,Metal1,654.0665,689.5640,4.922366
TAP_TAPCELL_ROW_132_4328,VDD,Metal1,614.8665,689.5640,4.922078
TAP_TAPCELL_ROW_132_4327,VDD,Metal1,575.6665,689.5640,4.920400
TAP_TAPCELL_ROW_132_4326,VDD,Metal1,536.4665,689.5640,4.917625
TAP_TAPCELL_ROW_132_4325,VDD,Metal1,497.2665,689.5640,4.913060
TAP_TAPCELL_ROW_132_4324,VDD,Metal1,458.0665,689.5640,4.911611
TAP_TAPCELL_ROW_132_4323,VDD,Metal1,418.8665,689.5640,4.910574
TAP_TAPCELL_ROW_132_4322,VDD,Metal1,379.6665,689.5640,4.909548
TAP_TAPCELL_ROW_132_4321,VDD,Metal1,340.4665,689.5640,4.909001
TAP_TAPCELL_ROW_132_4320,VDD,Metal1,301.2665,689.5640,4.908236
TAP_TAPCELL_ROW_132_4319,VDD,Metal1,262.0665,689.5640,4.907612
TAP_TAPCELL_ROW_132_4318,VDD,Metal1,222.8665,689.5640,4.907280
TAP_TAPCELL_ROW_132_4317,VDD,Metal1,183.6665,689.5640,4.906067
TAP_TAPCELL_ROW_132_4316,VDD,Metal1,144.4665,689.5640,4.905830
TAP_TAPCELL_ROW_132_4315,VDD,Metal1,105.2665,689.5640,4.904569
TAP_TAPCELL_ROW_132_4314,VDD,Metal1,66.0665,689.5640,4.903511
TAP_TAPCELL_ROW_132_4313,VDD,Metal1,26.8665,689.5640,4.902598
TAP_TAPCELL_ROW_131_4312,VDD,Metal1,1065.6665,681.3155,4.925611
TAP_TAPCELL_ROW_131_4311,VDD,Metal1,1026.4665,681.3155,4.925670
TAP_TAPCELL_ROW_131_4310,VDD,Metal1,987.2665,681.3155,4.925772
TAP_TAPCELL_ROW_131_4309,VDD,Metal1,948.0665,681.3155,4.925795
TAP_TAPCELL_ROW_131_4308,VDD,Metal1,908.8665,681.3155,4.925588
TAP_TAPCELL_ROW_131_4307,VDD,Metal1,869.6665,681.3155,4.925503
TAP_TAPCELL_ROW_131_4306,VDD,Metal1,830.4665,681.3155,4.924818
TAP_TAPCELL_ROW_131_4305,VDD,Metal1,791.2665,681.3155,4.924227
TAP_TAPCELL_ROW_131_4304,VDD,Metal1,752.0665,681.3155,4.923044
TAP_TAPCELL_ROW_131_4303,VDD,Metal1,712.8665,681.3155,4.921277
TAP_TAPCELL_ROW_131_4302,VDD,Metal1,673.6665,681.3155,4.918757
TAP_TAPCELL_ROW_131_4301,VDD,Metal1,634.4665,681.3155,4.918347
TAP_TAPCELL_ROW_131_4300,VDD,Metal1,595.2665,681.3155,4.916996
TAP_TAPCELL_ROW_131_4299,VDD,Metal1,556.0665,681.3155,4.914710
TAP_TAPCELL_ROW_131_4298,VDD,Metal1,516.8665,681.3155,4.911669
TAP_TAPCELL_ROW_131_4297,VDD,Metal1,477.6665,681.3155,4.910544
TAP_TAPCELL_ROW_131_4296,VDD,Metal1,438.4665,681.3155,4.909826
TAP_TAPCELL_ROW_131_4295,VDD,Metal1,399.2665,681.3155,4.908960
TAP_TAPCELL_ROW_131_4294,VDD,Metal1,360.0665,681.3155,4.907471
TAP_TAPCELL_ROW_131_4293,VDD,Metal1,320.8665,681.3155,4.906821
TAP_TAPCELL_ROW_131_4292,VDD,Metal1,281.6665,681.3155,4.906473
TAP_TAPCELL_ROW_131_4291,VDD,Metal1,242.4665,681.3155,4.903869
TAP_TAPCELL_ROW_131_4290,VDD,Metal1,203.2665,681.3155,4.903299
TAP_TAPCELL_ROW_131_4289,VDD,Metal1,164.0665,681.3155,4.903152
TAP_TAPCELL_ROW_131_4288,VDD,Metal1,124.8665,681.3155,4.902629
TAP_TAPCELL_ROW_131_4287,VDD,Metal1,85.6665,681.3155,4.902057
TAP_TAPCELL_ROW_131_4286,VDD,Metal1,46.4665,681.3155,4.901806
TAP_TAPCELL_ROW_130_4285,VDD,Metal1,1046.0665,679.4840,4.925633
TAP_TAPCELL_ROW_130_4284,VDD,Metal1,1006.8665,679.4840,4.925724
TAP_TAPCELL_ROW_130_4283,VDD,Metal1,967.6665,679.4840,4.925795
TAP_TAPCELL_ROW_130_4282,VDD,Metal1,928.4665,679.4840,4.925668
TAP_TAPCELL_ROW_130_4281,VDD,Metal1,889.2665,679.4840,4.925574
TAP_TAPCELL_ROW_130_4280,VDD,Metal1,850.0665,679.4840,4.925439
TAP_TAPCELL_ROW_130_4279,VDD,Metal1,810.8665,679.4840,4.924401
TAP_TAPCELL_ROW_130_4278,VDD,Metal1,771.6665,679.4840,4.923844
TAP_TAPCELL_ROW_130_4277,VDD,Metal1,732.4665,679.4840,4.921775
TAP_TAPCELL_ROW_130_4276,VDD,Metal1,693.2665,679.4840,4.920656
TAP_TAPCELL_ROW_130_4275,VDD,Metal1,654.0665,679.4840,4.918524
TAP_TAPCELL_ROW_130_4274,VDD,Metal1,614.8665,679.4840,4.917664
TAP_TAPCELL_ROW_130_4273,VDD,Metal1,575.6665,679.4840,4.915810
TAP_TAPCELL_ROW_130_4272,VDD,Metal1,536.4665,679.4840,4.914697
TAP_TAPCELL_ROW_130_4271,VDD,Metal1,497.2665,679.4840,4.910758
TAP_TAPCELL_ROW_130_4270,VDD,Metal1,458.0665,679.4840,4.909950
TAP_TAPCELL_ROW_130_4269,VDD,Metal1,418.8665,679.4840,4.909043
TAP_TAPCELL_ROW_130_4268,VDD,Metal1,379.6665,679.4840,4.907721
TAP_TAPCELL_ROW_130_4267,VDD,Metal1,340.4665,679.4840,4.907342
TAP_TAPCELL_ROW_130_4266,VDD,Metal1,301.2665,679.4840,4.906779
TAP_TAPCELL_ROW_130_4265,VDD,Metal1,262.0665,679.4840,4.906399
TAP_TAPCELL_ROW_130_4264,VDD,Metal1,222.8665,679.4840,4.903486
TAP_TAPCELL_ROW_130_4263,VDD,Metal1,183.6665,679.4840,4.903200
TAP_TAPCELL_ROW_130_4262,VDD,Metal1,144.4665,679.4840,4.902989
TAP_TAPCELL_ROW_130_4261,VDD,Metal1,105.2665,679.4840,4.902436
TAP_TAPCELL_ROW_130_4260,VDD,Metal1,66.0665,679.4840,4.901924
TAP_TAPCELL_ROW_130_4259,VDD,Metal1,26.8665,679.4840,4.901196
TAP_TAPCELL_ROW_129_4258,VDD,Metal1,1065.6665,671.2355,4.922177
TAP_TAPCELL_ROW_129_4257,VDD,Metal1,1026.4665,671.2355,4.922296
TAP_TAPCELL_ROW_129_4256,VDD,Metal1,987.2665,671.2355,4.922421
TAP_TAPCELL_ROW_129_4255,VDD,Metal1,948.0665,671.2355,4.922459
TAP_TAPCELL_ROW_129_4254,VDD,Metal1,908.8665,671.2355,4.922031
TAP_TAPCELL_ROW_129_4253,VDD,Metal1,869.6665,671.2355,4.921514
TAP_TAPCELL_ROW_129_4252,VDD,Metal1,830.4665,671.2355,4.921353
TAP_TAPCELL_ROW_129_4251,VDD,Metal1,791.2665,671.2355,4.920828
TAP_TAPCELL_ROW_129_4250,VDD,Metal1,752.0665,671.2355,4.919998
TAP_TAPCELL_ROW_129_4249,VDD,Metal1,712.8665,671.2355,4.919255
TAP_TAPCELL_ROW_129_4248,VDD,Metal1,673.6665,671.2355,4.915260
TAP_TAPCELL_ROW_129_4247,VDD,Metal1,634.4665,671.2355,4.914871
TAP_TAPCELL_ROW_129_4246,VDD,Metal1,595.2665,671.2355,4.914081
TAP_TAPCELL_ROW_129_4245,VDD,Metal1,556.0665,671.2355,4.913126
TAP_TAPCELL_ROW_129_4244,VDD,Metal1,516.8665,671.2355,4.907908
TAP_TAPCELL_ROW_129_4243,VDD,Metal1,477.6665,671.2355,4.907475
TAP_TAPCELL_ROW_129_4242,VDD,Metal1,438.4665,671.2355,4.906743
TAP_TAPCELL_ROW_129_4241,VDD,Metal1,399.2665,671.2355,4.905569
TAP_TAPCELL_ROW_129_4240,VDD,Metal1,360.0665,671.2355,4.904786
TAP_TAPCELL_ROW_129_4239,VDD,Metal1,320.8665,671.2355,4.903942
TAP_TAPCELL_ROW_129_4238,VDD,Metal1,281.6665,671.2355,4.902849
TAP_TAPCELL_ROW_129_4237,VDD,Metal1,242.4665,671.2355,4.902367
TAP_TAPCELL_ROW_129_4236,VDD,Metal1,203.2665,671.2355,4.901986
TAP_TAPCELL_ROW_129_4235,VDD,Metal1,164.0665,671.2355,4.901291
TAP_TAPCELL_ROW_129_4234,VDD,Metal1,124.8665,671.2355,4.900741
TAP_TAPCELL_ROW_129_4233,VDD,Metal1,85.6665,671.2355,4.900509
TAP_TAPCELL_ROW_129_4232,VDD,Metal1,46.4665,671.2355,4.900321
TAP_TAPCELL_ROW_128_4231,VDD,Metal1,1046.0665,669.4040,4.922215
TAP_TAPCELL_ROW_128_4230,VDD,Metal1,1006.8665,669.4040,4.922336
TAP_TAPCELL_ROW_128_4229,VDD,Metal1,967.6665,669.4040,4.922447
TAP_TAPCELL_ROW_128_4228,VDD,Metal1,928.4665,669.4040,4.922374
TAP_TAPCELL_ROW_128_4227,VDD,Metal1,889.2665,669.4040,4.921649
TAP_TAPCELL_ROW_128_4226,VDD,Metal1,850.0665,669.4040,4.921363
TAP_TAPCELL_ROW_128_4225,VDD,Metal1,810.8665,669.4040,4.920855
TAP_TAPCELL_ROW_128_4224,VDD,Metal1,771.6665,669.4040,4.920446
TAP_TAPCELL_ROW_128_4223,VDD,Metal1,732.4665,669.4040,4.919636
TAP_TAPCELL_ROW_128_4222,VDD,Metal1,693.2665,669.4040,4.917475
TAP_TAPCELL_ROW_128_4221,VDD,Metal1,654.0665,669.4040,4.914904
TAP_TAPCELL_ROW_128_4220,VDD,Metal1,614.8665,669.4040,4.914421
TAP_TAPCELL_ROW_128_4219,VDD,Metal1,575.6665,669.4040,4.913519
TAP_TAPCELL_ROW_128_4218,VDD,Metal1,536.4665,669.4040,4.911319
TAP_TAPCELL_ROW_128_4217,VDD,Metal1,497.2665,669.4040,4.907827
TAP_TAPCELL_ROW_128_4216,VDD,Metal1,458.0665,669.4040,4.907047
TAP_TAPCELL_ROW_128_4215,VDD,Metal1,418.8665,669.4040,4.906670
TAP_TAPCELL_ROW_128_4214,VDD,Metal1,379.6665,669.4040,4.905440
TAP_TAPCELL_ROW_128_4213,VDD,Metal1,340.4665,669.4040,4.904429
TAP_TAPCELL_ROW_128_4212,VDD,Metal1,301.2665,669.4040,4.903484
TAP_TAPCELL_ROW_128_4211,VDD,Metal1,262.0665,669.4040,4.902444
TAP_TAPCELL_ROW_128_4210,VDD,Metal1,222.8665,669.4040,4.902224
TAP_TAPCELL_ROW_128_4209,VDD,Metal1,183.6665,669.4040,4.901652
TAP_TAPCELL_ROW_128_4208,VDD,Metal1,144.4665,669.4040,4.901032
TAP_TAPCELL_ROW_128_4207,VDD,Metal1,105.2665,669.4040,4.900565
TAP_TAPCELL_ROW_128_4206,VDD,Metal1,66.0665,669.4040,4.900368
TAP_TAPCELL_ROW_128_4205,VDD,Metal1,26.8665,669.4040,4.900227
TAP_TAPCELL_ROW_127_4204,VDD,Metal1,1065.6665,661.1555,4.917360
TAP_TAPCELL_ROW_127_4203,VDD,Metal1,1026.4665,661.1555,4.917422
TAP_TAPCELL_ROW_127_4202,VDD,Metal1,987.2665,661.1555,4.917518
TAP_TAPCELL_ROW_127_4201,VDD,Metal1,948.0665,661.1555,4.917706
TAP_TAPCELL_ROW_127_4200,VDD,Metal1,908.8665,661.1555,4.917581
TAP_TAPCELL_ROW_127_4199,VDD,Metal1,869.6665,661.1555,4.917022
TAP_TAPCELL_ROW_127_4198,VDD,Metal1,830.4665,661.1555,4.916715
TAP_TAPCELL_ROW_127_4197,VDD,Metal1,791.2665,661.1555,4.915933
TAP_TAPCELL_ROW_127_4196,VDD,Metal1,752.0665,661.1555,4.914618
TAP_TAPCELL_ROW_127_4195,VDD,Metal1,712.8665,661.1555,4.913442
TAP_TAPCELL_ROW_127_4194,VDD,Metal1,673.6665,661.1555,4.911508
TAP_TAPCELL_ROW_127_4193,VDD,Metal1,634.4665,661.1555,4.910518
TAP_TAPCELL_ROW_127_4192,VDD,Metal1,595.2665,661.1555,4.910140
TAP_TAPCELL_ROW_127_4191,VDD,Metal1,556.0665,661.1555,4.908652
TAP_TAPCELL_ROW_127_4190,VDD,Metal1,516.8665,661.1555,4.908022
TAP_TAPCELL_ROW_127_4189,VDD,Metal1,477.6665,661.1555,4.906597
TAP_TAPCELL_ROW_127_4188,VDD,Metal1,438.4665,661.1555,4.904405
TAP_TAPCELL_ROW_127_4187,VDD,Metal1,399.2665,661.1555,4.904215
TAP_TAPCELL_ROW_127_4186,VDD,Metal1,360.0665,661.1555,4.902339
TAP_TAPCELL_ROW_127_4185,VDD,Metal1,320.8665,661.1555,4.902049
TAP_TAPCELL_ROW_127_4184,VDD,Metal1,281.6665,661.1555,4.901861
TAP_TAPCELL_ROW_127_4183,VDD,Metal1,242.4665,661.1555,4.901488
TAP_TAPCELL_ROW_127_4182,VDD,Metal1,203.2665,661.1555,4.901126
TAP_TAPCELL_ROW_127_4181,VDD,Metal1,164.0665,661.1555,4.900572
TAP_TAPCELL_ROW_127_4180,VDD,Metal1,124.8665,661.1555,4.900430
TAP_TAPCELL_ROW_127_4179,VDD,Metal1,85.6665,661.1555,4.899575
TAP_TAPCELL_ROW_127_4178,VDD,Metal1,46.4665,661.1555,4.899156
TAP_TAPCELL_ROW_126_4177,VDD,Metal1,1046.0665,659.3240,4.917391
TAP_TAPCELL_ROW_126_4176,VDD,Metal1,1006.8665,659.3240,4.917475
TAP_TAPCELL_ROW_126_4175,VDD,Metal1,967.6665,659.3240,4.917614
TAP_TAPCELL_ROW_126_4174,VDD,Metal1,928.4665,659.3240,4.917705
TAP_TAPCELL_ROW_126_4173,VDD,Metal1,889.2665,659.3240,4.917102
TAP_TAPCELL_ROW_126_4172,VDD,Metal1,850.0665,659.3240,4.916987
TAP_TAPCELL_ROW_126_4171,VDD,Metal1,810.8665,659.3240,4.916463
TAP_TAPCELL_ROW_126_4170,VDD,Metal1,771.6665,659.3240,4.915538
TAP_TAPCELL_ROW_126_4169,VDD,Metal1,732.4665,659.3240,4.913813
TAP_TAPCELL_ROW_126_4168,VDD,Metal1,693.2665,659.3240,4.913001
TAP_TAPCELL_ROW_126_4167,VDD,Metal1,654.0665,659.3240,4.911239
TAP_TAPCELL_ROW_126_4166,VDD,Metal1,614.8665,659.3240,4.910222
TAP_TAPCELL_ROW_126_4165,VDD,Metal1,575.6665,659.3240,4.909212
TAP_TAPCELL_ROW_126_4164,VDD,Metal1,536.4665,659.3240,4.908469
TAP_TAPCELL_ROW_126_4163,VDD,Metal1,497.2665,659.3240,4.907260
TAP_TAPCELL_ROW_126_4162,VDD,Metal1,458.0665,659.3240,4.905778
TAP_TAPCELL_ROW_126_4161,VDD,Metal1,418.8665,659.3240,4.904225
TAP_TAPCELL_ROW_126_4160,VDD,Metal1,379.6665,659.3240,4.903204
TAP_TAPCELL_ROW_126_4159,VDD,Metal1,340.4665,659.3240,4.902134
TAP_TAPCELL_ROW_126_4158,VDD,Metal1,301.2665,659.3240,4.901896
TAP_TAPCELL_ROW_126_4157,VDD,Metal1,262.0665,659.3240,4.901570
TAP_TAPCELL_ROW_126_4156,VDD,Metal1,222.8665,659.3240,4.901423
TAP_TAPCELL_ROW_126_4155,VDD,Metal1,183.6665,659.3240,4.900740
TAP_TAPCELL_ROW_126_4154,VDD,Metal1,144.4665,659.3240,4.900566
TAP_TAPCELL_ROW_126_4153,VDD,Metal1,105.2665,659.3240,4.899872
TAP_TAPCELL_ROW_126_4152,VDD,Metal1,66.0665,659.3240,4.899231
TAP_TAPCELL_ROW_126_4151,VDD,Metal1,26.8665,659.3240,4.898725
TAP_TAPCELL_ROW_125_4150,VDD,Metal1,1065.6665,651.0755,4.912481
TAP_TAPCELL_ROW_125_4149,VDD,Metal1,1026.4665,651.0755,4.912847
TAP_TAPCELL_ROW_125_4148,VDD,Metal1,987.2665,651.0755,4.912963
TAP_TAPCELL_ROW_125_4147,VDD,Metal1,948.0665,651.0755,4.913108
TAP_TAPCELL_ROW_125_4146,VDD,Metal1,908.8665,651.0755,4.912835
TAP_TAPCELL_ROW_125_4145,VDD,Metal1,869.6665,651.0755,4.912454
TAP_TAPCELL_ROW_125_4144,VDD,Metal1,830.4665,651.0755,4.912249
TAP_TAPCELL_ROW_125_4143,VDD,Metal1,791.2665,651.0755,4.911911
TAP_TAPCELL_ROW_125_4142,VDD,Metal1,752.0665,651.0755,4.911616
TAP_TAPCELL_ROW_125_4141,VDD,Metal1,712.8665,651.0755,4.910323
TAP_TAPCELL_ROW_125_4140,VDD,Metal1,673.6665,651.0755,4.908246
TAP_TAPCELL_ROW_125_4139,VDD,Metal1,634.4665,651.0755,4.907924
TAP_TAPCELL_ROW_125_4138,VDD,Metal1,595.2665,651.0755,4.907726
TAP_TAPCELL_ROW_125_4137,VDD,Metal1,556.0665,651.0755,4.906114
TAP_TAPCELL_ROW_125_4136,VDD,Metal1,516.8665,651.0755,4.904735
TAP_TAPCELL_ROW_125_4135,VDD,Metal1,477.6665,651.0755,4.903712
TAP_TAPCELL_ROW_125_4134,VDD,Metal1,438.4665,651.0755,4.903295
TAP_TAPCELL_ROW_125_4133,VDD,Metal1,399.2665,651.0755,4.902792
TAP_TAPCELL_ROW_125_4132,VDD,Metal1,360.0665,651.0755,4.900724
TAP_TAPCELL_ROW_125_4131,VDD,Metal1,320.8665,651.0755,4.899974
TAP_TAPCELL_ROW_125_4130,VDD,Metal1,281.6665,651.0755,4.899689
TAP_TAPCELL_ROW_125_4129,VDD,Metal1,242.4665,651.0755,4.899440
TAP_TAPCELL_ROW_125_4128,VDD,Metal1,203.2665,651.0755,4.899172
TAP_TAPCELL_ROW_125_4127,VDD,Metal1,164.0665,651.0755,4.898852
TAP_TAPCELL_ROW_125_4126,VDD,Metal1,124.8665,651.0755,4.898510
TAP_TAPCELL_ROW_125_4125,VDD,Metal1,85.6665,651.0755,4.898154
TAP_TAPCELL_ROW_125_4124,VDD,Metal1,46.4665,651.0755,4.897366
TAP_TAPCELL_ROW_124_4123,VDD,Metal1,1046.0665,649.2440,4.912518
TAP_TAPCELL_ROW_124_4122,VDD,Metal1,1006.8665,649.2440,4.912928
TAP_TAPCELL_ROW_124_4121,VDD,Metal1,967.6665,649.2440,4.913082
TAP_TAPCELL_ROW_124_4120,VDD,Metal1,928.4665,649.2440,4.913086
TAP_TAPCELL_ROW_124_4119,VDD,Metal1,889.2665,649.2440,4.912489
TAP_TAPCELL_ROW_124_4118,VDD,Metal1,850.0665,649.2440,4.912344
TAP_TAPCELL_ROW_124_4117,VDD,Metal1,810.8665,649.2440,4.912219
TAP_TAPCELL_ROW_124_4116,VDD,Metal1,771.6665,649.2440,4.911802
TAP_TAPCELL_ROW_124_4115,VDD,Metal1,732.4665,649.2440,4.911000
TAP_TAPCELL_ROW_124_4114,VDD,Metal1,693.2665,649.2440,4.909454
TAP_TAPCELL_ROW_124_4113,VDD,Metal1,654.0665,649.2440,4.908203
TAP_TAPCELL_ROW_124_4112,VDD,Metal1,614.8665,649.2440,4.907747
TAP_TAPCELL_ROW_124_4111,VDD,Metal1,575.6665,649.2440,4.906905
TAP_TAPCELL_ROW_124_4110,VDD,Metal1,536.4665,649.2440,4.906023
TAP_TAPCELL_ROW_124_4109,VDD,Metal1,497.2665,649.2440,4.903851
TAP_TAPCELL_ROW_124_4108,VDD,Metal1,458.0665,649.2440,4.903435
TAP_TAPCELL_ROW_124_4107,VDD,Metal1,418.8665,649.2440,4.903131
TAP_TAPCELL_ROW_124_4106,VDD,Metal1,379.6665,649.2440,4.901313
TAP_TAPCELL_ROW_124_4105,VDD,Metal1,340.4665,649.2440,4.900539
TAP_TAPCELL_ROW_124_4104,VDD,Metal1,301.2665,649.2440,4.899963
TAP_TAPCELL_ROW_124_4103,VDD,Metal1,262.0665,649.2440,4.899517
TAP_TAPCELL_ROW_124_4102,VDD,Metal1,222.8665,649.2440,4.899185
TAP_TAPCELL_ROW_124_4101,VDD,Metal1,183.6665,649.2440,4.899161
TAP_TAPCELL_ROW_124_4100,VDD,Metal1,144.4665,649.2440,4.898539
TAP_TAPCELL_ROW_124_4099,VDD,Metal1,105.2665,649.2440,4.898423
TAP_TAPCELL_ROW_124_4098,VDD,Metal1,66.0665,649.2440,4.897784
TAP_TAPCELL_ROW_124_4097,VDD,Metal1,26.8665,649.2440,4.897349
TAP_TAPCELL_ROW_123_4096,VDD,Metal1,1065.6665,640.9955,4.910194
TAP_TAPCELL_ROW_123_4095,VDD,Metal1,1026.4665,640.9955,4.910242
TAP_TAPCELL_ROW_123_4094,VDD,Metal1,987.2665,640.9955,4.910272
TAP_TAPCELL_ROW_123_4093,VDD,Metal1,948.0665,640.9955,4.910365
TAP_TAPCELL_ROW_123_4092,VDD,Metal1,908.8665,640.9955,4.910266
TAP_TAPCELL_ROW_123_4091,VDD,Metal1,869.6665,640.9955,4.909514
TAP_TAPCELL_ROW_123_4090,VDD,Metal1,830.4665,640.9955,4.909337
TAP_TAPCELL_ROW_123_4089,VDD,Metal1,791.2665,640.9955,4.908975
TAP_TAPCELL_ROW_123_4088,VDD,Metal1,752.0665,640.9955,4.907479
TAP_TAPCELL_ROW_123_4087,VDD,Metal1,712.8665,640.9955,4.906099
TAP_TAPCELL_ROW_123_4086,VDD,Metal1,673.6665,640.9955,4.905556
TAP_TAPCELL_ROW_123_4085,VDD,Metal1,634.4665,640.9955,4.904531
TAP_TAPCELL_ROW_123_4084,VDD,Metal1,595.2665,640.9955,4.902981
TAP_TAPCELL_ROW_123_4083,VDD,Metal1,556.0665,640.9955,4.902558
TAP_TAPCELL_ROW_123_4082,VDD,Metal1,516.8665,640.9955,4.901490
TAP_TAPCELL_ROW_123_4081,VDD,Metal1,477.6665,640.9955,4.900411
TAP_TAPCELL_ROW_123_4080,VDD,Metal1,438.4665,640.9955,4.899600
TAP_TAPCELL_ROW_123_4079,VDD,Metal1,399.2665,640.9955,4.899054
TAP_TAPCELL_ROW_123_4078,VDD,Metal1,360.0665,640.9955,4.898558
TAP_TAPCELL_ROW_123_4077,VDD,Metal1,320.8665,640.9955,4.898171
TAP_TAPCELL_ROW_123_4076,VDD,Metal1,281.6665,640.9955,4.897810
TAP_TAPCELL_ROW_123_4075,VDD,Metal1,242.4665,640.9955,4.897452
TAP_TAPCELL_ROW_123_4074,VDD,Metal1,203.2665,640.9955,4.896827
TAP_TAPCELL_ROW_123_4073,VDD,Metal1,164.0665,640.9955,4.896249
TAP_TAPCELL_ROW_123_4072,VDD,Metal1,124.8665,640.9955,4.896099
TAP_TAPCELL_ROW_123_4071,VDD,Metal1,85.6665,640.9955,4.895795
TAP_TAPCELL_ROW_123_4070,VDD,Metal1,46.4665,640.9955,4.895586
TAP_TAPCELL_ROW_122_4069,VDD,Metal1,1046.0665,639.1640,4.910207
TAP_TAPCELL_ROW_122_4068,VDD,Metal1,1006.8665,639.1640,4.910263
TAP_TAPCELL_ROW_122_4067,VDD,Metal1,967.6665,639.1640,4.910347
TAP_TAPCELL_ROW_122_4066,VDD,Metal1,928.4665,639.1640,4.910361
TAP_TAPCELL_ROW_122_4065,VDD,Metal1,889.2665,639.1640,4.910000
TAP_TAPCELL_ROW_122_4064,VDD,Metal1,850.0665,639.1640,4.909506
TAP_TAPCELL_ROW_122_4063,VDD,Metal1,810.8665,639.1640,4.909130
TAP_TAPCELL_ROW_122_4062,VDD,Metal1,771.6665,639.1640,4.908332
TAP_TAPCELL_ROW_122_4061,VDD,Metal1,732.4665,639.1640,4.907092
TAP_TAPCELL_ROW_122_4060,VDD,Metal1,693.2665,639.1640,4.906065
TAP_TAPCELL_ROW_122_4059,VDD,Metal1,654.0665,639.1640,4.905021
TAP_TAPCELL_ROW_122_4058,VDD,Metal1,614.8665,639.1640,4.903951
TAP_TAPCELL_ROW_122_4057,VDD,Metal1,575.6665,639.1640,4.902972
TAP_TAPCELL_ROW_122_4056,VDD,Metal1,536.4665,639.1640,4.902321
TAP_TAPCELL_ROW_122_4055,VDD,Metal1,497.2665,639.1640,4.901325
TAP_TAPCELL_ROW_122_4054,VDD,Metal1,458.0665,639.1640,4.899929
TAP_TAPCELL_ROW_122_4053,VDD,Metal1,418.8665,639.1640,4.899587
TAP_TAPCELL_ROW_122_4052,VDD,Metal1,379.6665,639.1640,4.898781
TAP_TAPCELL_ROW_122_4051,VDD,Metal1,340.4665,639.1640,4.898312
TAP_TAPCELL_ROW_122_4050,VDD,Metal1,301.2665,639.1640,4.898031
TAP_TAPCELL_ROW_122_4049,VDD,Metal1,262.0665,639.1640,4.897637
TAP_TAPCELL_ROW_122_4048,VDD,Metal1,222.8665,639.1640,4.897005
TAP_TAPCELL_ROW_122_4047,VDD,Metal1,183.6665,639.1640,4.896566
TAP_TAPCELL_ROW_122_4046,VDD,Metal1,144.4665,639.1640,4.896213
TAP_TAPCELL_ROW_122_4045,VDD,Metal1,105.2665,639.1640,4.896096
TAP_TAPCELL_ROW_122_4044,VDD,Metal1,66.0665,639.1640,4.895754
TAP_TAPCELL_ROW_122_4043,VDD,Metal1,26.8665,639.1640,4.895544
TAP_TAPCELL_ROW_121_4042,VDD,Metal1,1065.6665,630.9155,4.906898
TAP_TAPCELL_ROW_121_4041,VDD,Metal1,1026.4665,630.9155,4.906954
TAP_TAPCELL_ROW_121_4040,VDD,Metal1,987.2665,630.9155,4.907092
TAP_TAPCELL_ROW_121_4039,VDD,Metal1,948.0665,630.9155,4.907180
TAP_TAPCELL_ROW_121_4038,VDD,Metal1,908.8665,630.9155,4.906572
TAP_TAPCELL_ROW_121_4037,VDD,Metal1,869.6665,630.9155,4.906191
TAP_TAPCELL_ROW_121_4036,VDD,Metal1,830.4665,630.9155,4.906035
TAP_TAPCELL_ROW_121_4035,VDD,Metal1,791.2665,630.9155,4.905428
TAP_TAPCELL_ROW_121_4034,VDD,Metal1,752.0665,630.9155,4.904231
TAP_TAPCELL_ROW_121_4033,VDD,Metal1,712.8665,630.9155,4.902515
TAP_TAPCELL_ROW_121_4032,VDD,Metal1,673.6665,630.9155,4.902010
TAP_TAPCELL_ROW_121_4031,VDD,Metal1,634.4665,630.9155,4.901703
TAP_TAPCELL_ROW_121_4030,VDD,Metal1,595.2665,630.9155,4.900872
TAP_TAPCELL_ROW_121_4029,VDD,Metal1,556.0665,630.9155,4.900474
TAP_TAPCELL_ROW_121_4028,VDD,Metal1,516.8665,630.9155,4.899569
TAP_TAPCELL_ROW_121_4027,VDD,Metal1,477.6665,630.9155,4.898613
TAP_TAPCELL_ROW_121_4026,VDD,Metal1,438.4665,630.9155,4.898237
TAP_TAPCELL_ROW_121_4025,VDD,Metal1,399.2665,630.9155,4.897081
TAP_TAPCELL_ROW_121_4024,VDD,Metal1,360.0665,630.9155,4.896901
TAP_TAPCELL_ROW_121_4023,VDD,Metal1,320.8665,630.9155,4.896275
TAP_TAPCELL_ROW_121_4022,VDD,Metal1,281.6665,630.9155,4.896055
TAP_TAPCELL_ROW_121_4021,VDD,Metal1,242.4665,630.9155,4.895803
TAP_TAPCELL_ROW_121_4020,VDD,Metal1,203.2665,630.9155,4.895481
TAP_TAPCELL_ROW_121_4019,VDD,Metal1,164.0665,630.9155,4.894779
TAP_TAPCELL_ROW_121_4018,VDD,Metal1,124.8665,630.9155,4.894633
TAP_TAPCELL_ROW_121_4017,VDD,Metal1,85.6665,630.9155,4.894266
TAP_TAPCELL_ROW_121_4016,VDD,Metal1,46.4665,630.9155,4.894115
TAP_TAPCELL_ROW_120_4015,VDD,Metal1,1046.0665,629.0840,4.906938
TAP_TAPCELL_ROW_120_4014,VDD,Metal1,1006.8665,629.0840,4.906982
TAP_TAPCELL_ROW_120_4013,VDD,Metal1,967.6665,629.0840,4.907177
TAP_TAPCELL_ROW_120_4012,VDD,Metal1,928.4665,629.0840,4.906858
TAP_TAPCELL_ROW_120_4011,VDD,Metal1,889.2665,629.0840,4.906252
TAP_TAPCELL_ROW_120_4010,VDD,Metal1,850.0665,629.0840,4.906051
TAP_TAPCELL_ROW_120_4009,VDD,Metal1,810.8665,629.0840,4.905942
TAP_TAPCELL_ROW_120_4008,VDD,Metal1,771.6665,629.0840,4.904257
TAP_TAPCELL_ROW_120_4007,VDD,Metal1,732.4665,629.0840,4.903587
TAP_TAPCELL_ROW_120_4006,VDD,Metal1,693.2665,629.0840,4.902506
TAP_TAPCELL_ROW_120_4005,VDD,Metal1,654.0665,629.0840,4.901971
TAP_TAPCELL_ROW_120_4004,VDD,Metal1,614.8665,629.0840,4.901350
TAP_TAPCELL_ROW_120_4003,VDD,Metal1,575.6665,629.0840,4.900525
TAP_TAPCELL_ROW_120_4002,VDD,Metal1,536.4665,629.0840,4.899993
TAP_TAPCELL_ROW_120_4001,VDD,Metal1,497.2665,629.0840,4.899476
TAP_TAPCELL_ROW_120_4000,VDD,Metal1,458.0665,629.0840,4.898282
TAP_TAPCELL_ROW_120_3999,VDD,Metal1,418.8665,629.0840,4.898076
TAP_TAPCELL_ROW_120_3998,VDD,Metal1,379.6665,629.0840,4.896932
TAP_TAPCELL_ROW_120_3997,VDD,Metal1,340.4665,629.0840,4.896866
TAP_TAPCELL_ROW_120_3996,VDD,Metal1,301.2665,629.0840,4.896122
TAP_TAPCELL_ROW_120_3995,VDD,Metal1,262.0665,629.0840,4.895886
TAP_TAPCELL_ROW_120_3994,VDD,Metal1,222.8665,629.0840,4.895548
TAP_TAPCELL_ROW_120_3993,VDD,Metal1,183.6665,629.0840,4.894780
TAP_TAPCELL_ROW_120_3992,VDD,Metal1,144.4665,629.0840,4.894656
TAP_TAPCELL_ROW_120_3991,VDD,Metal1,105.2665,629.0840,4.894391
TAP_TAPCELL_ROW_120_3990,VDD,Metal1,66.0665,629.0840,4.894208
TAP_TAPCELL_ROW_120_3989,VDD,Metal1,26.8665,629.0840,4.893911
TAP_TAPCELL_ROW_119_3988,VDD,Metal1,1065.6665,620.8355,4.904078
TAP_TAPCELL_ROW_119_3987,VDD,Metal1,1026.4665,620.8355,4.904100
TAP_TAPCELL_ROW_119_3986,VDD,Metal1,987.2665,620.8355,4.904117
TAP_TAPCELL_ROW_119_3985,VDD,Metal1,948.0665,620.8355,4.904148
TAP_TAPCELL_ROW_119_3984,VDD,Metal1,908.8665,620.8355,4.903522
TAP_TAPCELL_ROW_119_3983,VDD,Metal1,869.6665,620.8355,4.903148
TAP_TAPCELL_ROW_119_3982,VDD,Metal1,830.4665,620.8355,4.902804
TAP_TAPCELL_ROW_119_3981,VDD,Metal1,791.2665,620.8355,4.902067
TAP_TAPCELL_ROW_119_3980,VDD,Metal1,752.0665,620.8355,4.901096
TAP_TAPCELL_ROW_119_3979,VDD,Metal1,712.8665,620.8355,4.900807
TAP_TAPCELL_ROW_119_3978,VDD,Metal1,673.6665,620.8355,4.900230
TAP_TAPCELL_ROW_119_3977,VDD,Metal1,634.4665,620.8355,4.899808
TAP_TAPCELL_ROW_119_3976,VDD,Metal1,595.2665,620.8355,4.898881
TAP_TAPCELL_ROW_119_3975,VDD,Metal1,556.0665,620.8355,4.898184
TAP_TAPCELL_ROW_119_3974,VDD,Metal1,516.8665,620.8355,4.897704
TAP_TAPCELL_ROW_119_3973,VDD,Metal1,477.6665,620.8355,4.896322
TAP_TAPCELL_ROW_119_3972,VDD,Metal1,438.4665,620.8355,4.896132
TAP_TAPCELL_ROW_119_3971,VDD,Metal1,399.2665,620.8355,4.895382
TAP_TAPCELL_ROW_119_3970,VDD,Metal1,360.0665,620.8355,4.894469
TAP_TAPCELL_ROW_119_3969,VDD,Metal1,320.8665,620.8355,4.894157
TAP_TAPCELL_ROW_119_3968,VDD,Metal1,281.6665,620.8355,4.894005
TAP_TAPCELL_ROW_119_3967,VDD,Metal1,242.4665,620.8355,4.893875
TAP_TAPCELL_ROW_119_3966,VDD,Metal1,203.2665,620.8355,4.893155
TAP_TAPCELL_ROW_119_3965,VDD,Metal1,164.0665,620.8355,4.892794
TAP_TAPCELL_ROW_119_3964,VDD,Metal1,124.8665,620.8355,4.892316
TAP_TAPCELL_ROW_119_3963,VDD,Metal1,85.6665,620.8355,4.892217
TAP_TAPCELL_ROW_119_3962,VDD,Metal1,46.4665,620.8355,4.892039
TAP_TAPCELL_ROW_118_3961,VDD,Metal1,1046.0665,619.0040,4.904091
TAP_TAPCELL_ROW_118_3960,VDD,Metal1,1006.8665,619.0040,4.904111
TAP_TAPCELL_ROW_118_3959,VDD,Metal1,967.6665,619.0040,4.904146
TAP_TAPCELL_ROW_118_3958,VDD,Metal1,928.4665,619.0040,4.903877
TAP_TAPCELL_ROW_118_3957,VDD,Metal1,889.2665,619.0040,4.903265
TAP_TAPCELL_ROW_118_3956,VDD,Metal1,850.0665,619.0040,4.902823
TAP_TAPCELL_ROW_118_3955,VDD,Metal1,810.8665,619.0040,4.902378
TAP_TAPCELL_ROW_118_3954,VDD,Metal1,771.6665,619.0040,4.901770
TAP_TAPCELL_ROW_118_3953,VDD,Metal1,732.4665,619.0040,4.900908
TAP_TAPCELL_ROW_118_3952,VDD,Metal1,693.2665,619.0040,4.900532
TAP_TAPCELL_ROW_118_3951,VDD,Metal1,654.0665,619.0040,4.899893
TAP_TAPCELL_ROW_118_3950,VDD,Metal1,614.8665,619.0040,4.899285
TAP_TAPCELL_ROW_118_3949,VDD,Metal1,575.6665,619.0040,4.898225
TAP_TAPCELL_ROW_118_3948,VDD,Metal1,536.4665,619.0040,4.897775
TAP_TAPCELL_ROW_118_3947,VDD,Metal1,497.2665,619.0040,4.897438
TAP_TAPCELL_ROW_118_3946,VDD,Metal1,458.0665,619.0040,4.896161
TAP_TAPCELL_ROW_118_3945,VDD,Metal1,418.8665,619.0040,4.895904
TAP_TAPCELL_ROW_118_3944,VDD,Metal1,379.6665,619.0040,4.895107
TAP_TAPCELL_ROW_118_3943,VDD,Metal1,340.4665,619.0040,4.894374
TAP_TAPCELL_ROW_118_3942,VDD,Metal1,301.2665,619.0040,4.894130
TAP_TAPCELL_ROW_118_3941,VDD,Metal1,262.0665,619.0040,4.894000
TAP_TAPCELL_ROW_118_3940,VDD,Metal1,222.8665,619.0040,4.893560
TAP_TAPCELL_ROW_118_3939,VDD,Metal1,183.6665,619.0040,4.892838
TAP_TAPCELL_ROW_118_3938,VDD,Metal1,144.4665,619.0040,4.892726
TAP_TAPCELL_ROW_118_3937,VDD,Metal1,105.2665,619.0040,4.892286
TAP_TAPCELL_ROW_118_3936,VDD,Metal1,66.0665,619.0040,4.892063
TAP_TAPCELL_ROW_118_3935,VDD,Metal1,26.8665,619.0040,4.891958
TAP_TAPCELL_ROW_117_3934,VDD,Metal1,1065.6665,610.7555,4.900435
TAP_TAPCELL_ROW_117_3933,VDD,Metal1,1026.4665,610.7555,4.900497
TAP_TAPCELL_ROW_117_3932,VDD,Metal1,987.2665,610.7555,4.900579
TAP_TAPCELL_ROW_117_3931,VDD,Metal1,948.0665,610.7555,4.900593
TAP_TAPCELL_ROW_117_3930,VDD,Metal1,908.8665,610.7555,4.900172
TAP_TAPCELL_ROW_117_3929,VDD,Metal1,869.6665,610.7555,4.899735
TAP_TAPCELL_ROW_117_3928,VDD,Metal1,830.4665,610.7555,4.899662
TAP_TAPCELL_ROW_117_3927,VDD,Metal1,791.2665,610.7555,4.899272
TAP_TAPCELL_ROW_117_3926,VDD,Metal1,752.0665,610.7555,4.898866
TAP_TAPCELL_ROW_117_3925,VDD,Metal1,712.8665,610.7555,4.898080
TAP_TAPCELL_ROW_117_3924,VDD,Metal1,673.6665,610.7555,4.896814
TAP_TAPCELL_ROW_117_3923,VDD,Metal1,634.4665,610.7555,4.896618
TAP_TAPCELL_ROW_117_3922,VDD,Metal1,595.2665,610.7555,4.896239
TAP_TAPCELL_ROW_117_3921,VDD,Metal1,556.0665,610.7555,4.895726
TAP_TAPCELL_ROW_117_3920,VDD,Metal1,516.8665,610.7555,4.895157
TAP_TAPCELL_ROW_117_3919,VDD,Metal1,477.6665,610.7555,4.894284
TAP_TAPCELL_ROW_117_3918,VDD,Metal1,438.4665,610.7555,4.893467
TAP_TAPCELL_ROW_117_3917,VDD,Metal1,399.2665,610.7555,4.892788
TAP_TAPCELL_ROW_117_3916,VDD,Metal1,360.0665,610.7555,4.892594
TAP_TAPCELL_ROW_117_3915,VDD,Metal1,320.8665,610.7555,4.892455
TAP_TAPCELL_ROW_117_3914,VDD,Metal1,281.6665,610.7555,4.891749
TAP_TAPCELL_ROW_117_3913,VDD,Metal1,242.4665,610.7555,4.891645
TAP_TAPCELL_ROW_117_3912,VDD,Metal1,203.2665,610.7555,4.891317
TAP_TAPCELL_ROW_117_3911,VDD,Metal1,164.0665,610.7555,4.890961
TAP_TAPCELL_ROW_117_3910,VDD,Metal1,124.8665,610.7555,4.890739
TAP_TAPCELL_ROW_117_3909,VDD,Metal1,85.6665,610.7555,4.890613
TAP_TAPCELL_ROW_117_3908,VDD,Metal1,46.4665,610.7555,4.889999
TAP_TAPCELL_ROW_116_3907,VDD,Metal1,1046.0665,608.9240,4.900460
TAP_TAPCELL_ROW_116_3906,VDD,Metal1,1006.8665,608.9240,4.900565
TAP_TAPCELL_ROW_116_3905,VDD,Metal1,967.6665,608.9240,4.900587
TAP_TAPCELL_ROW_116_3904,VDD,Metal1,928.4665,608.9240,4.900354
TAP_TAPCELL_ROW_116_3903,VDD,Metal1,889.2665,608.9240,4.900028
TAP_TAPCELL_ROW_116_3902,VDD,Metal1,850.0665,608.9240,4.899707
TAP_TAPCELL_ROW_116_3901,VDD,Metal1,810.8665,608.9240,4.899337
TAP_TAPCELL_ROW_116_3900,VDD,Metal1,771.6665,608.9240,4.899115
TAP_TAPCELL_ROW_116_3899,VDD,Metal1,732.4665,608.9240,4.898533
TAP_TAPCELL_ROW_116_3898,VDD,Metal1,693.2665,608.9240,4.897484
TAP_TAPCELL_ROW_116_3897,VDD,Metal1,654.0665,608.9240,4.896737
TAP_TAPCELL_ROW_116_3896,VDD,Metal1,614.8665,608.9240,4.896604
TAP_TAPCELL_ROW_116_3895,VDD,Metal1,575.6665,608.9240,4.896033
TAP_TAPCELL_ROW_116_3894,VDD,Metal1,536.4665,608.9240,4.895337
TAP_TAPCELL_ROW_116_3893,VDD,Metal1,497.2665,608.9240,4.895090
TAP_TAPCELL_ROW_116_3892,VDD,Metal1,458.0665,608.9240,4.893915
TAP_TAPCELL_ROW_116_3891,VDD,Metal1,418.8665,608.9240,4.893335
TAP_TAPCELL_ROW_116_3890,VDD,Metal1,379.6665,608.9240,4.892755
TAP_TAPCELL_ROW_116_3889,VDD,Metal1,340.4665,608.9240,4.892462
TAP_TAPCELL_ROW_116_3888,VDD,Metal1,301.2665,608.9240,4.892182
TAP_TAPCELL_ROW_116_3887,VDD,Metal1,262.0665,608.9240,4.891736
TAP_TAPCELL_ROW_116_3886,VDD,Metal1,222.8665,608.9240,4.891602
TAP_TAPCELL_ROW_116_3885,VDD,Metal1,183.6665,608.9240,4.891238
TAP_TAPCELL_ROW_116_3884,VDD,Metal1,144.4665,608.9240,4.890809
TAP_TAPCELL_ROW_116_3883,VDD,Metal1,105.2665,608.9240,4.890734
TAP_TAPCELL_ROW_116_3882,VDD,Metal1,66.0665,608.9240,4.890092
TAP_TAPCELL_ROW_116_3881,VDD,Metal1,26.8665,608.9240,4.889977
TAP_TAPCELL_ROW_115_3880,VDD,Metal1,1065.6665,600.6755,4.897398
TAP_TAPCELL_ROW_115_3879,VDD,Metal1,1026.4665,600.6755,4.897413
TAP_TAPCELL_ROW_115_3878,VDD,Metal1,987.2665,600.6755,4.897488
TAP_TAPCELL_ROW_115_3877,VDD,Metal1,948.0665,600.6755,4.897660
TAP_TAPCELL_ROW_115_3876,VDD,Metal1,908.8665,600.6755,4.897453
TAP_TAPCELL_ROW_115_3875,VDD,Metal1,869.6665,600.6755,4.896996
TAP_TAPCELL_ROW_115_3874,VDD,Metal1,830.4665,600.6755,4.896729
TAP_TAPCELL_ROW_115_3873,VDD,Metal1,791.2665,600.6755,4.896425
TAP_TAPCELL_ROW_115_3872,VDD,Metal1,752.0665,600.6755,4.895943
TAP_TAPCELL_ROW_115_3871,VDD,Metal1,712.8665,600.6755,4.895418
TAP_TAPCELL_ROW_115_3870,VDD,Metal1,673.6665,600.6755,4.894966
TAP_TAPCELL_ROW_115_3869,VDD,Metal1,634.4665,600.6755,4.894734
TAP_TAPCELL_ROW_115_3868,VDD,Metal1,595.2665,600.6755,4.894230
TAP_TAPCELL_ROW_115_3867,VDD,Metal1,556.0665,600.6755,4.893588
TAP_TAPCELL_ROW_115_3866,VDD,Metal1,516.8665,600.6755,4.893357
TAP_TAPCELL_ROW_115_3865,VDD,Metal1,477.6665,600.6755,4.891741
TAP_TAPCELL_ROW_115_3864,VDD,Metal1,438.4665,600.6755,4.891439
TAP_TAPCELL_ROW_115_3863,VDD,Metal1,399.2665,600.6755,4.890466
TAP_TAPCELL_ROW_115_3862,VDD,Metal1,360.0665,600.6755,4.890338
TAP_TAPCELL_ROW_115_3861,VDD,Metal1,320.8665,600.6755,4.890127
TAP_TAPCELL_ROW_115_3860,VDD,Metal1,281.6665,600.6755,4.889866
TAP_TAPCELL_ROW_115_3859,VDD,Metal1,242.4665,600.6755,4.889453
TAP_TAPCELL_ROW_115_3858,VDD,Metal1,203.2665,600.6755,4.889381
TAP_TAPCELL_ROW_115_3857,VDD,Metal1,164.0665,600.6755,4.889180
TAP_TAPCELL_ROW_115_3856,VDD,Metal1,124.8665,600.6755,4.888676
TAP_TAPCELL_ROW_115_3855,VDD,Metal1,85.6665,600.6755,4.888571
TAP_TAPCELL_ROW_115_3854,VDD,Metal1,46.4665,600.6755,4.888358
TAP_TAPCELL_ROW_114_3853,VDD,Metal1,1046.0665,598.8440,4.897401
TAP_TAPCELL_ROW_114_3852,VDD,Metal1,1006.8665,598.8440,4.897466
TAP_TAPCELL_ROW_114_3851,VDD,Metal1,967.6665,598.8440,4.897555
TAP_TAPCELL_ROW_114_3850,VDD,Metal1,928.4665,598.8440,4.897640
TAP_TAPCELL_ROW_114_3849,VDD,Metal1,889.2665,598.8440,4.897191
TAP_TAPCELL_ROW_114_3848,VDD,Metal1,850.0665,598.8440,4.896902
TAP_TAPCELL_ROW_114_3847,VDD,Metal1,810.8665,598.8440,4.896594
TAP_TAPCELL_ROW_114_3846,VDD,Metal1,771.6665,598.8440,4.895984
TAP_TAPCELL_ROW_114_3845,VDD,Metal1,732.4665,598.8440,4.895704
TAP_TAPCELL_ROW_114_3844,VDD,Metal1,693.2665,598.8440,4.895175
TAP_TAPCELL_ROW_114_3843,VDD,Metal1,654.0665,598.8440,4.894780
TAP_TAPCELL_ROW_114_3842,VDD,Metal1,614.8665,598.8440,4.894406
TAP_TAPCELL_ROW_114_3841,VDD,Metal1,575.6665,598.8440,4.893811
TAP_TAPCELL_ROW_114_3840,VDD,Metal1,536.4665,598.8440,4.893584
TAP_TAPCELL_ROW_114_3839,VDD,Metal1,497.2665,598.8440,4.893187
TAP_TAPCELL_ROW_114_3838,VDD,Metal1,458.0665,598.8440,4.891544
TAP_TAPCELL_ROW_114_3837,VDD,Metal1,418.8665,598.8440,4.890855
TAP_TAPCELL_ROW_114_3836,VDD,Metal1,379.6665,598.8440,4.890418
TAP_TAPCELL_ROW_114_3835,VDD,Metal1,340.4665,598.8440,4.890267
TAP_TAPCELL_ROW_114_3834,VDD,Metal1,301.2665,598.8440,4.890028
TAP_TAPCELL_ROW_114_3833,VDD,Metal1,262.0665,598.8440,4.889689
TAP_TAPCELL_ROW_114_3832,VDD,Metal1,222.8665,598.8440,4.889452
TAP_TAPCELL_ROW_114_3831,VDD,Metal1,183.6665,598.8440,4.889262
TAP_TAPCELL_ROW_114_3830,VDD,Metal1,144.4665,598.8440,4.888680
TAP_TAPCELL_ROW_114_3829,VDD,Metal1,105.2665,598.8440,4.888581
TAP_TAPCELL_ROW_114_3828,VDD,Metal1,66.0665,598.8440,4.888372
TAP_TAPCELL_ROW_114_3827,VDD,Metal1,26.8665,598.8440,4.888267
TAP_TAPCELL_ROW_113_3826,VDD,Metal1,1065.6665,590.5955,4.894714
TAP_TAPCELL_ROW_113_3825,VDD,Metal1,1026.4665,590.5955,4.894723
TAP_TAPCELL_ROW_113_3824,VDD,Metal1,987.2665,590.5955,4.894739
TAP_TAPCELL_ROW_113_3823,VDD,Metal1,948.0665,590.5955,4.894853
TAP_TAPCELL_ROW_113_3822,VDD,Metal1,908.8665,590.5955,4.894599
TAP_TAPCELL_ROW_113_3821,VDD,Metal1,869.6665,590.5955,4.893868
TAP_TAPCELL_ROW_113_3820,VDD,Metal1,830.4665,590.5955,4.893626
TAP_TAPCELL_ROW_113_3819,VDD,Metal1,791.2665,590.5955,4.893219
TAP_TAPCELL_ROW_113_3818,VDD,Metal1,752.0665,590.5955,4.892724
TAP_TAPCELL_ROW_113_3817,VDD,Metal1,712.8665,590.5955,4.892176
TAP_TAPCELL_ROW_113_3816,VDD,Metal1,673.6665,590.5955,4.891710
TAP_TAPCELL_ROW_113_3815,VDD,Metal1,634.4665,590.5955,4.891567
TAP_TAPCELL_ROW_113_3814,VDD,Metal1,595.2665,590.5955,4.891279
TAP_TAPCELL_ROW_113_3813,VDD,Metal1,556.0665,590.5955,4.890644
TAP_TAPCELL_ROW_113_3812,VDD,Metal1,516.8665,590.5955,4.890428
TAP_TAPCELL_ROW_113_3811,VDD,Metal1,477.6665,590.5955,4.890051
TAP_TAPCELL_ROW_113_3810,VDD,Metal1,438.4665,590.5955,4.889481
TAP_TAPCELL_ROW_113_3809,VDD,Metal1,399.2665,590.5955,4.888962
TAP_TAPCELL_ROW_113_3808,VDD,Metal1,360.0665,590.5955,4.888505
TAP_TAPCELL_ROW_113_3807,VDD,Metal1,320.8665,590.5955,4.888400
TAP_TAPCELL_ROW_113_3806,VDD,Metal1,281.6665,590.5955,4.888041
TAP_TAPCELL_ROW_113_3805,VDD,Metal1,242.4665,590.5955,4.887528
TAP_TAPCELL_ROW_113_3804,VDD,Metal1,203.2665,590.5955,4.887256
TAP_TAPCELL_ROW_113_3803,VDD,Metal1,164.0665,590.5955,4.887092
TAP_TAPCELL_ROW_113_3802,VDD,Metal1,124.8665,590.5955,4.886882
TAP_TAPCELL_ROW_113_3801,VDD,Metal1,85.6665,590.5955,4.886738
TAP_TAPCELL_ROW_113_3800,VDD,Metal1,46.4665,590.5955,4.886514
TAP_TAPCELL_ROW_112_3799,VDD,Metal1,1046.0665,588.7640,4.894721
TAP_TAPCELL_ROW_112_3798,VDD,Metal1,1006.8665,588.7640,4.894732
TAP_TAPCELL_ROW_112_3797,VDD,Metal1,967.6665,588.7640,4.894819
TAP_TAPCELL_ROW_112_3796,VDD,Metal1,928.4665,588.7640,4.894765
TAP_TAPCELL_ROW_112_3795,VDD,Metal1,889.2665,588.7640,4.894368
TAP_TAPCELL_ROW_112_3794,VDD,Metal1,850.0665,588.7640,4.893701
TAP_TAPCELL_ROW_112_3793,VDD,Metal1,810.8665,588.7640,4.893475
TAP_TAPCELL_ROW_112_3792,VDD,Metal1,771.6665,588.7640,4.892869
TAP_TAPCELL_ROW_112_3791,VDD,Metal1,732.4665,588.7640,4.892598
TAP_TAPCELL_ROW_112_3790,VDD,Metal1,693.2665,588.7640,4.892149
TAP_TAPCELL_ROW_112_3789,VDD,Metal1,654.0665,588.7640,4.891616
TAP_TAPCELL_ROW_112_3788,VDD,Metal1,614.8665,588.7640,4.891287
TAP_TAPCELL_ROW_112_3787,VDD,Metal1,575.6665,588.7640,4.890848
TAP_TAPCELL_ROW_112_3786,VDD,Metal1,536.4665,588.7640,4.890491
TAP_TAPCELL_ROW_112_3785,VDD,Metal1,497.2665,588.7640,4.890077
TAP_TAPCELL_ROW_112_3784,VDD,Metal1,458.0665,588.7640,4.889508
TAP_TAPCELL_ROW_112_3783,VDD,Metal1,418.8665,588.7640,4.889020
TAP_TAPCELL_ROW_112_3782,VDD,Metal1,379.6665,588.7640,4.888556
TAP_TAPCELL_ROW_112_3781,VDD,Metal1,340.4665,588.7640,4.888499
TAP_TAPCELL_ROW_112_3780,VDD,Metal1,301.2665,588.7640,4.888106
TAP_TAPCELL_ROW_112_3779,VDD,Metal1,262.0665,588.7640,4.887696
TAP_TAPCELL_ROW_112_3778,VDD,Metal1,222.8665,588.7640,4.887504
TAP_TAPCELL_ROW_112_3777,VDD,Metal1,183.6665,588.7640,4.887209
TAP_TAPCELL_ROW_112_3776,VDD,Metal1,144.4665,588.7640,4.887063
TAP_TAPCELL_ROW_112_3775,VDD,Metal1,105.2665,588.7640,4.886781
TAP_TAPCELL_ROW_112_3774,VDD,Metal1,66.0665,588.7640,4.886529
TAP_TAPCELL_ROW_112_3773,VDD,Metal1,26.8665,588.7640,4.886454
TAP_TAPCELL_ROW_111_3772,VDD,Metal1,1065.6665,580.5155,4.891624
TAP_TAPCELL_ROW_111_3771,VDD,Metal1,1026.4665,580.5155,4.891659
TAP_TAPCELL_ROW_111_3770,VDD,Metal1,987.2665,580.5155,4.891753
TAP_TAPCELL_ROW_111_3769,VDD,Metal1,948.0665,580.5155,4.891796
TAP_TAPCELL_ROW_111_3768,VDD,Metal1,908.8665,580.5155,4.891517
TAP_TAPCELL_ROW_111_3767,VDD,Metal1,869.6665,580.5155,4.891192
TAP_TAPCELL_ROW_111_3766,VDD,Metal1,830.4665,580.5155,4.891124
TAP_TAPCELL_ROW_111_3765,VDD,Metal1,791.2665,580.5155,4.890788
TAP_TAPCELL_ROW_111_3764,VDD,Metal1,752.0665,580.5155,4.890340
TAP_TAPCELL_ROW_111_3763,VDD,Metal1,712.8665,580.5155,4.889646
TAP_TAPCELL_ROW_111_3762,VDD,Metal1,673.6665,580.5155,4.889487
TAP_TAPCELL_ROW_111_3761,VDD,Metal1,634.4665,580.5155,4.889256
TAP_TAPCELL_ROW_111_3760,VDD,Metal1,595.2665,580.5155,4.888977
TAP_TAPCELL_ROW_111_3759,VDD,Metal1,556.0665,580.5155,4.888482
TAP_TAPCELL_ROW_111_3758,VDD,Metal1,516.8665,580.5155,4.888102
TAP_TAPCELL_ROW_111_3757,VDD,Metal1,477.6665,580.5155,4.887815
TAP_TAPCELL_ROW_111_3756,VDD,Metal1,438.4665,580.5155,4.887186
TAP_TAPCELL_ROW_111_3755,VDD,Metal1,399.2665,580.5155,4.886795
TAP_TAPCELL_ROW_111_3754,VDD,Metal1,360.0665,580.5155,4.886653
TAP_TAPCELL_ROW_111_3753,VDD,Metal1,320.8665,580.5155,4.886479
TAP_TAPCELL_ROW_111_3752,VDD,Metal1,281.6665,580.5155,4.886402
TAP_TAPCELL_ROW_111_3751,VDD,Metal1,242.4665,580.5155,4.885981
TAP_TAPCELL_ROW_111_3750,VDD,Metal1,203.2665,580.5155,4.885571
TAP_TAPCELL_ROW_111_3749,VDD,Metal1,164.0665,580.5155,4.885426
TAP_TAPCELL_ROW_111_3748,VDD,Metal1,124.8665,580.5155,4.885043
TAP_TAPCELL_ROW_111_3747,VDD,Metal1,85.6665,580.5155,4.884883
TAP_TAPCELL_ROW_111_3746,VDD,Metal1,46.4665,580.5155,4.884719
TAP_TAPCELL_ROW_110_3745,VDD,Metal1,1046.0665,578.6840,4.891636
TAP_TAPCELL_ROW_110_3744,VDD,Metal1,1006.8665,578.6840,4.891717
TAP_TAPCELL_ROW_110_3743,VDD,Metal1,967.6665,578.6840,4.891756
TAP_TAPCELL_ROW_110_3742,VDD,Metal1,928.4665,578.6840,4.891631
TAP_TAPCELL_ROW_110_3741,VDD,Metal1,889.2665,578.6840,4.891462
TAP_TAPCELL_ROW_110_3740,VDD,Metal1,850.0665,578.6840,4.891175
TAP_TAPCELL_ROW_110_3739,VDD,Metal1,810.8665,578.6840,4.890902
TAP_TAPCELL_ROW_110_3738,VDD,Metal1,771.6665,578.6840,4.890614
TAP_TAPCELL_ROW_110_3737,VDD,Metal1,732.4665,578.6840,4.890072
TAP_TAPCELL_ROW_110_3736,VDD,Metal1,693.2665,578.6840,4.889636
TAP_TAPCELL_ROW_110_3735,VDD,Metal1,654.0665,578.6840,4.889278
TAP_TAPCELL_ROW_110_3734,VDD,Metal1,614.8665,578.6840,4.889124
TAP_TAPCELL_ROW_110_3733,VDD,Metal1,575.6665,578.6840,4.888943
TAP_TAPCELL_ROW_110_3732,VDD,Metal1,536.4665,578.6840,4.888386
TAP_TAPCELL_ROW_110_3731,VDD,Metal1,497.2665,578.6840,4.888079
TAP_TAPCELL_ROW_110_3730,VDD,Metal1,458.0665,578.6840,4.887567
TAP_TAPCELL_ROW_110_3729,VDD,Metal1,418.8665,578.6840,4.886799
TAP_TAPCELL_ROW_110_3728,VDD,Metal1,379.6665,578.6840,4.886674
TAP_TAPCELL_ROW_110_3727,VDD,Metal1,340.4665,578.6840,4.886560
TAP_TAPCELL_ROW_110_3726,VDD,Metal1,301.2665,578.6840,4.886412
TAP_TAPCELL_ROW_110_3725,VDD,Metal1,262.0665,578.6840,4.886385
TAP_TAPCELL_ROW_110_3724,VDD,Metal1,222.8665,578.6840,4.885952
TAP_TAPCELL_ROW_110_3723,VDD,Metal1,183.6665,578.6840,4.885533
TAP_TAPCELL_ROW_110_3722,VDD,Metal1,144.4665,578.6840,4.885287
TAP_TAPCELL_ROW_110_3721,VDD,Metal1,105.2665,578.6840,4.885008
TAP_TAPCELL_ROW_110_3720,VDD,Metal1,66.0665,578.6840,4.884758
TAP_TAPCELL_ROW_110_3719,VDD,Metal1,26.8665,578.6840,4.884716
TAP_TAPCELL_ROW_109_3718,VDD,Metal1,1065.6665,570.4355,4.889023
TAP_TAPCELL_ROW_109_3717,VDD,Metal1,1026.4665,570.4355,4.889040
TAP_TAPCELL_ROW_109_3716,VDD,Metal1,987.2665,570.4355,4.889169
TAP_TAPCELL_ROW_109_3715,VDD,Metal1,948.0665,570.4355,4.889230
TAP_TAPCELL_ROW_109_3714,VDD,Metal1,908.8665,570.4355,4.888906
TAP_TAPCELL_ROW_109_3713,VDD,Metal1,869.6665,570.4355,4.888790
TAP_TAPCELL_ROW_109_3712,VDD,Metal1,830.4665,570.4355,4.888529
TAP_TAPCELL_ROW_109_3711,VDD,Metal1,791.2665,570.4355,4.888395
TAP_TAPCELL_ROW_109_3710,VDD,Metal1,752.0665,570.4355,4.888051
TAP_TAPCELL_ROW_109_3709,VDD,Metal1,712.8665,570.4355,4.887655
TAP_TAPCELL_ROW_109_3708,VDD,Metal1,673.6665,570.4355,4.887396
TAP_TAPCELL_ROW_109_3707,VDD,Metal1,634.4665,570.4355,4.887118
TAP_TAPCELL_ROW_109_3706,VDD,Metal1,595.2665,570.4355,4.886357
TAP_TAPCELL_ROW_109_3705,VDD,Metal1,556.0665,570.4355,4.885999
TAP_TAPCELL_ROW_109_3704,VDD,Metal1,516.8665,570.4355,4.885861
TAP_TAPCELL_ROW_109_3703,VDD,Metal1,477.6665,570.4355,4.885521
TAP_TAPCELL_ROW_109_3702,VDD,Metal1,438.4665,570.4355,4.885143
TAP_TAPCELL_ROW_109_3701,VDD,Metal1,399.2665,570.4355,4.884793
TAP_TAPCELL_ROW_109_3700,VDD,Metal1,360.0665,570.4355,4.884366
TAP_TAPCELL_ROW_109_3699,VDD,Metal1,320.8665,570.4355,4.884262
TAP_TAPCELL_ROW_109_3698,VDD,Metal1,281.6665,570.4355,4.883694
TAP_TAPCELL_ROW_109_3697,VDD,Metal1,242.4665,570.4355,4.883539
TAP_TAPCELL_ROW_109_3696,VDD,Metal1,203.2665,570.4355,4.883325
TAP_TAPCELL_ROW_109_3695,VDD,Metal1,164.0665,570.4355,4.883170
TAP_TAPCELL_ROW_109_3694,VDD,Metal1,124.8665,570.4355,4.883063
TAP_TAPCELL_ROW_109_3693,VDD,Metal1,85.6665,570.4355,4.882986
TAP_TAPCELL_ROW_109_3692,VDD,Metal1,46.4665,570.4355,4.882931
TAP_TAPCELL_ROW_108_3691,VDD,Metal1,1046.0665,568.6040,4.889028
TAP_TAPCELL_ROW_108_3690,VDD,Metal1,1006.8665,568.6040,4.889100
TAP_TAPCELL_ROW_108_3689,VDD,Metal1,967.6665,568.6040,4.889173
TAP_TAPCELL_ROW_108_3688,VDD,Metal1,928.4665,568.6040,4.889200
TAP_TAPCELL_ROW_108_3687,VDD,Metal1,889.2665,568.6040,4.888831
TAP_TAPCELL_ROW_108_3686,VDD,Metal1,850.0665,568.6040,4.888739
TAP_TAPCELL_ROW_108_3685,VDD,Metal1,810.8665,568.6040,4.888492
TAP_TAPCELL_ROW_108_3684,VDD,Metal1,771.6665,568.6040,4.888135
TAP_TAPCELL_ROW_108_3683,VDD,Metal1,732.4665,568.6040,4.887788
TAP_TAPCELL_ROW_108_3682,VDD,Metal1,693.2665,568.6040,4.887461
TAP_TAPCELL_ROW_108_3681,VDD,Metal1,654.0665,568.6040,4.887233
TAP_TAPCELL_ROW_108_3680,VDD,Metal1,614.8665,568.6040,4.886742
TAP_TAPCELL_ROW_108_3679,VDD,Metal1,575.6665,568.6040,4.886068
TAP_TAPCELL_ROW_108_3678,VDD,Metal1,536.4665,568.6040,4.885964
TAP_TAPCELL_ROW_108_3677,VDD,Metal1,497.2665,568.6040,4.885742
TAP_TAPCELL_ROW_108_3676,VDD,Metal1,458.0665,568.6040,4.885387
TAP_TAPCELL_ROW_108_3675,VDD,Metal1,418.8665,568.6040,4.885060
TAP_TAPCELL_ROW_108_3674,VDD,Metal1,379.6665,568.6040,4.884490
TAP_TAPCELL_ROW_108_3673,VDD,Metal1,340.4665,568.6040,4.884322
TAP_TAPCELL_ROW_108_3672,VDD,Metal1,301.2665,568.6040,4.884208
TAP_TAPCELL_ROW_108_3671,VDD,Metal1,262.0665,568.6040,4.883606
TAP_TAPCELL_ROW_108_3670,VDD,Metal1,222.8665,568.6040,4.883508
TAP_TAPCELL_ROW_108_3669,VDD,Metal1,183.6665,568.6040,4.883211
TAP_TAPCELL_ROW_108_3668,VDD,Metal1,144.4665,568.6040,4.883155
TAP_TAPCELL_ROW_108_3667,VDD,Metal1,105.2665,568.6040,4.882997
TAP_TAPCELL_ROW_108_3666,VDD,Metal1,66.0665,568.6040,4.882947
TAP_TAPCELL_ROW_108_3665,VDD,Metal1,26.8665,568.6040,4.882923
TAP_TAPCELL_ROW_107_3664,VDD,Metal1,1065.6665,560.3555,4.886145
TAP_TAPCELL_ROW_107_3663,VDD,Metal1,1026.4665,560.3555,4.886302
TAP_TAPCELL_ROW_107_3662,VDD,Metal1,987.2665,560.3555,4.886520
TAP_TAPCELL_ROW_107_3661,VDD,Metal1,948.0665,560.3555,4.886656
TAP_TAPCELL_ROW_107_3660,VDD,Metal1,908.8665,560.3555,4.886443
TAP_TAPCELL_ROW_107_3659,VDD,Metal1,869.6665,560.3555,4.886161
TAP_TAPCELL_ROW_107_3658,VDD,Metal1,830.4665,560.3555,4.886135
TAP_TAPCELL_ROW_107_3657,VDD,Metal1,791.2665,560.3555,4.886065
TAP_TAPCELL_ROW_107_3656,VDD,Metal1,752.0665,560.3555,4.885471
TAP_TAPCELL_ROW_107_3655,VDD,Metal1,712.8665,560.3555,4.885378
TAP_TAPCELL_ROW_107_3654,VDD,Metal1,673.6665,560.3555,4.885062
TAP_TAPCELL_ROW_107_3653,VDD,Metal1,634.4665,560.3555,4.884933
TAP_TAPCELL_ROW_107_3652,VDD,Metal1,595.2665,560.3555,4.884455
TAP_TAPCELL_ROW_107_3651,VDD,Metal1,556.0665,560.3555,4.884224
TAP_TAPCELL_ROW_107_3650,VDD,Metal1,516.8665,560.3555,4.883948
TAP_TAPCELL_ROW_107_3649,VDD,Metal1,477.6665,560.3555,4.883621
TAP_TAPCELL_ROW_107_3648,VDD,Metal1,438.4665,560.3555,4.883024
TAP_TAPCELL_ROW_107_3647,VDD,Metal1,399.2665,560.3555,4.882912
TAP_TAPCELL_ROW_107_3646,VDD,Metal1,360.0665,560.3555,4.882444
TAP_TAPCELL_ROW_107_3645,VDD,Metal1,320.8665,560.3555,4.882201
TAP_TAPCELL_ROW_107_3644,VDD,Metal1,281.6665,560.3555,4.881977
TAP_TAPCELL_ROW_107_3643,VDD,Metal1,242.4665,560.3555,4.881709
TAP_TAPCELL_ROW_107_3642,VDD,Metal1,203.2665,560.3555,4.881664
TAP_TAPCELL_ROW_107_3641,VDD,Metal1,164.0665,560.3555,4.881415
TAP_TAPCELL_ROW_107_3640,VDD,Metal1,124.8665,560.3555,4.881142
TAP_TAPCELL_ROW_107_3639,VDD,Metal1,85.6665,560.3555,4.881056
TAP_TAPCELL_ROW_107_3638,VDD,Metal1,46.4665,560.3555,4.881026
TAP_TAPCELL_ROW_106_3637,VDD,Metal1,1046.0665,558.5240,4.886174
TAP_TAPCELL_ROW_106_3636,VDD,Metal1,1006.8665,558.5240,4.886325
TAP_TAPCELL_ROW_106_3635,VDD,Metal1,967.6665,558.5240,4.886523
TAP_TAPCELL_ROW_106_3634,VDD,Metal1,928.4665,558.5240,4.886563
TAP_TAPCELL_ROW_106_3633,VDD,Metal1,889.2665,558.5240,4.886311
TAP_TAPCELL_ROW_106_3632,VDD,Metal1,850.0665,558.5240,4.886161
TAP_TAPCELL_ROW_106_3631,VDD,Metal1,810.8665,558.5240,4.886076
TAP_TAPCELL_ROW_106_3630,VDD,Metal1,771.6665,558.5240,4.885744
TAP_TAPCELL_ROW_106_3629,VDD,Metal1,732.4665,558.5240,4.885444
TAP_TAPCELL_ROW_106_3628,VDD,Metal1,693.2665,558.5240,4.885189
TAP_TAPCELL_ROW_106_3627,VDD,Metal1,654.0665,558.5240,4.884953
TAP_TAPCELL_ROW_106_3626,VDD,Metal1,614.8665,558.5240,4.884607
TAP_TAPCELL_ROW_106_3625,VDD,Metal1,575.6665,558.5240,4.884252
TAP_TAPCELL_ROW_106_3624,VDD,Metal1,536.4665,558.5240,4.884091
TAP_TAPCELL_ROW_106_3623,VDD,Metal1,497.2665,558.5240,4.883721
TAP_TAPCELL_ROW_106_3622,VDD,Metal1,458.0665,558.5240,4.883603
TAP_TAPCELL_ROW_106_3621,VDD,Metal1,418.8665,558.5240,4.882928
TAP_TAPCELL_ROW_106_3620,VDD,Metal1,379.6665,558.5240,4.882767
TAP_TAPCELL_ROW_106_3619,VDD,Metal1,340.4665,558.5240,4.882204
TAP_TAPCELL_ROW_106_3618,VDD,Metal1,301.2665,558.5240,4.882184
TAP_TAPCELL_ROW_106_3617,VDD,Metal1,262.0665,558.5240,4.881899
TAP_TAPCELL_ROW_106_3616,VDD,Metal1,222.8665,558.5240,4.881684
TAP_TAPCELL_ROW_106_3615,VDD,Metal1,183.6665,558.5240,4.881488
TAP_TAPCELL_ROW_106_3614,VDD,Metal1,144.4665,558.5240,4.881217
TAP_TAPCELL_ROW_106_3613,VDD,Metal1,105.2665,558.5240,4.881062
TAP_TAPCELL_ROW_106_3612,VDD,Metal1,66.0665,558.5240,4.881056
TAP_TAPCELL_ROW_106_3611,VDD,Metal1,26.8665,558.5240,4.881023
TAP_TAPCELL_ROW_105_3610,VDD,Metal1,1065.6665,550.2755,4.883894
TAP_TAPCELL_ROW_105_3609,VDD,Metal1,1026.4665,550.2755,4.883901
TAP_TAPCELL_ROW_105_3608,VDD,Metal1,987.2665,550.2755,4.884065
TAP_TAPCELL_ROW_105_3607,VDD,Metal1,948.0665,550.2755,4.884196
TAP_TAPCELL_ROW_105_3606,VDD,Metal1,908.8665,550.2755,4.884099
TAP_TAPCELL_ROW_105_3605,VDD,Metal1,869.6665,550.2755,4.884008
TAP_TAPCELL_ROW_105_3604,VDD,Metal1,830.4665,550.2755,4.883987
TAP_TAPCELL_ROW_105_3603,VDD,Metal1,791.2665,550.2755,4.883848
TAP_TAPCELL_ROW_105_3602,VDD,Metal1,752.0665,550.2755,4.883633
TAP_TAPCELL_ROW_105_3601,VDD,Metal1,712.8665,550.2755,4.883457
TAP_TAPCELL_ROW_105_3600,VDD,Metal1,673.6665,550.2755,4.883220
TAP_TAPCELL_ROW_105_3599,VDD,Metal1,634.4665,550.2755,4.883081
TAP_TAPCELL_ROW_105_3598,VDD,Metal1,595.2665,550.2755,4.882242
TAP_TAPCELL_ROW_105_3597,VDD,Metal1,556.0665,550.2755,4.881843
TAP_TAPCELL_ROW_105_3596,VDD,Metal1,516.8665,550.2755,4.881582
TAP_TAPCELL_ROW_105_3595,VDD,Metal1,477.6665,550.2755,4.881436
TAP_TAPCELL_ROW_105_3594,VDD,Metal1,438.4665,550.2755,4.881301
TAP_TAPCELL_ROW_105_3593,VDD,Metal1,399.2665,550.2755,4.880802
TAP_TAPCELL_ROW_105_3592,VDD,Metal1,360.0665,550.2755,4.880640
TAP_TAPCELL_ROW_105_3591,VDD,Metal1,320.8665,550.2755,4.880450
TAP_TAPCELL_ROW_105_3590,VDD,Metal1,281.6665,550.2755,4.880285
TAP_TAPCELL_ROW_105_3589,VDD,Metal1,242.4665,550.2755,4.880172
TAP_TAPCELL_ROW_105_3588,VDD,Metal1,203.2665,550.2755,4.879786
TAP_TAPCELL_ROW_105_3587,VDD,Metal1,164.0665,550.2755,4.879713
TAP_TAPCELL_ROW_105_3586,VDD,Metal1,124.8665,550.2755,4.879608
TAP_TAPCELL_ROW_105_3585,VDD,Metal1,85.6665,550.2755,4.879513
TAP_TAPCELL_ROW_105_3584,VDD,Metal1,46.4665,550.2755,4.879449
TAP_TAPCELL_ROW_104_3583,VDD,Metal1,1046.0665,548.4440,4.883901
TAP_TAPCELL_ROW_104_3582,VDD,Metal1,1006.8665,548.4440,4.883908
TAP_TAPCELL_ROW_104_3581,VDD,Metal1,967.6665,548.4440,4.884095
TAP_TAPCELL_ROW_104_3580,VDD,Metal1,928.4665,548.4440,4.884126
TAP_TAPCELL_ROW_104_3579,VDD,Metal1,889.2665,548.4440,4.884044
TAP_TAPCELL_ROW_104_3578,VDD,Metal1,850.0665,548.4440,4.883988
TAP_TAPCELL_ROW_104_3577,VDD,Metal1,810.8665,548.4440,4.883900
TAP_TAPCELL_ROW_104_3576,VDD,Metal1,771.6665,548.4440,4.883759
TAP_TAPCELL_ROW_104_3575,VDD,Metal1,732.4665,548.4440,4.883588
TAP_TAPCELL_ROW_104_3574,VDD,Metal1,693.2665,548.4440,4.883456
TAP_TAPCELL_ROW_104_3573,VDD,Metal1,654.0665,548.4440,4.883105
TAP_TAPCELL_ROW_104_3572,VDD,Metal1,614.8665,548.4440,4.882631
TAP_TAPCELL_ROW_104_3571,VDD,Metal1,575.6665,548.4440,4.882082
TAP_TAPCELL_ROW_104_3570,VDD,Metal1,536.4665,548.4440,4.881634
TAP_TAPCELL_ROW_104_3569,VDD,Metal1,497.2665,548.4440,4.881468
TAP_TAPCELL_ROW_104_3568,VDD,Metal1,458.0665,548.4440,4.881386
TAP_TAPCELL_ROW_104_3567,VDD,Metal1,418.8665,548.4440,4.881192
TAP_TAPCELL_ROW_104_3566,VDD,Metal1,379.6665,548.4440,4.880679
TAP_TAPCELL_ROW_104_3565,VDD,Metal1,340.4665,548.4440,4.880548
TAP_TAPCELL_ROW_104_3564,VDD,Metal1,301.2665,548.4440,4.880363
TAP_TAPCELL_ROW_104_3563,VDD,Metal1,262.0665,548.4440,4.880179
TAP_TAPCELL_ROW_104_3562,VDD,Metal1,222.8665,548.4440,4.879982
TAP_TAPCELL_ROW_104_3561,VDD,Metal1,183.6665,548.4440,4.879778
TAP_TAPCELL_ROW_104_3560,VDD,Metal1,144.4665,548.4440,4.879713
TAP_TAPCELL_ROW_104_3559,VDD,Metal1,105.2665,548.4440,4.879592
TAP_TAPCELL_ROW_104_3558,VDD,Metal1,66.0665,548.4440,4.879458
TAP_TAPCELL_ROW_104_3557,VDD,Metal1,26.8665,548.4440,4.879416
TAP_TAPCELL_ROW_103_3556,VDD,Metal1,1065.6665,540.1955,4.881712
TAP_TAPCELL_ROW_103_3555,VDD,Metal1,1026.4665,540.1955,4.881729
TAP_TAPCELL_ROW_103_3554,VDD,Metal1,987.2665,540.1955,4.881779
TAP_TAPCELL_ROW_103_3553,VDD,Metal1,948.0665,540.1955,4.881861
TAP_TAPCELL_ROW_103_3552,VDD,Metal1,908.8665,540.1955,4.881666
TAP_TAPCELL_ROW_103_3551,VDD,Metal1,869.6665,540.1955,4.881494
TAP_TAPCELL_ROW_103_3550,VDD,Metal1,830.4665,540.1955,4.881475
TAP_TAPCELL_ROW_103_3549,VDD,Metal1,791.2665,540.1955,4.881438
TAP_TAPCELL_ROW_103_3548,VDD,Metal1,752.0665,540.1955,4.881239
TAP_TAPCELL_ROW_103_3547,VDD,Metal1,712.8665,540.1955,4.881178
TAP_TAPCELL_ROW_103_3546,VDD,Metal1,673.6665,540.1955,4.880930
TAP_TAPCELL_ROW_103_3545,VDD,Metal1,634.4665,540.1955,4.880694
TAP_TAPCELL_ROW_103_3544,VDD,Metal1,595.2665,540.1955,4.879870
TAP_TAPCELL_ROW_103_3543,VDD,Metal1,556.0665,540.1955,4.879543
TAP_TAPCELL_ROW_103_3542,VDD,Metal1,516.8665,540.1955,4.879519
TAP_TAPCELL_ROW_103_3541,VDD,Metal1,477.6665,540.1955,4.878904
TAP_TAPCELL_ROW_103_3540,VDD,Metal1,438.4665,540.1955,4.878760
TAP_TAPCELL_ROW_103_3539,VDD,Metal1,399.2665,540.1955,4.878485
TAP_TAPCELL_ROW_103_3538,VDD,Metal1,360.0665,540.1955,4.878311
TAP_TAPCELL_ROW_103_3537,VDD,Metal1,320.8665,540.1955,4.878229
TAP_TAPCELL_ROW_103_3536,VDD,Metal1,281.6665,540.1955,4.878131
TAP_TAPCELL_ROW_103_3535,VDD,Metal1,242.4665,540.1955,4.877949
TAP_TAPCELL_ROW_103_3534,VDD,Metal1,203.2665,540.1955,4.877888
TAP_TAPCELL_ROW_103_3533,VDD,Metal1,164.0665,540.1955,4.877705
TAP_TAPCELL_ROW_103_3532,VDD,Metal1,124.8665,540.1955,4.877578
TAP_TAPCELL_ROW_103_3531,VDD,Metal1,85.6665,540.1955,4.877544
TAP_TAPCELL_ROW_103_3530,VDD,Metal1,46.4665,540.1955,4.877531
TAP_TAPCELL_ROW_102_3529,VDD,Metal1,1046.0665,538.3640,4.881713
TAP_TAPCELL_ROW_102_3528,VDD,Metal1,1006.8665,538.3640,4.881771
TAP_TAPCELL_ROW_102_3527,VDD,Metal1,967.6665,538.3640,4.881818
TAP_TAPCELL_ROW_102_3526,VDD,Metal1,928.4665,538.3640,4.881742
TAP_TAPCELL_ROW_102_3525,VDD,Metal1,889.2665,538.3640,4.881500
TAP_TAPCELL_ROW_102_3524,VDD,Metal1,850.0665,538.3640,4.881491
TAP_TAPCELL_ROW_102_3523,VDD,Metal1,810.8665,538.3640,4.881466
TAP_TAPCELL_ROW_102_3522,VDD,Metal1,771.6665,538.3640,4.881423
TAP_TAPCELL_ROW_102_3521,VDD,Metal1,732.4665,538.3640,4.881182
TAP_TAPCELL_ROW_102_3520,VDD,Metal1,693.2665,538.3640,4.881125
TAP_TAPCELL_ROW_102_3519,VDD,Metal1,654.0665,538.3640,4.880755
TAP_TAPCELL_ROW_102_3518,VDD,Metal1,614.8665,538.3640,4.880142
TAP_TAPCELL_ROW_102_3517,VDD,Metal1,575.6665,538.3640,4.879738
TAP_TAPCELL_ROW_102_3516,VDD,Metal1,536.4665,538.3640,4.879538
TAP_TAPCELL_ROW_102_3515,VDD,Metal1,497.2665,538.3640,4.879516
TAP_TAPCELL_ROW_102_3514,VDD,Metal1,458.0665,538.3640,4.878817
TAP_TAPCELL_ROW_102_3513,VDD,Metal1,418.8665,538.3640,4.878587
TAP_TAPCELL_ROW_102_3512,VDD,Metal1,379.6665,538.3640,4.878355
TAP_TAPCELL_ROW_102_3511,VDD,Metal1,340.4665,538.3640,4.878293
TAP_TAPCELL_ROW_102_3510,VDD,Metal1,301.2665,538.3640,4.878220
TAP_TAPCELL_ROW_102_3509,VDD,Metal1,262.0665,538.3640,4.878092
TAP_TAPCELL_ROW_102_3508,VDD,Metal1,222.8665,538.3640,4.877923
TAP_TAPCELL_ROW_102_3507,VDD,Metal1,183.6665,538.3640,4.877812
TAP_TAPCELL_ROW_102_3506,VDD,Metal1,144.4665,538.3640,4.877682
TAP_TAPCELL_ROW_102_3505,VDD,Metal1,105.2665,538.3640,4.877545
TAP_TAPCELL_ROW_102_3504,VDD,Metal1,66.0665,538.3640,4.877533
TAP_TAPCELL_ROW_102_3503,VDD,Metal1,26.8665,538.3640,4.877531
TAP_TAPCELL_ROW_101_3502,VDD,Metal1,1065.6665,530.1155,4.879352
TAP_TAPCELL_ROW_101_3501,VDD,Metal1,1026.4665,530.1155,4.879357
TAP_TAPCELL_ROW_101_3500,VDD,Metal1,987.2665,530.1155,4.879385
TAP_TAPCELL_ROW_101_3499,VDD,Metal1,948.0665,530.1155,4.879538
TAP_TAPCELL_ROW_101_3498,VDD,Metal1,908.8665,530.1155,4.879468
TAP_TAPCELL_ROW_101_3497,VDD,Metal1,869.6665,530.1155,4.879371
TAP_TAPCELL_ROW_101_3496,VDD,Metal1,830.4665,530.1155,4.879346
TAP_TAPCELL_ROW_101_3495,VDD,Metal1,791.2665,530.1155,4.879331
TAP_TAPCELL_ROW_101_3494,VDD,Metal1,752.0665,530.1155,4.879125
TAP_TAPCELL_ROW_101_3493,VDD,Metal1,712.8665,530.1155,4.878779
TAP_TAPCELL_ROW_101_3492,VDD,Metal1,673.6665,530.1155,4.878649
TAP_TAPCELL_ROW_101_3491,VDD,Metal1,634.4665,530.1155,4.878577
TAP_TAPCELL_ROW_101_3490,VDD,Metal1,595.2665,530.1155,4.878462
TAP_TAPCELL_ROW_101_3489,VDD,Metal1,556.0665,530.1155,4.877873
TAP_TAPCELL_ROW_101_3488,VDD,Metal1,516.8665,530.1155,4.877734
TAP_TAPCELL_ROW_101_3487,VDD,Metal1,477.6665,530.1155,4.877537
TAP_TAPCELL_ROW_101_3486,VDD,Metal1,438.4665,530.1155,4.877273
TAP_TAPCELL_ROW_101_3485,VDD,Metal1,399.2665,530.1155,4.877058
TAP_TAPCELL_ROW_101_3484,VDD,Metal1,360.0665,530.1155,4.876808
TAP_TAPCELL_ROW_101_3483,VDD,Metal1,320.8665,530.1155,4.876673
TAP_TAPCELL_ROW_101_3482,VDD,Metal1,281.6665,530.1155,4.876513
TAP_TAPCELL_ROW_101_3481,VDD,Metal1,242.4665,530.1155,4.876157
TAP_TAPCELL_ROW_101_3480,VDD,Metal1,203.2665,530.1155,4.876070
TAP_TAPCELL_ROW_101_3479,VDD,Metal1,164.0665,530.1155,4.875829
TAP_TAPCELL_ROW_101_3478,VDD,Metal1,124.8665,530.1155,4.875665
TAP_TAPCELL_ROW_101_3477,VDD,Metal1,85.6665,530.1155,4.875574
TAP_TAPCELL_ROW_101_3476,VDD,Metal1,46.4665,530.1155,4.875544
TAP_TAPCELL_ROW_100_3475,VDD,Metal1,1046.0665,528.2840,4.879352
TAP_TAPCELL_ROW_100_3474,VDD,Metal1,1006.8665,528.2840,4.879378
TAP_TAPCELL_ROW_100_3473,VDD,Metal1,967.6665,528.2840,4.879395
TAP_TAPCELL_ROW_100_3472,VDD,Metal1,928.4665,528.2840,4.879534
TAP_TAPCELL_ROW_100_3471,VDD,Metal1,889.2665,528.2840,4.879407
TAP_TAPCELL_ROW_100_3470,VDD,Metal1,850.0665,528.2840,4.879361
TAP_TAPCELL_ROW_100_3469,VDD,Metal1,810.8665,528.2840,4.879337
TAP_TAPCELL_ROW_100_3468,VDD,Metal1,771.6665,528.2840,4.879287
TAP_TAPCELL_ROW_100_3467,VDD,Metal1,732.4665,528.2840,4.878813
TAP_TAPCELL_ROW_100_3466,VDD,Metal1,693.2665,528.2840,4.878756
TAP_TAPCELL_ROW_100_3465,VDD,Metal1,654.0665,528.2840,4.878640
TAP_TAPCELL_ROW_100_3464,VDD,Metal1,614.8665,528.2840,4.878512
TAP_TAPCELL_ROW_100_3463,VDD,Metal1,575.6665,528.2840,4.878069
TAP_TAPCELL_ROW_100_3462,VDD,Metal1,536.4665,528.2840,4.877784
TAP_TAPCELL_ROW_100_3461,VDD,Metal1,497.2665,528.2840,4.877622
TAP_TAPCELL_ROW_100_3460,VDD,Metal1,458.0665,528.2840,4.877402
TAP_TAPCELL_ROW_100_3459,VDD,Metal1,418.8665,528.2840,4.877164
TAP_TAPCELL_ROW_100_3458,VDD,Metal1,379.6665,528.2840,4.876839
TAP_TAPCELL_ROW_100_3457,VDD,Metal1,340.4665,528.2840,4.876774
TAP_TAPCELL_ROW_100_3456,VDD,Metal1,301.2665,528.2840,4.876595
TAP_TAPCELL_ROW_100_3455,VDD,Metal1,262.0665,528.2840,4.876417
TAP_TAPCELL_ROW_100_3454,VDD,Metal1,222.8665,528.2840,4.876071
TAP_TAPCELL_ROW_100_3453,VDD,Metal1,183.6665,528.2840,4.876007
TAP_TAPCELL_ROW_100_3452,VDD,Metal1,144.4665,528.2840,4.875676
TAP_TAPCELL_ROW_100_3451,VDD,Metal1,105.2665,528.2840,4.875651
TAP_TAPCELL_ROW_100_3450,VDD,Metal1,66.0665,528.2840,4.875528
TAP_TAPCELL_ROW_100_3449,VDD,Metal1,26.8665,528.2840,4.875547
TAP_TAPCELL_ROW_99_3448,VDD,Metal1,1065.6665,520.0355,4.877448
TAP_TAPCELL_ROW_99_3447,VDD,Metal1,1026.4665,520.0355,4.877478
TAP_TAPCELL_ROW_99_3446,VDD,Metal1,987.2665,520.0355,4.877523
TAP_TAPCELL_ROW_99_3445,VDD,Metal1,948.0665,520.0355,4.877575
TAP_TAPCELL_ROW_99_3444,VDD,Metal1,908.8665,520.0355,4.877431
TAP_TAPCELL_ROW_99_3443,VDD,Metal1,869.6665,520.0355,4.877359
TAP_TAPCELL_ROW_99_3442,VDD,Metal1,830.4665,520.0355,4.877281
TAP_TAPCELL_ROW_99_3441,VDD,Metal1,791.2665,520.0355,4.877180
TAP_TAPCELL_ROW_99_3440,VDD,Metal1,752.0665,520.0355,4.876916
TAP_TAPCELL_ROW_99_3439,VDD,Metal1,712.8665,520.0355,4.876822
TAP_TAPCELL_ROW_99_3438,VDD,Metal1,673.6665,520.0355,4.876617
TAP_TAPCELL_ROW_99_3437,VDD,Metal1,634.4665,520.0355,4.876558
TAP_TAPCELL_ROW_99_3436,VDD,Metal1,595.2665,520.0355,4.876362
TAP_TAPCELL_ROW_99_3435,VDD,Metal1,556.0665,520.0355,4.876032
TAP_TAPCELL_ROW_99_3434,VDD,Metal1,516.8665,520.0355,4.875796
TAP_TAPCELL_ROW_99_3433,VDD,Metal1,477.6665,520.0355,4.875483
TAP_TAPCELL_ROW_99_3432,VDD,Metal1,438.4665,520.0355,4.875297
TAP_TAPCELL_ROW_99_3431,VDD,Metal1,399.2665,520.0355,4.875143
TAP_TAPCELL_ROW_99_3430,VDD,Metal1,360.0665,520.0355,4.874985
TAP_TAPCELL_ROW_99_3429,VDD,Metal1,320.8665,520.0355,4.874769
TAP_TAPCELL_ROW_99_3428,VDD,Metal1,281.6665,520.0355,4.874581
TAP_TAPCELL_ROW_99_3427,VDD,Metal1,242.4665,520.0355,4.874429
TAP_TAPCELL_ROW_99_3426,VDD,Metal1,203.2665,520.0355,4.874350
TAP_TAPCELL_ROW_99_3425,VDD,Metal1,164.0665,520.0355,4.874208
TAP_TAPCELL_ROW_99_3424,VDD,Metal1,124.8665,520.0355,4.874117
TAP_TAPCELL_ROW_99_3423,VDD,Metal1,85.6665,520.0355,4.874032
TAP_TAPCELL_ROW_99_3422,VDD,Metal1,46.4665,520.0355,4.874006
TAP_TAPCELL_ROW_98_3421,VDD,Metal1,1046.0665,518.2040,4.877451
TAP_TAPCELL_ROW_98_3420,VDD,Metal1,1006.8665,518.2040,4.877500
TAP_TAPCELL_ROW_98_3419,VDD,Metal1,967.6665,518.2040,4.877533
TAP_TAPCELL_ROW_98_3418,VDD,Metal1,928.4665,518.2040,4.877562
TAP_TAPCELL_ROW_98_3417,VDD,Metal1,889.2665,518.2040,4.877394
TAP_TAPCELL_ROW_98_3416,VDD,Metal1,850.0665,518.2040,4.877339
TAP_TAPCELL_ROW_98_3415,VDD,Metal1,810.8665,518.2040,4.877201
TAP_TAPCELL_ROW_98_3414,VDD,Metal1,771.6665,518.2040,4.876975
TAP_TAPCELL_ROW_98_3413,VDD,Metal1,732.4665,518.2040,4.876873
TAP_TAPCELL_ROW_98_3412,VDD,Metal1,693.2665,518.2040,4.876718
TAP_TAPCELL_ROW_98_3411,VDD,Metal1,654.0665,518.2040,4.876580
TAP_TAPCELL_ROW_98_3410,VDD,Metal1,614.8665,518.2040,4.876403
TAP_TAPCELL_ROW_98_3409,VDD,Metal1,575.6665,518.2040,4.876210
TAP_TAPCELL_ROW_98_3408,VDD,Metal1,536.4665,518.2040,4.875899
TAP_TAPCELL_ROW_98_3407,VDD,Metal1,497.2665,518.2040,4.875632
TAP_TAPCELL_ROW_98_3406,VDD,Metal1,458.0665,518.2040,4.875407
TAP_TAPCELL_ROW_98_3405,VDD,Metal1,418.8665,518.2040,4.875243
TAP_TAPCELL_ROW_98_3404,VDD,Metal1,379.6665,518.2040,4.875016
TAP_TAPCELL_ROW_98_3403,VDD,Metal1,340.4665,518.2040,4.874857
TAP_TAPCELL_ROW_98_3402,VDD,Metal1,301.2665,518.2040,4.874662
TAP_TAPCELL_ROW_98_3401,VDD,Metal1,262.0665,518.2040,4.874543
TAP_TAPCELL_ROW_98_3400,VDD,Metal1,222.8665,518.2040,4.874352
TAP_TAPCELL_ROW_98_3399,VDD,Metal1,183.6665,518.2040,4.874308
TAP_TAPCELL_ROW_98_3398,VDD,Metal1,144.4665,518.2040,4.874184
TAP_TAPCELL_ROW_98_3397,VDD,Metal1,105.2665,518.2040,4.874039
TAP_TAPCELL_ROW_98_3396,VDD,Metal1,66.0665,518.2040,4.874026
TAP_TAPCELL_ROW_98_3395,VDD,Metal1,26.8665,518.2040,4.873984
TAP_TAPCELL_ROW_97_3394,VDD,Metal1,1065.6665,509.9555,4.875359
TAP_TAPCELL_ROW_97_3393,VDD,Metal1,1026.4665,509.9555,4.875366
TAP_TAPCELL_ROW_97_3392,VDD,Metal1,987.2665,509.9555,4.875406
TAP_TAPCELL_ROW_97_3391,VDD,Metal1,948.0665,509.9555,4.875458
TAP_TAPCELL_ROW_97_3390,VDD,Metal1,908.8665,509.9555,4.875401
TAP_TAPCELL_ROW_97_3389,VDD,Metal1,869.6665,509.9555,4.875361
TAP_TAPCELL_ROW_97_3388,VDD,Metal1,830.4665,509.9555,4.875223
TAP_TAPCELL_ROW_97_3387,VDD,Metal1,791.2665,509.9555,4.875161
TAP_TAPCELL_ROW_97_3386,VDD,Metal1,752.0665,509.9555,4.875061
TAP_TAPCELL_ROW_97_3385,VDD,Metal1,712.8665,509.9555,4.874973
TAP_TAPCELL_ROW_97_3384,VDD,Metal1,673.6665,509.9555,4.874759
TAP_TAPCELL_ROW_97_3383,VDD,Metal1,634.4665,509.9555,4.874541
TAP_TAPCELL_ROW_97_3382,VDD,Metal1,595.2665,509.9555,4.874384
TAP_TAPCELL_ROW_97_3381,VDD,Metal1,556.0665,509.9555,4.874056
TAP_TAPCELL_ROW_97_3380,VDD,Metal1,516.8665,509.9555,4.873549
TAP_TAPCELL_ROW_97_3379,VDD,Metal1,477.6665,509.9555,4.873485
TAP_TAPCELL_ROW_97_3378,VDD,Metal1,438.4665,509.9555,4.873331
TAP_TAPCELL_ROW_97_3377,VDD,Metal1,399.2665,509.9555,4.873112
TAP_TAPCELL_ROW_97_3376,VDD,Metal1,360.0665,509.9555,4.873027
TAP_TAPCELL_ROW_97_3375,VDD,Metal1,320.8665,509.9555,4.872900
TAP_TAPCELL_ROW_97_3374,VDD,Metal1,281.6665,509.9555,4.872694
TAP_TAPCELL_ROW_97_3373,VDD,Metal1,242.4665,509.9555,4.872396
TAP_TAPCELL_ROW_97_3372,VDD,Metal1,203.2665,509.9555,4.872232
TAP_TAPCELL_ROW_97_3371,VDD,Metal1,164.0665,509.9555,4.872157
TAP_TAPCELL_ROW_97_3370,VDD,Metal1,124.8665,509.9555,4.872068
TAP_TAPCELL_ROW_97_3369,VDD,Metal1,85.6665,509.9555,4.872045
TAP_TAPCELL_ROW_97_3368,VDD,Metal1,46.4665,509.9555,4.872071
TAP_TAPCELL_ROW_96_3367,VDD,Metal1,1046.0665,508.1240,4.875360
TAP_TAPCELL_ROW_96_3366,VDD,Metal1,1006.8665,508.1240,4.875388
TAP_TAPCELL_ROW_96_3365,VDD,Metal1,967.6665,508.1240,4.875407
TAP_TAPCELL_ROW_96_3364,VDD,Metal1,928.4665,508.1240,4.875430
TAP_TAPCELL_ROW_96_3363,VDD,Metal1,889.2665,508.1240,4.875388
TAP_TAPCELL_ROW_96_3362,VDD,Metal1,850.0665,508.1240,4.875302
TAP_TAPCELL_ROW_96_3361,VDD,Metal1,810.8665,508.1240,4.875178
TAP_TAPCELL_ROW_96_3360,VDD,Metal1,771.6665,508.1240,4.875106
TAP_TAPCELL_ROW_96_3359,VDD,Metal1,732.4665,508.1240,4.875001
TAP_TAPCELL_ROW_96_3358,VDD,Metal1,693.2665,508.1240,4.874806
TAP_TAPCELL_ROW_96_3357,VDD,Metal1,654.0665,508.1240,4.874678
TAP_TAPCELL_ROW_96_3356,VDD,Metal1,614.8665,508.1240,4.874522
TAP_TAPCELL_ROW_96_3355,VDD,Metal1,575.6665,508.1240,4.874168
TAP_TAPCELL_ROW_96_3354,VDD,Metal1,536.4665,508.1240,4.873760
TAP_TAPCELL_ROW_96_3353,VDD,Metal1,497.2665,508.1240,4.873524
TAP_TAPCELL_ROW_96_3352,VDD,Metal1,458.0665,508.1240,4.873366
TAP_TAPCELL_ROW_96_3351,VDD,Metal1,418.8665,508.1240,4.873221
TAP_TAPCELL_ROW_96_3350,VDD,Metal1,379.6665,508.1240,4.873052
TAP_TAPCELL_ROW_96_3349,VDD,Metal1,340.4665,508.1240,4.872949
TAP_TAPCELL_ROW_96_3348,VDD,Metal1,301.2665,508.1240,4.872809
TAP_TAPCELL_ROW_96_3347,VDD,Metal1,262.0665,508.1240,4.872478
TAP_TAPCELL_ROW_96_3346,VDD,Metal1,222.8665,508.1240,4.872343
TAP_TAPCELL_ROW_96_3345,VDD,Metal1,183.6665,508.1240,4.872173
TAP_TAPCELL_ROW_96_3344,VDD,Metal1,144.4665,508.1240,4.872145
TAP_TAPCELL_ROW_96_3343,VDD,Metal1,105.2665,508.1240,4.872046
TAP_TAPCELL_ROW_96_3342,VDD,Metal1,66.0665,508.1240,4.872046
TAP_TAPCELL_ROW_96_3341,VDD,Metal1,26.8665,508.1240,4.872113
TAP_TAPCELL_ROW_95_3340,VDD,Metal1,1065.6665,499.8755,4.872621
TAP_TAPCELL_ROW_95_3339,VDD,Metal1,1026.4665,499.8755,4.872696
TAP_TAPCELL_ROW_95_3338,VDD,Metal1,987.2665,499.8755,4.872745
TAP_TAPCELL_ROW_95_3337,VDD,Metal1,948.0665,499.8755,4.872822
TAP_TAPCELL_ROW_95_3336,VDD,Metal1,908.8665,499.8755,4.872749
TAP_TAPCELL_ROW_95_3335,VDD,Metal1,869.6665,499.8755,4.872618
TAP_TAPCELL_ROW_95_3334,VDD,Metal1,830.4665,499.8755,4.872527
TAP_TAPCELL_ROW_95_3333,VDD,Metal1,791.2665,499.8755,4.872499
TAP_TAPCELL_ROW_95_3332,VDD,Metal1,752.0665,499.8755,4.872338
TAP_TAPCELL_ROW_95_3331,VDD,Metal1,712.8665,499.8755,4.872255
TAP_TAPCELL_ROW_95_3330,VDD,Metal1,673.6665,499.8755,4.872244
TAP_TAPCELL_ROW_95_3329,VDD,Metal1,634.4665,499.8755,4.872184
TAP_TAPCELL_ROW_95_3328,VDD,Metal1,595.2665,499.8755,4.872053
TAP_TAPCELL_ROW_95_3327,VDD,Metal1,556.0665,499.8755,4.871898
TAP_TAPCELL_ROW_95_3326,VDD,Metal1,516.8665,499.8755,4.871817
TAP_TAPCELL_ROW_95_3325,VDD,Metal1,477.6665,499.8755,4.871221
TAP_TAPCELL_ROW_95_3324,VDD,Metal1,438.4665,499.8755,4.871011
TAP_TAPCELL_ROW_95_3323,VDD,Metal1,399.2665,499.8755,4.870711
TAP_TAPCELL_ROW_95_3322,VDD,Metal1,360.0665,499.8755,4.870446
TAP_TAPCELL_ROW_95_3321,VDD,Metal1,320.8665,499.8755,4.870167
TAP_TAPCELL_ROW_95_3320,VDD,Metal1,281.6665,499.8755,4.869967
TAP_TAPCELL_ROW_95_3319,VDD,Metal1,242.4665,499.8755,4.869919
TAP_TAPCELL_ROW_95_3318,VDD,Metal1,203.2665,499.8755,4.869795
TAP_TAPCELL_ROW_95_3317,VDD,Metal1,164.0665,499.8755,4.869756
TAP_TAPCELL_ROW_95_3316,VDD,Metal1,124.8665,499.8755,4.869727
TAP_TAPCELL_ROW_95_3315,VDD,Metal1,85.6665,499.8755,4.869619
TAP_TAPCELL_ROW_95_3314,VDD,Metal1,46.4665,499.8755,4.869581
TAP_TAPCELL_ROW_94_3313,VDD,Metal1,1046.0665,498.0440,4.872642
TAP_TAPCELL_ROW_94_3312,VDD,Metal1,1006.8665,498.0440,4.872732
TAP_TAPCELL_ROW_94_3311,VDD,Metal1,967.6665,498.0440,4.872754
TAP_TAPCELL_ROW_94_3310,VDD,Metal1,928.4665,498.0440,4.872759
TAP_TAPCELL_ROW_94_3309,VDD,Metal1,889.2665,498.0440,4.872649
TAP_TAPCELL_ROW_94_3308,VDD,Metal1,850.0665,498.0440,4.872565
TAP_TAPCELL_ROW_94_3307,VDD,Metal1,810.8665,498.0440,4.872508
TAP_TAPCELL_ROW_94_3306,VDD,Metal1,771.6665,498.0440,4.872444
TAP_TAPCELL_ROW_94_3305,VDD,Metal1,732.4665,498.0440,4.872322
TAP_TAPCELL_ROW_94_3304,VDD,Metal1,693.2665,498.0440,4.872255
TAP_TAPCELL_ROW_94_3303,VDD,Metal1,654.0665,498.0440,4.872232
TAP_TAPCELL_ROW_94_3302,VDD,Metal1,614.8665,498.0440,4.872164
TAP_TAPCELL_ROW_94_3301,VDD,Metal1,575.6665,498.0440,4.872012
TAP_TAPCELL_ROW_94_3300,VDD,Metal1,536.4665,498.0440,4.871877
TAP_TAPCELL_ROW_94_3299,VDD,Metal1,497.2665,498.0440,4.871693
TAP_TAPCELL_ROW_94_3298,VDD,Metal1,458.0665,498.0440,4.871207
TAP_TAPCELL_ROW_94_3297,VDD,Metal1,418.8665,498.0440,4.870773
TAP_TAPCELL_ROW_94_3296,VDD,Metal1,379.6665,498.0440,4.870448
TAP_TAPCELL_ROW_94_3295,VDD,Metal1,340.4665,498.0440,4.870237
TAP_TAPCELL_ROW_94_3294,VDD,Metal1,301.2665,498.0440,4.870040
TAP_TAPCELL_ROW_94_3293,VDD,Metal1,262.0665,498.0440,4.869967
TAP_TAPCELL_ROW_94_3292,VDD,Metal1,222.8665,498.0440,4.869905
TAP_TAPCELL_ROW_94_3291,VDD,Metal1,183.6665,498.0440,4.869794
TAP_TAPCELL_ROW_94_3290,VDD,Metal1,144.4665,498.0440,4.869729
TAP_TAPCELL_ROW_94_3289,VDD,Metal1,105.2665,498.0440,4.869656
TAP_TAPCELL_ROW_94_3288,VDD,Metal1,66.0665,498.0440,4.869569
TAP_TAPCELL_ROW_94_3287,VDD,Metal1,26.8665,498.0440,4.869652
TAP_TAPCELL_ROW_93_3286,VDD,Metal1,1065.6665,489.7955,4.870937
TAP_TAPCELL_ROW_93_3285,VDD,Metal1,1026.4665,489.7955,4.870962
TAP_TAPCELL_ROW_93_3284,VDD,Metal1,987.2665,489.7955,4.871028
TAP_TAPCELL_ROW_93_3283,VDD,Metal1,948.0665,489.7955,4.871183
TAP_TAPCELL_ROW_93_3282,VDD,Metal1,908.8665,489.7955,4.871146
TAP_TAPCELL_ROW_93_3281,VDD,Metal1,869.6665,489.7955,4.871095
TAP_TAPCELL_ROW_93_3280,VDD,Metal1,830.4665,489.7955,4.871079
TAP_TAPCELL_ROW_93_3279,VDD,Metal1,791.2665,489.7955,4.871080
TAP_TAPCELL_ROW_93_3278,VDD,Metal1,752.0665,489.7955,4.870970
TAP_TAPCELL_ROW_93_3277,VDD,Metal1,712.8665,489.7955,4.870847
TAP_TAPCELL_ROW_93_3276,VDD,Metal1,673.6665,489.7955,4.870726
TAP_TAPCELL_ROW_93_3275,VDD,Metal1,634.4665,489.7955,4.870624
TAP_TAPCELL_ROW_93_3274,VDD,Metal1,595.2665,489.7955,4.870351
TAP_TAPCELL_ROW_93_3273,VDD,Metal1,556.0665,489.7955,4.870120
TAP_TAPCELL_ROW_93_3272,VDD,Metal1,516.8665,489.7955,4.869997
TAP_TAPCELL_ROW_93_3271,VDD,Metal1,477.6665,489.7955,4.869790
TAP_TAPCELL_ROW_93_3270,VDD,Metal1,438.4665,489.7955,4.869483
TAP_TAPCELL_ROW_93_3269,VDD,Metal1,399.2665,489.7955,4.869379
TAP_TAPCELL_ROW_93_3268,VDD,Metal1,360.0665,489.7955,4.869297
TAP_TAPCELL_ROW_93_3267,VDD,Metal1,320.8665,489.7955,4.869258
TAP_TAPCELL_ROW_93_3266,VDD,Metal1,281.6665,489.7955,4.869147
TAP_TAPCELL_ROW_93_3265,VDD,Metal1,242.4665,489.7955,4.868977
TAP_TAPCELL_ROW_93_3264,VDD,Metal1,203.2665,489.7955,4.868856
TAP_TAPCELL_ROW_93_3263,VDD,Metal1,164.0665,489.7955,4.868812
TAP_TAPCELL_ROW_93_3262,VDD,Metal1,124.8665,489.7955,4.868593
TAP_TAPCELL_ROW_93_3261,VDD,Metal1,85.6665,489.7955,4.868542
TAP_TAPCELL_ROW_93_3260,VDD,Metal1,46.4665,489.7955,4.868531
TAP_TAPCELL_ROW_92_3259,VDD,Metal1,1046.0665,487.9640,4.870942
TAP_TAPCELL_ROW_92_3258,VDD,Metal1,1006.8665,487.9640,4.871022
TAP_TAPCELL_ROW_92_3257,VDD,Metal1,967.6665,487.9640,4.871125
TAP_TAPCELL_ROW_92_3256,VDD,Metal1,928.4665,487.9640,4.871175
TAP_TAPCELL_ROW_92_3255,VDD,Metal1,889.2665,487.9640,4.871118
TAP_TAPCELL_ROW_92_3254,VDD,Metal1,850.0665,487.9640,4.871086
TAP_TAPCELL_ROW_92_3253,VDD,Metal1,810.8665,487.9640,4.871078
TAP_TAPCELL_ROW_92_3252,VDD,Metal1,771.6665,487.9640,4.871023
TAP_TAPCELL_ROW_92_3251,VDD,Metal1,732.4665,487.9640,4.870901
TAP_TAPCELL_ROW_92_3250,VDD,Metal1,693.2665,487.9640,4.870758
TAP_TAPCELL_ROW_92_3249,VDD,Metal1,654.0665,487.9640,4.870681
TAP_TAPCELL_ROW_92_3248,VDD,Metal1,614.8665,487.9640,4.870622
TAP_TAPCELL_ROW_92_3247,VDD,Metal1,575.6665,487.9640,4.870212
TAP_TAPCELL_ROW_92_3246,VDD,Metal1,536.4665,487.9640,4.870075
TAP_TAPCELL_ROW_92_3245,VDD,Metal1,497.2665,487.9640,4.869827
TAP_TAPCELL_ROW_92_3244,VDD,Metal1,458.0665,487.9640,4.869645
TAP_TAPCELL_ROW_92_3243,VDD,Metal1,418.8665,487.9640,4.869409
TAP_TAPCELL_ROW_92_3242,VDD,Metal1,379.6665,487.9640,4.869367
TAP_TAPCELL_ROW_92_3241,VDD,Metal1,340.4665,487.9640,4.869267
TAP_TAPCELL_ROW_92_3240,VDD,Metal1,301.2665,487.9640,4.869195
TAP_TAPCELL_ROW_92_3239,VDD,Metal1,262.0665,487.9640,4.869075
TAP_TAPCELL_ROW_92_3238,VDD,Metal1,222.8665,487.9640,4.868928
TAP_TAPCELL_ROW_92_3237,VDD,Metal1,183.6665,487.9640,4.868847
TAP_TAPCELL_ROW_92_3236,VDD,Metal1,144.4665,487.9640,4.868630
TAP_TAPCELL_ROW_92_3235,VDD,Metal1,105.2665,487.9640,4.868593
TAP_TAPCELL_ROW_92_3234,VDD,Metal1,66.0665,487.9640,4.868526
TAP_TAPCELL_ROW_92_3233,VDD,Metal1,26.8665,487.9640,4.868548
TAP_TAPCELL_ROW_91_3232,VDD,Metal1,1065.6665,479.7155,4.869024
TAP_TAPCELL_ROW_91_3231,VDD,Metal1,1026.4665,479.7155,4.869055
TAP_TAPCELL_ROW_91_3230,VDD,Metal1,987.2665,479.7155,4.869117
TAP_TAPCELL_ROW_91_3229,VDD,Metal1,948.0665,479.7155,4.869155
TAP_TAPCELL_ROW_91_3228,VDD,Metal1,908.8665,479.7155,4.869157
TAP_TAPCELL_ROW_91_3227,VDD,Metal1,869.6665,479.7155,4.869152
TAP_TAPCELL_ROW_91_3226,VDD,Metal1,830.4665,479.7155,4.869161
TAP_TAPCELL_ROW_91_3225,VDD,Metal1,791.2665,479.7155,4.869177
TAP_TAPCELL_ROW_91_3224,VDD,Metal1,752.0665,479.7155,4.869060
TAP_TAPCELL_ROW_91_3223,VDD,Metal1,712.8665,479.7155,4.868994
TAP_TAPCELL_ROW_91_3222,VDD,Metal1,673.6665,479.7155,4.868952
TAP_TAPCELL_ROW_91_3221,VDD,Metal1,634.4665,479.7155,4.868897
TAP_TAPCELL_ROW_91_3220,VDD,Metal1,595.2665,479.7155,4.868657
TAP_TAPCELL_ROW_91_3219,VDD,Metal1,556.0665,479.7155,4.868559
TAP_TAPCELL_ROW_91_3218,VDD,Metal1,516.8665,479.7155,4.868458
TAP_TAPCELL_ROW_91_3217,VDD,Metal1,477.6665,479.7155,4.868204
TAP_TAPCELL_ROW_91_3216,VDD,Metal1,438.4665,479.7155,4.867675
TAP_TAPCELL_ROW_91_3215,VDD,Metal1,399.2665,479.7155,4.867545
TAP_TAPCELL_ROW_91_3214,VDD,Metal1,360.0665,479.7155,4.867483
TAP_TAPCELL_ROW_91_3213,VDD,Metal1,320.8665,479.7155,4.867366
TAP_TAPCELL_ROW_91_3212,VDD,Metal1,281.6665,479.7155,4.867293
TAP_TAPCELL_ROW_91_3211,VDD,Metal1,242.4665,479.7155,4.867197
TAP_TAPCELL_ROW_91_3210,VDD,Metal1,203.2665,479.7155,4.867143
TAP_TAPCELL_ROW_91_3209,VDD,Metal1,164.0665,479.7155,4.866922
TAP_TAPCELL_ROW_91_3208,VDD,Metal1,124.8665,479.7155,4.866858
TAP_TAPCELL_ROW_91_3207,VDD,Metal1,85.6665,479.7155,4.866802
TAP_TAPCELL_ROW_91_3206,VDD,Metal1,46.4665,479.7155,4.866808
TAP_TAPCELL_ROW_90_3205,VDD,Metal1,1046.0665,477.8840,4.869027
TAP_TAPCELL_ROW_90_3204,VDD,Metal1,1006.8665,477.8840,4.869088
TAP_TAPCELL_ROW_90_3203,VDD,Metal1,967.6665,477.8840,4.869139
TAP_TAPCELL_ROW_90_3202,VDD,Metal1,928.4665,477.8840,4.869169
TAP_TAPCELL_ROW_90_3201,VDD,Metal1,889.2665,477.8840,4.869150
TAP_TAPCELL_ROW_90_3200,VDD,Metal1,850.0665,477.8840,4.869153
TAP_TAPCELL_ROW_90_3199,VDD,Metal1,810.8665,477.8840,4.869168
TAP_TAPCELL_ROW_90_3198,VDD,Metal1,771.6665,477.8840,4.869131
TAP_TAPCELL_ROW_90_3197,VDD,Metal1,732.4665,477.8840,4.869017
TAP_TAPCELL_ROW_90_3196,VDD,Metal1,693.2665,477.8840,4.868964
TAP_TAPCELL_ROW_90_3195,VDD,Metal1,654.0665,477.8840,4.868924
TAP_TAPCELL_ROW_90_3194,VDD,Metal1,614.8665,477.8840,4.868821
TAP_TAPCELL_ROW_90_3193,VDD,Metal1,575.6665,477.8840,4.868581
TAP_TAPCELL_ROW_90_3192,VDD,Metal1,536.4665,477.8840,4.868501
TAP_TAPCELL_ROW_90_3191,VDD,Metal1,497.2665,477.8840,4.868246
TAP_TAPCELL_ROW_90_3190,VDD,Metal1,458.0665,477.8840,4.868036
TAP_TAPCELL_ROW_90_3189,VDD,Metal1,418.8665,477.8840,4.867630
TAP_TAPCELL_ROW_90_3188,VDD,Metal1,379.6665,477.8840,4.867530
TAP_TAPCELL_ROW_90_3187,VDD,Metal1,340.4665,477.8840,4.867379
TAP_TAPCELL_ROW_90_3186,VDD,Metal1,301.2665,477.8840,4.867312
TAP_TAPCELL_ROW_90_3185,VDD,Metal1,262.0665,477.8840,4.867215
TAP_TAPCELL_ROW_90_3184,VDD,Metal1,222.8665,477.8840,4.867170
TAP_TAPCELL_ROW_90_3183,VDD,Metal1,183.6665,477.8840,4.867104
TAP_TAPCELL_ROW_90_3182,VDD,Metal1,144.4665,477.8840,4.866921
TAP_TAPCELL_ROW_90_3181,VDD,Metal1,105.2665,477.8840,4.866846
TAP_TAPCELL_ROW_90_3180,VDD,Metal1,66.0665,477.8840,4.866797
TAP_TAPCELL_ROW_90_3179,VDD,Metal1,26.8665,477.8840,4.866828
TAP_TAPCELL_ROW_89_3178,VDD,Metal1,1065.6665,469.6355,4.866911
TAP_TAPCELL_ROW_89_3177,VDD,Metal1,1026.4665,469.6355,4.867017
TAP_TAPCELL_ROW_89_3176,VDD,Metal1,987.2665,469.6355,4.867130
TAP_TAPCELL_ROW_89_3175,VDD,Metal1,948.0665,469.6355,4.867230
TAP_TAPCELL_ROW_89_3174,VDD,Metal1,908.8665,469.6355,4.867223
TAP_TAPCELL_ROW_89_3173,VDD,Metal1,869.6665,469.6355,4.867223
TAP_TAPCELL_ROW_89_3172,VDD,Metal1,830.4665,469.6355,4.867237
TAP_TAPCELL_ROW_89_3171,VDD,Metal1,791.2665,469.6355,4.867282
TAP_TAPCELL_ROW_89_3170,VDD,Metal1,752.0665,469.6355,4.867168
TAP_TAPCELL_ROW_89_3169,VDD,Metal1,712.8665,469.6355,4.867081
TAP_TAPCELL_ROW_89_3168,VDD,Metal1,673.6665,469.6355,4.867019
TAP_TAPCELL_ROW_89_3167,VDD,Metal1,634.4665,469.6355,4.866980
TAP_TAPCELL_ROW_89_3166,VDD,Metal1,595.2665,469.6355,4.866295
TAP_TAPCELL_ROW_89_3165,VDD,Metal1,556.0665,469.6355,4.866181
TAP_TAPCELL_ROW_89_3164,VDD,Metal1,516.8665,469.6355,4.866169
TAP_TAPCELL_ROW_89_3163,VDD,Metal1,477.6665,469.6355,4.866147
TAP_TAPCELL_ROW_89_3162,VDD,Metal1,438.4665,469.6355,4.865960
TAP_TAPCELL_ROW_89_3161,VDD,Metal1,399.2665,469.6355,4.865881
TAP_TAPCELL_ROW_89_3160,VDD,Metal1,360.0665,469.6355,4.865808
TAP_TAPCELL_ROW_89_3159,VDD,Metal1,320.8665,469.6355,4.865589
TAP_TAPCELL_ROW_89_3158,VDD,Metal1,281.6665,469.6355,4.865477
TAP_TAPCELL_ROW_89_3157,VDD,Metal1,242.4665,469.6355,4.865410
TAP_TAPCELL_ROW_89_3156,VDD,Metal1,203.2665,469.6355,4.865401
TAP_TAPCELL_ROW_89_3155,VDD,Metal1,164.0665,469.6355,4.865310
TAP_TAPCELL_ROW_89_3154,VDD,Metal1,124.8665,469.6355,4.865070
TAP_TAPCELL_ROW_89_3153,VDD,Metal1,85.6665,469.6355,4.865036
TAP_TAPCELL_ROW_89_3152,VDD,Metal1,46.4665,469.6355,4.865038
TAP_TAPCELL_ROW_88_3151,VDD,Metal1,1046.0665,467.8040,4.866937
TAP_TAPCELL_ROW_88_3150,VDD,Metal1,1006.8665,467.8040,4.867104
TAP_TAPCELL_ROW_88_3149,VDD,Metal1,967.6665,467.8040,4.867213
TAP_TAPCELL_ROW_88_3148,VDD,Metal1,928.4665,467.8040,4.867254
TAP_TAPCELL_ROW_88_3147,VDD,Metal1,889.2665,467.8040,4.867222
TAP_TAPCELL_ROW_88_3146,VDD,Metal1,850.0665,467.8040,4.867225
TAP_TAPCELL_ROW_88_3145,VDD,Metal1,810.8665,467.8040,4.867251
TAP_TAPCELL_ROW_88_3144,VDD,Metal1,771.6665,467.8040,4.867238
TAP_TAPCELL_ROW_88_3143,VDD,Metal1,732.4665,467.8040,4.867110
TAP_TAPCELL_ROW_88_3142,VDD,Metal1,693.2665,467.8040,4.867065
TAP_TAPCELL_ROW_88_3141,VDD,Metal1,654.0665,467.8040,4.866986
TAP_TAPCELL_ROW_88_3140,VDD,Metal1,614.8665,467.8040,4.866309
TAP_TAPCELL_ROW_88_3139,VDD,Metal1,575.6665,467.8040,4.866199
TAP_TAPCELL_ROW_88_3138,VDD,Metal1,536.4665,467.8040,4.866176
TAP_TAPCELL_ROW_88_3137,VDD,Metal1,497.2665,467.8040,4.866166
TAP_TAPCELL_ROW_88_3136,VDD,Metal1,458.0665,467.8040,4.866079
TAP_TAPCELL_ROW_88_3135,VDD,Metal1,418.8665,467.8040,4.865930
TAP_TAPCELL_ROW_88_3134,VDD,Metal1,379.6665,467.8040,4.865844
TAP_TAPCELL_ROW_88_3133,VDD,Metal1,340.4665,467.8040,4.865677
TAP_TAPCELL_ROW_88_3132,VDD,Metal1,301.2665,467.8040,4.865539
TAP_TAPCELL_ROW_88_3131,VDD,Metal1,262.0665,467.8040,4.865410
TAP_TAPCELL_ROW_88_3130,VDD,Metal1,222.8665,467.8040,4.865405
TAP_TAPCELL_ROW_88_3129,VDD,Metal1,183.6665,467.8040,4.865328
TAP_TAPCELL_ROW_88_3128,VDD,Metal1,144.4665,467.8040,4.865148
TAP_TAPCELL_ROW_88_3127,VDD,Metal1,105.2665,467.8040,4.865055
TAP_TAPCELL_ROW_88_3126,VDD,Metal1,66.0665,467.8040,4.865023
TAP_TAPCELL_ROW_88_3125,VDD,Metal1,26.8665,467.8040,4.865076
TAP_TAPCELL_ROW_87_3124,VDD,Metal1,1065.6665,459.5555,4.865433
TAP_TAPCELL_ROW_87_3123,VDD,Metal1,1026.4665,459.5555,4.865450
TAP_TAPCELL_ROW_87_3122,VDD,Metal1,987.2665,459.5555,4.865484
TAP_TAPCELL_ROW_87_3121,VDD,Metal1,948.0665,459.5555,4.865546
TAP_TAPCELL_ROW_87_3120,VDD,Metal1,908.8665,459.5555,4.865513
TAP_TAPCELL_ROW_87_3119,VDD,Metal1,869.6665,459.5555,4.865467
TAP_TAPCELL_ROW_87_3118,VDD,Metal1,830.4665,459.5555,4.865458
TAP_TAPCELL_ROW_87_3117,VDD,Metal1,791.2665,459.5555,4.865454
TAP_TAPCELL_ROW_87_3116,VDD,Metal1,752.0665,459.5555,4.865406
TAP_TAPCELL_ROW_87_3115,VDD,Metal1,712.8665,459.5555,4.865313
TAP_TAPCELL_ROW_87_3114,VDD,Metal1,673.6665,459.5555,4.865232
TAP_TAPCELL_ROW_87_3113,VDD,Metal1,634.4665,459.5555,4.865157
TAP_TAPCELL_ROW_87_3112,VDD,Metal1,595.2665,459.5555,4.864955
TAP_TAPCELL_ROW_87_3111,VDD,Metal1,556.0665,459.5555,4.864748
TAP_TAPCELL_ROW_87_3110,VDD,Metal1,516.8665,459.5555,4.864628
TAP_TAPCELL_ROW_87_3109,VDD,Metal1,477.6665,459.5555,4.864592
TAP_TAPCELL_ROW_87_3108,VDD,Metal1,438.4665,459.5555,4.864496
TAP_TAPCELL_ROW_87_3107,VDD,Metal1,399.2665,459.5555,4.863993
TAP_TAPCELL_ROW_87_3106,VDD,Metal1,360.0665,459.5555,4.863920
TAP_TAPCELL_ROW_87_3105,VDD,Metal1,320.8665,459.5555,4.863830
TAP_TAPCELL_ROW_87_3104,VDD,Metal1,281.6665,459.5555,4.863803
TAP_TAPCELL_ROW_87_3103,VDD,Metal1,242.4665,459.5555,4.863787
TAP_TAPCELL_ROW_87_3102,VDD,Metal1,203.2665,459.5555,4.863702
TAP_TAPCELL_ROW_87_3101,VDD,Metal1,164.0665,459.5555,4.863621
TAP_TAPCELL_ROW_87_3100,VDD,Metal1,124.8665,459.5555,4.863428
TAP_TAPCELL_ROW_87_3099,VDD,Metal1,85.6665,459.5555,4.863408
TAP_TAPCELL_ROW_87_3098,VDD,Metal1,46.4665,459.5555,4.863384
TAP_TAPCELL_ROW_86_3097,VDD,Metal1,1046.0665,457.7240,4.865443
TAP_TAPCELL_ROW_86_3096,VDD,Metal1,1006.8665,457.7240,4.865476
TAP_TAPCELL_ROW_86_3095,VDD,Metal1,967.6665,457.7240,4.865526
TAP_TAPCELL_ROW_86_3094,VDD,Metal1,928.4665,457.7240,4.865514
TAP_TAPCELL_ROW_86_3093,VDD,Metal1,889.2665,457.7240,4.865473
TAP_TAPCELL_ROW_86_3092,VDD,Metal1,850.0665,457.7240,4.865462
TAP_TAPCELL_ROW_86_3091,VDD,Metal1,810.8665,457.7240,4.865454
TAP_TAPCELL_ROW_86_3090,VDD,Metal1,771.6665,457.7240,4.865413
TAP_TAPCELL_ROW_86_3089,VDD,Metal1,732.4665,457.7240,4.865346
TAP_TAPCELL_ROW_86_3088,VDD,Metal1,693.2665,457.7240,4.865266
TAP_TAPCELL_ROW_86_3087,VDD,Metal1,654.0665,457.7240,4.865168
TAP_TAPCELL_ROW_86_3086,VDD,Metal1,614.8665,457.7240,4.864984
TAP_TAPCELL_ROW_86_3085,VDD,Metal1,575.6665,457.7240,4.864869
TAP_TAPCELL_ROW_86_3084,VDD,Metal1,536.4665,457.7240,4.864662
TAP_TAPCELL_ROW_86_3083,VDD,Metal1,497.2665,457.7240,4.864617
TAP_TAPCELL_ROW_86_3082,VDD,Metal1,458.0665,457.7240,4.864511
TAP_TAPCELL_ROW_86_3081,VDD,Metal1,418.8665,457.7240,4.864063
TAP_TAPCELL_ROW_86_3080,VDD,Metal1,379.6665,457.7240,4.863973
TAP_TAPCELL_ROW_86_3079,VDD,Metal1,340.4665,457.7240,4.863874
TAP_TAPCELL_ROW_86_3078,VDD,Metal1,301.2665,457.7240,4.863807
TAP_TAPCELL_ROW_86_3077,VDD,Metal1,262.0665,457.7240,4.863802
TAP_TAPCELL_ROW_86_3076,VDD,Metal1,222.8665,457.7240,4.863727
TAP_TAPCELL_ROW_86_3075,VDD,Metal1,183.6665,457.7240,4.863645
TAP_TAPCELL_ROW_86_3074,VDD,Metal1,144.4665,457.7240,4.863532
TAP_TAPCELL_ROW_86_3073,VDD,Metal1,105.2665,457.7240,4.863420
TAP_TAPCELL_ROW_86_3072,VDD,Metal1,66.0665,457.7240,4.863382
TAP_TAPCELL_ROW_86_3071,VDD,Metal1,26.8665,457.7240,4.863401
TAP_TAPCELL_ROW_85_3070,VDD,Metal1,1065.6665,449.4755,4.863284
TAP_TAPCELL_ROW_85_3069,VDD,Metal1,1026.4665,449.4755,4.863293
TAP_TAPCELL_ROW_85_3068,VDD,Metal1,987.2665,449.4755,4.863435
TAP_TAPCELL_ROW_85_3067,VDD,Metal1,948.0665,449.4755,4.863438
TAP_TAPCELL_ROW_85_3066,VDD,Metal1,908.8665,449.4755,4.863434
TAP_TAPCELL_ROW_85_3065,VDD,Metal1,869.6665,449.4755,4.863423
TAP_TAPCELL_ROW_85_3064,VDD,Metal1,830.4665,449.4755,4.863423
TAP_TAPCELL_ROW_85_3063,VDD,Metal1,791.2665,449.4755,4.863459
TAP_TAPCELL_ROW_85_3062,VDD,Metal1,752.0665,449.4755,4.863364
TAP_TAPCELL_ROW_85_3061,VDD,Metal1,712.8665,449.4755,4.863247
TAP_TAPCELL_ROW_85_3060,VDD,Metal1,673.6665,449.4755,4.863209
TAP_TAPCELL_ROW_85_3059,VDD,Metal1,634.4665,449.4755,4.863146
TAP_TAPCELL_ROW_85_3058,VDD,Metal1,595.2665,449.4755,4.863123
TAP_TAPCELL_ROW_85_3057,VDD,Metal1,556.0665,449.4755,4.862884
TAP_TAPCELL_ROW_85_3056,VDD,Metal1,516.8665,449.4755,4.862865
TAP_TAPCELL_ROW_85_3055,VDD,Metal1,477.6665,449.4755,4.862827
TAP_TAPCELL_ROW_85_3054,VDD,Metal1,438.4665,449.4755,4.862652
TAP_TAPCELL_ROW_85_3053,VDD,Metal1,399.2665,449.4755,4.862538
TAP_TAPCELL_ROW_85_3052,VDD,Metal1,360.0665,449.4755,4.862411
TAP_TAPCELL_ROW_85_3051,VDD,Metal1,320.8665,449.4755,4.862367
TAP_TAPCELL_ROW_85_3050,VDD,Metal1,281.6665,449.4755,4.862172
TAP_TAPCELL_ROW_85_3049,VDD,Metal1,242.4665,449.4755,4.862143
TAP_TAPCELL_ROW_85_3048,VDD,Metal1,203.2665,449.4755,4.861939
TAP_TAPCELL_ROW_85_3047,VDD,Metal1,164.0665,449.4755,4.861741
TAP_TAPCELL_ROW_85_3046,VDD,Metal1,124.8665,449.4755,4.861672
TAP_TAPCELL_ROW_85_3045,VDD,Metal1,85.6665,449.4755,4.861662
TAP_TAPCELL_ROW_85_3044,VDD,Metal1,46.4665,449.4755,4.861645
TAP_TAPCELL_ROW_84_3043,VDD,Metal1,1046.0665,447.6440,4.863292
TAP_TAPCELL_ROW_84_3042,VDD,Metal1,1006.8665,447.6440,4.863308
TAP_TAPCELL_ROW_84_3041,VDD,Metal1,967.6665,447.6440,4.863436
TAP_TAPCELL_ROW_84_3040,VDD,Metal1,928.4665,447.6440,4.863438
TAP_TAPCELL_ROW_84_3039,VDD,Metal1,889.2665,447.6440,4.863425
TAP_TAPCELL_ROW_84_3038,VDD,Metal1,850.0665,447.6440,4.863420
TAP_TAPCELL_ROW_84_3037,VDD,Metal1,810.8665,447.6440,4.863437
TAP_TAPCELL_ROW_84_3036,VDD,Metal1,771.6665,447.6440,4.863402
TAP_TAPCELL_ROW_84_3035,VDD,Metal1,732.4665,447.6440,4.863289
TAP_TAPCELL_ROW_84_3034,VDD,Metal1,693.2665,447.6440,4.863223
TAP_TAPCELL_ROW_84_3033,VDD,Metal1,654.0665,447.6440,4.863183
TAP_TAPCELL_ROW_84_3032,VDD,Metal1,614.8665,447.6440,4.863142
TAP_TAPCELL_ROW_84_3031,VDD,Metal1,575.6665,447.6440,4.862958
TAP_TAPCELL_ROW_84_3030,VDD,Metal1,536.4665,447.6440,4.862872
TAP_TAPCELL_ROW_84_3029,VDD,Metal1,497.2665,447.6440,4.862847
TAP_TAPCELL_ROW_84_3028,VDD,Metal1,458.0665,447.6440,4.862730
TAP_TAPCELL_ROW_84_3027,VDD,Metal1,418.8665,447.6440,4.862562
TAP_TAPCELL_ROW_84_3026,VDD,Metal1,379.6665,447.6440,4.862449
TAP_TAPCELL_ROW_84_3025,VDD,Metal1,340.4665,447.6440,4.862376
TAP_TAPCELL_ROW_84_3024,VDD,Metal1,301.2665,447.6440,4.862302
TAP_TAPCELL_ROW_84_3023,VDD,Metal1,262.0665,447.6440,4.862150
TAP_TAPCELL_ROW_84_3022,VDD,Metal1,222.8665,447.6440,4.861956
TAP_TAPCELL_ROW_84_3021,VDD,Metal1,183.6665,447.6440,4.861806
TAP_TAPCELL_ROW_84_3020,VDD,Metal1,144.4665,447.6440,4.861733
TAP_TAPCELL_ROW_84_3019,VDD,Metal1,105.2665,447.6440,4.861664
TAP_TAPCELL_ROW_84_3018,VDD,Metal1,66.0665,447.6440,4.861656
TAP_TAPCELL_ROW_84_3017,VDD,Metal1,26.8665,447.6440,4.861656
TAP_TAPCELL_ROW_83_3016,VDD,Metal1,1065.6665,439.3955,4.861543
TAP_TAPCELL_ROW_83_3015,VDD,Metal1,1026.4665,439.3955,4.861566
TAP_TAPCELL_ROW_83_3014,VDD,Metal1,987.2665,439.3955,4.861650
TAP_TAPCELL_ROW_83_3013,VDD,Metal1,948.0665,439.3955,4.861686
TAP_TAPCELL_ROW_83_3012,VDD,Metal1,908.8665,439.3955,4.861619
TAP_TAPCELL_ROW_83_3011,VDD,Metal1,869.6665,439.3955,4.861628
TAP_TAPCELL_ROW_83_3010,VDD,Metal1,830.4665,439.3955,4.861725
TAP_TAPCELL_ROW_83_3009,VDD,Metal1,791.2665,439.3955,4.861762
TAP_TAPCELL_ROW_83_3008,VDD,Metal1,752.0665,439.3955,4.861683
TAP_TAPCELL_ROW_83_3007,VDD,Metal1,712.8665,439.3955,4.861582
TAP_TAPCELL_ROW_83_3006,VDD,Metal1,673.6665,439.3955,4.861557
TAP_TAPCELL_ROW_83_3005,VDD,Metal1,634.4665,439.3955,4.861489
TAP_TAPCELL_ROW_83_3004,VDD,Metal1,595.2665,439.3955,4.861416
TAP_TAPCELL_ROW_83_3003,VDD,Metal1,556.0665,439.3955,4.861200
TAP_TAPCELL_ROW_83_3002,VDD,Metal1,516.8665,439.3955,4.861090
TAP_TAPCELL_ROW_83_3001,VDD,Metal1,477.6665,439.3955,4.861024
TAP_TAPCELL_ROW_83_3000,VDD,Metal1,438.4665,439.3955,4.860868
TAP_TAPCELL_ROW_83_2999,VDD,Metal1,399.2665,439.3955,4.860827
TAP_TAPCELL_ROW_83_2998,VDD,Metal1,360.0665,439.3955,4.860784
TAP_TAPCELL_ROW_83_2997,VDD,Metal1,320.8665,439.3955,4.860712
TAP_TAPCELL_ROW_83_2996,VDD,Metal1,281.6665,439.3955,4.860611
TAP_TAPCELL_ROW_83_2995,VDD,Metal1,242.4665,439.3955,4.860535
TAP_TAPCELL_ROW_83_2994,VDD,Metal1,203.2665,439.3955,4.860466
TAP_TAPCELL_ROW_83_2993,VDD,Metal1,164.0665,439.3955,4.860318
TAP_TAPCELL_ROW_83_2992,VDD,Metal1,124.8665,439.3955,4.860219
TAP_TAPCELL_ROW_83_2991,VDD,Metal1,85.6665,439.3955,4.860142
TAP_TAPCELL_ROW_83_2990,VDD,Metal1,46.4665,439.3955,4.860144
TAP_TAPCELL_ROW_82_2989,VDD,Metal1,1046.0665,437.5640,4.861544
TAP_TAPCELL_ROW_82_2988,VDD,Metal1,1006.8665,437.5640,4.861601
TAP_TAPCELL_ROW_82_2987,VDD,Metal1,967.6665,437.5640,4.861685
TAP_TAPCELL_ROW_82_2986,VDD,Metal1,928.4665,437.5640,4.861648
TAP_TAPCELL_ROW_82_2985,VDD,Metal1,889.2665,437.5640,4.861615
TAP_TAPCELL_ROW_82_2984,VDD,Metal1,850.0665,437.5640,4.861707
TAP_TAPCELL_ROW_82_2983,VDD,Metal1,810.8665,437.5640,4.861756
TAP_TAPCELL_ROW_82_2982,VDD,Metal1,771.6665,437.5640,4.861721
TAP_TAPCELL_ROW_82_2981,VDD,Metal1,732.4665,437.5640,4.861622
TAP_TAPCELL_ROW_82_2980,VDD,Metal1,693.2665,437.5640,4.861574
TAP_TAPCELL_ROW_82_2979,VDD,Metal1,654.0665,437.5640,4.861492
TAP_TAPCELL_ROW_82_2978,VDD,Metal1,614.8665,437.5640,4.861419
TAP_TAPCELL_ROW_82_2977,VDD,Metal1,575.6665,437.5640,4.861414
TAP_TAPCELL_ROW_82_2976,VDD,Metal1,536.4665,437.5640,4.861117
TAP_TAPCELL_ROW_82_2975,VDD,Metal1,497.2665,437.5640,4.861028
TAP_TAPCELL_ROW_82_2974,VDD,Metal1,458.0665,437.5640,4.860976
TAP_TAPCELL_ROW_82_2973,VDD,Metal1,418.8665,437.5640,4.860833
TAP_TAPCELL_ROW_82_2972,VDD,Metal1,379.6665,437.5640,4.860787
TAP_TAPCELL_ROW_82_2971,VDD,Metal1,340.4665,437.5640,4.860753
TAP_TAPCELL_ROW_82_2970,VDD,Metal1,301.2665,437.5640,4.860680
TAP_TAPCELL_ROW_82_2969,VDD,Metal1,262.0665,437.5640,4.860539
TAP_TAPCELL_ROW_82_2968,VDD,Metal1,222.8665,437.5640,4.860486
TAP_TAPCELL_ROW_82_2967,VDD,Metal1,183.6665,437.5640,4.860457
TAP_TAPCELL_ROW_82_2966,VDD,Metal1,144.4665,437.5640,4.860229
TAP_TAPCELL_ROW_82_2965,VDD,Metal1,105.2665,437.5640,4.860209
TAP_TAPCELL_ROW_82_2964,VDD,Metal1,66.0665,437.5640,4.860135
TAP_TAPCELL_ROW_82_2963,VDD,Metal1,26.8665,437.5640,4.860194
TAP_TAPCELL_ROW_81_2962,VDD,Metal1,1065.6665,429.3155,4.859915
TAP_TAPCELL_ROW_81_2961,VDD,Metal1,1026.4665,429.3155,4.859958
TAP_TAPCELL_ROW_81_2960,VDD,Metal1,987.2665,429.3155,4.859981
TAP_TAPCELL_ROW_81_2959,VDD,Metal1,948.0665,429.3155,4.860016
TAP_TAPCELL_ROW_81_2958,VDD,Metal1,908.8665,429.3155,4.859980
TAP_TAPCELL_ROW_81_2957,VDD,Metal1,869.6665,429.3155,4.860025
TAP_TAPCELL_ROW_81_2956,VDD,Metal1,830.4665,429.3155,4.860062
TAP_TAPCELL_ROW_81_2955,VDD,Metal1,791.2665,429.3155,4.860152
TAP_TAPCELL_ROW_81_2954,VDD,Metal1,752.0665,429.3155,4.860043
TAP_TAPCELL_ROW_81_2953,VDD,Metal1,712.8665,429.3155,4.859990
TAP_TAPCELL_ROW_81_2952,VDD,Metal1,673.6665,429.3155,4.859963
TAP_TAPCELL_ROW_81_2951,VDD,Metal1,634.4665,429.3155,4.859937
TAP_TAPCELL_ROW_81_2950,VDD,Metal1,595.2665,429.3155,4.859810
TAP_TAPCELL_ROW_81_2949,VDD,Metal1,556.0665,429.3155,4.859639
TAP_TAPCELL_ROW_81_2948,VDD,Metal1,516.8665,429.3155,4.859379
TAP_TAPCELL_ROW_81_2947,VDD,Metal1,477.6665,429.3155,4.859340
TAP_TAPCELL_ROW_81_2946,VDD,Metal1,438.4665,429.3155,4.859274
TAP_TAPCELL_ROW_81_2945,VDD,Metal1,399.2665,429.3155,4.859247
TAP_TAPCELL_ROW_81_2944,VDD,Metal1,360.0665,429.3155,4.859181
TAP_TAPCELL_ROW_81_2943,VDD,Metal1,320.8665,429.3155,4.859166
TAP_TAPCELL_ROW_81_2942,VDD,Metal1,281.6665,429.3155,4.859072
TAP_TAPCELL_ROW_81_2941,VDD,Metal1,242.4665,429.3155,4.858985
TAP_TAPCELL_ROW_81_2940,VDD,Metal1,203.2665,429.3155,4.858903
TAP_TAPCELL_ROW_81_2939,VDD,Metal1,164.0665,429.3155,4.858826
TAP_TAPCELL_ROW_81_2938,VDD,Metal1,124.8665,429.3155,4.858745
TAP_TAPCELL_ROW_81_2937,VDD,Metal1,85.6665,429.3155,4.858691
TAP_TAPCELL_ROW_81_2936,VDD,Metal1,46.4665,429.3155,4.858678
TAP_TAPCELL_ROW_80_2935,VDD,Metal1,1046.0665,427.4840,4.859919
TAP_TAPCELL_ROW_80_2934,VDD,Metal1,1006.8665,427.4840,4.859959
TAP_TAPCELL_ROW_80_2933,VDD,Metal1,967.6665,427.4840,4.859988
TAP_TAPCELL_ROW_80_2932,VDD,Metal1,928.4665,427.4840,4.860009
TAP_TAPCELL_ROW_80_2931,VDD,Metal1,889.2665,427.4840,4.859998
TAP_TAPCELL_ROW_80_2930,VDD,Metal1,850.0665,427.4840,4.860042
TAP_TAPCELL_ROW_80_2929,VDD,Metal1,810.8665,427.4840,4.860096
TAP_TAPCELL_ROW_80_2928,VDD,Metal1,771.6665,427.4840,4.860052
TAP_TAPCELL_ROW_80_2927,VDD,Metal1,732.4665,427.4840,4.860026
TAP_TAPCELL_ROW_80_2926,VDD,Metal1,693.2665,427.4840,4.859972
TAP_TAPCELL_ROW_80_2925,VDD,Metal1,654.0665,427.4840,4.859958
TAP_TAPCELL_ROW_80_2924,VDD,Metal1,614.8665,427.4840,4.859842
TAP_TAPCELL_ROW_80_2923,VDD,Metal1,575.6665,427.4840,4.859719
TAP_TAPCELL_ROW_80_2922,VDD,Metal1,536.4665,427.4840,4.859495
TAP_TAPCELL_ROW_80_2921,VDD,Metal1,497.2665,427.4840,4.859366
TAP_TAPCELL_ROW_80_2920,VDD,Metal1,458.0665,427.4840,4.859325
TAP_TAPCELL_ROW_80_2919,VDD,Metal1,418.8665,427.4840,4.859249
TAP_TAPCELL_ROW_80_2918,VDD,Metal1,379.6665,427.4840,4.859202
TAP_TAPCELL_ROW_80_2917,VDD,Metal1,340.4665,427.4840,4.859167
TAP_TAPCELL_ROW_80_2916,VDD,Metal1,301.2665,427.4840,4.859089
TAP_TAPCELL_ROW_80_2915,VDD,Metal1,262.0665,427.4840,4.859015
TAP_TAPCELL_ROW_80_2914,VDD,Metal1,222.8665,427.4840,4.858964
TAP_TAPCELL_ROW_80_2913,VDD,Metal1,183.6665,427.4840,4.858887
TAP_TAPCELL_ROW_80_2912,VDD,Metal1,144.4665,427.4840,4.858759
TAP_TAPCELL_ROW_80_2911,VDD,Metal1,105.2665,427.4840,4.858697
TAP_TAPCELL_ROW_80_2910,VDD,Metal1,66.0665,427.4840,4.858672
TAP_TAPCELL_ROW_80_2909,VDD,Metal1,26.8665,427.4840,4.858716
TAP_TAPCELL_ROW_79_2908,VDD,Metal1,1065.6665,419.2355,4.858245
TAP_TAPCELL_ROW_79_2907,VDD,Metal1,1026.4665,419.2355,4.858245
TAP_TAPCELL_ROW_79_2906,VDD,Metal1,987.2665,419.2355,4.858263
TAP_TAPCELL_ROW_79_2905,VDD,Metal1,948.0665,419.2355,4.858424
TAP_TAPCELL_ROW_79_2904,VDD,Metal1,908.8665,419.2355,4.858469
TAP_TAPCELL_ROW_79_2903,VDD,Metal1,869.6665,419.2355,4.858454
TAP_TAPCELL_ROW_79_2902,VDD,Metal1,830.4665,419.2355,4.858489
TAP_TAPCELL_ROW_79_2901,VDD,Metal1,791.2665,419.2355,4.858531
TAP_TAPCELL_ROW_79_2900,VDD,Metal1,752.0665,419.2355,4.858437
TAP_TAPCELL_ROW_79_2899,VDD,Metal1,712.8665,419.2355,4.858384
TAP_TAPCELL_ROW_79_2898,VDD,Metal1,673.6665,419.2355,4.858369
TAP_TAPCELL_ROW_79_2897,VDD,Metal1,634.4665,419.2355,4.858369
TAP_TAPCELL_ROW_79_2896,VDD,Metal1,595.2665,419.2355,4.858229
TAP_TAPCELL_ROW_79_2895,VDD,Metal1,556.0665,419.2355,4.858012
TAP_TAPCELL_ROW_79_2894,VDD,Metal1,516.8665,419.2355,4.857920
TAP_TAPCELL_ROW_79_2893,VDD,Metal1,477.6665,419.2355,4.857810
TAP_TAPCELL_ROW_79_2892,VDD,Metal1,438.4665,419.2355,4.857717
TAP_TAPCELL_ROW_79_2891,VDD,Metal1,399.2665,419.2355,4.857597
TAP_TAPCELL_ROW_79_2890,VDD,Metal1,360.0665,419.2355,4.857527
TAP_TAPCELL_ROW_79_2889,VDD,Metal1,320.8665,419.2355,4.857502
TAP_TAPCELL_ROW_79_2888,VDD,Metal1,281.6665,419.2355,4.857444
TAP_TAPCELL_ROW_79_2887,VDD,Metal1,242.4665,419.2355,4.857434
TAP_TAPCELL_ROW_79_2886,VDD,Metal1,203.2665,419.2355,4.857400
TAP_TAPCELL_ROW_79_2885,VDD,Metal1,164.0665,419.2355,4.857375
TAP_TAPCELL_ROW_79_2884,VDD,Metal1,124.8665,419.2355,4.857298
TAP_TAPCELL_ROW_79_2883,VDD,Metal1,85.6665,419.2355,4.857099
TAP_TAPCELL_ROW_79_2882,VDD,Metal1,46.4665,419.2355,4.857167
TAP_TAPCELL_ROW_78_2881,VDD,Metal1,1046.0665,417.4040,4.858245
TAP_TAPCELL_ROW_78_2880,VDD,Metal1,1006.8665,417.4040,4.858258
TAP_TAPCELL_ROW_78_2879,VDD,Metal1,967.6665,417.4040,4.858265
TAP_TAPCELL_ROW_78_2878,VDD,Metal1,928.4665,417.4040,4.858470
TAP_TAPCELL_ROW_78_2877,VDD,Metal1,889.2665,417.4040,4.858454
TAP_TAPCELL_ROW_78_2876,VDD,Metal1,850.0665,417.4040,4.858477
TAP_TAPCELL_ROW_78_2875,VDD,Metal1,810.8665,417.4040,4.858512
TAP_TAPCELL_ROW_78_2874,VDD,Metal1,771.6665,417.4040,4.858488
TAP_TAPCELL_ROW_78_2873,VDD,Metal1,732.4665,417.4040,4.858420
TAP_TAPCELL_ROW_78_2872,VDD,Metal1,693.2665,417.4040,4.858372
TAP_TAPCELL_ROW_78_2871,VDD,Metal1,654.0665,417.4040,4.858369
TAP_TAPCELL_ROW_78_2870,VDD,Metal1,614.8665,417.4040,4.858238
TAP_TAPCELL_ROW_78_2869,VDD,Metal1,575.6665,417.4040,4.858091
TAP_TAPCELL_ROW_78_2868,VDD,Metal1,536.4665,417.4040,4.857996
TAP_TAPCELL_ROW_78_2867,VDD,Metal1,497.2665,417.4040,4.857905
TAP_TAPCELL_ROW_78_2866,VDD,Metal1,458.0665,417.4040,4.857783
TAP_TAPCELL_ROW_78_2865,VDD,Metal1,418.8665,417.4040,4.857615
TAP_TAPCELL_ROW_78_2864,VDD,Metal1,379.6665,417.4040,4.857580
TAP_TAPCELL_ROW_78_2863,VDD,Metal1,340.4665,417.4040,4.857514
TAP_TAPCELL_ROW_78_2862,VDD,Metal1,301.2665,417.4040,4.857490
TAP_TAPCELL_ROW_78_2861,VDD,Metal1,262.0665,417.4040,4.857440
TAP_TAPCELL_ROW_78_2860,VDD,Metal1,222.8665,417.4040,4.857407
TAP_TAPCELL_ROW_78_2859,VDD,Metal1,183.6665,417.4040,4.857396
TAP_TAPCELL_ROW_78_2858,VDD,Metal1,144.4665,417.4040,4.857329
TAP_TAPCELL_ROW_78_2857,VDD,Metal1,105.2665,417.4040,4.857092
TAP_TAPCELL_ROW_78_2856,VDD,Metal1,66.0665,417.4040,4.857143
TAP_TAPCELL_ROW_78_2855,VDD,Metal1,26.8665,417.4040,4.857216
TAP_TAPCELL_ROW_77_2854,VDD,Metal1,1065.6665,409.1555,4.856547
TAP_TAPCELL_ROW_77_2853,VDD,Metal1,1026.4665,409.1555,4.856559
TAP_TAPCELL_ROW_77_2852,VDD,Metal1,987.2665,409.1555,4.856669
TAP_TAPCELL_ROW_77_2851,VDD,Metal1,948.0665,409.1555,4.856743
TAP_TAPCELL_ROW_77_2850,VDD,Metal1,908.8665,409.1555,4.856780
TAP_TAPCELL_ROW_77_2849,VDD,Metal1,869.6665,409.1555,4.856804
TAP_TAPCELL_ROW_77_2848,VDD,Metal1,830.4665,409.1555,4.856888
TAP_TAPCELL_ROW_77_2847,VDD,Metal1,791.2665,409.1555,4.856953
TAP_TAPCELL_ROW_77_2846,VDD,Metal1,752.0665,409.1555,4.856895
TAP_TAPCELL_ROW_77_2845,VDD,Metal1,712.8665,409.1555,4.856871
TAP_TAPCELL_ROW_77_2844,VDD,Metal1,673.6665,409.1555,4.856861
TAP_TAPCELL_ROW_77_2843,VDD,Metal1,634.4665,409.1555,4.856859
TAP_TAPCELL_ROW_77_2842,VDD,Metal1,595.2665,409.1555,4.856631
TAP_TAPCELL_ROW_77_2841,VDD,Metal1,556.0665,409.1555,4.856558
TAP_TAPCELL_ROW_77_2840,VDD,Metal1,516.8665,409.1555,4.856535
TAP_TAPCELL_ROW_77_2839,VDD,Metal1,477.6665,409.1555,4.856493
TAP_TAPCELL_ROW_77_2838,VDD,Metal1,438.4665,409.1555,4.856368
TAP_TAPCELL_ROW_77_2837,VDD,Metal1,399.2665,409.1555,4.856269
TAP_TAPCELL_ROW_77_2836,VDD,Metal1,360.0665,409.1555,4.856205
TAP_TAPCELL_ROW_77_2835,VDD,Metal1,320.8665,409.1555,4.856192
TAP_TAPCELL_ROW_77_2834,VDD,Metal1,281.6665,409.1555,4.856171
TAP_TAPCELL_ROW_77_2833,VDD,Metal1,242.4665,409.1555,4.856049
TAP_TAPCELL_ROW_77_2832,VDD,Metal1,203.2665,409.1555,4.855945
TAP_TAPCELL_ROW_77_2831,VDD,Metal1,164.0665,409.1555,4.855913
TAP_TAPCELL_ROW_77_2830,VDD,Metal1,124.8665,409.1555,4.855800
TAP_TAPCELL_ROW_77_2829,VDD,Metal1,85.6665,409.1555,4.855695
TAP_TAPCELL_ROW_77_2828,VDD,Metal1,46.4665,409.1555,4.855697
TAP_TAPCELL_ROW_76_2827,VDD,Metal1,1046.0665,407.3240,4.856558
TAP_TAPCELL_ROW_76_2826,VDD,Metal1,1006.8665,407.3240,4.856604
TAP_TAPCELL_ROW_76_2825,VDD,Metal1,967.6665,407.3240,4.856718
TAP_TAPCELL_ROW_76_2824,VDD,Metal1,928.4665,407.3240,4.856764
TAP_TAPCELL_ROW_76_2823,VDD,Metal1,889.2665,407.3240,4.856785
TAP_TAPCELL_ROW_76_2822,VDD,Metal1,850.0665,407.3240,4.856845
TAP_TAPCELL_ROW_76_2821,VDD,Metal1,810.8665,407.3240,4.856914
TAP_TAPCELL_ROW_76_2820,VDD,Metal1,771.6665,407.3240,4.856917
TAP_TAPCELL_ROW_76_2819,VDD,Metal1,732.4665,407.3240,4.856881
TAP_TAPCELL_ROW_76_2818,VDD,Metal1,693.2665,407.3240,4.856864
TAP_TAPCELL_ROW_76_2817,VDD,Metal1,654.0665,407.3240,4.856865
TAP_TAPCELL_ROW_76_2816,VDD,Metal1,614.8665,407.3240,4.856677
TAP_TAPCELL_ROW_76_2815,VDD,Metal1,575.6665,407.3240,4.856576
TAP_TAPCELL_ROW_76_2814,VDD,Metal1,536.4665,407.3240,4.856541
TAP_TAPCELL_ROW_76_2813,VDD,Metal1,497.2665,407.3240,4.856521
TAP_TAPCELL_ROW_76_2812,VDD,Metal1,458.0665,407.3240,4.856411
TAP_TAPCELL_ROW_76_2811,VDD,Metal1,418.8665,407.3240,4.856351
TAP_TAPCELL_ROW_76_2810,VDD,Metal1,379.6665,407.3240,4.856252
TAP_TAPCELL_ROW_76_2809,VDD,Metal1,340.4665,407.3240,4.856192
TAP_TAPCELL_ROW_76_2808,VDD,Metal1,301.2665,407.3240,4.856176
TAP_TAPCELL_ROW_76_2807,VDD,Metal1,262.0665,407.3240,4.856058
TAP_TAPCELL_ROW_76_2806,VDD,Metal1,222.8665,407.3240,4.856029
TAP_TAPCELL_ROW_76_2805,VDD,Metal1,183.6665,407.3240,4.855932
TAP_TAPCELL_ROW_76_2804,VDD,Metal1,144.4665,407.3240,4.855891
TAP_TAPCELL_ROW_76_2803,VDD,Metal1,105.2665,407.3240,4.855774
TAP_TAPCELL_ROW_76_2802,VDD,Metal1,66.0665,407.3240,4.855693
TAP_TAPCELL_ROW_76_2801,VDD,Metal1,26.8665,407.3240,4.855706
TAP_TAPCELL_ROW_75_2800,VDD,Metal1,1065.6665,399.0755,4.854581
TAP_TAPCELL_ROW_75_2799,VDD,Metal1,1026.4665,399.0755,4.855082
TAP_TAPCELL_ROW_75_2798,VDD,Metal1,987.2665,399.0755,4.855118
TAP_TAPCELL_ROW_75_2797,VDD,Metal1,948.0665,399.0755,4.855243
TAP_TAPCELL_ROW_75_2796,VDD,Metal1,908.8665,399.0755,4.855206
TAP_TAPCELL_ROW_75_2795,VDD,Metal1,869.6665,399.0755,4.855126
TAP_TAPCELL_ROW_75_2794,VDD,Metal1,830.4665,399.0755,4.855205
TAP_TAPCELL_ROW_75_2793,VDD,Metal1,791.2665,399.0755,4.855268
TAP_TAPCELL_ROW_75_2792,VDD,Metal1,752.0665,399.0755,4.855096
TAP_TAPCELL_ROW_75_2791,VDD,Metal1,712.8665,399.0755,4.855074
TAP_TAPCELL_ROW_75_2790,VDD,Metal1,673.6665,399.0755,4.855075
TAP_TAPCELL_ROW_75_2789,VDD,Metal1,634.4665,399.0755,4.855083
TAP_TAPCELL_ROW_75_2788,VDD,Metal1,595.2665,399.0755,4.855017
TAP_TAPCELL_ROW_75_2787,VDD,Metal1,556.0665,399.0755,4.854924
TAP_TAPCELL_ROW_75_2786,VDD,Metal1,516.8665,399.0755,4.854867
TAP_TAPCELL_ROW_75_2785,VDD,Metal1,477.6665,399.0755,4.854841
TAP_TAPCELL_ROW_75_2784,VDD,Metal1,438.4665,399.0755,4.854782
TAP_TAPCELL_ROW_75_2783,VDD,Metal1,399.2665,399.0755,4.854717
TAP_TAPCELL_ROW_75_2782,VDD,Metal1,360.0665,399.0755,4.854686
TAP_TAPCELL_ROW_75_2781,VDD,Metal1,320.8665,399.0755,4.854652
TAP_TAPCELL_ROW_75_2780,VDD,Metal1,281.6665,399.0755,4.854517
TAP_TAPCELL_ROW_75_2779,VDD,Metal1,242.4665,399.0755,4.854457
TAP_TAPCELL_ROW_75_2778,VDD,Metal1,203.2665,399.0755,4.854343
TAP_TAPCELL_ROW_75_2777,VDD,Metal1,164.0665,399.0755,4.854305
TAP_TAPCELL_ROW_75_2776,VDD,Metal1,124.8665,399.0755,4.854215
TAP_TAPCELL_ROW_75_2775,VDD,Metal1,85.6665,399.0755,4.854155
TAP_TAPCELL_ROW_75_2774,VDD,Metal1,46.4665,399.0755,4.854126
TAP_TAPCELL_ROW_74_2773,VDD,Metal1,1046.0665,397.2440,4.854604
TAP_TAPCELL_ROW_74_2772,VDD,Metal1,1006.8665,397.2440,4.855103
TAP_TAPCELL_ROW_74_2771,VDD,Metal1,967.6665,397.2440,4.855165
TAP_TAPCELL_ROW_74_2770,VDD,Metal1,928.4665,397.2440,4.855242
TAP_TAPCELL_ROW_74_2769,VDD,Metal1,889.2665,397.2440,4.855178
TAP_TAPCELL_ROW_74_2768,VDD,Metal1,850.0665,397.2440,4.855154
TAP_TAPCELL_ROW_74_2767,VDD,Metal1,810.8665,397.2440,4.855258
TAP_TAPCELL_ROW_74_2766,VDD,Metal1,771.6665,397.2440,4.855099
TAP_TAPCELL_ROW_74_2765,VDD,Metal1,732.4665,397.2440,4.855076
TAP_TAPCELL_ROW_74_2764,VDD,Metal1,693.2665,397.2440,4.855073
TAP_TAPCELL_ROW_74_2763,VDD,Metal1,654.0665,397.2440,4.855083
TAP_TAPCELL_ROW_74_2762,VDD,Metal1,614.8665,397.2440,4.855040
TAP_TAPCELL_ROW_74_2761,VDD,Metal1,575.6665,397.2440,4.854964
TAP_TAPCELL_ROW_74_2760,VDD,Metal1,536.4665,397.2440,4.854900
TAP_TAPCELL_ROW_74_2759,VDD,Metal1,497.2665,397.2440,4.854841
TAP_TAPCELL_ROW_74_2758,VDD,Metal1,458.0665,397.2440,4.854818
TAP_TAPCELL_ROW_74_2757,VDD,Metal1,418.8665,397.2440,4.854742
TAP_TAPCELL_ROW_74_2756,VDD,Metal1,379.6665,397.2440,4.854701
TAP_TAPCELL_ROW_74_2755,VDD,Metal1,340.4665,397.2440,4.854660
TAP_TAPCELL_ROW_74_2754,VDD,Metal1,301.2665,397.2440,4.854530
TAP_TAPCELL_ROW_74_2753,VDD,Metal1,262.0665,397.2440,4.854514
TAP_TAPCELL_ROW_74_2752,VDD,Metal1,222.8665,397.2440,4.854368
TAP_TAPCELL_ROW_74_2751,VDD,Metal1,183.6665,397.2440,4.854310
TAP_TAPCELL_ROW_74_2750,VDD,Metal1,144.4665,397.2440,4.854261
TAP_TAPCELL_ROW_74_2749,VDD,Metal1,105.2665,397.2440,4.854177
TAP_TAPCELL_ROW_74_2748,VDD,Metal1,66.0665,397.2440,4.854136
TAP_TAPCELL_ROW_74_2747,VDD,Metal1,26.8665,397.2440,4.854129
TAP_TAPCELL_ROW_73_2746,VDD,Metal1,1065.6665,388.9955,4.853597
TAP_TAPCELL_ROW_73_2745,VDD,Metal1,1026.4665,388.9955,4.853608
TAP_TAPCELL_ROW_73_2744,VDD,Metal1,987.2665,388.9955,4.853657
TAP_TAPCELL_ROW_73_2743,VDD,Metal1,948.0665,388.9955,4.853737
TAP_TAPCELL_ROW_73_2742,VDD,Metal1,908.8665,388.9955,4.853744
TAP_TAPCELL_ROW_73_2741,VDD,Metal1,869.6665,388.9955,4.853752
TAP_TAPCELL_ROW_73_2740,VDD,Metal1,830.4665,388.9955,4.853779
TAP_TAPCELL_ROW_73_2739,VDD,Metal1,791.2665,388.9955,4.853893
TAP_TAPCELL_ROW_73_2738,VDD,Metal1,752.0665,388.9955,4.853878
TAP_TAPCELL_ROW_73_2737,VDD,Metal1,712.8665,388.9955,4.853853
TAP_TAPCELL_ROW_73_2736,VDD,Metal1,673.6665,388.9955,4.853842
TAP_TAPCELL_ROW_73_2735,VDD,Metal1,634.4665,388.9955,4.853855
TAP_TAPCELL_ROW_73_2734,VDD,Metal1,595.2665,388.9955,4.853763
TAP_TAPCELL_ROW_73_2733,VDD,Metal1,556.0665,388.9955,4.853656
TAP_TAPCELL_ROW_73_2732,VDD,Metal1,516.8665,388.9955,4.853465
TAP_TAPCELL_ROW_73_2731,VDD,Metal1,477.6665,388.9955,4.853459
TAP_TAPCELL_ROW_73_2730,VDD,Metal1,438.4665,388.9955,4.853175
TAP_TAPCELL_ROW_73_2729,VDD,Metal1,399.2665,388.9955,4.853107
TAP_TAPCELL_ROW_73_2728,VDD,Metal1,360.0665,388.9955,4.853068
TAP_TAPCELL_ROW_73_2727,VDD,Metal1,320.8665,388.9955,4.853060
TAP_TAPCELL_ROW_73_2726,VDD,Metal1,281.6665,388.9955,4.853037
TAP_TAPCELL_ROW_73_2725,VDD,Metal1,242.4665,388.9955,4.852996
TAP_TAPCELL_ROW_73_2724,VDD,Metal1,203.2665,388.9955,4.852956
TAP_TAPCELL_ROW_73_2723,VDD,Metal1,164.0665,388.9955,4.852803
TAP_TAPCELL_ROW_73_2722,VDD,Metal1,124.8665,388.9955,4.852759
TAP_TAPCELL_ROW_73_2721,VDD,Metal1,85.6665,388.9955,4.852715
TAP_TAPCELL_ROW_73_2720,VDD,Metal1,46.4665,388.9955,4.852694
TAP_TAPCELL_ROW_72_2719,VDD,Metal1,1046.0665,387.1640,4.853602
TAP_TAPCELL_ROW_72_2718,VDD,Metal1,1006.8665,387.1640,4.853646
TAP_TAPCELL_ROW_72_2717,VDD,Metal1,967.6665,387.1640,4.853658
TAP_TAPCELL_ROW_72_2716,VDD,Metal1,928.4665,387.1640,4.853744
TAP_TAPCELL_ROW_72_2715,VDD,Metal1,889.2665,387.1640,4.853750
TAP_TAPCELL_ROW_72_2714,VDD,Metal1,850.0665,387.1640,4.853768
TAP_TAPCELL_ROW_72_2713,VDD,Metal1,810.8665,387.1640,4.853816
TAP_TAPCELL_ROW_72_2712,VDD,Metal1,771.6665,387.1640,4.853883
TAP_TAPCELL_ROW_72_2711,VDD,Metal1,732.4665,387.1640,4.853869
TAP_TAPCELL_ROW_72_2710,VDD,Metal1,693.2665,387.1640,4.853842
TAP_TAPCELL_ROW_72_2709,VDD,Metal1,654.0665,387.1640,4.853849
TAP_TAPCELL_ROW_72_2708,VDD,Metal1,614.8665,387.1640,4.853816
TAP_TAPCELL_ROW_72_2707,VDD,Metal1,575.6665,387.1640,4.853702
TAP_TAPCELL_ROW_72_2706,VDD,Metal1,536.4665,387.1640,4.853482
TAP_TAPCELL_ROW_72_2705,VDD,Metal1,497.2665,387.1640,4.853461
TAP_TAPCELL_ROW_72_2704,VDD,Metal1,458.0665,387.1640,4.853329
TAP_TAPCELL_ROW_72_2703,VDD,Metal1,418.8665,387.1640,4.853167
TAP_TAPCELL_ROW_72_2702,VDD,Metal1,379.6665,387.1640,4.853089
TAP_TAPCELL_ROW_72_2701,VDD,Metal1,340.4665,387.1640,4.853062
TAP_TAPCELL_ROW_72_2700,VDD,Metal1,301.2665,387.1640,4.853043
TAP_TAPCELL_ROW_72_2699,VDD,Metal1,262.0665,387.1640,4.853024
TAP_TAPCELL_ROW_72_2698,VDD,Metal1,222.8665,387.1640,4.852987
TAP_TAPCELL_ROW_72_2697,VDD,Metal1,183.6665,387.1640,4.852862
TAP_TAPCELL_ROW_72_2696,VDD,Metal1,144.4665,387.1640,4.852785
TAP_TAPCELL_ROW_72_2695,VDD,Metal1,105.2665,387.1640,4.852738
TAP_TAPCELL_ROW_72_2694,VDD,Metal1,66.0665,387.1640,4.852695
TAP_TAPCELL_ROW_72_2693,VDD,Metal1,26.8665,387.1640,4.852703
TAP_TAPCELL_ROW_71_2692,VDD,Metal1,1065.6665,378.9155,4.851921
TAP_TAPCELL_ROW_71_2691,VDD,Metal1,1026.4665,378.9155,4.851928
TAP_TAPCELL_ROW_71_2690,VDD,Metal1,987.2665,378.9155,4.851951
TAP_TAPCELL_ROW_71_2689,VDD,Metal1,948.0665,378.9155,4.852031
TAP_TAPCELL_ROW_71_2688,VDD,Metal1,908.8665,378.9155,4.852021
TAP_TAPCELL_ROW_71_2687,VDD,Metal1,869.6665,378.9155,4.851899
TAP_TAPCELL_ROW_71_2686,VDD,Metal1,830.4665,378.9155,4.851859
TAP_TAPCELL_ROW_71_2685,VDD,Metal1,791.2665,378.9155,4.852130
TAP_TAPCELL_ROW_71_2684,VDD,Metal1,752.0665,378.9155,4.852127
TAP_TAPCELL_ROW_71_2683,VDD,Metal1,712.8665,378.9155,4.852167
TAP_TAPCELL_ROW_71_2682,VDD,Metal1,673.6665,378.9155,4.852235
TAP_TAPCELL_ROW_71_2681,VDD,Metal1,634.4665,378.9155,4.852313
TAP_TAPCELL_ROW_71_2680,VDD,Metal1,595.2665,378.9155,4.852217
TAP_TAPCELL_ROW_71_2679,VDD,Metal1,556.0665,378.9155,4.852096
TAP_TAPCELL_ROW_71_2678,VDD,Metal1,516.8665,378.9155,4.852028
TAP_TAPCELL_ROW_71_2677,VDD,Metal1,477.6665,378.9155,4.851946
TAP_TAPCELL_ROW_71_2676,VDD,Metal1,438.4665,378.9155,4.851785
TAP_TAPCELL_ROW_71_2675,VDD,Metal1,399.2665,378.9155,4.851744
TAP_TAPCELL_ROW_71_2674,VDD,Metal1,360.0665,378.9155,4.851709
TAP_TAPCELL_ROW_71_2673,VDD,Metal1,320.8665,378.9155,4.851666
TAP_TAPCELL_ROW_71_2672,VDD,Metal1,281.6665,378.9155,4.851621
TAP_TAPCELL_ROW_71_2671,VDD,Metal1,242.4665,378.9155,4.851543
TAP_TAPCELL_ROW_71_2670,VDD,Metal1,203.2665,378.9155,4.851470
TAP_TAPCELL_ROW_71_2669,VDD,Metal1,164.0665,378.9155,4.851341
TAP_TAPCELL_ROW_71_2668,VDD,Metal1,124.8665,378.9155,4.851259
TAP_TAPCELL_ROW_71_2667,VDD,Metal1,85.6665,378.9155,4.851251
TAP_TAPCELL_ROW_71_2666,VDD,Metal1,46.4665,378.9155,4.851289
TAP_TAPCELL_ROW_70_2665,VDD,Metal1,1046.0665,377.0840,4.851927
TAP_TAPCELL_ROW_70_2664,VDD,Metal1,1006.8665,377.0840,4.851944
TAP_TAPCELL_ROW_70_2663,VDD,Metal1,967.6665,377.0840,4.851983
TAP_TAPCELL_ROW_70_2662,VDD,Metal1,928.4665,377.0840,4.852023
TAP_TAPCELL_ROW_70_2661,VDD,Metal1,889.2665,377.0840,4.851943
TAP_TAPCELL_ROW_70_2660,VDD,Metal1,850.0665,377.0840,4.851858
TAP_TAPCELL_ROW_70_2659,VDD,Metal1,810.8665,377.0840,4.851904
TAP_TAPCELL_ROW_70_2658,VDD,Metal1,771.6665,377.0840,4.852126
TAP_TAPCELL_ROW_70_2657,VDD,Metal1,732.4665,377.0840,4.852137
TAP_TAPCELL_ROW_70_2656,VDD,Metal1,693.2665,377.0840,4.852184
TAP_TAPCELL_ROW_70_2655,VDD,Metal1,654.0665,377.0840,4.852293
TAP_TAPCELL_ROW_70_2654,VDD,Metal1,614.8665,377.0840,4.852273
TAP_TAPCELL_ROW_70_2653,VDD,Metal1,575.6665,377.0840,4.852173
TAP_TAPCELL_ROW_70_2652,VDD,Metal1,536.4665,377.0840,4.852062
TAP_TAPCELL_ROW_70_2651,VDD,Metal1,497.2665,377.0840,4.852016
TAP_TAPCELL_ROW_70_2650,VDD,Metal1,458.0665,377.0840,4.851806
TAP_TAPCELL_ROW_70_2649,VDD,Metal1,418.8665,377.0840,4.851764
TAP_TAPCELL_ROW_70_2648,VDD,Metal1,379.6665,377.0840,4.851737
TAP_TAPCELL_ROW_70_2647,VDD,Metal1,340.4665,377.0840,4.851683
TAP_TAPCELL_ROW_70_2646,VDD,Metal1,301.2665,377.0840,4.851644
TAP_TAPCELL_ROW_70_2645,VDD,Metal1,262.0665,377.0840,4.851579
TAP_TAPCELL_ROW_70_2644,VDD,Metal1,222.8665,377.0840,4.851488
TAP_TAPCELL_ROW_70_2643,VDD,Metal1,183.6665,377.0840,4.851457
TAP_TAPCELL_ROW_70_2642,VDD,Metal1,144.4665,377.0840,4.851325
TAP_TAPCELL_ROW_70_2641,VDD,Metal1,105.2665,377.0840,4.851257
TAP_TAPCELL_ROW_70_2640,VDD,Metal1,66.0665,377.0840,4.851255
TAP_TAPCELL_ROW_70_2639,VDD,Metal1,26.8665,377.0840,4.851352
TAP_TAPCELL_ROW_69_2638,VDD,Metal1,1065.6665,368.8355,4.849892
TAP_TAPCELL_ROW_69_2637,VDD,Metal1,1026.4665,368.8355,4.849899
TAP_TAPCELL_ROW_69_2636,VDD,Metal1,987.2665,368.8355,4.850507
TAP_TAPCELL_ROW_69_2635,VDD,Metal1,948.0665,368.8355,4.850577
TAP_TAPCELL_ROW_69_2634,VDD,Metal1,908.8665,368.8355,4.850652
TAP_TAPCELL_ROW_69_2633,VDD,Metal1,869.6665,368.8355,4.850737
TAP_TAPCELL_ROW_69_2632,VDD,Metal1,830.4665,368.8355,4.850870
TAP_TAPCELL_ROW_69_2631,VDD,Metal1,791.2665,368.8355,4.850938
TAP_TAPCELL_ROW_69_2630,VDD,Metal1,752.0665,368.8355,4.850904
TAP_TAPCELL_ROW_69_2629,VDD,Metal1,712.8665,368.8355,4.850882
TAP_TAPCELL_ROW_69_2628,VDD,Metal1,673.6665,368.8355,4.850883
TAP_TAPCELL_ROW_69_2627,VDD,Metal1,634.4665,368.8355,4.850900
TAP_TAPCELL_ROW_69_2626,VDD,Metal1,595.2665,368.8355,4.850862
TAP_TAPCELL_ROW_69_2625,VDD,Metal1,556.0665,368.8355,4.850725
TAP_TAPCELL_ROW_69_2624,VDD,Metal1,516.8665,368.8355,4.850680
TAP_TAPCELL_ROW_69_2623,VDD,Metal1,477.6665,368.8355,4.850651
TAP_TAPCELL_ROW_69_2622,VDD,Metal1,438.4665,368.8355,4.850568
TAP_TAPCELL_ROW_69_2621,VDD,Metal1,399.2665,368.8355,4.850446
TAP_TAPCELL_ROW_69_2620,VDD,Metal1,360.0665,368.8355,4.850418
TAP_TAPCELL_ROW_69_2619,VDD,Metal1,320.8665,368.8355,4.850400
TAP_TAPCELL_ROW_69_2618,VDD,Metal1,281.6665,368.8355,4.850275
TAP_TAPCELL_ROW_69_2617,VDD,Metal1,242.4665,368.8355,4.850133
TAP_TAPCELL_ROW_69_2616,VDD,Metal1,203.2665,368.8355,4.850036
TAP_TAPCELL_ROW_69_2615,VDD,Metal1,164.0665,368.8355,4.849973
TAP_TAPCELL_ROW_69_2614,VDD,Metal1,124.8665,368.8355,4.849891
TAP_TAPCELL_ROW_69_2613,VDD,Metal1,85.6665,368.8355,4.849878
TAP_TAPCELL_ROW_69_2612,VDD,Metal1,46.4665,368.8355,4.849917
TAP_TAPCELL_ROW_68_2611,VDD,Metal1,1046.0665,367.0040,4.849894
TAP_TAPCELL_ROW_68_2610,VDD,Metal1,1006.8665,367.0040,4.850422
TAP_TAPCELL_ROW_68_2609,VDD,Metal1,967.6665,367.0040,4.850509
TAP_TAPCELL_ROW_68_2608,VDD,Metal1,928.4665,367.0040,4.850645
TAP_TAPCELL_ROW_68_2607,VDD,Metal1,889.2665,367.0040,4.850676
TAP_TAPCELL_ROW_68_2606,VDD,Metal1,850.0665,367.0040,4.850822
TAP_TAPCELL_ROW_68_2605,VDD,Metal1,810.8665,367.0040,4.850918
TAP_TAPCELL_ROW_68_2604,VDD,Metal1,771.6665,367.0040,4.850931
TAP_TAPCELL_ROW_68_2603,VDD,Metal1,732.4665,367.0040,4.850891
TAP_TAPCELL_ROW_68_2602,VDD,Metal1,693.2665,367.0040,4.850882
TAP_TAPCELL_ROW_68_2601,VDD,Metal1,654.0665,367.0040,4.850886
TAP_TAPCELL_ROW_68_2600,VDD,Metal1,614.8665,367.0040,4.850887
TAP_TAPCELL_ROW_68_2599,VDD,Metal1,575.6665,367.0040,4.850821
TAP_TAPCELL_ROW_68_2598,VDD,Metal1,536.4665,367.0040,4.850705
TAP_TAPCELL_ROW_68_2597,VDD,Metal1,497.2665,367.0040,4.850656
TAP_TAPCELL_ROW_68_2596,VDD,Metal1,458.0665,367.0040,4.850636
TAP_TAPCELL_ROW_68_2595,VDD,Metal1,418.8665,367.0040,4.850488
TAP_TAPCELL_ROW_68_2594,VDD,Metal1,379.6665,367.0040,4.850433
TAP_TAPCELL_ROW_68_2593,VDD,Metal1,340.4665,367.0040,4.850402
TAP_TAPCELL_ROW_68_2592,VDD,Metal1,301.2665,367.0040,4.850344
TAP_TAPCELL_ROW_68_2591,VDD,Metal1,262.0665,367.0040,4.850176
TAP_TAPCELL_ROW_68_2590,VDD,Metal1,222.8665,367.0040,4.850036
TAP_TAPCELL_ROW_68_2589,VDD,Metal1,183.6665,367.0040,4.849975
TAP_TAPCELL_ROW_68_2588,VDD,Metal1,144.4665,367.0040,4.849938
TAP_TAPCELL_ROW_68_2587,VDD,Metal1,105.2665,367.0040,4.849878
TAP_TAPCELL_ROW_68_2586,VDD,Metal1,66.0665,367.0040,4.849880
TAP_TAPCELL_ROW_68_2585,VDD,Metal1,26.8665,367.0040,4.849966
TAP_TAPCELL_ROW_67_2584,VDD,Metal1,1065.6665,358.7555,4.848887
TAP_TAPCELL_ROW_67_2583,VDD,Metal1,1026.4665,358.7555,4.848974
TAP_TAPCELL_ROW_67_2582,VDD,Metal1,987.2665,358.7555,4.849043
TAP_TAPCELL_ROW_67_2581,VDD,Metal1,948.0665,358.7555,4.849174
TAP_TAPCELL_ROW_67_2580,VDD,Metal1,908.8665,358.7555,4.849193
TAP_TAPCELL_ROW_67_2579,VDD,Metal1,869.6665,358.7555,4.849265
TAP_TAPCELL_ROW_67_2578,VDD,Metal1,830.4665,358.7555,4.849305
TAP_TAPCELL_ROW_67_2577,VDD,Metal1,791.2665,358.7555,4.849434
TAP_TAPCELL_ROW_67_2576,VDD,Metal1,752.0665,358.7555,4.849377
TAP_TAPCELL_ROW_67_2575,VDD,Metal1,712.8665,358.7555,4.849355
TAP_TAPCELL_ROW_67_2574,VDD,Metal1,673.6665,358.7555,4.849375
TAP_TAPCELL_ROW_67_2573,VDD,Metal1,634.4665,358.7555,4.849563
TAP_TAPCELL_ROW_67_2572,VDD,Metal1,595.2665,358.7555,4.849489
TAP_TAPCELL_ROW_67_2571,VDD,Metal1,556.0665,358.7555,4.849466
TAP_TAPCELL_ROW_67_2570,VDD,Metal1,516.8665,358.7555,4.849393
TAP_TAPCELL_ROW_67_2569,VDD,Metal1,477.6665,358.7555,4.849287
TAP_TAPCELL_ROW_67_2568,VDD,Metal1,438.4665,358.7555,4.849014
TAP_TAPCELL_ROW_67_2567,VDD,Metal1,399.2665,358.7555,4.848812
TAP_TAPCELL_ROW_67_2566,VDD,Metal1,360.0665,358.7555,4.848783
TAP_TAPCELL_ROW_67_2565,VDD,Metal1,320.8665,358.7555,4.848783
TAP_TAPCELL_ROW_67_2564,VDD,Metal1,281.6665,358.7555,4.848759
TAP_TAPCELL_ROW_67_2563,VDD,Metal1,242.4665,358.7555,4.848746
TAP_TAPCELL_ROW_67_2562,VDD,Metal1,203.2665,358.7555,4.848747
TAP_TAPCELL_ROW_67_2561,VDD,Metal1,164.0665,358.7555,4.848731
TAP_TAPCELL_ROW_67_2560,VDD,Metal1,124.8665,358.7555,4.848724
TAP_TAPCELL_ROW_67_2559,VDD,Metal1,85.6665,358.7555,4.848720
TAP_TAPCELL_ROW_67_2558,VDD,Metal1,46.4665,358.7555,4.848741
TAP_TAPCELL_ROW_66_2557,VDD,Metal1,1046.0665,356.9240,4.848909
TAP_TAPCELL_ROW_66_2556,VDD,Metal1,1006.8665,356.9240,4.848986
TAP_TAPCELL_ROW_66_2555,VDD,Metal1,967.6665,356.9240,4.849045
TAP_TAPCELL_ROW_66_2554,VDD,Metal1,928.4665,356.9240,4.849191
TAP_TAPCELL_ROW_66_2553,VDD,Metal1,889.2665,356.9240,4.849214
TAP_TAPCELL_ROW_66_2552,VDD,Metal1,850.0665,356.9240,4.849278
TAP_TAPCELL_ROW_66_2551,VDD,Metal1,810.8665,356.9240,4.849403
TAP_TAPCELL_ROW_66_2550,VDD,Metal1,771.6665,356.9240,4.849397
TAP_TAPCELL_ROW_66_2549,VDD,Metal1,732.4665,356.9240,4.849368
TAP_TAPCELL_ROW_66_2548,VDD,Metal1,693.2665,356.9240,4.849366
TAP_TAPCELL_ROW_66_2547,VDD,Metal1,654.0665,356.9240,4.849544
TAP_TAPCELL_ROW_66_2546,VDD,Metal1,614.8665,356.9240,4.849535
TAP_TAPCELL_ROW_66_2545,VDD,Metal1,575.6665,356.9240,4.849470
TAP_TAPCELL_ROW_66_2544,VDD,Metal1,536.4665,356.9240,4.849460
TAP_TAPCELL_ROW_66_2543,VDD,Metal1,497.2665,356.9240,4.849377
TAP_TAPCELL_ROW_66_2542,VDD,Metal1,458.0665,356.9240,4.849162
TAP_TAPCELL_ROW_66_2541,VDD,Metal1,418.8665,356.9240,4.848878
TAP_TAPCELL_ROW_66_2540,VDD,Metal1,379.6665,356.9240,4.848783
TAP_TAPCELL_ROW_66_2539,VDD,Metal1,340.4665,356.9240,4.848785
TAP_TAPCELL_ROW_66_2538,VDD,Metal1,301.2665,356.9240,4.848772
TAP_TAPCELL_ROW_66_2537,VDD,Metal1,262.0665,356.9240,4.848746
TAP_TAPCELL_ROW_66_2536,VDD,Metal1,222.8665,356.9240,4.848746
TAP_TAPCELL_ROW_66_2535,VDD,Metal1,183.6665,356.9240,4.848750
TAP_TAPCELL_ROW_66_2534,VDD,Metal1,144.4665,356.9240,4.848730
TAP_TAPCELL_ROW_66_2533,VDD,Metal1,105.2665,356.9240,4.848723
TAP_TAPCELL_ROW_66_2532,VDD,Metal1,66.0665,356.9240,4.848728
TAP_TAPCELL_ROW_66_2531,VDD,Metal1,26.8665,356.9240,4.848775
TAP_TAPCELL_ROW_65_2530,VDD,Metal1,1065.6665,348.6755,4.848119
TAP_TAPCELL_ROW_65_2529,VDD,Metal1,1026.4665,348.6755,4.848121
TAP_TAPCELL_ROW_65_2528,VDD,Metal1,987.2665,348.6755,4.848137
TAP_TAPCELL_ROW_65_2527,VDD,Metal1,948.0665,348.6755,4.848183
TAP_TAPCELL_ROW_65_2526,VDD,Metal1,908.8665,348.6755,4.848183
TAP_TAPCELL_ROW_65_2525,VDD,Metal1,869.6665,348.6755,4.848189
TAP_TAPCELL_ROW_65_2524,VDD,Metal1,830.4665,348.6755,4.848237
TAP_TAPCELL_ROW_65_2523,VDD,Metal1,791.2665,348.6755,4.848286
TAP_TAPCELL_ROW_65_2522,VDD,Metal1,752.0665,348.6755,4.848265
TAP_TAPCELL_ROW_65_2521,VDD,Metal1,712.8665,348.6755,4.848237
TAP_TAPCELL_ROW_65_2520,VDD,Metal1,673.6665,348.6755,4.848227
TAP_TAPCELL_ROW_65_2519,VDD,Metal1,634.4665,348.6755,4.848259
TAP_TAPCELL_ROW_65_2518,VDD,Metal1,595.2665,348.6755,4.848173
TAP_TAPCELL_ROW_65_2517,VDD,Metal1,556.0665,348.6755,4.847994
TAP_TAPCELL_ROW_65_2516,VDD,Metal1,516.8665,348.6755,4.847994
TAP_TAPCELL_ROW_65_2515,VDD,Metal1,477.6665,348.6755,4.848000
TAP_TAPCELL_ROW_65_2514,VDD,Metal1,438.4665,348.6755,4.847826
TAP_TAPCELL_ROW_65_2513,VDD,Metal1,399.2665,348.6755,4.847740
TAP_TAPCELL_ROW_65_2512,VDD,Metal1,360.0665,348.6755,4.847663
TAP_TAPCELL_ROW_65_2511,VDD,Metal1,320.8665,348.6755,4.847637
TAP_TAPCELL_ROW_65_2510,VDD,Metal1,281.6665,348.6755,4.847558
TAP_TAPCELL_ROW_65_2509,VDD,Metal1,242.4665,348.6755,4.847555
TAP_TAPCELL_ROW_65_2508,VDD,Metal1,203.2665,348.6755,4.847540
TAP_TAPCELL_ROW_65_2507,VDD,Metal1,164.0665,348.6755,4.847544
TAP_TAPCELL_ROW_65_2506,VDD,Metal1,124.8665,348.6755,4.847518
TAP_TAPCELL_ROW_65_2505,VDD,Metal1,85.6665,348.6755,4.847513
TAP_TAPCELL_ROW_65_2504,VDD,Metal1,46.4665,348.6755,4.847554
TAP_TAPCELL_ROW_64_2503,VDD,Metal1,1046.0665,346.8440,4.848119
TAP_TAPCELL_ROW_64_2502,VDD,Metal1,1006.8665,346.8440,4.848130
TAP_TAPCELL_ROW_64_2501,VDD,Metal1,967.6665,346.8440,4.848159
TAP_TAPCELL_ROW_64_2500,VDD,Metal1,928.4665,346.8440,4.848185
TAP_TAPCELL_ROW_64_2499,VDD,Metal1,889.2665,346.8440,4.848184
TAP_TAPCELL_ROW_64_2498,VDD,Metal1,850.0665,346.8440,4.848211
TAP_TAPCELL_ROW_64_2497,VDD,Metal1,810.8665,346.8440,4.848256
TAP_TAPCELL_ROW_64_2496,VDD,Metal1,771.6665,346.8440,4.848281
TAP_TAPCELL_ROW_64_2495,VDD,Metal1,732.4665,346.8440,4.848252
TAP_TAPCELL_ROW_64_2494,VDD,Metal1,693.2665,346.8440,4.848228
TAP_TAPCELL_ROW_64_2493,VDD,Metal1,654.0665,346.8440,4.848230
TAP_TAPCELL_ROW_64_2492,VDD,Metal1,614.8665,346.8440,4.848221
TAP_TAPCELL_ROW_64_2491,VDD,Metal1,575.6665,346.8440,4.848056
TAP_TAPCELL_ROW_64_2490,VDD,Metal1,536.4665,346.8440,4.847994
TAP_TAPCELL_ROW_64_2489,VDD,Metal1,497.2665,346.8440,4.847995
TAP_TAPCELL_ROW_64_2488,VDD,Metal1,458.0665,346.8440,4.847904
TAP_TAPCELL_ROW_64_2487,VDD,Metal1,418.8665,346.8440,4.847747
TAP_TAPCELL_ROW_64_2486,VDD,Metal1,379.6665,346.8440,4.847667
TAP_TAPCELL_ROW_64_2485,VDD,Metal1,340.4665,346.8440,4.847660
TAP_TAPCELL_ROW_64_2484,VDD,Metal1,301.2665,346.8440,4.847595
TAP_TAPCELL_ROW_64_2483,VDD,Metal1,262.0665,346.8440,4.847556
TAP_TAPCELL_ROW_64_2482,VDD,Metal1,222.8665,346.8440,4.847552
TAP_TAPCELL_ROW_64_2481,VDD,Metal1,183.6665,346.8440,4.847543
TAP_TAPCELL_ROW_64_2480,VDD,Metal1,144.4665,346.8440,4.847523
TAP_TAPCELL_ROW_64_2479,VDD,Metal1,105.2665,346.8440,4.847510
TAP_TAPCELL_ROW_64_2478,VDD,Metal1,66.0665,346.8440,4.847529
TAP_TAPCELL_ROW_64_2477,VDD,Metal1,26.8665,346.8440,4.847577
TAP_TAPCELL_ROW_63_2476,VDD,Metal1,1065.6665,338.5955,4.846190
TAP_TAPCELL_ROW_63_2475,VDD,Metal1,1026.4665,338.5955,4.846215
TAP_TAPCELL_ROW_63_2474,VDD,Metal1,987.2665,338.5955,4.846360
TAP_TAPCELL_ROW_63_2473,VDD,Metal1,948.0665,338.5955,4.846620
TAP_TAPCELL_ROW_63_2472,VDD,Metal1,908.8665,338.5955,4.846688
TAP_TAPCELL_ROW_63_2471,VDD,Metal1,869.6665,338.5955,4.846722
TAP_TAPCELL_ROW_63_2470,VDD,Metal1,830.4665,338.5955,4.846777
TAP_TAPCELL_ROW_63_2469,VDD,Metal1,791.2665,338.5955,4.846827
TAP_TAPCELL_ROW_63_2468,VDD,Metal1,752.0665,338.5955,4.846807
TAP_TAPCELL_ROW_63_2467,VDD,Metal1,712.8665,338.5955,4.846713
TAP_TAPCELL_ROW_63_2466,VDD,Metal1,673.6665,338.5955,4.846686
TAP_TAPCELL_ROW_63_2465,VDD,Metal1,634.4665,338.5955,4.846757
TAP_TAPCELL_ROW_63_2464,VDD,Metal1,595.2665,338.5955,4.846651
TAP_TAPCELL_ROW_63_2463,VDD,Metal1,556.0665,338.5955,4.846466
TAP_TAPCELL_ROW_63_2462,VDD,Metal1,516.8665,338.5955,4.846459
TAP_TAPCELL_ROW_63_2461,VDD,Metal1,477.6665,338.5955,4.846523
TAP_TAPCELL_ROW_63_2460,VDD,Metal1,438.4665,338.5955,4.846472
TAP_TAPCELL_ROW_63_2459,VDD,Metal1,399.2665,338.5955,4.846452
TAP_TAPCELL_ROW_63_2458,VDD,Metal1,360.0665,338.5955,4.846446
TAP_TAPCELL_ROW_63_2457,VDD,Metal1,320.8665,338.5955,4.846414
TAP_TAPCELL_ROW_63_2456,VDD,Metal1,281.6665,338.5955,4.846273
TAP_TAPCELL_ROW_63_2455,VDD,Metal1,242.4665,338.5955,4.846193
TAP_TAPCELL_ROW_63_2454,VDD,Metal1,203.2665,338.5955,4.846089
TAP_TAPCELL_ROW_63_2453,VDD,Metal1,164.0665,338.5955,4.846077
TAP_TAPCELL_ROW_63_2452,VDD,Metal1,124.8665,338.5955,4.846036
TAP_TAPCELL_ROW_63_2451,VDD,Metal1,85.6665,338.5955,4.846032
TAP_TAPCELL_ROW_63_2450,VDD,Metal1,46.4665,338.5955,4.846205
TAP_TAPCELL_ROW_62_2449,VDD,Metal1,1046.0665,336.7640,4.846200
TAP_TAPCELL_ROW_62_2448,VDD,Metal1,1006.8665,336.7640,4.846346
TAP_TAPCELL_ROW_62_2447,VDD,Metal1,967.6665,336.7640,4.846395
TAP_TAPCELL_ROW_62_2446,VDD,Metal1,928.4665,336.7640,4.846664
TAP_TAPCELL_ROW_62_2445,VDD,Metal1,889.2665,336.7640,4.846699
TAP_TAPCELL_ROW_62_2444,VDD,Metal1,850.0665,336.7640,4.846753
TAP_TAPCELL_ROW_62_2443,VDD,Metal1,810.8665,336.7640,4.846790
TAP_TAPCELL_ROW_62_2442,VDD,Metal1,771.6665,336.7640,4.846826
TAP_TAPCELL_ROW_62_2441,VDD,Metal1,732.4665,336.7640,4.846778
TAP_TAPCELL_ROW_62_2440,VDD,Metal1,693.2665,336.7640,4.846709
TAP_TAPCELL_ROW_62_2439,VDD,Metal1,654.0665,336.7640,4.846678
TAP_TAPCELL_ROW_62_2438,VDD,Metal1,614.8665,336.7640,4.846694
TAP_TAPCELL_ROW_62_2437,VDD,Metal1,575.6665,336.7640,4.846546
TAP_TAPCELL_ROW_62_2436,VDD,Metal1,536.4665,336.7640,4.846453
TAP_TAPCELL_ROW_62_2435,VDD,Metal1,497.2665,336.7640,4.846460
TAP_TAPCELL_ROW_62_2434,VDD,Metal1,458.0665,336.7640,4.846506
TAP_TAPCELL_ROW_62_2433,VDD,Metal1,418.8665,336.7640,4.846464
TAP_TAPCELL_ROW_62_2432,VDD,Metal1,379.6665,336.7640,4.846447
TAP_TAPCELL_ROW_62_2431,VDD,Metal1,340.4665,336.7640,4.846445
TAP_TAPCELL_ROW_62_2430,VDD,Metal1,301.2665,336.7640,4.846303
TAP_TAPCELL_ROW_62_2429,VDD,Metal1,262.0665,336.7640,4.846238
TAP_TAPCELL_ROW_62_2428,VDD,Metal1,222.8665,336.7640,4.846126
TAP_TAPCELL_ROW_62_2427,VDD,Metal1,183.6665,336.7640,4.846083
TAP_TAPCELL_ROW_62_2426,VDD,Metal1,144.4665,336.7640,4.846037
TAP_TAPCELL_ROW_62_2425,VDD,Metal1,105.2665,336.7640,4.846033
TAP_TAPCELL_ROW_62_2424,VDD,Metal1,66.0665,336.7640,4.846064
TAP_TAPCELL_ROW_62_2423,VDD,Metal1,26.8665,336.7640,4.846256
TAP_TAPCELL_ROW_61_2422,VDD,Metal1,1065.6665,328.5155,4.845271
TAP_TAPCELL_ROW_61_2421,VDD,Metal1,1026.4665,328.5155,4.845306
TAP_TAPCELL_ROW_61_2420,VDD,Metal1,987.2665,328.5155,4.845484
TAP_TAPCELL_ROW_61_2419,VDD,Metal1,948.0665,328.5155,4.845585
TAP_TAPCELL_ROW_61_2418,VDD,Metal1,908.8665,328.5155,4.845589
TAP_TAPCELL_ROW_61_2417,VDD,Metal1,869.6665,328.5155,4.845656
TAP_TAPCELL_ROW_61_2416,VDD,Metal1,830.4665,328.5155,4.845697
TAP_TAPCELL_ROW_61_2415,VDD,Metal1,791.2665,328.5155,4.845740
TAP_TAPCELL_ROW_61_2414,VDD,Metal1,752.0665,328.5155,4.845710
TAP_TAPCELL_ROW_61_2413,VDD,Metal1,712.8665,328.5155,4.845642
TAP_TAPCELL_ROW_61_2412,VDD,Metal1,673.6665,328.5155,4.845642
TAP_TAPCELL_ROW_61_2411,VDD,Metal1,634.4665,328.5155,4.845683
TAP_TAPCELL_ROW_61_2410,VDD,Metal1,595.2665,328.5155,4.845603
TAP_TAPCELL_ROW_61_2409,VDD,Metal1,556.0665,328.5155,4.845549
TAP_TAPCELL_ROW_61_2408,VDD,Metal1,516.8665,328.5155,4.845508
TAP_TAPCELL_ROW_61_2407,VDD,Metal1,477.6665,328.5155,4.845495
TAP_TAPCELL_ROW_61_2406,VDD,Metal1,438.4665,328.5155,4.845432
TAP_TAPCELL_ROW_61_2405,VDD,Metal1,399.2665,328.5155,4.845369
TAP_TAPCELL_ROW_61_2404,VDD,Metal1,360.0665,328.5155,4.845321
TAP_TAPCELL_ROW_61_2403,VDD,Metal1,320.8665,328.5155,4.845292
TAP_TAPCELL_ROW_61_2402,VDD,Metal1,281.6665,328.5155,4.845158
TAP_TAPCELL_ROW_61_2401,VDD,Metal1,242.4665,328.5155,4.845038
TAP_TAPCELL_ROW_61_2400,VDD,Metal1,203.2665,328.5155,4.844974
TAP_TAPCELL_ROW_61_2399,VDD,Metal1,164.0665,328.5155,4.844960
TAP_TAPCELL_ROW_61_2398,VDD,Metal1,124.8665,328.5155,4.844896
TAP_TAPCELL_ROW_61_2397,VDD,Metal1,85.6665,328.5155,4.844878
TAP_TAPCELL_ROW_61_2396,VDD,Metal1,46.4665,328.5155,4.844899
TAP_TAPCELL_ROW_60_2395,VDD,Metal1,1046.0665,326.6840,4.845295
TAP_TAPCELL_ROW_60_2394,VDD,Metal1,1006.8665,326.6840,4.845367
TAP_TAPCELL_ROW_60_2393,VDD,Metal1,967.6665,326.6840,4.845530
TAP_TAPCELL_ROW_60_2392,VDD,Metal1,928.4665,326.6840,4.845600
TAP_TAPCELL_ROW_60_2391,VDD,Metal1,889.2665,326.6840,4.845596
TAP_TAPCELL_ROW_60_2390,VDD,Metal1,850.0665,326.6840,4.845684
TAP_TAPCELL_ROW_60_2389,VDD,Metal1,810.8665,326.6840,4.845712
TAP_TAPCELL_ROW_60_2388,VDD,Metal1,771.6665,326.6840,4.845720
TAP_TAPCELL_ROW_60_2387,VDD,Metal1,732.4665,326.6840,4.845705
TAP_TAPCELL_ROW_60_2386,VDD,Metal1,693.2665,326.6840,4.845641
TAP_TAPCELL_ROW_60_2385,VDD,Metal1,654.0665,326.6840,4.845658
TAP_TAPCELL_ROW_60_2384,VDD,Metal1,614.8665,326.6840,4.845608
TAP_TAPCELL_ROW_60_2383,VDD,Metal1,575.6665,326.6840,4.845589
TAP_TAPCELL_ROW_60_2382,VDD,Metal1,536.4665,326.6840,4.845534
TAP_TAPCELL_ROW_60_2381,VDD,Metal1,497.2665,326.6840,4.845499
TAP_TAPCELL_ROW_60_2380,VDD,Metal1,458.0665,326.6840,4.845460
TAP_TAPCELL_ROW_60_2379,VDD,Metal1,418.8665,326.6840,4.845397
TAP_TAPCELL_ROW_60_2378,VDD,Metal1,379.6665,326.6840,4.845367
TAP_TAPCELL_ROW_60_2377,VDD,Metal1,340.4665,326.6840,4.845308
TAP_TAPCELL_ROW_60_2376,VDD,Metal1,301.2665,326.6840,4.845187
TAP_TAPCELL_ROW_60_2375,VDD,Metal1,262.0665,326.6840,4.845087
TAP_TAPCELL_ROW_60_2374,VDD,Metal1,222.8665,326.6840,4.845015
TAP_TAPCELL_ROW_60_2373,VDD,Metal1,183.6665,326.6840,4.844963
TAP_TAPCELL_ROW_60_2372,VDD,Metal1,144.4665,326.6840,4.844906
TAP_TAPCELL_ROW_60_2371,VDD,Metal1,105.2665,326.6840,4.844892
TAP_TAPCELL_ROW_60_2370,VDD,Metal1,66.0665,326.6840,4.844869
TAP_TAPCELL_ROW_60_2369,VDD,Metal1,26.8665,326.6840,4.845010
TAP_TAPCELL_ROW_59_2368,VDD,Metal1,1065.6665,318.4355,4.844145
TAP_TAPCELL_ROW_59_2367,VDD,Metal1,1026.4665,318.4355,4.844175
TAP_TAPCELL_ROW_59_2366,VDD,Metal1,987.2665,318.4355,4.844238
TAP_TAPCELL_ROW_59_2365,VDD,Metal1,948.0665,318.4355,4.844295
TAP_TAPCELL_ROW_59_2364,VDD,Metal1,908.8665,318.4355,4.844284
TAP_TAPCELL_ROW_59_2363,VDD,Metal1,869.6665,318.4355,4.844287
TAP_TAPCELL_ROW_59_2362,VDD,Metal1,830.4665,318.4355,4.844310
TAP_TAPCELL_ROW_59_2361,VDD,Metal1,791.2665,318.4355,4.844406
TAP_TAPCELL_ROW_59_2360,VDD,Metal1,752.0665,318.4355,4.844242
TAP_TAPCELL_ROW_59_2359,VDD,Metal1,712.8665,318.4355,4.844225
TAP_TAPCELL_ROW_59_2358,VDD,Metal1,673.6665,318.4355,4.844312
TAP_TAPCELL_ROW_59_2357,VDD,Metal1,634.4665,318.4355,4.844360
TAP_TAPCELL_ROW_59_2356,VDD,Metal1,595.2665,318.4355,4.844349
TAP_TAPCELL_ROW_59_2355,VDD,Metal1,556.0665,318.4355,4.844285
TAP_TAPCELL_ROW_59_2354,VDD,Metal1,516.8665,318.4355,4.844303
TAP_TAPCELL_ROW_59_2353,VDD,Metal1,477.6665,318.4355,4.844263
TAP_TAPCELL_ROW_59_2352,VDD,Metal1,438.4665,318.4355,4.844031
TAP_TAPCELL_ROW_59_2351,VDD,Metal1,399.2665,318.4355,4.843906
TAP_TAPCELL_ROW_59_2350,VDD,Metal1,360.0665,318.4355,4.843864
TAP_TAPCELL_ROW_59_2349,VDD,Metal1,320.8665,318.4355,4.843810
TAP_TAPCELL_ROW_59_2348,VDD,Metal1,281.6665,318.4355,4.843522
TAP_TAPCELL_ROW_59_2347,VDD,Metal1,242.4665,318.4355,4.843531
TAP_TAPCELL_ROW_59_2346,VDD,Metal1,203.2665,318.4355,4.843619
TAP_TAPCELL_ROW_59_2345,VDD,Metal1,164.0665,318.4355,4.843668
TAP_TAPCELL_ROW_59_2344,VDD,Metal1,124.8665,318.4355,4.843657
TAP_TAPCELL_ROW_59_2343,VDD,Metal1,85.6665,318.4355,4.843699
TAP_TAPCELL_ROW_59_2342,VDD,Metal1,46.4665,318.4355,4.843775
TAP_TAPCELL_ROW_58_2341,VDD,Metal1,1046.0665,316.6040,4.844145
TAP_TAPCELL_ROW_58_2340,VDD,Metal1,1006.8665,316.6040,4.844229
TAP_TAPCELL_ROW_58_2339,VDD,Metal1,967.6665,316.6040,4.844258
TAP_TAPCELL_ROW_58_2338,VDD,Metal1,928.4665,316.6040,4.844288
TAP_TAPCELL_ROW_58_2337,VDD,Metal1,889.2665,316.6040,4.844284
TAP_TAPCELL_ROW_58_2336,VDD,Metal1,850.0665,316.6040,4.844291
TAP_TAPCELL_ROW_58_2335,VDD,Metal1,810.8665,316.6040,4.844376
TAP_TAPCELL_ROW_58_2334,VDD,Metal1,771.6665,316.6040,4.844295
TAP_TAPCELL_ROW_58_2333,VDD,Metal1,732.4665,316.6040,4.844213
TAP_TAPCELL_ROW_58_2332,VDD,Metal1,693.2665,316.6040,4.844256
TAP_TAPCELL_ROW_58_2331,VDD,Metal1,654.0665,316.6040,4.844346
TAP_TAPCELL_ROW_58_2330,VDD,Metal1,614.8665,316.6040,4.844350
TAP_TAPCELL_ROW_58_2329,VDD,Metal1,575.6665,316.6040,4.844294
TAP_TAPCELL_ROW_58_2328,VDD,Metal1,536.4665,316.6040,4.844287
TAP_TAPCELL_ROW_58_2327,VDD,Metal1,497.2665,316.6040,4.844304
TAP_TAPCELL_ROW_58_2326,VDD,Metal1,458.0665,316.6040,4.844104
TAP_TAPCELL_ROW_58_2325,VDD,Metal1,418.8665,316.6040,4.843979
TAP_TAPCELL_ROW_58_2324,VDD,Metal1,379.6665,316.6040,4.843892
TAP_TAPCELL_ROW_58_2323,VDD,Metal1,340.4665,316.6040,4.843839
TAP_TAPCELL_ROW_58_2322,VDD,Metal1,301.2665,316.6040,4.843552
TAP_TAPCELL_ROW_58_2321,VDD,Metal1,262.0665,316.6040,4.843522
TAP_TAPCELL_ROW_58_2320,VDD,Metal1,222.8665,316.6040,4.843533
TAP_TAPCELL_ROW_58_2319,VDD,Metal1,183.6665,316.6040,4.843642
TAP_TAPCELL_ROW_58_2318,VDD,Metal1,144.4665,316.6040,4.843652
TAP_TAPCELL_ROW_58_2317,VDD,Metal1,105.2665,316.6040,4.843665
TAP_TAPCELL_ROW_58_2316,VDD,Metal1,66.0665,316.6040,4.843743
TAP_TAPCELL_ROW_58_2315,VDD,Metal1,26.8665,316.6040,4.843834
TAP_TAPCELL_ROW_57_2314,VDD,Metal1,1065.6665,308.3555,4.842793
TAP_TAPCELL_ROW_57_2313,VDD,Metal1,1026.4665,308.3555,4.842800
TAP_TAPCELL_ROW_57_2312,VDD,Metal1,987.2665,308.3555,4.842836
TAP_TAPCELL_ROW_57_2311,VDD,Metal1,948.0665,308.3555,4.842894
TAP_TAPCELL_ROW_57_2310,VDD,Metal1,908.8665,308.3555,4.843021
TAP_TAPCELL_ROW_57_2309,VDD,Metal1,869.6665,308.3555,4.843039
TAP_TAPCELL_ROW_57_2308,VDD,Metal1,830.4665,308.3555,4.843118
TAP_TAPCELL_ROW_57_2307,VDD,Metal1,791.2665,308.3555,4.843264
TAP_TAPCELL_ROW_57_2306,VDD,Metal1,752.0665,308.3555,4.843281
TAP_TAPCELL_ROW_57_2305,VDD,Metal1,712.8665,308.3555,4.843277
TAP_TAPCELL_ROW_57_2304,VDD,Metal1,673.6665,308.3555,4.843288
TAP_TAPCELL_ROW_57_2303,VDD,Metal1,634.4665,308.3555,4.843388
TAP_TAPCELL_ROW_57_2302,VDD,Metal1,595.2665,308.3555,4.843359
TAP_TAPCELL_ROW_57_2301,VDD,Metal1,556.0665,308.3555,4.843292
TAP_TAPCELL_ROW_57_2300,VDD,Metal1,516.8665,308.3555,4.843276
TAP_TAPCELL_ROW_57_2299,VDD,Metal1,477.6665,308.3555,4.843244
TAP_TAPCELL_ROW_57_2298,VDD,Metal1,438.4665,308.3555,4.843093
TAP_TAPCELL_ROW_57_2297,VDD,Metal1,399.2665,308.3555,4.843002
TAP_TAPCELL_ROW_57_2296,VDD,Metal1,360.0665,308.3555,4.842794
TAP_TAPCELL_ROW_57_2295,VDD,Metal1,320.8665,308.3555,4.842764
TAP_TAPCELL_ROW_57_2294,VDD,Metal1,281.6665,308.3555,4.842702
TAP_TAPCELL_ROW_57_2293,VDD,Metal1,242.4665,308.3555,4.842613
TAP_TAPCELL_ROW_57_2292,VDD,Metal1,203.2665,308.3555,4.842521
TAP_TAPCELL_ROW_57_2291,VDD,Metal1,164.0665,308.3555,4.842551
TAP_TAPCELL_ROW_57_2290,VDD,Metal1,124.8665,308.3555,4.842526
TAP_TAPCELL_ROW_57_2289,VDD,Metal1,85.6665,308.3555,4.842506
TAP_TAPCELL_ROW_57_2288,VDD,Metal1,46.4665,308.3555,4.842519
TAP_TAPCELL_ROW_56_2287,VDD,Metal1,1046.0665,306.5240,4.842799
TAP_TAPCELL_ROW_56_2286,VDD,Metal1,1006.8665,306.5240,4.842824
TAP_TAPCELL_ROW_56_2285,VDD,Metal1,967.6665,306.5240,4.842851
TAP_TAPCELL_ROW_56_2284,VDD,Metal1,928.4665,306.5240,4.843053
TAP_TAPCELL_ROW_56_2283,VDD,Metal1,889.2665,306.5240,4.843009
TAP_TAPCELL_ROW_56_2282,VDD,Metal1,850.0665,306.5240,4.843049
TAP_TAPCELL_ROW_56_2281,VDD,Metal1,810.8665,306.5240,4.843179
TAP_TAPCELL_ROW_56_2280,VDD,Metal1,771.6665,306.5240,4.843301
TAP_TAPCELL_ROW_56_2279,VDD,Metal1,732.4665,306.5240,4.843279
TAP_TAPCELL_ROW_56_2278,VDD,Metal1,693.2665,306.5240,4.843274
TAP_TAPCELL_ROW_56_2277,VDD,Metal1,654.0665,306.5240,4.843293
TAP_TAPCELL_ROW_56_2276,VDD,Metal1,614.8665,306.5240,4.843366
TAP_TAPCELL_ROW_56_2275,VDD,Metal1,575.6665,306.5240,4.843352
TAP_TAPCELL_ROW_56_2274,VDD,Metal1,536.4665,306.5240,4.843289
TAP_TAPCELL_ROW_56_2273,VDD,Metal1,497.2665,306.5240,4.843267
TAP_TAPCELL_ROW_56_2272,VDD,Metal1,458.0665,306.5240,4.843153
TAP_TAPCELL_ROW_56_2271,VDD,Metal1,418.8665,306.5240,4.843031
TAP_TAPCELL_ROW_56_2270,VDD,Metal1,379.6665,306.5240,4.842984
TAP_TAPCELL_ROW_56_2269,VDD,Metal1,340.4665,306.5240,4.842780
TAP_TAPCELL_ROW_56_2268,VDD,Metal1,301.2665,306.5240,4.842762
TAP_TAPCELL_ROW_56_2267,VDD,Metal1,262.0665,306.5240,4.842701
TAP_TAPCELL_ROW_56_2266,VDD,Metal1,222.8665,306.5240,4.842588
TAP_TAPCELL_ROW_56_2265,VDD,Metal1,183.6665,306.5240,4.842524
TAP_TAPCELL_ROW_56_2264,VDD,Metal1,144.4665,306.5240,4.842543
TAP_TAPCELL_ROW_56_2263,VDD,Metal1,105.2665,306.5240,4.842518
TAP_TAPCELL_ROW_56_2262,VDD,Metal1,66.0665,306.5240,4.842506
TAP_TAPCELL_ROW_56_2261,VDD,Metal1,26.8665,306.5240,4.842540
TAP_TAPCELL_ROW_55_2260,VDD,Metal1,1065.6665,298.2755,4.841283
TAP_TAPCELL_ROW_55_2259,VDD,Metal1,1026.4665,298.2755,4.841480
TAP_TAPCELL_ROW_55_2258,VDD,Metal1,987.2665,298.2755,4.841783
TAP_TAPCELL_ROW_55_2257,VDD,Metal1,948.0665,298.2755,4.841859
TAP_TAPCELL_ROW_55_2256,VDD,Metal1,908.8665,298.2755,4.841959
TAP_TAPCELL_ROW_55_2255,VDD,Metal1,869.6665,298.2755,4.841993
TAP_TAPCELL_ROW_55_2254,VDD,Metal1,830.4665,298.2755,4.842095
TAP_TAPCELL_ROW_55_2253,VDD,Metal1,791.2665,298.2755,4.842161
TAP_TAPCELL_ROW_55_2252,VDD,Metal1,752.0665,298.2755,4.842114
TAP_TAPCELL_ROW_55_2251,VDD,Metal1,712.8665,298.2755,4.842105
TAP_TAPCELL_ROW_55_2250,VDD,Metal1,673.6665,298.2755,4.842140
TAP_TAPCELL_ROW_55_2249,VDD,Metal1,634.4665,298.2755,4.842159
TAP_TAPCELL_ROW_55_2248,VDD,Metal1,595.2665,298.2755,4.842145
TAP_TAPCELL_ROW_55_2247,VDD,Metal1,556.0665,298.2755,4.842143
TAP_TAPCELL_ROW_55_2246,VDD,Metal1,516.8665,298.2755,4.842115
TAP_TAPCELL_ROW_55_2245,VDD,Metal1,477.6665,298.2755,4.842090
TAP_TAPCELL_ROW_55_2244,VDD,Metal1,438.4665,298.2755,4.841878
TAP_TAPCELL_ROW_55_2243,VDD,Metal1,399.2665,298.2755,4.841840
TAP_TAPCELL_ROW_55_2242,VDD,Metal1,360.0665,298.2755,4.841819
TAP_TAPCELL_ROW_55_2241,VDD,Metal1,320.8665,298.2755,4.841685
TAP_TAPCELL_ROW_55_2240,VDD,Metal1,281.6665,298.2755,4.841634
TAP_TAPCELL_ROW_55_2239,VDD,Metal1,242.4665,298.2755,4.841602
TAP_TAPCELL_ROW_55_2238,VDD,Metal1,203.2665,298.2755,4.841573
TAP_TAPCELL_ROW_55_2237,VDD,Metal1,164.0665,298.2755,4.841562
TAP_TAPCELL_ROW_55_2236,VDD,Metal1,124.8665,298.2755,4.841544
TAP_TAPCELL_ROW_55_2235,VDD,Metal1,85.6665,298.2755,4.841573
TAP_TAPCELL_ROW_55_2234,VDD,Metal1,46.4665,298.2755,4.841646
TAP_TAPCELL_ROW_54_2233,VDD,Metal1,1046.0665,296.4440,4.841294
TAP_TAPCELL_ROW_54_2232,VDD,Metal1,1006.8665,296.4440,4.841502
TAP_TAPCELL_ROW_54_2231,VDD,Metal1,967.6665,296.4440,4.841786
TAP_TAPCELL_ROW_54_2230,VDD,Metal1,928.4665,296.4440,4.841913
TAP_TAPCELL_ROW_54_2229,VDD,Metal1,889.2665,296.4440,4.841963
TAP_TAPCELL_ROW_54_2228,VDD,Metal1,850.0665,296.4440,4.842026
TAP_TAPCELL_ROW_54_2227,VDD,Metal1,810.8665,296.4440,4.842157
TAP_TAPCELL_ROW_54_2226,VDD,Metal1,771.6665,296.4440,4.842129
TAP_TAPCELL_ROW_54_2225,VDD,Metal1,732.4665,296.4440,4.842103
TAP_TAPCELL_ROW_54_2224,VDD,Metal1,693.2665,296.4440,4.842106
TAP_TAPCELL_ROW_54_2223,VDD,Metal1,654.0665,296.4440,4.842153
TAP_TAPCELL_ROW_54_2222,VDD,Metal1,614.8665,296.4440,4.842153
TAP_TAPCELL_ROW_54_2221,VDD,Metal1,575.6665,296.4440,4.842143
TAP_TAPCELL_ROW_54_2220,VDD,Metal1,536.4665,296.4440,4.842128
TAP_TAPCELL_ROW_54_2219,VDD,Metal1,497.2665,296.4440,4.842100
TAP_TAPCELL_ROW_54_2218,VDD,Metal1,458.0665,296.4440,4.842059
TAP_TAPCELL_ROW_54_2217,VDD,Metal1,418.8665,296.4440,4.841845
TAP_TAPCELL_ROW_54_2216,VDD,Metal1,379.6665,296.4440,4.841827
TAP_TAPCELL_ROW_54_2215,VDD,Metal1,340.4665,296.4440,4.841742
TAP_TAPCELL_ROW_54_2214,VDD,Metal1,301.2665,296.4440,4.841662
TAP_TAPCELL_ROW_54_2213,VDD,Metal1,262.0665,296.4440,4.841622
TAP_TAPCELL_ROW_54_2212,VDD,Metal1,222.8665,296.4440,4.841590
TAP_TAPCELL_ROW_54_2211,VDD,Metal1,183.6665,296.4440,4.841567
TAP_TAPCELL_ROW_54_2210,VDD,Metal1,144.4665,296.4440,4.841548
TAP_TAPCELL_ROW_54_2209,VDD,Metal1,105.2665,296.4440,4.841544
TAP_TAPCELL_ROW_54_2208,VDD,Metal1,66.0665,296.4440,4.841590
TAP_TAPCELL_ROW_54_2207,VDD,Metal1,26.8665,296.4440,4.841656
TAP_TAPCELL_ROW_53_2206,VDD,Metal1,1065.6665,288.1955,4.840932
TAP_TAPCELL_ROW_53_2205,VDD,Metal1,1026.4665,288.1955,4.840936
TAP_TAPCELL_ROW_53_2204,VDD,Metal1,987.2665,288.1955,4.840940
TAP_TAPCELL_ROW_53_2203,VDD,Metal1,948.0665,288.1955,4.840967
TAP_TAPCELL_ROW_53_2202,VDD,Metal1,908.8665,288.1955,4.840857
TAP_TAPCELL_ROW_53_2201,VDD,Metal1,869.6665,288.1955,4.840871
TAP_TAPCELL_ROW_53_2200,VDD,Metal1,830.4665,288.1955,4.840895
TAP_TAPCELL_ROW_53_2199,VDD,Metal1,791.2665,288.1955,4.840998
TAP_TAPCELL_ROW_53_2198,VDD,Metal1,752.0665,288.1955,4.840988
TAP_TAPCELL_ROW_53_2197,VDD,Metal1,712.8665,288.1955,4.841030
TAP_TAPCELL_ROW_53_2196,VDD,Metal1,673.6665,288.1955,4.841081
TAP_TAPCELL_ROW_53_2195,VDD,Metal1,634.4665,288.1955,4.841128
TAP_TAPCELL_ROW_53_2194,VDD,Metal1,595.2665,288.1955,4.841083
TAP_TAPCELL_ROW_53_2193,VDD,Metal1,556.0665,288.1955,4.841062
TAP_TAPCELL_ROW_53_2192,VDD,Metal1,516.8665,288.1955,4.841055
TAP_TAPCELL_ROW_53_2191,VDD,Metal1,477.6665,288.1955,4.841044
TAP_TAPCELL_ROW_53_2190,VDD,Metal1,438.4665,288.1955,4.840910
TAP_TAPCELL_ROW_53_2189,VDD,Metal1,399.2665,288.1955,4.840862
TAP_TAPCELL_ROW_53_2188,VDD,Metal1,360.0665,288.1955,4.840820
TAP_TAPCELL_ROW_53_2187,VDD,Metal1,320.8665,288.1955,4.840796
TAP_TAPCELL_ROW_53_2186,VDD,Metal1,281.6665,288.1955,4.840739
TAP_TAPCELL_ROW_53_2185,VDD,Metal1,242.4665,288.1955,4.840699
TAP_TAPCELL_ROW_53_2184,VDD,Metal1,203.2665,288.1955,4.840690
TAP_TAPCELL_ROW_53_2183,VDD,Metal1,164.0665,288.1955,4.840618
TAP_TAPCELL_ROW_53_2182,VDD,Metal1,124.8665,288.1955,4.840541
TAP_TAPCELL_ROW_53_2181,VDD,Metal1,85.6665,288.1955,4.840550
TAP_TAPCELL_ROW_53_2180,VDD,Metal1,46.4665,288.1955,4.840559
TAP_TAPCELL_ROW_52_2179,VDD,Metal1,1046.0665,286.3640,4.840933
TAP_TAPCELL_ROW_52_2178,VDD,Metal1,1006.8665,286.3640,4.840937
TAP_TAPCELL_ROW_52_2177,VDD,Metal1,967.6665,286.3640,4.840945
TAP_TAPCELL_ROW_52_2176,VDD,Metal1,928.4665,286.3640,4.840916
TAP_TAPCELL_ROW_52_2175,VDD,Metal1,889.2665,286.3640,4.840853
TAP_TAPCELL_ROW_52_2174,VDD,Metal1,850.0665,286.3640,4.840888
TAP_TAPCELL_ROW_52_2173,VDD,Metal1,810.8665,286.3640,4.840970
TAP_TAPCELL_ROW_52_2172,VDD,Metal1,771.6665,286.3640,4.840986
TAP_TAPCELL_ROW_52_2171,VDD,Metal1,732.4665,286.3640,4.841009
TAP_TAPCELL_ROW_52_2170,VDD,Metal1,693.2665,286.3640,4.841051
TAP_TAPCELL_ROW_52_2169,VDD,Metal1,654.0665,286.3640,4.841084
TAP_TAPCELL_ROW_52_2168,VDD,Metal1,614.8665,286.3640,4.841111
TAP_TAPCELL_ROW_52_2167,VDD,Metal1,575.6665,286.3640,4.841083
TAP_TAPCELL_ROW_52_2166,VDD,Metal1,536.4665,286.3640,4.841061
TAP_TAPCELL_ROW_52_2165,VDD,Metal1,497.2665,286.3640,4.841052
TAP_TAPCELL_ROW_52_2164,VDD,Metal1,458.0665,286.3640,4.840987
TAP_TAPCELL_ROW_52_2163,VDD,Metal1,418.8665,286.3640,4.840862
TAP_TAPCELL_ROW_52_2162,VDD,Metal1,379.6665,286.3640,4.840834
TAP_TAPCELL_ROW_52_2161,VDD,Metal1,340.4665,286.3640,4.840816
TAP_TAPCELL_ROW_52_2160,VDD,Metal1,301.2665,286.3640,4.840774
TAP_TAPCELL_ROW_52_2159,VDD,Metal1,262.0665,286.3640,4.840715
TAP_TAPCELL_ROW_52_2158,VDD,Metal1,222.8665,286.3640,4.840691
TAP_TAPCELL_ROW_52_2157,VDD,Metal1,183.6665,286.3640,4.840690
TAP_TAPCELL_ROW_52_2156,VDD,Metal1,144.4665,286.3640,4.840576
TAP_TAPCELL_ROW_52_2155,VDD,Metal1,105.2665,286.3640,4.840538
TAP_TAPCELL_ROW_52_2154,VDD,Metal1,66.0665,286.3640,4.840553
TAP_TAPCELL_ROW_52_2153,VDD,Metal1,26.8665,286.3640,4.840611
TAP_TAPCELL_ROW_51_2152,VDD,Metal1,1065.6665,278.1155,4.839592
TAP_TAPCELL_ROW_51_2151,VDD,Metal1,1026.4665,278.1155,4.839619
TAP_TAPCELL_ROW_51_2150,VDD,Metal1,987.2665,278.1155,4.839700
TAP_TAPCELL_ROW_51_2149,VDD,Metal1,948.0665,278.1155,4.839782
TAP_TAPCELL_ROW_51_2148,VDD,Metal1,908.8665,278.1155,4.839813
TAP_TAPCELL_ROW_51_2147,VDD,Metal1,869.6665,278.1155,4.839842
TAP_TAPCELL_ROW_51_2146,VDD,Metal1,830.4665,278.1155,4.839918
TAP_TAPCELL_ROW_51_2145,VDD,Metal1,791.2665,278.1155,4.840019
TAP_TAPCELL_ROW_51_2144,VDD,Metal1,752.0665,278.1155,4.840000
TAP_TAPCELL_ROW_51_2143,VDD,Metal1,712.8665,278.1155,4.839991
TAP_TAPCELL_ROW_51_2142,VDD,Metal1,673.6665,278.1155,4.840072
TAP_TAPCELL_ROW_51_2141,VDD,Metal1,634.4665,278.1155,4.840131
TAP_TAPCELL_ROW_51_2140,VDD,Metal1,595.2665,278.1155,4.839884
TAP_TAPCELL_ROW_51_2139,VDD,Metal1,556.0665,278.1155,4.839857
TAP_TAPCELL_ROW_51_2138,VDD,Metal1,516.8665,278.1155,4.839855
TAP_TAPCELL_ROW_51_2137,VDD,Metal1,477.6665,278.1155,4.839854
TAP_TAPCELL_ROW_51_2136,VDD,Metal1,438.4665,278.1155,4.839634
TAP_TAPCELL_ROW_51_2135,VDD,Metal1,399.2665,278.1155,4.839578
TAP_TAPCELL_ROW_51_2134,VDD,Metal1,360.0665,278.1155,4.839558
TAP_TAPCELL_ROW_51_2133,VDD,Metal1,320.8665,278.1155,4.839564
TAP_TAPCELL_ROW_51_2132,VDD,Metal1,281.6665,278.1155,4.839549
TAP_TAPCELL_ROW_51_2131,VDD,Metal1,242.4665,278.1155,4.839537
TAP_TAPCELL_ROW_51_2130,VDD,Metal1,203.2665,278.1155,4.839540
TAP_TAPCELL_ROW_51_2129,VDD,Metal1,164.0665,278.1155,4.839549
TAP_TAPCELL_ROW_51_2128,VDD,Metal1,124.8665,278.1155,4.839538
TAP_TAPCELL_ROW_51_2127,VDD,Metal1,85.6665,278.1155,4.839543
TAP_TAPCELL_ROW_51_2126,VDD,Metal1,46.4665,278.1155,4.839563
TAP_TAPCELL_ROW_50_2125,VDD,Metal1,1046.0665,276.2840,4.839614
TAP_TAPCELL_ROW_50_2124,VDD,Metal1,1006.8665,276.2840,4.839695
TAP_TAPCELL_ROW_50_2123,VDD,Metal1,967.6665,276.2840,4.839756
TAP_TAPCELL_ROW_50_2122,VDD,Metal1,928.4665,276.2840,4.839787
TAP_TAPCELL_ROW_50_2121,VDD,Metal1,889.2665,276.2840,4.839820
TAP_TAPCELL_ROW_50_2120,VDD,Metal1,850.0665,276.2840,4.839858
TAP_TAPCELL_ROW_50_2119,VDD,Metal1,810.8665,276.2840,4.839974
TAP_TAPCELL_ROW_50_2118,VDD,Metal1,771.6665,276.2840,4.840006
TAP_TAPCELL_ROW_50_2117,VDD,Metal1,732.4665,276.2840,4.839993
TAP_TAPCELL_ROW_50_2116,VDD,Metal1,693.2665,276.2840,4.840053
TAP_TAPCELL_ROW_50_2115,VDD,Metal1,654.0665,276.2840,4.840089
TAP_TAPCELL_ROW_50_2114,VDD,Metal1,614.8665,276.2840,4.840069
TAP_TAPCELL_ROW_50_2113,VDD,Metal1,575.6665,276.2840,4.839858
TAP_TAPCELL_ROW_50_2112,VDD,Metal1,536.4665,276.2840,4.839857
TAP_TAPCELL_ROW_50_2111,VDD,Metal1,497.2665,276.2840,4.839853
TAP_TAPCELL_ROW_50_2110,VDD,Metal1,458.0665,276.2840,4.839764
TAP_TAPCELL_ROW_50_2109,VDD,Metal1,418.8665,276.2840,4.839613
TAP_TAPCELL_ROW_50_2108,VDD,Metal1,379.6665,276.2840,4.839552
TAP_TAPCELL_ROW_50_2107,VDD,Metal1,340.4665,276.2840,4.839566
TAP_TAPCELL_ROW_50_2106,VDD,Metal1,301.2665,276.2840,4.839558
TAP_TAPCELL_ROW_50_2105,VDD,Metal1,262.0665,276.2840,4.839540
TAP_TAPCELL_ROW_50_2104,VDD,Metal1,222.8665,276.2840,4.839537
TAP_TAPCELL_ROW_50_2103,VDD,Metal1,183.6665,276.2840,4.839549
TAP_TAPCELL_ROW_50_2102,VDD,Metal1,144.4665,276.2840,4.839533
TAP_TAPCELL_ROW_50_2101,VDD,Metal1,105.2665,276.2840,4.839541
TAP_TAPCELL_ROW_50_2100,VDD,Metal1,66.0665,276.2840,4.839545
TAP_TAPCELL_ROW_50_2099,VDD,Metal1,26.8665,276.2840,4.839585
TAP_TAPCELL_ROW_49_2098,VDD,Metal1,1065.6665,268.0355,4.838258
TAP_TAPCELL_ROW_49_2097,VDD,Metal1,1026.4665,268.0355,4.838277
TAP_TAPCELL_ROW_49_2096,VDD,Metal1,987.2665,268.0355,4.838375
TAP_TAPCELL_ROW_49_2095,VDD,Metal1,948.0665,268.0355,4.838611
TAP_TAPCELL_ROW_49_2094,VDD,Metal1,908.8665,268.0355,4.838711
TAP_TAPCELL_ROW_49_2093,VDD,Metal1,869.6665,268.0355,4.838836
TAP_TAPCELL_ROW_49_2092,VDD,Metal1,830.4665,268.0355,4.838926
TAP_TAPCELL_ROW_49_2091,VDD,Metal1,791.2665,268.0355,4.839052
TAP_TAPCELL_ROW_49_2090,VDD,Metal1,752.0665,268.0355,4.839008
TAP_TAPCELL_ROW_49_2089,VDD,Metal1,712.8665,268.0355,4.838963
TAP_TAPCELL_ROW_49_2088,VDD,Metal1,673.6665,268.0355,4.838957
TAP_TAPCELL_ROW_49_2087,VDD,Metal1,634.4665,268.0355,4.838942
TAP_TAPCELL_ROW_49_2086,VDD,Metal1,595.2665,268.0355,4.838856
TAP_TAPCELL_ROW_49_2085,VDD,Metal1,556.0665,268.0355,4.838860
TAP_TAPCELL_ROW_49_2084,VDD,Metal1,516.8665,268.0355,4.838903
TAP_TAPCELL_ROW_49_2083,VDD,Metal1,477.6665,268.0355,4.838907
TAP_TAPCELL_ROW_49_2082,VDD,Metal1,438.4665,268.0355,4.838833
TAP_TAPCELL_ROW_49_2081,VDD,Metal1,399.2665,268.0355,4.838814
TAP_TAPCELL_ROW_49_2080,VDD,Metal1,360.0665,268.0355,4.838808
TAP_TAPCELL_ROW_49_2079,VDD,Metal1,320.8665,268.0355,4.838820
TAP_TAPCELL_ROW_49_2078,VDD,Metal1,281.6665,268.0355,4.838729
TAP_TAPCELL_ROW_49_2077,VDD,Metal1,242.4665,268.0355,4.838464
TAP_TAPCELL_ROW_49_2076,VDD,Metal1,203.2665,268.0355,4.838423
TAP_TAPCELL_ROW_49_2075,VDD,Metal1,164.0665,268.0355,4.838400
TAP_TAPCELL_ROW_49_2074,VDD,Metal1,124.8665,268.0355,4.838317
TAP_TAPCELL_ROW_49_2073,VDD,Metal1,85.6665,268.0355,4.838244
TAP_TAPCELL_ROW_49_2072,VDD,Metal1,46.4665,268.0355,4.838315
TAP_TAPCELL_ROW_48_2071,VDD,Metal1,1046.0665,266.2040,4.838271
TAP_TAPCELL_ROW_48_2070,VDD,Metal1,1006.8665,266.2040,4.838291
TAP_TAPCELL_ROW_48_2069,VDD,Metal1,967.6665,266.2040,4.838392
TAP_TAPCELL_ROW_48_2068,VDD,Metal1,928.4665,266.2040,4.838663
TAP_TAPCELL_ROW_48_2067,VDD,Metal1,889.2665,266.2040,4.838779
TAP_TAPCELL_ROW_48_2066,VDD,Metal1,850.0665,266.2040,4.838862
TAP_TAPCELL_ROW_48_2065,VDD,Metal1,810.8665,266.2040,4.838995
TAP_TAPCELL_ROW_48_2064,VDD,Metal1,771.6665,266.2040,4.839048
TAP_TAPCELL_ROW_48_2063,VDD,Metal1,732.4665,266.2040,4.838992
TAP_TAPCELL_ROW_48_2062,VDD,Metal1,693.2665,266.2040,4.838957
TAP_TAPCELL_ROW_48_2061,VDD,Metal1,654.0665,266.2040,4.838956
TAP_TAPCELL_ROW_48_2060,VDD,Metal1,614.8665,266.2040,4.838874
TAP_TAPCELL_ROW_48_2059,VDD,Metal1,575.6665,266.2040,4.838856
TAP_TAPCELL_ROW_48_2058,VDD,Metal1,536.4665,266.2040,4.838885
TAP_TAPCELL_ROW_48_2057,VDD,Metal1,497.2665,266.2040,4.838925
TAP_TAPCELL_ROW_48_2056,VDD,Metal1,458.0665,266.2040,4.838874
TAP_TAPCELL_ROW_48_2055,VDD,Metal1,418.8665,266.2040,4.838824
TAP_TAPCELL_ROW_48_2054,VDD,Metal1,379.6665,266.2040,4.838809
TAP_TAPCELL_ROW_48_2053,VDD,Metal1,340.4665,266.2040,4.838811
TAP_TAPCELL_ROW_48_2052,VDD,Metal1,301.2665,266.2040,4.838768
TAP_TAPCELL_ROW_48_2051,VDD,Metal1,262.0665,266.2040,4.838681
TAP_TAPCELL_ROW_48_2050,VDD,Metal1,222.8665,266.2040,4.838452
TAP_TAPCELL_ROW_48_2049,VDD,Metal1,183.6665,266.2040,4.838418
TAP_TAPCELL_ROW_48_2048,VDD,Metal1,144.4665,266.2040,4.838382
TAP_TAPCELL_ROW_48_2047,VDD,Metal1,105.2665,266.2040,4.838248
TAP_TAPCELL_ROW_48_2046,VDD,Metal1,66.0665,266.2040,4.838249
TAP_TAPCELL_ROW_48_2045,VDD,Metal1,26.8665,266.2040,4.838430
TAP_TAPCELL_ROW_47_2044,VDD,Metal1,1065.6665,257.9555,4.837703
TAP_TAPCELL_ROW_47_2043,VDD,Metal1,1026.4665,257.9555,4.837712
TAP_TAPCELL_ROW_47_2042,VDD,Metal1,987.2665,257.9555,4.837791
TAP_TAPCELL_ROW_47_2041,VDD,Metal1,948.0665,257.9555,4.837888
TAP_TAPCELL_ROW_47_2040,VDD,Metal1,908.8665,257.9555,4.837942
TAP_TAPCELL_ROW_47_2039,VDD,Metal1,869.6665,257.9555,4.837970
TAP_TAPCELL_ROW_47_2038,VDD,Metal1,830.4665,257.9555,4.838033
TAP_TAPCELL_ROW_47_2037,VDD,Metal1,791.2665,257.9555,4.838098
TAP_TAPCELL_ROW_47_2036,VDD,Metal1,752.0665,257.9555,4.838066
TAP_TAPCELL_ROW_47_2035,VDD,Metal1,712.8665,257.9555,4.838054
TAP_TAPCELL_ROW_47_2034,VDD,Metal1,673.6665,257.9555,4.838051
TAP_TAPCELL_ROW_47_2033,VDD,Metal1,634.4665,257.9555,4.838051
TAP_TAPCELL_ROW_47_2032,VDD,Metal1,595.2665,257.9555,4.837978
TAP_TAPCELL_ROW_47_2031,VDD,Metal1,556.0665,257.9555,4.837964
TAP_TAPCELL_ROW_47_2030,VDD,Metal1,516.8665,257.9555,4.837965
TAP_TAPCELL_ROW_47_2029,VDD,Metal1,477.6665,257.9555,4.837972
TAP_TAPCELL_ROW_47_2028,VDD,Metal1,438.4665,257.9555,4.837886
TAP_TAPCELL_ROW_47_2027,VDD,Metal1,399.2665,257.9555,4.837851
TAP_TAPCELL_ROW_47_2026,VDD,Metal1,360.0665,257.9555,4.837827
TAP_TAPCELL_ROW_47_2025,VDD,Metal1,320.8665,257.9555,4.837776
TAP_TAPCELL_ROW_47_2024,VDD,Metal1,281.6665,257.9555,4.837761
TAP_TAPCELL_ROW_47_2023,VDD,Metal1,242.4665,257.9555,4.837750
TAP_TAPCELL_ROW_47_2022,VDD,Metal1,203.2665,257.9555,4.837728
TAP_TAPCELL_ROW_47_2021,VDD,Metal1,164.0665,257.9555,4.837700
TAP_TAPCELL_ROW_47_2020,VDD,Metal1,124.8665,257.9555,4.837642
TAP_TAPCELL_ROW_47_2019,VDD,Metal1,85.6665,257.9555,4.837644
TAP_TAPCELL_ROW_47_2018,VDD,Metal1,46.4665,257.9555,4.837675
TAP_TAPCELL_ROW_46_2017,VDD,Metal1,1046.0665,256.1240,4.837706
TAP_TAPCELL_ROW_46_2016,VDD,Metal1,1006.8665,256.1240,4.837722
TAP_TAPCELL_ROW_46_2015,VDD,Metal1,967.6665,256.1240,4.837870
TAP_TAPCELL_ROW_46_2014,VDD,Metal1,928.4665,256.1240,4.837902
TAP_TAPCELL_ROW_46_2013,VDD,Metal1,889.2665,256.1240,4.837952
TAP_TAPCELL_ROW_46_2012,VDD,Metal1,850.0665,256.1240,4.837983
TAP_TAPCELL_ROW_46_2011,VDD,Metal1,810.8665,256.1240,4.838064
TAP_TAPCELL_ROW_46_2010,VDD,Metal1,771.6665,256.1240,4.838076
TAP_TAPCELL_ROW_46_2009,VDD,Metal1,732.4665,256.1240,4.838058
TAP_TAPCELL_ROW_46_2008,VDD,Metal1,693.2665,256.1240,4.838053
TAP_TAPCELL_ROW_46_2007,VDD,Metal1,654.0665,256.1240,4.838054
TAP_TAPCELL_ROW_46_2006,VDD,Metal1,614.8665,256.1240,4.837989
TAP_TAPCELL_ROW_46_2005,VDD,Metal1,575.6665,256.1240,4.837964
TAP_TAPCELL_ROW_46_2004,VDD,Metal1,536.4665,256.1240,4.837964
TAP_TAPCELL_ROW_46_2003,VDD,Metal1,497.2665,256.1240,4.837974
TAP_TAPCELL_ROW_46_2002,VDD,Metal1,458.0665,256.1240,4.837916
TAP_TAPCELL_ROW_46_2001,VDD,Metal1,418.8665,256.1240,4.837873
TAP_TAPCELL_ROW_46_2000,VDD,Metal1,379.6665,256.1240,4.837832
TAP_TAPCELL_ROW_46_1999,VDD,Metal1,340.4665,256.1240,4.837827
TAP_TAPCELL_ROW_46_1998,VDD,Metal1,301.2665,256.1240,4.837764
TAP_TAPCELL_ROW_46_1997,VDD,Metal1,262.0665,256.1240,4.837751
TAP_TAPCELL_ROW_46_1996,VDD,Metal1,222.8665,256.1240,4.837742
TAP_TAPCELL_ROW_46_1995,VDD,Metal1,183.6665,256.1240,4.837716
TAP_TAPCELL_ROW_46_1994,VDD,Metal1,144.4665,256.1240,4.837643
TAP_TAPCELL_ROW_46_1993,VDD,Metal1,105.2665,256.1240,4.837641
TAP_TAPCELL_ROW_46_1992,VDD,Metal1,66.0665,256.1240,4.837651
TAP_TAPCELL_ROW_46_1991,VDD,Metal1,26.8665,256.1240,4.837688
TAP_TAPCELL_ROW_45_1990,VDD,Metal1,1065.6665,247.8755,4.836705
TAP_TAPCELL_ROW_45_1989,VDD,Metal1,1026.4665,247.8755,4.836706
TAP_TAPCELL_ROW_45_1988,VDD,Metal1,987.2665,247.8755,4.836750
TAP_TAPCELL_ROW_45_1987,VDD,Metal1,948.0665,247.8755,4.836772
TAP_TAPCELL_ROW_45_1986,VDD,Metal1,908.8665,247.8755,4.836968
TAP_TAPCELL_ROW_45_1985,VDD,Metal1,869.6665,247.8755,4.836983
TAP_TAPCELL_ROW_45_1984,VDD,Metal1,830.4665,247.8755,4.837057
TAP_TAPCELL_ROW_45_1983,VDD,Metal1,791.2665,247.8755,4.837121
TAP_TAPCELL_ROW_45_1982,VDD,Metal1,752.0665,247.8755,4.837092
TAP_TAPCELL_ROW_45_1981,VDD,Metal1,712.8665,247.8755,4.837083
TAP_TAPCELL_ROW_45_1980,VDD,Metal1,673.6665,247.8755,4.837105
TAP_TAPCELL_ROW_45_1979,VDD,Metal1,634.4665,247.8755,4.837131
TAP_TAPCELL_ROW_45_1978,VDD,Metal1,595.2665,247.8755,4.837112
TAP_TAPCELL_ROW_45_1977,VDD,Metal1,556.0665,247.8755,4.837011
TAP_TAPCELL_ROW_45_1976,VDD,Metal1,516.8665,247.8755,4.836995
TAP_TAPCELL_ROW_45_1975,VDD,Metal1,477.6665,247.8755,4.836990
TAP_TAPCELL_ROW_45_1974,VDD,Metal1,438.4665,247.8755,4.836944
TAP_TAPCELL_ROW_45_1973,VDD,Metal1,399.2665,247.8755,4.836922
TAP_TAPCELL_ROW_45_1972,VDD,Metal1,360.0665,247.8755,4.836917
TAP_TAPCELL_ROW_45_1971,VDD,Metal1,320.8665,247.8755,4.836911
TAP_TAPCELL_ROW_45_1970,VDD,Metal1,281.6665,247.8755,4.836863
TAP_TAPCELL_ROW_45_1969,VDD,Metal1,242.4665,247.8755,4.836807
TAP_TAPCELL_ROW_45_1968,VDD,Metal1,203.2665,247.8755,4.836794
TAP_TAPCELL_ROW_45_1967,VDD,Metal1,164.0665,247.8755,4.836781
TAP_TAPCELL_ROW_45_1966,VDD,Metal1,124.8665,247.8755,4.836761
TAP_TAPCELL_ROW_45_1965,VDD,Metal1,85.6665,247.8755,4.836760
TAP_TAPCELL_ROW_45_1964,VDD,Metal1,46.4665,247.8755,4.836771
TAP_TAPCELL_ROW_44_1963,VDD,Metal1,1046.0665,246.0440,4.836705
TAP_TAPCELL_ROW_44_1962,VDD,Metal1,1006.8665,246.0440,4.836721
TAP_TAPCELL_ROW_44_1961,VDD,Metal1,967.6665,246.0440,4.836757
TAP_TAPCELL_ROW_44_1960,VDD,Metal1,928.4665,246.0440,4.836964
TAP_TAPCELL_ROW_44_1959,VDD,Metal1,889.2665,246.0440,4.836971
TAP_TAPCELL_ROW_44_1958,VDD,Metal1,850.0665,246.0440,4.837009
TAP_TAPCELL_ROW_44_1957,VDD,Metal1,810.8665,246.0440,4.837073
TAP_TAPCELL_ROW_44_1956,VDD,Metal1,771.6665,246.0440,4.837109
TAP_TAPCELL_ROW_44_1955,VDD,Metal1,732.4665,246.0440,4.837083
TAP_TAPCELL_ROW_44_1954,VDD,Metal1,693.2665,246.0440,4.837100
TAP_TAPCELL_ROW_44_1953,VDD,Metal1,654.0665,246.0440,4.837123
TAP_TAPCELL_ROW_44_1952,VDD,Metal1,614.8665,246.0440,4.837124
TAP_TAPCELL_ROW_44_1951,VDD,Metal1,575.6665,246.0440,4.837023
TAP_TAPCELL_ROW_44_1950,VDD,Metal1,536.4665,246.0440,4.836998
TAP_TAPCELL_ROW_44_1949,VDD,Metal1,497.2665,246.0440,4.836991
TAP_TAPCELL_ROW_44_1948,VDD,Metal1,458.0665,246.0440,4.836959
TAP_TAPCELL_ROW_44_1947,VDD,Metal1,418.8665,246.0440,4.836934
TAP_TAPCELL_ROW_44_1946,VDD,Metal1,379.6665,246.0440,4.836918
TAP_TAPCELL_ROW_44_1945,VDD,Metal1,340.4665,246.0440,4.836918
TAP_TAPCELL_ROW_44_1944,VDD,Metal1,301.2665,246.0440,4.836901
TAP_TAPCELL_ROW_44_1943,VDD,Metal1,262.0665,246.0440,4.836826
TAP_TAPCELL_ROW_44_1942,VDD,Metal1,222.8665,246.0440,4.836795
TAP_TAPCELL_ROW_44_1941,VDD,Metal1,183.6665,246.0440,4.836800
TAP_TAPCELL_ROW_44_1940,VDD,Metal1,144.4665,246.0440,4.836770
TAP_TAPCELL_ROW_44_1939,VDD,Metal1,105.2665,246.0440,4.836760
TAP_TAPCELL_ROW_44_1938,VDD,Metal1,66.0665,246.0440,4.836764
TAP_TAPCELL_ROW_44_1937,VDD,Metal1,26.8665,246.0440,4.836783
TAP_TAPCELL_ROW_43_1936,VDD,Metal1,1065.6665,237.7955,4.835768
TAP_TAPCELL_ROW_43_1935,VDD,Metal1,1026.4665,237.7955,4.835791
TAP_TAPCELL_ROW_43_1934,VDD,Metal1,987.2665,237.7955,4.835905
TAP_TAPCELL_ROW_43_1933,VDD,Metal1,948.0665,237.7955,4.835927
TAP_TAPCELL_ROW_43_1932,VDD,Metal1,908.8665,237.7955,4.835993
TAP_TAPCELL_ROW_43_1931,VDD,Metal1,869.6665,237.7955,4.836036
TAP_TAPCELL_ROW_43_1930,VDD,Metal1,830.4665,237.7955,4.836132
TAP_TAPCELL_ROW_43_1929,VDD,Metal1,791.2665,237.7955,4.836191
TAP_TAPCELL_ROW_43_1928,VDD,Metal1,752.0665,237.7955,4.836175
TAP_TAPCELL_ROW_43_1927,VDD,Metal1,712.8665,237.7955,4.836205
TAP_TAPCELL_ROW_43_1926,VDD,Metal1,673.6665,237.7955,4.836278
TAP_TAPCELL_ROW_43_1925,VDD,Metal1,634.4665,237.7955,4.836290
TAP_TAPCELL_ROW_43_1924,VDD,Metal1,595.2665,237.7955,4.836145
TAP_TAPCELL_ROW_43_1923,VDD,Metal1,556.0665,237.7955,4.836127
TAP_TAPCELL_ROW_43_1922,VDD,Metal1,516.8665,237.7955,4.836104
TAP_TAPCELL_ROW_43_1921,VDD,Metal1,477.6665,237.7955,4.836212
TAP_TAPCELL_ROW_43_1920,VDD,Metal1,438.4665,237.7955,4.836156
TAP_TAPCELL_ROW_43_1919,VDD,Metal1,399.2665,237.7955,4.836134
TAP_TAPCELL_ROW_43_1918,VDD,Metal1,360.0665,237.7955,4.836135
TAP_TAPCELL_ROW_43_1917,VDD,Metal1,320.8665,237.7955,4.836107
TAP_TAPCELL_ROW_43_1916,VDD,Metal1,281.6665,237.7955,4.836001
TAP_TAPCELL_ROW_43_1915,VDD,Metal1,242.4665,237.7955,4.835978
TAP_TAPCELL_ROW_43_1914,VDD,Metal1,203.2665,237.7955,4.835942
TAP_TAPCELL_ROW_43_1913,VDD,Metal1,164.0665,237.7955,4.835926
TAP_TAPCELL_ROW_43_1912,VDD,Metal1,124.8665,237.7955,4.835906
TAP_TAPCELL_ROW_43_1911,VDD,Metal1,85.6665,237.7955,4.835857
TAP_TAPCELL_ROW_43_1910,VDD,Metal1,46.4665,237.7955,4.835865
TAP_TAPCELL_ROW_42_1909,VDD,Metal1,1046.0665,235.9640,4.835772
TAP_TAPCELL_ROW_42_1908,VDD,Metal1,1006.8665,235.9640,4.835808
TAP_TAPCELL_ROW_42_1907,VDD,Metal1,967.6665,235.9640,4.835912
TAP_TAPCELL_ROW_42_1906,VDD,Metal1,928.4665,235.9640,4.835951
TAP_TAPCELL_ROW_42_1905,VDD,Metal1,889.2665,235.9640,4.836013
TAP_TAPCELL_ROW_42_1904,VDD,Metal1,850.0665,235.9640,4.836077
TAP_TAPCELL_ROW_42_1903,VDD,Metal1,810.8665,235.9640,4.836170
TAP_TAPCELL_ROW_42_1902,VDD,Metal1,771.6665,235.9640,4.836185
TAP_TAPCELL_ROW_42_1901,VDD,Metal1,732.4665,235.9640,4.836175
TAP_TAPCELL_ROW_42_1900,VDD,Metal1,693.2665,235.9640,4.836256
TAP_TAPCELL_ROW_42_1899,VDD,Metal1,654.0665,235.9640,4.836293
TAP_TAPCELL_ROW_42_1898,VDD,Metal1,614.8665,235.9640,4.836219
TAP_TAPCELL_ROW_42_1897,VDD,Metal1,575.6665,235.9640,4.836129
TAP_TAPCELL_ROW_42_1896,VDD,Metal1,536.4665,235.9640,4.836108
TAP_TAPCELL_ROW_42_1895,VDD,Metal1,497.2665,235.9640,4.836194
TAP_TAPCELL_ROW_42_1894,VDD,Metal1,458.0665,235.9640,4.836165
TAP_TAPCELL_ROW_42_1893,VDD,Metal1,418.8665,235.9640,4.836137
TAP_TAPCELL_ROW_42_1892,VDD,Metal1,379.6665,235.9640,4.836131
TAP_TAPCELL_ROW_42_1891,VDD,Metal1,340.4665,235.9640,4.836144
TAP_TAPCELL_ROW_42_1890,VDD,Metal1,301.2665,235.9640,4.836057
TAP_TAPCELL_ROW_42_1889,VDD,Metal1,262.0665,235.9640,4.835992
TAP_TAPCELL_ROW_42_1888,VDD,Metal1,222.8665,235.9640,4.835942
TAP_TAPCELL_ROW_42_1887,VDD,Metal1,183.6665,235.9640,4.835945
TAP_TAPCELL_ROW_42_1886,VDD,Metal1,144.4665,235.9640,4.835911
TAP_TAPCELL_ROW_42_1885,VDD,Metal1,105.2665,235.9640,4.835878
TAP_TAPCELL_ROW_42_1884,VDD,Metal1,66.0665,235.9640,4.835858
TAP_TAPCELL_ROW_42_1883,VDD,Metal1,26.8665,235.9640,4.835889
TAP_TAPCELL_ROW_41_1882,VDD,Metal1,1065.6665,227.7155,4.834872
TAP_TAPCELL_ROW_41_1881,VDD,Metal1,1026.4665,227.7155,4.834873
TAP_TAPCELL_ROW_41_1880,VDD,Metal1,987.2665,227.7155,4.834880
TAP_TAPCELL_ROW_41_1879,VDD,Metal1,948.0665,227.7155,4.834974
TAP_TAPCELL_ROW_41_1878,VDD,Metal1,908.8665,227.7155,4.834999
TAP_TAPCELL_ROW_41_1877,VDD,Metal1,869.6665,227.7155,4.835065
TAP_TAPCELL_ROW_41_1876,VDD,Metal1,830.4665,227.7155,4.835126
TAP_TAPCELL_ROW_41_1875,VDD,Metal1,791.2665,227.7155,4.835184
TAP_TAPCELL_ROW_41_1874,VDD,Metal1,752.0665,227.7155,4.835145
TAP_TAPCELL_ROW_41_1873,VDD,Metal1,712.8665,227.7155,4.835128
TAP_TAPCELL_ROW_41_1872,VDD,Metal1,673.6665,227.7155,4.835248
TAP_TAPCELL_ROW_41_1871,VDD,Metal1,634.4665,227.7155,4.835337
TAP_TAPCELL_ROW_41_1870,VDD,Metal1,595.2665,227.7155,4.835333
TAP_TAPCELL_ROW_41_1869,VDD,Metal1,556.0665,227.7155,4.835345
TAP_TAPCELL_ROW_41_1868,VDD,Metal1,516.8665,227.7155,4.835362
TAP_TAPCELL_ROW_41_1867,VDD,Metal1,477.6665,227.7155,4.835380
TAP_TAPCELL_ROW_41_1866,VDD,Metal1,438.4665,227.7155,4.835328
TAP_TAPCELL_ROW_41_1865,VDD,Metal1,399.2665,227.7155,4.835292
TAP_TAPCELL_ROW_41_1864,VDD,Metal1,360.0665,227.7155,4.835250
TAP_TAPCELL_ROW_41_1863,VDD,Metal1,320.8665,227.7155,4.835235
TAP_TAPCELL_ROW_41_1862,VDD,Metal1,281.6665,227.7155,4.835087
TAP_TAPCELL_ROW_41_1861,VDD,Metal1,242.4665,227.7155,4.835071
TAP_TAPCELL_ROW_41_1860,VDD,Metal1,203.2665,227.7155,4.835055
TAP_TAPCELL_ROW_41_1859,VDD,Metal1,164.0665,227.7155,4.835026
TAP_TAPCELL_ROW_41_1858,VDD,Metal1,124.8665,227.7155,4.835004
TAP_TAPCELL_ROW_41_1857,VDD,Metal1,85.6665,227.7155,4.834996
TAP_TAPCELL_ROW_41_1856,VDD,Metal1,46.4665,227.7155,4.835035
TAP_TAPCELL_ROW_40_1855,VDD,Metal1,1046.0665,225.8840,4.834872
TAP_TAPCELL_ROW_40_1854,VDD,Metal1,1006.8665,225.8840,4.834876
TAP_TAPCELL_ROW_40_1853,VDD,Metal1,967.6665,225.8840,4.834889
TAP_TAPCELL_ROW_40_1852,VDD,Metal1,928.4665,225.8840,4.834985
TAP_TAPCELL_ROW_40_1851,VDD,Metal1,889.2665,225.8840,4.835029
TAP_TAPCELL_ROW_40_1850,VDD,Metal1,850.0665,225.8840,4.835092
TAP_TAPCELL_ROW_40_1849,VDD,Metal1,810.8665,225.8840,4.835148
TAP_TAPCELL_ROW_40_1848,VDD,Metal1,771.6665,225.8840,4.835158
TAP_TAPCELL_ROW_40_1847,VDD,Metal1,732.4665,225.8840,4.835132
TAP_TAPCELL_ROW_40_1846,VDD,Metal1,693.2665,225.8840,4.835162
TAP_TAPCELL_ROW_40_1845,VDD,Metal1,654.0665,225.8840,4.835281
TAP_TAPCELL_ROW_40_1844,VDD,Metal1,614.8665,225.8840,4.835333
TAP_TAPCELL_ROW_40_1843,VDD,Metal1,575.6665,225.8840,4.835338
TAP_TAPCELL_ROW_40_1842,VDD,Metal1,536.4665,225.8840,4.835355
TAP_TAPCELL_ROW_40_1841,VDD,Metal1,497.2665,225.8840,4.835378
TAP_TAPCELL_ROW_40_1840,VDD,Metal1,458.0665,225.8840,4.835362
TAP_TAPCELL_ROW_40_1839,VDD,Metal1,418.8665,225.8840,4.835305
TAP_TAPCELL_ROW_40_1838,VDD,Metal1,379.6665,225.8840,4.835287
TAP_TAPCELL_ROW_40_1837,VDD,Metal1,340.4665,225.8840,4.835240
TAP_TAPCELL_ROW_40_1836,VDD,Metal1,301.2665,225.8840,4.835188
TAP_TAPCELL_ROW_40_1835,VDD,Metal1,262.0665,225.8840,4.835076
TAP_TAPCELL_ROW_40_1834,VDD,Metal1,222.8665,225.8840,4.835066
TAP_TAPCELL_ROW_40_1833,VDD,Metal1,183.6665,225.8840,4.835050
TAP_TAPCELL_ROW_40_1832,VDD,Metal1,144.4665,225.8840,4.835007
TAP_TAPCELL_ROW_40_1831,VDD,Metal1,105.2665,225.8840,4.834995
TAP_TAPCELL_ROW_40_1830,VDD,Metal1,66.0665,225.8840,4.835002
TAP_TAPCELL_ROW_40_1829,VDD,Metal1,26.8665,225.8840,4.835111
TAP_TAPCELL_ROW_39_1828,VDD,Metal1,1065.6665,217.6355,4.834199
TAP_TAPCELL_ROW_39_1827,VDD,Metal1,1026.4665,217.6355,4.834217
TAP_TAPCELL_ROW_39_1826,VDD,Metal1,987.2665,217.6355,4.834258
TAP_TAPCELL_ROW_39_1825,VDD,Metal1,948.0665,217.6355,4.834312
TAP_TAPCELL_ROW_39_1824,VDD,Metal1,908.8665,217.6355,4.834315
TAP_TAPCELL_ROW_39_1823,VDD,Metal1,869.6665,217.6355,4.834326
TAP_TAPCELL_ROW_39_1822,VDD,Metal1,830.4665,217.6355,4.834356
TAP_TAPCELL_ROW_39_1821,VDD,Metal1,791.2665,217.6355,4.834526
TAP_TAPCELL_ROW_39_1820,VDD,Metal1,752.0665,217.6355,4.834552
TAP_TAPCELL_ROW_39_1819,VDD,Metal1,712.8665,217.6355,4.834596
TAP_TAPCELL_ROW_39_1818,VDD,Metal1,673.6665,217.6355,4.834627
TAP_TAPCELL_ROW_39_1817,VDD,Metal1,634.4665,217.6355,4.834715
TAP_TAPCELL_ROW_39_1816,VDD,Metal1,595.2665,217.6355,4.834694
TAP_TAPCELL_ROW_39_1815,VDD,Metal1,556.0665,217.6355,4.834697
TAP_TAPCELL_ROW_39_1814,VDD,Metal1,516.8665,217.6355,4.834713
TAP_TAPCELL_ROW_39_1813,VDD,Metal1,477.6665,217.6355,4.834720
TAP_TAPCELL_ROW_39_1812,VDD,Metal1,438.4665,217.6355,4.834664
TAP_TAPCELL_ROW_39_1811,VDD,Metal1,399.2665,217.6355,4.834620
TAP_TAPCELL_ROW_39_1810,VDD,Metal1,360.0665,217.6355,4.834623
TAP_TAPCELL_ROW_39_1809,VDD,Metal1,320.8665,217.6355,4.834570
TAP_TAPCELL_ROW_39_1808,VDD,Metal1,281.6665,217.6355,4.834498
TAP_TAPCELL_ROW_39_1807,VDD,Metal1,242.4665,217.6355,4.834447
TAP_TAPCELL_ROW_39_1806,VDD,Metal1,203.2665,217.6355,4.834433
TAP_TAPCELL_ROW_39_1805,VDD,Metal1,164.0665,217.6355,4.834439
TAP_TAPCELL_ROW_39_1804,VDD,Metal1,124.8665,217.6355,4.834377
TAP_TAPCELL_ROW_39_1803,VDD,Metal1,85.6665,217.6355,4.834322
TAP_TAPCELL_ROW_39_1802,VDD,Metal1,46.4665,217.6355,4.834265
TAP_TAPCELL_ROW_38_1801,VDD,Metal1,1046.0665,215.8040,4.834212
TAP_TAPCELL_ROW_38_1800,VDD,Metal1,1006.8665,215.8040,4.834223
TAP_TAPCELL_ROW_38_1799,VDD,Metal1,967.6665,215.8040,4.834303
TAP_TAPCELL_ROW_38_1798,VDD,Metal1,928.4665,215.8040,4.834317
TAP_TAPCELL_ROW_38_1797,VDD,Metal1,889.2665,215.8040,4.834318
TAP_TAPCELL_ROW_38_1796,VDD,Metal1,850.0665,215.8040,4.834337
TAP_TAPCELL_ROW_38_1795,VDD,Metal1,810.8665,215.8040,4.834373
TAP_TAPCELL_ROW_38_1794,VDD,Metal1,771.6665,215.8040,4.834536
TAP_TAPCELL_ROW_38_1793,VDD,Metal1,732.4665,215.8040,4.834574
TAP_TAPCELL_ROW_38_1792,VDD,Metal1,693.2665,215.8040,4.834623
TAP_TAPCELL_ROW_38_1791,VDD,Metal1,654.0665,215.8040,4.834645
TAP_TAPCELL_ROW_38_1790,VDD,Metal1,614.8665,215.8040,4.834706
TAP_TAPCELL_ROW_38_1789,VDD,Metal1,575.6665,215.8040,4.834694
TAP_TAPCELL_ROW_38_1788,VDD,Metal1,536.4665,215.8040,4.834700
TAP_TAPCELL_ROW_38_1787,VDD,Metal1,497.2665,215.8040,4.834734
TAP_TAPCELL_ROW_38_1786,VDD,Metal1,458.0665,215.8040,4.834708
TAP_TAPCELL_ROW_38_1785,VDD,Metal1,418.8665,215.8040,4.834645
TAP_TAPCELL_ROW_38_1784,VDD,Metal1,379.6665,215.8040,4.834617
TAP_TAPCELL_ROW_38_1783,VDD,Metal1,340.4665,215.8040,4.834630
TAP_TAPCELL_ROW_38_1782,VDD,Metal1,301.2665,215.8040,4.834547
TAP_TAPCELL_ROW_38_1781,VDD,Metal1,262.0665,215.8040,4.834467
TAP_TAPCELL_ROW_38_1780,VDD,Metal1,222.8665,215.8040,4.834442
TAP_TAPCELL_ROW_38_1779,VDD,Metal1,183.6665,215.8040,4.834438
TAP_TAPCELL_ROW_38_1778,VDD,Metal1,144.4665,215.8040,4.834404
TAP_TAPCELL_ROW_38_1777,VDD,Metal1,105.2665,215.8040,4.834336
TAP_TAPCELL_ROW_38_1776,VDD,Metal1,66.0665,215.8040,4.834246
TAP_TAPCELL_ROW_38_1775,VDD,Metal1,26.8665,215.8040,4.834349
TAP_TAPCELL_ROW_37_1774,VDD,Metal1,1065.6665,207.5555,4.833408
TAP_TAPCELL_ROW_37_1773,VDD,Metal1,1026.4665,207.5555,4.833423
TAP_TAPCELL_ROW_37_1772,VDD,Metal1,987.2665,207.5555,4.833467
TAP_TAPCELL_ROW_37_1771,VDD,Metal1,948.0665,207.5555,4.833599
TAP_TAPCELL_ROW_37_1770,VDD,Metal1,908.8665,207.5555,4.833623
TAP_TAPCELL_ROW_37_1769,VDD,Metal1,869.6665,207.5555,4.833675
TAP_TAPCELL_ROW_37_1768,VDD,Metal1,830.4665,207.5555,4.833765
TAP_TAPCELL_ROW_37_1767,VDD,Metal1,791.2665,207.5555,4.833865
TAP_TAPCELL_ROW_37_1766,VDD,Metal1,752.0665,207.5555,4.833842
TAP_TAPCELL_ROW_37_1765,VDD,Metal1,712.8665,207.5555,4.833855
TAP_TAPCELL_ROW_37_1764,VDD,Metal1,673.6665,207.5555,4.833896
TAP_TAPCELL_ROW_37_1763,VDD,Metal1,634.4665,207.5555,4.833933
TAP_TAPCELL_ROW_37_1762,VDD,Metal1,595.2665,207.5555,4.833922
TAP_TAPCELL_ROW_37_1761,VDD,Metal1,556.0665,207.5555,4.833924
TAP_TAPCELL_ROW_37_1760,VDD,Metal1,516.8665,207.5555,4.833974
TAP_TAPCELL_ROW_37_1759,VDD,Metal1,477.6665,207.5555,4.834013
TAP_TAPCELL_ROW_37_1758,VDD,Metal1,438.4665,207.5555,4.833880
TAP_TAPCELL_ROW_37_1757,VDD,Metal1,399.2665,207.5555,4.833871
TAP_TAPCELL_ROW_37_1756,VDD,Metal1,360.0665,207.5555,4.833874
TAP_TAPCELL_ROW_37_1755,VDD,Metal1,320.8665,207.5555,4.833885
TAP_TAPCELL_ROW_37_1754,VDD,Metal1,281.6665,207.5555,4.833610
TAP_TAPCELL_ROW_37_1753,VDD,Metal1,242.4665,207.5555,4.833598
TAP_TAPCELL_ROW_37_1752,VDD,Metal1,203.2665,207.5555,4.833604
TAP_TAPCELL_ROW_37_1751,VDD,Metal1,164.0665,207.5555,4.833615
TAP_TAPCELL_ROW_37_1750,VDD,Metal1,124.8665,207.5555,4.833521
TAP_TAPCELL_ROW_37_1749,VDD,Metal1,85.6665,207.5555,4.833420
TAP_TAPCELL_ROW_37_1748,VDD,Metal1,46.4665,207.5555,4.833437
TAP_TAPCELL_ROW_36_1747,VDD,Metal1,1046.0665,205.7240,4.833418
TAP_TAPCELL_ROW_36_1746,VDD,Metal1,1006.8665,205.7240,4.833453
TAP_TAPCELL_ROW_36_1745,VDD,Metal1,967.6665,205.7240,4.833533
TAP_TAPCELL_ROW_36_1744,VDD,Metal1,928.4665,205.7240,4.833613
TAP_TAPCELL_ROW_36_1743,VDD,Metal1,889.2665,205.7240,4.833648
TAP_TAPCELL_ROW_36_1742,VDD,Metal1,850.0665,205.7240,4.833692
TAP_TAPCELL_ROW_36_1741,VDD,Metal1,810.8665,205.7240,4.833815
TAP_TAPCELL_ROW_36_1740,VDD,Metal1,771.6665,205.7240,4.833846
TAP_TAPCELL_ROW_36_1739,VDD,Metal1,732.4665,205.7240,4.833842
TAP_TAPCELL_ROW_36_1738,VDD,Metal1,693.2665,205.7240,4.833861
TAP_TAPCELL_ROW_36_1737,VDD,Metal1,654.0665,205.7240,4.833914
TAP_TAPCELL_ROW_36_1736,VDD,Metal1,614.8665,205.7240,4.833923
TAP_TAPCELL_ROW_36_1735,VDD,Metal1,575.6665,205.7240,4.833922
TAP_TAPCELL_ROW_36_1734,VDD,Metal1,536.4665,205.7240,4.833930
TAP_TAPCELL_ROW_36_1733,VDD,Metal1,497.2665,205.7240,4.833981
TAP_TAPCELL_ROW_36_1732,VDD,Metal1,458.0665,205.7240,4.833903
TAP_TAPCELL_ROW_36_1731,VDD,Metal1,418.8665,205.7240,4.833874
TAP_TAPCELL_ROW_36_1730,VDD,Metal1,379.6665,205.7240,4.833870
TAP_TAPCELL_ROW_36_1729,VDD,Metal1,340.4665,205.7240,4.833875
TAP_TAPCELL_ROW_36_1728,VDD,Metal1,301.2665,205.7240,4.833855
TAP_TAPCELL_ROW_36_1727,VDD,Metal1,262.0665,205.7240,4.833604
TAP_TAPCELL_ROW_36_1726,VDD,Metal1,222.8665,205.7240,4.833598
TAP_TAPCELL_ROW_36_1725,VDD,Metal1,183.6665,205.7240,4.833617
TAP_TAPCELL_ROW_36_1724,VDD,Metal1,144.4665,205.7240,4.833560
TAP_TAPCELL_ROW_36_1723,VDD,Metal1,105.2665,205.7240,4.833458
TAP_TAPCELL_ROW_36_1722,VDD,Metal1,66.0665,205.7240,4.833420
TAP_TAPCELL_ROW_36_1721,VDD,Metal1,26.8665,205.7240,4.833472
TAP_TAPCELL_ROW_35_1720,VDD,Metal1,1065.6665,197.4755,4.832335
TAP_TAPCELL_ROW_35_1719,VDD,Metal1,1026.4665,197.4755,4.832341
TAP_TAPCELL_ROW_35_1718,VDD,Metal1,987.2665,197.4755,4.832412
TAP_TAPCELL_ROW_35_1717,VDD,Metal1,948.0665,197.4755,4.832665
TAP_TAPCELL_ROW_35_1716,VDD,Metal1,908.8665,197.4755,4.832698
TAP_TAPCELL_ROW_35_1715,VDD,Metal1,869.6665,197.4755,4.832769
TAP_TAPCELL_ROW_35_1714,VDD,Metal1,830.4665,197.4755,4.832866
TAP_TAPCELL_ROW_35_1713,VDD,Metal1,791.2665,197.4755,4.832998
TAP_TAPCELL_ROW_35_1712,VDD,Metal1,752.0665,197.4755,4.833029
TAP_TAPCELL_ROW_35_1711,VDD,Metal1,712.8665,197.4755,4.833104
TAP_TAPCELL_ROW_35_1710,VDD,Metal1,673.6665,197.4755,4.833161
TAP_TAPCELL_ROW_35_1709,VDD,Metal1,634.4665,197.4755,4.833215
TAP_TAPCELL_ROW_35_1708,VDD,Metal1,595.2665,197.4755,4.833204
TAP_TAPCELL_ROW_35_1707,VDD,Metal1,556.0665,197.4755,4.833194
TAP_TAPCELL_ROW_35_1706,VDD,Metal1,516.8665,197.4755,4.833203
TAP_TAPCELL_ROW_35_1705,VDD,Metal1,477.6665,197.4755,4.833251
TAP_TAPCELL_ROW_35_1704,VDD,Metal1,438.4665,197.4755,4.833216
TAP_TAPCELL_ROW_35_1703,VDD,Metal1,399.2665,197.4755,4.833190
TAP_TAPCELL_ROW_35_1702,VDD,Metal1,360.0665,197.4755,4.833196
TAP_TAPCELL_ROW_35_1701,VDD,Metal1,320.8665,197.4755,4.833186
TAP_TAPCELL_ROW_35_1700,VDD,Metal1,281.6665,197.4755,4.833057
TAP_TAPCELL_ROW_35_1699,VDD,Metal1,242.4665,197.4755,4.833020
TAP_TAPCELL_ROW_35_1698,VDD,Metal1,203.2665,197.4755,4.832980
TAP_TAPCELL_ROW_35_1697,VDD,Metal1,164.0665,197.4755,4.832908
TAP_TAPCELL_ROW_35_1696,VDD,Metal1,124.8665,197.4755,4.832789
TAP_TAPCELL_ROW_35_1695,VDD,Metal1,85.6665,197.4755,4.832775
TAP_TAPCELL_ROW_35_1694,VDD,Metal1,46.4665,197.4755,4.832845
TAP_TAPCELL_ROW_34_1693,VDD,Metal1,1046.0665,195.6440,4.832335
TAP_TAPCELL_ROW_34_1692,VDD,Metal1,1006.8665,195.6440,4.832391
TAP_TAPCELL_ROW_34_1691,VDD,Metal1,967.6665,195.6440,4.832436
TAP_TAPCELL_ROW_34_1690,VDD,Metal1,928.4665,195.6440,4.832665
TAP_TAPCELL_ROW_34_1689,VDD,Metal1,889.2665,195.6440,4.832728
TAP_TAPCELL_ROW_34_1688,VDD,Metal1,850.0665,195.6440,4.832812
TAP_TAPCELL_ROW_34_1687,VDD,Metal1,810.8665,195.6440,4.832878
TAP_TAPCELL_ROW_34_1686,VDD,Metal1,771.6665,195.6440,4.833015
TAP_TAPCELL_ROW_34_1685,VDD,Metal1,732.4665,195.6440,4.833045
TAP_TAPCELL_ROW_34_1684,VDD,Metal1,693.2665,195.6440,4.833137
TAP_TAPCELL_ROW_34_1683,VDD,Metal1,654.0665,195.6440,4.833182
TAP_TAPCELL_ROW_34_1682,VDD,Metal1,614.8665,195.6440,4.833212
TAP_TAPCELL_ROW_34_1681,VDD,Metal1,575.6665,195.6440,4.833198
TAP_TAPCELL_ROW_34_1680,VDD,Metal1,536.4665,195.6440,4.833198
TAP_TAPCELL_ROW_34_1679,VDD,Metal1,497.2665,195.6440,4.833243
TAP_TAPCELL_ROW_34_1678,VDD,Metal1,458.0665,195.6440,4.833238
TAP_TAPCELL_ROW_34_1677,VDD,Metal1,418.8665,195.6440,4.833192
TAP_TAPCELL_ROW_34_1676,VDD,Metal1,379.6665,195.6440,4.833192
TAP_TAPCELL_ROW_34_1675,VDD,Metal1,340.4665,195.6440,4.833204
TAP_TAPCELL_ROW_34_1674,VDD,Metal1,301.2665,195.6440,4.833133
TAP_TAPCELL_ROW_34_1673,VDD,Metal1,262.0665,195.6440,4.833043
TAP_TAPCELL_ROW_34_1672,VDD,Metal1,222.8665,195.6440,4.832987
TAP_TAPCELL_ROW_34_1671,VDD,Metal1,183.6665,195.6440,4.832979
TAP_TAPCELL_ROW_34_1670,VDD,Metal1,144.4665,195.6440,4.832897
TAP_TAPCELL_ROW_34_1669,VDD,Metal1,105.2665,195.6440,4.832774
TAP_TAPCELL_ROW_34_1668,VDD,Metal1,66.0665,195.6440,4.832797
TAP_TAPCELL_ROW_34_1667,VDD,Metal1,26.8665,195.6440,4.832871
TAP_TAPCELL_ROW_33_1666,VDD,Metal1,1065.6665,187.3955,4.831857
TAP_TAPCELL_ROW_33_1665,VDD,Metal1,1026.4665,187.3955,4.831863
TAP_TAPCELL_ROW_33_1664,VDD,Metal1,987.2665,187.3955,4.831925
TAP_TAPCELL_ROW_33_1663,VDD,Metal1,948.0665,187.3955,4.831997
TAP_TAPCELL_ROW_33_1662,VDD,Metal1,908.8665,187.3955,4.831960
TAP_TAPCELL_ROW_33_1661,VDD,Metal1,869.6665,187.3955,4.831918
TAP_TAPCELL_ROW_33_1660,VDD,Metal1,830.4665,187.3955,4.831901
TAP_TAPCELL_ROW_33_1659,VDD,Metal1,791.2665,187.3955,4.832029
TAP_TAPCELL_ROW_33_1658,VDD,Metal1,752.0665,187.3955,4.832114
TAP_TAPCELL_ROW_33_1657,VDD,Metal1,712.8665,187.3955,4.832266
TAP_TAPCELL_ROW_33_1656,VDD,Metal1,673.6665,187.3955,4.832354
TAP_TAPCELL_ROW_33_1655,VDD,Metal1,634.4665,187.3955,4.832417
TAP_TAPCELL_ROW_33_1654,VDD,Metal1,595.2665,187.3955,4.832401
TAP_TAPCELL_ROW_33_1653,VDD,Metal1,556.0665,187.3955,4.832405
TAP_TAPCELL_ROW_33_1652,VDD,Metal1,516.8665,187.3955,4.832429
TAP_TAPCELL_ROW_33_1651,VDD,Metal1,477.6665,187.3955,4.832438
TAP_TAPCELL_ROW_33_1650,VDD,Metal1,438.4665,187.3955,4.832299
TAP_TAPCELL_ROW_33_1649,VDD,Metal1,399.2665,187.3955,4.832224
TAP_TAPCELL_ROW_33_1648,VDD,Metal1,360.0665,187.3955,4.832179
TAP_TAPCELL_ROW_33_1647,VDD,Metal1,320.8665,187.3955,4.832166
TAP_TAPCELL_ROW_33_1646,VDD,Metal1,281.6665,187.3955,4.832170
TAP_TAPCELL_ROW_33_1645,VDD,Metal1,242.4665,187.3955,4.832223
TAP_TAPCELL_ROW_33_1644,VDD,Metal1,203.2665,187.3955,4.832327
TAP_TAPCELL_ROW_33_1643,VDD,Metal1,164.0665,187.3955,4.832313
TAP_TAPCELL_ROW_33_1642,VDD,Metal1,124.8665,187.3955,4.832268
TAP_TAPCELL_ROW_33_1641,VDD,Metal1,85.6665,187.3955,4.832260
TAP_TAPCELL_ROW_33_1640,VDD,Metal1,46.4665,187.3955,4.832274
TAP_TAPCELL_ROW_32_1639,VDD,Metal1,1046.0665,185.5640,4.831861
TAP_TAPCELL_ROW_32_1638,VDD,Metal1,1006.8665,185.5640,4.831883
TAP_TAPCELL_ROW_32_1637,VDD,Metal1,967.6665,185.5640,4.831990
TAP_TAPCELL_ROW_32_1636,VDD,Metal1,928.4665,185.5640,4.831963
TAP_TAPCELL_ROW_32_1635,VDD,Metal1,889.2665,185.5640,4.831927
TAP_TAPCELL_ROW_32_1634,VDD,Metal1,850.0665,185.5640,4.831906
TAP_TAPCELL_ROW_32_1633,VDD,Metal1,810.8665,185.5640,4.831902
TAP_TAPCELL_ROW_32_1632,VDD,Metal1,771.6665,185.5640,4.832044
TAP_TAPCELL_ROW_32_1631,VDD,Metal1,732.4665,185.5640,4.832222
TAP_TAPCELL_ROW_32_1630,VDD,Metal1,693.2665,185.5640,4.832291
TAP_TAPCELL_ROW_32_1629,VDD,Metal1,654.0665,185.5640,4.832388
TAP_TAPCELL_ROW_32_1628,VDD,Metal1,614.8665,185.5640,4.832411
TAP_TAPCELL_ROW_32_1627,VDD,Metal1,575.6665,185.5640,4.832399
TAP_TAPCELL_ROW_32_1626,VDD,Metal1,536.4665,185.5640,4.832413
TAP_TAPCELL_ROW_32_1625,VDD,Metal1,497.2665,185.5640,4.832438
TAP_TAPCELL_ROW_32_1624,VDD,Metal1,458.0665,185.5640,4.832386
TAP_TAPCELL_ROW_32_1623,VDD,Metal1,418.8665,185.5640,4.832273
TAP_TAPCELL_ROW_32_1622,VDD,Metal1,379.6665,185.5640,4.832210
TAP_TAPCELL_ROW_32_1621,VDD,Metal1,340.4665,185.5640,4.832173
TAP_TAPCELL_ROW_32_1620,VDD,Metal1,301.2665,185.5640,4.832167
TAP_TAPCELL_ROW_32_1619,VDD,Metal1,262.0665,185.5640,4.832192
TAP_TAPCELL_ROW_32_1618,VDD,Metal1,222.8665,185.5640,4.832279
TAP_TAPCELL_ROW_32_1617,VDD,Metal1,183.6665,185.5640,4.832339
TAP_TAPCELL_ROW_32_1616,VDD,Metal1,144.4665,185.5640,4.832298
TAP_TAPCELL_ROW_32_1615,VDD,Metal1,105.2665,185.5640,4.832257
TAP_TAPCELL_ROW_32_1614,VDD,Metal1,66.0665,185.5640,4.832271
TAP_TAPCELL_ROW_32_1613,VDD,Metal1,26.8665,185.5640,4.832304
TAP_TAPCELL_ROW_31_1612,VDD,Metal1,1065.6665,177.3155,4.831477
TAP_TAPCELL_ROW_31_1611,VDD,Metal1,1026.4665,177.3155,4.831477
TAP_TAPCELL_ROW_31_1610,VDD,Metal1,987.2665,177.3155,4.831481
TAP_TAPCELL_ROW_31_1609,VDD,Metal1,948.0665,177.3155,4.831507
TAP_TAPCELL_ROW_31_1608,VDD,Metal1,908.8665,177.3155,4.831497
TAP_TAPCELL_ROW_31_1607,VDD,Metal1,869.6665,177.3155,4.831557
TAP_TAPCELL_ROW_31_1606,VDD,Metal1,830.4665,177.3155,4.831659
TAP_TAPCELL_ROW_31_1605,VDD,Metal1,791.2665,177.3155,4.831740
TAP_TAPCELL_ROW_31_1604,VDD,Metal1,752.0665,177.3155,4.831781
TAP_TAPCELL_ROW_31_1603,VDD,Metal1,712.8665,177.3155,4.831838
TAP_TAPCELL_ROW_31_1602,VDD,Metal1,673.6665,177.3155,4.831877
TAP_TAPCELL_ROW_31_1601,VDD,Metal1,634.4665,177.3155,4.831933
TAP_TAPCELL_ROW_31_1600,VDD,Metal1,595.2665,177.3155,4.831920
TAP_TAPCELL_ROW_31_1599,VDD,Metal1,556.0665,177.3155,4.831933
TAP_TAPCELL_ROW_31_1598,VDD,Metal1,516.8665,177.3155,4.831962
TAP_TAPCELL_ROW_31_1597,VDD,Metal1,477.6665,177.3155,4.831982
TAP_TAPCELL_ROW_31_1596,VDD,Metal1,438.4665,177.3155,4.831934
TAP_TAPCELL_ROW_31_1595,VDD,Metal1,399.2665,177.3155,4.831916
TAP_TAPCELL_ROW_31_1594,VDD,Metal1,360.0665,177.3155,4.831918
TAP_TAPCELL_ROW_31_1593,VDD,Metal1,320.8665,177.3155,4.831865
TAP_TAPCELL_ROW_31_1592,VDD,Metal1,281.6665,177.3155,4.831786
TAP_TAPCELL_ROW_31_1591,VDD,Metal1,242.4665,177.3155,4.831731
TAP_TAPCELL_ROW_31_1590,VDD,Metal1,203.2665,177.3155,4.831711
TAP_TAPCELL_ROW_31_1589,VDD,Metal1,164.0665,177.3155,4.831720
TAP_TAPCELL_ROW_31_1588,VDD,Metal1,124.8665,177.3155,4.831676
TAP_TAPCELL_ROW_31_1587,VDD,Metal1,85.6665,177.3155,4.831675
TAP_TAPCELL_ROW_31_1586,VDD,Metal1,46.4665,177.3155,4.831723
TAP_TAPCELL_ROW_30_1585,VDD,Metal1,1046.0665,175.4840,4.831477
TAP_TAPCELL_ROW_30_1584,VDD,Metal1,1006.8665,175.4840,4.831478
TAP_TAPCELL_ROW_30_1583,VDD,Metal1,967.6665,175.4840,4.831490
TAP_TAPCELL_ROW_30_1582,VDD,Metal1,928.4665,175.4840,4.831500
TAP_TAPCELL_ROW_30_1581,VDD,Metal1,889.2665,175.4840,4.831535
TAP_TAPCELL_ROW_30_1580,VDD,Metal1,850.0665,175.4840,4.831563
TAP_TAPCELL_ROW_30_1579,VDD,Metal1,810.8665,175.4840,4.831698
TAP_TAPCELL_ROW_30_1578,VDD,Metal1,771.6665,175.4840,4.831767
TAP_TAPCELL_ROW_30_1577,VDD,Metal1,732.4665,175.4840,4.831819
TAP_TAPCELL_ROW_30_1576,VDD,Metal1,693.2665,175.4840,4.831854
TAP_TAPCELL_ROW_30_1575,VDD,Metal1,654.0665,175.4840,4.831925
TAP_TAPCELL_ROW_30_1574,VDD,Metal1,614.8665,175.4840,4.831926
TAP_TAPCELL_ROW_30_1573,VDD,Metal1,575.6665,175.4840,4.831924
TAP_TAPCELL_ROW_30_1572,VDD,Metal1,536.4665,175.4840,4.831952
TAP_TAPCELL_ROW_30_1571,VDD,Metal1,497.2665,175.4840,4.831973
TAP_TAPCELL_ROW_30_1570,VDD,Metal1,458.0665,175.4840,4.831952
TAP_TAPCELL_ROW_30_1569,VDD,Metal1,418.8665,175.4840,4.831929
TAP_TAPCELL_ROW_30_1568,VDD,Metal1,379.6665,175.4840,4.831910
TAP_TAPCELL_ROW_30_1567,VDD,Metal1,340.4665,175.4840,4.831927
TAP_TAPCELL_ROW_30_1566,VDD,Metal1,301.2665,175.4840,4.831815
TAP_TAPCELL_ROW_30_1565,VDD,Metal1,262.0665,175.4840,4.831762
TAP_TAPCELL_ROW_30_1564,VDD,Metal1,222.8665,175.4840,4.831720
TAP_TAPCELL_ROW_30_1563,VDD,Metal1,183.6665,175.4840,4.831715
TAP_TAPCELL_ROW_30_1562,VDD,Metal1,144.4665,175.4840,4.831703
TAP_TAPCELL_ROW_30_1561,VDD,Metal1,105.2665,175.4840,4.831676
TAP_TAPCELL_ROW_30_1560,VDD,Metal1,66.0665,175.4840,4.831680
TAP_TAPCELL_ROW_30_1559,VDD,Metal1,26.8665,175.4840,4.831745
TAP_TAPCELL_ROW_29_1558,VDD,Metal1,1065.6665,167.2355,4.830489
TAP_TAPCELL_ROW_29_1557,VDD,Metal1,1026.4665,167.2355,4.830494
TAP_TAPCELL_ROW_29_1556,VDD,Metal1,987.2665,167.2355,4.830553
TAP_TAPCELL_ROW_29_1555,VDD,Metal1,948.0665,167.2355,4.830606
TAP_TAPCELL_ROW_29_1554,VDD,Metal1,908.8665,167.2355,4.830661
TAP_TAPCELL_ROW_29_1553,VDD,Metal1,869.6665,167.2355,4.830688
TAP_TAPCELL_ROW_29_1552,VDD,Metal1,830.4665,167.2355,4.830776
TAP_TAPCELL_ROW_29_1551,VDD,Metal1,791.2665,167.2355,4.831063
TAP_TAPCELL_ROW_29_1550,VDD,Metal1,752.0665,167.2355,4.831078
TAP_TAPCELL_ROW_29_1549,VDD,Metal1,712.8665,167.2355,4.831112
TAP_TAPCELL_ROW_29_1548,VDD,Metal1,673.6665,167.2355,4.831211
TAP_TAPCELL_ROW_29_1547,VDD,Metal1,634.4665,167.2355,4.831270
TAP_TAPCELL_ROW_29_1546,VDD,Metal1,595.2665,167.2355,4.831230
TAP_TAPCELL_ROW_29_1545,VDD,Metal1,556.0665,167.2355,4.831219
TAP_TAPCELL_ROW_29_1544,VDD,Metal1,516.8665,167.2355,4.831218
TAP_TAPCELL_ROW_29_1543,VDD,Metal1,477.6665,167.2355,4.831188
TAP_TAPCELL_ROW_29_1542,VDD,Metal1,438.4665,167.2355,4.831155
TAP_TAPCELL_ROW_29_1541,VDD,Metal1,399.2665,167.2355,4.831137
TAP_TAPCELL_ROW_29_1540,VDD,Metal1,360.0665,167.2355,4.831142
TAP_TAPCELL_ROW_29_1539,VDD,Metal1,320.8665,167.2355,4.831175
TAP_TAPCELL_ROW_29_1538,VDD,Metal1,281.6665,167.2355,4.831171
TAP_TAPCELL_ROW_29_1537,VDD,Metal1,242.4665,167.2355,4.831192
TAP_TAPCELL_ROW_29_1536,VDD,Metal1,203.2665,167.2355,4.831212
TAP_TAPCELL_ROW_29_1535,VDD,Metal1,164.0665,167.2355,4.831219
TAP_TAPCELL_ROW_29_1534,VDD,Metal1,124.8665,167.2355,4.831214
TAP_TAPCELL_ROW_29_1533,VDD,Metal1,85.6665,167.2355,4.831210
TAP_TAPCELL_ROW_29_1532,VDD,Metal1,46.4665,167.2355,4.831238
TAP_TAPCELL_ROW_28_1531,VDD,Metal1,1046.0665,165.4040,4.830492
TAP_TAPCELL_ROW_28_1530,VDD,Metal1,1006.8665,165.4040,4.830506
TAP_TAPCELL_ROW_28_1529,VDD,Metal1,967.6665,165.4040,4.830571
TAP_TAPCELL_ROW_28_1528,VDD,Metal1,928.4665,165.4040,4.830616
TAP_TAPCELL_ROW_28_1527,VDD,Metal1,889.2665,165.4040,4.830684
TAP_TAPCELL_ROW_28_1526,VDD,Metal1,850.0665,165.4040,4.830715
TAP_TAPCELL_ROW_28_1525,VDD,Metal1,810.8665,165.4040,4.830848
TAP_TAPCELL_ROW_28_1524,VDD,Metal1,771.6665,165.4040,4.831070
TAP_TAPCELL_ROW_28_1523,VDD,Metal1,732.4665,165.4040,4.831090
TAP_TAPCELL_ROW_28_1522,VDD,Metal1,693.2665,165.4040,4.831141
TAP_TAPCELL_ROW_28_1521,VDD,Metal1,654.0665,165.4040,4.831244
TAP_TAPCELL_ROW_28_1520,VDD,Metal1,614.8665,165.4040,4.831255
TAP_TAPCELL_ROW_28_1519,VDD,Metal1,575.6665,165.4040,4.831223
TAP_TAPCELL_ROW_28_1518,VDD,Metal1,536.4665,165.4040,4.831213
TAP_TAPCELL_ROW_28_1517,VDD,Metal1,497.2665,165.4040,4.831230
TAP_TAPCELL_ROW_28_1516,VDD,Metal1,458.0665,165.4040,4.831184
TAP_TAPCELL_ROW_28_1515,VDD,Metal1,418.8665,165.4040,4.831148
TAP_TAPCELL_ROW_28_1514,VDD,Metal1,379.6665,165.4040,4.831138
TAP_TAPCELL_ROW_28_1513,VDD,Metal1,340.4665,165.4040,4.831159
TAP_TAPCELL_ROW_28_1512,VDD,Metal1,301.2665,165.4040,4.831173
TAP_TAPCELL_ROW_28_1511,VDD,Metal1,262.0665,165.4040,4.831174
TAP_TAPCELL_ROW_28_1510,VDD,Metal1,222.8665,165.4040,4.831203
TAP_TAPCELL_ROW_28_1509,VDD,Metal1,183.6665,165.4040,4.831219
TAP_TAPCELL_ROW_28_1508,VDD,Metal1,144.4665,165.4040,4.831215
TAP_TAPCELL_ROW_28_1507,VDD,Metal1,105.2665,165.4040,4.831206
TAP_TAPCELL_ROW_28_1506,VDD,Metal1,66.0665,165.4040,4.831223
TAP_TAPCELL_ROW_28_1505,VDD,Metal1,26.8665,165.4040,4.831269
TAP_TAPCELL_ROW_27_1504,VDD,Metal1,1065.6665,157.1555,4.829878
TAP_TAPCELL_ROW_27_1503,VDD,Metal1,1026.4665,157.1555,4.829883
TAP_TAPCELL_ROW_27_1502,VDD,Metal1,987.2665,157.1555,4.829991
TAP_TAPCELL_ROW_27_1501,VDD,Metal1,948.0665,157.1555,4.830194
TAP_TAPCELL_ROW_27_1500,VDD,Metal1,908.8665,157.1555,4.830284
TAP_TAPCELL_ROW_27_1499,VDD,Metal1,869.6665,157.1555,4.830351
TAP_TAPCELL_ROW_27_1498,VDD,Metal1,830.4665,157.1555,4.830465
TAP_TAPCELL_ROW_27_1497,VDD,Metal1,791.2665,157.1555,4.830544
TAP_TAPCELL_ROW_27_1496,VDD,Metal1,752.0665,157.1555,4.830548
TAP_TAPCELL_ROW_27_1495,VDD,Metal1,712.8665,157.1555,4.830557
TAP_TAPCELL_ROW_27_1494,VDD,Metal1,673.6665,157.1555,4.830590
TAP_TAPCELL_ROW_27_1493,VDD,Metal1,634.4665,157.1555,4.830611
TAP_TAPCELL_ROW_27_1492,VDD,Metal1,595.2665,157.1555,4.830480
TAP_TAPCELL_ROW_27_1491,VDD,Metal1,556.0665,157.1555,4.830527
TAP_TAPCELL_ROW_27_1490,VDD,Metal1,516.8665,157.1555,4.830650
TAP_TAPCELL_ROW_27_1489,VDD,Metal1,477.6665,157.1555,4.830752
TAP_TAPCELL_ROW_27_1488,VDD,Metal1,438.4665,157.1555,4.830703
TAP_TAPCELL_ROW_27_1487,VDD,Metal1,399.2665,157.1555,4.830675
TAP_TAPCELL_ROW_27_1486,VDD,Metal1,360.0665,157.1555,4.830656
TAP_TAPCELL_ROW_27_1485,VDD,Metal1,320.8665,157.1555,4.830705
TAP_TAPCELL_ROW_27_1484,VDD,Metal1,281.6665,157.1555,4.830640
TAP_TAPCELL_ROW_27_1483,VDD,Metal1,242.4665,157.1555,4.830585
TAP_TAPCELL_ROW_27_1482,VDD,Metal1,203.2665,157.1555,4.830567
TAP_TAPCELL_ROW_27_1481,VDD,Metal1,164.0665,157.1555,4.830538
TAP_TAPCELL_ROW_27_1480,VDD,Metal1,124.8665,157.1555,4.830518
TAP_TAPCELL_ROW_27_1479,VDD,Metal1,85.6665,157.1555,4.830483
TAP_TAPCELL_ROW_27_1478,VDD,Metal1,46.4665,157.1555,4.830505
TAP_TAPCELL_ROW_26_1477,VDD,Metal1,1046.0665,155.3240,4.829879
TAP_TAPCELL_ROW_26_1476,VDD,Metal1,1006.8665,155.3240,4.829968
TAP_TAPCELL_ROW_26_1475,VDD,Metal1,967.6665,155.3240,4.829996
TAP_TAPCELL_ROW_26_1474,VDD,Metal1,928.4665,155.3240,4.830253
TAP_TAPCELL_ROW_26_1473,VDD,Metal1,889.2665,155.3240,4.830298
TAP_TAPCELL_ROW_26_1472,VDD,Metal1,850.0665,155.3240,4.830400
TAP_TAPCELL_ROW_26_1471,VDD,Metal1,810.8665,155.3240,4.830492
TAP_TAPCELL_ROW_26_1470,VDD,Metal1,771.6665,155.3240,4.830549
TAP_TAPCELL_ROW_26_1469,VDD,Metal1,732.4665,155.3240,4.830556
TAP_TAPCELL_ROW_26_1468,VDD,Metal1,693.2665,155.3240,4.830567
TAP_TAPCELL_ROW_26_1467,VDD,Metal1,654.0665,155.3240,4.830610
TAP_TAPCELL_ROW_26_1466,VDD,Metal1,614.8665,155.3240,4.830474
TAP_TAPCELL_ROW_26_1465,VDD,Metal1,575.6665,155.3240,4.830503
TAP_TAPCELL_ROW_26_1464,VDD,Metal1,536.4665,155.3240,4.830601
TAP_TAPCELL_ROW_26_1463,VDD,Metal1,497.2665,155.3240,4.830724
TAP_TAPCELL_ROW_26_1462,VDD,Metal1,458.0665,155.3240,4.830739
TAP_TAPCELL_ROW_26_1461,VDD,Metal1,418.8665,155.3240,4.830688
TAP_TAPCELL_ROW_26_1460,VDD,Metal1,379.6665,155.3240,4.830657
TAP_TAPCELL_ROW_26_1459,VDD,Metal1,340.4665,155.3240,4.830667
TAP_TAPCELL_ROW_26_1458,VDD,Metal1,301.2665,155.3240,4.830690
TAP_TAPCELL_ROW_26_1457,VDD,Metal1,262.0665,155.3240,4.830617
TAP_TAPCELL_ROW_26_1456,VDD,Metal1,222.8665,155.3240,4.830576
TAP_TAPCELL_ROW_26_1455,VDD,Metal1,183.6665,155.3240,4.830566
TAP_TAPCELL_ROW_26_1454,VDD,Metal1,144.4665,155.3240,4.830535
TAP_TAPCELL_ROW_26_1453,VDD,Metal1,105.2665,155.3240,4.830483
TAP_TAPCELL_ROW_26_1452,VDD,Metal1,66.0665,155.3240,4.830484
TAP_TAPCELL_ROW_26_1451,VDD,Metal1,26.8665,155.3240,4.830526
TAP_TAPCELL_ROW_25_1450,VDD,Metal1,1065.6665,147.0755,4.829484
TAP_TAPCELL_ROW_25_1449,VDD,Metal1,1026.4665,147.0755,4.829519
TAP_TAPCELL_ROW_25_1448,VDD,Metal1,987.2665,147.0755,4.829544
TAP_TAPCELL_ROW_25_1447,VDD,Metal1,948.0665,147.0755,4.829639
TAP_TAPCELL_ROW_25_1446,VDD,Metal1,908.8665,147.0755,4.829654
TAP_TAPCELL_ROW_25_1445,VDD,Metal1,869.6665,147.0755,4.829666
TAP_TAPCELL_ROW_25_1444,VDD,Metal1,830.4665,147.0755,4.829938
TAP_TAPCELL_ROW_25_1443,VDD,Metal1,791.2665,147.0755,4.830026
TAP_TAPCELL_ROW_25_1442,VDD,Metal1,752.0665,147.0755,4.830010
TAP_TAPCELL_ROW_25_1441,VDD,Metal1,712.8665,147.0755,4.830022
TAP_TAPCELL_ROW_25_1440,VDD,Metal1,673.6665,147.0755,4.830071
TAP_TAPCELL_ROW_25_1439,VDD,Metal1,634.4665,147.0755,4.830143
TAP_TAPCELL_ROW_25_1438,VDD,Metal1,595.2665,147.0755,4.830117
TAP_TAPCELL_ROW_25_1437,VDD,Metal1,556.0665,147.0755,4.830110
TAP_TAPCELL_ROW_25_1436,VDD,Metal1,516.8665,147.0755,4.830169
TAP_TAPCELL_ROW_25_1435,VDD,Metal1,477.6665,147.0755,4.830168
TAP_TAPCELL_ROW_25_1434,VDD,Metal1,438.4665,147.0755,4.830105
TAP_TAPCELL_ROW_25_1433,VDD,Metal1,399.2665,147.0755,4.830102
TAP_TAPCELL_ROW_25_1432,VDD,Metal1,360.0665,147.0755,4.830107
TAP_TAPCELL_ROW_25_1431,VDD,Metal1,320.8665,147.0755,4.830173
TAP_TAPCELL_ROW_25_1430,VDD,Metal1,281.6665,147.0755,4.830146
TAP_TAPCELL_ROW_25_1429,VDD,Metal1,242.4665,147.0755,4.830127
TAP_TAPCELL_ROW_25_1428,VDD,Metal1,203.2665,147.0755,4.830125
TAP_TAPCELL_ROW_25_1427,VDD,Metal1,164.0665,147.0755,4.830138
TAP_TAPCELL_ROW_25_1426,VDD,Metal1,124.8665,147.0755,4.830102
TAP_TAPCELL_ROW_25_1425,VDD,Metal1,85.6665,147.0755,4.830099
TAP_TAPCELL_ROW_25_1424,VDD,Metal1,46.4665,147.0755,4.830132
TAP_TAPCELL_ROW_24_1423,VDD,Metal1,1046.0665,145.2440,4.829510
TAP_TAPCELL_ROW_24_1422,VDD,Metal1,1006.8665,145.2440,4.829537
TAP_TAPCELL_ROW_24_1421,VDD,Metal1,967.6665,145.2440,4.829629
TAP_TAPCELL_ROW_24_1420,VDD,Metal1,928.4665,145.2440,4.829644
TAP_TAPCELL_ROW_24_1419,VDD,Metal1,889.2665,145.2440,4.829655
TAP_TAPCELL_ROW_24_1418,VDD,Metal1,850.0665,145.2440,4.829727
TAP_TAPCELL_ROW_24_1417,VDD,Metal1,810.8665,145.2440,4.829957
TAP_TAPCELL_ROW_24_1416,VDD,Metal1,771.6665,145.2440,4.830014
TAP_TAPCELL_ROW_24_1415,VDD,Metal1,732.4665,145.2440,4.830012
TAP_TAPCELL_ROW_24_1414,VDD,Metal1,693.2665,145.2440,4.830055
TAP_TAPCELL_ROW_24_1413,VDD,Metal1,654.0665,145.2440,4.830101
TAP_TAPCELL_ROW_24_1412,VDD,Metal1,614.8665,145.2440,4.830129
TAP_TAPCELL_ROW_24_1411,VDD,Metal1,575.6665,145.2440,4.830113
TAP_TAPCELL_ROW_24_1410,VDD,Metal1,536.4665,145.2440,4.830151
TAP_TAPCELL_ROW_24_1409,VDD,Metal1,497.2665,145.2440,4.830172
TAP_TAPCELL_ROW_24_1408,VDD,Metal1,458.0665,145.2440,4.830147
TAP_TAPCELL_ROW_24_1407,VDD,Metal1,418.8665,145.2440,4.830101
TAP_TAPCELL_ROW_24_1406,VDD,Metal1,379.6665,145.2440,4.830106
TAP_TAPCELL_ROW_24_1405,VDD,Metal1,340.4665,145.2440,4.830145
TAP_TAPCELL_ROW_24_1404,VDD,Metal1,301.2665,145.2440,4.830166
TAP_TAPCELL_ROW_24_1403,VDD,Metal1,262.0665,145.2440,4.830134
TAP_TAPCELL_ROW_24_1402,VDD,Metal1,222.8665,145.2440,4.830123
TAP_TAPCELL_ROW_24_1401,VDD,Metal1,183.6665,145.2440,4.830144
TAP_TAPCELL_ROW_24_1400,VDD,Metal1,144.4665,145.2440,4.830111
TAP_TAPCELL_ROW_24_1399,VDD,Metal1,105.2665,145.2440,4.830099
TAP_TAPCELL_ROW_24_1398,VDD,Metal1,66.0665,145.2440,4.830109
TAP_TAPCELL_ROW_24_1397,VDD,Metal1,26.8665,145.2440,4.830164
TAP_TAPCELL_ROW_23_1396,VDD,Metal1,1065.6665,136.9955,4.829066
TAP_TAPCELL_ROW_23_1395,VDD,Metal1,1026.4665,136.9955,4.829077
TAP_TAPCELL_ROW_23_1394,VDD,Metal1,987.2665,136.9955,4.829118
TAP_TAPCELL_ROW_23_1393,VDD,Metal1,948.0665,136.9955,4.829128
TAP_TAPCELL_ROW_23_1392,VDD,Metal1,908.8665,136.9955,4.829117
TAP_TAPCELL_ROW_23_1391,VDD,Metal1,869.6665,136.9955,4.829105
TAP_TAPCELL_ROW_23_1390,VDD,Metal1,830.4665,136.9955,4.829198
TAP_TAPCELL_ROW_23_1389,VDD,Metal1,791.2665,136.9955,4.829292
TAP_TAPCELL_ROW_23_1388,VDD,Metal1,752.0665,136.9955,4.829192
TAP_TAPCELL_ROW_23_1387,VDD,Metal1,712.8665,136.9955,4.829245
TAP_TAPCELL_ROW_23_1386,VDD,Metal1,673.6665,136.9955,4.829358
TAP_TAPCELL_ROW_23_1385,VDD,Metal1,634.4665,136.9955,4.829454
TAP_TAPCELL_ROW_23_1384,VDD,Metal1,595.2665,136.9955,4.829429
TAP_TAPCELL_ROW_23_1383,VDD,Metal1,556.0665,136.9955,4.829419
TAP_TAPCELL_ROW_23_1382,VDD,Metal1,516.8665,136.9955,4.829416
TAP_TAPCELL_ROW_23_1381,VDD,Metal1,477.6665,136.9955,4.829421
TAP_TAPCELL_ROW_23_1380,VDD,Metal1,438.4665,136.9955,4.829402
TAP_TAPCELL_ROW_23_1379,VDD,Metal1,399.2665,136.9955,4.829436
TAP_TAPCELL_ROW_23_1378,VDD,Metal1,360.0665,136.9955,4.829477
TAP_TAPCELL_ROW_23_1377,VDD,Metal1,320.8665,136.9955,4.829540
TAP_TAPCELL_ROW_23_1376,VDD,Metal1,281.6665,136.9955,4.829443
TAP_TAPCELL_ROW_23_1375,VDD,Metal1,242.4665,136.9955,4.829454
TAP_TAPCELL_ROW_23_1374,VDD,Metal1,203.2665,136.9955,4.829478
TAP_TAPCELL_ROW_23_1373,VDD,Metal1,164.0665,136.9955,4.829564
TAP_TAPCELL_ROW_23_1372,VDD,Metal1,124.8665,136.9955,4.829487
TAP_TAPCELL_ROW_23_1371,VDD,Metal1,85.6665,136.9955,4.829474
TAP_TAPCELL_ROW_23_1370,VDD,Metal1,46.4665,136.9955,4.829564
TAP_TAPCELL_ROW_22_1369,VDD,Metal1,1046.0665,135.1640,4.829075
TAP_TAPCELL_ROW_22_1368,VDD,Metal1,1006.8665,135.1640,4.829108
TAP_TAPCELL_ROW_22_1367,VDD,Metal1,967.6665,135.1640,4.829127
TAP_TAPCELL_ROW_22_1366,VDD,Metal1,928.4665,135.1640,4.829126
TAP_TAPCELL_ROW_22_1365,VDD,Metal1,889.2665,135.1640,4.829101
TAP_TAPCELL_ROW_22_1364,VDD,Metal1,850.0665,135.1640,4.829120
TAP_TAPCELL_ROW_22_1363,VDD,Metal1,810.8665,135.1640,4.829264
TAP_TAPCELL_ROW_22_1362,VDD,Metal1,771.6665,135.1640,4.829200
TAP_TAPCELL_ROW_22_1361,VDD,Metal1,732.4665,135.1640,4.829224
TAP_TAPCELL_ROW_22_1360,VDD,Metal1,693.2665,135.1640,4.829317
TAP_TAPCELL_ROW_22_1359,VDD,Metal1,654.0665,135.1640,4.829407
TAP_TAPCELL_ROW_22_1358,VDD,Metal1,614.8665,135.1640,4.829435
TAP_TAPCELL_ROW_22_1357,VDD,Metal1,575.6665,135.1640,4.829421
TAP_TAPCELL_ROW_22_1356,VDD,Metal1,536.4665,135.1640,4.829415
TAP_TAPCELL_ROW_22_1355,VDD,Metal1,497.2665,135.1640,4.829429
TAP_TAPCELL_ROW_22_1354,VDD,Metal1,458.0665,135.1640,4.829405
TAP_TAPCELL_ROW_22_1353,VDD,Metal1,418.8665,135.1640,4.829420
TAP_TAPCELL_ROW_22_1352,VDD,Metal1,379.6665,135.1640,4.829452
TAP_TAPCELL_ROW_22_1351,VDD,Metal1,340.4665,135.1640,4.829575
TAP_TAPCELL_ROW_22_1350,VDD,Metal1,301.2665,135.1640,4.829451
TAP_TAPCELL_ROW_22_1349,VDD,Metal1,262.0665,135.1640,4.829443
TAP_TAPCELL_ROW_22_1348,VDD,Metal1,222.8665,135.1640,4.829475
TAP_TAPCELL_ROW_22_1347,VDD,Metal1,183.6665,135.1640,4.829531
TAP_TAPCELL_ROW_22_1346,VDD,Metal1,144.4665,135.1640,4.829535
TAP_TAPCELL_ROW_22_1345,VDD,Metal1,105.2665,135.1640,4.829476
TAP_TAPCELL_ROW_22_1344,VDD,Metal1,66.0665,135.1640,4.829488
TAP_TAPCELL_ROW_22_1343,VDD,Metal1,26.8665,135.1640,4.829624
TAP_TAPCELL_ROW_21_1342,VDD,Metal1,1065.6665,126.9155,4.828273
TAP_TAPCELL_ROW_21_1341,VDD,Metal1,1026.4665,126.9155,4.828302
TAP_TAPCELL_ROW_21_1340,VDD,Metal1,987.2665,126.9155,4.828402
TAP_TAPCELL_ROW_21_1339,VDD,Metal1,948.0665,126.9155,4.828618
TAP_TAPCELL_ROW_21_1338,VDD,Metal1,908.8665,126.9155,4.828683
TAP_TAPCELL_ROW_21_1337,VDD,Metal1,869.6665,126.9155,4.828764
TAP_TAPCELL_ROW_21_1336,VDD,Metal1,830.4665,126.9155,4.828867
TAP_TAPCELL_ROW_21_1335,VDD,Metal1,791.2665,126.9155,4.828918
TAP_TAPCELL_ROW_21_1334,VDD,Metal1,752.0665,126.9155,4.828926
TAP_TAPCELL_ROW_21_1333,VDD,Metal1,712.8665,126.9155,4.829001
TAP_TAPCELL_ROW_21_1332,VDD,Metal1,673.6665,126.9155,4.829016
TAP_TAPCELL_ROW_21_1331,VDD,Metal1,634.4665,126.9155,4.829111
TAP_TAPCELL_ROW_21_1330,VDD,Metal1,595.2665,126.9155,4.829105
TAP_TAPCELL_ROW_21_1329,VDD,Metal1,556.0665,126.9155,4.829103
TAP_TAPCELL_ROW_21_1328,VDD,Metal1,516.8665,126.9155,4.829142
TAP_TAPCELL_ROW_21_1327,VDD,Metal1,477.6665,126.9155,4.829183
TAP_TAPCELL_ROW_21_1326,VDD,Metal1,438.4665,126.9155,4.829156
TAP_TAPCELL_ROW_21_1325,VDD,Metal1,399.2665,126.9155,4.829147
TAP_TAPCELL_ROW_21_1324,VDD,Metal1,360.0665,126.9155,4.829149
TAP_TAPCELL_ROW_21_1323,VDD,Metal1,320.8665,126.9155,4.829141
TAP_TAPCELL_ROW_21_1322,VDD,Metal1,281.6665,126.9155,4.829042
TAP_TAPCELL_ROW_21_1321,VDD,Metal1,242.4665,126.9155,4.828995
TAP_TAPCELL_ROW_21_1320,VDD,Metal1,203.2665,126.9155,4.829049
TAP_TAPCELL_ROW_21_1319,VDD,Metal1,164.0665,126.9155,4.829110
TAP_TAPCELL_ROW_21_1318,VDD,Metal1,124.8665,126.9155,4.829087
TAP_TAPCELL_ROW_21_1317,VDD,Metal1,85.6665,126.9155,4.829073
TAP_TAPCELL_ROW_21_1316,VDD,Metal1,46.4665,126.9155,4.829083
TAP_TAPCELL_ROW_20_1315,VDD,Metal1,1046.0665,125.0840,4.828288
TAP_TAPCELL_ROW_20_1314,VDD,Metal1,1006.8665,125.0840,4.828380
TAP_TAPCELL_ROW_20_1313,VDD,Metal1,967.6665,125.0840,4.828457
TAP_TAPCELL_ROW_20_1312,VDD,Metal1,928.4665,125.0840,4.828655
TAP_TAPCELL_ROW_20_1311,VDD,Metal1,889.2665,125.0840,4.828752
TAP_TAPCELL_ROW_20_1310,VDD,Metal1,850.0665,125.0840,4.828865
TAP_TAPCELL_ROW_20_1309,VDD,Metal1,810.8665,125.0840,4.828909
TAP_TAPCELL_ROW_20_1308,VDD,Metal1,771.6665,125.0840,4.828925
TAP_TAPCELL_ROW_20_1307,VDD,Metal1,732.4665,125.0840,4.828952
TAP_TAPCELL_ROW_20_1306,VDD,Metal1,693.2665,125.0840,4.829011
TAP_TAPCELL_ROW_20_1305,VDD,Metal1,654.0665,125.0840,4.829035
TAP_TAPCELL_ROW_20_1304,VDD,Metal1,614.8665,125.0840,4.829107
TAP_TAPCELL_ROW_20_1303,VDD,Metal1,575.6665,125.0840,4.829103
TAP_TAPCELL_ROW_20_1302,VDD,Metal1,536.4665,125.0840,4.829103
TAP_TAPCELL_ROW_20_1301,VDD,Metal1,497.2665,125.0840,4.829166
TAP_TAPCELL_ROW_20_1300,VDD,Metal1,458.0665,125.0840,4.829160
TAP_TAPCELL_ROW_20_1299,VDD,Metal1,418.8665,125.0840,4.829151
TAP_TAPCELL_ROW_20_1298,VDD,Metal1,379.6665,125.0840,4.829148
TAP_TAPCELL_ROW_20_1297,VDD,Metal1,340.4665,125.0840,4.829153
TAP_TAPCELL_ROW_20_1296,VDD,Metal1,301.2665,125.0840,4.829092
TAP_TAPCELL_ROW_20_1295,VDD,Metal1,262.0665,125.0840,4.829025
TAP_TAPCELL_ROW_20_1294,VDD,Metal1,222.8665,125.0840,4.828980
TAP_TAPCELL_ROW_20_1293,VDD,Metal1,183.6665,125.0840,4.829058
TAP_TAPCELL_ROW_20_1292,VDD,Metal1,144.4665,125.0840,4.829100
TAP_TAPCELL_ROW_20_1291,VDD,Metal1,105.2665,125.0840,4.829072
TAP_TAPCELL_ROW_20_1290,VDD,Metal1,66.0665,125.0840,4.829078
TAP_TAPCELL_ROW_20_1289,VDD,Metal1,26.8665,125.0840,4.829120
TAP_TAPCELL_ROW_19_1288,VDD,Metal1,1065.6665,116.8355,4.828150
TAP_TAPCELL_ROW_19_1287,VDD,Metal1,1026.4665,116.8355,4.828183
TAP_TAPCELL_ROW_19_1286,VDD,Metal1,987.2665,116.8355,4.828222
TAP_TAPCELL_ROW_19_1285,VDD,Metal1,948.0665,116.8355,4.828318
TAP_TAPCELL_ROW_19_1284,VDD,Metal1,908.8665,116.8355,4.828354
TAP_TAPCELL_ROW_19_1283,VDD,Metal1,869.6665,116.8355,4.828414
TAP_TAPCELL_ROW_19_1282,VDD,Metal1,830.4665,116.8355,4.828453
TAP_TAPCELL_ROW_19_1281,VDD,Metal1,791.2665,116.8355,4.828583
TAP_TAPCELL_ROW_19_1280,VDD,Metal1,752.0665,116.8355,4.828640
TAP_TAPCELL_ROW_19_1279,VDD,Metal1,712.8665,116.8355,4.828657
TAP_TAPCELL_ROW_19_1278,VDD,Metal1,673.6665,116.8355,4.828667
TAP_TAPCELL_ROW_19_1277,VDD,Metal1,634.4665,116.8355,4.828670
TAP_TAPCELL_ROW_19_1276,VDD,Metal1,595.2665,116.8355,4.828676
TAP_TAPCELL_ROW_19_1275,VDD,Metal1,556.0665,116.8355,4.828681
TAP_TAPCELL_ROW_19_1274,VDD,Metal1,516.8665,116.8355,4.828785
TAP_TAPCELL_ROW_19_1273,VDD,Metal1,477.6665,116.8355,4.828836
TAP_TAPCELL_ROW_19_1272,VDD,Metal1,438.4665,116.8355,4.828812
TAP_TAPCELL_ROW_19_1271,VDD,Metal1,399.2665,116.8355,4.828813
TAP_TAPCELL_ROW_19_1270,VDD,Metal1,360.0665,116.8355,4.828826
TAP_TAPCELL_ROW_19_1269,VDD,Metal1,320.8665,116.8355,4.828854
TAP_TAPCELL_ROW_19_1268,VDD,Metal1,281.6665,116.8355,4.828840
TAP_TAPCELL_ROW_19_1267,VDD,Metal1,242.4665,116.8355,4.828838
TAP_TAPCELL_ROW_19_1266,VDD,Metal1,203.2665,116.8355,4.828910
TAP_TAPCELL_ROW_19_1265,VDD,Metal1,164.0665,116.8355,4.828898
TAP_TAPCELL_ROW_19_1264,VDD,Metal1,124.8665,116.8355,4.828879
TAP_TAPCELL_ROW_19_1263,VDD,Metal1,85.6665,116.8355,4.828847
TAP_TAPCELL_ROW_19_1262,VDD,Metal1,46.4665,116.8355,4.828859
TAP_TAPCELL_ROW_18_1261,VDD,Metal1,1046.0665,115.0040,4.828152
TAP_TAPCELL_ROW_18_1260,VDD,Metal1,1006.8665,115.0040,4.828188
TAP_TAPCELL_ROW_18_1259,VDD,Metal1,967.6665,115.0040,4.828295
TAP_TAPCELL_ROW_18_1258,VDD,Metal1,928.4665,115.0040,4.828318
TAP_TAPCELL_ROW_18_1257,VDD,Metal1,889.2665,115.0040,4.828377
TAP_TAPCELL_ROW_18_1256,VDD,Metal1,850.0665,115.0040,4.828420
TAP_TAPCELL_ROW_18_1255,VDD,Metal1,810.8665,115.0040,4.828517
TAP_TAPCELL_ROW_18_1254,VDD,Metal1,771.6665,115.0040,4.828608
TAP_TAPCELL_ROW_18_1253,VDD,Metal1,732.4665,115.0040,4.828642
TAP_TAPCELL_ROW_18_1252,VDD,Metal1,693.2665,115.0040,4.828661
TAP_TAPCELL_ROW_18_1251,VDD,Metal1,654.0665,115.0040,4.828668
TAP_TAPCELL_ROW_18_1250,VDD,Metal1,614.8665,115.0040,4.828669
TAP_TAPCELL_ROW_18_1249,VDD,Metal1,575.6665,115.0040,4.828676
TAP_TAPCELL_ROW_18_1248,VDD,Metal1,536.4665,115.0040,4.828730
TAP_TAPCELL_ROW_18_1247,VDD,Metal1,497.2665,115.0040,4.828814
TAP_TAPCELL_ROW_18_1246,VDD,Metal1,458.0665,115.0040,4.828828
TAP_TAPCELL_ROW_18_1245,VDD,Metal1,418.8665,115.0040,4.828812
TAP_TAPCELL_ROW_18_1244,VDD,Metal1,379.6665,115.0040,4.828823
TAP_TAPCELL_ROW_18_1243,VDD,Metal1,340.4665,115.0040,4.828838
TAP_TAPCELL_ROW_18_1242,VDD,Metal1,301.2665,115.0040,4.828842
TAP_TAPCELL_ROW_18_1241,VDD,Metal1,262.0665,115.0040,4.828836
TAP_TAPCELL_ROW_18_1240,VDD,Metal1,222.8665,115.0040,4.828840
TAP_TAPCELL_ROW_18_1239,VDD,Metal1,183.6665,115.0040,4.828911
TAP_TAPCELL_ROW_18_1238,VDD,Metal1,144.4665,115.0040,4.828887
TAP_TAPCELL_ROW_18_1237,VDD,Metal1,105.2665,115.0040,4.828862
TAP_TAPCELL_ROW_18_1236,VDD,Metal1,66.0665,115.0040,4.828852
TAP_TAPCELL_ROW_18_1235,VDD,Metal1,26.8665,115.0040,4.828876
TAP_TAPCELL_ROW_17_1234,VDD,Metal1,1065.6665,106.7555,4.827741
TAP_TAPCELL_ROW_17_1233,VDD,Metal1,1026.4665,106.7555,4.827761
TAP_TAPCELL_ROW_17_1232,VDD,Metal1,987.2665,106.7555,4.827810
TAP_TAPCELL_ROW_17_1231,VDD,Metal1,948.0665,106.7555,4.827858
TAP_TAPCELL_ROW_17_1230,VDD,Metal1,908.8665,106.7555,4.827851
TAP_TAPCELL_ROW_17_1229,VDD,Metal1,869.6665,106.7555,4.827911
TAP_TAPCELL_ROW_17_1228,VDD,Metal1,830.4665,106.7555,4.828042
TAP_TAPCELL_ROW_17_1227,VDD,Metal1,791.2665,106.7555,4.828066
TAP_TAPCELL_ROW_17_1226,VDD,Metal1,752.0665,106.7555,4.828118
TAP_TAPCELL_ROW_17_1225,VDD,Metal1,712.8665,106.7555,4.828221
TAP_TAPCELL_ROW_17_1224,VDD,Metal1,673.6665,106.7555,4.828341
TAP_TAPCELL_ROW_17_1223,VDD,Metal1,634.4665,106.7555,4.828457
TAP_TAPCELL_ROW_17_1222,VDD,Metal1,595.2665,106.7555,4.828461
TAP_TAPCELL_ROW_17_1221,VDD,Metal1,556.0665,106.7555,4.828466
TAP_TAPCELL_ROW_17_1220,VDD,Metal1,516.8665,106.7555,4.828498
TAP_TAPCELL_ROW_17_1219,VDD,Metal1,477.6665,106.7555,4.828504
TAP_TAPCELL_ROW_17_1218,VDD,Metal1,438.4665,106.7555,4.828481
TAP_TAPCELL_ROW_17_1217,VDD,Metal1,399.2665,106.7555,4.828486
TAP_TAPCELL_ROW_17_1216,VDD,Metal1,360.0665,106.7555,4.828496
TAP_TAPCELL_ROW_17_1215,VDD,Metal1,320.8665,106.7555,4.828528
TAP_TAPCELL_ROW_17_1214,VDD,Metal1,281.6665,106.7555,4.828523
TAP_TAPCELL_ROW_17_1213,VDD,Metal1,242.4665,106.7555,4.828552
TAP_TAPCELL_ROW_17_1212,VDD,Metal1,203.2665,106.7555,4.828581
TAP_TAPCELL_ROW_17_1211,VDD,Metal1,164.0665,106.7555,4.828610
TAP_TAPCELL_ROW_17_1210,VDD,Metal1,124.8665,106.7555,4.828604
TAP_TAPCELL_ROW_17_1209,VDD,Metal1,85.6665,106.7555,4.828602
TAP_TAPCELL_ROW_17_1208,VDD,Metal1,46.4665,106.7555,4.828647
TAP_TAPCELL_ROW_16_1207,VDD,Metal1,1046.0665,104.9240,4.827743
TAP_TAPCELL_ROW_16_1206,VDD,Metal1,1006.8665,104.9240,4.827801
TAP_TAPCELL_ROW_16_1205,VDD,Metal1,967.6665,104.9240,4.827812
TAP_TAPCELL_ROW_16_1204,VDD,Metal1,928.4665,104.9240,4.827852
TAP_TAPCELL_ROW_16_1203,VDD,Metal1,889.2665,104.9240,4.827854
TAP_TAPCELL_ROW_16_1202,VDD,Metal1,850.0665,104.9240,4.827929
TAP_TAPCELL_ROW_16_1201,VDD,Metal1,810.8665,104.9240,4.828054
TAP_TAPCELL_ROW_16_1200,VDD,Metal1,771.6665,104.9240,4.828099
TAP_TAPCELL_ROW_16_1199,VDD,Metal1,732.4665,104.9240,4.828153
TAP_TAPCELL_ROW_16_1198,VDD,Metal1,693.2665,104.9240,4.828252
TAP_TAPCELL_ROW_16_1197,VDD,Metal1,654.0665,104.9240,4.828386
TAP_TAPCELL_ROW_16_1196,VDD,Metal1,614.8665,104.9240,4.828456
TAP_TAPCELL_ROW_16_1195,VDD,Metal1,575.6665,104.9240,4.828466
TAP_TAPCELL_ROW_16_1194,VDD,Metal1,536.4665,104.9240,4.828482
TAP_TAPCELL_ROW_16_1193,VDD,Metal1,497.2665,104.9240,4.828500
TAP_TAPCELL_ROW_16_1192,VDD,Metal1,458.0665,104.9240,4.828495
TAP_TAPCELL_ROW_16_1191,VDD,Metal1,418.8665,104.9240,4.828481
TAP_TAPCELL_ROW_16_1190,VDD,Metal1,379.6665,104.9240,4.828491
TAP_TAPCELL_ROW_16_1189,VDD,Metal1,340.4665,104.9240,4.828512
TAP_TAPCELL_ROW_16_1188,VDD,Metal1,301.2665,104.9240,4.828523
TAP_TAPCELL_ROW_16_1187,VDD,Metal1,262.0665,104.9240,4.828542
TAP_TAPCELL_ROW_16_1186,VDD,Metal1,222.8665,104.9240,4.828576
TAP_TAPCELL_ROW_16_1185,VDD,Metal1,183.6665,104.9240,4.828593
TAP_TAPCELL_ROW_16_1184,VDD,Metal1,144.4665,104.9240,4.828605
TAP_TAPCELL_ROW_16_1183,VDD,Metal1,105.2665,104.9240,4.828603
TAP_TAPCELL_ROW_16_1182,VDD,Metal1,66.0665,104.9240,4.828616
TAP_TAPCELL_ROW_16_1181,VDD,Metal1,26.8665,104.9240,4.828677
TAP_TAPCELL_ROW_15_1180,VDD,Metal1,1065.6665,96.6755,4.827109
TAP_TAPCELL_ROW_15_1179,VDD,Metal1,1026.4665,96.6755,4.827144
TAP_TAPCELL_ROW_15_1178,VDD,Metal1,987.2665,96.6755,4.827177
TAP_TAPCELL_ROW_15_1177,VDD,Metal1,948.0665,96.6755,4.827418
TAP_TAPCELL_ROW_15_1176,VDD,Metal1,908.8665,96.6755,4.827475
TAP_TAPCELL_ROW_15_1175,VDD,Metal1,869.6665,96.6755,4.827601
TAP_TAPCELL_ROW_15_1174,VDD,Metal1,830.4665,96.6755,4.827753
TAP_TAPCELL_ROW_15_1173,VDD,Metal1,791.2665,96.6755,4.827807
TAP_TAPCELL_ROW_15_1172,VDD,Metal1,752.0665,96.6755,4.827841
TAP_TAPCELL_ROW_15_1171,VDD,Metal1,712.8665,96.6755,4.827939
TAP_TAPCELL_ROW_15_1170,VDD,Metal1,673.6665,96.6755,4.828047
TAP_TAPCELL_ROW_15_1169,VDD,Metal1,634.4665,96.6755,4.828117
TAP_TAPCELL_ROW_15_1168,VDD,Metal1,595.2665,96.6755,4.828085
TAP_TAPCELL_ROW_15_1167,VDD,Metal1,556.0665,96.6755,4.828052
TAP_TAPCELL_ROW_15_1166,VDD,Metal1,516.8665,96.6755,4.827847
TAP_TAPCELL_ROW_15_1165,VDD,Metal1,477.6665,96.6755,4.827824
TAP_TAPCELL_ROW_15_1164,VDD,Metal1,438.4665,96.6755,4.827801
TAP_TAPCELL_ROW_15_1163,VDD,Metal1,399.2665,96.6755,4.827786
TAP_TAPCELL_ROW_15_1162,VDD,Metal1,360.0665,96.6755,4.827817
TAP_TAPCELL_ROW_15_1161,VDD,Metal1,320.8665,96.6755,4.827933
TAP_TAPCELL_ROW_15_1160,VDD,Metal1,281.6665,96.6755,4.827938
TAP_TAPCELL_ROW_15_1159,VDD,Metal1,242.4665,96.6755,4.827947
TAP_TAPCELL_ROW_15_1158,VDD,Metal1,203.2665,96.6755,4.827990
TAP_TAPCELL_ROW_15_1157,VDD,Metal1,164.0665,96.6755,4.828023
TAP_TAPCELL_ROW_15_1156,VDD,Metal1,124.8665,96.6755,4.828043
TAP_TAPCELL_ROW_15_1155,VDD,Metal1,85.6665,96.6755,4.828143
TAP_TAPCELL_ROW_15_1154,VDD,Metal1,46.4665,96.6755,4.828222
TAP_TAPCELL_ROW_14_1153,VDD,Metal1,1046.0665,94.8440,4.827109
TAP_TAPCELL_ROW_14_1152,VDD,Metal1,1006.8665,94.8440,4.827163
TAP_TAPCELL_ROW_14_1151,VDD,Metal1,967.6665,94.8440,4.827183
TAP_TAPCELL_ROW_14_1150,VDD,Metal1,928.4665,94.8440,4.827437
TAP_TAPCELL_ROW_14_1149,VDD,Metal1,889.2665,94.8440,4.827508
TAP_TAPCELL_ROW_14_1148,VDD,Metal1,850.0665,94.8440,4.827678
TAP_TAPCELL_ROW_14_1147,VDD,Metal1,810.8665,94.8440,4.827760
TAP_TAPCELL_ROW_14_1146,VDD,Metal1,771.6665,94.8440,4.827827
TAP_TAPCELL_ROW_14_1145,VDD,Metal1,732.4665,94.8440,4.827903
TAP_TAPCELL_ROW_14_1144,VDD,Metal1,693.2665,94.8440,4.828001
TAP_TAPCELL_ROW_14_1143,VDD,Metal1,654.0665,94.8440,4.828080
TAP_TAPCELL_ROW_14_1142,VDD,Metal1,614.8665,94.8440,4.828099
TAP_TAPCELL_ROW_14_1141,VDD,Metal1,575.6665,94.8440,4.828063
TAP_TAPCELL_ROW_14_1140,VDD,Metal1,536.4665,94.8440,4.827848
TAP_TAPCELL_ROW_14_1139,VDD,Metal1,497.2665,94.8440,4.827843
TAP_TAPCELL_ROW_14_1138,VDD,Metal1,458.0665,94.8440,4.827816
TAP_TAPCELL_ROW_14_1137,VDD,Metal1,418.8665,94.8440,4.827787
TAP_TAPCELL_ROW_14_1136,VDD,Metal1,379.6665,94.8440,4.827791
TAP_TAPCELL_ROW_14_1135,VDD,Metal1,340.4665,94.8440,4.827828
TAP_TAPCELL_ROW_14_1134,VDD,Metal1,301.2665,94.8440,4.827933
TAP_TAPCELL_ROW_14_1133,VDD,Metal1,262.0665,94.8440,4.827945
TAP_TAPCELL_ROW_14_1132,VDD,Metal1,222.8665,94.8440,4.827956
TAP_TAPCELL_ROW_14_1131,VDD,Metal1,183.6665,94.8440,4.828021
TAP_TAPCELL_ROW_14_1130,VDD,Metal1,144.4665,94.8440,4.827978
TAP_TAPCELL_ROW_14_1129,VDD,Metal1,105.2665,94.8440,4.828045
TAP_TAPCELL_ROW_14_1128,VDD,Metal1,66.0665,94.8440,4.828149
TAP_TAPCELL_ROW_14_1127,VDD,Metal1,26.8665,94.8440,4.828280
TAP_TAPCELL_ROW_13_1126,VDD,Metal1,1065.6665,86.5955,4.826705
TAP_TAPCELL_ROW_13_1125,VDD,Metal1,1026.4665,86.5955,4.826710
TAP_TAPCELL_ROW_13_1124,VDD,Metal1,987.2665,86.5955,4.826733
TAP_TAPCELL_ROW_13_1123,VDD,Metal1,948.0665,86.5955,4.826840
TAP_TAPCELL_ROW_13_1122,VDD,Metal1,908.8665,86.5955,4.826859
TAP_TAPCELL_ROW_13_1121,VDD,Metal1,869.6665,86.5955,4.826918
TAP_TAPCELL_ROW_13_1120,VDD,Metal1,830.4665,86.5955,4.826954
TAP_TAPCELL_ROW_13_1119,VDD,Metal1,791.2665,86.5955,4.827094
TAP_TAPCELL_ROW_13_1118,VDD,Metal1,752.0665,86.5955,4.827111
TAP_TAPCELL_ROW_13_1117,VDD,Metal1,712.8665,86.5955,4.827121
TAP_TAPCELL_ROW_13_1116,VDD,Metal1,673.6665,86.5955,4.827145
TAP_TAPCELL_ROW_13_1115,VDD,Metal1,634.4665,86.5955,4.827698
TAP_TAPCELL_ROW_13_1114,VDD,Metal1,595.2665,86.5955,4.827684
TAP_TAPCELL_ROW_13_1113,VDD,Metal1,556.0665,86.5955,4.827666
TAP_TAPCELL_ROW_13_1112,VDD,Metal1,516.8665,86.5955,4.827664
TAP_TAPCELL_ROW_13_1111,VDD,Metal1,477.6665,86.5955,4.827746
TAP_TAPCELL_ROW_13_1110,VDD,Metal1,438.4665,86.5955,4.827722
TAP_TAPCELL_ROW_13_1109,VDD,Metal1,399.2665,86.5955,4.827680
TAP_TAPCELL_ROW_13_1108,VDD,Metal1,360.0665,86.5955,4.827680
TAP_TAPCELL_ROW_13_1107,VDD,Metal1,320.8665,86.5955,4.827685
TAP_TAPCELL_ROW_13_1106,VDD,Metal1,281.6665,86.5955,4.827674
TAP_TAPCELL_ROW_13_1105,VDD,Metal1,242.4665,86.5955,4.827690
TAP_TAPCELL_ROW_13_1104,VDD,Metal1,203.2665,86.5955,4.827787
TAP_TAPCELL_ROW_13_1103,VDD,Metal1,164.0665,86.5955,4.827808
TAP_TAPCELL_ROW_13_1102,VDD,Metal1,124.8665,86.5955,4.827816
TAP_TAPCELL_ROW_13_1101,VDD,Metal1,85.6665,86.5955,4.827869
TAP_TAPCELL_ROW_13_1100,VDD,Metal1,46.4665,86.5955,4.827904
TAP_TAPCELL_ROW_12_1099,VDD,Metal1,1046.0665,84.7640,4.826705
TAP_TAPCELL_ROW_12_1098,VDD,Metal1,1006.8665,84.7640,4.826713
TAP_TAPCELL_ROW_12_1097,VDD,Metal1,967.6665,84.7640,4.826806
TAP_TAPCELL_ROW_12_1096,VDD,Metal1,928.4665,84.7640,4.826855
TAP_TAPCELL_ROW_12_1095,VDD,Metal1,889.2665,84.7640,4.826873
TAP_TAPCELL_ROW_12_1094,VDD,Metal1,850.0665,84.7640,4.826933
TAP_TAPCELL_ROW_12_1093,VDD,Metal1,810.8665,84.7640,4.827012
TAP_TAPCELL_ROW_12_1092,VDD,Metal1,771.6665,84.7640,4.827102
TAP_TAPCELL_ROW_12_1091,VDD,Metal1,732.4665,84.7640,4.827116
TAP_TAPCELL_ROW_12_1090,VDD,Metal1,693.2665,84.7640,4.827133
TAP_TAPCELL_ROW_12_1089,VDD,Metal1,654.0665,84.7640,4.827239
TAP_TAPCELL_ROW_12_1088,VDD,Metal1,614.8665,84.7640,4.827692
TAP_TAPCELL_ROW_12_1087,VDD,Metal1,575.6665,84.7640,4.827675
TAP_TAPCELL_ROW_12_1086,VDD,Metal1,536.4665,84.7640,4.827660
TAP_TAPCELL_ROW_12_1085,VDD,Metal1,497.2665,84.7640,4.827679
TAP_TAPCELL_ROW_12_1084,VDD,Metal1,458.0665,84.7640,4.827729
TAP_TAPCELL_ROW_12_1083,VDD,Metal1,418.8665,84.7640,4.827687
TAP_TAPCELL_ROW_12_1082,VDD,Metal1,379.6665,84.7640,4.827680
TAP_TAPCELL_ROW_12_1081,VDD,Metal1,340.4665,84.7640,4.827683
TAP_TAPCELL_ROW_12_1080,VDD,Metal1,301.2665,84.7640,4.827681
TAP_TAPCELL_ROW_12_1079,VDD,Metal1,262.0665,84.7640,4.827676
TAP_TAPCELL_ROW_12_1078,VDD,Metal1,222.8665,84.7640,4.827700
TAP_TAPCELL_ROW_12_1077,VDD,Metal1,183.6665,84.7640,4.827812
TAP_TAPCELL_ROW_12_1076,VDD,Metal1,144.4665,84.7640,4.827802
TAP_TAPCELL_ROW_12_1075,VDD,Metal1,105.2665,84.7640,4.827835
TAP_TAPCELL_ROW_12_1074,VDD,Metal1,66.0665,84.7640,4.827870
TAP_TAPCELL_ROW_12_1073,VDD,Metal1,26.8665,84.7640,4.827968
TAP_TAPCELL_ROW_11_1072,VDD,Metal1,1065.6665,76.5155,4.826802
TAP_TAPCELL_ROW_11_1071,VDD,Metal1,1026.4665,76.5155,4.826815
TAP_TAPCELL_ROW_11_1070,VDD,Metal1,987.2665,76.5155,4.826835
TAP_TAPCELL_ROW_11_1069,VDD,Metal1,948.0665,76.5155,4.826849
TAP_TAPCELL_ROW_11_1068,VDD,Metal1,908.8665,76.5155,4.826857
TAP_TAPCELL_ROW_11_1067,VDD,Metal1,869.6665,76.5155,4.826912
TAP_TAPCELL_ROW_11_1066,VDD,Metal1,830.4665,76.5155,4.826997
TAP_TAPCELL_ROW_11_1065,VDD,Metal1,791.2665,76.5155,4.827097
TAP_TAPCELL_ROW_11_1064,VDD,Metal1,752.0665,76.5155,4.827088
TAP_TAPCELL_ROW_11_1063,VDD,Metal1,712.8665,76.5155,4.827202
TAP_TAPCELL_ROW_11_1062,VDD,Metal1,673.6665,76.5155,4.827273
TAP_TAPCELL_ROW_11_1061,VDD,Metal1,634.4665,76.5155,4.827429
TAP_TAPCELL_ROW_11_1060,VDD,Metal1,595.2665,76.5155,4.827333
TAP_TAPCELL_ROW_11_1059,VDD,Metal1,556.0665,76.5155,4.827348
TAP_TAPCELL_ROW_11_1058,VDD,Metal1,516.8665,76.5155,4.827438
TAP_TAPCELL_ROW_11_1057,VDD,Metal1,477.6665,76.5155,4.827549
TAP_TAPCELL_ROW_11_1056,VDD,Metal1,438.4665,76.5155,4.827569
TAP_TAPCELL_ROW_11_1055,VDD,Metal1,399.2665,76.5155,4.827590
TAP_TAPCELL_ROW_11_1054,VDD,Metal1,360.0665,76.5155,4.827597
TAP_TAPCELL_ROW_11_1053,VDD,Metal1,320.8665,76.5155,4.827621
TAP_TAPCELL_ROW_11_1052,VDD,Metal1,281.6665,76.5155,4.827592
TAP_TAPCELL_ROW_11_1051,VDD,Metal1,242.4665,76.5155,4.827565
TAP_TAPCELL_ROW_11_1050,VDD,Metal1,203.2665,76.5155,4.827576
TAP_TAPCELL_ROW_11_1049,VDD,Metal1,164.0665,76.5155,4.827621
TAP_TAPCELL_ROW_11_1048,VDD,Metal1,124.8665,76.5155,4.827590
TAP_TAPCELL_ROW_11_1047,VDD,Metal1,85.6665,76.5155,4.827644
TAP_TAPCELL_ROW_11_1046,VDD,Metal1,46.4665,76.5155,4.827722
TAP_TAPCELL_ROW_10_1045,VDD,Metal1,1046.0665,74.6840,4.826807
TAP_TAPCELL_ROW_10_1044,VDD,Metal1,1006.8665,74.6840,4.826826
TAP_TAPCELL_ROW_10_1043,VDD,Metal1,967.6665,74.6840,4.826845
TAP_TAPCELL_ROW_10_1042,VDD,Metal1,928.4665,74.6840,4.826849
TAP_TAPCELL_ROW_10_1041,VDD,Metal1,889.2665,74.6840,4.826872
TAP_TAPCELL_ROW_10_1040,VDD,Metal1,850.0665,74.6840,4.826965
TAP_TAPCELL_ROW_10_1039,VDD,Metal1,810.8665,74.6840,4.827053
TAP_TAPCELL_ROW_10_1038,VDD,Metal1,771.6665,74.6840,4.827082
TAP_TAPCELL_ROW_10_1037,VDD,Metal1,732.4665,74.6840,4.827159
TAP_TAPCELL_ROW_10_1036,VDD,Metal1,693.2665,74.6840,4.827266
TAP_TAPCELL_ROW_10_1035,VDD,Metal1,654.0665,74.6840,4.827346
TAP_TAPCELL_ROW_10_1034,VDD,Metal1,614.8665,74.6840,4.827362
TAP_TAPCELL_ROW_10_1033,VDD,Metal1,575.6665,74.6840,4.827342
TAP_TAPCELL_ROW_10_1032,VDD,Metal1,536.4665,74.6840,4.827373
TAP_TAPCELL_ROW_10_1031,VDD,Metal1,497.2665,74.6840,4.827488
TAP_TAPCELL_ROW_10_1030,VDD,Metal1,458.0665,74.6840,4.827553
TAP_TAPCELL_ROW_10_1029,VDD,Metal1,418.8665,74.6840,4.827581
TAP_TAPCELL_ROW_10_1028,VDD,Metal1,379.6665,74.6840,4.827594
TAP_TAPCELL_ROW_10_1027,VDD,Metal1,340.4665,74.6840,4.827601
TAP_TAPCELL_ROW_10_1026,VDD,Metal1,301.2665,74.6840,4.827603
TAP_TAPCELL_ROW_10_1025,VDD,Metal1,262.0665,74.6840,4.827570
TAP_TAPCELL_ROW_10_1024,VDD,Metal1,222.8665,74.6840,4.827569
TAP_TAPCELL_ROW_10_1023,VDD,Metal1,183.6665,74.6840,4.827583
TAP_TAPCELL_ROW_10_1022,VDD,Metal1,144.4665,74.6840,4.827576
TAP_TAPCELL_ROW_10_1021,VDD,Metal1,105.2665,74.6840,4.827598
TAP_TAPCELL_ROW_10_1020,VDD,Metal1,66.0665,74.6840,4.827708
TAP_TAPCELL_ROW_10_1019,VDD,Metal1,26.8665,74.6840,4.827738
TAP_TAPCELL_ROW_9_1018,VDD,Metal1,1065.6665,66.4355,4.826217
TAP_TAPCELL_ROW_9_1017,VDD,Metal1,1026.4665,66.4355,4.826231
TAP_TAPCELL_ROW_9_1016,VDD,Metal1,987.2665,66.4355,4.826268
TAP_TAPCELL_ROW_9_1015,VDD,Metal1,948.0665,66.4355,4.826303
TAP_TAPCELL_ROW_9_1014,VDD,Metal1,908.8665,66.4355,4.826342
TAP_TAPCELL_ROW_9_1013,VDD,Metal1,869.6665,66.4355,4.826460
TAP_TAPCELL_ROW_9_1012,VDD,Metal1,830.4665,66.4355,4.826526
TAP_TAPCELL_ROW_9_1011,VDD,Metal1,791.2665,66.4355,4.826889
TAP_TAPCELL_ROW_9_1010,VDD,Metal1,752.0665,66.4355,4.826973
TAP_TAPCELL_ROW_9_1009,VDD,Metal1,712.8665,66.4355,4.827050
TAP_TAPCELL_ROW_9_1008,VDD,Metal1,673.6665,66.4355,4.827189
TAP_TAPCELL_ROW_9_1007,VDD,Metal1,634.4665,66.4355,4.827360
TAP_TAPCELL_ROW_9_1006,VDD,Metal1,595.2665,66.4355,4.827368
TAP_TAPCELL_ROW_9_1005,VDD,Metal1,556.0665,66.4355,4.827383
TAP_TAPCELL_ROW_9_1004,VDD,Metal1,516.8665,66.4355,4.827420
TAP_TAPCELL_ROW_9_1003,VDD,Metal1,477.6665,66.4355,4.827467
TAP_TAPCELL_ROW_9_1002,VDD,Metal1,438.4665,66.4355,4.827474
TAP_TAPCELL_ROW_9_1001,VDD,Metal1,399.2665,66.4355,4.827488
TAP_TAPCELL_ROW_9_1000,VDD,Metal1,360.0665,66.4355,4.827491
TAP_TAPCELL_ROW_9_999,VDD,Metal1,320.8665,66.4355,4.827475
TAP_TAPCELL_ROW_9_998,VDD,Metal1,281.6665,66.4355,4.827457
TAP_TAPCELL_ROW_9_997,VDD,Metal1,242.4665,66.4355,4.827416
TAP_TAPCELL_ROW_9_996,VDD,Metal1,203.2665,66.4355,4.827398
TAP_TAPCELL_ROW_9_995,VDD,Metal1,164.0665,66.4355,4.827413
TAP_TAPCELL_ROW_9_994,VDD,Metal1,124.8665,66.4355,4.827318
TAP_TAPCELL_ROW_9_993,VDD,Metal1,85.6665,66.4355,4.827326
TAP_TAPCELL_ROW_9_992,VDD,Metal1,46.4665,66.4355,4.827338
TAP_TAPCELL_ROW_8_991,VDD,Metal1,1046.0665,64.6040,4.826223
TAP_TAPCELL_ROW_8_990,VDD,Metal1,1006.8665,64.6040,4.826238
TAP_TAPCELL_ROW_8_989,VDD,Metal1,967.6665,64.6040,4.826300
TAP_TAPCELL_ROW_8_988,VDD,Metal1,928.4665,64.6040,4.826310
TAP_TAPCELL_ROW_8_987,VDD,Metal1,889.2665,64.6040,4.826408
TAP_TAPCELL_ROW_8_986,VDD,Metal1,850.0665,64.6040,4.826469
TAP_TAPCELL_ROW_8_985,VDD,Metal1,810.8665,64.6040,4.826591
TAP_TAPCELL_ROW_8_984,VDD,Metal1,771.6665,64.6040,4.826964
TAP_TAPCELL_ROW_8_983,VDD,Metal1,732.4665,64.6040,4.827019
TAP_TAPCELL_ROW_8_982,VDD,Metal1,693.2665,64.6040,4.827143
TAP_TAPCELL_ROW_8_981,VDD,Metal1,654.0665,64.6040,4.827240
TAP_TAPCELL_ROW_8_980,VDD,Metal1,614.8665,64.6040,4.827365
TAP_TAPCELL_ROW_8_979,VDD,Metal1,575.6665,64.6040,4.827368
TAP_TAPCELL_ROW_8_978,VDD,Metal1,536.4665,64.6040,4.827407
TAP_TAPCELL_ROW_8_977,VDD,Metal1,497.2665,64.6040,4.827427
TAP_TAPCELL_ROW_8_976,VDD,Metal1,458.0665,64.6040,4.827472
TAP_TAPCELL_ROW_8_975,VDD,Metal1,418.8665,64.6040,4.827486
TAP_TAPCELL_ROW_8_974,VDD,Metal1,379.6665,64.6040,4.827488
TAP_TAPCELL_ROW_8_973,VDD,Metal1,340.4665,64.6040,4.827491
TAP_TAPCELL_ROW_8_972,VDD,Metal1,301.2665,64.6040,4.827461
TAP_TAPCELL_ROW_8_971,VDD,Metal1,262.0665,64.6040,4.827438
TAP_TAPCELL_ROW_8_970,VDD,Metal1,222.8665,64.6040,4.827401
TAP_TAPCELL_ROW_8_969,VDD,Metal1,183.6665,64.6040,4.827416
TAP_TAPCELL_ROW_8_968,VDD,Metal1,144.4665,64.6040,4.827328
TAP_TAPCELL_ROW_8_967,VDD,Metal1,105.2665,64.6040,4.827320
TAP_TAPCELL_ROW_8_966,VDD,Metal1,66.0665,64.6040,4.827330
TAP_TAPCELL_ROW_8_965,VDD,Metal1,26.8665,64.6040,4.827366
TAP_TAPCELL_ROW_7_964,VDD,Metal1,1065.6665,56.3555,4.826197
TAP_TAPCELL_ROW_7_963,VDD,Metal1,1026.4665,56.3555,4.826229
TAP_TAPCELL_ROW_7_962,VDD,Metal1,987.2665,56.3555,4.826331
TAP_TAPCELL_ROW_7_961,VDD,Metal1,948.0665,56.3555,4.826425
TAP_TAPCELL_ROW_7_960,VDD,Metal1,908.8665,56.3555,4.826430
TAP_TAPCELL_ROW_7_959,VDD,Metal1,869.6665,56.3555,4.826446
TAP_TAPCELL_ROW_7_958,VDD,Metal1,830.4665,56.3555,4.826546
TAP_TAPCELL_ROW_7_957,VDD,Metal1,791.2665,56.3555,4.826738
TAP_TAPCELL_ROW_7_956,VDD,Metal1,752.0665,56.3555,4.826726
TAP_TAPCELL_ROW_7_955,VDD,Metal1,712.8665,56.3555,4.826751
TAP_TAPCELL_ROW_7_954,VDD,Metal1,673.6665,56.3555,4.826823
TAP_TAPCELL_ROW_7_953,VDD,Metal1,634.4665,56.3555,4.826957
TAP_TAPCELL_ROW_7_952,VDD,Metal1,595.2665,56.3555,4.826957
TAP_TAPCELL_ROW_7_951,VDD,Metal1,556.0665,56.3555,4.826957
TAP_TAPCELL_ROW_7_950,VDD,Metal1,516.8665,56.3555,4.826983
TAP_TAPCELL_ROW_7_949,VDD,Metal1,477.6665,56.3555,4.827085
TAP_TAPCELL_ROW_7_948,VDD,Metal1,438.4665,56.3555,4.827111
TAP_TAPCELL_ROW_7_947,VDD,Metal1,399.2665,56.3555,4.827139
TAP_TAPCELL_ROW_7_946,VDD,Metal1,360.0665,56.3555,4.827176
TAP_TAPCELL_ROW_7_945,VDD,Metal1,320.8665,56.3555,4.827106
TAP_TAPCELL_ROW_7_944,VDD,Metal1,281.6665,56.3555,4.827015
TAP_TAPCELL_ROW_7_943,VDD,Metal1,242.4665,56.3555,4.826939
TAP_TAPCELL_ROW_7_942,VDD,Metal1,203.2665,56.3555,4.826965
TAP_TAPCELL_ROW_7_941,VDD,Metal1,164.0665,56.3555,4.826936
TAP_TAPCELL_ROW_7_940,VDD,Metal1,124.8665,56.3555,4.826850
TAP_TAPCELL_ROW_7_939,VDD,Metal1,85.6665,56.3555,4.826847
TAP_TAPCELL_ROW_7_938,VDD,Metal1,46.4665,56.3555,4.826876
TAP_TAPCELL_ROW_6_937,VDD,Metal1,1046.0665,54.5240,4.826202
TAP_TAPCELL_ROW_6_936,VDD,Metal1,1006.8665,54.5240,4.826252
TAP_TAPCELL_ROW_6_935,VDD,Metal1,967.6665,54.5240,4.826414
TAP_TAPCELL_ROW_6_934,VDD,Metal1,928.4665,54.5240,4.826425
TAP_TAPCELL_ROW_6_933,VDD,Metal1,889.2665,54.5240,4.826443
TAP_TAPCELL_ROW_6_932,VDD,Metal1,850.0665,54.5240,4.826461
TAP_TAPCELL_ROW_6_931,VDD,Metal1,810.8665,54.5240,4.826694
TAP_TAPCELL_ROW_6_930,VDD,Metal1,771.6665,54.5240,4.826737
TAP_TAPCELL_ROW_6_929,VDD,Metal1,732.4665,54.5240,4.826727
TAP_TAPCELL_ROW_6_928,VDD,Metal1,693.2665,54.5240,4.826765
TAP_TAPCELL_ROW_6_927,VDD,Metal1,654.0665,54.5240,4.826914
TAP_TAPCELL_ROW_6_926,VDD,Metal1,614.8665,54.5240,4.826957
TAP_TAPCELL_ROW_6_925,VDD,Metal1,575.6665,54.5240,4.826957
TAP_TAPCELL_ROW_6_924,VDD,Metal1,536.4665,54.5240,4.826979
TAP_TAPCELL_ROW_6_923,VDD,Metal1,497.2665,54.5240,4.827044
TAP_TAPCELL_ROW_6_922,VDD,Metal1,458.0665,54.5240,4.827093
TAP_TAPCELL_ROW_6_921,VDD,Metal1,418.8665,54.5240,4.827127
TAP_TAPCELL_ROW_6_920,VDD,Metal1,379.6665,54.5240,4.827160
TAP_TAPCELL_ROW_6_919,VDD,Metal1,340.4665,54.5240,4.827181
TAP_TAPCELL_ROW_6_918,VDD,Metal1,301.2665,54.5240,4.827056
TAP_TAPCELL_ROW_6_917,VDD,Metal1,262.0665,54.5240,4.827014
TAP_TAPCELL_ROW_6_916,VDD,Metal1,222.8665,54.5240,4.826944
TAP_TAPCELL_ROW_6_915,VDD,Metal1,183.6665,54.5240,4.826977
TAP_TAPCELL_ROW_6_914,VDD,Metal1,144.4665,54.5240,4.826862
TAP_TAPCELL_ROW_6_913,VDD,Metal1,105.2665,54.5240,4.826845
TAP_TAPCELL_ROW_6_912,VDD,Metal1,66.0665,54.5240,4.826869
TAP_TAPCELL_ROW_6_911,VDD,Metal1,26.8665,54.5240,4.826966
TAP_TAPCELL_ROW_5_910,VDD,Metal1,1065.6665,46.2755,4.825405
TAP_TAPCELL_ROW_5_909,VDD,Metal1,1026.4665,46.2755,4.825461
TAP_TAPCELL_ROW_5_908,VDD,Metal1,987.2665,46.2755,4.825940
TAP_TAPCELL_ROW_5_907,VDD,Metal1,948.0665,46.2755,4.826000
TAP_TAPCELL_ROW_5_906,VDD,Metal1,908.8665,46.2755,4.826016
TAP_TAPCELL_ROW_5_905,VDD,Metal1,869.6665,46.2755,4.826043
TAP_TAPCELL_ROW_5_904,VDD,Metal1,830.4665,46.2755,4.826086
TAP_TAPCELL_ROW_5_903,VDD,Metal1,791.2665,46.2755,4.826278
TAP_TAPCELL_ROW_5_902,VDD,Metal1,752.0665,46.2755,4.826278
TAP_TAPCELL_ROW_5_901,VDD,Metal1,712.8665,46.2755,4.826377
TAP_TAPCELL_ROW_5_900,VDD,Metal1,673.6665,46.2755,4.826476
TAP_TAPCELL_ROW_5_899,VDD,Metal1,634.4665,46.2755,4.826627
TAP_TAPCELL_ROW_5_898,VDD,Metal1,595.2665,46.2755,4.826641
TAP_TAPCELL_ROW_5_897,VDD,Metal1,556.0665,46.2755,4.826808
TAP_TAPCELL_ROW_5_896,VDD,Metal1,516.8665,46.2755,4.826835
TAP_TAPCELL_ROW_5_895,VDD,Metal1,477.6665,46.2755,4.826897
TAP_TAPCELL_ROW_5_894,VDD,Metal1,438.4665,46.2755,4.826917
TAP_TAPCELL_ROW_5_893,VDD,Metal1,399.2665,46.2755,4.827130
TAP_TAPCELL_ROW_5_892,VDD,Metal1,360.0665,46.2755,4.827163
TAP_TAPCELL_ROW_5_891,VDD,Metal1,320.8665,46.2755,4.827191
TAP_TAPCELL_ROW_5_890,VDD,Metal1,281.6665,46.2755,4.827113
TAP_TAPCELL_ROW_5_889,VDD,Metal1,242.4665,46.2755,4.827110
TAP_TAPCELL_ROW_5_888,VDD,Metal1,203.2665,46.2755,4.827115
TAP_TAPCELL_ROW_5_887,VDD,Metal1,164.0665,46.2755,4.827129
TAP_TAPCELL_ROW_5_886,VDD,Metal1,124.8665,46.2755,4.827107
TAP_TAPCELL_ROW_5_885,VDD,Metal1,85.6665,46.2755,4.827110
TAP_TAPCELL_ROW_5_884,VDD,Metal1,46.4665,46.2755,4.827130
TAP_TAPCELL_ROW_4_883,VDD,Metal1,1046.0665,44.4440,4.825411
TAP_TAPCELL_ROW_4_882,VDD,Metal1,1006.8665,44.4440,4.825747
TAP_TAPCELL_ROW_4_881,VDD,Metal1,967.6665,44.4440,4.825952
TAP_TAPCELL_ROW_4_880,VDD,Metal1,928.4665,44.4440,4.826014
TAP_TAPCELL_ROW_4_879,VDD,Metal1,889.2665,44.4440,4.826016
TAP_TAPCELL_ROW_4_878,VDD,Metal1,850.0665,44.4440,4.826076
TAP_TAPCELL_ROW_4_877,VDD,Metal1,810.8665,44.4440,4.826247
TAP_TAPCELL_ROW_4_876,VDD,Metal1,771.6665,44.4440,4.826276
TAP_TAPCELL_ROW_4_875,VDD,Metal1,732.4665,44.4440,4.826294
TAP_TAPCELL_ROW_4_874,VDD,Metal1,693.2665,44.4440,4.826474
TAP_TAPCELL_ROW_4_873,VDD,Metal1,654.0665,44.4440,4.826594
TAP_TAPCELL_ROW_4_872,VDD,Metal1,614.8665,44.4440,4.826627
TAP_TAPCELL_ROW_4_871,VDD,Metal1,575.6665,44.4440,4.826657
TAP_TAPCELL_ROW_4_870,VDD,Metal1,536.4665,44.4440,4.826819
TAP_TAPCELL_ROW_4_869,VDD,Metal1,497.2665,44.4440,4.826868
TAP_TAPCELL_ROW_4_868,VDD,Metal1,458.0665,44.4440,4.826906
TAP_TAPCELL_ROW_4_867,VDD,Metal1,418.8665,44.4440,4.827090
TAP_TAPCELL_ROW_4_866,VDD,Metal1,379.6665,44.4440,4.827144
TAP_TAPCELL_ROW_4_865,VDD,Metal1,340.4665,44.4440,4.827184
TAP_TAPCELL_ROW_4_864,VDD,Metal1,301.2665,44.4440,4.827145
TAP_TAPCELL_ROW_4_863,VDD,Metal1,262.0665,44.4440,4.827110
TAP_TAPCELL_ROW_4_862,VDD,Metal1,222.8665,44.4440,4.827111
TAP_TAPCELL_ROW_4_861,VDD,Metal1,183.6665,44.4440,4.827136
TAP_TAPCELL_ROW_4_860,VDD,Metal1,144.4665,44.4440,4.827114
TAP_TAPCELL_ROW_4_859,VDD,Metal1,105.2665,44.4440,4.827107
TAP_TAPCELL_ROW_4_858,VDD,Metal1,66.0665,44.4440,4.827125
TAP_TAPCELL_ROW_4_857,VDD,Metal1,26.8665,44.4440,4.827177
TAP_TAPCELL_ROW_3_856,VDD,Metal1,1065.6665,36.1955,4.826043
TAP_TAPCELL_ROW_3_855,VDD,Metal1,1026.4665,36.1955,4.826059
TAP_TAPCELL_ROW_3_854,VDD,Metal1,987.2665,36.1955,4.826077
TAP_TAPCELL_ROW_3_853,VDD,Metal1,948.0665,36.1955,4.826235
TAP_TAPCELL_ROW_3_852,VDD,Metal1,908.8665,36.1955,4.826248
TAP_TAPCELL_ROW_3_851,VDD,Metal1,869.6665,36.1955,4.826325
TAP_TAPCELL_ROW_3_850,VDD,Metal1,830.4665,36.1955,4.826363
TAP_TAPCELL_ROW_3_849,VDD,Metal1,791.2665,36.1955,4.826414
TAP_TAPCELL_ROW_3_848,VDD,Metal1,752.0665,36.1955,4.826475
TAP_TAPCELL_ROW_3_847,VDD,Metal1,712.8665,36.1955,4.826491
TAP_TAPCELL_ROW_3_846,VDD,Metal1,673.6665,36.1955,4.826555
TAP_TAPCELL_ROW_3_845,VDD,Metal1,634.4665,36.1955,4.826646
TAP_TAPCELL_ROW_3_844,VDD,Metal1,595.2665,36.1955,4.826658
TAP_TAPCELL_ROW_3_843,VDD,Metal1,556.0665,36.1955,4.826687
TAP_TAPCELL_ROW_3_842,VDD,Metal1,516.8665,36.1955,4.826727
TAP_TAPCELL_ROW_3_841,VDD,Metal1,477.6665,36.1955,4.826761
TAP_TAPCELL_ROW_3_840,VDD,Metal1,438.4665,36.1955,4.826761
TAP_TAPCELL_ROW_3_839,VDD,Metal1,399.2665,36.1955,4.826777
TAP_TAPCELL_ROW_3_838,VDD,Metal1,360.0665,36.1955,4.826797
TAP_TAPCELL_ROW_3_837,VDD,Metal1,320.8665,36.1955,4.826947
TAP_TAPCELL_ROW_3_836,VDD,Metal1,281.6665,36.1955,4.826936
TAP_TAPCELL_ROW_3_835,VDD,Metal1,242.4665,36.1955,4.826928
TAP_TAPCELL_ROW_3_834,VDD,Metal1,203.2665,36.1955,4.826925
TAP_TAPCELL_ROW_3_833,VDD,Metal1,164.0665,36.1955,4.826930
TAP_TAPCELL_ROW_3_832,VDD,Metal1,124.8665,36.1955,4.826909
TAP_TAPCELL_ROW_3_831,VDD,Metal1,85.6665,36.1955,4.826865
TAP_TAPCELL_ROW_3_830,VDD,Metal1,46.4665,36.1955,4.826949
TAP_TAPCELL_ROW_2_829,VDD,Metal1,1046.0665,34.3640,4.826054
TAP_TAPCELL_ROW_2_828,VDD,Metal1,1006.8665,34.3640,4.826071
TAP_TAPCELL_ROW_2_827,VDD,Metal1,967.6665,34.3640,4.826177
TAP_TAPCELL_ROW_2_826,VDD,Metal1,928.4665,34.3640,4.826242
TAP_TAPCELL_ROW_2_825,VDD,Metal1,889.2665,34.3640,4.826316
TAP_TAPCELL_ROW_2_824,VDD,Metal1,850.0665,34.3640,4.826342
TAP_TAPCELL_ROW_2_823,VDD,Metal1,810.8665,34.3640,4.826387
TAP_TAPCELL_ROW_2_822,VDD,Metal1,771.6665,34.3640,4.826461
TAP_TAPCELL_ROW_2_821,VDD,Metal1,732.4665,34.3640,4.826487
TAP_TAPCELL_ROW_2_820,VDD,Metal1,693.2665,34.3640,4.826535
TAP_TAPCELL_ROW_2_819,VDD,Metal1,654.0665,34.3640,4.826641
TAP_TAPCELL_ROW_2_818,VDD,Metal1,614.8665,34.3640,4.826647
TAP_TAPCELL_ROW_2_817,VDD,Metal1,575.6665,34.3640,4.826661
TAP_TAPCELL_ROW_2_816,VDD,Metal1,536.4665,34.3640,4.826698
TAP_TAPCELL_ROW_2_815,VDD,Metal1,497.2665,34.3640,4.826751
TAP_TAPCELL_ROW_2_814,VDD,Metal1,458.0665,34.3640,4.826760
TAP_TAPCELL_ROW_2_813,VDD,Metal1,418.8665,34.3640,4.826765
TAP_TAPCELL_ROW_2_812,VDD,Metal1,379.6665,34.3640,4.826783
TAP_TAPCELL_ROW_2_811,VDD,Metal1,340.4665,34.3640,4.826921
TAP_TAPCELL_ROW_2_810,VDD,Metal1,301.2665,34.3640,4.826939
TAP_TAPCELL_ROW_2_809,VDD,Metal1,262.0665,34.3640,4.826931
TAP_TAPCELL_ROW_2_808,VDD,Metal1,222.8665,34.3640,4.826926
TAP_TAPCELL_ROW_2_807,VDD,Metal1,183.6665,34.3640,4.826927
TAP_TAPCELL_ROW_2_806,VDD,Metal1,144.4665,34.3640,4.826909
TAP_TAPCELL_ROW_2_805,VDD,Metal1,105.2665,34.3640,4.826896
TAP_TAPCELL_ROW_2_804,VDD,Metal1,66.0665,34.3640,4.826868
TAP_TAPCELL_ROW_2_803,VDD,Metal1,26.8665,34.3640,4.827114
TAP_TAPCELL_ROW_1_802,VDD,Metal1,1065.6665,26.1155,4.825988
TAP_TAPCELL_ROW_1_801,VDD,Metal1,1026.4665,26.1155,4.826023
TAP_TAPCELL_ROW_1_800,VDD,Metal1,987.2665,26.1155,4.826093
TAP_TAPCELL_ROW_1_799,VDD,Metal1,948.0665,26.1155,4.826183
TAP_TAPCELL_ROW_1_798,VDD,Metal1,908.8665,26.1155,4.826273
TAP_TAPCELL_ROW_1_797,VDD,Metal1,869.6665,26.1155,4.826362
TAP_TAPCELL_ROW_1_796,VDD,Metal1,830.4665,26.1155,4.826458
TAP_TAPCELL_ROW_1_795,VDD,Metal1,791.2665,26.1155,4.826564
TAP_TAPCELL_ROW_1_794,VDD,Metal1,752.0665,26.1155,4.826572
TAP_TAPCELL_ROW_1_793,VDD,Metal1,712.8665,26.1155,4.826587
TAP_TAPCELL_ROW_1_792,VDD,Metal1,673.6665,26.1155,4.826620
TAP_TAPCELL_ROW_1_791,VDD,Metal1,634.4665,26.1155,4.826656
TAP_TAPCELL_ROW_1_790,VDD,Metal1,595.2665,26.1155,4.826558
TAP_TAPCELL_ROW_1_789,VDD,Metal1,556.0665,26.1155,4.826550
TAP_TAPCELL_ROW_1_788,VDD,Metal1,516.8665,26.1155,4.826627
TAP_TAPCELL_ROW_1_787,VDD,Metal1,477.6665,26.1155,4.826805
TAP_TAPCELL_ROW_1_786,VDD,Metal1,438.4665,26.1155,4.826779
TAP_TAPCELL_ROW_1_785,VDD,Metal1,399.2665,26.1155,4.826772
TAP_TAPCELL_ROW_1_784,VDD,Metal1,360.0665,26.1155,4.826767
TAP_TAPCELL_ROW_1_783,VDD,Metal1,320.8665,26.1155,4.826717
TAP_TAPCELL_ROW_1_782,VDD,Metal1,281.6665,26.1155,4.826609
TAP_TAPCELL_ROW_1_781,VDD,Metal1,242.4665,26.1155,4.826603
TAP_TAPCELL_ROW_1_780,VDD,Metal1,203.2665,26.1155,4.826714
TAP_TAPCELL_ROW_1_779,VDD,Metal1,164.0665,26.1155,4.826737
TAP_TAPCELL_ROW_1_778,VDD,Metal1,124.8665,26.1155,4.826792
TAP_TAPCELL_ROW_1_777,VDD,Metal1,85.6665,26.1155,4.826817
TAP_TAPCELL_ROW_1_776,VDD,Metal1,46.4665,26.1155,4.826975
TAP_TAPCELL_ROW_0_775,VDD,Metal1,1073.5065,24.2840,4.825988
TAP_TAPCELL_ROW_0_774,VDD,Metal1,1054.4665,24.2840,4.825988
TAP_TAPCELL_ROW_0_773,VDD,Metal1,1035.4265,24.2840,4.825995
TAP_TAPCELL_ROW_0_772,VDD,Metal1,1016.3865,24.2840,4.826042
TAP_TAPCELL_ROW_0_771,VDD,Metal1,997.3465,24.2840,4.826067
TAP_TAPCELL_ROW_0_770,VDD,Metal1,978.3065,24.2840,4.826100
TAP_TAPCELL_ROW_0_769,VDD,Metal1,959.2665,24.2840,4.826121
TAP_TAPCELL_ROW_0_768,VDD,Metal1,940.2265,24.2840,4.826237
TAP_TAPCELL_ROW_0_767,VDD,Metal1,921.1865,24.2840,4.826266
TAP_TAPCELL_ROW_0_766,VDD,Metal1,902.1465,24.2840,4.826297
TAP_TAPCELL_ROW_0_765,VDD,Metal1,883.1065,24.2840,4.826313
TAP_TAPCELL_ROW_0_764,VDD,Metal1,864.0665,24.2840,4.826362
TAP_TAPCELL_ROW_0_763,VDD,Metal1,845.0265,24.2840,4.826402
TAP_TAPCELL_ROW_0_762,VDD,Metal1,825.9865,24.2840,4.826466
TAP_TAPCELL_ROW_0_761,VDD,Metal1,806.9465,24.2840,4.826515
TAP_TAPCELL_ROW_0_760,VDD,Metal1,787.9065,24.2840,4.826567
TAP_TAPCELL_ROW_0_759,VDD,Metal1,768.8665,24.2840,4.826569
TAP_TAPCELL_ROW_0_758,VDD,Metal1,749.8265,24.2840,4.826574
TAP_TAPCELL_ROW_0_757,VDD,Metal1,730.7865,24.2840,4.826580
TAP_TAPCELL_ROW_0_756,VDD,Metal1,711.7465,24.2840,4.826589
TAP_TAPCELL_ROW_0_755,VDD,Metal1,692.7065,24.2840,4.826595
TAP_TAPCELL_ROW_0_754,VDD,Metal1,673.6665,24.2840,4.826620
TAP_TAPCELL_ROW_0_753,VDD,Metal1,654.6265,24.2840,4.826639
TAP_TAPCELL_ROW_0_752,VDD,Metal1,635.5865,24.2840,4.826659
TAP_TAPCELL_ROW_0_751,VDD,Metal1,616.5465,24.2840,4.826589
TAP_TAPCELL_ROW_0_750,VDD,Metal1,597.5065,24.2840,4.826564
TAP_TAPCELL_ROW_0_749,VDD,Metal1,578.4665,24.2840,4.826553
TAP_TAPCELL_ROW_0_748,VDD,Metal1,559.4265,24.2840,4.826546
TAP_TAPCELL_ROW_0_747,VDD,Metal1,540.3865,24.2840,4.826550
TAP_TAPCELL_ROW_0_746,VDD,Metal1,521.3465,24.2840,4.826594
TAP_TAPCELL_ROW_0_745,VDD,Metal1,502.3065,24.2840,4.826724
TAP_TAPCELL_ROW_0_744,VDD,Metal1,483.2665,24.2840,4.826815
TAP_TAPCELL_ROW_0_743,VDD,Metal1,464.2265,24.2840,4.826798
TAP_TAPCELL_ROW_0_742,VDD,Metal1,445.1865,24.2840,4.826787
TAP_TAPCELL_ROW_0_741,VDD,Metal1,426.1465,24.2840,4.826777
TAP_TAPCELL_ROW_0_740,VDD,Metal1,407.1065,24.2840,4.826774
TAP_TAPCELL_ROW_0_739,VDD,Metal1,388.0665,24.2840,4.826771
TAP_TAPCELL_ROW_0_738,VDD,Metal1,369.0265,24.2840,4.826768
TAP_TAPCELL_ROW_0_737,VDD,Metal1,349.9865,24.2840,4.826765
TAP_TAPCELL_ROW_0_736,VDD,Metal1,330.9465,24.2840,4.826761
TAP_TAPCELL_ROW_0_735,VDD,Metal1,311.9065,24.2840,4.826664
TAP_TAPCELL_ROW_0_734,VDD,Metal1,292.8665,24.2840,4.826618
TAP_TAPCELL_ROW_0_733,VDD,Metal1,273.8265,24.2840,4.826605
TAP_TAPCELL_ROW_0_732,VDD,Metal1,254.7865,24.2840,4.826603
TAP_TAPCELL_ROW_0_731,VDD,Metal1,235.7465,24.2840,4.826609
TAP_TAPCELL_ROW_0_730,VDD,Metal1,216.7065,24.2840,4.826618
TAP_TAPCELL_ROW_0_729,VDD,Metal1,197.6665,24.2840,4.826714
TAP_TAPCELL_ROW_0_728,VDD,Metal1,178.6265,24.2840,4.826748
TAP_TAPCELL_ROW_0_727,VDD,Metal1,159.5865,24.2840,4.826737
TAP_TAPCELL_ROW_0_726,VDD,Metal1,140.5465,24.2840,4.826753
TAP_TAPCELL_ROW_0_725,VDD,Metal1,121.5065,24.2840,4.826797
TAP_TAPCELL_ROW_0_724,VDD,Metal1,102.4665,24.2840,4.826810
TAP_TAPCELL_ROW_0_723,VDD,Metal1,83.4265,24.2840,4.826829
TAP_TAPCELL_ROW_0_722,VDD,Metal1,64.3865,24.2840,4.826843
TAP_TAPCELL_ROW_0_721,VDD,Metal1,45.3465,24.2840,4.826979
TAP_TAPCELL_ROW_0_720,VDD,Metal1,26.3065,24.2840,4.827129
PHY_EDGE_ROW_208_2_Right_719,VDD,Metal1,520.6630,1072.6040,4.939376
PHY_EDGE_ROW_207_2_Right_718,VDD,Metal1,520.6630,1064.3555,4.936350
PHY_EDGE_ROW_206_2_Right_717,VDD,Metal1,520.6630,1062.5240,4.936350
PHY_EDGE_ROW_205_2_Right_716,VDD,Metal1,520.6630,1054.2755,4.936106
PHY_EDGE_ROW_204_2_Right_715,VDD,Metal1,520.6630,1052.4440,4.936106
PHY_EDGE_ROW_203_2_Right_714,VDD,Metal1,520.6630,1044.1955,4.935841
PHY_EDGE_ROW_202_2_Right_713,VDD,Metal1,520.6630,1042.3640,4.935841
PHY_EDGE_ROW_201_2_Right_712,VDD,Metal1,520.6630,1034.1155,4.935564
PHY_EDGE_ROW_200_2_Right_711,VDD,Metal1,520.6630,1032.2840,4.935564
PHY_EDGE_ROW_199_2_Right_710,VDD,Metal1,520.6630,1024.0355,4.935310
PHY_EDGE_ROW_198_2_Right_709,VDD,Metal1,520.6630,1022.2040,4.935310
PHY_EDGE_ROW_197_2_Right_708,VDD,Metal1,520.6630,1013.9555,4.935007
PHY_EDGE_ROW_196_2_Right_707,VDD,Metal1,520.6630,1012.1240,4.935007
PHY_EDGE_ROW_195_2_Right_706,VDD,Metal1,520.6630,1003.8755,4.934781
PHY_EDGE_ROW_194_2_Right_705,VDD,Metal1,520.6630,1002.0440,4.934781
PHY_EDGE_ROW_193_2_Right_704,VDD,Metal1,520.6630,993.7955,4.934461
PHY_EDGE_ROW_192_2_Right_703,VDD,Metal1,520.6630,991.9640,4.934461
PHY_EDGE_ROW_191_2_Right_702,VDD,Metal1,520.6630,983.7155,4.934118
PHY_EDGE_ROW_190_2_Right_701,VDD,Metal1,520.6630,981.8840,4.934118
PHY_EDGE_ROW_189_2_Right_700,VDD,Metal1,520.6630,973.6355,4.934008
PHY_EDGE_ROW_188_2_Right_699,VDD,Metal1,520.6630,971.8040,4.934008
PHY_EDGE_ROW_187_2_Right_698,VDD,Metal1,520.6630,963.5555,4.933779
PHY_EDGE_ROW_186_2_Right_697,VDD,Metal1,520.6630,961.7240,4.933779
PHY_EDGE_ROW_185_2_Right_696,VDD,Metal1,520.6630,953.4755,4.933537
PHY_EDGE_ROW_184_2_Right_695,VDD,Metal1,520.6630,951.6440,4.933537
PHY_EDGE_ROW_183_2_Right_694,VDD,Metal1,520.6630,943.3955,4.933160
PHY_EDGE_ROW_182_2_Right_693,VDD,Metal1,520.6630,941.5640,4.933160
PHY_EDGE_ROW_181_2_Right_692,VDD,Metal1,520.6630,933.3155,4.932750
PHY_EDGE_ROW_180_2_Right_691,VDD,Metal1,520.6630,931.4840,4.932750
PHY_EDGE_ROW_179_2_Right_690,VDD,Metal1,520.6630,923.2355,4.932343
PHY_EDGE_ROW_178_2_Right_689,VDD,Metal1,520.6630,921.4040,4.932343
PHY_EDGE_ROW_177_2_Right_688,VDD,Metal1,520.6630,913.1555,4.932045
PHY_EDGE_ROW_176_2_Right_687,VDD,Metal1,520.6630,911.3240,4.932045
PHY_EDGE_ROW_175_2_Right_686,VDD,Metal1,520.6630,903.0755,4.931534
PHY_EDGE_ROW_174_2_Right_685,VDD,Metal1,520.6630,901.2440,4.931534
PHY_EDGE_ROW_173_2_Right_684,VDD,Metal1,520.6630,892.9955,4.931217
PHY_EDGE_ROW_172_2_Right_683,VDD,Metal1,520.6630,891.1640,4.931217
PHY_EDGE_ROW_171_2_Right_682,VDD,Metal1,520.6630,882.9155,4.930961
PHY_EDGE_ROW_170_2_Right_681,VDD,Metal1,520.6630,881.0840,4.930961
PHY_EDGE_ROW_169_2_Right_680,VDD,Metal1,520.6630,872.8355,4.930657
PHY_EDGE_ROW_168_2_Right_679,VDD,Metal1,520.6630,871.0040,4.930657
PHY_EDGE_ROW_167_2_Right_678,VDD,Metal1,520.6630,862.7555,4.930286
PHY_EDGE_ROW_166_2_Right_677,VDD,Metal1,520.6630,860.9240,4.930286
PHY_EDGE_ROW_165_2_Right_676,VDD,Metal1,520.6630,852.6755,4.929953
PHY_EDGE_ROW_164_2_Right_675,VDD,Metal1,520.6630,850.8440,4.929953
PHY_EDGE_ROW_163_2_Right_674,VDD,Metal1,520.6630,842.5955,4.929363
PHY_EDGE_ROW_162_2_Right_673,VDD,Metal1,520.6630,840.7640,4.929363
PHY_EDGE_ROW_161_2_Right_672,VDD,Metal1,520.6630,832.5155,4.929298
PHY_EDGE_ROW_160_2_Right_671,VDD,Metal1,520.6630,830.6840,4.929298
PHY_EDGE_ROW_159_2_Right_670,VDD,Metal1,520.6630,822.4355,4.929050
PHY_EDGE_ROW_158_2_Right_669,VDD,Metal1,520.6630,820.6040,4.929050
PHY_EDGE_ROW_157_2_Right_668,VDD,Metal1,520.6630,812.3555,4.928754
PHY_EDGE_ROW_156_2_Right_667,VDD,Metal1,520.6630,810.5240,4.928754
PHY_EDGE_ROW_155_2_Right_666,VDD,Metal1,520.6630,802.2755,4.928458
PHY_EDGE_ROW_154_2_Right_665,VDD,Metal1,520.6630,800.4440,4.928458
PHY_EDGE_ROW_153_2_Right_664,VDD,Metal1,520.6630,792.1955,4.928009
PHY_EDGE_ROW_152_2_Right_663,VDD,Metal1,520.6630,790.3640,4.928009
PHY_EDGE_ROW_151_2_Right_662,VDD,Metal1,520.6630,782.1155,4.927573
PHY_EDGE_ROW_150_2_Right_661,VDD,Metal1,520.6630,780.2840,4.927573
PHY_EDGE_ROW_149_2_Right_660,VDD,Metal1,520.6630,772.0355,4.927075
PHY_EDGE_ROW_148_2_Right_659,VDD,Metal1,520.6630,770.2040,4.927075
PHY_EDGE_ROW_147_2_Right_658,VDD,Metal1,520.6630,761.9555,4.926552
PHY_EDGE_ROW_146_2_Right_657,VDD,Metal1,520.6630,760.1240,4.926552
PHY_EDGE_ROW_145_2_Right_656,VDD,Metal1,520.6630,751.8755,4.926172
PHY_EDGE_ROW_144_2_Right_655,VDD,Metal1,520.6630,750.0440,4.926172
PHY_EDGE_ROW_143_2_Right_654,VDD,Metal1,520.6630,741.7955,4.925559
PHY_EDGE_ROW_142_2_Right_653,VDD,Metal1,520.6630,739.9640,4.925559
PHY_EDGE_ROW_141_2_Right_652,VDD,Metal1,520.6630,731.7155,4.925375
PHY_EDGE_ROW_140_2_Right_651,VDD,Metal1,520.6630,729.8840,4.925375
PHY_EDGE_ROW_139_2_Right_650,VDD,Metal1,520.6630,721.6355,4.924956
PHY_EDGE_ROW_138_2_Right_649,VDD,Metal1,520.6630,719.8040,4.924956
PHY_EDGE_ROW_137_2_Right_648,VDD,Metal1,520.6630,711.5555,4.924517
PHY_EDGE_ROW_136_2_Right_647,VDD,Metal1,520.6630,709.7240,4.924517
PHY_EDGE_ROW_208_3_Left_646,VDD,Metal1,973.4165,1072.6040,4.982835
PHY_EDGE_ROW_207_3_Left_645,VDD,Metal1,973.4165,1064.3555,4.968437
PHY_EDGE_ROW_206_3_Left_644,VDD,Metal1,973.4165,1062.5240,4.968437
PHY_EDGE_ROW_205_3_Left_643,VDD,Metal1,973.4165,1054.2755,4.967470
PHY_EDGE_ROW_204_3_Left_642,VDD,Metal1,973.4165,1052.4440,4.967470
PHY_EDGE_ROW_203_3_Left_641,VDD,Metal1,973.4165,1044.1955,4.966639
PHY_EDGE_ROW_202_3_Left_640,VDD,Metal1,973.4165,1042.3640,4.966639
PHY_EDGE_ROW_201_3_Left_639,VDD,Metal1,973.4165,1034.1155,4.965876
PHY_EDGE_ROW_200_3_Left_638,VDD,Metal1,973.4165,1032.2840,4.965876
PHY_EDGE_ROW_199_3_Left_637,VDD,Metal1,973.4165,1024.0355,4.965041
PHY_EDGE_ROW_198_3_Left_636,VDD,Metal1,973.4165,1022.2040,4.965041
PHY_EDGE_ROW_197_3_Left_635,VDD,Metal1,973.4165,1013.9555,4.964227
PHY_EDGE_ROW_196_3_Left_634,VDD,Metal1,973.4165,1012.1240,4.964227
PHY_EDGE_ROW_195_3_Left_633,VDD,Metal1,973.4165,1003.8755,4.963311
PHY_EDGE_ROW_194_3_Left_632,VDD,Metal1,973.4165,1002.0440,4.963311
PHY_EDGE_ROW_193_3_Left_631,VDD,Metal1,973.4165,993.7955,4.962900
PHY_EDGE_ROW_192_3_Left_630,VDD,Metal1,973.4165,991.9640,4.962900
PHY_EDGE_ROW_191_3_Left_629,VDD,Metal1,973.4165,983.7155,4.962074
PHY_EDGE_ROW_190_3_Left_628,VDD,Metal1,973.4165,981.8840,4.962074
PHY_EDGE_ROW_189_3_Left_627,VDD,Metal1,973.4165,973.6355,4.961386
PHY_EDGE_ROW_188_3_Left_626,VDD,Metal1,973.4165,971.8040,4.961386
PHY_EDGE_ROW_187_3_Left_625,VDD,Metal1,973.4165,963.5555,4.961019
PHY_EDGE_ROW_186_3_Left_624,VDD,Metal1,973.4165,961.7240,4.961019
PHY_EDGE_ROW_185_3_Left_623,VDD,Metal1,973.4165,953.4755,4.960090
PHY_EDGE_ROW_184_3_Left_622,VDD,Metal1,973.4165,951.6440,4.960090
PHY_EDGE_ROW_183_3_Left_621,VDD,Metal1,973.4165,943.3955,4.959381
PHY_EDGE_ROW_182_3_Left_620,VDD,Metal1,973.4165,941.5640,4.959381
PHY_EDGE_ROW_181_3_Left_619,VDD,Metal1,973.4165,933.3155,4.958866
PHY_EDGE_ROW_180_3_Left_618,VDD,Metal1,973.4165,931.4840,4.958866
PHY_EDGE_ROW_179_3_Left_617,VDD,Metal1,973.4165,923.2355,4.957998
PHY_EDGE_ROW_178_3_Left_616,VDD,Metal1,973.4165,921.4040,4.957998
PHY_EDGE_ROW_177_3_Left_615,VDD,Metal1,973.4165,913.1555,4.957380
PHY_EDGE_ROW_176_3_Left_614,VDD,Metal1,973.4165,911.3240,4.957380
PHY_EDGE_ROW_175_3_Left_613,VDD,Metal1,973.4165,903.0755,4.956833
PHY_EDGE_ROW_174_3_Left_612,VDD,Metal1,973.4165,901.2440,4.956833
PHY_EDGE_ROW_173_3_Left_611,VDD,Metal1,973.4165,892.9955,4.956201
PHY_EDGE_ROW_172_3_Left_610,VDD,Metal1,973.4165,891.1640,4.956201
PHY_EDGE_ROW_171_3_Left_609,VDD,Metal1,973.4165,882.9155,4.955942
PHY_EDGE_ROW_170_3_Left_608,VDD,Metal1,973.4165,881.0840,4.955942
PHY_EDGE_ROW_169_3_Left_607,VDD,Metal1,973.4165,872.8355,4.955208
PHY_EDGE_ROW_168_3_Left_606,VDD,Metal1,973.4165,871.0040,4.955208
PHY_EDGE_ROW_167_3_Left_605,VDD,Metal1,973.4165,862.7555,4.954806
PHY_EDGE_ROW_166_3_Left_604,VDD,Metal1,973.4165,860.9240,4.954806
PHY_EDGE_ROW_165_3_Left_603,VDD,Metal1,973.4165,852.6755,4.954140
PHY_EDGE_ROW_164_3_Left_602,VDD,Metal1,973.4165,850.8440,4.954140
PHY_EDGE_ROW_163_3_Left_601,VDD,Metal1,973.4165,842.5955,4.953992
PHY_EDGE_ROW_162_3_Left_600,VDD,Metal1,973.4165,840.7640,4.953992
PHY_EDGE_ROW_161_3_Left_599,VDD,Metal1,973.4165,832.5155,4.953499
PHY_EDGE_ROW_160_3_Left_598,VDD,Metal1,973.4165,830.6840,4.953499
PHY_EDGE_ROW_159_3_Left_597,VDD,Metal1,973.4165,822.4355,4.952549
PHY_EDGE_ROW_158_3_Left_596,VDD,Metal1,973.4165,820.6040,4.952549
PHY_EDGE_ROW_157_3_Left_595,VDD,Metal1,973.4165,812.3555,4.952816
PHY_EDGE_ROW_156_3_Left_594,VDD,Metal1,973.4165,810.5240,4.952816
PHY_EDGE_ROW_155_3_Left_593,VDD,Metal1,973.4165,802.2755,4.952483
PHY_EDGE_ROW_154_3_Left_592,VDD,Metal1,973.4165,800.4440,4.952483
PHY_EDGE_ROW_153_3_Left_591,VDD,Metal1,973.4165,792.1955,4.951911
PHY_EDGE_ROW_152_3_Left_590,VDD,Metal1,973.4165,790.3640,4.951911
PHY_EDGE_ROW_151_3_Left_589,VDD,Metal1,973.4165,782.1155,4.951372
PHY_EDGE_ROW_150_3_Left_588,VDD,Metal1,973.4165,780.2840,4.951372
PHY_EDGE_ROW_149_3_Left_587,VDD,Metal1,973.4165,772.0355,4.950761
PHY_EDGE_ROW_148_3_Left_586,VDD,Metal1,973.4165,770.2040,4.950761
PHY_EDGE_ROW_147_3_Left_585,VDD,Metal1,973.4165,761.9555,4.950157
PHY_EDGE_ROW_146_3_Left_584,VDD,Metal1,973.4165,760.1240,4.950157
PHY_EDGE_ROW_145_3_Left_583,VDD,Metal1,973.4165,751.8755,4.949560
PHY_EDGE_ROW_144_3_Left_582,VDD,Metal1,973.4165,750.0440,4.949560
PHY_EDGE_ROW_143_3_Left_581,VDD,Metal1,973.4165,741.7955,4.949010
PHY_EDGE_ROW_142_3_Left_580,VDD,Metal1,973.4165,739.9640,4.949010
PHY_EDGE_ROW_141_3_Left_579,VDD,Metal1,973.4165,731.7155,4.948627
PHY_EDGE_ROW_140_3_Left_578,VDD,Metal1,973.4165,729.8840,4.948627
PHY_EDGE_ROW_139_3_Left_577,VDD,Metal1,973.4165,721.6355,4.947892
PHY_EDGE_ROW_138_3_Left_576,VDD,Metal1,973.4165,719.8040,4.947892
PHY_EDGE_ROW_137_3_Left_575,VDD,Metal1,973.4165,711.5555,4.947493
PHY_EDGE_ROW_136_3_Left_574,VDD,Metal1,973.4165,709.7240,4.947493
PHY_EDGE_ROW_136_1_Right_573,VDD,Metal1,40.7430,709.7240,4.902199
PHY_EDGE_ROW_208_1_Right_572,VDD,Metal1,40.7430,1072.6040,4.914107
PHY_EDGE_ROW_207_1_Right_571,VDD,Metal1,40.7430,1064.3555,4.913626
PHY_EDGE_ROW_206_1_Right_570,VDD,Metal1,40.7430,1062.5240,4.913626
PHY_EDGE_ROW_205_1_Right_569,VDD,Metal1,40.7430,1054.2755,4.913278
PHY_EDGE_ROW_204_1_Right_568,VDD,Metal1,40.7430,1052.4440,4.913278
PHY_EDGE_ROW_203_1_Right_567,VDD,Metal1,40.7430,1044.1955,4.913284
PHY_EDGE_ROW_202_1_Right_566,VDD,Metal1,40.7430,1042.3640,4.913284
PHY_EDGE_ROW_201_1_Right_565,VDD,Metal1,40.7430,1034.1155,4.913017
PHY_EDGE_ROW_200_1_Right_564,VDD,Metal1,40.7430,1032.2840,4.913017
PHY_EDGE_ROW_199_1_Right_563,VDD,Metal1,40.7430,1024.0355,4.912825
PHY_EDGE_ROW_198_1_Right_562,VDD,Metal1,40.7430,1022.2040,4.912825
PHY_EDGE_ROW_197_1_Right_561,VDD,Metal1,40.7430,1013.9555,4.912706
PHY_EDGE_ROW_196_1_Right_560,VDD,Metal1,40.7430,1012.1240,4.912706
PHY_EDGE_ROW_195_1_Right_559,VDD,Metal1,40.7430,1003.8755,4.912456
PHY_EDGE_ROW_194_1_Right_558,VDD,Metal1,40.7430,1002.0440,4.912456
PHY_EDGE_ROW_193_1_Right_557,VDD,Metal1,40.7430,993.7955,4.912312
PHY_EDGE_ROW_192_1_Right_556,VDD,Metal1,40.7430,991.9640,4.912312
PHY_EDGE_ROW_191_1_Right_555,VDD,Metal1,40.7430,983.7155,4.912107
PHY_EDGE_ROW_190_1_Right_554,VDD,Metal1,40.7430,981.8840,4.912107
PHY_EDGE_ROW_189_1_Right_553,VDD,Metal1,40.7430,973.6355,4.911975
PHY_EDGE_ROW_188_1_Right_552,VDD,Metal1,40.7430,971.8040,4.911975
PHY_EDGE_ROW_187_1_Right_551,VDD,Metal1,40.7430,963.5555,4.911593
PHY_EDGE_ROW_186_1_Right_550,VDD,Metal1,40.7430,961.7240,4.911593
PHY_EDGE_ROW_185_1_Right_549,VDD,Metal1,40.7430,953.4755,4.911606
PHY_EDGE_ROW_184_1_Right_548,VDD,Metal1,40.7430,951.6440,4.911606
PHY_EDGE_ROW_183_1_Right_547,VDD,Metal1,40.7430,943.3955,4.911016
PHY_EDGE_ROW_182_1_Right_546,VDD,Metal1,40.7430,941.5640,4.911016
PHY_EDGE_ROW_181_1_Right_545,VDD,Metal1,40.7430,933.3155,4.910870
PHY_EDGE_ROW_180_1_Right_544,VDD,Metal1,40.7430,931.4840,4.910870
PHY_EDGE_ROW_179_1_Right_543,VDD,Metal1,40.7430,923.2355,4.910541
PHY_EDGE_ROW_178_1_Right_542,VDD,Metal1,40.7430,921.4040,4.910541
PHY_EDGE_ROW_177_1_Right_541,VDD,Metal1,40.7430,913.1555,4.910255
PHY_EDGE_ROW_176_1_Right_540,VDD,Metal1,40.7430,911.3240,4.910255
PHY_EDGE_ROW_175_1_Right_539,VDD,Metal1,40.7430,903.0755,4.909908
PHY_EDGE_ROW_174_1_Right_538,VDD,Metal1,40.7430,901.2440,4.909908
PHY_EDGE_ROW_173_1_Right_537,VDD,Metal1,40.7430,892.9955,4.909600
PHY_EDGE_ROW_172_1_Right_536,VDD,Metal1,40.7430,891.1640,4.909600
PHY_EDGE_ROW_171_1_Right_535,VDD,Metal1,40.7430,882.9155,4.909334
PHY_EDGE_ROW_170_1_Right_534,VDD,Metal1,40.7430,881.0840,4.909334
PHY_EDGE_ROW_169_1_Right_533,VDD,Metal1,40.7430,872.8355,4.909007
PHY_EDGE_ROW_168_1_Right_532,VDD,Metal1,40.7430,871.0040,4.909007
PHY_EDGE_ROW_167_1_Right_531,VDD,Metal1,40.7430,862.7555,4.908720
PHY_EDGE_ROW_166_1_Right_530,VDD,Metal1,40.7430,860.9240,4.908720
PHY_EDGE_ROW_165_1_Right_529,VDD,Metal1,40.7430,852.6755,4.908268
PHY_EDGE_ROW_164_1_Right_528,VDD,Metal1,40.7430,850.8440,4.908268
PHY_EDGE_ROW_163_1_Right_527,VDD,Metal1,40.7430,842.5955,4.908023
PHY_EDGE_ROW_162_1_Right_526,VDD,Metal1,40.7430,840.7640,4.908023
PHY_EDGE_ROW_161_1_Right_525,VDD,Metal1,40.7430,832.5155,4.907903
PHY_EDGE_ROW_160_1_Right_524,VDD,Metal1,40.7430,830.6840,4.907903
PHY_EDGE_ROW_159_1_Right_523,VDD,Metal1,40.7430,822.4355,4.907687
PHY_EDGE_ROW_158_1_Right_522,VDD,Metal1,40.7430,820.6040,4.907687
PHY_EDGE_ROW_157_1_Right_521,VDD,Metal1,40.7430,812.3555,4.907621
PHY_EDGE_ROW_156_1_Right_520,VDD,Metal1,40.7430,810.5240,4.907621
PHY_EDGE_ROW_155_1_Right_519,VDD,Metal1,40.7430,802.2755,4.907440
PHY_EDGE_ROW_154_1_Right_518,VDD,Metal1,40.7430,800.4440,4.907440
PHY_EDGE_ROW_153_1_Right_517,VDD,Metal1,40.7430,792.1955,4.906781
PHY_EDGE_ROW_152_1_Right_516,VDD,Metal1,40.7430,790.3640,4.906781
PHY_EDGE_ROW_151_1_Right_515,VDD,Metal1,40.7430,782.1155,4.906154
PHY_EDGE_ROW_150_1_Right_514,VDD,Metal1,40.7430,780.2840,4.906154
PHY_EDGE_ROW_149_1_Right_513,VDD,Metal1,40.7430,772.0355,4.905359
PHY_EDGE_ROW_148_1_Right_512,VDD,Metal1,40.7430,770.2040,4.905359
PHY_EDGE_ROW_147_1_Right_511,VDD,Metal1,40.7430,761.9555,4.904971
PHY_EDGE_ROW_146_1_Right_510,VDD,Metal1,40.7430,760.1240,4.904971
PHY_EDGE_ROW_145_1_Right_509,VDD,Metal1,40.7430,751.8755,4.904361
PHY_EDGE_ROW_144_1_Right_508,VDD,Metal1,40.7430,750.0440,4.904361
PHY_EDGE_ROW_143_1_Right_507,VDD,Metal1,40.7430,741.7955,4.903875
PHY_EDGE_ROW_142_1_Right_506,VDD,Metal1,40.7430,739.9640,4.903875
PHY_EDGE_ROW_141_1_Right_505,VDD,Metal1,40.7430,731.7155,4.903289
PHY_EDGE_ROW_140_1_Right_504,VDD,Metal1,40.7430,729.8840,4.903289
PHY_EDGE_ROW_139_1_Right_503,VDD,Metal1,40.7430,721.6355,4.902809
PHY_EDGE_ROW_138_1_Right_502,VDD,Metal1,40.7430,719.8040,4.902809
PHY_EDGE_ROW_137_1_Right_501,VDD,Metal1,40.7430,711.5555,4.902199
PHY_EDGE_ROW_208_2_Left_500,VDD,Metal1,493.4965,1072.6040,4.935044
PHY_EDGE_ROW_207_2_Left_499,VDD,Metal1,493.4965,1064.3555,4.936351
PHY_EDGE_ROW_206_2_Left_498,VDD,Metal1,493.4965,1062.5240,4.936351
PHY_EDGE_ROW_205_2_Left_497,VDD,Metal1,493.4965,1054.2755,4.936106
PHY_EDGE_ROW_204_2_Left_496,VDD,Metal1,493.4965,1052.4440,4.936106
PHY_EDGE_ROW_203_2_Left_495,VDD,Metal1,493.4965,1044.1955,4.935843
PHY_EDGE_ROW_202_2_Left_494,VDD,Metal1,493.4965,1042.3640,4.935843
PHY_EDGE_ROW_201_2_Left_493,VDD,Metal1,493.4965,1034.1155,4.935565
PHY_EDGE_ROW_200_2_Left_492,VDD,Metal1,493.4965,1032.2840,4.935565
PHY_EDGE_ROW_199_2_Left_491,VDD,Metal1,493.4965,1024.0355,4.935310
PHY_EDGE_ROW_198_2_Left_490,VDD,Metal1,493.4965,1022.2040,4.935310
PHY_EDGE_ROW_197_2_Left_489,VDD,Metal1,493.4965,1013.9555,4.935007
PHY_EDGE_ROW_196_2_Left_488,VDD,Metal1,493.4965,1012.1240,4.935007
PHY_EDGE_ROW_195_2_Left_487,VDD,Metal1,493.4965,1003.8755,4.934781
PHY_EDGE_ROW_194_2_Left_486,VDD,Metal1,493.4965,1002.0440,4.934781
PHY_EDGE_ROW_193_2_Left_485,VDD,Metal1,493.4965,993.7955,4.934461
PHY_EDGE_ROW_192_2_Left_484,VDD,Metal1,493.4965,991.9640,4.934461
PHY_EDGE_ROW_191_2_Left_483,VDD,Metal1,493.4965,983.7155,4.934118
PHY_EDGE_ROW_190_2_Left_482,VDD,Metal1,493.4965,981.8840,4.934118
PHY_EDGE_ROW_189_2_Left_481,VDD,Metal1,493.4965,973.6355,4.934008
PHY_EDGE_ROW_188_2_Left_480,VDD,Metal1,493.4965,971.8040,4.934008
PHY_EDGE_ROW_187_2_Left_479,VDD,Metal1,493.4965,963.5555,4.933779
PHY_EDGE_ROW_186_2_Left_478,VDD,Metal1,493.4965,961.7240,4.933779
PHY_EDGE_ROW_185_2_Left_477,VDD,Metal1,493.4965,953.4755,4.933537
PHY_EDGE_ROW_184_2_Left_476,VDD,Metal1,493.4965,951.6440,4.933537
PHY_EDGE_ROW_183_2_Left_475,VDD,Metal1,493.4965,943.3955,4.933160
PHY_EDGE_ROW_182_2_Left_474,VDD,Metal1,493.4965,941.5640,4.933160
PHY_EDGE_ROW_181_2_Left_473,VDD,Metal1,493.4965,933.3155,4.932750
PHY_EDGE_ROW_180_2_Left_472,VDD,Metal1,493.4965,931.4840,4.932750
PHY_EDGE_ROW_179_2_Left_471,VDD,Metal1,493.4965,923.2355,4.932343
PHY_EDGE_ROW_178_2_Left_470,VDD,Metal1,493.4965,921.4040,4.932343
PHY_EDGE_ROW_177_2_Left_469,VDD,Metal1,493.4965,913.1555,4.932045
PHY_EDGE_ROW_176_2_Left_468,VDD,Metal1,493.4965,911.3240,4.932045
PHY_EDGE_ROW_175_2_Left_467,VDD,Metal1,493.4965,903.0755,4.931534
PHY_EDGE_ROW_174_2_Left_466,VDD,Metal1,493.4965,901.2440,4.931534
PHY_EDGE_ROW_173_2_Left_465,VDD,Metal1,493.4965,892.9955,4.931217
PHY_EDGE_ROW_172_2_Left_464,VDD,Metal1,493.4965,891.1640,4.931217
PHY_EDGE_ROW_171_2_Left_463,VDD,Metal1,493.4965,882.9155,4.930961
PHY_EDGE_ROW_170_2_Left_462,VDD,Metal1,493.4965,881.0840,4.930961
PHY_EDGE_ROW_169_2_Left_461,VDD,Metal1,493.4965,872.8355,4.930657
PHY_EDGE_ROW_168_2_Left_460,VDD,Metal1,493.4965,871.0040,4.930657
PHY_EDGE_ROW_167_2_Left_459,VDD,Metal1,493.4965,862.7555,4.930286
PHY_EDGE_ROW_166_2_Left_458,VDD,Metal1,493.4965,860.9240,4.930286
PHY_EDGE_ROW_165_2_Left_457,VDD,Metal1,493.4965,852.6755,4.929953
PHY_EDGE_ROW_164_2_Left_456,VDD,Metal1,493.4965,850.8440,4.929953
PHY_EDGE_ROW_163_2_Left_455,VDD,Metal1,493.4965,842.5955,4.929363
PHY_EDGE_ROW_162_2_Left_454,VDD,Metal1,493.4965,840.7640,4.929363
PHY_EDGE_ROW_161_2_Left_453,VDD,Metal1,493.4965,832.5155,4.929298
PHY_EDGE_ROW_160_2_Left_452,VDD,Metal1,493.4965,830.6840,4.929298
PHY_EDGE_ROW_159_2_Left_451,VDD,Metal1,493.4965,822.4355,4.929057
PHY_EDGE_ROW_158_2_Left_450,VDD,Metal1,493.4965,820.6040,4.929057
PHY_EDGE_ROW_157_2_Left_449,VDD,Metal1,493.4965,812.3555,4.928754
PHY_EDGE_ROW_156_2_Left_448,VDD,Metal1,493.4965,810.5240,4.928754
PHY_EDGE_ROW_155_2_Left_447,VDD,Metal1,493.4965,802.2755,4.928458
PHY_EDGE_ROW_154_2_Left_446,VDD,Metal1,493.4965,800.4440,4.928458
PHY_EDGE_ROW_153_2_Left_445,VDD,Metal1,493.4965,792.1955,4.928009
PHY_EDGE_ROW_152_2_Left_444,VDD,Metal1,493.4965,790.3640,4.928009
PHY_EDGE_ROW_151_2_Left_443,VDD,Metal1,493.4965,782.1155,4.927574
PHY_EDGE_ROW_150_2_Left_442,VDD,Metal1,493.4965,780.2840,4.927574
PHY_EDGE_ROW_149_2_Left_441,VDD,Metal1,493.4965,772.0355,4.927075
PHY_EDGE_ROW_148_2_Left_440,VDD,Metal1,493.4965,770.2040,4.927075
PHY_EDGE_ROW_147_2_Left_439,VDD,Metal1,493.4965,761.9555,4.926554
PHY_EDGE_ROW_146_2_Left_438,VDD,Metal1,493.4965,760.1240,4.926554
PHY_EDGE_ROW_145_2_Left_437,VDD,Metal1,493.4965,751.8755,4.926176
PHY_EDGE_ROW_144_2_Left_436,VDD,Metal1,493.4965,750.0440,4.926176
PHY_EDGE_ROW_143_2_Left_435,VDD,Metal1,493.4965,741.7955,4.925559
PHY_EDGE_ROW_142_2_Left_434,VDD,Metal1,493.4965,739.9640,4.925559
PHY_EDGE_ROW_141_2_Left_433,VDD,Metal1,493.4965,731.7155,4.925375
PHY_EDGE_ROW_140_2_Left_432,VDD,Metal1,493.4965,729.8840,4.925375
PHY_EDGE_ROW_139_2_Left_431,VDD,Metal1,493.4965,721.6355,4.924957
PHY_EDGE_ROW_138_2_Left_430,VDD,Metal1,493.4965,719.8040,4.924957
PHY_EDGE_ROW_137_2_Left_429,VDD,Metal1,493.4965,711.5555,4.924517
PHY_EDGE_ROW_136_2_Left_428,VDD,Metal1,493.4965,709.7240,4.924517
PHY_EDGE_ROW_136_1_Left_427,VDD,Metal1,6.8565,709.7240,4.902199
PHY_EDGE_ROW_213_Left_426,VDD,Metal1,6.8565,1094.5955,4.914543
PHY_EDGE_ROW_212_Left_425,VDD,Metal1,6.8565,1092.7640,4.914543
PHY_EDGE_ROW_211_Left_424,VDD,Metal1,6.8565,1084.5155,4.915626
PHY_EDGE_ROW_210_Left_423,VDD,Metal1,6.8565,1082.6840,4.915626
PHY_EDGE_ROW_209_Left_422,VDD,Metal1,6.8565,1074.4355,4.914064
PHY_EDGE_ROW_208_1_Left_421,VDD,Metal1,6.8565,1072.6040,4.914064
PHY_EDGE_ROW_207_1_Left_420,VDD,Metal1,6.8565,1064.3555,4.913627
PHY_EDGE_ROW_206_1_Left_419,VDD,Metal1,6.8565,1062.5240,4.913627
PHY_EDGE_ROW_205_1_Left_418,VDD,Metal1,6.8565,1054.2755,4.913252
PHY_EDGE_ROW_204_1_Left_417,VDD,Metal1,6.8565,1052.4440,4.913252
PHY_EDGE_ROW_203_1_Left_416,VDD,Metal1,6.8565,1044.1955,4.913284
PHY_EDGE_ROW_202_1_Left_415,VDD,Metal1,6.8565,1042.3640,4.913284
PHY_EDGE_ROW_201_1_Left_414,VDD,Metal1,6.8565,1034.1155,4.913017
PHY_EDGE_ROW_200_1_Left_413,VDD,Metal1,6.8565,1032.2840,4.913017
PHY_EDGE_ROW_199_1_Left_412,VDD,Metal1,6.8565,1024.0355,4.912825
PHY_EDGE_ROW_198_1_Left_411,VDD,Metal1,6.8565,1022.2040,4.912825
PHY_EDGE_ROW_197_1_Left_410,VDD,Metal1,6.8565,1013.9555,4.912706
PHY_EDGE_ROW_196_1_Left_409,VDD,Metal1,6.8565,1012.1240,4.912706
PHY_EDGE_ROW_195_1_Left_408,VDD,Metal1,6.8565,1003.8755,4.912456
PHY_EDGE_ROW_194_1_Left_407,VDD,Metal1,6.8565,1002.0440,4.912456
PHY_EDGE_ROW_193_1_Left_406,VDD,Metal1,6.8565,993.7955,4.912312
PHY_EDGE_ROW_192_1_Left_405,VDD,Metal1,6.8565,991.9640,4.912312
PHY_EDGE_ROW_191_1_Left_404,VDD,Metal1,6.8565,983.7155,4.912107
PHY_EDGE_ROW_190_1_Left_403,VDD,Metal1,6.8565,981.8840,4.912107
PHY_EDGE_ROW_189_1_Left_402,VDD,Metal1,6.8565,973.6355,4.911975
PHY_EDGE_ROW_188_1_Left_401,VDD,Metal1,6.8565,971.8040,4.911975
PHY_EDGE_ROW_187_1_Left_400,VDD,Metal1,6.8565,963.5555,4.911596
PHY_EDGE_ROW_186_1_Left_399,VDD,Metal1,6.8565,961.7240,4.911596
PHY_EDGE_ROW_185_1_Left_398,VDD,Metal1,6.8565,953.4755,4.911606
PHY_EDGE_ROW_184_1_Left_397,VDD,Metal1,6.8565,951.6440,4.911606
PHY_EDGE_ROW_183_1_Left_396,VDD,Metal1,6.8565,943.3955,4.911016
PHY_EDGE_ROW_182_1_Left_395,VDD,Metal1,6.8565,941.5640,4.911016
PHY_EDGE_ROW_181_1_Left_394,VDD,Metal1,6.8565,933.3155,4.910870
PHY_EDGE_ROW_180_1_Left_393,VDD,Metal1,6.8565,931.4840,4.910870
PHY_EDGE_ROW_179_1_Left_392,VDD,Metal1,6.8565,923.2355,4.910541
PHY_EDGE_ROW_178_1_Left_391,VDD,Metal1,6.8565,921.4040,4.910541
PHY_EDGE_ROW_177_1_Left_390,VDD,Metal1,6.8565,913.1555,4.910255
PHY_EDGE_ROW_176_1_Left_389,VDD,Metal1,6.8565,911.3240,4.910255
PHY_EDGE_ROW_175_1_Left_388,VDD,Metal1,6.8565,903.0755,4.909907
PHY_EDGE_ROW_174_1_Left_387,VDD,Metal1,6.8565,901.2440,4.909907
PHY_EDGE_ROW_173_1_Left_386,VDD,Metal1,6.8565,892.9955,4.909600
PHY_EDGE_ROW_172_1_Left_385,VDD,Metal1,6.8565,891.1640,4.909600
PHY_EDGE_ROW_171_1_Left_384,VDD,Metal1,6.8565,882.9155,4.909334
PHY_EDGE_ROW_170_1_Left_383,VDD,Metal1,6.8565,881.0840,4.909334
PHY_EDGE_ROW_169_1_Left_382,VDD,Metal1,6.8565,872.8355,4.909007
PHY_EDGE_ROW_168_1_Left_381,VDD,Metal1,6.8565,871.0040,4.909007
PHY_EDGE_ROW_167_1_Left_380,VDD,Metal1,6.8565,862.7555,4.908720
PHY_EDGE_ROW_166_1_Left_379,VDD,Metal1,6.8565,860.9240,4.908720
PHY_EDGE_ROW_165_1_Left_378,VDD,Metal1,6.8565,852.6755,4.908268
PHY_EDGE_ROW_164_1_Left_377,VDD,Metal1,6.8565,850.8440,4.908268
PHY_EDGE_ROW_163_1_Left_376,VDD,Metal1,6.8565,842.5955,4.908021
PHY_EDGE_ROW_162_1_Left_375,VDD,Metal1,6.8565,840.7640,4.908021
PHY_EDGE_ROW_161_1_Left_374,VDD,Metal1,6.8565,832.5155,4.907904
PHY_EDGE_ROW_160_1_Left_373,VDD,Metal1,6.8565,830.6840,4.907904
PHY_EDGE_ROW_159_1_Left_372,VDD,Metal1,6.8565,822.4355,4.907687
PHY_EDGE_ROW_158_1_Left_371,VDD,Metal1,6.8565,820.6040,4.907687
PHY_EDGE_ROW_157_1_Left_370,VDD,Metal1,6.8565,812.3555,4.907621
PHY_EDGE_ROW_156_1_Left_369,VDD,Metal1,6.8565,810.5240,4.907621
PHY_EDGE_ROW_155_1_Left_368,VDD,Metal1,6.8565,802.2755,4.907440
PHY_EDGE_ROW_154_1_Left_367,VDD,Metal1,6.8565,800.4440,4.907440
PHY_EDGE_ROW_153_1_Left_366,VDD,Metal1,6.8565,792.1955,4.906781
PHY_EDGE_ROW_152_1_Left_365,VDD,Metal1,6.8565,790.3640,4.906781
PHY_EDGE_ROW_151_1_Left_364,VDD,Metal1,6.8565,782.1155,4.906154
PHY_EDGE_ROW_150_1_Left_363,VDD,Metal1,6.8565,780.2840,4.906154
PHY_EDGE_ROW_149_1_Left_362,VDD,Metal1,6.8565,772.0355,4.905359
PHY_EDGE_ROW_148_1_Left_361,VDD,Metal1,6.8565,770.2040,4.905359
PHY_EDGE_ROW_147_1_Left_360,VDD,Metal1,6.8565,761.9555,4.904971
PHY_EDGE_ROW_146_1_Left_359,VDD,Metal1,6.8565,760.1240,4.904971
PHY_EDGE_ROW_145_1_Left_358,VDD,Metal1,6.8565,751.8755,4.904361
PHY_EDGE_ROW_144_1_Left_357,VDD,Metal1,6.8565,750.0440,4.904361
PHY_EDGE_ROW_143_1_Left_356,VDD,Metal1,6.8565,741.7955,4.903875
PHY_EDGE_ROW_142_1_Left_355,VDD,Metal1,6.8565,739.9640,4.903875
PHY_EDGE_ROW_141_1_Left_354,VDD,Metal1,6.8565,731.7155,4.903289
PHY_EDGE_ROW_140_1_Left_353,VDD,Metal1,6.8565,729.8840,4.903289
PHY_EDGE_ROW_139_1_Left_352,VDD,Metal1,6.8565,721.6355,4.902809
PHY_EDGE_ROW_138_1_Left_351,VDD,Metal1,6.8565,719.8040,4.902809
PHY_EDGE_ROW_137_1_Left_350,VDD,Metal1,6.8565,711.5555,4.902199
PHY_EDGE_ROW_135_Left_349,VDD,Metal1,6.8565,701.4755,4.903121
PHY_EDGE_ROW_134_Left_348,VDD,Metal1,6.8565,699.6440,4.903121
PHY_EDGE_ROW_133_Left_347,VDD,Metal1,6.8565,691.3955,4.902598
PHY_EDGE_ROW_132_Left_346,VDD,Metal1,6.8565,689.5640,4.902598
PHY_EDGE_ROW_131_Left_345,VDD,Metal1,6.8565,681.3155,4.901196
PHY_EDGE_ROW_130_Left_344,VDD,Metal1,6.8565,679.4840,4.901196
PHY_EDGE_ROW_129_Left_343,VDD,Metal1,6.8565,671.2355,4.900205
PHY_EDGE_ROW_128_Left_342,VDD,Metal1,6.8565,669.4040,4.900205
PHY_EDGE_ROW_127_Left_341,VDD,Metal1,6.8565,661.1555,4.898649
PHY_EDGE_ROW_126_Left_340,VDD,Metal1,6.8565,659.3240,4.898649
PHY_EDGE_ROW_125_Left_339,VDD,Metal1,6.8565,651.0755,4.897349
PHY_EDGE_ROW_124_Left_338,VDD,Metal1,6.8565,649.2440,4.897349
PHY_EDGE_ROW_123_Left_337,VDD,Metal1,6.8565,640.9955,4.895544
PHY_EDGE_ROW_122_Left_336,VDD,Metal1,6.8565,639.1640,4.895544
PHY_EDGE_ROW_121_Left_335,VDD,Metal1,6.8565,630.9155,4.893908
PHY_EDGE_ROW_120_Left_334,VDD,Metal1,6.8565,629.0840,4.893908
PHY_EDGE_ROW_119_Left_333,VDD,Metal1,6.8565,620.8355,4.891957
PHY_EDGE_ROW_118_Left_332,VDD,Metal1,6.8565,619.0040,4.891957
PHY_EDGE_ROW_117_Left_331,VDD,Metal1,6.8565,610.7555,4.889977
PHY_EDGE_ROW_116_Left_330,VDD,Metal1,6.8565,608.9240,4.889977
PHY_EDGE_ROW_115_Left_329,VDD,Metal1,6.8565,600.6755,4.888264
PHY_EDGE_ROW_114_Left_328,VDD,Metal1,6.8565,598.8440,4.888264
PHY_EDGE_ROW_113_Left_327,VDD,Metal1,6.8565,590.5955,4.886453
PHY_EDGE_ROW_112_Left_326,VDD,Metal1,6.8565,588.7640,4.886453
PHY_EDGE_ROW_111_Left_325,VDD,Metal1,6.8565,580.5155,4.884715
PHY_EDGE_ROW_110_Left_324,VDD,Metal1,6.8565,578.6840,4.884715
PHY_EDGE_ROW_109_Left_323,VDD,Metal1,6.8565,570.4355,4.882923
PHY_EDGE_ROW_108_Left_322,VDD,Metal1,6.8565,568.6040,4.882923
PHY_EDGE_ROW_107_Left_321,VDD,Metal1,6.8565,560.3555,4.881023
PHY_EDGE_ROW_106_Left_320,VDD,Metal1,6.8565,558.5240,4.881023
PHY_EDGE_ROW_105_Left_319,VDD,Metal1,6.8565,550.2755,4.879408
PHY_EDGE_ROW_104_Left_318,VDD,Metal1,6.8565,548.4440,4.879408
PHY_EDGE_ROW_103_Left_317,VDD,Metal1,6.8565,540.1955,4.877530
PHY_EDGE_ROW_102_Left_316,VDD,Metal1,6.8565,538.3640,4.877530
PHY_EDGE_ROW_101_Left_315,VDD,Metal1,6.8565,530.1155,4.875552
PHY_EDGE_ROW_100_Left_314,VDD,Metal1,6.8565,528.2840,4.875552
PHY_EDGE_ROW_99_Left_313,VDD,Metal1,6.8565,520.0355,4.873984
PHY_EDGE_ROW_98_Left_312,VDD,Metal1,6.8565,518.2040,4.873984
PHY_EDGE_ROW_97_Left_311,VDD,Metal1,6.8565,509.9555,4.872123
PHY_EDGE_ROW_96_Left_310,VDD,Metal1,6.8565,508.1240,4.872123
PHY_EDGE_ROW_95_Left_309,VDD,Metal1,6.8565,499.8755,4.869661
PHY_EDGE_ROW_94_Left_308,VDD,Metal1,6.8565,498.0440,4.869661
PHY_EDGE_ROW_93_Left_307,VDD,Metal1,6.8565,489.7955,4.868548
PHY_EDGE_ROW_92_Left_306,VDD,Metal1,6.8565,487.9640,4.868548
PHY_EDGE_ROW_91_Left_305,VDD,Metal1,6.8565,479.7155,4.866829
PHY_EDGE_ROW_90_Left_304,VDD,Metal1,6.8565,477.8840,4.866829
PHY_EDGE_ROW_89_Left_303,VDD,Metal1,6.8565,469.6355,4.865076
PHY_EDGE_ROW_88_Left_302,VDD,Metal1,6.8565,467.8040,4.865076
PHY_EDGE_ROW_87_Left_301,VDD,Metal1,6.8565,459.5555,4.863400
PHY_EDGE_ROW_86_Left_300,VDD,Metal1,6.8565,457.7240,4.863400
PHY_EDGE_ROW_85_Left_299,VDD,Metal1,6.8565,449.4755,4.861656
PHY_EDGE_ROW_84_Left_298,VDD,Metal1,6.8565,447.6440,4.861656
PHY_EDGE_ROW_83_Left_297,VDD,Metal1,6.8565,439.3955,4.860194
PHY_EDGE_ROW_82_Left_296,VDD,Metal1,6.8565,437.5640,4.860194
PHY_EDGE_ROW_81_Left_295,VDD,Metal1,6.8565,429.3155,4.858716
PHY_EDGE_ROW_80_Left_294,VDD,Metal1,6.8565,427.4840,4.858716
PHY_EDGE_ROW_79_Left_293,VDD,Metal1,6.8565,419.2355,4.857228
PHY_EDGE_ROW_78_Left_292,VDD,Metal1,6.8565,417.4040,4.857228
PHY_EDGE_ROW_77_Left_291,VDD,Metal1,6.8565,409.1555,4.855704
PHY_EDGE_ROW_76_Left_290,VDD,Metal1,6.8565,407.3240,4.855704
PHY_EDGE_ROW_75_Left_289,VDD,Metal1,6.8565,399.0755,4.854130
PHY_EDGE_ROW_74_Left_288,VDD,Metal1,6.8565,397.2440,4.854130
PHY_EDGE_ROW_73_Left_287,VDD,Metal1,6.8565,388.9955,4.852709
PHY_EDGE_ROW_72_Left_286,VDD,Metal1,6.8565,387.1640,4.852709
PHY_EDGE_ROW_71_Left_285,VDD,Metal1,6.8565,378.9155,4.851352
PHY_EDGE_ROW_70_Left_284,VDD,Metal1,6.8565,377.0840,4.851352
PHY_EDGE_ROW_69_Left_283,VDD,Metal1,6.8565,368.8355,4.849974
PHY_EDGE_ROW_68_Left_282,VDD,Metal1,6.8565,367.0040,4.849974
PHY_EDGE_ROW_67_Left_281,VDD,Metal1,6.8565,358.7555,4.848778
PHY_EDGE_ROW_66_Left_280,VDD,Metal1,6.8565,356.9240,4.848778
PHY_EDGE_ROW_65_Left_279,VDD,Metal1,6.8565,348.6755,4.847577
PHY_EDGE_ROW_64_Left_278,VDD,Metal1,6.8565,346.8440,4.847577
PHY_EDGE_ROW_63_Left_277,VDD,Metal1,6.8565,338.5955,4.846256
PHY_EDGE_ROW_62_Left_276,VDD,Metal1,6.8565,336.7640,4.846256
PHY_EDGE_ROW_61_Left_275,VDD,Metal1,6.8565,328.5155,4.845010
PHY_EDGE_ROW_60_Left_274,VDD,Metal1,6.8565,326.6840,4.845010
PHY_EDGE_ROW_59_Left_273,VDD,Metal1,6.8565,318.4355,4.843838
PHY_EDGE_ROW_58_Left_272,VDD,Metal1,6.8565,316.6040,4.843838
PHY_EDGE_ROW_57_Left_271,VDD,Metal1,6.8565,308.3555,4.842540
PHY_EDGE_ROW_56_Left_270,VDD,Metal1,6.8565,306.5240,4.842540
PHY_EDGE_ROW_55_Left_269,VDD,Metal1,6.8565,298.2755,4.841696
PHY_EDGE_ROW_54_Left_268,VDD,Metal1,6.8565,296.4440,4.841696
PHY_EDGE_ROW_53_Left_267,VDD,Metal1,6.8565,288.1955,4.840612
PHY_EDGE_ROW_52_Left_266,VDD,Metal1,6.8565,286.3640,4.840612
PHY_EDGE_ROW_51_Left_265,VDD,Metal1,6.8565,278.1155,4.839585
PHY_EDGE_ROW_50_Left_264,VDD,Metal1,6.8565,276.2840,4.839585
PHY_EDGE_ROW_49_Left_263,VDD,Metal1,6.8565,268.0355,4.838453
PHY_EDGE_ROW_48_Left_262,VDD,Metal1,6.8565,266.2040,4.838453
PHY_EDGE_ROW_47_Left_261,VDD,Metal1,6.8565,257.9555,4.837691
PHY_EDGE_ROW_46_Left_260,VDD,Metal1,6.8565,256.1240,4.837691
PHY_EDGE_ROW_45_Left_259,VDD,Metal1,6.8565,247.8755,4.836789
PHY_EDGE_ROW_44_Left_258,VDD,Metal1,6.8565,246.0440,4.836789
PHY_EDGE_ROW_43_Left_257,VDD,Metal1,6.8565,237.7955,4.835892
PHY_EDGE_ROW_42_Left_256,VDD,Metal1,6.8565,235.9640,4.835892
PHY_EDGE_ROW_41_Left_255,VDD,Metal1,6.8565,227.7155,4.835127
PHY_EDGE_ROW_40_Left_254,VDD,Metal1,6.8565,225.8840,4.835127
PHY_EDGE_ROW_39_Left_253,VDD,Metal1,6.8565,217.6355,4.834352
PHY_EDGE_ROW_38_Left_252,VDD,Metal1,6.8565,215.8040,4.834352
PHY_EDGE_ROW_37_Left_251,VDD,Metal1,6.8565,207.5555,4.833472
PHY_EDGE_ROW_36_Left_250,VDD,Metal1,6.8565,205.7240,4.833472
PHY_EDGE_ROW_35_Left_249,VDD,Metal1,6.8565,197.4755,4.832871
PHY_EDGE_ROW_34_Left_248,VDD,Metal1,6.8565,195.6440,4.832871
PHY_EDGE_ROW_33_Left_247,VDD,Metal1,6.8565,187.3955,4.832304
PHY_EDGE_ROW_32_Left_246,VDD,Metal1,6.8565,185.5640,4.832304
PHY_EDGE_ROW_31_Left_245,VDD,Metal1,6.8565,177.3155,4.831745
PHY_EDGE_ROW_30_Left_244,VDD,Metal1,6.8565,175.4840,4.831745
PHY_EDGE_ROW_29_Left_243,VDD,Metal1,6.8565,167.2355,4.831271
PHY_EDGE_ROW_28_Left_242,VDD,Metal1,6.8565,165.4040,4.831271
PHY_EDGE_ROW_27_Left_241,VDD,Metal1,6.8565,157.1555,4.830526
PHY_EDGE_ROW_26_Left_240,VDD,Metal1,6.8565,155.3240,4.830526
PHY_EDGE_ROW_25_Left_239,VDD,Metal1,6.8565,147.0755,4.830164
PHY_EDGE_ROW_24_Left_238,VDD,Metal1,6.8565,145.2440,4.830164
PHY_EDGE_ROW_23_Left_237,VDD,Metal1,6.8565,136.9955,4.829631
PHY_EDGE_ROW_22_Left_236,VDD,Metal1,6.8565,135.1640,4.829631
PHY_EDGE_ROW_21_Left_235,VDD,Metal1,6.8565,126.9155,4.829124
PHY_EDGE_ROW_20_Left_234,VDD,Metal1,6.8565,125.0840,4.829124
PHY_EDGE_ROW_19_Left_233,VDD,Metal1,6.8565,116.8355,4.828876
PHY_EDGE_ROW_18_Left_232,VDD,Metal1,6.8565,115.0040,4.828876
PHY_EDGE_ROW_17_Left_231,VDD,Metal1,6.8565,106.7555,4.828680
PHY_EDGE_ROW_16_Left_230,VDD,Metal1,6.8565,104.9240,4.828680
PHY_EDGE_ROW_15_Left_229,VDD,Metal1,6.8565,96.6755,4.828305
PHY_EDGE_ROW_14_Left_228,VDD,Metal1,6.8565,94.8440,4.828305
PHY_EDGE_ROW_13_Left_227,VDD,Metal1,6.8565,86.5955,4.827996
PHY_EDGE_ROW_12_Left_226,VDD,Metal1,6.8565,84.7640,4.827996
PHY_EDGE_ROW_11_Left_225,VDD,Metal1,6.8565,76.5155,4.827743
PHY_EDGE_ROW_10_Left_224,VDD,Metal1,6.8565,74.6840,4.827743
PHY_EDGE_ROW_9_Left_223,VDD,Metal1,6.8565,66.4355,4.827407
PHY_EDGE_ROW_8_Left_222,VDD,Metal1,6.8565,64.6040,4.827407
PHY_EDGE_ROW_7_Left_221,VDD,Metal1,6.8565,56.3555,4.827031
PHY_EDGE_ROW_6_Left_220,VDD,Metal1,6.8565,54.5240,4.827031
PHY_EDGE_ROW_5_Left_219,VDD,Metal1,6.8565,46.2755,4.827208
PHY_EDGE_ROW_4_Left_218,VDD,Metal1,6.8565,44.4440,4.827208
PHY_EDGE_ROW_3_Left_217,VDD,Metal1,6.8565,36.1955,4.827144
PHY_EDGE_ROW_2_Left_216,VDD,Metal1,6.8565,34.3640,4.827144
PHY_EDGE_ROW_1_Left_215,VDD,Metal1,6.8565,26.1155,4.827130
PHY_EDGE_ROW_0_Left_214,VDD,Metal1,6.8565,24.2840,4.827130
PHY_EDGE_ROW_208_3_Right_213,VDD,Metal1,1085.7030,1072.6040,4.975887
PHY_EDGE_ROW_207_3_Right_212,VDD,Metal1,1085.7030,1064.3555,4.968435
PHY_EDGE_ROW_206_3_Right_211,VDD,Metal1,1085.7030,1062.5240,4.968435
PHY_EDGE_ROW_205_3_Right_210,VDD,Metal1,1085.7030,1054.2755,4.967418
PHY_EDGE_ROW_204_3_Right_209,VDD,Metal1,1085.7030,1052.4440,4.967418
PHY_EDGE_ROW_203_3_Right_208,VDD,Metal1,1085.7030,1044.1955,4.966584
PHY_EDGE_ROW_202_3_Right_207,VDD,Metal1,1085.7030,1042.3640,4.966584
PHY_EDGE_ROW_201_3_Right_206,VDD,Metal1,1085.7030,1034.1155,4.965811
PHY_EDGE_ROW_200_3_Right_205,VDD,Metal1,1085.7030,1032.2840,4.965811
PHY_EDGE_ROW_199_3_Right_204,VDD,Metal1,1085.7030,1024.0355,4.965014
PHY_EDGE_ROW_198_3_Right_203,VDD,Metal1,1085.7030,1022.2040,4.965014
PHY_EDGE_ROW_197_3_Right_202,VDD,Metal1,1085.7030,1013.9555,4.964241
PHY_EDGE_ROW_196_3_Right_201,VDD,Metal1,1085.7030,1012.1240,4.964241
PHY_EDGE_ROW_195_3_Right_200,VDD,Metal1,1085.7030,1003.8755,4.963339
PHY_EDGE_ROW_194_3_Right_199,VDD,Metal1,1085.7030,1002.0440,4.963339
PHY_EDGE_ROW_193_3_Right_198,VDD,Metal1,1085.7030,993.7955,4.962893
PHY_EDGE_ROW_192_3_Right_197,VDD,Metal1,1085.7030,991.9640,4.962893
PHY_EDGE_ROW_191_3_Right_196,VDD,Metal1,1085.7030,983.7155,4.962069
PHY_EDGE_ROW_190_3_Right_195,VDD,Metal1,1085.7030,981.8840,4.962069
PHY_EDGE_ROW_189_3_Right_194,VDD,Metal1,1085.7030,973.6355,4.961425
PHY_EDGE_ROW_188_3_Right_193,VDD,Metal1,1085.7030,971.8040,4.961425
PHY_EDGE_ROW_187_3_Right_192,VDD,Metal1,1085.7030,963.5555,4.961014
PHY_EDGE_ROW_186_3_Right_191,VDD,Metal1,1085.7030,961.7240,4.961014
PHY_EDGE_ROW_185_3_Right_190,VDD,Metal1,1085.7030,953.4755,4.960014
PHY_EDGE_ROW_184_3_Right_189,VDD,Metal1,1085.7030,951.6440,4.960014
PHY_EDGE_ROW_183_3_Right_188,VDD,Metal1,1085.7030,943.3955,4.959390
PHY_EDGE_ROW_182_3_Right_187,VDD,Metal1,1085.7030,941.5640,4.959390
PHY_EDGE_ROW_181_3_Right_186,VDD,Metal1,1085.7030,933.3155,4.958889
PHY_EDGE_ROW_180_3_Right_185,VDD,Metal1,1085.7030,931.4840,4.958889
PHY_EDGE_ROW_179_3_Right_184,VDD,Metal1,1085.7030,923.2355,4.958071
PHY_EDGE_ROW_178_3_Right_183,VDD,Metal1,1085.7030,921.4040,4.958071
PHY_EDGE_ROW_177_3_Right_182,VDD,Metal1,1085.7030,913.1555,4.957379
PHY_EDGE_ROW_176_3_Right_181,VDD,Metal1,1085.7030,911.3240,4.957379
PHY_EDGE_ROW_175_3_Right_180,VDD,Metal1,1085.7030,903.0755,4.956846
PHY_EDGE_ROW_174_3_Right_179,VDD,Metal1,1085.7030,901.2440,4.956846
PHY_EDGE_ROW_173_3_Right_178,VDD,Metal1,1085.7030,892.9955,4.956218
PHY_EDGE_ROW_172_3_Right_177,VDD,Metal1,1085.7030,891.1640,4.956218
PHY_EDGE_ROW_171_3_Right_176,VDD,Metal1,1085.7030,882.9155,4.955957
PHY_EDGE_ROW_170_3_Right_175,VDD,Metal1,1085.7030,881.0840,4.955957
PHY_EDGE_ROW_169_3_Right_174,VDD,Metal1,1085.7030,872.8355,4.955184
PHY_EDGE_ROW_168_3_Right_173,VDD,Metal1,1085.7030,871.0040,4.955184
PHY_EDGE_ROW_167_3_Right_172,VDD,Metal1,1085.7030,862.7555,4.954813
PHY_EDGE_ROW_166_3_Right_171,VDD,Metal1,1085.7030,860.9240,4.954813
PHY_EDGE_ROW_165_3_Right_170,VDD,Metal1,1085.7030,852.6755,4.954181
PHY_EDGE_ROW_164_3_Right_169,VDD,Metal1,1085.7030,850.8440,4.954181
PHY_EDGE_ROW_163_3_Right_168,VDD,Metal1,1085.7030,842.5955,4.953993
PHY_EDGE_ROW_162_3_Right_167,VDD,Metal1,1085.7030,840.7640,4.953993
PHY_EDGE_ROW_161_3_Right_166,VDD,Metal1,1085.7030,832.5155,4.953497
PHY_EDGE_ROW_160_3_Right_165,VDD,Metal1,1085.7030,830.6840,4.953497
PHY_EDGE_ROW_159_3_Right_164,VDD,Metal1,1085.7030,822.4355,4.952633
PHY_EDGE_ROW_158_3_Right_163,VDD,Metal1,1085.7030,820.6040,4.952633
PHY_EDGE_ROW_157_3_Right_162,VDD,Metal1,1085.7030,812.3555,4.952790
PHY_EDGE_ROW_156_3_Right_161,VDD,Metal1,1085.7030,810.5240,4.952790
PHY_EDGE_ROW_155_3_Right_160,VDD,Metal1,1085.7030,802.2755,4.952505
PHY_EDGE_ROW_154_3_Right_159,VDD,Metal1,1085.7030,800.4440,4.952505
PHY_EDGE_ROW_153_3_Right_158,VDD,Metal1,1085.7030,792.1955,4.951935
PHY_EDGE_ROW_152_3_Right_157,VDD,Metal1,1085.7030,790.3640,4.951935
PHY_EDGE_ROW_151_3_Right_156,VDD,Metal1,1085.7030,782.1155,4.951358
PHY_EDGE_ROW_150_3_Right_155,VDD,Metal1,1085.7030,780.2840,4.951358
PHY_EDGE_ROW_149_3_Right_154,VDD,Metal1,1085.7030,772.0355,4.950779
PHY_EDGE_ROW_148_3_Right_153,VDD,Metal1,1085.7030,770.2040,4.950779
PHY_EDGE_ROW_147_3_Right_152,VDD,Metal1,1085.7030,761.9555,4.950135
PHY_EDGE_ROW_146_3_Right_151,VDD,Metal1,1085.7030,760.1240,4.950135
PHY_EDGE_ROW_145_3_Right_150,VDD,Metal1,1085.7030,751.8755,4.949542
PHY_EDGE_ROW_144_3_Right_149,VDD,Metal1,1085.7030,750.0440,4.949542
PHY_EDGE_ROW_143_3_Right_148,VDD,Metal1,1085.7030,741.7955,4.949020
PHY_EDGE_ROW_142_3_Right_147,VDD,Metal1,1085.7030,739.9640,4.949020
PHY_EDGE_ROW_141_3_Right_146,VDD,Metal1,1085.7030,731.7155,4.948628
PHY_EDGE_ROW_140_3_Right_145,VDD,Metal1,1085.7030,729.8840,4.948628
PHY_EDGE_ROW_139_3_Right_144,VDD,Metal1,1085.7030,721.6355,4.947898
PHY_EDGE_ROW_138_3_Right_143,VDD,Metal1,1085.7030,719.8040,4.947898
PHY_EDGE_ROW_137_3_Right_142,VDD,Metal1,1085.7030,711.5555,4.947501
PHY_EDGE_ROW_136_3_Right_141,VDD,Metal1,1085.7030,709.7240,4.947501
PHY_EDGE_ROW_213_Right_140,VDD,Metal1,1085.7030,1094.5955,4.988716
PHY_EDGE_ROW_212_Right_139,VDD,Metal1,1085.7030,1092.7640,4.988716
PHY_EDGE_ROW_211_Right_138,VDD,Metal1,1085.7030,1084.5155,4.987413
PHY_EDGE_ROW_210_Right_137,VDD,Metal1,1085.7030,1082.6840,4.987413
PHY_EDGE_ROW_209_Right_136,VDD,Metal1,1085.7030,1074.4355,4.975887
PHY_EDGE_ROW_135_Right_135,VDD,Metal1,1085.7030,701.4755,4.943225
PHY_EDGE_ROW_134_Right_134,VDD,Metal1,1085.7030,699.6440,4.943225
PHY_EDGE_ROW_133_Right_133,VDD,Metal1,1085.7030,691.3955,4.929482
PHY_EDGE_ROW_132_Right_132,VDD,Metal1,1085.7030,689.5640,4.929482
PHY_EDGE_ROW_131_Right_131,VDD,Metal1,1085.7030,681.3155,4.925611
PHY_EDGE_ROW_130_Right_130,VDD,Metal1,1085.7030,679.4840,4.925611
PHY_EDGE_ROW_129_Right_129,VDD,Metal1,1085.7030,671.2355,4.922163
PHY_EDGE_ROW_128_Right_128,VDD,Metal1,1085.7030,669.4040,4.922163
PHY_EDGE_ROW_127_Right_127,VDD,Metal1,1085.7030,661.1555,4.917357
PHY_EDGE_ROW_126_Right_126,VDD,Metal1,1085.7030,659.3240,4.917357
PHY_EDGE_ROW_125_Right_125,VDD,Metal1,1085.7030,651.0755,4.912480
PHY_EDGE_ROW_124_Right_124,VDD,Metal1,1085.7030,649.2440,4.912480
PHY_EDGE_ROW_123_Right_123,VDD,Metal1,1085.7030,640.9955,4.910194
PHY_EDGE_ROW_122_Right_122,VDD,Metal1,1085.7030,639.1640,4.910194
PHY_EDGE_ROW_121_Right_121,VDD,Metal1,1085.7030,630.9155,4.906896
PHY_EDGE_ROW_120_Right_120,VDD,Metal1,1085.7030,629.0840,4.906896
PHY_EDGE_ROW_119_Right_119,VDD,Metal1,1085.7030,620.8355,4.904076
PHY_EDGE_ROW_118_Right_118,VDD,Metal1,1085.7030,619.0040,4.904076
PHY_EDGE_ROW_117_Right_117,VDD,Metal1,1085.7030,610.7555,4.900435
PHY_EDGE_ROW_116_Right_116,VDD,Metal1,1085.7030,608.9240,4.900435
PHY_EDGE_ROW_115_Right_115,VDD,Metal1,1085.7030,600.6755,4.897398
PHY_EDGE_ROW_114_Right_114,VDD,Metal1,1085.7030,598.8440,4.897398
PHY_EDGE_ROW_113_Right_113,VDD,Metal1,1085.7030,590.5955,4.894714
PHY_EDGE_ROW_112_Right_112,VDD,Metal1,1085.7030,588.7640,4.894714
PHY_EDGE_ROW_111_Right_111,VDD,Metal1,1085.7030,580.5155,4.891624
PHY_EDGE_ROW_110_Right_110,VDD,Metal1,1085.7030,578.6840,4.891624
PHY_EDGE_ROW_109_Right_109,VDD,Metal1,1085.7030,570.4355,4.889023
PHY_EDGE_ROW_108_Right_108,VDD,Metal1,1085.7030,568.6040,4.889023
PHY_EDGE_ROW_107_Right_107,VDD,Metal1,1085.7030,560.3555,4.886145
PHY_EDGE_ROW_106_Right_106,VDD,Metal1,1085.7030,558.5240,4.886145
PHY_EDGE_ROW_105_Right_105,VDD,Metal1,1085.7030,550.2755,4.883894
PHY_EDGE_ROW_104_Right_104,VDD,Metal1,1085.7030,548.4440,4.883894
PHY_EDGE_ROW_103_Right_103,VDD,Metal1,1085.7030,540.1955,4.881708
PHY_EDGE_ROW_102_Right_102,VDD,Metal1,1085.7030,538.3640,4.881708
PHY_EDGE_ROW_101_Right_101,VDD,Metal1,1085.7030,530.1155,4.879352
PHY_EDGE_ROW_100_Right_100,VDD,Metal1,1085.7030,528.2840,4.879352
PHY_EDGE_ROW_99_Right_99,VDD,Metal1,1085.7030,520.0355,4.877448
PHY_EDGE_ROW_98_Right_98,VDD,Metal1,1085.7030,518.2040,4.877448
PHY_EDGE_ROW_97_Right_97,VDD,Metal1,1085.7030,509.9555,4.875358
PHY_EDGE_ROW_96_Right_96,VDD,Metal1,1085.7030,508.1240,4.875358
PHY_EDGE_ROW_95_Right_95,VDD,Metal1,1085.7030,499.8755,4.872621
PHY_EDGE_ROW_94_Right_94,VDD,Metal1,1085.7030,498.0440,4.872621
PHY_EDGE_ROW_93_Right_93,VDD,Metal1,1085.7030,489.7955,4.870937
PHY_EDGE_ROW_92_Right_92,VDD,Metal1,1085.7030,487.9640,4.870937
PHY_EDGE_ROW_91_Right_91,VDD,Metal1,1085.7030,479.7155,4.869024
PHY_EDGE_ROW_90_Right_90,VDD,Metal1,1085.7030,477.8840,4.869024
PHY_EDGE_ROW_89_Right_89,VDD,Metal1,1085.7030,469.6355,4.866911
PHY_EDGE_ROW_88_Right_88,VDD,Metal1,1085.7030,467.8040,4.866911
PHY_EDGE_ROW_87_Right_87,VDD,Metal1,1085.7030,459.5555,4.865433
PHY_EDGE_ROW_86_Right_86,VDD,Metal1,1085.7030,457.7240,4.865433
PHY_EDGE_ROW_85_Right_85,VDD,Metal1,1085.7030,449.4755,4.863284
PHY_EDGE_ROW_84_Right_84,VDD,Metal1,1085.7030,447.6440,4.863284
PHY_EDGE_ROW_83_Right_83,VDD,Metal1,1085.7030,439.3955,4.861543
PHY_EDGE_ROW_82_Right_82,VDD,Metal1,1085.7030,437.5640,4.861543
PHY_EDGE_ROW_81_Right_81,VDD,Metal1,1085.7030,429.3155,4.859914
PHY_EDGE_ROW_80_Right_80,VDD,Metal1,1085.7030,427.4840,4.859914
PHY_EDGE_ROW_79_Right_79,VDD,Metal1,1085.7030,419.2355,4.858245
PHY_EDGE_ROW_78_Right_78,VDD,Metal1,1085.7030,417.4040,4.858245
PHY_EDGE_ROW_77_Right_77,VDD,Metal1,1085.7030,409.1555,4.856547
PHY_EDGE_ROW_76_Right_76,VDD,Metal1,1085.7030,407.3240,4.856547
PHY_EDGE_ROW_75_Right_75,VDD,Metal1,1085.7030,399.0755,4.854573
PHY_EDGE_ROW_74_Right_74,VDD,Metal1,1085.7030,397.2440,4.854573
PHY_EDGE_ROW_73_Right_73,VDD,Metal1,1085.7030,388.9955,4.853597
PHY_EDGE_ROW_72_Right_72,VDD,Metal1,1085.7030,387.1640,4.853597
PHY_EDGE_ROW_71_Right_71,VDD,Metal1,1085.7030,378.9155,4.851921
PHY_EDGE_ROW_70_Right_70,VDD,Metal1,1085.7030,377.0840,4.851921
PHY_EDGE_ROW_69_Right_69,VDD,Metal1,1085.7030,368.8355,4.849892
PHY_EDGE_ROW_68_Right_68,VDD,Metal1,1085.7030,367.0040,4.849892
PHY_EDGE_ROW_67_Right_67,VDD,Metal1,1085.7030,358.7555,4.848887
PHY_EDGE_ROW_66_Right_66,VDD,Metal1,1085.7030,356.9240,4.848887
PHY_EDGE_ROW_65_Right_65,VDD,Metal1,1085.7030,348.6755,4.848119
PHY_EDGE_ROW_64_Right_64,VDD,Metal1,1085.7030,346.8440,4.848119
PHY_EDGE_ROW_63_Right_63,VDD,Metal1,1085.7030,338.5955,4.846190
PHY_EDGE_ROW_62_Right_62,VDD,Metal1,1085.7030,336.7640,4.846190
PHY_EDGE_ROW_61_Right_61,VDD,Metal1,1085.7030,328.5155,4.845271
PHY_EDGE_ROW_60_Right_60,VDD,Metal1,1085.7030,326.6840,4.845271
PHY_EDGE_ROW_59_Right_59,VDD,Metal1,1085.7030,318.4355,4.844145
PHY_EDGE_ROW_58_Right_58,VDD,Metal1,1085.7030,316.6040,4.844145
PHY_EDGE_ROW_57_Right_57,VDD,Metal1,1085.7030,308.3555,4.842793
PHY_EDGE_ROW_56_Right_56,VDD,Metal1,1085.7030,306.5240,4.842793
PHY_EDGE_ROW_55_Right_55,VDD,Metal1,1085.7030,298.2755,4.841283
PHY_EDGE_ROW_54_Right_54,VDD,Metal1,1085.7030,296.4440,4.841283
PHY_EDGE_ROW_53_Right_53,VDD,Metal1,1085.7030,288.1955,4.840932
PHY_EDGE_ROW_52_Right_52,VDD,Metal1,1085.7030,286.3640,4.840932
PHY_EDGE_ROW_51_Right_51,VDD,Metal1,1085.7030,278.1155,4.839587
PHY_EDGE_ROW_50_Right_50,VDD,Metal1,1085.7030,276.2840,4.839587
PHY_EDGE_ROW_49_Right_49,VDD,Metal1,1085.7030,268.0355,4.838258
PHY_EDGE_ROW_48_Right_48,VDD,Metal1,1085.7030,266.2040,4.838258
PHY_EDGE_ROW_47_Right_47,VDD,Metal1,1085.7030,257.9555,4.837701
PHY_EDGE_ROW_46_Right_46,VDD,Metal1,1085.7030,256.1240,4.837701
PHY_EDGE_ROW_45_Right_45,VDD,Metal1,1085.7030,247.8755,4.836705
PHY_EDGE_ROW_44_Right_44,VDD,Metal1,1085.7030,246.0440,4.836705
PHY_EDGE_ROW_43_Right_43,VDD,Metal1,1085.7030,237.7955,4.835768
PHY_EDGE_ROW_42_Right_42,VDD,Metal1,1085.7030,235.9640,4.835768
PHY_EDGE_ROW_41_Right_41,VDD,Metal1,1085.7030,227.7155,4.834872
PHY_EDGE_ROW_40_Right_40,VDD,Metal1,1085.7030,225.8840,4.834872
PHY_EDGE_ROW_39_Right_39,VDD,Metal1,1085.7030,217.6355,4.834199
PHY_EDGE_ROW_38_Right_38,VDD,Metal1,1085.7030,215.8040,4.834199
PHY_EDGE_ROW_37_Right_37,VDD,Metal1,1085.7030,207.5555,4.833408
PHY_EDGE_ROW_36_Right_36,VDD,Metal1,1085.7030,205.7240,4.833408
PHY_EDGE_ROW_35_Right_35,VDD,Metal1,1085.7030,197.4755,4.832335
PHY_EDGE_ROW_34_Right_34,VDD,Metal1,1085.7030,195.6440,4.832335
PHY_EDGE_ROW_33_Right_33,VDD,Metal1,1085.7030,187.3955,4.831857
PHY_EDGE_ROW_32_Right_32,VDD,Metal1,1085.7030,185.5640,4.831857
PHY_EDGE_ROW_31_Right_31,VDD,Metal1,1085.7030,177.3155,4.831477
PHY_EDGE_ROW_30_Right_30,VDD,Metal1,1085.7030,175.4840,4.831477
PHY_EDGE_ROW_29_Right_29,VDD,Metal1,1085.7030,167.2355,4.830488
PHY_EDGE_ROW_28_Right_28,VDD,Metal1,1085.7030,165.4040,4.830488
PHY_EDGE_ROW_27_Right_27,VDD,Metal1,1085.7030,157.1555,4.829878
PHY_EDGE_ROW_26_Right_26,VDD,Metal1,1085.7030,155.3240,4.829878
PHY_EDGE_ROW_25_Right_25,VDD,Metal1,1085.7030,147.0755,4.829484
PHY_EDGE_ROW_24_Right_24,VDD,Metal1,1085.7030,145.2440,4.829484
PHY_EDGE_ROW_23_Right_23,VDD,Metal1,1085.7030,136.9955,4.829066
PHY_EDGE_ROW_22_Right_22,VDD,Metal1,1085.7030,135.1640,4.829066
PHY_EDGE_ROW_21_Right_21,VDD,Metal1,1085.7030,126.9155,4.828273
PHY_EDGE_ROW_20_Right_20,VDD,Metal1,1085.7030,125.0840,4.828273
PHY_EDGE_ROW_19_Right_19,VDD,Metal1,1085.7030,116.8355,4.828149
PHY_EDGE_ROW_18_Right_18,VDD,Metal1,1085.7030,115.0040,4.828149
PHY_EDGE_ROW_17_Right_17,VDD,Metal1,1085.7030,106.7555,4.827741
PHY_EDGE_ROW_16_Right_16,VDD,Metal1,1085.7030,104.9240,4.827741
PHY_EDGE_ROW_15_Right_15,VDD,Metal1,1085.7030,96.6755,4.827109
PHY_EDGE_ROW_14_Right_14,VDD,Metal1,1085.7030,94.8440,4.827109
PHY_EDGE_ROW_13_Right_13,VDD,Metal1,1085.7030,86.5955,4.826705
PHY_EDGE_ROW_12_Right_12,VDD,Metal1,1085.7030,84.7640,4.826705
PHY_EDGE_ROW_11_Right_11,VDD,Metal1,1085.7030,76.5155,4.826802
PHY_EDGE_ROW_10_Right_10,VDD,Metal1,1085.7030,74.6840,4.826802
PHY_EDGE_ROW_9_Right_9,VDD,Metal1,1085.7030,66.4355,4.826217
PHY_EDGE_ROW_8_Right_8,VDD,Metal1,1085.7030,64.6040,4.826217
PHY_EDGE_ROW_7_Right_7,VDD,Metal1,1085.7030,56.3555,4.826197
PHY_EDGE_ROW_6_Right_6,VDD,Metal1,1085.7030,54.5240,4.826197
PHY_EDGE_ROW_5_Right_5,VDD,Metal1,1085.7030,46.2755,4.825404
PHY_EDGE_ROW_4_Right_4,VDD,Metal1,1085.7030,44.4440,4.825404
PHY_EDGE_ROW_3_Right_3,VDD,Metal1,1085.7030,36.1955,4.826037
PHY_EDGE_ROW_2_Right_2,VDD,Metal1,1085.7030,34.3640,4.826037
PHY_EDGE_ROW_1_Right_1,VDD,Metal1,1085.7030,26.1155,4.825988
PHY_EDGE_ROW_0_Right_0,VDD,Metal1,1085.7030,24.2840,4.825988
u_transform_scheduler_core.u_fft_scratch_sram.u_lo.u_gwen_driver,VDD,Metal1,375.5600,699.8325,4.911668
u_transform_scheduler_core.u_fft_scratch_sram.u_lo.u_cen_driver,VDD,Metal1,306.2865,701.1925,4.909799
u_transform_scheduler_core.u_fft_scratch_sram.u_lo.g_pin_drive\[7\].u_data_driver,VDD,Metal1,472.4200,630.7760,4.898503
u_transform_scheduler_core.u_fft_scratch_sram.u_lo.g_pin_drive\[7\].u_addr_driver,VDD,Metal1,204.7400,699.7840,4.906074
u_transform_scheduler_core.u_fft_scratch_sram.u_lo.g_pin_drive\[6\].u_data_driver,VDD,Metal1,413.6200,701.3360,4.917183
u_transform_scheduler_core.u_fft_scratch_sram.u_lo.g_pin_drive\[6\].u_addr_driver,VDD,Metal1,325.7000,701.3360,4.909801
u_transform_scheduler_core.u_fft_scratch_sram.u_lo.g_pin_drive\[5\].u_data_driver,VDD,Metal1,409.7000,691.2560,4.910561
u_transform_scheduler_core.u_fft_scratch_sram.u_lo.g_pin_drive\[5\].u_addr_driver,VDD,Metal1,331.3000,691.2560,4.908519
u_transform_scheduler_core.u_fft_scratch_sram.u_lo.g_pin_drive\[4\].u_data_driver,VDD,Metal1,380.5800,691.2560,4.909548
u_transform_scheduler_core.u_fft_scratch_sram.u_lo.g_pin_drive\[4\].u_addr_driver,VDD,Metal1,336.3400,701.3360,4.909816
u_transform_scheduler_core.u_fft_scratch_sram.u_lo.g_pin_drive\[3\].u_data_driver,VDD,Metal1,178.4200,610.6160,4.891205
u_transform_scheduler_core.u_fft_scratch_sram.u_lo.g_pin_drive\[3\].u_addr_driver,VDD,Metal1,362.1000,701.3360,4.910592
u_transform_scheduler_core.u_fft_scratch_sram.u_lo.g_pin_drive\[2\].u_data_driver,VDD,Metal1,135.3000,701.3360,4.905646
u_transform_scheduler_core.u_fft_scratch_sram.u_lo.g_pin_drive\[2\].u_addr_driver,VDD,Metal1,210.3400,701.3360,4.906078
u_transform_scheduler_core.u_fft_scratch_sram.u_lo.g_pin_drive\[1\].u_data_driver,VDD,Metal1,126.3400,701.3360,4.905548
u_transform_scheduler_core.u_fft_scratch_sram.u_lo.g_pin_drive\[1\].u_addr_driver,VDD,Metal1,217.6200,699.7840,4.906085
u_transform_scheduler_core.u_fft_scratch_sram.u_lo.g_pin_drive\[0\].u_data_driver,VDD,Metal1,71.4600,701.3360,4.903716
u_transform_scheduler_core.u_fft_scratch_sram.u_lo.g_pin_drive\[0\].u_addr_driver,VDD,Metal1,229.9400,701.3360,4.909385
u_transform_scheduler_core.u_fft_scratch_sram.u_hi.u_gwen_driver,VDD,Metal1,536.2800,701.2875,4.921858
u_transform_scheduler_core.u_fft_scratch_sram.u_hi.u_cen_driver,VDD,Metal1,776.1265,701.1925,4.932529
u_transform_scheduler_core.u_fft_scratch_sram.u_hi.g_pin_drive\[7\].u_data_driver,VDD,Metal1,929.9400,701.3360,4.939448
u_transform_scheduler_core.u_fft_scratch_sram.u_hi.g_pin_drive\[7\].u_addr_driver,VDD,Metal1,659.4600,701.3360,4.924789
u_transform_scheduler_core.u_fft_scratch_sram.u_hi.g_pin_drive\[6\].u_data_driver,VDD,Metal1,889.0600,701.3360,4.936354
u_transform_scheduler_core.u_fft_scratch_sram.u_hi.g_pin_drive\[6\].u_addr_driver,VDD,Metal1,789.3800,699.7840,4.933101
u_transform_scheduler_core.u_fft_scratch_sram.u_hi.g_pin_drive\[5\].u_data_driver,VDD,Metal1,877.8600,701.3360,4.935974
u_transform_scheduler_core.u_fft_scratch_sram.u_hi.g_pin_drive\[5\].u_addr_driver,VDD,Metal1,798.3400,699.7840,4.933130
u_transform_scheduler_core.u_fft_scratch_sram.u_hi.g_pin_drive\[4\].u_data_driver,VDD,Metal1,830.8200,701.3360,4.934795
u_transform_scheduler_core.u_fft_scratch_sram.u_hi.g_pin_drive\[4\].u_addr_driver,VDD,Metal1,811.7800,701.3360,4.933447
u_transform_scheduler_core.u_fft_scratch_sram.u_hi.g_pin_drive\[3\].u_data_driver,VDD,Metal1,646.0200,701.3360,4.924369
u_transform_scheduler_core.u_fft_scratch_sram.u_hi.g_pin_drive\[3\].u_addr_driver,VDD,Metal1,805.6200,689.7040,4.927416
u_transform_scheduler_core.u_fft_scratch_sram.u_hi.g_pin_drive\[2\].u_data_driver,VDD,Metal1,608.5000,701.3360,4.923263
u_transform_scheduler_core.u_fft_scratch_sram.u_hi.g_pin_drive\[2\].u_addr_driver,VDD,Metal1,668.4200,701.3360,4.924969
u_transform_scheduler_core.u_fft_scratch_sram.u_hi.g_pin_drive\[1\].u_data_driver,VDD,Metal1,591.1400,701.3360,4.923225
u_transform_scheduler_core.u_fft_scratch_sram.u_hi.g_pin_drive\[1\].u_addr_driver,VDD,Metal1,683.5400,701.3360,4.925091
u_transform_scheduler_core.u_fft_scratch_sram.u_hi.g_pin_drive\[0\].u_data_driver,VDD,Metal1,515.5400,721.4960,4.924956
u_transform_scheduler_core.u_fft_scratch_sram.u_hi.g_pin_drive\[0\].u_addr_driver,VDD,Metal1,697.5400,701.3360,4.925711
_20145_,VDD,Metal1,115.4700,530.0165,4.875664
_20144_,VDD,Metal1,126.1100,528.3830,4.875665
_20143_,VDD,Metal1,146.2700,499.7765,4.869729
_20142_,VDD,Metal1,104.8300,318.3365,4.843665
_20141_,VDD,Metal1,88.0300,367.1030,4.849878
_20140_,VDD,Metal1,115.4700,358.6565,4.848723
_20139_,VDD,Metal1,90.8300,357.0230,4.848720
_20138_,VDD,Metal1,135.0700,427.5830,4.858758
_20137_,VDD,Metal1,830.3000,568.7210,4.888529
_20136_,VDD,Metal1,721.6600,570.3185,4.887660
_20135_,VDD,Metal1,730.6200,550.1585,4.883588
_20134_,VDD,Metal1,646.0600,560.2385,4.884933
_20133_,VDD,Metal1,682.4600,560.2385,4.885066
_20132_,VDD,Metal1,625.3400,499.7585,4.872178
_20131_,VDD,Metal1,537.9800,580.3985,4.888386
_20130_,VDD,Metal1,476.9400,518.3210,4.875483
_20129_,VDD,Metal1,378.9400,509.8385,4.873052
_20128_,VDD,Metal1,450.0600,529.9985,4.877346
_20127_,VDD,Metal1,396.3000,508.2410,4.873112
_20126_,VDD,Metal1,278.1400,528.4010,4.876513
_20125_,VDD,Metal1,339.7400,509.8385,4.872949
_20124_,VDD,Metal1,274.2200,558.6410,4.881963
_20123_,VDD,Metal1,310.0600,498.1610,4.870081
_20122_,VDD,Metal1,760.8600,580.3985,4.890430
_20121_,VDD,Metal1,712.1400,568.7210,4.887654
_20120_,VDD,Metal1,740.7000,560.2385,4.885471
_20119_,VDD,Metal1,644.9400,568.7210,4.887171
_20118_,VDD,Metal1,680.2200,558.6410,4.885064
_20117_,VDD,Metal1,631.5000,508.2410,4.874541
_20116_,VDD,Metal1,499.9000,600.5585,4.893187
_20115_,VDD,Metal1,461.8200,560.2385,4.883603
_20114_,VDD,Metal1,380.6200,519.9185,4.875016
_20113_,VDD,Metal1,448.9400,540.0785,4.878760
_20112_,VDD,Metal1,401.3400,518.3210,4.875143
_20111_,VDD,Metal1,280.9400,518.3210,4.874581
_20110_,VDD,Metal1,331.3400,518.3210,4.874832
_20109_,VDD,Metal1,272.5400,560.2385,4.881963
_20108_,VDD,Metal1,311.7400,509.8385,4.872872
_20107_,VDD,Metal1,806.7800,540.0785,4.881466
_20106_,VDD,Metal1,800.0600,560.2385,4.886068
_20105_,VDD,Metal1,820.2200,570.3185,4.888527
_20104_,VDD,Metal1,733.4200,590.4785,4.892598
_20103_,VDD,Metal1,750.7800,538.4810,4.881239
_20102_,VDD,Metal1,774.3000,540.0785,4.881423
_20101_,VDD,Metal1,773.7400,570.3185,4.888135
_20100_,VDD,Metal1,830.3000,598.9610,4.896729
_20099_,VDD,Metal1,435.5000,548.5610,4.881301
_20098_,VDD,Metal1,442.7800,588.8810,4.889481
_20097_,VDD,Metal1,428.2200,518.3210,4.875243
_20096_,VDD,Metal1,284.8600,488.0810,4.869147
_20095_,VDD,Metal1,276.4600,548.5610,4.880285
_20094_,VDD,Metal1,359.9000,508.2410,4.873027
_20093_,VDD,Metal1,369.4200,540.0785,4.878312
_20092_,VDD,Metal1,801.7400,558.6410,4.886068
_20091_,VDD,Metal1,800.0600,578.8010,4.890823
_20090_,VDD,Metal1,781.0200,610.6385,4.899241
_20089_,VDD,Metal1,764.2200,610.6385,4.899079
_20088_,VDD,Metal1,754.7000,528.4010,4.879125
_20087_,VDD,Metal1,780.4600,548.5610,4.883763
_20086_,VDD,Metal1,779.9000,580.3985,4.890678
_20085_,VDD,Metal1,800.0600,600.5585,4.896453
_20084_,VDD,Metal1,429.3400,560.2385,4.882972
_20083_,VDD,Metal1,441.1000,578.8010,4.887186
_20082_,VDD,Metal1,424.3000,519.9185,4.875243
_20081_,VDD,Metal1,291.5800,489.6785,4.869153
_20080_,VDD,Metal1,294.3800,550.1585,4.880358
_20079_,VDD,Metal1,365.5000,518.3210,4.874985
_20078_,VDD,Metal1,363.8200,538.4810,4.878311
_20077_,VDD,Metal1,741.8200,580.3985,4.890187
_20076_,VDD,Metal1,730.6200,600.5585,4.895703
_20075_,VDD,Metal1,829.7400,588.8810,4.893625
_20074_,VDD,Metal1,801.7400,619.1210,4.902374
_20073_,VDD,Metal1,128.3500,518.3030,4.874117
_20072_,VDD,Metal1,453.7100,509.8565,4.873366
_20071_,VDD,Metal1,149.6300,479.6165,4.866921
_20070_,VDD,Metal1,160.2700,548.5430,4.879713
_20069_,VDD,Metal1,145.1500,449.3765,4.861733
_20068_,VDD,Metal1,146.2700,459.4565,4.863532
_20067_,VDD,Metal1,150.7500,419.1365,4.857329
_20066_,VDD,Metal1,149.0700,429.2165,4.858760
_20065_,VDD,Metal1,154.6700,509.8565,4.872157
_20064_,VDD,Metal1,174.8300,509.8565,4.872169
_20063_,VDD,Metal1,188.2700,499.7765,4.869794
_20062_,VDD,Metal1,193.8700,509.8565,4.872181
_20061_,VDD,Metal1,189.3900,550.1765,4.879778
_20060_,VDD,Metal1,194.4300,548.5430,4.879778
_20059_,VDD,Metal1,188.2700,540.0965,4.877812
_20058_,VDD,Metal1,216.2700,449.3765,4.861956
_20057_,VDD,Metal1,233.0700,459.4565,4.863786
_20056_,VDD,Metal1,254.3200,469.5485,4.865410
_20055_,VDD,Metal1,176.5100,449.3765,4.861806
_20054_,VDD,Metal1,365.2300,679.5830,4.907471
_20053_,VDD,Metal1,145.1500,691.2965,4.905830
_20052_,VDD,Metal1,154.6700,590.4965,4.887088
_20051_,VDD,Metal1,150.1900,550.1765,4.879713
_20050_,VDD,Metal1,183.7900,620.7365,4.892838
_20049_,VDD,Metal1,89.7100,437.6630,4.860142
_20048_,VDD,Metal1,504.1100,971.9030,4.934008
_20047_,VDD,Metal1,506.9100,963.4565,4.933779
_20046_,VDD,Metal1,504.1100,992.0630,4.934461
_20045_,VDD,Metal1,509.1500,993.6965,4.934461
_20044_,VDD,Metal1,147.9500,610.6565,4.890809
_20043_,VDD,Metal1,242.3955,649.3835,4.899440
_20042_,VDD,Metal1,102.0300,671.1365,4.900565
_20041_,VDD,Metal1,546.0115,681.1730,4.914697
_20040_,VDD,Metal1,263.3100,640.8965,4.897637
_20039_,VDD,Metal1,977.8700,26.0165,4.826100
_20038_,VDD,Metal1,1012.0300,227.6165,4.834876
_20037_,VDD,Metal1,1017.6300,236.0630,4.835795
_20036_,VDD,Metal1,991.8700,225.9830,4.834880
_20035_,VDD,Metal1,331.0700,659.4230,4.902130
_20034_,VDD,Metal1,292.4300,661.0565,4.901862
_20033_,VDD,Metal1,288.5100,659.4230,4.901861
_20032_,VDD,Metal1,345.0400,661.0685,4.902138
_20031_,VDD,Metal1,37.0700,671.1365,4.900276
_20030_,VDD,Metal1,166.4300,649.3430,4.898852
_20029_,VDD,Metal1,150.1900,681.2165,4.902989
_20028_,VDD,Metal1,57.2300,661.0565,4.899213
_20027_,VDD,Metal1,156.3200,659.4110,4.900572
_20026_,VDD,Metal1,511.3900,741.6965,4.925559
_20025_,VDD,Metal1,510.2700,711.4565,4.924517
_20024_,VDD,Metal1,485.0400,689.6510,4.912874
_20023_,VDD,Metal1,115.4700,459.4565,4.863428
_20022_,VDD,Metal1,133.3900,498.1430,4.869728
_20021_,VDD,Metal1,154.1100,570.3365,4.883167
_20020_,VDD,Metal1,109.8700,348.5765,4.847510
_20019_,VDD,Metal1,152.9900,519.9365,4.874185
_20018_,VDD,Metal1,90.2700,417.5030,4.857099
_20017_,VDD,Metal1,152.9900,540.0965,4.877682
_20016_,VDD,Metal1,95.8700,427.5830,4.858694
_20015_,VDD,Metal1,138.9900,489.6965,4.868630
_20014_,VDD,Metal1,143.4700,530.0165,4.875676
_20013_,VDD,Metal1,118.8000,488.0510,4.868593
_20012_,VDD,Metal1,172.5900,467.9030,4.865311
_20011_,VDD,Metal1,174.2700,457.8230,4.863638
_20010_,VDD,Metal1,169.7900,427.5830,4.858826
_20009_,VDD,Metal1,145.7100,650.9765,4.898539
_20008_,VDD,Metal1,145.1500,661.0565,4.900566
_20007_,VDD,Metal1,104.8300,509.8565,4.872046
_20006_,VDD,Metal1,95.8700,518.3030,4.874037
_20005_,VDD,Metal1,66.1900,560.2565,4.881056
_20004_,VDD,Metal1,37.6300,649.3430,4.897349
_20003_,VDD,Metal1,66.1900,499.7765,4.869569
_20002_,VDD,Metal1,390.9900,669.5030,4.905560
_20001_,VDD,Metal1,95.3100,538.4630,4.877545
_20000_,VDD,Metal1,45.4700,639.2630,4.895585
_19999_,VDD,Metal1,66.1900,519.9365,4.874026
_19998_,VDD,Metal1,25.3100,640.8965,4.895544
_19997_,VDD,Metal1,370.8300,661.0565,4.903165
_19996_,VDD,Metal1,81.2800,558.6110,4.881056
_19995_,VDD,Metal1,487.8700,488.0630,4.869819
_19994_,VDD,Metal1,488.4300,489.6965,4.869819
_19993_,VDD,Metal1,481.1500,508.2230,4.873485
_19992_,VDD,Metal1,464.9100,499.7765,4.871207
_19991_,VDD,Metal1,56.6700,598.9430,4.888370
_19990_,VDD,Metal1,59.4700,590.4965,4.886529
_19989_,VDD,Metal1,56.6700,588.8630,4.886528
_19988_,VDD,Metal1,94.7500,619.1030,4.892228
_19987_,VDD,Metal1,17.4700,639.2630,4.895544
_19986_,VDD,Metal1,104.2700,650.9765,4.898423
_19985_,VDD,Metal1,76.2700,640.8965,4.895794
_19984_,VDD,Metal1,17.4700,609.0230,4.889977
_19983_,VDD,Metal1,17.4700,629.1830,4.893908
_19982_,VDD,Metal1,51.0700,629.1830,4.894115
_19981_,VDD,Metal1,108.1900,630.8165,4.894392
_19980_,VDD,Metal1,448.6700,649.3430,4.903391
_19979_,VDD,Metal1,425.7100,620.7365,4.895904
_19978_,VDD,Metal1,429.0700,650.9765,4.903224
_19977_,VDD,Metal1,410.0300,650.9765,4.903090
_19976_,VDD,Metal1,420.6700,640.8965,4.899587
_19975_,VDD,Metal1,449.2300,590.4965,4.889482
_19974_,VDD,Metal1,447.5500,619.1030,4.896156
_19973_,VDD,Metal1,447.5500,629.1830,4.898273
_19972_,VDD,Metal1,114.3500,620.7365,4.892299
_19971_,VDD,Metal1,17.4700,649.3430,4.897349
_19970_,VDD,Metal1,113.2300,640.8965,4.896096
_19969_,VDD,Metal1,76.2700,630.8165,4.894240
_19968_,VDD,Metal1,25.3100,610.6565,4.889977
_19967_,VDD,Metal1,25.3100,620.7365,4.891957
_19966_,VDD,Metal1,61.1500,620.7365,4.892063
_19965_,VDD,Metal1,133.3900,629.1830,4.894636
_19964_,VDD,Metal1,116.0300,619.1030,4.892300
_19963_,VDD,Metal1,27.5500,650.9765,4.897349
_19962_,VDD,Metal1,128.3500,649.3430,4.898510
_19961_,VDD,Metal1,81.3100,639.2630,4.895795
_19960_,VDD,Metal1,29.2300,600.5765,4.888267
_19959_,VDD,Metal1,17.4700,619.1030,4.891957
_19958_,VDD,Metal1,56.6700,619.1030,4.892063
_19957_,VDD,Metal1,135.6300,630.8165,4.894636
_19956_,VDD,Metal1,449.2300,650.9765,4.903392
_19955_,VDD,Metal1,429.0700,610.6565,4.893410
_19954_,VDD,Metal1,446.9900,659.4230,4.904413
_19953_,VDD,Metal1,421.7900,661.0565,4.904225
_19952_,VDD,Metal1,426.2700,630.8165,4.898077
_19951_,VDD,Metal1,448.6700,598.9430,4.891493
_19950_,VDD,Metal1,461.5500,620.7365,4.896162
_19949_,VDD,Metal1,458.1900,630.8165,4.898282
_19948_,VDD,Metal1,459.8700,610.6565,4.893915
_19947_,VDD,Metal1,409.4700,619.1030,4.895439
_19946_,VDD,Metal1,406.1100,659.4230,4.904215
_19945_,VDD,Metal1,379.7900,640.8965,4.898781
_19944_,VDD,Metal1,317.6300,629.1830,4.896275
_19943_,VDD,Metal1,315.3900,649.3430,4.899974
_19942_,VDD,Metal1,324.9100,609.0230,4.892455
_19941_,VDD,Metal1,348.9900,620.7365,4.894378
_19940_,VDD,Metal1,448.6700,679.5830,4.909924
_19939_,VDD,Metal1,413.3900,681.2165,4.909043
_19938_,VDD,Metal1,429.0700,671.1365,4.906735
_19937_,VDD,Metal1,401.6300,689.6630,4.910554
_19936_,VDD,Metal1,429.6300,679.5830,4.909783
_19935_,VDD,Metal1,449.2300,691.2965,4.911547
_19934_,VDD,Metal1,504.1100,760.2230,4.926554
_19933_,VDD,Metal1,480.0300,699.7430,4.919253
_19932_,VDD,Metal1,19.7100,560.2565,4.881023
_19931_,VDD,Metal1,37.6300,558.6230,4.881025
_19930_,VDD,Metal1,26.9900,580.4165,4.884716
_19929_,VDD,Metal1,17.4700,578.7830,4.884715
_19928_,VDD,Metal1,29.7900,570.3365,4.882923
_19927_,VDD,Metal1,37.6300,528.3830,4.875546
_19926_,VDD,Metal1,17.4700,528.3830,4.875552
_19925_,VDD,Metal1,29.2300,519.9365,4.873984
_19924_,VDD,Metal1,17.4700,518.3030,4.873984
_19923_,VDD,Metal1,44.3500,498.1430,4.869581
_19922_,VDD,Metal1,27.5500,459.4565,4.863401
_19921_,VDD,Metal1,19.7100,489.6965,4.868548
_19920_,VDD,Metal1,17.4700,498.1430,4.869661
_19919_,VDD,Metal1,19.7100,469.5365,4.865076
_19918_,VDD,Metal1,23.0700,449.3765,4.861656
_19917_,VDD,Metal1,56.1100,457.8230,4.863382
_19916_,VDD,Metal1,60.5900,459.4565,4.863382
_19915_,VDD,Metal1,62.2700,489.6965,4.868526
_19914_,VDD,Metal1,56.6700,548.5430,4.879453
_19913_,VDD,Metal1,86.3500,528.3830,4.875574
_19912_,VDD,Metal1,233.6300,689.6630,4.907407
_19911_,VDD,Metal1,232.5100,681.2165,4.903512
_19910_,VDD,Metal1,242.5900,669.5030,4.902367
_19909_,VDD,Metal1,257.7100,661.0565,4.901570
_19908_,VDD,Metal1,260.5100,650.9765,4.899517
_19907_,VDD,Metal1,272.8300,679.5830,4.906455
_19906_,VDD,Metal1,278.9900,689.6630,4.907702
_19905_,VDD,Metal1,253.2300,691.2965,4.907574
_19904_,VDD,Metal1,272.2700,691.2965,4.907701
_19903_,VDD,Metal1,351.2300,1082.7830,4.928240
_19902_,VDD,Metal1,345.0700,1084.4165,4.928212
_19901_,VDD,Metal1,428.5100,1084.4165,4.930730
_19900_,VDD,Metal1,440.8300,1082.7830,4.930735
_19899_,VDD,Metal1,440.8300,1092.8630,4.934139
_19898_,VDD,Metal1,406.6700,1082.7830,4.929814
_19897_,VDD,Metal1,390.4300,1092.8630,4.924815
_19896_,VDD,Metal1,383.7100,1084.4165,4.928950
_19895_,VDD,Metal1,370.2700,1082.7830,4.928899
_19894_,VDD,Metal1,504.1100,921.5030,4.932343
_19893_,VDD,Metal1,510.8300,933.2165,4.932750
_19892_,VDD,Metal1,509.7100,923.1365,4.932343
_19891_,VDD,Metal1,507.4700,892.8965,4.931217
_19890_,VDD,Metal1,508.0300,852.5765,4.929953
_19889_,VDD,Metal1,504.1100,861.0230,4.930286
_19888_,VDD,Metal1,506.9100,882.8165,4.930961
_19887_,VDD,Metal1,505.7900,832.4165,4.929298
_19886_,VDD,Metal1,504.1100,830.7830,4.929298
_19885_,VDD,Metal1,89.1500,689.6630,4.904188
_19884_,VDD,Metal1,63.9500,681.2165,4.901925
_19883_,VDD,Metal1,124.9900,669.5030,4.900741
_19882_,VDD,Metal1,95.8700,669.5030,4.900562
_19881_,VDD,Metal1,56.6700,669.5030,4.900360
_19880_,VDD,Metal1,71.7900,671.1365,4.900368
_19879_,VDD,Metal1,84.1100,679.5830,4.902057
_19878_,VDD,Metal1,122.7500,679.5830,4.902629
_19877_,VDD,Metal1,200.0300,619.1030,4.893155
_19876_,VDD,Metal1,213.4700,629.1830,4.895540
_19875_,VDD,Metal1,228.5900,610.6565,4.891602
_19874_,VDD,Metal1,226.9100,600.5765,4.889452
_19873_,VDD,Metal1,203.3900,598.9430,4.889381
_19872_,VDD,Metal1,193.8700,590.4965,4.887240
_19871_,VDD,Metal1,194.4300,588.8630,4.887241
_19870_,VDD,Metal1,155.7900,588.8630,4.887088
_19869_,VDD,Metal1,229.1500,630.8165,4.895548
_19868_,VDD,Metal1,240.9100,619.1030,4.893875
_19867_,VDD,Metal1,236.4300,598.9430,4.889453
_19866_,VDD,Metal1,203.9500,639.2630,4.896827
_19865_,VDD,Metal1,224.1100,580.4165,4.885952
_19864_,VDD,Metal1,195.5500,578.7830,4.885571
_19863_,VDD,Metal1,387.0700,620.7365,4.895107
_19862_,VDD,Metal1,380.9100,570.3365,4.884490
_19861_,VDD,Metal1,369.1500,578.7830,4.886673
_19860_,VDD,Metal1,388.1900,610.6565,4.892761
_19859_,VDD,Metal1,285.1500,588.8630,4.888042
_19858_,VDD,Metal1,277.8700,619.1030,4.894005
_19857_,VDD,Metal1,271.1500,580.4165,4.886397
_19856_,VDD,Metal1,331.0700,568.7030,4.884295
_19855_,VDD,Metal1,291.8700,629.1830,4.896121
_19854_,VDD,Metal1,370.8300,600.5765,4.890396
_19853_,VDD,Metal1,374.1900,580.4165,4.886674
_19852_,VDD,Metal1,375.8700,630.8165,4.896932
_19851_,VDD,Metal1,267.2300,600.5765,4.889689
_19850_,VDD,Metal1,264.9900,620.7365,4.894000
_19849_,VDD,Metal1,326.0300,588.8630,4.888400
_19848_,VDD,Metal1,349.5500,630.8165,4.896898
_19847_,VDD,Metal1,174.8300,600.5765,4.889249
_19846_,VDD,Metal1,127.7900,609.0230,4.890739
_19845_,VDD,Metal1,131.7100,598.9430,4.888677
_19844_,VDD,Metal1,94.1900,598.9430,4.888572
_19843_,VDD,Metal1,96.4300,600.5765,4.888572
_19842_,VDD,Metal1,96.4300,590.4965,4.886771
_19841_,VDD,Metal1,101.4700,570.3365,4.882997
_19840_,VDD,Metal1,95.8700,568.7030,4.882997
_19839_,VDD,Metal1,114.9100,550.1765,4.879596
_19838_,VDD,Metal1,283.4700,639.2630,4.897810
_19837_,VDD,Metal1,350.6700,600.5765,4.890303
_19836_,VDD,Metal1,350.6700,580.4165,4.886607
_19835_,VDD,Metal1,359.0700,629.1830,4.896901
_19834_,VDD,Metal1,257.7100,610.6565,4.891736
_19833_,VDD,Metal1,252.6700,629.1830,4.895864
_19832_,VDD,Metal1,319.3100,598.9430,4.890127
_19831_,VDD,Metal1,340.5900,640.8965,4.898312
_19830_,VDD,Metal1,130.5900,558.6230,4.881142
_19829_,VDD,Metal1,146.8300,600.5765,4.888680
_19828_,VDD,Metal1,262.1900,499.7765,4.869966
_19827_,VDD,Metal1,259.3900,489.6965,4.869075
_19826_,VDD,Metal1,232.4115,499.7330,4.869905
_19825_,VDD,Metal1,228.3955,489.6560,4.868928
_19824_,VDD,Metal1,252.6700,578.7830,4.886357
_19823_,VDD,Metal1,247.0700,568.7030,4.883539
_19822_,VDD,Metal1,226.9100,560.2565,4.881685
_19821_,VDD,Metal1,213.4700,558.6230,4.881683
_19820_,VDD,Metal1,224.1100,530.0165,4.876071
_19819_,VDD,Metal1,218.5100,519.9365,4.874352
_19818_,VDD,Metal1,211.7900,528.3830,4.876071
_19817_,VDD,Metal1,250.9600,548.5310,4.880172
_19816_,VDD,Metal1,212.1555,508.2635,4.872233
_19815_,VDD,Metal1,907.3100,44.5430,4.826016
_19814_,VDD,Metal1,919.6300,26.0165,4.826266
_19813_,VDD,Metal1,888.8300,56.2565,4.826443
_19812_,VDD,Metal1,880.9900,36.0965,4.826317
_19811_,VDD,Metal1,841.2300,46.1765,4.826084
_19810_,VDD,Metal1,860.8300,34.4630,4.826329
_19809_,VDD,Metal1,830.0300,44.5430,4.826087
_19808_,VDD,Metal1,635.7100,44.5430,4.826627
_19807_,VDD,Metal1,566.2700,44.5430,4.826662
_19806_,VDD,Metal1,527.0700,54.6230,4.826979
_19805_,VDD,Metal1,462.6700,26.0165,4.826798
_19804_,VDD,Metal1,264.4300,36.0965,4.826931
_19803_,VDD,Metal1,233.6300,34.4630,4.826926
_19802_,VDD,Metal1,214.0300,36.0965,4.826925
_19801_,VDD,Metal1,131.7100,34.4630,4.826909
_19800_,VDD,Metal1,163.0700,44.5430,4.827129
_19799_,VDD,Metal1,958.8300,620.7365,4.904147
_19798_,VDD,Metal1,933.6300,661.0565,4.917705
_19797_,VDD,Metal1,952.6700,629.1830,4.907180
_19796_,VDD,Metal1,928.5900,640.8965,4.910361
_19795_,VDD,Metal1,963.3100,590.4965,4.894819
_19794_,VDD,Metal1,979.5500,558.6230,4.886520
_19793_,VDD,Metal1,972.8300,509.8565,4.875407
_19792_,VDD,Metal1,969.4700,479.6165,4.869139
_19791_,VDD,Metal1,953.7900,447.7430,4.863438
_19790_,VDD,Metal1,912.3500,195.7430,4.832698
_19789_,VDD,Metal1,606.0300,298.1765,4.842150
_19788_,VDD,Metal1,611.0700,136.8965,4.829435
_19787_,VDD,Metal1,576.3500,136.8965,4.829421
_19786_,VDD,Metal1,296.3500,106.6565,4.828523
_19785_,VDD,Metal1,308.6700,96.5765,4.827933
_19784_,VDD,Metal1,384.8300,116.7365,4.828823
_19783_,VDD,Metal1,204.5100,34.4630,4.826925
_19782_,VDD,Metal1,396.5900,94.9430,4.827786
_19781_,VDD,Metal1,809.3100,26.0165,4.826515
_19780_,VDD,Metal1,802.0300,36.0965,4.826394
_19779_,VDD,Metal1,742.6700,36.0965,4.826478
_19778_,VDD,Metal1,723.6300,36.0965,4.826491
_19777_,VDD,Metal1,686.1100,46.1765,4.826474
_19776_,VDD,Metal1,654.7500,26.0165,4.826639
_19775_,VDD,Metal1,620.0300,46.1765,4.826627
_19774_,VDD,Metal1,592.5900,44.5430,4.826641
_19773_,VDD,Metal1,546.6700,36.0965,4.826688
_19772_,VDD,Metal1,487.8700,34.4630,4.826763
_19771_,VDD,Metal1,443.6300,34.4630,4.826761
_19770_,VDD,Metal1,93.0700,44.5430,4.827110
_19769_,VDD,Metal1,109.3100,46.1765,4.827107
_19768_,VDD,Metal1,112.1100,36.0965,4.826896
_19767_,VDD,Metal1,96.4300,26.0165,4.826810
_19766_,VDD,Metal1,281.7900,34.4630,4.826935
_19765_,VDD,Metal1,880.4300,671.1365,4.921617
_19764_,VDD,Metal1,880.4300,650.9765,4.912460
_19763_,VDD,Metal1,905.0700,679.5830,4.925588
_19762_,VDD,Metal1,923.5500,671.1365,4.922374
_19761_,VDD,Metal1,938.6700,681.2165,4.925797
_19760_,VDD,Metal1,922.4300,691.2965,4.929527
_19759_,VDD,Metal1,919.0700,548.5430,4.884114
_19758_,VDD,Metal1,963.8700,459.4565,4.865526
_19757_,VDD,Metal1,975.6300,419.1365,4.858265
_19756_,VDD,Metal1,598.1900,306.6230,4.843359
_19755_,VDD,Metal1,612.7500,318.3365,4.844350
_19754_,VDD,Metal1,560.1100,367.1030,4.850725
_19753_,VDD,Metal1,314.2700,306.6230,4.842764
_19752_,VDD,Metal1,82.9900,296.5430,4.841573
_19751_,VDD,Metal1,500.7500,288.0965,4.841052
_19750_,VDD,Metal1,87.4700,276.3830,4.839543
_19749_,VDD,Metal1,971.7100,318.3365,4.844258
_19748_,VDD,Metal1,978.4300,94.9430,4.827180
_19747_,VDD,Metal1,978.4300,105.0230,4.827812
_19746_,VDD,Metal1,967.2300,86.4965,4.826806
_19745_,VDD,Metal1,968.9100,106.6565,4.827812
_19744_,VDD,Metal1,961.6300,96.5765,4.827183
_19743_,VDD,Metal1,977.8700,247.7765,4.836751
_19742_,VDD,Metal1,970.5900,177.2165,4.831490
_19741_,VDD,Metal1,963.3100,136.8965,4.829127
_19740_,VDD,Metal1,978.4300,74.7830,4.826837
_19739_,VDD,Metal1,965.5500,66.3365,4.826300
_19738_,VDD,Metal1,964.4300,56.2565,4.826414
_19737_,VDD,Metal1,946.5100,54.6230,4.826425
_19736_,VDD,Metal1,958.8300,46.1765,4.825962
_19735_,VDD,Metal1,961.6300,36.0965,4.826177
_19734_,VDD,Metal1,950.4300,64.7030,4.826303
_19733_,VDD,Metal1,958.8300,691.2965,4.929839
_19732_,VDD,Metal1,947.6300,699.7430,4.940201
_19731_,VDD,Metal1,985.1500,862.6565,4.954806
_19730_,VDD,Metal1,942.5900,689.6630,4.929903
_19729_,VDD,Metal1,984.0300,719.9030,4.947892
_19728_,VDD,Metal1,954.3500,679.5830,4.925795
_19727_,VDD,Metal1,984.0300,842.4965,4.953992
_19726_,VDD,Metal1,982.9100,518.3030,4.877523
_19725_,VDD,Metal1,980.1100,447.7430,4.863435
_19724_,VDD,Metal1,988.5100,427.5830,4.859981
_19723_,VDD,Metal1,998.0300,419.1365,4.858259
_19722_,VDD,Metal1,974.5100,388.8965,4.853658
_19721_,VDD,Metal1,984.0300,357.0230,4.849043
_19720_,VDD,Metal1,978.4300,336.8630,4.846368
_19719_,VDD,Metal1,972.2700,308.2565,4.842851
_19718_,VDD,Metal1,973.3900,298.1765,4.841786
_19717_,VDD,Metal1,318.1900,84.8630,4.827685
_19716_,VDD,Metal1,282.3500,64.7030,4.827457
_19715_,VDD,Metal1,919.0700,34.4630,4.826242
_19714_,VDD,Metal1,939.2300,34.4630,4.826242
_19713_,VDD,Metal1,893.8700,46.1765,4.826016
_19712_,VDD,Metal1,879.8700,34.4630,4.826317
_19711_,VDD,Metal1,860.8300,44.5430,4.826047
_19710_,VDD,Metal1,860.2700,26.0165,4.826362
_19709_,VDD,Metal1,840.6700,34.4630,4.826348
_19708_,VDD,Metal1,644.6700,34.4630,4.826643
_19707_,VDD,Metal1,560.6700,34.4630,4.826687
_19706_,VDD,Metal1,522.5900,64.7030,4.827420
_19705_,VDD,Metal1,252.6700,34.4630,4.826931
_19704_,VDD,Metal1,233.0700,36.0965,4.826926
_19703_,VDD,Metal1,223.5500,26.0165,4.826618
_19702_,VDD,Metal1,186.5900,36.0965,4.826927
_19701_,VDD,Metal1,115.4700,26.0165,4.826797
_19700_,VDD,Metal1,152.9900,26.0165,4.826737
_19699_,VDD,Metal1,958.2700,609.0230,4.900587
_19698_,VDD,Metal1,945.9500,659.4230,4.917706
_19697_,VDD,Metal1,958.8300,630.8165,4.907180
_19696_,VDD,Metal1,939.2300,649.3430,4.913119
_19695_,VDD,Metal1,967.2300,580.4165,4.891756
_19694_,VDD,Metal1,977.8700,550.1765,4.884079
_19693_,VDD,Metal1,972.2700,499.7765,4.872754
_19692_,VDD,Metal1,971.1500,469.5365,4.867212
_19691_,VDD,Metal1,956.5900,437.6630,4.861685
_19690_,VDD,Metal1,919.6300,187.2965,4.831960
_19689_,VDD,Metal1,589.7900,286.4630,4.841083
_19688_,VDD,Metal1,606.0300,126.8165,4.829105
_19687_,VDD,Metal1,566.8300,126.8165,4.829103
_19686_,VDD,Metal1,286.8300,105.0230,4.828523
_19685_,VDD,Metal1,291.8700,94.9430,4.827934
_19684_,VDD,Metal1,370.2700,105.0230,4.828491
_19683_,VDD,Metal1,193.3100,26.0165,4.826714
_19682_,VDD,Metal1,389.8700,96.5765,4.827786
_19681_,VDD,Metal1,821.6300,34.4630,4.826369
_19680_,VDD,Metal1,784.6700,44.5430,4.826277
_19679_,VDD,Metal1,742.6700,26.0165,4.826574
_19678_,VDD,Metal1,723.6300,26.0165,4.826580
_19677_,VDD,Metal1,687.7900,26.0165,4.826595
_19676_,VDD,Metal1,664.8300,34.4630,4.826561
_19675_,VDD,Metal1,625.6300,34.4630,4.826647
_19674_,VDD,Metal1,585.8700,26.0165,4.826553
_19673_,VDD,Metal1,540.5100,26.0165,4.826550
_19672_,VDD,Metal1,468.8300,34.4630,4.826760
_19671_,VDD,Metal1,272.2700,26.0165,4.826605
_19670_,VDD,Metal1,72.9100,36.0965,4.826868
_19669_,VDD,Metal1,96.4300,56.2565,4.826847
_19668_,VDD,Metal1,95.8700,34.4630,4.826860
_19667_,VDD,Metal1,76.8300,34.4630,4.826867
_19666_,VDD,Metal1,71.7900,26.0165,4.826843
_19665_,VDD,Metal1,868.1100,689.6630,4.928816
_19664_,VDD,Metal1,867.5500,649.3430,4.912454
_19663_,VDD,Metal1,891.6300,681.2165,4.925574
_19662_,VDD,Metal1,919.6300,681.2165,4.925611
_19661_,VDD,Metal1,874.2700,699.7430,4.935974
_19660_,VDD,Metal1,906.1900,699.7430,4.937023
_19659_,VDD,Metal1,893.8700,550.1765,4.884044
_19658_,VDD,Metal1,966.6700,449.3765,4.863436
_19657_,VDD,Metal1,978.4300,417.5030,4.858265
_19656_,VDD,Metal1,586.4300,296.5430,4.842143
_19655_,VDD,Metal1,597.6300,316.7030,4.844349
_19654_,VDD,Metal1,546.6700,358.6565,4.849465
_19653_,VDD,Metal1,82.9900,306.6230,4.842506
_19652_,VDD,Metal1,75.1500,288.0965,4.840552
_19651_,VDD,Metal1,494.5900,278.0165,4.839853
_19650_,VDD,Metal1,76.2700,257.8565,4.837647
_19649_,VDD,Metal1,1036.1100,336.8630,4.846205
_19648_,VDD,Metal1,997.4700,336.8630,4.846346
_19647_,VDD,Metal1,997.4700,316.7030,4.844232
_19646_,VDD,Metal1,1009.2300,298.1765,4.841502
_19645_,VDD,Metal1,998.0300,278.0165,4.839700
_19644_,VDD,Metal1,1017.0700,267.9365,4.838278
_19643_,VDD,Metal1,1042.8300,247.7765,4.836705
_19642_,VDD,Metal1,990.7500,195.7430,4.832412
_19641_,VDD,Metal1,1029.3900,195.7430,4.832340
_19640_,VDD,Metal1,998.0300,177.2165,4.831479
_19639_,VDD,Metal1,989.6300,165.5030,4.830553
_19638_,VDD,Metal1,984.5900,135.2630,4.829118
_19637_,VDD,Metal1,997.4700,74.7830,4.826829
_19636_,VDD,Metal1,992.9900,84.8630,4.826733
_19635_,VDD,Metal1,990.7500,54.6230,4.826331
_19634_,VDD,Metal1,1023.7900,44.5430,4.825461
_19633_,VDD,Metal1,1056.8300,34.4630,4.826046
_19632_,VDD,Metal1,1051.7900,76.4165,4.826807
_19631_,VDD,Metal1,1047.8700,106.6565,4.827743
_19630_,VDD,Metal1,1068.0300,145.3430,4.829484
_19629_,VDD,Metal1,1076.4300,126.8165,4.828273
_19628_,VDD,Metal1,1068.5900,105.0230,4.827741
_19627_,VDD,Metal1,1072.5100,74.7830,4.826802
_19626_,VDD,Metal1,985.1500,387.2630,4.853657
_19625_,VDD,Metal1,985.1500,377.1830,4.851951
_19624_,VDD,Metal1,982.9100,367.1030,4.850507
_19623_,VDD,Metal1,999.7100,348.5765,4.848130
_19622_,VDD,Metal1,997.4700,286.4630,4.840938
_19621_,VDD,Metal1,990.1900,276.3830,4.839700
_19620_,VDD,Metal1,1017.0700,257.8565,4.837716
_19619_,VDD,Metal1,989.6300,205.8230,4.833467
_19618_,VDD,Metal1,1076.4300,197.3765,4.832335
_19617_,VDD,Metal1,1075.3100,185.6630,4.831857
_19616_,VDD,Metal1,1036.6700,155.4230,4.829879
_19615_,VDD,Metal1,972.8300,126.8165,4.828457
_19614_,VDD,Metal1,1023.7900,64.7030,4.826231
_19613_,VDD,Metal1,1017.0700,66.3365,4.826231
_19612_,VDD,Metal1,988.5100,44.5430,4.825940
_19611_,VDD,Metal1,1037.2300,36.0965,4.826057
_19610_,VDD,Metal1,1064.6700,54.6230,4.826197
_19609_,VDD,Metal1,1043.9500,56.2565,4.826202
_19608_,VDD,Metal1,1056.8300,115.1030,4.828151
_19607_,VDD,Metal1,1076.4300,146.9765,4.829484
_19606_,VDD,Metal1,1076.4300,116.7365,4.828149
_19605_,VDD,Metal1,1076.4300,96.5765,4.827109
_19604_,VDD,Metal1,1076.4300,66.3365,4.826217
_19603_,VDD,Metal1,1064.6700,933.2165,4.958890
_19602_,VDD,Metal1,1075.3100,943.2965,4.959390
_19601_,VDD,Metal1,1062.9900,902.9765,4.956846
_19600_,VDD,Metal1,1042.8300,872.7365,4.955185
_19599_,VDD,Metal1,1067.4700,862.6565,4.954813
_19598_,VDD,Metal1,995.2300,852.5765,4.954140
_19597_,VDD,Metal1,1003.6300,832.4165,4.953499
_19596_,VDD,Metal1,998.0300,530.0165,4.879380
_19595_,VDD,Metal1,990.7500,498.1430,4.872745
_19594_,VDD,Metal1,998.0300,459.4565,4.865477
_19593_,VDD,Metal1,1062.4300,447.7430,4.863284
_19592_,VDD,Metal1,1076.4300,429.2165,4.859914
_19591_,VDD,Metal1,1076.4300,409.0565,4.856547
_19590_,VDD,Metal1,1076.4300,378.8165,4.851921
_19589_,VDD,Metal1,1076.4300,298.1765,4.841283
_19588_,VDD,Metal1,1076.4300,318.3365,4.844145
_19587_,VDD,Metal1,1070.2700,488.0630,4.870937
_19586_,VDD,Metal1,1069.1500,518.3030,4.877448
_19585_,VDD,Metal1,1046.1900,540.0965,4.881714
_19584_,VDD,Metal1,1071.3900,548.5430,4.883894
_19583_,VDD,Metal1,1062.9900,578.7830,4.891624
_19582_,VDD,Metal1,1065.7900,588.8630,4.894714
_19581_,VDD,Metal1,1076.4300,610.6565,4.900435
_19580_,VDD,Metal1,1033.3100,933.2165,4.958891
_19579_,VDD,Metal1,1045.0700,941.6630,4.959399
_19578_,VDD,Metal1,1038.3500,902.9765,4.956859
_19577_,VDD,Metal1,1004.1900,881.1830,4.955942
_19576_,VDD,Metal1,1026.5900,862.6565,4.954818
_19575_,VDD,Metal1,1030.5100,832.4165,4.953508
_19574_,VDD,Metal1,1006.9900,840.8630,4.953994
_19573_,VDD,Metal1,998.0300,540.0965,4.881775
_19572_,VDD,Metal1,998.0300,489.6965,4.871026
_19571_,VDD,Metal1,998.0300,469.5365,4.867109
_19570_,VDD,Metal1,1007.5500,439.2965,4.861601
_19569_,VDD,Metal1,1037.2300,409.0565,4.856559
_19568_,VDD,Metal1,1062.9900,387.2630,4.853597
_19567_,VDD,Metal1,1070.8300,357.0230,4.848887
_19566_,VDD,Metal1,1072.5100,296.5430,4.841283
_19565_,VDD,Metal1,1071.9500,336.8630,4.846190
_19564_,VDD,Metal1,1076.4300,509.8565,4.875358
_19563_,VDD,Metal1,1076.4300,499.7765,4.872621
_19562_,VDD,Metal1,1057.3900,538.4630,4.881713
_19561_,VDD,Metal1,1076.4300,540.0965,4.881708
_19560_,VDD,Metal1,1076.4300,580.4165,4.891624
_19559_,VDD,Metal1,1069.1500,609.0230,4.900435
_19558_,VDD,Metal1,1075.3100,629.1830,4.906896
_19557_,VDD,Metal1,320.9900,94.9430,4.827933
_19556_,VDD,Metal1,267.7900,56.2565,4.827014
_19555_,VDD,Metal1,919.6300,46.1765,4.826016
_19554_,VDD,Metal1,939.2300,44.5430,4.826012
_19553_,VDD,Metal1,900.0300,64.7030,4.826343
_19552_,VDD,Metal1,889.3900,26.0165,4.826313
_19551_,VDD,Metal1,860.8300,54.6230,4.826450
_19550_,VDD,Metal1,860.2700,36.0965,4.826329
_19549_,VDD,Metal1,841.2300,36.0965,4.826347
_19548_,VDD,Metal1,645.7900,36.0965,4.826643
_19547_,VDD,Metal1,547.2300,44.5430,4.826814
_19546_,VDD,Metal1,507.4700,66.3365,4.827421
_19545_,VDD,Metal1,244.2700,44.5430,4.827110
_19544_,VDD,Metal1,231.9500,46.1765,4.827110
_19543_,VDD,Metal1,211.2300,44.5430,4.827115
_19542_,VDD,Metal1,168.6700,34.4630,4.826930
_19541_,VDD,Metal1,124.4300,44.5430,4.827107
_19540_,VDD,Metal1,141.7900,36.0965,4.826909
_19539_,VDD,Metal1,958.2700,407.4230,4.856725
_19538_,VDD,Metal1,949.8700,669.5030,4.922459
_19537_,VDD,Metal1,956.5900,619.1030,4.904147
_19536_,VDD,Metal1,942.5900,639.2630,4.910365
_19535_,VDD,Metal1,964.9900,570.3365,4.889173
_19534_,VDD,Metal1,972.8300,540.0965,4.881818
_19533_,VDD,Metal1,964.4300,489.6965,4.871125
_19532_,VDD,Metal1,958.2700,467.9030,4.867214
_19531_,VDD,Metal1,945.9500,276.3830,4.839782
_19530_,VDD,Metal1,908.9900,185.6630,4.831959
_19529_,VDD,Metal1,557.3100,276.3830,4.839857
_19528_,VDD,Metal1,592.5900,125.1830,4.829105
_19527_,VDD,Metal1,544.9900,126.8165,4.829103
_19526_,VDD,Metal1,280.1100,115.1030,4.828840
_19525_,VDD,Metal1,285.7100,84.8630,4.827674
_19524_,VDD,Metal1,345.0700,96.5765,4.827828
_19523_,VDD,Metal1,181.5500,46.1765,4.827136
_19522_,VDD,Metal1,383.1500,106.6565,4.828491
_19521_,VDD,Metal1,801.4700,34.4630,4.826395
_19520_,VDD,Metal1,782.4300,34.4630,4.826421
_19519_,VDD,Metal1,743.2300,44.5430,4.826282
_19518_,VDD,Metal1,712.4300,44.5430,4.826377
_19517_,VDD,Metal1,683.8700,34.4630,4.826540
_19516_,VDD,Metal1,672.6700,44.5430,4.826476
_19515_,VDD,Metal1,612.7500,26.0165,4.826589
_19514_,VDD,Metal1,586.4300,34.4630,4.826661
_19513_,VDD,Metal1,526.5100,34.4630,4.826719
_19512_,VDD,Metal1,466.5900,36.0965,4.826760
_19511_,VDD,Metal1,272.8300,44.5430,4.827111
_19510_,VDD,Metal1,56.6700,44.5430,4.827125
_19509_,VDD,Metal1,85.2300,64.7030,4.827326
_19508_,VDD,Metal1,91.3900,54.6230,4.826847
_19507_,VDD,Metal1,66.1900,46.1765,4.827125
_19506_,VDD,Metal1,56.6700,34.4630,4.826939
_19505_,VDD,Metal1,860.8300,679.5830,4.925452
_19504_,VDD,Metal1,860.8300,659.4230,4.916989
_19503_,VDD,Metal1,880.4300,691.2965,4.928818
_19502_,VDD,Metal1,907.3100,689.6630,4.929499
_19501_,VDD,Metal1,846.8300,691.2965,4.928126
_19500_,VDD,Metal1,845.1500,681.2165,4.925439
_19499_,VDD,Metal1,867.5500,548.5430,4.884008
_19498_,VDD,Metal1,962.1900,439.2965,4.861685
_19497_,VDD,Metal1,958.2700,417.5030,4.858269
_19496_,VDD,Metal1,556.7500,266.3030,4.838860
_19495_,VDD,Metal1,578.0300,288.0965,4.841083
_19494_,VDD,Metal1,538.8300,368.7365,4.850706
_19493_,VDD,Metal1,70.6700,278.0165,4.839545
_19492_,VDD,Metal1,56.6700,286.4630,4.840556
_19491_,VDD,Metal1,487.8700,286.4630,4.841052
_19490_,VDD,Metal1,68.9900,247.7765,4.836764
_19489_,VDD,Metal1,990.7500,933.2165,4.958866
_19488_,VDD,Metal1,1038.3500,993.6965,4.962904
_19487_,VDD,Metal1,1074.1900,1013.8565,4.964241
_19486_,VDD,Metal1,1062.9900,963.4565,4.961014
_19485_,VDD,Metal1,1066.9100,983.6165,4.962069
_19484_,VDD,Metal1,1014.8300,992.0630,4.962900
_19483_,VDD,Metal1,1004.1900,981.9830,4.962075
_19482_,VDD,Metal1,990.7500,963.4565,4.961019
_19481_,VDD,Metal1,995.2300,923.1365,4.957998
_19480_,VDD,Metal1,1042.8300,983.6165,4.962075
_19479_,VDD,Metal1,1075.3100,993.6965,4.962893
_19478_,VDD,Metal1,1074.1900,953.3765,4.960014
_19477_,VDD,Metal1,1074.1900,973.5365,4.961425
_19476_,VDD,Metal1,1023.7900,983.6165,4.962079
_19475_,VDD,Metal1,1004.1900,951.7430,4.960092
_19474_,VDD,Metal1,990.7500,953.3765,4.960092
_19473_,VDD,Metal1,930.8300,136.8965,4.829126
_19472_,VDD,Metal1,927.4700,126.8165,4.828655
_19471_,VDD,Metal1,942.0300,115.1030,4.828318
_19470_,VDD,Metal1,927.4700,106.6565,4.827852
_19469_,VDD,Metal1,911.2300,155.4230,4.830284
_19468_,VDD,Metal1,919.0700,74.7830,4.826855
_19467_,VDD,Metal1,947.6300,74.7830,4.826849
_19466_,VDD,Metal1,911.7900,165.5030,4.830661
_19465_,VDD,Metal1,938.6700,96.5765,4.827432
_19464_,VDD,Metal1,948.1900,105.0230,4.827858
_19463_,VDD,Metal1,933.0700,86.4965,4.826855
_19462_,VDD,Metal1,958.8300,76.4165,4.826848
_19461_,VDD,Metal1,935.3100,76.4165,4.826849
_19460_,VDD,Metal1,174.8300,96.5765,4.828024
_19459_,VDD,Metal1,919.0700,84.8630,4.826855
_19458_,VDD,Metal1,185.4700,56.2565,4.826977
_19457_,VDD,Metal1,930.8300,56.2565,4.826425
_19456_,VDD,Metal1,962.1900,267.9365,4.838392
_19455_,VDD,Metal1,958.8300,257.8565,4.837873
_19454_,VDD,Metal1,968.9100,348.5765,4.848159
_19453_,VDD,Metal1,934.7500,247.7765,4.836964
_19452_,VDD,Metal1,941.4700,195.7430,4.832665
_19451_,VDD,Metal1,938.6700,217.5365,4.834318
_19450_,VDD,Metal1,966.1100,278.0165,4.839756
_19449_,VDD,Metal1,929.1500,177.2165,4.831500
_19448_,VDD,Metal1,958.8300,247.7765,4.836760
_19447_,VDD,Metal1,958.2700,215.9030,4.834304
_19446_,VDD,Metal1,932.5100,227.6165,4.834985
_19445_,VDD,Metal1,958.2700,165.5030,4.830585
_19444_,VDD,Metal1,947.6300,135.2630,4.829128
_19443_,VDD,Metal1,939.2300,165.5030,4.830615
_19442_,VDD,Metal1,935.3100,207.4565,4.833613
_19441_,VDD,Metal1,958.2700,145.3430,4.829631
_19440_,VDD,Metal1,928.0300,167.1365,4.830616
_19439_,VDD,Metal1,318.7500,105.0230,4.828528
_19438_,VDD,Metal1,259.9500,46.1765,4.827110
_19437_,VDD,Metal1,1032.1900,377.1830,4.851928
_19436_,VDD,Metal1,1005.8700,409.0565,4.856604
_19435_,VDD,Metal1,1003.0700,398.9765,4.855103
_19434_,VDD,Metal1,1005.8700,388.8965,4.853646
_19433_,VDD,Metal1,1017.0700,358.6565,4.848979
_19432_,VDD,Metal1,1010.9100,338.4965,4.846345
_19431_,VDD,Metal1,1076.4300,257.8565,4.837701
_19430_,VDD,Metal1,1069.1500,236.0630,4.835768
_19429_,VDD,Metal1,1065.7900,205.8230,4.833408
_19428_,VDD,Metal1,1056.2700,187.2965,4.831859
_19427_,VDD,Metal1,1050.1100,157.0565,4.829879
_19426_,VDD,Metal1,1030.5100,135.2630,4.829077
_19425_,VDD,Metal1,1024.9100,94.9430,4.827144
_19424_,VDD,Metal1,1017.6300,84.8630,4.826713
_19423_,VDD,Metal1,1065.2300,923.1365,4.958071
_19422_,VDD,Metal1,1072.5100,913.0565,4.957379
_19421_,VDD,Metal1,1062.4300,901.3430,4.956846
_19420_,VDD,Metal1,1066.9100,892.8965,4.956218
_19419_,VDD,Metal1,1062.4300,861.0230,4.954813
_19418_,VDD,Metal1,1070.8300,852.5765,4.954181
_19417_,VDD,Metal1,1070.8300,832.4165,4.953497
_19416_,VDD,Metal1,1026.5900,538.4630,4.881729
_19415_,VDD,Metal1,1037.2300,499.7765,4.872644
_19414_,VDD,Metal1,1024.3500,467.9030,4.867017
_19413_,VDD,Metal1,1066.9100,477.9830,4.869024
_19412_,VDD,Metal1,1069.1500,457.8230,4.865433
_19411_,VDD,Metal1,1056.2700,429.2165,4.859915
_19410_,VDD,Metal1,1071.3900,407.4230,4.856547
_19409_,VDD,Metal1,1023.2300,931.5830,4.958891
_19408_,VDD,Metal1,1023.7900,923.1365,4.958081
_19407_,VDD,Metal1,1019.3100,901.3430,4.956863
_19406_,VDD,Metal1,1023.7900,892.8965,4.956231
_19405_,VDD,Metal1,1034.9900,852.5765,4.954184
_19404_,VDD,Metal1,1043.3900,861.0230,4.954817
_19403_,VDD,Metal1,1033.8700,822.3365,4.952646
_19402_,VDD,Metal1,1018.7500,558.6230,4.886302
_19401_,VDD,Metal1,1004.7500,509.8565,4.875388
_19400_,VDD,Metal1,1023.7900,488.0630,4.870962
_19399_,VDD,Metal1,1028.2700,447.7430,4.863293
_19398_,VDD,Metal1,1021.5500,427.5830,4.859958
_19397_,VDD,Metal1,1036.6700,387.2630,4.853602
_19396_,VDD,Metal1,1046.1900,368.7365,4.849894
_19395_,VDD,Metal1,1051.2300,318.3365,4.844145
_19394_,VDD,Metal1,1055.7100,257.8565,4.837704
_19393_,VDD,Metal1,1048.9900,227.6165,4.834872
_19392_,VDD,Metal1,1026.5900,215.9030,4.834217
_19391_,VDD,Metal1,1029.3900,185.6630,4.831862
_19390_,VDD,Metal1,1019.3100,175.5830,4.831477
_19389_,VDD,Metal1,997.4700,145.3430,4.829538
_19388_,VDD,Metal1,997.4700,125.1830,4.828390
_19387_,VDD,Metal1,998.5900,96.5765,4.827164
_19386_,VDD,Metal1,998.0300,36.0965,4.826076
_19385_,VDD,Metal1,1022.1100,34.4630,4.826059
_19384_,VDD,Metal1,1047.8700,26.0165,4.825988
_19383_,VDD,Metal1,1047.3100,66.3365,4.826223
_19382_,VDD,Metal1,1040.0300,116.7365,4.828152
_19381_,VDD,Metal1,1064.6700,155.4230,4.829878
_19380_,VDD,Metal1,1064.6700,135.2630,4.829066
_19379_,VDD,Metal1,1053.4700,96.5765,4.827109
_19378_,VDD,Metal1,1066.9100,64.7030,4.826217
_19377_,VDD,Metal1,1048.9900,328.4165,4.845295
_19376_,VDD,Metal1,1072.5100,266.3030,4.838258
_19375_,VDD,Metal1,1076.4300,237.6965,4.835768
_19374_,VDD,Metal1,1070.2700,215.9030,4.834199
_19373_,VDD,Metal1,1063.5500,195.7430,4.832335
_19372_,VDD,Metal1,1051.7900,167.1365,4.830492
_19371_,VDD,Metal1,1029.9500,145.3430,4.829519
_19370_,VDD,Metal1,1023.7900,115.1030,4.828183
_19369_,VDD,Metal1,1012.5900,86.4965,4.826713
_19368_,VDD,Metal1,986.8300,34.4630,4.826077
_19367_,VDD,Metal1,1017.0700,36.0965,4.826059
_19366_,VDD,Metal1,1060.1900,44.5430,4.825405
_19365_,VDD,Metal1,1032.1900,74.7830,4.826815
_19364_,VDD,Metal1,1036.6700,125.1830,4.828288
_19363_,VDD,Metal1,1075.3100,165.5030,4.830488
_19362_,VDD,Metal1,1070.8300,125.1830,4.828273
_19361_,VDD,Metal1,1064.1100,94.9430,4.827109
_19360_,VDD,Metal1,1076.4300,56.2565,4.826197
_19359_,VDD,Metal1,1071.9500,842.4965,4.953993
_19358_,VDD,Metal1,1073.0700,812.2565,4.952790
_19357_,VDD,Metal1,1024.3500,528.3830,4.879357
_19356_,VDD,Metal1,1031.6300,508.2230,4.875366
_19355_,VDD,Metal1,1025.4700,457.8230,4.865450
_19354_,VDD,Metal1,1066.3500,467.9030,4.866911
_19353_,VDD,Metal1,1076.4300,449.3765,4.863284
_19352_,VDD,Metal1,1059.0700,427.5830,4.859915
_19351_,VDD,Metal1,1076.4300,398.9765,4.854573
_19350_,VDD,Metal1,1070.8300,306.6230,4.842793
_19349_,VDD,Metal1,1066.3500,316.7030,4.844145
_19348_,VDD,Metal1,1056.2700,479.6165,4.869024
_19347_,VDD,Metal1,1056.2700,519.9365,4.877448
_19346_,VDD,Metal1,1037.7900,550.1765,4.883901
_19345_,VDD,Metal1,1066.3500,558.6230,4.886145
_19344_,VDD,Metal1,1051.7900,570.3365,4.889028
_19343_,VDD,Metal1,1056.8300,598.9430,4.897398
_19342_,VDD,Metal1,1076.4300,620.7365,4.904076
_19341_,VDD,Metal1,1052.3500,830.7830,4.953500
_19340_,VDD,Metal1,1065.2300,822.3365,4.952633
_19339_,VDD,Metal1,1015.9500,550.1765,4.883902
_19338_,VDD,Metal1,1005.3100,519.9365,4.877500
_19337_,VDD,Metal1,1026.0300,477.9830,4.869055
_19336_,VDD,Metal1,1037.2300,449.3765,4.863293
_19335_,VDD,Metal1,1022.6700,417.5030,4.858245
_19334_,VDD,Metal1,1037.2300,388.8965,4.853602
_19333_,VDD,Metal1,1062.9900,367.1030,4.849892
_19332_,VDD,Metal1,1076.4300,278.0165,4.839587
_19331_,VDD,Metal1,1065.2300,326.7830,4.845271
_19330_,VDD,Metal1,1056.8300,508.2230,4.875360
_19329_,VDD,Metal1,1062.9900,498.1430,4.872621
_19328_,VDD,Metal1,1043.9500,530.0165,4.879352
_19327_,VDD,Metal1,1076.4300,538.4630,4.881708
_19326_,VDD,Metal1,1070.8300,568.7030,4.889023
_19325_,VDD,Metal1,1056.2700,600.5765,4.897398
_19324_,VDD,Metal1,1076.4300,630.8165,4.906896
_19323_,VDD,Metal1,989.6300,892.8965,4.956201
_19322_,VDD,Metal1,1027.1500,963.4565,4.961031
_19321_,VDD,Metal1,1023.7900,953.3765,4.960097
_19320_,VDD,Metal1,1023.2300,951.7430,4.960097
_19319_,VDD,Metal1,1028.2700,973.5365,4.961435
_19318_,VDD,Metal1,1015.3900,961.8230,4.961031
_19317_,VDD,Metal1,996.3500,902.9765,4.956838
_19316_,VDD,Metal1,990.1900,882.8165,4.955942
_19315_,VDD,Metal1,1037.7900,348.5765,4.848119
_19314_,VDD,Metal1,1037.2300,338.4965,4.846205
_19313_,VDD,Metal1,1024.9100,306.6230,4.842800
_19312_,VDD,Metal1,1037.2300,308.2565,4.842800
_19311_,VDD,Metal1,1056.8300,286.4630,4.840932
_19310_,VDD,Metal1,1029.3900,276.3830,4.839619
_19309_,VDD,Metal1,1036.6700,256.2230,4.837708
_19308_,VDD,Metal1,1045.6300,217.5365,4.834212
_19307_,VDD,Metal1,1024.3500,205.8230,4.833423
_19306_,VDD,Metal1,1037.2300,187.2965,4.831862
_19305_,VDD,Metal1,1017.0700,167.1365,4.830495
_19304_,VDD,Metal1,1003.6300,146.9765,4.829537
_19303_,VDD,Metal1,1002.5100,116.7365,4.828188
_19302_,VDD,Metal1,999.1500,106.6565,4.827801
_19301_,VDD,Metal1,978.4300,236.0630,4.835911
_19300_,VDD,Metal1,967.7900,671.1365,4.922447
_19299_,VDD,Metal1,966.6700,681.2165,4.925795
_19298_,VDD,Metal1,967.2300,640.8965,4.910347
_19297_,VDD,Metal1,972.2700,197.3765,4.832436
_19296_,VDD,Metal1,970.0300,600.5765,4.897555
_19295_,VDD,Metal1,958.2700,185.6630,4.831990
_19294_,VDD,Metal1,978.4300,568.7030,4.889172
_19293_,VDD,Metal1,978.4300,578.7830,4.891755
_19292_,VDD,Metal1,962.7500,187.2965,4.831990
_19291_,VDD,Metal1,769.5500,96.5765,4.827827
_19290_,VDD,Metal1,768.9900,106.6565,4.828099
_19289_,VDD,Metal1,734.2700,106.6565,4.828153
_19288_,VDD,Metal1,701.7900,106.6565,4.828251
_19287_,VDD,Metal1,664.8300,105.0230,4.828345
_19286_,VDD,Metal1,642.9900,115.1030,4.828670
_19285_,VDD,Metal1,611.0700,106.6565,4.828456
_19284_,VDD,Metal1,566.8300,106.6565,4.828466
_19283_,VDD,Metal1,566.2700,115.1030,4.828676
_19282_,VDD,Metal1,478.3500,84.8630,4.827746
_19281_,VDD,Metal1,451.4700,86.4965,4.827729
_19280_,VDD,Metal1,417.8700,86.4965,4.827687
_19279_,VDD,Metal1,380.3500,76.4165,4.827594
_19278_,VDD,Metal1,365.7900,84.8630,4.827680
_19277_,VDD,Metal1,350.6700,76.4165,4.827597
_19276_,VDD,Metal1,345.6300,86.4965,4.827683
_19275_,VDD,Metal1,860.8300,578.7830,4.891178
_19274_,VDD,Metal1,858.5900,570.3365,4.888740
_19273_,VDD,Metal1,880.4300,570.3365,4.888821
_19272_,VDD,Metal1,882.1100,560.2565,4.886311
_19271_,VDD,Metal1,882.1100,540.0965,4.881500
_19270_,VDD,Metal1,894.4300,519.9365,4.877394
_19269_,VDD,Metal1,905.0700,488.0630,4.871146
_19268_,VDD,Metal1,912.9100,457.8230,4.865513
_19267_,VDD,Metal1,899.4700,439.2965,4.861616
_19266_,VDD,Metal1,642.9900,397.3430,4.855084
_19265_,VDD,Metal1,625.6300,367.1030,4.850895
_19264_,VDD,Metal1,566.8300,378.8165,4.852169
_19263_,VDD,Metal1,549.4700,346.9430,4.847994
_19262_,VDD,Metal1,544.9900,328.4165,4.845534
_19261_,VDD,Metal1,547.2300,286.4630,4.841061
_19260_,VDD,Metal1,542.1900,278.0165,4.839857
_19259_,VDD,Metal1,785.2300,125.1830,4.828918
_19258_,VDD,Metal1,793.6300,115.1030,4.828582
_19257_,VDD,Metal1,723.0700,236.0630,4.836175
_19256_,VDD,Metal1,711.8700,115.1030,4.828657
_19255_,VDD,Metal1,669.8700,115.1030,4.828667
_19254_,VDD,Metal1,648.5900,227.6165,4.835281
_19253_,VDD,Metal1,625.6300,125.1830,4.829109
_19252_,VDD,Metal1,589.7900,115.1030,4.828676
_19251_,VDD,Metal1,551.7100,125.1830,4.829103
_19250_,VDD,Metal1,476.6700,94.9430,4.827824
_19249_,VDD,Metal1,449.2300,96.5765,4.827807
_19248_,VDD,Metal1,429.6300,94.9430,4.827796
_19247_,VDD,Metal1,394.9100,84.8630,4.827680
_19246_,VDD,Metal1,357.9500,74.7830,4.827597
_19245_,VDD,Metal1,322.6700,74.7830,4.827621
_19244_,VDD,Metal1,299.7100,66.3365,4.827461
_19243_,VDD,Metal1,860.2700,610.6565,4.899731
_19242_,VDD,Metal1,868.1100,598.9430,4.896996
_19241_,VDD,Metal1,840.1100,609.0230,4.899684
_19240_,VDD,Metal1,893.3100,580.4165,4.891462
_19239_,VDD,Metal1,852.4300,560.2565,4.886161
_19238_,VDD,Metal1,865.3100,538.4630,4.881494
_19237_,VDD,Metal1,899.4700,509.8565,4.875395
_19236_,VDD,Metal1,906.7500,467.9030,4.867223
_19235_,VDD,Metal1,899.4700,409.0565,4.856782
_19234_,VDD,Metal1,621.7100,398.9765,4.855040
_19233_,VDD,Metal1,641.8700,346.9430,4.848259
_19232_,VDD,Metal1,606.0300,328.4165,4.845605
_19231_,VDD,Metal1,553.9500,357.0230,4.849465
_19230_,VDD,Metal1,562.9100,296.5430,4.842143
_19229_,VDD,Metal1,385.9500,409.0565,4.856252
_19228_,VDD,Metal1,526.5100,266.3030,4.838900
_19227_,VDD,Metal1,743.2300,54.6230,4.826725
_19226_,VDD,Metal1,762.8300,66.3365,4.826967
_19225_,VDD,Metal1,683.8700,346.9430,4.848226
_19224_,VDD,Metal1,678.8300,74.7830,4.827273
_19223_,VDD,Metal1,671.5500,367.1030,4.850883
_19222_,VDD,Metal1,605.4700,417.5030,4.858238
_19221_,VDD,Metal1,590.3500,64.7030,4.827368
_19220_,VDD,Metal1,581.3900,66.3365,4.827368
_19219_,VDD,Metal1,507.4700,36.0965,4.826738
_19218_,VDD,Metal1,495.7100,46.1765,4.826868
_19217_,VDD,Metal1,458.7500,46.1765,4.826906
_19216_,VDD,Metal1,429.0700,26.0165,4.826777
_19215_,VDD,Metal1,396.0300,34.4630,4.826777
_19214_,VDD,Metal1,311.4700,36.0965,4.826946
_19213_,VDD,Metal1,292.4300,36.0965,4.826936
_19212_,VDD,Metal1,297.4700,76.4165,4.827603
_19211_,VDD,Metal1,861.3900,639.2630,4.909508
_19210_,VDD,Metal1,841.7900,630.8165,4.906046
_19209_,VDD,Metal1,841.2300,620.7365,4.902810
_19208_,VDD,Metal1,939.2300,598.9430,4.897667
_19207_,VDD,Metal1,939.7900,568.7030,4.889231
_19206_,VDD,Metal1,948.7500,538.4630,4.881861
_19205_,VDD,Metal1,939.2300,518.3030,4.877578
_19204_,VDD,Metal1,938.6700,479.6165,4.869170
_19203_,VDD,Metal1,636.8300,417.5030,4.858369
_19202_,VDD,Metal1,581.3900,409.0565,4.856576
_19201_,VDD,Metal1,597.6300,407.4230,4.856631
_19200_,VDD,Metal1,603.2300,397.3430,4.855017
_19199_,VDD,Metal1,571.8700,388.8965,4.853702
_19198_,VDD,Metal1,524.8300,346.9430,4.847994
_19197_,VDD,Metal1,508.0300,336.8630,4.846459
_19196_,VDD,Metal1,499.0700,318.3365,4.844304
_19195_,VDD,Metal1,457.0700,459.4565,4.864511
_19194_,VDD,Metal1,454.8300,449.3765,4.862730
_19193_,VDD,Metal1,986.2700,437.6630,4.861650
_19192_,VDD,Metal1,1005.3100,921.5030,4.957998
_19191_,VDD,Metal1,984.0300,943.2965,4.959381
_19190_,VDD,Metal1,1036.6700,1003.7765,4.963343
_19189_,VDD,Metal1,1062.4300,1012.2230,4.964241
_19188_,VDD,Metal1,1055.7100,971.9030,4.961426
_19187_,VDD,Metal1,1062.9900,1003.7765,4.963339
_19186_,VDD,Metal1,1008.6700,1002.1430,4.963329
_19185_,VDD,Metal1,1000.8300,993.6965,4.962900
_19184_,VDD,Metal1,989.6300,973.5365,4.961386
_19183_,VDD,Metal1,171.4700,326.7830,4.844960
_19182_,VDD,Metal1,984.0300,921.5030,4.957998
_19181_,VDD,Metal1,1036.6700,1013.8565,4.964255
_19180_,VDD,Metal1,1075.3100,1023.9365,4.965014
_19179_,VDD,Metal1,1073.6300,1044.0965,4.966584
_19178_,VDD,Metal1,1075.3100,1034.0165,4.965811
_19177_,VDD,Metal1,1023.7900,1023.9365,4.965047
_19176_,VDD,Metal1,996.3500,1013.8565,4.964240
_19175_,VDD,Metal1,988.5100,1023.9365,4.965041
_19174_,VDD,Metal1,174.2700,296.5430,4.841567
_19173_,VDD,Metal1,860.2700,136.8965,4.829112
_19172_,VDD,Metal1,861.3900,115.1030,4.828415
_19171_,VDD,Metal1,865.8700,105.0230,4.827911
_19170_,VDD,Metal1,862.5100,94.9430,4.827601
_19169_,VDD,Metal1,842.3500,96.5765,4.827678
_19168_,VDD,Metal1,812.1100,106.6565,4.828054
_19167_,VDD,Metal1,808.7500,96.5765,4.827760
_19166_,VDD,Metal1,536.5900,96.5765,4.827848
_19165_,VDD,Metal1,506.3500,106.6565,4.828498
_19164_,VDD,Metal1,243.7100,94.9430,4.827947
_19163_,VDD,Metal1,224.1100,96.5765,4.827956
_19162_,VDD,Metal1,194.4300,125.1830,4.829052
_19161_,VDD,Metal1,152.4300,96.5765,4.827978
_19160_,VDD,Metal1,147.3900,126.8165,4.829100
_19159_,VDD,Metal1,142.9100,106.6565,4.828605
_19158_,VDD,Metal1,165.8700,105.0230,4.828610
_19157_,VDD,Metal1,167.5500,215.9030,4.834439
_19156_,VDD,Metal1,934.1900,398.9765,4.855242
_19155_,VDD,Metal1,912.3500,357.0230,4.849192
_19154_,VDD,Metal1,927.4700,378.8165,4.852023
_19153_,VDD,Metal1,915.7100,387.2630,4.853744
_19152_,VDD,Metal1,928.0300,388.8965,4.853744
_19151_,VDD,Metal1,912.9100,377.1830,4.852021
_19150_,VDD,Metal1,914.0300,367.1030,4.850652
_19149_,VDD,Metal1,905.6300,286.4630,4.840857
_19148_,VDD,Metal1,910.6700,225.9830,4.834999
_19147_,VDD,Metal1,527.0700,225.9830,4.835358
_19146_,VDD,Metal1,477.7900,125.1830,4.829183
_19145_,VDD,Metal1,448.6700,125.1830,4.829157
_19144_,VDD,Metal1,258.8300,116.7365,4.828836
_19143_,VDD,Metal1,252.6700,115.1030,4.828836
_19142_,VDD,Metal1,331.0700,125.1830,4.829153
_19141_,VDD,Metal1,360.1900,115.1030,4.828826
_19140_,VDD,Metal1,169.2300,225.9830,4.835026
_19139_,VDD,Metal1,900.0300,145.3430,4.829654
_19138_,VDD,Metal1,905.0700,115.1030,4.828354
_19137_,VDD,Metal1,889.3900,106.6565,4.827854
_19136_,VDD,Metal1,854.1100,86.4965,4.826933
_19135_,VDD,Metal1,845.7100,66.3365,4.826469
_19134_,VDD,Metal1,826.1100,94.9430,4.827753
_19133_,VDD,Metal1,809.3100,76.4165,4.827053
_19132_,VDD,Metal1,514.7500,105.0230,4.828498
_19131_,VDD,Metal1,487.8700,105.0230,4.828505
_19130_,VDD,Metal1,229.7100,86.4965,4.827700
_19129_,VDD,Metal1,201.1500,74.7830,4.827576
_19128_,VDD,Metal1,193.8700,76.4165,4.827576
_19127_,VDD,Metal1,146.2700,86.4965,4.827802
_19126_,VDD,Metal1,138.4300,76.4165,4.827576
_19125_,VDD,Metal1,115.4700,66.3365,4.827318
_19124_,VDD,Metal1,126.1100,64.7030,4.827318
_19123_,VDD,Metal1,174.8300,278.0165,4.839549
_19122_,VDD,Metal1,913.4700,316.7030,4.844284
_19121_,VDD,Metal1,928.0300,348.5765,4.848185
_19120_,VDD,Metal1,905.6300,326.7830,4.845589
_19119_,VDD,Metal1,930.8300,328.4165,4.845600
_19118_,VDD,Metal1,932.5100,318.3365,4.844288
_19117_,VDD,Metal1,900.0300,296.5430,4.841960
_19116_,VDD,Metal1,899.4700,278.0165,4.839815
_19115_,VDD,Metal1,915.7100,256.2230,4.837942
_19114_,VDD,Metal1,912.3500,215.9030,4.834315
_19113_,VDD,Metal1,504.1100,177.2165,4.831973
_19112_,VDD,Metal1,508.0300,145.3430,4.830171
_19111_,VDD,Metal1,491.7900,136.8965,4.829429
_19110_,VDD,Metal1,271.1500,136.8965,4.829443
_19109_,VDD,Metal1,266.6700,126.8165,4.829025
_19108_,VDD,Metal1,168.6700,175.5830,4.831720
_19107_,VDD,Metal1,159.7100,135.2630,4.829564
_19106_,VDD,Metal1,172.0300,316.7030,4.843669
_19105_,VDD,Metal1,769.5500,26.0165,4.826569
_19104_,VDD,Metal1,766.1900,36.0965,4.826461
_19103_,VDD,Metal1,743.2300,34.4630,4.826478
_19102_,VDD,Metal1,711.8700,34.4630,4.826492
_19101_,VDD,Metal1,684.4300,116.7365,4.828665
_19100_,VDD,Metal1,684.4300,36.0965,4.826540
_19099_,VDD,Metal1,613.8700,36.0965,4.826647
_19098_,VDD,Metal1,581.3900,36.0965,4.826661
_19097_,VDD,Metal1,517.5500,44.5430,4.826835
_19096_,VDD,Metal1,282.9100,54.6230,4.827015
_19095_,VDD,Metal1,260.5100,66.3365,4.827438
_19094_,VDD,Metal1,57.2300,76.4165,4.827711
_19093_,VDD,Metal1,82.9900,84.8630,4.827869
_19092_,VDD,Metal1,85.7900,74.7830,4.827644
_19091_,VDD,Metal1,56.6700,64.7030,4.827331
_19090_,VDD,Metal1,57.2300,56.2565,4.826875
_19089_,VDD,Metal1,165.3100,266.3030,4.838400
_19088_,VDD,Metal1,846.2700,671.1365,4.921363
_19087_,VDD,Metal1,849.6300,640.8965,4.909505
_19086_,VDD,Metal1,833.9500,699.7430,4.934795
_19085_,VDD,Metal1,899.4700,671.1365,4.921965
_19084_,VDD,Metal1,825.5500,689.6630,4.927441
_19083_,VDD,Metal1,824.9900,679.5830,4.924818
_19082_,VDD,Metal1,848.5100,550.1765,4.883988
_19081_,VDD,Metal1,958.8300,429.2165,4.859994
_19080_,VDD,Metal1,958.8300,409.0565,4.856724
_19079_,VDD,Metal1,534.3500,257.8565,4.837964
_19078_,VDD,Metal1,478.9100,276.3830,4.839854
_19077_,VDD,Metal1,401.0700,367.1030,4.850446
_19076_,VDD,Metal1,58.9100,267.9365,4.838250
_19075_,VDD,Metal1,51.0700,276.3830,4.839563
_19074_,VDD,Metal1,366.9100,357.0230,4.848783
_19073_,VDD,Metal1,56.6700,246.1430,4.836764
_19072_,VDD,Metal1,174.2700,286.4630,4.840624
_19071_,VDD,Metal1,183.2300,247.7765,4.836800
_19070_,VDD,Metal1,184.9100,237.6965,4.835945
_19069_,VDD,Metal1,150.1900,247.7765,4.836770
_19068_,VDD,Metal1,21.9500,923.1365,4.910541
_19067_,VDD,Metal1,19.7100,973.5365,4.911975
_19066_,VDD,Metal1,253.2300,1084.4165,4.918042
_19065_,VDD,Metal1,214.0300,1084.4165,4.917655
_19064_,VDD,Metal1,17.4700,1072.7030,4.914064
_19063_,VDD,Metal1,17.4700,1032.3830,4.913017
_19062_,VDD,Metal1,138.4300,1084.4165,4.916300
_19061_,VDD,Metal1,187.1500,1084.4165,4.917412
_19060_,VDD,Metal1,272.2700,1084.4165,4.918300
_19059_,VDD,Metal1,18.0300,881.1830,4.909334
_19058_,VDD,Metal1,23.6300,913.0565,4.910255
_19057_,VDD,Metal1,24.1900,852.5765,4.908268
_19056_,VDD,Metal1,24.7500,771.9365,4.905359
_19055_,VDD,Metal1,17.4700,780.3830,4.906154
_19054_,VDD,Metal1,17.4700,822.3365,4.907687
_19053_,VDD,Metal1,23.0700,892.8965,4.909600
_19052_,VDD,Metal1,17.4700,931.5830,4.910870
_19051_,VDD,Metal1,17.4700,953.3765,4.911606
_19050_,VDD,Metal1,95.8700,1082.7830,4.915904
_19049_,VDD,Metal1,17.4700,1022.3030,4.912825
_19048_,VDD,Metal1,26.9900,1064.2565,4.913627
_19047_,VDD,Metal1,17.4700,1002.1430,4.912456
_19046_,VDD,Metal1,57.2300,1084.4165,4.915716
_19045_,VDD,Metal1,108.7500,1084.4165,4.915910
_19044_,VDD,Metal1,95.8700,1092.8630,4.915832
_19043_,VDD,Metal1,23.0700,761.8565,4.904971
_19042_,VDD,Metal1,17.4700,760.2230,4.904971
_19041_,VDD,Metal1,17.4700,729.9830,4.903289
_19040_,VDD,Metal1,24.7500,681.2165,4.901196
_19039_,VDD,Metal1,17.4700,709.8230,4.902199
_19038_,VDD,Metal1,17.4700,699.7430,4.903121
_19037_,VDD,Metal1,17.4700,669.5030,4.900205
_19036_,VDD,Metal1,17.4700,921.5030,4.910541
_19035_,VDD,Metal1,17.4700,981.9830,4.912107
_19034_,VDD,Metal1,250.9900,1082.7830,4.918040
_19033_,VDD,Metal1,213.4700,1082.7830,4.917652
_19032_,VDD,Metal1,30.9100,1084.4165,4.915627
_19031_,VDD,Metal1,19.7100,1023.9365,4.912825
_19030_,VDD,Metal1,132.2700,1082.7830,4.916296
_19029_,VDD,Metal1,174.2700,1082.7830,4.917397
_19028_,VDD,Metal1,272.8300,1082.7830,4.918303
_19027_,VDD,Metal1,17.4700,861.0230,4.908720
_19026_,VDD,Metal1,17.4700,901.3430,4.909907
_19025_,VDD,Metal1,17.4700,871.1030,4.909007
_19024_,VDD,Metal1,23.0700,782.0165,4.906154
_19023_,VDD,Metal1,17.4700,790.4630,4.906781
_19022_,VDD,Metal1,18.0300,830.7830,4.907904
_19021_,VDD,Metal1,17.4700,891.2630,4.909600
_19020_,VDD,Metal1,541.6300,691.2965,4.917625
_19019_,VDD,Metal1,488.4300,650.9765,4.903802
_19018_,VDD,Metal1,468.2700,650.9765,4.903534
_19017_,VDD,Metal1,625.0700,661.0565,4.910377
_19016_,VDD,Metal1,663.1500,650.9765,4.908240
_19015_,VDD,Metal1,592.0300,659.4230,4.910139
_19014_,VDD,Metal1,692.8300,640.8965,4.906063
_19013_,VDD,Metal1,632.9100,679.5830,4.918347
_19012_,VDD,Metal1,703.4700,691.2965,4.922984
_19011_,VDD,Metal1,615.5500,691.2965,4.922078
_19010_,VDD,Metal1,630.6700,669.5030,4.914871
_19009_,VDD,Metal1,596.5100,669.5030,4.914081
_19008_,VDD,Metal1,606.0300,661.0565,4.910154
_19007_,VDD,Metal1,655.3100,661.0565,4.911239
_19006_,VDD,Metal1,609.9500,681.2165,4.917664
_19005_,VDD,Metal1,605.4700,689.6630,4.922077
_19004_,VDD,Metal1,625.6300,689.6630,4.922079
_19003_,VDD,Metal1,645.2300,671.1365,4.914882
_19002_,VDD,Metal1,625.6300,649.3430,4.907868
_19001_,VDD,Metal1,644.6700,598.9430,4.894780
_19000_,VDD,Metal1,650.2700,630.8165,4.901971
_18999_,VDD,Metal1,644.6700,548.5430,4.883102
_18998_,VDD,Metal1,640.1900,528.3830,4.878577
_18997_,VDD,Metal1,630.1100,488.0630,4.870624
_18996_,VDD,Metal1,617.2300,489.6965,4.870622
_18995_,VDD,Metal1,540.5100,610.6565,4.895337
_18994_,VDD,Metal1,606.0300,580.4165,4.889089
_18993_,VDD,Metal1,571.3100,590.4965,4.890848
_18992_,VDD,Metal1,566.8300,630.8165,4.900479
_18991_,VDD,Metal1,598.1900,558.6230,4.884455
_18990_,VDD,Metal1,525.9500,548.5430,4.881591
_18989_,VDD,Metal1,515.8700,578.7830,4.888102
_18988_,VDD,Metal1,476.1100,558.6230,4.883621
_18987_,VDD,Metal1,479.4700,528.3830,4.877537
_18986_,VDD,Metal1,628.4300,629.1830,4.901703
_18985_,VDD,Metal1,702.3500,590.4965,4.892171
_18984_,VDD,Metal1,704.0300,639.2630,4.906071
_18983_,VDD,Metal1,700.6700,550.1765,4.883456
_18982_,VDD,Metal1,698.4300,540.0965,4.881125
_18981_,VDD,Metal1,709.6300,548.5430,4.883457
_18980_,VDD,Metal1,700.6700,530.0165,4.878757
_18979_,VDD,Metal1,544.4300,600.5765,4.893584
_18978_,VDD,Metal1,597.0700,629.1830,4.900872
_18977_,VDD,Metal1,600.9900,588.8630,4.891279
_18976_,VDD,Metal1,557.3100,629.1830,4.900474
_18975_,VDD,Metal1,607.7100,519.9365,4.876403
_18974_,VDD,Metal1,541.0700,530.0165,4.877784
_18973_,VDD,Metal1,556.1900,548.5430,4.881843
_18972_,VDD,Metal1,487.8700,538.4630,4.879516
_18971_,VDD,Metal1,488.4300,590.4965,4.890051
_18970_,VDD,Metal1,614.9900,610.6565,4.896604
_18969_,VDD,Metal1,625.0700,580.4165,4.889201
_18968_,VDD,Metal1,605.4700,447.7430,4.863141
_18967_,VDD,Metal1,618.9100,449.3765,4.863144
_18966_,VDD,Metal1,611.6300,439.2965,4.861419
_18965_,VDD,Metal1,598.1900,437.6630,4.861416
_18964_,VDD,Metal1,582.5100,439.2965,4.861414
_18963_,VDD,Metal1,527.6300,449.3765,4.862867
_18962_,VDD,Metal1,609.9500,469.5365,4.866309
_18961_,VDD,Metal1,586.4300,578.7830,4.888944
_18960_,VDD,Metal1,575.7900,640.8965,4.902972
_18959_,VDD,Metal1,611.0700,459.4565,4.864984
_18958_,VDD,Metal1,546.6700,449.3765,4.862883
_18957_,VDD,Metal1,527.0700,568.7030,4.885898
_18956_,VDD,Metal1,500.1900,540.0965,4.879516
_18955_,VDD,Metal1,499.0700,580.4165,4.888079
_18954_,VDD,Metal1,607.7100,650.9765,4.907747
_18953_,VDD,Metal1,645.2300,580.4165,4.889257
_18952_,VDD,Metal1,664.8300,629.1830,4.901983
_18951_,VDD,Metal1,672.1100,538.4630,4.880930
_18950_,VDD,Metal1,655.3100,519.9365,4.876580
_18949_,VDD,Metal1,659.2300,550.1765,4.883105
_18948_,VDD,Metal1,664.8300,528.3830,4.878642
_18947_,VDD,Metal1,519.7900,609.0230,4.895157
_18946_,VDD,Metal1,630.1100,609.0230,4.896618
_18945_,VDD,Metal1,576.3500,580.4165,4.888943
_18944_,VDD,Metal1,566.8300,620.7365,4.898196
_18943_,VDD,Metal1,605.4700,528.3830,4.878487
_18942_,VDD,Metal1,539.3900,540.0965,4.879538
_18941_,VDD,Metal1,555.0700,578.7830,4.888482
_18940_,VDD,Metal1,495.7100,550.1765,4.881468
_18939_,VDD,Metal1,477.7900,588.8630,4.890046
_18938_,VDD,Metal1,474.4300,669.5030,4.907475
_18937_,VDD,Metal1,753.3100,669.5030,4.919998
_18936_,VDD,Metal1,683.8700,669.5030,4.915493
_18935_,VDD,Metal1,690.5900,681.2165,4.920656
_18934_,VDD,Metal1,683.8700,689.6630,4.922619
_18933_,VDD,Metal1,664.8300,689.6630,4.922388
_18932_,VDD,Metal1,656.4300,681.2165,4.918524
_18931_,VDD,Metal1,786.3500,649.3430,4.911909
_18930_,VDD,Metal1,790.2700,639.2630,4.908974
_18929_,VDD,Metal1,803.7100,671.1365,4.920855
_18928_,VDD,Metal1,803.7100,681.2165,4.924401
_18927_,VDD,Metal1,782.4300,689.6630,4.927264
_18926_,VDD,Metal1,761.1500,689.6630,4.925924
_18925_,VDD,Metal1,762.2700,649.3430,4.911713
_18924_,VDD,Metal1,762.2700,639.2630,4.908280
_18923_,VDD,Metal1,752.1900,629.1830,4.904231
_18922_,VDD,Metal1,885.4700,146.9765,4.829655
_18921_,VDD,Metal1,879.8700,125.1830,4.828755
_18920_,VDD,Metal1,880.4300,126.8165,4.828755
_18919_,VDD,Metal1,847.9500,126.8165,4.828865
_18918_,VDD,Metal1,833.3900,115.1030,4.828453
_18917_,VDD,Metal1,825.5500,125.1830,4.828867
_18916_,VDD,Metal1,802.0300,126.8165,4.828914
_18915_,VDD,Metal1,477.7900,115.1030,4.828836
_18914_,VDD,Metal1,458.1900,116.7365,4.828828
_18913_,VDD,Metal1,206.1900,105.0230,4.828581
_18912_,VDD,Metal1,194.9900,115.1030,4.828910
_18911_,VDD,Metal1,185.4700,86.4965,4.827812
_18910_,VDD,Metal1,108.7500,96.5765,4.828045
_18909_,VDD,Metal1,110.9900,86.4965,4.827835
_18908_,VDD,Metal1,116.0300,94.9430,4.828045
_18907_,VDD,Metal1,112.1100,76.4165,4.827598
_18906_,VDD,Metal1,899.4700,318.3365,4.844284
_18905_,VDD,Metal1,900.0300,346.9430,4.848183
_18904_,VDD,Metal1,879.8700,316.7030,4.844286
_18903_,VDD,Metal1,860.2700,318.3365,4.844288
_18902_,VDD,Metal1,847.9500,288.0965,4.840888
_18901_,VDD,Metal1,869.2300,296.5430,4.841993
_18900_,VDD,Metal1,893.8700,247.7765,4.836971
_18899_,VDD,Metal1,893.8700,237.6965,4.836013
_18898_,VDD,Metal1,887.1500,207.4565,4.833648
_18897_,VDD,Metal1,487.8700,165.5030,4.831231
_18896_,VDD,Metal1,468.8300,165.5030,4.831187
_18895_,VDD,Metal1,463.2300,136.8965,4.829405
_18894_,VDD,Metal1,164.7500,145.3430,4.830138
_18893_,VDD,Metal1,135.6300,146.9765,4.830108
_18892_,VDD,Metal1,138.9900,157.0565,4.830534
_18891_,VDD,Metal1,133.9500,165.5030,4.831215
_18890_,VDD,Metal1,762.8300,126.8165,4.828926
_18889_,VDD,Metal1,757.7900,125.1830,4.828926
_18888_,VDD,Metal1,732.5900,116.7365,4.828642
_18887_,VDD,Metal1,703.4700,126.8165,4.829005
_18886_,VDD,Metal1,667.6300,125.1830,4.829016
_18885_,VDD,Metal1,684.4300,126.8165,4.829014
_18884_,VDD,Metal1,614.9900,116.7365,4.828669
_18883_,VDD,Metal1,577.4700,116.7365,4.828676
_18882_,VDD,Metal1,500.7500,126.8165,4.829166
_18881_,VDD,Metal1,264.9900,86.4965,4.827676
_18880_,VDD,Metal1,259.3900,76.4165,4.827570
_18879_,VDD,Metal1,43.7900,84.8630,4.827904
_18878_,VDD,Metal1,77.9500,94.9430,4.828143
_18877_,VDD,Metal1,74.0300,86.4965,4.827870
_18876_,VDD,Metal1,43.7900,94.9430,4.828222
_18875_,VDD,Metal1,35.3900,76.4165,4.827737
_18874_,VDD,Metal1,830.5900,659.4230,4.916715
_18873_,VDD,Metal1,832.8300,629.1830,4.906044
_18872_,VDD,Metal1,821.6300,649.3430,4.912222
_18871_,VDD,Metal1,841.2300,650.9765,4.912316
_18870_,VDD,Metal1,809.8700,650.9765,4.912217
_18869_,VDD,Metal1,811.5500,640.8965,4.909130
_18868_,VDD,Metal1,833.3900,548.5430,4.883987
_18867_,VDD,Metal1,814.9100,328.4165,4.845712
_18866_,VDD,Metal1,828.3500,336.8630,4.846777
_18865_,VDD,Metal1,499.0700,267.9365,4.838925
_18864_,VDD,Metal1,464.3500,267.9365,4.838874
_18863_,VDD,Metal1,380.9100,358.6565,4.848783
_18862_,VDD,Metal1,37.0700,257.8565,4.837680
_18861_,VDD,Metal1,30.9100,278.0165,4.839585
_18860_,VDD,Metal1,148.5100,358.6565,4.848731
_18859_,VDD,Metal1,35.3900,247.7765,4.836782
_18858_,VDD,Metal1,467.7100,681.2165,4.910019
_18857_,VDD,Metal1,180.4300,570.3365,4.883211
_18856_,VDD,Metal1,504.1100,1012.2230,4.935007
_18855_,VDD,Metal1,507.4700,771.9365,4.927075
_18854_,VDD,Metal1,497.3900,630.8165,4.899472
_18853_,VDD,Metal1,511.3900,792.0965,4.928009
_18852_,VDD,Metal1,511.3900,812.2565,4.928754
_18851_,VDD,Metal1,510.2700,802.1765,4.928458
_18850_,VDD,Metal1,764.5100,1084.4165,4.958054
_18849_,VDD,Metal1,742.6700,1084.4165,4.957958
_18848_,VDD,Metal1,753.3100,1082.7830,4.957999
_18847_,VDD,Metal1,723.6300,1084.4165,4.957345
_18846_,VDD,Metal1,685.5500,1084.4165,4.953235
_18845_,VDD,Metal1,704.0300,1082.7830,4.956767
_18844_,VDD,Metal1,539.9500,1084.4165,4.939931
_18843_,VDD,Metal1,491.2300,1084.4165,4.937467
_18842_,VDD,Metal1,525.9500,1082.7830,4.939877
_18841_,VDD,Metal1,607.7100,1084.4165,4.946392
_18840_,VDD,Metal1,634.5900,1082.7830,4.948934
_18839_,VDD,Metal1,661.4700,1084.4165,4.951308
_18838_,VDD,Metal1,832.2700,1092.8630,4.971878
_18837_,VDD,Metal1,791.9500,1082.7830,4.961461
_18836_,VDD,Metal1,816.5900,1084.4165,4.962048
_18835_,VDD,Metal1,163.6300,639.2630,4.896249
_18834_,VDD,Metal1,170.9100,629.1830,4.894779
_18833_,VDD,Metal1,827.2300,1082.7830,4.962095
_18832_,VDD,Metal1,545.5500,661.0565,4.908524
_18831_,VDD,Metal1,546.6700,650.9765,4.906112
_18830_,VDD,Metal1,534.9100,630.8165,4.899993
_18829_,VDD,Metal1,174.2700,679.5830,4.903200
_18828_,VDD,Metal1,178.7500,681.2165,4.903200
_18827_,VDD,Metal1,201.1500,689.6630,4.906322
_18826_,VDD,Metal1,208.4300,679.5830,4.903299
_18825_,VDD,Metal1,214.0300,661.0565,4.901191
_18824_,VDD,Metal1,205.0700,649.3430,4.899172
_18823_,VDD,Metal1,192.1900,650.9765,4.899166
_18822_,VDD,Metal1,22.5100,943.2965,4.911016
_18821_,VDD,Metal1,18.0300,961.8230,4.911596
_18820_,VDD,Metal1,56.6700,1082.7830,4.915715
_18819_,VDD,Metal1,24.7500,1003.7765,4.912456
_18818_,VDD,Metal1,31.4700,1054.1765,4.913278
_18817_,VDD,Metal1,23.0700,993.6965,4.912312
_18816_,VDD,Metal1,52.7500,1092.8630,4.914638
_18815_,VDD,Metal1,76.2700,1084.4165,4.915808
_18814_,VDD,Metal1,76.8300,1082.7830,4.915809
_18813_,VDD,Metal1,24.1900,741.6965,4.903875
_18812_,VDD,Metal1,23.6300,751.7765,4.904361
_18811_,VDD,Metal1,20.8300,731.6165,4.903289
_18810_,VDD,Metal1,17.4700,679.5830,4.901196
_18809_,VDD,Metal1,22.5100,711.4565,4.902199
_18808_,VDD,Metal1,24.1900,691.2965,4.902598
_18807_,VDD,Metal1,18.0300,671.1365,4.900206
_18806_,VDD,Metal1,24.1900,933.2165,4.910870
_18805_,VDD,Metal1,25.3100,983.6165,4.912107
_18804_,VDD,Metal1,233.6300,1092.8630,4.917552
_18803_,VDD,Metal1,207.3100,1092.8630,4.917001
_18802_,VDD,Metal1,37.6300,1082.7830,4.915627
_18801_,VDD,Metal1,21.9500,1034.0165,4.913017
_18800_,VDD,Metal1,124.4300,1092.8630,4.915866
_18799_,VDD,Metal1,194.4300,1082.7830,4.917416
_18798_,VDD,Metal1,233.0700,1084.4165,4.917895
_18797_,VDD,Metal1,23.6300,862.6565,4.908720
_18796_,VDD,Metal1,23.6300,902.9765,4.909908
_18795_,VDD,Metal1,24.7500,842.4965,4.908023
_18794_,VDD,Metal1,22.5100,792.0965,4.906781
_18793_,VDD,Metal1,20.2700,802.1765,4.907440
_18792_,VDD,Metal1,23.0700,812.2565,4.907621
_18791_,VDD,Metal1,25.3100,872.7365,4.909007
_18790_,VDD,Metal1,57.2300,429.2165,4.858672
_18789_,VDD,Metal1,28.6700,439.2965,4.860194
_18788_,VDD,Metal1,26.4300,429.2165,4.858716
_18787_,VDD,Metal1,32.5900,398.9765,4.854129
_18786_,VDD,Metal1,49.3900,407.4230,4.855697
_18785_,VDD,Metal1,320.4300,377.1830,4.851665
_18784_,VDD,Metal1,340.5900,257.8565,4.837827
_18783_,VDD,Metal1,342.2700,247.7765,4.836918
_18782_,VDD,Metal1,351.2300,256.2230,4.837827
_18781_,VDD,Metal1,311.4700,247.7765,4.836906
_18780_,VDD,Metal1,315.3900,256.2230,4.837776
_18779_,VDD,Metal1,291.8700,256.2230,4.837764
_18778_,VDD,Metal1,67.8700,358.6565,4.848728
_18777_,VDD,Metal1,56.6700,387.2630,4.852693
_18776_,VDD,Metal1,71.7900,398.9765,4.854136
_18775_,VDD,Metal1,154.6700,388.8965,4.852802
_18774_,VDD,Metal1,45.4700,377.1830,4.851289
_18773_,VDD,Metal1,150.1900,398.9765,4.854261
_18772_,VDD,Metal1,149.6300,378.8165,4.851325
_18771_,VDD,Metal1,128.9100,397.3430,4.854216
_18770_,VDD,Metal1,112.6700,378.8165,4.851257
_18769_,VDD,Metal1,53.3100,437.6630,4.860144
_18768_,VDD,Metal1,17.4700,427.5830,4.858716
_18767_,VDD,Metal1,17.4700,437.6630,4.860194
_18766_,VDD,Metal1,17.4700,397.3430,4.854130
_18765_,VDD,Metal1,29.7900,409.0565,4.855706
_18764_,VDD,Metal1,37.6300,387.2630,4.852694
_18763_,VDD,Metal1,68.9900,409.0565,4.855693
_18762_,VDD,Metal1,140.6700,409.0565,4.855891
_18761_,VDD,Metal1,29.2300,378.8165,4.851352
_18760_,VDD,Metal1,102.5900,398.9765,4.854177
_18759_,VDD,Metal1,135.0700,387.2630,4.852773
_18758_,VDD,Metal1,115.4700,388.8965,4.852748
_18757_,VDD,Metal1,95.8700,387.2630,4.852719
_18756_,VDD,Metal1,116.0300,417.5030,4.857091
_18755_,VDD,Metal1,56.6700,427.5830,4.858672
_18754_,VDD,Metal1,23.9000,338.4785,4.846256
_18753_,VDD,Metal1,23.9000,328.3985,4.845010
_18752_,VDD,Metal1,23.3400,348.5585,4.847577
_18751_,VDD,Metal1,17.7400,357.0410,4.848778
_18750_,VDD,Metal1,17.7400,367.1210,4.849974
_18749_,VDD,Metal1,19.9800,358.6385,4.848777
_18748_,VDD,Metal1,17.7400,236.0810,4.835892
_18747_,VDD,Metal1,17.7400,377.2010,4.851352
_18746_,VDD,Metal1,58.6200,187.2785,4.832274
_18745_,VDD,Metal1,47.9800,185.6810,4.832274
_18744_,VDD,Metal1,17.7400,115.1210,4.828876
_18743_,VDD,Metal1,37.3400,116.7185,4.828868
_18742_,VDD,Metal1,128.6200,125.2010,4.829087
_18741_,VDD,Metal1,128.0600,185.6810,4.832268
_18740_,VDD,Metal1,102.8600,217.5185,4.834336
_18739_,VDD,Metal1,166.1400,125.2010,4.829110
_18738_,VDD,Metal1,172.8600,205.8410,4.833623
_18737_,VDD,Metal1,447.2600,126.7985,4.829157
_18736_,VDD,Metal1,434.3800,115.1210,4.828812
_18735_,VDD,Metal1,409.7400,105.0410,4.828481
_18734_,VDD,Metal1,233.9000,115.1210,4.828839
_18733_,VDD,Metal1,192.4600,195.7610,4.832979
_18732_,VDD,Metal1,366.0600,135.2810,4.829477
_18731_,VDD,Metal1,350.9400,116.7185,4.828827
_18730_,VDD,Metal1,81.5800,195.7610,4.832775
_18729_,VDD,Metal1,82.1400,205.8410,4.833420
_18728_,VDD,Metal1,28.3800,197.3585,4.832871
_18727_,VDD,Metal1,43.5000,165.5210,4.831238
_18726_,VDD,Metal1,30.0600,106.6385,4.828677
_18725_,VDD,Metal1,39.5800,145.3610,4.830133
_18724_,VDD,Metal1,115.1800,135.2810,4.829478
_18723_,VDD,Metal1,108.4600,177.1985,4.831676
_18722_,VDD,Metal1,68.1400,227.5985,4.835002
_18721_,VDD,Metal1,42.3800,215.9210,4.834265
_18720_,VDD,Metal1,37.3400,308.2385,4.842524
_18719_,VDD,Metal1,41.2600,296.5610,4.841646
_18718_,VDD,Metal1,19.9800,217.5185,4.834352
_18717_,VDD,Metal1,17.7400,185.6810,4.832304
_18716_,VDD,Metal1,17.7400,155.4410,4.830526
_18715_,VDD,Metal1,19.9800,167.1185,4.831271
_18714_,VDD,Metal1,114.0600,145.3610,4.830099
_18713_,VDD,Metal1,123.5800,195.7610,4.832788
_18712_,VDD,Metal1,107.3400,207.4385,4.833458
_18711_,VDD,Metal1,119.6600,175.6010,4.831676
_18710_,VDD,Metal1,98.3800,157.0385,4.830481
_18709_,VDD,Metal1,75.9800,155.4410,4.830484
_18708_,VDD,Metal1,94.4600,106.6385,4.828602
_18707_,VDD,Metal1,56.9400,115.1210,4.828852
_18706_,VDD,Metal1,76.5400,136.8785,4.829474
_18705_,VDD,Metal1,74.8600,185.6810,4.832264
_18704_,VDD,Metal1,56.9400,155.4410,4.830485
_18703_,VDD,Metal1,56.9400,125.2010,4.829078
_18702_,VDD,Metal1,173.4200,348.5585,4.847544
_18701_,VDD,Metal1,442.2200,256.2410,4.837886
_18700_,VDD,Metal1,437.7400,286.4810,4.840910
_18699_,VDD,Metal1,390.1400,368.7185,4.850443
_18698_,VDD,Metal1,17.7400,266.3210,4.838453
_18697_,VDD,Metal1,17.7400,276.4010,4.839585
_18696_,VDD,Metal1,174.5400,377.2010,4.851456
_18695_,VDD,Metal1,16.6200,247.7585,4.836789
_18694_,VDD,Metal1,84.6700,346.9430,4.847513
_18693_,VDD,Metal1,93.6300,336.8630,4.846032
_18692_,VDD,Metal1,47.7100,357.0230,4.848741
_18691_,VDD,Metal1,48.2700,346.9430,4.847554
_18690_,VDD,Metal1,19.7100,308.2565,4.842540
_18689_,VDD,Metal1,17.4700,316.7030,4.843838
_18688_,VDD,Metal1,68.9900,308.2565,4.842506
_18687_,VDD,Metal1,65.0700,318.3365,4.843744
_18686_,VDD,Metal1,67.3100,328.4165,4.844869
_18685_,VDD,Metal1,118.2700,336.8630,4.846036
_18684_,VDD,Metal1,178.1900,630.8165,4.894780
_18683_,VDD,Metal1,174.2700,488.0630,4.868832
_18682_,VDD,Metal1,154.6700,620.7365,4.892763
_18681_,VDD,Metal1,116.0300,477.9830,4.866854
_18680_,VDD,Metal1,69.5500,378.8165,4.851255
_18679_,VDD,Metal1,76.8300,407.4230,4.855693
_18678_,VDD,Metal1,174.8300,398.9765,4.854305
_18677_,VDD,Metal1,70.6700,368.7365,4.849880
_18676_,VDD,Metal1,172.0300,397.3430,4.854305
_18675_,VDD,Metal1,161.9500,367.1030,4.849973
_18674_,VDD,Metal1,173.1500,407.4230,4.855917
_18673_,VDD,Metal1,121.6300,367.1030,4.849891
_18672_,VDD,Metal1,409.4700,588.8630,4.889017
_18671_,VDD,Metal1,410.0300,560.2565,4.882915
_18670_,VDD,Metal1,407.2300,578.7830,4.886795
_18669_,VDD,Metal1,396.5900,558.6230,4.882912
_18668_,VDD,Metal1,286.2700,578.7830,4.886402
_18667_,VDD,Metal1,311.4700,570.3365,4.884232
_18666_,VDD,Metal1,337.7900,560.2565,4.882204
_18665_,VDD,Metal1,350.1100,570.3365,4.884342
_18664_,VDD,Metal1,98.1100,449.3765,4.861664
_18663_,VDD,Metal1,86.9100,447.7430,4.861662
_18662_,VDD,Metal1,160.2700,195.7430,4.832908
_18661_,VDD,Metal1,424.5900,116.7365,4.828812
_18660_,VDD,Metal1,420.1100,106.6565,4.828481
_18659_,VDD,Metal1,406.6700,115.1030,4.828813
_18658_,VDD,Metal1,230.8300,116.7365,4.828840
_18657_,VDD,Metal1,184.3500,187.2965,4.832339
_18656_,VDD,Metal1,367.4700,145.3430,4.830107
_18655_,VDD,Metal1,347.3100,106.6565,4.828512
_18654_,VDD,Metal1,68.4300,207.4565,4.833420
_18653_,VDD,Metal1,69.5500,217.5365,4.834246
_18652_,VDD,Metal1,19.7100,207.4565,4.833472
_18651_,VDD,Metal1,24.1900,177.2165,4.831745
_18650_,VDD,Metal1,19.7100,116.7365,4.828876
_18649_,VDD,Metal1,17.4700,135.2630,4.829631
_18648_,VDD,Metal1,102.5900,126.8165,4.829072
_18647_,VDD,Metal1,95.8700,185.6630,4.832257
_18646_,VDD,Metal1,76.2700,237.6965,4.835857
_18645_,VDD,Metal1,45.4700,225.9830,4.835035
_18644_,VDD,Metal1,37.6300,306.6230,4.842524
_18643_,VDD,Metal1,37.0700,298.1765,4.841646
_18642_,VDD,Metal1,17.4700,225.9830,4.835127
_18641_,VDD,Metal1,19.7100,187.2965,4.832304
_18640_,VDD,Metal1,19.7100,146.9765,4.830164
_18639_,VDD,Metal1,19.7100,157.0565,4.830526
_18638_,VDD,Metal1,103.1500,146.9765,4.830099
_18637_,VDD,Metal1,104.8300,187.2965,4.832257
_18636_,VDD,Metal1,95.8700,225.9830,4.834993
_18635_,VDD,Metal1,103.1500,167.1365,4.831206
_18634_,VDD,Metal1,88.0300,175.5830,4.831675
_18633_,VDD,Metal1,71.7900,157.0565,4.830484
_18632_,VDD,Metal1,87.4700,115.1030,4.828847
_18631_,VDD,Metal1,65.0700,106.6565,4.828616
_18630_,VDD,Metal1,80.7500,135.2630,4.829474
_18629_,VDD,Metal1,67.8700,177.2165,4.831680
_18628_,VDD,Metal1,65.0700,146.9765,4.830109
_18627_,VDD,Metal1,62.2700,116.7365,4.828852
_18626_,VDD,Metal1,172.0300,346.9430,4.847544
_18625_,VDD,Metal1,434.1100,266.3030,4.838833
_18624_,VDD,Metal1,429.0700,278.0165,4.839623
_18623_,VDD,Metal1,390.4300,377.1830,4.851738
_18622_,VDD,Metal1,18.0300,257.8565,4.837691
_18621_,VDD,Metal1,17.4700,286.4630,4.840612
_18620_,VDD,Metal1,175.9500,368.7365,4.849975
_18619_,VDD,Metal1,17.4700,246.1430,4.836789
_18618_,VDD,Metal1,730.6200,620.7185,4.900908
_18617_,VDD,Metal1,754.1400,598.9610,4.895943
_18616_,VDD,Metal1,708.7800,578.8010,4.889646
_18615_,VDD,Metal1,753.0200,558.6410,4.885471
_18614_,VDD,Metal1,662.8600,578.8010,4.889332
_18613_,VDD,Metal1,678.5400,568.7210,4.887396
_18612_,VDD,Metal1,631.5000,518.3210,4.876558
_18611_,VDD,Metal1,504.3800,610.6385,4.895121
_18610_,VDD,Metal1,466.8600,568.7210,4.885459
_18609_,VDD,Metal1,378.3800,550.1585,4.880679
_18608_,VDD,Metal1,444.4600,538.4810,4.878760
_18607_,VDD,Metal1,405.2600,538.4810,4.878485
_18606_,VDD,Metal1,310.0600,528.4010,4.876637
_18605_,VDD,Metal1,331.9000,519.9185,4.874832
_18604_,VDD,Metal1,305.5800,560.2385,4.882184
_18603_,VDD,Metal1,321.8200,538.4810,4.878230
_18602_,VDD,Metal1,811.2600,620.7185,4.902378
_18601_,VDD,Metal1,800.0600,580.3985,4.890823
_18600_,VDD,Metal1,773.7400,620.7185,4.901770
_18599_,VDD,Metal1,787.7400,609.0410,4.899259
_18598_,VDD,Metal1,747.4200,619.1210,4.901095
_18597_,VDD,Metal1,730.6200,540.0785,4.881182
_18596_,VDD,Metal1,768.7000,550.1585,4.883759
_18595_,VDD,Metal1,765.9000,590.4785,4.892869
_18594_,VDD,Metal1,809.0200,610.6385,4.899337
_18593_,VDD,Metal1,427.6600,558.6410,4.882971
_18592_,VDD,Metal1,417.0200,580.3985,4.886799
_18591_,VDD,Metal1,408.0600,529.9985,4.877101
_18590_,VDD,Metal1,303.9000,519.9185,4.874662
_18589_,VDD,Metal1,311.1800,550.1585,4.880402
_18588_,VDD,Metal1,343.1000,540.0785,4.878293
_18587_,VDD,Metal1,349.2600,550.1585,4.880577
_18586_,VDD,Metal1,145.1500,328.4165,4.844906
_18585_,VDD,Metal1,109.8700,288.0965,4.840538
_18584_,VDD,Metal1,130.5900,215.9030,4.834377
_18583_,VDD,Metal1,129.4700,225.9830,4.835004
_18582_,VDD,Metal1,105.3900,237.6965,4.835878
_18581_,VDD,Metal1,104.2700,278.0165,4.839541
_18580_,VDD,Metal1,95.8700,256.2230,4.837641
_18579_,VDD,Metal1,109.8700,298.1765,4.841544
_18578_,VDD,Metal1,149.0700,318.3365,4.843652
_18577_,VDD,Metal1,141.2300,348.5765,4.847523
_18576_,VDD,Metal1,116.0300,296.5430,4.841544
_18575_,VDD,Metal1,135.6300,227.6165,4.835004
_18574_,VDD,Metal1,128.9100,236.0630,4.835906
_18573_,VDD,Metal1,116.0300,246.1430,4.836760
_18572_,VDD,Metal1,108.1900,257.8565,4.837641
_18571_,VDD,Metal1,109.8700,247.7765,4.836760
_18570_,VDD,Metal1,115.4700,308.2565,4.842522
_18569_,VDD,Metal1,137.3100,257.8565,4.837643
_18568_,VDD,Metal1,213.4700,477.9830,4.867158
_18567_,VDD,Metal1,214.0300,469.5365,4.865402
_18566_,VDD,Metal1,204.3155,437.7035,4.860466
_18565_,VDD,Metal1,191.4355,429.1760,4.858887
_18564_,VDD,Metal1,187.5155,419.0960,4.857397
_18563_,VDD,Metal1,194.9900,488.0630,4.868854
_18562_,VDD,Metal1,121.0700,588.8630,4.886882
_18561_,VDD,Metal1,96.4300,560.2565,4.881057
_18560_,VDD,Metal1,174.8300,691.2965,4.906030
_18559_,VDD,Metal1,305.3100,691.2965,4.908236
_18558_,VDD,Metal1,312.0300,689.6630,4.908237
_18557_,VDD,Metal1,311.4700,681.2165,4.906819
_18556_,VDD,Metal1,320.4300,679.5830,4.906821
_18555_,VDD,Metal1,351.2300,689.6630,4.909025
_18554_,VDD,Metal1,311.4700,661.0565,4.901976
_18553_,VDD,Metal1,346.7500,681.2165,4.907342
_18552_,VDD,Metal1,703.4700,620.7365,4.900801
_18551_,VDD,Metal1,704.0300,598.9430,4.895396
_18550_,VDD,Metal1,714.1100,619.1030,4.900807
_18549_,VDD,Metal1,706.2700,629.1830,4.902515
_18548_,VDD,Metal1,672.6700,619.1030,4.900230
_18547_,VDD,Metal1,679.3900,598.9430,4.894966
_18546_,VDD,Metal1,650.2700,600.5765,4.894780
_18545_,VDD,Metal1,528.1900,620.7365,4.897766
_18544_,VDD,Metal1,474.9900,598.9430,4.891741
_18543_,VDD,Metal1,390.4300,598.9430,4.890442
_18542_,VDD,Metal1,382.0300,590.4965,4.888556
_18541_,VDD,Metal1,396.5900,629.1830,4.897081
_18540_,VDD,Metal1,299.7100,600.5765,4.890028
_18539_,VDD,Metal1,296.3500,630.8165,4.896122
_18538_,VDD,Metal1,291.8700,598.9430,4.890028
_18537_,VDD,Metal1,345.6300,590.4965,4.888499
_18536_,VDD,Metal1,782.1400,237.6785,4.836186
_18535_,VDD,Metal1,880.1400,185.6810,4.831921
_18534_,VDD,Metal1,737.9000,318.3185,4.844213
_18533_,VDD,Metal1,721.6600,136.8785,4.829232
_18532_,VDD,Metal1,643.2600,136.8785,4.829459
_18531_,VDD,Metal1,635.4200,296.5610,4.842159
_18530_,VDD,Metal1,616.3800,257.8385,4.837989
_18529_,VDD,Metal1,564.8600,146.9585,4.830110
_18528_,VDD,Metal1,495.9800,449.3585,4.862847
_18527_,VDD,Metal1,409.7400,276.4010,4.839597
_18526_,VDD,Metal1,516.7000,195.7610,4.833203
_18525_,VDD,Metal1,408.6200,145.3610,4.830100
_18524_,VDD,Metal1,216.5400,136.8785,4.829475
_18523_,VDD,Metal1,350.9400,157.0385,4.830656
_18522_,VDD,Metal1,221.0200,197.3585,4.832987
_18521_,VDD,Metal1,213.7400,316.7210,4.843533
_18520_,VDD,Metal1,786.0600,246.1610,4.837120
_18519_,VDD,Metal1,883.5000,177.1985,4.831535
_18518_,VDD,Metal1,725.0200,328.3985,4.845704
_18517_,VDD,Metal1,723.3400,135.2810,4.829232
_18516_,VDD,Metal1,660.0600,136.8785,4.829407
_18515_,VDD,Metal1,622.5400,288.0785,4.841115
_18514_,VDD,Metal1,604.0600,277.9985,4.840050
_18513_,VDD,Metal1,559.2600,145.3610,4.830110
_18512_,VDD,Metal1,493.1800,459.4385,4.864617
_18511_,VDD,Metal1,403.0200,286.4810,4.840862
_18510_,VDD,Metal1,507.7400,197.3585,4.833204
_18509_,VDD,Metal1,399.6600,135.2810,4.829436
_18508_,VDD,Metal1,204.7800,145.3610,4.830125
_18507_,VDD,Metal1,355.9800,155.4410,4.830656
_18506_,VDD,Metal1,196.3800,205.8410,4.833605
_18505_,VDD,Metal1,193.5800,318.3185,4.843619
_18504_,VDD,Metal1,762.5400,256.2410,4.838073
_18503_,VDD,Metal1,847.6600,157.0385,4.830400
_18502_,VDD,Metal1,703.7400,277.9985,4.839991
_18501_,VDD,Metal1,702.0600,155.4410,4.830563
_18500_,VDD,Metal1,675.7400,145.3610,4.830071
_18499_,VDD,Metal1,623.1000,298.1585,4.842159
_18498_,VDD,Metal1,584.4600,236.0810,4.836129
_18497_,VDD,Metal1,527.3400,165.5210,4.831213
_18496_,VDD,Metal1,518.3800,447.7610,4.862865
_18495_,VDD,Metal1,369.4200,267.9185,4.838807
_18494_,VDD,Metal1,489.8200,187.2785,4.832440
_18493_,VDD,Metal1,381.1800,146.9585,4.830106
_18492_,VDD,Metal1,194.1400,157.0385,4.830564
_18491_,VDD,Metal1,322.9400,145.3610,4.830173
_18490_,VDD,Metal1,196.9400,215.9210,4.834433
_18489_,VDD,Metal1,193.0200,328.3985,4.844969
_18488_,VDD,Metal1,767.5800,247.7585,4.837109
_18487_,VDD,Metal1,883.5000,167.1185,4.830684
_18486_,VDD,Metal1,694.2200,308.2385,4.843274
_18485_,VDD,Metal1,703.7400,146.9585,4.830023
_18484_,VDD,Metal1,643.2600,135.2810,4.829459
_18483_,VDD,Metal1,626.4600,316.7210,4.844351
_18482_,VDD,Metal1,566.5400,246.1610,4.837017
_18481_,VDD,Metal1,527.3400,175.6010,4.831954
_18480_,VDD,Metal1,476.9400,457.8410,4.864592
_18479_,VDD,Metal1,382.3000,277.9985,4.839552
_18478_,VDD,Metal1,507.1800,185.6810,4.832431
_18477_,VDD,Metal1,390.1400,136.8785,4.829436
_18476_,VDD,Metal1,210.3800,135.2810,4.829476
_18475_,VDD,Metal1,336.9400,136.8785,4.829575
_18474_,VDD,Metal1,194.1400,207.4385,4.833605
_18473_,VDD,Metal1,195.2600,326.8010,4.844969
_18472_,VDD,Metal1,784.9400,165.5210,4.831063
_18471_,VDD,Metal1,814.0600,197.3585,4.832878
_18470_,VDD,Metal1,702.0600,296.5610,4.842106
_18469_,VDD,Metal1,760.8600,146.9585,4.830010
_18468_,VDD,Metal1,643.2600,187.2785,4.832418
_18467_,VDD,Metal1,656.1400,338.4785,4.846678
_18466_,VDD,Metal1,605.7400,266.3210,4.838857
_18465_,VDD,Metal1,593.4200,145.3610,4.830117
_18464_,VDD,Metal1,448.9400,427.6010,4.859324
_18463_,VDD,Metal1,439.4200,246.1610,4.836944
_18462_,VDD,Metal1,513.3400,246.1610,4.836995
_18461_,VDD,Metal1,429.3400,146.9585,4.830104
_18460_,VDD,Metal1,270.8600,165.5210,4.831172
_18459_,VDD,Metal1,304.4600,157.0385,4.830690
_18458_,VDD,Metal1,264.1400,237.6785,4.835992
_18457_,VDD,Metal1,270.8600,346.9610,4.847557
_18456_,VDD,Metal1,786.0600,185.6810,4.832028
_18455_,VDD,Metal1,849.9000,167.1185,4.830715
_18454_,VDD,Metal1,728.9400,288.0785,4.841009
_18453_,VDD,Metal1,742.9400,136.8785,4.829216
_18452_,VDD,Metal1,624.2200,145.3610,4.830134
_18451_,VDD,Metal1,669.0200,306.6410,4.843288
_18450_,VDD,Metal1,604.6200,246.1610,4.837123
_18449_,VDD,Metal1,587.8200,155.4410,4.830482
_18448_,VDD,Metal1,517.2600,437.6810,4.861090
_18447_,VDD,Metal1,363.2600,246.1610,4.836917
_18446_,VDD,Metal1,480.3000,246.1610,4.836990
_18445_,VDD,Metal1,431.5800,145.3610,4.830104
_18444_,VDD,Metal1,233.3400,136.8785,4.829457
_18443_,VDD,Metal1,310.0600,155.4410,4.830691
_18442_,VDD,Metal1,231.6600,246.1610,4.836795
_18441_,VDD,Metal1,233.3400,348.5585,4.847555
_18440_,VDD,Metal1,747.9800,226.0010,4.835145
_18439_,VDD,Metal1,860.5400,207.4385,4.833681
_18438_,VDD,Metal1,702.0600,316.7210,4.844249
_18437_,VDD,Metal1,763.1000,167.1185,4.831071
_18436_,VDD,Metal1,619.1800,167.1185,4.831255
_18435_,VDD,Metal1,633.7400,326.8010,4.845683
_18434_,VDD,Metal1,571.5800,257.8385,4.837964
_18433_,VDD,Metal1,593.9800,175.6010,4.831920
_18432_,VDD,Metal1,455.1000,429.1985,4.859325
_18431_,VDD,Metal1,419.8200,257.8385,4.837873
_18430_,VDD,Metal1,496.5400,247.7585,4.836991
_18429_,VDD,Metal1,434.3800,175.6010,4.831934
_18428_,VDD,Metal1,199.1800,175.6010,4.831711
_18427_,VDD,Metal1,308.9400,187.2785,4.832166
_18426_,VDD,Metal1,205.9000,246.1610,4.836794
_18425_,VDD,Metal1,194.7000,338.4785,4.846089
_18424_,VDD,Metal1,748.5400,236.0810,4.836175
_18423_,VDD,Metal1,881.2600,197.3585,4.832735
_18422_,VDD,Metal1,705.4200,336.8810,4.846710
_18421_,VDD,Metal1,751.3400,175.6010,4.831781
_18420_,VDD,Metal1,623.6600,175.6010,4.831927
_18419_,VDD,Metal1,664.5400,328.3985,4.845650
_18418_,VDD,Metal1,576.6200,267.9185,4.838856
_18417_,VDD,Metal1,586.1400,187.2785,4.832398
_18416_,VDD,Metal1,453.9800,439.2785,4.860976
_18415_,VDD,Metal1,368.3000,256.2410,4.837829
_18414_,VDD,Metal1,493.7400,257.8385,4.837974
_18413_,VDD,Metal1,431.5800,185.6810,4.832297
_18412_,VDD,Metal1,201.9800,185.6810,4.832327
_18411_,VDD,Metal1,316.7800,205.8410,4.833885
_18410_,VDD,Metal1,206.4600,236.0810,4.835942
_18409_,VDD,Metal1,203.6600,346.9610,4.847540
_18408_,VDD,Metal1,780.4600,195.7610,4.833000
_18407_,VDD,Metal1,814.6200,177.1985,4.831698
_18406_,VDD,Metal1,703.7400,267.9185,4.838958
_18405_,VDD,Metal1,702.6200,185.6810,4.832284
_18404_,VDD,Metal1,662.8600,195.7610,4.833169
_18403_,VDD,Metal1,665.1000,346.9610,4.848228
_18402_,VDD,Metal1,604.0600,207.4385,4.833922
_18401_,VDD,Metal1,546.9400,227.5985,4.835347
_18400_,VDD,Metal1,540.2200,409.0385,4.856541
_18399_,VDD,Metal1,434.9400,226.0010,4.835328
_18398_,VDD,Metal1,465.1800,197.3585,4.833239
_18397_,VDD,Metal1,382.3000,177.1985,4.831910
_18396_,VDD,Metal1,282.6200,175.6010,4.831786
_18395_,VDD,Metal1,357.6600,185.6810,4.832179
_18394_,VDD,Metal1,270.8600,236.0810,4.835993
_18393_,VDD,Metal1,280.9400,296.5610,4.841634
_18392_,VDD,Metal1,742.9400,197.3585,4.833034
_18391_,VDD,Metal1,812.9400,187.2785,4.831902
_18390_,VDD,Metal1,740.7000,257.8385,4.838059
_18389_,VDD,Metal1,700.9400,187.2785,4.832284
_18388_,VDD,Metal1,669.5800,185.6810,4.832354
_18387_,VDD,Metal1,660.0600,267.9185,4.838956
_18386_,VDD,Metal1,619.7400,197.3585,4.833212
_18385_,VDD,Metal1,557.0200,195.7610,4.833194
_18384_,VDD,Metal1,527.3400,417.5210,4.857984
_18383_,VDD,Metal1,385.1000,217.5185,4.834617
_18382_,VDD,Metal1,462.3800,217.5185,4.834708
_18381_,VDD,Metal1,382.8600,187.2785,4.832210
_18380_,VDD,Metal1,282.0600,185.6810,4.832170
_18379_,VDD,Metal1,351.5000,205.8410,4.833875
_18378_,VDD,Metal1,272.5400,207.4385,4.833606
_18377_,VDD,Metal1,278.7000,306.6410,4.842702
_18376_,VDD,Metal1,722.7800,226.0010,4.835129
_18375_,VDD,Metal1,693.1000,217.5185,4.834623
_18374_,VDD,Metal1,643.2600,267.9185,4.838962
_18373_,VDD,Metal1,690.8600,207.4385,4.833861
_18372_,VDD,Metal1,661.1800,217.5185,4.834642
_18371_,VDD,Metal1,648.3000,247.7585,4.837123
_18370_,VDD,Metal1,625.3400,226.0010,4.835333
_18369_,VDD,Metal1,565.4200,217.5185,4.834695
_18368_,VDD,Metal1,539.6600,388.8785,4.853482
_18367_,VDD,Metal1,395.1800,226.0010,4.835292
_18366_,VDD,Metal1,457.3400,227.5985,4.835362
_18365_,VDD,Metal1,421.5000,207.4385,4.833874
_18364_,VDD,Metal1,310.6200,217.5185,4.834553
_18363_,VDD,Metal1,339.7400,217.5185,4.834630
_18362_,VDD,Metal1,301.1000,227.5985,4.835188
_18361_,VDD,Metal1,310.0600,316.7210,4.843588
_18360_,VDD,Metal1,735.1000,207.4385,4.833842
_18359_,VDD,Metal1,819.6600,215.9210,4.834357
_18358_,VDD,Metal1,702.0600,266.3210,4.838958
_18357_,VDD,Metal1,708.2200,205.8410,4.833855
_18356_,VDD,Metal1,664.5400,207.4385,4.833903
_18355_,VDD,Metal1,665.1000,256.2410,4.838053
_18354_,VDD,Metal1,593.9800,215.9210,4.834694
_18353_,VDD,Metal1,546.9400,246.1610,4.837003
_18352_,VDD,Metal1,543.5800,419.1185,4.857999
_18351_,VDD,Metal1,415.3400,227.5985,4.835305
_18350_,VDD,Metal1,466.8600,247.7585,4.836981
_18349_,VDD,Metal1,420.3800,197.3585,4.833192
_18348_,VDD,Metal1,283.7400,195.7610,4.833057
_18347_,VDD,Metal1,341.9800,207.4385,4.833875
_18346_,VDD,Metal1,283.1800,215.9210,4.834498
_18345_,VDD,Metal1,304.4600,328.3985,4.845187
_18344_,VDD,Metal1,881.8200,489.6785,4.871115
_18343_,VDD,Metal1,878.4600,348.5585,4.848185
_18342_,VDD,Metal1,819.6600,498.1610,4.872512
_18341_,VDD,Metal1,880.1400,419.1185,4.858454
_18340_,VDD,Metal1,684.1400,479.5985,4.868953
_18339_,VDD,Metal1,708.7800,498.1610,4.872255
_18338_,VDD,Metal1,721.1000,357.0410,4.849354
_18337_,VDD,Metal1,804.5400,298.1585,4.842157
_18336_,VDD,Metal1,873.4200,246.1610,4.836983
_18335_,VDD,Metal1,515.0200,387.2810,4.853465
_18334_,VDD,Metal1,447.2600,338.4785,4.846497
_18333_,VDD,Metal1,397.9800,488.0810,4.869379
_18332_,VDD,Metal1,210.9400,377.2010,4.851479
_18331_,VDD,Metal1,213.7400,266.3210,4.838451
_18330_,VDD,Metal1,326.3000,478.0010,4.867366
_18329_,VDD,Metal1,359.9000,286.4810,4.840820
_18328_,VDD,Metal1,880.1400,488.0810,4.871115
_18327_,VDD,Metal1,879.0200,357.0410,4.849253
_18326_,VDD,Metal1,814.6200,489.6785,4.871078
_18325_,VDD,Metal1,875.6600,417.5210,4.858454
_18324_,VDD,Metal1,682.4600,489.6785,4.870738
_18323_,VDD,Metal1,711.5800,488.0810,4.870847
_18322_,VDD,Metal1,721.6600,358.6385,4.849354
_18321_,VDD,Metal1,800.0600,286.4810,4.840988
_18320_,VDD,Metal1,878.4600,227.5985,4.835052
_18319_,VDD,Metal1,516.1400,367.1210,4.850680
_18318_,VDD,Metal1,448.9400,336.8810,4.846497
_18317_,VDD,Metal1,417.5800,489.6785,4.869408
_18316_,VDD,Metal1,194.1400,368.7185,4.850036
_18315_,VDD,Metal1,199.1800,286.4810,4.840690
_18314_,VDD,Metal1,329.6600,479.5985,4.867369
_18313_,VDD,Metal1,329.6600,288.0785,4.840809
_18312_,VDD,Metal1,842.6200,449.3585,4.863421
_18311_,VDD,Metal1,840.9400,357.0410,4.849280
_18310_,VDD,Metal1,792.7800,457.8410,4.865454
_18309_,VDD,Metal1,849.3400,419.1185,4.858477
_18308_,VDD,Metal1,652.2200,429.1985,4.859958
_18307_,VDD,Metal1,712.7000,457.8410,4.865313
_18306_,VDD,Metal1,760.8600,358.6385,4.849383
_18305_,VDD,Metal1,789.9800,276.4010,4.840019
_18304_,VDD,Metal1,840.9400,226.0010,4.835092
_18303_,VDD,Metal1,468.5400,368.7185,4.850648
_18302_,VDD,Metal1,414.2200,298.1585,4.841845
_18301_,VDD,Metal1,390.1400,429.1985,4.859242
_18300_,VDD,Metal1,194.1400,377.2010,4.851457
_18299_,VDD,Metal1,194.1400,267.9185,4.838423
_18298_,VDD,Metal1,343.6600,449.3585,4.862376
_18297_,VDD,Metal1,328.5400,296.5610,4.841741
_18296_,VDD,Metal1,882.9400,479.5985,4.869150
_18295_,VDD,Metal1,878.4600,358.6385,4.849253
_18294_,VDD,Metal1,781.0200,488.0810,4.871047
_18293_,VDD,Metal1,880.7000,409.0385,4.856789
_18292_,VDD,Metal1,641.5800,457.8410,4.865163
_18291_,VDD,Metal1,703.7400,479.5985,4.868984
_18290_,VDD,Metal1,708.2200,367.1210,4.850882
_18289_,VDD,Metal1,789.9800,266.3210,4.839052
_18288_,VDD,Metal1,853.2600,227.5985,4.835092
_18287_,VDD,Metal1,517.8200,377.2010,4.852028
_18286_,VDD,Metal1,415.3400,288.0785,4.840862
_18285_,VDD,Metal1,386.7800,489.6785,4.869376
_18284_,VDD,Metal1,200.3000,387.2810,4.852956
_18283_,VDD,Metal1,200.3000,276.4010,4.839540
_18282_,VDD,Metal1,331.3400,488.0810,4.869266
_18281_,VDD,Metal1,339.1800,277.9985,4.839566
_18280_,VDD,Metal1,839.2600,529.9985,4.879346
_18279_,VDD,Metal1,839.2600,388.8785,4.853772
_18278_,VDD,Metal1,800.0600,529.9985,4.879332
_18277_,VDD,Metal1,840.9400,538.4810,4.881490
_18276_,VDD,Metal1,672.9400,508.2410,4.874759
_18275_,VDD,Metal1,723.3400,528.4010,4.878792
_18274_,VDD,Metal1,767.0200,509.8385,4.875106
_18273_,VDD,Metal1,761.4200,338.4785,4.846808
_18272_,VDD,Metal1,838.7000,286.4810,4.840889
_18271_,VDD,Metal1,492.0600,398.9585,4.854841
_18270_,VDD,Metal1,473.5800,326.8010,4.845495
_18269_,VDD,Metal1,427.6600,467.9210,4.865940
_18268_,VDD,Metal1,252.3800,388.8785,4.852998
_18267_,VDD,Metal1,272.5400,298.1585,4.841633
_18266_,VDD,Metal1,368.8600,429.1985,4.859191
_18265_,VDD,Metal1,370.5400,346.9610,4.847665
_18264_,VDD,Metal1,881.2600,459.4385,4.865470
_18263_,VDD,Metal1,880.7000,378.7985,4.851931
_18262_,VDD,Metal1,800.0600,459.4385,4.865454
_18261_,VDD,Metal1,880.1400,457.8410,4.865469
_18260_,VDD,Metal1,646.0600,439.2785,4.861489
_18259_,VDD,Metal1,714.3800,447.7610,4.863247
_18258_,VDD,Metal1,768.7000,388.8785,4.853883
_18257_,VDD,Metal1,758.6200,316.7210,4.844243
_18256_,VDD,Metal1,879.5800,257.8385,4.837959
_18255_,VDD,Metal1,476.3800,367.1210,4.850651
_18254_,VDD,Metal1,474.7000,336.8810,4.846523
_18253_,VDD,Metal1,422.0600,439.2785,4.860833
_18252_,VDD,Metal1,236.7000,407.4410,4.856049
_18251_,VDD,Metal1,240.0600,286.4810,4.840699
_18250_,VDD,Metal1,362.1400,437.6810,4.860784
_18249_,VDD,Metal1,370.5400,316.7210,4.843880
_18248_,VDD,Metal1,858.8600,528.4010,4.879369
_18247_,VDD,Metal1,867.8200,387.2810,4.853752
_18246_,VDD,Metal1,793.9000,518.3210,4.877179
_18245_,VDD,Metal1,860.5400,519.9185,4.877358
_18244_,VDD,Metal1,638.7800,467.9210,4.866980
_18243_,VDD,Metal1,723.3400,518.3210,4.876851
_18242_,VDD,Metal1,762.5400,508.2410,4.875106
_18241_,VDD,Metal1,760.3000,286.4810,4.840986
_18240_,VDD,Metal1,860.5400,277.9985,4.839852
_18239_,VDD,Metal1,479.7400,387.2810,4.853459
_18238_,VDD,Metal1,466.8600,296.5610,4.842072
_18237_,VDD,Metal1,389.5800,459.4385,4.863979
_18236_,VDD,Metal1,207.0200,397.3610,4.854343
_18235_,VDD,Metal1,203.6600,306.6410,4.842521
_18234_,VDD,Metal1,359.3400,488.0810,4.869297
_18233_,VDD,Metal1,388.4600,306.6410,4.842984
_18232_,VDD,Metal1,871.7400,518.3210,4.877359
_18231_,VDD,Metal1,879.5800,388.8785,4.853751
_18230_,VDD,Metal1,793.9000,508.2410,4.875161
_18229_,VDD,Metal1,878.4600,509.8385,4.875365
_18228_,VDD,Metal1,643.2600,469.5185,4.866981
_18227_,VDD,Metal1,734.5400,509.8385,4.875001
_18226_,VDD,Metal1,764.2200,499.7585,4.872439
_18225_,VDD,Metal1,762.5400,277.9985,4.840003
_18224_,VDD,Metal1,878.4600,277.9985,4.839834
_18223_,VDD,Metal1,483.1000,397.3610,4.854841
_18222_,VDD,Metal1,468.5400,298.1585,4.842072
_18221_,VDD,Metal1,388.4600,457.8410,4.863978
_18220_,VDD,Metal1,204.2200,407.4410,4.855945
_18219_,VDD,Metal1,203.6600,296.5610,4.841573
_18218_,VDD,Metal1,368.8600,479.5985,4.867494
_18217_,VDD,Metal1,385.6600,328.3985,4.845367
_18216_,VDD,Metal1,826.9400,528.4010,4.879346
_18215_,VDD,Metal1,811.8200,378.7985,4.851904
_18214_,VDD,Metal1,775.9800,449.3585,4.863402
_18213_,VDD,Metal1,828.0600,518.3210,4.877281
_18212_,VDD,Metal1,683.5800,499.7585,4.872246
_18211_,VDD,Metal1,741.2600,518.3210,4.876889
_18210_,VDD,Metal1,781.5800,387.2810,4.853884
_18209_,VDD,Metal1,778.2200,338.4785,4.846827
_18208_,VDD,Metal1,825.8200,276.4010,4.839918
_18207_,VDD,Metal1,462.3800,398.9585,4.854818
_18206_,VDD,Metal1,418.7000,348.5585,4.847747
_18205_,VDD,Metal1,429.3400,419.1185,4.857716
_18204_,VDD,Metal1,269.1800,388.8785,4.853031
_18203_,VDD,Metal1,280.9400,286.4810,4.840739
_18202_,VDD,Metal1,353.7400,407.4410,4.856205
_18201_,VDD,Metal1,350.9400,348.5585,4.847661
_18200_,VDD,Metal1,814.6200,429.1985,4.860096
_18199_,VDD,Metal1,803.4200,358.6385,4.849409
_18198_,VDD,Metal1,764.2200,429.1985,4.860048
_18197_,VDD,Metal1,810.7000,409.0385,4.856914
_18196_,VDD,Metal1,644.9400,427.6010,4.859958
_18195_,VDD,Metal1,741.8200,427.6010,4.860031
_18194_,VDD,Metal1,742.9400,388.8785,4.853874
_18193_,VDD,Metal1,790.5400,336.8810,4.846827
_18192_,VDD,Metal1,813.5000,237.6785,4.836170
_18191_,VDD,Metal1,435.5000,377.2010,4.851785
_18190_,VDD,Metal1,409.7400,346.9610,4.847745
_18189_,VDD,Metal1,412.5400,419.1185,4.857614
_18188_,VDD,Metal1,272.5400,358.6385,4.848755
_18187_,VDD,Metal1,283.1800,266.3210,4.838729
_18186_,VDD,Metal1,343.6600,368.7185,4.850402
_18185_,VDD,Metal1,331.3400,326.8010,4.845307
_18184_,VDD,Metal1,697.5800,388.8785,4.853842
_18183_,VDD,Metal1,691.4200,358.6385,4.849366
_18182_,VDD,Metal1,713.2600,427.6010,4.859990
_18181_,VDD,Metal1,725.0200,398.9585,4.855075
_18180_,VDD,Metal1,682.4600,409.0385,4.856861
_18179_,VDD,Metal1,721.6600,419.1185,4.858408
_18178_,VDD,Metal1,702.0600,378.7985,4.852177
_18177_,VDD,Metal1,699.2600,338.4785,4.846709
_18176_,VDD,Metal1,721.6600,247.7585,4.837081
_18175_,VDD,Metal1,436.0600,387.2810,4.853175
_18174_,VDD,Metal1,404.1400,336.8810,4.846452
_18173_,VDD,Metal1,408.0600,398.9585,4.854721
_18172_,VDD,Metal1,304.4600,368.7185,4.850344
_18171_,VDD,Metal1,313.4200,276.4010,4.839562
_18170_,VDD,Metal1,375.0200,388.8785,4.853088
_18169_,VDD,Metal1,331.3400,346.9610,4.847659
_18168_,VDD,Metal1,808.4600,419.1185,4.858512
_18167_,VDD,Metal1,796.1400,367.1210,4.850937
_18166_,VDD,Metal1,775.4200,409.0385,4.856917
_18165_,VDD,Metal1,805.1000,398.9585,4.855258
_18164_,VDD,Metal1,669.0200,417.5210,4.858369
_18163_,VDD,Metal1,738.4600,419.1185,4.858420
_18162_,VDD,Metal1,730.6200,378.7985,4.852137
_18161_,VDD,Metal1,748.5400,336.8810,4.846807
_18160_,VDD,Metal1,807.3400,247.7585,4.837073
_18159_,VDD,Metal1,448.3800,397.3610,4.854807
_18158_,VDD,Metal1,416.4600,358.6385,4.848878
_18157_,VDD,Metal1,397.9800,427.6010,4.859246
_18156_,VDD,Metal1,289.3400,367.1210,4.850325
_18155_,VDD,Metal1,292.1400,276.4010,4.839553
_18154_,VDD,Metal1,348.1400,398.9585,4.854666
_18153_,VDD,Metal1,331.3400,348.5585,4.847659
_18152_,VDD,Metal1,540.0130,439.2350,4.861126
_18151_,VDD,Metal1,554.5730,447.8050,4.862884
_18150_,VDD,Metal1,607.2130,467.9650,4.866309
_18149_,VDD,Metal1,598.8130,467.9650,4.866304
_18148_,VDD,Metal1,589.2930,580.3550,4.888944
_18147_,VDD,Metal1,587.6130,467.9650,4.866251
_18146_,VDD,Metal1,570.8130,639.3250,4.902972
_18145_,VDD,Metal1,580.3330,459.3950,4.864882
_18144_,VDD,Metal1,608.8930,457.8850,4.864984
_18143_,VDD,Metal1,600.4930,457.8850,4.864982
_18142_,VDD,Metal1,546.7330,457.8850,4.864716
_18141_,VDD,Metal1,546.1730,447.8050,4.862883
_18140_,VDD,Metal1,531.0530,560.1950,4.884051
_18139_,VDD,Metal1,531.0530,519.8750,4.875878
_18138_,VDD,Metal1,502.4930,548.6050,4.881469
_18137_,VDD,Metal1,510.8930,467.9650,4.866167
_18136_,VDD,Metal1,501.9330,588.9250,4.890165
_18135_,VDD,Metal1,503.0530,469.4750,4.866165
_18134_,VDD,Metal1,608.3330,649.4050,4.907747
_18133_,VDD,Metal1,658.1730,580.3550,4.889330
_18132_,VDD,Metal1,667.3965,519.7665,4.876587
_18131_,VDD,Metal1,666.5730,630.7550,4.901983
_18130_,VDD,Metal1,676.3565,528.5530,4.878656
_18129_,VDD,Metal1,668.8130,540.0350,4.880930
_18128_,VDD,Metal1,682.5165,529.8465,4.878680
_18127_,VDD,Metal1,656.4930,529.9550,4.878642
_18126_,VDD,Metal1,662.9165,518.4730,4.876582
_18125_,VDD,Metal1,662.6530,548.6050,4.883105
_18124_,VDD,Metal1,676.9165,529.8465,4.878656
_18123_,VDD,Metal1,664.8930,529.9550,4.878642
_18122_,VDD,Metal1,676.9165,519.7665,4.876625
_18121_,VDD,Metal1,671.1500,529.7215,4.878642
_18120_,VDD,Metal1,522.0930,600.5150,4.893394
_18119_,VDD,Metal1,531.6130,599.0050,4.893531
_18118_,VDD,Metal1,629.0530,600.5150,4.894679
_18117_,VDD,Metal1,630.1730,599.0050,4.894680
_18116_,VDD,Metal1,580.3330,588.9250,4.890852
_18115_,VDD,Metal1,582.0130,570.2750,4.886123
_18114_,VDD,Metal1,565.7730,619.1650,4.898196
_18113_,VDD,Metal1,570.2530,568.7650,4.886005
_18112_,VDD,Metal1,606.6530,529.9550,4.878487
_18111_,VDD,Metal1,609.4530,538.5250,4.880080
_18110_,VDD,Metal1,541.1330,538.5250,4.879538
_18109_,VDD,Metal1,547.8530,519.8750,4.875950
_18108_,VDD,Metal1,541.1330,570.2750,4.885999
_18107_,VDD,Metal1,549.5330,570.2750,4.885999
_18106_,VDD,Metal1,501.9330,558.6850,4.883748
_18105_,VDD,Metal1,508.6530,550.1150,4.881494
_18104_,VDD,Metal1,478.4130,578.8450,4.887815
_18103_,VDD,Metal1,482.8930,570.2750,4.885592
_18102_,VDD,Metal1,474.1965,670.9665,4.907475
_18101_,VDD,Metal1,474.5900,679.8780,4.910019
_18100_,VDD,Metal1,749.2050,679.9150,4.922907
_18099_,VDD,Metal1,743.2750,670.8425,4.919940
_18098_,VDD,Metal1,695.0400,670.9665,4.917476
_18097_,VDD,Metal1,681.3965,660.8865,4.912274
_18096_,VDD,Metal1,685.1000,671.0660,4.915493
_18095_,VDD,Metal1,671.1500,670.8415,4.915214
_18094_,VDD,Metal1,677.9930,670.9665,4.915493
_18093_,VDD,Metal1,688.7865,680.0180,4.920656
_18092_,VDD,Metal1,670.2450,679.9150,4.918635
_18091_,VDD,Metal1,680.6700,691.0015,4.922619
_18090_,VDD,Metal1,676.3130,679.7530,4.918770
_18089_,VDD,Metal1,683.0465,680.0180,4.920650
_18088_,VDD,Metal1,677.7200,680.8035,4.918771
_18087_,VDD,Metal1,676.1900,691.0015,4.922612
_18086_,VDD,Metal1,659.5565,670.9665,4.914954
_18085_,VDD,Metal1,668.8600,681.1460,4.918635
_18084_,VDD,Metal1,663.8700,691.0015,4.922388
_18083_,VDD,Metal1,650.6450,700.0750,4.924408
_18082_,VDD,Metal1,658.7330,679.6450,4.918524
_18081_,VDD,Metal1,776.7065,639.6980,4.908878
_18080_,VDD,Metal1,779.7900,640.6015,4.908928
_18079_,VDD,Metal1,785.6630,650.7150,4.911909
_18078_,VDD,Metal1,782.0300,660.7615,4.915923
_18077_,VDD,Metal1,793.7900,650.6815,4.911913
_18076_,VDD,Metal1,799.9500,679.8780,4.924401
_18075_,VDD,Metal1,788.2260,669.6265,4.920802
_18074_,VDD,Metal1,794.4075,669.8950,4.920832
_18073_,VDD,Metal1,798.8300,669.7980,4.920855
_18072_,VDD,Metal1,793.2300,689.9580,4.927408
_18071_,VDD,Metal1,795.1830,679.8450,4.924400
_18070_,VDD,Metal1,780.9530,681.1850,4.924067
_18069_,VDD,Metal1,803.8700,679.8780,4.924401
_18068_,VDD,Metal1,771.5565,681.0465,4.923845
_18067_,VDD,Metal1,778.7060,679.7065,4.924061
_18066_,VDD,Metal1,775.3100,691.0015,4.927263
_18065_,VDD,Metal1,763.9600,680.8035,4.923541
_18064_,VDD,Metal1,748.7030,680.9550,4.922903
_18063_,VDD,Metal1,758.3600,680.8035,4.923463
_18062_,VDD,Metal1,773.5400,679.9150,4.923846
_18061_,VDD,Metal1,767.1250,659.7550,4.915244
_18060_,VDD,Metal1,757.8000,650.5635,4.911713
_18059_,VDD,Metal1,755.8330,630.6465,4.904231
_18058_,VDD,Metal1,755.3165,659.5930,4.914704
_18057_,VDD,Metal1,763.0260,650.8530,4.911713
_18056_,VDD,Metal1,747.7730,639.3250,4.907415
_18055_,VDD,Metal1,748.6450,630.4850,4.904230
_18054_,VDD,Metal1,749.4000,640.4835,4.907415
_18053_,VDD,Metal1,747.8300,650.6450,4.911445
_18052_,VDD,Metal1,762.6450,659.7550,4.914995
_18051_,VDD,Metal1,750.3250,659.7550,4.914513
_18050_,VDD,Metal1,777.1565,659.5930,4.915798
_18049_,VDD,Metal1,774.2825,640.4835,4.908337
_18048_,VDD,Metal1,787.3465,660.6215,4.915933
_18047_,VDD,Metal1,793.7900,660.7615,4.915933
_18046_,VDD,Metal1,790.0365,679.7530,4.924227
_18045_,VDD,Metal1,777.6075,670.7450,4.920592
_18044_,VDD,Metal1,762.0365,679.7530,4.923540
_18043_,VDD,Metal1,756.2700,670.8415,4.919998
_18042_,VDD,Metal1,785.2400,679.9960,4.924074
_18041_,VDD,Metal1,781.1830,669.7650,4.920654
_18040_,VDD,Metal1,786.3950,670.8425,4.920773
_18039_,VDD,Metal1,778.1100,660.7615,4.915799
_18038_,VDD,Metal1,775.8200,650.9060,4.911893
_18037_,VDD,Metal1,873.7730,145.4050,4.829660
_18036_,VDD,Metal1,881.0530,116.6750,4.828390
_18035_,VDD,Metal1,878.8130,135.3250,4.829101
_18034_,VDD,Metal1,845.2130,135.3250,4.829134
_18033_,VDD,Metal1,838.4930,125.2450,4.828867
_18032_,VDD,Metal1,824.4930,126.7550,4.828867
_18031_,VDD,Metal1,799.2930,125.2450,4.828914
_18030_,VDD,Metal1,473.3730,116.6750,4.828836
_18029_,VDD,Metal1,462.7330,115.1650,4.828828
_18028_,VDD,Metal1,207.9330,96.5150,4.827981
_18027_,VDD,Metal1,195.0530,106.5950,4.828582
_18026_,VDD,Metal1,188.3330,95.0050,4.828013
_18025_,VDD,Metal1,111.0530,105.0850,4.828603
_18024_,VDD,Metal1,112.1730,106.5950,4.828603
_18023_,VDD,Metal1,100.4130,95.0050,4.828045
_18022_,VDD,Metal1,112.1730,84.9250,4.827835
_18021_,VDD,Metal1,902.8930,308.1950,4.843015
_18020_,VDD,Metal1,895.0530,338.4350,4.846691
_18019_,VDD,Metal1,878.8130,308.1950,4.843023
_18018_,VDD,Metal1,859.7730,316.7650,4.844288
_18017_,VDD,Metal1,845.2130,296.6050,4.842041
_18016_,VDD,Metal1,864.8130,288.0350,4.840872
_18015_,VDD,Metal1,893.9330,246.2050,4.836971
_18014_,VDD,Metal1,893.9330,256.2850,4.837947
_18013_,VDD,Metal1,884.4130,205.8850,4.833648
_18012_,VDD,Metal1,490.7330,156.9950,4.830735
_18011_,VDD,Metal1,467.7730,156.9950,4.830744
_18010_,VDD,Metal1,462.7330,145.4050,4.830152
_18009_,VDD,Metal1,159.2130,136.8350,4.829564
_18008_,VDD,Metal1,130.6530,145.4050,4.830108
_18007_,VDD,Metal1,138.4930,155.4850,4.830534
_18006_,VDD,Metal1,132.8930,167.0750,4.831215
_18005_,VDD,Metal1,498.1100,620.4415,4.897438
_18004_,VDD,Metal1,765.1330,135.3250,4.829187
_18003_,VDD,Metal1,747.2130,126.7550,4.828927
_18002_,VDD,Metal1,737.1330,125.2450,4.828945
_18001_,VDD,Metal1,700.7330,135.3250,4.829282
_18000_,VDD,Metal1,667.6930,116.6750,4.828667
_17999_,VDD,Metal1,681.6930,125.2450,4.829014
_17998_,VDD,Metal1,619.5330,135.3250,4.829435
_17997_,VDD,Metal1,570.8130,125.2450,4.829103
_17996_,VDD,Metal1,501.9330,135.3250,4.829428
_17995_,VDD,Metal1,266.7330,95.0050,4.827944
_17994_,VDD,Metal1,257.2130,95.0050,4.827945
_17993_,VDD,Metal1,41.6130,86.4350,4.827904
_17992_,VDD,Metal1,78.0130,96.5150,4.828143
_17991_,VDD,Metal1,69.6130,96.5150,4.828143
_17990_,VDD,Metal1,51.1330,86.4350,4.827903
_17989_,VDD,Metal1,38.2530,74.8450,4.827737
_17988_,VDD,Metal1,501.6850,620.4050,4.897517
_17987_,VDD,Metal1,834.5730,649.4050,4.912313
_17986_,VDD,Metal1,831.7730,619.1650,4.902804
_17985_,VDD,Metal1,822.8130,650.9150,4.912222
_17984_,VDD,Metal1,835.1330,640.8350,4.909392
_17983_,VDD,Metal1,806.0130,639.3250,4.909130
_17982_,VDD,Metal1,806.0130,649.4050,4.912217
_17981_,VDD,Metal1,832.3330,558.6850,4.886135
_17980_,VDD,Metal1,814.4130,338.4350,4.846786
_17979_,VDD,Metal1,825.6130,338.4350,4.846777
_17978_,VDD,Metal1,483.4530,266.3650,4.838927
_17977_,VDD,Metal1,463.8530,266.3650,4.838874
_17976_,VDD,Metal1,384.3330,367.1650,4.850442
_17975_,VDD,Metal1,39.9330,256.2850,4.837680
_17974_,VDD,Metal1,33.2130,276.4450,4.839585
_17973_,VDD,Metal1,148.5730,357.0850,4.848731
_17972_,VDD,Metal1,36.5730,246.2050,4.836782
_17971_,VDD,Metal1,507.3465,640.6365,4.901470
_17970_,VDD,Metal1,493.8450,629.5150,4.899472
_17969_,VDD,Metal1,488.0300,639.5580,4.901128
_17968_,VDD,Metal1,469.7650,689.9950,4.912231
_17967_,VDD,Metal1,441.9600,680.8035,4.909924
_17966_,VDD,Metal1,174.8400,579.1960,4.885520
_17965_,VDD,Metal1,177.7900,580.1215,4.885532
_17964_,VDD,Metal1,503.5440,629.3550,4.899476
_17963_,VDD,Metal1,510.4300,620.4415,4.897704
_17962_,VDD,Metal1,186.9065,286.6330,4.840690
_17961_,VDD,Metal1,167.7460,287.9730,4.840623
_17960_,VDD,Metal1,180.6260,287.9730,4.840624
_17959_,VDD,Metal1,504.2700,1003.4815,4.934781
_17958_,VDD,Metal1,508.1900,1022.5980,4.935310
_17957_,VDD,Metal1,505.1030,780.6450,4.927574
_17956_,VDD,Metal1,509.4765,770.4730,4.927075
_17955_,VDD,Metal1,502.5400,770.3735,4.927075
_17954_,VDD,Metal1,496.9900,770.5980,4.927075
_17953_,VDD,Metal1,493.1930,639.4330,4.901242
_17952_,VDD,Metal1,495.5250,640.5650,4.901246
_17951_,VDD,Metal1,500.0665,649.7780,4.903949
_17950_,VDD,Metal1,401.7500,669.8350,4.905964
_17949_,VDD,Metal1,500.3500,640.6015,4.901443
_17948_,VDD,Metal1,508.9650,781.6850,4.927573
_17947_,VDD,Metal1,517.5600,800.9560,4.928458
_17946_,VDD,Metal1,502.7565,810.7930,4.928754
_17945_,VDD,Metal1,506.4600,800.6135,4.928458
_17944_,VDD,Metal1,498.1100,801.8815,4.928458
_17943_,VDD,Metal1,506.0730,790.6330,4.928009
_17942_,VDD,Metal1,509.1600,811.0360,4.928754
_17941_,VDD,Metal1,499.3665,800.9780,4.928458
_17940_,VDD,Metal1,499.2300,791.8015,4.928009
_17939_,VDD,Metal1,758.1650,1093.1950,4.962676
_17938_,VDD,Metal1,752.2350,1093.1575,4.961944
_17937_,VDD,Metal1,740.8630,1094.2350,4.961396
_17936_,VDD,Metal1,719.4765,1074.1665,4.957546
_17935_,VDD,Metal1,725.9800,1074.2660,4.957717
_17934_,VDD,Metal1,714.8300,1074.0415,4.957396
_17933_,VDD,Metal1,738.5065,1082.9530,4.957958
_17932_,VDD,Metal1,732.9650,1074.0050,4.957945
_17931_,VDD,Metal1,735.2665,1094.0615,4.961395
_17930_,VDD,Metal1,716.6330,1082.9530,4.957323
_17929_,VDD,Metal1,725.0465,1093.2980,4.960368
_17928_,VDD,Metal1,716.3600,1093.2760,4.960365
_17927_,VDD,Metal1,710.9100,1093.1580,4.960018
_17926_,VDD,Metal1,673.6050,1093.1950,4.954744
_17925_,VDD,Metal1,676.0750,1083.0775,4.952910
_17924_,VDD,Metal1,698.4930,1084.3550,4.956767
_17923_,VDD,Metal1,695.1400,1093.1950,4.957597
_17922_,VDD,Metal1,686.8300,1083.0780,4.953234
_17921_,VDD,Metal1,678.4300,1093.1580,4.955201
_17920_,VDD,Metal1,533.1065,1073.9015,4.940373
_17919_,VDD,Metal1,507.2265,1093.0330,4.940554
_17918_,VDD,Metal1,509.5250,1073.0350,4.938880
_17917_,VDD,Metal1,518.8300,1094.2015,4.940940
_17916_,VDD,Metal1,525.0260,1074.2130,4.939651
_17915_,VDD,Metal1,525.0475,1094.1050,4.940957
_17914_,VDD,Metal1,528.9100,1093.1580,4.941278
_17913_,VDD,Metal1,610.2330,1082.9530,4.946392
_17912_,VDD,Metal1,605.1130,1092.8950,4.949209
_17911_,VDD,Metal1,604.5100,1094.2015,4.949209
_17910_,VDD,Metal1,621.4765,1082.9530,4.948220
_17909_,VDD,Metal1,514.9460,1033.8930,4.935564
_17908_,VDD,Metal1,644.8300,1084.1215,4.949280
_17907_,VDD,Metal1,649.6800,1082.9530,4.950846
_17906_,VDD,Metal1,638.1100,1093.1580,4.952764
_17905_,VDD,Metal1,659.2400,1083.1960,4.951308
_17904_,VDD,Metal1,656.5900,1093.1580,4.953245
_17903_,VDD,Metal1,662.0400,1093.2760,4.953485
_17902_,VDD,Metal1,818.5530,1093.0330,4.970979
_17901_,VDD,Metal1,813.3900,1083.0780,4.962048
_17900_,VDD,Metal1,785.5465,1084.2465,4.961457
_17899_,VDD,Metal1,807.3965,1093.0330,4.968764
_17898_,VDD,Metal1,785.3900,1074.0415,4.962480
_17897_,VDD,Metal1,802.7500,1093.1580,4.968195
_17896_,VDD,Metal1,666.1100,1093.1580,4.953806
_17895_,VDD,Metal1,668.5650,1083.1150,4.951308
_17894_,VDD,Metal1,560.7400,1093.1950,4.946134
_17893_,VDD,Metal1,677.3675,1073.9450,4.954892
_17892_,VDD,Metal1,681.4450,1074.0050,4.955112
_17891_,VDD,Metal1,510.8400,1032.7960,4.935564
_17890_,VDD,Metal1,510.5865,761.6865,4.926554
_17889_,VDD,Metal1,509.2200,780.7150,4.927573
_17888_,VDD,Metal1,510.0365,660.8865,4.907560
_17887_,VDD,Metal1,659.3000,1074.0050,4.953548
_17886_,VDD,Metal1,515.6850,1042.7950,4.935841
_17885_,VDD,Metal1,159.2130,630.7550,4.894738
_17884_,VDD,Metal1,166.5900,640.6015,4.896249
_17883_,VDD,Metal1,174.4300,639.5580,4.896520
_17882_,VDD,Metal1,167.3165,620.5665,4.892825
_17881_,VDD,Metal1,814.9200,1073.9235,4.966672
_17880_,VDD,Metal1,174.1400,619.3065,4.892828
_17879_,VDD,Metal1,531.7425,660.6435,4.908298
_17878_,VDD,Metal1,532.8625,650.5635,4.905780
_17877_,VDD,Metal1,528.2600,650.6450,4.905110
_17876_,VDD,Metal1,533.4825,659.8360,4.908300
_17875_,VDD,Metal1,539.2630,659.6850,4.908524
_17874_,VDD,Metal1,542.2600,649.6750,4.906112
_17873_,VDD,Metal1,528.9100,640.6015,4.902073
_17872_,VDD,Metal1,531.1500,649.6380,4.905238
_17871_,VDD,Metal1,538.9900,649.6380,4.906107
_17870_,VDD,Metal1,519.6630,649.6050,4.904843
_17869_,VDD,Metal1,511.5500,649.6380,4.904376
_17868_,VDD,Metal1,187.4330,689.8330,4.906142
_17867_,VDD,Metal1,172.1900,669.7980,4.901478
_17866_,VDD,Metal1,173.0265,670.7015,4.901480
_17865_,VDD,Metal1,180.1965,670.9665,4.901620
_17864_,VDD,Metal1,162.1100,679.8780,4.903126
_17863_,VDD,Metal1,166.8630,670.8750,4.901346
_17862_,VDD,Metal1,181.1500,669.7980,4.901620
_17861_,VDD,Metal1,191.3865,681.0465,4.903235
_17860_,VDD,Metal1,186.1900,679.8780,4.903202
_17859_,VDD,Metal1,187.5865,690.8615,4.906142
_17858_,VDD,Metal1,197.0450,680.8850,4.903237
_17857_,VDD,Metal1,194.1865,679.7530,4.903235
_17856_,VDD,Metal1,197.6665,670.7015,4.901919
_17855_,VDD,Metal1,192.5650,670.8050,4.901824
_17854_,VDD,Metal1,198.6665,660.8865,4.901103
_17853_,VDD,Metal1,199.3465,669.9380,4.901920
_17852_,VDD,Metal1,205.4450,659.7550,4.901187
_17851_,VDD,Metal1,199.7865,659.5930,4.901103
_17850_,VDD,Metal1,206.0665,650.5415,4.899172
_17849_,VDD,Metal1,191.6930,659.4850,4.901024
_17848_,VDD,Metal1,158.4050,660.7250,4.900572
_17847_,VDD,Metal1,156.1650,669.8350,4.901065
_17846_,VDD,Metal1,167.1500,660.7615,4.900617
_17845_,VDD,Metal1,31.5330,951.8050,4.911606
_17844_,VDD,Metal1,33.7730,961.8850,4.911593
_17843_,VDD,Metal1,74.6530,1074.2750,4.914261
_17842_,VDD,Metal1,23.1330,1013.7950,4.912706
_17841_,VDD,Metal1,22.0130,1062.6850,4.913627
_17840_,VDD,Metal1,22.0130,1012.2850,4.912706
_17839_,VDD,Metal1,40.4930,1074.2750,4.914107
_17838_,VDD,Metal1,94.2530,1084.3550,4.915904
_17837_,VDD,Metal1,89.2130,1074.2750,4.914413
_17836_,VDD,Metal1,31.5330,750.2050,4.904361
_17835_,VDD,Metal1,31.5330,760.2850,4.904971
_17834_,VDD,Metal1,22.0130,740.1250,4.903875
_17833_,VDD,Metal1,39.9330,679.6450,4.901323
_17832_,VDD,Metal1,22.0130,719.9650,4.902809
_17831_,VDD,Metal1,31.5330,699.8050,4.903183
_17830_,VDD,Metal1,31.5330,669.5650,4.900276
_17829_,VDD,Metal1,31.5330,941.7250,4.911016
_17828_,VDD,Metal1,22.0130,992.1250,4.912312
_17827_,VDD,Metal1,240.4130,1074.2750,4.916757
_17826_,VDD,Metal1,203.4530,1074.2750,4.916112
_17825_,VDD,Metal1,32.0930,1074.2750,4.914089
_17824_,VDD,Metal1,22.5730,1044.0350,4.913284
_17823_,VDD,Metal1,126.1730,1074.2750,4.914853
_17822_,VDD,Metal1,178.8130,1092.9250,4.916682
_17821_,VDD,Metal1,230.8930,1074.2750,4.916596
_17820_,VDD,Metal1,31.5330,881.2450,4.909334
_17819_,VDD,Metal1,31.5330,921.5650,4.910541
_17818_,VDD,Metal1,36.0130,852.5150,4.908268
_17817_,VDD,Metal1,22.0130,800.6050,4.907442
_17816_,VDD,Metal1,13.6130,800.6050,4.907440
_17815_,VDD,Metal1,31.5330,830.8450,4.907903
_17814_,VDD,Metal1,35.4530,902.9150,4.909908
_17813_,VDD,Metal1,43.9500,428.9215,4.858680
_17812_,VDD,Metal1,53.6365,439.1265,4.860144
_17811_,VDD,Metal1,31.5330,437.7250,4.860194
_17810_,VDD,Metal1,31.5330,447.8050,4.861656
_17809_,VDD,Metal1,31.5330,407.4850,4.855706
_17808_,VDD,Metal1,45.5330,417.5650,4.857167
_17807_,VDD,Metal1,327.2130,388.8350,4.853060
_17806_,VDD,Metal1,345.1330,266.3650,4.838809
_17805_,VDD,Metal1,335.6130,256.2850,4.837827
_17804_,VDD,Metal1,342.3330,237.6350,4.836144
_17803_,VDD,Metal1,312.6530,266.3650,4.838812
_17802_,VDD,Metal1,316.0130,257.7950,4.837776
_17801_,VDD,Metal1,291.9330,257.7950,4.837764
_17800_,VDD,Metal1,70.7330,357.0850,4.848728
_17799_,VDD,Metal1,57.2930,388.8350,4.852693
_17798_,VDD,Metal1,72.4130,417.5650,4.857140
_17797_,VDD,Metal1,149.1330,397.4050,4.854261
_17796_,VDD,Metal1,32.6530,388.8350,4.852694
_17795_,VDD,Metal1,140.1730,388.8350,4.852773
_17794_,VDD,Metal1,149.1330,377.2450,4.851325
_17793_,VDD,Metal1,129.5330,388.8350,4.852773
_17792_,VDD,Metal1,110.4930,377.2450,4.851257
_17791_,VDD,Metal1,18.4665,418.7015,4.857229
_17790_,VDD,Metal1,11.9800,429.1460,4.858716
_17789_,VDD,Metal1,13.3650,418.8050,4.857228
_17788_,VDD,Metal1,16.5100,439.0015,4.860194
_17787_,VDD,Metal1,18.1900,417.7980,4.857229
_17786_,VDD,Metal1,23.4450,418.8050,4.857231
_17785_,VDD,Metal1,11.4300,407.7550,4.855704
_17784_,VDD,Metal1,19.0265,398.5415,4.854130
_17783_,VDD,Metal1,21.7650,417.8350,4.857231
_17782_,VDD,Metal1,18.6000,407.8360,4.855705
_17781_,VDD,Metal1,24.2000,407.8360,4.855706
_17780_,VDD,Metal1,30.1165,417.6730,4.857210
_17779_,VDD,Metal1,43.4825,378.4035,4.851289
_17778_,VDD,Metal1,48.6450,378.4850,4.851289
_17777_,VDD,Metal1,68.6825,418.7235,4.857142
_17776_,VDD,Metal1,79.4450,408.7250,4.855693
_17775_,VDD,Metal1,136.4425,398.5635,4.854216
_17774_,VDD,Metal1,137.6850,407.7550,4.855891
_17773_,VDD,Metal1,23.8825,387.6760,4.852710
_17772_,VDD,Metal1,31.2850,397.6750,4.854129
_17771_,VDD,Metal1,96.6825,397.7560,4.854177
_17770_,VDD,Metal1,101.8450,397.6750,4.854177
_17769_,VDD,Metal1,131.9625,378.4035,4.851279
_17768_,VDD,Metal1,136.0050,378.4850,4.851293
_17767_,VDD,Metal1,111.2425,397.7560,4.854178
_17766_,VDD,Metal1,116.9650,387.5950,4.852747
_17765_,VDD,Metal1,95.5625,378.4035,4.851250
_17764_,VDD,Metal1,99.6050,378.4850,4.851250
_17763_,VDD,Metal1,116.9065,408.7780,4.855800
_17762_,VDD,Metal1,109.9900,408.7250,4.855788
_17761_,VDD,Metal1,105.2050,418.8050,4.857092
_17760_,VDD,Metal1,44.5100,427.8780,4.858680
_17759_,VDD,Metal1,56.9865,417.7815,4.857152
_17758_,VDD,Metal1,56.2500,418.7450,4.857152
_17757_,VDD,Metal1,49.5500,418.8415,4.857164
_17756_,VDD,Metal1,34.9700,418.7450,4.857202
_17755_,VDD,Metal1,29.3900,427.8780,4.858716
_17754_,VDD,Metal1,34.9900,417.7980,4.857202
_17753_,VDD,Metal1,22.0130,347.0050,4.847577
_17752_,VDD,Metal1,22.0130,336.9250,4.846256
_17751_,VDD,Metal1,31.5330,347.0050,4.847576
_17750_,VDD,Metal1,31.5330,367.1650,4.849966
_17749_,VDD,Metal1,23.8260,318.2130,4.843839
_17748_,VDD,Metal1,32.6530,358.5950,4.848765
_17747_,VDD,Metal1,21.7900,327.1150,4.845015
_17746_,VDD,Metal1,31.5330,357.0850,4.848765
_17745_,VDD,Metal1,15.9100,327.1150,4.845010
_17744_,VDD,Metal1,11.3800,227.2850,4.835127
_17743_,VDD,Metal1,16.9200,227.2035,4.835127
_17742_,VDD,Metal1,27.6130,368.6750,4.849966
_17741_,VDD,Metal1,55.8765,195.9130,4.832823
_17740_,VDD,Metal1,60.7500,185.9580,4.832274
_17739_,VDD,Metal1,42.9965,187.1265,4.832274
_17738_,VDD,Metal1,50.1100,176.9215,4.831714
_17737_,VDD,Metal1,18.9165,106.4865,4.828680
_17736_,VDD,Metal1,24.3500,105.3180,4.828678
_17735_,VDD,Metal1,36.2765,126.6465,4.829083
_17734_,VDD,Metal1,42.2700,115.3980,4.828868
_17733_,VDD,Metal1,121.3965,126.6465,4.829086
_17732_,VDD,Metal1,130.7500,126.5215,4.829087
_17731_,VDD,Metal1,128.1165,187.1265,4.832268
_17730_,VDD,Metal1,130.1900,176.9215,4.831684
_17729_,VDD,Metal1,99.5565,216.0730,4.834336
_17728_,VDD,Metal1,94.9100,216.1980,4.834334
_17727_,VDD,Metal1,161.4600,116.4050,4.828898
_17726_,VDD,Metal1,167.1825,126.4035,4.829110
_17725_,VDD,Metal1,170.4200,207.1250,4.833623
_17724_,VDD,Metal1,170.5425,196.9635,4.832969
_17723_,VDD,Metal1,435.8600,116.4050,4.828812
_17722_,VDD,Metal1,434.3025,126.4035,4.829155
_17721_,VDD,Metal1,428.5800,125.5150,4.829153
_17720_,VDD,Metal1,431.5025,106.2435,4.828481
_17719_,VDD,Metal1,412.3400,116.4050,4.828813
_17718_,VDD,Metal1,421.9825,115.5160,4.828812
_17717_,VDD,Metal1,238.1800,126.4850,4.828981
_17716_,VDD,Metal1,238.3025,106.2435,4.828556
_17715_,VDD,Metal1,190.0200,197.0450,4.832979
_17714_,VDD,Metal1,195.7425,186.8835,4.832327
_17713_,VDD,Metal1,357.4600,136.5650,4.829500
_17712_,VDD,Metal1,374.3825,136.4835,4.829472
_17711_,VDD,Metal1,351.8600,105.3550,4.828512
_17710_,VDD,Metal1,346.3825,115.5160,4.828827
_17709_,VDD,Metal1,78.1100,197.0815,4.832775
_17708_,VDD,Metal1,78.1425,216.3160,4.834285
_17707_,VDD,Metal1,71.9500,206.1180,4.833420
_17706_,VDD,Metal1,79.8225,207.0435,4.833420
_17705_,VDD,Metal1,16.9800,206.1550,4.833472
_17704_,VDD,Metal1,21.8800,206.2360,4.833482
_17703_,VDD,Metal1,30.4700,217.2050,4.834282
_17702_,VDD,Metal1,72.2230,216.1650,4.834246
_17701_,VDD,Metal1,37.0400,175.7530,4.831741
_17700_,VDD,Metal1,48.9900,166.8415,4.831238
_17699_,VDD,Metal1,32.1900,175.8780,4.831744
_17698_,VDD,Metal1,36.0200,115.4350,4.828868
_17697_,VDD,Metal1,30.2800,115.5160,4.828868
_17696_,VDD,Metal1,29.3500,125.5150,4.829108
_17695_,VDD,Metal1,48.3400,136.5650,4.829559
_17694_,VDD,Metal1,36.4400,136.4835,4.829599
_17693_,VDD,Metal1,33.5250,135.5950,4.829610
_17692_,VDD,Metal1,109.2800,125.3530,4.829072
_17691_,VDD,Metal1,116.7500,126.5215,4.829082
_17690_,VDD,Metal1,108.3500,116.4415,4.828864
_17689_,VDD,Metal1,108.7200,185.8330,4.832257
_17688_,VDD,Metal1,109.4700,175.8780,4.831676
_17687_,VDD,Metal1,98.2700,176.9215,4.831675
_17686_,VDD,Metal1,81.6065,217.1015,4.834289
_17685_,VDD,Metal1,71.8530,236.1250,4.835857
_17684_,VDD,Metal1,78.5730,246.2050,4.836764
_17683_,VDD,Metal1,41.6130,205.8850,4.833440
_17682_,VDD,Metal1,41.6130,217.4750,4.834265
_17681_,VDD,Metal1,41.0530,316.7650,4.843794
_17680_,VDD,Metal1,52.8130,296.6050,4.841636
_17679_,VDD,Metal1,23.1330,227.5550,4.835127
_17678_,VDD,Metal1,22.0130,195.8050,4.832871
_17677_,VDD,Metal1,31.5330,155.4850,4.830514
_17676_,VDD,Metal1,22.0130,165.5650,4.831271
_17675_,VDD,Metal1,111.0530,155.4850,4.830500
_17674_,VDD,Metal1,120.0130,187.2350,4.832268
_17673_,VDD,Metal1,109.9330,215.9650,4.834336
_17672_,VDD,Metal1,118.3330,167.0750,4.831212
_17671_,VDD,Metal1,92.0130,165.5650,4.831206
_17670_,VDD,Metal1,76.8930,165.5650,4.831217
_17669_,VDD,Metal1,92.5730,116.6750,4.828847
_17668_,VDD,Metal1,61.2130,105.0850,4.828616
_17667_,VDD,Metal1,80.8130,126.7550,4.829073
_17666_,VDD,Metal1,72.4130,175.6450,4.831680
_17665_,VDD,Metal1,57.2930,156.9950,4.830485
_17664_,VDD,Metal1,70.7330,125.2450,4.829077
_17663_,VDD,Metal1,168.1730,338.4350,4.846083
_17662_,VDD,Metal1,447.0530,266.3650,4.838846
_17661_,VDD,Metal1,433.6130,288.0350,4.840910
_17660_,VDD,Metal1,394.4130,378.7550,4.851738
_17659_,VDD,Metal1,31.5330,266.3650,4.838410
_17658_,VDD,Metal1,16.4130,277.9550,4.839585
_17657_,VDD,Metal1,178.8130,367.1650,4.849975
_17656_,VDD,Metal1,24.2530,237.6350,4.835892
_17655_,VDD,Metal1,78.6700,227.3215,4.835000
_17654_,VDD,Metal1,75.3100,338.2015,4.846043
_17653_,VDD,Metal1,79.1330,336.9250,4.846039
_17652_,VDD,Metal1,80.8600,338.4260,4.846039
_17651_,VDD,Metal1,72.2230,337.1250,4.846048
_17650_,VDD,Metal1,80.7950,328.1225,4.844872
_17649_,VDD,Metal1,41.6130,348.5150,4.847554
_17648_,VDD,Metal1,51.1330,348.5150,4.847554
_17647_,VDD,Metal1,57.0450,348.2450,4.847554
_17646_,VDD,Metal1,17.7965,306.7930,4.842540
_17645_,VDD,Metal1,19.8700,297.8815,4.841696
_17644_,VDD,Metal1,29.3900,316.9980,4.843830
_17643_,VDD,Metal1,17.7965,318.1665,4.843838
_17642_,VDD,Metal1,28.8300,318.0415,4.843830
_17641_,VDD,Metal1,13.1500,318.0415,4.843838
_17640_,VDD,Metal1,70.2200,316.7735,4.843743
_17639_,VDD,Metal1,54.7565,316.8730,4.843746
_17638_,VDD,Metal1,55.1500,328.1215,4.844869
_17637_,VDD,Metal1,61.1950,316.9975,4.843743
_17636_,VDD,Metal1,77.1565,326.9530,4.844869
_17635_,VDD,Metal1,64.3250,338.1650,4.846075
_17634_,VDD,Metal1,62.7030,337.1250,4.846120
_17633_,VDD,Metal1,70.1550,327.0775,4.844869
_17632_,VDD,Metal1,74.1900,348.2815,4.847516
_17631_,VDD,Metal1,69.4230,338.2350,4.846052
_17630_,VDD,Metal1,58.5100,337.1580,4.846132
_17629_,VDD,Metal1,71.3900,347.2380,4.847517
_17628_,VDD,Metal1,112.2200,328.3460,4.844896
_17627_,VDD,Metal1,113.5465,347.1130,4.847510
_17626_,VDD,Metal1,101.8450,347.2750,4.847510
_17625_,VDD,Metal1,178.5650,639.5950,4.896566
_17624_,VDD,Metal1,187.7200,629.5960,4.894785
_17623_,VDD,Metal1,169.6050,489.3650,4.868832
_17622_,VDD,Metal1,168.1200,479.2035,4.866924
_17621_,VDD,Metal1,155.0450,619.4350,4.892763
_17620_,VDD,Metal1,156.9200,580.0035,4.885353
_17619_,VDD,Metal1,106.7930,469.3665,4.865055
_17618_,VDD,Metal1,113.3900,469.2415,4.865064
_17617_,VDD,Metal1,71.8530,377.2450,4.851255
_17616_,VDD,Metal1,71.2930,397.4050,4.854136
_17615_,VDD,Metal1,173.2130,388.8350,4.852840
_17614_,VDD,Metal1,80.2530,377.2450,4.851254
_17613_,VDD,Metal1,171.5330,408.9950,4.855917
_17612_,VDD,Metal1,159.2130,368.6750,4.849973
_17611_,VDD,Metal1,172.6530,387.3250,4.852840
_17610_,VDD,Metal1,122.2530,377.2450,4.851257
_17609_,VDD,Metal1,404.4930,580.3550,4.886795
_17608_,VDD,Metal1,406.1730,568.7650,4.884915
_17607_,VDD,Metal1,407.2930,570.2750,4.884915
_17606_,VDD,Metal1,394.4130,550.1150,4.880770
_17605_,VDD,Metal1,287.4530,570.2750,4.883995
_17604_,VDD,Metal1,313.2130,568.7650,4.884232
_17603_,VDD,Metal1,335.6130,558.6850,4.882204
_17602_,VDD,Metal1,351.2930,568.7650,4.884342
_17601_,VDD,Metal1,88.3130,457.9930,4.863409
_17600_,VDD,Metal1,83.1500,449.0815,4.861662
_17599_,VDD,Metal1,88.9165,439.1265,4.860142
_17598_,VDD,Metal1,88.1900,428.9215,4.858694
_17597_,VDD,Metal1,160.3330,205.8850,4.833567
_17596_,VDD,Metal1,422.9730,126.7550,4.829151
_17595_,VDD,Metal1,423.5330,105.0850,4.828481
_17594_,VDD,Metal1,406.7330,116.6750,4.828813
_17593_,VDD,Metal1,236.4930,125.2450,4.828981
_17592_,VDD,Metal1,188.3330,185.7250,4.832339
_17591_,VDD,Metal1,367.5330,136.8350,4.829477
_17590_,VDD,Metal1,348.4930,125.2450,4.829151
_17589_,VDD,Metal1,59.6300,216.1980,4.834246
_17588_,VDD,Metal1,68.5900,226.2780,4.835002
_17587_,VDD,Metal1,63.5500,226.2780,4.835002
_17586_,VDD,Metal1,63.5500,216.1980,4.834246
_17585_,VDD,Metal1,72.5100,226.2780,4.835002
_17584_,VDD,Metal1,13.6130,215.9650,4.834352
_17583_,VDD,Metal1,32.6530,187.2350,4.832295
_17582_,VDD,Metal1,21.4530,125.2450,4.829124
_17581_,VDD,Metal1,29.2930,136.8350,4.829623
_17580_,VDD,Metal1,100.4130,135.3250,4.829473
_17579_,VDD,Metal1,90.3330,187.2350,4.832257
_17578_,VDD,Metal1,90.3330,237.6350,4.835857
_17577_,VDD,Metal1,51.1330,217.4750,4.834264
_17576_,VDD,Metal1,31.0700,296.8380,4.841646
_17575_,VDD,Metal1,24.3500,306.9180,4.842541
_17574_,VDD,Metal1,34.9900,316.9980,4.843812
_17573_,VDD,Metal1,69.9830,306.8850,4.842506
_17572_,VDD,Metal1,39.4700,287.8015,4.840605
_17571_,VDD,Metal1,22.0130,215.9650,4.834352
_17570_,VDD,Metal1,31.2365,216.0730,4.834282
_17569_,VDD,Metal1,33.2600,205.8935,4.833440
_17568_,VDD,Metal1,57.3900,217.2415,4.834260
_17567_,VDD,Metal1,56.1800,207.1250,4.833424
_17566_,VDD,Metal1,52.8700,216.2350,4.834264
_17565_,VDD,Metal1,41.7100,197.0815,4.832867
_17564_,VDD,Metal1,31.5330,185.7250,4.832295
_17563_,VDD,Metal1,34.9900,176.9215,4.831741
_17562_,VDD,Metal1,37.7900,185.9580,4.832286
_17561_,VDD,Metal1,38.9100,176.9215,4.831740
_17560_,VDD,Metal1,36.3250,166.8050,4.831242
_17559_,VDD,Metal1,40.8050,166.8050,4.831238
_17558_,VDD,Metal1,32.7500,166.8415,4.831249
_17557_,VDD,Metal1,20.8930,136.8350,4.829633
_17556_,VDD,Metal1,24.5165,126.6465,4.829124
_17555_,VDD,Metal1,15.3900,125.4780,4.829124
_17554_,VDD,Metal1,29.9500,135.5580,4.829623
_17553_,VDD,Metal1,35.6075,146.5850,4.830133
_17552_,VDD,Metal1,31.6300,126.5215,4.829094
_17551_,VDD,Metal1,22.0130,145.4050,4.830164
_17550_,VDD,Metal1,19.8700,126.5215,4.829124
_17549_,VDD,Metal1,41.1500,126.5215,4.829083
_17548_,VDD,Metal1,42.8300,136.6015,4.829573
_17547_,VDD,Metal1,42.6800,135.6760,4.829573
_17546_,VDD,Metal1,41.2075,146.5850,4.830133
_17545_,VDD,Metal1,100.4130,136.8350,4.829473
_17544_,VDD,Metal1,107.2300,136.6015,4.829477
_17543_,VDD,Metal1,115.0700,125.4780,4.829081
_17542_,VDD,Metal1,102.1900,145.6380,4.830099
_17541_,VDD,Metal1,94.2000,136.4835,4.829471
_17540_,VDD,Metal1,93.8475,135.6550,4.829471
_17539_,VDD,Metal1,100.4130,195.8050,4.832772
_17538_,VDD,Metal1,104.4300,197.0815,4.832774
_17537_,VDD,Metal1,108.9100,196.0380,4.832786
_17536_,VDD,Metal1,97.1500,207.1615,4.833446
_17535_,VDD,Metal1,92.5200,217.1235,4.834333
_17534_,VDD,Metal1,88.4630,388.6350,4.852719
_17533_,VDD,Metal1,97.0530,227.5550,4.834993
_17532_,VDD,Metal1,90.0365,227.4465,4.834993
_17531_,VDD,Metal1,96.0300,236.3580,4.835862
_17530_,VDD,Metal1,100.4130,165.5650,4.831206
_17529_,VDD,Metal1,90.3330,177.1550,4.831675
_17528_,VDD,Metal1,72.9730,167.0750,4.831217
_17527_,VDD,Metal1,80.8130,116.6750,4.828847
_17526_,VDD,Metal1,70.7330,115.1650,4.828852
_17525_,VDD,Metal1,81.3730,125.2450,4.829073
_17524_,VDD,Metal1,69.0530,197.3150,4.832794
_17523_,VDD,Metal1,70.7330,145.4050,4.830109
_17522_,VDD,Metal1,64.5730,126.7550,4.829078
_17521_,VDD,Metal1,172.0930,336.9250,4.846084
_17520_,VDD,Metal1,430.2530,267.8750,4.838833
_17519_,VDD,Metal1,429.1330,276.4450,4.839623
_17518_,VDD,Metal1,391.6130,387.3250,4.853095
_17517_,VDD,Metal1,20.3330,256.2850,4.837692
_17516_,VDD,Metal1,19.2130,288.0350,4.840611
_17515_,VDD,Metal1,176.5730,357.0850,4.848750
_17514_,VDD,Metal1,11.9330,256.2850,4.837691
_17513_,VDD,Metal1,732.6530,610.5950,4.898533
_17512_,VDD,Metal1,756.7330,600.5150,4.895943
_17511_,VDD,Metal1,708.0130,570.2750,4.887654
_17510_,VDD,Metal1,756.7330,560.1950,4.885471
_17509_,VDD,Metal1,662.0930,570.2750,4.887286
_17508_,VDD,Metal1,679.4530,570.2750,4.887396
_17507_,VDD,Metal1,629.6130,519.8750,4.876558
_17506_,VDD,Metal1,505.2930,609.0850,4.895121
_17505_,VDD,Metal1,465.5330,570.2750,4.885459
_17504_,VDD,Metal1,384.3330,548.6050,4.880680
_17503_,VDD,Metal1,447.6130,550.1150,4.881351
_17502_,VDD,Metal1,407.2930,540.0350,4.878485
_17501_,VDD,Metal1,307.0530,529.9550,4.876637
_17500_,VDD,Metal1,333.9330,508.2850,4.872948
_17499_,VDD,Metal1,307.0530,558.6850,4.882184
_17498_,VDD,Metal1,325.5330,529.9550,4.876699
_17497_,VDD,Metal1,815.5330,619.1650,4.902378
_17496_,VDD,Metal1,798.1730,588.9250,4.893297
_17495_,VDD,Metal1,776.3330,619.1650,4.901770
_17494_,VDD,Metal1,789.2130,619.1650,4.902067
_17493_,VDD,Metal1,747.2130,610.5950,4.898763
_17492_,VDD,Metal1,727.6130,548.6050,4.883588
_17491_,VDD,Metal1,766.8130,548.6050,4.883759
_17490_,VDD,Metal1,766.8130,588.9250,4.892869
_17489_,VDD,Metal1,812.7330,600.5150,4.896594
_17488_,VDD,Metal1,426.8930,568.7650,4.885085
_17487_,VDD,Metal1,418.4930,590.4350,4.889020
_17486_,VDD,Metal1,407.8530,528.4450,4.877101
_17485_,VDD,Metal1,305.9330,518.3650,4.874662
_17484_,VDD,Metal1,312.6530,548.6050,4.880402
_17483_,VDD,Metal1,345.1330,538.5250,4.878293
_17482_,VDD,Metal1,351.2930,548.6050,4.880577
_17481_,VDD,Metal1,307.8665,479.4465,4.867335
_17480_,VDD,Metal1,146.6450,337.1950,4.846042
_17479_,VDD,Metal1,141.8000,337.2760,4.846037
_17478_,VDD,Metal1,96.2450,296.8750,4.841558
_17477_,VDD,Metal1,102.6000,296.9560,4.841544
_17476_,VDD,Metal1,116.4050,226.3150,4.835003
_17475_,VDD,Metal1,141.8000,226.3960,4.835004
_17474_,VDD,Metal1,121.4450,217.2050,4.834373
_17473_,VDD,Metal1,141.2400,236.4760,4.835907
_17472_,VDD,Metal1,96.8050,247.4450,4.836760
_17471_,VDD,Metal1,102.6000,246.5560,4.836760
_17470_,VDD,Metal1,96.2450,286.7950,4.840540
_17469_,VDD,Metal1,102.6000,286.8760,4.840538
_17468_,VDD,Metal1,95.1250,257.5250,4.837641
_17467_,VDD,Metal1,102.6000,266.7160,4.838248
_17466_,VDD,Metal1,102.4050,307.9250,4.842511
_17465_,VDD,Metal1,114.3600,317.1160,4.843665
_17464_,VDD,Metal1,133.2050,317.0350,4.843655
_17463_,VDD,Metal1,148.5200,317.1160,4.843652
_17462_,VDD,Metal1,135.4450,347.2750,4.847523
_17461_,VDD,Metal1,141.8000,347.3560,4.847523
_17460_,VDD,Metal1,107.4450,286.7950,4.840538
_17459_,VDD,Metal1,122.2000,287.6835,4.840539
_17458_,VDD,Metal1,126.4850,246.4750,4.836762
_17457_,VDD,Metal1,132.8400,217.1235,4.834377
_17456_,VDD,Metal1,121.4450,237.3650,4.835906
_17455_,VDD,Metal1,132.2800,237.2835,4.835906
_17454_,VDD,Metal1,110.2450,256.5550,4.837641
_17453_,VDD,Metal1,117.7200,237.2835,4.835897
_17452_,VDD,Metal1,101.8450,276.7150,4.839541
_17451_,VDD,Metal1,112.1200,276.7960,4.839541
_17450_,VDD,Metal1,116.4050,266.6350,4.838255
_17449_,VDD,Metal1,112.6800,266.7160,4.838248
_17448_,VDD,Metal1,115.2850,318.0050,4.843665
_17447_,VDD,Metal1,120.5200,317.1160,4.843659
_17446_,VDD,Metal1,134.3250,247.4450,4.836769
_17445_,VDD,Metal1,141.2400,256.6360,4.837643
_17444_,VDD,Metal1,156.1065,348.4065,4.847525
_17443_,VDD,Metal1,210.9865,468.0730,4.865402
_17442_,VDD,Metal1,204.8365,468.0730,4.865401
_17441_,VDD,Metal1,199.9030,469.2750,4.865369
_17440_,VDD,Metal1,206.3500,459.1615,4.863717
_17439_,VDD,Metal1,197.6050,458.1550,4.863688
_17438_,VDD,Metal1,200.2825,438.8835,4.860466
_17437_,VDD,Metal1,205.4450,438.9650,4.860466
_17436_,VDD,Metal1,191.9565,427.7530,4.858887
_17435_,VDD,Metal1,197.6630,427.8450,4.858887
_17434_,VDD,Metal1,193.8800,438.8835,4.860460
_17433_,VDD,Metal1,187.3100,427.8780,4.858887
_17432_,VDD,Metal1,176.9465,428.7815,4.858826
_17431_,VDD,Metal1,188.8930,437.7250,4.860458
_17430_,VDD,Metal1,201.1600,448.1560,4.861931
_17429_,VDD,Metal1,190.1100,479.3215,4.867130
_17428_,VDD,Metal1,186.4630,478.2450,4.867122
_17427_,VDD,Metal1,187.3100,459.1615,4.863653
_17426_,VDD,Metal1,181.6700,459.1250,4.863638
_17425_,VDD,Metal1,172.7500,469.2415,4.865311
_17424_,VDD,Metal1,185.6300,479.3215,4.867122
_17423_,VDD,Metal1,115.6300,590.2015,4.886882
_17422_,VDD,Metal1,98.7330,558.6850,4.881057
_17421_,VDD,Metal1,171.5330,701.3150,4.905925
_17420_,VDD,Metal1,296.4130,689.7250,4.908220
_17419_,VDD,Metal1,296.9730,681.1550,4.906731
_17418_,VDD,Metal1,313.7730,671.0750,4.903820
_17417_,VDD,Metal1,325.5330,681.1550,4.906821
_17416_,VDD,Metal1,350.1730,691.2350,4.909025
_17415_,VDD,Metal1,313.2130,659.4850,4.901976
_17414_,VDD,Metal1,341.7730,691.2350,4.909001
_17413_,VDD,Metal1,704.9165,610.4865,4.897972
_17412_,VDD,Metal1,711.3200,609.4360,4.898057
_17411_,VDD,Metal1,735.9200,599.1130,4.895705
_17410_,VDD,Metal1,738.9100,610.3615,4.898554
_17409_,VDD,Metal1,735.7165,609.1930,4.898537
_17408_,VDD,Metal1,741.2425,569.9235,4.887886
_17407_,VDD,Metal1,742.9530,217.0830,4.834563
_17406_,VDD,Metal1,739.2400,216.3160,4.834567
_17405_,VDD,Metal1,736.1100,217.2415,4.834569
_17404_,VDD,Metal1,756.7330,197.3150,4.833025
_17403_,VDD,Metal1,774.7500,226.2780,4.835160
_17402_,VDD,Metal1,779.3530,217.3665,4.834528
_17401_,VDD,Metal1,755.4800,227.2035,4.835145
_17400_,VDD,Metal1,784.4850,207.1250,4.833859
_17399_,VDD,Metal1,785.0450,226.3150,4.835168
_17398_,VDD,Metal1,779.9130,226.1530,4.835168
_17397_,VDD,Metal1,768.3600,237.2835,4.836182
_17396_,VDD,Metal1,792.3250,236.3950,4.836190
_17395_,VDD,Metal1,793.4450,237.3650,4.836190
_17394_,VDD,Metal1,696.3500,619.3980,4.900800
_17393_,VDD,Metal1,701.5565,600.4065,4.895396
_17392_,VDD,Metal1,716.9200,590.0835,4.892252
_17391_,VDD,Metal1,743.1030,599.2050,4.895817
_17390_,VDD,Metal1,754.5900,590.2015,4.892724
_17389_,VDD,Metal1,747.6800,590.3265,4.892724
_17388_,VDD,Metal1,826.0800,560.0865,4.886102
_17387_,VDD,Metal1,832.9900,570.0415,4.888529
_17386_,VDD,Metal1,835.1760,197.1655,4.832858
_17385_,VDD,Metal1,826.3930,197.2065,4.832869
_17384_,VDD,Metal1,824.6225,206.2360,4.833785
_17383_,VDD,Metal1,829.8450,196.0750,4.832866
_17382_,VDD,Metal1,832.6450,186.9650,4.831901
_17381_,VDD,Metal1,849.9130,197.2065,4.832812
_17380_,VDD,Metal1,859.3425,196.9635,4.832794
_17379_,VDD,Metal1,843.8450,206.1550,4.833715
_17378_,VDD,Metal1,852.2450,206.1550,4.833688
_17377_,VDD,Metal1,863.9130,177.0465,4.831557
_17376_,VDD,Metal1,861.0225,166.7235,4.830694
_17375_,VDD,Metal1,871.8450,176.8850,4.831557
_17374_,VDD,Metal1,865.6850,185.9950,4.831915
_17373_,VDD,Metal1,696.9100,600.2815,4.895396
_17372_,VDD,Metal1,716.1165,610.4865,4.898137
_17371_,VDD,Metal1,713.0000,589.2760,4.892176
_17370_,VDD,Metal1,716.8800,580.2465,4.889646
_17369_,VDD,Metal1,710.3500,580.1215,4.889646
_17368_,VDD,Metal1,717.7965,589.0330,4.892252
_17367_,VDD,Metal1,734.5225,569.9235,4.887792
_17366_,VDD,Metal1,729.1600,277.6035,4.839992
_17365_,VDD,Metal1,727.4800,276.7960,4.839992
_17364_,VDD,Metal1,724.3500,277.7215,4.839992
_17363_,VDD,Metal1,740.4930,276.4450,4.839995
_17362_,VDD,Metal1,727.7100,318.0415,4.844216
_17361_,VDD,Metal1,746.3130,308.0865,4.843281
_17360_,VDD,Metal1,716.2800,297.7635,4.842105
_17359_,VDD,Metal1,748.0850,297.8450,4.842109
_17358_,VDD,Metal1,734.6450,306.9550,4.843280
_17357_,VDD,Metal1,727.2730,316.8730,4.844216
_17356_,VDD,Metal1,716.2800,317.9235,4.844224
_17355_,VDD,Metal1,720.6450,306.9550,4.843278
_17354_,VDD,Metal1,743.6050,297.8450,4.842106
_17353_,VDD,Metal1,719.3100,620.4415,4.900807
_17352_,VDD,Metal1,700.9965,619.2730,4.900801
_17351_,VDD,Metal1,710.2000,600.1635,4.895396
_17350_,VDD,Metal1,740.4000,568.8730,4.887885
_17349_,VDD,Metal1,751.7900,568.9980,4.888051
_17348_,VDD,Metal1,746.9165,568.8730,4.887979
_17347_,VDD,Metal1,743.4825,549.7635,4.883633
_17346_,VDD,Metal1,731.8450,197.0450,4.833045
_17345_,VDD,Metal1,728.6500,187.0180,4.832235
_17344_,VDD,Metal1,725.5930,165.6730,4.831100
_17343_,VDD,Metal1,718.2225,156.6435,4.830557
_17342_,VDD,Metal1,726.8050,146.6450,4.830015
_17341_,VDD,Metal1,734.0850,156.7250,4.830556
_17340_,VDD,Metal1,718.8730,187.1265,4.832264
_17339_,VDD,Metal1,712.6225,196.1560,4.833104
_17338_,VDD,Metal1,721.2050,185.9950,4.832264
_17337_,VDD,Metal1,717.8450,196.0750,4.833093
_17336_,VDD,Metal1,747.9930,166.9665,4.831078
_17335_,VDD,Metal1,747.9025,176.8035,4.831781
_17334_,VDD,Metal1,739.1250,165.8350,4.831085
_17333_,VDD,Metal1,741.9250,166.8050,4.831081
_17332_,VDD,Metal1,715.3900,620.4415,4.900807
_17331_,VDD,Metal1,670.1965,600.4065,4.894959
_17330_,VDD,Metal1,665.9600,599.3560,4.894912
_17329_,VDD,Metal1,660.3200,589.0330,4.891620
_17328_,VDD,Metal1,666.1100,580.1215,4.889332
_17327_,VDD,Metal1,658.1200,569.1160,4.887262
_17326_,VDD,Metal1,658.9225,559.8435,4.884974
_17325_,VDD,Metal1,656.2450,558.9550,4.884974
_17324_,VDD,Metal1,643.0960,206.0340,4.833941
_17323_,VDD,Metal1,649.9930,165.6730,4.831248
_17322_,VDD,Metal1,651.0225,166.7235,4.831248
_17321_,VDD,Metal1,642.8050,155.7550,4.830610
_17320_,VDD,Metal1,650.6450,146.6450,4.830112
_17319_,VDD,Metal1,638.7930,177.0465,4.831936
_17318_,VDD,Metal1,634.7825,175.9960,4.831933
_17317_,VDD,Metal1,643.9250,176.8850,4.831933
_17316_,VDD,Metal1,637.7650,166.8050,4.831270
_17315_,VDD,Metal1,669.0330,187.1265,4.832354
_17314_,VDD,Metal1,668.9425,196.9635,4.833169
_17313_,VDD,Metal1,677.5250,196.0750,4.833156
_17312_,VDD,Metal1,673.0450,196.0750,4.833161
_17311_,VDD,Metal1,676.1900,620.4415,4.900230
_17310_,VDD,Metal1,670.1965,590.3265,4.891647
_17309_,VDD,Metal1,679.9600,589.2760,4.891887
_17308_,VDD,Metal1,679.5500,579.0780,4.889537
_17307_,VDD,Metal1,690.6000,569.1160,4.887460
_17306_,VDD,Metal1,693.8800,559.8435,4.885189
_17305_,VDD,Metal1,682.2000,548.9560,4.883296
_17304_,VDD,Metal1,671.5200,316.8730,4.844313
_17303_,VDD,Metal1,661.1930,286.6330,4.841083
_17302_,VDD,Metal1,665.8800,277.6035,4.840081
_17301_,VDD,Metal1,680.3250,286.7950,4.841076
_17300_,VDD,Metal1,670.2450,267.6050,4.838956
_17299_,VDD,Metal1,649.9025,317.1160,4.844353
_17298_,VDD,Metal1,655.8000,317.9235,4.844344
_17297_,VDD,Metal1,656.5900,316.9980,4.844344
_17296_,VDD,Metal1,664.3330,318.2750,4.844336
_17295_,VDD,Metal1,647.4000,307.8435,4.843307
_17294_,VDD,Metal1,642.5900,307.9615,4.843384
_17293_,VDD,Metal1,645.8530,306.6850,4.843307
_17292_,VDD,Metal1,680.1100,609.3180,4.896814
_17291_,VDD,Metal1,656.7565,599.1130,4.894782
_17290_,VDD,Metal1,643.5600,610.2435,4.896668
_17289_,VDD,Metal1,642.3030,518.5650,4.876562
_17288_,VDD,Metal1,631.9500,529.7215,4.878577
_17287_,VDD,Metal1,637.9200,509.6865,4.874541
_17286_,VDD,Metal1,637.2630,499.5150,4.872195
_17285_,VDD,Metal1,642.0300,499.4815,4.872200
_17284_,VDD,Metal1,627.7430,256.4850,4.838012
_17283_,VDD,Metal1,630.3930,216.0730,4.834713
_17282_,VDD,Metal1,622.7600,216.3160,4.834710
_17281_,VDD,Metal1,617.0450,216.2350,4.834706
_17280_,VDD,Metal1,636.6450,206.1550,4.833947
_17279_,VDD,Metal1,598.3825,247.3635,4.837123
_17278_,VDD,Metal1,582.4400,256.6360,4.837971
_17277_,VDD,Metal1,597.7900,257.5615,4.837978
_17276_,VDD,Metal1,603.8530,257.7950,4.837979
_17275_,VDD,Metal1,587.4800,246.5560,4.837084
_17274_,VDD,Metal1,598.9100,276.6780,4.840050
_17273_,VDD,Metal1,627.9330,266.3650,4.838908
_17272_,VDD,Metal1,648.7500,610.3615,4.896668
_17271_,VDD,Metal1,522.3565,619.2730,4.897766
_17270_,VDD,Metal1,520.9200,610.2435,4.895157
_17269_,VDD,Metal1,511.8230,600.3150,4.893250
_17268_,VDD,Metal1,509.8700,599.2380,4.893248
_17267_,VDD,Metal1,511.3600,589.0330,4.890292
_17266_,VDD,Metal1,548.7830,580.1550,4.888482
_17265_,VDD,Metal1,543.4700,589.1580,4.890613
_17264_,VDD,Metal1,558.8630,247.5150,4.837016
_17263_,VDD,Metal1,563.6625,175.9960,4.831925
_17262_,VDD,Metal1,551.0800,166.7235,4.831219
_17261_,VDD,Metal1,559.1500,156.7615,4.830519
_17260_,VDD,Metal1,565.2130,156.9950,4.830518
_17259_,VDD,Metal1,581.8800,176.8035,4.831921
_17258_,VDD,Metal1,575.9500,166.8415,4.831223
_17257_,VDD,Metal1,583.6930,165.5650,4.831228
_17256_,VDD,Metal1,558.7130,226.1530,4.835345
_17255_,VDD,Metal1,557.2400,216.3160,4.834696
_17254_,VDD,Metal1,558.2450,227.2850,4.835345
_17253_,VDD,Metal1,559.9250,206.1550,4.833923
_17252_,VDD,Metal1,538.9900,619.3980,4.897927
_17251_,VDD,Metal1,471.3965,600.4065,4.891741
_17250_,VDD,Metal1,404.7565,620.5665,4.895439
_17249_,VDD,Metal1,408.7250,620.4050,4.895439
_17248_,VDD,Metal1,472.7600,590.0835,4.890046
_17247_,VDD,Metal1,472.7200,570.1665,4.885462
_17246_,VDD,Metal1,477.3900,568.9980,4.885520
_17245_,VDD,Metal1,473.0765,560.0865,4.883621
_17244_,VDD,Metal1,489.4800,519.5235,4.875531
_17243_,VDD,Metal1,492.2800,427.9960,4.859366
_17242_,VDD,Metal1,510.7600,407.8360,4.856523
_17241_,VDD,Metal1,499.2300,418.8415,4.857907
_17240_,VDD,Metal1,512.0130,419.0750,4.857920
_17239_,VDD,Metal1,481.4330,459.2865,4.864593
_17238_,VDD,Metal1,485.0000,469.1235,4.866166
_17237_,VDD,Metal1,503.3650,459.1250,4.864619
_17236_,VDD,Metal1,491.6050,469.2050,4.866166
_17235_,VDD,Metal1,475.4800,417.9160,4.857784
_17234_,VDD,Metal1,470.5200,417.9160,4.857783
_17233_,VDD,Metal1,475.1500,428.9215,4.859340
_17232_,VDD,Metal1,474.5900,439.0015,4.861023
_17231_,VDD,Metal1,254.6125,560.0510,4.881777
_17230_,VDD,Metal1,480.1900,600.2815,4.891741
_17229_,VDD,Metal1,383.9930,589.0330,4.888555
_17228_,VDD,Metal1,388.3500,600.2815,4.890442
_17227_,VDD,Metal1,384.5965,578.9530,4.886698
_17226_,VDD,Metal1,383.5830,559.9950,4.882853
_17225_,VDD,Metal1,383.1200,539.9265,4.878379
_17224_,VDD,Metal1,390.8630,528.6450,4.876900
_17223_,VDD,Metal1,377.1500,528.6780,4.876839
_17222_,VDD,Metal1,384.2400,508.3930,4.873053
_17221_,VDD,Metal1,387.8475,499.3850,4.870643
_17220_,VDD,Metal1,386.4400,266.7160,4.838810
_17219_,VDD,Metal1,384.7600,236.4760,4.836132
_17218_,VDD,Metal1,377.1500,226.2780,4.835271
_17217_,VDD,Metal1,379.3900,227.3215,4.835287
_17216_,VDD,Metal1,387.1330,207.3950,4.833869
_17215_,VDD,Metal1,383.0800,256.6360,4.837839
_17214_,VDD,Metal1,402.9100,256.5180,4.837853
_17213_,VDD,Metal1,387.1330,247.7150,4.836919
_17212_,VDD,Metal1,391.4800,256.6360,4.837848
_17211_,VDD,Metal1,392.8300,277.7215,4.839552
_17210_,VDD,Metal1,394.4130,257.7950,4.837848
_17209_,VDD,Metal1,378.5430,559.9950,4.882535
_17208_,VDD,Metal1,382.8730,600.4065,4.890439
_17207_,VDD,Metal1,377.1500,589.1580,4.888556
_17206_,VDD,Metal1,369.4765,568.8730,4.884463
_17205_,VDD,Metal1,354.8730,539.9265,4.878304
_17204_,VDD,Metal1,416.2000,539.6835,4.878561
_17203_,VDD,Metal1,449.5130,519.7665,4.875372
_17202_,VDD,Metal1,454.6450,538.7950,4.878762
_17201_,VDD,Metal1,462.9225,548.9560,4.881386
_17200_,VDD,Metal1,466.4050,528.7150,4.877533
_17199_,VDD,Metal1,485.1760,227.4055,4.835385
_17198_,VDD,Metal1,502.7130,207.2865,4.833978
_17197_,VDD,Metal1,502.0625,196.1560,4.833204
_17196_,VDD,Metal1,512.8850,216.2350,4.834716
_17195_,VDD,Metal1,508.4050,216.2350,4.834720
_17194_,VDD,Metal1,473.5930,227.4465,4.835380
_17193_,VDD,Metal1,462.8625,226.3960,4.835362
_17192_,VDD,Metal1,477.0450,216.2350,4.834720
_17191_,VDD,Metal1,472.5650,217.2050,4.834709
_17190_,VDD,Metal1,498.7930,237.5265,4.836194
_17189_,VDD,Metal1,500.3825,246.5560,4.836991
_17188_,VDD,Metal1,505.0450,237.3650,4.836121
_17187_,VDD,Metal1,493.8450,236.3950,4.836204
_17186_,VDD,Metal1,434.2700,538.7580,4.878633
_17185_,VDD,Metal1,392.9530,619.2730,4.895107
_17184_,VDD,Metal1,401.7900,630.5215,4.897081
_17183_,VDD,Metal1,396.9165,609.1930,4.892765
_17182_,VDD,Metal1,395.9030,548.8050,4.880770
_17181_,VDD,Metal1,406.6400,548.7130,4.880829
_17180_,VDD,Metal1,407.2000,519.7665,4.875145
_17179_,VDD,Metal1,411.8700,518.5980,4.875176
_17178_,VDD,Metal1,410.9165,508.3930,4.873112
_17177_,VDD,Metal1,410.0400,196.1560,4.833191
_17176_,VDD,Metal1,413.5825,166.7235,4.831138
_17175_,VDD,Metal1,398.2000,165.9160,4.831137
_17174_,VDD,Metal1,410.1900,165.7980,4.831138
_17173_,VDD,Metal1,410.0930,146.9150,4.830100
_17172_,VDD,Metal1,422.8400,165.9160,4.831149
_17171_,VDD,Metal1,424.1900,176.9215,4.831932
_17170_,VDD,Metal1,431.3730,165.5650,4.831154
_17169_,VDD,Metal1,403.0330,187.1265,4.832227
_17168_,VDD,Metal1,401.5600,196.1560,4.833190
_17167_,VDD,Metal1,395.8450,186.9650,4.832222
_17166_,VDD,Metal1,395.8450,197.0450,4.833190
_17165_,VDD,Metal1,407.1030,549.9150,4.880829
_17164_,VDD,Metal1,294.9530,590.3265,4.888044
_17163_,VDD,Metal1,298.7500,609.3180,4.892182
_17162_,VDD,Metal1,301.1565,590.3265,4.888106
_17161_,VDD,Metal1,295.9465,538.6330,4.878181
_17160_,VDD,Metal1,305.0765,538.6330,4.878222
_17159_,VDD,Metal1,291.0025,528.7960,4.876517
_17158_,VDD,Metal1,292.2450,519.6050,4.874623
_17157_,VDD,Metal1,284.9165,509.6865,4.872714
_17156_,VDD,Metal1,279.0000,186.8835,4.832170
_17155_,VDD,Metal1,218.7025,175.9960,4.831717
_17154_,VDD,Metal1,277.5930,177.0465,4.831786
_17153_,VDD,Metal1,285.0800,186.8835,4.832170
_17152_,VDD,Metal1,296.7250,176.8850,4.831802
_17151_,VDD,Metal1,292.2450,176.8850,4.831792
_17150_,VDD,Metal1,217.8800,165.9160,4.831209
_17149_,VDD,Metal1,213.6300,166.8415,4.831212
_17148_,VDD,Metal1,218.0130,155.4850,4.830574
_17147_,VDD,Metal1,221.2400,176.8035,4.831718
_17146_,VDD,Metal1,217.5500,166.8415,4.831209
_17145_,VDD,Metal1,232.5730,167.0750,4.831197
_17144_,VDD,Metal1,299.8700,529.7215,4.876592
_17143_,VDD,Metal1,293.8330,620.5665,4.894108
_17142_,VDD,Metal1,299.3100,620.4415,4.894109
_17141_,VDD,Metal1,278.1965,620.5665,4.894005
_17140_,VDD,Metal1,285.4330,529.8465,4.876515
_17139_,VDD,Metal1,333.3200,528.7960,4.876773
_17138_,VDD,Metal1,343.6730,519.7665,4.874866
_17137_,VDD,Metal1,337.0450,528.7150,4.876773
_17136_,VDD,Metal1,345.8825,518.7160,4.874866
_17135_,VDD,Metal1,352.1650,499.4450,4.870411
_17134_,VDD,Metal1,368.1360,195.9540,4.833194
_17133_,VDD,Metal1,324.6330,187.1265,4.832166
_17132_,VDD,Metal1,318.3825,196.1560,4.833180
_17131_,VDD,Metal1,316.3250,166.8050,4.831174
_17130_,VDD,Metal1,329.7650,176.8850,4.831931
_17129_,VDD,Metal1,355.9930,187.1265,4.832179
_17128_,VDD,Metal1,336.8625,196.9635,4.833208
_17127_,VDD,Metal1,362.2450,186.9650,4.832179
_17126_,VDD,Metal1,361.6850,197.0450,4.833196
_17125_,VDD,Metal1,347.5930,166.9665,4.831142
_17124_,VDD,Metal1,336.3025,155.8360,4.830676
_17123_,VDD,Metal1,362.2450,165.8350,4.831141
_17122_,VDD,Metal1,354.4050,175.9150,4.831920
_17121_,VDD,Metal1,350.2700,518.5980,4.874901
_17120_,VDD,Metal1,285.9930,600.4065,4.890028
_17119_,VDD,Metal1,303.7900,599.2380,4.890028
_17118_,VDD,Metal1,278.1965,590.3265,4.888040
_17117_,VDD,Metal1,286.9865,568.8730,4.883995
_17116_,VDD,Metal1,304.5165,568.8730,4.884231
_17115_,VDD,Metal1,286.5225,559.8435,4.881995
_17114_,VDD,Metal1,287.0825,559.0360,4.881995
_17113_,VDD,Metal1,269.8450,549.8450,4.880284
_17112_,VDD,Metal1,253.1030,236.3250,4.835988
_17111_,VDD,Metal1,260.7930,227.4465,4.835076
_17110_,VDD,Metal1,257.0800,226.3960,4.835072
_17109_,VDD,Metal1,264.8050,226.3150,4.835078
_17108_,VDD,Metal1,264.2450,217.2050,4.834470
_17107_,VDD,Metal1,229.4330,217.3665,4.834443
_17106_,VDD,Metal1,217.8800,206.2360,4.833598
_17105_,VDD,Metal1,233.4450,206.1550,4.833598
_17104_,VDD,Metal1,223.3650,217.2050,4.834442
_17103_,VDD,Metal1,240.0730,236.2330,4.835948
_17102_,VDD,Metal1,226.2800,236.4760,4.835942
_17101_,VDD,Metal1,239.0450,247.4450,4.836796
_17100_,VDD,Metal1,245.2050,236.3950,4.835982
_17099_,VDD,Metal1,293.7100,570.0415,4.884055
_17098_,VDD,Metal1,336.3930,600.4065,4.890226
_17097_,VDD,Metal1,344.6700,599.2380,4.890303
_17096_,VDD,Metal1,336.9965,578.9530,4.886484
_17095_,VDD,Metal1,333.7430,548.8050,4.880469
_17094_,VDD,Metal1,327.1200,539.9265,4.878231
_17093_,VDD,Metal1,323.3900,528.6780,4.876699
_17092_,VDD,Metal1,317.3965,518.4730,4.874746
_17091_,VDD,Metal1,308.6400,508.3930,4.872872
_17090_,VDD,Metal1,306.5900,489.4015,4.869228
_17089_,VDD,Metal1,271.6400,337.2760,4.846248
_17088_,VDD,Metal1,246.2330,348.4065,4.847555
_17087_,VDD,Metal1,227.6625,338.0835,4.846136
_17086_,VDD,Metal1,251.3650,348.2450,4.847555
_17085_,VDD,Metal1,253.0450,338.1650,4.846206
_17084_,VDD,Metal1,223.5600,328.0035,4.845015
_17083_,VDD,Metal1,215.9025,328.0035,4.845005
_17082_,VDD,Metal1,220.3500,337.1580,4.846124
_17081_,VDD,Metal1,218.0130,326.8450,4.845005
_17080_,VDD,Metal1,274.2330,326.9530,4.845087
_17079_,VDD,Metal1,267.4225,327.1960,4.845087
_17078_,VDD,Metal1,283.8450,318.0050,4.843522
_17077_,VDD,Metal1,274.3250,318.0050,4.843522
_17076_,VDD,Metal1,328.7030,548.8050,4.880467
_17075_,VDD,Metal1,298.1100,669.7085,4.903460
_17074_,VDD,Metal1,784.1730,227.5550,4.835168
_17073_,VDD,Metal1,896.1730,177.1550,4.831521
_17072_,VDD,Metal1,738.8130,308.1950,4.843281
_17071_,VDD,Metal1,722.5730,145.4050,4.830016
_17070_,VDD,Metal1,641.3730,145.4050,4.830126
_17069_,VDD,Metal1,637.4530,306.6850,4.843389
_17068_,VDD,Metal1,627.9330,267.8750,4.838908
_17067_,VDD,Metal1,569.1330,155.4850,4.830518
_17066_,VDD,Metal1,501.9330,447.8050,4.862847
_17065_,VDD,Metal1,413.4530,266.3650,4.838817
_17064_,VDD,Metal1,521.5330,197.3150,4.833203
_17063_,VDD,Metal1,410.0930,136.8350,4.829432
_17062_,VDD,Metal1,218.0130,145.4050,4.830123
_17061_,VDD,Metal1,352.9730,146.9150,4.830122
_17060_,VDD,Metal1,227.5330,215.9650,4.834443
_17059_,VDD,Metal1,216.8930,308.1950,4.842574
_17058_,VDD,Metal1,786.4130,247.7150,4.837120
_17057_,VDD,Metal1,788.0930,256.2850,4.838097
_17056_,VDD,Metal1,882.1730,175.6450,4.831535
_17055_,VDD,Metal1,883.8530,165.5650,4.830684
_17054_,VDD,Metal1,725.9330,326.8450,4.845704
_17053_,VDD,Metal1,727.6130,336.9250,4.846768
_17052_,VDD,Metal1,728.7330,126.7550,4.828956
_17051_,VDD,Metal1,737.1330,135.3250,4.829216
_17050_,VDD,Metal1,653.6930,126.7550,4.829035
_17049_,VDD,Metal1,659.8530,135.3250,4.829407
_17048_,VDD,Metal1,624.5730,277.9550,4.840104
_17047_,VDD,Metal1,629.6130,286.5250,4.841116
_17046_,VDD,Metal1,604.9730,276.4450,4.840050
_17045_,VDD,Metal1,608.8930,286.5250,4.841098
_17044_,VDD,Metal1,560.7330,155.4850,4.830519
_17043_,VDD,Metal1,577.5330,146.9150,4.830113
_17042_,VDD,Metal1,492.4130,457.8850,4.864617
_17041_,VDD,Metal1,508.6530,449.3150,4.862858
_17040_,VDD,Metal1,405.0530,277.9550,4.839596
_17039_,VDD,Metal1,411.2130,267.8750,4.838817
_17038_,VDD,Metal1,510.3330,207.3950,4.833979
_17037_,VDD,Metal1,520.9730,205.8850,4.833971
_17036_,VDD,Metal1,396.0930,145.4050,4.830103
_17035_,VDD,Metal1,406.7330,126.7550,4.829147
_17034_,VDD,Metal1,198.4130,146.9150,4.830125
_17033_,VDD,Metal1,211.8530,126.7550,4.829018
_17032_,VDD,Metal1,355.2130,167.0750,4.831142
_17031_,VDD,Metal1,368.6530,155.4850,4.830655
_17030_,VDD,Metal1,198.4130,197.3150,4.832979
_17029_,VDD,Metal1,207.9330,207.3950,4.833602
_17028_,VDD,Metal1,207.9330,308.1950,4.842521
_17027_,VDD,Metal1,201.2130,316.7650,4.843619
_17026_,VDD,Metal1,764.0130,257.7950,4.838073
_17025_,VDD,Metal1,764.5730,246.2050,4.837109
_17024_,VDD,Metal1,845.2130,165.5650,4.830716
_17023_,VDD,Metal1,854.7330,165.5650,4.830715
_17022_,VDD,Metal1,704.6530,276.4450,4.839991
_17021_,VDD,Metal1,705.2130,286.5250,4.841041
_17020_,VDD,Metal1,700.7330,145.4050,4.830023
_17019_,VDD,Metal1,691.2130,146.9150,4.830055
_17018_,VDD,Metal1,678.3330,146.9150,4.830071
_17017_,VDD,Metal1,668.8130,146.9150,4.830072
_17016_,VDD,Metal1,620.0930,296.6050,4.842159
_17015_,VDD,Metal1,621.2130,286.5250,4.841115
_17014_,VDD,Metal1,580.8930,227.5550,4.835336
_17013_,VDD,Metal1,582.5730,226.0450,4.835336
_17012_,VDD,Metal1,533.2930,156.9950,4.830609
_17011_,VDD,Metal1,541.1330,165.5650,4.831213
_17010_,VDD,Metal1,519.8530,457.8850,4.864634
_17009_,VDD,Metal1,531.0530,447.8050,4.862867
_17008_,VDD,Metal1,371.4530,257.7950,4.837829
_17007_,VDD,Metal1,374.2530,266.3650,4.838807
_17006_,VDD,Metal1,490.7330,195.8050,4.833261
_17005_,VDD,Metal1,492.4130,185.7250,4.832440
_17004_,VDD,Metal1,385.4530,155.4850,4.830674
_17003_,VDD,Metal1,393.8530,146.9150,4.830103
_17002_,VDD,Metal1,197.8530,155.4850,4.830564
_17001_,VDD,Metal1,205.1330,155.4850,4.830567
_17000_,VDD,Metal1,324.4130,155.4850,4.830709
_16999_,VDD,Metal1,325.5330,146.9150,4.830173
_16998_,VDD,Metal1,198.4130,217.4750,4.834433
_16997_,VDD,Metal1,209.6130,215.9650,4.834432
_16996_,VDD,Metal1,193.9330,336.9250,4.846089
_16995_,VDD,Metal1,202.3330,336.9250,4.846089
_16994_,VDD,Metal1,776.3330,256.2850,4.838076
_16993_,VDD,Metal1,772.4130,257.7950,4.838076
_16992_,VDD,Metal1,882.7330,156.9950,4.830301
_16991_,VDD,Metal1,875.4530,165.5650,4.830684
_16990_,VDD,Metal1,688.4130,306.6850,4.843274
_16989_,VDD,Metal1,694.5730,298.1150,4.842106
_16988_,VDD,Metal1,709.1330,145.4050,4.830023
_16987_,VDD,Metal1,705.2130,136.8350,4.829280
_16986_,VDD,Metal1,643.6130,126.7550,4.829070
_16985_,VDD,Metal1,644.1730,146.9150,4.830125
_16984_,VDD,Metal1,627.3730,318.2750,4.844351
_16983_,VDD,Metal1,627.9330,308.1950,4.843382
_16982_,VDD,Metal1,571.9330,247.7150,4.837018
_16981_,VDD,Metal1,570.8130,236.1250,4.836129
_16980_,VDD,Metal1,532.1730,177.1550,4.831954
_16979_,VDD,Metal1,533.2930,167.0750,4.831213
_16978_,VDD,Metal1,482.3330,449.3150,4.862846
_16977_,VDD,Metal1,472.8130,449.3150,4.862801
_16976_,VDD,Metal1,384.3330,286.5250,4.840834
_16975_,VDD,Metal1,374.8130,286.5250,4.840834
_16974_,VDD,Metal1,503.6130,187.2350,4.832431
_16973_,VDD,Metal1,512.0130,187.2350,4.832431
_16972_,VDD,Metal1,387.6930,145.4050,4.830106
_16971_,VDD,Metal1,394.4130,126.7550,4.829146
_16970_,VDD,Metal1,198.4130,136.8350,4.829489
_16969_,VDD,Metal1,209.6130,146.9150,4.830125
_16968_,VDD,Metal1,335.6130,145.4050,4.830156
_16967_,VDD,Metal1,345.1330,145.4050,4.830135
_16966_,VDD,Metal1,209.0530,205.8850,4.833602
_16965_,VDD,Metal1,207.9330,217.4750,4.834432
_16964_,VDD,Metal1,207.9330,328.3550,4.844983
_16963_,VDD,Metal1,207.9330,326.8450,4.844983
_16962_,VDD,Metal1,784.7330,156.9950,4.830550
_16961_,VDD,Metal1,783.3165,155.5930,4.830550
_16960_,VDD,Metal1,823.9330,195.8050,4.832869
_16959_,VDD,Metal1,801.7965,187.1265,4.831913
_16958_,VDD,Metal1,700.1730,288.0350,4.841043
_16957_,VDD,Metal1,698.1965,286.6330,4.841043
_16956_,VDD,Metal1,760.0930,145.4050,4.830010
_16955_,VDD,Metal1,761.7730,155.4850,4.830548
_16954_,VDD,Metal1,641.9330,185.7250,4.832418
_16953_,VDD,Metal1,648.3565,197.2065,4.833191
_16952_,VDD,Metal1,658.7330,336.9250,4.846678
_16951_,VDD,Metal1,655.6365,348.4065,4.848230
_16950_,VDD,Metal1,617.2930,267.8750,4.838875
_16949_,VDD,Metal1,619.5330,266.3650,4.838875
_16948_,VDD,Metal1,600.4930,146.9150,4.830117
_16947_,VDD,Metal1,600.4930,155.4850,4.830474
_16946_,VDD,Metal1,467.7730,429.1550,4.859336
_16945_,VDD,Metal1,453.2130,437.7250,4.860976
_16944_,VDD,Metal1,443.1330,237.6350,4.836158
_16943_,VDD,Metal1,445.0765,236.2330,4.836158
_16942_,VDD,Metal1,512.0130,247.7150,4.836995
_16941_,VDD,Metal1,521.5330,247.7150,4.836995
_16940_,VDD,Metal1,434.7330,155.4850,4.830701
_16939_,VDD,Metal1,443.1330,146.9150,4.830109
_16938_,VDD,Metal1,273.4530,156.9950,4.830631
_16937_,VDD,Metal1,286.3330,156.9950,4.830645
_16936_,VDD,Metal1,307.6130,165.5650,4.831173
_16935_,VDD,Metal1,314.8930,146.9150,4.830173
_16934_,VDD,Metal1,268.9730,246.2050,4.836826
_16933_,VDD,Metal1,274.6700,247.4815,4.836852
_16932_,VDD,Metal1,278.5900,247.4815,4.836857
_16931_,VDD,Metal1,273.4530,338.4350,4.846248
_16930_,VDD,Metal1,284.9165,337.0330,4.846282
_16929_,VDD,Metal1,280.2700,337.1580,4.846272
_16928_,VDD,Metal1,785.8530,177.1550,4.831747
_16927_,VDD,Metal1,786.4130,187.2350,4.832028
_16926_,VDD,Metal1,863.1330,165.5650,4.830694
_16925_,VDD,Metal1,860.3330,156.9950,4.830383
_16924_,VDD,Metal1,727.6130,286.5250,4.841009
_16923_,VDD,Metal1,727.6130,296.6050,4.842103
_16922_,VDD,Metal1,747.2130,135.3250,4.829216
_16921_,VDD,Metal1,756.7330,135.3250,4.829187
_16920_,VDD,Metal1,625.6930,136.8350,4.829439
_16919_,VDD,Metal1,629.0530,146.9150,4.830135
_16918_,VDD,Metal1,668.8130,298.1150,4.842142
_16917_,VDD,Metal1,668.8130,308.1950,4.843288
_16916_,VDD,Metal1,607.2130,237.6350,4.836167
_16915_,VDD,Metal1,619.5330,246.2050,4.837124
_16914_,VDD,Metal1,588.7330,146.9150,4.830117
_16913_,VDD,Metal1,608.8930,146.9150,4.830123
_16912_,VDD,Metal1,512.0130,439.2350,4.861090
_16911_,VDD,Metal1,524.8930,429.1550,4.859408
_16910_,VDD,Metal1,365.8530,236.1250,4.836133
_16909_,VDD,Metal1,372.5730,237.6350,4.836131
_16908_,VDD,Metal1,482.3330,247.7150,4.836990
_16907_,VDD,Metal1,484.5730,237.6350,4.836214
_16906_,VDD,Metal1,433.0530,136.8350,4.829402
_16905_,VDD,Metal1,444.2530,145.4050,4.830109
_16904_,VDD,Metal1,237.0530,135.3250,4.829457
_16903_,VDD,Metal1,247.1330,136.8350,4.829452
_16902_,VDD,Metal1,306.4930,146.9150,4.830169
_16901_,VDD,Metal1,316.0130,165.5650,4.831174
_16900_,VDD,Metal1,236.4930,237.6350,4.835948
_16899_,VDD,Metal1,244.3330,246.2050,4.836807
_16898_,VDD,Metal1,237.6130,338.4350,4.846189
_16897_,VDD,Metal1,247.1330,338.4350,4.846200
_16896_,VDD,Metal1,761.2130,236.1250,4.836179
_16895_,VDD,Metal1,750.0130,246.2050,4.837092
_16894_,VDD,Metal1,863.1330,205.8850,4.833681
_16893_,VDD,Metal1,868.1730,215.9650,4.834326
_16892_,VDD,Metal1,698.4930,318.2750,4.844249
_16891_,VDD,Metal1,699.0530,306.6850,4.843274
_16890_,VDD,Metal1,762.3330,165.5650,4.831071
_16889_,VDD,Metal1,764.0130,175.6450,4.831776
_16888_,VDD,Metal1,621.2130,165.5650,4.831255
_16887_,VDD,Metal1,623.4530,156.9950,4.830501
_16886_,VDD,Metal1,639.1330,328.3550,4.845684
_16885_,VDD,Metal1,639.1330,318.2750,4.844375
_16884_,VDD,Metal1,570.8130,266.3650,4.838856
_16883_,VDD,Metal1,588.7330,266.3650,4.838855
_16882_,VDD,Metal1,590.4130,177.1550,4.831920
_16881_,VDD,Metal1,599.9330,177.1550,4.831920
_16880_,VDD,Metal1,453.2130,447.8050,4.862730
_16879_,VDD,Metal1,466.6530,439.2350,4.860982
_16878_,VDD,Metal1,421.2930,247.7150,4.836934
_16877_,VDD,Metal1,425.2130,256.2850,4.837873
_16876_,VDD,Metal1,492.4130,256.2850,4.837974
_16875_,VDD,Metal1,501.9330,256.2850,4.837974
_16874_,VDD,Metal1,433.6130,167.0750,4.831154
_16873_,VDD,Metal1,443.1330,177.1550,4.831934
_16872_,VDD,Metal1,190.0130,177.1550,4.831712
_16871_,VDD,Metal1,198.4130,177.1550,4.831711
_16870_,VDD,Metal1,311.5330,195.8050,4.833167
_16869_,VDD,Metal1,316.0130,177.1550,4.831858
_16868_,VDD,Metal1,198.4130,237.6350,4.835942
_16867_,VDD,Metal1,208.4930,227.5550,4.835056
_16866_,VDD,Metal1,216.3330,348.5150,4.847551
_16865_,VDD,Metal1,207.9330,338.4350,4.846093
_16864_,VDD,Metal1,747.2130,237.6350,4.836175
_16863_,VDD,Metal1,747.2130,227.5550,4.835144
_16862_,VDD,Metal1,880.4930,195.8050,4.832735
_16861_,VDD,Metal1,881.6130,187.2350,4.831921
_16860_,VDD,Metal1,706.8930,328.3550,4.845641
_16859_,VDD,Metal1,708.0130,326.8450,4.845641
_16858_,VDD,Metal1,756.7330,177.1550,4.831781
_16857_,VDD,Metal1,755.6130,185.7250,4.832109
_16856_,VDD,Metal1,622.3330,185.7250,4.832411
_16855_,VDD,Metal1,625.1330,177.1550,4.831927
_16854_,VDD,Metal1,668.8130,326.8450,4.845650
_16853_,VDD,Metal1,671.0530,336.9250,4.846686
_16852_,VDD,Metal1,580.3330,266.3650,4.838856
_16851_,VDD,Metal1,580.3330,276.4450,4.839858
_16850_,VDD,Metal1,589.8530,185.7250,4.832398
_16849_,VDD,Metal1,591.5330,195.8050,4.833202
_16848_,VDD,Metal1,462.7330,427.6450,4.859326
_16847_,VDD,Metal1,462.7330,437.7250,4.860982
_16846_,VDD,Metal1,364.7330,247.7150,4.836917
_16845_,VDD,Metal1,373.1330,247.7150,4.836917
_16844_,VDD,Metal1,484.0130,256.2850,4.837977
_16843_,VDD,Metal1,510.3330,256.2850,4.837969
_16842_,VDD,Metal1,433.0530,187.2350,4.832297
_16841_,VDD,Metal1,433.6130,177.1550,4.831934
_16840_,VDD,Metal1,207.9330,187.2350,4.832327
_16839_,VDD,Metal1,208.4930,177.1550,4.831711
_16838_,VDD,Metal1,316.0130,207.3950,4.833885
_16837_,VDD,Metal1,325.5330,207.3950,4.833886
_16836_,VDD,Metal1,217.4530,237.6350,4.835942
_16835_,VDD,Metal1,209.0530,237.6350,4.835942
_16834_,VDD,Metal1,198.4130,348.5150,4.847540
_16833_,VDD,Metal1,207.9330,348.5150,4.847540
_16832_,VDD,Metal1,774.7825,196.9635,4.833000
_16831_,VDD,Metal1,767.7465,196.1780,4.833016
_16830_,VDD,Metal1,775.8700,185.9580,4.832029
_16829_,VDD,Metal1,770.2700,197.0815,4.833015
_16828_,VDD,Metal1,806.0130,185.7250,4.831907
_16827_,VDD,Metal1,800.5100,176.9215,4.831700
_16826_,VDD,Metal1,799.9500,185.9580,4.831915
_16825_,VDD,Metal1,804.4300,176.9215,4.831700
_16824_,VDD,Metal1,705.2130,257.7950,4.838054
_16823_,VDD,Metal1,690.7500,276.6780,4.840055
_16822_,VDD,Metal1,698.5900,276.6780,4.839991
_16821_,VDD,Metal1,710.9100,276.6780,4.839991
_16820_,VDD,Metal1,715.2930,185.7250,4.832265
_16819_,VDD,Metal1,702.9730,175.6450,4.831851
_16818_,VDD,Metal1,661.5330,187.2350,4.832354
_16817_,VDD,Metal1,654.3500,187.0015,4.832388
_16816_,VDD,Metal1,642.5900,196.0380,4.833206
_16815_,VDD,Metal1,653.2300,197.0815,4.833182
_16814_,VDD,Metal1,668.8130,338.4350,4.846686
_16813_,VDD,Metal1,665.5500,348.2815,4.848228
_16812_,VDD,Metal1,660.5100,357.3180,4.849375
_16811_,VDD,Metal1,661.6300,348.2815,4.848228
_16810_,VDD,Metal1,602.1730,205.8850,4.833922
_16809_,VDD,Metal1,606.6530,215.9650,4.834697
_16808_,VDD,Metal1,548.4130,226.0450,4.835347
_16807_,VDD,Metal1,550.6530,236.1250,4.836120
_16806_,VDD,Metal1,531.0530,419.0750,4.857984
_16805_,VDD,Metal1,545.0530,429.1550,4.859556
_16804_,VDD,Metal1,433.6130,227.5550,4.835328
_16803_,VDD,Metal1,436.5100,236.3580,4.836155
_16802_,VDD,Metal1,435.9500,237.4015,4.836155
_16801_,VDD,Metal1,440.4300,236.3580,4.836158
_16800_,VDD,Metal1,466.6530,195.8050,4.833239
_16799_,VDD,Metal1,468.3330,187.2350,4.832410
_16798_,VDD,Metal1,386.5730,175.6450,4.831910
_16797_,VDD,Metal1,394.4130,195.8050,4.833190
_16796_,VDD,Metal1,284.0930,165.5650,4.831171
_16795_,VDD,Metal1,289.6930,167.0750,4.831171
_16794_,VDD,Metal1,355.2130,177.1550,4.831920
_16793_,VDD,Metal1,364.7330,177.1550,4.831916
_16792_,VDD,Metal1,276.8130,237.6350,4.835993
_16791_,VDD,Metal1,284.1900,237.4015,4.836005
_16790_,VDD,Metal1,278.5900,246.4380,4.836857
_16789_,VDD,Metal1,283.0700,246.4380,4.836863
_16788_,VDD,Metal1,286.3330,308.1950,4.842703
_16787_,VDD,Metal1,295.8530,316.7650,4.843536
_16786_,VDD,Metal1,744.9730,195.8050,4.833034
_16785_,VDD,Metal1,748.3330,205.8850,4.833841
_16784_,VDD,Metal1,806.0130,195.8050,4.832878
_16783_,VDD,Metal1,815.5330,195.8050,4.832878
_16782_,VDD,Metal1,741.6130,267.8750,4.838996
_16781_,VDD,Metal1,745.5330,266.3650,4.838996
_16780_,VDD,Metal1,702.4130,195.8050,4.833113
_16779_,VDD,Metal1,705.2130,177.1550,4.831851
_16778_,VDD,Metal1,668.8130,177.1550,4.831877
_16777_,VDD,Metal1,678.3330,187.2350,4.832351
_16776_,VDD,Metal1,660.4130,266.3650,4.838956
_16775_,VDD,Metal1,662.6530,257.7950,4.838053
_16774_,VDD,Metal1,620.0930,195.8050,4.833212
_16773_,VDD,Metal1,627.9330,205.8850,4.833924
_16772_,VDD,Metal1,560.7330,187.2350,4.832403
_16771_,VDD,Metal1,569.6930,195.8050,4.833196
_16770_,VDD,Metal1,527.6930,408.9950,4.856541
_16769_,VDD,Metal1,542.2530,407.4850,4.856541
_16768_,VDD,Metal1,391.0530,215.9650,4.834617
_16767_,VDD,Metal1,406.7330,217.4750,4.834623
_16766_,VDD,Metal1,462.7330,215.9650,4.834708
_16765_,VDD,Metal1,471.1330,215.9650,4.834709
_16764_,VDD,Metal1,386.0130,195.8050,4.833191
_16763_,VDD,Metal1,396.6530,185.7250,4.832222
_16762_,VDD,Metal1,286.3330,177.1550,4.831786
_16761_,VDD,Metal1,294.7330,185.7250,4.832168
_16760_,VDD,Metal1,352.9730,197.3150,4.833196
_16759_,VDD,Metal1,364.1730,205.8850,4.833873
_16758_,VDD,Metal1,276.8130,217.4750,4.834498
_16757_,VDD,Metal1,287.4530,207.3950,4.833846
_16756_,VDD,Metal1,283.5330,326.8450,4.845158
_16755_,VDD,Metal1,290.5165,318.1665,4.843523
_16754_,VDD,Metal1,289.7900,327.0780,4.845172
_16753_,VDD,Metal1,721.4530,217.4750,4.834581
_16752_,VDD,Metal1,716.1165,227.4465,4.835129
_16751_,VDD,Metal1,708.7930,236.2330,4.836232
_16750_,VDD,Metal1,710.2000,237.2835,4.836232
_16749_,VDD,Metal1,712.0300,226.2780,4.835128
_16748_,VDD,Metal1,689.7965,226.1530,4.835166
_16747_,VDD,Metal1,696.0630,216.1650,4.834623
_16746_,VDD,Metal1,690.3130,227.4465,4.835166
_16745_,VDD,Metal1,687.4225,237.2835,4.836266
_16744_,VDD,Metal1,688.4700,236.3950,4.836266
_16743_,VDD,Metal1,684.0875,236.4550,4.836271
_16742_,VDD,Metal1,639.6930,266.3650,4.838962
_16741_,VDD,Metal1,629.4800,276.7960,4.840112
_16740_,VDD,Metal1,640.0050,276.7150,4.840123
_16739_,VDD,Metal1,635.5250,276.7150,4.840131
_16738_,VDD,Metal1,687.5565,216.0730,4.834623
_16737_,VDD,Metal1,682.0630,217.2750,4.834627
_16736_,VDD,Metal1,683.5930,227.4465,4.835239
_16735_,VDD,Metal1,681.2625,237.2835,4.836277
_16734_,VDD,Metal1,683.4300,226.3150,4.835239
_16733_,VDD,Metal1,677.9275,227.2250,4.835248
_16732_,VDD,Metal1,657.8330,216.0730,4.834642
_16731_,VDD,Metal1,657.3650,236.3950,4.836286
_16730_,VDD,Metal1,658.9225,226.3960,4.835280
_16729_,VDD,Metal1,649.8300,226.3150,4.835281
_16728_,VDD,Metal1,660.2230,227.3550,4.835279
_16727_,VDD,Metal1,644.3930,256.3930,4.838055
_16726_,VDD,Metal1,637.2050,247.4450,4.837133
_16725_,VDD,Metal1,643.2425,246.5560,4.837123
_16724_,VDD,Metal1,637.5100,256.5550,4.838060
_16723_,VDD,Metal1,647.9030,246.4050,4.837123
_16722_,VDD,Metal1,622.5530,217.3665,4.834710
_16721_,VDD,Metal1,618.7250,236.3950,4.836232
_16720_,VDD,Metal1,624.2025,227.2035,4.835333
_16719_,VDD,Metal1,623.5100,236.3950,4.836246
_16718_,VDD,Metal1,617.1030,227.3550,4.835333
_16717_,VDD,Metal1,564.8730,216.0730,4.834695
_16716_,VDD,Metal1,563.8450,226.3150,4.835344
_16715_,VDD,Metal1,571.0025,226.3960,4.835341
_16714_,VDD,Metal1,571.4300,216.2350,4.834694
_16713_,VDD,Metal1,563.3430,227.3550,4.835344
_16712_,VDD,Metal1,540.2330,387.4330,4.853482
_16711_,VDD,Metal1,543.1250,398.6450,4.854902
_16710_,VDD,Metal1,542.4425,397.7560,4.854901
_16709_,VDD,Metal1,541.7500,378.4850,4.852083
_16708_,VDD,Metal1,528.6230,388.6350,4.853473
_16707_,VDD,Metal1,399.4530,215.9650,4.834620
_16706_,VDD,Metal1,402.6800,227.2035,4.835292
_16705_,VDD,Metal1,408.7250,236.3950,4.836136
_16704_,VDD,Metal1,405.3650,226.3150,4.835297
_16703_,VDD,Metal1,453.9930,236.2330,4.836162
_16702_,VDD,Metal1,460.8630,236.3250,4.836169
_16701_,VDD,Metal1,453.9625,226.3960,4.835362
_16700_,VDD,Metal1,447.1100,217.2050,4.834685
_16699_,VDD,Metal1,454.6450,237.3650,4.836162
_16698_,VDD,Metal1,422.0730,217.3665,4.834646
_16697_,VDD,Metal1,428.8850,216.2350,4.834651
_16696_,VDD,Metal1,416.2000,216.3160,4.834629
_16695_,VDD,Metal1,423.7530,216.0730,4.834646
_16694_,VDD,Metal1,416.0630,217.2750,4.834629
_16693_,VDD,Metal1,314.3330,226.0450,4.835222
_16692_,VDD,Metal1,312.5200,227.2035,4.835222
_16691_,VDD,Metal1,316.3250,236.3950,4.836098
_16690_,VDD,Metal1,323.0450,227.2850,4.835235
_16689_,VDD,Metal1,345.1330,226.0450,4.835242
_16688_,VDD,Metal1,336.0800,226.1530,4.835236
_16687_,VDD,Metal1,345.7900,236.3580,4.836144
_16686_,VDD,Metal1,336.8660,236.1865,4.836151
_16685_,VDD,Metal1,305.9330,226.0450,4.835189
_16684_,VDD,Metal1,305.8000,236.4760,4.836065
_16683_,VDD,Metal1,311.8450,236.3950,4.836088
_16682_,VDD,Metal1,304.5650,237.3650,4.836065
_16681_,VDD,Metal1,310.6330,308.0865,4.842764
_16680_,VDD,Metal1,320.2450,317.0350,4.843810
_16679_,VDD,Metal1,308.3625,317.9235,4.843588
_16678_,VDD,Metal1,313.1600,317.9235,4.843588
_16677_,VDD,Metal1,316.9430,327.0450,4.845189
_16676_,VDD,Metal1,737.1330,205.8850,4.833842
_16675_,VDD,Metal1,728.3930,216.0730,4.834577
_16674_,VDD,Metal1,723.0800,216.3160,4.834581
_16673_,VDD,Metal1,727.6700,217.2050,4.834577
_16672_,VDD,Metal1,698.7565,246.3130,4.837100
_16671_,VDD,Metal1,724.9100,207.1615,4.833845
_16670_,VDD,Metal1,814.4130,207.3950,4.833812
_16669_,VDD,Metal1,803.4330,216.0730,4.834410
_16668_,VDD,Metal1,801.4800,207.0435,4.833849
_16667_,VDD,Metal1,796.5500,216.2350,4.834436
_16666_,VDD,Metal1,639.6250,237.5155,4.836299
_16665_,VDD,Metal1,680.6700,247.4815,4.837105
_16664_,VDD,Metal1,801.0700,217.2415,4.834410
_16663_,VDD,Metal1,702.4130,256.2850,4.838054
_16662_,VDD,Metal1,696.4730,257.6865,4.838053
_16661_,VDD,Metal1,695.7900,256.5180,4.838053
_16660_,VDD,Metal1,690.6000,266.7160,4.838957
_16659_,VDD,Metal1,633.5400,266.6350,4.838934
_16658_,VDD,Metal1,628.7565,337.0330,4.846729
_16657_,VDD,Metal1,689.5900,257.5250,4.838052
_16656_,VDD,Metal1,708.0130,197.3150,4.833109
_16655_,VDD,Metal1,704.3130,207.2865,4.833855
_16654_,VDD,Metal1,710.7600,216.3160,4.834598
_16653_,VDD,Metal1,703.5900,216.2350,4.834613
_16652_,VDD,Metal1,689.7965,246.3130,4.837100
_16651_,VDD,Metal1,676.7500,237.4015,4.836277
_16650_,VDD,Metal1,698.0300,206.1180,4.833861
_16649_,VDD,Metal1,666.5730,205.8850,4.833903
_16648_,VDD,Metal1,664.5530,216.0730,4.834642
_16647_,VDD,Metal1,664.8400,226.3960,4.835260
_16646_,VDD,Metal1,649.8300,216.2350,4.834649
_16645_,VDD,Metal1,623.7165,237.5265,4.836246
_16644_,VDD,Metal1,654.3500,207.1615,4.833914
_16643_,VDD,Metal1,666.0130,247.7150,4.837105
_16642_,VDD,Metal1,659.5130,246.3130,4.837120
_16641_,VDD,Metal1,670.4400,257.4435,4.838053
_16640_,VDD,Metal1,669.4300,236.3950,4.836282
_16639_,VDD,Metal1,618.1165,407.5930,4.856685
_16638_,VDD,Metal1,659.9500,247.4815,4.837120
_16637_,VDD,Metal1,590.4130,207.3950,4.833922
_16636_,VDD,Metal1,588.9530,205.9930,4.833922
_16635_,VDD,Metal1,582.6300,207.1250,4.833922
_16634_,VDD,Metal1,589.8000,217.1235,4.834694
_16633_,VDD,Metal1,588.9965,397.5130,4.855009
_16632_,VDD,Metal1,583.7900,206.1180,4.833922
_16631_,VDD,Metal1,547.8530,237.6350,4.836120
_16630_,VDD,Metal1,544.1530,247.6065,4.837003
_16629_,VDD,Metal1,540.0700,237.3650,4.836112
_16628_,VDD,Metal1,543.8800,236.4760,4.836118
_16627_,VDD,Metal1,532.9965,237.5265,4.836106
_16626_,VDD,Metal1,549.6300,247.4815,4.837003
_16625_,VDD,Metal1,545.6130,427.6450,4.859556
_16624_,VDD,Metal1,554.7930,417.6730,4.858012
_16623_,VDD,Metal1,550.7100,408.7250,4.856545
_16622_,VDD,Metal1,540.5200,417.9160,4.857999
_16621_,VDD,Metal1,546.4365,387.4330,4.853482
_16620_,VDD,Metal1,306.8480,397.6325,4.854546
_16619_,VDD,Metal1,307.6130,387.3250,4.853059
_16618_,VDD,Metal1,548.5100,407.7180,4.856544
_16617_,VDD,Metal1,414.0130,226.0450,4.835305
_16616_,VDD,Metal1,422.6330,236.2330,4.836144
_16615_,VDD,Metal1,416.3500,236.3580,4.836136
_16614_,VDD,Metal1,429.6400,236.4760,4.836147
_16613_,VDD,Metal1,405.0600,236.3950,4.836136
_16612_,VDD,Metal1,433.6130,257.7950,4.837884
_16611_,VDD,Metal1,353.5330,257.7950,4.837827
_16610_,VDD,Metal1,421.3500,237.3650,4.836144
_16609_,VDD,Metal1,468.3330,256.2850,4.837946
_16608_,VDD,Metal1,467.4330,257.6865,4.837946
_16607_,VDD,Metal1,474.5500,256.5550,4.837966
_16606_,VDD,Metal1,462.1200,256.6360,4.837933
_16605_,VDD,Metal1,453.2130,246.2050,4.836944
_16604_,VDD,Metal1,355.2130,247.7150,4.836917
_16603_,VDD,Metal1,462.2700,257.5615,4.837933
_16602_,VDD,Metal1,424.6530,195.8050,4.833192
_16601_,VDD,Metal1,431.5930,205.9930,4.833875
_16600_,VDD,Metal1,434.2300,207.1250,4.833875
_16599_,VDD,Metal1,435.2400,216.3160,4.834659
_16598_,VDD,Metal1,414.0130,246.2050,4.836931
_16597_,VDD,Metal1,350.7330,246.2050,4.836918
_16596_,VDD,Metal1,426.4300,206.1180,4.833874
_16595_,VDD,Metal1,288.0130,197.3150,4.833057
_16594_,VDD,Metal1,291.5930,205.9930,4.833846
_16593_,VDD,Metal1,293.6700,207.1250,4.833846
_16592_,VDD,Metal1,300.8400,207.0435,4.833855
_16591_,VDD,Metal1,318.2600,227.2850,4.835234
_16590_,VDD,Metal1,316.0130,237.6350,4.836098
_16589_,VDD,Metal1,317.6930,246.2050,4.836907
_16588_,VDD,Metal1,286.4300,206.1180,4.833845
_16587_,VDD,Metal1,345.1330,215.9650,4.834630
_16586_,VDD,Metal1,345.9130,227.4465,4.835242
_16585_,VDD,Metal1,350.2300,217.2050,4.834629
_16584_,VDD,Metal1,352.9200,226.3960,4.835244
_16583_,VDD,Metal1,331.7000,236.3950,4.836153
_16582_,VDD,Metal1,326.0930,246.2050,4.836923
_16581_,VDD,Metal1,325.5330,247.7150,4.836923
_16580_,VDD,Metal1,351.3900,227.3215,4.835244
_16579_,VDD,Metal1,287.4530,217.4750,4.834498
_16578_,VDD,Metal1,294.9530,217.3665,4.834531
_16577_,VDD,Metal1,293.1100,226.3150,4.835169
_16576_,VDD,Metal1,295.2400,216.3160,4.834531
_16575_,VDD,Metal1,298.6600,236.3950,4.836057
_16574_,VDD,Metal1,296.4130,246.2050,4.836895
_16573_,VDD,Metal1,296.9730,247.7150,4.836895
_16572_,VDD,Metal1,289.2300,226.2780,4.835151
_16571_,VDD,Metal1,314.8400,337.2760,4.846407
_16570_,VDD,Metal1,305.4300,347.2750,4.847636
_16569_,VDD,Metal1,297.7530,338.3265,4.846296
_16568_,VDD,Metal1,293.2075,338.1050,4.846284
_16567_,VDD,Metal1,291.8800,337.2760,4.846283
_16566_,VDD,Metal1,287.7165,338.3265,4.846283
_16565_,VDD,Metal1,294.7330,347.0050,4.847585
_16564_,VDD,Metal1,294.2700,328.1215,4.845185
_16563_,VDD,Metal1,90.3330,358.5950,4.848720
_16562_,VDD,Metal1,297.2065,337.2980,4.846296
_16561_,VDD,Metal1,881.6130,498.2050,4.872639
_16560_,VDD,Metal1,877.6930,367.1650,4.850709
_16559_,VDD,Metal1,817.2130,499.7150,4.872512
_16558_,VDD,Metal1,879.9330,427.6450,4.860018
_16557_,VDD,Metal1,687.8530,488.1250,4.870738
_16556_,VDD,Metal1,708.0130,489.6350,4.870847
_16555_,VDD,Metal1,723.6930,368.6750,4.850888
_16554_,VDD,Metal1,804.3330,306.6850,4.843195
_16553_,VDD,Metal1,874.3330,237.6350,4.836027
_16552_,VDD,Metal1,512.0130,388.8350,4.853465
_16551_,VDD,Metal1,436.4130,336.9250,4.846472
_16550_,VDD,Metal1,403.9330,489.6350,4.869380
_16549_,VDD,Metal1,212.9730,378.7550,4.851479
_16548_,VDD,Metal1,218.0130,276.4450,4.839538
_16547_,VDD,Metal1,331.1330,467.9650,4.865667
_16546_,VDD,Metal1,364.7330,288.0350,4.840820
_16545_,VDD,Metal1,255.9065,297.9165,4.841609
_16544_,VDD,Metal1,880.4930,478.0450,4.869150
_16543_,VDD,Metal1,883.2930,469.4750,4.867222
_16542_,VDD,Metal1,875.4530,347.0050,4.848185
_16541_,VDD,Metal1,883.8530,347.0050,4.848185
_16540_,VDD,Metal1,815.5330,488.1250,4.871078
_16539_,VDD,Metal1,823.9330,488.1250,4.871078
_16538_,VDD,Metal1,877.1330,429.1550,4.860019
_16537_,VDD,Metal1,893.9330,417.5650,4.858454
_16536_,VDD,Metal1,679.4530,488.1250,4.870738
_16535_,VDD,Metal1,682.2530,498.2050,4.872246
_16534_,VDD,Metal1,717.5330,489.6350,4.870847
_16533_,VDD,Metal1,721.4530,498.2050,4.872274
_16532_,VDD,Metal1,722.5730,348.5150,4.848245
_16531_,VDD,Metal1,725.9330,367.1650,4.850888
_16530_,VDD,Metal1,800.9730,288.0350,4.840988
_16529_,VDD,Metal1,803.7730,276.4450,4.839999
_16528_,VDD,Metal1,877.6930,226.0450,4.835052
_16527_,VDD,Metal1,881.6130,236.1250,4.836019
_16526_,VDD,Metal1,521.5330,358.5950,4.849420
_16525_,VDD,Metal1,521.5330,368.6750,4.850681
_16524_,VDD,Metal1,453.2130,326.8450,4.845442
_16523_,VDD,Metal1,461.6130,338.4350,4.846510
_16522_,VDD,Metal1,423.5330,488.1250,4.869409
_16521_,VDD,Metal1,430.2530,489.6350,4.869448
_16520_,VDD,Metal1,190.0130,388.8350,4.852948
_16519_,VDD,Metal1,207.9330,358.5950,4.848746
_16518_,VDD,Metal1,190.0130,277.9550,4.839542
_16517_,VDD,Metal1,207.9330,267.8750,4.838451
_16516_,VDD,Metal1,330.5730,489.6350,4.869268
_16515_,VDD,Metal1,338.9730,489.6350,4.869267
_16514_,VDD,Metal1,327.2130,286.5250,4.840809
_16513_,VDD,Metal1,335.6130,286.5250,4.840809
_16512_,VDD,Metal1,331.6000,459.1580,4.863874
_16511_,VDD,Metal1,269.2080,377.2390,4.851579
_16510_,VDD,Metal1,843.5330,447.8050,4.863421
_16509_,VDD,Metal1,845.2130,439.2350,4.861713
_16508_,VDD,Metal1,842.4130,358.5950,4.849280
_16507_,VDD,Metal1,843.5330,348.5150,4.848218
_16506_,VDD,Metal1,795.9330,449.3150,4.863449
_16505_,VDD,Metal1,796.4930,447.8050,4.863449
_16504_,VDD,Metal1,845.2130,417.5650,4.858477
_16503_,VDD,Metal1,848.5730,408.9950,4.856845
_16502_,VDD,Metal1,653.6930,449.3150,4.863183
_16501_,VDD,Metal1,658.7330,437.7250,4.861499
_16500_,VDD,Metal1,708.0130,449.3150,4.863247
_16499_,VDD,Metal1,717.5330,439.2350,4.861608
_16498_,VDD,Metal1,759.5330,357.0850,4.849383
_16497_,VDD,Metal1,762.3330,367.1650,4.850927
_16496_,VDD,Metal1,795.9330,277.9550,4.840018
_16495_,VDD,Metal1,804.3330,277.9550,4.839999
_16494_,VDD,Metal1,841.8530,236.1250,4.836087
_16493_,VDD,Metal1,840.7330,227.5550,4.835092
_16492_,VDD,Metal1,469.4530,358.5950,4.849221
_16491_,VDD,Metal1,470.5730,377.2450,4.851883
_16490_,VDD,Metal1,423.5330,296.6050,4.841848
_16489_,VDD,Metal1,414.0130,296.6050,4.841845
_16488_,VDD,Metal1,391.0530,439.2350,4.860805
_16487_,VDD,Metal1,393.2930,437.7250,4.860805
_16486_,VDD,Metal1,198.4130,358.5950,4.848748
_16485_,VDD,Metal1,217.4530,367.1650,4.850036
_16484_,VDD,Metal1,198.4130,257.7950,4.837726
_16483_,VDD,Metal1,198.4130,277.9550,4.839540
_16482_,VDD,Metal1,345.1330,467.9650,4.865687
_16481_,VDD,Metal1,347.3730,459.3950,4.863877
_16480_,VDD,Metal1,331.1330,306.6850,4.842779
_16479_,VDD,Metal1,331.1330,298.1150,4.841741
_16478_,VDD,Metal1,349.4265,387.3130,4.853062
_16477_,VDD,Metal1,256.4465,397.5275,4.854510
_16476_,VDD,Metal1,867.6130,488.1250,4.871095
_16475_,VDD,Metal1,884.4130,499.7150,4.872639
_16474_,VDD,Metal1,878.8130,338.4350,4.846718
_16473_,VDD,Metal1,891.1330,358.5950,4.849214
_16472_,VDD,Metal1,782.4930,479.5550,4.869176
_16471_,VDD,Metal1,783.0530,489.6350,4.871047
_16470_,VDD,Metal1,880.4930,407.4850,4.856789
_16469_,VDD,Metal1,892.8130,419.0750,4.858454
_16468_,VDD,Metal1,643.6130,449.3150,4.863171
_16467_,VDD,Metal1,644.7330,447.8050,4.863171
_16466_,VDD,Metal1,708.5730,478.0450,4.868984
_16465_,VDD,Metal1,708.0130,469.4750,4.867070
_16464_,VDD,Metal1,708.0130,368.6750,4.850882
_16463_,VDD,Metal1,708.0130,358.5950,4.849357
_16462_,VDD,Metal1,795.9330,267.8750,4.839052
_16461_,VDD,Metal1,786.4130,277.9550,4.840019
_16460_,VDD,Metal1,855.8530,226.0450,4.835092
_16459_,VDD,Metal1,860.3330,236.1250,4.836059
_16458_,VDD,Metal1,530.4930,377.2450,4.852045
_16457_,VDD,Metal1,521.5330,378.7550,4.852028
_16456_,VDD,Metal1,423.5330,306.6850,4.843043
_16455_,VDD,Metal1,426.8930,298.1150,4.841849
_16454_,VDD,Metal1,385.4530,488.1250,4.869376
_16453_,VDD,Metal1,391.6130,479.5550,4.867545
_16452_,VDD,Metal1,198.4130,388.8350,4.852956
_16451_,VDD,Metal1,194.4930,397.4050,4.854340
_16450_,VDD,Metal1,201.2130,266.3650,4.838423
_16449_,VDD,Metal1,207.9330,277.9550,4.839540
_16448_,VDD,Metal1,330.0130,499.7150,4.870237
_16447_,VDD,Metal1,345.1330,488.1250,4.869290
_16446_,VDD,Metal1,342.3330,288.0350,4.840816
_16445_,VDD,Metal1,345.1330,286.5250,4.840816
_16444_,VDD,Metal1,294.5465,388.8465,4.853037
_16443_,VDD,Metal1,315.3840,469.3650,4.865582
_16442_,VDD,Metal1,312.4050,459.1250,4.863827
_16441_,VDD,Metal1,260.3665,398.7925,4.854515
_16440_,VDD,Metal1,250.0625,398.4460,4.854485
_16439_,VDD,Metal1,837.3730,519.8750,4.877285
_16438_,VDD,Metal1,829.7965,538.6330,4.881475
_16437_,VDD,Metal1,835.1330,387.3250,4.853772
_16436_,VDD,Metal1,826.9965,388.7265,4.853783
_16435_,VDD,Metal1,796.4930,528.4450,4.879332
_16434_,VDD,Metal1,787.7965,529.8465,4.879313
_16433_,VDD,Metal1,841.2930,528.4450,4.879346
_16432_,VDD,Metal1,826.9965,529.8465,4.879346
_16431_,VDD,Metal1,678.3330,509.7950,4.874760
_16430_,VDD,Metal1,687.5565,509.6865,4.874786
_16429_,VDD,Metal1,736.0130,519.8750,4.876888
_16428_,VDD,Metal1,728.9965,529.8465,4.878793
_16427_,VDD,Metal1,766.8130,518.3650,4.876939
_16426_,VDD,Metal1,778.2765,509.6865,4.875116
_16425_,VDD,Metal1,764.0130,347.0050,4.848278
_16424_,VDD,Metal1,766.5165,348.4065,4.848278
_16423_,VDD,Metal1,839.6130,277.9550,4.839902
_16422_,VDD,Metal1,834.8365,287.9265,4.840889
_16421_,VDD,Metal1,492.4130,407.4850,4.856515
_16420_,VDD,Metal1,503.3165,398.8065,4.854848
_16419_,VDD,Metal1,464.4130,328.3550,4.845489
_16418_,VDD,Metal1,482.3330,328.3550,4.845498
_16417_,VDD,Metal1,427.4530,459.3950,4.864070
_16416_,VDD,Metal1,432.4930,469.4750,4.865941
_16415_,VDD,Metal1,257.2130,387.3250,4.852998
_16414_,VDD,Metal1,253.9500,367.3980,4.850163
_16413_,VDD,Metal1,261.2300,358.3615,4.848746
_16412_,VDD,Metal1,276.8130,288.0350,4.840739
_16411_,VDD,Metal1,284.1900,297.8815,4.841634
_16410_,VDD,Metal1,270.7500,287.8015,4.840725
_16409_,VDD,Metal1,336.3025,427.9960,4.859167
_16408_,VDD,Metal1,366.9730,408.9950,4.856251
_16407_,VDD,Metal1,373.6930,338.4350,4.846446
_16406_,VDD,Metal1,370.9900,348.2815,4.847665
_16405_,VDD,Metal1,367.6300,338.2015,4.846446
_16404_,VDD,Metal1,348.1575,437.7900,4.860755
_16403_,VDD,Metal1,318.9900,437.8850,4.860712
_16402_,VDD,Metal1,880.4930,449.3150,4.863425
_16401_,VDD,Metal1,882.7330,467.9650,4.867222
_16400_,VDD,Metal1,879.9330,368.6750,4.850709
_16399_,VDD,Metal1,893.3730,378.7550,4.851955
_16398_,VDD,Metal1,805.4530,457.8850,4.865454
_16397_,VDD,Metal1,804.8930,449.3150,4.863443
_16396_,VDD,Metal1,881.0530,447.8050,4.863425
_16395_,VDD,Metal1,888.8930,449.3150,4.863425
_16394_,VDD,Metal1,647.5330,437.7250,4.861489
_16393_,VDD,Metal1,658.7330,439.2350,4.861499
_16392_,VDD,Metal1,717.5330,449.3150,4.863247
_16391_,VDD,Metal1,725.9330,449.3150,4.863264
_16390_,VDD,Metal1,766.8130,397.4050,4.855099
_16389_,VDD,Metal1,776.3330,397.4050,4.855102
_16388_,VDD,Metal1,760.0930,308.1950,4.843296
_16387_,VDD,Metal1,762.3330,318.2750,4.844243
_16386_,VDD,Metal1,879.3730,256.2850,4.837959
_16385_,VDD,Metal1,882.7330,266.3650,4.838793
_16384_,VDD,Metal1,482.3330,358.5950,4.849305
_16383_,VDD,Metal1,482.3330,377.2450,4.851973
_16382_,VDD,Metal1,472.8130,328.3550,4.845495
_16381_,VDD,Metal1,482.3330,338.4350,4.846523
_16380_,VDD,Metal1,423.5330,449.3150,4.862573
_16379_,VDD,Metal1,429.1330,447.8050,4.862584
_16378_,VDD,Metal1,237.6130,398.9150,4.854445
_16377_,VDD,Metal1,238.7330,397.4050,4.854445
_16376_,VDD,Metal1,247.1330,277.9550,4.839538
_16375_,VDD,Metal1,252.7330,286.5250,4.840715
_16374_,VDD,Metal1,369.2130,447.8050,4.862413
_16373_,VDD,Metal1,374.8130,437.7250,4.860784
_16372_,VDD,Metal1,373.6930,308.1950,4.842973
_16371_,VDD,Metal1,382.0930,308.1950,4.842984
_16370_,VDD,Metal1,351.2000,448.0415,4.862376
_16369_,VDD,Metal1,269.7680,409.0005,4.856170
_16368_,VDD,Metal1,856.4130,518.3650,4.877358
_16367_,VDD,Metal1,860.3330,509.7950,4.875329
_16366_,VDD,Metal1,864.8130,388.8350,4.853752
_16365_,VDD,Metal1,874.3330,398.9150,4.855126
_16364_,VDD,Metal1,795.9330,519.8750,4.877179
_16363_,VDD,Metal1,804.3330,519.8750,4.877185
_16362_,VDD,Metal1,855.8530,529.9550,4.879369
_16361_,VDD,Metal1,874.3330,519.8750,4.877359
_16360_,VDD,Metal1,626.2530,467.9650,4.866971
_16359_,VDD,Metal1,652.0130,459.3950,4.865168
_16358_,VDD,Metal1,727.6130,508.2850,4.874998
_16357_,VDD,Metal1,737.1330,528.4450,4.879090
_16356_,VDD,Metal1,764.0130,498.2050,4.872439
_16355_,VDD,Metal1,776.3330,508.2850,4.875116
_16354_,VDD,Metal1,758.9730,288.0350,4.840986
_16353_,VDD,Metal1,762.8930,276.4450,4.840003
_16352_,VDD,Metal1,862.5730,276.4450,4.839852
_16351_,VDD,Metal1,866.4930,286.5250,4.840872
_16350_,VDD,Metal1,472.8130,388.8350,4.853457
_16349_,VDD,Metal1,470.5730,397.4050,4.854818
_16348_,VDD,Metal1,464.4130,288.0350,4.841010
_16347_,VDD,Metal1,472.8130,288.0350,4.841031
_16346_,VDD,Metal1,390.4930,449.3150,4.862483
_16345_,VDD,Metal1,392.7330,467.9650,4.865862
_16344_,VDD,Metal1,209.0530,388.8350,4.852958
_16343_,VDD,Metal1,210.7330,398.9150,4.854343
_16342_,VDD,Metal1,207.9330,288.0350,4.840691
_16341_,VDD,Metal1,216.8930,298.1150,4.841582
_16340_,VDD,Metal1,360.8130,498.2050,4.870446
_16339_,VDD,Metal1,364.7330,489.6350,4.869298
_16338_,VDD,Metal1,387.1330,298.1150,4.841830
_16337_,VDD,Metal1,390.4930,308.1950,4.842984
_16336_,VDD,Metal1,294.5465,378.7665,4.851637
_16335_,VDD,Metal1,233.4865,367.2875,4.850051
_16334_,VDD,Metal1,873.2130,508.2850,4.875365
_16333_,VDD,Metal1,884.4130,518.3650,4.877384
_16332_,VDD,Metal1,880.4930,387.3250,4.853751
_16331_,VDD,Metal1,880.4930,377.2450,4.851931
_16330_,VDD,Metal1,795.9330,509.7950,4.875161
_16329_,VDD,Metal1,804.3330,509.7950,4.875167
_16328_,VDD,Metal1,876.0130,499.7150,4.872634
_16327_,VDD,Metal1,881.6130,508.2850,4.875365
_16326_,VDD,Metal1,642.4930,478.0450,4.868918
_16325_,VDD,Metal1,643.6130,459.3950,4.865163
_16324_,VDD,Metal1,736.0130,499.7150,4.872328
_16323_,VDD,Metal1,747.2130,509.7950,4.875035
_16322_,VDD,Metal1,765.1330,489.6350,4.870991
_16321_,VDD,Metal1,776.8930,499.7150,4.872460
_16320_,VDD,Metal1,763.4530,267.8750,4.839036
_16319_,VDD,Metal1,775.2130,277.9550,4.840008
_16318_,VDD,Metal1,875.4530,276.4450,4.839834
_16317_,VDD,Metal1,878.8130,286.5250,4.840856
_16316_,VDD,Metal1,484.0130,407.4850,4.856505
_16315_,VDD,Metal1,487.3730,388.8350,4.853459
_16314_,VDD,Metal1,468.3330,306.6850,4.843212
_16313_,VDD,Metal1,476.7330,306.6850,4.843244
_16312_,VDD,Metal1,382.0930,449.3150,4.862450
_16311_,VDD,Metal1,391.0530,447.8050,4.862483
_16310_,VDD,Metal1,198.4130,398.9150,4.854340
_16309_,VDD,Metal1,209.0530,408.9950,4.855946
_16308_,VDD,Metal1,198.4130,298.1150,4.841573
_16307_,VDD,Metal1,208.4930,298.1150,4.841573
_16306_,VDD,Metal1,365.8530,469.4750,4.865824
_16305_,VDD,Metal1,368.6530,478.0450,4.867494
_16304_,VDD,Metal1,386.5730,338.4350,4.846448
_16303_,VDD,Metal1,387.6930,336.9250,4.846448
_16302_,VDD,Metal1,310.2265,378.7665,4.851663
_16301_,VDD,Metal1,319.1830,468.1650,4.865583
_16300_,VDD,Metal1,324.7250,469.2050,4.865617
_16299_,VDD,Metal1,267.0865,387.4475,4.853031
_16298_,VDD,Metal1,260.7110,408.8690,4.856058
_16297_,VDD,Metal1,275.9465,449.2065,4.862161
_16296_,VDD,Metal1,825.6130,509.7950,4.875214
_16295_,VDD,Metal1,817.8700,518.5980,4.877277
_16294_,VDD,Metal1,832.9900,509.5615,4.875228
_16293_,VDD,Metal1,815.6300,519.6415,4.877216
_16292_,VDD,Metal1,815.5330,368.6750,4.850906
_16291_,VDD,Metal1,820.1100,387.5580,4.853794
_16290_,VDD,Metal1,821.2300,388.6015,4.853794
_16289_,VDD,Metal1,816.1900,387.5580,4.853801
_16288_,VDD,Metal1,767.5025,448.1560,4.863384
_16287_,VDD,Metal1,764.3865,448.9415,4.863371
_16286_,VDD,Metal1,783.1500,519.6415,4.877158
_16285_,VDD,Metal1,766.9100,458.1180,4.865407
_16284_,VDD,Metal1,825.6130,519.8750,4.877281
_16283_,VDD,Metal1,822.3500,529.7215,4.879346
_16282_,VDD,Metal1,816.7500,528.6780,4.879344
_16281_,VDD,Metal1,819.5500,519.6415,4.877278
_16280_,VDD,Metal1,686.1730,508.2850,4.874786
_16279_,VDD,Metal1,695.7900,508.5180,4.874828
_16278_,VDD,Metal1,684.5900,518.5980,4.876652
_16277_,VDD,Metal1,692.4300,509.5615,4.874806
_16276_,VDD,Metal1,739.3730,508.2850,4.875001
_16275_,VDD,Metal1,742.2700,519.6415,4.876889
_16274_,VDD,Metal1,721.5500,509.5615,4.874976
_16273_,VDD,Metal1,733.8700,529.7215,4.878815
_16272_,VDD,Metal1,781.9330,388.8350,4.853884
_16271_,VDD,Metal1,782.5900,397.6380,4.855239
_16270_,VDD,Metal1,782.5900,508.5180,4.875132
_16269_,VDD,Metal1,780.3500,398.6815,4.855108
_16268_,VDD,Metal1,776.3330,336.9250,4.846827
_16267_,VDD,Metal1,778.1100,347.2380,4.848284
_16266_,VDD,Metal1,774.1900,347.2380,4.848281
_16265_,VDD,Metal1,771.3900,348.2815,4.848281
_16264_,VDD,Metal1,825.6130,277.9550,4.839918
_16263_,VDD,Metal1,827.9500,287.8015,4.840900
_16262_,VDD,Metal1,832.9900,277.7215,4.839918
_16261_,VDD,Metal1,826.8300,286.7580,4.840900
_16260_,VDD,Metal1,466.0930,407.4850,4.856446
_16259_,VDD,Metal1,474.0300,407.7180,4.856481
_16258_,VDD,Metal1,481.8700,398.6815,4.854841
_16257_,VDD,Metal1,473.4700,398.6815,4.854819
_16256_,VDD,Metal1,420.7330,338.4350,4.846464
_16255_,VDD,Metal1,423.5330,347.0050,4.847748
_16254_,VDD,Metal1,433.6130,408.9950,4.856352
_16253_,VDD,Metal1,435.2930,427.6450,4.859265
_16252_,VDD,Metal1,266.1730,397.4050,4.854516
_16251_,VDD,Metal1,231.5500,388.6015,4.852996
_16250_,VDD,Metal1,280.2700,347.2380,4.847557
_16249_,VDD,Metal1,279.7100,388.6015,4.853037
_16248_,VDD,Metal1,286.3330,288.0350,4.840740
_16247_,VDD,Metal1,288.1100,297.8815,4.841634
_16246_,VDD,Metal1,295.3900,296.8380,4.841662
_16245_,VDD,Metal1,291.4700,296.8380,4.841641
_16244_,VDD,Metal1,360.8130,397.4050,4.854686
_16243_,VDD,Metal1,316.6700,398.6815,4.854652
_16242_,VDD,Metal1,355.8700,388.6015,4.853062
_16241_,VDD,Metal1,358.6700,468.1980,4.865807
_16240_,VDD,Metal1,364.7330,348.5150,4.847665
_16239_,VDD,Metal1,360.3500,347.2380,4.847663
_16238_,VDD,Metal1,374.9100,348.2815,4.847665
_16237_,VDD,Metal1,359.2300,367.3980,4.850418
_16236_,VDD,Metal1,332.7880,429.1810,4.859167
_16235_,VDD,Metal1,373.3865,408.8865,4.856251
_16234_,VDD,Metal1,248.0465,459.2725,4.863787
_16233_,VDD,Metal1,306.1865,469.3665,4.865567
_16232_,VDD,Metal1,316.0700,438.9650,4.860712
_16231_,VDD,Metal1,815.5330,437.7250,4.861754
_16230_,VDD,Metal1,816.0930,427.6450,4.860096
_16229_,VDD,Metal1,805.4530,368.6750,4.850933
_16228_,VDD,Metal1,816.0930,358.5950,4.849382
_16227_,VDD,Metal1,766.2530,427.6450,4.860048
_16226_,VDD,Metal1,768.4930,419.0750,4.858485
_16225_,VDD,Metal1,815.5330,407.4850,4.856914
_16224_,VDD,Metal1,806.0130,407.4850,4.856915
_16223_,VDD,Metal1,639.6930,429.1550,4.859958
_16222_,VDD,Metal1,649.7730,408.9950,4.856865
_16221_,VDD,Metal1,754.4930,427.6450,4.860044
_16220_,VDD,Metal1,741.6130,437.7250,4.861656
_16219_,VDD,Metal1,747.7730,387.3250,4.853874
_16218_,VDD,Metal1,751.1330,397.4050,4.855096
_16217_,VDD,Metal1,795.9330,338.4350,4.846827
_16216_,VDD,Metal1,798.1730,347.0050,4.848272
_16215_,VDD,Metal1,815.5330,246.2050,4.837073
_16214_,VDD,Metal1,820.0130,247.7150,4.837072
_16213_,VDD,Metal1,433.6130,378.7550,4.851785
_16212_,VDD,Metal1,448.7330,387.3250,4.853184
_16211_,VDD,Metal1,412.3330,338.4350,4.846452
_16210_,VDD,Metal1,423.5330,357.0850,4.848879
_16209_,VDD,Metal1,423.5330,427.6450,4.859263
_16208_,VDD,Metal1,426.8930,417.5650,4.857716
_16207_,VDD,Metal1,278.4930,357.0850,4.848755
_16206_,VDD,Metal1,288.0130,357.0850,4.848766
_16205_,VDD,Metal1,286.3330,267.8750,4.838729
_16204_,VDD,Metal1,295.2930,267.8750,4.838747
_16203_,VDD,Metal1,355.2130,368.6750,4.850414
_16202_,VDD,Metal1,360.8130,387.3250,4.853068
_16201_,VDD,Metal1,331.6930,328.3550,4.845307
_16200_,VDD,Metal1,340.0930,328.3550,4.845308
_16199_,VDD,Metal1,323.9825,418.6060,4.857502
_16198_,VDD,Metal1,324.7800,427.7865,4.859167
_16197_,VDD,Metal1,312.0185,419.0725,4.857501
_16196_,VDD,Metal1,316.8265,479.4465,4.867354
_16195_,VDD,Metal1,697.0330,397.5130,4.855073
_16194_,VDD,Metal1,700.1200,398.5635,4.855073
_16193_,VDD,Metal1,707.1130,407.5930,4.856869
_16192_,VDD,Metal1,693.7650,398.6450,4.855073
_16191_,VDD,Metal1,686.5430,388.6350,4.853842
_16190_,VDD,Metal1,688.4130,367.1650,4.850883
_16189_,VDD,Metal1,686.6400,368.5665,4.850883
_16188_,VDD,Metal1,695.7900,367.3980,4.850882
_16187_,VDD,Metal1,686.0800,357.1930,4.849366
_16186_,VDD,Metal1,682.3500,367.3980,4.850883
_16185_,VDD,Metal1,717.5330,429.1550,4.859990
_16184_,VDD,Metal1,709.3965,417.6730,4.858382
_16183_,VDD,Metal1,703.1930,417.6730,4.858381
_16182_,VDD,Metal1,699.5600,418.7235,4.858380
_16181_,VDD,Metal1,714.2700,417.7980,4.858385
_16180_,VDD,Metal1,722.0130,397.4050,4.855075
_16179_,VDD,Metal1,706.8000,397.5130,4.855073
_16178_,VDD,Metal1,712.5900,397.6380,4.855074
_16177_,VDD,Metal1,705.1200,398.8065,4.855073
_16176_,VDD,Metal1,701.9500,407.7180,4.856867
_16175_,VDD,Metal1,679.4530,407.4850,4.856861
_16174_,VDD,Metal1,677.6800,398.8065,4.855074
_16173_,VDD,Metal1,685.7100,407.7180,4.856861
_16172_,VDD,Metal1,680.4800,417.6730,4.858372
_16171_,VDD,Metal1,673.3900,407.7180,4.856861
_16170_,VDD,Metal1,725.9330,427.6450,4.860017
_16169_,VDD,Metal1,709.3965,429.0465,4.859990
_16168_,VDD,Metal1,704.8730,418.9665,4.858381
_16167_,VDD,Metal1,707.9600,408.6435,4.856869
_16166_,VDD,Metal1,710.3500,418.8415,4.858382
_16165_,VDD,Metal1,702.4130,377.2450,4.852177
_16164_,VDD,Metal1,697.6365,387.4330,4.853842
_16163_,VDD,Metal1,689.1930,377.3530,4.852186
_16162_,VDD,Metal1,691.7200,378.4035,4.852185
_16161_,VDD,Metal1,702.5100,387.5580,4.853842
_16160_,VDD,Metal1,697.0330,347.1130,4.848229
_16159_,VDD,Metal1,704.0400,348.1635,4.848230
_16158_,VDD,Metal1,707.1130,347.1130,4.848235
_16157_,VDD,Metal1,694.8850,348.2450,4.848229
_16156_,VDD,Metal1,694.3830,328.1550,4.845641
_16155_,VDD,Metal1,719.7730,246.2050,4.837081
_16154_,VDD,Metal1,709.3965,247.6065,4.837099
_16153_,VDD,Metal1,704.7500,247.4815,4.837099
_16152_,VDD,Metal1,704.8730,246.3130,4.837099
_16151_,VDD,Metal1,711.8800,246.5560,4.837099
_16150_,VDD,Metal1,443.1330,388.8350,4.853175
_16149_,VDD,Metal1,435.4825,388.4835,4.853175
_16148_,VDD,Metal1,437.2850,397.6750,4.854772
_16147_,VDD,Metal1,443.3225,398.5635,4.854807
_16146_,VDD,Metal1,432.8050,397.6750,4.854747
_16145_,VDD,Metal1,403.9330,338.4350,4.846452
_16144_,VDD,Metal1,409.7225,357.4360,4.848877
_16143_,VDD,Metal1,413.7650,357.3550,4.848878
_16142_,VDD,Metal1,408.0425,348.1635,4.847745
_16141_,VDD,Metal1,398.6450,347.2750,4.847740
_16140_,VDD,Metal1,408.4130,407.4850,4.856305
_16139_,VDD,Metal1,400.2025,397.7560,4.854717
_16138_,VDD,Metal1,410.9650,388.5650,4.853133
_16137_,VDD,Metal1,406.9225,388.4835,4.853133
_16136_,VDD,Metal1,393.0450,397.6750,4.854710
_16135_,VDD,Metal1,304.2530,338.4350,4.846398
_16134_,VDD,Metal1,307.3165,337.0330,4.846399
_16133_,VDD,Metal1,303.7900,357.3180,4.848773
_16132_,VDD,Metal1,316.2330,368.5665,4.850346
_16131_,VDD,Metal1,295.2400,348.1635,4.847585
_16130_,VDD,Metal1,313.9930,286.6330,4.840783
_16129_,VDD,Metal1,309.0450,277.6850,4.839562
_16128_,VDD,Metal1,316.2025,277.6035,4.839562
_16127_,VDD,Metal1,315.1265,267.5015,4.838813
_16126_,VDD,Metal1,309.1030,267.6750,4.838810
_16125_,VDD,Metal1,374.4730,387.4330,4.853088
_16124_,VDD,Metal1,385.2050,388.5650,4.853089
_16123_,VDD,Metal1,375.5625,397.7560,4.854688
_16122_,VDD,Metal1,387.7500,407.7550,4.856252
_16121_,VDD,Metal1,368.4630,387.5250,4.853088
_16120_,VDD,Metal1,335.6130,357.0850,4.848786
_16119_,VDD,Metal1,354.0000,358.4865,4.848783
_16118_,VDD,Metal1,349.7100,347.2380,4.847661
_16117_,VDD,Metal1,350.6400,357.1930,4.848785
_16116_,VDD,Metal1,355.8700,357.3180,4.848783
_16115_,VDD,Metal1,393.6465,348.3925,4.847740
_16114_,VDD,Metal1,297.6710,357.2105,4.848772
_16113_,VDD,Metal1,338.6765,227.4465,4.835236
_16112_,VDD,Metal1,326.0000,337.1615,4.846415
_16111_,VDD,Metal1,265.1500,427.8780,4.859015
_16110_,VDD,Metal1,292.8050,478.3150,4.867306
_16109_,VDD,Metal1,362.0300,367.3980,4.850426
_16108_,VDD,Metal1,393.5175,287.9700,4.840861
_16107_,VDD,Metal1,256.6240,407.5880,4.856056
_16106_,VDD,Metal1,283.3400,437.8665,4.860611
_16105_,VDD,Metal1,310.9360,388.9080,4.853059
_16104_,VDD,Metal1,315.9440,429.0450,4.859147
_16103_,VDD,Metal1,806.0130,427.6450,4.860097
_16102_,VDD,Metal1,796.7130,418.9665,4.858525
_16101_,VDD,Metal1,792.1100,417.7980,4.858531
_16100_,VDD,Metal1,795.9900,417.8350,4.858525
_16099_,VDD,Metal1,797.5600,408.6435,4.856941
_16098_,VDD,Metal1,702.1165,518.4730,4.876758
_16097_,VDD,Metal1,796.4930,368.6750,4.850937
_16096_,VDD,Metal1,784.3930,367.2730,4.850936
_16095_,VDD,Metal1,783.1500,358.3615,4.849434
_16094_,VDD,Metal1,788.6000,368.3235,4.850936
_16093_,VDD,Metal1,680.8365,397.5130,4.855074
_16092_,VDD,Metal1,787.0300,358.3250,4.849434
_16091_,VDD,Metal1,776.3330,417.5650,4.858497
_16090_,VDD,Metal1,767.5930,417.6730,4.858484
_16089_,VDD,Metal1,765.2300,408.7615,4.856909
_16088_,VDD,Metal1,760.7100,417.8350,4.858466
_16087_,VDD,Metal1,776.2800,418.7235,4.858497
_16086_,VDD,Metal1,696.5165,518.4730,4.876748
_16085_,VDD,Metal1,804.8930,397.4050,4.855258
_16084_,VDD,Metal1,797.2730,397.5130,4.855259
_16083_,VDD,Metal1,794.8700,407.7550,4.856941
_16082_,VDD,Metal1,788.6000,398.5635,4.855257
_16081_,VDD,Metal1,697.0765,519.7665,4.876748
_16080_,VDD,Metal1,794.9100,398.6815,4.855259
_16079_,VDD,Metal1,668.8130,408.9950,4.856861
_16078_,VDD,Metal1,661.1930,408.8865,4.856865
_16077_,VDD,Metal1,656.0300,408.7615,4.856865
_16076_,VDD,Metal1,664.3900,407.7550,4.856861
_16075_,VDD,Metal1,658.6800,417.9160,4.858369
_16074_,VDD,Metal1,662.9165,509.6865,4.874745
_16073_,VDD,Metal1,737.1330,417.5650,4.858420
_16072_,VDD,Metal1,728.3930,417.6730,4.858408
_16071_,VDD,Metal1,723.2300,417.7980,4.858408
_16070_,VDD,Metal1,732.6000,428.8035,4.860026
_16069_,VDD,Metal1,691.4765,519.7665,4.876656
_16068_,VDD,Metal1,729.3500,408.7250,4.856875
_16067_,VDD,Metal1,727.6130,387.3250,4.853866
_16066_,VDD,Metal1,725.0330,388.7265,4.853866
_16065_,VDD,Metal1,719.8700,388.6015,4.853864
_16064_,VDD,Metal1,726.4400,377.5960,4.852137
_16063_,VDD,Metal1,689.7965,518.4730,4.876655
_16062_,VDD,Metal1,719.8300,387.5950,4.853864
_16061_,VDD,Metal1,747.2130,328.3550,4.845707
_16060_,VDD,Metal1,743.5130,338.3265,4.846806
_16059_,VDD,Metal1,739.4300,328.0850,4.845707
_16058_,VDD,Metal1,738.2000,337.2760,4.846798
_16057_,VDD,Metal1,702.6765,459.2865,4.865305
_16056_,VDD,Metal1,738.3500,338.2015,4.846798
_16055_,VDD,Metal1,806.0130,256.2850,4.838073
_16054_,VDD,Metal1,798.3930,257.6865,4.838085
_16053_,VDD,Metal1,805.4000,257.4435,4.838073
_16052_,VDD,Metal1,795.4300,256.5550,4.838085
_16051_,VDD,Metal1,660.6765,398.8065,4.855079
_16050_,VDD,Metal1,276.6080,418.8475,4.857444
_16049_,VDD,Metal1,73.5330,388.8350,4.852699
_16048_,VDD,Metal1,788.7500,257.5615,4.838097
_16047_,VDD,Metal1,449.8530,398.9150,4.854807
_16046_,VDD,Metal1,451.7530,407.5930,4.856404
_16045_,VDD,Metal1,440.9900,407.7180,4.856378
_16044_,VDD,Metal1,444.8700,407.7550,4.856392
_16043_,VDD,Metal1,450.9200,408.6435,4.856404
_16042_,VDD,Metal1,457.1330,408.9950,4.856411
_16041_,VDD,Metal1,79.6930,397.4050,4.854136
_16040_,VDD,Metal1,418.4930,368.6750,4.850488
_16039_,VDD,Metal1,425.9930,368.5665,4.850506
_16038_,VDD,Metal1,421.3500,367.4350,4.850488
_16037_,VDD,Metal1,422.9200,377.5960,4.851764
_16036_,VDD,Metal1,414.0130,397.4050,4.854722
_16035_,VDD,Metal1,169.2930,378.7550,4.851456
_16034_,VDD,Metal1,412.4300,368.4415,4.850466
_16033_,VDD,Metal1,406.7330,417.5650,4.857614
_16032_,VDD,Metal1,386.2330,427.7530,4.859242
_16031_,VDD,Metal1,394.4700,407.7550,4.856255
_16030_,VDD,Metal1,384.8400,417.9160,4.857597
_16029_,VDD,Metal1,423.5330,397.4050,4.854747
_16028_,VDD,Metal1,74.0930,387.3250,4.852699
_16027_,VDD,Metal1,401.7900,418.8415,4.857598
_16026_,VDD,Metal1,291.9330,358.5950,4.848766
_16025_,VDD,Metal1,284.9165,358.4865,4.848766
_16024_,VDD,Metal1,278.7130,377.3530,4.851614
_16023_,VDD,Metal1,274.1100,348.2815,4.847557
_16022_,VDD,Metal1,286.2800,348.1635,4.847566
_16021_,VDD,Metal1,305.9330,377.2450,4.851663
_16020_,VDD,Metal1,157.5330,397.4050,4.854262
_16019_,VDD,Metal1,294.7330,277.9550,4.839553
_16018_,VDD,Metal1,297.1930,286.6330,4.840765
_16017_,VDD,Metal1,298.1500,287.7650,4.840765
_16016_,VDD,Metal1,305.3200,286.8760,4.840780
_16015_,VDD,Metal1,300.3330,348.5150,4.847595
_16014_,VDD,Metal1,162.0130,377.2450,4.851341
_16013_,VDD,Metal1,292.0300,286.7580,4.840754
_16012_,VDD,Metal1,346.8130,377.2450,4.851683
_16011_,VDD,Metal1,363.8330,418.9665,4.857579
_16010_,VDD,Metal1,330.0700,418.8050,4.857503
_16009_,VDD,Metal1,337.8000,438.0760,4.860753
_16008_,VDD,Metal1,380.9730,398.9150,4.854701
_16007_,VDD,Metal1,181.6130,388.8350,4.852862
_16006_,VDD,Metal1,337.9500,397.6380,4.854653
_16005_,VDD,Metal1,332.5165,338.3265,4.846444
_16004_,VDD,Metal1,338.2800,358.2435,4.848786
_16003_,VDD,Metal1,341.0230,348.3150,4.847660
_16002_,VDD,Metal1,384.3330,348.5150,4.847671
_16001_,VDD,Metal1,120.0130,368.6750,4.849891
_16000_,VDD,Metal1,327.4465,338.0615,4.846415
_15999_,VDD,Metal1,346.0465,367.2875,4.850402
_15998_,VDD,Metal1,302.8850,337.1950,4.846398
_15997_,VDD,Metal1,317.3965,298.0065,4.841673
_15996_,VDD,Metal1,343.5825,347.4735,4.847661
_15995_,VDD,Metal1,290.0630,348.3150,4.847576
_15994_,VDD,Metal1,287.6775,439.1700,4.860621
_15993_,VDD,Metal1,263.3360,419.1480,4.857440
_15992_,VDD,Metal1,263.5500,428.9950,4.859015
_15991_,VDD,Metal1,265.7105,459.3935,4.863802
_15990_,VDD,Metal1,285.7200,459.0435,4.863804
_15989_,VDD,Metal1,264.8300,468.2350,4.865420
_15988_,VDD,Metal1,259.9385,439.2325,4.860539
_15987_,VDD,Metal1,277.0665,448.0215,4.862161
_15986_,VDD,Metal1,244.3825,457.9620,4.863787
_15985_,VDD,Metal1,247.9130,428.7630,4.858985
_15984_,VDD,Metal1,238.2300,428.8850,4.858985
_15983_,VDD,Metal1,193.5025,448.2735,4.861872
_15982_,VDD,Metal1,284.4630,469.2750,4.865478
_15981_,VDD,Metal1,212.6665,428.9380,4.858934
_15980_,VDD,Metal1,257.7040,437.8350,4.860539
_15979_,VDD,Metal1,287.6775,408.9300,4.856171
_15978_,VDD,Metal1,266.7500,338.2910,4.846238
_15977_,VDD,Metal1,310.7680,398.6875,4.854551
_15976_,VDD,Metal1,296.6600,437.7530,4.860657
_15975_,VDD,Metal1,300.2640,358.4850,4.848772
_15974_,VDD,Metal1,291.3050,397.5240,4.854529
_15973_,VDD,Metal1,293.5840,407.5880,4.856174
_15972_,VDD,Metal1,278.2450,368.4050,4.850254
_15971_,VDD,Metal1,153.6130,408.9950,4.855898
_15970_,VDD,Metal1,297.4960,398.9880,4.854530
_15969_,VDD,Metal1,296.4880,429.1600,4.859073
_15968_,VDD,Metal1,297.1110,439.1090,4.860657
_15967_,VDD,Metal1,272.8640,439.1320,4.860549
_15966_,VDD,Metal1,270.7300,469.1450,4.865477
_15965_,VDD,Metal1,271.5250,367.4350,4.850233
_15964_,VDD,Metal1,151.3730,417.5650,4.857329
_15963_,VDD,Metal1,302.1065,449.2065,4.862301
_15962_,VDD,Metal1,312.4880,447.7130,4.862312
_15961_,VDD,Metal1,304.5165,437.8330,4.860680
_15960_,VDD,Metal1,315.5825,448.8460,4.862312
_15959_,VDD,Metal1,312.7500,479.3215,4.867346
_15958_,VDD,Metal1,306.2450,468.2350,4.865567
_15957_,VDD,Metal1,292.0875,448.1350,4.862269
_15956_,VDD,Metal1,291.6850,469.2050,4.865502
_15955_,VDD,Metal1,284.3565,449.2065,4.862263
_15954_,VDD,Metal1,289.6400,448.9635,4.862268
_15953_,VDD,Metal1,240.0425,448.1560,4.862049
_15952_,VDD,Metal1,158.0930,449.3150,4.861739
_15951_,VDD,Metal1,153.6130,447.8050,4.861734
_15950_,VDD,Metal1,323.8700,489.4910,4.869262
_15949_,VDD,Metal1,313.0080,468.1925,4.865581
_15948_,VDD,Metal1,294.9800,449.2865,4.862271
_15947_,VDD,Metal1,148.5730,439.2350,4.860244
_15946_,VDD,Metal1,114.9360,449.3880,4.861672
_15945_,VDD,Metal1,278.3030,348.3150,4.847557
_15944_,VDD,Metal1,291.1865,468.1630,4.865502
_15943_,VDD,Metal1,273.1120,478.0240,4.867280
_15942_,VDD,Metal1,214.3175,459.3300,4.863720
_15941_,VDD,Metal1,264.8630,479.3550,4.867223
_15940_,VDD,Metal1,278.7565,408.8865,4.856171
_15939_,VDD,Metal1,310.3600,448.9635,4.862312
_15938_,VDD,Metal1,258.7065,428.0180,4.859015
_15937_,VDD,Metal1,287.3600,478.2815,4.867306
_15936_,VDD,Metal1,246.4985,437.7275,4.860536
_15935_,VDD,Metal1,233.5030,439.0350,4.860509
_15934_,VDD,Metal1,259.4600,448.0750,4.862150
_15933_,VDD,Metal1,258.9900,479.3215,4.867197
_15932_,VDD,Metal1,232.9430,437.9250,4.860509
_15931_,VDD,Metal1,219.4450,448.0750,4.861956
_15930_,VDD,Metal1,233.7000,448.0750,4.862040
_15929_,VDD,Metal1,238.8660,449.2530,4.862049
_15928_,VDD,Metal1,835.1330,560.1950,4.886135
_15927_,VDD,Metal1,724.8130,568.7650,4.887660
_15926_,VDD,Metal1,737.1330,548.6050,4.883588
_15925_,VDD,Metal1,648.0930,558.6850,4.884933
_15924_,VDD,Metal1,680.5730,550.1150,4.883296
_15923_,VDD,Metal1,631.2930,498.2050,4.872178
_15922_,VDD,Metal1,531.6130,578.8450,4.888386
_15921_,VDD,Metal1,482.3330,519.8750,4.875483
_15920_,VDD,Metal1,384.3330,518.3650,4.875016
_15919_,VDD,Metal1,462.7330,538.5250,4.878869
_15918_,VDD,Metal1,394.4130,499.7150,4.870690
_15917_,VDD,Metal1,276.8130,519.8750,4.874581
_15916_,VDD,Metal1,345.1330,508.2850,4.872950
_15915_,VDD,Metal1,276.8130,550.1150,4.880285
_15914_,VDD,Metal1,307.6130,499.7150,4.870081
_15913_,VDD,Metal1,758.9730,578.8450,4.890430
_15912_,VDD,Metal1,721.4530,578.8450,4.889680
_15911_,VDD,Metal1,740.4930,558.6850,4.885471
_15910_,VDD,Metal1,648.0930,570.2750,4.887171
_15909_,VDD,Metal1,668.8130,560.1950,4.885027
_15908_,VDD,Metal1,629.6130,509.7950,4.874541
_15907_,VDD,Metal1,503.0530,590.4350,4.890166
_15906_,VDD,Metal1,464.4130,578.8450,4.887756
_15905_,VDD,Metal1,384.3330,528.4450,4.876840
_15904_,VDD,Metal1,450.9730,548.6050,4.881353
_15903_,VDD,Metal1,394.4130,509.7950,4.873112
_15902_,VDD,Metal1,286.3330,519.8750,4.874582
_15901_,VDD,Metal1,338.4130,499.7150,4.870237
_15900_,VDD,Metal1,279.6130,568.7650,4.883694
_15899_,VDD,Metal1,316.5730,508.2850,4.872873
_15898_,VDD,Metal1,806.0130,538.5250,4.881466
_15897_,VDD,Metal1,797.0530,568.7650,4.888428
_15896_,VDD,Metal1,821.6930,578.8450,4.891073
_15895_,VDD,Metal1,737.1330,588.9250,4.892598
_15894_,VDD,Metal1,756.7330,529.9550,4.879125
_15893_,VDD,Metal1,776.3330,538.5250,4.881423
_15892_,VDD,Metal1,776.3330,568.7650,4.888135
_15891_,VDD,Metal1,835.1330,590.4350,4.893626
_15890_,VDD,Metal1,433.6130,550.1150,4.881301
_15889_,VDD,Metal1,444.2530,580.3550,4.887187
_15888_,VDD,Metal1,429.6930,509.7950,4.873326
_15887_,VDD,Metal1,296.4130,488.1250,4.869154
_15886_,VDD,Metal1,276.8130,540.0350,4.878115
_15885_,VDD,Metal1,355.2130,509.7950,4.873026
_15884_,VDD,Metal1,371.4530,548.6050,4.880675
_15883_,VDD,Metal1,803.2130,550.1150,4.883898
_15882_,VDD,Metal1,800.9730,570.2750,4.888428
_15881_,VDD,Metal1,779.6930,600.5150,4.896112
_15880_,VDD,Metal1,765.6930,609.0850,4.899079
_15879_,VDD,Metal1,747.2130,529.9550,4.879122
_15878_,VDD,Metal1,781.3730,550.1150,4.883763
_15877_,VDD,Metal1,781.9330,578.8450,4.890678
_15876_,VDD,Metal1,800.9730,609.0850,4.899337
_15875_,VDD,Metal1,435.2930,568.7650,4.885119
_15874_,VDD,Metal1,433.6130,580.3550,4.887175
_15873_,VDD,Metal1,425.7730,528.4450,4.877208
_15872_,VDD,Metal1,293.6130,499.7150,4.869981
_15871_,VDD,Metal1,302.0130,540.0350,4.878220
_15870_,VDD,Metal1,366.4130,509.7950,4.873028
_15869_,VDD,Metal1,363.0530,548.6050,4.880649
_15868_,VDD,Metal1,743.2930,578.8450,4.890187
_15867_,VDD,Metal1,727.6130,609.0850,4.898501
_15866_,VDD,Metal1,825.6130,590.4350,4.893625
_15865_,VDD,Metal1,301.1465,479.4465,4.867312
_15864_,VDD,Metal1,308.2700,478.2780,4.867335
_15863_,VDD,Metal1,798.7330,620.6750,4.902374
_15862_,VDD,Metal1,297.7865,478.1530,4.867307
_15861_,VDD,Metal1,270.1100,479.4110,4.867280
_15860_,VDD,Metal1,268.0720,447.7840,4.862151
_15859_,VDD,Metal1,268.0775,407.5500,4.856170
_15858_,VDD,Metal1,219.5030,458.0850,4.863722
_15857_,VDD,Metal1,258.6450,458.1550,4.863802
_15856_,VDD,Metal1,248.6230,488.3250,4.869057
_15855_,VDD,Metal1,121.6680,437.6985,4.860219
_15854_,VDD,Metal1,233.8310,429.0290,4.858983
_15853_,VDD,Metal1,128.6765,418.9665,4.857299
_15852_,VDD,Metal1,94.9100,418.8415,4.857099
_15851_,VDD,Metal1,79.2300,358.3615,4.848724
_15850_,VDD,Metal1,83.1500,358.3615,4.848720
_15849_,VDD,Metal1,92.6700,368.4415,4.849878
_15848_,VDD,Metal1,109.4700,367.3980,4.849882
_15847_,VDD,Metal1,118.4300,357.3180,4.848723
_15846_,VDD,Metal1,122.2700,357.2285,4.848723
_15845_,VDD,Metal1,83.1500,368.4415,4.849878
_15844_,VDD,Metal1,88.7500,368.4415,4.849878
_15843_,VDD,Metal1,90.3500,397.5485,4.854169
_15842_,VDD,Metal1,100.1165,326.9530,4.844884
_15841_,VDD,Metal1,82.0300,316.9980,4.843708
_15840_,VDD,Metal1,135.2300,508.5180,4.872126
_15839_,VDD,Metal1,128.5100,499.4815,4.869728
_15838_,VDD,Metal1,139.1500,508.5180,4.872138
_15837_,VDD,Metal1,127.3900,529.7215,4.875665
_15836_,VDD,Metal1,115.6300,519.6415,4.874092
_15835_,VDD,Metal1,118.8930,538.5250,4.877558
_15834_,VDD,Metal1,474.1865,488.2330,4.869771
_15833_,VDD,Metal1,472.8600,489.6260,4.869771
_15832_,VDD,Metal1,480.9065,498.3130,4.871231
_15831_,VDD,Metal1,480.1900,479.3215,4.868220
_15830_,VDD,Metal1,485.7900,479.3215,4.868236
_15829_,VDD,Metal1,474.1865,498.3130,4.871208
_15828_,VDD,Metal1,452.6000,499.3635,4.871167
_15827_,VDD,Metal1,462.1200,508.6360,4.873368
_15826_,VDD,Metal1,461.1500,489.4015,4.869684
_15825_,VDD,Metal1,58.3600,600.1635,4.888370
_15824_,VDD,Metal1,57.5465,580.2465,4.884747
_15823_,VDD,Metal1,57.2400,579.1960,4.884747
_15822_,VDD,Metal1,68.2450,589.1950,4.886532
_15821_,VDD,Metal1,64.1100,570.0415,4.882944
_15820_,VDD,Metal1,62.0265,558.7930,4.881056
_15819_,VDD,Metal1,90.8930,620.6750,4.892228
_15818_,VDD,Metal1,13.0530,650.9150,4.897348
_15817_,VDD,Metal1,98.7330,640.8350,4.896044
_15816_,VDD,Metal1,74.6530,629.2450,4.894240
_15815_,VDD,Metal1,21.4530,599.0050,4.888267
_15814_,VDD,Metal1,19.2130,630.7550,4.893908
_15813_,VDD,Metal1,52.2530,630.7550,4.894115
_15812_,VDD,Metal1,109.9330,639.3250,4.896096
_15811_,VDD,Metal1,444.2530,660.9950,4.904413
_15810_,VDD,Metal1,425.7730,609.0850,4.893410
_15809_,VDD,Metal1,434.1730,649.4050,4.903224
_15808_,VDD,Metal1,410.6530,649.4050,4.903090
_15807_,VDD,Metal1,414.0130,639.3250,4.899583
_15806_,VDD,Metal1,445.3730,609.0850,4.893714
_15805_,VDD,Metal1,445.3730,610.5950,4.893714
_15804_,VDD,Metal1,443.6930,630.7550,4.898273
_15803_,VDD,Metal1,126.1900,538.6685,4.877578
_15802_,VDD,Metal1,113.8530,600.5150,4.888638
_15801_,VDD,Metal1,26.4930,660.9950,4.898725
_15800_,VDD,Metal1,117.2130,650.9150,4.898490
_15799_,VDD,Metal1,80.2530,620.6750,4.892158
_15798_,VDD,Metal1,40.4930,609.0850,4.889977
_15797_,VDD,Metal1,27.6130,630.7550,4.893911
_15796_,VDD,Metal1,61.7730,630.7550,4.894127
_15795_,VDD,Metal1,131.7730,620.6750,4.892424
_15794_,VDD,Metal1,112.7330,609.0850,4.890735
_15793_,VDD,Metal1,38.2530,640.8350,4.895584
_15792_,VDD,Metal1,129.5330,640.8350,4.896123
_15791_,VDD,Metal1,82.4930,649.4050,4.898133
_15790_,VDD,Metal1,31.5330,599.0050,4.888267
_15789_,VDD,Metal1,38.2530,620.6750,4.891958
_15788_,VDD,Metal1,58.4130,609.0850,4.890065
_15787_,VDD,Metal1,131.2130,619.1650,4.892424
_15786_,VDD,Metal1,456.5730,640.8350,4.899929
_15785_,VDD,Metal1,430.2530,619.1650,4.895904
_15784_,VDD,Metal1,444.8130,640.8350,4.899676
_15783_,VDD,Metal1,423.5330,649.4050,4.903224
_15782_,VDD,Metal1,425.7730,629.2450,4.898077
_15781_,VDD,Metal1,450.9730,600.5150,4.891493
_15780_,VDD,Metal1,462.7330,619.1650,4.896162
_15779_,VDD,Metal1,453.2130,639.3250,4.899922
_15778_,VDD,Metal1,447.0530,620.6750,4.896156
_15777_,VDD,Metal1,412.8930,610.5950,4.893143
_15776_,VDD,Metal1,406.7330,660.9950,4.904215
_15775_,VDD,Metal1,384.3330,639.3250,4.898781
_15774_,VDD,Metal1,316.0130,620.6750,4.894153
_15773_,VDD,Metal1,316.0130,639.3250,4.898095
_15772_,VDD,Metal1,325.5330,610.5950,4.892455
_15771_,VDD,Metal1,347.3730,619.1650,4.894378
_15770_,VDD,Metal1,450.9730,671.0750,4.906802
_15769_,VDD,Metal1,414.0130,679.6450,4.909043
_15768_,VDD,Metal1,430.2530,669.5650,4.906735
_15767_,VDD,Metal1,402.8130,679.6450,4.909028
_15766_,VDD,Metal1,432.4930,681.1550,4.909783
_15765_,VDD,Metal1,440.3330,701.3150,4.918544
_15764_,VDD,Metal1,498.0130,761.7950,4.926554
_15763_,VDD,Metal1,478.4130,701.3150,4.919253
_15762_,VDD,Metal1,131.7050,650.7955,4.898510
_15761_,VDD,Metal1,10.0050,569.0350,4.882923
_15760_,VDD,Metal1,23.1150,549.8825,4.879408
_15759_,VDD,Metal1,16.7830,549.9150,4.879408
_15758_,VDD,Metal1,31.4800,548.9560,4.879422
_15757_,VDD,Metal1,40.6825,549.7635,4.879436
_15756_,VDD,Metal1,32.1400,550.1060,4.879422
_15755_,VDD,Metal1,39.7100,559.9250,4.881025
_15754_,VDD,Metal1,22.8850,589.1950,4.886453
_15753_,VDD,Metal1,31.0200,578.8535,4.884716
_15752_,VDD,Metal1,13.9250,580.0850,4.884715
_15751_,VDD,Metal1,22.0600,568.7735,4.882923
_15750_,VDD,Metal1,15.0700,570.0050,4.882923
_15749_,VDD,Metal1,14.7900,569.0350,4.882923
_15748_,VDD,Metal1,31.5330,568.7650,4.882923
_15747_,VDD,Metal1,38.5165,568.8730,4.882923
_15746_,VDD,Metal1,43.3900,568.9980,4.882928
_15745_,VDD,Metal1,33.2600,560.1860,4.881025
_15744_,VDD,Metal1,39.3200,538.8760,4.877531
_15743_,VDD,Metal1,37.8825,529.6035,4.875546
_15742_,VDD,Metal1,43.3900,538.7580,4.877531
_15741_,VDD,Metal1,28.3930,539.9265,4.877531
_15740_,VDD,Metal1,32.5100,538.8550,4.877531
_15739_,VDD,Metal1,14.4850,529.6850,4.875552
_15738_,VDD,Metal1,20.9400,538.5335,4.877530
_15737_,VDD,Metal1,15.3500,519.6050,4.873984
_15736_,VDD,Metal1,28.9965,509.6865,4.872112
_15735_,VDD,Metal1,29.3900,518.5980,4.873984
_15734_,VDD,Metal1,34.4625,518.7160,4.873984
_15733_,VDD,Metal1,29.9000,529.9460,4.875546
_15732_,VDD,Metal1,42.4265,529.8465,4.875546
_15731_,VDD,Metal1,10.5650,519.6050,4.873984
_15730_,VDD,Metal1,20.9400,529.9460,4.875552
_15729_,VDD,Metal1,40.8050,499.4450,4.869581
_15728_,VDD,Metal1,41.6600,489.6260,4.868532
_15727_,VDD,Metal1,46.4050,488.3950,4.868531
_15726_,VDD,Metal1,32.6530,467.9650,4.865063
_15725_,VDD,Metal1,40.6225,468.3160,4.865053
_15724_,VDD,Metal1,44.7250,478.3150,4.866810
_15723_,VDD,Metal1,76.8400,468.3160,4.865024
_15722_,VDD,Metal1,43.8600,479.2850,4.866810
_15721_,VDD,Metal1,51.7500,479.2850,4.866801
_15720_,VDD,Metal1,34.5965,478.1530,4.866824
_15719_,VDD,Metal1,15.6050,488.3950,4.868548
_15718_,VDD,Metal1,22.0600,488.1335,4.868550
_15717_,VDD,Metal1,18.9650,499.4450,4.869661
_15716_,VDD,Metal1,20.9400,479.5460,4.866834
_15715_,VDD,Metal1,30.4700,489.3650,4.868547
_15714_,VDD,Metal1,11.1250,488.3950,4.868548
_15713_,VDD,Metal1,52.3100,499.4450,4.869581
_15712_,VDD,Metal1,22.7930,478.1530,4.866834
_15711_,VDD,Metal1,29.3900,478.2780,4.866828
_15710_,VDD,Metal1,17.4800,478.3960,4.866829
_15709_,VDD,Metal1,32.7500,479.3215,4.866824
_15708_,VDD,Metal1,28.3275,479.2250,4.866828
_15707_,VDD,Metal1,22.0130,467.9650,4.865076
_15706_,VDD,Metal1,32.7825,469.1235,4.865063
_15705_,VDD,Metal1,39.8800,459.0435,4.863397
_15704_,VDD,Metal1,34.4875,458.2150,4.863401
_15703_,VDD,Metal1,69.8465,478.4180,4.866797
_15702_,VDD,Metal1,52.8130,467.9650,4.865027
_15701_,VDD,Metal1,69.1825,468.3160,4.865023
_15700_,VDD,Metal1,52.6265,478.4180,4.866801
_15699_,VDD,Metal1,55.1300,469.1450,4.865027
_15698_,VDD,Metal1,58.6765,478.1530,4.866799
_15697_,VDD,Metal1,61.2130,467.9650,4.865023
_15696_,VDD,Metal1,75.4330,459.2865,4.863393
_15695_,VDD,Metal1,70.8300,469.2415,4.865023
_15694_,VDD,Metal1,64.6200,469.4660,4.865023
_15693_,VDD,Metal1,59.7530,488.2330,4.868526
_15692_,VDD,Metal1,54.5900,488.3580,4.868526
_15691_,VDD,Metal1,75.7440,489.5320,4.868527
_15690_,VDD,Metal1,63.5500,498.4380,4.869569
_15689_,VDD,Metal1,58.4130,540.0350,4.877532
_15688_,VDD,Metal1,53.8800,529.6035,4.875528
_15687_,VDD,Metal1,48.6450,528.7150,4.875540
_15686_,VDD,Metal1,69.3165,538.6330,4.877533
_15685_,VDD,Metal1,10.8200,529.6850,4.875552
_15684_,VDD,Metal1,64.9465,539.6615,4.877533
_15683_,VDD,Metal1,78.5800,529.6850,4.875574
_15682_,VDD,Metal1,77.5825,519.5235,4.874027
_15681_,VDD,Metal1,67.6265,509.5780,4.872046
_15680_,VDD,Metal1,54.0300,519.6415,4.874021
_15679_,VDD,Metal1,62.0265,528.5530,4.875528
_15678_,VDD,Metal1,228.0400,679.9960,4.903512
_15677_,VDD,Metal1,232.8365,679.7530,4.903512
_15676_,VDD,Metal1,230.9900,691.0015,4.907407
_15675_,VDD,Metal1,244.6450,680.8850,4.903870
_15674_,VDD,Metal1,234.5650,690.9650,4.907407
_15673_,VDD,Metal1,231.5500,670.8415,4.902333
_15672_,VDD,Metal1,239.8000,660.6435,4.901486
_15671_,VDD,Metal1,244.4660,679.7065,4.903870
_15670_,VDD,Metal1,247.2300,670.8415,4.902367
_15669_,VDD,Metal1,255.4800,669.9160,4.902444
_15668_,VDD,Metal1,266.8100,659.8150,4.901576
_15667_,VDD,Metal1,257.4765,649.5130,4.899517
_15666_,VDD,Metal1,272.5965,659.5930,4.901660
_15665_,VDD,Metal1,270.4630,660.7950,4.901655
_15664_,VDD,Metal1,264.8630,669.7650,4.902444
_15663_,VDD,Metal1,272.0365,670.9665,4.902533
_15662_,VDD,Metal1,253.9500,679.8780,4.905946
_15661_,VDD,Metal1,278.8050,700.0750,4.909725
_15660_,VDD,Metal1,273.5000,681.1460,4.906455
_15659_,VDD,Metal1,261.1400,680.8850,4.906378
_15658_,VDD,Metal1,267.4825,680.8035,4.906455
_15657_,VDD,Metal1,250.7565,699.9130,4.909460
_15656_,VDD,Metal1,253.3400,689.7335,4.907574
_15655_,VDD,Metal1,269.2365,699.9130,4.909530
_15654_,VDD,Metal1,274.3830,700.0050,4.909565
_15653_,VDD,Metal1,246.8850,689.9950,4.907573
_15652_,VDD,Metal1,343.2665,1093.2980,4.921955
_15651_,VDD,Metal1,343.5500,1074.0415,4.921334
_15650_,VDD,Metal1,357.4000,1084.0035,4.928240
_15649_,VDD,Metal1,350.4365,1093.0330,4.922452
_15648_,VDD,Metal1,424.9065,1082.9530,4.930730
_15647_,VDD,Metal1,423.0700,1093.1580,4.927589
_15646_,VDD,Metal1,436.1650,1094.1650,4.934139
_15645_,VDD,Metal1,442.6200,1084.3460,4.930735
_15644_,VDD,Metal1,430.8700,1094.1650,4.933932
_15643_,VDD,Metal1,448.4850,1084.0850,4.930761
_15642_,VDD,Metal1,433.5950,1074.0425,4.929067
_15641_,VDD,Metal1,439.5250,1074.0050,4.929561
_15640_,VDD,Metal1,402.1600,1074.1665,4.925756
_15639_,VDD,Metal1,410.7500,1084.1215,4.929814
_15638_,VDD,Metal1,390.8300,1083.1150,4.928982
_15637_,VDD,Metal1,376.2450,1093.1950,4.924787
_15636_,VDD,Metal1,384.3150,1083.0775,4.928950
_15635_,VDD,Metal1,377.8765,1074.1665,4.923834
_15634_,VDD,Metal1,383.0265,1073.9015,4.924056
_15633_,VDD,Metal1,390.5900,1094.2015,4.924815
_15632_,VDD,Metal1,395.2365,1084.2465,4.929428
_15631_,VDD,Metal1,369.2130,1084.3550,4.928899
_15630_,VDD,Metal1,354.9650,1093.1950,4.922638
_15629_,VDD,Metal1,497.4000,922.7235,4.932343
_15628_,VDD,Metal1,507.7965,941.8330,4.933160
_15627_,VDD,Metal1,507.9030,943.0350,4.933160
_15626_,VDD,Metal1,503.5600,931.9960,4.932750
_15625_,VDD,Metal1,497.2630,931.8450,4.932750
_15624_,VDD,Metal1,516.0300,931.8780,4.932750
_15623_,VDD,Metal1,508.8075,931.9750,4.932750
_15622_,VDD,Metal1,505.9500,901.6380,4.931534
_15621_,VDD,Metal1,500.9100,901.6380,4.931534
_15620_,VDD,Metal1,510.0365,891.4330,4.931217
_15619_,VDD,Metal1,506.7830,912.7950,4.932045
_15618_,VDD,Metal1,502.2700,872.4050,4.930657
_15617_,VDD,Metal1,498.2765,862.4865,4.930286
_15616_,VDD,Metal1,506.3600,871.5160,4.930657
_15615_,VDD,Metal1,510.6450,862.3250,4.930286
_15614_,VDD,Metal1,500.9100,871.3980,4.930657
_15613_,VDD,Metal1,516.0300,861.3180,4.930286
_15612_,VDD,Metal1,504.7150,862.3625,4.930287
_15611_,VDD,Metal1,495.7800,852.2450,4.929953
_15610_,VDD,Metal1,509.9060,851.0665,4.929953
_15609_,VDD,Metal1,497.7165,881.3530,4.930961
_15608_,VDD,Metal1,503.5200,891.4330,4.931217
_15607_,VDD,Metal1,504.2200,881.2535,4.930961
_15606_,VDD,Metal1,499.6930,842.4350,4.929363
_15605_,VDD,Metal1,503.3165,820.8730,4.929057
_15604_,VDD,Metal1,503.1000,822.2660,4.929057
_15603_,VDD,Metal1,516.0300,841.1580,4.929363
_15602_,VDD,Metal1,502.5400,851.0135,4.929953
_15601_,VDD,Metal1,496.5965,822.1665,4.929057
_15600_,VDD,Metal1,239.3900,700.0380,4.909444
_15599_,VDD,Metal1,502.1965,912.8865,4.932045
_15598_,VDD,Metal1,90.3330,691.2350,4.904188
_15597_,VDD,Metal1,62.0265,689.8330,4.903243
_15596_,VDD,Metal1,61.5250,690.9650,4.903243
_15595_,VDD,Metal1,117.4665,670.9665,4.900738
_15594_,VDD,Metal1,111.9250,669.8350,4.900615
_15593_,VDD,Metal1,96.1865,679.7530,4.902128
_15592_,VDD,Metal1,88.9650,670.8050,4.900562
_15591_,VDD,Metal1,58.1065,670.9665,4.900360
_15590_,VDD,Metal1,46.9650,679.9150,4.901806
_15589_,VDD,Metal1,69.8765,679.7530,4.901925
_15588_,VDD,Metal1,68.2450,689.9950,4.903557
_15587_,VDD,Metal1,75.3100,669.7980,4.900368
_15586_,VDD,Metal1,81.0765,681.0465,4.902057
_15585_,VDD,Metal1,75.5250,680.8850,4.902054
_15584_,VDD,Metal1,82.5900,670.8415,4.900438
_15583_,VDD,Metal1,116.9065,681.0465,4.902629
_15582_,VDD,Metal1,122.3500,680.9215,4.902629
_15581_,VDD,Metal1,128.1165,681.0465,4.902629
_15580_,VDD,Metal1,110.6260,681.0930,4.902573
_15579_,VDD,Metal1,119.0260,689.7865,4.905027
_15578_,VDD,Metal1,109.6850,679.9150,4.902573
_15577_,VDD,Metal1,110.8050,690.9650,4.904814
_15576_,VDD,Metal1,116.8865,690.8615,4.905026
_15575_,VDD,Metal1,110.2700,700.0750,4.905264
_15574_,VDD,Metal1,116.9900,700.0750,4.905370
_15573_,VDD,Metal1,115.6660,701.2530,4.905366
_15572_,VDD,Metal1,108.5000,701.2865,4.905260
_15571_,VDD,Metal1,199.2065,620.3015,4.893155
_15570_,VDD,Metal1,210.4850,620.4050,4.893373
_15569_,VDD,Metal1,206.9100,620.4415,4.893155
_15568_,VDD,Metal1,213.0700,619.3980,4.893419
_15567_,VDD,Metal1,214.9650,620.4050,4.893423
_15566_,VDD,Metal1,214.7100,610.3250,4.891521
_15565_,VDD,Metal1,220.0050,620.4050,4.893486
_15564_,VDD,Metal1,218.9465,609.4580,4.891590
_15563_,VDD,Metal1,218.0700,599.2750,4.889450
_15562_,VDD,Metal1,213.8450,609.3550,4.891521
_15561_,VDD,Metal1,213.3465,600.1415,4.889393
_15560_,VDD,Metal1,205.7500,600.2450,4.889381
_15559_,VDD,Metal1,205.6400,609.4360,4.891344
_15558_,VDD,Metal1,207.0465,590.0615,4.887308
_15557_,VDD,Metal1,187.5865,600.1415,4.889315
_15556_,VDD,Metal1,194.4750,600.2825,4.889367
_15555_,VDD,Metal1,190.6300,580.0850,4.885571
_15554_,VDD,Metal1,195.9250,580.0850,4.885571
_15553_,VDD,Metal1,189.6865,599.3780,4.889315
_15552_,VDD,Metal1,147.7165,599.1130,4.888680
_15551_,VDD,Metal1,227.5330,629.2450,4.895548
_15550_,VDD,Metal1,238.1730,609.0850,4.891604
_15549_,VDD,Metal1,234.8130,590.4350,4.887509
_15548_,VDD,Metal1,207.9330,630.7550,4.895540
_15547_,VDD,Metal1,218.0130,588.9250,4.887504
_15546_,VDD,Metal1,196.1730,570.2750,4.883281
_15545_,VDD,Metal1,388.8130,630.7550,4.897078
_15544_,VDD,Metal1,384.3330,568.7650,4.884490
_15543_,VDD,Metal1,366.4130,570.2750,4.884460
_15542_,VDD,Metal1,386.5730,609.0850,4.892761
_15541_,VDD,Metal1,286.3330,590.4350,4.888042
_15540_,VDD,Metal1,277.3730,629.2450,4.895978
_15539_,VDD,Metal1,270.6530,588.9250,4.887789
_15538_,VDD,Metal1,335.0530,570.2750,4.884295
_15537_,VDD,Metal1,296.4130,639.3250,4.897925
_15536_,VDD,Metal1,370.3330,610.5950,4.892594
_15535_,VDD,Metal1,370.3330,588.9250,4.888516
_15534_,VDD,Metal1,373.1330,629.2450,4.896932
_15533_,VDD,Metal1,266.7330,609.0850,4.891738
_15532_,VDD,Metal1,266.7330,629.2450,4.895887
_15531_,VDD,Metal1,325.5330,590.4350,4.888400
_15530_,VDD,Metal1,348.4930,639.3250,4.898315
_15529_,VDD,Metal1,160.6450,600.2450,4.888709
_15528_,VDD,Metal1,168.1200,609.4360,4.890981
_15527_,VDD,Metal1,120.6300,600.2450,4.888641
_15526_,VDD,Metal1,128.6465,600.1415,4.888677
_15525_,VDD,Metal1,122.2000,590.0835,4.886882
_15524_,VDD,Metal1,119.4000,599.3560,4.888640
_15523_,VDD,Metal1,134.2665,590.3265,4.886916
_15522_,VDD,Metal1,80.3100,599.2750,4.888509
_15521_,VDD,Metal1,96.1665,589.2980,4.886771
_15520_,VDD,Metal1,97.3650,609.3550,4.890685
_15519_,VDD,Metal1,86.4700,609.3550,4.890613
_15518_,VDD,Metal1,92.3865,609.4580,4.890654
_15517_,VDD,Metal1,92.3250,610.3250,4.890654
_15516_,VDD,Metal1,89.2700,589.1950,4.886771
_15515_,VDD,Metal1,95.7465,579.9815,4.884951
_15514_,VDD,Metal1,101.2850,589.1950,4.886771
_15513_,VDD,Metal1,97.6700,579.1150,4.884953
_15512_,VDD,Metal1,110.1225,569.1160,4.882998
_15511_,VDD,Metal1,107.4450,579.1150,4.885017
_15510_,VDD,Metal1,116.0400,569.1160,4.883000
_15509_,VDD,Metal1,109.4700,548.8380,4.879596
_15508_,VDD,Metal1,88.4050,570.0050,4.882997
_15507_,VDD,Metal1,108.7950,559.9625,4.881076
_15506_,VDD,Metal1,109.0465,559.0580,4.881076
_15505_,VDD,Metal1,112.2700,579.0780,4.885043
_15504_,VDD,Metal1,117.5830,559.9950,4.881119
_15503_,VDD,Metal1,276.6265,630.3815,4.895978
_15502_,VDD,Metal1,286.3330,620.6750,4.894007
_15501_,VDD,Metal1,336.5465,609.4580,4.892462
_15500_,VDD,Metal1,355.2130,610.5950,4.892594
_15499_,VDD,Metal1,345.5065,579.2180,4.886607
_15498_,VDD,Metal1,352.9730,578.8450,4.886607
_15497_,VDD,Metal1,345.5065,629.6180,4.896898
_15496_,VDD,Metal1,356.8930,639.3250,4.898516
_15495_,VDD,Metal1,251.9865,619.5380,4.893895
_15494_,VDD,Metal1,252.7330,600.5150,4.889600
_15493_,VDD,Metal1,249.1865,620.3015,4.893878
_15492_,VDD,Metal1,255.5330,630.7550,4.895864
_15491_,VDD,Metal1,308.5465,590.0615,4.888239
_15490_,VDD,Metal1,316.0130,590.4350,4.888355
_15489_,VDD,Metal1,334.8665,629.6180,4.896692
_15488_,VDD,Metal1,335.0530,630.7550,4.896692
_15487_,VDD,Metal1,140.9865,578.9530,4.885173
_15486_,VDD,Metal1,120.3250,569.0350,4.883025
_15485_,VDD,Metal1,117.5250,558.9550,4.881119
_15484_,VDD,Metal1,120.6700,548.8380,4.879596
_15483_,VDD,Metal1,141.9500,609.3180,4.890809
_15482_,VDD,Metal1,144.1500,580.0850,4.885287
_15481_,VDD,Metal1,137.2300,569.9450,4.883097
_15480_,VDD,Metal1,149.7900,609.3180,4.890809
_15479_,VDD,Metal1,167.1500,599.2380,4.889248
_15478_,VDD,Metal1,175.4600,599.2750,4.889248
_15477_,VDD,Metal1,199.1060,609.1465,4.891271
_15476_,VDD,Metal1,205.4450,610.3250,4.891343
_15475_,VDD,Metal1,217.2630,619.3650,4.893459
_15474_,VDD,Metal1,252.4265,508.3930,4.872423
_15473_,VDD,Metal1,251.8765,498.3130,4.869963
_15472_,VDD,Metal1,245.8230,499.5150,4.869926
_15471_,VDD,Metal1,238.1730,498.2050,4.869905
_15470_,VDD,Metal1,238.4065,509.4215,4.872396
_15469_,VDD,Metal1,229.7730,498.2050,4.869905
_15468_,VDD,Metal1,227.0300,508.5550,4.872357
_15467_,VDD,Metal1,245.5500,509.5615,4.872403
_15466_,VDD,Metal1,252.3060,528.5065,4.876292
_15465_,VDD,Metal1,251.3165,539.9265,4.877952
_15464_,VDD,Metal1,249.1865,569.9015,4.883539
_15463_,VDD,Metal1,246.5200,559.8435,4.881757
_15462_,VDD,Metal1,247.5030,549.9150,4.880172
_15461_,VDD,Metal1,235.4700,558.9180,4.881686
_15460_,VDD,Metal1,239.8000,559.8435,4.881688
_15459_,VDD,Metal1,218.7930,568.8730,4.883368
_15458_,VDD,Metal1,223.3650,570.0050,4.883508
_15457_,VDD,Metal1,228.1900,549.8815,4.880018
_15456_,VDD,Metal1,213.1930,560.0865,4.881683
_15455_,VDD,Metal1,225.0450,548.8750,4.879994
_15454_,VDD,Metal1,212.5100,549.8815,4.879831
_15453_,VDD,Metal1,210.3930,529.8465,4.876071
_15452_,VDD,Metal1,236.4400,529.6035,4.876073
_15451_,VDD,Metal1,234.9100,538.7580,4.877923
_15450_,VDD,Metal1,211.5130,548.7130,4.879831
_15449_,VDD,Metal1,206.3500,548.8380,4.879809
_15448_,VDD,Metal1,208.1965,538.6330,4.877920
_15447_,VDD,Metal1,215.2130,538.5250,4.877923
_15446_,VDD,Metal1,216.0850,518.6350,4.874352
_15445_,VDD,Metal1,245.7165,539.9265,4.877949
_15444_,VDD,Metal1,253.6630,558.8850,4.881777
_15443_,VDD,Metal1,247.9265,559.0580,4.881757
_15442_,VDD,Metal1,256.7500,549.8815,4.880172
_15441_,VDD,Metal1,258.4300,558.9180,4.881777
_15440_,VDD,Metal1,251.9250,549.8450,4.880172
_15439_,VDD,Metal1,244.9900,570.0415,4.883539
_15438_,VDD,Metal1,225.6665,569.1380,4.883519
_15437_,VDD,Metal1,216.7065,549.7415,4.879940
_15436_,VDD,Metal1,226.6465,538.8980,4.877923
_15435_,VDD,Metal1,207.4700,498.4380,4.869815
_15434_,VDD,Metal1,212.7250,499.4450,4.869854
_15433_,VDD,Metal1,207.3200,499.3635,4.869815
_15432_,VDD,Metal1,199.6300,489.4015,4.868854
_15431_,VDD,Metal1,194.3065,479.1815,4.867130
_15430_,VDD,Metal1,920.2530,44.6050,4.826016
_15429_,VDD,Metal1,916.3330,24.4450,4.826266
_15428_,VDD,Metal1,893.9330,54.6850,4.826443
_15427_,VDD,Metal1,883.2930,44.6050,4.826017
_15426_,VDD,Metal1,840.1730,54.6850,4.826487
_15425_,VDD,Metal1,859.2130,24.4450,4.826362
_15424_,VDD,Metal1,825.6130,36.0350,4.826369
_15423_,VDD,Metal1,629.6130,36.0350,4.826647
_15422_,VDD,Metal1,564.0930,25.9550,4.826543
_15421_,VDD,Metal1,526.5730,46.1150,4.826835
_15420_,VDD,Metal1,457.1330,24.4450,4.826798
_15419_,VDD,Metal1,249.9330,36.0350,4.826931
_15418_,VDD,Metal1,236.4930,25.9550,4.826609
_15417_,VDD,Metal1,202.3330,24.4450,4.826714
_15416_,VDD,Metal1,131.2130,24.4450,4.826783
_15415_,VDD,Metal1,159.2130,36.0350,4.826928
_15414_,VDD,Metal1,942.0930,619.1650,4.904158
_15413_,VDD,Metal1,935.3730,669.5650,4.922450
_15412_,VDD,Metal1,943.2130,630.7550,4.907174
_15411_,VDD,Metal1,931.4530,650.9150,4.913116
_15410_,VDD,Metal1,962.8130,588.9250,4.894819
_15409_,VDD,Metal1,979.6130,560.1950,4.886520
_15408_,VDD,Metal1,972.3330,519.8750,4.877524
_15407_,VDD,Metal1,972.3330,488.1250,4.871124
_15406_,VDD,Metal1,953.8530,457.8850,4.865532
_15405_,VDD,Metal1,904.0130,187.2350,4.831959
_15404_,VDD,Metal1,602.7330,288.0350,4.841092
_15403_,VDD,Metal1,610.0130,135.3250,4.829435
_15402_,VDD,Metal1,570.8130,135.3250,4.829421
_15401_,VDD,Metal1,294.7330,115.1650,4.828841
_15400_,VDD,Metal1,305.9330,95.0050,4.827933
_15399_,VDD,Metal1,384.3330,115.1650,4.828823
_15398_,VDD,Metal1,196.7330,44.6050,4.827123
_15397_,VDD,Metal1,396.6530,105.0850,4.828487
_15396_,VDD,Metal1,814.9730,36.0350,4.826370
_15395_,VDD,Metal1,786.4130,36.0350,4.826421
_15394_,VDD,Metal1,736.5730,46.1150,4.826283
_15393_,VDD,Metal1,717.5330,46.1150,4.826377
_15392_,VDD,Metal1,686.1730,54.6850,4.826787
_15391_,VDD,Metal1,658.7330,36.0350,4.826561
_15390_,VDD,Metal1,619.5330,44.6050,4.826627
_15389_,VDD,Metal1,589.2930,46.1150,4.826641
_15388_,VDD,Metal1,546.7330,46.1150,4.826814
_15387_,VDD,Metal1,485.6930,25.9550,4.826816
_15386_,VDD,Metal1,429.1330,34.5250,4.826763
_15385_,VDD,Metal1,78.5730,24.4450,4.826843
_15384_,VDD,Metal1,109.9330,54.6850,4.826844
_15383_,VDD,Metal1,109.9330,44.6050,4.827107
_15382_,VDD,Metal1,89.2130,24.4450,4.826811
_15381_,VDD,Metal1,278.4930,24.4450,4.826605
_15380_,VDD,Metal1,877.1330,681.1550,4.925552
_15379_,VDD,Metal1,873.7730,659.4850,4.917100
_15378_,VDD,Metal1,901.2130,669.5650,4.921965
_15377_,VDD,Metal1,920.2530,669.5650,4.922374
_15376_,VDD,Metal1,935.3730,691.2350,4.929894
_15375_,VDD,Metal1,919.1330,699.8050,4.937353
_15374_,VDD,Metal1,914.0930,550.1150,4.884114
_15373_,VDD,Metal1,972.3330,478.0450,4.869139
_15372_,VDD,Metal1,974.0130,427.6450,4.859982
_15371_,VDD,Metal1,590.4130,308.1950,4.843359
_15370_,VDD,Metal1,607.7730,308.1950,4.843359
_15369_,VDD,Metal1,560.7330,368.6750,4.850725
_15368_,VDD,Metal1,311.5330,298.1150,4.841671
_15367_,VDD,Metal1,80.8130,298.1150,4.841573
_15366_,VDD,Metal1,499.1330,298.1150,4.842100
_15365_,VDD,Metal1,90.3330,266.3650,4.838248
_15364_,VDD,Metal1,974.0130,326.8450,4.845520
_15363_,VDD,Metal1,994.3130,328.3850,4.845484
_15362_,VDD,Metal1,1004.5165,328.2465,4.845368
_15361_,VDD,Metal1,981.8530,106.5950,4.827812
_15360_,VDD,Metal1,992.3840,326.9195,4.845484
_15359_,VDD,Metal1,989.4450,338.1650,4.846347
_15358_,VDD,Metal1,992.0300,347.2380,4.848131
_15357_,VDD,Metal1,991.8800,307.8435,4.842836
_15356_,VDD,Metal1,972.3330,115.1650,4.828288
_15355_,VDD,Metal1,988.7130,306.6550,4.842836
_15354_,VDD,Metal1,995.9500,297.8815,4.841530
_15353_,VDD,Metal1,991.4700,297.8815,4.841763
_15352_,VDD,Metal1,992.6475,317.9450,4.844232
_15351_,VDD,Metal1,983.9065,317.1380,4.844245
_15350_,VDD,Metal1,974.5730,96.5150,4.827180
_15349_,VDD,Metal1,991.4200,288.0260,4.840938
_15348_,VDD,Metal1,993.7100,296.8380,4.841647
_15347_,VDD,Metal1,1001.6075,307.0150,4.842826
_15346_,VDD,Metal1,997.6300,307.9615,4.842827
_15345_,VDD,Metal1,991.0330,267.7665,4.838364
_15344_,VDD,Metal1,971.7730,116.6750,4.828288
_15343_,VDD,Metal1,982.4600,267.8660,4.838387
_15342_,VDD,Metal1,984.9650,266.6350,4.838387
_15341_,VDD,Metal1,990.6800,257.4435,4.837791
_15340_,VDD,Metal1,982.4600,277.9460,4.839700
_15339_,VDD,Metal1,1008.8300,277.7215,4.839691
_15338_,VDD,Metal1,962.8130,105.0850,4.827812
_15337_,VDD,Metal1,988.4640,256.3595,4.837791
_15336_,VDD,Metal1,995.0450,266.6350,4.838356
_15335_,VDD,Metal1,991.3200,266.7160,4.838364
_15334_,VDD,Metal1,981.5130,246.3130,4.836751
_15333_,VDD,Metal1,976.3500,246.4380,4.836751
_15332_,VDD,Metal1,983.8450,257.5250,4.837792
_15331_,VDD,Metal1,987.2665,246.5780,4.836750
_15330_,VDD,Metal1,999.7200,207.0435,4.833467
_15329_,VDD,Metal1,991.4200,247.7060,4.836748
_15328_,VDD,Metal1,972.3330,175.6450,4.831490
_15327_,VDD,Metal1,994.3130,197.3450,4.832412
_15326_,VDD,Metal1,1001.6075,206.2150,4.833467
_15325_,VDD,Metal1,983.3465,196.9415,4.832413
_15324_,VDD,Metal1,994.3930,187.1265,4.831924
_15323_,VDD,Metal1,965.0530,146.9150,4.829631
_15322_,VDD,Metal1,990.3000,185.7335,4.831924
_15321_,VDD,Metal1,996.1650,185.9950,4.831923
_15320_,VDD,Metal1,984.6000,176.8035,4.831481
_15319_,VDD,Metal1,1005.4200,197.3060,4.832391
_15318_,VDD,Metal1,1001.5500,196.0380,4.832393
_15317_,VDD,Metal1,971.7730,76.3550,4.826837
_15316_,VDD,Metal1,987.0330,175.6150,4.831481
_15315_,VDD,Metal1,983.8450,185.9950,4.831937
_15314_,VDD,Metal1,983.7965,156.8865,4.829991
_15313_,VDD,Metal1,972.3330,84.9250,4.826806
_15312_,VDD,Metal1,984.5440,155.5595,4.829991
_15311_,VDD,Metal1,990.5165,126.6465,4.828391
_15310_,VDD,Metal1,989.4450,156.7250,4.829991
_15309_,VDD,Metal1,994.2700,156.7615,4.829982
_15308_,VDD,Metal1,972.3330,64.7650,4.826299
_15307_,VDD,Metal1,978.0730,125.2150,4.828457
_15306_,VDD,Metal1,978.3065,136.4615,4.829118
_15305_,VDD,Metal1,980.3275,145.7350,4.829576
_15304_,VDD,Metal1,983.1930,66.1665,4.826268
_15303_,VDD,Metal1,959.4530,54.6850,4.826414
_15302_,VDD,Metal1,998.7930,64.7350,4.826263
_15301_,VDD,Metal1,1007.9250,55.9250,4.826251
_15300_,VDD,Metal1,1000.0065,65.9015,4.826263
_15299_,VDD,Metal1,1003.4450,55.9250,4.826263
_15298_,VDD,Metal1,978.0300,66.0415,4.826269
_15297_,VDD,Metal1,961.6930,44.6050,4.825962
_15296_,VDD,Metal1,994.3130,56.2250,4.826331
_15295_,VDD,Metal1,1003.7900,54.9180,4.826263
_15294_,VDD,Metal1,1009.0450,65.0350,4.826231
_15293_,VDD,Metal1,1001.5500,45.8815,4.825790
_15292_,VDD,Metal1,970.9165,44.7130,4.825943
_15291_,VDD,Metal1,961.7900,34.7580,4.826177
_15290_,VDD,Metal1,1000.4300,25.7215,4.826048
_15289_,VDD,Metal1,1007.6900,45.7850,4.825746
_15288_,VDD,Metal1,1010.1165,44.7130,4.825509
_15287_,VDD,Metal1,1000.8750,44.8375,4.825790
_15286_,VDD,Metal1,984.7500,45.8815,4.825940
_15285_,VDD,Metal1,953.2930,44.6050,4.825963
_15284_,VDD,Metal1,1037.9000,44.6135,4.825412
_15283_,VDD,Metal1,1043.0825,34.8760,4.826057
_15282_,VDD,Metal1,1043.4000,55.0360,4.826202
_15281_,VDD,Metal1,1050.8625,55.0360,4.826202
_15280_,VDD,Metal1,1051.6930,105.2780,4.827743
_15279_,VDD,Metal1,1043.4600,105.3550,4.827743
_15278_,VDD,Metal1,1068.7825,106.2435,4.827741
_15277_,VDD,Metal1,1080.9200,105.4360,4.827741
_15276_,VDD,Metal1,1073.3865,115.2730,4.828149
_15275_,VDD,Metal1,1074.9425,106.2435,4.827741
_15274_,VDD,Metal1,1075.8400,95.1130,4.827109
_15273_,VDD,Metal1,1053.2850,45.8450,4.825405
_15272_,VDD,Metal1,1034.5400,34.5335,4.826057
_15271_,VDD,Metal1,1029.2665,25.5815,4.826018
_15270_,VDD,Metal1,954.4130,701.3150,4.940208
_15269_,VDD,Metal1,1045.5840,923.0005,4.958077
_15268_,VDD,Metal1,1048.7565,943.1265,4.959399
_15267_,VDD,Metal1,955.5330,689.7250,4.929839
_15266_,VDD,Metal1,1055.1040,931.7195,4.958890
_15265_,VDD,Metal1,1055.5250,941.9950,4.959397
_15264_,VDD,Metal1,1049.7100,921.7980,4.958077
_15263_,VDD,Metal1,1045.0800,911.8360,4.957392
_15262_,VDD,Metal1,989.3530,871.2730,4.955208
_15261_,VDD,Metal1,985.8700,861.3180,4.954806
_15260_,VDD,Metal1,1004.4865,872.3015,4.955208
_15259_,VDD,Metal1,999.1600,872.3235,4.955208
_15258_,VDD,Metal1,1002.6665,862.4865,4.954809
_15257_,VDD,Metal1,1044.0600,892.8260,4.956226
_15256_,VDD,Metal1,946.0130,701.3150,4.940202
_15255_,VDD,Metal1,1004.1440,871.2395,4.955208
_15254_,VDD,Metal1,1012.1900,871.3980,4.955208
_15253_,VDD,Metal1,996.6765,862.4865,4.954807
_15252_,VDD,Metal1,977.0765,711.2865,4.947493
_15251_,VDD,Metal1,981.9500,711.1615,4.947494
_15250_,VDD,Metal1,975.7900,721.2415,4.947892
_15249_,VDD,Metal1,1000.7030,842.2350,4.953994
_15248_,VDD,Metal1,990.7600,851.3560,4.954140
_15247_,VDD,Metal1,988.6665,832.2465,4.953499
_15246_,VDD,Metal1,1005.4200,861.0935,4.954809
_15245_,VDD,Metal1,953.2930,671.0750,4.922459
_15244_,VDD,Metal1,986.7840,840.9995,4.953992
_15243_,VDD,Metal1,1001.5500,851.2380,4.954140
_15242_,VDD,Metal1,996.3600,842.0835,4.953993
_15241_,VDD,Metal1,979.8330,832.2465,4.953499
_15240_,VDD,Metal1,975.7900,831.0780,4.953499
_15239_,VDD,Metal1,976.0050,841.1950,4.953992
_15238_,VDD,Metal1,981.6665,831.2180,4.953499
_15237_,VDD,Metal1,996.3600,548.9560,4.884021
_15236_,VDD,Metal1,994.7400,822.0050,4.952560
_15235_,VDD,Metal1,988.6200,830.8535,4.953499
_15234_,VDD,Metal1,1005.4700,842.2015,4.953994
_15233_,VDD,Metal1,981.8530,528.4450,4.879394
_15232_,VDD,Metal1,994.0640,528.5195,4.879380
_15231_,VDD,Metal1,990.9100,548.8380,4.884038
_15230_,VDD,Metal1,983.2850,538.7950,4.881805
_15229_,VDD,Metal1,989.9130,488.2330,4.871027
_15228_,VDD,Metal1,981.8530,449.3150,4.863435
_15227_,VDD,Metal1,995.7440,479.4805,4.869105
_15226_,VDD,Metal1,997.2850,478.3150,4.869105
_15225_,VDD,Metal1,1003.0800,468.3160,4.867109
_15224_,VDD,Metal1,995.0450,488.3950,4.871026
_15223_,VDD,Metal1,999.8700,488.3580,4.871026
_15222_,VDD,Metal1,991.9330,429.1550,4.859981
_15221_,VDD,Metal1,997.4240,457.9595,4.865477
_15220_,VDD,Metal1,992.8050,478.3150,4.869105
_15219_,VDD,Metal1,1003.3965,437.8330,4.861601
_15218_,VDD,Metal1,1001.4530,427.6450,4.859969
_15217_,VDD,Metal1,1011.4240,429.0805,4.859959
_15216_,VDD,Metal1,1042.0365,417.6730,4.858245
_15215_,VDD,Metal1,1014.6450,437.9950,4.861601
_15214_,VDD,Metal1,1019.4700,437.9580,4.861578
_15213_,VDD,Metal1,976.8130,397.4050,4.855141
_15212_,VDD,Metal1,1039.4240,398.8405,4.854605
_15211_,VDD,Metal1,1040.9650,418.8050,4.858245
_15210_,VDD,Metal1,1048.5900,417.7980,4.858245
_15209_,VDD,Metal1,1075.0330,387.4330,4.853597
_15208_,VDD,Metal1,983.7965,368.5665,4.850507
_15207_,VDD,Metal1,989.7900,358.3615,4.849043
_15206_,VDD,Metal1,1069.6640,377.3195,4.851921
_15205_,VDD,Metal1,1075.6850,368.4050,4.849892
_15204_,VDD,Metal1,1077.4800,358.2435,4.848887
_15203_,VDD,Metal1,1058.8850,377.5150,4.851924
_15202_,VDD,Metal1,1063.1500,388.6015,4.853597
_15201_,VDD,Metal1,976.8130,338.4350,4.846368
_15200_,VDD,Metal1,1074.1440,348.4405,4.848119
_15199_,VDD,Metal1,1073.4450,367.4350,4.849892
_15198_,VDD,Metal1,1077.0000,347.3560,4.848119
_15197_,VDD,Metal1,972.0365,316.8730,4.844258
_15196_,VDD,Metal1,971.8700,328.1215,4.845520
_15195_,VDD,Metal1,1069.2600,347.0135,4.848119
_15194_,VDD,Metal1,1078.2200,308.1860,4.842793
_15193_,VDD,Metal1,1081.2850,306.9550,4.842793
_15192_,VDD,Metal1,1077.3165,338.3265,4.846190
_15191_,VDD,Metal1,973.7165,306.7930,4.842851
_15190_,VDD,Metal1,978.5900,306.9180,4.842851
_15189_,VDD,Metal1,1074.1440,328.2805,4.845271
_15188_,VDD,Metal1,1061.5025,509.4435,4.875360
_15187_,VDD,Metal1,1076.6225,508.6360,4.875358
_15186_,VDD,Metal1,1070.4265,528.5530,4.879352
_15185_,VDD,Metal1,1063.1500,529.7215,4.879352
_15184_,VDD,Metal1,1057.7065,548.7130,4.883897
_15183_,VDD,Metal1,1078.0400,559.8435,4.886145
_15182_,VDD,Metal1,1076.2450,570.0050,4.889023
_15181_,VDD,Metal1,1061.5025,580.0035,4.891624
_15180_,VDD,Metal1,1077.5200,600.4065,4.897398
_15179_,VDD,Metal1,1082.4050,337.1950,4.846190
_15178_,VDD,Metal1,1082.1900,328.1215,4.845271
_15177_,VDD,Metal1,316.0130,76.3550,4.827621
_15176_,VDD,Metal1,276.8130,66.2750,4.827457
_15175_,VDD,Metal1,961.1400,701.0450,4.940579
_15174_,VDD,Metal1,454.3500,458.0285,4.864511
_15173_,VDD,Metal1,919.1330,54.6850,4.826427
_15172_,VDD,Metal1,926.4130,24.4450,4.826266
_15171_,VDD,Metal1,895.0530,66.2750,4.826343
_15170_,VDD,Metal1,893.9330,34.5250,4.826307
_15169_,VDD,Metal1,854.1730,56.1950,4.826451
_15168_,VDD,Metal1,868.7330,24.4450,4.826362
_15167_,VDD,Metal1,835.1330,25.9550,4.826446
_15166_,VDD,Metal1,640.2530,25.9550,4.826658
_15165_,VDD,Metal1,560.7330,36.0350,4.826687
_15164_,VDD,Metal1,521.5330,66.2750,4.827420
_15163_,VDD,Metal1,254.9730,25.9550,4.826603
_15162_,VDD,Metal1,229.7730,44.6050,4.827110
_15161_,VDD,Metal1,218.0130,34.5250,4.826925
_15160_,VDD,Metal1,178.8130,25.9550,4.826748
_15159_,VDD,Metal1,117.2130,34.5250,4.826896
_15158_,VDD,Metal1,151.3730,34.5250,4.826909
_15157_,VDD,Metal1,956.0930,610.5950,4.900587
_15156_,VDD,Metal1,952.7330,660.9950,4.917705
_15155_,VDD,Metal1,958.3330,639.3250,4.910350
_15154_,VDD,Metal1,939.8530,650.9150,4.913119
_15153_,VDD,Metal1,962.8130,578.8450,4.891756
_15152_,VDD,Metal1,979.0530,548.6050,4.884079
_15151_,VDD,Metal1,972.3330,508.2850,4.875407
_15150_,VDD,Metal1,980.7330,478.0450,4.869135
_15149_,VDD,Metal1,954.4130,427.6450,4.859994
_15148_,VDD,Metal1,913.5330,177.1550,4.831497
_15147_,VDD,Metal1,585.9330,277.9550,4.839861
_15146_,VDD,Metal1,601.6130,135.3250,4.829434
_15145_,VDD,Metal1,559.6130,135.3250,4.829419
_15144_,VDD,Metal1,276.8130,106.5950,4.828525
_15143_,VDD,Metal1,293.0530,86.4350,4.827674
_15142_,VDD,Metal1,368.6530,106.5950,4.828491
_15141_,VDD,Metal1,190.0130,34.5250,4.826927
_15140_,VDD,Metal1,388.2530,105.0850,4.828491
_15139_,VDD,Metal1,806.0130,44.6050,4.826247
_15138_,VDD,Metal1,782.4930,25.9550,4.826568
_15137_,VDD,Metal1,756.1730,34.5250,4.826468
_15136_,VDD,Metal1,724.8130,34.5250,4.826491
_15135_,VDD,Metal1,697.3730,36.0350,4.826523
_15134_,VDD,Metal1,662.0930,24.4450,4.826639
_15133_,VDD,Metal1,611.6930,24.4450,4.826589
_15132_,VDD,Metal1,599.3730,34.5250,4.826656
_15131_,VDD,Metal1,532.1730,36.0350,4.826719
_15130_,VDD,Metal1,476.1730,24.4450,4.826805
_15129_,VDD,Metal1,267.2930,34.5250,4.826931
_15128_,VDD,Metal1,71.2930,44.6050,4.827125
_15127_,VDD,Metal1,98.1730,64.7650,4.827324
_15126_,VDD,Metal1,97.6130,24.4450,4.826810
_15125_,VDD,Metal1,70.1730,24.4450,4.826843
_15124_,VDD,Metal1,70.7330,54.6850,4.826851
_15123_,VDD,Metal1,881.0530,689.7250,4.928818
_15122_,VDD,Metal1,864.8130,660.9950,4.916989
_15121_,VDD,Metal1,901.7730,691.2350,4.929498
_15120_,VDD,Metal1,920.2530,689.7250,4.929527
_15119_,VDD,Metal1,864.8130,691.2350,4.928816
_15118_,VDD,Metal1,906.8130,701.3150,4.937023
_15117_,VDD,Metal1,893.9330,548.6050,4.884044
_15116_,VDD,Metal1,972.3330,457.8850,4.865525
_15115_,VDD,Metal1,974.0130,407.4850,4.856702
_15114_,VDD,Metal1,575.8530,277.9550,4.839858
_15113_,VDD,Metal1,599.3730,296.6050,4.842150
_15112_,VDD,Metal1,545.6130,367.1650,4.850706
_15111_,VDD,Metal1,72.4130,298.1150,4.841574
_15110_,VDD,Metal1,73.5330,286.5250,4.840552
_15109_,VDD,Metal1,492.4130,296.6050,4.842100
_15108_,VDD,Metal1,77.4530,256.2850,4.837647
_15107_,VDD,Metal1,1050.7330,336.9250,4.846194
_15106_,VDD,Metal1,1036.8730,346.9750,4.848119
_15105_,VDD,Metal1,1049.3165,347.1130,4.848119
_15104_,VDD,Metal1,996.4130,338.4350,4.846346
_15103_,VDD,Metal1,1034.3840,326.9195,4.845299
_15102_,VDD,Metal1,1023.0450,337.1950,4.846248
_15101_,VDD,Metal1,1042.4300,327.0780,4.845295
_15100_,VDD,Metal1,1039.1625,297.7635,4.841426
_15099_,VDD,Metal1,1043.8230,297.9150,4.841300
_15098_,VDD,Metal1,1035.8465,296.9780,4.841427
_15097_,VDD,Metal1,1003.6930,308.1950,4.842826
_15096_,VDD,Metal1,1025.5800,316.7735,4.844175
_15095_,VDD,Metal1,1029.4600,287.7650,4.840936
_15094_,VDD,Metal1,1030.6200,298.1060,4.841432
_15093_,VDD,Metal1,1025.0700,296.8380,4.841481
_15092_,VDD,Metal1,1014.5965,296.7130,4.841502
_15091_,VDD,Metal1,1021.1500,296.8380,4.841482
_15090_,VDD,Metal1,1009.3900,306.9180,4.842820
_15089_,VDD,Metal1,1022.9965,298.0065,4.841481
_15088_,VDD,Metal1,1028.9500,296.8750,4.841432
_15087_,VDD,Metal1,1041.3100,296.8380,4.841301
_15086_,VDD,Metal1,1037.0450,287.7650,4.840935
_15085_,VDD,Metal1,1037.2750,306.9175,4.842800
_15084_,VDD,Metal1,1043.5500,306.9180,4.842800
_15083_,VDD,Metal1,999.7730,267.8750,4.838335
_15082_,VDD,Metal1,1040.1400,286.5335,4.840935
_15081_,VDD,Metal1,1044.6200,277.9460,4.839614
_15080_,VDD,Metal1,1042.4300,287.8015,4.840935
_15079_,VDD,Metal1,1033.4700,287.8015,4.840936
_15078_,VDD,Metal1,1030.0130,266.3650,4.838276
_15077_,VDD,Metal1,1033.5130,267.9050,4.838276
_15076_,VDD,Metal1,1040.4630,276.6450,4.839616
_15075_,VDD,Metal1,1023.9500,277.7215,4.839619
_15074_,VDD,Metal1,1038.5675,277.6250,4.839618
_15073_,VDD,Metal1,1042.5965,266.4730,4.838273
_15072_,VDD,Metal1,1050.7330,256.2850,4.837704
_15071_,VDD,Metal1,1039.4240,257.7205,4.837708
_15070_,VDD,Metal1,1056.6450,256.5550,4.837704
_15069_,VDD,Metal1,1043.5500,237.4015,4.835775
_15068_,VDD,Metal1,1043.4000,236.4760,4.835775
_15067_,VDD,Metal1,993.6130,215.9650,4.834246
_15066_,VDD,Metal1,1038.9550,216.1975,4.834212
_15065_,VDD,Metal1,1042.6450,207.1250,4.833419
_15064_,VDD,Metal1,1032.5165,217.3665,4.834217
_15063_,VDD,Metal1,1048.5900,206.1180,4.833416
_15062_,VDD,Metal1,1050.2200,226.0535,4.834872
_15061_,VDD,Metal1,1031.1330,197.3150,4.832340
_15060_,VDD,Metal1,1034.9440,207.3205,4.833422
_15059_,VDD,Metal1,1037.3900,197.0815,4.832340
_15058_,VDD,Metal1,1041.7200,196.1560,4.832338
_15057_,VDD,Metal1,997.2365,175.7530,4.831479
_15056_,VDD,Metal1,994.8300,166.8415,4.830553
_15055_,VDD,Metal1,1014.9400,185.7335,4.831868
_15054_,VDD,Metal1,1039.8450,185.9950,4.831862
_15053_,VDD,Metal1,1013.2600,187.2260,4.831868
_15052_,VDD,Metal1,1031.6400,175.9960,4.831477
_15051_,VDD,Metal1,1001.6730,166.9665,4.830534
_15050_,VDD,Metal1,1009.6665,165.9380,4.830495
_15049_,VDD,Metal1,1010.7250,156.7250,4.829932
_15048_,VDD,Metal1,1010.4600,177.1460,4.831477
_15047_,VDD,Metal1,1015.9600,146.5635,4.829533
_15046_,VDD,Metal1,990.9100,166.8415,4.830553
_15045_,VDD,Metal1,991.9330,136.8350,4.829118
_15044_,VDD,Metal1,1002.7130,136.8650,4.829109
_15043_,VDD,Metal1,1010.5675,145.7350,4.829537
_15042_,VDD,Metal1,1009.6665,155.8580,4.829932
_15041_,VDD,Metal1,1009.5565,126.6465,4.828373
_15040_,VDD,Metal1,992.4930,66.2750,4.826267
_15039_,VDD,Metal1,1000.2240,115.2395,4.828188
_15038_,VDD,Metal1,1002.8850,135.5950,4.829109
_15037_,VDD,Metal1,996.5100,126.5215,4.828390
_15036_,VDD,Metal1,994.1730,76.3550,4.826829
_15035_,VDD,Metal1,993.5950,95.2375,4.827164
_15034_,VDD,Metal1,1009.9500,106.3615,4.827779
_15033_,VDD,Metal1,991.9330,25.9550,4.826082
_15032_,VDD,Metal1,1023.2930,24.4450,4.826027
_15031_,VDD,Metal1,1058.5730,36.0350,4.826046
_15030_,VDD,Metal1,1056.8930,56.1950,4.826198
_15029_,VDD,Metal1,1041.2130,115.1650,4.828152
_15028_,VDD,Metal1,1060.8130,146.9150,4.829484
_15027_,VDD,Metal1,1060.8130,126.7550,4.828276
_15026_,VDD,Metal1,1064.7330,84.9250,4.826705
_15025_,VDD,Metal1,1073.1330,84.9250,4.826705
_15024_,VDD,Metal1,988.0130,397.4050,4.855118
_15023_,VDD,Metal1,998.7000,377.2535,4.851944
_15022_,VDD,Metal1,1002.0130,387.3250,4.853646
_15021_,VDD,Metal1,982.4130,378.7550,4.851951
_15020_,VDD,Metal1,1003.5840,378.6805,4.851944
_15019_,VDD,Metal1,1010.5675,387.6550,4.853646
_15018_,VDD,Metal1,995.9500,387.5580,4.853648
_15017_,VDD,Metal1,1009.9860,368.6130,4.850416
_15016_,VDD,Metal1,1015.7165,387.4330,4.853645
_15015_,VDD,Metal1,1015.2630,368.4750,4.849998
_15014_,VDD,Metal1,982.4130,358.5950,4.849043
_15013_,VDD,Metal1,1002.5550,368.4425,4.850432
_15012_,VDD,Metal1,1013.1950,378.5225,4.851936
_15011_,VDD,Metal1,1017.2300,377.4780,4.851931
_15010_,VDD,Metal1,1002.0130,357.0850,4.849039
_15009_,VDD,Metal1,1011.0200,367.1735,4.850415
_15008_,VDD,Metal1,1003.3965,367.2730,4.850432
_15007_,VDD,Metal1,1010.9550,377.4775,4.851940
_15006_,VDD,Metal1,997.0700,368.4415,4.850459
_15005_,VDD,Metal1,1016.8850,367.4350,4.849928
_15004_,VDD,Metal1,1021.7100,367.3980,4.849911
_15003_,VDD,Metal1,1010.7250,357.3550,4.848979
_15002_,VDD,Metal1,1002.5730,288.0350,4.840938
_15001_,VDD,Metal1,1011.0200,347.0135,4.848130
_15000_,VDD,Metal1,1014.3800,348.5060,4.848130
_14999_,VDD,Metal1,1020.0300,368.4415,4.849911
_14998_,VDD,Metal1,1004.3500,347.2380,4.848130
_14997_,VDD,Metal1,985.1600,286.8760,4.840942
_14996_,VDD,Metal1,1010.4600,288.0260,4.840936
_14995_,VDD,Metal1,1017.7900,337.1580,4.846345
_14994_,VDD,Metal1,1011.5150,328.1225,4.845356
_14993_,VDD,Metal1,1017.2300,347.2380,4.848130
_14992_,VDD,Metal1,1077.3165,267.7665,4.838258
_14991_,VDD,Metal1,1000.6450,276.7150,4.839700
_14990_,VDD,Metal1,1021.0530,256.2850,4.837716
_14989_,VDD,Metal1,1074.7040,256.3595,4.837701
_14988_,VDD,Metal1,1063.9250,256.5550,4.837704
_14987_,VDD,Metal1,1077.7100,247.4815,4.836705
_14986_,VDD,Metal1,1063.0000,237.2835,4.835768
_14985_,VDD,Metal1,991.9330,207.3950,4.833467
_14984_,VDD,Metal1,1069.1950,226.2775,4.834872
_14983_,VDD,Metal1,1077.9250,227.2850,4.834872
_14982_,VDD,Metal1,1081.7965,216.0730,4.834199
_14981_,VDD,Metal1,1076.5900,217.2415,4.834199
_14980_,VDD,Metal1,1072.0600,227.5460,4.834872
_14979_,VDD,Metal1,1078.7330,205.8850,4.833408
_14978_,VDD,Metal1,1074.1440,207.3205,4.833408
_14977_,VDD,Metal1,1063.1500,217.2415,4.834199
_14976_,VDD,Metal1,1075.8800,196.1560,4.832335
_14975_,VDD,Metal1,1075.3200,176.8035,4.831477
_14974_,VDD,Metal1,1074.1440,187.1605,4.831857
_14973_,VDD,Metal1,1062.6475,186.0550,4.831859
_14972_,VDD,Metal1,1068.4665,176.7815,4.831477
_14971_,VDD,Metal1,1058.1100,175.8780,4.831477
_14970_,VDD,Metal1,1072.8850,175.9150,4.831477
_14969_,VDD,Metal1,1037.2400,156.6435,4.829879
_14968_,VDD,Metal1,1041.2600,165.5735,4.830492
_14967_,VDD,Metal1,1048.5900,155.7180,4.829879
_14966_,VDD,Metal1,1058.5550,165.7975,4.830492
_14965_,VDD,Metal1,1062.5900,166.8415,4.830490
_14964_,VDD,Metal1,1041.8700,146.6815,4.829516
_14963_,VDD,Metal1,1037.0450,146.6450,4.829519
_14962_,VDD,Metal1,972.2800,135.6760,4.829127
_14961_,VDD,Metal1,1021.6600,126.7460,4.828318
_14960_,VDD,Metal1,1023.9500,136.6015,4.829077
_14959_,VDD,Metal1,1048.4750,136.6025,4.829073
_14958_,VDD,Metal1,1040.7500,145.6380,4.829516
_14957_,VDD,Metal1,1029.7165,96.4065,4.827144
_14956_,VDD,Metal1,983.2850,126.4850,4.828443
_14955_,VDD,Metal1,1021.6130,76.3550,4.826815
_14954_,VDD,Metal1,1025.9840,105.1595,4.827761
_14953_,VDD,Metal1,1034.2450,96.2450,4.827142
_14952_,VDD,Metal1,1023.9500,86.2015,4.826713
_14951_,VDD,Metal1,1017.6930,74.8450,4.826815
_14950_,VDD,Metal1,1004.2350,76.1225,4.826829
_14949_,VDD,Metal1,1028.9900,86.2015,4.826705
_14948_,VDD,Metal1,982.4130,36.0350,4.826077
_14947_,VDD,Metal1,1023.8530,54.6850,4.826230
_14946_,VDD,Metal1,1073.1330,44.6050,4.825404
_14945_,VDD,Metal1,1050.7330,64.7650,4.826223
_14944_,VDD,Metal1,1052.9730,116.6750,4.828151
_14943_,VDD,Metal1,1078.7330,156.9950,4.829878
_14942_,VDD,Metal1,1077.6130,135.3250,4.829066
_14941_,VDD,Metal1,1072.0130,86.4350,4.826705
_14940_,VDD,Metal1,1079.8530,64.7650,4.826217
_14939_,VDD,Metal1,1064.7330,941.7250,4.959390
_14938_,VDD,Metal1,1075.9800,931.6535,4.958890
_14937_,VDD,Metal1,1078.1730,923.0750,4.958071
_14936_,VDD,Metal1,1076.4930,941.7250,4.959390
_14935_,VDD,Metal1,1065.1840,921.6395,4.958071
_14934_,VDD,Metal1,1076.6475,932.8250,4.958890
_14933_,VDD,Metal1,1082.1900,931.8780,4.958889
_14932_,VDD,Metal1,1075.5060,882.6930,4.955957
_14931_,VDD,Metal1,1058.8365,891.4330,4.956218
_14930_,VDD,Metal1,1055.5830,882.5550,4.955957
_14929_,VDD,Metal1,1060.2530,911.4850,4.957380
_14928_,VDD,Metal1,1079.2750,892.6025,4.956218
_14927_,VDD,Metal1,1075.9150,901.6375,4.956846
_14926_,VDD,Metal1,1054.1900,891.5580,4.956220
_14925_,VDD,Metal1,1049.6130,881.2450,4.955957
_14924_,VDD,Metal1,1063.1000,881.2535,4.955957
_14923_,VDD,Metal1,1061.0765,882.6465,4.955957
_14922_,VDD,Metal1,1075.9150,891.5575,4.956218
_14921_,VDD,Metal1,1082.1900,891.5580,4.956218
_14920_,VDD,Metal1,1062.8050,872.4050,4.955184
_14919_,VDD,Metal1,1069.3100,881.4780,4.955957
_14918_,VDD,Metal1,1074.0050,871.4350,4.955184
_14917_,VDD,Metal1,1066.9730,871.1650,4.955184
_14916_,VDD,Metal1,1069.2600,872.6660,4.955184
_14915_,VDD,Metal1,1079.9000,862.5860,4.954813
_14914_,VDD,Metal1,1075.4700,872.4415,4.955184
_14913_,VDD,Metal1,1060.9100,871.3980,4.955184
_14912_,VDD,Metal1,997.4800,851.3560,4.954140
_14911_,VDD,Metal1,1056.3800,852.5060,4.954182
_14910_,VDD,Metal1,1060.9100,851.2380,4.954182
_14909_,VDD,Metal1,1075.9150,851.2375,4.954181
_14908_,VDD,Metal1,1082.7500,861.3180,4.954813
_14907_,VDD,Metal1,1068.3565,810.7930,4.952790
_14906_,VDD,Metal1,995.6050,861.3550,4.954807
_14905_,VDD,Metal1,999.7730,830.8450,4.953499
_14904_,VDD,Metal1,1065.1840,820.8395,4.952633
_14903_,VDD,Metal1,1068.4050,841.1950,4.953993
_14902_,VDD,Metal1,1082.7500,820.9980,4.952633
_14901_,VDD,Metal1,1031.6400,529.6035,4.879357
_14900_,VDD,Metal1,990.2530,538.5250,4.881775
_14899_,VDD,Metal1,1021.5950,519.6425,4.877486
_14898_,VDD,Metal1,1034.8050,528.7150,4.879353
_14897_,VDD,Metal1,1038.1165,509.6865,4.875366
_14896_,VDD,Metal1,1023.9500,499.4815,4.872701
_14895_,VDD,Metal1,1030.6200,540.0260,4.881729
_14894_,VDD,Metal1,992.4930,499.7150,4.872745
_14893_,VDD,Metal1,1033.8240,498.2795,4.872644
_14892_,VDD,Metal1,1042.4300,508.5180,4.875360
_14891_,VDD,Metal1,1037.2400,468.3160,4.866997
_14890_,VDD,Metal1,991.8800,468.3160,4.867110
_14889_,VDD,Metal1,1034.9440,459.3205,4.865449
_14888_,VDD,Metal1,1023.4475,469.1450,4.867017
_14887_,VDD,Metal1,1037.6665,469.1015,4.866997
_14886_,VDD,Metal1,1054.1900,468.1980,4.866912
_14885_,VDD,Metal1,983.8450,459.1250,4.865494
_14884_,VDD,Metal1,1054.6000,448.9635,4.863284
_14883_,VDD,Metal1,1060.8600,459.3860,4.865433
_14882_,VDD,Metal1,1055.3100,459.1615,4.865435
_14881_,VDD,Metal1,1078.7150,468.1975,4.866911
_14880_,VDD,Metal1,1054.7500,478.2780,4.869024
_14879_,VDD,Metal1,1073.2300,448.0380,4.863284
_14878_,VDD,Metal1,1056.0850,458.1550,4.865435
_14877_,VDD,Metal1,1064.6800,417.9160,4.858245
_14876_,VDD,Metal1,1077.6600,439.2260,4.861543
_14875_,VDD,Metal1,1081.0700,448.0380,4.863284
_14874_,VDD,Metal1,1069.7550,439.0025,4.861543
_14873_,VDD,Metal1,1077.1500,448.0380,4.863284
_14872_,VDD,Metal1,1068.9165,418.9665,4.858245
_14871_,VDD,Metal1,1058.3250,417.8350,4.858245
_14870_,VDD,Metal1,1072.0130,417.5650,4.858245
_14869_,VDD,Metal1,1075.8240,427.7195,4.859914
_14868_,VDD,Metal1,1053.2850,437.9950,4.861544
_14867_,VDD,Metal1,1063.1500,418.8415,4.858245
_14866_,VDD,Metal1,1073.6930,388.8350,4.853597
_14865_,VDD,Metal1,1078.1550,397.6375,4.854573
_14864_,VDD,Metal1,1082.1900,407.7180,4.856547
_14863_,VDD,Metal1,1072.5730,288.0350,4.840932
_14862_,VDD,Metal1,1079.2930,316.7650,4.844145
_14861_,VDD,Metal1,1070.3330,479.5550,4.869024
_14860_,VDD,Metal1,1070.3330,519.8750,4.877448
_14859_,VDD,Metal1,1050.7330,550.1150,4.883899
_14858_,VDD,Metal1,1070.8930,560.1950,4.886145
_14857_,VDD,Metal1,1056.3330,568.7650,4.889028
_14856_,VDD,Metal1,1069.7730,599.0050,4.897398
_14855_,VDD,Metal1,1073.6930,619.1650,4.904076
_14854_,VDD,Metal1,1033.9330,943.2350,4.959400
_14853_,VDD,Metal1,1025.5800,943.2260,4.959402
_14852_,VDD,Metal1,1035.8765,921.6730,4.958079
_14851_,VDD,Metal1,1015.5500,932.9215,4.958891
_14850_,VDD,Metal1,1046.2530,933.1550,4.958891
_14849_,VDD,Metal1,1041.1040,931.7195,4.958891
_14848_,VDD,Metal1,1034.5900,922.8415,4.958080
_14847_,VDD,Metal1,1026.4050,921.8350,4.958081
_14846_,VDD,Metal1,1028.4660,891.3865,4.956231
_14845_,VDD,Metal1,1036.3060,891.3865,4.956228
_14844_,VDD,Metal1,1037.2930,911.4850,4.957392
_14843_,VDD,Metal1,1041.1040,901.4795,4.956859
_14842_,VDD,Metal1,1025.6875,902.5850,4.956862
_14841_,VDD,Metal1,1030.1100,901.6380,4.956859
_14840_,VDD,Metal1,1041.3100,891.5580,4.956227
_14839_,VDD,Metal1,1006.4930,882.7550,4.955942
_14838_,VDD,Metal1,1027.2600,882.7460,4.955957
_14837_,VDD,Metal1,1026.9165,881.3530,4.955958
_14836_,VDD,Metal1,1036.1550,892.6025,4.956228
_14835_,VDD,Metal1,1028.4300,911.7180,4.957397
_14834_,VDD,Metal1,1033.1250,882.4850,4.955957
_14833_,VDD,Metal1,1037.3000,882.4850,4.955957
_14832_,VDD,Metal1,1035.8765,881.3530,4.955957
_14831_,VDD,Metal1,1029.2665,872.3015,4.955208
_14830_,VDD,Metal1,1027.7730,861.0850,4.954819
_14829_,VDD,Metal1,1027.8200,871.1735,4.955208
_14828_,VDD,Metal1,1036.7150,871.3975,4.955185
_14827_,VDD,Metal1,1021.5600,861.4360,4.954818
_14826_,VDD,Metal1,1028.5530,841.0330,4.954011
_14825_,VDD,Metal1,1023.3900,841.1580,4.954008
_14824_,VDD,Metal1,1029.2665,842.0615,4.954011
_14823_,VDD,Metal1,1029.2050,851.2750,4.954185
_14822_,VDD,Metal1,1036.1550,842.2025,4.954008
_14821_,VDD,Metal1,1035.8765,841.0330,4.954008
_14820_,VDD,Metal1,1008.1730,830.8450,4.953499
_14819_,VDD,Metal1,1025.9840,830.9195,4.953508
_14818_,VDD,Metal1,1034.8050,821.0350,4.952646
_14817_,VDD,Metal1,1041.3100,832.1215,4.953505
_14816_,VDD,Metal1,1031.0800,559.0360,4.886240
_14815_,VDD,Metal1,998.6530,538.5250,4.881775
_14814_,VDD,Metal1,1010.9550,539.8025,4.881756
_14813_,VDD,Metal1,1010.7250,538.7950,4.881756
_14812_,VDD,Metal1,1003.3965,518.4730,4.877500
_14811_,VDD,Metal1,1015.5500,509.5615,4.875387
_14810_,VDD,Metal1,1018.8600,540.0260,4.881729
_14809_,VDD,Metal1,995.8530,508.2850,4.875389
_14808_,VDD,Metal1,1007.5040,499.6405,4.872732
_14807_,VDD,Metal1,1004.3500,508.5180,4.875388
_14806_,VDD,Metal1,1023.2400,498.5560,4.872701
_14805_,VDD,Metal1,996.6765,468.0730,4.867109
_14804_,VDD,Metal1,1002.1100,478.2780,4.869104
_14803_,VDD,Metal1,1019.8240,479.4805,4.869055
_14802_,VDD,Metal1,1030.1675,489.3050,4.870962
_14801_,VDD,Metal1,1034.8665,488.4980,4.870952
_14800_,VDD,Metal1,1039.0700,448.0380,4.863293
_14799_,VDD,Metal1,1010.1165,437.8330,4.861601
_14798_,VDD,Metal1,1009.3900,448.0380,4.863308
_14797_,VDD,Metal1,1021.6600,439.2260,4.861578
_14796_,VDD,Metal1,1016.1100,448.0380,4.863303
_14795_,VDD,Metal1,1037.8350,458.1175,4.865449
_14794_,VDD,Metal1,1015.5500,449.0815,4.863303
_14793_,VDD,Metal1,1030.6700,428.9215,4.859958
_14792_,VDD,Metal1,1029.7165,418.9665,4.858245
_14791_,VDD,Metal1,1029.5500,398.6815,4.854606
_14790_,VDD,Metal1,1035.1000,417.5735,4.858245
_14789_,VDD,Metal1,1034.5900,418.8415,4.858245
_14788_,VDD,Metal1,1033.9150,427.8775,4.859953
_14787_,VDD,Metal1,1023.9500,437.9580,4.861576
_14786_,VDD,Metal1,1040.3565,397.5130,4.854605
_14785_,VDD,Metal1,1058.5730,378.7550,4.851924
_14784_,VDD,Metal1,1045.5840,378.6805,4.851927
_14783_,VDD,Metal1,1035.9250,407.7550,4.856559
_14782_,VDD,Metal1,1048.0300,388.6015,4.853601
_14781_,VDD,Metal1,1070.3330,358.5950,4.848887
_14780_,VDD,Metal1,1069.7550,368.4425,4.849892
_14779_,VDD,Metal1,1043.5500,377.4780,4.851927
_14778_,VDD,Metal1,1080.9730,288.0350,4.840932
_14777_,VDD,Metal1,1078.1730,326.8450,4.845271
_14776_,VDD,Metal1,1069.7730,508.2850,4.875358
_14775_,VDD,Metal1,1075.9330,498.2050,4.872621
_14774_,VDD,Metal1,1056.8930,529.9550,4.879352
_14773_,VDD,Metal1,1073.1330,529.9550,4.879352
_14772_,VDD,Metal1,1075.9330,578.8450,4.891624
_14771_,VDD,Metal1,1070.3330,600.5150,4.897398
_14770_,VDD,Metal1,1060.8130,629.2450,4.906900
_14769_,VDD,Metal1,325.5330,96.5150,4.827933
_14768_,VDD,Metal1,267.2930,54.6850,4.827014
_14767_,VDD,Metal1,912.1165,54.7930,4.826428
_14766_,VDD,Metal1,925.3900,54.9180,4.826425
_14765_,VDD,Metal1,905.3965,46.0065,4.826016
_14764_,VDD,Metal1,914.3565,56.0865,4.826428
_14763_,VDD,Metal1,915.0265,65.1380,4.826326
_14762_,VDD,Metal1,912.9200,86.0835,4.826855
_14761_,VDD,Metal1,930.4300,45.8815,4.826012
_14760_,VDD,Metal1,901.7730,56.1950,4.826438
_14759_,VDD,Metal1,903.5000,86.4260,4.826865
_14758_,VDD,Metal1,893.3200,85.2760,4.826873
_14757_,VDD,Metal1,893.9330,36.0350,4.826307
_14756_,VDD,Metal1,884.3950,85.1575,4.826885
_14755_,VDD,Metal1,871.4800,85.2760,4.826917
_14754_,VDD,Metal1,861.6730,56.0865,4.826450
_14753_,VDD,Metal1,847.5500,55.9615,4.826469
_14752_,VDD,Metal1,861.0825,75.1960,4.826919
_14751_,VDD,Metal1,866.6825,65.9235,4.826463
_14750_,VDD,Metal1,857.8450,76.0850,4.826929
_14749_,VDD,Metal1,873.7200,45.7635,4.826040
_14748_,VDD,Metal1,854.2200,64.7735,4.826468
_14747_,VDD,Metal1,832.8400,65.1160,4.826512
_14746_,VDD,Metal1,825.9865,85.2980,4.826998
_14745_,VDD,Metal1,871.2850,44.8750,4.826040
_14744_,VDD,Metal1,826.9965,25.8465,4.826466
_14743_,VDD,Metal1,827.9500,45.8815,4.826087
_14742_,VDD,Metal1,825.1000,64.7735,4.826546
_14741_,VDD,Metal1,816.0400,65.9235,4.826565
_14740_,VDD,Metal1,648.6530,44.6050,4.826626
_14739_,VDD,Metal1,805.4350,75.0775,4.827053
_14738_,VDD,Metal1,533.8000,85.2760,4.827661
_14737_,VDD,Metal1,545.0530,34.5250,4.826688
_14736_,VDD,Metal1,534.3950,76.1225,4.827380
_14735_,VDD,Metal1,509.4765,76.2465,4.827438
_14734_,VDD,Metal1,494.7500,95.2380,4.827842
_14733_,VDD,Metal1,508.0930,64.7650,4.827421
_14732_,VDD,Metal1,502.4750,76.1225,4.827450
_14731_,VDD,Metal1,246.5200,75.1960,4.827566
_14730_,VDD,Metal1,247.6930,54.6850,4.826985
_14729_,VDD,Metal1,239.8350,64.9975,4.827412
_14728_,VDD,Metal1,229.4765,66.1665,4.827402
_14727_,VDD,Metal1,231.4530,56.1950,4.826939
_14726_,VDD,Metal1,223.0350,55.9625,4.826944
_14725_,VDD,Metal1,207.3200,65.1160,4.827397
_14724_,VDD,Metal1,205.3530,54.7930,4.826965
_14723_,VDD,Metal1,209.7100,45.8815,4.827115
_14722_,VDD,Metal1,196.4850,65.0350,4.827401
_14721_,VDD,Metal1,199.3465,55.8215,4.826977
_14720_,VDD,Metal1,163.0800,65.1160,4.827342
_14719_,VDD,Metal1,159.9930,46.0065,4.827129
_14718_,VDD,Metal1,167.1500,35.8015,4.826930
_14717_,VDD,Metal1,158.3265,55.8215,4.826907
_14716_,VDD,Metal1,158.6000,55.0360,4.826907
_14715_,VDD,Metal1,129.5330,25.9550,4.826783
_14714_,VDD,Metal1,137.4200,46.1060,4.827112
_14713_,VDD,Metal1,141.9500,64.9980,4.827327
_14712_,VDD,Metal1,140.9965,54.7930,4.826861
_14711_,VDD,Metal1,133.5500,55.9615,4.826851
_14710_,VDD,Metal1,139.6130,44.6050,4.827112
_14709_,VDD,Metal1,145.2600,46.1060,4.827114
_14708_,VDD,Metal1,137.4700,55.9615,4.826857
_14707_,VDD,Metal1,952.9530,398.8065,4.855209
_14706_,VDD,Metal1,958.8400,397.7560,4.855204
_14705_,VDD,Metal1,962.3500,398.6815,4.855180
_14704_,VDD,Metal1,952.7330,640.8350,4.910364
_14703_,VDD,Metal1,951.0350,397.6375,4.855209
_14702_,VDD,Metal1,954.9200,378.4035,4.852020
_14701_,VDD,Metal1,955.5330,600.5150,4.897593
_14700_,VDD,Metal1,953.3400,387.3335,4.853729
_14699_,VDD,Metal1,945.4000,378.4035,4.852036
_14698_,VDD,Metal1,943.2130,640.8350,4.910367
_14697_,VDD,Metal1,947.1150,377.4775,4.852034
_14696_,VDD,Metal1,952.1200,338.0835,4.846616
_14695_,VDD,Metal1,940.2265,347.3780,4.848189
_14694_,VDD,Metal1,961.6930,568.7650,4.889173
_14693_,VDD,Metal1,952.2200,347.0135,4.848178
_14692_,VDD,Metal1,944.9900,327.0780,4.845603
_14691_,VDD,Metal1,952.8300,327.0780,4.845579
_14690_,VDD,Metal1,972.3330,538.5250,4.881818
_14689_,VDD,Metal1,952.2200,318.2660,4.844291
_14688_,VDD,Metal1,936.1530,306.7930,4.843057
_14687_,VDD,Metal1,930.9900,306.9180,4.843054
_14686_,VDD,Metal1,960.5730,498.2050,4.872760
_14685_,VDD,Metal1,944.9400,306.6935,4.843062
_14684_,VDD,Metal1,940.1650,297.8450,4.841896
_14683_,VDD,Metal1,925.1600,287.6835,4.840909
_14682_,VDD,Metal1,962.2530,457.8850,4.865526
_14681_,VDD,Metal1,932.5550,286.7575,4.840925
_14680_,VDD,Metal1,931.9600,277.6035,4.839786
_14679_,VDD,Metal1,932.2330,276.5530,4.839786
_14678_,VDD,Metal1,944.4300,277.7215,4.839783
_14677_,VDD,Metal1,928.4050,267.6050,4.838663
_14676_,VDD,Metal1,923.9865,266.7380,4.838670
_14675_,VDD,Metal1,915.4765,227.4465,4.834999
_14674_,VDD,Metal1,926.5100,217.2415,4.834317
_14673_,VDD,Metal1,913.5330,197.3150,4.832698
_14672_,VDD,Metal1,909.5950,206.1175,4.833623
_14671_,VDD,Metal1,535.4800,207.0435,4.833967
_14670_,VDD,Metal1,551.2130,257.7950,4.837964
_14669_,VDD,Metal1,541.1800,207.3860,4.833927
_14668_,VDD,Metal1,539.7165,135.4330,4.829418
_14667_,VDD,Metal1,590.4130,126.7550,4.829105
_14666_,VDD,Metal1,531.5950,135.5575,4.829415
_14665_,VDD,Metal1,520.3600,125.5960,4.829138
_14664_,VDD,Metal1,531.2730,126.6465,4.829110
_14663_,VDD,Metal1,544.5900,135.5580,4.829418
_14662_,VDD,Metal1,513.4450,126.4850,4.829153
_14661_,VDD,Metal1,524.7065,125.6180,4.829138
_14660_,VDD,Metal1,279.0000,126.4035,4.829031
_14659_,VDD,Metal1,277.5930,116.5665,4.828840
_14658_,VDD,Metal1,284.1900,106.3615,4.828523
_14657_,VDD,Metal1,283.7665,125.6180,4.829045
_14656_,VDD,Metal1,278.4400,125.5960,4.829031
_14655_,VDD,Metal1,284.9165,86.3265,4.827674
_14654_,VDD,Metal1,287.5500,96.2815,4.827934
_14653_,VDD,Metal1,289.1800,116.6660,4.828840
_14652_,VDD,Metal1,289.2300,125.4780,4.829063
_14651_,VDD,Metal1,318.5165,115.2730,4.828853
_14650_,VDD,Metal1,319.4700,135.5580,4.829539
_14649_,VDD,Metal1,332.8130,106.5950,4.828528
_14648_,VDD,Metal1,326.0750,115.3975,4.828860
_14647_,VDD,Metal1,323.9500,116.4415,4.828859
_14646_,VDD,Metal1,178.8130,44.6050,4.827136
_14645_,VDD,Metal1,376.1965,115.2730,4.828823
_14644_,VDD,Metal1,382.1900,105.3180,4.828491
_14643_,VDD,Metal1,800.4130,24.4450,4.826517
_14642_,VDD,Metal1,766.8130,34.5250,4.826461
_14641_,VDD,Metal1,743.2930,24.4450,4.826574
_14640_,VDD,Metal1,708.0130,36.0350,4.826492
_14639_,VDD,Metal1,685.6130,44.6050,4.826474
_14638_,VDD,Metal1,668.8130,25.9550,4.826630
_14637_,VDD,Metal1,610.0130,34.5250,4.826647
_14636_,VDD,Metal1,583.1330,24.4450,4.826553
_14635_,VDD,Metal1,524.8930,25.9550,4.826586
_14634_,VDD,Metal1,464.4130,44.6050,4.826906
_14633_,VDD,Metal1,257.2130,44.6050,4.827110
_14632_,VDD,Metal1,59.5330,54.6850,4.826875
_14631_,VDD,Metal1,90.3330,66.2750,4.827326
_14630_,VDD,Metal1,90.8930,46.1150,4.827110
_14629_,VDD,Metal1,58.4130,36.0350,4.826939
_14628_,VDD,Metal1,51.6930,46.1150,4.827125
_14627_,VDD,Metal1,858.0930,681.1550,4.925452
_14626_,VDD,Metal1,856.9730,650.9150,4.912444
_14625_,VDD,Metal1,893.3730,691.2350,4.929094
_14624_,VDD,Metal1,918.0130,679.6450,4.925611
_14623_,VDD,Metal1,842.4130,679.6450,4.925439
_14622_,VDD,Metal1,841.2930,689.7250,4.928126
_14621_,VDD,Metal1,863.6930,550.1150,4.884008
_14620_,VDD,Metal1,975.1330,439.2350,4.861657
_14619_,VDD,Metal1,971.7730,408.9950,4.856702
_14618_,VDD,Metal1,551.2130,267.8750,4.838860
_14617_,VDD,Metal1,570.8130,286.5250,4.841083
_14616_,VDD,Metal1,531.6130,367.1650,4.850705
_14615_,VDD,Metal1,70.7330,276.4450,4.839545
_14614_,VDD,Metal1,60.6530,288.0350,4.840556
_14613_,VDD,Metal1,484.0130,296.6050,4.842100
_14612_,VDD,Metal1,61.2130,256.2850,4.837658
_14611_,VDD,Metal1,988.5730,941.7250,4.959381
_14610_,VDD,Metal1,1038.9730,1012.2850,4.964255
_14609_,VDD,Metal1,1075.9330,1003.7150,4.963339
_14608_,VDD,Metal1,1055.2130,961.8850,4.961014
_14607_,VDD,Metal1,1065.8530,992.1250,4.962893
_14606_,VDD,Metal1,1021.6130,1002.2050,4.963334
_14605_,VDD,Metal1,1001.4530,983.5550,4.962075
_14604_,VDD,Metal1,988.5730,971.9650,4.961386
_14603_,VDD,Metal1,998.0930,931.6450,4.958866
_14602_,VDD,Metal1,1040.6530,992.1250,4.962904
_14601_,VDD,Metal1,1076.4930,1002.2050,4.963339
_14600_,VDD,Metal1,1076.4930,961.8850,4.961014
_14599_,VDD,Metal1,1079.8530,983.5550,4.962069
_14598_,VDD,Metal1,1021.0530,1003.7150,4.963334
_14597_,VDD,Metal1,999.2130,943.2350,4.959393
_14596_,VDD,Metal1,988.5730,961.8850,4.961019
_14595_,VDD,Metal1,921.5025,145.7560,4.829647
_14594_,VDD,Metal1,916.5965,135.4330,4.829120
_14593_,VDD,Metal1,917.0225,136.4835,4.829120
_14592_,VDD,Metal1,916.2800,145.7560,4.829650
_14591_,VDD,Metal1,914.3565,126.6465,4.828665
_14590_,VDD,Metal1,915.7200,125.5960,4.828665
_14589_,VDD,Metal1,909.6600,135.3335,4.829117
_14588_,VDD,Metal1,911.0450,136.5650,4.829117
_14587_,VDD,Metal1,912.1165,116.5665,4.828353
_14586_,VDD,Metal1,931.5825,105.4360,4.827852
_14585_,VDD,Metal1,922.4400,105.4360,4.827852
_14584_,VDD,Metal1,916.1430,105.2850,4.827851
_14583_,VDD,Metal1,906.3500,96.2815,4.827480
_14582_,VDD,Metal1,912.0075,95.3350,4.827475
_14581_,VDD,Metal1,900.3565,95.1130,4.827489
_14580_,VDD,Metal1,905.2300,95.2380,4.827480
_14579_,VDD,Metal1,893.6850,96.2450,4.827493
_14578_,VDD,Metal1,912.5675,96.1850,4.827475
_14577_,VDD,Metal1,911.0450,105.3550,4.827851
_14576_,VDD,Metal1,905.4450,106.3250,4.827850
_14575_,VDD,Metal1,911.6665,106.2215,4.827851
_14574_,VDD,Metal1,919.2300,115.3980,4.828337
_14573_,VDD,Metal1,899.4400,96.4065,4.827489
_14572_,VDD,Metal1,894.7565,95.1130,4.827493
_14571_,VDD,Metal1,898.9200,85.2760,4.826868
_14570_,VDD,Metal1,890.6200,86.4260,4.826873
_14569_,VDD,Metal1,896.4850,86.1650,4.826868
_14568_,VDD,Metal1,886.7500,95.2380,4.827515
_14567_,VDD,Metal1,878.7600,85.2760,4.826890
_14566_,VDD,Metal1,925.9500,115.3980,4.828319
_14565_,VDD,Metal1,899.0700,155.7180,4.830295
_14564_,VDD,Metal1,880.9600,86.3265,4.826890
_14563_,VDD,Metal1,881.8765,76.2465,4.826874
_14562_,VDD,Metal1,870.0865,75.2180,4.826912
_14561_,VDD,Metal1,877.0800,75.1960,4.826912
_14560_,VDD,Metal1,863.3965,76.2465,4.826919
_14559_,VDD,Metal1,868.2700,64.9980,4.826462
_14558_,VDD,Metal1,866.5000,55.9250,4.826450
_14557_,VDD,Metal1,863.7400,84.9335,4.826931
_14556_,VDD,Metal1,915.3100,156.7615,4.830284
_14555_,VDD,Metal1,906.9100,75.0780,4.826858
_14554_,VDD,Metal1,873.1200,66.1665,4.826411
_14553_,VDD,Metal1,872.1900,64.9980,4.826411
_14552_,VDD,Metal1,862.0600,64.7735,4.826464
_14551_,VDD,Metal1,858.1400,66.2660,4.826466
_14550_,VDD,Metal1,853.9250,75.1150,4.826934
_14549_,VDD,Metal1,854.2700,76.1215,4.826934
_14548_,VDD,Metal1,826.3930,76.2465,4.827001
_14547_,VDD,Metal1,918.6700,66.0415,4.826322
_14546_,VDD,Metal1,951.0530,84.9250,4.826835
_14545_,VDD,Metal1,834.0130,74.8450,4.826993
_14544_,VDD,Metal1,825.6600,66.2660,4.826546
_14543_,VDD,Metal1,832.6450,66.0050,4.826512
_14542_,VDD,Metal1,819.4000,65.1160,4.826563
_14541_,VDD,Metal1,820.3250,76.0850,4.827047
_14540_,VDD,Metal1,824.4750,75.0775,4.827001
_14539_,VDD,Metal1,820.1100,66.0415,4.826563
_14538_,VDD,Metal1,903.5500,156.7615,4.830285
_14537_,VDD,Metal1,825.5200,86.3265,4.826998
_14536_,VDD,Metal1,821.7900,85.1580,4.827005
_14535_,VDD,Metal1,815.5800,84.9335,4.827012
_14534_,VDD,Metal1,815.0200,74.8535,4.827053
_14533_,VDD,Metal1,813.9500,64.9980,4.826567
_14532_,VDD,Metal1,809.6850,66.0050,4.826608
_14531_,VDD,Metal1,539.1565,86.3265,4.827660
_14530_,VDD,Metal1,524.4300,96.2815,4.827847
_14529_,VDD,Metal1,911.3900,156.7615,4.830284
_14528_,VDD,Metal1,937.0530,95.0050,4.827432
_14527_,VDD,Metal1,541.1330,95.0050,4.827848
_14526_,VDD,Metal1,531.5950,95.2375,4.827848
_14525_,VDD,Metal1,528.0050,86.1650,4.827661
_14524_,VDD,Metal1,531.9250,105.3550,4.828487
_14523_,VDD,Metal1,533.1065,86.0615,4.827661
_14522_,VDD,Metal1,508.9650,95.2750,4.827844
_14521_,VDD,Metal1,941.2365,106.4865,4.827858
_14520_,VDD,Metal1,952.8300,115.3980,4.828304
_14519_,VDD,Metal1,507.2365,96.4065,4.827844
_14518_,VDD,Metal1,505.5565,86.3265,4.827664
_14517_,VDD,Metal1,499.5065,86.0615,4.827676
_14516_,VDD,Metal1,501.1250,85.1950,4.827675
_14515_,VDD,Metal1,503.1000,95.0135,4.827844
_14514_,VDD,Metal1,501.6850,96.2450,4.827844
_14513_,VDD,Metal1,235.5930,85.0330,4.827700
_14512_,VDD,Metal1,229.9275,85.2550,4.827700
_14511_,VDD,Metal1,923.6130,95.0050,4.827445
_14510_,VDD,Metal1,243.2130,84.9250,4.827690
_14509_,VDD,Metal1,237.6600,76.3460,4.827563
_14508_,VDD,Metal1,231.2050,76.0850,4.827565
_14507_,VDD,Metal1,214.5200,75.1960,4.827575
_14506_,VDD,Metal1,226.1650,76.0850,4.827566
_14505_,VDD,Metal1,244.6450,76.0850,4.827566
_14504_,VDD,Metal1,239.6665,75.2180,4.827563
_14503_,VDD,Metal1,249.1250,85.1950,4.827686
_14502_,VDD,Metal1,952.7330,86.4350,4.826835
_14501_,VDD,Metal1,229.7730,74.8450,4.827565
_14500_,VDD,Metal1,222.5400,66.2660,4.827401
_14499_,VDD,Metal1,227.0200,64.7735,4.827401
_14498_,VDD,Metal1,234.3500,66.0415,4.827406
_14497_,VDD,Metal1,219.4450,65.0350,4.827401
_14496_,VDD,Metal1,215.1600,65.9235,4.827397
_14495_,VDD,Metal1,200.9650,65.0350,4.827399
_14494_,VDD,Metal1,930.9900,66.0415,4.826307
_14493_,VDD,Metal1,934.3500,75.0780,4.826849
_14492_,VDD,Metal1,211.2640,76.2520,4.827575
_14491_,VDD,Metal1,211.3900,64.9980,4.827397
_14490_,VDD,Metal1,207.4200,66.2660,4.827397
_14489_,VDD,Metal1,205.1400,55.9250,4.826965
_14488_,VDD,Metal1,198.3950,66.0425,4.827400
_14487_,VDD,Metal1,160.0365,85.0330,4.827805
_14486_,VDD,Metal1,166.1530,95.1130,4.828023
_14485_,VDD,Metal1,171.6300,95.2380,4.828024
_14484_,VDD,Metal1,166.4400,85.2760,4.827809
_14483_,VDD,Metal1,160.4100,75.1750,4.827578
_14482_,VDD,Metal1,151.6365,76.2465,4.827576
_14481_,VDD,Metal1,158.1400,76.3460,4.827578
_14480_,VDD,Metal1,148.3250,85.1950,4.827802
_14479_,VDD,Metal1,166.2450,86.1650,4.827809
_14478_,VDD,Metal1,913.0700,76.1215,4.826855
_14477_,VDD,Metal1,919.7900,76.1215,4.826855
_14476_,VDD,Metal1,173.1840,74.9480,4.827623
_14475_,VDD,Metal1,165.6365,74.9530,4.827621
_14474_,VDD,Metal1,157.7665,65.9015,4.827336
_14473_,VDD,Metal1,152.4400,65.9235,4.827332
_14472_,VDD,Metal1,136.2600,54.9550,4.826857
_14471_,VDD,Metal1,149.1150,75.0775,4.827575
_14470_,VDD,Metal1,146.9900,66.0415,4.827330
_14469_,VDD,Metal1,175.1130,64.8730,4.827419
_14468_,VDD,Metal1,181.1500,64.9980,4.827417
_14467_,VDD,Metal1,165.8800,55.0360,4.826936
_14466_,VDD,Metal1,157.0700,64.9980,4.827336
_14465_,VDD,Metal1,150.5165,54.7930,4.826879
_14464_,VDD,Metal1,150.7950,55.9625,4.826879
_14463_,VDD,Metal1,143.0200,56.1860,4.826861
_14462_,VDD,Metal1,148.6700,64.9980,4.827330
_14461_,VDD,Metal1,169.6050,54.9550,4.826951
_14460_,VDD,Metal1,923.6130,64.7650,4.826317
_14459_,VDD,Metal1,178.8130,54.6850,4.826977
_14458_,VDD,Metal1,170.9550,55.9625,4.826958
_14457_,VDD,Metal1,152.2450,65.0350,4.827332
_14456_,VDD,Metal1,957.3425,276.7960,4.839756
_14455_,VDD,Metal1,958.5965,367.2730,4.850533
_14454_,VDD,Metal1,954.5425,266.7160,4.838393
_14453_,VDD,Metal1,953.2400,286.8760,4.840964
_14452_,VDD,Metal1,951.8765,357.1930,4.849148
_14451_,VDD,Metal1,953.2400,358.2435,4.849147
_14450_,VDD,Metal1,952.2200,388.8260,4.853730
_14449_,VDD,Metal1,944.6450,397.6750,4.855253
_14448_,VDD,Metal1,944.5965,358.4865,4.849194
_14447_,VDD,Metal1,959.5825,357.4360,4.849111
_14446_,VDD,Metal1,954.9200,348.1635,4.848178
_14445_,VDD,Metal1,957.5830,358.3950,4.849117
_14444_,VDD,Metal1,963.4700,367.3980,4.850509
_14443_,VDD,Metal1,953.4475,367.4950,4.850568
_14442_,VDD,Metal1,947.3965,367.2730,4.850577
_14441_,VDD,Metal1,942.7500,367.3980,4.850597
_14440_,VDD,Metal1,940.1650,368.4050,4.850602
_14439_,VDD,Metal1,954.5675,377.5750,4.852020
_14438_,VDD,Metal1,958.6450,378.4850,4.852012
_14437_,VDD,Metal1,955.8450,368.4050,4.850551
_14436_,VDD,Metal1,950.8665,368.3015,4.850571
_14435_,VDD,Metal1,934.9100,256.5180,4.837901
_14434_,VDD,Metal1,934.1600,347.1130,4.848185
_14433_,VDD,Metal1,937.3165,357.1930,4.849192
_14432_,VDD,Metal1,943.7200,357.4360,4.849194
_14431_,VDD,Metal1,939.3400,377.2535,4.852035
_14430_,VDD,Metal1,944.6450,368.4050,4.850596
_14429_,VDD,Metal1,939.9500,378.5215,4.852035
_14428_,VDD,Metal1,934.2000,338.0835,4.846659
_14427_,VDD,Metal1,936.0300,246.4380,4.836964
_14426_,VDD,Metal1,939.3900,187.0015,4.832000
_14425_,VDD,Metal1,942.5600,328.2465,4.845603
_14424_,VDD,Metal1,949.4700,337.1580,4.846618
_14423_,VDD,Metal1,943.2600,336.9335,4.846641
_14422_,VDD,Metal1,938.4365,326.9530,4.845601
_14421_,VDD,Metal1,933.7900,327.0780,4.845600
_14420_,VDD,Metal1,936.5900,316.9980,4.844288
_14419_,VDD,Metal1,944.9000,347.2750,4.848194
_14418_,VDD,Metal1,939.9000,338.4260,4.846641
_14417_,VDD,Metal1,935.6850,337.1950,4.846643
_14416_,VDD,Metal1,942.1900,197.0815,4.832680
_14415_,VDD,Metal1,937.7100,206.1180,4.833613
_14414_,VDD,Metal1,942.5600,308.0865,4.843061
_14413_,VDD,Metal1,950.5900,307.9615,4.842863
_14412_,VDD,Metal1,945.5000,316.7735,4.844295
_14411_,VDD,Metal1,951.7100,316.9980,4.844291
_14410_,VDD,Metal1,944.4875,317.9450,4.844295
_14409_,VDD,Metal1,948.9100,327.0780,4.845585
_14408_,VDD,Metal1,933.9130,296.7130,4.841897
_14407_,VDD,Metal1,946.6700,226.2780,4.834975
_14406_,VDD,Metal1,958.9900,287.8015,4.840955
_14405_,VDD,Metal1,951.5200,287.9265,4.840964
_14404_,VDD,Metal1,945.5500,287.8015,4.840970
_14403_,VDD,Metal1,941.5800,296.6135,4.841896
_14402_,VDD,Metal1,965.1500,286.7580,4.840945
_14401_,VDD,Metal1,935.6850,287.7650,4.840932
_14400_,VDD,Metal1,923.4800,296.9560,4.841918
_14399_,VDD,Metal1,931.2050,287.7650,4.840922
_14398_,VDD,Metal1,934.3000,298.1060,4.841897
_14397_,VDD,Metal1,927.8450,297.8450,4.841913
_14396_,VDD,Metal1,925.9500,306.9180,4.843050
_14395_,VDD,Metal1,925.3900,185.9580,4.831960
_14394_,VDD,Metal1,922.9600,267.7665,4.838670
_14393_,VDD,Metal1,933.2300,267.6415,4.838653
_14392_,VDD,Metal1,924.1550,277.7225,4.839790
_14391_,VDD,Metal1,922.5400,286.5335,4.840909
_14390_,VDD,Metal1,923.3650,297.8450,4.841918
_14389_,VDD,Metal1,918.5200,277.6035,4.839796
_14388_,VDD,Metal1,930.9900,185.9580,4.831968
_14387_,VDD,Metal1,952.8300,256.5180,4.837873
_14386_,VDD,Metal1,956.7500,256.5180,4.837873
_14385_,VDD,Metal1,953.6050,207.1250,4.833577
_14384_,VDD,Metal1,956.9650,206.1550,4.833564
_14383_,VDD,Metal1,921.1250,237.3650,4.835960
_14382_,VDD,Metal1,931.7650,236.3950,4.835951
_14381_,VDD,Metal1,961.1330,156.9950,4.830013
_14380_,VDD,Metal1,950.5900,136.6015,4.829128
_14379_,VDD,Metal1,945.5500,126.5215,4.828633
_14378_,VDD,Metal1,932.6700,156.7615,4.830250
_14377_,VDD,Metal1,936.5900,156.7615,4.830245
_14376_,VDD,Metal1,931.7650,206.1550,4.833613
_14375_,VDD,Metal1,936.2450,216.2350,4.834318
_14374_,VDD,Metal1,955.6300,146.6815,4.829631
_14373_,VDD,Metal1,957.8700,155.7180,4.830166
_14372_,VDD,Metal1,924.8300,175.8780,4.831500
_14371_,VDD,Metal1,920.9100,175.8780,4.831500
_14370_,VDD,Metal1,315.5500,106.3615,4.828528
_14369_,VDD,Metal1,323.3900,106.3615,4.828528
_14368_,VDD,Metal1,253.2930,56.1950,4.826992
_14367_,VDD,Metal1,1021.6130,378.7550,4.851929
_14366_,VDD,Metal1,1011.5330,397.4050,4.855103
_14365_,VDD,Metal1,1002.0130,397.4050,4.855103
_14364_,VDD,Metal1,1016.0130,398.9150,4.855103
_14363_,VDD,Metal1,1017.6930,357.0850,4.848979
_14362_,VDD,Metal1,1011.5330,336.9250,4.846345
_14361_,VDD,Metal1,1071.4530,247.7150,4.836705
_14360_,VDD,Metal1,1066.4130,246.2050,4.836705
_14359_,VDD,Metal1,1060.8130,207.3950,4.833408
_14358_,VDD,Metal1,1054.0930,185.7250,4.831859
_14357_,VDD,Metal1,1050.7330,165.5650,4.830492
_14356_,VDD,Metal1,1031.1330,136.8350,4.829077
_14355_,VDD,Metal1,1021.6130,96.5150,4.827144
_14354_,VDD,Metal1,1013.2130,96.5150,4.827148
_14353_,VDD,Metal1,1011.3430,226.2450,4.834876
_14352_,VDD,Metal1,1065.2930,931.6450,4.958890
_14351_,VDD,Metal1,1076.4930,921.5650,4.958071
_14350_,VDD,Metal1,1068.0930,882.7550,4.955957
_14349_,VDD,Metal1,1065.8530,891.3250,4.956218
_14348_,VDD,Metal1,1076.4930,861.0850,4.954813
_14347_,VDD,Metal1,1066.9730,851.0050,4.954181
_14346_,VDD,Metal1,1076.4930,830.8450,4.953497
_14345_,VDD,Metal1,1031.1330,519.8750,4.877474
_14344_,VDD,Metal1,1032.8130,518.3650,4.877474
_14343_,VDD,Metal1,1021.6130,459.3950,4.865450
_14342_,VDD,Metal1,1070.3330,469.4750,4.866911
_14341_,VDD,Metal1,1070.3330,459.3950,4.865433
_14340_,VDD,Metal1,1056.8930,419.0750,4.858245
_14339_,VDD,Metal1,1070.3330,397.4050,4.854573
_14338_,VDD,Metal1,1022.8300,247.4815,4.836706
_14337_,VDD,Metal1,1025.5330,912.9950,4.957397
_14336_,VDD,Metal1,1020.4930,921.5650,4.958081
_14335_,VDD,Metal1,1019.3730,882.7550,4.955952
_14334_,VDD,Metal1,1021.0530,891.3250,4.956231
_14333_,VDD,Metal1,1039.5330,862.5950,4.954817
_14332_,VDD,Metal1,1037.2930,851.0050,4.954184
_14331_,VDD,Metal1,1037.2930,830.8450,4.953508
_14330_,VDD,Metal1,1021.6130,560.1950,4.886302
_14329_,VDD,Metal1,1011.5330,518.3650,4.877500
_14328_,VDD,Metal1,1021.6130,489.6350,4.870962
_14327_,VDD,Metal1,1021.6130,449.3150,4.863293
_14326_,VDD,Metal1,1021.6130,419.0750,4.858245
_14325_,VDD,Metal1,1033.3730,378.7550,4.851928
_14324_,VDD,Metal1,1050.7330,377.2450,4.851927
_14323_,VDD,Metal1,1013.8700,247.4815,4.836714
_14322_,VDD,Metal1,1051.2930,316.7650,4.844145
_14321_,VDD,Metal1,1057.4530,266.3650,4.838262
_14320_,VDD,Metal1,1050.7330,236.1250,4.835772
_14319_,VDD,Metal1,1021.6130,217.4750,4.834217
_14318_,VDD,Metal1,1021.6130,187.2350,4.831863
_14317_,VDD,Metal1,1018.8130,177.1550,4.831477
_14316_,VDD,Metal1,1002.0130,155.4850,4.829969
_14315_,VDD,Metal1,1011.5330,125.2450,4.828373
_14314_,VDD,Metal1,1002.0130,95.0050,4.827164
_14313_,VDD,Metal1,999.7730,34.5250,4.826076
_14312_,VDD,Metal1,1021.6130,25.9550,4.826027
_14311_,VDD,Metal1,1050.1730,36.0350,4.826046
_14310_,VDD,Metal1,1050.7330,74.8450,4.826807
_14309_,VDD,Metal1,1050.7330,125.2450,4.828287
_14308_,VDD,Metal1,1070.3330,156.9950,4.829878
_14307_,VDD,Metal1,1060.8130,136.8350,4.829066
_14306_,VDD,Metal1,1054.6530,86.4350,4.826705
_14305_,VDD,Metal1,1070.3330,76.3550,4.826802
_14304_,VDD,Metal1,1050.7330,326.8450,4.845295
_14303_,VDD,Metal1,1070.3330,267.8750,4.838258
_14302_,VDD,Metal1,1074.8130,246.2050,4.836705
_14301_,VDD,Metal1,1070.3330,217.4750,4.834199
_14300_,VDD,Metal1,1060.8130,197.3150,4.832335
_14299_,VDD,Metal1,1051.8530,175.6450,4.831477
_14298_,VDD,Metal1,1031.1330,146.9150,4.829519
_14297_,VDD,Metal1,1021.6130,106.5950,4.827761
_14296_,VDD,Metal1,1012.6530,76.3550,4.826817
_14295_,VDD,Metal1,991.9330,46.1150,4.825940
_14294_,VDD,Metal1,1021.6130,46.1150,4.825461
_14293_,VDD,Metal1,1060.8130,46.1150,4.825405
_14292_,VDD,Metal1,1032.8130,66.2750,4.826230
_14291_,VDD,Metal1,1040.6530,136.8350,4.829077
_14290_,VDD,Metal1,1073.1330,167.0750,4.830488
_14289_,VDD,Metal1,1070.3330,136.8350,4.829066
_14288_,VDD,Metal1,1060.8130,106.5950,4.827741
_14287_,VDD,Metal1,1078.7330,76.3550,4.826802
_14286_,VDD,Metal1,993.7100,246.4380,4.836748
_14285_,VDD,Metal1,1078.1730,822.2750,4.952633
_14284_,VDD,Metal1,1076.4930,820.7650,4.952633
_14283_,VDD,Metal1,1021.6130,529.9550,4.879357
_14282_,VDD,Metal1,1031.1330,509.7950,4.875366
_14281_,VDD,Metal1,1031.1330,469.4750,4.867017
_14280_,VDD,Metal1,1078.7330,469.4750,4.866911
_14279_,VDD,Metal1,1060.8130,449.3150,4.863284
_14278_,VDD,Metal1,1059.6930,439.2350,4.861543
_14277_,VDD,Metal1,1056.8930,407.4850,4.856548
_14276_,VDD,Metal1,1070.3330,286.5250,4.840932
_14275_,VDD,Metal1,1070.3330,308.1950,4.842793
_14274_,VDD,Metal1,1055.7730,488.1250,4.870938
_14273_,VDD,Metal1,1060.8130,528.4450,4.879352
_14272_,VDD,Metal1,1039.5330,548.6050,4.883901
_14271_,VDD,Metal1,1070.3330,550.1150,4.883894
_14270_,VDD,Metal1,1052.9730,580.3550,4.891627
_14269_,VDD,Metal1,1054.0930,590.4350,4.894715
_14268_,VDD,Metal1,1060.8130,620.6750,4.904080
_14267_,VDD,Metal1,1018.9100,247.4815,4.836708
_14266_,VDD,Metal1,1047.3730,822.2750,4.952646
_14265_,VDD,Metal1,1060.6265,801.9165,4.952505
_14264_,VDD,Metal1,1041.1040,810.7595,4.952804
_14263_,VDD,Metal1,1032.2350,801.8825,4.952518
_14262_,VDD,Metal1,1047.0765,802.0065,4.952510
_14261_,VDD,Metal1,1029.9600,811.0360,4.952855
_14260_,VDD,Metal1,1065.2930,830.8450,4.953497
_14259_,VDD,Metal1,1066.0200,800.5905,4.952505
_14258_,VDD,Metal1,1063.9250,810.9550,4.952791
_14257_,VDD,Metal1,1057.5000,800.6135,4.952505
_14256_,VDD,Metal1,1056.6450,810.9550,4.952798
_14255_,VDD,Metal1,1050.7800,810.6935,4.952800
_14254_,VDD,Metal1,1036.7800,800.6135,4.952514
_14253_,VDD,Metal1,1035.7100,811.9615,4.952804
_14252_,VDD,Metal1,1029.5000,812.1860,4.952855
_14251_,VDD,Metal1,1021.5950,810.9175,4.952842
_14250_,VDD,Metal1,1020.8050,811.9250,4.952842
_14249_,VDD,Metal1,1013.8200,810.6935,4.952837
_14248_,VDD,Metal1,1016.3250,811.9250,4.952837
_14247_,VDD,Metal1,993.7100,811.9615,4.952819
_14246_,VDD,Metal1,985.6800,812.0865,4.952816
_14245_,VDD,Metal1,984.0000,802.0065,4.952486
_14244_,VDD,Metal1,996.2230,810.8850,4.952820
_14243_,VDD,Metal1,1007.0000,800.9560,4.952492
_14242_,VDD,Metal1,1025.7965,802.0065,4.952521
_14241_,VDD,Metal1,1049.5600,791.6835,4.951941
_14240_,VDD,Metal1,1075.8800,790.8760,4.951935
_14239_,VDD,Metal1,1015.4530,548.6050,4.883902
_14238_,VDD,Metal1,1074.6475,781.8960,4.951358
_14237_,VDD,Metal1,1068.1900,791.8015,4.951935
_14236_,VDD,Metal1,1071.7650,791.7650,4.951935
_14235_,VDD,Metal1,1059.7400,792.0260,4.951936
_14234_,VDD,Metal1,1053.8450,790.7950,4.951939
_14233_,VDD,Metal1,1050.2200,800.6135,4.952509
_14232_,VDD,Metal1,1040.1400,802.1060,4.952514
_14231_,VDD,Metal1,1018.8600,802.1060,4.952515
_14230_,VDD,Metal1,1018.3500,800.8380,4.952515
_14229_,VDD,Metal1,1004.9530,802.1450,4.952492
_14228_,VDD,Metal1,1000.9900,811.9615,4.952823
_14227_,VDD,Metal1,1001.7650,810.9550,4.952823
_14226_,VDD,Metal1,991.4200,802.1060,4.952486
_14225_,VDD,Metal1,985.3100,791.8015,4.951911
_14224_,VDD,Metal1,985.1950,810.9175,4.952816
_14223_,VDD,Metal1,978.0300,801.8815,4.952483
_14222_,VDD,Metal1,979.7100,810.9180,4.952816
_14221_,VDD,Metal1,990.7600,791.6835,4.951913
_14220_,VDD,Metal1,1002.6700,791.8015,4.951914
_14219_,VDD,Metal1,1029.1565,800.7130,4.952521
_14218_,VDD,Metal1,1069.2200,790.7950,4.951935
_14217_,VDD,Metal1,1062.0300,790.7580,4.951936
_14216_,VDD,Metal1,1070.0365,771.7665,4.950786
_14215_,VDD,Metal1,1012.0930,508.2850,4.875388
_14214_,VDD,Metal1,1070.5000,761.8090,4.950137
_14213_,VDD,Metal1,1075.9800,770.3735,4.950779
_14212_,VDD,Metal1,1069.3100,770.5980,4.950786
_14211_,VDD,Metal1,1073.7000,780.7150,4.951358
_14210_,VDD,Metal1,1064.7150,780.6775,4.951362
_14209_,VDD,Metal1,1058.3830,780.6450,4.951366
_14208_,VDD,Metal1,1056.3150,781.7225,4.951367
_14207_,VDD,Metal1,1062.5900,781.7215,4.951363
_14206_,VDD,Metal1,1037.3400,792.0260,4.951947
_14205_,VDD,Metal1,1018.3000,792.0260,4.951936
_14204_,VDD,Metal1,1017.7900,790.7580,4.951936
_14203_,VDD,Metal1,1008.1550,791.8025,4.951916
_14202_,VDD,Metal1,1001.5500,800.8380,4.952492
_14201_,VDD,Metal1,996.3950,791.8025,4.951914
_14200_,VDD,Metal1,996.5100,800.8380,4.952487
_14199_,VDD,Metal1,988.6200,800.6135,4.952486
_14198_,VDD,Metal1,984.6350,790.7575,4.951911
_14197_,VDD,Metal1,984.9650,781.6850,4.951375
_14196_,VDD,Metal1,978.0300,780.6780,4.951373
_14195_,VDD,Metal1,981.3900,781.7215,4.951373
_14194_,VDD,Metal1,990.8200,810.9550,4.952818
_14193_,VDD,Metal1,983.0700,800.8380,4.952486
_14192_,VDD,Metal1,986.5965,780.5530,4.951375
_14191_,VDD,Metal1,1002.6700,781.7215,4.951384
_14190_,VDD,Metal1,1031.7000,791.7650,4.951950
_14189_,VDD,Metal1,1043.2665,800.9780,4.952513
_14188_,VDD,Metal1,1030.9430,781.7550,4.951396
_14187_,VDD,Metal1,1038.5100,781.7215,4.951389
_14186_,VDD,Metal1,1035.1500,780.6780,4.951392
_14185_,VDD,Metal1,1048.7565,780.5530,4.951372
_14184_,VDD,Metal1,1063.7100,771.6415,4.950790
_14183_,VDD,Metal1,1075.8800,760.6360,4.950137
_14182_,VDD,Metal1,1031.1330,479.5550,4.869055
_14181_,VDD,Metal1,1031.1330,439.2350,4.861549
_14180_,VDD,Metal1,1021.6130,429.1550,4.859958
_14179_,VDD,Metal1,1033.3730,397.4050,4.854606
_14178_,VDD,Metal1,1060.8130,368.6750,4.849892
_14177_,VDD,Metal1,1070.8930,276.4450,4.839587
_14176_,VDD,Metal1,1070.3330,338.4350,4.846190
_14175_,VDD,Metal1,1056.3330,499.7150,4.872622
_14174_,VDD,Metal1,1060.8130,489.6350,4.870937
_14173_,VDD,Metal1,1041.2130,538.5250,4.881714
_14172_,VDD,Metal1,1060.8130,540.0350,4.881713
_14171_,VDD,Metal1,1070.3330,570.2750,4.889023
_14170_,VDD,Metal1,1059.6930,610.5950,4.900436
_14169_,VDD,Metal1,1072.5730,639.3250,4.910194
_14168_,VDD,Metal1,1009.9500,247.4815,4.836718
_14167_,VDD,Metal1,986.4625,911.8360,4.957381
_14166_,VDD,Metal1,990.2000,912.6435,4.957384
_14165_,VDD,Metal1,988.5730,931.6450,4.958866
_14164_,VDD,Metal1,981.9500,911.7180,4.957380
_14163_,VDD,Metal1,1040.0930,963.3950,4.961030
_14162_,VDD,Metal1,1037.2930,982.0450,4.962075
_14161_,VDD,Metal1,1045.6930,982.0450,4.962075
_14160_,VDD,Metal1,1024.4130,971.9650,4.961435
_14159_,VDD,Metal1,1066.9730,1002.2050,4.963339
_14158_,VDD,Metal1,1076.4930,992.1250,4.962893
_14157_,VDD,Metal1,1036.7330,953.3150,4.960055
_14156_,VDD,Metal1,1063.6130,961.8850,4.961014
_14155_,VDD,Metal1,1075.9330,963.3950,4.961014
_14154_,VDD,Metal1,1037.2930,961.8850,4.961031
_14153_,VDD,Metal1,1065.8530,982.0450,4.962069
_14152_,VDD,Metal1,1076.4930,982.0450,4.962069
_14151_,VDD,Metal1,1013.7730,971.9650,4.961425
_14150_,VDD,Metal1,1018.2530,993.6350,4.962900
_14149_,VDD,Metal1,1027.7730,992.1250,4.962905
_14148_,VDD,Metal1,989.2625,901.7560,4.956838
_14147_,VDD,Metal1,995.8000,912.6435,4.957386
_14146_,VDD,Metal1,1003.6930,953.3150,4.960092
_14145_,VDD,Metal1,995.9500,901.6380,4.956838
_14144_,VDD,Metal1,976.9100,901.6380,4.956833
_14143_,VDD,Metal1,981.4225,901.7560,4.956833
_14142_,VDD,Metal1,988.5730,951.8050,4.960092
_14141_,VDD,Metal1,994.1900,237.4910,4.835855
_14140_,VDD,Metal1,983.0700,891.5580,4.956201
_14139_,VDD,Metal1,1036.7330,357.0850,4.848939
_14138_,VDD,Metal1,1070.8125,751.7340,4.949542
_14137_,VDD,Metal1,1077.0600,761.5250,4.950135
_14136_,VDD,Metal1,1078.7800,751.7060,4.949542
_14135_,VDD,Metal1,1063.3650,761.5250,4.950140
_14134_,VDD,Metal1,1064.7150,760.5175,4.950138
_14133_,VDD,Metal1,1058.3830,760.4850,4.950141
_14132_,VDD,Metal1,1058.6200,761.7860,4.950141
_14131_,VDD,Metal1,1064.8300,770.5980,4.950790
_14130_,VDD,Metal1,1051.3400,770.3735,4.950794
_14129_,VDD,Metal1,1037.9000,771.8660,4.950798
_14128_,VDD,Metal1,1037.3900,770.5980,4.950798
_14127_,VDD,Metal1,1007.5950,780.6775,4.951386
_14126_,VDD,Metal1,1002.1100,780.6780,4.951384
_14125_,VDD,Metal1,994.7800,771.8660,4.950762
_14124_,VDD,Metal1,1000.9900,771.6415,4.950765
_14123_,VDD,Metal1,987.5000,770.3735,4.950761
_14122_,VDD,Metal1,978.3030,771.6750,4.950761
_14121_,VDD,Metal1,984.6350,771.6425,4.950761
_14120_,VDD,Metal1,978.0300,761.5615,4.950158
_14119_,VDD,Metal1,984.1900,761.5615,4.950161
_14118_,VDD,Metal1,981.9500,770.5980,4.950761
_14117_,VDD,Metal1,990.8200,780.7150,4.951376
_14116_,VDD,Metal1,990.7600,760.6360,4.950164
_14115_,VDD,Metal1,1017.3000,780.4305,4.951397
_14114_,VDD,Metal1,1025.6875,780.7750,4.951398
_14113_,VDD,Metal1,1026.1900,781.7215,4.951398
_14112_,VDD,Metal1,1024.2230,771.6750,4.950804
_14111_,VDD,Metal1,1030.1100,780.6780,4.951396
_14110_,VDD,Metal1,1010.5100,761.5615,4.950182
_14109_,VDD,Metal1,1045.7000,770.6350,4.950794
_14108_,VDD,Metal1,1047.4200,771.8660,4.950794
_14107_,VDD,Metal1,1054.1900,780.6780,4.951368
_14106_,VDD,Metal1,1025.2265,770.4730,4.950804
_14105_,VDD,Metal1,1056.9000,770.6350,4.950793
_14104_,VDD,Metal1,1052.9200,750.5560,4.949559
_14103_,VDD,Metal1,1075.8800,750.5560,4.949542
_14102_,VDD,Metal1,1075.0765,730.1530,4.948628
_14101_,VDD,Metal1,1033.3730,328.3550,4.845299
_14100_,VDD,Metal1,1078.6525,719.9455,4.947898
_14099_,VDD,Metal1,1073.0400,711.2865,4.947501
_14098_,VDD,Metal1,1067.2365,711.2865,4.947501
_14097_,VDD,Metal1,1075.9150,721.2425,4.947898
_14096_,VDD,Metal1,1067.0200,740.1335,4.949020
_14095_,VDD,Metal1,1065.6665,750.5780,4.949543
_14094_,VDD,Metal1,1065.3400,741.6260,4.949020
_14093_,VDD,Metal1,1056.9400,751.7060,4.949558
_14092_,VDD,Metal1,1048.8050,761.5250,4.950148
_14091_,VDD,Metal1,1047.4200,751.7060,4.949562
_14090_,VDD,Metal1,1020.4750,760.5175,4.950185
_14089_,VDD,Metal1,1014.9900,760.5180,4.950185
_14088_,VDD,Metal1,1000.3150,760.5175,4.950170
_14087_,VDD,Metal1,999.8700,751.4815,4.949566
_14086_,VDD,Metal1,990.7950,751.4825,4.949560
_14085_,VDD,Metal1,986.3800,750.2135,4.949560
_14084_,VDD,Metal1,979.1100,750.4750,4.949560
_14083_,VDD,Metal1,984.4050,740.3950,4.949012
_14082_,VDD,Metal1,978.0300,741.4015,4.949011
_14081_,VDD,Metal1,983.9065,751.3415,4.949560
_14080_,VDD,Metal1,989.9565,740.2330,4.949018
_14079_,VDD,Metal1,1021.5040,761.7205,4.950185
_14078_,VDD,Metal1,1022.2700,781.7215,4.951397
_14077_,VDD,Metal1,1018.6265,770.7380,4.950785
_14076_,VDD,Metal1,1014.4300,770.5980,4.950784
_14075_,VDD,Metal1,1027.3100,750.4380,4.949575
_14074_,VDD,Metal1,1059.1400,750.4750,4.949558
_14073_,VDD,Metal1,1049.6600,760.2935,4.950148
_14072_,VDD,Metal1,1063.1500,751.4815,4.949555
_14071_,VDD,Metal1,1028.0265,760.3930,4.950185
_14070_,VDD,Metal1,1070.9000,741.3650,4.949020
_14069_,VDD,Metal1,1056.2800,731.2035,4.948629
_14068_,VDD,Metal1,1068.6000,730.3960,4.948628
_14067_,VDD,Metal1,1021.6130,308.1950,4.842800
_14066_,VDD,Metal1,1060.7325,699.7855,4.943228
_14065_,VDD,Metal1,1079.9500,710.1180,4.947501
_14064_,VDD,Metal1,1069.0230,701.1150,4.943225
_14063_,VDD,Metal1,1068.6600,720.2350,4.947904
_14062_,VDD,Metal1,1075.8800,710.2360,4.947501
_14061_,VDD,Metal1,1066.3040,721.4005,4.947904
_14060_,VDD,Metal1,1064.8875,720.2950,4.947903
_14059_,VDD,Metal1,1061.7465,730.4180,4.948628
_14058_,VDD,Metal1,1061.9800,731.5460,4.948628
_14057_,VDD,Metal1,1060.5650,740.3950,4.949022
_14056_,VDD,Metal1,1054.7000,740.1335,4.949024
_14055_,VDD,Metal1,1024.3950,741.4025,4.949050
_14054_,VDD,Metal1,1017.7900,750.4380,4.949575
_14053_,VDD,Metal1,1004.2350,741.4025,4.949024
_14052_,VDD,Metal1,1003.2300,740.3580,4.949024
_14051_,VDD,Metal1,996.4600,741.6260,4.949020
_14050_,VDD,Metal1,982.2230,741.4350,4.949012
_14049_,VDD,Metal1,988.5550,741.4025,4.949018
_14048_,VDD,Metal1,984.1900,731.3215,4.948627
_14047_,VDD,Metal1,988.1100,731.3215,4.948628
_14046_,VDD,Metal1,995.9500,740.3580,4.949020
_14045_,VDD,Metal1,998.9165,721.3665,4.947895
_14044_,VDD,Metal1,1022.0640,751.6405,4.949575
_14043_,VDD,Metal1,1021.9865,750.5780,4.949575
_14042_,VDD,Metal1,1029.5500,761.5615,4.950185
_14041_,VDD,Metal1,1019.4700,771.6415,4.950785
_14040_,VDD,Metal1,1015.5500,771.6415,4.950784
_14039_,VDD,Metal1,1026.9165,730.1530,4.948634
_14038_,VDD,Metal1,1067.5400,731.2850,4.948628
_14037_,VDD,Metal1,1056.6450,741.3650,4.949024
_14036_,VDD,Metal1,1047.4300,740.3950,4.949040
_14035_,VDD,Metal1,1056.3400,730.3150,4.948629
_14034_,VDD,Metal1,1048.7565,731.4465,4.948631
_14033_,VDD,Metal1,1050.9965,709.9930,4.947503
_14032_,VDD,Metal1,1045.3965,721.3665,4.947935
_14031_,VDD,Metal1,1069.1450,689.8740,4.929482
_14030_,VDD,Metal1,1033.9330,316.7650,4.844166
_14029_,VDD,Metal1,1071.9325,681.1740,4.925611
_14028_,VDD,Metal1,1076.8050,680.8850,4.925611
_14027_,VDD,Metal1,1074.0050,679.9150,4.925611
_14026_,VDD,Metal1,1071.5000,691.2260,4.929482
_14025_,VDD,Metal1,1067.5150,700.0375,4.943225
_14024_,VDD,Metal1,1073.7900,700.0380,4.943225
_14023_,VDD,Metal1,1062.5000,711.1250,4.947502
_14022_,VDD,Metal1,1062.4750,701.0825,4.943228
_14021_,VDD,Metal1,1069.8700,710.1180,4.947501
_14020_,VDD,Metal1,1056.9000,701.0450,4.943230
_14019_,VDD,Metal1,1056.3800,711.3860,4.947502
_14018_,VDD,Metal1,1042.9400,711.3860,4.947508
_14017_,VDD,Metal1,1051.3900,720.1980,4.947930
_14016_,VDD,Metal1,1030.5550,721.2425,4.947947
_14015_,VDD,Metal1,1011.5800,719.9735,4.947920
_14014_,VDD,Metal1,1009.9500,721.2415,4.947920
_14013_,VDD,Metal1,1000.4730,719.9350,4.947895
_14012_,VDD,Metal1,994.1200,721.1235,4.947893
_14011_,VDD,Metal1,995.1030,711.1950,4.947495
_14010_,VDD,Metal1,995.6050,710.1550,4.947496
_14009_,VDD,Metal1,988.6700,721.2415,4.947892
_14008_,VDD,Metal1,990.9100,730.2780,4.948628
_14007_,VDD,Metal1,989.3965,711.2865,4.947495
_14006_,VDD,Metal1,1024.5530,740.0950,4.949050
_14005_,VDD,Metal1,1035.1100,740.3950,4.949043
_14004_,VDD,Metal1,1025.9065,731.1815,4.948634
_14003_,VDD,Metal1,1020.8050,731.2850,4.948633
_14002_,VDD,Metal1,1030.1100,751.4815,4.949573
_14001_,VDD,Metal1,1013.8700,750.4380,4.949573
_14000_,VDD,Metal1,1018.9100,741.4015,4.949048
_13999_,VDD,Metal1,1005.0765,709.9930,4.947513
_13998_,VDD,Metal1,1045.1800,719.9735,4.947935
_13997_,VDD,Metal1,1038.4600,721.4660,4.947938
_13996_,VDD,Metal1,1039.6300,730.2780,4.948634
_13995_,VDD,Metal1,1024.1165,721.3665,4.947950
_13994_,VDD,Metal1,1035.0000,741.2835,4.949043
_13993_,VDD,Metal1,1030.2765,771.7665,4.950803
_13992_,VDD,Metal1,1035.7100,730.2780,4.948634
_13991_,VDD,Metal1,1026.1900,720.1980,4.947950
_13990_,VDD,Metal1,1042.5965,699.9130,4.943272
_13989_,VDD,Metal1,1040.3565,709.9930,4.947508
_13988_,VDD,Metal1,1063.0000,680.8035,4.925611
_13987_,VDD,Metal1,1048.4930,288.0350,4.840932
_13986_,VDD,Metal1,1073.3000,669.5505,4.922165
_13985_,VDD,Metal1,1081.2850,670.8050,4.922163
_13984_,VDD,Metal1,1070.5665,670.7015,4.922165
_13983_,VDD,Metal1,1077.5600,670.7235,4.922165
_13982_,VDD,Metal1,1066.3040,679.7195,4.925611
_13981_,VDD,Metal1,1060.9675,690.0550,4.929484
_13980_,VDD,Metal1,1056.1465,680.7815,4.925621
_13979_,VDD,Metal1,1049.0350,691.0025,4.929501
_13978_,VDD,Metal1,1035.1000,699.8135,4.943273
_13977_,VDD,Metal1,1032.9100,701.0815,4.943273
_13976_,VDD,Metal1,1007.5040,701.2405,4.942079
_13975_,VDD,Metal1,1000.0850,700.0750,4.941828
_13974_,VDD,Metal1,1000.4300,710.1180,4.947498
_13973_,VDD,Metal1,990.1440,701.2405,4.941396
_13972_,VDD,Metal1,985.5865,700.1780,4.941387
_13971_,VDD,Metal1,987.0475,710.2150,4.947494
_13970_,VDD,Metal1,977.4700,691.0015,4.929794
_13969_,VDD,Metal1,981.9500,710.1180,4.947494
_13968_,VDD,Metal1,981.3900,700.0380,4.941239
_13967_,VDD,Metal1,983.2365,669.6730,4.922429
_13966_,VDD,Metal1,1008.1550,711.1625,4.947514
_13965_,VDD,Metal1,1017.5030,730.2450,4.948632
_13964_,VDD,Metal1,1017.1150,721.2425,4.947943
_13963_,VDD,Metal1,1013.3100,730.2780,4.948631
_13962_,VDD,Metal1,1016.1100,740.3580,4.949047
_13961_,VDD,Metal1,1002.6700,711.1615,4.947513
_13960_,VDD,Metal1,1010.1165,689.8330,4.929558
_13959_,VDD,Metal1,1040.7000,691.2260,4.929512
_13958_,VDD,Metal1,1039.5800,701.3060,4.943272
_13957_,VDD,Metal1,1035.7100,689.9580,4.929516
_13956_,VDD,Metal1,1019.6365,689.8330,4.929546
_13955_,VDD,Metal1,1034.4750,711.1625,4.947514
_13954_,VDD,Metal1,1037.4475,720.2950,4.947938
_13953_,VDD,Metal1,1030.1100,720.1980,4.947947
_13952_,VDD,Metal1,1054.3565,679.7530,4.925621
_13951_,VDD,Metal1,1043.7165,681.0465,4.925635
_13950_,VDD,Metal1,1076.0300,660.7615,4.917357
_13949_,VDD,Metal1,1031.1330,277.9550,4.839619
_13948_,VDD,Metal1,1071.0600,650.9290,4.912480
_13947_,VDD,Metal1,1065.3900,659.7180,4.917360
_13946_,VDD,Metal1,1068.7000,649.4135,4.912480
_13945_,VDD,Metal1,1063.1500,650.6815,4.912486
_13944_,VDD,Metal1,1069.7550,660.7625,4.917357
_13943_,VDD,Metal1,1059.7900,669.7980,4.922186
_13942_,VDD,Metal1,1060.7950,660.7625,4.917364
_13941_,VDD,Metal1,1064.8875,669.8950,4.922178
_13940_,VDD,Metal1,1054.2330,671.1050,4.922191
_13939_,VDD,Metal1,1048.8050,679.9150,4.925627
_13938_,VDD,Metal1,1051.9500,680.9215,4.925621
_13937_,VDD,Metal1,1013.1950,680.9225,4.925708
_13936_,VDD,Metal1,994.7800,679.6535,4.925769
_13935_,VDD,Metal1,994.2700,670.8415,4.922384
_13934_,VDD,Metal1,983.4240,679.7195,4.925772
_13933_,VDD,Metal1,979.4265,670.7015,4.922435
_13932_,VDD,Metal1,973.0475,679.9750,4.925795
_13931_,VDD,Metal1,976.3500,660.7615,4.917551
_13930_,VDD,Metal1,978.5900,669.7980,4.922435
_13929_,VDD,Metal1,984.7500,670.8415,4.922429
_13928_,VDD,Metal1,983.7965,660.8865,4.917519
_13927_,VDD,Metal1,1012.6350,691.0025,4.929557
_13926_,VDD,Metal1,1016.9430,700.0050,4.942296
_13925_,VDD,Metal1,1020.4750,691.0025,4.929546
_13924_,VDD,Metal1,1012.7500,700.0380,4.942088
_13923_,VDD,Metal1,1017.7900,720.1980,4.947943
_13922_,VDD,Metal1,1007.1500,691.0015,4.929558
_13921_,VDD,Metal1,1003.3965,669.6730,4.922343
_13920_,VDD,Metal1,1041.2600,679.6535,4.925636
_13919_,VDD,Metal1,1036.7800,681.1460,4.925637
_13918_,VDD,Metal1,1035.7100,679.8780,4.925637
_13917_,VDD,Metal1,1015.7065,679.7530,4.925708
_13916_,VDD,Metal1,1033.6850,690.9650,4.929519
_13915_,VDD,Metal1,1030.0200,690.9650,4.929528
_13914_,VDD,Metal1,1028.4660,699.8665,4.943278
_13913_,VDD,Metal1,1028.9900,711.1615,4.947522
_13912_,VDD,Metal1,1026.2225,690.0760,4.929535
_13911_,VDD,Metal1,986.2800,690.0760,4.929784
_13910_,VDD,Metal1,1049.0000,660.6435,4.917391
_13909_,VDD,Metal1,1046.9100,650.6815,4.912518
_13908_,VDD,Metal1,1071.4600,659.7550,4.917357
_13907_,VDD,Metal1,1059.0800,649.7560,4.912496
_13906_,VDD,Metal1,1065.5565,639.4330,4.910194
_13905_,VDD,Metal1,1038.4130,246.2050,4.836705
_13904_,VDD,Metal1,1060.4200,630.7690,4.906900
_13903_,VDD,Metal1,1058.6200,639.3335,4.910194
_13902_,VDD,Metal1,1053.6300,630.5215,4.906905
_13901_,VDD,Metal1,1054.7930,640.8650,4.910194
_13900_,VDD,Metal1,1053.1275,649.7350,4.912503
_13899_,VDD,Metal1,1056.7065,650.5415,4.912496
_13898_,VDD,Metal1,1050.1550,659.7175,4.917390
_13897_,VDD,Metal1,1040.7000,659.4935,4.917401
_13896_,VDD,Metal1,1040.8865,660.6215,4.917401
_13895_,VDD,Metal1,1005.5130,661.0250,4.917475
_13894_,VDD,Metal1,996.1650,660.7250,4.917496
_13893_,VDD,Metal1,999.8700,659.7180,4.917481
_13892_,VDD,Metal1,987.3440,659.5595,4.917518
_13891_,VDD,Metal1,982.5425,649.7560,4.913008
_13890_,VDD,Metal1,983.1060,650.8530,4.913008
_13889_,VDD,Metal1,988.1100,649.6380,4.912963
_13888_,VDD,Metal1,974.1100,650.6815,4.913034
_13887_,VDD,Metal1,1003.1400,659.7550,4.917475
_13886_,VDD,Metal1,1009.8350,670.8425,4.922325
_13885_,VDD,Metal1,1012.7000,669.5735,4.922324
_13884_,VDD,Metal1,1004.3500,670.8415,4.922343
_13883_,VDD,Metal1,1014.9900,689.9580,4.929553
_13882_,VDD,Metal1,1020.0300,670.8415,4.922320
_13881_,VDD,Metal1,1040.6350,650.6825,4.912564
_13880_,VDD,Metal1,1039.6300,669.7980,4.922249
_13879_,VDD,Metal1,1033.3550,660.7625,4.917421
_13878_,VDD,Metal1,1030.6700,669.7980,4.922278
_13877_,VDD,Metal1,991.4200,681.1460,4.925769
_13876_,VDD,Metal1,981.2750,680.9225,4.925772
_13875_,VDD,Metal1,979.9250,689.9950,4.929791
_13874_,VDD,Metal1,976.3500,689.9580,4.929794
_13873_,VDD,Metal1,1020.1865,669.6730,4.922320
_13872_,VDD,Metal1,1043.7165,630.6465,4.906940
_13871_,VDD,Metal1,1032.5165,639.4330,4.910229
_13870_,VDD,Metal1,1046.5165,620.5665,4.904091
_13869_,VDD,Metal1,1042.8400,590.0835,4.894721
_13868_,VDD,Metal1,1041.2130,226.0450,4.834872
_13867_,VDD,Metal1,1040.8200,588.9105,4.894721
_13866_,VDD,Metal1,1038.3950,600.2825,4.897413
_13865_,VDD,Metal1,1039.2850,609.3550,4.900474
_13864_,VDD,Metal1,1039.5800,619.1735,4.904093
_13863_,VDD,Metal1,1039.5800,620.6660,4.904093
_13862_,VDD,Metal1,1034.0300,620.4415,4.904095
_13861_,VDD,Metal1,1039.4240,629.3195,4.906941
_13860_,VDD,Metal1,1037.6665,639.6980,4.910224
_13859_,VDD,Metal1,1039.6875,640.5050,4.910224
_13858_,VDD,Metal1,1029.5930,659.4550,4.917422
_13857_,VDD,Metal1,1034.5900,669.7980,4.922267
_13856_,VDD,Metal1,1002.8850,650.6450,4.912955
_13855_,VDD,Metal1,991.0600,650.8865,4.912963
_13854_,VDD,Metal1,978.0300,650.6815,4.913023
_13853_,VDD,Metal1,997.6625,650.5635,4.912962
_13852_,VDD,Metal1,1030.6200,650.9060,4.912604
_13851_,VDD,Metal1,1018.2350,660.7625,4.917447
_13850_,VDD,Metal1,1012.4665,659.8580,4.917463
_13849_,VDD,Metal1,1010.5100,679.8780,4.925712
_13848_,VDD,Metal1,1016.1100,670.8415,4.922324
_13847_,VDD,Metal1,1014.4300,650.6815,4.912896
_13846_,VDD,Metal1,1034.9440,630.6805,4.906941
_13845_,VDD,Metal1,1028.6450,629.5150,4.906948
_13844_,VDD,Metal1,1033.4700,640.6015,4.910229
_13843_,VDD,Metal1,1011.7865,629.3530,4.906973
_13842_,VDD,Metal1,1028.6450,649.6750,4.912604
_13841_,VDD,Metal1,1019.0600,659.5130,4.917447
_13840_,VDD,Metal1,981.3900,691.0015,4.929791
_13839_,VDD,Metal1,1021.7425,649.7560,4.912868
_13838_,VDD,Metal1,991.3200,629.5960,4.907086
_13837_,VDD,Metal1,1036.1200,590.0835,4.894722
_13836_,VDD,Metal1,1032.5165,580.2465,4.891655
_13835_,VDD,Metal1,1021.6130,207.3950,4.833423
_13834_,VDD,Metal1,1037.1275,568.8235,4.889029
_13833_,VDD,Metal1,1029.8265,579.2180,4.891655
_13832_,VDD,Metal1,1036.3275,579.1750,4.891654
_13831_,VDD,Metal1,1027.1040,588.9995,4.894723
_13830_,VDD,Metal1,1030.6200,600.5060,4.897413
_13829_,VDD,Metal1,1022.4065,600.1415,4.897428
_13828_,VDD,Metal1,1025.5150,619.3975,4.904101
_13827_,VDD,Metal1,1028.6450,620.4050,4.904099
_13826_,VDD,Metal1,995.7440,620.6005,4.904116
_13825_,VDD,Metal1,982.1900,620.4050,4.904122
_13824_,VDD,Metal1,987.5000,619.1735,4.904117
_13823_,VDD,Metal1,1002.8265,629.3530,4.906990
_13822_,VDD,Metal1,989.4450,630.4850,4.907086
_13821_,VDD,Metal1,983.6625,629.5960,4.907102
_13820_,VDD,Metal1,1032.2600,619.4350,4.904096
_13819_,VDD,Metal1,982.6600,630.7265,4.907102
_13818_,VDD,Metal1,1021.5950,629.4775,4.906966
_13817_,VDD,Metal1,1022.5430,630.5550,4.906966
_13816_,VDD,Metal1,1018.9100,639.5580,4.910247
_13815_,VDD,Metal1,1014.2240,630.6805,4.906973
_13814_,VDD,Metal1,1009.9825,639.6760,4.910256
_13813_,VDD,Metal1,1014.4300,649.6380,4.912896
_13812_,VDD,Metal1,1010.5100,649.6380,4.912910
_13811_,VDD,Metal1,998.1900,630.5215,4.906996
_13810_,VDD,Metal1,1021.7100,610.3615,4.900502
_13809_,VDD,Metal1,1030.5200,590.0835,4.894723
_13808_,VDD,Metal1,1031.1330,177.1550,4.831477
_13807_,VDD,Metal1,1024.0200,568.7505,4.889040
_13806_,VDD,Metal1,1022.8300,570.0415,4.889040
_13805_,VDD,Metal1,1019.9150,579.0775,4.891668
_13804_,VDD,Metal1,1021.7100,580.1215,4.891667
_13803_,VDD,Metal1,1000.0265,589.0330,4.894733
_13802_,VDD,Metal1,1021.5950,590.2025,4.894724
_13801_,VDD,Metal1,1022.8300,609.3180,4.900501
_13800_,VDD,Metal1,1013.6640,620.6005,4.904110
_13799_,VDD,Metal1,1003.7900,620.4415,4.904113
_13798_,VDD,Metal1,1002.7025,630.4035,4.906990
_13797_,VDD,Metal1,1009.3900,619.3980,4.904110
_13796_,VDD,Metal1,1004.3500,639.5580,4.910263
_13795_,VDD,Metal1,1015.0330,598.9750,4.897449
_13794_,VDD,Metal1,1016.1100,589.1580,4.894729
_13793_,VDD,Metal1,1013.1950,590.2025,4.894731
_13792_,VDD,Metal1,1016.1100,609.3180,4.900511
_13791_,VDD,Metal1,1014.1465,600.1415,4.897449
_13790_,VDD,Metal1,991.6850,610.3250,4.900567
_13789_,VDD,Metal1,994.3025,619.5160,4.904116
_13788_,VDD,Metal1,979.8600,619.1930,4.904122
_13787_,VDD,Metal1,1019.3730,165.5650,4.830495
_13786_,VDD,Metal1,1012.9065,560.0865,4.886302
_13785_,VDD,Metal1,1003.3665,569.9015,4.889105
_13784_,VDD,Metal1,1004.2000,569.1160,4.889105
_13783_,VDD,Metal1,1000.3150,580.1225,4.891730
_13782_,VDD,Metal1,993.6600,599.0135,4.897473
_13781_,VDD,Metal1,993.5600,609.4360,4.900567
_13780_,VDD,Metal1,984.7500,610.3615,4.900582
_13779_,VDD,Metal1,992.7400,600.4865,4.897473
_13778_,VDD,Metal1,993.9250,589.1950,4.894738
_13777_,VDD,Metal1,1001.0225,599.3560,4.897466
_13776_,VDD,Metal1,1010.1065,589.0330,4.894732
_13775_,VDD,Metal1,1004.3500,619.3980,4.904113
_13774_,VDD,Metal1,1009.3900,609.3180,4.900525
_13773_,VDD,Metal1,1004.8130,156.9950,4.829968
_13772_,VDD,Metal1,1012.2600,578.8305,4.891674
_13771_,VDD,Metal1,995.4260,578.9065,4.891736
_13770_,VDD,Metal1,998.1900,570.0415,4.889117
_13769_,VDD,Metal1,991.6265,590.3265,4.894739
_13768_,VDD,Metal1,989.2660,588.9865,4.894739
_13767_,VDD,Metal1,987.9600,599.3560,4.897488
_13766_,VDD,Metal1,991.6850,580.0850,4.891741
_13765_,VDD,Metal1,982.5100,599.2380,4.897518
_13764_,VDD,Metal1,1006.5900,580.1215,4.891717
_13763_,VDD,Metal1,1002.5730,126.7550,4.828390
_13762_,VDD,Metal1,999.3330,609.3015,4.900565
_13761_,VDD,Metal1,979.1500,590.2015,4.894789
_13760_,VDD,Metal1,984.1900,589.1580,4.894782
_13759_,VDD,Metal1,983.3465,590.0615,4.894782
_13758_,VDD,Metal1,1000.8930,105.0850,4.827801
_13757_,VDD,Metal1,996.2265,629.6180,4.907072
_13756_,VDD,Metal1,969.7965,227.4465,4.834887
_13755_,VDD,Metal1,966.2700,227.3215,4.834890
_13754_,VDD,Metal1,960.1425,660.6435,4.917671
_13753_,VDD,Metal1,930.2400,257.6865,4.837902
_13752_,VDD,Metal1,930.9900,256.5180,4.837902
_13751_,VDD,Metal1,923.1000,257.7860,4.837942
_13750_,VDD,Metal1,917.2050,267.6050,4.838682
_13749_,VDD,Metal1,920.2350,276.6775,4.839795
_13748_,VDD,Metal1,922.4400,217.1235,4.834315
_13747_,VDD,Metal1,961.7900,650.6815,4.913097
_13746_,VDD,Metal1,965.7100,236.3580,4.835913
_13745_,VDD,Metal1,953.1600,226.3960,4.834963
_13744_,VDD,Metal1,967.5130,217.0830,4.834303
_13743_,VDD,Metal1,924.1200,226.3960,4.834986
_13742_,VDD,Metal1,918.6700,206.1180,4.833619
_13741_,VDD,Metal1,914.1400,207.3860,4.833620
_13740_,VDD,Metal1,914.7000,217.4660,4.834315
_13739_,VDD,Metal1,922.8050,216.2350,4.834315
_13738_,VDD,Metal1,529.5725,206.0285,4.833967
_13737_,VDD,Metal1,527.2300,197.0815,4.833201
_13736_,VDD,Metal1,920.3500,207.1615,4.833619
_13735_,VDD,Metal1,955.9600,217.1235,4.834304
_13734_,VDD,Metal1,961.7000,217.2050,4.834304
_13733_,VDD,Metal1,956.7825,227.2035,4.834952
_13732_,VDD,Metal1,956.8730,246.5965,4.836760
_13731_,VDD,Metal1,945.8265,246.5780,4.836968
_13730_,VDD,Metal1,946.1425,236.4760,4.835947
_13729_,VDD,Metal1,942.2225,136.4835,4.829128
_13728_,VDD,Metal1,544.4400,216.3160,4.834698
_13727_,VDD,Metal1,538.4300,217.2415,4.834700
_13726_,VDD,Metal1,540.6200,205.8935,4.833927
_13725_,VDD,Metal1,531.3650,197.0450,4.833198
_13724_,VDD,Metal1,523.0800,145.7560,4.830156
_13723_,VDD,Metal1,533.6050,146.6450,4.830155
_13722_,VDD,Metal1,529.5275,207.0650,4.833967
_13721_,VDD,Metal1,535.8450,197.0450,4.833198
_13720_,VDD,Metal1,533.0450,216.2350,4.834703
_13719_,VDD,Metal1,528.5650,216.2350,4.834706
_13718_,VDD,Metal1,538.9900,216.1980,4.834700
_13717_,VDD,Metal1,964.1965,195.9130,4.832437
_13716_,VDD,Metal1,970.7825,196.1560,4.832436
_13715_,VDD,Metal1,958.2000,166.7235,4.830585
_13714_,VDD,Metal1,969.5400,165.8350,4.830556
_13713_,VDD,Metal1,965.1825,166.7235,4.830585
_13712_,VDD,Metal1,531.6130,145.4050,4.830155
_13711_,VDD,Metal1,528.8600,136.8260,4.829415
_13710_,VDD,Metal1,523.8200,135.3335,4.829415
_13709_,VDD,Metal1,538.9900,136.6015,4.829418
_13708_,VDD,Metal1,529.6850,125.5150,4.829110
_13707_,VDD,Metal1,514.2000,136.4835,4.829418
_13706_,VDD,Metal1,504.4850,146.6450,4.830171
_13705_,VDD,Metal1,960.1425,599.3560,4.897573
_13704_,VDD,Metal1,961.6400,266.7160,4.838392
_13703_,VDD,Metal1,528.2240,146.8120,4.830155
_13702_,VDD,Metal1,535.0700,136.6015,4.829415
_13701_,VDD,Metal1,521.0200,136.8260,4.829415
_13700_,VDD,Metal1,507.5400,135.5950,4.829427
_13699_,VDD,Metal1,513.1150,135.5575,4.829418
_13698_,VDD,Metal1,284.9165,136.7265,4.829443
_13697_,VDD,Metal1,946.1100,256.5180,4.837892
_13696_,VDD,Metal1,939.7700,145.6215,4.829645
_13695_,VDD,Metal1,945.5500,247.4815,4.836968
_13694_,VDD,Metal1,945.5500,176.9215,4.831511
_13693_,VDD,Metal1,952.3025,176.8035,4.831495
_13692_,VDD,Metal1,945.5500,175.8780,4.831511
_13691_,VDD,Metal1,939.7700,166.8580,4.830615
_13690_,VDD,Metal1,938.2700,155.7180,4.830244
_13689_,VDD,Metal1,297.0700,155.7180,4.830663
_13688_,VDD,Metal1,290.7600,145.7560,4.830153
_13687_,VDD,Metal1,291.3200,136.4835,4.829444
_13686_,VDD,Metal1,289.7700,135.6550,4.829444
_13685_,VDD,Metal1,292.7565,126.6465,4.829068
_13684_,VDD,Metal1,281.3400,135.3335,4.829443
_13683_,VDD,Metal1,274.8850,135.5950,4.829443
_13682_,VDD,Metal1,961.3530,207.0030,4.833552
_13681_,VDD,Metal1,943.5865,216.3380,4.834319
_13680_,VDD,Metal1,942.2225,206.2360,4.833613
_13679_,VDD,Metal1,932.1425,135.6760,4.829126
_13678_,VDD,Metal1,923.9250,146.6450,4.829646
_13677_,VDD,Metal1,299.7730,136.8350,4.829451
_13676_,VDD,Metal1,296.4600,135.3335,4.829450
_13675_,VDD,Metal1,299.1600,126.4035,4.829084
_13674_,VDD,Metal1,285.7550,126.5225,4.829048
_13673_,VDD,Metal1,272.9900,125.4780,4.829025
_13672_,VDD,Metal1,303.2300,126.5215,4.829097
_13671_,VDD,Metal1,970.7825,296.9560,4.841786
_13670_,VDD,Metal1,967.8000,287.6835,4.840945
_13669_,VDD,Metal1,328.9900,135.5580,4.829577
_13668_,VDD,Metal1,325.5330,126.7550,4.829153
_13667_,VDD,Metal1,316.6200,125.2535,4.829133
_13666_,VDD,Metal1,310.1165,125.3530,4.829120
_13665_,VDD,Metal1,316.0600,116.6660,4.828852
_13664_,VDD,Metal1,307.7100,126.5215,4.829119
_13663_,VDD,Metal1,964.0300,276.6780,4.839756
_13662_,VDD,Metal1,953.7700,126.5380,4.828571
_13661_,VDD,Metal1,970.1900,276.6780,4.839756
_13660_,VDD,Metal1,950.5900,187.0015,4.831991
_13659_,VDD,Metal1,944.4625,186.0760,4.832015
_13658_,VDD,Metal1,941.6300,175.8780,4.831507
_13657_,VDD,Metal1,933.0500,175.8615,4.831500
_13656_,VDD,Metal1,983.3465,217.1015,4.834265
_13655_,VDD,Metal1,940.5100,156.7615,4.830195
_13654_,VDD,Metal1,978.7465,226.1530,4.834886
_13653_,VDD,Metal1,992.1865,227.3380,4.834880
_13652_,VDD,Metal1,992.4250,236.2440,4.835856
_13651_,VDD,Metal1,995.3900,217.2415,4.834246
_13650_,VDD,Metal1,371.9840,126.6520,4.829148
_13649_,VDD,Metal1,377.7100,126.5215,4.829148
_13648_,VDD,Metal1,370.3800,116.6660,4.828825
_13647_,VDD,Metal1,317.4450,126.4850,4.829133
_13646_,VDD,Metal1,767.5930,95.1130,4.827827
_13645_,VDD,Metal1,775.7200,95.3560,4.827827
_13644_,VDD,Metal1,769.8465,86.0615,4.827102
_13643_,VDD,Metal1,764.6700,105.3180,4.828099
_13642_,VDD,Metal1,759.2365,105.1930,4.828099
_13641_,VDD,Metal1,768.5900,105.3180,4.828099
_13640_,VDD,Metal1,758.6765,95.1130,4.827829
_13639_,VDD,Metal1,755.6700,96.2450,4.827835
_13638_,VDD,Metal1,752.5650,95.2750,4.827841
_13637_,VDD,Metal1,762.9900,115.3980,4.828626
_13636_,VDD,Metal1,728.3930,105.1930,4.828153
_13635_,VDD,Metal1,728.4065,95.3780,4.827910
_13634_,VDD,Metal1,734.2800,96.1635,4.827903
_13633_,VDD,Metal1,728.2700,115.3980,4.828642
_13632_,VDD,Metal1,696.5165,105.1930,4.828251
_13631_,VDD,Metal1,708.6700,105.3180,4.828251
_13630_,VDD,Metal1,698.7565,95.1130,4.827967
_13629_,VDD,Metal1,697.9900,96.2450,4.827967
_13628_,VDD,Metal1,695.4450,86.1650,4.827132
_13627_,VDD,Metal1,699.1500,115.3980,4.828657
_13626_,VDD,Metal1,660.0730,96.4065,4.828073
_13625_,VDD,Metal1,654.7600,96.1635,4.828080
_13624_,VDD,Metal1,659.5265,95.3780,4.828073
_13623_,VDD,Metal1,657.7100,106.3615,4.828345
_13622_,VDD,Metal1,634.3565,105.1930,4.828457
_13621_,VDD,Metal1,643.1500,105.3180,4.828450
_13620_,VDD,Metal1,637.7165,96.4065,4.828118
_13619_,VDD,Metal1,630.2300,96.2450,4.828108
_13618_,VDD,Metal1,628.2450,95.2750,4.828105
_13617_,VDD,Metal1,637.5500,106.3615,4.828457
_13616_,VDD,Metal1,606.3565,105.1930,4.828456
_13615_,VDD,Metal1,601.8330,96.4065,4.828089
_13614_,VDD,Metal1,605.4800,95.3560,4.828089
_13613_,VDD,Metal1,606.1900,115.3980,4.828669
_13612_,VDD,Metal1,571.6365,105.1930,4.828466
_13611_,VDD,Metal1,563.7530,95.1130,4.828055
_13610_,VDD,Metal1,592.2475,96.1850,4.828083
_13609_,VDD,Metal1,586.2450,96.2450,4.828079
_13608_,VDD,Metal1,564.6000,86.0835,4.827668
_13607_,VDD,Metal1,563.6300,116.4415,4.828676
_13606_,VDD,Metal1,561.5130,96.4065,4.828055
_13605_,VDD,Metal1,557.1865,95.3780,4.828052
_13604_,VDD,Metal1,558.2450,86.1650,4.827667
_13603_,VDD,Metal1,494.3130,76.2465,4.827492
_13602_,VDD,Metal1,553.5500,96.2815,4.828047
_13601_,VDD,Metal1,465.2365,85.0330,4.827741
_13600_,VDD,Metal1,482.4300,86.2015,4.827747
_13599_,VDD,Metal1,480.9165,76.2465,4.827547
_13598_,VDD,Metal1,470.0700,75.1150,4.827550
_13597_,VDD,Metal1,475.1500,86.2015,4.827746
_13596_,VDD,Metal1,444.4730,76.2465,4.827567
_13595_,VDD,Metal1,438.8865,75.2180,4.827569
_13594_,VDD,Metal1,433.5600,75.1960,4.827571
_13593_,VDD,Metal1,453.8700,85.1580,4.827729
_13592_,VDD,Metal1,411.4765,85.0330,4.827687
_13591_,VDD,Metal1,407.8350,75.0775,4.827587
_13590_,VDD,Metal1,404.7565,66.1665,4.827487
_13589_,VDD,Metal1,403.6850,65.0350,4.827487
_13588_,VDD,Metal1,411.3100,95.2380,4.827786
_13587_,VDD,Metal1,373.9130,74.9530,4.827594
_13586_,VDD,Metal1,371.6865,65.1380,4.827490
_13585_,VDD,Metal1,372.5200,65.9235,4.827490
_13584_,VDD,Metal1,368.7500,75.0780,4.827597
_13583_,VDD,Metal1,363.3165,86.3265,4.827680
_13582_,VDD,Metal1,357.5500,66.0415,4.827491
_13581_,VDD,Metal1,354.1700,55.8650,4.827178
_13580_,VDD,Metal1,354.3565,54.7930,4.827178
_13579_,VDD,Metal1,357.5500,86.2015,4.827680
_13578_,VDD,Metal1,344.2330,74.9530,4.827597
_13577_,VDD,Metal1,336.4065,65.1380,4.827492
_13576_,VDD,Metal1,344.5200,65.1160,4.827491
_13575_,VDD,Metal1,343.5500,85.1580,4.827683
_13574_,VDD,Metal1,336.9530,76.2465,4.827605
_13573_,VDD,Metal1,335.1500,85.1580,4.827685
_13572_,VDD,Metal1,861.1130,580.2465,4.891178
_13571_,VDD,Metal1,868.4065,589.2980,4.893785
_13570_,VDD,Metal1,867.0000,590.0835,4.893783
_13569_,VDD,Metal1,855.9500,580.1215,4.891178
_13568_,VDD,Metal1,862.2765,589.0330,4.893782
_13567_,VDD,Metal1,866.5900,580.1215,4.891178
_13566_,VDD,Metal1,879.6365,590.3265,4.894216
_13565_,VDD,Metal1,878.8700,589.1950,4.894216
_13564_,VDD,Metal1,897.6050,609.3550,4.900072
_13563_,VDD,Metal1,859.8700,568.9980,4.888740
_13562_,VDD,Metal1,882.3930,578.9530,4.891454
_13561_,VDD,Metal1,900.6000,589.2760,4.894504
_13560_,VDD,Metal1,893.6065,589.2980,4.894416
_13559_,VDD,Metal1,878.9100,568.9980,4.888821
_13558_,VDD,Metal1,885.7965,568.8730,4.888821
_13557_,VDD,Metal1,891.7900,568.9980,4.888852
_13556_,VDD,Metal1,898.6765,570.1665,4.888873
_13555_,VDD,Metal1,892.3100,570.0050,4.888853
_13554_,VDD,Metal1,908.8050,579.1150,4.891517
_13553_,VDD,Metal1,884.5100,558.9180,4.886311
_13552_,VDD,Metal1,885.1930,548.7130,4.884043
_13551_,VDD,Metal1,902.8400,539.6835,4.881605
_13550_,VDD,Metal1,901.4465,548.9780,4.884048
_13549_,VDD,Metal1,884.5100,538.7580,4.881500
_13548_,VDD,Metal1,896.9965,518.4730,4.877394
_13547_,VDD,Metal1,897.9500,528.6780,4.879411
_13546_,VDD,Metal1,904.8365,528.5530,4.879440
_13545_,VDD,Metal1,905.7500,518.6350,4.877409
_13544_,VDD,Metal1,913.2850,519.6050,4.877460
_13543_,VDD,Metal1,892.3500,518.5980,4.877394
_13542_,VDD,Metal1,905.3965,479.4465,4.869156
_13541_,VDD,Metal1,912.6330,479.4465,4.869157
_13540_,VDD,Metal1,916.2800,489.2835,4.871152
_13539_,VDD,Metal1,900.7500,479.3215,4.869156
_13538_,VDD,Metal1,910.4365,447.9130,4.863434
_13537_,VDD,Metal1,912.6330,449.2065,4.863434
_13536_,VDD,Metal1,914.2475,478.3750,4.869157
_13535_,VDD,Metal1,908.2450,478.3150,4.869157
_13534_,VDD,Metal1,906.2000,448.9635,4.863430
_13533_,VDD,Metal1,906.3500,459.1615,4.865513
_13532_,VDD,Metal1,899.7530,437.8330,4.861616
_13531_,VDD,Metal1,904.8850,437.9950,4.861616
_13530_,VDD,Metal1,904.3865,448.1780,4.863430
_13529_,VDD,Metal1,678.5325,388.6910,4.853842
_13528_,VDD,Metal1,894.5900,437.9580,4.861616
_13527_,VDD,Metal1,646.1165,387.4330,4.853857
_13526_,VDD,Metal1,650.9900,387.5580,4.853850
_13525_,VDD,Metal1,647.2365,378.6465,4.852303
_13524_,VDD,Metal1,640.8700,378.4850,4.852318
_13523_,VDD,Metal1,642.5900,398.6815,4.855084
_13522_,VDD,Metal1,619.1930,358.4865,4.849542
_13521_,VDD,Metal1,622.0065,357.4580,4.849543
_13520_,VDD,Metal1,623.4000,348.1635,4.848242
_13519_,VDD,Metal1,617.9500,348.2815,4.848233
_13518_,VDD,Metal1,567.7165,368.5665,4.850728
_13517_,VDD,Metal1,579.7550,357.3175,4.849470
_13516_,VDD,Metal1,581.7165,348.4065,4.848071
_13515_,VDD,Metal1,576.1650,348.2450,4.848056
_13514_,VDD,Metal1,564.7500,377.4780,4.852169
_13513_,VDD,Metal1,547.5130,338.3265,4.846457
_13512_,VDD,Metal1,548.6465,337.2980,4.846458
_13511_,VDD,Metal1,555.6400,337.2760,4.846466
_13510_,VDD,Metal1,541.7900,357.3180,4.849465
_13509_,VDD,Metal1,541.3965,326.9530,4.845534
_13508_,VDD,Metal1,541.6750,316.9975,4.844287
_13507_,VDD,Metal1,542.5165,308.0865,4.843290
_13506_,VDD,Metal1,536.9650,307.9250,4.843289
_13505_,VDD,Metal1,536.7500,318.0415,4.844287
_13504_,VDD,Metal1,537.4330,287.9265,4.841061
_13503_,VDD,Metal1,530.7265,287.6615,4.841060
_13502_,VDD,Metal1,533.8000,286.8760,4.841060
_13501_,VDD,Metal1,542.9100,287.8015,4.841061
_13500_,VDD,Metal1,528.4730,277.8465,4.839856
_13499_,VDD,Metal1,530.0300,276.6780,4.839856
_13498_,VDD,Metal1,779.8225,115.5160,4.828591
_13497_,VDD,Metal1,791.9600,75.1960,4.827097
_13496_,VDD,Metal1,789.7550,64.9975,4.826907
_13495_,VDD,Metal1,787.2365,66.1665,4.826909
_13494_,VDD,Metal1,787.9030,95.2050,4.827814
_13493_,VDD,Metal1,781.0765,96.4065,4.827822
_13492_,VDD,Metal1,782.5700,95.3350,4.827822
_13491_,VDD,Metal1,796.6330,54.6550,4.826730
_13490_,VDD,Metal1,804.9400,56.1860,4.826715
_13489_,VDD,Metal1,787.7965,46.0065,4.826277
_13488_,VDD,Metal1,784.3025,106.2435,4.828084
_13487_,VDD,Metal1,786.9200,85.2760,4.827100
_13486_,VDD,Metal1,782.3840,74.9195,4.827105
_13485_,VDD,Metal1,749.4000,76.0035,4.827095
_13484_,VDD,Metal1,782.8050,76.0850,4.827105
_13483_,VDD,Metal1,787.6300,76.1215,4.827106
_13482_,VDD,Metal1,776.4300,105.3180,4.828099
_13481_,VDD,Metal1,775.5250,85.1950,4.827101
_13480_,VDD,Metal1,764.5200,86.0835,4.827104
_13479_,VDD,Metal1,764.9430,85.1250,4.827104
_13478_,VDD,Metal1,776.9400,86.4260,4.827101
_13477_,VDD,Metal1,783.4265,86.0615,4.827100
_13476_,VDD,Metal1,780.3500,85.1580,4.827101
_13475_,VDD,Metal1,784.0640,54.7595,4.826739
_13474_,VDD,Metal1,752.7600,65.1160,4.826973
_13473_,VDD,Metal1,787.8450,55.9250,4.826739
_13472_,VDD,Metal1,793.7900,55.9615,4.826730
_13471_,VDD,Metal1,720.4625,106.2435,4.828194
_13470_,VDD,Metal1,737.6400,95.3560,4.827902
_13469_,VDD,Metal1,744.3040,84.9995,4.827112
_13468_,VDD,Metal1,748.6450,75.1150,4.827095
_13467_,VDD,Metal1,745.0700,75.0780,4.827101
_13466_,VDD,Metal1,722.8365,74.9530,4.827193
_13465_,VDD,Metal1,727.2730,96.4065,4.827910
_13464_,VDD,Metal1,738.6265,96.1415,4.827902
_13463_,VDD,Metal1,729.5565,86.3265,4.827117
_13462_,VDD,Metal1,743.3400,95.0135,4.827898
_13461_,VDD,Metal1,749.0475,86.1050,4.827112
_13460_,VDD,Metal1,745.4240,66.2005,4.826982
_13459_,VDD,Metal1,746.4050,65.0350,4.826982
_13458_,VDD,Metal1,753.4700,75.0780,4.827087
_13457_,VDD,Metal1,722.8365,76.2465,4.827193
_13456_,VDD,Metal1,703.1025,105.4360,4.828251
_13455_,VDD,Metal1,716.9200,96.1635,4.827935
_13454_,VDD,Metal1,714.0640,74.9195,4.827202
_13453_,VDD,Metal1,695.6400,76.0035,4.827262
_13452_,VDD,Metal1,717.2850,76.0850,4.827202
_13451_,VDD,Metal1,718.1900,85.1580,4.827120
_13450_,VDD,Metal1,712.5900,105.3180,4.828221
_13449_,VDD,Metal1,708.8850,96.2450,4.827952
_13448_,VDD,Metal1,705.1600,96.1635,4.827959
_13447_,VDD,Metal1,693.2630,96.3150,4.828001
_13446_,VDD,Metal1,717.0200,86.4260,4.827120
_13445_,VDD,Metal1,722.1100,85.1580,4.827119
_13444_,VDD,Metal1,723.1400,95.2750,4.827916
_13443_,VDD,Metal1,723.2300,86.2015,4.827119
_13442_,VDD,Metal1,722.5550,64.9975,4.827023
_13441_,VDD,Metal1,702.9200,65.1160,4.827143
_13440_,VDD,Metal1,722.5550,55.9625,4.826732
_13439_,VDD,Metal1,723.2300,54.9180,4.826732
_13438_,VDD,Metal1,666.7025,106.2435,4.828345
_13437_,VDD,Metal1,680.5200,95.3560,4.828033
_13436_,VDD,Metal1,685.5040,76.2805,4.827272
_13435_,VDD,Metal1,695.4450,75.1150,4.827262
_13434_,VDD,Metal1,690.7500,75.0780,4.827272
_13433_,VDD,Metal1,649.9930,74.9530,4.827380
_13432_,VDD,Metal1,669.7430,95.2050,4.828066
_13431_,VDD,Metal1,671.1500,96.2815,4.828066
_13430_,VDD,Metal1,666.2765,96.4065,4.828067
_13429_,VDD,Metal1,673.8600,95.2750,4.828047
_13428_,VDD,Metal1,686.7150,95.2375,4.828018
_13427_,VDD,Metal1,703.6300,95.2380,4.827959
_13426_,VDD,Metal1,699.6200,86.1650,4.827130
_13425_,VDD,Metal1,697.2640,66.2005,4.827143
_13424_,VDD,Metal1,696.5650,65.0350,4.827143
_13423_,VDD,Metal1,698.5900,55.9615,4.826758
_13422_,VDD,Metal1,649.9930,64.8730,4.827251
_13421_,VDD,Metal1,664.6450,95.2750,4.828067
_13420_,VDD,Metal1,642.0625,106.2435,4.828450
_13419_,VDD,Metal1,648.0400,96.1635,4.828097
_13418_,VDD,Metal1,649.1040,76.2805,4.827380
_13417_,VDD,Metal1,646.1650,85.1950,4.827264
_13416_,VDD,Metal1,618.2800,75.1960,4.827362
_13415_,VDD,Metal1,656.2450,75.1150,4.827320
_13414_,VDD,Metal1,644.8300,75.0780,4.827380
_13413_,VDD,Metal1,639.2300,105.3180,4.828456
_13412_,VDD,Metal1,638.3250,95.2750,4.828118
_13411_,VDD,Metal1,634.6000,95.3560,4.828117
_13410_,VDD,Metal1,625.5030,96.3150,4.828102
_13409_,VDD,Metal1,648.1400,86.4260,4.827263
_13408_,VDD,Metal1,656.5900,85.1580,4.827228
_13407_,VDD,Metal1,661.5400,86.1650,4.827211
_13406_,VDD,Metal1,658.2700,86.2015,4.827227
_13405_,VDD,Metal1,654.1440,56.1205,4.826914
_13404_,VDD,Metal1,643.9250,65.0350,4.827262
_13403_,VDD,Metal1,631.3500,65.0350,4.827361
_13402_,VDD,Metal1,650.6450,54.9550,4.826914
_13401_,VDD,Metal1,644.2700,55.9615,4.826933
_13400_,VDD,Metal1,617.9825,115.5160,4.828669
_13399_,VDD,Metal1,619.4800,105.4360,4.828456
_13398_,VDD,Metal1,616.6240,76.2805,4.827362
_13397_,VDD,Metal1,630.4850,75.1150,4.827416
_13396_,VDD,Metal1,612.2000,75.1960,4.827361
_13395_,VDD,Metal1,611.3530,96.4065,4.828097
_13394_,VDD,Metal1,610.9465,95.3780,4.828097
_13393_,VDD,Metal1,617.5565,96.4065,4.828100
_13392_,VDD,Metal1,621.3100,86.2015,4.827695
_13391_,VDD,Metal1,620.7000,95.0135,4.828101
_13390_,VDD,Metal1,622.4300,85.1580,4.827695
_13389_,VDD,Metal1,626.4075,86.1050,4.827695
_13388_,VDD,Metal1,627.8240,66.2005,4.827361
_13387_,VDD,Metal1,630.4850,55.9250,4.826957
_13386_,VDD,Metal1,644.7400,54.9550,4.826933
_13385_,VDD,Metal1,637.5500,55.9615,4.826961
_13384_,VDD,Metal1,625.4450,75.1150,4.827400
_13383_,VDD,Metal1,581.0225,105.4360,4.828461
_13382_,VDD,Metal1,588.1200,86.0835,4.827679
_13381_,VDD,Metal1,590.4600,76.3460,4.827333
_13380_,VDD,Metal1,606.6600,75.1150,4.827351
_13379_,VDD,Metal1,599.3550,66.0425,4.827368
_13378_,VDD,Metal1,608.6450,66.0050,4.827365
_13377_,VDD,Metal1,552.5965,64.8730,4.827386
_13376_,VDD,Metal1,575.3700,96.1850,4.828063
_13375_,VDD,Metal1,570.4865,95.3780,4.828055
_13374_,VDD,Metal1,568.5200,96.1635,4.828055
_13373_,VDD,Metal1,591.5800,95.0135,4.828083
_13372_,VDD,Metal1,583.7400,95.0135,4.828079
_13371_,VDD,Metal1,601.6200,105.3550,4.828457
_13370_,VDD,Metal1,597.7900,95.2380,4.828088
_13369_,VDD,Metal1,603.8600,86.1650,4.827687
_13368_,VDD,Metal1,597.7500,76.0850,4.827335
_13367_,VDD,Metal1,591.8450,85.1950,4.827683
_13366_,VDD,Metal1,586.1665,85.2980,4.827679
_13365_,VDD,Metal1,587.5600,55.8435,4.826957
_13364_,VDD,Metal1,599.3550,55.9625,4.826957
_13363_,VDD,Metal1,619.2850,55.9250,4.826957
_13362_,VDD,Metal1,542.3825,115.5160,4.828710
_13361_,VDD,Metal1,546.6800,75.1960,4.827358
_13360_,VDD,Metal1,545.5040,66.2005,4.827387
_13359_,VDD,Metal1,558.2450,66.0050,4.827382
_13358_,VDD,Metal1,553.5500,66.0415,4.827386
_13357_,VDD,Metal1,527.4450,66.0050,4.827420
_13356_,VDD,Metal1,547.3900,95.2380,4.828035
_13355_,VDD,Metal1,523.5250,86.1650,4.827662
_13354_,VDD,Metal1,526.0700,76.0850,4.827413
_13353_,VDD,Metal1,527.3965,85.0330,4.827661
_13352_,VDD,Metal1,543.4200,76.3460,4.827358
_13351_,VDD,Metal1,564.1900,85.1580,4.827668
_13350_,VDD,Metal1,555.7900,85.1580,4.827666
_13349_,VDD,Metal1,558.5900,76.1215,4.827343
_13348_,VDD,Metal1,559.3650,85.1950,4.827667
_13347_,VDD,Metal1,553.9950,75.0775,4.827353
_13346_,VDD,Metal1,551.2600,76.3460,4.827354
_13345_,VDD,Metal1,546.9965,64.8730,4.827387
_13344_,VDD,Metal1,559.1000,64.7735,4.827382
_13343_,VDD,Metal1,568.6700,66.0415,4.827369
_13342_,VDD,Metal1,541.4450,65.0350,4.827387
_13341_,VDD,Metal1,469.5825,86.0835,4.827746
_13340_,VDD,Metal1,477.2400,75.1960,4.827549
_13339_,VDD,Metal1,480.0750,64.9975,4.827467
_13338_,VDD,Metal1,486.0050,66.0050,4.827459
_13337_,VDD,Metal1,469.4000,55.8435,4.827091
_13336_,VDD,Metal1,489.0350,54.9175,4.827044
_13335_,VDD,Metal1,521.8450,75.1150,4.827427
_13334_,VDD,Metal1,471.2100,76.0250,4.827550
_13333_,VDD,Metal1,463.5265,75.9815,4.827552
_13332_,VDD,Metal1,466.0400,75.1960,4.827552
_13331_,VDD,Metal1,491.3400,74.8535,4.827493
_13330_,VDD,Metal1,514.2600,76.0850,4.827438
_13329_,VDD,Metal1,503.7100,75.0780,4.827450
_13328_,VDD,Metal1,494.4050,66.0050,4.827439
_13327_,VDD,Metal1,490.9665,65.1380,4.827444
_13326_,VDD,Metal1,483.4000,55.0360,4.827082
_13325_,VDD,Metal1,462.9865,54.7930,4.827093
_13324_,VDD,Metal1,501.3550,54.9175,4.827044
_13323_,VDD,Metal1,533.0450,65.0350,4.827415
_13322_,VDD,Metal1,460.5900,75.0780,4.827552
_13321_,VDD,Metal1,442.7025,85.2760,4.827729
_13320_,VDD,Metal1,449.8000,85.2760,4.827729
_13319_,VDD,Metal1,445.2640,64.8395,4.827474
_13318_,VDD,Metal1,465.2850,65.0350,4.827471
_13317_,VDD,Metal1,461.7100,64.9980,4.827471
_13316_,VDD,Metal1,431.6365,56.0865,4.827117
_13315_,VDD,Metal1,433.1500,85.1580,4.827700
_13314_,VDD,Metal1,436.7250,85.1950,4.827719
_13313_,VDD,Metal1,433.6700,76.0850,4.827571
_13312_,VDD,Metal1,434.9965,66.1665,4.827475
_13311_,VDD,Metal1,449.3400,74.8535,4.827558
_13310_,VDD,Metal1,465.8450,66.0050,4.827471
_13309_,VDD,Metal1,462.1800,66.0050,4.827471
_13308_,VDD,Metal1,459.8240,56.1205,4.827093
_13307_,VDD,Metal1,473.4700,55.9615,4.827089
_13306_,VDD,Metal1,454.6450,54.9550,4.827093
_13305_,VDD,Metal1,421.9825,85.2760,4.827687
_13304_,VDD,Metal1,418.4400,76.0035,4.827581
_13303_,VDD,Metal1,416.7950,55.9625,4.827128
_13302_,VDD,Metal1,421.3900,54.9180,4.827126
_13301_,VDD,Metal1,414.0600,54.6935,4.827128
_13300_,VDD,Metal1,384.0365,54.7930,4.827158
_13299_,VDD,Metal1,412.4300,76.1215,4.827584
_13298_,VDD,Metal1,415.4450,75.1150,4.827583
_13297_,VDD,Metal1,411.1600,65.9235,4.827486
_13296_,VDD,Metal1,415.5030,66.0750,4.827486
_13295_,VDD,Metal1,414.0600,64.7735,4.827486
_13294_,VDD,Metal1,429.7900,66.0415,4.827479
_13293_,VDD,Metal1,431.3800,65.0350,4.827475
_13292_,VDD,Metal1,427.5500,64.9980,4.827484
_13291_,VDD,Metal1,414.6200,46.1060,4.827092
_13290_,VDD,Metal1,407.8000,44.9560,4.827123
_13289_,VDD,Metal1,412.8750,35.8025,4.826769
_13288_,VDD,Metal1,435.0450,45.8450,4.826925
_13287_,VDD,Metal1,409.0700,45.8815,4.827122
_13286_,VDD,Metal1,393.2930,76.3550,4.827590
_13285_,VDD,Metal1,391.1500,64.9980,4.827488
_13284_,VDD,Metal1,387.2300,64.9980,4.827488
_13283_,VDD,Metal1,390.4750,54.9175,4.827147
_13282_,VDD,Metal1,391.0350,45.8825,4.827143
_13281_,VDD,Metal1,391.1500,55.9615,4.827147
_13280_,VDD,Metal1,362.4400,44.9560,4.827161
_13279_,VDD,Metal1,382.4630,64.9650,4.827488
_13278_,VDD,Metal1,376.5700,55.8650,4.827162
_13277_,VDD,Metal1,375.0765,54.7930,4.827162
_13276_,VDD,Metal1,384.3800,56.1860,4.827158
_13275_,VDD,Metal1,395.3465,55.8215,4.827146
_13274_,VDD,Metal1,407.8600,65.0350,4.827487
_13273_,VDD,Metal1,397.5865,55.0580,4.827140
_13272_,VDD,Metal1,373.1800,36.0260,4.826786
_13271_,VDD,Metal1,368.9165,25.8465,4.826768
_13270_,VDD,Metal1,369.2600,34.5335,4.826786
_13269_,VDD,Metal1,402.3500,44.8380,4.827126
_13268_,VDD,Metal1,362.8050,34.7950,4.826794
_13267_,VDD,Metal1,351.2930,84.9250,4.827683
_13266_,VDD,Metal1,354.9065,44.7130,4.827166
_13265_,VDD,Metal1,347.3200,55.8435,4.827180
_13264_,VDD,Metal1,347.0465,45.7415,4.827173
_13263_,VDD,Metal1,346.2350,44.8375,4.827173
_13262_,VDD,Metal1,355.8700,35.8015,4.826800
_13261_,VDD,Metal1,359.5030,54.8850,4.827176
_13260_,VDD,Metal1,349.5600,55.0360,4.827180
_13259_,VDD,Metal1,355.2600,46.1060,4.827166
_13258_,VDD,Metal1,362.5900,45.8815,4.827161
_13257_,VDD,Metal1,366.7865,45.7415,4.827157
_13256_,VDD,Metal1,355.2600,34.5335,4.826800
_13255_,VDD,Metal1,349.5600,34.8760,4.826805
_13254_,VDD,Metal1,353.5150,25.7225,4.826766
_13253_,VDD,Metal1,363.3650,25.6850,4.826768
_13252_,VDD,Metal1,344.1100,34.7580,4.826879
_13251_,VDD,Metal1,325.5330,76.3550,4.827621
_13250_,VDD,Metal1,326.9065,64.8730,4.827493
_13249_,VDD,Metal1,328.9900,54.9180,4.827192
_13248_,VDD,Metal1,324.1165,54.7930,4.827175
_13247_,VDD,Metal1,323.3500,55.9250,4.827175
_13246_,VDD,Metal1,325.0200,46.1060,4.827195
_13245_,VDD,Metal1,337.9500,44.8380,4.827184
_13244_,VDD,Metal1,331.3965,56.0865,4.827193
_13243_,VDD,Metal1,341.3100,55.9615,4.827181
_13242_,VDD,Metal1,327.5865,65.9015,4.827493
_13241_,VDD,Metal1,338.4600,46.1060,4.827184
_13240_,VDD,Metal1,344.1100,54.9180,4.827181
_13239_,VDD,Metal1,344.3865,35.6615,4.826879
_13238_,VDD,Metal1,325.5150,44.8375,4.827195
_13237_,VDD,Metal1,325.2365,25.8465,4.826752
_13236_,VDD,Metal1,328.3800,34.5335,4.826963
_13235_,VDD,Metal1,337.9500,34.7580,4.826956
_13234_,VDD,Metal1,305.9330,74.8450,4.827603
_13233_,VDD,Metal1,313.1040,64.8395,4.827464
_13232_,VDD,Metal1,333.1865,65.9015,4.827492
_13231_,VDD,Metal1,320.8050,65.0350,4.827475
_13230_,VDD,Metal1,315.5000,56.1860,4.827100
_13229_,VDD,Metal1,306.5900,44.8380,4.827157
_13228_,VDD,Metal1,309.3900,55.9615,4.827100
_13227_,VDD,Metal1,857.6625,600.1635,4.896965
_13226_,VDD,Metal1,864.2000,619.5160,4.903088
_13225_,VDD,Metal1,874.3150,620.4425,4.903160
_13224_,VDD,Metal1,875.7165,630.6465,4.906191
_13223_,VDD,Metal1,874.1430,609.2850,4.899793
_13222_,VDD,Metal1,871.7965,619.2730,4.903152
_13221_,VDD,Metal1,874.4100,610.2650,4.899793
_13220_,VDD,Metal1,885.1130,620.7050,4.903247
_13219_,VDD,Metal1,884.4600,649.4135,4.912460
_13218_,VDD,Metal1,885.7965,629.3530,4.906252
_13217_,VDD,Metal1,863.8225,600.1635,4.896996
_13216_,VDD,Metal1,869.8000,609.4360,4.899735
_13215_,VDD,Metal1,874.2240,629.3195,4.906191
_13214_,VDD,Metal1,906.2000,620.3235,4.903522
_13213_,VDD,Metal1,874.0850,639.5950,4.909642
_13212_,VDD,Metal1,864.3500,629.4780,4.906086
_13211_,VDD,Metal1,878.9100,609.3180,4.900025
_13210_,VDD,Metal1,871.8450,600.2450,4.896996
_13209_,VDD,Metal1,884.3600,609.4360,4.900027
_13208_,VDD,Metal1,883.1030,600.3150,4.897104
_13207_,VDD,Metal1,881.6600,619.1735,4.903246
_13206_,VDD,Metal1,865.7465,620.3015,4.903090
_13205_,VDD,Metal1,861.5500,620.4415,4.903085
_13204_,VDD,Metal1,886.5440,630.6805,4.906252
_13203_,VDD,Metal1,912.9200,630.4035,4.906572
_13202_,VDD,Metal1,885.8450,639.5950,4.909952
_13201_,VDD,Metal1,882.2700,639.5580,4.909890
_13200_,VDD,Metal1,840.8625,600.1635,4.896775
_13199_,VDD,Metal1,847.9600,610.2435,4.899685
_13198_,VDD,Metal1,906.7040,619.2395,4.903522
_13197_,VDD,Metal1,911.0450,620.4050,4.903524
_13196_,VDD,Metal1,900.7500,629.4780,4.906526
_13195_,VDD,Metal1,921.0765,610.4865,4.900315
_13194_,VDD,Metal1,895.8330,600.4065,4.897266
_13193_,VDD,Metal1,892.0665,609.4580,4.900048
_13192_,VDD,Metal1,896.9965,599.1130,4.897266
_13191_,VDD,Metal1,901.8200,610.5860,4.900120
_13190_,VDD,Metal1,895.7675,610.2650,4.900053
_13189_,VDD,Metal1,910.6240,629.3195,4.906572
_13188_,VDD,Metal1,905.4450,630.4850,4.906569
_13187_,VDD,Metal1,901.8700,630.5215,4.906527
_13186_,VDD,Metal1,924.4365,629.3530,4.906809
_13185_,VDD,Metal1,894.6225,590.0835,4.894417
_13184_,VDD,Metal1,914.0400,599.3560,4.897474
_13183_,VDD,Metal1,921.2640,609.1595,4.900315
_13182_,VDD,Metal1,928.0400,580.0035,4.891631
_13181_,VDD,Metal1,915.5250,610.3250,4.900282
_13180_,VDD,Metal1,925.9500,610.3615,4.900315
_13179_,VDD,Metal1,899.0700,579.0780,4.891462
_13178_,VDD,Metal1,904.3250,589.1950,4.894543
_13177_,VDD,Metal1,905.6400,580.0035,4.891480
_13176_,VDD,Metal1,903.2630,579.0450,4.891477
_13175_,VDD,Metal1,913.0200,600.5060,4.897474
_13174_,VDD,Metal1,911.3900,609.3180,4.900210
_13173_,VDD,Metal1,903.4600,609.3550,4.900120
_13172_,VDD,Metal1,907.4700,609.3180,4.900166
_13171_,VDD,Metal1,923.5950,619.3975,4.903786
_13170_,VDD,Metal1,939.2400,589.2760,4.894846
_13169_,VDD,Metal1,926.3950,630.5225,4.906809
_13168_,VDD,Metal1,932.6700,630.5215,4.906940
_13167_,VDD,Metal1,853.7425,559.0360,4.886161
_13166_,VDD,Metal1,918.5200,569.1160,4.889035
_13165_,VDD,Metal1,921.8240,578.9195,4.891629
_13164_,VDD,Metal1,930.6450,579.1150,4.891679
_13163_,VDD,Metal1,922.5900,580.1215,4.891629
_13162_,VDD,Metal1,932.2330,548.7130,4.884140
_13161_,VDD,Metal1,901.0230,559.9950,4.886416
_13160_,VDD,Metal1,905.7900,559.9615,4.886435
_13159_,VDD,Metal1,905.9565,558.7930,4.886435
_13158_,VDD,Metal1,910.1800,558.9550,4.886449
_13157_,VDD,Metal1,912.9550,570.0425,4.888954
_13156_,VDD,Metal1,911.3900,580.1215,4.891540
_13155_,VDD,Metal1,914.6600,580.0850,4.891583
_13154_,VDD,Metal1,939.7440,580.2805,4.891765
_13153_,VDD,Metal1,932.8850,589.1950,4.894844
_13152_,VDD,Metal1,937.7100,579.0780,4.891765
_13151_,VDD,Metal1,952.3930,558.7930,4.886628
_13150_,VDD,Metal1,905.4450,549.8450,4.884066
_13149_,VDD,Metal1,865.5025,539.6835,4.881494
_13148_,VDD,Metal1,877.6400,538.8760,4.881500
_13147_,VDD,Metal1,925.1840,539.9605,4.881742
_13146_,VDD,Metal1,932.8850,539.7650,4.881768
_13145_,VDD,Metal1,931.8800,508.6360,4.875437
_13144_,VDD,Metal1,925.6050,549.8450,4.884114
_13143_,VDD,Metal1,924.8300,538.7580,4.881742
_13142_,VDD,Metal1,899.6300,538.7580,4.881604
_13141_,VDD,Metal1,903.2050,538.7950,4.881606
_13140_,VDD,Metal1,911.2400,528.7960,4.879469
_13139_,VDD,Metal1,915.5830,528.6450,4.879474
_13138_,VDD,Metal1,918.0600,538.5335,4.881739
_13137_,VDD,Metal1,915.3100,539.8015,4.881736
_13136_,VDD,Metal1,913.5400,558.9550,4.886476
_13135_,VDD,Metal1,920.3500,549.8815,4.884114
_13134_,VDD,Metal1,956.5440,550.0405,4.884172
_13133_,VDD,Metal1,958.6450,548.8750,4.884172
_13132_,VDD,Metal1,954.4700,519.6050,4.877565
_13131_,VDD,Metal1,944.6450,549.8450,4.884202
_13130_,VDD,Metal1,951.7100,539.8015,4.881861
_13129_,VDD,Metal1,905.8225,508.6360,4.875395
_13128_,VDD,Metal1,914.6000,509.4435,4.875420
_13127_,VDD,Metal1,924.6240,509.7205,4.875430
_13126_,VDD,Metal1,926.1650,529.6850,4.879508
_13125_,VDD,Metal1,925.8000,518.7160,4.877550
_13124_,VDD,Metal1,912.6330,499.6065,4.872749
_13123_,VDD,Metal1,909.9865,498.5780,4.872748
_13122_,VDD,Metal1,918.8365,499.6065,4.872750
_13121_,VDD,Metal1,914.1900,518.5980,4.877461
_13120_,VDD,Metal1,919.7400,508.2935,4.875429
_13119_,VDD,Metal1,918.6700,518.5980,4.877478
_13118_,VDD,Metal1,919.2875,519.5450,4.877478
_13117_,VDD,Metal1,955.9840,518.4395,4.877565
_13116_,VDD,Metal1,955.2850,529.6850,4.879496
_13115_,VDD,Metal1,960.0200,539.7650,4.881847
_13114_,VDD,Metal1,959.5500,538.7580,4.881847
_13113_,VDD,Metal1,953.0450,528.7150,4.879508
_13112_,VDD,Metal1,911.9825,469.1235,4.867223
_13111_,VDD,Metal1,920.2000,478.3960,4.869160
_13110_,VDD,Metal1,923.6600,488.1335,4.871168
_13109_,VDD,Metal1,929.2200,499.4450,4.872759
_13108_,VDD,Metal1,933.6750,489.4025,4.871194
_13107_,VDD,Metal1,941.2850,508.5550,4.875462
_13106_,VDD,Metal1,930.0365,429.0465,4.860009
_13105_,VDD,Metal1,914.7300,459.0650,4.865513
_13104_,VDD,Metal1,919.3665,448.9415,4.863436
_13103_,VDD,Metal1,925.2400,458.2360,4.865514
_13102_,VDD,Metal1,923.6600,479.5460,4.869168
_13101_,VDD,Metal1,925.3400,469.4660,4.867232
_13100_,VDD,Metal1,920.8200,489.3650,4.871168
_13099_,VDD,Metal1,918.1100,479.3215,4.869160
_13098_,VDD,Metal1,915.2200,488.3950,4.871152
_13097_,VDD,Metal1,923.9250,478.3150,4.869168
_13096_,VDD,Metal1,934.2350,469.2425,4.867260
_13095_,VDD,Metal1,934.8600,467.9735,4.867260
_13094_,VDD,Metal1,944.2800,468.3160,4.867264
_13093_,VDD,Metal1,948.7950,488.3575,4.871181
_13092_,VDD,Metal1,953.6050,508.5550,4.875456
_13091_,VDD,Metal1,938.8300,459.1615,4.865541
_13090_,VDD,Metal1,901.3425,407.8360,4.856782
_13089_,VDD,Metal1,917.9600,417.9160,4.858470
_13088_,VDD,Metal1,927.4240,419.0005,4.858470
_13087_,VDD,Metal1,934.5650,428.8850,4.860009
_13086_,VDD,Metal1,939.3900,428.9215,4.860014
_13085_,VDD,Metal1,918.3250,408.7250,4.856773
_13084_,VDD,Metal1,909.1500,417.7980,4.858469
_13083_,VDD,Metal1,906.5650,407.7550,4.856782
_13082_,VDD,Metal1,903.5100,417.8350,4.858468
_13081_,VDD,Metal1,912.1165,408.8865,4.856778
_13080_,VDD,Metal1,923.1000,429.1460,4.859988
_13079_,VDD,Metal1,919.2300,448.0380,4.863436
_13078_,VDD,Metal1,920.9100,439.0015,4.861642
_13077_,VDD,Metal1,924.8300,439.0015,4.861645
_13076_,VDD,Metal1,924.4850,448.0750,4.863437
_13075_,VDD,Metal1,930.3150,439.0025,4.861658
_13074_,VDD,Metal1,932.6200,437.7335,4.861659
_13073_,VDD,Metal1,937.3165,439.1265,4.861678
_13072_,VDD,Metal1,939.3400,447.8135,4.863440
_13071_,VDD,Metal1,944.4300,458.1180,4.865554
_13070_,VDD,Metal1,925.0450,437.9950,4.861645
_13069_,VDD,Metal1,630.8625,407.8360,4.856845
_13068_,VDD,Metal1,655.8800,388.4835,4.853849
_13067_,VDD,Metal1,659.2750,397.6375,4.855079
_13066_,VDD,Metal1,665.2050,397.6750,4.855079
_13065_,VDD,Metal1,657.0000,368.3235,4.850886
_13064_,VDD,Metal1,662.0750,388.6025,4.853846
_13063_,VDD,Metal1,922.8050,408.7250,4.856768
_13062_,VDD,Metal1,640.3300,388.5050,4.853859
_13061_,VDD,Metal1,639.9265,387.6980,4.853859
_13060_,VDD,Metal1,646.9200,388.4835,4.853857
_13059_,VDD,Metal1,664.9400,387.3335,4.853846
_13058_,VDD,Metal1,891.7000,398.6450,4.855188
_13057_,VDD,Metal1,676.1900,397.6380,4.855074
_13056_,VDD,Metal1,672.4850,387.5950,4.853843
_13055_,VDD,Metal1,667.9265,378.3815,4.852247
_13054_,VDD,Metal1,668.3825,377.7135,4.852246
_13053_,VDD,Metal1,638.2665,368.5665,4.850904
_13052_,VDD,Metal1,903.9950,378.5225,4.852015
_13051_,VDD,Metal1,923.9250,427.9150,4.859988
_13050_,VDD,Metal1,634.7500,387.5580,4.853855
_13049_,VDD,Metal1,638.7025,348.1635,4.848259
_13048_,VDD,Metal1,647.4800,357.4360,4.849552
_13047_,VDD,Metal1,645.7440,358.5205,4.849552
_13046_,VDD,Metal1,660.7250,368.4050,4.850885
_13045_,VDD,Metal1,651.5500,368.4415,4.850888
_13044_,VDD,Metal1,628.6475,357.4150,4.849545
_13043_,VDD,Metal1,874.9000,569.0350,4.888821
_13042_,VDD,Metal1,453.1440,468.0750,4.866070
_13041_,VDD,Metal1,637.5500,338.2015,4.846769
_13040_,VDD,Metal1,632.7250,357.3550,4.849554
_13039_,VDD,Metal1,625.7500,347.2750,4.848244
_13038_,VDD,Metal1,628.1965,348.4065,4.848244
_13037_,VDD,Metal1,638.0600,367.1735,4.850904
_13036_,VDD,Metal1,639.4450,377.5150,4.852319
_13035_,VDD,Metal1,636.9000,378.4850,4.852324
_13034_,VDD,Metal1,627.8240,368.6005,4.850895
_13033_,VDD,Metal1,649.8700,377.4780,4.852303
_13032_,VDD,Metal1,631.0450,377.5150,4.852309
_13031_,VDD,Metal1,601.7425,337.2760,4.846658
_13030_,VDD,Metal1,599.3200,338.0835,4.846652
_13029_,VDD,Metal1,601.9250,347.2750,4.848174
_13028_,VDD,Metal1,597.0800,337.2760,4.846651
_13027_,VDD,Metal1,596.3830,347.2050,4.848173
_13026_,VDD,Metal1,597.6750,357.3175,4.849495
_13025_,VDD,Metal1,613.1250,358.3250,4.849530
_13024_,VDD,Metal1,592.7500,328.1215,4.845603
_13023_,VDD,Metal1,603.0450,338.1650,4.846662
_13022_,VDD,Metal1,592.0400,338.0835,4.846601
_13021_,VDD,Metal1,590.7830,347.2050,4.848094
_13020_,VDD,Metal1,599.4200,348.5060,4.848174
_13019_,VDD,Metal1,612.3500,357.3180,4.849529
_13018_,VDD,Metal1,621.7800,347.2750,4.848242
_13017_,VDD,Metal1,614.0300,348.2815,4.848221
_13016_,VDD,Metal1,605.5800,357.0935,4.849513
_13015_,VDD,Metal1,601.5600,367.5160,4.850874
_13014_,VDD,Metal1,604.3950,358.3625,4.849513
_13013_,VDD,Metal1,617.0450,368.4050,4.850895
_13012_,VDD,Metal1,597.7900,358.3615,4.849495
_13011_,VDD,Metal1,551.2130,348.5150,4.847994
_13010_,VDD,Metal1,560.9865,337.0330,4.846473
_13009_,VDD,Metal1,570.3500,337.1580,4.846478
_13008_,VDD,Metal1,571.4500,327.1750,4.845583
_13007_,VDD,Metal1,571.0765,318.1665,4.844285
_13006_,VDD,Metal1,576.4600,328.3460,4.845589
_13005_,VDD,Metal1,591.6300,337.1580,4.846601
_13004_,VDD,Metal1,566.4300,337.1580,4.846474
_13003_,VDD,Metal1,558.7565,326.9530,4.845551
_13002_,VDD,Metal1,558.5500,328.0850,4.845551
_13001_,VDD,Metal1,579.8200,336.9335,4.846546
_13000_,VDD,Metal1,584.0665,338.0615,4.846546
_12999_,VDD,Metal1,587.0600,327.1150,4.845591
_12998_,VDD,Metal1,586.3065,337.2980,4.846583
_12997_,VDD,Metal1,584.3000,328.3460,4.845591
_12996_,VDD,Metal1,569.9565,328.2465,4.845583
_12995_,VDD,Metal1,580.3800,326.8535,4.845590
_12994_,VDD,Metal1,588.8300,357.3180,4.849470
_12993_,VDD,Metal1,580.0850,318.0050,4.844308
_12992_,VDD,Metal1,559.6130,306.6850,4.843350
_12991_,VDD,Metal1,552.0265,306.7930,4.843291
_12990_,VDD,Metal1,547.9500,297.8815,4.842141
_12989_,VDD,Metal1,546.6800,307.0360,4.843290
_12988_,VDD,Metal1,540.3830,306.8850,4.843290
_12987_,VDD,Metal1,542.3000,318.2660,4.844287
_12986_,VDD,Metal1,543.4700,337.1580,4.846456
_12985_,VDD,Metal1,548.7865,327.2180,4.845534
_12984_,VDD,Metal1,531.6600,326.8535,4.845529
_12983_,VDD,Metal1,525.9600,327.1960,4.845521
_12982_,VDD,Metal1,529.9150,318.0425,4.844288
_12981_,VDD,Metal1,575.6050,318.0050,4.844294
_12980_,VDD,Metal1,524.4300,318.0415,4.844289
_12979_,VDD,Metal1,558.5900,307.9615,4.843350
_12978_,VDD,Metal1,552.1430,307.9950,4.843291
_12977_,VDD,Metal1,553.4000,297.7635,4.842142
_12976_,VDD,Metal1,553.4350,316.9975,4.844286
_12975_,VDD,Metal1,564.4050,327.1150,4.845566
_12974_,VDD,Metal1,383.7200,407.8360,4.856252
_12973_,VDD,Metal1,520.2800,297.7635,4.842116
_12972_,VDD,Metal1,505.6050,297.8450,4.842100
_12971_,VDD,Metal1,512.6300,287.7650,4.841053
_12970_,VDD,Metal1,516.7565,296.7130,4.842115
_12969_,VDD,Metal1,512.0600,298.1060,4.842100
_12968_,VDD,Metal1,533.3900,307.9615,4.843283
_12967_,VDD,Metal1,524.0850,296.8750,4.842120
_12966_,VDD,Metal1,531.1500,296.8380,4.842127
_12965_,VDD,Metal1,524.6450,287.7650,4.841059
_12964_,VDD,Metal1,532.2200,298.1060,4.842127
_12963_,VDD,Metal1,540.1100,297.8815,4.842132
_12962_,VDD,Metal1,532.5465,307.0580,4.843283
_12961_,VDD,Metal1,516.4750,306.9175,4.843276
_12960_,VDD,Metal1,513.3965,308.0865,4.843275
_12959_,VDD,Metal1,508.7000,306.6935,4.843270
_12958_,VDD,Metal1,520.5100,318.0415,4.844289
_12957_,VDD,Metal1,522.6530,276.4450,4.839856
_12956_,VDD,Metal1,525.3440,267.8005,4.838900
_12955_,VDD,Metal1,526.9465,286.8980,4.841060
_12954_,VDD,Metal1,521.8450,286.7950,4.841058
_12953_,VDD,Metal1,514.3000,276.4535,4.839855
_12952_,VDD,Metal1,503.1500,306.9180,4.843269
_12951_,VDD,Metal1,513.2300,266.5980,4.838910
_12950_,VDD,Metal1,744.9730,46.1150,4.826282
_12949_,VDD,Metal1,799.7440,46.0405,4.826249
_12948_,VDD,Metal1,809.9330,46.1150,4.826247
_12947_,VDD,Metal1,781.8800,45.7635,4.826277
_12946_,VDD,Metal1,764.0130,64.7650,4.826967
_12945_,VDD,Metal1,773.1130,56.2250,4.826737
_12944_,VDD,Metal1,731.7965,56.0865,4.826727
_12943_,VDD,Metal1,782.8665,55.8215,4.826739
_12942_,VDD,Metal1,778.7275,65.0950,4.826926
_12941_,VDD,Metal1,780.2530,66.2750,4.826926
_12940_,VDD,Metal1,686.1730,336.9250,4.846693
_12939_,VDD,Metal1,728.0640,66.2005,4.827019
_12938_,VDD,Metal1,736.6700,55.9615,4.826725
_12937_,VDD,Metal1,729.0450,65.0350,4.827019
_12936_,VDD,Metal1,738.8130,64.7650,4.826994
_12935_,VDD,Metal1,716.9200,65.9235,4.827050
_12934_,VDD,Metal1,680.2330,85.0330,4.827136
_12933_,VDD,Metal1,666.6700,75.0780,4.827287
_12932_,VDD,Metal1,671.0000,65.9235,4.827190
_12931_,VDD,Metal1,685.8465,55.8215,4.826787
_12930_,VDD,Metal1,673.1030,64.9650,4.827189
_12929_,VDD,Metal1,706.8750,66.0425,4.827128
_12928_,VDD,Metal1,714.7330,64.7650,4.827050
_12927_,VDD,Metal1,678.3330,358.5950,4.849373
_12926_,VDD,Metal1,682.1440,66.2005,4.827172
_12925_,VDD,Metal1,678.4300,55.9615,4.826812
_12924_,VDD,Metal1,679.0475,65.0950,4.827172
_12923_,VDD,Metal1,685.6130,64.7650,4.827170
_12922_,VDD,Metal1,668.9100,64.9980,4.827191
_12921_,VDD,Metal1,610.0130,427.6450,4.859834
_12920_,VDD,Metal1,625.1800,64.7735,4.827361
_12919_,VDD,Metal1,636.9900,66.0415,4.827301
_12918_,VDD,Metal1,614.7565,56.0865,4.826957
_12917_,VDD,Metal1,636.3400,65.0350,4.827301
_12916_,VDD,Metal1,648.1400,66.2660,4.827251
_12915_,VDD,Metal1,663.3100,66.0415,4.827217
_12914_,VDD,Metal1,657.0530,66.2750,4.827236
_12913_,VDD,Metal1,601.0530,74.8450,4.827341
_12912_,VDD,Metal1,608.2240,64.8395,4.827365
_12911_,VDD,Metal1,610.1100,55.9615,4.826957
_12910_,VDD,Metal1,617.0450,65.0350,4.827365
_12909_,VDD,Metal1,615.6130,66.2750,4.827365
_12908_,VDD,Metal1,590.9200,55.0360,4.826957
_12907_,VDD,Metal1,578.9165,54.7930,4.826957
_12906_,VDD,Metal1,578.1900,64.9980,4.827368
_12905_,VDD,Metal1,577.4240,56.1205,4.826957
_12904_,VDD,Metal1,579.9275,45.7850,4.826653
_12903_,VDD,Metal1,584.0665,55.0580,4.826957
_12902_,VDD,Metal1,570.8130,64.7650,4.827369
_12901_,VDD,Metal1,537.9275,45.7850,4.826818
_12900_,VDD,Metal1,512.0130,34.5250,4.826738
_12899_,VDD,Metal1,521.0200,36.0260,4.826719
_12898_,VDD,Metal1,505.8000,34.8760,4.826738
_12897_,VDD,Metal1,531.6600,44.6135,4.826832
_12896_,VDD,Metal1,547.6665,55.0580,4.826976
_12895_,VDD,Metal1,541.1330,54.6850,4.826979
_12894_,VDD,Metal1,505.3900,44.8380,4.826862
_12893_,VDD,Metal1,492.4130,36.0350,4.826763
_12892_,VDD,Metal1,492.2265,25.5815,4.826795
_12891_,VDD,Metal1,485.2100,35.7050,4.826763
_12890_,VDD,Metal1,474.1965,46.0065,4.826898
_12889_,VDD,Metal1,432.6825,35.6835,4.826763
_12888_,VDD,Metal1,480.7000,44.6135,4.826896
_12887_,VDD,Metal1,499.7900,44.8380,4.826868
_12886_,VDD,Metal1,489.0530,44.6050,4.826869
_12885_,VDD,Metal1,453.2130,44.6050,4.826906
_12884_,VDD,Metal1,444.2350,35.8025,4.826761
_12883_,VDD,Metal1,450.1650,35.7650,4.826761
_12882_,VDD,Metal1,439.5865,44.9780,4.826917
_12881_,VDD,Metal1,444.5650,44.8750,4.826916
_12880_,VDD,Metal1,443.1330,46.1150,4.826916
_12879_,VDD,Metal1,422.1165,44.7130,4.827087
_12878_,VDD,Metal1,422.1165,34.6330,4.826763
_12877_,VDD,Metal1,426.9900,44.8380,4.826939
_12876_,VDD,Metal1,424.1400,36.0260,4.826763
_12875_,VDD,Metal1,422.7250,24.7150,4.826777
_12874_,VDD,Metal1,416.0050,25.6850,4.826776
_12873_,VDD,Metal1,410.7500,34.7580,4.826769
_12872_,VDD,Metal1,414.9465,34.8980,4.826768
_12871_,VDD,Metal1,414.0130,44.6050,4.827092
_12870_,VDD,Metal1,395.2365,25.8465,4.826772
_12869_,VDD,Metal1,394.9200,35.6835,4.826777
_12868_,VDD,Metal1,389.0330,44.7130,4.827143
_12867_,VDD,Metal1,377.1500,34.7580,4.826786
_12866_,VDD,Metal1,382.4665,34.8980,4.826781
_12865_,VDD,Metal1,390.2450,24.7150,4.826771
_12864_,VDD,Metal1,388.3000,25.9460,4.826771
_12863_,VDD,Metal1,382.7500,25.7215,4.826771
_12862_,VDD,Metal1,387.1330,36.0350,4.826778
_12861_,VDD,Metal1,317.6400,24.7960,4.826689
_12860_,VDD,Metal1,311.7965,25.8465,4.826664
_12859_,VDD,Metal1,313.8700,44.8380,4.827177
_12858_,VDD,Metal1,311.0200,34.5335,4.826946
_12857_,VDD,Metal1,317.4450,44.8750,4.827183
_12856_,VDD,Metal1,323.0450,35.7650,4.826947
_12855_,VDD,Metal1,316.9465,25.5815,4.826689
_12854_,VDD,Metal1,330.5730,36.0350,4.826963
_12853_,VDD,Metal1,304.5165,34.6330,4.826946
_12852_,VDD,Metal1,296.4130,34.5250,4.826936
_12851_,VDD,Metal1,294.6240,44.6795,4.827141
_12850_,VDD,Metal1,298.4050,25.6850,4.826619
_12849_,VDD,Metal1,303.2300,25.7215,4.826619
_12848_,VDD,Metal1,320.4930,34.5250,4.826947
_12847_,VDD,Metal1,296.4130,64.7650,4.827461
_12846_,VDD,Metal1,297.5800,56.1860,4.827052
_12845_,VDD,Metal1,298.8075,45.7850,4.827141
_12844_,VDD,Metal1,304.5165,56.0865,4.827067
_12843_,VDD,Metal1,311.7965,66.1665,4.827464
_12842_,VDD,Metal1,864.2530,640.8350,4.909508
_12841_,VDD,Metal1,897.1840,650.8405,4.912582
_12840_,VDD,Metal1,898.4130,649.4050,4.912582
_12839_,VDD,Metal1,892.7600,660.6435,4.917425
_12838_,VDD,Metal1,844.6530,639.3250,4.909505
_12837_,VDD,Metal1,890.7130,640.8650,4.910000
_12836_,VDD,Metal1,908.7565,649.5130,4.912835
_12835_,VDD,Metal1,892.0665,659.8580,4.917425
_12834_,VDD,Metal1,892.9675,639.6550,4.910000
_12833_,VDD,Metal1,902.8930,640.8350,4.910201
_12832_,VDD,Metal1,843.5330,619.1650,4.902810
_12831_,VDD,Metal1,912.3040,639.3995,4.910266
_12830_,VDD,Metal1,911.3900,640.6015,4.910266
_12829_,VDD,Metal1,913.2850,649.6750,4.912936
_12828_,VDD,Metal1,921.9330,649.4050,4.912984
_12827_,VDD,Metal1,932.5200,609.4360,4.900387
_12826_,VDD,Metal1,935.5930,590.3265,4.894844
_12825_,VDD,Metal1,925.9500,599.2380,4.897622
_12824_,VDD,Metal1,938.1200,609.4360,4.900449
_12823_,VDD,Metal1,942.3265,590.0615,4.894863
_12822_,VDD,Metal1,943.5830,579.0450,4.891765
_12821_,VDD,Metal1,930.3150,600.2825,4.897656
_12820_,VDD,Metal1,938.7330,600.5150,4.897667
_12819_,VDD,Metal1,940.4130,560.1950,4.886664
_12818_,VDD,Metal1,941.4240,570.2005,4.889231
_12817_,VDD,Metal1,931.5500,570.0415,4.889231
_12816_,VDD,Metal1,944.4875,589.2550,4.894866
_12815_,VDD,Metal1,951.0530,578.8450,4.891792
_12814_,VDD,Metal1,950.5900,568.9980,4.889219
_12813_,VDD,Metal1,943.2130,529.9550,4.879553
_12812_,VDD,Metal1,943.2600,540.0260,4.881866
_12811_,VDD,Metal1,938.8300,548.8380,4.884180
_12810_,VDD,Metal1,949.0765,508.3930,4.875458
_12809_,VDD,Metal1,954.9800,539.7650,4.881861
_12808_,VDD,Metal1,944.3800,548.6135,4.884202
_12807_,VDD,Metal1,946.1100,558.9180,4.886664
_12806_,VDD,Metal1,952.7330,548.6050,4.884172
_12805_,VDD,Metal1,939.2930,519.8750,4.877578
_12804_,VDD,Metal1,941.4240,509.7205,4.875462
_12803_,VDD,Metal1,945.5500,519.6415,4.877579
_12802_,VDD,Metal1,945.7650,528.7150,4.879553
_12801_,VDD,Metal1,953.2930,509.7950,4.875456
_12800_,VDD,Metal1,952.1200,479.2035,4.869142
_12799_,VDD,Metal1,939.5565,488.2330,4.871200
_12798_,VDD,Metal1,934.9100,488.3580,4.871194
_12797_,VDD,Metal1,941.4240,478.1195,4.869171
_12796_,VDD,Metal1,943.3675,469.1450,4.867264
_12795_,VDD,Metal1,943.5865,489.2615,4.871204
_12794_,VDD,Metal1,952.7330,469.4750,4.867214
_12793_,VDD,Metal1,932.1675,417.8950,4.858470
_12792_,VDD,Metal1,629.6130,408.9950,4.856845
_12791_,VDD,Metal1,638.6200,408.9860,4.856866
_12790_,VDD,Metal1,638.5200,418.7235,4.858370
_12789_,VDD,Metal1,923.6600,417.5735,4.858470
_12788_,VDD,Metal1,935.7465,418.7015,4.858470
_12787_,VDD,Metal1,933.1330,427.6450,4.860009
_12786_,VDD,Metal1,623.5500,408.7615,4.856703
_12785_,VDD,Metal1,584.8130,417.5650,4.858177
_12784_,VDD,Metal1,609.2665,408.6215,4.856656
_12783_,VDD,Metal1,610.6500,407.8150,4.856657
_12782_,VDD,Metal1,609.7165,388.7265,4.853796
_12781_,VDD,Metal1,601.8025,378.4035,4.852225
_12780_,VDD,Metal1,619.0200,397.4135,4.855040
_12779_,VDD,Metal1,626.3500,407.7180,4.856707
_12778_,VDD,Metal1,628.4930,397.4050,4.855041
_12777_,VDD,Metal1,590.4130,398.9150,4.855009
_12776_,VDD,Metal1,598.7950,387.5575,4.853770
_12775_,VDD,Metal1,604.7250,387.5950,4.853780
_12774_,VDD,Metal1,609.2665,378.3815,4.852255
_12773_,VDD,Metal1,614.2450,378.4850,4.852273
_12772_,VDD,Metal1,620.0930,377.2450,4.852286
_12771_,VDD,Metal1,592.9165,377.3530,4.852215
_12770_,VDD,Metal1,598.5165,388.7265,4.853770
_12769_,VDD,Metal1,603.3900,388.6015,4.853779
_12768_,VDD,Metal1,591.0200,387.3335,4.853758
_12767_,VDD,Metal1,591.8450,378.4850,4.852214
_12766_,VDD,Metal1,591.8450,368.4050,4.850861
_12765_,VDD,Metal1,597.7900,368.4415,4.850866
_12764_,VDD,Metal1,598.0665,377.6180,4.852224
_12763_,VDD,Metal1,593.7730,367.1650,4.850861
_12762_,VDD,Metal1,584.5165,377.3530,4.852185
_12761_,VDD,Metal1,585.8800,368.3235,4.850833
_12760_,VDD,Metal1,578.8730,378.6465,4.852176
_12759_,VDD,Metal1,563.6300,387.5580,4.853702
_12758_,VDD,Metal1,578.4665,377.6180,4.852176
_12757_,VDD,Metal1,572.2450,377.5150,4.852169
_12756_,VDD,Metal1,578.1400,368.6660,4.850821
_12755_,VDD,Metal1,580.4300,367.3980,4.850823
_12754_,VDD,Metal1,577.5330,338.4350,4.846546
_12753_,VDD,Metal1,520.3600,337.2760,4.846458
_12752_,VDD,Metal1,520.1165,338.3265,4.846458
_12751_,VDD,Metal1,514.3500,348.2815,4.847994
_12750_,VDD,Metal1,512.0600,338.4260,4.846459
_12749_,VDD,Metal1,524.0850,337.1950,4.846457
_12748_,VDD,Metal1,519.0450,327.1150,4.845512
_12747_,VDD,Metal1,512.9465,327.9815,4.845506
_12746_,VDD,Metal1,523.7730,328.3550,4.845521
_12745_,VDD,Metal1,514.5165,326.9530,4.845506
_12744_,VDD,Metal1,505.2930,328.3550,4.845503
_12743_,VDD,Metal1,505.7440,326.9195,4.845503
_12742_,VDD,Metal1,509.5250,318.0050,4.844303
_12741_,VDD,Metal1,514.3500,318.0415,4.844303
_12740_,VDD,Metal1,512.0130,316.7650,4.844303
_12739_,VDD,Metal1,492.4130,316.7650,4.844304
_12738_,VDD,Metal1,495.2600,308.1860,4.843267
_12737_,VDD,Metal1,502.6475,307.8650,4.843269
_12736_,VDD,Metal1,395.7965,86.3265,4.827680
_12735_,VDD,Metal1,389.0765,86.3265,4.827680
_12734_,VDD,Metal1,367.6875,76.0250,4.827597
_12733_,VDD,Metal1,383.4665,74.9530,4.827594
_12732_,VDD,Metal1,453.2300,469.3310,4.866070
_12731_,VDD,Metal1,447.7675,469.1450,4.866056
_12730_,VDD,Metal1,448.8875,458.2150,4.864509
_12729_,VDD,Metal1,984.7500,428.9215,4.859981
_12728_,VDD,Metal1,1005.3800,922.8050,4.957997
_12727_,VDD,Metal1,951.8665,227.4465,4.834963
_12726_,VDD,Metal1,977.1250,952.0750,4.960090
_12725_,VDD,Metal1,977.1250,941.9950,4.959381
_12724_,VDD,Metal1,977.8000,982.3960,4.962074
_12723_,VDD,Metal1,190.9465,288.0465,4.840690
_12722_,VDD,Metal1,1029.1565,1002.3130,4.963343
_12721_,VDD,Metal1,1027.8200,1012.2935,4.964256
_12720_,VDD,Metal1,1027.7730,1032.4450,4.965894
_12719_,VDD,Metal1,1051.3900,1002.4380,4.963342
_12718_,VDD,Metal1,1056.0365,1013.6865,4.964241
_12717_,VDD,Metal1,1050.7800,1022.3735,4.965027
_12716_,VDD,Metal1,1056.8930,1033.9550,4.965814
_12715_,VDD,Metal1,1060.9100,993.4015,4.962894
_12714_,VDD,Metal1,1048.0625,963.0435,4.961021
_12713_,VDD,Metal1,1054.7500,983.3215,4.962072
_12712_,VDD,Metal1,1050.7800,992.1335,4.962901
_12711_,VDD,Metal1,1056.0365,1052.7130,4.967426
_12710_,VDD,Metal1,1060.9100,1052.8380,4.967418
_12709_,VDD,Metal1,1048.7565,1003.6065,4.963342
_12708_,VDD,Metal1,1047.9150,1012.5175,4.964250
_12707_,VDD,Metal1,1047.3730,1033.9550,4.965877
_12706_,VDD,Metal1,990.4525,983.4110,4.962075
_12705_,VDD,Metal1,1058.6700,1002.4380,4.963339
_12704_,VDD,Metal1,1001.7165,1003.6065,4.963329
_12703_,VDD,Metal1,993.0350,1003.4825,4.963319
_12702_,VDD,Metal1,985.3100,1002.4380,4.963316
_12701_,VDD,Metal1,1008.2700,1003.4815,4.963329
_12700_,VDD,Metal1,989.9565,1002.3130,4.963318
_12699_,VDD,Metal1,985.1950,1003.4825,4.963316
_12698_,VDD,Metal1,983.2850,1013.5250,4.964237
_12697_,VDD,Metal1,988.6700,992.3580,4.962900
_12696_,VDD,Metal1,1000.9900,992.3580,4.962900
_12695_,VDD,Metal1,985.3425,982.3960,4.962075
_12694_,VDD,Metal1,188.5575,408.9300,4.855933
_12693_,VDD,Metal1,984.2475,983.2250,4.962075
_12692_,VDD,Metal1,167.7100,328.1215,4.844960
_12691_,VDD,Metal1,669.6650,348.4065,4.848228
_12690_,VDD,Metal1,160.9100,328.2110,4.844958
_12689_,VDD,Metal1,148.1065,326.9530,4.844906
_12688_,VDD,Metal1,981.5130,912.8865,4.957380
_12687_,VDD,Metal1,983.0700,922.8415,4.957998
_12686_,VDD,Metal1,190.4080,356.9930,4.848749
_12685_,VDD,Metal1,985.7200,1032.7960,4.965876
_12684_,VDD,Metal1,1035.8765,1022.4730,4.965045
_12683_,VDD,Metal1,1022.2700,1012.5180,4.964251
_12682_,VDD,Metal1,1035.5200,1023.7665,4.965045
_12681_,VDD,Metal1,1035.1500,1032.6780,4.965891
_12680_,VDD,Metal1,1026.1700,1043.7050,4.966649
_12679_,VDD,Metal1,1075.0765,1032.5530,4.965811
_12678_,VDD,Metal1,1069.3100,1022.5980,4.965014
_12677_,VDD,Metal1,1054.0000,1032.5530,4.965814
_12676_,VDD,Metal1,1045.3965,1052.7130,4.967449
_12675_,VDD,Metal1,1044.8365,1054.0065,4.967449
_12674_,VDD,Metal1,1055.8700,1042.7580,4.966614
_12673_,VDD,Metal1,1047.6850,1043.7650,4.966627
_12672_,VDD,Metal1,1041.5250,1043.7650,4.966636
_12671_,VDD,Metal1,1044.1425,1063.8435,4.968435
_12670_,VDD,Metal1,1039.6300,1062.9180,4.968436
_12669_,VDD,Metal1,1062.1530,1042.6330,4.966585
_12668_,VDD,Metal1,1063.1500,1033.7215,4.965811
_12667_,VDD,Metal1,1059.1330,1044.0350,4.966585
_12666_,VDD,Metal1,1055.8700,1062.9180,4.968435
_12665_,VDD,Metal1,1050.9965,1062.7930,4.968435
_12664_,VDD,Metal1,1044.4800,1062.7930,4.968435
_12663_,VDD,Metal1,1051.3900,1052.8380,4.967436
_12662_,VDD,Metal1,1055.0230,1063.9950,4.968435
_12661_,VDD,Metal1,1043.8230,1074.0750,4.975887
_12660_,VDD,Metal1,1049.3165,1072.8730,4.975887
_12659_,VDD,Metal1,1048.5900,1074.0415,4.975887
_12658_,VDD,Metal1,1036.0800,1052.7130,4.967466
_12657_,VDD,Metal1,1035.9250,1043.7650,4.966641
_12656_,VDD,Metal1,1029.2050,1052.8750,4.967476
_12655_,VDD,Metal1,1066.9730,1032.4450,4.965811
_12654_,VDD,Metal1,1051.4825,1042.8760,4.966621
_12653_,VDD,Metal1,1043.1465,1072.8730,4.975887
_12652_,VDD,Metal1,1028.4625,1073.1160,4.975885
_12651_,VDD,Metal1,1047.1250,1032.7150,4.965877
_12650_,VDD,Metal1,991.6365,1074.1665,4.981098
_12649_,VDD,Metal1,994.8660,1082.9065,4.987415
_12648_,VDD,Metal1,977.8800,1073.1160,4.982705
_12647_,VDD,Metal1,1022.1730,1022.3650,4.965047
_12646_,VDD,Metal1,1027.4025,1033.6035,4.965894
_12645_,VDD,Metal1,1030.4400,1083.1960,4.987413
_12644_,VDD,Metal1,1038.6765,1074.1665,4.975887
_12643_,VDD,Metal1,1009.6665,1073.9015,4.977653
_12642_,VDD,Metal1,1038.5100,1084.1215,4.987413
_12641_,VDD,Metal1,1034.0300,1084.1215,4.987413
_12640_,VDD,Metal1,1008.5430,1084.1550,4.987414
_12639_,VDD,Metal1,1041.8700,1083.0780,4.987413
_12638_,VDD,Metal1,1001.4530,1023.8750,4.965045
_12637_,VDD,Metal1,998.2825,1042.8760,4.966641
_12636_,VDD,Metal1,972.5225,1083.1960,4.987419
_12635_,VDD,Metal1,968.1165,1084.2465,4.987419
_12634_,VDD,Metal1,936.2450,1083.1150,4.985935
_12633_,VDD,Metal1,964.6825,1083.1960,4.987420
_12632_,VDD,Metal1,971.4025,1073.9235,4.983013
_12631_,VDD,Metal1,988.5730,1022.3650,4.965041
_12630_,VDD,Metal1,991.5625,1033.6035,4.965877
_12629_,VDD,Metal1,983.8450,1042.7950,4.966639
_12628_,VDD,Metal1,978.0300,1022.5980,4.965041
_12627_,VDD,Metal1,981.0450,992.3950,4.962900
_12626_,VDD,Metal1,989.3965,1042.6330,4.966640
_12625_,VDD,Metal1,985.3100,1052.8380,4.967470
_12624_,VDD,Metal1,161.5500,297.8815,4.841558
_12623_,VDD,Metal1,122.2600,297.8450,4.841544
_12622_,VDD,Metal1,129.0700,296.8380,4.841544
_12621_,VDD,Metal1,130.1865,287.9265,4.840547
_12620_,VDD,Metal1,853.8330,145.5130,4.829713
_12619_,VDD,Metal1,859.3100,135.5580,4.829112
_12618_,VDD,Metal1,849.0800,146.5635,4.829910
_12617_,VDD,Metal1,778.2665,187.1265,4.832029
_12616_,VDD,Metal1,781.0765,197.2065,4.833000
_12615_,VDD,Metal1,793.4450,186.9650,4.832021
_12614_,VDD,Metal1,779.4450,206.1550,4.833854
_12613_,VDD,Metal1,768.2450,186.9650,4.832059
_12612_,VDD,Metal1,853.2730,116.5665,4.828416
_12611_,VDD,Metal1,858.1900,106.3615,4.827912
_12610_,VDD,Metal1,847.4000,125.5960,4.828865
_12609_,VDD,Metal1,837.6265,166.9665,4.830734
_12608_,VDD,Metal1,844.3565,175.7530,4.831585
_12607_,VDD,Metal1,843.8450,176.8850,4.831585
_12606_,VDD,Metal1,830.4050,175.9150,4.831660
_12605_,VDD,Metal1,832.6450,176.8850,4.831653
_12604_,VDD,Metal1,855.5130,96.4065,4.827601
_12603_,VDD,Metal1,862.1100,106.3615,4.827911
_12602_,VDD,Metal1,847.9600,116.3235,4.828426
_12601_,VDD,Metal1,728.1050,267.7255,4.838992
_12600_,VDD,Metal1,721.7165,276.5530,4.839992
_12599_,VDD,Metal1,735.2050,277.6850,4.839993
_12598_,VDD,Metal1,718.4050,267.6050,4.838990
_12597_,VDD,Metal1,734.6450,276.7150,4.839993
_12596_,VDD,Metal1,852.7130,106.4865,4.827928
_12595_,VDD,Metal1,860.9900,96.2815,4.827601
_12594_,VDD,Metal1,736.5200,115.5160,4.828642
_12593_,VDD,Metal1,725.0665,175.7530,4.831831
_12592_,VDD,Metal1,722.8365,166.9665,4.831100
_12591_,VDD,Metal1,734.0850,166.8050,4.831088
_12590_,VDD,Metal1,727.9250,176.8850,4.831831
_12589_,VDD,Metal1,723.4450,176.8850,4.831831
_12588_,VDD,Metal1,834.2330,105.1930,4.828032
_12587_,VDD,Metal1,840.8300,105.3180,4.828004
_12586_,VDD,Metal1,827.8000,106.2435,4.828052
_12585_,VDD,Metal1,680.8265,166.9665,4.831201
_12584_,VDD,Metal1,681.9565,165.6730,4.831201
_12583_,VDD,Metal1,675.8450,156.7250,4.830590
_12582_,VDD,Metal1,678.6450,175.9150,4.831872
_12581_,VDD,Metal1,683.1250,175.9150,4.831866
_12580_,VDD,Metal1,793.9130,105.1930,4.828064
_12579_,VDD,Metal1,813.3900,105.3180,4.828054
_12578_,VDD,Metal1,788.6000,116.3235,4.828582
_12577_,VDD,Metal1,666.5050,296.7540,4.842142
_12576_,VDD,Metal1,666.2765,287.9265,4.841081
_12575_,VDD,Metal1,673.6050,296.8750,4.842140
_12574_,VDD,Metal1,675.8450,287.7650,4.841081
_12573_,VDD,Metal1,681.4450,277.6850,4.840066
_12572_,VDD,Metal1,800.6330,105.1930,4.828063
_12571_,VDD,Metal1,806.1100,105.3180,4.828054
_12570_,VDD,Metal1,783.0000,116.3235,4.828584
_12569_,VDD,Metal1,602.1050,226.1940,4.835332
_12568_,VDD,Metal1,598.5165,227.4465,4.835332
_12567_,VDD,Metal1,601.9250,236.3950,4.836158
_12566_,VDD,Metal1,606.9650,217.2050,4.834697
_12565_,VDD,Metal1,602.4850,217.2050,4.834695
_12564_,VDD,Metal1,536.8730,106.4865,4.828482
_12563_,VDD,Metal1,538.9900,105.3180,4.828482
_12562_,VDD,Metal1,548.9200,116.3235,4.828706
_12561_,VDD,Metal1,552.5865,175.7530,4.831934
_12560_,VDD,Metal1,552.0365,177.0465,4.831934
_12559_,VDD,Metal1,565.5250,166.8050,4.831219
_12558_,VDD,Metal1,550.4050,185.9950,4.832409
_12557_,VDD,Metal1,547.0450,186.9650,4.832411
_12556_,VDD,Metal1,501.0330,105.1930,4.828498
_12555_,VDD,Metal1,498.1100,96.2815,4.827843
_12554_,VDD,Metal1,513.6400,116.3235,4.828785
_12553_,VDD,Metal1,513.6250,427.7940,4.859379
_12552_,VDD,Metal1,528.5165,437.8330,4.861093
_12551_,VDD,Metal1,521.8450,427.9150,4.859398
_12550_,VDD,Metal1,519.0450,418.8050,4.857976
_12549_,VDD,Metal1,523.5250,418.8050,4.857984
_12548_,VDD,Metal1,132.3500,155.6285,4.830534
_12547_,VDD,Metal1,121.7900,165.7980,4.831212
_12546_,VDD,Metal1,63.5500,175.8780,4.831680
_12545_,VDD,Metal1,238.3930,96.4065,4.827947
_12544_,VDD,Metal1,231.5500,95.2380,4.827956
_12543_,VDD,Metal1,241.1025,196.1560,4.833018
_12542_,VDD,Metal1,368.3465,227.4465,4.835255
_12541_,VDD,Metal1,378.4365,257.6865,4.837832
_12540_,VDD,Metal1,371.7650,236.3950,4.836131
_12539_,VDD,Metal1,367.2850,226.3150,4.835255
_12538_,VDD,Metal1,371.7650,226.3150,4.835267
_12537_,VDD,Metal1,218.7930,105.1930,4.828578
_12536_,VDD,Metal1,220.3500,95.2380,4.827956
_12535_,VDD,Metal1,217.0225,116.3235,4.828855
_12534_,VDD,Metal1,480.5850,206.0340,4.834013
_12533_,VDD,Metal1,485.3965,197.2065,4.833266
_12532_,VDD,Metal1,481.5250,217.2050,4.834731
_12531_,VDD,Metal1,473.1250,196.0750,4.833240
_12530_,VDD,Metal1,481.5250,216.2350,4.834731
_12529_,VDD,Metal1,186.3130,116.5665,4.828911
_12528_,VDD,Metal1,191.7900,116.4415,4.828910
_12527_,VDD,Metal1,185.6625,126.4035,4.829052
_12526_,VDD,Metal1,390.1865,166.9665,4.831137
_12525_,VDD,Metal1,390.1965,165.6730,4.831137
_12524_,VDD,Metal1,415.4450,165.8350,4.831138
_12523_,VDD,Metal1,383.5250,166.8050,4.831138
_12522_,VDD,Metal1,395.8450,166.8050,4.831137
_12521_,VDD,Metal1,148.2330,105.1930,4.828605
_12520_,VDD,Metal1,153.7100,105.3180,4.828607
_12519_,VDD,Metal1,147.5825,125.5960,4.829100
_12518_,VDD,Metal1,251.8330,166.9665,4.831179
_12517_,VDD,Metal1,240.3200,165.6730,4.831193
_12516_,VDD,Metal1,234.3500,155.7180,4.830581
_12515_,VDD,Metal1,253.0450,175.9150,4.831741
_12514_,VDD,Metal1,252.4850,176.8850,4.831741
_12513_,VDD,Metal1,140.3930,135.4330,4.829535
_12512_,VDD,Metal1,146.9900,135.5580,4.829535
_12511_,VDD,Metal1,140.3025,176.8035,4.831695
_12510_,VDD,Metal1,336.3930,177.0465,4.831929
_12509_,VDD,Metal1,331.0400,175.7530,4.831931
_12508_,VDD,Metal1,342.9900,175.8780,4.831926
_12507_,VDD,Metal1,346.5650,185.9950,4.832176
_12506_,VDD,Metal1,338.1650,186.9650,4.832171
_12505_,VDD,Metal1,139.2730,105.1930,4.828605
_12504_,VDD,Metal1,140.2700,96.2815,4.828021
_12503_,VDD,Metal1,140.8625,207.0435,4.833549
_12502_,VDD,Metal1,248.4730,216.0730,4.834453
_12501_,VDD,Metal1,237.5200,217.3665,4.834445
_12500_,VDD,Metal1,239.9500,216.1980,4.834445
_12499_,VDD,Metal1,248.5650,217.2050,4.834453
_12498_,VDD,Metal1,264.2450,216.2350,4.834470
_12497_,VDD,Metal1,162.7930,115.2730,4.828898
_12496_,VDD,Metal1,159.8700,106.3615,4.828610
_12495_,VDD,Metal1,169.4225,116.3235,4.828903
_12494_,VDD,Metal1,250.7130,316.8730,4.843531
_12493_,VDD,Metal1,238.0800,328.2465,4.845038
_12492_,VDD,Metal1,229.3100,328.1215,4.845016
_12491_,VDD,Metal1,254.1650,306.9550,4.842636
_12490_,VDD,Metal1,259.2050,327.1150,4.845070
_12489_,VDD,Metal1,155.3900,216.1980,4.834434
_12488_,VDD,Metal1,127.3000,217.2050,4.834377
_12487_,VDD,Metal1,149.1500,217.3310,4.834417
_12486_,VDD,Metal1,148.2665,226.1530,4.835009
_12485_,VDD,Metal1,920.4730,397.5130,4.855231
_12484_,VDD,Metal1,925.9500,397.6380,4.855242
_12483_,VDD,Metal1,900.6000,428.8035,4.859984
_12482_,VDD,Metal1,835.3865,447.9130,4.863421
_12481_,VDD,Metal1,853.3165,447.9130,4.863420
_12480_,VDD,Metal1,852.8050,449.0450,4.863420
_12479_,VDD,Metal1,836.0050,458.1550,4.865459
_12478_,VDD,Metal1,827.0450,438.9650,4.861725
_12477_,VDD,Metal1,904.7930,358.4865,4.849193
_12476_,VDD,Metal1,918.1100,358.3615,4.849192
_12475_,VDD,Metal1,898.9200,358.2435,4.849204
_12474_,VDD,Metal1,836.5065,367.2730,4.850853
_12473_,VDD,Metal1,835.3965,358.4865,4.849281
_12472_,VDD,Metal1,841.0450,368.4050,4.850848
_12471_,VDD,Metal1,828.7250,367.4350,4.850879
_12470_,VDD,Metal1,826.4850,358.3250,4.849332
_12469_,VDD,Metal1,913.7530,378.6465,4.852021
_12468_,VDD,Metal1,930.9900,387.5580,4.853744
_12467_,VDD,Metal1,901.1600,427.9960,4.859984
_12466_,VDD,Metal1,797.3065,439.1265,4.861759
_12465_,VDD,Metal1,803.4765,447.9130,4.863443
_12464_,VDD,Metal1,787.8450,449.0450,4.863441
_12463_,VDD,Metal1,788.9650,437.9950,4.861769
_12462_,VDD,Metal1,787.8450,428.8850,4.860145
_12461_,VDD,Metal1,904.7930,388.7265,4.853744
_12460_,VDD,Metal1,914.1900,397.6380,4.855216
_12459_,VDD,Metal1,897.2400,398.5635,4.855202
_12458_,VDD,Metal1,837.0665,417.6730,4.858486
_12457_,VDD,Metal1,853.3165,417.6730,4.858477
_12456_,VDD,Metal1,851.1250,438.9650,4.861706
_12455_,VDD,Metal1,834.3250,408.7250,4.856880
_12454_,VDD,Metal1,832.0850,407.7550,4.856886
_12453_,VDD,Metal1,914.3130,388.7265,4.853744
_12452_,VDD,Metal1,922.0300,398.6815,4.855232
_12451_,VDD,Metal1,901.7200,418.7235,4.858455
_12450_,VDD,Metal1,687.5465,429.0465,4.859968
_12449_,VDD,Metal1,696.5165,437.8330,4.861574
_12448_,VDD,Metal1,679.2050,418.8050,4.858372
_12447_,VDD,Metal1,688.1650,427.9150,4.859968
_12446_,VDD,Metal1,693.2050,428.8850,4.859972
_12445_,VDD,Metal1,901.9930,387.4330,4.853744
_12444_,VDD,Metal1,911.3900,368.4415,4.850652
_12443_,VDD,Metal1,895.0000,428.8035,4.859990
_12442_,VDD,Metal1,741.3065,439.1265,4.861656
_12441_,VDD,Metal1,737.3965,447.9130,4.863294
_12440_,VDD,Metal1,729.0450,448.0750,4.863267
_12439_,VDD,Metal1,739.6850,458.1550,4.865369
_12438_,VDD,Metal1,734.6450,437.9950,4.861627
_12437_,VDD,Metal1,912.6330,358.4865,4.849192
_12436_,VDD,Metal1,911.3900,348.2815,4.848184
_12435_,VDD,Metal1,897.8000,367.5160,4.850653
_12434_,VDD,Metal1,776.0265,377.3530,4.852126
_12433_,VDD,Metal1,774.9165,367.2730,4.850931
_12432_,VDD,Metal1,774.4050,378.4850,4.852126
_12431_,VDD,Metal1,778.8850,378.4850,4.852126
_12430_,VDD,Metal1,765.4450,377.5150,4.852125
_12429_,VDD,Metal1,899.1930,287.9265,4.840857
_12428_,VDD,Metal1,904.6700,287.8015,4.840857
_12427_,VDD,Metal1,895.0000,297.7635,4.841960
_12426_,VDD,Metal1,790.5865,316.8730,4.844382
_12425_,VDD,Metal1,789.4765,306.7930,4.843320
_12424_,VDD,Metal1,779.4450,307.9250,4.843306
_12423_,VDD,Metal1,786.7250,318.0050,4.844372
_12422_,VDD,Metal1,782.2450,318.0050,4.844343
_12421_,VDD,Metal1,903.1130,227.4465,4.834999
_12420_,VDD,Metal1,897.8000,236.4760,4.836013
_12419_,VDD,Metal1,839.8665,246.3130,4.837028
_12418_,VDD,Metal1,843.2365,237.5265,4.836087
_12417_,VDD,Metal1,844.9650,247.4450,4.837022
_12416_,VDD,Metal1,833.2050,256.5550,4.838027
_12415_,VDD,Metal1,827.0450,247.4450,4.837070
_12414_,VDD,Metal1,891.7900,216.1980,4.834318
_12413_,VDD,Metal1,186.7500,216.1980,4.834436
_12412_,VDD,Metal1,182.2700,207.1615,4.833618
_12411_,VDD,Metal1,898.5100,226.2780,4.835005
_12410_,VDD,Metal1,521.1930,217.3665,4.834711
_12409_,VDD,Metal1,445.5025,227.2035,4.835341
_12408_,VDD,Metal1,462.4265,367.2730,4.850647
_12407_,VDD,Metal1,468.5965,357.1930,4.849221
_12406_,VDD,Metal1,462.4850,358.3250,4.849187
_12405_,VDD,Metal1,458.0050,358.3250,4.849162
_12404_,VDD,Metal1,456.3250,368.4050,4.850622
_12403_,VDD,Metal1,525.5500,227.3215,4.835358
_12402_,VDD,Metal1,469.6730,126.6465,4.829183
_12401_,VDD,Metal1,434.8625,125.5960,4.829155
_12400_,VDD,Metal1,433.3065,316.8730,4.844016
_12399_,VDD,Metal1,434.4365,308.0865,4.843082
_12398_,VDD,Metal1,444.5650,317.0350,4.844066
_12397_,VDD,Metal1,426.0850,318.0050,4.843991
_12396_,VDD,Metal1,430.5650,318.0050,4.844015
_12395_,VDD,Metal1,475.1500,126.5215,4.829183
_12394_,VDD,Metal1,442.2330,116.5665,4.828812
_12393_,VDD,Metal1,422.5425,125.5960,4.829151
_12392_,VDD,Metal1,392.6650,398.7655,4.854710
_12391_,VDD,Metal1,408.1165,427.7530,4.859248
_12390_,VDD,Metal1,421.0450,437.9950,4.860833
_12389_,VDD,Metal1,408.7250,437.9950,4.860828
_12388_,VDD,Metal1,412.6450,408.7250,4.856314
_12387_,VDD,Metal1,448.8300,115.3980,4.828817
_12386_,VDD,Metal1,252.3930,126.6465,4.829015
_12385_,VDD,Metal1,243.9025,125.5960,4.828998
_12384_,VDD,Metal1,247.6930,368.6750,4.850139
_12383_,VDD,Metal1,246.0130,377.2450,4.851556
_12382_,VDD,Metal1,264.4930,368.6750,4.850177
_12381_,VDD,Metal1,257.8700,125.4780,4.829024
_12380_,VDD,Metal1,250.7130,125.3530,4.829015
_12379_,VDD,Metal1,247.8225,196.1560,4.833029
_12378_,VDD,Metal1,252.9530,266.4730,4.838473
_12377_,VDD,Metal1,245.9200,267.7665,4.838464
_12376_,VDD,Metal1,239.3900,267.6415,4.838464
_12375_,VDD,Metal1,258.6450,266.6350,4.838483
_12374_,VDD,Metal1,254.7250,267.6050,4.838473
_12373_,VDD,Metal1,264.5900,125.4780,4.829025
_12372_,VDD,Metal1,335.8330,126.6465,4.829153
_12371_,VDD,Metal1,363.1825,126.4035,4.829149
_12370_,VDD,Metal1,362.7130,377.3530,4.851710
_12369_,VDD,Metal1,359.6000,427.7530,4.859181
_12368_,VDD,Metal1,368.1900,458.1180,4.863942
_12367_,VDD,Metal1,367.8450,397.6750,4.854688
_12366_,VDD,Metal1,367.8450,377.5150,4.851718
_12365_,VDD,Metal1,332.9100,116.4415,4.828858
_12364_,VDD,Metal1,355.9930,125.3530,4.829150
_12363_,VDD,Metal1,355.9025,126.4035,4.829150
_12362_,VDD,Metal1,356.0265,316.8730,4.843859
_12361_,VDD,Metal1,354.3565,308.0865,4.842794
_12360_,VDD,Metal1,362.2450,307.9250,4.842854
_12359_,VDD,Metal1,355.5250,318.0050,4.843859
_12358_,VDD,Metal1,348.8050,317.0350,4.843841
_12357_,VDD,Metal1,362.5900,116.4415,4.828826
_12356_,VDD,Metal1,157.0700,217.2415,4.834434
_12355_,VDD,Metal1,137.3800,217.2050,4.834377
_12354_,VDD,Metal1,153.7100,236.3580,4.835913
_12353_,VDD,Metal1,144.9065,237.5265,4.835911
_12352_,VDD,Metal1,885.1930,155.5930,4.830301
_12351_,VDD,Metal1,825.5600,146.5635,4.829945
_12350_,VDD,Metal1,815.5800,155.4935,4.830490
_12349_,VDD,Metal1,794.9100,206.1180,4.833860
_12348_,VDD,Metal1,786.8800,217.3665,4.834527
_12347_,VDD,Metal1,794.7200,217.3665,4.834437
_12346_,VDD,Metal1,791.5500,226.2780,4.835184
_12345_,VDD,Metal1,791.1565,216.0730,4.834526
_12344_,VDD,Metal1,793.4450,207.1250,4.833860
_12343_,VDD,Metal1,768.5020,227.5775,4.835158
_12342_,VDD,Metal1,760.0000,205.9930,4.833842
_12341_,VDD,Metal1,757.4475,196.1350,4.833025
_12340_,VDD,Metal1,757.8530,207.3950,4.833842
_12339_,VDD,Metal1,818.4300,145.6380,4.829953
_12338_,VDD,Metal1,886.6000,135.6760,4.829101
_12337_,VDD,Metal1,866.7565,145.5130,4.829670
_12336_,VDD,Metal1,874.5530,136.7265,4.829101
_12335_,VDD,Metal1,895.7100,136.6015,4.829101
_12334_,VDD,Metal1,893.0665,125.3530,4.828750
_12333_,VDD,Metal1,893.6365,116.5665,4.828360
_12332_,VDD,Metal1,825.5600,145.7560,4.829945
_12331_,VDD,Metal1,827.0450,155.7550,4.830480
_12330_,VDD,Metal1,818.9500,156.7250,4.830490
_12329_,VDD,Metal1,822.5165,155.5930,4.830481
_12328_,VDD,Metal1,825.3165,156.8865,4.830480
_12327_,VDD,Metal1,852.8630,175.8450,4.831563
_12326_,VDD,Metal1,853.1500,185.9580,4.831907
_12325_,VDD,Metal1,853.1825,186.8835,4.831907
_12324_,VDD,Metal1,848.5200,186.8835,4.831905
_12323_,VDD,Metal1,859.3100,196.0380,4.832794
_12322_,VDD,Metal1,866.4400,196.9635,4.832784
_12321_,VDD,Metal1,863.2300,196.0380,4.832785
_12320_,VDD,Metal1,856.8800,177.0465,4.831557
_12319_,VDD,Metal1,872.4630,166.8750,4.830684
_12318_,VDD,Metal1,866.5900,166.8415,4.830692
_12317_,VDD,Metal1,869.3900,165.7980,4.830689
_12316_,VDD,Metal1,823.3730,167.0750,4.830778
_12315_,VDD,Metal1,825.6130,187.2350,4.831901
_12314_,VDD,Metal1,892.8600,126.7460,4.828750
_12313_,VDD,Metal1,892.5165,135.4330,4.829101
_12312_,VDD,Metal1,873.3425,115.5160,4.828400
_12311_,VDD,Metal1,888.8400,116.3235,4.828377
_12310_,VDD,Metal1,880.5400,115.1735,4.828390
_12309_,VDD,Metal1,874.9900,116.4415,4.828399
_12308_,VDD,Metal1,871.6300,135.5580,4.829101
_12307_,VDD,Metal1,818.5530,146.8065,4.829953
_12306_,VDD,Metal1,811.8465,146.5415,4.829957
_12305_,VDD,Metal1,813.2400,156.6435,4.830492
_12304_,VDD,Metal1,728.1730,257.7950,4.838057
_12303_,VDD,Metal1,722.0220,308.2175,4.843278
_12302_,VDD,Metal1,713.6130,306.6850,4.843277
_12301_,VDD,Metal1,714.7330,316.7650,4.844225
_12300_,VDD,Metal1,727.6130,306.6850,4.843278
_12299_,VDD,Metal1,737.1330,266.3650,4.838995
_12298_,VDD,Metal1,727.6130,266.3650,4.838992
_12297_,VDD,Metal1,845.2130,95.0050,4.827678
_12296_,VDD,Metal1,834.7025,136.4835,4.829154
_12295_,VDD,Metal1,806.7930,155.5930,4.830502
_12294_,VDD,Metal1,806.3865,156.6215,4.830502
_12293_,VDD,Metal1,805.7165,146.8065,4.829979
_12292_,VDD,Metal1,745.2265,165.6730,4.831079
_12291_,VDD,Metal1,735.5500,165.7980,4.831088
_12290_,VDD,Metal1,728.6400,156.8865,4.830557
_12289_,VDD,Metal1,722.3830,146.7150,4.830016
_12288_,VDD,Metal1,723.7900,156.7615,4.830557
_12287_,VDD,Metal1,718.1900,146.6815,4.830017
_12286_,VDD,Metal1,751.5600,165.9160,4.831078
_12285_,VDD,Metal1,755.0000,155.8360,4.830548
_12284_,VDD,Metal1,742.8300,156.7615,4.830550
_12283_,VDD,Metal1,756.1200,156.6435,4.830548
_12282_,VDD,Metal1,768.5900,165.7980,4.831071
_12281_,VDD,Metal1,714.1730,175.6450,4.831838
_12280_,VDD,Metal1,717.5330,177.1550,4.831837
_12279_,VDD,Metal1,836.8600,135.3335,4.829154
_12278_,VDD,Metal1,846.4300,136.6015,4.829134
_12277_,VDD,Metal1,834.2330,126.6465,4.828867
_12276_,VDD,Metal1,841.8530,76.3550,4.826984
_12275_,VDD,Metal1,828.5425,135.6760,4.829210
_12274_,VDD,Metal1,806.1100,145.6380,4.829979
_12273_,VDD,Metal1,800.1650,146.6450,4.829995
_12272_,VDD,Metal1,800.7830,155.6850,4.830517
_12271_,VDD,Metal1,796.4400,155.8360,4.830530
_12270_,VDD,Metal1,674.5425,165.9160,4.831210
_12269_,VDD,Metal1,659.8000,165.9160,4.831234
_12268_,VDD,Metal1,658.7330,155.4850,4.830607
_12267_,VDD,Metal1,657.6130,146.9150,4.830097
_12266_,VDD,Metal1,629.4800,165.9160,4.831263
_12265_,VDD,Metal1,637.4000,165.9160,4.831270
_12264_,VDD,Metal1,628.0300,155.7180,4.830507
_12263_,VDD,Metal1,631.2400,166.7235,4.831263
_12262_,VDD,Metal1,630.2700,156.7615,4.830594
_12261_,VDD,Metal1,671.0000,166.7235,4.831215
_12260_,VDD,Metal1,665.5500,166.8415,4.831220
_12259_,VDD,Metal1,678.3330,177.1550,4.831872
_12258_,VDD,Metal1,834.5550,116.4425,4.828453
_12257_,VDD,Metal1,827.8000,116.3235,4.828453
_12256_,VDD,Metal1,824.5000,96.2450,4.827753
_12255_,VDD,Metal1,821.0800,96.1635,4.827753
_12254_,VDD,Metal1,814.2800,126.4035,4.828891
_12253_,VDD,Metal1,794.0630,146.7150,4.830016
_12252_,VDD,Metal1,789.3675,155.8150,4.830550
_12251_,VDD,Metal1,786.5100,146.6815,4.830024
_12250_,VDD,Metal1,659.5465,277.8465,4.840083
_12249_,VDD,Metal1,648.7500,286.7580,4.841086
_12248_,VDD,Metal1,639.6000,287.9265,4.841105
_12247_,VDD,Metal1,636.7030,286.7250,4.841132
_12246_,VDD,Metal1,661.4000,317.1160,4.844336
_12245_,VDD,Metal1,661.4800,327.1960,4.845650
_12244_,VDD,Metal1,670.5900,318.0415,4.844313
_12243_,VDD,Metal1,677.7200,317.9235,4.844306
_12242_,VDD,Metal1,664.8930,276.4450,4.840081
_12241_,VDD,Metal1,631.3900,306.9180,4.843383
_12240_,VDD,Metal1,645.9500,296.8380,4.842159
_12239_,VDD,Metal1,650.9900,318.0415,4.844352
_12238_,VDD,Metal1,668.8130,266.3650,4.838956
_12237_,VDD,Metal1,777.7165,155.5930,4.830549
_12236_,VDD,Metal1,819.5000,116.6660,4.828470
_12235_,VDD,Metal1,807.0800,125.5960,4.828914
_12234_,VDD,Metal1,807.1400,85.1950,4.827038
_12233_,VDD,Metal1,803.7200,85.2760,4.827046
_12232_,VDD,Metal1,798.0400,135.6760,4.829282
_12231_,VDD,Metal1,814.5100,145.6380,4.829956
_12230_,VDD,Metal1,788.6000,136.4835,4.829258
_12229_,VDD,Metal1,790.4300,145.6380,4.830026
_12228_,VDD,Metal1,788.1900,135.5580,4.829258
_12227_,VDD,Metal1,780.3000,146.9060,4.830021
_12226_,VDD,Metal1,607.2130,197.3150,4.833206
_12225_,VDD,Metal1,597.7020,256.2625,4.837978
_12224_,VDD,Metal1,587.6130,247.7150,4.837084
_12223_,VDD,Metal1,585.3730,257.7950,4.837971
_12222_,VDD,Metal1,619.5330,256.2850,4.837989
_12221_,VDD,Metal1,619.5330,205.8850,4.833923
_12220_,VDD,Metal1,629.0530,217.4750,4.834713
_12219_,VDD,Metal1,777.5500,156.7615,4.830549
_12218_,VDD,Metal1,799.9000,116.6660,4.828581
_12217_,VDD,Metal1,487.3050,116.5555,4.828836
_12216_,VDD,Metal1,506.6330,115.2730,4.828791
_12215_,VDD,Metal1,513.7900,96.2815,4.827847
_12214_,VDD,Metal1,509.4025,166.7235,4.831228
_12213_,VDD,Metal1,519.0450,166.8050,4.831216
_12212_,VDD,Metal1,524.3800,156.9860,4.830626
_12211_,VDD,Metal1,533.9500,155.7180,4.830609
_12210_,VDD,Metal1,546.1200,166.7235,4.831213
_12209_,VDD,Metal1,558.5900,166.8415,4.831219
_12208_,VDD,Metal1,588.6400,166.9665,4.831229
_12207_,VDD,Metal1,598.6230,165.7650,4.831239
_12206_,VDD,Metal1,548.8800,165.6730,4.831219
_12205_,VDD,Metal1,548.2230,156.7950,4.830560
_12204_,VDD,Metal1,540.6700,166.8415,4.831213
_12203_,VDD,Metal1,544.0300,156.7615,4.830569
_12202_,VDD,Metal1,596.1100,185.9580,4.832401
_12201_,VDD,Metal1,583.7900,175.8780,4.831921
_12200_,VDD,Metal1,592.0930,165.5650,4.831229
_12199_,VDD,Metal1,553.4000,186.8835,4.832406
_12198_,VDD,Metal1,553.5500,197.0815,4.833194
_12197_,VDD,Metal1,560.7330,197.3150,4.833194
_12196_,VDD,Metal1,546.8300,196.0380,4.833195
_12195_,VDD,Metal1,499.0650,156.8755,4.830724
_12194_,VDD,Metal1,499.4450,115.4350,4.828809
_12193_,VDD,Metal1,490.1550,115.3975,4.828835
_12192_,VDD,Metal1,466.6000,105.4360,4.828498
_12191_,VDD,Metal1,482.0265,96.4065,4.827824
_12190_,VDD,Metal1,473.0765,106.4865,4.828501
_12189_,VDD,Metal1,479.8450,106.3250,4.828505
_12188_,VDD,Metal1,475.0000,155.8360,4.830750
_12187_,VDD,Metal1,482.3150,156.7625,4.830752
_12186_,VDD,Metal1,50.5200,196.1560,4.832839
_12185_,VDD,Metal1,493.0700,417.7980,4.857892
_12184_,VDD,Metal1,485.6000,417.6730,4.857881
_12183_,VDD,Metal1,485.0400,418.9665,4.857881
_12182_,VDD,Metal1,493.6300,437.9580,4.861028
_12181_,VDD,Metal1,482.5965,439.1265,4.861025
_12180_,VDD,Metal1,479.8450,428.8850,4.859340
_12179_,VDD,Metal1,481.7820,437.7025,4.861024
_12178_,VDD,Metal1,504.0800,418.9665,4.857915
_12177_,VDD,Metal1,520.5675,408.6650,4.856538
_12176_,VDD,Metal1,506.4130,417.5650,4.857915
_12175_,VDD,Metal1,492.5100,155.7180,4.830735
_12174_,VDD,Metal1,465.0200,106.5860,4.828498
_12173_,VDD,Metal1,458.5650,106.3250,4.828495
_12172_,VDD,Metal1,205.7500,115.4350,4.828883
_12171_,VDD,Metal1,217.4000,86.0835,4.827717
_12170_,VDD,Metal1,218.2025,106.2435,4.828578
_12169_,VDD,Metal1,216.8400,156.6435,4.830574
_12168_,VDD,Metal1,58.5100,165.7980,4.831227
_12167_,VDD,Metal1,258.7030,155.6850,4.830617
_12166_,VDD,Metal1,261.2875,156.6650,4.830617
_12165_,VDD,Metal1,265.7100,156.7615,4.830622
_12164_,VDD,Metal1,194.1325,165.7085,4.831218
_12163_,VDD,Metal1,370.3400,165.8350,4.831140
_12162_,VDD,Metal1,375.5025,216.3160,4.834618
_12161_,VDD,Metal1,385.9600,237.2835,4.836133
_12160_,VDD,Metal1,387.0000,246.5560,4.836919
_12159_,VDD,Metal1,388.2000,257.4435,4.837845
_12158_,VDD,Metal1,382.1900,246.4380,4.836918
_12157_,VDD,Metal1,380.9200,247.3635,4.836918
_12156_,VDD,Metal1,398.9900,256.5180,4.837851
_12155_,VDD,Metal1,383.2130,267.8750,4.838810
_12154_,VDD,Metal1,391.6130,267.8750,4.838813
_12153_,VDD,Metal1,380.9200,207.0435,4.833870
_12152_,VDD,Metal1,370.9900,216.1980,4.834618
_12151_,VDD,Metal1,385.4530,227.5550,4.835290
_12150_,VDD,Metal1,209.1000,106.5860,4.828581
_12149_,VDD,Metal1,206.5165,116.5665,4.828883
_12148_,VDD,Metal1,198.4130,84.9250,4.827801
_12147_,VDD,Metal1,191.6930,105.0850,4.828582
_12146_,VDD,Metal1,181.0000,116.3235,4.828918
_12145_,VDD,Metal1,190.8850,126.4850,4.829052
_12144_,VDD,Metal1,189.5000,155.4935,4.830564
_12143_,VDD,Metal1,182.9965,156.8865,4.830566
_12142_,VDD,Metal1,458.3825,207.0435,4.833903
_12141_,VDD,Metal1,493.1025,216.3160,4.834734
_12140_,VDD,Metal1,502.4930,215.9650,4.834724
_12139_,VDD,Metal1,497.4000,196.9635,4.833243
_12138_,VDD,Metal1,491.8000,196.9635,4.833261
_12137_,VDD,Metal1,500.0630,236.3250,4.836194
_12136_,VDD,Metal1,494.7500,206.1180,4.833982
_12135_,VDD,Metal1,494.7500,246.4380,4.836991
_12134_,VDD,Metal1,493.6300,237.4015,4.836204
_12133_,VDD,Metal1,504.1730,226.0450,4.835365
_12132_,VDD,Metal1,453.8700,207.1615,4.833900
_12131_,VDD,Metal1,473.8800,207.0435,4.833915
_12130_,VDD,Metal1,466.0930,207.3950,4.833908
_12129_,VDD,Metal1,48.9900,116.4415,4.828854
_12128_,VDD,Metal1,197.3400,96.5060,4.828003
_12127_,VDD,Metal1,188.9900,106.3615,4.828583
_12126_,VDD,Metal1,181.1500,105.3180,4.828596
_12125_,VDD,Metal1,189.5825,85.2760,4.827812
_12124_,VDD,Metal1,187.7200,135.6760,4.829526
_12123_,VDD,Metal1,180.7130,146.8065,4.830145
_12122_,VDD,Metal1,179.6065,155.8580,4.830566
_12121_,VDD,Metal1,187.7200,146.5635,4.830142
_12120_,VDD,Metal1,393.9730,175.8615,4.831914
_12119_,VDD,Metal1,403.3200,176.8035,4.831918
_12118_,VDD,Metal1,402.3500,175.8780,4.831918
_12117_,VDD,Metal1,419.3650,166.8050,4.831148
_12116_,VDD,Metal1,394.8800,156.8865,4.830675
_12115_,VDD,Metal1,402.0630,156.7950,4.830675
_12114_,VDD,Metal1,385.5500,165.7980,4.831137
_12113_,VDD,Metal1,384.4300,156.7615,4.830674
_12112_,VDD,Metal1,425.0800,166.7235,4.831151
_12111_,VDD,Metal1,439.1600,165.9160,4.831155
_12110_,VDD,Metal1,428.6700,155.7180,4.830699
_12109_,VDD,Metal1,424.0400,175.9960,4.831932
_12108_,VDD,Metal1,440.9900,166.8415,4.831161
_12107_,VDD,Metal1,405.6130,185.7250,4.832228
_12106_,VDD,Metal1,180.8630,166.8750,4.831222
_12105_,VDD,Metal1,52.3500,145.6380,4.830118
_12104_,VDD,Metal1,196.9965,86.3265,4.827801
_12103_,VDD,Metal1,190.5200,96.1635,4.828013
_12102_,VDD,Metal1,194.2450,95.2750,4.828003
_12101_,VDD,Metal1,118.6700,106.3250,4.828603
_12100_,VDD,Metal1,141.2400,85.2760,4.827802
_12099_,VDD,Metal1,133.6425,105.4360,4.828604
_12098_,VDD,Metal1,135.6400,116.3235,4.828886
_12097_,VDD,Metal1,172.4630,156.7950,4.830559
_12096_,VDD,Metal1,171.6100,165.8950,4.831221
_12095_,VDD,Metal1,177.3965,165.6730,4.831224
_12094_,VDD,Metal1,235.6265,175.7530,4.831726
_12093_,VDD,Metal1,227.4000,175.9960,4.831723
_12092_,VDD,Metal1,234.7600,176.8035,4.831726
_12091_,VDD,Metal1,238.8300,166.8415,4.831193
_12090_,VDD,Metal1,229.1600,176.8035,4.831723
_12089_,VDD,Metal1,228.1900,185.9580,4.832263
_12088_,VDD,Metal1,225.6050,166.8050,4.831200
_12087_,VDD,Metal1,227.7225,165.9160,4.831200
_12086_,VDD,Metal1,221.1250,166.8050,4.831206
_12085_,VDD,Metal1,224.9965,156.8865,4.830576
_12084_,VDD,Metal1,248.3500,176.9215,4.831737
_12083_,VDD,Metal1,255.0700,185.9580,4.832220
_12082_,VDD,Metal1,257.2700,176.8850,4.831745
_12081_,VDD,Metal1,258.6450,185.9950,4.832192
_12080_,VDD,Metal1,262.5650,176.8850,4.831762
_12079_,VDD,Metal1,175.2665,166.7015,4.831224
_12078_,VDD,Metal1,127.3900,135.5580,4.829493
_12077_,VDD,Metal1,121.7400,105.0935,4.828603
_12076_,VDD,Metal1,120.7930,96.4065,4.828045
_12075_,VDD,Metal1,135.0800,85.2760,4.827807
_12074_,VDD,Metal1,130.2825,106.2435,4.828604
_12073_,VDD,Metal1,132.2800,175.9960,4.831684
_12072_,VDD,Metal1,158.9165,165.6730,4.831216
_12071_,VDD,Metal1,168.1200,156.6435,4.830538
_12070_,VDD,Metal1,324.6665,166.9665,4.831180
_12069_,VDD,Metal1,326.8730,156.8865,4.830709
_12068_,VDD,Metal1,338.7250,156.7250,4.830671
_12067_,VDD,Metal1,334.6825,156.6435,4.830699
_12066_,VDD,Metal1,314.2000,175.9960,4.831858
_12065_,VDD,Metal1,309.8000,176.8035,4.831835
_12064_,VDD,Metal1,304.3500,185.9580,4.832166
_12063_,VDD,Metal1,318.2000,196.9635,4.833180
_12062_,VDD,Metal1,345.1330,195.8050,4.833202
_12061_,VDD,Metal1,330.3250,155.7550,4.830711
_12060_,VDD,Metal1,309.3900,175.8780,4.831835
_12059_,VDD,Metal1,344.5730,197.3150,4.833202
_12058_,VDD,Metal1,164.9675,165.8950,4.831219
_12057_,VDD,Metal1,171.3465,196.1780,4.832969
_12056_,VDD,Metal1,121.7900,176.9215,4.831676
_12055_,VDD,Metal1,129.0200,96.5060,4.828042
_12054_,VDD,Metal1,127.5565,95.1130,4.828042
_12053_,VDD,Metal1,114.4130,74.8450,4.827598
_12052_,VDD,Metal1,101.7965,105.1930,4.828602
_12051_,VDD,Metal1,108.3825,206.2360,4.833458
_12050_,VDD,Metal1,151.9800,205.8935,4.833567
_12049_,VDD,Metal1,236.7465,207.2865,4.833598
_12048_,VDD,Metal1,219.8825,216.3160,4.834435
_12047_,VDD,Metal1,218.8850,217.2050,4.834435
_12046_,VDD,Metal1,227.5330,205.8850,4.833598
_12045_,VDD,Metal1,227.9600,237.2835,4.835943
_12044_,VDD,Metal1,234.2000,236.4760,4.835948
_12043_,VDD,Metal1,220.3500,236.3580,4.835942
_12042_,VDD,Metal1,225.8000,227.2035,4.835066
_12041_,VDD,Metal1,229.8700,227.3215,4.835070
_12040_,VDD,Metal1,244.4300,206.1180,4.833598
_12039_,VDD,Metal1,251.1500,206.1180,4.833599
_12038_,VDD,Metal1,254.4700,207.1250,4.833600
_12037_,VDD,Metal1,257.5250,206.1550,4.833601
_12036_,VDD,Metal1,259.7650,207.1250,4.833602
_12035_,VDD,Metal1,166.2450,207.1250,4.833622
_12034_,VDD,Metal1,106.1100,106.3615,4.828603
_12033_,VDD,Metal1,112.7800,115.1735,4.828865
_12032_,VDD,Metal1,121.7900,86.2015,4.827834
_12031_,VDD,Metal1,122.3500,75.0780,4.827594
_12030_,VDD,Metal1,128.5100,66.0415,4.827318
_12029_,VDD,Metal1,121.0400,85.0330,4.827834
_12028_,VDD,Metal1,128.3200,197.2065,4.832789
_12027_,VDD,Metal1,54.0300,206.1180,4.833425
_12026_,VDD,Metal1,249.8650,318.1255,4.843531
_12025_,VDD,Metal1,227.9600,347.3560,4.847555
_12024_,VDD,Metal1,234.7600,337.2760,4.846149
_12023_,VDD,Metal1,233.2300,328.1215,4.845019
_12022_,VDD,Metal1,220.2000,347.3560,4.847552
_12021_,VDD,Metal1,223.1500,338.2015,4.846126
_12020_,VDD,Metal1,227.7225,327.1960,4.845015
_12019_,VDD,Metal1,222.8050,307.9250,4.842588
_12018_,VDD,Metal1,227.5330,316.7650,4.843533
_12017_,VDD,Metal1,247.2300,328.1215,4.845038
_12016_,VDD,Metal1,253.3900,328.1215,4.845053
_12015_,VDD,Metal1,255.0300,327.1150,4.845054
_12014_,VDD,Metal1,258.0850,328.0850,4.845069
_12013_,VDD,Metal1,258.6450,306.9550,4.842640
_12012_,VDD,Metal1,161.5500,267.6415,4.838400
_12011_,VDD,Metal1,128.4200,75.1150,4.827580
_12010_,VDD,Metal1,134.1100,266.5980,4.838346
_12009_,VDD,Metal1,128.5065,267.7665,4.838320
_12008_,VDD,Metal1,912.6330,318.1665,4.844284
_12007_,VDD,Metal1,904.5200,307.0360,4.843015
_12006_,VDD,Metal1,918.8365,318.1665,4.844284
_12005_,VDD,Metal1,901.4765,328.2465,4.845589
_12004_,VDD,Metal1,854.6800,327.1960,4.845677
_12003_,VDD,Metal1,845.2600,326.8535,4.845684
_12002_,VDD,Metal1,842.6765,457.9930,4.865460
_12001_,VDD,Metal1,852.3030,469.2750,4.867224
_12000_,VDD,Metal1,853.5200,478.1530,4.869153
_11999_,VDD,Metal1,847.8230,489.4350,4.871085
_11998_,VDD,Metal1,859.3100,478.2780,4.869153
_11997_,VDD,Metal1,854.3025,488.4760,4.871087
_11996_,VDD,Metal1,847.4000,488.4760,4.871085
_11995_,VDD,Metal1,861.4000,488.4760,4.871092
_11994_,VDD,Metal1,839.7100,489.4015,4.871084
_11993_,VDD,Metal1,852.5900,498.4380,4.872569
_11992_,VDD,Metal1,843.6300,489.4015,4.871084
_11991_,VDD,Metal1,837.4700,488.3580,4.871080
_11990_,VDD,Metal1,825.0530,457.8850,4.865455
_11989_,VDD,Metal1,822.2530,449.3150,4.863429
_11988_,VDD,Metal1,845.1600,337.2760,4.846763
_11987_,VDD,Metal1,911.3900,307.9615,4.843023
_11986_,VDD,Metal1,915.4665,347.1130,4.848184
_11985_,VDD,Metal1,912.1165,338.3265,4.846688
_11984_,VDD,Metal1,855.8000,328.0035,4.845677
_11983_,VDD,Metal1,848.0600,328.3460,4.845684
_11982_,VDD,Metal1,849.9465,358.4865,4.849278
_11981_,VDD,Metal1,851.5930,348.4065,4.848211
_11980_,VDD,Metal1,857.8450,367.4350,4.850798
_11979_,VDD,Metal1,857.7225,358.2435,4.849272
_11978_,VDD,Metal1,853.4800,387.6760,4.853767
_11977_,VDD,Metal1,851.3200,388.4835,4.853768
_11976_,VDD,Metal1,859.3100,377.4780,4.851858
_11975_,VDD,Metal1,858.6000,388.4835,4.853756
_11974_,VDD,Metal1,816.0930,348.5150,4.848249
_11973_,VDD,Metal1,856.7865,347.3780,4.848208
_11972_,VDD,Metal1,865.4700,377.4780,4.851878
_11971_,VDD,Metal1,816.0930,357.0850,4.849382
_11970_,VDD,Metal1,838.8050,327.1150,4.845690
_11969_,VDD,Metal1,902.9400,338.4260,4.846688
_11968_,VDD,Metal1,897.9500,337.1580,4.846691
_11967_,VDD,Metal1,895.1825,328.0035,4.845593
_11966_,VDD,Metal1,893.3200,327.1960,4.845593
_11965_,VDD,Metal1,885.0200,318.2660,4.844286
_11964_,VDD,Metal1,887.3100,328.1215,4.845597
_11963_,VDD,Metal1,874.5965,326.9530,4.845649
_11962_,VDD,Metal1,885.0700,327.0780,4.845631
_11961_,VDD,Metal1,839.8330,318.1665,4.844304
_11960_,VDD,Metal1,834.5200,317.9235,4.844308
_11959_,VDD,Metal1,833.6865,327.2180,4.845694
_11958_,VDD,Metal1,797.7100,427.8780,4.860123
_11957_,VDD,Metal1,797.1500,468.1980,4.867258
_11956_,VDD,Metal1,799.8620,488.1025,4.871079
_11955_,VDD,Metal1,795.9330,479.5550,4.869172
_11954_,VDD,Metal1,805.4530,498.2050,4.872503
_11953_,VDD,Metal1,798.1730,489.6350,4.871079
_11952_,VDD,Metal1,777.9200,427.7530,4.860119
_11951_,VDD,Metal1,777.2630,428.9550,4.860119
_11950_,VDD,Metal1,780.3500,418.8415,4.858500
_11949_,VDD,Metal1,783.7100,427.8780,4.860140
_11948_,VDD,Metal1,922.1965,337.0330,4.846683
_11947_,VDD,Metal1,866.5865,326.9530,4.845658
_11946_,VDD,Metal1,846.6450,317.0350,4.844299
_11945_,VDD,Metal1,841.3900,316.9980,4.844303
_11944_,VDD,Metal1,838.1965,328.2465,4.845690
_11943_,VDD,Metal1,845.2700,318.0050,4.844299
_11942_,VDD,Metal1,846.0265,407.5930,4.856845
_11941_,VDD,Metal1,854.8300,408.7615,4.856835
_11940_,VDD,Metal1,859.6800,417.6730,4.858473
_11939_,VDD,Metal1,861.2630,408.7950,4.856821
_11938_,VDD,Metal1,865.4700,417.7980,4.858467
_11937_,VDD,Metal1,866.0300,408.7615,4.856812
_11936_,VDD,Metal1,860.7600,458.2360,4.865465
_11935_,VDD,Metal1,859.7200,459.0435,4.865465
_11934_,VDD,Metal1,862.1100,448.0380,4.863421
_11933_,VDD,Metal1,867.0000,468.3160,4.867223
_11932_,VDD,Metal1,864.3500,469.2415,4.867223
_11931_,VDD,Metal1,825.6130,408.9950,4.856894
_11930_,VDD,Metal1,826.1730,407.4850,4.856894
_11929_,VDD,Metal1,873.8200,318.2660,4.844286
_11928_,VDD,Metal1,867.7100,316.9980,4.844288
_11927_,VDD,Metal1,924.9965,316.8730,4.844288
_11926_,VDD,Metal1,864.3465,308.0865,4.843039
_11925_,VDD,Metal1,835.1900,317.0350,4.844308
_11924_,VDD,Metal1,826.5465,317.9015,4.844349
_11923_,VDD,Metal1,821.4450,318.0050,4.844349
_11922_,VDD,Metal1,676.3130,447.9130,4.863210
_11921_,VDD,Metal1,664.2000,469.1235,4.867005
_11920_,VDD,Metal1,667.6400,479.2035,4.868945
_11919_,VDD,Metal1,657.7100,478.2780,4.868926
_11918_,VDD,Metal1,660.3600,468.3160,4.867000
_11917_,VDD,Metal1,679.0825,448.9635,4.863210
_11916_,VDD,Metal1,680.8850,459.1250,4.865246
_11915_,VDD,Metal1,669.2800,429.0465,4.859963
_11914_,VDD,Metal1,664.4300,428.9215,4.859963
_11913_,VDD,Metal1,670.1965,449.2065,4.863202
_11912_,VDD,Metal1,668.9675,458.2150,4.865220
_11911_,VDD,Metal1,661.6300,478.2780,4.868933
_11910_,VDD,Metal1,679.4530,429.1550,4.859965
_11909_,VDD,Metal1,823.6365,316.8730,4.844349
_11908_,VDD,Metal1,868.2200,306.6935,4.843039
_11907_,VDD,Metal1,874.7030,306.8850,4.843028
_11906_,VDD,Metal1,880.0300,297.8815,4.841987
_11905_,VDD,Metal1,859.3100,297.8815,4.841995
_11904_,VDD,Metal1,889.5500,297.8815,4.841963
_11903_,VDD,Metal1,864.3465,298.0065,4.841993
_11902_,VDD,Metal1,832.6450,307.9250,4.843066
_11901_,VDD,Metal1,827.3900,297.8815,4.842102
_11900_,VDD,Metal1,828.5100,316.9980,4.844312
_11899_,VDD,Metal1,818.0850,307.9250,4.843142
_11898_,VDD,Metal1,744.6330,417.6730,4.858420
_11897_,VDD,Metal1,736.3830,459.1950,4.865361
_11896_,VDD,Metal1,726.9600,468.0730,4.867102
_11895_,VDD,Metal1,722.6700,469.2415,4.867094
_11894_,VDD,Metal1,721.1565,468.0730,4.867094
_11893_,VDD,Metal1,726.2450,469.2050,4.867102
_11892_,VDD,Metal1,734.9865,479.4465,4.869019
_11891_,VDD,Metal1,742.4365,479.4465,4.869029
_11890_,VDD,Metal1,744.7250,488.3950,4.870966
_11889_,VDD,Metal1,741.3165,478.1530,4.869029
_11888_,VDD,Metal1,728.4850,488.3950,4.870869
_11887_,VDD,Metal1,754.2450,418.8050,4.858442
_11886_,VDD,Metal1,748.6450,418.8050,4.858424
_11885_,VDD,Metal1,740.4930,429.1550,4.860031
_11884_,VDD,Metal1,824.4400,307.8435,4.843123
_11883_,VDD,Metal1,873.8200,298.1060,4.841993
_11882_,VDD,Metal1,901.4330,256.3930,4.837947
_11881_,VDD,Metal1,899.0700,297.8815,4.841960
_11880_,VDD,Metal1,896.3930,276.5530,4.839815
_11879_,VDD,Metal1,846.2800,297.7635,4.842041
_11878_,VDD,Metal1,842.5100,307.9615,4.843059
_11877_,VDD,Metal1,50.1100,316.9980,4.843758
_11876_,VDD,Metal1,829.0200,306.6935,4.843118
_11875_,VDD,Metal1,755.3165,367.2730,4.850906
_11874_,VDD,Metal1,755.9830,368.4750,4.850906
_11873_,VDD,Metal1,756.8300,468.1980,4.867188
_11872_,VDD,Metal1,774.7825,478.3960,4.869143
_11871_,VDD,Metal1,760.6000,478.3960,4.869100
_11870_,VDD,Metal1,757.3900,469.2415,4.867188
_11869_,VDD,Metal1,771.2400,469.1235,4.867238
_11868_,VDD,Metal1,761.3100,479.3215,4.869100
_11867_,VDD,Metal1,741.5200,358.4865,4.849369
_11866_,VDD,Metal1,747.5830,358.3950,4.849371
_11865_,VDD,Metal1,742.2700,368.4415,4.850896
_11864_,VDD,Metal1,743.3900,357.3180,4.849369
_11863_,VDD,Metal1,754.4930,377.2450,4.852127
_11862_,VDD,Metal1,756.7330,378.7550,4.852127
_11861_,VDD,Metal1,822.5650,306.9550,4.843123
_11860_,VDD,Metal1,897.6050,267.6050,4.838754
_11859_,VDD,Metal1,896.2200,257.7860,4.837947
_11858_,VDD,Metal1,905.3965,247.6065,4.836969
_11857_,VDD,Metal1,902.4300,276.6780,4.839815
_11856_,VDD,Metal1,911.3900,247.4815,4.836966
_11855_,VDD,Metal1,911.3900,257.5615,4.837942
_11854_,VDD,Metal1,903.3600,257.6865,4.837947
_11853_,VDD,Metal1,825.8765,296.7130,4.842102
_11852_,VDD,Metal1,55.7425,297.6460,4.841631
_11851_,VDD,Metal1,821.1150,297.8825,4.842109
_11850_,VDD,Metal1,821.0800,296.9560,4.842109
_11849_,VDD,Metal1,800.7250,307.9250,4.843204
_11848_,VDD,Metal1,779.3225,296.9560,4.842141
_11847_,VDD,Metal1,774.5200,297.7635,4.842132
_11846_,VDD,Metal1,762.8400,296.9560,4.842122
_11845_,VDD,Metal1,774.1900,306.9180,4.843301
_11844_,VDD,Metal1,780.8220,286.5025,4.840986
_11843_,VDD,Metal1,798.9225,327.1960,4.845739
_11842_,VDD,Metal1,799.6665,327.9815,4.845739
_11841_,VDD,Metal1,790.3330,326.8450,4.845740
_11840_,VDD,Metal1,815.6300,296.8380,4.842120
_11839_,VDD,Metal1,896.1550,266.5975,4.838757
_11838_,VDD,Metal1,884.9200,217.1235,4.834319
_11837_,VDD,Metal1,905.3965,217.3665,4.834315
_11836_,VDD,Metal1,897.7600,217.3665,4.834317
_11835_,VDD,Metal1,820.4800,226.1530,4.835137
_11834_,VDD,Metal1,40.0300,227.3215,4.835035
_11833_,VDD,Metal1,817.8700,227.3215,4.835138
_11832_,VDD,Metal1,814.6765,226.1530,4.835142
_11831_,VDD,Metal1,810.5500,217.2050,4.834373
_11830_,VDD,Metal1,822.5165,227.4465,4.835137
_11829_,VDD,Metal1,852.8630,236.3250,4.836073
_11828_,VDD,Metal1,854.2700,246.4380,4.837007
_11827_,VDD,Metal1,855.4225,266.7160,4.838861
_11826_,VDD,Metal1,854.1200,276.7960,4.839853
_11825_,VDD,Metal1,864.9100,266.5980,4.838843
_11824_,VDD,Metal1,867.0000,267.5235,4.838842
_11823_,VDD,Metal1,860.9900,266.5980,4.838849
_11822_,VDD,Metal1,864.7200,227.4465,4.835084
_11821_,VDD,Metal1,854.5430,217.2750,4.834335
_11820_,VDD,Metal1,850.3500,217.2415,4.834337
_11819_,VDD,Metal1,862.1100,226.2780,4.835085
_11818_,VDD,Metal1,820.5730,236.1250,4.836170
_11817_,VDD,Metal1,823.9330,246.2050,4.837072
_11816_,VDD,Metal1,890.6200,217.4660,4.834318
_11815_,VDD,Metal1,885.8450,216.2350,4.834319
_11814_,VDD,Metal1,497.1465,166.8580,4.831230
_11813_,VDD,Metal1,490.3930,177.0465,4.831980
_11812_,VDD,Metal1,501.4700,175.8780,4.831973
_11811_,VDD,Metal1,466.5200,186.0760,4.832410
_11810_,VDD,Metal1,474.2450,186.9650,4.832431
_11809_,VDD,Metal1,460.8630,185.9250,4.832390
_11808_,VDD,Metal1,460.0625,186.7660,4.832390
_11807_,VDD,Metal1,454.1430,187.0350,4.832370
_11806_,VDD,Metal1,462.2700,357.3180,4.849187
_11805_,VDD,Metal1,486.1600,357.1930,4.849305
_11804_,VDD,Metal1,492.8800,357.1930,4.849368
_11803_,VDD,Metal1,503.7100,358.3615,4.849392
_11802_,VDD,Metal1,485.3965,348.4065,4.848000
_11801_,VDD,Metal1,499.4450,357.3550,4.849381
_11800_,VDD,Metal1,487.9420,368.6975,4.850652
_11799_,VDD,Metal1,452.0000,367.2730,4.850607
_11798_,VDD,Metal1,438.8075,367.4950,4.850568
_11797_,VDD,Metal1,450.4130,368.6750,4.850607
_11796_,VDD,Metal1,493.8450,175.9150,4.831979
_11795_,VDD,Metal1,480.7000,175.6535,4.831983
_11794_,VDD,Metal1,486.5165,175.7530,4.831980
_11793_,VDD,Metal1,498.2765,146.8065,4.830171
_11792_,VDD,Metal1,509.3100,146.6815,4.830171
_11791_,VDD,Metal1,488.4400,155.8360,4.830735
_11790_,VDD,Metal1,461.5600,156.6435,4.830739
_11789_,VDD,Metal1,462.4365,166.9665,4.831187
_11788_,VDD,Metal1,462.1200,175.9960,4.831953
_11787_,VDD,Metal1,458.3500,176.9215,4.831952
_11786_,VDD,Metal1,453.3100,185.9580,4.832370
_11785_,VDD,Metal1,450.6125,308.0510,4.843121
_11784_,VDD,Metal1,463.7200,307.8435,4.843196
_11783_,VDD,Metal1,468.2800,317.1160,4.844130
_11782_,VDD,Metal1,458.9100,307.9615,4.843153
_11781_,VDD,Metal1,462.1200,307.0360,4.843154
_11780_,VDD,Metal1,455.5500,306.9180,4.843121
_11779_,VDD,Metal1,442.8850,307.9250,4.843097
_11778_,VDD,Metal1,445.0765,318.1665,4.844066
_11777_,VDD,Metal1,440.5225,307.0360,4.843094
_11776_,VDD,Metal1,434.5465,297.7415,4.841869
_11775_,VDD,Metal1,411.9930,318.1665,4.843968
_11774_,VDD,Metal1,414.5200,317.1160,4.843968
_11773_,VDD,Metal1,415.4450,327.1150,4.845376
_11772_,VDD,Metal1,410.9650,327.1150,4.845371
_11771_,VDD,Metal1,45.6300,155.7180,4.830505
_11770_,VDD,Metal1,480.7000,155.4935,4.830753
_11769_,VDD,Metal1,475.1500,156.7615,4.830750
_11768_,VDD,Metal1,474.0300,146.6815,4.830164
_11767_,VDD,Metal1,477.4225,145.7560,4.830168
_11766_,VDD,Metal1,467.1600,155.8360,4.830744
_11765_,VDD,Metal1,456.2330,166.9665,4.831184
_11764_,VDD,Metal1,454.1465,176.0180,4.831948
_11763_,VDD,Metal1,449.0450,175.9150,4.831941
_11762_,VDD,Metal1,415.9465,449.2065,4.862557
_11761_,VDD,Metal1,417.9330,429.1550,4.859249
_11760_,VDD,Metal1,416.3500,448.0380,4.862557
_11759_,VDD,Metal1,414.4800,479.4465,4.867604
_11758_,VDD,Metal1,402.0630,479.3550,4.867545
_11757_,VDD,Metal1,385.5500,479.3215,4.867545
_11756_,VDD,Metal1,399.5500,498.4380,4.870711
_11755_,VDD,Metal1,412.7600,458.2360,4.864040
_11754_,VDD,Metal1,411.7200,459.0435,4.864040
_11753_,VDD,Metal1,410.7500,449.0815,4.862551
_11752_,VDD,Metal1,406.6800,448.9635,4.862551
_11751_,VDD,Metal1,398.9900,458.1180,4.863993
_11750_,VDD,Metal1,414.0130,427.6450,4.859249
_11749_,VDD,Metal1,453.9275,176.8250,4.831948
_11748_,VDD,Metal1,261.3865,187.0180,4.832192
_11747_,VDD,Metal1,45.0700,175.8780,4.831724
_11746_,VDD,Metal1,470.2765,145.5130,4.830162
_11745_,VDD,Metal1,469.9600,146.5635,4.830162
_11744_,VDD,Metal1,463.6050,146.6450,4.830152
_11743_,VDD,Metal1,171.8450,146.6450,4.830138
_11742_,VDD,Metal1,257.9025,145.7560,4.830131
_11741_,VDD,Metal1,252.4850,145.6750,4.830130
_11740_,VDD,Metal1,256.9650,146.6450,4.830131
_11739_,VDD,Metal1,251.7425,146.5635,4.830130
_11738_,VDD,Metal1,255.0200,195.8135,4.833039
_11737_,VDD,Metal1,257.1600,358.2435,4.848746
_11736_,VDD,Metal1,236.6825,368.3235,4.850051
_11735_,VDD,Metal1,233.0000,377.5960,4.851489
_11734_,VDD,Metal1,246.5200,378.4035,4.851556
_11733_,VDD,Metal1,239.3900,367.3980,4.850122
_11732_,VDD,Metal1,225.8620,378.7775,4.851488
_11731_,VDD,Metal1,259.4000,367.5160,4.850164
_11730_,VDD,Metal1,251.7100,358.3615,4.848746
_11729_,VDD,Metal1,266.7330,367.1650,4.850177
_11728_,VDD,Metal1,256.9165,197.2065,4.833039
_11727_,VDD,Metal1,176.2765,145.5130,4.830146
_11726_,VDD,Metal1,172.6000,136.4835,4.829577
_11725_,VDD,Metal1,166.8665,146.5415,4.830138
_11724_,VDD,Metal1,148.6500,146.5850,4.830126
_11723_,VDD,Metal1,258.8400,136.4835,4.829445
_11722_,VDD,Metal1,156.0425,146.5635,4.830138
_11721_,VDD,Metal1,145.7200,186.8835,4.832298
_11720_,VDD,Metal1,151.6365,185.8330,4.832307
_11719_,VDD,Metal1,151.3200,186.8835,4.832307
_11718_,VDD,Metal1,265.1825,266.7160,4.838701
_11717_,VDD,Metal1,235.3200,267.5235,4.838463
_11716_,VDD,Metal1,227.5330,266.3650,4.838452
_11715_,VDD,Metal1,220.2530,257.7950,4.837742
_11714_,VDD,Metal1,233.5600,287.6835,4.840699
_11713_,VDD,Metal1,238.6800,307.0360,4.842603
_11712_,VDD,Metal1,229.8700,286.7580,4.840696
_11711_,VDD,Metal1,229.1600,297.7635,4.841597
_11710_,VDD,Metal1,228.7500,287.8015,4.840696
_11709_,VDD,Metal1,272.2800,266.7160,4.838713
_11708_,VDD,Metal1,265.1500,257.5615,4.837754
_11707_,VDD,Metal1,270.0930,267.8750,4.838712
_11706_,VDD,Metal1,156.9200,186.8835,4.832313
_11705_,VDD,Metal1,264.5900,196.0380,4.833043
_11704_,VDD,Metal1,135.7900,196.0380,4.832856
_11703_,VDD,Metal1,148.6200,155.4935,4.830536
_11702_,VDD,Metal1,121.9565,146.8065,4.830099
_11701_,VDD,Metal1,168.7330,167.0750,4.831221
_11700_,VDD,Metal1,154.4365,175.7530,4.831710
_11699_,VDD,Metal1,143.1025,196.9635,4.832890
_11698_,VDD,Metal1,150.3000,197.3060,4.832906
_11697_,VDD,Metal1,363.7675,368.3450,4.850427
_11696_,VDD,Metal1,356.5225,438.8835,4.860783
_11695_,VDD,Metal1,355.9625,459.0435,4.863897
_11694_,VDD,Metal1,353.8450,449.0450,4.862377
_11693_,VDD,Metal1,354.7825,469.1235,4.865792
_11692_,VDD,Metal1,350.1200,478.3960,4.867380
_11691_,VDD,Metal1,357.4000,479.2035,4.867397
_11690_,VDD,Metal1,350.2700,469.2415,4.865712
_11689_,VDD,Metal1,362.5900,478.2780,4.867494
_11688_,VDD,Metal1,360.8130,447.8050,4.862411
_11687_,VDD,Metal1,356.5225,378.4035,4.851693
_11686_,VDD,Metal1,363.5600,358.2435,4.848783
_11685_,VDD,Metal1,321.7100,367.3980,4.850400
_11684_,VDD,Metal1,349.1500,358.3615,4.848785
_11683_,VDD,Metal1,147.2050,196.0750,4.832905
_11682_,VDD,Metal1,149.7900,175.8780,4.831705
_11681_,VDD,Metal1,148.6200,165.5735,4.831216
_11680_,VDD,Metal1,139.1500,166.8415,4.831215
_11679_,VDD,Metal1,980.3930,1012.3930,4.964228
_11678_,VDD,Metal1,976.9425,1002.6735,4.963311
_11677_,VDD,Metal1,978.8050,1003.4450,4.963312
_11676_,VDD,Metal1,1018.1850,1042.6440,4.966648
_11675_,VDD,Metal1,1028.2400,1074.1665,4.975888
_11674_,VDD,Metal1,1036.0800,1072.8730,4.975887
_11673_,VDD,Metal1,1038.7250,1063.9250,4.968436
_11672_,VDD,Metal1,1032.6265,1053.7415,4.967469
_11671_,VDD,Metal1,1010.3200,1082.9530,4.987414
_11670_,VDD,Metal1,1016.1100,1083.0780,4.987414
_11669_,VDD,Metal1,1003.5030,1093.1250,4.988720
_11668_,VDD,Metal1,1029.2630,1084.1550,4.987413
_11667_,VDD,Metal1,1021.7065,1082.9530,4.987414
_11666_,VDD,Metal1,1037.1030,1083.0450,4.987413
_11665_,VDD,Metal1,941.0700,1083.0780,4.987268
_11664_,VDD,Metal1,1023.9500,1084.1215,4.987414
_11663_,VDD,Metal1,1014.1430,1084.1550,4.987414
_11662_,VDD,Metal1,995.9500,1012.5180,4.964240
_11661_,VDD,Metal1,989.2625,1043.6835,4.966640
_11660_,VDD,Metal1,986.0265,1054.0065,4.967470
_11659_,VDD,Metal1,977.5025,1063.8435,4.968437
_11658_,VDD,Metal1,975.7900,1074.0415,4.982731
_11657_,VDD,Metal1,995.9500,1052.8380,4.967472
_11656_,VDD,Metal1,985.4025,1063.8435,4.968437
_11655_,VDD,Metal1,996.7250,1043.7650,4.966641
_11654_,VDD,Metal1,1001.0825,1073.1160,4.978029
_11653_,VDD,Metal1,998.7500,1093.1580,4.988721
_11652_,VDD,Metal1,982.5425,1073.1160,4.981999
_11651_,VDD,Metal1,976.8700,1083.1150,4.987418
_11650_,VDD,Metal1,1034.0300,1063.9615,4.968436
_11649_,VDD,Metal1,983.1625,1073.9235,4.981996
_11648_,VDD,Metal1,964.2450,1074.0050,4.983679
_11647_,VDD,Metal1,996.5100,1084.1215,4.987415
_11646_,VDD,Metal1,989.6400,1083.1960,4.987416
_11645_,VDD,Metal1,1004.4730,1042.6330,4.966642
_11644_,VDD,Metal1,1004.3500,1033.7215,4.965881
_11643_,VDD,Metal1,1016.1425,1053.7635,4.967474
_11642_,VDD,Metal1,1022.1200,1063.0360,4.968437
_11641_,VDD,Metal1,1019.7430,1063.9950,4.968437
_11640_,VDD,Metal1,1021.7100,1072.9980,4.976622
_11639_,VDD,Metal1,955.1275,1083.1750,4.987430
_11638_,VDD,Metal1,955.2850,1074.0050,4.985255
_11637_,VDD,Metal1,1016.9430,1072.9650,4.976661
_11636_,VDD,Metal1,1013.3100,1093.1580,4.988718
_11635_,VDD,Metal1,1017.5065,1052.9780,4.967474
_11634_,VDD,Metal1,988.1100,1062.9180,4.968437
_11633_,VDD,Metal1,1015.7165,1062.7930,4.968437
_11632_,VDD,Metal1,1020.4400,1073.9235,4.976637
_11631_,VDD,Metal1,1008.9225,1053.7635,4.967474
_11630_,VDD,Metal1,984.1900,1062.9180,4.968437
_11629_,VDD,Metal1,1028.4300,1063.9615,4.968437
_11628_,VDD,Metal1,983.0700,1083.0780,4.987417
_11627_,VDD,Metal1,1005.1250,1043.7650,4.966642
_11626_,VDD,Metal1,1003.9565,1074.1665,4.978005
_11625_,VDD,Metal1,1003.5030,1084.1550,4.987415
_11624_,VDD,Metal1,975.2300,1093.1580,4.988725
_11623_,VDD,Metal1,1004.3500,1063.9615,4.968437
_11622_,VDD,Metal1,972.6450,1084.0850,4.987419
_11621_,VDD,Metal1,1001.2665,1083.2180,4.987415
_11620_,VDD,Metal1,977.4700,1084.1215,4.987418
_11619_,VDD,Metal1,1005.4700,1072.9980,4.978002
_11618_,VDD,Metal1,970.1900,1093.1580,4.988727
_11617_,VDD,Metal1,999.5250,1063.9250,4.968437
_11616_,VDD,Metal1,981.3900,1084.1215,4.987417
_11615_,VDD,Metal1,984.4630,1033.7550,4.965876
_11614_,VDD,Metal1,981.6050,1022.6350,4.965041
_11613_,VDD,Metal1,1031.9850,1033.8465,4.965892
_11612_,VDD,Metal1,947.2305,1092.9260,4.988730
_11611_,VDD,Metal1,855.5565,1093.0330,4.972278
_11610_,VDD,Metal1,875.4000,1093.2760,4.974932
_11609_,VDD,Metal1,989.7900,1032.6780,4.965877
_11608_,VDD,Metal1,988.8850,1052.8750,4.967472
_11607_,VDD,Metal1,1037.9500,1053.8815,4.967466
_11606_,VDD,Metal1,987.7650,1073.0350,4.981479
_11605_,VDD,Metal1,921.5060,1092.9865,4.985559
_11604_,VDD,Metal1,921.0600,1084.3265,4.982261
_11603_,VDD,Metal1,906.3500,1083.0780,4.977308
_11602_,VDD,Metal1,962.9675,1084.0250,4.987420
_11601_,VDD,Metal1,963.6265,1093.0330,4.988727
_11600_,VDD,Metal1,921.8400,1082.9530,4.982266
_11599_,VDD,Metal1,926.7250,1084.0850,4.984013
_11598_,VDD,Metal1,924.4365,1074.1665,4.983876
_11597_,VDD,Metal1,931.8230,1093.1250,4.987768
_11596_,VDD,Metal1,932.8065,1083.9815,4.985473
_11595_,VDD,Metal1,932.1675,1083.1750,4.985472
_11594_,VDD,Metal1,864.8130,1084.3550,4.967485
_11593_,VDD,Metal1,915.9275,1093.2550,4.984677
_11592_,VDD,Metal1,896.7330,1084.3550,4.975875
_11591_,VDD,Metal1,905.2660,1084.2930,4.977307
_11590_,VDD,Metal1,912.6600,1084.3265,4.980807
_11589_,VDD,Metal1,880.1965,1093.0330,4.975617
_11588_,VDD,Metal1,881.1825,1084.0035,4.973932
_11587_,VDD,Metal1,870.1650,1083.1150,4.971960
_11586_,VDD,Metal1,857.0500,1083.1750,4.965868
_11585_,VDD,Metal1,846.0265,1084.2465,4.963365
_11584_,VDD,Metal1,853.8665,1074.1665,4.971937
_11583_,VDD,Metal1,835.9265,1083.9815,4.962123
_11582_,VDD,Metal1,875.9600,1073.9235,4.975149
_11581_,VDD,Metal1,874.3330,1084.3550,4.972606
_11580_,VDD,Metal1,886.7500,1084.1215,4.975429
_11579_,VDD,Metal1,152.5900,136.6015,4.829564
_11578_,VDD,Metal1,158.1900,126.5215,4.829108
_11577_,VDD,Metal1,144.0000,166.9665,4.831215
_11576_,VDD,Metal1,146.8000,177.0465,4.831704
_11575_,VDD,Metal1,136.3500,175.8780,4.831689
_11574_,VDD,Metal1,336.3725,308.0510,4.842780
_11573_,VDD,Metal1,391.4800,317.1160,4.843904
_11572_,VDD,Metal1,377.0000,327.1960,4.845342
_11571_,VDD,Metal1,372.1100,318.0415,4.843880
_11570_,VDD,Metal1,386.5200,327.1960,4.845367
_11569_,VDD,Metal1,397.8700,316.9980,4.843905
_11568_,VDD,Metal1,337.0450,306.9550,4.842780
_11567_,VDD,Metal1,345.3225,296.9560,4.841742
_11566_,VDD,Metal1,342.6450,267.6050,4.838809
_11565_,VDD,Metal1,324.1165,298.0065,4.841741
_11564_,VDD,Metal1,329.6730,318.1665,4.843837
_11563_,VDD,Metal1,333.8800,317.1160,4.843838
_11562_,VDD,Metal1,335.9250,338.1650,4.846444
_11561_,VDD,Metal1,320.2450,327.1150,4.845292
_11560_,VDD,Metal1,304.2700,447.9485,4.862303
_11559_,VDD,Metal1,243.1200,417.8015,4.857434
_11558_,VDD,Metal1,222.4640,408.8920,4.856029
_11557_,VDD,Metal1,229.6900,418.0335,4.857408
_11556_,VDD,Metal1,216.9400,407.4935,4.856027
_11555_,VDD,Metal1,217.9950,427.8775,4.858942
_11554_,VDD,Metal1,227.5330,478.0450,4.867191
_11553_,VDD,Metal1,227.5330,467.9650,4.865409
_11552_,VDD,Metal1,220.9100,459.1615,4.863722
_11551_,VDD,Metal1,218.0600,467.9735,4.865401
_11550_,VDD,Metal1,223.5950,479.3225,4.867172
_11549_,VDD,Metal1,227.6300,437.9580,4.860486
_11548_,VDD,Metal1,222.8665,419.0865,4.857407
_11547_,VDD,Metal1,226.5425,448.2735,4.861965
_11546_,VDD,Metal1,166.5900,318.0415,4.843668
_11545_,VDD,Metal1,146.9900,286.7580,4.840578
_11544_,VDD,Metal1,146.7065,287.6615,4.840577
_11543_,VDD,Metal1,133.5465,286.6330,4.840568
_11542_,VDD,Metal1,762.9900,45.8815,4.826274
_11541_,VDD,Metal1,766.9100,45.8815,4.826274
_11540_,VDD,Metal1,759.6265,116.5665,4.828628
_11539_,VDD,Metal1,761.0800,216.3160,4.834545
_11538_,VDD,Metal1,758.9200,217.1235,4.834545
_11537_,VDD,Metal1,765.1330,217.4750,4.834542
_11536_,VDD,Metal1,768.0300,226.2780,4.835158
_11535_,VDD,Metal1,780.8220,236.1025,4.836186
_11534_,VDD,Metal1,781.3730,215.9650,4.834528
_11533_,VDD,Metal1,764.8365,207.2865,4.833843
_11532_,VDD,Metal1,766.7200,205.9930,4.833843
_11531_,VDD,Metal1,762.9900,197.0815,4.833020
_11530_,VDD,Metal1,759.0700,45.8815,4.826274
_11529_,VDD,Metal1,765.7900,54.9180,4.826736
_11528_,VDD,Metal1,775.3065,135.4330,4.829207
_11527_,VDD,Metal1,814.8400,166.7235,4.830826
_11526_,VDD,Metal1,826.6800,176.8035,4.831674
_11525_,VDD,Metal1,814.5100,175.8780,4.831698
_11524_,VDD,Metal1,820.5730,175.6450,4.831697
_11523_,VDD,Metal1,851.0765,177.0465,4.831563
_11522_,VDD,Metal1,864.8220,175.6225,4.831557
_11521_,VDD,Metal1,853.5200,195.9130,4.832812
_11520_,VDD,Metal1,846.5965,195.9130,4.832814
_11519_,VDD,Metal1,841.0450,196.0750,4.832836
_11518_,VDD,Metal1,857.0700,206.1180,4.833681
_11517_,VDD,Metal1,729.9500,44.8380,4.826304
_11516_,VDD,Metal1,754.5900,45.8815,4.826274
_11515_,VDD,Metal1,727.1465,125.3530,4.828956
_11514_,VDD,Metal1,729.8000,256.6360,4.838057
_11513_,VDD,Metal1,735.9200,296.7130,4.842103
_11512_,VDD,Metal1,713.5200,296.7130,4.842105
_11511_,VDD,Metal1,710.3500,307.9615,4.843274
_11510_,VDD,Metal1,706.5965,306.7930,4.843274
_11509_,VDD,Metal1,709.4450,297.8450,4.842106
_11508_,VDD,Metal1,732.1020,298.1375,4.842103
_11507_,VDD,Metal1,719.6800,266.4730,4.838990
_11506_,VDD,Metal1,735.2630,256.4850,4.838058
_11505_,VDD,Metal1,722.1100,257.5615,4.838055
_11504_,VDD,Metal1,740.0300,256.5180,4.838059
_11503_,VDD,Metal1,708.1100,45.8815,4.826377
_11502_,VDD,Metal1,710.3500,25.7215,4.826590
_11501_,VDD,Metal1,704.7465,125.3530,4.829005
_11500_,VDD,Metal1,703.9600,165.9160,4.831123
_11499_,VDD,Metal1,700.1200,166.7235,4.831128
_11498_,VDD,Metal1,696.9100,175.8780,4.831854
_11497_,VDD,Metal1,706.3330,167.0750,4.831123
_11496_,VDD,Metal1,717.7965,165.6730,4.831103
_11495_,VDD,Metal1,747.6800,156.8865,4.830549
_11494_,VDD,Metal1,720.9020,155.4625,4.830557
_11493_,VDD,Metal1,760.9165,156.8865,4.830548
_11492_,VDD,Metal1,748.0850,155.7550,4.830549
_11491_,VDD,Metal1,765.7900,156.7615,4.830548
_11490_,VDD,Metal1,681.9130,115.2730,4.828665
_11489_,VDD,Metal1,681.2300,106.3615,4.828313
_11488_,VDD,Metal1,671.0000,126.4035,4.829016
_11487_,VDD,Metal1,670.1965,156.8865,4.830590
_11486_,VDD,Metal1,660.8800,156.8865,4.830607
_11485_,VDD,Metal1,648.5600,155.5930,4.830610
_11484_,VDD,Metal1,637.5500,155.7180,4.830617
_11483_,VDD,Metal1,643.8765,165.6730,4.831256
_11482_,VDD,Metal1,636.6450,156.7250,4.830617
_11481_,VDD,Metal1,648.1020,157.0175,4.830610
_11480_,VDD,Metal1,661.1025,176.8035,4.831898
_11479_,VDD,Metal1,672.7330,175.6450,4.831877
_11478_,VDD,Metal1,675.8450,106.3250,4.828335
_11477_,VDD,Metal1,676.7500,54.9180,4.826813
_11476_,VDD,Metal1,671.1500,35.8015,4.826561
_11475_,VDD,Metal1,676.1865,135.4330,4.829356
_11474_,VDD,Metal1,672.0400,276.7960,4.840075
_11473_,VDD,Metal1,658.6800,276.7960,4.840083
_11472_,VDD,Metal1,679.3600,276.5530,4.840066
_11471_,VDD,Metal1,677.3675,277.6250,4.840066
_11470_,VDD,Metal1,660.1165,298.0065,4.842143
_11469_,VDD,Metal1,660.8800,308.0865,4.843289
_11468_,VDD,Metal1,643.6220,298.1375,4.842159
_11467_,VDD,Metal1,655.0765,308.0865,4.843293
_11466_,VDD,Metal1,657.9250,306.9550,4.843292
_11465_,VDD,Metal1,645.3900,316.9980,4.844363
_11464_,VDD,Metal1,612.3500,44.8380,4.826627
_11463_,VDD,Metal1,608.4300,44.8380,4.826631
_11462_,VDD,Metal1,617.9465,126.6465,4.829108
_11461_,VDD,Metal1,616.1200,217.1235,4.834706
_11460_,VDD,Metal1,607.6800,236.2330,4.836167
_11459_,VDD,Metal1,580.8000,246.3130,4.837072
_11458_,VDD,Metal1,573.1500,256.5180,4.837964
_11457_,VDD,Metal1,580.5965,247.6065,4.837072
_11456_,VDD,Metal1,587.3650,237.3650,4.836129
_11455_,VDD,Metal1,611.7020,247.7375,4.837124
_11454_,VDD,Metal1,610.4800,205.9930,4.833922
_11453_,VDD,Metal1,637.2630,207.1950,4.833947
_11452_,VDD,Metal1,612.3500,226.2780,4.835332
_11451_,VDD,Metal1,631.9500,197.0815,4.833215
_11450_,VDD,Metal1,578.1900,44.8380,4.826653
_11449_,VDD,Metal1,592.1900,35.8015,4.826661
_11448_,VDD,Metal1,578.7465,126.6465,4.829103
_11447_,VDD,Metal1,569.0000,186.8835,4.832401
_11446_,VDD,Metal1,568.5200,186.0760,4.832401
_11445_,VDD,Metal1,567.9200,197.2065,4.833196
_11444_,VDD,Metal1,561.4475,186.0550,4.832403
_11443_,VDD,Metal1,571.0765,166.9665,4.831220
_11442_,VDD,Metal1,589.7600,156.8865,4.830482
_11441_,VDD,Metal1,561.3020,165.5425,4.831219
_11440_,VDD,Metal1,599.0765,166.9665,4.831239
_11439_,VDD,Metal1,584.0050,156.7250,4.830482
_11438_,VDD,Metal1,583.7900,166.8415,4.831228
_11437_,VDD,Metal1,511.5500,25.7215,4.826659
_11436_,VDD,Metal1,519.3900,45.8815,4.826835
_11435_,VDD,Metal1,505.3865,136.7265,4.829428
_11434_,VDD,Metal1,505.4825,407.8360,4.856523
_11433_,VDD,Metal1,510.7600,398.5635,4.854861
_11432_,VDD,Metal1,514.8130,417.5650,4.857920
_11431_,VDD,Metal1,492.1165,418.9665,4.857891
_11430_,VDD,Metal1,494.1020,439.2575,4.861028
_11429_,VDD,Metal1,481.1200,408.8865,4.856504
_11428_,VDD,Metal1,474.1965,408.8865,4.856481
_11427_,VDD,Metal1,485.4450,427.9150,4.859366
_11426_,VDD,Metal1,471.2300,437.9580,4.861002
_11425_,VDD,Metal1,494.7500,145.6380,4.830174
_11424_,VDD,Metal1,113.9500,146.6815,4.830099
_11423_,VDD,Metal1,275.9130,74.9530,4.827585
_11422_,VDD,Metal1,276.6800,155.8360,4.830632
_11421_,VDD,Metal1,270.9650,85.1950,4.827676
_11420_,VDD,Metal1,386.7025,206.2360,4.833869
_11419_,VDD,Metal1,384.8400,226.3960,4.835290
_11418_,VDD,Metal1,383.1200,216.0730,4.834617
_11417_,VDD,Metal1,374.4075,217.1450,4.834618
_11416_,VDD,Metal1,396.3565,246.3130,4.836922
_11415_,VDD,Metal1,399.4620,266.3425,4.838814
_11414_,VDD,Metal1,402.7200,247.6065,4.836924
_11413_,VDD,Metal1,395.7965,247.6065,4.836922
_11412_,VDD,Metal1,391.9250,237.3650,4.836134
_11411_,VDD,Metal1,403.4700,246.4380,4.836924
_11410_,VDD,Metal1,279.1500,55.9615,4.827015
_11409_,VDD,Metal1,257.4330,74.9530,4.827570
_11408_,VDD,Metal1,255.9600,106.2435,4.828545
_11407_,VDD,Metal1,258.6450,85.1950,4.827676
_11406_,VDD,Metal1,453.9025,206.2360,4.833900
_11405_,VDD,Metal1,454.8400,196.9635,4.833235
_11404_,VDD,Metal1,461.7100,206.1180,4.833906
_11403_,VDD,Metal1,467.7730,205.8850,4.833908
_11402_,VDD,Metal1,496.5965,207.2865,4.833981
_11401_,VDD,Metal1,502.4000,217.3665,4.834724
_11400_,VDD,Metal1,506.9820,205.8625,4.833979
_11399_,VDD,Metal1,508.3565,236.2330,4.836111
_11398_,VDD,Metal1,497.2050,227.2850,4.835378
_11397_,VDD,Metal1,509.8700,237.4015,4.836111
_11396_,VDD,Metal1,259.5500,64.9980,4.827438
_11395_,VDD,Metal1,55.8330,85.0330,4.827901
_11394_,VDD,Metal1,60.5200,96.1635,4.828176
_11393_,VDD,Metal1,57.0450,86.1650,4.827901
_11392_,VDD,Metal1,389.8800,156.6435,4.830674
_11391_,VDD,Metal1,393.7200,176.8035,4.831914
_11390_,VDD,Metal1,388.2530,185.7250,4.832210
_11389_,VDD,Metal1,402.5165,146.8065,4.830100
_11388_,VDD,Metal1,429.6000,156.8865,4.830699
_11387_,VDD,Metal1,401.7020,155.4625,4.830675
_11386_,VDD,Metal1,423.7965,156.8865,4.830692
_11385_,VDD,Metal1,435.0450,156.7250,4.830701
_11384_,VDD,Metal1,443.2300,165.7980,4.831175
_11383_,VDD,Metal1,61.3100,85.1580,4.827890
_11382_,VDD,Metal1,89.4330,86.3265,4.827869
_11381_,VDD,Metal1,80.1200,145.7560,4.830104
_11380_,VDD,Metal1,88.4050,95.2750,4.828091
_11379_,VDD,Metal1,252.8625,165.9160,4.831179
_11378_,VDD,Metal1,259.4000,175.9960,4.831745
_11377_,VDD,Metal1,259.3600,166.9665,4.831175
_11376_,VDD,Metal1,265.7675,175.9750,4.831767
_11375_,VDD,Metal1,239.5565,155.5930,4.830583
_11374_,VDD,Metal1,222.5020,146.9375,4.830123
_11373_,VDD,Metal1,233.6000,165.6730,4.831197
_11372_,VDD,Metal1,238.9965,156.8865,4.830583
_11371_,VDD,Metal1,233.4450,156.7250,4.830581
_11370_,VDD,Metal1,229.8700,156.7615,4.830578
_11369_,VDD,Metal1,88.1900,76.1215,4.827644
_11368_,VDD,Metal1,80.4730,76.2465,4.827644
_11367_,VDD,Metal1,83.1500,66.0415,4.827326
_11366_,VDD,Metal1,79.5600,176.8035,4.831675
_11365_,VDD,Metal1,324.6330,177.0465,4.831869
_11364_,VDD,Metal1,325.7225,175.9960,4.831869
_11363_,VDD,Metal1,334.6825,166.7235,4.831180
_11362_,VDD,Metal1,317.4450,156.7250,4.830692
_11361_,VDD,Metal1,336.4850,175.9150,4.831929
_11360_,VDD,Metal1,330.0220,165.5425,4.831180
_11359_,VDD,Metal1,343.9200,187.1265,4.832175
_11358_,VDD,Metal1,349.9830,187.0350,4.832178
_11357_,VDD,Metal1,349.1500,176.9215,4.831922
_11356_,VDD,Metal1,365.3900,197.0815,4.833194
_11355_,VDD,Metal1,69.9250,85.1950,4.827870
_11354_,VDD,Metal1,56.9530,74.9530,4.827711
_11353_,VDD,Metal1,61.0800,145.7560,4.830109
_11352_,VDD,Metal1,50.8850,75.1150,4.827711
_11351_,VDD,Metal1,248.3825,207.0435,4.833598
_11350_,VDD,Metal1,254.9200,217.1235,4.834458
_11349_,VDD,Metal1,255.4400,216.0730,4.834458
_11348_,VDD,Metal1,260.1675,217.1450,4.834464
_11347_,VDD,Metal1,235.0765,216.0730,4.834444
_11346_,VDD,Metal1,234.7200,227.4465,4.835071
_11345_,VDD,Metal1,223.0620,207.4175,4.833598
_11344_,VDD,Metal1,245.7165,237.5265,4.835982
_11343_,VDD,Metal1,234.0050,247.4450,4.836795
_11342_,VDD,Metal1,228.7500,247.4815,4.836795
_11341_,VDD,Metal1,59.6300,66.0415,4.827331
_11340_,VDD,Metal1,53.0330,66.1665,4.827331
_11339_,VDD,Metal1,56.0400,126.4035,4.829078
_11338_,VDD,Metal1,46.4050,75.1150,4.827722
_11337_,VDD,Metal1,249.5025,307.8435,4.842622
_11336_,VDD,Metal1,256.6000,307.8435,4.842636
_11335_,VDD,Metal1,257.1200,316.8730,4.843522
_11334_,VDD,Metal1,265.7675,307.0150,4.842701
_11333_,VDD,Metal1,232.8365,326.9530,4.845019
_11332_,VDD,Metal1,219.7020,318.2975,4.843533
_11331_,VDD,Metal1,239.7600,337.0330,4.846189
_11330_,VDD,Metal1,246.2765,337.0330,4.846200
_11329_,VDD,Metal1,228.4050,337.1950,4.846136
_11328_,VDD,Metal1,230.4300,357.3180,4.848746
_11327_,VDD,Metal1,44.5100,64.9980,4.827341
_11326_,VDD,Metal1,153.1500,266.5980,4.838397
_11325_,VDD,Metal1,122.3500,266.5980,4.838305
_11324_,VDD,Metal1,133.5910,256.4105,4.837643
_11323_,VDD,Metal1,127.3865,266.4730,4.838319
_11322_,VDD,Metal1,839.7100,669.7980,4.921363
_11321_,VDD,Metal1,845.3100,669.7980,4.921363
_11320_,VDD,Metal1,834.1065,660.8865,4.916715
_11319_,VDD,Metal1,833.4000,478.3960,4.869161
_11318_,VDD,Metal1,841.2000,479.4465,4.869154
_11317_,VDD,Metal1,845.6800,478.1530,4.869153
_11316_,VDD,Metal1,833.5500,488.3580,4.871080
_11315_,VDD,Metal1,847.1565,469.3665,4.867225
_11314_,VDD,Metal1,841.0450,488.3950,4.871084
_11313_,VDD,Metal1,854.1820,479.5775,4.869153
_11312_,VDD,Metal1,823.2800,459.2865,4.865455
_11311_,VDD,Metal1,831.5830,458.0850,4.865458
_11310_,VDD,Metal1,818.4300,459.1615,4.865455
_11309_,VDD,Metal1,821.2300,468.1980,4.867238
_11308_,VDD,Metal1,852.5900,649.6380,4.912400
_11307_,VDD,Metal1,847.5500,659.7180,4.916984
_11306_,VDD,Metal1,834.6665,639.4330,4.909391
_11305_,VDD,Metal1,826.0900,378.2860,4.851880
_11304_,VDD,Metal1,823.2400,368.3235,4.850889
_11303_,VDD,Metal1,816.0930,367.1650,4.850906
_11302_,VDD,Metal1,846.5965,368.5665,4.850829
_11301_,VDD,Metal1,853.5200,377.3530,4.851858
_11300_,VDD,Metal1,860.9020,357.0625,4.849272
_11299_,VDD,Metal1,845.4765,377.3530,4.851858
_11298_,VDD,Metal1,852.2450,368.4050,4.850815
_11297_,VDD,Metal1,857.0700,397.6380,4.855138
_11296_,VDD,Metal1,832.9900,680.9215,4.924825
_11295_,VDD,Metal1,835.7900,679.8780,4.924868
_11294_,VDD,Metal1,823.4665,640.7265,4.909177
_11293_,VDD,Metal1,808.7600,469.1235,4.867252
_11292_,VDD,Metal1,805.3600,478.1530,4.869168
_11291_,VDD,Metal1,798.6400,478.1530,4.869172
_11290_,VDD,Metal1,788.7500,479.3215,4.869179
_11289_,VDD,Metal1,786.6765,478.1530,4.869178
_11288_,VDD,Metal1,796.8050,469.2050,4.867258
_11287_,VDD,Metal1,809.9420,479.5775,4.869168
_11286_,VDD,Metal1,776.2400,439.1265,4.861728
_11285_,VDD,Metal1,775.1200,447.9130,4.863402
_11284_,VDD,Metal1,771.3900,439.0015,4.861720
_11283_,VDD,Metal1,885.0700,669.7980,4.921617
_11282_,VDD,Metal1,892.3500,669.7980,4.921964
_11281_,VDD,Metal1,841.9465,649.5130,4.912316
_11280_,VDD,Metal1,835.3530,428.0365,4.860053
_11279_,VDD,Metal1,831.1600,417.9160,4.858489
_11278_,VDD,Metal1,821.2300,418.8415,4.858496
_11277_,VDD,Metal1,835.1330,419.0750,4.858486
_11276_,VDD,Metal1,856.1165,429.0465,4.860025
_11275_,VDD,Metal1,865.3820,427.6225,4.860025
_11274_,VDD,Metal1,854.0800,457.9930,4.865462
_11273_,VDD,Metal1,852.1965,459.2865,4.865462
_11272_,VDD,Metal1,857.2850,449.0450,4.863420
_11271_,VDD,Metal1,862.1100,449.0815,4.863421
_11270_,VDD,Metal1,818.4300,680.9215,4.924818
_11269_,VDD,Metal1,825.1500,680.9215,4.924818
_11268_,VDD,Metal1,805.5465,659.5930,4.916310
_11267_,VDD,Metal1,691.7200,469.1235,4.867063
_11266_,VDD,Metal1,683.8400,468.0730,4.867052
_11265_,VDD,Metal1,666.4800,468.0730,4.867005
_11264_,VDD,Metal1,658.2700,459.1615,4.865213
_11263_,VDD,Metal1,662.9165,459.2865,4.865213
_11262_,VDD,Metal1,670.2450,469.2050,4.867009
_11261_,VDD,Metal1,681.7020,478.0225,4.868952
_11260_,VDD,Metal1,684.9600,449.2065,4.863213
_11259_,VDD,Metal1,693.9200,439.1265,4.861574
_11258_,VDD,Metal1,699.7100,439.0015,4.861576
_11257_,VDD,Metal1,818.4300,670.8415,4.921147
_11256_,VDD,Metal1,824.5900,670.8415,4.921350
_11255_,VDD,Metal1,810.5865,630.6465,4.905942
_11254_,VDD,Metal1,745.9600,459.0435,4.865391
_11253_,VDD,Metal1,748.2800,448.9635,4.863364
_11252_,VDD,Metal1,745.4400,457.9930,4.865391
_11251_,VDD,Metal1,747.3100,439.0015,4.861672
_11250_,VDD,Metal1,738.5165,468.0730,4.867123
_11249_,VDD,Metal1,737.6000,469.3665,4.867123
_11248_,VDD,Metal1,722.0220,479.5775,4.869001
_11247_,VDD,Metal1,731.7965,469.3665,4.867110
_11246_,VDD,Metal1,743.0450,469.2050,4.867134
_11245_,VDD,Metal1,750.6700,478.2780,4.869059
_11244_,VDD,Metal1,836.3500,549.8815,4.883987
_11243_,VDD,Metal1,847.5500,558.9180,4.886161
_11242_,VDD,Metal1,825.1465,550.0065,4.883986
_11241_,VDD,Metal1,758.2800,397.7560,4.855097
_11240_,VDD,Metal1,757.8000,407.8360,4.856901
_11239_,VDD,Metal1,763.4530,469.4750,4.867204
_11238_,VDD,Metal1,738.7200,367.2730,4.850895
_11237_,VDD,Metal1,736.9430,348.3150,4.848255
_11236_,VDD,Metal1,732.1900,368.4415,4.850891
_11235_,VDD,Metal1,741.7100,348.2815,4.848258
_11234_,VDD,Metal1,737.1330,357.0850,4.849368
_11233_,VDD,Metal1,766.8130,478.0450,4.869111
_11232_,VDD,Metal1,755.8765,398.8065,4.855097
_11231_,VDD,Metal1,760.4630,387.5250,4.853881
_11230_,VDD,Metal1,770.8300,378.5215,4.852126
_11229_,VDD,Metal1,749.5500,378.5215,4.852128
_11228_,VDD,Metal1,946.1100,427.8780,4.860022
_11227_,VDD,Metal1,945.5500,428.9215,4.860022
_11226_,VDD,Metal1,814.5065,347.1130,4.848249
_11225_,VDD,Metal1,801.9600,337.2760,4.846819
_11224_,VDD,Metal1,795.3200,328.0035,4.845740
_11223_,VDD,Metal1,788.7500,338.2015,4.846827
_11222_,VDD,Metal1,786.4130,328.3550,4.845740
_11221_,VDD,Metal1,796.1965,308.0865,4.843228
_11220_,VDD,Metal1,799.8620,296.5825,4.842157
_11219_,VDD,Metal1,767.2800,298.0065,4.842125
_11218_,VDD,Metal1,761.4765,298.0065,4.842122
_11217_,VDD,Metal1,756.4850,296.8750,4.842118
_11216_,VDD,Metal1,780.9100,287.8015,4.840986
_11215_,VDD,Metal1,946.1100,407.7180,4.856750
_11214_,VDD,Metal1,958.4300,398.6815,4.855204
_11213_,VDD,Metal1,834.1065,338.3265,4.846777
_11212_,VDD,Metal1,834.5200,257.4435,4.838027
_11211_,VDD,Metal1,844.5600,256.3930,4.837996
_11210_,VDD,Metal1,850.7200,247.6065,4.837009
_11209_,VDD,Metal1,858.1900,257.5615,4.837978
_11208_,VDD,Metal1,848.8365,237.5265,4.836077
_11207_,VDD,Metal1,846.6450,246.4750,4.837017
_11206_,VDD,Metal1,859.2220,256.2625,4.837978
_11205_,VDD,Metal1,823.2800,256.3930,4.838041
_11204_,VDD,Metal1,824.3030,266.5650,4.838940
_11203_,VDD,Metal1,820.1100,257.5615,4.838042
_11202_,VDD,Metal1,816.1900,257.5615,4.838047
_11201_,VDD,Metal1,802.6700,348.3710,4.848270
_11200_,VDD,Metal1,186.1900,347.2380,4.847542
_11199_,VDD,Metal1,520.6330,257.6865,4.837964
_11198_,VDD,Metal1,449.7200,267.5235,4.838846
_11197_,VDD,Metal1,512.3250,267.6050,4.838910
_11196_,VDD,Metal1,447.7425,358.2435,4.849060
_11195_,VDD,Metal1,443.0800,358.2435,4.849030
_11194_,VDD,Metal1,444.1600,367.2730,4.850589
_11193_,VDD,Metal1,443.8475,368.3450,4.850589
_11192_,VDD,Metal1,490.9965,367.2730,4.850652
_11191_,VDD,Metal1,489.5200,358.4865,4.849336
_11190_,VDD,Metal1,506.4220,368.6975,4.850680
_11189_,VDD,Metal1,490.9965,348.4065,4.847996
_11188_,VDD,Metal1,480.4050,357.3550,4.849305
_11187_,VDD,Metal1,499.7900,367.3980,4.850680
_11186_,VDD,Metal1,533.3900,267.6415,4.838900
_11185_,VDD,Metal1,469.1130,277.8465,4.839851
_11184_,VDD,Metal1,475.1500,277.7215,4.839854
_11183_,VDD,Metal1,445.2400,287.6835,4.840912
_11182_,VDD,Metal1,465.8450,276.7150,4.839841
_11181_,VDD,Metal1,422.3600,307.8435,4.843043
_11180_,VDD,Metal1,422.9200,317.1160,4.843980
_11179_,VDD,Metal1,409.0700,316.9980,4.843967
_11178_,VDD,Metal1,419.6130,318.2750,4.843979
_11177_,VDD,Metal1,450.2230,297.9150,4.842025
_11176_,VDD,Metal1,450.8800,296.7130,4.842025
_11175_,VDD,Metal1,442.9430,296.8050,4.841955
_11174_,VDD,Metal1,440.9900,297.8815,4.841955
_11173_,VDD,Metal1,438.7500,296.8380,4.841878
_11172_,VDD,Metal1,453.6800,316.8730,4.844086
_11171_,VDD,Metal1,461.9830,316.9650,4.844124
_11170_,VDD,Metal1,466.1900,318.0415,4.844129
_11169_,VDD,Metal1,472.3500,316.9980,4.844229
_11168_,VDD,Metal1,452.0930,318.2750,4.844086
_11167_,VDD,Metal1,403.0330,368.5665,4.850446
_11166_,VDD,Metal1,401.2300,377.4780,4.851750
_11165_,VDD,Metal1,391.3650,358.3250,4.848783
_11164_,VDD,Metal1,402.6800,378.4035,4.851751
_11163_,VDD,Metal1,395.8450,388.5650,4.853102
_11162_,VDD,Metal1,405.4800,397.7560,4.854721
_11161_,VDD,Metal1,420.1730,408.9950,4.856351
_11160_,VDD,Metal1,399.2630,468.1650,4.865881
_11159_,VDD,Metal1,402.7200,459.2865,4.863999
_11158_,VDD,Metal1,392.5430,469.2750,4.865862
_11157_,VDD,Metal1,384.4300,469.2415,4.865855
_11156_,VDD,Metal1,388.3500,469.2415,4.865856
_11155_,VDD,Metal1,406.6400,468.0730,4.865903
_11154_,VDD,Metal1,417.9330,459.3950,4.864063
_11153_,VDD,Metal1,407.7600,478.1530,4.867572
_11152_,VDD,Metal1,407.9500,469.2415,4.865903
_11151_,VDD,Metal1,52.4730,256.3930,4.837662
_11150_,VDD,Metal1,50.4400,257.4435,4.837662
_11149_,VDD,Metal1,40.2450,266.6350,4.838350
_11148_,VDD,Metal1,247.2625,367.5160,4.850139
_11147_,VDD,Metal1,252.1200,378.4035,4.851576
_11146_,VDD,Metal1,239.9500,377.4780,4.851528
_11145_,VDD,Metal1,256.0930,368.6750,4.850163
_11144_,VDD,Metal1,238.9965,378.6465,4.851528
_11143_,VDD,Metal1,219.7020,368.6975,4.850036
_11142_,VDD,Metal1,230.8000,397.5130,4.854420
_11141_,VDD,Metal1,219.3965,397.5130,4.854368
_11140_,VDD,Metal1,230.6450,398.6450,4.854420
_11139_,VDD,Metal1,228.1900,408.7615,4.856042
_11138_,VDD,Metal1,68.5900,266.5980,4.838248
_11137_,VDD,Metal1,42.9530,286.6330,4.840562
_11136_,VDD,Metal1,49.8800,277.6035,4.839563
_11135_,VDD,Metal1,41.9250,277.6850,4.839569
_11134_,VDD,Metal1,251.1825,276.7960,4.839539
_11133_,VDD,Metal1,261.0800,267.5235,4.838484
_11132_,VDD,Metal1,257.6800,276.5530,4.839540
_11131_,VDD,Metal1,265.7100,276.6780,4.839540
_11130_,VDD,Metal1,238.9965,277.8465,4.839537
_11129_,VDD,Metal1,245.9200,287.9265,4.840699
_11128_,VDD,Metal1,221.9420,267.8975,4.838452
_11127_,VDD,Metal1,243.4765,296.7130,4.841602
_11126_,VDD,Metal1,239.0450,297.8450,4.841598
_11125_,VDD,Metal1,239.9500,287.8015,4.840699
_11124_,VDD,Metal1,56.2700,277.7215,4.839563
_11123_,VDD,Metal1,354.7500,347.2380,4.847661
_11122_,VDD,Metal1,343.9200,357.1930,4.848785
_11121_,VDD,Metal1,368.7500,358.3615,4.848783
_11120_,VDD,Metal1,344.7930,358.4865,4.848785
_11119_,VDD,Metal1,188.8400,387.6760,4.852948
_11118_,VDD,Metal1,353.9600,367.5160,4.850414
_11117_,VDD,Metal1,355.2130,377.2450,4.851693
_11116_,VDD,Metal1,340.2825,459.0435,4.863874
_11115_,VDD,Metal1,352.2800,468.3160,4.865781
_11114_,VDD,Metal1,318.2000,459.0435,4.863829
_11113_,VDD,Metal1,323.4225,468.3160,4.865607
_11112_,VDD,Metal1,320.4400,458.2360,4.863830
_11111_,VDD,Metal1,316.1100,478.2780,4.867354
_11110_,VDD,Metal1,355.2130,457.8850,4.863897
_11109_,VDD,Metal1,337.9500,468.1980,4.865676
_11108_,VDD,Metal1,46.3130,266.4730,4.838315
_11107_,VDD,Metal1,56.2700,237.4015,4.835865
_11106_,VDD,Metal1,51.0000,247.3635,4.836764
_11105_,VDD,Metal1,328.5965,308.0865,4.842779
_11104_,VDD,Metal1,363.3165,298.0065,4.841819
_11103_,VDD,Metal1,375.2800,306.7930,4.842973
_11102_,VDD,Metal1,378.4365,298.0065,4.841827
_11101_,VDD,Metal1,370.4300,306.9180,4.842870
_11100_,VDD,Metal1,351.9825,296.9560,4.841743
_11099_,VDD,Metal1,350.9965,267.7665,4.838808
_11098_,VDD,Metal1,357.4000,287.6835,4.840820
_11097_,VDD,Metal1,357.5500,297.8815,4.841819
_11096_,VDD,Metal1,353.0700,297.8815,4.841743
_11095_,VDD,Metal1,237.6130,419.0750,4.857432
_11094_,VDD,Metal1,314.0365,457.9930,4.863827
_11093_,VDD,Metal1,366.7250,307.9250,4.842862
_11092_,VDD,Metal1,332.7200,337.0330,4.846444
_11091_,VDD,Metal1,246.1425,397.8735,4.854471
_11090_,VDD,Metal1,306.6225,458.9260,4.863808
_11089_,VDD,Metal1,283.6300,448.0380,4.862263
_11088_,VDD,Metal1,246.2665,418.9665,4.857435
_11087_,VDD,Metal1,346.6230,328.1550,4.845311
_11086_,VDD,Metal1,339.6300,338.2015,4.846445
_11085_,VDD,Metal1,262.9100,338.2015,4.846238
_11084_,VDD,Metal1,685.8665,185.8330,4.832330
_11083_,VDD,Metal1,384.6865,397.5275,4.854702
_11082_,VDD,Metal1,254.6375,377.3100,4.851576
_11081_,VDD,Metal1,350.2700,337.1580,4.846445
_11080_,VDD,Metal1,223.9865,439.2465,4.860486
_11079_,VDD,Metal1,227.1025,448.8460,4.861965
_11078_,VDD,Metal1,215.3100,458.1180,4.863720
_11077_,VDD,Metal1,43.6050,246.4750,4.836782
_11076_,VDD,Metal1,167.1500,267.6415,4.838400
_11075_,VDD,Metal1,143.6300,297.8815,4.841548
_11074_,VDD,Metal1,142.2265,307.8215,4.842539
_11073_,VDD,Metal1,136.3465,306.7930,4.842530
_11072_,VDD,Metal1,188.3330,246.2050,4.836800
_11071_,VDD,Metal1,182.6800,227.2035,4.835028
_11070_,VDD,Metal1,185.8450,256.5550,4.837717
_11069_,VDD,Metal1,161.4000,247.3635,4.836773
_11068_,VDD,Metal1,149.2300,266.5980,4.838397
_11067_,VDD,Metal1,31.5330,931.6450,4.910870
_11066_,VDD,Metal1,31.5330,971.9650,4.911975
_11065_,VDD,Metal1,251.6130,1092.9250,4.917607
_11064_,VDD,Metal1,221.3730,1074.2750,4.916411
_11063_,VDD,Metal1,31.5330,1072.7650,4.914088
_11062_,VDD,Metal1,32.6530,1023.8750,4.912825
_11061_,VDD,Metal1,135.6930,1074.2750,4.914928
_11060_,VDD,Metal1,187.7730,1074.2750,4.915689
_11059_,VDD,Metal1,273.4530,1092.9250,4.918675
_11058_,VDD,Metal1,31.5330,871.1650,4.909007
_11057_,VDD,Metal1,35.4530,912.9950,4.910255
_11056_,VDD,Metal1,36.0130,861.0850,4.908720
_11055_,VDD,Metal1,31.5330,770.3650,4.905359
_11054_,VDD,Metal1,36.0130,781.9550,4.906154
_11053_,VDD,Metal1,29.2930,822.2750,4.907687
_11052_,VDD,Metal1,36.0130,892.8350,4.909600
_11051_,VDD,Metal1,11.9330,992.1250,4.912312
_11050_,VDD,Metal1,11.9330,983.5550,4.912107
_11049_,VDD,Metal1,107.1330,1074.2750,4.914624
_11048_,VDD,Metal1,14.7330,1013.7950,4.912706
_11047_,VDD,Metal1,13.6130,1062.6850,4.913627
_11046_,VDD,Metal1,31.5330,1002.2050,4.912456
_11045_,VDD,Metal1,70.7330,1092.9250,4.915585
_11044_,VDD,Metal1,111.6130,1082.8450,4.915910
_11043_,VDD,Metal1,109.9330,1092.9250,4.915866
_11042_,VDD,Metal1,31.5330,780.4450,4.906154
_11041_,VDD,Metal1,36.0130,761.7950,4.904971
_11040_,VDD,Metal1,31.5330,730.0450,4.903289
_11039_,VDD,Metal1,31.5330,679.6450,4.901198
_11038_,VDD,Metal1,22.5730,721.4750,4.902809
_11037_,VDD,Metal1,21.4530,701.3150,4.903117
_11036_,VDD,Metal1,22.0130,689.7250,4.902598
_11035_,VDD,Metal1,30.9730,982.0450,4.912107
_11034_,VDD,Metal1,34.8930,993.6350,4.912312
_11033_,VDD,Metal1,249.9330,1074.2750,4.916942
_11032_,VDD,Metal1,211.8530,1074.2750,4.916250
_11031_,VDD,Metal1,22.0130,1082.8450,4.915626
_11030_,VDD,Metal1,21.4530,1042.5250,4.913284
_11029_,VDD,Metal1,137.3730,1092.9250,4.915915
_11028_,VDD,Metal1,188.3330,1092.9250,4.916693
_11027_,VDD,Metal1,268.9730,1074.2750,4.917508
_11026_,VDD,Metal1,31.5330,891.3250,4.909600
_11025_,VDD,Metal1,34.8930,923.0750,4.910541
_11024_,VDD,Metal1,35.4530,862.5950,4.908720
_11023_,VDD,Metal1,36.0130,790.5250,4.906781
_11022_,VDD,Metal1,35.4530,792.0350,4.906781
_11021_,VDD,Metal1,30.9730,840.9250,4.908023
_11020_,VDD,Metal1,31.5330,911.4850,4.910255
_11019_,VDD,Metal1,533.9500,679.8780,4.913117
_11018_,VDD,Metal1,529.2800,681.0465,4.912959
_11017_,VDD,Metal1,664.6450,679.9150,4.918529
_11016_,VDD,Metal1,528.3500,679.8780,4.912958
_11015_,VDD,Metal1,484.8850,669.8350,4.907569
_11014_,VDD,Metal1,494.6000,660.6435,4.907104
_11013_,VDD,Metal1,489.0000,660.6435,4.906910
_11012_,VDD,Metal1,474.7565,649.5130,4.903539
_11011_,VDD,Metal1,480.1900,649.6380,4.903801
_11010_,VDD,Metal1,625.9565,659.5930,4.910377
_11009_,VDD,Metal1,664.4300,669.7980,4.915030
_11008_,VDD,Metal1,640.3500,659.7180,4.910864
_11007_,VDD,Metal1,745.5400,659.7550,4.914234
_11006_,VDD,Metal1,736.2465,659.8580,4.913931
_11005_,VDD,Metal1,730.8400,660.6435,4.913707
_11004_,VDD,Metal1,727.1465,659.5930,4.913627
_11003_,VDD,Metal1,725.8800,660.6435,4.913627
_11002_,VDD,Metal1,741.3650,659.7550,4.913990
_11001_,VDD,Metal1,726.3600,669.9160,4.919494
_11000_,VDD,Metal1,737.9565,660.8865,4.913935
_10999_,VDD,Metal1,732.3565,670.9665,4.919636
_10998_,VDD,Metal1,720.7030,669.7650,4.919364
_10997_,VDD,Metal1,621.3100,659.7180,4.910377
_10996_,VDD,Metal1,660.9730,649.4050,4.908240
_10995_,VDD,Metal1,671.7530,649.3750,4.908246
_10994_,VDD,Metal1,736.3250,650.6450,4.911063
_10993_,VDD,Metal1,741.1500,650.6815,4.911259
_10992_,VDD,Metal1,665.1565,640.7265,4.905355
_10991_,VDD,Metal1,590.4130,650.9150,4.907725
_10990_,VDD,Metal1,671.1930,659.4550,4.911508
_10989_,VDD,Metal1,675.8450,650.6450,4.908269
_10988_,VDD,Metal1,670.0300,640.6015,4.905446
_10987_,VDD,Metal1,680.0200,659.7550,4.912274
_10986_,VDD,Metal1,698.7565,649.5130,4.909506
_10985_,VDD,Metal1,694.0130,650.9150,4.909454
_10984_,VDD,Metal1,701.8350,650.6825,4.909558
_10983_,VDD,Metal1,696.9100,659.7180,4.913166
_10982_,VDD,Metal1,702.4600,659.4935,4.913287
_10981_,VDD,Metal1,709.1400,659.7550,4.913300
_10980_,VDD,Metal1,742.4265,640.6180,4.907414
_10979_,VDD,Metal1,705.4765,669.6730,4.919162
_10978_,VDD,Metal1,639.1330,681.1550,4.918351
_10977_,VDD,Metal1,702.9550,679.8775,4.920938
_10976_,VDD,Metal1,706.3800,671.0660,4.919162
_10975_,VDD,Metal1,708.1100,680.9215,4.921205
_10974_,VDD,Metal1,734.6450,669.8350,4.919636
_10973_,VDD,Metal1,724.3500,650.6815,4.910901
_10972_,VDD,Metal1,722.8850,679.9150,4.921449
_10971_,VDD,Metal1,714.9530,689.8330,4.923737
_10970_,VDD,Metal1,709.2300,689.9580,4.922984
_10969_,VDD,Metal1,725.6850,700.0750,4.928112
_10968_,VDD,Metal1,725.1865,690.8615,4.924151
_10967_,VDD,Metal1,736.5550,689.9575,4.924652
_10966_,VDD,Metal1,725.6065,680.7815,4.921565
_10965_,VDD,Metal1,769.1500,679.8780,4.923834
_10964_,VDD,Metal1,620.0930,699.8050,4.924186
_10963_,VDD,Metal1,638.6200,691.2260,4.922347
_10962_,VDD,Metal1,743.7600,689.8330,4.924882
_10961_,VDD,Metal1,739.0765,691.1265,4.924760
_10960_,VDD,Metal1,630.9965,670.9665,4.914871
_10959_,VDD,Metal1,626.3500,670.8415,4.914871
_10958_,VDD,Metal1,737.1800,679.6535,4.921889
_10957_,VDD,Metal1,753.9900,679.9150,4.923099
_10956_,VDD,Metal1,760.4050,670.8050,4.919998
_10955_,VDD,Metal1,756.4850,690.9650,4.925924
_10954_,VDD,Metal1,590.4130,660.9950,4.910139
_10953_,VDD,Metal1,724.7950,649.6375,4.910901
_10952_,VDD,Metal1,721.1565,659.5930,4.913515
_10951_,VDD,Metal1,604.9730,659.4850,4.910154
_10950_,VDD,Metal1,718.0750,650.6825,4.910613
_10949_,VDD,Metal1,729.9000,650.9060,4.910999
_10948_,VDD,Metal1,734.9900,649.6380,4.911058
_10947_,VDD,Metal1,716.3600,659.8360,4.913510
_10946_,VDD,Metal1,657.3165,659.5930,4.911239
_10945_,VDD,Metal1,656.5900,669.7980,4.914949
_10944_,VDD,Metal1,707.5000,660.9860,4.913299
_10943_,VDD,Metal1,710.5650,669.8350,4.919179
_10942_,VDD,Metal1,716.9200,670.7235,4.919302
_10941_,VDD,Metal1,714.7400,669.8350,4.919302
_10940_,VDD,Metal1,718.3565,681.0465,4.921278
_10939_,VDD,Metal1,717.0200,660.9860,4.913510
_10938_,VDD,Metal1,610.0130,679.6450,4.917664
_10937_,VDD,Metal1,713.7530,679.6150,4.921277
_10936_,VDD,Metal1,721.1565,689.8330,4.924041
_10935_,VDD,Metal1,610.0130,699.8050,4.923268
_10934_,VDD,Metal1,727.6600,689.7335,4.924162
_10933_,VDD,Metal1,729.8600,700.0750,4.928441
_10932_,VDD,Metal1,732.0750,691.0025,4.924274
_10931_,VDD,Metal1,729.9500,679.8780,4.921700
_10930_,VDD,Metal1,626.2530,681.1550,4.918341
_10929_,VDD,Metal1,732.6350,680.9225,4.921775
_10928_,VDD,Metal1,738.9100,680.9215,4.921899
_10927_,VDD,Metal1,645.8530,679.6450,4.918507
_10926_,VDD,Metal1,623.4530,640.8350,4.904247
_10925_,VDD,Metal1,646.9730,590.4350,4.891566
_10924_,VDD,Metal1,653.9565,489.5265,4.870681
_10923_,VDD,Metal1,649.2130,629.2450,4.901971
_10922_,VDD,Metal1,655.6365,499.6065,4.872232
_10921_,VDD,Metal1,648.0930,540.0350,4.880695
_10920_,VDD,Metal1,657.3165,498.3130,4.872232
_10919_,VDD,Metal1,640.8130,519.8750,4.876562
_10918_,VDD,Metal1,647.2365,498.3130,4.872202
_10917_,VDD,Metal1,639.1330,489.6350,4.870625
_10916_,VDD,Metal1,641.6365,488.2330,4.870626
_10915_,VDD,Metal1,619.5330,498.2050,4.872177
_10914_,VDD,Metal1,626.5165,479.4465,4.868833
_10913_,VDD,Metal1,642.5900,498.4380,4.872200
_10912_,VDD,Metal1,542.2530,609.0850,4.895337
_10911_,VDD,Metal1,554.5730,599.0050,4.893588
_10910_,VDD,Metal1,603.2930,578.8450,4.889089
_10909_,VDD,Metal1,609.4530,568.7650,4.886665
_10908_,VDD,Metal1,570.8130,588.9250,4.890848
_10907_,VDD,Metal1,577.5330,550.1150,4.882082
_10906_,VDD,Metal1,562.4130,639.3250,4.902810
_10905_,VDD,Metal1,569.1330,550.1150,4.881893
_10904_,VDD,Metal1,599.9330,560.1950,4.884455
_10903_,VDD,Metal1,592.6530,548.6050,4.882236
_10902_,VDD,Metal1,524.8930,540.0350,4.879519
_10901_,VDD,Metal1,528.8130,528.4450,4.877758
_10900_,VDD,Metal1,512.0130,570.2750,4.885817
_10899_,VDD,Metal1,512.5730,568.7650,4.885817
_10898_,VDD,Metal1,472.8130,550.1150,4.881435
_10897_,VDD,Metal1,482.3330,560.1950,4.883622
_10896_,VDD,Metal1,473.3730,538.5250,4.878871
_10895_,VDD,Metal1,483.4530,529.9550,4.877537
_10894_,VDD,Metal1,627.3730,620.6750,4.899741
_10893_,VDD,Metal1,705.2130,588.9250,4.892171
_10892_,VDD,Metal1,715.5565,599.1130,4.895440
_10891_,VDD,Metal1,705.7730,630.7550,4.902515
_10890_,VDD,Metal1,716.1165,609.1930,4.898138
_10889_,VDD,Metal1,702.9730,558.6850,4.885308
_10888_,VDD,Metal1,716.1165,539.9265,4.881178
_10887_,VDD,Metal1,700.1730,538.5250,4.881125
_10886_,VDD,Metal1,707.1565,538.6330,4.881127
_10885_,VDD,Metal1,711.3730,558.6850,4.885377
_10884_,VDD,Metal1,716.6765,529.8465,4.878789
_10883_,VDD,Metal1,702.9730,528.4450,4.878757
_10882_,VDD,Metal1,712.1965,528.5530,4.878779
_10881_,VDD,Metal1,715.3900,600.2815,4.895440
_10880_,VDD,Metal1,546.1730,599.0050,4.893584
_10879_,VDD,Metal1,556.2530,588.9250,4.890644
_10878_,VDD,Metal1,599.9330,620.6750,4.898945
_10877_,VDD,Metal1,600.4930,610.5950,4.896411
_10876_,VDD,Metal1,601.6130,590.4350,4.891279
_10875_,VDD,Metal1,608.8930,570.2750,4.886665
_10874_,VDD,Metal1,557.3730,619.1650,4.898184
_10873_,VDD,Metal1,561.2930,610.5950,4.896024
_10872_,VDD,Metal1,606.6530,518.3650,4.876403
_10871_,VDD,Metal1,619.5330,528.4450,4.878539
_10870_,VDD,Metal1,539.4530,519.8750,4.875907
_10869_,VDD,Metal1,548.9730,528.4450,4.877785
_10868_,VDD,Metal1,551.2130,560.1950,4.884224
_10867_,VDD,Metal1,560.7330,560.1950,4.884224
_10866_,VDD,Metal1,492.9730,529.9550,4.877594
_10865_,VDD,Metal1,501.9330,529.9550,4.877644
_10864_,VDD,Metal1,483.4530,580.3550,4.887851
_10863_,VDD,Metal1,486.8130,568.7650,4.885593
_10862_,VDD,Metal1,610.0130,609.0850,4.896604
_10861_,VDD,Metal1,624.0130,578.8450,4.889201
_10860_,VDD,Metal1,629.8765,429.0465,4.859889
_10859_,VDD,Metal1,619.5330,437.7250,4.861419
_10858_,VDD,Metal1,624.2765,429.0465,4.859869
_10857_,VDD,Metal1,619.5330,447.8050,4.863144
_10856_,VDD,Metal1,626.5165,437.8330,4.861464
_10855_,VDD,Metal1,611.6930,429.1550,4.859834
_10854_,VDD,Metal1,618.6765,429.0465,4.859854
_10853_,VDD,Metal1,599.9330,429.1550,4.859811
_10852_,VDD,Metal1,602.9965,427.7530,4.859812
_10851_,VDD,Metal1,584.2530,447.8050,4.862997
_10850_,VDD,Metal1,591.2365,429.0465,4.859810
_10849_,VDD,Metal1,617.3900,427.8780,4.859853
_10848_,VDD,Metal1,650.9900,649.6380,4.908075
_10847_,VDD,Metal1,655.1865,640.4615,4.905022
_10846_,VDD,Metal1,749.2050,649.6750,4.911445
_10845_,VDD,Metal1,745.6300,649.6380,4.911432
_10844_,VDD,Metal1,464.4300,479.4110,4.868090
_10843_,VDD,Metal1,446.2450,488.3950,4.869508
_10842_,VDD,Metal1,460.5500,528.7150,4.877503
_10841_,VDD,Metal1,458.0050,469.2050,4.866079
_10840_,VDD,Metal1,137.3200,479.2035,4.866915
_10839_,VDD,Metal1,139.3165,488.2330,4.868630
_10838_,VDD,Metal1,180.2450,478.3150,4.866935
_10837_,VDD,Metal1,160.6450,549.8450,4.879713
_10836_,VDD,Metal1,162.1425,538.8760,4.877688
_10835_,VDD,Metal1,148.8265,457.9930,4.863532
_10834_,VDD,Metal1,141.8000,448.1560,4.861733
_10833_,VDD,Metal1,132.5865,457.9930,4.863443
_10832_,VDD,Metal1,139.6600,457.8935,4.863532
_10831_,VDD,Metal1,148.8265,427.7530,4.858760
_10830_,VDD,Metal1,154.4850,427.9150,4.858760
_10829_,VDD,Metal1,137.6365,418.9665,4.857325
_10828_,VDD,Metal1,141.1030,417.7650,4.857328
_10827_,VDD,Metal1,159.7800,518.6350,4.874185
_10826_,VDD,Metal1,156.3200,508.3930,4.872157
_10825_,VDD,Metal1,173.4665,508.3930,4.872170
_10824_,VDD,Metal1,164.3500,518.5980,4.874208
_10823_,VDD,Metal1,173.5250,518.6350,4.874231
_10822_,VDD,Metal1,187.4665,508.3930,4.872181
_10821_,VDD,Metal1,193.6365,508.3930,4.872181
_10820_,VDD,Metal1,188.0265,518.4730,4.874321
_10819_,VDD,Metal1,187.0265,519.5015,4.874321
_10818_,VDD,Metal1,179.5930,548.7130,4.879776
_10817_,VDD,Metal1,182.8300,529.7215,4.876007
_10816_,VDD,Metal1,172.7825,548.9560,4.879745
_10815_,VDD,Metal1,177.2300,558.9180,4.881468
_10814_,VDD,Metal1,182.2700,559.9615,4.881486
_10813_,VDD,Metal1,177.0800,549.7635,4.879776
_10812_,VDD,Metal1,180.2450,538.7950,4.877812
_10811_,VDD,Metal1,181.1500,558.9180,4.881486
_10810_,VDD,Metal1,443.8130,689.9415,4.911547
_10809_,VDD,Metal1,462.1200,700.1560,4.918700
_10808_,VDD,Metal1,453.2130,689.7250,4.911547
_10807_,VDD,Metal1,490.5430,691.0350,4.912874
_10806_,VDD,Metal1,583.3530,691.1265,4.920436
_10805_,VDD,Metal1,580.6450,669.8350,4.913732
_10804_,VDD,Metal1,589.0450,679.9150,4.916353
_10803_,VDD,Metal1,501.2800,1032.5530,4.935565
_10802_,VDD,Metal1,499.2300,1033.7215,4.935565
_10801_,VDD,Metal1,505.3900,1033.7215,4.935565
_10800_,VDD,Metal1,510.9900,1043.8015,4.935842
_10799_,VDD,Metal1,505.8000,1042.8760,4.935843
_10798_,VDD,Metal1,502.4750,1083.0775,4.938352
_10797_,VDD,Metal1,496.5965,1072.8730,4.938063
_10796_,VDD,Metal1,316.7025,690.8835,4.908237
_10795_,VDD,Metal1,259.5500,679.8780,4.905953
_10794_,VDD,Metal1,257.5830,590.2350,4.887657
_10793_,VDD,Metal1,250.0300,679.8780,4.903920
_10792_,VDD,Metal1,422.5425,700.2735,4.918344
_10791_,VDD,Metal1,416.2000,700.1560,4.917183
_10790_,VDD,Metal1,418.4930,691.2350,4.910574
_10789_,VDD,Metal1,504.5430,700.0050,4.920998
_10788_,VDD,Metal1,579.4330,689.8330,4.920426
_10787_,VDD,Metal1,580.0850,679.9150,4.915817
_10786_,VDD,Metal1,580.0850,670.8050,4.913732
_10785_,VDD,Metal1,508.0000,1013.6865,4.935007
_10784_,VDD,Metal1,516.0300,1022.5980,4.935310
_10783_,VDD,Metal1,509.1040,1023.8005,4.935310
_10782_,VDD,Metal1,509.3100,1033.7215,4.935564
_10781_,VDD,Metal1,510.0850,1042.7950,4.935842
_10780_,VDD,Metal1,503.1000,1072.7735,4.938853
_10779_,VDD,Metal1,497.5000,1074.2660,4.938063
_10778_,VDD,Metal1,494.7500,1083.0780,4.937467
_10777_,VDD,Metal1,513.6400,1084.0035,4.938779
_10776_,VDD,Metal1,510.0365,1062.7930,4.936350
_10775_,VDD,Metal1,315.3200,700.9635,4.909801
_10774_,VDD,Metal1,207.9330,671.0750,4.902030
_10773_,VDD,Metal1,203.0225,569.1160,4.883325
_10772_,VDD,Metal1,240.2800,559.0360,4.881689
_10771_,VDD,Metal1,199.3430,559.9950,4.881655
_10770_,VDD,Metal1,433.1825,690.7660,4.911113
_10769_,VDD,Metal1,430.2000,690.0760,4.911025
_10768_,VDD,Metal1,423.5330,689.7250,4.910648
_10767_,VDD,Metal1,495.5830,691.0350,4.912994
_10766_,VDD,Metal1,577.7530,681.0465,4.915810
_10765_,VDD,Metal1,589.0450,670.8050,4.914081
_10764_,VDD,Metal1,584.5650,670.8050,4.913903
_10763_,VDD,Metal1,501.8400,1054.0065,4.936106
_10762_,VDD,Metal1,497.5500,1062.9180,4.936351
_10761_,VDD,Metal1,505.3400,1064.1860,4.936351
_10760_,VDD,Metal1,499.7900,1063.9615,4.936351
_10759_,VDD,Metal1,509.2200,1053.8450,4.936106
_10758_,VDD,Metal1,503.1000,1062.6935,4.936351
_10757_,VDD,Metal1,507.0200,1074.2660,4.938870
_10756_,VDD,Metal1,508.9650,1094.1650,4.940566
_10755_,VDD,Metal1,590.9200,1083.1960,4.945067
_10754_,VDD,Metal1,599.9400,1094.1650,4.948977
_10753_,VDD,Metal1,606.3565,1074.1665,4.948088
_10752_,VDD,Metal1,510.3800,1082.8535,4.938773
_10751_,VDD,Metal1,551.9930,1084.2465,4.940665
_10750_,VDD,Metal1,325.7530,690.1165,4.908430
_10749_,VDD,Metal1,224.9965,670.9665,4.902229
_10748_,VDD,Metal1,226.1165,589.0330,4.887504
_10747_,VDD,Metal1,226.6330,558.7930,4.881685
_10746_,VDD,Metal1,235.2400,549.7635,4.880083
_10745_,VDD,Metal1,258.4875,509.4650,4.872450
_10744_,VDD,Metal1,215.3100,670.8415,4.902137
_10743_,VDD,Metal1,397.8930,700.0215,4.916964
_10742_,VDD,Metal1,403.3200,690.8835,4.910554
_10741_,VDD,Metal1,408.4130,699.8050,4.917182
_10740_,VDD,Metal1,560.5430,691.0350,4.918213
_10739_,VDD,Metal1,568.2330,689.8330,4.919874
_10738_,VDD,Metal1,572.2450,679.9150,4.915179
_10737_,VDD,Metal1,562.1650,689.9950,4.919368
_10736_,VDD,Metal1,554.1065,1074.1665,4.942755
_10735_,VDD,Metal1,549.0700,1074.0415,4.942483
_10734_,VDD,Metal1,559.3165,1084.2465,4.940861
_10733_,VDD,Metal1,560.2300,1083.1150,4.940865
_10732_,VDD,Metal1,554.0600,1082.8535,4.940681
_10731_,VDD,Metal1,600.9440,1082.9195,4.946365
_10730_,VDD,Metal1,627.4700,1093.1580,4.952065
_10729_,VDD,Metal1,332.3825,680.8035,4.906992
_10728_,VDD,Metal1,307.6200,670.8050,4.903697
_10727_,VDD,Metal1,217.0225,659.8360,4.901191
_10726_,VDD,Metal1,215.5250,649.6750,4.899185
_10725_,VDD,Metal1,214.4050,639.5950,4.896835
_10724_,VDD,Metal1,211.7600,568.8730,4.883364
_10723_,VDD,Metal1,222.6225,549.7635,4.879982
_10722_,VDD,Metal1,245.7650,508.5550,4.872403
_10721_,VDD,Metal1,251.1000,509.7860,4.872423
_10720_,VDD,Metal1,201.3100,558.9180,4.881655
_10719_,VDD,Metal1,366.6665,699.9130,4.910596
_10718_,VDD,Metal1,463.7200,690.0760,4.912105
_10717_,VDD,Metal1,465.5330,691.2350,4.912106
_10716_,VDD,Metal1,569.1330,691.2350,4.919876
_10715_,VDD,Metal1,577.7225,690.8835,4.920413
_10714_,VDD,Metal1,582.8850,680.8850,4.915986
_10713_,VDD,Metal1,570.8130,1082.8450,4.942586
_10712_,VDD,Metal1,571.9150,1084.1225,4.942587
_10711_,VDD,Metal1,564.4050,1093.1950,4.946581
_10710_,VDD,Metal1,570.8600,1092.9335,4.947157
_10709_,VDD,Metal1,565.0265,1083.9815,4.941670
_10708_,VDD,Metal1,629.6600,1084.3460,4.948933
_10707_,VDD,Metal1,623.2630,1084.1550,4.948254
_10706_,VDD,Metal1,638.5550,1084.1225,4.948943
_10705_,VDD,Metal1,642.0300,1093.1580,4.952831
_10704_,VDD,Metal1,351.1600,700.1560,4.910328
_10703_,VDD,Metal1,233.3965,659.5930,4.901423
_10702_,VDD,Metal1,238.4365,600.4065,4.889453
_10701_,VDD,Metal1,230.5530,518.4730,4.874377
_10700_,VDD,Metal1,232.4400,519.5235,4.874378
_10699_,VDD,Metal1,249.1250,518.6350,4.874469
_10698_,VDD,Metal1,266.1200,508.6360,4.872493
_10697_,VDD,Metal1,225.3900,659.7180,4.901423
_10696_,VDD,Metal1,434.8530,689.9415,4.911123
_10695_,VDD,Metal1,434.1200,700.9635,4.918544
_10694_,VDD,Metal1,452.0930,701.3150,4.918544
_10693_,VDD,Metal1,569.9565,701.2065,4.922719
_10692_,VDD,Metal1,572.1225,680.8035,4.915180
_10691_,VDD,Metal1,584.5650,689.9950,4.920436
_10690_,VDD,Metal1,570.4730,1073.8830,4.944547
_10689_,VDD,Metal1,577.5400,1084.0850,4.943919
_10688_,VDD,Metal1,584.1600,1084.2465,4.944207
_10687_,VDD,Metal1,582.4800,1074.1665,4.945641
_10686_,VDD,Metal1,587.6200,1074.0050,4.946064
_10685_,VDD,Metal1,629.6600,1074.2660,4.951093
_10684_,VDD,Metal1,631.9500,1094.2015,4.952365
_10683_,VDD,Metal1,317.2625,669.9160,4.903843
_10682_,VDD,Metal1,233.1330,650.9150,4.899440
_10681_,VDD,Metal1,237.6130,620.6750,4.893875
_10680_,VDD,Metal1,237.2730,518.4730,4.874400
_10679_,VDD,Metal1,243.6800,518.4730,4.874429
_10678_,VDD,Metal1,252.2700,519.6415,4.874495
_10677_,VDD,Metal1,258.7030,508.4850,4.872450
_10676_,VDD,Metal1,382.7825,700.2735,4.911785
_10675_,VDD,Metal1,498.9465,731.1815,4.925375
_10674_,VDD,Metal1,499.8225,730.3960,4.925375
_10673_,VDD,Metal1,546.4850,701.0450,4.922708
_10672_,VDD,Metal1,562.6665,670.9665,4.913505
_10671_,VDD,Metal1,501.3730,751.7150,4.926176
_10670_,VDD,Metal1,504.5430,761.5950,4.926554
_10669_,VDD,Metal1,580.3330,1082.8450,4.944201
_10668_,VDD,Metal1,347.8000,679.9960,4.907342
_10667_,VDD,Metal1,226.6330,639.4330,4.897005
_10666_,VDD,Metal1,231.7650,639.5950,4.897017
_10665_,VDD,Metal1,217.8800,548.9560,4.879941
_10664_,VDD,Metal1,211.6050,518.6350,4.874352
_10663_,VDD,Metal1,213.0700,640.6015,4.896832
_10662_,VDD,Metal1,376.4930,701.3150,4.911668
_10661_,VDD,Metal1,335.3065,670.9665,4.904394
_10660_,VDD,Metal1,495.8700,710.1180,4.924517
_10659_,VDD,Metal1,488.4000,701.2065,4.919269
_10658_,VDD,Metal1,495.8700,911.7180,4.932045
_10657_,VDD,Metal1,524.8000,701.2065,4.921825
_10656_,VDD,Metal1,639.2625,640.4835,4.904587
_10655_,VDD,Metal1,469.9600,649.7560,4.903534
_10654_,VDD,Metal1,628.4000,639.4330,4.904312
_10653_,VDD,Metal1,622.1430,639.5250,4.904244
_10652_,VDD,Metal1,619.1025,630.4035,4.901616
_10651_,VDD,Metal1,617.3900,639.5580,4.904052
_10650_,VDD,Metal1,687.4225,629.5960,4.902506
_10649_,VDD,Metal1,685.8330,610.4865,4.897242
_10648_,VDD,Metal1,814.2800,609.4360,4.899337
_10647_,VDD,Metal1,806.8850,629.5150,4.905897
_10646_,VDD,Metal1,819.2050,610.3250,4.899393
_10645_,VDD,Metal1,817.6800,590.3265,4.893561
_10644_,VDD,Metal1,841.3900,590.2015,4.893677
_10643_,VDD,Metal1,833.9300,499.4980,4.872532
_10642_,VDD,Metal1,857.7530,498.3130,4.872576
_10641_,VDD,Metal1,853.1825,489.2835,4.871087
_10640_,VDD,Metal1,864.5650,489.3650,4.871094
_10639_,VDD,Metal1,860.0850,489.3650,4.871092
_10638_,VDD,Metal1,826.3930,468.0730,4.867238
_10637_,VDD,Metal1,817.3425,458.2360,4.865455
_10636_,VDD,Metal1,832.6450,459.1250,4.865458
_10635_,VDD,Metal1,824.2450,448.0750,4.863429
_10634_,VDD,Metal1,845.9930,499.6065,4.872559
_10633_,VDD,Metal1,854.3025,508.6360,4.875316
_10632_,VDD,Metal1,845.5250,498.4750,4.872559
_10631_,VDD,Metal1,841.0450,498.4750,4.872550
_10630_,VDD,Metal1,645.9730,619.3815,4.899893
_10629_,VDD,Metal1,434.8625,609.5535,4.893410
_10628_,VDD,Metal1,637.9200,590.3265,4.891567
_10627_,VDD,Metal1,630.5430,579.0450,4.889201
_10626_,VDD,Metal1,622.4625,590.0835,4.891436
_10625_,VDD,Metal1,624.1100,599.2380,4.894633
_10624_,VDD,Metal1,683.5025,600.1635,4.894966
_10623_,VDD,Metal1,686.9530,590.3265,4.891976
_10622_,VDD,Metal1,800.0425,590.0835,4.893297
_10621_,VDD,Metal1,811.0000,549.7635,4.883900
_10620_,VDD,Metal1,806.4800,548.7130,4.883899
_10619_,VDD,Metal1,813.3900,538.7580,4.881467
_10618_,VDD,Metal1,822.1700,377.4615,4.851880
_10617_,VDD,Metal1,863.3530,358.4865,4.849272
_10616_,VDD,Metal1,857.6625,348.1635,4.848208
_10615_,VDD,Metal1,863.4450,348.2450,4.848199
_10614_,VDD,Metal1,866.2450,347.2750,4.848195
_10613_,VDD,Metal1,823.5930,367.2730,4.850889
_10612_,VDD,Metal1,808.3825,348.1635,4.848266
_10611_,VDD,Metal1,822.0050,358.3250,4.849360
_10610_,VDD,Metal1,807.4450,367.4350,4.850933
_10609_,VDD,Metal1,845.9930,387.4330,4.853772
_10608_,VDD,Metal1,862.7025,378.4035,4.851868
_10607_,VDD,Metal1,846.6450,397.6750,4.855161
_10606_,VDD,Metal1,856.7250,368.4050,4.850798
_10605_,VDD,Metal1,813.3900,558.9180,4.886080
_10604_,VDD,Metal1,646.5330,640.6180,4.904733
_10603_,VDD,Metal1,463.2400,649.7560,4.903534
_10602_,VDD,Metal1,635.6800,639.4330,4.904531
_10601_,VDD,Metal1,629.9830,640.6350,4.904313
_10600_,VDD,Metal1,625.2625,630.4035,4.901703
_10599_,VDD,Metal1,630.8300,630.5215,4.901703
_10598_,VDD,Metal1,681.2625,629.5960,4.902339
_10597_,VDD,Metal1,681.9130,620.5665,4.900234
_10596_,VDD,Metal1,777.0825,609.4360,4.899241
_10595_,VDD,Metal1,788.6000,569.9235,4.888345
_10594_,VDD,Metal1,804.2400,568.8730,4.888429
_10593_,VDD,Metal1,797.1500,549.8815,4.883881
_10592_,VDD,Metal1,796.4100,499.4980,4.872499
_10591_,VDD,Metal1,805.6730,508.3930,4.875167
_10590_,VDD,Metal1,813.9825,508.6360,4.875183
_10589_,VDD,Metal1,813.0450,509.5250,4.875183
_10588_,VDD,Metal1,823.1250,499.4450,4.872512
_10587_,VDD,Metal1,805.6730,499.6065,4.872503
_10586_,VDD,Metal1,792.1425,478.3960,4.869177
_10585_,VDD,Metal1,819.2050,508.5550,4.875199
_10584_,VDD,Metal1,824.8050,489.3650,4.871078
_10583_,VDD,Metal1,784.9530,439.1265,4.861761
_10582_,VDD,Metal1,778.7025,438.0760,4.861731
_10581_,VDD,Metal1,785.0450,448.0750,4.863419
_10580_,VDD,Metal1,783.9250,437.9950,4.861761
_10579_,VDD,Metal1,794.9100,570.0415,4.888427
_10578_,VDD,Metal1,644.8530,639.5415,4.904726
_10577_,VDD,Metal1,431.5025,640.3660,4.899600
_10576_,VDD,Metal1,628.4000,558.7930,4.884842
_10575_,VDD,Metal1,629.9830,549.9150,4.883048
_10574_,VDD,Metal1,622.4625,549.7635,4.882741
_10573_,VDD,Metal1,636.9900,549.8815,4.883101
_10572_,VDD,Metal1,681.8225,630.4035,4.902340
_10571_,VDD,Metal1,684.7130,619.2730,4.900238
_10570_,VDD,Metal1,794.6800,610.2435,4.899259
_10569_,VDD,Metal1,782.2450,619.4350,4.901832
_10568_,VDD,Metal1,785.6050,600.2450,4.896220
_10567_,VDD,Metal1,820.2765,560.0865,4.886095
_10566_,VDD,Metal1,819.9600,569.1160,4.888527
_10565_,VDD,Metal1,833.9300,439.0180,4.861725
_10564_,VDD,Metal1,826.3930,418.9665,4.858494
_10563_,VDD,Metal1,823.5025,417.9160,4.858494
_10562_,VDD,Metal1,827.6050,427.9150,4.860072
_10561_,VDD,Metal1,818.0850,417.8350,4.858503
_10560_,VDD,Metal1,868.3930,457.9930,4.865467
_10559_,VDD,Metal1,865.5025,459.0435,4.865467
_10558_,VDD,Metal1,860.6450,468.2350,4.867223
_10557_,VDD,Metal1,866.2450,449.0450,4.863422
_10556_,VDD,Metal1,863.9130,429.0465,4.860025
_10555_,VDD,Metal1,861.5825,418.7235,4.858473
_10554_,VDD,Metal1,870.1650,437.9950,4.861628
_10553_,VDD,Metal1,865.6850,437.9950,4.861665
_10552_,VDD,Metal1,639.2625,620.3235,4.899809
_10551_,VDD,Metal1,669.5025,620.3235,4.900230
_10550_,VDD,Metal1,679.1130,610.4865,4.896814
_10549_,VDD,Metal1,745.4000,609.4360,4.898762
_10548_,VDD,Metal1,754.8050,609.3550,4.898952
_10547_,VDD,Metal1,762.0850,619.4350,4.901507
_10546_,VDD,Metal1,741.9830,600.3150,4.895816
_10545_,VDD,Metal1,729.9500,589.1580,4.892598
_10544_,VDD,Metal1,688.3200,459.2865,4.865252
_10543_,VDD,Metal1,686.0800,447.9130,4.863213
_10542_,VDD,Metal1,682.9425,427.9960,4.859966
_10541_,VDD,Metal1,670.1965,439.1265,4.861512
_10540_,VDD,Metal1,682.3500,458.1180,4.865246
_10539_,VDD,Metal1,669.5025,459.0435,4.865221
_10538_,VDD,Metal1,656.9200,469.1235,4.866990
_10537_,VDD,Metal1,676.1900,469.2415,4.867022
_10536_,VDD,Metal1,668.8130,478.0450,4.868945
_10535_,VDD,Metal1,676.5200,468.3160,4.867022
_10534_,VDD,Metal1,676.1900,459.1615,4.865232
_10533_,VDD,Metal1,683.9330,469.4750,4.867052
_10532_,VDD,Metal1,435.2400,629.5960,4.898084
_10531_,VDD,Metal1,630.6400,548.7130,4.883048
_10530_,VDD,Metal1,626.6230,539.8350,4.880447
_10529_,VDD,Metal1,620.7825,539.6835,4.880387
_10528_,VDD,Metal1,621.3100,538.7580,4.880387
_10527_,VDD,Metal1,617.4225,600.1635,4.894453
_10526_,VDD,Metal1,677.3425,600.1635,4.894966
_10525_,VDD,Metal1,680.2330,590.3265,4.891887
_10524_,VDD,Metal1,737.3225,538.8760,4.881183
_10523_,VDD,Metal1,738.6800,529.6035,4.879092
_10522_,VDD,Metal1,749.4000,519.5235,4.876891
_10521_,VDD,Metal1,745.6660,489.5730,4.870966
_10520_,VDD,Metal1,740.9600,449.2065,4.863363
_10519_,VDD,Metal1,733.9025,438.8835,4.861627
_10518_,VDD,Metal1,735.1565,449.2065,4.863293
_10517_,VDD,Metal1,747.8700,437.9580,4.861672
_10516_,VDD,Metal1,739.2800,488.2330,4.870945
_10515_,VDD,Metal1,738.9425,489.2835,4.870945
_10514_,VDD,Metal1,735.7165,478.1530,4.869019
_10513_,VDD,Metal1,745.8450,478.3150,4.869035
_10512_,VDD,Metal1,723.3530,488.2330,4.870857
_10511_,VDD,Metal1,716.2800,469.1235,4.867085
_10510_,VDD,Metal1,727.9250,489.3650,4.870869
_10509_,VDD,Metal1,723.4450,489.3650,4.870857
_10508_,VDD,Metal1,464.3600,600.1635,4.891690
_10507_,VDD,Metal1,624.4800,568.8730,4.886749
_10506_,VDD,Metal1,628.3030,559.9950,4.884842
_10505_,VDD,Metal1,615.1825,559.8435,4.884607
_10504_,VDD,Metal1,623.5500,558.9180,4.884791
_10503_,VDD,Metal1,585.5025,610.2435,4.896038
_10502_,VDD,Metal1,653.2625,610.2435,4.896708
_10501_,VDD,Metal1,663.4330,600.4065,4.894911
_10500_,VDD,Metal1,758.2800,548.9560,4.883687
_10499_,VDD,Metal1,773.8450,558.9550,4.885770
_10498_,VDD,Metal1,778.3250,558.9550,4.885778
_10497_,VDD,Metal1,767.2800,538.6330,4.881419
_10496_,VDD,Metal1,774.1900,529.7215,4.879302
_10495_,VDD,Metal1,761.6400,468.3160,4.867203
_10494_,VDD,Metal1,746.0400,367.5160,4.850896
_10493_,VDD,Metal1,736.7025,368.3235,4.850895
_10492_,VDD,Metal1,732.7500,348.2815,4.848252
_10491_,VDD,Metal1,734.3330,358.5950,4.849368
_10490_,VDD,Metal1,756.9530,388.7265,4.853881
_10489_,VDD,Metal1,754.6225,387.6760,4.853881
_10488_,VDD,Metal1,766.0050,378.4850,4.852125
_10487_,VDD,Metal1,764.8850,387.5950,4.853883
_10486_,VDD,Metal1,766.4730,479.4465,4.869111
_10485_,VDD,Metal1,765.8225,488.4760,4.870991
_10484_,VDD,Metal1,771.6050,479.2850,4.869131
_10483_,VDD,Metal1,767.6850,468.2350,4.867213
_10482_,VDD,Metal1,472.7600,619.5160,4.896167
_10481_,VDD,Metal1,584.1600,558.7930,4.884354
_10480_,VDD,Metal1,585.7430,548.8050,4.882172
_10479_,VDD,Metal1,585.5025,539.6835,4.879784
_10478_,VDD,Metal1,591.0700,539.8015,4.879802
_10477_,VDD,Metal1,530.6225,629.5960,4.899993
_10476_,VDD,Metal1,471.6400,629.5960,4.898503
_10475_,VDD,Metal1,526.4800,610.4865,4.895161
_10474_,VDD,Metal1,530.8630,609.2850,4.895317
_10473_,VDD,Metal1,530.6225,600.1635,4.893531
_10472_,VDD,Metal1,527.2300,619.3980,4.897766
_10471_,VDD,Metal1,532.3025,619.5160,4.897766
_10470_,VDD,Metal1,658.9530,609.1930,4.896808
_10469_,VDD,Metal1,768.6825,599.3560,4.895983
_10468_,VDD,Metal1,775.7200,579.1960,4.890677
_10467_,VDD,Metal1,775.6800,560.0865,4.885770
_10466_,VDD,Metal1,775.1200,318.1665,4.844305
_10465_,VDD,Metal1,774.7825,317.1160,4.844305
_10464_,VDD,Metal1,774.8730,328.2465,4.845720
_10463_,VDD,Metal1,768.0625,328.0035,4.845717
_10462_,VDD,Metal1,777.7650,327.1150,4.845735
_10461_,VDD,Metal1,782.2450,327.1150,4.845738
_10460_,VDD,Metal1,786.2800,297.7635,4.842153
_10459_,VDD,Metal1,796.6825,307.0360,4.843228
_10458_,VDD,Metal1,793.4450,297.8450,4.842157
_10457_,VDD,Metal1,767.5930,308.0865,4.843299
_10456_,VDD,Metal1,767.5025,296.9560,4.842125
_10455_,VDD,Metal1,772.7250,307.9250,4.843301
_10454_,VDD,Metal1,765.4450,306.9550,4.843299
_10453_,VDD,Metal1,788.1900,579.0780,4.890711
_10452_,VDD,Metal1,473.5025,620.3235,4.896171
_10451_,VDD,Metal1,472.2000,610.2435,4.894009
_10450_,VDD,Metal1,598.7200,619.2730,4.898945
_10449_,VDD,Metal1,610.9430,619.3650,4.899223
_10448_,VDD,Metal1,606.7825,620.3235,4.899098
_10447_,VDD,Metal1,612.3500,620.4415,4.899223
_10446_,VDD,Metal1,480.7825,610.2435,4.894402
_10445_,VDD,Metal1,330.9465,639.5230,4.898311
_10444_,VDD,Metal1,304.5650,629.5150,4.896125
_10443_,VDD,Metal1,483.1130,609.1930,4.894402
_10442_,VDD,Metal1,802.3130,599.3965,4.896453
_10441_,VDD,Metal1,806.8850,609.3550,4.899337
_10440_,VDD,Metal1,795.6850,599.2750,4.896453
_10439_,VDD,Metal1,826.0800,580.2465,4.891080
_10438_,VDD,Metal1,832.9900,580.1215,4.891148
_10437_,VDD,Metal1,832.9360,266.5140,4.838926
_10436_,VDD,Metal1,825.2730,257.6865,4.838041
_10435_,VDD,Metal1,816.7825,256.6360,4.838047
_10434_,VDD,Metal1,827.0450,267.6050,4.838936
_10433_,VDD,Metal1,828.7250,256.5550,4.838039
_10432_,VDD,Metal1,852.1530,267.7665,4.838862
_10431_,VDD,Metal1,859.9025,267.5235,4.838849
_10430_,VDD,Metal1,846.0850,267.6050,4.838891
_10429_,VDD,Metal1,853.3650,257.5250,4.837978
_10428_,VDD,Metal1,859.4330,247.6065,4.837000
_10427_,VDD,Metal1,854.3025,237.2835,4.836073
_10426_,VDD,Metal1,865.6850,237.3650,4.836050
_10425_,VDD,Metal1,861.7650,246.4750,4.837000
_10424_,VDD,Metal1,428.1425,589.3935,4.889150
_10423_,VDD,Metal1,407.9825,609.4360,4.893011
_10422_,VDD,Metal1,406.6800,610.2435,4.893011
_10421_,VDD,Metal1,571.2800,599.1130,4.893709
_10420_,VDD,Metal1,580.1430,599.2050,4.893895
_10419_,VDD,Metal1,588.8625,590.0835,4.891123
_10418_,VDD,Metal1,579.3100,600.2815,4.893893
_10417_,VDD,Metal1,396.6000,600.1635,4.890442
_10416_,VDD,Metal1,402.7200,600.4065,4.890508
_10415_,VDD,Metal1,412.7030,568.9650,4.884960
_10414_,VDD,Metal1,421.2000,550.0065,4.881196
_10413_,VDD,Metal1,441.2630,559.9950,4.883029
_10412_,VDD,Metal1,440.9900,549.8815,4.881301
_10411_,VDD,Metal1,440.8000,558.7930,4.883029
_10410_,VDD,Metal1,450.3200,388.7265,4.853184
_10409_,VDD,Metal1,488.0625,378.4035,4.852002
_10408_,VDD,Metal1,506.0730,377.3530,4.852027
_10407_,VDD,Metal1,504.3025,367.5160,4.850680
_10406_,VDD,Metal1,500.0050,377.5150,4.852022
_10405_,VDD,Metal1,511.7650,358.3250,4.849393
_10404_,VDD,Metal1,489.8330,377.3530,4.852002
_10403_,VDD,Metal1,481.9025,378.4035,4.851973
_10402_,VDD,Metal1,493.2850,378.4850,4.852004
_10401_,VDD,Metal1,489.9250,387.5950,4.853459
_10400_,VDD,Metal1,443.6100,378.5380,4.851785
_10399_,VDD,Metal1,448.1730,377.2450,4.851804
_10398_,VDD,Metal1,409.3430,558.8850,4.882915
_10397_,VDD,Metal1,402.9425,649.7560,4.903090
_10396_,VDD,Metal1,407.8000,640.4835,4.899410
_10395_,VDD,Metal1,561.7600,640.7265,4.902809
_10394_,VDD,Metal1,577.9030,630.5550,4.900578
_10393_,VDD,Metal1,578.7825,629.5960,4.900579
_10392_,VDD,Metal1,571.4700,649.6380,4.906736
_10391_,VDD,Metal1,401.8225,599.3560,4.890508
_10390_,VDD,Metal1,403.9330,590.4350,4.889017
_10389_,VDD,Metal1,415.0000,569.9235,4.884971
_10388_,VDD,Metal1,253.6050,538.7950,4.877952
_10387_,VDD,Metal1,422.9200,589.2760,4.889026
_10386_,VDD,Metal1,451.6265,580.2465,4.887264
_10385_,VDD,Metal1,447.1500,570.0415,4.885186
_10384_,VDD,Metal1,451.6300,579.0780,4.887264
_10383_,VDD,Metal1,442.3250,570.0050,4.885185
_10382_,VDD,Metal1,431.8500,338.2180,4.846469
_10381_,VDD,Metal1,442.7930,326.9530,4.845441
_10380_,VDD,Metal1,432.6225,307.0360,4.843082
_10379_,VDD,Metal1,446.2450,348.2450,4.847851
_10378_,VDD,Metal1,435.0450,328.0850,4.845408
_10377_,VDD,Metal1,424.3130,337.0330,4.846465
_10376_,VDD,Metal1,418.0625,328.0035,4.845391
_10375_,VDD,Metal1,424.4050,328.0850,4.845405
_10374_,VDD,Metal1,415.4450,337.1950,4.846452
_10373_,VDD,Metal1,462.9530,337.0330,4.846510
_10372_,VDD,Metal1,470.7025,307.8435,4.843224
_10371_,VDD,Metal1,469.7650,318.0050,4.844218
_10370_,VDD,Metal1,462.4850,327.1150,4.845489
_10369_,VDD,Metal1,412.4300,590.2015,4.889017
_10368_,VDD,Metal1,382.7825,629.5960,4.896932
_10367_,VDD,Metal1,377.0000,639.6760,4.898781
_10366_,VDD,Metal1,601.5200,568.8730,4.886538
_10365_,VDD,Metal1,608.1430,559.9950,4.884475
_10364_,VDD,Metal1,609.5825,559.0360,4.884475
_10363_,VDD,Metal1,615.1500,549.8815,4.882631
_10362_,VDD,Metal1,396.6000,630.4035,4.897081
_10361_,VDD,Metal1,385.9200,619.2730,4.895107
_10360_,VDD,Metal1,400.9430,548.8050,4.880806
_10359_,VDD,Metal1,419.5200,529.8465,4.877164
_10358_,VDD,Metal1,413.2630,519.6750,4.875178
_10357_,VDD,Metal1,434.8300,519.6415,4.875245
_10356_,VDD,Metal1,427.3600,508.3930,4.873325
_10355_,VDD,Metal1,422.5100,508.5180,4.873280
_10354_,VDD,Metal1,422.3200,469.3665,4.865940
_10353_,VDD,Metal1,407.7600,479.4465,4.867572
_10352_,VDD,Metal1,402.3825,469.1235,4.865889
_10351_,VDD,Metal1,409.2365,488.2330,4.869401
_10350_,VDD,Metal1,414.1100,488.3580,4.869408
_10349_,VDD,Metal1,414.7930,437.8330,4.860829
_10348_,VDD,Metal1,413.8800,417.9160,4.857614
_10347_,VDD,Metal1,426.6450,408.7250,4.856352
_10346_,VDD,Metal1,440.6450,418.8050,4.857748
_10345_,VDD,Metal1,422.6330,457.9930,4.864066
_10344_,VDD,Metal1,403.5025,458.2360,4.863999
_10343_,VDD,Metal1,427.7650,458.1550,4.864070
_10342_,VDD,Metal1,421.0450,448.0750,4.862573
_10341_,VDD,Metal1,402.0630,549.9150,4.880807
_10340_,VDD,Metal1,311.1025,610.2435,4.892336
_10339_,VDD,Metal1,320.4400,619.5160,4.894157
_10338_,VDD,Metal1,529.8400,550.0065,4.881591
_10337_,VDD,Metal1,538.1430,549.9150,4.881639
_10336_,VDD,Metal1,550.7825,539.6835,4.879543
_10335_,VDD,Metal1,542.9100,549.8815,4.881783
_10334_,VDD,Metal1,312.6000,609.4360,4.892337
_10333_,VDD,Metal1,305.2800,609.1930,4.892182
_10332_,VDD,Metal1,304.0630,579.0450,4.886437
_10331_,VDD,Metal1,296.8800,518.4730,4.874658
_10330_,VDD,Metal1,296.3200,508.3930,4.872762
_10329_,VDD,Metal1,299.8700,499.4815,4.870037
_10328_,VDD,Metal1,286.5965,499.6065,4.869967
_10327_,VDD,Metal1,285.7200,347.3560,4.847565
_10326_,VDD,Metal1,225.9825,398.5635,4.854412
_10325_,VDD,Metal1,276.4730,367.2730,4.850254
_10324_,VDD,Metal1,271.6400,368.3235,4.850233
_10323_,VDD,Metal1,239.6050,368.4050,4.850122
_10322_,VDD,Metal1,283.8450,368.4050,4.850325
_10321_,VDD,Metal1,226.2800,388.4835,4.852996
_10320_,VDD,Metal1,220.9100,388.6015,4.852982
_10319_,VDD,Metal1,236.4930,388.8350,4.852996
_10318_,VDD,Metal1,217.8800,387.6760,4.852975
_10317_,VDD,Metal1,226.3200,377.3530,4.851488
_10316_,VDD,Metal1,227.6300,367.3980,4.850047
_10315_,VDD,Metal1,297.3430,579.0450,4.886403
_10314_,VDD,Metal1,316.1425,630.4035,4.896275
_10313_,VDD,Metal1,323.8000,639.6760,4.898176
_10312_,VDD,Metal1,522.0000,570.1665,4.885898
_10311_,VDD,Metal1,534.2230,570.0750,4.885912
_10310_,VDD,Metal1,540.1425,579.1960,4.888386
_10309_,VDD,Metal1,545.1500,559.9615,4.884213
_10308_,VDD,Metal1,309.8000,639.6760,4.898095
_10307_,VDD,Metal1,309.7600,630.6465,4.896271
_10306_,VDD,Metal1,312.4630,579.0450,4.886437
_10305_,VDD,Metal1,314.2400,558.7930,4.882191
_10304_,VDD,Metal1,305.1830,548.8050,4.880400
_10303_,VDD,Metal1,298.7500,548.8380,4.880358
_10302_,VDD,Metal1,285.1200,539.9265,4.878131
_10301_,VDD,Metal1,275.2300,538.7580,4.878114
_10300_,VDD,Metal1,265.5200,286.6330,4.840715
_10299_,VDD,Metal1,228.8730,276.5530,4.839536
_10298_,VDD,Metal1,219.5600,277.6035,4.839538
_10297_,VDD,Metal1,234.0050,276.7150,4.839536
_10296_,VDD,Metal1,227.2850,277.6850,4.839536
_10295_,VDD,Metal1,250.1530,296.7130,4.841608
_10294_,VDD,Metal1,233.8225,297.7635,4.841597
_10293_,VDD,Metal1,255.2850,296.8750,4.841609
_10292_,VDD,Metal1,248.0050,297.8450,4.841608
_10291_,VDD,Metal1,268.8800,277.8465,4.839540
_10290_,VDD,Metal1,270.2225,276.7960,4.839540
_10289_,VDD,Metal1,275.3965,277.8465,4.839542
_10288_,VDD,Metal1,275.7900,276.6780,4.839542
_10287_,VDD,Metal1,316.3830,559.9950,4.882192
_10286_,VDD,Metal1,325.1025,600.1635,4.890127
_10285_,VDD,Metal1,326.6000,619.5160,4.894342
_10284_,VDD,Metal1,489.5200,560.0865,4.883678
_10283_,VDD,Metal1,493.9030,558.8850,4.883704
_10282_,VDD,Metal1,501.5025,559.8435,4.883748
_10281_,VDD,Metal1,496.9900,559.9615,4.883720
_10280_,VDD,Metal1,318.2000,600.1635,4.890127
_10279_,VDD,Metal1,332.7200,599.1130,4.890226
_10278_,VDD,Metal1,343.2630,568.9650,4.884342
_10277_,VDD,Metal1,347.8400,529.8465,4.876775
_10276_,VDD,Metal1,354.4630,518.5650,4.874931
_10275_,VDD,Metal1,364.2700,519.6415,4.874985
_10274_,VDD,Metal1,363.5200,499.6065,4.870448
_10273_,VDD,Metal1,356.8000,478.1530,4.867397
_10272_,VDD,Metal1,363.1825,459.0435,4.863929
_10271_,VDD,Metal1,363.8330,378.6465,4.851710
_10270_,VDD,Metal1,363.1825,388.4835,4.853074
_10269_,VDD,Metal1,368.9650,378.4850,4.851718
_10268_,VDD,Metal1,318.0050,378.4850,4.851665
_10267_,VDD,Metal1,363.3165,457.9930,4.863929
_10266_,VDD,Metal1,363.7425,468.3160,4.865824
_10265_,VDD,Metal1,364.7330,449.3150,4.862411
_10264_,VDD,Metal1,340.0100,469.2580,4.865677
_10263_,VDD,Metal1,332.8130,469.4750,4.865667
_10262_,VDD,Metal1,343.2630,558.8850,4.882204
_10261_,VDD,Metal1,354.2130,619.3815,4.894378
_10260_,VDD,Metal1,364.1200,619.5160,4.894510
_10259_,VDD,Metal1,488.4000,599.1130,4.891835
_10258_,VDD,Metal1,493.9030,589.1250,4.890051
_10257_,VDD,Metal1,501.5025,599.3560,4.893187
_10256_,VDD,Metal1,535.8450,640.5650,4.902321
_10255_,VDD,Metal1,540.6700,640.6015,4.902420
_10254_,VDD,Metal1,533.0450,639.5950,4.902191
_10253_,VDD,Metal1,494.7500,599.2380,4.893187
_10252_,VDD,Metal1,539.2050,639.5950,4.902419
_10251_,VDD,Metal1,547.3900,679.8780,4.914697
_10250_,VDD,Metal1,556.5650,669.8350,4.913127
_10249_,VDD,Metal1,527.2300,659.7180,4.908141
_10248_,VDD,Metal1,352.9200,599.3560,4.890303
_10247_,VDD,Metal1,347.2800,610.4865,4.892578
_10246_,VDD,Metal1,357.8230,568.9650,4.884344
_10245_,VDD,Metal1,358.4800,558.7930,4.882327
_10244_,VDD,Metal1,260.6700,549.8815,4.880176
_10243_,VDD,Metal1,256.4050,529.6850,4.876314
_10242_,VDD,Metal1,366.2230,549.9150,4.880649
_10241_,VDD,Metal1,367.0700,529.7215,4.876808
_10240_,VDD,Metal1,370.4300,508.5180,4.873038
_10239_,VDD,Metal1,290.9510,509.6690,4.872746
_10238_,VDD,Metal1,375.2800,538.6330,4.878313
_10237_,VDD,Metal1,275.2300,508.5180,4.872650
_10236_,VDD,Metal1,273.8265,509.4215,4.872649
_10235_,VDD,Metal1,269.8450,508.5550,4.872612
_10234_,VDD,Metal1,371.9200,328.2465,4.845321
_10233_,VDD,Metal1,363.1825,317.9235,4.843874
_10232_,VDD,Metal1,352.6330,328.2465,4.845311
_10231_,VDD,Metal1,344.1425,337.2760,4.846445
_10230_,VDD,Metal1,356.0850,337.1950,4.846446
_10229_,VDD,Metal1,350.4850,318.0050,4.843847
_10228_,VDD,Metal1,358.7930,296.7130,4.841819
_10227_,VDD,Metal1,350.3025,287.6835,4.840817
_10226_,VDD,Metal1,363.9250,296.8750,4.841819
_10225_,VDD,Metal1,356.0850,277.6850,4.839565
_10224_,VDD,Metal1,274.1100,479.3215,4.867280
_10223_,VDD,Metal1,383.4665,498.3130,4.870642
_10222_,VDD,Metal1,275.2300,499.4815,4.869967
_10221_,VDD,Metal1,279.4265,508.6580,4.872678
_10220_,VDD,Metal1,376.9700,318.0580,4.843882
_10219_,VDD,Metal1,375.6265,469.3665,4.865835
_10218_,VDD,Metal1,384.3330,316.7650,4.843904
_10217_,VDD,Metal1,486.8300,267.7310,4.838926
_10216_,VDD,Metal1,273.1465,488.2330,4.869124
_10215_,VDD,Metal1,355.0230,559.9950,4.882320
_10214_,VDD,Metal1,152.5500,599.2750,4.888680
_10213_,VDD,Metal1,141.0450,569.0350,4.883118
_10212_,VDD,Metal1,122.3500,559.9615,4.881142
_10211_,VDD,Metal1,135.2875,559.8650,4.881142
_10210_,VDD,Metal1,127.0450,549.8450,4.879615
_10209_,VDD,Metal1,251.9250,529.6850,4.876292
_10208_,VDD,Metal1,256.4630,518.5650,4.874521
_10207_,VDD,Metal1,269.8450,489.3650,4.869106
_10206_,VDD,Metal1,603.5465,418.9665,4.858238
_10205_,VDD,Metal1,59.7665,438.8615,4.860144
_10204_,VDD,Metal1,35.4600,397.6750,4.854129
_10203_,VDD,Metal1,122.3500,418.8415,4.857091
_10202_,VDD,Metal1,108.0050,427.9150,4.858734
_10201_,VDD,Metal1,502.1530,973.3665,4.934008
_10200_,VDD,Metal1,509.1600,973.1235,4.934008
_10199_,VDD,Metal1,504.2700,962.1180,4.933779
_10198_,VDD,Metal1,496.9900,973.2415,4.934008
_10197_,VDD,Metal1,504.3930,983.4465,4.934118
_10196_,VDD,Metal1,516.3030,992.3250,4.934461
_10195_,VDD,Metal1,498.7930,983.4465,4.934118
_10194_,VDD,Metal1,227.0700,650.6815,4.899292
_10193_,VDD,Metal1,239.0450,650.6450,4.899440
_10192_,VDD,Metal1,497.4600,953.0450,4.933537
_10191_,VDD,Metal1,497.1465,912.8865,4.932045
_10190_,VDD,Metal1,491.2400,669.9160,4.907728
_10189_,VDD,Metal1,1010.9730,237.6350,4.835796
_10188_,VDD,Metal1,1013.8700,246.4380,4.836714
_10187_,VDD,Metal1,1009.0450,246.4750,4.836718
_10186_,VDD,Metal1,1002.6300,236.3950,4.835824
_10185_,VDD,Metal1,1016.8850,237.3650,4.835795
_10184_,VDD,Metal1,1003.4450,246.4750,4.836729
_10183_,VDD,Metal1,983.8450,227.2850,4.834880
_10182_,VDD,Metal1,370.5965,650.8065,4.900797
_10181_,VDD,Metal1,102.7500,649.6380,4.898423
_10180_,VDD,Metal1,89.0800,680.8035,4.902057
_10179_,VDD,Metal1,37.3965,943.1265,4.911016
_10178_,VDD,Metal1,102.7500,639.5580,4.896067
_10177_,VDD,Metal1,98.0900,620.4580,4.892228
_10176_,VDD,Metal1,584.1700,498.6735,4.872012
_10175_,VDD,Metal1,593.7200,498.5560,4.872049
_10174_,VDD,Metal1,592.2825,620.3235,4.898831
_10173_,VDD,Metal1,593.0230,619.3650,4.898836
_10172_,VDD,Metal1,602.2700,609.3180,4.896412
_10171_,VDD,Metal1,605.1025,619.5160,4.899042
_10170_,VDD,Metal1,608.4300,630.5215,4.900946
_10169_,VDD,Metal1,616.8625,620.3235,4.899334
_10168_,VDD,Metal1,608.4625,629.5960,4.900946
_10167_,VDD,Metal1,583.2300,427.8780,4.859785
_10166_,VDD,Metal1,583.2625,418.7235,4.858177
_10165_,VDD,Metal1,575.9825,418.7235,4.858091
_10164_,VDD,Metal1,590.8800,489.5265,4.870321
_10163_,VDD,Metal1,580.9900,489.4015,4.870264
_10162_,VDD,Metal1,598.9100,488.3580,4.870383
_10161_,VDD,Metal1,589.9825,479.2035,4.868618
_10160_,VDD,Metal1,586.0625,488.4760,4.870291
_10159_,VDD,Metal1,562.5330,649.6215,4.906175
_10158_,VDD,Metal1,55.1500,650.6815,4.897594
_10157_,VDD,Metal1,59.6625,650.5635,4.897668
_10156_,VDD,Metal1,31.4500,659.7015,4.898749
_10155_,VDD,Metal1,36.9430,741.4350,4.903875
_10154_,VDD,Metal1,17.7965,810.7930,4.907621
_10153_,VDD,Metal1,36.2765,740.2330,4.903875
_10152_,VDD,Metal1,569.8825,498.5560,4.871962
_10151_,VDD,Metal1,571.5060,427.7065,4.859706
_10150_,VDD,Metal1,568.7060,468.0265,4.866183
_10149_,VDD,Metal1,569.0500,397.6215,4.854956
_10148_,VDD,Metal1,567.5500,417.7980,4.858073
_10147_,VDD,Metal1,585.1830,489.4350,4.870291
_10146_,VDD,Metal1,606.7825,499.3635,4.872117
_10145_,VDD,Metal1,618.5425,479.2035,4.868833
_10144_,VDD,Metal1,592.5200,488.4760,4.870322
_10143_,VDD,Metal1,603.3000,479.2850,4.868706
_10142_,VDD,Metal1,595.5825,478.3960,4.868657
_10141_,VDD,Metal1,561.0450,488.3950,4.870121
_10140_,VDD,Metal1,587.7100,649.6380,4.907712
_10139_,VDD,Metal1,600.3030,599.2050,4.894339
_10138_,VDD,Metal1,590.2800,600.1635,4.894097
_10137_,VDD,Metal1,592.7500,609.3180,4.896161
_10136_,VDD,Metal1,594.4625,599.3560,4.894205
_10135_,VDD,Metal1,588.3025,599.3560,4.894059
_10134_,VDD,Metal1,628.6225,590.0835,4.891566
_10133_,VDD,Metal1,583.8225,600.1635,4.893951
_10132_,VDD,Metal1,559.7330,650.6980,4.906167
_10131_,VDD,Metal1,568.2025,488.4760,4.870146
_10130_,VDD,Metal1,571.7430,417.7650,4.858077
_10129_,VDD,Metal1,565.1300,408.7780,4.856560
_10128_,VDD,Metal1,570.9100,407.7180,4.856573
_10127_,VDD,Metal1,572.5900,650.6815,4.906737
_10126_,VDD,Metal1,580.1430,649.6050,4.907196
_10125_,VDD,Metal1,598.6800,630.4035,4.900872
_10124_,VDD,Metal1,590.9800,630.4850,4.900872
_10123_,VDD,Metal1,582.7025,619.5160,4.898544
_10122_,VDD,Metal1,569.0500,629.4615,4.900479
_10121_,VDD,Metal1,583.6100,630.5380,4.900744
_10120_,VDD,Metal1,562.7250,498.4750,4.871922
_10119_,VDD,Metal1,559.4800,479.2035,4.868562
_10118_,VDD,Metal1,557.7430,478.2450,4.868562
_10117_,VDD,Metal1,551.9025,469.1235,4.866179
_10116_,VDD,Metal1,557.5025,498.5560,4.871902
_10115_,VDD,Metal1,561.4225,459.0435,4.864762
_10114_,VDD,Metal1,120.1100,659.7180,4.900301
_10113_,VDD,Metal1,114.5425,659.8360,4.900181
_10112_,VDD,Metal1,111.5300,649.6215,4.898425
_10111_,VDD,Metal1,36.3830,751.5150,4.904361
_10110_,VDD,Metal1,23.3965,810.7930,4.907621
_10109_,VDD,Metal1,32.9165,731.4465,4.903289
_10108_,VDD,Metal1,554.1330,659.7015,4.908547
_10107_,VDD,Metal1,569.5600,489.2835,4.870147
_10106_,VDD,Metal1,574.4365,529.8465,4.878069
_10105_,VDD,Metal1,583.2300,529.7215,4.878142
_10104_,VDD,Metal1,584.9425,528.7960,4.878264
_10103_,VDD,Metal1,601.9830,539.8350,4.879996
_10102_,VDD,Metal1,608.7600,549.7635,4.882537
_10101_,VDD,Metal1,606.6600,539.7650,4.880065
_10100_,VDD,Metal1,608.4625,548.9560,4.882537
_10099_,VDD,Metal1,599.8500,548.8215,4.882288
_10098_,VDD,Metal1,599.8500,549.8980,4.882288
_10097_,VDD,Metal1,602.8300,488.3580,4.870552
_10096_,VDD,Metal1,600.9200,489.2835,4.870552
_10095_,VDD,Metal1,601.7425,478.3960,4.868696
_10094_,VDD,Metal1,603.9500,498.4380,4.872110
_10093_,VDD,Metal1,598.3825,479.2035,4.868674
_10092_,VDD,Metal1,613.5025,499.3635,4.872156
_10091_,VDD,Metal1,570.6230,418.8750,4.858077
_10090_,VDD,Metal1,572.4100,398.6980,4.854956
_10089_,VDD,Metal1,566.4300,418.8415,4.858072
_10088_,VDD,Metal1,95.4700,660.7615,4.899583
_10087_,VDD,Metal1,89.9025,660.6435,4.899575
_10086_,VDD,Metal1,81.8500,629.4615,4.894240
_10085_,VDD,Metal1,37.5030,721.2750,4.902809
_10084_,VDD,Metal1,37.3965,810.7930,4.907621
_10083_,VDD,Metal1,32.3565,721.3665,4.902809
_10082_,VDD,Metal1,383.1600,660.6435,4.903210
_10081_,VDD,Metal1,562.6025,519.5235,4.876049
_10080_,VDD,Metal1,569.9465,528.5530,4.878061
_10079_,VDD,Metal1,576.0425,519.5235,4.876210
_10078_,VDD,Metal1,583.2300,469.2415,4.866243
_10077_,VDD,Metal1,579.9025,468.3160,4.866227
_10076_,VDD,Metal1,587.1825,459.0435,4.864897
_10075_,VDD,Metal1,581.5500,519.6415,4.876247
_10074_,VDD,Metal1,578.1900,528.6780,4.878084
_10073_,VDD,Metal1,591.1025,519.5235,4.876321
_10072_,VDD,Metal1,568.4400,538.8760,4.879643
_10071_,VDD,Metal1,567.8230,539.8350,4.879642
_10070_,VDD,Metal1,562.1650,529.6850,4.877978
_10069_,VDD,Metal1,575.1600,539.6835,4.879738
_10068_,VDD,Metal1,542.3825,548.9560,4.881783
_10067_,VDD,Metal1,559.7460,457.9465,4.864761
_10066_,VDD,Metal1,549.4500,398.6980,4.854911
_10065_,VDD,Metal1,523.0230,468.1650,4.866171
_10064_,VDD,Metal1,298.6530,469.4750,4.865535
_10063_,VDD,Metal1,554.4400,468.3160,4.866180
_10062_,VDD,Metal1,543.3800,468.2350,4.866177
_10061_,VDD,Metal1,532.3025,469.1235,4.866175
_10060_,VDD,Metal1,589.1030,458.0850,4.864905
_10059_,VDD,Metal1,562.5460,508.3465,4.874115
_10058_,VDD,Metal1,562.3300,509.5780,4.874115
_10057_,VDD,Metal1,549.5900,508.5550,4.874003
_10056_,VDD,Metal1,579.5250,518.6350,4.876232
_10055_,VDD,Metal1,553.5500,509.5615,4.874048
_10054_,VDD,Metal1,538.9500,508.5550,4.873895
_10053_,VDD,Metal1,538.6450,509.5250,4.873895
_10052_,VDD,Metal1,60.5600,659.5930,4.899213
_10051_,VDD,Metal1,66.6230,610.3950,4.890092
_10050_,VDD,Metal1,37.0500,610.3780,4.889977
_10049_,VDD,Metal1,51.7900,580.1215,4.884735
_10048_,VDD,Metal1,62.6450,579.1150,4.884757
_10047_,VDD,Metal1,43.6630,700.0050,4.903255
_10046_,VDD,Metal1,32.9165,802.0065,4.907440
_10045_,VDD,Metal1,36.8365,701.2065,4.903231
_10044_,VDD,Metal1,564.7825,660.6435,4.908992
_10043_,VDD,Metal1,561.9825,539.6835,4.879602
_10042_,VDD,Metal1,560.9225,489.2835,4.870121
_10041_,VDD,Metal1,564.7860,429.0930,4.859681
_10040_,VDD,Metal1,568.1425,448.9635,4.862906
_10039_,VDD,Metal1,550.7825,388.4835,4.853514
_10038_,VDD,Metal1,69.5200,659.5930,4.899251
_10037_,VDD,Metal1,62.7030,629.4450,4.894127
_10036_,VDD,Metal1,32.0100,629.4615,4.893919
_10035_,VDD,Metal1,71.5130,590.3265,4.886548
_10034_,VDD,Metal1,69.9250,649.6750,4.897900
_10033_,VDD,Metal1,29.6630,710.0850,4.902199
_10032_,VDD,Metal1,34.0365,711.2865,4.902199
_10031_,VDD,Metal1,31.7965,800.7130,4.907440
_10030_,VDD,Metal1,563.6300,538.7580,4.879602
_10029_,VDD,Metal1,567.5825,529.6035,4.878060
_10028_,VDD,Metal1,570.2000,499.3635,4.871962
_10027_,VDD,Metal1,562.2800,499.3635,4.871922
_10026_,VDD,Metal1,568.1425,508.6360,4.874151
_10025_,VDD,Metal1,561.3900,518.5980,4.876049
_10024_,VDD,Metal1,555.8225,508.6360,4.874056
_10023_,VDD,Metal1,567.5825,459.0435,4.864803
_10022_,VDD,Metal1,573.1500,428.9215,4.859707
_10021_,VDD,Metal1,562.6765,449.2065,4.862906
_10020_,VDD,Metal1,574.2700,670.8415,4.913510
_10019_,VDD,Metal1,259.5500,468.1980,4.865410
_10018_,VDD,Metal1,303.4450,478.3150,4.867313
_10017_,VDD,Metal1,556.5165,488.2330,4.870120
_10016_,VDD,Metal1,522.0000,469.3665,4.866171
_10015_,VDD,Metal1,312.1900,478.2780,4.867346
_10014_,VDD,Metal1,303.7900,488.3580,4.869218
_10013_,VDD,Metal1,278.1865,479.4465,4.867281
_10012_,VDD,Metal1,561.9500,549.8815,4.881843
_10011_,VDD,Metal1,567.8800,559.8435,4.884224
_10010_,VDD,Metal1,539.5825,559.8435,4.884131
_10009_,VDD,Metal1,580.4300,559.9615,4.884337
_10008_,VDD,Metal1,622.4625,559.8435,4.884791
_10007_,VDD,Metal1,574.8625,559.8435,4.884231
_10006_,VDD,Metal1,508.7825,630.4035,4.899563
_10005_,VDD,Metal1,515.9900,528.7150,4.877733
_10004_,VDD,Metal1,510.5865,528.5530,4.877695
_10003_,VDD,Metal1,519.9825,549.7635,4.881591
_10002_,VDD,Metal1,566.9900,679.8780,4.914906
_10001_,VDD,Metal1,513.7900,548.8380,4.881552
_10000_,VDD,Metal1,508.7825,559.8435,4.883821
_09999_,VDD,Metal1,512.1425,559.0360,4.883868
_09998_,VDD,Metal1,509.3065,529.8465,4.877695
_09997_,VDD,Metal1,505.6050,519.6050,4.875723
_09996_,VDD,Metal1,567.7165,519.7665,4.876080
_09995_,VDD,Metal1,571.5625,458.2360,4.864841
_09994_,VDD,Metal1,577.3430,449.1150,4.862962
_09993_,VDD,Metal1,582.1100,449.0815,4.862997
_09992_,VDD,Metal1,584.0630,458.0850,4.864885
_09991_,VDD,Metal1,570.6230,437.9250,4.861388
_09990_,VDD,Metal1,568.1425,387.6760,4.853702
_09989_,VDD,Metal1,584.6230,518.5650,4.876256
_09988_,VDD,Metal1,560.2700,427.8780,4.859669
_09987_,VDD,Metal1,578.9165,457.9930,4.864881
_09986_,VDD,Metal1,584.9100,679.8780,4.916097
_09985_,VDD,Metal1,598.1200,518.7160,4.876382
_09984_,VDD,Metal1,597.7900,509.5615,4.874384
_09983_,VDD,Metal1,542.3825,518.7160,4.875911
_09982_,VDD,Metal1,591.6625,518.7160,4.876321
_09981_,VDD,Metal1,514.2000,509.4435,4.873528
_09980_,VDD,Metal1,516.9700,518.5815,4.875796
_09979_,VDD,Metal1,498.9430,499.5150,4.871695
_09978_,VDD,Metal1,508.3465,498.3130,4.871789
_09977_,VDD,Metal1,571.6265,518.4730,4.876208
_09976_,VDD,Metal1,514.0050,498.4750,4.871802
_09975_,VDD,Metal1,68.9600,660.8865,4.899250
_09974_,VDD,Metal1,69.5200,619.2730,4.892064
_09973_,VDD,Metal1,68.5900,599.2380,4.888385
_09972_,VDD,Metal1,58.3300,610.3780,4.890065
_09971_,VDD,Metal1,41.9830,701.1150,4.903252
_09970_,VDD,Metal1,37.3965,820.8730,4.907687
_09969_,VDD,Metal1,35.1565,709.9930,4.902199
_09968_,VDD,Metal1,456.5800,1084.0850,4.933282
_09967_,VDD,Metal1,138.0530,679.8615,4.902879
_09966_,VDD,Metal1,117.0800,660.6435,4.900234
_09965_,VDD,Metal1,114.3300,629.4615,4.894392
_09964_,VDD,Metal1,39.1830,691.0350,4.902900
_09963_,VDD,Metal1,32.9165,810.7930,4.907621
_09962_,VDD,Metal1,37.4450,921.8350,4.910541
_09961_,VDD,Metal1,34.0065,1022.7380,4.912825
_09960_,VDD,Metal1,32.9900,1033.6850,4.913017
_09959_,VDD,Metal1,67.1500,1094.1650,4.915556
_09958_,VDD,Metal1,33.9060,812.1330,4.907621
_09957_,VDD,Metal1,30.6600,820.7930,4.907687
_09956_,VDD,Metal1,33.9725,973.3310,4.911975
_09955_,VDD,Metal1,36.7060,1042.5865,4.913284
_09954_,VDD,Metal1,37.7900,972.1980,4.911975
_09953_,VDD,Metal1,67.7430,1074.0750,4.914210
_09952_,VDD,Metal1,37.8475,931.9750,4.910870
_09951_,VDD,Metal1,68.2450,669.8350,4.900368
_09950_,VDD,Metal1,38.5165,699.9130,4.903233
_09949_,VDD,Metal1,36.8265,933.0465,4.910870
_09948_,VDD,Metal1,31.7665,952.9415,4.911606
_09947_,VDD,Metal1,34.6700,1003.4450,4.912456
_09946_,VDD,Metal1,38.0300,1093.1950,4.914582
_09945_,VDD,Metal1,30.5460,740.1865,4.903875
_09944_,VDD,Metal1,30.1000,701.2865,4.903182
_09943_,VDD,Metal1,33.7050,992.2740,4.912312
_09942_,VDD,Metal1,30.5460,1012.3465,4.912706
_09941_,VDD,Metal1,27.1500,953.0815,4.911606
_09940_,VDD,Metal1,43.1030,1084.1550,4.915627
_09939_,VDD,Metal1,523.1950,529.7200,4.877758
_09938_,VDD,Metal1,519.6300,509.5250,4.873566
_09937_,VDD,Metal1,524.2800,498.5560,4.871855
_09936_,VDD,Metal1,531.5300,489.4180,4.870029
_09935_,VDD,Metal1,510.8100,478.2615,4.868327
_09934_,VDD,Metal1,520.9200,590.0835,4.890473
_09933_,VDD,Metal1,520.3300,599.2215,4.893394
_09932_,VDD,Metal1,510.2500,590.2180,4.890291
_09931_,VDD,Metal1,529.0330,499.6065,4.871864
_09930_,VDD,Metal1,541.5600,459.0435,4.864689
_09929_,VDD,Metal1,547.8600,438.9650,4.861126
_09928_,VDD,Metal1,548.8900,397.6215,4.854911
_09927_,VDD,Metal1,545.8665,469.3665,4.866177
_09926_,VDD,Metal1,532.9865,468.0730,4.866175
_09925_,VDD,Metal1,532.9865,479.4465,4.868469
_09924_,VDD,Metal1,540.2665,469.3665,4.866177
_09923_,VDD,Metal1,496.9900,479.3215,4.868246
_09922_,VDD,Metal1,552.0365,459.2865,4.864728
_09921_,VDD,Metal1,561.3900,660.7615,4.908991
_09920_,VDD,Metal1,462.8300,469.2415,4.866109
_09919_,VDD,Metal1,188.0850,468.2350,4.865350
_09918_,VDD,Metal1,544.7465,488.2330,4.870094
_09917_,VDD,Metal1,531.5600,508.6360,4.873694
_09916_,VDD,Metal1,467.1600,478.3960,4.868090
_09915_,VDD,Metal1,525.1465,478.1530,4.868462
_09914_,VDD,Metal1,519.8000,508.6360,4.873566
_09913_,VDD,Metal1,508.0100,518.5815,4.875723
_09912_,VDD,Metal1,519.0450,498.4750,4.871825
_09911_,VDD,Metal1,525.7650,488.3950,4.869999
_09910_,VDD,Metal1,522.4050,479.2850,4.868462
_09909_,VDD,Metal1,475.1500,509.5615,4.873485
_09908_,VDD,Metal1,510.2500,469.2580,4.866167
_09907_,VDD,Metal1,513.4450,479.2850,4.868338
_09906_,VDD,Metal1,518.9865,478.1530,4.868458
_09905_,VDD,Metal1,526.8850,479.2850,4.868463
_09904_,VDD,Metal1,500.9100,479.3215,4.868263
_09903_,VDD,Metal1,502.0300,488.3580,4.869868
_09902_,VDD,Metal1,500.9065,528.5530,4.877644
_09901_,VDD,Metal1,508.9650,479.2850,4.868327
_09900_,VDD,Metal1,505.9500,488.3580,4.869889
_09899_,VDD,Metal1,501.1250,519.6050,4.875674
_09898_,VDD,Metal1,526.6665,518.4730,4.875868
_09897_,VDD,Metal1,514.3500,489.4015,4.869997
_09896_,VDD,Metal1,568.9465,479.1815,4.868579
_09895_,VDD,Metal1,531.3650,488.3950,4.870030
_09894_,VDD,Metal1,490.8300,499.4815,4.871247
_09893_,VDD,Metal1,501.4700,498.4380,4.871697
_09892_,VDD,Metal1,521.8450,519.6050,4.875835
_09891_,VDD,Metal1,506.5675,489.3050,4.869889
_09890_,VDD,Metal1,575.6050,489.3650,4.870212
_09889_,VDD,Metal1,134.9465,327.0430,4.844904
_09888_,VDD,Metal1,38.4730,368.2830,4.849949
_09887_,VDD,Metal1,39.0465,367.5380,4.849949
_09886_,VDD,Metal1,356.6450,670.8050,4.904727
_09885_,VDD,Metal1,346.2600,700.0750,4.910144
_09884_,VDD,Metal1,334.1665,669.9380,4.904388
_09883_,VDD,Metal1,325.8450,660.7250,4.902130
_09882_,VDD,Metal1,403.0665,670.9665,4.905964
_09881_,VDD,Metal1,392.7900,660.7250,4.903916
_09880_,VDD,Metal1,332.0665,650.7165,4.900244
_09879_,VDD,Metal1,395.0300,670.8050,4.905560
_09878_,VDD,Metal1,377.2075,680.8250,4.907623
_09877_,VDD,Metal1,376.2450,679.9150,4.907622
_09876_,VDD,Metal1,370.3900,680.8850,4.907471
_09875_,VDD,Metal1,372.3250,669.8350,4.905101
_09874_,VDD,Metal1,366.7250,689.9950,4.909353
_09873_,VDD,Metal1,359.1040,1074.1720,4.922321
_09872_,VDD,Metal1,509.4665,1003.4980,4.934781
_09871_,VDD,Metal1,512.8850,973.2050,4.934008
_09870_,VDD,Metal1,511.0475,983.2250,4.934118
_09869_,VDD,Metal1,347.3800,1074.0050,4.921597
_09868_,VDD,Metal1,352.1650,1094.1650,4.922459
_09867_,VDD,Metal1,416.3500,1084.1215,4.929998
_09866_,VDD,Metal1,426.9500,1093.1950,4.933624
_09865_,VDD,Metal1,402.0300,1084.0850,4.929814
_09864_,VDD,Metal1,390.2450,1074.0050,4.924601
_09863_,VDD,Metal1,343.3600,649.5130,4.900579
_09862_,VDD,Metal1,290.0630,640.6350,4.897810
_09861_,VDD,Metal1,284.7500,670.8415,4.903380
_09860_,VDD,Metal1,278.3030,660.7950,4.901817
_09859_,VDD,Metal1,293.7100,670.8415,4.903420
_09858_,VDD,Metal1,298.6600,659.7550,4.901862
_09857_,VDD,Metal1,289.2625,650.5635,4.899779
_09856_,VDD,Metal1,323.8600,650.6450,4.899981
_09855_,VDD,Metal1,332.2000,660.6435,4.902130
_09854_,VDD,Metal1,316.8265,650.8065,4.899974
_09853_,VDD,Metal1,152.5900,669.7980,4.901041
_09852_,VDD,Metal1,167.3165,650.8065,4.898852
_09851_,VDD,Metal1,148.8365,689.8330,4.905830
_09850_,VDD,Metal1,159.8700,670.8415,4.901162
_09849_,VDD,Metal1,270.9165,590.3265,4.887789
_09848_,VDD,Metal1,289.6000,649.6415,4.899779
_09847_,VDD,Metal1,264.5900,589.1580,4.887721
_09846_,VDD,Metal1,264.8665,599.3780,4.889689
_09845_,VDD,Metal1,253.3900,590.2015,4.887656
_09844_,VDD,Metal1,262.0050,590.1650,4.887696
_09843_,VDD,Metal1,171.0700,599.2380,4.889249
_09842_,VDD,Metal1,179.7465,599.3780,4.889249
_09841_,VDD,Metal1,168.1800,659.7550,4.900620
_09840_,VDD,Metal1,159.0800,650.5635,4.898852
_09839_,VDD,Metal1,160.6450,640.5650,4.896249
_09838_,VDD,Metal1,155.0450,670.8050,4.901065
_09837_,VDD,Metal1,493.2265,679.7530,4.910647
_09836_,VDD,Metal1,489.7100,670.8415,4.907727
_09835_,VDD,Metal1,507.1625,680.8035,4.911218
_09834_,VDD,Metal1,505.6300,679.9150,4.911216
_09833_,VDD,Metal1,506.1065,670.9665,4.907827
_09832_,VDD,Metal1,503.9500,659.7550,4.907388
_09831_,VDD,Metal1,508.3565,709.9930,4.924517
_09830_,VDD,Metal1,513.3965,701.2065,4.921030
_09829_,VDD,Metal1,499.7900,701.0815,4.920561
_09828_,VDD,Metal1,515.6850,710.1550,4.924517
_09827_,VDD,Metal1,503.7100,710.1180,4.924517
_09826_,VDD,Metal1,508.2825,700.9635,4.921015
_09825_,VDD,Metal1,508.4300,720.2350,4.924957
_09824_,VDD,Metal1,513.4450,689.9950,4.915059
_09823_,VDD,Metal1,510.0365,699.9130,4.921028
_09822_,VDD,Metal1,502.5900,691.0015,4.913499
_09821_,VDD,Metal1,506.7830,691.0350,4.913762
_09820_,VDD,Metal1,508.4665,690.0980,4.913764
_09819_,VDD,Metal1,516.3030,1032.6450,4.935564
_09818_,VDD,Metal1,506.9800,1043.7650,4.935842
_09817_,VDD,Metal1,708.3830,1074.0750,4.957084
_09816_,VDD,Metal1,516.3030,720.1650,4.924956
_09815_,VDD,Metal1,510.9000,730.3150,4.925375
_09814_,VDD,Metal1,511.8230,691.0350,4.913914
_09813_,VDD,Metal1,517.1500,1023.6415,4.935310
_09812_,VDD,Metal1,514.1600,1074.1665,4.939122
_09811_,VDD,Metal1,546.1200,1083.1960,4.939931
_09810_,VDD,Metal1,896.2200,1082.8535,4.975875
_09809_,VDD,Metal1,911.6665,1083.2180,4.980805
_09808_,VDD,Metal1,512.1100,1063.9615,4.936350
_09807_,VDD,Metal1,514.9100,1094.2015,4.940938
_09806_,VDD,Metal1,538.9900,1083.0780,4.939931
_09805_,VDD,Metal1,600.7565,1074.1665,4.947782
_09804_,VDD,Metal1,632.3200,1093.0330,4.952365
_09803_,VDD,Metal1,663.3100,1083.0780,4.951308
_09802_,VDD,Metal1,769.1500,1083.0780,4.958054
_09801_,VDD,Metal1,591.8450,1084.0850,4.945095
_09800_,VDD,Metal1,596.6700,1093.1580,4.948530
_09799_,VDD,Metal1,843.2265,1093.0330,4.971916
_09798_,VDD,Metal1,524.3150,1084.1225,4.939877
_09797_,VDD,Metal1,518.2700,1072.9980,4.939298
_09796_,VDD,Metal1,552.0850,1093.1950,4.944865
_09795_,VDD,Metal1,505.9000,1084.3460,4.938656
_09794_,VDD,Metal1,764.3830,1083.0450,4.958054
_09793_,VDD,Metal1,802.0100,1083.8860,4.961501
_09792_,VDD,Metal1,806.4800,1082.9530,4.961942
_09791_,VDD,Metal1,775.0800,1083.1960,4.960425
_09790_,VDD,Metal1,804.4300,1074.0415,4.965508
_09789_,VDD,Metal1,820.2765,1074.1665,4.967163
_09788_,VDD,Metal1,818.4300,1094.2015,4.970979
_09787_,VDD,Metal1,827.0450,1084.0850,4.962095
_09786_,VDD,Metal1,853.0350,1084.1225,4.964576
_09785_,VDD,Metal1,869.9500,1093.1580,4.974427
_09784_,VDD,Metal1,707.9950,1084.1225,4.956767
_09783_,VDD,Metal1,865.1250,1083.1150,4.967485
_09782_,VDD,Metal1,896.3275,1093.2550,4.979084
_09781_,VDD,Metal1,841.8000,1083.1960,4.963022
_09780_,VDD,Metal1,890.5900,1084.2110,4.975622
_09779_,VDD,Metal1,774.4630,1093.1250,4.964943
_09778_,VDD,Metal1,845.8700,1083.0780,4.963365
_09777_,VDD,Metal1,776.9400,1084.3460,4.960427
_09776_,VDD,Metal1,773.8450,1074.0050,4.961551
_09775_,VDD,Metal1,503.3165,720.0730,4.924957
_09774_,VDD,Metal1,514.9100,700.0380,4.921032
_09773_,VDD,Metal1,513.0800,680.8035,4.911461
_09772_,VDD,Metal1,493.6300,670.8415,4.907747
_09771_,VDD,Metal1,509.7800,659.7550,4.907560
_09770_,VDD,Metal1,502.7465,660.8865,4.907388
_09769_,VDD,Metal1,499.7900,659.7180,4.907381
_09768_,VDD,Metal1,527.5030,669.7650,4.908791
_09767_,VDD,Metal1,512.3830,679.8450,4.911460
_09766_,VDD,Metal1,521.8450,669.8350,4.908574
_09765_,VDD,Metal1,516.7130,669.6730,4.907908
_09764_,VDD,Metal1,517.1500,679.8780,4.911669
_09763_,VDD,Metal1,511.7650,670.8050,4.907831
_09762_,VDD,Metal1,518.2700,689.9580,4.915503
_09761_,VDD,Metal1,116.7860,479.4930,4.866854
_09760_,VDD,Metal1,149.0500,528.6615,4.875676
_09759_,VDD,Metal1,131.8700,479.3215,4.866903
_09758_,VDD,Metal1,114.6765,357.1930,4.848723
_09757_,VDD,Metal1,107.4450,347.2750,4.847510
_09756_,VDD,Metal1,119.7165,489.5265,4.868593
_09755_,VDD,Metal1,140.4365,528.5530,4.875676
_09754_,VDD,Metal1,129.6300,469.2415,4.865071
_09753_,VDD,Metal1,138.7565,478.1530,4.866916
_09752_,VDD,Metal1,146.6450,478.3150,4.866921
_09751_,VDD,Metal1,138.3030,469.2750,4.865117
_09750_,VDD,Metal1,94.2600,428.8850,4.858694
_09749_,VDD,Metal1,100.9200,428.8035,4.858694
_09748_,VDD,Metal1,133.1565,459.2865,4.863443
_09747_,VDD,Metal1,137.5275,468.2950,4.865117
_09746_,VDD,Metal1,154.4850,458.1550,4.863533
_09745_,VDD,Metal1,128.4200,459.1250,4.863431
_09744_,VDD,Metal1,146.9900,448.0380,4.861733
_09743_,VDD,Metal1,146.6450,437.9950,4.860243
_09742_,VDD,Metal1,124.4240,457.9950,4.863428
_09741_,VDD,Metal1,92.3830,479.3550,4.866805
_09740_,VDD,Metal1,154.4365,538.6330,4.877682
_09739_,VDD,Metal1,153.7100,568.9980,4.883167
_09738_,VDD,Metal1,83.1500,418.8415,4.857099
_09737_,VDD,Metal1,82.6475,458.2150,4.863404
_09736_,VDD,Metal1,81.4700,469.2415,4.865027
_09735_,VDD,Metal1,82.4400,468.3160,4.865027
_09734_,VDD,Metal1,90.9900,418.8415,4.857099
_09733_,VDD,Metal1,154.9865,518.4730,4.874185
_09732_,VDD,Metal1,156.7250,529.6850,4.875728
_09731_,VDD,Metal1,168.5430,518.5650,4.874221
_09730_,VDD,Metal1,103.2200,358.3250,4.848722
_09729_,VDD,Metal1,108.3825,357.4360,4.848723
_09728_,VDD,Metal1,87.0700,316.9980,4.843698
_09727_,VDD,Metal1,97.3065,348.4065,4.847511
_09726_,VDD,Metal1,151.6365,578.9530,4.885336
_09725_,VDD,Metal1,86.5100,468.1980,4.865036
_09724_,VDD,Metal1,134.7275,569.0950,4.883095
_09723_,VDD,Metal1,96.3030,478.2450,4.866810
_09722_,VDD,Metal1,130.6600,508.5550,4.872104
_09721_,VDD,Metal1,133.9600,499.3635,4.869728
_09720_,VDD,Metal1,167.7100,538.7580,4.877730
_09719_,VDD,Metal1,169.4475,539.7050,4.877732
_09718_,VDD,Metal1,173.5250,539.7650,4.877761
_09717_,VDD,Metal1,166.2450,519.6050,4.874210
_09716_,VDD,Metal1,171.6300,519.6415,4.874229
_09715_,VDD,Metal1,179.4300,518.6350,4.874272
_09714_,VDD,Metal1,193.6850,518.6350,4.874337
_09713_,VDD,Metal1,188.1430,538.7250,4.877812
_09712_,VDD,Metal1,187.3100,558.9180,4.881521
_09711_,VDD,Metal1,158.1100,499.5710,4.869730
_09710_,VDD,Metal1,150.3910,508.4105,4.872157
_09709_,VDD,Metal1,102.2475,468.2950,4.865051
_09708_,VDD,Metal1,96.3030,468.1650,4.865046
_09707_,VDD,Metal1,87.8450,459.1250,4.863409
_09706_,VDD,Metal1,93.7900,439.0015,4.860142
_09705_,VDD,Metal1,81.7465,438.8615,4.860142
_09704_,VDD,Metal1,112.4365,457.9930,4.863428
_09703_,VDD,Metal1,110.2880,498.4325,4.869657
_09702_,VDD,Metal1,114.2230,468.1650,4.865064
_09701_,VDD,Metal1,116.7500,498.4380,4.869668
_09700_,VDD,Metal1,119.1175,508.3500,4.872063
_09699_,VDD,Metal1,115.6300,509.5615,4.872063
_09698_,VDD,Metal1,106.7025,499.2460,4.869656
_09697_,VDD,Metal1,107.7900,508.5180,4.872045
_09696_,VDD,Metal1,166.5900,418.8415,4.857385
_09695_,VDD,Metal1,166.8630,428.9550,4.858826
_09694_,VDD,Metal1,186.1900,458.1180,4.863652
_09693_,VDD,Metal1,193.6850,459.1250,4.863674
_09692_,VDD,Metal1,197.8600,449.0450,4.861904
_09691_,VDD,Metal1,192.8700,468.2350,4.865356
_09690_,VDD,Metal1,177.7900,448.0380,4.861807
_09689_,VDD,Metal1,161.5500,459.1615,4.863606
_09688_,VDD,Metal1,175.9200,459.2865,4.863638
_09687_,VDD,Metal1,151.4700,286.7580,4.840583
_09686_,VDD,Metal1,140.5100,277.6850,4.839534
_09685_,VDD,Metal1,134.8265,277.8465,4.839535
_09684_,VDD,Metal1,139.3065,267.7665,4.838365
_09683_,VDD,Metal1,138.8930,287.8415,4.840570
_09682_,VDD,Metal1,151.4700,246.4380,4.836770
_09681_,VDD,Metal1,148.2665,236.2330,4.835911
_09680_,VDD,Metal1,75.9060,550.0530,4.879478
_09679_,VDD,Metal1,71.9825,539.6835,4.877533
_09678_,VDD,Metal1,70.5430,580.1550,4.884773
_09677_,VDD,Metal1,78.0200,538.7950,4.877537
_09676_,VDD,Metal1,75.1600,529.6035,4.875540
_09675_,VDD,Metal1,79.6000,498.3130,4.869569
_09674_,VDD,Metal1,78.6200,499.7060,4.869569
_09673_,VDD,Metal1,362.5900,650.6815,4.900724
_09672_,VDD,Metal1,367.7965,669.6730,4.905006
_09671_,VDD,Metal1,352.2230,669.7650,4.904432
_09670_,VDD,Metal1,62.0265,518.4730,4.874026
_09669_,VDD,Metal1,57.1065,538.8980,4.877532
_09668_,VDD,Metal1,35.7900,548.8750,4.879423
_09667_,VDD,Metal1,34.1430,539.8350,4.877531
_09666_,VDD,Metal1,21.7900,548.8750,4.879408
_09665_,VDD,Metal1,61.0265,549.7415,4.879453
_09664_,VDD,Metal1,69.1500,518.5980,4.874026
_09663_,VDD,Metal1,74.1900,528.6780,4.875540
_09662_,VDD,Metal1,93.6930,529.9550,4.875575
_09661_,VDD,Metal1,91.7900,498.4750,4.869627
_09660_,VDD,Metal1,88.1900,479.3215,4.866803
_09659_,VDD,Metal1,384.9900,659.7180,4.903678
_09658_,VDD,Metal1,388.9100,659.7180,4.903795
_09657_,VDD,Metal1,135.2300,539.8015,4.877625
_09656_,VDD,Metal1,60.9165,508.3930,4.872049
_09655_,VDD,Metal1,61.3100,509.5615,4.872049
_09654_,VDD,Metal1,57.4260,498.2665,4.869570
_09653_,VDD,Metal1,49.2050,489.3650,4.868529
_09652_,VDD,Metal1,50.5800,488.3950,4.868528
_09651_,VDD,Metal1,39.1500,469.2050,4.865053
_09650_,VDD,Metal1,38.8200,478.3150,4.866819
_09649_,VDD,Metal1,29.3500,488.3950,4.868547
_09648_,VDD,Metal1,100.1165,498.3130,4.869645
_09647_,VDD,Metal1,62.5965,568.8730,4.882944
_09646_,VDD,Metal1,69.9830,549.9150,4.879468
_09645_,VDD,Metal1,74.7500,448.0380,4.861660
_09644_,VDD,Metal1,64.7930,580.2465,4.884758
_09643_,VDD,Metal1,72.7250,589.1950,4.886548
_09642_,VDD,Metal1,87.7530,508.3930,4.872045
_09641_,VDD,Metal1,86.7830,498.4050,4.869619
_09640_,VDD,Metal1,98.2700,519.6415,4.874037
_09639_,VDD,Metal1,94.4730,508.3930,4.872046
_09638_,VDD,Metal1,73.6300,508.5180,4.872045
_09637_,VDD,Metal1,108.7200,518.4730,4.874045
_09636_,VDD,Metal1,100.1650,489.3650,4.868577
_09635_,VDD,Metal1,83.1500,459.1615,4.863404
_09634_,VDD,Metal1,90.7065,468.3380,4.865039
_09633_,VDD,Metal1,78.1100,488.3580,4.868527
_09632_,VDD,Metal1,94.8700,489.3650,4.868558
_09631_,VDD,Metal1,82.2450,489.3650,4.868534
_09630_,VDD,Metal1,92.1460,488.1865,4.868555
_09629_,VDD,Metal1,90.6450,478.3150,4.866804
_09628_,VDD,Metal1,85.9500,488.3580,4.868542
_09627_,VDD,Metal1,73.7975,438.0335,4.860135
_09626_,VDD,Metal1,102.7500,508.5180,4.872046
_09625_,VDD,Metal1,132.9000,660.7250,4.900550
_09624_,VDD,Metal1,139.7425,649.7560,4.898538
_09623_,VDD,Metal1,214.9650,448.0750,4.861956
_09622_,VDD,Metal1,210.4850,448.0750,4.861956
_09621_,VDD,Metal1,218.1100,428.9215,4.858942
_09620_,VDD,Metal1,447.1500,508.5180,4.873366
_09619_,VDD,Metal1,452.2260,508.3465,4.873366
_09618_,VDD,Metal1,442.0200,499.4450,4.871053
_09617_,VDD,Metal1,435.8000,488.4760,4.869451
_09616_,VDD,Metal1,429.4450,488.3950,4.869448
_09615_,VDD,Metal1,240.7250,488.3950,4.868953
_09614_,VDD,Metal1,466.1900,508.5180,4.873422
_09613_,VDD,Metal1,169.9860,459.3330,4.863638
_09612_,VDD,Metal1,152.0300,348.2815,4.847524
_09611_,VDD,Metal1,171.6300,448.0380,4.861806
_09610_,VDD,Metal1,195.6200,469.2050,4.865362
_09609_,VDD,Metal1,161.0260,488.1865,4.868804
_09608_,VDD,Metal1,161.0475,489.3050,4.868804
_09607_,VDD,Metal1,176.9430,469.2750,4.865311
_09606_,VDD,Metal1,188.4300,469.2415,4.865350
_09605_,VDD,Metal1,209.8665,458.1015,4.863720
_09604_,VDD,Metal1,176.5800,478.3150,4.866935
_09603_,VDD,Metal1,437.6875,478.3750,4.867673
_09602_,VDD,Metal1,235.8800,640.4835,4.897189
_09601_,VDD,Metal1,186.6600,649.6750,4.899166
_09600_,VDD,Metal1,177.5030,649.6050,4.898918
_09599_,VDD,Metal1,170.5100,640.6015,4.896249
_09598_,VDD,Metal1,236.7400,671.0465,4.902367
_09597_,VDD,Metal1,237.6700,679.9150,4.903512
_09596_,VDD,Metal1,249.4700,680.9215,4.903920
_09595_,VDD,Metal1,244.6450,660.7250,4.901489
_09594_,VDD,Metal1,265.1100,689.9950,4.907701
_09593_,VDD,Metal1,165.9400,680.8850,4.903197
_09592_,VDD,Metal1,283.6300,679.8780,4.906490
_09591_,VDD,Metal1,535.4800,670.7235,4.909094
_09590_,VDD,Metal1,528.2000,670.7235,4.908792
_09589_,VDD,Metal1,503.3065,639.4330,4.901447
_09588_,VDD,Metal1,503.9250,650.6450,4.904100
_09587_,VDD,Metal1,169.2240,558.7950,4.881463
_09586_,VDD,Metal1,160.0065,559.8215,4.881400
_09585_,VDD,Metal1,163.4450,558.9550,4.881415
_09584_,VDD,Metal1,163.1900,569.0350,4.883170
_09583_,VDD,Metal1,153.3065,347.2215,4.847524
_09582_,VDD,Metal1,111.8600,338.4065,4.846036
_09581_,VDD,Metal1,76.1100,318.0050,4.843726
_09580_,VDD,Metal1,138.3500,297.7850,4.841545
_09579_,VDD,Metal1,112.5100,286.7950,4.840538
_09578_,VDD,Metal1,482.4875,660.6650,4.906604
_09577_,VDD,Metal1,469.5500,670.8415,4.907475
_09576_,VDD,Metal1,519.6050,670.8050,4.908494
_09575_,VDD,Metal1,552.2400,689.9615,4.917636
_09574_,VDD,Metal1,509.1600,721.1235,4.924957
_09573_,VDD,Metal1,517.0700,760.4285,4.926552
_09572_,VDD,Metal1,516.8665,751.3415,4.926172
_09571_,VDD,Metal1,517.3650,750.4750,4.926172
_09570_,VDD,Metal1,552.0850,690.9650,4.917636
_09569_,VDD,Metal1,542.6230,679.8450,4.914697
_09568_,VDD,Metal1,543.9400,700.0750,4.922494
_09567_,VDD,Metal1,465.0300,679.9150,4.910019
_09566_,VDD,Metal1,499.7900,679.8780,4.910875
_09565_,VDD,Metal1,80.6230,650.7150,4.898131
_09564_,VDD,Metal1,88.4050,649.6750,4.898208
_09563_,VDD,Metal1,74.7100,649.6750,4.898004
_09562_,VDD,Metal1,65.4450,600.2450,4.888372
_09561_,VDD,Metal1,65.2300,650.6815,4.897784
_09560_,VDD,Metal1,53.9900,659.7550,4.899213
_09559_,VDD,Metal1,52.0050,670.8050,4.900360
_09558_,VDD,Metal1,148.5800,649.6750,4.898539
_09557_,VDD,Metal1,148.6700,669.7980,4.901032
_09556_,VDD,Metal1,186.4300,670.8050,4.901686
_09555_,VDD,Metal1,192.0630,660.7950,4.901024
_09554_,VDD,Metal1,198.7250,640.5650,4.896827
_09553_,VDD,Metal1,37.1400,669.8350,4.900276
_09552_,VDD,Metal1,153.7100,689.9580,4.905833
_09551_,VDD,Metal1,13.0600,640.5650,4.895544
_09550_,VDD,Metal1,107.2300,600.2815,4.888590
_09549_,VDD,Metal1,74.6600,498.4750,4.869569
_09548_,VDD,Metal1,83.1500,529.7215,4.875574
_09547_,VDD,Metal1,103.1200,519.7665,4.874037
_09546_,VDD,Metal1,108.9100,519.6415,4.874045
_09545_,VDD,Metal1,108.8700,528.7150,4.875664
_09544_,VDD,Metal1,111.9250,538.7950,4.877545
_09543_,VDD,Metal1,89.5250,509.5250,4.872045
_09542_,VDD,Metal1,136.1785,439.2325,4.860222
_09541_,VDD,Metal1,117.1200,418.8380,4.857091
_09540_,VDD,Metal1,122.3500,439.0015,4.860219
_09539_,VDD,Metal1,134.5200,488.4760,4.868630
_09538_,VDD,Metal1,113.9860,427.7065,4.858737
_09537_,VDD,Metal1,99.0700,418.8050,4.857098
_09536_,VDD,Metal1,108.3500,428.9215,4.858734
_09535_,VDD,Metal1,105.5500,428.9215,4.858697
_09534_,VDD,Metal1,125.9500,417.8350,4.857298
_09533_,VDD,Metal1,147.9200,568.8730,4.883167
_09532_,VDD,Metal1,130.1900,570.0415,4.883083
_09531_,VDD,Metal1,114.2230,580.1550,4.885043
_09530_,VDD,Metal1,121.3225,580.0035,4.885043
_09529_,VDD,Metal1,107.1900,590.1650,4.886793
_09528_,VDD,Metal1,113.5465,570.1665,4.883000
_09527_,VDD,Metal1,102.7500,549.8815,4.879587
_09526_,VDD,Metal1,166.5900,590.2015,4.887165
_09525_,VDD,Metal1,284.7500,650.6815,4.899772
_09524_,VDD,Metal1,282.7865,669.9380,4.902849
_09523_,VDD,Metal1,342.9900,659.7180,4.902138
_09522_,VDD,Metal1,138.5000,689.9950,4.905830
_09521_,VDD,Metal1,288.9430,670.8750,4.903420
_09520_,VDD,Metal1,291.4700,679.8780,4.906673
_09519_,VDD,Metal1,117.7480,326.8185,4.844896
_09518_,VDD,Metal1,131.7200,328.0035,4.844902
_09517_,VDD,Metal1,36.5800,327.1150,4.844970
_09516_,VDD,Metal1,132.7065,337.2980,4.846036
_09515_,VDD,Metal1,127.9100,317.0350,4.843656
_09514_,VDD,Metal1,136.4075,317.9450,4.843652
_09513_,VDD,Metal1,139.1465,316.8730,4.843652
_09512_,VDD,Metal1,158.1100,257.6510,4.837682
_09511_,VDD,Metal1,174.8000,307.9580,4.842551
_09510_,VDD,Metal1,170.5100,318.0415,4.843669
_09509_,VDD,Metal1,131.4665,276.5530,4.839535
_09508_,VDD,Metal1,158.2225,277.4860,4.839536
_09507_,VDD,Metal1,174.4300,276.6780,4.839550
_09506_,VDD,Metal1,168.0800,276.6815,4.839549
_09505_,VDD,Metal1,155.9500,276.6780,4.839530
_09504_,VDD,Metal1,152.5625,297.9685,4.841551
_09503_,VDD,Metal1,158.7825,297.0735,4.841551
_09502_,VDD,Metal1,161.5500,307.9615,4.842551
_09501_,VDD,Metal1,158.7825,286.9935,4.840595
_09500_,VDD,Metal1,190.1100,296.8380,4.841567
_09499_,VDD,Metal1,158.2225,287.5660,4.840595
_09498_,VDD,Metal1,173.8700,306.9180,4.842551
_09497_,VDD,Metal1,167.7425,257.3260,4.837711
_09496_,VDD,Metal1,170.1165,247.6065,4.836798
_09495_,VDD,Metal1,127.9500,327.0780,4.844901
_09494_,VDD,Metal1,129.9065,317.9015,4.843656
_09493_,VDD,Metal1,138.1865,237.5265,4.835907
_09492_,VDD,Metal1,174.8000,227.3180,4.835026
_09491_,VDD,Metal1,167.7100,217.2415,4.834439
_09490_,VDD,Metal1,168.0800,236.3615,4.835926
_09489_,VDD,Metal1,167.7425,237.2835,4.835926
_09488_,VDD,Metal1,159.9025,246.6735,4.836773
_09487_,VDD,Metal1,154.8300,226.2780,4.835009
_09486_,VDD,Metal1,249.1250,247.4450,4.836809
_09485_,VDD,Metal1,166.0300,337.1580,4.846083
_09484_,VDD,Metal1,165.6850,246.4750,4.836784
_09483_,VDD,Metal1,150.0050,257.5250,4.837666
_09482_,VDD,Metal1,140.4265,266.4730,4.838365
_09481_,VDD,Metal1,172.6700,367.3085,4.849975
_09480_,VDD,Metal1,169.1065,357.4580,4.848746
_09479_,VDD,Metal1,179.9500,578.9885,4.885533
_09478_,VDD,Metal1,182.3110,580.2290,4.885533
_09477_,VDD,Metal1,121.5030,328.1550,4.844896
_09476_,VDD,Metal1,120.8065,338.0615,4.846035
_09475_,VDD,Metal1,105.5500,328.1215,4.844892
_09474_,VDD,Metal1,161.5500,217.2415,4.834439
_09473_,VDD,Metal1,648.6240,236.2280,4.836297
_09472_,VDD,Metal1,665.8265,237.6465,4.836282
_09471_,VDD,Metal1,940.7250,236.3950,4.835951
_09470_,VDD,Metal1,941.5400,246.4750,4.836964
_09469_,VDD,Metal1,171.9000,256.4265,4.837711
_09468_,VDD,Metal1,174.4660,287.9730,4.840624
_09467_,VDD,Metal1,173.3100,267.6415,4.838401
_09466_,VDD,Metal1,175.5860,236.1865,4.835943
_09465_,VDD,Metal1,178.6230,257.5950,4.837712
_09464_,VDD,Metal1,990.3500,237.4015,4.835856
_09463_,VDD,Metal1,977.0375,227.4900,4.834886
_09462_,VDD,Metal1,1023.9900,820.6710,4.952645
_09461_,VDD,Metal1,993.4065,417.6875,4.858259
_09460_,VDD,Metal1,1005.3800,207.1250,4.833457
_09459_,VDD,Metal1,999.8700,227.3215,4.834880
_09458_,VDD,Metal1,1003.5065,237.2615,4.835824
_09457_,VDD,Metal1,997.8450,236.3950,4.835849
_09456_,VDD,Metal1,982.9900,439.0910,4.861650
_09455_,VDD,Metal1,444.9100,459.1615,4.864507
_09454_,VDD,Metal1,446.1680,478.0390,4.867965
_09453_,VDD,Metal1,447.0600,468.2350,4.866056
_09452_,VDD,Metal1,442.6700,469.2415,4.865961
_09451_,VDD,Metal1,445.1865,479.1815,4.867965
_09450_,VDD,Metal1,443.8925,489.4910,4.869508
_09449_,VDD,Metal1,433.4265,498.5780,4.870968
_09448_,VDD,Metal1,236.7565,479.4465,4.867197
_09447_,VDD,Metal1,460.5900,529.7215,4.877503
_09446_,VDD,Metal1,458.9675,519.5450,4.875409
_09445_,VDD,Metal1,461.8600,498.2330,4.871207
_09444_,VDD,Metal1,468.1430,498.4050,4.871207
_09443_,VDD,Metal1,468.0850,488.3950,4.869730
_09442_,VDD,Metal1,479.5400,509.5250,4.873485
_09441_,VDD,Metal1,481.7550,499.4825,4.871231
_09440_,VDD,Metal1,501.4700,489.4015,4.869868
_09439_,VDD,Metal1,494.7500,498.4380,4.871686
_09438_,VDD,Metal1,487.0765,498.3130,4.871242
_09437_,VDD,Metal1,466.2475,489.3050,4.869718
_09436_,VDD,Metal1,474.2450,479.2850,4.868166
_09435_,VDD,Metal1,51.3325,358.4510,4.848741
_09434_,VDD,Metal1,134.8265,358.3780,4.848730
_09433_,VDD,Metal1,230.6450,488.3950,4.868928
_09432_,VDD,Metal1,105.1465,338.3265,4.846033
_09431_,VDD,Metal1,127.0450,357.3550,4.848726
_09430_,VDD,Metal1,41.2865,337.2980,4.846215
_09429_,VDD,Metal1,33.8300,348.2450,4.847576
_09428_,VDD,Metal1,34.7065,338.0615,4.846236
_09427_,VDD,Metal1,41.6600,338.4260,4.846215
_09426_,VDD,Metal1,44.1650,367.4350,4.849931
_09425_,VDD,Metal1,230.5865,479.4465,4.867192
_09424_,VDD,Metal1,237.0000,488.4760,4.868929
_09423_,VDD,Metal1,179.3040,437.8350,4.860456
_09422_,VDD,Metal1,213.8450,437.9950,4.860473
_09421_,VDD,Metal1,205.2300,448.0380,4.861944
_09420_,VDD,Metal1,210.2700,439.0015,4.860466
_09419_,VDD,Metal1,228.7500,428.9215,4.858976
_09418_,VDD,Metal1,184.5100,469.2415,4.865328
_09417_,VDD,Metal1,454.6250,488.2330,4.869603
_09416_,VDD,Metal1,475.4200,659.6265,4.906597
_09415_,VDD,Metal1,518.1900,659.6285,4.908022
_09414_,VDD,Metal1,499.7500,689.9950,4.913239
_09413_,VDD,Metal1,459.1830,660.7950,4.905779
_09412_,VDD,Metal1,519.6630,660.7950,4.908028
_09411_,VDD,Metal1,532.2300,669.8350,4.908909
_09410_,VDD,Metal1,187.3675,236.4550,4.835945
_09409_,VDD,Metal1,180.2450,246.4750,4.836800
_09408_,VDD,Metal1,120.1675,427.9750,4.858737
_09407_,VDD,Metal1,108.5650,437.9950,4.860218
_09406_,VDD,Metal1,28.7400,639.5950,4.895544
_09405_,VDD,Metal1,356.1430,650.7150,4.900718
_09404_,VDD,Metal1,357.1265,659.8580,4.902260
_09403_,VDD,Metal1,388.9100,660.7615,4.903795
_09402_,VDD,Metal1,348.0300,669.7980,4.904429
_09401_,VDD,Metal1,390.2450,670.8050,4.905560
_09400_,VDD,Metal1,357.2630,669.7650,4.904727
_09399_,VDD,Metal1,364.6210,659.6340,4.903165
_09398_,VDD,Metal1,361.6850,669.8350,4.904814
_09397_,VDD,Metal1,369.3100,659.7180,4.903165
_09396_,VDD,Metal1,348.1575,650.8500,4.900584
_09395_,VDD,Metal1,247.7000,358.3250,4.848746
_09394_,VDD,Metal1,226.4300,407.6285,4.856041
_09393_,VDD,Metal1,219.2875,438.0550,4.860486
_09392_,VDD,Metal1,211.6050,427.9150,4.858934
_09391_,VDD,Metal1,199.6875,418.7450,4.857397
_09390_,VDD,Metal1,203.7065,427.7530,4.858903
_09389_,VDD,Metal1,1055.7800,973.2050,4.961426
_09388_,VDD,Metal1,995.3000,972.2350,4.961386
_09387_,VDD,Metal1,685.0600,570.0050,4.887396
_09386_,VDD,Metal1,193.9400,246.4750,4.836798
_09385_,VDD,Metal1,851.9400,135.5950,4.829113
_09384_,VDD,Metal1,803.7800,135.5950,4.829282
_09383_,VDD,Metal1,455.4600,115.4350,4.828828
_09382_,VDD,Metal1,184.9800,96.2450,4.828018
_09381_,VDD,Metal1,891.1400,317.0350,4.844284
_09380_,VDD,Metal1,855.3000,297.8450,4.842006
_09379_,VDD,Metal1,895.0600,216.2350,4.834317
_09378_,VDD,Metal1,459.9400,146.6450,4.830150
_09377_,VDD,Metal1,766.2600,197.0450,4.833016
_09376_,VDD,Metal1,220.2600,156.7250,4.830574
_09375_,VDD,Metal1,334.5000,146.6450,4.830156
_09374_,VDD,Metal1,342.3400,165.8350,4.831157
_09373_,VDD,Metal1,215.2200,217.2050,4.834434
_09372_,VDD,Metal1,220.2600,226.3150,4.835066
_09371_,VDD,Metal1,209.0600,318.0050,4.843533
_09370_,VDD,Metal1,216.3400,337.1950,4.846114
_09369_,VDD,Metal1,780.2600,448.0750,4.863402
_09368_,VDD,Metal1,658.7400,427.9150,4.859958
_09367_,VDD,Metal1,753.9400,539.7650,4.881239
_09366_,VDD,Metal1,746.1000,428.8850,4.860031
_09365_,VDD,Metal1,794.8200,287.7650,4.840988
_09364_,VDD,Metal1,413.4600,478.3150,4.867604
_09363_,VDD,Metal1,223.6200,358.3250,4.848746
_09362_,VDD,Metal1,275.7000,267.6050,4.838723
_09361_,VDD,Metal1,228.1000,257.5250,4.837744
_09360_,VDD,Metal1,368.6600,468.2350,4.865826
_09359_,VDD,Metal1,368.1000,459.1250,4.863942
_09358_,VDD,Metal1,378.7400,428.8850,4.859194
_09357_,VDD,Metal1,371.4600,458.1550,4.863967
_09356_,VDD,Metal1,337.8600,276.7150,4.839566
_09355_,VDD,Metal1,205.1400,570.0050,4.883336
_09354_,VDD,Metal1,515.3800,921.8350,4.932343
_09353_,VDD,Metal1,517.0600,882.4850,4.930961
_09352_,VDD,Metal1,509.7800,881.5150,4.930961
_09351_,VDD,Metal1,571.9400,660.7250,4.908992
_09350_,VDD,Metal1,532.1800,640.5650,4.902191
_09349_,VDD,Metal1,975.1400,1012.5550,4.964227
_09348_,VDD,Metal1,965.0600,266.6350,4.838392
_09347_,VDD,Metal1,931.4600,145.6750,4.829644
_09346_,VDD,Metal1,949.9400,266.6350,4.838591
_09345_,VDD,Metal1,925.8600,135.5950,4.829126
_09344_,VDD,Metal1,965.0600,347.2750,4.848159
_09343_,VDD,Metal1,942.1000,116.4050,4.828317
_09342_,VDD,Metal1,99.3000,689.9950,4.904276
_09341_,VDD,Metal1,706.3400,518.6350,4.876773
_09340_,VDD,Metal1,650.3400,407.7550,4.856865
_09339_,VDD,Metal1,845.7800,600.2450,4.896838
_09338_,VDD,Metal1,895.0600,397.6750,4.855202
_09337_,VDD,Metal1,66.2600,690.9650,4.903511
_09336_,VDD,Metal1,671.0600,509.5250,4.874759
_09335_,VDD,Metal1,853.0600,589.1950,4.893701
_09334_,VDD,Metal1,531.6200,398.6450,4.854895
_09333_,VDD,Metal1,126.7400,660.7250,4.900471
_09332_,VDD,Metal1,683.9400,528.7150,4.878681
_09331_,VDD,Metal1,836.2600,600.2450,4.896731
_09330_,VDD,Metal1,645.3000,338.1650,4.846678
_09329_,VDD,Metal1,98.7400,660.7250,4.899644
_09328_,VDD,Metal1,688.4200,529.6850,4.878716
_09327_,VDD,Metal1,892.2600,539.7650,4.881522
_09326_,VDD,Metal1,606.6600,337.1950,4.846682
_09325_,VDD,Metal1,48.3400,670.8050,4.900358
_09324_,VDD,Metal1,658.1800,518.6350,4.876580
_09323_,VDD,Metal1,701.3000,689.9950,4.922984
_09322_,VDD,Metal1,843.5400,558.9550,4.886158
_09321_,VDD,Metal1,687.3000,528.7150,4.878708
_09320_,VDD,Metal1,603.3000,690.9650,4.922077
_09319_,VDD,Metal1,860.9000,539.7650,4.881494
_09318_,VDD,Metal1,701.8600,469.2050,4.867070
_09317_,VDD,Metal1,680.5800,518.6350,4.876634
_09316_,VDD,Metal1,902.3400,459.1250,4.865508
_09315_,VDD,Metal1,904.5800,519.6050,4.877409
_09314_,VDD,Metal1,377.0600,417.8350,4.857580
_09313_,VDD,Metal1,122.2600,670.8050,4.900740
_09312_,VDD,Metal1,492.4200,479.2850,4.868236
_09311_,VDD,Metal1,510.3400,489.3650,4.869988
_09310_,VDD,Metal1,494.1000,499.4450,4.871686
_09309_,VDD,Metal1,475.0600,499.4450,4.871208
_09308_,VDD,Metal1,34.9000,337.1950,4.846236
_09307_,VDD,Metal1,783.0600,126.4850,4.828918
_09306_,VDD,Metal1,699.0600,237.3650,4.836243
_09305_,VDD,Metal1,770.7400,489.3650,4.871016
_09304_,VDD,Metal1,631.8600,418.8050,4.858369
_09303_,VDD,Metal1,714.7400,499.4450,4.872255
_09302_,VDD,Metal1,623.4600,338.1650,4.846707
_09301_,VDD,Metal1,661.5400,489.3650,4.870704
_09300_,VDD,Metal1,634.6600,427.9150,4.859937
_09299_,VDD,Metal1,658.1800,489.3650,4.870704
_09298_,VDD,Metal1,620.6600,427.9150,4.859854
_09297_,VDD,Metal1,644.1800,479.2850,4.868918
_09296_,VDD,Metal1,605.5400,428.8850,4.859815
_09295_,VDD,Metal1,622.9000,459.1250,4.865024
_09294_,VDD,Metal1,588.7400,418.8050,4.858185
_09293_,VDD,Metal1,579.7800,125.5150,4.829103
_09292_,VDD,Metal1,528.2600,237.3650,4.836105
_09291_,VDD,Metal1,547.8600,135.5950,4.829418
_09290_,VDD,Metal1,550.6600,387.5950,4.853514
_09289_,VDD,Metal1,452.6600,105.3550,4.828484
_09288_,VDD,Metal1,448.1800,105.3550,4.828484
_09287_,VDD,Metal1,421.3000,96.2450,4.827795
_09286_,VDD,Metal1,290.2600,328.0850,4.845172
_09285_,VDD,Metal1,77.4600,357.3550,4.848725
_09284_,VDD,Metal1,335.6200,649.6750,4.900316
_09283_,VDD,Metal1,496.3400,680.8850,4.910687
_09282_,VDD,Metal1,140.7400,519.6050,4.874155
_09281_,VDD,Metal1,146.3400,488.3950,4.868630
_09280_,VDD,Metal1,149.7000,538.7950,4.877682
_09279_,VDD,Metal1,149.7000,518.6350,4.874185
_09278_,VDD,Metal1,191.7000,519.6050,4.874325
_09277_,VDD,Metal1,178.2600,519.6050,4.874271
_09276_,VDD,Metal1,205.1400,509.5250,4.872232
_09275_,VDD,Metal1,191.7000,558.9550,4.881563
_09274_,VDD,Metal1,71.8600,599.2750,4.888407
_09273_,VDD,Metal1,61.7800,600.2450,4.888370
_09272_,VDD,Metal1,76.3400,590.1650,4.886578
_09271_,VDD,Metal1,47.7800,558.9550,4.881028
_09270_,VDD,Metal1,38.2600,539.7650,4.877531
_09269_,VDD,Metal1,23.1400,539.7650,4.877530
_09268_,VDD,Metal1,61.7800,538.7950,4.877532
_09267_,VDD,Metal1,515.3800,972.2350,4.934008
_09266_,VDD,Metal1,402.8200,1093.1950,4.925311
_09265_,VDD,Metal1,503.6200,911.7550,4.932045
_09264_,VDD,Metal1,156.9800,600.2450,4.888707
_09263_,VDD,Metal1,264.7850,256.3930,4.837754
_09262_,VDD,Metal1,274.0200,489.3650,4.869124
_09261_,VDD,Metal1,264.3400,478.1530,4.867223
_09260_,VDD,Metal1,238.7900,489.3650,4.868937
_09259_,VDD,Metal1,999.5050,246.3130,4.836735
_09258_,VDD,Metal1,998.6600,237.3650,4.835849
_09257_,VDD,Metal1,1002.0200,226.3150,4.834878
_09256_,VDD,Metal1,999.2200,347.2750,4.848130
_09255_,VDD,Metal1,48.3400,338.1650,4.846197
_09254_,VDD,Metal1,766.2600,1093.1950,4.963965
_09253_,VDD,Metal1,501.9400,1093.1950,4.940183
_09252_,VDD,Metal1,648.1000,1084.0850,4.950845
_09251_,VDD,Metal1,891.1400,1093.1950,4.978260
_09250_,VDD,Metal1,780.2600,1093.1950,4.965655
_09249_,VDD,Metal1,36.5800,428.8850,4.858708
_09248_,VDD,Metal1,39.9400,408.7250,4.855700
_09247_,VDD,Metal1,32.1000,318.0050,4.843822
_09246_,VDD,Metal1,28.7400,327.1150,4.845010
_09245_,VDD,Metal1,205.1400,449.0450,4.861944
_09244_,VDD,Metal1,366.9800,670.8050,4.905006
_09243_,VDD,Metal1,141.8600,468.2350,4.865131
_09242_,VDD,Metal1,148.5800,468.2350,4.865177
_09241_,VDD,Metal1,154.1800,438.9650,4.860283
_09240_,VDD,Metal1,150.8200,437.9950,4.860244
_09239_,VDD,Metal1,154.1800,437.9950,4.860283
_09238_,VDD,Metal1,233.1400,468.2350,4.865409
_09237_,VDD,Metal1,254.9800,488.3950,4.869075
_09236_,VDD,Metal1,63.4600,437.9950,4.860138
_09235_,VDD,Metal1,975.1400,781.6850,4.951372
_09234_,VDD,Metal1,975.1400,760.5550,4.950157
_09233_,VDD,Metal1,984.6600,690.9650,4.929784
_09232_,VDD,Metal1,975.1400,740.3950,4.949010
_09231_,VDD,Metal1,977.9400,710.1550,4.947493
_09230_,VDD,Metal1,989.1400,891.5950,4.956201
_09229_,VDD,Metal1,980.7400,639.5950,4.910292
_09228_,VDD,Metal1,976.2600,649.6750,4.913029
_09227_,VDD,Metal1,738.2600,649.6750,4.911151
_09226_,VDD,Metal1,758.9800,659.7550,4.914801
_09225_,VDD,Metal1,1063.0600,942.9650,4.959390
_09224_,VDD,Metal1,1048.5000,902.6450,4.956856
_09223_,VDD,Metal1,1009.3000,872.4050,4.955208
_09222_,VDD,Metal1,1008.7400,862.3250,4.954809
_09221_,VDD,Metal1,1017.1400,841.1950,4.953997
_09220_,VDD,Metal1,996.9800,821.0350,4.952567
_09219_,VDD,Metal1,1004.2600,538.7950,4.881775
_09218_,VDD,Metal1,984.6600,489.3650,4.871045
_09217_,VDD,Metal1,986.3400,468.2350,4.867137
_09216_,VDD,Metal1,1043.4600,448.0750,4.863293
_09215_,VDD,Metal1,1039.5400,427.9150,4.859940
_09214_,VDD,Metal1,1064.1800,397.6750,4.854582
_09213_,VDD,Metal1,1079.8600,368.4050,4.849892
_09212_,VDD,Metal1,1058.5800,306.9550,4.842794
_09211_,VDD,Metal1,1079.3000,619.4350,4.904076
_09210_,VDD,Metal1,1075.3800,599.2750,4.897398
_09209_,VDD,Metal1,1075.9400,589.1950,4.894714
_09208_,VDD,Metal1,1075.9400,549.8450,4.883894
_09207_,VDD,Metal1,1058.5800,549.8450,4.883897
_09206_,VDD,Metal1,1081.5400,508.5550,4.875358
_09205_,VDD,Metal1,1079.3000,518.6350,4.877448
_09204_,VDD,Metal1,1073.7000,489.3650,4.870937
_09203_,VDD,Metal1,1063.0600,328.0850,4.845271
_09202_,VDD,Metal1,906.2600,136.5650,4.829116
_09201_,VDD,Metal1,906.2600,116.4050,4.828354
_09200_,VDD,Metal1,886.1000,105.3550,4.827854
_09199_,VDD,Metal1,890.0200,96.2450,4.827508
_09198_,VDD,Metal1,874.3400,86.1650,4.826909
_09197_,VDD,Metal1,864.8200,75.1150,4.826919
_09196_,VDD,Metal1,821.7000,55.9250,4.826615
_09195_,VDD,Metal1,818.3400,55.9250,4.826636
_09194_,VDD,Metal1,546.7400,96.2450,4.828035
_09193_,VDD,Metal1,494.1000,96.2450,4.827842
_09192_,VDD,Metal1,224.7400,85.1950,4.827700
_09191_,VDD,Metal1,220.2600,75.1150,4.827571
_09190_,VDD,Metal1,204.0200,85.1950,4.827786
_09189_,VDD,Metal1,154.1800,85.1950,4.827802
_09188_,VDD,Metal1,141.8600,75.1150,4.827576
_09187_,VDD,Metal1,153.6200,45.8450,4.827126
_09186_,VDD,Metal1,142.9800,66.0050,4.827327
_09185_,VDD,Metal1,947.7000,387.5950,4.853737
_09184_,VDD,Metal1,939.8600,348.2450,4.848189
_09183_,VDD,Metal1,905.7000,328.0850,4.845588
_09182_,VDD,Metal1,944.3400,387.5950,4.853756
_09181_,VDD,Metal1,928.6600,338.1650,4.846664
_09180_,VDD,Metal1,939.8600,317.0350,4.844288
_09179_,VDD,Metal1,929.7800,307.9250,4.843054
_09178_,VDD,Metal1,920.2600,287.7650,4.840909
_09177_,VDD,Metal1,916.9000,286.7950,4.840868
_09176_,VDD,Metal1,910.7400,227.2850,4.834999
_09175_,VDD,Metal1,524.3400,207.1250,4.833969
_09174_,VDD,Metal1,533.3000,217.2050,4.834703
_09173_,VDD,Metal1,518.1800,145.6750,4.830168
_09172_,VDD,Metal1,494.6600,125.5150,4.829166
_09171_,VDD,Metal1,279.6200,145.6750,4.830145
_09170_,VDD,Metal1,271.2200,135.5950,4.829442
_09169_,VDD,Metal1,327.2200,116.4050,4.828862
_09168_,VDD,Metal1,313.7800,126.4850,4.829133
_09167_,VDD,Metal1,799.3000,44.8750,4.826249
_09166_,VDD,Metal1,779.1400,76.0850,4.827105
_09165_,VDD,Metal1,739.9400,55.9250,4.826725
_09164_,VDD,Metal1,726.5000,54.9550,4.826731
_09163_,VDD,Metal1,751.7000,85.1950,4.827111
_09162_,VDD,Metal1,727.0600,76.0850,4.827183
_09161_,VDD,Metal1,690.6600,55.9250,4.826778
_09160_,VDD,Metal1,655.9400,54.9550,4.826914
_09159_,VDD,Metal1,656.5000,76.0850,4.827320
_09158_,VDD,Metal1,626.8200,55.9250,4.826957
_09157_,VDD,Metal1,625.1400,76.0850,4.827400
_09156_,VDD,Metal1,606.1000,55.9250,4.826957
_09155_,VDD,Metal1,564.6600,65.0350,4.827376
_09154_,VDD,Metal1,591.5400,86.1650,4.827683
_09153_,VDD,Metal1,551.2200,55.9250,4.826971
_09152_,VDD,Metal1,512.0200,55.9250,4.827003
_09151_,VDD,Metal1,471.1400,54.9550,4.827090
_09150_,VDD,Metal1,467.7800,54.9550,4.827091
_09149_,VDD,Metal1,426.3400,45.8450,4.826939
_09148_,VDD,Metal1,402.2600,35.7650,4.826777
_09147_,VDD,Metal1,434.7400,65.0350,4.827475
_09146_,VDD,Metal1,396.6600,45.8450,4.827134
_09145_,VDD,Metal1,361.9400,35.7650,4.826794
_09144_,VDD,Metal1,333.9400,34.7950,4.826962
_09143_,VDD,Metal1,363.6200,54.9550,4.827173
_09142_,VDD,Metal1,302.5800,45.8450,4.827147
_09141_,VDD,Metal1,335.6200,55.9250,4.827191
_09140_,VDD,Metal1,318.2600,45.8450,4.827183
_09139_,VDD,Metal1,339.5400,35.7650,4.826923
_09138_,VDD,Metal1,892.2600,649.6750,4.912579
_09137_,VDD,Metal1,876.0200,619.4350,4.903186
_09136_,VDD,Metal1,914.6600,640.5650,4.910266
_09135_,VDD,Metal1,925.8600,639.5950,4.910361
_09134_,VDD,Metal1,896.7400,619.4350,4.903420
_09133_,VDD,Metal1,920.2600,600.2450,4.897542
_09132_,VDD,Metal1,925.8600,589.1950,4.894718
_09131_,VDD,Metal1,957.2200,558.9550,4.886596
_09130_,VDD,Metal1,924.7400,558.9550,4.886530
_09129_,VDD,Metal1,951.6200,529.6850,4.879514
_09128_,VDD,Metal1,925.3000,519.6050,4.877550
_09127_,VDD,Metal1,945.4600,499.4450,4.872834
_09126_,VDD,Metal1,947.7000,458.1550,4.865546
_09125_,VDD,Metal1,921.3800,437.9950,4.861642
_09124_,VDD,Metal1,914.1000,407.7550,4.856778
_09123_,VDD,Metal1,643.0600,368.4050,4.850901
_09122_,VDD,Metal1,647.5400,368.4050,4.850894
_09121_,VDD,Metal1,611.1400,367.4350,4.850874
_09120_,VDD,Metal1,586.5000,348.2450,4.848082
_09119_,VDD,Metal1,616.7400,357.3550,4.849542
_09118_,VDD,Metal1,582.5800,347.2750,4.848071
_09117_,VDD,Metal1,561.3000,318.0050,4.844285
_09116_,VDD,Metal1,519.8600,317.0350,4.844289
_09115_,VDD,Metal1,539.4600,337.1950,4.846453
_09114_,VDD,Metal1,499.1400,306.9550,4.843268
_09113_,VDD,Metal1,526.5800,297.8450,4.842123
_09112_,VDD,Metal1,331.7000,86.1650,4.827689
_09111_,VDD,Metal1,508.6600,307.9250,4.843270
_09110_,VDD,Metal1,528.2600,306.9550,4.843281
_09109_,VDD,Metal1,995.8600,397.6750,4.855103
_09108_,VDD,Metal1,1082.1000,921.8350,4.958071
_09107_,VDD,Metal1,1020.5000,902.6450,4.956862
_09106_,VDD,Metal1,778.5800,690.9650,4.927264
_09105_,VDD,Metal1,981.8600,640.5650,4.910286
_09104_,VDD,Metal1,435.8600,499.4450,4.870981
_09103_,VDD,Metal1,220.2600,518.6350,4.874352
_09102_,VDD,Metal1,248.2600,529.6850,4.876261
_09101_,VDD,Metal1,251.3450,599.1130,4.889599
_09100_,VDD,Metal1,226.1450,427.7530,4.858973
_09099_,VDD,Metal1,224.7400,428.8850,4.858973
_09098_,VDD,Metal1,215.5050,408.8865,4.856027
_09097_,VDD,Metal1,250.5000,670.8050,4.902369
_09096_,VDD,Metal1,540.0200,689.9950,4.917625
_09095_,VDD,Metal1,546.7400,659.7550,4.908524
_09094_,VDD,Metal1,521.5400,659.7550,4.908071
_09093_,VDD,Metal1,440.3400,479.2850,4.867965
_09092_,VDD,Metal1,128.4200,337.1950,4.846036
_09091_,VDD,Metal1,160.3400,610.3250,4.890892
_09090_,VDD,Metal1,376.5000,659.7550,4.903165
_09089_,VDD,Metal1,74.1000,660.7250,4.899318
_09088_,VDD,Metal1,67.3800,570.0050,4.882950
_09087_,VDD,Metal1,38.2600,953.0450,4.911606
_09086_,VDD,Metal1,193.9400,690.9650,4.906322
_09085_,VDD,Metal1,185.5400,700.0750,4.905929
_09084_,VDD,Metal1,205.1400,680.8850,4.903299
_09083_,VDD,Metal1,204.0200,669.8350,4.901990
_09082_,VDD,Metal1,209.6200,659.7550,4.901191
_09081_,VDD,Metal1,156.9800,690.9650,4.905922
_09080_,VDD,Metal1,189.4600,458.1550,4.863657
_09079_,VDD,Metal1,357.4600,660.7250,4.902260
_09078_,VDD,Metal1,102.6600,528.7150,4.875629
_09077_,VDD,Metal1,44.4200,508.5550,4.872073
_09076_,VDD,Metal1,101.5400,328.0850,4.844884
_09075_,VDD,Metal1,127.8600,428.8850,4.858758
_09074_,VDD,Metal1,155.8600,579.1150,4.885353
_09073_,VDD,Metal1,372.5800,659.7550,4.903165
_09072_,VDD,Metal1,113.8600,558.9550,4.881099
_09071_,VDD,Metal1,118.3400,570.0050,4.883011
_09070_,VDD,Metal1,131.2200,589.1950,4.886916
_09069_,VDD,Metal1,116.6600,458.1550,4.863428
_09068_,VDD,Metal1,248.2600,650.6450,4.899440
_09067_,VDD,Metal1,382.3850,681.0465,4.907802
_09066_,VDD,Metal1,183.3000,348.2450,4.847543
_09065_,VDD,Metal1,88.1000,377.5150,4.851249
_09064_,VDD,Metal1,86.9800,478.3150,4.866803
_09063_,VDD,Metal1,269.5400,509.5250,4.872612
_09062_,VDD,Metal1,93.1400,458.1550,4.863411
_09061_,VDD,Metal1,24.8200,388.5650,4.852709
_09060_,VDD,Metal1,141.8600,538.7950,4.877666
_09059_,VDD,Metal1,70.7400,427.9150,4.858668
_09058_,VDD,Metal1,43.3000,227.2850,4.835035
u_transform_scheduler_core.u_fft_scratch_sram.u_lo.u_sram,VDD,Metal1,274.6935,874.4970,4.912923
u_transform_scheduler_core.u_fft_scratch_sram.u_hi.u_sram,VDD,Metal1,754.6935,874.4970,4.955920
