/foss/pdks/gf180mcuD/libs.tech/klayout/tech/drc/run_drc.py:729: DeprecationWarning: datetime.datetime.utcnow() is deprecated and scheduled for removal in a future version. Use timezone-aware objects to represent datetimes in UTC: datetime.datetime.now(datetime.UTC).
  now_str = datetime.utcnow().strftime("drc_run_%Y_%m_%d_%H_%M_%S")
28-Aug-2026 18:15:19 | INFO    | Your Klayout version is: KLayout 0.30.8
28-Aug-2026 18:15:20 | INFO    | ## Generating template with for the following rule tables: ['nat_split.drc']
28-Aug-2026 18:15:20 | INFO    | ## Your run dir located at: /headless/aravindustries-repos/butterfold/butterfold_proto/physical/results/d03_ach_candidate/klayout_drc_pgfix
28-Aug-2026 18:15:20 | INFO    | ## Generating template with for the following rule tables: ['metal1.drc']
28-Aug-2026 18:15:20 | INFO    | ## Your run dir located at: /headless/aravindustries-repos/butterfold/butterfold_proto/physical/results/d03_ach_candidate/klayout_drc_pgfix
28-Aug-2026 18:15:20 | INFO    | ## Generating template with for the following rule tables: ['dummy_metal2.drc']
28-Aug-2026 18:15:20 | INFO    | ## Your run dir located at: /headless/aravindustries-repos/butterfold/butterfold_proto/physical/results/d03_ach_candidate/klayout_drc_pgfix
28-Aug-2026 18:15:20 | INFO    | ## Generating template with for the following rule tables: ['dummy_exclude.drc']
28-Aug-2026 18:15:20 | INFO    | ## Your run dir located at: /headless/aravindustries-repos/butterfold/butterfold_proto/physical/results/d03_ach_candidate/klayout_drc_pgfix
28-Aug-2026 18:15:20 | INFO    | ## Generating template with for the following rule tables: ['contact.drc']
28-Aug-2026 18:15:20 | INFO    | ## Your run dir located at: /headless/aravindustries-repos/butterfold/butterfold_proto/physical/results/d03_ach_candidate/klayout_drc_pgfix
28-Aug-2026 18:15:20 | INFO    | ## Generating template with for the following rule tables: ['sram_3p3.drc']
28-Aug-2026 18:15:20 | INFO    | ## Your run dir located at: /headless/aravindustries-repos/butterfold/butterfold_proto/physical/results/d03_ach_candidate/klayout_drc_pgfix
28-Aug-2026 18:15:20 | INFO    | ## Generating template with for the following rule tables: ['dummy_metal4.drc']
28-Aug-2026 18:15:20 | INFO    | ## Your run dir located at: /headless/aravindustries-repos/butterfold/butterfold_proto/physical/results/d03_ach_candidate/klayout_drc_pgfix
28-Aug-2026 18:15:20 | INFO    | ## Generating template with for the following rule tables: ['via4_split.drc']
28-Aug-2026 18:15:20 | INFO    | ## Your run dir located at: /headless/aravindustries-repos/butterfold/butterfold_proto/physical/results/d03_ach_candidate/klayout_drc_pgfix
28-Aug-2026 18:15:20 | INFO    | ## Generating template with for the following rule tables: ['nwell_split.drc']
28-Aug-2026 18:15:20 | INFO    | ## Your run dir located at: /headless/aravindustries-repos/butterfold/butterfold_proto/physical/results/d03_ach_candidate/klayout_drc_pgfix
28-Aug-2026 18:15:20 | INFO    | ## Generating template with for the following rule tables: ['via4.drc']
28-Aug-2026 18:15:20 | INFO    | ## Your run dir located at: /headless/aravindustries-repos/butterfold/butterfold_proto/physical/results/d03_ach_candidate/klayout_drc_pgfix
28-Aug-2026 18:15:20 | INFO    | ## Generating template with for the following rule tables: ['ymtp_mk.drc']
28-Aug-2026 18:15:20 | INFO    | ## Your run dir located at: /headless/aravindustries-repos/butterfold/butterfold_proto/physical/results/d03_ach_candidate/klayout_drc_pgfix
28-Aug-2026 18:15:20 | INFO    | ## Generating template with for the following rule tables: ['pres.drc']
28-Aug-2026 18:15:20 | INFO    | ## Your run dir located at: /headless/aravindustries-repos/butterfold/butterfold_proto/physical/results/d03_ach_candidate/klayout_drc_pgfix
28-Aug-2026 18:15:20 | INFO    | ## Generating template with for the following rule tables: ['dnwell_split.drc']
28-Aug-2026 18:15:20 | INFO    | ## Your run dir located at: /headless/aravindustries-repos/butterfold/butterfold_proto/physical/results/d03_ach_candidate/klayout_drc_pgfix
28-Aug-2026 18:15:20 | INFO    | ## Generating template with for the following rule tables: ['metal1_split.drc']
28-Aug-2026 18:15:20 | INFO    | ## Your run dir located at: /headless/aravindustries-repos/butterfold/butterfold_proto/physical/results/d03_ach_candidate/klayout_drc_pgfix
28-Aug-2026 18:15:20 | INFO    | ## Generating template with for the following rule tables: ['ldpmos_split.drc']
28-Aug-2026 18:15:20 | INFO    | ## Your run dir located at: /headless/aravindustries-repos/butterfold/butterfold_proto/physical/results/d03_ach_candidate/klayout_drc_pgfix
28-Aug-2026 18:15:20 | INFO    | ## Generating template with for the following rule tables: ['hres.drc']
28-Aug-2026 18:15:20 | INFO    | ## Your run dir located at: /headless/aravindustries-repos/butterfold/butterfold_proto/physical/results/d03_ach_candidate/klayout_drc_pgfix
28-Aug-2026 18:15:20 | INFO    | ## Generating template with for the following rule tables: ['metaltop.drc']
28-Aug-2026 18:15:20 | INFO    | ## Your run dir located at: /headless/aravindustries-repos/butterfold/butterfold_proto/physical/results/d03_ach_candidate/klayout_drc_pgfix
28-Aug-2026 18:15:20 | INFO    | ## Generating template with for the following rule tables: ['dummy_comp.drc']
28-Aug-2026 18:15:20 | INFO    | ## Your run dir located at: /headless/aravindustries-repos/butterfold/butterfold_proto/physical/results/d03_ach_candidate/klayout_drc_pgfix
28-Aug-2026 18:15:20 | INFO    | ## Generating template with for the following rule tables: ['ldnmos.drc']
28-Aug-2026 18:15:20 | INFO    | ## Your run dir located at: /headless/aravindustries-repos/butterfold/butterfold_proto/physical/results/d03_ach_candidate/klayout_drc_pgfix
28-Aug-2026 18:15:20 | INFO    | ## Generating template with for the following rule tables: ['esd.drc']
28-Aug-2026 18:15:20 | INFO    | ## Your run dir located at: /headless/aravindustries-repos/butterfold/butterfold_proto/physical/results/d03_ach_candidate/klayout_drc_pgfix
28-Aug-2026 18:15:20 | INFO    | ## Generating template with for the following rule tables: ['metaltop_30k.drc']
28-Aug-2026 18:15:20 | INFO    | ## Your run dir located at: /headless/aravindustries-repos/butterfold/butterfold_proto/physical/results/d03_ach_candidate/klayout_drc_pgfix
28-Aug-2026 18:15:20 | INFO    | ## Generating template with for the following rule tables: ['comp.drc']
28-Aug-2026 18:15:20 | INFO    | ## Your run dir located at: /headless/aravindustries-repos/butterfold/butterfold_proto/physical/results/d03_ach_candidate/klayout_drc_pgfix
28-Aug-2026 18:15:20 | INFO    | ## Generating template with for the following rule tables: ['nplus.drc']
28-Aug-2026 18:15:20 | INFO    | ## Your run dir located at: /headless/aravindustries-repos/butterfold/butterfold_proto/physical/results/d03_ach_candidate/klayout_drc_pgfix
28-Aug-2026 18:15:20 | INFO    | ## Generating template with for the following rule tables: ['dummy_metal3.drc']
28-Aug-2026 18:15:20 | INFO    | ## Your run dir located at: /headless/aravindustries-repos/butterfold/butterfold_proto/physical/results/d03_ach_candidate/klayout_drc_pgfix
28-Aug-2026 18:15:20 | INFO    | ## Generating template with for the following rule tables: ['poly2.drc']
28-Aug-2026 18:15:20 | INFO    | ## Your run dir located at: /headless/aravindustries-repos/butterfold/butterfold_proto/physical/results/d03_ach_candidate/klayout_drc_pgfix
28-Aug-2026 18:15:20 | INFO    | ## Generating template with for the following rule tables: ['via5.drc']
28-Aug-2026 18:15:20 | INFO    | ## Your run dir located at: /headless/aravindustries-repos/butterfold/butterfold_proto/physical/results/d03_ach_candidate/klayout_drc_pgfix
28-Aug-2026 18:15:20 | INFO    | ## Generating template with for the following rule tables: ['guard_ring.drc']
28-Aug-2026 18:15:20 | INFO    | ## Your run dir located at: /headless/aravindustries-repos/butterfold/butterfold_proto/physical/results/d03_ach_candidate/klayout_drc_pgfix
28-Aug-2026 18:15:20 | INFO    | ## Generating template with for the following rule tables: ['cup.drc']
28-Aug-2026 18:15:20 | INFO    | ## Your run dir located at: /headless/aravindustries-repos/butterfold/butterfold_proto/physical/results/d03_ach_candidate/klayout_drc_pgfix
28-Aug-2026 18:15:20 | INFO    | ## Generating template with for the following rule tables: ['mim_a.drc']
28-Aug-2026 18:15:20 | INFO    | ## Your run dir located at: /headless/aravindustries-repos/butterfold/butterfold_proto/physical/results/d03_ach_candidate/klayout_drc_pgfix
28-Aug-2026 18:15:20 | INFO    | ## Generating template with for the following rule tables: ['via2_split.drc']
28-Aug-2026 18:15:20 | INFO    | ## Your run dir located at: /headless/aravindustries-repos/butterfold/butterfold_proto/physical/results/d03_ach_candidate/klayout_drc_pgfix
28-Aug-2026 18:15:20 | INFO    | ## Generating template with for the following rule tables: ['lvpwell_split.drc']
28-Aug-2026 18:15:20 | INFO    | ## Your run dir located at: /headless/aravindustries-repos/butterfold/butterfold_proto/physical/results/d03_ach_candidate/klayout_drc_pgfix
28-Aug-2026 18:15:20 | INFO    | ## Generating template with for the following rule tables: ['geom.drc']
28-Aug-2026 18:15:20 | INFO    | ## Your run dir located at: /headless/aravindustries-repos/butterfold/butterfold_proto/physical/results/d03_ach_candidate/klayout_drc_pgfix
28-Aug-2026 18:15:20 | INFO    | ## Generating template with for the following rule tables: ['via3.drc']
28-Aug-2026 18:15:20 | INFO    | ## Your run dir located at: /headless/aravindustries-repos/butterfold/butterfold_proto/physical/results/d03_ach_candidate/klayout_drc_pgfix
28-Aug-2026 18:15:20 | INFO    | ## Generating template with for the following rule tables: ['metal3.drc']
28-Aug-2026 18:15:20 | INFO    | ## Your run dir located at: /headless/aravindustries-repos/butterfold/butterfold_proto/physical/results/d03_ach_candidate/klayout_drc_pgfix
28-Aug-2026 18:15:20 | INFO    | ## Generating template with for the following rule tables: ['contact_split.drc']
28-Aug-2026 18:15:20 | INFO    | ## Your run dir located at: /headless/aravindustries-repos/butterfold/butterfold_proto/physical/results/d03_ach_candidate/klayout_drc_pgfix
28-Aug-2026 18:15:20 | INFO    | ## Generating template with for the following rule tables: ['lvs_bjt.drc']
28-Aug-2026 18:15:20 | INFO    | ## Your run dir located at: /headless/aravindustries-repos/butterfold/butterfold_proto/physical/results/d03_ach_candidate/klayout_drc_pgfix
28-Aug-2026 18:15:20 | INFO    | ## Generating template with for the following rule tables: ['efuse.drc']
28-Aug-2026 18:15:20 | INFO    | ## Your run dir located at: /headless/aravindustries-repos/butterfold/butterfold_proto/physical/results/d03_ach_candidate/klayout_drc_pgfix
28-Aug-2026 18:15:20 | INFO    | ## Generating template with for the following rule tables: ['ldnmos_split.drc']
28-Aug-2026 18:15:20 | INFO    | ## Your run dir located at: /headless/aravindustries-repos/butterfold/butterfold_proto/physical/results/d03_ach_candidate/klayout_drc_pgfix
28-Aug-2026 18:15:20 | INFO    | ## Generating template with for the following rule tables: ['sram_5p0.drc']
28-Aug-2026 18:15:20 | INFO    | ## Your run dir located at: /headless/aravindustries-repos/butterfold/butterfold_proto/physical/results/d03_ach_candidate/klayout_drc_pgfix
28-Aug-2026 18:15:20 | INFO    | ## Generating template with for the following rule tables: ['dummy_metal1.drc']
28-Aug-2026 18:15:20 | INFO    | ## Your run dir located at: /headless/aravindustries-repos/butterfold/butterfold_proto/physical/results/d03_ach_candidate/klayout_drc_pgfix
28-Aug-2026 18:15:20 | INFO    | ## Generating template with for the following rule tables: ['nat.drc']
28-Aug-2026 18:15:20 | INFO    | ## Your run dir located at: /headless/aravindustries-repos/butterfold/butterfold_proto/physical/results/d03_ach_candidate/klayout_drc_pgfix
28-Aug-2026 18:15:20 | INFO    | ## Generating template with for the following rule tables: ['ldpmos.drc']
28-Aug-2026 18:15:20 | INFO    | ## Your run dir located at: /headless/aravindustries-repos/butterfold/butterfold_proto/physical/results/d03_ach_candidate/klayout_drc_pgfix
28-Aug-2026 18:15:20 | INFO    | ## Generating template with for the following rule tables: ['dummy_poly2.drc']
28-Aug-2026 18:15:20 | INFO    | ## Your run dir located at: /headless/aravindustries-repos/butterfold/butterfold_proto/physical/results/d03_ach_candidate/klayout_drc_pgfix
28-Aug-2026 18:15:20 | INFO    | ## Generating template with for the following rule tables: ['lvpwell.drc']
28-Aug-2026 18:15:20 | INFO    | ## Your run dir located at: /headless/aravindustries-repos/butterfold/butterfold_proto/physical/results/d03_ach_candidate/klayout_drc_pgfix
28-Aug-2026 18:15:20 | INFO    | ## Generating template with for the following rule tables: ['via1.drc']
28-Aug-2026 18:15:20 | INFO    | ## Your run dir located at: /headless/aravindustries-repos/butterfold/butterfold_proto/physical/results/d03_ach_candidate/klayout_drc_pgfix
28-Aug-2026 18:15:20 | INFO    | ## Generating template with for the following rule tables: ['metal4.drc']
28-Aug-2026 18:15:20 | INFO    | ## Your run dir located at: /headless/aravindustries-repos/butterfold/butterfold_proto/physical/results/d03_ach_candidate/klayout_drc_pgfix
28-Aug-2026 18:15:20 | INFO    | ## Generating template with for the following rule tables: ['sab.drc']
28-Aug-2026 18:15:20 | INFO    | ## Your run dir located at: /headless/aravindustries-repos/butterfold/butterfold_proto/physical/results/d03_ach_candidate/klayout_drc_pgfix
28-Aug-2026 18:15:20 | INFO    | ## Generating template with for the following rule tables: ['nwell.drc']
28-Aug-2026 18:15:20 | INFO    | ## Your run dir located at: /headless/aravindustries-repos/butterfold/butterfold_proto/physical/results/d03_ach_candidate/klayout_drc_pgfix
28-Aug-2026 18:15:20 | INFO    | ## Generating template with for the following rule tables: ['via2.drc']
28-Aug-2026 18:15:20 | INFO    | ## Your run dir located at: /headless/aravindustries-repos/butterfold/butterfold_proto/physical/results/d03_ach_candidate/klayout_drc_pgfix
28-Aug-2026 18:15:20 | INFO    | ## Generating template with for the following rule tables: ['pplus.drc']
28-Aug-2026 18:15:20 | INFO    | ## Your run dir located at: /headless/aravindustries-repos/butterfold/butterfold_proto/physical/results/d03_ach_candidate/klayout_drc_pgfix
28-Aug-2026 18:15:20 | INFO    | ## Generating template with for the following rule tables: ['otp_mk.drc']
28-Aug-2026 18:15:20 | INFO    | ## Your run dir located at: /headless/aravindustries-repos/butterfold/butterfold_proto/physical/results/d03_ach_candidate/klayout_drc_pgfix
28-Aug-2026 18:15:20 | INFO    | ## Generating template with for the following rule tables: ['metal5.drc']
28-Aug-2026 18:15:20 | INFO    | ## Your run dir located at: /headless/aravindustries-repos/butterfold/butterfold_proto/physical/results/d03_ach_candidate/klayout_drc_pgfix
28-Aug-2026 18:15:20 | INFO    | ## Generating template with for the following rule tables: ['dummy_metal5.drc']
28-Aug-2026 18:15:20 | INFO    | ## Your run dir located at: /headless/aravindustries-repos/butterfold/butterfold_proto/physical/results/d03_ach_candidate/klayout_drc_pgfix
28-Aug-2026 18:15:20 | INFO    | ## Generating template with for the following rule tables: ['lres.drc']
28-Aug-2026 18:15:20 | INFO    | ## Your run dir located at: /headless/aravindustries-repos/butterfold/butterfold_proto/physical/results/d03_ach_candidate/klayout_drc_pgfix
28-Aug-2026 18:15:20 | INFO    | ## Generating template with for the following rule tables: ['metal2.drc']
28-Aug-2026 18:15:20 | INFO    | ## Your run dir located at: /headless/aravindustries-repos/butterfold/butterfold_proto/physical/results/d03_ach_candidate/klayout_drc_pgfix
28-Aug-2026 18:15:20 | INFO    | ## Generating template with for the following rule tables: ['via3_split.drc']
28-Aug-2026 18:15:20 | INFO    | ## Your run dir located at: /headless/aravindustries-repos/butterfold/butterfold_proto/physical/results/d03_ach_candidate/klayout_drc_pgfix
28-Aug-2026 18:15:20 | INFO    | ## Generating template with for the following rule tables: ['dualgate.drc']
28-Aug-2026 18:15:20 | INFO    | ## Your run dir located at: /headless/aravindustries-repos/butterfold/butterfold_proto/physical/results/d03_ach_candidate/klayout_drc_pgfix
28-Aug-2026 18:15:20 | INFO    | ## Generating template with for the following rule tables: ['dnwell.drc']
28-Aug-2026 18:15:20 | INFO    | ## Your run dir located at: /headless/aravindustries-repos/butterfold/butterfold_proto/physical/results/d03_ach_candidate/klayout_drc_pgfix
28-Aug-2026 18:15:20 | INFO    | ## Generating template with for the following rule tables: ['drc_bjt.drc']
28-Aug-2026 18:15:20 | INFO    | ## Your run dir located at: /headless/aravindustries-repos/butterfold/butterfold_proto/physical/results/d03_ach_candidate/klayout_drc_pgfix
28-Aug-2026 18:15:20 | INFO    | ## Generating template with for the following rule tables: ['mcell.drc']
28-Aug-2026 18:15:20 | INFO    | ## Your run dir located at: /headless/aravindustries-repos/butterfold/butterfold_proto/physical/results/d03_ach_candidate/klayout_drc_pgfix
28-Aug-2026 18:15:20 | INFO    | ## Generating template with for the following rule tables: ['mim_b.drc']
28-Aug-2026 18:15:20 | INFO    | ## Your run dir located at: /headless/aravindustries-repos/butterfold/butterfold_proto/physical/results/d03_ach_candidate/klayout_drc_pgfix
28-Aug-2026 18:15:20 | INFO    | ## Generating template with for the following rule tables: ['via1_split.drc']
28-Aug-2026 18:15:20 | INFO    | ## Your run dir located at: /headless/aravindustries-repos/butterfold/butterfold_proto/physical/results/d03_ach_candidate/klayout_drc_pgfix
28-Aug-2026 18:15:20 | INFO    | ## Generating template with for the following rule tables: ['mslot.drc']
28-Aug-2026 18:15:20 | INFO    | ## Your run dir located at: /headless/aravindustries-repos/butterfold/butterfold_proto/physical/results/d03_ach_candidate/klayout_drc_pgfix
28-Aug-2026 18:15:20 | INFO    | Running Global Foundries 180nm MCU /headless/aravindustries-repos/butterfold/butterfold_proto/physical/results/d03_ach_candidate/butterfold_top.gds checks on design nat_split on cell butterfold_top:
28-Aug-2026 18:15:20 | INFO    | Running Global Foundries 180nm MCU /headless/aravindustries-repos/butterfold/butterfold_proto/physical/results/d03_ach_candidate/butterfold_top.gds checks on design metal1 on cell butterfold_top:
28-Aug-2026 18:15:20 | INFO    | Running Global Foundries 180nm MCU /headless/aravindustries-repos/butterfold/butterfold_proto/physical/results/d03_ach_candidate/butterfold_top.gds checks on design dummy_metal2 on cell butterfold_top:
28-Aug-2026 18:15:20 | INFO    | Running Global Foundries 180nm MCU /headless/aravindustries-repos/butterfold/butterfold_proto/physical/results/d03_ach_candidate/butterfold_top.gds checks on design dummy_exclude on cell butterfold_top:
2026-08-28 18:15:21 +0200: Memory Usage (443532K) : Starting running GF180MCU Klayout DRC runset on /headless/aravindustries-repos/butterfold/butterfold_proto/physical/results/d03_ach_candidate/butterfold_top.gds
2026-08-28 18:15:21 +0200: Memory Usage (443688K) : Starting running GF180MCU Klayout DRC runset on /headless/aravindustries-repos/butterfold/butterfold_proto/physical/results/d03_ach_candidate/butterfold_top.gds
2026-08-28 18:15:21 +0200: Memory Usage (443008K) : Starting running GF180MCU Klayout DRC runset on /headless/aravindustries-repos/butterfold/butterfold_proto/physical/results/d03_ach_candidate/butterfold_top.gds
2026-08-28 18:15:21 +0200: Memory Usage (443688K) : Ruby Version for klayout: 3.2.3
2026-08-28 18:15:21 +0200: Memory Usage (443532K) : Ruby Version for klayout: 3.2.3
2026-08-28 18:15:21 +0200: Memory Usage (443008K) : Ruby Version for klayout: 3.2.3
2026-08-28 18:15:21 +0200: Memory Usage (444016K) : Starting running GF180MCU Klayout DRC runset on /headless/aravindustries-repos/butterfold/butterfold_proto/physical/results/d03_ach_candidate/butterfold_top.gds
2026-08-28 18:15:21 +0200: Memory Usage (444016K) : Ruby Version for klayout: 3.2.3
2026-08-28 18:15:21 +0200: Memory Usage (488952K) : Loading database to memory is complete.
2026-08-28 18:15:21 +0200: Memory Usage (488952K) : GF180MCU Klayout DRC runset output at: /headless/aravindustries-repos/butterfold/butterfold_proto/physical/results/d03_ach_candidate/klayout_drc_pgfix/butterfold_top_metal1.lyrdb
2026-08-28 18:15:21 +0200: Memory Usage (489160K) : Evaluate switches.
2026-08-28 18:15:21 +0200: Memory Usage (489160K) : table_name selected  metal1
2026-08-28 18:15:21 +0200: Memory Usage (489160K) : CONNECTIVITY_RULES enabled: false
2026-08-28 18:15:21 +0200: Memory Usage (489160K) : Wedge enabled: false
2026-08-28 18:15:21 +0200: Memory Usage (489160K) : Ball enabled: false
2026-08-28 18:15:21 +0200: Memory Usage (489160K) : Gold enabled: false
2026-08-28 18:15:21 +0200: Memory Usage (489160K) : MIM Option selected: B
2026-08-28 18:15:21 +0200: Memory Usage (489160K) : Offgrid enabled:  true
2026-08-28 18:15:21 +0200: Memory Usage (489160K) : Number of threads to use 2
2026-08-28 18:15:21 +0200: Memory Usage (489160K) : Verbose mode: false
2026-08-28 18:15:21 +0200: Memory Usage (489160K) : flat  mode is enabled for metal1 table
2026-08-28 18:15:21 +0200: Memory Usage (489160K) : METAL_TOP Selected is 11K
2026-08-28 18:15:21 +0200: Memory Usage (489160K) : METAL_STACK Selected is 5LM
2026-08-28 18:15:21 +0200: Memory Usage (489160K) : FEOL enabled: true
2026-08-28 18:15:21 +0200: Memory Usage (489160K) : BEOL enabled: true
2026-08-28 18:15:21 +0200: Memory Usage (489160K) : DUMMY enabled: false
2026-08-28 18:15:21 +0200: Memory Usage (489160K) : SLOW_VIA enabled: false
2026-08-28 18:15:21 +0200: Memory Usage (489160K) : Read in polygons from layers.
2026-08-28 18:15:21 +0200: Memory Usage (489476K) : Loading database to memory is complete.
2026-08-28 18:15:21 +0200: Memory Usage (489476K) : GF180MCU Klayout DRC runset output at: /headless/aravindustries-repos/butterfold/butterfold_proto/physical/results/d03_ach_candidate/klayout_drc_pgfix/butterfold_top_dummy_metal2.lyrdb
2026-08-28 18:15:21 +0200: Memory Usage (489684K) : Evaluate switches.
2026-08-28 18:15:21 +0200: Memory Usage (489684K) : table_name selected  dummy_metal2
2026-08-28 18:15:21 +0200: Memory Usage (489684K) : CONNECTIVITY_RULES enabled: false
2026-08-28 18:15:21 +0200: Memory Usage (489684K) : Wedge enabled: false
2026-08-28 18:15:21 +0200: Memory Usage (489684K) : Ball enabled: false
2026-08-28 18:15:21 +0200: Memory Usage (489684K) : Gold enabled: false
2026-08-28 18:15:21 +0200: Memory Usage (489684K) : MIM Option selected: B
2026-08-28 18:15:21 +0200: Memory Usage (489684K) : Offgrid enabled:  true
2026-08-28 18:15:21 +0200: Memory Usage (489684K) : Number of threads to use 2
2026-08-28 18:15:21 +0200: Memory Usage (489684K) : Verbose mode: false
2026-08-28 18:15:21 +0200: Memory Usage (489684K) : flat  mode is enabled for dummy_metal2 table
2026-08-28 18:15:21 +0200: Memory Usage (489684K) : METAL_TOP Selected is 11K
2026-08-28 18:15:21 +0200: Memory Usage (489684K) : METAL_STACK Selected is 5LM
2026-08-28 18:15:21 +0200: Memory Usage (489684K) : FEOL enabled: true
2026-08-28 18:15:21 +0200: Memory Usage (489684K) : BEOL enabled: true
2026-08-28 18:15:21 +0200: Memory Usage (489684K) : DUMMY enabled: false
2026-08-28 18:15:21 +0200: Memory Usage (489684K) : SLOW_VIA enabled: false
2026-08-28 18:15:21 +0200: Memory Usage (489684K) : Read in polygons from layers.
2026-08-28 18:15:21 +0200: Memory Usage (489508K) : Loading database to memory is complete.
2026-08-28 18:15:21 +0200: Memory Usage (489508K) : GF180MCU Klayout DRC runset output at: /headless/aravindustries-repos/butterfold/butterfold_proto/physical/results/d03_ach_candidate/klayout_drc_pgfix/butterfold_top_dummy_exclude.lyrdb
2026-08-28 18:15:21 +0200: Memory Usage (489508K) : Evaluate switches.
2026-08-28 18:15:21 +0200: Memory Usage (489508K) : table_name selected  dummy_exclude
2026-08-28 18:15:21 +0200: Memory Usage (489508K) : CONNECTIVITY_RULES enabled: false
2026-08-28 18:15:21 +0200: Memory Usage (489508K) : Wedge enabled: false
2026-08-28 18:15:21 +0200: Memory Usage (489508K) : Ball enabled: false
2026-08-28 18:15:21 +0200: Memory Usage (489508K) : Gold enabled: false
2026-08-28 18:15:21 +0200: Memory Usage (489508K) : MIM Option selected: B
2026-08-28 18:15:21 +0200: Memory Usage (489508K) : Offgrid enabled:  true
2026-08-28 18:15:21 +0200: Memory Usage (489508K) : Number of threads to use 2
2026-08-28 18:15:21 +0200: Memory Usage (489508K) : Verbose mode: false
2026-08-28 18:15:21 +0200: Memory Usage (489508K) : flat  mode is enabled for dummy_exclude table
2026-08-28 18:15:21 +0200: Memory Usage (489508K) : METAL_TOP Selected is 11K
2026-08-28 18:15:21 +0200: Memory Usage (489508K) : METAL_STACK Selected is 5LM
2026-08-28 18:15:21 +0200: Memory Usage (489508K) : FEOL enabled: true
2026-08-28 18:15:21 +0200: Memory Usage (489508K) : BEOL enabled: true
2026-08-28 18:15:21 +0200: Memory Usage (489508K) : DUMMY enabled: false
2026-08-28 18:15:21 +0200: Memory Usage (489508K) : SLOW_VIA enabled: false
2026-08-28 18:15:21 +0200: Memory Usage (489508K) : Read in polygons from layers.
2026-08-28 18:15:21 +0200: Memory Usage (488792K) : Loading database to memory is complete.
2026-08-28 18:15:21 +0200: Memory Usage (488792K) : GF180MCU Klayout DRC runset output at: /headless/aravindustries-repos/butterfold/butterfold_proto/physical/results/d03_ach_candidate/klayout_drc_pgfix/butterfold_top_nat_split.lyrdb
2026-08-28 18:15:21 +0200: Memory Usage (488792K) : Evaluate switches.
2026-08-28 18:15:21 +0200: Memory Usage (488792K) : table_name selected  nat_split
2026-08-28 18:15:21 +0200: Memory Usage (488792K) : CONNECTIVITY_RULES enabled: true
2026-08-28 18:15:21 +0200: Memory Usage (488792K) : Wedge enabled: false
2026-08-28 18:15:21 +0200: Memory Usage (488792K) : Ball enabled: false
2026-08-28 18:15:21 +0200: Memory Usage (488792K) : Gold enabled: false
2026-08-28 18:15:21 +0200: Memory Usage (488792K) : MIM Option selected: B
2026-08-28 18:15:21 +0200: Memory Usage (488792K) : Offgrid enabled:  true
2026-08-28 18:15:21 +0200: Memory Usage (488792K) : Number of threads to use 2
2026-08-28 18:15:21 +0200: Memory Usage (488792K) : Verbose mode: false
2026-08-28 18:15:21 +0200: Memory Usage (488792K) : deep  mode is enabled for nat_split table
2026-08-28 18:15:21 +0200: Memory Usage (488792K) : METAL_TOP Selected is 11K
2026-08-28 18:15:21 +0200: Memory Usage (488792K) : METAL_STACK Selected is 5LM
2026-08-28 18:15:21 +0200: Memory Usage (488792K) : FEOL enabled: true
2026-08-28 18:15:21 +0200: Memory Usage (488792K) : BEOL enabled: true
2026-08-28 18:15:21 +0200: Memory Usage (488792K) : DUMMY enabled: false
2026-08-28 18:15:21 +0200: Memory Usage (488792K) : SLOW_VIA enabled: false
2026-08-28 18:15:21 +0200: Memory Usage (488792K) : Read in polygons from layers.
2026-08-28 18:15:21 +0200: Memory Usage (492708K) : comp has 238212 polygons
2026-08-28 18:15:21 +0200: Memory Usage (492708K) : dnwell has 0 polygons
2026-08-28 18:15:21 +0200: Memory Usage (493588K) : nwell has 65296 polygons
2026-08-28 18:15:21 +0200: Memory Usage (493588K) : lvpwell has 59032 polygons
2026-08-28 18:15:21 +0200: Memory Usage (493588K) : dualgate has 63662 polygons
2026-08-28 18:15:21 +0200: Memory Usage (493588K) : poly2 has 295257 polygons
2026-08-28 18:15:21 +0200: Memory Usage (493588K) : nplus has 65278 polygons
2026-08-28 18:15:21 +0200: Memory Usage (493764K) : pplus has 74142 polygons
2026-08-28 18:15:21 +0200: Memory Usage (493764K) : sab has 0 polygons
2026-08-28 18:15:21 +0200: Memory Usage (493764K) : esd has 0 polygons
2026-08-28 18:15:21 +0200: Memory Usage (493764K) : resistor has 0 polygons
2026-08-28 18:15:21 +0200: Memory Usage (493764K) : fhres has 0 polygons
2026-08-28 18:15:21 +0200: Memory Usage (493764K) : fusetop has 0 polygons
2026-08-28 18:15:21 +0200: Memory Usage (493764K) : fusewindow_d has 0 polygons
2026-08-28 18:15:21 +0200: Memory Usage (493764K) : polyfuse has 0 polygons
2026-08-28 18:15:21 +0200: Memory Usage (493764K) : mvsd has 0 polygons
2026-08-28 18:15:21 +0200: Memory Usage (493764K) : mvpsd has 0 polygons
2026-08-28 18:15:21 +0200: Memory Usage (493764K) : nat has 0 polygons
2026-08-28 18:15:21 +0200: Memory Usage (493764K) : comp_dummy has 0 polygons
2026-08-28 18:15:21 +0200: Memory Usage (493764K) : poly2_dummy has 0 polygons
2026-08-28 18:15:21 +0200: Memory Usage (493764K) : schottky_diode has 0 polygons
2026-08-28 18:15:21 +0200: Memory Usage (493764K) : zener has 0 polygons
2026-08-28 18:15:21 +0200: Memory Usage (493764K) : res_mk has 0 polygons
2026-08-28 18:15:21 +0200: Memory Usage (493764K) : opc_drc has 0 polygons
2026-08-28 18:15:22 +0200: Memory Usage (494468K) : v5_xtor has 63664 polygons
2026-08-28 18:15:22 +0200: Memory Usage (494468K) : cap_mk has 0 polygons
2026-08-28 18:15:22 +0200: Memory Usage (494468K) : mos_cap_mk has 0 polygons
2026-08-28 18:15:22 +0200: Memory Usage (494468K) : ind_mk has 0 polygons
2026-08-28 18:15:22 +0200: Memory Usage (494644K) : diode_mk has 26 polygons
2026-08-28 18:15:22 +0200: Memory Usage (494644K) : drc_bjt has 0 polygons
2026-08-28 18:15:22 +0200: Memory Usage (494644K) : lvs_bjt has 0 polygons
2026-08-28 18:15:22 +0200: Memory Usage (494644K) : mim_l_mk has 0 polygons
2026-08-28 18:15:22 +0200: Memory Usage (494644K) : latchup_mk has 0 polygons
2026-08-28 18:15:22 +0200: Memory Usage (494644K) : guard_ring_mk has 0 polygons
2026-08-28 18:15:22 +0200: Memory Usage (494644K) : otp_mk has 0 polygons
2026-08-28 18:15:22 +0200: Memory Usage (494644K) : mtpmark has 0 polygons
2026-08-28 18:15:22 +0200: Memory Usage (494644K) : neo_ee_mk has 0 polygons
2026-08-28 18:15:22 +0200: Memory Usage (495172K) : sramcore has 5300 polygons
2026-08-28 18:15:22 +0200: Memory Usage (495172K) : lvs_rf has 0 polygons
2026-08-28 18:15:22 +0200: Memory Usage (495172K) : lvs_drain has 0 polygons
2026-08-28 18:15:22 +0200: Memory Usage (495172K) : ind_mk has 0 polygons
2026-08-28 18:15:22 +0200: Memory Usage (495172K) : hvpolyrs has 0 polygons
2026-08-28 18:15:22 +0200: Memory Usage (495172K) : lvs_io has 0 polygons
2026-08-28 18:15:22 +0200: Memory Usage (495172K) : probe_mk has 0 polygons
2026-08-28 18:15:22 +0200: Memory Usage (495172K) : esd_mk has 0 polygons
2026-08-28 18:15:22 +0200: Memory Usage (495172K) : lvs_source has 0 polygons
2026-08-28 18:15:22 +0200: Memory Usage (495172K) : well_diode_mk has 0 polygons
2026-08-28 18:15:22 +0200: Memory Usage (495172K) : ldmos_xtor has 0 polygons
2026-08-28 18:15:22 +0200: Memory Usage (495172K) : plfuse has 0 polygons
2026-08-28 18:15:22 +0200: Memory Usage (495172K) : efuse_mk has 0 polygons
2026-08-28 18:15:22 +0200: Memory Usage (495172K) : mcell_feol_mk has 0 polygons
2026-08-28 18:15:22 +0200: Memory Usage (495172K) : ymtp_mk has 0 polygons
2026-08-28 18:15:22 +0200: Memory Usage (495172K) : dev_wf_mk has 0 polygons
2026-08-28 18:15:22 +0200: Memory Usage (495172K) : comp_label has 0 polygons
2026-08-28 18:15:22 +0200: Memory Usage (495172K) : poly2_label has 0 polygons
2026-08-28 18:15:22 +0200: Memory Usage (495172K) : mdiode has 0 polygons
2026-08-28 18:15:22 +0200: Memory Usage (495172K) : ndmy has 0 polygons
2026-08-28 18:15:22 +0200: Memory Usage (495172K) : pmndmy has 0 polygons
2026-08-28 18:15:22 +0200: Memory Usage (496404K) : metal1_drawn has 588093 polygons
2026-08-28 18:15:22 +0200: Memory Usage (496404K) : metal1_dummy has 0 polygons
2026-08-28 18:15:22 +0200: Memory Usage (497860K) : metal1_label has 0 polygons
2026-08-28 18:15:22 +0200: Memory Usage (497860K) : metal1_slot has 0 polygons
2026-08-28 18:15:22 +0200: Memory Usage (497860K) : metal1_blk has 0 polygons
2026-08-28 18:15:22 +0200: Memory Usage (498740K) : metal2_drawn has 95143 polygons
2026-08-28 18:15:22 +0200: Memory Usage (498740K) : metal2_dummy has 0 polygons
2026-08-28 18:15:22 +0200: Memory Usage (499796K) : metal2_label has 33 polygons
2026-08-28 18:15:22 +0200: Memory Usage (499796K) : metal2_slot has 0 polygons
2026-08-28 18:15:22 +0200: Memory Usage (499796K) : metal2_blk has 0 polygons
2026-08-28 18:15:22 +0200: Memory Usage (499796K) : metal3_drawn has 45990 polygons
2026-08-28 18:15:22 +0200: Memory Usage (499796K) : metal3_dummy has 0 polygons
2026-08-28 18:15:22 +0200: Memory Usage (500676K) : metal3_label has 0 polygons
2026-08-28 18:15:22 +0200: Memory Usage (500676K) : metal3_slot has 0 polygons
2026-08-28 18:15:22 +0200: Memory Usage (500676K) : metal3_blk has 0 polygons
2026-08-28 18:15:22 +0200: Memory Usage (500676K) : via3 has 12363 polygons
2026-08-28 18:15:22 +0200: Memory Usage (500676K) : metal4_drawn has 2406 polygons
2026-08-28 18:15:22 +0200: Memory Usage (500676K) : metal4_dummy has 0 polygons
2026-08-28 18:15:22 +0200: Memory Usage (527220K) : comp has 216638 polygons
2026-08-28 18:15:22 +0200: Memory Usage (527308K) : comp has 216638 polygons
2026-08-28 18:15:22 +0200: Memory Usage (500676K) : metal4_label has 0 polygons
2026-08-28 18:15:22 +0200: Memory Usage (500676K) : metal4_slot has 0 polygons
2026-08-28 18:15:22 +0200: Memory Usage (500676K) : metal4_blk has 0 polygons
2026-08-28 18:15:22 +0200: Memory Usage (527220K) : dnwell has 0 polygons
2026-08-28 18:15:22 +0200: Memory Usage (527308K) : dnwell has 0 polygons
2026-08-28 18:15:22 +0200: Memory Usage (500676K) : via4 has 2643 polygons
2026-08-28 18:15:22 +0200: Memory Usage (500676K) : metal5_drawn has 513 polygons
2026-08-28 18:15:22 +0200: Memory Usage (500676K) : metal5_dummy has 0 polygons
2026-08-28 18:15:22 +0200: Memory Usage (526944K) : comp has 216638 polygons
2026-08-28 18:15:22 +0200: Memory Usage (500852K) : metal5_label has 0 polygons
2026-08-28 18:15:22 +0200: Memory Usage (500852K) : metal5_slot has 0 polygons
2026-08-28 18:15:22 +0200: Memory Usage (501028K) : metal5_blk has 0 polygons
2026-08-28 18:15:22 +0200: Memory Usage (501028K) : pad has 0 polygons
2026-08-28 18:15:22 +0200: Memory Usage (501028K) : ubmpperi has 0 polygons
2026-08-28 18:15:22 +0200: Memory Usage (526944K) : dnwell has 0 polygons
2026-08-28 18:15:22 +0200: Memory Usage (501028K) : ubmparray has 0 polygons
2026-08-28 18:15:22 +0200: Memory Usage (501204K) : ubmeplate has 0 polygons
2026-08-28 18:15:22 +0200: Memory Usage (501204K) : metal1_res has 0 polygons
2026-08-28 18:15:22 +0200: Memory Usage (501204K) : metal2_res has 0 polygons
2026-08-28 18:15:22 +0200: Memory Usage (501204K) : metal3_res has 0 polygons
2026-08-28 18:15:22 +0200: Memory Usage (501204K) : metal4_res has 0 polygons
2026-08-28 18:15:22 +0200: Memory Usage (501204K) : metal5_res has 0 polygons
2026-08-28 18:15:22 +0200: Memory Usage (501204K) : metal6_res has 0 polygons
2026-08-28 18:15:22 +0200: Memory Usage (501908K) : pr_bndry has 64345 polygons
2026-08-28 18:15:22 +0200: Memory Usage (501908K) : border has 0 polygons
2026-08-28 18:15:22 +0200: Memory Usage (501908K) : Total no. of polygons in the design is 1741398
2026-08-28 18:15:22 +0200: Memory Usage (501908K) : Starting deriving base layers.
2026-08-28 18:15:22 +0200: Memory Usage (542536K) : nwell has 422 polygons
2026-08-28 18:15:22 +0200: Memory Usage (542624K) : nwell has 422 polygons
2026-08-28 18:15:22 +0200: Memory Usage (542424K) : nwell has 422 polygons
2026-08-28 18:15:23 +0200: Memory Usage (542536K) : lvpwell has 307 polygons
2026-08-28 18:15:23 +0200: Memory Usage (542624K) : lvpwell has 307 polygons
2026-08-28 18:15:23 +0200: Memory Usage (542424K) : lvpwell has 307 polygons
2026-08-28 18:15:23 +0200: Memory Usage (553624K) : dualgate has 3 polygons
2026-08-28 18:15:23 +0200: Memory Usage (553712K) : dualgate has 3 polygons
2026-08-28 18:15:23 +0200: Memory Usage (553336K) : dualgate has 3 polygons
2026-08-28 18:15:24 +0200: Memory Usage (554852K) : poly2 has 232293 polygons
2026-08-28 18:15:24 +0200: Memory Usage (554820K) : poly2 has 232293 polygons
2026-08-28 18:15:24 +0200: Memory Usage (554584K) : poly2 has 232293 polygons
2026-08-28 18:15:24 +0200: Memory Usage (580308K) : nplus has 1417 polygons
2026-08-28 18:15:24 +0200: Memory Usage (580276K) : nplus has 1417 polygons
2026-08-28 18:15:24 +0200: Memory Usage (572872K) : nplus has 1417 polygons
2026-08-28 18:15:24 +0200: Memory Usage (580308K) : pplus has 10152 polygons
2026-08-28 18:15:24 +0200: Memory Usage (580276K) : pplus has 10152 polygons
2026-08-28 18:15:24 +0200: Memory Usage (580308K) : sab has 0 polygons
2026-08-28 18:15:24 +0200: Memory Usage (580308K) : esd has 0 polygons
2026-08-28 18:15:24 +0200: Memory Usage (580308K) : resistor has 0 polygons
2026-08-28 18:15:24 +0200: Memory Usage (580308K) : fhres has 0 polygons
2026-08-28 18:15:24 +0200: Memory Usage (580308K) : fusetop has 0 polygons
2026-08-28 18:15:24 +0200: Memory Usage (580308K) : fusewindow_d has 0 polygons
2026-08-28 18:15:24 +0200: Memory Usage (580308K) : polyfuse has 0 polygons
2026-08-28 18:15:24 +0200: Memory Usage (580308K) : mvsd has 0 polygons
2026-08-28 18:15:24 +0200: Memory Usage (580308K) : mvpsd has 0 polygons
2026-08-28 18:15:24 +0200: Memory Usage (580308K) : nat has 0 polygons
2026-08-28 18:15:24 +0200: Memory Usage (580308K) : comp_dummy has 0 polygons
2026-08-28 18:15:24 +0200: Memory Usage (580308K) : poly2_dummy has 0 polygons
2026-08-28 18:15:24 +0200: Memory Usage (580308K) : schottky_diode has 0 polygons
2026-08-28 18:15:24 +0200: Memory Usage (580308K) : zener has 0 polygons
2026-08-28 18:15:24 +0200: Memory Usage (580308K) : res_mk has 0 polygons
2026-08-28 18:15:24 +0200: Memory Usage (580308K) : opc_drc has 0 polygons
2026-08-28 18:15:24 +0200: Memory Usage (580276K) : sab has 0 polygons
2026-08-28 18:15:24 +0200: Memory Usage (580276K) : esd has 0 polygons
2026-08-28 18:15:24 +0200: Memory Usage (580276K) : resistor has 0 polygons
2026-08-28 18:15:24 +0200: Memory Usage (580276K) : fhres has 0 polygons
2026-08-28 18:15:24 +0200: Memory Usage (580276K) : fusetop has 0 polygons
2026-08-28 18:15:24 +0200: Memory Usage (580276K) : fusewindow_d has 0 polygons
2026-08-28 18:15:24 +0200: Memory Usage (580276K) : polyfuse has 0 polygons
2026-08-28 18:15:24 +0200: Memory Usage (580276K) : mvsd has 0 polygons
2026-08-28 18:15:24 +0200: Memory Usage (580276K) : mvpsd has 0 polygons
2026-08-28 18:15:24 +0200: Memory Usage (580276K) : nat has 0 polygons
2026-08-28 18:15:24 +0200: Memory Usage (580276K) : comp_dummy has 0 polygons
2026-08-28 18:15:24 +0200: Memory Usage (580276K) : poly2_dummy has 0 polygons
2026-08-28 18:15:24 +0200: Memory Usage (580276K) : schottky_diode has 0 polygons
2026-08-28 18:15:24 +0200: Memory Usage (580276K) : zener has 0 polygons
2026-08-28 18:15:24 +0200: Memory Usage (580276K) : res_mk has 0 polygons
2026-08-28 18:15:24 +0200: Memory Usage (580276K) : opc_drc has 0 polygons
2026-08-28 18:15:24 +0200: Memory Usage (572872K) : pplus has 10152 polygons
2026-08-28 18:15:24 +0200: Memory Usage (572872K) : sab has 0 polygons
2026-08-28 18:15:24 +0200: Memory Usage (572872K) : esd has 0 polygons
2026-08-28 18:15:24 +0200: Memory Usage (572872K) : resistor has 0 polygons
2026-08-28 18:15:24 +0200: Memory Usage (572872K) : fhres has 0 polygons
2026-08-28 18:15:24 +0200: Memory Usage (572872K) : fusetop has 0 polygons
2026-08-28 18:15:24 +0200: Memory Usage (572872K) : fusewindow_d has 0 polygons
2026-08-28 18:15:24 +0200: Memory Usage (572872K) : polyfuse has 0 polygons
2026-08-28 18:15:24 +0200: Memory Usage (572872K) : mvsd has 0 polygons
2026-08-28 18:15:24 +0200: Memory Usage (572872K) : mvpsd has 0 polygons
2026-08-28 18:15:24 +0200: Memory Usage (572872K) : nat has 0 polygons
2026-08-28 18:15:24 +0200: Memory Usage (572872K) : comp_dummy has 0 polygons
2026-08-28 18:15:24 +0200: Memory Usage (572872K) : poly2_dummy has 0 polygons
2026-08-28 18:15:24 +0200: Memory Usage (572872K) : schottky_diode has 0 polygons
2026-08-28 18:15:24 +0200: Memory Usage (572872K) : zener has 0 polygons
2026-08-28 18:15:24 +0200: Memory Usage (572872K) : res_mk has 0 polygons
2026-08-28 18:15:24 +0200: Memory Usage (572872K) : opc_drc has 0 polygons
2026-08-28 18:15:25 +0200: Memory Usage (580308K) : v5_xtor has 3 polygons
2026-08-28 18:15:25 +0200: Memory Usage (580308K) : cap_mk has 0 polygons
2026-08-28 18:15:25 +0200: Memory Usage (580308K) : mos_cap_mk has 0 polygons
2026-08-28 18:15:25 +0200: Memory Usage (580308K) : ind_mk has 0 polygons
2026-08-28 18:15:25 +0200: Memory Usage (580308K) : diode_mk has 26 polygons
2026-08-28 18:15:25 +0200: Memory Usage (580276K) : v5_xtor has 3 polygons
2026-08-28 18:15:25 +0200: Memory Usage (580308K) : drc_bjt has 0 polygons
2026-08-28 18:15:25 +0200: Memory Usage (580308K) : lvs_bjt has 0 polygons
2026-08-28 18:15:25 +0200: Memory Usage (580308K) : mim_l_mk has 0 polygons
2026-08-28 18:15:25 +0200: Memory Usage (580276K) : cap_mk has 0 polygons
2026-08-28 18:15:25 +0200: Memory Usage (580308K) : latchup_mk has 0 polygons
2026-08-28 18:15:25 +0200: Memory Usage (580308K) : guard_ring_mk has 0 polygons
2026-08-28 18:15:25 +0200: Memory Usage (580276K) : mos_cap_mk has 0 polygons
2026-08-28 18:15:25 +0200: Memory Usage (580276K) : ind_mk has 0 polygons
2026-08-28 18:15:25 +0200: Memory Usage (580308K) : otp_mk has 0 polygons
2026-08-28 18:15:25 +0200: Memory Usage (580308K) : mtpmark has 0 polygons
2026-08-28 18:15:25 +0200: Memory Usage (580308K) : neo_ee_mk has 0 polygons
2026-08-28 18:15:25 +0200: Memory Usage (580276K) : diode_mk has 26 polygons
2026-08-28 18:15:25 +0200: Memory Usage (580276K) : drc_bjt has 0 polygons
2026-08-28 18:15:25 +0200: Memory Usage (580276K) : lvs_bjt has 0 polygons
2026-08-28 18:15:25 +0200: Memory Usage (580276K) : mim_l_mk has 0 polygons
2026-08-28 18:15:25 +0200: Memory Usage (580276K) : latchup_mk has 0 polygons
2026-08-28 18:15:25 +0200: Memory Usage (580276K) : guard_ring_mk has 0 polygons
2026-08-28 18:15:25 +0200: Memory Usage (580276K) : otp_mk has 0 polygons
2026-08-28 18:15:25 +0200: Memory Usage (580276K) : mtpmark has 0 polygons
2026-08-28 18:15:25 +0200: Memory Usage (580276K) : neo_ee_mk has 0 polygons
2026-08-28 18:15:25 +0200: Memory Usage (580308K) : sramcore has 4 polygons
2026-08-28 18:15:25 +0200: Memory Usage (580308K) : lvs_rf has 0 polygons
2026-08-28 18:15:25 +0200: Memory Usage (580308K) : lvs_drain has 0 polygons
2026-08-28 18:15:25 +0200: Memory Usage (580308K) : ind_mk has 0 polygons
2026-08-28 18:15:25 +0200: Memory Usage (580308K) : hvpolyrs has 0 polygons
2026-08-28 18:15:25 +0200: Memory Usage (580308K) : lvs_io has 0 polygons
2026-08-28 18:15:25 +0200: Memory Usage (580308K) : probe_mk has 0 polygons
2026-08-28 18:15:25 +0200: Memory Usage (580308K) : esd_mk has 0 polygons
2026-08-28 18:15:25 +0200: Memory Usage (572872K) : v5_xtor has 3 polygons
2026-08-28 18:15:25 +0200: Memory Usage (580308K) : lvs_source has 0 polygons
2026-08-28 18:15:25 +0200: Memory Usage (580308K) : well_diode_mk has 0 polygons
2026-08-28 18:15:25 +0200: Memory Usage (580308K) : ldmos_xtor has 0 polygons
2026-08-28 18:15:25 +0200: Memory Usage (572872K) : cap_mk has 0 polygons
2026-08-28 18:15:25 +0200: Memory Usage (572872K) : mos_cap_mk has 0 polygons
2026-08-28 18:15:25 +0200: Memory Usage (580308K) : plfuse has 0 polygons
2026-08-28 18:15:25 +0200: Memory Usage (572872K) : ind_mk has 0 polygons
2026-08-28 18:15:25 +0200: Memory Usage (580308K) : efuse_mk has 0 polygons
2026-08-28 18:15:25 +0200: Memory Usage (580308K) : mcell_feol_mk has 0 polygons
2026-08-28 18:15:25 +0200: Memory Usage (580308K) : ymtp_mk has 0 polygons
2026-08-28 18:15:25 +0200: Memory Usage (580308K) : dev_wf_mk has 0 polygons
2026-08-28 18:15:25 +0200: Memory Usage (580308K) : comp_label has 0 polygons
2026-08-28 18:15:25 +0200: Memory Usage (580308K) : poly2_label has 0 polygons
2026-08-28 18:15:25 +0200: Memory Usage (580308K) : mdiode has 0 polygons
2026-08-28 18:15:25 +0200: Memory Usage (580308K) : ndmy has 0 polygons
2026-08-28 18:15:25 +0200: Memory Usage (580308K) : pmndmy has 0 polygons
2026-08-28 18:15:25 +0200: Memory Usage (580276K) : sramcore has 4 polygons
2026-08-28 18:15:25 +0200: Memory Usage (580276K) : lvs_rf has 0 polygons
2026-08-28 18:15:25 +0200: Memory Usage (580276K) : lvs_drain has 0 polygons
2026-08-28 18:15:25 +0200: Memory Usage (580276K) : ind_mk has 0 polygons
2026-08-28 18:15:25 +0200: Memory Usage (580276K) : hvpolyrs has 0 polygons
2026-08-28 18:15:25 +0200: Memory Usage (580276K) : lvs_io has 0 polygons
2026-08-28 18:15:25 +0200: Memory Usage (580276K) : probe_mk has 0 polygons
2026-08-28 18:15:25 +0200: Memory Usage (580276K) : esd_mk has 0 polygons
2026-08-28 18:15:25 +0200: Memory Usage (580276K) : lvs_source has 0 polygons
2026-08-28 18:15:25 +0200: Memory Usage (572872K) : diode_mk has 26 polygons
2026-08-28 18:15:25 +0200: Memory Usage (580276K) : well_diode_mk has 0 polygons
2026-08-28 18:15:25 +0200: Memory Usage (572872K) : drc_bjt has 0 polygons
2026-08-28 18:15:25 +0200: Memory Usage (580276K) : ldmos_xtor has 0 polygons
2026-08-28 18:15:25 +0200: Memory Usage (572872K) : lvs_bjt has 0 polygons
2026-08-28 18:15:25 +0200: Memory Usage (580276K) : plfuse has 0 polygons
2026-08-28 18:15:25 +0200: Memory Usage (580276K) : efuse_mk has 0 polygons
2026-08-28 18:15:25 +0200: Memory Usage (572872K) : mim_l_mk has 0 polygons
2026-08-28 18:15:25 +0200: Memory Usage (580276K) : mcell_feol_mk has 0 polygons
2026-08-28 18:15:25 +0200: Memory Usage (572872K) : latchup_mk has 0 polygons
2026-08-28 18:15:25 +0200: Memory Usage (580276K) : ymtp_mk has 0 polygons
2026-08-28 18:15:25 +0200: Memory Usage (572872K) : guard_ring_mk has 0 polygons
2026-08-28 18:15:25 +0200: Memory Usage (580276K) : dev_wf_mk has 0 polygons
2026-08-28 18:15:25 +0200: Memory Usage (572872K) : otp_mk has 0 polygons
2026-08-28 18:15:25 +0200: Memory Usage (580276K) : comp_label has 0 polygons
2026-08-28 18:15:25 +0200: Memory Usage (572872K) : mtpmark has 0 polygons
2026-08-28 18:15:25 +0200: Memory Usage (580276K) : poly2_label has 0 polygons
2026-08-28 18:15:25 +0200: Memory Usage (572872K) : neo_ee_mk has 0 polygons
2026-08-28 18:15:25 +0200: Memory Usage (580276K) : mdiode has 0 polygons
2026-08-28 18:15:25 +0200: Memory Usage (580276K) : ndmy has 0 polygons
2026-08-28 18:15:25 +0200: Memory Usage (580276K) : pmndmy has 0 polygons
2026-08-28 18:15:25 +0200: Memory Usage (572872K) : sramcore has 4 polygons
2026-08-28 18:15:25 +0200: Memory Usage (572872K) : lvs_rf has 0 polygons
2026-08-28 18:15:25 +0200: Memory Usage (572872K) : lvs_drain has 0 polygons
2026-08-28 18:15:25 +0200: Memory Usage (572872K) : ind_mk has 0 polygons
2026-08-28 18:15:25 +0200: Memory Usage (572872K) : hvpolyrs has 0 polygons
2026-08-28 18:15:25 +0200: Memory Usage (572872K) : lvs_io has 0 polygons
2026-08-28 18:15:25 +0200: Memory Usage (572872K) : probe_mk has 0 polygons
2026-08-28 18:15:25 +0200: Memory Usage (572872K) : esd_mk has 0 polygons
2026-08-28 18:15:25 +0200: Memory Usage (572872K) : lvs_source has 0 polygons
2026-08-28 18:15:25 +0200: Memory Usage (572872K) : well_diode_mk has 0 polygons
2026-08-28 18:15:25 +0200: Memory Usage (572872K) : ldmos_xtor has 0 polygons
2026-08-28 18:15:25 +0200: Memory Usage (572872K) : plfuse has 0 polygons
2026-08-28 18:15:25 +0200: Memory Usage (572872K) : efuse_mk has 0 polygons
2026-08-28 18:15:25 +0200: Memory Usage (572872K) : mcell_feol_mk has 0 polygons
2026-08-28 18:15:25 +0200: Memory Usage (572872K) : ymtp_mk has 0 polygons
2026-08-28 18:15:25 +0200: Memory Usage (572872K) : dev_wf_mk has 0 polygons
2026-08-28 18:15:25 +0200: Memory Usage (572872K) : comp_label has 0 polygons
2026-08-28 18:15:25 +0200: Memory Usage (572872K) : poly2_label has 0 polygons
2026-08-28 18:15:25 +0200: Memory Usage (572872K) : mdiode has 0 polygons
2026-08-28 18:15:25 +0200: Memory Usage (572872K) : ndmy has 0 polygons
2026-08-28 18:15:25 +0200: Memory Usage (572872K) : pmndmy has 0 polygons
2026-08-28 18:15:28 +0200: Memory Usage (625796K) : metal1_drawn has 251861 polygons
2026-08-28 18:15:28 +0200: Memory Usage (625796K) : metal1_dummy has 0 polygons
2026-08-28 18:15:28 +0200: Memory Usage (625984K) : metal1_drawn has 251861 polygons
2026-08-28 18:15:28 +0200: Memory Usage (625384K) : metal1_drawn has 251861 polygons
2026-08-28 18:15:28 +0200: Memory Usage (625796K) : metal1_label has 0 polygons
2026-08-28 18:15:28 +0200: Memory Usage (625796K) : metal1_slot has 0 polygons
2026-08-28 18:15:28 +0200: Memory Usage (625796K) : metal1_blk has 0 polygons
2026-08-28 18:15:28 +0200: Memory Usage (625984K) : metal1_dummy has 0 polygons
2026-08-28 18:15:28 +0200: Memory Usage (625384K) : metal1_dummy has 0 polygons
2026-08-28 18:15:28 +0200: Memory Usage (625984K) : metal1_label has 0 polygons
2026-08-28 18:15:28 +0200: Memory Usage (625984K) : metal1_slot has 0 polygons
2026-08-28 18:15:28 +0200: Memory Usage (625984K) : metal1_blk has 0 polygons
2026-08-28 18:15:28 +0200: Memory Usage (625384K) : metal1_label has 0 polygons
2026-08-28 18:15:28 +0200: Memory Usage (625384K) : metal1_slot has 0 polygons
2026-08-28 18:15:28 +0200: Memory Usage (625384K) : metal1_blk has 0 polygons
2026-08-28 18:15:29 +0200: Memory Usage (631780K) : metal2_drawn has 51071 polygons
2026-08-28 18:15:29 +0200: Memory Usage (631780K) : metal2_dummy has 0 polygons
2026-08-28 18:15:29 +0200: Memory Usage (631780K) : metal2_label has 33 polygons
2026-08-28 18:15:29 +0200: Memory Usage (631780K) : metal2_slot has 0 polygons
2026-08-28 18:15:29 +0200: Memory Usage (631780K) : metal2_blk has 0 polygons
2026-08-28 18:15:29 +0200: Memory Usage (631968K) : metal2_drawn has 51071 polygons
2026-08-28 18:15:29 +0200: Memory Usage (631368K) : metal2_drawn has 51071 polygons
2026-08-28 18:15:29 +0200: Memory Usage (631968K) : metal2_dummy has 0 polygons
2026-08-28 18:15:29 +0200: Memory Usage (631368K) : metal2_dummy has 0 polygons
2026-08-28 18:15:29 +0200: Memory Usage (631368K) : metal2_label has 33 polygons
2026-08-28 18:15:29 +0200: Memory Usage (631968K) : metal2_label has 33 polygons
2026-08-28 18:15:29 +0200: Memory Usage (631968K) : metal2_slot has 0 polygons
2026-08-28 18:15:29 +0200: Memory Usage (631368K) : metal2_slot has 0 polygons
2026-08-28 18:15:29 +0200: Memory Usage (631368K) : metal2_blk has 0 polygons
2026-08-28 18:15:29 +0200: Memory Usage (631968K) : metal2_blk has 0 polygons
2026-08-28 18:15:29 +0200: Memory Usage (631780K) : metal3_drawn has 25645 polygons
2026-08-28 18:15:29 +0200: Memory Usage (631780K) : metal3_dummy has 0 polygons
2026-08-28 18:15:29 +0200: Memory Usage (631780K) : metal3_label has 0 polygons
2026-08-28 18:15:29 +0200: Memory Usage (631780K) : metal3_slot has 0 polygons
2026-08-28 18:15:29 +0200: Memory Usage (631780K) : metal3_blk has 0 polygons
2026-08-28 18:15:29 +0200: Memory Usage (631968K) : metal3_drawn has 25645 polygons
2026-08-28 18:15:29 +0200: Memory Usage (631368K) : metal3_drawn has 25645 polygons
2026-08-28 18:15:29 +0200: Memory Usage (631968K) : metal3_dummy has 0 polygons
2026-08-28 18:15:29 +0200: Memory Usage (631780K) : via3 has 12363 polygons
2026-08-28 18:15:29 +0200: Memory Usage (631368K) : metal3_dummy has 0 polygons
2026-08-28 18:15:29 +0200: Memory Usage (631968K) : metal3_label has 0 polygons
2026-08-28 18:15:29 +0200: Memory Usage (631968K) : metal3_slot has 0 polygons
2026-08-28 18:15:29 +0200: Memory Usage (631968K) : metal3_blk has 0 polygons
2026-08-28 18:15:29 +0200: Memory Usage (631368K) : metal3_label has 0 polygons
2026-08-28 18:15:29 +0200: Memory Usage (631368K) : metal3_slot has 0 polygons
2026-08-28 18:15:29 +0200: Memory Usage (631368K) : metal3_blk has 0 polygons
2026-08-28 18:15:29 +0200: Memory Usage (631780K) : metal4_drawn has 2332 polygons
2026-08-28 18:15:29 +0200: Memory Usage (631780K) : metal4_dummy has 0 polygons
2026-08-28 18:15:29 +0200: Memory Usage (631780K) : metal4_label has 0 polygons
2026-08-28 18:15:29 +0200: Memory Usage (631780K) : metal4_slot has 0 polygons
2026-08-28 18:15:29 +0200: Memory Usage (631780K) : metal4_blk has 0 polygons
2026-08-28 18:15:29 +0200: Memory Usage (631968K) : via3 has 12363 polygons
2026-08-28 18:15:29 +0200: Memory Usage (631368K) : via3 has 12363 polygons
2026-08-28 18:15:29 +0200: Memory Usage (631780K) : via4 has 2643 polygons
2026-08-28 18:15:29 +0200: Memory Usage (631780K) : metal5_drawn has 491 polygons
2026-08-28 18:15:29 +0200: Memory Usage (631780K) : metal5_dummy has 0 polygons
2026-08-28 18:15:29 +0200: Memory Usage (631780K) : metal5_label has 0 polygons
2026-08-28 18:15:29 +0200: Memory Usage (631780K) : metal5_slot has 0 polygons
2026-08-28 18:15:29 +0200: Memory Usage (631780K) : metal5_blk has 0 polygons
2026-08-28 18:15:29 +0200: Memory Usage (631780K) : pad has 0 polygons
2026-08-28 18:15:29 +0200: Memory Usage (631780K) : ubmpperi has 0 polygons
2026-08-28 18:15:29 +0200: Memory Usage (631780K) : ubmparray has 0 polygons
2026-08-28 18:15:29 +0200: Memory Usage (631780K) : ubmeplate has 0 polygons
2026-08-28 18:15:29 +0200: Memory Usage (631780K) : metal1_res has 0 polygons
2026-08-28 18:15:29 +0200: Memory Usage (631968K) : metal4_drawn has 2332 polygons
2026-08-28 18:15:29 +0200: Memory Usage (631780K) : metal2_res has 0 polygons
2026-08-28 18:15:29 +0200: Memory Usage (631968K) : metal4_dummy has 0 polygons
2026-08-28 18:15:29 +0200: Memory Usage (631780K) : metal3_res has 0 polygons
2026-08-28 18:15:29 +0200: Memory Usage (631780K) : metal4_res has 0 polygons
2026-08-28 18:15:29 +0200: Memory Usage (631968K) : metal4_label has 0 polygons
2026-08-28 18:15:29 +0200: Memory Usage (631780K) : metal5_res has 0 polygons
2026-08-28 18:15:29 +0200: Memory Usage (631968K) : metal4_slot has 0 polygons
2026-08-28 18:15:29 +0200: Memory Usage (631780K) : metal6_res has 0 polygons
2026-08-28 18:15:29 +0200: Memory Usage (631968K) : metal4_blk has 0 polygons
2026-08-28 18:15:29 +0200: Memory Usage (631368K) : metal4_drawn has 2332 polygons
2026-08-28 18:15:29 +0200: Memory Usage (631368K) : metal4_dummy has 0 polygons
2026-08-28 18:15:29 +0200: Memory Usage (631368K) : metal4_label has 0 polygons
2026-08-28 18:15:29 +0200: Memory Usage (631368K) : metal4_slot has 0 polygons
2026-08-28 18:15:29 +0200: Memory Usage (631368K) : metal4_blk has 0 polygons
2026-08-28 18:15:29 +0200: Memory Usage (631968K) : via4 has 2643 polygons
2026-08-28 18:15:29 +0200: Memory Usage (631368K) : via4 has 2643 polygons
2026-08-28 18:15:29 +0200: Memory Usage (631968K) : metal5_drawn has 491 polygons
2026-08-28 18:15:29 +0200: Memory Usage (631968K) : metal5_dummy has 0 polygons
2026-08-28 18:15:29 +0200: Memory Usage (631968K) : metal5_label has 0 polygons
2026-08-28 18:15:29 +0200: Memory Usage (631968K) : metal5_slot has 0 polygons
2026-08-28 18:15:29 +0200: Memory Usage (631968K) : metal5_blk has 0 polygons
2026-08-28 18:15:29 +0200: Memory Usage (631968K) : pad has 0 polygons
2026-08-28 18:15:29 +0200: Memory Usage (631968K) : ubmpperi has 0 polygons
2026-08-28 18:15:29 +0200: Memory Usage (631968K) : ubmparray has 0 polygons
2026-08-28 18:15:29 +0200: Memory Usage (631968K) : ubmeplate has 0 polygons
2026-08-28 18:15:29 +0200: Memory Usage (631968K) : metal1_res has 0 polygons
2026-08-28 18:15:29 +0200: Memory Usage (631968K) : metal2_res has 0 polygons
2026-08-28 18:15:29 +0200: Memory Usage (631968K) : metal3_res has 0 polygons
2026-08-28 18:15:29 +0200: Memory Usage (631968K) : metal4_res has 0 polygons
2026-08-28 18:15:29 +0200: Memory Usage (631368K) : metal5_drawn has 491 polygons
2026-08-28 18:15:29 +0200: Memory Usage (631968K) : metal5_res has 0 polygons
2026-08-28 18:15:29 +0200: Memory Usage (631368K) : metal5_dummy has 0 polygons
2026-08-28 18:15:29 +0200: Memory Usage (631968K) : metal6_res has 0 polygons
2026-08-28 18:15:29 +0200: Memory Usage (631368K) : metal5_label has 0 polygons
2026-08-28 18:15:29 +0200: Memory Usage (631368K) : metal5_slot has 0 polygons
2026-08-28 18:15:29 +0200: Memory Usage (631368K) : metal5_blk has 0 polygons
2026-08-28 18:15:29 +0200: Memory Usage (631368K) : pad has 0 polygons
2026-08-28 18:15:29 +0200: Memory Usage (631368K) : ubmpperi has 0 polygons
2026-08-28 18:15:29 +0200: Memory Usage (631368K) : ubmparray has 0 polygons
2026-08-28 18:15:29 +0200: Memory Usage (631368K) : ubmeplate has 0 polygons
2026-08-28 18:15:29 +0200: Memory Usage (631368K) : metal1_res has 0 polygons
2026-08-28 18:15:29 +0200: Memory Usage (631368K) : metal2_res has 0 polygons
2026-08-28 18:15:29 +0200: Memory Usage (631368K) : metal3_res has 0 polygons
2026-08-28 18:15:29 +0200: Memory Usage (631368K) : metal4_res has 0 polygons
2026-08-28 18:15:29 +0200: Memory Usage (631368K) : metal5_res has 0 polygons
2026-08-28 18:15:29 +0200: Memory Usage (631368K) : metal6_res has 0 polygons
2026-08-28 18:15:29 +0200: Memory Usage (631780K) : pr_bndry has 1 polygons
2026-08-28 18:15:29 +0200: Memory Usage (631780K) : border has 0 polygons
2026-08-28 18:15:29 +0200: Memory Usage (631780K) : Total no. of polygons in the design is 807705
2026-08-28 18:15:29 +0200: Memory Usage (631780K) : Starting deriving base layers.
2026-08-28 18:15:29 +0200: Memory Usage (631968K) : pr_bndry has 1 polygons
2026-08-28 18:15:29 +0200: Memory Usage (631968K) : border has 0 polygons
2026-08-28 18:15:29 +0200: Memory Usage (631968K) : Total no. of polygons in the design is 807705
2026-08-28 18:15:29 +0200: Memory Usage (631968K) : Starting deriving base layers.
2026-08-28 18:15:29 +0200: Memory Usage (631368K) : pr_bndry has 1 polygons
2026-08-28 18:15:29 +0200: Memory Usage (631368K) : border has 0 polygons
2026-08-28 18:15:29 +0200: Memory Usage (631368K) : Total no. of polygons in the design is 807705
2026-08-28 18:15:29 +0200: Memory Usage (631368K) : Starting deriving base layers.
2026-08-28 18:15:30 +0200: Memory Usage (556732K) : Construct connectivity for the design.
2026-08-28 18:15:30 +0200: Memory Usage (556732K) : Connectivity rules enabled, Netlist object will be generated.
2026-08-28 18:15:32 +0200: Memory Usage (636652K) : Total area of the design is 1859250.0 um^2.
2026-08-28 18:15:32 +0200: Memory Usage (636652K) : Starting GF180MCU DRC rules.
2026-08-28 18:15:32 +0200: Memory Usage (636652K) : Running all FEOL rules
2026-08-28 18:15:32 +0200: Memory Usage (636652K) : Running all BEOL rules
2026-08-28 18:15:32 +0200: Memory Usage (636652K) : nat_split DRC Total Run time 10.993447753 seconds
28-Aug-2026 18:15:33 | INFO    | Running Global Foundries 180nm MCU /headless/aravindustries-repos/butterfold/butterfold_proto/physical/results/d03_ach_candidate/butterfold_top.gds checks on design contact on cell butterfold_top:
2026-08-28 18:15:34 +0200: Memory Usage (443604K) : Starting running GF180MCU Klayout DRC runset on /headless/aravindustries-repos/butterfold/butterfold_proto/physical/results/d03_ach_candidate/butterfold_top.gds
2026-08-28 18:15:34 +0200: Memory Usage (443604K) : Ruby Version for klayout: 3.2.3
2026-08-28 18:15:34 +0200: Memory Usage (489016K) : Loading database to memory is complete.
2026-08-28 18:15:34 +0200: Memory Usage (489016K) : GF180MCU Klayout DRC runset output at: /headless/aravindustries-repos/butterfold/butterfold_proto/physical/results/d03_ach_candidate/klayout_drc_pgfix/butterfold_top_contact.lyrdb
2026-08-28 18:15:34 +0200: Memory Usage (489224K) : Evaluate switches.
2026-08-28 18:15:34 +0200: Memory Usage (489224K) : table_name selected  contact
2026-08-28 18:15:34 +0200: Memory Usage (489224K) : CONNECTIVITY_RULES enabled: false
2026-08-28 18:15:34 +0200: Memory Usage (489224K) : Wedge enabled: false
2026-08-28 18:15:34 +0200: Memory Usage (489224K) : Ball enabled: false
2026-08-28 18:15:34 +0200: Memory Usage (489224K) : Gold enabled: false
2026-08-28 18:15:34 +0200: Memory Usage (489224K) : MIM Option selected: B
2026-08-28 18:15:34 +0200: Memory Usage (489224K) : Offgrid enabled:  true
2026-08-28 18:15:34 +0200: Memory Usage (489224K) : Number of threads to use 2
2026-08-28 18:15:34 +0200: Memory Usage (489224K) : Verbose mode: false
2026-08-28 18:15:34 +0200: Memory Usage (489224K) : flat  mode is enabled for contact table
2026-08-28 18:15:34 +0200: Memory Usage (489224K) : METAL_TOP Selected is 11K
2026-08-28 18:15:34 +0200: Memory Usage (489224K) : METAL_STACK Selected is 5LM
2026-08-28 18:15:34 +0200: Memory Usage (489224K) : FEOL enabled: true
2026-08-28 18:15:34 +0200: Memory Usage (489224K) : BEOL enabled: true
2026-08-28 18:15:34 +0200: Memory Usage (489224K) : DUMMY enabled: false
2026-08-28 18:15:34 +0200: Memory Usage (489224K) : SLOW_VIA enabled: false
2026-08-28 18:15:34 +0200: Memory Usage (489224K) : Read in polygons from layers.
2026-08-28 18:15:35 +0200: Memory Usage (526920K) : comp has 216638 polygons
2026-08-28 18:15:35 +0200: Memory Usage (526920K) : dnwell has 0 polygons
2026-08-28 18:15:35 +0200: Memory Usage (542236K) : nwell has 422 polygons
2026-08-28 18:15:35 +0200: Memory Usage (542236K) : lvpwell has 307 polygons
2026-08-28 18:15:35 +0200: Memory Usage (553324K) : dualgate has 3 polygons
2026-08-28 18:15:37 +0200: Memory Usage (554548K) : poly2 has 232293 polygons
2026-08-28 18:15:37 +0200: Memory Usage (572836K) : nplus has 1417 polygons
2026-08-28 18:15:37 +0200: Memory Usage (572836K) : pplus has 10152 polygons
2026-08-28 18:15:37 +0200: Memory Usage (572836K) : sab has 0 polygons
2026-08-28 18:15:37 +0200: Memory Usage (572836K) : esd has 0 polygons
2026-08-28 18:15:37 +0200: Memory Usage (572836K) : resistor has 0 polygons
2026-08-28 18:15:37 +0200: Memory Usage (572836K) : fhres has 0 polygons
2026-08-28 18:15:37 +0200: Memory Usage (572836K) : fusetop has 0 polygons
2026-08-28 18:15:37 +0200: Memory Usage (572836K) : fusewindow_d has 0 polygons
2026-08-28 18:15:37 +0200: Memory Usage (572836K) : polyfuse has 0 polygons
2026-08-28 18:15:37 +0200: Memory Usage (572836K) : mvsd has 0 polygons
2026-08-28 18:15:37 +0200: Memory Usage (572836K) : mvpsd has 0 polygons
2026-08-28 18:15:37 +0200: Memory Usage (572836K) : nat has 0 polygons
2026-08-28 18:15:37 +0200: Memory Usage (572836K) : comp_dummy has 0 polygons
2026-08-28 18:15:37 +0200: Memory Usage (572836K) : poly2_dummy has 0 polygons
2026-08-28 18:15:37 +0200: Memory Usage (572836K) : schottky_diode has 0 polygons
2026-08-28 18:15:37 +0200: Memory Usage (572836K) : zener has 0 polygons
2026-08-28 18:15:37 +0200: Memory Usage (572836K) : res_mk has 0 polygons
2026-08-28 18:15:37 +0200: Memory Usage (572836K) : opc_drc has 0 polygons
2026-08-28 18:15:37 +0200: Memory Usage (572836K) : v5_xtor has 3 polygons
2026-08-28 18:15:37 +0200: Memory Usage (572836K) : cap_mk has 0 polygons
2026-08-28 18:15:37 +0200: Memory Usage (572836K) : mos_cap_mk has 0 polygons
2026-08-28 18:15:37 +0200: Memory Usage (572836K) : ind_mk has 0 polygons
2026-08-28 18:15:37 +0200: Memory Usage (572836K) : diode_mk has 26 polygons
2026-08-28 18:15:37 +0200: Memory Usage (572836K) : drc_bjt has 0 polygons
2026-08-28 18:15:37 +0200: Memory Usage (572836K) : lvs_bjt has 0 polygons
2026-08-28 18:15:37 +0200: Memory Usage (572836K) : mim_l_mk has 0 polygons
2026-08-28 18:15:37 +0200: Memory Usage (572836K) : latchup_mk has 0 polygons
2026-08-28 18:15:37 +0200: Memory Usage (572836K) : guard_ring_mk has 0 polygons
2026-08-28 18:15:37 +0200: Memory Usage (572836K) : otp_mk has 0 polygons
2026-08-28 18:15:37 +0200: Memory Usage (572836K) : mtpmark has 0 polygons
2026-08-28 18:15:37 +0200: Memory Usage (572836K) : neo_ee_mk has 0 polygons
2026-08-28 18:15:37 +0200: Memory Usage (572836K) : sramcore has 4 polygons
2026-08-28 18:15:37 +0200: Memory Usage (572836K) : lvs_rf has 0 polygons
2026-08-28 18:15:37 +0200: Memory Usage (572836K) : lvs_drain has 0 polygons
2026-08-28 18:15:37 +0200: Memory Usage (572836K) : ind_mk has 0 polygons
2026-08-28 18:15:37 +0200: Memory Usage (572836K) : hvpolyrs has 0 polygons
2026-08-28 18:15:37 +0200: Memory Usage (572836K) : lvs_io has 0 polygons
2026-08-28 18:15:37 +0200: Memory Usage (572836K) : probe_mk has 0 polygons
2026-08-28 18:15:37 +0200: Memory Usage (572836K) : esd_mk has 0 polygons
2026-08-28 18:15:37 +0200: Memory Usage (572836K) : lvs_source has 0 polygons
2026-08-28 18:15:37 +0200: Memory Usage (572836K) : well_diode_mk has 0 polygons
2026-08-28 18:15:37 +0200: Memory Usage (572836K) : ldmos_xtor has 0 polygons
2026-08-28 18:15:37 +0200: Memory Usage (572836K) : plfuse has 0 polygons
2026-08-28 18:15:37 +0200: Memory Usage (572836K) : efuse_mk has 0 polygons
2026-08-28 18:15:37 +0200: Memory Usage (572836K) : mcell_feol_mk has 0 polygons
2026-08-28 18:15:37 +0200: Memory Usage (572836K) : ymtp_mk has 0 polygons
2026-08-28 18:15:37 +0200: Memory Usage (572836K) : dev_wf_mk has 0 polygons
2026-08-28 18:15:37 +0200: Memory Usage (572836K) : comp_label has 0 polygons
2026-08-28 18:15:37 +0200: Memory Usage (572836K) : poly2_label has 0 polygons
2026-08-28 18:15:37 +0200: Memory Usage (572836K) : mdiode has 0 polygons
2026-08-28 18:15:37 +0200: Memory Usage (572836K) : ndmy has 0 polygons
2026-08-28 18:15:37 +0200: Memory Usage (572836K) : pmndmy has 0 polygons
2026-08-28 18:15:41 +0200: Memory Usage (743664K) : contact has 1380000 polygons
2026-08-28 18:15:42 +0200: Memory Usage (933496K) : Total area of the design is 1859250.0 um^2.
2026-08-28 18:15:42 +0200: Memory Usage (933496K) : Starting GF180MCU DRC rules.
2026-08-28 18:15:42 +0200: Memory Usage (933496K) : Running all FEOL rules
2026-08-28 18:15:42 +0200: Memory Usage (933496K) : Running all BEOL rules
2026-08-28 18:15:42 +0200: Memory Usage (933496K) : Executing rule DE.2
2026-08-28 18:15:42 +0200: Memory Usage (933496K) : Executing rule DE.3
2026-08-28 18:15:42 +0200: Memory Usage (933496K) : Executing rule DE.4
2026-08-28 18:15:42 +0200: Memory Usage (933496K) : dummy_exclude DRC Total Run time 20.600261277 seconds
2026-08-28 18:15:42 +0200: Memory Usage (928724K) : Total area of the design is 1859250.0 um^2.
2026-08-28 18:15:42 +0200: Memory Usage (928724K) : Starting GF180MCU DRC rules.
2026-08-28 18:15:42 +0200: Memory Usage (928724K) : Running all FEOL rules
2026-08-28 18:15:42 +0200: Memory Usage (928724K) : Running all BEOL rules
2026-08-28 18:15:42 +0200: Memory Usage (928724K) : dummy_metal2 DRC Total Run time 20.743242247 seconds
2026-08-28 18:15:42 +0200: Memory Usage (931428K) : Total area of the design is 1859250.0 um^2.
2026-08-28 18:15:42 +0200: Memory Usage (931428K) : Starting GF180MCU DRC rules.
2026-08-28 18:15:42 +0200: Memory Usage (931428K) : Running all FEOL rules
2026-08-28 18:15:42 +0200: Memory Usage (931428K) : Running all BEOL rules
2026-08-28 18:15:42 +0200: Memory Usage (931428K) : Executing rule M1.1
28-Aug-2026 18:15:42 | INFO    | Running Global Foundries 180nm MCU /headless/aravindustries-repos/butterfold/butterfold_proto/physical/results/d03_ach_candidate/butterfold_top.gds checks on design sram_3p3 on cell butterfold_top:
28-Aug-2026 18:15:42 | INFO    | Running Global Foundries 180nm MCU /headless/aravindustries-repos/butterfold/butterfold_proto/physical/results/d03_ach_candidate/butterfold_top.gds checks on design dummy_metal4 on cell butterfold_top:
2026-08-28 18:15:43 +0200: Memory Usage (443976K) : Starting running GF180MCU Klayout DRC runset on /headless/aravindustries-repos/butterfold/butterfold_proto/physical/results/d03_ach_candidate/butterfold_top.gds
2026-08-28 18:15:43 +0200: Memory Usage (443976K) : Ruby Version for klayout: 3.2.3
2026-08-28 18:15:44 +0200: Memory Usage (489520K) : Loading database to memory is complete.
2026-08-28 18:15:44 +0200: Memory Usage (489520K) : GF180MCU Klayout DRC runset output at: /headless/aravindustries-repos/butterfold/butterfold_proto/physical/results/d03_ach_candidate/klayout_drc_pgfix/butterfold_top_sram_3p3.lyrdb
2026-08-28 18:15:44 +0200: Memory Usage (489712K) : Evaluate switches.
2026-08-28 18:15:44 +0200: Memory Usage (489712K) : table_name selected  sram_3p3
2026-08-28 18:15:44 +0200: Memory Usage (489712K) : CONNECTIVITY_RULES enabled: false
2026-08-28 18:15:44 +0200: Memory Usage (489712K) : Wedge enabled: false
2026-08-28 18:15:44 +0200: Memory Usage (489712K) : Ball enabled: false
2026-08-28 18:15:44 +0200: Memory Usage (489712K) : Gold enabled: false
2026-08-28 18:15:44 +0200: Memory Usage (489712K) : MIM Option selected: B
2026-08-28 18:15:44 +0200: Memory Usage (489712K) : Offgrid enabled:  true
2026-08-28 18:15:44 +0200: Memory Usage (489712K) : Number of threads to use 2
2026-08-28 18:15:44 +0200: Memory Usage (489712K) : Verbose mode: false
2026-08-28 18:15:44 +0200: Memory Usage (489712K) : flat  mode is enabled for sram_3p3 table
2026-08-28 18:15:44 +0200: Memory Usage (489712K) : METAL_TOP Selected is 11K
2026-08-28 18:15:44 +0200: Memory Usage (489712K) : METAL_STACK Selected is 5LM
2026-08-28 18:15:44 +0200: Memory Usage (489712K) : FEOL enabled: true
2026-08-28 18:15:44 +0200: Memory Usage (489712K) : BEOL enabled: true
2026-08-28 18:15:44 +0200: Memory Usage (489712K) : DUMMY enabled: false
2026-08-28 18:15:44 +0200: Memory Usage (489712K) : SLOW_VIA enabled: false
2026-08-28 18:15:44 +0200: Memory Usage (489712K) : Read in polygons from layers.
2026-08-28 18:15:44 +0200: Memory Usage (444340K) : Starting running GF180MCU Klayout DRC runset on /headless/aravindustries-repos/butterfold/butterfold_proto/physical/results/d03_ach_candidate/butterfold_top.gds
2026-08-28 18:15:44 +0200: Memory Usage (444340K) : Ruby Version for klayout: 3.2.3
2026-08-28 18:15:44 +0200: Memory Usage (489784K) : Loading database to memory is complete.
2026-08-28 18:15:44 +0200: Memory Usage (489784K) : GF180MCU Klayout DRC runset output at: /headless/aravindustries-repos/butterfold/butterfold_proto/physical/results/d03_ach_candidate/klayout_drc_pgfix/butterfold_top_dummy_metal4.lyrdb
2026-08-28 18:15:44 +0200: Memory Usage (489984K) : Evaluate switches.
2026-08-28 18:15:44 +0200: Memory Usage (489984K) : table_name selected  dummy_metal4
2026-08-28 18:15:44 +0200: Memory Usage (489984K) : CONNECTIVITY_RULES enabled: false
2026-08-28 18:15:44 +0200: Memory Usage (489984K) : Wedge enabled: false
2026-08-28 18:15:44 +0200: Memory Usage (489984K) : Ball enabled: false
2026-08-28 18:15:44 +0200: Memory Usage (489984K) : Gold enabled: false
2026-08-28 18:15:44 +0200: Memory Usage (489984K) : MIM Option selected: B
2026-08-28 18:15:44 +0200: Memory Usage (489984K) : Offgrid enabled:  true
2026-08-28 18:15:44 +0200: Memory Usage (489984K) : Number of threads to use 2
2026-08-28 18:15:44 +0200: Memory Usage (489984K) : Verbose mode: false
2026-08-28 18:15:44 +0200: Memory Usage (489984K) : flat  mode is enabled for dummy_metal4 table
2026-08-28 18:15:44 +0200: Memory Usage (489984K) : METAL_TOP Selected is 11K
2026-08-28 18:15:44 +0200: Memory Usage (489984K) : METAL_STACK Selected is 5LM
2026-08-28 18:15:44 +0200: Memory Usage (489984K) : FEOL enabled: true
2026-08-28 18:15:44 +0200: Memory Usage (489984K) : BEOL enabled: true
2026-08-28 18:15:44 +0200: Memory Usage (489984K) : DUMMY enabled: false
2026-08-28 18:15:44 +0200: Memory Usage (489984K) : SLOW_VIA enabled: false
2026-08-28 18:15:44 +0200: Memory Usage (489984K) : Read in polygons from layers.
2026-08-28 18:15:44 +0200: Memory Usage (761796K) : metal1_drawn has 251861 polygons
2026-08-28 18:15:44 +0200: Memory Usage (761796K) : metal1_dummy has 0 polygons
2026-08-28 18:15:44 +0200: Memory Usage (761796K) : metal1_label has 0 polygons
2026-08-28 18:15:44 +0200: Memory Usage (761796K) : metal1_slot has 0 polygons
2026-08-28 18:15:44 +0200: Memory Usage (761796K) : metal1_blk has 0 polygons
2026-08-28 18:15:44 +0200: Memory Usage (527408K) : comp has 216638 polygons
2026-08-28 18:15:44 +0200: Memory Usage (527408K) : dnwell has 0 polygons
2026-08-28 18:15:44 +0200: Memory Usage (527536K) : comp has 216638 polygons
2026-08-28 18:15:44 +0200: Memory Usage (527536K) : dnwell has 0 polygons
2026-08-28 18:15:45 +0200: Memory Usage (542724K) : nwell has 422 polygons
2026-08-28 18:15:45 +0200: Memory Usage (767604K) : metal2_drawn has 51071 polygons
2026-08-28 18:15:45 +0200: Memory Usage (767604K) : metal2_dummy has 0 polygons
2026-08-28 18:15:45 +0200: Memory Usage (767604K) : metal2_label has 33 polygons
2026-08-28 18:15:45 +0200: Memory Usage (767604K) : metal2_slot has 0 polygons
2026-08-28 18:15:45 +0200: Memory Usage (767604K) : metal2_blk has 0 polygons
2026-08-28 18:15:45 +0200: Memory Usage (542952K) : nwell has 422 polygons
2026-08-28 18:15:45 +0200: Memory Usage (542724K) : lvpwell has 307 polygons
2026-08-28 18:15:45 +0200: Memory Usage (767604K) : metal3_drawn has 25645 polygons
2026-08-28 18:15:45 +0200: Memory Usage (767604K) : metal3_dummy has 0 polygons
2026-08-28 18:15:45 +0200: Memory Usage (767604K) : metal3_label has 0 polygons
2026-08-28 18:15:45 +0200: Memory Usage (767604K) : metal3_slot has 0 polygons
2026-08-28 18:15:45 +0200: Memory Usage (767604K) : metal3_blk has 0 polygons
2026-08-28 18:15:45 +0200: Memory Usage (962168K) : Executing rule M1.2a
2026-08-28 18:15:45 +0200: Memory Usage (767604K) : via3 has 12363 polygons
2026-08-28 18:15:45 +0200: Memory Usage (767604K) : metal4_drawn has 2332 polygons
2026-08-28 18:15:45 +0200: Memory Usage (767604K) : metal4_dummy has 0 polygons
2026-08-28 18:15:45 +0200: Memory Usage (767604K) : metal4_label has 0 polygons
2026-08-28 18:15:45 +0200: Memory Usage (767604K) : metal4_slot has 0 polygons
2026-08-28 18:15:45 +0200: Memory Usage (767604K) : metal4_blk has 0 polygons
2026-08-28 18:15:45 +0200: Memory Usage (767604K) : via4 has 2643 polygons
2026-08-28 18:15:45 +0200: Memory Usage (542952K) : lvpwell has 307 polygons
2026-08-28 18:15:45 +0200: Memory Usage (767604K) : metal5_drawn has 491 polygons
2026-08-28 18:15:45 +0200: Memory Usage (767604K) : metal5_dummy has 0 polygons
2026-08-28 18:15:45 +0200: Memory Usage (767604K) : metal5_label has 0 polygons
2026-08-28 18:15:45 +0200: Memory Usage (767604K) : metal5_slot has 0 polygons
2026-08-28 18:15:45 +0200: Memory Usage (767604K) : metal5_blk has 0 polygons
2026-08-28 18:15:45 +0200: Memory Usage (767604K) : pad has 0 polygons
2026-08-28 18:15:45 +0200: Memory Usage (767604K) : ubmpperi has 0 polygons
2026-08-28 18:15:45 +0200: Memory Usage (767604K) : ubmparray has 0 polygons
2026-08-28 18:15:45 +0200: Memory Usage (767604K) : ubmeplate has 0 polygons
2026-08-28 18:15:45 +0200: Memory Usage (767604K) : metal1_res has 0 polygons
2026-08-28 18:15:45 +0200: Memory Usage (767604K) : metal2_res has 0 polygons
2026-08-28 18:15:45 +0200: Memory Usage (767604K) : metal3_res has 0 polygons
2026-08-28 18:15:45 +0200: Memory Usage (767604K) : metal4_res has 0 polygons
2026-08-28 18:15:45 +0200: Memory Usage (767604K) : metal5_res has 0 polygons
2026-08-28 18:15:45 +0200: Memory Usage (767604K) : metal6_res has 0 polygons
2026-08-28 18:15:45 +0200: Memory Usage (553812K) : dualgate has 3 polygons
2026-08-28 18:15:45 +0200: Memory Usage (769188K) : pr_bndry has 1 polygons
2026-08-28 18:15:45 +0200: Memory Usage (769188K) : border has 0 polygons
2026-08-28 18:15:45 +0200: Memory Usage (769188K) : Total no. of polygons in the design is 2187705
2026-08-28 18:15:45 +0200: Memory Usage (769188K) : Starting deriving base layers.
2026-08-28 18:15:45 +0200: Memory Usage (554040K) : dualgate has 3 polygons
2026-08-28 18:15:46 +0200: Memory Usage (555048K) : poly2 has 232293 polygons
2026-08-28 18:15:46 +0200: Memory Usage (555172K) : poly2 has 232293 polygons
2026-08-28 18:15:46 +0200: Memory Usage (580504K) : nplus has 1417 polygons
2026-08-28 18:15:46 +0200: Memory Usage (573660K) : nplus has 1417 polygons
2026-08-28 18:15:47 +0200: Memory Usage (580504K) : pplus has 10152 polygons
2026-08-28 18:15:47 +0200: Memory Usage (580504K) : sab has 0 polygons
2026-08-28 18:15:47 +0200: Memory Usage (580504K) : esd has 0 polygons
2026-08-28 18:15:47 +0200: Memory Usage (580504K) : resistor has 0 polygons
2026-08-28 18:15:47 +0200: Memory Usage (580504K) : fhres has 0 polygons
2026-08-28 18:15:47 +0200: Memory Usage (580504K) : fusetop has 0 polygons
2026-08-28 18:15:47 +0200: Memory Usage (580504K) : fusewindow_d has 0 polygons
2026-08-28 18:15:47 +0200: Memory Usage (580504K) : polyfuse has 0 polygons
2026-08-28 18:15:47 +0200: Memory Usage (580504K) : mvsd has 0 polygons
2026-08-28 18:15:47 +0200: Memory Usage (580504K) : mvpsd has 0 polygons
2026-08-28 18:15:47 +0200: Memory Usage (580504K) : nat has 0 polygons
2026-08-28 18:15:47 +0200: Memory Usage (580504K) : comp_dummy has 0 polygons
2026-08-28 18:15:47 +0200: Memory Usage (580504K) : poly2_dummy has 0 polygons
2026-08-28 18:15:47 +0200: Memory Usage (580504K) : schottky_diode has 0 polygons
2026-08-28 18:15:47 +0200: Memory Usage (580504K) : zener has 0 polygons
2026-08-28 18:15:47 +0200: Memory Usage (580504K) : res_mk has 0 polygons
2026-08-28 18:15:47 +0200: Memory Usage (580504K) : opc_drc has 0 polygons
2026-08-28 18:15:47 +0200: Memory Usage (573660K) : pplus has 10152 polygons
2026-08-28 18:15:47 +0200: Memory Usage (573660K) : sab has 0 polygons
2026-08-28 18:15:47 +0200: Memory Usage (573660K) : esd has 0 polygons
2026-08-28 18:15:47 +0200: Memory Usage (573660K) : resistor has 0 polygons
2026-08-28 18:15:47 +0200: Memory Usage (573660K) : fhres has 0 polygons
2026-08-28 18:15:47 +0200: Memory Usage (573660K) : fusetop has 0 polygons
2026-08-28 18:15:47 +0200: Memory Usage (573660K) : fusewindow_d has 0 polygons
2026-08-28 18:15:47 +0200: Memory Usage (573660K) : polyfuse has 0 polygons
2026-08-28 18:15:47 +0200: Memory Usage (573660K) : mvsd has 0 polygons
2026-08-28 18:15:47 +0200: Memory Usage (573660K) : mvpsd has 0 polygons
2026-08-28 18:15:47 +0200: Memory Usage (573660K) : nat has 0 polygons
2026-08-28 18:15:47 +0200: Memory Usage (573660K) : comp_dummy has 0 polygons
2026-08-28 18:15:47 +0200: Memory Usage (573660K) : poly2_dummy has 0 polygons
2026-08-28 18:15:47 +0200: Memory Usage (573660K) : schottky_diode has 0 polygons
2026-08-28 18:15:47 +0200: Memory Usage (573660K) : zener has 0 polygons
2026-08-28 18:15:47 +0200: Memory Usage (573660K) : res_mk has 0 polygons
2026-08-28 18:15:47 +0200: Memory Usage (573660K) : opc_drc has 0 polygons
2026-08-28 18:15:47 +0200: Memory Usage (580504K) : v5_xtor has 3 polygons
2026-08-28 18:15:47 +0200: Memory Usage (580504K) : cap_mk has 0 polygons
2026-08-28 18:15:47 +0200: Memory Usage (580504K) : mos_cap_mk has 0 polygons
2026-08-28 18:15:47 +0200: Memory Usage (580504K) : ind_mk has 0 polygons
2026-08-28 18:15:47 +0200: Memory Usage (580504K) : diode_mk has 26 polygons
2026-08-28 18:15:47 +0200: Memory Usage (580504K) : drc_bjt has 0 polygons
2026-08-28 18:15:47 +0200: Memory Usage (580504K) : lvs_bjt has 0 polygons
2026-08-28 18:15:47 +0200: Memory Usage (580504K) : mim_l_mk has 0 polygons
2026-08-28 18:15:47 +0200: Memory Usage (580504K) : latchup_mk has 0 polygons
2026-08-28 18:15:47 +0200: Memory Usage (580504K) : guard_ring_mk has 0 polygons
2026-08-28 18:15:47 +0200: Memory Usage (580504K) : otp_mk has 0 polygons
2026-08-28 18:15:47 +0200: Memory Usage (580504K) : mtpmark has 0 polygons
2026-08-28 18:15:47 +0200: Memory Usage (580504K) : neo_ee_mk has 0 polygons
2026-08-28 18:15:47 +0200: Memory Usage (580504K) : sramcore has 4 polygons
2026-08-28 18:15:47 +0200: Memory Usage (580504K) : lvs_rf has 0 polygons
2026-08-28 18:15:47 +0200: Memory Usage (580504K) : lvs_drain has 0 polygons
2026-08-28 18:15:47 +0200: Memory Usage (580504K) : ind_mk has 0 polygons
2026-08-28 18:15:47 +0200: Memory Usage (580504K) : hvpolyrs has 0 polygons
2026-08-28 18:15:47 +0200: Memory Usage (580504K) : lvs_io has 0 polygons
2026-08-28 18:15:47 +0200: Memory Usage (580504K) : probe_mk has 0 polygons
2026-08-28 18:15:47 +0200: Memory Usage (580504K) : esd_mk has 0 polygons
2026-08-28 18:15:47 +0200: Memory Usage (580504K) : lvs_source has 0 polygons
2026-08-28 18:15:47 +0200: Memory Usage (580504K) : well_diode_mk has 0 polygons
2026-08-28 18:15:47 +0200: Memory Usage (580504K) : ldmos_xtor has 0 polygons
2026-08-28 18:15:47 +0200: Memory Usage (580504K) : plfuse has 0 polygons
2026-08-28 18:15:47 +0200: Memory Usage (580504K) : efuse_mk has 0 polygons
2026-08-28 18:15:47 +0200: Memory Usage (580504K) : mcell_feol_mk has 0 polygons
2026-08-28 18:15:47 +0200: Memory Usage (580504K) : ymtp_mk has 0 polygons
2026-08-28 18:15:47 +0200: Memory Usage (580504K) : dev_wf_mk has 0 polygons
2026-08-28 18:15:47 +0200: Memory Usage (580504K) : comp_label has 0 polygons
2026-08-28 18:15:47 +0200: Memory Usage (580504K) : poly2_label has 0 polygons
2026-08-28 18:15:47 +0200: Memory Usage (580504K) : mdiode has 0 polygons
2026-08-28 18:15:47 +0200: Memory Usage (580504K) : ndmy has 0 polygons
2026-08-28 18:15:47 +0200: Memory Usage (580504K) : pmndmy has 0 polygons
2026-08-28 18:15:47 +0200: Memory Usage (573660K) : v5_xtor has 3 polygons
2026-08-28 18:15:47 +0200: Memory Usage (573660K) : cap_mk has 0 polygons
2026-08-28 18:15:47 +0200: Memory Usage (573660K) : mos_cap_mk has 0 polygons
2026-08-28 18:15:47 +0200: Memory Usage (573660K) : ind_mk has 0 polygons
2026-08-28 18:15:47 +0200: Memory Usage (573660K) : diode_mk has 26 polygons
2026-08-28 18:15:47 +0200: Memory Usage (573660K) : drc_bjt has 0 polygons
2026-08-28 18:15:47 +0200: Memory Usage (573660K) : lvs_bjt has 0 polygons
2026-08-28 18:15:47 +0200: Memory Usage (573660K) : mim_l_mk has 0 polygons
2026-08-28 18:15:47 +0200: Memory Usage (573660K) : latchup_mk has 0 polygons
2026-08-28 18:15:47 +0200: Memory Usage (573660K) : guard_ring_mk has 0 polygons
2026-08-28 18:15:47 +0200: Memory Usage (573660K) : otp_mk has 0 polygons
2026-08-28 18:15:47 +0200: Memory Usage (573660K) : mtpmark has 0 polygons
2026-08-28 18:15:47 +0200: Memory Usage (573660K) : neo_ee_mk has 0 polygons
2026-08-28 18:15:47 +0200: Memory Usage (573660K) : sramcore has 4 polygons
2026-08-28 18:15:47 +0200: Memory Usage (573660K) : lvs_rf has 0 polygons
2026-08-28 18:15:47 +0200: Memory Usage (573660K) : lvs_drain has 0 polygons
2026-08-28 18:15:47 +0200: Memory Usage (573660K) : ind_mk has 0 polygons
2026-08-28 18:15:47 +0200: Memory Usage (573660K) : hvpolyrs has 0 polygons
2026-08-28 18:15:47 +0200: Memory Usage (573660K) : lvs_io has 0 polygons
2026-08-28 18:15:47 +0200: Memory Usage (573660K) : probe_mk has 0 polygons
2026-08-28 18:15:47 +0200: Memory Usage (573660K) : esd_mk has 0 polygons
2026-08-28 18:15:47 +0200: Memory Usage (573660K) : lvs_source has 0 polygons
2026-08-28 18:15:47 +0200: Memory Usage (573660K) : well_diode_mk has 0 polygons
2026-08-28 18:15:47 +0200: Memory Usage (573660K) : ldmos_xtor has 0 polygons
2026-08-28 18:15:47 +0200: Memory Usage (573660K) : plfuse has 0 polygons
2026-08-28 18:15:47 +0200: Memory Usage (573660K) : efuse_mk has 0 polygons
2026-08-28 18:15:47 +0200: Memory Usage (573660K) : mcell_feol_mk has 0 polygons
2026-08-28 18:15:47 +0200: Memory Usage (573660K) : ymtp_mk has 0 polygons
2026-08-28 18:15:47 +0200: Memory Usage (573660K) : dev_wf_mk has 0 polygons
2026-08-28 18:15:47 +0200: Memory Usage (573660K) : comp_label has 0 polygons
2026-08-28 18:15:47 +0200: Memory Usage (573660K) : poly2_label has 0 polygons
2026-08-28 18:15:47 +0200: Memory Usage (573660K) : mdiode has 0 polygons
2026-08-28 18:15:47 +0200: Memory Usage (573660K) : ndmy has 0 polygons
2026-08-28 18:15:47 +0200: Memory Usage (573660K) : pmndmy has 0 polygons
2026-08-28 18:15:50 +0200: Memory Usage (744200K) : contact has 1380000 polygons
2026-08-28 18:15:51 +0200: Memory Usage (626500K) : metal1_drawn has 251861 polygons
2026-08-28 18:15:51 +0200: Memory Usage (626500K) : metal1_dummy has 0 polygons
2026-08-28 18:15:51 +0200: Memory Usage (626500K) : metal1_label has 0 polygons
2026-08-28 18:15:51 +0200: Memory Usage (626500K) : metal1_slot has 0 polygons
2026-08-28 18:15:51 +0200: Memory Usage (626500K) : metal1_blk has 0 polygons
2026-08-28 18:15:51 +0200: Memory Usage (632484K) : metal2_drawn has 51071 polygons
2026-08-28 18:15:51 +0200: Memory Usage (632484K) : metal2_dummy has 0 polygons
2026-08-28 18:15:51 +0200: Memory Usage (632484K) : metal2_label has 33 polygons
2026-08-28 18:15:51 +0200: Memory Usage (632484K) : metal2_slot has 0 polygons
2026-08-28 18:15:51 +0200: Memory Usage (632484K) : metal2_blk has 0 polygons
2026-08-28 18:15:51 +0200: Memory Usage (632484K) : metal3_drawn has 25645 polygons
2026-08-28 18:15:51 +0200: Memory Usage (632484K) : metal3_dummy has 0 polygons
2026-08-28 18:15:51 +0200: Memory Usage (632484K) : metal3_label has 0 polygons
2026-08-28 18:15:51 +0200: Memory Usage (632484K) : metal3_slot has 0 polygons
2026-08-28 18:15:51 +0200: Memory Usage (632484K) : metal3_blk has 0 polygons
2026-08-28 18:15:51 +0200: Memory Usage (632484K) : via3 has 12363 polygons
2026-08-28 18:15:51 +0200: Memory Usage (632484K) : metal4_drawn has 2332 polygons
2026-08-28 18:15:51 +0200: Memory Usage (632484K) : metal4_dummy has 0 polygons
2026-08-28 18:15:51 +0200: Memory Usage (632484K) : metal4_label has 0 polygons
2026-08-28 18:15:51 +0200: Memory Usage (632484K) : metal4_slot has 0 polygons
2026-08-28 18:15:51 +0200: Memory Usage (632484K) : metal4_blk has 0 polygons
2026-08-28 18:15:51 +0200: Memory Usage (632484K) : via4 has 2643 polygons
2026-08-28 18:15:52 +0200: Memory Usage (632484K) : metal5_drawn has 491 polygons
2026-08-28 18:15:52 +0200: Memory Usage (632484K) : metal5_dummy has 0 polygons
2026-08-28 18:15:52 +0200: Memory Usage (632484K) : metal5_label has 0 polygons
2026-08-28 18:15:52 +0200: Memory Usage (632484K) : metal5_slot has 0 polygons
2026-08-28 18:15:52 +0200: Memory Usage (632484K) : metal5_blk has 0 polygons
2026-08-28 18:15:52 +0200: Memory Usage (632484K) : pad has 0 polygons
2026-08-28 18:15:52 +0200: Memory Usage (632484K) : ubmpperi has 0 polygons
2026-08-28 18:15:52 +0200: Memory Usage (632484K) : ubmparray has 0 polygons
2026-08-28 18:15:52 +0200: Memory Usage (632484K) : ubmeplate has 0 polygons
2026-08-28 18:15:52 +0200: Memory Usage (632484K) : metal1_res has 0 polygons
2026-08-28 18:15:52 +0200: Memory Usage (632484K) : metal2_res has 0 polygons
2026-08-28 18:15:52 +0200: Memory Usage (632484K) : metal3_res has 0 polygons
2026-08-28 18:15:52 +0200: Memory Usage (632484K) : metal4_res has 0 polygons
2026-08-28 18:15:52 +0200: Memory Usage (632484K) : metal5_res has 0 polygons
2026-08-28 18:15:52 +0200: Memory Usage (632484K) : metal6_res has 0 polygons
2026-08-28 18:15:52 +0200: Memory Usage (632484K) : pr_bndry has 1 polygons
2026-08-28 18:15:52 +0200: Memory Usage (632484K) : border has 0 polygons
2026-08-28 18:15:52 +0200: Memory Usage (632484K) : Total no. of polygons in the design is 807705
2026-08-28 18:15:52 +0200: Memory Usage (632484K) : Starting deriving base layers.
2026-08-28 18:15:54 +0200: Memory Usage (762328K) : metal1_drawn has 251861 polygons
2026-08-28 18:15:54 +0200: Memory Usage (762328K) : metal1_dummy has 0 polygons
2026-08-28 18:15:54 +0200: Memory Usage (762328K) : metal1_label has 0 polygons
2026-08-28 18:15:54 +0200: Memory Usage (762328K) : metal1_slot has 0 polygons
2026-08-28 18:15:54 +0200: Memory Usage (762328K) : metal1_blk has 0 polygons
2026-08-28 18:15:54 +0200: Memory Usage (768312K) : metal2_drawn has 51071 polygons
2026-08-28 18:15:54 +0200: Memory Usage (768312K) : metal2_dummy has 0 polygons
2026-08-28 18:15:54 +0200: Memory Usage (768312K) : metal2_label has 33 polygons
2026-08-28 18:15:54 +0200: Memory Usage (768312K) : metal2_slot has 0 polygons
2026-08-28 18:15:54 +0200: Memory Usage (768312K) : metal2_blk has 0 polygons
2026-08-28 18:15:55 +0200: Memory Usage (768312K) : metal3_drawn has 25645 polygons
2026-08-28 18:15:55 +0200: Memory Usage (768312K) : metal3_dummy has 0 polygons
2026-08-28 18:15:55 +0200: Memory Usage (768312K) : metal3_label has 0 polygons
2026-08-28 18:15:55 +0200: Memory Usage (768312K) : metal3_slot has 0 polygons
2026-08-28 18:15:55 +0200: Memory Usage (768312K) : metal3_blk has 0 polygons
2026-08-28 18:15:55 +0200: Memory Usage (768312K) : via3 has 12363 polygons
2026-08-28 18:15:55 +0200: Memory Usage (768312K) : metal4_drawn has 2332 polygons
2026-08-28 18:15:55 +0200: Memory Usage (768312K) : metal4_dummy has 0 polygons
2026-08-28 18:15:55 +0200: Memory Usage (768312K) : metal4_label has 0 polygons
2026-08-28 18:15:55 +0200: Memory Usage (768312K) : metal4_slot has 0 polygons
2026-08-28 18:15:55 +0200: Memory Usage (768312K) : metal4_blk has 0 polygons
2026-08-28 18:15:55 +0200: Memory Usage (768312K) : via4 has 2643 polygons
2026-08-28 18:15:55 +0200: Memory Usage (768312K) : metal5_drawn has 491 polygons
2026-08-28 18:15:55 +0200: Memory Usage (768312K) : metal5_dummy has 0 polygons
2026-08-28 18:15:55 +0200: Memory Usage (768312K) : metal5_label has 0 polygons
2026-08-28 18:15:55 +0200: Memory Usage (768312K) : metal5_slot has 0 polygons
2026-08-28 18:15:55 +0200: Memory Usage (768312K) : metal5_blk has 0 polygons
2026-08-28 18:15:55 +0200: Memory Usage (768312K) : pad has 0 polygons
2026-08-28 18:15:55 +0200: Memory Usage (768312K) : ubmpperi has 0 polygons
2026-08-28 18:15:55 +0200: Memory Usage (768312K) : ubmparray has 0 polygons
2026-08-28 18:15:55 +0200: Memory Usage (768312K) : ubmeplate has 0 polygons
2026-08-28 18:15:55 +0200: Memory Usage (768312K) : metal1_res has 0 polygons
2026-08-28 18:15:55 +0200: Memory Usage (768312K) : metal2_res has 0 polygons
2026-08-28 18:15:55 +0200: Memory Usage (768312K) : metal3_res has 0 polygons
2026-08-28 18:15:55 +0200: Memory Usage (768312K) : metal4_res has 0 polygons
2026-08-28 18:15:55 +0200: Memory Usage (768312K) : metal5_res has 0 polygons
2026-08-28 18:15:55 +0200: Memory Usage (768312K) : metal6_res has 0 polygons
2026-08-28 18:15:55 +0200: Memory Usage (768312K) : pr_bndry has 1 polygons
2026-08-28 18:15:55 +0200: Memory Usage (768312K) : border has 0 polygons
2026-08-28 18:15:55 +0200: Memory Usage (768312K) : Total no. of polygons in the design is 2187705
2026-08-28 18:15:55 +0200: Memory Usage (768312K) : Starting deriving base layers.
2026-08-28 18:15:58 +0200: Memory Usage (1069404K) : Total area of the design is 1859250.0 um^2.
2026-08-28 18:15:58 +0200: Memory Usage (1069404K) : Starting GF180MCU DRC rules.
2026-08-28 18:15:58 +0200: Memory Usage (1069404K) : Running all FEOL rules
2026-08-28 18:15:58 +0200: Memory Usage (1069404K) : Running all BEOL rules
2026-08-28 18:15:58 +0200: Memory Usage (1069404K) : Starting CONTACT derivations
2026-08-28 18:16:04 +0200: Memory Usage (929436K) : Total area of the design is 1859250.0 um^2.
2026-08-28 18:16:04 +0200: Memory Usage (929436K) : Starting GF180MCU DRC rules.
2026-08-28 18:16:04 +0200: Memory Usage (929436K) : Running all FEOL rules
2026-08-28 18:16:04 +0200: Memory Usage (929436K) : Running all BEOL rules
2026-08-28 18:16:04 +0200: Memory Usage (929436K) : dummy_metal4 DRC Total Run time 20.673745606 seconds
28-Aug-2026 18:16:05 | INFO    | Running Global Foundries 180nm MCU /headless/aravindustries-repos/butterfold/butterfold_proto/physical/results/d03_ach_candidate/butterfold_top.gds checks on design via4_split on cell butterfold_top:
2026-08-28 18:16:05 +0200: Memory Usage (1439316K) : Executing rule CO.1
2026-08-28 18:16:06 +0200: Memory Usage (443904K) : Starting running GF180MCU Klayout DRC runset on /headless/aravindustries-repos/butterfold/butterfold_proto/physical/results/d03_ach_candidate/butterfold_top.gds
2026-08-28 18:16:06 +0200: Memory Usage (443904K) : Ruby Version for klayout: 3.2.3
2026-08-28 18:16:06 +0200: Memory Usage (489436K) : Loading database to memory is complete.
2026-08-28 18:16:06 +0200: Memory Usage (489436K) : GF180MCU Klayout DRC runset output at: /headless/aravindustries-repos/butterfold/butterfold_proto/physical/results/d03_ach_candidate/klayout_drc_pgfix/butterfold_top_via4_split.lyrdb
2026-08-28 18:16:06 +0200: Memory Usage (489436K) : Evaluate switches.
2026-08-28 18:16:06 +0200: Memory Usage (489436K) : table_name selected  via4_split
2026-08-28 18:16:06 +0200: Memory Usage (489436K) : CONNECTIVITY_RULES enabled: false
2026-08-28 18:16:06 +0200: Memory Usage (489436K) : Wedge enabled: false
2026-08-28 18:16:06 +0200: Memory Usage (489436K) : Ball enabled: false
2026-08-28 18:16:06 +0200: Memory Usage (489436K) : Gold enabled: false
2026-08-28 18:16:06 +0200: Memory Usage (489436K) : MIM Option selected: B
2026-08-28 18:16:06 +0200: Memory Usage (489436K) : Offgrid enabled:  true
2026-08-28 18:16:06 +0200: Memory Usage (489436K) : Number of threads to use 2
2026-08-28 18:16:06 +0200: Memory Usage (489436K) : Verbose mode: false
2026-08-28 18:16:06 +0200: Memory Usage (489436K) : deep  mode is enabled for via4_split table
2026-08-28 18:16:06 +0200: Memory Usage (489436K) : METAL_TOP Selected is 11K
2026-08-28 18:16:06 +0200: Memory Usage (489436K) : METAL_STACK Selected is 5LM
2026-08-28 18:16:06 +0200: Memory Usage (489436K) : FEOL enabled: true
2026-08-28 18:16:06 +0200: Memory Usage (489436K) : BEOL enabled: true
2026-08-28 18:16:06 +0200: Memory Usage (489436K) : DUMMY enabled: false
2026-08-28 18:16:06 +0200: Memory Usage (489436K) : SLOW_VIA enabled: false
2026-08-28 18:16:06 +0200: Memory Usage (489436K) : Read in polygons from layers.
2026-08-28 18:16:06 +0200: Memory Usage (493648K) : comp has 238212 polygons
2026-08-28 18:16:06 +0200: Memory Usage (493648K) : dnwell has 0 polygons
2026-08-28 18:16:06 +0200: Memory Usage (494528K) : nwell has 65296 polygons
2026-08-28 18:16:06 +0200: Memory Usage (494528K) : lvpwell has 59032 polygons
2026-08-28 18:16:06 +0200: Memory Usage (494528K) : dualgate has 63662 polygons
2026-08-28 18:16:06 +0200: Memory Usage (494528K) : poly2 has 295257 polygons
2026-08-28 18:16:06 +0200: Memory Usage (494528K) : nplus has 65278 polygons
2026-08-28 18:16:06 +0200: Memory Usage (494704K) : pplus has 74142 polygons
2026-08-28 18:16:06 +0200: Memory Usage (494704K) : sab has 0 polygons
2026-08-28 18:16:06 +0200: Memory Usage (494704K) : esd has 0 polygons
2026-08-28 18:16:06 +0200: Memory Usage (494704K) : resistor has 0 polygons
2026-08-28 18:16:06 +0200: Memory Usage (494704K) : fhres has 0 polygons
2026-08-28 18:16:06 +0200: Memory Usage (494704K) : fusetop has 0 polygons
2026-08-28 18:16:06 +0200: Memory Usage (494704K) : fusewindow_d has 0 polygons
2026-08-28 18:16:06 +0200: Memory Usage (494704K) : polyfuse has 0 polygons
2026-08-28 18:16:06 +0200: Memory Usage (494704K) : mvsd has 0 polygons
2026-08-28 18:16:06 +0200: Memory Usage (494704K) : mvpsd has 0 polygons
2026-08-28 18:16:06 +0200: Memory Usage (494704K) : nat has 0 polygons
2026-08-28 18:16:06 +0200: Memory Usage (494704K) : comp_dummy has 0 polygons
2026-08-28 18:16:06 +0200: Memory Usage (494704K) : poly2_dummy has 0 polygons
2026-08-28 18:16:06 +0200: Memory Usage (494704K) : schottky_diode has 0 polygons
2026-08-28 18:16:06 +0200: Memory Usage (494704K) : zener has 0 polygons
2026-08-28 18:16:06 +0200: Memory Usage (494704K) : res_mk has 0 polygons
2026-08-28 18:16:06 +0200: Memory Usage (494704K) : opc_drc has 0 polygons
2026-08-28 18:16:06 +0200: Memory Usage (495408K) : v5_xtor has 63664 polygons
2026-08-28 18:16:06 +0200: Memory Usage (495408K) : cap_mk has 0 polygons
2026-08-28 18:16:06 +0200: Memory Usage (495408K) : mos_cap_mk has 0 polygons
2026-08-28 18:16:06 +0200: Memory Usage (495408K) : ind_mk has 0 polygons
2026-08-28 18:16:06 +0200: Memory Usage (495760K) : diode_mk has 26 polygons
2026-08-28 18:16:06 +0200: Memory Usage (495760K) : drc_bjt has 0 polygons
2026-08-28 18:16:06 +0200: Memory Usage (495760K) : lvs_bjt has 0 polygons
2026-08-28 18:16:06 +0200: Memory Usage (495760K) : mim_l_mk has 0 polygons
2026-08-28 18:16:06 +0200: Memory Usage (495760K) : latchup_mk has 0 polygons
2026-08-28 18:16:06 +0200: Memory Usage (495760K) : guard_ring_mk has 0 polygons
2026-08-28 18:16:06 +0200: Memory Usage (495760K) : otp_mk has 0 polygons
2026-08-28 18:16:06 +0200: Memory Usage (495760K) : mtpmark has 0 polygons
2026-08-28 18:16:06 +0200: Memory Usage (495760K) : neo_ee_mk has 0 polygons
2026-08-28 18:16:06 +0200: Memory Usage (496112K) : sramcore has 5300 polygons
2026-08-28 18:16:06 +0200: Memory Usage (496112K) : lvs_rf has 0 polygons
2026-08-28 18:16:06 +0200: Memory Usage (496112K) : lvs_drain has 0 polygons
2026-08-28 18:16:06 +0200: Memory Usage (496112K) : ind_mk has 0 polygons
2026-08-28 18:16:06 +0200: Memory Usage (496112K) : hvpolyrs has 0 polygons
2026-08-28 18:16:06 +0200: Memory Usage (496112K) : lvs_io has 0 polygons
2026-08-28 18:16:06 +0200: Memory Usage (496112K) : probe_mk has 0 polygons
2026-08-28 18:16:06 +0200: Memory Usage (496112K) : esd_mk has 0 polygons
2026-08-28 18:16:06 +0200: Memory Usage (496112K) : lvs_source has 0 polygons
2026-08-28 18:16:06 +0200: Memory Usage (496112K) : well_diode_mk has 0 polygons
2026-08-28 18:16:06 +0200: Memory Usage (496112K) : ldmos_xtor has 0 polygons
2026-08-28 18:16:06 +0200: Memory Usage (496112K) : plfuse has 0 polygons
2026-08-28 18:16:06 +0200: Memory Usage (496112K) : efuse_mk has 0 polygons
2026-08-28 18:16:06 +0200: Memory Usage (496112K) : mcell_feol_mk has 0 polygons
2026-08-28 18:16:06 +0200: Memory Usage (496112K) : ymtp_mk has 0 polygons
2026-08-28 18:16:06 +0200: Memory Usage (496112K) : dev_wf_mk has 0 polygons
2026-08-28 18:16:06 +0200: Memory Usage (496112K) : comp_label has 0 polygons
2026-08-28 18:16:06 +0200: Memory Usage (496112K) : poly2_label has 0 polygons
2026-08-28 18:16:06 +0200: Memory Usage (496112K) : mdiode has 0 polygons
2026-08-28 18:16:06 +0200: Memory Usage (496112K) : ndmy has 0 polygons
2026-08-28 18:16:06 +0200: Memory Usage (496112K) : pmndmy has 0 polygons
2026-08-28 18:16:07 +0200: Memory Usage (498048K) : metal1_drawn has 588093 polygons
2026-08-28 18:16:07 +0200: Memory Usage (498048K) : metal1_dummy has 0 polygons
2026-08-28 18:16:07 +0200: Memory Usage (499648K) : metal1_label has 0 polygons
2026-08-28 18:16:07 +0200: Memory Usage (499648K) : metal1_slot has 0 polygons
2026-08-28 18:16:07 +0200: Memory Usage (499648K) : metal1_blk has 0 polygons
2026-08-28 18:16:07 +0200: Memory Usage (500528K) : metal2_drawn has 95143 polygons
2026-08-28 18:16:07 +0200: Memory Usage (500528K) : metal2_dummy has 0 polygons
2026-08-28 18:16:07 +0200: Memory Usage (501408K) : metal2_label has 33 polygons
2026-08-28 18:16:07 +0200: Memory Usage (501408K) : metal2_slot has 0 polygons
2026-08-28 18:16:07 +0200: Memory Usage (501408K) : metal2_blk has 0 polygons
2026-08-28 18:16:07 +0200: Memory Usage (501408K) : metal3_drawn has 45990 polygons
2026-08-28 18:16:07 +0200: Memory Usage (501408K) : metal3_dummy has 0 polygons
2026-08-28 18:16:07 +0200: Memory Usage (502288K) : metal3_label has 0 polygons
2026-08-28 18:16:07 +0200: Memory Usage (502288K) : metal3_slot has 0 polygons
2026-08-28 18:16:07 +0200: Memory Usage (502288K) : metal3_blk has 0 polygons
2026-08-28 18:16:07 +0200: Memory Usage (502288K) : via3 has 12363 polygons
2026-08-28 18:16:07 +0200: Memory Usage (502288K) : metal4_drawn has 2406 polygons
2026-08-28 18:16:07 +0200: Memory Usage (502288K) : metal4_dummy has 0 polygons
2026-08-28 18:16:07 +0200: Memory Usage (502288K) : metal4_label has 0 polygons
2026-08-28 18:16:07 +0200: Memory Usage (502288K) : metal4_slot has 0 polygons
2026-08-28 18:16:07 +0200: Memory Usage (502288K) : metal4_blk has 0 polygons
2026-08-28 18:16:07 +0200: Memory Usage (502288K) : via4 has 2643 polygons
2026-08-28 18:16:07 +0200: Memory Usage (502288K) : metal5_drawn has 513 polygons
2026-08-28 18:16:07 +0200: Memory Usage (502288K) : metal5_dummy has 0 polygons
2026-08-28 18:16:07 +0200: Memory Usage (502288K) : metal5_label has 0 polygons
2026-08-28 18:16:07 +0200: Memory Usage (502288K) : metal5_slot has 0 polygons
2026-08-28 18:16:07 +0200: Memory Usage (502288K) : metal5_blk has 0 polygons
2026-08-28 18:16:07 +0200: Memory Usage (502288K) : pad has 0 polygons
2026-08-28 18:16:07 +0200: Memory Usage (502288K) : ubmpperi has 0 polygons
2026-08-28 18:16:07 +0200: Memory Usage (502288K) : ubmparray has 0 polygons
2026-08-28 18:16:07 +0200: Memory Usage (502288K) : ubmeplate has 0 polygons
2026-08-28 18:16:07 +0200: Memory Usage (502288K) : metal1_res has 0 polygons
2026-08-28 18:16:07 +0200: Memory Usage (502288K) : metal2_res has 0 polygons
2026-08-28 18:16:07 +0200: Memory Usage (502288K) : metal3_res has 0 polygons
2026-08-28 18:16:07 +0200: Memory Usage (502288K) : metal4_res has 0 polygons
2026-08-28 18:16:07 +0200: Memory Usage (502288K) : metal5_res has 0 polygons
2026-08-28 18:16:07 +0200: Memory Usage (502288K) : metal6_res has 0 polygons
2026-08-28 18:16:07 +0200: Memory Usage (502288K) : pr_bndry has 64345 polygons
2026-08-28 18:16:07 +0200: Memory Usage (502288K) : border has 0 polygons
2026-08-28 18:16:07 +0200: Memory Usage (502288K) : Total no. of polygons in the design is 1741398
2026-08-28 18:16:07 +0200: Memory Usage (502288K) : Starting deriving base layers.
2026-08-28 18:16:07 +0200: Memory Usage (1070600K) : Total area of the design is 1859250.0 um^2.
2026-08-28 18:16:07 +0200: Memory Usage (1070600K) : Starting GF180MCU DRC rules.
2026-08-28 18:16:07 +0200: Memory Usage (1070600K) : Running all FEOL rules
2026-08-28 18:16:07 +0200: Memory Usage (1070600K) : Running all BEOL rules
2026-08-28 18:16:07 +0200: Memory Usage (1070600K) : Starting 3.3V SRAM derivations
2026-08-28 18:16:07 +0200: Memory Usage (1070600K) : Executing rule S.DF.4c_LV
2026-08-28 18:16:07 +0200: Memory Usage (1070812K) : Executing rule S.DF.16_LV
2026-08-28 18:16:08 +0200: Memory Usage (1122028K) : Executing rule S.CO.3_LV
2026-08-28 18:16:08 +0200: Memory Usage (1122028K) : Executing rule S.CO.4_LV
2026-08-28 18:16:08 +0200: Memory Usage (1122028K) : Executing rule S.CO.6_ii_LV
2026-08-28 18:16:08 +0200: Memory Usage (1122028K) : Executing rule S.M1.1_LV
2026-08-28 18:16:08 +0200: Memory Usage (1122028K) : sram_3p3 DRC Total Run time 24.36636111 seconds
28-Aug-2026 18:16:08 | INFO    | Running Global Foundries 180nm MCU /headless/aravindustries-repos/butterfold/butterfold_proto/physical/results/d03_ach_candidate/butterfold_top.gds checks on design nwell_split on cell butterfold_top:
2026-08-28 18:16:08 +0200: Memory Usage (1542224K) : Executing rule CO.2a
2026-08-28 18:16:10 +0200: Memory Usage (443860K) : Starting running GF180MCU Klayout DRC runset on /headless/aravindustries-repos/butterfold/butterfold_proto/physical/results/d03_ach_candidate/butterfold_top.gds
2026-08-28 18:16:10 +0200: Memory Usage (443860K) : Ruby Version for klayout: 3.2.3
2026-08-28 18:16:10 +0200: Memory Usage (489404K) : Loading database to memory is complete.
2026-08-28 18:16:10 +0200: Memory Usage (489404K) : GF180MCU Klayout DRC runset output at: /headless/aravindustries-repos/butterfold/butterfold_proto/physical/results/d03_ach_candidate/klayout_drc_pgfix/butterfold_top_nwell_split.lyrdb
2026-08-28 18:16:10 +0200: Memory Usage (489596K) : Evaluate switches.
2026-08-28 18:16:10 +0200: Memory Usage (489596K) : table_name selected  nwell_split
2026-08-28 18:16:10 +0200: Memory Usage (489596K) : CONNECTIVITY_RULES enabled: true
2026-08-28 18:16:10 +0200: Memory Usage (489596K) : Wedge enabled: false
2026-08-28 18:16:10 +0200: Memory Usage (489596K) : Ball enabled: false
2026-08-28 18:16:10 +0200: Memory Usage (489596K) : Gold enabled: false
2026-08-28 18:16:10 +0200: Memory Usage (489596K) : MIM Option selected: B
2026-08-28 18:16:10 +0200: Memory Usage (489596K) : Offgrid enabled:  true
2026-08-28 18:16:10 +0200: Memory Usage (489596K) : Number of threads to use 2
2026-08-28 18:16:10 +0200: Memory Usage (489596K) : Verbose mode: false
2026-08-28 18:16:10 +0200: Memory Usage (489596K) : deep  mode is enabled for nwell_split table
2026-08-28 18:16:10 +0200: Memory Usage (489596K) : METAL_TOP Selected is 11K
2026-08-28 18:16:10 +0200: Memory Usage (489596K) : METAL_STACK Selected is 5LM
2026-08-28 18:16:10 +0200: Memory Usage (489596K) : FEOL enabled: true
2026-08-28 18:16:10 +0200: Memory Usage (489596K) : BEOL enabled: true
2026-08-28 18:16:10 +0200: Memory Usage (489596K) : DUMMY enabled: false
2026-08-28 18:16:10 +0200: Memory Usage (489596K) : SLOW_VIA enabled: false
2026-08-28 18:16:10 +0200: Memory Usage (489596K) : Read in polygons from layers.
2026-08-28 18:16:10 +0200: Memory Usage (493564K) : comp has 238212 polygons
2026-08-28 18:16:10 +0200: Memory Usage (493564K) : dnwell has 0 polygons
2026-08-28 18:16:10 +0200: Memory Usage (494268K) : nwell has 65296 polygons
2026-08-28 18:16:10 +0200: Memory Usage (494268K) : lvpwell has 59032 polygons
2026-08-28 18:16:10 +0200: Memory Usage (494268K) : dualgate has 63662 polygons
2026-08-28 18:16:10 +0200: Memory Usage (494268K) : poly2 has 295257 polygons
2026-08-28 18:16:10 +0200: Memory Usage (494268K) : nplus has 65278 polygons
2026-08-28 18:16:10 +0200: Memory Usage (494444K) : pplus has 74142 polygons
2026-08-28 18:16:10 +0200: Memory Usage (494444K) : sab has 0 polygons
2026-08-28 18:16:10 +0200: Memory Usage (494444K) : esd has 0 polygons
2026-08-28 18:16:10 +0200: Memory Usage (494444K) : resistor has 0 polygons
2026-08-28 18:16:10 +0200: Memory Usage (494444K) : fhres has 0 polygons
2026-08-28 18:16:10 +0200: Memory Usage (494444K) : fusetop has 0 polygons
2026-08-28 18:16:10 +0200: Memory Usage (494444K) : fusewindow_d has 0 polygons
2026-08-28 18:16:10 +0200: Memory Usage (494444K) : polyfuse has 0 polygons
2026-08-28 18:16:10 +0200: Memory Usage (494444K) : mvsd has 0 polygons
2026-08-28 18:16:10 +0200: Memory Usage (494444K) : mvpsd has 0 polygons
2026-08-28 18:16:10 +0200: Memory Usage (494444K) : nat has 0 polygons
2026-08-28 18:16:10 +0200: Memory Usage (494444K) : comp_dummy has 0 polygons
2026-08-28 18:16:10 +0200: Memory Usage (494444K) : poly2_dummy has 0 polygons
2026-08-28 18:16:10 +0200: Memory Usage (494444K) : schottky_diode has 0 polygons
2026-08-28 18:16:10 +0200: Memory Usage (494444K) : zener has 0 polygons
2026-08-28 18:16:10 +0200: Memory Usage (494444K) : res_mk has 0 polygons
2026-08-28 18:16:10 +0200: Memory Usage (494444K) : opc_drc has 0 polygons
2026-08-28 18:16:10 +0200: Memory Usage (495324K) : v5_xtor has 63664 polygons
2026-08-28 18:16:10 +0200: Memory Usage (495324K) : cap_mk has 0 polygons
2026-08-28 18:16:10 +0200: Memory Usage (495324K) : mos_cap_mk has 0 polygons
2026-08-28 18:16:10 +0200: Memory Usage (495324K) : ind_mk has 0 polygons
2026-08-28 18:16:10 +0200: Memory Usage (495500K) : diode_mk has 26 polygons
2026-08-28 18:16:10 +0200: Memory Usage (495500K) : drc_bjt has 0 polygons
2026-08-28 18:16:10 +0200: Memory Usage (495500K) : lvs_bjt has 0 polygons
2026-08-28 18:16:10 +0200: Memory Usage (495500K) : mim_l_mk has 0 polygons
2026-08-28 18:16:10 +0200: Memory Usage (495500K) : latchup_mk has 0 polygons
2026-08-28 18:16:10 +0200: Memory Usage (495500K) : guard_ring_mk has 0 polygons
2026-08-28 18:16:10 +0200: Memory Usage (495500K) : otp_mk has 0 polygons
2026-08-28 18:16:10 +0200: Memory Usage (495500K) : mtpmark has 0 polygons
2026-08-28 18:16:10 +0200: Memory Usage (495500K) : neo_ee_mk has 0 polygons
2026-08-28 18:16:10 +0200: Memory Usage (495852K) : sramcore has 5300 polygons
2026-08-28 18:16:10 +0200: Memory Usage (495852K) : lvs_rf has 0 polygons
2026-08-28 18:16:10 +0200: Memory Usage (495852K) : lvs_drain has 0 polygons
2026-08-28 18:16:10 +0200: Memory Usage (495852K) : ind_mk has 0 polygons
2026-08-28 18:16:10 +0200: Memory Usage (495852K) : hvpolyrs has 0 polygons
2026-08-28 18:16:10 +0200: Memory Usage (495852K) : lvs_io has 0 polygons
2026-08-28 18:16:10 +0200: Memory Usage (495852K) : probe_mk has 0 polygons
2026-08-28 18:16:10 +0200: Memory Usage (495852K) : esd_mk has 0 polygons
2026-08-28 18:16:10 +0200: Memory Usage (495852K) : lvs_source has 0 polygons
2026-08-28 18:16:10 +0200: Memory Usage (495852K) : well_diode_mk has 0 polygons
2026-08-28 18:16:10 +0200: Memory Usage (495852K) : ldmos_xtor has 0 polygons
2026-08-28 18:16:10 +0200: Memory Usage (495852K) : plfuse has 0 polygons
2026-08-28 18:16:10 +0200: Memory Usage (495852K) : efuse_mk has 0 polygons
2026-08-28 18:16:10 +0200: Memory Usage (495852K) : mcell_feol_mk has 0 polygons
2026-08-28 18:16:10 +0200: Memory Usage (495852K) : ymtp_mk has 0 polygons
2026-08-28 18:16:10 +0200: Memory Usage (495852K) : dev_wf_mk has 0 polygons
2026-08-28 18:16:10 +0200: Memory Usage (495852K) : comp_label has 0 polygons
2026-08-28 18:16:10 +0200: Memory Usage (495852K) : poly2_label has 0 polygons
2026-08-28 18:16:10 +0200: Memory Usage (495852K) : mdiode has 0 polygons
2026-08-28 18:16:10 +0200: Memory Usage (495852K) : ndmy has 0 polygons
2026-08-28 18:16:10 +0200: Memory Usage (495852K) : pmndmy has 0 polygons
2026-08-28 18:16:10 +0200: Memory Usage (497996K) : metal1_drawn has 588093 polygons
2026-08-28 18:16:10 +0200: Memory Usage (497996K) : metal1_dummy has 0 polygons
2026-08-28 18:16:10 +0200: Memory Usage (499404K) : metal1_label has 0 polygons
2026-08-28 18:16:10 +0200: Memory Usage (499404K) : metal1_slot has 0 polygons
2026-08-28 18:16:10 +0200: Memory Usage (499404K) : metal1_blk has 0 polygons
2026-08-28 18:16:10 +0200: Memory Usage (500284K) : metal2_drawn has 95143 polygons
2026-08-28 18:16:10 +0200: Memory Usage (500284K) : metal2_dummy has 0 polygons
2026-08-28 18:16:10 +0200: Memory Usage (501164K) : metal2_label has 33 polygons
2026-08-28 18:16:10 +0200: Memory Usage (501164K) : metal2_slot has 0 polygons
2026-08-28 18:16:10 +0200: Memory Usage (501164K) : metal2_blk has 0 polygons
2026-08-28 18:16:10 +0200: Memory Usage (501164K) : metal3_drawn has 45990 polygons
2026-08-28 18:16:10 +0200: Memory Usage (501164K) : metal3_dummy has 0 polygons
2026-08-28 18:16:10 +0200: Memory Usage (502044K) : metal3_label has 0 polygons
2026-08-28 18:16:10 +0200: Memory Usage (502044K) : metal3_slot has 0 polygons
2026-08-28 18:16:10 +0200: Memory Usage (502044K) : metal3_blk has 0 polygons
2026-08-28 18:16:10 +0200: Memory Usage (502044K) : via3 has 12363 polygons
2026-08-28 18:16:10 +0200: Memory Usage (502044K) : metal4_drawn has 2406 polygons
2026-08-28 18:16:10 +0200: Memory Usage (502044K) : metal4_dummy has 0 polygons
2026-08-28 18:16:10 +0200: Memory Usage (502044K) : metal4_label has 0 polygons
2026-08-28 18:16:10 +0200: Memory Usage (502044K) : metal4_slot has 0 polygons
2026-08-28 18:16:10 +0200: Memory Usage (502044K) : metal4_blk has 0 polygons
2026-08-28 18:16:10 +0200: Memory Usage (502044K) : via4 has 2643 polygons
2026-08-28 18:16:10 +0200: Memory Usage (502044K) : metal5_drawn has 513 polygons
2026-08-28 18:16:10 +0200: Memory Usage (502044K) : metal5_dummy has 0 polygons
2026-08-28 18:16:10 +0200: Memory Usage (502044K) : metal5_label has 0 polygons
2026-08-28 18:16:10 +0200: Memory Usage (502044K) : metal5_slot has 0 polygons
2026-08-28 18:16:10 +0200: Memory Usage (502044K) : metal5_blk has 0 polygons
2026-08-28 18:16:10 +0200: Memory Usage (502044K) : pad has 0 polygons
2026-08-28 18:16:10 +0200: Memory Usage (502044K) : ubmpperi has 0 polygons
2026-08-28 18:16:10 +0200: Memory Usage (502044K) : ubmparray has 0 polygons
2026-08-28 18:16:11 +0200: Memory Usage (502044K) : ubmeplate has 0 polygons
2026-08-28 18:16:11 +0200: Memory Usage (502044K) : metal1_res has 0 polygons
2026-08-28 18:16:11 +0200: Memory Usage (502044K) : metal2_res has 0 polygons
2026-08-28 18:16:11 +0200: Memory Usage (502044K) : metal3_res has 0 polygons
2026-08-28 18:16:11 +0200: Memory Usage (502044K) : metal4_res has 0 polygons
2026-08-28 18:16:11 +0200: Memory Usage (502044K) : metal5_res has 0 polygons
2026-08-28 18:16:11 +0200: Memory Usage (502044K) : metal6_res has 0 polygons
2026-08-28 18:16:11 +0200: Memory Usage (502396K) : pr_bndry has 64345 polygons
2026-08-28 18:16:11 +0200: Memory Usage (502396K) : border has 0 polygons
2026-08-28 18:16:11 +0200: Memory Usage (502396K) : Total no. of polygons in the design is 1741398
2026-08-28 18:16:11 +0200: Memory Usage (502396K) : Starting deriving base layers.
2026-08-28 18:16:12 +0200: Memory Usage (1808568K) : Executing rule CO.2b
2026-08-28 18:16:15 +0200: Memory Usage (541660K) : Total area of the design is 1859250.0 um^2.
2026-08-28 18:16:15 +0200: Memory Usage (541660K) : Starting GF180MCU DRC rules.
2026-08-28 18:16:15 +0200: Memory Usage (541660K) : Running all FEOL rules
2026-08-28 18:16:15 +0200: Memory Usage (541660K) : Running all BEOL rules
2026-08-28 18:16:15 +0200: Memory Usage (541660K) : via4_split DRC Total Run time 8.666860422 seconds
28-Aug-2026 18:16:15 | INFO    | Running Global Foundries 180nm MCU /headless/aravindustries-repos/butterfold/butterfold_proto/physical/results/d03_ach_candidate/butterfold_top.gds checks on design via4 on cell butterfold_top:
2026-08-28 18:16:16 +0200: Memory Usage (444484K) : Starting running GF180MCU Klayout DRC runset on /headless/aravindustries-repos/butterfold/butterfold_proto/physical/results/d03_ach_candidate/butterfold_top.gds
2026-08-28 18:16:16 +0200: Memory Usage (444484K) : Ruby Version for klayout: 3.2.3
2026-08-28 18:16:16 +0200: Memory Usage (489908K) : Loading database to memory is complete.
2026-08-28 18:16:16 +0200: Memory Usage (489908K) : GF180MCU Klayout DRC runset output at: /headless/aravindustries-repos/butterfold/butterfold_proto/physical/results/d03_ach_candidate/klayout_drc_pgfix/butterfold_top_via4.lyrdb
2026-08-28 18:16:16 +0200: Memory Usage (490116K) : Evaluate switches.
2026-08-28 18:16:16 +0200: Memory Usage (490116K) : table_name selected  via4
2026-08-28 18:16:16 +0200: Memory Usage (490116K) : CONNECTIVITY_RULES enabled: false
2026-08-28 18:16:16 +0200: Memory Usage (490116K) : Wedge enabled: false
2026-08-28 18:16:16 +0200: Memory Usage (490116K) : Ball enabled: false
2026-08-28 18:16:16 +0200: Memory Usage (490116K) : Gold enabled: false
2026-08-28 18:16:16 +0200: Memory Usage (490116K) : MIM Option selected: B
2026-08-28 18:16:16 +0200: Memory Usage (490116K) : Offgrid enabled:  true
2026-08-28 18:16:16 +0200: Memory Usage (490116K) : Number of threads to use 2
2026-08-28 18:16:16 +0200: Memory Usage (490116K) : Verbose mode: false
2026-08-28 18:16:16 +0200: Memory Usage (490116K) : flat  mode is enabled for via4 table
2026-08-28 18:16:16 +0200: Memory Usage (490116K) : METAL_TOP Selected is 11K
2026-08-28 18:16:16 +0200: Memory Usage (490116K) : METAL_STACK Selected is 5LM
2026-08-28 18:16:16 +0200: Memory Usage (490116K) : FEOL enabled: true
2026-08-28 18:16:16 +0200: Memory Usage (490116K) : BEOL enabled: true
2026-08-28 18:16:16 +0200: Memory Usage (490116K) : DUMMY enabled: false
2026-08-28 18:16:16 +0200: Memory Usage (490116K) : SLOW_VIA enabled: false
2026-08-28 18:16:16 +0200: Memory Usage (490116K) : Read in polygons from layers.
2026-08-28 18:16:17 +0200: Memory Usage (527544K) : comp has 216638 polygons
2026-08-28 18:16:17 +0200: Memory Usage (527544K) : dnwell has 0 polygons
2026-08-28 18:16:17 +0200: Memory Usage (542860K) : nwell has 422 polygons
2026-08-28 18:16:18 +0200: Memory Usage (542860K) : lvpwell has 307 polygons
2026-08-28 18:16:18 +0200: Memory Usage (553948K) : dualgate has 3 polygons
2026-08-28 18:16:18 +0200: Memory Usage (559380K) : Construct connectivity for the design.
2026-08-28 18:16:18 +0200: Memory Usage (559572K) : Connectivity rules enabled, Netlist object will be generated.
2026-08-28 18:16:19 +0200: Memory Usage (555184K) : poly2 has 232293 polygons
2026-08-28 18:16:19 +0200: Memory Usage (573664K) : nplus has 1417 polygons
2026-08-28 18:16:19 +0200: Memory Usage (573664K) : pplus has 10152 polygons
2026-08-28 18:16:19 +0200: Memory Usage (573664K) : sab has 0 polygons
2026-08-28 18:16:19 +0200: Memory Usage (573664K) : esd has 0 polygons
2026-08-28 18:16:19 +0200: Memory Usage (573664K) : resistor has 0 polygons
2026-08-28 18:16:19 +0200: Memory Usage (573664K) : fhres has 0 polygons
2026-08-28 18:16:19 +0200: Memory Usage (573664K) : fusetop has 0 polygons
2026-08-28 18:16:19 +0200: Memory Usage (573664K) : fusewindow_d has 0 polygons
2026-08-28 18:16:19 +0200: Memory Usage (573664K) : polyfuse has 0 polygons
2026-08-28 18:16:19 +0200: Memory Usage (573664K) : mvsd has 0 polygons
2026-08-28 18:16:19 +0200: Memory Usage (573664K) : mvpsd has 0 polygons
2026-08-28 18:16:19 +0200: Memory Usage (573664K) : nat has 0 polygons
2026-08-28 18:16:19 +0200: Memory Usage (573664K) : comp_dummy has 0 polygons
2026-08-28 18:16:19 +0200: Memory Usage (573664K) : poly2_dummy has 0 polygons
2026-08-28 18:16:19 +0200: Memory Usage (573664K) : schottky_diode has 0 polygons
2026-08-28 18:16:19 +0200: Memory Usage (573664K) : zener has 0 polygons
2026-08-28 18:16:19 +0200: Memory Usage (573664K) : res_mk has 0 polygons
2026-08-28 18:16:19 +0200: Memory Usage (573664K) : opc_drc has 0 polygons
2026-08-28 18:16:20 +0200: Memory Usage (573664K) : v5_xtor has 3 polygons
2026-08-28 18:16:20 +0200: Memory Usage (573664K) : cap_mk has 0 polygons
2026-08-28 18:16:20 +0200: Memory Usage (573664K) : mos_cap_mk has 0 polygons
2026-08-28 18:16:20 +0200: Memory Usage (573664K) : ind_mk has 0 polygons
2026-08-28 18:16:20 +0200: Memory Usage (573664K) : diode_mk has 26 polygons
2026-08-28 18:16:20 +0200: Memory Usage (573664K) : drc_bjt has 0 polygons
2026-08-28 18:16:20 +0200: Memory Usage (573664K) : lvs_bjt has 0 polygons
2026-08-28 18:16:20 +0200: Memory Usage (573664K) : mim_l_mk has 0 polygons
2026-08-28 18:16:20 +0200: Memory Usage (573664K) : latchup_mk has 0 polygons
2026-08-28 18:16:20 +0200: Memory Usage (573664K) : guard_ring_mk has 0 polygons
2026-08-28 18:16:20 +0200: Memory Usage (573664K) : otp_mk has 0 polygons
2026-08-28 18:16:20 +0200: Memory Usage (573664K) : mtpmark has 0 polygons
2026-08-28 18:16:20 +0200: Memory Usage (573664K) : neo_ee_mk has 0 polygons
2026-08-28 18:16:20 +0200: Memory Usage (573664K) : sramcore has 4 polygons
2026-08-28 18:16:20 +0200: Memory Usage (573664K) : lvs_rf has 0 polygons
2026-08-28 18:16:20 +0200: Memory Usage (573664K) : lvs_drain has 0 polygons
2026-08-28 18:16:20 +0200: Memory Usage (573664K) : ind_mk has 0 polygons
2026-08-28 18:16:20 +0200: Memory Usage (573664K) : hvpolyrs has 0 polygons
2026-08-28 18:16:20 +0200: Memory Usage (573664K) : lvs_io has 0 polygons
2026-08-28 18:16:20 +0200: Memory Usage (573664K) : probe_mk has 0 polygons
2026-08-28 18:16:20 +0200: Memory Usage (573664K) : esd_mk has 0 polygons
2026-08-28 18:16:20 +0200: Memory Usage (573664K) : lvs_source has 0 polygons
2026-08-28 18:16:20 +0200: Memory Usage (573664K) : well_diode_mk has 0 polygons
2026-08-28 18:16:20 +0200: Memory Usage (573664K) : ldmos_xtor has 0 polygons
2026-08-28 18:16:20 +0200: Memory Usage (573664K) : plfuse has 0 polygons
2026-08-28 18:16:20 +0200: Memory Usage (573664K) : efuse_mk has 0 polygons
2026-08-28 18:16:20 +0200: Memory Usage (573664K) : mcell_feol_mk has 0 polygons
2026-08-28 18:16:20 +0200: Memory Usage (573664K) : ymtp_mk has 0 polygons
2026-08-28 18:16:20 +0200: Memory Usage (573664K) : dev_wf_mk has 0 polygons
2026-08-28 18:16:20 +0200: Memory Usage (573664K) : comp_label has 0 polygons
2026-08-28 18:16:20 +0200: Memory Usage (573664K) : poly2_label has 0 polygons
2026-08-28 18:16:20 +0200: Memory Usage (573664K) : mdiode has 0 polygons
2026-08-28 18:16:20 +0200: Memory Usage (573664K) : ndmy has 0 polygons
2026-08-28 18:16:20 +0200: Memory Usage (573664K) : pmndmy has 0 polygons
2026-08-28 18:16:20 +0200: Memory Usage (1819880K) : Executing rule CO.3
2026-08-28 18:16:20 +0200: Memory Usage (639828K) : Total area of the design is 1859250.0 um^2.
2026-08-28 18:16:20 +0200: Memory Usage (639828K) : Starting GF180MCU DRC rules.
2026-08-28 18:16:20 +0200: Memory Usage (639828K) : Running all FEOL rules
2026-08-28 18:16:20 +0200: Memory Usage (639828K) : Running all BEOL rules
2026-08-28 18:16:20 +0200: Memory Usage (639828K) : nwell_split DRC Total Run time 10.419703219 seconds
28-Aug-2026 18:16:20 | INFO    | Running Global Foundries 180nm MCU /headless/aravindustries-repos/butterfold/butterfold_proto/physical/results/d03_ach_candidate/butterfold_top.gds checks on design ymtp_mk on cell butterfold_top:
2026-08-28 18:16:22 +0200: Memory Usage (443316K) : Starting running GF180MCU Klayout DRC runset on /headless/aravindustries-repos/butterfold/butterfold_proto/physical/results/d03_ach_candidate/butterfold_top.gds
2026-08-28 18:16:22 +0200: Memory Usage (443316K) : Ruby Version for klayout: 3.2.3
2026-08-28 18:16:22 +0200: Memory Usage (488740K) : Loading database to memory is complete.
2026-08-28 18:16:22 +0200: Memory Usage (488740K) : GF180MCU Klayout DRC runset output at: /headless/aravindustries-repos/butterfold/butterfold_proto/physical/results/d03_ach_candidate/klayout_drc_pgfix/butterfold_top_ymtp_mk.lyrdb
2026-08-28 18:16:22 +0200: Memory Usage (488948K) : Evaluate switches.
2026-08-28 18:16:22 +0200: Memory Usage (488948K) : table_name selected  ymtp_mk
2026-08-28 18:16:22 +0200: Memory Usage (488948K) : CONNECTIVITY_RULES enabled: false
2026-08-28 18:16:22 +0200: Memory Usage (488948K) : Wedge enabled: false
2026-08-28 18:16:22 +0200: Memory Usage (488948K) : Ball enabled: false
2026-08-28 18:16:22 +0200: Memory Usage (488948K) : Gold enabled: false
2026-08-28 18:16:22 +0200: Memory Usage (488948K) : MIM Option selected: B
2026-08-28 18:16:22 +0200: Memory Usage (488948K) : Offgrid enabled:  true
2026-08-28 18:16:22 +0200: Memory Usage (488948K) : Number of threads to use 2
2026-08-28 18:16:22 +0200: Memory Usage (488948K) : Verbose mode: false
2026-08-28 18:16:22 +0200: Memory Usage (488948K) : flat  mode is enabled for ymtp_mk table
2026-08-28 18:16:22 +0200: Memory Usage (488948K) : METAL_TOP Selected is 11K
2026-08-28 18:16:22 +0200: Memory Usage (488948K) : METAL_STACK Selected is 5LM
2026-08-28 18:16:22 +0200: Memory Usage (488948K) : FEOL enabled: true
2026-08-28 18:16:22 +0200: Memory Usage (488948K) : BEOL enabled: true
2026-08-28 18:16:22 +0200: Memory Usage (488948K) : DUMMY enabled: false
2026-08-28 18:16:22 +0200: Memory Usage (488948K) : SLOW_VIA enabled: false
2026-08-28 18:16:22 +0200: Memory Usage (488948K) : Read in polygons from layers.
2026-08-28 18:16:22 +0200: Memory Usage (526488K) : comp has 216638 polygons
2026-08-28 18:16:22 +0200: Memory Usage (526488K) : dnwell has 0 polygons
2026-08-28 18:16:23 +0200: Memory Usage (541804K) : nwell has 422 polygons
2026-08-28 18:16:23 +0200: Memory Usage (541804K) : lvpwell has 307 polygons
2026-08-28 18:16:23 +0200: Memory Usage (626312K) : metal1_drawn has 251861 polygons
2026-08-28 18:16:23 +0200: Memory Usage (626312K) : metal1_dummy has 0 polygons
2026-08-28 18:16:23 +0200: Memory Usage (626312K) : metal1_label has 0 polygons
2026-08-28 18:16:23 +0200: Memory Usage (626312K) : metal1_slot has 0 polygons
2026-08-28 18:16:23 +0200: Memory Usage (626312K) : metal1_blk has 0 polygons
2026-08-28 18:16:23 +0200: Memory Usage (552892K) : dualgate has 3 polygons
2026-08-28 18:16:24 +0200: Memory Usage (632296K) : metal2_drawn has 51071 polygons
2026-08-28 18:16:24 +0200: Memory Usage (632296K) : metal2_dummy has 0 polygons
2026-08-28 18:16:24 +0200: Memory Usage (632296K) : metal2_label has 33 polygons
2026-08-28 18:16:24 +0200: Memory Usage (632296K) : metal2_slot has 0 polygons
2026-08-28 18:16:24 +0200: Memory Usage (632296K) : metal2_blk has 0 polygons
2026-08-28 18:16:24 +0200: Memory Usage (632296K) : metal3_drawn has 25645 polygons
2026-08-28 18:16:24 +0200: Memory Usage (632296K) : metal3_dummy has 0 polygons
2026-08-28 18:16:24 +0200: Memory Usage (632296K) : metal3_label has 0 polygons
2026-08-28 18:16:24 +0200: Memory Usage (632296K) : metal3_slot has 0 polygons
2026-08-28 18:16:24 +0200: Memory Usage (632296K) : metal3_blk has 0 polygons
2026-08-28 18:16:24 +0200: Memory Usage (632296K) : via3 has 12363 polygons
2026-08-28 18:16:24 +0200: Memory Usage (632296K) : metal4_drawn has 2332 polygons
2026-08-28 18:16:24 +0200: Memory Usage (632296K) : metal4_dummy has 0 polygons
2026-08-28 18:16:24 +0200: Memory Usage (632296K) : metal4_label has 0 polygons
2026-08-28 18:16:24 +0200: Memory Usage (632296K) : metal4_slot has 0 polygons
2026-08-28 18:16:24 +0200: Memory Usage (632296K) : metal4_blk has 0 polygons
2026-08-28 18:16:24 +0200: Memory Usage (632296K) : via4 has 2643 polygons
2026-08-28 18:16:24 +0200: Memory Usage (632296K) : metal5_drawn has 491 polygons
2026-08-28 18:16:24 +0200: Memory Usage (632296K) : metal5_dummy has 0 polygons
2026-08-28 18:16:24 +0200: Memory Usage (632296K) : metal5_label has 0 polygons
2026-08-28 18:16:24 +0200: Memory Usage (632296K) : metal5_slot has 0 polygons
2026-08-28 18:16:24 +0200: Memory Usage (632296K) : metal5_blk has 0 polygons
2026-08-28 18:16:24 +0200: Memory Usage (632296K) : pad has 0 polygons
2026-08-28 18:16:24 +0200: Memory Usage (632296K) : ubmpperi has 0 polygons
2026-08-28 18:16:24 +0200: Memory Usage (632296K) : ubmparray has 0 polygons
2026-08-28 18:16:24 +0200: Memory Usage (632296K) : ubmeplate has 0 polygons
2026-08-28 18:16:24 +0200: Memory Usage (632296K) : metal1_res has 0 polygons
2026-08-28 18:16:24 +0200: Memory Usage (632296K) : metal2_res has 0 polygons
2026-08-28 18:16:24 +0200: Memory Usage (632296K) : metal3_res has 0 polygons
2026-08-28 18:16:24 +0200: Memory Usage (632296K) : metal4_res has 0 polygons
2026-08-28 18:16:24 +0200: Memory Usage (632296K) : metal5_res has 0 polygons
2026-08-28 18:16:24 +0200: Memory Usage (632296K) : metal6_res has 0 polygons
2026-08-28 18:16:24 +0200: Memory Usage (554204K) : poly2 has 232293 polygons
2026-08-28 18:16:24 +0200: Memory Usage (632296K) : pr_bndry has 1 polygons
2026-08-28 18:16:24 +0200: Memory Usage (632296K) : border has 0 polygons
2026-08-28 18:16:24 +0200: Memory Usage (632296K) : Total no. of polygons in the design is 807705
2026-08-28 18:16:24 +0200: Memory Usage (632296K) : Starting deriving base layers.
2026-08-28 18:16:25 +0200: Memory Usage (579744K) : nplus has 1417 polygons
2026-08-28 18:16:25 +0200: Memory Usage (579744K) : pplus has 10152 polygons
2026-08-28 18:16:25 +0200: Memory Usage (579744K) : sab has 0 polygons
2026-08-28 18:16:25 +0200: Memory Usage (579744K) : esd has 0 polygons
2026-08-28 18:16:25 +0200: Memory Usage (579744K) : resistor has 0 polygons
2026-08-28 18:16:25 +0200: Memory Usage (579744K) : fhres has 0 polygons
2026-08-28 18:16:25 +0200: Memory Usage (579744K) : fusetop has 0 polygons
2026-08-28 18:16:25 +0200: Memory Usage (579744K) : fusewindow_d has 0 polygons
2026-08-28 18:16:25 +0200: Memory Usage (579744K) : polyfuse has 0 polygons
2026-08-28 18:16:25 +0200: Memory Usage (579744K) : mvsd has 0 polygons
2026-08-28 18:16:25 +0200: Memory Usage (579744K) : mvpsd has 0 polygons
2026-08-28 18:16:25 +0200: Memory Usage (579744K) : nat has 0 polygons
2026-08-28 18:16:25 +0200: Memory Usage (579744K) : comp_dummy has 0 polygons
2026-08-28 18:16:25 +0200: Memory Usage (579744K) : poly2_dummy has 0 polygons
2026-08-28 18:16:25 +0200: Memory Usage (579744K) : schottky_diode has 0 polygons
2026-08-28 18:16:25 +0200: Memory Usage (579744K) : zener has 0 polygons
2026-08-28 18:16:25 +0200: Memory Usage (579744K) : res_mk has 0 polygons
2026-08-28 18:16:25 +0200: Memory Usage (579744K) : opc_drc has 0 polygons
2026-08-28 18:16:25 +0200: Memory Usage (579744K) : v5_xtor has 3 polygons
2026-08-28 18:16:25 +0200: Memory Usage (579744K) : cap_mk has 0 polygons
2026-08-28 18:16:25 +0200: Memory Usage (579744K) : mos_cap_mk has 0 polygons
2026-08-28 18:16:25 +0200: Memory Usage (579744K) : ind_mk has 0 polygons
2026-08-28 18:16:25 +0200: Memory Usage (579744K) : diode_mk has 26 polygons
2026-08-28 18:16:25 +0200: Memory Usage (579744K) : drc_bjt has 0 polygons
2026-08-28 18:16:25 +0200: Memory Usage (579744K) : lvs_bjt has 0 polygons
2026-08-28 18:16:25 +0200: Memory Usage (579744K) : mim_l_mk has 0 polygons
2026-08-28 18:16:25 +0200: Memory Usage (579744K) : latchup_mk has 0 polygons
2026-08-28 18:16:25 +0200: Memory Usage (579744K) : guard_ring_mk has 0 polygons
2026-08-28 18:16:25 +0200: Memory Usage (579744K) : otp_mk has 0 polygons
2026-08-28 18:16:25 +0200: Memory Usage (579744K) : mtpmark has 0 polygons
2026-08-28 18:16:25 +0200: Memory Usage (579744K) : neo_ee_mk has 0 polygons
2026-08-28 18:16:25 +0200: Memory Usage (579744K) : sramcore has 4 polygons
2026-08-28 18:16:25 +0200: Memory Usage (579744K) : lvs_rf has 0 polygons
2026-08-28 18:16:25 +0200: Memory Usage (579744K) : lvs_drain has 0 polygons
2026-08-28 18:16:25 +0200: Memory Usage (579744K) : ind_mk has 0 polygons
2026-08-28 18:16:25 +0200: Memory Usage (579744K) : hvpolyrs has 0 polygons
2026-08-28 18:16:25 +0200: Memory Usage (579744K) : lvs_io has 0 polygons
2026-08-28 18:16:25 +0200: Memory Usage (579744K) : probe_mk has 0 polygons
2026-08-28 18:16:25 +0200: Memory Usage (579744K) : esd_mk has 0 polygons
2026-08-28 18:16:25 +0200: Memory Usage (579744K) : lvs_source has 0 polygons
2026-08-28 18:16:25 +0200: Memory Usage (579744K) : well_diode_mk has 0 polygons
2026-08-28 18:16:25 +0200: Memory Usage (579744K) : ldmos_xtor has 0 polygons
2026-08-28 18:16:25 +0200: Memory Usage (579744K) : plfuse has 0 polygons
2026-08-28 18:16:25 +0200: Memory Usage (579744K) : efuse_mk has 0 polygons
2026-08-28 18:16:25 +0200: Memory Usage (579744K) : mcell_feol_mk has 0 polygons
2026-08-28 18:16:25 +0200: Memory Usage (579744K) : ymtp_mk has 0 polygons
2026-08-28 18:16:25 +0200: Memory Usage (579744K) : dev_wf_mk has 0 polygons
2026-08-28 18:16:25 +0200: Memory Usage (579744K) : comp_label has 0 polygons
2026-08-28 18:16:25 +0200: Memory Usage (579744K) : poly2_label has 0 polygons
2026-08-28 18:16:25 +0200: Memory Usage (579744K) : mdiode has 0 polygons
2026-08-28 18:16:25 +0200: Memory Usage (579744K) : ndmy has 0 polygons
2026-08-28 18:16:25 +0200: Memory Usage (579744K) : pmndmy has 0 polygons
2026-08-28 18:16:27 +0200: Memory Usage (1820060K) : Executing rule CO.4
2026-08-28 18:16:29 +0200: Memory Usage (625408K) : metal1_drawn has 251861 polygons
2026-08-28 18:16:29 +0200: Memory Usage (625408K) : metal1_dummy has 0 polygons
2026-08-28 18:16:29 +0200: Memory Usage (625408K) : metal1_label has 0 polygons
2026-08-28 18:16:29 +0200: Memory Usage (625408K) : metal1_slot has 0 polygons
2026-08-28 18:16:29 +0200: Memory Usage (625408K) : metal1_blk has 0 polygons
2026-08-28 18:16:29 +0200: Memory Usage (631216K) : metal2_drawn has 51071 polygons
2026-08-28 18:16:29 +0200: Memory Usage (631216K) : metal2_dummy has 0 polygons
2026-08-28 18:16:29 +0200: Memory Usage (631216K) : metal2_label has 33 polygons
2026-08-28 18:16:29 +0200: Memory Usage (631216K) : metal2_slot has 0 polygons
2026-08-28 18:16:29 +0200: Memory Usage (631216K) : metal2_blk has 0 polygons
2026-08-28 18:16:29 +0200: Memory Usage (631216K) : metal3_drawn has 25645 polygons
2026-08-28 18:16:29 +0200: Memory Usage (631216K) : metal3_dummy has 0 polygons
2026-08-28 18:16:29 +0200: Memory Usage (631216K) : metal3_label has 0 polygons
2026-08-28 18:16:29 +0200: Memory Usage (631216K) : metal3_slot has 0 polygons
2026-08-28 18:16:29 +0200: Memory Usage (631216K) : metal3_blk has 0 polygons
2026-08-28 18:16:29 +0200: Memory Usage (631216K) : via3 has 12363 polygons
2026-08-28 18:16:29 +0200: Memory Usage (631216K) : metal4_drawn has 2332 polygons
2026-08-28 18:16:29 +0200: Memory Usage (631216K) : metal4_dummy has 0 polygons
2026-08-28 18:16:29 +0200: Memory Usage (631216K) : metal4_label has 0 polygons
2026-08-28 18:16:29 +0200: Memory Usage (631216K) : metal4_slot has 0 polygons
2026-08-28 18:16:29 +0200: Memory Usage (631216K) : metal4_blk has 0 polygons
2026-08-28 18:16:29 +0200: Memory Usage (631216K) : via4 has 2643 polygons
2026-08-28 18:16:29 +0200: Memory Usage (631216K) : metal5_drawn has 491 polygons
2026-08-28 18:16:29 +0200: Memory Usage (631216K) : metal5_dummy has 0 polygons
2026-08-28 18:16:29 +0200: Memory Usage (631216K) : metal5_label has 0 polygons
2026-08-28 18:16:29 +0200: Memory Usage (631216K) : metal5_slot has 0 polygons
2026-08-28 18:16:29 +0200: Memory Usage (631216K) : metal5_blk has 0 polygons
2026-08-28 18:16:29 +0200: Memory Usage (631216K) : pad has 0 polygons
2026-08-28 18:16:29 +0200: Memory Usage (631216K) : ubmpperi has 0 polygons
2026-08-28 18:16:29 +0200: Memory Usage (631216K) : ubmparray has 0 polygons
2026-08-28 18:16:29 +0200: Memory Usage (631216K) : ubmeplate has 0 polygons
2026-08-28 18:16:29 +0200: Memory Usage (631216K) : metal1_res has 0 polygons
2026-08-28 18:16:29 +0200: Memory Usage (631216K) : metal2_res has 0 polygons
2026-08-28 18:16:29 +0200: Memory Usage (631216K) : metal3_res has 0 polygons
2026-08-28 18:16:29 +0200: Memory Usage (631216K) : metal4_res has 0 polygons
2026-08-28 18:16:29 +0200: Memory Usage (631216K) : metal5_res has 0 polygons
2026-08-28 18:16:29 +0200: Memory Usage (631216K) : metal6_res has 0 polygons
2026-08-28 18:16:30 +0200: Memory Usage (631216K) : pr_bndry has 1 polygons
2026-08-28 18:16:30 +0200: Memory Usage (631216K) : border has 0 polygons
2026-08-28 18:16:30 +0200: Memory Usage (631216K) : Total no. of polygons in the design is 807705
2026-08-28 18:16:30 +0200: Memory Usage (631216K) : Starting deriving base layers.
2026-08-28 18:16:37 +0200: Memory Usage (933752K) : Total area of the design is 1859250.0 um^2.
2026-08-28 18:16:37 +0200: Memory Usage (933752K) : Starting GF180MCU DRC rules.
2026-08-28 18:16:37 +0200: Memory Usage (933752K) : Running all FEOL rules
2026-08-28 18:16:37 +0200: Memory Usage (933752K) : Running all BEOL rules
2026-08-28 18:16:37 +0200: Memory Usage (933752K) : Executing rule V4.1
2026-08-28 18:16:37 +0200: Memory Usage (934136K) : Executing rule V4.2a
2026-08-28 18:16:37 +0200: Memory Usage (934596K) : Executing rule V4.2b
2026-08-28 18:16:37 +0200: Memory Usage (934596K) : Executing rule V4.3b
2026-08-28 18:16:37 +0200: Memory Usage (934596K) : Executing rule V4.3c
2026-08-28 18:16:37 +0200: Memory Usage (934772K) : Executing rule V4.3d
2026-08-28 18:16:37 +0200: Memory Usage (934964K) : Executing rule V4.4a
2026-08-28 18:16:37 +0200: Memory Usage (934964K) : Executing rule V4.4b
2026-08-28 18:16:37 +0200: Memory Usage (934964K) : Executing rule V4.4c
2026-08-28 18:16:37 +0200: Memory Usage (934964K) : via4 DRC Total Run time 20.708523974 seconds
28-Aug-2026 18:16:37 | INFO    | Running Global Foundries 180nm MCU /headless/aravindustries-repos/butterfold/butterfold_proto/physical/results/d03_ach_candidate/butterfold_top.gds checks on design pres on cell butterfold_top:
2026-08-28 18:16:39 +0200: Memory Usage (443568K) : Starting running GF180MCU Klayout DRC runset on /headless/aravindustries-repos/butterfold/butterfold_proto/physical/results/d03_ach_candidate/butterfold_top.gds
2026-08-28 18:16:39 +0200: Memory Usage (443568K) : Ruby Version for klayout: 3.2.3
2026-08-28 18:16:39 +0200: Memory Usage (489196K) : Loading database to memory is complete.
2026-08-28 18:16:39 +0200: Memory Usage (489196K) : GF180MCU Klayout DRC runset output at: /headless/aravindustries-repos/butterfold/butterfold_proto/physical/results/d03_ach_candidate/klayout_drc_pgfix/butterfold_top_pres.lyrdb
2026-08-28 18:16:39 +0200: Memory Usage (489196K) : Evaluate switches.
2026-08-28 18:16:39 +0200: Memory Usage (489196K) : table_name selected  pres
2026-08-28 18:16:39 +0200: Memory Usage (489196K) : CONNECTIVITY_RULES enabled: false
2026-08-28 18:16:39 +0200: Memory Usage (489196K) : Wedge enabled: false
2026-08-28 18:16:39 +0200: Memory Usage (489196K) : Ball enabled: false
2026-08-28 18:16:39 +0200: Memory Usage (489196K) : Gold enabled: false
2026-08-28 18:16:39 +0200: Memory Usage (489196K) : MIM Option selected: B
2026-08-28 18:16:39 +0200: Memory Usage (489196K) : Offgrid enabled:  true
2026-08-28 18:16:39 +0200: Memory Usage (489196K) : Number of threads to use 2
2026-08-28 18:16:39 +0200: Memory Usage (489196K) : Verbose mode: false
2026-08-28 18:16:39 +0200: Memory Usage (489196K) : flat  mode is enabled for pres table
2026-08-28 18:16:39 +0200: Memory Usage (489196K) : METAL_TOP Selected is 11K
2026-08-28 18:16:39 +0200: Memory Usage (489196K) : METAL_STACK Selected is 5LM
2026-08-28 18:16:39 +0200: Memory Usage (489196K) : FEOL enabled: true
2026-08-28 18:16:39 +0200: Memory Usage (489196K) : BEOL enabled: true
2026-08-28 18:16:39 +0200: Memory Usage (489196K) : DUMMY enabled: false
2026-08-28 18:16:39 +0200: Memory Usage (489196K) : SLOW_VIA enabled: false
2026-08-28 18:16:39 +0200: Memory Usage (489196K) : Read in polygons from layers.
2026-08-28 18:16:40 +0200: Memory Usage (526852K) : comp has 216638 polygons
2026-08-28 18:16:40 +0200: Memory Usage (526852K) : dnwell has 0 polygons
2026-08-28 18:16:40 +0200: Memory Usage (542168K) : nwell has 422 polygons
2026-08-28 18:16:40 +0200: Memory Usage (542168K) : lvpwell has 307 polygons
2026-08-28 18:16:40 +0200: Memory Usage (553256K) : dualgate has 3 polygons
2026-08-28 18:16:41 +0200: Memory Usage (1973476K) : Executing rule CO.5a
2026-08-28 18:16:41 +0200: Memory Usage (1973476K) : Executing rule CO.5b
2026-08-28 18:16:41 +0200: Memory Usage (1973476K) : Executing rule CO.6
2026-08-28 18:16:41 +0200: Memory Usage (554552K) : poly2 has 232293 polygons
2026-08-28 18:16:42 +0200: Memory Usage (572840K) : nplus has 1417 polygons
2026-08-28 18:16:42 +0200: Memory Usage (572840K) : pplus has 10152 polygons
2026-08-28 18:16:42 +0200: Memory Usage (572840K) : sab has 0 polygons
2026-08-28 18:16:42 +0200: Memory Usage (572840K) : esd has 0 polygons
2026-08-28 18:16:42 +0200: Memory Usage (572840K) : resistor has 0 polygons
2026-08-28 18:16:42 +0200: Memory Usage (572840K) : fhres has 0 polygons
2026-08-28 18:16:42 +0200: Memory Usage (572840K) : fusetop has 0 polygons
2026-08-28 18:16:42 +0200: Memory Usage (572840K) : fusewindow_d has 0 polygons
2026-08-28 18:16:42 +0200: Memory Usage (572840K) : polyfuse has 0 polygons
2026-08-28 18:16:42 +0200: Memory Usage (572840K) : mvsd has 0 polygons
2026-08-28 18:16:42 +0200: Memory Usage (572840K) : mvpsd has 0 polygons
2026-08-28 18:16:42 +0200: Memory Usage (572840K) : nat has 0 polygons
2026-08-28 18:16:42 +0200: Memory Usage (572840K) : comp_dummy has 0 polygons
2026-08-28 18:16:42 +0200: Memory Usage (572840K) : poly2_dummy has 0 polygons
2026-08-28 18:16:42 +0200: Memory Usage (572840K) : schottky_diode has 0 polygons
2026-08-28 18:16:42 +0200: Memory Usage (572840K) : zener has 0 polygons
2026-08-28 18:16:42 +0200: Memory Usage (572840K) : res_mk has 0 polygons
2026-08-28 18:16:42 +0200: Memory Usage (572840K) : opc_drc has 0 polygons
2026-08-28 18:16:42 +0200: Memory Usage (931344K) : Total area of the design is 1859250.0 um^2.
2026-08-28 18:16:42 +0200: Memory Usage (931344K) : Starting GF180MCU DRC rules.
2026-08-28 18:16:42 +0200: Memory Usage (931344K) : Running all FEOL rules
2026-08-28 18:16:42 +0200: Memory Usage (931344K) : Running all BEOL rules
2026-08-28 18:16:42 +0200: Memory Usage (931344K) : Starting YMTP_MK derivations
2026-08-28 18:16:42 +0200: Memory Usage (931344K) : Executing rule Y.NW.2b_LV
2026-08-28 18:16:42 +0200: Memory Usage (931704K) : Executing rule Y.NW.2b_MV
2026-08-28 18:16:42 +0200: Memory Usage (931704K) : Executing rule Y.DF.6_MV
2026-08-28 18:16:42 +0200: Memory Usage (931704K) : Executing rule Y.DF.16_LV
2026-08-28 18:16:42 +0200: Memory Usage (931704K) : Executing rule Y.DF.16_MV
2026-08-28 18:16:42 +0200: Memory Usage (931704K) : Executing rule Y.PL.1_LV
2026-08-28 18:16:42 +0200: Memory Usage (931704K) : Executing rule Y.PL.1_MV
2026-08-28 18:16:42 +0200: Memory Usage (931704K) : Executing rule Y.PL.2_LV
2026-08-28 18:16:42 +0200: Memory Usage (572840K) : v5_xtor has 3 polygons
2026-08-28 18:16:42 +0200: Memory Usage (572840K) : cap_mk has 0 polygons
2026-08-28 18:16:42 +0200: Memory Usage (572840K) : mos_cap_mk has 0 polygons
2026-08-28 18:16:42 +0200: Memory Usage (572840K) : ind_mk has 0 polygons
2026-08-28 18:16:42 +0200: Memory Usage (572840K) : diode_mk has 26 polygons
2026-08-28 18:16:42 +0200: Memory Usage (572840K) : drc_bjt has 0 polygons
2026-08-28 18:16:42 +0200: Memory Usage (572840K) : lvs_bjt has 0 polygons
2026-08-28 18:16:42 +0200: Memory Usage (572840K) : mim_l_mk has 0 polygons
2026-08-28 18:16:42 +0200: Memory Usage (572840K) : latchup_mk has 0 polygons
2026-08-28 18:16:42 +0200: Memory Usage (572840K) : guard_ring_mk has 0 polygons
2026-08-28 18:16:42 +0200: Memory Usage (572840K) : otp_mk has 0 polygons
2026-08-28 18:16:42 +0200: Memory Usage (572840K) : mtpmark has 0 polygons
2026-08-28 18:16:42 +0200: Memory Usage (572840K) : neo_ee_mk has 0 polygons
2026-08-28 18:16:42 +0200: Memory Usage (572840K) : sramcore has 4 polygons
2026-08-28 18:16:42 +0200: Memory Usage (572840K) : lvs_rf has 0 polygons
2026-08-28 18:16:42 +0200: Memory Usage (572840K) : lvs_drain has 0 polygons
2026-08-28 18:16:42 +0200: Memory Usage (572840K) : ind_mk has 0 polygons
2026-08-28 18:16:42 +0200: Memory Usage (572840K) : hvpolyrs has 0 polygons
2026-08-28 18:16:42 +0200: Memory Usage (572840K) : lvs_io has 0 polygons
2026-08-28 18:16:42 +0200: Memory Usage (572840K) : probe_mk has 0 polygons
2026-08-28 18:16:42 +0200: Memory Usage (572840K) : esd_mk has 0 polygons
2026-08-28 18:16:42 +0200: Memory Usage (572840K) : lvs_source has 0 polygons
2026-08-28 18:16:42 +0200: Memory Usage (572840K) : well_diode_mk has 0 polygons
2026-08-28 18:16:42 +0200: Memory Usage (572840K) : ldmos_xtor has 0 polygons
2026-08-28 18:16:42 +0200: Memory Usage (572840K) : plfuse has 0 polygons
2026-08-28 18:16:42 +0200: Memory Usage (572840K) : efuse_mk has 0 polygons
2026-08-28 18:16:42 +0200: Memory Usage (931896K) : Executing rule Y.PL.2_MV
2026-08-28 18:16:42 +0200: Memory Usage (572840K) : mcell_feol_mk has 0 polygons
2026-08-28 18:16:42 +0200: Memory Usage (572840K) : ymtp_mk has 0 polygons
2026-08-28 18:16:42 +0200: Memory Usage (572840K) : dev_wf_mk has 0 polygons
2026-08-28 18:16:42 +0200: Memory Usage (572840K) : comp_label has 0 polygons
2026-08-28 18:16:42 +0200: Memory Usage (572840K) : poly2_label has 0 polygons
2026-08-28 18:16:42 +0200: Memory Usage (572840K) : mdiode has 0 polygons
2026-08-28 18:16:42 +0200: Memory Usage (572840K) : ndmy has 0 polygons
2026-08-28 18:16:42 +0200: Memory Usage (572840K) : pmndmy has 0 polygons
2026-08-28 18:16:42 +0200: Memory Usage (952840K) : Executing rule Y.PL.4_MV
2026-08-28 18:16:42 +0200: Memory Usage (952840K) : Executing rule Y.PL.5a_LV
2026-08-28 18:16:42 +0200: Memory Usage (952840K) : Executing rule Y.PL.5a_MV
2026-08-28 18:16:42 +0200: Memory Usage (952840K) : Executing rule Y.PL.5b_LV
2026-08-28 18:16:42 +0200: Memory Usage (952840K) : Executing rule Y.PL.5b_MV
2026-08-28 18:16:42 +0200: Memory Usage (952840K) : ymtp_mk DRC Total Run time 20.697986143 seconds
28-Aug-2026 18:16:43 | INFO    | Running Global Foundries 180nm MCU /headless/aravindustries-repos/butterfold/butterfold_proto/physical/results/d03_ach_candidate/butterfold_top.gds checks on design dnwell_split on cell butterfold_top:
2026-08-28 18:16:44 +0200: Memory Usage (444116K) : Starting running GF180MCU Klayout DRC runset on /headless/aravindustries-repos/butterfold/butterfold_proto/physical/results/d03_ach_candidate/butterfold_top.gds
2026-08-28 18:16:44 +0200: Memory Usage (444116K) : Ruby Version for klayout: 3.2.3
2026-08-28 18:16:44 +0200: Memory Usage (489712K) : Loading database to memory is complete.
2026-08-28 18:16:44 +0200: Memory Usage (489712K) : GF180MCU Klayout DRC runset output at: /headless/aravindustries-repos/butterfold/butterfold_proto/physical/results/d03_ach_candidate/klayout_drc_pgfix/butterfold_top_dnwell_split.lyrdb
2026-08-28 18:16:44 +0200: Memory Usage (489920K) : Evaluate switches.
2026-08-28 18:16:44 +0200: Memory Usage (489920K) : table_name selected  dnwell_split
2026-08-28 18:16:44 +0200: Memory Usage (489920K) : CONNECTIVITY_RULES enabled: true
2026-08-28 18:16:44 +0200: Memory Usage (489920K) : Wedge enabled: false
2026-08-28 18:16:44 +0200: Memory Usage (489920K) : Ball enabled: false
2026-08-28 18:16:44 +0200: Memory Usage (489920K) : Gold enabled: false
2026-08-28 18:16:44 +0200: Memory Usage (489920K) : MIM Option selected: B
2026-08-28 18:16:44 +0200: Memory Usage (489920K) : Offgrid enabled:  true
2026-08-28 18:16:44 +0200: Memory Usage (489920K) : Number of threads to use 2
2026-08-28 18:16:44 +0200: Memory Usage (489920K) : Verbose mode: false
2026-08-28 18:16:44 +0200: Memory Usage (489920K) : deep  mode is enabled for dnwell_split table
2026-08-28 18:16:44 +0200: Memory Usage (489920K) : METAL_TOP Selected is 11K
2026-08-28 18:16:44 +0200: Memory Usage (489920K) : METAL_STACK Selected is 5LM
2026-08-28 18:16:44 +0200: Memory Usage (489920K) : FEOL enabled: true
2026-08-28 18:16:44 +0200: Memory Usage (489920K) : BEOL enabled: true
2026-08-28 18:16:44 +0200: Memory Usage (489920K) : DUMMY enabled: false
2026-08-28 18:16:44 +0200: Memory Usage (489920K) : SLOW_VIA enabled: false
2026-08-28 18:16:44 +0200: Memory Usage (489920K) : Read in polygons from layers.
2026-08-28 18:16:44 +0200: Memory Usage (493752K) : comp has 238212 polygons
2026-08-28 18:16:44 +0200: Memory Usage (493752K) : dnwell has 0 polygons
2026-08-28 18:16:44 +0200: Memory Usage (494632K) : nwell has 65296 polygons
2026-08-28 18:16:44 +0200: Memory Usage (494632K) : lvpwell has 59032 polygons
2026-08-28 18:16:44 +0200: Memory Usage (494632K) : dualgate has 63662 polygons
2026-08-28 18:16:44 +0200: Memory Usage (494632K) : poly2 has 295257 polygons
2026-08-28 18:16:44 +0200: Memory Usage (494632K) : nplus has 65278 polygons
2026-08-28 18:16:44 +0200: Memory Usage (494632K) : pplus has 74142 polygons
2026-08-28 18:16:44 +0200: Memory Usage (494632K) : sab has 0 polygons
2026-08-28 18:16:44 +0200: Memory Usage (494632K) : esd has 0 polygons
2026-08-28 18:16:44 +0200: Memory Usage (494632K) : resistor has 0 polygons
2026-08-28 18:16:44 +0200: Memory Usage (494632K) : fhres has 0 polygons
2026-08-28 18:16:44 +0200: Memory Usage (494632K) : fusetop has 0 polygons
2026-08-28 18:16:44 +0200: Memory Usage (494632K) : fusewindow_d has 0 polygons
2026-08-28 18:16:44 +0200: Memory Usage (494632K) : polyfuse has 0 polygons
2026-08-28 18:16:44 +0200: Memory Usage (494632K) : mvsd has 0 polygons
2026-08-28 18:16:44 +0200: Memory Usage (494632K) : mvpsd has 0 polygons
2026-08-28 18:16:44 +0200: Memory Usage (494632K) : nat has 0 polygons
2026-08-28 18:16:44 +0200: Memory Usage (494632K) : comp_dummy has 0 polygons
2026-08-28 18:16:44 +0200: Memory Usage (494632K) : poly2_dummy has 0 polygons
2026-08-28 18:16:44 +0200: Memory Usage (494632K) : schottky_diode has 0 polygons
2026-08-28 18:16:44 +0200: Memory Usage (494632K) : zener has 0 polygons
2026-08-28 18:16:44 +0200: Memory Usage (494632K) : res_mk has 0 polygons
2026-08-28 18:16:44 +0200: Memory Usage (494632K) : opc_drc has 0 polygons
2026-08-28 18:16:44 +0200: Memory Usage (495512K) : v5_xtor has 63664 polygons
2026-08-28 18:16:44 +0200: Memory Usage (495512K) : cap_mk has 0 polygons
2026-08-28 18:16:45 +0200: Memory Usage (495512K) : mos_cap_mk has 0 polygons
2026-08-28 18:16:45 +0200: Memory Usage (495512K) : ind_mk has 0 polygons
2026-08-28 18:16:45 +0200: Memory Usage (495688K) : diode_mk has 26 polygons
2026-08-28 18:16:45 +0200: Memory Usage (495688K) : drc_bjt has 0 polygons
2026-08-28 18:16:45 +0200: Memory Usage (495688K) : lvs_bjt has 0 polygons
2026-08-28 18:16:45 +0200: Memory Usage (495688K) : mim_l_mk has 0 polygons
2026-08-28 18:16:45 +0200: Memory Usage (495688K) : latchup_mk has 0 polygons
2026-08-28 18:16:45 +0200: Memory Usage (495688K) : guard_ring_mk has 0 polygons
2026-08-28 18:16:45 +0200: Memory Usage (495688K) : otp_mk has 0 polygons
2026-08-28 18:16:45 +0200: Memory Usage (495688K) : mtpmark has 0 polygons
2026-08-28 18:16:45 +0200: Memory Usage (495688K) : neo_ee_mk has 0 polygons
2026-08-28 18:16:45 +0200: Memory Usage (496040K) : sramcore has 5300 polygons
2026-08-28 18:16:45 +0200: Memory Usage (496040K) : lvs_rf has 0 polygons
2026-08-28 18:16:45 +0200: Memory Usage (496040K) : lvs_drain has 0 polygons
2026-08-28 18:16:45 +0200: Memory Usage (496040K) : ind_mk has 0 polygons
2026-08-28 18:16:45 +0200: Memory Usage (496040K) : hvpolyrs has 0 polygons
2026-08-28 18:16:45 +0200: Memory Usage (496040K) : lvs_io has 0 polygons
2026-08-28 18:16:45 +0200: Memory Usage (496040K) : probe_mk has 0 polygons
2026-08-28 18:16:45 +0200: Memory Usage (496040K) : esd_mk has 0 polygons
2026-08-28 18:16:45 +0200: Memory Usage (496040K) : lvs_source has 0 polygons
2026-08-28 18:16:45 +0200: Memory Usage (496040K) : well_diode_mk has 0 polygons
2026-08-28 18:16:45 +0200: Memory Usage (496040K) : ldmos_xtor has 0 polygons
2026-08-28 18:16:45 +0200: Memory Usage (496040K) : plfuse has 0 polygons
2026-08-28 18:16:45 +0200: Memory Usage (496040K) : efuse_mk has 0 polygons
2026-08-28 18:16:45 +0200: Memory Usage (496040K) : mcell_feol_mk has 0 polygons
2026-08-28 18:16:45 +0200: Memory Usage (496040K) : ymtp_mk has 0 polygons
2026-08-28 18:16:45 +0200: Memory Usage (496040K) : dev_wf_mk has 0 polygons
2026-08-28 18:16:45 +0200: Memory Usage (496040K) : comp_label has 0 polygons
2026-08-28 18:16:45 +0200: Memory Usage (496040K) : poly2_label has 0 polygons
2026-08-28 18:16:45 +0200: Memory Usage (496040K) : mdiode has 0 polygons
2026-08-28 18:16:45 +0200: Memory Usage (496040K) : ndmy has 0 polygons
2026-08-28 18:16:45 +0200: Memory Usage (496040K) : pmndmy has 0 polygons
2026-08-28 18:16:45 +0200: Memory Usage (498336K) : metal1_drawn has 588093 polygons
2026-08-28 18:16:45 +0200: Memory Usage (498336K) : metal1_dummy has 0 polygons
2026-08-28 18:16:45 +0200: Memory Usage (498864K) : metal1_label has 0 polygons
2026-08-28 18:16:45 +0200: Memory Usage (498864K) : metal1_slot has 0 polygons
2026-08-28 18:16:45 +0200: Memory Usage (498864K) : metal1_blk has 0 polygons
2026-08-28 18:16:45 +0200: Memory Usage (499744K) : metal2_drawn has 95143 polygons
2026-08-28 18:16:45 +0200: Memory Usage (499744K) : metal2_dummy has 0 polygons
2026-08-28 18:16:45 +0200: Memory Usage (500800K) : metal2_label has 33 polygons
2026-08-28 18:16:45 +0200: Memory Usage (500800K) : metal2_slot has 0 polygons
2026-08-28 18:16:45 +0200: Memory Usage (500800K) : metal2_blk has 0 polygons
2026-08-28 18:16:45 +0200: Memory Usage (500800K) : metal3_drawn has 45990 polygons
2026-08-28 18:16:45 +0200: Memory Usage (500800K) : metal3_dummy has 0 polygons
2026-08-28 18:16:45 +0200: Memory Usage (501504K) : metal3_label has 0 polygons
2026-08-28 18:16:45 +0200: Memory Usage (501504K) : metal3_slot has 0 polygons
2026-08-28 18:16:45 +0200: Memory Usage (501504K) : metal3_blk has 0 polygons
2026-08-28 18:16:45 +0200: Memory Usage (501504K) : via3 has 12363 polygons
2026-08-28 18:16:45 +0200: Memory Usage (501504K) : metal4_drawn has 2406 polygons
2026-08-28 18:16:45 +0200: Memory Usage (501504K) : metal4_dummy has 0 polygons
2026-08-28 18:16:45 +0200: Memory Usage (501504K) : metal4_label has 0 polygons
2026-08-28 18:16:45 +0200: Memory Usage (501504K) : metal4_slot has 0 polygons
2026-08-28 18:16:45 +0200: Memory Usage (501504K) : metal4_blk has 0 polygons
2026-08-28 18:16:45 +0200: Memory Usage (501504K) : via4 has 2643 polygons
2026-08-28 18:16:45 +0200: Memory Usage (501504K) : metal5_drawn has 513 polygons
2026-08-28 18:16:45 +0200: Memory Usage (501504K) : metal5_dummy has 0 polygons
2026-08-28 18:16:45 +0200: Memory Usage (501680K) : metal5_label has 0 polygons
2026-08-28 18:16:45 +0200: Memory Usage (501680K) : metal5_slot has 0 polygons
2026-08-28 18:16:45 +0200: Memory Usage (501680K) : metal5_blk has 0 polygons
2026-08-28 18:16:45 +0200: Memory Usage (501856K) : pad has 0 polygons
2026-08-28 18:16:45 +0200: Memory Usage (501856K) : ubmpperi has 0 polygons
2026-08-28 18:16:45 +0200: Memory Usage (501856K) : ubmparray has 0 polygons
2026-08-28 18:16:45 +0200: Memory Usage (501856K) : ubmeplate has 0 polygons
2026-08-28 18:16:45 +0200: Memory Usage (502032K) : metal1_res has 0 polygons
2026-08-28 18:16:45 +0200: Memory Usage (502032K) : metal2_res has 0 polygons
2026-08-28 18:16:45 +0200: Memory Usage (502032K) : metal3_res has 0 polygons
2026-08-28 18:16:45 +0200: Memory Usage (502032K) : metal4_res has 0 polygons
2026-08-28 18:16:45 +0200: Memory Usage (502208K) : metal5_res has 0 polygons
2026-08-28 18:16:45 +0200: Memory Usage (502208K) : metal6_res has 0 polygons
2026-08-28 18:16:45 +0200: Memory Usage (502912K) : pr_bndry has 64345 polygons
2026-08-28 18:16:45 +0200: Memory Usage (502912K) : border has 0 polygons
2026-08-28 18:16:45 +0200: Memory Usage (502912K) : Total no. of polygons in the design is 1741398
2026-08-28 18:16:45 +0200: Memory Usage (502912K) : Starting deriving base layers.
2026-08-28 18:16:46 +0200: Memory Usage (743716K) : contact has 1380000 polygons
2026-08-28 18:16:49 +0200: Memory Usage (761616K) : metal1_drawn has 251861 polygons
2026-08-28 18:16:49 +0200: Memory Usage (761616K) : metal1_dummy has 0 polygons
2026-08-28 18:16:49 +0200: Memory Usage (761616K) : metal1_label has 0 polygons
2026-08-28 18:16:49 +0200: Memory Usage (761616K) : metal1_slot has 0 polygons
2026-08-28 18:16:49 +0200: Memory Usage (761616K) : metal1_blk has 0 polygons
2026-08-28 18:16:50 +0200: Memory Usage (767600K) : metal2_drawn has 51071 polygons
2026-08-28 18:16:50 +0200: Memory Usage (767600K) : metal2_dummy has 0 polygons
2026-08-28 18:16:50 +0200: Memory Usage (767600K) : metal2_label has 33 polygons
2026-08-28 18:16:50 +0200: Memory Usage (767600K) : metal2_slot has 0 polygons
2026-08-28 18:16:50 +0200: Memory Usage (767600K) : metal2_blk has 0 polygons
2026-08-28 18:16:50 +0200: Memory Usage (767600K) : metal3_drawn has 25645 polygons
2026-08-28 18:16:50 +0200: Memory Usage (767600K) : metal3_dummy has 0 polygons
2026-08-28 18:16:50 +0200: Memory Usage (767600K) : metal3_label has 0 polygons
2026-08-28 18:16:50 +0200: Memory Usage (767600K) : metal3_slot has 0 polygons
2026-08-28 18:16:50 +0200: Memory Usage (767600K) : metal3_blk has 0 polygons
2026-08-28 18:16:50 +0200: Memory Usage (767600K) : via3 has 12363 polygons
2026-08-28 18:16:50 +0200: Memory Usage (767600K) : metal4_drawn has 2332 polygons
2026-08-28 18:16:50 +0200: Memory Usage (767600K) : metal4_dummy has 0 polygons
2026-08-28 18:16:50 +0200: Memory Usage (767600K) : metal4_label has 0 polygons
2026-08-28 18:16:50 +0200: Memory Usage (767600K) : metal4_slot has 0 polygons
2026-08-28 18:16:50 +0200: Memory Usage (767600K) : metal4_blk has 0 polygons
2026-08-28 18:16:50 +0200: Memory Usage (767600K) : via4 has 2643 polygons
2026-08-28 18:16:50 +0200: Memory Usage (767600K) : metal5_drawn has 491 polygons
2026-08-28 18:16:50 +0200: Memory Usage (767600K) : metal5_dummy has 0 polygons
2026-08-28 18:16:50 +0200: Memory Usage (767600K) : metal5_label has 0 polygons
2026-08-28 18:16:50 +0200: Memory Usage (767600K) : metal5_slot has 0 polygons
2026-08-28 18:16:50 +0200: Memory Usage (767600K) : metal5_blk has 0 polygons
2026-08-28 18:16:50 +0200: Memory Usage (767600K) : pad has 0 polygons
2026-08-28 18:16:50 +0200: Memory Usage (767600K) : ubmpperi has 0 polygons
2026-08-28 18:16:50 +0200: Memory Usage (767600K) : ubmparray has 0 polygons
2026-08-28 18:16:50 +0200: Memory Usage (767600K) : ubmeplate has 0 polygons
2026-08-28 18:16:50 +0200: Memory Usage (767600K) : metal1_res has 0 polygons
2026-08-28 18:16:50 +0200: Memory Usage (767600K) : metal2_res has 0 polygons
2026-08-28 18:16:50 +0200: Memory Usage (767600K) : metal3_res has 0 polygons
2026-08-28 18:16:50 +0200: Memory Usage (767600K) : metal4_res has 0 polygons
2026-08-28 18:16:50 +0200: Memory Usage (767600K) : metal5_res has 0 polygons
2026-08-28 18:16:50 +0200: Memory Usage (767600K) : metal6_res has 0 polygons
2026-08-28 18:16:50 +0200: Memory Usage (769184K) : pr_bndry has 1 polygons
2026-08-28 18:16:50 +0200: Memory Usage (769184K) : border has 0 polygons
2026-08-28 18:16:50 +0200: Memory Usage (769184K) : Total no. of polygons in the design is 2187705
2026-08-28 18:16:50 +0200: Memory Usage (769184K) : Starting deriving base layers.
2026-08-28 18:16:53 +0200: Memory Usage (536656K) : Construct connectivity for the design.
2026-08-28 18:16:53 +0200: Memory Usage (536656K) : Connectivity rules enabled, Netlist object will be generated.
2026-08-28 18:16:55 +0200: Memory Usage (617104K) : Total area of the design is 1859250.0 um^2.
2026-08-28 18:16:55 +0200: Memory Usage (617104K) : Starting GF180MCU DRC rules.
2026-08-28 18:16:55 +0200: Memory Usage (617104K) : Running all FEOL rules
2026-08-28 18:16:55 +0200: Memory Usage (617104K) : Running all BEOL rules
2026-08-28 18:16:55 +0200: Memory Usage (617104K) : dnwell_split DRC Total Run time 10.619737083 seconds
28-Aug-2026 18:16:55 | INFO    | Running Global Foundries 180nm MCU /headless/aravindustries-repos/butterfold/butterfold_proto/physical/results/d03_ach_candidate/butterfold_top.gds checks on design metal1_split on cell butterfold_top:
2026-08-28 18:16:56 +0200: Memory Usage (443596K) : Starting running GF180MCU Klayout DRC runset on /headless/aravindustries-repos/butterfold/butterfold_proto/physical/results/d03_ach_candidate/butterfold_top.gds
2026-08-28 18:16:56 +0200: Memory Usage (443596K) : Ruby Version for klayout: 3.2.3
2026-08-28 18:16:57 +0200: Memory Usage (489224K) : Loading database to memory is complete.
2026-08-28 18:16:57 +0200: Memory Usage (489224K) : GF180MCU Klayout DRC runset output at: /headless/aravindustries-repos/butterfold/butterfold_proto/physical/results/d03_ach_candidate/klayout_drc_pgfix/butterfold_top_metal1_split.lyrdb
2026-08-28 18:16:57 +0200: Memory Usage (489224K) : Evaluate switches.
2026-08-28 18:16:57 +0200: Memory Usage (489224K) : table_name selected  metal1_split
2026-08-28 18:16:57 +0200: Memory Usage (489224K) : CONNECTIVITY_RULES enabled: false
2026-08-28 18:16:57 +0200: Memory Usage (489224K) : Wedge enabled: false
2026-08-28 18:16:57 +0200: Memory Usage (489224K) : Ball enabled: false
2026-08-28 18:16:57 +0200: Memory Usage (489224K) : Gold enabled: false
2026-08-28 18:16:57 +0200: Memory Usage (489224K) : MIM Option selected: B
2026-08-28 18:16:57 +0200: Memory Usage (489224K) : Offgrid enabled:  true
2026-08-28 18:16:57 +0200: Memory Usage (489224K) : Number of threads to use 2
2026-08-28 18:16:57 +0200: Memory Usage (489224K) : Verbose mode: false
2026-08-28 18:16:57 +0200: Memory Usage (489224K) : deep  mode is enabled for metal1_split table
2026-08-28 18:16:57 +0200: Memory Usage (489224K) : METAL_TOP Selected is 11K
2026-08-28 18:16:57 +0200: Memory Usage (489224K) : METAL_STACK Selected is 5LM
2026-08-28 18:16:57 +0200: Memory Usage (489224K) : FEOL enabled: true
2026-08-28 18:16:57 +0200: Memory Usage (489224K) : BEOL enabled: true
2026-08-28 18:16:57 +0200: Memory Usage (489224K) : DUMMY enabled: false
2026-08-28 18:16:57 +0200: Memory Usage (489224K) : SLOW_VIA enabled: false
2026-08-28 18:16:57 +0200: Memory Usage (489224K) : Read in polygons from layers.
2026-08-28 18:16:57 +0200: Memory Usage (493412K) : comp has 238212 polygons
2026-08-28 18:16:57 +0200: Memory Usage (493412K) : dnwell has 0 polygons
2026-08-28 18:16:57 +0200: Memory Usage (494116K) : nwell has 65296 polygons
2026-08-28 18:16:57 +0200: Memory Usage (494116K) : lvpwell has 59032 polygons
2026-08-28 18:16:57 +0200: Memory Usage (494116K) : dualgate has 63662 polygons
2026-08-28 18:16:57 +0200: Memory Usage (494116K) : poly2 has 295257 polygons
2026-08-28 18:16:57 +0200: Memory Usage (494116K) : nplus has 65278 polygons
2026-08-28 18:16:57 +0200: Memory Usage (494292K) : pplus has 74142 polygons
2026-08-28 18:16:57 +0200: Memory Usage (494292K) : sab has 0 polygons
2026-08-28 18:16:57 +0200: Memory Usage (494292K) : esd has 0 polygons
2026-08-28 18:16:57 +0200: Memory Usage (494292K) : resistor has 0 polygons
2026-08-28 18:16:57 +0200: Memory Usage (494292K) : fhres has 0 polygons
2026-08-28 18:16:57 +0200: Memory Usage (494292K) : fusetop has 0 polygons
2026-08-28 18:16:57 +0200: Memory Usage (494292K) : fusewindow_d has 0 polygons
2026-08-28 18:16:57 +0200: Memory Usage (494292K) : polyfuse has 0 polygons
2026-08-28 18:16:57 +0200: Memory Usage (494292K) : mvsd has 0 polygons
2026-08-28 18:16:57 +0200: Memory Usage (494292K) : mvpsd has 0 polygons
2026-08-28 18:16:57 +0200: Memory Usage (494292K) : nat has 0 polygons
2026-08-28 18:16:57 +0200: Memory Usage (494292K) : comp_dummy has 0 polygons
2026-08-28 18:16:57 +0200: Memory Usage (494292K) : poly2_dummy has 0 polygons
2026-08-28 18:16:57 +0200: Memory Usage (494292K) : schottky_diode has 0 polygons
2026-08-28 18:16:57 +0200: Memory Usage (494292K) : zener has 0 polygons
2026-08-28 18:16:57 +0200: Memory Usage (494292K) : res_mk has 0 polygons
2026-08-28 18:16:57 +0200: Memory Usage (494292K) : opc_drc has 0 polygons
2026-08-28 18:16:57 +0200: Memory Usage (495172K) : v5_xtor has 63664 polygons
2026-08-28 18:16:57 +0200: Memory Usage (495172K) : cap_mk has 0 polygons
2026-08-28 18:16:57 +0200: Memory Usage (495172K) : mos_cap_mk has 0 polygons
2026-08-28 18:16:57 +0200: Memory Usage (495172K) : ind_mk has 0 polygons
2026-08-28 18:16:57 +0200: Memory Usage (495348K) : diode_mk has 26 polygons
2026-08-28 18:16:57 +0200: Memory Usage (495348K) : drc_bjt has 0 polygons
2026-08-28 18:16:57 +0200: Memory Usage (495348K) : lvs_bjt has 0 polygons
2026-08-28 18:16:57 +0200: Memory Usage (495348K) : mim_l_mk has 0 polygons
2026-08-28 18:16:57 +0200: Memory Usage (495348K) : latchup_mk has 0 polygons
2026-08-28 18:16:57 +0200: Memory Usage (495348K) : guard_ring_mk has 0 polygons
2026-08-28 18:16:57 +0200: Memory Usage (495348K) : otp_mk has 0 polygons
2026-08-28 18:16:57 +0200: Memory Usage (495348K) : mtpmark has 0 polygons
2026-08-28 18:16:57 +0200: Memory Usage (495348K) : neo_ee_mk has 0 polygons
2026-08-28 18:16:57 +0200: Memory Usage (495700K) : sramcore has 5300 polygons
2026-08-28 18:16:57 +0200: Memory Usage (495700K) : lvs_rf has 0 polygons
2026-08-28 18:16:57 +0200: Memory Usage (495700K) : lvs_drain has 0 polygons
2026-08-28 18:16:57 +0200: Memory Usage (495700K) : ind_mk has 0 polygons
2026-08-28 18:16:57 +0200: Memory Usage (495700K) : hvpolyrs has 0 polygons
2026-08-28 18:16:57 +0200: Memory Usage (495700K) : lvs_io has 0 polygons
2026-08-28 18:16:57 +0200: Memory Usage (495700K) : probe_mk has 0 polygons
2026-08-28 18:16:57 +0200: Memory Usage (495700K) : esd_mk has 0 polygons
2026-08-28 18:16:57 +0200: Memory Usage (495700K) : lvs_source has 0 polygons
2026-08-28 18:16:57 +0200: Memory Usage (495700K) : well_diode_mk has 0 polygons
2026-08-28 18:16:57 +0200: Memory Usage (495700K) : ldmos_xtor has 0 polygons
2026-08-28 18:16:57 +0200: Memory Usage (495700K) : plfuse has 0 polygons
2026-08-28 18:16:57 +0200: Memory Usage (495700K) : efuse_mk has 0 polygons
2026-08-28 18:16:57 +0200: Memory Usage (495700K) : mcell_feol_mk has 0 polygons
2026-08-28 18:16:57 +0200: Memory Usage (495700K) : ymtp_mk has 0 polygons
2026-08-28 18:16:57 +0200: Memory Usage (495700K) : dev_wf_mk has 0 polygons
2026-08-28 18:16:57 +0200: Memory Usage (495700K) : comp_label has 0 polygons
2026-08-28 18:16:57 +0200: Memory Usage (495700K) : poly2_label has 0 polygons
2026-08-28 18:16:57 +0200: Memory Usage (495700K) : mdiode has 0 polygons
2026-08-28 18:16:57 +0200: Memory Usage (495700K) : ndmy has 0 polygons
2026-08-28 18:16:57 +0200: Memory Usage (495700K) : pmndmy has 0 polygons
2026-08-28 18:16:57 +0200: Memory Usage (497636K) : metal1_drawn has 588093 polygons
2026-08-28 18:16:57 +0200: Memory Usage (497636K) : metal1_dummy has 0 polygons
2026-08-28 18:16:57 +0200: Memory Usage (498164K) : metal1_label has 0 polygons
2026-08-28 18:16:57 +0200: Memory Usage (498164K) : metal1_slot has 0 polygons
2026-08-28 18:16:57 +0200: Memory Usage (498164K) : metal1_blk has 0 polygons
2026-08-28 18:16:57 +0200: Memory Usage (499044K) : metal2_drawn has 95143 polygons
2026-08-28 18:16:57 +0200: Memory Usage (499044K) : metal2_dummy has 0 polygons
2026-08-28 18:16:57 +0200: Memory Usage (500100K) : metal2_label has 33 polygons
2026-08-28 18:16:57 +0200: Memory Usage (500100K) : metal2_slot has 0 polygons
2026-08-28 18:16:57 +0200: Memory Usage (500100K) : metal2_blk has 0 polygons
2026-08-28 18:16:57 +0200: Memory Usage (500100K) : metal3_drawn has 45990 polygons
2026-08-28 18:16:57 +0200: Memory Usage (500100K) : metal3_dummy has 0 polygons
2026-08-28 18:16:57 +0200: Memory Usage (500804K) : metal3_label has 0 polygons
2026-08-28 18:16:57 +0200: Memory Usage (500804K) : metal3_slot has 0 polygons
2026-08-28 18:16:57 +0200: Memory Usage (500804K) : metal3_blk has 0 polygons
2026-08-28 18:16:57 +0200: Memory Usage (500804K) : via3 has 12363 polygons
2026-08-28 18:16:57 +0200: Memory Usage (500804K) : metal4_drawn has 2406 polygons
2026-08-28 18:16:57 +0200: Memory Usage (500804K) : metal4_dummy has 0 polygons
2026-08-28 18:16:57 +0200: Memory Usage (500804K) : metal4_label has 0 polygons
2026-08-28 18:16:57 +0200: Memory Usage (500804K) : metal4_slot has 0 polygons
2026-08-28 18:16:57 +0200: Memory Usage (500804K) : metal4_blk has 0 polygons
2026-08-28 18:16:57 +0200: Memory Usage (500804K) : via4 has 2643 polygons
2026-08-28 18:16:57 +0200: Memory Usage (500804K) : metal5_drawn has 513 polygons
2026-08-28 18:16:57 +0200: Memory Usage (500804K) : metal5_dummy has 0 polygons
2026-08-28 18:16:57 +0200: Memory Usage (500804K) : metal5_label has 0 polygons
2026-08-28 18:16:57 +0200: Memory Usage (500804K) : metal5_slot has 0 polygons
2026-08-28 18:16:57 +0200: Memory Usage (500804K) : metal5_blk has 0 polygons
2026-08-28 18:16:57 +0200: Memory Usage (500804K) : pad has 0 polygons
2026-08-28 18:16:57 +0200: Memory Usage (500804K) : ubmpperi has 0 polygons
2026-08-28 18:16:57 +0200: Memory Usage (500804K) : ubmparray has 0 polygons
2026-08-28 18:16:57 +0200: Memory Usage (500980K) : ubmeplate has 0 polygons
2026-08-28 18:16:57 +0200: Memory Usage (500980K) : metal1_res has 0 polygons
2026-08-28 18:16:57 +0200: Memory Usage (500980K) : metal2_res has 0 polygons
2026-08-28 18:16:57 +0200: Memory Usage (500980K) : metal3_res has 0 polygons
2026-08-28 18:16:57 +0200: Memory Usage (501156K) : metal4_res has 0 polygons
2026-08-28 18:16:57 +0200: Memory Usage (501156K) : metal5_res has 0 polygons
2026-08-28 18:16:57 +0200: Memory Usage (501156K) : metal6_res has 0 polygons
2026-08-28 18:16:57 +0200: Memory Usage (502036K) : pr_bndry has 64345 polygons
2026-08-28 18:16:57 +0200: Memory Usage (502036K) : border has 0 polygons
2026-08-28 18:16:57 +0200: Memory Usage (502036K) : Total no. of polygons in the design is 1741398
2026-08-28 18:16:57 +0200: Memory Usage (502036K) : Starting deriving base layers.
2026-08-28 18:17:02 +0200: Memory Usage (1072012K) : Total area of the design is 1859250.0 um^2.
2026-08-28 18:17:02 +0200: Memory Usage (1072012K) : Starting GF180MCU DRC rules.
2026-08-28 18:17:02 +0200: Memory Usage (1072012K) : Running all FEOL rules
2026-08-28 18:17:02 +0200: Memory Usage (1072012K) : Running all BEOL rules
2026-08-28 18:17:02 +0200: Memory Usage (1072012K) : Starting PRES derivations
2026-08-28 18:17:03 +0200: Memory Usage (1072180K) : Executing rule PRES.1
2026-08-28 18:17:03 +0200: Memory Usage (1072544K) : Executing rule PRES.2
2026-08-28 18:17:03 +0200: Memory Usage (1072544K) : Executing rule PRES.3
2026-08-28 18:17:03 +0200: Memory Usage (1072544K) : Executing rule PRES.4
2026-08-28 18:17:03 +0200: Memory Usage (1072544K) : Executing rule PRES.5
2026-08-28 18:17:03 +0200: Memory Usage (1072544K) : Executing rule PRES.6
2026-08-28 18:17:03 +0200: Memory Usage (1072544K) : Executing rule PRES.7
2026-08-28 18:17:03 +0200: Memory Usage (1072544K) : Executing rule PRES.9a
2026-08-28 18:17:04 +0200: Memory Usage (1104028K) : Executing rule PRES.9b
2026-08-28 18:17:04 +0200: Memory Usage (1104028K) : pres DRC Total Run time 25.33331648 seconds
28-Aug-2026 18:17:05 | INFO    | Running Global Foundries 180nm MCU /headless/aravindustries-repos/butterfold/butterfold_proto/physical/results/d03_ach_candidate/butterfold_top.gds checks on design ldpmos_split on cell butterfold_top:
2026-08-28 18:17:05 +0200: Memory Usage (564304K) : Total area of the design is 1859250.0 um^2.
2026-08-28 18:17:05 +0200: Memory Usage (564304K) : Starting GF180MCU DRC rules.
2026-08-28 18:17:05 +0200: Memory Usage (564304K) : Running all FEOL rules
2026-08-28 18:17:05 +0200: Memory Usage (564304K) : Running all BEOL rules
2026-08-28 18:17:05 +0200: Memory Usage (564304K) : metal1_split DRC Total Run time 8.715219083 seconds
28-Aug-2026 18:17:05 | INFO    | Running Global Foundries 180nm MCU /headless/aravindustries-repos/butterfold/butterfold_proto/physical/results/d03_ach_candidate/butterfold_top.gds checks on design hres on cell butterfold_top:
2026-08-28 18:17:06 +0200: Memory Usage (444496K) : Starting running GF180MCU Klayout DRC runset on /headless/aravindustries-repos/butterfold/butterfold_proto/physical/results/d03_ach_candidate/butterfold_top.gds
2026-08-28 18:17:06 +0200: Memory Usage (444496K) : Ruby Version for klayout: 3.2.3
2026-08-28 18:17:06 +0200: Memory Usage (489992K) : Loading database to memory is complete.
2026-08-28 18:17:06 +0200: Memory Usage (489992K) : GF180MCU Klayout DRC runset output at: /headless/aravindustries-repos/butterfold/butterfold_proto/physical/results/d03_ach_candidate/klayout_drc_pgfix/butterfold_top_ldpmos_split.lyrdb
2026-08-28 18:17:06 +0200: Memory Usage (489992K) : Evaluate switches.
2026-08-28 18:17:06 +0200: Memory Usage (489992K) : table_name selected  ldpmos_split
2026-08-28 18:17:06 +0200: Memory Usage (489992K) : CONNECTIVITY_RULES enabled: true
2026-08-28 18:17:06 +0200: Memory Usage (489992K) : Wedge enabled: false
2026-08-28 18:17:06 +0200: Memory Usage (489992K) : Ball enabled: false
2026-08-28 18:17:06 +0200: Memory Usage (489992K) : Gold enabled: false
2026-08-28 18:17:06 +0200: Memory Usage (489992K) : MIM Option selected: B
2026-08-28 18:17:06 +0200: Memory Usage (489992K) : Offgrid enabled:  true
2026-08-28 18:17:06 +0200: Memory Usage (489992K) : Number of threads to use 2
2026-08-28 18:17:06 +0200: Memory Usage (489992K) : Verbose mode: false
2026-08-28 18:17:06 +0200: Memory Usage (489992K) : deep  mode is enabled for ldpmos_split table
2026-08-28 18:17:06 +0200: Memory Usage (489992K) : METAL_TOP Selected is 11K
2026-08-28 18:17:06 +0200: Memory Usage (489992K) : METAL_STACK Selected is 5LM
2026-08-28 18:17:06 +0200: Memory Usage (489992K) : FEOL enabled: true
2026-08-28 18:17:06 +0200: Memory Usage (489992K) : BEOL enabled: true
2026-08-28 18:17:06 +0200: Memory Usage (489992K) : DUMMY enabled: false
2026-08-28 18:17:06 +0200: Memory Usage (489992K) : SLOW_VIA enabled: false
2026-08-28 18:17:06 +0200: Memory Usage (489992K) : Read in polygons from layers.
2026-08-28 18:17:06 +0200: Memory Usage (493944K) : comp has 238212 polygons
2026-08-28 18:17:06 +0200: Memory Usage (493944K) : dnwell has 0 polygons
2026-08-28 18:17:06 +0200: Memory Usage (494824K) : nwell has 65296 polygons
2026-08-28 18:17:06 +0200: Memory Usage (494824K) : lvpwell has 59032 polygons
2026-08-28 18:17:06 +0200: Memory Usage (494824K) : dualgate has 63662 polygons
2026-08-28 18:17:06 +0200: Memory Usage (494824K) : poly2 has 295257 polygons
2026-08-28 18:17:06 +0200: Memory Usage (494824K) : nplus has 65278 polygons
2026-08-28 18:17:06 +0200: Memory Usage (495000K) : pplus has 74142 polygons
2026-08-28 18:17:06 +0200: Memory Usage (495000K) : sab has 0 polygons
2026-08-28 18:17:06 +0200: Memory Usage (495000K) : esd has 0 polygons
2026-08-28 18:17:06 +0200: Memory Usage (495000K) : resistor has 0 polygons
2026-08-28 18:17:06 +0200: Memory Usage (495000K) : fhres has 0 polygons
2026-08-28 18:17:06 +0200: Memory Usage (495000K) : fusetop has 0 polygons
2026-08-28 18:17:06 +0200: Memory Usage (495000K) : fusewindow_d has 0 polygons
2026-08-28 18:17:06 +0200: Memory Usage (495000K) : polyfuse has 0 polygons
2026-08-28 18:17:06 +0200: Memory Usage (495000K) : mvsd has 0 polygons
2026-08-28 18:17:06 +0200: Memory Usage (495000K) : mvpsd has 0 polygons
2026-08-28 18:17:06 +0200: Memory Usage (495000K) : nat has 0 polygons
2026-08-28 18:17:06 +0200: Memory Usage (495000K) : comp_dummy has 0 polygons
2026-08-28 18:17:06 +0200: Memory Usage (495000K) : poly2_dummy has 0 polygons
2026-08-28 18:17:06 +0200: Memory Usage (495000K) : schottky_diode has 0 polygons
2026-08-28 18:17:06 +0200: Memory Usage (495000K) : zener has 0 polygons
2026-08-28 18:17:06 +0200: Memory Usage (495000K) : res_mk has 0 polygons
2026-08-28 18:17:06 +0200: Memory Usage (495000K) : opc_drc has 0 polygons
2026-08-28 18:17:06 +0200: Memory Usage (495880K) : v5_xtor has 63664 polygons
2026-08-28 18:17:06 +0200: Memory Usage (495880K) : cap_mk has 0 polygons
2026-08-28 18:17:06 +0200: Memory Usage (495880K) : mos_cap_mk has 0 polygons
2026-08-28 18:17:06 +0200: Memory Usage (495880K) : ind_mk has 0 polygons
2026-08-28 18:17:06 +0200: Memory Usage (496056K) : diode_mk has 26 polygons
2026-08-28 18:17:06 +0200: Memory Usage (496056K) : drc_bjt has 0 polygons
2026-08-28 18:17:06 +0200: Memory Usage (496056K) : lvs_bjt has 0 polygons
2026-08-28 18:17:06 +0200: Memory Usage (496056K) : mim_l_mk has 0 polygons
2026-08-28 18:17:06 +0200: Memory Usage (496056K) : latchup_mk has 0 polygons
2026-08-28 18:17:06 +0200: Memory Usage (496056K) : guard_ring_mk has 0 polygons
2026-08-28 18:17:06 +0200: Memory Usage (496056K) : otp_mk has 0 polygons
2026-08-28 18:17:06 +0200: Memory Usage (496056K) : mtpmark has 0 polygons
2026-08-28 18:17:06 +0200: Memory Usage (496056K) : neo_ee_mk has 0 polygons
2026-08-28 18:17:06 +0200: Memory Usage (496408K) : sramcore has 5300 polygons
2026-08-28 18:17:06 +0200: Memory Usage (496408K) : lvs_rf has 0 polygons
2026-08-28 18:17:06 +0200: Memory Usage (496408K) : lvs_drain has 0 polygons
2026-08-28 18:17:06 +0200: Memory Usage (496408K) : ind_mk has 0 polygons
2026-08-28 18:17:06 +0200: Memory Usage (496408K) : hvpolyrs has 0 polygons
2026-08-28 18:17:06 +0200: Memory Usage (496408K) : lvs_io has 0 polygons
2026-08-28 18:17:06 +0200: Memory Usage (496408K) : probe_mk has 0 polygons
2026-08-28 18:17:06 +0200: Memory Usage (496408K) : esd_mk has 0 polygons
2026-08-28 18:17:06 +0200: Memory Usage (496408K) : lvs_source has 0 polygons
2026-08-28 18:17:06 +0200: Memory Usage (496408K) : well_diode_mk has 0 polygons
2026-08-28 18:17:06 +0200: Memory Usage (496408K) : ldmos_xtor has 0 polygons
2026-08-28 18:17:06 +0200: Memory Usage (496408K) : plfuse has 0 polygons
2026-08-28 18:17:06 +0200: Memory Usage (496408K) : efuse_mk has 0 polygons
2026-08-28 18:17:06 +0200: Memory Usage (496408K) : mcell_feol_mk has 0 polygons
2026-08-28 18:17:06 +0200: Memory Usage (496408K) : ymtp_mk has 0 polygons
2026-08-28 18:17:06 +0200: Memory Usage (496408K) : dev_wf_mk has 0 polygons
2026-08-28 18:17:06 +0200: Memory Usage (496408K) : comp_label has 0 polygons
2026-08-28 18:17:06 +0200: Memory Usage (496408K) : poly2_label has 0 polygons
2026-08-28 18:17:06 +0200: Memory Usage (496408K) : mdiode has 0 polygons
2026-08-28 18:17:06 +0200: Memory Usage (496408K) : ndmy has 0 polygons
2026-08-28 18:17:06 +0200: Memory Usage (496408K) : pmndmy has 0 polygons
2026-08-28 18:17:06 +0200: Memory Usage (498520K) : metal1_drawn has 588093 polygons
2026-08-28 18:17:06 +0200: Memory Usage (498520K) : metal1_dummy has 0 polygons
2026-08-28 18:17:06 +0200: Memory Usage (499400K) : metal1_label has 0 polygons
2026-08-28 18:17:06 +0200: Memory Usage (499400K) : metal1_slot has 0 polygons
2026-08-28 18:17:06 +0200: Memory Usage (499400K) : metal1_blk has 0 polygons
2026-08-28 18:17:07 +0200: Memory Usage (500280K) : metal2_drawn has 95143 polygons
2026-08-28 18:17:07 +0200: Memory Usage (500280K) : metal2_dummy has 0 polygons
2026-08-28 18:17:07 +0200: Memory Usage (501160K) : metal2_label has 33 polygons
2026-08-28 18:17:07 +0200: Memory Usage (501160K) : metal2_slot has 0 polygons
2026-08-28 18:17:07 +0200: Memory Usage (501160K) : metal2_blk has 0 polygons
2026-08-28 18:17:07 +0200: Memory Usage (501160K) : metal3_drawn has 45990 polygons
2026-08-28 18:17:07 +0200: Memory Usage (501160K) : metal3_dummy has 0 polygons
2026-08-28 18:17:07 +0200: Memory Usage (502040K) : metal3_label has 0 polygons
2026-08-28 18:17:07 +0200: Memory Usage (443704K) : Starting running GF180MCU Klayout DRC runset on /headless/aravindustries-repos/butterfold/butterfold_proto/physical/results/d03_ach_candidate/butterfold_top.gds
2026-08-28 18:17:07 +0200: Memory Usage (443704K) : Ruby Version for klayout: 3.2.3
2026-08-28 18:17:07 +0200: Memory Usage (502040K) : metal3_slot has 0 polygons
2026-08-28 18:17:07 +0200: Memory Usage (502040K) : metal3_blk has 0 polygons
2026-08-28 18:17:07 +0200: Memory Usage (502040K) : via3 has 12363 polygons
2026-08-28 18:17:07 +0200: Memory Usage (502040K) : metal4_drawn has 2406 polygons
2026-08-28 18:17:07 +0200: Memory Usage (502040K) : metal4_dummy has 0 polygons
2026-08-28 18:17:07 +0200: Memory Usage (502040K) : metal4_label has 0 polygons
2026-08-28 18:17:07 +0200: Memory Usage (502040K) : metal4_slot has 0 polygons
2026-08-28 18:17:07 +0200: Memory Usage (502040K) : metal4_blk has 0 polygons
2026-08-28 18:17:07 +0200: Memory Usage (502040K) : via4 has 2643 polygons
2026-08-28 18:17:07 +0200: Memory Usage (502040K) : metal5_drawn has 513 polygons
2026-08-28 18:17:07 +0200: Memory Usage (502040K) : metal5_dummy has 0 polygons
2026-08-28 18:17:07 +0200: Memory Usage (502040K) : metal5_label has 0 polygons
2026-08-28 18:17:07 +0200: Memory Usage (502040K) : metal5_slot has 0 polygons
2026-08-28 18:17:07 +0200: Memory Usage (502040K) : metal5_blk has 0 polygons
2026-08-28 18:17:07 +0200: Memory Usage (502040K) : pad has 0 polygons
2026-08-28 18:17:07 +0200: Memory Usage (502040K) : ubmpperi has 0 polygons
2026-08-28 18:17:07 +0200: Memory Usage (502040K) : ubmparray has 0 polygons
2026-08-28 18:17:07 +0200: Memory Usage (502040K) : ubmeplate has 0 polygons
2026-08-28 18:17:07 +0200: Memory Usage (502040K) : metal1_res has 0 polygons
2026-08-28 18:17:07 +0200: Memory Usage (502040K) : metal2_res has 0 polygons
2026-08-28 18:17:07 +0200: Memory Usage (502040K) : metal3_res has 0 polygons
2026-08-28 18:17:07 +0200: Memory Usage (502040K) : metal4_res has 0 polygons
2026-08-28 18:17:07 +0200: Memory Usage (502040K) : metal5_res has 0 polygons
2026-08-28 18:17:07 +0200: Memory Usage (502040K) : metal6_res has 0 polygons
2026-08-28 18:17:07 +0200: Memory Usage (488976K) : Loading database to memory is complete.
2026-08-28 18:17:07 +0200: Memory Usage (488976K) : GF180MCU Klayout DRC runset output at: /headless/aravindustries-repos/butterfold/butterfold_proto/physical/results/d03_ach_candidate/klayout_drc_pgfix/butterfold_top_hres.lyrdb
2026-08-28 18:17:07 +0200: Memory Usage (488976K) : Evaluate switches.
2026-08-28 18:17:07 +0200: Memory Usage (488976K) : table_name selected  hres
2026-08-28 18:17:07 +0200: Memory Usage (488976K) : CONNECTIVITY_RULES enabled: false
2026-08-28 18:17:07 +0200: Memory Usage (488976K) : Wedge enabled: false
2026-08-28 18:17:07 +0200: Memory Usage (488976K) : Ball enabled: false
2026-08-28 18:17:07 +0200: Memory Usage (488976K) : Gold enabled: false
2026-08-28 18:17:07 +0200: Memory Usage (488976K) : MIM Option selected: B
2026-08-28 18:17:07 +0200: Memory Usage (488976K) : Offgrid enabled:  true
2026-08-28 18:17:07 +0200: Memory Usage (488976K) : Number of threads to use 2
2026-08-28 18:17:07 +0200: Memory Usage (488976K) : Verbose mode: false
2026-08-28 18:17:07 +0200: Memory Usage (488976K) : flat  mode is enabled for hres table
2026-08-28 18:17:07 +0200: Memory Usage (488976K) : METAL_TOP Selected is 11K
2026-08-28 18:17:07 +0200: Memory Usage (488976K) : METAL_STACK Selected is 5LM
2026-08-28 18:17:07 +0200: Memory Usage (488976K) : FEOL enabled: true
2026-08-28 18:17:07 +0200: Memory Usage (488976K) : BEOL enabled: true
2026-08-28 18:17:07 +0200: Memory Usage (488976K) : DUMMY enabled: false
2026-08-28 18:17:07 +0200: Memory Usage (488976K) : SLOW_VIA enabled: false
2026-08-28 18:17:07 +0200: Memory Usage (488976K) : Read in polygons from layers.
2026-08-28 18:17:07 +0200: Memory Usage (502744K) : pr_bndry has 64345 polygons
2026-08-28 18:17:07 +0200: Memory Usage (502744K) : border has 0 polygons
2026-08-28 18:17:07 +0200: Memory Usage (502744K) : Total no. of polygons in the design is 1741398
2026-08-28 18:17:07 +0200: Memory Usage (502744K) : Starting deriving base layers.
2026-08-28 18:17:07 +0200: Memory Usage (526664K) : comp has 216638 polygons
2026-08-28 18:17:07 +0200: Memory Usage (526664K) : dnwell has 0 polygons
2026-08-28 18:17:08 +0200: Memory Usage (541980K) : nwell has 422 polygons
2026-08-28 18:17:08 +0200: Memory Usage (542684K) : lvpwell has 307 polygons
2026-08-28 18:17:08 +0200: Memory Usage (553948K) : dualgate has 3 polygons
2026-08-28 18:17:09 +0200: Memory Usage (554300K) : poly2 has 232293 polygons
2026-08-28 18:17:09 +0200: Memory Usage (579756K) : nplus has 1417 polygons
2026-08-28 18:17:10 +0200: Memory Usage (579756K) : pplus has 10152 polygons
2026-08-28 18:17:10 +0200: Memory Usage (579756K) : sab has 0 polygons
2026-08-28 18:17:10 +0200: Memory Usage (579756K) : esd has 0 polygons
2026-08-28 18:17:10 +0200: Memory Usage (579756K) : resistor has 0 polygons
2026-08-28 18:17:10 +0200: Memory Usage (579756K) : fhres has 0 polygons
2026-08-28 18:17:10 +0200: Memory Usage (579756K) : fusetop has 0 polygons
2026-08-28 18:17:10 +0200: Memory Usage (579756K) : fusewindow_d has 0 polygons
2026-08-28 18:17:10 +0200: Memory Usage (579756K) : polyfuse has 0 polygons
2026-08-28 18:17:10 +0200: Memory Usage (579756K) : mvsd has 0 polygons
2026-08-28 18:17:10 +0200: Memory Usage (579756K) : mvpsd has 0 polygons
2026-08-28 18:17:10 +0200: Memory Usage (579756K) : nat has 0 polygons
2026-08-28 18:17:10 +0200: Memory Usage (579756K) : comp_dummy has 0 polygons
2026-08-28 18:17:10 +0200: Memory Usage (579756K) : poly2_dummy has 0 polygons
2026-08-28 18:17:10 +0200: Memory Usage (579756K) : schottky_diode has 0 polygons
2026-08-28 18:17:10 +0200: Memory Usage (579756K) : zener has 0 polygons
2026-08-28 18:17:10 +0200: Memory Usage (579756K) : res_mk has 0 polygons
2026-08-28 18:17:10 +0200: Memory Usage (579756K) : opc_drc has 0 polygons
2026-08-28 18:17:10 +0200: Memory Usage (579756K) : v5_xtor has 3 polygons
2026-08-28 18:17:10 +0200: Memory Usage (579756K) : cap_mk has 0 polygons
2026-08-28 18:17:10 +0200: Memory Usage (579756K) : mos_cap_mk has 0 polygons
2026-08-28 18:17:10 +0200: Memory Usage (579756K) : ind_mk has 0 polygons
2026-08-28 18:17:10 +0200: Memory Usage (579756K) : diode_mk has 26 polygons
2026-08-28 18:17:10 +0200: Memory Usage (579756K) : drc_bjt has 0 polygons
2026-08-28 18:17:10 +0200: Memory Usage (579756K) : lvs_bjt has 0 polygons
2026-08-28 18:17:10 +0200: Memory Usage (579756K) : mim_l_mk has 0 polygons
2026-08-28 18:17:10 +0200: Memory Usage (579756K) : latchup_mk has 0 polygons
2026-08-28 18:17:10 +0200: Memory Usage (579756K) : guard_ring_mk has 0 polygons
2026-08-28 18:17:10 +0200: Memory Usage (579756K) : otp_mk has 0 polygons
2026-08-28 18:17:10 +0200: Memory Usage (579756K) : mtpmark has 0 polygons
2026-08-28 18:17:10 +0200: Memory Usage (579756K) : neo_ee_mk has 0 polygons
2026-08-28 18:17:10 +0200: Memory Usage (579756K) : sramcore has 4 polygons
2026-08-28 18:17:10 +0200: Memory Usage (579756K) : lvs_rf has 0 polygons
2026-08-28 18:17:10 +0200: Memory Usage (579756K) : lvs_drain has 0 polygons
2026-08-28 18:17:10 +0200: Memory Usage (579756K) : ind_mk has 0 polygons
2026-08-28 18:17:10 +0200: Memory Usage (579756K) : hvpolyrs has 0 polygons
2026-08-28 18:17:10 +0200: Memory Usage (579756K) : lvs_io has 0 polygons
2026-08-28 18:17:10 +0200: Memory Usage (579756K) : probe_mk has 0 polygons
2026-08-28 18:17:10 +0200: Memory Usage (579756K) : esd_mk has 0 polygons
2026-08-28 18:17:10 +0200: Memory Usage (579756K) : lvs_source has 0 polygons
2026-08-28 18:17:10 +0200: Memory Usage (579756K) : well_diode_mk has 0 polygons
2026-08-28 18:17:10 +0200: Memory Usage (579756K) : ldmos_xtor has 0 polygons
2026-08-28 18:17:10 +0200: Memory Usage (579756K) : plfuse has 0 polygons
2026-08-28 18:17:10 +0200: Memory Usage (579756K) : efuse_mk has 0 polygons
2026-08-28 18:17:10 +0200: Memory Usage (579756K) : mcell_feol_mk has 0 polygons
2026-08-28 18:17:10 +0200: Memory Usage (579756K) : ymtp_mk has 0 polygons
2026-08-28 18:17:10 +0200: Memory Usage (579756K) : dev_wf_mk has 0 polygons
2026-08-28 18:17:10 +0200: Memory Usage (579756K) : comp_label has 0 polygons
2026-08-28 18:17:10 +0200: Memory Usage (579756K) : poly2_label has 0 polygons
2026-08-28 18:17:10 +0200: Memory Usage (579756K) : mdiode has 0 polygons
2026-08-28 18:17:10 +0200: Memory Usage (579756K) : ndmy has 0 polygons
2026-08-28 18:17:10 +0200: Memory Usage (579756K) : pmndmy has 0 polygons
2026-08-28 18:17:13 +0200: Memory Usage (743544K) : contact has 1380000 polygons
2026-08-28 18:17:14 +0200: Memory Usage (557440K) : Construct connectivity for the design.
2026-08-28 18:17:14 +0200: Memory Usage (557440K) : Connectivity rules enabled, Netlist object will be generated.
2026-08-28 18:17:16 +0200: Memory Usage (637712K) : Total area of the design is 1859250.0 um^2.
2026-08-28 18:17:16 +0200: Memory Usage (637712K) : Starting GF180MCU DRC rules.
2026-08-28 18:17:16 +0200: Memory Usage (637712K) : Running all FEOL rules
2026-08-28 18:17:16 +0200: Memory Usage (637712K) : Running all BEOL rules
2026-08-28 18:17:16 +0200: Memory Usage (637712K) : ldpmos_split DRC Total Run time 10.353105172 seconds
28-Aug-2026 18:17:17 | INFO    | Running Global Foundries 180nm MCU /headless/aravindustries-repos/butterfold/butterfold_proto/physical/results/d03_ach_candidate/butterfold_top.gds checks on design metaltop on cell butterfold_top:
2026-08-28 18:17:17 +0200: Memory Usage (761540K) : metal1_drawn has 251861 polygons
2026-08-28 18:17:17 +0200: Memory Usage (761540K) : metal1_dummy has 0 polygons
2026-08-28 18:17:17 +0200: Memory Usage (761540K) : metal1_label has 0 polygons
2026-08-28 18:17:17 +0200: Memory Usage (761540K) : metal1_slot has 0 polygons
2026-08-28 18:17:17 +0200: Memory Usage (761540K) : metal1_blk has 0 polygons
2026-08-28 18:17:17 +0200: Memory Usage (767524K) : metal2_drawn has 51071 polygons
2026-08-28 18:17:17 +0200: Memory Usage (767524K) : metal2_dummy has 0 polygons
2026-08-28 18:17:17 +0200: Memory Usage (767524K) : metal2_label has 33 polygons
2026-08-28 18:17:17 +0200: Memory Usage (767524K) : metal2_slot has 0 polygons
2026-08-28 18:17:17 +0200: Memory Usage (767524K) : metal2_blk has 0 polygons
2026-08-28 18:17:17 +0200: Memory Usage (767524K) : metal3_drawn has 25645 polygons
2026-08-28 18:17:17 +0200: Memory Usage (767524K) : metal3_dummy has 0 polygons
2026-08-28 18:17:17 +0200: Memory Usage (767524K) : metal3_label has 0 polygons
2026-08-28 18:17:17 +0200: Memory Usage (767524K) : metal3_slot has 0 polygons
2026-08-28 18:17:17 +0200: Memory Usage (767524K) : metal3_blk has 0 polygons
2026-08-28 18:17:17 +0200: Memory Usage (767524K) : via3 has 12363 polygons
2026-08-28 18:17:17 +0200: Memory Usage (767524K) : metal4_drawn has 2332 polygons
2026-08-28 18:17:17 +0200: Memory Usage (767524K) : metal4_dummy has 0 polygons
2026-08-28 18:17:17 +0200: Memory Usage (767524K) : metal4_label has 0 polygons
2026-08-28 18:17:17 +0200: Memory Usage (767524K) : metal4_slot has 0 polygons
2026-08-28 18:17:17 +0200: Memory Usage (767524K) : metal4_blk has 0 polygons
2026-08-28 18:17:18 +0200: Memory Usage (767524K) : via4 has 2643 polygons
2026-08-28 18:17:18 +0200: Memory Usage (767524K) : metal5_drawn has 491 polygons
2026-08-28 18:17:18 +0200: Memory Usage (767524K) : metal5_dummy has 0 polygons
2026-08-28 18:17:18 +0200: Memory Usage (767524K) : metal5_label has 0 polygons
2026-08-28 18:17:18 +0200: Memory Usage (767524K) : metal5_slot has 0 polygons
2026-08-28 18:17:18 +0200: Memory Usage (767524K) : metal5_blk has 0 polygons
2026-08-28 18:17:18 +0200: Memory Usage (767524K) : pad has 0 polygons
2026-08-28 18:17:18 +0200: Memory Usage (767524K) : ubmpperi has 0 polygons
2026-08-28 18:17:18 +0200: Memory Usage (767524K) : ubmparray has 0 polygons
2026-08-28 18:17:18 +0200: Memory Usage (767524K) : ubmeplate has 0 polygons
2026-08-28 18:17:18 +0200: Memory Usage (767524K) : metal1_res has 0 polygons
2026-08-28 18:17:18 +0200: Memory Usage (767524K) : metal2_res has 0 polygons
2026-08-28 18:17:18 +0200: Memory Usage (767524K) : metal3_res has 0 polygons
2026-08-28 18:17:18 +0200: Memory Usage (767524K) : metal4_res has 0 polygons
2026-08-28 18:17:18 +0200: Memory Usage (767524K) : metal5_res has 0 polygons
2026-08-28 18:17:18 +0200: Memory Usage (767524K) : metal6_res has 0 polygons
2026-08-28 18:17:18 +0200: Memory Usage (767524K) : pr_bndry has 1 polygons
2026-08-28 18:17:18 +0200: Memory Usage (767524K) : border has 0 polygons
2026-08-28 18:17:18 +0200: Memory Usage (767524K) : Total no. of polygons in the design is 2187705
2026-08-28 18:17:18 +0200: Memory Usage (767524K) : Starting deriving base layers.
2026-08-28 18:17:18 +0200: Memory Usage (444064K) : Starting running GF180MCU Klayout DRC runset on /headless/aravindustries-repos/butterfold/butterfold_proto/physical/results/d03_ach_candidate/butterfold_top.gds
2026-08-28 18:17:18 +0200: Memory Usage (444064K) : Ruby Version for klayout: 3.2.3
2026-08-28 18:17:18 +0200: Memory Usage (489768K) : Loading database to memory is complete.
2026-08-28 18:17:18 +0200: Memory Usage (489768K) : GF180MCU Klayout DRC runset output at: /headless/aravindustries-repos/butterfold/butterfold_proto/physical/results/d03_ach_candidate/klayout_drc_pgfix/butterfold_top_metaltop.lyrdb
2026-08-28 18:17:18 +0200: Memory Usage (489768K) : Evaluate switches.
2026-08-28 18:17:18 +0200: Memory Usage (489768K) : table_name selected  metaltop
2026-08-28 18:17:18 +0200: Memory Usage (489768K) : CONNECTIVITY_RULES enabled: false
2026-08-28 18:17:18 +0200: Memory Usage (489768K) : Wedge enabled: false
2026-08-28 18:17:18 +0200: Memory Usage (489768K) : Ball enabled: false
2026-08-28 18:17:18 +0200: Memory Usage (489768K) : Gold enabled: false
2026-08-28 18:17:18 +0200: Memory Usage (489768K) : MIM Option selected: B
2026-08-28 18:17:18 +0200: Memory Usage (489768K) : Offgrid enabled:  true
2026-08-28 18:17:18 +0200: Memory Usage (489768K) : Number of threads to use 2
2026-08-28 18:17:18 +0200: Memory Usage (489768K) : Verbose mode: false
2026-08-28 18:17:18 +0200: Memory Usage (489768K) : flat  mode is enabled for metaltop table
2026-08-28 18:17:18 +0200: Memory Usage (489768K) : METAL_TOP Selected is 11K
2026-08-28 18:17:18 +0200: Memory Usage (489768K) : METAL_STACK Selected is 5LM
2026-08-28 18:17:18 +0200: Memory Usage (489768K) : FEOL enabled: true
2026-08-28 18:17:18 +0200: Memory Usage (489768K) : BEOL enabled: true
2026-08-28 18:17:18 +0200: Memory Usage (489768K) : DUMMY enabled: false
2026-08-28 18:17:18 +0200: Memory Usage (489768K) : SLOW_VIA enabled: false
2026-08-28 18:17:18 +0200: Memory Usage (489768K) : Read in polygons from layers.
2026-08-28 18:17:19 +0200: Memory Usage (527528K) : comp has 216638 polygons
2026-08-28 18:17:19 +0200: Memory Usage (527528K) : dnwell has 0 polygons
2026-08-28 18:17:19 +0200: Memory Usage (542844K) : nwell has 422 polygons
2026-08-28 18:17:19 +0200: Memory Usage (542844K) : lvpwell has 307 polygons
2026-08-28 18:17:19 +0200: Memory Usage (553932K) : dualgate has 3 polygons
2026-08-28 18:17:20 +0200: Memory Usage (555168K) : poly2 has 232293 polygons
2026-08-28 18:17:21 +0200: Memory Usage (573456K) : nplus has 1417 polygons
2026-08-28 18:17:21 +0200: Memory Usage (573456K) : pplus has 10152 polygons
2026-08-28 18:17:21 +0200: Memory Usage (573456K) : sab has 0 polygons
2026-08-28 18:17:21 +0200: Memory Usage (573456K) : esd has 0 polygons
2026-08-28 18:17:21 +0200: Memory Usage (573456K) : resistor has 0 polygons
2026-08-28 18:17:21 +0200: Memory Usage (573456K) : fhres has 0 polygons
2026-08-28 18:17:21 +0200: Memory Usage (573456K) : fusetop has 0 polygons
2026-08-28 18:17:21 +0200: Memory Usage (573456K) : fusewindow_d has 0 polygons
2026-08-28 18:17:21 +0200: Memory Usage (573456K) : polyfuse has 0 polygons
2026-08-28 18:17:21 +0200: Memory Usage (573456K) : mvsd has 0 polygons
2026-08-28 18:17:21 +0200: Memory Usage (573456K) : mvpsd has 0 polygons
2026-08-28 18:17:21 +0200: Memory Usage (573456K) : nat has 0 polygons
2026-08-28 18:17:21 +0200: Memory Usage (573456K) : comp_dummy has 0 polygons
2026-08-28 18:17:21 +0200: Memory Usage (573456K) : poly2_dummy has 0 polygons
2026-08-28 18:17:21 +0200: Memory Usage (573456K) : schottky_diode has 0 polygons
2026-08-28 18:17:21 +0200: Memory Usage (573456K) : zener has 0 polygons
2026-08-28 18:17:21 +0200: Memory Usage (573456K) : res_mk has 0 polygons
2026-08-28 18:17:21 +0200: Memory Usage (573456K) : opc_drc has 0 polygons
2026-08-28 18:17:21 +0200: Memory Usage (573456K) : v5_xtor has 3 polygons
2026-08-28 18:17:21 +0200: Memory Usage (573456K) : cap_mk has 0 polygons
2026-08-28 18:17:21 +0200: Memory Usage (573456K) : mos_cap_mk has 0 polygons
2026-08-28 18:17:21 +0200: Memory Usage (573456K) : ind_mk has 0 polygons
2026-08-28 18:17:21 +0200: Memory Usage (573456K) : diode_mk has 26 polygons
2026-08-28 18:17:21 +0200: Memory Usage (573456K) : drc_bjt has 0 polygons
2026-08-28 18:17:21 +0200: Memory Usage (573456K) : lvs_bjt has 0 polygons
2026-08-28 18:17:21 +0200: Memory Usage (573456K) : mim_l_mk has 0 polygons
2026-08-28 18:17:21 +0200: Memory Usage (573456K) : latchup_mk has 0 polygons
2026-08-28 18:17:21 +0200: Memory Usage (573456K) : guard_ring_mk has 0 polygons
2026-08-28 18:17:21 +0200: Memory Usage (573456K) : otp_mk has 0 polygons
2026-08-28 18:17:21 +0200: Memory Usage (573456K) : mtpmark has 0 polygons
2026-08-28 18:17:21 +0200: Memory Usage (573456K) : neo_ee_mk has 0 polygons
2026-08-28 18:17:21 +0200: Memory Usage (573456K) : sramcore has 4 polygons
2026-08-28 18:17:21 +0200: Memory Usage (573456K) : lvs_rf has 0 polygons
2026-08-28 18:17:21 +0200: Memory Usage (573456K) : lvs_drain has 0 polygons
2026-08-28 18:17:21 +0200: Memory Usage (573456K) : ind_mk has 0 polygons
2026-08-28 18:17:21 +0200: Memory Usage (573456K) : hvpolyrs has 0 polygons
2026-08-28 18:17:21 +0200: Memory Usage (573456K) : lvs_io has 0 polygons
2026-08-28 18:17:21 +0200: Memory Usage (573456K) : probe_mk has 0 polygons
2026-08-28 18:17:21 +0200: Memory Usage (573456K) : esd_mk has 0 polygons
2026-08-28 18:17:21 +0200: Memory Usage (573456K) : lvs_source has 0 polygons
2026-08-28 18:17:21 +0200: Memory Usage (573456K) : well_diode_mk has 0 polygons
2026-08-28 18:17:21 +0200: Memory Usage (573456K) : ldmos_xtor has 0 polygons
2026-08-28 18:17:21 +0200: Memory Usage (573456K) : plfuse has 0 polygons
2026-08-28 18:17:21 +0200: Memory Usage (573456K) : efuse_mk has 0 polygons
2026-08-28 18:17:21 +0200: Memory Usage (573456K) : mcell_feol_mk has 0 polygons
2026-08-28 18:17:21 +0200: Memory Usage (573456K) : ymtp_mk has 0 polygons
2026-08-28 18:17:21 +0200: Memory Usage (573456K) : dev_wf_mk has 0 polygons
2026-08-28 18:17:21 +0200: Memory Usage (573456K) : comp_label has 0 polygons
2026-08-28 18:17:21 +0200: Memory Usage (573456K) : poly2_label has 0 polygons
2026-08-28 18:17:21 +0200: Memory Usage (573456K) : mdiode has 0 polygons
2026-08-28 18:17:21 +0200: Memory Usage (573456K) : ndmy has 0 polygons
2026-08-28 18:17:21 +0200: Memory Usage (573456K) : pmndmy has 0 polygons
2026-08-28 18:17:25 +0200: Memory Usage (626288K) : metal1_drawn has 251861 polygons
2026-08-28 18:17:25 +0200: Memory Usage (626288K) : metal1_dummy has 0 polygons
2026-08-28 18:17:25 +0200: Memory Usage (626288K) : metal1_label has 0 polygons
2026-08-28 18:17:25 +0200: Memory Usage (626288K) : metal1_slot has 0 polygons
2026-08-28 18:17:25 +0200: Memory Usage (626288K) : metal1_blk has 0 polygons
2026-08-28 18:17:25 +0200: Memory Usage (632272K) : metal2_drawn has 51071 polygons
2026-08-28 18:17:25 +0200: Memory Usage (632272K) : metal2_dummy has 0 polygons
2026-08-28 18:17:25 +0200: Memory Usage (632272K) : metal2_label has 33 polygons
2026-08-28 18:17:25 +0200: Memory Usage (632272K) : metal2_slot has 0 polygons
2026-08-28 18:17:25 +0200: Memory Usage (632272K) : metal2_blk has 0 polygons
2026-08-28 18:17:25 +0200: Memory Usage (632272K) : metal3_drawn has 25645 polygons
2026-08-28 18:17:25 +0200: Memory Usage (632272K) : metal3_dummy has 0 polygons
2026-08-28 18:17:25 +0200: Memory Usage (632272K) : metal3_label has 0 polygons
2026-08-28 18:17:25 +0200: Memory Usage (632272K) : metal3_slot has 0 polygons
2026-08-28 18:17:25 +0200: Memory Usage (632272K) : metal3_blk has 0 polygons
2026-08-28 18:17:26 +0200: Memory Usage (632272K) : via3 has 12363 polygons
2026-08-28 18:17:26 +0200: Memory Usage (632272K) : metal4_drawn has 2332 polygons
2026-08-28 18:17:26 +0200: Memory Usage (632272K) : metal4_dummy has 0 polygons
2026-08-28 18:17:26 +0200: Memory Usage (632272K) : metal4_label has 0 polygons
2026-08-28 18:17:26 +0200: Memory Usage (632272K) : metal4_slot has 0 polygons
2026-08-28 18:17:26 +0200: Memory Usage (632272K) : metal4_blk has 0 polygons
2026-08-28 18:17:26 +0200: Memory Usage (632272K) : via4 has 2643 polygons
2026-08-28 18:17:26 +0200: Memory Usage (632272K) : metal5_drawn has 491 polygons
2026-08-28 18:17:26 +0200: Memory Usage (632272K) : metal5_dummy has 0 polygons
2026-08-28 18:17:26 +0200: Memory Usage (632272K) : metal5_label has 0 polygons
2026-08-28 18:17:26 +0200: Memory Usage (632272K) : metal5_slot has 0 polygons
2026-08-28 18:17:26 +0200: Memory Usage (632272K) : metal5_blk has 0 polygons
2026-08-28 18:17:26 +0200: Memory Usage (632272K) : pad has 0 polygons
2026-08-28 18:17:26 +0200: Memory Usage (632272K) : ubmpperi has 0 polygons
2026-08-28 18:17:26 +0200: Memory Usage (632272K) : ubmparray has 0 polygons
2026-08-28 18:17:26 +0200: Memory Usage (632272K) : ubmeplate has 0 polygons
2026-08-28 18:17:26 +0200: Memory Usage (632272K) : metal1_res has 0 polygons
2026-08-28 18:17:26 +0200: Memory Usage (632272K) : metal2_res has 0 polygons
2026-08-28 18:17:26 +0200: Memory Usage (632272K) : metal3_res has 0 polygons
2026-08-28 18:17:26 +0200: Memory Usage (632272K) : metal4_res has 0 polygons
2026-08-28 18:17:26 +0200: Memory Usage (632272K) : metal5_res has 0 polygons
2026-08-28 18:17:26 +0200: Memory Usage (632272K) : metal6_res has 0 polygons
2026-08-28 18:17:26 +0200: Memory Usage (632272K) : pr_bndry has 1 polygons
2026-08-28 18:17:26 +0200: Memory Usage (632272K) : border has 0 polygons
2026-08-28 18:17:26 +0200: Memory Usage (632272K) : Total no. of polygons in the design is 807705
2026-08-28 18:17:26 +0200: Memory Usage (632272K) : Starting deriving base layers.
2026-08-28 18:17:30 +0200: Memory Usage (1068772K) : Total area of the design is 1859250.0 um^2.
2026-08-28 18:17:30 +0200: Memory Usage (1068772K) : Starting GF180MCU DRC rules.
2026-08-28 18:17:30 +0200: Memory Usage (1068772K) : Running all FEOL rules
2026-08-28 18:17:30 +0200: Memory Usage (1068772K) : Running all BEOL rules
2026-08-28 18:17:30 +0200: Memory Usage (1068772K) : Starting HRES derivations
2026-08-28 18:17:32 +0200: Memory Usage (1106432K) : Executing rule HRES.1
2026-08-28 18:17:32 +0200: Memory Usage (1106816K) : Executing rule HRES.2
2026-08-28 18:17:32 +0200: Memory Usage (1106816K) : Executing rule HRES.3
2026-08-28 18:17:32 +0200: Memory Usage (1106816K) : Executing rule HRES.4
2026-08-28 18:17:32 +0200: Memory Usage (1106816K) : Executing rule HRES.5
2026-08-28 18:17:32 +0200: Memory Usage (1106816K) : Executing rule HRES.6
2026-08-28 18:17:32 +0200: Memory Usage (1106816K) : Executing rule HRES.7
2026-08-28 18:17:32 +0200: Memory Usage (1106816K) : Executing rule HRES.8
2026-08-28 18:17:32 +0200: Memory Usage (1106816K) : Executing rule HRES.9
2026-08-28 18:17:32 +0200: Memory Usage (1106816K) : Executing rule HRES.10
2026-08-28 18:17:32 +0200: Memory Usage (1107200K) : Executing rule HRES.12a
2026-08-28 18:17:33 +0200: Memory Usage (1121548K) : Executing rule HRES.12b
2026-08-28 18:17:33 +0200: Memory Usage (1121548K) : hres DRC Total Run time 26.25360815 seconds
28-Aug-2026 18:17:33 | INFO    | Running Global Foundries 180nm MCU /headless/aravindustries-repos/butterfold/butterfold_proto/physical/results/d03_ach_candidate/butterfold_top.gds checks on design dummy_comp on cell butterfold_top:
2026-08-28 18:17:35 +0200: Memory Usage (444228K) : Starting running GF180MCU Klayout DRC runset on /headless/aravindustries-repos/butterfold/butterfold_proto/physical/results/d03_ach_candidate/butterfold_top.gds
2026-08-28 18:17:35 +0200: Memory Usage (444228K) : Ruby Version for klayout: 3.2.3
2026-08-28 18:17:35 +0200: Memory Usage (489864K) : Loading database to memory is complete.
2026-08-28 18:17:35 +0200: Memory Usage (489864K) : GF180MCU Klayout DRC runset output at: /headless/aravindustries-repos/butterfold/butterfold_proto/physical/results/d03_ach_candidate/klayout_drc_pgfix/butterfold_top_dummy_comp.lyrdb
2026-08-28 18:17:35 +0200: Memory Usage (490072K) : Evaluate switches.
2026-08-28 18:17:35 +0200: Memory Usage (490072K) : table_name selected  dummy_comp
2026-08-28 18:17:35 +0200: Memory Usage (490072K) : CONNECTIVITY_RULES enabled: false
2026-08-28 18:17:35 +0200: Memory Usage (490072K) : Wedge enabled: false
2026-08-28 18:17:35 +0200: Memory Usage (490072K) : Ball enabled: false
2026-08-28 18:17:35 +0200: Memory Usage (490072K) : Gold enabled: false
2026-08-28 18:17:35 +0200: Memory Usage (490072K) : MIM Option selected: B
2026-08-28 18:17:35 +0200: Memory Usage (490072K) : Offgrid enabled:  true
2026-08-28 18:17:35 +0200: Memory Usage (490072K) : Number of threads to use 2
2026-08-28 18:17:35 +0200: Memory Usage (490072K) : Verbose mode: false
2026-08-28 18:17:35 +0200: Memory Usage (490072K) : flat  mode is enabled for dummy_comp table
2026-08-28 18:17:35 +0200: Memory Usage (490072K) : METAL_TOP Selected is 11K
2026-08-28 18:17:35 +0200: Memory Usage (490072K) : METAL_STACK Selected is 5LM
2026-08-28 18:17:35 +0200: Memory Usage (490072K) : FEOL enabled: true
2026-08-28 18:17:35 +0200: Memory Usage (490072K) : BEOL enabled: true
2026-08-28 18:17:35 +0200: Memory Usage (490072K) : DUMMY enabled: false
2026-08-28 18:17:35 +0200: Memory Usage (490072K) : SLOW_VIA enabled: false
2026-08-28 18:17:35 +0200: Memory Usage (490072K) : Read in polygons from layers.
2026-08-28 18:17:35 +0200: Memory Usage (527568K) : comp has 216638 polygons
2026-08-28 18:17:35 +0200: Memory Usage (527568K) : dnwell has 0 polygons
2026-08-28 18:17:36 +0200: Memory Usage (542968K) : nwell has 422 polygons
2026-08-28 18:17:36 +0200: Memory Usage (542968K) : lvpwell has 307 polygons
2026-08-28 18:17:36 +0200: Memory Usage (554056K) : dualgate has 3 polygons
2026-08-28 18:17:37 +0200: Memory Usage (555320K) : poly2 has 232293 polygons
2026-08-28 18:17:37 +0200: Memory Usage (580968K) : nplus has 1417 polygons
2026-08-28 18:17:38 +0200: Memory Usage (580968K) : pplus has 10152 polygons
2026-08-28 18:17:38 +0200: Memory Usage (580968K) : sab has 0 polygons
2026-08-28 18:17:38 +0200: Memory Usage (580968K) : esd has 0 polygons
2026-08-28 18:17:38 +0200: Memory Usage (580968K) : resistor has 0 polygons
2026-08-28 18:17:38 +0200: Memory Usage (580968K) : fhres has 0 polygons
2026-08-28 18:17:38 +0200: Memory Usage (580968K) : fusetop has 0 polygons
2026-08-28 18:17:38 +0200: Memory Usage (580968K) : fusewindow_d has 0 polygons
2026-08-28 18:17:38 +0200: Memory Usage (580968K) : polyfuse has 0 polygons
2026-08-28 18:17:38 +0200: Memory Usage (580968K) : mvsd has 0 polygons
2026-08-28 18:17:38 +0200: Memory Usage (580968K) : mvpsd has 0 polygons
2026-08-28 18:17:38 +0200: Memory Usage (580968K) : nat has 0 polygons
2026-08-28 18:17:38 +0200: Memory Usage (580968K) : comp_dummy has 0 polygons
2026-08-28 18:17:38 +0200: Memory Usage (580968K) : poly2_dummy has 0 polygons
2026-08-28 18:17:38 +0200: Memory Usage (580968K) : schottky_diode has 0 polygons
2026-08-28 18:17:38 +0200: Memory Usage (580968K) : zener has 0 polygons
2026-08-28 18:17:38 +0200: Memory Usage (580968K) : res_mk has 0 polygons
2026-08-28 18:17:38 +0200: Memory Usage (580968K) : opc_drc has 0 polygons
2026-08-28 18:17:38 +0200: Memory Usage (580968K) : v5_xtor has 3 polygons
2026-08-28 18:17:38 +0200: Memory Usage (580968K) : cap_mk has 0 polygons
2026-08-28 18:17:38 +0200: Memory Usage (580968K) : mos_cap_mk has 0 polygons
2026-08-28 18:17:38 +0200: Memory Usage (580968K) : ind_mk has 0 polygons
2026-08-28 18:17:38 +0200: Memory Usage (580968K) : diode_mk has 26 polygons
2026-08-28 18:17:38 +0200: Memory Usage (580968K) : drc_bjt has 0 polygons
2026-08-28 18:17:38 +0200: Memory Usage (580968K) : lvs_bjt has 0 polygons
2026-08-28 18:17:38 +0200: Memory Usage (580968K) : mim_l_mk has 0 polygons
2026-08-28 18:17:38 +0200: Memory Usage (580968K) : latchup_mk has 0 polygons
2026-08-28 18:17:38 +0200: Memory Usage (580968K) : guard_ring_mk has 0 polygons
2026-08-28 18:17:38 +0200: Memory Usage (580968K) : otp_mk has 0 polygons
2026-08-28 18:17:38 +0200: Memory Usage (580968K) : mtpmark has 0 polygons
2026-08-28 18:17:38 +0200: Memory Usage (580968K) : neo_ee_mk has 0 polygons
2026-08-28 18:17:38 +0200: Memory Usage (580968K) : sramcore has 4 polygons
2026-08-28 18:17:38 +0200: Memory Usage (580968K) : lvs_rf has 0 polygons
2026-08-28 18:17:38 +0200: Memory Usage (580968K) : lvs_drain has 0 polygons
2026-08-28 18:17:38 +0200: Memory Usage (580968K) : ind_mk has 0 polygons
2026-08-28 18:17:38 +0200: Memory Usage (580968K) : hvpolyrs has 0 polygons
2026-08-28 18:17:38 +0200: Memory Usage (580968K) : lvs_io has 0 polygons
2026-08-28 18:17:38 +0200: Memory Usage (580968K) : probe_mk has 0 polygons
2026-08-28 18:17:38 +0200: Memory Usage (580968K) : esd_mk has 0 polygons
2026-08-28 18:17:38 +0200: Memory Usage (580968K) : lvs_source has 0 polygons
2026-08-28 18:17:38 +0200: Memory Usage (580968K) : well_diode_mk has 0 polygons
2026-08-28 18:17:38 +0200: Memory Usage (580968K) : ldmos_xtor has 0 polygons
2026-08-28 18:17:38 +0200: Memory Usage (580968K) : plfuse has 0 polygons
2026-08-28 18:17:38 +0200: Memory Usage (580968K) : efuse_mk has 0 polygons
2026-08-28 18:17:38 +0200: Memory Usage (580968K) : mcell_feol_mk has 0 polygons
2026-08-28 18:17:38 +0200: Memory Usage (580968K) : ymtp_mk has 0 polygons
2026-08-28 18:17:38 +0200: Memory Usage (580968K) : dev_wf_mk has 0 polygons
2026-08-28 18:17:38 +0200: Memory Usage (580968K) : comp_label has 0 polygons
2026-08-28 18:17:38 +0200: Memory Usage (580968K) : poly2_label has 0 polygons
2026-08-28 18:17:38 +0200: Memory Usage (933652K) : Total area of the design is 1859250.0 um^2.
2026-08-28 18:17:38 +0200: Memory Usage (933652K) : Starting GF180MCU DRC rules.
2026-08-28 18:17:38 +0200: Memory Usage (933652K) : Running all FEOL rules
2026-08-28 18:17:38 +0200: Memory Usage (933652K) : Running all BEOL rules
2026-08-28 18:17:38 +0200: Memory Usage (933652K) : MetalTop thickness 9k/11k section
2026-08-28 18:17:38 +0200: Memory Usage (933652K) : Executing rule MT.1
2026-08-28 18:17:38 +0200: Memory Usage (580968K) : mdiode has 0 polygons
2026-08-28 18:17:38 +0200: Memory Usage (580968K) : ndmy has 0 polygons
2026-08-28 18:17:38 +0200: Memory Usage (580968K) : pmndmy has 0 polygons
2026-08-28 18:17:38 +0200: Memory Usage (933872K) : Executing rule MT.2a
2026-08-28 18:17:38 +0200: Memory Usage (934080K) : Executing rule MT.2b
2026-08-28 18:17:38 +0200: Memory Usage (934080K) : Executing rule MT.4
2026-08-28 18:17:38 +0200: Memory Usage (934080K) : metaltop DRC Total Run time 20.285867264 seconds
28-Aug-2026 18:17:38 | INFO    | Running Global Foundries 180nm MCU /headless/aravindustries-repos/butterfold/butterfold_proto/physical/results/d03_ach_candidate/butterfold_top.gds checks on design ldnmos on cell butterfold_top:
2026-08-28 18:17:40 +0200: Memory Usage (443952K) : Starting running GF180MCU Klayout DRC runset on /headless/aravindustries-repos/butterfold/butterfold_proto/physical/results/d03_ach_candidate/butterfold_top.gds
2026-08-28 18:17:40 +0200: Memory Usage (443952K) : Ruby Version for klayout: 3.2.3
2026-08-28 18:17:40 +0200: Memory Usage (489404K) : Loading database to memory is complete.
2026-08-28 18:17:40 +0200: Memory Usage (489404K) : GF180MCU Klayout DRC runset output at: /headless/aravindustries-repos/butterfold/butterfold_proto/physical/results/d03_ach_candidate/klayout_drc_pgfix/butterfold_top_ldnmos.lyrdb
2026-08-28 18:17:40 +0200: Memory Usage (489404K) : Evaluate switches.
2026-08-28 18:17:40 +0200: Memory Usage (489404K) : table_name selected  ldnmos
2026-08-28 18:17:40 +0200: Memory Usage (489404K) : CONNECTIVITY_RULES enabled: true
2026-08-28 18:17:40 +0200: Memory Usage (489404K) : Wedge enabled: false
2026-08-28 18:17:40 +0200: Memory Usage (489404K) : Ball enabled: false
2026-08-28 18:17:40 +0200: Memory Usage (489404K) : Gold enabled: false
2026-08-28 18:17:40 +0200: Memory Usage (489404K) : MIM Option selected: B
2026-08-28 18:17:40 +0200: Memory Usage (489404K) : Offgrid enabled:  true
2026-08-28 18:17:40 +0200: Memory Usage (489404K) : Number of threads to use 2
2026-08-28 18:17:40 +0200: Memory Usage (489404K) : Verbose mode: false
2026-08-28 18:17:40 +0200: Memory Usage (489404K) : flat  mode is enabled for ldnmos table
2026-08-28 18:17:40 +0200: Memory Usage (489404K) : METAL_TOP Selected is 11K
2026-08-28 18:17:40 +0200: Memory Usage (489404K) : METAL_STACK Selected is 5LM
2026-08-28 18:17:40 +0200: Memory Usage (489404K) : FEOL enabled: true
2026-08-28 18:17:40 +0200: Memory Usage (489404K) : BEOL enabled: true
2026-08-28 18:17:40 +0200: Memory Usage (489404K) : DUMMY enabled: false
2026-08-28 18:17:40 +0200: Memory Usage (489404K) : SLOW_VIA enabled: false
2026-08-28 18:17:40 +0200: Memory Usage (489404K) : Read in polygons from layers.
2026-08-28 18:17:41 +0200: Memory Usage (527044K) : comp has 216638 polygons
2026-08-28 18:17:41 +0200: Memory Usage (527044K) : dnwell has 0 polygons
2026-08-28 18:17:41 +0200: Memory Usage (542360K) : nwell has 422 polygons
2026-08-28 18:17:41 +0200: Memory Usage (542360K) : lvpwell has 307 polygons
2026-08-28 18:17:41 +0200: Memory Usage (553448K) : dualgate has 3 polygons
2026-08-28 18:17:41 +0200: Memory Usage (626456K) : metal1_drawn has 251861 polygons
2026-08-28 18:17:41 +0200: Memory Usage (626456K) : metal1_dummy has 0 polygons
2026-08-28 18:17:41 +0200: Memory Usage (626456K) : metal1_label has 0 polygons
2026-08-28 18:17:41 +0200: Memory Usage (626456K) : metal1_slot has 0 polygons
2026-08-28 18:17:41 +0200: Memory Usage (626456K) : metal1_blk has 0 polygons
2026-08-28 18:17:42 +0200: Memory Usage (626456K) : metal2_drawn has 51071 polygons
2026-08-28 18:17:42 +0200: Memory Usage (626456K) : metal2_dummy has 0 polygons
2026-08-28 18:17:42 +0200: Memory Usage (626456K) : metal2_label has 33 polygons
2026-08-28 18:17:42 +0200: Memory Usage (626456K) : metal2_slot has 0 polygons
2026-08-28 18:17:42 +0200: Memory Usage (626456K) : metal2_blk has 0 polygons
2026-08-28 18:17:42 +0200: Memory Usage (626456K) : metal3_drawn has 25645 polygons
2026-08-28 18:17:42 +0200: Memory Usage (626456K) : metal3_dummy has 0 polygons
2026-08-28 18:17:42 +0200: Memory Usage (626456K) : metal3_label has 0 polygons
2026-08-28 18:17:42 +0200: Memory Usage (626456K) : metal3_slot has 0 polygons
2026-08-28 18:17:42 +0200: Memory Usage (626456K) : metal3_blk has 0 polygons
2026-08-28 18:17:42 +0200: Memory Usage (626456K) : via3 has 12363 polygons
2026-08-28 18:17:42 +0200: Memory Usage (626456K) : metal4_drawn has 2332 polygons
2026-08-28 18:17:42 +0200: Memory Usage (626456K) : metal4_dummy has 0 polygons
2026-08-28 18:17:42 +0200: Memory Usage (626456K) : metal4_label has 0 polygons
2026-08-28 18:17:42 +0200: Memory Usage (626456K) : metal4_slot has 0 polygons
2026-08-28 18:17:42 +0200: Memory Usage (626456K) : metal4_blk has 0 polygons
2026-08-28 18:17:42 +0200: Memory Usage (626456K) : via4 has 2643 polygons
2026-08-28 18:17:42 +0200: Memory Usage (626456K) : metal5_drawn has 491 polygons
2026-08-28 18:17:42 +0200: Memory Usage (626456K) : metal5_dummy has 0 polygons
2026-08-28 18:17:42 +0200: Memory Usage (626456K) : metal5_label has 0 polygons
2026-08-28 18:17:42 +0200: Memory Usage (626456K) : metal5_slot has 0 polygons
2026-08-28 18:17:42 +0200: Memory Usage (626456K) : metal5_blk has 0 polygons
2026-08-28 18:17:42 +0200: Memory Usage (626456K) : pad has 0 polygons
2026-08-28 18:17:42 +0200: Memory Usage (626456K) : ubmpperi has 0 polygons
2026-08-28 18:17:42 +0200: Memory Usage (626456K) : ubmparray has 0 polygons
2026-08-28 18:17:42 +0200: Memory Usage (626456K) : ubmeplate has 0 polygons
2026-08-28 18:17:42 +0200: Memory Usage (626456K) : metal1_res has 0 polygons
2026-08-28 18:17:42 +0200: Memory Usage (626456K) : metal2_res has 0 polygons
2026-08-28 18:17:42 +0200: Memory Usage (626456K) : metal3_res has 0 polygons
2026-08-28 18:17:42 +0200: Memory Usage (626456K) : metal4_res has 0 polygons
2026-08-28 18:17:42 +0200: Memory Usage (626456K) : metal5_res has 0 polygons
2026-08-28 18:17:42 +0200: Memory Usage (626456K) : metal6_res has 0 polygons
2026-08-28 18:17:42 +0200: Memory Usage (554600K) : poly2 has 232293 polygons
2026-08-28 18:17:42 +0200: Memory Usage (626456K) : pr_bndry has 1 polygons
2026-08-28 18:17:42 +0200: Memory Usage (626456K) : border has 0 polygons
2026-08-28 18:17:42 +0200: Memory Usage (626456K) : Total no. of polygons in the design is 807705
2026-08-28 18:17:42 +0200: Memory Usage (626456K) : Starting deriving base layers.
2026-08-28 18:17:43 +0200: Memory Usage (580000K) : nplus has 1417 polygons
2026-08-28 18:17:43 +0200: Memory Usage (580000K) : pplus has 10152 polygons
2026-08-28 18:17:43 +0200: Memory Usage (580000K) : sab has 0 polygons
2026-08-28 18:17:43 +0200: Memory Usage (580000K) : esd has 0 polygons
2026-08-28 18:17:43 +0200: Memory Usage (580000K) : resistor has 0 polygons
2026-08-28 18:17:43 +0200: Memory Usage (580000K) : fhres has 0 polygons
2026-08-28 18:17:43 +0200: Memory Usage (580000K) : fusetop has 0 polygons
2026-08-28 18:17:43 +0200: Memory Usage (580000K) : fusewindow_d has 0 polygons
2026-08-28 18:17:43 +0200: Memory Usage (580000K) : polyfuse has 0 polygons
2026-08-28 18:17:43 +0200: Memory Usage (580000K) : mvsd has 0 polygons
2026-08-28 18:17:43 +0200: Memory Usage (580000K) : mvpsd has 0 polygons
2026-08-28 18:17:43 +0200: Memory Usage (580000K) : nat has 0 polygons
2026-08-28 18:17:43 +0200: Memory Usage (580000K) : comp_dummy has 0 polygons
2026-08-28 18:17:43 +0200: Memory Usage (580000K) : poly2_dummy has 0 polygons
2026-08-28 18:17:43 +0200: Memory Usage (580000K) : schottky_diode has 0 polygons
2026-08-28 18:17:43 +0200: Memory Usage (580000K) : zener has 0 polygons
2026-08-28 18:17:43 +0200: Memory Usage (580000K) : res_mk has 0 polygons
2026-08-28 18:17:43 +0200: Memory Usage (580000K) : opc_drc has 0 polygons
2026-08-28 18:17:43 +0200: Memory Usage (580000K) : v5_xtor has 3 polygons
2026-08-28 18:17:43 +0200: Memory Usage (580000K) : cap_mk has 0 polygons
2026-08-28 18:17:43 +0200: Memory Usage (580000K) : mos_cap_mk has 0 polygons
2026-08-28 18:17:43 +0200: Memory Usage (580000K) : ind_mk has 0 polygons
2026-08-28 18:17:43 +0200: Memory Usage (580000K) : diode_mk has 26 polygons
2026-08-28 18:17:43 +0200: Memory Usage (580000K) : drc_bjt has 0 polygons
2026-08-28 18:17:43 +0200: Memory Usage (580000K) : lvs_bjt has 0 polygons
2026-08-28 18:17:43 +0200: Memory Usage (580000K) : mim_l_mk has 0 polygons
2026-08-28 18:17:43 +0200: Memory Usage (580000K) : latchup_mk has 0 polygons
2026-08-28 18:17:43 +0200: Memory Usage (580000K) : guard_ring_mk has 0 polygons
2026-08-28 18:17:43 +0200: Memory Usage (580000K) : otp_mk has 0 polygons
2026-08-28 18:17:43 +0200: Memory Usage (580000K) : mtpmark has 0 polygons
2026-08-28 18:17:43 +0200: Memory Usage (580000K) : neo_ee_mk has 0 polygons
2026-08-28 18:17:43 +0200: Memory Usage (580000K) : sramcore has 4 polygons
2026-08-28 18:17:43 +0200: Memory Usage (580000K) : lvs_rf has 0 polygons
2026-08-28 18:17:43 +0200: Memory Usage (580000K) : lvs_drain has 0 polygons
2026-08-28 18:17:43 +0200: Memory Usage (580000K) : ind_mk has 0 polygons
2026-08-28 18:17:43 +0200: Memory Usage (580000K) : hvpolyrs has 0 polygons
2026-08-28 18:17:43 +0200: Memory Usage (580000K) : lvs_io has 0 polygons
2026-08-28 18:17:43 +0200: Memory Usage (580000K) : probe_mk has 0 polygons
2026-08-28 18:17:43 +0200: Memory Usage (580000K) : esd_mk has 0 polygons
2026-08-28 18:17:43 +0200: Memory Usage (580000K) : lvs_source has 0 polygons
2026-08-28 18:17:43 +0200: Memory Usage (580000K) : well_diode_mk has 0 polygons
2026-08-28 18:17:43 +0200: Memory Usage (580000K) : ldmos_xtor has 0 polygons
2026-08-28 18:17:43 +0200: Memory Usage (580000K) : plfuse has 0 polygons
2026-08-28 18:17:43 +0200: Memory Usage (580000K) : efuse_mk has 0 polygons
2026-08-28 18:17:43 +0200: Memory Usage (580000K) : mcell_feol_mk has 0 polygons
2026-08-28 18:17:43 +0200: Memory Usage (580000K) : ymtp_mk has 0 polygons
2026-08-28 18:17:43 +0200: Memory Usage (580000K) : dev_wf_mk has 0 polygons
2026-08-28 18:17:43 +0200: Memory Usage (580000K) : comp_label has 0 polygons
2026-08-28 18:17:43 +0200: Memory Usage (580000K) : poly2_label has 0 polygons
2026-08-28 18:17:43 +0200: Memory Usage (580000K) : mdiode has 0 polygons
2026-08-28 18:17:43 +0200: Memory Usage (580000K) : ndmy has 0 polygons
2026-08-28 18:17:43 +0200: Memory Usage (580000K) : pmndmy has 0 polygons
2026-08-28 18:17:46 +0200: Memory Usage (743808K) : contact has 1380000 polygons
2026-08-28 18:17:50 +0200: Memory Usage (761740K) : metal1_drawn has 251861 polygons
2026-08-28 18:17:50 +0200: Memory Usage (761740K) : metal1_dummy has 0 polygons
2026-08-28 18:17:50 +0200: Memory Usage (761740K) : metal1_label has 0 polygons
2026-08-28 18:17:50 +0200: Memory Usage (761740K) : metal1_slot has 0 polygons
2026-08-28 18:17:50 +0200: Memory Usage (761740K) : metal1_blk has 0 polygons
2026-08-28 18:17:50 +0200: Memory Usage (767724K) : metal2_drawn has 51071 polygons
2026-08-28 18:17:50 +0200: Memory Usage (767724K) : metal2_dummy has 0 polygons
2026-08-28 18:17:50 +0200: Memory Usage (767724K) : metal2_label has 33 polygons
2026-08-28 18:17:50 +0200: Memory Usage (767724K) : metal2_slot has 0 polygons
2026-08-28 18:17:50 +0200: Memory Usage (767724K) : metal2_blk has 0 polygons
2026-08-28 18:17:51 +0200: Memory Usage (767724K) : metal3_drawn has 25645 polygons
2026-08-28 18:17:51 +0200: Memory Usage (767724K) : metal3_dummy has 0 polygons
2026-08-28 18:17:51 +0200: Memory Usage (767724K) : metal3_label has 0 polygons
2026-08-28 18:17:51 +0200: Memory Usage (767724K) : metal3_slot has 0 polygons
2026-08-28 18:17:51 +0200: Memory Usage (767724K) : metal3_blk has 0 polygons
2026-08-28 18:17:51 +0200: Memory Usage (767724K) : via3 has 12363 polygons
2026-08-28 18:17:51 +0200: Memory Usage (767724K) : metal4_drawn has 2332 polygons
2026-08-28 18:17:51 +0200: Memory Usage (767724K) : metal4_dummy has 0 polygons
2026-08-28 18:17:51 +0200: Memory Usage (767724K) : metal4_label has 0 polygons
2026-08-28 18:17:51 +0200: Memory Usage (767724K) : metal4_slot has 0 polygons
2026-08-28 18:17:51 +0200: Memory Usage (767724K) : metal4_blk has 0 polygons
2026-08-28 18:17:51 +0200: Memory Usage (767724K) : via4 has 2643 polygons
2026-08-28 18:17:51 +0200: Memory Usage (767724K) : metal5_drawn has 491 polygons
2026-08-28 18:17:51 +0200: Memory Usage (767724K) : metal5_dummy has 0 polygons
2026-08-28 18:17:51 +0200: Memory Usage (767724K) : metal5_label has 0 polygons
2026-08-28 18:17:51 +0200: Memory Usage (767724K) : metal5_slot has 0 polygons
2026-08-28 18:17:51 +0200: Memory Usage (767724K) : metal5_blk has 0 polygons
2026-08-28 18:17:51 +0200: Memory Usage (767724K) : pad has 0 polygons
2026-08-28 18:17:51 +0200: Memory Usage (767724K) : ubmpperi has 0 polygons
2026-08-28 18:17:51 +0200: Memory Usage (767724K) : ubmparray has 0 polygons
2026-08-28 18:17:51 +0200: Memory Usage (767724K) : ubmeplate has 0 polygons
2026-08-28 18:17:51 +0200: Memory Usage (767724K) : metal1_res has 0 polygons
2026-08-28 18:17:51 +0200: Memory Usage (767724K) : metal2_res has 0 polygons
2026-08-28 18:17:51 +0200: Memory Usage (767724K) : metal3_res has 0 polygons
2026-08-28 18:17:51 +0200: Memory Usage (767724K) : metal4_res has 0 polygons
2026-08-28 18:17:51 +0200: Memory Usage (767724K) : metal5_res has 0 polygons
2026-08-28 18:17:51 +0200: Memory Usage (767724K) : metal6_res has 0 polygons
2026-08-28 18:17:51 +0200: Memory Usage (769308K) : pr_bndry has 1 polygons
2026-08-28 18:17:51 +0200: Memory Usage (769308K) : border has 0 polygons
2026-08-28 18:17:51 +0200: Memory Usage (769308K) : Total no. of polygons in the design is 2187705
2026-08-28 18:17:51 +0200: Memory Usage (769308K) : Starting deriving base layers.
2026-08-28 18:17:55 +0200: Memory Usage (929520K) : Total area of the design is 1859250.0 um^2.
2026-08-28 18:17:55 +0200: Memory Usage (929520K) : Starting GF180MCU DRC rules.
2026-08-28 18:17:55 +0200: Memory Usage (929520K) : Running all FEOL rules
2026-08-28 18:17:55 +0200: Memory Usage (929520K) : Running all BEOL rules
2026-08-28 18:17:55 +0200: Memory Usage (929520K) : dummy_comp DRC Total Run time 20.106173718 seconds
28-Aug-2026 18:17:55 | INFO    | Running Global Foundries 180nm MCU /headless/aravindustries-repos/butterfold/butterfold_proto/physical/results/d03_ach_candidate/butterfold_top.gds checks on design esd on cell butterfold_top:
2026-08-28 18:17:56 +0200: Memory Usage (444236K) : Starting running GF180MCU Klayout DRC runset on /headless/aravindustries-repos/butterfold/butterfold_proto/physical/results/d03_ach_candidate/butterfold_top.gds
2026-08-28 18:17:56 +0200: Memory Usage (444236K) : Ruby Version for klayout: 3.2.3
2026-08-28 18:17:57 +0200: Memory Usage (489700K) : Loading database to memory is complete.
2026-08-28 18:17:57 +0200: Memory Usage (489700K) : GF180MCU Klayout DRC runset output at: /headless/aravindustries-repos/butterfold/butterfold_proto/physical/results/d03_ach_candidate/klayout_drc_pgfix/butterfold_top_esd.lyrdb
2026-08-28 18:17:57 +0200: Memory Usage (489700K) : Evaluate switches.
2026-08-28 18:17:57 +0200: Memory Usage (489700K) : table_name selected  esd
2026-08-28 18:17:57 +0200: Memory Usage (489700K) : CONNECTIVITY_RULES enabled: false
2026-08-28 18:17:57 +0200: Memory Usage (489700K) : Wedge enabled: false
2026-08-28 18:17:57 +0200: Memory Usage (489700K) : Ball enabled: false
2026-08-28 18:17:57 +0200: Memory Usage (489700K) : Gold enabled: false
2026-08-28 18:17:57 +0200: Memory Usage (489700K) : MIM Option selected: B
2026-08-28 18:17:57 +0200: Memory Usage (489700K) : Offgrid enabled:  true
2026-08-28 18:17:57 +0200: Memory Usage (489700K) : Number of threads to use 2
2026-08-28 18:17:57 +0200: Memory Usage (489700K) : Verbose mode: false
2026-08-28 18:17:57 +0200: Memory Usage (489700K) : flat  mode is enabled for esd table
2026-08-28 18:17:57 +0200: Memory Usage (489700K) : METAL_TOP Selected is 11K
2026-08-28 18:17:57 +0200: Memory Usage (489700K) : METAL_STACK Selected is 5LM
2026-08-28 18:17:57 +0200: Memory Usage (489700K) : FEOL enabled: true
2026-08-28 18:17:57 +0200: Memory Usage (489700K) : BEOL enabled: true
2026-08-28 18:17:57 +0200: Memory Usage (489700K) : DUMMY enabled: false
2026-08-28 18:17:57 +0200: Memory Usage (489700K) : SLOW_VIA enabled: false
2026-08-28 18:17:57 +0200: Memory Usage (489700K) : Read in polygons from layers.
2026-08-28 18:17:57 +0200: Memory Usage (527500K) : comp has 216638 polygons
2026-08-28 18:17:57 +0200: Memory Usage (527500K) : dnwell has 0 polygons
2026-08-28 18:17:58 +0200: Memory Usage (542692K) : nwell has 422 polygons
2026-08-28 18:17:58 +0200: Memory Usage (542692K) : lvpwell has 307 polygons
2026-08-28 18:17:58 +0200: Memory Usage (553780K) : dualgate has 3 polygons
2026-08-28 18:17:59 +0200: Memory Usage (555016K) : poly2 has 232293 polygons
2026-08-28 18:17:59 +0200: Memory Usage (580472K) : nplus has 1417 polygons
2026-08-28 18:18:00 +0200: Memory Usage (580472K) : pplus has 10152 polygons
2026-08-28 18:18:00 +0200: Memory Usage (580472K) : sab has 0 polygons
2026-08-28 18:18:00 +0200: Memory Usage (580472K) : esd has 0 polygons
2026-08-28 18:18:00 +0200: Memory Usage (580472K) : resistor has 0 polygons
2026-08-28 18:18:00 +0200: Memory Usage (580472K) : fhres has 0 polygons
2026-08-28 18:18:00 +0200: Memory Usage (580472K) : fusetop has 0 polygons
2026-08-28 18:18:00 +0200: Memory Usage (580472K) : fusewindow_d has 0 polygons
2026-08-28 18:18:00 +0200: Memory Usage (580472K) : polyfuse has 0 polygons
2026-08-28 18:18:00 +0200: Memory Usage (580472K) : mvsd has 0 polygons
2026-08-28 18:18:00 +0200: Memory Usage (580472K) : mvpsd has 0 polygons
2026-08-28 18:18:00 +0200: Memory Usage (580472K) : nat has 0 polygons
2026-08-28 18:18:00 +0200: Memory Usage (580472K) : comp_dummy has 0 polygons
2026-08-28 18:18:00 +0200: Memory Usage (580472K) : poly2_dummy has 0 polygons
2026-08-28 18:18:00 +0200: Memory Usage (580472K) : schottky_diode has 0 polygons
2026-08-28 18:18:00 +0200: Memory Usage (580472K) : zener has 0 polygons
2026-08-28 18:18:00 +0200: Memory Usage (580472K) : res_mk has 0 polygons
2026-08-28 18:18:00 +0200: Memory Usage (580472K) : opc_drc has 0 polygons
2026-08-28 18:18:00 +0200: Memory Usage (580472K) : v5_xtor has 3 polygons
2026-08-28 18:18:00 +0200: Memory Usage (580472K) : cap_mk has 0 polygons
2026-08-28 18:18:00 +0200: Memory Usage (580472K) : mos_cap_mk has 0 polygons
2026-08-28 18:18:00 +0200: Memory Usage (580472K) : ind_mk has 0 polygons
2026-08-28 18:18:00 +0200: Memory Usage (580472K) : diode_mk has 26 polygons
2026-08-28 18:18:00 +0200: Memory Usage (580472K) : drc_bjt has 0 polygons
2026-08-28 18:18:00 +0200: Memory Usage (580472K) : lvs_bjt has 0 polygons
2026-08-28 18:18:00 +0200: Memory Usage (580472K) : mim_l_mk has 0 polygons
2026-08-28 18:18:00 +0200: Memory Usage (580472K) : latchup_mk has 0 polygons
2026-08-28 18:18:00 +0200: Memory Usage (580472K) : guard_ring_mk has 0 polygons
2026-08-28 18:18:00 +0200: Memory Usage (580472K) : otp_mk has 0 polygons
2026-08-28 18:18:00 +0200: Memory Usage (580472K) : mtpmark has 0 polygons
2026-08-28 18:18:00 +0200: Memory Usage (580472K) : neo_ee_mk has 0 polygons
2026-08-28 18:18:00 +0200: Memory Usage (580472K) : sramcore has 4 polygons
2026-08-28 18:18:00 +0200: Memory Usage (580472K) : lvs_rf has 0 polygons
2026-08-28 18:18:00 +0200: Memory Usage (580472K) : lvs_drain has 0 polygons
2026-08-28 18:18:00 +0200: Memory Usage (580472K) : ind_mk has 0 polygons
2026-08-28 18:18:00 +0200: Memory Usage (580472K) : hvpolyrs has 0 polygons
2026-08-28 18:18:00 +0200: Memory Usage (580472K) : lvs_io has 0 polygons
2026-08-28 18:18:00 +0200: Memory Usage (580472K) : probe_mk has 0 polygons
2026-08-28 18:18:00 +0200: Memory Usage (580472K) : esd_mk has 0 polygons
2026-08-28 18:18:00 +0200: Memory Usage (580472K) : lvs_source has 0 polygons
2026-08-28 18:18:00 +0200: Memory Usage (580472K) : well_diode_mk has 0 polygons
2026-08-28 18:18:00 +0200: Memory Usage (580472K) : ldmos_xtor has 0 polygons
2026-08-28 18:18:00 +0200: Memory Usage (580472K) : plfuse has 0 polygons
2026-08-28 18:18:00 +0200: Memory Usage (580472K) : efuse_mk has 0 polygons
2026-08-28 18:18:00 +0200: Memory Usage (580472K) : mcell_feol_mk has 0 polygons
2026-08-28 18:18:00 +0200: Memory Usage (580472K) : ymtp_mk has 0 polygons
2026-08-28 18:18:00 +0200: Memory Usage (580472K) : dev_wf_mk has 0 polygons
2026-08-28 18:18:00 +0200: Memory Usage (580472K) : comp_label has 0 polygons
2026-08-28 18:18:00 +0200: Memory Usage (580472K) : poly2_label has 0 polygons
2026-08-28 18:18:00 +0200: Memory Usage (580472K) : mdiode has 0 polygons
2026-08-28 18:18:00 +0200: Memory Usage (580472K) : ndmy has 0 polygons
2026-08-28 18:18:00 +0200: Memory Usage (580472K) : pmndmy has 0 polygons
2026-08-28 18:18:03 +0200: Memory Usage (1070032K) : Construct connectivity for the design.
2026-08-28 18:18:04 +0200: Memory Usage (626108K) : metal1_drawn has 251861 polygons
2026-08-28 18:18:04 +0200: Memory Usage (626108K) : metal1_dummy has 0 polygons
2026-08-28 18:18:04 +0200: Memory Usage (626108K) : metal1_label has 0 polygons
2026-08-28 18:18:04 +0200: Memory Usage (626108K) : metal1_slot has 0 polygons
2026-08-28 18:18:04 +0200: Memory Usage (626108K) : metal1_blk has 0 polygons
2026-08-28 18:18:04 +0200: Memory Usage (632092K) : metal2_drawn has 51071 polygons
2026-08-28 18:18:04 +0200: Memory Usage (632092K) : metal2_dummy has 0 polygons
2026-08-28 18:18:04 +0200: Memory Usage (632092K) : metal2_label has 33 polygons
2026-08-28 18:18:04 +0200: Memory Usage (632092K) : metal2_slot has 0 polygons
2026-08-28 18:18:04 +0200: Memory Usage (632092K) : metal2_blk has 0 polygons
2026-08-28 18:18:04 +0200: Memory Usage (632092K) : metal3_drawn has 25645 polygons
2026-08-28 18:18:04 +0200: Memory Usage (632092K) : metal3_dummy has 0 polygons
2026-08-28 18:18:04 +0200: Memory Usage (632092K) : metal3_label has 0 polygons
2026-08-28 18:18:04 +0200: Memory Usage (632092K) : metal3_slot has 0 polygons
2026-08-28 18:18:04 +0200: Memory Usage (632092K) : metal3_blk has 0 polygons
2026-08-28 18:18:04 +0200: Memory Usage (632092K) : via3 has 12363 polygons
2026-08-28 18:18:04 +0200: Memory Usage (632092K) : metal4_drawn has 2332 polygons
2026-08-28 18:18:04 +0200: Memory Usage (632092K) : metal4_dummy has 0 polygons
2026-08-28 18:18:04 +0200: Memory Usage (632092K) : metal4_label has 0 polygons
2026-08-28 18:18:04 +0200: Memory Usage (632092K) : metal4_slot has 0 polygons
2026-08-28 18:18:04 +0200: Memory Usage (632092K) : metal4_blk has 0 polygons
2026-08-28 18:18:04 +0200: Memory Usage (632092K) : via4 has 2643 polygons
2026-08-28 18:18:04 +0200: Memory Usage (632092K) : metal5_drawn has 491 polygons
2026-08-28 18:18:04 +0200: Memory Usage (632092K) : metal5_dummy has 0 polygons
2026-08-28 18:18:04 +0200: Memory Usage (632092K) : metal5_label has 0 polygons
2026-08-28 18:18:04 +0200: Memory Usage (632092K) : metal5_slot has 0 polygons
2026-08-28 18:18:04 +0200: Memory Usage (632092K) : metal5_blk has 0 polygons
2026-08-28 18:18:04 +0200: Memory Usage (632092K) : pad has 0 polygons
2026-08-28 18:18:04 +0200: Memory Usage (632092K) : ubmpperi has 0 polygons
2026-08-28 18:18:04 +0200: Memory Usage (632092K) : ubmparray has 0 polygons
2026-08-28 18:18:04 +0200: Memory Usage (632092K) : ubmeplate has 0 polygons
2026-08-28 18:18:04 +0200: Memory Usage (632092K) : metal1_res has 0 polygons
2026-08-28 18:18:04 +0200: Memory Usage (632092K) : metal2_res has 0 polygons
2026-08-28 18:18:04 +0200: Memory Usage (632092K) : metal3_res has 0 polygons
2026-08-28 18:18:04 +0200: Memory Usage (632092K) : metal4_res has 0 polygons
2026-08-28 18:18:04 +0200: Memory Usage (632092K) : metal5_res has 0 polygons
2026-08-28 18:18:04 +0200: Memory Usage (632092K) : metal6_res has 0 polygons
2026-08-28 18:18:05 +0200: Memory Usage (632092K) : pr_bndry has 1 polygons
2026-08-28 18:18:05 +0200: Memory Usage (632092K) : border has 0 polygons
2026-08-28 18:18:05 +0200: Memory Usage (632092K) : Total no. of polygons in the design is 807705
2026-08-28 18:18:05 +0200: Memory Usage (632092K) : Starting deriving base layers.
2026-08-28 18:18:06 +0200: Memory Usage (1092240K) : Connectivity rules enabled, Netlist object will be generated.
2026-08-28 18:18:17 +0200: Memory Usage (933432K) : Total area of the design is 1859250.0 um^2.
2026-08-28 18:18:17 +0200: Memory Usage (933432K) : Starting GF180MCU DRC rules.
2026-08-28 18:18:17 +0200: Memory Usage (933432K) : Running all FEOL rules
2026-08-28 18:18:17 +0200: Memory Usage (933432K) : Running all BEOL rules
2026-08-28 18:18:17 +0200: Memory Usage (933432K) : Starting ESD derivations
2026-08-28 18:18:17 +0200: Memory Usage (933648K) : Executing rule ESD.1
2026-08-28 18:18:17 +0200: Memory Usage (933844K) : Executing rule ESD.2
2026-08-28 18:18:17 +0200: Memory Usage (933844K) : Executing rule ESD.3a
2026-08-28 18:18:17 +0200: Memory Usage (933844K) : Executing rule ESD.3b
2026-08-28 18:18:17 +0200: Memory Usage (933844K) : Executing rule ESD.4a
2026-08-28 18:18:17 +0200: Memory Usage (1402004K) : Total area of the design is 1859250.0 um^2.
2026-08-28 18:18:17 +0200: Memory Usage (1402004K) : Starting GF180MCU DRC rules.
2026-08-28 18:18:17 +0200: Memory Usage (1402004K) : Running all FEOL rules
2026-08-28 18:18:17 +0200: Memory Usage (1402004K) : Running all BEOL rules
2026-08-28 18:18:17 +0200: Memory Usage (1402004K) : Starting 10V LDNMOS derivations
2026-08-28 18:18:18 +0200: Memory Usage (948804K) : Executing rule ESD.4b
2026-08-28 18:18:18 +0200: Memory Usage (948804K) : Executing rule ESD.5a
2026-08-28 18:18:18 +0200: Memory Usage (948804K) : Executing rule ESD.5b
2026-08-28 18:18:18 +0200: Memory Usage (948804K) : Executing rule ESD.6
2026-08-28 18:18:18 +0200: Memory Usage (1402004K) : Executing rule MDN.1
2026-08-28 18:18:18 +0200: Memory Usage (1402184K) : CONNECTIVITY_RULES section
2026-08-28 18:18:18 +0200: Memory Usage (1402184K) : Executing rule MDN.2a
2026-08-28 18:18:18 +0200: Memory Usage (1402184K) : Executing rule MDN.2b
2026-08-28 18:18:18 +0200: Memory Usage (1402184K) : Executing rule MDN.3a
2026-08-28 18:18:18 +0200: Memory Usage (1402184K) : Executing rule MDN.3b
2026-08-28 18:18:18 +0200: Memory Usage (1402184K) : Executing rule MDN.4a
2026-08-28 18:18:18 +0200: Memory Usage (1402184K) : Executing rule MDN.4b
2026-08-28 18:18:18 +0200: Memory Usage (1402184K) : Executing rule MDN.5ai
2026-08-28 18:18:18 +0200: Memory Usage (1402184K) : Executing rule MDN.5aii
2026-08-28 18:18:18 +0200: Memory Usage (1402184K) : Executing rule MDN.5b
2026-08-28 18:18:18 +0200: Memory Usage (1402184K) : Executing rule MDN.5c
2026-08-28 18:18:18 +0200: Memory Usage (1402184K) : Executing rule MDN.6
2026-08-28 18:18:18 +0200: Memory Usage (1402184K) : Executing rule MDN.6a
2026-08-28 18:18:18 +0200: Memory Usage (1402184K) : Executing rule MDN.7
2026-08-28 18:18:18 +0200: Memory Usage (1402184K) : Executing rule MDN.7a
2026-08-28 18:18:18 +0200: Memory Usage (1402184K) : CONNECTIVITY_RULES section
2026-08-28 18:18:18 +0200: Memory Usage (1402184K) : Executing rule MDN.8a
2026-08-28 18:18:18 +0200: Memory Usage (1402184K) : Executing rule MDN.8b
2026-08-28 18:18:18 +0200: Memory Usage (1402184K) : Executing rule MDN.9
2026-08-28 18:18:18 +0200: Memory Usage (1402184K) : Executing rule MDN.10a
2026-08-28 18:18:19 +0200: Memory Usage (1411512K) : Executing rule MDN.10b
2026-08-28 18:18:21 +0200: Memory Usage (1413976K) : Executing rule MDN.10c
2026-08-28 18:18:21 +0200: Memory Usage (1413976K) : Executing rule MDN.10d
2026-08-28 18:18:27 +0200: Memory Usage (1246360K) : Executing rule ESD.7
2026-08-28 18:18:27 +0200: Memory Usage (1246360K) : Executing rule ESD.8
2026-08-28 18:18:27 +0200: Memory Usage (1246360K) : Executing rule ESD.pl
2026-08-28 18:18:28 +0200: Memory Usage (1432528K) : Executing rule MDN.10ei
2026-08-28 18:18:28 +0200: Memory Usage (1432528K) : Executing rule MDN.10eii
2026-08-28 18:18:28 +0200: Memory Usage (1246360K) : Executing rule ESD.9
2026-08-28 18:18:28 +0200: Memory Usage (1432528K) : Executing rule MDN.10f
2026-08-28 18:18:28 +0200: Memory Usage (1246360K) : Executing rule ESD.10
2026-08-28 18:18:28 +0200: Memory Usage (1246360K) : esd DRC Total Run time 32.104394356 seconds
2026-08-28 18:18:29 +0200: Memory Usage (1432528K) : Executing rule MDN.11
28-Aug-2026 18:18:29 | INFO    | Running Global Foundries 180nm MCU /headless/aravindustries-repos/butterfold/butterfold_proto/physical/results/d03_ach_candidate/butterfold_top.gds checks on design metaltop_30k on cell butterfold_top:
2026-08-28 18:18:30 +0200: Memory Usage (1432484K) : Executing rule MDN.12
2026-08-28 18:18:30 +0200: Memory Usage (444312K) : Starting running GF180MCU Klayout DRC runset on /headless/aravindustries-repos/butterfold/butterfold_proto/physical/results/d03_ach_candidate/butterfold_top.gds
2026-08-28 18:18:30 +0200: Memory Usage (444312K) : Ruby Version for klayout: 3.2.3
2026-08-28 18:18:31 +0200: Memory Usage (489776K) : Loading database to memory is complete.
2026-08-28 18:18:31 +0200: Memory Usage (489776K) : GF180MCU Klayout DRC runset output at: /headless/aravindustries-repos/butterfold/butterfold_proto/physical/results/d03_ach_candidate/klayout_drc_pgfix/butterfold_top_metaltop_30k.lyrdb
2026-08-28 18:18:31 +0200: Memory Usage (489984K) : Evaluate switches.
2026-08-28 18:18:31 +0200: Memory Usage (489984K) : table_name selected  metaltop_30k
2026-08-28 18:18:31 +0200: Memory Usage (489984K) : CONNECTIVITY_RULES enabled: false
2026-08-28 18:18:31 +0200: Memory Usage (489984K) : Wedge enabled: false
2026-08-28 18:18:31 +0200: Memory Usage (489984K) : Ball enabled: false
2026-08-28 18:18:31 +0200: Memory Usage (489984K) : Gold enabled: false
2026-08-28 18:18:31 +0200: Memory Usage (489984K) : MIM Option selected: B
2026-08-28 18:18:31 +0200: Memory Usage (489984K) : Offgrid enabled:  true
2026-08-28 18:18:31 +0200: Memory Usage (489984K) : Number of threads to use 2
2026-08-28 18:18:31 +0200: Memory Usage (489984K) : Verbose mode: false
2026-08-28 18:18:31 +0200: Memory Usage (489984K) : flat  mode is enabled for metaltop_30k table
2026-08-28 18:18:31 +0200: Memory Usage (489984K) : METAL_TOP Selected is 11K
2026-08-28 18:18:31 +0200: Memory Usage (489984K) : METAL_STACK Selected is 5LM
2026-08-28 18:18:31 +0200: Memory Usage (489984K) : FEOL enabled: true
2026-08-28 18:18:31 +0200: Memory Usage (489984K) : BEOL enabled: true
2026-08-28 18:18:31 +0200: Memory Usage (489984K) : DUMMY enabled: false
2026-08-28 18:18:31 +0200: Memory Usage (489984K) : SLOW_VIA enabled: false
2026-08-28 18:18:31 +0200: Memory Usage (489984K) : Read in polygons from layers.
2026-08-28 18:18:31 +0200: Memory Usage (527504K) : comp has 216638 polygons
2026-08-28 18:18:31 +0200: Memory Usage (527504K) : dnwell has 0 polygons
2026-08-28 18:18:31 +0200: Memory Usage (1432484K) : Executing rule MDN.13a
2026-08-28 18:18:31 +0200: Memory Usage (1432484K) : Executing rule MDN.13b
2026-08-28 18:18:32 +0200: Memory Usage (542820K) : nwell has 422 polygons
2026-08-28 18:18:32 +0200: Memory Usage (542820K) : lvpwell has 307 polygons
2026-08-28 18:18:32 +0200: Memory Usage (553908K) : dualgate has 3 polygons
2026-08-28 18:18:32 +0200: Memory Usage (1432484K) : Executing rule MDN.13c
2026-08-28 18:18:33 +0200: Memory Usage (555224K) : poly2 has 232293 polygons
2026-08-28 18:18:33 +0200: Memory Usage (573580K) : nplus has 1417 polygons
2026-08-28 18:18:34 +0200: Memory Usage (573580K) : pplus has 10152 polygons
2026-08-28 18:18:34 +0200: Memory Usage (573580K) : sab has 0 polygons
2026-08-28 18:18:34 +0200: Memory Usage (573580K) : esd has 0 polygons
2026-08-28 18:18:34 +0200: Memory Usage (573580K) : resistor has 0 polygons
2026-08-28 18:18:34 +0200: Memory Usage (573580K) : fhres has 0 polygons
2026-08-28 18:18:34 +0200: Memory Usage (573580K) : fusetop has 0 polygons
2026-08-28 18:18:34 +0200: Memory Usage (573580K) : fusewindow_d has 0 polygons
2026-08-28 18:18:34 +0200: Memory Usage (573580K) : polyfuse has 0 polygons
2026-08-28 18:18:34 +0200: Memory Usage (573580K) : mvsd has 0 polygons
2026-08-28 18:18:34 +0200: Memory Usage (573580K) : mvpsd has 0 polygons
2026-08-28 18:18:34 +0200: Memory Usage (573580K) : nat has 0 polygons
2026-08-28 18:18:34 +0200: Memory Usage (573580K) : comp_dummy has 0 polygons
2026-08-28 18:18:34 +0200: Memory Usage (573580K) : poly2_dummy has 0 polygons
2026-08-28 18:18:34 +0200: Memory Usage (573580K) : schottky_diode has 0 polygons
2026-08-28 18:18:34 +0200: Memory Usage (573580K) : zener has 0 polygons
2026-08-28 18:18:34 +0200: Memory Usage (573580K) : res_mk has 0 polygons
2026-08-28 18:18:34 +0200: Memory Usage (573580K) : opc_drc has 0 polygons
2026-08-28 18:18:34 +0200: Memory Usage (573580K) : v5_xtor has 3 polygons
2026-08-28 18:18:34 +0200: Memory Usage (573580K) : cap_mk has 0 polygons
2026-08-28 18:18:34 +0200: Memory Usage (573580K) : mos_cap_mk has 0 polygons
2026-08-28 18:18:34 +0200: Memory Usage (573580K) : ind_mk has 0 polygons
2026-08-28 18:18:34 +0200: Memory Usage (573580K) : diode_mk has 26 polygons
2026-08-28 18:18:34 +0200: Memory Usage (573580K) : drc_bjt has 0 polygons
2026-08-28 18:18:34 +0200: Memory Usage (573580K) : lvs_bjt has 0 polygons
2026-08-28 18:18:34 +0200: Memory Usage (573580K) : mim_l_mk has 0 polygons
2026-08-28 18:18:34 +0200: Memory Usage (573580K) : latchup_mk has 0 polygons
2026-08-28 18:18:34 +0200: Memory Usage (573580K) : guard_ring_mk has 0 polygons
2026-08-28 18:18:34 +0200: Memory Usage (573580K) : otp_mk has 0 polygons
2026-08-28 18:18:34 +0200: Memory Usage (573580K) : mtpmark has 0 polygons
2026-08-28 18:18:34 +0200: Memory Usage (573580K) : neo_ee_mk has 0 polygons
2026-08-28 18:18:34 +0200: Memory Usage (1432544K) : Executing rule MDN.13d
2026-08-28 18:18:34 +0200: Memory Usage (573580K) : sramcore has 4 polygons
2026-08-28 18:18:34 +0200: Memory Usage (573580K) : lvs_rf has 0 polygons
2026-08-28 18:18:34 +0200: Memory Usage (573580K) : lvs_drain has 0 polygons
2026-08-28 18:18:34 +0200: Memory Usage (573580K) : ind_mk has 0 polygons
2026-08-28 18:18:34 +0200: Memory Usage (573580K) : hvpolyrs has 0 polygons
2026-08-28 18:18:34 +0200: Memory Usage (573580K) : lvs_io has 0 polygons
2026-08-28 18:18:34 +0200: Memory Usage (573580K) : probe_mk has 0 polygons
2026-08-28 18:18:34 +0200: Memory Usage (573580K) : esd_mk has 0 polygons
2026-08-28 18:18:34 +0200: Memory Usage (573580K) : lvs_source has 0 polygons
2026-08-28 18:18:34 +0200: Memory Usage (573580K) : well_diode_mk has 0 polygons
2026-08-28 18:18:34 +0200: Memory Usage (573580K) : ldmos_xtor has 0 polygons
2026-08-28 18:18:34 +0200: Memory Usage (573580K) : plfuse has 0 polygons
2026-08-28 18:18:34 +0200: Memory Usage (573580K) : efuse_mk has 0 polygons
2026-08-28 18:18:34 +0200: Memory Usage (573580K) : mcell_feol_mk has 0 polygons
2026-08-28 18:18:34 +0200: Memory Usage (573580K) : ymtp_mk has 0 polygons
2026-08-28 18:18:34 +0200: Memory Usage (573580K) : dev_wf_mk has 0 polygons
2026-08-28 18:18:34 +0200: Memory Usage (573580K) : comp_label has 0 polygons
2026-08-28 18:18:34 +0200: Memory Usage (573580K) : poly2_label has 0 polygons
2026-08-28 18:18:34 +0200: Memory Usage (573580K) : mdiode has 0 polygons
2026-08-28 18:18:34 +0200: Memory Usage (573580K) : ndmy has 0 polygons
2026-08-28 18:18:34 +0200: Memory Usage (573580K) : pmndmy has 0 polygons
2026-08-28 18:18:37 +0200: Memory Usage (1432584K) : Executing rule MDN.14
2026-08-28 18:18:37 +0200: Memory Usage (1432584K) : Executing rule MDN.15a
2026-08-28 18:18:37 +0200: Memory Usage (1432584K) : Executing rule MDN.15b
2026-08-28 18:18:37 +0200: Memory Usage (1432584K) : Executing rule MDN.17
2026-08-28 18:18:37 +0200: Memory Usage (1432584K) : ldnmos DRC Total Run time 57.136788742 seconds
2026-08-28 18:18:37 +0200: Memory Usage (626200K) : metal1_drawn has 251861 polygons
2026-08-28 18:18:38 +0200: Memory Usage (626200K) : metal1_dummy has 0 polygons
2026-08-28 18:18:38 +0200: Memory Usage (626200K) : metal1_label has 0 polygons
2026-08-28 18:18:38 +0200: Memory Usage (626200K) : metal1_slot has 0 polygons
2026-08-28 18:18:38 +0200: Memory Usage (626200K) : metal1_blk has 0 polygons
28-Aug-2026 18:18:38 | INFO    | Running Global Foundries 180nm MCU /headless/aravindustries-repos/butterfold/butterfold_proto/physical/results/d03_ach_candidate/butterfold_top.gds checks on design comp on cell butterfold_top:
2026-08-28 18:18:38 +0200: Memory Usage (632536K) : via1 has 96410 polygons
2026-08-28 18:18:38 +0200: Memory Usage (632536K) : metal2_drawn has 51071 polygons
2026-08-28 18:18:38 +0200: Memory Usage (632536K) : metal2_dummy has 0 polygons
2026-08-28 18:18:38 +0200: Memory Usage (632536K) : metal2_label has 33 polygons
2026-08-28 18:18:38 +0200: Memory Usage (632536K) : metal2_slot has 0 polygons
2026-08-28 18:18:38 +0200: Memory Usage (632536K) : metal2_blk has 0 polygons
2026-08-28 18:18:38 +0200: Memory Usage (632536K) : via2 has 93152 polygons
2026-08-28 18:18:39 +0200: Memory Usage (632536K) : metal3_drawn has 25645 polygons
2026-08-28 18:18:39 +0200: Memory Usage (632536K) : metal3_dummy has 0 polygons
2026-08-28 18:18:39 +0200: Memory Usage (632536K) : metal3_label has 0 polygons
2026-08-28 18:18:39 +0200: Memory Usage (632536K) : metal3_slot has 0 polygons
2026-08-28 18:18:39 +0200: Memory Usage (632536K) : metal3_blk has 0 polygons
2026-08-28 18:18:39 +0200: Memory Usage (632536K) : via3 has 12363 polygons
2026-08-28 18:18:39 +0200: Memory Usage (632536K) : metal4_drawn has 2332 polygons
2026-08-28 18:18:39 +0200: Memory Usage (632536K) : metal4_dummy has 0 polygons
2026-08-28 18:18:39 +0200: Memory Usage (632536K) : metal4_label has 0 polygons
2026-08-28 18:18:39 +0200: Memory Usage (632536K) : metal4_slot has 0 polygons
2026-08-28 18:18:39 +0200: Memory Usage (632536K) : metal4_blk has 0 polygons
2026-08-28 18:18:39 +0200: Memory Usage (632536K) : via4 has 2643 polygons
2026-08-28 18:18:39 +0200: Memory Usage (632536K) : metal5_drawn has 491 polygons
2026-08-28 18:18:39 +0200: Memory Usage (632536K) : metal5_dummy has 0 polygons
2026-08-28 18:18:39 +0200: Memory Usage (632536K) : metal5_label has 0 polygons
2026-08-28 18:18:39 +0200: Memory Usage (632536K) : metal5_slot has 0 polygons
2026-08-28 18:18:39 +0200: Memory Usage (632536K) : metal5_blk has 0 polygons
2026-08-28 18:18:39 +0200: Memory Usage (632536K) : pad has 0 polygons
2026-08-28 18:18:39 +0200: Memory Usage (632536K) : ubmpperi has 0 polygons
2026-08-28 18:18:39 +0200: Memory Usage (632536K) : ubmparray has 0 polygons
2026-08-28 18:18:39 +0200: Memory Usage (632536K) : ubmeplate has 0 polygons
2026-08-28 18:18:39 +0200: Memory Usage (632536K) : metal1_res has 0 polygons
2026-08-28 18:18:39 +0200: Memory Usage (632536K) : metal2_res has 0 polygons
2026-08-28 18:18:39 +0200: Memory Usage (632536K) : metal3_res has 0 polygons
2026-08-28 18:18:39 +0200: Memory Usage (632536K) : metal4_res has 0 polygons
2026-08-28 18:18:39 +0200: Memory Usage (632536K) : metal5_res has 0 polygons
2026-08-28 18:18:39 +0200: Memory Usage (632536K) : metal6_res has 0 polygons
2026-08-28 18:18:39 +0200: Memory Usage (444228K) : Starting running GF180MCU Klayout DRC runset on /headless/aravindustries-repos/butterfold/butterfold_proto/physical/results/d03_ach_candidate/butterfold_top.gds
2026-08-28 18:18:39 +0200: Memory Usage (444228K) : Ruby Version for klayout: 3.2.3
2026-08-28 18:18:39 +0200: Memory Usage (632536K) : pr_bndry has 1 polygons
2026-08-28 18:18:39 +0200: Memory Usage (632536K) : border has 0 polygons
2026-08-28 18:18:39 +0200: Memory Usage (632536K) : Total no. of polygons in the design is 997267
2026-08-28 18:18:39 +0200: Memory Usage (632536K) : Starting deriving base layers.
2026-08-28 18:18:39 +0200: Memory Usage (489772K) : Loading database to memory is complete.
2026-08-28 18:18:39 +0200: Memory Usage (489772K) : GF180MCU Klayout DRC runset output at: /headless/aravindustries-repos/butterfold/butterfold_proto/physical/results/d03_ach_candidate/klayout_drc_pgfix/butterfold_top_comp.lyrdb
2026-08-28 18:18:39 +0200: Memory Usage (489964K) : Evaluate switches.
2026-08-28 18:18:39 +0200: Memory Usage (489964K) : table_name selected  comp
2026-08-28 18:18:39 +0200: Memory Usage (489964K) : CONNECTIVITY_RULES enabled: false
2026-08-28 18:18:39 +0200: Memory Usage (489964K) : Wedge enabled: false
2026-08-28 18:18:39 +0200: Memory Usage (489964K) : Ball enabled: false
2026-08-28 18:18:39 +0200: Memory Usage (489964K) : Gold enabled: false
2026-08-28 18:18:39 +0200: Memory Usage (489964K) : MIM Option selected: B
2026-08-28 18:18:39 +0200: Memory Usage (489964K) : Offgrid enabled:  true
2026-08-28 18:18:39 +0200: Memory Usage (489964K) : Number of threads to use 2
2026-08-28 18:18:39 +0200: Memory Usage (489964K) : Verbose mode: false
2026-08-28 18:18:39 +0200: Memory Usage (489964K) : flat  mode is enabled for comp table
2026-08-28 18:18:39 +0200: Memory Usage (489964K) : METAL_TOP Selected is 11K
2026-08-28 18:18:39 +0200: Memory Usage (489964K) : METAL_STACK Selected is 5LM
2026-08-28 18:18:39 +0200: Memory Usage (489964K) : FEOL enabled: true
2026-08-28 18:18:39 +0200: Memory Usage (489964K) : BEOL enabled: true
2026-08-28 18:18:39 +0200: Memory Usage (489964K) : DUMMY enabled: false
2026-08-28 18:18:39 +0200: Memory Usage (489964K) : SLOW_VIA enabled: false
2026-08-28 18:18:39 +0200: Memory Usage (489964K) : Read in polygons from layers.
2026-08-28 18:18:40 +0200: Memory Usage (527352K) : comp has 216638 polygons
2026-08-28 18:18:40 +0200: Memory Usage (527352K) : dnwell has 0 polygons
2026-08-28 18:18:40 +0200: Memory Usage (542668K) : nwell has 422 polygons
2026-08-28 18:18:40 +0200: Memory Usage (542668K) : lvpwell has 307 polygons
2026-08-28 18:18:40 +0200: Memory Usage (553756K) : dualgate has 3 polygons
2026-08-28 18:18:41 +0200: Memory Usage (555024K) : poly2 has 232293 polygons
2026-08-28 18:18:42 +0200: Memory Usage (580436K) : nplus has 1417 polygons
2026-08-28 18:18:42 +0200: Memory Usage (580436K) : pplus has 10152 polygons
2026-08-28 18:18:42 +0200: Memory Usage (580436K) : sab has 0 polygons
2026-08-28 18:18:42 +0200: Memory Usage (580436K) : esd has 0 polygons
2026-08-28 18:18:42 +0200: Memory Usage (580436K) : resistor has 0 polygons
2026-08-28 18:18:42 +0200: Memory Usage (580436K) : fhres has 0 polygons
2026-08-28 18:18:42 +0200: Memory Usage (580436K) : fusetop has 0 polygons
2026-08-28 18:18:42 +0200: Memory Usage (580436K) : fusewindow_d has 0 polygons
2026-08-28 18:18:42 +0200: Memory Usage (580436K) : polyfuse has 0 polygons
2026-08-28 18:18:42 +0200: Memory Usage (580436K) : mvsd has 0 polygons
2026-08-28 18:18:42 +0200: Memory Usage (580436K) : mvpsd has 0 polygons
2026-08-28 18:18:42 +0200: Memory Usage (580436K) : nat has 0 polygons
2026-08-28 18:18:42 +0200: Memory Usage (580436K) : comp_dummy has 0 polygons
2026-08-28 18:18:42 +0200: Memory Usage (580436K) : poly2_dummy has 0 polygons
2026-08-28 18:18:42 +0200: Memory Usage (580436K) : schottky_diode has 0 polygons
2026-08-28 18:18:42 +0200: Memory Usage (580436K) : zener has 0 polygons
2026-08-28 18:18:42 +0200: Memory Usage (580436K) : res_mk has 0 polygons
2026-08-28 18:18:42 +0200: Memory Usage (580436K) : opc_drc has 0 polygons
2026-08-28 18:18:42 +0200: Memory Usage (580436K) : v5_xtor has 3 polygons
2026-08-28 18:18:42 +0200: Memory Usage (580436K) : cap_mk has 0 polygons
2026-08-28 18:18:42 +0200: Memory Usage (580436K) : mos_cap_mk has 0 polygons
2026-08-28 18:18:42 +0200: Memory Usage (580436K) : ind_mk has 0 polygons
2026-08-28 18:18:42 +0200: Memory Usage (580436K) : diode_mk has 26 polygons
2026-08-28 18:18:42 +0200: Memory Usage (580436K) : drc_bjt has 0 polygons
2026-08-28 18:18:42 +0200: Memory Usage (580436K) : lvs_bjt has 0 polygons
2026-08-28 18:18:42 +0200: Memory Usage (580436K) : mim_l_mk has 0 polygons
2026-08-28 18:18:42 +0200: Memory Usage (580436K) : latchup_mk has 0 polygons
2026-08-28 18:18:42 +0200: Memory Usage (580436K) : guard_ring_mk has 0 polygons
2026-08-28 18:18:42 +0200: Memory Usage (580436K) : otp_mk has 0 polygons
2026-08-28 18:18:42 +0200: Memory Usage (580436K) : mtpmark has 0 polygons
2026-08-28 18:18:42 +0200: Memory Usage (580436K) : neo_ee_mk has 0 polygons
2026-08-28 18:18:42 +0200: Memory Usage (580436K) : sramcore has 4 polygons
2026-08-28 18:18:42 +0200: Memory Usage (580436K) : lvs_rf has 0 polygons
2026-08-28 18:18:42 +0200: Memory Usage (580436K) : lvs_drain has 0 polygons
2026-08-28 18:18:42 +0200: Memory Usage (580436K) : ind_mk has 0 polygons
2026-08-28 18:18:42 +0200: Memory Usage (580436K) : hvpolyrs has 0 polygons
2026-08-28 18:18:42 +0200: Memory Usage (580436K) : lvs_io has 0 polygons
2026-08-28 18:18:42 +0200: Memory Usage (580436K) : probe_mk has 0 polygons
2026-08-28 18:18:42 +0200: Memory Usage (580436K) : esd_mk has 0 polygons
2026-08-28 18:18:42 +0200: Memory Usage (580436K) : lvs_source has 0 polygons
2026-08-28 18:18:42 +0200: Memory Usage (580436K) : well_diode_mk has 0 polygons
2026-08-28 18:18:42 +0200: Memory Usage (580436K) : ldmos_xtor has 0 polygons
2026-08-28 18:18:42 +0200: Memory Usage (580436K) : plfuse has 0 polygons
2026-08-28 18:18:42 +0200: Memory Usage (580436K) : efuse_mk has 0 polygons
2026-08-28 18:18:42 +0200: Memory Usage (580436K) : mcell_feol_mk has 0 polygons
2026-08-28 18:18:42 +0200: Memory Usage (580436K) : ymtp_mk has 0 polygons
2026-08-28 18:18:42 +0200: Memory Usage (580436K) : dev_wf_mk has 0 polygons
2026-08-28 18:18:42 +0200: Memory Usage (580436K) : comp_label has 0 polygons
2026-08-28 18:18:42 +0200: Memory Usage (580436K) : poly2_label has 0 polygons
2026-08-28 18:18:42 +0200: Memory Usage (580436K) : mdiode has 0 polygons
2026-08-28 18:18:42 +0200: Memory Usage (580436K) : ndmy has 0 polygons
2026-08-28 18:18:42 +0200: Memory Usage (580436K) : pmndmy has 0 polygons
2026-08-28 18:18:46 +0200: Memory Usage (626228K) : metal1_drawn has 251861 polygons
2026-08-28 18:18:46 +0200: Memory Usage (626228K) : metal1_dummy has 0 polygons
2026-08-28 18:18:46 +0200: Memory Usage (626228K) : metal1_label has 0 polygons
2026-08-28 18:18:46 +0200: Memory Usage (626228K) : metal1_slot has 0 polygons
2026-08-28 18:18:46 +0200: Memory Usage (626228K) : metal1_blk has 0 polygons
2026-08-28 18:18:46 +0200: Memory Usage (632212K) : metal2_drawn has 51071 polygons
2026-08-28 18:18:46 +0200: Memory Usage (632212K) : metal2_dummy has 0 polygons
2026-08-28 18:18:46 +0200: Memory Usage (632212K) : metal2_label has 33 polygons
2026-08-28 18:18:46 +0200: Memory Usage (632212K) : metal2_slot has 0 polygons
2026-08-28 18:18:46 +0200: Memory Usage (632212K) : metal2_blk has 0 polygons
2026-08-28 18:18:46 +0200: Memory Usage (632212K) : metal3_drawn has 25645 polygons
2026-08-28 18:18:46 +0200: Memory Usage (632212K) : metal3_dummy has 0 polygons
2026-08-28 18:18:46 +0200: Memory Usage (632212K) : metal3_label has 0 polygons
2026-08-28 18:18:46 +0200: Memory Usage (632212K) : metal3_slot has 0 polygons
2026-08-28 18:18:46 +0200: Memory Usage (632212K) : metal3_blk has 0 polygons
2026-08-28 18:18:46 +0200: Memory Usage (632212K) : via3 has 12363 polygons
2026-08-28 18:18:46 +0200: Memory Usage (632212K) : metal4_drawn has 2332 polygons
2026-08-28 18:18:46 +0200: Memory Usage (632212K) : metal4_dummy has 0 polygons
2026-08-28 18:18:46 +0200: Memory Usage (632212K) : metal4_label has 0 polygons
2026-08-28 18:18:46 +0200: Memory Usage (632212K) : metal4_slot has 0 polygons
2026-08-28 18:18:46 +0200: Memory Usage (632212K) : metal4_blk has 0 polygons
2026-08-28 18:18:46 +0200: Memory Usage (632212K) : via4 has 2643 polygons
2026-08-28 18:18:46 +0200: Memory Usage (632212K) : metal5_drawn has 491 polygons
2026-08-28 18:18:46 +0200: Memory Usage (632212K) : metal5_dummy has 0 polygons
2026-08-28 18:18:46 +0200: Memory Usage (632212K) : metal5_label has 0 polygons
2026-08-28 18:18:46 +0200: Memory Usage (632212K) : metal5_slot has 0 polygons
2026-08-28 18:18:46 +0200: Memory Usage (632212K) : metal5_blk has 0 polygons
2026-08-28 18:18:46 +0200: Memory Usage (632212K) : pad has 0 polygons
2026-08-28 18:18:46 +0200: Memory Usage (632212K) : ubmpperi has 0 polygons
2026-08-28 18:18:46 +0200: Memory Usage (632212K) : ubmparray has 0 polygons
2026-08-28 18:18:46 +0200: Memory Usage (632212K) : ubmeplate has 0 polygons
2026-08-28 18:18:46 +0200: Memory Usage (632212K) : metal1_res has 0 polygons
2026-08-28 18:18:46 +0200: Memory Usage (632212K) : metal2_res has 0 polygons
2026-08-28 18:18:46 +0200: Memory Usage (632212K) : metal3_res has 0 polygons
2026-08-28 18:18:46 +0200: Memory Usage (632212K) : metal4_res has 0 polygons
2026-08-28 18:18:46 +0200: Memory Usage (632212K) : metal5_res has 0 polygons
2026-08-28 18:18:46 +0200: Memory Usage (632212K) : metal6_res has 0 polygons
2026-08-28 18:18:47 +0200: Memory Usage (632212K) : pr_bndry has 1 polygons
2026-08-28 18:18:47 +0200: Memory Usage (632212K) : border has 0 polygons
2026-08-28 18:18:47 +0200: Memory Usage (632212K) : Total no. of polygons in the design is 807705
2026-08-28 18:18:47 +0200: Memory Usage (632212K) : Starting deriving base layers.
2026-08-28 18:18:51 +0200: Memory Usage (955256K) : Total area of the design is 1859250.0 um^2.
2026-08-28 18:18:51 +0200: Memory Usage (955256K) : Starting GF180MCU DRC rules.
2026-08-28 18:18:51 +0200: Memory Usage (955256K) : Running all FEOL rules
2026-08-28 18:18:51 +0200: Memory Usage (955256K) : Running all BEOL rules
2026-08-28 18:18:51 +0200: Memory Usage (955256K) : metaltop_30k DRC Total Run time 20.697855532 seconds
28-Aug-2026 18:18:52 | INFO    | Running Global Foundries 180nm MCU /headless/aravindustries-repos/butterfold/butterfold_proto/physical/results/d03_ach_candidate/butterfold_top.gds checks on design nplus on cell butterfold_top:
2026-08-28 18:18:53 +0200: Memory Usage (443716K) : Starting running GF180MCU Klayout DRC runset on /headless/aravindustries-repos/butterfold/butterfold_proto/physical/results/d03_ach_candidate/butterfold_top.gds
2026-08-28 18:18:53 +0200: Memory Usage (443716K) : Ruby Version for klayout: 3.2.3
2026-08-28 18:18:53 +0200: Memory Usage (489148K) : Loading database to memory is complete.
2026-08-28 18:18:53 +0200: Memory Usage (489148K) : GF180MCU Klayout DRC runset output at: /headless/aravindustries-repos/butterfold/butterfold_proto/physical/results/d03_ach_candidate/klayout_drc_pgfix/butterfold_top_nplus.lyrdb
2026-08-28 18:18:53 +0200: Memory Usage (489148K) : Evaluate switches.
2026-08-28 18:18:53 +0200: Memory Usage (489148K) : table_name selected  nplus
2026-08-28 18:18:53 +0200: Memory Usage (489148K) : CONNECTIVITY_RULES enabled: false
2026-08-28 18:18:53 +0200: Memory Usage (489148K) : Wedge enabled: false
2026-08-28 18:18:53 +0200: Memory Usage (489148K) : Ball enabled: false
2026-08-28 18:18:53 +0200: Memory Usage (489148K) : Gold enabled: false
2026-08-28 18:18:53 +0200: Memory Usage (489148K) : MIM Option selected: B
2026-08-28 18:18:53 +0200: Memory Usage (489148K) : Offgrid enabled:  true
2026-08-28 18:18:53 +0200: Memory Usage (489148K) : Number of threads to use 2
2026-08-28 18:18:53 +0200: Memory Usage (489148K) : Verbose mode: false
2026-08-28 18:18:53 +0200: Memory Usage (489148K) : flat  mode is enabled for nplus table
2026-08-28 18:18:53 +0200: Memory Usage (489148K) : METAL_TOP Selected is 11K
2026-08-28 18:18:53 +0200: Memory Usage (489148K) : METAL_STACK Selected is 5LM
2026-08-28 18:18:53 +0200: Memory Usage (489148K) : FEOL enabled: true
2026-08-28 18:18:53 +0200: Memory Usage (489148K) : BEOL enabled: true
2026-08-28 18:18:53 +0200: Memory Usage (489148K) : DUMMY enabled: false
2026-08-28 18:18:53 +0200: Memory Usage (489148K) : SLOW_VIA enabled: false
2026-08-28 18:18:53 +0200: Memory Usage (489148K) : Read in polygons from layers.
2026-08-28 18:18:54 +0200: Memory Usage (526660K) : comp has 216638 polygons
2026-08-28 18:18:54 +0200: Memory Usage (526660K) : dnwell has 0 polygons
2026-08-28 18:18:54 +0200: Memory Usage (541976K) : nwell has 422 polygons
2026-08-28 18:18:54 +0200: Memory Usage (541976K) : lvpwell has 307 polygons
2026-08-28 18:18:54 +0200: Memory Usage (553064K) : dualgate has 3 polygons
2026-08-28 18:18:55 +0200: Memory Usage (554320K) : poly2 has 232293 polygons
2026-08-28 18:18:56 +0200: Memory Usage (579916K) : nplus has 1417 polygons
2026-08-28 18:18:56 +0200: Memory Usage (579916K) : pplus has 10152 polygons
2026-08-28 18:18:56 +0200: Memory Usage (579916K) : sab has 0 polygons
2026-08-28 18:18:56 +0200: Memory Usage (579916K) : esd has 0 polygons
2026-08-28 18:18:56 +0200: Memory Usage (579916K) : resistor has 0 polygons
2026-08-28 18:18:56 +0200: Memory Usage (579916K) : fhres has 0 polygons
2026-08-28 18:18:56 +0200: Memory Usage (579916K) : fusetop has 0 polygons
2026-08-28 18:18:56 +0200: Memory Usage (579916K) : fusewindow_d has 0 polygons
2026-08-28 18:18:56 +0200: Memory Usage (579916K) : polyfuse has 0 polygons
2026-08-28 18:18:56 +0200: Memory Usage (579916K) : mvsd has 0 polygons
2026-08-28 18:18:56 +0200: Memory Usage (579916K) : mvpsd has 0 polygons
2026-08-28 18:18:56 +0200: Memory Usage (579916K) : nat has 0 polygons
2026-08-28 18:18:56 +0200: Memory Usage (579916K) : comp_dummy has 0 polygons
2026-08-28 18:18:56 +0200: Memory Usage (579916K) : poly2_dummy has 0 polygons
2026-08-28 18:18:56 +0200: Memory Usage (579916K) : schottky_diode has 0 polygons
2026-08-28 18:18:56 +0200: Memory Usage (579916K) : zener has 0 polygons
2026-08-28 18:18:56 +0200: Memory Usage (579916K) : res_mk has 0 polygons
2026-08-28 18:18:56 +0200: Memory Usage (579916K) : opc_drc has 0 polygons
2026-08-28 18:18:56 +0200: Memory Usage (579916K) : v5_xtor has 3 polygons
2026-08-28 18:18:56 +0200: Memory Usage (579916K) : cap_mk has 0 polygons
2026-08-28 18:18:56 +0200: Memory Usage (579916K) : mos_cap_mk has 0 polygons
2026-08-28 18:18:56 +0200: Memory Usage (579916K) : ind_mk has 0 polygons
2026-08-28 18:18:56 +0200: Memory Usage (579916K) : diode_mk has 26 polygons
2026-08-28 18:18:56 +0200: Memory Usage (579916K) : drc_bjt has 0 polygons
2026-08-28 18:18:56 +0200: Memory Usage (579916K) : lvs_bjt has 0 polygons
2026-08-28 18:18:56 +0200: Memory Usage (579916K) : mim_l_mk has 0 polygons
2026-08-28 18:18:56 +0200: Memory Usage (579916K) : latchup_mk has 0 polygons
2026-08-28 18:18:56 +0200: Memory Usage (579916K) : guard_ring_mk has 0 polygons
2026-08-28 18:18:56 +0200: Memory Usage (579916K) : otp_mk has 0 polygons
2026-08-28 18:18:56 +0200: Memory Usage (579916K) : mtpmark has 0 polygons
2026-08-28 18:18:56 +0200: Memory Usage (579916K) : neo_ee_mk has 0 polygons
2026-08-28 18:18:56 +0200: Memory Usage (579916K) : sramcore has 4 polygons
2026-08-28 18:18:56 +0200: Memory Usage (579916K) : lvs_rf has 0 polygons
2026-08-28 18:18:56 +0200: Memory Usage (579916K) : lvs_drain has 0 polygons
2026-08-28 18:18:56 +0200: Memory Usage (579916K) : ind_mk has 0 polygons
2026-08-28 18:18:56 +0200: Memory Usage (579916K) : hvpolyrs has 0 polygons
2026-08-28 18:18:56 +0200: Memory Usage (579916K) : lvs_io has 0 polygons
2026-08-28 18:18:56 +0200: Memory Usage (579916K) : probe_mk has 0 polygons
2026-08-28 18:18:56 +0200: Memory Usage (579916K) : esd_mk has 0 polygons
2026-08-28 18:18:56 +0200: Memory Usage (579916K) : lvs_source has 0 polygons
2026-08-28 18:18:56 +0200: Memory Usage (579916K) : well_diode_mk has 0 polygons
2026-08-28 18:18:56 +0200: Memory Usage (579916K) : ldmos_xtor has 0 polygons
2026-08-28 18:18:56 +0200: Memory Usage (579916K) : plfuse has 0 polygons
2026-08-28 18:18:56 +0200: Memory Usage (579916K) : efuse_mk has 0 polygons
2026-08-28 18:18:56 +0200: Memory Usage (579916K) : mcell_feol_mk has 0 polygons
2026-08-28 18:18:56 +0200: Memory Usage (579916K) : ymtp_mk has 0 polygons
2026-08-28 18:18:56 +0200: Memory Usage (579916K) : dev_wf_mk has 0 polygons
2026-08-28 18:18:56 +0200: Memory Usage (579916K) : comp_label has 0 polygons
2026-08-28 18:18:56 +0200: Memory Usage (579916K) : poly2_label has 0 polygons
2026-08-28 18:18:56 +0200: Memory Usage (579916K) : mdiode has 0 polygons
2026-08-28 18:18:56 +0200: Memory Usage (579916K) : ndmy has 0 polygons
2026-08-28 18:18:56 +0200: Memory Usage (579916K) : pmndmy has 0 polygons
2026-08-28 18:18:59 +0200: Memory Usage (929288K) : Total area of the design is 1859250.0 um^2.
2026-08-28 18:18:59 +0200: Memory Usage (929288K) : Starting GF180MCU DRC rules.
2026-08-28 18:18:59 +0200: Memory Usage (929288K) : Running all FEOL rules
2026-08-28 18:18:59 +0200: Memory Usage (929288K) : Running all BEOL rules
2026-08-28 18:18:59 +0200: Memory Usage (929288K) : Starting comp derivations
2026-08-28 18:19:00 +0200: Memory Usage (625496K) : metal1_drawn has 251861 polygons
2026-08-28 18:19:00 +0200: Memory Usage (625496K) : metal1_dummy has 0 polygons
2026-08-28 18:19:00 +0200: Memory Usage (625496K) : metal1_label has 0 polygons
2026-08-28 18:19:00 +0200: Memory Usage (625496K) : metal1_slot has 0 polygons
2026-08-28 18:19:00 +0200: Memory Usage (625496K) : metal1_blk has 0 polygons
2026-08-28 18:19:00 +0200: Memory Usage (625496K) : metal2_drawn has 51071 polygons
2026-08-28 18:19:00 +0200: Memory Usage (625496K) : metal2_dummy has 0 polygons
2026-08-28 18:19:00 +0200: Memory Usage (625496K) : metal2_label has 33 polygons
2026-08-28 18:19:00 +0200: Memory Usage (625496K) : metal2_slot has 0 polygons
2026-08-28 18:19:00 +0200: Memory Usage (625496K) : metal2_blk has 0 polygons
2026-08-28 18:19:00 +0200: Memory Usage (625496K) : metal3_drawn has 25645 polygons
2026-08-28 18:19:00 +0200: Memory Usage (625496K) : metal3_dummy has 0 polygons
2026-08-28 18:19:00 +0200: Memory Usage (625496K) : metal3_label has 0 polygons
2026-08-28 18:19:00 +0200: Memory Usage (625496K) : metal3_slot has 0 polygons
2026-08-28 18:19:00 +0200: Memory Usage (625496K) : metal3_blk has 0 polygons
2026-08-28 18:19:01 +0200: Memory Usage (625496K) : via3 has 12363 polygons
2026-08-28 18:19:01 +0200: Memory Usage (625496K) : metal4_drawn has 2332 polygons
2026-08-28 18:19:01 +0200: Memory Usage (625496K) : metal4_dummy has 0 polygons
2026-08-28 18:19:01 +0200: Memory Usage (625496K) : metal4_label has 0 polygons
2026-08-28 18:19:01 +0200: Memory Usage (625496K) : metal4_slot has 0 polygons
2026-08-28 18:19:01 +0200: Memory Usage (625496K) : metal4_blk has 0 polygons
2026-08-28 18:19:01 +0200: Memory Usage (625496K) : via4 has 2643 polygons
2026-08-28 18:19:01 +0200: Memory Usage (625496K) : metal5_drawn has 491 polygons
2026-08-28 18:19:01 +0200: Memory Usage (625496K) : metal5_dummy has 0 polygons
2026-08-28 18:19:01 +0200: Memory Usage (625496K) : metal5_label has 0 polygons
2026-08-28 18:19:01 +0200: Memory Usage (625496K) : metal5_slot has 0 polygons
2026-08-28 18:19:01 +0200: Memory Usage (625496K) : metal5_blk has 0 polygons
2026-08-28 18:19:01 +0200: Memory Usage (625496K) : pad has 0 polygons
2026-08-28 18:19:01 +0200: Memory Usage (625496K) : ubmpperi has 0 polygons
2026-08-28 18:19:01 +0200: Memory Usage (625496K) : ubmparray has 0 polygons
2026-08-28 18:19:01 +0200: Memory Usage (625496K) : ubmeplate has 0 polygons
2026-08-28 18:19:01 +0200: Memory Usage (625496K) : metal1_res has 0 polygons
2026-08-28 18:19:01 +0200: Memory Usage (625496K) : metal2_res has 0 polygons
2026-08-28 18:19:01 +0200: Memory Usage (625496K) : metal3_res has 0 polygons
2026-08-28 18:19:01 +0200: Memory Usage (625496K) : metal4_res has 0 polygons
2026-08-28 18:19:01 +0200: Memory Usage (625496K) : metal5_res has 0 polygons
2026-08-28 18:19:01 +0200: Memory Usage (625496K) : metal6_res has 0 polygons
2026-08-28 18:19:01 +0200: Memory Usage (625496K) : pr_bndry has 1 polygons
2026-08-28 18:19:01 +0200: Memory Usage (625496K) : border has 0 polygons
2026-08-28 18:19:01 +0200: Memory Usage (625496K) : Total no. of polygons in the design is 807705
2026-08-28 18:19:01 +0200: Memory Usage (625496K) : Starting deriving base layers.
2026-08-28 18:19:03 +0200: Memory Usage (1038224K) : Executing rule DF.1a_LV
2026-08-28 18:19:03 +0200: Memory Usage (1038416K) : Executing rule DF.1a_MV
2026-08-28 18:19:03 +0200: Memory Usage (1038416K) : Executing rule DF.1c
2026-08-28 18:19:03 +0200: Memory Usage (1038416K) : Executing rule DF.2a_LV
2026-08-28 18:19:03 +0200: Memory Usage (1038416K) : Executing rule DF.2a_MV
2026-08-28 18:19:11 +0200: Memory Usage (1053976K) : Executing rule DF.2b
2026-08-28 18:19:11 +0200: Memory Usage (1053976K) : Executing rule DF.3a_LV
2026-08-28 18:19:11 +0200: Memory Usage (1053976K) : Executing rule DF.3a_MV
2026-08-28 18:19:12 +0200: Memory Usage (1054392K) : Executing rule DF.3b
2026-08-28 18:19:12 +0200: Memory Usage (1054392K) : Executing rule DF.3c_LV
2026-08-28 18:19:12 +0200: Memory Usage (1054392K) : Executing rule DF.3c_MV
2026-08-28 18:19:12 +0200: Memory Usage (1054392K) : Executing rule DF.4a_LV
2026-08-28 18:19:12 +0200: Memory Usage (1054392K) : Executing rule DF.4a_MV
2026-08-28 18:19:12 +0200: Memory Usage (1054392K) : Executing rule DF.4b_LV
2026-08-28 18:19:12 +0200: Memory Usage (1054392K) : Executing rule DF.4b_MV
2026-08-28 18:19:12 +0200: Memory Usage (1054392K) : Executing rule DF.4c_LV
2026-08-28 18:19:12 +0200: Memory Usage (1054392K) : Executing rule DF.4c_MV
2026-08-28 18:19:12 +0200: Memory Usage (1054392K) : Executing rule DF.4d_LV
2026-08-28 18:19:12 +0200: Memory Usage (1054392K) : Executing rule DF.4d_MV
2026-08-28 18:19:12 +0200: Memory Usage (1054392K) : Executing rule DF.4e_LV
2026-08-28 18:19:12 +0200: Memory Usage (1054392K) : Executing rule DF.4e_MV
2026-08-28 18:19:12 +0200: Memory Usage (1054392K) : Executing rule DF.5_LV
2026-08-28 18:19:12 +0200: Memory Usage (1054392K) : Executing rule DF.5_MV
2026-08-28 18:19:12 +0200: Memory Usage (1054392K) : Executing rule DF.6_LV
2026-08-28 18:19:13 +0200: Memory Usage (931820K) : Total area of the design is 1859250.0 um^2.
2026-08-28 18:19:13 +0200: Memory Usage (931820K) : Starting GF180MCU DRC rules.
2026-08-28 18:19:13 +0200: Memory Usage (931820K) : Running all FEOL rules
2026-08-28 18:19:13 +0200: Memory Usage (931820K) : Running all BEOL rules
2026-08-28 18:19:13 +0200: Memory Usage (931820K) : Starting NPLUS derivations
2026-08-28 18:19:13 +0200: Memory Usage (932172K) : Executing rule NP.1
2026-08-28 18:19:14 +0200: Memory Usage (932348K) : Executing rule NP.2
2026-08-28 18:19:14 +0200: Memory Usage (932724K) : Executing rule NP.3a
2026-08-28 18:19:14 +0200: Memory Usage (932724K) : Executing rule NP.3bi
2026-08-28 18:19:14 +0200: Memory Usage (932724K) : Executing rule NP.3bii
2026-08-28 18:19:14 +0200: Memory Usage (932724K) : Executing rule NP.3ci
2026-08-28 18:19:15 +0200: Memory Usage (938356K) : Executing rule NP.3cii
2026-08-28 18:19:15 +0200: Memory Usage (944164K) : Executing rule NP.3d
2026-08-28 18:19:15 +0200: Memory Usage (959652K) : Executing rule NP.3e
2026-08-28 18:19:16 +0200: Memory Usage (959652K) : Executing rule NP.4a
2026-08-28 18:19:16 +0200: Memory Usage (1152444K) : Executing rule DF.6_MV
2026-08-28 18:19:18 +0200: Memory Usage (1152444K) : Executing rule DF.7_LV
2026-08-28 18:19:18 +0200: Memory Usage (1152444K) : Executing rule DF.7_MV
2026-08-28 18:19:18 +0200: Memory Usage (1152444K) : Executing rule DF.8_LV
2026-08-28 18:19:18 +0200: Memory Usage (1152444K) : Executing rule DF.8_MV
2026-08-28 18:19:18 +0200: Memory Usage (1152444K) : Executing rule DF.9
2026-08-28 18:19:18 +0200: Memory Usage (1152444K) : Executing rule DF.10
2026-08-28 18:19:18 +0200: Memory Usage (1155276K) : Executing rule DF.11
2026-08-28 18:19:18 +0200: Memory Usage (1155276K) : Executing rule DF.12
2026-08-28 18:19:19 +0200: Memory Usage (1156156K) : Preparations for rule DF.13_LV and DF.13_MV
2026-08-28 18:19:20 +0200: Memory Usage (1156156K) : Executing rule DF.13_LV
2026-08-28 18:19:21 +0200: Memory Usage (1156156K) : Executing rule DF.13_MV
2026-08-28 18:19:21 +0200: Memory Usage (1054504K) : Executing rule NP.4b
2026-08-28 18:19:22 +0200: Memory Usage (1054504K) : Executing rule NP.5a
2026-08-28 18:19:22 +0200: Memory Usage (1156156K) : Executing rule DF.14_LV
2026-08-28 18:19:23 +0200: Memory Usage (1156156K) : Executing rule DF.14_MV
2026-08-28 18:19:25 +0200: Memory Usage (1054504K) : Executing rule PP.5b
2026-08-28 18:19:26 +0200: Memory Usage (1054504K) : Executing rule NP.5ci
2026-08-28 18:19:26 +0200: Memory Usage (987852K) : Executing rule NP.5cii
2026-08-28 18:19:27 +0200: Memory Usage (987852K) : Executing rule NP.5di
2026-08-28 18:19:27 +0200: Memory Usage (1156156K) : Executing rule DF.16_LV
2026-08-28 18:19:27 +0200: Memory Usage (1156156K) : Executing rule DF.16_MV
2026-08-28 18:19:27 +0200: Memory Usage (987852K) : Executing rule NP.5dii
2026-08-28 18:19:27 +0200: Memory Usage (987852K) : Executing rule NP.6
2026-08-28 18:19:28 +0200: Memory Usage (1156156K) : Executing rule DF.17_LV
2026-08-28 18:19:28 +0200: Memory Usage (1156156K) : Executing rule DF.17_MV
2026-08-28 18:19:28 +0200: Memory Usage (1156156K) : Executing rule DF.18
2026-08-28 18:19:28 +0200: Memory Usage (1156156K) : Executing rule DF.19_LV
2026-08-28 18:19:28 +0200: Memory Usage (1156156K) : Executing rule DF.19_MV
2026-08-28 18:19:29 +0200: Memory Usage (1156156K) : comp DRC Total Run time 50.216531243 seconds
28-Aug-2026 18:19:30 | INFO    | Running Global Foundries 180nm MCU /headless/aravindustries-repos/butterfold/butterfold_proto/physical/results/d03_ach_candidate/butterfold_top.gds checks on design dummy_metal3 on cell butterfold_top:
2026-08-28 18:19:30 +0200: Memory Usage (1006824K) : Executing rule NP.7
2026-08-28 18:19:30 +0200: Memory Usage (1006824K) : Executing rule NP.8a
2026-08-28 18:19:30 +0200: Memory Usage (1006824K) : Executing rule NP.8b
2026-08-28 18:19:30 +0200: Memory Usage (1006824K) : Executing rule NP.9
2026-08-28 18:19:30 +0200: Memory Usage (1006824K) : Executing rule NP.10
2026-08-28 18:19:30 +0200: Memory Usage (1006824K) : Executing rule NP.11
2026-08-28 18:19:30 +0200: Memory Usage (1006824K) : Executing rule NP.12
2026-08-28 18:19:31 +0200: Memory Usage (443396K) : Starting running GF180MCU Klayout DRC runset on /headless/aravindustries-repos/butterfold/butterfold_proto/physical/results/d03_ach_candidate/butterfold_top.gds
2026-08-28 18:19:31 +0200: Memory Usage (443396K) : Ruby Version for klayout: 3.2.3
2026-08-28 18:19:31 +0200: Memory Usage (489088K) : Loading database to memory is complete.
2026-08-28 18:19:31 +0200: Memory Usage (489088K) : GF180MCU Klayout DRC runset output at: /headless/aravindustries-repos/butterfold/butterfold_proto/physical/results/d03_ach_candidate/klayout_drc_pgfix/butterfold_top_dummy_metal3.lyrdb
2026-08-28 18:19:31 +0200: Memory Usage (489088K) : Evaluate switches.
2026-08-28 18:19:31 +0200: Memory Usage (489088K) : table_name selected  dummy_metal3
2026-08-28 18:19:31 +0200: Memory Usage (489088K) : CONNECTIVITY_RULES enabled: false
2026-08-28 18:19:31 +0200: Memory Usage (489088K) : Wedge enabled: false
2026-08-28 18:19:31 +0200: Memory Usage (489088K) : Ball enabled: false
2026-08-28 18:19:31 +0200: Memory Usage (489088K) : Gold enabled: false
2026-08-28 18:19:31 +0200: Memory Usage (489088K) : MIM Option selected: B
2026-08-28 18:19:31 +0200: Memory Usage (489088K) : Offgrid enabled:  true
2026-08-28 18:19:31 +0200: Memory Usage (489088K) : Number of threads to use 2
2026-08-28 18:19:31 +0200: Memory Usage (489088K) : Verbose mode: false
2026-08-28 18:19:31 +0200: Memory Usage (489088K) : flat  mode is enabled for dummy_metal3 table
2026-08-28 18:19:31 +0200: Memory Usage (489088K) : METAL_TOP Selected is 11K
2026-08-28 18:19:31 +0200: Memory Usage (489088K) : METAL_STACK Selected is 5LM
2026-08-28 18:19:31 +0200: Memory Usage (489088K) : FEOL enabled: true
2026-08-28 18:19:31 +0200: Memory Usage (489088K) : BEOL enabled: true
2026-08-28 18:19:31 +0200: Memory Usage (489088K) : DUMMY enabled: false
2026-08-28 18:19:31 +0200: Memory Usage (489088K) : SLOW_VIA enabled: false
2026-08-28 18:19:31 +0200: Memory Usage (489088K) : Read in polygons from layers.
2026-08-28 18:19:32 +0200: Memory Usage (526904K) : comp has 216638 polygons
2026-08-28 18:19:32 +0200: Memory Usage (526904K) : dnwell has 0 polygons
2026-08-28 18:19:32 +0200: Memory Usage (542296K) : nwell has 422 polygons
2026-08-28 18:19:32 +0200: Memory Usage (542296K) : lvpwell has 307 polygons
2026-08-28 18:19:32 +0200: Memory Usage (553384K) : dualgate has 3 polygons
2026-08-28 18:19:33 +0200: Memory Usage (554616K) : poly2 has 232293 polygons
2026-08-28 18:19:34 +0200: Memory Usage (572848K) : nplus has 1417 polygons
2026-08-28 18:19:34 +0200: Memory Usage (1041724K) : nplus DRC Total Run time 41.029891221 seconds
2026-08-28 18:19:34 +0200: Memory Usage (572848K) : pplus has 10152 polygons
2026-08-28 18:19:34 +0200: Memory Usage (572848K) : sab has 0 polygons
2026-08-28 18:19:34 +0200: Memory Usage (572848K) : esd has 0 polygons
2026-08-28 18:19:34 +0200: Memory Usage (572848K) : resistor has 0 polygons
2026-08-28 18:19:34 +0200: Memory Usage (572848K) : fhres has 0 polygons
2026-08-28 18:19:34 +0200: Memory Usage (572848K) : fusetop has 0 polygons
2026-08-28 18:19:34 +0200: Memory Usage (572848K) : fusewindow_d has 0 polygons
2026-08-28 18:19:34 +0200: Memory Usage (572848K) : polyfuse has 0 polygons
2026-08-28 18:19:34 +0200: Memory Usage (572848K) : mvsd has 0 polygons
2026-08-28 18:19:34 +0200: Memory Usage (572848K) : mvpsd has 0 polygons
2026-08-28 18:19:34 +0200: Memory Usage (572848K) : nat has 0 polygons
2026-08-28 18:19:34 +0200: Memory Usage (572848K) : comp_dummy has 0 polygons
2026-08-28 18:19:34 +0200: Memory Usage (572848K) : poly2_dummy has 0 polygons
2026-08-28 18:19:34 +0200: Memory Usage (572848K) : schottky_diode has 0 polygons
2026-08-28 18:19:34 +0200: Memory Usage (572848K) : zener has 0 polygons
2026-08-28 18:19:34 +0200: Memory Usage (572848K) : res_mk has 0 polygons
2026-08-28 18:19:34 +0200: Memory Usage (572848K) : opc_drc has 0 polygons
2026-08-28 18:19:34 +0200: Memory Usage (572848K) : v5_xtor has 3 polygons
2026-08-28 18:19:34 +0200: Memory Usage (572848K) : cap_mk has 0 polygons
2026-08-28 18:19:34 +0200: Memory Usage (572848K) : mos_cap_mk has 0 polygons
2026-08-28 18:19:34 +0200: Memory Usage (572848K) : ind_mk has 0 polygons
2026-08-28 18:19:34 +0200: Memory Usage (572848K) : diode_mk has 26 polygons
2026-08-28 18:19:34 +0200: Memory Usage (572848K) : drc_bjt has 0 polygons
2026-08-28 18:19:34 +0200: Memory Usage (572848K) : lvs_bjt has 0 polygons
2026-08-28 18:19:34 +0200: Memory Usage (572848K) : mim_l_mk has 0 polygons
2026-08-28 18:19:34 +0200: Memory Usage (572848K) : latchup_mk has 0 polygons
2026-08-28 18:19:34 +0200: Memory Usage (572848K) : guard_ring_mk has 0 polygons
2026-08-28 18:19:34 +0200: Memory Usage (572848K) : otp_mk has 0 polygons
2026-08-28 18:19:34 +0200: Memory Usage (572848K) : mtpmark has 0 polygons
2026-08-28 18:19:34 +0200: Memory Usage (572848K) : neo_ee_mk has 0 polygons
28-Aug-2026 18:19:34 | INFO    | Running Global Foundries 180nm MCU /headless/aravindustries-repos/butterfold/butterfold_proto/physical/results/d03_ach_candidate/butterfold_top.gds checks on design poly2 on cell butterfold_top:
2026-08-28 18:19:34 +0200: Memory Usage (572848K) : sramcore has 4 polygons
2026-08-28 18:19:34 +0200: Memory Usage (572848K) : lvs_rf has 0 polygons
2026-08-28 18:19:34 +0200: Memory Usage (572848K) : lvs_drain has 0 polygons
2026-08-28 18:19:34 +0200: Memory Usage (572848K) : ind_mk has 0 polygons
2026-08-28 18:19:34 +0200: Memory Usage (572848K) : hvpolyrs has 0 polygons
2026-08-28 18:19:34 +0200: Memory Usage (572848K) : lvs_io has 0 polygons
2026-08-28 18:19:34 +0200: Memory Usage (572848K) : probe_mk has 0 polygons
2026-08-28 18:19:34 +0200: Memory Usage (572848K) : esd_mk has 0 polygons
2026-08-28 18:19:34 +0200: Memory Usage (572848K) : lvs_source has 0 polygons
2026-08-28 18:19:34 +0200: Memory Usage (572848K) : well_diode_mk has 0 polygons
2026-08-28 18:19:34 +0200: Memory Usage (572848K) : ldmos_xtor has 0 polygons
2026-08-28 18:19:34 +0200: Memory Usage (572848K) : plfuse has 0 polygons
2026-08-28 18:19:34 +0200: Memory Usage (572848K) : efuse_mk has 0 polygons
2026-08-28 18:19:34 +0200: Memory Usage (572848K) : mcell_feol_mk has 0 polygons
2026-08-28 18:19:34 +0200: Memory Usage (572848K) : ymtp_mk has 0 polygons
2026-08-28 18:19:34 +0200: Memory Usage (572848K) : dev_wf_mk has 0 polygons
2026-08-28 18:19:34 +0200: Memory Usage (572848K) : comp_label has 0 polygons
2026-08-28 18:19:34 +0200: Memory Usage (572848K) : poly2_label has 0 polygons
2026-08-28 18:19:34 +0200: Memory Usage (572848K) : mdiode has 0 polygons
2026-08-28 18:19:34 +0200: Memory Usage (572848K) : ndmy has 0 polygons
2026-08-28 18:19:34 +0200: Memory Usage (572848K) : pmndmy has 0 polygons
2026-08-28 18:19:36 +0200: Memory Usage (444324K) : Starting running GF180MCU Klayout DRC runset on /headless/aravindustries-repos/butterfold/butterfold_proto/physical/results/d03_ach_candidate/butterfold_top.gds
2026-08-28 18:19:36 +0200: Memory Usage (444324K) : Ruby Version for klayout: 3.2.3
2026-08-28 18:19:36 +0200: Memory Usage (489772K) : Loading database to memory is complete.
2026-08-28 18:19:36 +0200: Memory Usage (489772K) : GF180MCU Klayout DRC runset output at: /headless/aravindustries-repos/butterfold/butterfold_proto/physical/results/d03_ach_candidate/klayout_drc_pgfix/butterfold_top_poly2.lyrdb
2026-08-28 18:19:36 +0200: Memory Usage (489980K) : Evaluate switches.
2026-08-28 18:19:36 +0200: Memory Usage (489980K) : table_name selected  poly2
2026-08-28 18:19:36 +0200: Memory Usage (489980K) : CONNECTIVITY_RULES enabled: false
2026-08-28 18:19:36 +0200: Memory Usage (489980K) : Wedge enabled: false
2026-08-28 18:19:36 +0200: Memory Usage (489980K) : Ball enabled: false
2026-08-28 18:19:36 +0200: Memory Usage (489980K) : Gold enabled: false
2026-08-28 18:19:36 +0200: Memory Usage (489980K) : MIM Option selected: B
2026-08-28 18:19:36 +0200: Memory Usage (489980K) : Offgrid enabled:  true
2026-08-28 18:19:36 +0200: Memory Usage (489980K) : Number of threads to use 2
2026-08-28 18:19:36 +0200: Memory Usage (489980K) : Verbose mode: false
2026-08-28 18:19:36 +0200: Memory Usage (489980K) : flat  mode is enabled for poly2 table
2026-08-28 18:19:36 +0200: Memory Usage (489980K) : METAL_TOP Selected is 11K
2026-08-28 18:19:36 +0200: Memory Usage (489980K) : METAL_STACK Selected is 5LM
2026-08-28 18:19:36 +0200: Memory Usage (489980K) : FEOL enabled: true
2026-08-28 18:19:36 +0200: Memory Usage (489980K) : BEOL enabled: true
2026-08-28 18:19:36 +0200: Memory Usage (489980K) : DUMMY enabled: false
2026-08-28 18:19:36 +0200: Memory Usage (489980K) : SLOW_VIA enabled: false
2026-08-28 18:19:36 +0200: Memory Usage (489980K) : Read in polygons from layers.
2026-08-28 18:19:36 +0200: Memory Usage (527512K) : comp has 216638 polygons
2026-08-28 18:19:37 +0200: Memory Usage (527512K) : dnwell has 0 polygons
2026-08-28 18:19:37 +0200: Memory Usage (542828K) : nwell has 422 polygons
2026-08-28 18:19:37 +0200: Memory Usage (542828K) : lvpwell has 307 polygons
2026-08-28 18:19:37 +0200: Memory Usage (553916K) : dualgate has 3 polygons
2026-08-28 18:19:38 +0200: Memory Usage (625652K) : metal1_drawn has 251861 polygons
2026-08-28 18:19:38 +0200: Memory Usage (625652K) : metal1_dummy has 0 polygons
2026-08-28 18:19:38 +0200: Memory Usage (625652K) : metal1_label has 0 polygons
2026-08-28 18:19:38 +0200: Memory Usage (625652K) : metal1_slot has 0 polygons
2026-08-28 18:19:38 +0200: Memory Usage (625652K) : metal1_blk has 0 polygons
2026-08-28 18:19:38 +0200: Memory Usage (555240K) : poly2 has 232293 polygons
2026-08-28 18:19:38 +0200: Memory Usage (631636K) : metal2_drawn has 51071 polygons
2026-08-28 18:19:38 +0200: Memory Usage (631636K) : metal2_dummy has 0 polygons
2026-08-28 18:19:38 +0200: Memory Usage (631636K) : metal2_label has 33 polygons
2026-08-28 18:19:38 +0200: Memory Usage (631636K) : metal2_slot has 0 polygons
2026-08-28 18:19:38 +0200: Memory Usage (631636K) : metal2_blk has 0 polygons
2026-08-28 18:19:38 +0200: Memory Usage (631636K) : metal3_drawn has 25645 polygons
2026-08-28 18:19:38 +0200: Memory Usage (631636K) : metal3_dummy has 0 polygons
2026-08-28 18:19:38 +0200: Memory Usage (631636K) : metal3_label has 0 polygons
2026-08-28 18:19:38 +0200: Memory Usage (631636K) : metal3_slot has 0 polygons
2026-08-28 18:19:38 +0200: Memory Usage (631636K) : metal3_blk has 0 polygons
2026-08-28 18:19:39 +0200: Memory Usage (573528K) : nplus has 1417 polygons
2026-08-28 18:19:39 +0200: Memory Usage (631636K) : via3 has 12363 polygons
2026-08-28 18:19:39 +0200: Memory Usage (631636K) : metal4_drawn has 2332 polygons
2026-08-28 18:19:39 +0200: Memory Usage (631636K) : metal4_dummy has 0 polygons
2026-08-28 18:19:39 +0200: Memory Usage (631636K) : metal4_label has 0 polygons
2026-08-28 18:19:39 +0200: Memory Usage (631636K) : metal4_slot has 0 polygons
2026-08-28 18:19:39 +0200: Memory Usage (631636K) : metal4_blk has 0 polygons
2026-08-28 18:19:39 +0200: Memory Usage (631636K) : via4 has 2643 polygons
2026-08-28 18:19:39 +0200: Memory Usage (631636K) : metal5_drawn has 491 polygons
2026-08-28 18:19:39 +0200: Memory Usage (631636K) : metal5_dummy has 0 polygons
2026-08-28 18:19:39 +0200: Memory Usage (631636K) : metal5_label has 0 polygons
2026-08-28 18:19:39 +0200: Memory Usage (631636K) : metal5_slot has 0 polygons
2026-08-28 18:19:39 +0200: Memory Usage (631636K) : metal5_blk has 0 polygons
2026-08-28 18:19:39 +0200: Memory Usage (631636K) : pad has 0 polygons
2026-08-28 18:19:39 +0200: Memory Usage (631636K) : ubmpperi has 0 polygons
2026-08-28 18:19:39 +0200: Memory Usage (631636K) : ubmparray has 0 polygons
2026-08-28 18:19:39 +0200: Memory Usage (631636K) : ubmeplate has 0 polygons
2026-08-28 18:19:39 +0200: Memory Usage (631636K) : metal1_res has 0 polygons
2026-08-28 18:19:39 +0200: Memory Usage (631636K) : metal2_res has 0 polygons
2026-08-28 18:19:39 +0200: Memory Usage (631636K) : metal3_res has 0 polygons
2026-08-28 18:19:39 +0200: Memory Usage (631636K) : metal4_res has 0 polygons
2026-08-28 18:19:39 +0200: Memory Usage (631636K) : metal5_res has 0 polygons
2026-08-28 18:19:39 +0200: Memory Usage (631636K) : metal6_res has 0 polygons
2026-08-28 18:19:39 +0200: Memory Usage (573528K) : pplus has 10152 polygons
2026-08-28 18:19:39 +0200: Memory Usage (573528K) : sab has 0 polygons
2026-08-28 18:19:39 +0200: Memory Usage (573528K) : esd has 0 polygons
2026-08-28 18:19:39 +0200: Memory Usage (573528K) : resistor has 0 polygons
2026-08-28 18:19:39 +0200: Memory Usage (573528K) : fhres has 0 polygons
2026-08-28 18:19:39 +0200: Memory Usage (573528K) : fusetop has 0 polygons
2026-08-28 18:19:39 +0200: Memory Usage (573528K) : fusewindow_d has 0 polygons
2026-08-28 18:19:39 +0200: Memory Usage (573528K) : polyfuse has 0 polygons
2026-08-28 18:19:39 +0200: Memory Usage (573528K) : mvsd has 0 polygons
2026-08-28 18:19:39 +0200: Memory Usage (573528K) : mvpsd has 0 polygons
2026-08-28 18:19:39 +0200: Memory Usage (573528K) : nat has 0 polygons
2026-08-28 18:19:39 +0200: Memory Usage (573528K) : comp_dummy has 0 polygons
2026-08-28 18:19:39 +0200: Memory Usage (573528K) : poly2_dummy has 0 polygons
2026-08-28 18:19:39 +0200: Memory Usage (573528K) : schottky_diode has 0 polygons
2026-08-28 18:19:39 +0200: Memory Usage (573528K) : zener has 0 polygons
2026-08-28 18:19:39 +0200: Memory Usage (573528K) : res_mk has 0 polygons
2026-08-28 18:19:39 +0200: Memory Usage (573528K) : opc_drc has 0 polygons
2026-08-28 18:19:39 +0200: Memory Usage (631636K) : pr_bndry has 1 polygons
2026-08-28 18:19:39 +0200: Memory Usage (631636K) : border has 0 polygons
2026-08-28 18:19:39 +0200: Memory Usage (631636K) : Total no. of polygons in the design is 807705
2026-08-28 18:19:39 +0200: Memory Usage (631636K) : Starting deriving base layers.
2026-08-28 18:19:39 +0200: Memory Usage (573528K) : v5_xtor has 3 polygons
2026-08-28 18:19:39 +0200: Memory Usage (573528K) : cap_mk has 0 polygons
2026-08-28 18:19:39 +0200: Memory Usage (573528K) : mos_cap_mk has 0 polygons
2026-08-28 18:19:39 +0200: Memory Usage (573528K) : ind_mk has 0 polygons
2026-08-28 18:19:39 +0200: Memory Usage (573528K) : diode_mk has 26 polygons
2026-08-28 18:19:39 +0200: Memory Usage (573528K) : drc_bjt has 0 polygons
2026-08-28 18:19:39 +0200: Memory Usage (573528K) : lvs_bjt has 0 polygons
2026-08-28 18:19:39 +0200: Memory Usage (573528K) : mim_l_mk has 0 polygons
2026-08-28 18:19:39 +0200: Memory Usage (573528K) : latchup_mk has 0 polygons
2026-08-28 18:19:39 +0200: Memory Usage (573528K) : guard_ring_mk has 0 polygons
2026-08-28 18:19:39 +0200: Memory Usage (573528K) : otp_mk has 0 polygons
2026-08-28 18:19:39 +0200: Memory Usage (573528K) : mtpmark has 0 polygons
2026-08-28 18:19:39 +0200: Memory Usage (573528K) : neo_ee_mk has 0 polygons
2026-08-28 18:19:39 +0200: Memory Usage (573528K) : sramcore has 4 polygons
2026-08-28 18:19:39 +0200: Memory Usage (573528K) : lvs_rf has 0 polygons
2026-08-28 18:19:39 +0200: Memory Usage (573528K) : lvs_drain has 0 polygons
2026-08-28 18:19:39 +0200: Memory Usage (573528K) : ind_mk has 0 polygons
2026-08-28 18:19:39 +0200: Memory Usage (573528K) : hvpolyrs has 0 polygons
2026-08-28 18:19:39 +0200: Memory Usage (573528K) : lvs_io has 0 polygons
2026-08-28 18:19:39 +0200: Memory Usage (573528K) : probe_mk has 0 polygons
2026-08-28 18:19:39 +0200: Memory Usage (573528K) : esd_mk has 0 polygons
2026-08-28 18:19:39 +0200: Memory Usage (573528K) : lvs_source has 0 polygons
2026-08-28 18:19:39 +0200: Memory Usage (573528K) : well_diode_mk has 0 polygons
2026-08-28 18:19:39 +0200: Memory Usage (573528K) : ldmos_xtor has 0 polygons
2026-08-28 18:19:39 +0200: Memory Usage (573528K) : plfuse has 0 polygons
2026-08-28 18:19:39 +0200: Memory Usage (573528K) : efuse_mk has 0 polygons
2026-08-28 18:19:39 +0200: Memory Usage (573528K) : mcell_feol_mk has 0 polygons
2026-08-28 18:19:39 +0200: Memory Usage (573528K) : ymtp_mk has 0 polygons
2026-08-28 18:19:39 +0200: Memory Usage (573528K) : dev_wf_mk has 0 polygons
2026-08-28 18:19:39 +0200: Memory Usage (573528K) : comp_label has 0 polygons
2026-08-28 18:19:39 +0200: Memory Usage (573528K) : poly2_label has 0 polygons
2026-08-28 18:19:39 +0200: Memory Usage (573528K) : mdiode has 0 polygons
2026-08-28 18:19:39 +0200: Memory Usage (573528K) : ndmy has 0 polygons
2026-08-28 18:19:39 +0200: Memory Usage (573528K) : pmndmy has 0 polygons
2026-08-28 18:19:43 +0200: Memory Usage (626256K) : metal1_drawn has 251861 polygons
2026-08-28 18:19:43 +0200: Memory Usage (626256K) : metal1_dummy has 0 polygons
2026-08-28 18:19:43 +0200: Memory Usage (626256K) : metal1_label has 0 polygons
2026-08-28 18:19:43 +0200: Memory Usage (626256K) : metal1_slot has 0 polygons
2026-08-28 18:19:43 +0200: Memory Usage (626256K) : metal1_blk has 0 polygons
2026-08-28 18:19:43 +0200: Memory Usage (632240K) : metal2_drawn has 51071 polygons
2026-08-28 18:19:43 +0200: Memory Usage (632240K) : metal2_dummy has 0 polygons
2026-08-28 18:19:43 +0200: Memory Usage (632240K) : metal2_label has 33 polygons
2026-08-28 18:19:43 +0200: Memory Usage (632240K) : metal2_slot has 0 polygons
2026-08-28 18:19:43 +0200: Memory Usage (632240K) : metal2_blk has 0 polygons
2026-08-28 18:19:43 +0200: Memory Usage (632240K) : metal3_drawn has 25645 polygons
2026-08-28 18:19:43 +0200: Memory Usage (632240K) : metal3_dummy has 0 polygons
2026-08-28 18:19:43 +0200: Memory Usage (632240K) : metal3_label has 0 polygons
2026-08-28 18:19:43 +0200: Memory Usage (632240K) : metal3_slot has 0 polygons
2026-08-28 18:19:43 +0200: Memory Usage (632240K) : metal3_blk has 0 polygons
2026-08-28 18:19:43 +0200: Memory Usage (632240K) : via3 has 12363 polygons
2026-08-28 18:19:43 +0200: Memory Usage (632240K) : metal4_drawn has 2332 polygons
2026-08-28 18:19:43 +0200: Memory Usage (632240K) : metal4_dummy has 0 polygons
2026-08-28 18:19:43 +0200: Memory Usage (632240K) : metal4_label has 0 polygons
2026-08-28 18:19:43 +0200: Memory Usage (632240K) : metal4_slot has 0 polygons
2026-08-28 18:19:43 +0200: Memory Usage (632240K) : metal4_blk has 0 polygons
2026-08-28 18:19:43 +0200: Memory Usage (632240K) : via4 has 2643 polygons
2026-08-28 18:19:43 +0200: Memory Usage (632240K) : metal5_drawn has 491 polygons
2026-08-28 18:19:43 +0200: Memory Usage (632240K) : metal5_dummy has 0 polygons
2026-08-28 18:19:43 +0200: Memory Usage (632240K) : metal5_label has 0 polygons
2026-08-28 18:19:43 +0200: Memory Usage (632240K) : metal5_slot has 0 polygons
2026-08-28 18:19:43 +0200: Memory Usage (632240K) : metal5_blk has 0 polygons
2026-08-28 18:19:43 +0200: Memory Usage (632240K) : pad has 0 polygons
2026-08-28 18:19:43 +0200: Memory Usage (632240K) : ubmpperi has 0 polygons
2026-08-28 18:19:43 +0200: Memory Usage (632240K) : ubmparray has 0 polygons
2026-08-28 18:19:43 +0200: Memory Usage (632240K) : ubmeplate has 0 polygons
2026-08-28 18:19:43 +0200: Memory Usage (632240K) : metal1_res has 0 polygons
2026-08-28 18:19:43 +0200: Memory Usage (632240K) : metal2_res has 0 polygons
2026-08-28 18:19:43 +0200: Memory Usage (632240K) : metal3_res has 0 polygons
2026-08-28 18:19:43 +0200: Memory Usage (632240K) : metal4_res has 0 polygons
2026-08-28 18:19:43 +0200: Memory Usage (632240K) : metal5_res has 0 polygons
2026-08-28 18:19:43 +0200: Memory Usage (632240K) : metal6_res has 0 polygons
2026-08-28 18:19:44 +0200: Memory Usage (632240K) : pr_bndry has 1 polygons
2026-08-28 18:19:44 +0200: Memory Usage (632240K) : border has 0 polygons
2026-08-28 18:19:44 +0200: Memory Usage (632240K) : Total no. of polygons in the design is 807705
2026-08-28 18:19:44 +0200: Memory Usage (632240K) : Starting deriving base layers.
2026-08-28 18:19:51 +0200: Memory Usage (932740K) : Total area of the design is 1859250.0 um^2.
2026-08-28 18:19:51 +0200: Memory Usage (932740K) : Starting GF180MCU DRC rules.
2026-08-28 18:19:51 +0200: Memory Usage (932740K) : Running all FEOL rules
2026-08-28 18:19:51 +0200: Memory Usage (932740K) : Running all BEOL rules
2026-08-28 18:19:51 +0200: Memory Usage (932740K) : dummy_metal3 DRC Total Run time 20.04083128 seconds
28-Aug-2026 18:19:51 | INFO    | Running Global Foundries 180nm MCU /headless/aravindustries-repos/butterfold/butterfold_proto/physical/results/d03_ach_candidate/butterfold_top.gds checks on design via5 on cell butterfold_top:
2026-08-28 18:19:53 +0200: Memory Usage (443580K) : Starting running GF180MCU Klayout DRC runset on /headless/aravindustries-repos/butterfold/butterfold_proto/physical/results/d03_ach_candidate/butterfold_top.gds
2026-08-28 18:19:53 +0200: Memory Usage (443580K) : Ruby Version for klayout: 3.2.3
2026-08-28 18:19:53 +0200: Memory Usage (489212K) : Loading database to memory is complete.
2026-08-28 18:19:53 +0200: Memory Usage (489212K) : GF180MCU Klayout DRC runset output at: /headless/aravindustries-repos/butterfold/butterfold_proto/physical/results/d03_ach_candidate/klayout_drc_pgfix/butterfold_top_via5.lyrdb
2026-08-28 18:19:53 +0200: Memory Usage (489212K) : Evaluate switches.
2026-08-28 18:19:53 +0200: Memory Usage (489212K) : table_name selected  via5
2026-08-28 18:19:53 +0200: Memory Usage (489212K) : CONNECTIVITY_RULES enabled: false
2026-08-28 18:19:53 +0200: Memory Usage (489212K) : Wedge enabled: false
2026-08-28 18:19:53 +0200: Memory Usage (489212K) : Ball enabled: false
2026-08-28 18:19:53 +0200: Memory Usage (489212K) : Gold enabled: false
2026-08-28 18:19:53 +0200: Memory Usage (489212K) : MIM Option selected: B
2026-08-28 18:19:53 +0200: Memory Usage (489212K) : Offgrid enabled:  true
2026-08-28 18:19:53 +0200: Memory Usage (489212K) : Number of threads to use 2
2026-08-28 18:19:53 +0200: Memory Usage (489212K) : Verbose mode: false
2026-08-28 18:19:53 +0200: Memory Usage (489212K) : flat  mode is enabled for via5 table
2026-08-28 18:19:53 +0200: Memory Usage (489212K) : METAL_TOP Selected is 11K
2026-08-28 18:19:53 +0200: Memory Usage (489212K) : METAL_STACK Selected is 5LM
2026-08-28 18:19:53 +0200: Memory Usage (489212K) : FEOL enabled: true
2026-08-28 18:19:53 +0200: Memory Usage (489212K) : BEOL enabled: true
2026-08-28 18:19:53 +0200: Memory Usage (489212K) : DUMMY enabled: false
2026-08-28 18:19:53 +0200: Memory Usage (489212K) : SLOW_VIA enabled: false
2026-08-28 18:19:53 +0200: Memory Usage (489212K) : Read in polygons from layers.
2026-08-28 18:19:53 +0200: Memory Usage (526952K) : comp has 216638 polygons
2026-08-28 18:19:53 +0200: Memory Usage (526952K) : dnwell has 0 polygons
2026-08-28 18:19:54 +0200: Memory Usage (542268K) : nwell has 422 polygons
2026-08-28 18:19:54 +0200: Memory Usage (542268K) : lvpwell has 307 polygons
2026-08-28 18:19:54 +0200: Memory Usage (553356K) : dualgate has 3 polygons
2026-08-28 18:19:55 +0200: Memory Usage (554588K) : poly2 has 232293 polygons
2026-08-28 18:19:55 +0200: Memory Usage (572876K) : nplus has 1417 polygons
2026-08-28 18:19:56 +0200: Memory Usage (933552K) : Total area of the design is 1859250.0 um^2.
2026-08-28 18:19:56 +0200: Memory Usage (933552K) : Starting GF180MCU DRC rules.
2026-08-28 18:19:56 +0200: Memory Usage (933552K) : Running all FEOL rules
2026-08-28 18:19:56 +0200: Memory Usage (933552K) : Running all BEOL rules
2026-08-28 18:19:56 +0200: Memory Usage (933552K) : Starting POLY2 derivations
2026-08-28 18:19:56 +0200: Memory Usage (572876K) : pplus has 10152 polygons
2026-08-28 18:19:56 +0200: Memory Usage (572876K) : sab has 0 polygons
2026-08-28 18:19:56 +0200: Memory Usage (572876K) : esd has 0 polygons
2026-08-28 18:19:56 +0200: Memory Usage (572876K) : resistor has 0 polygons
2026-08-28 18:19:56 +0200: Memory Usage (572876K) : fhres has 0 polygons
2026-08-28 18:19:56 +0200: Memory Usage (572876K) : fusetop has 0 polygons
2026-08-28 18:19:56 +0200: Memory Usage (572876K) : fusewindow_d has 0 polygons
2026-08-28 18:19:56 +0200: Memory Usage (572876K) : polyfuse has 0 polygons
2026-08-28 18:19:56 +0200: Memory Usage (572876K) : mvsd has 0 polygons
2026-08-28 18:19:56 +0200: Memory Usage (572876K) : mvpsd has 0 polygons
2026-08-28 18:19:56 +0200: Memory Usage (572876K) : nat has 0 polygons
2026-08-28 18:19:56 +0200: Memory Usage (572876K) : comp_dummy has 0 polygons
2026-08-28 18:19:56 +0200: Memory Usage (572876K) : poly2_dummy has 0 polygons
2026-08-28 18:19:56 +0200: Memory Usage (572876K) : schottky_diode has 0 polygons
2026-08-28 18:19:56 +0200: Memory Usage (572876K) : zener has 0 polygons
2026-08-28 18:19:56 +0200: Memory Usage (572876K) : res_mk has 0 polygons
2026-08-28 18:19:56 +0200: Memory Usage (572876K) : opc_drc has 0 polygons
2026-08-28 18:19:56 +0200: Memory Usage (572876K) : v5_xtor has 3 polygons
2026-08-28 18:19:56 +0200: Memory Usage (572876K) : cap_mk has 0 polygons
2026-08-28 18:19:56 +0200: Memory Usage (572876K) : mos_cap_mk has 0 polygons
2026-08-28 18:19:56 +0200: Memory Usage (572876K) : ind_mk has 0 polygons
2026-08-28 18:19:56 +0200: Memory Usage (572876K) : diode_mk has 26 polygons
2026-08-28 18:19:56 +0200: Memory Usage (572876K) : drc_bjt has 0 polygons
2026-08-28 18:19:56 +0200: Memory Usage (572876K) : lvs_bjt has 0 polygons
2026-08-28 18:19:56 +0200: Memory Usage (572876K) : mim_l_mk has 0 polygons
2026-08-28 18:19:56 +0200: Memory Usage (572876K) : latchup_mk has 0 polygons
2026-08-28 18:19:56 +0200: Memory Usage (572876K) : guard_ring_mk has 0 polygons
2026-08-28 18:19:56 +0200: Memory Usage (572876K) : otp_mk has 0 polygons
2026-08-28 18:19:56 +0200: Memory Usage (572876K) : mtpmark has 0 polygons
2026-08-28 18:19:56 +0200: Memory Usage (572876K) : neo_ee_mk has 0 polygons
2026-08-28 18:19:56 +0200: Memory Usage (572876K) : sramcore has 4 polygons
2026-08-28 18:19:56 +0200: Memory Usage (572876K) : lvs_rf has 0 polygons
2026-08-28 18:19:56 +0200: Memory Usage (572876K) : lvs_drain has 0 polygons
2026-08-28 18:19:56 +0200: Memory Usage (572876K) : ind_mk has 0 polygons
2026-08-28 18:19:56 +0200: Memory Usage (572876K) : hvpolyrs has 0 polygons
2026-08-28 18:19:56 +0200: Memory Usage (572876K) : lvs_io has 0 polygons
2026-08-28 18:19:56 +0200: Memory Usage (572876K) : probe_mk has 0 polygons
2026-08-28 18:19:56 +0200: Memory Usage (572876K) : esd_mk has 0 polygons
2026-08-28 18:19:56 +0200: Memory Usage (572876K) : lvs_source has 0 polygons
2026-08-28 18:19:56 +0200: Memory Usage (572876K) : well_diode_mk has 0 polygons
2026-08-28 18:19:56 +0200: Memory Usage (572876K) : ldmos_xtor has 0 polygons
2026-08-28 18:19:56 +0200: Memory Usage (572876K) : plfuse has 0 polygons
2026-08-28 18:19:56 +0200: Memory Usage (572876K) : efuse_mk has 0 polygons
2026-08-28 18:19:56 +0200: Memory Usage (572876K) : mcell_feol_mk has 0 polygons
2026-08-28 18:19:56 +0200: Memory Usage (572876K) : ymtp_mk has 0 polygons
2026-08-28 18:19:56 +0200: Memory Usage (572876K) : dev_wf_mk has 0 polygons
2026-08-28 18:19:56 +0200: Memory Usage (572876K) : comp_label has 0 polygons
2026-08-28 18:19:56 +0200: Memory Usage (572876K) : poly2_label has 0 polygons
2026-08-28 18:19:56 +0200: Memory Usage (572876K) : mdiode has 0 polygons
2026-08-28 18:19:56 +0200: Memory Usage (572876K) : ndmy has 0 polygons
2026-08-28 18:19:56 +0200: Memory Usage (572876K) : pmndmy has 0 polygons
2026-08-28 18:19:59 +0200: Memory Usage (625524K) : metal1_drawn has 251861 polygons
2026-08-28 18:20:00 +0200: Memory Usage (625524K) : metal1_dummy has 0 polygons
2026-08-28 18:20:00 +0200: Memory Usage (625524K) : metal1_label has 0 polygons
2026-08-28 18:20:00 +0200: Memory Usage (625524K) : metal1_slot has 0 polygons
2026-08-28 18:20:00 +0200: Memory Usage (625524K) : metal1_blk has 0 polygons
2026-08-28 18:20:00 +0200: Memory Usage (631508K) : metal2_drawn has 51071 polygons
2026-08-28 18:20:00 +0200: Memory Usage (631508K) : metal2_dummy has 0 polygons
2026-08-28 18:20:00 +0200: Memory Usage (631508K) : metal2_label has 33 polygons
2026-08-28 18:20:00 +0200: Memory Usage (631508K) : metal2_slot has 0 polygons
2026-08-28 18:20:00 +0200: Memory Usage (631508K) : metal2_blk has 0 polygons
2026-08-28 18:20:00 +0200: Memory Usage (631508K) : metal3_drawn has 25645 polygons
2026-08-28 18:20:00 +0200: Memory Usage (631508K) : metal3_dummy has 0 polygons
2026-08-28 18:20:00 +0200: Memory Usage (631508K) : metal3_label has 0 polygons
2026-08-28 18:20:00 +0200: Memory Usage (631508K) : metal3_slot has 0 polygons
2026-08-28 18:20:00 +0200: Memory Usage (631508K) : metal3_blk has 0 polygons
2026-08-28 18:20:00 +0200: Memory Usage (631508K) : via3 has 12363 polygons
2026-08-28 18:20:00 +0200: Memory Usage (631508K) : metal4_drawn has 2332 polygons
2026-08-28 18:20:00 +0200: Memory Usage (631508K) : metal4_dummy has 0 polygons
2026-08-28 18:20:00 +0200: Memory Usage (631508K) : metal4_label has 0 polygons
2026-08-28 18:20:00 +0200: Memory Usage (631508K) : metal4_slot has 0 polygons
2026-08-28 18:20:00 +0200: Memory Usage (631508K) : metal4_blk has 0 polygons
2026-08-28 18:20:00 +0200: Memory Usage (631508K) : via4 has 2643 polygons
2026-08-28 18:20:00 +0200: Memory Usage (631508K) : metal5_drawn has 491 polygons
2026-08-28 18:20:00 +0200: Memory Usage (631508K) : metal5_dummy has 0 polygons
2026-08-28 18:20:00 +0200: Memory Usage (631508K) : metal5_label has 0 polygons
2026-08-28 18:20:00 +0200: Memory Usage (631508K) : metal5_slot has 0 polygons
2026-08-28 18:20:00 +0200: Memory Usage (631508K) : metal5_blk has 0 polygons
2026-08-28 18:20:00 +0200: Memory Usage (631508K) : pad has 0 polygons
2026-08-28 18:20:00 +0200: Memory Usage (631508K) : ubmpperi has 0 polygons
2026-08-28 18:20:00 +0200: Memory Usage (631508K) : ubmparray has 0 polygons
2026-08-28 18:20:00 +0200: Memory Usage (631508K) : ubmeplate has 0 polygons
2026-08-28 18:20:00 +0200: Memory Usage (631508K) : metal1_res has 0 polygons
2026-08-28 18:20:00 +0200: Memory Usage (631508K) : metal2_res has 0 polygons
2026-08-28 18:20:00 +0200: Memory Usage (631508K) : metal3_res has 0 polygons
2026-08-28 18:20:00 +0200: Memory Usage (631508K) : metal4_res has 0 polygons
2026-08-28 18:20:00 +0200: Memory Usage (631508K) : metal5_res has 0 polygons
2026-08-28 18:20:00 +0200: Memory Usage (631508K) : metal6_res has 0 polygons
2026-08-28 18:20:00 +0200: Memory Usage (1016752K) : Executing rule PL.1_LV
2026-08-28 18:20:00 +0200: Memory Usage (1016752K) : Executing rule PL.1_MV
2026-08-28 18:20:01 +0200: Memory Usage (631508K) : pr_bndry has 1 polygons
2026-08-28 18:20:01 +0200: Memory Usage (631508K) : border has 0 polygons
2026-08-28 18:20:01 +0200: Memory Usage (631508K) : Total no. of polygons in the design is 807705
2026-08-28 18:20:01 +0200: Memory Usage (631508K) : Starting deriving base layers.
2026-08-28 18:20:01 +0200: Memory Usage (1046716K) : Executing rule PL.1a_LV
2026-08-28 18:20:01 +0200: Memory Usage (1046892K) : Executing rule PL.1a_MV
2026-08-28 18:20:01 +0200: Memory Usage (1046892K) : Executing rule PL.2_LV
2026-08-28 18:20:01 +0200: Memory Usage (1046892K) : Executing rule PL.2_MV
2026-08-28 18:20:03 +0200: Memory Usage (1101108K) : Executing rule PL.3a
2026-08-28 18:20:08 +0200: Memory Usage (1101364K) : Executing rule PL.4_LV
2026-08-28 18:20:08 +0200: Memory Usage (1101364K) : Executing rule PL.4_MV
2026-08-28 18:20:09 +0200: Memory Usage (1101364K) : Executing rule PL.5a_LV
2026-08-28 18:20:09 +0200: Memory Usage (1101364K) : Executing rule PL.5a_MV
2026-08-28 18:20:11 +0200: Memory Usage (1101508K) : Executing rule PL.5b_LV
2026-08-28 18:20:11 +0200: Memory Usage (1101508K) : Executing rule PL.5b_MV
2026-08-28 18:20:13 +0200: Memory Usage (931368K) : Total area of the design is 1859250.0 um^2.
2026-08-28 18:20:13 +0200: Memory Usage (931368K) : Starting GF180MCU DRC rules.
2026-08-28 18:20:13 +0200: Memory Usage (931368K) : Running all FEOL rules
2026-08-28 18:20:13 +0200: Memory Usage (931368K) : Running all BEOL rules
2026-08-28 18:20:13 +0200: Memory Usage (931368K) : via5 DRC Total Run time 20.001723145 seconds
28-Aug-2026 18:20:13 | INFO    | Running Global Foundries 180nm MCU /headless/aravindustries-repos/butterfold/butterfold_proto/physical/results/d03_ach_candidate/butterfold_top.gds checks on design guard_ring on cell butterfold_top:
2026-08-28 18:20:13 +0200: Memory Usage (1101340K) : Executing rule PL.6
2026-08-28 18:20:14 +0200: Memory Usage (443612K) : Starting running GF180MCU Klayout DRC runset on /headless/aravindustries-repos/butterfold/butterfold_proto/physical/results/d03_ach_candidate/butterfold_top.gds
2026-08-28 18:20:14 +0200: Memory Usage (443612K) : Ruby Version for klayout: 3.2.3
2026-08-28 18:20:14 +0200: Memory Usage (489392K) : Loading database to memory is complete.
2026-08-28 18:20:14 +0200: Memory Usage (489392K) : GF180MCU Klayout DRC runset output at: /headless/aravindustries-repos/butterfold/butterfold_proto/physical/results/d03_ach_candidate/klayout_drc_pgfix/butterfold_top_guard_ring.lyrdb
2026-08-28 18:20:14 +0200: Memory Usage (489392K) : Evaluate switches.
2026-08-28 18:20:14 +0200: Memory Usage (489392K) : table_name selected  guard_ring
2026-08-28 18:20:14 +0200: Memory Usage (489392K) : CONNECTIVITY_RULES enabled: false
2026-08-28 18:20:14 +0200: Memory Usage (489392K) : Wedge enabled: false
2026-08-28 18:20:14 +0200: Memory Usage (489392K) : Ball enabled: false
2026-08-28 18:20:14 +0200: Memory Usage (489392K) : Gold enabled: false
2026-08-28 18:20:14 +0200: Memory Usage (489392K) : MIM Option selected: B
2026-08-28 18:20:14 +0200: Memory Usage (489392K) : Offgrid enabled:  true
2026-08-28 18:20:14 +0200: Memory Usage (489392K) : Number of threads to use 2
2026-08-28 18:20:14 +0200: Memory Usage (489392K) : Verbose mode: false
2026-08-28 18:20:14 +0200: Memory Usage (489392K) : flat  mode is enabled for guard_ring table
2026-08-28 18:20:14 +0200: Memory Usage (489392K) : METAL_TOP Selected is 11K
2026-08-28 18:20:14 +0200: Memory Usage (489392K) : METAL_STACK Selected is 5LM
2026-08-28 18:20:14 +0200: Memory Usage (489392K) : FEOL enabled: true
2026-08-28 18:20:14 +0200: Memory Usage (489392K) : BEOL enabled: true
2026-08-28 18:20:14 +0200: Memory Usage (489392K) : DUMMY enabled: false
2026-08-28 18:20:14 +0200: Memory Usage (489392K) : SLOW_VIA enabled: false
2026-08-28 18:20:14 +0200: Memory Usage (489392K) : Read in polygons from layers.
2026-08-28 18:20:15 +0200: Memory Usage (526900K) : comp has 216638 polygons
2026-08-28 18:20:15 +0200: Memory Usage (526900K) : dnwell has 0 polygons
2026-08-28 18:20:15 +0200: Memory Usage (542316K) : nwell has 422 polygons
2026-08-28 18:20:16 +0200: Memory Usage (542316K) : lvpwell has 307 polygons
2026-08-28 18:20:16 +0200: Memory Usage (553404K) : dualgate has 3 polygons
2026-08-28 18:20:17 +0200: Memory Usage (554544K) : poly2 has 232293 polygons
2026-08-28 18:20:17 +0200: Memory Usage (572832K) : nplus has 1417 polygons
2026-08-28 18:20:17 +0200: Memory Usage (572832K) : pplus has 10152 polygons
2026-08-28 18:20:17 +0200: Memory Usage (572832K) : sab has 0 polygons
2026-08-28 18:20:17 +0200: Memory Usage (572832K) : esd has 0 polygons
2026-08-28 18:20:17 +0200: Memory Usage (572832K) : resistor has 0 polygons
2026-08-28 18:20:17 +0200: Memory Usage (572832K) : fhres has 0 polygons
2026-08-28 18:20:17 +0200: Memory Usage (572832K) : fusetop has 0 polygons
2026-08-28 18:20:17 +0200: Memory Usage (572832K) : fusewindow_d has 0 polygons
2026-08-28 18:20:17 +0200: Memory Usage (572832K) : polyfuse has 0 polygons
2026-08-28 18:20:17 +0200: Memory Usage (572832K) : mvsd has 0 polygons
2026-08-28 18:20:17 +0200: Memory Usage (572832K) : mvpsd has 0 polygons
2026-08-28 18:20:17 +0200: Memory Usage (572832K) : nat has 0 polygons
2026-08-28 18:20:17 +0200: Memory Usage (572832K) : comp_dummy has 0 polygons
2026-08-28 18:20:17 +0200: Memory Usage (572832K) : poly2_dummy has 0 polygons
2026-08-28 18:20:17 +0200: Memory Usage (572832K) : schottky_diode has 0 polygons
2026-08-28 18:20:17 +0200: Memory Usage (572832K) : zener has 0 polygons
2026-08-28 18:20:17 +0200: Memory Usage (572832K) : res_mk has 0 polygons
2026-08-28 18:20:17 +0200: Memory Usage (572832K) : opc_drc has 0 polygons
2026-08-28 18:20:18 +0200: Memory Usage (572832K) : v5_xtor has 3 polygons
2026-08-28 18:20:18 +0200: Memory Usage (572832K) : cap_mk has 0 polygons
2026-08-28 18:20:18 +0200: Memory Usage (572832K) : mos_cap_mk has 0 polygons
2026-08-28 18:20:18 +0200: Memory Usage (572832K) : ind_mk has 0 polygons
2026-08-28 18:20:18 +0200: Memory Usage (572832K) : diode_mk has 26 polygons
2026-08-28 18:20:18 +0200: Memory Usage (572832K) : drc_bjt has 0 polygons
2026-08-28 18:20:18 +0200: Memory Usage (572832K) : lvs_bjt has 0 polygons
2026-08-28 18:20:18 +0200: Memory Usage (572832K) : mim_l_mk has 0 polygons
2026-08-28 18:20:18 +0200: Memory Usage (572832K) : latchup_mk has 0 polygons
2026-08-28 18:20:18 +0200: Memory Usage (572832K) : guard_ring_mk has 0 polygons
2026-08-28 18:20:18 +0200: Memory Usage (572832K) : otp_mk has 0 polygons
2026-08-28 18:20:18 +0200: Memory Usage (572832K) : mtpmark has 0 polygons
2026-08-28 18:20:18 +0200: Memory Usage (572832K) : neo_ee_mk has 0 polygons
2026-08-28 18:20:18 +0200: Memory Usage (572832K) : sramcore has 4 polygons
2026-08-28 18:20:18 +0200: Memory Usage (572832K) : lvs_rf has 0 polygons
2026-08-28 18:20:18 +0200: Memory Usage (572832K) : lvs_drain has 0 polygons
2026-08-28 18:20:18 +0200: Memory Usage (572832K) : ind_mk has 0 polygons
2026-08-28 18:20:18 +0200: Memory Usage (572832K) : hvpolyrs has 0 polygons
2026-08-28 18:20:18 +0200: Memory Usage (572832K) : lvs_io has 0 polygons
2026-08-28 18:20:18 +0200: Memory Usage (572832K) : probe_mk has 0 polygons
2026-08-28 18:20:18 +0200: Memory Usage (572832K) : esd_mk has 0 polygons
2026-08-28 18:20:18 +0200: Memory Usage (572832K) : lvs_source has 0 polygons
2026-08-28 18:20:18 +0200: Memory Usage (572832K) : well_diode_mk has 0 polygons
2026-08-28 18:20:18 +0200: Memory Usage (572832K) : ldmos_xtor has 0 polygons
2026-08-28 18:20:18 +0200: Memory Usage (572832K) : plfuse has 0 polygons
2026-08-28 18:20:18 +0200: Memory Usage (572832K) : efuse_mk has 0 polygons
2026-08-28 18:20:18 +0200: Memory Usage (572832K) : mcell_feol_mk has 0 polygons
2026-08-28 18:20:18 +0200: Memory Usage (572832K) : ymtp_mk has 0 polygons
2026-08-28 18:20:18 +0200: Memory Usage (572832K) : dev_wf_mk has 0 polygons
2026-08-28 18:20:18 +0200: Memory Usage (572832K) : comp_label has 0 polygons
2026-08-28 18:20:18 +0200: Memory Usage (572832K) : poly2_label has 0 polygons
2026-08-28 18:20:18 +0200: Memory Usage (572832K) : mdiode has 0 polygons
2026-08-28 18:20:18 +0200: Memory Usage (572832K) : ndmy has 0 polygons
2026-08-28 18:20:18 +0200: Memory Usage (572832K) : pmndmy has 0 polygons
2026-08-28 18:20:21 +0200: Memory Usage (625612K) : metal1_drawn has 251861 polygons
2026-08-28 18:20:21 +0200: Memory Usage (625612K) : metal1_dummy has 0 polygons
2026-08-28 18:20:21 +0200: Memory Usage (625612K) : metal1_label has 0 polygons
2026-08-28 18:20:21 +0200: Memory Usage (625612K) : metal1_slot has 0 polygons
2026-08-28 18:20:21 +0200: Memory Usage (625612K) : metal1_blk has 0 polygons
2026-08-28 18:20:22 +0200: Memory Usage (631596K) : metal2_drawn has 51071 polygons
2026-08-28 18:20:22 +0200: Memory Usage (631596K) : metal2_dummy has 0 polygons
2026-08-28 18:20:22 +0200: Memory Usage (631596K) : metal2_label has 33 polygons
2026-08-28 18:20:22 +0200: Memory Usage (631596K) : metal2_slot has 0 polygons
2026-08-28 18:20:22 +0200: Memory Usage (631596K) : metal2_blk has 0 polygons
2026-08-28 18:20:22 +0200: Memory Usage (1119428K) : Executing rule PL.7_LV
2026-08-28 18:20:22 +0200: Memory Usage (1119428K) : Executing rule PL.7_MV
2026-08-28 18:20:22 +0200: Memory Usage (631596K) : metal3_drawn has 25645 polygons
2026-08-28 18:20:22 +0200: Memory Usage (631596K) : metal3_dummy has 0 polygons
2026-08-28 18:20:22 +0200: Memory Usage (631596K) : metal3_label has 0 polygons
2026-08-28 18:20:22 +0200: Memory Usage (631596K) : metal3_slot has 0 polygons
2026-08-28 18:20:22 +0200: Memory Usage (631596K) : metal3_blk has 0 polygons
2026-08-28 18:20:22 +0200: Memory Usage (631596K) : via3 has 12363 polygons
2026-08-28 18:20:22 +0200: Memory Usage (631596K) : metal4_drawn has 2332 polygons
2026-08-28 18:20:22 +0200: Memory Usage (631596K) : metal4_dummy has 0 polygons
2026-08-28 18:20:22 +0200: Memory Usage (631596K) : metal4_label has 0 polygons
2026-08-28 18:20:22 +0200: Memory Usage (631596K) : metal4_slot has 0 polygons
2026-08-28 18:20:22 +0200: Memory Usage (631596K) : metal4_blk has 0 polygons
2026-08-28 18:20:22 +0200: Memory Usage (631596K) : via4 has 2643 polygons
2026-08-28 18:20:22 +0200: Memory Usage (631596K) : metal5_drawn has 491 polygons
2026-08-28 18:20:22 +0200: Memory Usage (631596K) : metal5_dummy has 0 polygons
2026-08-28 18:20:22 +0200: Memory Usage (631596K) : metal5_label has 0 polygons
2026-08-28 18:20:22 +0200: Memory Usage (631596K) : metal5_slot has 0 polygons
2026-08-28 18:20:22 +0200: Memory Usage (631596K) : metal5_blk has 0 polygons
2026-08-28 18:20:22 +0200: Memory Usage (631596K) : pad has 0 polygons
2026-08-28 18:20:22 +0200: Memory Usage (631596K) : ubmpperi has 0 polygons
2026-08-28 18:20:22 +0200: Memory Usage (631596K) : ubmparray has 0 polygons
2026-08-28 18:20:22 +0200: Memory Usage (631596K) : ubmeplate has 0 polygons
2026-08-28 18:20:22 +0200: Memory Usage (631596K) : metal1_res has 0 polygons
2026-08-28 18:20:22 +0200: Memory Usage (631596K) : metal2_res has 0 polygons
2026-08-28 18:20:22 +0200: Memory Usage (631596K) : metal3_res has 0 polygons
2026-08-28 18:20:22 +0200: Memory Usage (631596K) : metal4_res has 0 polygons
2026-08-28 18:20:22 +0200: Memory Usage (631596K) : metal5_res has 0 polygons
2026-08-28 18:20:22 +0200: Memory Usage (631596K) : metal6_res has 0 polygons
2026-08-28 18:20:22 +0200: Memory Usage (631596K) : pr_bndry has 1 polygons
2026-08-28 18:20:22 +0200: Memory Usage (631596K) : border has 0 polygons
2026-08-28 18:20:22 +0200: Memory Usage (631596K) : Total no. of polygons in the design is 807705
2026-08-28 18:20:22 +0200: Memory Usage (631596K) : Starting deriving base layers.
2026-08-28 18:20:26 +0200: Memory Usage (1158408K) : Executing rule PL.9
2026-08-28 18:20:27 +0200: Memory Usage (1092136K) : Executing rule PL.11
2026-08-28 18:20:27 +0200: Memory Usage (1092136K) : Executing rule PL.12
2026-08-28 18:20:33 +0200: Memory Usage (1124076K) : poly2 DRC Total Run time 56.97653211 seconds
28-Aug-2026 18:20:33 | INFO    | Running Global Foundries 180nm MCU /headless/aravindustries-repos/butterfold/butterfold_proto/physical/results/d03_ach_candidate/butterfold_top.gds checks on design cup on cell butterfold_top:
2026-08-28 18:20:34 +0200: Memory Usage (932828K) : Total area of the design is 1859250.0 um^2.
2026-08-28 18:20:34 +0200: Memory Usage (932828K) : Starting GF180MCU DRC rules.
2026-08-28 18:20:34 +0200: Memory Usage (932828K) : Running all FEOL rules
2026-08-28 18:20:34 +0200: Memory Usage (932828K) : Running all BEOL rules
2026-08-28 18:20:34 +0200: Memory Usage (932828K) : guard_ring DRC Total Run time 20.059229952 seconds
2026-08-28 18:20:34 +0200: Memory Usage (443712K) : Starting running GF180MCU Klayout DRC runset on /headless/aravindustries-repos/butterfold/butterfold_proto/physical/results/d03_ach_candidate/butterfold_top.gds
2026-08-28 18:20:34 +0200: Memory Usage (443712K) : Ruby Version for klayout: 3.2.3
2026-08-28 18:20:34 +0200: Memory Usage (489404K) : Loading database to memory is complete.
2026-08-28 18:20:34 +0200: Memory Usage (489404K) : GF180MCU Klayout DRC runset output at: /headless/aravindustries-repos/butterfold/butterfold_proto/physical/results/d03_ach_candidate/klayout_drc_pgfix/butterfold_top_cup.lyrdb
2026-08-28 18:20:34 +0200: Memory Usage (489404K) : Evaluate switches.
2026-08-28 18:20:34 +0200: Memory Usage (489404K) : table_name selected  cup
2026-08-28 18:20:34 +0200: Memory Usage (489404K) : CONNECTIVITY_RULES enabled: false
2026-08-28 18:20:34 +0200: Memory Usage (489404K) : Wedge enabled: false
2026-08-28 18:20:34 +0200: Memory Usage (489404K) : Ball enabled: false
2026-08-28 18:20:34 +0200: Memory Usage (489404K) : Gold enabled: false
2026-08-28 18:20:34 +0200: Memory Usage (489404K) : MIM Option selected: B
2026-08-28 18:20:34 +0200: Memory Usage (489404K) : Offgrid enabled:  true
2026-08-28 18:20:34 +0200: Memory Usage (489404K) : Number of threads to use 2
2026-08-28 18:20:34 +0200: Memory Usage (489404K) : Verbose mode: false
2026-08-28 18:20:34 +0200: Memory Usage (489404K) : flat  mode is enabled for cup table
2026-08-28 18:20:34 +0200: Memory Usage (489404K) : METAL_TOP Selected is 11K
2026-08-28 18:20:34 +0200: Memory Usage (489404K) : METAL_STACK Selected is 5LM
2026-08-28 18:20:34 +0200: Memory Usage (489404K) : FEOL enabled: true
2026-08-28 18:20:34 +0200: Memory Usage (489404K) : BEOL enabled: true
2026-08-28 18:20:34 +0200: Memory Usage (489404K) : DUMMY enabled: false
2026-08-28 18:20:34 +0200: Memory Usage (489404K) : SLOW_VIA enabled: false
2026-08-28 18:20:34 +0200: Memory Usage (489404K) : Read in polygons from layers.
28-Aug-2026 18:20:35 | INFO    | Running Global Foundries 180nm MCU /headless/aravindustries-repos/butterfold/butterfold_proto/physical/results/d03_ach_candidate/butterfold_top.gds checks on design mim_a on cell butterfold_top:
2026-08-28 18:20:35 +0200: Memory Usage (526984K) : comp has 216638 polygons
2026-08-28 18:20:35 +0200: Memory Usage (526984K) : dnwell has 0 polygons
2026-08-28 18:20:35 +0200: Memory Usage (542300K) : nwell has 422 polygons
2026-08-28 18:20:36 +0200: Memory Usage (542300K) : lvpwell has 307 polygons
2026-08-28 18:20:36 +0200: Memory Usage (553388K) : dualgate has 3 polygons
2026-08-28 18:20:36 +0200: Memory Usage (443412K) : Starting running GF180MCU Klayout DRC runset on /headless/aravindustries-repos/butterfold/butterfold_proto/physical/results/d03_ach_candidate/butterfold_top.gds
2026-08-28 18:20:36 +0200: Memory Usage (443412K) : Ruby Version for klayout: 3.2.3
2026-08-28 18:20:36 +0200: Memory Usage (489044K) : Loading database to memory is complete.
2026-08-28 18:20:36 +0200: Memory Usage (489044K) : GF180MCU Klayout DRC runset output at: /headless/aravindustries-repos/butterfold/butterfold_proto/physical/results/d03_ach_candidate/klayout_drc_pgfix/butterfold_top_mim_a.lyrdb
2026-08-28 18:20:36 +0200: Memory Usage (489044K) : Evaluate switches.
2026-08-28 18:20:36 +0200: Memory Usage (489044K) : table_name selected  mim_a
2026-08-28 18:20:36 +0200: Memory Usage (489044K) : CONNECTIVITY_RULES enabled: false
2026-08-28 18:20:36 +0200: Memory Usage (489044K) : Wedge enabled: false
2026-08-28 18:20:36 +0200: Memory Usage (489044K) : Ball enabled: false
2026-08-28 18:20:36 +0200: Memory Usage (489044K) : Gold enabled: false
2026-08-28 18:20:36 +0200: Memory Usage (489044K) : MIM Option selected: B
2026-08-28 18:20:36 +0200: Memory Usage (489044K) : Offgrid enabled:  true
2026-08-28 18:20:36 +0200: Memory Usage (489044K) : Number of threads to use 2
2026-08-28 18:20:36 +0200: Memory Usage (489044K) : Verbose mode: false
2026-08-28 18:20:36 +0200: Memory Usage (489044K) : flat  mode is enabled for mim_a table
2026-08-28 18:20:36 +0200: Memory Usage (489044K) : METAL_TOP Selected is 11K
2026-08-28 18:20:36 +0200: Memory Usage (489044K) : METAL_STACK Selected is 5LM
2026-08-28 18:20:36 +0200: Memory Usage (489044K) : FEOL enabled: true
2026-08-28 18:20:36 +0200: Memory Usage (489044K) : BEOL enabled: true
2026-08-28 18:20:36 +0200: Memory Usage (489044K) : DUMMY enabled: false
2026-08-28 18:20:36 +0200: Memory Usage (489044K) : SLOW_VIA enabled: false
2026-08-28 18:20:36 +0200: Memory Usage (489044K) : Read in polygons from layers.
2026-08-28 18:20:37 +0200: Memory Usage (526776K) : comp has 216638 polygons
2026-08-28 18:20:37 +0200: Memory Usage (526776K) : dnwell has 0 polygons
2026-08-28 18:20:37 +0200: Memory Usage (554680K) : poly2 has 232293 polygons
2026-08-28 18:20:37 +0200: Memory Usage (542092K) : nwell has 422 polygons
2026-08-28 18:20:37 +0200: Memory Usage (572968K) : nplus has 1417 polygons
2026-08-28 18:20:37 +0200: Memory Usage (542092K) : lvpwell has 307 polygons
2026-08-28 18:20:37 +0200: Memory Usage (572968K) : pplus has 10152 polygons
2026-08-28 18:20:37 +0200: Memory Usage (572968K) : sab has 0 polygons
2026-08-28 18:20:37 +0200: Memory Usage (572968K) : esd has 0 polygons
2026-08-28 18:20:37 +0200: Memory Usage (572968K) : resistor has 0 polygons
2026-08-28 18:20:37 +0200: Memory Usage (572968K) : fhres has 0 polygons
2026-08-28 18:20:37 +0200: Memory Usage (572968K) : fusetop has 0 polygons
2026-08-28 18:20:37 +0200: Memory Usage (572968K) : fusewindow_d has 0 polygons
2026-08-28 18:20:37 +0200: Memory Usage (572968K) : polyfuse has 0 polygons
2026-08-28 18:20:37 +0200: Memory Usage (572968K) : mvsd has 0 polygons
2026-08-28 18:20:37 +0200: Memory Usage (572968K) : mvpsd has 0 polygons
2026-08-28 18:20:37 +0200: Memory Usage (572968K) : nat has 0 polygons
2026-08-28 18:20:37 +0200: Memory Usage (572968K) : comp_dummy has 0 polygons
2026-08-28 18:20:37 +0200: Memory Usage (572968K) : poly2_dummy has 0 polygons
2026-08-28 18:20:37 +0200: Memory Usage (572968K) : schottky_diode has 0 polygons
2026-08-28 18:20:37 +0200: Memory Usage (572968K) : zener has 0 polygons
2026-08-28 18:20:37 +0200: Memory Usage (572968K) : res_mk has 0 polygons
2026-08-28 18:20:37 +0200: Memory Usage (572968K) : opc_drc has 0 polygons
2026-08-28 18:20:38 +0200: Memory Usage (553180K) : dualgate has 3 polygons
2026-08-28 18:20:38 +0200: Memory Usage (572968K) : v5_xtor has 3 polygons
2026-08-28 18:20:38 +0200: Memory Usage (572968K) : cap_mk has 0 polygons
2026-08-28 18:20:38 +0200: Memory Usage (572968K) : mos_cap_mk has 0 polygons
2026-08-28 18:20:38 +0200: Memory Usage (572968K) : ind_mk has 0 polygons
2026-08-28 18:20:38 +0200: Memory Usage (572968K) : diode_mk has 26 polygons
2026-08-28 18:20:38 +0200: Memory Usage (572968K) : drc_bjt has 0 polygons
2026-08-28 18:20:38 +0200: Memory Usage (572968K) : lvs_bjt has 0 polygons
2026-08-28 18:20:38 +0200: Memory Usage (572968K) : mim_l_mk has 0 polygons
2026-08-28 18:20:38 +0200: Memory Usage (572968K) : latchup_mk has 0 polygons
2026-08-28 18:20:38 +0200: Memory Usage (572968K) : guard_ring_mk has 0 polygons
2026-08-28 18:20:38 +0200: Memory Usage (572968K) : otp_mk has 0 polygons
2026-08-28 18:20:38 +0200: Memory Usage (572968K) : mtpmark has 0 polygons
2026-08-28 18:20:38 +0200: Memory Usage (572968K) : neo_ee_mk has 0 polygons
2026-08-28 18:20:38 +0200: Memory Usage (572968K) : sramcore has 4 polygons
2026-08-28 18:20:38 +0200: Memory Usage (572968K) : lvs_rf has 0 polygons
2026-08-28 18:20:38 +0200: Memory Usage (572968K) : lvs_drain has 0 polygons
2026-08-28 18:20:38 +0200: Memory Usage (572968K) : ind_mk has 0 polygons
2026-08-28 18:20:38 +0200: Memory Usage (572968K) : hvpolyrs has 0 polygons
2026-08-28 18:20:38 +0200: Memory Usage (572968K) : lvs_io has 0 polygons
2026-08-28 18:20:38 +0200: Memory Usage (572968K) : probe_mk has 0 polygons
2026-08-28 18:20:38 +0200: Memory Usage (572968K) : esd_mk has 0 polygons
2026-08-28 18:20:38 +0200: Memory Usage (572968K) : lvs_source has 0 polygons
2026-08-28 18:20:38 +0200: Memory Usage (572968K) : well_diode_mk has 0 polygons
2026-08-28 18:20:38 +0200: Memory Usage (572968K) : ldmos_xtor has 0 polygons
2026-08-28 18:20:38 +0200: Memory Usage (572968K) : plfuse has 0 polygons
2026-08-28 18:20:38 +0200: Memory Usage (572968K) : efuse_mk has 0 polygons
2026-08-28 18:20:38 +0200: Memory Usage (572968K) : mcell_feol_mk has 0 polygons
2026-08-28 18:20:38 +0200: Memory Usage (572968K) : ymtp_mk has 0 polygons
2026-08-28 18:20:38 +0200: Memory Usage (572968K) : dev_wf_mk has 0 polygons
2026-08-28 18:20:38 +0200: Memory Usage (572968K) : comp_label has 0 polygons
2026-08-28 18:20:38 +0200: Memory Usage (572968K) : poly2_label has 0 polygons
2026-08-28 18:20:38 +0200: Memory Usage (572968K) : mdiode has 0 polygons
2026-08-28 18:20:38 +0200: Memory Usage (572968K) : ndmy has 0 polygons
2026-08-28 18:20:38 +0200: Memory Usage (572968K) : pmndmy has 0 polygons
2026-08-28 18:20:39 +0200: Memory Usage (554492K) : poly2 has 232293 polygons
2026-08-28 18:20:39 +0200: Memory Usage (579948K) : nplus has 1417 polygons
2026-08-28 18:20:39 +0200: Memory Usage (579948K) : pplus has 10152 polygons
2026-08-28 18:20:39 +0200: Memory Usage (579948K) : sab has 0 polygons
2026-08-28 18:20:39 +0200: Memory Usage (579948K) : esd has 0 polygons
2026-08-28 18:20:39 +0200: Memory Usage (579948K) : resistor has 0 polygons
2026-08-28 18:20:39 +0200: Memory Usage (579948K) : fhres has 0 polygons
2026-08-28 18:20:39 +0200: Memory Usage (579948K) : fusetop has 0 polygons
2026-08-28 18:20:39 +0200: Memory Usage (579948K) : fusewindow_d has 0 polygons
2026-08-28 18:20:39 +0200: Memory Usage (579948K) : polyfuse has 0 polygons
2026-08-28 18:20:39 +0200: Memory Usage (579948K) : mvsd has 0 polygons
2026-08-28 18:20:39 +0200: Memory Usage (579948K) : mvpsd has 0 polygons
2026-08-28 18:20:39 +0200: Memory Usage (579948K) : nat has 0 polygons
2026-08-28 18:20:39 +0200: Memory Usage (579948K) : comp_dummy has 0 polygons
2026-08-28 18:20:39 +0200: Memory Usage (579948K) : poly2_dummy has 0 polygons
2026-08-28 18:20:39 +0200: Memory Usage (579948K) : schottky_diode has 0 polygons
2026-08-28 18:20:39 +0200: Memory Usage (579948K) : zener has 0 polygons
2026-08-28 18:20:39 +0200: Memory Usage (579948K) : res_mk has 0 polygons
2026-08-28 18:20:39 +0200: Memory Usage (579948K) : opc_drc has 0 polygons
2026-08-28 18:20:39 +0200: Memory Usage (579948K) : v5_xtor has 3 polygons
2026-08-28 18:20:39 +0200: Memory Usage (579948K) : cap_mk has 0 polygons
2026-08-28 18:20:39 +0200: Memory Usage (579948K) : mos_cap_mk has 0 polygons
2026-08-28 18:20:39 +0200: Memory Usage (579948K) : ind_mk has 0 polygons
2026-08-28 18:20:39 +0200: Memory Usage (579948K) : diode_mk has 26 polygons
2026-08-28 18:20:39 +0200: Memory Usage (579948K) : drc_bjt has 0 polygons
2026-08-28 18:20:39 +0200: Memory Usage (579948K) : lvs_bjt has 0 polygons
2026-08-28 18:20:39 +0200: Memory Usage (579948K) : mim_l_mk has 0 polygons
2026-08-28 18:20:39 +0200: Memory Usage (579948K) : latchup_mk has 0 polygons
2026-08-28 18:20:39 +0200: Memory Usage (579948K) : guard_ring_mk has 0 polygons
2026-08-28 18:20:39 +0200: Memory Usage (579948K) : otp_mk has 0 polygons
2026-08-28 18:20:39 +0200: Memory Usage (579948K) : mtpmark has 0 polygons
2026-08-28 18:20:39 +0200: Memory Usage (579948K) : neo_ee_mk has 0 polygons
2026-08-28 18:20:39 +0200: Memory Usage (579948K) : sramcore has 4 polygons
2026-08-28 18:20:39 +0200: Memory Usage (579948K) : lvs_rf has 0 polygons
2026-08-28 18:20:39 +0200: Memory Usage (579948K) : lvs_drain has 0 polygons
2026-08-28 18:20:39 +0200: Memory Usage (579948K) : ind_mk has 0 polygons
2026-08-28 18:20:39 +0200: Memory Usage (579948K) : hvpolyrs has 0 polygons
2026-08-28 18:20:39 +0200: Memory Usage (579948K) : lvs_io has 0 polygons
2026-08-28 18:20:39 +0200: Memory Usage (579948K) : probe_mk has 0 polygons
2026-08-28 18:20:39 +0200: Memory Usage (579948K) : esd_mk has 0 polygons
2026-08-28 18:20:39 +0200: Memory Usage (579948K) : lvs_source has 0 polygons
2026-08-28 18:20:39 +0200: Memory Usage (579948K) : well_diode_mk has 0 polygons
2026-08-28 18:20:39 +0200: Memory Usage (579948K) : ldmos_xtor has 0 polygons
2026-08-28 18:20:39 +0200: Memory Usage (579948K) : plfuse has 0 polygons
2026-08-28 18:20:39 +0200: Memory Usage (579948K) : efuse_mk has 0 polygons
2026-08-28 18:20:39 +0200: Memory Usage (579948K) : mcell_feol_mk has 0 polygons
2026-08-28 18:20:39 +0200: Memory Usage (579948K) : ymtp_mk has 0 polygons
2026-08-28 18:20:39 +0200: Memory Usage (579948K) : dev_wf_mk has 0 polygons
2026-08-28 18:20:39 +0200: Memory Usage (579948K) : comp_label has 0 polygons
2026-08-28 18:20:39 +0200: Memory Usage (579948K) : poly2_label has 0 polygons
2026-08-28 18:20:39 +0200: Memory Usage (579948K) : mdiode has 0 polygons
2026-08-28 18:20:39 +0200: Memory Usage (579948K) : ndmy has 0 polygons
2026-08-28 18:20:39 +0200: Memory Usage (579948K) : pmndmy has 0 polygons
2026-08-28 18:20:41 +0200: Memory Usage (625864K) : metal1_drawn has 251861 polygons
2026-08-28 18:20:41 +0200: Memory Usage (625864K) : metal1_dummy has 0 polygons
2026-08-28 18:20:41 +0200: Memory Usage (625864K) : metal1_label has 0 polygons
2026-08-28 18:20:41 +0200: Memory Usage (625864K) : metal1_slot has 0 polygons
2026-08-28 18:20:41 +0200: Memory Usage (625864K) : metal1_blk has 0 polygons
2026-08-28 18:20:42 +0200: Memory Usage (631672K) : metal2_drawn has 51071 polygons
2026-08-28 18:20:42 +0200: Memory Usage (631672K) : metal2_dummy has 0 polygons
2026-08-28 18:20:42 +0200: Memory Usage (631672K) : metal2_label has 33 polygons
2026-08-28 18:20:42 +0200: Memory Usage (631672K) : metal2_slot has 0 polygons
2026-08-28 18:20:42 +0200: Memory Usage (631672K) : metal2_blk has 0 polygons
2026-08-28 18:20:42 +0200: Memory Usage (631672K) : metal3_drawn has 25645 polygons
2026-08-28 18:20:42 +0200: Memory Usage (631672K) : metal3_dummy has 0 polygons
2026-08-28 18:20:42 +0200: Memory Usage (631672K) : metal3_label has 0 polygons
2026-08-28 18:20:42 +0200: Memory Usage (631672K) : metal3_slot has 0 polygons
2026-08-28 18:20:42 +0200: Memory Usage (631672K) : metal3_blk has 0 polygons
2026-08-28 18:20:42 +0200: Memory Usage (631672K) : via3 has 12363 polygons
2026-08-28 18:20:42 +0200: Memory Usage (631672K) : metal4_drawn has 2332 polygons
2026-08-28 18:20:42 +0200: Memory Usage (631672K) : metal4_dummy has 0 polygons
2026-08-28 18:20:42 +0200: Memory Usage (631672K) : metal4_label has 0 polygons
2026-08-28 18:20:42 +0200: Memory Usage (631672K) : metal4_slot has 0 polygons
2026-08-28 18:20:42 +0200: Memory Usage (631672K) : metal4_blk has 0 polygons
2026-08-28 18:20:42 +0200: Memory Usage (631672K) : via4 has 2643 polygons
2026-08-28 18:20:42 +0200: Memory Usage (631672K) : metal5_drawn has 491 polygons
2026-08-28 18:20:42 +0200: Memory Usage (631672K) : metal5_dummy has 0 polygons
2026-08-28 18:20:42 +0200: Memory Usage (631672K) : metal5_label has 0 polygons
2026-08-28 18:20:42 +0200: Memory Usage (631672K) : metal5_slot has 0 polygons
2026-08-28 18:20:42 +0200: Memory Usage (631672K) : metal5_blk has 0 polygons
2026-08-28 18:20:42 +0200: Memory Usage (631672K) : pad has 0 polygons
2026-08-28 18:20:42 +0200: Memory Usage (631672K) : ubmpperi has 0 polygons
2026-08-28 18:20:42 +0200: Memory Usage (631672K) : ubmparray has 0 polygons
2026-08-28 18:20:42 +0200: Memory Usage (631672K) : ubmeplate has 0 polygons
2026-08-28 18:20:42 +0200: Memory Usage (631672K) : metal1_res has 0 polygons
2026-08-28 18:20:42 +0200: Memory Usage (631672K) : metal2_res has 0 polygons
2026-08-28 18:20:42 +0200: Memory Usage (631672K) : metal3_res has 0 polygons
2026-08-28 18:20:42 +0200: Memory Usage (631672K) : metal4_res has 0 polygons
2026-08-28 18:20:42 +0200: Memory Usage (631672K) : metal5_res has 0 polygons
2026-08-28 18:20:42 +0200: Memory Usage (631672K) : metal6_res has 0 polygons
2026-08-28 18:20:42 +0200: Memory Usage (631672K) : pr_bndry has 1 polygons
2026-08-28 18:20:42 +0200: Memory Usage (631672K) : border has 0 polygons
2026-08-28 18:20:42 +0200: Memory Usage (631672K) : Total no. of polygons in the design is 807705
2026-08-28 18:20:42 +0200: Memory Usage (631672K) : Starting deriving base layers.
2026-08-28 18:20:43 +0200: Memory Usage (625548K) : metal1_drawn has 251861 polygons
2026-08-28 18:20:43 +0200: Memory Usage (625548K) : metal1_dummy has 0 polygons
2026-08-28 18:20:43 +0200: Memory Usage (625548K) : metal1_label has 0 polygons
2026-08-28 18:20:43 +0200: Memory Usage (625548K) : metal1_slot has 0 polygons
2026-08-28 18:20:43 +0200: Memory Usage (625548K) : metal1_blk has 0 polygons
2026-08-28 18:20:43 +0200: Memory Usage (631884K) : via1 has 96410 polygons
2026-08-28 18:20:44 +0200: Memory Usage (631884K) : metal2_drawn has 51071 polygons
2026-08-28 18:20:44 +0200: Memory Usage (631884K) : metal2_dummy has 0 polygons
2026-08-28 18:20:44 +0200: Memory Usage (631884K) : metal2_label has 33 polygons
2026-08-28 18:20:44 +0200: Memory Usage (631884K) : metal2_slot has 0 polygons
2026-08-28 18:20:44 +0200: Memory Usage (631884K) : metal2_blk has 0 polygons
2026-08-28 18:20:44 +0200: Memory Usage (631884K) : via2 has 93152 polygons
2026-08-28 18:20:44 +0200: Memory Usage (631884K) : metal3_drawn has 25645 polygons
2026-08-28 18:20:44 +0200: Memory Usage (631884K) : metal3_dummy has 0 polygons
2026-08-28 18:20:44 +0200: Memory Usage (631884K) : metal3_label has 0 polygons
2026-08-28 18:20:44 +0200: Memory Usage (631884K) : metal3_slot has 0 polygons
2026-08-28 18:20:44 +0200: Memory Usage (631884K) : metal3_blk has 0 polygons
2026-08-28 18:20:44 +0200: Memory Usage (631884K) : via3 has 12363 polygons
2026-08-28 18:20:44 +0200: Memory Usage (631884K) : metal4_drawn has 2332 polygons
2026-08-28 18:20:44 +0200: Memory Usage (631884K) : metal4_dummy has 0 polygons
2026-08-28 18:20:44 +0200: Memory Usage (631884K) : metal4_label has 0 polygons
2026-08-28 18:20:44 +0200: Memory Usage (631884K) : metal4_slot has 0 polygons
2026-08-28 18:20:44 +0200: Memory Usage (631884K) : metal4_blk has 0 polygons
2026-08-28 18:20:44 +0200: Memory Usage (631884K) : via4 has 2643 polygons
2026-08-28 18:20:44 +0200: Memory Usage (631884K) : metal5_drawn has 491 polygons
2026-08-28 18:20:44 +0200: Memory Usage (631884K) : metal5_dummy has 0 polygons
2026-08-28 18:20:44 +0200: Memory Usage (631884K) : metal5_label has 0 polygons
2026-08-28 18:20:44 +0200: Memory Usage (631884K) : metal5_slot has 0 polygons
2026-08-28 18:20:44 +0200: Memory Usage (631884K) : metal5_blk has 0 polygons
2026-08-28 18:20:44 +0200: Memory Usage (631884K) : pad has 0 polygons
2026-08-28 18:20:44 +0200: Memory Usage (631884K) : ubmpperi has 0 polygons
2026-08-28 18:20:44 +0200: Memory Usage (631884K) : ubmparray has 0 polygons
2026-08-28 18:20:44 +0200: Memory Usage (631884K) : ubmeplate has 0 polygons
2026-08-28 18:20:44 +0200: Memory Usage (631884K) : metal1_res has 0 polygons
2026-08-28 18:20:44 +0200: Memory Usage (631884K) : metal2_res has 0 polygons
2026-08-28 18:20:44 +0200: Memory Usage (631884K) : metal3_res has 0 polygons
2026-08-28 18:20:44 +0200: Memory Usage (631884K) : metal4_res has 0 polygons
2026-08-28 18:20:44 +0200: Memory Usage (631884K) : metal5_res has 0 polygons
2026-08-28 18:20:44 +0200: Memory Usage (631884K) : metal6_res has 0 polygons
2026-08-28 18:20:44 +0200: Memory Usage (631884K) : pr_bndry has 1 polygons
2026-08-28 18:20:44 +0200: Memory Usage (631884K) : border has 0 polygons
2026-08-28 18:20:44 +0200: Memory Usage (631884K) : Total no. of polygons in the design is 997267
2026-08-28 18:20:44 +0200: Memory Usage (631884K) : Starting deriving base layers.
2026-08-28 18:20:54 +0200: Memory Usage (929484K) : Total area of the design is 1859250.0 um^2.
2026-08-28 18:20:54 +0200: Memory Usage (929484K) : Starting GF180MCU DRC rules.
2026-08-28 18:20:54 +0200: Memory Usage (929484K) : Running all FEOL rules
2026-08-28 18:20:54 +0200: Memory Usage (929484K) : Running all BEOL rules
2026-08-28 18:20:54 +0200: Memory Usage (929484K) : Executing rule CUP.2
2026-08-28 18:20:54 +0200: Memory Usage (929900K) : Executing rule CUP.3
2026-08-28 18:20:54 +0200: Memory Usage (929900K) : cup DRC Total Run time 19.981387994 seconds
28-Aug-2026 18:20:55 | INFO    | Running Global Foundries 180nm MCU /headless/aravindustries-repos/butterfold/butterfold_proto/physical/results/d03_ach_candidate/butterfold_top.gds checks on design via2_split on cell butterfold_top:
2026-08-28 18:20:56 +0200: Memory Usage (443724K) : Starting running GF180MCU Klayout DRC runset on /headless/aravindustries-repos/butterfold/butterfold_proto/physical/results/d03_ach_candidate/butterfold_top.gds
2026-08-28 18:20:56 +0200: Memory Usage (443724K) : Ruby Version for klayout: 3.2.3
2026-08-28 18:20:56 +0200: Memory Usage (489240K) : Loading database to memory is complete.
2026-08-28 18:20:56 +0200: Memory Usage (489240K) : GF180MCU Klayout DRC runset output at: /headless/aravindustries-repos/butterfold/butterfold_proto/physical/results/d03_ach_candidate/klayout_drc_pgfix/butterfold_top_via2_split.lyrdb
2026-08-28 18:20:56 +0200: Memory Usage (489240K) : Evaluate switches.
2026-08-28 18:20:56 +0200: Memory Usage (489240K) : table_name selected  via2_split
2026-08-28 18:20:56 +0200: Memory Usage (489240K) : CONNECTIVITY_RULES enabled: false
2026-08-28 18:20:56 +0200: Memory Usage (489240K) : Wedge enabled: false
2026-08-28 18:20:56 +0200: Memory Usage (489240K) : Ball enabled: false
2026-08-28 18:20:56 +0200: Memory Usage (489240K) : Gold enabled: false
2026-08-28 18:20:56 +0200: Memory Usage (489240K) : MIM Option selected: B
2026-08-28 18:20:56 +0200: Memory Usage (489240K) : Offgrid enabled:  true
2026-08-28 18:20:56 +0200: Memory Usage (489240K) : Number of threads to use 2
2026-08-28 18:20:56 +0200: Memory Usage (489240K) : Verbose mode: false
2026-08-28 18:20:56 +0200: Memory Usage (489240K) : deep  mode is enabled for via2_split table
2026-08-28 18:20:56 +0200: Memory Usage (489240K) : METAL_TOP Selected is 11K
2026-08-28 18:20:56 +0200: Memory Usage (489240K) : METAL_STACK Selected is 5LM
2026-08-28 18:20:56 +0200: Memory Usage (489240K) : FEOL enabled: true
2026-08-28 18:20:56 +0200: Memory Usage (489240K) : BEOL enabled: true
2026-08-28 18:20:56 +0200: Memory Usage (489240K) : DUMMY enabled: false
2026-08-28 18:20:56 +0200: Memory Usage (489240K) : SLOW_VIA enabled: false
2026-08-28 18:20:56 +0200: Memory Usage (489240K) : Read in polygons from layers.
2026-08-28 18:20:56 +0200: Memory Usage (493224K) : comp has 238212 polygons
2026-08-28 18:20:56 +0200: Memory Usage (493224K) : dnwell has 0 polygons
2026-08-28 18:20:56 +0200: Memory Usage (494104K) : nwell has 65296 polygons
2026-08-28 18:20:56 +0200: Memory Usage (494104K) : lvpwell has 59032 polygons
2026-08-28 18:20:56 +0200: Memory Usage (494104K) : dualgate has 63662 polygons
2026-08-28 18:20:56 +0200: Memory Usage (494104K) : poly2 has 295257 polygons
2026-08-28 18:20:56 +0200: Memory Usage (494104K) : nplus has 65278 polygons
2026-08-28 18:20:56 +0200: Memory Usage (494280K) : pplus has 74142 polygons
2026-08-28 18:20:56 +0200: Memory Usage (494280K) : sab has 0 polygons
2026-08-28 18:20:56 +0200: Memory Usage (494280K) : esd has 0 polygons
2026-08-28 18:20:56 +0200: Memory Usage (494280K) : resistor has 0 polygons
2026-08-28 18:20:56 +0200: Memory Usage (494280K) : fhres has 0 polygons
2026-08-28 18:20:56 +0200: Memory Usage (494280K) : fusetop has 0 polygons
2026-08-28 18:20:56 +0200: Memory Usage (494280K) : fusewindow_d has 0 polygons
2026-08-28 18:20:56 +0200: Memory Usage (494280K) : polyfuse has 0 polygons
2026-08-28 18:20:56 +0200: Memory Usage (494280K) : mvsd has 0 polygons
2026-08-28 18:20:56 +0200: Memory Usage (494280K) : mvpsd has 0 polygons
2026-08-28 18:20:56 +0200: Memory Usage (494280K) : nat has 0 polygons
2026-08-28 18:20:56 +0200: Memory Usage (494280K) : comp_dummy has 0 polygons
2026-08-28 18:20:56 +0200: Memory Usage (494280K) : poly2_dummy has 0 polygons
2026-08-28 18:20:56 +0200: Memory Usage (494280K) : schottky_diode has 0 polygons
2026-08-28 18:20:56 +0200: Memory Usage (494280K) : zener has 0 polygons
2026-08-28 18:20:56 +0200: Memory Usage (494280K) : res_mk has 0 polygons
2026-08-28 18:20:56 +0200: Memory Usage (494280K) : opc_drc has 0 polygons
2026-08-28 18:20:56 +0200: Memory Usage (495160K) : v5_xtor has 63664 polygons
2026-08-28 18:20:56 +0200: Memory Usage (495160K) : cap_mk has 0 polygons
2026-08-28 18:20:56 +0200: Memory Usage (495160K) : mos_cap_mk has 0 polygons
2026-08-28 18:20:56 +0200: Memory Usage (495160K) : ind_mk has 0 polygons
2026-08-28 18:20:56 +0200: Memory Usage (495336K) : diode_mk has 26 polygons
2026-08-28 18:20:56 +0200: Memory Usage (495336K) : drc_bjt has 0 polygons
2026-08-28 18:20:56 +0200: Memory Usage (495336K) : lvs_bjt has 0 polygons
2026-08-28 18:20:56 +0200: Memory Usage (495336K) : mim_l_mk has 0 polygons
2026-08-28 18:20:56 +0200: Memory Usage (495336K) : latchup_mk has 0 polygons
2026-08-28 18:20:56 +0200: Memory Usage (495336K) : guard_ring_mk has 0 polygons
2026-08-28 18:20:56 +0200: Memory Usage (495336K) : otp_mk has 0 polygons
2026-08-28 18:20:56 +0200: Memory Usage (495336K) : mtpmark has 0 polygons
2026-08-28 18:20:56 +0200: Memory Usage (495336K) : neo_ee_mk has 0 polygons
2026-08-28 18:20:56 +0200: Memory Usage (495688K) : sramcore has 5300 polygons
2026-08-28 18:20:56 +0200: Memory Usage (495688K) : lvs_rf has 0 polygons
2026-08-28 18:20:56 +0200: Memory Usage (495688K) : lvs_drain has 0 polygons
2026-08-28 18:20:56 +0200: Memory Usage (495688K) : ind_mk has 0 polygons
2026-08-28 18:20:57 +0200: Memory Usage (495688K) : hvpolyrs has 0 polygons
2026-08-28 18:20:57 +0200: Memory Usage (495688K) : lvs_io has 0 polygons
2026-08-28 18:20:57 +0200: Memory Usage (495688K) : probe_mk has 0 polygons
2026-08-28 18:20:57 +0200: Memory Usage (495688K) : esd_mk has 0 polygons
2026-08-28 18:20:57 +0200: Memory Usage (495688K) : lvs_source has 0 polygons
2026-08-28 18:20:57 +0200: Memory Usage (495688K) : well_diode_mk has 0 polygons
2026-08-28 18:20:57 +0200: Memory Usage (495688K) : ldmos_xtor has 0 polygons
2026-08-28 18:20:57 +0200: Memory Usage (951012K) : Total area of the design is 1859250.0 um^2.
2026-08-28 18:20:57 +0200: Memory Usage (951012K) : Starting GF180MCU DRC rules.
2026-08-28 18:20:57 +0200: Memory Usage (951012K) : Running all FEOL rules
2026-08-28 18:20:57 +0200: Memory Usage (951012K) : Running all BEOL rules
2026-08-28 18:20:57 +0200: Memory Usage (951012K) : mim_a DRC Total Run time 20.531681323 seconds
2026-08-28 18:20:57 +0200: Memory Usage (495688K) : plfuse has 0 polygons
2026-08-28 18:20:57 +0200: Memory Usage (495688K) : efuse_mk has 0 polygons
2026-08-28 18:20:57 +0200: Memory Usage (495688K) : mcell_feol_mk has 0 polygons
2026-08-28 18:20:57 +0200: Memory Usage (495688K) : ymtp_mk has 0 polygons
2026-08-28 18:20:57 +0200: Memory Usage (495688K) : dev_wf_mk has 0 polygons
2026-08-28 18:20:57 +0200: Memory Usage (495688K) : comp_label has 0 polygons
2026-08-28 18:20:57 +0200: Memory Usage (495688K) : poly2_label has 0 polygons
2026-08-28 18:20:57 +0200: Memory Usage (495688K) : mdiode has 0 polygons
2026-08-28 18:20:57 +0200: Memory Usage (495688K) : ndmy has 0 polygons
2026-08-28 18:20:57 +0200: Memory Usage (495688K) : pmndmy has 0 polygons
2026-08-28 18:20:57 +0200: Memory Usage (497288K) : metal1_drawn has 588093 polygons
2026-08-28 18:20:57 +0200: Memory Usage (497288K) : metal1_dummy has 0 polygons
2026-08-28 18:20:57 +0200: Memory Usage (498888K) : metal1_label has 0 polygons
2026-08-28 18:20:57 +0200: Memory Usage (498888K) : metal1_slot has 0 polygons
2026-08-28 18:20:57 +0200: Memory Usage (498888K) : metal1_blk has 0 polygons
2026-08-28 18:20:57 +0200: Memory Usage (499768K) : metal2_drawn has 95143 polygons
2026-08-28 18:20:57 +0200: Memory Usage (499768K) : metal2_dummy has 0 polygons
2026-08-28 18:20:57 +0200: Memory Usage (500648K) : metal2_label has 33 polygons
2026-08-28 18:20:57 +0200: Memory Usage (500648K) : metal2_slot has 0 polygons
2026-08-28 18:20:57 +0200: Memory Usage (500648K) : metal2_blk has 0 polygons
2026-08-28 18:20:57 +0200: Memory Usage (501528K) : via2 has 96578 polygons
2026-08-28 18:20:57 +0200: Memory Usage (501528K) : metal3_drawn has 45990 polygons
2026-08-28 18:20:57 +0200: Memory Usage (501528K) : metal3_dummy has 0 polygons
2026-08-28 18:20:57 +0200: Memory Usage (502408K) : metal3_label has 0 polygons
2026-08-28 18:20:57 +0200: Memory Usage (502408K) : metal3_slot has 0 polygons
2026-08-28 18:20:57 +0200: Memory Usage (502408K) : metal3_blk has 0 polygons
2026-08-28 18:20:57 +0200: Memory Usage (502408K) : via3 has 12363 polygons
2026-08-28 18:20:57 +0200: Memory Usage (502408K) : metal4_drawn has 2406 polygons
2026-08-28 18:20:57 +0200: Memory Usage (502408K) : metal4_dummy has 0 polygons
28-Aug-2026 18:20:57 | INFO    | Running Global Foundries 180nm MCU /headless/aravindustries-repos/butterfold/butterfold_proto/physical/results/d03_ach_candidate/butterfold_top.gds checks on design lvpwell_split on cell butterfold_top:
2026-08-28 18:20:57 +0200: Memory Usage (502408K) : metal4_label has 0 polygons
2026-08-28 18:20:57 +0200: Memory Usage (502408K) : metal4_slot has 0 polygons
2026-08-28 18:20:57 +0200: Memory Usage (502408K) : metal4_blk has 0 polygons
2026-08-28 18:20:57 +0200: Memory Usage (502408K) : via4 has 2643 polygons
2026-08-28 18:20:57 +0200: Memory Usage (502408K) : metal5_drawn has 513 polygons
2026-08-28 18:20:57 +0200: Memory Usage (502408K) : metal5_dummy has 0 polygons
2026-08-28 18:20:57 +0200: Memory Usage (502408K) : metal5_label has 0 polygons
2026-08-28 18:20:57 +0200: Memory Usage (502408K) : metal5_slot has 0 polygons
2026-08-28 18:20:57 +0200: Memory Usage (502408K) : metal5_blk has 0 polygons
2026-08-28 18:20:57 +0200: Memory Usage (502408K) : pad has 0 polygons
2026-08-28 18:20:57 +0200: Memory Usage (502408K) : ubmpperi has 0 polygons
2026-08-28 18:20:57 +0200: Memory Usage (502408K) : ubmparray has 0 polygons
2026-08-28 18:20:57 +0200: Memory Usage (502408K) : ubmeplate has 0 polygons
2026-08-28 18:20:57 +0200: Memory Usage (502408K) : metal1_res has 0 polygons
2026-08-28 18:20:57 +0200: Memory Usage (502408K) : metal2_res has 0 polygons
2026-08-28 18:20:57 +0200: Memory Usage (502408K) : metal3_res has 0 polygons
2026-08-28 18:20:57 +0200: Memory Usage (502408K) : metal4_res has 0 polygons
2026-08-28 18:20:57 +0200: Memory Usage (502408K) : metal5_res has 0 polygons
2026-08-28 18:20:57 +0200: Memory Usage (502408K) : metal6_res has 0 polygons
2026-08-28 18:20:57 +0200: Memory Usage (503112K) : pr_bndry has 64345 polygons
2026-08-28 18:20:57 +0200: Memory Usage (503112K) : border has 0 polygons
2026-08-28 18:20:57 +0200: Memory Usage (503112K) : Total no. of polygons in the design is 1837976
2026-08-28 18:20:57 +0200: Memory Usage (503112K) : Starting deriving base layers.
2026-08-28 18:20:58 +0200: Memory Usage (443688K) : Starting running GF180MCU Klayout DRC runset on /headless/aravindustries-repos/butterfold/butterfold_proto/physical/results/d03_ach_candidate/butterfold_top.gds
2026-08-28 18:20:58 +0200: Memory Usage (443688K) : Ruby Version for klayout: 3.2.3
2026-08-28 18:20:58 +0200: Memory Usage (489124K) : Loading database to memory is complete.
2026-08-28 18:20:58 +0200: Memory Usage (489124K) : GF180MCU Klayout DRC runset output at: /headless/aravindustries-repos/butterfold/butterfold_proto/physical/results/d03_ach_candidate/klayout_drc_pgfix/butterfold_top_lvpwell_split.lyrdb
2026-08-28 18:20:58 +0200: Memory Usage (489124K) : Evaluate switches.
2026-08-28 18:20:58 +0200: Memory Usage (489124K) : table_name selected  lvpwell_split
2026-08-28 18:20:58 +0200: Memory Usage (489124K) : CONNECTIVITY_RULES enabled: true
2026-08-28 18:20:58 +0200: Memory Usage (489124K) : Wedge enabled: false
2026-08-28 18:20:58 +0200: Memory Usage (489124K) : Ball enabled: false
2026-08-28 18:20:58 +0200: Memory Usage (489124K) : Gold enabled: false
2026-08-28 18:20:58 +0200: Memory Usage (489124K) : MIM Option selected: B
2026-08-28 18:20:58 +0200: Memory Usage (489124K) : Offgrid enabled:  true
2026-08-28 18:20:58 +0200: Memory Usage (489124K) : Number of threads to use 2
2026-08-28 18:20:58 +0200: Memory Usage (489124K) : Verbose mode: false
2026-08-28 18:20:58 +0200: Memory Usage (489124K) : deep  mode is enabled for lvpwell_split table
2026-08-28 18:20:58 +0200: Memory Usage (489124K) : METAL_TOP Selected is 11K
2026-08-28 18:20:58 +0200: Memory Usage (489124K) : METAL_STACK Selected is 5LM
2026-08-28 18:20:58 +0200: Memory Usage (489124K) : FEOL enabled: true
2026-08-28 18:20:58 +0200: Memory Usage (489124K) : BEOL enabled: true
2026-08-28 18:20:58 +0200: Memory Usage (489124K) : DUMMY enabled: false
2026-08-28 18:20:58 +0200: Memory Usage (489124K) : SLOW_VIA enabled: false
2026-08-28 18:20:58 +0200: Memory Usage (489124K) : Read in polygons from layers.
2026-08-28 18:20:58 +0200: Memory Usage (493364K) : comp has 238212 polygons
2026-08-28 18:20:58 +0200: Memory Usage (493364K) : dnwell has 0 polygons
2026-08-28 18:20:58 +0200: Memory Usage (494244K) : nwell has 65296 polygons
2026-08-28 18:20:58 +0200: Memory Usage (494244K) : lvpwell has 59032 polygons
2026-08-28 18:20:58 +0200: Memory Usage (494244K) : dualgate has 63662 polygons
2026-08-28 18:20:58 +0200: Memory Usage (494244K) : poly2 has 295257 polygons
2026-08-28 18:20:58 +0200: Memory Usage (494244K) : nplus has 65278 polygons
2026-08-28 18:20:58 +0200: Memory Usage (494244K) : pplus has 74142 polygons
2026-08-28 18:20:58 +0200: Memory Usage (494244K) : sab has 0 polygons
2026-08-28 18:20:58 +0200: Memory Usage (494244K) : esd has 0 polygons
2026-08-28 18:20:58 +0200: Memory Usage (494244K) : resistor has 0 polygons
2026-08-28 18:20:59 +0200: Memory Usage (494244K) : fhres has 0 polygons
2026-08-28 18:20:59 +0200: Memory Usage (494244K) : fusetop has 0 polygons
2026-08-28 18:20:59 +0200: Memory Usage (494244K) : fusewindow_d has 0 polygons
2026-08-28 18:20:59 +0200: Memory Usage (494244K) : polyfuse has 0 polygons
2026-08-28 18:20:59 +0200: Memory Usage (494244K) : mvsd has 0 polygons
2026-08-28 18:20:59 +0200: Memory Usage (494244K) : mvpsd has 0 polygons
2026-08-28 18:20:59 +0200: Memory Usage (494244K) : nat has 0 polygons
2026-08-28 18:20:59 +0200: Memory Usage (494244K) : comp_dummy has 0 polygons
2026-08-28 18:20:59 +0200: Memory Usage (494244K) : poly2_dummy has 0 polygons
2026-08-28 18:20:59 +0200: Memory Usage (494244K) : schottky_diode has 0 polygons
2026-08-28 18:20:59 +0200: Memory Usage (494244K) : zener has 0 polygons
2026-08-28 18:20:59 +0200: Memory Usage (494244K) : res_mk has 0 polygons
2026-08-28 18:20:59 +0200: Memory Usage (494244K) : opc_drc has 0 polygons
2026-08-28 18:20:59 +0200: Memory Usage (495124K) : v5_xtor has 63664 polygons
2026-08-28 18:20:59 +0200: Memory Usage (495124K) : cap_mk has 0 polygons
2026-08-28 18:20:59 +0200: Memory Usage (495124K) : mos_cap_mk has 0 polygons
2026-08-28 18:20:59 +0200: Memory Usage (495124K) : ind_mk has 0 polygons
2026-08-28 18:20:59 +0200: Memory Usage (495300K) : diode_mk has 26 polygons
2026-08-28 18:20:59 +0200: Memory Usage (495300K) : drc_bjt has 0 polygons
2026-08-28 18:20:59 +0200: Memory Usage (495300K) : lvs_bjt has 0 polygons
2026-08-28 18:20:59 +0200: Memory Usage (495300K) : mim_l_mk has 0 polygons
2026-08-28 18:20:59 +0200: Memory Usage (495300K) : latchup_mk has 0 polygons
2026-08-28 18:20:59 +0200: Memory Usage (495300K) : guard_ring_mk has 0 polygons
2026-08-28 18:20:59 +0200: Memory Usage (495300K) : otp_mk has 0 polygons
2026-08-28 18:20:59 +0200: Memory Usage (495300K) : mtpmark has 0 polygons
2026-08-28 18:20:59 +0200: Memory Usage (495300K) : neo_ee_mk has 0 polygons
2026-08-28 18:20:59 +0200: Memory Usage (495652K) : sramcore has 5300 polygons
2026-08-28 18:20:59 +0200: Memory Usage (495652K) : lvs_rf has 0 polygons
2026-08-28 18:20:59 +0200: Memory Usage (495652K) : lvs_drain has 0 polygons
2026-08-28 18:20:59 +0200: Memory Usage (495652K) : ind_mk has 0 polygons
2026-08-28 18:20:59 +0200: Memory Usage (495652K) : hvpolyrs has 0 polygons
2026-08-28 18:20:59 +0200: Memory Usage (495652K) : lvs_io has 0 polygons
2026-08-28 18:20:59 +0200: Memory Usage (495652K) : probe_mk has 0 polygons
2026-08-28 18:20:59 +0200: Memory Usage (495652K) : esd_mk has 0 polygons
2026-08-28 18:20:59 +0200: Memory Usage (495652K) : lvs_source has 0 polygons
2026-08-28 18:20:59 +0200: Memory Usage (495652K) : well_diode_mk has 0 polygons
2026-08-28 18:20:59 +0200: Memory Usage (495652K) : ldmos_xtor has 0 polygons
2026-08-28 18:20:59 +0200: Memory Usage (495652K) : plfuse has 0 polygons
2026-08-28 18:20:59 +0200: Memory Usage (495652K) : efuse_mk has 0 polygons
2026-08-28 18:20:59 +0200: Memory Usage (495652K) : mcell_feol_mk has 0 polygons
2026-08-28 18:20:59 +0200: Memory Usage (495652K) : ymtp_mk has 0 polygons
2026-08-28 18:20:59 +0200: Memory Usage (495652K) : dev_wf_mk has 0 polygons
2026-08-28 18:20:59 +0200: Memory Usage (495652K) : comp_label has 0 polygons
2026-08-28 18:20:59 +0200: Memory Usage (495652K) : poly2_label has 0 polygons
2026-08-28 18:20:59 +0200: Memory Usage (495652K) : mdiode has 0 polygons
2026-08-28 18:20:59 +0200: Memory Usage (495652K) : ndmy has 0 polygons
2026-08-28 18:20:59 +0200: Memory Usage (495652K) : pmndmy has 0 polygons
2026-08-28 18:20:59 +0200: Memory Usage (497764K) : metal1_drawn has 588093 polygons
2026-08-28 18:20:59 +0200: Memory Usage (497764K) : metal1_dummy has 0 polygons
2026-08-28 18:20:59 +0200: Memory Usage (498468K) : metal1_label has 0 polygons
2026-08-28 18:20:59 +0200: Memory Usage (498468K) : metal1_slot has 0 polygons
2026-08-28 18:20:59 +0200: Memory Usage (498468K) : metal1_blk has 0 polygons
2026-08-28 18:20:59 +0200: Memory Usage (499348K) : metal2_drawn has 95143 polygons
2026-08-28 18:20:59 +0200: Memory Usage (499348K) : metal2_dummy has 0 polygons
2026-08-28 18:20:59 +0200: Memory Usage (500228K) : metal2_label has 33 polygons
2026-08-28 18:20:59 +0200: Memory Usage (500228K) : metal2_slot has 0 polygons
2026-08-28 18:20:59 +0200: Memory Usage (500228K) : metal2_blk has 0 polygons
2026-08-28 18:20:59 +0200: Memory Usage (500228K) : metal3_drawn has 45990 polygons
2026-08-28 18:20:59 +0200: Memory Usage (500228K) : metal3_dummy has 0 polygons
2026-08-28 18:20:59 +0200: Memory Usage (501108K) : metal3_label has 0 polygons
2026-08-28 18:20:59 +0200: Memory Usage (501108K) : metal3_slot has 0 polygons
2026-08-28 18:20:59 +0200: Memory Usage (501108K) : metal3_blk has 0 polygons
2026-08-28 18:20:59 +0200: Memory Usage (501108K) : via3 has 12363 polygons
2026-08-28 18:20:59 +0200: Memory Usage (501108K) : metal4_drawn has 2406 polygons
2026-08-28 18:20:59 +0200: Memory Usage (501108K) : metal4_dummy has 0 polygons
2026-08-28 18:20:59 +0200: Memory Usage (501108K) : metal4_label has 0 polygons
2026-08-28 18:20:59 +0200: Memory Usage (501108K) : metal4_slot has 0 polygons
2026-08-28 18:20:59 +0200: Memory Usage (501108K) : metal4_blk has 0 polygons
2026-08-28 18:20:59 +0200: Memory Usage (501108K) : via4 has 2643 polygons
2026-08-28 18:20:59 +0200: Memory Usage (501108K) : metal5_drawn has 513 polygons
2026-08-28 18:20:59 +0200: Memory Usage (501108K) : metal5_dummy has 0 polygons
2026-08-28 18:20:59 +0200: Memory Usage (501108K) : metal5_label has 0 polygons
2026-08-28 18:20:59 +0200: Memory Usage (501108K) : metal5_slot has 0 polygons
2026-08-28 18:20:59 +0200: Memory Usage (501108K) : metal5_blk has 0 polygons
2026-08-28 18:20:59 +0200: Memory Usage (501108K) : pad has 0 polygons
2026-08-28 18:20:59 +0200: Memory Usage (501108K) : ubmpperi has 0 polygons
2026-08-28 18:20:59 +0200: Memory Usage (501108K) : ubmparray has 0 polygons
2026-08-28 18:20:59 +0200: Memory Usage (501108K) : ubmeplate has 0 polygons
2026-08-28 18:20:59 +0200: Memory Usage (501108K) : metal1_res has 0 polygons
2026-08-28 18:20:59 +0200: Memory Usage (501108K) : metal2_res has 0 polygons
2026-08-28 18:20:59 +0200: Memory Usage (501108K) : metal3_res has 0 polygons
2026-08-28 18:20:59 +0200: Memory Usage (501108K) : metal4_res has 0 polygons
2026-08-28 18:20:59 +0200: Memory Usage (501108K) : metal5_res has 0 polygons
2026-08-28 18:20:59 +0200: Memory Usage (501108K) : metal6_res has 0 polygons
2026-08-28 18:20:59 +0200: Memory Usage (501812K) : pr_bndry has 64345 polygons
2026-08-28 18:20:59 +0200: Memory Usage (501812K) : border has 0 polygons
2026-08-28 18:20:59 +0200: Memory Usage (501812K) : Total no. of polygons in the design is 1741398
2026-08-28 18:20:59 +0200: Memory Usage (501812K) : Starting deriving base layers.
2026-08-28 18:21:05 +0200: Memory Usage (542264K) : Total area of the design is 1859250.0 um^2.
2026-08-28 18:21:05 +0200: Memory Usage (542264K) : Starting GF180MCU DRC rules.
2026-08-28 18:21:05 +0200: Memory Usage (542264K) : Running all FEOL rules
2026-08-28 18:21:05 +0200: Memory Usage (542264K) : Running all BEOL rules
2026-08-28 18:21:05 +0200: Memory Usage (542264K) : via2_split DRC Total Run time 8.708997199 seconds
28-Aug-2026 18:21:05 | INFO    | Running Global Foundries 180nm MCU /headless/aravindustries-repos/butterfold/butterfold_proto/physical/results/d03_ach_candidate/butterfold_top.gds checks on design geom on cell butterfold_top:
2026-08-28 18:21:06 +0200: Memory Usage (443784K) : Starting running GF180MCU Klayout DRC runset on /headless/aravindustries-repos/butterfold/butterfold_proto/physical/results/d03_ach_candidate/butterfold_top.gds
2026-08-28 18:21:06 +0200: Memory Usage (443784K) : Ruby Version for klayout: 3.2.3
2026-08-28 18:21:06 +0200: Memory Usage (489060K) : Loading database to memory is complete.
2026-08-28 18:21:06 +0200: Memory Usage (489060K) : GF180MCU Klayout DRC runset output at: /headless/aravindustries-repos/butterfold/butterfold_proto/physical/results/d03_ach_candidate/klayout_drc_pgfix/butterfold_top_geom.lyrdb
2026-08-28 18:21:06 +0200: Memory Usage (489060K) : Evaluate switches.
2026-08-28 18:21:06 +0200: Memory Usage (489060K) : table_name selected  geom
2026-08-28 18:21:06 +0200: Memory Usage (489060K) : CONNECTIVITY_RULES enabled: false
2026-08-28 18:21:06 +0200: Memory Usage (489060K) : Wedge enabled: false
2026-08-28 18:21:06 +0200: Memory Usage (489060K) : Ball enabled: false
2026-08-28 18:21:06 +0200: Memory Usage (489060K) : Gold enabled: false
2026-08-28 18:21:06 +0200: Memory Usage (489060K) : MIM Option selected: B
2026-08-28 18:21:06 +0200: Memory Usage (489060K) : Offgrid enabled:  true
2026-08-28 18:21:06 +0200: Memory Usage (489060K) : Number of threads to use 2
2026-08-28 18:21:06 +0200: Memory Usage (489060K) : Verbose mode: false
2026-08-28 18:21:06 +0200: Memory Usage (489060K) : flat  mode is enabled for geom table
2026-08-28 18:21:06 +0200: Memory Usage (489060K) : METAL_TOP Selected is 11K
2026-08-28 18:21:06 +0200: Memory Usage (489060K) : METAL_STACK Selected is 5LM
2026-08-28 18:21:06 +0200: Memory Usage (489060K) : FEOL enabled: true
2026-08-28 18:21:06 +0200: Memory Usage (489060K) : BEOL enabled: true
2026-08-28 18:21:06 +0200: Memory Usage (489060K) : DUMMY enabled: false
2026-08-28 18:21:06 +0200: Memory Usage (489060K) : SLOW_VIA enabled: false
2026-08-28 18:21:06 +0200: Memory Usage (489060K) : Read in polygons from layers.
2026-08-28 18:21:07 +0200: Memory Usage (534772K) : Construct connectivity for the design.
2026-08-28 18:21:07 +0200: Memory Usage (534772K) : Connectivity rules enabled, Netlist object will be generated.
2026-08-28 18:21:07 +0200: Memory Usage (526848K) : comp has 216638 polygons
2026-08-28 18:21:07 +0200: Memory Usage (526848K) : dnwell has 0 polygons
2026-08-28 18:21:07 +0200: Memory Usage (542164K) : nwell has 422 polygons
2026-08-28 18:21:08 +0200: Memory Usage (542164K) : lvpwell has 307 polygons
2026-08-28 18:21:08 +0200: Memory Usage (553252K) : dualgate has 3 polygons
2026-08-28 18:21:09 +0200: Memory Usage (614908K) : Total area of the design is 1859250.0 um^2.
2026-08-28 18:21:09 +0200: Memory Usage (614908K) : Starting GF180MCU DRC rules.
2026-08-28 18:21:09 +0200: Memory Usage (614908K) : Running all FEOL rules
2026-08-28 18:21:09 +0200: Memory Usage (614908K) : Running all BEOL rules
2026-08-28 18:21:09 +0200: Memory Usage (614908K) : lvpwell_split DRC Total Run time 10.376733308 seconds
2026-08-28 18:21:09 +0200: Memory Usage (554424K) : poly2 has 232293 polygons
28-Aug-2026 18:21:09 | INFO    | Running Global Foundries 180nm MCU /headless/aravindustries-repos/butterfold/butterfold_proto/physical/results/d03_ach_candidate/butterfold_top.gds checks on design via3 on cell butterfold_top:
2026-08-28 18:21:09 +0200: Memory Usage (579880K) : nplus has 1417 polygons
2026-08-28 18:21:09 +0200: Memory Usage (579880K) : pplus has 10152 polygons
2026-08-28 18:21:09 +0200: Memory Usage (579880K) : sab has 0 polygons
2026-08-28 18:21:09 +0200: Memory Usage (579880K) : esd has 0 polygons
2026-08-28 18:21:09 +0200: Memory Usage (579880K) : resistor has 0 polygons
2026-08-28 18:21:09 +0200: Memory Usage (579880K) : fhres has 0 polygons
2026-08-28 18:21:09 +0200: Memory Usage (579880K) : fusetop has 0 polygons
2026-08-28 18:21:09 +0200: Memory Usage (579880K) : fusewindow_d has 0 polygons
2026-08-28 18:21:09 +0200: Memory Usage (579880K) : polyfuse has 0 polygons
2026-08-28 18:21:09 +0200: Memory Usage (579880K) : mvsd has 0 polygons
2026-08-28 18:21:09 +0200: Memory Usage (579880K) : mvpsd has 0 polygons
2026-08-28 18:21:09 +0200: Memory Usage (579880K) : nat has 0 polygons
2026-08-28 18:21:09 +0200: Memory Usage (579880K) : comp_dummy has 0 polygons
2026-08-28 18:21:09 +0200: Memory Usage (579880K) : poly2_dummy has 0 polygons
2026-08-28 18:21:09 +0200: Memory Usage (579880K) : schottky_diode has 0 polygons
2026-08-28 18:21:09 +0200: Memory Usage (579880K) : zener has 0 polygons
2026-08-28 18:21:09 +0200: Memory Usage (579880K) : res_mk has 0 polygons
2026-08-28 18:21:09 +0200: Memory Usage (579880K) : opc_drc has 0 polygons
2026-08-28 18:21:10 +0200: Memory Usage (579880K) : v5_xtor has 3 polygons
2026-08-28 18:21:10 +0200: Memory Usage (579880K) : cap_mk has 0 polygons
2026-08-28 18:21:10 +0200: Memory Usage (579880K) : mos_cap_mk has 0 polygons
2026-08-28 18:21:10 +0200: Memory Usage (579880K) : ind_mk has 0 polygons
2026-08-28 18:21:10 +0200: Memory Usage (579880K) : diode_mk has 26 polygons
2026-08-28 18:21:10 +0200: Memory Usage (579880K) : drc_bjt has 0 polygons
2026-08-28 18:21:10 +0200: Memory Usage (579880K) : lvs_bjt has 0 polygons
2026-08-28 18:21:10 +0200: Memory Usage (579880K) : mim_l_mk has 0 polygons
2026-08-28 18:21:10 +0200: Memory Usage (579880K) : latchup_mk has 0 polygons
2026-08-28 18:21:10 +0200: Memory Usage (579880K) : guard_ring_mk has 0 polygons
2026-08-28 18:21:10 +0200: Memory Usage (579880K) : otp_mk has 0 polygons
2026-08-28 18:21:10 +0200: Memory Usage (579880K) : mtpmark has 0 polygons
2026-08-28 18:21:10 +0200: Memory Usage (579880K) : neo_ee_mk has 0 polygons
2026-08-28 18:21:10 +0200: Memory Usage (579880K) : sramcore has 4 polygons
2026-08-28 18:21:10 +0200: Memory Usage (579880K) : lvs_rf has 0 polygons
2026-08-28 18:21:10 +0200: Memory Usage (579880K) : lvs_drain has 0 polygons
2026-08-28 18:21:10 +0200: Memory Usage (579880K) : ind_mk has 0 polygons
2026-08-28 18:21:10 +0200: Memory Usage (579880K) : hvpolyrs has 0 polygons
2026-08-28 18:21:10 +0200: Memory Usage (579880K) : lvs_io has 0 polygons
2026-08-28 18:21:10 +0200: Memory Usage (579880K) : probe_mk has 0 polygons
2026-08-28 18:21:10 +0200: Memory Usage (579880K) : esd_mk has 0 polygons
2026-08-28 18:21:10 +0200: Memory Usage (579880K) : lvs_source has 0 polygons
2026-08-28 18:21:10 +0200: Memory Usage (579880K) : well_diode_mk has 0 polygons
2026-08-28 18:21:10 +0200: Memory Usage (579880K) : ldmos_xtor has 0 polygons
2026-08-28 18:21:10 +0200: Memory Usage (579880K) : plfuse has 0 polygons
2026-08-28 18:21:10 +0200: Memory Usage (579880K) : efuse_mk has 0 polygons
2026-08-28 18:21:10 +0200: Memory Usage (579880K) : mcell_feol_mk has 0 polygons
2026-08-28 18:21:10 +0200: Memory Usage (579880K) : ymtp_mk has 0 polygons
2026-08-28 18:21:10 +0200: Memory Usage (579880K) : dev_wf_mk has 0 polygons
2026-08-28 18:21:10 +0200: Memory Usage (579880K) : comp_label has 0 polygons
2026-08-28 18:21:10 +0200: Memory Usage (579880K) : poly2_label has 0 polygons
2026-08-28 18:21:10 +0200: Memory Usage (579880K) : mdiode has 0 polygons
2026-08-28 18:21:10 +0200: Memory Usage (579880K) : ndmy has 0 polygons
2026-08-28 18:21:10 +0200: Memory Usage (579880K) : pmndmy has 0 polygons
2026-08-28 18:21:10 +0200: Memory Usage (444044K) : Starting running GF180MCU Klayout DRC runset on /headless/aravindustries-repos/butterfold/butterfold_proto/physical/results/d03_ach_candidate/butterfold_top.gds
2026-08-28 18:21:10 +0200: Memory Usage (444044K) : Ruby Version for klayout: 3.2.3
2026-08-28 18:21:10 +0200: Memory Usage (489764K) : Loading database to memory is complete.
2026-08-28 18:21:10 +0200: Memory Usage (489764K) : GF180MCU Klayout DRC runset output at: /headless/aravindustries-repos/butterfold/butterfold_proto/physical/results/d03_ach_candidate/klayout_drc_pgfix/butterfold_top_via3.lyrdb
2026-08-28 18:21:10 +0200: Memory Usage (489956K) : Evaluate switches.
2026-08-28 18:21:10 +0200: Memory Usage (489956K) : table_name selected  via3
2026-08-28 18:21:10 +0200: Memory Usage (489956K) : CONNECTIVITY_RULES enabled: false
2026-08-28 18:21:10 +0200: Memory Usage (489956K) : Wedge enabled: false
2026-08-28 18:21:10 +0200: Memory Usage (489956K) : Ball enabled: false
2026-08-28 18:21:10 +0200: Memory Usage (489956K) : Gold enabled: false
2026-08-28 18:21:10 +0200: Memory Usage (489956K) : MIM Option selected: B
2026-08-28 18:21:10 +0200: Memory Usage (489956K) : Offgrid enabled:  true
2026-08-28 18:21:10 +0200: Memory Usage (489956K) : Number of threads to use 2
2026-08-28 18:21:10 +0200: Memory Usage (489956K) : Verbose mode: false
2026-08-28 18:21:10 +0200: Memory Usage (489956K) : flat  mode is enabled for via3 table
2026-08-28 18:21:10 +0200: Memory Usage (489956K) : METAL_TOP Selected is 11K
2026-08-28 18:21:10 +0200: Memory Usage (489956K) : METAL_STACK Selected is 5LM
2026-08-28 18:21:10 +0200: Memory Usage (489956K) : FEOL enabled: true
2026-08-28 18:21:10 +0200: Memory Usage (489956K) : BEOL enabled: true
2026-08-28 18:21:10 +0200: Memory Usage (489956K) : DUMMY enabled: false
2026-08-28 18:21:10 +0200: Memory Usage (489956K) : SLOW_VIA enabled: false
2026-08-28 18:21:10 +0200: Memory Usage (489956K) : Read in polygons from layers.
2026-08-28 18:21:11 +0200: Memory Usage (527516K) : comp has 216638 polygons
2026-08-28 18:21:11 +0200: Memory Usage (527516K) : dnwell has 0 polygons
2026-08-28 18:21:11 +0200: Memory Usage (542832K) : nwell has 422 polygons
2026-08-28 18:21:11 +0200: Memory Usage (542832K) : lvpwell has 307 polygons
2026-08-28 18:21:12 +0200: Memory Usage (553920K) : dualgate has 3 polygons
2026-08-28 18:21:13 +0200: Memory Usage (555200K) : poly2 has 232293 polygons
2026-08-28 18:21:13 +0200: Memory Usage (743576K) : contact has 1380000 polygons
2026-08-28 18:21:13 +0200: Memory Usage (580496K) : nplus has 1417 polygons
2026-08-28 18:21:13 +0200: Memory Usage (580496K) : pplus has 10152 polygons
2026-08-28 18:21:13 +0200: Memory Usage (580496K) : sab has 0 polygons
2026-08-28 18:21:13 +0200: Memory Usage (580496K) : esd has 0 polygons
2026-08-28 18:21:13 +0200: Memory Usage (580496K) : resistor has 0 polygons
2026-08-28 18:21:13 +0200: Memory Usage (580496K) : fhres has 0 polygons
2026-08-28 18:21:13 +0200: Memory Usage (580496K) : fusetop has 0 polygons
2026-08-28 18:21:13 +0200: Memory Usage (580496K) : fusewindow_d has 0 polygons
2026-08-28 18:21:13 +0200: Memory Usage (580496K) : polyfuse has 0 polygons
2026-08-28 18:21:13 +0200: Memory Usage (580496K) : mvsd has 0 polygons
2026-08-28 18:21:13 +0200: Memory Usage (580496K) : mvpsd has 0 polygons
2026-08-28 18:21:13 +0200: Memory Usage (580496K) : nat has 0 polygons
2026-08-28 18:21:13 +0200: Memory Usage (580496K) : comp_dummy has 0 polygons
2026-08-28 18:21:13 +0200: Memory Usage (580496K) : poly2_dummy has 0 polygons
2026-08-28 18:21:13 +0200: Memory Usage (580496K) : schottky_diode has 0 polygons
2026-08-28 18:21:13 +0200: Memory Usage (580496K) : zener has 0 polygons
2026-08-28 18:21:13 +0200: Memory Usage (580496K) : res_mk has 0 polygons
2026-08-28 18:21:13 +0200: Memory Usage (580496K) : opc_drc has 0 polygons
2026-08-28 18:21:14 +0200: Memory Usage (580496K) : v5_xtor has 3 polygons
2026-08-28 18:21:14 +0200: Memory Usage (580496K) : cap_mk has 0 polygons
2026-08-28 18:21:14 +0200: Memory Usage (580496K) : mos_cap_mk has 0 polygons
2026-08-28 18:21:14 +0200: Memory Usage (580496K) : ind_mk has 0 polygons
2026-08-28 18:21:14 +0200: Memory Usage (580496K) : diode_mk has 26 polygons
2026-08-28 18:21:14 +0200: Memory Usage (580496K) : drc_bjt has 0 polygons
2026-08-28 18:21:14 +0200: Memory Usage (580496K) : lvs_bjt has 0 polygons
2026-08-28 18:21:14 +0200: Memory Usage (580496K) : mim_l_mk has 0 polygons
2026-08-28 18:21:14 +0200: Memory Usage (580496K) : latchup_mk has 0 polygons
2026-08-28 18:21:14 +0200: Memory Usage (580496K) : guard_ring_mk has 0 polygons
2026-08-28 18:21:14 +0200: Memory Usage (580496K) : otp_mk has 0 polygons
2026-08-28 18:21:14 +0200: Memory Usage (580496K) : mtpmark has 0 polygons
2026-08-28 18:21:14 +0200: Memory Usage (580496K) : neo_ee_mk has 0 polygons
2026-08-28 18:21:14 +0200: Memory Usage (580496K) : sramcore has 4 polygons
2026-08-28 18:21:14 +0200: Memory Usage (580496K) : lvs_rf has 0 polygons
2026-08-28 18:21:14 +0200: Memory Usage (580496K) : lvs_drain has 0 polygons
2026-08-28 18:21:14 +0200: Memory Usage (580496K) : ind_mk has 0 polygons
2026-08-28 18:21:14 +0200: Memory Usage (580496K) : hvpolyrs has 0 polygons
2026-08-28 18:21:14 +0200: Memory Usage (580496K) : lvs_io has 0 polygons
2026-08-28 18:21:14 +0200: Memory Usage (580496K) : probe_mk has 0 polygons
2026-08-28 18:21:14 +0200: Memory Usage (580496K) : esd_mk has 0 polygons
2026-08-28 18:21:14 +0200: Memory Usage (580496K) : lvs_source has 0 polygons
2026-08-28 18:21:14 +0200: Memory Usage (580496K) : well_diode_mk has 0 polygons
2026-08-28 18:21:14 +0200: Memory Usage (580496K) : ldmos_xtor has 0 polygons
2026-08-28 18:21:14 +0200: Memory Usage (580496K) : plfuse has 0 polygons
2026-08-28 18:21:14 +0200: Memory Usage (580496K) : efuse_mk has 0 polygons
2026-08-28 18:21:14 +0200: Memory Usage (580496K) : mcell_feol_mk has 0 polygons
2026-08-28 18:21:14 +0200: Memory Usage (580496K) : ymtp_mk has 0 polygons
2026-08-28 18:21:14 +0200: Memory Usage (580496K) : dev_wf_mk has 0 polygons
2026-08-28 18:21:14 +0200: Memory Usage (580496K) : comp_label has 0 polygons
2026-08-28 18:21:14 +0200: Memory Usage (580496K) : poly2_label has 0 polygons
2026-08-28 18:21:14 +0200: Memory Usage (580496K) : mdiode has 0 polygons
2026-08-28 18:21:14 +0200: Memory Usage (580496K) : ndmy has 0 polygons
2026-08-28 18:21:14 +0200: Memory Usage (580496K) : pmndmy has 0 polygons
2026-08-28 18:21:16 +0200: Memory Usage (761488K) : metal1_drawn has 251861 polygons
2026-08-28 18:21:16 +0200: Memory Usage (761488K) : metal1_dummy has 0 polygons
2026-08-28 18:21:16 +0200: Memory Usage (761488K) : metal1_label has 0 polygons
2026-08-28 18:21:16 +0200: Memory Usage (761488K) : metal1_slot has 0 polygons
2026-08-28 18:21:16 +0200: Memory Usage (761488K) : metal1_blk has 0 polygons
2026-08-28 18:21:17 +0200: Memory Usage (767824K) : via1 has 96410 polygons
2026-08-28 18:21:17 +0200: Memory Usage (626216K) : metal1_drawn has 251861 polygons
2026-08-28 18:21:17 +0200: Memory Usage (767824K) : metal2_drawn has 51071 polygons
2026-08-28 18:21:17 +0200: Memory Usage (767824K) : metal2_dummy has 0 polygons
2026-08-28 18:21:17 +0200: Memory Usage (626216K) : metal1_dummy has 0 polygons
2026-08-28 18:21:17 +0200: Memory Usage (767824K) : metal2_label has 33 polygons
2026-08-28 18:21:17 +0200: Memory Usage (767824K) : metal2_slot has 0 polygons
2026-08-28 18:21:17 +0200: Memory Usage (767824K) : metal2_blk has 0 polygons
2026-08-28 18:21:17 +0200: Memory Usage (626216K) : metal1_label has 0 polygons
2026-08-28 18:21:17 +0200: Memory Usage (626216K) : metal1_slot has 0 polygons
2026-08-28 18:21:17 +0200: Memory Usage (626216K) : metal1_blk has 0 polygons
2026-08-28 18:21:17 +0200: Memory Usage (767824K) : via2 has 93152 polygons
2026-08-28 18:21:17 +0200: Memory Usage (767824K) : metal3_drawn has 25645 polygons
2026-08-28 18:21:17 +0200: Memory Usage (767824K) : metal3_dummy has 0 polygons
2026-08-28 18:21:17 +0200: Memory Usage (767824K) : metal3_label has 0 polygons
2026-08-28 18:21:17 +0200: Memory Usage (767824K) : metal3_slot has 0 polygons
2026-08-28 18:21:17 +0200: Memory Usage (767824K) : metal3_blk has 0 polygons
2026-08-28 18:21:17 +0200: Memory Usage (767824K) : via3 has 12363 polygons
2026-08-28 18:21:17 +0200: Memory Usage (767824K) : metal4_drawn has 2332 polygons
2026-08-28 18:21:17 +0200: Memory Usage (767824K) : metal4_dummy has 0 polygons
2026-08-28 18:21:17 +0200: Memory Usage (767824K) : metal4_label has 0 polygons
2026-08-28 18:21:17 +0200: Memory Usage (767824K) : metal4_slot has 0 polygons
2026-08-28 18:21:18 +0200: Memory Usage (767824K) : metal4_blk has 0 polygons
2026-08-28 18:21:18 +0200: Memory Usage (767824K) : via4 has 2643 polygons
2026-08-28 18:21:18 +0200: Memory Usage (767824K) : metal5_drawn has 491 polygons
2026-08-28 18:21:18 +0200: Memory Usage (767824K) : metal5_dummy has 0 polygons
2026-08-28 18:21:18 +0200: Memory Usage (767824K) : metal5_label has 0 polygons
2026-08-28 18:21:18 +0200: Memory Usage (767824K) : metal5_slot has 0 polygons
2026-08-28 18:21:18 +0200: Memory Usage (767824K) : metal5_blk has 0 polygons
2026-08-28 18:21:18 +0200: Memory Usage (767824K) : pad has 0 polygons
2026-08-28 18:21:18 +0200: Memory Usage (767824K) : ubmpperi has 0 polygons
2026-08-28 18:21:18 +0200: Memory Usage (767824K) : ubmparray has 0 polygons
2026-08-28 18:21:18 +0200: Memory Usage (767824K) : ubmeplate has 0 polygons
2026-08-28 18:21:18 +0200: Memory Usage (767824K) : metal1_res has 0 polygons
2026-08-28 18:21:18 +0200: Memory Usage (767824K) : metal2_res has 0 polygons
2026-08-28 18:21:18 +0200: Memory Usage (767824K) : metal3_res has 0 polygons
2026-08-28 18:21:18 +0200: Memory Usage (767824K) : metal4_res has 0 polygons
2026-08-28 18:21:18 +0200: Memory Usage (767824K) : metal5_res has 0 polygons
2026-08-28 18:21:18 +0200: Memory Usage (767824K) : metal6_res has 0 polygons
2026-08-28 18:21:18 +0200: Memory Usage (632200K) : metal2_drawn has 51071 polygons
2026-08-28 18:21:18 +0200: Memory Usage (632200K) : metal2_dummy has 0 polygons
2026-08-28 18:21:18 +0200: Memory Usage (632200K) : metal2_label has 33 polygons
2026-08-28 18:21:18 +0200: Memory Usage (632200K) : metal2_slot has 0 polygons
2026-08-28 18:21:18 +0200: Memory Usage (632200K) : metal2_blk has 0 polygons
2026-08-28 18:21:18 +0200: Memory Usage (632200K) : metal3_drawn has 25645 polygons
2026-08-28 18:21:18 +0200: Memory Usage (632200K) : metal3_dummy has 0 polygons
2026-08-28 18:21:18 +0200: Memory Usage (632200K) : metal3_label has 0 polygons
2026-08-28 18:21:18 +0200: Memory Usage (632200K) : metal3_slot has 0 polygons
2026-08-28 18:21:18 +0200: Memory Usage (632200K) : metal3_blk has 0 polygons
2026-08-28 18:21:18 +0200: Memory Usage (769056K) : pr_bndry has 1 polygons
2026-08-28 18:21:18 +0200: Memory Usage (769056K) : border has 0 polygons
2026-08-28 18:21:18 +0200: Memory Usage (769056K) : Total no. of polygons in the design is 2377267
2026-08-28 18:21:18 +0200: Memory Usage (769056K) : Starting deriving base layers.
2026-08-28 18:21:18 +0200: Memory Usage (632200K) : via3 has 12363 polygons
2026-08-28 18:21:18 +0200: Memory Usage (632200K) : metal4_drawn has 2332 polygons
2026-08-28 18:21:18 +0200: Memory Usage (632200K) : metal4_dummy has 0 polygons
2026-08-28 18:21:18 +0200: Memory Usage (632200K) : metal4_label has 0 polygons
2026-08-28 18:21:18 +0200: Memory Usage (632200K) : metal4_slot has 0 polygons
2026-08-28 18:21:18 +0200: Memory Usage (632200K) : metal4_blk has 0 polygons
2026-08-28 18:21:18 +0200: Memory Usage (632200K) : via4 has 2643 polygons
2026-08-28 18:21:18 +0200: Memory Usage (632200K) : metal5_drawn has 491 polygons
2026-08-28 18:21:18 +0200: Memory Usage (632200K) : metal5_dummy has 0 polygons
2026-08-28 18:21:18 +0200: Memory Usage (632200K) : metal5_label has 0 polygons
2026-08-28 18:21:18 +0200: Memory Usage (632200K) : metal5_slot has 0 polygons
2026-08-28 18:21:18 +0200: Memory Usage (632200K) : metal5_blk has 0 polygons
2026-08-28 18:21:18 +0200: Memory Usage (632200K) : pad has 0 polygons
2026-08-28 18:21:18 +0200: Memory Usage (632200K) : ubmpperi has 0 polygons
2026-08-28 18:21:18 +0200: Memory Usage (632200K) : ubmparray has 0 polygons
2026-08-28 18:21:18 +0200: Memory Usage (632200K) : ubmeplate has 0 polygons
2026-08-28 18:21:18 +0200: Memory Usage (632200K) : metal1_res has 0 polygons
2026-08-28 18:21:18 +0200: Memory Usage (632200K) : metal2_res has 0 polygons
2026-08-28 18:21:18 +0200: Memory Usage (632200K) : metal3_res has 0 polygons
2026-08-28 18:21:18 +0200: Memory Usage (632200K) : metal4_res has 0 polygons
2026-08-28 18:21:18 +0200: Memory Usage (632200K) : metal5_res has 0 polygons
2026-08-28 18:21:18 +0200: Memory Usage (632200K) : metal6_res has 0 polygons
2026-08-28 18:21:18 +0200: Memory Usage (632200K) : pr_bndry has 1 polygons
2026-08-28 18:21:18 +0200: Memory Usage (632200K) : border has 0 polygons
2026-08-28 18:21:18 +0200: Memory Usage (632200K) : Total no. of polygons in the design is 807705
2026-08-28 18:21:18 +0200: Memory Usage (632200K) : Starting deriving base layers.
2026-08-28 18:21:30 +0200: Memory Usage (1090036K) : Total area of the design is 1859250.0 um^2.
2026-08-28 18:21:30 +0200: Memory Usage (1090036K) : Starting GF180MCU DRC rules.
2026-08-28 18:21:30 +0200: Memory Usage (1090036K) : Running all FEOL rules
2026-08-28 18:21:30 +0200: Memory Usage (1090036K) : Running all BEOL rules
2026-08-28 18:21:30 +0200: Memory Usage (1090036K) : OFFGRID-ANGLES section
2026-08-28 18:21:30 +0200: Memory Usage (1090036K) : Executing rule comp_OFFGRID
2026-08-28 18:21:30 +0200: Memory Usage (929808K) : Total area of the design is 1859250.0 um^2.
2026-08-28 18:21:30 +0200: Memory Usage (929808K) : Starting GF180MCU DRC rules.
2026-08-28 18:21:30 +0200: Memory Usage (929808K) : Running all FEOL rules
2026-08-28 18:21:30 +0200: Memory Usage (929808K) : Running all BEOL rules
2026-08-28 18:21:30 +0200: Memory Usage (929808K) : Executing rule V3.1
2026-08-28 18:21:30 +0200: Memory Usage (930020K) : Executing rule V3.2a
2026-08-28 18:21:30 +0200: Memory Usage (930436K) : Executing rule V3.2b
2026-08-28 18:21:30 +0200: Memory Usage (930436K) : Executing rule V3.3b
2026-08-28 18:21:30 +0200: Memory Usage (930436K) : Executing rule V3.3c
2026-08-28 18:21:31 +0200: Memory Usage (1107316K) : Executing rule dnwell_OFFGRID
2026-08-28 18:21:31 +0200: Memory Usage (1107316K) : Executing rule nwell_OFFGRID
2026-08-28 18:21:31 +0200: Memory Usage (930820K) : Executing rule V3.3d
2026-08-28 18:21:31 +0200: Memory Usage (1107316K) : Executing rule lvpwell_OFFGRID
2026-08-28 18:21:31 +0200: Memory Usage (1107316K) : Executing rule dualgate_OFFGRID
2026-08-28 18:21:31 +0200: Memory Usage (1107316K) : Executing rule poly2_OFFGRID
2026-08-28 18:21:31 +0200: Memory Usage (931012K) : Executing rule V3.4a
2026-08-28 18:21:32 +0200: Memory Usage (931012K) : Executing rule V3.4b
2026-08-28 18:21:32 +0200: Memory Usage (931012K) : Executing rule V3.4c
2026-08-28 18:21:32 +0200: Memory Usage (931012K) : via3 DRC Total Run time 21.689256298 seconds
2026-08-28 18:21:32 +0200: Memory Usage (1157596K) : Executing rule nplus_OFFGRID
28-Aug-2026 18:21:32 | INFO    | Running Global Foundries 180nm MCU /headless/aravindustries-repos/butterfold/butterfold_proto/physical/results/d03_ach_candidate/butterfold_top.gds checks on design metal3 on cell butterfold_top:
2026-08-28 18:21:32 +0200: Memory Usage (1157596K) : Executing rule pplus_OFFGRID
2026-08-28 18:21:32 +0200: Memory Usage (1068916K) : Executing rule sab_OFFGRID
2026-08-28 18:21:32 +0200: Memory Usage (1068916K) : Executing rule esd_OFFGRID
2026-08-28 18:21:32 +0200: Memory Usage (1068916K) : Executing rule resistor_OFFGRID
2026-08-28 18:21:32 +0200: Memory Usage (1068916K) : Executing rule fhres_OFFGRID
2026-08-28 18:21:32 +0200: Memory Usage (1068916K) : Executing rule fusetop_OFFGRID
2026-08-28 18:21:32 +0200: Memory Usage (1068916K) : Executing rule fusewindow_d_OFFGRID
2026-08-28 18:21:32 +0200: Memory Usage (1068916K) : Executing rule polyfuse_OFFGRID
2026-08-28 18:21:32 +0200: Memory Usage (1068916K) : Executing rule mvsd_OFFGRID
2026-08-28 18:21:32 +0200: Memory Usage (1068916K) : Executing rule mvpsd_OFFGRID
2026-08-28 18:21:32 +0200: Memory Usage (1068916K) : Executing rule nat_OFFGRID
2026-08-28 18:21:32 +0200: Memory Usage (1068916K) : Executing rule comp_dummy_OFFGRID
2026-08-28 18:21:32 +0200: Memory Usage (1068916K) : Executing rule poly2_dummy_OFFGRID
2026-08-28 18:21:32 +0200: Memory Usage (1068916K) : Executing rule schottky_diode_OFFGRID
2026-08-28 18:21:32 +0200: Memory Usage (1068916K) : Executing rule zener_OFFGRID
2026-08-28 18:21:32 +0200: Memory Usage (1068916K) : Executing rule res_mk_OFFGRID
2026-08-28 18:21:32 +0200: Memory Usage (1068916K) : Executing rule opc_drc_OFFGRID
2026-08-28 18:21:32 +0200: Memory Usage (1068916K) : Executing rule ndmy_OFFGRID
2026-08-28 18:21:32 +0200: Memory Usage (1068916K) : Executing rule pmndmy_OFFGRID
2026-08-28 18:21:32 +0200: Memory Usage (1068916K) : Executing rule v5_xtor_OFFGRID
2026-08-28 18:21:32 +0200: Memory Usage (1068916K) : Executing rule cap_mk_OFFGRID
2026-08-28 18:21:32 +0200: Memory Usage (1068916K) : Executing rule mos_cap_mk_OFFGRID
2026-08-28 18:21:32 +0200: Memory Usage (1068916K) : Executing rule ind_mk_OFFGRID
2026-08-28 18:21:32 +0200: Memory Usage (1068916K) : Executing rule diode_mk_OFFGRID
2026-08-28 18:21:32 +0200: Memory Usage (1068916K) : Executing rule drc_bjt_OFFGRID
2026-08-28 18:21:32 +0200: Memory Usage (1068916K) : Executing rule lvs_bjt_OFFGRID
2026-08-28 18:21:32 +0200: Memory Usage (1068916K) : Executing rule mim_l_mk_OFFGRID
2026-08-28 18:21:32 +0200: Memory Usage (1068916K) : Executing rule latchup_mk_OFFGRID
2026-08-28 18:21:32 +0200: Memory Usage (1068916K) : Executing rule guard_ring_mk_OFFGRID
2026-08-28 18:21:32 +0200: Memory Usage (1068916K) : Executing rule otp_mk_OFFGRID
2026-08-28 18:21:32 +0200: Memory Usage (1068916K) : Executing rule mtpmark_OFFGRID
2026-08-28 18:21:32 +0200: Memory Usage (1068916K) : Executing rule neo_ee_mk_OFFGRID
2026-08-28 18:21:32 +0200: Memory Usage (1068916K) : Executing rule sramcore_OFFGRID
2026-08-28 18:21:32 +0200: Memory Usage (1068916K) : Executing rule lvs_rf_OFFGRID
2026-08-28 18:21:32 +0200: Memory Usage (1069092K) : Executing rule lvs_drain_OFFGRID
2026-08-28 18:21:32 +0200: Memory Usage (1069092K) : Executing rule ind_mk_OFFGRID
2026-08-28 18:21:32 +0200: Memory Usage (1069288K) : Executing rule hvpolyrs_OFFGRID
2026-08-28 18:21:32 +0200: Memory Usage (1069288K) : Executing rule lvs_io_OFFGRID
2026-08-28 18:21:32 +0200: Memory Usage (1069288K) : Executing rule probe_mk_OFFGRID
2026-08-28 18:21:32 +0200: Memory Usage (1069288K) : Executing rule esd_mk_OFFGRID
2026-08-28 18:21:32 +0200: Memory Usage (1069288K) : Executing rule lvs_source_OFFGRID
2026-08-28 18:21:32 +0200: Memory Usage (1069288K) : Executing rule well_diode_mk_OFFGRID
2026-08-28 18:21:32 +0200: Memory Usage (1069288K) : Executing rule ldmos_xtor_OFFGRID
2026-08-28 18:21:32 +0200: Memory Usage (1069288K) : Executing rule plfuse_OFFGRID
2026-08-28 18:21:32 +0200: Memory Usage (1069288K) : Executing rule efuse_mk_OFFGRID
2026-08-28 18:21:32 +0200: Memory Usage (1069288K) : Executing rule mcell_feol_mk_OFFGRID
2026-08-28 18:21:32 +0200: Memory Usage (1069288K) : Executing rule ymtp_mk_OFFGRID
2026-08-28 18:21:32 +0200: Memory Usage (1069464K) : Executing rule dev_wf_mk_OFFGRID
2026-08-28 18:21:32 +0200: Memory Usage (1069464K) : Executing rule comp_label_OFFGRID
2026-08-28 18:21:32 +0200: Memory Usage (1069464K) : Executing rule poly2_label_OFFGRID
2026-08-28 18:21:32 +0200: Memory Usage (1069464K) : Executing rule mdiode_OFFGRID
2026-08-28 18:21:32 +0200: Memory Usage (1069464K) : Executing rule contact_OFFGRID
2026-08-28 18:21:33 +0200: Memory Usage (443272K) : Starting running GF180MCU Klayout DRC runset on /headless/aravindustries-repos/butterfold/butterfold_proto/physical/results/d03_ach_candidate/butterfold_top.gds
2026-08-28 18:21:33 +0200: Memory Usage (443272K) : Ruby Version for klayout: 3.2.3
2026-08-28 18:21:34 +0200: Memory Usage (488892K) : Loading database to memory is complete.
2026-08-28 18:21:34 +0200: Memory Usage (488892K) : GF180MCU Klayout DRC runset output at: /headless/aravindustries-repos/butterfold/butterfold_proto/physical/results/d03_ach_candidate/klayout_drc_pgfix/butterfold_top_metal3.lyrdb
2026-08-28 18:21:34 +0200: Memory Usage (488892K) : Evaluate switches.
2026-08-28 18:21:34 +0200: Memory Usage (488892K) : table_name selected  metal3
2026-08-28 18:21:34 +0200: Memory Usage (488892K) : CONNECTIVITY_RULES enabled: false
2026-08-28 18:21:34 +0200: Memory Usage (488892K) : Wedge enabled: false
2026-08-28 18:21:34 +0200: Memory Usage (488892K) : Ball enabled: false
2026-08-28 18:21:34 +0200: Memory Usage (488892K) : Gold enabled: false
2026-08-28 18:21:34 +0200: Memory Usage (488892K) : MIM Option selected: B
2026-08-28 18:21:34 +0200: Memory Usage (488892K) : Offgrid enabled:  true
2026-08-28 18:21:34 +0200: Memory Usage (488892K) : Number of threads to use 2
2026-08-28 18:21:34 +0200: Memory Usage (488892K) : Verbose mode: false
2026-08-28 18:21:34 +0200: Memory Usage (488892K) : flat  mode is enabled for metal3 table
2026-08-28 18:21:34 +0200: Memory Usage (488892K) : METAL_TOP Selected is 11K
2026-08-28 18:21:34 +0200: Memory Usage (488892K) : METAL_STACK Selected is 5LM
2026-08-28 18:21:34 +0200: Memory Usage (488892K) : FEOL enabled: true
2026-08-28 18:21:34 +0200: Memory Usage (488892K) : BEOL enabled: true
2026-08-28 18:21:34 +0200: Memory Usage (488892K) : DUMMY enabled: false
2026-08-28 18:21:34 +0200: Memory Usage (488892K) : SLOW_VIA enabled: false
2026-08-28 18:21:34 +0200: Memory Usage (488892K) : Read in polygons from layers.
2026-08-28 18:21:34 +0200: Memory Usage (526528K) : comp has 216638 polygons
2026-08-28 18:21:34 +0200: Memory Usage (526528K) : dnwell has 0 polygons
2026-08-28 18:21:35 +0200: Memory Usage (541804K) : nwell has 422 polygons
2026-08-28 18:21:35 +0200: Memory Usage (541804K) : lvpwell has 307 polygons
2026-08-28 18:21:35 +0200: Memory Usage (552892K) : dualgate has 3 polygons
2026-08-28 18:21:36 +0200: Memory Usage (554132K) : poly2 has 232293 polygons
2026-08-28 18:21:36 +0200: Memory Usage (579588K) : nplus has 1417 polygons
2026-08-28 18:21:37 +0200: Memory Usage (579588K) : pplus has 10152 polygons
2026-08-28 18:21:37 +0200: Memory Usage (579588K) : sab has 0 polygons
2026-08-28 18:21:37 +0200: Memory Usage (579588K) : esd has 0 polygons
2026-08-28 18:21:37 +0200: Memory Usage (579588K) : resistor has 0 polygons
2026-08-28 18:21:37 +0200: Memory Usage (579588K) : fhres has 0 polygons
2026-08-28 18:21:37 +0200: Memory Usage (579588K) : fusetop has 0 polygons
2026-08-28 18:21:37 +0200: Memory Usage (579588K) : fusewindow_d has 0 polygons
2026-08-28 18:21:37 +0200: Memory Usage (579588K) : polyfuse has 0 polygons
2026-08-28 18:21:37 +0200: Memory Usage (579588K) : mvsd has 0 polygons
2026-08-28 18:21:37 +0200: Memory Usage (579588K) : mvpsd has 0 polygons
2026-08-28 18:21:37 +0200: Memory Usage (579588K) : nat has 0 polygons
2026-08-28 18:21:37 +0200: Memory Usage (579588K) : comp_dummy has 0 polygons
2026-08-28 18:21:37 +0200: Memory Usage (579588K) : poly2_dummy has 0 polygons
2026-08-28 18:21:37 +0200: Memory Usage (579588K) : schottky_diode has 0 polygons
2026-08-28 18:21:37 +0200: Memory Usage (579588K) : zener has 0 polygons
2026-08-28 18:21:37 +0200: Memory Usage (579588K) : res_mk has 0 polygons
2026-08-28 18:21:37 +0200: Memory Usage (579588K) : opc_drc has 0 polygons
2026-08-28 18:21:37 +0200: Memory Usage (579588K) : v5_xtor has 3 polygons
2026-08-28 18:21:37 +0200: Memory Usage (579588K) : cap_mk has 0 polygons
2026-08-28 18:21:37 +0200: Memory Usage (579588K) : mos_cap_mk has 0 polygons
2026-08-28 18:21:37 +0200: Memory Usage (579588K) : ind_mk has 0 polygons
2026-08-28 18:21:37 +0200: Memory Usage (579588K) : diode_mk has 26 polygons
2026-08-28 18:21:37 +0200: Memory Usage (579588K) : drc_bjt has 0 polygons
2026-08-28 18:21:37 +0200: Memory Usage (579588K) : lvs_bjt has 0 polygons
2026-08-28 18:21:37 +0200: Memory Usage (579588K) : mim_l_mk has 0 polygons
2026-08-28 18:21:37 +0200: Memory Usage (579588K) : latchup_mk has 0 polygons
2026-08-28 18:21:37 +0200: Memory Usage (579588K) : guard_ring_mk has 0 polygons
2026-08-28 18:21:37 +0200: Memory Usage (579588K) : otp_mk has 0 polygons
2026-08-28 18:21:37 +0200: Memory Usage (579588K) : mtpmark has 0 polygons
2026-08-28 18:21:37 +0200: Memory Usage (579588K) : neo_ee_mk has 0 polygons
2026-08-28 18:21:37 +0200: Memory Usage (579588K) : sramcore has 4 polygons
2026-08-28 18:21:37 +0200: Memory Usage (579588K) : lvs_rf has 0 polygons
2026-08-28 18:21:37 +0200: Memory Usage (579588K) : lvs_drain has 0 polygons
2026-08-28 18:21:37 +0200: Memory Usage (579588K) : ind_mk has 0 polygons
2026-08-28 18:21:37 +0200: Memory Usage (579588K) : hvpolyrs has 0 polygons
2026-08-28 18:21:37 +0200: Memory Usage (579588K) : lvs_io has 0 polygons
2026-08-28 18:21:37 +0200: Memory Usage (579588K) : probe_mk has 0 polygons
2026-08-28 18:21:37 +0200: Memory Usage (579588K) : esd_mk has 0 polygons
2026-08-28 18:21:37 +0200: Memory Usage (579588K) : lvs_source has 0 polygons
2026-08-28 18:21:37 +0200: Memory Usage (579588K) : well_diode_mk has 0 polygons
2026-08-28 18:21:37 +0200: Memory Usage (579588K) : ldmos_xtor has 0 polygons
2026-08-28 18:21:37 +0200: Memory Usage (579588K) : plfuse has 0 polygons
2026-08-28 18:21:37 +0200: Memory Usage (579588K) : efuse_mk has 0 polygons
2026-08-28 18:21:37 +0200: Memory Usage (579588K) : mcell_feol_mk has 0 polygons
2026-08-28 18:21:37 +0200: Memory Usage (579588K) : ymtp_mk has 0 polygons
2026-08-28 18:21:37 +0200: Memory Usage (579588K) : dev_wf_mk has 0 polygons
2026-08-28 18:21:37 +0200: Memory Usage (579588K) : comp_label has 0 polygons
2026-08-28 18:21:37 +0200: Memory Usage (579588K) : poly2_label has 0 polygons
2026-08-28 18:21:37 +0200: Memory Usage (579588K) : mdiode has 0 polygons
2026-08-28 18:21:37 +0200: Memory Usage (579588K) : ndmy has 0 polygons
2026-08-28 18:21:37 +0200: Memory Usage (579588K) : pmndmy has 0 polygons
2026-08-28 18:21:39 +0200: Memory Usage (1085876K) : Executing rule metal1_OFFGRID
2026-08-28 18:21:40 +0200: Memory Usage (625224K) : metal1_drawn has 251861 polygons
2026-08-28 18:21:40 +0200: Memory Usage (625224K) : metal1_dummy has 0 polygons
2026-08-28 18:21:40 +0200: Memory Usage (625224K) : metal1_label has 0 polygons
2026-08-28 18:21:40 +0200: Memory Usage (625224K) : metal1_slot has 0 polygons
2026-08-28 18:21:40 +0200: Memory Usage (625224K) : metal1_blk has 0 polygons
2026-08-28 18:21:41 +0200: Memory Usage (631208K) : metal2_drawn has 51071 polygons
2026-08-28 18:21:41 +0200: Memory Usage (631208K) : metal2_dummy has 0 polygons
2026-08-28 18:21:41 +0200: Memory Usage (631208K) : metal2_label has 33 polygons
2026-08-28 18:21:41 +0200: Memory Usage (631208K) : metal2_slot has 0 polygons
2026-08-28 18:21:41 +0200: Memory Usage (631208K) : metal2_blk has 0 polygons
2026-08-28 18:21:41 +0200: Memory Usage (631208K) : metal3_drawn has 25645 polygons
2026-08-28 18:21:41 +0200: Memory Usage (631208K) : metal3_dummy has 0 polygons
2026-08-28 18:21:41 +0200: Memory Usage (631208K) : metal3_label has 0 polygons
2026-08-28 18:21:41 +0200: Memory Usage (631208K) : metal3_slot has 0 polygons
2026-08-28 18:21:41 +0200: Memory Usage (631208K) : metal3_blk has 0 polygons
2026-08-28 18:21:41 +0200: Memory Usage (631208K) : via3 has 12363 polygons
2026-08-28 18:21:41 +0200: Memory Usage (631208K) : metal4_drawn has 2332 polygons
2026-08-28 18:21:41 +0200: Memory Usage (631208K) : metal4_dummy has 0 polygons
2026-08-28 18:21:41 +0200: Memory Usage (631208K) : metal4_label has 0 polygons
2026-08-28 18:21:41 +0200: Memory Usage (631208K) : metal4_slot has 0 polygons
2026-08-28 18:21:41 +0200: Memory Usage (631208K) : metal4_blk has 0 polygons
2026-08-28 18:21:41 +0200: Memory Usage (631208K) : via4 has 2643 polygons
2026-08-28 18:21:41 +0200: Memory Usage (631208K) : metal5_drawn has 491 polygons
2026-08-28 18:21:41 +0200: Memory Usage (631208K) : metal5_dummy has 0 polygons
2026-08-28 18:21:41 +0200: Memory Usage (631208K) : metal5_label has 0 polygons
2026-08-28 18:21:41 +0200: Memory Usage (631208K) : metal5_slot has 0 polygons
2026-08-28 18:21:41 +0200: Memory Usage (631208K) : metal5_blk has 0 polygons
2026-08-28 18:21:41 +0200: Memory Usage (631208K) : pad has 0 polygons
2026-08-28 18:21:41 +0200: Memory Usage (631208K) : ubmpperi has 0 polygons
2026-08-28 18:21:41 +0200: Memory Usage (631208K) : ubmparray has 0 polygons
2026-08-28 18:21:41 +0200: Memory Usage (631208K) : ubmeplate has 0 polygons
2026-08-28 18:21:41 +0200: Memory Usage (631208K) : metal1_res has 0 polygons
2026-08-28 18:21:41 +0200: Memory Usage (631208K) : metal2_res has 0 polygons
2026-08-28 18:21:41 +0200: Memory Usage (631208K) : metal3_res has 0 polygons
2026-08-28 18:21:41 +0200: Memory Usage (631208K) : metal4_res has 0 polygons
2026-08-28 18:21:41 +0200: Memory Usage (631208K) : metal5_res has 0 polygons
2026-08-28 18:21:41 +0200: Memory Usage (631208K) : metal6_res has 0 polygons
2026-08-28 18:21:41 +0200: Memory Usage (631208K) : pr_bndry has 1 polygons
2026-08-28 18:21:41 +0200: Memory Usage (631208K) : border has 0 polygons
2026-08-28 18:21:41 +0200: Memory Usage (631208K) : Total no. of polygons in the design is 807705
2026-08-28 18:21:41 +0200: Memory Usage (631208K) : Starting deriving base layers.
2026-08-28 18:21:44 +0200: Memory Usage (1178744K) : Executing rule metal1_slot_OFFGRID
2026-08-28 18:21:44 +0200: Memory Usage (1178744K) : Executing rule metal1_blk_OFFGRID
2026-08-28 18:21:44 +0200: Memory Usage (1178744K) : Executing rule metal1_label_OFFGRID
2026-08-28 18:21:44 +0200: Memory Usage (1178744K) : Executing rule via1_OFFGRID
2026-08-28 18:21:45 +0200: Memory Usage (1133256K) : Executing rule metal2_OFFGRID
2026-08-28 18:21:45 +0200: Memory Usage (1133256K) : Executing rule metal2_label_OFFGRID
2026-08-28 18:21:45 +0200: Memory Usage (1133256K) : Executing rule metal2_slot_OFFGRID
2026-08-28 18:21:45 +0200: Memory Usage (1133256K) : Executing rule metal2_blk_OFFGRID
2026-08-28 18:21:45 +0200: Memory Usage (1133256K) : Executing rule via2_OFFGRID
2026-08-28 18:21:46 +0200: Memory Usage (1136952K) : Executing rule metal3_OFFGRID
2026-08-28 18:21:46 +0200: Memory Usage (1136952K) : Executing rule metal3_dummy_OFFGRID
2026-08-28 18:21:46 +0200: Memory Usage (1136952K) : Executing rule metal3_label_OFFGRID
2026-08-28 18:21:46 +0200: Memory Usage (1136952K) : Executing rule metal3_blk_OFFGRID
2026-08-28 18:21:46 +0200: Memory Usage (1136952K) : Executing rule via3_OFFGRID
2026-08-28 18:21:46 +0200: Memory Usage (1136952K) : Executing rule metal4_OFFGRID
2026-08-28 18:21:46 +0200: Memory Usage (1136952K) : Executing rule metal4_dummy_OFFGRID
2026-08-28 18:21:46 +0200: Memory Usage (1136952K) : Executing rule metal4_label_OFFGRID
2026-08-28 18:21:46 +0200: Memory Usage (1136952K) : Executing rule metal4_blk_OFFGRID
2026-08-28 18:21:46 +0200: Memory Usage (1136952K) : Executing rule via4_OFFGRID
2026-08-28 18:21:46 +0200: Memory Usage (1136952K) : Executing rule metal5_OFFGRID
2026-08-28 18:21:46 +0200: Memory Usage (1136952K) : Executing rule metal5_dummy_OFFGRID
2026-08-28 18:21:46 +0200: Memory Usage (1136952K) : Executing rule metal5_label_OFFGRID
2026-08-28 18:21:46 +0200: Memory Usage (1136952K) : Executing rule metal5_blk_OFFGRID
2026-08-28 18:21:46 +0200: Memory Usage (1136952K) : Executing rule pad_OFFGRID
2026-08-28 18:21:46 +0200: Memory Usage (1136952K) : Executing rule ubmpperi_OFFGRID
2026-08-28 18:21:46 +0200: Memory Usage (1136952K) : Executing rule ubmparray_OFFGRID
2026-08-28 18:21:46 +0200: Memory Usage (1136952K) : Executing rule ubmeplate_OFFGRID
2026-08-28 18:21:46 +0200: Memory Usage (1136952K) : Executing rule metal1_res_OFFGRID
2026-08-28 18:21:46 +0200: Memory Usage (1136952K) : Executing rule metal2_res_OFFGRID
2026-08-28 18:21:46 +0200: Memory Usage (1136952K) : Executing rule metal3_res_OFFGRID
2026-08-28 18:21:46 +0200: Memory Usage (1136952K) : Executing rule metal4_res_OFFGRID
2026-08-28 18:21:46 +0200: Memory Usage (1136952K) : Executing rule metal5_res_OFFGRID
2026-08-28 18:21:46 +0200: Memory Usage (1136952K) : Executing rule metal6_res_OFFGRID
2026-08-28 18:21:46 +0200: Memory Usage (1136952K) : Executing rule pr_bndry_OFFGRID
2026-08-28 18:21:46 +0200: Memory Usage (1136952K) : Executing rule border_OFFGRID
2026-08-28 18:21:46 +0200: Memory Usage (1136952K) : geom DRC Total Run time 39.855651624 seconds
28-Aug-2026 18:21:47 | INFO    | Running Global Foundries 180nm MCU /headless/aravindustries-repos/butterfold/butterfold_proto/physical/results/d03_ach_candidate/butterfold_top.gds checks on design contact_split on cell butterfold_top:
2026-08-28 18:21:48 +0200: Memory Usage (443908K) : Starting running GF180MCU Klayout DRC runset on /headless/aravindustries-repos/butterfold/butterfold_proto/physical/results/d03_ach_candidate/butterfold_top.gds
2026-08-28 18:21:48 +0200: Memory Usage (443908K) : Ruby Version for klayout: 3.2.3
2026-08-28 18:21:48 +0200: Memory Usage (489552K) : Loading database to memory is complete.
2026-08-28 18:21:48 +0200: Memory Usage (489552K) : GF180MCU Klayout DRC runset output at: /headless/aravindustries-repos/butterfold/butterfold_proto/physical/results/d03_ach_candidate/klayout_drc_pgfix/butterfold_top_contact_split.lyrdb
2026-08-28 18:21:48 +0200: Memory Usage (489740K) : Evaluate switches.
2026-08-28 18:21:48 +0200: Memory Usage (489740K) : table_name selected  contact_split
2026-08-28 18:21:48 +0200: Memory Usage (489740K) : CONNECTIVITY_RULES enabled: false
2026-08-28 18:21:48 +0200: Memory Usage (489740K) : Wedge enabled: false
2026-08-28 18:21:48 +0200: Memory Usage (489740K) : Ball enabled: false
2026-08-28 18:21:48 +0200: Memory Usage (489740K) : Gold enabled: false
2026-08-28 18:21:48 +0200: Memory Usage (489740K) : MIM Option selected: B
2026-08-28 18:21:48 +0200: Memory Usage (489740K) : Offgrid enabled:  true
2026-08-28 18:21:48 +0200: Memory Usage (489740K) : Number of threads to use 2
2026-08-28 18:21:48 +0200: Memory Usage (489740K) : Verbose mode: false
2026-08-28 18:21:48 +0200: Memory Usage (489740K) : deep  mode is enabled for contact_split table
2026-08-28 18:21:48 +0200: Memory Usage (489740K) : METAL_TOP Selected is 11K
2026-08-28 18:21:48 +0200: Memory Usage (489740K) : METAL_STACK Selected is 5LM
2026-08-28 18:21:48 +0200: Memory Usage (489740K) : FEOL enabled: true
2026-08-28 18:21:48 +0200: Memory Usage (489740K) : BEOL enabled: true
2026-08-28 18:21:48 +0200: Memory Usage (489740K) : DUMMY enabled: false
2026-08-28 18:21:48 +0200: Memory Usage (489740K) : SLOW_VIA enabled: false
2026-08-28 18:21:48 +0200: Memory Usage (489740K) : Read in polygons from layers.
2026-08-28 18:21:48 +0200: Memory Usage (493564K) : comp has 238212 polygons
2026-08-28 18:21:48 +0200: Memory Usage (493564K) : dnwell has 0 polygons
2026-08-28 18:21:48 +0200: Memory Usage (494444K) : nwell has 65296 polygons
2026-08-28 18:21:48 +0200: Memory Usage (494444K) : lvpwell has 59032 polygons
2026-08-28 18:21:48 +0200: Memory Usage (494444K) : dualgate has 63662 polygons
2026-08-28 18:21:48 +0200: Memory Usage (494444K) : poly2 has 295257 polygons
2026-08-28 18:21:48 +0200: Memory Usage (494444K) : nplus has 65278 polygons
2026-08-28 18:21:48 +0200: Memory Usage (494620K) : pplus has 74142 polygons
2026-08-28 18:21:48 +0200: Memory Usage (494620K) : sab has 0 polygons
2026-08-28 18:21:48 +0200: Memory Usage (494620K) : esd has 0 polygons
2026-08-28 18:21:48 +0200: Memory Usage (494620K) : resistor has 0 polygons
2026-08-28 18:21:48 +0200: Memory Usage (494620K) : fhres has 0 polygons
2026-08-28 18:21:48 +0200: Memory Usage (494620K) : fusetop has 0 polygons
2026-08-28 18:21:48 +0200: Memory Usage (494620K) : fusewindow_d has 0 polygons
2026-08-28 18:21:48 +0200: Memory Usage (494620K) : polyfuse has 0 polygons
2026-08-28 18:21:48 +0200: Memory Usage (494620K) : mvsd has 0 polygons
2026-08-28 18:21:48 +0200: Memory Usage (494620K) : mvpsd has 0 polygons
2026-08-28 18:21:48 +0200: Memory Usage (494620K) : nat has 0 polygons
2026-08-28 18:21:48 +0200: Memory Usage (494620K) : comp_dummy has 0 polygons
2026-08-28 18:21:48 +0200: Memory Usage (494620K) : poly2_dummy has 0 polygons
2026-08-28 18:21:48 +0200: Memory Usage (494620K) : schottky_diode has 0 polygons
2026-08-28 18:21:48 +0200: Memory Usage (494620K) : zener has 0 polygons
2026-08-28 18:21:48 +0200: Memory Usage (494620K) : res_mk has 0 polygons
2026-08-28 18:21:48 +0200: Memory Usage (494620K) : opc_drc has 0 polygons
2026-08-28 18:21:48 +0200: Memory Usage (495500K) : v5_xtor has 63664 polygons
2026-08-28 18:21:48 +0200: Memory Usage (495500K) : cap_mk has 0 polygons
2026-08-28 18:21:48 +0200: Memory Usage (495500K) : mos_cap_mk has 0 polygons
2026-08-28 18:21:48 +0200: Memory Usage (495500K) : ind_mk has 0 polygons
2026-08-28 18:21:48 +0200: Memory Usage (495676K) : diode_mk has 26 polygons
2026-08-28 18:21:48 +0200: Memory Usage (495676K) : drc_bjt has 0 polygons
2026-08-28 18:21:48 +0200: Memory Usage (495676K) : lvs_bjt has 0 polygons
2026-08-28 18:21:48 +0200: Memory Usage (495676K) : mim_l_mk has 0 polygons
2026-08-28 18:21:48 +0200: Memory Usage (495676K) : latchup_mk has 0 polygons
2026-08-28 18:21:48 +0200: Memory Usage (495676K) : guard_ring_mk has 0 polygons
2026-08-28 18:21:48 +0200: Memory Usage (495676K) : otp_mk has 0 polygons
2026-08-28 18:21:48 +0200: Memory Usage (495676K) : mtpmark has 0 polygons
2026-08-28 18:21:48 +0200: Memory Usage (495676K) : neo_ee_mk has 0 polygons
2026-08-28 18:21:48 +0200: Memory Usage (496028K) : sramcore has 5300 polygons
2026-08-28 18:21:48 +0200: Memory Usage (496028K) : lvs_rf has 0 polygons
2026-08-28 18:21:48 +0200: Memory Usage (496028K) : lvs_drain has 0 polygons
2026-08-28 18:21:48 +0200: Memory Usage (496028K) : ind_mk has 0 polygons
2026-08-28 18:21:48 +0200: Memory Usage (496028K) : hvpolyrs has 0 polygons
2026-08-28 18:21:48 +0200: Memory Usage (496028K) : lvs_io has 0 polygons
2026-08-28 18:21:48 +0200: Memory Usage (496028K) : probe_mk has 0 polygons
2026-08-28 18:21:48 +0200: Memory Usage (496028K) : esd_mk has 0 polygons
2026-08-28 18:21:48 +0200: Memory Usage (496028K) : lvs_source has 0 polygons
2026-08-28 18:21:48 +0200: Memory Usage (496028K) : well_diode_mk has 0 polygons
2026-08-28 18:21:48 +0200: Memory Usage (496028K) : ldmos_xtor has 0 polygons
2026-08-28 18:21:48 +0200: Memory Usage (496028K) : plfuse has 0 polygons
2026-08-28 18:21:48 +0200: Memory Usage (496028K) : efuse_mk has 0 polygons
2026-08-28 18:21:48 +0200: Memory Usage (496028K) : mcell_feol_mk has 0 polygons
2026-08-28 18:21:48 +0200: Memory Usage (496028K) : ymtp_mk has 0 polygons
2026-08-28 18:21:48 +0200: Memory Usage (496204K) : dev_wf_mk has 0 polygons
2026-08-28 18:21:48 +0200: Memory Usage (496204K) : comp_label has 0 polygons
2026-08-28 18:21:48 +0200: Memory Usage (496204K) : poly2_label has 0 polygons
2026-08-28 18:21:48 +0200: Memory Usage (496204K) : mdiode has 0 polygons
2026-08-28 18:21:48 +0200: Memory Usage (496204K) : ndmy has 0 polygons
2026-08-28 18:21:48 +0200: Memory Usage (496204K) : pmndmy has 0 polygons
2026-08-28 18:21:48 +0200: Memory Usage (496732K) : contact has 1407186 polygons
2026-08-28 18:21:48 +0200: Memory Usage (498140K) : metal1_drawn has 588093 polygons
2026-08-28 18:21:48 +0200: Memory Usage (498140K) : metal1_dummy has 0 polygons
2026-08-28 18:21:48 +0200: Memory Usage (499372K) : metal1_label has 0 polygons
2026-08-28 18:21:49 +0200: Memory Usage (499372K) : metal1_slot has 0 polygons
2026-08-28 18:21:49 +0200: Memory Usage (499372K) : metal1_blk has 0 polygons
2026-08-28 18:21:49 +0200: Memory Usage (500252K) : metal2_drawn has 95143 polygons
2026-08-28 18:21:49 +0200: Memory Usage (500252K) : metal2_dummy has 0 polygons
2026-08-28 18:21:49 +0200: Memory Usage (501132K) : metal2_label has 33 polygons
2026-08-28 18:21:49 +0200: Memory Usage (501132K) : metal2_slot has 0 polygons
2026-08-28 18:21:49 +0200: Memory Usage (501132K) : metal2_blk has 0 polygons
2026-08-28 18:21:49 +0200: Memory Usage (501132K) : metal3_drawn has 45990 polygons
2026-08-28 18:21:49 +0200: Memory Usage (501132K) : metal3_dummy has 0 polygons
2026-08-28 18:21:49 +0200: Memory Usage (502012K) : metal3_label has 0 polygons
2026-08-28 18:21:49 +0200: Memory Usage (502012K) : metal3_slot has 0 polygons
2026-08-28 18:21:49 +0200: Memory Usage (502012K) : metal3_blk has 0 polygons
2026-08-28 18:21:49 +0200: Memory Usage (502012K) : via3 has 12363 polygons
2026-08-28 18:21:49 +0200: Memory Usage (502012K) : metal4_drawn has 2406 polygons
2026-08-28 18:21:49 +0200: Memory Usage (502012K) : metal4_dummy has 0 polygons
2026-08-28 18:21:49 +0200: Memory Usage (502012K) : metal4_label has 0 polygons
2026-08-28 18:21:49 +0200: Memory Usage (502012K) : metal4_slot has 0 polygons
2026-08-28 18:21:49 +0200: Memory Usage (502012K) : metal4_blk has 0 polygons
2026-08-28 18:21:49 +0200: Memory Usage (502012K) : via4 has 2643 polygons
2026-08-28 18:21:49 +0200: Memory Usage (502012K) : metal5_drawn has 513 polygons
2026-08-28 18:21:49 +0200: Memory Usage (502012K) : metal5_dummy has 0 polygons
2026-08-28 18:21:49 +0200: Memory Usage (502012K) : metal5_label has 0 polygons
2026-08-28 18:21:49 +0200: Memory Usage (502012K) : metal5_slot has 0 polygons
2026-08-28 18:21:49 +0200: Memory Usage (502012K) : metal5_blk has 0 polygons
2026-08-28 18:21:49 +0200: Memory Usage (502012K) : pad has 0 polygons
2026-08-28 18:21:49 +0200: Memory Usage (502012K) : ubmpperi has 0 polygons
2026-08-28 18:21:49 +0200: Memory Usage (502012K) : ubmparray has 0 polygons
2026-08-28 18:21:49 +0200: Memory Usage (502012K) : ubmeplate has 0 polygons
2026-08-28 18:21:49 +0200: Memory Usage (502188K) : metal1_res has 0 polygons
2026-08-28 18:21:49 +0200: Memory Usage (502188K) : metal2_res has 0 polygons
2026-08-28 18:21:49 +0200: Memory Usage (502188K) : metal3_res has 0 polygons
2026-08-28 18:21:49 +0200: Memory Usage (502364K) : metal4_res has 0 polygons
2026-08-28 18:21:49 +0200: Memory Usage (502364K) : metal5_res has 0 polygons
2026-08-28 18:21:49 +0200: Memory Usage (502364K) : metal6_res has 0 polygons
2026-08-28 18:21:49 +0200: Memory Usage (503244K) : pr_bndry has 64345 polygons
2026-08-28 18:21:49 +0200: Memory Usage (503244K) : border has 0 polygons
2026-08-28 18:21:49 +0200: Memory Usage (503244K) : Total no. of polygons in the design is 3148584
2026-08-28 18:21:49 +0200: Memory Usage (503244K) : Starting deriving base layers.
2026-08-28 18:21:53 +0200: Memory Usage (928260K) : Total area of the design is 1859250.0 um^2.
2026-08-28 18:21:53 +0200: Memory Usage (928260K) : Starting GF180MCU DRC rules.
2026-08-28 18:21:53 +0200: Memory Usage (928260K) : Running all FEOL rules
2026-08-28 18:21:53 +0200: Memory Usage (928260K) : Running all BEOL rules
2026-08-28 18:21:53 +0200: Memory Usage (928260K) : Executing rule M3.1
2026-08-28 18:21:53 +0200: Memory Usage (928612K) : Executing rule M3.2a
2026-08-28 18:21:54 +0200: Memory Usage (928988K) : Executing rule M3.2b
2026-08-28 18:21:54 +0200: Memory Usage (928988K) : Executing rule M3.3
2026-08-28 18:21:54 +0200: Memory Usage (928988K) : metal3 DRC Total Run time 20.201580666 seconds
28-Aug-2026 18:21:54 | INFO    | Running Global Foundries 180nm MCU /headless/aravindustries-repos/butterfold/butterfold_proto/physical/results/d03_ach_candidate/butterfold_top.gds checks on design lvs_bjt on cell butterfold_top:
2026-08-28 18:21:55 +0200: Memory Usage (443280K) : Starting running GF180MCU Klayout DRC runset on /headless/aravindustries-repos/butterfold/butterfold_proto/physical/results/d03_ach_candidate/butterfold_top.gds
2026-08-28 18:21:55 +0200: Memory Usage (443280K) : Ruby Version for klayout: 3.2.3
2026-08-28 18:21:55 +0200: Memory Usage (489084K) : Loading database to memory is complete.
2026-08-28 18:21:55 +0200: Memory Usage (489084K) : GF180MCU Klayout DRC runset output at: /headless/aravindustries-repos/butterfold/butterfold_proto/physical/results/d03_ach_candidate/klayout_drc_pgfix/butterfold_top_lvs_bjt.lyrdb
2026-08-28 18:21:55 +0200: Memory Usage (489084K) : Evaluate switches.
2026-08-28 18:21:55 +0200: Memory Usage (489084K) : table_name selected  lvs_bjt
2026-08-28 18:21:55 +0200: Memory Usage (489084K) : CONNECTIVITY_RULES enabled: false
2026-08-28 18:21:55 +0200: Memory Usage (489084K) : Wedge enabled: false
2026-08-28 18:21:55 +0200: Memory Usage (489084K) : Ball enabled: false
2026-08-28 18:21:55 +0200: Memory Usage (489084K) : Gold enabled: false
2026-08-28 18:21:55 +0200: Memory Usage (489084K) : MIM Option selected: B
2026-08-28 18:21:55 +0200: Memory Usage (489084K) : Offgrid enabled:  true
2026-08-28 18:21:55 +0200: Memory Usage (489084K) : Number of threads to use 2
2026-08-28 18:21:55 +0200: Memory Usage (489084K) : Verbose mode: false
2026-08-28 18:21:55 +0200: Memory Usage (489084K) : flat  mode is enabled for lvs_bjt table
2026-08-28 18:21:55 +0200: Memory Usage (489084K) : METAL_TOP Selected is 11K
2026-08-28 18:21:55 +0200: Memory Usage (489084K) : METAL_STACK Selected is 5LM
2026-08-28 18:21:55 +0200: Memory Usage (489084K) : FEOL enabled: true
2026-08-28 18:21:55 +0200: Memory Usage (489084K) : BEOL enabled: true
2026-08-28 18:21:55 +0200: Memory Usage (489084K) : DUMMY enabled: false
2026-08-28 18:21:55 +0200: Memory Usage (489084K) : SLOW_VIA enabled: false
2026-08-28 18:21:55 +0200: Memory Usage (489084K) : Read in polygons from layers.
2026-08-28 18:21:56 +0200: Memory Usage (526800K) : comp has 216638 polygons
2026-08-28 18:21:56 +0200: Memory Usage (526800K) : dnwell has 0 polygons
2026-08-28 18:21:56 +0200: Memory Usage (542116K) : nwell has 422 polygons
2026-08-28 18:21:57 +0200: Memory Usage (543404K) : Total area of the design is 1859250.0 um^2.
2026-08-28 18:21:57 +0200: Memory Usage (543404K) : Starting GF180MCU DRC rules.
2026-08-28 18:21:57 +0200: Memory Usage (543404K) : Running all FEOL rules
2026-08-28 18:21:57 +0200: Memory Usage (543404K) : Running all BEOL rules
2026-08-28 18:21:57 +0200: Memory Usage (543404K) : contact_split DRC Total Run time 8.666856592 seconds
2026-08-28 18:21:57 +0200: Memory Usage (542116K) : lvpwell has 307 polygons
28-Aug-2026 18:21:57 | INFO    | Running Global Foundries 180nm MCU /headless/aravindustries-repos/butterfold/butterfold_proto/physical/results/d03_ach_candidate/butterfold_top.gds checks on design efuse on cell butterfold_top:
2026-08-28 18:21:57 +0200: Memory Usage (553204K) : dualgate has 3 polygons
2026-08-28 18:21:58 +0200: Memory Usage (554440K) : poly2 has 232293 polygons
2026-08-28 18:21:58 +0200: Memory Usage (443884K) : Starting running GF180MCU Klayout DRC runset on /headless/aravindustries-repos/butterfold/butterfold_proto/physical/results/d03_ach_candidate/butterfold_top.gds
2026-08-28 18:21:58 +0200: Memory Usage (443884K) : Ruby Version for klayout: 3.2.3
2026-08-28 18:21:58 +0200: Memory Usage (572728K) : nplus has 1417 polygons
2026-08-28 18:21:58 +0200: Memory Usage (489224K) : Loading database to memory is complete.
2026-08-28 18:21:58 +0200: Memory Usage (489224K) : GF180MCU Klayout DRC runset output at: /headless/aravindustries-repos/butterfold/butterfold_proto/physical/results/d03_ach_candidate/klayout_drc_pgfix/butterfold_top_efuse.lyrdb
2026-08-28 18:21:58 +0200: Memory Usage (489416K) : Evaluate switches.
2026-08-28 18:21:58 +0200: Memory Usage (489416K) : table_name selected  efuse
2026-08-28 18:21:58 +0200: Memory Usage (489416K) : CONNECTIVITY_RULES enabled: false
2026-08-28 18:21:58 +0200: Memory Usage (489416K) : Wedge enabled: false
2026-08-28 18:21:58 +0200: Memory Usage (489416K) : Ball enabled: false
2026-08-28 18:21:58 +0200: Memory Usage (489416K) : Gold enabled: false
2026-08-28 18:21:58 +0200: Memory Usage (489416K) : MIM Option selected: B
2026-08-28 18:21:58 +0200: Memory Usage (489416K) : Offgrid enabled:  true
2026-08-28 18:21:58 +0200: Memory Usage (489416K) : Number of threads to use 2
2026-08-28 18:21:58 +0200: Memory Usage (489416K) : Verbose mode: false
2026-08-28 18:21:58 +0200: Memory Usage (489416K) : flat  mode is enabled for efuse table
2026-08-28 18:21:58 +0200: Memory Usage (489416K) : METAL_TOP Selected is 11K
2026-08-28 18:21:58 +0200: Memory Usage (489416K) : METAL_STACK Selected is 5LM
2026-08-28 18:21:58 +0200: Memory Usage (489416K) : FEOL enabled: true
2026-08-28 18:21:58 +0200: Memory Usage (489416K) : BEOL enabled: true
2026-08-28 18:21:58 +0200: Memory Usage (489416K) : DUMMY enabled: false
2026-08-28 18:21:58 +0200: Memory Usage (489416K) : SLOW_VIA enabled: false
2026-08-28 18:21:58 +0200: Memory Usage (489416K) : Read in polygons from layers.
2026-08-28 18:21:58 +0200: Memory Usage (572728K) : pplus has 10152 polygons
2026-08-28 18:21:58 +0200: Memory Usage (572728K) : sab has 0 polygons
2026-08-28 18:21:58 +0200: Memory Usage (572728K) : esd has 0 polygons
2026-08-28 18:21:58 +0200: Memory Usage (572728K) : resistor has 0 polygons
2026-08-28 18:21:58 +0200: Memory Usage (572728K) : fhres has 0 polygons
2026-08-28 18:21:58 +0200: Memory Usage (572728K) : fusetop has 0 polygons
2026-08-28 18:21:58 +0200: Memory Usage (572728K) : fusewindow_d has 0 polygons
2026-08-28 18:21:58 +0200: Memory Usage (572728K) : polyfuse has 0 polygons
2026-08-28 18:21:58 +0200: Memory Usage (572728K) : mvsd has 0 polygons
2026-08-28 18:21:58 +0200: Memory Usage (572728K) : mvpsd has 0 polygons
2026-08-28 18:21:58 +0200: Memory Usage (572728K) : nat has 0 polygons
2026-08-28 18:21:58 +0200: Memory Usage (572728K) : comp_dummy has 0 polygons
2026-08-28 18:21:58 +0200: Memory Usage (572728K) : poly2_dummy has 0 polygons
2026-08-28 18:21:58 +0200: Memory Usage (572728K) : schottky_diode has 0 polygons
2026-08-28 18:21:58 +0200: Memory Usage (572728K) : zener has 0 polygons
2026-08-28 18:21:58 +0200: Memory Usage (572728K) : res_mk has 0 polygons
2026-08-28 18:21:58 +0200: Memory Usage (572728K) : opc_drc has 0 polygons
2026-08-28 18:21:59 +0200: Memory Usage (572728K) : v5_xtor has 3 polygons
2026-08-28 18:21:59 +0200: Memory Usage (572728K) : cap_mk has 0 polygons
2026-08-28 18:21:59 +0200: Memory Usage (572728K) : mos_cap_mk has 0 polygons
2026-08-28 18:21:59 +0200: Memory Usage (572728K) : ind_mk has 0 polygons
2026-08-28 18:21:59 +0200: Memory Usage (572728K) : diode_mk has 26 polygons
2026-08-28 18:21:59 +0200: Memory Usage (572728K) : drc_bjt has 0 polygons
2026-08-28 18:21:59 +0200: Memory Usage (572728K) : lvs_bjt has 0 polygons
2026-08-28 18:21:59 +0200: Memory Usage (572728K) : mim_l_mk has 0 polygons
2026-08-28 18:21:59 +0200: Memory Usage (572728K) : latchup_mk has 0 polygons
2026-08-28 18:21:59 +0200: Memory Usage (572728K) : guard_ring_mk has 0 polygons
2026-08-28 18:21:59 +0200: Memory Usage (572728K) : otp_mk has 0 polygons
2026-08-28 18:21:59 +0200: Memory Usage (572728K) : mtpmark has 0 polygons
2026-08-28 18:21:59 +0200: Memory Usage (572728K) : neo_ee_mk has 0 polygons
2026-08-28 18:21:59 +0200: Memory Usage (572728K) : sramcore has 4 polygons
2026-08-28 18:21:59 +0200: Memory Usage (572728K) : lvs_rf has 0 polygons
2026-08-28 18:21:59 +0200: Memory Usage (572728K) : lvs_drain has 0 polygons
2026-08-28 18:21:59 +0200: Memory Usage (572728K) : ind_mk has 0 polygons
2026-08-28 18:21:59 +0200: Memory Usage (572728K) : hvpolyrs has 0 polygons
2026-08-28 18:21:59 +0200: Memory Usage (572728K) : lvs_io has 0 polygons
2026-08-28 18:21:59 +0200: Memory Usage (572728K) : probe_mk has 0 polygons
2026-08-28 18:21:59 +0200: Memory Usage (572728K) : esd_mk has 0 polygons
2026-08-28 18:21:59 +0200: Memory Usage (572728K) : lvs_source has 0 polygons
2026-08-28 18:21:59 +0200: Memory Usage (572728K) : well_diode_mk has 0 polygons
2026-08-28 18:21:59 +0200: Memory Usage (572728K) : ldmos_xtor has 0 polygons
2026-08-28 18:21:59 +0200: Memory Usage (572728K) : plfuse has 0 polygons
2026-08-28 18:21:59 +0200: Memory Usage (572728K) : efuse_mk has 0 polygons
2026-08-28 18:21:59 +0200: Memory Usage (572728K) : mcell_feol_mk has 0 polygons
2026-08-28 18:21:59 +0200: Memory Usage (572728K) : ymtp_mk has 0 polygons
2026-08-28 18:21:59 +0200: Memory Usage (572728K) : dev_wf_mk has 0 polygons
2026-08-28 18:21:59 +0200: Memory Usage (572728K) : comp_label has 0 polygons
2026-08-28 18:21:59 +0200: Memory Usage (572728K) : poly2_label has 0 polygons
2026-08-28 18:21:59 +0200: Memory Usage (572728K) : mdiode has 0 polygons
2026-08-28 18:21:59 +0200: Memory Usage (572728K) : ndmy has 0 polygons
2026-08-28 18:21:59 +0200: Memory Usage (572728K) : pmndmy has 0 polygons
2026-08-28 18:21:59 +0200: Memory Usage (526896K) : comp has 216638 polygons
2026-08-28 18:21:59 +0200: Memory Usage (526896K) : dnwell has 0 polygons
2026-08-28 18:21:59 +0200: Memory Usage (542160K) : nwell has 422 polygons
2026-08-28 18:21:59 +0200: Memory Usage (542160K) : lvpwell has 307 polygons
2026-08-28 18:22:00 +0200: Memory Usage (553248K) : dualgate has 3 polygons
2026-08-28 18:22:01 +0200: Memory Usage (554484K) : poly2 has 232293 polygons
2026-08-28 18:22:01 +0200: Memory Usage (572968K) : nplus has 1417 polygons
2026-08-28 18:22:01 +0200: Memory Usage (572968K) : pplus has 10152 polygons
2026-08-28 18:22:01 +0200: Memory Usage (572968K) : sab has 0 polygons
2026-08-28 18:22:01 +0200: Memory Usage (572968K) : esd has 0 polygons
2026-08-28 18:22:01 +0200: Memory Usage (572968K) : resistor has 0 polygons
2026-08-28 18:22:01 +0200: Memory Usage (572968K) : fhres has 0 polygons
2026-08-28 18:22:01 +0200: Memory Usage (572968K) : fusetop has 0 polygons
2026-08-28 18:22:01 +0200: Memory Usage (572968K) : fusewindow_d has 0 polygons
2026-08-28 18:22:01 +0200: Memory Usage (572968K) : polyfuse has 0 polygons
2026-08-28 18:22:01 +0200: Memory Usage (572968K) : mvsd has 0 polygons
2026-08-28 18:22:01 +0200: Memory Usage (572968K) : mvpsd has 0 polygons
2026-08-28 18:22:01 +0200: Memory Usage (572968K) : nat has 0 polygons
2026-08-28 18:22:01 +0200: Memory Usage (572968K) : comp_dummy has 0 polygons
2026-08-28 18:22:01 +0200: Memory Usage (572968K) : poly2_dummy has 0 polygons
2026-08-28 18:22:01 +0200: Memory Usage (572968K) : schottky_diode has 0 polygons
2026-08-28 18:22:01 +0200: Memory Usage (572968K) : zener has 0 polygons
2026-08-28 18:22:01 +0200: Memory Usage (572968K) : res_mk has 0 polygons
2026-08-28 18:22:01 +0200: Memory Usage (572968K) : opc_drc has 0 polygons
2026-08-28 18:22:01 +0200: Memory Usage (572968K) : v5_xtor has 3 polygons
2026-08-28 18:22:01 +0200: Memory Usage (572968K) : cap_mk has 0 polygons
2026-08-28 18:22:01 +0200: Memory Usage (572968K) : mos_cap_mk has 0 polygons
2026-08-28 18:22:01 +0200: Memory Usage (572968K) : ind_mk has 0 polygons
2026-08-28 18:22:01 +0200: Memory Usage (572968K) : diode_mk has 26 polygons
2026-08-28 18:22:01 +0200: Memory Usage (572968K) : drc_bjt has 0 polygons
2026-08-28 18:22:01 +0200: Memory Usage (572968K) : lvs_bjt has 0 polygons
2026-08-28 18:22:01 +0200: Memory Usage (572968K) : mim_l_mk has 0 polygons
2026-08-28 18:22:01 +0200: Memory Usage (572968K) : latchup_mk has 0 polygons
2026-08-28 18:22:01 +0200: Memory Usage (572968K) : guard_ring_mk has 0 polygons
2026-08-28 18:22:01 +0200: Memory Usage (572968K) : otp_mk has 0 polygons
2026-08-28 18:22:01 +0200: Memory Usage (572968K) : mtpmark has 0 polygons
2026-08-28 18:22:01 +0200: Memory Usage (572968K) : neo_ee_mk has 0 polygons
2026-08-28 18:22:02 +0200: Memory Usage (572968K) : sramcore has 4 polygons
2026-08-28 18:22:02 +0200: Memory Usage (572968K) : lvs_rf has 0 polygons
2026-08-28 18:22:02 +0200: Memory Usage (572968K) : lvs_drain has 0 polygons
2026-08-28 18:22:02 +0200: Memory Usage (572968K) : ind_mk has 0 polygons
2026-08-28 18:22:02 +0200: Memory Usage (572968K) : hvpolyrs has 0 polygons
2026-08-28 18:22:02 +0200: Memory Usage (572968K) : lvs_io has 0 polygons
2026-08-28 18:22:02 +0200: Memory Usage (572968K) : probe_mk has 0 polygons
2026-08-28 18:22:02 +0200: Memory Usage (572968K) : esd_mk has 0 polygons
2026-08-28 18:22:02 +0200: Memory Usage (572968K) : lvs_source has 0 polygons
2026-08-28 18:22:02 +0200: Memory Usage (572968K) : well_diode_mk has 0 polygons
2026-08-28 18:22:02 +0200: Memory Usage (572968K) : ldmos_xtor has 0 polygons
2026-08-28 18:22:02 +0200: Memory Usage (572968K) : plfuse has 0 polygons
2026-08-28 18:22:02 +0200: Memory Usage (572968K) : efuse_mk has 0 polygons
2026-08-28 18:22:02 +0200: Memory Usage (572968K) : mcell_feol_mk has 0 polygons
2026-08-28 18:22:02 +0200: Memory Usage (572968K) : ymtp_mk has 0 polygons
2026-08-28 18:22:02 +0200: Memory Usage (572968K) : dev_wf_mk has 0 polygons
2026-08-28 18:22:02 +0200: Memory Usage (572968K) : comp_label has 0 polygons
2026-08-28 18:22:02 +0200: Memory Usage (572968K) : poly2_label has 0 polygons
2026-08-28 18:22:02 +0200: Memory Usage (572968K) : mdiode has 0 polygons
2026-08-28 18:22:02 +0200: Memory Usage (572968K) : ndmy has 0 polygons
2026-08-28 18:22:02 +0200: Memory Usage (572968K) : pmndmy has 0 polygons
2026-08-28 18:22:02 +0200: Memory Usage (625380K) : metal1_drawn has 251861 polygons
2026-08-28 18:22:02 +0200: Memory Usage (625380K) : metal1_dummy has 0 polygons
2026-08-28 18:22:02 +0200: Memory Usage (625380K) : metal1_label has 0 polygons
2026-08-28 18:22:02 +0200: Memory Usage (625380K) : metal1_slot has 0 polygons
2026-08-28 18:22:02 +0200: Memory Usage (625380K) : metal1_blk has 0 polygons
2026-08-28 18:22:03 +0200: Memory Usage (631364K) : metal2_drawn has 51071 polygons
2026-08-28 18:22:03 +0200: Memory Usage (631364K) : metal2_dummy has 0 polygons
2026-08-28 18:22:03 +0200: Memory Usage (631364K) : metal2_label has 33 polygons
2026-08-28 18:22:03 +0200: Memory Usage (631364K) : metal2_slot has 0 polygons
2026-08-28 18:22:03 +0200: Memory Usage (631364K) : metal2_blk has 0 polygons
2026-08-28 18:22:03 +0200: Memory Usage (631364K) : metal3_drawn has 25645 polygons
2026-08-28 18:22:03 +0200: Memory Usage (631364K) : metal3_dummy has 0 polygons
2026-08-28 18:22:03 +0200: Memory Usage (631364K) : metal3_label has 0 polygons
2026-08-28 18:22:03 +0200: Memory Usage (631364K) : metal3_slot has 0 polygons
2026-08-28 18:22:03 +0200: Memory Usage (631364K) : metal3_blk has 0 polygons
2026-08-28 18:22:03 +0200: Memory Usage (631364K) : via3 has 12363 polygons
2026-08-28 18:22:03 +0200: Memory Usage (631364K) : metal4_drawn has 2332 polygons
2026-08-28 18:22:03 +0200: Memory Usage (631364K) : metal4_dummy has 0 polygons
2026-08-28 18:22:03 +0200: Memory Usage (631364K) : metal4_label has 0 polygons
2026-08-28 18:22:03 +0200: Memory Usage (631364K) : metal4_slot has 0 polygons
2026-08-28 18:22:03 +0200: Memory Usage (631364K) : metal4_blk has 0 polygons
2026-08-28 18:22:03 +0200: Memory Usage (631364K) : via4 has 2643 polygons
2026-08-28 18:22:03 +0200: Memory Usage (631364K) : metal5_drawn has 491 polygons
2026-08-28 18:22:03 +0200: Memory Usage (631364K) : metal5_dummy has 0 polygons
2026-08-28 18:22:03 +0200: Memory Usage (631364K) : metal5_label has 0 polygons
2026-08-28 18:22:03 +0200: Memory Usage (631364K) : metal5_slot has 0 polygons
2026-08-28 18:22:03 +0200: Memory Usage (631364K) : metal5_blk has 0 polygons
2026-08-28 18:22:03 +0200: Memory Usage (631364K) : pad has 0 polygons
2026-08-28 18:22:03 +0200: Memory Usage (631364K) : ubmpperi has 0 polygons
2026-08-28 18:22:03 +0200: Memory Usage (631364K) : ubmparray has 0 polygons
2026-08-28 18:22:03 +0200: Memory Usage (631364K) : ubmeplate has 0 polygons
2026-08-28 18:22:03 +0200: Memory Usage (631364K) : metal1_res has 0 polygons
2026-08-28 18:22:03 +0200: Memory Usage (631364K) : metal2_res has 0 polygons
2026-08-28 18:22:03 +0200: Memory Usage (631364K) : metal3_res has 0 polygons
2026-08-28 18:22:03 +0200: Memory Usage (631364K) : metal4_res has 0 polygons
2026-08-28 18:22:03 +0200: Memory Usage (631364K) : metal5_res has 0 polygons
2026-08-28 18:22:03 +0200: Memory Usage (631364K) : metal6_res has 0 polygons
2026-08-28 18:22:03 +0200: Memory Usage (631364K) : pr_bndry has 1 polygons
2026-08-28 18:22:03 +0200: Memory Usage (631364K) : border has 0 polygons
2026-08-28 18:22:03 +0200: Memory Usage (631364K) : Total no. of polygons in the design is 807705
2026-08-28 18:22:03 +0200: Memory Usage (631364K) : Starting deriving base layers.
2026-08-28 18:22:05 +0200: Memory Usage (743912K) : contact has 1380000 polygons
2026-08-28 18:22:08 +0200: Memory Usage (762092K) : metal1_drawn has 251861 polygons
2026-08-28 18:22:08 +0200: Memory Usage (762092K) : metal1_dummy has 0 polygons
2026-08-28 18:22:08 +0200: Memory Usage (762092K) : metal1_label has 0 polygons
2026-08-28 18:22:08 +0200: Memory Usage (762092K) : metal1_slot has 0 polygons
2026-08-28 18:22:08 +0200: Memory Usage (762092K) : metal1_blk has 0 polygons
2026-08-28 18:22:09 +0200: Memory Usage (768076K) : metal2_drawn has 51071 polygons
2026-08-28 18:22:09 +0200: Memory Usage (768076K) : metal2_dummy has 0 polygons
2026-08-28 18:22:09 +0200: Memory Usage (768076K) : metal2_label has 33 polygons
2026-08-28 18:22:09 +0200: Memory Usage (768076K) : metal2_slot has 0 polygons
2026-08-28 18:22:09 +0200: Memory Usage (768076K) : metal2_blk has 0 polygons
2026-08-28 18:22:09 +0200: Memory Usage (768076K) : metal3_drawn has 25645 polygons
2026-08-28 18:22:09 +0200: Memory Usage (768076K) : metal3_dummy has 0 polygons
2026-08-28 18:22:09 +0200: Memory Usage (768076K) : metal3_label has 0 polygons
2026-08-28 18:22:09 +0200: Memory Usage (768076K) : metal3_slot has 0 polygons
2026-08-28 18:22:09 +0200: Memory Usage (768076K) : metal3_blk has 0 polygons
2026-08-28 18:22:09 +0200: Memory Usage (768076K) : via3 has 12363 polygons
2026-08-28 18:22:09 +0200: Memory Usage (768076K) : metal4_drawn has 2332 polygons
2026-08-28 18:22:09 +0200: Memory Usage (768076K) : metal4_dummy has 0 polygons
2026-08-28 18:22:09 +0200: Memory Usage (768076K) : metal4_label has 0 polygons
2026-08-28 18:22:09 +0200: Memory Usage (768076K) : metal4_slot has 0 polygons
2026-08-28 18:22:09 +0200: Memory Usage (768076K) : metal4_blk has 0 polygons
2026-08-28 18:22:09 +0200: Memory Usage (768076K) : via4 has 2643 polygons
2026-08-28 18:22:09 +0200: Memory Usage (768076K) : metal5_drawn has 491 polygons
2026-08-28 18:22:09 +0200: Memory Usage (768076K) : metal5_dummy has 0 polygons
2026-08-28 18:22:09 +0200: Memory Usage (768076K) : metal5_label has 0 polygons
2026-08-28 18:22:09 +0200: Memory Usage (768076K) : metal5_slot has 0 polygons
2026-08-28 18:22:09 +0200: Memory Usage (768076K) : metal5_blk has 0 polygons
2026-08-28 18:22:09 +0200: Memory Usage (768076K) : pad has 0 polygons
2026-08-28 18:22:09 +0200: Memory Usage (768076K) : ubmpperi has 0 polygons
2026-08-28 18:22:09 +0200: Memory Usage (768076K) : ubmparray has 0 polygons
2026-08-28 18:22:09 +0200: Memory Usage (768076K) : ubmeplate has 0 polygons
2026-08-28 18:22:09 +0200: Memory Usage (768076K) : metal1_res has 0 polygons
2026-08-28 18:22:09 +0200: Memory Usage (768076K) : metal2_res has 0 polygons
2026-08-28 18:22:09 +0200: Memory Usage (768076K) : metal3_res has 0 polygons
2026-08-28 18:22:09 +0200: Memory Usage (768076K) : metal4_res has 0 polygons
2026-08-28 18:22:09 +0200: Memory Usage (768076K) : metal5_res has 0 polygons
2026-08-28 18:22:09 +0200: Memory Usage (768076K) : metal6_res has 0 polygons
2026-08-28 18:22:09 +0200: Memory Usage (769660K) : pr_bndry has 1 polygons
2026-08-28 18:22:09 +0200: Memory Usage (769660K) : border has 0 polygons
2026-08-28 18:22:09 +0200: Memory Usage (769660K) : Total no. of polygons in the design is 2187705
2026-08-28 18:22:09 +0200: Memory Usage (769660K) : Starting deriving base layers.
2026-08-28 18:22:15 +0200: Memory Usage (935056K) : Total area of the design is 1859250.0 um^2.
2026-08-28 18:22:15 +0200: Memory Usage (935056K) : Starting GF180MCU DRC rules.
2026-08-28 18:22:15 +0200: Memory Usage (935056K) : Running all FEOL rules
2026-08-28 18:22:15 +0200: Memory Usage (935056K) : Running all BEOL rules
2026-08-28 18:22:15 +0200: Memory Usage (935056K) : Executing rule LVS_BJT.1
2026-08-28 18:22:15 +0200: Memory Usage (935056K) : lvs_bjt DRC Total Run time 19.85017223 seconds
28-Aug-2026 18:22:16 | INFO    | Running Global Foundries 180nm MCU /headless/aravindustries-repos/butterfold/butterfold_proto/physical/results/d03_ach_candidate/butterfold_top.gds checks on design ldnmos_split on cell butterfold_top:
2026-08-28 18:22:17 +0200: Memory Usage (443364K) : Starting running GF180MCU Klayout DRC runset on /headless/aravindustries-repos/butterfold/butterfold_proto/physical/results/d03_ach_candidate/butterfold_top.gds
2026-08-28 18:22:17 +0200: Memory Usage (443364K) : Ruby Version for klayout: 3.2.3
2026-08-28 18:22:17 +0200: Memory Usage (488984K) : Loading database to memory is complete.
2026-08-28 18:22:17 +0200: Memory Usage (488984K) : GF180MCU Klayout DRC runset output at: /headless/aravindustries-repos/butterfold/butterfold_proto/physical/results/d03_ach_candidate/klayout_drc_pgfix/butterfold_top_ldnmos_split.lyrdb
2026-08-28 18:22:17 +0200: Memory Usage (489184K) : Evaluate switches.
2026-08-28 18:22:17 +0200: Memory Usage (489184K) : table_name selected  ldnmos_split
2026-08-28 18:22:17 +0200: Memory Usage (489184K) : CONNECTIVITY_RULES enabled: true
2026-08-28 18:22:17 +0200: Memory Usage (489184K) : Wedge enabled: false
2026-08-28 18:22:17 +0200: Memory Usage (489184K) : Ball enabled: false
2026-08-28 18:22:17 +0200: Memory Usage (489184K) : Gold enabled: false
2026-08-28 18:22:17 +0200: Memory Usage (489184K) : MIM Option selected: B
2026-08-28 18:22:17 +0200: Memory Usage (489184K) : Offgrid enabled:  true
2026-08-28 18:22:17 +0200: Memory Usage (489184K) : Number of threads to use 2
2026-08-28 18:22:17 +0200: Memory Usage (489184K) : Verbose mode: false
2026-08-28 18:22:17 +0200: Memory Usage (489184K) : deep  mode is enabled for ldnmos_split table
2026-08-28 18:22:17 +0200: Memory Usage (489184K) : METAL_TOP Selected is 11K
2026-08-28 18:22:17 +0200: Memory Usage (489184K) : METAL_STACK Selected is 5LM
2026-08-28 18:22:17 +0200: Memory Usage (489184K) : FEOL enabled: true
2026-08-28 18:22:17 +0200: Memory Usage (489184K) : BEOL enabled: true
2026-08-28 18:22:17 +0200: Memory Usage (489184K) : DUMMY enabled: false
2026-08-28 18:22:17 +0200: Memory Usage (489184K) : SLOW_VIA enabled: false
2026-08-28 18:22:17 +0200: Memory Usage (489184K) : Read in polygons from layers.
2026-08-28 18:22:17 +0200: Memory Usage (493212K) : comp has 238212 polygons
2026-08-28 18:22:17 +0200: Memory Usage (493212K) : dnwell has 0 polygons
2026-08-28 18:22:17 +0200: Memory Usage (493916K) : nwell has 65296 polygons
2026-08-28 18:22:17 +0200: Memory Usage (493916K) : lvpwell has 59032 polygons
2026-08-28 18:22:17 +0200: Memory Usage (493916K) : dualgate has 63662 polygons
2026-08-28 18:22:17 +0200: Memory Usage (493916K) : poly2 has 295257 polygons
2026-08-28 18:22:17 +0200: Memory Usage (493916K) : nplus has 65278 polygons
2026-08-28 18:22:17 +0200: Memory Usage (494092K) : pplus has 74142 polygons
2026-08-28 18:22:17 +0200: Memory Usage (494092K) : sab has 0 polygons
2026-08-28 18:22:17 +0200: Memory Usage (494092K) : esd has 0 polygons
2026-08-28 18:22:17 +0200: Memory Usage (494092K) : resistor has 0 polygons
2026-08-28 18:22:17 +0200: Memory Usage (494092K) : fhres has 0 polygons
2026-08-28 18:22:17 +0200: Memory Usage (494092K) : fusetop has 0 polygons
2026-08-28 18:22:17 +0200: Memory Usage (494092K) : fusewindow_d has 0 polygons
2026-08-28 18:22:17 +0200: Memory Usage (494092K) : polyfuse has 0 polygons
2026-08-28 18:22:17 +0200: Memory Usage (494092K) : mvsd has 0 polygons
2026-08-28 18:22:17 +0200: Memory Usage (494092K) : mvpsd has 0 polygons
2026-08-28 18:22:17 +0200: Memory Usage (494092K) : nat has 0 polygons
2026-08-28 18:22:17 +0200: Memory Usage (494092K) : comp_dummy has 0 polygons
2026-08-28 18:22:17 +0200: Memory Usage (494092K) : poly2_dummy has 0 polygons
2026-08-28 18:22:17 +0200: Memory Usage (494092K) : schottky_diode has 0 polygons
2026-08-28 18:22:17 +0200: Memory Usage (494092K) : zener has 0 polygons
2026-08-28 18:22:17 +0200: Memory Usage (494092K) : res_mk has 0 polygons
2026-08-28 18:22:17 +0200: Memory Usage (494092K) : opc_drc has 0 polygons
2026-08-28 18:22:17 +0200: Memory Usage (494972K) : v5_xtor has 63664 polygons
2026-08-28 18:22:17 +0200: Memory Usage (494972K) : cap_mk has 0 polygons
2026-08-28 18:22:17 +0200: Memory Usage (494972K) : mos_cap_mk has 0 polygons
2026-08-28 18:22:17 +0200: Memory Usage (494972K) : ind_mk has 0 polygons
2026-08-28 18:22:17 +0200: Memory Usage (495148K) : diode_mk has 26 polygons
2026-08-28 18:22:17 +0200: Memory Usage (495148K) : drc_bjt has 0 polygons
2026-08-28 18:22:17 +0200: Memory Usage (495148K) : lvs_bjt has 0 polygons
2026-08-28 18:22:17 +0200: Memory Usage (495148K) : mim_l_mk has 0 polygons
2026-08-28 18:22:17 +0200: Memory Usage (495148K) : latchup_mk has 0 polygons
2026-08-28 18:22:17 +0200: Memory Usage (495148K) : guard_ring_mk has 0 polygons
2026-08-28 18:22:17 +0200: Memory Usage (495148K) : otp_mk has 0 polygons
2026-08-28 18:22:17 +0200: Memory Usage (495148K) : mtpmark has 0 polygons
2026-08-28 18:22:17 +0200: Memory Usage (495148K) : neo_ee_mk has 0 polygons
2026-08-28 18:22:17 +0200: Memory Usage (495500K) : sramcore has 5300 polygons
2026-08-28 18:22:17 +0200: Memory Usage (495500K) : lvs_rf has 0 polygons
2026-08-28 18:22:17 +0200: Memory Usage (495500K) : lvs_drain has 0 polygons
2026-08-28 18:22:17 +0200: Memory Usage (495500K) : ind_mk has 0 polygons
2026-08-28 18:22:17 +0200: Memory Usage (495500K) : hvpolyrs has 0 polygons
2026-08-28 18:22:17 +0200: Memory Usage (495500K) : lvs_io has 0 polygons
2026-08-28 18:22:17 +0200: Memory Usage (495500K) : probe_mk has 0 polygons
2026-08-28 18:22:17 +0200: Memory Usage (495500K) : esd_mk has 0 polygons
2026-08-28 18:22:17 +0200: Memory Usage (495500K) : lvs_source has 0 polygons
2026-08-28 18:22:17 +0200: Memory Usage (495500K) : well_diode_mk has 0 polygons
2026-08-28 18:22:17 +0200: Memory Usage (495500K) : ldmos_xtor has 0 polygons
2026-08-28 18:22:17 +0200: Memory Usage (495500K) : plfuse has 0 polygons
2026-08-28 18:22:17 +0200: Memory Usage (495500K) : efuse_mk has 0 polygons
2026-08-28 18:22:17 +0200: Memory Usage (495500K) : mcell_feol_mk has 0 polygons
2026-08-28 18:22:17 +0200: Memory Usage (495500K) : ymtp_mk has 0 polygons
2026-08-28 18:22:17 +0200: Memory Usage (495500K) : dev_wf_mk has 0 polygons
2026-08-28 18:22:17 +0200: Memory Usage (495500K) : comp_label has 0 polygons
2026-08-28 18:22:17 +0200: Memory Usage (495500K) : poly2_label has 0 polygons
2026-08-28 18:22:17 +0200: Memory Usage (495500K) : mdiode has 0 polygons
2026-08-28 18:22:17 +0200: Memory Usage (495500K) : ndmy has 0 polygons
2026-08-28 18:22:17 +0200: Memory Usage (495500K) : pmndmy has 0 polygons
2026-08-28 18:22:17 +0200: Memory Usage (497612K) : metal1_drawn has 588093 polygons
2026-08-28 18:22:17 +0200: Memory Usage (497612K) : metal1_dummy has 0 polygons
2026-08-28 18:22:17 +0200: Memory Usage (498540K) : metal1_label has 0 polygons
2026-08-28 18:22:17 +0200: Memory Usage (498540K) : metal1_slot has 0 polygons
2026-08-28 18:22:17 +0200: Memory Usage (498540K) : metal1_blk has 0 polygons
2026-08-28 18:22:18 +0200: Memory Usage (499420K) : metal2_drawn has 95143 polygons
2026-08-28 18:22:18 +0200: Memory Usage (499420K) : metal2_dummy has 0 polygons
2026-08-28 18:22:18 +0200: Memory Usage (500300K) : metal2_label has 33 polygons
2026-08-28 18:22:18 +0200: Memory Usage (500300K) : metal2_slot has 0 polygons
2026-08-28 18:22:18 +0200: Memory Usage (500300K) : metal2_blk has 0 polygons
2026-08-28 18:22:18 +0200: Memory Usage (500300K) : metal3_drawn has 45990 polygons
2026-08-28 18:22:18 +0200: Memory Usage (500300K) : metal3_dummy has 0 polygons
2026-08-28 18:22:18 +0200: Memory Usage (501180K) : metal3_label has 0 polygons
2026-08-28 18:22:18 +0200: Memory Usage (501180K) : metal3_slot has 0 polygons
2026-08-28 18:22:18 +0200: Memory Usage (501180K) : metal3_blk has 0 polygons
2026-08-28 18:22:18 +0200: Memory Usage (501180K) : via3 has 12363 polygons
2026-08-28 18:22:18 +0200: Memory Usage (501180K) : metal4_drawn has 2406 polygons
2026-08-28 18:22:18 +0200: Memory Usage (501180K) : metal4_dummy has 0 polygons
2026-08-28 18:22:18 +0200: Memory Usage (501180K) : metal4_label has 0 polygons
2026-08-28 18:22:18 +0200: Memory Usage (501180K) : metal4_slot has 0 polygons
2026-08-28 18:22:18 +0200: Memory Usage (501180K) : metal4_blk has 0 polygons
2026-08-28 18:22:18 +0200: Memory Usage (501180K) : via4 has 2643 polygons
2026-08-28 18:22:18 +0200: Memory Usage (501180K) : metal5_drawn has 513 polygons
2026-08-28 18:22:18 +0200: Memory Usage (501180K) : metal5_dummy has 0 polygons
2026-08-28 18:22:18 +0200: Memory Usage (501180K) : metal5_label has 0 polygons
2026-08-28 18:22:18 +0200: Memory Usage (501180K) : metal5_slot has 0 polygons
2026-08-28 18:22:18 +0200: Memory Usage (501180K) : metal5_blk has 0 polygons
2026-08-28 18:22:18 +0200: Memory Usage (501180K) : pad has 0 polygons
2026-08-28 18:22:18 +0200: Memory Usage (501180K) : ubmpperi has 0 polygons
2026-08-28 18:22:18 +0200: Memory Usage (501180K) : ubmparray has 0 polygons
2026-08-28 18:22:18 +0200: Memory Usage (501180K) : ubmeplate has 0 polygons
2026-08-28 18:22:18 +0200: Memory Usage (501180K) : metal1_res has 0 polygons
2026-08-28 18:22:18 +0200: Memory Usage (501180K) : metal2_res has 0 polygons
2026-08-28 18:22:18 +0200: Memory Usage (501180K) : metal3_res has 0 polygons
2026-08-28 18:22:18 +0200: Memory Usage (501180K) : metal4_res has 0 polygons
2026-08-28 18:22:18 +0200: Memory Usage (501180K) : metal5_res has 0 polygons
2026-08-28 18:22:18 +0200: Memory Usage (501180K) : metal6_res has 0 polygons
2026-08-28 18:22:18 +0200: Memory Usage (501884K) : pr_bndry has 64345 polygons
2026-08-28 18:22:18 +0200: Memory Usage (501884K) : border has 0 polygons
2026-08-28 18:22:18 +0200: Memory Usage (501884K) : Total no. of polygons in the design is 1741398
2026-08-28 18:22:18 +0200: Memory Usage (501884K) : Starting deriving base layers.
2026-08-28 18:22:21 +0200: Memory Usage (1072808K) : Total area of the design is 1859250.0 um^2.
2026-08-28 18:22:21 +0200: Memory Usage (1072808K) : Starting GF180MCU DRC rules.
2026-08-28 18:22:21 +0200: Memory Usage (1072808K) : Running all FEOL rules
2026-08-28 18:22:21 +0200: Memory Usage (1072808K) : Running all BEOL rules
2026-08-28 18:22:21 +0200: Memory Usage (1072808K) : Starting EFUSE derivations
2026-08-28 18:22:21 +0200: Memory Usage (1072808K) : Executing rule EF.01
2026-08-28 18:22:21 +0200: Memory Usage (1073000K) : Executing rule EF.02
2026-08-28 18:22:21 +0200: Memory Usage (1073000K) : Executing rule EF.03
2026-08-28 18:22:21 +0200: Memory Usage (1073176K) : Executing rule EF.04a
2026-08-28 18:22:21 +0200: Memory Usage (1087784K) : Executing rule EF.04b
2026-08-28 18:22:21 +0200: Memory Usage (1087784K) : Executing rule EF.04c
2026-08-28 18:22:21 +0200: Memory Usage (1087960K) : Executing rule EF.04d
2026-08-28 18:22:21 +0200: Memory Usage (1087960K) : Executing rule EF.05
2026-08-28 18:22:21 +0200: Memory Usage (1088312K) : Executing rule EF.06
2026-08-28 18:22:21 +0200: Memory Usage (1088488K) : Executing rule EF.07
2026-08-28 18:22:21 +0200: Memory Usage (1088664K) : Executing rule EF.08
2026-08-28 18:22:21 +0200: Memory Usage (1088840K) : Executing rule EF.09
2026-08-28 18:22:21 +0200: Memory Usage (1089016K) : Executing rule EF.10
2026-08-28 18:22:21 +0200: Memory Usage (1089208K) : Executing rule EF.11
2026-08-28 18:22:21 +0200: Memory Usage (1089384K) : Executing rule EF.12
2026-08-28 18:22:21 +0200: Memory Usage (1089560K) : Executing rule EF.13
2026-08-28 18:22:21 +0200: Memory Usage (1089736K) : Executing rule EF.14
2026-08-28 18:22:21 +0200: Memory Usage (1089912K) : Executing rule EF.15
2026-08-28 18:22:21 +0200: Memory Usage (1090088K) : Executing rule EF.16a
2026-08-28 18:22:21 +0200: Memory Usage (1090088K) : Executing rule EF.16b
2026-08-28 18:22:21 +0200: Memory Usage (1090264K) : Executing rule EF.17
2026-08-28 18:22:21 +0200: Memory Usage (1090264K) : Executing rule EF.18
2026-08-28 18:22:21 +0200: Memory Usage (1322056K) : Executing rule EF.19
2026-08-28 18:22:21 +0200: Memory Usage (1322056K) : Executing rule EF.20
2026-08-28 18:22:21 +0200: Memory Usage (1322056K) : Executing rule EF.21
2026-08-28 18:22:21 +0200: Memory Usage (1322056K) : Executing rule EF.22a
2026-08-28 18:22:21 +0200: Memory Usage (1322056K) : Executing rule EF.22b
2026-08-28 18:22:21 +0200: Memory Usage (1322056K) : efuse DRC Total Run time 23.384148405 seconds
28-Aug-2026 18:22:22 | INFO    | Running Global Foundries 180nm MCU /headless/aravindustries-repos/butterfold/butterfold_proto/physical/results/d03_ach_candidate/butterfold_top.gds checks on design sram_5p0 on cell butterfold_top:
2026-08-28 18:22:23 +0200: Memory Usage (443664K) : Starting running GF180MCU Klayout DRC runset on /headless/aravindustries-repos/butterfold/butterfold_proto/physical/results/d03_ach_candidate/butterfold_top.gds
2026-08-28 18:22:23 +0200: Memory Usage (443664K) : Ruby Version for klayout: 3.2.3
2026-08-28 18:22:23 +0200: Memory Usage (489288K) : Loading database to memory is complete.
2026-08-28 18:22:23 +0200: Memory Usage (489288K) : GF180MCU Klayout DRC runset output at: /headless/aravindustries-repos/butterfold/butterfold_proto/physical/results/d03_ach_candidate/klayout_drc_pgfix/butterfold_top_sram_5p0.lyrdb
2026-08-28 18:22:23 +0200: Memory Usage (489288K) : Evaluate switches.
2026-08-28 18:22:23 +0200: Memory Usage (489288K) : table_name selected  sram_5p0
2026-08-28 18:22:23 +0200: Memory Usage (489288K) : CONNECTIVITY_RULES enabled: false
2026-08-28 18:22:23 +0200: Memory Usage (489288K) : Wedge enabled: false
2026-08-28 18:22:23 +0200: Memory Usage (489288K) : Ball enabled: false
2026-08-28 18:22:23 +0200: Memory Usage (489288K) : Gold enabled: false
2026-08-28 18:22:23 +0200: Memory Usage (489288K) : MIM Option selected: B
2026-08-28 18:22:23 +0200: Memory Usage (489288K) : Offgrid enabled:  true
2026-08-28 18:22:23 +0200: Memory Usage (489288K) : Number of threads to use 2
2026-08-28 18:22:23 +0200: Memory Usage (489288K) : Verbose mode: false
2026-08-28 18:22:23 +0200: Memory Usage (489288K) : flat  mode is enabled for sram_5p0 table
2026-08-28 18:22:23 +0200: Memory Usage (489288K) : METAL_TOP Selected is 11K
2026-08-28 18:22:23 +0200: Memory Usage (489288K) : METAL_STACK Selected is 5LM
2026-08-28 18:22:23 +0200: Memory Usage (489288K) : FEOL enabled: true
2026-08-28 18:22:23 +0200: Memory Usage (489288K) : BEOL enabled: true
2026-08-28 18:22:23 +0200: Memory Usage (489288K) : DUMMY enabled: false
2026-08-28 18:22:23 +0200: Memory Usage (489288K) : SLOW_VIA enabled: false
2026-08-28 18:22:23 +0200: Memory Usage (489288K) : Read in polygons from layers.
2026-08-28 18:22:24 +0200: Memory Usage (526880K) : comp has 216638 polygons
2026-08-28 18:22:24 +0200: Memory Usage (526880K) : dnwell has 0 polygons
2026-08-28 18:22:24 +0200: Memory Usage (542196K) : nwell has 422 polygons
2026-08-28 18:22:25 +0200: Memory Usage (542196K) : lvpwell has 307 polygons
2026-08-28 18:22:25 +0200: Memory Usage (553284K) : dualgate has 3 polygons
2026-08-28 18:22:25 +0200: Memory Usage (564992K) : Construct connectivity for the design.
2026-08-28 18:22:25 +0200: Memory Usage (564992K) : Connectivity rules enabled, Netlist object will be generated.
2026-08-28 18:22:26 +0200: Memory Usage (554604K) : poly2 has 232293 polygons
2026-08-28 18:22:26 +0200: Memory Usage (580136K) : nplus has 1417 polygons
2026-08-28 18:22:26 +0200: Memory Usage (580136K) : pplus has 10152 polygons
2026-08-28 18:22:26 +0200: Memory Usage (580136K) : sab has 0 polygons
2026-08-28 18:22:26 +0200: Memory Usage (580136K) : esd has 0 polygons
2026-08-28 18:22:26 +0200: Memory Usage (580136K) : resistor has 0 polygons
2026-08-28 18:22:26 +0200: Memory Usage (580136K) : fhres has 0 polygons
2026-08-28 18:22:26 +0200: Memory Usage (580136K) : fusetop has 0 polygons
2026-08-28 18:22:26 +0200: Memory Usage (580136K) : fusewindow_d has 0 polygons
2026-08-28 18:22:26 +0200: Memory Usage (580136K) : polyfuse has 0 polygons
2026-08-28 18:22:26 +0200: Memory Usage (580136K) : mvsd has 0 polygons
2026-08-28 18:22:26 +0200: Memory Usage (580136K) : mvpsd has 0 polygons
2026-08-28 18:22:26 +0200: Memory Usage (580136K) : nat has 0 polygons
2026-08-28 18:22:26 +0200: Memory Usage (580136K) : comp_dummy has 0 polygons
2026-08-28 18:22:26 +0200: Memory Usage (580136K) : poly2_dummy has 0 polygons
2026-08-28 18:22:26 +0200: Memory Usage (580136K) : schottky_diode has 0 polygons
2026-08-28 18:22:26 +0200: Memory Usage (580136K) : zener has 0 polygons
2026-08-28 18:22:26 +0200: Memory Usage (580136K) : res_mk has 0 polygons
2026-08-28 18:22:26 +0200: Memory Usage (580136K) : opc_drc has 0 polygons
2026-08-28 18:22:27 +0200: Memory Usage (580136K) : v5_xtor has 3 polygons
2026-08-28 18:22:27 +0200: Memory Usage (580136K) : cap_mk has 0 polygons
2026-08-28 18:22:27 +0200: Memory Usage (580136K) : mos_cap_mk has 0 polygons
2026-08-28 18:22:27 +0200: Memory Usage (580136K) : ind_mk has 0 polygons
2026-08-28 18:22:27 +0200: Memory Usage (580136K) : diode_mk has 26 polygons
2026-08-28 18:22:27 +0200: Memory Usage (580136K) : drc_bjt has 0 polygons
2026-08-28 18:22:27 +0200: Memory Usage (580136K) : lvs_bjt has 0 polygons
2026-08-28 18:22:27 +0200: Memory Usage (580136K) : mim_l_mk has 0 polygons
2026-08-28 18:22:27 +0200: Memory Usage (580136K) : latchup_mk has 0 polygons
2026-08-28 18:22:27 +0200: Memory Usage (580136K) : guard_ring_mk has 0 polygons
2026-08-28 18:22:27 +0200: Memory Usage (580136K) : otp_mk has 0 polygons
2026-08-28 18:22:27 +0200: Memory Usage (580136K) : mtpmark has 0 polygons
2026-08-28 18:22:27 +0200: Memory Usage (580136K) : neo_ee_mk has 0 polygons
2026-08-28 18:22:27 +0200: Memory Usage (580136K) : sramcore has 4 polygons
2026-08-28 18:22:27 +0200: Memory Usage (580136K) : lvs_rf has 0 polygons
2026-08-28 18:22:27 +0200: Memory Usage (580136K) : lvs_drain has 0 polygons
2026-08-28 18:22:27 +0200: Memory Usage (580136K) : ind_mk has 0 polygons
2026-08-28 18:22:27 +0200: Memory Usage (580136K) : hvpolyrs has 0 polygons
2026-08-28 18:22:27 +0200: Memory Usage (580136K) : lvs_io has 0 polygons
2026-08-28 18:22:27 +0200: Memory Usage (580136K) : probe_mk has 0 polygons
2026-08-28 18:22:27 +0200: Memory Usage (580136K) : esd_mk has 0 polygons
2026-08-28 18:22:27 +0200: Memory Usage (580136K) : lvs_source has 0 polygons
2026-08-28 18:22:27 +0200: Memory Usage (580136K) : well_diode_mk has 0 polygons
2026-08-28 18:22:27 +0200: Memory Usage (580136K) : ldmos_xtor has 0 polygons
2026-08-28 18:22:27 +0200: Memory Usage (580136K) : plfuse has 0 polygons
2026-08-28 18:22:27 +0200: Memory Usage (580136K) : efuse_mk has 0 polygons
2026-08-28 18:22:27 +0200: Memory Usage (580136K) : mcell_feol_mk has 0 polygons
2026-08-28 18:22:27 +0200: Memory Usage (580136K) : ymtp_mk has 0 polygons
2026-08-28 18:22:27 +0200: Memory Usage (580136K) : dev_wf_mk has 0 polygons
2026-08-28 18:22:27 +0200: Memory Usage (580136K) : comp_label has 0 polygons
2026-08-28 18:22:27 +0200: Memory Usage (580136K) : poly2_label has 0 polygons
2026-08-28 18:22:27 +0200: Memory Usage (580136K) : mdiode has 0 polygons
2026-08-28 18:22:27 +0200: Memory Usage (580136K) : ndmy has 0 polygons
2026-08-28 18:22:27 +0200: Memory Usage (580136K) : pmndmy has 0 polygons
2026-08-28 18:22:27 +0200: Memory Usage (645264K) : Total area of the design is 1859250.0 um^2.
2026-08-28 18:22:27 +0200: Memory Usage (645264K) : Starting GF180MCU DRC rules.
2026-08-28 18:22:27 +0200: Memory Usage (645264K) : Running all FEOL rules
2026-08-28 18:22:27 +0200: Memory Usage (645264K) : Running all BEOL rules
2026-08-28 18:22:27 +0200: Memory Usage (645264K) : ldnmos_split DRC Total Run time 10.413528448 seconds
28-Aug-2026 18:22:28 | INFO    | Running Global Foundries 180nm MCU /headless/aravindustries-repos/butterfold/butterfold_proto/physical/results/d03_ach_candidate/butterfold_top.gds checks on design dummy_metal1 on cell butterfold_top:
2026-08-28 18:22:29 +0200: Memory Usage (443988K) : Starting running GF180MCU Klayout DRC runset on /headless/aravindustries-repos/butterfold/butterfold_proto/physical/results/d03_ach_candidate/butterfold_top.gds
2026-08-28 18:22:29 +0200: Memory Usage (443988K) : Ruby Version for klayout: 3.2.3
2026-08-28 18:22:29 +0200: Memory Usage (489492K) : Loading database to memory is complete.
2026-08-28 18:22:29 +0200: Memory Usage (489492K) : GF180MCU Klayout DRC runset output at: /headless/aravindustries-repos/butterfold/butterfold_proto/physical/results/d03_ach_candidate/klayout_drc_pgfix/butterfold_top_dummy_metal1.lyrdb
2026-08-28 18:22:29 +0200: Memory Usage (489492K) : Evaluate switches.
2026-08-28 18:22:29 +0200: Memory Usage (489492K) : table_name selected  dummy_metal1
2026-08-28 18:22:29 +0200: Memory Usage (489492K) : CONNECTIVITY_RULES enabled: false
2026-08-28 18:22:29 +0200: Memory Usage (489492K) : Wedge enabled: false
2026-08-28 18:22:29 +0200: Memory Usage (489492K) : Ball enabled: false
2026-08-28 18:22:29 +0200: Memory Usage (489492K) : Gold enabled: false
2026-08-28 18:22:29 +0200: Memory Usage (489492K) : MIM Option selected: B
2026-08-28 18:22:29 +0200: Memory Usage (489492K) : Offgrid enabled:  true
2026-08-28 18:22:29 +0200: Memory Usage (489492K) : Number of threads to use 2
2026-08-28 18:22:29 +0200: Memory Usage (489492K) : Verbose mode: false
2026-08-28 18:22:29 +0200: Memory Usage (489492K) : flat  mode is enabled for dummy_metal1 table
2026-08-28 18:22:29 +0200: Memory Usage (489492K) : METAL_TOP Selected is 11K
2026-08-28 18:22:29 +0200: Memory Usage (489492K) : METAL_STACK Selected is 5LM
2026-08-28 18:22:29 +0200: Memory Usage (489492K) : FEOL enabled: true
2026-08-28 18:22:29 +0200: Memory Usage (489492K) : BEOL enabled: true
2026-08-28 18:22:29 +0200: Memory Usage (489492K) : DUMMY enabled: false
2026-08-28 18:22:29 +0200: Memory Usage (489492K) : SLOW_VIA enabled: false
2026-08-28 18:22:29 +0200: Memory Usage (489492K) : Read in polygons from layers.
2026-08-28 18:22:30 +0200: Memory Usage (527220K) : comp has 216638 polygons
2026-08-28 18:22:30 +0200: Memory Usage (527220K) : dnwell has 0 polygons
2026-08-28 18:22:30 +0200: Memory Usage (743612K) : contact has 1380000 polygons
2026-08-28 18:22:30 +0200: Memory Usage (542536K) : nwell has 422 polygons
2026-08-28 18:22:30 +0200: Memory Usage (542536K) : lvpwell has 307 polygons
2026-08-28 18:22:31 +0200: Memory Usage (553624K) : dualgate has 3 polygons
2026-08-28 18:22:31 +0200: Memory Usage (554856K) : poly2 has 232293 polygons
2026-08-28 18:22:32 +0200: Memory Usage (580312K) : nplus has 1417 polygons
2026-08-28 18:22:32 +0200: Memory Usage (580312K) : pplus has 10152 polygons
2026-08-28 18:22:32 +0200: Memory Usage (580312K) : sab has 0 polygons
2026-08-28 18:22:32 +0200: Memory Usage (580312K) : esd has 0 polygons
2026-08-28 18:22:32 +0200: Memory Usage (580312K) : resistor has 0 polygons
2026-08-28 18:22:32 +0200: Memory Usage (580312K) : fhres has 0 polygons
2026-08-28 18:22:32 +0200: Memory Usage (580312K) : fusetop has 0 polygons
2026-08-28 18:22:32 +0200: Memory Usage (580312K) : fusewindow_d has 0 polygons
2026-08-28 18:22:32 +0200: Memory Usage (580312K) : polyfuse has 0 polygons
2026-08-28 18:22:32 +0200: Memory Usage (580312K) : mvsd has 0 polygons
2026-08-28 18:22:32 +0200: Memory Usage (580312K) : mvpsd has 0 polygons
2026-08-28 18:22:32 +0200: Memory Usage (580312K) : nat has 0 polygons
2026-08-28 18:22:32 +0200: Memory Usage (580312K) : comp_dummy has 0 polygons
2026-08-28 18:22:32 +0200: Memory Usage (580312K) : poly2_dummy has 0 polygons
2026-08-28 18:22:32 +0200: Memory Usage (580312K) : schottky_diode has 0 polygons
2026-08-28 18:22:32 +0200: Memory Usage (580312K) : zener has 0 polygons
2026-08-28 18:22:32 +0200: Memory Usage (580312K) : res_mk has 0 polygons
2026-08-28 18:22:32 +0200: Memory Usage (580312K) : opc_drc has 0 polygons
2026-08-28 18:22:32 +0200: Memory Usage (580312K) : v5_xtor has 3 polygons
2026-08-28 18:22:32 +0200: Memory Usage (580312K) : cap_mk has 0 polygons
2026-08-28 18:22:32 +0200: Memory Usage (580312K) : mos_cap_mk has 0 polygons
2026-08-28 18:22:32 +0200: Memory Usage (580312K) : ind_mk has 0 polygons
2026-08-28 18:22:32 +0200: Memory Usage (580312K) : diode_mk has 26 polygons
2026-08-28 18:22:32 +0200: Memory Usage (580312K) : drc_bjt has 0 polygons
2026-08-28 18:22:32 +0200: Memory Usage (580312K) : lvs_bjt has 0 polygons
2026-08-28 18:22:32 +0200: Memory Usage (580312K) : mim_l_mk has 0 polygons
2026-08-28 18:22:32 +0200: Memory Usage (580312K) : latchup_mk has 0 polygons
2026-08-28 18:22:32 +0200: Memory Usage (580312K) : guard_ring_mk has 0 polygons
2026-08-28 18:22:32 +0200: Memory Usage (580312K) : otp_mk has 0 polygons
2026-08-28 18:22:32 +0200: Memory Usage (580312K) : mtpmark has 0 polygons
2026-08-28 18:22:32 +0200: Memory Usage (580312K) : neo_ee_mk has 0 polygons
2026-08-28 18:22:32 +0200: Memory Usage (580312K) : sramcore has 4 polygons
2026-08-28 18:22:32 +0200: Memory Usage (580312K) : lvs_rf has 0 polygons
2026-08-28 18:22:32 +0200: Memory Usage (580312K) : lvs_drain has 0 polygons
2026-08-28 18:22:32 +0200: Memory Usage (580312K) : ind_mk has 0 polygons
2026-08-28 18:22:32 +0200: Memory Usage (580312K) : hvpolyrs has 0 polygons
2026-08-28 18:22:32 +0200: Memory Usage (580312K) : lvs_io has 0 polygons
2026-08-28 18:22:32 +0200: Memory Usage (580312K) : probe_mk has 0 polygons
2026-08-28 18:22:32 +0200: Memory Usage (580312K) : esd_mk has 0 polygons
2026-08-28 18:22:32 +0200: Memory Usage (580312K) : lvs_source has 0 polygons
2026-08-28 18:22:32 +0200: Memory Usage (580312K) : well_diode_mk has 0 polygons
2026-08-28 18:22:32 +0200: Memory Usage (580312K) : ldmos_xtor has 0 polygons
2026-08-28 18:22:32 +0200: Memory Usage (580312K) : plfuse has 0 polygons
2026-08-28 18:22:32 +0200: Memory Usage (580312K) : efuse_mk has 0 polygons
2026-08-28 18:22:32 +0200: Memory Usage (580312K) : mcell_feol_mk has 0 polygons
2026-08-28 18:22:32 +0200: Memory Usage (580312K) : ymtp_mk has 0 polygons
2026-08-28 18:22:32 +0200: Memory Usage (580312K) : dev_wf_mk has 0 polygons
2026-08-28 18:22:32 +0200: Memory Usage (580312K) : comp_label has 0 polygons
2026-08-28 18:22:32 +0200: Memory Usage (580312K) : poly2_label has 0 polygons
2026-08-28 18:22:32 +0200: Memory Usage (580312K) : mdiode has 0 polygons
2026-08-28 18:22:32 +0200: Memory Usage (580312K) : ndmy has 0 polygons
2026-08-28 18:22:32 +0200: Memory Usage (580312K) : pmndmy has 0 polygons
2026-08-28 18:22:33 +0200: Memory Usage (761708K) : metal1_drawn has 251861 polygons
2026-08-28 18:22:33 +0200: Memory Usage (761708K) : metal1_dummy has 0 polygons
2026-08-28 18:22:33 +0200: Memory Usage (761708K) : metal1_label has 0 polygons
2026-08-28 18:22:33 +0200: Memory Usage (761708K) : metal1_slot has 0 polygons
2026-08-28 18:22:33 +0200: Memory Usage (761708K) : metal1_blk has 0 polygons
2026-08-28 18:22:34 +0200: Memory Usage (767692K) : metal2_drawn has 51071 polygons
2026-08-28 18:22:34 +0200: Memory Usage (767692K) : metal2_dummy has 0 polygons
2026-08-28 18:22:34 +0200: Memory Usage (767692K) : metal2_label has 33 polygons
2026-08-28 18:22:34 +0200: Memory Usage (767692K) : metal2_slot has 0 polygons
2026-08-28 18:22:34 +0200: Memory Usage (767692K) : metal2_blk has 0 polygons
2026-08-28 18:22:34 +0200: Memory Usage (767692K) : metal3_drawn has 25645 polygons
2026-08-28 18:22:34 +0200: Memory Usage (767692K) : metal3_dummy has 0 polygons
2026-08-28 18:22:34 +0200: Memory Usage (767692K) : metal3_label has 0 polygons
2026-08-28 18:22:34 +0200: Memory Usage (767692K) : metal3_slot has 0 polygons
2026-08-28 18:22:34 +0200: Memory Usage (767692K) : metal3_blk has 0 polygons
2026-08-28 18:22:34 +0200: Memory Usage (767692K) : via3 has 12363 polygons
2026-08-28 18:22:34 +0200: Memory Usage (767692K) : metal4_drawn has 2332 polygons
2026-08-28 18:22:34 +0200: Memory Usage (767692K) : metal4_dummy has 0 polygons
2026-08-28 18:22:34 +0200: Memory Usage (767692K) : metal4_label has 0 polygons
2026-08-28 18:22:34 +0200: Memory Usage (767692K) : metal4_slot has 0 polygons
2026-08-28 18:22:34 +0200: Memory Usage (767692K) : metal4_blk has 0 polygons
2026-08-28 18:22:34 +0200: Memory Usage (767692K) : via4 has 2643 polygons
2026-08-28 18:22:34 +0200: Memory Usage (767692K) : metal5_drawn has 491 polygons
2026-08-28 18:22:34 +0200: Memory Usage (767692K) : metal5_dummy has 0 polygons
2026-08-28 18:22:34 +0200: Memory Usage (767692K) : metal5_label has 0 polygons
2026-08-28 18:22:34 +0200: Memory Usage (767692K) : metal5_slot has 0 polygons
2026-08-28 18:22:34 +0200: Memory Usage (767692K) : metal5_blk has 0 polygons
2026-08-28 18:22:34 +0200: Memory Usage (767692K) : pad has 0 polygons
2026-08-28 18:22:34 +0200: Memory Usage (767692K) : ubmpperi has 0 polygons
2026-08-28 18:22:34 +0200: Memory Usage (767692K) : ubmparray has 0 polygons
2026-08-28 18:22:34 +0200: Memory Usage (767692K) : ubmeplate has 0 polygons
2026-08-28 18:22:34 +0200: Memory Usage (767692K) : metal1_res has 0 polygons
2026-08-28 18:22:34 +0200: Memory Usage (767692K) : metal2_res has 0 polygons
2026-08-28 18:22:34 +0200: Memory Usage (767692K) : metal3_res has 0 polygons
2026-08-28 18:22:34 +0200: Memory Usage (767692K) : metal4_res has 0 polygons
2026-08-28 18:22:34 +0200: Memory Usage (767692K) : metal5_res has 0 polygons
2026-08-28 18:22:34 +0200: Memory Usage (767692K) : metal6_res has 0 polygons
2026-08-28 18:22:34 +0200: Memory Usage (769276K) : pr_bndry has 1 polygons
2026-08-28 18:22:34 +0200: Memory Usage (769276K) : border has 0 polygons
2026-08-28 18:22:34 +0200: Memory Usage (769276K) : Total no. of polygons in the design is 2187705
2026-08-28 18:22:34 +0200: Memory Usage (769276K) : Starting deriving base layers.
2026-08-28 18:22:36 +0200: Memory Usage (625972K) : metal1_drawn has 251861 polygons
2026-08-28 18:22:36 +0200: Memory Usage (625972K) : metal1_dummy has 0 polygons
2026-08-28 18:22:36 +0200: Memory Usage (625972K) : metal1_label has 0 polygons
2026-08-28 18:22:36 +0200: Memory Usage (625972K) : metal1_slot has 0 polygons
2026-08-28 18:22:36 +0200: Memory Usage (625972K) : metal1_blk has 0 polygons
2026-08-28 18:22:36 +0200: Memory Usage (631956K) : metal2_drawn has 51071 polygons
2026-08-28 18:22:36 +0200: Memory Usage (631956K) : metal2_dummy has 0 polygons
2026-08-28 18:22:36 +0200: Memory Usage (631956K) : metal2_label has 33 polygons
2026-08-28 18:22:36 +0200: Memory Usage (631956K) : metal2_slot has 0 polygons
2026-08-28 18:22:36 +0200: Memory Usage (631956K) : metal2_blk has 0 polygons
2026-08-28 18:22:36 +0200: Memory Usage (631956K) : metal3_drawn has 25645 polygons
2026-08-28 18:22:36 +0200: Memory Usage (631956K) : metal3_dummy has 0 polygons
2026-08-28 18:22:36 +0200: Memory Usage (631956K) : metal3_label has 0 polygons
2026-08-28 18:22:36 +0200: Memory Usage (631956K) : metal3_slot has 0 polygons
2026-08-28 18:22:36 +0200: Memory Usage (631956K) : metal3_blk has 0 polygons
2026-08-28 18:22:36 +0200: Memory Usage (631956K) : via3 has 12363 polygons
2026-08-28 18:22:37 +0200: Memory Usage (631956K) : metal4_drawn has 2332 polygons
2026-08-28 18:22:37 +0200: Memory Usage (631956K) : metal4_dummy has 0 polygons
2026-08-28 18:22:37 +0200: Memory Usage (631956K) : metal4_label has 0 polygons
2026-08-28 18:22:37 +0200: Memory Usage (631956K) : metal4_slot has 0 polygons
2026-08-28 18:22:37 +0200: Memory Usage (631956K) : metal4_blk has 0 polygons
2026-08-28 18:22:37 +0200: Memory Usage (631956K) : via4 has 2643 polygons
2026-08-28 18:22:37 +0200: Memory Usage (631956K) : metal5_drawn has 491 polygons
2026-08-28 18:22:37 +0200: Memory Usage (631956K) : metal5_dummy has 0 polygons
2026-08-28 18:22:37 +0200: Memory Usage (631956K) : metal5_label has 0 polygons
2026-08-28 18:22:37 +0200: Memory Usage (631956K) : metal5_slot has 0 polygons
2026-08-28 18:22:37 +0200: Memory Usage (631956K) : metal5_blk has 0 polygons
2026-08-28 18:22:37 +0200: Memory Usage (631956K) : pad has 0 polygons
2026-08-28 18:22:37 +0200: Memory Usage (631956K) : ubmpperi has 0 polygons
2026-08-28 18:22:37 +0200: Memory Usage (631956K) : ubmparray has 0 polygons
2026-08-28 18:22:37 +0200: Memory Usage (631956K) : ubmeplate has 0 polygons
2026-08-28 18:22:37 +0200: Memory Usage (631956K) : metal1_res has 0 polygons
2026-08-28 18:22:37 +0200: Memory Usage (631956K) : metal2_res has 0 polygons
2026-08-28 18:22:37 +0200: Memory Usage (631956K) : metal3_res has 0 polygons
2026-08-28 18:22:37 +0200: Memory Usage (631956K) : metal4_res has 0 polygons
2026-08-28 18:22:37 +0200: Memory Usage (631956K) : metal5_res has 0 polygons
2026-08-28 18:22:37 +0200: Memory Usage (631956K) : metal6_res has 0 polygons
2026-08-28 18:22:37 +0200: Memory Usage (631956K) : pr_bndry has 1 polygons
2026-08-28 18:22:37 +0200: Memory Usage (631956K) : border has 0 polygons
2026-08-28 18:22:37 +0200: Memory Usage (631956K) : Total no. of polygons in the design is 807705
2026-08-28 18:22:37 +0200: Memory Usage (631956K) : Starting deriving base layers.
2026-08-28 18:22:46 +0200: Memory Usage (1070048K) : Total area of the design is 1859250.0 um^2.
2026-08-28 18:22:46 +0200: Memory Usage (1070048K) : Starting GF180MCU DRC rules.
2026-08-28 18:22:46 +0200: Memory Usage (1070048K) : Running all FEOL rules
2026-08-28 18:22:46 +0200: Memory Usage (1070048K) : Running all BEOL rules
2026-08-28 18:22:46 +0200: Memory Usage (1070048K) : Starting 5V SRAM derivations
2026-08-28 18:22:49 +0200: Memory Usage (929060K) : Total area of the design is 1859250.0 um^2.
2026-08-28 18:22:49 +0200: Memory Usage (929060K) : Starting GF180MCU DRC rules.
2026-08-28 18:22:49 +0200: Memory Usage (929060K) : Running all FEOL rules
2026-08-28 18:22:49 +0200: Memory Usage (929060K) : Running all BEOL rules
2026-08-28 18:22:49 +0200: Memory Usage (929060K) : dummy_metal1 DRC Total Run time 19.989753661 seconds
28-Aug-2026 18:22:49 | INFO    | Running Global Foundries 180nm MCU /headless/aravindustries-repos/butterfold/butterfold_proto/physical/results/d03_ach_candidate/butterfold_top.gds checks on design nat on cell butterfold_top:
2026-08-28 18:22:50 +0200: Memory Usage (1078364K) : Executing rule S.DF.4c_MV
2026-08-28 18:22:50 +0200: Memory Usage (1078940K) : Executing rule S.DF.6_MV
2026-08-28 18:22:50 +0200: Memory Usage (1079160K) : Executing rule S.DF.7_MV
2026-08-28 18:22:50 +0200: Memory Usage (1079160K) : Executing rule S.DF.8_MV
2026-08-28 18:22:50 +0200: Memory Usage (1079160K) : Executing rule S.DF.16_MV
2026-08-28 18:22:50 +0200: Memory Usage (1098696K) : Executing rule S.PL.5a_MV
2026-08-28 18:22:50 +0200: Memory Usage (444184K) : Starting running GF180MCU Klayout DRC runset on /headless/aravindustries-repos/butterfold/butterfold_proto/physical/results/d03_ach_candidate/butterfold_top.gds
2026-08-28 18:22:50 +0200: Memory Usage (444184K) : Ruby Version for klayout: 3.2.3
2026-08-28 18:22:50 +0200: Memory Usage (1098696K) : Executing rule S.PL.5b_MV
2026-08-28 18:22:51 +0200: Memory Usage (489608K) : Loading database to memory is complete.
2026-08-28 18:22:51 +0200: Memory Usage (489608K) : GF180MCU Klayout DRC runset output at: /headless/aravindustries-repos/butterfold/butterfold_proto/physical/results/d03_ach_candidate/klayout_drc_pgfix/butterfold_top_nat.lyrdb
2026-08-28 18:22:51 +0200: Memory Usage (489816K) : Evaluate switches.
2026-08-28 18:22:51 +0200: Memory Usage (489816K) : table_name selected  nat
2026-08-28 18:22:51 +0200: Memory Usage (489816K) : CONNECTIVITY_RULES enabled: true
2026-08-28 18:22:51 +0200: Memory Usage (489816K) : Wedge enabled: false
2026-08-28 18:22:51 +0200: Memory Usage (489816K) : Ball enabled: false
2026-08-28 18:22:51 +0200: Memory Usage (489816K) : Gold enabled: false
2026-08-28 18:22:51 +0200: Memory Usage (489816K) : MIM Option selected: B
2026-08-28 18:22:51 +0200: Memory Usage (489816K) : Offgrid enabled:  true
2026-08-28 18:22:51 +0200: Memory Usage (489816K) : Number of threads to use 2
2026-08-28 18:22:51 +0200: Memory Usage (489816K) : Verbose mode: false
2026-08-28 18:22:51 +0200: Memory Usage (489816K) : flat  mode is enabled for nat table
2026-08-28 18:22:51 +0200: Memory Usage (489816K) : METAL_TOP Selected is 11K
2026-08-28 18:22:51 +0200: Memory Usage (489816K) : METAL_STACK Selected is 5LM
2026-08-28 18:22:51 +0200: Memory Usage (489816K) : FEOL enabled: true
2026-08-28 18:22:51 +0200: Memory Usage (489816K) : BEOL enabled: true
2026-08-28 18:22:51 +0200: Memory Usage (489816K) : DUMMY enabled: false
2026-08-28 18:22:51 +0200: Memory Usage (489816K) : SLOW_VIA enabled: false
2026-08-28 18:22:51 +0200: Memory Usage (489816K) : Read in polygons from layers.
2026-08-28 18:22:51 +0200: Memory Usage (1098696K) : Executing rule S.CO.4_MV
2026-08-28 18:22:51 +0200: Memory Usage (1098696K) : sram_5p0 DRC Total Run time 27.675523564 seconds
2026-08-28 18:22:51 +0200: Memory Usage (527576K) : comp has 216638 polygons
2026-08-28 18:22:51 +0200: Memory Usage (527576K) : dnwell has 0 polygons
28-Aug-2026 18:22:51 | INFO    | Running Global Foundries 180nm MCU /headless/aravindustries-repos/butterfold/butterfold_proto/physical/results/d03_ach_candidate/butterfold_top.gds checks on design ldpmos on cell butterfold_top:
2026-08-28 18:22:52 +0200: Memory Usage (542892K) : nwell has 422 polygons
2026-08-28 18:22:52 +0200: Memory Usage (542892K) : lvpwell has 307 polygons
2026-08-28 18:22:52 +0200: Memory Usage (553980K) : dualgate has 3 polygons
2026-08-28 18:22:53 +0200: Memory Usage (444008K) : Starting running GF180MCU Klayout DRC runset on /headless/aravindustries-repos/butterfold/butterfold_proto/physical/results/d03_ach_candidate/butterfold_top.gds
2026-08-28 18:22:53 +0200: Memory Usage (444008K) : Ruby Version for klayout: 3.2.3
2026-08-28 18:22:53 +0200: Memory Usage (489172K) : Loading database to memory is complete.
2026-08-28 18:22:53 +0200: Memory Usage (489172K) : GF180MCU Klayout DRC runset output at: /headless/aravindustries-repos/butterfold/butterfold_proto/physical/results/d03_ach_candidate/klayout_drc_pgfix/butterfold_top_ldpmos.lyrdb
2026-08-28 18:22:53 +0200: Memory Usage (489364K) : Evaluate switches.
2026-08-28 18:22:53 +0200: Memory Usage (489364K) : table_name selected  ldpmos
2026-08-28 18:22:53 +0200: Memory Usage (489364K) : CONNECTIVITY_RULES enabled: true
2026-08-28 18:22:53 +0200: Memory Usage (489364K) : Wedge enabled: false
2026-08-28 18:22:53 +0200: Memory Usage (489364K) : Ball enabled: false
2026-08-28 18:22:53 +0200: Memory Usage (489364K) : Gold enabled: false
2026-08-28 18:22:53 +0200: Memory Usage (489364K) : MIM Option selected: B
2026-08-28 18:22:53 +0200: Memory Usage (489364K) : Offgrid enabled:  true
2026-08-28 18:22:53 +0200: Memory Usage (489364K) : Number of threads to use 2
2026-08-28 18:22:53 +0200: Memory Usage (489364K) : Verbose mode: false
2026-08-28 18:22:53 +0200: Memory Usage (489364K) : flat  mode is enabled for ldpmos table
2026-08-28 18:22:53 +0200: Memory Usage (489364K) : METAL_TOP Selected is 11K
2026-08-28 18:22:53 +0200: Memory Usage (489364K) : METAL_STACK Selected is 5LM
2026-08-28 18:22:53 +0200: Memory Usage (489364K) : FEOL enabled: true
2026-08-28 18:22:53 +0200: Memory Usage (489364K) : BEOL enabled: true
2026-08-28 18:22:53 +0200: Memory Usage (489364K) : DUMMY enabled: false
2026-08-28 18:22:53 +0200: Memory Usage (489364K) : SLOW_VIA enabled: false
2026-08-28 18:22:53 +0200: Memory Usage (489364K) : Read in polygons from layers.
2026-08-28 18:22:53 +0200: Memory Usage (555152K) : poly2 has 232293 polygons
2026-08-28 18:22:53 +0200: Memory Usage (580608K) : nplus has 1417 polygons
2026-08-28 18:22:53 +0200: Memory Usage (526808K) : comp has 216638 polygons
2026-08-28 18:22:54 +0200: Memory Usage (526808K) : dnwell has 0 polygons
2026-08-28 18:22:54 +0200: Memory Usage (580608K) : pplus has 10152 polygons
2026-08-28 18:22:54 +0200: Memory Usage (580608K) : sab has 0 polygons
2026-08-28 18:22:54 +0200: Memory Usage (580608K) : esd has 0 polygons
2026-08-28 18:22:54 +0200: Memory Usage (580608K) : resistor has 0 polygons
2026-08-28 18:22:54 +0200: Memory Usage (580608K) : fhres has 0 polygons
2026-08-28 18:22:54 +0200: Memory Usage (580608K) : fusetop has 0 polygons
2026-08-28 18:22:54 +0200: Memory Usage (580608K) : fusewindow_d has 0 polygons
2026-08-28 18:22:54 +0200: Memory Usage (580608K) : polyfuse has 0 polygons
2026-08-28 18:22:54 +0200: Memory Usage (580608K) : mvsd has 0 polygons
2026-08-28 18:22:54 +0200: Memory Usage (580608K) : mvpsd has 0 polygons
2026-08-28 18:22:54 +0200: Memory Usage (580608K) : nat has 0 polygons
2026-08-28 18:22:54 +0200: Memory Usage (580608K) : comp_dummy has 0 polygons
2026-08-28 18:22:54 +0200: Memory Usage (580608K) : poly2_dummy has 0 polygons
2026-08-28 18:22:54 +0200: Memory Usage (580608K) : schottky_diode has 0 polygons
2026-08-28 18:22:54 +0200: Memory Usage (580608K) : zener has 0 polygons
2026-08-28 18:22:54 +0200: Memory Usage (580608K) : res_mk has 0 polygons
2026-08-28 18:22:54 +0200: Memory Usage (580608K) : opc_drc has 0 polygons
2026-08-28 18:22:54 +0200: Memory Usage (542124K) : nwell has 422 polygons
2026-08-28 18:22:54 +0200: Memory Usage (580608K) : v5_xtor has 3 polygons
2026-08-28 18:22:54 +0200: Memory Usage (580608K) : cap_mk has 0 polygons
2026-08-28 18:22:54 +0200: Memory Usage (580608K) : mos_cap_mk has 0 polygons
2026-08-28 18:22:54 +0200: Memory Usage (580608K) : ind_mk has 0 polygons
2026-08-28 18:22:54 +0200: Memory Usage (580608K) : diode_mk has 26 polygons
2026-08-28 18:22:54 +0200: Memory Usage (580608K) : drc_bjt has 0 polygons
2026-08-28 18:22:54 +0200: Memory Usage (580608K) : lvs_bjt has 0 polygons
2026-08-28 18:22:54 +0200: Memory Usage (580608K) : mim_l_mk has 0 polygons
2026-08-28 18:22:54 +0200: Memory Usage (580608K) : latchup_mk has 0 polygons
2026-08-28 18:22:54 +0200: Memory Usage (580608K) : guard_ring_mk has 0 polygons
2026-08-28 18:22:54 +0200: Memory Usage (580608K) : otp_mk has 0 polygons
2026-08-28 18:22:54 +0200: Memory Usage (580608K) : mtpmark has 0 polygons
2026-08-28 18:22:54 +0200: Memory Usage (580608K) : neo_ee_mk has 0 polygons
2026-08-28 18:22:54 +0200: Memory Usage (580608K) : sramcore has 4 polygons
2026-08-28 18:22:54 +0200: Memory Usage (580608K) : lvs_rf has 0 polygons
2026-08-28 18:22:54 +0200: Memory Usage (580608K) : lvs_drain has 0 polygons
2026-08-28 18:22:54 +0200: Memory Usage (580608K) : ind_mk has 0 polygons
2026-08-28 18:22:54 +0200: Memory Usage (580608K) : hvpolyrs has 0 polygons
2026-08-28 18:22:54 +0200: Memory Usage (580608K) : lvs_io has 0 polygons
2026-08-28 18:22:54 +0200: Memory Usage (580608K) : probe_mk has 0 polygons
2026-08-28 18:22:54 +0200: Memory Usage (580608K) : esd_mk has 0 polygons
2026-08-28 18:22:54 +0200: Memory Usage (580608K) : lvs_source has 0 polygons
2026-08-28 18:22:54 +0200: Memory Usage (580608K) : well_diode_mk has 0 polygons
2026-08-28 18:22:54 +0200: Memory Usage (580608K) : ldmos_xtor has 0 polygons
2026-08-28 18:22:54 +0200: Memory Usage (580608K) : plfuse has 0 polygons
2026-08-28 18:22:54 +0200: Memory Usage (580608K) : efuse_mk has 0 polygons
2026-08-28 18:22:54 +0200: Memory Usage (580608K) : mcell_feol_mk has 0 polygons
2026-08-28 18:22:54 +0200: Memory Usage (580608K) : ymtp_mk has 0 polygons
2026-08-28 18:22:54 +0200: Memory Usage (580608K) : dev_wf_mk has 0 polygons
2026-08-28 18:22:54 +0200: Memory Usage (580608K) : comp_label has 0 polygons
2026-08-28 18:22:54 +0200: Memory Usage (580608K) : poly2_label has 0 polygons
2026-08-28 18:22:54 +0200: Memory Usage (580608K) : mdiode has 0 polygons
2026-08-28 18:22:54 +0200: Memory Usage (580608K) : ndmy has 0 polygons
2026-08-28 18:22:54 +0200: Memory Usage (580608K) : pmndmy has 0 polygons
2026-08-28 18:22:54 +0200: Memory Usage (542124K) : lvpwell has 307 polygons
2026-08-28 18:22:54 +0200: Memory Usage (553212K) : dualgate has 3 polygons
2026-08-28 18:22:55 +0200: Memory Usage (554448K) : poly2 has 232293 polygons
2026-08-28 18:22:56 +0200: Memory Usage (572736K) : nplus has 1417 polygons
2026-08-28 18:22:56 +0200: Memory Usage (572736K) : pplus has 10152 polygons
2026-08-28 18:22:56 +0200: Memory Usage (572736K) : sab has 0 polygons
2026-08-28 18:22:56 +0200: Memory Usage (572736K) : esd has 0 polygons
2026-08-28 18:22:56 +0200: Memory Usage (572736K) : resistor has 0 polygons
2026-08-28 18:22:56 +0200: Memory Usage (572736K) : fhres has 0 polygons
2026-08-28 18:22:56 +0200: Memory Usage (572736K) : fusetop has 0 polygons
2026-08-28 18:22:56 +0200: Memory Usage (572736K) : fusewindow_d has 0 polygons
2026-08-28 18:22:56 +0200: Memory Usage (572736K) : polyfuse has 0 polygons
2026-08-28 18:22:56 +0200: Memory Usage (572736K) : mvsd has 0 polygons
2026-08-28 18:22:56 +0200: Memory Usage (572736K) : mvpsd has 0 polygons
2026-08-28 18:22:56 +0200: Memory Usage (572736K) : nat has 0 polygons
2026-08-28 18:22:56 +0200: Memory Usage (572736K) : comp_dummy has 0 polygons
2026-08-28 18:22:56 +0200: Memory Usage (572736K) : poly2_dummy has 0 polygons
2026-08-28 18:22:56 +0200: Memory Usage (572736K) : schottky_diode has 0 polygons
2026-08-28 18:22:56 +0200: Memory Usage (572736K) : zener has 0 polygons
2026-08-28 18:22:56 +0200: Memory Usage (572736K) : res_mk has 0 polygons
2026-08-28 18:22:56 +0200: Memory Usage (572736K) : opc_drc has 0 polygons
2026-08-28 18:22:56 +0200: Memory Usage (572736K) : v5_xtor has 3 polygons
2026-08-28 18:22:56 +0200: Memory Usage (572736K) : cap_mk has 0 polygons
2026-08-28 18:22:56 +0200: Memory Usage (572736K) : mos_cap_mk has 0 polygons
2026-08-28 18:22:56 +0200: Memory Usage (572736K) : ind_mk has 0 polygons
2026-08-28 18:22:56 +0200: Memory Usage (572736K) : diode_mk has 26 polygons
2026-08-28 18:22:56 +0200: Memory Usage (572736K) : drc_bjt has 0 polygons
2026-08-28 18:22:56 +0200: Memory Usage (572736K) : lvs_bjt has 0 polygons
2026-08-28 18:22:56 +0200: Memory Usage (572736K) : mim_l_mk has 0 polygons
2026-08-28 18:22:56 +0200: Memory Usage (572736K) : latchup_mk has 0 polygons
2026-08-28 18:22:56 +0200: Memory Usage (572736K) : guard_ring_mk has 0 polygons
2026-08-28 18:22:56 +0200: Memory Usage (572736K) : otp_mk has 0 polygons
2026-08-28 18:22:56 +0200: Memory Usage (572736K) : mtpmark has 0 polygons
2026-08-28 18:22:56 +0200: Memory Usage (572736K) : neo_ee_mk has 0 polygons
2026-08-28 18:22:56 +0200: Memory Usage (572736K) : sramcore has 4 polygons
2026-08-28 18:22:56 +0200: Memory Usage (572736K) : lvs_rf has 0 polygons
2026-08-28 18:22:56 +0200: Memory Usage (572736K) : lvs_drain has 0 polygons
2026-08-28 18:22:56 +0200: Memory Usage (572736K) : ind_mk has 0 polygons
2026-08-28 18:22:56 +0200: Memory Usage (572736K) : hvpolyrs has 0 polygons
2026-08-28 18:22:56 +0200: Memory Usage (572736K) : lvs_io has 0 polygons
2026-08-28 18:22:56 +0200: Memory Usage (572736K) : probe_mk has 0 polygons
2026-08-28 18:22:56 +0200: Memory Usage (572736K) : esd_mk has 0 polygons
2026-08-28 18:22:56 +0200: Memory Usage (572736K) : lvs_source has 0 polygons
2026-08-28 18:22:56 +0200: Memory Usage (572736K) : well_diode_mk has 0 polygons
2026-08-28 18:22:56 +0200: Memory Usage (572736K) : ldmos_xtor has 0 polygons
2026-08-28 18:22:56 +0200: Memory Usage (572736K) : plfuse has 0 polygons
2026-08-28 18:22:56 +0200: Memory Usage (572736K) : efuse_mk has 0 polygons
2026-08-28 18:22:56 +0200: Memory Usage (572736K) : mcell_feol_mk has 0 polygons
2026-08-28 18:22:56 +0200: Memory Usage (572736K) : ymtp_mk has 0 polygons
2026-08-28 18:22:56 +0200: Memory Usage (572736K) : dev_wf_mk has 0 polygons
2026-08-28 18:22:56 +0200: Memory Usage (572736K) : comp_label has 0 polygons
2026-08-28 18:22:56 +0200: Memory Usage (572736K) : poly2_label has 0 polygons
2026-08-28 18:22:56 +0200: Memory Usage (572736K) : mdiode has 0 polygons
2026-08-28 18:22:56 +0200: Memory Usage (572736K) : ndmy has 0 polygons
2026-08-28 18:22:56 +0200: Memory Usage (572736K) : pmndmy has 0 polygons
2026-08-28 18:22:57 +0200: Memory Usage (744224K) : contact has 1380000 polygons
2026-08-28 18:22:59 +0200: Memory Usage (743796K) : contact has 1380000 polygons
2026-08-28 18:23:01 +0200: Memory Usage (762404K) : metal1_drawn has 251861 polygons
2026-08-28 18:23:01 +0200: Memory Usage (762404K) : metal1_dummy has 0 polygons
2026-08-28 18:23:01 +0200: Memory Usage (762404K) : metal1_label has 0 polygons
2026-08-28 18:23:01 +0200: Memory Usage (762404K) : metal1_slot has 0 polygons
2026-08-28 18:23:01 +0200: Memory Usage (762404K) : metal1_blk has 0 polygons
2026-08-28 18:23:01 +0200: Memory Usage (768740K) : via1 has 96410 polygons
2026-08-28 18:23:01 +0200: Memory Usage (768740K) : metal2_drawn has 51071 polygons
2026-08-28 18:23:01 +0200: Memory Usage (768740K) : metal2_dummy has 0 polygons
2026-08-28 18:23:01 +0200: Memory Usage (768740K) : metal2_label has 33 polygons
2026-08-28 18:23:01 +0200: Memory Usage (768740K) : metal2_slot has 0 polygons
2026-08-28 18:23:01 +0200: Memory Usage (768740K) : metal2_blk has 0 polygons
2026-08-28 18:23:02 +0200: Memory Usage (768740K) : via2 has 93152 polygons
2026-08-28 18:23:02 +0200: Memory Usage (768740K) : metal3_drawn has 25645 polygons
2026-08-28 18:23:02 +0200: Memory Usage (768740K) : metal3_dummy has 0 polygons
2026-08-28 18:23:02 +0200: Memory Usage (768740K) : metal3_label has 0 polygons
2026-08-28 18:23:02 +0200: Memory Usage (768740K) : metal3_slot has 0 polygons
2026-08-28 18:23:02 +0200: Memory Usage (768740K) : metal3_blk has 0 polygons
2026-08-28 18:23:02 +0200: Memory Usage (768740K) : via3 has 12363 polygons
2026-08-28 18:23:02 +0200: Memory Usage (768740K) : metal4_drawn has 2332 polygons
2026-08-28 18:23:02 +0200: Memory Usage (768740K) : metal4_dummy has 0 polygons
2026-08-28 18:23:02 +0200: Memory Usage (768740K) : metal4_label has 0 polygons
2026-08-28 18:23:02 +0200: Memory Usage (768740K) : metal4_slot has 0 polygons
2026-08-28 18:23:02 +0200: Memory Usage (768740K) : metal4_blk has 0 polygons
2026-08-28 18:23:02 +0200: Memory Usage (768740K) : via4 has 2643 polygons
2026-08-28 18:23:02 +0200: Memory Usage (768740K) : metal5_drawn has 491 polygons
2026-08-28 18:23:02 +0200: Memory Usage (768740K) : metal5_dummy has 0 polygons
2026-08-28 18:23:02 +0200: Memory Usage (768740K) : metal5_label has 0 polygons
2026-08-28 18:23:02 +0200: Memory Usage (768740K) : metal5_slot has 0 polygons
2026-08-28 18:23:02 +0200: Memory Usage (768740K) : metal5_blk has 0 polygons
2026-08-28 18:23:02 +0200: Memory Usage (768740K) : pad has 0 polygons
2026-08-28 18:23:02 +0200: Memory Usage (768740K) : ubmpperi has 0 polygons
2026-08-28 18:23:02 +0200: Memory Usage (768740K) : ubmparray has 0 polygons
2026-08-28 18:23:02 +0200: Memory Usage (768740K) : ubmeplate has 0 polygons
2026-08-28 18:23:02 +0200: Memory Usage (768740K) : metal1_res has 0 polygons
2026-08-28 18:23:02 +0200: Memory Usage (768740K) : metal2_res has 0 polygons
2026-08-28 18:23:02 +0200: Memory Usage (768740K) : metal3_res has 0 polygons
2026-08-28 18:23:02 +0200: Memory Usage (768740K) : metal4_res has 0 polygons
2026-08-28 18:23:02 +0200: Memory Usage (768740K) : metal5_res has 0 polygons
2026-08-28 18:23:02 +0200: Memory Usage (768740K) : metal6_res has 0 polygons
2026-08-28 18:23:02 +0200: Memory Usage (769972K) : pr_bndry has 1 polygons
2026-08-28 18:23:02 +0200: Memory Usage (769972K) : border has 0 polygons
2026-08-28 18:23:02 +0200: Memory Usage (769972K) : Total no. of polygons in the design is 2377267
2026-08-28 18:23:02 +0200: Memory Usage (769972K) : Starting deriving base layers.
2026-08-28 18:23:03 +0200: Memory Usage (761704K) : metal1_drawn has 251861 polygons
2026-08-28 18:23:03 +0200: Memory Usage (761704K) : metal1_dummy has 0 polygons
2026-08-28 18:23:03 +0200: Memory Usage (761704K) : metal1_label has 0 polygons
2026-08-28 18:23:03 +0200: Memory Usage (761704K) : metal1_slot has 0 polygons
2026-08-28 18:23:03 +0200: Memory Usage (761704K) : metal1_blk has 0 polygons
2026-08-28 18:23:03 +0200: Memory Usage (767688K) : metal2_drawn has 51071 polygons
2026-08-28 18:23:03 +0200: Memory Usage (767688K) : metal2_dummy has 0 polygons
2026-08-28 18:23:03 +0200: Memory Usage (767688K) : metal2_label has 33 polygons
2026-08-28 18:23:03 +0200: Memory Usage (767688K) : metal2_slot has 0 polygons
2026-08-28 18:23:03 +0200: Memory Usage (767688K) : metal2_blk has 0 polygons
2026-08-28 18:23:04 +0200: Memory Usage (767688K) : metal3_drawn has 25645 polygons
2026-08-28 18:23:04 +0200: Memory Usage (767688K) : metal3_dummy has 0 polygons
2026-08-28 18:23:04 +0200: Memory Usage (767688K) : metal3_label has 0 polygons
2026-08-28 18:23:04 +0200: Memory Usage (767688K) : metal3_slot has 0 polygons
2026-08-28 18:23:04 +0200: Memory Usage (767688K) : metal3_blk has 0 polygons
2026-08-28 18:23:04 +0200: Memory Usage (767688K) : via3 has 12363 polygons
2026-08-28 18:23:04 +0200: Memory Usage (767688K) : metal4_drawn has 2332 polygons
2026-08-28 18:23:04 +0200: Memory Usage (767688K) : metal4_dummy has 0 polygons
2026-08-28 18:23:04 +0200: Memory Usage (767688K) : metal4_label has 0 polygons
2026-08-28 18:23:04 +0200: Memory Usage (767688K) : metal4_slot has 0 polygons
2026-08-28 18:23:04 +0200: Memory Usage (767688K) : metal4_blk has 0 polygons
2026-08-28 18:23:04 +0200: Memory Usage (767688K) : via4 has 2643 polygons
2026-08-28 18:23:04 +0200: Memory Usage (767688K) : metal5_drawn has 491 polygons
2026-08-28 18:23:04 +0200: Memory Usage (767688K) : metal5_dummy has 0 polygons
2026-08-28 18:23:04 +0200: Memory Usage (767688K) : metal5_label has 0 polygons
2026-08-28 18:23:04 +0200: Memory Usage (767688K) : metal5_slot has 0 polygons
2026-08-28 18:23:04 +0200: Memory Usage (767688K) : metal5_blk has 0 polygons
2026-08-28 18:23:04 +0200: Memory Usage (767688K) : pad has 0 polygons
2026-08-28 18:23:04 +0200: Memory Usage (767688K) : ubmpperi has 0 polygons
2026-08-28 18:23:04 +0200: Memory Usage (767688K) : ubmparray has 0 polygons
2026-08-28 18:23:04 +0200: Memory Usage (767688K) : ubmeplate has 0 polygons
2026-08-28 18:23:04 +0200: Memory Usage (767688K) : metal1_res has 0 polygons
2026-08-28 18:23:04 +0200: Memory Usage (767688K) : metal2_res has 0 polygons
2026-08-28 18:23:04 +0200: Memory Usage (767688K) : metal3_res has 0 polygons
2026-08-28 18:23:04 +0200: Memory Usage (767688K) : metal4_res has 0 polygons
2026-08-28 18:23:04 +0200: Memory Usage (767688K) : metal5_res has 0 polygons
2026-08-28 18:23:04 +0200: Memory Usage (767688K) : metal6_res has 0 polygons
2026-08-28 18:23:04 +0200: Memory Usage (769272K) : pr_bndry has 1 polygons
2026-08-28 18:23:04 +0200: Memory Usage (769272K) : border has 0 polygons
2026-08-28 18:23:04 +0200: Memory Usage (769272K) : Total no. of polygons in the design is 2187705
2026-08-28 18:23:04 +0200: Memory Usage (769272K) : Starting deriving base layers.
2026-08-28 18:23:14 +0200: Memory Usage (1072256K) : Construct connectivity for the design.
2026-08-28 18:23:16 +0200: Memory Usage (1050156K) : Construct connectivity for the design.
2026-08-28 18:23:17 +0200: Memory Usage (1125616K) : Connectivity rules enabled, Netlist object will be generated.
2026-08-28 18:23:18 +0200: Memory Usage (1092444K) : Connectivity rules enabled, Netlist object will be generated.
2026-08-28 18:23:32 +0200: Memory Usage (1404516K) : Total area of the design is 1859250.0 um^2.
2026-08-28 18:23:32 +0200: Memory Usage (1404516K) : Starting GF180MCU DRC rules.
2026-08-28 18:23:32 +0200: Memory Usage (1404516K) : Running all FEOL rules
2026-08-28 18:23:32 +0200: Memory Usage (1404516K) : Running all BEOL rules
2026-08-28 18:23:33 +0200: Memory Usage (1422820K) : Executing rule MDP.1
2026-08-28 18:23:33 +0200: Memory Usage (1423012K) : Executing rule MDP.1a
2026-08-28 18:23:33 +0200: Memory Usage (1423012K) : Executing rule MDP.2
2026-08-28 18:23:33 +0200: Memory Usage (1423012K) : Executing rule MDP.3
2026-08-28 18:23:33 +0200: Memory Usage (1423012K) : Executing rule MDP.3ai
2026-08-28 18:23:33 +0200: Memory Usage (1423188K) : Executing rule MDP.3aii
2026-08-28 18:23:33 +0200: Memory Usage (1423188K) : Executing rule MDP.3b
2026-08-28 18:23:33 +0200: Memory Usage (1423188K) : Executing rule MDP.3c
2026-08-28 18:23:33 +0200: Memory Usage (1423188K) : Executing rule MDP.3d
2026-08-28 18:23:33 +0200: Memory Usage (1423188K) : Executing rule MDP.4
2026-08-28 18:23:34 +0200: Memory Usage (1445832K) : Total area of the design is 1859250.0 um^2.
2026-08-28 18:23:34 +0200: Memory Usage (1445832K) : Starting GF180MCU DRC rules.
2026-08-28 18:23:34 +0200: Memory Usage (1445832K) : Running all FEOL rules
2026-08-28 18:23:34 +0200: Memory Usage (1445832K) : Running all BEOL rules
2026-08-28 18:23:34 +0200: Memory Usage (1445832K) : Starting NAT derivations
2026-08-28 18:23:34 +0200: Memory Usage (1445832K) : Executing rule NAT.1
2026-08-28 18:23:35 +0200: Memory Usage (1446032K) : Executing rule NAT.2
2026-08-28 18:23:35 +0200: Memory Usage (1446032K) : Executing rule NAT.3
2026-08-28 18:23:35 +0200: Memory Usage (1446032K) : Executing rule NAT.4
2026-08-28 18:23:35 +0200: Memory Usage (1446228K) : Executing rule NAT.5
2026-08-28 18:23:35 +0200: Memory Usage (1446228K) : CONNECTIVITY_RULES section
2026-08-28 18:23:35 +0200: Memory Usage (1446228K) : Executing rule NAT.6
2026-08-28 18:23:35 +0200: Memory Usage (1446228K) : Executing rule NAT.7
2026-08-28 18:23:35 +0200: Memory Usage (1446228K) : Executing rule NAT.8
2026-08-28 18:23:35 +0200: Memory Usage (1446228K) : Executing rule NAT.9
2026-08-28 18:23:35 +0200: Memory Usage (1446228K) : Executing rule NAT.10
2026-08-28 18:23:35 +0200: Memory Usage (1446228K) : Executing rule NAT.11
2026-08-28 18:23:35 +0200: Memory Usage (1446228K) : Executing rule NAT.12
2026-08-28 18:23:35 +0200: Memory Usage (1446228K) : nat DRC Total Run time 44.25428658 seconds
28-Aug-2026 18:23:35 | INFO    | Running Global Foundries 180nm MCU /headless/aravindustries-repos/butterfold/butterfold_proto/physical/results/d03_ach_candidate/butterfold_top.gds checks on design dummy_poly2 on cell butterfold_top:
2026-08-28 18:23:37 +0200: Memory Usage (443824K) : Starting running GF180MCU Klayout DRC runset on /headless/aravindustries-repos/butterfold/butterfold_proto/physical/results/d03_ach_candidate/butterfold_top.gds
2026-08-28 18:23:37 +0200: Memory Usage (443824K) : Ruby Version for klayout: 3.2.3
2026-08-28 18:23:37 +0200: Memory Usage (489356K) : Loading database to memory is complete.
2026-08-28 18:23:37 +0200: Memory Usage (489356K) : GF180MCU Klayout DRC runset output at: /headless/aravindustries-repos/butterfold/butterfold_proto/physical/results/d03_ach_candidate/klayout_drc_pgfix/butterfold_top_dummy_poly2.lyrdb
2026-08-28 18:23:37 +0200: Memory Usage (489356K) : Evaluate switches.
2026-08-28 18:23:37 +0200: Memory Usage (489356K) : table_name selected  dummy_poly2
2026-08-28 18:23:37 +0200: Memory Usage (489356K) : CONNECTIVITY_RULES enabled: false
2026-08-28 18:23:37 +0200: Memory Usage (489356K) : Wedge enabled: false
2026-08-28 18:23:37 +0200: Memory Usage (489356K) : Ball enabled: false
2026-08-28 18:23:37 +0200: Memory Usage (489356K) : Gold enabled: false
2026-08-28 18:23:37 +0200: Memory Usage (489356K) : MIM Option selected: B
2026-08-28 18:23:37 +0200: Memory Usage (489356K) : Offgrid enabled:  true
2026-08-28 18:23:37 +0200: Memory Usage (489356K) : Number of threads to use 2
2026-08-28 18:23:37 +0200: Memory Usage (489356K) : Verbose mode: false
2026-08-28 18:23:37 +0200: Memory Usage (489356K) : flat  mode is enabled for dummy_poly2 table
2026-08-28 18:23:37 +0200: Memory Usage (489356K) : METAL_TOP Selected is 11K
2026-08-28 18:23:37 +0200: Memory Usage (489356K) : METAL_STACK Selected is 5LM
2026-08-28 18:23:37 +0200: Memory Usage (489356K) : FEOL enabled: true
2026-08-28 18:23:37 +0200: Memory Usage (489356K) : BEOL enabled: true
2026-08-28 18:23:37 +0200: Memory Usage (489356K) : DUMMY enabled: false
2026-08-28 18:23:37 +0200: Memory Usage (489356K) : SLOW_VIA enabled: false
2026-08-28 18:23:37 +0200: Memory Usage (489356K) : Read in polygons from layers.
2026-08-28 18:23:37 +0200: Memory Usage (527140K) : comp has 216638 polygons
2026-08-28 18:23:37 +0200: Memory Usage (527140K) : dnwell has 0 polygons
2026-08-28 18:23:38 +0200: Memory Usage (542308K) : nwell has 422 polygons
2026-08-28 18:23:38 +0200: Memory Usage (542308K) : lvpwell has 307 polygons
2026-08-28 18:23:38 +0200: Memory Usage (553396K) : dualgate has 3 polygons
2026-08-28 18:23:39 +0200: Memory Usage (554712K) : poly2 has 232293 polygons
2026-08-28 18:23:40 +0200: Memory Usage (573000K) : nplus has 1417 polygons
2026-08-28 18:23:40 +0200: Memory Usage (573000K) : pplus has 10152 polygons
2026-08-28 18:23:40 +0200: Memory Usage (573000K) : sab has 0 polygons
2026-08-28 18:23:40 +0200: Memory Usage (573000K) : esd has 0 polygons
2026-08-28 18:23:40 +0200: Memory Usage (573000K) : resistor has 0 polygons
2026-08-28 18:23:40 +0200: Memory Usage (573000K) : fhres has 0 polygons
2026-08-28 18:23:40 +0200: Memory Usage (573000K) : fusetop has 0 polygons
2026-08-28 18:23:40 +0200: Memory Usage (573000K) : fusewindow_d has 0 polygons
2026-08-28 18:23:40 +0200: Memory Usage (573000K) : polyfuse has 0 polygons
2026-08-28 18:23:40 +0200: Memory Usage (573000K) : mvsd has 0 polygons
2026-08-28 18:23:40 +0200: Memory Usage (573000K) : mvpsd has 0 polygons
2026-08-28 18:23:40 +0200: Memory Usage (573000K) : nat has 0 polygons
2026-08-28 18:23:40 +0200: Memory Usage (573000K) : comp_dummy has 0 polygons
2026-08-28 18:23:40 +0200: Memory Usage (573000K) : poly2_dummy has 0 polygons
2026-08-28 18:23:40 +0200: Memory Usage (573000K) : schottky_diode has 0 polygons
2026-08-28 18:23:40 +0200: Memory Usage (573000K) : zener has 0 polygons
2026-08-28 18:23:40 +0200: Memory Usage (573000K) : res_mk has 0 polygons
2026-08-28 18:23:40 +0200: Memory Usage (573000K) : opc_drc has 0 polygons
2026-08-28 18:23:40 +0200: Memory Usage (573000K) : v5_xtor has 3 polygons
2026-08-28 18:23:40 +0200: Memory Usage (573000K) : cap_mk has 0 polygons
2026-08-28 18:23:40 +0200: Memory Usage (573000K) : mos_cap_mk has 0 polygons
2026-08-28 18:23:40 +0200: Memory Usage (573000K) : ind_mk has 0 polygons
2026-08-28 18:23:40 +0200: Memory Usage (573000K) : diode_mk has 26 polygons
2026-08-28 18:23:40 +0200: Memory Usage (573000K) : drc_bjt has 0 polygons
2026-08-28 18:23:40 +0200: Memory Usage (573000K) : lvs_bjt has 0 polygons
2026-08-28 18:23:40 +0200: Memory Usage (573000K) : mim_l_mk has 0 polygons
2026-08-28 18:23:40 +0200: Memory Usage (573000K) : latchup_mk has 0 polygons
2026-08-28 18:23:40 +0200: Memory Usage (573000K) : guard_ring_mk has 0 polygons
2026-08-28 18:23:40 +0200: Memory Usage (573000K) : otp_mk has 0 polygons
2026-08-28 18:23:40 +0200: Memory Usage (573000K) : mtpmark has 0 polygons
2026-08-28 18:23:40 +0200: Memory Usage (573000K) : neo_ee_mk has 0 polygons
2026-08-28 18:23:40 +0200: Memory Usage (573000K) : sramcore has 4 polygons
2026-08-28 18:23:40 +0200: Memory Usage (573000K) : lvs_rf has 0 polygons
2026-08-28 18:23:40 +0200: Memory Usage (573000K) : lvs_drain has 0 polygons
2026-08-28 18:23:40 +0200: Memory Usage (573000K) : ind_mk has 0 polygons
2026-08-28 18:23:40 +0200: Memory Usage (573000K) : hvpolyrs has 0 polygons
2026-08-28 18:23:40 +0200: Memory Usage (573000K) : lvs_io has 0 polygons
2026-08-28 18:23:40 +0200: Memory Usage (573000K) : probe_mk has 0 polygons
2026-08-28 18:23:40 +0200: Memory Usage (573000K) : esd_mk has 0 polygons
2026-08-28 18:23:40 +0200: Memory Usage (573000K) : lvs_source has 0 polygons
2026-08-28 18:23:40 +0200: Memory Usage (573000K) : well_diode_mk has 0 polygons
2026-08-28 18:23:40 +0200: Memory Usage (573000K) : ldmos_xtor has 0 polygons
2026-08-28 18:23:40 +0200: Memory Usage (573000K) : plfuse has 0 polygons
2026-08-28 18:23:40 +0200: Memory Usage (573000K) : efuse_mk has 0 polygons
2026-08-28 18:23:40 +0200: Memory Usage (573000K) : mcell_feol_mk has 0 polygons
2026-08-28 18:23:40 +0200: Memory Usage (573000K) : ymtp_mk has 0 polygons
2026-08-28 18:23:40 +0200: Memory Usage (573000K) : dev_wf_mk has 0 polygons
2026-08-28 18:23:40 +0200: Memory Usage (573000K) : comp_label has 0 polygons
2026-08-28 18:23:40 +0200: Memory Usage (573000K) : poly2_label has 0 polygons
2026-08-28 18:23:40 +0200: Memory Usage (573000K) : mdiode has 0 polygons
2026-08-28 18:23:40 +0200: Memory Usage (573000K) : ndmy has 0 polygons
2026-08-28 18:23:40 +0200: Memory Usage (573000K) : pmndmy has 0 polygons
2026-08-28 18:23:40 +0200: Memory Usage (1424084K) : Executing rule MDP.4a
2026-08-28 18:23:40 +0200: Memory Usage (1424084K) : Executing rule MDP.4b
2026-08-28 18:23:40 +0200: Memory Usage (1424084K) : Executing rule MDP.5
2026-08-28 18:23:42 +0200: Memory Usage (1455780K) : Executing rule MDP.5a
2026-08-28 18:23:42 +0200: Memory Usage (1455780K) : Executing rule MDP.6
2026-08-28 18:23:42 +0200: Memory Usage (1455780K) : Executing rule MDP.6a
2026-08-28 18:23:42 +0200: Memory Usage (1455780K) : Executing rule MDP.7
2026-08-28 18:23:42 +0200: Memory Usage (1455780K) : Executing rule MDP.8
2026-08-28 18:23:42 +0200: Memory Usage (1455780K) : Executing rule MDP.9a
2026-08-28 18:23:42 +0200: Memory Usage (1455780K) : Executing rule MDP.9b
2026-08-28 18:23:42 +0200: Memory Usage (1455780K) : Executing rule MDP.9c
2026-08-28 18:23:43 +0200: Memory Usage (1479732K) : Executing rule MDP.9d
2026-08-28 18:23:44 +0200: Memory Usage (625764K) : metal1_drawn has 251861 polygons
2026-08-28 18:23:44 +0200: Memory Usage (625764K) : metal1_dummy has 0 polygons
2026-08-28 18:23:44 +0200: Memory Usage (625764K) : metal1_label has 0 polygons
2026-08-28 18:23:44 +0200: Memory Usage (625764K) : metal1_slot has 0 polygons
2026-08-28 18:23:44 +0200: Memory Usage (625764K) : metal1_blk has 0 polygons
2026-08-28 18:23:44 +0200: Memory Usage (631748K) : metal2_drawn has 51071 polygons
2026-08-28 18:23:44 +0200: Memory Usage (631748K) : metal2_dummy has 0 polygons
2026-08-28 18:23:44 +0200: Memory Usage (631748K) : metal2_label has 33 polygons
2026-08-28 18:23:44 +0200: Memory Usage (631748K) : metal2_slot has 0 polygons
2026-08-28 18:23:44 +0200: Memory Usage (631748K) : metal2_blk has 0 polygons
2026-08-28 18:23:44 +0200: Memory Usage (631748K) : metal3_drawn has 25645 polygons
2026-08-28 18:23:44 +0200: Memory Usage (631748K) : metal3_dummy has 0 polygons
2026-08-28 18:23:44 +0200: Memory Usage (631748K) : metal3_label has 0 polygons
2026-08-28 18:23:44 +0200: Memory Usage (631748K) : metal3_slot has 0 polygons
2026-08-28 18:23:44 +0200: Memory Usage (631748K) : metal3_blk has 0 polygons
2026-08-28 18:23:44 +0200: Memory Usage (631748K) : via3 has 12363 polygons
2026-08-28 18:23:44 +0200: Memory Usage (631748K) : metal4_drawn has 2332 polygons
2026-08-28 18:23:44 +0200: Memory Usage (631748K) : metal4_dummy has 0 polygons
2026-08-28 18:23:44 +0200: Memory Usage (631748K) : metal4_label has 0 polygons
2026-08-28 18:23:44 +0200: Memory Usage (631748K) : metal4_slot has 0 polygons
2026-08-28 18:23:44 +0200: Memory Usage (631748K) : metal4_blk has 0 polygons
2026-08-28 18:23:44 +0200: Memory Usage (631748K) : via4 has 2643 polygons
2026-08-28 18:23:44 +0200: Memory Usage (631748K) : metal5_drawn has 491 polygons
2026-08-28 18:23:44 +0200: Memory Usage (631748K) : metal5_dummy has 0 polygons
2026-08-28 18:23:44 +0200: Memory Usage (631748K) : metal5_label has 0 polygons
2026-08-28 18:23:44 +0200: Memory Usage (631748K) : metal5_slot has 0 polygons
2026-08-28 18:23:44 +0200: Memory Usage (631748K) : metal5_blk has 0 polygons
2026-08-28 18:23:44 +0200: Memory Usage (631748K) : pad has 0 polygons
2026-08-28 18:23:44 +0200: Memory Usage (631748K) : ubmpperi has 0 polygons
2026-08-28 18:23:44 +0200: Memory Usage (631748K) : ubmparray has 0 polygons
2026-08-28 18:23:44 +0200: Memory Usage (631748K) : ubmeplate has 0 polygons
2026-08-28 18:23:44 +0200: Memory Usage (631748K) : metal1_res has 0 polygons
2026-08-28 18:23:44 +0200: Memory Usage (631748K) : metal2_res has 0 polygons
2026-08-28 18:23:44 +0200: Memory Usage (631748K) : metal3_res has 0 polygons
2026-08-28 18:23:44 +0200: Memory Usage (631748K) : metal4_res has 0 polygons
2026-08-28 18:23:44 +0200: Memory Usage (631748K) : metal5_res has 0 polygons
2026-08-28 18:23:44 +0200: Memory Usage (631748K) : metal6_res has 0 polygons
2026-08-28 18:23:45 +0200: Memory Usage (631748K) : pr_bndry has 1 polygons
2026-08-28 18:23:45 +0200: Memory Usage (631748K) : border has 0 polygons
2026-08-28 18:23:45 +0200: Memory Usage (631748K) : Total no. of polygons in the design is 807705
2026-08-28 18:23:45 +0200: Memory Usage (631748K) : Starting deriving base layers.
2026-08-28 18:23:51 +0200: Memory Usage (1479688K) : Executing rule MDP.9ei
2026-08-28 18:23:51 +0200: Memory Usage (1479688K) : Executing rule MDP.9eii
2026-08-28 18:23:51 +0200: Memory Usage (1479688K) : Executing rule MDP.9f
2026-08-28 18:23:52 +0200: Memory Usage (1479688K) : Executing rule MDP.10
2026-08-28 18:23:52 +0200: Memory Usage (1479688K) : CONNECTIVITY_RULES section
2026-08-28 18:23:52 +0200: Memory Usage (1479688K) : Executing rule MDP.10a
2026-08-28 18:23:52 +0200: Memory Usage (1479688K) : Executing rule MDP.10b
2026-08-28 18:23:52 +0200: Memory Usage (1479688K) : Executing rule MDP.11
2026-08-28 18:23:53 +0200: Memory Usage (1479688K) : Executing rule MDP.12
2026-08-28 18:23:54 +0200: Memory Usage (1479688K) : Executing rule MDP.13a
2026-08-28 18:23:55 +0200: Memory Usage (1479688K) : Executing rule MDP.13b
2026-08-28 18:23:55 +0200: Memory Usage (1479688K) : Executing rule MDP.13c
2026-08-28 18:23:57 +0200: Memory Usage (1479688K) : Executing rule MDP.15
2026-08-28 18:23:57 +0200: Memory Usage (1479688K) : Executing rule MDP.16a
2026-08-28 18:23:57 +0200: Memory Usage (1479688K) : Executing rule MDP.16b
2026-08-28 18:23:57 +0200: Memory Usage (1479688K) : Executing rule MDP.17a
2026-08-28 18:23:57 +0200: Memory Usage (930136K) : Total area of the design is 1859250.0 um^2.
2026-08-28 18:23:57 +0200: Memory Usage (930136K) : Starting GF180MCU DRC rules.
2026-08-28 18:23:57 +0200: Memory Usage (930136K) : Running all FEOL rules
2026-08-28 18:23:57 +0200: Memory Usage (930136K) : Running all BEOL rules
2026-08-28 18:23:57 +0200: Memory Usage (930136K) : dummy_poly2 DRC Total Run time 20.203188784 seconds
2026-08-28 18:23:57 +0200: Memory Usage (1479688K) : Executing rule MDP.17c
2026-08-28 18:23:57 +0200: Memory Usage (1479688K) : ldpmos DRC Total Run time 64.47669499 seconds
28-Aug-2026 18:23:57 | INFO    | Running Global Foundries 180nm MCU /headless/aravindustries-repos/butterfold/butterfold_proto/physical/results/d03_ach_candidate/butterfold_top.gds checks on design lvpwell on cell butterfold_top:
28-Aug-2026 18:23:58 | INFO    | Running Global Foundries 180nm MCU /headless/aravindustries-repos/butterfold/butterfold_proto/physical/results/d03_ach_candidate/butterfold_top.gds checks on design via1 on cell butterfold_top:
2026-08-28 18:23:58 +0200: Memory Usage (443360K) : Starting running GF180MCU Klayout DRC runset on /headless/aravindustries-repos/butterfold/butterfold_proto/physical/results/d03_ach_candidate/butterfold_top.gds
2026-08-28 18:23:58 +0200: Memory Usage (443360K) : Ruby Version for klayout: 3.2.3
2026-08-28 18:23:59 +0200: Memory Usage (488604K) : Loading database to memory is complete.
2026-08-28 18:23:59 +0200: Memory Usage (488604K) : GF180MCU Klayout DRC runset output at: /headless/aravindustries-repos/butterfold/butterfold_proto/physical/results/d03_ach_candidate/klayout_drc_pgfix/butterfold_top_lvpwell.lyrdb
2026-08-28 18:23:59 +0200: Memory Usage (488812K) : Evaluate switches.
2026-08-28 18:23:59 +0200: Memory Usage (488812K) : table_name selected  lvpwell
2026-08-28 18:23:59 +0200: Memory Usage (488812K) : CONNECTIVITY_RULES enabled: true
2026-08-28 18:23:59 +0200: Memory Usage (488812K) : Wedge enabled: false
2026-08-28 18:23:59 +0200: Memory Usage (488812K) : Ball enabled: false
2026-08-28 18:23:59 +0200: Memory Usage (488812K) : Gold enabled: false
2026-08-28 18:23:59 +0200: Memory Usage (488812K) : MIM Option selected: B
2026-08-28 18:23:59 +0200: Memory Usage (488812K) : Offgrid enabled:  true
2026-08-28 18:23:59 +0200: Memory Usage (488812K) : Number of threads to use 2
2026-08-28 18:23:59 +0200: Memory Usage (488812K) : Verbose mode: false
2026-08-28 18:23:59 +0200: Memory Usage (488812K) : flat  mode is enabled for lvpwell table
2026-08-28 18:23:59 +0200: Memory Usage (488812K) : METAL_TOP Selected is 11K
2026-08-28 18:23:59 +0200: Memory Usage (488812K) : METAL_STACK Selected is 5LM
2026-08-28 18:23:59 +0200: Memory Usage (488812K) : FEOL enabled: true
2026-08-28 18:23:59 +0200: Memory Usage (488812K) : BEOL enabled: true
2026-08-28 18:23:59 +0200: Memory Usage (488812K) : DUMMY enabled: false
2026-08-28 18:23:59 +0200: Memory Usage (488812K) : SLOW_VIA enabled: false
2026-08-28 18:23:59 +0200: Memory Usage (488812K) : Read in polygons from layers.
2026-08-28 18:23:59 +0200: Memory Usage (444008K) : Starting running GF180MCU Klayout DRC runset on /headless/aravindustries-repos/butterfold/butterfold_proto/physical/results/d03_ach_candidate/butterfold_top.gds
2026-08-28 18:23:59 +0200: Memory Usage (444008K) : Ruby Version for klayout: 3.2.3
2026-08-28 18:23:59 +0200: Memory Usage (489544K) : Loading database to memory is complete.
2026-08-28 18:23:59 +0200: Memory Usage (489544K) : GF180MCU Klayout DRC runset output at: /headless/aravindustries-repos/butterfold/butterfold_proto/physical/results/d03_ach_candidate/klayout_drc_pgfix/butterfold_top_via1.lyrdb
2026-08-28 18:23:59 +0200: Memory Usage (489752K) : Evaluate switches.
2026-08-28 18:23:59 +0200: Memory Usage (489752K) : table_name selected  via1
2026-08-28 18:23:59 +0200: Memory Usage (489752K) : CONNECTIVITY_RULES enabled: false
2026-08-28 18:23:59 +0200: Memory Usage (489752K) : Wedge enabled: false
2026-08-28 18:23:59 +0200: Memory Usage (489752K) : Ball enabled: false
2026-08-28 18:23:59 +0200: Memory Usage (489752K) : Gold enabled: false
2026-08-28 18:23:59 +0200: Memory Usage (489752K) : MIM Option selected: B
2026-08-28 18:23:59 +0200: Memory Usage (489752K) : Offgrid enabled:  true
2026-08-28 18:23:59 +0200: Memory Usage (489752K) : Number of threads to use 2
2026-08-28 18:23:59 +0200: Memory Usage (489752K) : Verbose mode: false
2026-08-28 18:23:59 +0200: Memory Usage (489752K) : flat  mode is enabled for via1 table
2026-08-28 18:23:59 +0200: Memory Usage (489752K) : METAL_TOP Selected is 11K
2026-08-28 18:23:59 +0200: Memory Usage (489752K) : METAL_STACK Selected is 5LM
2026-08-28 18:23:59 +0200: Memory Usage (489752K) : FEOL enabled: true
2026-08-28 18:23:59 +0200: Memory Usage (489752K) : BEOL enabled: true
2026-08-28 18:23:59 +0200: Memory Usage (489752K) : DUMMY enabled: false
2026-08-28 18:23:59 +0200: Memory Usage (489752K) : SLOW_VIA enabled: false
2026-08-28 18:23:59 +0200: Memory Usage (489752K) : Read in polygons from layers.
2026-08-28 18:23:59 +0200: Memory Usage (526384K) : comp has 216638 polygons
2026-08-28 18:23:59 +0200: Memory Usage (526384K) : dnwell has 0 polygons
2026-08-28 18:24:00 +0200: Memory Usage (541700K) : nwell has 422 polygons
2026-08-28 18:24:00 +0200: Memory Usage (527332K) : comp has 216638 polygons
2026-08-28 18:24:00 +0200: Memory Usage (527332K) : dnwell has 0 polygons
2026-08-28 18:24:00 +0200: Memory Usage (541700K) : lvpwell has 307 polygons
2026-08-28 18:24:00 +0200: Memory Usage (542648K) : nwell has 422 polygons
2026-08-28 18:24:00 +0200: Memory Usage (552788K) : dualgate has 3 polygons
2026-08-28 18:24:00 +0200: Memory Usage (542648K) : lvpwell has 307 polygons
2026-08-28 18:24:01 +0200: Memory Usage (553736K) : dualgate has 3 polygons
2026-08-28 18:24:01 +0200: Memory Usage (554108K) : poly2 has 232293 polygons
2026-08-28 18:24:01 +0200: Memory Usage (579564K) : nplus has 1417 polygons
2026-08-28 18:24:02 +0200: Memory Usage (555048K) : poly2 has 232293 polygons
2026-08-28 18:24:02 +0200: Memory Usage (579564K) : pplus has 10152 polygons
2026-08-28 18:24:02 +0200: Memory Usage (579564K) : sab has 0 polygons
2026-08-28 18:24:02 +0200: Memory Usage (579564K) : esd has 0 polygons
2026-08-28 18:24:02 +0200: Memory Usage (579564K) : resistor has 0 polygons
2026-08-28 18:24:02 +0200: Memory Usage (579564K) : fhres has 0 polygons
2026-08-28 18:24:02 +0200: Memory Usage (579564K) : fusetop has 0 polygons
2026-08-28 18:24:02 +0200: Memory Usage (579564K) : fusewindow_d has 0 polygons
2026-08-28 18:24:02 +0200: Memory Usage (579564K) : polyfuse has 0 polygons
2026-08-28 18:24:02 +0200: Memory Usage (579564K) : mvsd has 0 polygons
2026-08-28 18:24:02 +0200: Memory Usage (579564K) : mvpsd has 0 polygons
2026-08-28 18:24:02 +0200: Memory Usage (579564K) : nat has 0 polygons
2026-08-28 18:24:02 +0200: Memory Usage (579564K) : comp_dummy has 0 polygons
2026-08-28 18:24:02 +0200: Memory Usage (579564K) : poly2_dummy has 0 polygons
2026-08-28 18:24:02 +0200: Memory Usage (579564K) : schottky_diode has 0 polygons
2026-08-28 18:24:02 +0200: Memory Usage (579564K) : zener has 0 polygons
2026-08-28 18:24:02 +0200: Memory Usage (579564K) : res_mk has 0 polygons
2026-08-28 18:24:02 +0200: Memory Usage (579564K) : opc_drc has 0 polygons
2026-08-28 18:24:02 +0200: Memory Usage (573336K) : nplus has 1417 polygons
2026-08-28 18:24:02 +0200: Memory Usage (579564K) : v5_xtor has 3 polygons
2026-08-28 18:24:02 +0200: Memory Usage (579564K) : cap_mk has 0 polygons
2026-08-28 18:24:02 +0200: Memory Usage (579564K) : mos_cap_mk has 0 polygons
2026-08-28 18:24:02 +0200: Memory Usage (579564K) : ind_mk has 0 polygons
2026-08-28 18:24:02 +0200: Memory Usage (579564K) : diode_mk has 26 polygons
2026-08-28 18:24:02 +0200: Memory Usage (579564K) : drc_bjt has 0 polygons
2026-08-28 18:24:02 +0200: Memory Usage (579564K) : lvs_bjt has 0 polygons
2026-08-28 18:24:02 +0200: Memory Usage (579564K) : mim_l_mk has 0 polygons
2026-08-28 18:24:02 +0200: Memory Usage (579564K) : latchup_mk has 0 polygons
2026-08-28 18:24:02 +0200: Memory Usage (579564K) : guard_ring_mk has 0 polygons
2026-08-28 18:24:02 +0200: Memory Usage (579564K) : otp_mk has 0 polygons
2026-08-28 18:24:02 +0200: Memory Usage (579564K) : mtpmark has 0 polygons
2026-08-28 18:24:02 +0200: Memory Usage (579564K) : neo_ee_mk has 0 polygons
2026-08-28 18:24:02 +0200: Memory Usage (579564K) : sramcore has 4 polygons
2026-08-28 18:24:02 +0200: Memory Usage (579564K) : lvs_rf has 0 polygons
2026-08-28 18:24:02 +0200: Memory Usage (579564K) : lvs_drain has 0 polygons
2026-08-28 18:24:02 +0200: Memory Usage (579564K) : ind_mk has 0 polygons
2026-08-28 18:24:02 +0200: Memory Usage (579564K) : hvpolyrs has 0 polygons
2026-08-28 18:24:02 +0200: Memory Usage (579564K) : lvs_io has 0 polygons
2026-08-28 18:24:02 +0200: Memory Usage (579564K) : probe_mk has 0 polygons
2026-08-28 18:24:02 +0200: Memory Usage (579564K) : esd_mk has 0 polygons
2026-08-28 18:24:02 +0200: Memory Usage (579564K) : lvs_source has 0 polygons
2026-08-28 18:24:02 +0200: Memory Usage (579564K) : well_diode_mk has 0 polygons
2026-08-28 18:24:02 +0200: Memory Usage (579564K) : ldmos_xtor has 0 polygons
2026-08-28 18:24:02 +0200: Memory Usage (579564K) : plfuse has 0 polygons
2026-08-28 18:24:02 +0200: Memory Usage (579564K) : efuse_mk has 0 polygons
2026-08-28 18:24:02 +0200: Memory Usage (579564K) : mcell_feol_mk has 0 polygons
2026-08-28 18:24:02 +0200: Memory Usage (579564K) : ymtp_mk has 0 polygons
2026-08-28 18:24:02 +0200: Memory Usage (579564K) : dev_wf_mk has 0 polygons
2026-08-28 18:24:02 +0200: Memory Usage (579564K) : comp_label has 0 polygons
2026-08-28 18:24:02 +0200: Memory Usage (579564K) : poly2_label has 0 polygons
2026-08-28 18:24:02 +0200: Memory Usage (579564K) : mdiode has 0 polygons
2026-08-28 18:24:02 +0200: Memory Usage (579564K) : ndmy has 0 polygons
2026-08-28 18:24:02 +0200: Memory Usage (579564K) : pmndmy has 0 polygons
2026-08-28 18:24:02 +0200: Memory Usage (573336K) : pplus has 10152 polygons
2026-08-28 18:24:02 +0200: Memory Usage (573336K) : sab has 0 polygons
2026-08-28 18:24:02 +0200: Memory Usage (573336K) : esd has 0 polygons
2026-08-28 18:24:02 +0200: Memory Usage (573336K) : resistor has 0 polygons
2026-08-28 18:24:02 +0200: Memory Usage (573336K) : fhres has 0 polygons
2026-08-28 18:24:02 +0200: Memory Usage (573336K) : fusetop has 0 polygons
2026-08-28 18:24:02 +0200: Memory Usage (573336K) : fusewindow_d has 0 polygons
2026-08-28 18:24:02 +0200: Memory Usage (573336K) : polyfuse has 0 polygons
2026-08-28 18:24:02 +0200: Memory Usage (573336K) : mvsd has 0 polygons
2026-08-28 18:24:02 +0200: Memory Usage (573336K) : mvpsd has 0 polygons
2026-08-28 18:24:02 +0200: Memory Usage (573336K) : nat has 0 polygons
2026-08-28 18:24:02 +0200: Memory Usage (573336K) : comp_dummy has 0 polygons
2026-08-28 18:24:02 +0200: Memory Usage (573336K) : poly2_dummy has 0 polygons
2026-08-28 18:24:02 +0200: Memory Usage (573336K) : schottky_diode has 0 polygons
2026-08-28 18:24:02 +0200: Memory Usage (573336K) : zener has 0 polygons
2026-08-28 18:24:02 +0200: Memory Usage (573336K) : res_mk has 0 polygons
2026-08-28 18:24:02 +0200: Memory Usage (573336K) : opc_drc has 0 polygons
2026-08-28 18:24:02 +0200: Memory Usage (573336K) : v5_xtor has 3 polygons
2026-08-28 18:24:02 +0200: Memory Usage (573336K) : cap_mk has 0 polygons
2026-08-28 18:24:02 +0200: Memory Usage (573336K) : mos_cap_mk has 0 polygons
2026-08-28 18:24:02 +0200: Memory Usage (573336K) : ind_mk has 0 polygons
2026-08-28 18:24:02 +0200: Memory Usage (573336K) : diode_mk has 26 polygons
2026-08-28 18:24:02 +0200: Memory Usage (573336K) : drc_bjt has 0 polygons
2026-08-28 18:24:02 +0200: Memory Usage (573336K) : lvs_bjt has 0 polygons
2026-08-28 18:24:02 +0200: Memory Usage (573336K) : mim_l_mk has 0 polygons
2026-08-28 18:24:02 +0200: Memory Usage (573336K) : latchup_mk has 0 polygons
2026-08-28 18:24:02 +0200: Memory Usage (573336K) : guard_ring_mk has 0 polygons
2026-08-28 18:24:02 +0200: Memory Usage (573336K) : otp_mk has 0 polygons
2026-08-28 18:24:02 +0200: Memory Usage (573336K) : mtpmark has 0 polygons
2026-08-28 18:24:02 +0200: Memory Usage (573336K) : neo_ee_mk has 0 polygons
2026-08-28 18:24:02 +0200: Memory Usage (573336K) : sramcore has 4 polygons
2026-08-28 18:24:02 +0200: Memory Usage (573336K) : lvs_rf has 0 polygons
2026-08-28 18:24:02 +0200: Memory Usage (573336K) : lvs_drain has 0 polygons
2026-08-28 18:24:02 +0200: Memory Usage (573336K) : ind_mk has 0 polygons
2026-08-28 18:24:02 +0200: Memory Usage (573336K) : hvpolyrs has 0 polygons
2026-08-28 18:24:02 +0200: Memory Usage (573336K) : lvs_io has 0 polygons
2026-08-28 18:24:02 +0200: Memory Usage (573336K) : probe_mk has 0 polygons
2026-08-28 18:24:02 +0200: Memory Usage (573336K) : esd_mk has 0 polygons
2026-08-28 18:24:02 +0200: Memory Usage (573336K) : lvs_source has 0 polygons
2026-08-28 18:24:02 +0200: Memory Usage (573336K) : well_diode_mk has 0 polygons
2026-08-28 18:24:02 +0200: Memory Usage (573336K) : ldmos_xtor has 0 polygons
2026-08-28 18:24:02 +0200: Memory Usage (573336K) : plfuse has 0 polygons
2026-08-28 18:24:02 +0200: Memory Usage (573336K) : efuse_mk has 0 polygons
2026-08-28 18:24:02 +0200: Memory Usage (573336K) : mcell_feol_mk has 0 polygons
2026-08-28 18:24:02 +0200: Memory Usage (573336K) : ymtp_mk has 0 polygons
2026-08-28 18:24:02 +0200: Memory Usage (573336K) : dev_wf_mk has 0 polygons
2026-08-28 18:24:02 +0200: Memory Usage (573336K) : comp_label has 0 polygons
2026-08-28 18:24:02 +0200: Memory Usage (573336K) : poly2_label has 0 polygons
2026-08-28 18:24:02 +0200: Memory Usage (573336K) : mdiode has 0 polygons
2026-08-28 18:24:02 +0200: Memory Usage (573336K) : ndmy has 0 polygons
2026-08-28 18:24:02 +0200: Memory Usage (573336K) : pmndmy has 0 polygons
2026-08-28 18:24:05 +0200: Memory Usage (743456K) : contact has 1380000 polygons
2026-08-28 18:24:06 +0200: Memory Usage (626288K) : metal1_drawn has 251861 polygons
2026-08-28 18:24:06 +0200: Memory Usage (626288K) : metal1_dummy has 0 polygons
2026-08-28 18:24:06 +0200: Memory Usage (626288K) : metal1_label has 0 polygons
2026-08-28 18:24:06 +0200: Memory Usage (626288K) : metal1_slot has 0 polygons
2026-08-28 18:24:06 +0200: Memory Usage (626288K) : metal1_blk has 0 polygons
2026-08-28 18:24:06 +0200: Memory Usage (632448K) : via1 has 96410 polygons
2026-08-28 18:24:07 +0200: Memory Usage (632448K) : metal2_drawn has 51071 polygons
2026-08-28 18:24:07 +0200: Memory Usage (632448K) : metal2_dummy has 0 polygons
2026-08-28 18:24:07 +0200: Memory Usage (632448K) : metal2_label has 33 polygons
2026-08-28 18:24:07 +0200: Memory Usage (632448K) : metal2_slot has 0 polygons
2026-08-28 18:24:07 +0200: Memory Usage (632448K) : metal2_blk has 0 polygons
2026-08-28 18:24:07 +0200: Memory Usage (632448K) : metal3_drawn has 25645 polygons
2026-08-28 18:24:07 +0200: Memory Usage (632448K) : metal3_dummy has 0 polygons
2026-08-28 18:24:07 +0200: Memory Usage (632448K) : metal3_label has 0 polygons
2026-08-28 18:24:07 +0200: Memory Usage (632448K) : metal3_slot has 0 polygons
2026-08-28 18:24:07 +0200: Memory Usage (632448K) : metal3_blk has 0 polygons
2026-08-28 18:24:07 +0200: Memory Usage (632448K) : via3 has 12363 polygons
2026-08-28 18:24:07 +0200: Memory Usage (632448K) : metal4_drawn has 2332 polygons
2026-08-28 18:24:07 +0200: Memory Usage (632448K) : metal4_dummy has 0 polygons
2026-08-28 18:24:07 +0200: Memory Usage (632448K) : metal4_label has 0 polygons
2026-08-28 18:24:07 +0200: Memory Usage (632448K) : metal4_slot has 0 polygons
2026-08-28 18:24:07 +0200: Memory Usage (632448K) : metal4_blk has 0 polygons
2026-08-28 18:24:07 +0200: Memory Usage (632448K) : via4 has 2643 polygons
2026-08-28 18:24:07 +0200: Memory Usage (632448K) : metal5_drawn has 491 polygons
2026-08-28 18:24:07 +0200: Memory Usage (632448K) : metal5_dummy has 0 polygons
2026-08-28 18:24:07 +0200: Memory Usage (632448K) : metal5_label has 0 polygons
2026-08-28 18:24:07 +0200: Memory Usage (632448K) : metal5_slot has 0 polygons
2026-08-28 18:24:07 +0200: Memory Usage (632448K) : metal5_blk has 0 polygons
2026-08-28 18:24:07 +0200: Memory Usage (632448K) : pad has 0 polygons
2026-08-28 18:24:07 +0200: Memory Usage (632448K) : ubmpperi has 0 polygons
2026-08-28 18:24:07 +0200: Memory Usage (632448K) : ubmparray has 0 polygons
2026-08-28 18:24:07 +0200: Memory Usage (632448K) : ubmeplate has 0 polygons
2026-08-28 18:24:07 +0200: Memory Usage (632448K) : metal1_res has 0 polygons
2026-08-28 18:24:07 +0200: Memory Usage (632448K) : metal2_res has 0 polygons
2026-08-28 18:24:07 +0200: Memory Usage (632448K) : metal3_res has 0 polygons
2026-08-28 18:24:07 +0200: Memory Usage (632448K) : metal4_res has 0 polygons
2026-08-28 18:24:07 +0200: Memory Usage (632448K) : metal5_res has 0 polygons
2026-08-28 18:24:07 +0200: Memory Usage (632448K) : metal6_res has 0 polygons
2026-08-28 18:24:07 +0200: Memory Usage (632448K) : pr_bndry has 1 polygons
2026-08-28 18:24:07 +0200: Memory Usage (632448K) : border has 0 polygons
2026-08-28 18:24:07 +0200: Memory Usage (632448K) : Total no. of polygons in the design is 904115
2026-08-28 18:24:07 +0200: Memory Usage (632448K) : Starting deriving base layers.
2026-08-28 18:24:09 +0200: Memory Usage (761404K) : metal1_drawn has 251861 polygons
2026-08-28 18:24:09 +0200: Memory Usage (761404K) : metal1_dummy has 0 polygons
2026-08-28 18:24:09 +0200: Memory Usage (761404K) : metal1_label has 0 polygons
2026-08-28 18:24:09 +0200: Memory Usage (761404K) : metal1_slot has 0 polygons
2026-08-28 18:24:09 +0200: Memory Usage (761404K) : metal1_blk has 0 polygons
2026-08-28 18:24:09 +0200: Memory Usage (767740K) : via1 has 96410 polygons
2026-08-28 18:24:09 +0200: Memory Usage (767740K) : metal2_drawn has 51071 polygons
2026-08-28 18:24:09 +0200: Memory Usage (767740K) : metal2_dummy has 0 polygons
2026-08-28 18:24:09 +0200: Memory Usage (767740K) : metal2_label has 33 polygons
2026-08-28 18:24:09 +0200: Memory Usage (767740K) : metal2_slot has 0 polygons
2026-08-28 18:24:09 +0200: Memory Usage (767740K) : metal2_blk has 0 polygons
2026-08-28 18:24:09 +0200: Memory Usage (767740K) : via2 has 93152 polygons
2026-08-28 18:24:10 +0200: Memory Usage (767740K) : metal3_drawn has 25645 polygons
2026-08-28 18:24:10 +0200: Memory Usage (767740K) : metal3_dummy has 0 polygons
2026-08-28 18:24:10 +0200: Memory Usage (767740K) : metal3_label has 0 polygons
2026-08-28 18:24:10 +0200: Memory Usage (767740K) : metal3_slot has 0 polygons
2026-08-28 18:24:10 +0200: Memory Usage (767740K) : metal3_blk has 0 polygons
2026-08-28 18:24:10 +0200: Memory Usage (767740K) : via3 has 12363 polygons
2026-08-28 18:24:10 +0200: Memory Usage (767740K) : metal4_drawn has 2332 polygons
2026-08-28 18:24:10 +0200: Memory Usage (767740K) : metal4_dummy has 0 polygons
2026-08-28 18:24:10 +0200: Memory Usage (767740K) : metal4_label has 0 polygons
2026-08-28 18:24:10 +0200: Memory Usage (767740K) : metal4_slot has 0 polygons
2026-08-28 18:24:10 +0200: Memory Usage (767740K) : metal4_blk has 0 polygons
2026-08-28 18:24:10 +0200: Memory Usage (767740K) : via4 has 2643 polygons
2026-08-28 18:24:10 +0200: Memory Usage (767740K) : metal5_drawn has 491 polygons
2026-08-28 18:24:10 +0200: Memory Usage (767740K) : metal5_dummy has 0 polygons
2026-08-28 18:24:10 +0200: Memory Usage (767740K) : metal5_label has 0 polygons
2026-08-28 18:24:10 +0200: Memory Usage (767740K) : metal5_slot has 0 polygons
2026-08-28 18:24:10 +0200: Memory Usage (767740K) : metal5_blk has 0 polygons
2026-08-28 18:24:10 +0200: Memory Usage (767740K) : pad has 0 polygons
2026-08-28 18:24:10 +0200: Memory Usage (767740K) : ubmpperi has 0 polygons
2026-08-28 18:24:10 +0200: Memory Usage (767740K) : ubmparray has 0 polygons
2026-08-28 18:24:10 +0200: Memory Usage (767740K) : ubmeplate has 0 polygons
2026-08-28 18:24:10 +0200: Memory Usage (767740K) : metal1_res has 0 polygons
2026-08-28 18:24:10 +0200: Memory Usage (767740K) : metal2_res has 0 polygons
2026-08-28 18:24:10 +0200: Memory Usage (767740K) : metal3_res has 0 polygons
2026-08-28 18:24:10 +0200: Memory Usage (767740K) : metal4_res has 0 polygons
2026-08-28 18:24:10 +0200: Memory Usage (767740K) : metal5_res has 0 polygons
2026-08-28 18:24:10 +0200: Memory Usage (767740K) : metal6_res has 0 polygons
2026-08-28 18:24:10 +0200: Memory Usage (767740K) : pr_bndry has 1 polygons
2026-08-28 18:24:10 +0200: Memory Usage (767740K) : border has 0 polygons
2026-08-28 18:24:10 +0200: Memory Usage (767740K) : Total no. of polygons in the design is 2377267
2026-08-28 18:24:10 +0200: Memory Usage (767740K) : Starting deriving base layers.
2026-08-28 18:24:19 +0200: Memory Usage (914772K) : Total area of the design is 1859250.0 um^2.
2026-08-28 18:24:19 +0200: Memory Usage (914772K) : Starting GF180MCU DRC rules.
2026-08-28 18:24:19 +0200: Memory Usage (914772K) : Running all FEOL rules
2026-08-28 18:24:19 +0200: Memory Usage (914772K) : Running all BEOL rules
2026-08-28 18:24:19 +0200: Memory Usage (914772K) : Executing rule V1.1
2026-08-28 18:24:19 +0200: Memory Usage (921348K) : Executing rule V1.2a
2026-08-28 18:24:20 +0200: Memory Usage (922816K) : Executing rule V1.2b
2026-08-28 18:24:20 +0200: Memory Usage (927568K) : Executing rule V1.3a
2026-08-28 18:24:22 +0200: Memory Usage (962092K) : Executing rule V1.3c
2026-08-28 18:24:22 +0200: Memory Usage (1064060K) : Construct connectivity for the design.
2026-08-28 18:24:25 +0200: Memory Usage (1117788K) : Connectivity rules enabled, Netlist object will be generated.
2026-08-28 18:24:36 +0200: Memory Usage (1288196K) : Executing rule V1.3d
2026-08-28 18:24:40 +0200: Memory Usage (1438096K) : Total area of the design is 1859250.0 um^2.
2026-08-28 18:24:40 +0200: Memory Usage (1438096K) : Starting GF180MCU DRC rules.
2026-08-28 18:24:40 +0200: Memory Usage (1438096K) : Running all FEOL rules
2026-08-28 18:24:40 +0200: Memory Usage (1438096K) : Running all BEOL rules
2026-08-28 18:24:40 +0200: Memory Usage (1438096K) : Starting LVPWELL derivations
2026-08-28 18:24:40 +0200: Memory Usage (1438096K) : Executing rule LPW.1_LV
2026-08-28 18:24:40 +0200: Memory Usage (1438096K) : Executing rule LPW.1_MV
2026-08-28 18:24:40 +0200: Memory Usage (1438096K) : CONNECTIVITY_RULES section
2026-08-28 18:24:40 +0200: Memory Usage (1438096K) : Executing rule LPW.2a_LV
2026-08-28 18:24:40 +0200: Memory Usage (1438096K) : Executing rule LPW.2a_MV
2026-08-28 18:24:40 +0200: Memory Usage (1438096K) : Executing rule LPW.2b_LV
2026-08-28 18:24:40 +0200: Memory Usage (1438096K) : Executing rule LPW.2b_MV
2026-08-28 18:24:40 +0200: Memory Usage (1438096K) : Executing rule LPW.3_LV
2026-08-28 18:24:40 +0200: Memory Usage (1438096K) : Executing rule LPW.5
2026-08-28 18:24:40 +0200: Memory Usage (1438280K) : Executing rule LPW.11
2026-08-28 18:24:40 +0200: Memory Usage (1438280K) : Executing rule LPW.12
2026-08-28 18:24:40 +0200: Memory Usage (1438280K) : lvpwell DRC Total Run time 41.457229738 seconds
28-Aug-2026 18:24:40 | INFO    | Running Global Foundries 180nm MCU /headless/aravindustries-repos/butterfold/butterfold_proto/physical/results/d03_ach_candidate/butterfold_top.gds checks on design metal4 on cell butterfold_top:
2026-08-28 18:24:42 +0200: Memory Usage (443896K) : Starting running GF180MCU Klayout DRC runset on /headless/aravindustries-repos/butterfold/butterfold_proto/physical/results/d03_ach_candidate/butterfold_top.gds
2026-08-28 18:24:42 +0200: Memory Usage (443896K) : Ruby Version for klayout: 3.2.3
2026-08-28 18:24:42 +0200: Memory Usage (489572K) : Loading database to memory is complete.
2026-08-28 18:24:42 +0200: Memory Usage (489572K) : GF180MCU Klayout DRC runset output at: /headless/aravindustries-repos/butterfold/butterfold_proto/physical/results/d03_ach_candidate/klayout_drc_pgfix/butterfold_top_metal4.lyrdb
2026-08-28 18:24:42 +0200: Memory Usage (489572K) : Evaluate switches.
2026-08-28 18:24:42 +0200: Memory Usage (489572K) : table_name selected  metal4
2026-08-28 18:24:42 +0200: Memory Usage (489572K) : CONNECTIVITY_RULES enabled: false
2026-08-28 18:24:42 +0200: Memory Usage (489572K) : Wedge enabled: false
2026-08-28 18:24:42 +0200: Memory Usage (489572K) : Ball enabled: false
2026-08-28 18:24:42 +0200: Memory Usage (489572K) : Gold enabled: false
2026-08-28 18:24:42 +0200: Memory Usage (489572K) : MIM Option selected: B
2026-08-28 18:24:42 +0200: Memory Usage (489572K) : Offgrid enabled:  true
2026-08-28 18:24:42 +0200: Memory Usage (489572K) : Number of threads to use 2
2026-08-28 18:24:42 +0200: Memory Usage (489572K) : Verbose mode: false
2026-08-28 18:24:42 +0200: Memory Usage (489572K) : flat  mode is enabled for metal4 table
2026-08-28 18:24:42 +0200: Memory Usage (489572K) : METAL_TOP Selected is 11K
2026-08-28 18:24:42 +0200: Memory Usage (489572K) : METAL_STACK Selected is 5LM
2026-08-28 18:24:42 +0200: Memory Usage (489572K) : FEOL enabled: true
2026-08-28 18:24:42 +0200: Memory Usage (489572K) : BEOL enabled: true
2026-08-28 18:24:42 +0200: Memory Usage (489572K) : DUMMY enabled: false
2026-08-28 18:24:42 +0200: Memory Usage (489572K) : SLOW_VIA enabled: false
2026-08-28 18:24:42 +0200: Memory Usage (489572K) : Read in polygons from layers.
2026-08-28 18:24:43 +0200: Memory Usage (527300K) : comp has 216638 polygons
2026-08-28 18:24:43 +0200: Memory Usage (527300K) : dnwell has 0 polygons
2026-08-28 18:24:43 +0200: Memory Usage (542616K) : nwell has 422 polygons
2026-08-28 18:24:43 +0200: Memory Usage (542616K) : lvpwell has 307 polygons
2026-08-28 18:24:43 +0200: Memory Usage (553704K) : dualgate has 3 polygons
2026-08-28 18:24:44 +0200: Memory Usage (554940K) : poly2 has 232293 polygons
2026-08-28 18:24:45 +0200: Memory Usage (580588K) : nplus has 1417 polygons
2026-08-28 18:24:45 +0200: Memory Usage (580588K) : pplus has 10152 polygons
2026-08-28 18:24:45 +0200: Memory Usage (580588K) : sab has 0 polygons
2026-08-28 18:24:45 +0200: Memory Usage (580588K) : esd has 0 polygons
2026-08-28 18:24:45 +0200: Memory Usage (580588K) : resistor has 0 polygons
2026-08-28 18:24:45 +0200: Memory Usage (580588K) : fhres has 0 polygons
2026-08-28 18:24:45 +0200: Memory Usage (580588K) : fusetop has 0 polygons
2026-08-28 18:24:45 +0200: Memory Usage (580588K) : fusewindow_d has 0 polygons
2026-08-28 18:24:45 +0200: Memory Usage (580588K) : polyfuse has 0 polygons
2026-08-28 18:24:45 +0200: Memory Usage (580588K) : mvsd has 0 polygons
2026-08-28 18:24:45 +0200: Memory Usage (580588K) : mvpsd has 0 polygons
2026-08-28 18:24:45 +0200: Memory Usage (580588K) : nat has 0 polygons
2026-08-28 18:24:45 +0200: Memory Usage (580588K) : comp_dummy has 0 polygons
2026-08-28 18:24:45 +0200: Memory Usage (580588K) : poly2_dummy has 0 polygons
2026-08-28 18:24:45 +0200: Memory Usage (580588K) : schottky_diode has 0 polygons
2026-08-28 18:24:45 +0200: Memory Usage (580588K) : zener has 0 polygons
2026-08-28 18:24:45 +0200: Memory Usage (580588K) : res_mk has 0 polygons
2026-08-28 18:24:45 +0200: Memory Usage (580588K) : opc_drc has 0 polygons
2026-08-28 18:24:45 +0200: Memory Usage (580588K) : v5_xtor has 3 polygons
2026-08-28 18:24:45 +0200: Memory Usage (580588K) : cap_mk has 0 polygons
2026-08-28 18:24:45 +0200: Memory Usage (580588K) : mos_cap_mk has 0 polygons
2026-08-28 18:24:45 +0200: Memory Usage (580588K) : ind_mk has 0 polygons
2026-08-28 18:24:45 +0200: Memory Usage (580588K) : diode_mk has 26 polygons
2026-08-28 18:24:45 +0200: Memory Usage (580588K) : drc_bjt has 0 polygons
2026-08-28 18:24:45 +0200: Memory Usage (580588K) : lvs_bjt has 0 polygons
2026-08-28 18:24:45 +0200: Memory Usage (580588K) : mim_l_mk has 0 polygons
2026-08-28 18:24:45 +0200: Memory Usage (580588K) : latchup_mk has 0 polygons
2026-08-28 18:24:45 +0200: Memory Usage (580588K) : guard_ring_mk has 0 polygons
2026-08-28 18:24:45 +0200: Memory Usage (580588K) : otp_mk has 0 polygons
2026-08-28 18:24:45 +0200: Memory Usage (580588K) : mtpmark has 0 polygons
2026-08-28 18:24:45 +0200: Memory Usage (580588K) : neo_ee_mk has 0 polygons
2026-08-28 18:24:45 +0200: Memory Usage (580588K) : sramcore has 4 polygons
2026-08-28 18:24:45 +0200: Memory Usage (580588K) : lvs_rf has 0 polygons
2026-08-28 18:24:45 +0200: Memory Usage (580588K) : lvs_drain has 0 polygons
2026-08-28 18:24:45 +0200: Memory Usage (580588K) : ind_mk has 0 polygons
2026-08-28 18:24:45 +0200: Memory Usage (580588K) : hvpolyrs has 0 polygons
2026-08-28 18:24:45 +0200: Memory Usage (580588K) : lvs_io has 0 polygons
2026-08-28 18:24:45 +0200: Memory Usage (580588K) : probe_mk has 0 polygons
2026-08-28 18:24:45 +0200: Memory Usage (580588K) : esd_mk has 0 polygons
2026-08-28 18:24:45 +0200: Memory Usage (580588K) : lvs_source has 0 polygons
2026-08-28 18:24:45 +0200: Memory Usage (580588K) : well_diode_mk has 0 polygons
2026-08-28 18:24:45 +0200: Memory Usage (580588K) : ldmos_xtor has 0 polygons
2026-08-28 18:24:45 +0200: Memory Usage (580588K) : plfuse has 0 polygons
2026-08-28 18:24:45 +0200: Memory Usage (580588K) : efuse_mk has 0 polygons
2026-08-28 18:24:45 +0200: Memory Usage (580588K) : mcell_feol_mk has 0 polygons
2026-08-28 18:24:45 +0200: Memory Usage (580588K) : ymtp_mk has 0 polygons
2026-08-28 18:24:45 +0200: Memory Usage (580588K) : dev_wf_mk has 0 polygons
2026-08-28 18:24:45 +0200: Memory Usage (580588K) : comp_label has 0 polygons
2026-08-28 18:24:45 +0200: Memory Usage (580588K) : poly2_label has 0 polygons
2026-08-28 18:24:45 +0200: Memory Usage (580588K) : mdiode has 0 polygons
2026-08-28 18:24:45 +0200: Memory Usage (580588K) : ndmy has 0 polygons
2026-08-28 18:24:45 +0200: Memory Usage (580588K) : pmndmy has 0 polygons
2026-08-28 18:24:48 +0200: Memory Usage (626260K) : metal1_drawn has 251861 polygons
2026-08-28 18:24:48 +0200: Memory Usage (626260K) : metal1_dummy has 0 polygons
2026-08-28 18:24:49 +0200: Memory Usage (626260K) : metal1_label has 0 polygons
2026-08-28 18:24:49 +0200: Memory Usage (626260K) : metal1_slot has 0 polygons
2026-08-28 18:24:49 +0200: Memory Usage (626260K) : metal1_blk has 0 polygons
2026-08-28 18:24:49 +0200: Memory Usage (632244K) : metal2_drawn has 51071 polygons
2026-08-28 18:24:49 +0200: Memory Usage (632244K) : metal2_dummy has 0 polygons
2026-08-28 18:24:49 +0200: Memory Usage (632244K) : metal2_label has 33 polygons
2026-08-28 18:24:49 +0200: Memory Usage (632244K) : metal2_slot has 0 polygons
2026-08-28 18:24:49 +0200: Memory Usage (632244K) : metal2_blk has 0 polygons
2026-08-28 18:24:49 +0200: Memory Usage (632244K) : metal3_drawn has 25645 polygons
2026-08-28 18:24:49 +0200: Memory Usage (632244K) : metal3_dummy has 0 polygons
2026-08-28 18:24:49 +0200: Memory Usage (632244K) : metal3_label has 0 polygons
2026-08-28 18:24:49 +0200: Memory Usage (632244K) : metal3_slot has 0 polygons
2026-08-28 18:24:49 +0200: Memory Usage (632244K) : metal3_blk has 0 polygons
2026-08-28 18:24:49 +0200: Memory Usage (632244K) : via3 has 12363 polygons
2026-08-28 18:24:49 +0200: Memory Usage (632244K) : metal4_drawn has 2332 polygons
2026-08-28 18:24:49 +0200: Memory Usage (632244K) : metal4_dummy has 0 polygons
2026-08-28 18:24:49 +0200: Memory Usage (632244K) : metal4_label has 0 polygons
2026-08-28 18:24:49 +0200: Memory Usage (632244K) : metal4_slot has 0 polygons
2026-08-28 18:24:49 +0200: Memory Usage (632244K) : metal4_blk has 0 polygons
2026-08-28 18:24:49 +0200: Memory Usage (632244K) : via4 has 2643 polygons
2026-08-28 18:24:49 +0200: Memory Usage (632244K) : metal5_drawn has 491 polygons
2026-08-28 18:24:49 +0200: Memory Usage (632244K) : metal5_dummy has 0 polygons
2026-08-28 18:24:49 +0200: Memory Usage (632244K) : metal5_label has 0 polygons
2026-08-28 18:24:49 +0200: Memory Usage (632244K) : metal5_slot has 0 polygons
2026-08-28 18:24:49 +0200: Memory Usage (632244K) : metal5_blk has 0 polygons
2026-08-28 18:24:49 +0200: Memory Usage (632244K) : pad has 0 polygons
2026-08-28 18:24:49 +0200: Memory Usage (632244K) : ubmpperi has 0 polygons
2026-08-28 18:24:49 +0200: Memory Usage (632244K) : ubmparray has 0 polygons
2026-08-28 18:24:49 +0200: Memory Usage (632244K) : ubmeplate has 0 polygons
2026-08-28 18:24:49 +0200: Memory Usage (632244K) : metal1_res has 0 polygons
2026-08-28 18:24:49 +0200: Memory Usage (632244K) : metal2_res has 0 polygons
2026-08-28 18:24:49 +0200: Memory Usage (632244K) : metal3_res has 0 polygons
2026-08-28 18:24:49 +0200: Memory Usage (632244K) : metal4_res has 0 polygons
2026-08-28 18:24:49 +0200: Memory Usage (632244K) : metal5_res has 0 polygons
2026-08-28 18:24:49 +0200: Memory Usage (632244K) : metal6_res has 0 polygons
2026-08-28 18:24:49 +0200: Memory Usage (632244K) : pr_bndry has 1 polygons
2026-08-28 18:24:49 +0200: Memory Usage (632244K) : border has 0 polygons
2026-08-28 18:24:49 +0200: Memory Usage (632244K) : Total no. of polygons in the design is 807705
2026-08-28 18:24:49 +0200: Memory Usage (632244K) : Starting deriving base layers.
2026-08-28 18:25:01 +0200: Memory Usage (929536K) : Total area of the design is 1859250.0 um^2.
2026-08-28 18:25:01 +0200: Memory Usage (929536K) : Starting GF180MCU DRC rules.
2026-08-28 18:25:01 +0200: Memory Usage (929536K) : Running all FEOL rules
2026-08-28 18:25:01 +0200: Memory Usage (929536K) : Running all BEOL rules
2026-08-28 18:25:01 +0200: Memory Usage (929536K) : Executing rule M4.1
2026-08-28 18:25:02 +0200: Memory Usage (929724K) : Executing rule M4.2a
2026-08-28 18:25:02 +0200: Memory Usage (930304K) : Executing rule M4.2b
2026-08-28 18:25:02 +0200: Memory Usage (930304K) : Executing rule M4.3
2026-08-28 18:25:02 +0200: Memory Usage (930304K) : metal4 DRC Total Run time 19.8545869 seconds
28-Aug-2026 18:25:02 | INFO    | Running Global Foundries 180nm MCU /headless/aravindustries-repos/butterfold/butterfold_proto/physical/results/d03_ach_candidate/butterfold_top.gds checks on design sab on cell butterfold_top:
2026-08-28 18:25:03 +0200: Memory Usage (444116K) : Starting running GF180MCU Klayout DRC runset on /headless/aravindustries-repos/butterfold/butterfold_proto/physical/results/d03_ach_candidate/butterfold_top.gds
2026-08-28 18:25:03 +0200: Memory Usage (444116K) : Ruby Version for klayout: 3.2.3
2026-08-28 18:25:03 +0200: Memory Usage (489648K) : Loading database to memory is complete.
2026-08-28 18:25:03 +0200: Memory Usage (489648K) : GF180MCU Klayout DRC runset output at: /headless/aravindustries-repos/butterfold/butterfold_proto/physical/results/d03_ach_candidate/klayout_drc_pgfix/butterfold_top_sab.lyrdb
2026-08-28 18:25:03 +0200: Memory Usage (489648K) : Evaluate switches.
2026-08-28 18:25:03 +0200: Memory Usage (489648K) : table_name selected  sab
2026-08-28 18:25:03 +0200: Memory Usage (489648K) : CONNECTIVITY_RULES enabled: false
2026-08-28 18:25:03 +0200: Memory Usage (489648K) : Wedge enabled: false
2026-08-28 18:25:03 +0200: Memory Usage (489648K) : Ball enabled: false
2026-08-28 18:25:03 +0200: Memory Usage (489648K) : Gold enabled: false
2026-08-28 18:25:03 +0200: Memory Usage (489648K) : MIM Option selected: B
2026-08-28 18:25:03 +0200: Memory Usage (489648K) : Offgrid enabled:  true
2026-08-28 18:25:03 +0200: Memory Usage (489648K) : Number of threads to use 2
2026-08-28 18:25:03 +0200: Memory Usage (489648K) : Verbose mode: false
2026-08-28 18:25:03 +0200: Memory Usage (489648K) : flat  mode is enabled for sab table
2026-08-28 18:25:03 +0200: Memory Usage (489648K) : METAL_TOP Selected is 11K
2026-08-28 18:25:03 +0200: Memory Usage (489648K) : METAL_STACK Selected is 5LM
2026-08-28 18:25:03 +0200: Memory Usage (489648K) : FEOL enabled: true
2026-08-28 18:25:03 +0200: Memory Usage (489648K) : BEOL enabled: true
2026-08-28 18:25:03 +0200: Memory Usage (489648K) : DUMMY enabled: false
2026-08-28 18:25:03 +0200: Memory Usage (489648K) : SLOW_VIA enabled: false
2026-08-28 18:25:03 +0200: Memory Usage (489648K) : Read in polygons from layers.
2026-08-28 18:25:04 +0200: Memory Usage (527376K) : comp has 216638 polygons
2026-08-28 18:25:04 +0200: Memory Usage (527376K) : dnwell has 0 polygons
2026-08-28 18:25:04 +0200: Memory Usage (542692K) : nwell has 422 polygons
2026-08-28 18:25:04 +0200: Memory Usage (542692K) : lvpwell has 307 polygons
2026-08-28 18:25:05 +0200: Memory Usage (553780K) : dualgate has 3 polygons
2026-08-28 18:25:06 +0200: Memory Usage (555056K) : poly2 has 232293 polygons
2026-08-28 18:25:06 +0200: Memory Usage (580512K) : nplus has 1417 polygons
2026-08-28 18:25:06 +0200: Memory Usage (580512K) : pplus has 10152 polygons
2026-08-28 18:25:06 +0200: Memory Usage (580512K) : sab has 0 polygons
2026-08-28 18:25:06 +0200: Memory Usage (580512K) : esd has 0 polygons
2026-08-28 18:25:06 +0200: Memory Usage (580512K) : resistor has 0 polygons
2026-08-28 18:25:06 +0200: Memory Usage (580512K) : fhres has 0 polygons
2026-08-28 18:25:06 +0200: Memory Usage (580512K) : fusetop has 0 polygons
2026-08-28 18:25:06 +0200: Memory Usage (580512K) : fusewindow_d has 0 polygons
2026-08-28 18:25:06 +0200: Memory Usage (580512K) : polyfuse has 0 polygons
2026-08-28 18:25:06 +0200: Memory Usage (580512K) : mvsd has 0 polygons
2026-08-28 18:25:06 +0200: Memory Usage (580512K) : mvpsd has 0 polygons
2026-08-28 18:25:06 +0200: Memory Usage (580512K) : nat has 0 polygons
2026-08-28 18:25:06 +0200: Memory Usage (580512K) : comp_dummy has 0 polygons
2026-08-28 18:25:06 +0200: Memory Usage (580512K) : poly2_dummy has 0 polygons
2026-08-28 18:25:06 +0200: Memory Usage (580512K) : schottky_diode has 0 polygons
2026-08-28 18:25:06 +0200: Memory Usage (580512K) : zener has 0 polygons
2026-08-28 18:25:06 +0200: Memory Usage (580512K) : res_mk has 0 polygons
2026-08-28 18:25:06 +0200: Memory Usage (580512K) : opc_drc has 0 polygons
2026-08-28 18:25:06 +0200: Memory Usage (580512K) : v5_xtor has 3 polygons
2026-08-28 18:25:06 +0200: Memory Usage (580512K) : cap_mk has 0 polygons
2026-08-28 18:25:06 +0200: Memory Usage (580512K) : mos_cap_mk has 0 polygons
2026-08-28 18:25:06 +0200: Memory Usage (580512K) : ind_mk has 0 polygons
2026-08-28 18:25:06 +0200: Memory Usage (580512K) : diode_mk has 26 polygons
2026-08-28 18:25:06 +0200: Memory Usage (580512K) : drc_bjt has 0 polygons
2026-08-28 18:25:06 +0200: Memory Usage (580512K) : lvs_bjt has 0 polygons
2026-08-28 18:25:06 +0200: Memory Usage (580512K) : mim_l_mk has 0 polygons
2026-08-28 18:25:06 +0200: Memory Usage (580512K) : latchup_mk has 0 polygons
2026-08-28 18:25:06 +0200: Memory Usage (580512K) : guard_ring_mk has 0 polygons
2026-08-28 18:25:06 +0200: Memory Usage (580512K) : otp_mk has 0 polygons
2026-08-28 18:25:06 +0200: Memory Usage (580512K) : mtpmark has 0 polygons
2026-08-28 18:25:06 +0200: Memory Usage (580512K) : neo_ee_mk has 0 polygons
2026-08-28 18:25:07 +0200: Memory Usage (580512K) : sramcore has 4 polygons
2026-08-28 18:25:07 +0200: Memory Usage (580512K) : lvs_rf has 0 polygons
2026-08-28 18:25:07 +0200: Memory Usage (580512K) : lvs_drain has 0 polygons
2026-08-28 18:25:07 +0200: Memory Usage (580512K) : ind_mk has 0 polygons
2026-08-28 18:25:07 +0200: Memory Usage (580512K) : hvpolyrs has 0 polygons
2026-08-28 18:25:07 +0200: Memory Usage (580512K) : lvs_io has 0 polygons
2026-08-28 18:25:07 +0200: Memory Usage (580512K) : probe_mk has 0 polygons
2026-08-28 18:25:07 +0200: Memory Usage (580512K) : esd_mk has 0 polygons
2026-08-28 18:25:07 +0200: Memory Usage (580512K) : lvs_source has 0 polygons
2026-08-28 18:25:07 +0200: Memory Usage (580512K) : well_diode_mk has 0 polygons
2026-08-28 18:25:07 +0200: Memory Usage (580512K) : ldmos_xtor has 0 polygons
2026-08-28 18:25:07 +0200: Memory Usage (580512K) : plfuse has 0 polygons
2026-08-28 18:25:07 +0200: Memory Usage (580512K) : efuse_mk has 0 polygons
2026-08-28 18:25:07 +0200: Memory Usage (580512K) : mcell_feol_mk has 0 polygons
2026-08-28 18:25:07 +0200: Memory Usage (580512K) : ymtp_mk has 0 polygons
2026-08-28 18:25:07 +0200: Memory Usage (580512K) : dev_wf_mk has 0 polygons
2026-08-28 18:25:07 +0200: Memory Usage (580512K) : comp_label has 0 polygons
2026-08-28 18:25:07 +0200: Memory Usage (580512K) : poly2_label has 0 polygons
2026-08-28 18:25:07 +0200: Memory Usage (580512K) : mdiode has 0 polygons
2026-08-28 18:25:07 +0200: Memory Usage (580512K) : ndmy has 0 polygons
2026-08-28 18:25:07 +0200: Memory Usage (580512K) : pmndmy has 0 polygons
2026-08-28 18:25:10 +0200: Memory Usage (744172K) : contact has 1380000 polygons
2026-08-28 18:25:13 +0200: Memory Usage (762268K) : metal1_drawn has 251861 polygons
2026-08-28 18:25:13 +0200: Memory Usage (762268K) : metal1_dummy has 0 polygons
2026-08-28 18:25:13 +0200: Memory Usage (762268K) : metal1_label has 0 polygons
2026-08-28 18:25:13 +0200: Memory Usage (762268K) : metal1_slot has 0 polygons
2026-08-28 18:25:13 +0200: Memory Usage (762268K) : metal1_blk has 0 polygons
2026-08-28 18:25:14 +0200: Memory Usage (768252K) : metal2_drawn has 51071 polygons
2026-08-28 18:25:14 +0200: Memory Usage (768252K) : metal2_dummy has 0 polygons
2026-08-28 18:25:14 +0200: Memory Usage (768252K) : metal2_label has 33 polygons
2026-08-28 18:25:14 +0200: Memory Usage (768252K) : metal2_slot has 0 polygons
2026-08-28 18:25:14 +0200: Memory Usage (768252K) : metal2_blk has 0 polygons
2026-08-28 18:25:14 +0200: Memory Usage (768252K) : metal3_drawn has 25645 polygons
2026-08-28 18:25:14 +0200: Memory Usage (768252K) : metal3_dummy has 0 polygons
2026-08-28 18:25:14 +0200: Memory Usage (768252K) : metal3_label has 0 polygons
2026-08-28 18:25:14 +0200: Memory Usage (768252K) : metal3_slot has 0 polygons
2026-08-28 18:25:14 +0200: Memory Usage (768252K) : metal3_blk has 0 polygons
2026-08-28 18:25:14 +0200: Memory Usage (768252K) : via3 has 12363 polygons
2026-08-28 18:25:14 +0200: Memory Usage (768252K) : metal4_drawn has 2332 polygons
2026-08-28 18:25:14 +0200: Memory Usage (768252K) : metal4_dummy has 0 polygons
2026-08-28 18:25:14 +0200: Memory Usage (768252K) : metal4_label has 0 polygons
2026-08-28 18:25:14 +0200: Memory Usage (768252K) : metal4_slot has 0 polygons
2026-08-28 18:25:14 +0200: Memory Usage (768252K) : metal4_blk has 0 polygons
2026-08-28 18:25:14 +0200: Memory Usage (768252K) : via4 has 2643 polygons
2026-08-28 18:25:14 +0200: Memory Usage (768252K) : metal5_drawn has 491 polygons
2026-08-28 18:25:14 +0200: Memory Usage (768252K) : metal5_dummy has 0 polygons
2026-08-28 18:25:14 +0200: Memory Usage (768252K) : metal5_label has 0 polygons
2026-08-28 18:25:14 +0200: Memory Usage (768252K) : metal5_slot has 0 polygons
2026-08-28 18:25:14 +0200: Memory Usage (768252K) : metal5_blk has 0 polygons
2026-08-28 18:25:14 +0200: Memory Usage (768252K) : pad has 0 polygons
2026-08-28 18:25:14 +0200: Memory Usage (768252K) : ubmpperi has 0 polygons
2026-08-28 18:25:14 +0200: Memory Usage (768252K) : ubmparray has 0 polygons
2026-08-28 18:25:14 +0200: Memory Usage (768252K) : ubmeplate has 0 polygons
2026-08-28 18:25:14 +0200: Memory Usage (768252K) : metal1_res has 0 polygons
2026-08-28 18:25:14 +0200: Memory Usage (768252K) : metal2_res has 0 polygons
2026-08-28 18:25:14 +0200: Memory Usage (768252K) : metal3_res has 0 polygons
2026-08-28 18:25:14 +0200: Memory Usage (768252K) : metal4_res has 0 polygons
2026-08-28 18:25:14 +0200: Memory Usage (768252K) : metal5_res has 0 polygons
2026-08-28 18:25:14 +0200: Memory Usage (768252K) : metal6_res has 0 polygons
2026-08-28 18:25:14 +0200: Memory Usage (768252K) : pr_bndry has 1 polygons
2026-08-28 18:25:14 +0200: Memory Usage (768252K) : border has 0 polygons
2026-08-28 18:25:14 +0200: Memory Usage (768252K) : Total no. of polygons in the design is 2187705
2026-08-28 18:25:14 +0200: Memory Usage (768252K) : Starting deriving base layers.
2026-08-28 18:25:26 +0200: Memory Usage (1069160K) : Total area of the design is 1859250.0 um^2.
2026-08-28 18:25:26 +0200: Memory Usage (1069160K) : Starting GF180MCU DRC rules.
2026-08-28 18:25:26 +0200: Memory Usage (1069160K) : Running all FEOL rules
2026-08-28 18:25:26 +0200: Memory Usage (1069160K) : Running all BEOL rules
2026-08-28 18:25:26 +0200: Memory Usage (1069160K) : Starting sab derivations
2026-08-28 18:25:26 +0200: Memory Usage (1069160K) : Executing rule SB.1
2026-08-28 18:25:26 +0200: Memory Usage (1069528K) : Executing rule SB.2
2026-08-28 18:25:26 +0200: Memory Usage (1069528K) : Executing rule SB.3
2026-08-28 18:25:26 +0200: Memory Usage (1069528K) : Executing rule SB.4
2026-08-28 18:25:26 +0200: Memory Usage (1069528K) : Executing rule SB.5a
2026-08-28 18:25:28 +0200: Memory Usage (1150560K) : Executing rule SB.5b
2026-08-28 18:25:29 +0200: Memory Usage (1171092K) : Executing rule SB.6
2026-08-28 18:25:29 +0200: Memory Usage (1171092K) : Executing rule SB.7
2026-08-28 18:25:29 +0200: Memory Usage (1171092K) : Executing rule SB.8
2026-08-28 18:25:29 +0200: Memory Usage (1171092K) : Executing rule SB.9
2026-08-28 18:25:29 +0200: Memory Usage (1171092K) : Executing rule SB.10
2026-08-28 18:25:29 +0200: Memory Usage (1171092K) : Executing rule SB.11
2026-08-28 18:25:29 +0200: Memory Usage (1171092K) : Executing rule SB.12
2026-08-28 18:25:29 +0200: Memory Usage (1171092K) : Executing rule SB.13
2026-08-28 18:25:29 +0200: Memory Usage (1171092K) : Executing rule SB.14a
2026-08-28 18:25:29 +0200: Memory Usage (1171092K) : Executing rule SB.14b
2026-08-28 18:25:29 +0200: Memory Usage (1171092K) : Executing rule SB.15a
2026-08-28 18:25:29 +0200: Memory Usage (1171092K) : Executing rule SB.15b
2026-08-28 18:25:30 +0200: Memory Usage (1171092K) : Executing rule SB.16
2026-08-28 18:25:30 +0200: Memory Usage (1171092K) : sab DRC Total Run time 26.420560011 seconds
28-Aug-2026 18:25:30 | INFO    | Running Global Foundries 180nm MCU /headless/aravindustries-repos/butterfold/butterfold_proto/physical/results/d03_ach_candidate/butterfold_top.gds checks on design nwell on cell butterfold_top:
2026-08-28 18:25:31 +0200: Memory Usage (443664K) : Starting running GF180MCU Klayout DRC runset on /headless/aravindustries-repos/butterfold/butterfold_proto/physical/results/d03_ach_candidate/butterfold_top.gds
2026-08-28 18:25:31 +0200: Memory Usage (443664K) : Ruby Version for klayout: 3.2.3
2026-08-28 18:25:31 +0200: Memory Usage (489288K) : Loading database to memory is complete.
2026-08-28 18:25:31 +0200: Memory Usage (489288K) : GF180MCU Klayout DRC runset output at: /headless/aravindustries-repos/butterfold/butterfold_proto/physical/results/d03_ach_candidate/klayout_drc_pgfix/butterfold_top_nwell.lyrdb
2026-08-28 18:25:31 +0200: Memory Usage (489288K) : Evaluate switches.
2026-08-28 18:25:31 +0200: Memory Usage (489288K) : table_name selected  nwell
2026-08-28 18:25:31 +0200: Memory Usage (489288K) : CONNECTIVITY_RULES enabled: true
2026-08-28 18:25:31 +0200: Memory Usage (489288K) : Wedge enabled: false
2026-08-28 18:25:31 +0200: Memory Usage (489288K) : Ball enabled: false
2026-08-28 18:25:31 +0200: Memory Usage (489288K) : Gold enabled: false
2026-08-28 18:25:31 +0200: Memory Usage (489288K) : MIM Option selected: B
2026-08-28 18:25:31 +0200: Memory Usage (489288K) : Offgrid enabled:  true
2026-08-28 18:25:31 +0200: Memory Usage (489288K) : Number of threads to use 2
2026-08-28 18:25:31 +0200: Memory Usage (489288K) : Verbose mode: false
2026-08-28 18:25:31 +0200: Memory Usage (489288K) : flat  mode is enabled for nwell table
2026-08-28 18:25:31 +0200: Memory Usage (489288K) : METAL_TOP Selected is 11K
2026-08-28 18:25:31 +0200: Memory Usage (489288K) : METAL_STACK Selected is 5LM
2026-08-28 18:25:31 +0200: Memory Usage (489288K) : FEOL enabled: true
2026-08-28 18:25:31 +0200: Memory Usage (489288K) : BEOL enabled: true
2026-08-28 18:25:31 +0200: Memory Usage (489288K) : DUMMY enabled: false
2026-08-28 18:25:31 +0200: Memory Usage (489288K) : SLOW_VIA enabled: false
2026-08-28 18:25:31 +0200: Memory Usage (489288K) : Read in polygons from layers.
2026-08-28 18:25:32 +0200: Memory Usage (527048K) : comp has 216638 polygons
2026-08-28 18:25:32 +0200: Memory Usage (527048K) : dnwell has 0 polygons
2026-08-28 18:25:32 +0200: Memory Usage (542464K) : nwell has 422 polygons
2026-08-28 18:25:33 +0200: Memory Usage (542464K) : lvpwell has 307 polygons
2026-08-28 18:25:33 +0200: Memory Usage (553552K) : dualgate has 3 polygons
2026-08-28 18:25:34 +0200: Memory Usage (554784K) : poly2 has 232293 polygons
2026-08-28 18:25:34 +0200: Memory Usage (573072K) : nplus has 1417 polygons
2026-08-28 18:25:34 +0200: Memory Usage (573072K) : pplus has 10152 polygons
2026-08-28 18:25:34 +0200: Memory Usage (573072K) : sab has 0 polygons
2026-08-28 18:25:34 +0200: Memory Usage (573072K) : esd has 0 polygons
2026-08-28 18:25:34 +0200: Memory Usage (573072K) : resistor has 0 polygons
2026-08-28 18:25:34 +0200: Memory Usage (573072K) : fhres has 0 polygons
2026-08-28 18:25:34 +0200: Memory Usage (573072K) : fusetop has 0 polygons
2026-08-28 18:25:34 +0200: Memory Usage (573072K) : fusewindow_d has 0 polygons
2026-08-28 18:25:34 +0200: Memory Usage (573072K) : polyfuse has 0 polygons
2026-08-28 18:25:34 +0200: Memory Usage (573072K) : mvsd has 0 polygons
2026-08-28 18:25:34 +0200: Memory Usage (573072K) : mvpsd has 0 polygons
2026-08-28 18:25:34 +0200: Memory Usage (573072K) : nat has 0 polygons
2026-08-28 18:25:34 +0200: Memory Usage (573072K) : comp_dummy has 0 polygons
2026-08-28 18:25:34 +0200: Memory Usage (573072K) : poly2_dummy has 0 polygons
2026-08-28 18:25:34 +0200: Memory Usage (573072K) : schottky_diode has 0 polygons
2026-08-28 18:25:34 +0200: Memory Usage (573072K) : zener has 0 polygons
2026-08-28 18:25:34 +0200: Memory Usage (573072K) : res_mk has 0 polygons
2026-08-28 18:25:34 +0200: Memory Usage (573072K) : opc_drc has 0 polygons
2026-08-28 18:25:35 +0200: Memory Usage (573072K) : v5_xtor has 3 polygons
2026-08-28 18:25:35 +0200: Memory Usage (573072K) : cap_mk has 0 polygons
2026-08-28 18:25:35 +0200: Memory Usage (573072K) : mos_cap_mk has 0 polygons
2026-08-28 18:25:35 +0200: Memory Usage (573072K) : ind_mk has 0 polygons
2026-08-28 18:25:35 +0200: Memory Usage (573072K) : diode_mk has 26 polygons
2026-08-28 18:25:35 +0200: Memory Usage (573072K) : drc_bjt has 0 polygons
2026-08-28 18:25:35 +0200: Memory Usage (573072K) : lvs_bjt has 0 polygons
2026-08-28 18:25:35 +0200: Memory Usage (573072K) : mim_l_mk has 0 polygons
2026-08-28 18:25:35 +0200: Memory Usage (573072K) : latchup_mk has 0 polygons
2026-08-28 18:25:35 +0200: Memory Usage (573072K) : guard_ring_mk has 0 polygons
2026-08-28 18:25:35 +0200: Memory Usage (573072K) : otp_mk has 0 polygons
2026-08-28 18:25:35 +0200: Memory Usage (573072K) : mtpmark has 0 polygons
2026-08-28 18:25:35 +0200: Memory Usage (573072K) : neo_ee_mk has 0 polygons
2026-08-28 18:25:35 +0200: Memory Usage (573072K) : sramcore has 4 polygons
2026-08-28 18:25:35 +0200: Memory Usage (573072K) : lvs_rf has 0 polygons
2026-08-28 18:25:35 +0200: Memory Usage (573072K) : lvs_drain has 0 polygons
2026-08-28 18:25:35 +0200: Memory Usage (573072K) : ind_mk has 0 polygons
2026-08-28 18:25:35 +0200: Memory Usage (573072K) : hvpolyrs has 0 polygons
2026-08-28 18:25:35 +0200: Memory Usage (573072K) : lvs_io has 0 polygons
2026-08-28 18:25:35 +0200: Memory Usage (573072K) : probe_mk has 0 polygons
2026-08-28 18:25:35 +0200: Memory Usage (573072K) : esd_mk has 0 polygons
2026-08-28 18:25:35 +0200: Memory Usage (573072K) : lvs_source has 0 polygons
2026-08-28 18:25:35 +0200: Memory Usage (573072K) : well_diode_mk has 0 polygons
2026-08-28 18:25:35 +0200: Memory Usage (573072K) : ldmos_xtor has 0 polygons
2026-08-28 18:25:35 +0200: Memory Usage (573072K) : plfuse has 0 polygons
2026-08-28 18:25:35 +0200: Memory Usage (573072K) : efuse_mk has 0 polygons
2026-08-28 18:25:35 +0200: Memory Usage (573072K) : mcell_feol_mk has 0 polygons
2026-08-28 18:25:35 +0200: Memory Usage (573072K) : ymtp_mk has 0 polygons
2026-08-28 18:25:35 +0200: Memory Usage (573072K) : dev_wf_mk has 0 polygons
2026-08-28 18:25:35 +0200: Memory Usage (573072K) : comp_label has 0 polygons
2026-08-28 18:25:35 +0200: Memory Usage (573072K) : poly2_label has 0 polygons
2026-08-28 18:25:35 +0200: Memory Usage (573072K) : mdiode has 0 polygons
2026-08-28 18:25:35 +0200: Memory Usage (573072K) : ndmy has 0 polygons
2026-08-28 18:25:35 +0200: Memory Usage (573072K) : pmndmy has 0 polygons
2026-08-28 18:25:38 +0200: Memory Usage (743788K) : contact has 1380000 polygons
2026-08-28 18:25:41 +0200: Memory Usage (761728K) : metal1_drawn has 251861 polygons
2026-08-28 18:25:41 +0200: Memory Usage (761728K) : metal1_dummy has 0 polygons
2026-08-28 18:25:41 +0200: Memory Usage (761728K) : metal1_label has 0 polygons
2026-08-28 18:25:41 +0200: Memory Usage (761728K) : metal1_slot has 0 polygons
2026-08-28 18:25:41 +0200: Memory Usage (761728K) : metal1_blk has 0 polygons
2026-08-28 18:25:42 +0200: Memory Usage (768064K) : via1 has 96410 polygons
2026-08-28 18:25:42 +0200: Memory Usage (768064K) : metal2_drawn has 51071 polygons
2026-08-28 18:25:42 +0200: Memory Usage (768064K) : metal2_dummy has 0 polygons
2026-08-28 18:25:42 +0200: Memory Usage (768064K) : metal2_label has 33 polygons
2026-08-28 18:25:42 +0200: Memory Usage (768064K) : metal2_slot has 0 polygons
2026-08-28 18:25:42 +0200: Memory Usage (768064K) : metal2_blk has 0 polygons
2026-08-28 18:25:42 +0200: Memory Usage (768064K) : via2 has 93152 polygons
2026-08-28 18:25:42 +0200: Memory Usage (768064K) : metal3_drawn has 25645 polygons
2026-08-28 18:25:42 +0200: Memory Usage (768064K) : metal3_dummy has 0 polygons
2026-08-28 18:25:42 +0200: Memory Usage (768064K) : metal3_label has 0 polygons
2026-08-28 18:25:42 +0200: Memory Usage (768064K) : metal3_slot has 0 polygons
2026-08-28 18:25:42 +0200: Memory Usage (768064K) : metal3_blk has 0 polygons
2026-08-28 18:25:42 +0200: Memory Usage (768064K) : via3 has 12363 polygons
2026-08-28 18:25:42 +0200: Memory Usage (768064K) : metal4_drawn has 2332 polygons
2026-08-28 18:25:42 +0200: Memory Usage (768064K) : metal4_dummy has 0 polygons
2026-08-28 18:25:42 +0200: Memory Usage (768064K) : metal4_label has 0 polygons
2026-08-28 18:25:42 +0200: Memory Usage (768064K) : metal4_slot has 0 polygons
2026-08-28 18:25:42 +0200: Memory Usage (768064K) : metal4_blk has 0 polygons
2026-08-28 18:25:42 +0200: Memory Usage (768064K) : via4 has 2643 polygons
2026-08-28 18:25:42 +0200: Memory Usage (768064K) : metal5_drawn has 491 polygons
2026-08-28 18:25:42 +0200: Memory Usage (768064K) : metal5_dummy has 0 polygons
2026-08-28 18:25:42 +0200: Memory Usage (768064K) : metal5_label has 0 polygons
2026-08-28 18:25:42 +0200: Memory Usage (768064K) : metal5_slot has 0 polygons
2026-08-28 18:25:42 +0200: Memory Usage (768064K) : metal5_blk has 0 polygons
2026-08-28 18:25:42 +0200: Memory Usage (768064K) : pad has 0 polygons
2026-08-28 18:25:42 +0200: Memory Usage (768064K) : ubmpperi has 0 polygons
2026-08-28 18:25:42 +0200: Memory Usage (768064K) : ubmparray has 0 polygons
2026-08-28 18:25:42 +0200: Memory Usage (768064K) : ubmeplate has 0 polygons
2026-08-28 18:25:42 +0200: Memory Usage (768064K) : metal1_res has 0 polygons
2026-08-28 18:25:42 +0200: Memory Usage (768064K) : metal2_res has 0 polygons
2026-08-28 18:25:42 +0200: Memory Usage (768064K) : metal3_res has 0 polygons
2026-08-28 18:25:42 +0200: Memory Usage (768064K) : metal4_res has 0 polygons
2026-08-28 18:25:42 +0200: Memory Usage (768064K) : metal5_res has 0 polygons
2026-08-28 18:25:42 +0200: Memory Usage (768064K) : metal6_res has 0 polygons
2026-08-28 18:25:43 +0200: Memory Usage (769296K) : pr_bndry has 1 polygons
2026-08-28 18:25:43 +0200: Memory Usage (769296K) : border has 0 polygons
2026-08-28 18:25:43 +0200: Memory Usage (769296K) : Total no. of polygons in the design is 2377267
2026-08-28 18:25:43 +0200: Memory Usage (769296K) : Starting deriving base layers.
2026-08-28 18:25:55 +0200: Memory Usage (1090248K) : Construct connectivity for the design.
2026-08-28 18:25:57 +0200: Memory Usage (1122312K) : Connectivity rules enabled, Netlist object will be generated.
2026-08-28 18:26:12 +0200: Memory Usage (1442456K) : Total area of the design is 1859250.0 um^2.
2026-08-28 18:26:12 +0200: Memory Usage (1442456K) : Starting GF180MCU DRC rules.
2026-08-28 18:26:12 +0200: Memory Usage (1442456K) : Running all FEOL rules
2026-08-28 18:26:12 +0200: Memory Usage (1442456K) : Running all BEOL rules
2026-08-28 18:26:12 +0200: Memory Usage (1442456K) : Starting NWELL derivations
2026-08-28 18:26:12 +0200: Memory Usage (1442456K) : Executing rule NW.1a_LV
2026-08-28 18:26:12 +0200: Memory Usage (1442648K) : Executing rule NW.1a_MV
2026-08-28 18:26:12 +0200: Memory Usage (1442648K) : Executing rule NW.1b_LV
2026-08-28 18:26:12 +0200: Memory Usage (1442648K) : Executing rule NW.1b_MV
2026-08-28 18:26:12 +0200: Memory Usage (1442648K) : CONNECTIVITY_RULES section
2026-08-28 18:26:12 +0200: Memory Usage (1443268K) : Executing rule NW.2a_LV
2026-08-28 18:26:12 +0200: Memory Usage (1443268K) : Executing rule NW.2a_MV
2026-08-28 18:26:12 +0200: Memory Usage (1443268K) : Executing rule NW.2b_LV
2026-08-28 18:26:12 +0200: Memory Usage (1443268K) : Executing rule NW.2b_MV
2026-08-28 18:26:12 +0200: Memory Usage (1443268K) : Executing rule NW.3
2026-08-28 18:26:12 +0200: Memory Usage (1443268K) : Executing rule NW.4
2026-08-28 18:26:12 +0200: Memory Usage (1443268K) : Executing rule NW.5_LV
2026-08-28 18:26:12 +0200: Memory Usage (1443268K) : Executing rule NW.5_MV
2026-08-28 18:26:12 +0200: Memory Usage (1443268K) : Executing rule NW.6
2026-08-28 18:26:12 +0200: Memory Usage (1443268K) : nwell DRC Total Run time 40.503905697 seconds
28-Aug-2026 18:26:12 | INFO    | Running Global Foundries 180nm MCU /headless/aravindustries-repos/butterfold/butterfold_proto/physical/results/d03_ach_candidate/butterfold_top.gds checks on design via2 on cell butterfold_top:
2026-08-28 18:26:14 +0200: Memory Usage (444128K) : Starting running GF180MCU Klayout DRC runset on /headless/aravindustries-repos/butterfold/butterfold_proto/physical/results/d03_ach_candidate/butterfold_top.gds
2026-08-28 18:26:14 +0200: Memory Usage (444128K) : Ruby Version for klayout: 3.2.3
2026-08-28 18:26:14 +0200: Memory Usage (489660K) : Loading database to memory is complete.
2026-08-28 18:26:14 +0200: Memory Usage (489660K) : GF180MCU Klayout DRC runset output at: /headless/aravindustries-repos/butterfold/butterfold_proto/physical/results/d03_ach_candidate/klayout_drc_pgfix/butterfold_top_via2.lyrdb
2026-08-28 18:26:14 +0200: Memory Usage (489660K) : Evaluate switches.
2026-08-28 18:26:14 +0200: Memory Usage (489660K) : table_name selected  via2
2026-08-28 18:26:14 +0200: Memory Usage (489660K) : CONNECTIVITY_RULES enabled: false
2026-08-28 18:26:14 +0200: Memory Usage (489660K) : Wedge enabled: false
2026-08-28 18:26:14 +0200: Memory Usage (489660K) : Ball enabled: false
2026-08-28 18:26:14 +0200: Memory Usage (489660K) : Gold enabled: false
2026-08-28 18:26:14 +0200: Memory Usage (489660K) : MIM Option selected: B
2026-08-28 18:26:14 +0200: Memory Usage (489660K) : Offgrid enabled:  true
2026-08-28 18:26:14 +0200: Memory Usage (489660K) : Number of threads to use 2
2026-08-28 18:26:14 +0200: Memory Usage (489660K) : Verbose mode: false
2026-08-28 18:26:14 +0200: Memory Usage (489660K) : flat  mode is enabled for via2 table
2026-08-28 18:26:14 +0200: Memory Usage (489660K) : METAL_TOP Selected is 11K
2026-08-28 18:26:14 +0200: Memory Usage (489660K) : METAL_STACK Selected is 5LM
2026-08-28 18:26:14 +0200: Memory Usage (489660K) : FEOL enabled: true
2026-08-28 18:26:14 +0200: Memory Usage (489660K) : BEOL enabled: true
2026-08-28 18:26:14 +0200: Memory Usage (489660K) : DUMMY enabled: false
2026-08-28 18:26:14 +0200: Memory Usage (489660K) : SLOW_VIA enabled: false
2026-08-28 18:26:14 +0200: Memory Usage (489660K) : Read in polygons from layers.
2026-08-28 18:26:14 +0200: Memory Usage (527332K) : comp has 216638 polygons
2026-08-28 18:26:14 +0200: Memory Usage (527332K) : dnwell has 0 polygons
2026-08-28 18:26:15 +0200: Memory Usage (542648K) : nwell has 422 polygons
2026-08-28 18:26:15 +0200: Memory Usage (542648K) : lvpwell has 307 polygons
2026-08-28 18:26:15 +0200: Memory Usage (553736K) : dualgate has 3 polygons
2026-08-28 18:26:16 +0200: Memory Usage (554972K) : poly2 has 232293 polygons
2026-08-28 18:26:16 +0200: Memory Usage (573260K) : nplus has 1417 polygons
2026-08-28 18:26:17 +0200: Memory Usage (573260K) : pplus has 10152 polygons
2026-08-28 18:26:17 +0200: Memory Usage (573260K) : sab has 0 polygons
2026-08-28 18:26:17 +0200: Memory Usage (573260K) : esd has 0 polygons
2026-08-28 18:26:17 +0200: Memory Usage (573260K) : resistor has 0 polygons
2026-08-28 18:26:17 +0200: Memory Usage (573260K) : fhres has 0 polygons
2026-08-28 18:26:17 +0200: Memory Usage (573260K) : fusetop has 0 polygons
2026-08-28 18:26:17 +0200: Memory Usage (573260K) : fusewindow_d has 0 polygons
2026-08-28 18:26:17 +0200: Memory Usage (573260K) : polyfuse has 0 polygons
2026-08-28 18:26:17 +0200: Memory Usage (573260K) : mvsd has 0 polygons
2026-08-28 18:26:17 +0200: Memory Usage (573260K) : mvpsd has 0 polygons
2026-08-28 18:26:17 +0200: Memory Usage (573260K) : nat has 0 polygons
2026-08-28 18:26:17 +0200: Memory Usage (573260K) : comp_dummy has 0 polygons
2026-08-28 18:26:17 +0200: Memory Usage (573260K) : poly2_dummy has 0 polygons
2026-08-28 18:26:17 +0200: Memory Usage (573260K) : schottky_diode has 0 polygons
2026-08-28 18:26:17 +0200: Memory Usage (573260K) : zener has 0 polygons
2026-08-28 18:26:17 +0200: Memory Usage (573260K) : res_mk has 0 polygons
2026-08-28 18:26:17 +0200: Memory Usage (573260K) : opc_drc has 0 polygons
2026-08-28 18:26:17 +0200: Memory Usage (573260K) : v5_xtor has 3 polygons
2026-08-28 18:26:17 +0200: Memory Usage (573260K) : cap_mk has 0 polygons
2026-08-28 18:26:17 +0200: Memory Usage (573260K) : mos_cap_mk has 0 polygons
2026-08-28 18:26:17 +0200: Memory Usage (573260K) : ind_mk has 0 polygons
2026-08-28 18:26:17 +0200: Memory Usage (573260K) : diode_mk has 26 polygons
2026-08-28 18:26:17 +0200: Memory Usage (573260K) : drc_bjt has 0 polygons
2026-08-28 18:26:17 +0200: Memory Usage (573260K) : lvs_bjt has 0 polygons
2026-08-28 18:26:17 +0200: Memory Usage (573260K) : mim_l_mk has 0 polygons
2026-08-28 18:26:17 +0200: Memory Usage (573260K) : latchup_mk has 0 polygons
2026-08-28 18:26:17 +0200: Memory Usage (573260K) : guard_ring_mk has 0 polygons
2026-08-28 18:26:17 +0200: Memory Usage (573260K) : otp_mk has 0 polygons
2026-08-28 18:26:17 +0200: Memory Usage (573260K) : mtpmark has 0 polygons
2026-08-28 18:26:17 +0200: Memory Usage (573260K) : neo_ee_mk has 0 polygons
2026-08-28 18:26:17 +0200: Memory Usage (573260K) : sramcore has 4 polygons
2026-08-28 18:26:17 +0200: Memory Usage (573260K) : lvs_rf has 0 polygons
2026-08-28 18:26:17 +0200: Memory Usage (573260K) : lvs_drain has 0 polygons
2026-08-28 18:26:17 +0200: Memory Usage (573260K) : ind_mk has 0 polygons
2026-08-28 18:26:17 +0200: Memory Usage (573260K) : hvpolyrs has 0 polygons
2026-08-28 18:26:17 +0200: Memory Usage (573260K) : lvs_io has 0 polygons
2026-08-28 18:26:17 +0200: Memory Usage (573260K) : probe_mk has 0 polygons
2026-08-28 18:26:17 +0200: Memory Usage (573260K) : esd_mk has 0 polygons
2026-08-28 18:26:17 +0200: Memory Usage (573260K) : lvs_source has 0 polygons
2026-08-28 18:26:17 +0200: Memory Usage (573260K) : well_diode_mk has 0 polygons
2026-08-28 18:26:17 +0200: Memory Usage (573260K) : ldmos_xtor has 0 polygons
2026-08-28 18:26:17 +0200: Memory Usage (573260K) : plfuse has 0 polygons
2026-08-28 18:26:17 +0200: Memory Usage (573260K) : efuse_mk has 0 polygons
2026-08-28 18:26:17 +0200: Memory Usage (573260K) : mcell_feol_mk has 0 polygons
2026-08-28 18:26:17 +0200: Memory Usage (573260K) : ymtp_mk has 0 polygons
2026-08-28 18:26:17 +0200: Memory Usage (573260K) : dev_wf_mk has 0 polygons
2026-08-28 18:26:17 +0200: Memory Usage (573260K) : comp_label has 0 polygons
2026-08-28 18:26:17 +0200: Memory Usage (573260K) : poly2_label has 0 polygons
2026-08-28 18:26:17 +0200: Memory Usage (573260K) : mdiode has 0 polygons
2026-08-28 18:26:17 +0200: Memory Usage (573260K) : ndmy has 0 polygons
2026-08-28 18:26:17 +0200: Memory Usage (573260K) : pmndmy has 0 polygons
2026-08-28 18:26:20 +0200: Memory Usage (625932K) : metal1_drawn has 251861 polygons
2026-08-28 18:26:20 +0200: Memory Usage (625932K) : metal1_dummy has 0 polygons
2026-08-28 18:26:20 +0200: Memory Usage (625932K) : metal1_label has 0 polygons
2026-08-28 18:26:20 +0200: Memory Usage (625932K) : metal1_slot has 0 polygons
2026-08-28 18:26:20 +0200: Memory Usage (625932K) : metal1_blk has 0 polygons
2026-08-28 18:26:21 +0200: Memory Usage (631916K) : metal2_drawn has 51071 polygons
2026-08-28 18:26:21 +0200: Memory Usage (631916K) : metal2_dummy has 0 polygons
2026-08-28 18:26:21 +0200: Memory Usage (631916K) : metal2_label has 33 polygons
2026-08-28 18:26:21 +0200: Memory Usage (631916K) : metal2_slot has 0 polygons
2026-08-28 18:26:21 +0200: Memory Usage (631916K) : metal2_blk has 0 polygons
2026-08-28 18:26:21 +0200: Memory Usage (631916K) : via2 has 93152 polygons
2026-08-28 18:26:21 +0200: Memory Usage (631916K) : metal3_drawn has 25645 polygons
2026-08-28 18:26:21 +0200: Memory Usage (631916K) : metal3_dummy has 0 polygons
2026-08-28 18:26:21 +0200: Memory Usage (631916K) : metal3_label has 0 polygons
2026-08-28 18:26:21 +0200: Memory Usage (631916K) : metal3_slot has 0 polygons
2026-08-28 18:26:21 +0200: Memory Usage (631916K) : metal3_blk has 0 polygons
2026-08-28 18:26:21 +0200: Memory Usage (631916K) : via3 has 12363 polygons
2026-08-28 18:26:21 +0200: Memory Usage (631916K) : metal4_drawn has 2332 polygons
2026-08-28 18:26:21 +0200: Memory Usage (631916K) : metal4_dummy has 0 polygons
2026-08-28 18:26:21 +0200: Memory Usage (631916K) : metal4_label has 0 polygons
2026-08-28 18:26:21 +0200: Memory Usage (631916K) : metal4_slot has 0 polygons
2026-08-28 18:26:21 +0200: Memory Usage (631916K) : metal4_blk has 0 polygons
2026-08-28 18:26:21 +0200: Memory Usage (631916K) : via4 has 2643 polygons
2026-08-28 18:26:21 +0200: Memory Usage (631916K) : metal5_drawn has 491 polygons
2026-08-28 18:26:21 +0200: Memory Usage (631916K) : metal5_dummy has 0 polygons
2026-08-28 18:26:21 +0200: Memory Usage (631916K) : metal5_label has 0 polygons
2026-08-28 18:26:21 +0200: Memory Usage (631916K) : metal5_slot has 0 polygons
2026-08-28 18:26:21 +0200: Memory Usage (631916K) : metal5_blk has 0 polygons
2026-08-28 18:26:21 +0200: Memory Usage (631916K) : pad has 0 polygons
2026-08-28 18:26:21 +0200: Memory Usage (631916K) : ubmpperi has 0 polygons
2026-08-28 18:26:21 +0200: Memory Usage (631916K) : ubmparray has 0 polygons
2026-08-28 18:26:21 +0200: Memory Usage (631916K) : ubmeplate has 0 polygons
2026-08-28 18:26:21 +0200: Memory Usage (631916K) : metal1_res has 0 polygons
2026-08-28 18:26:21 +0200: Memory Usage (631916K) : metal2_res has 0 polygons
2026-08-28 18:26:21 +0200: Memory Usage (631916K) : metal3_res has 0 polygons
2026-08-28 18:26:21 +0200: Memory Usage (631916K) : metal4_res has 0 polygons
2026-08-28 18:26:21 +0200: Memory Usage (631916K) : metal5_res has 0 polygons
2026-08-28 18:26:21 +0200: Memory Usage (631916K) : metal6_res has 0 polygons
2026-08-28 18:26:22 +0200: Memory Usage (631916K) : pr_bndry has 1 polygons
2026-08-28 18:26:22 +0200: Memory Usage (631916K) : border has 0 polygons
2026-08-28 18:26:22 +0200: Memory Usage (631916K) : Total no. of polygons in the design is 900857
2026-08-28 18:26:22 +0200: Memory Usage (631916K) : Starting deriving base layers.
2026-08-28 18:26:34 +0200: Memory Usage (943652K) : Total area of the design is 1859250.0 um^2.
2026-08-28 18:26:34 +0200: Memory Usage (943652K) : Starting GF180MCU DRC rules.
2026-08-28 18:26:34 +0200: Memory Usage (943652K) : Running all FEOL rules
2026-08-28 18:26:34 +0200: Memory Usage (943652K) : Running all BEOL rules
2026-08-28 18:26:34 +0200: Memory Usage (943652K) : Executing rule V2.1
2026-08-28 18:26:34 +0200: Memory Usage (944212K) : Executing rule V2.2a
2026-08-28 18:26:34 +0200: Memory Usage (944404K) : Executing rule V2.2b
2026-08-28 18:26:35 +0200: Memory Usage (947220K) : Executing rule V2.3b
2026-08-28 18:26:36 +0200: Memory Usage (968708K) : Executing rule V2.3c
2026-08-28 18:26:38 +0200: Memory Usage (973828K) : Executing rule V2.3d
2026-08-28 18:26:40 +0200: Memory Usage (1292180K) : Executing rule V1.4a
2026-08-28 18:26:42 +0200: Memory Usage (1020468K) : Executing rule V2.4a
2026-08-28 18:26:42 +0200: Memory Usage (1292180K) : Executing rule V1.4b
2026-08-28 18:26:43 +0200: Memory Usage (1020468K) : Executing rule V2.4b
2026-08-28 18:26:43 +0200: Memory Usage (1020468K) : Executing rule V2.4c
2026-08-28 18:26:44 +0200: Memory Usage (1296228K) : Executing rule V1.4c
2026-08-28 18:26:47 +0200: Memory Usage (1032612K) : via2 DRC Total Run time 33.336857931 seconds
28-Aug-2026 18:26:47 | INFO    | Running Global Foundries 180nm MCU /headless/aravindustries-repos/butterfold/butterfold_proto/physical/results/d03_ach_candidate/butterfold_top.gds checks on design pplus on cell butterfold_top:
2026-08-28 18:26:48 +0200: Memory Usage (1296228K) : via1 DRC Total Run time 169.349606939 seconds
2026-08-28 18:26:49 +0200: Memory Usage (443624K) : Starting running GF180MCU Klayout DRC runset on /headless/aravindustries-repos/butterfold/butterfold_proto/physical/results/d03_ach_candidate/butterfold_top.gds
2026-08-28 18:26:49 +0200: Memory Usage (443624K) : Ruby Version for klayout: 3.2.3
2026-08-28 18:26:49 +0200: Memory Usage (489252K) : Loading database to memory is complete.
2026-08-28 18:26:49 +0200: Memory Usage (489252K) : GF180MCU Klayout DRC runset output at: /headless/aravindustries-repos/butterfold/butterfold_proto/physical/results/d03_ach_candidate/klayout_drc_pgfix/butterfold_top_pplus.lyrdb
2026-08-28 18:26:49 +0200: Memory Usage (489252K) : Evaluate switches.
2026-08-28 18:26:49 +0200: Memory Usage (489252K) : table_name selected  pplus
2026-08-28 18:26:49 +0200: Memory Usage (489252K) : CONNECTIVITY_RULES enabled: false
2026-08-28 18:26:49 +0200: Memory Usage (489252K) : Wedge enabled: false
2026-08-28 18:26:49 +0200: Memory Usage (489252K) : Ball enabled: false
2026-08-28 18:26:49 +0200: Memory Usage (489252K) : Gold enabled: false
2026-08-28 18:26:49 +0200: Memory Usage (489252K) : MIM Option selected: B
2026-08-28 18:26:49 +0200: Memory Usage (489252K) : Offgrid enabled:  true
2026-08-28 18:26:49 +0200: Memory Usage (489252K) : Number of threads to use 2
2026-08-28 18:26:49 +0200: Memory Usage (489252K) : Verbose mode: false
2026-08-28 18:26:49 +0200: Memory Usage (489252K) : flat  mode is enabled for pplus table
2026-08-28 18:26:49 +0200: Memory Usage (489252K) : METAL_TOP Selected is 11K
2026-08-28 18:26:49 +0200: Memory Usage (489252K) : METAL_STACK Selected is 5LM
2026-08-28 18:26:49 +0200: Memory Usage (489252K) : FEOL enabled: true
2026-08-28 18:26:49 +0200: Memory Usage (489252K) : BEOL enabled: true
2026-08-28 18:26:49 +0200: Memory Usage (489252K) : DUMMY enabled: false
2026-08-28 18:26:49 +0200: Memory Usage (489252K) : SLOW_VIA enabled: false
2026-08-28 18:26:49 +0200: Memory Usage (489252K) : Read in polygons from layers.
28-Aug-2026 18:26:49 | INFO    | Running Global Foundries 180nm MCU /headless/aravindustries-repos/butterfold/butterfold_proto/physical/results/d03_ach_candidate/butterfold_top.gds checks on design otp_mk on cell butterfold_top:
2026-08-28 18:26:49 +0200: Memory Usage (526888K) : comp has 216638 polygons
2026-08-28 18:26:49 +0200: Memory Usage (526888K) : dnwell has 0 polygons
2026-08-28 18:26:50 +0200: Memory Usage (542204K) : nwell has 422 polygons
2026-08-28 18:26:50 +0200: Memory Usage (542204K) : lvpwell has 307 polygons
2026-08-28 18:26:50 +0200: Memory Usage (443992K) : Starting running GF180MCU Klayout DRC runset on /headless/aravindustries-repos/butterfold/butterfold_proto/physical/results/d03_ach_candidate/butterfold_top.gds
2026-08-28 18:26:50 +0200: Memory Usage (443992K) : Ruby Version for klayout: 3.2.3
2026-08-28 18:26:50 +0200: Memory Usage (553292K) : dualgate has 3 polygons
2026-08-28 18:26:50 +0200: Memory Usage (489700K) : Loading database to memory is complete.
2026-08-28 18:26:50 +0200: Memory Usage (489700K) : GF180MCU Klayout DRC runset output at: /headless/aravindustries-repos/butterfold/butterfold_proto/physical/results/d03_ach_candidate/klayout_drc_pgfix/butterfold_top_otp_mk.lyrdb
2026-08-28 18:26:50 +0200: Memory Usage (489700K) : Evaluate switches.
2026-08-28 18:26:50 +0200: Memory Usage (489700K) : table_name selected  otp_mk
2026-08-28 18:26:50 +0200: Memory Usage (489700K) : CONNECTIVITY_RULES enabled: false
2026-08-28 18:26:50 +0200: Memory Usage (489700K) : Wedge enabled: false
2026-08-28 18:26:50 +0200: Memory Usage (489700K) : Ball enabled: false
2026-08-28 18:26:50 +0200: Memory Usage (489700K) : Gold enabled: false
2026-08-28 18:26:50 +0200: Memory Usage (489700K) : MIM Option selected: B
2026-08-28 18:26:50 +0200: Memory Usage (489700K) : Offgrid enabled:  true
2026-08-28 18:26:50 +0200: Memory Usage (489700K) : Number of threads to use 2
2026-08-28 18:26:50 +0200: Memory Usage (489700K) : Verbose mode: false
2026-08-28 18:26:50 +0200: Memory Usage (489700K) : flat  mode is enabled for otp_mk table
2026-08-28 18:26:50 +0200: Memory Usage (489700K) : METAL_TOP Selected is 11K
2026-08-28 18:26:50 +0200: Memory Usage (489700K) : METAL_STACK Selected is 5LM
2026-08-28 18:26:50 +0200: Memory Usage (489700K) : FEOL enabled: true
2026-08-28 18:26:50 +0200: Memory Usage (489700K) : BEOL enabled: true
2026-08-28 18:26:50 +0200: Memory Usage (489700K) : DUMMY enabled: false
2026-08-28 18:26:50 +0200: Memory Usage (489700K) : SLOW_VIA enabled: false
2026-08-28 18:26:50 +0200: Memory Usage (489700K) : Read in polygons from layers.
2026-08-28 18:26:51 +0200: Memory Usage (527316K) : comp has 216638 polygons
2026-08-28 18:26:51 +0200: Memory Usage (527316K) : dnwell has 0 polygons
2026-08-28 18:26:51 +0200: Memory Usage (554524K) : poly2 has 232293 polygons
2026-08-28 18:26:51 +0200: Memory Usage (542632K) : nwell has 422 polygons
2026-08-28 18:26:51 +0200: Memory Usage (542632K) : lvpwell has 307 polygons
2026-08-28 18:26:51 +0200: Memory Usage (572756K) : nplus has 1417 polygons
2026-08-28 18:26:52 +0200: Memory Usage (553720K) : dualgate has 3 polygons
2026-08-28 18:26:52 +0200: Memory Usage (572756K) : pplus has 10152 polygons
2026-08-28 18:26:52 +0200: Memory Usage (572756K) : sab has 0 polygons
2026-08-28 18:26:52 +0200: Memory Usage (572756K) : esd has 0 polygons
2026-08-28 18:26:52 +0200: Memory Usage (572756K) : resistor has 0 polygons
2026-08-28 18:26:52 +0200: Memory Usage (572756K) : fhres has 0 polygons
2026-08-28 18:26:52 +0200: Memory Usage (572756K) : fusetop has 0 polygons
2026-08-28 18:26:52 +0200: Memory Usage (572756K) : fusewindow_d has 0 polygons
2026-08-28 18:26:52 +0200: Memory Usage (572756K) : polyfuse has 0 polygons
2026-08-28 18:26:52 +0200: Memory Usage (572756K) : mvsd has 0 polygons
2026-08-28 18:26:52 +0200: Memory Usage (572756K) : mvpsd has 0 polygons
2026-08-28 18:26:52 +0200: Memory Usage (572756K) : nat has 0 polygons
2026-08-28 18:26:52 +0200: Memory Usage (572756K) : comp_dummy has 0 polygons
2026-08-28 18:26:52 +0200: Memory Usage (572756K) : poly2_dummy has 0 polygons
2026-08-28 18:26:52 +0200: Memory Usage (572756K) : schottky_diode has 0 polygons
2026-08-28 18:26:52 +0200: Memory Usage (572756K) : zener has 0 polygons
2026-08-28 18:26:52 +0200: Memory Usage (572756K) : res_mk has 0 polygons
2026-08-28 18:26:52 +0200: Memory Usage (572756K) : opc_drc has 0 polygons
2026-08-28 18:26:52 +0200: Memory Usage (572756K) : v5_xtor has 3 polygons
2026-08-28 18:26:52 +0200: Memory Usage (572756K) : cap_mk has 0 polygons
2026-08-28 18:26:52 +0200: Memory Usage (572756K) : mos_cap_mk has 0 polygons
2026-08-28 18:26:52 +0200: Memory Usage (572756K) : ind_mk has 0 polygons
2026-08-28 18:26:52 +0200: Memory Usage (572756K) : diode_mk has 26 polygons
2026-08-28 18:26:52 +0200: Memory Usage (572756K) : drc_bjt has 0 polygons
2026-08-28 18:26:52 +0200: Memory Usage (572756K) : lvs_bjt has 0 polygons
2026-08-28 18:26:52 +0200: Memory Usage (572756K) : mim_l_mk has 0 polygons
2026-08-28 18:26:52 +0200: Memory Usage (572756K) : latchup_mk has 0 polygons
2026-08-28 18:26:52 +0200: Memory Usage (572756K) : guard_ring_mk has 0 polygons
2026-08-28 18:26:52 +0200: Memory Usage (572756K) : otp_mk has 0 polygons
2026-08-28 18:26:52 +0200: Memory Usage (572756K) : mtpmark has 0 polygons
2026-08-28 18:26:52 +0200: Memory Usage (572756K) : neo_ee_mk has 0 polygons
2026-08-28 18:26:52 +0200: Memory Usage (572756K) : sramcore has 4 polygons
2026-08-28 18:26:52 +0200: Memory Usage (572756K) : lvs_rf has 0 polygons
2026-08-28 18:26:52 +0200: Memory Usage (572756K) : lvs_drain has 0 polygons
2026-08-28 18:26:52 +0200: Memory Usage (572756K) : ind_mk has 0 polygons
2026-08-28 18:26:52 +0200: Memory Usage (572756K) : hvpolyrs has 0 polygons
2026-08-28 18:26:52 +0200: Memory Usage (572756K) : lvs_io has 0 polygons
2026-08-28 18:26:52 +0200: Memory Usage (572756K) : probe_mk has 0 polygons
2026-08-28 18:26:52 +0200: Memory Usage (572756K) : esd_mk has 0 polygons
2026-08-28 18:26:52 +0200: Memory Usage (572756K) : lvs_source has 0 polygons
2026-08-28 18:26:52 +0200: Memory Usage (572756K) : well_diode_mk has 0 polygons
2026-08-28 18:26:52 +0200: Memory Usage (572756K) : ldmos_xtor has 0 polygons
2026-08-28 18:26:52 +0200: Memory Usage (572756K) : plfuse has 0 polygons
2026-08-28 18:26:52 +0200: Memory Usage (572756K) : efuse_mk has 0 polygons
2026-08-28 18:26:52 +0200: Memory Usage (572756K) : mcell_feol_mk has 0 polygons
2026-08-28 18:26:52 +0200: Memory Usage (572756K) : ymtp_mk has 0 polygons
2026-08-28 18:26:52 +0200: Memory Usage (572756K) : dev_wf_mk has 0 polygons
2026-08-28 18:26:52 +0200: Memory Usage (572756K) : comp_label has 0 polygons
2026-08-28 18:26:52 +0200: Memory Usage (572756K) : poly2_label has 0 polygons
2026-08-28 18:26:52 +0200: Memory Usage (572756K) : mdiode has 0 polygons
2026-08-28 18:26:52 +0200: Memory Usage (572756K) : ndmy has 0 polygons
2026-08-28 18:26:52 +0200: Memory Usage (572756K) : pmndmy has 0 polygons
2026-08-28 18:26:53 +0200: Memory Usage (554996K) : poly2 has 232293 polygons
2026-08-28 18:26:53 +0200: Memory Usage (580408K) : nplus has 1417 polygons
2026-08-28 18:26:53 +0200: Memory Usage (580408K) : pplus has 10152 polygons
2026-08-28 18:26:53 +0200: Memory Usage (580408K) : sab has 0 polygons
2026-08-28 18:26:53 +0200: Memory Usage (580408K) : esd has 0 polygons
2026-08-28 18:26:53 +0200: Memory Usage (580408K) : resistor has 0 polygons
2026-08-28 18:26:53 +0200: Memory Usage (580408K) : fhres has 0 polygons
2026-08-28 18:26:53 +0200: Memory Usage (580408K) : fusetop has 0 polygons
2026-08-28 18:26:53 +0200: Memory Usage (580408K) : fusewindow_d has 0 polygons
2026-08-28 18:26:53 +0200: Memory Usage (580408K) : polyfuse has 0 polygons
2026-08-28 18:26:53 +0200: Memory Usage (580408K) : mvsd has 0 polygons
2026-08-28 18:26:53 +0200: Memory Usage (580408K) : mvpsd has 0 polygons
2026-08-28 18:26:53 +0200: Memory Usage (580408K) : nat has 0 polygons
2026-08-28 18:26:53 +0200: Memory Usage (580408K) : comp_dummy has 0 polygons
2026-08-28 18:26:53 +0200: Memory Usage (580408K) : poly2_dummy has 0 polygons
2026-08-28 18:26:53 +0200: Memory Usage (580408K) : schottky_diode has 0 polygons
2026-08-28 18:26:53 +0200: Memory Usage (580408K) : zener has 0 polygons
2026-08-28 18:26:53 +0200: Memory Usage (580408K) : res_mk has 0 polygons
2026-08-28 18:26:53 +0200: Memory Usage (580408K) : opc_drc has 0 polygons
2026-08-28 18:26:53 +0200: Memory Usage (580408K) : v5_xtor has 3 polygons
2026-08-28 18:26:53 +0200: Memory Usage (580408K) : cap_mk has 0 polygons
2026-08-28 18:26:53 +0200: Memory Usage (580408K) : mos_cap_mk has 0 polygons
2026-08-28 18:26:53 +0200: Memory Usage (580408K) : ind_mk has 0 polygons
2026-08-28 18:26:53 +0200: Memory Usage (580408K) : diode_mk has 26 polygons
2026-08-28 18:26:53 +0200: Memory Usage (580408K) : drc_bjt has 0 polygons
2026-08-28 18:26:53 +0200: Memory Usage (580408K) : lvs_bjt has 0 polygons
2026-08-28 18:26:53 +0200: Memory Usage (580408K) : mim_l_mk has 0 polygons
2026-08-28 18:26:53 +0200: Memory Usage (580408K) : latchup_mk has 0 polygons
2026-08-28 18:26:53 +0200: Memory Usage (580408K) : guard_ring_mk has 0 polygons
2026-08-28 18:26:53 +0200: Memory Usage (580408K) : otp_mk has 0 polygons
2026-08-28 18:26:53 +0200: Memory Usage (580408K) : mtpmark has 0 polygons
2026-08-28 18:26:53 +0200: Memory Usage (580408K) : neo_ee_mk has 0 polygons
2026-08-28 18:26:53 +0200: Memory Usage (580408K) : sramcore has 4 polygons
2026-08-28 18:26:53 +0200: Memory Usage (580408K) : lvs_rf has 0 polygons
2026-08-28 18:26:53 +0200: Memory Usage (580408K) : lvs_drain has 0 polygons
2026-08-28 18:26:53 +0200: Memory Usage (580408K) : ind_mk has 0 polygons
2026-08-28 18:26:53 +0200: Memory Usage (580408K) : hvpolyrs has 0 polygons
2026-08-28 18:26:53 +0200: Memory Usage (580408K) : lvs_io has 0 polygons
2026-08-28 18:26:53 +0200: Memory Usage (580408K) : probe_mk has 0 polygons
2026-08-28 18:26:53 +0200: Memory Usage (580408K) : esd_mk has 0 polygons
2026-08-28 18:26:53 +0200: Memory Usage (580408K) : lvs_source has 0 polygons
2026-08-28 18:26:53 +0200: Memory Usage (580408K) : well_diode_mk has 0 polygons
2026-08-28 18:26:53 +0200: Memory Usage (580408K) : ldmos_xtor has 0 polygons
2026-08-28 18:26:53 +0200: Memory Usage (580408K) : plfuse has 0 polygons
2026-08-28 18:26:53 +0200: Memory Usage (580408K) : efuse_mk has 0 polygons
2026-08-28 18:26:54 +0200: Memory Usage (580408K) : mcell_feol_mk has 0 polygons
2026-08-28 18:26:54 +0200: Memory Usage (580408K) : ymtp_mk has 0 polygons
2026-08-28 18:26:54 +0200: Memory Usage (580408K) : dev_wf_mk has 0 polygons
2026-08-28 18:26:54 +0200: Memory Usage (580408K) : comp_label has 0 polygons
2026-08-28 18:26:54 +0200: Memory Usage (580408K) : poly2_label has 0 polygons
2026-08-28 18:26:54 +0200: Memory Usage (580408K) : mdiode has 0 polygons
2026-08-28 18:26:54 +0200: Memory Usage (580408K) : ndmy has 0 polygons
2026-08-28 18:26:54 +0200: Memory Usage (580408K) : pmndmy has 0 polygons
2026-08-28 18:26:55 +0200: Memory Usage (625360K) : metal1_drawn has 251861 polygons
2026-08-28 18:26:55 +0200: Memory Usage (625360K) : metal1_dummy has 0 polygons
2026-08-28 18:26:55 +0200: Memory Usage (625360K) : metal1_label has 0 polygons
2026-08-28 18:26:55 +0200: Memory Usage (625360K) : metal1_slot has 0 polygons
2026-08-28 18:26:55 +0200: Memory Usage (625360K) : metal1_blk has 0 polygons
2026-08-28 18:26:56 +0200: Memory Usage (631344K) : metal2_drawn has 51071 polygons
2026-08-28 18:26:56 +0200: Memory Usage (631344K) : metal2_dummy has 0 polygons
2026-08-28 18:26:56 +0200: Memory Usage (631344K) : metal2_label has 33 polygons
2026-08-28 18:26:56 +0200: Memory Usage (631344K) : metal2_slot has 0 polygons
2026-08-28 18:26:56 +0200: Memory Usage (631344K) : metal2_blk has 0 polygons
2026-08-28 18:26:56 +0200: Memory Usage (631344K) : metal3_drawn has 25645 polygons
2026-08-28 18:26:56 +0200: Memory Usage (631344K) : metal3_dummy has 0 polygons
2026-08-28 18:26:56 +0200: Memory Usage (631344K) : metal3_label has 0 polygons
2026-08-28 18:26:56 +0200: Memory Usage (631344K) : metal3_slot has 0 polygons
2026-08-28 18:26:56 +0200: Memory Usage (631344K) : metal3_blk has 0 polygons
2026-08-28 18:26:56 +0200: Memory Usage (631344K) : via3 has 12363 polygons
2026-08-28 18:26:56 +0200: Memory Usage (631344K) : metal4_drawn has 2332 polygons
2026-08-28 18:26:56 +0200: Memory Usage (631344K) : metal4_dummy has 0 polygons
2026-08-28 18:26:56 +0200: Memory Usage (631344K) : metal4_label has 0 polygons
2026-08-28 18:26:56 +0200: Memory Usage (631344K) : metal4_slot has 0 polygons
2026-08-28 18:26:56 +0200: Memory Usage (631344K) : metal4_blk has 0 polygons
2026-08-28 18:26:56 +0200: Memory Usage (631344K) : via4 has 2643 polygons
2026-08-28 18:26:56 +0200: Memory Usage (631344K) : metal5_drawn has 491 polygons
2026-08-28 18:26:56 +0200: Memory Usage (631344K) : metal5_dummy has 0 polygons
2026-08-28 18:26:56 +0200: Memory Usage (631344K) : metal5_label has 0 polygons
2026-08-28 18:26:56 +0200: Memory Usage (631344K) : metal5_slot has 0 polygons
2026-08-28 18:26:56 +0200: Memory Usage (631344K) : metal5_blk has 0 polygons
2026-08-28 18:26:56 +0200: Memory Usage (631344K) : pad has 0 polygons
2026-08-28 18:26:56 +0200: Memory Usage (631344K) : ubmpperi has 0 polygons
2026-08-28 18:26:56 +0200: Memory Usage (631344K) : ubmparray has 0 polygons
2026-08-28 18:26:56 +0200: Memory Usage (631344K) : ubmeplate has 0 polygons
2026-08-28 18:26:56 +0200: Memory Usage (631344K) : metal1_res has 0 polygons
2026-08-28 18:26:56 +0200: Memory Usage (631344K) : metal2_res has 0 polygons
2026-08-28 18:26:56 +0200: Memory Usage (631344K) : metal3_res has 0 polygons
2026-08-28 18:26:56 +0200: Memory Usage (631344K) : metal4_res has 0 polygons
2026-08-28 18:26:56 +0200: Memory Usage (631344K) : metal5_res has 0 polygons
2026-08-28 18:26:56 +0200: Memory Usage (631344K) : metal6_res has 0 polygons
2026-08-28 18:26:56 +0200: Memory Usage (631344K) : pr_bndry has 1 polygons
2026-08-28 18:26:56 +0200: Memory Usage (631344K) : border has 0 polygons
2026-08-28 18:26:56 +0200: Memory Usage (631344K) : Total no. of polygons in the design is 807705
2026-08-28 18:26:56 +0200: Memory Usage (631344K) : Starting deriving base layers.
2026-08-28 18:26:57 +0200: Memory Usage (744456K) : contact has 1380000 polygons
2026-08-28 18:27:00 +0200: Memory Usage (762556K) : metal1_drawn has 251861 polygons
2026-08-28 18:27:00 +0200: Memory Usage (762556K) : metal1_dummy has 0 polygons
2026-08-28 18:27:00 +0200: Memory Usage (762556K) : metal1_label has 0 polygons
2026-08-28 18:27:00 +0200: Memory Usage (762556K) : metal1_slot has 0 polygons
2026-08-28 18:27:00 +0200: Memory Usage (762556K) : metal1_blk has 0 polygons
2026-08-28 18:27:01 +0200: Memory Usage (768540K) : metal2_drawn has 51071 polygons
2026-08-28 18:27:01 +0200: Memory Usage (768540K) : metal2_dummy has 0 polygons
2026-08-28 18:27:01 +0200: Memory Usage (768540K) : metal2_label has 33 polygons
2026-08-28 18:27:01 +0200: Memory Usage (768540K) : metal2_slot has 0 polygons
2026-08-28 18:27:01 +0200: Memory Usage (768540K) : metal2_blk has 0 polygons
2026-08-28 18:27:01 +0200: Memory Usage (768540K) : metal3_drawn has 25645 polygons
2026-08-28 18:27:01 +0200: Memory Usage (768540K) : metal3_dummy has 0 polygons
2026-08-28 18:27:01 +0200: Memory Usage (768540K) : metal3_label has 0 polygons
2026-08-28 18:27:01 +0200: Memory Usage (768540K) : metal3_slot has 0 polygons
2026-08-28 18:27:01 +0200: Memory Usage (768540K) : metal3_blk has 0 polygons
2026-08-28 18:27:01 +0200: Memory Usage (768540K) : via3 has 12363 polygons
2026-08-28 18:27:01 +0200: Memory Usage (768540K) : metal4_drawn has 2332 polygons
2026-08-28 18:27:01 +0200: Memory Usage (768540K) : metal4_dummy has 0 polygons
2026-08-28 18:27:01 +0200: Memory Usage (768540K) : metal4_label has 0 polygons
2026-08-28 18:27:01 +0200: Memory Usage (768540K) : metal4_slot has 0 polygons
2026-08-28 18:27:01 +0200: Memory Usage (768540K) : metal4_blk has 0 polygons
2026-08-28 18:27:01 +0200: Memory Usage (768540K) : via4 has 2643 polygons
2026-08-28 18:27:01 +0200: Memory Usage (768540K) : metal5_drawn has 491 polygons
2026-08-28 18:27:01 +0200: Memory Usage (768540K) : metal5_dummy has 0 polygons
2026-08-28 18:27:01 +0200: Memory Usage (768540K) : metal5_label has 0 polygons
2026-08-28 18:27:01 +0200: Memory Usage (768540K) : metal5_slot has 0 polygons
2026-08-28 18:27:01 +0200: Memory Usage (768540K) : metal5_blk has 0 polygons
2026-08-28 18:27:01 +0200: Memory Usage (768540K) : pad has 0 polygons
2026-08-28 18:27:01 +0200: Memory Usage (768540K) : ubmpperi has 0 polygons
2026-08-28 18:27:01 +0200: Memory Usage (768540K) : ubmparray has 0 polygons
2026-08-28 18:27:01 +0200: Memory Usage (768540K) : ubmeplate has 0 polygons
2026-08-28 18:27:01 +0200: Memory Usage (768540K) : metal1_res has 0 polygons
2026-08-28 18:27:01 +0200: Memory Usage (768540K) : metal2_res has 0 polygons
2026-08-28 18:27:01 +0200: Memory Usage (768540K) : metal3_res has 0 polygons
2026-08-28 18:27:01 +0200: Memory Usage (768540K) : metal4_res has 0 polygons
2026-08-28 18:27:01 +0200: Memory Usage (768540K) : metal5_res has 0 polygons
2026-08-28 18:27:01 +0200: Memory Usage (768540K) : metal6_res has 0 polygons
2026-08-28 18:27:01 +0200: Memory Usage (770124K) : pr_bndry has 1 polygons
2026-08-28 18:27:01 +0200: Memory Usage (770124K) : border has 0 polygons
2026-08-28 18:27:01 +0200: Memory Usage (770124K) : Total no. of polygons in the design is 2187705
2026-08-28 18:27:01 +0200: Memory Usage (770124K) : Starting deriving base layers.
2026-08-28 18:27:09 +0200: Memory Usage (928264K) : Total area of the design is 1859250.0 um^2.
2026-08-28 18:27:09 +0200: Memory Usage (928264K) : Starting GF180MCU DRC rules.
2026-08-28 18:27:09 +0200: Memory Usage (928264K) : Running all FEOL rules
2026-08-28 18:27:09 +0200: Memory Usage (928264K) : Running all BEOL rules
2026-08-28 18:27:09 +0200: Memory Usage (928264K) : Starting PPLUS derivations
2026-08-28 18:27:09 +0200: Memory Usage (928628K) : Executing rule PP.1
2026-08-28 18:27:09 +0200: Memory Usage (928804K) : Executing rule PP.2
2026-08-28 18:27:09 +0200: Memory Usage (929168K) : Executing rule PP.3a
2026-08-28 18:27:10 +0200: Memory Usage (943792K) : Executing rule PP.3bi
2026-08-28 18:27:10 +0200: Memory Usage (943792K) : Executing rule PP.3bii
2026-08-28 18:27:10 +0200: Memory Usage (943792K) : Executing rule PP.3ci
2026-08-28 18:27:10 +0200: Memory Usage (950656K) : Executing rule PP.3cii
2026-08-28 18:27:10 +0200: Memory Usage (950832K) : Executing rule PP.3d
2026-08-28 18:27:11 +0200: Memory Usage (965264K) : Executing rule PP.3e
2026-08-28 18:27:11 +0200: Memory Usage (965264K) : Executing rule PP.4a
2026-08-28 18:27:12 +0200: Memory Usage (967904K) : Executing rule PP.4b
2026-08-28 18:27:14 +0200: Memory Usage (1070092K) : Total area of the design is 1859250.0 um^2.
2026-08-28 18:27:14 +0200: Memory Usage (1070092K) : Starting GF180MCU DRC rules.
2026-08-28 18:27:14 +0200: Memory Usage (1070092K) : Running all FEOL rules
2026-08-28 18:27:14 +0200: Memory Usage (1070092K) : Running all BEOL rules
2026-08-28 18:27:14 +0200: Memory Usage (1070092K) : Starting OTP_MK derivations
2026-08-28 18:27:14 +0200: Memory Usage (1070092K) : Executing rule O.DF.3a
2026-08-28 18:27:14 +0200: Memory Usage (1070308K) : Executing rule O.DF.6
2026-08-28 18:27:14 +0200: Memory Usage (1070308K) : Executing rule O.DF.9
2026-08-28 18:27:14 +0200: Memory Usage (1070504K) : Executing rule O.PL.2
2026-08-28 18:27:14 +0200: Memory Usage (1070504K) : Executing rule O.PL.3a
2026-08-28 18:27:16 +0200: Memory Usage (1223508K) : Executing rule O.PL.4
2026-08-28 18:27:16 +0200: Memory Usage (1223508K) : Executing rule O.SB.2
2026-08-28 18:27:16 +0200: Memory Usage (1223508K) : Executing rule O.SB.3
2026-08-28 18:27:16 +0200: Memory Usage (1223508K) : Executing rule O.SB.4
2026-08-28 18:27:16 +0200: Memory Usage (1223508K) : Executing rule O.SB.5b_LV
2026-08-28 18:27:16 +0200: Memory Usage (1223508K) : Executing rule O.SB.9
2026-08-28 18:27:16 +0200: Memory Usage (1223508K) : Executing rule O.SB.11
2026-08-28 18:27:16 +0200: Memory Usage (1223508K) : Executing rule O.SB.13_LV
2026-08-28 18:27:16 +0200: Memory Usage (1223508K) : Executing rule O.SB.13_MV
2026-08-28 18:27:16 +0200: Memory Usage (1223508K) : Executing rule O.CO.7
2026-08-28 18:27:16 +0200: Memory Usage (1225268K) : Executing rule O.PL.ORT
2026-08-28 18:27:16 +0200: Memory Usage (1225620K) : otp_mk DRC Total Run time 25.503499247 seconds
28-Aug-2026 18:27:16 | INFO    | Running Global Foundries 180nm MCU /headless/aravindustries-repos/butterfold/butterfold_proto/physical/results/d03_ach_candidate/butterfold_top.gds checks on design metal5 on cell butterfold_top:
2026-08-28 18:27:17 +0200: Memory Usage (1056768K) : Executing rule PP.5a
2026-08-28 18:27:17 +0200: Memory Usage (443404K) : Starting running GF180MCU Klayout DRC runset on /headless/aravindustries-repos/butterfold/butterfold_proto/physical/results/d03_ach_candidate/butterfold_top.gds
2026-08-28 18:27:17 +0200: Memory Usage (443404K) : Ruby Version for klayout: 3.2.3
2026-08-28 18:27:18 +0200: Memory Usage (488828K) : Loading database to memory is complete.
2026-08-28 18:27:18 +0200: Memory Usage (488828K) : GF180MCU Klayout DRC runset output at: /headless/aravindustries-repos/butterfold/butterfold_proto/physical/results/d03_ach_candidate/klayout_drc_pgfix/butterfold_top_metal5.lyrdb
2026-08-28 18:27:18 +0200: Memory Usage (489036K) : Evaluate switches.
2026-08-28 18:27:18 +0200: Memory Usage (489036K) : table_name selected  metal5
2026-08-28 18:27:18 +0200: Memory Usage (489036K) : CONNECTIVITY_RULES enabled: false
2026-08-28 18:27:18 +0200: Memory Usage (489036K) : Wedge enabled: false
2026-08-28 18:27:18 +0200: Memory Usage (489036K) : Ball enabled: false
2026-08-28 18:27:18 +0200: Memory Usage (489036K) : Gold enabled: false
2026-08-28 18:27:18 +0200: Memory Usage (489036K) : MIM Option selected: B
2026-08-28 18:27:18 +0200: Memory Usage (489036K) : Offgrid enabled:  true
2026-08-28 18:27:18 +0200: Memory Usage (489036K) : Number of threads to use 2
2026-08-28 18:27:18 +0200: Memory Usage (489036K) : Verbose mode: false
2026-08-28 18:27:18 +0200: Memory Usage (489036K) : flat  mode is enabled for metal5 table
2026-08-28 18:27:18 +0200: Memory Usage (489036K) : METAL_TOP Selected is 11K
2026-08-28 18:27:18 +0200: Memory Usage (489036K) : METAL_STACK Selected is 5LM
2026-08-28 18:27:18 +0200: Memory Usage (489036K) : FEOL enabled: true
2026-08-28 18:27:18 +0200: Memory Usage (489036K) : BEOL enabled: true
2026-08-28 18:27:18 +0200: Memory Usage (489036K) : DUMMY enabled: false
2026-08-28 18:27:18 +0200: Memory Usage (489036K) : SLOW_VIA enabled: false
2026-08-28 18:27:18 +0200: Memory Usage (489036K) : Read in polygons from layers.
2026-08-28 18:27:18 +0200: Memory Usage (526560K) : comp has 216638 polygons
2026-08-28 18:27:18 +0200: Memory Usage (526560K) : dnwell has 0 polygons
2026-08-28 18:27:19 +0200: Memory Usage (541876K) : nwell has 422 polygons
2026-08-28 18:27:19 +0200: Memory Usage (541876K) : lvpwell has 307 polygons
2026-08-28 18:27:19 +0200: Memory Usage (552964K) : dualgate has 3 polygons
2026-08-28 18:27:19 +0200: Memory Usage (1056768K) : Executing rule PP.5b
2026-08-28 18:27:20 +0200: Memory Usage (1056768K) : Executing rule PP.5ci
2026-08-28 18:27:20 +0200: Memory Usage (1056768K) : Executing rule PP.5cii
2026-08-28 18:27:20 +0200: Memory Usage (1056768K) : Executing rule PP.5di
2026-08-28 18:27:20 +0200: Memory Usage (554196K) : poly2 has 232293 polygons
2026-08-28 18:27:20 +0200: Memory Usage (579652K) : nplus has 1417 polygons
2026-08-28 18:27:20 +0200: Memory Usage (1056768K) : Executing rule PP.5dii
2026-08-28 18:27:21 +0200: Memory Usage (579652K) : pplus has 10152 polygons
2026-08-28 18:27:21 +0200: Memory Usage (579652K) : sab has 0 polygons
2026-08-28 18:27:21 +0200: Memory Usage (579652K) : esd has 0 polygons
2026-08-28 18:27:21 +0200: Memory Usage (579652K) : resistor has 0 polygons
2026-08-28 18:27:21 +0200: Memory Usage (579652K) : fhres has 0 polygons
2026-08-28 18:27:21 +0200: Memory Usage (579652K) : fusetop has 0 polygons
2026-08-28 18:27:21 +0200: Memory Usage (579652K) : fusewindow_d has 0 polygons
2026-08-28 18:27:21 +0200: Memory Usage (579652K) : polyfuse has 0 polygons
2026-08-28 18:27:21 +0200: Memory Usage (579652K) : mvsd has 0 polygons
2026-08-28 18:27:21 +0200: Memory Usage (579652K) : mvpsd has 0 polygons
2026-08-28 18:27:21 +0200: Memory Usage (579652K) : nat has 0 polygons
2026-08-28 18:27:21 +0200: Memory Usage (579652K) : comp_dummy has 0 polygons
2026-08-28 18:27:21 +0200: Memory Usage (579652K) : poly2_dummy has 0 polygons
2026-08-28 18:27:21 +0200: Memory Usage (579652K) : schottky_diode has 0 polygons
2026-08-28 18:27:21 +0200: Memory Usage (579652K) : zener has 0 polygons
2026-08-28 18:27:21 +0200: Memory Usage (579652K) : res_mk has 0 polygons
2026-08-28 18:27:21 +0200: Memory Usage (579652K) : opc_drc has 0 polygons
2026-08-28 18:27:21 +0200: Memory Usage (579652K) : v5_xtor has 3 polygons
2026-08-28 18:27:21 +0200: Memory Usage (579652K) : cap_mk has 0 polygons
2026-08-28 18:27:21 +0200: Memory Usage (579652K) : mos_cap_mk has 0 polygons
2026-08-28 18:27:21 +0200: Memory Usage (579652K) : ind_mk has 0 polygons
2026-08-28 18:27:21 +0200: Memory Usage (579652K) : diode_mk has 26 polygons
2026-08-28 18:27:21 +0200: Memory Usage (579652K) : drc_bjt has 0 polygons
2026-08-28 18:27:21 +0200: Memory Usage (579652K) : lvs_bjt has 0 polygons
2026-08-28 18:27:21 +0200: Memory Usage (579652K) : mim_l_mk has 0 polygons
2026-08-28 18:27:21 +0200: Memory Usage (579652K) : latchup_mk has 0 polygons
2026-08-28 18:27:21 +0200: Memory Usage (579652K) : guard_ring_mk has 0 polygons
2026-08-28 18:27:21 +0200: Memory Usage (579652K) : otp_mk has 0 polygons
2026-08-28 18:27:21 +0200: Memory Usage (579652K) : mtpmark has 0 polygons
2026-08-28 18:27:21 +0200: Memory Usage (579652K) : neo_ee_mk has 0 polygons
2026-08-28 18:27:21 +0200: Memory Usage (579652K) : sramcore has 4 polygons
2026-08-28 18:27:21 +0200: Memory Usage (579652K) : lvs_rf has 0 polygons
2026-08-28 18:27:21 +0200: Memory Usage (579652K) : lvs_drain has 0 polygons
2026-08-28 18:27:21 +0200: Memory Usage (579652K) : ind_mk has 0 polygons
2026-08-28 18:27:21 +0200: Memory Usage (579652K) : hvpolyrs has 0 polygons
2026-08-28 18:27:21 +0200: Memory Usage (579652K) : lvs_io has 0 polygons
2026-08-28 18:27:21 +0200: Memory Usage (579652K) : probe_mk has 0 polygons
2026-08-28 18:27:21 +0200: Memory Usage (579652K) : esd_mk has 0 polygons
2026-08-28 18:27:21 +0200: Memory Usage (579652K) : lvs_source has 0 polygons
2026-08-28 18:27:21 +0200: Memory Usage (579652K) : well_diode_mk has 0 polygons
2026-08-28 18:27:21 +0200: Memory Usage (579652K) : ldmos_xtor has 0 polygons
2026-08-28 18:27:21 +0200: Memory Usage (579652K) : plfuse has 0 polygons
2026-08-28 18:27:21 +0200: Memory Usage (579652K) : efuse_mk has 0 polygons
2026-08-28 18:27:21 +0200: Memory Usage (579652K) : mcell_feol_mk has 0 polygons
2026-08-28 18:27:21 +0200: Memory Usage (579652K) : ymtp_mk has 0 polygons
2026-08-28 18:27:21 +0200: Memory Usage (579652K) : dev_wf_mk has 0 polygons
2026-08-28 18:27:21 +0200: Memory Usage (579652K) : comp_label has 0 polygons
2026-08-28 18:27:21 +0200: Memory Usage (579652K) : poly2_label has 0 polygons
2026-08-28 18:27:21 +0200: Memory Usage (579652K) : mdiode has 0 polygons
2026-08-28 18:27:21 +0200: Memory Usage (579652K) : ndmy has 0 polygons
2026-08-28 18:27:21 +0200: Memory Usage (579652K) : pmndmy has 0 polygons
2026-08-28 18:27:21 +0200: Memory Usage (1056768K) : Executing rule PP.6
2026-08-28 18:27:23 +0200: Memory Usage (1056768K) : Executing rule PP.7
2026-08-28 18:27:23 +0200: Memory Usage (1056768K) : Executing rule PP.8a
2026-08-28 18:27:23 +0200: Memory Usage (1056768K) : Executing rule PP.8b
2026-08-28 18:27:23 +0200: Memory Usage (1056768K) : Executing rule PP.9
2026-08-28 18:27:23 +0200: Memory Usage (1056768K) : Executing rule PP.10
2026-08-28 18:27:23 +0200: Memory Usage (1056768K) : Executing rule PP.11
2026-08-28 18:27:23 +0200: Memory Usage (1056768K) : Executing rule PP.12
2026-08-28 18:27:24 +0200: Memory Usage (625496K) : metal1_drawn has 251861 polygons
2026-08-28 18:27:24 +0200: Memory Usage (625496K) : metal1_dummy has 0 polygons
2026-08-28 18:27:24 +0200: Memory Usage (625496K) : metal1_label has 0 polygons
2026-08-28 18:27:24 +0200: Memory Usage (625496K) : metal1_slot has 0 polygons
2026-08-28 18:27:24 +0200: Memory Usage (625496K) : metal1_blk has 0 polygons
2026-08-28 18:27:25 +0200: Memory Usage (631304K) : metal2_drawn has 51071 polygons
2026-08-28 18:27:25 +0200: Memory Usage (631304K) : metal2_dummy has 0 polygons
2026-08-28 18:27:25 +0200: Memory Usage (631304K) : metal2_label has 33 polygons
2026-08-28 18:27:25 +0200: Memory Usage (631304K) : metal2_slot has 0 polygons
2026-08-28 18:27:25 +0200: Memory Usage (631304K) : metal2_blk has 0 polygons
2026-08-28 18:27:25 +0200: Memory Usage (631304K) : metal3_drawn has 25645 polygons
2026-08-28 18:27:25 +0200: Memory Usage (631304K) : metal3_dummy has 0 polygons
2026-08-28 18:27:25 +0200: Memory Usage (631304K) : metal3_label has 0 polygons
2026-08-28 18:27:25 +0200: Memory Usage (631304K) : metal3_slot has 0 polygons
2026-08-28 18:27:25 +0200: Memory Usage (631304K) : metal3_blk has 0 polygons
2026-08-28 18:27:25 +0200: Memory Usage (631304K) : via3 has 12363 polygons
2026-08-28 18:27:25 +0200: Memory Usage (631304K) : metal4_drawn has 2332 polygons
2026-08-28 18:27:25 +0200: Memory Usage (631304K) : metal4_dummy has 0 polygons
2026-08-28 18:27:25 +0200: Memory Usage (631304K) : metal4_label has 0 polygons
2026-08-28 18:27:25 +0200: Memory Usage (631304K) : metal4_slot has 0 polygons
2026-08-28 18:27:25 +0200: Memory Usage (631304K) : metal4_blk has 0 polygons
2026-08-28 18:27:25 +0200: Memory Usage (631304K) : via4 has 2643 polygons
2026-08-28 18:27:25 +0200: Memory Usage (631304K) : metal5_drawn has 491 polygons
2026-08-28 18:27:25 +0200: Memory Usage (631304K) : metal5_dummy has 0 polygons
2026-08-28 18:27:25 +0200: Memory Usage (631304K) : metal5_label has 0 polygons
2026-08-28 18:27:25 +0200: Memory Usage (631304K) : metal5_slot has 0 polygons
2026-08-28 18:27:25 +0200: Memory Usage (631304K) : metal5_blk has 0 polygons
2026-08-28 18:27:25 +0200: Memory Usage (631304K) : pad has 0 polygons
2026-08-28 18:27:25 +0200: Memory Usage (631304K) : ubmpperi has 0 polygons
2026-08-28 18:27:25 +0200: Memory Usage (631304K) : ubmparray has 0 polygons
2026-08-28 18:27:25 +0200: Memory Usage (631304K) : ubmeplate has 0 polygons
2026-08-28 18:27:25 +0200: Memory Usage (631304K) : metal1_res has 0 polygons
2026-08-28 18:27:25 +0200: Memory Usage (631304K) : metal2_res has 0 polygons
2026-08-28 18:27:25 +0200: Memory Usage (631304K) : metal3_res has 0 polygons
2026-08-28 18:27:25 +0200: Memory Usage (631304K) : metal4_res has 0 polygons
2026-08-28 18:27:25 +0200: Memory Usage (631304K) : metal5_res has 0 polygons
2026-08-28 18:27:25 +0200: Memory Usage (631304K) : metal6_res has 0 polygons
2026-08-28 18:27:25 +0200: Memory Usage (631304K) : pr_bndry has 1 polygons
2026-08-28 18:27:25 +0200: Memory Usage (631304K) : border has 0 polygons
2026-08-28 18:27:25 +0200: Memory Usage (631304K) : Total no. of polygons in the design is 807705
2026-08-28 18:27:25 +0200: Memory Usage (631304K) : Starting deriving base layers.
2026-08-28 18:27:27 +0200: Memory Usage (1094432K) : pplus DRC Total Run time 38.189671856 seconds
28-Aug-2026 18:27:27 | INFO    | Running Global Foundries 180nm MCU /headless/aravindustries-repos/butterfold/butterfold_proto/physical/results/d03_ach_candidate/butterfold_top.gds checks on design dummy_metal5 on cell butterfold_top:
2026-08-28 18:27:29 +0200: Memory Usage (444168K) : Starting running GF180MCU Klayout DRC runset on /headless/aravindustries-repos/butterfold/butterfold_proto/physical/results/d03_ach_candidate/butterfold_top.gds
2026-08-28 18:27:29 +0200: Memory Usage (444168K) : Ruby Version for klayout: 3.2.3
2026-08-28 18:27:29 +0200: Memory Usage (489828K) : Loading database to memory is complete.
2026-08-28 18:27:29 +0200: Memory Usage (489828K) : GF180MCU Klayout DRC runset output at: /headless/aravindustries-repos/butterfold/butterfold_proto/physical/results/d03_ach_candidate/klayout_drc_pgfix/butterfold_top_dummy_metal5.lyrdb
2026-08-28 18:27:29 +0200: Memory Usage (489828K) : Evaluate switches.
2026-08-28 18:27:29 +0200: Memory Usage (489828K) : table_name selected  dummy_metal5
2026-08-28 18:27:29 +0200: Memory Usage (489828K) : CONNECTIVITY_RULES enabled: false
2026-08-28 18:27:29 +0200: Memory Usage (489828K) : Wedge enabled: false
2026-08-28 18:27:29 +0200: Memory Usage (489828K) : Ball enabled: false
2026-08-28 18:27:29 +0200: Memory Usage (489828K) : Gold enabled: false
2026-08-28 18:27:29 +0200: Memory Usage (489828K) : MIM Option selected: B
2026-08-28 18:27:29 +0200: Memory Usage (489828K) : Offgrid enabled:  true
2026-08-28 18:27:29 +0200: Memory Usage (489828K) : Number of threads to use 2
2026-08-28 18:27:29 +0200: Memory Usage (489828K) : Verbose mode: false
2026-08-28 18:27:29 +0200: Memory Usage (489828K) : flat  mode is enabled for dummy_metal5 table
2026-08-28 18:27:29 +0200: Memory Usage (489828K) : METAL_TOP Selected is 11K
2026-08-28 18:27:29 +0200: Memory Usage (489828K) : METAL_STACK Selected is 5LM
2026-08-28 18:27:29 +0200: Memory Usage (489828K) : FEOL enabled: true
2026-08-28 18:27:29 +0200: Memory Usage (489828K) : BEOL enabled: true
2026-08-28 18:27:29 +0200: Memory Usage (489828K) : DUMMY enabled: false
2026-08-28 18:27:29 +0200: Memory Usage (489828K) : SLOW_VIA enabled: false
2026-08-28 18:27:29 +0200: Memory Usage (489828K) : Read in polygons from layers.
2026-08-28 18:27:29 +0200: Memory Usage (527604K) : comp has 216638 polygons
2026-08-28 18:27:29 +0200: Memory Usage (527604K) : dnwell has 0 polygons
2026-08-28 18:27:30 +0200: Memory Usage (542920K) : nwell has 422 polygons
2026-08-28 18:27:30 +0200: Memory Usage (542920K) : lvpwell has 307 polygons
2026-08-28 18:27:30 +0200: Memory Usage (554008K) : dualgate has 3 polygons
2026-08-28 18:27:31 +0200: Memory Usage (555320K) : poly2 has 232293 polygons
2026-08-28 18:27:31 +0200: Memory Usage (573608K) : nplus has 1417 polygons
2026-08-28 18:27:32 +0200: Memory Usage (573608K) : pplus has 10152 polygons
2026-08-28 18:27:32 +0200: Memory Usage (573608K) : sab has 0 polygons
2026-08-28 18:27:32 +0200: Memory Usage (573608K) : esd has 0 polygons
2026-08-28 18:27:32 +0200: Memory Usage (573608K) : resistor has 0 polygons
2026-08-28 18:27:32 +0200: Memory Usage (573608K) : fhres has 0 polygons
2026-08-28 18:27:32 +0200: Memory Usage (573608K) : fusetop has 0 polygons
2026-08-28 18:27:32 +0200: Memory Usage (573608K) : fusewindow_d has 0 polygons
2026-08-28 18:27:32 +0200: Memory Usage (573608K) : polyfuse has 0 polygons
2026-08-28 18:27:32 +0200: Memory Usage (573608K) : mvsd has 0 polygons
2026-08-28 18:27:32 +0200: Memory Usage (573608K) : mvpsd has 0 polygons
2026-08-28 18:27:32 +0200: Memory Usage (573608K) : nat has 0 polygons
2026-08-28 18:27:32 +0200: Memory Usage (573608K) : comp_dummy has 0 polygons
2026-08-28 18:27:32 +0200: Memory Usage (573608K) : poly2_dummy has 0 polygons
2026-08-28 18:27:32 +0200: Memory Usage (573608K) : schottky_diode has 0 polygons
2026-08-28 18:27:32 +0200: Memory Usage (573608K) : zener has 0 polygons
2026-08-28 18:27:32 +0200: Memory Usage (573608K) : res_mk has 0 polygons
2026-08-28 18:27:32 +0200: Memory Usage (573608K) : opc_drc has 0 polygons
2026-08-28 18:27:32 +0200: Memory Usage (573608K) : v5_xtor has 3 polygons
2026-08-28 18:27:32 +0200: Memory Usage (573608K) : cap_mk has 0 polygons
2026-08-28 18:27:32 +0200: Memory Usage (573608K) : mos_cap_mk has 0 polygons
2026-08-28 18:27:32 +0200: Memory Usage (573608K) : ind_mk has 0 polygons
2026-08-28 18:27:32 +0200: Memory Usage (573608K) : diode_mk has 26 polygons
2026-08-28 18:27:32 +0200: Memory Usage (573608K) : drc_bjt has 0 polygons
2026-08-28 18:27:32 +0200: Memory Usage (573608K) : lvs_bjt has 0 polygons
2026-08-28 18:27:32 +0200: Memory Usage (573608K) : mim_l_mk has 0 polygons
2026-08-28 18:27:32 +0200: Memory Usage (573608K) : latchup_mk has 0 polygons
2026-08-28 18:27:32 +0200: Memory Usage (573608K) : guard_ring_mk has 0 polygons
2026-08-28 18:27:32 +0200: Memory Usage (573608K) : otp_mk has 0 polygons
2026-08-28 18:27:32 +0200: Memory Usage (573608K) : mtpmark has 0 polygons
2026-08-28 18:27:32 +0200: Memory Usage (573608K) : neo_ee_mk has 0 polygons
2026-08-28 18:27:32 +0200: Memory Usage (573608K) : sramcore has 4 polygons
2026-08-28 18:27:32 +0200: Memory Usage (573608K) : lvs_rf has 0 polygons
2026-08-28 18:27:32 +0200: Memory Usage (573608K) : lvs_drain has 0 polygons
2026-08-28 18:27:32 +0200: Memory Usage (573608K) : ind_mk has 0 polygons
2026-08-28 18:27:32 +0200: Memory Usage (573608K) : hvpolyrs has 0 polygons
2026-08-28 18:27:32 +0200: Memory Usage (573608K) : lvs_io has 0 polygons
2026-08-28 18:27:32 +0200: Memory Usage (573608K) : probe_mk has 0 polygons
2026-08-28 18:27:32 +0200: Memory Usage (573608K) : esd_mk has 0 polygons
2026-08-28 18:27:32 +0200: Memory Usage (573608K) : lvs_source has 0 polygons
2026-08-28 18:27:32 +0200: Memory Usage (573608K) : well_diode_mk has 0 polygons
2026-08-28 18:27:32 +0200: Memory Usage (573608K) : ldmos_xtor has 0 polygons
2026-08-28 18:27:32 +0200: Memory Usage (573608K) : plfuse has 0 polygons
2026-08-28 18:27:32 +0200: Memory Usage (573608K) : efuse_mk has 0 polygons
2026-08-28 18:27:32 +0200: Memory Usage (573608K) : mcell_feol_mk has 0 polygons
2026-08-28 18:27:32 +0200: Memory Usage (573608K) : ymtp_mk has 0 polygons
2026-08-28 18:27:32 +0200: Memory Usage (573608K) : dev_wf_mk has 0 polygons
2026-08-28 18:27:32 +0200: Memory Usage (573608K) : comp_label has 0 polygons
2026-08-28 18:27:32 +0200: Memory Usage (573608K) : poly2_label has 0 polygons
2026-08-28 18:27:32 +0200: Memory Usage (573608K) : mdiode has 0 polygons
2026-08-28 18:27:32 +0200: Memory Usage (573608K) : ndmy has 0 polygons
2026-08-28 18:27:32 +0200: Memory Usage (573608K) : pmndmy has 0 polygons
2026-08-28 18:27:36 +0200: Memory Usage (626364K) : metal1_drawn has 251861 polygons
2026-08-28 18:27:36 +0200: Memory Usage (626364K) : metal1_dummy has 0 polygons
2026-08-28 18:27:36 +0200: Memory Usage (626364K) : metal1_label has 0 polygons
2026-08-28 18:27:36 +0200: Memory Usage (626364K) : metal1_slot has 0 polygons
2026-08-28 18:27:36 +0200: Memory Usage (626364K) : metal1_blk has 0 polygons
2026-08-28 18:27:36 +0200: Memory Usage (632348K) : metal2_drawn has 51071 polygons
2026-08-28 18:27:36 +0200: Memory Usage (632348K) : metal2_dummy has 0 polygons
2026-08-28 18:27:36 +0200: Memory Usage (632348K) : metal2_label has 33 polygons
2026-08-28 18:27:36 +0200: Memory Usage (632348K) : metal2_slot has 0 polygons
2026-08-28 18:27:36 +0200: Memory Usage (632348K) : metal2_blk has 0 polygons
2026-08-28 18:27:36 +0200: Memory Usage (632348K) : metal3_drawn has 25645 polygons
2026-08-28 18:27:36 +0200: Memory Usage (632348K) : metal3_dummy has 0 polygons
2026-08-28 18:27:36 +0200: Memory Usage (632348K) : metal3_label has 0 polygons
2026-08-28 18:27:36 +0200: Memory Usage (632348K) : metal3_slot has 0 polygons
2026-08-28 18:27:36 +0200: Memory Usage (632348K) : metal3_blk has 0 polygons
2026-08-28 18:27:36 +0200: Memory Usage (632348K) : via3 has 12363 polygons
2026-08-28 18:27:36 +0200: Memory Usage (632348K) : metal4_drawn has 2332 polygons
2026-08-28 18:27:36 +0200: Memory Usage (632348K) : metal4_dummy has 0 polygons
2026-08-28 18:27:36 +0200: Memory Usage (632348K) : metal4_label has 0 polygons
2026-08-28 18:27:36 +0200: Memory Usage (632348K) : metal4_slot has 0 polygons
2026-08-28 18:27:36 +0200: Memory Usage (632348K) : metal4_blk has 0 polygons
2026-08-28 18:27:36 +0200: Memory Usage (632348K) : via4 has 2643 polygons
2026-08-28 18:27:36 +0200: Memory Usage (632348K) : metal5_drawn has 491 polygons
2026-08-28 18:27:36 +0200: Memory Usage (632348K) : metal5_dummy has 0 polygons
2026-08-28 18:27:36 +0200: Memory Usage (632348K) : metal5_label has 0 polygons
2026-08-28 18:27:36 +0200: Memory Usage (632348K) : metal5_slot has 0 polygons
2026-08-28 18:27:36 +0200: Memory Usage (632348K) : metal5_blk has 0 polygons
2026-08-28 18:27:36 +0200: Memory Usage (632348K) : pad has 0 polygons
2026-08-28 18:27:36 +0200: Memory Usage (632348K) : ubmpperi has 0 polygons
2026-08-28 18:27:36 +0200: Memory Usage (632348K) : ubmparray has 0 polygons
2026-08-28 18:27:36 +0200: Memory Usage (632348K) : ubmeplate has 0 polygons
2026-08-28 18:27:36 +0200: Memory Usage (632348K) : metal1_res has 0 polygons
2026-08-28 18:27:36 +0200: Memory Usage (632348K) : metal2_res has 0 polygons
2026-08-28 18:27:36 +0200: Memory Usage (632348K) : metal3_res has 0 polygons
2026-08-28 18:27:36 +0200: Memory Usage (632348K) : metal4_res has 0 polygons
2026-08-28 18:27:36 +0200: Memory Usage (632348K) : metal5_res has 0 polygons
2026-08-28 18:27:36 +0200: Memory Usage (632348K) : metal6_res has 0 polygons
2026-08-28 18:27:37 +0200: Memory Usage (632348K) : pr_bndry has 1 polygons
2026-08-28 18:27:37 +0200: Memory Usage (632348K) : border has 0 polygons
2026-08-28 18:27:37 +0200: Memory Usage (632348K) : Total no. of polygons in the design is 807705
2026-08-28 18:27:37 +0200: Memory Usage (632348K) : Starting deriving base layers.
2026-08-28 18:27:38 +0200: Memory Usage (928944K) : Total area of the design is 1859250.0 um^2.
2026-08-28 18:27:38 +0200: Memory Usage (928944K) : Starting GF180MCU DRC rules.
2026-08-28 18:27:38 +0200: Memory Usage (928944K) : Running all FEOL rules
2026-08-28 18:27:38 +0200: Memory Usage (928944K) : Running all BEOL rules
2026-08-28 18:27:38 +0200: Memory Usage (928944K) : metal5 DRC Total Run time 20.130893692 seconds
28-Aug-2026 18:27:38 | INFO    | Running Global Foundries 180nm MCU /headless/aravindustries-repos/butterfold/butterfold_proto/physical/results/d03_ach_candidate/butterfold_top.gds checks on design lres on cell butterfold_top:
2026-08-28 18:27:39 +0200: Memory Usage (443888K) : Starting running GF180MCU Klayout DRC runset on /headless/aravindustries-repos/butterfold/butterfold_proto/physical/results/d03_ach_candidate/butterfold_top.gds
2026-08-28 18:27:39 +0200: Memory Usage (443888K) : Ruby Version for klayout: 3.2.3
2026-08-28 18:27:39 +0200: Memory Usage (489416K) : Loading database to memory is complete.
2026-08-28 18:27:39 +0200: Memory Usage (489416K) : GF180MCU Klayout DRC runset output at: /headless/aravindustries-repos/butterfold/butterfold_proto/physical/results/d03_ach_candidate/klayout_drc_pgfix/butterfold_top_lres.lyrdb
2026-08-28 18:27:39 +0200: Memory Usage (489416K) : Evaluate switches.
2026-08-28 18:27:39 +0200: Memory Usage (489416K) : table_name selected  lres
2026-08-28 18:27:39 +0200: Memory Usage (489416K) : CONNECTIVITY_RULES enabled: false
2026-08-28 18:27:39 +0200: Memory Usage (489416K) : Wedge enabled: false
2026-08-28 18:27:39 +0200: Memory Usage (489416K) : Ball enabled: false
2026-08-28 18:27:39 +0200: Memory Usage (489416K) : Gold enabled: false
2026-08-28 18:27:39 +0200: Memory Usage (489416K) : MIM Option selected: B
2026-08-28 18:27:39 +0200: Memory Usage (489416K) : Offgrid enabled:  true
2026-08-28 18:27:39 +0200: Memory Usage (489416K) : Number of threads to use 2
2026-08-28 18:27:39 +0200: Memory Usage (489416K) : Verbose mode: false
2026-08-28 18:27:39 +0200: Memory Usage (489416K) : flat  mode is enabled for lres table
2026-08-28 18:27:39 +0200: Memory Usage (489416K) : METAL_TOP Selected is 11K
2026-08-28 18:27:39 +0200: Memory Usage (489416K) : METAL_STACK Selected is 5LM
2026-08-28 18:27:39 +0200: Memory Usage (489416K) : FEOL enabled: true
2026-08-28 18:27:39 +0200: Memory Usage (489416K) : BEOL enabled: true
2026-08-28 18:27:39 +0200: Memory Usage (489416K) : DUMMY enabled: false
2026-08-28 18:27:39 +0200: Memory Usage (489416K) : SLOW_VIA enabled: false
2026-08-28 18:27:39 +0200: Memory Usage (489416K) : Read in polygons from layers.
2026-08-28 18:27:40 +0200: Memory Usage (527248K) : comp has 216638 polygons
2026-08-28 18:27:40 +0200: Memory Usage (527248K) : dnwell has 0 polygons
2026-08-28 18:27:40 +0200: Memory Usage (542564K) : nwell has 422 polygons
2026-08-28 18:27:41 +0200: Memory Usage (542564K) : lvpwell has 307 polygons
2026-08-28 18:27:41 +0200: Memory Usage (553652K) : dualgate has 3 polygons
2026-08-28 18:27:42 +0200: Memory Usage (554760K) : poly2 has 232293 polygons
2026-08-28 18:27:42 +0200: Memory Usage (580216K) : nplus has 1417 polygons
2026-08-28 18:27:42 +0200: Memory Usage (580216K) : pplus has 10152 polygons
2026-08-28 18:27:42 +0200: Memory Usage (580216K) : sab has 0 polygons
2026-08-28 18:27:42 +0200: Memory Usage (580216K) : esd has 0 polygons
2026-08-28 18:27:42 +0200: Memory Usage (580216K) : resistor has 0 polygons
2026-08-28 18:27:42 +0200: Memory Usage (580216K) : fhres has 0 polygons
2026-08-28 18:27:42 +0200: Memory Usage (580216K) : fusetop has 0 polygons
2026-08-28 18:27:42 +0200: Memory Usage (580216K) : fusewindow_d has 0 polygons
2026-08-28 18:27:42 +0200: Memory Usage (580216K) : polyfuse has 0 polygons
2026-08-28 18:27:42 +0200: Memory Usage (580216K) : mvsd has 0 polygons
2026-08-28 18:27:42 +0200: Memory Usage (580216K) : mvpsd has 0 polygons
2026-08-28 18:27:42 +0200: Memory Usage (580216K) : nat has 0 polygons
2026-08-28 18:27:42 +0200: Memory Usage (580216K) : comp_dummy has 0 polygons
2026-08-28 18:27:42 +0200: Memory Usage (580216K) : poly2_dummy has 0 polygons
2026-08-28 18:27:42 +0200: Memory Usage (580216K) : schottky_diode has 0 polygons
2026-08-28 18:27:42 +0200: Memory Usage (580216K) : zener has 0 polygons
2026-08-28 18:27:42 +0200: Memory Usage (580216K) : res_mk has 0 polygons
2026-08-28 18:27:42 +0200: Memory Usage (580216K) : opc_drc has 0 polygons
2026-08-28 18:27:43 +0200: Memory Usage (580216K) : v5_xtor has 3 polygons
2026-08-28 18:27:43 +0200: Memory Usage (580216K) : cap_mk has 0 polygons
2026-08-28 18:27:43 +0200: Memory Usage (580216K) : mos_cap_mk has 0 polygons
2026-08-28 18:27:43 +0200: Memory Usage (580216K) : ind_mk has 0 polygons
2026-08-28 18:27:43 +0200: Memory Usage (580216K) : diode_mk has 26 polygons
2026-08-28 18:27:43 +0200: Memory Usage (580216K) : drc_bjt has 0 polygons
2026-08-28 18:27:43 +0200: Memory Usage (580216K) : lvs_bjt has 0 polygons
2026-08-28 18:27:43 +0200: Memory Usage (580216K) : mim_l_mk has 0 polygons
2026-08-28 18:27:43 +0200: Memory Usage (580216K) : latchup_mk has 0 polygons
2026-08-28 18:27:43 +0200: Memory Usage (580216K) : guard_ring_mk has 0 polygons
2026-08-28 18:27:43 +0200: Memory Usage (580216K) : otp_mk has 0 polygons
2026-08-28 18:27:43 +0200: Memory Usage (580216K) : mtpmark has 0 polygons
2026-08-28 18:27:43 +0200: Memory Usage (580216K) : neo_ee_mk has 0 polygons
2026-08-28 18:27:43 +0200: Memory Usage (580216K) : sramcore has 4 polygons
2026-08-28 18:27:43 +0200: Memory Usage (580216K) : lvs_rf has 0 polygons
2026-08-28 18:27:43 +0200: Memory Usage (580216K) : lvs_drain has 0 polygons
2026-08-28 18:27:43 +0200: Memory Usage (580216K) : ind_mk has 0 polygons
2026-08-28 18:27:43 +0200: Memory Usage (580216K) : hvpolyrs has 0 polygons
2026-08-28 18:27:43 +0200: Memory Usage (580216K) : lvs_io has 0 polygons
2026-08-28 18:27:43 +0200: Memory Usage (580216K) : probe_mk has 0 polygons
2026-08-28 18:27:43 +0200: Memory Usage (580216K) : esd_mk has 0 polygons
2026-08-28 18:27:43 +0200: Memory Usage (580216K) : lvs_source has 0 polygons
2026-08-28 18:27:43 +0200: Memory Usage (580216K) : well_diode_mk has 0 polygons
2026-08-28 18:27:43 +0200: Memory Usage (580216K) : ldmos_xtor has 0 polygons
2026-08-28 18:27:43 +0200: Memory Usage (580216K) : plfuse has 0 polygons
2026-08-28 18:27:43 +0200: Memory Usage (580216K) : efuse_mk has 0 polygons
2026-08-28 18:27:43 +0200: Memory Usage (580216K) : mcell_feol_mk has 0 polygons
2026-08-28 18:27:43 +0200: Memory Usage (580216K) : ymtp_mk has 0 polygons
2026-08-28 18:27:43 +0200: Memory Usage (580216K) : dev_wf_mk has 0 polygons
2026-08-28 18:27:43 +0200: Memory Usage (580216K) : comp_label has 0 polygons
2026-08-28 18:27:43 +0200: Memory Usage (580216K) : poly2_label has 0 polygons
2026-08-28 18:27:43 +0200: Memory Usage (580216K) : mdiode has 0 polygons
2026-08-28 18:27:43 +0200: Memory Usage (580216K) : ndmy has 0 polygons
2026-08-28 18:27:43 +0200: Memory Usage (580216K) : pmndmy has 0 polygons
2026-08-28 18:27:46 +0200: Memory Usage (743912K) : contact has 1380000 polygons
2026-08-28 18:27:49 +0200: Memory Usage (929340K) : Total area of the design is 1859250.0 um^2.
2026-08-28 18:27:49 +0200: Memory Usage (929340K) : Starting GF180MCU DRC rules.
2026-08-28 18:27:49 +0200: Memory Usage (929340K) : Running all FEOL rules
2026-08-28 18:27:49 +0200: Memory Usage (929340K) : Running all BEOL rules
2026-08-28 18:27:49 +0200: Memory Usage (929340K) : dummy_metal5 DRC Total Run time 20.616093761 seconds
28-Aug-2026 18:27:50 | INFO    | Running Global Foundries 180nm MCU /headless/aravindustries-repos/butterfold/butterfold_proto/physical/results/d03_ach_candidate/butterfold_top.gds checks on design metal2 on cell butterfold_top:
2026-08-28 18:27:50 +0200: Memory Usage (762016K) : metal1_drawn has 251861 polygons
2026-08-28 18:27:50 +0200: Memory Usage (762016K) : metal1_dummy has 0 polygons
2026-08-28 18:27:50 +0200: Memory Usage (762016K) : metal1_label has 0 polygons
2026-08-28 18:27:50 +0200: Memory Usage (762016K) : metal1_slot has 0 polygons
2026-08-28 18:27:50 +0200: Memory Usage (762016K) : metal1_blk has 0 polygons
2026-08-28 18:27:50 +0200: Memory Usage (768000K) : metal2_drawn has 51071 polygons
2026-08-28 18:27:50 +0200: Memory Usage (768000K) : metal2_dummy has 0 polygons
2026-08-28 18:27:50 +0200: Memory Usage (768000K) : metal2_label has 33 polygons
2026-08-28 18:27:50 +0200: Memory Usage (768000K) : metal2_slot has 0 polygons
2026-08-28 18:27:50 +0200: Memory Usage (768000K) : metal2_blk has 0 polygons
2026-08-28 18:27:50 +0200: Memory Usage (768000K) : metal3_drawn has 25645 polygons
2026-08-28 18:27:50 +0200: Memory Usage (768000K) : metal3_dummy has 0 polygons
2026-08-28 18:27:50 +0200: Memory Usage (768000K) : metal3_label has 0 polygons
2026-08-28 18:27:50 +0200: Memory Usage (768000K) : metal3_slot has 0 polygons
2026-08-28 18:27:50 +0200: Memory Usage (768000K) : metal3_blk has 0 polygons
2026-08-28 18:27:51 +0200: Memory Usage (768000K) : via3 has 12363 polygons
2026-08-28 18:27:51 +0200: Memory Usage (768000K) : metal4_drawn has 2332 polygons
2026-08-28 18:27:51 +0200: Memory Usage (768000K) : metal4_dummy has 0 polygons
2026-08-28 18:27:51 +0200: Memory Usage (768000K) : metal4_label has 0 polygons
2026-08-28 18:27:51 +0200: Memory Usage (768000K) : metal4_slot has 0 polygons
2026-08-28 18:27:51 +0200: Memory Usage (768000K) : metal4_blk has 0 polygons
2026-08-28 18:27:51 +0200: Memory Usage (768000K) : via4 has 2643 polygons
2026-08-28 18:27:51 +0200: Memory Usage (768000K) : metal5_drawn has 491 polygons
2026-08-28 18:27:51 +0200: Memory Usage (768000K) : metal5_dummy has 0 polygons
2026-08-28 18:27:51 +0200: Memory Usage (768000K) : metal5_label has 0 polygons
2026-08-28 18:27:51 +0200: Memory Usage (768000K) : metal5_slot has 0 polygons
2026-08-28 18:27:51 +0200: Memory Usage (768000K) : metal5_blk has 0 polygons
2026-08-28 18:27:51 +0200: Memory Usage (768000K) : pad has 0 polygons
2026-08-28 18:27:51 +0200: Memory Usage (768000K) : ubmpperi has 0 polygons
2026-08-28 18:27:51 +0200: Memory Usage (768000K) : ubmparray has 0 polygons
2026-08-28 18:27:51 +0200: Memory Usage (768000K) : ubmeplate has 0 polygons
2026-08-28 18:27:51 +0200: Memory Usage (768000K) : metal1_res has 0 polygons
2026-08-28 18:27:51 +0200: Memory Usage (768000K) : metal2_res has 0 polygons
2026-08-28 18:27:51 +0200: Memory Usage (768000K) : metal3_res has 0 polygons
2026-08-28 18:27:51 +0200: Memory Usage (768000K) : metal4_res has 0 polygons
2026-08-28 18:27:51 +0200: Memory Usage (768000K) : metal5_res has 0 polygons
2026-08-28 18:27:51 +0200: Memory Usage (768000K) : metal6_res has 0 polygons
2026-08-28 18:27:51 +0200: Memory Usage (769584K) : pr_bndry has 1 polygons
2026-08-28 18:27:51 +0200: Memory Usage (769584K) : border has 0 polygons
2026-08-28 18:27:51 +0200: Memory Usage (769584K) : Total no. of polygons in the design is 2187705
2026-08-28 18:27:51 +0200: Memory Usage (769584K) : Starting deriving base layers.
2026-08-28 18:27:51 +0200: Memory Usage (443584K) : Starting running GF180MCU Klayout DRC runset on /headless/aravindustries-repos/butterfold/butterfold_proto/physical/results/d03_ach_candidate/butterfold_top.gds
2026-08-28 18:27:51 +0200: Memory Usage (443584K) : Ruby Version for klayout: 3.2.3
2026-08-28 18:27:51 +0200: Memory Usage (489384K) : Loading database to memory is complete.
2026-08-28 18:27:51 +0200: Memory Usage (489384K) : GF180MCU Klayout DRC runset output at: /headless/aravindustries-repos/butterfold/butterfold_proto/physical/results/d03_ach_candidate/klayout_drc_pgfix/butterfold_top_metal2.lyrdb
2026-08-28 18:27:51 +0200: Memory Usage (489384K) : Evaluate switches.
2026-08-28 18:27:51 +0200: Memory Usage (489384K) : table_name selected  metal2
2026-08-28 18:27:51 +0200: Memory Usage (489384K) : CONNECTIVITY_RULES enabled: false
2026-08-28 18:27:51 +0200: Memory Usage (489384K) : Wedge enabled: false
2026-08-28 18:27:51 +0200: Memory Usage (489384K) : Ball enabled: false
2026-08-28 18:27:51 +0200: Memory Usage (489384K) : Gold enabled: false
2026-08-28 18:27:51 +0200: Memory Usage (489384K) : MIM Option selected: B
2026-08-28 18:27:51 +0200: Memory Usage (489384K) : Offgrid enabled:  true
2026-08-28 18:27:51 +0200: Memory Usage (489384K) : Number of threads to use 2
2026-08-28 18:27:51 +0200: Memory Usage (489384K) : Verbose mode: false
2026-08-28 18:27:51 +0200: Memory Usage (489384K) : flat  mode is enabled for metal2 table
2026-08-28 18:27:51 +0200: Memory Usage (489384K) : METAL_TOP Selected is 11K
2026-08-28 18:27:51 +0200: Memory Usage (489384K) : METAL_STACK Selected is 5LM
2026-08-28 18:27:51 +0200: Memory Usage (489384K) : FEOL enabled: true
2026-08-28 18:27:51 +0200: Memory Usage (489384K) : BEOL enabled: true
2026-08-28 18:27:51 +0200: Memory Usage (489384K) : DUMMY enabled: false
2026-08-28 18:27:51 +0200: Memory Usage (489384K) : SLOW_VIA enabled: false
2026-08-28 18:27:51 +0200: Memory Usage (489384K) : Read in polygons from layers.
2026-08-28 18:27:52 +0200: Memory Usage (526872K) : comp has 216638 polygons
2026-08-28 18:27:52 +0200: Memory Usage (526872K) : dnwell has 0 polygons
2026-08-28 18:27:52 +0200: Memory Usage (542188K) : nwell has 422 polygons
2026-08-28 18:27:52 +0200: Memory Usage (542188K) : lvpwell has 307 polygons
2026-08-28 18:27:53 +0200: Memory Usage (553276K) : dualgate has 3 polygons
2026-08-28 18:27:54 +0200: Memory Usage (554596K) : poly2 has 232293 polygons
2026-08-28 18:27:54 +0200: Memory Usage (572884K) : nplus has 1417 polygons
2026-08-28 18:27:54 +0200: Memory Usage (572884K) : pplus has 10152 polygons
2026-08-28 18:27:54 +0200: Memory Usage (572884K) : sab has 0 polygons
2026-08-28 18:27:54 +0200: Memory Usage (572884K) : esd has 0 polygons
2026-08-28 18:27:54 +0200: Memory Usage (572884K) : resistor has 0 polygons
2026-08-28 18:27:54 +0200: Memory Usage (572884K) : fhres has 0 polygons
2026-08-28 18:27:54 +0200: Memory Usage (572884K) : fusetop has 0 polygons
2026-08-28 18:27:54 +0200: Memory Usage (572884K) : fusewindow_d has 0 polygons
2026-08-28 18:27:54 +0200: Memory Usage (572884K) : polyfuse has 0 polygons
2026-08-28 18:27:54 +0200: Memory Usage (572884K) : mvsd has 0 polygons
2026-08-28 18:27:54 +0200: Memory Usage (572884K) : mvpsd has 0 polygons
2026-08-28 18:27:54 +0200: Memory Usage (572884K) : nat has 0 polygons
2026-08-28 18:27:54 +0200: Memory Usage (572884K) : comp_dummy has 0 polygons
2026-08-28 18:27:54 +0200: Memory Usage (572884K) : poly2_dummy has 0 polygons
2026-08-28 18:27:54 +0200: Memory Usage (572884K) : schottky_diode has 0 polygons
2026-08-28 18:27:54 +0200: Memory Usage (572884K) : zener has 0 polygons
2026-08-28 18:27:54 +0200: Memory Usage (572884K) : res_mk has 0 polygons
2026-08-28 18:27:54 +0200: Memory Usage (572884K) : opc_drc has 0 polygons
2026-08-28 18:27:54 +0200: Memory Usage (572884K) : v5_xtor has 3 polygons
2026-08-28 18:27:54 +0200: Memory Usage (572884K) : cap_mk has 0 polygons
2026-08-28 18:27:54 +0200: Memory Usage (572884K) : mos_cap_mk has 0 polygons
2026-08-28 18:27:54 +0200: Memory Usage (572884K) : ind_mk has 0 polygons
2026-08-28 18:27:54 +0200: Memory Usage (572884K) : diode_mk has 26 polygons
2026-08-28 18:27:54 +0200: Memory Usage (572884K) : drc_bjt has 0 polygons
2026-08-28 18:27:54 +0200: Memory Usage (572884K) : lvs_bjt has 0 polygons
2026-08-28 18:27:54 +0200: Memory Usage (572884K) : mim_l_mk has 0 polygons
2026-08-28 18:27:54 +0200: Memory Usage (572884K) : latchup_mk has 0 polygons
2026-08-28 18:27:54 +0200: Memory Usage (572884K) : guard_ring_mk has 0 polygons
2026-08-28 18:27:54 +0200: Memory Usage (572884K) : otp_mk has 0 polygons
2026-08-28 18:27:54 +0200: Memory Usage (572884K) : mtpmark has 0 polygons
2026-08-28 18:27:54 +0200: Memory Usage (572884K) : neo_ee_mk has 0 polygons
2026-08-28 18:27:54 +0200: Memory Usage (572884K) : sramcore has 4 polygons
2026-08-28 18:27:54 +0200: Memory Usage (572884K) : lvs_rf has 0 polygons
2026-08-28 18:27:54 +0200: Memory Usage (572884K) : lvs_drain has 0 polygons
2026-08-28 18:27:54 +0200: Memory Usage (572884K) : ind_mk has 0 polygons
2026-08-28 18:27:54 +0200: Memory Usage (572884K) : hvpolyrs has 0 polygons
2026-08-28 18:27:54 +0200: Memory Usage (572884K) : lvs_io has 0 polygons
2026-08-28 18:27:54 +0200: Memory Usage (572884K) : probe_mk has 0 polygons
2026-08-28 18:27:54 +0200: Memory Usage (572884K) : esd_mk has 0 polygons
2026-08-28 18:27:54 +0200: Memory Usage (572884K) : lvs_source has 0 polygons
2026-08-28 18:27:54 +0200: Memory Usage (572884K) : well_diode_mk has 0 polygons
2026-08-28 18:27:54 +0200: Memory Usage (572884K) : ldmos_xtor has 0 polygons
2026-08-28 18:27:54 +0200: Memory Usage (572884K) : plfuse has 0 polygons
2026-08-28 18:27:54 +0200: Memory Usage (572884K) : efuse_mk has 0 polygons
2026-08-28 18:27:54 +0200: Memory Usage (572884K) : mcell_feol_mk has 0 polygons
2026-08-28 18:27:54 +0200: Memory Usage (572884K) : ymtp_mk has 0 polygons
2026-08-28 18:27:54 +0200: Memory Usage (572884K) : dev_wf_mk has 0 polygons
2026-08-28 18:27:54 +0200: Memory Usage (572884K) : comp_label has 0 polygons
2026-08-28 18:27:54 +0200: Memory Usage (572884K) : poly2_label has 0 polygons
2026-08-28 18:27:54 +0200: Memory Usage (572884K) : mdiode has 0 polygons
2026-08-28 18:27:54 +0200: Memory Usage (572884K) : ndmy has 0 polygons
2026-08-28 18:27:54 +0200: Memory Usage (572884K) : pmndmy has 0 polygons
2026-08-28 18:27:58 +0200: Memory Usage (625584K) : metal1_drawn has 251861 polygons
2026-08-28 18:27:58 +0200: Memory Usage (625584K) : metal1_dummy has 0 polygons
2026-08-28 18:27:58 +0200: Memory Usage (625584K) : metal1_label has 0 polygons
2026-08-28 18:27:58 +0200: Memory Usage (625584K) : metal1_slot has 0 polygons
2026-08-28 18:27:58 +0200: Memory Usage (625584K) : metal1_blk has 0 polygons
2026-08-28 18:27:59 +0200: Memory Usage (631568K) : metal2_drawn has 51071 polygons
2026-08-28 18:27:59 +0200: Memory Usage (631568K) : metal2_dummy has 0 polygons
2026-08-28 18:27:59 +0200: Memory Usage (631568K) : metal2_label has 33 polygons
2026-08-28 18:27:59 +0200: Memory Usage (631568K) : metal2_slot has 0 polygons
2026-08-28 18:27:59 +0200: Memory Usage (631568K) : metal2_blk has 0 polygons
2026-08-28 18:27:59 +0200: Memory Usage (631568K) : metal3_drawn has 25645 polygons
2026-08-28 18:27:59 +0200: Memory Usage (631568K) : metal3_dummy has 0 polygons
2026-08-28 18:27:59 +0200: Memory Usage (631568K) : metal3_label has 0 polygons
2026-08-28 18:27:59 +0200: Memory Usage (631568K) : metal3_slot has 0 polygons
2026-08-28 18:27:59 +0200: Memory Usage (631568K) : metal3_blk has 0 polygons
2026-08-28 18:27:59 +0200: Memory Usage (631568K) : via3 has 12363 polygons
2026-08-28 18:27:59 +0200: Memory Usage (631568K) : metal4_drawn has 2332 polygons
2026-08-28 18:27:59 +0200: Memory Usage (631568K) : metal4_dummy has 0 polygons
2026-08-28 18:27:59 +0200: Memory Usage (631568K) : metal4_label has 0 polygons
2026-08-28 18:27:59 +0200: Memory Usage (631568K) : metal4_slot has 0 polygons
2026-08-28 18:27:59 +0200: Memory Usage (631568K) : metal4_blk has 0 polygons
2026-08-28 18:27:59 +0200: Memory Usage (631568K) : via4 has 2643 polygons
2026-08-28 18:27:59 +0200: Memory Usage (631568K) : metal5_drawn has 491 polygons
2026-08-28 18:27:59 +0200: Memory Usage (631568K) : metal5_dummy has 0 polygons
2026-08-28 18:27:59 +0200: Memory Usage (631568K) : metal5_label has 0 polygons
2026-08-28 18:27:59 +0200: Memory Usage (631568K) : metal5_slot has 0 polygons
2026-08-28 18:27:59 +0200: Memory Usage (631568K) : metal5_blk has 0 polygons
2026-08-28 18:27:59 +0200: Memory Usage (631568K) : pad has 0 polygons
2026-08-28 18:27:59 +0200: Memory Usage (631568K) : ubmpperi has 0 polygons
2026-08-28 18:27:59 +0200: Memory Usage (631568K) : ubmparray has 0 polygons
2026-08-28 18:27:59 +0200: Memory Usage (631568K) : ubmeplate has 0 polygons
2026-08-28 18:27:59 +0200: Memory Usage (631568K) : metal1_res has 0 polygons
2026-08-28 18:27:59 +0200: Memory Usage (631568K) : metal2_res has 0 polygons
2026-08-28 18:27:59 +0200: Memory Usage (631568K) : metal3_res has 0 polygons
2026-08-28 18:27:59 +0200: Memory Usage (631568K) : metal4_res has 0 polygons
2026-08-28 18:27:59 +0200: Memory Usage (631568K) : metal5_res has 0 polygons
2026-08-28 18:27:59 +0200: Memory Usage (631568K) : metal6_res has 0 polygons
2026-08-28 18:27:59 +0200: Memory Usage (631568K) : pr_bndry has 1 polygons
2026-08-28 18:27:59 +0200: Memory Usage (631568K) : border has 0 polygons
2026-08-28 18:27:59 +0200: Memory Usage (631568K) : Total no. of polygons in the design is 807705
2026-08-28 18:27:59 +0200: Memory Usage (631568K) : Starting deriving base layers.
2026-08-28 18:28:03 +0200: Memory Usage (1069548K) : Total area of the design is 1859250.0 um^2.
2026-08-28 18:28:03 +0200: Memory Usage (1069548K) : Starting GF180MCU DRC rules.
2026-08-28 18:28:03 +0200: Memory Usage (1069548K) : Running all FEOL rules
2026-08-28 18:28:03 +0200: Memory Usage (1069548K) : Running all BEOL rules
2026-08-28 18:28:03 +0200: Memory Usage (1069548K) : Starting LRES derivations
2026-08-28 18:28:04 +0200: Memory Usage (1069612K) : Executing rule LRES.1
2026-08-28 18:28:04 +0200: Memory Usage (1069808K) : Executing rule LRES.2
2026-08-28 18:28:04 +0200: Memory Usage (1069808K) : Executing rule LRES.3
2026-08-28 18:28:04 +0200: Memory Usage (1069808K) : Executing rule LRES.4
2026-08-28 18:28:04 +0200: Memory Usage (1069808K) : Executing rule LRES.5
2026-08-28 18:28:04 +0200: Memory Usage (1069808K) : Executing rule LRES.6
2026-08-28 18:28:04 +0200: Memory Usage (1069808K) : Executing rule LRES.7
2026-08-28 18:28:04 +0200: Memory Usage (1069808K) : Executing rule LRES.9a
2026-08-28 18:28:04 +0200: Memory Usage (1069808K) : Executing rule LRES.9b
2026-08-28 18:28:04 +0200: Memory Usage (1069808K) : lres DRC Total Run time 24.799526015 seconds
28-Aug-2026 18:28:05 | INFO    | Running Global Foundries 180nm MCU /headless/aravindustries-repos/butterfold/butterfold_proto/physical/results/d03_ach_candidate/butterfold_top.gds checks on design via3_split on cell butterfold_top:
2026-08-28 18:28:06 +0200: Memory Usage (444248K) : Starting running GF180MCU Klayout DRC runset on /headless/aravindustries-repos/butterfold/butterfold_proto/physical/results/d03_ach_candidate/butterfold_top.gds
2026-08-28 18:28:06 +0200: Memory Usage (444248K) : Ruby Version for klayout: 3.2.3
2026-08-28 18:28:06 +0200: Memory Usage (489756K) : Loading database to memory is complete.
2026-08-28 18:28:06 +0200: Memory Usage (489756K) : GF180MCU Klayout DRC runset output at: /headless/aravindustries-repos/butterfold/butterfold_proto/physical/results/d03_ach_candidate/klayout_drc_pgfix/butterfold_top_via3_split.lyrdb
2026-08-28 18:28:06 +0200: Memory Usage (489756K) : Evaluate switches.
2026-08-28 18:28:06 +0200: Memory Usage (489756K) : table_name selected  via3_split
2026-08-28 18:28:06 +0200: Memory Usage (489756K) : CONNECTIVITY_RULES enabled: false
2026-08-28 18:28:06 +0200: Memory Usage (489756K) : Wedge enabled: false
2026-08-28 18:28:06 +0200: Memory Usage (489756K) : Ball enabled: false
2026-08-28 18:28:06 +0200: Memory Usage (489756K) : Gold enabled: false
2026-08-28 18:28:06 +0200: Memory Usage (489756K) : MIM Option selected: B
2026-08-28 18:28:06 +0200: Memory Usage (489756K) : Offgrid enabled:  true
2026-08-28 18:28:06 +0200: Memory Usage (489756K) : Number of threads to use 2
2026-08-28 18:28:06 +0200: Memory Usage (489756K) : Verbose mode: false
2026-08-28 18:28:06 +0200: Memory Usage (489756K) : deep  mode is enabled for via3_split table
2026-08-28 18:28:06 +0200: Memory Usage (489756K) : METAL_TOP Selected is 11K
2026-08-28 18:28:06 +0200: Memory Usage (489756K) : METAL_STACK Selected is 5LM
2026-08-28 18:28:06 +0200: Memory Usage (489756K) : FEOL enabled: true
2026-08-28 18:28:06 +0200: Memory Usage (489756K) : BEOL enabled: true
2026-08-28 18:28:06 +0200: Memory Usage (489756K) : DUMMY enabled: false
2026-08-28 18:28:06 +0200: Memory Usage (489756K) : SLOW_VIA enabled: false
2026-08-28 18:28:06 +0200: Memory Usage (489756K) : Read in polygons from layers.
2026-08-28 18:28:06 +0200: Memory Usage (493932K) : comp has 238212 polygons
2026-08-28 18:28:06 +0200: Memory Usage (493932K) : dnwell has 0 polygons
2026-08-28 18:28:06 +0200: Memory Usage (494812K) : nwell has 65296 polygons
2026-08-28 18:28:06 +0200: Memory Usage (494812K) : lvpwell has 59032 polygons
2026-08-28 18:28:06 +0200: Memory Usage (494812K) : dualgate has 63662 polygons
2026-08-28 18:28:06 +0200: Memory Usage (494812K) : poly2 has 295257 polygons
2026-08-28 18:28:06 +0200: Memory Usage (494812K) : nplus has 65278 polygons
2026-08-28 18:28:06 +0200: Memory Usage (494812K) : pplus has 74142 polygons
2026-08-28 18:28:06 +0200: Memory Usage (494812K) : sab has 0 polygons
2026-08-28 18:28:06 +0200: Memory Usage (494812K) : esd has 0 polygons
2026-08-28 18:28:06 +0200: Memory Usage (494812K) : resistor has 0 polygons
2026-08-28 18:28:06 +0200: Memory Usage (494812K) : fhres has 0 polygons
2026-08-28 18:28:06 +0200: Memory Usage (494812K) : fusetop has 0 polygons
2026-08-28 18:28:06 +0200: Memory Usage (494812K) : fusewindow_d has 0 polygons
2026-08-28 18:28:06 +0200: Memory Usage (494812K) : polyfuse has 0 polygons
2026-08-28 18:28:06 +0200: Memory Usage (494812K) : mvsd has 0 polygons
2026-08-28 18:28:06 +0200: Memory Usage (494812K) : mvpsd has 0 polygons
2026-08-28 18:28:06 +0200: Memory Usage (494812K) : nat has 0 polygons
2026-08-28 18:28:06 +0200: Memory Usage (494812K) : comp_dummy has 0 polygons
2026-08-28 18:28:06 +0200: Memory Usage (494812K) : poly2_dummy has 0 polygons
2026-08-28 18:28:06 +0200: Memory Usage (494812K) : schottky_diode has 0 polygons
2026-08-28 18:28:06 +0200: Memory Usage (494812K) : zener has 0 polygons
2026-08-28 18:28:06 +0200: Memory Usage (494812K) : res_mk has 0 polygons
2026-08-28 18:28:06 +0200: Memory Usage (494812K) : opc_drc has 0 polygons
2026-08-28 18:28:06 +0200: Memory Usage (495692K) : v5_xtor has 63664 polygons
2026-08-28 18:28:06 +0200: Memory Usage (495692K) : cap_mk has 0 polygons
2026-08-28 18:28:06 +0200: Memory Usage (495692K) : mos_cap_mk has 0 polygons
2026-08-28 18:28:06 +0200: Memory Usage (495692K) : ind_mk has 0 polygons
2026-08-28 18:28:06 +0200: Memory Usage (495868K) : diode_mk has 26 polygons
2026-08-28 18:28:06 +0200: Memory Usage (495868K) : drc_bjt has 0 polygons
2026-08-28 18:28:06 +0200: Memory Usage (495868K) : lvs_bjt has 0 polygons
2026-08-28 18:28:06 +0200: Memory Usage (495868K) : mim_l_mk has 0 polygons
2026-08-28 18:28:06 +0200: Memory Usage (495868K) : latchup_mk has 0 polygons
2026-08-28 18:28:06 +0200: Memory Usage (495868K) : guard_ring_mk has 0 polygons
2026-08-28 18:28:06 +0200: Memory Usage (495868K) : otp_mk has 0 polygons
2026-08-28 18:28:06 +0200: Memory Usage (495868K) : mtpmark has 0 polygons
2026-08-28 18:28:06 +0200: Memory Usage (495868K) : neo_ee_mk has 0 polygons
2026-08-28 18:28:06 +0200: Memory Usage (496220K) : sramcore has 5300 polygons
2026-08-28 18:28:06 +0200: Memory Usage (496220K) : lvs_rf has 0 polygons
2026-08-28 18:28:06 +0200: Memory Usage (496220K) : lvs_drain has 0 polygons
2026-08-28 18:28:06 +0200: Memory Usage (496220K) : ind_mk has 0 polygons
2026-08-28 18:28:06 +0200: Memory Usage (496220K) : hvpolyrs has 0 polygons
2026-08-28 18:28:06 +0200: Memory Usage (496220K) : lvs_io has 0 polygons
2026-08-28 18:28:06 +0200: Memory Usage (496220K) : probe_mk has 0 polygons
2026-08-28 18:28:06 +0200: Memory Usage (496220K) : esd_mk has 0 polygons
2026-08-28 18:28:06 +0200: Memory Usage (496220K) : lvs_source has 0 polygons
2026-08-28 18:28:06 +0200: Memory Usage (496220K) : well_diode_mk has 0 polygons
2026-08-28 18:28:06 +0200: Memory Usage (496220K) : ldmos_xtor has 0 polygons
2026-08-28 18:28:06 +0200: Memory Usage (496220K) : plfuse has 0 polygons
2026-08-28 18:28:06 +0200: Memory Usage (496220K) : efuse_mk has 0 polygons
2026-08-28 18:28:06 +0200: Memory Usage (496220K) : mcell_feol_mk has 0 polygons
2026-08-28 18:28:06 +0200: Memory Usage (496220K) : ymtp_mk has 0 polygons
2026-08-28 18:28:06 +0200: Memory Usage (496220K) : dev_wf_mk has 0 polygons
2026-08-28 18:28:06 +0200: Memory Usage (496220K) : comp_label has 0 polygons
2026-08-28 18:28:06 +0200: Memory Usage (496220K) : poly2_label has 0 polygons
2026-08-28 18:28:06 +0200: Memory Usage (496220K) : mdiode has 0 polygons
2026-08-28 18:28:06 +0200: Memory Usage (496220K) : ndmy has 0 polygons
2026-08-28 18:28:06 +0200: Memory Usage (496220K) : pmndmy has 0 polygons
2026-08-28 18:28:07 +0200: Memory Usage (497628K) : metal1_drawn has 588093 polygons
2026-08-28 18:28:07 +0200: Memory Usage (497628K) : metal1_dummy has 0 polygons
2026-08-28 18:28:07 +0200: Memory Usage (499212K) : metal1_label has 0 polygons
2026-08-28 18:28:07 +0200: Memory Usage (499212K) : metal1_slot has 0 polygons
2026-08-28 18:28:07 +0200: Memory Usage (499212K) : metal1_blk has 0 polygons
2026-08-28 18:28:07 +0200: Memory Usage (500092K) : metal2_drawn has 95143 polygons
2026-08-28 18:28:07 +0200: Memory Usage (500092K) : metal2_dummy has 0 polygons
2026-08-28 18:28:07 +0200: Memory Usage (500972K) : metal2_label has 33 polygons
2026-08-28 18:28:07 +0200: Memory Usage (500972K) : metal2_slot has 0 polygons
2026-08-28 18:28:07 +0200: Memory Usage (500972K) : metal2_blk has 0 polygons
2026-08-28 18:28:07 +0200: Memory Usage (500972K) : metal3_drawn has 45990 polygons
2026-08-28 18:28:07 +0200: Memory Usage (500972K) : metal3_dummy has 0 polygons
2026-08-28 18:28:07 +0200: Memory Usage (501852K) : metal3_label has 0 polygons
2026-08-28 18:28:07 +0200: Memory Usage (501852K) : metal3_slot has 0 polygons
2026-08-28 18:28:07 +0200: Memory Usage (501852K) : metal3_blk has 0 polygons
2026-08-28 18:28:07 +0200: Memory Usage (501852K) : via3 has 12363 polygons
2026-08-28 18:28:07 +0200: Memory Usage (501852K) : metal4_drawn has 2406 polygons
2026-08-28 18:28:07 +0200: Memory Usage (501852K) : metal4_dummy has 0 polygons
2026-08-28 18:28:07 +0200: Memory Usage (501852K) : metal4_label has 0 polygons
2026-08-28 18:28:07 +0200: Memory Usage (501852K) : metal4_slot has 0 polygons
2026-08-28 18:28:07 +0200: Memory Usage (501852K) : metal4_blk has 0 polygons
2026-08-28 18:28:07 +0200: Memory Usage (501852K) : via4 has 2643 polygons
2026-08-28 18:28:07 +0200: Memory Usage (501852K) : metal5_drawn has 513 polygons
2026-08-28 18:28:07 +0200: Memory Usage (501852K) : metal5_dummy has 0 polygons
2026-08-28 18:28:07 +0200: Memory Usage (502028K) : metal5_label has 0 polygons
2026-08-28 18:28:07 +0200: Memory Usage (502028K) : metal5_slot has 0 polygons
2026-08-28 18:28:07 +0200: Memory Usage (502028K) : metal5_blk has 0 polygons
2026-08-28 18:28:07 +0200: Memory Usage (502204K) : pad has 0 polygons
2026-08-28 18:28:07 +0200: Memory Usage (502204K) : ubmpperi has 0 polygons
2026-08-28 18:28:07 +0200: Memory Usage (502204K) : ubmparray has 0 polygons
2026-08-28 18:28:07 +0200: Memory Usage (502204K) : ubmeplate has 0 polygons
2026-08-28 18:28:07 +0200: Memory Usage (502380K) : metal1_res has 0 polygons
2026-08-28 18:28:07 +0200: Memory Usage (502380K) : metal2_res has 0 polygons
2026-08-28 18:28:07 +0200: Memory Usage (502380K) : metal3_res has 0 polygons
2026-08-28 18:28:07 +0200: Memory Usage (502380K) : metal4_res has 0 polygons
2026-08-28 18:28:07 +0200: Memory Usage (502556K) : metal5_res has 0 polygons
2026-08-28 18:28:07 +0200: Memory Usage (502556K) : metal6_res has 0 polygons
2026-08-28 18:28:07 +0200: Memory Usage (503260K) : pr_bndry has 64345 polygons
2026-08-28 18:28:07 +0200: Memory Usage (503260K) : border has 0 polygons
2026-08-28 18:28:07 +0200: Memory Usage (503260K) : Total no. of polygons in the design is 1741398
2026-08-28 18:28:07 +0200: Memory Usage (503260K) : Starting deriving base layers.
2026-08-28 18:28:12 +0200: Memory Usage (932936K) : Total area of the design is 1859250.0 um^2.
2026-08-28 18:28:12 +0200: Memory Usage (932936K) : Starting GF180MCU DRC rules.
2026-08-28 18:28:12 +0200: Memory Usage (932936K) : Running all FEOL rules
2026-08-28 18:28:12 +0200: Memory Usage (932936K) : Running all BEOL rules
2026-08-28 18:28:12 +0200: Memory Usage (932936K) : Executing rule M2.1
2026-08-28 18:28:12 +0200: Memory Usage (933128K) : Executing rule M2.2a
2026-08-28 18:28:14 +0200: Memory Usage (549648K) : Total area of the design is 1859250.0 um^2.
2026-08-28 18:28:14 +0200: Memory Usage (549648K) : Starting GF180MCU DRC rules.
2026-08-28 18:28:14 +0200: Memory Usage (549648K) : Running all FEOL rules
2026-08-28 18:28:14 +0200: Memory Usage (549648K) : Running all BEOL rules
2026-08-28 18:28:14 +0200: Memory Usage (549648K) : via3_split DRC Total Run time 8.557492892 seconds
28-Aug-2026 18:28:15 | INFO    | Running Global Foundries 180nm MCU /headless/aravindustries-repos/butterfold/butterfold_proto/physical/results/d03_ach_candidate/butterfold_top.gds checks on design dualgate on cell butterfold_top:
2026-08-28 18:28:15 +0200: Memory Usage (933752K) : Executing rule M2.2b
2026-08-28 18:28:15 +0200: Memory Usage (933752K) : Executing rule M2.3
2026-08-28 18:28:15 +0200: Memory Usage (933752K) : metal2 DRC Total Run time 24.252102512 seconds
28-Aug-2026 18:28:16 | INFO    | Running Global Foundries 180nm MCU /headless/aravindustries-repos/butterfold/butterfold_proto/physical/results/d03_ach_candidate/butterfold_top.gds checks on design dnwell on cell butterfold_top:
2026-08-28 18:28:16 +0200: Memory Usage (443868K) : Starting running GF180MCU Klayout DRC runset on /headless/aravindustries-repos/butterfold/butterfold_proto/physical/results/d03_ach_candidate/butterfold_top.gds
2026-08-28 18:28:16 +0200: Memory Usage (443868K) : Ruby Version for klayout: 3.2.3
2026-08-28 18:28:16 +0200: Memory Usage (489724K) : Loading database to memory is complete.
2026-08-28 18:28:16 +0200: Memory Usage (489724K) : GF180MCU Klayout DRC runset output at: /headless/aravindustries-repos/butterfold/butterfold_proto/physical/results/d03_ach_candidate/klayout_drc_pgfix/butterfold_top_dualgate.lyrdb
2026-08-28 18:28:16 +0200: Memory Usage (489724K) : Evaluate switches.
2026-08-28 18:28:16 +0200: Memory Usage (489724K) : table_name selected  dualgate
2026-08-28 18:28:16 +0200: Memory Usage (489724K) : CONNECTIVITY_RULES enabled: false
2026-08-28 18:28:16 +0200: Memory Usage (489724K) : Wedge enabled: false
2026-08-28 18:28:16 +0200: Memory Usage (489724K) : Ball enabled: false
2026-08-28 18:28:16 +0200: Memory Usage (489724K) : Gold enabled: false
2026-08-28 18:28:16 +0200: Memory Usage (489724K) : MIM Option selected: B
2026-08-28 18:28:16 +0200: Memory Usage (489724K) : Offgrid enabled:  true
2026-08-28 18:28:16 +0200: Memory Usage (489724K) : Number of threads to use 2
2026-08-28 18:28:16 +0200: Memory Usage (489724K) : Verbose mode: false
2026-08-28 18:28:16 +0200: Memory Usage (489724K) : flat  mode is enabled for dualgate table
2026-08-28 18:28:16 +0200: Memory Usage (489724K) : METAL_TOP Selected is 11K
2026-08-28 18:28:16 +0200: Memory Usage (489724K) : METAL_STACK Selected is 5LM
2026-08-28 18:28:16 +0200: Memory Usage (489724K) : FEOL enabled: true
2026-08-28 18:28:16 +0200: Memory Usage (489724K) : BEOL enabled: true
2026-08-28 18:28:16 +0200: Memory Usage (489724K) : DUMMY enabled: false
2026-08-28 18:28:16 +0200: Memory Usage (489724K) : SLOW_VIA enabled: false
2026-08-28 18:28:16 +0200: Memory Usage (489724K) : Read in polygons from layers.
2026-08-28 18:28:17 +0200: Memory Usage (527396K) : comp has 216638 polygons
2026-08-28 18:28:17 +0200: Memory Usage (527396K) : dnwell has 0 polygons
2026-08-28 18:28:17 +0200: Memory Usage (443120K) : Starting running GF180MCU Klayout DRC runset on /headless/aravindustries-repos/butterfold/butterfold_proto/physical/results/d03_ach_candidate/butterfold_top.gds
2026-08-28 18:28:17 +0200: Memory Usage (443120K) : Ruby Version for klayout: 3.2.3
2026-08-28 18:28:17 +0200: Memory Usage (488740K) : Loading database to memory is complete.
2026-08-28 18:28:17 +0200: Memory Usage (488740K) : GF180MCU Klayout DRC runset output at: /headless/aravindustries-repos/butterfold/butterfold_proto/physical/results/d03_ach_candidate/klayout_drc_pgfix/butterfold_top_dnwell.lyrdb
2026-08-28 18:28:17 +0200: Memory Usage (488740K) : Evaluate switches.
2026-08-28 18:28:17 +0200: Memory Usage (488740K) : table_name selected  dnwell
2026-08-28 18:28:17 +0200: Memory Usage (488740K) : CONNECTIVITY_RULES enabled: true
2026-08-28 18:28:17 +0200: Memory Usage (488740K) : Wedge enabled: false
2026-08-28 18:28:17 +0200: Memory Usage (488740K) : Ball enabled: false
2026-08-28 18:28:17 +0200: Memory Usage (488740K) : Gold enabled: false
2026-08-28 18:28:17 +0200: Memory Usage (488740K) : MIM Option selected: B
2026-08-28 18:28:17 +0200: Memory Usage (488740K) : Offgrid enabled:  true
2026-08-28 18:28:17 +0200: Memory Usage (488740K) : Number of threads to use 2
2026-08-28 18:28:17 +0200: Memory Usage (488740K) : Verbose mode: false
2026-08-28 18:28:17 +0200: Memory Usage (488740K) : flat  mode is enabled for dnwell table
2026-08-28 18:28:17 +0200: Memory Usage (488740K) : METAL_TOP Selected is 11K
2026-08-28 18:28:17 +0200: Memory Usage (488740K) : METAL_STACK Selected is 5LM
2026-08-28 18:28:17 +0200: Memory Usage (488740K) : FEOL enabled: true
2026-08-28 18:28:17 +0200: Memory Usage (488740K) : BEOL enabled: true
2026-08-28 18:28:17 +0200: Memory Usage (488740K) : DUMMY enabled: false
2026-08-28 18:28:17 +0200: Memory Usage (488740K) : SLOW_VIA enabled: false
2026-08-28 18:28:17 +0200: Memory Usage (488740K) : Read in polygons from layers.
2026-08-28 18:28:17 +0200: Memory Usage (542712K) : nwell has 422 polygons
2026-08-28 18:28:17 +0200: Memory Usage (542712K) : lvpwell has 307 polygons
2026-08-28 18:28:18 +0200: Memory Usage (553800K) : dualgate has 3 polygons
2026-08-28 18:28:18 +0200: Memory Usage (526316K) : comp has 216638 polygons
2026-08-28 18:28:18 +0200: Memory Usage (526316K) : dnwell has 0 polygons
2026-08-28 18:28:18 +0200: Memory Usage (541632K) : nwell has 422 polygons
2026-08-28 18:28:18 +0200: Memory Usage (541632K) : lvpwell has 307 polygons
2026-08-28 18:28:18 +0200: Memory Usage (552720K) : dualgate has 3 polygons
2026-08-28 18:28:19 +0200: Memory Usage (555032K) : poly2 has 232293 polygons
2026-08-28 18:28:19 +0200: Memory Usage (580488K) : nplus has 1417 polygons
2026-08-28 18:28:19 +0200: Memory Usage (580488K) : pplus has 10152 polygons
2026-08-28 18:28:19 +0200: Memory Usage (580488K) : sab has 0 polygons
2026-08-28 18:28:19 +0200: Memory Usage (580488K) : esd has 0 polygons
2026-08-28 18:28:19 +0200: Memory Usage (580488K) : resistor has 0 polygons
2026-08-28 18:28:19 +0200: Memory Usage (580488K) : fhres has 0 polygons
2026-08-28 18:28:19 +0200: Memory Usage (580488K) : fusetop has 0 polygons
2026-08-28 18:28:19 +0200: Memory Usage (580488K) : fusewindow_d has 0 polygons
2026-08-28 18:28:19 +0200: Memory Usage (580488K) : polyfuse has 0 polygons
2026-08-28 18:28:19 +0200: Memory Usage (580488K) : mvsd has 0 polygons
2026-08-28 18:28:19 +0200: Memory Usage (580488K) : mvpsd has 0 polygons
2026-08-28 18:28:19 +0200: Memory Usage (580488K) : nat has 0 polygons
2026-08-28 18:28:19 +0200: Memory Usage (580488K) : comp_dummy has 0 polygons
2026-08-28 18:28:19 +0200: Memory Usage (580488K) : poly2_dummy has 0 polygons
2026-08-28 18:28:19 +0200: Memory Usage (580488K) : schottky_diode has 0 polygons
2026-08-28 18:28:19 +0200: Memory Usage (580488K) : zener has 0 polygons
2026-08-28 18:28:19 +0200: Memory Usage (580488K) : res_mk has 0 polygons
2026-08-28 18:28:19 +0200: Memory Usage (580488K) : opc_drc has 0 polygons
2026-08-28 18:28:19 +0200: Memory Usage (580488K) : v5_xtor has 3 polygons
2026-08-28 18:28:19 +0200: Memory Usage (580488K) : cap_mk has 0 polygons
2026-08-28 18:28:19 +0200: Memory Usage (580488K) : mos_cap_mk has 0 polygons
2026-08-28 18:28:19 +0200: Memory Usage (580488K) : ind_mk has 0 polygons
2026-08-28 18:28:19 +0200: Memory Usage (580488K) : diode_mk has 26 polygons
2026-08-28 18:28:19 +0200: Memory Usage (580488K) : drc_bjt has 0 polygons
2026-08-28 18:28:19 +0200: Memory Usage (580488K) : lvs_bjt has 0 polygons
2026-08-28 18:28:19 +0200: Memory Usage (580488K) : mim_l_mk has 0 polygons
2026-08-28 18:28:19 +0200: Memory Usage (580488K) : latchup_mk has 0 polygons
2026-08-28 18:28:19 +0200: Memory Usage (580488K) : guard_ring_mk has 0 polygons
2026-08-28 18:28:19 +0200: Memory Usage (580488K) : otp_mk has 0 polygons
2026-08-28 18:28:19 +0200: Memory Usage (580488K) : mtpmark has 0 polygons
2026-08-28 18:28:19 +0200: Memory Usage (580488K) : neo_ee_mk has 0 polygons
2026-08-28 18:28:19 +0200: Memory Usage (580488K) : sramcore has 4 polygons
2026-08-28 18:28:19 +0200: Memory Usage (580488K) : lvs_rf has 0 polygons
2026-08-28 18:28:19 +0200: Memory Usage (580488K) : lvs_drain has 0 polygons
2026-08-28 18:28:19 +0200: Memory Usage (580488K) : ind_mk has 0 polygons
2026-08-28 18:28:19 +0200: Memory Usage (580488K) : hvpolyrs has 0 polygons
2026-08-28 18:28:19 +0200: Memory Usage (580488K) : lvs_io has 0 polygons
2026-08-28 18:28:19 +0200: Memory Usage (580488K) : probe_mk has 0 polygons
2026-08-28 18:28:19 +0200: Memory Usage (580488K) : esd_mk has 0 polygons
2026-08-28 18:28:19 +0200: Memory Usage (580488K) : lvs_source has 0 polygons
2026-08-28 18:28:19 +0200: Memory Usage (580488K) : well_diode_mk has 0 polygons
2026-08-28 18:28:19 +0200: Memory Usage (580488K) : ldmos_xtor has 0 polygons
2026-08-28 18:28:19 +0200: Memory Usage (580488K) : plfuse has 0 polygons
2026-08-28 18:28:19 +0200: Memory Usage (580488K) : efuse_mk has 0 polygons
2026-08-28 18:28:19 +0200: Memory Usage (580488K) : mcell_feol_mk has 0 polygons
2026-08-28 18:28:19 +0200: Memory Usage (580488K) : ymtp_mk has 0 polygons
2026-08-28 18:28:19 +0200: Memory Usage (580488K) : dev_wf_mk has 0 polygons
2026-08-28 18:28:19 +0200: Memory Usage (580488K) : comp_label has 0 polygons
2026-08-28 18:28:19 +0200: Memory Usage (580488K) : poly2_label has 0 polygons
2026-08-28 18:28:19 +0200: Memory Usage (580488K) : mdiode has 0 polygons
2026-08-28 18:28:19 +0200: Memory Usage (580488K) : ndmy has 0 polygons
2026-08-28 18:28:19 +0200: Memory Usage (580488K) : pmndmy has 0 polygons
2026-08-28 18:28:19 +0200: Memory Usage (553956K) : poly2 has 232293 polygons
2026-08-28 18:28:20 +0200: Memory Usage (579412K) : nplus has 1417 polygons
2026-08-28 18:28:20 +0200: Memory Usage (579412K) : pplus has 10152 polygons
2026-08-28 18:28:20 +0200: Memory Usage (579412K) : sab has 0 polygons
2026-08-28 18:28:20 +0200: Memory Usage (579412K) : esd has 0 polygons
2026-08-28 18:28:20 +0200: Memory Usage (579412K) : resistor has 0 polygons
2026-08-28 18:28:20 +0200: Memory Usage (579412K) : fhres has 0 polygons
2026-08-28 18:28:20 +0200: Memory Usage (579412K) : fusetop has 0 polygons
2026-08-28 18:28:20 +0200: Memory Usage (579412K) : fusewindow_d has 0 polygons
2026-08-28 18:28:20 +0200: Memory Usage (579412K) : polyfuse has 0 polygons
2026-08-28 18:28:20 +0200: Memory Usage (579412K) : mvsd has 0 polygons
2026-08-28 18:28:20 +0200: Memory Usage (579412K) : mvpsd has 0 polygons
2026-08-28 18:28:20 +0200: Memory Usage (579412K) : nat has 0 polygons
2026-08-28 18:28:20 +0200: Memory Usage (579412K) : comp_dummy has 0 polygons
2026-08-28 18:28:20 +0200: Memory Usage (579412K) : poly2_dummy has 0 polygons
2026-08-28 18:28:20 +0200: Memory Usage (579412K) : schottky_diode has 0 polygons
2026-08-28 18:28:20 +0200: Memory Usage (579412K) : zener has 0 polygons
2026-08-28 18:28:20 +0200: Memory Usage (579412K) : res_mk has 0 polygons
2026-08-28 18:28:20 +0200: Memory Usage (579412K) : opc_drc has 0 polygons
2026-08-28 18:28:20 +0200: Memory Usage (579412K) : v5_xtor has 3 polygons
2026-08-28 18:28:20 +0200: Memory Usage (579412K) : cap_mk has 0 polygons
2026-08-28 18:28:20 +0200: Memory Usage (579412K) : mos_cap_mk has 0 polygons
2026-08-28 18:28:20 +0200: Memory Usage (579412K) : ind_mk has 0 polygons
2026-08-28 18:28:20 +0200: Memory Usage (579412K) : diode_mk has 26 polygons
2026-08-28 18:28:20 +0200: Memory Usage (579412K) : drc_bjt has 0 polygons
2026-08-28 18:28:20 +0200: Memory Usage (579412K) : lvs_bjt has 0 polygons
2026-08-28 18:28:20 +0200: Memory Usage (579412K) : mim_l_mk has 0 polygons
2026-08-28 18:28:20 +0200: Memory Usage (579412K) : latchup_mk has 0 polygons
2026-08-28 18:28:20 +0200: Memory Usage (579412K) : guard_ring_mk has 0 polygons
2026-08-28 18:28:20 +0200: Memory Usage (579412K) : otp_mk has 0 polygons
2026-08-28 18:28:20 +0200: Memory Usage (579412K) : mtpmark has 0 polygons
2026-08-28 18:28:20 +0200: Memory Usage (579412K) : neo_ee_mk has 0 polygons
2026-08-28 18:28:20 +0200: Memory Usage (579412K) : sramcore has 4 polygons
2026-08-28 18:28:20 +0200: Memory Usage (579412K) : lvs_rf has 0 polygons
2026-08-28 18:28:20 +0200: Memory Usage (579412K) : lvs_drain has 0 polygons
2026-08-28 18:28:20 +0200: Memory Usage (579412K) : ind_mk has 0 polygons
2026-08-28 18:28:20 +0200: Memory Usage (579412K) : hvpolyrs has 0 polygons
2026-08-28 18:28:20 +0200: Memory Usage (579412K) : lvs_io has 0 polygons
2026-08-28 18:28:20 +0200: Memory Usage (579412K) : probe_mk has 0 polygons
2026-08-28 18:28:20 +0200: Memory Usage (579412K) : esd_mk has 0 polygons
2026-08-28 18:28:20 +0200: Memory Usage (579412K) : lvs_source has 0 polygons
2026-08-28 18:28:20 +0200: Memory Usage (579412K) : well_diode_mk has 0 polygons
2026-08-28 18:28:20 +0200: Memory Usage (579412K) : ldmos_xtor has 0 polygons
2026-08-28 18:28:20 +0200: Memory Usage (579412K) : plfuse has 0 polygons
2026-08-28 18:28:20 +0200: Memory Usage (579412K) : efuse_mk has 0 polygons
2026-08-28 18:28:20 +0200: Memory Usage (579412K) : mcell_feol_mk has 0 polygons
2026-08-28 18:28:20 +0200: Memory Usage (579412K) : ymtp_mk has 0 polygons
2026-08-28 18:28:20 +0200: Memory Usage (579412K) : dev_wf_mk has 0 polygons
2026-08-28 18:28:20 +0200: Memory Usage (579412K) : comp_label has 0 polygons
2026-08-28 18:28:20 +0200: Memory Usage (579412K) : poly2_label has 0 polygons
2026-08-28 18:28:20 +0200: Memory Usage (579412K) : mdiode has 0 polygons
2026-08-28 18:28:20 +0200: Memory Usage (579412K) : ndmy has 0 polygons
2026-08-28 18:28:20 +0200: Memory Usage (579412K) : pmndmy has 0 polygons
2026-08-28 18:28:23 +0200: Memory Usage (626144K) : metal1_drawn has 251861 polygons
2026-08-28 18:28:23 +0200: Memory Usage (626144K) : metal1_dummy has 0 polygons
2026-08-28 18:28:23 +0200: Memory Usage (626144K) : metal1_label has 0 polygons
2026-08-28 18:28:23 +0200: Memory Usage (626144K) : metal1_slot has 0 polygons
2026-08-28 18:28:23 +0200: Memory Usage (626144K) : metal1_blk has 0 polygons
2026-08-28 18:28:23 +0200: Memory Usage (632128K) : metal2_drawn has 51071 polygons
2026-08-28 18:28:23 +0200: Memory Usage (632128K) : metal2_dummy has 0 polygons
2026-08-28 18:28:23 +0200: Memory Usage (632128K) : metal2_label has 33 polygons
2026-08-28 18:28:23 +0200: Memory Usage (632128K) : metal2_slot has 0 polygons
2026-08-28 18:28:23 +0200: Memory Usage (632128K) : metal2_blk has 0 polygons
2026-08-28 18:28:24 +0200: Memory Usage (632128K) : metal3_drawn has 25645 polygons
2026-08-28 18:28:24 +0200: Memory Usage (632128K) : metal3_dummy has 0 polygons
2026-08-28 18:28:24 +0200: Memory Usage (632128K) : metal3_label has 0 polygons
2026-08-28 18:28:24 +0200: Memory Usage (632128K) : metal3_slot has 0 polygons
2026-08-28 18:28:24 +0200: Memory Usage (632128K) : metal3_blk has 0 polygons
2026-08-28 18:28:24 +0200: Memory Usage (632128K) : via3 has 12363 polygons
2026-08-28 18:28:24 +0200: Memory Usage (632128K) : metal4_drawn has 2332 polygons
2026-08-28 18:28:24 +0200: Memory Usage (632128K) : metal4_dummy has 0 polygons
2026-08-28 18:28:24 +0200: Memory Usage (632128K) : metal4_label has 0 polygons
2026-08-28 18:28:24 +0200: Memory Usage (632128K) : metal4_slot has 0 polygons
2026-08-28 18:28:24 +0200: Memory Usage (632128K) : metal4_blk has 0 polygons
2026-08-28 18:28:24 +0200: Memory Usage (632128K) : via4 has 2643 polygons
2026-08-28 18:28:24 +0200: Memory Usage (743372K) : contact has 1380000 polygons
2026-08-28 18:28:24 +0200: Memory Usage (632128K) : metal5_drawn has 491 polygons
2026-08-28 18:28:24 +0200: Memory Usage (632128K) : metal5_dummy has 0 polygons
2026-08-28 18:28:24 +0200: Memory Usage (632128K) : metal5_label has 0 polygons
2026-08-28 18:28:24 +0200: Memory Usage (632128K) : metal5_slot has 0 polygons
2026-08-28 18:28:24 +0200: Memory Usage (632128K) : metal5_blk has 0 polygons
2026-08-28 18:28:24 +0200: Memory Usage (632128K) : pad has 0 polygons
2026-08-28 18:28:24 +0200: Memory Usage (632128K) : ubmpperi has 0 polygons
2026-08-28 18:28:24 +0200: Memory Usage (632128K) : ubmparray has 0 polygons
2026-08-28 18:28:24 +0200: Memory Usage (632128K) : ubmeplate has 0 polygons
2026-08-28 18:28:24 +0200: Memory Usage (632128K) : metal1_res has 0 polygons
2026-08-28 18:28:24 +0200: Memory Usage (632128K) : metal2_res has 0 polygons
2026-08-28 18:28:24 +0200: Memory Usage (632128K) : metal3_res has 0 polygons
2026-08-28 18:28:24 +0200: Memory Usage (632128K) : metal4_res has 0 polygons
2026-08-28 18:28:24 +0200: Memory Usage (632128K) : metal5_res has 0 polygons
2026-08-28 18:28:24 +0200: Memory Usage (632128K) : metal6_res has 0 polygons
2026-08-28 18:28:24 +0200: Memory Usage (632128K) : pr_bndry has 1 polygons
2026-08-28 18:28:24 +0200: Memory Usage (632128K) : border has 0 polygons
2026-08-28 18:28:24 +0200: Memory Usage (632128K) : Total no. of polygons in the design is 807705
2026-08-28 18:28:24 +0200: Memory Usage (632128K) : Starting deriving base layers.
2026-08-28 18:28:27 +0200: Memory Usage (761444K) : metal1_drawn has 251861 polygons
2026-08-28 18:28:27 +0200: Memory Usage (761444K) : metal1_dummy has 0 polygons
2026-08-28 18:28:27 +0200: Memory Usage (761444K) : metal1_label has 0 polygons
2026-08-28 18:28:27 +0200: Memory Usage (761444K) : metal1_slot has 0 polygons
2026-08-28 18:28:27 +0200: Memory Usage (761444K) : metal1_blk has 0 polygons
2026-08-28 18:28:27 +0200: Memory Usage (767604K) : via1 has 96410 polygons
2026-08-28 18:28:28 +0200: Memory Usage (767604K) : metal2_drawn has 51071 polygons
2026-08-28 18:28:28 +0200: Memory Usage (767604K) : metal2_dummy has 0 polygons
2026-08-28 18:28:28 +0200: Memory Usage (767604K) : metal2_label has 33 polygons
2026-08-28 18:28:28 +0200: Memory Usage (767604K) : metal2_slot has 0 polygons
2026-08-28 18:28:28 +0200: Memory Usage (767604K) : metal2_blk has 0 polygons
2026-08-28 18:28:28 +0200: Memory Usage (767604K) : via2 has 93152 polygons
2026-08-28 18:28:28 +0200: Memory Usage (767604K) : metal3_drawn has 25645 polygons
2026-08-28 18:28:28 +0200: Memory Usage (767604K) : metal3_dummy has 0 polygons
2026-08-28 18:28:28 +0200: Memory Usage (767604K) : metal3_label has 0 polygons
2026-08-28 18:28:28 +0200: Memory Usage (767604K) : metal3_slot has 0 polygons
2026-08-28 18:28:28 +0200: Memory Usage (767604K) : metal3_blk has 0 polygons
2026-08-28 18:28:28 +0200: Memory Usage (767604K) : via3 has 12363 polygons
2026-08-28 18:28:28 +0200: Memory Usage (767604K) : metal4_drawn has 2332 polygons
2026-08-28 18:28:28 +0200: Memory Usage (767604K) : metal4_dummy has 0 polygons
2026-08-28 18:28:28 +0200: Memory Usage (767604K) : metal4_label has 0 polygons
2026-08-28 18:28:28 +0200: Memory Usage (767604K) : metal4_slot has 0 polygons
2026-08-28 18:28:28 +0200: Memory Usage (767604K) : metal4_blk has 0 polygons
2026-08-28 18:28:28 +0200: Memory Usage (767604K) : via4 has 2643 polygons
2026-08-28 18:28:28 +0200: Memory Usage (767604K) : metal5_drawn has 491 polygons
2026-08-28 18:28:28 +0200: Memory Usage (767604K) : metal5_dummy has 0 polygons
2026-08-28 18:28:28 +0200: Memory Usage (767604K) : metal5_label has 0 polygons
2026-08-28 18:28:28 +0200: Memory Usage (767604K) : metal5_slot has 0 polygons
2026-08-28 18:28:28 +0200: Memory Usage (767604K) : metal5_blk has 0 polygons
2026-08-28 18:28:28 +0200: Memory Usage (767604K) : pad has 0 polygons
2026-08-28 18:28:28 +0200: Memory Usage (767604K) : ubmpperi has 0 polygons
2026-08-28 18:28:28 +0200: Memory Usage (767604K) : ubmparray has 0 polygons
2026-08-28 18:28:28 +0200: Memory Usage (767604K) : ubmeplate has 0 polygons
2026-08-28 18:28:28 +0200: Memory Usage (767604K) : metal1_res has 0 polygons
2026-08-28 18:28:28 +0200: Memory Usage (767604K) : metal2_res has 0 polygons
2026-08-28 18:28:28 +0200: Memory Usage (767604K) : metal3_res has 0 polygons
2026-08-28 18:28:28 +0200: Memory Usage (767604K) : metal4_res has 0 polygons
2026-08-28 18:28:28 +0200: Memory Usage (767604K) : metal5_res has 0 polygons
2026-08-28 18:28:28 +0200: Memory Usage (767604K) : metal6_res has 0 polygons
2026-08-28 18:28:29 +0200: Memory Usage (768836K) : pr_bndry has 1 polygons
2026-08-28 18:28:29 +0200: Memory Usage (768836K) : border has 0 polygons
2026-08-28 18:28:29 +0200: Memory Usage (768836K) : Total no. of polygons in the design is 2377267
2026-08-28 18:28:29 +0200: Memory Usage (768836K) : Starting deriving base layers.
2026-08-28 18:28:36 +0200: Memory Usage (933412K) : Total area of the design is 1859250.0 um^2.
2026-08-28 18:28:36 +0200: Memory Usage (933412K) : Starting GF180MCU DRC rules.
2026-08-28 18:28:36 +0200: Memory Usage (933412K) : Running all FEOL rules
2026-08-28 18:28:36 +0200: Memory Usage (933412K) : Running all BEOL rules
2026-08-28 18:28:36 +0200: Memory Usage (933412K) : Executing rule DV.1
2026-08-28 18:28:36 +0200: Memory Usage (933840K) : Executing rule DV.2
2026-08-28 18:28:36 +0200: Memory Usage (934032K) : Executing rule DV.3
2026-08-28 18:28:37 +0200: Memory Usage (956692K) : Executing rule DV.5
2026-08-28 18:28:38 +0200: Memory Usage (963908K) : Executing rule DV.6
2026-08-28 18:28:40 +0200: Memory Usage (1025068K) : Executing rule DV.7
2026-08-28 18:28:41 +0200: Memory Usage (1089868K) : Construct connectivity for the design.
2026-08-28 18:28:42 +0200: Memory Usage (1025116K) : Executing rule DV.8
2026-08-28 18:28:44 +0200: Memory Usage (1121948K) : Connectivity rules enabled, Netlist object will be generated.
2026-08-28 18:28:46 +0200: Memory Usage (1025180K) : Executing rule DV.9
2026-08-28 18:28:48 +0200: Memory Usage (1038904K) : dualgate DRC Total Run time 32.362040285 seconds
28-Aug-2026 18:28:49 | INFO    | Running Global Foundries 180nm MCU /headless/aravindustries-repos/butterfold/butterfold_proto/physical/results/d03_ach_candidate/butterfold_top.gds checks on design drc_bjt on cell butterfold_top:
2026-08-28 18:28:50 +0200: Memory Usage (444040K) : Starting running GF180MCU Klayout DRC runset on /headless/aravindustries-repos/butterfold/butterfold_proto/physical/results/d03_ach_candidate/butterfold_top.gds
2026-08-28 18:28:50 +0200: Memory Usage (444040K) : Ruby Version for klayout: 3.2.3
2026-08-28 18:28:50 +0200: Memory Usage (489508K) : Loading database to memory is complete.
2026-08-28 18:28:50 +0200: Memory Usage (489508K) : GF180MCU Klayout DRC runset output at: /headless/aravindustries-repos/butterfold/butterfold_proto/physical/results/d03_ach_candidate/klayout_drc_pgfix/butterfold_top_drc_bjt.lyrdb
2026-08-28 18:28:50 +0200: Memory Usage (489700K) : Evaluate switches.
2026-08-28 18:28:50 +0200: Memory Usage (489700K) : table_name selected  drc_bjt
2026-08-28 18:28:50 +0200: Memory Usage (489700K) : CONNECTIVITY_RULES enabled: false
2026-08-28 18:28:50 +0200: Memory Usage (489700K) : Wedge enabled: false
2026-08-28 18:28:50 +0200: Memory Usage (489700K) : Ball enabled: false
2026-08-28 18:28:50 +0200: Memory Usage (489700K) : Gold enabled: false
2026-08-28 18:28:50 +0200: Memory Usage (489700K) : MIM Option selected: B
2026-08-28 18:28:50 +0200: Memory Usage (489700K) : Offgrid enabled:  true
2026-08-28 18:28:50 +0200: Memory Usage (489700K) : Number of threads to use 2
2026-08-28 18:28:50 +0200: Memory Usage (489700K) : Verbose mode: false
2026-08-28 18:28:50 +0200: Memory Usage (489700K) : flat  mode is enabled for drc_bjt table
2026-08-28 18:28:50 +0200: Memory Usage (489700K) : METAL_TOP Selected is 11K
2026-08-28 18:28:50 +0200: Memory Usage (489700K) : METAL_STACK Selected is 5LM
2026-08-28 18:28:50 +0200: Memory Usage (489700K) : FEOL enabled: true
2026-08-28 18:28:50 +0200: Memory Usage (489700K) : BEOL enabled: true
2026-08-28 18:28:50 +0200: Memory Usage (489700K) : DUMMY enabled: false
2026-08-28 18:28:50 +0200: Memory Usage (489700K) : SLOW_VIA enabled: false
2026-08-28 18:28:50 +0200: Memory Usage (489700K) : Read in polygons from layers.
2026-08-28 18:28:51 +0200: Memory Usage (527200K) : comp has 216638 polygons
2026-08-28 18:28:51 +0200: Memory Usage (527200K) : dnwell has 0 polygons
2026-08-28 18:28:51 +0200: Memory Usage (542680K) : nwell has 422 polygons
2026-08-28 18:28:51 +0200: Memory Usage (542680K) : lvpwell has 307 polygons
2026-08-28 18:28:52 +0200: Memory Usage (553592K) : dualgate has 3 polygons
2026-08-28 18:28:53 +0200: Memory Usage (554844K) : poly2 has 232293 polygons
2026-08-28 18:28:53 +0200: Memory Usage (580492K) : nplus has 1417 polygons
2026-08-28 18:28:53 +0200: Memory Usage (580492K) : pplus has 10152 polygons
2026-08-28 18:28:53 +0200: Memory Usage (580492K) : sab has 0 polygons
2026-08-28 18:28:53 +0200: Memory Usage (580492K) : esd has 0 polygons
2026-08-28 18:28:53 +0200: Memory Usage (580492K) : resistor has 0 polygons
2026-08-28 18:28:53 +0200: Memory Usage (580492K) : fhres has 0 polygons
2026-08-28 18:28:53 +0200: Memory Usage (580492K) : fusetop has 0 polygons
2026-08-28 18:28:53 +0200: Memory Usage (580492K) : fusewindow_d has 0 polygons
2026-08-28 18:28:53 +0200: Memory Usage (580492K) : polyfuse has 0 polygons
2026-08-28 18:28:53 +0200: Memory Usage (580492K) : mvsd has 0 polygons
2026-08-28 18:28:53 +0200: Memory Usage (580492K) : mvpsd has 0 polygons
2026-08-28 18:28:53 +0200: Memory Usage (580492K) : nat has 0 polygons
2026-08-28 18:28:53 +0200: Memory Usage (580492K) : comp_dummy has 0 polygons
2026-08-28 18:28:53 +0200: Memory Usage (580492K) : poly2_dummy has 0 polygons
2026-08-28 18:28:53 +0200: Memory Usage (580492K) : schottky_diode has 0 polygons
2026-08-28 18:28:53 +0200: Memory Usage (580492K) : zener has 0 polygons
2026-08-28 18:28:53 +0200: Memory Usage (580492K) : res_mk has 0 polygons
2026-08-28 18:28:53 +0200: Memory Usage (580492K) : opc_drc has 0 polygons
2026-08-28 18:28:53 +0200: Memory Usage (580492K) : v5_xtor has 3 polygons
2026-08-28 18:28:53 +0200: Memory Usage (580492K) : cap_mk has 0 polygons
2026-08-28 18:28:53 +0200: Memory Usage (580492K) : mos_cap_mk has 0 polygons
2026-08-28 18:28:53 +0200: Memory Usage (580492K) : ind_mk has 0 polygons
2026-08-28 18:28:53 +0200: Memory Usage (580492K) : diode_mk has 26 polygons
2026-08-28 18:28:53 +0200: Memory Usage (580492K) : drc_bjt has 0 polygons
2026-08-28 18:28:53 +0200: Memory Usage (580492K) : lvs_bjt has 0 polygons
2026-08-28 18:28:53 +0200: Memory Usage (580492K) : mim_l_mk has 0 polygons
2026-08-28 18:28:53 +0200: Memory Usage (580492K) : latchup_mk has 0 polygons
2026-08-28 18:28:53 +0200: Memory Usage (580492K) : guard_ring_mk has 0 polygons
2026-08-28 18:28:53 +0200: Memory Usage (580492K) : otp_mk has 0 polygons
2026-08-28 18:28:53 +0200: Memory Usage (580492K) : mtpmark has 0 polygons
2026-08-28 18:28:53 +0200: Memory Usage (580492K) : neo_ee_mk has 0 polygons
2026-08-28 18:28:53 +0200: Memory Usage (580492K) : sramcore has 4 polygons
2026-08-28 18:28:53 +0200: Memory Usage (580492K) : lvs_rf has 0 polygons
2026-08-28 18:28:53 +0200: Memory Usage (580492K) : lvs_drain has 0 polygons
2026-08-28 18:28:53 +0200: Memory Usage (580492K) : ind_mk has 0 polygons
2026-08-28 18:28:53 +0200: Memory Usage (580492K) : hvpolyrs has 0 polygons
2026-08-28 18:28:53 +0200: Memory Usage (580492K) : lvs_io has 0 polygons
2026-08-28 18:28:53 +0200: Memory Usage (580492K) : probe_mk has 0 polygons
2026-08-28 18:28:53 +0200: Memory Usage (580492K) : esd_mk has 0 polygons
2026-08-28 18:28:53 +0200: Memory Usage (580492K) : lvs_source has 0 polygons
2026-08-28 18:28:53 +0200: Memory Usage (580492K) : well_diode_mk has 0 polygons
2026-08-28 18:28:53 +0200: Memory Usage (580492K) : ldmos_xtor has 0 polygons
2026-08-28 18:28:53 +0200: Memory Usage (580492K) : plfuse has 0 polygons
2026-08-28 18:28:53 +0200: Memory Usage (580492K) : efuse_mk has 0 polygons
2026-08-28 18:28:53 +0200: Memory Usage (580492K) : mcell_feol_mk has 0 polygons
2026-08-28 18:28:53 +0200: Memory Usage (580492K) : ymtp_mk has 0 polygons
2026-08-28 18:28:53 +0200: Memory Usage (580492K) : dev_wf_mk has 0 polygons
2026-08-28 18:28:53 +0200: Memory Usage (580492K) : comp_label has 0 polygons
2026-08-28 18:28:53 +0200: Memory Usage (580492K) : poly2_label has 0 polygons
2026-08-28 18:28:53 +0200: Memory Usage (580492K) : mdiode has 0 polygons
2026-08-28 18:28:53 +0200: Memory Usage (580492K) : ndmy has 0 polygons
2026-08-28 18:28:53 +0200: Memory Usage (580492K) : pmndmy has 0 polygons
2026-08-28 18:28:57 +0200: Memory Usage (626164K) : metal1_drawn has 251861 polygons
2026-08-28 18:28:57 +0200: Memory Usage (626164K) : metal1_dummy has 0 polygons
2026-08-28 18:28:57 +0200: Memory Usage (626164K) : metal1_label has 0 polygons
2026-08-28 18:28:57 +0200: Memory Usage (626164K) : metal1_slot has 0 polygons
2026-08-28 18:28:57 +0200: Memory Usage (626164K) : metal1_blk has 0 polygons
2026-08-28 18:28:57 +0200: Memory Usage (632148K) : metal2_drawn has 51071 polygons
2026-08-28 18:28:57 +0200: Memory Usage (632148K) : metal2_dummy has 0 polygons
2026-08-28 18:28:57 +0200: Memory Usage (632148K) : metal2_label has 33 polygons
2026-08-28 18:28:57 +0200: Memory Usage (632148K) : metal2_slot has 0 polygons
2026-08-28 18:28:57 +0200: Memory Usage (632148K) : metal2_blk has 0 polygons
2026-08-28 18:28:58 +0200: Memory Usage (632148K) : metal3_drawn has 25645 polygons
2026-08-28 18:28:58 +0200: Memory Usage (632148K) : metal3_dummy has 0 polygons
2026-08-28 18:28:58 +0200: Memory Usage (632148K) : metal3_label has 0 polygons
2026-08-28 18:28:58 +0200: Memory Usage (632148K) : metal3_slot has 0 polygons
2026-08-28 18:28:58 +0200: Memory Usage (632148K) : metal3_blk has 0 polygons
2026-08-28 18:28:58 +0200: Memory Usage (632148K) : via3 has 12363 polygons
2026-08-28 18:28:58 +0200: Memory Usage (632148K) : metal4_drawn has 2332 polygons
2026-08-28 18:28:58 +0200: Memory Usage (632148K) : metal4_dummy has 0 polygons
2026-08-28 18:28:58 +0200: Memory Usage (632148K) : metal4_label has 0 polygons
2026-08-28 18:28:58 +0200: Memory Usage (632148K) : metal4_slot has 0 polygons
2026-08-28 18:28:58 +0200: Memory Usage (632148K) : metal4_blk has 0 polygons
2026-08-28 18:28:58 +0200: Memory Usage (632148K) : via4 has 2643 polygons
2026-08-28 18:28:58 +0200: Memory Usage (632148K) : metal5_drawn has 491 polygons
2026-08-28 18:28:58 +0200: Memory Usage (632148K) : metal5_dummy has 0 polygons
2026-08-28 18:28:58 +0200: Memory Usage (632148K) : metal5_label has 0 polygons
2026-08-28 18:28:58 +0200: Memory Usage (632148K) : metal5_slot has 0 polygons
2026-08-28 18:28:58 +0200: Memory Usage (632148K) : metal5_blk has 0 polygons
2026-08-28 18:28:58 +0200: Memory Usage (632148K) : pad has 0 polygons
2026-08-28 18:28:58 +0200: Memory Usage (632148K) : ubmpperi has 0 polygons
2026-08-28 18:28:58 +0200: Memory Usage (632148K) : ubmparray has 0 polygons
2026-08-28 18:28:58 +0200: Memory Usage (632148K) : ubmeplate has 0 polygons
2026-08-28 18:28:58 +0200: Memory Usage (632148K) : metal1_res has 0 polygons
2026-08-28 18:28:58 +0200: Memory Usage (632148K) : metal2_res has 0 polygons
2026-08-28 18:28:58 +0200: Memory Usage (632148K) : metal3_res has 0 polygons
2026-08-28 18:28:58 +0200: Memory Usage (632148K) : metal4_res has 0 polygons
2026-08-28 18:28:58 +0200: Memory Usage (632148K) : metal5_res has 0 polygons
2026-08-28 18:28:58 +0200: Memory Usage (632148K) : metal6_res has 0 polygons
2026-08-28 18:28:58 +0200: Memory Usage (632148K) : pr_bndry has 1 polygons
2026-08-28 18:28:58 +0200: Memory Usage (632148K) : border has 0 polygons
2026-08-28 18:28:58 +0200: Memory Usage (632148K) : Total no. of polygons in the design is 807705
2026-08-28 18:28:58 +0200: Memory Usage (632148K) : Starting deriving base layers.
2026-08-28 18:28:59 +0200: Memory Usage (1442120K) : Total area of the design is 1859250.0 um^2.
2026-08-28 18:28:59 +0200: Memory Usage (1442120K) : Starting GF180MCU DRC rules.
2026-08-28 18:28:59 +0200: Memory Usage (1442120K) : Running all FEOL rules
2026-08-28 18:28:59 +0200: Memory Usage (1442120K) : Running all BEOL rules
2026-08-28 18:28:59 +0200: Memory Usage (1442120K) : Executing rule DN.1
2026-08-28 18:28:59 +0200: Memory Usage (1442120K) : CONNECTIVITY_RULES section
2026-08-28 18:28:59 +0200: Memory Usage (1442120K) : Executing rule DN.2a
2026-08-28 18:28:59 +0200: Memory Usage (1442120K) : Executing rule DN.2b
2026-08-28 18:28:59 +0200: Memory Usage (1442120K) : Executing rule DN.3
2026-08-28 18:29:00 +0200: Memory Usage (1442120K) : dnwell DRC Total Run time 43.251992243 seconds
28-Aug-2026 18:29:01 | INFO    | Running Global Foundries 180nm MCU /headless/aravindustries-repos/butterfold/butterfold_proto/physical/results/d03_ach_candidate/butterfold_top.gds checks on design mcell on cell butterfold_top:
2026-08-28 18:29:02 +0200: Memory Usage (443552K) : Starting running GF180MCU Klayout DRC runset on /headless/aravindustries-repos/butterfold/butterfold_proto/physical/results/d03_ach_candidate/butterfold_top.gds
2026-08-28 18:29:02 +0200: Memory Usage (443552K) : Ruby Version for klayout: 3.2.3
2026-08-28 18:29:02 +0200: Memory Usage (489180K) : Loading database to memory is complete.
2026-08-28 18:29:02 +0200: Memory Usage (489180K) : GF180MCU Klayout DRC runset output at: /headless/aravindustries-repos/butterfold/butterfold_proto/physical/results/d03_ach_candidate/klayout_drc_pgfix/butterfold_top_mcell.lyrdb
2026-08-28 18:29:02 +0200: Memory Usage (489180K) : Evaluate switches.
2026-08-28 18:29:02 +0200: Memory Usage (489180K) : table_name selected  mcell
2026-08-28 18:29:02 +0200: Memory Usage (489180K) : CONNECTIVITY_RULES enabled: false
2026-08-28 18:29:02 +0200: Memory Usage (489180K) : Wedge enabled: false
2026-08-28 18:29:02 +0200: Memory Usage (489180K) : Ball enabled: false
2026-08-28 18:29:02 +0200: Memory Usage (489180K) : Gold enabled: false
2026-08-28 18:29:02 +0200: Memory Usage (489180K) : MIM Option selected: B
2026-08-28 18:29:02 +0200: Memory Usage (489180K) : Offgrid enabled:  true
2026-08-28 18:29:02 +0200: Memory Usage (489180K) : Number of threads to use 2
2026-08-28 18:29:02 +0200: Memory Usage (489180K) : Verbose mode: false
2026-08-28 18:29:02 +0200: Memory Usage (489180K) : flat  mode is enabled for mcell table
2026-08-28 18:29:02 +0200: Memory Usage (489180K) : METAL_TOP Selected is 11K
2026-08-28 18:29:02 +0200: Memory Usage (489180K) : METAL_STACK Selected is 5LM
2026-08-28 18:29:02 +0200: Memory Usage (489180K) : FEOL enabled: true
2026-08-28 18:29:02 +0200: Memory Usage (489180K) : BEOL enabled: true
2026-08-28 18:29:02 +0200: Memory Usage (489180K) : DUMMY enabled: false
2026-08-28 18:29:02 +0200: Memory Usage (489180K) : SLOW_VIA enabled: false
2026-08-28 18:29:02 +0200: Memory Usage (489180K) : Read in polygons from layers.
2026-08-28 18:29:03 +0200: Memory Usage (526696K) : comp has 216638 polygons
2026-08-28 18:29:03 +0200: Memory Usage (526696K) : dnwell has 0 polygons
2026-08-28 18:29:03 +0200: Memory Usage (542176K) : nwell has 422 polygons
2026-08-28 18:29:03 +0200: Memory Usage (542176K) : lvpwell has 307 polygons
2026-08-28 18:29:04 +0200: Memory Usage (553088K) : dualgate has 3 polygons
2026-08-28 18:29:05 +0200: Memory Usage (554424K) : poly2 has 232293 polygons
2026-08-28 18:29:05 +0200: Memory Usage (580024K) : nplus has 1417 polygons
2026-08-28 18:29:05 +0200: Memory Usage (580024K) : pplus has 10152 polygons
2026-08-28 18:29:05 +0200: Memory Usage (580024K) : sab has 0 polygons
2026-08-28 18:29:05 +0200: Memory Usage (580024K) : esd has 0 polygons
2026-08-28 18:29:05 +0200: Memory Usage (580024K) : resistor has 0 polygons
2026-08-28 18:29:05 +0200: Memory Usage (580024K) : fhres has 0 polygons
2026-08-28 18:29:05 +0200: Memory Usage (580024K) : fusetop has 0 polygons
2026-08-28 18:29:05 +0200: Memory Usage (580024K) : fusewindow_d has 0 polygons
2026-08-28 18:29:05 +0200: Memory Usage (580024K) : polyfuse has 0 polygons
2026-08-28 18:29:05 +0200: Memory Usage (580024K) : mvsd has 0 polygons
2026-08-28 18:29:05 +0200: Memory Usage (580024K) : mvpsd has 0 polygons
2026-08-28 18:29:05 +0200: Memory Usage (580024K) : nat has 0 polygons
2026-08-28 18:29:05 +0200: Memory Usage (580024K) : comp_dummy has 0 polygons
2026-08-28 18:29:05 +0200: Memory Usage (580024K) : poly2_dummy has 0 polygons
2026-08-28 18:29:05 +0200: Memory Usage (580024K) : schottky_diode has 0 polygons
2026-08-28 18:29:05 +0200: Memory Usage (580024K) : zener has 0 polygons
2026-08-28 18:29:05 +0200: Memory Usage (580024K) : res_mk has 0 polygons
2026-08-28 18:29:05 +0200: Memory Usage (580024K) : opc_drc has 0 polygons
2026-08-28 18:29:05 +0200: Memory Usage (580024K) : v5_xtor has 3 polygons
2026-08-28 18:29:05 +0200: Memory Usage (580024K) : cap_mk has 0 polygons
2026-08-28 18:29:05 +0200: Memory Usage (580024K) : mos_cap_mk has 0 polygons
2026-08-28 18:29:05 +0200: Memory Usage (580024K) : ind_mk has 0 polygons
2026-08-28 18:29:05 +0200: Memory Usage (580024K) : diode_mk has 26 polygons
2026-08-28 18:29:05 +0200: Memory Usage (580024K) : drc_bjt has 0 polygons
2026-08-28 18:29:05 +0200: Memory Usage (580024K) : lvs_bjt has 0 polygons
2026-08-28 18:29:05 +0200: Memory Usage (580024K) : mim_l_mk has 0 polygons
2026-08-28 18:29:05 +0200: Memory Usage (580024K) : latchup_mk has 0 polygons
2026-08-28 18:29:05 +0200: Memory Usage (580024K) : guard_ring_mk has 0 polygons
2026-08-28 18:29:05 +0200: Memory Usage (580024K) : otp_mk has 0 polygons
2026-08-28 18:29:05 +0200: Memory Usage (580024K) : mtpmark has 0 polygons
2026-08-28 18:29:05 +0200: Memory Usage (580024K) : neo_ee_mk has 0 polygons
2026-08-28 18:29:05 +0200: Memory Usage (580024K) : sramcore has 4 polygons
2026-08-28 18:29:05 +0200: Memory Usage (580024K) : lvs_rf has 0 polygons
2026-08-28 18:29:05 +0200: Memory Usage (580024K) : lvs_drain has 0 polygons
2026-08-28 18:29:05 +0200: Memory Usage (580024K) : ind_mk has 0 polygons
2026-08-28 18:29:05 +0200: Memory Usage (580024K) : hvpolyrs has 0 polygons
2026-08-28 18:29:05 +0200: Memory Usage (580024K) : lvs_io has 0 polygons
2026-08-28 18:29:05 +0200: Memory Usage (580024K) : probe_mk has 0 polygons
2026-08-28 18:29:05 +0200: Memory Usage (580024K) : esd_mk has 0 polygons
2026-08-28 18:29:05 +0200: Memory Usage (580024K) : lvs_source has 0 polygons
2026-08-28 18:29:05 +0200: Memory Usage (580024K) : well_diode_mk has 0 polygons
2026-08-28 18:29:05 +0200: Memory Usage (580024K) : ldmos_xtor has 0 polygons
2026-08-28 18:29:05 +0200: Memory Usage (580024K) : plfuse has 0 polygons
2026-08-28 18:29:05 +0200: Memory Usage (580024K) : efuse_mk has 0 polygons
2026-08-28 18:29:05 +0200: Memory Usage (580024K) : mcell_feol_mk has 0 polygons
2026-08-28 18:29:05 +0200: Memory Usage (580024K) : ymtp_mk has 0 polygons
2026-08-28 18:29:05 +0200: Memory Usage (580024K) : dev_wf_mk has 0 polygons
2026-08-28 18:29:05 +0200: Memory Usage (580024K) : comp_label has 0 polygons
2026-08-28 18:29:05 +0200: Memory Usage (580024K) : poly2_label has 0 polygons
2026-08-28 18:29:05 +0200: Memory Usage (580024K) : mdiode has 0 polygons
2026-08-28 18:29:05 +0200: Memory Usage (580024K) : ndmy has 0 polygons
2026-08-28 18:29:05 +0200: Memory Usage (580024K) : pmndmy has 0 polygons
2026-08-28 18:29:09 +0200: Memory Usage (625588K) : metal1_drawn has 251861 polygons
2026-08-28 18:29:09 +0200: Memory Usage (625588K) : metal1_dummy has 0 polygons
2026-08-28 18:29:09 +0200: Memory Usage (625588K) : metal1_label has 0 polygons
2026-08-28 18:29:09 +0200: Memory Usage (625588K) : metal1_slot has 0 polygons
2026-08-28 18:29:09 +0200: Memory Usage (625588K) : metal1_blk has 0 polygons
2026-08-28 18:29:09 +0200: Memory Usage (631572K) : metal2_drawn has 51071 polygons
2026-08-28 18:29:09 +0200: Memory Usage (631572K) : metal2_dummy has 0 polygons
2026-08-28 18:29:09 +0200: Memory Usage (631572K) : metal2_label has 33 polygons
2026-08-28 18:29:09 +0200: Memory Usage (631572K) : metal2_slot has 0 polygons
2026-08-28 18:29:09 +0200: Memory Usage (631572K) : metal2_blk has 0 polygons
2026-08-28 18:29:10 +0200: Memory Usage (631572K) : metal3_drawn has 25645 polygons
2026-08-28 18:29:10 +0200: Memory Usage (631572K) : metal3_dummy has 0 polygons
2026-08-28 18:29:10 +0200: Memory Usage (631572K) : metal3_label has 0 polygons
2026-08-28 18:29:10 +0200: Memory Usage (631572K) : metal3_slot has 0 polygons
2026-08-28 18:29:10 +0200: Memory Usage (631572K) : metal3_blk has 0 polygons
2026-08-28 18:29:10 +0200: Memory Usage (631572K) : via3 has 12363 polygons
2026-08-28 18:29:10 +0200: Memory Usage (631572K) : metal4_drawn has 2332 polygons
2026-08-28 18:29:10 +0200: Memory Usage (631572K) : metal4_dummy has 0 polygons
2026-08-28 18:29:10 +0200: Memory Usage (631572K) : metal4_label has 0 polygons
2026-08-28 18:29:10 +0200: Memory Usage (631572K) : metal4_slot has 0 polygons
2026-08-28 18:29:10 +0200: Memory Usage (631572K) : metal4_blk has 0 polygons
2026-08-28 18:29:10 +0200: Memory Usage (631572K) : via4 has 2643 polygons
2026-08-28 18:29:10 +0200: Memory Usage (631572K) : metal5_drawn has 491 polygons
2026-08-28 18:29:10 +0200: Memory Usage (631572K) : metal5_dummy has 0 polygons
2026-08-28 18:29:10 +0200: Memory Usage (631572K) : metal5_label has 0 polygons
2026-08-28 18:29:10 +0200: Memory Usage (631572K) : metal5_slot has 0 polygons
2026-08-28 18:29:10 +0200: Memory Usage (631572K) : metal5_blk has 0 polygons
2026-08-28 18:29:10 +0200: Memory Usage (631572K) : pad has 0 polygons
2026-08-28 18:29:10 +0200: Memory Usage (631572K) : ubmpperi has 0 polygons
2026-08-28 18:29:10 +0200: Memory Usage (631572K) : ubmparray has 0 polygons
2026-08-28 18:29:10 +0200: Memory Usage (631572K) : ubmeplate has 0 polygons
2026-08-28 18:29:10 +0200: Memory Usage (631572K) : metal1_res has 0 polygons
2026-08-28 18:29:10 +0200: Memory Usage (631572K) : metal2_res has 0 polygons
2026-08-28 18:29:10 +0200: Memory Usage (631572K) : metal3_res has 0 polygons
2026-08-28 18:29:10 +0200: Memory Usage (631572K) : metal4_res has 0 polygons
2026-08-28 18:29:10 +0200: Memory Usage (631572K) : metal5_res has 0 polygons
2026-08-28 18:29:10 +0200: Memory Usage (631572K) : metal6_res has 0 polygons
2026-08-28 18:29:10 +0200: Memory Usage (631572K) : pr_bndry has 1 polygons
2026-08-28 18:29:10 +0200: Memory Usage (631572K) : border has 0 polygons
2026-08-28 18:29:10 +0200: Memory Usage (631572K) : Total no. of polygons in the design is 807705
2026-08-28 18:29:10 +0200: Memory Usage (631572K) : Starting deriving base layers.
2026-08-28 18:29:10 +0200: Memory Usage (932812K) : Total area of the design is 1859250.0 um^2.
2026-08-28 18:29:10 +0200: Memory Usage (932812K) : Starting GF180MCU DRC rules.
2026-08-28 18:29:10 +0200: Memory Usage (932812K) : Running all FEOL rules
2026-08-28 18:29:10 +0200: Memory Usage (932812K) : Running all BEOL rules
2026-08-28 18:29:10 +0200: Memory Usage (932812K) : Executing rule BJT.1
2026-08-28 18:29:10 +0200: Memory Usage (932812K) : Executing rule BJT.2
2026-08-28 18:29:11 +0200: Memory Usage (938092K) : Executing rule BJT.3
2026-08-28 18:29:11 +0200: Memory Usage (938276K) : drc_bjt DRC Total Run time 20.859721338 seconds
28-Aug-2026 18:29:11 | INFO    | Running Global Foundries 180nm MCU /headless/aravindustries-repos/butterfold/butterfold_proto/physical/results/d03_ach_candidate/butterfold_top.gds checks on design mim_b on cell butterfold_top:
2026-08-28 18:29:13 +0200: Memory Usage (443876K) : Starting running GF180MCU Klayout DRC runset on /headless/aravindustries-repos/butterfold/butterfold_proto/physical/results/d03_ach_candidate/butterfold_top.gds
2026-08-28 18:29:13 +0200: Memory Usage (443876K) : Ruby Version for klayout: 3.2.3
2026-08-28 18:29:13 +0200: Memory Usage (489408K) : Loading database to memory is complete.
2026-08-28 18:29:13 +0200: Memory Usage (489408K) : GF180MCU Klayout DRC runset output at: /headless/aravindustries-repos/butterfold/butterfold_proto/physical/results/d03_ach_candidate/klayout_drc_pgfix/butterfold_top_mim_b.lyrdb
2026-08-28 18:29:13 +0200: Memory Usage (489408K) : Evaluate switches.
2026-08-28 18:29:13 +0200: Memory Usage (489408K) : table_name selected  mim_b
2026-08-28 18:29:13 +0200: Memory Usage (489408K) : CONNECTIVITY_RULES enabled: false
2026-08-28 18:29:13 +0200: Memory Usage (489408K) : Wedge enabled: false
2026-08-28 18:29:13 +0200: Memory Usage (489408K) : Ball enabled: false
2026-08-28 18:29:13 +0200: Memory Usage (489408K) : Gold enabled: false
2026-08-28 18:29:13 +0200: Memory Usage (489408K) : MIM Option selected: B
2026-08-28 18:29:13 +0200: Memory Usage (489408K) : Offgrid enabled:  true
2026-08-28 18:29:13 +0200: Memory Usage (489408K) : Number of threads to use 2
2026-08-28 18:29:13 +0200: Memory Usage (489408K) : Verbose mode: false
2026-08-28 18:29:13 +0200: Memory Usage (489408K) : flat  mode is enabled for mim_b table
2026-08-28 18:29:13 +0200: Memory Usage (489408K) : METAL_TOP Selected is 11K
2026-08-28 18:29:13 +0200: Memory Usage (489408K) : METAL_STACK Selected is 5LM
2026-08-28 18:29:13 +0200: Memory Usage (489408K) : FEOL enabled: true
2026-08-28 18:29:13 +0200: Memory Usage (489408K) : BEOL enabled: true
2026-08-28 18:29:13 +0200: Memory Usage (489408K) : DUMMY enabled: false
2026-08-28 18:29:13 +0200: Memory Usage (489408K) : SLOW_VIA enabled: false
2026-08-28 18:29:13 +0200: Memory Usage (489408K) : Read in polygons from layers.
2026-08-28 18:29:13 +0200: Memory Usage (526832K) : comp has 216638 polygons
2026-08-28 18:29:13 +0200: Memory Usage (526832K) : dnwell has 0 polygons
2026-08-28 18:29:14 +0200: Memory Usage (542148K) : nwell has 422 polygons
2026-08-28 18:29:14 +0200: Memory Usage (542148K) : lvpwell has 307 polygons
2026-08-28 18:29:14 +0200: Memory Usage (553236K) : dualgate has 3 polygons
2026-08-28 18:29:15 +0200: Memory Usage (554520K) : poly2 has 232293 polygons
2026-08-28 18:29:15 +0200: Memory Usage (572956K) : nplus has 1417 polygons
2026-08-28 18:29:16 +0200: Memory Usage (572956K) : pplus has 10152 polygons
2026-08-28 18:29:16 +0200: Memory Usage (572956K) : sab has 0 polygons
2026-08-28 18:29:16 +0200: Memory Usage (572956K) : esd has 0 polygons
2026-08-28 18:29:16 +0200: Memory Usage (572956K) : resistor has 0 polygons
2026-08-28 18:29:16 +0200: Memory Usage (572956K) : fhres has 0 polygons
2026-08-28 18:29:16 +0200: Memory Usage (572956K) : fusetop has 0 polygons
2026-08-28 18:29:16 +0200: Memory Usage (572956K) : fusewindow_d has 0 polygons
2026-08-28 18:29:16 +0200: Memory Usage (572956K) : polyfuse has 0 polygons
2026-08-28 18:29:16 +0200: Memory Usage (572956K) : mvsd has 0 polygons
2026-08-28 18:29:16 +0200: Memory Usage (572956K) : mvpsd has 0 polygons
2026-08-28 18:29:16 +0200: Memory Usage (572956K) : nat has 0 polygons
2026-08-28 18:29:16 +0200: Memory Usage (572956K) : comp_dummy has 0 polygons
2026-08-28 18:29:16 +0200: Memory Usage (572956K) : poly2_dummy has 0 polygons
2026-08-28 18:29:16 +0200: Memory Usage (572956K) : schottky_diode has 0 polygons
2026-08-28 18:29:16 +0200: Memory Usage (572956K) : zener has 0 polygons
2026-08-28 18:29:16 +0200: Memory Usage (572956K) : res_mk has 0 polygons
2026-08-28 18:29:16 +0200: Memory Usage (572956K) : opc_drc has 0 polygons
2026-08-28 18:29:16 +0200: Memory Usage (572956K) : v5_xtor has 3 polygons
2026-08-28 18:29:16 +0200: Memory Usage (572956K) : cap_mk has 0 polygons
2026-08-28 18:29:16 +0200: Memory Usage (572956K) : mos_cap_mk has 0 polygons
2026-08-28 18:29:16 +0200: Memory Usage (572956K) : ind_mk has 0 polygons
2026-08-28 18:29:16 +0200: Memory Usage (572956K) : diode_mk has 26 polygons
2026-08-28 18:29:16 +0200: Memory Usage (572956K) : drc_bjt has 0 polygons
2026-08-28 18:29:16 +0200: Memory Usage (572956K) : lvs_bjt has 0 polygons
2026-08-28 18:29:16 +0200: Memory Usage (572956K) : mim_l_mk has 0 polygons
2026-08-28 18:29:16 +0200: Memory Usage (572956K) : latchup_mk has 0 polygons
2026-08-28 18:29:16 +0200: Memory Usage (572956K) : guard_ring_mk has 0 polygons
2026-08-28 18:29:16 +0200: Memory Usage (572956K) : otp_mk has 0 polygons
2026-08-28 18:29:16 +0200: Memory Usage (572956K) : mtpmark has 0 polygons
2026-08-28 18:29:16 +0200: Memory Usage (572956K) : neo_ee_mk has 0 polygons
2026-08-28 18:29:16 +0200: Memory Usage (572956K) : sramcore has 4 polygons
2026-08-28 18:29:16 +0200: Memory Usage (572956K) : lvs_rf has 0 polygons
2026-08-28 18:29:16 +0200: Memory Usage (572956K) : lvs_drain has 0 polygons
2026-08-28 18:29:16 +0200: Memory Usage (572956K) : ind_mk has 0 polygons
2026-08-28 18:29:16 +0200: Memory Usage (572956K) : hvpolyrs has 0 polygons
2026-08-28 18:29:16 +0200: Memory Usage (572956K) : lvs_io has 0 polygons
2026-08-28 18:29:16 +0200: Memory Usage (572956K) : probe_mk has 0 polygons
2026-08-28 18:29:16 +0200: Memory Usage (572956K) : esd_mk has 0 polygons
2026-08-28 18:29:16 +0200: Memory Usage (572956K) : lvs_source has 0 polygons
2026-08-28 18:29:16 +0200: Memory Usage (572956K) : well_diode_mk has 0 polygons
2026-08-28 18:29:16 +0200: Memory Usage (572956K) : ldmos_xtor has 0 polygons
2026-08-28 18:29:16 +0200: Memory Usage (572956K) : plfuse has 0 polygons
2026-08-28 18:29:16 +0200: Memory Usage (572956K) : efuse_mk has 0 polygons
2026-08-28 18:29:16 +0200: Memory Usage (572956K) : mcell_feol_mk has 0 polygons
2026-08-28 18:29:16 +0200: Memory Usage (572956K) : ymtp_mk has 0 polygons
2026-08-28 18:29:16 +0200: Memory Usage (572956K) : dev_wf_mk has 0 polygons
2026-08-28 18:29:16 +0200: Memory Usage (572956K) : comp_label has 0 polygons
2026-08-28 18:29:16 +0200: Memory Usage (572956K) : poly2_label has 0 polygons
2026-08-28 18:29:16 +0200: Memory Usage (572956K) : mdiode has 0 polygons
2026-08-28 18:29:16 +0200: Memory Usage (572956K) : ndmy has 0 polygons
2026-08-28 18:29:16 +0200: Memory Usage (572956K) : pmndmy has 0 polygons
2026-08-28 18:29:19 +0200: Memory Usage (625728K) : metal1_drawn has 251861 polygons
2026-08-28 18:29:19 +0200: Memory Usage (625728K) : metal1_dummy has 0 polygons
2026-08-28 18:29:20 +0200: Memory Usage (625728K) : metal1_label has 0 polygons
2026-08-28 18:29:20 +0200: Memory Usage (625728K) : metal1_slot has 0 polygons
2026-08-28 18:29:20 +0200: Memory Usage (625728K) : metal1_blk has 0 polygons
2026-08-28 18:29:20 +0200: Memory Usage (631888K) : via1 has 96410 polygons
2026-08-28 18:29:20 +0200: Memory Usage (631888K) : metal2_drawn has 51071 polygons
2026-08-28 18:29:20 +0200: Memory Usage (631888K) : metal2_dummy has 0 polygons
2026-08-28 18:29:20 +0200: Memory Usage (631888K) : metal2_label has 33 polygons
2026-08-28 18:29:20 +0200: Memory Usage (631888K) : metal2_slot has 0 polygons
2026-08-28 18:29:20 +0200: Memory Usage (631888K) : metal2_blk has 0 polygons
2026-08-28 18:29:20 +0200: Memory Usage (631888K) : via2 has 93152 polygons
2026-08-28 18:29:21 +0200: Memory Usage (631888K) : metal3_drawn has 25645 polygons
2026-08-28 18:29:21 +0200: Memory Usage (631888K) : metal3_dummy has 0 polygons
2026-08-28 18:29:21 +0200: Memory Usage (631888K) : metal3_label has 0 polygons
2026-08-28 18:29:21 +0200: Memory Usage (631888K) : metal3_slot has 0 polygons
2026-08-28 18:29:21 +0200: Memory Usage (631888K) : metal3_blk has 0 polygons
2026-08-28 18:29:21 +0200: Memory Usage (631888K) : via3 has 12363 polygons
2026-08-28 18:29:21 +0200: Memory Usage (631888K) : metal4_drawn has 2332 polygons
2026-08-28 18:29:21 +0200: Memory Usage (631888K) : metal4_dummy has 0 polygons
2026-08-28 18:29:21 +0200: Memory Usage (631888K) : metal4_label has 0 polygons
2026-08-28 18:29:21 +0200: Memory Usage (631888K) : metal4_slot has 0 polygons
2026-08-28 18:29:21 +0200: Memory Usage (631888K) : metal4_blk has 0 polygons
2026-08-28 18:29:21 +0200: Memory Usage (631888K) : via4 has 2643 polygons
2026-08-28 18:29:21 +0200: Memory Usage (631888K) : metal5_drawn has 491 polygons
2026-08-28 18:29:21 +0200: Memory Usage (631888K) : metal5_dummy has 0 polygons
2026-08-28 18:29:21 +0200: Memory Usage (631888K) : metal5_label has 0 polygons
2026-08-28 18:29:21 +0200: Memory Usage (631888K) : metal5_slot has 0 polygons
2026-08-28 18:29:21 +0200: Memory Usage (631888K) : metal5_blk has 0 polygons
2026-08-28 18:29:21 +0200: Memory Usage (631888K) : pad has 0 polygons
2026-08-28 18:29:21 +0200: Memory Usage (631888K) : ubmpperi has 0 polygons
2026-08-28 18:29:21 +0200: Memory Usage (631888K) : ubmparray has 0 polygons
2026-08-28 18:29:21 +0200: Memory Usage (631888K) : ubmeplate has 0 polygons
2026-08-28 18:29:21 +0200: Memory Usage (631888K) : metal1_res has 0 polygons
2026-08-28 18:29:21 +0200: Memory Usage (631888K) : metal2_res has 0 polygons
2026-08-28 18:29:21 +0200: Memory Usage (631888K) : metal3_res has 0 polygons
2026-08-28 18:29:21 +0200: Memory Usage (631888K) : metal4_res has 0 polygons
2026-08-28 18:29:21 +0200: Memory Usage (631888K) : metal5_res has 0 polygons
2026-08-28 18:29:21 +0200: Memory Usage (631888K) : metal6_res has 0 polygons
2026-08-28 18:29:21 +0200: Memory Usage (631888K) : pr_bndry has 1 polygons
2026-08-28 18:29:21 +0200: Memory Usage (631888K) : border has 0 polygons
2026-08-28 18:29:21 +0200: Memory Usage (631888K) : Total no. of polygons in the design is 997267
2026-08-28 18:29:21 +0200: Memory Usage (631888K) : Starting deriving base layers.
2026-08-28 18:29:22 +0200: Memory Usage (929152K) : Total area of the design is 1859250.0 um^2.
2026-08-28 18:29:22 +0200: Memory Usage (929152K) : Starting GF180MCU DRC rules.
2026-08-28 18:29:22 +0200: Memory Usage (929152K) : Running all FEOL rules
2026-08-28 18:29:22 +0200: Memory Usage (929152K) : Running all BEOL rules
2026-08-28 18:29:22 +0200: Memory Usage (929152K) : Executing rule MC.1
2026-08-28 18:29:22 +0200: Memory Usage (929388K) : Executing rule MC.2
2026-08-28 18:29:22 +0200: Memory Usage (929388K) : Executing rule MC.3
2026-08-28 18:29:22 +0200: Memory Usage (929388K) : Executing rule MC.4
2026-08-28 18:29:22 +0200: Memory Usage (929388K) : mcell DRC Total Run time 20.179139454 seconds
28-Aug-2026 18:29:23 | INFO    | Running Global Foundries 180nm MCU /headless/aravindustries-repos/butterfold/butterfold_proto/physical/results/d03_ach_candidate/butterfold_top.gds checks on design via1_split on cell butterfold_top:
2026-08-28 18:29:24 +0200: Memory Usage (443624K) : Starting running GF180MCU Klayout DRC runset on /headless/aravindustries-repos/butterfold/butterfold_proto/physical/results/d03_ach_candidate/butterfold_top.gds
2026-08-28 18:29:24 +0200: Memory Usage (443624K) : Ruby Version for klayout: 3.2.3
2026-08-28 18:29:24 +0200: Memory Usage (489064K) : Loading database to memory is complete.
2026-08-28 18:29:24 +0200: Memory Usage (489064K) : GF180MCU Klayout DRC runset output at: /headless/aravindustries-repos/butterfold/butterfold_proto/physical/results/d03_ach_candidate/klayout_drc_pgfix/butterfold_top_via1_split.lyrdb
2026-08-28 18:29:24 +0200: Memory Usage (489064K) : Evaluate switches.
2026-08-28 18:29:24 +0200: Memory Usage (489064K) : table_name selected  via1_split
2026-08-28 18:29:24 +0200: Memory Usage (489064K) : CONNECTIVITY_RULES enabled: false
2026-08-28 18:29:24 +0200: Memory Usage (489064K) : Wedge enabled: false
2026-08-28 18:29:24 +0200: Memory Usage (489064K) : Ball enabled: false
2026-08-28 18:29:24 +0200: Memory Usage (489064K) : Gold enabled: false
2026-08-28 18:29:24 +0200: Memory Usage (489064K) : MIM Option selected: B
2026-08-28 18:29:24 +0200: Memory Usage (489064K) : Offgrid enabled:  true
2026-08-28 18:29:24 +0200: Memory Usage (489064K) : Number of threads to use 2
2026-08-28 18:29:24 +0200: Memory Usage (489064K) : Verbose mode: false
2026-08-28 18:29:24 +0200: Memory Usage (489064K) : deep  mode is enabled for via1_split table
2026-08-28 18:29:24 +0200: Memory Usage (489064K) : METAL_TOP Selected is 11K
2026-08-28 18:29:24 +0200: Memory Usage (489064K) : METAL_STACK Selected is 5LM
2026-08-28 18:29:24 +0200: Memory Usage (489064K) : FEOL enabled: true
2026-08-28 18:29:24 +0200: Memory Usage (489064K) : BEOL enabled: true
2026-08-28 18:29:24 +0200: Memory Usage (489064K) : DUMMY enabled: false
2026-08-28 18:29:24 +0200: Memory Usage (489064K) : SLOW_VIA enabled: false
2026-08-28 18:29:24 +0200: Memory Usage (489064K) : Read in polygons from layers.
2026-08-28 18:29:24 +0200: Memory Usage (493232K) : comp has 238212 polygons
2026-08-28 18:29:24 +0200: Memory Usage (493232K) : dnwell has 0 polygons
2026-08-28 18:29:24 +0200: Memory Usage (493936K) : nwell has 65296 polygons
2026-08-28 18:29:24 +0200: Memory Usage (493936K) : lvpwell has 59032 polygons
2026-08-28 18:29:24 +0200: Memory Usage (493936K) : dualgate has 63662 polygons
2026-08-28 18:29:24 +0200: Memory Usage (493936K) : poly2 has 295257 polygons
2026-08-28 18:29:24 +0200: Memory Usage (493936K) : nplus has 65278 polygons
2026-08-28 18:29:24 +0200: Memory Usage (494112K) : pplus has 74142 polygons
2026-08-28 18:29:24 +0200: Memory Usage (494112K) : sab has 0 polygons
2026-08-28 18:29:24 +0200: Memory Usage (494112K) : esd has 0 polygons
2026-08-28 18:29:24 +0200: Memory Usage (494112K) : resistor has 0 polygons
2026-08-28 18:29:24 +0200: Memory Usage (494112K) : fhres has 0 polygons
2026-08-28 18:29:24 +0200: Memory Usage (494112K) : fusetop has 0 polygons
2026-08-28 18:29:24 +0200: Memory Usage (494112K) : fusewindow_d has 0 polygons
2026-08-28 18:29:24 +0200: Memory Usage (494112K) : polyfuse has 0 polygons
2026-08-28 18:29:24 +0200: Memory Usage (494112K) : mvsd has 0 polygons
2026-08-28 18:29:24 +0200: Memory Usage (494112K) : mvpsd has 0 polygons
2026-08-28 18:29:24 +0200: Memory Usage (494112K) : nat has 0 polygons
2026-08-28 18:29:24 +0200: Memory Usage (494112K) : comp_dummy has 0 polygons
2026-08-28 18:29:24 +0200: Memory Usage (494112K) : poly2_dummy has 0 polygons
2026-08-28 18:29:24 +0200: Memory Usage (494112K) : schottky_diode has 0 polygons
2026-08-28 18:29:24 +0200: Memory Usage (494112K) : zener has 0 polygons
2026-08-28 18:29:24 +0200: Memory Usage (494112K) : res_mk has 0 polygons
2026-08-28 18:29:24 +0200: Memory Usage (494112K) : opc_drc has 0 polygons
2026-08-28 18:29:24 +0200: Memory Usage (494992K) : v5_xtor has 63664 polygons
2026-08-28 18:29:24 +0200: Memory Usage (494992K) : cap_mk has 0 polygons
2026-08-28 18:29:24 +0200: Memory Usage (494992K) : mos_cap_mk has 0 polygons
2026-08-28 18:29:24 +0200: Memory Usage (494992K) : ind_mk has 0 polygons
2026-08-28 18:29:24 +0200: Memory Usage (495168K) : diode_mk has 26 polygons
2026-08-28 18:29:24 +0200: Memory Usage (495168K) : drc_bjt has 0 polygons
2026-08-28 18:29:24 +0200: Memory Usage (495168K) : lvs_bjt has 0 polygons
2026-08-28 18:29:24 +0200: Memory Usage (495168K) : mim_l_mk has 0 polygons
2026-08-28 18:29:24 +0200: Memory Usage (495168K) : latchup_mk has 0 polygons
2026-08-28 18:29:24 +0200: Memory Usage (495168K) : guard_ring_mk has 0 polygons
2026-08-28 18:29:24 +0200: Memory Usage (495168K) : otp_mk has 0 polygons
2026-08-28 18:29:24 +0200: Memory Usage (495168K) : mtpmark has 0 polygons
2026-08-28 18:29:24 +0200: Memory Usage (495168K) : neo_ee_mk has 0 polygons
2026-08-28 18:29:24 +0200: Memory Usage (495520K) : sramcore has 5300 polygons
2026-08-28 18:29:24 +0200: Memory Usage (495520K) : lvs_rf has 0 polygons
2026-08-28 18:29:24 +0200: Memory Usage (495520K) : lvs_drain has 0 polygons
2026-08-28 18:29:24 +0200: Memory Usage (495520K) : ind_mk has 0 polygons
2026-08-28 18:29:24 +0200: Memory Usage (495520K) : hvpolyrs has 0 polygons
2026-08-28 18:29:24 +0200: Memory Usage (495520K) : lvs_io has 0 polygons
2026-08-28 18:29:24 +0200: Memory Usage (495520K) : probe_mk has 0 polygons
2026-08-28 18:29:24 +0200: Memory Usage (495520K) : esd_mk has 0 polygons
2026-08-28 18:29:24 +0200: Memory Usage (495520K) : lvs_source has 0 polygons
2026-08-28 18:29:24 +0200: Memory Usage (495520K) : well_diode_mk has 0 polygons
2026-08-28 18:29:24 +0200: Memory Usage (495520K) : ldmos_xtor has 0 polygons
2026-08-28 18:29:24 +0200: Memory Usage (495520K) : plfuse has 0 polygons
2026-08-28 18:29:24 +0200: Memory Usage (495520K) : efuse_mk has 0 polygons
2026-08-28 18:29:24 +0200: Memory Usage (495520K) : mcell_feol_mk has 0 polygons
2026-08-28 18:29:24 +0200: Memory Usage (495520K) : ymtp_mk has 0 polygons
2026-08-28 18:29:24 +0200: Memory Usage (495520K) : dev_wf_mk has 0 polygons
2026-08-28 18:29:24 +0200: Memory Usage (495520K) : comp_label has 0 polygons
2026-08-28 18:29:24 +0200: Memory Usage (495520K) : poly2_label has 0 polygons
2026-08-28 18:29:24 +0200: Memory Usage (495520K) : mdiode has 0 polygons
2026-08-28 18:29:24 +0200: Memory Usage (495520K) : ndmy has 0 polygons
2026-08-28 18:29:24 +0200: Memory Usage (495520K) : pmndmy has 0 polygons
2026-08-28 18:29:24 +0200: Memory Usage (497104K) : metal1_drawn has 588093 polygons
2026-08-28 18:29:24 +0200: Memory Usage (497104K) : metal1_dummy has 0 polygons
2026-08-28 18:29:24 +0200: Memory Usage (498512K) : metal1_label has 0 polygons
2026-08-28 18:29:24 +0200: Memory Usage (498512K) : metal1_slot has 0 polygons
2026-08-28 18:29:24 +0200: Memory Usage (498512K) : metal1_blk has 0 polygons
2026-08-28 18:29:24 +0200: Memory Usage (499392K) : via1 has 105572 polygons
2026-08-28 18:29:25 +0200: Memory Usage (500272K) : metal2_drawn has 95143 polygons
2026-08-28 18:29:25 +0200: Memory Usage (500272K) : metal2_dummy has 0 polygons
2026-08-28 18:29:25 +0200: Memory Usage (501152K) : metal2_label has 33 polygons
2026-08-28 18:29:25 +0200: Memory Usage (501152K) : metal2_slot has 0 polygons
2026-08-28 18:29:25 +0200: Memory Usage (501152K) : metal2_blk has 0 polygons
2026-08-28 18:29:25 +0200: Memory Usage (501152K) : metal3_drawn has 45990 polygons
2026-08-28 18:29:25 +0200: Memory Usage (501152K) : metal3_dummy has 0 polygons
2026-08-28 18:29:25 +0200: Memory Usage (501856K) : metal3_label has 0 polygons
2026-08-28 18:29:25 +0200: Memory Usage (501856K) : metal3_slot has 0 polygons
2026-08-28 18:29:25 +0200: Memory Usage (501856K) : metal3_blk has 0 polygons
2026-08-28 18:29:25 +0200: Memory Usage (501856K) : via3 has 12363 polygons
2026-08-28 18:29:25 +0200: Memory Usage (501856K) : metal4_drawn has 2406 polygons
2026-08-28 18:29:25 +0200: Memory Usage (501856K) : metal4_dummy has 0 polygons
2026-08-28 18:29:25 +0200: Memory Usage (501856K) : metal4_label has 0 polygons
2026-08-28 18:29:25 +0200: Memory Usage (501856K) : metal4_slot has 0 polygons
2026-08-28 18:29:25 +0200: Memory Usage (501856K) : metal4_blk has 0 polygons
2026-08-28 18:29:25 +0200: Memory Usage (501856K) : via4 has 2643 polygons
2026-08-28 18:29:25 +0200: Memory Usage (501856K) : metal5_drawn has 513 polygons
2026-08-28 18:29:25 +0200: Memory Usage (501856K) : metal5_dummy has 0 polygons
2026-08-28 18:29:25 +0200: Memory Usage (501856K) : metal5_label has 0 polygons
2026-08-28 18:29:25 +0200: Memory Usage (501856K) : metal5_slot has 0 polygons
2026-08-28 18:29:25 +0200: Memory Usage (501856K) : metal5_blk has 0 polygons
2026-08-28 18:29:25 +0200: Memory Usage (501856K) : pad has 0 polygons
2026-08-28 18:29:25 +0200: Memory Usage (501856K) : ubmpperi has 0 polygons
2026-08-28 18:29:25 +0200: Memory Usage (501856K) : ubmparray has 0 polygons
2026-08-28 18:29:25 +0200: Memory Usage (501856K) : ubmeplate has 0 polygons
2026-08-28 18:29:25 +0200: Memory Usage (501856K) : metal1_res has 0 polygons
2026-08-28 18:29:25 +0200: Memory Usage (502032K) : metal2_res has 0 polygons
2026-08-28 18:29:25 +0200: Memory Usage (502032K) : metal3_res has 0 polygons
2026-08-28 18:29:25 +0200: Memory Usage (502032K) : metal4_res has 0 polygons
2026-08-28 18:29:25 +0200: Memory Usage (502032K) : metal5_res has 0 polygons
2026-08-28 18:29:25 +0200: Memory Usage (502032K) : metal6_res has 0 polygons
2026-08-28 18:29:25 +0200: Memory Usage (502736K) : pr_bndry has 64345 polygons
2026-08-28 18:29:25 +0200: Memory Usage (502736K) : border has 0 polygons
2026-08-28 18:29:25 +0200: Memory Usage (502736K) : Total no. of polygons in the design is 1846970
2026-08-28 18:29:25 +0200: Memory Usage (502736K) : Starting deriving base layers.
2026-08-28 18:29:33 +0200: Memory Usage (539336K) : Total area of the design is 1859250.0 um^2.
2026-08-28 18:29:33 +0200: Memory Usage (539336K) : Starting GF180MCU DRC rules.
2026-08-28 18:29:33 +0200: Memory Usage (539336K) : Running all FEOL rules
2026-08-28 18:29:33 +0200: Memory Usage (539336K) : Running all BEOL rules
2026-08-28 18:29:33 +0200: Memory Usage (539336K) : via1_split DRC Total Run time 9.135648629 seconds
2026-08-28 18:29:33 +0200: Memory Usage (951340K) : Total area of the design is 1859250.0 um^2.
2026-08-28 18:29:33 +0200: Memory Usage (951340K) : Starting GF180MCU DRC rules.
2026-08-28 18:29:33 +0200: Memory Usage (951340K) : Running all FEOL rules
2026-08-28 18:29:33 +0200: Memory Usage (951340K) : Running all BEOL rules
2026-08-28 18:29:33 +0200: Memory Usage (951340K) : MIM Capacitor Option B section
2026-08-28 18:29:33 +0200: Memory Usage (951340K) : Executing rule MIMTM.1
2026-08-28 18:29:33 +0200: Memory Usage (951724K) : Executing rule MIMTM.2
2026-08-28 18:29:33 +0200: Memory Usage (951724K) : Executing rule MIMTM.3
2026-08-28 18:29:33 +0200: Memory Usage (951724K) : Executing rule MIMTM.4
2026-08-28 18:29:33 +0200: Memory Usage (951724K) : Executing rule MIMTM.5
2026-08-28 18:29:33 +0200: Memory Usage (951724K) : Executing rule MIMTM.6
2026-08-28 18:29:33 +0200: Memory Usage (951724K) : Executing rule MIMTM.7
2026-08-28 18:29:33 +0200: Memory Usage (951724K) : Executing rule MIMTM.8a
2026-08-28 18:29:33 +0200: Memory Usage (951724K) : Executing rule MIMTM.8b
2026-08-28 18:29:33 +0200: Memory Usage (951724K) : Executing rule MIMTM.9
2026-08-28 18:29:33 +0200: Memory Usage (951724K) : Executing rule MIMTM.10
2026-08-28 18:29:33 +0200: Memory Usage (951724K) : Executing rule MIMTM.11
2026-08-28 18:29:33 +0200: Memory Usage (951724K) : mim_b DRC Total Run time 20.596387862 seconds
28-Aug-2026 18:29:33 | INFO    | Running Global Foundries 180nm MCU /headless/aravindustries-repos/butterfold/butterfold_proto/physical/results/d03_ach_candidate/butterfold_top.gds checks on design mslot on cell butterfold_top:
2026-08-28 18:29:34 +0200: Memory Usage (443924K) : Starting running GF180MCU Klayout DRC runset on /headless/aravindustries-repos/butterfold/butterfold_proto/physical/results/d03_ach_candidate/butterfold_top.gds
2026-08-28 18:29:34 +0200: Memory Usage (443924K) : Ruby Version for klayout: 3.2.3
2026-08-28 18:29:35 +0200: Memory Usage (489468K) : Loading database to memory is complete.
2026-08-28 18:29:35 +0200: Memory Usage (489468K) : GF180MCU Klayout DRC runset output at: /headless/aravindustries-repos/butterfold/butterfold_proto/physical/results/d03_ach_candidate/klayout_drc_pgfix/butterfold_top_mslot.lyrdb
2026-08-28 18:29:35 +0200: Memory Usage (489660K) : Evaluate switches.
2026-08-28 18:29:35 +0200: Memory Usage (489660K) : table_name selected  mslot
2026-08-28 18:29:35 +0200: Memory Usage (489660K) : CONNECTIVITY_RULES enabled: false
2026-08-28 18:29:35 +0200: Memory Usage (489660K) : Wedge enabled: false
2026-08-28 18:29:35 +0200: Memory Usage (489660K) : Ball enabled: false
2026-08-28 18:29:35 +0200: Memory Usage (489660K) : Gold enabled: false
2026-08-28 18:29:35 +0200: Memory Usage (489660K) : MIM Option selected: B
2026-08-28 18:29:35 +0200: Memory Usage (489660K) : Offgrid enabled:  true
2026-08-28 18:29:35 +0200: Memory Usage (489660K) : Number of threads to use 2
2026-08-28 18:29:35 +0200: Memory Usage (489660K) : Verbose mode: false
2026-08-28 18:29:35 +0200: Memory Usage (489660K) : flat  mode is enabled for mslot table
2026-08-28 18:29:35 +0200: Memory Usage (489660K) : METAL_TOP Selected is 11K
2026-08-28 18:29:35 +0200: Memory Usage (489660K) : METAL_STACK Selected is 5LM
2026-08-28 18:29:35 +0200: Memory Usage (489660K) : FEOL enabled: true
2026-08-28 18:29:35 +0200: Memory Usage (489660K) : BEOL enabled: true
2026-08-28 18:29:35 +0200: Memory Usage (489660K) : DUMMY enabled: false
2026-08-28 18:29:35 +0200: Memory Usage (489660K) : SLOW_VIA enabled: false
2026-08-28 18:29:35 +0200: Memory Usage (489660K) : Read in polygons from layers.
2026-08-28 18:29:35 +0200: Memory Usage (527300K) : comp has 216638 polygons
2026-08-28 18:29:35 +0200: Memory Usage (527300K) : dnwell has 0 polygons
2026-08-28 18:29:36 +0200: Memory Usage (542616K) : nwell has 422 polygons
2026-08-28 18:29:36 +0200: Memory Usage (542616K) : lvpwell has 307 polygons
2026-08-28 18:29:36 +0200: Memory Usage (553704K) : dualgate has 3 polygons
2026-08-28 18:29:37 +0200: Memory Usage (555016K) : poly2 has 232293 polygons
2026-08-28 18:29:37 +0200: Memory Usage (573304K) : nplus has 1417 polygons
2026-08-28 18:29:38 +0200: Memory Usage (573304K) : pplus has 10152 polygons
2026-08-28 18:29:38 +0200: Memory Usage (573304K) : sab has 0 polygons
2026-08-28 18:29:38 +0200: Memory Usage (573304K) : esd has 0 polygons
2026-08-28 18:29:38 +0200: Memory Usage (573304K) : resistor has 0 polygons
2026-08-28 18:29:38 +0200: Memory Usage (573304K) : fhres has 0 polygons
2026-08-28 18:29:38 +0200: Memory Usage (573304K) : fusetop has 0 polygons
2026-08-28 18:29:38 +0200: Memory Usage (573304K) : fusewindow_d has 0 polygons
2026-08-28 18:29:38 +0200: Memory Usage (573304K) : polyfuse has 0 polygons
2026-08-28 18:29:38 +0200: Memory Usage (573304K) : mvsd has 0 polygons
2026-08-28 18:29:38 +0200: Memory Usage (573304K) : mvpsd has 0 polygons
2026-08-28 18:29:38 +0200: Memory Usage (573304K) : nat has 0 polygons
2026-08-28 18:29:38 +0200: Memory Usage (573304K) : comp_dummy has 0 polygons
2026-08-28 18:29:38 +0200: Memory Usage (573304K) : poly2_dummy has 0 polygons
2026-08-28 18:29:38 +0200: Memory Usage (573304K) : schottky_diode has 0 polygons
2026-08-28 18:29:38 +0200: Memory Usage (573304K) : zener has 0 polygons
2026-08-28 18:29:38 +0200: Memory Usage (573304K) : res_mk has 0 polygons
2026-08-28 18:29:38 +0200: Memory Usage (573304K) : opc_drc has 0 polygons
2026-08-28 18:29:38 +0200: Memory Usage (573304K) : v5_xtor has 3 polygons
2026-08-28 18:29:38 +0200: Memory Usage (573304K) : cap_mk has 0 polygons
2026-08-28 18:29:38 +0200: Memory Usage (573304K) : mos_cap_mk has 0 polygons
2026-08-28 18:29:38 +0200: Memory Usage (573304K) : ind_mk has 0 polygons
2026-08-28 18:29:38 +0200: Memory Usage (573304K) : diode_mk has 26 polygons
2026-08-28 18:29:38 +0200: Memory Usage (573304K) : drc_bjt has 0 polygons
2026-08-28 18:29:38 +0200: Memory Usage (573304K) : lvs_bjt has 0 polygons
2026-08-28 18:29:38 +0200: Memory Usage (573304K) : mim_l_mk has 0 polygons
2026-08-28 18:29:38 +0200: Memory Usage (573304K) : latchup_mk has 0 polygons
2026-08-28 18:29:38 +0200: Memory Usage (573304K) : guard_ring_mk has 0 polygons
2026-08-28 18:29:38 +0200: Memory Usage (573304K) : otp_mk has 0 polygons
2026-08-28 18:29:38 +0200: Memory Usage (573304K) : mtpmark has 0 polygons
2026-08-28 18:29:38 +0200: Memory Usage (573304K) : neo_ee_mk has 0 polygons
2026-08-28 18:29:38 +0200: Memory Usage (573304K) : sramcore has 4 polygons
2026-08-28 18:29:38 +0200: Memory Usage (573304K) : lvs_rf has 0 polygons
2026-08-28 18:29:38 +0200: Memory Usage (573304K) : lvs_drain has 0 polygons
2026-08-28 18:29:38 +0200: Memory Usage (573304K) : ind_mk has 0 polygons
2026-08-28 18:29:38 +0200: Memory Usage (573304K) : hvpolyrs has 0 polygons
2026-08-28 18:29:38 +0200: Memory Usage (573304K) : lvs_io has 0 polygons
2026-08-28 18:29:38 +0200: Memory Usage (573304K) : probe_mk has 0 polygons
2026-08-28 18:29:38 +0200: Memory Usage (573304K) : esd_mk has 0 polygons
2026-08-28 18:29:38 +0200: Memory Usage (573304K) : lvs_source has 0 polygons
2026-08-28 18:29:38 +0200: Memory Usage (573304K) : well_diode_mk has 0 polygons
2026-08-28 18:29:38 +0200: Memory Usage (573304K) : ldmos_xtor has 0 polygons
2026-08-28 18:29:38 +0200: Memory Usage (573304K) : plfuse has 0 polygons
2026-08-28 18:29:38 +0200: Memory Usage (573304K) : efuse_mk has 0 polygons
2026-08-28 18:29:38 +0200: Memory Usage (573304K) : mcell_feol_mk has 0 polygons
2026-08-28 18:29:38 +0200: Memory Usage (573304K) : ymtp_mk has 0 polygons
2026-08-28 18:29:38 +0200: Memory Usage (573304K) : dev_wf_mk has 0 polygons
2026-08-28 18:29:38 +0200: Memory Usage (573304K) : comp_label has 0 polygons
2026-08-28 18:29:38 +0200: Memory Usage (573304K) : poly2_label has 0 polygons
2026-08-28 18:29:38 +0200: Memory Usage (573304K) : mdiode has 0 polygons
2026-08-28 18:29:38 +0200: Memory Usage (573304K) : ndmy has 0 polygons
2026-08-28 18:29:38 +0200: Memory Usage (573304K) : pmndmy has 0 polygons
2026-08-28 18:29:41 +0200: Memory Usage (626240K) : metal1_drawn has 251861 polygons
2026-08-28 18:29:41 +0200: Memory Usage (626240K) : metal1_dummy has 0 polygons
2026-08-28 18:29:41 +0200: Memory Usage (626240K) : metal1_label has 0 polygons
2026-08-28 18:29:41 +0200: Memory Usage (626240K) : metal1_slot has 0 polygons
2026-08-28 18:29:41 +0200: Memory Usage (626240K) : metal1_blk has 0 polygons
2026-08-28 18:29:42 +0200: Memory Usage (632048K) : metal2_drawn has 51071 polygons
2026-08-28 18:29:42 +0200: Memory Usage (632048K) : metal2_dummy has 0 polygons
2026-08-28 18:29:42 +0200: Memory Usage (632048K) : metal2_label has 33 polygons
2026-08-28 18:29:42 +0200: Memory Usage (632048K) : metal2_slot has 0 polygons
2026-08-28 18:29:42 +0200: Memory Usage (632048K) : metal2_blk has 0 polygons
2026-08-28 18:29:42 +0200: Memory Usage (632048K) : metal3_drawn has 25645 polygons
2026-08-28 18:29:42 +0200: Memory Usage (632048K) : metal3_dummy has 0 polygons
2026-08-28 18:29:42 +0200: Memory Usage (632048K) : metal3_label has 0 polygons
2026-08-28 18:29:42 +0200: Memory Usage (632048K) : metal3_slot has 0 polygons
2026-08-28 18:29:42 +0200: Memory Usage (632048K) : metal3_blk has 0 polygons
2026-08-28 18:29:42 +0200: Memory Usage (632048K) : via3 has 12363 polygons
2026-08-28 18:29:42 +0200: Memory Usage (632048K) : metal4_drawn has 2332 polygons
2026-08-28 18:29:42 +0200: Memory Usage (632048K) : metal4_dummy has 0 polygons
2026-08-28 18:29:42 +0200: Memory Usage (632048K) : metal4_label has 0 polygons
2026-08-28 18:29:42 +0200: Memory Usage (632048K) : metal4_slot has 0 polygons
2026-08-28 18:29:42 +0200: Memory Usage (632048K) : metal4_blk has 0 polygons
2026-08-28 18:29:42 +0200: Memory Usage (632048K) : via4 has 2643 polygons
2026-08-28 18:29:42 +0200: Memory Usage (632048K) : metal5_drawn has 491 polygons
2026-08-28 18:29:42 +0200: Memory Usage (632048K) : metal5_dummy has 0 polygons
2026-08-28 18:29:42 +0200: Memory Usage (632048K) : metal5_label has 0 polygons
2026-08-28 18:29:42 +0200: Memory Usage (632048K) : metal5_slot has 0 polygons
2026-08-28 18:29:42 +0200: Memory Usage (632048K) : metal5_blk has 0 polygons
2026-08-28 18:29:42 +0200: Memory Usage (632048K) : pad has 0 polygons
2026-08-28 18:29:42 +0200: Memory Usage (632048K) : ubmpperi has 0 polygons
2026-08-28 18:29:42 +0200: Memory Usage (632048K) : ubmparray has 0 polygons
2026-08-28 18:29:42 +0200: Memory Usage (632048K) : ubmeplate has 0 polygons
2026-08-28 18:29:42 +0200: Memory Usage (632048K) : metal1_res has 0 polygons
2026-08-28 18:29:42 +0200: Memory Usage (632048K) : metal2_res has 0 polygons
2026-08-28 18:29:42 +0200: Memory Usage (632048K) : metal3_res has 0 polygons
2026-08-28 18:29:42 +0200: Memory Usage (632048K) : metal4_res has 0 polygons
2026-08-28 18:29:42 +0200: Memory Usage (632048K) : metal5_res has 0 polygons
2026-08-28 18:29:42 +0200: Memory Usage (632048K) : metal6_res has 0 polygons
2026-08-28 18:29:42 +0200: Memory Usage (632048K) : pr_bndry has 1 polygons
2026-08-28 18:29:42 +0200: Memory Usage (632048K) : border has 0 polygons
2026-08-28 18:29:42 +0200: Memory Usage (632048K) : Total no. of polygons in the design is 807705
2026-08-28 18:29:42 +0200: Memory Usage (632048K) : Starting deriving base layers.
2026-08-28 18:29:55 +0200: Memory Usage (929732K) : Total area of the design is 1859250.0 um^2.
2026-08-28 18:29:55 +0200: Memory Usage (929732K) : Starting GF180MCU DRC rules.
2026-08-28 18:29:55 +0200: Memory Usage (929732K) : Running all FEOL rules
2026-08-28 18:29:55 +0200: Memory Usage (929732K) : Running all BEOL rules
2026-08-28 18:29:55 +0200: Memory Usage (929732K) : Starting Metal Slotting rules derivations
2026-08-28 18:29:55 +0200: Memory Usage (929732K) : Checking slots for: metal1
ERROR: In /headless/aravindustries-repos/butterfold/butterfold_proto/physical/results/d03_ach_candidate/klayout_drc_pgfix/mslot.drc: undefined method `sized' for nil:NilClass
ERROR: NoMethodError: undefined method `sized' for nil:NilClass in Executable::execute
  /headless/aravindustries-repos/butterfold/butterfold_proto/physical/results/d03_ach_candidate/klayout_drc_pgfix/mslot.drc:470:in `block in execute'
  /headless/aravindustries-repos/butterfold/butterfold_proto/physical/results/d03_ach_candidate/klayout_drc_pgfix/mslot.drc:461:in `each'
  /headless/aravindustries-repos/butterfold/butterfold_proto/physical/results/d03_ach_candidate/klayout_drc_pgfix/mslot.drc:461:in `execute'
  :/built-in-macros/drc_interpreters.lym:31:in `instance_eval'
  :/built-in-macros/drc_interpreters.lym:31:in `execute'
28-Aug-2026 18:29:55 | ERROR   | mslot generated an exception: Command 'klayout -b -r /headless/aravindustries-repos/butterfold/butterfold_proto/physical/results/d03_ach_candidate/klayout_drc_pgfix/mslot.drc -rd thr=2 -rd metal_top=11K -rd mim_option=B -rd metal_level=5LM -rd verbose=false -rd feol=true -rd beol=true -rd offgrid=true -rd conn_drc=true -rd density=false -rd split_deep=false -rd slow_via=false -rd topcell=butterfold_top -rd input=/headless/aravindustries-repos/butterfold/butterfold_proto/physical/results/d03_ach_candidate/butterfold_top.gds -rd report=/headless/aravindustries-repos/butterfold/butterfold_proto/physical/results/d03_ach_candidate/klayout_drc_pgfix/butterfold_top_mslot.lyrdb -rd run_mode=flat -rd table_name=mslot' returned non-zero exit status 1.
Traceback (most recent call last):
  File "/foss/pdks/gf180mcuD/libs.tech/klayout/tech/drc/run_drc.py", line 587, in run_parallel_run
    list_res_db_files.append(future.result())
                             ^^^^^^^^^^^^^^^
  File "/usr/lib/python3.12/concurrent/futures/_base.py", line 449, in result
    return self.__get_result()
           ^^^^^^^^^^^^^^^^^^^
  File "/usr/lib/python3.12/concurrent/futures/_base.py", line 401, in __get_result
    raise self._exception
  File "/usr/lib/python3.12/concurrent/futures/thread.py", line 58, in run
    result = self.fn(*self.args, **self.kwargs)
             ^^^^^^^^^^^^^^^^^^^^^^^^^^^^^^^^^^
  File "/foss/pdks/gf180mcuD/libs.tech/klayout/tech/drc/run_drc.py", line 511, in run_check
    check_call(run_str, shell=True)
  File "/usr/lib/python3.12/subprocess.py", line 413, in check_call
    raise CalledProcessError(retcode, cmd)
subprocess.CalledProcessError: Command 'klayout -b -r /headless/aravindustries-repos/butterfold/butterfold_proto/physical/results/d03_ach_candidate/klayout_drc_pgfix/mslot.drc -rd thr=2 -rd metal_top=11K -rd mim_option=B -rd metal_level=5LM -rd verbose=false -rd feol=true -rd beol=true -rd offgrid=true -rd conn_drc=true -rd density=false -rd split_deep=false -rd slow_via=false -rd topcell=butterfold_top -rd input=/headless/aravindustries-repos/butterfold/butterfold_proto/physical/results/d03_ach_candidate/butterfold_top.gds -rd report=/headless/aravindustries-repos/butterfold/butterfold_proto/physical/results/d03_ach_candidate/klayout_drc_pgfix/butterfold_top_mslot.lyrdb -rd run_mode=flat -rd table_name=mslot' returned non-zero exit status 1.
2026-08-28 18:46:37 +0200: Memory Usage (1973476K) : Executing rule CO.6a
2026-08-28 18:46:52 +0200: Memory Usage (1846652K) : Executing rule CO.6b
2026-08-28 18:46:54 +0200: Memory Usage (1045828K) : Executing rule M1.2b
2026-08-28 18:46:59 +0200: Memory Usage (1045812K) : Executing rule M1.3
2026-08-28 18:46:59 +0200: Memory Usage (1045812K) : metal1 DRC Total Run time 1898.191279145 seconds
2026-08-28 19:29:17 +0200: Memory Usage (3362296K) : Executing rule CO.7
2026-08-28 19:29:21 +0200: Memory Usage (3362296K) : Executing rule CO.8
2026-08-28 19:29:25 +0200: Memory Usage (3362296K) : Executing rule CO.9
2026-08-28 19:29:25 +0200: Memory Usage (3362296K) : Executing rule CO.10
2026-08-28 19:29:28 +0200: Memory Usage (3362296K) : Executing rule CO.11
2026-08-28 19:29:34 +0200: Memory Usage (3362296K) : contact DRC Total Run time 4440.467355934 seconds
28-Aug-2026 19:29:39 | ERROR   | Klayout DRC run is not clean.
28-Aug-2026 19:29:39 | ERROR   | Violated rules are : {'CO.6a'}

