Startpoint: pad_din[3] (input port clocked by pad_clk_ext)
Endpoint: u_core/_20176_
          (rising edge-triggered flip-flop clocked by pad_clk_ext)
Path Group: pad_clk_ext
Path Type: min

  Delay    Time   Description
---------------------------------------------------------
   0.00    0.00   clock pad_clk_ext (rise edge)
   0.00    0.00   clock network delay (propagated)
   0.10    0.10 ^ input external delay
   0.00    0.10 ^ pad_din[3] (in)
   0.98    1.08 ^ u_pad_din3/Y (gf180mcu_fd_io__in_c)
   1.38    2.46 ^ hold1185/Z (gf180mcu_fd_sc_mcu9t5v0__dlyc_1)
   0.32    2.78 ^ u_din3_iso/Z (gf180mcu_fd_sc_mcu9t5v0__buf_1)
   0.18    2.96 ^ u_din3_drive/Z (gf180mcu_fd_sc_mcu9t5v0__buf_8)
   0.12    3.09 v u_core/_09763_/ZN (gf180mcu_fd_sc_mcu9t5v0__nand2_1)
   0.23    3.32 ^ u_core/_15794_/ZN (gf180mcu_fd_sc_mcu9t5v0__nand3_1)
   0.17    3.48 v u_core/_15797_/ZN (gf180mcu_fd_sc_mcu9t5v0__oai211_1)
   0.00    3.48 v u_core/_20176_/D (gf180mcu_fd_sc_mcu9t5v0__dffq_2)
           3.48   data arrival time

   0.00    0.00   clock pad_clk_ext (rise edge)
   0.00    0.00   clock source latency
   0.00    0.00 ^ pad_clk (in)
   0.98    0.98 ^ u_pad_clk/Y (gf180mcu_fd_io__in_c)
   0.74    1.72 ^ u_clk_iso/Z (gf180mcu_fd_sc_mcu9t5v0__clkbuf_1)
   0.30    2.02 ^ clkbuf_regs_0_pad_clk_ext/Z (gf180mcu_fd_sc_mcu9t5v0__clkbuf_16)
   0.20    2.21 ^ clkbuf_0_core_clk_regs/Z (gf180mcu_fd_sc_mcu9t5v0__clkbuf_16)
   0.23    2.45 ^ clkbuf_2_0_0_core_clk_regs/Z (gf180mcu_fd_sc_mcu9t5v0__clkbuf_8)
   0.29    2.73 ^ clkbuf_3_0__f_core_clk_regs/Z (gf180mcu_fd_sc_mcu9t5v0__clkbuf_16)
   0.28    3.01 ^ clkbuf_leaf_99_core_clk_regs/Z (gf180mcu_fd_sc_mcu9t5v0__clkbuf_8)
   0.00    3.01 ^ u_core/_20176_/CLK (gf180mcu_fd_sc_mcu9t5v0__dffq_2)
   0.05    3.06   clock uncertainty
   0.00    3.06   clock reconvergence pessimism
   0.13    3.19   library hold time
           3.19   data required time
---------------------------------------------------------
           3.19   data required time
          -3.48   data arrival time
---------------------------------------------------------
           0.29   slack (MET)


Startpoint: pad_din[1] (input port clocked by pad_clk_ext)
Endpoint: u_core/_20941_
          (rising edge-triggered flip-flop clocked by pad_clk_ext)
Path Group: pad_clk_ext
Path Type: min

  Delay    Time   Description
---------------------------------------------------------
   0.00    0.00   clock pad_clk_ext (rise edge)
   0.00    0.00   clock network delay (propagated)
   0.10    0.10 v input external delay
   0.00    0.10 v pad_din[1] (in)
   0.87    0.97 v u_pad_din1/Y (gf180mcu_fd_io__in_c)
   1.47    2.43 v hold1191/Z (gf180mcu_fd_sc_mcu9t5v0__dlyc_1)
   0.33    2.77 v u_din1_iso/Z (gf180mcu_fd_sc_mcu9t5v0__buf_1)
   0.20    2.97 v u_din1_drive/Z (gf180mcu_fd_sc_mcu9t5v0__buf_8)
   0.25    3.23 ^ u_core/_09746_/ZN (gf180mcu_fd_sc_mcu9t5v0__clkinv_1)
   0.20    3.43 ^ u_core/place630/Z (gf180mcu_fd_sc_mcu9t5v0__buf_8)
   0.12    3.55 v u_core/_11310_/ZN (gf180mcu_fd_sc_mcu9t5v0__oai31_1)
   0.00    3.55 v u_core/_20941_/D (gf180mcu_fd_sc_mcu9t5v0__dffq_2)
           3.55   data arrival time

   0.00    0.00   clock pad_clk_ext (rise edge)
   0.00    0.00   clock source latency
   0.00    0.00 ^ pad_clk (in)
   0.98    0.98 ^ u_pad_clk/Y (gf180mcu_fd_io__in_c)
   0.74    1.72 ^ u_clk_iso/Z (gf180mcu_fd_sc_mcu9t5v0__clkbuf_1)
   0.30    2.02 ^ clkbuf_regs_0_pad_clk_ext/Z (gf180mcu_fd_sc_mcu9t5v0__clkbuf_16)
   0.20    2.21 ^ clkbuf_0_core_clk_regs/Z (gf180mcu_fd_sc_mcu9t5v0__clkbuf_16)
   0.23    2.45 ^ clkbuf_2_0_0_core_clk_regs/Z (gf180mcu_fd_sc_mcu9t5v0__clkbuf_8)
   0.29    2.73 ^ clkbuf_3_0__f_core_clk_regs/Z (gf180mcu_fd_sc_mcu9t5v0__clkbuf_16)
   0.28    3.01 ^ clkbuf_leaf_2_core_clk_regs/Z (gf180mcu_fd_sc_mcu9t5v0__clkbuf_8)
   0.00    3.01 ^ u_core/_20941_/CLK (gf180mcu_fd_sc_mcu9t5v0__dffq_2)
   0.05    3.06   clock uncertainty
   0.00    3.06   clock reconvergence pessimism
   0.14    3.20   library hold time
           3.20   data required time
---------------------------------------------------------
           3.20   data required time
          -3.55   data arrival time
---------------------------------------------------------
           0.35   slack (MET)


Startpoint: pad_din_valid_i (input port clocked by pad_clk_ext)
Endpoint: u_core/_21097_
          (rising edge-triggered flip-flop clocked by pad_clk_ext)
Path Group: pad_clk_ext
Path Type: min

  Delay    Time   Description
---------------------------------------------------------
   0.00    0.00   clock pad_clk_ext (rise edge)
   0.00    0.00   clock network delay (propagated)
   0.10    0.10 ^ input external delay
   0.00    0.10 ^ pad_din_valid_i (in)
   0.98    1.08 ^ u_pad_din_valid/Y (gf180mcu_fd_io__in_c)
   1.38    2.46 ^ hold1183/Z (gf180mcu_fd_sc_mcu9t5v0__dlyc_1)
   0.32    2.78 ^ u_valid_iso/Z (gf180mcu_fd_sc_mcu9t5v0__buf_1)
   0.17    2.95 ^ u_valid_drive/Z (gf180mcu_fd_sc_mcu9t5v0__buf_8)
   0.26    3.21 v u_core/_09745_/ZN (gf180mcu_fd_sc_mcu9t5v0__clkinv_1)
   0.22    3.43 ^ u_core/_18720_/ZN (gf180mcu_fd_sc_mcu9t5v0__nand2_1)
   0.09    3.52 v u_core/_18721_/ZN (gf180mcu_fd_sc_mcu9t5v0__nand2_1)
   0.00    3.52 v u_core/_21097_/D (gf180mcu_fd_sc_mcu9t5v0__dffrnq_2)
           3.52   data arrival time

   0.00    0.00   clock pad_clk_ext (rise edge)
   0.00    0.00   clock source latency
   0.00    0.00 ^ pad_clk (in)
   0.98    0.98 ^ u_pad_clk/Y (gf180mcu_fd_io__in_c)
   0.74    1.72 ^ u_clk_iso/Z (gf180mcu_fd_sc_mcu9t5v0__clkbuf_1)
   0.30    2.02 ^ clkbuf_regs_0_pad_clk_ext/Z (gf180mcu_fd_sc_mcu9t5v0__clkbuf_16)
   0.20    2.21 ^ clkbuf_0_core_clk_regs/Z (gf180mcu_fd_sc_mcu9t5v0__clkbuf_16)
   0.23    2.45 ^ clkbuf_2_1_0_core_clk_regs/Z (gf180mcu_fd_sc_mcu9t5v0__clkbuf_8)
   0.29    2.73 ^ clkbuf_3_2__f_core_clk_regs/Z (gf180mcu_fd_sc_mcu9t5v0__clkbuf_16)
   0.28    3.01 ^ clkbuf_leaf_23_core_clk_regs/Z (gf180mcu_fd_sc_mcu9t5v0__clkbuf_8)
   0.00    3.01 ^ u_core/_21097_/CLK (gf180mcu_fd_sc_mcu9t5v0__dffrnq_2)
   0.05    3.06   clock uncertainty
   0.00    3.06   clock reconvergence pessimism
   0.08    3.14   library hold time
           3.14   data required time
---------------------------------------------------------
           3.14   data required time
          -3.52   data arrival time
---------------------------------------------------------
           0.38   slack (MET)


Startpoint: pad_din_valid_i (input port clocked by pad_clk_ext)
Endpoint: u_core/_21098_
          (rising edge-triggered flip-flop clocked by pad_clk_ext)
Path Group: pad_clk_ext
Path Type: min

  Delay    Time   Description
---------------------------------------------------------
   0.00    0.00   clock pad_clk_ext (rise edge)
   0.00    0.00   clock network delay (propagated)
   0.10    0.10 ^ input external delay
   0.00    0.10 ^ pad_din_valid_i (in)
   0.98    1.08 ^ u_pad_din_valid/Y (gf180mcu_fd_io__in_c)
   1.38    2.46 ^ hold1183/Z (gf180mcu_fd_sc_mcu9t5v0__dlyc_1)
   0.32    2.78 ^ u_valid_iso/Z (gf180mcu_fd_sc_mcu9t5v0__buf_1)
   0.17    2.95 ^ u_valid_drive/Z (gf180mcu_fd_sc_mcu9t5v0__buf_8)
   0.26    3.21 v u_core/_09745_/ZN (gf180mcu_fd_sc_mcu9t5v0__clkinv_1)
   0.22    3.43 ^ u_core/_18832_/ZN (gf180mcu_fd_sc_mcu9t5v0__nand2_1)
   0.11    3.54 v u_core/_18833_/ZN (gf180mcu_fd_sc_mcu9t5v0__oai31_1)
   0.00    3.54 v u_core/_21098_/D (gf180mcu_fd_sc_mcu9t5v0__dffrnq_2)
           3.54   data arrival time

   0.00    0.00   clock pad_clk_ext (rise edge)
   0.00    0.00   clock source latency
   0.00    0.00 ^ pad_clk (in)
   0.98    0.98 ^ u_pad_clk/Y (gf180mcu_fd_io__in_c)
   0.74    1.72 ^ u_clk_iso/Z (gf180mcu_fd_sc_mcu9t5v0__clkbuf_1)
   0.30    2.02 ^ clkbuf_regs_0_pad_clk_ext/Z (gf180mcu_fd_sc_mcu9t5v0__clkbuf_16)
   0.20    2.21 ^ clkbuf_0_core_clk_regs/Z (gf180mcu_fd_sc_mcu9t5v0__clkbuf_16)
   0.23    2.45 ^ clkbuf_2_1_0_core_clk_regs/Z (gf180mcu_fd_sc_mcu9t5v0__clkbuf_8)
   0.29    2.73 ^ clkbuf_3_2__f_core_clk_regs/Z (gf180mcu_fd_sc_mcu9t5v0__clkbuf_16)
   0.28    3.01 ^ clkbuf_leaf_8_core_clk_regs/Z (gf180mcu_fd_sc_mcu9t5v0__clkbuf_8)
   0.00    3.01 ^ u_core/_21098_/CLK (gf180mcu_fd_sc_mcu9t5v0__dffrnq_2)
   0.05    3.06   clock uncertainty
   0.00    3.06   clock reconvergence pessimism
   0.08    3.14   library hold time
           3.14   data required time
---------------------------------------------------------
           3.14   data required time
          -3.54   data arrival time
---------------------------------------------------------
           0.40   slack (MET)


Startpoint: pad_din_valid_i (input port clocked by pad_clk_ext)
Endpoint: u_core/_21092_
          (rising edge-triggered flip-flop clocked by pad_clk_ext)
Path Group: pad_clk_ext
Path Type: min

  Delay    Time   Description
---------------------------------------------------------
   0.00    0.00   clock pad_clk_ext (rise edge)
   0.00    0.00   clock network delay (propagated)
   0.10    0.10 ^ input external delay
   0.00    0.10 ^ pad_din_valid_i (in)
   0.98    1.08 ^ u_pad_din_valid/Y (gf180mcu_fd_io__in_c)
   1.38    2.46 ^ hold1183/Z (gf180mcu_fd_sc_mcu9t5v0__dlyc_1)
   0.32    2.78 ^ u_valid_iso/Z (gf180mcu_fd_sc_mcu9t5v0__buf_1)
   0.17    2.95 ^ u_valid_drive/Z (gf180mcu_fd_sc_mcu9t5v0__buf_8)
   0.26    3.21 v u_core/_09745_/ZN (gf180mcu_fd_sc_mcu9t5v0__clkinv_1)
   0.22    3.43 ^ u_core/_18799_/ZN (gf180mcu_fd_sc_mcu9t5v0__nand2_1)
   0.11    3.54 v u_core/_18800_/ZN (gf180mcu_fd_sc_mcu9t5v0__oai31_1)
   0.00    3.54 v u_core/_21092_/D (gf180mcu_fd_sc_mcu9t5v0__dffrnq_2)
           3.54   data arrival time

   0.00    0.00   clock pad_clk_ext (rise edge)
   0.00    0.00   clock source latency
   0.00    0.00 ^ pad_clk (in)
   0.98    0.98 ^ u_pad_clk/Y (gf180mcu_fd_io__in_c)
   0.74    1.72 ^ u_clk_iso/Z (gf180mcu_fd_sc_mcu9t5v0__clkbuf_1)
   0.30    2.02 ^ clkbuf_regs_0_pad_clk_ext/Z (gf180mcu_fd_sc_mcu9t5v0__clkbuf_16)
   0.20    2.21 ^ clkbuf_0_core_clk_regs/Z (gf180mcu_fd_sc_mcu9t5v0__clkbuf_16)
   0.23    2.45 ^ clkbuf_2_1_0_core_clk_regs/Z (gf180mcu_fd_sc_mcu9t5v0__clkbuf_8)
   0.29    2.73 ^ clkbuf_3_2__f_core_clk_regs/Z (gf180mcu_fd_sc_mcu9t5v0__clkbuf_16)
   0.28    3.01 ^ clkbuf_leaf_8_core_clk_regs/Z (gf180mcu_fd_sc_mcu9t5v0__clkbuf_8)
   0.00    3.01 ^ u_core/_21092_/CLK (gf180mcu_fd_sc_mcu9t5v0__dffrnq_2)
   0.05    3.06   clock uncertainty
   0.00    3.06   clock reconvergence pessimism
   0.08    3.14   library hold time
           3.14   data required time
---------------------------------------------------------
           3.14   data required time
          -3.54   data arrival time
---------------------------------------------------------
           0.40   slack (MET)


Startpoint: pad_din[1] (input port clocked by pad_clk_ext)
Endpoint: u_core/_19669_
          (rising edge-triggered flip-flop clocked by pad_clk_ext)
Path Group: pad_clk_ext
Path Type: min

  Delay    Time   Description
---------------------------------------------------------
   0.00    0.00   clock pad_clk_ext (rise edge)
   0.00    0.00   clock network delay (propagated)
   0.10    0.10 v input external delay
   0.00    0.10 v pad_din[1] (in)
   0.87    0.97 v u_pad_din1/Y (gf180mcu_fd_io__in_c)
   1.47    2.43 v hold1191/Z (gf180mcu_fd_sc_mcu9t5v0__dlyc_1)
   0.33    2.77 v u_din1_iso/Z (gf180mcu_fd_sc_mcu9t5v0__buf_1)
   0.20    2.97 v u_din1_drive/Z (gf180mcu_fd_sc_mcu9t5v0__buf_8)
   0.25    3.23 ^ u_core/_09746_/ZN (gf180mcu_fd_sc_mcu9t5v0__clkinv_1)
   0.20    3.43 ^ u_core/place630/Z (gf180mcu_fd_sc_mcu9t5v0__buf_8)
   0.12    3.55 v u_core/_18473_/ZN (gf180mcu_fd_sc_mcu9t5v0__oai31_1)
   0.00    3.55 v u_core/_19669_/D (gf180mcu_fd_sc_mcu9t5v0__dffrnq_2)
           3.55   data arrival time

   0.00    0.00   clock pad_clk_ext (rise edge)
   0.00    0.00   clock source latency
   0.00    0.00 ^ pad_clk (in)
   0.98    0.98 ^ u_pad_clk/Y (gf180mcu_fd_io__in_c)
   0.74    1.72 ^ u_clk_iso/Z (gf180mcu_fd_sc_mcu9t5v0__clkbuf_1)
   0.30    2.02 ^ clkbuf_regs_0_pad_clk_ext/Z (gf180mcu_fd_sc_mcu9t5v0__clkbuf_16)
   0.20    2.21 ^ clkbuf_0_core_clk_regs/Z (gf180mcu_fd_sc_mcu9t5v0__clkbuf_16)
   0.23    2.45 ^ clkbuf_2_1_0_core_clk_regs/Z (gf180mcu_fd_sc_mcu9t5v0__clkbuf_8)
   0.29    2.73 ^ clkbuf_3_2__f_core_clk_regs/Z (gf180mcu_fd_sc_mcu9t5v0__clkbuf_16)
   0.28    3.01 ^ clkbuf_leaf_8_core_clk_regs/Z (gf180mcu_fd_sc_mcu9t5v0__clkbuf_8)
   0.00    3.01 ^ u_core/_19669_/CLK (gf180mcu_fd_sc_mcu9t5v0__dffrnq_2)
   0.05    3.06   clock uncertainty
   0.00    3.06   clock reconvergence pessimism
   0.08    3.14   library hold time
           3.14   data required time
---------------------------------------------------------
           3.14   data required time
          -3.55   data arrival time
---------------------------------------------------------
           0.41   slack (MET)


Startpoint: pad_din[3] (input port clocked by pad_clk_ext)
Endpoint: u_core/_19662_
          (rising edge-triggered flip-flop clocked by pad_clk_ext)
Path Group: pad_clk_ext
Path Type: min

  Delay    Time   Description
---------------------------------------------------------
   0.00    0.00   clock pad_clk_ext (rise edge)
   0.00    0.00   clock network delay (propagated)
   0.10    0.10 ^ input external delay
   0.00    0.10 ^ pad_din[3] (in)
   0.98    1.08 ^ u_pad_din3/Y (gf180mcu_fd_io__in_c)
   1.38    2.46 ^ hold1185/Z (gf180mcu_fd_sc_mcu9t5v0__dlyc_1)
   0.32    2.78 ^ u_din3_iso/Z (gf180mcu_fd_sc_mcu9t5v0__buf_1)
   0.18    2.96 ^ u_din3_drive/Z (gf180mcu_fd_sc_mcu9t5v0__buf_8)
   0.13    3.10 v u_core/_09747_/ZN (gf180mcu_fd_sc_mcu9t5v0__clkinv_1)
   0.38    3.48 ^ u_core/_09750_/ZN (gf180mcu_fd_sc_mcu9t5v0__nand3_1)
   0.15    3.62 v u_core/_18817_/ZN (gf180mcu_fd_sc_mcu9t5v0__oai31_1)
   0.00    3.62 v u_core/_19662_/D (gf180mcu_fd_sc_mcu9t5v0__dffrnq_2)
           3.62   data arrival time

   0.00    0.00   clock pad_clk_ext (rise edge)
   0.00    0.00   clock source latency
   0.00    0.00 ^ pad_clk (in)
   0.98    0.98 ^ u_pad_clk/Y (gf180mcu_fd_io__in_c)
   0.74    1.72 ^ u_clk_iso/Z (gf180mcu_fd_sc_mcu9t5v0__clkbuf_1)
   0.30    2.02 ^ clkbuf_regs_0_pad_clk_ext/Z (gf180mcu_fd_sc_mcu9t5v0__clkbuf_16)
   0.20    2.21 ^ clkbuf_0_core_clk_regs/Z (gf180mcu_fd_sc_mcu9t5v0__clkbuf_16)
   0.23    2.45 ^ clkbuf_2_1_0_core_clk_regs/Z (gf180mcu_fd_sc_mcu9t5v0__clkbuf_8)
   0.29    2.73 ^ clkbuf_3_2__f_core_clk_regs/Z (gf180mcu_fd_sc_mcu9t5v0__clkbuf_16)
   0.28    3.01 ^ clkbuf_leaf_9_core_clk_regs/Z (gf180mcu_fd_sc_mcu9t5v0__clkbuf_8)
   0.00    3.01 ^ u_core/_19662_/CLK (gf180mcu_fd_sc_mcu9t5v0__dffrnq_2)
   0.05    3.06   clock uncertainty
   0.00    3.06   clock reconvergence pessimism
   0.08    3.14   library hold time
           3.14   data required time
---------------------------------------------------------
           3.14   data required time
          -3.62   data arrival time
---------------------------------------------------------
           0.49   slack (MET)


Startpoint: pad_din[3] (input port clocked by pad_clk_ext)
Endpoint: u_core/_20943_
          (rising edge-triggered flip-flop clocked by pad_clk_ext)
Path Group: pad_clk_ext
Path Type: min

  Delay    Time   Description
---------------------------------------------------------
   0.00    0.00   clock pad_clk_ext (rise edge)
   0.00    0.00   clock network delay (propagated)
   0.10    0.10 v input external delay
   0.00    0.10 v pad_din[3] (in)
   0.87    0.97 v u_pad_din3/Y (gf180mcu_fd_io__in_c)
   1.47    2.43 v hold1185/Z (gf180mcu_fd_sc_mcu9t5v0__dlyc_1)
   0.33    2.77 v u_din3_iso/Z (gf180mcu_fd_sc_mcu9t5v0__buf_1)
   0.21    2.98 v u_din3_drive/Z (gf180mcu_fd_sc_mcu9t5v0__buf_8)
   0.37    3.35 v u_core/_09753_/Z (gf180mcu_fd_sc_mcu9t5v0__buf_1)
   0.25    3.60 ^ u_core/_11302_/ZN (gf180mcu_fd_sc_mcu9t5v0__nand2_1)
   0.12    3.72 v u_core/_11304_/ZN (gf180mcu_fd_sc_mcu9t5v0__oai21_1)
   0.00    3.72 v u_core/_20943_/D (gf180mcu_fd_sc_mcu9t5v0__dffq_2)
           3.72   data arrival time

   0.00    0.00   clock pad_clk_ext (rise edge)
   0.00    0.00   clock source latency
   0.00    0.00 ^ pad_clk (in)
   0.98    0.98 ^ u_pad_clk/Y (gf180mcu_fd_io__in_c)
   0.74    1.72 ^ u_clk_iso/Z (gf180mcu_fd_sc_mcu9t5v0__clkbuf_1)
   0.30    2.02 ^ clkbuf_regs_0_pad_clk_ext/Z (gf180mcu_fd_sc_mcu9t5v0__clkbuf_16)
   0.20    2.21 ^ clkbuf_0_core_clk_regs/Z (gf180mcu_fd_sc_mcu9t5v0__clkbuf_16)
   0.23    2.45 ^ clkbuf_2_0_0_core_clk_regs/Z (gf180mcu_fd_sc_mcu9t5v0__clkbuf_8)
   0.29    2.73 ^ clkbuf_3_0__f_core_clk_regs/Z (gf180mcu_fd_sc_mcu9t5v0__clkbuf_16)
   0.28    3.01 ^ clkbuf_leaf_100_core_clk_regs/Z (gf180mcu_fd_sc_mcu9t5v0__clkbuf_8)
   0.00    3.01 ^ u_core/_20943_/CLK (gf180mcu_fd_sc_mcu9t5v0__dffq_2)
   0.05    3.06   clock uncertainty
   0.00    3.06   clock reconvergence pessimism
   0.14    3.20   library hold time
           3.20   data required time
---------------------------------------------------------
           3.20   data required time
          -3.72   data arrival time
---------------------------------------------------------
           0.52   slack (MET)


Startpoint: pad_din[6] (input port clocked by pad_clk_ext)
Endpoint: u_core/_20946_
          (rising edge-triggered flip-flop clocked by pad_clk_ext)
Path Group: pad_clk_ext
Path Type: min

  Delay    Time   Description
---------------------------------------------------------
   0.00    0.00   clock pad_clk_ext (rise edge)
   0.00    0.00   clock network delay (propagated)
   0.10    0.10 v input external delay
   0.00    0.10 v pad_din[6] (in)
   0.87    0.97 v u_pad_din6/Y (gf180mcu_fd_io__in_c)
   1.47    2.43 v hold1193/Z (gf180mcu_fd_sc_mcu9t5v0__dlyc_1)
   0.33    2.77 v u_din6_iso/Z (gf180mcu_fd_sc_mcu9t5v0__buf_1)
   0.20    2.97 v u_din6_drive/Z (gf180mcu_fd_sc_mcu9t5v0__buf_8)
   0.38    3.35 v u_core/_09758_/Z (gf180mcu_fd_sc_mcu9t5v0__buf_1)
   0.26    3.60 ^ u_core/_11292_/ZN (gf180mcu_fd_sc_mcu9t5v0__nand2_1)
   0.12    3.72 v u_core/_11295_/ZN (gf180mcu_fd_sc_mcu9t5v0__oai21_1)
   0.00    3.72 v u_core/_20946_/D (gf180mcu_fd_sc_mcu9t5v0__dffq_2)
           3.72   data arrival time

   0.00    0.00   clock pad_clk_ext (rise edge)
   0.00    0.00   clock source latency
   0.00    0.00 ^ pad_clk (in)
   0.98    0.98 ^ u_pad_clk/Y (gf180mcu_fd_io__in_c)
   0.74    1.72 ^ u_clk_iso/Z (gf180mcu_fd_sc_mcu9t5v0__clkbuf_1)
   0.30    2.02 ^ clkbuf_regs_0_pad_clk_ext/Z (gf180mcu_fd_sc_mcu9t5v0__clkbuf_16)
   0.20    2.21 ^ clkbuf_0_core_clk_regs/Z (gf180mcu_fd_sc_mcu9t5v0__clkbuf_16)
   0.23    2.45 ^ clkbuf_2_0_0_core_clk_regs/Z (gf180mcu_fd_sc_mcu9t5v0__clkbuf_8)
   0.29    2.73 ^ clkbuf_3_0__f_core_clk_regs/Z (gf180mcu_fd_sc_mcu9t5v0__clkbuf_16)
   0.28    3.01 ^ clkbuf_leaf_98_core_clk_regs/Z (gf180mcu_fd_sc_mcu9t5v0__clkbuf_8)
   0.00    3.01 ^ u_core/_20946_/CLK (gf180mcu_fd_sc_mcu9t5v0__dffq_2)
   0.05    3.06   clock uncertainty
   0.00    3.06   clock reconvergence pessimism
   0.14    3.20   library hold time
           3.20   data required time
---------------------------------------------------------
           3.20   data required time
          -3.72   data arrival time
---------------------------------------------------------
           0.53   slack (MET)


Startpoint: pad_din_valid_i (input port clocked by pad_clk_ext)
Endpoint: u_core/_21100_
          (rising edge-triggered flip-flop clocked by pad_clk_ext)
Path Group: pad_clk_ext
Path Type: min

  Delay    Time   Description
---------------------------------------------------------
   0.00    0.00   clock pad_clk_ext (rise edge)
   0.00    0.00   clock network delay (propagated)
   0.10    0.10 v input external delay
   0.00    0.10 v pad_din_valid_i (in)
   0.87    0.97 v u_pad_din_valid/Y (gf180mcu_fd_io__in_c)
   1.47    2.43 v hold1183/Z (gf180mcu_fd_sc_mcu9t5v0__dlyc_1)
   0.33    2.77 v u_valid_iso/Z (gf180mcu_fd_sc_mcu9t5v0__buf_1)
   0.20    2.97 v u_valid_drive/Z (gf180mcu_fd_sc_mcu9t5v0__buf_8)
   0.43    3.40 v u_core/_09792_/Z (gf180mcu_fd_sc_mcu9t5v0__buf_1)
   0.26    3.66 ^ u_core/_18468_/ZN (gf180mcu_fd_sc_mcu9t5v0__aoi22_1)
   0.10    3.75 v u_core/_18469_/ZN (gf180mcu_fd_sc_mcu9t5v0__clkinv_1)
   0.00    3.75 v u_core/_21100_/D (gf180mcu_fd_sc_mcu9t5v0__dffrnq_2)
           3.75   data arrival time

   0.00    0.00   clock pad_clk_ext (rise edge)
   0.00    0.00   clock source latency
   0.00    0.00 ^ pad_clk (in)
   0.98    0.98 ^ u_pad_clk/Y (gf180mcu_fd_io__in_c)
   0.74    1.72 ^ u_clk_iso/Z (gf180mcu_fd_sc_mcu9t5v0__clkbuf_1)
   0.30    2.02 ^ clkbuf_regs_0_pad_clk_ext/Z (gf180mcu_fd_sc_mcu9t5v0__clkbuf_16)
   0.20    2.21 ^ clkbuf_0_core_clk_regs/Z (gf180mcu_fd_sc_mcu9t5v0__clkbuf_16)
   0.23    2.45 ^ clkbuf_2_1_0_core_clk_regs/Z (gf180mcu_fd_sc_mcu9t5v0__clkbuf_8)
   0.29    2.73 ^ clkbuf_3_3__f_core_clk_regs/Z (gf180mcu_fd_sc_mcu9t5v0__clkbuf_16)
   0.28    3.02 ^ clkbuf_leaf_17_core_clk_regs/Z (gf180mcu_fd_sc_mcu9t5v0__clkbuf_8)
   0.00    3.02 ^ u_core/_21100_/CLK (gf180mcu_fd_sc_mcu9t5v0__dffrnq_2)
   0.05    3.07   clock uncertainty
   0.00    3.07   clock reconvergence pessimism
   0.08    3.15   library hold time
           3.15   data required time
---------------------------------------------------------
           3.15   data required time
          -3.75   data arrival time
---------------------------------------------------------
           0.60   slack (MET)


Startpoint: pad_din[1] (input port clocked by pad_clk_ext)
Endpoint: u_core/_21064_
          (rising edge-triggered flip-flop clocked by pad_clk_ext)
Path Group: pad_clk_ext
Path Type: min

  Delay    Time   Description
---------------------------------------------------------
   0.00    0.00   clock pad_clk_ext (rise edge)
   0.00    0.00   clock network delay (propagated)
   0.10    0.10 v input external delay
   0.00    0.10 v pad_din[1] (in)
   0.87    0.97 v u_pad_din1/Y (gf180mcu_fd_io__in_c)
   1.47    2.43 v hold1191/Z (gf180mcu_fd_sc_mcu9t5v0__dlyc_1)
   0.33    2.77 v u_din1_iso/Z (gf180mcu_fd_sc_mcu9t5v0__buf_1)
   0.20    2.97 v u_din1_drive/Z (gf180mcu_fd_sc_mcu9t5v0__buf_8)
   0.37    3.35 v u_core/_09818_/Z (gf180mcu_fd_sc_mcu9t5v0__buf_1)
   0.30    3.65 ^ u_core/_09819_/ZN (gf180mcu_fd_sc_mcu9t5v0__nand2_1)
   0.10    3.75 v u_core/_19217_/ZN (gf180mcu_fd_sc_mcu9t5v0__oai21_1)
   0.00    3.75 v u_core/_21064_/D (gf180mcu_fd_sc_mcu9t5v0__dffrnq_2)
           3.75   data arrival time

   0.00    0.00   clock pad_clk_ext (rise edge)
   0.00    0.00   clock source latency
   0.00    0.00 ^ pad_clk (in)
   0.98    0.98 ^ u_pad_clk/Y (gf180mcu_fd_io__in_c)
   0.74    1.72 ^ u_clk_iso/Z (gf180mcu_fd_sc_mcu9t5v0__clkbuf_1)
   0.30    2.02 ^ clkbuf_regs_0_pad_clk_ext/Z (gf180mcu_fd_sc_mcu9t5v0__clkbuf_16)
   0.20    2.21 ^ clkbuf_0_core_clk_regs/Z (gf180mcu_fd_sc_mcu9t5v0__clkbuf_16)
   0.23    2.45 ^ clkbuf_2_1_0_core_clk_regs/Z (gf180mcu_fd_sc_mcu9t5v0__clkbuf_8)
   0.29    2.73 ^ clkbuf_3_2__f_core_clk_regs/Z (gf180mcu_fd_sc_mcu9t5v0__clkbuf_16)
   0.28    3.01 ^ clkbuf_leaf_8_core_clk_regs/Z (gf180mcu_fd_sc_mcu9t5v0__clkbuf_8)
   0.00    3.01 ^ u_core/_21064_/CLK (gf180mcu_fd_sc_mcu9t5v0__dffrnq_2)
   0.05    3.06   clock uncertainty
   0.00    3.06   clock reconvergence pessimism
   0.08    3.14   library hold time
           3.14   data required time
---------------------------------------------------------
           3.14   data required time
          -3.75   data arrival time
---------------------------------------------------------
           0.61   slack (MET)


Startpoint: pad_din[3] (input port clocked by pad_clk_ext)
Endpoint: u_core/_19649_
          (rising edge-triggered flip-flop clocked by pad_clk_ext)
Path Group: pad_clk_ext
Path Type: min

  Delay    Time   Description
---------------------------------------------------------
   0.00    0.00   clock pad_clk_ext (rise edge)
   0.00    0.00   clock network delay (propagated)
   0.10    0.10 v input external delay
   0.00    0.10 v pad_din[3] (in)
   0.87    0.97 v u_pad_din3/Y (gf180mcu_fd_io__in_c)
   1.47    2.43 v hold1185/Z (gf180mcu_fd_sc_mcu9t5v0__dlyc_1)
   0.33    2.77 v u_din3_iso/Z (gf180mcu_fd_sc_mcu9t5v0__buf_1)
   0.21    2.98 v u_din3_drive/Z (gf180mcu_fd_sc_mcu9t5v0__buf_8)
   0.37    3.35 v u_core/_09753_/Z (gf180mcu_fd_sc_mcu9t5v0__buf_1)
   0.41    3.76 v u_core/_16843_/Z (gf180mcu_fd_sc_mcu9t5v0__mux2_1)
   0.00    3.76 v u_core/_19649_/D (gf180mcu_fd_sc_mcu9t5v0__dffrnq_2)
           3.76   data arrival time

   0.00    0.00   clock pad_clk_ext (rise edge)
   0.00    0.00   clock source latency
   0.00    0.00 ^ pad_clk (in)
   0.98    0.98 ^ u_pad_clk/Y (gf180mcu_fd_io__in_c)
   0.74    1.72 ^ u_clk_iso/Z (gf180mcu_fd_sc_mcu9t5v0__clkbuf_1)
   0.30    2.02 ^ clkbuf_regs_0_pad_clk_ext/Z (gf180mcu_fd_sc_mcu9t5v0__clkbuf_16)
   0.20    2.21 ^ clkbuf_0_core_clk_regs/Z (gf180mcu_fd_sc_mcu9t5v0__clkbuf_16)
   0.23    2.45 ^ clkbuf_2_1_0_core_clk_regs/Z (gf180mcu_fd_sc_mcu9t5v0__clkbuf_8)
   0.29    2.73 ^ clkbuf_3_2__f_core_clk_regs/Z (gf180mcu_fd_sc_mcu9t5v0__clkbuf_16)
   0.28    3.01 ^ clkbuf_leaf_25_core_clk_regs/Z (gf180mcu_fd_sc_mcu9t5v0__clkbuf_8)
   0.00    3.01 ^ u_core/_19649_/CLK (gf180mcu_fd_sc_mcu9t5v0__dffrnq_2)
   0.05    3.06   clock uncertainty
   0.00    3.06   clock reconvergence pessimism
   0.07    3.13   library hold time
           3.13   data required time
---------------------------------------------------------
           3.13   data required time
          -3.76   data arrival time
---------------------------------------------------------
           0.62   slack (MET)


Startpoint: pad_din[1] (input port clocked by pad_clk_ext)
Endpoint: u_core/_19647_
          (rising edge-triggered flip-flop clocked by pad_clk_ext)
Path Group: pad_clk_ext
Path Type: min

  Delay    Time   Description
---------------------------------------------------------
   0.00    0.00   clock pad_clk_ext (rise edge)
   0.00    0.00   clock network delay (propagated)
   0.10    0.10 v input external delay
   0.00    0.10 v pad_din[1] (in)
   0.87    0.97 v u_pad_din1/Y (gf180mcu_fd_io__in_c)
   1.47    2.43 v hold1191/Z (gf180mcu_fd_sc_mcu9t5v0__dlyc_1)
   0.33    2.77 v u_din1_iso/Z (gf180mcu_fd_sc_mcu9t5v0__buf_1)
   0.20    2.97 v u_din1_drive/Z (gf180mcu_fd_sc_mcu9t5v0__buf_8)
   0.37    3.35 v u_core/_09818_/Z (gf180mcu_fd_sc_mcu9t5v0__buf_1)
   0.41    3.76 v u_core/_16845_/Z (gf180mcu_fd_sc_mcu9t5v0__mux2_1)
   0.00    3.76 v u_core/_19647_/D (gf180mcu_fd_sc_mcu9t5v0__dffrnq_2)
           3.76   data arrival time

   0.00    0.00   clock pad_clk_ext (rise edge)
   0.00    0.00   clock source latency
   0.00    0.00 ^ pad_clk (in)
   0.98    0.98 ^ u_pad_clk/Y (gf180mcu_fd_io__in_c)
   0.74    1.72 ^ u_clk_iso/Z (gf180mcu_fd_sc_mcu9t5v0__clkbuf_1)
   0.30    2.02 ^ clkbuf_regs_0_pad_clk_ext/Z (gf180mcu_fd_sc_mcu9t5v0__clkbuf_16)
   0.20    2.21 ^ clkbuf_0_core_clk_regs/Z (gf180mcu_fd_sc_mcu9t5v0__clkbuf_16)
   0.23    2.45 ^ clkbuf_2_1_0_core_clk_regs/Z (gf180mcu_fd_sc_mcu9t5v0__clkbuf_8)
   0.29    2.73 ^ clkbuf_3_2__f_core_clk_regs/Z (gf180mcu_fd_sc_mcu9t5v0__clkbuf_16)
   0.28    3.01 ^ clkbuf_leaf_25_core_clk_regs/Z (gf180mcu_fd_sc_mcu9t5v0__clkbuf_8)
   0.00    3.01 ^ u_core/_19647_/CLK (gf180mcu_fd_sc_mcu9t5v0__dffrnq_2)
   0.05    3.06   clock uncertainty
   0.00    3.06   clock reconvergence pessimism
   0.07    3.13   library hold time
           3.13   data required time
---------------------------------------------------------
           3.13   data required time
          -3.76   data arrival time
---------------------------------------------------------
           0.63   slack (MET)


Startpoint: pad_din[3] (input port clocked by pad_clk_ext)
Endpoint: u_core/_19794_
          (rising edge-triggered flip-flop clocked by pad_clk_ext)
Path Group: pad_clk_ext
Path Type: min

  Delay    Time   Description
---------------------------------------------------------
   0.00    0.00   clock pad_clk_ext (rise edge)
   0.00    0.00   clock network delay (propagated)
   0.10    0.10 v input external delay
   0.00    0.10 v pad_din[3] (in)
   0.87    0.97 v u_pad_din3/Y (gf180mcu_fd_io__in_c)
   1.47    2.43 v hold1185/Z (gf180mcu_fd_sc_mcu9t5v0__dlyc_1)
   0.33    2.77 v u_din3_iso/Z (gf180mcu_fd_sc_mcu9t5v0__buf_1)
   0.21    2.98 v u_din3_drive/Z (gf180mcu_fd_sc_mcu9t5v0__buf_8)
   0.37    3.35 v u_core/_09753_/Z (gf180mcu_fd_sc_mcu9t5v0__buf_1)
   0.41    3.76 v u_core/_16668_/Z (gf180mcu_fd_sc_mcu9t5v0__mux2_1)
   0.00    3.76 v u_core/_19794_/D (gf180mcu_fd_sc_mcu9t5v0__dffrnq_2)
           3.76   data arrival time

   0.00    0.00   clock pad_clk_ext (rise edge)
   0.00    0.00   clock source latency
   0.00    0.00 ^ pad_clk (in)
   0.98    0.98 ^ u_pad_clk/Y (gf180mcu_fd_io__in_c)
   0.74    1.72 ^ u_clk_iso/Z (gf180mcu_fd_sc_mcu9t5v0__clkbuf_1)
   0.30    2.02 ^ clkbuf_regs_0_pad_clk_ext/Z (gf180mcu_fd_sc_mcu9t5v0__clkbuf_16)
   0.20    2.21 ^ clkbuf_0_core_clk_regs/Z (gf180mcu_fd_sc_mcu9t5v0__clkbuf_16)
   0.23    2.45 ^ clkbuf_2_1_0_core_clk_regs/Z (gf180mcu_fd_sc_mcu9t5v0__clkbuf_8)
   0.29    2.73 ^ clkbuf_3_2__f_core_clk_regs/Z (gf180mcu_fd_sc_mcu9t5v0__clkbuf_16)
   0.28    3.01 ^ clkbuf_leaf_25_core_clk_regs/Z (gf180mcu_fd_sc_mcu9t5v0__clkbuf_8)
   0.00    3.01 ^ u_core/_19794_/CLK (gf180mcu_fd_sc_mcu9t5v0__dffrnq_2)
   0.05    3.06   clock uncertainty
   0.00    3.06   clock reconvergence pessimism
   0.07    3.13   library hold time
           3.13   data required time
---------------------------------------------------------
           3.13   data required time
          -3.76   data arrival time
---------------------------------------------------------
           0.63   slack (MET)


Startpoint: pad_din[1] (input port clocked by pad_clk_ext)
Endpoint: u_core/_19792_
          (rising edge-triggered flip-flop clocked by pad_clk_ext)
Path Group: pad_clk_ext
Path Type: min

  Delay    Time   Description
---------------------------------------------------------
   0.00    0.00   clock pad_clk_ext (rise edge)
   0.00    0.00   clock network delay (propagated)
   0.10    0.10 v input external delay
   0.00    0.10 v pad_din[1] (in)
   0.87    0.97 v u_pad_din1/Y (gf180mcu_fd_io__in_c)
   1.47    2.43 v hold1191/Z (gf180mcu_fd_sc_mcu9t5v0__dlyc_1)
   0.33    2.77 v u_din1_iso/Z (gf180mcu_fd_sc_mcu9t5v0__buf_1)
   0.20    2.97 v u_din1_drive/Z (gf180mcu_fd_sc_mcu9t5v0__buf_8)
   0.37    3.35 v u_core/_09818_/Z (gf180mcu_fd_sc_mcu9t5v0__buf_1)
   0.41    3.76 v u_core/_16670_/Z (gf180mcu_fd_sc_mcu9t5v0__mux2_1)
   0.00    3.76 v u_core/_19792_/D (gf180mcu_fd_sc_mcu9t5v0__dffrnq_2)
           3.76   data arrival time

   0.00    0.00   clock pad_clk_ext (rise edge)
   0.00    0.00   clock source latency
   0.00    0.00 ^ pad_clk (in)
   0.98    0.98 ^ u_pad_clk/Y (gf180mcu_fd_io__in_c)
   0.74    1.72 ^ u_clk_iso/Z (gf180mcu_fd_sc_mcu9t5v0__clkbuf_1)
   0.30    2.02 ^ clkbuf_regs_0_pad_clk_ext/Z (gf180mcu_fd_sc_mcu9t5v0__clkbuf_16)
   0.20    2.21 ^ clkbuf_0_core_clk_regs/Z (gf180mcu_fd_sc_mcu9t5v0__clkbuf_16)
   0.23    2.45 ^ clkbuf_2_1_0_core_clk_regs/Z (gf180mcu_fd_sc_mcu9t5v0__clkbuf_8)
   0.29    2.73 ^ clkbuf_3_2__f_core_clk_regs/Z (gf180mcu_fd_sc_mcu9t5v0__clkbuf_16)
   0.28    3.01 ^ clkbuf_leaf_25_core_clk_regs/Z (gf180mcu_fd_sc_mcu9t5v0__clkbuf_8)
   0.00    3.01 ^ u_core/_19792_/CLK (gf180mcu_fd_sc_mcu9t5v0__dffrnq_2)
   0.05    3.06   clock uncertainty
   0.00    3.06   clock reconvergence pessimism
   0.07    3.13   library hold time
           3.13   data required time
---------------------------------------------------------
           3.13   data required time
          -3.76   data arrival time
---------------------------------------------------------
           0.63   slack (MET)


Startpoint: pad_din[6] (input port clocked by pad_clk_ext)
Endpoint: u_core/_19652_
          (rising edge-triggered flip-flop clocked by pad_clk_ext)
Path Group: pad_clk_ext
Path Type: min

  Delay    Time   Description
---------------------------------------------------------
   0.00    0.00   clock pad_clk_ext (rise edge)
   0.00    0.00   clock network delay (propagated)
   0.10    0.10 v input external delay
   0.00    0.10 v pad_din[6] (in)
   0.87    0.97 v u_pad_din6/Y (gf180mcu_fd_io__in_c)
   1.47    2.43 v hold1193/Z (gf180mcu_fd_sc_mcu9t5v0__dlyc_1)
   0.33    2.77 v u_din6_iso/Z (gf180mcu_fd_sc_mcu9t5v0__buf_1)
   0.20    2.97 v u_din6_drive/Z (gf180mcu_fd_sc_mcu9t5v0__buf_8)
   0.38    3.35 v u_core/_09758_/Z (gf180mcu_fd_sc_mcu9t5v0__buf_1)
   0.41    3.76 v u_core/_16840_/Z (gf180mcu_fd_sc_mcu9t5v0__mux2_1)
   0.00    3.76 v u_core/_19652_/D (gf180mcu_fd_sc_mcu9t5v0__dffrnq_2)
           3.76   data arrival time

   0.00    0.00   clock pad_clk_ext (rise edge)
   0.00    0.00   clock source latency
   0.00    0.00 ^ pad_clk (in)
   0.98    0.98 ^ u_pad_clk/Y (gf180mcu_fd_io__in_c)
   0.74    1.72 ^ u_clk_iso/Z (gf180mcu_fd_sc_mcu9t5v0__clkbuf_1)
   0.30    2.02 ^ clkbuf_regs_0_pad_clk_ext/Z (gf180mcu_fd_sc_mcu9t5v0__clkbuf_16)
   0.20    2.21 ^ clkbuf_0_core_clk_regs/Z (gf180mcu_fd_sc_mcu9t5v0__clkbuf_16)
   0.23    2.45 ^ clkbuf_2_1_0_core_clk_regs/Z (gf180mcu_fd_sc_mcu9t5v0__clkbuf_8)
   0.29    2.73 ^ clkbuf_3_2__f_core_clk_regs/Z (gf180mcu_fd_sc_mcu9t5v0__clkbuf_16)
   0.28    3.01 ^ clkbuf_leaf_23_core_clk_regs/Z (gf180mcu_fd_sc_mcu9t5v0__clkbuf_8)
   0.00    3.01 ^ u_core/_19652_/CLK (gf180mcu_fd_sc_mcu9t5v0__dffrnq_2)
   0.05    3.06   clock uncertainty
   0.00    3.06   clock reconvergence pessimism
   0.07    3.13   library hold time
           3.13   data required time
---------------------------------------------------------
           3.13   data required time
          -3.76   data arrival time
---------------------------------------------------------
           0.63   slack (MET)


Startpoint: pad_din[6] (input port clocked by pad_clk_ext)
Endpoint: u_core/_19678_
          (rising edge-triggered flip-flop clocked by pad_clk_ext)
Path Group: pad_clk_ext
Path Type: min

  Delay    Time   Description
---------------------------------------------------------
   0.00    0.00   clock pad_clk_ext (rise edge)
   0.00    0.00   clock network delay (propagated)
   0.10    0.10 v input external delay
   0.00    0.10 v pad_din[6] (in)
   0.87    0.97 v u_pad_din6/Y (gf180mcu_fd_io__in_c)
   1.47    2.43 v hold1193/Z (gf180mcu_fd_sc_mcu9t5v0__dlyc_1)
   0.33    2.77 v u_din6_iso/Z (gf180mcu_fd_sc_mcu9t5v0__buf_1)
   0.20    2.97 v u_din6_drive/Z (gf180mcu_fd_sc_mcu9t5v0__buf_8)
   0.38    3.35 v u_core/_09758_/Z (gf180mcu_fd_sc_mcu9t5v0__buf_1)
   0.41    3.76 v u_core/_16801_/Z (gf180mcu_fd_sc_mcu9t5v0__mux2_1)
   0.00    3.76 v u_core/_19678_/D (gf180mcu_fd_sc_mcu9t5v0__dffrnq_2)
           3.76   data arrival time

   0.00    0.00   clock pad_clk_ext (rise edge)
   0.00    0.00   clock source latency
   0.00    0.00 ^ pad_clk (in)
   0.98    0.98 ^ u_pad_clk/Y (gf180mcu_fd_io__in_c)
   0.74    1.72 ^ u_clk_iso/Z (gf180mcu_fd_sc_mcu9t5v0__clkbuf_1)
   0.30    2.02 ^ clkbuf_regs_0_pad_clk_ext/Z (gf180mcu_fd_sc_mcu9t5v0__clkbuf_16)
   0.20    2.21 ^ clkbuf_0_core_clk_regs/Z (gf180mcu_fd_sc_mcu9t5v0__clkbuf_16)
   0.23    2.45 ^ clkbuf_2_0_0_core_clk_regs/Z (gf180mcu_fd_sc_mcu9t5v0__clkbuf_8)
   0.29    2.73 ^ clkbuf_3_0__f_core_clk_regs/Z (gf180mcu_fd_sc_mcu9t5v0__clkbuf_16)
   0.28    3.01 ^ clkbuf_leaf_97_core_clk_regs/Z (gf180mcu_fd_sc_mcu9t5v0__clkbuf_8)
   0.00    3.01 ^ u_core/_19678_/CLK (gf180mcu_fd_sc_mcu9t5v0__dffrnq_2)
   0.05    3.06   clock uncertainty
   0.00    3.06   clock reconvergence pessimism
   0.07    3.13   library hold time
           3.13   data required time
---------------------------------------------------------
           3.13   data required time
          -3.76   data arrival time
---------------------------------------------------------
           0.63   slack (MET)


Startpoint: pad_din[1] (input port clocked by pad_clk_ext)
Endpoint: u_core/_19673_
          (rising edge-triggered flip-flop clocked by pad_clk_ext)
Path Group: pad_clk_ext
Path Type: min

  Delay    Time   Description
---------------------------------------------------------
   0.00    0.00   clock pad_clk_ext (rise edge)
   0.00    0.00   clock network delay (propagated)
   0.10    0.10 v input external delay
   0.00    0.10 v pad_din[1] (in)
   0.87    0.97 v u_pad_din1/Y (gf180mcu_fd_io__in_c)
   1.47    2.43 v hold1191/Z (gf180mcu_fd_sc_mcu9t5v0__dlyc_1)
   0.33    2.77 v u_din1_iso/Z (gf180mcu_fd_sc_mcu9t5v0__buf_1)
   0.20    2.97 v u_din1_drive/Z (gf180mcu_fd_sc_mcu9t5v0__buf_8)
   0.37    3.35 v u_core/_09818_/Z (gf180mcu_fd_sc_mcu9t5v0__buf_1)
   0.41    3.76 v u_core/_16806_/Z (gf180mcu_fd_sc_mcu9t5v0__mux2_1)
   0.00    3.76 v u_core/_19673_/D (gf180mcu_fd_sc_mcu9t5v0__dffrnq_2)
           3.76   data arrival time

   0.00    0.00   clock pad_clk_ext (rise edge)
   0.00    0.00   clock source latency
   0.00    0.00 ^ pad_clk (in)
   0.98    0.98 ^ u_pad_clk/Y (gf180mcu_fd_io__in_c)
   0.74    1.72 ^ u_clk_iso/Z (gf180mcu_fd_sc_mcu9t5v0__clkbuf_1)
   0.30    2.02 ^ clkbuf_regs_0_pad_clk_ext/Z (gf180mcu_fd_sc_mcu9t5v0__clkbuf_16)
   0.20    2.21 ^ clkbuf_0_core_clk_regs/Z (gf180mcu_fd_sc_mcu9t5v0__clkbuf_16)
   0.23    2.45 ^ clkbuf_2_0_0_core_clk_regs/Z (gf180mcu_fd_sc_mcu9t5v0__clkbuf_8)
   0.29    2.73 ^ clkbuf_3_0__f_core_clk_regs/Z (gf180mcu_fd_sc_mcu9t5v0__clkbuf_16)
   0.28    3.01 ^ clkbuf_leaf_100_core_clk_regs/Z (gf180mcu_fd_sc_mcu9t5v0__clkbuf_8)
   0.00    3.01 ^ u_core/_19673_/CLK (gf180mcu_fd_sc_mcu9t5v0__dffrnq_2)
   0.05    3.06   clock uncertainty
   0.00    3.06   clock reconvergence pessimism
   0.07    3.13   library hold time
           3.13   data required time
---------------------------------------------------------
           3.13   data required time
          -3.76   data arrival time
---------------------------------------------------------
           0.63   slack (MET)


Startpoint: pad_din[3] (input port clocked by pad_clk_ext)
Endpoint: u_core/_19675_
          (rising edge-triggered flip-flop clocked by pad_clk_ext)
Path Group: pad_clk_ext
Path Type: min

  Delay    Time   Description
---------------------------------------------------------
   0.00    0.00   clock pad_clk_ext (rise edge)
   0.00    0.00   clock network delay (propagated)
   0.10    0.10 v input external delay
   0.00    0.10 v pad_din[3] (in)
   0.87    0.97 v u_pad_din3/Y (gf180mcu_fd_io__in_c)
   1.47    2.43 v hold1185/Z (gf180mcu_fd_sc_mcu9t5v0__dlyc_1)
   0.33    2.77 v u_din3_iso/Z (gf180mcu_fd_sc_mcu9t5v0__buf_1)
   0.21    2.98 v u_din3_drive/Z (gf180mcu_fd_sc_mcu9t5v0__buf_8)
   0.37    3.35 v u_core/_09753_/Z (gf180mcu_fd_sc_mcu9t5v0__buf_1)
   0.41    3.76 v u_core/_16804_/Z (gf180mcu_fd_sc_mcu9t5v0__mux2_1)
   0.00    3.76 v u_core/_19675_/D (gf180mcu_fd_sc_mcu9t5v0__dffrnq_2)
           3.76   data arrival time

   0.00    0.00   clock pad_clk_ext (rise edge)
   0.00    0.00   clock source latency
   0.00    0.00 ^ pad_clk (in)
   0.98    0.98 ^ u_pad_clk/Y (gf180mcu_fd_io__in_c)
   0.74    1.72 ^ u_clk_iso/Z (gf180mcu_fd_sc_mcu9t5v0__clkbuf_1)
   0.30    2.02 ^ clkbuf_regs_0_pad_clk_ext/Z (gf180mcu_fd_sc_mcu9t5v0__clkbuf_16)
   0.20    2.21 ^ clkbuf_0_core_clk_regs/Z (gf180mcu_fd_sc_mcu9t5v0__clkbuf_16)
   0.23    2.45 ^ clkbuf_2_0_0_core_clk_regs/Z (gf180mcu_fd_sc_mcu9t5v0__clkbuf_8)
   0.29    2.73 ^ clkbuf_3_0__f_core_clk_regs/Z (gf180mcu_fd_sc_mcu9t5v0__clkbuf_16)
   0.28    3.01 ^ clkbuf_leaf_98_core_clk_regs/Z (gf180mcu_fd_sc_mcu9t5v0__clkbuf_8)
   0.00    3.01 ^ u_core/_19675_/CLK (gf180mcu_fd_sc_mcu9t5v0__dffrnq_2)
   0.05    3.06   clock uncertainty
   0.00    3.06   clock reconvergence pessimism
   0.07    3.13   library hold time
           3.13   data required time
---------------------------------------------------------
           3.13   data required time
          -3.76   data arrival time
---------------------------------------------------------
           0.63   slack (MET)


Startpoint: pad_din[6] (input port clocked by pad_clk_ext)
Endpoint: u_core/_19797_
          (rising edge-triggered flip-flop clocked by pad_clk_ext)
Path Group: pad_clk_ext
Path Type: min

  Delay    Time   Description
---------------------------------------------------------
   0.00    0.00   clock pad_clk_ext (rise edge)
   0.00    0.00   clock network delay (propagated)
   0.10    0.10 v input external delay
   0.00    0.10 v pad_din[6] (in)
   0.87    0.97 v u_pad_din6/Y (gf180mcu_fd_io__in_c)
   1.47    2.43 v hold1193/Z (gf180mcu_fd_sc_mcu9t5v0__dlyc_1)
   0.33    2.77 v u_din6_iso/Z (gf180mcu_fd_sc_mcu9t5v0__buf_1)
   0.20    2.97 v u_din6_drive/Z (gf180mcu_fd_sc_mcu9t5v0__buf_8)
   0.38    3.35 v u_core/_09758_/Z (gf180mcu_fd_sc_mcu9t5v0__buf_1)
   0.42    3.76 v u_core/_16665_/Z (gf180mcu_fd_sc_mcu9t5v0__mux2_1)
   0.00    3.76 v u_core/_19797_/D (gf180mcu_fd_sc_mcu9t5v0__dffrnq_2)
           3.76   data arrival time

   0.00    0.00   clock pad_clk_ext (rise edge)
   0.00    0.00   clock source latency
   0.00    0.00 ^ pad_clk (in)
   0.98    0.98 ^ u_pad_clk/Y (gf180mcu_fd_io__in_c)
   0.74    1.72 ^ u_clk_iso/Z (gf180mcu_fd_sc_mcu9t5v0__clkbuf_1)
   0.30    2.02 ^ clkbuf_regs_0_pad_clk_ext/Z (gf180mcu_fd_sc_mcu9t5v0__clkbuf_16)
   0.20    2.21 ^ clkbuf_0_core_clk_regs/Z (gf180mcu_fd_sc_mcu9t5v0__clkbuf_16)
   0.23    2.45 ^ clkbuf_2_1_0_core_clk_regs/Z (gf180mcu_fd_sc_mcu9t5v0__clkbuf_8)
   0.29    2.73 ^ clkbuf_3_2__f_core_clk_regs/Z (gf180mcu_fd_sc_mcu9t5v0__clkbuf_16)
   0.28    3.01 ^ clkbuf_leaf_23_core_clk_regs/Z (gf180mcu_fd_sc_mcu9t5v0__clkbuf_8)
   0.00    3.01 ^ u_core/_19797_/CLK (gf180mcu_fd_sc_mcu9t5v0__dffrnq_2)
   0.05    3.06   clock uncertainty
   0.00    3.06   clock reconvergence pessimism
   0.07    3.13   library hold time
           3.13   data required time
---------------------------------------------------------
           3.13   data required time
          -3.76   data arrival time
---------------------------------------------------------
           0.63   slack (MET)


Startpoint: pad_din[3] (input port clocked by pad_clk_ext)
Endpoint: u_core/_19629_
          (rising edge-triggered flip-flop clocked by pad_clk_ext)
Path Group: pad_clk_ext
Path Type: min

  Delay    Time   Description
---------------------------------------------------------
   0.00    0.00   clock pad_clk_ext (rise edge)
   0.00    0.00   clock network delay (propagated)
   0.10    0.10 v input external delay
   0.00    0.10 v pad_din[3] (in)
   0.87    0.97 v u_pad_din3/Y (gf180mcu_fd_io__in_c)
   1.47    2.43 v hold1185/Z (gf180mcu_fd_sc_mcu9t5v0__dlyc_1)
   0.33    2.77 v u_din3_iso/Z (gf180mcu_fd_sc_mcu9t5v0__buf_1)
   0.21    2.98 v u_din3_drive/Z (gf180mcu_fd_sc_mcu9t5v0__buf_8)
   0.12    3.10 ^ u_core/_09747_/ZN (gf180mcu_fd_sc_mcu9t5v0__clkinv_1)
   0.11    3.20 v u_core/_17118_/ZN (gf180mcu_fd_sc_mcu9t5v0__nor2_1)
   0.20    3.41 ^ u_core/_17137_/ZN (gf180mcu_fd_sc_mcu9t5v0__aoi21_1)
   0.10    3.51 v u_core/_17138_/ZN (gf180mcu_fd_sc_mcu9t5v0__nand2_1)
   0.21    3.72 ^ u_core/_17139_/ZN (gf180mcu_fd_sc_mcu9t5v0__oai211_1)
   0.09    3.81 v u_core/_17140_/ZN (gf180mcu_fd_sc_mcu9t5v0__nand2_1)
   0.00    3.81 v u_core/_19629_/D (gf180mcu_fd_sc_mcu9t5v0__dffrnq_2)
           3.81   data arrival time

   0.00    0.00   clock pad_clk_ext (rise edge)
   0.00    0.00   clock source latency
   0.00    0.00 ^ pad_clk (in)
   0.98    0.98 ^ u_pad_clk/Y (gf180mcu_fd_io__in_c)
   0.74    1.72 ^ u_clk_iso/Z (gf180mcu_fd_sc_mcu9t5v0__clkbuf_1)
   0.30    2.02 ^ clkbuf_regs_0_pad_clk_ext/Z (gf180mcu_fd_sc_mcu9t5v0__clkbuf_16)
   0.20    2.21 ^ clkbuf_0_core_clk_regs/Z (gf180mcu_fd_sc_mcu9t5v0__clkbuf_16)
   0.23    2.45 ^ clkbuf_2_1_0_core_clk_regs/Z (gf180mcu_fd_sc_mcu9t5v0__clkbuf_8)
   0.29    2.73 ^ clkbuf_3_2__f_core_clk_regs/Z (gf180mcu_fd_sc_mcu9t5v0__clkbuf_16)
   0.28    3.01 ^ clkbuf_leaf_28_core_clk_regs/Z (gf180mcu_fd_sc_mcu9t5v0__clkbuf_8)
   0.00    3.01 ^ u_core/_19629_/CLK (gf180mcu_fd_sc_mcu9t5v0__dffrnq_2)
   0.05    3.06   clock uncertainty
   0.00    3.06   clock reconvergence pessimism
   0.08    3.14   library hold time
           3.14   data required time
---------------------------------------------------------
           3.14   data required time
          -3.81   data arrival time
---------------------------------------------------------
           0.67   slack (MET)


Startpoint: pad_din[3] (input port clocked by pad_clk_ext)
Endpoint: u_core/_19686_
          (rising edge-triggered flip-flop clocked by pad_clk_ext)
Path Group: pad_clk_ext
Path Type: min

  Delay    Time   Description
---------------------------------------------------------
   0.00    0.00   clock pad_clk_ext (rise edge)
   0.00    0.00   clock network delay (propagated)
   0.10    0.10 ^ input external delay
   0.00    0.10 ^ pad_din[3] (in)
   0.98    1.08 ^ u_pad_din3/Y (gf180mcu_fd_io__in_c)
   1.38    2.46 ^ hold1185/Z (gf180mcu_fd_sc_mcu9t5v0__dlyc_1)
   0.32    2.78 ^ u_din3_iso/Z (gf180mcu_fd_sc_mcu9t5v0__buf_1)
   0.18    2.96 ^ u_din3_drive/Z (gf180mcu_fd_sc_mcu9t5v0__buf_8)
   0.12    3.09 v u_core/_09763_/ZN (gf180mcu_fd_sc_mcu9t5v0__nand2_1)
   0.23    3.32 ^ u_core/_15794_/ZN (gf180mcu_fd_sc_mcu9t5v0__nand3_1)
   0.11    3.43 v u_core/_16774_/ZN (gf180mcu_fd_sc_mcu9t5v0__nand2_1)
   0.37    3.81 v u_core/_16793_/Z (gf180mcu_fd_sc_mcu9t5v0__mux2_1)
   0.00    3.81 v u_core/_19686_/D (gf180mcu_fd_sc_mcu9t5v0__dffrnq_2)
           3.81   data arrival time

   0.00    0.00   clock pad_clk_ext (rise edge)
   0.00    0.00   clock source latency
   0.00    0.00 ^ pad_clk (in)
   0.98    0.98 ^ u_pad_clk/Y (gf180mcu_fd_io__in_c)
   0.74    1.72 ^ u_clk_iso/Z (gf180mcu_fd_sc_mcu9t5v0__clkbuf_1)
   0.30    2.02 ^ clkbuf_regs_0_pad_clk_ext/Z (gf180mcu_fd_sc_mcu9t5v0__clkbuf_16)
   0.20    2.21 ^ clkbuf_0_core_clk_regs/Z (gf180mcu_fd_sc_mcu9t5v0__clkbuf_16)
   0.23    2.45 ^ clkbuf_2_0_0_core_clk_regs/Z (gf180mcu_fd_sc_mcu9t5v0__clkbuf_8)
   0.29    2.73 ^ clkbuf_3_0__f_core_clk_regs/Z (gf180mcu_fd_sc_mcu9t5v0__clkbuf_16)
   0.28    3.01 ^ clkbuf_leaf_99_core_clk_regs/Z (gf180mcu_fd_sc_mcu9t5v0__clkbuf_8)
   0.00    3.01 ^ u_core/_19686_/CLK (gf180mcu_fd_sc_mcu9t5v0__dffrnq_2)
   0.05    3.06   clock uncertainty
   0.00    3.06   clock reconvergence pessimism
   0.07    3.13   library hold time
           3.13   data required time
---------------------------------------------------------
           3.13   data required time
          -3.81   data arrival time
---------------------------------------------------------
           0.68   slack (MET)


Startpoint: pad_din[3] (input port clocked by pad_clk_ext)
Endpoint: u_core/_19700_
          (rising edge-triggered flip-flop clocked by pad_clk_ext)
Path Group: pad_clk_ext
Path Type: min

  Delay    Time   Description
---------------------------------------------------------
   0.00    0.00   clock pad_clk_ext (rise edge)
   0.00    0.00   clock network delay (propagated)
   0.10    0.10 ^ input external delay
   0.00    0.10 ^ pad_din[3] (in)
   0.98    1.08 ^ u_pad_din3/Y (gf180mcu_fd_io__in_c)
   1.38    2.46 ^ hold1185/Z (gf180mcu_fd_sc_mcu9t5v0__dlyc_1)
   0.32    2.78 ^ u_din3_iso/Z (gf180mcu_fd_sc_mcu9t5v0__buf_1)
   0.18    2.96 ^ u_din3_drive/Z (gf180mcu_fd_sc_mcu9t5v0__buf_8)
   0.12    3.09 v u_core/_09763_/ZN (gf180mcu_fd_sc_mcu9t5v0__nand2_1)
   0.23    3.32 ^ u_core/_15794_/ZN (gf180mcu_fd_sc_mcu9t5v0__nand3_1)
   0.11    3.43 v u_core/_16774_/ZN (gf180mcu_fd_sc_mcu9t5v0__nand2_1)
   0.37    3.81 v u_core/_16775_/Z (gf180mcu_fd_sc_mcu9t5v0__mux2_1)
   0.00    3.81 v u_core/_19700_/D (gf180mcu_fd_sc_mcu9t5v0__dffrnq_2)
           3.81   data arrival time

   0.00    0.00   clock pad_clk_ext (rise edge)
   0.00    0.00   clock source latency
   0.00    0.00 ^ pad_clk (in)
   0.98    0.98 ^ u_pad_clk/Y (gf180mcu_fd_io__in_c)
   0.74    1.72 ^ u_clk_iso/Z (gf180mcu_fd_sc_mcu9t5v0__clkbuf_1)
   0.30    2.02 ^ clkbuf_regs_0_pad_clk_ext/Z (gf180mcu_fd_sc_mcu9t5v0__clkbuf_16)
   0.20    2.21 ^ clkbuf_0_core_clk_regs/Z (gf180mcu_fd_sc_mcu9t5v0__clkbuf_16)
   0.23    2.45 ^ clkbuf_2_0_0_core_clk_regs/Z (gf180mcu_fd_sc_mcu9t5v0__clkbuf_8)
   0.29    2.73 ^ clkbuf_3_0__f_core_clk_regs/Z (gf180mcu_fd_sc_mcu9t5v0__clkbuf_16)
   0.28    3.01 ^ clkbuf_leaf_99_core_clk_regs/Z (gf180mcu_fd_sc_mcu9t5v0__clkbuf_8)
   0.00    3.01 ^ u_core/_19700_/CLK (gf180mcu_fd_sc_mcu9t5v0__dffrnq_2)
   0.05    3.06   clock uncertainty
   0.00    3.06   clock reconvergence pessimism
   0.07    3.13   library hold time
           3.13   data required time
---------------------------------------------------------
           3.13   data required time
          -3.81   data arrival time
---------------------------------------------------------
           0.68   slack (MET)


Startpoint: pad_din_valid_i (input port clocked by pad_clk_ext)
Endpoint: u_core/_21089_
          (rising edge-triggered flip-flop clocked by pad_clk_ext)
Path Group: pad_clk_ext
Path Type: min

  Delay    Time   Description
---------------------------------------------------------
   0.00    0.00   clock pad_clk_ext (rise edge)
   0.00    0.00   clock network delay (propagated)
   0.10    0.10 v input external delay
   0.00    0.10 v pad_din_valid_i (in)
   0.87    0.97 v u_pad_din_valid/Y (gf180mcu_fd_io__in_c)
   1.47    2.43 v hold1183/Z (gf180mcu_fd_sc_mcu9t5v0__dlyc_1)
   0.33    2.77 v u_valid_iso/Z (gf180mcu_fd_sc_mcu9t5v0__buf_1)
   0.20    2.97 v u_valid_drive/Z (gf180mcu_fd_sc_mcu9t5v0__buf_8)
   0.43    3.40 v u_core/_09792_/Z (gf180mcu_fd_sc_mcu9t5v0__buf_1)
   0.41    3.81 v u_core/_18710_/Z (gf180mcu_fd_sc_mcu9t5v0__mux2_1)
   0.00    3.81 v u_core/_21089_/D (gf180mcu_fd_sc_mcu9t5v0__dffrnq_2)
           3.81   data arrival time

   0.00    0.00   clock pad_clk_ext (rise edge)
   0.00    0.00   clock source latency
   0.00    0.00 ^ pad_clk (in)
   0.98    0.98 ^ u_pad_clk/Y (gf180mcu_fd_io__in_c)
   0.74    1.72 ^ u_clk_iso/Z (gf180mcu_fd_sc_mcu9t5v0__clkbuf_1)
   0.30    2.02 ^ clkbuf_regs_0_pad_clk_ext/Z (gf180mcu_fd_sc_mcu9t5v0__clkbuf_16)
   0.20    2.21 ^ clkbuf_0_core_clk_regs/Z (gf180mcu_fd_sc_mcu9t5v0__clkbuf_16)
   0.23    2.45 ^ clkbuf_2_1_0_core_clk_regs/Z (gf180mcu_fd_sc_mcu9t5v0__clkbuf_8)
   0.29    2.73 ^ clkbuf_3_2__f_core_clk_regs/Z (gf180mcu_fd_sc_mcu9t5v0__clkbuf_16)
   0.28    3.01 ^ clkbuf_leaf_23_core_clk_regs/Z (gf180mcu_fd_sc_mcu9t5v0__clkbuf_8)
   0.00    3.01 ^ u_core/_21089_/CLK (gf180mcu_fd_sc_mcu9t5v0__dffrnq_2)
   0.05    3.06   clock uncertainty
   0.00    3.06   clock reconvergence pessimism
   0.07    3.13   library hold time
           3.13   data required time
---------------------------------------------------------
           3.13   data required time
          -3.81   data arrival time
---------------------------------------------------------
           0.68   slack (MET)


Startpoint: pad_din[1] (input port clocked by pad_clk_ext)
Endpoint: u_core/_21096_
          (rising edge-triggered flip-flop clocked by pad_clk_ext)
Path Group: pad_clk_ext
Path Type: min

  Delay    Time   Description
---------------------------------------------------------
   0.00    0.00   clock pad_clk_ext (rise edge)
   0.00    0.00   clock network delay (propagated)
   0.10    0.10 v input external delay
   0.00    0.10 v pad_din[1] (in)
   0.87    0.97 v u_pad_din1/Y (gf180mcu_fd_io__in_c)
   1.47    2.43 v hold1191/Z (gf180mcu_fd_sc_mcu9t5v0__dlyc_1)
   0.33    2.77 v u_din1_iso/Z (gf180mcu_fd_sc_mcu9t5v0__buf_1)
   0.20    2.97 v u_din1_drive/Z (gf180mcu_fd_sc_mcu9t5v0__buf_8)
   0.25    3.23 ^ u_core/_09746_/ZN (gf180mcu_fd_sc_mcu9t5v0__clkinv_1)
   0.20    3.43 ^ u_core/place630/Z (gf180mcu_fd_sc_mcu9t5v0__buf_8)
   0.30    3.73 ^ u_core/_11128_/Z (gf180mcu_fd_sc_mcu9t5v0__or3_1)
   0.10    3.83 v u_core/_18719_/ZN (gf180mcu_fd_sc_mcu9t5v0__oai21_1)
   0.00    3.83 v u_core/_21096_/D (gf180mcu_fd_sc_mcu9t5v0__dffrnq_2)
           3.83   data arrival time

   0.00    0.00   clock pad_clk_ext (rise edge)
   0.00    0.00   clock source latency
   0.00    0.00 ^ pad_clk (in)
   0.98    0.98 ^ u_pad_clk/Y (gf180mcu_fd_io__in_c)
   0.74    1.72 ^ u_clk_iso/Z (gf180mcu_fd_sc_mcu9t5v0__clkbuf_1)
   0.30    2.02 ^ clkbuf_regs_0_pad_clk_ext/Z (gf180mcu_fd_sc_mcu9t5v0__clkbuf_16)
   0.20    2.21 ^ clkbuf_0_core_clk_regs/Z (gf180mcu_fd_sc_mcu9t5v0__clkbuf_16)
   0.23    2.45 ^ clkbuf_2_1_0_core_clk_regs/Z (gf180mcu_fd_sc_mcu9t5v0__clkbuf_8)
   0.29    2.73 ^ clkbuf_3_2__f_core_clk_regs/Z (gf180mcu_fd_sc_mcu9t5v0__clkbuf_16)
   0.28    3.01 ^ clkbuf_leaf_10_core_clk_regs/Z (gf180mcu_fd_sc_mcu9t5v0__clkbuf_8)
   0.00    3.01 ^ u_core/_21096_/CLK (gf180mcu_fd_sc_mcu9t5v0__dffrnq_2)
   0.05    3.06   clock uncertainty
   0.00    3.06   clock reconvergence pessimism
   0.08    3.14   library hold time
           3.14   data required time
---------------------------------------------------------
           3.14   data required time
          -3.83   data arrival time
---------------------------------------------------------
           0.69   slack (MET)


Startpoint: pad_din[1] (input port clocked by pad_clk_ext)
Endpoint: u_core/_21114_
          (rising edge-triggered flip-flop clocked by pad_clk_ext)
Path Group: pad_clk_ext
Path Type: min

  Delay    Time   Description
---------------------------------------------------------
   0.00    0.00   clock pad_clk_ext (rise edge)
   0.00    0.00   clock network delay (propagated)
   0.10    0.10 v input external delay
   0.00    0.10 v pad_din[1] (in)
   0.87    0.97 v u_pad_din1/Y (gf180mcu_fd_io__in_c)
   1.47    2.43 v hold1191/Z (gf180mcu_fd_sc_mcu9t5v0__dlyc_1)
   0.33    2.77 v u_din1_iso/Z (gf180mcu_fd_sc_mcu9t5v0__buf_1)
   0.20    2.97 v u_din1_drive/Z (gf180mcu_fd_sc_mcu9t5v0__buf_8)
   0.37    3.35 v u_core/_09818_/Z (gf180mcu_fd_sc_mcu9t5v0__buf_1)
   0.39    3.74 ^ u_core/_16621_/ZN (gf180mcu_fd_sc_mcu9t5v0__nand3_1)
   0.10    3.84 v u_core/_19219_/ZN (gf180mcu_fd_sc_mcu9t5v0__oai21_1)
   0.00    3.84 v u_core/_21114_/D (gf180mcu_fd_sc_mcu9t5v0__dffrnq_2)
           3.84   data arrival time

   0.00    0.00   clock pad_clk_ext (rise edge)
   0.00    0.00   clock source latency
   0.00    0.00 ^ pad_clk (in)
   0.98    0.98 ^ u_pad_clk/Y (gf180mcu_fd_io__in_c)
   0.74    1.72 ^ u_clk_iso/Z (gf180mcu_fd_sc_mcu9t5v0__clkbuf_1)
   0.30    2.02 ^ clkbuf_regs_0_pad_clk_ext/Z (gf180mcu_fd_sc_mcu9t5v0__clkbuf_16)
   0.20    2.21 ^ clkbuf_0_core_clk_regs/Z (gf180mcu_fd_sc_mcu9t5v0__clkbuf_16)
   0.23    2.45 ^ clkbuf_2_1_0_core_clk_regs/Z (gf180mcu_fd_sc_mcu9t5v0__clkbuf_8)
   0.29    2.73 ^ clkbuf_3_2__f_core_clk_regs/Z (gf180mcu_fd_sc_mcu9t5v0__clkbuf_16)
   0.28    3.01 ^ clkbuf_leaf_24_core_clk_regs/Z (gf180mcu_fd_sc_mcu9t5v0__clkbuf_8)
   0.00    3.01 ^ u_core/_21114_/CLK (gf180mcu_fd_sc_mcu9t5v0__dffrnq_2)
   0.05    3.06   clock uncertainty
   0.00    3.06   clock reconvergence pessimism
   0.08    3.14   library hold time
           3.14   data required time
---------------------------------------------------------
           3.14   data required time
          -3.84   data arrival time
---------------------------------------------------------
           0.70   slack (MET)


Startpoint: pad_din[1] (input port clocked by pad_clk_ext)
Endpoint: u_core/_21086_
          (rising edge-triggered flip-flop clocked by pad_clk_ext)
Path Group: pad_clk_ext
Path Type: min

  Delay    Time   Description
---------------------------------------------------------
   0.00    0.00   clock pad_clk_ext (rise edge)
   0.00    0.00   clock network delay (propagated)
   0.10    0.10 v input external delay
   0.00    0.10 v pad_din[1] (in)
   0.87    0.97 v u_pad_din1/Y (gf180mcu_fd_io__in_c)
   1.47    2.43 v hold1191/Z (gf180mcu_fd_sc_mcu9t5v0__dlyc_1)
   0.33    2.77 v u_din1_iso/Z (gf180mcu_fd_sc_mcu9t5v0__buf_1)
   0.20    2.97 v u_din1_drive/Z (gf180mcu_fd_sc_mcu9t5v0__buf_8)
   0.25    3.23 ^ u_core/_09746_/ZN (gf180mcu_fd_sc_mcu9t5v0__clkinv_1)
   0.20    3.43 ^ u_core/place630/Z (gf180mcu_fd_sc_mcu9t5v0__buf_8)
   0.13    3.56 v u_core/_18649_/ZN (gf180mcu_fd_sc_mcu9t5v0__oai211_1)
   0.20    3.76 ^ u_core/_18658_/ZN (gf180mcu_fd_sc_mcu9t5v0__oai211_1)
   0.00    3.76 ^ u_core/_21086_/D (gf180mcu_fd_sc_mcu9t5v0__dffsnq_2)
           3.76   data arrival time

   0.00    0.00   clock pad_clk_ext (rise edge)
   0.00    0.00   clock source latency
   0.00    0.00 ^ pad_clk (in)
   0.98    0.98 ^ u_pad_clk/Y (gf180mcu_fd_io__in_c)
   0.74    1.72 ^ u_clk_iso/Z (gf180mcu_fd_sc_mcu9t5v0__clkbuf_1)
   0.30    2.02 ^ clkbuf_regs_0_pad_clk_ext/Z (gf180mcu_fd_sc_mcu9t5v0__clkbuf_16)
   0.20    2.21 ^ clkbuf_0_core_clk_regs/Z (gf180mcu_fd_sc_mcu9t5v0__clkbuf_16)
   0.23    2.45 ^ clkbuf_2_1_0_core_clk_regs/Z (gf180mcu_fd_sc_mcu9t5v0__clkbuf_8)
   0.29    2.73 ^ clkbuf_3_2__f_core_clk_regs/Z (gf180mcu_fd_sc_mcu9t5v0__clkbuf_16)
   0.28    3.01 ^ clkbuf_leaf_8_core_clk_regs/Z (gf180mcu_fd_sc_mcu9t5v0__clkbuf_8)
   0.00    3.01 ^ u_core/_21086_/CLK (gf180mcu_fd_sc_mcu9t5v0__dffsnq_2)
   0.05    3.06   clock uncertainty
   0.00    3.06   clock reconvergence pessimism
  -0.05    3.01   library hold time
           3.01   data required time
---------------------------------------------------------
           3.01   data required time
          -3.76   data arrival time
---------------------------------------------------------
           0.75   slack (MET)


Startpoint: pad_din[1] (input port clocked by pad_clk_ext)
Endpoint: u_core/_21003_
          (rising edge-triggered flip-flop clocked by pad_clk_ext)
Path Group: pad_clk_ext
Path Type: min

  Delay    Time   Description
---------------------------------------------------------
   0.00    0.00   clock pad_clk_ext (rise edge)
   0.00    0.00   clock network delay (propagated)
   0.10    0.10 ^ input external delay
   0.00    0.10 ^ pad_din[1] (in)
   0.98    1.08 ^ u_pad_din1/Y (gf180mcu_fd_io__in_c)
   1.38    2.46 ^ hold1191/Z (gf180mcu_fd_sc_mcu9t5v0__dlyc_1)
   0.32    2.78 ^ u_din1_iso/Z (gf180mcu_fd_sc_mcu9t5v0__buf_1)
   0.18    2.96 ^ u_din1_drive/Z (gf180mcu_fd_sc_mcu9t5v0__buf_8)
   0.43    3.39 ^ u_core/_09818_/Z (gf180mcu_fd_sc_mcu9t5v0__buf_1)
   0.26    3.65 v u_core/_11166_/ZN (gf180mcu_fd_sc_mcu9t5v0__nor2_1)
   0.25    3.90 ^ u_core/_11203_/ZN (gf180mcu_fd_sc_mcu9t5v0__oai211_1)
   0.09    3.99 v u_core/_11204_/ZN (gf180mcu_fd_sc_mcu9t5v0__nand2_1)
   0.00    3.99 v u_core/_21003_/D (gf180mcu_fd_sc_mcu9t5v0__dffrnq_2)
           3.99   data arrival time

   0.00    0.00   clock pad_clk_ext (rise edge)
   0.00    0.00   clock source latency
   0.00    0.00 ^ pad_clk (in)
   0.98    0.98 ^ u_pad_clk/Y (gf180mcu_fd_io__in_c)
   0.74    1.72 ^ u_clk_iso/Z (gf180mcu_fd_sc_mcu9t5v0__clkbuf_1)
   0.30    2.02 ^ clkbuf_regs_0_pad_clk_ext/Z (gf180mcu_fd_sc_mcu9t5v0__clkbuf_16)
   0.20    2.21 ^ clkbuf_0_core_clk_regs/Z (gf180mcu_fd_sc_mcu9t5v0__clkbuf_16)
   0.23    2.45 ^ clkbuf_2_1_0_core_clk_regs/Z (gf180mcu_fd_sc_mcu9t5v0__clkbuf_8)
   0.29    2.73 ^ clkbuf_3_2__f_core_clk_regs/Z (gf180mcu_fd_sc_mcu9t5v0__clkbuf_16)
   0.28    3.01 ^ clkbuf_leaf_26_core_clk_regs/Z (gf180mcu_fd_sc_mcu9t5v0__clkbuf_8)
   0.00    3.01 ^ u_core/_21003_/CLK (gf180mcu_fd_sc_mcu9t5v0__dffrnq_2)
   0.05    3.06   clock uncertainty
   0.00    3.06   clock reconvergence pessimism
   0.08    3.14   library hold time
           3.14   data required time
---------------------------------------------------------
           3.14   data required time
          -3.99   data arrival time
---------------------------------------------------------
           0.85   slack (MET)


Startpoint: pad_din[6] (input port clocked by pad_clk_ext)
Endpoint: u_core/_19632_
          (rising edge-triggered flip-flop clocked by pad_clk_ext)
Path Group: pad_clk_ext
Path Type: min

  Delay    Time   Description
---------------------------------------------------------
   0.00    0.00   clock pad_clk_ext (rise edge)
   0.00    0.00   clock network delay (propagated)
   0.10    0.10 v input external delay
   0.00    0.10 v pad_din[6] (in)
   0.87    0.97 v u_pad_din6/Y (gf180mcu_fd_io__in_c)
   1.47    2.43 v hold1193/Z (gf180mcu_fd_sc_mcu9t5v0__dlyc_1)
   0.33    2.77 v u_din6_iso/Z (gf180mcu_fd_sc_mcu9t5v0__buf_1)
   0.20    2.97 v u_din6_drive/Z (gf180mcu_fd_sc_mcu9t5v0__buf_8)
   0.38    3.35 v u_core/_09758_/Z (gf180mcu_fd_sc_mcu9t5v0__buf_1)
   0.20    3.55 ^ u_core/_17052_/ZN (gf180mcu_fd_sc_mcu9t5v0__nand3_1)
   0.14    3.69 v u_core/_17069_/ZN (gf180mcu_fd_sc_mcu9t5v0__nand3_1)
   0.23    3.91 ^ u_core/_17070_/ZN (gf180mcu_fd_sc_mcu9t5v0__oai211_1)
   0.09    4.00 v u_core/_17071_/ZN (gf180mcu_fd_sc_mcu9t5v0__nand2_1)
   0.00    4.00 v u_core/_19632_/D (gf180mcu_fd_sc_mcu9t5v0__dffrnq_2)
           4.00   data arrival time

   0.00    0.00   clock pad_clk_ext (rise edge)
   0.00    0.00   clock source latency
   0.00    0.00 ^ pad_clk (in)
   0.98    0.98 ^ u_pad_clk/Y (gf180mcu_fd_io__in_c)
   0.74    1.72 ^ u_clk_iso/Z (gf180mcu_fd_sc_mcu9t5v0__clkbuf_1)
   0.30    2.02 ^ clkbuf_regs_0_pad_clk_ext/Z (gf180mcu_fd_sc_mcu9t5v0__clkbuf_16)
   0.20    2.21 ^ clkbuf_0_core_clk_regs/Z (gf180mcu_fd_sc_mcu9t5v0__clkbuf_16)
   0.23    2.45 ^ clkbuf_2_1_0_core_clk_regs/Z (gf180mcu_fd_sc_mcu9t5v0__clkbuf_8)
   0.29    2.73 ^ clkbuf_3_3__f_core_clk_regs/Z (gf180mcu_fd_sc_mcu9t5v0__clkbuf_16)
   0.28    3.02 ^ clkbuf_leaf_17_core_clk_regs/Z (gf180mcu_fd_sc_mcu9t5v0__clkbuf_8)
   0.00    3.02 ^ u_core/_19632_/CLK (gf180mcu_fd_sc_mcu9t5v0__dffrnq_2)
   0.05    3.07   clock uncertainty
   0.00    3.07   clock reconvergence pessimism
   0.08    3.15   library hold time
           3.15   data required time
---------------------------------------------------------
           3.15   data required time
          -4.00   data arrival time
---------------------------------------------------------
           0.86   slack (MET)


Startpoint: pad_din[3] (input port clocked by pad_clk_ext)
Endpoint: u_core/_21006_
          (rising edge-triggered flip-flop clocked by pad_clk_ext)
Path Group: pad_clk_ext
Path Type: min

  Delay    Time   Description
---------------------------------------------------------
   0.00    0.00   clock pad_clk_ext (rise edge)
   0.00    0.00   clock network delay (propagated)
   0.10    0.10 ^ input external delay
   0.00    0.10 ^ pad_din[3] (in)
   0.98    1.08 ^ u_pad_din3/Y (gf180mcu_fd_io__in_c)
   1.38    2.46 ^ hold1185/Z (gf180mcu_fd_sc_mcu9t5v0__dlyc_1)
   0.32    2.78 ^ u_din3_iso/Z (gf180mcu_fd_sc_mcu9t5v0__buf_1)
   0.18    2.96 ^ u_din3_drive/Z (gf180mcu_fd_sc_mcu9t5v0__buf_8)
   0.13    3.10 v u_core/_09747_/ZN (gf180mcu_fd_sc_mcu9t5v0__clkinv_1)
   0.38    3.48 ^ u_core/_09750_/ZN (gf180mcu_fd_sc_mcu9t5v0__nand3_1)
   0.14    3.62 v u_core/_11184_/ZN (gf180mcu_fd_sc_mcu9t5v0__oai31_1)
   0.37    3.99 v u_core/_11185_/Z (gf180mcu_fd_sc_mcu9t5v0__mux2_1)
   0.00    3.99 v u_core/_21006_/D (gf180mcu_fd_sc_mcu9t5v0__dffrnq_2)
           3.99   data arrival time

   0.00    0.00   clock pad_clk_ext (rise edge)
   0.00    0.00   clock source latency
   0.00    0.00 ^ pad_clk (in)
   0.98    0.98 ^ u_pad_clk/Y (gf180mcu_fd_io__in_c)
   0.74    1.72 ^ u_clk_iso/Z (gf180mcu_fd_sc_mcu9t5v0__clkbuf_1)
   0.30    2.02 ^ clkbuf_regs_0_pad_clk_ext/Z (gf180mcu_fd_sc_mcu9t5v0__clkbuf_16)
   0.20    2.21 ^ clkbuf_0_core_clk_regs/Z (gf180mcu_fd_sc_mcu9t5v0__clkbuf_16)
   0.23    2.45 ^ clkbuf_2_1_0_core_clk_regs/Z (gf180mcu_fd_sc_mcu9t5v0__clkbuf_8)
   0.29    2.73 ^ clkbuf_3_2__f_core_clk_regs/Z (gf180mcu_fd_sc_mcu9t5v0__clkbuf_16)
   0.28    3.01 ^ clkbuf_leaf_8_core_clk_regs/Z (gf180mcu_fd_sc_mcu9t5v0__clkbuf_8)
   0.00    3.01 ^ u_core/_21006_/CLK (gf180mcu_fd_sc_mcu9t5v0__dffrnq_2)
   0.05    3.06   clock uncertainty
   0.00    3.06   clock reconvergence pessimism
   0.07    3.13   library hold time
           3.13   data required time
---------------------------------------------------------
           3.13   data required time
          -3.99   data arrival time
---------------------------------------------------------
           0.86   slack (MET)


Startpoint: pad_din[1] (input port clocked by pad_clk_ext)
Endpoint: u_core/_19627_
          (rising edge-triggered flip-flop clocked by pad_clk_ext)
Path Group: pad_clk_ext
Path Type: min

  Delay    Time   Description
---------------------------------------------------------
   0.00    0.00   clock pad_clk_ext (rise edge)
   0.00    0.00   clock network delay (propagated)
   0.10    0.10 v input external delay
   0.00    0.10 v pad_din[1] (in)
   0.87    0.97 v u_pad_din1/Y (gf180mcu_fd_io__in_c)
   1.47    2.43 v hold1191/Z (gf180mcu_fd_sc_mcu9t5v0__dlyc_1)
   0.33    2.77 v u_din1_iso/Z (gf180mcu_fd_sc_mcu9t5v0__buf_1)
   0.20    2.97 v u_din1_drive/Z (gf180mcu_fd_sc_mcu9t5v0__buf_8)
   0.37    3.35 v u_core/_09818_/Z (gf180mcu_fd_sc_mcu9t5v0__buf_1)
   0.20    3.54 ^ u_core/_17164_/ZN (gf180mcu_fd_sc_mcu9t5v0__nand3_1)
   0.14    3.68 v u_core/_17177_/ZN (gf180mcu_fd_sc_mcu9t5v0__nand3_1)
   0.23    3.91 ^ u_core/_17178_/ZN (gf180mcu_fd_sc_mcu9t5v0__oai211_1)
   0.09    4.00 v u_core/_17179_/ZN (gf180mcu_fd_sc_mcu9t5v0__nand2_1)
   0.00    4.00 v u_core/_19627_/D (gf180mcu_fd_sc_mcu9t5v0__dffrnq_2)
           4.00   data arrival time

   0.00    0.00   clock pad_clk_ext (rise edge)
   0.00    0.00   clock source latency
   0.00    0.00 ^ pad_clk (in)
   0.98    0.98 ^ u_pad_clk/Y (gf180mcu_fd_io__in_c)
   0.74    1.72 ^ u_clk_iso/Z (gf180mcu_fd_sc_mcu9t5v0__clkbuf_1)
   0.30    2.02 ^ clkbuf_regs_0_pad_clk_ext/Z (gf180mcu_fd_sc_mcu9t5v0__clkbuf_16)
   0.20    2.21 ^ clkbuf_0_core_clk_regs/Z (gf180mcu_fd_sc_mcu9t5v0__clkbuf_16)
   0.23    2.45 ^ clkbuf_2_1_0_core_clk_regs/Z (gf180mcu_fd_sc_mcu9t5v0__clkbuf_8)
   0.29    2.73 ^ clkbuf_3_2__f_core_clk_regs/Z (gf180mcu_fd_sc_mcu9t5v0__clkbuf_16)
   0.28    3.01 ^ clkbuf_leaf_28_core_clk_regs/Z (gf180mcu_fd_sc_mcu9t5v0__clkbuf_8)
   0.00    3.01 ^ u_core/_19627_/CLK (gf180mcu_fd_sc_mcu9t5v0__dffrnq_2)
   0.05    3.06   clock uncertainty
   0.00    3.06   clock reconvergence pessimism
   0.08    3.14   library hold time
           3.14   data required time
---------------------------------------------------------
           3.14   data required time
          -4.00   data arrival time
---------------------------------------------------------
           0.86   slack (MET)


Startpoint: pad_din_valid_i (input port clocked by pad_clk_ext)
Endpoint: u_core/_19790_
          (rising edge-triggered flip-flop clocked by pad_clk_ext)
Path Group: pad_clk_ext
Path Type: min

  Delay    Time   Description
---------------------------------------------------------
   0.00    0.00   clock pad_clk_ext (rise edge)
   0.00    0.00   clock network delay (propagated)
   0.10    0.10 v input external delay
   0.00    0.10 v pad_din_valid_i (in)
   0.87    0.97 v u_pad_din_valid/Y (gf180mcu_fd_io__in_c)
   1.47    2.43 v hold1183/Z (gf180mcu_fd_sc_mcu9t5v0__dlyc_1)
   0.33    2.77 v u_valid_iso/Z (gf180mcu_fd_sc_mcu9t5v0__buf_1)
   0.20    2.97 v u_valid_drive/Z (gf180mcu_fd_sc_mcu9t5v0__buf_8)
   0.24    3.21 ^ u_core/_09745_/ZN (gf180mcu_fd_sc_mcu9t5v0__clkinv_1)
   0.32    3.52 v u_core/_09775_/ZN (gf180mcu_fd_sc_mcu9t5v0__nor2_1)
   0.42    3.94 ^ u_core/_16595_/ZN (gf180mcu_fd_sc_mcu9t5v0__nand2_1)
   0.09    4.03 v u_core/_18633_/ZN (gf180mcu_fd_sc_mcu9t5v0__aoi21_1)
   0.00    4.03 v u_core/_19790_/D (gf180mcu_fd_sc_mcu9t5v0__dffrnq_2)
           4.03   data arrival time

   0.00    0.00   clock pad_clk_ext (rise edge)
   0.00    0.00   clock source latency
   0.00    0.00 ^ pad_clk (in)
   0.98    0.98 ^ u_pad_clk/Y (gf180mcu_fd_io__in_c)
   0.74    1.72 ^ u_clk_iso/Z (gf180mcu_fd_sc_mcu9t5v0__clkbuf_1)
   0.30    2.02 ^ clkbuf_regs_0_pad_clk_ext/Z (gf180mcu_fd_sc_mcu9t5v0__clkbuf_16)
   0.20    2.21 ^ clkbuf_0_core_clk_regs/Z (gf180mcu_fd_sc_mcu9t5v0__clkbuf_16)
   0.23    2.45 ^ clkbuf_2_1_0_core_clk_regs/Z (gf180mcu_fd_sc_mcu9t5v0__clkbuf_8)
   0.29    2.73 ^ clkbuf_3_2__f_core_clk_regs/Z (gf180mcu_fd_sc_mcu9t5v0__clkbuf_16)
   0.28    3.01 ^ clkbuf_leaf_26_core_clk_regs/Z (gf180mcu_fd_sc_mcu9t5v0__clkbuf_8)
   0.00    3.01 ^ u_core/_19790_/CLK (gf180mcu_fd_sc_mcu9t5v0__dffrnq_2)
   0.05    3.06   clock uncertainty
   0.00    3.06   clock reconvergence pessimism
   0.07    3.13   library hold time
           3.13   data required time
---------------------------------------------------------
           3.13   data required time
          -4.03   data arrival time
---------------------------------------------------------
           0.89   slack (MET)


Startpoint: pad_din[1] (input port clocked by pad_clk_ext)
Endpoint: u_core/_21018_
          (rising edge-triggered flip-flop clocked by pad_clk_ext)
Path Group: pad_clk_ext
Path Type: min

  Delay    Time   Description
---------------------------------------------------------
   0.00    0.00   clock pad_clk_ext (rise edge)
   0.00    0.00   clock network delay (propagated)
   0.10    0.10 ^ input external delay
   0.00    0.10 ^ pad_din[1] (in)
   0.98    1.08 ^ u_pad_din1/Y (gf180mcu_fd_io__in_c)
   1.38    2.46 ^ hold1191/Z (gf180mcu_fd_sc_mcu9t5v0__dlyc_1)
   0.32    2.78 ^ u_din1_iso/Z (gf180mcu_fd_sc_mcu9t5v0__buf_1)
   0.18    2.96 ^ u_din1_drive/Z (gf180mcu_fd_sc_mcu9t5v0__buf_8)
   0.28    3.23 v u_core/_09746_/ZN (gf180mcu_fd_sc_mcu9t5v0__clkinv_1)
   0.28    3.51 v u_core/place630/Z (gf180mcu_fd_sc_mcu9t5v0__buf_8)
   0.39    3.90 ^ u_core/_09756_/ZN (gf180mcu_fd_sc_mcu9t5v0__aoi21_1)
   0.14    4.04 v u_core/_19114_/ZN (gf180mcu_fd_sc_mcu9t5v0__oai32_1)
   0.00    4.04 v u_core/_21018_/D (gf180mcu_fd_sc_mcu9t5v0__dffrnq_2)
           4.04   data arrival time

   0.00    0.00   clock pad_clk_ext (rise edge)
   0.00    0.00   clock source latency
   0.00    0.00 ^ pad_clk (in)
   0.98    0.98 ^ u_pad_clk/Y (gf180mcu_fd_io__in_c)
   0.74    1.72 ^ u_clk_iso/Z (gf180mcu_fd_sc_mcu9t5v0__clkbuf_1)
   0.30    2.02 ^ clkbuf_regs_0_pad_clk_ext/Z (gf180mcu_fd_sc_mcu9t5v0__clkbuf_16)
   0.20    2.21 ^ clkbuf_0_core_clk_regs/Z (gf180mcu_fd_sc_mcu9t5v0__clkbuf_16)
   0.23    2.45 ^ clkbuf_2_1_0_core_clk_regs/Z (gf180mcu_fd_sc_mcu9t5v0__clkbuf_8)
   0.29    2.73 ^ clkbuf_3_2__f_core_clk_regs/Z (gf180mcu_fd_sc_mcu9t5v0__clkbuf_16)
   0.28    3.01 ^ clkbuf_leaf_25_core_clk_regs/Z (gf180mcu_fd_sc_mcu9t5v0__clkbuf_8)
   0.00    3.01 ^ u_core/_21018_/CLK (gf180mcu_fd_sc_mcu9t5v0__dffrnq_2)
   0.05    3.06   clock uncertainty
   0.00    3.06   clock reconvergence pessimism
   0.08    3.14   library hold time
           3.14   data required time
---------------------------------------------------------
           3.14   data required time
          -4.04   data arrival time
---------------------------------------------------------
           0.90   slack (MET)


Startpoint: pad_din_valid_i (input port clocked by pad_clk_ext)
Endpoint: u_core/_19780_
          (rising edge-triggered flip-flop clocked by pad_clk_ext)
Path Group: pad_clk_ext
Path Type: min

  Delay    Time   Description
---------------------------------------------------------
   0.00    0.00   clock pad_clk_ext (rise edge)
   0.00    0.00   clock network delay (propagated)
   0.10    0.10 v input external delay
   0.00    0.10 v pad_din_valid_i (in)
   0.87    0.97 v u_pad_din_valid/Y (gf180mcu_fd_io__in_c)
   1.47    2.43 v hold1183/Z (gf180mcu_fd_sc_mcu9t5v0__dlyc_1)
   0.33    2.77 v u_valid_iso/Z (gf180mcu_fd_sc_mcu9t5v0__buf_1)
   0.20    2.97 v u_valid_drive/Z (gf180mcu_fd_sc_mcu9t5v0__buf_8)
   0.24    3.21 ^ u_core/_09745_/ZN (gf180mcu_fd_sc_mcu9t5v0__clkinv_1)
   0.32    3.52 v u_core/_09775_/ZN (gf180mcu_fd_sc_mcu9t5v0__nor2_1)
   0.42    3.94 ^ u_core/_16595_/ZN (gf180mcu_fd_sc_mcu9t5v0__nand2_1)
   0.11    4.06 v u_core/_18629_/ZN (gf180mcu_fd_sc_mcu9t5v0__oai22_1)
   0.00    4.06 v u_core/_19780_/D (gf180mcu_fd_sc_mcu9t5v0__dffrnq_2)
           4.06   data arrival time

   0.00    0.00   clock pad_clk_ext (rise edge)
   0.00    0.00   clock source latency
   0.00    0.00 ^ pad_clk (in)
   0.98    0.98 ^ u_pad_clk/Y (gf180mcu_fd_io__in_c)
   0.74    1.72 ^ u_clk_iso/Z (gf180mcu_fd_sc_mcu9t5v0__clkbuf_1)
   0.30    2.02 ^ clkbuf_regs_0_pad_clk_ext/Z (gf180mcu_fd_sc_mcu9t5v0__clkbuf_16)
   0.20    2.21 ^ clkbuf_0_core_clk_regs/Z (gf180mcu_fd_sc_mcu9t5v0__clkbuf_16)
   0.23    2.45 ^ clkbuf_2_1_0_core_clk_regs/Z (gf180mcu_fd_sc_mcu9t5v0__clkbuf_8)
   0.29    2.73 ^ clkbuf_3_2__f_core_clk_regs/Z (gf180mcu_fd_sc_mcu9t5v0__clkbuf_16)
   0.28    3.01 ^ clkbuf_leaf_22_core_clk_regs/Z (gf180mcu_fd_sc_mcu9t5v0__clkbuf_8)
   0.00    3.01 ^ u_core/_19780_/CLK (gf180mcu_fd_sc_mcu9t5v0__dffrnq_2)
   0.05    3.06   clock uncertainty
   0.00    3.06   clock reconvergence pessimism
   0.08    3.14   library hold time
           3.14   data required time
---------------------------------------------------------
           3.14   data required time
          -4.06   data arrival time
---------------------------------------------------------
           0.92   slack (MET)


Startpoint: pad_din_valid_i (input port clocked by pad_clk_ext)
Endpoint: u_core/_21094_
          (rising edge-triggered flip-flop clocked by pad_clk_ext)
Path Group: pad_clk_ext
Path Type: min

  Delay    Time   Description
---------------------------------------------------------
   0.00    0.00   clock pad_clk_ext (rise edge)
   0.00    0.00   clock network delay (propagated)
   0.10    0.10 v input external delay
   0.00    0.10 v pad_din_valid_i (in)
   0.87    0.97 v u_pad_din_valid/Y (gf180mcu_fd_io__in_c)
   1.47    2.43 v hold1183/Z (gf180mcu_fd_sc_mcu9t5v0__dlyc_1)
   0.33    2.77 v u_valid_iso/Z (gf180mcu_fd_sc_mcu9t5v0__buf_1)
   0.20    2.97 v u_valid_drive/Z (gf180mcu_fd_sc_mcu9t5v0__buf_8)
   0.43    3.40 v u_core/_09792_/Z (gf180mcu_fd_sc_mcu9t5v0__buf_1)
   0.59    3.99 ^ u_core/_11155_/ZN (gf180mcu_fd_sc_mcu9t5v0__oai211_1)
   0.10    4.09 v u_core/_19221_/ZN (gf180mcu_fd_sc_mcu9t5v0__oai21_1)
   0.00    4.09 v u_core/_21094_/D (gf180mcu_fd_sc_mcu9t5v0__dffrnq_2)
           4.09   data arrival time

   0.00    0.00   clock pad_clk_ext (rise edge)
   0.00    0.00   clock source latency
   0.00    0.00 ^ pad_clk (in)
   0.98    0.98 ^ u_pad_clk/Y (gf180mcu_fd_io__in_c)
   0.74    1.72 ^ u_clk_iso/Z (gf180mcu_fd_sc_mcu9t5v0__clkbuf_1)
   0.30    2.02 ^ clkbuf_regs_0_pad_clk_ext/Z (gf180mcu_fd_sc_mcu9t5v0__clkbuf_16)
   0.20    2.21 ^ clkbuf_0_core_clk_regs/Z (gf180mcu_fd_sc_mcu9t5v0__clkbuf_16)
   0.23    2.45 ^ clkbuf_2_1_0_core_clk_regs/Z (gf180mcu_fd_sc_mcu9t5v0__clkbuf_8)
   0.29    2.73 ^ clkbuf_3_2__f_core_clk_regs/Z (gf180mcu_fd_sc_mcu9t5v0__clkbuf_16)
   0.28    3.01 ^ clkbuf_leaf_8_core_clk_regs/Z (gf180mcu_fd_sc_mcu9t5v0__clkbuf_8)
   0.00    3.01 ^ u_core/_21094_/CLK (gf180mcu_fd_sc_mcu9t5v0__dffrnq_2)
   0.05    3.06   clock uncertainty
   0.00    3.06   clock reconvergence pessimism
   0.07    3.13   library hold time
           3.13   data required time
---------------------------------------------------------
           3.13   data required time
          -4.09   data arrival time
---------------------------------------------------------
           0.95   slack (MET)


Startpoint: pad_din[1] (input port clocked by pad_clk_ext)
Endpoint: u_core/_19933_
          (rising edge-triggered flip-flop clocked by pad_clk_ext)
Path Group: pad_clk_ext
Path Type: min

  Delay    Time   Description
---------------------------------------------------------
   0.00    0.00   clock pad_clk_ext (rise edge)
   0.00    0.00   clock network delay (propagated)
   0.10    0.10 ^ input external delay
   0.00    0.10 ^ pad_din[1] (in)
   0.98    1.08 ^ u_pad_din1/Y (gf180mcu_fd_io__in_c)
   1.38    2.46 ^ hold1191/Z (gf180mcu_fd_sc_mcu9t5v0__dlyc_1)
   0.32    2.78 ^ u_din1_iso/Z (gf180mcu_fd_sc_mcu9t5v0__buf_1)
   0.18    2.96 ^ u_din1_drive/Z (gf180mcu_fd_sc_mcu9t5v0__buf_8)
   0.43    3.39 ^ u_core/_09818_/Z (gf180mcu_fd_sc_mcu9t5v0__buf_1)
   0.26    3.65 v u_core/_11166_/ZN (gf180mcu_fd_sc_mcu9t5v0__nor2_1)
   0.34    4.00 ^ u_core/_16430_/ZN (gf180mcu_fd_sc_mcu9t5v0__nand4_1)
   0.10    4.10 v u_core/_18709_/ZN (gf180mcu_fd_sc_mcu9t5v0__nand2_1)
   0.00    4.10 v u_core/_19933_/D (gf180mcu_fd_sc_mcu9t5v0__dffrnq_2)
           4.10   data arrival time

   0.00    0.00   clock pad_clk_ext (rise edge)
   0.00    0.00   clock source latency
   0.00    0.00 ^ pad_clk (in)
   0.98    0.98 ^ u_pad_clk/Y (gf180mcu_fd_io__in_c)
   0.74    1.72 ^ u_clk_iso/Z (gf180mcu_fd_sc_mcu9t5v0__clkbuf_1)
   0.30    2.02 ^ clkbuf_regs_0_pad_clk_ext/Z (gf180mcu_fd_sc_mcu9t5v0__clkbuf_16)
   0.20    2.21 ^ clkbuf_0_core_clk_regs/Z (gf180mcu_fd_sc_mcu9t5v0__clkbuf_16)
   0.23    2.45 ^ clkbuf_2_1_0_core_clk_regs/Z (gf180mcu_fd_sc_mcu9t5v0__clkbuf_8)
   0.29    2.73 ^ clkbuf_3_2__f_core_clk_regs/Z (gf180mcu_fd_sc_mcu9t5v0__clkbuf_16)
   0.28    3.01 ^ clkbuf_leaf_9_core_clk_regs/Z (gf180mcu_fd_sc_mcu9t5v0__clkbuf_8)
   0.00    3.01 ^ u_core/_19933_/CLK (gf180mcu_fd_sc_mcu9t5v0__dffrnq_2)
   0.05    3.06   clock uncertainty
   0.00    3.06   clock reconvergence pessimism
   0.08    3.14   library hold time
           3.14   data required time
---------------------------------------------------------
           3.14   data required time
          -4.10   data arrival time
---------------------------------------------------------
           0.96   slack (MET)


Startpoint: pad_din[6] (input port clocked by pad_clk_ext)
Endpoint: u_core/_20179_
          (rising edge-triggered flip-flop clocked by pad_clk_ext)
Path Group: pad_clk_ext
Path Type: min

  Delay    Time   Description
---------------------------------------------------------
   0.00    0.00   clock pad_clk_ext (rise edge)
   0.00    0.00   clock network delay (propagated)
   0.10    0.10 v input external delay
   0.00    0.10 v pad_din[6] (in)
   0.87    0.97 v u_pad_din6/Y (gf180mcu_fd_io__in_c)
   1.47    2.43 v hold1193/Z (gf180mcu_fd_sc_mcu9t5v0__dlyc_1)
   0.33    2.77 v u_din6_iso/Z (gf180mcu_fd_sc_mcu9t5v0__buf_1)
   0.20    2.97 v u_din6_drive/Z (gf180mcu_fd_sc_mcu9t5v0__buf_8)
   0.38    3.35 v u_core/_09758_/Z (gf180mcu_fd_sc_mcu9t5v0__buf_1)
   0.18    3.53 ^ u_core/_15780_/ZN (gf180mcu_fd_sc_mcu9t5v0__nand2_1)
   0.14    3.67 v u_core/_15781_/ZN (gf180mcu_fd_sc_mcu9t5v0__nand2_1)
   0.12    3.79 ^ u_core/_15783_/ZN (gf180mcu_fd_sc_mcu9t5v0__nand2_1)
   0.27    4.05 ^ u_core/_15784_/Z (gf180mcu_fd_sc_mcu9t5v0__mux2_1)
   0.00    4.05 ^ u_core/_20179_/D (gf180mcu_fd_sc_mcu9t5v0__dffq_2)
           4.05   data arrival time

   0.00    0.00   clock pad_clk_ext (rise edge)
   0.00    0.00   clock source latency
   0.00    0.00 ^ pad_clk (in)
   0.98    0.98 ^ u_pad_clk/Y (gf180mcu_fd_io__in_c)
   0.74    1.72 ^ u_clk_iso/Z (gf180mcu_fd_sc_mcu9t5v0__clkbuf_1)
   0.30    2.02 ^ clkbuf_regs_0_pad_clk_ext/Z (gf180mcu_fd_sc_mcu9t5v0__clkbuf_16)
   0.20    2.21 ^ clkbuf_0_core_clk_regs/Z (gf180mcu_fd_sc_mcu9t5v0__clkbuf_16)
   0.23    2.45 ^ clkbuf_2_0_0_core_clk_regs/Z (gf180mcu_fd_sc_mcu9t5v0__clkbuf_8)
   0.29    2.73 ^ clkbuf_3_0__f_core_clk_regs/Z (gf180mcu_fd_sc_mcu9t5v0__clkbuf_16)
   0.28    3.01 ^ clkbuf_leaf_99_core_clk_regs/Z (gf180mcu_fd_sc_mcu9t5v0__clkbuf_8)
   0.00    3.01 ^ u_core/_20179_/CLK (gf180mcu_fd_sc_mcu9t5v0__dffq_2)
   0.05    3.06   clock uncertainty
   0.00    3.06   clock reconvergence pessimism
   0.03    3.09   library hold time
           3.09   data required time
---------------------------------------------------------
           3.09   data required time
          -4.05   data arrival time
---------------------------------------------------------
           0.96   slack (MET)


Startpoint: pad_din[6] (input port clocked by pad_clk_ext)
Endpoint: u_core/_19689_
          (rising edge-triggered flip-flop clocked by pad_clk_ext)
Path Group: pad_clk_ext
Path Type: min

  Delay    Time   Description
---------------------------------------------------------
   0.00    0.00   clock pad_clk_ext (rise edge)
   0.00    0.00   clock network delay (propagated)
   0.10    0.10 ^ input external delay
   0.00    0.10 ^ pad_din[6] (in)
   0.98    1.08 ^ u_pad_din6/Y (gf180mcu_fd_io__in_c)
   1.38    2.46 ^ hold1193/Z (gf180mcu_fd_sc_mcu9t5v0__dlyc_1)
   0.32    2.78 ^ u_din6_iso/Z (gf180mcu_fd_sc_mcu9t5v0__buf_1)
   0.17    2.95 ^ u_din6_drive/Z (gf180mcu_fd_sc_mcu9t5v0__buf_8)
   0.45    3.40 ^ u_core/_09758_/Z (gf180mcu_fd_sc_mcu9t5v0__buf_1)
   0.16    3.55 v u_core/_11292_/ZN (gf180mcu_fd_sc_mcu9t5v0__nand2_1)
   0.15    3.70 ^ u_core/_16767_/ZN (gf180mcu_fd_sc_mcu9t5v0__nand2_1)
   0.27    3.98 ^ u_core/_16790_/Z (gf180mcu_fd_sc_mcu9t5v0__mux2_1)
   0.00    3.98 ^ u_core/_19689_/D (gf180mcu_fd_sc_mcu9t5v0__dffrnq_2)
           3.98   data arrival time

   0.00    0.00   clock pad_clk_ext (rise edge)
   0.00    0.00   clock source latency
   0.00    0.00 ^ pad_clk (in)
   0.98    0.98 ^ u_pad_clk/Y (gf180mcu_fd_io__in_c)
   0.74    1.72 ^ u_clk_iso/Z (gf180mcu_fd_sc_mcu9t5v0__clkbuf_1)
   0.30    2.02 ^ clkbuf_regs_0_pad_clk_ext/Z (gf180mcu_fd_sc_mcu9t5v0__clkbuf_16)
   0.20    2.21 ^ clkbuf_0_core_clk_regs/Z (gf180mcu_fd_sc_mcu9t5v0__clkbuf_16)
   0.23    2.45 ^ clkbuf_2_0_0_core_clk_regs/Z (gf180mcu_fd_sc_mcu9t5v0__clkbuf_8)
   0.29    2.73 ^ clkbuf_3_0__f_core_clk_regs/Z (gf180mcu_fd_sc_mcu9t5v0__clkbuf_16)
   0.28    3.01 ^ clkbuf_leaf_99_core_clk_regs/Z (gf180mcu_fd_sc_mcu9t5v0__clkbuf_8)
   0.00    3.01 ^ u_core/_19689_/CLK (gf180mcu_fd_sc_mcu9t5v0__dffrnq_2)
   0.05    3.06   clock uncertainty
   0.00    3.06   clock reconvergence pessimism
  -0.04    3.02   library hold time
           3.02   data required time
---------------------------------------------------------
           3.02   data required time
          -3.98   data arrival time
---------------------------------------------------------
           0.96   slack (MET)


Startpoint: pad_din[6] (input port clocked by pad_clk_ext)
Endpoint: u_core/_19703_
          (rising edge-triggered flip-flop clocked by pad_clk_ext)
Path Group: pad_clk_ext
Path Type: min

  Delay    Time   Description
---------------------------------------------------------
   0.00    0.00   clock pad_clk_ext (rise edge)
   0.00    0.00   clock network delay (propagated)
   0.10    0.10 ^ input external delay
   0.00    0.10 ^ pad_din[6] (in)
   0.98    1.08 ^ u_pad_din6/Y (gf180mcu_fd_io__in_c)
   1.38    2.46 ^ hold1193/Z (gf180mcu_fd_sc_mcu9t5v0__dlyc_1)
   0.32    2.78 ^ u_din6_iso/Z (gf180mcu_fd_sc_mcu9t5v0__buf_1)
   0.17    2.95 ^ u_din6_drive/Z (gf180mcu_fd_sc_mcu9t5v0__buf_8)
   0.45    3.40 ^ u_core/_09758_/Z (gf180mcu_fd_sc_mcu9t5v0__buf_1)
   0.16    3.55 v u_core/_11292_/ZN (gf180mcu_fd_sc_mcu9t5v0__nand2_1)
   0.15    3.70 ^ u_core/_16767_/ZN (gf180mcu_fd_sc_mcu9t5v0__nand2_1)
   0.27    3.98 ^ u_core/_16768_/Z (gf180mcu_fd_sc_mcu9t5v0__mux2_1)
   0.00    3.98 ^ u_core/_19703_/D (gf180mcu_fd_sc_mcu9t5v0__dffrnq_2)
           3.98   data arrival time

   0.00    0.00   clock pad_clk_ext (rise edge)
   0.00    0.00   clock source latency
   0.00    0.00 ^ pad_clk (in)
   0.98    0.98 ^ u_pad_clk/Y (gf180mcu_fd_io__in_c)
   0.74    1.72 ^ u_clk_iso/Z (gf180mcu_fd_sc_mcu9t5v0__clkbuf_1)
   0.30    2.02 ^ clkbuf_regs_0_pad_clk_ext/Z (gf180mcu_fd_sc_mcu9t5v0__clkbuf_16)
   0.20    2.21 ^ clkbuf_0_core_clk_regs/Z (gf180mcu_fd_sc_mcu9t5v0__clkbuf_16)
   0.23    2.45 ^ clkbuf_2_0_0_core_clk_regs/Z (gf180mcu_fd_sc_mcu9t5v0__clkbuf_8)
   0.29    2.73 ^ clkbuf_3_1__f_core_clk_regs/Z (gf180mcu_fd_sc_mcu9t5v0__clkbuf_16)
   0.27    3.00 ^ clkbuf_leaf_92_core_clk_regs/Z (gf180mcu_fd_sc_mcu9t5v0__clkbuf_8)
   0.00    3.00 ^ u_core/_19703_/CLK (gf180mcu_fd_sc_mcu9t5v0__dffrnq_2)
   0.05    3.05   clock uncertainty
   0.00    3.05   clock reconvergence pessimism
  -0.05    3.01   library hold time
           3.01   data required time
---------------------------------------------------------
           3.01   data required time
          -3.98   data arrival time
---------------------------------------------------------
           0.97   slack (MET)


Startpoint: pad_din[1] (input port clocked by pad_clk_ext)
Endpoint: u_core/_19684_
          (rising edge-triggered flip-flop clocked by pad_clk_ext)
Path Group: pad_clk_ext
Path Type: min

  Delay    Time   Description
---------------------------------------------------------
   0.00    0.00   clock pad_clk_ext (rise edge)
   0.00    0.00   clock network delay (propagated)
   0.10    0.10 ^ input external delay
   0.00    0.10 ^ pad_din[1] (in)
   0.98    1.08 ^ u_pad_din1/Y (gf180mcu_fd_io__in_c)
   1.38    2.46 ^ hold1191/Z (gf180mcu_fd_sc_mcu9t5v0__dlyc_1)
   0.32    2.78 ^ u_din1_iso/Z (gf180mcu_fd_sc_mcu9t5v0__buf_1)
   0.18    2.96 ^ u_din1_drive/Z (gf180mcu_fd_sc_mcu9t5v0__buf_8)
   0.43    3.39 ^ u_core/_09818_/Z (gf180mcu_fd_sc_mcu9t5v0__buf_1)
   0.32    3.72 ^ u_core/_16778_/Z (gf180mcu_fd_sc_mcu9t5v0__mux2_1)
   0.27    3.99 ^ u_core/_16795_/Z (gf180mcu_fd_sc_mcu9t5v0__mux2_1)
   0.00    3.99 ^ u_core/_19684_/D (gf180mcu_fd_sc_mcu9t5v0__dffrnq_2)
           3.99   data arrival time

   0.00    0.00   clock pad_clk_ext (rise edge)
   0.00    0.00   clock source latency
   0.00    0.00 ^ pad_clk (in)
   0.98    0.98 ^ u_pad_clk/Y (gf180mcu_fd_io__in_c)
   0.74    1.72 ^ u_clk_iso/Z (gf180mcu_fd_sc_mcu9t5v0__clkbuf_1)
   0.30    2.02 ^ clkbuf_regs_0_pad_clk_ext/Z (gf180mcu_fd_sc_mcu9t5v0__clkbuf_16)
   0.20    2.21 ^ clkbuf_0_core_clk_regs/Z (gf180mcu_fd_sc_mcu9t5v0__clkbuf_16)
   0.23    2.45 ^ clkbuf_2_0_0_core_clk_regs/Z (gf180mcu_fd_sc_mcu9t5v0__clkbuf_8)
   0.29    2.73 ^ clkbuf_3_0__f_core_clk_regs/Z (gf180mcu_fd_sc_mcu9t5v0__clkbuf_16)
   0.28    3.01 ^ clkbuf_leaf_99_core_clk_regs/Z (gf180mcu_fd_sc_mcu9t5v0__clkbuf_8)
   0.00    3.01 ^ u_core/_19684_/CLK (gf180mcu_fd_sc_mcu9t5v0__dffrnq_2)
   0.05    3.06   clock uncertainty
   0.00    3.06   clock reconvergence pessimism
  -0.04    3.02   library hold time
           3.02   data required time
---------------------------------------------------------
           3.02   data required time
          -3.99   data arrival time
---------------------------------------------------------
           0.97   slack (MET)


Startpoint: pad_din[1] (input port clocked by pad_clk_ext)
Endpoint: u_core/_19698_
          (rising edge-triggered flip-flop clocked by pad_clk_ext)
Path Group: pad_clk_ext
Path Type: min

  Delay    Time   Description
---------------------------------------------------------
   0.00    0.00   clock pad_clk_ext (rise edge)
   0.00    0.00   clock network delay (propagated)
   0.10    0.10 ^ input external delay
   0.00    0.10 ^ pad_din[1] (in)
   0.98    1.08 ^ u_pad_din1/Y (gf180mcu_fd_io__in_c)
   1.38    2.46 ^ hold1191/Z (gf180mcu_fd_sc_mcu9t5v0__dlyc_1)
   0.32    2.78 ^ u_din1_iso/Z (gf180mcu_fd_sc_mcu9t5v0__buf_1)
   0.18    2.96 ^ u_din1_drive/Z (gf180mcu_fd_sc_mcu9t5v0__buf_8)
   0.43    3.39 ^ u_core/_09818_/Z (gf180mcu_fd_sc_mcu9t5v0__buf_1)
   0.32    3.72 ^ u_core/_16778_/Z (gf180mcu_fd_sc_mcu9t5v0__mux2_1)
   0.27    3.99 ^ u_core/_16779_/Z (gf180mcu_fd_sc_mcu9t5v0__mux2_1)
   0.00    3.99 ^ u_core/_19698_/D (gf180mcu_fd_sc_mcu9t5v0__dffrnq_2)
           3.99   data arrival time

   0.00    0.00   clock pad_clk_ext (rise edge)
   0.00    0.00   clock source latency
   0.00    0.00 ^ pad_clk (in)
   0.98    0.98 ^ u_pad_clk/Y (gf180mcu_fd_io__in_c)
   0.74    1.72 ^ u_clk_iso/Z (gf180mcu_fd_sc_mcu9t5v0__clkbuf_1)
   0.30    2.02 ^ clkbuf_regs_0_pad_clk_ext/Z (gf180mcu_fd_sc_mcu9t5v0__clkbuf_16)
   0.20    2.21 ^ clkbuf_0_core_clk_regs/Z (gf180mcu_fd_sc_mcu9t5v0__clkbuf_16)
   0.23    2.45 ^ clkbuf_2_0_0_core_clk_regs/Z (gf180mcu_fd_sc_mcu9t5v0__clkbuf_8)
   0.29    2.73 ^ clkbuf_3_0__f_core_clk_regs/Z (gf180mcu_fd_sc_mcu9t5v0__clkbuf_16)
   0.28    3.01 ^ clkbuf_leaf_99_core_clk_regs/Z (gf180mcu_fd_sc_mcu9t5v0__clkbuf_8)
   0.00    3.01 ^ u_core/_19698_/CLK (gf180mcu_fd_sc_mcu9t5v0__dffrnq_2)
   0.05    3.06   clock uncertainty
   0.00    3.06   clock reconvergence pessimism
  -0.04    3.02   library hold time
           3.02   data required time
---------------------------------------------------------
           3.02   data required time
          -3.99   data arrival time
---------------------------------------------------------
           0.97   slack (MET)


Startpoint: pad_din[1] (input port clocked by pad_clk_ext)
Endpoint: u_core/_21034_
          (rising edge-triggered flip-flop clocked by pad_clk_ext)
Path Group: pad_clk_ext
Path Type: min

  Delay    Time   Description
---------------------------------------------------------
   0.00    0.00   clock pad_clk_ext (rise edge)
   0.00    0.00   clock network delay (propagated)
   0.10    0.10 v input external delay
   0.00    0.10 v pad_din[1] (in)
   0.87    0.97 v u_pad_din1/Y (gf180mcu_fd_io__in_c)
   1.47    2.43 v hold1191/Z (gf180mcu_fd_sc_mcu9t5v0__dlyc_1)
   0.33    2.77 v u_din1_iso/Z (gf180mcu_fd_sc_mcu9t5v0__buf_1)
   0.20    2.97 v u_din1_drive/Z (gf180mcu_fd_sc_mcu9t5v0__buf_8)
   0.37    3.35 v u_core/_09818_/Z (gf180mcu_fd_sc_mcu9t5v0__buf_1)
   0.39    3.74 ^ u_core/_16621_/ZN (gf180mcu_fd_sc_mcu9t5v0__nand3_1)
   0.10    3.84 v u_core/_19190_/ZN (gf180mcu_fd_sc_mcu9t5v0__aoi21_1)
   0.15    4.00 ^ u_core/_19191_/ZN (gf180mcu_fd_sc_mcu9t5v0__nor2_1)
   0.00    4.00 ^ u_core/_21034_/D (gf180mcu_fd_sc_mcu9t5v0__dffrnq_2)
           4.00   data arrival time

   0.00    0.00   clock pad_clk_ext (rise edge)
   0.00    0.00   clock source latency
   0.00    0.00 ^ pad_clk (in)
   0.98    0.98 ^ u_pad_clk/Y (gf180mcu_fd_io__in_c)
   0.74    1.72 ^ u_clk_iso/Z (gf180mcu_fd_sc_mcu9t5v0__clkbuf_1)
   0.30    2.02 ^ clkbuf_regs_0_pad_clk_ext/Z (gf180mcu_fd_sc_mcu9t5v0__clkbuf_16)
   0.20    2.21 ^ clkbuf_0_core_clk_regs/Z (gf180mcu_fd_sc_mcu9t5v0__clkbuf_16)
   0.23    2.45 ^ clkbuf_2_1_0_core_clk_regs/Z (gf180mcu_fd_sc_mcu9t5v0__clkbuf_8)
   0.29    2.73 ^ clkbuf_3_2__f_core_clk_regs/Z (gf180mcu_fd_sc_mcu9t5v0__clkbuf_16)
   0.28    3.01 ^ clkbuf_leaf_24_core_clk_regs/Z (gf180mcu_fd_sc_mcu9t5v0__clkbuf_8)
   0.00    3.01 ^ u_core/_21034_/CLK (gf180mcu_fd_sc_mcu9t5v0__dffrnq_2)
   0.05    3.06   clock uncertainty
   0.00    3.06   clock reconvergence pessimism
  -0.06    3.01   library hold time
           3.01   data required time
---------------------------------------------------------
           3.01   data required time
          -4.00   data arrival time
---------------------------------------------------------
           0.99   slack (MET)


Startpoint: pad_din[3] (input port clocked by pad_clk_ext)
Endpoint: u_core/_19270_
          (rising edge-triggered flip-flop clocked by pad_clk_ext)
Path Group: pad_clk_ext
Path Type: min

  Delay    Time   Description
---------------------------------------------------------
   0.00    0.00   clock pad_clk_ext (rise edge)
   0.00    0.00   clock network delay (propagated)
   0.10    0.10 v input external delay
   0.00    0.10 v pad_din[3] (in)
   0.87    0.97 v u_pad_din3/Y (gf180mcu_fd_io__in_c)
   1.47    2.43 v hold1185/Z (gf180mcu_fd_sc_mcu9t5v0__dlyc_1)
   0.33    2.77 v u_din3_iso/Z (gf180mcu_fd_sc_mcu9t5v0__buf_1)
   0.21    2.98 v u_din3_drive/Z (gf180mcu_fd_sc_mcu9t5v0__buf_8)
   0.37    3.35 v u_core/_09753_/Z (gf180mcu_fd_sc_mcu9t5v0__buf_1)
   0.45    3.80 v u_core/_17923_/Z (gf180mcu_fd_sc_mcu9t5v0__mux2_1)
   0.25    4.05 ^ u_core/_18263_/ZN (gf180mcu_fd_sc_mcu9t5v0__oai21_1)
   0.16    4.20 v u_core/_18265_/ZN (gf180mcu_fd_sc_mcu9t5v0__oai221_1)
   0.00    4.20 v u_core/_19270_/D (gf180mcu_fd_sc_mcu9t5v0__dffq_2)
           4.20   data arrival time

   0.00    0.00   clock pad_clk_ext (rise edge)
   0.00    0.00   clock source latency
   0.00    0.00 ^ pad_clk (in)
   0.98    0.98 ^ u_pad_clk/Y (gf180mcu_fd_io__in_c)
   0.74    1.72 ^ u_clk_iso/Z (gf180mcu_fd_sc_mcu9t5v0__clkbuf_1)
   0.30    2.02 ^ clkbuf_regs_0_pad_clk_ext/Z (gf180mcu_fd_sc_mcu9t5v0__clkbuf_16)
   0.20    2.21 ^ clkbuf_0_core_clk_regs/Z (gf180mcu_fd_sc_mcu9t5v0__clkbuf_16)
   0.23    2.45 ^ clkbuf_2_0_0_core_clk_regs/Z (gf180mcu_fd_sc_mcu9t5v0__clkbuf_8)
   0.29    2.73 ^ clkbuf_3_0__f_core_clk_regs/Z (gf180mcu_fd_sc_mcu9t5v0__clkbuf_16)
   0.28    3.01 ^ clkbuf_leaf_97_core_clk_regs/Z (gf180mcu_fd_sc_mcu9t5v0__clkbuf_8)
   0.00    3.01 ^ u_core/_19270_/CLK (gf180mcu_fd_sc_mcu9t5v0__dffq_2)
   0.05    3.06   clock uncertainty
   0.00    3.06   clock reconvergence pessimism
   0.13    3.19   library hold time
           3.19   data required time
---------------------------------------------------------
           3.19   data required time
          -4.20   data arrival time
---------------------------------------------------------
           1.01   slack (MET)


Startpoint: pad_din_valid_i (input port clocked by pad_clk_ext)
Endpoint: u_core/_21010_
          (rising edge-triggered flip-flop clocked by pad_clk_ext)
Path Group: pad_clk_ext
Path Type: min

  Delay    Time   Description
---------------------------------------------------------
   0.00    0.00   clock pad_clk_ext (rise edge)
   0.00    0.00   clock network delay (propagated)
   0.10    0.10 v input external delay
   0.00    0.10 v pad_din_valid_i (in)
   0.87    0.97 v u_pad_din_valid/Y (gf180mcu_fd_io__in_c)
   1.47    2.43 v hold1183/Z (gf180mcu_fd_sc_mcu9t5v0__dlyc_1)
   0.33    2.77 v u_valid_iso/Z (gf180mcu_fd_sc_mcu9t5v0__buf_1)
   0.20    2.97 v u_valid_drive/Z (gf180mcu_fd_sc_mcu9t5v0__buf_8)
   0.43    3.40 v u_core/_09792_/Z (gf180mcu_fd_sc_mcu9t5v0__buf_1)
   0.41    3.81 v u_core/_11163_/Z (gf180mcu_fd_sc_mcu9t5v0__and2_1)
   0.22    4.03 ^ u_core/_11164_/ZN (gf180mcu_fd_sc_mcu9t5v0__nand3_1)
   0.13    4.16 v u_core/_11165_/ZN (gf180mcu_fd_sc_mcu9t5v0__oai22_1)
   0.00    4.16 v u_core/_21010_/D (gf180mcu_fd_sc_mcu9t5v0__dffrnq_2)
           4.16   data arrival time

   0.00    0.00   clock pad_clk_ext (rise edge)
   0.00    0.00   clock source latency
   0.00    0.00 ^ pad_clk (in)
   0.98    0.98 ^ u_pad_clk/Y (gf180mcu_fd_io__in_c)
   0.74    1.72 ^ u_clk_iso/Z (gf180mcu_fd_sc_mcu9t5v0__clkbuf_1)
   0.30    2.02 ^ clkbuf_regs_0_pad_clk_ext/Z (gf180mcu_fd_sc_mcu9t5v0__clkbuf_16)
   0.20    2.21 ^ clkbuf_0_core_clk_regs/Z (gf180mcu_fd_sc_mcu9t5v0__clkbuf_16)
   0.23    2.45 ^ clkbuf_2_1_0_core_clk_regs/Z (gf180mcu_fd_sc_mcu9t5v0__clkbuf_8)
   0.29    2.73 ^ clkbuf_3_2__f_core_clk_regs/Z (gf180mcu_fd_sc_mcu9t5v0__clkbuf_16)
   0.28    3.01 ^ clkbuf_leaf_8_core_clk_regs/Z (gf180mcu_fd_sc_mcu9t5v0__clkbuf_8)
   0.00    3.01 ^ u_core/_21010_/CLK (gf180mcu_fd_sc_mcu9t5v0__dffrnq_2)
   0.05    3.06   clock uncertainty
   0.00    3.06   clock reconvergence pessimism
   0.08    3.15   library hold time
           3.15   data required time
---------------------------------------------------------
           3.15   data required time
          -4.16   data arrival time
---------------------------------------------------------
           1.02   slack (MET)


Startpoint: pad_din[3] (input port clocked by pad_clk_ext)
Endpoint: u_core/_21108_
          (rising edge-triggered flip-flop clocked by pad_clk_ext)
Path Group: pad_clk_ext
Path Type: min

  Delay    Time   Description
---------------------------------------------------------
   0.00    0.00   clock pad_clk_ext (rise edge)
   0.00    0.00   clock network delay (propagated)
   0.10    0.10 ^ input external delay
   0.00    0.10 ^ pad_din[3] (in)
   0.98    1.08 ^ u_pad_din3/Y (gf180mcu_fd_io__in_c)
   1.38    2.46 ^ hold1185/Z (gf180mcu_fd_sc_mcu9t5v0__dlyc_1)
   0.32    2.78 ^ u_din3_iso/Z (gf180mcu_fd_sc_mcu9t5v0__buf_1)
   0.18    2.96 ^ u_din3_drive/Z (gf180mcu_fd_sc_mcu9t5v0__buf_8)
   0.13    3.10 v u_core/_09747_/ZN (gf180mcu_fd_sc_mcu9t5v0__clkinv_1)
   0.38    3.48 ^ u_core/_09750_/ZN (gf180mcu_fd_sc_mcu9t5v0__nand3_1)
   0.17    3.64 v u_core/_09783_/ZN (gf180mcu_fd_sc_mcu9t5v0__nor2_1)
   0.37    4.02 ^ u_core/_09796_/ZN (gf180mcu_fd_sc_mcu9t5v0__nand2_1)
   0.13    4.15 v u_core/_19088_/ZN (gf180mcu_fd_sc_mcu9t5v0__nand3_1)
   0.00    4.15 v u_core/_21108_/D (gf180mcu_fd_sc_mcu9t5v0__dffrnq_2)
           4.15   data arrival time

   0.00    0.00   clock pad_clk_ext (rise edge)
   0.00    0.00   clock source latency
   0.00    0.00 ^ pad_clk (in)
   0.98    0.98 ^ u_pad_clk/Y (gf180mcu_fd_io__in_c)
   0.74    1.72 ^ u_clk_iso/Z (gf180mcu_fd_sc_mcu9t5v0__clkbuf_1)
   0.30    2.02 ^ clkbuf_regs_0_pad_clk_ext/Z (gf180mcu_fd_sc_mcu9t5v0__clkbuf_16)
   0.20    2.21 ^ clkbuf_0_core_clk_regs/Z (gf180mcu_fd_sc_mcu9t5v0__clkbuf_16)
   0.23    2.45 ^ clkbuf_2_1_0_core_clk_regs/Z (gf180mcu_fd_sc_mcu9t5v0__clkbuf_8)
   0.29    2.73 ^ clkbuf_3_2__f_core_clk_regs/Z (gf180mcu_fd_sc_mcu9t5v0__clkbuf_16)
   0.28    3.01 ^ clkbuf_leaf_10_core_clk_regs/Z (gf180mcu_fd_sc_mcu9t5v0__clkbuf_8)
   0.00    3.01 ^ u_core/_21108_/CLK (gf180mcu_fd_sc_mcu9t5v0__dffrnq_2)
   0.05    3.06   clock uncertainty
   0.00    3.06   clock reconvergence pessimism
   0.07    3.13   library hold time
           3.13   data required time
---------------------------------------------------------
           3.13   data required time
          -4.15   data arrival time
---------------------------------------------------------
           1.02   slack (MET)


Startpoint: pad_din_valid_i (input port clocked by pad_clk_ext)
Endpoint: u_core/_21113_
          (rising edge-triggered flip-flop clocked by pad_clk_ext)
Path Group: pad_clk_ext
Path Type: min

  Delay    Time   Description
---------------------------------------------------------
   0.00    0.00   clock pad_clk_ext (rise edge)
   0.00    0.00   clock network delay (propagated)
   0.10    0.10 v input external delay
   0.00    0.10 v pad_din_valid_i (in)
   0.87    0.97 v u_pad_din_valid/Y (gf180mcu_fd_io__in_c)
   1.47    2.43 v hold1183/Z (gf180mcu_fd_sc_mcu9t5v0__dlyc_1)
   0.33    2.77 v u_valid_iso/Z (gf180mcu_fd_sc_mcu9t5v0__buf_1)
   0.20    2.97 v u_valid_drive/Z (gf180mcu_fd_sc_mcu9t5v0__buf_8)
   0.24    3.21 ^ u_core/_09745_/ZN (gf180mcu_fd_sc_mcu9t5v0__clkinv_1)
   0.32    3.52 v u_core/_09775_/ZN (gf180mcu_fd_sc_mcu9t5v0__nor2_1)
   0.34    3.86 ^ u_core/_09810_/ZN (gf180mcu_fd_sc_mcu9t5v0__oai21_2)
   0.22    4.08 ^ u_core/place454/Z (gf180mcu_fd_sc_mcu9t5v0__buf_8)
   0.11    4.19 v u_core/_19225_/ZN (gf180mcu_fd_sc_mcu9t5v0__oai21_1)
   0.00    4.19 v u_core/_21113_/D (gf180mcu_fd_sc_mcu9t5v0__dffrnq_2)
           4.19   data arrival time

   0.00    0.00   clock pad_clk_ext (rise edge)
   0.00    0.00   clock source latency
   0.00    0.00 ^ pad_clk (in)
   0.98    0.98 ^ u_pad_clk/Y (gf180mcu_fd_io__in_c)
   0.74    1.72 ^ u_clk_iso/Z (gf180mcu_fd_sc_mcu9t5v0__clkbuf_1)
   0.30    2.02 ^ clkbuf_regs_0_pad_clk_ext/Z (gf180mcu_fd_sc_mcu9t5v0__clkbuf_16)
   0.20    2.21 ^ clkbuf_0_core_clk_regs/Z (gf180mcu_fd_sc_mcu9t5v0__clkbuf_16)
   0.23    2.45 ^ clkbuf_2_1_0_core_clk_regs/Z (gf180mcu_fd_sc_mcu9t5v0__clkbuf_8)
   0.29    2.73 ^ clkbuf_3_2__f_core_clk_regs/Z (gf180mcu_fd_sc_mcu9t5v0__clkbuf_16)
   0.28    3.01 ^ clkbuf_leaf_10_core_clk_regs/Z (gf180mcu_fd_sc_mcu9t5v0__clkbuf_8)
   0.00    3.01 ^ u_core/_21113_/CLK (gf180mcu_fd_sc_mcu9t5v0__dffrnq_2)
   0.05    3.06   clock uncertainty
   0.00    3.06   clock reconvergence pessimism
   0.08    3.14   library hold time
           3.14   data required time
---------------------------------------------------------
           3.14   data required time
          -4.19   data arrival time
---------------------------------------------------------
           1.05   slack (MET)


Startpoint: pad_din[3] (input port clocked by pad_clk_ext)
Endpoint: u_core/_19915_
          (rising edge-triggered flip-flop clocked by pad_clk_ext)
Path Group: pad_clk_ext
Path Type: min

  Delay    Time   Description
---------------------------------------------------------
   0.00    0.00   clock pad_clk_ext (rise edge)
   0.00    0.00   clock network delay (propagated)
   0.10    0.10 v input external delay
   0.00    0.10 v pad_din[3] (in)
   0.87    0.97 v u_pad_din3/Y (gf180mcu_fd_io__in_c)
   1.47    2.43 v hold1185/Z (gf180mcu_fd_sc_mcu9t5v0__dlyc_1)
   0.33    2.77 v u_din3_iso/Z (gf180mcu_fd_sc_mcu9t5v0__buf_1)
   0.21    2.98 v u_din3_drive/Z (gf180mcu_fd_sc_mcu9t5v0__buf_8)
   0.37    3.35 v u_core/_09753_/Z (gf180mcu_fd_sc_mcu9t5v0__buf_1)
   0.51    3.86 v u_core/_11008_/Z (gf180mcu_fd_sc_mcu9t5v0__clkbuf_1)
   0.23    4.09 ^ u_core/_16460_/ZN (gf180mcu_fd_sc_mcu9t5v0__aoi22_1)
   0.10    4.19 v u_core/_16461_/ZN (gf180mcu_fd_sc_mcu9t5v0__clkinv_1)
   0.00    4.19 v u_core/_19915_/D (gf180mcu_fd_sc_mcu9t5v0__dffrnq_2)
           4.19   data arrival time

   0.00    0.00   clock pad_clk_ext (rise edge)
   0.00    0.00   clock source latency
   0.00    0.00 ^ pad_clk (in)
   0.98    0.98 ^ u_pad_clk/Y (gf180mcu_fd_io__in_c)
   0.74    1.72 ^ u_clk_iso/Z (gf180mcu_fd_sc_mcu9t5v0__clkbuf_1)
   0.30    2.02 ^ clkbuf_regs_0_pad_clk_ext/Z (gf180mcu_fd_sc_mcu9t5v0__clkbuf_16)
   0.20    2.21 ^ clkbuf_0_core_clk_regs/Z (gf180mcu_fd_sc_mcu9t5v0__clkbuf_16)
   0.23    2.45 ^ clkbuf_2_1_0_core_clk_regs/Z (gf180mcu_fd_sc_mcu9t5v0__clkbuf_8)
   0.29    2.73 ^ clkbuf_3_2__f_core_clk_regs/Z (gf180mcu_fd_sc_mcu9t5v0__clkbuf_16)
   0.28    3.01 ^ clkbuf_leaf_9_core_clk_regs/Z (gf180mcu_fd_sc_mcu9t5v0__clkbuf_8)
   0.00    3.01 ^ u_core/_19915_/CLK (gf180mcu_fd_sc_mcu9t5v0__dffrnq_2)
   0.05    3.06   clock uncertainty
   0.00    3.06   clock reconvergence pessimism
   0.08    3.14   library hold time
           3.14   data required time
---------------------------------------------------------
           3.14   data required time
          -4.19   data arrival time
---------------------------------------------------------
           1.05   slack (MET)


Startpoint: pad_din[1] (input port clocked by pad_clk_ext)
Endpoint: u_core/_19783_
          (rising edge-triggered flip-flop clocked by pad_clk_ext)
Path Group: pad_clk_ext
Path Type: min

  Delay    Time   Description
---------------------------------------------------------
   0.00    0.00   clock pad_clk_ext (rise edge)
   0.00    0.00   clock network delay (propagated)
   0.10    0.10 v input external delay
   0.00    0.10 v pad_din[1] (in)
   0.87    0.97 v u_pad_din1/Y (gf180mcu_fd_io__in_c)
   1.47    2.43 v hold1191/Z (gf180mcu_fd_sc_mcu9t5v0__dlyc_1)
   0.33    2.77 v u_din1_iso/Z (gf180mcu_fd_sc_mcu9t5v0__buf_1)
   0.20    2.97 v u_din1_drive/Z (gf180mcu_fd_sc_mcu9t5v0__buf_8)
   0.37    3.35 v u_core/_09818_/Z (gf180mcu_fd_sc_mcu9t5v0__buf_1)
   0.52    3.86 v u_core/_11012_/Z (gf180mcu_fd_sc_mcu9t5v0__clkbuf_1)
   0.23    4.09 ^ u_core/_16683_/ZN (gf180mcu_fd_sc_mcu9t5v0__aoi22_1)
   0.10    4.19 v u_core/_16684_/ZN (gf180mcu_fd_sc_mcu9t5v0__clkinv_1)
   0.00    4.19 v u_core/_19783_/D (gf180mcu_fd_sc_mcu9t5v0__dffrnq_2)
           4.19   data arrival time

   0.00    0.00   clock pad_clk_ext (rise edge)
   0.00    0.00   clock source latency
   0.00    0.00 ^ pad_clk (in)
   0.98    0.98 ^ u_pad_clk/Y (gf180mcu_fd_io__in_c)
   0.74    1.72 ^ u_clk_iso/Z (gf180mcu_fd_sc_mcu9t5v0__clkbuf_1)
   0.30    2.02 ^ clkbuf_regs_0_pad_clk_ext/Z (gf180mcu_fd_sc_mcu9t5v0__clkbuf_16)
   0.20    2.21 ^ clkbuf_0_core_clk_regs/Z (gf180mcu_fd_sc_mcu9t5v0__clkbuf_16)
   0.23    2.45 ^ clkbuf_2_1_0_core_clk_regs/Z (gf180mcu_fd_sc_mcu9t5v0__clkbuf_8)
   0.29    2.73 ^ clkbuf_3_2__f_core_clk_regs/Z (gf180mcu_fd_sc_mcu9t5v0__clkbuf_16)
   0.28    3.01 ^ clkbuf_leaf_27_core_clk_regs/Z (gf180mcu_fd_sc_mcu9t5v0__clkbuf_8)
   0.00    3.01 ^ u_core/_19783_/CLK (gf180mcu_fd_sc_mcu9t5v0__dffrnq_2)
   0.05    3.06   clock uncertainty
   0.00    3.06   clock reconvergence pessimism
   0.08    3.14   library hold time
           3.14   data required time
---------------------------------------------------------
           3.14   data required time
          -4.19   data arrival time
---------------------------------------------------------
           1.06   slack (MET)


Startpoint: pad_din[1] (input port clocked by pad_clk_ext)
Endpoint: u_core/_19813_
          (rising edge-triggered flip-flop clocked by pad_clk_ext)
Path Group: pad_clk_ext
Path Type: min

  Delay    Time   Description
---------------------------------------------------------
   0.00    0.00   clock pad_clk_ext (rise edge)
   0.00    0.00   clock network delay (propagated)
   0.10    0.10 ^ input external delay
   0.00    0.10 ^ pad_din[1] (in)
   0.98    1.08 ^ u_pad_din1/Y (gf180mcu_fd_io__in_c)
   1.38    2.46 ^ hold1191/Z (gf180mcu_fd_sc_mcu9t5v0__dlyc_1)
   0.32    2.78 ^ u_din1_iso/Z (gf180mcu_fd_sc_mcu9t5v0__buf_1)
   0.18    2.96 ^ u_din1_drive/Z (gf180mcu_fd_sc_mcu9t5v0__buf_8)
   0.43    3.39 ^ u_core/_09818_/Z (gf180mcu_fd_sc_mcu9t5v0__buf_1)
   0.37    3.76 v u_core/_16621_/ZN (gf180mcu_fd_sc_mcu9t5v0__nand3_1)
   0.33    4.09 ^ u_core/_16672_/ZN (gf180mcu_fd_sc_mcu9t5v0__nor2_1)
   0.10    4.19 v u_core/_18643_/ZN (gf180mcu_fd_sc_mcu9t5v0__nor2_1)
   0.00    4.19 v u_core/_19813_/D (gf180mcu_fd_sc_mcu9t5v0__dffrnq_2)
           4.19   data arrival time

   0.00    0.00   clock pad_clk_ext (rise edge)
   0.00    0.00   clock source latency
   0.00    0.00 ^ pad_clk (in)
   0.98    0.98 ^ u_pad_clk/Y (gf180mcu_fd_io__in_c)
   0.74    1.72 ^ u_clk_iso/Z (gf180mcu_fd_sc_mcu9t5v0__clkbuf_1)
   0.30    2.02 ^ clkbuf_regs_0_pad_clk_ext/Z (gf180mcu_fd_sc_mcu9t5v0__clkbuf_16)
   0.20    2.21 ^ clkbuf_0_core_clk_regs/Z (gf180mcu_fd_sc_mcu9t5v0__clkbuf_16)
   0.23    2.45 ^ clkbuf_2_1_0_core_clk_regs/Z (gf180mcu_fd_sc_mcu9t5v0__clkbuf_8)
   0.29    2.73 ^ clkbuf_3_2__f_core_clk_regs/Z (gf180mcu_fd_sc_mcu9t5v0__clkbuf_16)
   0.28    3.01 ^ clkbuf_leaf_25_core_clk_regs/Z (gf180mcu_fd_sc_mcu9t5v0__clkbuf_8)
   0.00    3.01 ^ u_core/_19813_/CLK (gf180mcu_fd_sc_mcu9t5v0__dffrnq_2)
   0.05    3.06   clock uncertainty
   0.00    3.06   clock reconvergence pessimism
   0.07    3.13   library hold time
           3.13   data required time
---------------------------------------------------------
           3.13   data required time
          -4.19   data arrival time
---------------------------------------------------------
           1.06   slack (MET)


Startpoint: pad_din[6] (input port clocked by pad_clk_ext)
Endpoint: u_core/_19918_
          (rising edge-triggered flip-flop clocked by pad_clk_ext)
Path Group: pad_clk_ext
Path Type: min

  Delay    Time   Description
---------------------------------------------------------
   0.00    0.00   clock pad_clk_ext (rise edge)
   0.00    0.00   clock network delay (propagated)
   0.10    0.10 v input external delay
   0.00    0.10 v pad_din[6] (in)
   0.87    0.97 v u_pad_din6/Y (gf180mcu_fd_io__in_c)
   1.47    2.43 v hold1193/Z (gf180mcu_fd_sc_mcu9t5v0__dlyc_1)
   0.33    2.77 v u_din6_iso/Z (gf180mcu_fd_sc_mcu9t5v0__buf_1)
   0.20    2.97 v u_din6_drive/Z (gf180mcu_fd_sc_mcu9t5v0__buf_8)
   0.38    3.35 v u_core/_09758_/Z (gf180mcu_fd_sc_mcu9t5v0__buf_1)
   0.54    3.88 v u_core/_11000_/Z (gf180mcu_fd_sc_mcu9t5v0__clkbuf_1)
   0.24    4.12 ^ u_core/_16456_/ZN (gf180mcu_fd_sc_mcu9t5v0__aoi22_1)
   0.10    4.22 v u_core/_16457_/ZN (gf180mcu_fd_sc_mcu9t5v0__clkinv_1)
   0.00    4.22 v u_core/_19918_/D (gf180mcu_fd_sc_mcu9t5v0__dffrnq_2)
           4.22   data arrival time

   0.00    0.00   clock pad_clk_ext (rise edge)
   0.00    0.00   clock source latency
   0.00    0.00 ^ pad_clk (in)
   0.98    0.98 ^ u_pad_clk/Y (gf180mcu_fd_io__in_c)
   0.74    1.72 ^ u_clk_iso/Z (gf180mcu_fd_sc_mcu9t5v0__clkbuf_1)
   0.30    2.02 ^ clkbuf_regs_0_pad_clk_ext/Z (gf180mcu_fd_sc_mcu9t5v0__clkbuf_16)
   0.20    2.21 ^ clkbuf_0_core_clk_regs/Z (gf180mcu_fd_sc_mcu9t5v0__clkbuf_16)
   0.23    2.45 ^ clkbuf_2_1_0_core_clk_regs/Z (gf180mcu_fd_sc_mcu9t5v0__clkbuf_8)
   0.29    2.73 ^ clkbuf_3_2__f_core_clk_regs/Z (gf180mcu_fd_sc_mcu9t5v0__clkbuf_16)
   0.28    3.01 ^ clkbuf_leaf_11_core_clk_regs/Z (gf180mcu_fd_sc_mcu9t5v0__clkbuf_8)
   0.00    3.01 ^ u_core/_19918_/CLK (gf180mcu_fd_sc_mcu9t5v0__dffrnq_2)
   0.05    3.06   clock uncertainty
   0.00    3.06   clock reconvergence pessimism
   0.08    3.14   library hold time
           3.14   data required time
---------------------------------------------------------
           3.14   data required time
          -4.22   data arrival time
---------------------------------------------------------
           1.08   slack (MET)


