net,length_um
rst_n,24.51796mm
net195,2.53004mm
u_transform_scheduler_core.u_fft_scratch_sram.u_hi.macro_q\[5\],2.3859mm
u_transform_scheduler_core.u_fft_scratch_sram.u_hi.macro_q\[6\],2.33209mm
u_transform_scheduler_core.u_fft_scratch_sram.u_hi.macro_q\[4\],2.25504mm
u_transform_scheduler_core.u_fft_scratch_sram.u_hi.macro_q\[3\],2.22761mm
u_transform_scheduler_core.u_fft_scratch_sram.u_hi.macro_q\[2\],2.15803mm
u_transform_scheduler_core.u_fft_scratch_sram.u_hi.macro_q\[7\],2.14795mm
u_transform_scheduler_core.u_fft_scratch_sram.u_hi.macro_q\[1\],2.13883mm
_04017_,2.05517mm
net2,1.95612mm
net3,1.9524mm
net1,1.94787mm
u_transform_scheduler_core.u_fft_scratch_sram.u_hi.macro_q\[0\],1.9447mm
net4,1.92577mm
net6,1.86387mm
u_transform_scheduler_core.u_fft_scratch_sram.u_lo.macro_q\[6\],1.84878mm
net209,1.82175mm
net7,1.78619mm
net5,1.77198mm
u_transform_scheduler_core.u_fft_scratch_sram.u_lo.macro_q\[4\],1.74157mm
u_transform_scheduler_core.u_fft_scratch_sram.u_lo.macro_q\[5\],1.72795mm
_04851_,1.70254mm
net210,1.70155mm
u_transform_scheduler_core.u_fft_scratch_sram.u_lo.macro_q\[7\],1.69548mm
net8,1.69496mm
net98,1.66389mm
_04139_,1.60235mm
net173,1.596695mm
u_transform_scheduler_core.tx_mapper_source_addr\[3\],1.59664mm
u_transform_scheduler_core.u_fft_scratch_sram.u_lo.macro_q\[2\],1.58748mm
_04836_,1.56974mm
u_transform_scheduler_core.u_fft_scratch_sram.u_lo.macro_q\[3\],1.55979mm
net106,1.55225mm
u_transform_scheduler_core.bf_X1_q\[10\],1.536mm
_02612_,1.51703mm
net139,1.4652mm
_02063_,1.45384mm
clknet_3_2__leaf_clk_regs,1.45187mm
u_transform_scheduler_core.u_fft_scratch_sram.u_lo.macro_q\[1\],1.43493mm
net192,1.41709mm
_04140_,1.380985mm
_04118_,1.38077mm
u_transform_scheduler_core.bf_X1_q\[13\],1.37861mm
u_transform_scheduler_core.bf_X1_i\[6\],1.37788mm
u_transform_scheduler_core.bf_X1_q\[11\],1.35901mm
net99,1.35874mm
u_transform_scheduler_core.u_fft_scratch_sram.u_lo.macro_q\[0\],1.35499mm
u_transform_scheduler_core.bf_X1_i\[15\],1.3529mm
_05587_,1.35284mm
u_transform_scheduler_core.bf_X1_q\[7\],1.34374mm
u_transform_scheduler_core.bf_X1_i\[14\],1.33839mm
clknet_3_0__leaf_clk_regs,1.33197mm
net141,1.32245mm
net183,1.31969mm
u_transform_scheduler_core.bf_X1_i\[9\],1.30983mm
net20,1.3056mm
clknet_3_7__leaf_clk_regs,1.30214mm
u_transform_scheduler_core.bf_X1_i\[13\],1.29364mm
net133,1.28979mm
net161,1.28284mm
clknet_3_4__leaf_clk_regs,1.2753mm
net57,1.27404mm
net102,1.27119mm
_03838_,1.27082mm
u_transform_scheduler_core.bf_X1_q\[15\],1.26625mm
u_transform_scheduler_core.bf_X1_q\[14\],1.25992mm
net211,1.25831mm
net59,1.25592mm
net176,1.24018mm
net180,1.23733mm
net175,1.23377mm
net182,1.2303mm
clknet_3_5__leaf_clk_regs,1.22812mm
clknet_0_clk_regs,1.22782mm
net201,1.227255mm
net185,1.21946mm
net178,1.21911mm
u_transform_scheduler_core.bf_X1_i\[10\],1.21468mm
net184,1.20954mm
u_transform_scheduler_core.bf_X1_q\[12\],1.20513mm
net204,1.19569mm
net140,1.19559mm
net62,1.18159mm
_05808_,1.16275mm
net179,1.16118mm
net63,1.16051mm
net168,1.14875mm
net190,1.14738mm
net138,1.14458mm
u_transform_scheduler_core.bf_X1_q\[6\],1.14326mm
net37,1.13689mm
net25,1.13363mm
clknet_3_1__leaf_clk_regs,1.13282mm
_04850_,1.12921mm
net137,1.12762mm
_05586_,1.1232mm
u_transform_scheduler_core.bf_X1_i\[12\],1.12003mm
u_transform_scheduler_core.bf_X1_i\[7\],1.11001mm
_03855_,1.10463mm
net181,1.0971mm
_04315_,1.0927mm
u_transform_scheduler_core.u_fdiq_output_adapter.state\[1\],1.09215mm
clk,1.07521mm
net36,1.06949mm
u_transform_scheduler_core.bf_X1_q\[9\],1.06664mm
_06046_,1.05727mm
net49,1.05559mm
net76,1.05319mm
_02861_,1.04882mm
u_transform_scheduler_core.bf_X1_i\[4\],1.0475mm
u_transform_scheduler_core.bf_X1_i\[8\],1.04686mm
net177,1.04103mm
_04284_,1.04083mm
net203,1.03619mm
net55,1.03584mm
net136,1.03507mm
net34,1.03095mm
net107,1.02885mm
net117,1.02826mm
_04129_,1.02443mm
net174,1.023665mm
u_transform_scheduler_core.bf_X1_i\[11\],1.02362mm
clknet_3_6__leaf_clk_regs,1.01868mm
net24,1.01522mm
net22,1.01339mm
net9,1.01059mm
net114,1.00336mm
net202,1.0017mm
net104,998.32µm
u_transform_scheduler_core.bf_X1_i\[5\],997.71µm
net207,995.31µm
clknet_3_3__leaf_clk_regs,982.59µm
net30,978.67µm
net229,977.77µm
_03748_,974.9µm
net129,972.71µm
u_transform_scheduler_core.bf_X1_q\[5\],972.56µm
net205,964.41µm
net75,963.29µm
_05572_,959.17µm
net134,959.13µm
net146,957.49µm
net245,957.08µm
net169,945.52µm
_02611_,939.47µm
_02321_,933.87µm
_04217_,925.42µm
net103,923.22µm
net84,922.72µm
net151,917.58µm
_02468_,915.82µm
net64,912.23µm
net170,911.77µm
_04845_,908.16µm
net56,906.12µm
_04015_,900.36µm
_06037_,898.69µm
u_transform_scheduler_core.bf_X1_q\[4\],897.75µm
_05575_,897.56µm
net108,897.31µm
u_transform_scheduler_core.tx_mapper_source_addr\[2\],897.02µm
net35,896.2µm
_05809_,890.95µm
_03602_,889.63µm
net120,886.32µm
net47,884.59µm
_04148_,883.93µm
net198,878.38µm
_02322_,876.6µm
_05583_,874.28µm
_04018_,873.01µm
u_transform_scheduler_core.bf_X1_q\[8\],866.72µm
_04527_,865.86µm
net128,864.22µm
net191,857.17µm
net100,856.64µm
u_transform_scheduler_core.tx_mapper_busy,856.41µm
net23,852.67µm
_04316_,852.62µm
u_transform_scheduler_core.bf_X1_i\[0\],852.62µm
u_transform_scheduler_core.rx_small_radix3,851.24µm
net29,849.77µm
net39,846.92µm
_02064_,846.86µm
net74,846.05µm
_02324_,846.03µm
_05571_,844.07µm
net125,843.71µm
u_transform_scheduler_core.bf_X1_q\[1\],843.66µm
net21,843.61µm
net41,843.5µm
u_transform_scheduler_core.bf_X1_i\[3\],842.23µm
net19,840.61µm
net193,838.77µm
net45,836.89µm
net171,836.48µm
net135,832.56µm
u_transform_scheduler_core.bf_X1_i\[2\],832.48µm
core_X2_q\[11\],832.31µm
_04283_,831.75µm
net149,826.86µm
standalone_active,826.76µm
net237,826.55µm
u_transform_scheduler_core.u_mixed_radix_butterfly.final_scalar_pending,826.4µm
net147,825.23µm
net121,824.21µm
_03756_,824.06µm
serializer_busy,819.15µm
u_transform_scheduler_core.bf_X1_i\[1\],817.9µm
_02878_,816.32µm
net127,813.06µm
net116,812.4µm
_04136_,802.52µm
net46,801.51µm
core_X2_q\[15\],798.76µm
_06493_,797.62µm
_04324_,796.82µm
net124,795.44µm
net208,793.97µm
_02614_,793.11µm
net132,790.96µm
net122,786.13µm
net234,785.47µm
net233,784.16µm
core_X2_q\[13\],782.79µm
net27,782.11µm
_05580_,777.83µm
u_transform_scheduler_core.bf_X0_i\[14\],771.93µm
u_transform_scheduler_core.bf_X1_q\[3\],771.42µm
_04213_,770.3µm
_02841_,767.5µm
u_transform_scheduler_core.bf_X0_i\[6\],766.89µm
_02464_,764.19µm
_02607_,758.7µm
net197,758.13µm
net42,755.95µm
net118,748.64µm
_05574_,747.67µm
core_X2_i\[13\],747.22µm
_04296_,746.42µm
net50,745.3µm
_02677_,745.15µm
_04859_,741.23µm
net32,740.98µm
_07040_,739.76µm
net38,739.75µm
_02749_,739.6µm
_05579_,739.39µm
net26,738.63µm
net31,736.19µm
net126,735.17µm
net48,734.46µm
net83,727.79µm
_04877_,727.73µm
net243,727.64µm
_04132_,723.1µm
net119,722.77µm
net165,722.65µm
net28,721.78µm
core_X2_q\[14\],721.53µm
u_transform_scheduler_core.bf_X1_q\[0\],718.93µm
u_transform_scheduler_core.bf_X0_q\[14\],717.15µm
net105,716.08µm
_02569_,715.32µm
_00041_,714.05µm
net61,713.38µm
net167,712.31µm
_02449_,709.36µm
net189,708.34µm
u_transform_scheduler_core.tx_mapper_source_addr\[0\],707.53µm
_02319_,705.24µm
net77,698.51µm
net131,698.05µm
_06908_,696.64µm
_02728_,696.43µm
_08419_,696.33µm
net130,690.72µm
_05582_,689.09µm
net206,688.74µm
net85,687.47µm
net242,686.76µm
net66,681.69µm
_04819_,681.57µm
_03750_,681.36µm
_02463_,681.31µm
_03818_,681.31µm
net43,681.26µm
core_X2_q\[2\],679.99µm
u_transform_scheduler_core.bf_X0_q\[13\],679.33µm
u_transform_scheduler_core.bf_X1_q\[2\],679.07µm
net80,677.9µm
_06866_,676.1µm
net40,673.42µm
net78,671.69µm
_04133_,671.64µm
_08312_,671.03µm
_07033_,670.37µm
net196,669.75µm
net51,665.7µm
_08348_,664.87µm
_04573_,662.48µm
_04860_,658.2µm
core_X2_i\[11\],658.1µm
_06034_,653.83µm
net73,652.7µm
core_X2_q\[9\],649.8µm
_02786_,649.19µm
u_transform_scheduler_core.bf_X0_q\[11\],648.63µm
_08382_,647.76µm
u_transform_scheduler_core.bf_X0_i\[12\],646.44µm
u_transform_scheduler_core.bf_X0_q\[12\],644.76µm
_04662_,644.59µm
_06783_,641.31µm
u_transform_scheduler_core.dft12_phase\[2\],641.19µm
_02478_,640.89µm
_04369_,640.1µm
net228,639.67µm
_06048_,639.46µm
net200,635.7µm
core_X2_i\[12\],635.24µm
_04840_,631.42µm
_02483_,630.99µm
u_transform_scheduler_core.bf_X0_i\[13\],629.23µm
top_state\[10\],627.07µm
_07136_,626.68µm
_06984_,626.64µm
_02787_,626.28µm
_04759_,625.11µm
net33,624.24µm
_04782_,623.94µm
net60,622.64µm
_02674_,622.61µm
_06803_,621.65µm
_04825_,621.39µm
_04212_,617.88µm
_04414_,617.37µm
_03852_,615.49µm
_04874_,612.84µm
_04539_,610.24µm
_08269_,607.24µm
_08190_,606.63µm
_08233_,602.25µm
_03854_,602.15µm
_04876_,601.94µm
_05409_,597.87µm
net155,596.8µm
net150,595.63µm
_07026_,594.9µm
core_X2_i\[1\],594.46µm
core_X2_q\[3\],593.07µm
_04406_,592.955µm
net67,592.88µm
_06763_,591.92µm
net123,591.66µm
core_X2_q\[12\],590.12µm
_06045_,588.76µm
_04872_,587.28µm
core_X2_q\[7\],585.88µm
_06494_,585.45µm
net172,584.94µm
u_transform_scheduler_core.fft128_done,584.23µm
_04291_,583.48µm
net44,583.11µm
_06035_,580.66µm
_06901_,580.16µm
_02824_,579.9µm
u_transform_scheduler_core.u_fft_scratch_sram.macro_req,579.65µm
u_transform_scheduler_core.bf_X0_q\[7\],579.24µm
_03997_,578.68µm
u_transform_scheduler_core.fft128_ofdm_active,576.95µm
_00004_,576.34µm
core_X2_i\[14\],574.25µm
net166,572.92µm
_08528_,572.62µm
net236,572.52µm
u_transform_scheduler_core.rx_small_inverse,571.3µm
net156,569.64µm
u_transform_scheduler_core.u_fft_scratch_sram.macro_wdata\[0\],569.01µm
_04294_,568.96µm
net163,568.9µm
_04418_,566.4µm
_02842_,566.36µm
_07012_,565.97µm
u_transform_scheduler_core.bf_X0_i\[0\],565.9µm
u_transform_scheduler_core.tx_mapper_source_addr\[1\],564.73µm
_06448_,563.41µm
_04696_,561.27µm
_02613_,559.18µm
net218,558.52µm
_04823_,556.94µm
u_transform_scheduler_core.bf_X0_i\[1\],556.43µm
net235,552.92µm
_04256_,552.87µm
core_X2_i\[8\],552.63µm
_08447_,552.46µm
_02570_,549.71µm
u_transform_scheduler_core.bf_X0_i\[11\],548.69µm
_04728_,548.29µm
_08526_,548.29µm
net14,548.29µm
u_transform_scheduler_core.bf_X0_i\[3\],547.27µm
net164,545.56µm
_02926_,545.03µm
_04866_,544.92µm
net12,544.88µm
net15,544.52µm
net194,544.51µm
_04253_,543.25µm
_03684_,539.7µm
net72,539.68µm
core_X2_i\[15\],537.24µm
_04734_,537.09µm
u_transform_scheduler_core.bf_X0_q\[10\],537.04µm
_03757_,536.58µm
_04535_,535.36µm
_05576_,534.64µm
core_X2_i\[7\],534.34µm
_04904_,534.17µm
u_transform_scheduler_core.bf_out_valid,534.03µm
_02477_,533.98µm
_04128_,533.12µm
_03812_,532.36µm
net152,531.99µm
_02466_,531.84µm
_04640_,531.49µm
_06036_,530.72µm
u_transform_scheduler_core.bf_X0_i\[10\],530.47µm
_02594_,530.11µm
_02934_,528.58µm
_08521_,525.99µm
_06041_,525.58µm
_03541_,525.01µm
_04513_,524.96µm
_06047_,522.345µm
_00067_,521.85µm
_04514_,520.74µm
u_transform_scheduler_core.u_mixed_radix_butterfly.scalar_operand\[7\],520.39µm
_04254_,520.34µm
_05613_,520.34µm
net54,519.83µm
net92,519.62µm
net142,517.94µm
net230,517.79µm
net223,516.67µm
_06722_,516.32µm
_02910_,515.96µm
net82,515.3µm
_02492_,514.74µm
_06644_,514.69µm
_04611_,514.33µm
_02590_,513.87µm
_04814_,513.57µm
core_X2_q\[4\],512.6µm
core_X2_i\[9\],512.24µm
_02942_,512.09µm
u_transform_scheduler_core.u_fft_scratch_sram.macro_wdata\[1\],512.04µm
_02938_,511.53µm
_02769_,510.26µm
u_transform_scheduler_core.bf_X0_i\[7\],509.09µm
core_X2_i\[3\],508.71µm
u_transform_scheduler_core.u_mixed_radix_butterfly.scalar_operand\[6\],508.12µm
_08502_,507.46µm
_08421_,507µm
_05854_,506.29µm
net145,506.13µm
u_transform_scheduler_core.u_fft_scratch_sram.macro_addr\[1\],505.78µm
_04405_,504.66µm
u_transform_scheduler_core.u_fft_scratch_sram.macro_wdata\[2\],500.79µm
net11,500.64µm
u_transform_scheduler_core.u_fft_scratch_sram.macro_addr\[0\],497.89µm
u_transform_scheduler_core.u_fft_scratch_sram.macro_addr\[5\],496.77µm
_02676_,496.26µm
_07019_,495.96µm
net13,495.04µm
_08527_,494.93µm
_04430_,493.3µm
_04603_,493.3µm
_08153_,493.1µm
_08120_,491.37µm
clknet_leaf_9_clk_regs,490.04µm
_06742_,489.62µm
u_transform_scheduler_core.u_mixed_radix_butterfly.scalar_operand\[8\],489.08µm
_04275_,487.81µm
_05645_,487.76µm
u_transform_scheduler_core.u_fft_scratch_sram.macro_addr\[7\],486.9µm
_05413_,486.38µm
_04863_,485.87µm
_03569_,485.77µm
_04301_,482.16µm
_00039_,481.75µm
u_transform_scheduler_core.u_fft_scratch_sram.macro_addr\[6\],480.33µm
u_transform_scheduler_core.bf_X0_q\[5\],480.22µm
_06873_,479.97µm
net212,479.71µm
_05887_,479.41µm
u_transform_scheduler_core.u_fft_scratch_sram.macro_wdata\[3\],479.41µm
u_transform_scheduler_core.bf_X0_i\[4\],478.9µm
u_transform_scheduler_core.u_fft_scratch_sram.macro_addr\[4\],478.49µm
_04141_,477.57µm
net93,476.6µm
_06915_,473.76µm
u_transform_scheduler_core.bf_X0_q\[15\],473.5µm
_06425_,473.25µm
_04126_,472.84µm
_06998_,472.64µm
u_transform_scheduler_core.u_fft_scratch_sram.macro_addr\[2\],472.13µm
net10,471.52µm
u_transform_scheduler_core.bf_X0_i\[2\],471.52µm
net158,470.79µm
_05871_,470.4µm
_05930_,469.33µm
net115,467.49µm
u_transform_scheduler_core.bf_X0_q\[8\],467.39µm
clknet_leaf_13_clk_regs,466.52µm
_02262_,466.37µm
u_transform_scheduler_core.dft12_base\[3\],465.81µm
_05034_,465.36µm
u_transform_scheduler_core.u_fft_scratch_sram.macro_addr\[3\],465.36µm
u_transform_scheduler_core.bf_X0_i\[8\],465.15µm
_05577_,465.05µm
_04407_,465µm
_04441_,464.85µm
_06062_,463.47µm
_03995_,463.42µm
top_state\[9\],461.03µm
_06687_,460.42µm
_07005_,459.76µm
delaynet_1_core_clk,459.25µm
clknet_leaf_50_clk_regs,458.63µm
_04206_,458.28µm
_02896_,458.23µm
u_transform_scheduler_core.u_fft_scratch_sram.u_hi.macro_gwen,457.96µm
clknet_leaf_29_clk_regs,457.36µm
u_transform_scheduler_core.bf_X0_q\[9\],457.21µm
_04266_,456.65µm
net159,455.27µm
core_X2_i\[0\],454.97µm
clknet_leaf_88_clk_regs,453.36µm
u_transform_scheduler_core.u_mixed_radix_butterfly.scalar_operand\[5\],452.12µm
_07134_,451.25µm
_04983_,451.08µm
u_transform_scheduler_core.u_fft_scratch_sram.macro_write,450.85µm
clknet_leaf_48_clk_regs,450.79µm
_05008_,450.34µm
_05284_,449.12µm
core_X2_i\[4\],448.71µm
net148,447.18µm
net162,446.36µm
_05630_,446.32µm
net16,445.76µm
core_X2_i\[6\],444.74µm
net53,444.28µm
_06169_,444.23µm
_07044_,443.97µm
core_X2_q\[10\],443.72µm
_06170_,443.62µm
_06887_,442.96µm
u_transform_scheduler_core.bf_X0_i\[15\],442.7µm
_05063_,442.4µm
_02930_,442.09µm
core_X2_i\[2\],441.47µm
_08095_,441.07µm
net81,440.87µm
net79,439.7µm
clknet_leaf_75_clk_regs,438.72µm
u_transform_scheduler_core.u_fft_scratch_sram.u_lo.macro_gwen,437.12µm
_04014_,435.37µm
net94,434.86µm
_02480_,433.69µm
_08479_,432.98µm
net227,432.06µm
_02892_,432.01µm
_02634_,431.81µm
_04835_,431.35µm
u_transform_scheduler_core.u_fdiq_output_adapter.sample_i_reg\[15\],430.82µm
core_X2_q\[0\],430.28µm
_03598_,429.67µm
clknet_leaf_87_clk_regs,429.41µm
u_transform_scheduler_core.bf_X0_q\[6\],429.36µm
u_transform_scheduler_core.bf_X0_i\[9\],428.5µm
_08530_,427.02µm
top_state\[6\],426.92µm
net217,426µm
net95,425.85µm
_05408_,425.29µm
net220,424.53µm
clknet_leaf_20_clk_regs,424.21µm
_05598_,423.92µm
clknet_leaf_12_clk_regs,423.66µm
_06188_,423.36µm
net246,420.81µm
_05415_,420.25µm
clknet_leaf_52_clk_regs,419.89µm
net188,419.79µm
_04411_,419.64µm
net17,419.54µm
clknet_leaf_77_clk_regs,419.38µm
net199,418.67µm
net68,418.62µm
_04844_,418.57µm
net71,418.57µm
net111,418.21µm
clknet_leaf_95_clk_regs,417.9µm
_04932_,417.81µm
_06922_,417.76µm
_02888_,417.45µm
_03807_,417.3µm
_05240_,416.74µm
_08075_,414.09µm
net244,413.89µm
_05108_,412.16µm
clknet_leaf_21_clk_regs,411.69µm
_05693_,411.65µm
_05196_,411.09µm
clknet_leaf_90_clk_regs,411.08µm
clknet_leaf_40_clk_regs,410.57µm
_06233_,410.53µm
_04349_,409.74µm
_06836_,409.36µm
_07391_,409µm
_06042_,408.85µm
clknet_leaf_67_clk_regs,408.79µm
_06823_,408.6µm
_06257_,407.68µm
u_transform_scheduler_core.dft12_active,407.37µm
_06880_,407.12µm
_04903_,406.22µm
clknet_leaf_76_clk_regs,405.94µm
_08046_,405.64µm
_04602_,405.59µm
net231,405.59µm
_02821_,405.28µm
_08060_,404.47µm
net65,404.3µm
clknet_leaf_47_clk_regs,404.29µm
_04203_,402.94µm
net101,402.43µm
_04371_,402.23µm
_05781_,401.01µm
_08051_,400.65µm
_04205_,400.55µm
clknet_leaf_56_clk_regs,400.49µm
_04957_,400.4µm
_08531_,399.38µm
clknet_leaf_68_clk_regs,399.17µm
_03813_,399.07µm
u_transform_scheduler_core.u_mixed_radix_butterfly.scalar_coefficient\[1\],398.46µm
clknet_leaf_59_clk_regs,398.1µm
_06815_,397.7µm
clknet_leaf_65_clk_regs,397.49µm
_06894_,397.09µm
_06405_,396.11µm
u_transform_scheduler_core.fft128_inverse_active,395.97µm
u_transform_scheduler_core.ofdm_mem_req,394.715µm
_06830_,394.29µm
core_X2_i\[10\],393.78µm
clknet_leaf_66_clk_regs,393.04µm
_05202_,392µm
clknet_leaf_39_clk_regs,391.02µm
_06064_,390.88µm
clknet_leaf_2_clk_regs,390.77µm
u_transform_scheduler_core.u_mixed_radix_butterfly.scalar_coefficient\[2\],388.53µm
clknet_leaf_37_clk_regs,388.53µm
net112,388.25µm
_05132_,387.52µm
_08529_,387.06µm
_04059_,387.01µm
_06211_,386.96µm
_03814_,386.5µm
_04871_,386.01µm
_03853_,385.93µm
clknet_leaf_96_clk_regs,385.93µm
net109,385.63µm
clknet_leaf_93_clk_regs,385.37µm
clknet_leaf_6_clk_regs,385.17µm
_06816_,384.92µm
_05901_,384.21µm
clknet_leaf_58_clk_regs,383.44µm
u_transform_scheduler_core.u_mixed_radix_butterfly.combine_product_im_reg\[8\],383.14µm
clknet_leaf_60_clk_regs,382.88µm
net113,382.83µm
clknet_leaf_92_clk_regs,382.77µm
_02880_,382.73µm
_06186_,382.67µm
net86,382.32µm
clknet_leaf_45_clk_regs,382.01µm
_06381_,380.95µm
net97,380.54µm
_02392_,380.44µm
clknet_leaf_10_clk_regs,380.28µm
_05251_,379.99µm
clknet_leaf_4_clk_regs,379.92µm
clknet_leaf_79_clk_regs,379.72µm
clknet_leaf_42_clk_regs,379.39µm
clknet_leaf_62_clk_regs,378.65µm
clknet_leaf_35_clk_regs,378.55µm
net186,378.35µm
_02859_,377.59µm
_05102_,377.44µm
net187,376.72µm
u_transform_scheduler_core.u_mixed_radix_butterfly.combine_product_im_reg\[9\],376.06µm
core_X2_i\[5\],375.86µm
_04436_,374.64µm
_04419_,373.87µm
_05086_,373.52µm
_06282_,373.01µm
clknet_leaf_51_clk_regs,372.29µm
clknet_leaf_33_clk_regs,372.19µm
_04011_,372.04µm
_04817_,371.99µm
_06470_,371.94µm
_05298_,371.28µm
_04621_,371.07µm
clknet_leaf_64_clk_regs,370µm
_04558_,369.95µm
_03581_,369.09µm
_02922_,368.98µm
clknet_leaf_83_clk_regs,368.62µm
_03176_,368.42µm
clknet_leaf_46_clk_regs,368.32µm
_04051_,367.92µm
clknet_leaf_73_clk_regs,367.86µm
clknet_leaf_3_clk_regs,367.81µm
_03533_,367.56µm
u_transform_scheduler_core.u_mixed_radix_butterfly.combine_product_im_reg\[10\],367.51µm
_06299_,366.24µm
_05226_,365.68µm
u_transform_scheduler_core.u_mixed_radix_butterfly.combine_product_re_reg\[5\],364.76µm
_03562_,364.56µm
_04313_,364.1µm
_04721_,362.93µm
_04311_,362.42µm
_08685_,362.37µm
clknet_leaf_91_clk_regs,361.9µm
_05710_,361.25µm
_06015_,361.2µm
u_transform_scheduler_core.bf_X0_i\[5\],360.74µm
clknet_leaf_82_clk_regs,360.68µm
_04557_,360.64µm
u_transform_scheduler_core.u_mixed_radix_butterfly.combine_product_im_reg\[7\],360.23µm
clknet_leaf_17_clk_regs,359.97µm
clknet_leaf_5_clk_regs,359.61µm
_06561_,359.57µm
net69,359.16µm
_06664_,359.06µm
top_state\[2\],358.66µm
_03423_,358.45µm
net157,358.39µm
_02918_,358.09µm
clknet_leaf_63_clk_regs,357.83µm
u_transform_scheduler_core.u_mixed_radix_butterfly.scalar_coefficient\[3\],357.58µm
_06030_,357.33µm
clknet_leaf_54_clk_regs,357.12µm
clknet_leaf_74_clk_regs,357.07µm
clknet_leaf_11_clk_regs,356.66µm
_06535_,355.65µm
u_transform_scheduler_core.u_mixed_radix_butterfly.combine_product_im_reg\[11\],355.65µm
_06520_,355.6µm
core_X2_q\[5\],355.29µm
_06318_,354.73µm
clknet_leaf_78_clk_regs,354.01µm
_03399_,353.36µm
_02448_,353.1µm
u_transform_scheduler_core.u_mixed_radix_butterfly.combine_product_im_reg\[5\],352.85µm
_06940_,352.44µm
_06933_,352.24µm
clknet_leaf_30_clk_regs,352.1µm
u_transform_scheduler_core.u_mixed_radix_butterfly.combine_product_im_reg\[6\],350.2µm
u_transform_scheduler_core.u_mixed_radix_butterfly.combine_product_re_reg\[13\],350.15µm
_04521_,350.1µm
_05179_,350µm
_04258_,349.59µm
u_transform_scheduler_core.bf_X0_q\[4\],349.59µm
_04310_,349.54µm
clknet_leaf_41_clk_regs,349.38µm
net213,348.98µm
clknet_leaf_70_clk_regs,348.92µm
_06322_,348.88µm
clknet_leaf_14_clk_regs,348.87µm
u_transform_scheduler_core.u_mixed_radix_butterfly.scalar_operand\[4\],348.11µm
clknet_leaf_57_clk_regs,348.1µm
u_transform_scheduler_core.u_mixed_radix_butterfly.combine_product_im_reg\[0\],347.81µm
clknet_leaf_36_clk_regs,347.34µm
_04634_,347.2µm
clknet_leaf_49_clk_regs,346.99µm
clknet_leaf_80_clk_regs,346.48µm
_04605_,345.92µm
clknet_leaf_38_clk_regs,345.84µm
_03481_,345.57µm
_03210_,344.86µm
clknet_leaf_89_clk_regs,344.57µm
u_transform_scheduler_core.u_mixed_radix_butterfly.combine_product_re_reg\[0\],344.55µm
_06103_,344.39µm
_04688_,343.89µm
u_transform_scheduler_core.u_mixed_radix_butterfly.combine_product_im_reg\[13\],343.33µm
clknet_leaf_15_clk_regs,342.61µm
_05155_,342.21µm
clknet_leaf_7_clk_regs,341.74µm
net87,341.29µm
_06362_,341.04µm
_06040_,340.68µm
clknet_leaf_43_clk_regs,340.52µm
u_transform_scheduler_core.u_mixed_radix_butterfly.combine_product_im_reg\[14\],339.56µm
clknet_leaf_16_clk_regs,339.35µm
clknet_leaf_85_clk_regs,339.35µm
net154,338.49µm
_06953_,338.42µm
clknet_leaf_1_clk_regs,338.08µm
clknet_leaf_34_clk_regs,337.57µm
_02904_,335.58µm
_05597_,335.49µm
clknet_leaf_18_clk_regs,335.43µm
u_transform_scheduler_core.u_mixed_radix_butterfly.combine_product_im_reg\[12\],335.36µm
_06000_,334.88µm
_04833_,334.82µm
clknet_leaf_0_clk_regs,334.82µm
clknet_leaf_44_clk_regs,334.82µm
clknet_leaf_86_clk_regs,334.82µm
top_state\[5\],334.57µm
clknet_leaf_53_clk_regs,334.36µm
_04334_,334.06µm
u_transform_scheduler_core.u_mixed_radix_butterfly.scalar_operand\[2\],334.06µm
u_transform_scheduler_core.u_mixed_radix_butterfly.combine_product_re_reg\[7\],333.86µm
_02230_,332.69µm
_04199_,332.69µm
clknet_leaf_69_clk_regs,332.17µm
_05379_,332.08µm
_02750_,331.62µm
_07948_,331.57µm
_04755_,329.89µm
_06539_,328.38µm
clknet_leaf_72_clk_regs,328.3µm
_06947_,326.86µm
u_transform_scheduler_core.u_mixed_radix_butterfly.scalar_coefficient\[4\],326.78µm
_05000_,326.29µm
_04583_,326.27µm
u_transform_scheduler_core.dft12_base\[2\],326.27µm
_06584_,325.97µm
_02559_,325.41µm
_06954_,325.36µm
clknet_leaf_94_clk_regs,325.15µm
u_transform_scheduler_core.u_mixed_radix_butterfly.combine_product_re_reg\[11\],325µm
_04756_,324.24µm
clknet_leaf_22_clk_regs,324.18µm
clknet_leaf_8_clk_regs,324.03µm
_04087_,323.83µm
_06961_,322.86µm
u_transform_scheduler_core.bf_X0_q\[0\],322.81µm
_06587_,322.56µm
_06603_,320.88µm
_06991_,320.88µm
clknet_leaf_81_clk_regs,320.87µm
_05369_,320.65µm
_06485_,320.32µm
u_transform_scheduler_core.u_fdiq_output_adapter.sample_i_reg\[1\],319.86µm
_06960_,319.4µm
_06339_,318.13µm
net153,318.12µm
_02516_,317.72µm
_05125_,317.52µm
_05429_,317.34µm
_04408_,317.16µm
_06843_,316.96µm
_05661_,316.4µm
_03841_,316.14µm
_03538_,315.33µm
u_transform_scheduler_core.u_mixed_radix_butterfly.scalar_operand\[1\],315.02µm
_04691_,314.82µm
_04074_,314.16µm
u_transform_scheduler_core.u_fft128_modulo_controller.fetch_j\[0\],313.8µm
_06822_,312.63µm
_03765_,312.58µm
net70,312.37µm
_06624_,311.92µm
_04585_,311.56µm
_07947_,311.51µm
_04581_,311.2µm
clknet_leaf_71_clk_regs,310.64µm
_02485_,310.39µm
_03500_,310.29µm
_04777_,309.5µm
_02451_,309.27µm
net96,308.81µm
_06506_,308.66µm
clknet_leaf_19_clk_regs,308.3µm
clknet_leaf_55_clk_regs,307.28µm
u_transform_scheduler_core.u_mixed_radix_butterfly.combine_product_im_reg\[3\],306.98µm
_06648_,306.88µm
_04729_,306.32µm
_05249_,305.25µm
clknet_leaf_84_clk_regs,305.14µm
_04537_,304.79µm
u_transform_scheduler_core.u_mixed_radix_butterfly.combine_product_im_reg\[1\],304.74µm
_03340_,304.08µm
_04779_,303.52µm
top_state\[11\],303.21µm
_05039_,303.16µm
u_transform_scheduler_core.u_mixed_radix_butterfly.premultiply_input_q_reg\[12\],303.01µm
net144,302.75µm
_02231_,302.6µm
_04587_,302.14µm
_04259_,301.99µm
_02461_,301.73µm
u_transform_scheduler_core.u_mixed_radix_butterfly.scalar_coefficient\[6\],301.58µm
_06076_,301.02µm
_04361_,300.82µm
_05266_,300.72µm
_06685_,300.72µm
_05348_,300.16µm
_02544_,299.9µm
_02909_,299.8µm
u_transform_scheduler_core.u_mixed_radix_butterfly.combine_product_im_reg\[2\],299.75µm
_06856_,299.65µm
_05976_,299.6µm
_02653_,299.24µm
clknet_leaf_61_clk_regs,298.88µm
top_state\[13\],298.68µm
_05037_,298.48µm
_05130_,298.02µm
u_transform_scheduler_core.u_mixed_radix_butterfly.scalar_coefficient\[0\],297.2µm
u_transform_scheduler_core.u_mixed_radix_butterfly.scalar_operand\[3\],297µm
u_transform_scheduler_core.u_mixed_radix_butterfly.combine_product_re_reg\[10\],296.03µm
_03514_,295.57µm
_06850_,294.56µm
_03566_,293.44µm
_06857_,293.44µm
_03382_,292.88µm
u_transform_scheduler_core.u_fdiq_output_adapter.sample_i_reg\[0\],292.37µm
_02555_,291.4µm
_06968_,291.2µm
net160,290.84µm
_04052_,289.29µm
_04862_,289.26µm
_05259_,288.4µm
_03314_,287.99µm
_05029_,287.84µm
_06662_,287.28µm
_05414_,286.92µm
u_transform_scheduler_core.u_mixed_radix_butterfly.scalar_operand\[9\],286.92µm
_04342_,286.87µm
u_transform_scheduler_core.u_mixed_radix_butterfly.combine_product_re_reg\[9\],286.87µm
_03557_,286.77µm
_04204_,286.77µm
_02732_,286.36µm
_01800_,286.31µm
_04565_,285.7µm
_06946_,285.6µm
_06835_,284.48µm
clknet_2_1_0_clk_regs,283.97µm
_04731_,283.92µm
_04042_,283.55µm
u_transform_scheduler_core.u_mixed_radix_butterfly.premultiply_input_q_reg\[15\],282.9µm
u_transform_scheduler_core.bf_X0_q\[3\],282.8µm
clknet_leaf_32_clk_regs,281.82µm
_06926_,280.3µm
_04348_,279.59µm
u_transform_scheduler_core.u_mixed_radix_butterfly.combine_product_im_reg\[15\],279.49µm
clknet_leaf_27_clk_regs,277.04µm
_07945_,275.72µm
u_transform_scheduler_core.u_mixed_radix_butterfly.combine_product_re_reg\[8\],274.75µm
_05216_,274.4µm
u_transform_scheduler_core.u_mixed_radix_butterfly.combine_product_re_reg\[4\],273.99µm
_04452_,273.88µm
_02563_,272.77µm
u_transform_scheduler_core.u_mixed_radix_butterfly.combine_product_re_reg\[12\],272.26µm
u_transform_scheduler_core.u_fft128_modulo_controller.fetch_stage\[2\],271.9µm
_04455_,271.6µm
clknet_leaf_26_clk_regs,271.23µm
u_transform_scheduler_core.u_fft_scratch_sram.macro_wdata\[4\],271.04µm
net221,270.83µm
_03363_,270.63µm
_03839_,270.02µm
u_transform_scheduler_core.u_mixed_radix_butterfly.scalar_operand\[0\],269.2µm
_07138_,268.9µm
core_X2_q\[6\],268.44µm
_06075_,267.83µm
_05059_,267.73µm
_05770_,267.54µm
_03402_,267.17µm
_04559_,267.17µm
_05406_,266.66µm
u_transform_scheduler_core.u_mixed_radix_butterfly.combine_product_re_reg\[6\],266.25µm
_05203_,266.2µm
_03462_,266µm
u_transform_scheduler_core.rx_state\[13\],264.98µm
_02586_,264.52µm
u_transform_scheduler_core.u_mixed_radix_butterfly.scalar_coefficient\[5\],264.06µm
_06979_,263.58µm
_02574_,263.45µm
clknet_2_0_0_clk_regs,263.3µm
_03442_,262.08µm
_06703_,261.52µm
u_transform_scheduler_core.u_mixed_radix_butterfly.combine_product_re_reg\[3\],261.16µm
_03237_,261.01µm
_05153_,260.5µm
_04690_,260.4µm
_05158_,259.94µm
clknet_2_3_0_clk_regs,259.94µm
u_transform_scheduler_core.u_mixed_radix_butterfly.premultiply_stage_valid,258.82µm
u_transform_scheduler_core.mod_diag_X1_q\[11\],257.49µm
_04041_,257.09µm
_04416_,255.51µm
u_transform_scheduler_core.u_mixed_radix_butterfly.premultiply_input_q_reg\[16\],254.8µm
_05272_,254.06µm
_02552_,253.42µm
_02884_,253.35µm
_05920_,252.3µm
_06861_,252.25µm
_05676_,252µm
_05329_,250.93µm
_05307_,250.88µm
core_X2_q\[1\],250.47µm
u_transform_scheduler_core.u_fdiq_output_adapter.sample_i_reg\[4\],250.06µm
_04974_,249.81µm
_04635_,249.25µm
_02578_,249.04µm
clknet_2_2_0_clk_regs,248.79µm
_03638_,247.57µm
_05244_,247.52µm
clknet_leaf_24_clk_regs,247.41µm
_04935_,246.96µm
_05135_,246.96µm
_05252_,246.7µm
_04065_,245.89µm
u_transform_scheduler_core.u_mixed_radix_butterfly.premultiply_input_q_reg\[14\],245.84µm
_04575_,245.68µm
u_transform_scheduler_core.u_fft128_modulo_controller.result_j\[3\],244.97µm
clknet_leaf_28_clk_regs,244.89µm
_05988_,244.72µm
u_transform_scheduler_core.fifo_x1_q\[0\]\[8\],244.72µm
_02598_,244.36µm
_04193_,244.21µm
_05320_,244.16µm
u_transform_scheduler_core.u_mixed_radix_butterfly.combine_x0_i_reg\[7\],243.8µm
_04166_,243.09µm
_02383_,242.58µm
u_transform_scheduler_core.fifo_x1_q\[0\]\[10\],241.41µm
_03645_,241.4µm
_08023_,240.39µm
u_transform_scheduler_core.fifo_x1_q\[0\]\[6\],240.39µm
clknet_0_clk,240.34µm
_05221_,240.24µm
_05250_,240.24µm
clknet_leaf_25_clk_regs,239.5µm
u_transform_scheduler_core.rx_state\[2\],239.22µm
u_transform_scheduler_core.u_fdiq_output_adapter.sample_q_reg\[11\],239.17µm
u_transform_scheduler_core.bf_X0_q\[2\],238.45µm
_05822_,238.34µm
u_transform_scheduler_core.u_mixed_radix_butterfly.premultiply_x0_i_reg\[15\],238.05µm
_02564_,237.74µm
_02556_,236.52µm
u_transform_scheduler_core.u_mixed_radix_butterfly.combine_product_re_reg\[2\],236.01µm
_02582_,235.4µm
_07050_,235.4µm
_06701_,235.35µm
_05697_,234.89µm
u_transform_scheduler_core.u_mixed_radix_butterfly.combine_x0_i_reg\[8\],234.79µm
_06558_,234.74µm
_02900_,234.28µm
_05011_,234.18µm
_05839_,233.57µm
u_transform_scheduler_core.u_fft_scratch_sram.macro_wdata\[5\],233.57µm
_04986_,232.96µm
u_transform_scheduler_core.u_mixed_radix_butterfly.premultiply_input_i_reg\[15\],232.96µm
u_transform_scheduler_core.u_fdiq_output_adapter.sample_i_reg\[5\],232.45µm
_03988_,231.53µm
_04494_,231.53µm
u_transform_scheduler_core.u_mixed_radix_butterfly.combine_x0_i_reg\[9\],231.43µm
_06967_,231.38µm
net110,230.92µm
_04928_,230.82µm
_03457_,230.77µm
u_transform_scheduler_core.fifo_radix3\[0\]\[0\],230.72µm
net88,230.46µm
_04121_,230.41µm
u_transform_scheduler_core.u_mixed_radix_butterfly.combine_product_re_reg\[14\],230.26µm
_04409_,229.39µm
_04426_,229.34µm
_03856_,229.24µm
_06683_,229.12µm
_02602_,228.86µm
u_transform_scheduler_core.u_fdiq_output_adapter.sample_i_reg\[2\],228.47µm
_04601_,228.02µm
_04400_,227.51µm
_05066_,227.46µm
_04723_,226.6µm
u_transform_scheduler_core.bf_X0_q\[1\],226.29µm
_05451_,225.93µm
u_transform_scheduler_core.fft128_tx_active,225.88µm
_06599_,225.73µm
_04879_,225.68µm
u_transform_scheduler_core.u_mixed_radix_butterfly.premultiply_input_q_reg\[10\],225.17µm
_04040_,224.61µm
_06207_,224.2µm
u_transform_scheduler_core.u_mixed_radix_butterfly.premultiply_input_i_reg\[14\],224µm
_02258_,223.64µm
_04546_,223.54µm
_05317_,223.49µm
clknet_leaf_23_clk_regs,223.33µm
_06083_,223.28µm
u_transform_scheduler_core.u_fft128_modulo_controller.result_j\[4\],222.98µm
_04538_,222.57µm
top_state\[8\],222.47µm
u_transform_scheduler_core.u_mixed_radix_butterfly.combine_x0_q_reg\[2\],222.47µm
_02259_,222.01µm
_04867_,221.76µm
_05375_,221.76µm
_04167_,221.45µm
_06231_,220.69µm
_06360_,220.23µm
_06975_,220.13µm
u_transform_scheduler_core.u_fft128_modulo_controller.fetch_stage\[0\],219.82µm
net224,219.31µm
_06084_,219.16µm
_04610_,219.11µm
_03504_,219.01µm
net225,217.99µm
_04330_,217.89µm
_06294_,217.38µm
echo_data\[0\],216.82µm
u_transform_scheduler_core.u_mixed_radix_butterfly.premultiply_input_i_reg\[16\],216.77µm
_05386_,216.72µm
u_transform_scheduler_core.u_fft128_modulo_controller.result_j\[5\],216.46µm
u_transform_scheduler_core.u_mixed_radix_butterfly.premultiply_input_i_reg\[12\],216.26µm
_05227_,216.21µm
u_transform_scheduler_core.mod_diag_X1_q\[9\],215.7µm
net58,215.7µm
_08274_,215.65µm
net143,215.34µm
_02548_,215.19µm
_06700_,215.09µm
_02560_,214.63µm
_04599_,213.97µm
_04669_,213.97µm
_04336_,213.61µm
_04117_,213.56µm
_04162_,213.51µm
u_transform_scheduler_core.u_subcarrier_mapper.clear_phase,213.1µm
_00308_,212.44µm
_05565_,212.44µm
_03542_,212.38µm
_04169_,212.01µm
u_transform_scheduler_core.u_mixed_radix_butterfly.combine_product_re_reg\[1\],211.83µm
u_transform_scheduler_core.ofdm_sample_i\[0\],211.27µm
_05084_,211.12µm
u_transform_scheduler_core.u_mixed_radix_butterfly.premultiply_input_q_reg\[13\],211.12µm
_03358_,210.56µm
u_transform_scheduler_core.ofdm_fft_block_ready,210.2µm
_06336_,209.96µm
_04615_,209.79µm
_05356_,209.44µm
_05965_,209.44µm
_04299_,209.26µm
u_transform_scheduler_core.fifo_x1_i\[0\]\[10\],208.47µm
_04464_,207.76µm
u_transform_scheduler_core.u_fft128_modulo_controller.fetch_j\[3\],207.45µm
u_transform_scheduler_core.u_fft128_modulo_controller.result_addr0\[0\],207.4µm
u_transform_scheduler_core.mod_diag_addr0\[5\],205.67µm
_02914_,205.62µm
u_transform_scheduler_core.u_mixed_radix_butterfly.premultiply_input_i_reg\[13\],205.62µm
u_transform_scheduler_core.u_fft_scratch_sram.macro_wdata\[7\],205.57µm
_05916_,205.52µm
_04590_,204.6µm
_03437_,204.45µm
_08662_,204.45µm
u_transform_scheduler_core.u_mixed_radix_butterfly.x0_i_ext\[14\],203.89µm
_06974_,203.84µm
_06568_,203.28µm
_04979_,202.21µm
u_transform_scheduler_core.mod_diag_addr0\[6\],202.16µm
_04924_,202.14µm
_01983_,201.75µm
_04666_,200.53µm
u_transform_scheduler_core.u_fdiq_output_adapter.sample_q_reg\[5\],200.53µm
_03419_,200.02µm
u_transform_scheduler_core.u_mixed_radix_butterfly.combine_x0_q_reg\[3\],199.15µm
_04039_,198.39µm
_05324_,198.29µm
_05171_,198.24µm
_06563_,197.73µm
_05149_,196.61µm
_04216_,196.05µm
_03318_,195.54µm
_03297_,195.49µm
_04570_,194.98µm
_04443_,194.57µm
_04300_,193.96µm
_06977_,193.81µm
u_transform_scheduler_core.u_fft_scratch_sram.macro_wdata\[6\],193.76µm
_05351_,193.25µm
_07104_,192.28µm
u_transform_scheduler_core.u_mixed_radix_butterfly.combine_x0_q_reg\[12\],192.18µm
_06842_,192.08µm
_05345_,191.72µm
u_transform_scheduler_core.u_mixed_radix_butterfly.combine_x0_q_reg\[14\],191.72µm
_04519_,190.5µm
_04242_,189.38µm
_04396_,189.28µm
_06102_,188.41µm
_06087_,188.36µm
u_transform_scheduler_core.u_fft128_modulo_controller.result_j\[2\],187.8µm
_04457_,187.14µm
_05174_,186.58µm
_05722_,186.48µm
_04137_,185.46µm
_06363_,185.41µm
_02179_,184.29µm
_03294_,183.68µm
_04584_,183.12µm
_05026_,183.12µm
_06505_,182.05µm
u_transform_scheduler_core.mod_diag_addr1\[6\],182.05µm
_02537_,181.64µm
_05062_,181.64µm
u_transform_scheduler_core.u_fdiq_output_adapter.sample_i_reg\[3\],181.59µm
_04826_,181.44µm
net91,181.08µm
_04456_,180.93µm
u_transform_scheduler_core.u_mixed_radix_butterfly.combine_half_sum_q_reg\[14\],180.88µm
clknet_leaf_31_clk_regs,180.62µm
u_transform_scheduler_core.u_mixed_radix_butterfly.combine_product_re_reg\[15\],179.86µm
_02515_,179.81µm
_05953_,179.76µm
_07220_,179.76µm
_06808_,178.94µm
_04562_,178.18µm
_04058_,177.16µm
_04907_,176.96µm
_05824_,176.96µm
_05301_,176.6µm
_05383_,176.4µm
_04168_,175.84µm
u_transform_scheduler_core.u_fft128_modulo_controller.slot_phase\[2\],175.53µm
u_transform_scheduler_core.u_mixed_radix_butterfly.combine_product_im_reg\[4\],175.53µm
_04473_,175.43µm
u_transform_scheduler_core.u_mixed_radix_butterfly.combine_half_sum_q_reg\[15\],175.33µm
u_transform_scheduler_core.u_fdiq_output_adapter.sample_i_reg\[7\],175.28µm
u_transform_scheduler_core.mod_diag_X1_q\[12\],174.82µm
u_transform_scheduler_core.mod_diag_addr1\[5\],174.77µm
u_transform_scheduler_core.u_mixed_radix_butterfly.premultiply_x0_i_reg\[12\],174.77µm
_03335_,174.26µm
u_transform_scheduler_core.u_mixed_radix_butterfly.combine_x0_i_reg\[3\],173.7µm
u_transform_scheduler_core.rx_state\[3\],173.65µm
_03215_,173.6µm
u_transform_scheduler_core.u_fft128_modulo_controller.fetch_j\[5\],172.17µm
_04197_,172.14µm
u_transform_scheduler_core.u_mixed_radix_butterfly.combine_half_sum_q_reg\[13\],172.02µm
u_transform_scheduler_core.u_mixed_radix_butterfly.x2_q_ext\[3\],170.95µm
_03279_,170.8µm
_04245_,170.34µm
_04568_,170.34µm
_05289_,170.29µm
_02610_,169.83µm
u_transform_scheduler_core.u_mixed_radix_butterfly.combine_half_sum_q_reg\[12\],169.83µm
_05279_,169.68µm
_07308_,169.12µm
_02234_,168.15µm
u_transform_scheduler_core.u_mixed_radix_butterfly.low_ii_reg\[17\],168.15µm
_03189_,168µm
_04298_,167.59µm
_05106_,167.03µm
core_X2_q\[8\],166.98µm
_04638_,166.21µm
u_transform_scheduler_core.u_mixed_radix_butterfly.low_iq_reg\[17\],166.01µm
u_transform_scheduler_core.u_fft128_modulo_controller.result_stage\[0\],165.5µm
_02470_,165.4µm
u_transform_scheduler_core.u_fft128_modulo_controller.result_j\[1\],164.84µm
u_transform_scheduler_core.u_fft128_modulo_controller.fetch_j\[4\],164.41µm
_06932_,164.08µm
u_transform_scheduler_core.mod_diag_addr0\[0\],164.08µm
_04415_,163.57µm
u_transform_scheduler_core.u_mixed_radix_butterfly.x2_q_ext\[7\],163.11µm
_04800_,163.01µm
_05003_,162.96µm
_06829_,162.4µm
_07946_,162.19µm
_04160_,161.94µm
echo_data\[1\],161.89µm
u_transform_scheduler_core.mod_diag_addr1\[0\],161.38µm
net216,161.38µm
u_transform_scheduler_core.u_fft128_modulo_controller.fetch_j\[1\],160.92µm
u_transform_scheduler_core.u_mixed_radix_butterfly.combine_x0_q_reg\[9\],159.8µm
_02389_,159.24µm
u_transform_scheduler_core.mod_diag_X1_i\[12\],159.14µm
_04899_,159.04µm
u_transform_scheduler_core.tx_output_busy,158.68µm
u_transform_scheduler_core.tx_dft12_block_ready,158.58µm
u_transform_scheduler_core.u_fft128_modulo_controller.fetch_j\[2\],158.58µm
u_transform_scheduler_core.u_mixed_radix_butterfly.combine_x0_q_reg\[13\],158.48µm
_02539_,158.02µm
u_transform_scheduler_core.u_mixed_radix_butterfly.combine_x0_q_reg\[11\],158.02µm
_05041_,157.56µm
_02547_,157.41µm
_05866_,156.85µm
_03724_,155.88µm
_06077_,155.88µm
_04698_,155.68µm
_02730_,155.22µm
u_transform_scheduler_core.u_fft128_modulo_controller.result_stage\[1\],155.04µm
_02482_,154.05µm
u_transform_scheduler_core.rx_state\[11\],154.05µm
_07189_,154µm
clknet_1_0__leaf_clk,153.86µm
net226,153.54µm
_03811_,153.49µm
_04321_,153.44µm
_04335_,152.98µm
net232,152.98µm
_05089_,152.88µm
_04175_,151.3µm
_04839_,151.3µm
_05545_,151.3µm
u_transform_scheduler_core.fifo_x2_i\[0\]\[10\],151.3µm
_06235_,150.79µm
_04178_,150.64µm
_03345_,150.33µm
_02514_,150.23µm
_06408_,150.13µm
_03702_,148.96µm
_05366_,148.96µm
_07107_,148.96µm
_04564_,148.4µm
_03722_,147.99µm
_04428_,147.99µm
u_transform_scheduler_core.u_mixed_radix_butterfly.combine_half_sum_i_reg\[14\],147.28µm
top_state\[4\],147.02µm
_04143_,146.82µm
echo_data\[6\],146.77µm
_08678_,146.72µm
_04050_,146.26µm
u_transform_scheduler_core.u_mixed_radix_butterfly.combine_x0_q_reg\[15\],146.21µm
_04664_,145.7µm
_06385_,145.65µm
_07049_,145.19µm
u_transform_scheduler_core.small_sent_uop,145.19µm
_06359_,145.04µm
u_transform_scheduler_core.u_mixed_radix_butterfly.combine_stage_valid,145.04µm
_04318_,144.53µm
_04481_,144.25µm
_02476_,144.07µm
_06092_,143.51µm
_03826_,143.46µm
u_transform_scheduler_core.u_fdiq_output_adapter.sample_i_reg\[6\],143.41µm
u_transform_scheduler_core.tx_dout_valid,143.2µm
_06091_,143µm
u_transform_scheduler_core.u_mixed_radix_butterfly.combine_half_sum_q_reg\[4\],142.9µm
u_transform_scheduler_core.rx_state\[15\],142.8µm
_02654_,142.39µm
u_transform_scheduler_core.mod_diag_addr0\[4\],142.39µm
_06451_,142.24µm
u_transform_scheduler_core.rx_state\[0\],142.24µm
magic_index\[2\],141.88µm
u_transform_scheduler_core.mod_diag_addr1\[4\],141.83µm
_04190_,141.78µm
u_transform_scheduler_core.u_mixed_radix_butterfly.combine_half_sum_i_reg\[15\],141.68µm
u_transform_scheduler_core.u_mixed_radix_butterfly.low_rq_reg\[17\],141.37µm
_08044_,141.27µm
_02605_,141.22µm
u_transform_scheduler_core.fifo_x2_q\[0\]\[2\],140.84µm
_04345_,140.66µm
_02543_,140.61µm
u_transform_scheduler_core.u_mixed_radix_butterfly.premultiply_input_i_reg\[10\],140.61µm
_04198_,140.56µm
u_transform_scheduler_core.u_mixed_radix_butterfly.combine_x0_q_reg\[8\],140.56µm
_07117_,139.49µm
_02423_,139.08µm
_04595_,138.93µm
_02493_,138.52µm
u_transform_scheduler_core.u_mixed_radix_butterfly.premultiply_input_q_reg\[9\],138.47µm
_06557_,138.37µm
_06849_,138.37µm
u_transform_scheduler_core.fifo_x2_q\[0\]\[1\],138.37µm
u_transform_scheduler_core.u_mixed_radix_butterfly.combine_half_sum_i_reg\[9\],137.86µm
u_transform_scheduler_core.u_mixed_radix_butterfly.combine_x0_i_reg\[0\],137.86µm
_05306_,137.3µm
u_transform_scheduler_core.u_fft128_modulo_controller.result_stage\[2\],136.28µm
_04475_,135.62µm
_03252_,135.52µm
_04528_,134.6µm
_04488_,134.45µm
_04692_,134.45µm
u_transform_scheduler_core.u_mixed_radix_butterfly.combine_half_sum_q_reg\[0\],133.99µm
_04818_,133.94µm
u_transform_scheduler_core.u_mixed_radix_butterfly.combine_half_sum_q_reg\[7\],133.89µm
_07131_,133.84µm
_06078_,132.92µm
_05792_,132.72µm
_02081_,132.16µm
_02141_,131.6µm
_08657_,131.6µm
u_transform_scheduler_core.u_mixed_radix_butterfly.combine_x0_i_reg\[10\],131.29µm
_04512_,131.09µm
net52,130.78µm
_04732_,130.63µm
u_transform_scheduler_core.u_fdiq_output_adapter.sample_i_reg\[8\],130.63µm
_04280_,130.48µm
_05584_,130.02µm
u_transform_scheduler_core.u_mixed_radix_butterfly.combine_sum_i_reg\[0\],130.02µm
_05176_,129.97µm
_05609_,129.97µm
u_transform_scheduler_core.dft12_ram_q\[10\]\[0\],129.97µm
_04431_,129.92µm
u_transform_scheduler_core.mod_diag_X1_q\[14\],129.46µm
_06254_,129.41µm
_03831_,129.08µm
_03989_,128.85µm
_05111_,128.85µm
clknet_1_1__leaf_clk,128.66µm
u_transform_scheduler_core.u_mixed_radix_butterfly.premultiply_input_i_reg\[9\],128.29µm
_06279_,128.24µm
_06620_,128.24µm
_04232_,127.83µm
u_transform_scheduler_core.u_mixed_radix_butterfly.twiddle_im_reg\[2\],127.73µm
u_transform_scheduler_core.u_mixed_radix_butterfly.premultiply_x0_i_reg\[13\],127.68µm
_04274_,127.27µm
_06118_,127.22µm
_03847_,126.66µm
u_transform_scheduler_core.mod_diag_X1_i\[10\],126.66µm
u_transform_scheduler_core.mod_diag_X1_q\[10\],126.61µm
u_transform_scheduler_core.u_mixed_radix_butterfly.arithmetic_half_sum_q_reg\[8\],126.05µm
_04656_,125.49µm
_04377_,124.98µm
_05193_,124.93µm
_06688_,124.57µm
u_transform_scheduler_core.mod_diag_X1_i\[9\],124.42µm
u_transform_scheduler_core.u_mixed_radix_butterfly.combine_half_sum_i_reg\[13\],124.42µm
_05273_,124.37µm
u_transform_scheduler_core.u_mixed_radix_butterfly.arithmetic_half_sum_q_reg\[6\],124.37µm
_06240_,123.91µm
_06668_,123.86µm
_08275_,123.86µm
u_transform_scheduler_core.fifo_x1_i\[0\]\[1\],123.76µm
u_transform_scheduler_core.u_fft128_modulo_controller.fetch_stage\[1\],123.55µm
_06072_,123.5µm
_03846_,123.45µm
u_transform_scheduler_core.u_mixed_radix_butterfly.combine_x0_i_reg\[2\],123.35µm
_04812_,123.2µm
u_transform_scheduler_core.u_mixed_radix_butterfly.x2_q_ext\[15\],122.74µm
u_transform_scheduler_core.u_mixed_radix_butterfly.arithmetic_half_sum_i_reg\[12\],122.69µm
u_transform_scheduler_core.u_mixed_radix_butterfly.combine_half_sum_i_reg\[0\],122.69µm
_05180_,122.64µm
echo_data\[2\],122.23µm
u_transform_scheduler_core.u_mixed_radix_butterfly.combine_x0_q_reg\[10\],122.23µm
_05265_,122.18µm
_05257_,122.13µm
_04609_,122.08µm
_05080_,121.57µm
_05972_,121.52µm
u_transform_scheduler_core.u_mixed_radix_butterfly.low_rr_reg\[17\],121.21µm
_02573_,120.96µm
_06562_,120.96µm
_04600_,120.55µm
_07239_,120.45µm
_05218_,120.4µm
u_transform_scheduler_core.dft12_ram_q\[2\]\[11\],120.12µm
u_transform_scheduler_core.u_mixed_radix_butterfly.arithmetic_half_sum_i_reg\[11\],119.94µm
u_transform_scheduler_core.u_mixed_radix_butterfly.combine_half_sum_i_reg\[10\],119.94µm
_06486_,119.89µm
u_transform_scheduler_core.dft12_ram_q\[2\]\[15\],119.38µm
_04679_,119.33µm
_06031_,119.33µm
_05411_,119.02µm
u_transform_scheduler_core.u_mixed_radix_butterfly.uop_full,118.82µm
_02609_,118.77µm
_04725_,118.77µm
_05083_,118.72µm
u_transform_scheduler_core.dft12_ram_i\[2\]\[13\],118.26µm
u_transform_scheduler_core.rx_state\[7\],118.21µm
u_transform_scheduler_core.u_fft128_modulo_controller.read_issue_count\[1\],118.05µm
u_transform_scheduler_core.u_mixed_radix_butterfly.combine_half_sum_i_reg\[3\],117.75µm
_05515_,116.68µm
u_transform_scheduler_core.dft12_ram_q\[2\]\[14\],116.68µm
u_transform_scheduler_core.mod_diag_X1_i\[14\],116.68µm
u_transform_scheduler_core.dft12_ram_q\[8\]\[3\],116.63µm
_03377_,116.53µm
_05758_,116.48µm
_05882_,115.97µm
_07201_,115.92µm
u_transform_scheduler_core.u_mixed_radix_butterfly.combine_x0_q_reg\[0\],115.79µm
_06471_,115.36µm
u_transform_scheduler_core.u_mixed_radix_butterfly.premultiply_x0_i_reg\[11\],115.36µm
u_transform_scheduler_core.u_mixed_radix_butterfly.combine_x0_q_reg\[7\],114.95µm
_05374_,114.8µm
_05412_,114.39µm
_02526_,114.34µm
u_transform_scheduler_core.u_mixed_radix_butterfly.arithmetic_half_sum_q_reg\[11\],114.29µm
_02304_,113.88µm
u_transform_scheduler_core.small_sent_x0_q,113.83µm
net90,113.78µm
_08669_,113.73µm
u_transform_scheduler_core.u_mixed_radix_butterfly.combine_x0_i_reg\[11\],113.27µm
_03985_,112.61µm
_05283_,112.61µm
_05296_,112.61µm
_07063_,112.61µm
_04486_,112.56µm
u_transform_scheduler_core.u_mixed_radix_butterfly.combine_x0_i_reg\[14\],112.3µm
_07110_,112.1µm
u_transform_scheduler_core.u_mixed_radix_butterfly.premultiply_x0_i_reg\[10\],112.1µm
_04305_,112.05µm
_06496_,112µm
_06497_,112µm
u_transform_scheduler_core.u_mixed_radix_butterfly.combine_x0_i_reg\[1\],111.59µm
u_transform_scheduler_core.mod_diag_valid,111.54µm
_04523_,111.44µm
_02309_,110.98µm
_06540_,110.93µm
_02484_,110.88µm
u_transform_scheduler_core.dft12_ram_q\[2\]\[7\],110.47µm
u_transform_scheduler_core.u_mixed_radix_butterfly.combine_half_sum_i_reg\[8\],110.47µm
_02368_,110.37µm
u_transform_scheduler_core.u_mixed_radix_butterfly.premultiply_input_i_reg\[11\],110.32µm
_03418_,109.81µm
_05838_,109.81µm
_06168_,109.81µm
_07303_,109.81µm
u_transform_scheduler_core.fifo_count\[0\],109.35µm
u_transform_scheduler_core.u_mixed_radix_butterfly.x2_i_ext\[10\],109.3µm
_02402_,109.2µm
u_transform_scheduler_core.u_mixed_radix_butterfly.combine_x0_i_reg\[6\],108.84µm
u_transform_scheduler_core.u_fdiq_output_adapter.sample_i_reg\[14\],108.79µm
_03495_,108.69µm
_03753_,108.64µm
u_transform_scheduler_core.mod_diag_addr1\[3\],108.41µm
_06427_,108.08µm
_02139_,107.62µm
u_transform_scheduler_core.rx_small_x2_i\[10\],107.62µm
_03193_,107.52µm
net222,107.16µm
u_transform_scheduler_core.dft12_tx_active,107.11µm
u_transform_scheduler_core.mod_diag_X1_q\[8\],106.55µm
_04606_,106.5µm
_07157_,106.5µm
_02075_,106.45µm
_02535_,106.4µm
_04433_,105.89µm
u_transform_scheduler_core.small_sent_x1_q,105.89µm
_05355_,105.84µm
_05853_,105.84µm
_06447_,105.84µm
u_transform_scheduler_core.fifo_x1_i\[0\]\[8\],105.84µm
u_transform_scheduler_core.mod_diag_X0_q\[6\],105.48µm
_07101_,105.33µm
debug_read_latch\[1\],105.28µm
_03663_,104.87µm
u_transform_scheduler_core.dft12_ram_i\[10\]\[0\],104.87µm
_04230_,104.26µm
u_transform_scheduler_core.u_fft128_modulo_controller.fetch_issued,104.21µm
_02568_,104.16µm
_02086_,103.65µm
_04281_,103.65µm
u_transform_scheduler_core.u_mixed_radix_butterfly.x1_q_ext\[0\],103.34µm
_06450_,103.19µm
u_transform_scheduler_core.u_mixed_radix_butterfly.combine_sum_q_reg\[0\],103.04µm
u_transform_scheduler_core.u_mixed_radix_butterfly.arithmetic_half_sum_q_reg\[9\],102.58µm
_05031_,102.53µm
_06341_,102.48µm
_06721_,102.48µm
_03830_,101.51µm
u_transform_scheduler_core.u_fdiq_output_adapter.sample_q_reg\[2\],101.46µm
_02113_,101.36µm
_05746_,100.29µm
u_transform_scheduler_core.u_fdiq_output_adapter.sample_q_reg\[3\],100.29µm
_03578_,100.24µm
_06093_,99.88µm
u_transform_scheduler_core.u_fft_scratch_sram.saved_wdata\[31\],99.78µm
net219,99.78µm
_04319_,99.73µm
_05520_,99.42µm
_06107_,99.22µm
_08033_,99.22µm
u_transform_scheduler_core.fifo_x0_i\[0\]\[2\],99.22µm
_07078_,99.12µm
_04234_,98.76µm
_04589_,98.71µm
_05376_,98.56µm
u_transform_scheduler_core.dft12_ram_q\[2\]\[1\],98.25µm
u_transform_scheduler_core.dft12_ram_i\[10\]\[2\],98.1µm
u_transform_scheduler_core.mod_diag_addr0\[2\],98.1µm
u_transform_scheduler_core.mod_diag_addr1\[2\],98.1µm
_02820_,98.05µm
_04478_,98.05µm
_02127_,98µm
_02323_,97.64µm
_04182_,97.59µm
_04325_,97.54µm
u_transform_scheduler_core.dft12_ram_i\[2\]\[3\],97.54µm
_03808_,97.49µm
_06498_,97.44µm
_02174_,97.03µm
_02822_,97.03µm
u_transform_scheduler_core.u_mixed_radix_butterfly.arithmetic_half_sum_q_reg\[1\],96.93µm
_04653_,96.88µm
u_transform_scheduler_core.tx_dft12_hold_q\[0\]\[5\],96.43µm
_03342_,96.42µm
_02597_,96.32µm
_04744_,96.32µm
_05454_,96.32µm
_07614_,96.32µm
_04252_,96.14µm
u_transform_scheduler_core.small_sent_twiddle_re,95.91µm
_03476_,95.81µm
u_transform_scheduler_core.small_sent_x2_q,95.81µm
u_transform_scheduler_core.small_sent_x2_i,95.505µm
_03661_,95.3µm
_04228_,95.3µm
u_transform_scheduler_core.dft12_ram_i\[11\]\[2\],95.3µm
_04276_,95.25µm
_02513_,95.225µm
_05328_,95.2µm
u_transform_scheduler_core.u_fft_scratch_sram.rv_hi,94.74µm
_06121_,94.69µm
u_transform_scheduler_core.rx_state\[6\],94.69µm
echo_data\[5\],94.64µm
_04238_,94.23µm
_02155_,94.18µm
_04329_,94.18µm
u_transform_scheduler_core.dft12_ram_q\[2\]\[4\],93.21µm
_03706_,93.16µm
_06895_,93.01µm
_08610_,93.01µm
_06762_,92.96µm
u_transform_scheduler_core.mod_diag_last,92.96µm
u_transform_scheduler_core.u_mixed_radix_butterfly.twiddle_im_reg\[1\],92.96µm
_06390_,92.68µm
u_transform_scheduler_core.u_fft_scratch_sram.state\[0\],92.55µm
_02505_,92.4µm
u_transform_scheduler_core.u_mixed_radix_butterfly.arithmetic_half_sum_q_reg\[3\],92.4µm
_06364_,91.97µm
_05470_,91.94µm
_02119_,91.84µm
u_transform_scheduler_core.u_fft_scratch_sram.state\[3\],91.43µm
_02508_,91.38µm
_04346_,91.38µm
_05258_,91.38µm
u_transform_scheduler_core.mod_diag_X1_q\[6\],91.38µm
_04737_,91.33µm
u_transform_scheduler_core.dft12_ram_i\[2\]\[1\],91.33µm
net89,91.33µm
_04440_,91.28µm
u_transform_scheduler_core.u_mixed_radix_butterfly.arithmetic_half_sum_q_reg\[10\],91.28µm
u_transform_scheduler_core.mod_x1_q\[0\],91.02µm
u_transform_scheduler_core.dft12_phase\[1\],90.92µm
_05192_,90.82µm
_06714_,90.82µm
_04695_,90.72µm
_05384_,90.72µm
_06365_,90.36µm
u_transform_scheduler_core.dft12_ram_i\[2\]\[10\],90.36µm
_04960_,90.21µm
_03704_,89.75µm
_04710_,89.7µm
u_transform_scheduler_core.u_mixed_radix_butterfly.arithmetic_half_sum_q_reg\[5\],89.7µm
u_transform_scheduler_core.dft12_ram_q\[11\]\[3\],89.65µm
u_transform_scheduler_core.u_mixed_radix_butterfly.x1_q_ext\[15\],89.6µm
_03809_,89.14µm
_04290_,89.09µm
_04362_,89.09µm
_02381_,89.04µm
u_transform_scheduler_core.tx_dft12_hold_i\[0\]\[5\],88.68µm
u_transform_scheduler_core.ofdm_sample_index\[3\],88.48µm
u_transform_scheduler_core.u_mixed_radix_butterfly.combine_x0_q_reg\[4\],88.22µm
_04586_,88.02µm
_03209_,87.97µm
_07105_,87.97µm
_06152_,87.92µm
u_transform_scheduler_core.u_fft128_modulo_controller.slot_phase\[0\],87.51µm
u_transform_scheduler_core.dft12_ram_q\[1\]\[1\],87.46µm
u_transform_scheduler_core.u_mixed_radix_butterfly.combine_half_sum_i_reg\[1\],87.41µm
_02105_,87.36µm
_02122_,87.36µm
_03891_,87µm
_05480_,86.85µm
_04183_,86.34µm
u_transform_scheduler_core.u_fdiq_output_adapter.sample_q_reg\[13\],86.29µm
_03224_,86.24µm
_03468_,86.24µm
u_transform_scheduler_core.dft12_ram_q\[5\]\[2\],86.24µm
u_transform_scheduler_core.result_meta_read_pointer\[1\],85.78µm
_02499_,85.27µm
u_transform_scheduler_core.dft12_ram_i\[4\]\[10\],85.22µm
u_transform_scheduler_core.dft12_sent_x0_q,85.22µm
u_transform_scheduler_core.fifo_x0_i\[0\]\[1\],85.22µm
_02494_,85.17µm
_07245_,85.17µm
_02130_,85.12µm
_05120_,85.12µm
_06802_,85.12µm
_06806_,85.12µm
u_transform_scheduler_core.dft12_ram_i\[2\]\[14\],84.76µm
_02525_,84.71µm
_02727_,84.66µm
magic_index\[1\],84.66µm
_03738_,84.61µm
_07067_,84.61µm
_07360_,84.61µm
u_transform_scheduler_core.dft12_ram_q\[2\]\[13\],84.61µm
u_transform_scheduler_core.dft12_ram_q\[4\]\[8\],84.61µm
u_transform_scheduler_core.u_fft_scratch_sram.saved_wdata\[30\],84.61µm
u_transform_scheduler_core.u_mixed_radix_butterfly.combine_half_sum_i_reg\[7\],84.61µm
_04090_,84.56µm
_04776_,84.56µm
_04953_,84.56µm
u_transform_scheduler_core.u_fft_scratch_sram.saved_wdata\[19\],84.56µm
_07184_,84.05µm
_07378_,84.05µm
_07392_,84.05µm
_08702_,84.05µm
u_transform_scheduler_core.mod_diag_addr0\[3\],84.05µm
u_transform_scheduler_core.u_fdiq_output_adapter.state\[4\],84.05µm
u_transform_scheduler_core.u_mixed_radix_butterfly.arithmetic_half_sum_i_reg\[13\],84.05µm
_03258_,84µm
_06545_,84µm
u_transform_scheduler_core.u_fft128_modulo_controller.read_issue_count\[0\],84µm
u_transform_scheduler_core.mod_x1_i\[0\],83.79µm
u_transform_scheduler_core.dft12_ram_i\[5\]\[14\],83.54µm
_05223_,83.49µm
u_transform_scheduler_core.mod_diag_X1_i\[6\],83.49µm
_03203_,83.44µm
u_transform_scheduler_core.fft_mem_rdata\[9\],82.98µm
u_transform_scheduler_core.u_mixed_radix_butterfly.x1_q_ext\[1\],82.98µm
_04518_,82.93µm
_07387_,82.88µm
_04159_,82.47µm
u_transform_scheduler_core.u_tdiq_input_cp_remove.useful_sample_index\[1\],82.47µm
_08314_,82.37µm
u_transform_scheduler_core.dft12_ram_i\[10\]\[1\],82.37µm
_04307_,82.32µm
u_transform_scheduler_core.u_mixed_radix_butterfly.arithmetic_x0_i_reg\[13\],82.32µm
u_transform_scheduler_core.dft12_ram_q\[2\]\[3\],82.24µm
u_transform_scheduler_core.u_fft128_modulo_controller.state\[2\],81.96µm
_00064_,81.86µm
_04356_,81.86µm
u_transform_scheduler_core.dft12_ram_q\[2\]\[10\],81.86µm
_02091_,81.81µm
_03317_,81.81µm
_06016_,81.81µm
_07989_,81.81µm
_06234_,81.76µm
_07949_,81.76µm
u_transform_scheduler_core.u_mixed_radix_butterfly.premultiply_input_q_reg\[6\],81.76µm
_02675_,81.3µm
u_transform_scheduler_core.dft12_ram_q\[10\]\[7\],81.3µm
_02551_,81.2µm
_06666_,81.2µm
_07056_,81.2µm
_05804_,80.69µm
u_transform_scheduler_core.dft12_ram_q\[4\]\[1\],80.69µm
_02948_,80.64µm
_04727_,80.64µm
_07169_,80.64µm
u_transform_scheduler_core.u_tdiq_input_cp_remove.useful_sample_index\[2\],80.64µm
u_transform_scheduler_core.u_mixed_radix_butterfly.x1_q_ext\[13\],80.33µm
u_transform_scheduler_core.u_mixed_radix_butterfly.arithmetic_half_sum_q_reg\[2\],80.18µm
u_transform_scheduler_core.u_mixed_radix_butterfly.combine_x0_i_reg\[12\],80.18µm
u_transform_scheduler_core.u_mixed_radix_butterfly.arithmetic_half_sum_i_reg\[5\],80.13µm
_04649_,80.08µm
_05778_,80.08µm
u_transform_scheduler_core.dft12_ram_q\[0\]\[1\],80.08µm
_08764_,79.67µm
u_transform_scheduler_core.dft12_ram_i\[5\]\[5\],79.62µm
_08471_,79.52µm
_08397_,79.16µm
_06143_,79.11µm
_05734_,78.96µm
_07976_,78.96µm
u_transform_scheduler_core.u_fft_scratch_sram.u_hi.macro_wdata\[4\],78.82µm
u_transform_scheduler_core.dft12_ram_q\[2\]\[6\],78.55µm
u_transform_scheduler_core.u_mixed_radix_butterfly.combine_half_sum_i_reg\[2\],78.5µm
_04873_,78.45µm
u_transform_scheduler_core.fifo_x1_q\[0\]\[1\],78.45µm
u_transform_scheduler_core.u_mixed_radix_butterfly.product_ii_reg\[9\],78.45µm
_04622_,78.4µm
u_transform_scheduler_core.dft12_ram_i\[2\]\[5\],78.04µm
u_transform_scheduler_core.u_mixed_radix_butterfly.product_iq_reg\[18\],77.99µm
u_transform_scheduler_core.dft12_ram_q\[11\]\[7\],77.94µm
u_transform_scheduler_core.dft12_ram_q\[5\]\[13\],77.94µm
_04944_,77.89µm
_08271_,77.89µm
u_transform_scheduler_core.u_mixed_radix_butterfly.x2_q_ext\[14\],77.89µm
_05246_,77.84µm
_08564_,77.84µm
_08947_,77.84µm
u_transform_scheduler_core.fifo_x2_q\[0\]\[3\],77.84µm
_03582_,77.43µm
_04237_,77.43µm
_04219_,77.33µm
_08721_,77.28µm
u_transform_scheduler_core.dft12_ram_i\[10\]\[7\],76.77µm
_02966_,76.72µm
_05850_,76.72µm
_06218_,76.72µm
_06766_,76.72µm
u_transform_scheduler_core.u_mixed_radix_butterfly.premultiply_x0_i_reg\[4\],76.26µm
_03319_,76.21µm
_08891_,76.16µm
_04417_,75.85µm
u_transform_scheduler_core.u_fft128_modulo_controller.result_group\[3\],75.85µm
u_transform_scheduler_core.dft12_ram_q\[1\]\[14\],75.65µm
_05005_,75.6µm
debug_read_latch\[8\],75.6µm
_02489_,75.19µm
_04757_,75.09µm
_05568_,75.09µm
_07499_,75.09µm
_06153_,75.04µm
_08802_,75.04µm
u_transform_scheduler_core.u_fft_scratch_sram.u_hi.macro_wdata\[5\],74.95µm
_04326_,74.68µm
u_transform_scheduler_core.u_fdiq_output_adapter.sample_i_reg\[13\],74.68µm
_02246_,74.63µm
_05410_,74.58µm
u_transform_scheduler_core.dft12_ram_q\[10\]\[13\],74.58µm
u_transform_scheduler_core.u_mixed_radix_butterfly.combine_half_sum_q_reg\[5\],74.58µm
_07370_,74.53µm
_03452_,74.48µm
_06275_,74.48µm
_06785_,74.48µm
u_transform_scheduler_core.ofdm_sample_index\[2\],74.48µm
_04320_,74.02µm
_02067_,73.97µm
_06039_,73.97µm
u_transform_scheduler_core.u_fft_scratch_sram.macro_wdata\[8\],73.92µm
u_transform_scheduler_core.u_mixed_radix_butterfly.combine_half_sum_i_reg\[11\],73.69µm
u_transform_scheduler_core.u_subcarrier_mapper.clear_index\[6\],73.51µm
_08321_,73.46µm
output_left\[5\],73.46µm
u_transform_scheduler_core.dft12_sent_x0_i,73.46µm
u_transform_scheduler_core.mod_diag_X0_q\[13\],73.46µm
_02669_,73.41µm
_03439_,73.41µm
u_transform_scheduler_core.dft12_ram_q\[10\]\[5\],73.41µm
_02985_,73.36µm
_04424_,72.95µm
_03637_,72.9µm
_04013_,72.85µm
_04363_,72.85µm
_06518_,72.85µm
u_transform_scheduler_core.fft128_active,72.85µm
u_transform_scheduler_core.ofdm_sample_index\[1\],72.85µm
u_transform_scheduler_core.u_fft_scratch_sram.macro_wdata\[13\],72.85µm
u_transform_scheduler_core.tx_mem_addr\[1\],72.8µm
top_state\[0\],72.49µm
u_transform_scheduler_core.dft12_ram_i\[2\]\[15\],72.39µm
_03978_,72.34µm
u_transform_scheduler_core.fifo_inverse\[0\]\[0\],72.34µm
_08455_,72.29µm
_02860_,72.24µm
delaynet_2_core_clk,72.24µm
_04449_,71.93µm
_02363_,71.83µm
u_transform_scheduler_core.dft12_ram_i\[11\]\[0\],71.83µm
_07074_,71.78µm
u_transform_scheduler_core.dft12_ram_i\[2\]\[4\],71.78µm
u_transform_scheduler_core.dft12_ram_q\[1\]\[7\],71.78µm
u_transform_scheduler_core.dft12_ram_q\[2\]\[0\],71.78µm
delaynet_0_core_clk,71.78µm
_02078_,71.73µm
_04151_,71.73µm
_02655_,71.68µm
_02731_,71.68µm
u_transform_scheduler_core.u_mixed_radix_butterfly.multiply_phase\[1\],71.37µm
u_serializer.byte_index\[1\],71.22µm
u_transform_scheduler_core.mod_diag_X1_q\[13\],71.22µm
u_transform_scheduler_core.tx_mem_addr\[7\],71.22µm
u_transform_scheduler_core.u_mixed_radix_butterfly.x0_i_full,71.22µm
_03697_,71.17µm
_04224_,71.17µm
_06146_,71.17µm
_07634_,71.17µm
_08265_,71.17µm
u_transform_scheduler_core.dft12_ram_i\[2\]\[0\],71.17µm
u_transform_scheduler_core.u_mixed_radix_butterfly.multiply_phase\[2\],70.81µm
u_transform_scheduler_core.dft12_ram_i\[2\]\[2\],70.76µm
u_transform_scheduler_core.u_mixed_radix_butterfly.combine_x0_q_reg\[6\],70.71µm
_03269_,70.61µm
_03546_,70.61µm
u_transform_scheduler_core.tx_mem_addr\[2\],70.61µm
_06424_,70.56µm
u_transform_scheduler_core.u_fft_scratch_sram.u_hi.macro_wdata\[0\],70.42µm
u_transform_scheduler_core.dft12_ram_i\[9\]\[2\],70.15µm
u_transform_scheduler_core.dft12_ram_q\[5\]\[11\],70.15µm
u_transform_scheduler_core.u_mixed_radix_butterfly.x1_q_ext\[9\],70.15µm
_06063_,70.1µm
u_transform_scheduler_core.u_mixed_radix_butterfly.x2_q_ext\[5\],70.1µm
_02093_,70.05µm
_05372_,70µm
u_transform_scheduler_core.dft12_ram_i\[8\]\[2\],69.59µm
_02498_,69.54µm
_04124_,69.54µm
input_left\[1\],69.54µm
u_transform_scheduler_core.dft12_ram_q\[5\]\[15\],69.54µm
_08104_,69.49µm
top_state\[15\],69.49µm
u_transform_scheduler_core.dft12_ram_q\[11\]\[12\],69.49µm
u_transform_scheduler_core.dft12_ram_q\[8\]\[0\],69.49µm
_03278_,69.44µm
_04658_,69.44µm
_06081_,69.44µm
_07660_,69.44µm
u_transform_scheduler_core.u_fft128_modulo_controller.fetch_group\[3\],69.08µm
u_transform_scheduler_core.mod_diag_X1_q\[2\],69.03µm
_03828_,68.98µm
_04591_,68.98µm
u_transform_scheduler_core.dft12_ram_q\[11\]\[0\],68.98µm
u_transform_scheduler_core.ofdm_sample_index\[4\],68.98µm
_07819_,68.93µm
_08125_,68.93µm
u_transform_scheduler_core.ofdm_sample_valid,68.93µm
u_transform_scheduler_core.u_mixed_radix_butterfly.final_scalar_product_reg\[1\],68.88µm
u_transform_scheduler_core.u_mixed_radix_butterfly.x1_q_ext\[11\],68.75µm
u_transform_scheduler_core.dft12_ram_q\[1\]\[2\],68.52µm
u_transform_scheduler_core.u_mixed_radix_butterfly.x1_i_ext\[9\],68.52µm
_06114_,68.47µm
u_transform_scheduler_core.u_mixed_radix_butterfly.combine_x0_q_reg\[1\],68.37µm
u_transform_scheduler_core.u_mixed_radix_butterfly.x2_i_ext\[15\],68.37µm
u_transform_scheduler_core.u_mixed_radix_butterfly.x2_q_ext\[12\],68.37µm
debug_read_latch\[2\],68.32µm
u_transform_scheduler_core.small_sent_x1_i,68.01µm
u_transform_scheduler_core.u_fft128_modulo_controller.fetch_x1_i\[1\],68.01µm
_07255_,67.91µm
_07560_,67.91µm
_03668_,67.81µm
_05828_,67.76µm
_07625_,67.76µm
_07992_,67.76µm
u_transform_scheduler_core.dft12_ram_i\[1\]\[6\],67.4µm
_03714_,67.35µm
u_transform_scheduler_core.dft12_ram_i\[11\]\[9\],67.35µm
u_transform_scheduler_core.dft12_ram_q\[3\]\[13\],67.35µm
u_transform_scheduler_core.u_mixed_radix_butterfly.combine_half_sum_q_reg\[11\],67.35µm
_05288_,67.25µm
_05294_,67.25µm
_05297_,67.25µm
_06692_,67.25µm
_08270_,67.25µm
_02532_,67.2µm
_06406_,66.84µm
u_transform_scheduler_core.mod_diag_X0_i\[6\],66.84µm
_03977_,66.79µm
u_transform_scheduler_core.dft12_ram_i\[5\]\[15\],66.79µm
_03810_,66.74µm
u_transform_scheduler_core.u_mixed_radix_butterfly.x2_i_ext\[11\],66.74µm
_02144_,66.69µm
_05656_,66.69µm
_07196_,66.69µm
_02076_,66.64µm
_04265_,66.64µm
_04724_,66.64µm
_05585_,66.64µm
u_transform_scheduler_core.u_fft_scratch_sram.macro_wdata\[10\],66.64µm
_08246_,66.28µm
_07623_,66.18µm
_04125_,66.13µm
_07165_,66.13µm
_06285_,66.08µm
u_transform_scheduler_core.dft12_ram_i\[5\]\[3\],65.72µm
_06165_,65.67µm
u_transform_scheduler_core.u_mixed_radix_butterfly.x2_i_ext\[0\],65.62µm
u_transform_scheduler_core.u_subcarrier_mapper.clear_index\[2\],65.62µm
_06038_,65.57µm
_07844_,65.57µm
u_transform_scheduler_core.dft12_ram_i\[4\]\[11\],65.57µm
u_transform_scheduler_core.dft12_ram_q\[0\]\[14\],65.57µm
u_transform_scheduler_core.dft12_ram_q\[1\]\[5\],65.57µm
_04702_,65.52µm
_06582_,65.52µm
u_transform_scheduler_core.dft12_ram_q\[2\]\[12\],65.16µm
u_transform_scheduler_core.u_mixed_radix_butterfly.x2_q_ext\[0\],65.16µm
u_transform_scheduler_core.dft12_ram_i\[3\]\[15\],65.11µm
u_transform_scheduler_core.dft12_ram_q\[3\]\[7\],65.11µm
_04153_,65.06µm
u_transform_scheduler_core.mod_diag_addr1\[1\],65.06µm
_03379_,65.01µm
_03400_,65.01µm
_04451_,65.01µm
_06699_,65.01µm
u_transform_scheduler_core.u_mixed_radix_butterfly.premultiply_input_q_reg\[7\],65.01µm
_04333_,64.96µm
_06661_,64.96µm
_08680_,64.96µm
u_transform_scheduler_core.u_mixed_radix_butterfly.premultiply_x0_q_reg\[14\],64.96µm
u_transform_scheduler_core.dft12_ram_i\[5\]\[7\],64.55µm
u_transform_scheduler_core.dft12_ram_q\[6\]\[1\],64.55µm
u_transform_scheduler_core.mod_diag_X0_q\[2\],64.55µm
u_transform_scheduler_core.dft12_ram_i\[5\]\[4\],64.5µm
_04490_,64.45µm
_04973_,64.45µm
u_transform_scheduler_core.tx_mapper_done,64.45µm
_07686_,64.4µm
u_transform_scheduler_core.dft12_ram_q\[2\]\[5\],64.09µm
u_transform_scheduler_core.dft12_ram_i\[5\]\[0\],63.99µm
u_transform_scheduler_core.dft12_ram_q\[0\]\[15\],63.99µm
_05361_,63.94µm
_05926_,63.94µm
u_transform_scheduler_core.dft12_ram_i\[3\]\[11\],63.94µm
u_transform_scheduler_core.dft12_ram_q\[1\]\[15\],63.94µm
_03699_,63.89µm
_04303_,63.89µm
_08128_,63.89µm
u_transform_scheduler_core.u_mixed_radix_butterfly.twiddle_re_reg\[0\],63.89µm
_02488_,63.84µm
_03299_,63.84µm
_07240_,63.84µm
u_transform_scheduler_core.dft12_ram_q\[1\]\[9\],63.83µm
din[4],63.75µm
u_transform_scheduler_core.dft12_ram_i\[4\]\[4\],63.48µm
u_transform_scheduler_core.dft12_ram_q\[4\]\[15\],63.43µm
u_transform_scheduler_core.dft12_ram_q\[9\]\[6\],63.43µm
_02503_,63.38µm
u_transform_scheduler_core.dft12_ram_i\[1\]\[13\],63.38µm
u_transform_scheduler_core.u_mixed_radix_butterfly.combine_half_sum_q_reg\[10\],63.38µm
u_transform_scheduler_core.u_mixed_radix_butterfly.twiddle_re_full,63.38µm
delaynet_3_core_clk,63.38µm
_04221_,63.33µm
_05941_,63.33µm
u_transform_scheduler_core.dft12_ram_i\[4\]\[2\],63.33µm
_02100_,63.28µm
_05295_,63.28µm
_07011_,63.28µm
_02235_,62.82µm
_05049_,62.82µm
u_transform_scheduler_core.dft12_ram_i\[11\]\[15\],62.82µm
_03920_,62.77µm
_04442_,62.77µm
_05281_,62.77µm
_07951_,62.77µm
_04156_,62.72µm
_05672_,62.72µm
_07841_,62.72µm
u_transform_scheduler_core.dft12_ram_i\[11\]\[10\],62.72µm
u_transform_scheduler_core.u_mixed_radix_butterfly.premultiply_input_i_reg\[0\],62.72µm
u_transform_scheduler_core.u_fft_scratch_sram.u_hi.macro_wdata\[7\],62.58µm
din[1],62.58µm
_02481_,62.31µm
_05339_,62.31µm
u_transform_scheduler_core.dft12_ram_q\[11\]\[8\],62.31µm
u_transform_scheduler_core.u_mixed_radix_butterfly.twiddle_re_reg\[3\],62.31µm
u_transform_scheduler_core.u_mixed_radix_butterfly.combine_x0_i_reg\[4\],62.3µm
u_transform_scheduler_core.dft12_ram_i\[5\]\[1\],62.26µm
u_transform_scheduler_core.fifo_x1_i\[0\]\[2\],62.26µm
_07645_,62.21µm
u_transform_scheduler_core.dft12_ram_i\[11\]\[5\],62.21µm
u_transform_scheduler_core.dft12_ram_q\[5\]\[7\],61.8µm
_04209_,61.75µm
_02333_,61.7µm
_07438_,61.7µm
u_transform_scheduler_core.dft12_ram_q\[4\]\[2\],61.7µm
u_transform_scheduler_core.mod_diag_X0_i\[4\],61.7µm
u_transform_scheduler_core.mod_diag_addr0\[1\],61.7µm
u_transform_scheduler_core.u_fft_scratch_sram.saved_wdata\[27\],61.7µm
u_transform_scheduler_core.u_mixed_radix_butterfly.arithmetic_half_sum_i_reg\[4\],61.7µm
_08604_,61.65µm
u_transform_scheduler_core.dft12_ram_i\[11\]\[3\],61.65µm
u_transform_scheduler_core.dft12_ram_i\[2\]\[7\],61.65µm
u_transform_scheduler_core.u_mixed_radix_butterfly.combine_x0_i_reg\[13\],61.65µm
_05312_,61.6µm
_07103_,61.6µm
_07173_,61.6µm
din[3],61.46µm
_03758_,61.14µm
_07864_,61.14µm
u_transform_scheduler_core.dft12_ram_q\[11\]\[10\],61.14µm
_02479_,61.09µm
_02534_,61.09µm
_05278_,61.09µm
_06517_,61.09µm
_08280_,61.09µm
u_transform_scheduler_core.dft12_ram_q\[3\]\[14\],61.09µm
u_transform_scheduler_core.u_fdiq_output_adapter.sample_q_reg\[0\],61.09µm
_02520_,61.04µm
_05641_,61.04µm
_06010_,61.04µm
u_transform_scheduler_core.dft12_ram_q\[11\]\[14\],61.04µm
output_left\[0\],60.83µm
_04089_,60.68µm
u_transform_scheduler_core.dft12_ram_i\[6\]\[15\],60.68µm
u_transform_scheduler_core.u_mixed_radix_butterfly.x2_q_ext\[8\],60.68µm
_04304_,60.63µm
_07701_,60.63µm
u_transform_scheduler_core.dft12_ram_i\[5\]\[6\],60.58µm
u_transform_scheduler_core.u_fft128_modulo_controller.fetch_group\[4\],60.58µm
_02097_,60.53µm
_06630_,60.53µm
_07484_,60.53µm
_02521_,60.48µm
_03497_,60.48µm
_04287_,60.48µm
_05274_,60.48µm
_06533_,60.48µm
u_transform_scheduler_core.u_fdiq_output_adapter.sample_q_reg\[4\],60.48µm
u_transform_scheduler_core.u_fdiq_output_adapter.sample_q_reg\[7\],60.48µm
_04830_,60.12µm
_02507_,60.07µm
_04104_,60.07µm
_07834_,60.07µm
_08452_,60.07µm
_04893_,60.02µm
u_transform_scheduler_core.dft12_ram_q\[10\]\[14\],60.02µm
u_transform_scheduler_core.u_fdiq_output_adapter.sample_i_reg\[12\],60.02µm
u_transform_scheduler_core.dft12_ram_i\[10\]\[13\],59.97µm
u_transform_scheduler_core.dft12_ram_i\[6\]\[7\],59.97µm
u_transform_scheduler_core.dft12_sent_twiddle_im,59.97µm
u_transform_scheduler_core.u_mixed_radix_butterfly.twiddle_im_full,59.97µm
_04667_,59.92µm
_07615_,59.92µm
_05500_,59.51µm
u_transform_scheduler_core.u_mixed_radix_butterfly.x1_i_ext\[5\],59.51µm
u_transform_scheduler_core.dft12_ram_i\[9\]\[9\],59.46µm
u_transform_scheduler_core.u_fdiq_output_adapter.sample_q_reg\[15\],59.46µm
u_transform_scheduler_core.u_fft128_modulo_controller.fetch_group\[6\],59.46µm
u_transform_scheduler_core.u_mixed_radix_butterfly.premultiply_input_q_reg\[2\],59.46µm
_02533_,59.41µm
u_transform_scheduler_core.u_mixed_radix_butterfly.x0_i_ext\[15\],59.41µm
_04164_,59.36µm
_04438_,59.36µm
_05010_,59.36µm
_05832_,59.36µm
_07179_,59.36µm
u_transform_scheduler_core.dft12_ram_i\[3\]\[12\],59.36µm
u_transform_scheduler_core.dft12_state\[1\],59.05µm
u_transform_scheduler_core.u_mixed_radix_butterfly.x2_q_ext\[9\],59µm
_04201_,58.95µm
u_transform_scheduler_core.dft12_ram_q\[3\]\[3\],58.95µm
u_transform_scheduler_core.tx_mem_addr\[5\],58.95µm
_03900_,58.9µm
_07566_,58.9µm
_08225_,58.9µm
u_transform_scheduler_core.dft12_ram_i\[6\]\[4\],58.9µm
u_transform_scheduler_core.tx_capture_done,58.9µm
u_transform_scheduler_core.u_mixed_radix_butterfly.product_iq_reg\[19\],58.9µm
_04138_,58.85µm
_06090_,58.85µm
u_transform_scheduler_core.dft12_ram_i\[11\]\[6\],58.85µm
_05268_,58.8µm
_08873_,58.8µm
u_transform_scheduler_core.mod_diag_X1_q\[15\],58.8µm
u_transform_scheduler_core.dft12_ram_i\[5\]\[2\],58.44µm
u_transform_scheduler_core.u_fft128_modulo_controller.fetch_group\[2\],58.44µm
u_transform_scheduler_core.dft12_ram_q\[5\]\[0\],58.39µm
_03834_,58.34µm
_04272_,58.34µm
_05338_,58.34µm
u_transform_scheduler_core.dft12_ram_i\[1\]\[12\],58.34µm
u_transform_scheduler_core.dft12_ram_i\[5\]\[8\],58.34µm
u_transform_scheduler_core.u_mixed_radix_butterfly.x1_i_ext\[0\],58.34µm
_03420_,58.32µm
_08272_,58.3µm
_07535_,58.29µm
u_transform_scheduler_core.dft12_ram_i\[7\]\[5\],58.29µm
u_transform_scheduler_core.dft12_ram_q\[10\]\[8\],58.29µm
u_transform_scheduler_core.dft12_ram_q\[9\]\[7\],58.29µm
u_transform_scheduler_core.tx_dft12_hold_q\[2\]\[1\],58.29µm
u_transform_scheduler_core.u_fdiq_input_adapter.input_sample_index\[2\],58.29µm
u_transform_scheduler_core.u_mixed_radix_butterfly.x2_i_ext\[12\],58.29µm
_03205_,58.24µm
_03338_,58.24µm
u_transform_scheduler_core.dft12_ram_q\[11\]\[9\],57.83µm
u_transform_scheduler_core.u_mixed_radix_butterfly.x2_i_ext\[5\],57.83µm
u_transform_scheduler_core.u_mixed_radix_butterfly.x2_q_ext\[13\],57.83µm
_04239_,57.73µm
_08431_,57.73µm
u_transform_scheduler_core.u_subcarrier_mapper.clear_index\[1\],57.73µm
_02153_,57.68µm
_02497_,57.68µm
_06598_,57.68µm
_07511_,57.68µm
_07902_,57.68µm
_08480_,57.68µm
_08509_,57.68µm
u_transform_scheduler_core.dft12_ram_q\[5\]\[12\],57.37µm
u_transform_scheduler_core.u_mixed_radix_butterfly.x1_q_ext\[6\],57.32µm
u_transform_scheduler_core.dft12_ram_i\[6\]\[6\],57.27µm
u_transform_scheduler_core.small_inflight_count\[0\],57.27µm
_02436_,57.22µm
_07891_,57.22µm
u_transform_scheduler_core.dft12_ram_q\[3\]\[12\],57.22µm
u_transform_scheduler_core.dft12_ram_q\[5\]\[14\],57.22µm
u_transform_scheduler_core.dft12_ram_q\[6\]\[3\],57.22µm
u_transform_scheduler_core.u_mixed_radix_butterfly.x2_i_ext\[1\],57.22µm
u_transform_scheduler_core.dft12_ram_i\[5\]\[13\],57.17µm
u_transform_scheduler_core.dft12_ram_q\[3\]\[1\],57.17µm
u_transform_scheduler_core.dft12_ram_q\[5\]\[9\],57.17µm
u_transform_scheduler_core.dft12_ram_q\[5\]\[10\],57.15µm
_04672_,57.12µm
_06726_,57.12µm
_07681_,57.12µm
net18,57.12µm
u_transform_scheduler_core.dft12_ram_i\[1\]\[7\],56.71µm
_04317_,56.66µm
_07474_,56.66µm
_08036_,56.66µm
_08786_,56.66µm
u_transform_scheduler_core.dft12_ram_q\[6\]\[14\],56.66µm
u_transform_scheduler_core.u_mixed_radix_butterfly.x2_i_ext\[2\],56.66µm
_05544_,56.61µm
_06746_,56.61µm
_07426_,56.61µm
u_transform_scheduler_core.dft12_ram_i\[4\]\[15\],56.61µm
u_transform_scheduler_core.rx_state\[9\],56.61µm
_04383_,56.56µm
_05504_,56.56µm
_05578_,56.56µm
_05912_,56.56µm
_07539_,56.56µm
u_transform_scheduler_core.u_mixed_radix_butterfly.combine_half_sum_q_reg\[9\],56.15µm
_08014_,56.1µm
u_transform_scheduler_core.dft12_ram_q\[7\]\[1\],56.1µm
u_transform_scheduler_core.rx_fft128_index\[1\],56.1µm
u_transform_scheduler_core.small_sent_x0_i,56.1µm
u_transform_scheduler_core.u_subcarrier_mapper.clear_index\[5\],56.1µm
_03636_,56.05µm
_04134_,56.05µm
_06317_,56.05µm
_07872_,56.05µm
u_transform_scheduler_core.u_mixed_radix_butterfly.product_rq_reg\[22\],56.05µm
u_transform_scheduler_core.u_mixed_radix_butterfly.x2_i_ext\[3\],56.05µm
u_transform_scheduler_core.u_mixed_radix_butterfly.x2_q_ext\[6\],56.05µm
_02277_,56µm
_04714_,56µm
u_transform_scheduler_core.u_mixed_radix_butterfly.high_rr_reg\[8\],56µm
u_transform_scheduler_core.u_mixed_radix_butterfly.x1_q_ext\[7\],56µm
_04425_,55.64µm
u_transform_scheduler_core.u_mixed_radix_butterfly.combine_half_sum_q_reg\[8\],55.64µm
u_transform_scheduler_core.dft12_sent_x1_q,55.59µm
u_transform_scheduler_core.u_mixed_radix_butterfly.low_ii_reg\[15\],55.59µm
_07670_,55.54µm
u_transform_scheduler_core.dft12_ram_q\[10\]\[9\],55.54µm
u_transform_scheduler_core.u_mixed_radix_butterfly.low_iq_reg\[10\],55.54µm
u_transform_scheduler_core.u_mixed_radix_butterfly.product_iq_reg\[1\],55.54µm
_03819_,55.49µm
_04480_,55.49µm
_05211_,55.49µm
_07257_,55.49µm
u_transform_scheduler_core.dft12_ram_q\[5\]\[8\],55.49µm
u_transform_scheduler_core.mod_diag_X0_i\[0\],55.49µm
_05996_,55.44µm
_07137_,55.44µm
_07836_,55.44µm
u_transform_scheduler_core.mod_diag_X1_i\[13\],55.44µm
u_transform_scheduler_core.dft12_ram_q\[10\]\[11\],55.41µm
din[5],55.35µm
_07675_,55.03µm
input_left\[5\],55.03µm
u_transform_scheduler_core.dft12_ram_q\[9\]\[8\],55.03µm
u_transform_scheduler_core.rx_fft128_index\[0\],55.03µm
u_transform_scheduler_core.u_fdiq_input_adapter.input_sample_index\[1\],55.03µm
u_transform_scheduler_core.u_mixed_radix_butterfly.low_ii_reg\[14\],55.03µm
_08748_,54.98µm
u_transform_scheduler_core.dft12_ram_i\[5\]\[12\],54.98µm
u_transform_scheduler_core.dft12_ram_q\[3\]\[4\],54.98µm
u_transform_scheduler_core.u_fft128_modulo_controller.read_return_count\[0\],54.98µm
u_transform_scheduler_core.u_mixed_radix_butterfly.x1_i_ext\[8\],54.98µm
_04540_,54.93µm
input_left\[6\],54.93µm
u_transform_scheduler_core.u_mixed_radix_butterfly.arithmetic_x0_q_reg\[15\],54.93µm
u_transform_scheduler_core.u_mixed_radix_butterfly.x1_q_ext\[14\],54.93µm
_02512_,54.88µm
_04048_,54.88µm
_07230_,54.88µm
_08187_,54.7µm
u_transform_scheduler_core.dft12_ram_i\[3\]\[3\],54.57µm
_08168_,54.47µm
u_transform_scheduler_core.dft12_ram_i\[5\]\[10\],54.47µm
u_transform_scheduler_core.u_mixed_radix_butterfly.product_iq_reg\[14\],54.47µm
_08443_,54.42µm
u_transform_scheduler_core.dft12_ram_i\[4\]\[9\],54.42µm
u_transform_scheduler_core.dft12_ram_q\[11\]\[15\],54.42µm
u_transform_scheduler_core.dft12_ram_q\[2\]\[8\],54.42µm
u_transform_scheduler_core.u_mixed_radix_butterfly.high_rq_reg\[3\],54.42µm
u_transform_scheduler_core.u_mixed_radix_butterfly.low_iq_reg\[16\],54.42µm
_04286_,54.37µm
_05267_,54.37µm
_05612_,54.37µm
_06358_,54.37µm
_07006_,54.37µm
_08088_,54.37µm
u_transform_scheduler_core.dft12_ram_i\[1\]\[0\],54.37µm
u_transform_scheduler_core.dft12_ram_i\[2\]\[8\],54.37µm
u_transform_scheduler_core.u_mixed_radix_butterfly.low_rr_reg\[11\],54.37µm
_07208_,54.32µm
_02038_,53.96µm
u_transform_scheduler_core.dft12_ram_q\[4\]\[7\],53.96µm
u_transform_scheduler_core.u_mixed_radix_butterfly.x1_i_ext\[11\],53.96µm
_02411_,53.91µm
u_transform_scheduler_core.u_mixed_radix_butterfly.product_rr_reg\[10\],53.91µm
u_transform_scheduler_core.mod_diag_X1_i\[4\],53.86µm
u_transform_scheduler_core.u_mixed_radix_butterfly.arithmetic_half_sum_i_reg\[6\],53.86µm
_06487_,53.81µm
_07431_,53.81µm
_08655_,53.81µm
u_transform_scheduler_core.u_fft_scratch_sram.saved_wdata\[17\],53.81µm
_03312_,53.76µm
_05729_,53.76µm
_05817_,53.76µm
_07100_,53.76µm
u_transform_scheduler_core.tx_capture_busy,53.76µm
u_transform_scheduler_core.u_mixed_radix_butterfly.x0_i_ext\[11\],53.76µm
u_transform_scheduler_core.dft12_ram_q\[11\]\[2\],53.4µm
u_transform_scheduler_core.rx_dft12_index\[2\],53.4µm
_01995_,53.35µm
_02422_,53.35µm
_04024_,53.35µm
input_left\[0\],53.35µm
u_transform_scheduler_core.dft12_ram_q\[9\]\[1\],53.35µm
u_transform_scheduler_core.mod_diag_X1_i\[7\],53.35µm
u_transform_scheduler_core.u_fft128_modulo_controller.fetch_group\[5\],53.35µm
u_transform_scheduler_core.dft12_ram_i\[2\]\[6\],53.3µm
u_transform_scheduler_core.dft12_ram_q\[0\]\[0\],53.3µm
u_transform_scheduler_core.u_fdiq_input_adapter.input_sample_index\[3\],53.3µm
_07807_,53.25µm
_08525_,53.25µm
u_transform_scheduler_core.fft128_block_ready,53.25µm
u_transform_scheduler_core.u_mixed_radix_butterfly.product_iq_reg\[20\],53.25µm
u_transform_scheduler_core.u_mixed_radix_butterfly.product_rq_reg\[19\],53.25µm
u_transform_scheduler_core.u_mixed_radix_butterfly.x2_i_ext\[8\],53.25µm
_02495_,53.2µm
_06098_,53.2µm
_04770_,53.12µm
_03895_,52.79µm
_04429_,52.79µm
u_transform_scheduler_core.ofdm_mem_addr\[1\],52.79µm
_02040_,52.74µm
_02496_,52.74µm
_04580_,52.74µm
u_transform_scheduler_core.dft12_ram_i\[2\]\[9\],52.74µm
u_transform_scheduler_core.dft12_ram_q\[7\]\[0\],52.74µm
u_transform_scheduler_core.mod_diag_X1_i\[8\],52.74µm
u_transform_scheduler_core.u_mixed_radix_butterfly.x1_q_ext\[10\],52.74µm
_03867_,52.69µm
u_transform_scheduler_core.dft12_ram_i\[8\]\[8\],52.69µm
_03253_,52.64µm
_06325_,52.64µm
u_transform_scheduler_core.dft12_ram_i\[5\]\[11\],52.585µm
u_transform_scheduler_core.u_mixed_radix_butterfly.x2_i_ext\[7\],52.28µm
u_transform_scheduler_core.dft12_ram_i\[10\]\[11\],52.23µm
u_transform_scheduler_core.dft12_ram_i\[3\]\[13\],52.23µm
u_transform_scheduler_core.u_mixed_radix_butterfly.x1_i_ext\[10\],52.23µm
_03728_,52.18µm
debug_read_latch\[0\],52.18µm
echo_data\[4\],52.18µm
u_transform_scheduler_core.dft12_ram_q\[3\]\[15\],52.18µm
u_transform_scheduler_core.u_mixed_radix_butterfly.premultiply_input_q_reg\[8\],52.18µm
u_transform_scheduler_core.u_mixed_radix_butterfly.x0_i_ext\[5\],52.18µm
_02500_,52.13µm
_03543_,52.13µm
_04075_,52.13µm
u_transform_scheduler_core.dft12_ram_i\[10\]\[9\],52.13µm
u_transform_scheduler_core.fft128_block_inverse,52.13µm
u_transform_scheduler_core.u_fft_scratch_sram.state\[2\],52.13µm
_04810_,52.08µm
_05263_,52.08µm
_06607_,52.08µm
u_transform_scheduler_core.u_fdiq_input_adapter.input_sample_index\[0\],52.08µm
u_transform_scheduler_core.u_tdiq_output_cp_insert.responses_left\[8\],52.08µm
din[6],51.94µm
u_transform_scheduler_core.dft12_ram_i\[1\]\[2\],51.72µm
u_transform_scheduler_core.dft12_ram_q\[8\]\[5\],51.72µm
u_transform_scheduler_core.u_fft128_modulo_controller.result_group\[1\],51.72µm
_03914_,51.67µm
u_transform_scheduler_core.dft12_ram_q\[11\]\[6\],51.67µm
u_transform_scheduler_core.mod_diag_X0_i\[7\],51.67µm
u_transform_scheduler_core.dft12_ram_i\[4\]\[6\],51.62µm
u_transform_scheduler_core.small_sent_twiddle_im,51.62µm
u_transform_scheduler_core.u_tdiq_input_cp_remove.input_sample_index\[0\],51.62µm
_03965_,51.57µm
_04472_,51.57µm
_05643_,51.57µm
_07959_,51.57µm
_08171_,51.57µm
u_transform_scheduler_core.dft12_ram_i\[2\]\[12\],51.57µm
u_transform_scheduler_core.u_mixed_radix_butterfly.x1_q_ext\[8\],51.57µm
_07361_,51.52µm
_07524_,51.52µm
_08798_,51.52µm
u_transform_scheduler_core.dft12_ram_q\[7\]\[9\],51.52µm
u_transform_scheduler_core.dft12_ram_q\[3\]\[10\],51.16µm
u_transform_scheduler_core.u_mixed_radix_butterfly.x1_i_ext\[1\],51.16µm
_07059_,51.11µm
_05497_,51.06µm
_07551_,51.06µm
_08984_,51.06µm
u_transform_scheduler_core.dft12_ram_q\[11\]\[11\],51.06µm
u_transform_scheduler_core.dft12_ram_q\[5\]\[5\],51.06µm
u_transform_scheduler_core.u_mixed_radix_butterfly.high_rq_reg\[8\],51.06µm
u_transform_scheduler_core.u_subcarrier_mapper.clear_index\[4\],51.06µm
_04832_,51.01µm
_05530_,51.01µm
_06772_,51.01µm
_07697_,51.01µm
_07856_,51.01µm
_07912_,51.01µm
_08581_,51.01µm
u_transform_scheduler_core.tx_mem_addr\[0\],51.01µm
_05949_,50.96µm
u_transform_scheduler_core.rx_fft128_index\[2\],50.96µm
u_transform_scheduler_core.u_fft_scratch_sram.macro_wdata\[14\],50.96µm
u_transform_scheduler_core.u_mixed_radix_butterfly.product_rq_reg\[17\],50.96µm
u_transform_scheduler_core.dft12_ram_i\[11\]\[4\],50.6µm
u_transform_scheduler_core.dft12_ram_q\[5\]\[6\],50.6µm
_06130_,50.55µm
_08784_,50.55µm
input_left\[2\],50.55µm
u_transform_scheduler_core.dft12_ram_q\[11\]\[4\],50.55µm
u_transform_scheduler_core.u_mixed_radix_butterfly.product_ii_reg\[20\],50.55µm
u_transform_scheduler_core.u_tdiq_input_cp_remove.useful_sample_index\[0\],50.55µm
_02232_,50.5µm
_04005_,50.5µm
_07607_,50.5µm
_08792_,50.5µm
u_transform_scheduler_core.dft12_phase\[0\],50.5µm
u_transform_scheduler_core.dft12_ram_i\[10\]\[10\],50.5µm
u_transform_scheduler_core.dft12_ram_i\[1\]\[3\],50.5µm
u_transform_scheduler_core.dft12_ram_q\[2\]\[9\],50.5µm
u_transform_scheduler_core.result_meta_count\[1\],50.5µm
_04147_,50.45µm
_04444_,50.45µm
_06025_,50.45µm
_07596_,50.45µm
_08548_,50.45µm
u_transform_scheduler_core.dft12_ram_i\[9\]\[7\],50.45µm
u_transform_scheduler_core.u_mixed_radix_butterfly.final_scalar_product_reg\[0\],50.45µm
_03199_,50.4µm
_05450_,50.4µm
_05897_,50.4µm
_06213_,50.4µm
u_transform_scheduler_core.dft12_ram_i\[6\]\[2\],50.4µm
_06809_,49.99µm
_08615_,49.99µm
u_transform_scheduler_core.dft12_ram_i\[6\]\[10\],49.99µm
u_transform_scheduler_core.dft12_ram_i\[8\]\[7\],49.99µm
u_transform_scheduler_core.dft12_ram_q\[4\]\[3\],49.99µm
u_transform_scheduler_core.dft12_ram_q\[8\]\[11\],49.99µm
u_transform_scheduler_core.u_mixed_radix_butterfly.combine_half_sum_q_reg\[1\],49.99µm
u_transform_scheduler_core.dft12_ram_i\[6\]\[0\],49.94µm
u_transform_scheduler_core.dft12_ram_i\[7\]\[7\],49.94µm
u_transform_scheduler_core.dft12_ram_q\[3\]\[5\],49.94µm
u_transform_scheduler_core.dft12_ram_q\[5\]\[4\],49.94µm
u_transform_scheduler_core.mod_diag_X0_i\[1\],49.94µm
_02608_,49.89µm
u_transform_scheduler_core.dft12_ram_i\[9\]\[13\],49.89µm
u_transform_scheduler_core.dft12_ram_q\[11\]\[1\],49.89µm
u_transform_scheduler_core.u_mixed_radix_butterfly.low_ii_reg\[10\],49.89µm
u_transform_scheduler_core.u_mixed_radix_butterfly.product_rq_reg\[18\],49.89µm
_02729_,49.84µm
_06230_,49.84µm
_06741_,49.84µm
_07212_,49.84µm
_08005_,49.84µm
u_transform_scheduler_core.tx_sample_i\[5\],49.84µm
u_transform_scheduler_core.u_fft_scratch_sram.macro_wdata\[15\],49.84µm
u_transform_scheduler_core.dft12_ram_i\[3\]\[1\],49.71µm
_03901_,49.48µm
u_transform_scheduler_core.u_mixed_radix_butterfly.x1_q_ext\[5\],49.48µm
_03767_,49.43µm
_05501_,49.43µm
u_transform_scheduler_core.u_mixed_radix_butterfly.x0_q_ext\[10\],49.43µm
u_transform_scheduler_core.u_tdiq_input_cp_remove.expect_q,49.43µm
debug_wdata\[8\],49.38µm
u_transform_scheduler_core.dft12_ram_q\[10\]\[3\],49.38µm
u_transform_scheduler_core.dft12_ram_q\[6\]\[10\],49.38µm
_02117_,49.33µm
_03280_,49.33µm
_04312_,49.33µm
_04445_,49.33µm
_04470_,49.33µm
_04711_,49.33µm
_06380_,49.33µm
_07747_,49.33µm
_08147_,49.33µm
output_left\[2\],49.33µm
u_transform_scheduler_core.dft12_ram_q\[8\]\[9\],49.33µm
_03537_,49.28µm
_06115_,49.28µm
_08453_,49.28µm
u_transform_scheduler_core.dft12_ram_q\[6\]\[7\],49.28µm
_01985_,49µm
u_transform_scheduler_core.mod_diag_X0_i\[9\],48.92µm
_03655_,48.87µm
u_transform_scheduler_core.dft12_ram_i\[8\]\[0\],48.87µm
u_transform_scheduler_core.dft12_ram_i\[4\]\[8\],48.82µm
u_transform_scheduler_core.ofdm_mem_addr\[5\],48.82µm
u_transform_scheduler_core.rx_dft12_index\[3\],48.82µm
_02667_,48.77µm
_02974_,48.77µm
_03200_,48.77µm
_04373_,48.77µm
_07262_,48.77µm
_07407_,48.77µm
_08141_,48.77µm
_08762_,48.77µm
u_transform_scheduler_core.result_meta_write_pointer\[0\],48.77µm
u_transform_scheduler_core.u_mixed_radix_butterfly.product_ii_reg\[8\],48.77µm
u_transform_scheduler_core.u_mixed_radix_butterfly.x2_i_ext\[13\],48.77µm
_05834_,48.72µm
_06001_,48.72µm
_08213_,48.72µm
_02506_,48.49µm
u_transform_scheduler_core.dft12_ram_i\[11\]\[13\],48.41µm
u_transform_scheduler_core.dft12_ram_i\[11\]\[1\],48.36µm
u_transform_scheduler_core.u_mixed_radix_butterfly.combine_x0_i_reg\[5\],48.36µm
u_transform_scheduler_core.u_mixed_radix_butterfly.high_rq_reg\[1\],48.36µm
u_transform_scheduler_core.u_mixed_radix_butterfly.x2_i_ext\[4\],48.36µm
_03872_,48.31µm
_07642_,48.26µm
u_transform_scheduler_core.dft12_ram_i\[4\]\[13\],48.26µm
u_transform_scheduler_core.small_inflight_count\[1\],48.26µm
u_transform_scheduler_core.u_fdiq_input_adapter.held_i\[6\],48.26µm
u_transform_scheduler_core.u_mixed_radix_butterfly.product_rq_reg\[20\],48.26µm
u_transform_scheduler_core.u_mixed_radix_butterfly.x1_q_ext\[2\],48.26µm
_03678_,48.21µm
_05647_,48.21µm
_06639_,48.21µm
_07272_,48.21µm
u_transform_scheduler_core.dft12_ram_i\[1\]\[5\],48.21µm
u_transform_scheduler_core.u_mixed_radix_butterfly.arithmetic_x0_q_reg\[14\],48.21µm
u_transform_scheduler_core.u_tdiq_output_cp_insert.requests_left\[6\],48.21µm
_02519_,48.16µm
_05347_,48.16µm
u_transform_scheduler_core.dft12_ram_i\[4\]\[3\],47.8µm
u_transform_scheduler_core.dft12_ram_q\[6\]\[13\],47.8µm
_03745_,47.75µm
u_transform_scheduler_core.dft12_ram_q\[10\]\[6\],47.75µm
u_transform_scheduler_core.u_mixed_radix_butterfly.product_rq_reg\[14\],47.75µm
u_transform_scheduler_core.u_mixed_radix_butterfly.product_rr_reg\[12\],47.75µm
_03999_,47.7µm
_04531_,47.7µm
_07738_,47.7µm
_08733_,47.7µm
u_transform_scheduler_core.dft12_ram_i\[11\]\[11\],47.7µm
u_transform_scheduler_core.dft12_ram_i\[11\]\[14\],47.7µm
u_transform_scheduler_core.dft12_ram_q\[10\]\[2\],47.7µm
u_transform_scheduler_core.dft12_ram_q\[1\]\[8\],47.7µm
u_transform_scheduler_core.mod_diag_X1_i\[3\],47.7µm
_03403_,47.65µm
_04491_,47.65µm
_04828_,47.65µm
u_transform_scheduler_core.u_subcarrier_mapper.clear_index\[3\],47.65µm
_03968_,47.6µm
_04437_,47.6µm
_05424_,47.6µm
_05593_,47.6µm
_07899_,47.6µm
_04579_,47.47µm
u_transform_scheduler_core.dft12_ram_i\[9\]\[15\],47.29µm
u_transform_scheduler_core.u_mixed_radix_butterfly.x1_i_ext\[13\],47.29µm
u_transform_scheduler_core.dft12_ram_q\[11\]\[5\],47.19µm
u_transform_scheduler_core.dft12_ram_q\[1\]\[6\],47.19µm
u_transform_scheduler_core.dft12_ram_q\[3\]\[11\],47.19µm
_07166_,47.14µm
magic_index\[0\],47.14µm
u_transform_scheduler_core.dft12_ram_q\[8\]\[15\],47.14µm
u_transform_scheduler_core.dft12_ram_q\[9\]\[9\],47.14µm
u_transform_scheduler_core.u_mixed_radix_butterfly.high_iq_reg\[7\],47.14µm
_08788_,47.12µm
_03286_,47.09µm
_04614_,47.09µm
_06166_,47.09µm
_07908_,47.09µm
_08222_,47.09µm
_08575_,47.09µm
u_transform_scheduler_core.dft12_ram_i\[0\]\[13\],47.09µm
u_transform_scheduler_core.dft12_ram_q\[2\]\[2\],47.09µm
u_transform_scheduler_core.ofdm_mem_addr\[3\],47.09µm
u_transform_scheduler_core.result_meta_count\[0\],47.09µm
u_transform_scheduler_core.u_mixed_radix_butterfly.low_ii_reg\[1\],47.09µm
_05816_,47.04µm
_06643_,47.04µm
u_transform_scheduler_core.mod_diag_X0_q\[12\],47.04µm
u_transform_scheduler_core.dft12_ram_i\[1\]\[11\],46.68µm
u_transform_scheduler_core.u_fft128_modulo_controller.fetch_x1_q\[1\],46.68µm
_07678_,46.63µm
u_transform_scheduler_core.u_mixed_radix_butterfly.high_rq_reg\[7\],46.63µm
_04008_,46.58µm
_07905_,46.58µm
u_transform_scheduler_core.dft12_ram_q\[6\]\[9\],46.58µm
u_transform_scheduler_core.mod_diag_X1_q\[1\],46.58µm
u_transform_scheduler_core.u_mixed_radix_butterfly.final_scalar_product_reg\[4\],46.58µm
_02162_,46.53µm
_04574_,46.53µm
_07932_,46.53µm
_08313_,46.53µm
_08426_,46.53µm
u_transform_scheduler_core.dft12_ram_i\[4\]\[7\],46.53µm
u_transform_scheduler_core.dft12_ram_q\[7\]\[5\],46.53µm
_02136_,46.48µm
dout[0],46.34µm
_03585_,46.12µm
u_transform_scheduler_core.dft12_ram_q\[6\]\[0\],46.07µm
u_transform_scheduler_core.u_fft_scratch_sram.saved_wdata\[25\],46.07µm
_05287_,46.02µm
output_left\[1\],46.02µm
u_transform_scheduler_core.dft12_ram_q\[10\]\[15\],46.02µm
_04222_,45.97µm
_04308_,45.97µm
_07277_,45.97µm
_07415_,45.97µm
_07794_,45.97µm
u_transform_scheduler_core.dft12_ram_i\[8\]\[14\],45.97µm
u_transform_scheduler_core.tx_sample_i\[6\],45.97µm
_03233_,45.92µm
_04387_,45.92µm
_04701_,45.92µm
_05830_,45.92µm
_06293_,45.92µm
_08557_,45.92µm
u_transform_scheduler_core.u_fdiq_output_adapter.sample_q_reg\[14\],45.92µm
u_transform_scheduler_core.u_mixed_radix_butterfly.premultiply_input_q_reg\[1\],45.92µm
u_transform_scheduler_core.dft12_ram_i\[6\]\[11\],45.61µm
_04582_,45.565µm
_02354_,45.56µm
u_transform_scheduler_core.dft12_ram_i\[9\]\[1\],45.56µm
u_transform_scheduler_core.dft12_ram_q\[1\]\[4\],45.56µm
u_transform_scheduler_core.dft12_ram_q\[5\]\[3\],45.56µm
u_transform_scheduler_core.dft12_ram_q\[8\]\[1\],45.56µm
_02290_,45.51µm
u_transform_scheduler_core.dft12_ram_q\[9\]\[10\],45.51µm
u_transform_scheduler_core.u_mixed_radix_butterfly.combine_half_sum_i_reg\[5\],45.51µm
u_transform_scheduler_core.u_tdiq_input_cp_remove.useful_sample_index\[5\],45.51µm
u_transform_scheduler_core.u_tdiq_output_cp_insert.requests_left\[2\],45.51µm
_02282_,45.46µm
_02297_,45.46µm
_08054_,45.46µm
u_transform_scheduler_core.dft12_ram_i\[1\]\[8\],45.46µm
u_transform_scheduler_core.dft12_ram_i\[6\]\[9\],45.46µm
u_transform_scheduler_core.u_mixed_radix_butterfly.low_iq_reg\[11\],45.46µm
u_transform_scheduler_core.u_tdiq_input_cp_remove.useful_sample_index\[3\],45.46µm
_05116_,45.41µm
_05483_,45.41µm
_07868_,45.41µm
u_transform_scheduler_core.mod_diag_X1_i\[11\],45.41µm
_03960_,45.36µm
_04323_,45.36µm
_04561_,45.36µm
_05264_,45.36µm
_05811_,45.36µm
u_transform_scheduler_core.dft12_ram_i\[2\]\[11\],45.36µm
u_transform_scheduler_core.ofdm_mem_addr\[4\],45.05µm
_04422_,44.95µm
u_transform_scheduler_core.dft12_ram_i\[8\]\[4\],44.95µm
u_transform_scheduler_core.dft12_ram_q\[4\]\[6\],44.95µm
u_transform_scheduler_core.dft12_state\[3\],44.95µm
u_transform_scheduler_core.mod_diag_X0_i\[15\],44.95µm
u_transform_scheduler_core.u_mixed_radix_butterfly.x1_i_ext\[4\],44.95µm
_03375_,44.9µm
_04923_,44.9µm
_08818_,44.9µm
u_transform_scheduler_core.dft12_ram_i\[1\]\[15\],44.9µm
u_transform_scheduler_core.mod_diag_X0_i\[3\],44.9µm
u_transform_scheduler_core.u_fdiq_output_adapter.sample_i_reg\[11\],44.9µm
u_transform_scheduler_core.u_fft_scratch_sram.saved_wdata\[28\],44.9µm
u_transform_scheduler_core.u_mixed_radix_butterfly.x1_i_ext\[6\],44.9µm
u_transform_scheduler_core.u_mixed_radix_butterfly.x1_i_full,44.9µm
_04550_,44.85µm
_06939_,44.85µm
_08409_,44.85µm
_08744_,44.85µm
u_transform_scheduler_core.dft12_ram_i\[6\]\[1\],44.85µm
u_transform_scheduler_core.dft12_ram_i\[8\]\[6\],44.85µm
u_transform_scheduler_core.mod_diag_X1_q\[0\],44.85µm
u_transform_scheduler_core.u_mixed_radix_butterfly.premultiply_twiddle_im_reg\[7\],44.85µm
_04659_,44.8µm
_06201_,44.8µm
_06606_,44.8µm
_07411_,44.8µm
_08635_,44.8µm
_08953_,44.8µm
u_transform_scheduler_core.u_mixed_radix_butterfly.x2_i_ext\[14\],44.57µm
u_transform_scheduler_core.dft12_ram_i\[8\]\[10\],44.49µm
u_transform_scheduler_core.dft12_ram_i\[3\]\[6\],44.44µm
u_transform_scheduler_core.dft12_ram_i\[5\]\[9\],44.44µm
u_transform_scheduler_core.u_mixed_radix_butterfly.combine_half_sum_i_reg\[6\],44.44µm
_02357_,44.39µm
_03850_,44.39µm
u_transform_scheduler_core.dft12_ram_q\[1\]\[0\],44.39µm
u_transform_scheduler_core.dft12_ram_q\[4\]\[0\],44.39µm
u_transform_scheduler_core.ofdm_capture_busy,44.39µm
_07988_,44.34µm
u_transform_scheduler_core.dft12_ram_i\[8\]\[1\],44.34µm
u_transform_scheduler_core.dft12_ram_q\[9\]\[2\],44.34µm
u_transform_scheduler_core.ofdm_mem_addr\[0\],44.34µm
u_transform_scheduler_core.rx_state\[16\],44.34µm
_04556_,44.32µm
_02687_,44.29µm
_03871_,44.29µm
_04309_,44.29µm
_07712_,44.29µm
_08703_,44.29µm
output_left\[6\],44.29µm
u_transform_scheduler_core.dft12_sent_x2_i,44.29µm
u_transform_scheduler_core.mod_diag_X0_i\[2\],44.29µm
u_transform_scheduler_core.u_mixed_radix_butterfly.high_iq_reg\[1\],44.29µm
u_transform_scheduler_core.u_mixed_radix_butterfly.product_rr_reg\[16\],44.29µm
_02336_,44.24µm
_03639_,44.24µm
_04044_,44.24µm
_05885_,44.24µm
_07585_,44.24µm
_07590_,44.24µm
_07847_,44.24µm
u_transform_scheduler_core.dft12_ram_i\[6\]\[14\],43.88µm
u_transform_scheduler_core.u_fdiq_output_adapter.sample_q_reg\[8\],43.88µm
u_transform_scheduler_core.u_fft128_modulo_controller.fetch_group\[1\],43.88µm
u_transform_scheduler_core.u_tdiq_input_cp_remove.useful_sample_index\[4\],43.88µm
_08596_,43.83µm
u_transform_scheduler_core.dft12_ram_i\[0\]\[5\],43.83µm
u_transform_scheduler_core.u_mixed_radix_butterfly.x2_i_ext\[6\],43.83µm
_03783_,43.78µm
_08936_,43.78µm
u_transform_scheduler_core.dft12_ram_i\[3\]\[10\],43.78µm
u_transform_scheduler_core.ofdm_mem_addr\[2\],43.78µm
_02432_,43.73µm
_02768_,43.73µm
_04158_,43.73µm
_05777_,43.73µm
_06056_,43.73µm
echo_data\[7\],43.73µm
u_transform_scheduler_core.dft12_ram_i\[10\]\[8\],43.73µm
u_transform_scheduler_core.dft12_ram_i\[9\]\[14\],43.73µm
u_transform_scheduler_core.mod_diag_X0_q\[3\],43.73µm
_04322_,43.68µm
_06499_,43.68µm
_07268_,43.68µm
_08742_,43.68µm
u_transform_scheduler_core.mod_diag_X0_i\[13\],43.68µm
u_transform_scheduler_core.u_fft128_modulo_controller.fetch_x1_i\[2\],43.68µm
u_transform_scheduler_core.u_mixed_radix_butterfly.product_iq_reg\[21\],43.68µm
u_transform_scheduler_core.u_mixed_radix_butterfly.product_rr_reg\[6\],43.68µm
din[2],43.54µm
din[7],43.54µm
_02057_,43.45µm
u_transform_scheduler_core.u_mixed_radix_butterfly.product_ii_reg\[21\],43.37µm
_06085_,43.27µm
u_transform_scheduler_core.dft12_ram_i\[10\]\[6\],43.27µm
u_transform_scheduler_core.dft12_ram_q\[4\]\[14\],43.27µm
u_transform_scheduler_core.dft12_ram_q\[6\]\[2\],43.27µm
u_transform_scheduler_core.dft12_ram_q\[9\]\[12\],43.27µm
_07373_,43.22µm
_07582_,43.22µm
_08588_,43.22µm
u_transform_scheduler_core.dft12_ram_i\[10\]\[12\],43.22µm
u_transform_scheduler_core.dft12_ram_i\[3\]\[14\],43.22µm
u_transform_scheduler_core.dft12_ram_q\[0\]\[5\],43.22µm
u_transform_scheduler_core.u_mixed_radix_butterfly.x1_q_full,43.22µm
_00012_,43.17µm
_03198_,43.17µm
_03772_,43.17µm
_06176_,43.17µm
_07152_,43.17µm
_07186_,43.17µm
_07267_,43.17µm
_07399_,43.17µm
_08738_,43.17µm
u_transform_scheduler_core.dft12_ram_i\[7\]\[6\],43.17µm
u_transform_scheduler_core.ofdm_mem_addr\[6\],43.17µm
u_transform_scheduler_core.rx_dft12_index\[0\],43.17µm
_06478_,43.12µm
_08206_,43.12µm
u_transform_scheduler_core.dft12_ram_i\[7\]\[15\],43.12µm
u_transform_scheduler_core.result_meta_radix3\[0\]\[0\],43.12µm
u_transform_scheduler_core.u_fft_scratch_sram.saved_wdata\[21\],43.12µm
_07492_,42.89µm
_03879_,42.71µm
_07914_,42.71µm
u_transform_scheduler_core.dft12_ram_i\[3\]\[0\],42.71µm
u_transform_scheduler_core.dft12_ram_i\[8\]\[3\],42.71µm
u_transform_scheduler_core.dft12_ram_q\[3\]\[2\],42.71µm
u_transform_scheduler_core.dft12_ram_q\[9\]\[0\],42.71µm
u_transform_scheduler_core.u_mixed_radix_butterfly.x1_i_ext\[15\],42.71µm
_03739_,42.66µm
_08117_,42.66µm
_08381_,42.66µm
debug_addr\[1\],42.66µm
u_transform_scheduler_core.dft12_ram_q\[11\]\[13\],42.66µm
u_transform_scheduler_core.u_mixed_radix_butterfly.x1_q_ext\[12\],42.66µm
_03642_,42.61µm
_03666_,42.61µm
_03703_,42.61µm
u_transform_scheduler_core.dft12_ram_i\[1\]\[10\],42.61µm
u_transform_scheduler_core.mod_diag_X0_q\[7\],42.61µm
u_transform_scheduler_core.rx_fft128_index\[4\],42.61µm
u_transform_scheduler_core.u_mixed_radix_butterfly.x2_i_ext\[9\],42.61µm
_02120_,42.56µm
_02203_,42.56µm
_04001_,42.56µm
_05741_,42.56µm
_07546_,42.56µm
_07850_,42.56µm
u_transform_scheduler_core.dft12_ram_q\[9\]\[11\],42.56µm
clk_regs,42.56µm
dout[1],42.47µm
u_transform_scheduler_core.rx_small_x1_i\[8\],42.28µm
_08454_,42.15µm
u_transform_scheduler_core.dft12_ram_i\[9\]\[10\],42.15µm
u_transform_scheduler_core.dft12_ram_i\[9\]\[3\],42.15µm
u_transform_scheduler_core.dft12_ram_i\[9\]\[6\],42.15µm
u_transform_scheduler_core.dft12_ram_q\[8\]\[14\],42.15µm
u_transform_scheduler_core.u_mixed_radix_butterfly.arithmetic_x0_q_reg\[6\],42.15µm
u_transform_scheduler_core.u_mixed_radix_butterfly.high_rr_reg\[1\],42.15µm
_05505_,42.1µm
u_transform_scheduler_core.u_mixed_radix_butterfly.high_iq_reg\[3\],42.1µm
u_transform_scheduler_core.u_mixed_radix_butterfly.high_iq_reg\[4\],42.1µm
u_transform_scheduler_core.u_mixed_radix_butterfly.product_iq_reg\[22\],42.1µm
_03388_,42.05µm
_04434_,42.05µm
_04980_,42.05µm
_04999_,42.05µm
_07073_,42.05µm
_07216_,42.05µm
_07443_,42.05µm
debug_read_latch\[10\],42.05µm
output_left\[8\],42.05µm
u_transform_scheduler_core.dft12_ram_q\[6\]\[8\],42.05µm
u_transform_scheduler_core.fifo_x1_q\[0\]\[7\],42.05µm
u_transform_scheduler_core.u_fft128_modulo_controller.fetch_x1_i\[13\],42.05µm
u_transform_scheduler_core.u_mixed_radix_butterfly.high_rr_reg\[11\],42.05µm
top_state\[14\],42.02µm
_02068_,42µm
_03350_,42µm
_04350_,42µm
_04849_,42µm
u_transform_scheduler_core.u_fft128_modulo_controller.fetch_x1_q\[11\],42µm
u_transform_scheduler_core.u_fft_scratch_sram.u_hi.macro_wdata\[3\],41.86µm
u_transform_scheduler_core.mod_diag_X0_q\[8\],41.77µm
u_transform_scheduler_core.dft12_ram_i\[3\]\[5\],41.59µm
u_transform_scheduler_core.dft12_ram_i\[6\]\[13\],41.59µm
u_transform_scheduler_core.dft12_ram_q\[3\]\[9\],41.59µm
_03779_,41.54µm
_04487_,41.54µm
_05591_,41.54µm
_06069_,41.54µm
_07658_,41.54µm
_07895_,41.54µm
_08499_,41.54µm
u_transform_scheduler_core.dft12_ram_q\[3\]\[6\],41.54µm
u_transform_scheduler_core.result_meta_radix3\[1\]\[0\],41.54µm
u_transform_scheduler_core.u_mixed_radix_butterfly.premultiply_half_sum_i_reg\[10\],41.54µm
u_transform_scheduler_core.u_mixed_radix_butterfly.twiddle_im_reg\[4\],41.54µm
_04372_,41.49µm
_04522_,41.49µm
_04706_,41.49µm
_05563_,41.49µm
_06411_,41.49µm
u_transform_scheduler_core.dft12_ram_q\[1\]\[10\],41.49µm
u_transform_scheduler_core.mod_diag_X1_i\[0\],41.49µm
u_transform_scheduler_core.u_mixed_radix_butterfly.product_ii_reg\[18\],41.49µm
u_transform_scheduler_core.u_mixed_radix_butterfly.x0_i_ext\[12\],41.49µm
_04344_,41.44µm
_07962_,41.44µm
_08416_,41.44µm
debug_wdata\[2\],41.44µm
u_transform_scheduler_core.u_fdiq_output_adapter.sample_q_reg\[9\],41.44µm
dout[5],41.35µm
_02193_,41.03µm
_05311_,41.03µm
u_transform_scheduler_core.dft12_ram_i\[1\]\[9\],41.03µm
u_transform_scheduler_core.ofdm_sample_i\[1\],41.03µm
u_transform_scheduler_core.tx_mem_addr\[3\],41.03µm
u_transform_scheduler_core.u_mixed_radix_butterfly.high_rr_reg\[2\],41.03µm
u_transform_scheduler_core.u_mixed_radix_butterfly.low_rr_reg\[14\],41.03µm
u_transform_scheduler_core.u_tdiq_output_cp_insert.requests_left\[5\],41.03µm
_03865_,40.98µm
_04352_,40.98µm
_07860_,40.98µm
u_transform_scheduler_core.dft12_ram_q\[1\]\[3\],40.98µm
u_transform_scheduler_core.tx_mem_addr\[4\],40.98µm
u_transform_scheduler_core.u_subcarrier_mapper.clear_index\[0\],40.98µm
_03487_,40.93µm
_04365_,40.93µm
_04458_,40.93µm
_05170_,40.93µm
_05502_,40.93µm
_08658_,40.93µm
u_transform_scheduler_core.u_fft128_modulo_controller.fetch_x1_q\[10\],40.93µm
u_transform_scheduler_core.u_fft128_modulo_controller.fetch_x1_q\[4\],40.93µm
u_transform_scheduler_core.u_fft128_modulo_controller.result_group\[2\],40.93µm
_04210_,40.88µm
_04223_,40.88µm
_05321_,40.88µm
_06320_,40.88µm
_07923_,40.88µm
u_transform_scheduler_core.u_mixed_radix_butterfly.arithmetic_x0_q_reg\[2\],40.88µm
u_transform_scheduler_core.u_mixed_radix_butterfly.combine_uop_reg\[1\],40.88µm
u_transform_scheduler_core.u_mixed_radix_butterfly.x0_q_ext\[15\],40.88µm
top_state\[1\],40.57µm
u_transform_scheduler_core.dft12_ram_q\[8\]\[2\],40.47µm
u_transform_scheduler_core.mod_diag_X1_i\[2\],40.47µm
u_transform_scheduler_core.u_mixed_radix_butterfly.low_rr_reg\[16\],40.47µm
u_transform_scheduler_core.u_mixed_radix_butterfly.product_rq_reg\[5\],40.47µm
u_transform_scheduler_core.u_mixed_radix_butterfly.x2_q_ext\[11\],40.47µm
_02528_,40.42µm
_03506_,40.42µm
_03511_,40.42µm
_04347_,40.42µm
_04471_,40.42µm
_04534_,40.42µm
_05961_,40.42µm
_08123_,40.42µm
_08154_,40.42µm
debug_read_latch\[11\],40.42µm
u_transform_scheduler_core.u_mixed_radix_butterfly.scalar_coefficient\[7\],40.42µm
u_transform_scheduler_core.u_mixed_radix_butterfly.x1_i_ext\[2\],40.42µm
_03559_,40.37µm
_03924_,40.37µm
_03983_,40.37µm
_07818_,40.37µm
u_transform_scheduler_core.dft12_ram_i\[4\]\[1\],40.37µm
u_transform_scheduler_core.dft12_ram_q\[7\]\[6\],40.37µm
u_transform_scheduler_core.u_mixed_radix_butterfly.low_iq_reg\[9\],40.37µm
u_transform_scheduler_core.u_mixed_radix_butterfly.low_rq_reg\[16\],40.37µm
u_transform_scheduler_core.u_mixed_radix_butterfly.premultiply_half_sum_q_reg\[13\],40.37µm
_01186_,40.32µm
_05239_,40.32µm
_05352_,40.32µm
_06551_,40.32µm
_07434_,40.32µm
u_transform_scheduler_core.tx_dout\[2\],40.32µm
u_transform_scheduler_core.tx_sample_index\[0\],40.32µm
u_transform_scheduler_core.u_fdiq_output_adapter.sample_i_reg\[10\],40.32µm
u_transform_scheduler_core.u_mixed_radix_butterfly.low_rr_reg\[12\],40.32µm
u_transform_scheduler_core.dft12_ram_i\[10\]\[15\],40.24µm
_03693_,39.91µm
_07421_,39.91µm
u_transform_scheduler_core.dft12_ram_q\[0\]\[3\],39.91µm
u_transform_scheduler_core.dft12_ram_q\[0\]\[9\],39.91µm
u_transform_scheduler_core.u_mixed_radix_butterfly.combine_half_sum_i_reg\[4\],39.91µm
u_transform_scheduler_core.u_mixed_radix_butterfly.product_ii_reg\[0\],39.91µm
u_transform_scheduler_core.u_mixed_radix_butterfly.x0_q_full,39.91µm
_02126_,39.86µm
u_transform_scheduler_core.dft12_ram_i\[0\]\[1\],39.86µm
u_transform_scheduler_core.u_mixed_radix_butterfly.product_iq_reg\[17\],39.86µm
u_transform_scheduler_core.u_mixed_radix_butterfly.x2_q_ext\[4\],39.86µm
_03187_,39.81µm
_03829_,39.81µm
_03844_,39.81µm
_05336_,39.81µm
_07209_,39.81µm
u_transform_scheduler_core.dft12_ram_q\[5\]\[1\],39.81µm
u_transform_scheduler_core.u_mixed_radix_butterfly.high_rq_reg\[10\],39.81µm
u_transform_scheduler_core.u_mixed_radix_butterfly.low_rq_reg\[5\],39.81µm
_03664_,39.76µm
_04302_,39.76µm
_05873_,39.76µm
_07727_,39.76µm
din_ready_o,39.62µm
_05492_,39.605µm
u_transform_scheduler_core.dft12_ram_i\[11\]\[7\],39.4µm
_07750_,39.35µm
_08159_,39.35µm
u_transform_scheduler_core.dft12_ram_i\[10\]\[4\],39.35µm
u_transform_scheduler_core.dft12_ram_i\[8\]\[13\],39.35µm
u_transform_scheduler_core.dft12_ram_q\[1\]\[11\],39.35µm
u_transform_scheduler_core.dft12_ram_q\[1\]\[13\],39.35µm
u_transform_scheduler_core.dft12_sent_uop,39.35µm
u_transform_scheduler_core.mod_diag_X0_q\[1\],39.35µm
u_transform_scheduler_core.u_mixed_radix_butterfly.final_scalar_product_reg\[12\],39.35µm
_02527_,39.3µm
_05387_,39.3µm
u_transform_scheduler_core.dft12_ram_i\[10\]\[3\],39.3µm
u_transform_scheduler_core.dft12_ram_q\[4\]\[11\],39.3µm
u_transform_scheduler_core.dft12_ram_q\[8\]\[13\],39.3µm
u_transform_scheduler_core.rx_fft128_index\[6\],39.3µm
u_transform_scheduler_core.u_mixed_radix_butterfly.low_ii_reg\[13\],39.3µm
u_transform_scheduler_core.u_mixed_radix_butterfly.low_ii_reg\[5\],39.3µm
u_transform_scheduler_core.u_mixed_radix_butterfly.product_rr_reg\[9\],39.3µm
_03567_,39.25µm
_04049_,39.25µm
_06454_,39.25µm
_07523_,39.25µm
_08654_,39.25µm
_08808_,39.25µm
u_transform_scheduler_core.dft12_ram_q\[7\]\[12\],39.25µm
u_transform_scheduler_core.u_fdiq_input_adapter.held_i\[5\],39.25µm
u_transform_scheduler_core.u_fft128_modulo_controller.pending_diag,39.25µm
_05678_,39.2µm
_07175_,39.2µm
u_transform_scheduler_core.u_fft_scratch_sram.u_lo.macro_addr\[3\],39.06µm
u_transform_scheduler_core.dft12_ram_q\[9\]\[15\],38.84µm
_02501_,38.79µm
_05554_,38.79µm
u_transform_scheduler_core.dft12_ram_i\[11\]\[8\],38.79µm
u_transform_scheduler_core.dft12_ram_i\[8\]\[15\],38.79µm
u_transform_scheduler_core.u_fft128_modulo_controller.result_group\[5\],38.79µm
u_transform_scheduler_core.u_mixed_radix_butterfly.combine_half_sum_i_reg\[12\],38.79µm
u_transform_scheduler_core.u_tdiq_input_cp_remove.input_sample_index\[2\],38.79µm
u_transform_scheduler_core.u_tdiq_output_cp_insert.requests_left\[4\],38.79µm
_04047_,38.74µm
_04099_,38.74µm
_07281_,38.74µm
_07509_,38.74µm
_08959_,38.74µm
u_serializer.byte_index\[0\],38.74µm
u_transform_scheduler_core.dft12_ram_i\[0\]\[10\],38.74µm
u_transform_scheduler_core.dft12_ram_i\[7\]\[11\],38.74µm
u_transform_scheduler_core.dft12_ram_i\[7\]\[13\],38.74µm
u_transform_scheduler_core.u_mixed_radix_butterfly.low_rr_reg\[9\],38.74µm
u_transform_scheduler_core.u_mixed_radix_butterfly.x1_i_ext\[7\],38.74µm
_02109_,38.69µm
_02325_,38.69µm
_04264_,38.69µm
_08819_,38.69µm
_05787_,38.64µm
_07973_,38.64µm
_08823_,38.64µm
u_transform_scheduler_core.u_mixed_radix_butterfly.product_rr_reg\[5\],38.64µm
u_transform_scheduler_core.u_mixed_radix_butterfly.x1_i_ext\[14\],38.64µm
dout[2],38.5µm
u_transform_scheduler_core.dft12_ram_q\[7\]\[14\],38.28µm
_04123_,38.23µm
_06112_,38.23µm
u_transform_scheduler_core.dft12_ram_i\[7\]\[8\],38.23µm
u_transform_scheduler_core.dft12_ram_q\[0\]\[4\],38.23µm
u_transform_scheduler_core.dft12_ram_q\[9\]\[3\],38.23µm
u_transform_scheduler_core.u_mixed_radix_butterfly.high_rq_reg\[12\],38.23µm
u_transform_scheduler_core.u_mixed_radix_butterfly.low_iq_reg\[14\],38.23µm
_05513_,38.18µm
_08063_,38.18µm
_08371_,38.18µm
_08606_,38.18µm
u_transform_scheduler_core.dft12_ram_q\[9\]\[14\],38.18µm
u_transform_scheduler_core.mod_diag_X1_q\[5\],38.18µm
u_transform_scheduler_core.rx_fft128_index\[3\],38.18µm
u_transform_scheduler_core.u_fft_scratch_sram.i_half\[9\],38.18µm
u_transform_scheduler_core.u_mixed_radix_butterfly.product_iq_reg\[6\],38.18µm
u_transform_scheduler_core.u_mixed_radix_butterfly.twiddle_re_reg\[5\],38.18µm
_01408_,38.13µm
_02684_,38.13µm
_02720_,38.13µm
_03182_,38.13µm
_03432_,38.13µm
_03898_,38.13µm
_04100_,38.13µm
_04171_,38.13µm
_04949_,38.13µm
_05185_,38.13µm
_06503_,38.13µm
_07778_,38.13µm
_08585_,38.13µm
debug_read_latch\[3\],38.13µm
u_transform_scheduler_core.dft12_ram_i\[8\]\[11\],38.13µm
u_transform_scheduler_core.result_meta_read_pointer\[0\],38.13µm
u_transform_scheduler_core.u_mixed_radix_butterfly.combine_half_sum_q_reg\[3\],38.13µm
u_transform_scheduler_core.u_mixed_radix_butterfly.high_iq_reg\[5\],38.13µm
u_transform_scheduler_core.u_mixed_radix_butterfly.low_rq_reg\[4\],38.13µm
u_transform_scheduler_core.u_tdiq_input_cp_remove.input_sample_index\[4\],38.13µm
_02019_,38.08µm
_04208_,38.08µm
_04269_,38.08µm
_07234_,38.08µm
_07755_,38.08µm
_08495_,38.08µm
u_transform_scheduler_core.dft12_ram_i\[9\]\[5\],38.08µm
u_transform_scheduler_core.tx_sample_index\[3\],38.08µm
u_transform_scheduler_core.dft12_ram_i\[8\]\[12\],38.01µm
u_transform_scheduler_core.dft12_ram_q\[9\]\[5\],37.72µm
u_transform_scheduler_core.u_mixed_radix_butterfly.product_iq_reg\[11\],37.67µm
u_transform_scheduler_core.u_tdiq_output_cp_insert.responses_left\[0\],37.67µm
_03996_,37.62µm
_05705_,37.62µm
_06068_,37.62µm
_06070_,37.62µm
u_transform_scheduler_core.dft12_ram_i\[9\]\[4\],37.62µm
u_transform_scheduler_core.rx_dft12_index\[1\],37.62µm
u_transform_scheduler_core.tx_sample_i\[0\],37.62µm
u_transform_scheduler_core.u_fdiq_input_adapter.held_i\[4\],37.62µm
u_transform_scheduler_core.u_fft128_modulo_controller.read_issue_count\[2\],37.62µm
u_transform_scheduler_core.u_mixed_radix_butterfly.low_rq_reg\[15\],37.62µm
u_transform_scheduler_core.u_mixed_radix_butterfly.product_ii_reg\[13\],37.62µm
u_transform_scheduler_core.u_mixed_radix_butterfly.product_rq_reg\[21\],37.62µm
_06296_,37.6µm
_02036_,37.57µm
_02200_,37.57µm
_02696_,37.57µm
_03837_,37.57µm
_07318_,37.57µm
_07876_,37.57µm
_07967_,37.57µm
_08430_,37.57µm
u_transform_scheduler_core.dft12_ram_q\[6\]\[12\],37.57µm
u_transform_scheduler_core.tx_sample_i\[1\],37.57µm
u_transform_scheduler_core.tx_sample_q\[3\],37.57µm
u_transform_scheduler_core.u_fft_scratch_sram.macro_wdata\[9\],37.57µm
u_transform_scheduler_core.u_mixed_radix_butterfly.product_ii_reg\[14\],37.57µm
u_transform_scheduler_core.u_mixed_radix_butterfly.x0_q_ext\[1\],37.57µm
_01986_,37.52µm
_02538_,37.52µm
_03794_,37.52µm
_03835_,37.52µm
_05819_,37.52µm
_05931_,37.52µm
_07185_,37.52µm
_07504_,37.52µm
_08458_,37.52µm
u_transform_scheduler_core.u_mixed_radix_butterfly.x1_i_ext\[12\],37.52µm
_07736_,37.16µm
u_transform_scheduler_core.u_fft128_modulo_controller.fetch_x1_i\[9\],37.16µm
_02340_,37.11µm
_04384_,37.11µm
u_transform_scheduler_core.dft12_ram_i\[11\]\[12\],37.11µm
u_transform_scheduler_core.dft12_ram_i\[3\]\[2\],37.11µm
_02191_,37.06µm
_02504_,37.06µm
_03334_,37.06µm
_04824_,37.06µm
_07140_,37.06µm
_07334_,37.06µm
_07804_,37.06µm
_08383_,37.06µm
_08864_,37.06µm
_08915_,37.06µm
_08979_,37.06µm
u_transform_scheduler_core.dft12_ram_q\[8\]\[10\],37.06µm
u_transform_scheduler_core.dft12_ram_q\[8\]\[8\],37.06µm
u_transform_scheduler_core.u_fdiq_input_adapter.held_i\[2\],37.06µm
u_transform_scheduler_core.u_fft128_modulo_controller.fetch_x1_i\[4\],37.06µm
u_transform_scheduler_core.u_tdiq_output_cp_insert.requests_left\[3\],37.06µm
_08084_,37.05µm
_02211_,37.01µm
_03337_,37.01µm
_03987_,37.01µm
_04420_,37.01µm
_04459_,37.01µm
_04917_,37.01µm
_06619_,37.01µm
_06684_,37.01µm
input_left\[4\],37.01µm
u_transform_scheduler_core.fft_mem_rdata\[4\],37.01µm
u_transform_scheduler_core.mod_diag_X0_i\[12\],37.01µm
u_transform_scheduler_core.u_fft_scratch_sram.saved_addr\[2\],37.01µm
u_transform_scheduler_core.u_mixed_radix_butterfly.low_rr_reg\[13\],37.01µm
_02183_,36.96µm
_03096_,36.96µm
_03478_,36.96µm
_05473_,36.96µm
_06578_,36.96µm
_07159_,36.96µm
u_transform_scheduler_core.tx_sample_i\[4\],36.96µm
u_transform_scheduler_core.u_fft128_modulo_controller.fetch_x1_i\[15\],36.96µm
_04225_,36.78µm
u_transform_scheduler_core.u_mixed_radix_butterfly.combine_half_sum_q_reg\[6\],36.73µm
u_transform_scheduler_core.dft12_ram_q\[4\]\[5\],36.6µm
u_transform_scheduler_core.dft12_ram_q\[0\]\[13\],36.55µm
_04066_,36.5µm
_07618_,36.5µm
_07790_,36.5µm
_07955_,36.5µm
_08646_,36.5µm
_08855_,36.5µm
input_left\[7\],36.5µm
u_transform_scheduler_core.dft12_ram_q\[6\]\[15\],36.5µm
u_transform_scheduler_core.mod_diag_X0_i\[14\],36.5µm
u_transform_scheduler_core.mod_diag_X0_i\[8\],36.5µm
u_transform_scheduler_core.mod_diag_X1_q\[3\],36.5µm
u_transform_scheduler_core.u_fft128_modulo_controller.fetch_x1_i\[12\],36.5µm
u_transform_scheduler_core.u_fft128_modulo_controller.result_group\[4\],36.5µm
u_transform_scheduler_core.u_mixed_radix_butterfly.x2_q_ext\[1\],36.5µm
_01046_,36.45µm
_02329_,36.45µm
_03868_,36.45µm
_03876_,36.45µm
_05271_,36.45µm
_06089_,36.45µm
_06253_,36.45µm
_07181_,36.45µm
debug_wdata\[15\],36.45µm
u_transform_scheduler_core.dft12_ram_i\[3\]\[9\],36.45µm
u_transform_scheduler_core.u_mixed_radix_butterfly.arithmetic_x0_q_reg\[9\],36.45µm
u_transform_scheduler_core.u_mixed_radix_butterfly.final_scalar_product_reg\[3\],36.45µm
u_transform_scheduler_core.u_mixed_radix_butterfly.low_rq_reg\[13\],36.45µm
u_transform_scheduler_core.u_mixed_radix_butterfly.product_ii_reg\[3\],36.45µm
_02823_,36.4µm
_03431_,36.4µm
_03448_,36.4µm
_03463_,36.4µm
_04214_,36.4µm
_04526_,36.4µm
_05076_,36.4µm
_05460_,36.4µm
_06334_,36.4µm
u_transform_scheduler_core.mod_x0_i\[12\],36.4µm
_03998_,36.04µm
_07352_,35.99µm
u_serializer.byte_index\[2\],35.99µm
u_transform_scheduler_core.u_fft128_modulo_controller.fetch_x1_q\[7\],35.99µm
u_transform_scheduler_core.u_mixed_radix_butterfly.high_rr_reg\[7\],35.99µm
u_transform_scheduler_core.u_mixed_radix_butterfly.product_rq_reg\[16\],35.99µm
_03915_,35.94µm
_04023_,35.94µm
_04469_,35.94µm
_06086_,35.94µm
_07306_,35.94µm
_07439_,35.94µm
_07983_,35.94µm
debug_wdata\[10\],35.94µm
u_transform_scheduler_core.mod_diag_X1_q\[4\],35.94µm
u_transform_scheduler_core.tx_ifft_block_ready,35.94µm
u_transform_scheduler_core.u_mixed_radix_butterfly.product_ii_reg\[6\],35.94µm
_04547_,35.89µm
_04952_,35.89µm
_05276_,35.89µm
_05688_,35.89µm
_08861_,35.89µm
output_left\[3\],35.89µm
u_transform_scheduler_core.dft12_ram_i\[7\]\[1\],35.89µm
u_transform_scheduler_core.dft12_ram_i\[8\]\[9\],35.89µm
u_transform_scheduler_core.fifo_x2_i\[0\]\[4\],35.89µm
u_transform_scheduler_core.rx_state\[14\],35.89µm
u_transform_scheduler_core.u_fdiq_output_adapter.sample_q_reg\[12\],35.89µm
u_transform_scheduler_core.u_fft128_modulo_controller.fetch_x1_q\[3\],35.89µm
u_transform_scheduler_core.u_mixed_radix_butterfly.high_iq_reg\[10\],35.89µm
_02518_,35.84µm
_04619_,35.84µm
_05243_,35.84µm
_05753_,35.84µm
_06472_,35.84µm
_07329_,35.84µm
_08007_,35.84µm
_08427_,35.84µm
u_transform_scheduler_core.tx_dft12_hold_i\[2\]\[2\],35.84µm
u_transform_scheduler_core.dft12_ram_i\[6\]\[12\],35.48µm
_03815_,35.43µm
_03925_,35.43µm
_08624_,35.43µm
u_transform_scheduler_core.u_fft128_modulo_controller.fetch_x1_i\[14\],35.43µm
u_transform_scheduler_core.u_mixed_radix_butterfly.high_rq_reg\[11\],35.43µm
u_transform_scheduler_core.u_mixed_radix_butterfly.product_iq_reg\[10\],35.43µm
_02376_,35.38µm
_02524_,35.38µm
_03635_,35.38µm
_07406_,35.38µm
_07418_,35.38µm
_07578_,35.38µm
_07996_,35.38µm
_08283_,35.38µm
u_transform_scheduler_core.dft12_ram_i\[8\]\[5\],35.38µm
u_transform_scheduler_core.dft12_ram_q\[10\]\[10\],35.38µm
u_transform_scheduler_core.fft_mem_rdata\[20\],35.38µm
u_transform_scheduler_core.u_fft128_modulo_controller.fetch_x1_i\[8\],35.38µm
u_transform_scheduler_core.u_mixed_radix_butterfly.arithmetic_half_sum_q_reg\[14\],35.38µm
u_transform_scheduler_core.u_mixed_radix_butterfly.premultiply_x0_q_reg\[12\],35.38µm
u_transform_scheduler_core.u_mixed_radix_butterfly.product_ii_reg\[5\],35.38µm
u_transform_scheduler_core.u_mixed_radix_butterfly.product_rr_reg\[8\],35.38µm
_00178_,35.33µm
_02529_,35.33µm
_04195_,35.33µm
_04328_,35.33µm
_05147_,35.33µm
_05521_,35.33µm
_06117_,35.33µm
_07135_,35.33µm
_07340_,35.33µm
_08835_,35.33µm
u_transform_scheduler_core.dft12_block_ready,35.33µm
u_transform_scheduler_core.dft12_ram_q\[8\]\[6\],35.33µm
u_transform_scheduler_core.u_fdiq_output_adapter.state\[0\],35.33µm
u_transform_scheduler_core.u_mixed_radix_butterfly.premultiply_x0_i_reg\[6\],35.33µm
_02767_,35.28µm
_03211_,35.28µm
_04098_,35.28µm
_04822_,35.28µm
_04916_,35.28µm
_06094_,35.28µm
_06468_,35.28µm
u_transform_scheduler_core.dft12_ram_i\[6\]\[5\],35.28µm
u_transform_scheduler_core.u_fft_scratch_sram.saved_wdata\[24\],35.28µm
u_transform_scheduler_core.u_tdiq_output_cp_insert.responses_left\[7\],35.28µm
_03909_,34.92µm
u_transform_scheduler_core.dft12_ram_i\[3\]\[4\],34.92µm
_08262_,34.87µm
_08706_,34.87µm
u_transform_scheduler_core.dft12_ram_i\[6\]\[3\],34.87µm
u_transform_scheduler_core.dft12_ram_q\[9\]\[13\],34.87µm
_04780_,34.82µm
_07264_,34.82µm
_07516_,34.82µm
_07776_,34.82µm
_08065_,34.82µm
_08267_,34.82µm
_08323_,34.82µm
input_left\[8\],34.82µm
output_left\[7\],34.82µm
u_transform_scheduler_core.dft12_ram_i\[4\]\[0\],34.82µm
u_transform_scheduler_core.dft12_ram_q\[10\]\[12\],34.82µm
u_transform_scheduler_core.tx_dft12_hold_i\[1\]\[1\],34.82µm
u_transform_scheduler_core.tx_input_write,34.82µm
u_transform_scheduler_core.u_mixed_radix_butterfly.combine_half_sum_q_reg\[2\],34.82µm
_04509_,34.8µm
_00203_,34.77µm
_02029_,34.77µm
_02510_,34.77µm
_02522_,34.77µm
_03591_,34.77µm
_06024_,34.77µm
_08641_,34.77µm
u_transform_scheduler_core.fft_mem_rdata\[17\],34.77µm
u_transform_scheduler_core.u_fft_scratch_sram.saved_wdata\[22\],34.77µm
u_transform_scheduler_core.u_mixed_radix_butterfly.arithmetic_x0_i_reg\[1\],34.77µm
_02224_,34.72µm
_03942_,34.72µm
_03991_,34.72µm
_04202_,34.72µm
_04262_,34.72µm
_04712_,34.72µm
_05625_,34.72µm
_08067_,34.72µm
_08127_,34.72µm
_08162_,34.72µm
_08751_,34.72µm
_08765_,34.72µm
u_transform_scheduler_core.dft12_ram_q\[0\]\[7\],34.72µm
u_transform_scheduler_core.u_fft_scratch_sram.u_lo.macro_cen,34.58µm
_02396_,34.49µm
u_transform_scheduler_core.dft12_ram_q\[4\]\[9\],34.415µm
u_transform_scheduler_core.dft12_ram_i\[4\]\[12\],34.36µm
u_transform_scheduler_core.dft12_ram_q\[4\]\[4\],34.36µm
_06116_,34.31µm
_06154_,34.31µm
u_transform_scheduler_core.u_mixed_radix_butterfly.arithmetic_x0_q_reg\[8\],34.31µm
u_transform_scheduler_core.u_tdiq_input_cp_remove.input_sample_index\[6\],34.31µm
_02443_,34.26µm
_04820_,34.26µm
_05837_,34.26µm
_08234_,34.26µm
_08648_,34.26µm
u_transform_scheduler_core.dft12_ram_i\[7\]\[4\],34.26µm
u_transform_scheduler_core.mod_x0_i\[15\],34.26µm
u_transform_scheduler_core.mod_x0_q\[12\],34.26µm
u_transform_scheduler_core.tx_dft12_hold_i\[2\]\[3\],34.26µm
u_transform_scheduler_core.u_mixed_radix_butterfly.high_iq_reg\[0\],34.26µm
u_transform_scheduler_core.u_mixed_radix_butterfly.multiply_phase\[0\],34.26µm
_01993_,34.21µm
_05323_,34.21µm
_06135_,34.21µm
_06600_,34.21µm
_06788_,34.21µm
_08202_,34.21µm
_08281_,34.21µm
_08713_,34.21µm
u_transform_scheduler_core.dft12_ram_q\[7\]\[4\],34.21µm
u_transform_scheduler_core.tx_sample_index\[1\],34.21µm
u_transform_scheduler_core.u_mixed_radix_butterfly.premultiply_input_q_reg\[11\],34.21µm
u_transform_scheduler_core.u_mixed_radix_butterfly.product_iq_reg\[13\],34.21µm
_00157_,34.16µm
_01253_,34.16µm
_02375_,34.16µm
_02658_,34.16µm
_02738_,34.16µm
_04657_,34.16µm
_07158_,34.16µm
_08030_,34.16µm
u_transform_scheduler_core.u_fdiq_input_adapter.held_i\[0\],34.16µm
u_transform_scheduler_core.u_mixed_radix_butterfly.product_rr_reg\[7\],34.16µm
dout[6],34.02µm
u_transform_scheduler_core.u_mixed_radix_butterfly.x2_q_ext\[10\],33.98µm
u_transform_scheduler_core.fifo_x1_q\[0\]\[2\],33.8µm
u_transform_scheduler_core.dft12_ram_i\[9\]\[8\],33.75µm
_02079_,33.7µm
_02487_,33.7µm
_05519_,33.7µm
_07468_,33.7µm
_07505_,33.7µm
_07536_,33.7µm
_08017_,33.7µm
u_transform_scheduler_core.dft12_ram_q\[6\]\[11\],33.7µm
u_transform_scheduler_core.mod_diag_X1_q\[7\],33.7µm
u_transform_scheduler_core.u_mixed_radix_butterfly.arithmetic_x0_i_reg\[0\],33.7µm
u_transform_scheduler_core.u_mixed_radix_butterfly.premultiply_half_sum_q_reg\[14\],33.7µm
u_transform_scheduler_core.u_mixed_radix_butterfly.product_rq_reg\[6\],33.7µm
u_transform_scheduler_core.u_mixed_radix_butterfly.x0_i_ext\[1\],33.7µm
_02107_,33.65µm
_05025_,33.65µm
_05299_,33.65µm
_06928_,33.65µm
_07401_,33.65µm
_07531_,33.65µm
_07592_,33.65µm
_07753_,33.65µm
_07849_,33.65µm
_08101_,33.65µm
_08107_,33.65µm
_08368_,33.65µm
_08897_,33.65µm
u_transform_scheduler_core.dft12_ram_i\[0\]\[7\],33.65µm
u_transform_scheduler_core.dft12_ram_i\[10\]\[14\],33.65µm
u_transform_scheduler_core.dft12_ram_i\[1\]\[1\],33.65µm
u_transform_scheduler_core.u_mixed_radix_butterfly.arithmetic_sum_q_reg\[0\],33.65µm
net214,33.65µm
_02278_,33.6µm
_02737_,33.6µm
_07349_,33.6µm
_08105_,33.6µm
u_transform_scheduler_core.mod_x0_q\[7\],33.6µm
u_transform_scheduler_core.tx_dft12_hold_q\[0\]\[7\],33.6µm
u_transform_scheduler_core.u_fft_scratch_sram.saved_wdata\[20\],33.6µm
u_transform_scheduler_core.u_tdiq_input_cp_remove.held_i\[5\],33.6µm
u_transform_scheduler_core.u_fft_scratch_sram.u_lo.macro_addr\[4\],33.46µm
_07315_,33.19µm
_07916_,33.19µm
u_transform_scheduler_core.u_mixed_radix_butterfly.high_rq_reg\[4\],33.19µm
_02475_,33.14µm
_04120_,33.14µm
_04145_,33.14µm
_06157_,33.14µm
_07312_,33.14µm
_07357_,33.14µm
_08486_,33.14µm
_03201_,33.09µm
_05304_,33.09µm
_07758_,33.09µm
_08775_,33.09µm
u_transform_scheduler_core.u_fft_scratch_sram.i_half\[8\],33.09µm
u_transform_scheduler_core.u_mixed_radix_butterfly.combine_x0_q_reg\[5\],33.09µm
u_transform_scheduler_core.u_mixed_radix_butterfly.x1_q_ext\[4\],33.09µm
_02690_,33.04µm
_04127_,33.04µm
_05215_,33.04µm
_05742_,33.04µm
_05948_,33.04µm
_07367_,33.04µm
_07696_,33.04µm
_07767_,33.04µm
_07987_,33.04µm
_08355_,33.04µm
_08972_,33.04µm
u_transform_scheduler_core.u_mixed_radix_butterfly.product_rq_reg\[4\],33.04µm
_07573_,32.73µm
_03584_,32.63µm
_07729_,32.63µm
_07936_,32.63µm
u_transform_scheduler_core.u_fdiq_input_adapter.final_sample_pending,32.63µm
u_transform_scheduler_core.u_fdiq_output_adapter.sample_q_reg\[10\],32.63µm
u_transform_scheduler_core.u_mixed_radix_butterfly.low_rq_reg\[14\],32.63µm
u_transform_scheduler_core.u_tdiq_output_cp_insert.responses_left\[6\],32.63µm
_02004_,32.58µm
_02280_,32.58µm
_04094_,32.58µm
_04150_,32.58µm
_04360_,32.58µm
_08322_,32.58µm
debug_read_latch\[9\],32.58µm
top_state\[12\],32.58µm
u_transform_scheduler_core.mod_diag_X1_i\[15\],32.58µm
u_transform_scheduler_core.ofdm_output_done,32.58µm
u_transform_scheduler_core.rx_small_x0_q\[10\],32.58µm
u_transform_scheduler_core.rx_state\[8\],32.58µm
u_transform_scheduler_core.tx_sample_i\[2\],32.58µm
u_transform_scheduler_core.u_mixed_radix_butterfly.product_rq_reg\[15\],32.58µm
u_transform_scheduler_core.u_tdiq_input_cp_remove.input_sample_index\[3\],32.58µm
_00001_,32.53µm
_02425_,32.53µm
_03285_,32.53µm
_03943_,32.53µm
_04543_,32.53µm
_04566_,32.53µm
_04894_,32.53µm
_05883_,32.53µm
_07397_,32.53µm
_08954_,32.53µm
u_transform_scheduler_core.dft12_ram_i\[7\]\[12\],32.53µm
u_transform_scheduler_core.dft12_ram_q\[6\]\[6\],32.53µm
u_transform_scheduler_core.mod_diag_X0_q\[11\],32.53µm
u_transform_scheduler_core.u_mixed_radix_butterfly.low_ii_reg\[16\],32.53µm
u_transform_scheduler_core.u_mixed_radix_butterfly.premultiply_half_sum_i_reg\[12\],32.53µm
u_transform_scheduler_core.u_mixed_radix_butterfly.premultiply_x0_q_reg\[13\],32.53µm
_02380_,32.48µm
_03460_,32.48µm
_04192_,32.48µm
_05195_,32.48µm
_05694_,32.48µm
_06654_,32.48µm
_06682_,32.48µm
_07979_,32.48µm
_08109_,32.48µm
u_transform_scheduler_core.dft12_ram_q\[7\]\[13\],32.48µm
u_transform_scheduler_core.dft12_ram_q\[6\]\[5\],32.445µm
u_transform_scheduler_core.u_fft_scratch_sram.u_lo.macro_wdata\[2\],32.39µm
u_transform_scheduler_core.u_fft_scratch_sram.u_lo.macro_addr\[2\],32.34µm
u_transform_scheduler_core.u_fft_scratch_sram.u_lo.macro_wdata\[4\],32.34µm
u_transform_scheduler_core.dft12_ram_i\[3\]\[8\],32.2µm
u_transform_scheduler_core.dft12_ram_q\[8\]\[7\],32.12µm
_02404_,32.07µm
_03885_,32.07µm
_04200_,32.07µm
_07456_,32.07µm
_02456_,32.02µm
_03926_,32.02µm
_05566_,32.02µm
_06265_,32.02µm
_07805_,32.02µm
_08155_,32.02µm
_08549_,32.02µm
u_transform_scheduler_core.dft12_ram_q\[0\]\[2\],32.02µm
u_transform_scheduler_core.dft12_ram_q\[7\]\[8\],32.02µm
u_transform_scheduler_core.result_meta_inverse\[0\]\[0\],32.02µm
u_transform_scheduler_core.tx_dft12_hold_q\[2\]\[2\],32.02µm
u_transform_scheduler_core.u_mixed_radix_butterfly.arithmetic_half_sum_q_reg\[15\],32.02µm
u_transform_scheduler_core.u_mixed_radix_butterfly.low_ii_reg\[2\],32.02µm
u_transform_scheduler_core.u_mixed_radix_butterfly.premultiply_x0_i_reg\[9\],32.02µm
_02128_,31.97µm
_02898_,31.97µm
_03266_,31.97µm
_04144_,31.97µm
_04267_,31.97µm
_04285_,31.97µm
_04461_,31.97µm
_04477_,31.97µm
_04515_,31.97µm
_04699_,31.97µm
_05833_,31.97µm
_06879_,31.97µm
_07307_,31.97µm
_07507_,31.97µm
_07527_,31.97µm
_07689_,31.97µm
u_transform_scheduler_core.dft12_ram_q\[4\]\[12\],31.97µm
u_transform_scheduler_core.result_meta_radix3\[2\]\[0\],31.97µm
u_transform_scheduler_core.rx_small_x1_i\[2\],31.97µm
u_transform_scheduler_core.u_mixed_radix_butterfly.x0_i_ext\[4\],31.97µm
_02455_,31.92µm
_03207_,31.92µm
_03274_,31.92µm
_03552_,31.92µm
_05198_,31.92µm
_05485_,31.92µm
_05973_,31.92µm
_06097_,31.92µm
_06541_,31.92µm
_08184_,31.92µm
_08740_,31.92µm
_08902_,31.92µm
u_transform_scheduler_core.tx_dft12_hold_q\[2\]\[12\],31.92µm
u_transform_scheduler_core.u_mixed_radix_butterfly.low_iq_reg\[2\],31.92µm
_04516_,31.74µm
_08567_,31.51µm
u_transform_scheduler_core.dft12_ram_q\[3\]\[0\],31.51µm
u_transform_scheduler_core.fifo_x0_q\[0\]\[1\],31.51µm
_01998_,31.46µm
_02248_,31.46µm
_02256_,31.46µm
_03549_,31.46µm
_05290_,31.46µm
_06764_,31.46µm
_08386_,31.46µm
_08699_,31.46µm
u_transform_scheduler_core.dft12_ram_i\[7\]\[2\],31.46µm
u_transform_scheduler_core.dft12_ram_q\[0\]\[12\],31.46µm
u_transform_scheduler_core.fft_mem_rdata\[24\],31.46µm
u_transform_scheduler_core.u_mixed_radix_butterfly.product_ii_reg\[15\],31.46µm
u_transform_scheduler_core.u_mixed_radix_butterfly.uop_reg\[0\],31.46µm
_01081_,31.41µm
_01836_,31.41µm
_02255_,31.41µm
_03330_,31.41µm
_04936_,31.41µm
_05332_,31.41µm
_08052_,31.41µm
_08694_,31.41µm
_08696_,31.41µm
_08860_,31.41µm
_08957_,31.41µm
u_transform_scheduler_core.dft12_ram_i\[7\]\[3\],31.41µm
u_transform_scheduler_core.u_fft_scratch_sram.saved_addr\[0\],31.41µm
u_transform_scheduler_core.u_mixed_radix_butterfly.arithmetic_half_sum_i_reg\[15\],31.41µm
u_transform_scheduler_core.u_mixed_radix_butterfly.low_rq_reg\[12\],31.41µm
u_transform_scheduler_core.u_mixed_radix_butterfly.low_rr_reg\[1\],31.41µm
u_transform_scheduler_core.u_mixed_radix_butterfly.product_ii_reg\[19\],31.41µm
u_transform_scheduler_core.u_mixed_radix_butterfly.product_rq_reg\[11\],31.41µm
_02213_,31.36µm
_03864_,31.36µm
_05836_,31.36µm
_06270_,31.36µm
_08077_,31.36µm
_08573_,31.36µm
u_transform_scheduler_core.u_mixed_radix_butterfly.arithmetic_x0_i_reg\[8\],31.36µm
u_transform_scheduler_core.u_mixed_radix_butterfly.arithmetic_x0_i_reg\[9\],31.36µm
u_transform_scheduler_core.u_mixed_radix_butterfly.high_rq_reg\[0\],31.36µm
u_transform_scheduler_core.u_mixed_radix_butterfly.low_iq_reg\[3\],31.36µm
u_transform_scheduler_core.u_mixed_radix_butterfly.x0_i_ext\[0\],31.36µm
u_transform_scheduler_core.u_mixed_radix_butterfly.product_ii_reg\[10\],31.335µm
u_transform_scheduler_core.u_fft_scratch_sram.u_hi.macro_addr\[2\],31.27µm
din_valid_i,31.22µm
dout[3],31.22µm
dout[4],31.22µm
_02243_,31µm
u_transform_scheduler_core.dft12_ram_i\[9\]\[0\],31µm
_03897_,30.95µm
_08139_,30.95µm
_08374_,30.95µm
u_transform_scheduler_core.dft12_ram_q\[10\]\[1\],30.95µm
u_transform_scheduler_core.u_mixed_radix_butterfly.combine_x0_i_reg\[15\],30.95µm
u_transform_scheduler_core.u_mixed_radix_butterfly.low_ii_reg\[12\],30.95µm
u_transform_scheduler_core.u_mixed_radix_butterfly.low_rr_reg\[10\],30.95µm
u_transform_scheduler_core.u_mixed_radix_butterfly.product_ii_reg\[1\],30.95µm
_02080_,30.9µm
_04500_,30.9µm
_06088_,30.9µm
_07236_,30.9µm
_07495_,30.9µm
_08285_,30.9µm
u_transform_scheduler_core.dft12_ram_i\[10\]\[5\],30.9µm
u_transform_scheduler_core.dft12_ram_q\[3\]\[8\],30.9µm
u_transform_scheduler_core.dft12_ram_q\[8\]\[4\],30.9µm
u_transform_scheduler_core.fft_mem_rdata\[26\],30.9µm
u_transform_scheduler_core.mod_diag_X0_q\[0\],30.9µm
u_transform_scheduler_core.mod_diag_X0_q\[4\],30.9µm
u_transform_scheduler_core.mod_x0_q\[4\],30.9µm
u_transform_scheduler_core.tx_dft12_hold_i\[2\]\[6\],30.9µm
u_transform_scheduler_core.u_fft128_modulo_controller.read_return_count\[1\],30.9µm
u_transform_scheduler_core.u_mixed_radix_butterfly.arithmetic_x0_i_reg\[11\],30.9µm
u_transform_scheduler_core.u_mixed_radix_butterfly.high_rr_reg\[0\],30.9µm
u_transform_scheduler_core.u_mixed_radix_butterfly.high_rr_reg\[4\],30.9µm
u_transform_scheduler_core.u_mixed_radix_butterfly.premultiply_x0_i_reg\[14\],30.9µm
u_transform_scheduler_core.u_mixed_radix_butterfly.premultiply_x0_q_reg\[1\],30.9µm
u_transform_scheduler_core.u_mixed_radix_butterfly.product_iq_reg\[7\],30.9µm
u_transform_scheduler_core.u_tdiq_output_cp_insert.responses_left\[4\],30.9µm
_01376_,30.85µm
_02523_,30.85µm
_02549_,30.85µm
_03971_,30.85µm
_03993_,30.85µm
_04337_,30.85µm
_05197_,30.85µm
_06435_,30.85µm
_07093_,30.85µm
_07203_,30.85µm
_07466_,30.85µm
_07502_,30.85µm
_08392_,30.85µm
_08505_,30.85µm
_08983_,30.85µm
u_transform_scheduler_core.rx_small_x1_i\[4\],30.85µm
u_transform_scheduler_core.tx_sample_i\[10\],30.85µm
u_transform_scheduler_core.u_mixed_radix_butterfly.premultiply_x0_q_reg\[4\],30.85µm
u_transform_scheduler_core.u_mixed_radix_butterfly.product_rq_reg\[0\],30.85µm
u_transform_scheduler_core.u_mixed_radix_butterfly.product_rr_reg\[15\],30.85µm
u_transform_scheduler_core.u_mixed_radix_butterfly.x0_q_ext\[9\],30.85µm
u_transform_scheduler_core.u_mixed_radix_butterfly.x1_q_ext\[3\],30.85µm
_05960_,30.83µm
_02292_,30.8µm
_02509_,30.8µm
_03235_,30.8µm
_03438_,30.8µm
_03804_,30.8µm
_04604_,30.8µm
_05349_,30.8µm
_06266_,30.8µm
u_transform_scheduler_core.tx_dft12_hold_i\[1\]\[14\],30.8µm
u_transform_scheduler_core.u_mixed_radix_butterfly.premultiply_twiddle_re_reg\[1\],30.8µm
u_transform_scheduler_core.u_mixed_radix_butterfly.product_rq_reg\[13\],30.8µm
_04119_,30.62µm
u_transform_scheduler_core.rx_fft128_index\[5\],30.44µm
_07222_,30.39µm
top_state\[3\],30.39µm
u_transform_scheduler_core.dft12_ram_i\[4\]\[14\],30.39µm
_07286_,30.34µm
_07567_,30.34µm
_07886_,30.34µm
_08814_,30.34µm
u_transform_scheduler_core.dft12_ram_i\[0\]\[8\],30.34µm
u_transform_scheduler_core.fft_mem_rdata\[2\],30.34µm
u_transform_scheduler_core.mod_x0_q\[2\],30.34µm
u_transform_scheduler_core.u_mixed_radix_butterfly.arithmetic_x0_q_reg\[11\],30.34µm
u_transform_scheduler_core.u_mixed_radix_butterfly.low_ii_reg\[6\],30.34µm
u_transform_scheduler_core.u_mixed_radix_butterfly.premultiply_half_sum_i_reg\[0\],30.34µm
u_transform_scheduler_core.u_mixed_radix_butterfly.product_ii_reg\[16\],30.34µm
u_transform_scheduler_core.u_mixed_radix_butterfly.x0_i_ext\[8\],30.34µm
_01218_,30.29µm
_02069_,30.29µm
_02416_,30.29µm
_03236_,30.29µm
_03249_,30.29µm
_04187_,30.29µm
_04402_,30.29µm
_04708_,30.29µm
_05560_,30.29µm
_07142_,30.29µm
_07541_,30.29µm
_08099_,30.29µm
_08191_,30.29µm
_08425_,30.29µm
_08473_,30.29µm
u_transform_scheduler_core.u_fft_scratch_sram.saved_wdata\[16\],30.29µm
u_transform_scheduler_core.u_mixed_radix_butterfly.final_scalar_product_reg\[5\],30.29µm
u_transform_scheduler_core.u_mixed_radix_butterfly.high_rq_reg\[2\],30.29µm
u_transform_scheduler_core.u_mixed_radix_butterfly.premultiply_half_sum_i_reg\[7\],30.29µm
_01784_,30.24µm
_02338_,30.24µm
_03364_,30.24µm
_04898_,30.24µm
_05074_,30.24µm
_05079_,30.24µm
_06616_,30.24µm
_07631_,30.24µm
_08034_,30.24µm
_08602_,30.24µm
_08650_,30.24µm
u_transform_scheduler_core.dft12_ram_i\[0\]\[9\],30.24µm
u_transform_scheduler_core.tx_dft12_hold_i\[2\]\[1\],30.24µm
u_transform_scheduler_core.u_tdiq_input_cp_remove.input_sample_index\[7\],30.24µm
dout[7],30.15µm
u_transform_scheduler_core.u_fft_scratch_sram.u_hi.macro_addr\[3\],30.1µm
debug_read_latch\[5\],30.01µm
u_transform_scheduler_core.tx_sample_index\[2\],29.83µm
u_transform_scheduler_core.u_fft128_modulo_controller.fetch_x1_q\[9\],29.83µm
u_transform_scheduler_core.u_tdiq_output_cp_insert.request_sample\[7\],29.83µm
_06079_,29.78µm
_08644_,29.78µm
_08688_,29.78µm
_08985_,29.78µm
debug_read_latch\[7\],29.78µm
u_transform_scheduler_core.fft_mem_rdata\[21\],29.78µm
u_transform_scheduler_core.rx_state\[12\],29.78µm
u_transform_scheduler_core.tx_dft12_hold_i\[0\]\[15\],29.78µm
u_transform_scheduler_core.u_fdiq_input_adapter.held_i\[1\],29.78µm
u_transform_scheduler_core.u_mixed_radix_butterfly.high_rr_reg\[6\],29.78µm
u_transform_scheduler_core.u_mixed_radix_butterfly.premultiply_x0_q_reg\[2\],29.78µm
u_transform_scheduler_core.u_mixed_radix_butterfly.x0_q_ext\[0\],29.78µm
_02502_,29.73µm
_03822_,29.73µm
_03851_,29.73µm
_03986_,29.73µm
_04154_,29.73µm
_04163_,29.73µm
_05172_,29.73µm
_05995_,29.73µm
_07027_,29.73µm
_07077_,29.73µm
_07180_,29.73µm
_07550_,29.73µm
_07637_,29.73µm
_07997_,29.73µm
_08256_,29.73µm
_08369_,29.73µm
_08599_,29.73µm
_08971_,29.73µm
debug_write,29.73µm
u_transform_scheduler_core.dft12_ram_q\[4\]\[13\],29.73µm
u_transform_scheduler_core.mod_x0_i\[14\],29.73µm
u_transform_scheduler_core.rx_small_x0_q\[1\],29.73µm
u_transform_scheduler_core.tx_dft12_hold_i\[2\]\[12\],29.73µm
u_transform_scheduler_core.tx_dft12_hold_q\[2\]\[15\],29.73µm
u_transform_scheduler_core.u_fft_scratch_sram.i_half\[2\],29.73µm
u_transform_scheduler_core.u_mixed_radix_butterfly.low_iq_reg\[6\],29.73µm
u_transform_scheduler_core.u_mixed_radix_butterfly.low_rq_reg\[2\],29.73µm
u_transform_scheduler_core.u_mixed_radix_butterfly.x0_q_ext\[14\],29.73µm
_01017_,29.68µm
_04207_,29.68µm
_04289_,29.68µm
_04295_,29.68µm
_04367_,29.68µm
_04507_,29.68µm
_04843_,29.68µm
_05325_,29.68µm
_05800_,29.68µm
_06145_,29.68µm
_06743_,29.68µm
_07256_,29.68µm
_08595_,29.68µm
u_transform_scheduler_core.fft_mem_rdata\[0\],29.68µm
u_transform_scheduler_core.rx_fft128_i\[1\],29.68µm
u_transform_scheduler_core.tx_dft12_hold_i\[1\]\[11\],29.68µm
u_transform_scheduler_core.tx_dft12_hold_q\[1\]\[11\],29.68µm
u_transform_scheduler_core.tx_dft12_hold_q\[1\]\[1\],29.68µm
u_transform_scheduler_core.u_fft_scratch_sram.u_lo.macro_wdata\[1\],29.59µm
din[0],29.54µm
_03583_,29.27µm
_07296_,29.27µm
u_transform_scheduler_core.dft12_ram_q\[7\]\[2\],29.27µm
u_transform_scheduler_core.mod_diag_X0_i\[5\],29.27µm
u_transform_scheduler_core.u_mixed_radix_butterfly.product_rq_reg\[9\],29.27µm
u_transform_scheduler_core.u_mixed_radix_butterfly.x1_i_ext\[3\],29.27µm
_02511_,29.22µm
_04135_,29.22µm
_05616_,29.22µm
_07809_,29.22µm
_08198_,29.22µm
_08310_,29.22µm
_08448_,29.22µm
_08914_,29.22µm
u_transform_scheduler_core.dft12_ram_i\[0\]\[11\],29.22µm
u_transform_scheduler_core.dft12_ram_q\[6\]\[4\],29.22µm
u_transform_scheduler_core.fft_mem_rdata\[12\],29.22µm
u_transform_scheduler_core.fifo_x0_q\[0\]\[3\],29.22µm
u_transform_scheduler_core.rx_small_x1_q\[8\],29.22µm
u_transform_scheduler_core.tx_sample_i\[3\],29.22µm
u_transform_scheduler_core.u_mixed_radix_butterfly.arithmetic_half_sum_i_reg\[7\],29.22µm
u_transform_scheduler_core.u_mixed_radix_butterfly.premultiply_x0_q_reg\[8\],29.22µm
u_transform_scheduler_core.u_tdiq_input_cp_remove.held_i\[4\],29.22µm
_00304_,29.17µm
_02536_,29.17µm
_03097_,29.17µm
_03353_,29.17µm
_03927_,29.17µm
_04088_,29.17µm
_04189_,29.17µm
_04563_,29.17µm
_05494_,29.17µm
_06073_,29.17µm
_06113_,29.17µm
_07087_,29.17µm
_07248_,29.17µm
_07472_,29.17µm
_07788_,29.17µm
_07814_,29.17µm
_07827_,29.17µm
_08028_,29.17µm
_08444_,29.17µm
_08886_,29.17µm
_08918_,29.17µm
_08975_,29.17µm
debug_read_latch\[13\],29.17µm
u_transform_scheduler_core.dft12_ram_q\[8\]\[12\],29.17µm
u_transform_scheduler_core.dft12_ram_q\[9\]\[4\],29.17µm
u_transform_scheduler_core.fft_mem_rdata\[14\],29.17µm
u_transform_scheduler_core.fft_mem_rdata\[22\],29.17µm
u_transform_scheduler_core.u_fft_scratch_sram.i_half\[15\],29.17µm
u_transform_scheduler_core.u_mixed_radix_butterfly.premultiply_input_i_reg\[1\],29.17µm
_01984_,29.12µm
_03024_,29.12µm
_03259_,29.12µm
_03361_,29.12µm
_03396_,29.12µm
_04641_,29.12µm
_05368_,29.12µm
_05789_,29.12µm
_06122_,29.12µm
_06728_,29.12µm
_07111_,29.12µm
_08519_,29.12µm
u_transform_scheduler_core.dft12_ram_i\[7\]\[9\],29.12µm
_04046_,28.815µm
_03840_,28.76µm
u_transform_scheduler_core.dft12_ram_i\[0\]\[12\],28.71µm
u_transform_scheduler_core.dft12_ram_i\[4\]\[5\],28.71µm
u_transform_scheduler_core.u_tdiq_input_cp_remove.input_sample_index\[1\],28.71µm
u_transform_scheduler_core.dft12_ram_q\[0\]\[6\],28.69µm
_03036_,28.66µm
_03540_,28.66µm
_05925_,28.66µm
_07263_,28.66µm
_07287_,28.66µm
_07292_,28.66µm
_08011_,28.66µm
u_transform_scheduler_core.fft_mem_rdata\[10\],28.66µm
u_transform_scheduler_core.u_mixed_radix_butterfly.low_ii_reg\[11\],28.66µm
_01002_,28.61µm
_03248_,28.61µm
_03913_,28.61µm
_04718_,28.61µm
_05148_,28.61µm
_05405_,28.61µm
_06351_,28.61µm
_06547_,28.61µm
_06740_,28.61µm
_07153_,28.61µm
_07205_,28.61µm
_07288_,28.61µm
_07343_,28.61µm
_07344_,28.61µm
_07561_,28.61µm
_07665_,28.61µm
_07934_,28.61µm
_08329_,28.61µm
_08760_,28.61µm
_08848_,28.61µm
_08907_,28.61µm
u_transform_scheduler_core.fifo_x0_i\[0\]\[0\],28.61µm
u_transform_scheduler_core.rx_small_x1_i\[10\],28.61µm
u_transform_scheduler_core.u_mixed_radix_butterfly.low_iq_reg\[15\],28.61µm
u_transform_scheduler_core.u_mixed_radix_butterfly.premultiply_half_sum_q_reg\[11\],28.61µm
u_transform_scheduler_core.u_mixed_radix_butterfly.premultiply_x0_i_reg\[0\],28.61µm
u_transform_scheduler_core.u_mixed_radix_butterfly.product_iq_reg\[16\],28.61µm
u_transform_scheduler_core.u_mixed_radix_butterfly.x0_q_ext\[6\],28.61µm
_00207_,28.56µm
_01567_,28.56µm
_02008_,28.56µm
_02134_,28.56µm
_02430_,28.56µm
_02447_,28.56µm
_03206_,28.56µm
_03227_,28.56µm
_04179_,28.56µm
_04646_,28.56µm
_04918_,28.56µm
_05499_,28.56µm
_06161_,28.56µm
_06206_,28.56µm
_06442_,28.56µm
_06841_,28.56µm
_08195_,28.56µm
_08673_,28.56µm
u_transform_scheduler_core.dft12_ram_i\[3\]\[7\],28.25µm
u_transform_scheduler_core.u_mixed_radix_butterfly.low_iq_reg\[13\],28.2µm
_02407_,28.15µm
_03848_,28.15µm
_08074_,28.15µm
u_transform_scheduler_core.u_fft128_modulo_controller.state\[0\],28.15µm
u_transform_scheduler_core.u_mixed_radix_butterfly.product_rq_reg\[2\],28.15µm
_02214_,28.1µm
_03980_,28.1µm
_04510_,28.1µm
_07235_,28.1µm
_08484_,28.1µm
u_transform_scheduler_core.rx_small_x1_q\[4\],28.1µm
u_transform_scheduler_core.tx_dft12_hold_q\[2\]\[6\],28.1µm
u_transform_scheduler_core.u_mixed_radix_butterfly.arithmetic_x0_i_reg\[10\],28.1µm
u_transform_scheduler_core.u_mixed_radix_butterfly.arithmetic_x0_q_reg\[7\],28.1µm
u_transform_scheduler_core.u_mixed_radix_butterfly.high_rq_reg\[5\],28.1µm
u_transform_scheduler_core.u_mixed_radix_butterfly.product_rq_reg\[3\],28.1µm
u_transform_scheduler_core.u_mixed_radix_butterfly.twiddle_re_reg\[2\],28.1µm
u_transform_scheduler_core.u_tdiq_input_cp_remove.input_sample_index\[5\],28.1µm
_02592_,28.05µm
_02702_,28.05µm
_03003_,28.05µm
_03188_,28.05µm
_03692_,28.05µm
_03948_,28.05µm
_04101_,28.05µm
_04109_,28.05µm
_04196_,28.05µm
_04314_,28.05µm
_04489_,28.05µm
_04715_,28.05µm
_07176_,28.05µm
_07830_,28.05µm
_08308_,28.05µm
_08645_,28.05µm
_08852_,28.05µm
_08910_,28.05µm
u_transform_scheduler_core.dft12_ram_i\[7\]\[14\],28.05µm
u_transform_scheduler_core.tx_dft12_hold_q\[0\]\[4\],28.05µm
u_transform_scheduler_core.tx_dft12_hold_q\[1\]\[2\],28.05µm
u_transform_scheduler_core.tx_dft12_hold_q\[2\]\[11\],28.05µm
_00481_,28µm
_02244_,28µm
_02288_,28µm
_03479_,28µm
_03670_,28µm
_04233_,28µm
_04447_,28µm
_04797_,28µm
_05045_,28µm
_05081_,28µm
_06189_,28µm
_07640_,28µm
_07764_,28µm
_07816_,28µm
_08144_,28µm
_08929_,28µm
u_transform_scheduler_core.dft12_ram_i\[7\]\[0\],28µm
u_transform_scheduler_core.u_fft128_modulo_controller.fetch_x1_q\[15\],28µm
u_transform_scheduler_core.u_mixed_radix_butterfly.arithmetic_x0_q_reg\[13\],28µm
u_transform_scheduler_core.u_fft_scratch_sram.u_lo.macro_addr\[5\],27.91µm
u_transform_scheduler_core.u_fft_scratch_sram.u_hi.macro_wdata\[1\],27.86µm
u_transform_scheduler_core.u_mixed_radix_butterfly.product_rr_reg\[20\],27.77µm
_06119_,27.59µm
_06137_,27.59µm
_07965_,27.59µm
_08047_,27.59µm
u_transform_scheduler_core.dft12_ram_i\[1\]\[14\],27.59µm
u_transform_scheduler_core.dft12_ram_i\[6\]\[8\],27.59µm
u_transform_scheduler_core.mod_diag_X1_i\[1\],27.59µm
u_transform_scheduler_core.u_fdiq_output_adapter.sample_i_reg\[9\],27.59µm
_04340_,27.54µm
_07422_,27.54µm
_07459_,27.54µm
_07887_,27.54µm
_07953_,27.54µm
_08332_,27.54µm
_08459_,27.54µm
_08559_,27.54µm
_08623_,27.54µm
_08659_,27.54µm
_08964_,27.54µm
debug_data_hi\[1\],27.54µm
u_transform_scheduler_core.dft12_ram_q\[7\]\[11\],27.54µm
u_transform_scheduler_core.mod_diag_X0_i\[11\],27.54µm
u_transform_scheduler_core.mod_x0_i\[2\],27.54µm
u_transform_scheduler_core.rx_small_x1_i\[1\],27.54µm
u_transform_scheduler_core.tx_sample_q\[6\],27.54µm
u_transform_scheduler_core.u_mixed_radix_butterfly.high_rr_reg\[3\],27.54µm
u_transform_scheduler_core.u_mixed_radix_butterfly.low_rr_reg\[7\],27.54µm
u_transform_scheduler_core.u_mixed_radix_butterfly.product_ii_reg\[22\],27.54µm
u_transform_scheduler_core.u_mixed_radix_butterfly.product_rq_reg\[12\],27.54µm
_00158_,27.49µm
_02251_,27.49µm
_02401_,27.49µm
_03833_,27.49µm
_04597_,27.49µm
_04895_,27.49µm
_05309_,27.49µm
_05479_,27.49µm
_06281_,27.49µm
_06779_,27.49µm
_06893_,27.49µm
_06935_,27.49µm
_07491_,27.49µm
_08098_,27.49µm
_08470_,27.49µm
u_transform_scheduler_core.dft12_sent_x2_q,27.49µm
u_transform_scheduler_core.fft_mem_rdata\[11\],27.49µm
u_transform_scheduler_core.mod_diag_X0_q\[9\],27.49µm
u_transform_scheduler_core.tx_dft12_hold_i\[2\]\[0\],27.49µm
u_transform_scheduler_core.u_fft128_modulo_controller.state\[1\],27.49µm
u_transform_scheduler_core.u_mixed_radix_butterfly.low_rq_reg\[8\],27.49µm
u_transform_scheduler_core.u_mixed_radix_butterfly.premultiply_sum_q_reg\[0\],27.49µm
u_transform_scheduler_core.u_mixed_radix_butterfly.premultiply_twiddle_re_reg\[6\],27.49µm
u_transform_scheduler_core.u_mixed_radix_butterfly.product_ii_reg\[4\],27.49µm
u_transform_scheduler_core.u_mixed_radix_butterfly.product_iq_reg\[8\],27.49µm
u_transform_scheduler_core.u_tdiq_output_cp_insert.requests_left\[7\],27.49µm
_01963_,27.44µm
_02115_,27.44µm
_03167_,27.44µm
_03436_,27.44µm
_03590_,27.44µm
_03701_,27.44µm
_03824_,27.44µm
_04388_,27.44µm
_05058_,27.44µm
_05695_,27.44µm
_05983_,27.44µm
_07241_,27.44µm
_08516_,27.44µm
_08717_,27.44µm
_04785_,27.16µm
_07149_,27.08µm
_03674_,27.03µm
_08485_,27.03µm
u_transform_scheduler_core.u_fft128_modulo_controller.fetch_x1_i\[3\],27.03µm
_04719_,26.98µm
_07591_,26.98µm
_07652_,26.98µm
_07928_,26.98µm
_08056_,26.98µm
_08199_,26.98µm
debug_data_hi\[4\],26.98µm
u_transform_scheduler_core.dft12_ram_q\[0\]\[10\],26.98µm
u_transform_scheduler_core.fft_mem_rdata\[15\],26.98µm
u_transform_scheduler_core.rx_small_x0_i\[3\],26.98µm
u_transform_scheduler_core.rx_small_x2_i\[6\],26.98µm
u_transform_scheduler_core.u_mixed_radix_butterfly.arithmetic_x0_i_reg\[6\],26.98µm
u_transform_scheduler_core.u_mixed_radix_butterfly.high_rr_reg\[5\],26.98µm
u_transform_scheduler_core.u_mixed_radix_butterfly.product_rq_reg\[1\],26.98µm
u_transform_scheduler_core.u_tdiq_output_cp_insert.requests_left\[1\],26.98µm
_00254_,26.93µm
_01102_,26.93µm
_02347_,26.93µm
_04375_,26.93µm
_05333_,26.93µm
_05821_,26.93µm
_07143_,26.93µm
_07854_,26.93µm
_08415_,26.93µm
_08463_,26.93µm
_08905_,26.93µm
_08917_,26.93µm
_08946_,26.93µm
debug_addr\[7\],26.93µm
u_transform_scheduler_core.dft12_ram_i\[0\]\[4\],26.93µm
u_transform_scheduler_core.dft12_ram_q\[4\]\[10\],26.93µm
u_transform_scheduler_core.fft_mem_rdata\[7\],26.93µm
u_transform_scheduler_core.mod_diag_X0_q\[5\],26.93µm
u_transform_scheduler_core.rx_fft128_i\[6\],26.93µm
u_transform_scheduler_core.tx_dft12_hold_q\[1\]\[0\],26.93µm
u_transform_scheduler_core.tx_mem_addr\[6\],26.93µm
u_transform_scheduler_core.u_fft128_modulo_controller.pending_valid,26.93µm
u_transform_scheduler_core.u_fft_scratch_sram.saved_addr\[5\],26.93µm
u_transform_scheduler_core.u_mixed_radix_butterfly.premultiply_half_sum_i_reg\[3\],26.93µm
u_transform_scheduler_core.u_mixed_radix_butterfly.product_rq_reg\[10\],26.93µm
u_transform_scheduler_core.u_mixed_radix_butterfly.product_rq_reg\[7\],26.93µm
_00026_,26.88µm
_00495_,26.88µm
_01142_,26.88µm
_01997_,26.88µm
_02426_,26.88µm
_03020_,26.88µm
_03613_,26.88µm
_03836_,26.88µm
_03860_,26.88µm
_04765_,26.88µm
_05070_,26.88µm
_05129_,26.88µm
_05220_,26.88µm
_05673_,26.88µm
_05764_,26.88µm
_05892_,26.88µm
_06095_,26.88µm
_06469_,26.88µm
_06655_,26.88µm
_06729_,26.88µm
_07291_,26.88µm
_08229_,26.88µm
_08457_,26.88µm
_08603_,26.88µm
u_transform_scheduler_core.u_mixed_radix_butterfly.arithmetic_x0_q_reg\[10\],26.88µm
u_transform_scheduler_core.u_tdiq_input_cp_remove.final_sample_pending,26.52µm
_03785_,26.47µm
_03866_,26.47µm
u_transform_scheduler_core.rx_state\[5\],26.47µm
u_transform_scheduler_core.u_mixed_radix_butterfly.premultiply_half_sum_i_reg\[8\],26.47µm
u_transform_scheduler_core.u_tdiq_output_cp_insert.responses_left\[3\],26.47µm
_02295_,26.42µm
_04029_,26.42µm
_04498_,26.42µm
_07465_,26.42µm
_08061_,26.42µm
debug_wdata\[14\],26.42µm
u_transform_scheduler_core.dft12_ram_q\[7\]\[15\],26.42µm
u_transform_scheduler_core.fft_mem_rdata\[31\],26.42µm
u_transform_scheduler_core.ofdm_sample_q\[6\],26.42µm
u_transform_scheduler_core.rx_small_x0_i\[10\],26.42µm
u_transform_scheduler_core.rx_small_x1_q\[2\],26.42µm
u_transform_scheduler_core.u_mixed_radix_butterfly.premultiply_half_sum_i_reg\[14\],26.42µm
u_transform_scheduler_core.u_mixed_radix_butterfly.product_iq_reg\[2\],26.42µm
_00478_,26.37µm
_02031_,26.37µm
_03212_,26.37µm
_03458_,26.37µm
_03601_,26.37µm
_03992_,26.37µm
_04009_,26.37µm
_04925_,26.37µm
_06295_,26.37µm
_06657_,26.37µm
_06748_,26.37µm
_07034_,26.37µm
_08025_,26.37µm
_08407_,26.37µm
_08506_,26.37µm
_08545_,26.37µm
_08769_,26.37µm
u_transform_scheduler_core.dft12_ram_q\[7\]\[7\],26.37µm
u_transform_scheduler_core.fft_mem_rdata\[5\],26.37µm
u_transform_scheduler_core.u_mixed_radix_butterfly.arithmetic_x0_i_reg\[14\],26.37µm
u_transform_scheduler_core.u_mixed_radix_butterfly.low_rq_reg\[7\],26.37µm
u_transform_scheduler_core.u_mixed_radix_butterfly.premultiply_x0_q_reg\[15\],26.37µm
u_transform_scheduler_core.u_mixed_radix_butterfly.x0_q_ext\[11\],26.37µm
u_transform_scheduler_core.u_tdiq_input_cp_remove.cp_length_reg\[0\],26.37µm
_01045_,26.32µm
_01684_,26.32µm
_01718_,26.32µm
_02175_,26.32µm
_02212_,26.32µm
_03344_,26.32µm
_03695_,26.32µm
_03752_,26.32µm
_04004_,26.32µm
_05528_,26.32µm
_06267_,26.32µm
_06327_,26.32µm
_06586_,26.32µm
_07606_,26.32µm
_08563_,26.32µm
u_transform_scheduler_core.dft12_sent_twiddle_re,26.32µm
u_transform_scheduler_core.fft_mem_rdata\[6\],26.32µm
u_transform_scheduler_core.fifo_x2_i\[0\]\[2\],26.32µm
u_transform_scheduler_core.u_fft_scratch_sram.saved_wdata\[29\],26.32µm
u_transform_scheduler_core.u_mixed_radix_butterfly.premultiply_half_sum_q_reg\[3\],26.32µm
u_transform_scheduler_core.u_mixed_radix_butterfly.premultiply_x0_q_reg\[7\],26.32µm
u_transform_scheduler_core.u_tdiq_output_cp_insert.responses_left\[1\],25.96µm
_04000_,25.91µm
_07154_,25.91µm
_07313_,25.91µm
_04152_,25.86µm
_07213_,25.86µm
_07564_,25.86µm
_07579_,25.86µm
_08249_,25.86µm
_08388_,25.86µm
_08561_,25.86µm
_08924_,25.86µm
u_transform_scheduler_core.dft12_ram_i\[0\]\[2\],25.86µm
u_transform_scheduler_core.fifo_x0_q\[0\]\[6\],25.86µm
u_transform_scheduler_core.rx_small_x0_i\[5\],25.86µm
u_transform_scheduler_core.rx_small_x0_q\[2\],25.86µm
u_transform_scheduler_core.rx_small_x0_q\[4\],25.86µm
_00163_,25.81µm
_00994_,25.81µm
_02118_,25.81µm
_02433_,25.81µm
_02561_,25.81µm
_02882_,25.81µm
_03352_,25.81µm
_03705_,25.81µm
_04045_,25.81µm
_04170_,25.81µm
_04598_,25.81µm
_04889_,25.81µm
_04996_,25.81µm
_06138_,25.81µm
_06440_,25.81µm
_07194_,25.81µm
_07278_,25.81µm
_07480_,25.81µm
_07500_,25.81µm
_07982_,25.81µm
_08096_,25.81µm
_08231_,25.81µm
_08754_,25.81µm
_08825_,25.81µm
u_transform_scheduler_core.dft12_ram_i\[7\]\[10\],25.81µm
u_transform_scheduler_core.fft_mem_rdata\[28\],25.81µm
u_transform_scheduler_core.u_mixed_radix_butterfly.premultiply_half_sum_i_reg\[5\],25.81µm
u_transform_scheduler_core.u_tdiq_input_cp_remove.held_i\[6\],25.81µm
_01826_,25.76µm
_01829_,25.76µm
_02095_,25.76µm
_03984_,25.76µm
_04288_,25.76µm
_05823_,25.76µm
_06677_,25.76µm
_08351_,25.76µm
_08631_,25.76µm
_08664_,25.76µm
_08878_,25.76µm
u_transform_scheduler_core.u_mixed_radix_butterfly.product_rr_reg\[4\],25.76µm
u_transform_scheduler_core.u_mixed_radix_butterfly.x2_q_ext\[2\],25.76µm
u_serializer.byte_index\[3\],25.4µm
_08921_,25.35µm
u_transform_scheduler_core.dft12_ram_i\[0\]\[14\],25.35µm
u_transform_scheduler_core.result_meta_inverse\[2\]\[0\],25.35µm
u_transform_scheduler_core.rx_small_x1_q\[0\],25.35µm
u_transform_scheduler_core.u_mixed_radix_butterfly.final_scalar_product_reg\[6\],25.35µm
_00442_,25.3µm
_03535_,25.3µm
_03884_,25.3µm
_05095_,25.3µm
_07458_,25.3µm
_07673_,25.3µm
_07829_,25.3µm
_08004_,25.3µm
_08605_,25.3µm
_08630_,25.3µm
_08977_,25.3µm
echo_data\[3\],25.3µm
u_transform_scheduler_core.u_fft128_modulo_controller.fetch_x1_q\[2\],25.3µm
u_transform_scheduler_core.u_mixed_radix_butterfly.arithmetic_x0_i_reg\[7\],25.3µm
u_transform_scheduler_core.u_mixed_radix_butterfly.premultiply_twiddle_im_reg\[5\],25.3µm
_00144_,25.25µm
_02446_,25.25µm
_02683_,25.25µm
_03098_,25.25µm
_03560_,25.25µm
_04022_,25.25µm
_04025_,25.25µm
_04460_,25.25µm
_04909_,25.25µm
_05654_,25.25µm
_05891_,25.25µm
_06128_,25.25µm
_06335_,25.25µm
_06534_,25.25µm
_06781_,25.25µm
_07244_,25.25µm
_07731_,25.25µm
_07942_,25.25µm
_07944_,25.25µm
_07958_,25.25µm
_08038_,25.25µm
_08216_,25.25µm
_08236_,25.25µm
_08490_,25.25µm
_08619_,25.25µm
u_transform_scheduler_core.u_fft128_modulo_controller.fetch_x1_q\[14\],25.25µm
u_transform_scheduler_core.u_mixed_radix_butterfly.arithmetic_half_sum_q_reg\[12\],25.25µm
u_transform_scheduler_core.u_mixed_radix_butterfly.low_rr_reg\[4\],25.25µm
u_transform_scheduler_core.u_mixed_radix_butterfly.premultiply_half_sum_i_reg\[2\],25.25µm
u_transform_scheduler_core.u_mixed_radix_butterfly.premultiply_half_sum_i_reg\[9\],25.25µm
u_transform_scheduler_core.u_mixed_radix_butterfly.x0_i_ext\[10\],25.25µm
_00056_,25.2µm
_01991_,25.2µm
_01994_,25.2µm
_04251_,25.2µm
_04499_,25.2µm
_04929_,25.2µm
_04990_,25.2µm
_05060_,25.2µm
_05164_,25.2µm
_05373_,25.2µm
_05443_,25.2µm
_05510_,25.2µm
_05534_,25.2µm
_05664_,25.2µm
_05782_,25.2µm
_05984_,25.2µm
_06527_,25.2µm
_06549_,25.2µm
_06589_,25.2µm
_06611_,25.2µm
_06936_,25.2µm
_07084_,25.2µm
_07145_,25.2µm
_08745_,25.2µm
_08776_,25.2µm
_08778_,25.2µm
_08885_,25.2µm
u_transform_scheduler_core.fifo_x2_q\[0\]\[10\],25.2µm
u_transform_scheduler_core.u_mixed_radix_butterfly.premultiply_twiddle_re_reg\[7\],25.2µm
_05529_,24.8µm
_03536_,24.79µm
u_transform_scheduler_core.ofdm_sample_i\[6\],24.79µm
u_transform_scheduler_core.u_fft128_modulo_controller.fetch_x1_q\[5\],24.79µm
u_transform_scheduler_core.u_fft_scratch_sram.saved_wdata\[26\],24.79µm
u_transform_scheduler_core.u_mixed_radix_butterfly.low_rq_reg\[10\],24.79µm
_02220_,24.74µm
_02293_,24.74µm
_02391_,24.74µm
_03510_,24.74µm
_03967_,24.74µm
_04592_,24.74µm
_05262_,24.74µm
_06302_,24.74µm
_07231_,24.74µm
_07986_,24.74µm
_08336_,24.74µm
_08349_,24.74µm
debug_addr\[2\],24.74µm
u_transform_scheduler_core.dft12_ram_q\[1\]\[12\],24.74µm
u_transform_scheduler_core.dft12_ram_q\[7\]\[10\],24.74µm
u_transform_scheduler_core.rx_fft128_i\[5\],24.74µm
u_transform_scheduler_core.tx_dft12_hold_q\[1\]\[12\],24.74µm
u_transform_scheduler_core.u_mixed_radix_butterfly.twiddle_im_reg\[5\],24.74µm
u_transform_scheduler_core.u_mixed_radix_butterfly.x0_i_ext\[2\],24.74µm
u_transform_scheduler_core.u_mixed_radix_butterfly.x0_i_ext\[6\],24.74µm
_00138_,24.69µm
_02023_,24.69µm
_02372_,24.69µm
_02530_,24.69µm
_02572_,24.69µm
_02591_,24.69µm
_02946_,24.69µm
_03397_,24.69µm
_03474_,24.69µm
_03551_,24.69µm
_03859_,24.69µm
_03881_,24.69µm
_04376_,24.69µm
_04572_,24.69µm
_05013_,24.69µm
_05326_,24.69µm
_05716_,24.69µm
_06241_,24.69µm
_06660_,24.69µm
_06780_,24.69µm
_07520_,24.69µm
_07900_,24.69µm
_08121_,24.69µm
_08173_,24.69µm
_08243_,24.69µm
_08303_,24.69µm
_08496_,24.69µm
_08793_,24.69µm
u_transform_scheduler_core.rx_dft12_i\[6\],24.69µm
u_transform_scheduler_core.u_mixed_radix_butterfly.low_rq_reg\[1\],24.69µm
u_transform_scheduler_core.u_mixed_radix_butterfly.premultiply_x0_q_reg\[5\],24.69µm
u_transform_scheduler_core.u_mixed_radix_butterfly.product_iq_reg\[12\],24.69µm
u_transform_scheduler_core.u_mixed_radix_butterfly.x0_q_ext\[12\],24.69µm
u_transform_scheduler_core.u_mixed_radix_butterfly.x0_q_ext\[2\],24.69µm
_00980_,24.64µm
_01922_,24.64µm
_02458_,24.64µm
_03204_,24.64µm
_03417_,24.64µm
_03498_,24.64µm
_03589_,24.64µm
_04108_,24.64µm
_04180_,24.64µm
_04412_,24.64µm
_04726_,24.64µm
_04978_,24.64µm
_05056_,24.64µm
_05604_,24.64µm
_05814_,24.64µm
_05857_,24.64µm
_07144_,24.64µm
_07283_,24.64µm
_07405_,24.64µm
_08722_,24.64µm
u_transform_scheduler_core.rx_small_x2_i\[3\],24.64µm
u_transform_scheduler_core.u_mixed_radix_butterfly.arithmetic_half_sum_i_reg\[1\],24.64µm
u_transform_scheduler_core.u_mixed_radix_butterfly.premultiply_input_i_reg\[3\],24.64µm
u_transform_scheduler_core.u_mixed_radix_butterfly.premultiply_x0_i_reg\[5\],24.64µm
u_transform_scheduler_core.u_fft_scratch_sram.u_hi.macro_wdata\[2\],24.5µm
_04331_,24.23µm
_04410_,24.23µm
_04421_,24.23µm
_07198_,24.23µm
_02112_,24.18µm
_03548_,24.18µm
_03939_,24.18µm
_04142_,24.18µm
_05668_,24.18µm
_06185_,24.18µm
_07366_,24.18µm
_08103_,24.18µm
_08240_,24.18µm
_08394_,24.18µm
_08880_,24.18µm
u_transform_scheduler_core.fifo_x0_i\[0\]\[10\],24.18µm
u_transform_scheduler_core.fifo_x0_i\[0\]\[3\],24.18µm
u_transform_scheduler_core.mod_x0_i\[6\],24.18µm
u_transform_scheduler_core.result_meta_inverse\[1\]\[0\],24.18µm
u_transform_scheduler_core.tx_dft12_hold_i\[1\]\[2\],24.18µm
u_transform_scheduler_core.tx_dft12_hold_q\[2\]\[10\],24.18µm
u_transform_scheduler_core.u_mixed_radix_butterfly.arithmetic_half_sum_q_reg\[7\],24.18µm
u_transform_scheduler_core.u_mixed_radix_butterfly.final_scalar_product_reg\[7\],24.18µm
u_transform_scheduler_core.u_mixed_radix_butterfly.low_ii_reg\[3\],24.18µm
u_transform_scheduler_core.u_mixed_radix_butterfly.premultiply_x0_q_reg\[9\],24.18µm
u_transform_scheduler_core.u_mixed_radix_butterfly.x2_q_full,24.18µm
_00894_,24.13µm
_01750_,24.13µm
_01824_,24.13µm
_01841_,24.13µm
_02180_,24.13µm
_02491_,24.13µm
_02633_,24.13µm
_02686_,24.13µm
_03842_,24.13µm
_04389_,24.13µm
_04629_,24.13µm
_05711_,24.13µm
_05754_,24.13µm
_06082_,24.13µm
_06508_,24.13µm
_06531_,24.13µm
_06750_,24.13µm
_07148_,24.13µm
_07188_,24.13µm
_07275_,24.13µm
_07420_,24.13µm
_07666_,24.13µm
_07919_,24.13µm
_08253_,24.13µm
_08451_,24.13µm
_08962_,24.13µm
u_transform_scheduler_core.dft12_ram_i\[9\]\[12\],24.13µm
u_transform_scheduler_core.tx_dft12_hold_q\[2\]\[3\],24.13µm
u_transform_scheduler_core.u_fdiq_output_adapter.state\[2\],24.13µm
u_transform_scheduler_core.u_mixed_radix_butterfly.twiddle_im_reg\[7\],24.13µm
_00572_,24.08µm
_00959_,24.08µm
_01373_,24.08µm
_02150_,24.08µm
_02219_,24.08µm
_02273_,24.08µm
_02723_,24.08µm
_03711_,24.08µm
_03973_,24.08µm
_03981_,24.08µm
_04181_,24.08µm
_04292_,24.08µm
_05241_,24.08µm
_05524_,24.08µm
_05717_,24.08µm
_06061_,24.08µm
_06710_,24.08µm
_08446_,24.08µm
_08761_,24.08µm
_08763_,24.08µm
_08782_,24.08µm
_08939_,24.08µm
u_transform_scheduler_core.fft_mem_rdata\[13\],24.08µm
u_transform_scheduler_core.mod_diag_X0_q\[14\],24.08µm
u_transform_scheduler_core.u_fft_scratch_sram.u_lo.macro_wdata\[5\],23.94µm
dout_valid_o,23.94µm
_00009_,23.78µm
_04901_,23.72µm
_07386_,23.72µm
_06927_,23.67µm
_07258_,23.67µm
_08134_,23.67µm
_02098_,23.62µm
_02440_,23.62µm
_03744_,23.62µm
_04448_,23.62µm
_06724_,23.62µm
u_transform_scheduler_core.fft_mem_rdata\[19\],23.62µm
u_transform_scheduler_core.rx_fft128_i\[10\],23.62µm
u_transform_scheduler_core.tx_sample_q\[0\],23.62µm
u_transform_scheduler_core.u_fft128_modulo_controller.pending_writes_done,23.62µm
u_transform_scheduler_core.u_mixed_radix_butterfly.arithmetic_half_sum_i_reg\[2\],23.62µm
u_transform_scheduler_core.u_mixed_radix_butterfly.low_ii_reg\[9\],23.62µm
_00301_,23.57µm
_02009_,23.57µm
_02143_,23.57µm
_02250_,23.57µm
_02417_,23.57µm
_02741_,23.57µm
_03138_,23.57µm
_03159_,23.57µm
_03295_,23.57µm
_03385_,23.57µm
_03634_,23.57µm
_03911_,23.57µm
_03929_,23.57µm
_03932_,23.57µm
_04177_,23.57µm
_05094_,23.57µm
_05286_,23.57µm
_05602_,23.57µm
_05788_,23.57µm
_06546_,23.57µm
_07116_,23.57µm
_07354_,23.57µm
_07789_,23.57µm
_08091_,23.57µm
_08302_,23.57µm
_08591_,23.57µm
_08638_,23.57µm
_08727_,23.57µm
_08951_,23.57µm
_08976_,23.57µm
u_transform_scheduler_core.ofdm_sample_q\[4\],23.57µm
u_transform_scheduler_core.tx_cp_length_reg\[0\],23.57µm
u_transform_scheduler_core.u_fft128_modulo_controller.fetch_x1_q\[8\],23.57µm
u_transform_scheduler_core.u_mixed_radix_butterfly.premultiply_sum_i_reg\[0\],23.57µm
u_transform_scheduler_core.u_mixed_radix_butterfly.product_ii_reg\[2\],23.57µm
u_transform_scheduler_core.u_tdiq_output_cp_insert.responses_left\[5\],23.57µm
_00459_,23.52µm
_01098_,23.52µm
_01155_,23.52µm
_01689_,23.52µm
_02209_,23.52µm
_02260_,23.52µm
_02766_,23.52µm
_02978_,23.52µm
_03160_,23.52µm
_03291_,23.52µm
_04260_,23.52µm
_05319_,23.52µm
_06398_,23.52µm
_06987_,23.52µm
_07298_,23.52µm
_07920_,23.52µm
_07978_,23.52µm
_08020_,23.52µm
_08515_,23.52µm
_08731_,23.52µm
_08853_,23.52µm
_08956_,23.52µm
_08974_,23.52µm
u_transform_scheduler_core.ofdm_sample_q\[2\],23.52µm
u_transform_scheduler_core.ofdm_sample_q\[5\],23.52µm
u_transform_scheduler_core.u_fft_scratch_sram.u_lo.macro_addr\[0\],23.43µm
_08133_,23.16µm
u_transform_scheduler_core.u_mixed_radix_butterfly.high_rr_reg\[12\],23.16µm
_02371_,23.11µm
_02486_,23.11µm
_04492_,23.11µm
_07221_,23.11µm
_07717_,23.11µm
_08053_,23.11µm
_08094_,23.11µm
_08697_,23.11µm
u_transform_scheduler_core.tx_dout\[7\],23.11µm
u_transform_scheduler_core.u_mixed_radix_butterfly.arithmetic_stage_valid,23.11µm
_03869_,23.06µm
_04006_,23.06µm
_04413_,23.06µm
_07045_,23.06µm
_07246_,23.06µm
_07364_,23.06µm
_07537_,23.06µm
_08069_,23.06µm
_08653_,23.06µm
u_transform_scheduler_core.dft12_ram_i\[0\]\[0\],23.06µm
u_transform_scheduler_core.mod_x0_i\[8\],23.06µm
u_transform_scheduler_core.rx_state\[1\],23.06µm
u_transform_scheduler_core.tx_dft12_hold_i\[2\]\[9\],23.06µm
u_transform_scheduler_core.tx_dout\[1\],23.06µm
u_transform_scheduler_core.u_mixed_radix_butterfly.arithmetic_x0_i_reg\[15\],23.06µm
u_transform_scheduler_core.u_mixed_radix_butterfly.premultiply_input_i_reg\[2\],23.06µm
u_transform_scheduler_core.u_mixed_radix_butterfly.premultiply_x0_q_reg\[10\],23.06µm
u_transform_scheduler_core.u_mixed_radix_butterfly.x0_q_ext\[4\],23.06µm
_00143_,23.01µm
_01892_,23.01µm
_03218_,23.01µm
_03238_,23.01µm
_03277_,23.01µm
_03889_,23.01µm
_03974_,23.01µm
_04165_,23.01µm
_04185_,23.01µm
_04359_,23.01µm
_04505_,23.01µm
_05662_,23.01µm
_06105_,23.01µm
_06651_,23.01µm
_06937_,23.01µm
_08226_,23.01µm
_08821_,23.01µm
_08845_,23.01µm
debug_addr\[6\],23.01µm
u_transform_scheduler_core.dft12_ram_q\[7\]\[3\],23.01µm
u_transform_scheduler_core.fifo_x0_q\[0\]\[10\],23.01µm
u_transform_scheduler_core.tx_dft12_hold_q\[0\]\[11\],23.01µm
u_transform_scheduler_core.u_fft128_modulo_controller.fetch_x1_i\[11\],23.01µm
u_transform_scheduler_core.u_fft128_modulo_controller.result_group\[6\],23.01µm
u_transform_scheduler_core.u_mixed_radix_butterfly.arithmetic_x0_i_reg\[4\],23.01µm
u_transform_scheduler_core.u_mixed_radix_butterfly.high_rq_reg\[9\],23.01µm
u_transform_scheduler_core.u_mixed_radix_butterfly.low_ii_reg\[4\],23.01µm
_00198_,22.96µm
_00238_,22.96µm
_00408_,22.96µm
_00960_,22.96µm
_01886_,22.96µm
_02050_,22.96µm
_02196_,22.96µm
_02327_,22.96µm
_03002_,22.96µm
_03293_,22.96µm
_03791_,22.96µm
_04002_,22.96µm
_04157_,22.96µm
_06052_,22.96µm
_06509_,22.96µm
_07259_,22.96µm
_07282_,22.96µm
_07463_,22.96µm
_08948_,22.96µm
u_transform_scheduler_core.rx_small_x1_i\[3\],22.96µm
u_transform_scheduler_core.tx_dft12_hold_i\[0\]\[6\],22.96µm
u_transform_scheduler_core.tx_dft12_hold_q\[2\]\[14\],22.96µm
u_transform_scheduler_core.u_mixed_radix_butterfly.high_iq_reg\[9\],22.96µm
u_transform_scheduler_core.u_mixed_radix_butterfly.low_iq_reg\[7\],22.96µm
u_transform_scheduler_core.u_mixed_radix_butterfly.premultiply_x0_q_reg\[11\],22.96µm
_06429_,22.9µm
u_transform_scheduler_core.u_fft_scratch_sram.u_lo.macro_addr\[1\],22.87µm
u_transform_scheduler_core.u_fft_scratch_sram.u_hi.macro_addr\[5\],22.82µm
_08367_,22.73µm
_07269_,22.6µm
_08194_,22.56µm
_04007_,22.55µm
u_transform_scheduler_core.u_fft128_modulo_controller.fetch_x1_q\[13\],22.55µm
u_transform_scheduler_core.u_mixed_radix_butterfly.high_iq_reg\[11\],22.55µm
u_transform_scheduler_core.u_mixed_radix_butterfly.low_rq_reg\[11\],22.55µm
_03572_,22.5µm
_03919_,22.5µm
_07404_,22.5µm
_07641_,22.5µm
_07654_,22.5µm
_07838_,22.5µm
_08201_,22.5µm
_08621_,22.5µm
debug_data_hi\[5\],22.5µm
debug_read_latch\[15\],22.5µm
u_transform_scheduler_core.fifo_x1_q\[0\]\[0\],22.5µm
u_transform_scheduler_core.rx_small_x1_i\[6\],22.5µm
u_transform_scheduler_core.rx_state\[10\],22.5µm
u_transform_scheduler_core.tx_dft12_hold_q\[2\]\[7\],22.5µm
_00272_,22.45µm
_01073_,22.45µm
_02171_,22.45µm
_02342_,22.45µm
_02388_,22.45µm
_02792_,22.45µm
_03035_,22.45µm
_03045_,22.45µm
_03386_,22.45µm
_03545_,22.45µm
_03672_,22.45µm
_04630_,22.45µm
_04864_,22.45µm
_04882_,22.45µm
_05127_,22.45µm
_05229_,22.45µm
_05292_,22.45µm
_05555_,22.45µm
_05651_,22.45µm
_05766_,22.45µm
_06028_,22.45µm
_06074_,22.45µm
_06156_,22.45µm
_06274_,22.45µm
_06338_,22.45µm
_06801_,22.45µm
_07018_,22.45µm
_07081_,22.45µm
_07274_,22.45µm
_07598_,22.45µm
_08143_,22.45µm
_08238_,22.45µm
_08352_,22.45µm
_08478_,22.45µm
u_transform_scheduler_core.dft12_ram_i\[0\]\[6\],22.45µm
u_transform_scheduler_core.rx_fft128_i\[0\],22.45µm
u_transform_scheduler_core.tx_dft12_hold_i\[2\]\[4\],22.45µm
u_transform_scheduler_core.tx_dft12_hold_i\[2\]\[8\],22.45µm
u_transform_scheduler_core.u_mixed_radix_butterfly.low_rr_reg\[6\],22.45µm
u_transform_scheduler_core.u_mixed_radix_butterfly.x0_i_ext\[7\],22.45µm
u_transform_scheduler_core.u_tdiq_input_cp_remove.held_i\[0\],22.45µm
_00008_,22.4µm
_00477_,22.4µm
_00936_,22.4µm
_01125_,22.4µm
_01126_,22.4µm
_01371_,22.4µm
_01765_,22.4µm
_01773_,22.4µm
_01958_,22.4µm
_02177_,22.4µm
_02185_,22.4µm
_03186_,22.4µm
_03346_,22.4µm
_03708_,22.4µm
_03862_,22.4µm
_04403_,22.4µm
_05133_,22.4µm
_05910_,22.4µm
_06009_,22.4µm
_06382_,22.4µm
_07015_,22.4µm
_07091_,22.4µm
_07161_,22.4µm
_07323_,22.4µm
_07485_,22.4µm
_07522_,22.4µm
_07785_,22.4µm
_08752_,22.4µm
_08955_,22.4µm
u_transform_scheduler_core.fifo_x2_i\[0\]\[6\],22.4µm
u_transform_scheduler_core.rx_dft12_i\[4\],22.4µm
u_transform_scheduler_core.rx_fft128_i\[2\],22.4µm
u_transform_scheduler_core.u_fft_scratch_sram.macro_wdata\[11\],22.4µm
_08670_,22.22µm
_03896_,22.04µm
_04624_,21.99µm
_07252_,21.99µm
_07353_,21.99µm
_07356_,21.99µm
_08158_,21.99µm
_08227_,21.99µm
_08582_,21.99µm
_08869_,21.99µm
u_transform_scheduler_core.mod_diag_X0_q\[15\],21.99µm
u_transform_scheduler_core.ofdm_capture_done,21.99µm
_02236_,21.94µm
_03685_,21.94µm
_04870_,21.94µm
_05378_,21.94µm
_05938_,21.94µm
_07620_,21.94µm
_07687_,21.94µm
_08384_,21.94µm
_08503_,21.94µm
debug_addr\[3\],21.94µm
debug_addr\[4\],21.94µm
u_transform_scheduler_core.rx_small_x0_q\[3\],21.94µm
u_transform_scheduler_core.tx_dft12_hold_q\[0\]\[1\],21.94µm
u_transform_scheduler_core.tx_output_done,21.94µm
u_transform_scheduler_core.u_fft128_modulo_controller.fetch_x1_i\[7\],21.94µm
u_transform_scheduler_core.u_mixed_radix_butterfly.arithmetic_uop_reg\[1\],21.94µm
u_transform_scheduler_core.u_mixed_radix_butterfly.premultiply_half_sum_q_reg\[9\],21.94µm
u_transform_scheduler_core.u_mixed_radix_butterfly.premultiply_x0_i_reg\[7\],21.94µm
u_transform_scheduler_core.u_mixed_radix_butterfly.premultiply_x0_q_reg\[6\],21.94µm
u_transform_scheduler_core.u_mixed_radix_butterfly.product_ii_reg\[17\],21.94µm
_00113_,21.89µm
_00594_,21.89µm
_01234_,21.89µm
_01468_,21.89µm
_02275_,21.89µm
_02315_,21.89µm
_02814_,21.89µm
_03440_,21.89µm
_04070_,21.89µm
_04174_,21.89µm
_04277_,21.89µm
_04354_,21.89µm
_05052_,21.89µm
_05422_,21.89µm
_05947_,21.89µm
_06239_,21.89µm
_06353_,21.89µm
_06909_,21.89µm
_08338_,21.89µm
_08357_,21.89µm
_08461_,21.89µm
_08578_,21.89µm
_08749_,21.89µm
_08887_,21.89µm
_08893_,21.89µm
debug_data_hi\[3\],21.89µm
input_left\[3\],21.89µm
u_transform_scheduler_core.mod_diag_X0_q\[10\],21.89µm
u_transform_scheduler_core.mod_x0_i\[9\],21.89µm
u_transform_scheduler_core.rx_dft12_i\[10\],21.89µm
u_transform_scheduler_core.rx_dft12_i\[3\],21.89µm
u_transform_scheduler_core.rx_small_x2_i\[4\],21.89µm
u_transform_scheduler_core.tx_dft12_hold_i\[1\]\[15\],21.89µm
u_transform_scheduler_core.tx_dft12_hold_q\[0\]\[6\],21.89µm
u_transform_scheduler_core.tx_dft12_hold_q\[1\]\[4\],21.89µm
u_transform_scheduler_core.u_fft_scratch_sram.i_half\[7\],21.89µm
u_transform_scheduler_core.u_mixed_radix_butterfly.arithmetic_half_sum_i_reg\[14\],21.89µm
u_transform_scheduler_core.u_mixed_radix_butterfly.arithmetic_half_sum_i_reg\[9\],21.89µm
u_transform_scheduler_core.u_mixed_radix_butterfly.premultiply_twiddle_im_reg\[0\],21.89µm
u_transform_scheduler_core.u_mixed_radix_butterfly.product_iq_reg\[9\],21.89µm
_01059_,21.84µm
_02099_,21.84µm
_02189_,21.84µm
_02306_,21.84µm
_02565_,21.84µm
_02790_,21.84µm
_02988_,21.84µm
_03141_,21.84µm
_03144_,21.84µm
_03422_,21.84µm
_03957_,21.84µm
_04736_,21.84µm
_04991_,21.84µm
_05140_,21.84µm
_05293_,21.84µm
_05302_,21.84µm
_05404_,21.84µm
_05481_,21.84µm
_06199_,21.84µm
_06271_,21.84µm
_06521_,21.84µm
_07058_,21.84µm
_07464_,21.84µm
_07762_,21.84µm
_07821_,21.84µm
_08537_,21.84µm
_08598_,21.84µm
_08611_,21.84µm
_08701_,21.84µm
_08804_,21.84µm
u_transform_scheduler_core.dft12_ram_i\[0\]\[3\],21.84µm
u_transform_scheduler_core.fft_mem_rdata\[3\],21.84µm
u_transform_scheduler_core.mod_x0_q\[13\],21.84µm
u_transform_scheduler_core.u_mixed_radix_butterfly.final_scalar_product_reg\[8\],21.84µm
u_transform_scheduler_core.u_mixed_radix_butterfly.low_rr_reg\[8\],21.84µm
u_transform_scheduler_core.u_fft_scratch_sram.u_lo.macro_addr\[7\],21.75µm
_06441_,21.48µm
_02033_,21.43µm
u_transform_scheduler_core.dft12_ram_q\[0\]\[11\],21.43µm
u_transform_scheduler_core.u_mixed_radix_butterfly.low_rr_reg\[15\],21.43µm
_02705_,21.38µm
_04343_,21.38µm
_04542_,21.38µm
_05206_,21.38µm
_05484_,21.38µm
_06445_,21.38µm
_07487_,21.38µm
_07521_,21.38µm
_07773_,21.38µm
_08289_,21.38µm
_08707_,21.38µm
debug_read_latch\[12\],21.38µm
debug_read_latch\[6\],21.38µm
u_transform_scheduler_core.dft12_state\[2\],21.38µm
u_transform_scheduler_core.mod_x0_q\[5\],21.38µm
u_transform_scheduler_core.rx_small_x0_i\[6\],21.38µm
u_transform_scheduler_core.u_fft128_modulo_controller.fetch_x1_i\[6\],21.38µm
u_transform_scheduler_core.u_fft128_modulo_controller.read_return_count\[2\],21.38µm
u_transform_scheduler_core.u_mixed_radix_butterfly.arithmetic_x0_q_reg\[4\],21.38µm
u_transform_scheduler_core.u_mixed_radix_butterfly.final_scalar_product_reg\[2\],21.38µm
u_transform_scheduler_core.u_mixed_radix_butterfly.high_iq_reg\[8\],21.38µm
u_transform_scheduler_core.u_mixed_radix_butterfly.premultiply_half_sum_q_reg\[5\],21.38µm
u_transform_scheduler_core.u_mixed_radix_butterfly.x0_i_ext\[13\],21.38µm
_00680_,21.33µm
_00772_,21.33µm
_00830_,21.33µm
_01301_,21.33µm
_01780_,21.33µm
_01853_,21.33µm
_02711_,21.33µm
_03142_,21.33µm
_03180_,21.33µm
_03255_,21.33µm
_03687_,21.33µm
_03741_,21.33µm
_03878_,21.33µm
_04034_,21.33µm
_04172_,21.33µm
_04382_,21.33µm
_04682_,21.33µm
_05957_,21.33µm
_06276_,21.33µm
_06337_,21.33µm
_06571_,21.33µm
_06659_,21.33µm
_06702_,21.33µm
_06886_,21.33µm
_06999_,21.33µm
_07195_,21.33µm
_07210_,21.33µm
_07309_,21.33µm
_07338_,21.33µm
_07824_,21.33µm
_08517_,21.33µm
_08607_,21.33µm
_08894_,21.33µm
u_transform_scheduler_core.dft12_phase_onehot\[1\],21.33µm
u_transform_scheduler_core.dft12_phase_onehot\[2\],21.33µm
u_transform_scheduler_core.rx_small_x1_i\[7\],21.33µm
u_transform_scheduler_core.tx_dft12_hold_i\[0\]\[12\],21.33µm
u_transform_scheduler_core.u_fft_scratch_sram.i_half\[6\],21.33µm
u_transform_scheduler_core.u_fft_scratch_sram.saved_addr\[4\],21.33µm
u_transform_scheduler_core.u_mixed_radix_butterfly.arithmetic_half_sum_q_reg\[0\],21.33µm
u_transform_scheduler_core.u_mixed_radix_butterfly.arithmetic_x0_i_reg\[2\],21.33µm
u_transform_scheduler_core.u_mixed_radix_butterfly.high_rr_reg\[10\],21.33µm
u_transform_scheduler_core.u_mixed_radix_butterfly.multiply_product_fire,21.33µm
u_transform_scheduler_core.u_mixed_radix_butterfly.twiddle_im_reg\[6\],21.33µm
u_transform_scheduler_core.u_mixed_radix_butterfly.x0_q_ext\[13\],21.33µm
u_transform_scheduler_core.u_tdiq_output_cp_insert.requests_left\[8\],21.33µm
_01082_,21.28µm
_01089_,21.28µm
_01405_,21.28µm
_01725_,21.28µm
_02217_,21.28µm
_02274_,21.28µm
_02356_,21.28µm
_02442_,21.28µm
_02951_,21.28µm
_03140_,21.28µm
_03349_,21.28µm
_03376_,21.28µm
_03512_,21.28µm
_03593_,21.28µm
_04111_,21.28µm
_04652_,21.28µm
_04704_,21.28µm
_04769_,21.28µm
_04964_,21.28µm
_04972_,21.28µm
_04995_,21.28µm
_05255_,21.28µm
_05400_,21.28µm
_05737_,21.28µm
_05893_,21.28µm
_05985_,21.28µm
_06752_,21.28µm
_07510_,21.28µm
_08142_,21.28µm
_08413_,21.28µm
_08718_,21.28µm
_08758_,21.28µm
u_transform_scheduler_core.tx_dft12_hold_q\[1\]\[3\],21.28µm
u_transform_scheduler_core.u_fft_scratch_sram.u_lo.macro_addr\[6\],21.14µm
u_transform_scheduler_core.u_mixed_radix_butterfly.high_rq_reg\[6\],20.87µm
u_transform_scheduler_core.u_mixed_radix_butterfly.product_rr_reg\[14\],20.87µm
_02238_,20.82µm
_03404_,20.82µm
_03863_,20.82µm
_07403_,20.82µm
_08862_,20.82µm
u_transform_scheduler_core.mod_x0_q\[11\],20.82µm
u_transform_scheduler_core.rx_small_x1_i\[0\],20.82µm
u_transform_scheduler_core.tx_dft12_hold_i\[0\]\[4\],20.82µm
u_transform_scheduler_core.tx_dft12_hold_i\[1\]\[3\],20.82µm
u_transform_scheduler_core.tx_dout\[3\],20.82µm
u_transform_scheduler_core.u_fdiq_output_adapter.sample_q_reg\[1\],20.82µm
u_transform_scheduler_core.u_fft128_modulo_controller.fetch_x1_q\[12\],20.82µm
u_transform_scheduler_core.u_mixed_radix_butterfly.arithmetic_half_sum_q_reg\[13\],20.82µm
u_transform_scheduler_core.u_mixed_radix_butterfly.premultiply_half_sum_i_reg\[4\],20.82µm
u_transform_scheduler_core.u_mixed_radix_butterfly.premultiply_input_i_reg\[4\],20.82µm
u_transform_scheduler_core.u_mixed_radix_butterfly.product_rq_reg\[8\],20.82µm
u_transform_scheduler_core.u_mixed_radix_butterfly.product_rr_reg\[3\],20.82µm
_02621_,20.8µm
_00195_,20.77µm
_00566_,20.77µm
_00591_,20.77µm
_00797_,20.77µm
_01016_,20.77µm
_01547_,20.77µm
_01797_,20.77µm
_02043_,20.77µm
_02395_,20.77µm
_02681_,20.77µm
_02862_,20.77µm
_02958_,20.77µm
_03012_,20.77µm
_03171_,20.77µm
_03727_,20.77µm
_03843_,20.77µm
_03858_,20.77µm
_04082_,20.77µm
_04105_,20.77µm
_04446_,20.77µm
_04651_,20.77µm
_04813_,20.77µm
_05061_,20.77µm
_05403_,20.77µm
_05503_,20.77µm
_05663_,20.77µm
_05683_,20.77µm
_05771_,20.77µm
_05831_,20.77µm
_06672_,20.77µm
_06737_,20.77µm
_07337_,20.77µm
_07604_,20.77µm
_07619_,20.77µm
_07837_,20.77µm
_08411_,20.77µm
_08562_,20.77µm
_08665_,20.77µm
_08866_,20.77µm
debug_addr\[5\],20.77µm
u_transform_scheduler_core.mod_x0_i\[4\],20.77µm
u_transform_scheduler_core.ofdm_sample_i\[2\],20.77µm
u_transform_scheduler_core.rx_small_x0_i\[0\],20.77µm
u_transform_scheduler_core.rx_small_x1_q\[5\],20.77µm
u_transform_scheduler_core.u_mixed_radix_butterfly.premultiply_half_sum_q_reg\[12\],20.77µm
u_transform_scheduler_core.u_mixed_radix_butterfly.premultiply_input_i_reg\[5\],20.77µm
u_transform_scheduler_core.u_mixed_radix_butterfly.premultiply_x0_i_reg\[3\],20.77µm
u_transform_scheduler_core.u_mixed_radix_butterfly.product_ii_reg\[7\],20.77µm
_00356_,20.72µm
_00871_,20.72µm
_01104_,20.72µm
_01582_,20.72µm
_01971_,20.72µm
_02015_,20.72µm
_02399_,20.72µm
_02412_,20.72µm
_02664_,20.72µm
_02939_,20.72µm
_02989_,20.72µm
_03183_,20.72µm
_04339_,20.72µm
_04631_,20.72µm
_04865_,20.72µm
_04981_,20.72µm
_05175_,20.72µm
_05210_,20.72µm
_05390_,20.72µm
_06528_,20.72µm
_06878_,20.72µm
_07174_,20.72µm
_07416_,20.72µm
_07470_,20.72µm
_07839_,20.72µm
_07910_,20.72µm
_08176_,20.72µm
_08251_,20.72µm
_08429_,20.72µm
_08494_,20.72µm
_08497_,20.72µm
_08543_,20.72µm
_08772_,20.72µm
_08923_,20.72µm
u_transform_scheduler_core.mod_x0_q\[10\],20.72µm
_02699_,20.49µm
_04012_,20.31µm
_05525_,20.31µm
_08682_,20.31µm
u_transform_scheduler_core.fifo_x1_i\[0\]\[3\],20.31µm
u_transform_scheduler_core.tx_dft12_hold_q\[0\]\[0\],20.31µm
u_transform_scheduler_core.u_mixed_radix_butterfly.product_rr_reg\[21\],20.31µm
_03961_,20.26µm
_06099_,20.26µm
_07568_,20.26µm
_07688_,20.26µm
_07704_,20.26µm
_08048_,20.26µm
_08212_,20.26µm
_08334_,20.26µm
_08594_,20.26µm
_08900_,20.26µm
debug_wdata\[6\],20.26µm
u_transform_scheduler_core.fft_mem_rdata\[1\],20.26µm
u_transform_scheduler_core.fifo_x0_i\[0\]\[6\],20.26µm
u_transform_scheduler_core.mod_x0_i\[13\],20.26µm
u_transform_scheduler_core.ofdm_sample_i\[3\],20.26µm
u_transform_scheduler_core.rx_small_x0_i\[4\],20.26µm
u_transform_scheduler_core.tx_dft12_hold_i\[2\]\[11\],20.26µm
u_transform_scheduler_core.tx_dft12_hold_i\[2\]\[13\],20.26µm
u_transform_scheduler_core.tx_dft12_hold_q\[0\]\[8\],20.26µm
u_transform_scheduler_core.u_mixed_radix_butterfly.high_rr_reg\[9\],20.26µm
u_transform_scheduler_core.u_mixed_radix_butterfly.premultiply_twiddle_im_reg\[6\],20.26µm
_00411_,20.21µm
_00416_,20.21µm
_00453_,20.21µm
_00482_,20.21µm
_00792_,20.21µm
_00868_,20.21µm
_01001_,20.21µm
_02089_,20.21µm
_02104_,20.21µm
_02202_,20.21µm
_02348_,20.21µm
_02635_,20.21µm
_03596_,20.21µm
_03716_,20.21µm
_03958_,20.21µm
_03975_,20.21µm
_03976_,20.21µm
_04243_,20.21µm
_04503_,20.21µm
_04567_,20.21µm
_04838_,20.21µm
_04900_,20.21µm
_05370_,20.21µm
_05888_,20.21µm
_06297_,20.21µm
_06307_,20.21µm
_06602_,20.21µm
_06698_,20.21µm
_06828_,20.21µm
_06837_,20.21µm
_06913_,20.21µm
_07115_,20.21µm
_07199_,20.21µm
_07297_,20.21µm
_07453_,20.21µm
_07512_,20.21µm
_07581_,20.21µm
_07894_,20.21µm
_08111_,20.21µm
_08146_,20.21µm
_08150_,20.21µm
_08219_,20.21µm
_08390_,20.21µm
_08433_,20.21µm
_08716_,20.21µm
_08888_,20.21µm
debug_wdata\[9\],20.21µm
u_transform_scheduler_core.tx_dft12_hold_i\[0\]\[1\],20.21µm
u_transform_scheduler_core.tx_sample_q\[5\],20.21µm
u_transform_scheduler_core.u_mixed_radix_butterfly.arithmetic_x0_q_reg\[1\],20.21µm
u_transform_scheduler_core.u_mixed_radix_butterfly.arithmetic_x0_q_reg\[3\],20.21µm
u_transform_scheduler_core.u_mixed_radix_butterfly.high_rq_reg\[13\],20.21µm
u_transform_scheduler_core.u_mixed_radix_butterfly.premultiply_half_sum_q_reg\[10\],20.21µm
u_transform_scheduler_core.u_mixed_radix_butterfly.premultiply_twiddle_im_reg\[3\],20.21µm
_00190_,20.16µm
_00443_,20.16µm
_01285_,20.16µm
_02558_,20.16µm
_02646_,20.16µm
_02682_,20.16µm
_02765_,20.16µm
_02845_,20.16µm
_02864_,20.16µm
_03185_,20.16µm
_03586_,20.16µm
_03720_,20.16µm
_03762_,20.16µm
_03770_,20.16µm
_04255_,20.16µm
_04501_,20.16µm
_04921_,20.16µm
_05224_,20.16µm
_05330_,20.16µm
_05423_,20.16µm
_05915_,20.16µm
_05964_,20.16µm
_07548_,20.16µm
_07557_,20.16µm
_08114_,20.16µm
_08796_,20.16µm
_08832_,20.16µm
_08840_,20.16µm
u_transform_scheduler_core.fifo_x0_q\[0\]\[5\],20.16µm
u_transform_scheduler_core.tx_dft12_hold_q\[0\]\[3\],20.16µm
u_transform_scheduler_core.u_mixed_radix_butterfly.premultiply_input_i_reg\[8\],20.16µm
u_transform_scheduler_core.u_tdiq_input_cp_remove.held_i\[1\],20.16µm
_03507_,20.15µm
u_transform_scheduler_core.u_fft_scratch_sram.u_hi.macro_addr\[4\],20.02µm
_08396_,19.88µm
u_transform_scheduler_core.dft12_ram_q\[0\]\[8\],19.75µm
u_transform_scheduler_core.tx_sample_q\[1\],19.75µm
u_transform_scheduler_core.u_mixed_radix_butterfly.high_iq_reg\[2\],19.75µm
u_transform_scheduler_core.u_tdiq_output_cp_insert.requests_left\[0\],19.75µm
_03689_,19.7µm
_03972_,19.7µm
_04497_,19.7µm
_05358_,19.7µm
_05482_,19.7µm
_06526_,19.7µm
_08711_,19.7µm
u_transform_scheduler_core.fifo_x1_i\[0\]\[0\],19.7µm
u_transform_scheduler_core.fifo_x2_i\[0\]\[3\],19.7µm
u_transform_scheduler_core.rx_small_x0_i\[2\],19.7µm
u_transform_scheduler_core.u_mixed_radix_butterfly.arithmetic_x0_i_reg\[12\],19.7µm
u_transform_scheduler_core.u_mixed_radix_butterfly.premultiply_input_q_reg\[5\],19.7µm
u_transform_scheduler_core.u_mixed_radix_butterfly.premultiply_twiddle_im_reg\[2\],19.7µm
u_transform_scheduler_core.u_mixed_radix_butterfly.premultiply_twiddle_re_reg\[0\],19.7µm
u_transform_scheduler_core.u_mixed_radix_butterfly.product_iq_reg\[4\],19.7µm
_00550_,19.65µm
_01543_,19.65µm
_02002_,19.65µm
_02092_,19.65µm
_02346_,19.65µm
_02358_,19.65µm
_02740_,19.65µm
_02924_,19.65µm
_03030_,19.65µm
_03126_,19.65µm
_03322_,19.65µm
_03421_,19.65µm
_03485_,19.65µm
_03667_,19.65µm
_03806_,19.65µm
_03963_,19.65µm
_04026_,19.65µm
_04097_,19.65µm
_04131_,19.65µm
_04176_,19.65µm
_04821_,19.65µm
_05141_,19.65µm
_05469_,19.65µm
_05564_,19.65µm
_05603_,19.65µm
_05730_,19.65µm
_05845_,19.65µm
_05902_,19.65µm
_06125_,19.65µm
_06461_,19.65µm
_07156_,19.65µm
_07377_,19.65µm
_08196_,19.65µm
_08493_,19.65µm
_08544_,19.65µm
_08932_,19.65µm
debug_wdata\[5\],19.65µm
u_transform_scheduler_core.mod_x0_i\[5\],19.65µm
u_transform_scheduler_core.rx_dft12_i\[0\],19.65µm
u_transform_scheduler_core.tx_dft12_hold_q\[2\]\[5\],19.65µm
u_transform_scheduler_core.u_mixed_radix_butterfly.arithmetic_half_sum_i_reg\[3\],19.65µm
u_transform_scheduler_core.u_mixed_radix_butterfly.high_iq_reg\[13\],19.65µm
u_transform_scheduler_core.u_mixed_radix_butterfly.low_ii_reg\[0\],19.65µm
u_transform_scheduler_core.u_mixed_radix_butterfly.premultiply_input_q_reg\[0\],19.65µm
u_transform_scheduler_core.u_mixed_radix_butterfly.product_rr_reg\[13\],19.65µm
u_transform_scheduler_core.u_mixed_radix_butterfly.twiddle_re_reg\[1\],19.65µm
_00051_,19.6µm
_00154_,19.6µm
_00239_,19.6µm
_00349_,19.6µm
_00460_,19.6µm
_00814_,19.6µm
_01014_,19.6µm
_01165_,19.6µm
_01416_,19.6µm
_01511_,19.6µm
_01569_,19.6µm
_01794_,19.6µm
_01812_,19.6µm
_02052_,19.6µm
_02242_,19.6µm
_02281_,19.6µm
_02387_,19.6µm
_02796_,19.6µm
_02903_,19.6µm
_02928_,19.6µm
_03179_,19.6µm
_03260_,19.6µm
_03650_,19.6µm
_04244_,19.6µm
_04364_,19.6µm
_04857_,19.6µm
_05017_,19.6µm
_05199_,19.6µm
_05353_,19.6µm
_05391_,19.6µm
_05398_,19.6µm
_05401_,19.6µm
_05462_,19.6µm
_05606_,19.6µm
_05874_,19.6µm
_05937_,19.6µm
_05991_,19.6µm
_06262_,19.6µm
_06491_,19.6µm
_06515_,19.6µm
_06860_,19.6µm
_06925_,19.6µm
_07048_,19.6µm
_07070_,19.6µm
_07482_,19.6µm
_07643_,19.6µm
_07742_,19.6µm
_07780_,19.6µm
_07972_,19.6µm
_08090_,19.6µm
_08304_,19.6µm
_08536_,19.6µm
_08539_,19.6µm
_08660_,19.6µm
_08666_,19.6µm
u_transform_scheduler_core.tx_dft12_hold_i\[1\]\[9\],19.6µm
u_transform_scheduler_core.u_fft_scratch_sram.u_hi.macro_addr\[0\],19.46µm
u_transform_scheduler_core.u_fft_scratch_sram.u_lo.macro_wdata\[6\],19.46µm
_01987_,19.19µm
_02044_,19.19µm
_08328_,19.19µm
u_transform_scheduler_core.rx_small_x1_i\[5\],19.19µm
u_transform_scheduler_core.u_fdiq_output_adapter.sample_q_reg\[6\],19.19µm
u_transform_scheduler_core.u_mixed_radix_butterfly.premultiply_half_sum_i_reg\[1\],19.19µm
_02085_,19.14µm
_02106_,19.14µm
_03451_,19.14µm
_03561_,19.14µm
_03936_,19.14µm
_05310_,19.14µm
_05357_,19.14µm
_05507_,19.14µm
_07139_,19.14µm
_07170_,19.14µm
_07355_,19.14µm
_07694_,19.14µm
_07702_,19.14µm
_08277_,19.14µm
_08356_,19.14µm
_08412_,19.14µm
_08437_,19.14µm
_08513_,19.14µm
_08651_,19.14µm
_08829_,19.14µm
debug_data_hi\[7\],19.14µm
u_transform_scheduler_core.fifo_x0_i\[0\]\[4\],19.14µm
u_transform_scheduler_core.mod_diag_X0_i\[10\],19.14µm
u_transform_scheduler_core.rx_small_x1_q\[6\],19.14µm
u_transform_scheduler_core.small_inflight_count\[2\],19.14µm
u_transform_scheduler_core.tx_dft12_hold_i\[1\]\[0\],19.14µm
u_transform_scheduler_core.u_fft128_modulo_controller.fetch_x1_i\[10\],19.14µm
u_transform_scheduler_core.u_mixed_radix_butterfly.arithmetic_x0_q_reg\[5\],19.14µm
_00065_,19.09µm
_00350_,19.09µm
_00372_,19.09µm
_00743_,19.09µm
_01042_,19.09µm
_01083_,19.09µm
_01087_,19.09µm
_01357_,19.09µm
_01706_,19.09µm
_01805_,19.09µm
_02012_,19.09µm
_02034_,19.09µm
_02775_,19.09µm
_02812_,19.09µm
_03413_,19.09µm
_03459_,19.09µm
_03544_,19.09µm
_03594_,19.09µm
_03696_,19.09µm
_03910_,19.09µm
_04038_,19.09µm
_04806_,19.09µm
_04869_,19.09µm
_05514_,19.09µm
_05527_,19.09µm
_05546_,19.09µm
_05611_,19.09µm
_05713_,19.09µm
_05794_,19.09µm
_05826_,19.09µm
_06104_,19.09µm
_06111_,19.09µm
_06280_,19.09µm
_06488_,19.09µm
_06647_,19.09µm
_06706_,19.09µm
_06715_,19.09µm
_07219_,19.09µm
_07273_,19.09µm
_07299_,19.09µm
_07369_,19.09µm
_07783_,19.09µm
_07994_,19.09µm
_08089_,19.09µm
_08235_,19.09µm
_08767_,19.09µm
_08877_,19.09µm
_08931_,19.09µm
u_transform_scheduler_core.fft_mem_rdata\[29\],19.09µm
u_transform_scheduler_core.rx_small_x2_i\[2\],19.09µm
u_transform_scheduler_core.tx_dft12_hold_i\[0\]\[3\],19.09µm
u_transform_scheduler_core.tx_dft12_hold_i\[1\]\[5\],19.09µm
u_transform_scheduler_core.tx_dft12_hold_q\[1\]\[13\],19.09µm
u_transform_scheduler_core.u_fft_scratch_sram.i_half\[11\],19.09µm
u_transform_scheduler_core.u_fft_scratch_sram.state\[1\],19.09µm
u_transform_scheduler_core.u_mixed_radix_butterfly.arithmetic_x0_q_reg\[0\],19.09µm
u_transform_scheduler_core.u_mixed_radix_butterfly.low_iq_reg\[0\],19.09µm
u_transform_scheduler_core.u_mixed_radix_butterfly.premultiply_x0_i_reg\[8\],19.09µm
_00093_,19.04µm
_00127_,19.04µm
_00389_,19.04µm
_00430_,19.04µm
_00438_,19.04µm
_00796_,19.04µm
_00903_,19.04µm
_00908_,19.04µm
_01719_,19.04µm
_01954_,19.04µm
_02137_,19.04µm
_02276_,19.04µm
_02316_,19.04µm
_02444_,19.04µm
_02457_,19.04µm
_02714_,19.04µm
_02718_,19.04µm
_02847_,19.04µm
_02936_,19.04µm
_03017_,19.04µm
_03055_,19.04µm
_03470_,19.04µm
_03937_,19.04µm
_04093_,19.04µm
_04495_,19.04µm
_04966_,19.04µm
_04976_,19.04µm
_05054_,19.04µm
_05055_,19.04µm
_05453_,19.04µm
_05889_,19.04µm
_05998_,19.04µm
_06348_,19.04µm
_06444_,19.04µm
_07082_,19.04µm
_07556_,19.04µm
_07571_,19.04µm
_07744_,19.04µm
_08172_,19.04µm
_08553_,19.04µm
_08600_,19.04µm
_08968_,19.04µm
debug_read_latch\[14\],19.04µm
u_transform_scheduler_core.u_mixed_radix_butterfly.arithmetic_half_sum_q_reg\[4\],19.04µm
u_transform_scheduler_core.u_mixed_radix_butterfly.product_rr_reg\[0\],19.04µm
u_transform_scheduler_core.u_fft_scratch_sram.u_hi.macro_addr\[1\],18.9µm
u_transform_scheduler_core.u_fft_scratch_sram.u_hi.macro_cen,18.9µm
u_transform_scheduler_core.u_fft_scratch_sram.u_lo.macro_wdata\[7\],18.9µm
_06191_,18.63µm
_07570_,18.63µm
debug_data_hi\[2\],18.63µm
_03688_,18.58µm
_05490_,18.58µm
_05765_,18.58µm
_06167_,18.58µm
_06374_,18.58µm
_07192_,18.58µm
_07310_,18.58µm
_07381_,18.58µm
_07419_,18.58µm
_07676_,18.58µm
_07677_,18.58µm
_08166_,18.58µm
_08247_,18.58µm
_08353_,18.58µm
_08405_,18.58µm
_08488_,18.58µm
u_transform_scheduler_core.mod_x0_q\[6\],18.58µm
u_transform_scheduler_core.ofdm_sample_q\[1\],18.58µm
u_transform_scheduler_core.rx_small_x1_q\[7\],18.58µm
u_transform_scheduler_core.u_fft128_modulo_controller.fetch_x1_i\[5\],18.58µm
u_transform_scheduler_core.u_mixed_radix_butterfly.final_scalar_product_reg\[9\],18.58µm
u_transform_scheduler_core.u_mixed_radix_butterfly.low_iq_reg\[4\],18.58µm
u_transform_scheduler_core.u_mixed_radix_butterfly.premultiply_half_sum_q_reg\[1\],18.58µm
u_transform_scheduler_core.u_mixed_radix_butterfly.premultiply_twiddle_re_reg\[4\],18.58µm
u_transform_scheduler_core.u_mixed_radix_butterfly.product_rr_reg\[19\],18.58µm
_00361_,18.53µm
_00419_,18.53µm
_00574_,18.53µm
_00582_,18.53µm
_00973_,18.53µm
_01091_,18.53µm
_01698_,18.53µm
_01764_,18.53µm
_02006_,18.53µm
_02054_,18.53µm
_02129_,18.53µm
_02366_,18.53µm
_02429_,18.53µm
_02542_,18.53µm
_02606_,18.53µm
_02632_,18.53µm
_02685_,18.53µm
_02984_,18.53µm
_03245_,18.53µm
_03357_,18.53µm
_03360_,18.53µm
_03398_,18.53µm
_03429_,18.53µm
_03553_,18.53µm
_03565_,18.53µm
_03614_,18.53µm
_03615_,18.53µm
_03676_,18.53µm
_03789_,18.53µm
_04366_,18.53µm
_04454_,18.53µm
_04792_,18.53µm
_04796_,18.53µm
_05044_,18.53µm
_05511_,18.53µm
_05526_,18.53µm
_05719_,18.53µm
_05936_,18.53µm
_06480_,18.53µm
_06542_,18.53µm
_06789_,18.53µm
_07515_,18.53µm
_07587_,18.53µm
_07715_,18.53µm
_07843_,18.53µm
_08002_,18.53µm
_08079_,18.53µm
_08315_,18.53µm
_08337_,18.53µm
_08725_,18.53µm
_08726_,18.53µm
_08807_,18.53µm
u_transform_scheduler_core.fifo_x2_i\[0\]\[1\],18.53µm
u_transform_scheduler_core.tx_dft12_hold_i\[2\]\[14\],18.53µm
u_transform_scheduler_core.u_mixed_radix_butterfly.low_rq_reg\[3\],18.53µm
u_transform_scheduler_core.u_mixed_radix_butterfly.premultiply_half_sum_i_reg\[15\],18.53µm
u_transform_scheduler_core.u_mixed_radix_butterfly.premultiply_twiddle_re_reg\[3\],18.53µm
u_transform_scheduler_core.u_mixed_radix_butterfly.product_ii_reg\[12\],18.53µm
_07001_,18.51µm
_00073_,18.48µm
_00117_,18.48µm
_00313_,18.48µm
_00358_,18.48µm
_00492_,18.48µm
_00499_,18.48µm
_02056_,18.48µm
_02124_,18.48µm
_02308_,18.48µm
_03009_,18.48µm
_03380_,18.48µm
_03410_,18.48µm
_03964_,18.48µm
_04390_,18.48µm
_04607_,18.48µm
_04931_,18.48µm
_04989_,18.48µm
_05201_,18.48µm
_05605_,18.48µm
_05725_,18.48µm
_06144_,18.48µm
_06344_,18.48µm
_06356_,18.48µm
_06524_,18.48µm
_06938_,18.48µm
_07253_,18.48µm
_07653_,18.48µm
_08469_,18.48µm
_08481_,18.48µm
_08601_,18.48µm
u_transform_scheduler_core.tx_dft12_hold_i\[2\]\[7\],18.48µm
u_transform_scheduler_core.u_fft_scratch_sram.u_lo.macro_wdata\[3\],18.34µm
_02531_,18.2µm
_06067_,18.07µm
_06525_,18.07µm
_07336_,18.07µm
_08326_,18.07µm
u_transform_scheduler_core.dft12_ram_i\[1\]\[4\],18.07µm
u_transform_scheduler_core.dft12_sent_x1_i,18.07µm
u_transform_scheduler_core.u_mixed_radix_butterfly.twiddle_re_reg\[6\],18.07µm
_02187_,18.02µm
_03874_,18.02µm
_05557_,18.02µm
_05812_,18.02µm
_06608_,18.02µm
_07445_,18.02µm
_07478_,18.02µm
_07605_,18.02µm
_07621_,18.02µm
_07709_,18.02µm
_07733_,18.02µm
_07765_,18.02µm
_08072_,18.02µm
_08320_,18.02µm
_08414_,18.02µm
_08583_,18.02µm
_08613_,18.02µm
u_transform_scheduler_core.fft_mem_rdata\[27\],18.02µm
u_transform_scheduler_core.mod_x0_i\[11\],18.02µm
u_transform_scheduler_core.mod_x0_q\[9\],18.02µm
u_transform_scheduler_core.ofdm_sample_q\[3\],18.02µm
u_transform_scheduler_core.tx_dft12_hold_q\[0\]\[12\],18.02µm
u_transform_scheduler_core.u_fdiq_input_adapter.held_i\[3\],18.02µm
u_transform_scheduler_core.u_fft_scratch_sram.i_half\[13\],18.02µm
u_transform_scheduler_core.u_mixed_radix_butterfly.low_rq_reg\[9\],18.02µm
u_transform_scheduler_core.u_mixed_radix_butterfly.premultiply_half_sum_i_reg\[6\],18.02µm
u_transform_scheduler_core.u_mixed_radix_butterfly.premultiply_half_sum_q_reg\[4\],18.02µm
_00118_,17.97µm
_00137_,17.97µm
_00166_,17.97µm
_00193_,17.97µm
_00293_,17.97µm
_00508_,17.97µm
_00685_,17.97µm
_00703_,17.97µm
_00820_,17.97µm
_01262_,17.97µm
_01601_,17.97µm
_01769_,17.97µm
_01837_,17.97µm
_01846_,17.97µm
_01960_,17.97µm
_02254_,17.97µm
_02339_,17.97µm
_02359_,17.97µm
_02390_,17.97µm
_02474_,17.97µm
_02540_,17.97µm
_02579_,17.97µm
_02743_,17.97µm
_02784_,17.97µm
_02853_,17.97µm
_03234_,17.97µm
_03263_,17.97µm
_03329_,17.97µm
_03331_,17.97µm
_03447_,17.97µm
_03550_,17.97µm
_03659_,17.97µm
_03690_,17.97µm
_03861_,17.97µm
_03877_,17.97µm
_04380_,17.97µm
_04577_,17.97µm
_04661_,17.97µm
_04663_,17.97µm
_04940_,17.97µm
_05068_,17.97µm
_05208_,17.97µm
_05426_,17.97µm
_05614_,17.97µm
_05707_,17.97µm
_05939_,17.97µm
_06032_,17.97µm
_06043_,17.97µm
_06171_,17.97µm
_06184_,17.97µm
_06340_,17.97µm
_06629_,17.97µm
_06784_,17.97µm
_07025_,17.97µm
_07311_,17.97µm
_07413_,17.97µm
_07444_,17.97µm
_07488_,17.97µm
_07746_,17.97µm
_07754_,17.97µm
_07826_,17.97µm
_07873_,17.97µm
_07904_,17.97µm
_08209_,17.97µm
_08385_,17.97µm
_08410_,17.97µm
_08522_,17.97µm
_08555_,17.97µm
_08787_,17.97µm
_08836_,17.97µm
_08844_,17.97µm
_08913_,17.97µm
_08986_,17.97µm
u_transform_scheduler_core.u_mixed_radix_butterfly.final_scalar_product_reg\[11\],17.97µm
u_transform_scheduler_core.u_mixed_radix_butterfly.low_rq_reg\[6\],17.97µm
u_transform_scheduler_core.u_mixed_radix_butterfly.low_rr_reg\[3\],17.97µm
_00167_,17.92µm
_00220_,17.92µm
_00669_,17.92µm
_01469_,17.92µm
_01726_,17.92µm
_01782_,17.92µm
_01843_,17.92µm
_02181_,17.92µm
_02199_,17.92µm
_02305_,17.92µm
_02465_,17.92µm
_02622_,17.92µm
_03163_,17.92µm
_03604_,17.92µm
_04226_,17.92µm
_04271_,17.92µm
_04404_,17.92µm
_04740_,17.92µm
_04787_,17.92µm
_05090_,17.92µm
_05092_,17.92µm
_05285_,17.92µm
_05308_,17.92µm
_05509_,17.92µm
_05840_,17.92µm
_06481_,17.92µm
_06669_,17.92µm
_06704_,17.92µm
_06719_,17.92µm
_06796_,17.92µm
_06888_,17.92µm
_07825_,17.92µm
_07968_,17.92µm
_08001_,17.92µm
_08013_,17.92µm
_08161_,17.92µm
_08487_,17.92µm
_08514_,17.92µm
_08593_,17.92µm
u_transform_scheduler_core.fft_mem_rdata\[16\],17.92µm
u_transform_scheduler_core.fifo_x2_i\[0\]\[5\],17.92µm
u_transform_scheduler_core.rx_fft128_i\[4\],17.92µm
u_transform_scheduler_core.tx_dft12_hold_q\[2\]\[4\],17.92µm
u_transform_scheduler_core.u_mixed_radix_butterfly.low_iq_reg\[1\],17.92µm
u_transform_scheduler_core.u_mixed_radix_butterfly.x2_i_full,17.92µm
u_transform_scheduler_core.u_fft_scratch_sram.u_hi.macro_addr\[6\],17.78µm
u_transform_scheduler_core.u_fft_scratch_sram.u_hi.macro_addr\[7\],17.78µm
u_transform_scheduler_core.u_fft_scratch_sram.saved_addr\[1\],17.69µm
_02160_,17.51µm
_03950_,17.51µm
_04161_,17.51µm
_05486_,17.51µm
_08590_,17.51µm
u_transform_scheduler_core.mod_x0_q\[15\],17.51µm
_03595_,17.46µm
_03686_,17.46µm
_03817_,17.46µm
_03903_,17.46µm
_04683_,17.46µm
_08126_,17.46µm
_08136_,17.46µm
_08149_,17.46µm
_08325_,17.46µm
debug_wdata\[11\],17.46µm
debug_wdata\[7\],17.46µm
u_transform_scheduler_core.tx_dft12_hold_q\[1\]\[6\],17.46µm
u_transform_scheduler_core.u_mixed_radix_butterfly.arithmetic_half_sum_i_reg\[10\],17.46µm
u_transform_scheduler_core.u_mixed_radix_butterfly.low_iq_reg\[5\],17.46µm
u_transform_scheduler_core.u_mixed_radix_butterfly.premultiply_half_sum_q_reg\[8\],17.46µm
u_transform_scheduler_core.u_mixed_radix_butterfly.premultiply_x0_i_reg\[2\],17.46µm
_00153_,17.41µm
_00164_,17.41µm
_00209_,17.41µm
_00256_,17.41µm
_00375_,17.41µm
_00546_,17.41µm
_00567_,17.41µm
_00597_,17.41µm
_00600_,17.41µm
_00607_,17.41µm
_00877_,17.41µm
_00916_,17.41µm
_01552_,17.41µm
_01571_,17.41µm
_01587_,17.41µm
_01615_,17.41µm
_01653_,17.41µm
_01961_,17.41µm
_02215_,17.41µm
_02222_,17.41µm
_02227_,17.41µm
_02291_,17.41µm
_02361_,17.41µm
_02386_,17.41µm
_02751_,17.41µm
_03135_,17.41µm
_03202_,17.41µm
_03239_,17.41µm
_03466_,17.41µm
_03483_,17.41µm
_03520_,17.41µm
_03616_,17.41µm
_03827_,17.41µm
_03946_,17.41µm
_04091_,17.41µm
_04092_,17.41µm
_04103_,17.41µm
_04236_,17.41µm
_04504_,17.41µm
_04525_,17.41µm
_04700_,17.41µm
_04802_,17.41µm
_04896_,17.41µm
_05107_,17.41µm
_05588_,17.41µm
_05679_,17.41µm
_05933_,17.41µm
_05981_,17.41µm
_06005_,17.41µm
_06136_,17.41µm
_06236_,17.41µm
_06326_,17.41µm
_06375_,17.41µm
_06414_,17.41µm
_06596_,17.41µm
_06605_,17.41µm
_06627_,17.41µm
_06693_,17.41µm
_06890_,17.41µm
_06924_,17.41µm
_07029_,17.41µm
_07046_,17.41µm
_07095_,17.41µm
_07124_,17.41µm
_07204_,17.41µm
_07321_,17.41µm
_07461_,17.41µm
_07743_,17.41µm
_07768_,17.41µm
_07865_,17.41µm
_07890_,17.41µm
_07903_,17.41µm
_07960_,17.41µm
_07970_,17.41µm
_08055_,17.41µm
_08064_,17.41µm
_08071_,17.41µm
_08170_,17.41µm
_08183_,17.41µm
_08387_,17.41µm
_08435_,17.41µm
_08474_,17.41µm
_08492_,17.41µm
_08504_,17.41µm
_08532_,17.41µm
_08756_,17.41µm
_08870_,17.41µm
_08966_,17.41µm
debug_addr\[0\],17.41µm
u_transform_scheduler_core.dft12_ram_q\[10\]\[4\],17.41µm
u_transform_scheduler_core.rx_small_x2_i\[5\],17.41µm
u_transform_scheduler_core.tx_dft12_hold_i\[1\]\[6\],17.41µm
u_transform_scheduler_core.tx_dft12_hold_q\[1\]\[15\],17.41µm
u_transform_scheduler_core.u_mixed_radix_butterfly.premultiply_half_sum_i_reg\[11\],17.41µm
u_transform_scheduler_core.u_mixed_radix_butterfly.twiddle_re_reg\[7\],17.41µm
_00345_,17.36µm
_00484_,17.36µm
_01322_,17.36µm
_01609_,17.36µm
_02190_,17.36µm
_02418_,17.36µm
_02712_,17.36µm
_02873_,17.36µm
_02973_,17.36µm
_03115_,17.36µm
_03208_,17.36µm
_03310_,17.36µm
_03315_,17.36µm
_03473_,17.36µm
_03620_,17.36µm
_03793_,17.36µm
_04211_,17.36µm
_04279_,17.36µm
_04332_,17.36µm
_04554_,17.36µm
_04781_,17.36µm
_04841_,17.36µm
_05001_,17.36µm
_05655_,17.36µm
_05806_,17.36µm
_05841_,17.36µm
_05968_,17.36µm
_05994_,17.36µm
_06021_,17.36µm
_06298_,17.36µm
_06466_,17.36µm
_06747_,17.36µm
_06930_,17.36µm
_07261_,17.36µm
_07569_,17.36µm
_07611_,17.36µm
_07799_,17.36µm
_07975_,17.36µm
_08102_,17.36µm
_08305_,17.36µm
_08438_,17.36µm
_08597_,17.36µm
_03880_,17.05µm
_03930_,16.95µm
_05314_,16.95µm
debug_wdata\[1\],16.95µm
u_transform_scheduler_core.dft12_ram_i\[0\]\[15\],16.95µm
u_transform_scheduler_core.mod_x0_q\[14\],16.95µm
u_transform_scheduler_core.u_mixed_radix_butterfly.final_scalar_product_reg\[10\],16.95µm
u_transform_scheduler_core.u_mixed_radix_butterfly.low_iq_reg\[12\],16.95µm
u_transform_scheduler_core.u_mixed_radix_butterfly.low_rr_reg\[5\],16.95µm
_00141_,16.9µm
_00145_,16.9µm
_00180_,16.9µm
_00512_,16.9µm
_00599_,16.9µm
_00735_,16.9µm
_00768_,16.9µm
_00976_,16.9µm
_01065_,16.9µm
_01097_,16.9µm
_01818_,16.9µm
_01828_,16.9µm
_02047_,16.9µm
_03341_,16.9µm
_03875_,16.9µm
_03979_,16.9µm
_04517_,16.9µm
_04742_,16.9µm
_05043_,16.9µm
_05269_,16.9µm
_07225_,16.9µm
_07339_,16.9µm
_07713_,16.9µm
_08112_,16.9µm
_08181_,16.9µm
u_transform_scheduler_core.dft12_phase_onehot\[0\],16.9µm
u_transform_scheduler_core.mod_x0_q\[8\],16.9µm
u_transform_scheduler_core.tx_dft12_hold_i\[0\]\[10\],16.9µm
u_transform_scheduler_core.tx_dft12_hold_i\[0\]\[8\],16.9µm
u_transform_scheduler_core.tx_dft12_hold_i\[1\]\[13\],16.9µm
u_transform_scheduler_core.u_fft128_modulo_controller.fetch_operands_valid,16.9µm
u_transform_scheduler_core.u_fft128_modulo_controller.fetch_x1_q\[6\],16.9µm
u_transform_scheduler_core.u_fft_scratch_sram.saved_addr\[6\],16.9µm
u_transform_scheduler_core.u_mixed_radix_butterfly.premultiply_input_q_reg\[3\],16.9µm
u_transform_scheduler_core.u_mixed_radix_butterfly.premultiply_input_q_reg\[4\],16.9µm
u_transform_scheduler_core.u_mixed_radix_butterfly.product_iq_reg\[5\],16.9µm
u_transform_scheduler_core.u_mixed_radix_butterfly.x0_i_ext\[3\],16.9µm
u_transform_scheduler_core.u_tdiq_input_cp_remove.held_i\[10\],16.9µm
_00045_,16.85µm
_00152_,16.85µm
_00218_,16.85µm
_00268_,16.85µm
_00451_,16.85µm
_00541_,16.85µm
_00885_,16.85µm
_01103_,16.85µm
_01145_,16.85µm
_01207_,16.85µm
_01350_,16.85µm
_01555_,16.85µm
_01614_,16.85µm
_01737_,16.85µm
_01973_,16.85µm
_02289_,16.85µm
_02462_,16.85µm
_02577_,16.85µm
_02680_,16.85µm
_02793_,16.85µm
_02865_,16.85µm
_02907_,16.85µm
_03042_,16.85µm
_03044_,16.85µm
_03308_,16.85µm
_03435_,16.85µm
_03588_,16.85µm
_03603_,16.85µm
_03934_,16.85µm
_03947_,16.85µm
_04055_,16.85µm
_04069_,16.85µm
_04078_,16.85µm
_04268_,16.85µm
_04439_,16.85µm
_04529_,16.85µm
_04594_,16.85µm
_05071_,16.85µm
_05121_,16.85µm
_05247_,16.85µm
_05465_,16.85µm
_05537_,16.85µm
_05556_,16.85µm
_05559_,16.85µm
_05872_,16.85µm
_06044_,16.85µm
_06124_,16.85µm
_06212_,16.85µm
_06273_,16.85µm
_06490_,16.85µm
_06574_,16.85µm
_06854_,16.85µm
_06916_,16.85µm
_06929_,16.85µm
_07052_,16.85µm
_07102_,16.85µm
_07108_,16.85µm
_07576_,16.85µm
_07803_,16.85µm
_07881_,16.85µm
_07993_,16.85µm
_08221_,16.85µm
_08286_,16.85µm
_08345_,16.85µm
_08424_,16.85µm
_08705_,16.85µm
_08830_,16.85µm
_08941_,16.85µm
u_transform_scheduler_core.ofdm_sample_index\[5\],16.85µm
u_transform_scheduler_core.result_meta_write_pointer\[1\],16.85µm
u_transform_scheduler_core.rx_small_x1_q\[1\],16.85µm
u_transform_scheduler_core.tx_dft12_hold_q\[1\]\[7\],16.85µm
u_transform_scheduler_core.u_mixed_radix_butterfly.premultiply_twiddle_re_reg\[2\],16.85µm
u_transform_scheduler_core.u_mixed_radix_butterfly.uop_reg\[1\],16.85µm
_06537_,16.83µm
_00201_,16.8µm
_00530_,16.8µm
_00746_,16.8µm
_01010_,16.8µm
_01222_,16.8µm
_01969_,16.8µm
_02062_,16.8µm
_02145_,16.8µm
_02332_,16.8µm
_02600_,16.8µm
_02744_,16.8µm
_02836_,16.8µm
_03018_,16.8µm
_03192_,16.8µm
_03196_,16.8µm
_03214_,16.8µm
_03217_,16.8µm
_03354_,16.8µm
_04072_,16.8µm
_04693_,16.8µm
_04745_,16.8µm
_04890_,16.8µm
_04992_,16.8µm
_04998_,16.8µm
_05181_,16.8µm
_05868_,16.8µm
_05986_,16.8µm
_06151_,16.8µm
_06420_,16.8µm
_06625_,16.8µm
_06834_,16.8µm
_07483_,16.8µm
_07882_,16.8µm
_08224_,16.8µm
_08366_,16.8µm
_08370_,16.8µm
_08440_,16.8µm
_08462_,16.8µm
debug_data_hi\[0\],16.8µm
u_transform_scheduler_core.fifo_x0_q\[0\]\[4\],16.8µm
u_transform_scheduler_core.u_mixed_radix_butterfly.premultiply_half_sum_i_reg\[13\],16.8µm
u_transform_scheduler_core.u_mixed_radix_butterfly.premultiply_input_i_reg\[6\],16.8µm
u_transform_scheduler_core.u_mixed_radix_butterfly.premultiply_input_i_reg\[7\],16.8µm
u_transform_scheduler_core.u_fft_scratch_sram.u_hi.macro_wdata\[6\],16.66µm
_06434_,16.57µm
u_transform_scheduler_core.u_mixed_radix_butterfly.product_ii_reg\[11\],16.44µm
_01464_,16.39µm
_06080_,16.39µm
_07603_,16.39µm
_08092_,16.39µm
u_transform_scheduler_core.mod_diag_X1_i\[5\],16.39µm
u_transform_scheduler_core.tx_sample_q\[2\],16.39µm
u_transform_scheduler_core.u_mixed_radix_butterfly.x0_q_ext\[7\],16.39µm
_02717_,16.34µm
_03954_,16.34µm
_04545_,16.34µm
_07716_,16.34µm
_07858_,16.34µm
_08279_,16.34µm
u_transform_scheduler_core.mod_x0_i\[3\],16.34µm
u_transform_scheduler_core.ofdm_sample_i\[5\],16.34µm
u_transform_scheduler_core.u_mixed_radix_butterfly.high_iq_reg\[6\],16.34µm
u_transform_scheduler_core.u_mixed_radix_butterfly.product_iq_reg\[15\],16.34µm
_00196_,16.29µm
_00370_,16.29µm
_00526_,16.29µm
_00532_,16.29µm
_00615_,16.29µm
_00767_,16.29µm
_01011_,16.29µm
_01040_,16.29µm
_01133_,16.29µm
_01678_,16.29µm
_01988_,16.29µm
_02027_,16.29µm
_02266_,16.29µm
_02370_,16.29µm
_02427_,16.29µm
_02673_,16.29µm
_02719_,16.29µm
_02837_,16.29µm
_02943_,16.29µm
_02960_,16.29µm
_03006_,16.29µm
_03046_,16.29µm
_03370_,16.29µm
_03969_,16.29µm
_04037_,16.29µm
_04102_,16.29µm
_04155_,16.29µm
_04427_,16.29µm
_04533_,16.29µm
_04555_,16.29µm
_04955_,16.29µm
_04997_,16.29µm
_05004_,16.29µm
_05032_,16.29µm
_05457_,16.29µm
_05621_,16.29µm
_05636_,16.29µm
_05894_,16.29µm
_06197_,16.29µm
_06403_,16.29µm
_06436_,16.29µm
_06467_,16.29µm
_06495_,16.29µm
_06501_,16.29µm
_06798_,16.29µm
_07155_,16.29µm
_07342_,16.29µm
_07602_,16.29µm
_07636_,16.29µm
_07695_,16.29µm
_07703_,16.29µm
_07723_,16.29µm
_07874_,16.29µm
_07939_,16.29µm
_07985_,16.29µm
_08130_,16.29µm
_08138_,16.29µm
_08177_,16.29µm
_08389_,16.29µm
_08403_,16.29µm
_08456_,16.29µm
_08468_,16.29µm
_08546_,16.29µm
_08592_,16.29µm
_08627_,16.29µm
_08639_,16.29µm
_08709_,16.29µm
_08933_,16.29µm
debug_data_hi\[6\],16.29µm
debug_wdata\[0\],16.29µm
u_transform_scheduler_core.fft_mem_rdata\[8\],16.29µm
u_transform_scheduler_core.ofdm_sample_q\[0\],16.29µm
u_transform_scheduler_core.rx_small_x2_i\[0\],16.29µm
u_transform_scheduler_core.tx_dft12_hold_i\[0\]\[11\],16.29µm
u_transform_scheduler_core.u_mixed_radix_butterfly.low_ii_reg\[7\],16.29µm
u_transform_scheduler_core.u_mixed_radix_butterfly.premultiply_half_sum_q_reg\[6\],16.29µm
_00498_,16.24µm
_00563_,16.24µm
_00575_,16.24µm
_00732_,16.24µm
_00781_,16.24µm
_00837_,16.24µm
_01078_,16.24µm
_01727_,16.24µm
_01760_,16.24µm
_02138_,16.24µm
_02415_,16.24µm
_02424_,16.24µm
_02435_,16.24µm
_02867_,16.24µm
_03095_,16.24µm
_03164_,16.24µm
_03168_,16.24µm
_03313_,16.24µm
_03412_,16.24µm
_03502_,16.24µm
_03771_,16.24µm
_03870_,16.24µm
_03906_,16.24µm
_04036_,16.24µm
_04355_,16.24µm
_04578_,16.24µm
_04676_,16.24µm
_04858_,16.24µm
_04933_,16.24µm
_05200_,16.24µm
_05291_,16.24µm
_05468_,16.24µm
_05474_,16.24µm
_05682_,16.24µm
_05768_,16.24µm
_05844_,16.24µm
_05895_,16.24µm
_05954_,16.24µm
_06259_,16.24µm
_06291_,16.24µm
_06439_,16.24µm
_06522_,16.24µm
_06579_,16.24µm
_06593_,16.24µm
_07017_,16.24µm
_07069_,16.24µm
_07075_,16.24µm
_07190_,16.24µm
_07305_,16.24µm
_07588_,16.24µm
_07624_,16.24µm
_07708_,16.24µm
_07883_,16.24µm
_08157_,16.24µm
_08214_,16.24µm
_08365_,16.24µm
_08423_,16.24µm
_08783_,16.24µm
u_transform_scheduler_core.tx_sample_q\[10\],16.24µm
u_transform_scheduler_core.u_fft_scratch_sram.u_lo.macro_wdata\[0\],16.1µm
_02167_,15.83µm
_04191_,15.83µm
_07763_,15.83µm
u_transform_scheduler_core.u_fft_scratch_sram.saved_wdata\[18\],15.83µm
u_transform_scheduler_core.u_mixed_radix_butterfly.arithmetic_half_sum_i_reg\[0\],15.83µm
_00142_,15.78µm
_00160_,15.78µm
_00536_,15.78µm
_00700_,15.78µm
_01355_,15.78µm
_01660_,15.78µm
_01705_,15.78µm
_01819_,15.78µm
_01832_,15.78µm
_02046_,15.78µm
_02362_,15.78µm
_02745_,15.78µm
_03053_,15.78µm
_03082_,15.78µm
_03563_,15.78µm
_03928_,15.78µm
_04122_,15.78µm
_04485_,15.78µm
_04788_,15.78µm
_05864_,15.78µm
_07594_,15.78µm
_08019_,15.78µm
_08152_,15.78µm
_08293_,15.78µm
debug_read_latch\[4\],15.78µm
u_transform_scheduler_core.fft_mem_rdata\[30\],15.78µm
u_transform_scheduler_core.fifo_x0_q\[0\]\[0\],15.78µm
u_transform_scheduler_core.fifo_x2_q\[0\]\[4\],15.78µm
u_transform_scheduler_core.mod_x0_i\[1\],15.78µm
u_transform_scheduler_core.rx_small_x0_q\[5\],15.78µm
u_transform_scheduler_core.u_fft_scratch_sram.i_half\[1\],15.78µm
u_transform_scheduler_core.u_mixed_radix_butterfly.low_rq_reg\[0\],15.78µm
_06853_,15.735µm
_00131_,15.73µm
_00147_,15.73µm
_00149_,15.73µm
_00189_,15.73µm
_00302_,15.73µm
_00314_,15.73µm
_00317_,15.73µm
_00336_,15.73µm
_00410_,15.73µm
_00448_,15.73µm
_00458_,15.73µm
_00473_,15.73µm
_00629_,15.73µm
_00674_,15.73µm
_00725_,15.73µm
_00749_,15.73µm
_00751_,15.73µm
_00782_,15.73µm
_00798_,15.73µm
_00844_,15.73µm
_01229_,15.73µm
_01233_,15.73µm
_01640_,15.73µm
_01822_,15.73µm
_01910_,15.73µm
_01953_,15.73µm
_01989_,15.73µm
_02228_,15.73µm
_02267_,15.73µm
_02630_,15.73µm
_02816_,15.73µm
_03100_,15.73µm
_03161_,15.73µm
_03216_,15.73µm
_03241_,15.73µm
_03273_,15.73µm
_03547_,15.73µm
_03746_,15.73µm
_03751_,15.73µm
_03787_,15.73µm
_03982_,15.73µm
_04062_,15.73µm
_04686_,15.73µm
_05194_,15.73µm
_05318_,15.73µm
_05399_,15.73µm
_05649_,15.73µm
_05687_,15.73µm
_05992_,15.73µm
_06123_,15.73µm
_06139_,15.73µm
_06309_,15.73µm
_06437_,15.73µm
_06665_,15.73µm
_06676_,15.73µm
_06686_,15.73µm
_06877_,15.73µm
_06982_,15.73µm
_07099_,15.73µm
_07227_,15.73µm
_07365_,15.73µm
_07433_,15.73µm
_07628_,15.73µm
_07633_,15.73µm
_07737_,15.73µm
_07828_,15.73µm
_08093_,15.73µm
_08284_,15.73µm
_08363_,15.73µm
_08402_,15.73µm
_08445_,15.73µm
_08533_,15.73µm
_08538_,15.73µm
_08698_,15.73µm
_08755_,15.73µm
_08768_,15.73µm
_08826_,15.73µm
_08856_,15.73µm
debug_wdata\[4\],15.73µm
u_transform_scheduler_core.fifo_x1_i\[0\]\[7\],15.73µm
u_transform_scheduler_core.mod_x0_q\[0\],15.73µm
u_transform_scheduler_core.tx_dft12_hold_q\[0\]\[13\],15.73µm
u_transform_scheduler_core.u_mixed_radix_butterfly.low_iq_reg\[8\],15.73µm
u_transform_scheduler_core.u_mixed_radix_butterfly.premultiply_half_sum_q_reg\[0\],15.73µm
u_transform_scheduler_core.u_mixed_radix_butterfly.premultiply_twiddle_im_reg\[4\],15.73µm
u_transform_scheduler_core.u_tdiq_input_cp_remove.held_i\[3\],15.73µm
_00038_,15.68µm
_00077_,15.68µm
_00096_,15.68µm
_00150_,15.68µm
_00533_,15.68µm
_00544_,15.68µm
_00670_,15.68µm
_00738_,15.68µm
_00748_,15.68µm
_00764_,15.68µm
_00799_,15.68µm
_00807_,15.68µm
_00883_,15.68µm
_01076_,15.68µm
_01711_,15.68µm
_01798_,15.68µm
_01823_,15.68µm
_01859_,15.68µm
_01878_,15.68µm
_01913_,15.68µm
_01924_,15.68µm
_02022_,15.68µm
_02026_,15.68µm
_02058_,15.68µm
_02135_,15.68µm
_02148_,15.68µm
_02310_,15.68µm
_02545_,15.68µm
_02840_,15.68µm
_03047_,15.68µm
_03058_,15.68µm
_03220_,15.68µm
_03298_,15.68µm
_03443_,15.68µm
_03482_,15.68µm
_03617_,15.68µm
_03774_,15.68µm
_04010_,15.68µm
_04381_,15.68µm
_04483_,15.68µm
_04633_,15.68µm
_04945_,15.68µm
_05445_,15.68µm
_05487_,15.68µm
_05532_,15.68µm
_05619_,15.68µm
_05798_,15.68µm
_05820_,15.68µm
_05827_,15.68µm
_05951_,15.68µm
_05959_,15.68µm
_05980_,15.68µm
_06244_,15.68µm
_06315_,15.68µm
_06404_,15.68µm
_06504_,15.68µm
_06554_,15.68µm
_06848_,15.68µm
_06912_,15.68µm
_06945_,15.68µm
_06965_,15.68µm
_06976_,15.68µm
_07106_,15.68µm
_07207_,15.68µm
_07333_,15.68µm
_07409_,15.68µm
_07559_,15.68µm
_07800_,15.68µm
_08294_,15.68µm
_08612_,15.68µm
_08906_,15.68µm
_08926_,15.68µm
u_transform_scheduler_core.fft_mem_rdata\[18\],15.68µm
u_transform_scheduler_core.tx_dft12_hold_i\[2\]\[5\],15.68µm
u_transform_scheduler_core.u_mixed_radix_butterfly.premultiply_x0_q_reg\[3\],15.68µm
_06308_,15.4µm
_03888_,15.27µm
u_transform_scheduler_core.rx_small_x0_i\[1\],15.27µm
u_transform_scheduler_core.u_mixed_radix_butterfly.product_rr_reg\[18\],15.27µm
_02459_,15.22µm
_03015_,15.22µm
_03213_,15.22µm
_04146_,15.22µm
_04977_,15.22µm
_05496_,15.22µm
_05735_,15.22µm
_06108_,15.22µm
_07200_,15.22µm
_07925_,15.22µm
_08252_,15.22µm
debug_wdata\[13\],15.22µm
u_transform_scheduler_core.u_mixed_radix_butterfly.arithmetic_sum_i_reg\[0\],15.22µm
u_transform_scheduler_core.u_mixed_radix_butterfly.premultiply_half_sum_q_reg\[7\],15.22µm
u_transform_scheduler_core.u_mixed_radix_butterfly.x0_q_ext\[8\],15.22µm
_00169_,15.17µm
_00276_,15.17µm
_00359_,15.17µm
_00422_,15.17µm
_00494_,15.17µm
_00565_,15.17µm
_00583_,15.17µm
_00589_,15.17µm
_00610_,15.17µm
_00628_,15.17µm
_00734_,15.17µm
_00780_,15.17µm
_00847_,15.17µm
_00989_,15.17µm
_01048_,15.17µm
_01096_,15.17µm
_01190_,15.17µm
_01372_,15.17µm
_01495_,15.17µm
_01704_,15.17µm
_01744_,15.17µm
_01990_,15.17µm
_02024_,15.17µm
_02083_,15.17µm
_02101_,15.17µm
_02103_,15.17µm
_02364_,15.17µm
_02588_,15.17µm
_02739_,15.17µm
_02919_,15.17µm
_02944_,15.17µm
_03086_,15.17µm
_03154_,15.17µm
_03326_,15.17µm
_03328_,15.17µm
_03366_,15.17µm
_03387_,15.17µm
_03393_,15.17µm
_03405_,15.17µm
_03484_,15.17µm
_03523_,15.17µm
_03576_,15.17µm
_03776_,15.17µm
_03797_,15.17µm
_03803_,15.17µm
_03962_,15.17µm
_04803_,15.17µm
_04883_,15.17µm
_04887_,15.17µm
_05028_,15.17µm
_05154_,15.17µm
_05207_,15.17µm
_05691_,15.17µm
_05699_,15.17µm
_05805_,15.17µm
_05890_,15.17µm
_06196_,15.17µm
_06225_,15.17µm
_06516_,15.17µm
_06594_,15.17µm
_06755_,15.17µm
_07041_,15.17µm
_07068_,15.17µm
_07092_,15.17µm
_07260_,15.17µm
_07432_,15.17µm
_07547_,15.17µm
_07656_,15.17µm
_07801_,15.17µm
_07956_,15.17µm
_07963_,15.17µm
_07995_,15.17µm
_08080_,15.17µm
_08137_,15.17µm
_08276_,15.17µm
_08282_,15.17µm
_08288_,15.17µm
_08297_,15.17µm
_08358_,15.17µm
_08901_,15.17µm
u_transform_scheduler_core.tx_dft12_hold_q\[1\]\[5\],15.17µm
u_transform_scheduler_core.u_mixed_radix_butterfly.premultiply_half_sum_q_reg\[15\],15.17µm
_04846_,15.16µm
_00034_,15.12µm
_00200_,15.12µm
_00299_,15.12µm
_00624_,15.12µm
_00672_,15.12µm
_00701_,15.12µm
_00763_,15.12µm
_00966_,15.12µm
_01176_,15.12µm
_01298_,15.12µm
_01348_,15.12µm
_01497_,15.12µm
_01545_,15.12µm
_01630_,15.12µm
_01982_,15.12µm
_02037_,15.12µm
_02053_,15.12µm
_02218_,15.12µm
_02367_,15.12µm
_02400_,15.12µm
_02644_,15.12µm
_02881_,15.12µm
_02885_,15.12µm
_02993_,15.12µm
_03070_,15.12µm
_03075_,15.12µm
_03599_,15.12µm
_03649_,15.12µm
_04060_,15.12µm
_04493_,15.12µm
_04627_,15.12µm
_04750_,15.12µm
_05046_,15.12µm
_05105_,15.12µm
_05184_,15.12µm
_05209_,15.12µm
_05222_,15.12µm
_05327_,15.12µm
_05343_,15.12µm
_05438_,15.12µm
_05488_,15.12µm
_05536_,15.12µm
_05599_,15.12µm
_05620_,15.12µm
_05684_,15.12µm
_05855_,15.12µm
_05987_,15.12µm
_06049_,15.12µm
_06195_,15.12µm
_06401_,15.12µm
_06622_,15.12µm
_06689_,15.12µm
_06749_,15.12µm
_06790_,15.12µm
_06871_,15.12µm
_07066_,15.12µm
_07129_,15.12µm
_07301_,15.12µm
_07593_,15.12µm
_07940_,15.12µm
_08211_,15.12µm
_08254_,15.12µm
_08523_,15.12µm
_08570_,15.12µm
_08636_,15.12µm
_08785_,15.12µm
_08940_,15.12µm
_08960_,15.12µm
u_transform_scheduler_core.tx_dft12_hold_i\[0\]\[14\],15.12µm
u_transform_scheduler_core.tx_dft12_hold_q\[2\]\[13\],15.12µm
u_transform_scheduler_core.u_fft_scratch_sram.saved_addr\[3\],15.12µm
u_transform_scheduler_core.u_mixed_radix_butterfly.final_scalar_product_reg\[13\],14.84µm
_03892_,14.71µm
_03899_,14.71µm
_07457_,14.71µm
u_transform_scheduler_core.rx_small_x0_q\[6\],14.71µm
u_transform_scheduler_core.u_mixed_radix_butterfly.low_rr_reg\[2\],14.71µm
_02011_,14.66µm
_03640_,14.66µm
_04061_,14.66µm
_04466_,14.66µm
_05517_,14.66µm
_05626_,14.66µm
_06109_,14.66µm
_07332_,14.66µm
_07771_,14.66µm
_07845_,14.66µm
_08010_,14.66µm
_08026_,14.66µm
_08113_,14.66µm
_08319_,14.66µm
_08552_,14.66µm
_08831_,14.66µm
_08865_,14.66µm
_08982_,14.66µm
u_transform_scheduler_core.fifo_x0_q\[0\]\[2\],14.66µm
u_transform_scheduler_core.fifo_x1_i\[0\]\[4\],14.66µm
u_transform_scheduler_core.fifo_x1_i\[0\]\[5\],14.66µm
u_transform_scheduler_core.mod_x0_q\[1\],14.66µm
u_transform_scheduler_core.rx_fft128_i\[3\],14.66µm
u_transform_scheduler_core.tx_dft12_hold_i\[0\]\[0\],14.66µm
u_transform_scheduler_core.tx_dft12_hold_q\[0\]\[14\],14.66µm
u_transform_scheduler_core.tx_dft12_hold_q\[2\]\[8\],14.66µm
u_transform_scheduler_core.u_mixed_radix_butterfly.arithmetic_x0_i_reg\[5\],14.66µm
_06804_,14.62µm
_00103_,14.61µm
_00119_,14.61µm
_00133_,14.61µm
_00202_,14.61µm
_00292_,14.61µm
_00295_,14.61µm
_00462_,14.61µm
_00627_,14.61µm
_00631_,14.61µm
_01315_,14.61µm
_01345_,14.61µm
_01580_,14.61µm
_01623_,14.61µm
_01930_,14.61µm
_01936_,14.61µm
_02030_,14.61µm
_02121_,14.61µm
_02335_,14.61µm
_02438_,14.61µm
_02546_,14.61µm
_02659_,14.61µm
_02694_,14.61µm
_02760_,14.61µm
_02798_,14.61µm
_03065_,14.61µm
_03104_,14.61µm
_03151_,14.61µm
_03181_,14.61µm
_03290_,14.61µm
_03424_,14.61µm
_03573_,14.61µm
_03653_,14.61µm
_03665_,14.61µm
_03717_,14.61µm
_03759_,14.61µm
_03761_,14.61µm
_03916_,14.61µm
_04032_,14.61µm
_04240_,14.61µm
_04392_,14.61µm
_04394_,14.61µm
_04496_,14.61µm
_04910_,14.61µm
_05006_,14.61µm
_05019_,14.61µm
_05077_,14.61µm
_05098_,14.61µm
_05110_,14.61µm
_05126_,14.61µm
_05139_,14.61µm
_05256_,14.61µm
_05558_,14.61µm
_05869_,14.61µm
_05880_,14.61µm
_05963_,14.61µm
_06033_,14.61µm
_06198_,14.61µm
_06226_,14.61µm
_06250_,14.61µm
_06432_,14.61µm
_06881_,14.61µm
_06918_,14.61µm
_07327_,14.61µm
_07341_,14.61µm
_07417_,14.61µm
_07446_,14.61µm
_07517_,14.61µm
_07542_,14.61µm
_07793_,14.61µm
_07991_,14.61µm
_08163_,14.61µm
_08164_,14.61µm
_08259_,14.61µm
_08344_,14.61µm
_08354_,14.61µm
_08547_,14.61µm
_08872_,14.61µm
_08879_,14.61µm
u_transform_scheduler_core.fifo_x0_i\[0\]\[5\],14.61µm
u_transform_scheduler_core.tx_dft12_hold_i\[0\]\[13\],14.61µm
u_transform_scheduler_core.tx_dft12_hold_q\[2\]\[0\],14.61µm
u_transform_scheduler_core.u_mixed_radix_butterfly.x0_q_ext\[5\],14.61µm
_00033_,14.56µm
_00074_,14.56µm
_00100_,14.56µm
_00161_,14.56µm
_00210_,14.56µm
_00303_,14.56µm
_00439_,14.56µm
_00454_,14.56µm
_00520_,14.56µm
_00667_,14.56µm
_00682_,14.56µm
_00816_,14.56µm
_00952_,14.56µm
_01009_,14.56µm
_01100_,14.56µm
_01370_,14.56µm
_01598_,14.56µm
_01622_,14.56µm
_01729_,14.56µm
_01827_,14.56µm
_01870_,14.56µm
_01871_,14.56µm
_01872_,14.56µm
_02005_,14.56µm
_02225_,14.56µm
_02284_,14.56µm
_02318_,14.56µm
_02445_,14.56µm
_02615_,14.56µm
_02662_,14.56µm
_02773_,14.56µm
_02858_,14.56µm
_02890_,14.56µm
_03057_,14.56µm
_03089_,14.56µm
_03389_,14.56µm
_03491_,14.56µm
_03574_,14.56µm
_03619_,14.56µm
_03726_,14.56µm
_04080_,14.56µm
_04107_,14.56µm
_04530_,14.56µm
_04625_,14.56µm
_04687_,14.56µm
_04694_,14.56µm
_04767_,14.56µm
_04868_,14.56µm
_05101_,14.56µm
_05230_,14.56µm
_05475_,14.56µm
_05813_,14.56µm
_05958_,14.56µm
_05971_,14.56µm
_06101_,14.56µm
_06142_,14.56µm
_06417_,14.56µm
_06670_,14.56µm
_06833_,14.56µm
_07294_,14.56µm
_07304_,14.56µm
_07389_,14.56µm
_07489_,14.56µm
_07530_,14.56µm
_07943_,14.56µm
_08031_,14.56µm
_08215_,14.56µm
_08291_,14.56µm
_08378_,14.56µm
_08652_,14.56µm
_08729_,14.56µm
_08834_,14.56µm
_08837_,14.56µm
_08935_,14.56µm
u_transform_scheduler_core.tx_dft12_hold_q\[0\]\[15\],14.56µm
u_transform_scheduler_core.u_mixed_radix_butterfly.high_iq_reg\[12\],14.56µm
u_transform_scheduler_core.u_mixed_radix_butterfly.product_rr_reg\[2\],14.56µm
_08350_,14.38µm
_04173_,14.28µm
_02142_,14.15µm
_08360_,14.15µm
debug_wdata\[3\],14.15µm
u_transform_scheduler_core.ofdm_sample_i\[4\],14.15µm
u_transform_scheduler_core.u_mixed_radix_butterfly.twiddle_re_reg\[4\],14.15µm
_01361_,14.1µm
_01735_,14.1µm
_02084_,14.1µm
_02589_,14.1µm
_03580_,14.1µm
_03922_,14.1µm
_05681_,14.1µm
_06055_,14.1µm
_06645_,14.1µm
_07752_,14.1µm
_07791_,14.1µm
_08003_,14.1µm
_08058_,14.1µm
_08436_,14.1µm
_08464_,14.1µm
_08466_,14.1µm
_08482_,14.1µm
u_transform_scheduler_core.tx_dft12_hold_q\[1\]\[10\],14.1µm
u_transform_scheduler_core.u_fft_scratch_sram.i_half\[0\],14.1µm
u_transform_scheduler_core.u_fft_scratch_sram.i_half\[14\],14.1µm
u_transform_scheduler_core.u_mixed_radix_butterfly.low_ii_reg\[8\],14.1µm
_00002_,14.05µm
_00140_,14.05µm
_00211_,14.05µm
_00271_,14.05µm
_00360_,14.05µm
_00384_,14.05µm
_00404_,14.05µm
_00488_,14.05µm
_00537_,14.05µm
_00609_,14.05µm
_00874_,14.05µm
_00942_,14.05µm
_01397_,14.05µm
_01520_,14.05µm
_01575_,14.05µm
_01667_,14.05µm
_01722_,14.05µm
_01734_,14.05µm
_01858_,14.05µm
_02018_,14.05µm
_02039_,14.05µm
_02073_,14.05µm
_02173_,14.05µm
_02233_,14.05µm
_02240_,14.05µm
_02241_,14.05µm
_02403_,14.05µm
_02693_,14.05µm
_02811_,14.05µm
_02986_,14.05µm
_03004_,14.05µm
_03014_,14.05µm
_03048_,14.05µm
_03124_,14.05µm
_03456_,14.05µm
_03517_,14.05µm
_03534_,14.05µm
_03554_,14.05µm
_03612_,14.05µm
_03823_,14.05µm
_03849_,14.05µm
_04073_,14.05µm
_04130_,14.05µm
_04758_,14.05µm
_04762_,14.05µm
_04834_,14.05µm
_04915_,14.05µm
_04947_,14.05µm
_04951_,14.05µm
_05114_,14.05µm
_05157_,14.05µm
_05178_,14.05µm
_05235_,14.05µm
_05381_,14.05µm
_05523_,14.05µm
_05570_,14.05µm
_05674_,14.05µm
_05752_,14.05µm
_05943_,14.05µm
_06224_,14.05µm
_06349_,14.05µm
_06352_,14.05µm
_06376_,14.05µm
_06378_,14.05µm
_06428_,14.05µm
_06777_,14.05µm
_06805_,14.05µm
_06814_,14.05µm
_06957_,14.05µm
_07054_,14.05µm
_07062_,14.05µm
_07228_,14.05µm
_07368_,14.05µm
_07451_,14.05µm
_07469_,14.05µm
_07608_,14.05µm
_07691_,14.05µm
_07699_,14.05µm
_07792_,14.05µm
_07833_,14.05µm
_07909_,14.05µm
_07984_,14.05µm
_08086_,14.05µm
_08097_,14.05µm
_08122_,14.05µm
_08192_,14.05µm
_08309_,14.05µm
_08674_,14.05µm
_08723_,14.05µm
_08757_,14.05µm
_08838_,14.05µm
_08928_,14.05µm
_08930_,14.05µm
_08943_,14.05µm
u_transform_scheduler_core.dft12_ram_i\[9\]\[11\],14.05µm
u_transform_scheduler_core.fifo_x2_q\[0\]\[6\],14.05µm
u_transform_scheduler_core.u_fft_scratch_sram.saved_wdata\[23\],14.05µm
u_transform_scheduler_core.u_mixed_radix_butterfly.high_rr_reg\[13\],14.05µm
u_transform_scheduler_core.u_mixed_radix_butterfly.low_rr_reg\[0\],14.05µm
u_transform_scheduler_core.u_mixed_radix_butterfly.product_rr_reg\[22\],14.05µm
u_transform_scheduler_core.u_tdiq_output_cp_insert.responses_left\[2\],14.05µm
_00122_,14µm
_00344_,14µm
_00363_,14µm
_00385_,14µm
_00496_,14µm
_00580_,14µm
_00633_,14µm
_00681_,14µm
_00722_,14µm
_00805_,14µm
_00864_,14µm
_00911_,14µm
_01127_,14µm
_01779_,14µm
_01813_,14µm
_02061_,14µm
_02374_,14µm
_02406_,14µm
_02454_,14µm
_02726_,14µm
_02736_,14µm
_02758_,14µm
_02777_,14µm
_02839_,14µm
_02908_,14µm
_02949_,14µm
_03060_,14µm
_03178_,14µm
_03368_,14µm
_03471_,14µm
_03480_,14µm
_03597_,14µm
_03632_,14µm
_03651_,14µm
_03732_,14µm
_03905_,14µm
_04553_,14µm
_04613_,14µm
_05007_,14µm
_05186_,14µm
_05254_,14µm
_05644_,14µm
_05685_,14µm
_05921_,14µm
_05955_,14µm
_06017_,14µm
_06096_,14µm
_06134_,14µm
_06347_,14µm
_06473_,14µm
_06514_,14µm
_06753_,14µm
_07741_,14µm
_07952_,14µm
_08186_,14µm
_08250_,14µm
_08324_,14µm
_08373_,14µm
_08518_,14µm
_08620_,14µm
_08712_,14µm
_08828_,14µm
_08882_,14µm
u_transform_scheduler_core.fifo_x1_q\[0\]\[3\],14µm
u_transform_scheduler_core.u_mixed_radix_butterfly.premultiply_uop_reg\[1\],14µm
_00058_,13.54µm
_01158_,13.54µm
_01172_,13.54µm
_01225_,13.54µm
_01261_,13.54µm
_01353_,13.54µm
_01631_,13.54µm
_02708_,13.54µm
_02945_,13.54µm
_03262_,13.54µm
_03608_,13.54µm
_04054_,13.54µm
_04246_,13.54µm
_04772_,13.54µm
_04886_,13.54µm
_05631_,13.54µm
_06202_,13.54µm
_07690_,13.54µm
_07726_,13.54µm
_08180_,13.54µm
_08290_,13.54µm
_08633_,13.54µm
_08806_,13.54µm
_08916_,13.54µm
u_transform_scheduler_core.fifo_x2_q\[0\]\[5\],13.54µm
u_transform_scheduler_core.u_mixed_radix_butterfly.premultiply_twiddle_re_reg\[5\],13.54µm
_00097_,13.49µm
_00162_,13.49µm
_00174_,13.49µm
_00213_,13.49µm
_00269_,13.49µm
_00282_,13.49µm
_00287_,13.49µm
_00309_,13.49µm
_00414_,13.49µm
_00469_,13.49µm
_00535_,13.49µm
_00551_,13.49µm
_00584_,13.49µm
_00612_,13.49µm
_00638_,13.49µm
_00909_,13.49µm
_01028_,13.49µm
_01030_,13.49µm
_01062_,13.49µm
_01080_,13.49µm
_01086_,13.49µm
_01110_,13.49µm
_01141_,13.49µm
_01284_,13.49µm
_01299_,13.49µm
_01326_,13.49µm
_01344_,13.49µm
_01479_,13.49µm
_01544_,13.49µm
_01716_,13.49µm
_01809_,13.49µm
_01816_,13.49µm
_01821_,13.49µm
_01845_,13.49µm
_01875_,13.49µm
_01935_,13.49µm
_02066_,13.49µm
_02123_,13.49µm
_02176_,13.49µm
_02195_,13.49µm
_02330_,13.49µm
_02414_,13.49µm
_02441_,13.49µm
_02604_,13.49µm
_02639_,13.49µm
_02701_,13.49µm
_02756_,13.49µm
_02774_,13.49µm
_02846_,13.49µm
_02855_,13.49µm
_02941_,13.49µm
_02996_,13.49µm
_03226_,13.49µm
_03288_,13.49µm
_03539_,13.49µm
_03622_,13.49µm
_03654_,13.49µm
_03740_,13.49µm
_03777_,13.49µm
_03788_,13.49µm
_03799_,13.49µm
_03890_,13.49µm
_04106_,13.49µm
_04249_,13.49µm
_04401_,13.49µm
_04650_,13.49µm
_04705_,13.49µm
_04749_,13.49µm
_05091_,13.49µm
_05187_,13.49µm
_05397_,13.49µm
_05573_,13.49µm
_05635_,13.49µm
_05670_,13.49µm
_06160_,13.49µm
_06203_,13.49µm
_06263_,13.49µm
_06277_,13.49µm
_06369_,13.49µm
_06394_,13.49µm
_06529_,13.49µm
_06636_,13.49µm
_06864_,13.49µm
_06867_,13.49µm
_06874_,13.49µm
_07038_,13.49µm
_07151_,13.49µm
_07302_,13.49µm
_07395_,13.49µm
_07396_,13.49µm
_07777_,13.49µm
_07870_,13.49µm
_08049_,13.49µm
_08239_,13.49µm
_08580_,13.49µm
_08586_,13.49µm
_08675_,13.49µm
_08734_,13.49µm
_08874_,13.49µm
_08875_,13.49µm
_08881_,13.49µm
u_transform_scheduler_core.mod_x0_i\[0\],13.49µm
u_transform_scheduler_core.tx_sample_q\[4\],13.49µm
u_transform_scheduler_core.u_fft_scratch_sram.i_half\[4\],13.49µm
u_transform_scheduler_core.u_fft_scratch_sram.i_half\[5\],13.49µm
u_transform_scheduler_core.u_mixed_radix_butterfly.premultiply_half_sum_q_reg\[2\],13.49µm
u_transform_scheduler_core.u_mixed_radix_butterfly.x0_i_ext\[9\],13.49µm
_00014_,13.44µm
_00219_,13.44µm
_00270_,13.44µm
_00285_,13.44µm
_00698_,13.44µm
_00720_,13.44µm
_00939_,13.44µm
_00986_,13.44µm
_00998_,13.44µm
_01075_,13.44µm
_01092_,13.44µm
_01123_,13.44µm
_01252_,13.44µm
_01278_,13.44µm
_01466_,13.44µm
_02072_,13.44µm
_02158_,13.44µm
_02161_,13.44µm
_02311_,13.44µm
_02912_,13.44µm
_03281_,13.44µm
_03296_,13.44µm
_04218_,13.44µm
_04453_,13.44µm
_04648_,13.44µm
_04655_,13.44µm
_04747_,13.44µm
_04808_,13.44µm
_04922_,13.44µm
_05228_,13.44µm
_05421_,13.44µm
_05478_,13.44µm
_05847_,13.44µm
_05848_,13.44µm
_05867_,13.44µm
_05876_,13.44µm
_05977_,13.44µm
_06147_,13.44µm
_06228_,13.44µm
_06707_,13.44µm
_06744_,13.44µm
_06751_,13.44µm
_06824_,13.44µm
_07128_,13.44µm
_07172_,13.44µm
_07214_,13.44µm
_07317_,13.44µm
_07473_,13.44µm
_07655_,13.44µm
_07714_,13.44µm
_08317_,13.44µm
_08428_,13.44µm
_08507_,13.44µm
_08841_,13.44µm
u_transform_scheduler_core.mod_x0_i\[7\],13.44µm
u_transform_scheduler_core.tx_dft12_hold_i\[1\]\[7\],13.44µm
u_transform_scheduler_core.u_fft_scratch_sram.i_half\[12\],13.03µm
_00865_,12.98µm
_02550_,12.98µm
_03287_,12.98µm
_03902_,12.98µm
_03952_,12.98µm
_03966_,12.98µm
_04709_,12.98µm
_05335_,12.98µm
_05342_,12.98µm
_06567_,12.98µm
_07061_,12.98µm
_07247_,12.98µm
_07249_,12.98µm
_07981_,12.98µm
_08298_,12.98µm
_08343_,12.98µm
_08681_,12.98µm
_08969_,12.98µm
u_transform_scheduler_core.rx_dft12_i\[5\],12.98µm
u_transform_scheduler_core.tx_dft12_hold_i\[2\]\[10\],12.98µm
u_transform_scheduler_core.u_tdiq_input_cp_remove.useful_sample_index\[6\],12.98µm
_00025_,12.93µm
_00155_,12.93µm
_00179_,12.93µm
_00255_,12.93µm
_00280_,12.93µm
_00382_,12.93µm
_00558_,12.93µm
_00569_,12.93µm
_00621_,12.93µm
_00639_,12.93µm
_00676_,12.93µm
_00769_,12.93µm
_00771_,12.93µm
_00910_,12.93µm
_01037_,12.93µm
_01069_,12.93µm
_01451_,12.93µm
_01510_,12.93µm
_01517_,12.93µm
_01561_,12.93µm
_01565_,12.93µm
_01570_,12.93µm
_01658_,12.93µm
_01748_,12.93µm
_01755_,12.93µm
_01814_,12.93µm
_01817_,12.93µm
_01820_,12.93µm
_01825_,12.93µm
_02017_,12.93µm
_02045_,12.93µm
_02133_,12.93µm
_02149_,12.93µm
_02184_,12.93µm
_02207_,12.93µm
_02257_,12.93µm
_02350_,12.93µm
_02398_,12.93µm
_02567_,12.93µm
_02656_,12.93µm
_02668_,12.93µm
_02844_,12.93µm
_02883_,12.93µm
_02921_,12.93µm
_03085_,12.93µm
_03114_,12.93µm
_03137_,12.93µm
_03268_,12.93µm
_03323_,12.93µm
_03359_,12.93µm
_03367_,12.93µm
_03425_,12.93µm
_03734_,12.93µm
_03780_,12.93µm
_03931_,12.93µm
_04188_,12.93µm
_04263_,12.93µm
_04273_,12.93µm
_04370_,12.93µm
_04506_,12.93µm
_04576_,12.93µm
_04617_,12.93µm
_04628_,12.93µm
_04645_,12.93µm
_04654_,12.93µm
_04856_,12.93µm
_04891_,12.93µm
_05072_,12.93µm
_05109_,12.93µm
_05142_,12.93µm
_05219_,12.93µm
_05344_,12.93µm
_05491_,12.93µm
_05698_,12.93µm
_05852_,12.93µm
_05979_,12.93µm
_06054_,12.93µm
_06132_,12.93µm
_06204_,12.93µm
_06319_,12.93µm
_06572_,12.93µm
_06667_,12.93µm
_06678_,12.93µm
_06756_,12.93µm
_06958_,12.93µm
_07215_,12.93µm
_07251_,12.93µm
_07285_,12.93µm
_07326_,12.93µm
_07394_,12.93µm
_07852_,12.93µm
_07913_,12.93µm
_07954_,12.93µm
_08021_,12.93µm
_08039_,12.93µm
_08295_,12.93µm
_08608_,12.93µm
_08736_,12.93µm
_08741_,12.93µm
_08816_,12.93µm
_08949_,12.93µm
u_transform_scheduler_core.fifo_x2_q\[0\]\[0\],12.93µm
u_transform_scheduler_core.u_fft128_modulo_controller.slot_phase\[1\],12.93µm
u_transform_scheduler_core.u_mixed_radix_butterfly.product_rr_reg\[1\],12.93µm
u_transform_scheduler_core.u_mixed_radix_butterfly.twiddle_im_reg\[3\],12.93µm
_00112_,12.88µm
_00237_,12.88µm
_00273_,12.88µm
_00343_,12.88µm
_00501_,12.88µm
_00972_,12.88µm
_01138_,12.88µm
_01516_,12.88µm
_01557_,12.88µm
_01810_,12.88µm
_02216_,12.88µm
_02849_,12.88µm
_02866_,12.88µm
_02932_,12.88µm
_03023_,12.88µm
_03446_,12.88µm
_03496_,12.88µm
_03715_,12.88µm
_04071_,12.88µm
_04113_,12.88µm
_04235_,12.88µm
_04588_,12.88µm
_04741_,12.88µm
_04784_,12.88µm
_04789_,12.88µm
_04959_,12.88µm
_05021_,12.88µm
_05104_,12.88µm
_05538_,12.88µm
_05944_,12.88µm
_06004_,12.88µm
_06066_,12.88µm
_06106_,12.88µm
_06245_,12.88µm
_06248_,12.88µm
_06588_,12.88µm
_06920_,12.88µm
_07290_,12.88µm
_07612_,12.88µm
_07659_,12.88µm
_07926_,12.88µm
_07938_,12.88µm
_08228_,12.88µm
_08241_,12.88µm
_08743_,12.88µm
_08779_,12.88µm
u_transform_scheduler_core.mod_x0_i\[10\],12.88µm
u_transform_scheduler_core.rx_state\[4\],12.88µm
u_transform_scheduler_core.tx_dft12_hold_q\[0\]\[10\],12.88µm
u_transform_scheduler_core.u_mixed_radix_butterfly.arithmetic_uop_reg\[0\],12.88µm
_08237_,12.52µm
_06214_,12.47µm
u_transform_scheduler_core.rx_small_x2_i\[1\],12.47µm
u_transform_scheduler_core.u_mixed_radix_butterfly.premultiply_x0_q_reg\[0\],12.47µm
_01263_,12.42µm
_01327_,12.42µm
_01343_,12.42µm
_01392_,12.42µm
_01504_,12.42µm
_02472_,12.42µm
_03027_,12.42µm
_04003_,12.42µm
_05541_,12.42µm
_06158_,12.42µm
_07289_,12.42µm
_07572_,12.42µm
_07595_,12.42µm
_08242_,12.42µm
_08483_,12.42µm
u_transform_scheduler_core.fifo_x1_i\[0\]\[6\],12.42µm
u_transform_scheduler_core.fifo_x1_q\[0\]\[5\],12.42µm
u_transform_scheduler_core.rx_small_x1_q\[3\],12.42µm
u_transform_scheduler_core.u_fdiq_input_adapter.held_i\[10\],12.42µm
u_transform_scheduler_core.u_mixed_radix_butterfly.premultiply_twiddle_im_reg\[1\],12.42µm
_00019_,12.37µm
_00032_,12.37µm
_00054_,12.37µm
_00182_,12.37µm
_00191_,12.37µm
_00319_,12.37µm
_00324_,12.37µm
_00386_,12.37µm
_00534_,12.37µm
_00592_,12.37µm
_00714_,12.37µm
_00833_,12.37µm
_00962_,12.37µm
_00967_,12.37µm
_00981_,12.37µm
_01000_,12.37µm
_01006_,12.37µm
_01007_,12.37µm
_01066_,12.37µm
_01134_,12.37µm
_01167_,12.37µm
_01352_,12.37µm
_01519_,12.37µm
_01743_,12.37µm
_01923_,12.37µm
_01939_,12.37µm
_02269_,12.37µm
_02272_,12.37µm
_02303_,12.37µm
_02628_,12.37µm
_02761_,12.37µm
_02857_,12.37µm
_02916_,12.37µm
_02950_,12.37µm
_02969_,12.37µm
_03021_,12.37µm
_03041_,12.37µm
_03149_,12.37µm
_03289_,12.37µm
_03707_,12.37µm
_03857_,12.37µm
_03907_,12.37µm
_04484_,12.37µm
_04511_,12.37µm
_04593_,12.37µm
_04636_,12.37µm
_04730_,12.37µm
_05030_,12.37µm
_05040_,12.37µm
_05217_,12.37µm
_05418_,12.37µm
_05428_,12.37µm
_05553_,12.37µm
_05567_,12.37µm
_05640_,12.37µm
_05686_,12.37µm
_05718_,12.37µm
_05818_,12.37µm
_06120_,12.37µm
_06208_,12.37µm
_06238_,12.37µm
_06288_,12.37µm
_06316_,12.37µm
_06415_,12.37µm
_06464_,12.37µm
_06543_,12.37µm
_06757_,12.37µm
_06760_,12.37µm
_06767_,12.37µm
_06831_,12.37µm
_06902_,12.37µm
_07098_,12.37µm
_07112_,12.37µm
_07122_,12.37µm
_07147_,12.37µm
_07359_,12.37µm
_07382_,12.37µm
_07450_,12.37µm
_07518_,12.37µm
_07745_,12.37µm
_07775_,12.37µm
_08027_,12.37µm
_08476_,12.37µm
_08616_,12.37µm
_08735_,12.37µm
_08934_,12.37µm
_08942_,12.37µm
_08967_,12.37µm
u_transform_scheduler_core.rx_small_x1_q\[10\],12.37µm
u_transform_scheduler_core.tx_dft12_hold_i\[0\]\[9\],12.37µm
u_transform_scheduler_core.tx_dft12_hold_q\[1\]\[14\],12.37µm
u_transform_scheduler_core.u_fdiq_input_adapter.expect_q,12.37µm
u_transform_scheduler_core.u_fft_scratch_sram.i_half\[10\],12.37µm
_00048_,12.32µm
_00226_,12.32µm
_00243_,12.32µm
_00253_,12.32µm
_00406_,12.32µm
_00651_,12.32µm
_00922_,12.32µm
_01033_,12.32µm
_01268_,12.32µm
_01269_,12.32µm
_01300_,12.32µm
_01423_,12.32µm
_01498_,12.32µm
_01792_,12.32µm
_01793_,12.32µm
_01882_,12.32µm
_01944_,12.32µm
_01999_,12.32µm
_02261_,12.32µm
_02379_,12.32µm
_02657_,12.32µm
_02691_,12.32µm
_02697_,12.32µm
_02817_,12.32µm
_02856_,12.32µm
_02906_,12.32µm
_02998_,12.32µm
_03242_,12.32µm
_03309_,12.32µm
_04084_,12.32µm
_04685_,12.32µm
_04831_,12.32µm
_05124_,12.32µm
_05459_,12.32µm
_05690_,12.32µm
_05701_,12.32µm
_05748_,12.32µm
_05759_,12.32µm
_05795_,12.32µm
_05843_,12.32µm
_05851_,12.32µm
_06227_,12.32µm
_06310_,12.32µm
_06513_,12.32µm
_06656_,12.32µm
_06812_,12.32µm
_06818_,12.32µm
_06868_,12.32µm
_06996_,12.32µm
_07022_,12.32µm
_07071_,12.32µm
_07146_,12.32µm
_07217_,12.32µm
_07462_,12.32µm
_07583_,12.32µm
_07720_,12.32µm
_07782_,12.32µm
_07796_,12.32µm
_07820_,12.32µm
_08361_,12.32µm
_08508_,12.32µm
_08842_,12.32µm
_08846_,12.32µm
_08851_,12.32µm
_08890_,12.32µm
u_transform_scheduler_core.rx_dft12_i\[1\],12.32µm
u_transform_scheduler_core.rx_small_x0_q\[0\],12.32µm
u_transform_scheduler_core.u_mixed_radix_butterfly.premultiply_x0_i_reg\[1\],12.32µm
_02204_,11.91µm
_04019_,11.91µm
_04684_,11.91µm
_07769_,11.91µm
_08167_,11.91µm
u_transform_scheduler_core.mod_x0_q\[3\],11.91µm
u_transform_scheduler_core.u_mixed_radix_butterfly.arithmetic_half_sum_i_reg\[8\],11.91µm
u_transform_scheduler_core.u_mixed_radix_butterfly.product_rr_reg\[17\],11.91µm
_00921_,11.86µm
_02434_,11.86µm
_03083_,11.86µm
_03094_,11.86µm
_03755_,11.86µm
_04095_,11.86µm
_04270_,11.86µm
_04643_,11.86µm
_05447_,11.86µm
_05744_,11.86µm
_05881_,11.86µm
_06663_,11.86µm
_07079_,11.86µm
_07538_,11.86µm
_07866_,11.86µm
_07957_,11.86µm
_08078_,11.86µm
_08081_,11.86µm
_08193_,11.86µm
_08261_,11.86µm
_08362_,11.86µm
_08460_,11.86µm
_08643_,11.86µm
_08649_,11.86µm
_08892_,11.86µm
u_transform_scheduler_core.u_mixed_radix_butterfly.premultiply_uop_reg\[0\],11.86µm
u_transform_scheduler_core.u_mixed_radix_butterfly.twiddle_im_reg\[0\],11.86µm
_00027_,11.81µm
_00172_,11.81µm
_00199_,11.81µm
_00241_,11.81µm
_00252_,11.81µm
_00288_,11.81µm
_00334_,11.81µm
_00374_,11.81µm
_00468_,11.81µm
_00503_,11.81µm
_00794_,11.81µm
_00821_,11.81µm
_00862_,11.81µm
_00899_,11.81µm
_01032_,11.81µm
_01074_,11.81µm
_01079_,11.81µm
_01181_,11.81µm
_01206_,11.81µm
_01534_,11.81µm
_01657_,11.81µm
_01707_,11.81µm
_01753_,11.81µm
_01763_,11.81µm
_01838_,11.81µm
_01847_,11.81µm
_01906_,11.81µm
_01933_,11.81µm
_02013_,11.81µm
_02059_,11.81µm
_02147_,11.81µm
_02245_,11.81µm
_02287_,11.81µm
_02343_,11.81µm
_02439_,11.81µm
_02629_,11.81µm
_02716_,11.81µm
_02799_,11.81µm
_02832_,11.81µm
_03061_,11.81µm
_03371_,11.81µm
_03461_,11.81µm
_03486_,11.81µm
_03629_,11.81µm
_03694_,11.81µm
_04085_,11.81µm
_04115_,11.81µm
_04766_,11.81µm
_04774_,11.81µm
_04842_,11.81µm
_04848_,11.81µm
_04853_,11.81µm
_04963_,11.81µm
_05082_,11.81µm
_05340_,11.81µm
_05696_,11.81µm
_05966_,11.81µm
_05978_,11.81µm
_06110_,11.81µm
_06329_,11.81µm
_06333_,11.81µm
_06345_,11.81µm
_06452_,11.81µm
_06482_,11.81µm
_06489_,11.81µm
_06556_,11.81µm
_06595_,11.81µm
_06604_,11.81µm
_06716_,11.81µm
_06776_,11.81µm
_07080_,11.81µm
_07130_,11.81µm
_07224_,11.81µm
_07320_,11.81µm
_07414_,11.81µm
_07423_,11.81µm
_07609_,11.81µm
_07613_,11.81µm
_07718_,11.81µm
_07784_,11.81µm
_07831_,11.81µm
_07846_,11.81µm
_07892_,11.81µm
_07915_,11.81µm
_07990_,11.81µm
_08045_,11.81µm
_08217_,11.81µm
_08244_,11.81µm
_08300_,11.81µm
_08327_,11.81µm
_08491_,11.81µm
_08980_,11.81µm
u_transform_scheduler_core.tx_dft12_hold_q\[1\]\[9\],11.81µm
u_transform_scheduler_core.tx_dout\[5\],11.81µm
u_transform_scheduler_core.u_mixed_radix_butterfly.product_iq_reg\[0\],11.81µm
u_transform_scheduler_core.u_mixed_radix_butterfly.x0_q_ext\[3\],11.81µm
u_transform_scheduler_core.u_tdiq_input_cp_remove.cp_length_reg\[2\],11.81µm
_03333_,11.78µm
_00047_,11.76µm
_00082_,11.76µm
_00247_,11.76µm
_00396_,11.76µm
_00466_,11.76µm
_00855_,11.76µm
_00858_,11.76µm
_00914_,11.76µm
_01018_,11.76µm
_01600_,11.76µm
_01676_,11.76µm
_01708_,11.76µm
_01850_,11.76µm
_01909_,11.76µm
_01956_,11.76µm
_01970_,11.76µm
_02055_,11.76µm
_02157_,11.76µm
_02301_,11.76µm
_02678_,11.76µm
_02679_,11.76µm
_02763_,11.76µm
_02967_,11.76µm
_02968_,11.76µm
_03327_,11.76µm
_03625_,11.76µm
_03647_,11.76µm
_03656_,11.76µm
_03658_,11.76µm
_03940_,11.76µm
_04626_,11.76µm
_04794_,11.76µm
_05419_,11.76µm
_05433_,11.76µm
_05704_,11.76µm
_05911_,11.76µm
_05924_,11.76µm
_05950_,11.76µm
_06002_,11.76µm
_06163_,11.76µm
_06193_,11.76µm
_06209_,11.76µm
_06507_,11.76µm
_06590_,11.76µm
_06846_,11.76µm
_06966_,11.76µm
_06990_,11.76µm
_07300_,11.76µm
_07384_,11.76µm
_07388_,11.76µm
_07748_,11.76µm
_08016_,11.76µm
_08108_,11.76µm
_08218_,11.76µm
_08296_,11.76µm
_08359_,11.76µm
_08618_,11.76µm
_08737_,11.76µm
_08813_,11.76µm
u_transform_scheduler_core.fft_mem_rdata\[25\],11.76µm
u_transform_scheduler_core.tx_dft12_hold_i\[0\]\[7\],11.76µm
u_transform_scheduler_core.u_fft_scratch_sram.i_half\[3\],11.76µm
u_transform_scheduler_core.u_mixed_radix_butterfly.arithmetic_x0_i_reg\[3\],11.76µm
u_transform_scheduler_core.u_mixed_radix_butterfly.combine_uop_reg\[0\],11.76µm
_06640_,11.53µm
_07398_,11.35µm
_03630_,11.3µm
_03938_,11.3µm
_04030_,11.3µm
_04637_,11.3µm
_04934_,11.3µm
_05233_,11.3µm
_05316_,11.3µm
_05905_,11.3µm
_07060_,11.3µm
_07162_,11.3µm
_07197_,11.3µm
_07476_,11.3µm
_08307_,11.3µm
_08510_,11.3µm
_08691_,11.3µm
u_transform_scheduler_core.fft_mem_rvalid,11.3µm
u_transform_scheduler_core.u_tdiq_input_cp_remove.held_i\[2\],11.3µm
_04941_,11.26µm
_00044_,11.25µm
_00123_,11.25µm
_00170_,11.25µm
_00181_,11.25µm
_00192_,11.25µm
_00215_,11.25µm
_00264_,11.25µm
_00267_,11.25µm
_00274_,11.25µm
_00283_,11.25µm
_00300_,11.25µm
_00378_,11.25µm
_00440_,11.25µm
_00522_,11.25µm
_00553_,11.25µm
_00568_,11.25µm
_00640_,11.25µm
_00718_,11.25µm
_00888_,11.25µm
_00970_,11.25µm
_00995_,11.25µm
_01070_,11.25µm
_01106_,11.25µm
_01108_,11.25µm
_01114_,11.25µm
_01199_,11.25µm
_01204_,11.25µm
_01417_,11.25µm
_01551_,11.25µm
_01578_,11.25µm
_01608_,11.25µm
_01802_,11.25µm
_01840_,11.25µm
_02152_,11.25µm
_02355_,11.25µm
_02405_,11.25µm
_02431_,11.25µm
_02566_,11.25µm
_02643_,11.25µm
_02695_,11.25µm
_02724_,11.25µm
_02834_,11.25µm
_03001_,11.25µm
_03011_,11.25µm
_03028_,11.25µm
_03029_,11.25µm
_03033_,11.25µm
_03074_,11.25µm
_03116_,11.25µm
_03145_,11.25µm
_03174_,11.25µm
_03219_,11.25µm
_03223_,11.25µm
_03270_,11.25µm
_03332_,11.25µm
_03351_,11.25µm
_03356_,11.25µm
_03449_,11.25µm
_03472_,11.25µm
_03725_,11.25µm
_03760_,11.25µm
_04257_,11.25µm
_04536_,11.25µm
_04549_,11.25µm
_04632_,11.25µm
_04678_,11.25µm
_04790_,11.25µm
_04793_,11.25µm
_04968_,11.25µm
_05261_,11.25µm
_05512_,11.25µm
_05610_,11.25µm
_05680_,11.25µm
_05738_,11.25µm
_05835_,11.25µm
_05886_,11.25µm
_05932_,11.25µm
_06012_,11.25µm
_06022_,11.25µm
_06413_,11.25µm
_06538_,11.25µm
_06679_,11.25µm
_06697_,11.25µm
_06891_,11.25µm
_06952_,11.25µm
_06992_,11.25µm
_07113_,11.25µm
_07202_,11.25µm
_07428_,11.25µm
_07498_,11.25µm
_07651_,11.25µm
_07781_,11.25µm
_07811_,11.25µm
_07893_,11.25µm
_07999_,11.25µm
_08062_,11.25µm
_08083_,11.25µm
_08106_,11.25µm
_08115_,11.25µm
_08140_,11.25µm
_08346_,11.25µm
_08512_,11.25µm
_08556_,11.25µm
_08576_,11.25µm
_08577_,11.25µm
_08642_,11.25µm
_08812_,11.25µm
_08919_,11.25µm
u_transform_scheduler_core.tx_dout\[0\],11.25µm
_00046_,11.2µm
_00076_,11.2µm
_00235_,11.2µm
_00783_,11.2µm
_00891_,11.2µm
_01026_,11.2µm
_01171_,11.2µm
_01402_,11.2µm
_01549_,11.2µm
_01556_,11.2µm
_01577_,11.2µm
_01605_,11.2µm
_01611_,11.2µm
_01751_,11.2µm
_01770_,11.2µm
_01863_,11.2µm
_01873_,11.2µm
_01918_,11.2µm
_01931_,11.2µm
_01942_,11.2µm
_02001_,11.2µm
_02186_,11.2µm
_02252_,11.2µm
_02394_,11.2µm
_02616_,11.2µm
_02666_,11.2µm
_02981_,11.2µm
_03069_,11.2µm
_03384_,11.2µm
_03575_,11.2µm
_03609_,11.2µm
_03763_,11.2µm
_03802_,11.2µm
_04753_,11.2µm
_04847_,11.2µm
_04884_,11.2µm
_05128_,11.2µm
_05136_,11.2µm
_05234_,11.2µm
_05236_,11.2µm
_05489_,11.2µm
_05562_,11.2µm
_05660_,11.2µm
_05750_,11.2µm
_05974_,11.2µm
_06019_,11.2µm
_06133_,11.2µm
_06141_,11.2µm
_06172_,11.2µm
_06355_,11.2µm
_06368_,11.2µm
_06419_,11.2µm
_06544_,11.2µm
_06569_,11.2µm
_06612_,11.2µm
_06642_,11.2µm
_06646_,11.2µm
_06745_,11.2µm
_06845_,11.2µm
_07055_,11.2µm
_07325_,11.2µm
_07375_,11.2µm
_07525_,11.2µm
_07835_,11.2µm
_08073_,11.2µm
_08333_,11.2µm
_08449_,11.2µm
_08467_,11.2µm
_08584_,11.2µm
_08715_,11.2µm
_08809_,11.2µm
_08839_,11.2µm
u_transform_scheduler_core.tx_dft12_hold_i\[2\]\[15\],11.2µm
_06852_,11.14µm
_06972_,10.845µm
_08299_,10.79µm
u_transform_scheduler_core.u_mixed_radix_butterfly.product_iq_reg\[3\],10.79µm
_02205_,10.74µm
_02452_,10.74µm
_02937_,10.74µm
_02953_,10.74µm
_02977_,10.74µm
_03087_,10.74µm
_03531_,10.74µm
_03700_,10.74µm
_03795_,10.74µm
_05402_,10.74µm
_05799_,10.74µm
_06051_,10.74µm
_06361_,10.74µm
_07698_,10.74µm
_07935_,10.74µm
_08511_,10.74µm
_08795_,10.74µm
u_transform_scheduler_core.tx_dft12_hold_q\[1\]\[8\],10.74µm
_00022_,10.69µm
_00062_,10.69µm
_00078_,10.69µm
_00126_,10.69µm
_00171_,10.69µm
_00173_,10.69µm
_00204_,10.69µm
_00260_,10.69µm
_00289_,10.69µm
_00331_,10.69µm
_00403_,10.69µm
_00465_,10.69µm
_00472_,10.69µm
_00486_,10.69µm
_00487_,10.69µm
_00507_,10.69µm
_00516_,10.69µm
_00573_,10.69µm
_00697_,10.69µm
_00895_,10.69µm
_00982_,10.69µm
_00983_,10.69µm
_01132_,10.69µm
_01157_,10.69µm
_01166_,10.69µm
_01295_,10.69µm
_01347_,10.69µm
_01388_,10.69µm
_01536_,10.69µm
_01680_,10.69µm
_01682_,10.69µm
_01808_,10.69µm
_01849_,10.69µm
_01900_,10.69µm
_01915_,10.69µm
_01952_,10.69µm
_01962_,10.69µm
_02060_,10.69µm
_02223_,10.69µm
_02645_,10.69µm
_02795_,10.69µm
_02806_,10.69µm
_02887_,10.69µm
_02983_,10.69µm
_03071_,10.69µm
_03267_,10.69µm
_03343_,10.69µm
_03492_,10.69µm
_03643_,10.69µm
_03786_,10.69µm
_03821_,10.69µm
_03945_,10.69µm
_04021_,10.69µm
_04064_,10.69µm
_04508_,10.69µm
_04670_,10.69µm
_04720_,10.69µm
_04760_,10.69µm
_04892_,10.69µm
_05144_,10.69µm
_05380_,10.69µm
_05442_,10.69µm
_05653_,10.69µm
_05875_,10.69µm
_05899_,10.69µm
_05907_,10.69µm
_05946_,10.69µm
_06027_,10.69µm
_06256_,10.69µm
_06395_,10.69µm
_06402_,10.69µm
_06575_,10.69µm
_06631_,10.69µm
_06959_,10.69µm
_06978_,10.69µm
_07393_,10.69µm
_07447_,10.69µm
_07540_,10.69µm
_07577_,10.69µm
_07774_,10.69µm
_07832_,10.69µm
_07851_,10.69µm
_07862_,10.69µm
_07879_,10.69µm
_07884_,10.69µm
_08040_,10.69µm
_08131_,10.69µm
_08189_,10.69µm
_08200_,10.69µm
_08204_,10.69µm
_08232_,10.69µm
_08340_,10.69µm
_08375_,10.69µm
_08656_,10.69µm
_08766_,10.69µm
_08789_,10.69µm
_08820_,10.69µm
_08824_,10.69µm
_08927_,10.69µm
u_transform_scheduler_core.tx_dft12_hold_i\[1\]\[10\],10.69µm
_03577_,10.65µm
_00010_,10.64µm
_00030_,10.64µm
_00071_,10.64µm
_00111_,10.64µm
_00125_,10.64µm
_00130_,10.64µm
_00151_,10.64µm
_00165_,10.64µm
_00216_,10.64µm
_00222_,10.64µm
_00266_,10.64µm
_00311_,10.64µm
_00337_,10.64µm
_00409_,10.64µm
_00491_,10.64µm
_00579_,10.64µm
_00581_,10.64µm
_00632_,10.64µm
_00947_,10.64µm
_00956_,10.64µm
_00988_,10.64µm
_01084_,10.64µm
_01135_,10.64µm
_01187_,10.64µm
_01202_,10.64µm
_01240_,10.64µm
_01277_,10.64µm
_01283_,10.64µm
_01441_,10.64µm
_01478_,10.64µm
_01500_,10.64µm
_01574_,10.64µm
_01599_,10.64µm
_01749_,10.64µm
_01992_,10.64µm
_01996_,10.64µm
_02014_,10.64µm
_02283_,10.64µm
_02450_,10.64µm
_02595_,10.64µm
_02801_,10.64µm
_02829_,10.64µm
_02997_,10.64µm
_03013_,10.64µm
_03049_,10.64µm
_03101_,10.64µm
_03110_,10.64µm
_03111_,10.64µm
_03172_,10.64µm
_03194_,10.64µm
_03230_,10.64µm
_03254_,10.64µm
_03430_,10.64µm
_03592_,10.64µm
_03624_,10.64µm
_03754_,10.64µm
_04096_,10.64µm
_04703_,10.64µm
_04897_,10.64µm
_04967_,10.64µm
_05069_,10.64µm
_05075_,10.64µm
_05214_,10.64µm
_05393_,10.64µm
_05394_,10.64µm
_05446_,10.64µm
_05637_,10.64µm
_06187_,10.64µm
_06220_,10.64µm
_06247_,10.64µm
_06292_,10.64µm
_06321_,10.64µm
_06462_,10.64µm
_06483_,10.64µm
_06570_,10.64µm
_06851_,10.64µm
_06900_,10.64µm
_06970_,10.64µm
_07051_,10.64µm
_07254_,10.64µm
_07385_,10.64µm
_07584_,10.64µm
_07734_,10.64µm
_07817_,10.64µm
_07869_,10.64µm
_08330_,10.64µm
_08730_,10.64µm
_08750_,10.64µm
_08876_,10.64µm
_01506_,10.36µm
_03641_,10.23µm
_05550_,10.23µm
_08401_,10.23µm
_02638_,10.18µm
_03039_,10.18µm
_03883_,10.18µm
_04112_,10.18µm
_05354_,10.18µm
_06463_,10.18µm
_07617_,10.18µm
_07798_,10.18µm
_07931_,10.18µm
_08124_,10.18µm
_08301_,10.18µm
_08391_,10.18µm
_08858_,10.18µm
_08925_,10.18µm
core_ofdm_active,10.18µm
debug_wdata\[12\],10.18µm
u_transform_scheduler_core.fifo_x2_i\[0\]\[0\],10.18µm
u_transform_scheduler_core.tx_dft12_hold_i\[1\]\[4\],10.18µm
u_transform_scheduler_core.tx_dft12_hold_q\[2\]\[9\],10.18µm
_00104_,10.13µm
_00139_,10.13µm
_00175_,10.13µm
_00187_,10.13µm
_00261_,10.13µm
_00263_,10.13µm
_00278_,10.13µm
_00281_,10.13µm
_00284_,10.13µm
_00341_,10.13µm
_00401_,10.13µm
_00415_,10.13µm
_00425_,10.13µm
_00436_,10.13µm
_00447_,10.13µm
_00517_,10.13µm
_00561_,10.13µm
_00576_,10.13µm
_00578_,10.13µm
_00585_,10.13µm
_00595_,10.13µm
_00608_,10.13µm
_00613_,10.13µm
_00617_,10.13µm
_00898_,10.13µm
_00913_,10.13µm
_01094_,10.13µm
_01115_,10.13µm
_01195_,10.13µm
_01259_,10.13µm
_01260_,10.13µm
_01324_,10.13µm
_01331_,10.13µm
_01346_,10.13µm
_01367_,10.13µm
_01412_,10.13µm
_01456_,10.13µm
_01513_,10.13µm
_01664_,10.13µm
_01697_,10.13µm
_01700_,10.13µm
_01713_,10.13µm
_01757_,10.13µm
_01772_,10.13µm
_01778_,10.13µm
_01834_,10.13µm
_01867_,10.13µm
_01897_,10.13µm
_02032_,10.13µm
_02074_,10.13µm
_02132_,10.13µm
_02164_,10.13µm
_02168_,10.13µm
_02197_,10.13µm
_02270_,10.13µm
_02710_,10.13µm
_02915_,10.13µm
_02956_,10.13µm
_02961_,10.13µm
_02990_,10.13µm
_03133_,10.13µm
_03153_,10.13µm
_03156_,10.13µm
_03710_,10.13µm
_03773_,10.13µm
_03801_,10.13µm
_03951_,10.13µm
_04043_,10.13µm
_04057_,10.13µm
_04149_,10.13µm
_04395_,10.13µm
_04465_,10.13µm
_04467_,10.13µm
_04680_,10.13µm
_04722_,10.13µm
_04837_,10.13µm
_04962_,10.13µm
_05087_,10.13µm
_05100_,10.13µm
_05395_,10.13µm
_05458_,10.13µm
_05731_,10.13µm
_05779_,10.13µm
_05928_,10.13µm
_06053_,10.13µm
_06127_,10.13µm
_06192_,10.13µm
_06261_,10.13µm
_06287_,10.13µm
_06306_,10.13µm
_06392_,10.13µm
_06431_,10.13µm
_06460_,10.13µm
_06658_,10.13µm
_06973_,10.13µm
_07032_,10.13µm
_07097_,10.13µm
_07118_,10.13µm
_07529_,10.13µm
_07599_,10.13µm
_07661_,10.13µm
_07672_,10.13µm
_07724_,10.13µm
_07761_,10.13µm
_07797_,10.13µm
_07855_,10.13µm
_07878_,10.13µm
_07930_,10.13µm
_07980_,10.13µm
_08160_,10.13µm
_08203_,10.13µm
_08248_,10.13µm
_08587_,10.13µm
_08728_,10.13µm
output_left\[4\],10.13µm
u_transform_scheduler_core.tx_dft12_hold_q\[0\]\[2\],10.13µm
u_transform_scheduler_core.tx_dft12_hold_q\[0\]\[9\],10.13µm
_00003_,10.08µm
_00086_,10.08µm
_00156_,10.08µm
_00188_,10.08µm
_00197_,10.08µm
_00373_,10.08µm
_00545_,10.08µm
_00577_,10.08µm
_00679_,10.08µm
_00705_,10.08µm
_00760_,10.08µm
_00818_,10.08µm
_00866_,10.08µm
_00897_,10.08µm
_00928_,10.08µm
_01015_,10.08µm
_01088_,10.08µm
_01099_,10.08µm
_01124_,10.08µm
_01129_,10.08µm
_01154_,10.08µm
_01267_,10.08µm
_01334_,10.08µm
_01365_,10.08µm
_01396_,10.08µm
_01487_,10.08µm
_01518_,10.08µm
_01674_,10.08µm
_01720_,10.08µm
_01724_,10.08µm
_01759_,10.08µm
_01861_,10.08µm
_01868_,10.08µm
_01890_,10.08µm
_02000_,10.08µm
_02125_,10.08µm
_02247_,10.08µm
_02326_,10.08µm
_02437_,10.08µm
_02453_,10.08µm
_02625_,10.08µm
_02648_,10.08µm
_02742_,10.08µm
_02783_,10.08µm
_02805_,10.08µm
_02869_,10.08µm
_02875_,10.08µm
_02876_,10.08µm
_02923_,10.08µm
_02959_,10.08µm
_02987_,10.08µm
_03032_,10.08µm
_03040_,10.08µm
_03127_,10.08µm
_03146_,10.08µm
_03177_,10.08µm
_03225_,10.08µm
_03232_,10.08µm
_03525_,10.08µm
_03627_,10.08µm
_03733_,10.08µm
_03735_,10.08µm
_04804_,10.08µm
_04875_,10.08µm
_04913_,10.08µm
_04993_,10.08µm
_05382_,10.08µm
_05632_,10.08µm
_05736_,10.08µm
_05757_,10.08µm
_05773_,10.08µm
_05810_,10.08µm
_05906_,10.08µm
_05929_,10.08µm
_06057_,10.08µm
_06126_,10.08µm
_06397_,10.08µm
_06422_,10.08µm
_06555_,10.08µm
_06564_,10.08µm
_06671_,10.08µm
_06680_,10.08µm
_06717_,10.08µm
_06825_,10.08µm
_06882_,10.08µm
_07182_,10.08µm
_07250_,10.08µm
_07363_,10.08µm
_07408_,10.08µm
_07410_,10.08µm
_07454_,10.08µm
_07544_,10.08µm
_07622_,10.08µm
_07664_,10.08µm
_07706_,10.08µm
_07853_,10.08µm
_07877_,10.08µm
_08210_,10.08µm
_08306_,10.08µm
_08311_,10.08µm
_08398_,10.08µm
_08432_,10.08µm
_08442_,10.08µm
_08465_,10.08µm
_08574_,10.08µm
_08692_,10.08µm
_08710_,10.08µm
_08781_,10.08µm
_08970_,10.08µm
u_transform_scheduler_core.tx_dout\[4\],10.08µm
u_transform_scheduler_core.u_mixed_radix_butterfly.arithmetic_x0_q_reg\[12\],10.08µm
_03887_,9.67µm
_01462_,9.62µm
_02581_,9.62µm
_02917_,9.62µm
_03426_,9.62µm
_03918_,9.62µm
_03956_,9.62µm
_04357_,9.62µm
_04707_,9.62µm
_04778_,9.62µm
_04938_,9.62µm
_04970_,9.62µm
_05540_,9.62µm
_05747_,9.62µm
_06219_,9.62µm
_06585_,9.62µm
_06870_,9.62µm
_06989_,9.62µm
_07013_,9.62µm
_08015_,9.62µm
_08372_,9.62µm
_08395_,9.62µm
_08803_,9.62µm
_08922_,9.62µm
serializer_job_done,9.62µm
u_transform_scheduler_core.fft_mem_rdata\[23\],9.62µm
u_transform_scheduler_core.ofdm_sample_q\[10\],9.62µm
u_transform_scheduler_core.tx_dft12_hold_i\[0\]\[2\],9.62µm
u_transform_scheduler_core.tx_dft12_hold_i\[1\]\[12\],9.62µm
_06883_,9.61µm
_08087_,9.61µm
_00017_,9.57µm
_00042_,9.57µm
_00070_,9.57µm
_00168_,9.57µm
_00194_,9.57µm
_00208_,9.57µm
_00257_,9.57µm
_00262_,9.57µm
_00277_,9.57µm
_00279_,9.57µm
_00333_,9.57µm
_00413_,9.57µm
_00433_,9.57µm
_00479_,9.57µm
_00510_,9.57µm
_00611_,9.57µm
_00726_,9.57µm
_00752_,9.57µm
_00832_,9.57µm
_01050_,9.57µm
_01063_,9.57µm
_01159_,9.57µm
_01227_,9.57µm
_01231_,9.57µm
_01257_,9.57µm
_01414_,9.57µm
_01491_,9.57µm
_01492_,9.57µm
_01644_,9.57µm
_01670_,9.57µm
_01685_,9.57µm
_01693_,9.57µm
_01717_,9.57µm
_01754_,9.57µm
_01789_,9.57µm
_01919_,9.57µm
_01932_,9.57µm
_01937_,9.57µm
_02016_,9.57µm
_02087_,9.57µm
_02314_,9.57µm
_02352_,9.57µm
_02360_,9.57µm
_02580_,9.57µm
_02587_,9.57µm
_02689_,9.57µm
_02965_,9.57µm
_03122_,9.57µm
_03129_,9.57µm
_03369_,9.57µm
_03409_,9.57µm
_03493_,9.57µm
_03579_,9.57µm
_03671_,9.57µm
_03832_,9.57µm
_04028_,9.57µm
_04608_,9.57µm
_04733_,9.57µm
_04754_,9.57µm
_04975_,9.57µm
_05014_,9.57µm
_05363_,9.57µm
_05365_,9.57µm
_05464_,9.57µm
_05477_,9.57µm
_05590_,9.57µm
_05594_,9.57µm
_05815_,9.57µm
_05860_,9.57µm
_05865_,9.57µm
_05942_,9.57µm
_06232_,9.57µm
_06246_,9.57µm
_06251_,9.57µm
_06260_,9.57µm
_06312_,9.57µm
_06343_,9.57µm
_06373_,9.57µm
_06530_,9.57µm
_06536_,9.57µm
_06552_,9.57µm
_06681_,9.57µm
_06771_,9.57µm
_06944_,9.57µm
_07064_,9.57µm
_07085_,9.57µm
_07183_,9.57µm
_07322_,9.57µm
_07616_,9.57µm
_07649_,9.57µm
_07813_,9.57µm
_07842_,9.57µm
_07889_,9.57µm
_08205_,9.57µm
_08257_,9.57µm
_08339_,9.57µm
_08380_,9.57µm
_08404_,9.57µm
_08571_,9.57µm
_08622_,9.57µm
_08632_,9.57µm
_08668_,9.57µm
_08896_,9.57µm
_08965_,9.57µm
_00007_,9.52µm
_00028_,9.52µm
_00060_,9.52µm
_00101_,9.52µm
_00184_,9.52µm
_00332_,9.52µm
_00379_,9.52µm
_00441_,9.52µm
_00456_,9.52µm
_00513_,9.52µm
_00543_,9.52µm
_00554_,9.52µm
_00590_,9.52µm
_00648_,9.52µm
_00650_,9.52µm
_00652_,9.52µm
_00694_,9.52µm
_00756_,9.52µm
_00815_,9.52µm
_00884_,9.52µm
_00912_,9.52µm
_00925_,9.52µm
_01047_,9.52µm
_01107_,9.52µm
_01109_,9.52µm
_01230_,9.52µm
_01270_,9.52µm
_01276_,9.52µm
_01386_,9.52µm
_01415_,9.52µm
_01445_,9.52µm
_01530_,9.52µm
_01568_,9.52µm
_01579_,9.52µm
_01581_,9.52µm
_01633_,9.52µm
_01675_,9.52µm
_01881_,9.52µm
_01888_,9.52µm
_01949_,9.52µm
_02035_,9.52µm
_02108_,9.52µm
_02206_,9.52µm
_02650_,9.52µm
_02651_,9.52µm
_02698_,9.52µm
_02748_,9.52µm
_02770_,9.52µm
_02779_,9.52µm
_02780_,9.52µm
_02782_,9.52µm
_02819_,9.52µm
_02995_,9.52µm
_03007_,9.52µm
_03010_,9.52µm
_03091_,9.52µm
_03119_,9.52µm
_03136_,9.52µm
_03166_,9.52µm
_03244_,9.52µm
_03251_,9.52µm
_03336_,9.52µm
_03450_,9.52µm
_03528_,9.52µm
_03691_,9.52µm
_03768_,9.52µm
_03782_,9.52µm
_04476_,9.52µm
_04616_,9.52µm
_04647_,9.52µm
_04816_,9.52µm
_04855_,9.52µm
_04908_,9.52µm
_04961_,9.52µm
_05035_,9.52µm
_05093_,9.52µm
_05096_,9.52µm
_05113_,9.52µm
_05204_,9.52µm
_05305_,9.52µm
_05367_,9.52µm
_05495_,9.52µm
_05646_,9.52µm
_05666_,9.52µm
_05726_,9.52µm
_05761_,9.52µm
_05858_,9.52µm
_05919_,9.52µm
_06023_,9.52µm
_06179_,9.52µm
_06283_,9.52µm
_06300_,9.52µm
_06391_,9.52µm
_06443_,9.52µm
_06476_,9.52µm
_06477_,9.52µm
_06637_,9.52µm
_06638_,9.52µm
_06708_,9.52µm
_06799_,9.52µm
_06810_,9.52µm
_07000_,9.52µm
_07010_,9.52µm
_07021_,9.52µm
_07047_,9.52µm
_07094_,9.52µm
_07160_,9.52µm
_07238_,9.52µm
_07279_,9.52µm
_07679_,9.52µm
_07707_,9.52µm
_07815_,9.52µm
_08050_,9.52µm
_08059_,9.52µm
_08068_,9.52µm
_08156_,9.52µm
_08393_,9.52µm
_08399_,9.52µm
_08560_,9.52µm
_08565_,9.52µm
_08625_,9.52µm
_08911_,9.52µm
u_transform_scheduler_core.tx_dft12_hold_i\[1\]\[8\],9.52µm
_04502_,9.17µm
_07601_,9.11µm
_00135_,9.06µm
_02010_,9.06µm
_02593_,9.06µm
_04031_,9.06µm
_04035_,9.06µm
_04247_,9.06µm
_05097_,9.06µm
_05163_,9.06µm
_05277_,9.06µm
_05999_,9.06µm
_06258_,9.06µm
_06418_,9.06µm
_07020_,9.06µm
_07028_,9.06µm
_07088_,9.06µm
_07501_,9.06µm
_07766_,9.06µm
_07921_,9.06µm
_08318_,9.06µm
_08450_,9.06µm
_08667_,9.06µm
u_transform_scheduler_core.rx_dft12_i\[2\],9.06µm
u_transform_scheduler_core.u_fft_scratch_sram.macro_wdata\[12\],9.06µm
_03662_,9.02µm
_00000_,9.01µm
_00024_,9.01µm
_00075_,9.01µm
_00108_,9.01µm
_00134_,9.01µm
_00183_,9.01µm
_00310_,9.01µm
_00444_,9.01µm
_00471_,9.01µm
_00511_,9.01µm
_00525_,9.01µm
_00538_,9.01µm
_00622_,9.01µm
_00678_,9.01µm
_00745_,9.01µm
_00770_,9.01µm
_00841_,9.01µm
_00856_,9.01µm
_00875_,9.01µm
_00963_,9.01µm
_01095_,9.01µm
_01136_,9.01µm
_01156_,9.01µm
_01189_,9.01µm
_01330_,9.01µm
_01381_,9.01µm
_01391_,9.01µm
_01439_,9.01µm
_01448_,9.01µm
_01458_,9.01µm
_01474_,9.01µm
_01535_,9.01µm
_01576_,9.01µm
_01610_,9.01µm
_01645_,9.01µm
_01681_,9.01µm
_01686_,9.01µm
_01701_,9.01µm
_01777_,9.01µm
_01796_,9.01µm
_01864_,9.01µm
_01928_,9.01µm
_01979_,9.01µm
_02025_,9.01µm
_02110_,9.01µm
_02151_,9.01µm
_02159_,9.01µm
_02421_,9.01µm
_02706_,9.01µm
_02893_,9.01µm
_02897_,9.01µm
_02992_,9.01µm
_03120_,9.01µm
_03139_,9.01µm
_03261_,9.01µm
_03307_,9.01µm
_03320_,9.01µm
_03378_,9.01µm
_03501_,9.01µm
_03657_,9.01µm
_03679_,9.01µm
_03712_,9.01µm
_03723_,9.01µm
_03769_,9.01µm
_04116_,9.01µm
_04186_,9.01µm
_04215_,9.01µm
_04548_,9.01µm
_04569_,9.01µm
_04612_,9.01µm
_04716_,9.01µm
_04775_,9.01µm
_05051_,9.01µm
_05151_,9.01µm
_05166_,9.01µm
_05436_,9.01µm
_05471_,9.01µm
_05522_,9.01µm
_05623_,9.01µm
_05628_,9.01µm
_05900_,9.01µm
_06003_,9.01µm
_06013_,9.01µm
_06242_,9.01µm
_06346_,9.01µm
_06377_,9.01µm
_06449_,9.01µm
_06532_,9.01µm
_06931_,9.01µm
_07009_,9.01µm
_07295_,9.01µm
_07440_,9.01µm
_07553_,9.01µm
_07626_,9.01µm
_07671_,9.01µm
_07674_,9.01µm
_08076_,9.01µm
_08178_,9.01µm
_08220_,9.01µm
_08316_,9.01µm
_08342_,9.01µm
_08676_,9.01µm
_08746_,9.01µm
_08847_,9.01µm
_08854_,9.01µm
_08859_,9.01µm
_08963_,9.01µm
u_transform_scheduler_core.ofdm_sample_i\[10\],9.01µm
u_transform_scheduler_core.ofdm_sample_index\[0\],9.01µm
_00037_,8.96µm
_00080_,8.96µm
_00092_,8.96µm
_00105_,8.96µm
_00128_,8.96µm
_00132_,8.96µm
_00318_,8.96µm
_00322_,8.96µm
_00339_,8.96µm
_00380_,8.96µm
_00432_,8.96µm
_00646_,8.96µm
_00687_,8.96µm
_00707_,8.96µm
_00728_,8.96µm
_00860_,8.96µm
_00953_,8.96µm
_00985_,8.96µm
_00987_,8.96µm
_00991_,8.96µm
_01056_,8.96µm
_01116_,8.96µm
_01192_,8.96µm
_01219_,8.96µm
_01481_,8.96µm
_01572_,8.96µm
_01597_,8.96µm
_01602_,8.96µm
_01783_,8.96µm
_01801_,8.96µm
_01854_,8.96µm
_01955_,8.96µm
_02042_,8.96µm
_02198_,8.96µm
_02353_,8.96µm
_02377_,8.96µm
_02382_,8.96µm
_02410_,8.96µm
_02460_,8.96µm
_02471_,8.96µm
_02541_,8.96µm
_02734_,8.96µm
_02762_,8.96µm
_02772_,8.96µm
_02781_,8.96µm
_02789_,8.96µm
_02802_,8.96µm
_02813_,8.96µm
_02815_,8.96µm
_02854_,8.96µm
_02971_,8.96µm
_03022_,8.96µm
_03026_,8.96µm
_03078_,8.96µm
_03088_,8.96µm
_03090_,8.96µm
_03125_,8.96µm
_03229_,8.96µm
_03301_,8.96µm
_03372_,8.96µm
_03414_,8.96µm
_03444_,8.96µm
_03454_,8.96µm
_03490_,8.96µm
_03587_,8.96µm
_03652_,8.96µm
_03660_,8.96µm
_03669_,8.96µm
_04393_,8.96µm
_04398_,8.96µm
_04560_,8.96µm
_04620_,8.96µm
_04795_,8.96µm
_04805_,8.96µm
_04906_,8.96µm
_04948_,8.96µm
_05038_,8.96µm
_05042_,8.96µm
_05150_,8.96µm
_05303_,8.96µm
_05416_,8.96µm
_05441_,8.96µm
_05601_,8.96µm
_05634_,8.96µm
_05671_,8.96µm
_05776_,8.96µm
_05993_,8.96µm
_06065_,8.96µm
_06252_,8.96µm
_06370_,8.96µm
_06519_,8.96µm
_06653_,8.96µm
_06735_,8.96µm
_06832_,8.96µm
_06844_,8.96µm
_06889_,8.96µm
_06903_,8.96µm
_06962_,8.96µm
_06964_,8.96µm
_06971_,8.96µm
_06986_,8.96µm
_07089_,8.96µm
_07096_,8.96µm
_07319_,8.96µm
_07412_,8.96µm
_07424_,8.96µm
_07479_,8.96µm
_07586_,8.96µm
_08000_,8.96µm
_08009_,8.96µm
_08012_,8.96µm
_08022_,8.96µm
_08182_,8.96µm
_08208_,8.96µm
_08268_,8.96µm
_08661_,8.96µm
_08747_,8.96µm
_08805_,8.96µm
_08843_,8.96µm
_08850_,8.96µm
_08945_,8.96µm
_06847_,8.605µm
_07922_,8.575µm
_04297_,8.55µm
_04829_,8.55µm
_02419_,8.5µm
_02925_,8.5µm
_02933_,8.5µm
_03080_,8.5µm
_03231_,8.5µm
_03247_,8.5µm
_03303_,8.5µm
_04379_,8.5µm
_05024_,8.5µm
_05543_,8.5µm
_06140_,8.5µm
_06826_,8.5µm
_07057_,8.5µm
_07425_,8.5µm
_07888_,8.5µm
_07911_,8.5µm
_07977_,8.5µm
_08739_,8.5µm
_02692_,8.47µm
_00016_,8.45µm
_00049_,8.45µm
_00107_,8.45µm
_00129_,8.45µm
_00214_,8.45µm
_00240_,8.45µm
_00258_,8.45µm
_00320_,8.45µm
_00323_,8.45µm
_00371_,8.45µm
_00446_,8.45µm
_00452_,8.45µm
_00559_,8.45µm
_00602_,8.45µm
_00618_,8.45µm
_00620_,8.45µm
_00766_,8.45µm
_00773_,8.45µm
_00838_,8.45µm
_00879_,8.45µm
_00880_,8.45µm
_00886_,8.45µm
_00893_,8.45µm
_00975_,8.45µm
_01021_,8.45µm
_01034_,8.45µm
_01060_,8.45µm
_01101_,8.45µm
_01111_,8.45µm
_01150_,8.45µm
_01184_,8.45µm
_01191_,8.45µm
_01223_,8.45µm
_01258_,8.45µm
_01377_,8.45µm
_01393_,8.45µm
_01399_,8.45µm
_01460_,8.45µm
_01489_,8.45µm
_01502_,8.45µm
_01525_,8.45µm
_01539_,8.45µm
_01589_,8.45µm
_01596_,8.45µm
_01625_,8.45µm
_01642_,8.45µm
_01652_,8.45µm
_01694_,8.45µm
_01695_,8.45µm
_01702_,8.45µm
_01740_,8.45µm
_01756_,8.45µm
_01761_,8.45µm
_01856_,8.45µm
_01911_,8.45µm
_01929_,8.45µm
_02048_,8.45µm
_02299_,8.45µm
_02341_,8.45µm
_02707_,8.45µm
_02797_,8.45µm
_02800_,8.45µm
_02863_,8.45µm
_02957_,8.45µm
_02963_,8.45µm
_03005_,8.45µm
_03019_,8.45µm
_03052_,8.45µm
_03099_,8.45µm
_03103_,8.45µm
_03170_,8.45µm
_03246_,8.45µm
_03394_,8.45µm
_03464_,8.45µm
_03555_,8.45µm
_03631_,8.45µm
_03644_,8.45µm
_03709_,8.45µm
_03882_,8.45µm
_03917_,8.45µm
_04194_,8.45µm
_04227_,8.45µm
_04385_,8.45µm
_04950_,8.45µm
_05022_,8.45µm
_05099_,8.45µm
_05117_,8.45µm
_05238_,8.45µm
_05341_,8.45µm
_05615_,8.45µm
_05624_,8.45µm
_06008_,8.45µm
_06175_,8.45µm
_06181_,8.45µm
_06217_,8.45µm
_06268_,8.45µm
_06367_,8.45µm
_06383_,8.45µm
_06423_,8.45µm
_06720_,8.45µm
_06761_,8.45µm
_06774_,8.45µm
_06840_,8.45µm
_06859_,8.45µm
_06906_,8.45µm
_06983_,8.45µm
_06995_,8.45µm
_07008_,8.45µm
_07083_,8.45µm
_07371_,8.45µm
_07490_,8.45µm
_07906_,8.45µm
_07941_,8.45µm
_08032_,8.45µm
_08035_,8.45µm
_08175_,8.45µm
_08477_,8.45µm
_08690_,8.45µm
_08780_,8.45µm
_08794_,8.45µm
_08868_,8.45µm
_00040_,8.4µm
_00098_,8.4µm
_00296_,8.4µm
_00387_,8.4µm
_00455_,8.4µm
_00506_,8.4µm
_00586_,8.4µm
_00596_,8.4µm
_00625_,8.4µm
_00626_,8.4µm
_00761_,8.4µm
_00845_,8.4µm
_00889_,8.4µm
_00930_,8.4µm
_00997_,8.4µm
_01022_,8.4µm
_01041_,8.4µm
_01071_,8.4µm
_01072_,8.4µm
_01148_,8.4µm
_01224_,8.4µm
_01255_,8.4µm
_01342_,8.4µm
_01461_,8.4µm
_01613_,8.4µm
_01621_,8.4µm
_01739_,8.4µm
_01741_,8.4µm
_01752_,8.4µm
_01852_,8.4µm
_01874_,8.4µm
_01972_,8.4µm
_02201_,8.4µm
_02409_,8.4µm
_02641_,8.4µm
_02771_,8.4µm
_02955_,8.4µm
_02999_,8.4µm
_03038_,8.4µm
_03148_,8.4µm
_03406_,8.4µm
_03445_,8.4µm
_03532_,8.4µm
_03677_,8.4µm
_03698_,8.4µm
_03718_,8.4µm
_04524_,8.4µm
_04668_,8.4µm
_04854_,8.4µm
_05033_,8.4µm
_05078_,8.4µm
_05143_,8.4µm
_05275_,8.4µm
_05280_,8.4µm
_05677_,8.4µm
_05689_,8.4µm
_05724_,8.4µm
_06164_,8.4µm
_06215_,8.4µm
_06301_,8.4µm
_06421_,8.4µm
_06872_,8.4µm
_06885_,8.4µm
_07007_,8.4µm
_07035_,8.4µm
_07351_,8.4µm
_07362_,8.4µm
_07437_,8.4µm
_07481_,8.4µm
_07610_,8.4µm
_08116_,8.4µm
_08686_,8.4µm
_03240_,8.05µm
_06182_,7.99µm
_07565_,7.99µm
_00312_,7.94µm
_02585_,7.94µm
_03508_,7.94µm
_03949_,7.94µm
_03994_,7.94µm
_04468_,7.94µm
_05225_,7.94µm
_05702_,7.94µm
_06330_,7.94µm
_07471_,7.94µm
_07508_,7.94µm
_07589_,7.94µm
_07632_,7.94µm
_08614_,7.94µm
_08628_,7.94µm
_08773_,7.94µm
_08904_,7.94µm
u_transform_scheduler_core.u_mixed_radix_butterfly.product_rr_reg\[11\],7.94µm
_06811_,7.92µm
_00013_,7.89µm
_00223_,7.89µm
_00248_,7.89µm
_00348_,7.89µm
_00388_,7.89µm
_00393_,7.89µm
_00405_,7.89µm
_00429_,7.89µm
_00464_,7.89µm
_00467_,7.89µm
_00523_,7.89µm
_00619_,7.89µm
_00713_,7.89µm
_00776_,7.89µm
_00789_,7.89µm
_00795_,7.89µm
_00800_,7.89µm
_00806_,7.89µm
_00869_,7.89µm
_00892_,7.89µm
_00920_,7.89µm
_00933_,7.89µm
_00937_,7.89µm
_00945_,7.89µm
_00951_,7.89µm
_00978_,7.89µm
_01008_,7.89µm
_01019_,7.89µm
_01043_,7.89µm
_01049_,7.89µm
_01196_,7.89µm
_01211_,7.89µm
_01214_,7.89µm
_01273_,7.89µm
_01275_,7.89µm
_01340_,7.89µm
_01341_,7.89µm
_01363_,7.89µm
_01387_,7.89µm
_01443_,7.89µm
_01475_,7.89µm
_01494_,7.89µm
_01523_,7.89µm
_01533_,7.89µm
_01554_,7.89µm
_01584_,7.89µm
_01627_,7.89µm
_01654_,7.89µm
_01668_,7.89µm
_01785_,7.89µm
_01803_,7.89µm
_01806_,7.89µm
_01891_,7.89µm
_01934_,7.89µm
_01978_,7.89µm
_02003_,7.89µm
_02028_,7.89µm
_02131_,7.89µm
_02192_,7.89µm
_02575_,7.89µm
_02623_,7.89µm
_02713_,7.89µm
_02778_,7.89µm
_02879_,7.89µm
_02970_,7.89µm
_02975_,7.89µm
_03025_,7.89µm
_03108_,7.89µm
_03112_,7.89µm
_03128_,7.89µm
_03191_,7.89µm
_03250_,7.89µm
_03282_,7.89µm
_03284_,7.89µm
_03302_,7.89µm
_03503_,7.89µm
_03626_,7.89µm
_03673_,7.89µm
_03886_,7.89µm
_04081_,7.89µm
_04423_,7.89µm
_04902_,7.89µm
_04920_,7.89µm
_04987_,7.89µm
_04988_,7.89µm
_04994_,7.89µm
_05167_,7.89µm
_05173_,7.89µm
_05189_,7.89µm
_05435_,7.89µm
_05493_,7.89µm
_05552_,7.89µm
_05642_,7.89µm
_05665_,7.89µm
_05786_,7.89µm
_05861_,7.89µm
_05904_,7.89µm
_06148_,7.89µm
_06190_,7.89µm
_06222_,7.89µm
_06237_,7.89µm
_06323_,7.89µm
_06350_,7.89µm
_06458_,7.89µm
_06576_,7.89µm
_06634_,7.89µm
_06635_,7.89µm
_06736_,7.89µm
_06754_,7.89µm
_06778_,7.89µm
_06980_,7.89µm
_07164_,7.89µm
_07229_,7.89µm
_07330_,7.89µm
_07533_,7.89µm
_07705_,7.89µm
_07770_,7.89µm
_07918_,7.89µm
_07937_,7.89µm
_08066_,7.89µm
_08129_,7.89µm
_08489_,7.89µm
_08579_,7.89µm
_08895_,7.89µm
net215,7.89µm
_00031_,7.84µm
_00099_,7.84µm
_00291_,7.84µm
_00307_,7.84µm
_00391_,7.84µm
_00428_,7.84µm
_00598_,7.84µm
_00637_,7.84µm
_00715_,7.84µm
_00777_,7.84µm
_00793_,7.84µm
_00843_,7.84µm
_00872_,7.84µm
_00996_,7.84µm
_01027_,7.84µm
_01029_,7.84µm
_01170_,7.84µm
_01183_,7.84µm
_01279_,7.84µm
_01294_,7.84µm
_01389_,7.84µm
_01403_,7.84µm
_01435_,7.84µm
_01457_,7.84µm
_01514_,7.84µm
_01590_,7.84µm
_01799_,7.84µm
_01833_,7.84µm
_01880_,7.84µm
_01884_,7.84µm
_01899_,7.84µm
_02051_,7.84µm
_02116_,7.84µm
_02746_,7.84µm
_02826_,7.84µm
_02830_,7.84µm
_02852_,7.84µm
_03067_,7.84µm
_03077_,7.84µm
_03646_,7.84µm
_03731_,7.84µm
_03743_,7.84µm
_04056_,7.84µm
_04358_,7.84µm
_04752_,7.84µm
_04926_,7.84µm
_04946_,7.84µm
_05012_,7.84µm
_05159_,7.84µm
_05315_,7.84µm
_05359_,7.84µm
_05360_,7.84µm
_05547_,7.84µm
_05592_,7.84µm
_05970_,7.84µm
_06059_,7.84µm
_06827_,7.84µm
_06892_,7.84µm
_06899_,7.84µm
_07335_,7.84µm
_07452_,7.84µm
_07806_,7.84µm
_08132_,7.84µm
_08266_,7.84µm
_08278_,7.84µm
_08379_,7.84µm
_08569_,7.84µm
_08899_,7.84µm
_08912_,7.84µm
_08978_,7.84µm
u_transform_scheduler_core.fifo_x1_q\[0\]\[4\],7.84µm
_06820_,7.61µm
_05018_,7.455µm
_02194_,7.38µm
_02221_,7.38µm
_02624_,7.38µm
_02626_,7.38µm
_02735_,7.38µm
_02895_,7.38µm
_02964_,7.38µm
_03081_,7.38µm
_03243_,7.38µm
_03304_,7.38µm
_03908_,7.38µm
_04250_,7.38µm
_04351_,7.38µm
_05020_,7.38µm
_05103_,7.38µm
_05608_,7.38µm
_05709_,7.38µm
_05723_,7.38µm
_06304_,7.38µm
_06583_,7.38µm
_06614_,7.38µm
_06782_,7.38µm
_06897_,7.38µm
_07187_,7.38µm
_07669_,7.38µm
_07848_,7.38µm
_07964_,7.38µm
_08406_,7.38µm
_08434_,7.38µm
_08626_,7.38µm
_08815_,7.38µm
_00055_,7.33µm
_00072_,7.33µm
_00115_,7.33µm
_00121_,7.33µm
_00225_,7.33µm
_00233_,7.33µm
_00242_,7.33µm
_00246_,7.33µm
_00251_,7.33µm
_00275_,7.33µm
_00315_,7.33µm
_00351_,7.33µm
_00352_,7.33µm
_00365_,7.33µm
_00366_,7.33µm
_00367_,7.33µm
_00368_,7.33µm
_00390_,7.33µm
_00418_,7.33µm
_00434_,7.33µm
_00480_,7.33µm
_00531_,7.33µm
_00557_,7.33µm
_00587_,7.33µm
_00606_,7.33µm
_00614_,7.33µm
_00635_,7.33µm
_00654_,7.33µm
_00675_,7.33µm
_00710_,7.33µm
_00733_,7.33µm
_00811_,7.33µm
_00822_,7.33µm
_00926_,7.33µm
_01105_,7.33µm
_01288_,7.33µm
_01307_,7.33µm
_01319_,7.33µm
_01351_,7.33µm
_01354_,7.33µm
_01366_,7.33µm
_01368_,7.33µm
_01395_,7.33µm
_01430_,7.33µm
_01444_,7.33µm
_01449_,7.33µm
_01473_,7.33µm
_01537_,7.33µm
_01542_,7.33µm
_01548_,7.33µm
_01553_,7.33µm
_01559_,7.33µm
_01560_,7.33µm
_01583_,7.33µm
_01594_,7.33µm
_01607_,7.33µm
_01620_,7.33µm
_01632_,7.33µm
_01637_,7.33µm
_01669_,7.33µm
_01691_,7.33µm
_01738_,7.33µm
_01771_,7.33µm
_01775_,7.33µm
_01865_,7.33µm
_01905_,7.33µm
_02077_,7.33µm
_02088_,7.33µm
_02146_,7.33µm
_02188_,7.33µm
_02249_,7.33µm
_02331_,7.33µm
_02378_,7.33µm
_02557_,7.33µm
_02703_,7.33µm
_02851_,7.33µm
_02972_,7.33µm
_03051_,7.33µm
_03079_,7.33µm
_03105_,7.33µm
_03113_,7.33µm
_03365_,7.33µm
_03416_,7.33µm
_03521_,7.33µm
_03805_,7.33µm
_03820_,7.33µm
_04278_,7.33µm
_04852_,7.33µm
_04885_,7.33µm
_05138_,7.33µm
_05232_,7.33µm
_05472_,7.33µm
_05600_,7.33µm
_05629_,7.33µm
_05667_,7.33µm
_05791_,7.33µm
_05842_,7.33µm
_05863_,7.33µm
_05884_,7.33µm
_06131_,7.33µm
_06149_,7.33µm
_06210_,7.33µm
_06216_,7.33µm
_06393_,7.33µm
_06500_,7.33µm
_06560_,7.33µm
_06601_,7.33µm
_06734_,7.33µm
_06911_,7.33µm
_06988_,7.33µm
_07065_,7.33µm
_07126_,7.33µm
_07191_,7.33µm
_07324_,7.33µm
_07348_,7.33µm
_07383_,7.33µm
_07627_,7.33µm
_07772_,7.33µm
_07840_,7.33µm
_07859_,7.33µm
_07901_,7.33µm
_08165_,7.33µm
_08475_,7.33µm
_08540_,7.33µm
_08541_,7.33µm
_08677_,7.33µm
_08791_,7.33µm
_08849_,7.33µm
_08908_,7.33µm
_00206_,7.28µm
_00435_,7.28µm
_00647_,7.28µm
_00774_,7.28µm
_00861_,7.28µm
_00863_,7.28µm
_00958_,7.28µm
_01023_,7.28µm
_01044_,7.28µm
_01057_,7.28µm
_01058_,7.28µm
_01064_,7.28µm
_01188_,7.28µm
_01197_,7.28µm
_01198_,7.28µm
_01281_,7.28µm
_01318_,7.28µm
_01375_,7.28µm
_01418_,7.28µm
_01438_,7.28µm
_01508_,7.28µm
_01666_,7.28µm
_01776_,7.28µm
_01788_,7.28µm
_01851_,7.28µm
_01857_,7.28µm
_01917_,7.28µm
_01925_,7.28µm
_02007_,7.28µm
_02154_,7.28µm
_02263_,7.28µm
_02420_,7.28µm
_02715_,7.28µm
_02754_,7.28µm
_02803_,7.28µm
_02920_,7.28µm
_03347_,7.28µm
_03390_,7.28µm
_03408_,7.28µm
_03455_,7.28µm
_03648_,7.28µm
_04248_,7.28µm
_04306_,7.28µm
_04689_,7.28µm
_04965_,7.28µm
_05027_,7.28µm
_05036_,7.28µm
_05118_,7.28µm
_05165_,7.28µm
_05440_,7.28µm
_05456_,7.28µm
_05706_,7.28µm
_05762_,7.28µm
_05772_,7.28µm
_05774_,7.28µm
_05829_,7.28µm
_05879_,7.28µm
_05989_,7.28µm
_06050_,7.28µm
_06129_,7.28µm
_06379_,7.28µm
_06389_,7.28µm
_06396_,7.28µm
_06951_,7.28µm
_07043_,7.28µm
_07133_,7.28µm
_07243_,7.28µm
_07448_,7.28µm
_07460_,7.28µm
_07519_,7.28µm
_08700_,7.28µm
_08708_,7.28µm
_08719_,7.28µm
_07549_,7µm
_03453_,6.895µm
_07650_,6.87µm
_02096_,6.82µm
_02264_,6.82µm
_02929_,6.82µm
_03324_,6.82µm
_03522_,6.82µm
_04079_,6.82µm
_04671_,6.82µm
_05720_,6.82µm
_05790_,6.82µm
_05913_,6.82µm
_06286_,6.82µm
_06618_,6.82µm
_06725_,6.82µm
_06813_,6.82µm
_06907_,6.82µm
_06985_,6.82µm
_07086_,6.82µm
_07929_,6.82µm
_08341_,6.82µm
_08732_,6.82µm
_08867_,6.82µm
_05169_,6.8µm
_00068_,6.77µm
_00088_,6.77µm
_00146_,6.77µm
_00148_,6.77µm
_00259_,6.77µm
_00377_,6.77µm
_00392_,6.77µm
_00399_,6.77µm
_00402_,6.77µm
_00489_,6.77µm
_00514_,6.77µm
_00515_,6.77µm
_00540_,6.77µm
_00649_,6.77µm
_00657_,6.77µm
_00665_,6.77µm
_00696_,6.77µm
_00727_,6.77µm
_00849_,6.77µm
_00984_,6.77µm
_00999_,6.77µm
_01055_,6.77µm
_01085_,6.77µm
_01205_,6.77µm
_01221_,6.77µm
_01290_,6.77µm
_01309_,6.77µm
_01312_,6.77µm
_01332_,6.77µm
_01378_,6.77µm
_01409_,6.77µm
_01527_,6.77µm
_01591_,6.77µm
_01659_,6.77µm
_01688_,6.77µm
_01696_,6.77µm
_01709_,6.77µm
_01758_,6.77µm
_01811_,6.77µm
_01830_,6.77µm
_01831_,6.77µm
_01835_,6.77µm
_01896_,6.77µm
_01951_,6.77µm
_02082_,6.77µm
_02300_,6.77µm
_02312_,6.77µm
_02619_,6.77µm
_02637_,6.77µm
_02704_,6.77µm
_02785_,6.77µm
_02788_,6.77µm
_02850_,6.77µm
_02931_,6.77µm
_03221_,6.77µm
_03355_,6.77µm
_03383_,6.77µm
_03441_,6.77µm
_03494_,6.77µm
_03513_,6.77µm
_03607_,6.77µm
_03764_,6.77µm
_03955_,6.77µm
_04027_,6.77µm
_04386_,6.77µm
_04751_,6.77µm
_04761_,6.77µm
_04880_,6.77µm
_05002_,6.77µm
_05331_,6.77µm
_05434_,6.77µm
_05508_,6.77µm
_05551_,6.77µm
_05785_,6.77µm
_05862_,6.77µm
_05877_,6.77µm
_06020_,6.77µm
_06305_,6.77µm
_06400_,6.77µm
_06523_,6.77µm
_06591_,6.77µm
_06613_,6.77µm
_06696_,6.77µm
_06941_,6.77µm
_06942_,6.77µm
_06949_,6.77µm
_07004_,6.77µm
_07024_,6.77µm
_07346_,6.77µm
_07400_,6.77µm
_07725_,6.77µm
_07757_,6.77µm
_07885_,6.77µm
_07897_,6.77µm
_08135_,6.77µm
_08207_,6.77µm
_08258_,6.77µm
_08501_,6.77µm
_08684_,6.77µm
_08720_,6.77µm
_08822_,6.77µm
_04930_,6.75µm
_00006_,6.72µm
_00059_,6.72µm
_00083_,6.72µm
_00249_,6.72µm
_00357_,6.72µm
_00400_,6.72µm
_00407_,6.72µm
_00420_,6.72µm
_00449_,6.72µm
_00518_,6.72µm
_00642_,6.72µm
_00709_,6.72µm
_00711_,6.72µm
_00742_,6.72µm
_00747_,6.72µm
_00819_,6.72µm
_00851_,6.72µm
_01061_,6.72µm
_01119_,6.72µm
_01210_,6.72µm
_01250_,6.72µm
_01251_,6.72µm
_01297_,6.72µm
_01302_,6.72µm
_01336_,6.72µm
_01411_,6.72µm
_01482_,6.72µm
_01586_,6.72µm
_01616_,6.72µm
_01618_,6.72µm
_01677_,6.72µm
_01795_,6.72µm
_01807_,6.72µm
_01855_,6.72µm
_01883_,6.72µm
_01887_,6.72µm
_01893_,6.72µm
_01940_,6.72µm
_01946_,6.72µm
_02170_,6.72µm
_02365_,6.72µm
_02428_,6.72µm
_02596_,6.72µm
_02670_,6.72µm
_02794_,6.72µm
_02889_,6.72µm
_02901_,6.72µm
_03062_,6.72µm
_03195_,6.72µm
_03411_,6.72µm
_03434_,6.72µm
_03488_,6.72µm
_03766_,6.72µm
_03921_,6.72µm
_04110_,6.72µm
_04642_,6.72µm
_04888_,6.72µm
_05064_,6.72µm
_05156_,6.72µm
_05188_,6.72µm
_05237_,6.72µm
_05385_,6.72µm
_05425_,6.72µm
_05498_,6.72µm
_05539_,6.72µm
_05669_,6.72µm
_05675_,6.72µm
_05732_,6.72µm
_05802_,6.72µm
_05803_,6.72µm
_05908_,6.72µm
_05940_,6.72µm
_06255_,6.72µm
_06475_,6.72µm
_06553_,6.72µm
_06623_,6.72µm
_06673_,6.72µm
_06759_,6.72µm
_06910_,6.72µm
_07167_,6.72µm
_07331_,6.72µm
_07347_,6.72µm
_07429_,6.72µm
_07647_,6.72µm
_07700_,6.72µm
_07719_,6.72µm
_07802_,6.72µm
_07861_,6.72µm
_08331_,6.72µm
_08335_,6.72µm
_08418_,6.72µm
_08572_,6.72µm
_08589_,6.72µm
_08827_,6.72µm
_08961_,6.72µm
_06284_,6.66µm
_04807_,6.46µm
_00221_,6.26µm
_00245_,6.26µm
_01208_,6.26µm
_02070_,6.26µm
_02163_,6.26µm
_02208_,6.26µm
_02320_,6.26µm
_02583_,6.26µm
_02631_,6.26µm
_02649_,6.26µm
_02733_,6.26µm
_03050_,6.26µm
_03056_,6.26µm
_03300_,6.26µm
_03305_,6.26µm
_03469_,6.26µm
_03518_,6.26µm
_03623_,6.26µm
_03796_,6.26µm
_04639_,6.26µm
_04665_,6.26µm
_04738_,6.26µm
_04827_,6.26µm
_04912_,6.26µm
_04919_,6.26µm
_05122_,6.26µm
_05420_,6.26µm
_05449_,6.26µm
_05466_,6.26µm
_05467_,6.26µm
_05659_,6.26µm
_05796_,6.26µm
_05878_,6.26µm
_06155_,6.26µm
_06446_,6.26µm
_06457_,6.26µm
_06512_,6.26µm
_06730_,6.26µm
_06773_,6.26µm
_06800_,6.26µm
_07039_,6.26µm
_07163_,6.26µm
_07171_,6.26µm
_07293_,6.26µm
_07597_,6.26µm
_07759_,6.26µm
_07880_,6.26µm
_08439_,6.26µm
_00011_,6.21µm
_00036_,6.21µm
_00043_,6.21µm
_00091_,6.21µm
_00185_,6.21µm
_00330_,6.21µm
_00335_,6.21µm
_00450_,6.21µm
_00529_,6.21µm
_00689_,6.21µm
_00690_,6.21µm
_00723_,6.21µm
_00785_,6.21µm
_00788_,6.21µm
_00790_,6.21µm
_00801_,6.21µm
_00906_,6.21µm
_00944_,6.21µm
_00968_,6.21µm
_00971_,6.21µm
_01146_,6.21µm
_01238_,6.21µm
_01247_,6.21µm
_01349_,6.21µm
_01398_,6.21µm
_01485_,6.21µm
_01507_,6.21µm
_01612_,6.21µm
_01628_,6.21µm
_01648_,6.21µm
_01649_,6.21µm
_01947_,6.21µm
_01950_,6.21µm
_01974_,6.21µm
_02102_,6.21µm
_02165_,6.21µm
_02169_,6.21µm
_02467_,6.21µm
_02747_,6.21µm
_02808_,6.21µm
_02833_,6.21µm
_02902_,6.21µm
_03008_,6.21µm
_03064_,6.21µm
_03102_,6.21µm
_03109_,6.21µm
_03257_,6.21µm
_03374_,6.21µm
_03571_,6.21µm
_03719_,6.21µm
_03737_,6.21µm
_03775_,6.21µm
_04053_,6.21µm
_04353_,6.21µm
_04596_,6.21µm
_04748_,6.21µm
_04764_,6.21µm
_04799_,6.21µm
_04956_,6.21µm
_05048_,6.21µm
_05182_,6.21µm
_05476_,6.21µm
_05533_,6.21µm
_05548_,6.21µm
_05596_,6.21µm
_05607_,6.21µm
_05712_,6.21µm
_05749_,6.21µm
_05760_,6.21µm
_06006_,6.21µm
_06162_,6.21µm
_06174_,6.21µm
_06183_,6.21µm
_06386_,6.21µm
_06502_,6.21µm
_06592_,6.21µm
_06626_,6.21µm
_06652_,6.21µm
_06718_,6.21µm
_06738_,6.21µm
_06904_,6.21µm
_07265_,6.21µm
_07270_,6.21µm
_07574_,6.21µm
_07682_,6.21µm
_07857_,6.21µm
_08008_,6.21µm
_08118_,6.21µm
_08647_,6.21µm
_08671_,6.21µm
_08920_,6.21µm
_08937_,6.21µm
_00057_,6.16µm
_00217_,6.16µm
_00244_,6.16µm
_00250_,6.16µm
_00305_,6.16µm
_00381_,6.16µm
_00457_,6.16µm
_00470_,6.16µm
_00485_,6.16µm
_00519_,6.16µm
_00527_,6.16µm
_00528_,6.16µm
_00655_,6.16µm
_00658_,6.16µm
_00662_,6.16µm
_00688_,6.16µm
_00739_,6.16µm
_00754_,6.16µm
_00758_,6.16µm
_00759_,6.16µm
_00829_,6.16µm
_00852_,6.16µm
_00907_,6.16µm
_00929_,6.16µm
_00948_,6.16µm
_00961_,6.16µm
_00977_,6.16µm
_00979_,6.16µm
_00993_,6.16µm
_01013_,6.16µm
_01020_,6.16µm
_01025_,6.16µm
_01052_,6.16µm
_01068_,6.16µm
_01118_,6.16µm
_01203_,6.16µm
_01212_,6.16µm
_01266_,6.16µm
_01304_,6.16µm
_01305_,6.16µm
_01308_,6.16µm
_01383_,6.16µm
_01407_,6.16µm
_01413_,6.16µm
_01421_,6.16µm
_01434_,6.16µm
_01465_,6.16µm
_01486_,6.16µm
_01606_,6.16µm
_01646_,6.16µm
_01650_,6.16µm
_01655_,6.16µm
_01665_,6.16µm
_01712_,6.16µm
_01732_,6.16µm
_01768_,6.16µm
_01912_,6.16µm
_01957_,6.16µm
_01981_,6.16µm
_02114_,6.16µm
_02239_,6.16µm
_02345_,6.16µm
_02349_,6.16µm
_02373_,6.16µm
_02576_,6.16µm
_02671_,6.16µm
_02672_,6.16µm
_02962_,6.16µm
_03190_,6.16µm
_03325_,6.16µm
_03428_,6.16µm
_03505_,6.16µm
_03526_,6.16µm
_03527_,6.16µm
_03721_,6.16µm
_04020_,6.16µm
_04327_,6.16µm
_04544_,6.16µm
_04746_,6.16µm
_05146_,6.16µm
_05205_,6.16µm
_05531_,6.16µm
_05595_,6.16µm
_05703_,6.16µm
_05784_,6.16µm
_05846_,6.16µm
_05934_,6.16µm
_05969_,6.16µm
_06014_,6.16µm
_06060_,6.16µm
_06159_,6.16µm
_06290_,6.16µm
_06313_,6.16µm
_06399_,6.16µm
_06433_,6.16µm
_06484_,6.16µm
_06566_,6.16µm
_06709_,6.16µm
_06765_,6.16µm
_06793_,6.16µm
_06807_,6.16µm
_06865_,6.16µm
_06869_,6.16µm
_06905_,6.16µm
_06943_,6.16µm
_07211_,6.16µm
_07237_,6.16µm
_07528_,6.16µm
_07563_,6.16µm
_07692_,6.16µm
_07728_,6.16µm
_07787_,6.16µm
_07823_,6.16µm
_08197_,6.16µm
_08420_,6.16µm
_08524_,6.16µm
_08683_,6.16µm
_08704_,6.16µm
_08753_,6.16µm
_08950_,6.16µm
_00023_,5.7µm
_00935_,5.7µm
_01721_,5.7µm
_02268_,5.7µm
_02298_,5.7µm
_02328_,5.7µm
_02722_,5.7µm
_02725_,5.7µm
_03264_,5.7µm
_03292_,5.7µm
_03316_,5.7µm
_03401_,5.7µm
_03427_,5.7µm
_03499_,5.7µm
_03524_,5.7µm
_04681_,5.7µm
_04763_,5.7µm
_04985_,5.7µm
_05856_,5.7µm
_06173_,5.7µm
_07031_,5.7µm
_07328_,5.7µm
_07526_,5.7µm
_07722_,5.7µm
_08024_,5.7µm
_08041_,5.7µm
_08185_,5.7µm
_08609_,5.7µm
_01232_,5.68µm
_00069_,5.65µm
_00087_,5.65µm
_00102_,5.65µm
_00497_,5.65µm
_00753_,5.65µm
_00804_,5.65µm
_00964_,5.65µm
_01244_,5.65µm
_01248_,5.65µm
_01428_,5.65µm
_01499_,5.65µm
_01540_,5.65µm
_01624_,5.65µm
_01879_,5.65µm
_01927_,5.65µm
_02041_,5.65µm
_02296_,5.65µm
_02408_,5.65µm
_02554_,5.65µm
_02601_,5.65µm
_02661_,5.65µm
_02807_,5.65µm
_02810_,5.65µm
_02818_,5.65µm
_02911_,5.65µm
_03034_,5.65µm
_03106_,5.65µm
_03118_,5.65µm
_03222_,5.65µm
_03275_,5.65µm
_03283_,5.65µm
_03339_,5.65µm
_03381_,5.65µm
_03489_,5.65µm
_03519_,5.65µm
_03605_,5.65µm
_03611_,5.65µm
_03680_,5.65µm
_04076_,5.65µm
_04341_,5.65µm
_04479_,5.65µm
_04644_,5.65µm
_04739_,5.65µm
_04743_,5.65µm
_04786_,5.65µm
_04982_,5.65µm
_05053_,5.65µm
_05134_,5.65µm
_05161_,5.65µm
_05168_,5.65µm
_05260_,5.65µm
_05337_,5.65µm
_05362_,5.65µm
_05377_,5.65µm
_05648_,5.65µm
_05652_,5.65µm
_05727_,5.65µm
_05945_,5.65µm
_06387_,5.65µm
_06465_,5.65µm
_06559_,5.65µm
_06597_,5.65µm
_06610_,5.65µm
_06727_,5.65µm
_06963_,5.65µm
_07037_,5.65µm
_07150_,5.65µm
_07271_,5.65µm
_07350_,5.65µm
_07358_,5.65µm
_07380_,5.65µm
_07402_,5.65µm
_07562_,5.65µm
_07735_,5.65µm
_07760_,5.65µm
_07871_,5.65µm
_08230_,5.65µm
_08498_,5.65µm
_08672_,5.65µm
_08817_,5.65µm
_08952_,5.65µm
_00053_,5.6µm
_00061_,5.6µm
_00066_,5.6µm
_00084_,5.6µm
_00114_,5.6µm
_00136_,5.6µm
_00224_,5.6µm
_00227_,5.6µm
_00234_,5.6µm
_00298_,5.6µm
_00321_,5.6µm
_00326_,5.6µm
_00338_,5.6µm
_00340_,5.6µm
_00353_,5.6µm
_00426_,5.6µm
_00475_,5.6µm
_00493_,5.6µm
_00504_,5.6µm
_00524_,5.6µm
_00588_,5.6µm
_00593_,5.6µm
_00623_,5.6µm
_00671_,5.6µm
_00683_,5.6µm
_00708_,5.6µm
_00731_,5.6µm
_00736_,5.6µm
_00740_,5.6µm
_00744_,5.6µm
_00765_,5.6µm
_00791_,5.6µm
_00808_,5.6µm
_00824_,5.6µm
_00831_,5.6µm
_00870_,5.6µm
_00878_,5.6µm
_00887_,5.6µm
_00900_,5.6µm
_00901_,5.6µm
_00932_,5.6µm
_00943_,5.6µm
_00946_,5.6µm
_00954_,5.6µm
_00955_,5.6µm
_01031_,5.6µm
_01036_,5.6µm
_01053_,5.6µm
_01054_,5.6µm
_01090_,5.6µm
_01121_,5.6µm
_01131_,5.6µm
_01161_,5.6µm
_01173_,5.6µm
_01209_,5.6µm
_01228_,5.6µm
_01239_,5.6µm
_01264_,5.6µm
_01293_,5.6µm
_01311_,5.6µm
_01313_,5.6µm
_01328_,5.6µm
_01338_,5.6µm
_01380_,5.6µm
_01384_,5.6µm
_01419_,5.6µm
_01424_,5.6µm
_01425_,5.6µm
_01426_,5.6µm
_01440_,5.6µm
_01467_,5.6µm
_01488_,5.6µm
_01503_,5.6µm
_01505_,5.6µm
_01522_,5.6µm
_01558_,5.6µm
_01585_,5.6µm
_01588_,5.6µm
_01595_,5.6µm
_01679_,5.6µm
_01687_,5.6µm
_01731_,5.6µm
_01736_,5.6µm
_01747_,5.6µm
_01901_,5.6µm
_01914_,5.6µm
_01926_,5.6µm
_01968_,5.6µm
_02156_,5.6µm
_02229_,5.6µm
_02517_,5.6µm
_02688_,5.6µm
_02848_,5.6µm
_02891_,5.6µm
_02994_,5.6µm
_03093_,5.6µm
_03311_,5.6µm
_03362_,5.6µm
_03391_,5.6µm
_03392_,5.6µm
_03475_,5.6µm
_03515_,5.6µm
_03713_,5.6µm
_03730_,5.6µm
_03742_,5.6µm
_03798_,5.6µm
_03845_,5.6µm
_03893_,5.6µm
_04063_,5.6µm
_04338_,5.6µm
_04391_,5.6µm
_04450_,5.6µm
_04463_,5.6µm
_04541_,5.6µm
_04551_,5.6µm
_04768_,5.6µm
_04798_,5.6µm
_05085_,5.6µm
_05131_,5.6µm
_05191_,5.6µm
_05245_,5.6µm
_05253_,5.6µm
_05392_,5.6µm
_05439_,5.6µm
_05542_,5.6µm
_05561_,5.6µm
_05618_,5.6µm
_05650_,5.6µm
_05657_,5.6µm
_05739_,5.6µm
_05756_,5.6µm
_05767_,5.6µm
_05775_,5.6µm
_05793_,5.6µm
_05849_,5.6µm
_05914_,5.6µm
_05918_,5.6µm
_05922_,5.6µm
_05935_,5.6µm
_05990_,5.6µm
_06018_,5.6µm
_06205_,5.6µm
_06269_,5.6µm
_06332_,5.6µm
_06388_,5.6µm
_06479_,5.6µm
_06510_,5.6µm
_06511_,5.6µm
_06573_,5.6µm
_06577_,5.6µm
_06615_,5.6µm
_06675_,5.6µm
_06768_,5.6µm
_06769_,5.6µm
_06770_,5.6µm
_06792_,5.6µm
_06898_,5.6µm
_06981_,5.6µm
_07030_,5.6µm
_07053_,5.6µm
_07119_,5.6µm
_07141_,5.6µm
_07206_,5.6µm
_07223_,5.6µm
_07345_,5.6µm
_07427_,5.6µm
_07554_,5.6µm
_07749_,5.6µm
_07786_,5.6µm
_07917_,5.6µm
_08082_,5.6µm
_08550_,5.6µm
_08777_,5.6µm
_08799_,5.6µm
_08883_,5.6µm
_08903_,5.6µm
_08909_,5.6µm
_08981_,5.6µm
_05119_,5.25µm
_01329_,5.19µm
_00383_,5.14µm
_00556_,5.14µm
_01005_,5.14µm
_02020_,5.14µm
_02279_,5.14µm
_02369_,5.14µm
_02652_,5.14µm
_02838_,5.14µm
_02954_,5.14µm
_03143_,5.14µm
_03516_,5.14µm
_03529_,5.14µm
_03618_,5.14µm
_03675_,5.14µm
_03825_,5.14µm
_04673_,5.14µm
_05047_,5.14µm
_05212_,5.14µm
_05242_,5.14µm
_05313_,5.14µm
_06194_,5.14µm
_06200_,5.14µm
_06548_,5.14µm
_06621_,5.14µm
_06723_,5.14µm
_07314_,5.14µm
_07449_,5.14µm
_07543_,5.14µm
_07545_,5.14µm
_07795_,5.14µm
_07863_,5.14µm
_08037_,5.14µm
_08422_,5.14µm
_08797_,5.14µm
_00286_,5.09µm
_00636_,5.09µm
_00653_,5.09µm
_00784_,5.09µm
_01174_,5.09µm
_01339_,5.09µm
_01404_,5.09µm
_01454_,5.09µm
_01562_,5.09µm
_01638_,5.09µm
_01733_,5.09µm
_01860_,5.09µm
_02094_,5.09µm
_02237_,5.09µm
_02265_,5.09µm
_02473_,5.09µm
_02617_,5.09µm
_02636_,5.09µm
_02640_,5.09µm
_02647_,5.09µm
_02709_,5.09µm
_03043_,5.09µm
_03509_,5.09µm
_03570_,5.09µm
_03633_,5.09µm
_04067_,5.09µm
_04368_,5.09µm
_04462_,5.09µm
_04675_,5.09µm
_04969_,5.09µm
_05016_,5.09µm
_05145_,5.09µm
_05371_,5.09µm
_05461_,5.09µm
_05589_,5.09µm
_05708_,5.09µm
_05733_,5.09µm
_05896_,5.09µm
_05917_,5.09µm
_05952_,5.09µm
_06617_,5.09µm
_06705_,5.09µm
_06711_,5.09µm
_06758_,5.09µm
_06797_,5.09µm
_07036_,5.09µm
_07132_,5.09µm
_07232_,5.09µm
_07430_,5.09µm
_07494_,5.09µm
_07639_,5.09µm
_07822_,5.09µm
_07898_,5.09µm
_08223_,5.09µm
_08774_,5.09µm
_08958_,5.09µm
_00020_,5.04µm
_00050_,5.04µm
_00089_,5.04µm
_00094_,5.04µm
_00109_,5.04µm
_00124_,5.04µm
_00159_,5.04µm
_00177_,5.04µm
_00231_,5.04µm
_00232_,5.04µm
_00236_,5.04µm
_00329_,5.04µm
_00369_,5.04µm
_00394_,5.04µm
_00412_,5.04µm
_00427_,5.04µm
_00431_,5.04µm
_00437_,5.04µm
_00474_,5.04µm
_00476_,5.04µm
_00483_,5.04µm
_00490_,5.04µm
_00539_,5.04µm
_00542_,5.04µm
_00549_,5.04µm
_00552_,5.04µm
_00605_,5.04µm
_00616_,5.04µm
_00630_,5.04µm
_00641_,5.04µm
_00645_,5.04µm
_00660_,5.04µm
_00661_,5.04µm
_00673_,5.04µm
_00684_,5.04µm
_00686_,5.04µm
_00716_,5.04µm
_00729_,5.04µm
_00741_,5.04µm
_00779_,5.04µm
_00803_,5.04µm
_00809_,5.04µm
_00813_,5.04µm
_00817_,5.04µm
_00826_,5.04µm
_00827_,5.04µm
_00834_,5.04µm
_00836_,5.04µm
_00839_,5.04µm
_00853_,5.04µm
_00876_,5.04µm
_00881_,5.04µm
_00896_,5.04µm
_00904_,5.04µm
_00931_,5.04µm
_00934_,5.04µm
_00974_,5.04µm
_00992_,5.04µm
_01077_,5.04µm
_01112_,5.04µm
_01113_,5.04µm
_01163_,5.04µm
_01185_,5.04µm
_01193_,5.04µm
_01194_,5.04µm
_01201_,5.04µm
_01215_,5.04µm
_01216_,5.04µm
_01246_,5.04µm
_01289_,5.04µm
_01303_,5.04µm
_01321_,5.04µm
_01358_,5.04µm
_01382_,5.04µm
_01400_,5.04µm
_01410_,5.04µm
_01420_,5.04µm
_01432_,5.04µm
_01442_,5.04µm
_01450_,5.04µm
_01471_,5.04µm
_01493_,5.04µm
_01496_,5.04µm
_01501_,5.04µm
_01532_,5.04µm
_01563_,5.04µm
_01603_,5.04µm
_01617_,5.04µm
_01629_,5.04µm
_01634_,5.04µm
_01651_,5.04µm
_01662_,5.04µm
_01692_,5.04µm
_01714_,5.04µm
_01730_,5.04µm
_01742_,5.04µm
_01762_,5.04µm
_01786_,5.04µm
_01787_,5.04µm
_01790_,5.04µm
_01848_,5.04µm
_01876_,5.04µm
_01877_,5.04µm
_01885_,5.04µm
_01898_,5.04µm
_01902_,5.04µm
_01948_,5.04µm
_01959_,5.04µm
_01966_,5.04µm
_01975_,5.04µm
_01976_,5.04µm
_01980_,5.04µm
_02111_,5.04µm
_02178_,5.04µm
_02351_,5.04µm
_02490_,5.04µm
_02553_,5.04µm
_02571_,5.04µm
_02584_,5.04µm
_02599_,5.04µm
_02627_,5.04µm
_02700_,5.04µm
_02721_,5.04µm
_02753_,5.04µm
_02759_,5.04µm
_02870_,5.04µm
_02899_,5.04µm
_02905_,5.04µm
_02935_,5.04µm
_02980_,5.04µm
_03016_,5.04µm
_03068_,5.04µm
_03134_,5.04µm
_03373_,5.04µm
_03407_,5.04µm
_03433_,5.04µm
_03568_,5.04µm
_03621_,5.04µm
_03682_,5.04µm
_03729_,5.04µm
_03749_,5.04µm
_03800_,5.04µm
_03904_,5.04µm
_04086_,5.04µm
_04220_,5.04µm
_04293_,5.04µm
_04397_,5.04µm
_04432_,5.04µm
_04623_,5.04µm
_04674_,5.04µm
_04861_,5.04µm
_05123_,5.04µm
_05137_,5.04µm
_05213_,5.04µm
_05231_,5.04µm
_05248_,5.04µm
_05322_,5.04µm
_05581_,5.04µm
_05638_,5.04µm
_05639_,5.04µm
_05700_,5.04µm
_05715_,5.04µm
_05769_,5.04µm
_05807_,5.04µm
_05898_,5.04µm
_05903_,5.04µm
_05927_,5.04µm
_05975_,5.04µm
_05982_,5.04µm
_06058_,5.04µm
_06278_,5.04µm
_06354_,5.04µm
_06384_,5.04µm
_06550_,5.04µm
_06633_,5.04µm
_06650_,5.04µm
_06733_,5.04µm
_06786_,5.04µm
_06896_,5.04µm
_06919_,5.04µm
_06956_,5.04µm
_07120_,5.04µm
_07123_,5.04µm
_07193_,5.04µm
_07218_,5.04µm
_07276_,5.04µm
_07376_,5.04µm
_07493_,5.04µm
_07513_,5.04µm
_07648_,5.04µm
_07668_,5.04µm
_07998_,5.04µm
_08070_,5.04µm
_08145_,5.04µm
_08174_,5.04µm
_08255_,5.04µm
_08263_,5.04µm
_08292_,5.04µm
_08364_,5.04µm
_08377_,5.04µm
_08400_,5.04µm
_08534_,5.04µm
_08535_,5.04µm
_08551_,5.04µm
_08938_,5.04µm
_08944_,5.04µm
_08973_,5.04µm
u_transform_scheduler_core.tx_dout\[6\],5.04µm
_02825_,4.58µm
_02827_,4.58µm
_02868_,4.58µm
_02877_,4.58µm
_02913_,4.58µm
_03072_,4.58µm
_03073_,4.58µm
_03130_,4.58µm
_03321_,4.58µm
_03816_,4.58µm
_03953_,4.58µm
_04033_,4.58µm
_04114_,4.58µm
_04231_,4.58µm
_04374_,4.58µm
_04399_,4.58µm
_04618_,4.58µm
_04783_,4.58µm
_04791_,4.58µm
_04939_,4.58µm
_04954_,4.58µm
_05364_,4.58µm
_05506_,4.58µm
_05518_,4.58µm
_05622_,4.58µm
_05627_,4.58µm
_05692_,4.58µm
_05721_,4.58µm
_05745_,4.58µm
_06178_,4.58µm
_06311_,4.58µm
_06314_,4.58µm
_06739_,4.58µm
_06923_,4.58µm
_07168_,4.58µm
_07514_,4.58µm
_07657_,4.58µm
_07693_,4.58µm
_07710_,4.58µm
_07927_,4.58µm
_07974_,4.58µm
_08057_,4.58µm
_08566_,4.58µm
_08800_,4.58µm
_00923_,4.53µm
_01566_,4.53µm
_02294_,4.53µm
_02791_,4.53µm
_03031_,4.53µm
_03037_,4.53µm
_03117_,4.53µm
_03147_,4.53µm
_03306_,4.53µm
_03628_,4.53µm
_04815_,4.53µm
_05073_,4.53µm
_05714_,4.53µm
_05751_,4.53µm
_05763_,4.53µm
_05797_,4.53µm
_05923_,4.53µm
_05956_,4.53µm
_06007_,4.53µm
_06456_,4.53µm
_06690_,4.53µm
_06819_,4.53µm
_06838_,4.53µm
_06862_,4.53µm
_06997_,4.53µm
_07125_,4.53µm
_07177_,4.53µm
_07242_,4.53µm
_07486_,4.53µm
_07732_,4.53µm
_07924_,4.53µm
_08006_,4.53µm
_08520_,4.53µm
_08640_,4.53µm
_08693_,4.53µm
_08759_,4.53µm
_08770_,4.53µm
_08771_,4.53µm
_00018_,4.48µm
_00029_,4.48µm
_00035_,4.48µm
_00052_,4.48µm
_00085_,4.48µm
_00106_,4.48µm
_00116_,4.48µm
_00186_,4.48µm
_00205_,4.48µm
_00228_,4.48µm
_00229_,4.48µm
_00230_,4.48µm
_00265_,4.48µm
_00297_,4.48µm
_00306_,4.48µm
_00316_,4.48µm
_00327_,4.48µm
_00328_,4.48µm
_00342_,4.48µm
_00347_,4.48µm
_00354_,4.48µm
_00355_,4.48µm
_00376_,4.48µm
_00397_,4.48µm
_00417_,4.48µm
_00445_,4.48µm
_00463_,4.48µm
_00500_,4.48µm
_00505_,4.48µm
_00509_,4.48µm
_00547_,4.48µm
_00555_,4.48µm
_00560_,4.48µm
_00562_,4.48µm
_00570_,4.48µm
_00634_,4.48µm
_00643_,4.48µm
_00656_,4.48µm
_00659_,4.48µm
_00666_,4.48µm
_00692_,4.48µm
_00695_,4.48µm
_00702_,4.48µm
_00712_,4.48µm
_00730_,4.48µm
_00755_,4.48µm
_00778_,4.48µm
_00812_,4.48µm
_00828_,4.48µm
_00846_,4.48µm
_00850_,4.48µm
_00867_,4.48µm
_00882_,4.48µm
_00924_,4.48µm
_00940_,4.48µm
_00941_,4.48µm
_01038_,4.48µm
_01117_,4.48µm
_01153_,4.48µm
_01162_,4.48µm
_01169_,4.48µm
_01180_,4.48µm
_01213_,4.48µm
_01217_,4.48µm
_01220_,4.48µm
_01226_,4.48µm
_01235_,4.48µm
_01237_,4.48µm
_01242_,4.48µm
_01243_,4.48µm
_01245_,4.48µm
_01254_,4.48µm
_01282_,4.48µm
_01287_,4.48µm
_01317_,4.48µm
_01323_,4.48µm
_01356_,4.48µm
_01360_,4.48µm
_01362_,4.48µm
_01374_,4.48µm
_01379_,4.48µm
_01401_,4.48µm
_01427_,4.48µm
_01433_,4.48µm
_01437_,4.48µm
_01477_,4.48µm
_01546_,4.48µm
_01573_,4.48µm
_01592_,4.48µm
_01636_,4.48µm
_01671_,4.48µm
_01690_,4.48µm
_01699_,4.48µm
_01710_,4.48µm
_01745_,4.48µm
_01746_,4.48µm
_01766_,4.48µm
_01842_,4.48µm
_01862_,4.48µm
_01869_,4.48µm
_01889_,4.48µm
_01894_,4.48µm
_01895_,4.48µm
_01920_,4.48µm
_01921_,4.48µm
_01941_,4.48µm
_01965_,4.48µm
_01967_,4.48µm
_01977_,4.48µm
_02049_,4.48µm
_02065_,4.48µm
_02140_,4.48µm
_02166_,4.48µm
_02337_,4.48µm
_02344_,4.48µm
_02385_,4.48µm
_02620_,4.48µm
_02660_,4.48µm
_02872_,4.48µm
_02874_,4.48µm
_02927_,4.48µm
_02940_,4.48µm
_02976_,4.48µm
_03076_,4.48µm
_03107_,4.48µm
_03121_,4.48µm
_03132_,4.48µm
_03175_,4.48µm
_03184_,4.48µm
_03256_,4.48µm
_03265_,4.48µm
_03276_,4.48µm
_03530_,4.48µm
_03600_,4.48µm
_03681_,4.48µm
_03990_,4.48µm
_04083_,4.48µm
_04184_,4.48µm
_04261_,4.48µm
_04378_,4.48µm
_04552_,4.48µm
_04713_,4.48µm
_04717_,4.48µm
_04801_,4.48µm
_04881_,4.48µm
_04905_,4.48µm
_04914_,4.48µm
_04927_,4.48µm
_04942_,4.48µm
_05065_,4.48µm
_05067_,4.48µm
_05183_,4.48µm
_05346_,4.48µm
_05350_,4.48µm
_05388_,4.48µm
_05389_,4.48µm
_05396_,4.48µm
_05455_,4.48µm
_05549_,4.48µm
_05633_,4.48µm
_06011_,4.48µm
_06177_,4.48µm
_06180_,4.48µm
_06243_,4.48µm
_06303_,4.48µm
_06331_,4.48µm
_06357_,4.48µm
_06371_,4.48µm
_06409_,4.48µm
_06430_,4.48µm
_06453_,4.48µm
_06455_,4.48µm
_06459_,4.48µm
_06474_,4.48µm
_06492_,4.48µm
_06565_,4.48µm
_06691_,4.48µm
_06791_,4.48µm
_06821_,4.48µm
_06921_,4.48µm
_06948_,4.48µm
_07003_,4.48µm
_07014_,4.48µm
_07076_,4.48µm
_07374_,4.48µm
_07390_,4.48µm
_07435_,4.48µm
_07442_,4.48µm
_07455_,4.48µm
_07477_,4.48µm
_07600_,4.48µm
_07662_,4.48µm
_07685_,4.48µm
_07711_,4.48µm
_07751_,4.48µm
_07756_,4.48µm
_07812_,4.48µm
_07907_,4.48µm
_07950_,4.48µm
_07961_,4.48µm
_08042_,4.48µm
_08043_,4.48µm
_08110_,4.48µm
_08119_,4.48µm
_08148_,4.48µm
_08179_,4.48µm
_08264_,4.48µm
_08472_,4.48µm
_08663_,4.48µm
_08790_,4.48µm
_08801_,4.48µm
_08857_,4.48µm
_08871_,4.48µm
_08884_,4.48µm
_04677_,4.2µm
_02271_,4.02µm
_02317_,4.02µm
_03271_,4.02µm
_03415_,4.02µm
_03556_,4.02µm
_03606_,4.02µm
_03736_,4.02µm
_03747_,4.02µm
_03935_,4.02µm
_03941_,4.02µm
_04077_,4.02µm
_05023_,4.02µm
_05190_,4.02µm
_05300_,4.02µm
_05334_,4.02µm
_05417_,4.02µm
_05431_,4.02µm
_05437_,4.02µm
_06855_,4.02µm
_07552_,4.02µm
_07558_,4.02µm
_07629_,4.02µm
_07667_,4.02µm
_07730_,4.02µm
_07867_,4.02µm
_07966_,4.02µm
_07969_,4.02µm
_08100_,4.02µm
_01274_,3.97µm
_01369_,3.97µm
_03197_,3.97µm
_04229_,3.97µm
_04943_,3.97µm
_05270_,3.97µm
_06026_,3.97µm
_06289_,3.97µm
_06324_,3.97µm
_07534_,3.97µm
_08889_,3.97µm
_00005_,3.92µm
_00021_,3.92µm
_00063_,3.92µm
_00090_,3.92µm
_00095_,3.92µm
_00110_,3.92µm
_00120_,3.92µm
_00212_,3.92µm
_00290_,3.92µm
_00294_,3.92µm
_00325_,3.92µm
_00362_,3.92µm
_00364_,3.92µm
_00395_,3.92µm
_00421_,3.92µm
_00461_,3.92µm
_00502_,3.92µm
_00521_,3.92µm
_00548_,3.92µm
_00564_,3.92µm
_00571_,3.92µm
_00601_,3.92µm
_00603_,3.92µm
_00644_,3.92µm
_00663_,3.92µm
_00664_,3.92µm
_00699_,3.92µm
_00704_,3.92µm
_00717_,3.92µm
_00719_,3.92µm
_00721_,3.92µm
_00724_,3.92µm
_00737_,3.92µm
_00750_,3.92µm
_00757_,3.92µm
_00762_,3.92µm
_00775_,3.92µm
_00787_,3.92µm
_00810_,3.92µm
_00823_,3.92µm
_00835_,3.92µm
_00840_,3.92µm
_00842_,3.92µm
_00854_,3.92µm
_00857_,3.92µm
_00905_,3.92µm
_00915_,3.92µm
_00917_,3.92µm
_00919_,3.92µm
_00927_,3.92µm
_00938_,3.92µm
_00949_,3.92µm
_00950_,3.92µm
_00965_,3.92µm
_00990_,3.92µm
_01003_,3.92µm
_01004_,3.92µm
_01012_,3.92µm
_01051_,3.92µm
_01067_,3.92µm
_01122_,3.92µm
_01139_,3.92µm
_01140_,3.92µm
_01143_,3.92µm
_01175_,3.92µm
_01241_,3.92µm
_01265_,3.92µm
_01272_,3.92µm
_01286_,3.92µm
_01296_,3.92µm
_01306_,3.92µm
_01314_,3.92µm
_01316_,3.92µm
_01320_,3.92µm
_01335_,3.92µm
_01390_,3.92µm
_01394_,3.92µm
_01406_,3.92µm
_01422_,3.92µm
_01429_,3.92µm
_01431_,3.92µm
_01436_,3.92µm
_01459_,3.92µm
_01476_,3.92µm
_01480_,3.92µm
_01484_,3.92µm
_01490_,3.92µm
_01524_,3.92µm
_01528_,3.92µm
_01529_,3.92µm
_01550_,3.92µm
_01564_,3.92µm
_01604_,3.92µm
_01626_,3.92µm
_01635_,3.92µm
_01643_,3.92µm
_01647_,3.92µm
_01656_,3.92µm
_01661_,3.92µm
_01663_,3.92µm
_01672_,3.92µm
_01673_,3.92µm
_01683_,3.92µm
_01703_,3.92µm
_01715_,3.92µm
_01723_,3.92µm
_01804_,3.92µm
_01815_,3.92µm
_01839_,3.92µm
_01866_,3.92µm
_01907_,3.92µm
_01908_,3.92µm
_01916_,3.92µm
_01938_,3.92µm
_01943_,3.92µm
_01964_,3.92µm
_02071_,3.92µm
_02182_,3.92µm
_02253_,3.92µm
_02286_,3.92µm
_02397_,3.92µm
_02603_,3.92µm
_02776_,3.92µm
_02835_,3.92µm
_02871_,3.92µm
_02979_,3.92µm
_03000_,3.92µm
_03063_,3.92µm
_03092_,3.92µm
_03123_,3.92µm
_03158_,3.92µm
_03162_,3.92µm
_03169_,3.92µm
_03173_,3.92µm
_03272_,3.92µm
_03348_,3.92µm
_03395_,3.92µm
_03465_,3.92µm
_03477_,3.92µm
_03790_,3.92µm
_03873_,3.92µm
_03894_,3.92µm
_03959_,3.92µm
_04068_,3.92µm
_04282_,3.92µm
_04474_,3.92µm
_04697_,3.92µm
_04735_,3.92µm
_04811_,3.92µm
_04911_,3.92µm
_04937_,3.92µm
_05015_,3.92µm
_05162_,3.92µm
_05448_,3.92µm
_05516_,3.92µm
_05535_,3.92µm
_05658_,3.92µm
_05728_,3.92µm
_05740_,3.92µm
_05755_,3.92µm
_05780_,3.92µm
_05801_,3.92µm
_05909_,3.92µm
_06071_,3.92µm
_06221_,3.92µm
_06249_,3.92µm
_06328_,3.92µm
_06410_,3.92µm
_06426_,3.92µm
_06438_,3.92µm
_06580_,3.92µm
_06581_,3.92µm
_06609_,3.92µm
_06628_,3.92µm
_06632_,3.92µm
_06712_,3.92µm
_06713_,3.92µm
_06731_,3.92µm
_06863_,3.92µm
_06914_,3.92µm
_06950_,3.92µm
_06994_,3.92µm
_07023_,3.92µm
_07121_,3.92µm
_07127_,3.92µm
_07266_,3.92µm
_07284_,3.92µm
_07316_,3.92µm
_07372_,3.92µm
_07379_,3.92µm
_07467_,3.92µm
_07496_,3.92µm
_07532_,3.92µm
_07555_,3.92µm
_07580_,3.92µm
_07638_,3.92µm
_07683_,3.92µm
_07810_,3.92µm
_07933_,3.92µm
_07971_,3.92µm
_08029_,3.92µm
_08188_,3.92µm
_08245_,3.92µm
_08347_,3.92µm
_08376_,3.92µm
_08629_,3.92µm
_08637_,3.92µm
_08689_,3.92µm
_08810_,3.92µm
_08863_,3.92µm
_08898_,3.92µm
_08987_,3.92µm
_00677_,3.86µm
_06884_,3.47µm
_02413_,3.46µm
_02562_,3.46µm
_02618_,3.46µm
_02642_,3.46µm
_02663_,3.46µm
_02665_,3.46µm
_02764_,3.46µm
_02828_,3.46µm
_02843_,3.46µm
_02886_,3.46µm
_02947_,3.46µm
_03131_,3.46µm
_03150_,3.46µm
_03152_,3.46µm
_03157_,3.46µm
_03165_,3.46µm
_04241_,3.46µm
_04435_,3.46µm
_04809_,3.46µm
_05088_,3.46µm
_05783_,3.46µm
_05825_,3.46µm
_05967_,3.46µm
_06100_,3.46µm
_06264_,3.46µm
_06272_,3.46µm
_06342_,3.46µm
_06412_,3.46µm
_06732_,3.46µm
_06794_,3.46µm
_06795_,3.46µm
_07042_,3.46µm
_07072_,3.46µm
_07226_,3.46µm
_07663_,3.46µm
_07684_,3.46µm
_08018_,3.46µm
_08417_,3.46µm
_08542_,3.46µm
_08554_,3.46µm
_08558_,3.46µm
_08634_,3.46µm
_08679_,3.46µm
_08687_,3.46µm
_08695_,3.46µm
_08811_,3.46µm
_01130_,3.41µm
_02021_,3.41µm
_04016_,3.41µm
_06372_,3.41µm
_07002_,3.41µm
_07016_,3.41µm
_07178_,3.41µm
_07233_,3.41µm
_07475_,3.41µm
_07739_,3.41µm
_07779_,3.41µm
_00015_,3.36µm
_00079_,3.36µm
_00081_,3.36µm
_00176_,3.36µm
_00346_,3.36µm
_00398_,3.36µm
_00423_,3.36µm
_00424_,3.36µm
_00604_,3.36µm
_00668_,3.36µm
_00691_,3.36µm
_00693_,3.36µm
_00706_,3.36µm
_00786_,3.36µm
_00802_,3.36µm
_00825_,3.36µm
_00848_,3.36µm
_00859_,3.36µm
_00873_,3.36µm
_00890_,3.36µm
_00902_,3.36µm
_00918_,3.36µm
_00957_,3.36µm
_00969_,3.36µm
_01024_,3.36µm
_01035_,3.36µm
_01039_,3.36µm
_01093_,3.36µm
_01120_,3.36µm
_01137_,3.36µm
_01151_,3.36µm
_01152_,3.36µm
_01177_,3.36µm
_01182_,3.36µm
_01249_,3.36µm
_01291_,3.36µm
_01310_,3.36µm
_01333_,3.36µm
_01447_,3.36µm
_01453_,3.36µm
_01463_,3.36µm
_01483_,3.36µm
_01509_,3.36µm
_01515_,3.36µm
_01531_,3.36µm
_01541_,3.36µm
_01593_,3.36µm
_01639_,3.36µm
_01641_,3.36µm
_01767_,3.36µm
_01791_,3.36µm
_01844_,3.36µm
_01903_,3.36µm
_01904_,3.36µm
_01945_,3.36µm
_02090_,3.36µm
_02172_,3.36µm
_02226_,3.36µm
_02285_,3.36µm
_02313_,3.36µm
_02755_,3.36µm
_02757_,3.36µm
_02804_,3.36µm
_02809_,3.36µm
_02831_,3.36µm
_02952_,3.36µm
_02982_,3.36µm
_02991_,3.36µm
_03054_,3.36µm
_03059_,3.36µm
_03066_,3.36µm
_03084_,3.36µm
_03155_,3.36µm
_03467_,3.36µm
_03558_,3.36µm
_03912_,3.36µm
_03944_,3.36µm
_04532_,3.36µm
_04571_,3.36µm
_04660_,3.36µm
_05050_,3.36µm
_05057_,3.36µm
_05112_,3.36µm
_05115_,3.36µm
_05152_,3.36µm
_05282_,3.36µm
_05407_,3.36µm
_05427_,3.36µm
_05444_,3.36µm
_05463_,3.36µm
_05617_,3.36µm
_05743_,3.36µm
_05870_,3.36µm
_05962_,3.36µm
_05997_,3.36µm
_06029_,3.36µm
_06223_,3.36µm
_06366_,3.36µm
_06641_,3.36µm
_06649_,3.36µm
_06694_,3.36µm
_06695_,3.36µm
_06817_,3.36µm
_06839_,3.36µm
_06876_,3.36µm
_06955_,3.36µm
_07109_,3.36µm
_07497_,3.36µm
_07503_,3.36µm
_07575_,3.36µm
_07740_,3.36µm
_07808_,3.36µm
_07875_,3.36µm
_08151_,3.36µm
_08260_,3.36µm
_08287_,3.36µm
_08441_,3.36µm
_08500_,3.36µm
_08568_,3.36µm
_08714_,3.36µm
_03564_,2.9µm
_03933_,2.9µm
_03970_,2.9µm
_04878_,2.9µm
_04958_,2.9µm
_04971_,2.9µm
_05009_,2.9µm
_05177_,2.9µm
_05859_,2.9µm
_06775_,2.9µm
_07280_,2.9µm
_07635_,2.9µm
_07721_,2.9µm
_08085_,2.9µm
_08169_,2.9µm
_03784_,2.85µm
_04771_,2.85µm
_06674_,2.85µm
_01144_,2.8µm
_01147_,2.8µm
_01149_,2.8µm
_01160_,2.8µm
_01168_,2.8µm
_01178_,2.8µm
_01179_,2.8µm
_01200_,2.8µm
_01236_,2.8µm
_01271_,2.8µm
_01292_,2.8µm
_01359_,2.8µm
_01364_,2.8µm
_01446_,2.8µm
_01472_,2.8µm
_01512_,2.8µm
_01619_,2.8µm
_01728_,2.8µm
_01774_,2.8µm
_01781_,2.8µm
_02210_,2.8µm
_02302_,2.8µm
_02752_,2.8µm
_02894_,2.8µm
_03228_,2.8µm
_03778_,2.8µm
_03792_,2.8µm
_03923_,2.8µm
_04482_,2.8µm
_04773_,2.8µm
_04984_,2.8µm
_05160_,2.8µm
_05430_,2.8µm
_05569_,2.8µm
_06150_,2.8µm
_06407_,2.8µm
_07090_,2.8µm
_07441_,2.8µm
_07506_,2.8µm
_07630_,2.8µm
_07644_,2.8µm
_07680_,2.8µm
_08833_,2.8µm
_02307_,2.34µm
_02393_,2.34µm
_03610_,2.34µm
_03781_,2.34µm
_05432_,2.34µm
_06416_,2.34µm
_06787_,2.34µm
_06858_,2.34µm
_06875_,2.34µm
_06934_,2.34µm
_07896_,2.34µm
_08617_,2.34µm
_08724_,2.34µm
_01128_,2.24µm
_01164_,2.24µm
_01256_,2.24µm
_01280_,2.24µm
_01325_,2.24µm
_01337_,2.24µm
_01385_,2.24µm
_01452_,2.24µm
_01455_,2.24µm
_01470_,2.24µm
_01521_,2.24µm
_01526_,2.24µm
_01538_,2.24µm
_02334_,2.24µm
_02384_,2.24µm
_02469_,2.24µm
_04520_,2.24µm
_05452_,2.24µm
_06917_,2.24µm
_06969_,2.24µm
_06993_,2.24µm
_07114_,2.24µm
_07436_,2.24µm
_08273_,2.24µm
_08408_,2.24µm
_06229_,1.78µm
_03683_,1.68µm
_07646_,1.68µm
