Startpoint: _20287_ (rising edge-triggered flip-flop clocked by core_clk)
Endpoint: _20196_ (rising edge-triggered flip-flop clocked by core_clk)
Path Group: core_clk
Path Type: max

Fanout     Cap    Slew   Delay    Time   Description
-----------------------------------------------------------------------------
                          0.00    0.00   clock core_clk (rise edge)
                          0.00    0.00   clock source latency
     2    0.09    0.00    0.00    0.00 ^ clk (in)
                                         clk (net)
                  0.00    0.00    0.00 ^ clkbuf_regs_0_core_clk/I (gf180mcu_fd_sc_mcu9t5v0__clkbuf_16)
     1    0.05    0.14    0.28    0.28 ^ clkbuf_regs_0_core_clk/Z (gf180mcu_fd_sc_mcu9t5v0__clkbuf_16)
                                         clk_regs (net)
                  0.14    0.00    0.28 ^ clkbuf_0_clk_regs/I (gf180mcu_fd_sc_mcu9t5v0__clkbuf_16)
     4    0.09    0.18    0.34    0.61 ^ clkbuf_0_clk_regs/Z (gf180mcu_fd_sc_mcu9t5v0__clkbuf_16)
                                         clknet_0_clk_regs (net)
                  0.18    0.00    0.61 ^ clkbuf_2_3_0_clk_regs/I (gf180mcu_fd_sc_mcu9t5v0__clkbuf_8)
     2    0.09    0.28    0.41    1.02 ^ clkbuf_2_3_0_clk_regs/Z (gf180mcu_fd_sc_mcu9t5v0__clkbuf_8)
                                         clknet_2_3_0_clk_regs (net)
                  0.28    0.00    1.02 ^ clkbuf_3_7__f_clk_regs/I (gf180mcu_fd_sc_mcu9t5v0__clkbuf_16)
    16    0.36    0.48    0.55    1.57 ^ clkbuf_3_7__f_clk_regs/Z (gf180mcu_fd_sc_mcu9t5v0__clkbuf_16)
                                         clknet_3_7__leaf_clk_regs (net)
                  0.48    0.00    1.57 ^ clkbuf_leaf_47_clk_regs/I (gf180mcu_fd_sc_mcu9t5v0__clkbuf_8)
    24    0.13    0.36    0.52    2.09 ^ clkbuf_leaf_47_clk_regs/Z (gf180mcu_fd_sc_mcu9t5v0__clkbuf_8)
                                         clknet_leaf_47_clk_regs (net)
                  0.36    0.00    2.09 ^ _20287_/CLK (gf180mcu_fd_sc_mcu9t5v0__dffrnq_2)
     4    0.07    0.75    1.68    3.77 ^ _20287_/Q (gf180mcu_fd_sc_mcu9t5v0__dffrnq_2)
                                         u_transform_scheduler_core.u_mixed_radix_butterfly.scalar_coefficient[4] (net)
                  0.75    0.00    3.77 ^ place645/I (gf180mcu_fd_sc_mcu9t5v0__buf_8)
    11    0.07    0.24    0.40    4.16 ^ place645/Z (gf180mcu_fd_sc_mcu9t5v0__buf_8)
                                         net645 (net)
                  0.24    0.00    4.16 ^ _14661_/A4 (gf180mcu_fd_sc_mcu9t5v0__and4_1)
     3    0.02    0.52    0.96    5.12 ^ _14661_/Z (gf180mcu_fd_sc_mcu9t5v0__and4_1)
                                         _08955_ (net)
                  0.52    0.00    5.12 ^ _14664_/A2 (gf180mcu_fd_sc_mcu9t5v0__nor3_1)
     1    0.01    0.44    0.29    5.41 v _14664_/ZN (gf180mcu_fd_sc_mcu9t5v0__nor3_1)
                                         _08958_ (net)
                  0.44    0.00    5.41 v _14665_/A1 (gf180mcu_fd_sc_mcu9t5v0__nor2_1)
     2    0.02    0.81    0.58    5.99 ^ _14665_/ZN (gf180mcu_fd_sc_mcu9t5v0__nor2_1)
                                         _08959_ (net)
                  0.81    0.00    5.99 ^ _14668_/A1 (gf180mcu_fd_sc_mcu9t5v0__xnor2_1)
     2    0.02    0.83    0.73    6.72 ^ _14668_/ZN (gf180mcu_fd_sc_mcu9t5v0__xnor2_1)
                                         _08962_ (net)
                  0.83    0.00    6.72 ^ _14669_/A2 (gf180mcu_fd_sc_mcu9t5v0__xor2_1)
     2    0.01    0.85    0.76    7.48 ^ _14669_/Z (gf180mcu_fd_sc_mcu9t5v0__xor2_1)
                                         _08963_ (net)
                  0.85    0.00    7.48 ^ _14714_/A2 (gf180mcu_fd_sc_mcu9t5v0__xor3_1)
     2    0.02    1.00    1.75    9.22 ^ _14714_/Z (gf180mcu_fd_sc_mcu9t5v0__xor3_1)
                                         _09008_ (net)
                  1.00    0.00    9.22 ^ _14718_/A2 (gf180mcu_fd_sc_mcu9t5v0__xnor2_1)
     2    0.02    0.78    0.77   10.00 ^ _14718_/ZN (gf180mcu_fd_sc_mcu9t5v0__xnor2_1)
                                         _09012_ (net)
                  0.78    0.00   10.00 ^ _14748_/A1 (gf180mcu_fd_sc_mcu9t5v0__xnor2_1)
     2    0.02    0.85    0.73   10.73 ^ _14748_/ZN (gf180mcu_fd_sc_mcu9t5v0__xnor2_1)
                                         _09042_ (net)
                  0.85    0.00   10.73 ^ _14821_/A1 (gf180mcu_fd_sc_mcu9t5v0__xnor2_1)
     2    0.02    1.05    0.79   11.52 ^ _14821_/ZN (gf180mcu_fd_sc_mcu9t5v0__xnor2_1)
                                         _09115_ (net)
                  1.05    0.00   11.52 ^ _14822_/B (gf180mcu_fd_sc_mcu9t5v0__aoi21_2)
     2    0.01    0.51    0.38   11.90 v _14822_/ZN (gf180mcu_fd_sc_mcu9t5v0__aoi21_2)
                                         _09116_ (net)
                  0.51    0.00   11.90 v _14824_/A2 (gf180mcu_fd_sc_mcu9t5v0__oai21_1)
     2    0.01    0.63    0.50   12.40 ^ _14824_/ZN (gf180mcu_fd_sc_mcu9t5v0__oai21_1)
                                         _09118_ (net)
                  0.63    0.00   12.40 ^ _14826_/A2 (gf180mcu_fd_sc_mcu9t5v0__aoi21_1)
     3    0.02    0.54    0.35   12.75 v _14826_/ZN (gf180mcu_fd_sc_mcu9t5v0__aoi21_1)
                                         _09120_ (net)
                  0.54    0.00   12.75 v _14828_/A1 (gf180mcu_fd_sc_mcu9t5v0__oai21_1)
     2    0.02    0.86    0.65   13.40 ^ _14828_/ZN (gf180mcu_fd_sc_mcu9t5v0__oai21_1)
                                         _09122_ (net)
                  0.86    0.00   13.40 ^ _14857_/A1 (gf180mcu_fd_sc_mcu9t5v0__aoi21_2)
     3    0.02    0.54    0.32   13.71 v _14857_/ZN (gf180mcu_fd_sc_mcu9t5v0__aoi21_2)
                                         _09151_ (net)
                  0.54    0.00   13.71 v _15014_/A2 (gf180mcu_fd_sc_mcu9t5v0__oai21_2)
     3    0.03    0.73    0.57   14.28 ^ _15014_/ZN (gf180mcu_fd_sc_mcu9t5v0__oai21_2)
                                         _09273_ (net)
                  0.73    0.00   14.28 ^ _15016_/A1 (gf180mcu_fd_sc_mcu9t5v0__aoi21_2)
     2    0.01    0.54    0.23   14.51 v _15016_/ZN (gf180mcu_fd_sc_mcu9t5v0__aoi21_2)
                                         _09275_ (net)
                  0.54    0.00   14.51 v _15018_/A2 (gf180mcu_fd_sc_mcu9t5v0__oai21_1)
     2    0.01    0.63    0.51   15.02 ^ _15018_/ZN (gf180mcu_fd_sc_mcu9t5v0__oai21_1)
                                         _09277_ (net)
                  0.63    0.00   15.02 ^ _15046_/A2 (gf180mcu_fd_sc_mcu9t5v0__and3_1)
     1    0.01    0.39    0.76   15.78 ^ _15046_/Z (gf180mcu_fd_sc_mcu9t5v0__and3_1)
                                         _09305_ (net)
                  0.39    0.00   15.78 ^ _15047_/A2 (gf180mcu_fd_sc_mcu9t5v0__nor2_2)
     1    0.03    0.45    0.30   16.08 v _15047_/ZN (gf180mcu_fd_sc_mcu9t5v0__nor2_2)
                                         _09306_ (net)
                  0.45    0.00   16.08 v place334/I (gf180mcu_fd_sc_mcu9t5v0__buf_8)
     4    0.02    0.11    0.38   16.46 v place334/Z (gf180mcu_fd_sc_mcu9t5v0__buf_8)
                                         net334 (net)
                  0.11    0.00   16.46 v _15138_/I0 (gf180mcu_fd_sc_mcu9t5v0__mux2_1)
     1    0.00    0.25    0.68   17.14 v _15138_/Z (gf180mcu_fd_sc_mcu9t5v0__mux2_1)
                                         _00744_ (net)
                  0.25    0.00   17.14 v _20196_/D (gf180mcu_fd_sc_mcu9t5v0__dffrnq_2)
                                 17.14   data arrival time

                         16.28   16.28   clock core_clk (rise edge)
                          0.00   16.28   clock source latency
     2    0.09    0.00    0.00   16.28 ^ clk (in)
                                         clk (net)
                  0.00    0.00   16.28 ^ clkbuf_regs_0_core_clk/I (gf180mcu_fd_sc_mcu9t5v0__clkbuf_16)
     1    0.05    0.14    0.28   16.55 ^ clkbuf_regs_0_core_clk/Z (gf180mcu_fd_sc_mcu9t5v0__clkbuf_16)
                                         clk_regs (net)
                  0.14    0.00   16.55 ^ clkbuf_0_clk_regs/I (gf180mcu_fd_sc_mcu9t5v0__clkbuf_16)
     4    0.09    0.18    0.34   16.89 ^ clkbuf_0_clk_regs/Z (gf180mcu_fd_sc_mcu9t5v0__clkbuf_16)
                                         clknet_0_clk_regs (net)
                  0.18    0.00   16.89 ^ clkbuf_2_3_0_clk_regs/I (gf180mcu_fd_sc_mcu9t5v0__clkbuf_8)
     2    0.09    0.28    0.41   17.30 ^ clkbuf_2_3_0_clk_regs/Z (gf180mcu_fd_sc_mcu9t5v0__clkbuf_8)
                                         clknet_2_3_0_clk_regs (net)
                  0.28    0.00   17.30 ^ clkbuf_3_7__f_clk_regs/I (gf180mcu_fd_sc_mcu9t5v0__clkbuf_16)
    16    0.36    0.48    0.55   17.85 ^ clkbuf_3_7__f_clk_regs/Z (gf180mcu_fd_sc_mcu9t5v0__clkbuf_16)
                                         clknet_3_7__leaf_clk_regs (net)
                  0.48    0.00   17.85 ^ clkbuf_leaf_43_clk_regs/I (gf180mcu_fd_sc_mcu9t5v0__clkbuf_8)
    21    0.13    0.36    0.52   18.37 ^ clkbuf_leaf_43_clk_regs/Z (gf180mcu_fd_sc_mcu9t5v0__clkbuf_8)
                                         clknet_leaf_43_clk_regs (net)
                  0.36    0.00   18.37 ^ _20196_/CLK (gf180mcu_fd_sc_mcu9t5v0__dffrnq_2)
                          0.00   18.37   clock reconvergence pessimism
                         -0.32   18.05   library setup time
                                 18.05   data required time
-----------------------------------------------------------------------------
                                 18.05   data required time
                                -17.14   data arrival time
-----------------------------------------------------------------------------
                                  0.90   slack (MET)


Startpoint: _20287_ (rising edge-triggered flip-flop clocked by core_clk)
Endpoint: _20214_ (rising edge-triggered flip-flop clocked by core_clk)
Path Group: core_clk
Path Type: max

Fanout     Cap    Slew   Delay    Time   Description
-----------------------------------------------------------------------------
                          0.00    0.00   clock core_clk (rise edge)
                          0.00    0.00   clock source latency
     2    0.09    0.00    0.00    0.00 ^ clk (in)
                                         clk (net)
                  0.00    0.00    0.00 ^ clkbuf_regs_0_core_clk/I (gf180mcu_fd_sc_mcu9t5v0__clkbuf_16)
     1    0.05    0.14    0.28    0.28 ^ clkbuf_regs_0_core_clk/Z (gf180mcu_fd_sc_mcu9t5v0__clkbuf_16)
                                         clk_regs (net)
                  0.14    0.00    0.28 ^ clkbuf_0_clk_regs/I (gf180mcu_fd_sc_mcu9t5v0__clkbuf_16)
     4    0.09    0.18    0.34    0.61 ^ clkbuf_0_clk_regs/Z (gf180mcu_fd_sc_mcu9t5v0__clkbuf_16)
                                         clknet_0_clk_regs (net)
                  0.18    0.00    0.61 ^ clkbuf_2_3_0_clk_regs/I (gf180mcu_fd_sc_mcu9t5v0__clkbuf_8)
     2    0.09    0.28    0.41    1.02 ^ clkbuf_2_3_0_clk_regs/Z (gf180mcu_fd_sc_mcu9t5v0__clkbuf_8)
                                         clknet_2_3_0_clk_regs (net)
                  0.28    0.00    1.02 ^ clkbuf_3_7__f_clk_regs/I (gf180mcu_fd_sc_mcu9t5v0__clkbuf_16)
    16    0.36    0.48    0.55    1.57 ^ clkbuf_3_7__f_clk_regs/Z (gf180mcu_fd_sc_mcu9t5v0__clkbuf_16)
                                         clknet_3_7__leaf_clk_regs (net)
                  0.48    0.00    1.57 ^ clkbuf_leaf_47_clk_regs/I (gf180mcu_fd_sc_mcu9t5v0__clkbuf_8)
    24    0.13    0.36    0.52    2.09 ^ clkbuf_leaf_47_clk_regs/Z (gf180mcu_fd_sc_mcu9t5v0__clkbuf_8)
                                         clknet_leaf_47_clk_regs (net)
                  0.36    0.00    2.09 ^ _20287_/CLK (gf180mcu_fd_sc_mcu9t5v0__dffrnq_2)
     4    0.07    0.75    1.68    3.77 ^ _20287_/Q (gf180mcu_fd_sc_mcu9t5v0__dffrnq_2)
                                         u_transform_scheduler_core.u_mixed_radix_butterfly.scalar_coefficient[4] (net)
                  0.75    0.00    3.77 ^ place645/I (gf180mcu_fd_sc_mcu9t5v0__buf_8)
    11    0.07    0.24    0.40    4.16 ^ place645/Z (gf180mcu_fd_sc_mcu9t5v0__buf_8)
                                         net645 (net)
                  0.24    0.00    4.16 ^ _14661_/A4 (gf180mcu_fd_sc_mcu9t5v0__and4_1)
     3    0.02    0.52    0.96    5.12 ^ _14661_/Z (gf180mcu_fd_sc_mcu9t5v0__and4_1)
                                         _08955_ (net)
                  0.52    0.00    5.12 ^ _14664_/A2 (gf180mcu_fd_sc_mcu9t5v0__nor3_1)
     1    0.01    0.44    0.29    5.41 v _14664_/ZN (gf180mcu_fd_sc_mcu9t5v0__nor3_1)
                                         _08958_ (net)
                  0.44    0.00    5.41 v _14665_/A1 (gf180mcu_fd_sc_mcu9t5v0__nor2_1)
     2    0.02    0.81    0.58    5.99 ^ _14665_/ZN (gf180mcu_fd_sc_mcu9t5v0__nor2_1)
                                         _08959_ (net)
                  0.81    0.00    5.99 ^ _14668_/A1 (gf180mcu_fd_sc_mcu9t5v0__xnor2_1)
     2    0.02    0.83    0.73    6.72 ^ _14668_/ZN (gf180mcu_fd_sc_mcu9t5v0__xnor2_1)
                                         _08962_ (net)
                  0.83    0.00    6.72 ^ _14669_/A2 (gf180mcu_fd_sc_mcu9t5v0__xor2_1)
     2    0.01    0.85    0.76    7.48 ^ _14669_/Z (gf180mcu_fd_sc_mcu9t5v0__xor2_1)
                                         _08963_ (net)
                  0.85    0.00    7.48 ^ _14714_/A2 (gf180mcu_fd_sc_mcu9t5v0__xor3_1)
     2    0.02    1.00    1.75    9.22 ^ _14714_/Z (gf180mcu_fd_sc_mcu9t5v0__xor3_1)
                                         _09008_ (net)
                  1.00    0.00    9.22 ^ _14718_/A2 (gf180mcu_fd_sc_mcu9t5v0__xnor2_1)
     2    0.02    0.78    0.77   10.00 ^ _14718_/ZN (gf180mcu_fd_sc_mcu9t5v0__xnor2_1)
                                         _09012_ (net)
                  0.78    0.00   10.00 ^ _14748_/A1 (gf180mcu_fd_sc_mcu9t5v0__xnor2_1)
     2    0.02    0.85    0.73   10.73 ^ _14748_/ZN (gf180mcu_fd_sc_mcu9t5v0__xnor2_1)
                                         _09042_ (net)
                  0.85    0.00   10.73 ^ _14821_/A1 (gf180mcu_fd_sc_mcu9t5v0__xnor2_1)
     2    0.02    1.05    0.79   11.52 ^ _14821_/ZN (gf180mcu_fd_sc_mcu9t5v0__xnor2_1)
                                         _09115_ (net)
                  1.05    0.00   11.52 ^ _14822_/B (gf180mcu_fd_sc_mcu9t5v0__aoi21_2)
     2    0.01    0.51    0.38   11.90 v _14822_/ZN (gf180mcu_fd_sc_mcu9t5v0__aoi21_2)
                                         _09116_ (net)
                  0.51    0.00   11.90 v _14824_/A2 (gf180mcu_fd_sc_mcu9t5v0__oai21_1)
     2    0.01    0.63    0.50   12.40 ^ _14824_/ZN (gf180mcu_fd_sc_mcu9t5v0__oai21_1)
                                         _09118_ (net)
                  0.63    0.00   12.40 ^ _14826_/A2 (gf180mcu_fd_sc_mcu9t5v0__aoi21_1)
     3    0.02    0.54    0.35   12.75 v _14826_/ZN (gf180mcu_fd_sc_mcu9t5v0__aoi21_1)
                                         _09120_ (net)
                  0.54    0.00   12.75 v _14828_/A1 (gf180mcu_fd_sc_mcu9t5v0__oai21_1)
     2    0.02    0.86    0.65   13.40 ^ _14828_/ZN (gf180mcu_fd_sc_mcu9t5v0__oai21_1)
                                         _09122_ (net)
                  0.86    0.00   13.40 ^ _14857_/A1 (gf180mcu_fd_sc_mcu9t5v0__aoi21_2)
     3    0.02    0.54    0.32   13.71 v _14857_/ZN (gf180mcu_fd_sc_mcu9t5v0__aoi21_2)
                                         _09151_ (net)
                  0.54    0.00   13.71 v _15014_/A2 (gf180mcu_fd_sc_mcu9t5v0__oai21_2)
     3    0.03    0.73    0.57   14.28 ^ _15014_/ZN (gf180mcu_fd_sc_mcu9t5v0__oai21_2)
                                         _09273_ (net)
                  0.73    0.00   14.28 ^ _15016_/A1 (gf180mcu_fd_sc_mcu9t5v0__aoi21_2)
     2    0.01    0.54    0.23   14.51 v _15016_/ZN (gf180mcu_fd_sc_mcu9t5v0__aoi21_2)
                                         _09275_ (net)
                  0.54    0.00   14.51 v _15018_/A2 (gf180mcu_fd_sc_mcu9t5v0__oai21_1)
     2    0.01    0.63    0.51   15.02 ^ _15018_/ZN (gf180mcu_fd_sc_mcu9t5v0__oai21_1)
                                         _09277_ (net)
                  0.63    0.00   15.02 ^ _15046_/A2 (gf180mcu_fd_sc_mcu9t5v0__and3_1)
     1    0.01    0.39    0.76   15.78 ^ _15046_/Z (gf180mcu_fd_sc_mcu9t5v0__and3_1)
                                         _09305_ (net)
                  0.39    0.00   15.78 ^ _15047_/A2 (gf180mcu_fd_sc_mcu9t5v0__nor2_2)
     1    0.03    0.45    0.30   16.08 v _15047_/ZN (gf180mcu_fd_sc_mcu9t5v0__nor2_2)
                                         _09306_ (net)
                  0.45    0.00   16.08 v place334/I (gf180mcu_fd_sc_mcu9t5v0__buf_8)
     4    0.02    0.11    0.38   16.46 v place334/Z (gf180mcu_fd_sc_mcu9t5v0__buf_8)
                                         net334 (net)
                  0.11    0.00   16.46 v _15116_/I0 (gf180mcu_fd_sc_mcu9t5v0__mux2_1)
     1    0.00    0.25    0.68   17.14 v _15116_/Z (gf180mcu_fd_sc_mcu9t5v0__mux2_1)
                                         _00727_ (net)
                  0.25    0.00   17.14 v _20214_/D (gf180mcu_fd_sc_mcu9t5v0__dffrnq_2)
                                 17.14   data arrival time

                         16.28   16.28   clock core_clk (rise edge)
                          0.00   16.28   clock source latency
     2    0.09    0.00    0.00   16.28 ^ clk (in)
                                         clk (net)
                  0.00    0.00   16.28 ^ clkbuf_regs_0_core_clk/I (gf180mcu_fd_sc_mcu9t5v0__clkbuf_16)
     1    0.05    0.14    0.28   16.55 ^ clkbuf_regs_0_core_clk/Z (gf180mcu_fd_sc_mcu9t5v0__clkbuf_16)
                                         clk_regs (net)
                  0.14    0.00   16.55 ^ clkbuf_0_clk_regs/I (gf180mcu_fd_sc_mcu9t5v0__clkbuf_16)
     4    0.09    0.18    0.34   16.89 ^ clkbuf_0_clk_regs/Z (gf180mcu_fd_sc_mcu9t5v0__clkbuf_16)
                                         clknet_0_clk_regs (net)
                  0.18    0.00   16.89 ^ clkbuf_2_3_0_clk_regs/I (gf180mcu_fd_sc_mcu9t5v0__clkbuf_8)
     2    0.09    0.28    0.41   17.30 ^ clkbuf_2_3_0_clk_regs/Z (gf180mcu_fd_sc_mcu9t5v0__clkbuf_8)
                                         clknet_2_3_0_clk_regs (net)
                  0.28    0.00   17.30 ^ clkbuf_3_7__f_clk_regs/I (gf180mcu_fd_sc_mcu9t5v0__clkbuf_16)
    16    0.36    0.48    0.55   17.85 ^ clkbuf_3_7__f_clk_regs/Z (gf180mcu_fd_sc_mcu9t5v0__clkbuf_16)
                                         clknet_3_7__leaf_clk_regs (net)
                  0.48    0.00   17.85 ^ clkbuf_leaf_43_clk_regs/I (gf180mcu_fd_sc_mcu9t5v0__clkbuf_8)
    21    0.13    0.36    0.52   18.37 ^ clkbuf_leaf_43_clk_regs/Z (gf180mcu_fd_sc_mcu9t5v0__clkbuf_8)
                                         clknet_leaf_43_clk_regs (net)
                  0.36    0.00   18.37 ^ _20214_/CLK (gf180mcu_fd_sc_mcu9t5v0__dffrnq_2)
                          0.00   18.37   clock reconvergence pessimism
                         -0.32   18.05   library setup time
                                 18.05   data required time
-----------------------------------------------------------------------------
                                 18.05   data required time
                                -17.14   data arrival time
-----------------------------------------------------------------------------
                                  0.90   slack (MET)


Startpoint: _20287_ (rising edge-triggered flip-flop clocked by core_clk)
Endpoint: _20232_ (rising edge-triggered flip-flop clocked by core_clk)
Path Group: core_clk
Path Type: max

Fanout     Cap    Slew   Delay    Time   Description
-----------------------------------------------------------------------------
                          0.00    0.00   clock core_clk (rise edge)
                          0.00    0.00   clock source latency
     2    0.09    0.00    0.00    0.00 ^ clk (in)
                                         clk (net)
                  0.00    0.00    0.00 ^ clkbuf_regs_0_core_clk/I (gf180mcu_fd_sc_mcu9t5v0__clkbuf_16)
     1    0.05    0.14    0.28    0.28 ^ clkbuf_regs_0_core_clk/Z (gf180mcu_fd_sc_mcu9t5v0__clkbuf_16)
                                         clk_regs (net)
                  0.14    0.00    0.28 ^ clkbuf_0_clk_regs/I (gf180mcu_fd_sc_mcu9t5v0__clkbuf_16)
     4    0.09    0.18    0.34    0.61 ^ clkbuf_0_clk_regs/Z (gf180mcu_fd_sc_mcu9t5v0__clkbuf_16)
                                         clknet_0_clk_regs (net)
                  0.18    0.00    0.61 ^ clkbuf_2_3_0_clk_regs/I (gf180mcu_fd_sc_mcu9t5v0__clkbuf_8)
     2    0.09    0.28    0.41    1.02 ^ clkbuf_2_3_0_clk_regs/Z (gf180mcu_fd_sc_mcu9t5v0__clkbuf_8)
                                         clknet_2_3_0_clk_regs (net)
                  0.28    0.00    1.02 ^ clkbuf_3_7__f_clk_regs/I (gf180mcu_fd_sc_mcu9t5v0__clkbuf_16)
    16    0.36    0.48    0.55    1.57 ^ clkbuf_3_7__f_clk_regs/Z (gf180mcu_fd_sc_mcu9t5v0__clkbuf_16)
                                         clknet_3_7__leaf_clk_regs (net)
                  0.48    0.00    1.57 ^ clkbuf_leaf_47_clk_regs/I (gf180mcu_fd_sc_mcu9t5v0__clkbuf_8)
    24    0.13    0.36    0.52    2.09 ^ clkbuf_leaf_47_clk_regs/Z (gf180mcu_fd_sc_mcu9t5v0__clkbuf_8)
                                         clknet_leaf_47_clk_regs (net)
                  0.36    0.00    2.09 ^ _20287_/CLK (gf180mcu_fd_sc_mcu9t5v0__dffrnq_2)
     4    0.07    0.75    1.68    3.77 ^ _20287_/Q (gf180mcu_fd_sc_mcu9t5v0__dffrnq_2)
                                         u_transform_scheduler_core.u_mixed_radix_butterfly.scalar_coefficient[4] (net)
                  0.75    0.00    3.77 ^ place645/I (gf180mcu_fd_sc_mcu9t5v0__buf_8)
    11    0.07    0.24    0.40    4.16 ^ place645/Z (gf180mcu_fd_sc_mcu9t5v0__buf_8)
                                         net645 (net)
                  0.24    0.00    4.16 ^ _14661_/A4 (gf180mcu_fd_sc_mcu9t5v0__and4_1)
     3    0.02    0.52    0.96    5.12 ^ _14661_/Z (gf180mcu_fd_sc_mcu9t5v0__and4_1)
                                         _08955_ (net)
                  0.52    0.00    5.12 ^ _14664_/A2 (gf180mcu_fd_sc_mcu9t5v0__nor3_1)
     1    0.01    0.44    0.29    5.41 v _14664_/ZN (gf180mcu_fd_sc_mcu9t5v0__nor3_1)
                                         _08958_ (net)
                  0.44    0.00    5.41 v _14665_/A1 (gf180mcu_fd_sc_mcu9t5v0__nor2_1)
     2    0.02    0.81    0.58    5.99 ^ _14665_/ZN (gf180mcu_fd_sc_mcu9t5v0__nor2_1)
                                         _08959_ (net)
                  0.81    0.00    5.99 ^ _14668_/A1 (gf180mcu_fd_sc_mcu9t5v0__xnor2_1)
     2    0.02    0.83    0.73    6.72 ^ _14668_/ZN (gf180mcu_fd_sc_mcu9t5v0__xnor2_1)
                                         _08962_ (net)
                  0.83    0.00    6.72 ^ _14669_/A2 (gf180mcu_fd_sc_mcu9t5v0__xor2_1)
     2    0.01    0.85    0.76    7.48 ^ _14669_/Z (gf180mcu_fd_sc_mcu9t5v0__xor2_1)
                                         _08963_ (net)
                  0.85    0.00    7.48 ^ _14714_/A2 (gf180mcu_fd_sc_mcu9t5v0__xor3_1)
     2    0.02    1.00    1.75    9.22 ^ _14714_/Z (gf180mcu_fd_sc_mcu9t5v0__xor3_1)
                                         _09008_ (net)
                  1.00    0.00    9.22 ^ _14718_/A2 (gf180mcu_fd_sc_mcu9t5v0__xnor2_1)
     2    0.02    0.78    0.77   10.00 ^ _14718_/ZN (gf180mcu_fd_sc_mcu9t5v0__xnor2_1)
                                         _09012_ (net)
                  0.78    0.00   10.00 ^ _14748_/A1 (gf180mcu_fd_sc_mcu9t5v0__xnor2_1)
     2    0.02    0.85    0.73   10.73 ^ _14748_/ZN (gf180mcu_fd_sc_mcu9t5v0__xnor2_1)
                                         _09042_ (net)
                  0.85    0.00   10.73 ^ _14821_/A1 (gf180mcu_fd_sc_mcu9t5v0__xnor2_1)
     2    0.02    1.05    0.79   11.52 ^ _14821_/ZN (gf180mcu_fd_sc_mcu9t5v0__xnor2_1)
                                         _09115_ (net)
                  1.05    0.00   11.52 ^ _14822_/B (gf180mcu_fd_sc_mcu9t5v0__aoi21_2)
     2    0.01    0.51    0.38   11.90 v _14822_/ZN (gf180mcu_fd_sc_mcu9t5v0__aoi21_2)
                                         _09116_ (net)
                  0.51    0.00   11.90 v _14824_/A2 (gf180mcu_fd_sc_mcu9t5v0__oai21_1)
     2    0.01    0.63    0.50   12.40 ^ _14824_/ZN (gf180mcu_fd_sc_mcu9t5v0__oai21_1)
                                         _09118_ (net)
                  0.63    0.00   12.40 ^ _14826_/A2 (gf180mcu_fd_sc_mcu9t5v0__aoi21_1)
     3    0.02    0.54    0.35   12.75 v _14826_/ZN (gf180mcu_fd_sc_mcu9t5v0__aoi21_1)
                                         _09120_ (net)
                  0.54    0.00   12.75 v _14828_/A1 (gf180mcu_fd_sc_mcu9t5v0__oai21_1)
     2    0.02    0.86    0.65   13.40 ^ _14828_/ZN (gf180mcu_fd_sc_mcu9t5v0__oai21_1)
                                         _09122_ (net)
                  0.86    0.00   13.40 ^ _14857_/A1 (gf180mcu_fd_sc_mcu9t5v0__aoi21_2)
     3    0.02    0.54    0.32   13.71 v _14857_/ZN (gf180mcu_fd_sc_mcu9t5v0__aoi21_2)
                                         _09151_ (net)
                  0.54    0.00   13.71 v _15014_/A2 (gf180mcu_fd_sc_mcu9t5v0__oai21_2)
     3    0.03    0.73    0.57   14.28 ^ _15014_/ZN (gf180mcu_fd_sc_mcu9t5v0__oai21_2)
                                         _09273_ (net)
                  0.73    0.00   14.28 ^ _15016_/A1 (gf180mcu_fd_sc_mcu9t5v0__aoi21_2)
     2    0.01    0.54    0.23   14.51 v _15016_/ZN (gf180mcu_fd_sc_mcu9t5v0__aoi21_2)
                                         _09275_ (net)
                  0.54    0.00   14.51 v _15018_/A2 (gf180mcu_fd_sc_mcu9t5v0__oai21_1)
     2    0.01    0.63    0.51   15.02 ^ _15018_/ZN (gf180mcu_fd_sc_mcu9t5v0__oai21_1)
                                         _09277_ (net)
                  0.63    0.00   15.02 ^ _15046_/A2 (gf180mcu_fd_sc_mcu9t5v0__and3_1)
     1    0.01    0.39    0.76   15.78 ^ _15046_/Z (gf180mcu_fd_sc_mcu9t5v0__and3_1)
                                         _09305_ (net)
                  0.39    0.00   15.78 ^ _15047_/A2 (gf180mcu_fd_sc_mcu9t5v0__nor2_2)
     1    0.03    0.45    0.30   16.08 v _15047_/ZN (gf180mcu_fd_sc_mcu9t5v0__nor2_2)
                                         _09306_ (net)
                  0.45    0.00   16.08 v place334/I (gf180mcu_fd_sc_mcu9t5v0__buf_8)
     4    0.02    0.11    0.38   16.46 v place334/Z (gf180mcu_fd_sc_mcu9t5v0__buf_8)
                                         net334 (net)
                  0.11    0.00   16.46 v _15094_/I0 (gf180mcu_fd_sc_mcu9t5v0__mux2_1)
     1    0.00    0.25    0.68   17.14 v _15094_/Z (gf180mcu_fd_sc_mcu9t5v0__mux2_1)
                                         _00710_ (net)
                  0.25    0.00   17.14 v _20232_/D (gf180mcu_fd_sc_mcu9t5v0__dffrnq_2)
                                 17.14   data arrival time

                         16.28   16.28   clock core_clk (rise edge)
                          0.00   16.28   clock source latency
     2    0.09    0.00    0.00   16.28 ^ clk (in)
                                         clk (net)
                  0.00    0.00   16.28 ^ clkbuf_regs_0_core_clk/I (gf180mcu_fd_sc_mcu9t5v0__clkbuf_16)
     1    0.05    0.14    0.28   16.55 ^ clkbuf_regs_0_core_clk/Z (gf180mcu_fd_sc_mcu9t5v0__clkbuf_16)
                                         clk_regs (net)
                  0.14    0.00   16.55 ^ clkbuf_0_clk_regs/I (gf180mcu_fd_sc_mcu9t5v0__clkbuf_16)
     4    0.09    0.18    0.34   16.89 ^ clkbuf_0_clk_regs/Z (gf180mcu_fd_sc_mcu9t5v0__clkbuf_16)
                                         clknet_0_clk_regs (net)
                  0.18    0.00   16.89 ^ clkbuf_2_3_0_clk_regs/I (gf180mcu_fd_sc_mcu9t5v0__clkbuf_8)
     2    0.09    0.28    0.41   17.30 ^ clkbuf_2_3_0_clk_regs/Z (gf180mcu_fd_sc_mcu9t5v0__clkbuf_8)
                                         clknet_2_3_0_clk_regs (net)
                  0.28    0.00   17.30 ^ clkbuf_3_7__f_clk_regs/I (gf180mcu_fd_sc_mcu9t5v0__clkbuf_16)
    16    0.36    0.48    0.55   17.85 ^ clkbuf_3_7__f_clk_regs/Z (gf180mcu_fd_sc_mcu9t5v0__clkbuf_16)
                                         clknet_3_7__leaf_clk_regs (net)
                  0.48    0.00   17.85 ^ clkbuf_leaf_61_clk_regs/I (gf180mcu_fd_sc_mcu9t5v0__clkbuf_8)
    21    0.13    0.36    0.52   18.37 ^ clkbuf_leaf_61_clk_regs/Z (gf180mcu_fd_sc_mcu9t5v0__clkbuf_8)
                                         clknet_leaf_61_clk_regs (net)
                  0.36    0.00   18.37 ^ _20232_/CLK (gf180mcu_fd_sc_mcu9t5v0__dffrnq_2)
                          0.00   18.37   clock reconvergence pessimism
                         -0.32   18.05   library setup time
                                 18.05   data required time
-----------------------------------------------------------------------------
                                 18.05   data required time
                                -17.14   data arrival time
-----------------------------------------------------------------------------
                                  0.90   slack (MET)


Startpoint: _20287_ (rising edge-triggered flip-flop clocked by core_clk)
Endpoint: _20265_ (rising edge-triggered flip-flop clocked by core_clk)
Path Group: core_clk
Path Type: max

Fanout     Cap    Slew   Delay    Time   Description
-----------------------------------------------------------------------------
                          0.00    0.00   clock core_clk (rise edge)
                          0.00    0.00   clock source latency
     2    0.09    0.00    0.00    0.00 ^ clk (in)
                                         clk (net)
                  0.00    0.00    0.00 ^ clkbuf_regs_0_core_clk/I (gf180mcu_fd_sc_mcu9t5v0__clkbuf_16)
     1    0.05    0.14    0.28    0.28 ^ clkbuf_regs_0_core_clk/Z (gf180mcu_fd_sc_mcu9t5v0__clkbuf_16)
                                         clk_regs (net)
                  0.14    0.00    0.28 ^ clkbuf_0_clk_regs/I (gf180mcu_fd_sc_mcu9t5v0__clkbuf_16)
     4    0.09    0.18    0.34    0.61 ^ clkbuf_0_clk_regs/Z (gf180mcu_fd_sc_mcu9t5v0__clkbuf_16)
                                         clknet_0_clk_regs (net)
                  0.18    0.00    0.61 ^ clkbuf_2_3_0_clk_regs/I (gf180mcu_fd_sc_mcu9t5v0__clkbuf_8)
     2    0.09    0.28    0.41    1.02 ^ clkbuf_2_3_0_clk_regs/Z (gf180mcu_fd_sc_mcu9t5v0__clkbuf_8)
                                         clknet_2_3_0_clk_regs (net)
                  0.28    0.00    1.02 ^ clkbuf_3_7__f_clk_regs/I (gf180mcu_fd_sc_mcu9t5v0__clkbuf_16)
    16    0.36    0.48    0.55    1.57 ^ clkbuf_3_7__f_clk_regs/Z (gf180mcu_fd_sc_mcu9t5v0__clkbuf_16)
                                         clknet_3_7__leaf_clk_regs (net)
                  0.48    0.00    1.57 ^ clkbuf_leaf_47_clk_regs/I (gf180mcu_fd_sc_mcu9t5v0__clkbuf_8)
    24    0.13    0.36    0.52    2.09 ^ clkbuf_leaf_47_clk_regs/Z (gf180mcu_fd_sc_mcu9t5v0__clkbuf_8)
                                         clknet_leaf_47_clk_regs (net)
                  0.36    0.00    2.09 ^ _20287_/CLK (gf180mcu_fd_sc_mcu9t5v0__dffrnq_2)
     4    0.07    0.75    1.68    3.77 ^ _20287_/Q (gf180mcu_fd_sc_mcu9t5v0__dffrnq_2)
                                         u_transform_scheduler_core.u_mixed_radix_butterfly.scalar_coefficient[4] (net)
                  0.75    0.00    3.77 ^ place645/I (gf180mcu_fd_sc_mcu9t5v0__buf_8)
    11    0.07    0.24    0.40    4.16 ^ place645/Z (gf180mcu_fd_sc_mcu9t5v0__buf_8)
                                         net645 (net)
                  0.24    0.00    4.16 ^ _14661_/A4 (gf180mcu_fd_sc_mcu9t5v0__and4_1)
     3    0.02    0.52    0.96    5.12 ^ _14661_/Z (gf180mcu_fd_sc_mcu9t5v0__and4_1)
                                         _08955_ (net)
                  0.52    0.00    5.12 ^ _14664_/A2 (gf180mcu_fd_sc_mcu9t5v0__nor3_1)
     1    0.01    0.44    0.29    5.41 v _14664_/ZN (gf180mcu_fd_sc_mcu9t5v0__nor3_1)
                                         _08958_ (net)
                  0.44    0.00    5.41 v _14665_/A1 (gf180mcu_fd_sc_mcu9t5v0__nor2_1)
     2    0.02    0.81    0.58    5.99 ^ _14665_/ZN (gf180mcu_fd_sc_mcu9t5v0__nor2_1)
                                         _08959_ (net)
                  0.81    0.00    5.99 ^ _14668_/A1 (gf180mcu_fd_sc_mcu9t5v0__xnor2_1)
     2    0.02    0.83    0.73    6.72 ^ _14668_/ZN (gf180mcu_fd_sc_mcu9t5v0__xnor2_1)
                                         _08962_ (net)
                  0.83    0.00    6.72 ^ _14669_/A2 (gf180mcu_fd_sc_mcu9t5v0__xor2_1)
     2    0.01    0.85    0.76    7.48 ^ _14669_/Z (gf180mcu_fd_sc_mcu9t5v0__xor2_1)
                                         _08963_ (net)
                  0.85    0.00    7.48 ^ _14714_/A2 (gf180mcu_fd_sc_mcu9t5v0__xor3_1)
     2    0.02    1.00    1.75    9.22 ^ _14714_/Z (gf180mcu_fd_sc_mcu9t5v0__xor3_1)
                                         _09008_ (net)
                  1.00    0.00    9.22 ^ _14718_/A2 (gf180mcu_fd_sc_mcu9t5v0__xnor2_1)
     2    0.02    0.78    0.77   10.00 ^ _14718_/ZN (gf180mcu_fd_sc_mcu9t5v0__xnor2_1)
                                         _09012_ (net)
                  0.78    0.00   10.00 ^ _14748_/A1 (gf180mcu_fd_sc_mcu9t5v0__xnor2_1)
     2    0.02    0.85    0.73   10.73 ^ _14748_/ZN (gf180mcu_fd_sc_mcu9t5v0__xnor2_1)
                                         _09042_ (net)
                  0.85    0.00   10.73 ^ _14821_/A1 (gf180mcu_fd_sc_mcu9t5v0__xnor2_1)
     2    0.02    1.05    0.79   11.52 ^ _14821_/ZN (gf180mcu_fd_sc_mcu9t5v0__xnor2_1)
                                         _09115_ (net)
                  1.05    0.00   11.52 ^ _14822_/B (gf180mcu_fd_sc_mcu9t5v0__aoi21_2)
     2    0.01    0.51    0.38   11.90 v _14822_/ZN (gf180mcu_fd_sc_mcu9t5v0__aoi21_2)
                                         _09116_ (net)
                  0.51    0.00   11.90 v _14824_/A2 (gf180mcu_fd_sc_mcu9t5v0__oai21_1)
     2    0.01    0.63    0.50   12.40 ^ _14824_/ZN (gf180mcu_fd_sc_mcu9t5v0__oai21_1)
                                         _09118_ (net)
                  0.63    0.00   12.40 ^ _14826_/A2 (gf180mcu_fd_sc_mcu9t5v0__aoi21_1)
     3    0.02    0.54    0.35   12.75 v _14826_/ZN (gf180mcu_fd_sc_mcu9t5v0__aoi21_1)
                                         _09120_ (net)
                  0.54    0.00   12.75 v _14828_/A1 (gf180mcu_fd_sc_mcu9t5v0__oai21_1)
     2    0.02    0.86    0.65   13.40 ^ _14828_/ZN (gf180mcu_fd_sc_mcu9t5v0__oai21_1)
                                         _09122_ (net)
                  0.86    0.00   13.40 ^ _14857_/A1 (gf180mcu_fd_sc_mcu9t5v0__aoi21_2)
     3    0.02    0.54    0.32   13.71 v _14857_/ZN (gf180mcu_fd_sc_mcu9t5v0__aoi21_2)
                                         _09151_ (net)
                  0.54    0.00   13.71 v _15014_/A2 (gf180mcu_fd_sc_mcu9t5v0__oai21_2)
     3    0.03    0.73    0.57   14.28 ^ _15014_/ZN (gf180mcu_fd_sc_mcu9t5v0__oai21_2)
                                         _09273_ (net)
                  0.73    0.00   14.28 ^ _15016_/A1 (gf180mcu_fd_sc_mcu9t5v0__aoi21_2)
     2    0.01    0.54    0.23   14.51 v _15016_/ZN (gf180mcu_fd_sc_mcu9t5v0__aoi21_2)
                                         _09275_ (net)
                  0.54    0.00   14.51 v _15018_/A2 (gf180mcu_fd_sc_mcu9t5v0__oai21_1)
     2    0.01    0.63    0.51   15.02 ^ _15018_/ZN (gf180mcu_fd_sc_mcu9t5v0__oai21_1)
                                         _09277_ (net)
                  0.63    0.00   15.02 ^ _15046_/A2 (gf180mcu_fd_sc_mcu9t5v0__and3_1)
     1    0.01    0.39    0.76   15.78 ^ _15046_/Z (gf180mcu_fd_sc_mcu9t5v0__and3_1)
                                         _09305_ (net)
                  0.39    0.00   15.78 ^ _15047_/A2 (gf180mcu_fd_sc_mcu9t5v0__nor2_2)
     1    0.03    0.45    0.30   16.08 v _15047_/ZN (gf180mcu_fd_sc_mcu9t5v0__nor2_2)
                                         _09306_ (net)
                  0.45    0.00   16.08 v place334/I (gf180mcu_fd_sc_mcu9t5v0__buf_8)
     4    0.02    0.11    0.38   16.46 v place334/Z (gf180mcu_fd_sc_mcu9t5v0__buf_8)
                                         net334 (net)
                  0.11    0.00   16.46 v _15050_/I0 (gf180mcu_fd_sc_mcu9t5v0__mux2_1)
     1    0.00    0.25    0.68   17.14 v _15050_/Z (gf180mcu_fd_sc_mcu9t5v0__mux2_1)
                                         _00678_ (net)
                  0.25    0.00   17.14 v _20265_/D (gf180mcu_fd_sc_mcu9t5v0__dffrnq_2)
                                 17.14   data arrival time

                         16.28   16.28   clock core_clk (rise edge)
                          0.00   16.28   clock source latency
     2    0.09    0.00    0.00   16.28 ^ clk (in)
                                         clk (net)
                  0.00    0.00   16.28 ^ clkbuf_regs_0_core_clk/I (gf180mcu_fd_sc_mcu9t5v0__clkbuf_16)
     1    0.05    0.14    0.28   16.55 ^ clkbuf_regs_0_core_clk/Z (gf180mcu_fd_sc_mcu9t5v0__clkbuf_16)
                                         clk_regs (net)
                  0.14    0.00   16.55 ^ clkbuf_0_clk_regs/I (gf180mcu_fd_sc_mcu9t5v0__clkbuf_16)
     4    0.09    0.18    0.34   16.89 ^ clkbuf_0_clk_regs/Z (gf180mcu_fd_sc_mcu9t5v0__clkbuf_16)
                                         clknet_0_clk_regs (net)
                  0.18    0.00   16.89 ^ clkbuf_2_3_0_clk_regs/I (gf180mcu_fd_sc_mcu9t5v0__clkbuf_8)
     2    0.09    0.28    0.41   17.30 ^ clkbuf_2_3_0_clk_regs/Z (gf180mcu_fd_sc_mcu9t5v0__clkbuf_8)
                                         clknet_2_3_0_clk_regs (net)
                  0.28    0.00   17.30 ^ clkbuf_3_7__f_clk_regs/I (gf180mcu_fd_sc_mcu9t5v0__clkbuf_16)
    16    0.36    0.48    0.55   17.85 ^ clkbuf_3_7__f_clk_regs/Z (gf180mcu_fd_sc_mcu9t5v0__clkbuf_16)
                                         clknet_3_7__leaf_clk_regs (net)
                  0.48    0.00   17.85 ^ clkbuf_leaf_61_clk_regs/I (gf180mcu_fd_sc_mcu9t5v0__clkbuf_8)
    21    0.13    0.36    0.52   18.37 ^ clkbuf_leaf_61_clk_regs/Z (gf180mcu_fd_sc_mcu9t5v0__clkbuf_8)
                                         clknet_leaf_61_clk_regs (net)
                  0.36    0.00   18.37 ^ _20265_/CLK (gf180mcu_fd_sc_mcu9t5v0__dffrnq_2)
                          0.00   18.37   clock reconvergence pessimism
                         -0.32   18.05   library setup time
                                 18.05   data required time
-----------------------------------------------------------------------------
                                 18.05   data required time
                                -17.14   data arrival time
-----------------------------------------------------------------------------
                                  0.90   slack (MET)


Startpoint: _20325_ (rising edge-triggered flip-flop clocked by core_clk)
Endpoint: _20231_ (rising edge-triggered flip-flop clocked by core_clk)
Path Group: core_clk
Path Type: max

Fanout     Cap    Slew   Delay    Time   Description
-----------------------------------------------------------------------------
                          0.00    0.00   clock core_clk (rise edge)
                          0.00    0.00   clock source latency
     2    0.09    0.00    0.00    0.00 ^ clk (in)
                                         clk (net)
                  0.00    0.00    0.00 ^ clkbuf_regs_0_core_clk/I (gf180mcu_fd_sc_mcu9t5v0__clkbuf_16)
     1    0.05    0.14    0.28    0.28 ^ clkbuf_regs_0_core_clk/Z (gf180mcu_fd_sc_mcu9t5v0__clkbuf_16)
                                         clk_regs (net)
                  0.14    0.00    0.28 ^ clkbuf_0_clk_regs/I (gf180mcu_fd_sc_mcu9t5v0__clkbuf_16)
     4    0.09    0.18    0.34    0.61 ^ clkbuf_0_clk_regs/Z (gf180mcu_fd_sc_mcu9t5v0__clkbuf_16)
                                         clknet_0_clk_regs (net)
                  0.18    0.00    0.61 ^ clkbuf_2_3_0_clk_regs/I (gf180mcu_fd_sc_mcu9t5v0__clkbuf_8)
     2    0.09    0.28    0.41    1.02 ^ clkbuf_2_3_0_clk_regs/Z (gf180mcu_fd_sc_mcu9t5v0__clkbuf_8)
                                         clknet_2_3_0_clk_regs (net)
                  0.28    0.00    1.02 ^ clkbuf_3_7__f_clk_regs/I (gf180mcu_fd_sc_mcu9t5v0__clkbuf_16)
    16    0.36    0.48    0.55    1.57 ^ clkbuf_3_7__f_clk_regs/Z (gf180mcu_fd_sc_mcu9t5v0__clkbuf_16)
                                         clknet_3_7__leaf_clk_regs (net)
                  0.48    0.00    1.57 ^ clkbuf_leaf_40_clk_regs/I (gf180mcu_fd_sc_mcu9t5v0__clkbuf_8)
    21    0.13    0.36    0.52    2.09 ^ clkbuf_leaf_40_clk_regs/Z (gf180mcu_fd_sc_mcu9t5v0__clkbuf_8)
                                         clknet_leaf_40_clk_regs (net)
                  0.36    0.00    2.09 ^ _20325_/CLK (gf180mcu_fd_sc_mcu9t5v0__dffrnq_2)
     2    0.03    0.43    1.47    3.56 ^ _20325_/Q (gf180mcu_fd_sc_mcu9t5v0__dffrnq_2)
                                         u_transform_scheduler_core.u_mixed_radix_butterfly.scalar_operand[4] (net)
                  0.43    0.00    3.56 ^ _14696_/A1 (gf180mcu_fd_sc_mcu9t5v0__and2_1)
     2    0.01    0.37    0.58    4.13 ^ _14696_/Z (gf180mcu_fd_sc_mcu9t5v0__and2_1)
                                         _08990_ (net)
                  0.37    0.00    4.13 ^ _14704_/A2 (gf180mcu_fd_sc_mcu9t5v0__xor3_1)
     3    0.02    1.12    1.78    5.92 ^ _14704_/Z (gf180mcu_fd_sc_mcu9t5v0__xor3_1)
                                         _08998_ (net)
                  1.12    0.00    5.92 ^ _14736_/A2 (gf180mcu_fd_sc_mcu9t5v0__xnor2_1)
     3    0.02    0.93    0.83    6.75 ^ _14736_/ZN (gf180mcu_fd_sc_mcu9t5v0__xnor2_1)
                                         _09030_ (net)
                  0.93    0.00    6.75 ^ _14766_/A2 (gf180mcu_fd_sc_mcu9t5v0__xor3_2)
     3    0.02    0.30    1.88    8.63 v _14766_/Z (gf180mcu_fd_sc_mcu9t5v0__xor3_2)
                                         _09060_ (net)
                  0.30    0.00    8.63 v _14790_/A3 (gf180mcu_fd_sc_mcu9t5v0__xnor3_1)
     2    0.02    1.13    0.73    9.36 ^ _14790_/ZN (gf180mcu_fd_sc_mcu9t5v0__xnor3_1)
                                         _09084_ (net)
                  1.13    0.00    9.36 ^ _14791_/A2 (gf180mcu_fd_sc_mcu9t5v0__xor2_2)
     2    0.02    0.29    0.92   10.28 v _14791_/Z (gf180mcu_fd_sc_mcu9t5v0__xor2_2)
                                         _09085_ (net)
                  0.29    0.00   10.28 v _14818_/A1 (gf180mcu_fd_sc_mcu9t5v0__oai32_2)
     2    0.02    1.49    0.87   11.15 ^ _14818_/ZN (gf180mcu_fd_sc_mcu9t5v0__oai32_2)
                                         _09112_ (net)
                  1.49    0.00   11.15 ^ _14820_/A2 (gf180mcu_fd_sc_mcu9t5v0__nand2_1)
     2    0.02    0.62    0.38   11.53 v _14820_/ZN (gf180mcu_fd_sc_mcu9t5v0__nand2_1)
                                         _09114_ (net)
                  0.62    0.00   11.53 v _14822_/A1 (gf180mcu_fd_sc_mcu9t5v0__aoi21_2)
     2    0.01    0.59    0.44   11.97 ^ _14822_/ZN (gf180mcu_fd_sc_mcu9t5v0__aoi21_2)
                                         _09116_ (net)
                  0.59    0.00   11.97 ^ _14824_/A2 (gf180mcu_fd_sc_mcu9t5v0__oai21_1)
     2    0.01    0.43    0.32   12.30 v _14824_/ZN (gf180mcu_fd_sc_mcu9t5v0__oai21_1)
                                         _09118_ (net)
                  0.43    0.00   12.30 v _14826_/A2 (gf180mcu_fd_sc_mcu9t5v0__aoi21_1)
     3    0.02    1.02    0.70   12.99 ^ _14826_/ZN (gf180mcu_fd_sc_mcu9t5v0__aoi21_1)
                                         _09120_ (net)
                  1.02    0.00   12.99 ^ _14828_/A1 (gf180mcu_fd_sc_mcu9t5v0__oai21_1)
     2    0.02    0.55    0.40   13.40 v _14828_/ZN (gf180mcu_fd_sc_mcu9t5v0__oai21_1)
                                         _09122_ (net)
                  0.55    0.00   13.40 v _14857_/A1 (gf180mcu_fd_sc_mcu9t5v0__aoi21_2)
     3    0.02    0.77    0.53   13.93 ^ _14857_/ZN (gf180mcu_fd_sc_mcu9t5v0__aoi21_2)
                                         _09151_ (net)
                  0.77    0.00   13.93 ^ _15014_/A2 (gf180mcu_fd_sc_mcu9t5v0__oai21_2)
     3    0.03    0.49    0.38   14.31 v _15014_/ZN (gf180mcu_fd_sc_mcu9t5v0__oai21_2)
                                         _09273_ (net)
                  0.49    0.00   14.31 v _15016_/A1 (gf180mcu_fd_sc_mcu9t5v0__aoi21_2)
     2    0.01    0.58    0.40   14.71 ^ _15016_/ZN (gf180mcu_fd_sc_mcu9t5v0__aoi21_2)
                                         _09275_ (net)
                  0.58    0.00   14.71 ^ _15051_/A2 (gf180mcu_fd_sc_mcu9t5v0__nor2_1)
     1    0.01    0.35    0.31   15.01 v _15051_/ZN (gf180mcu_fd_sc_mcu9t5v0__nor2_1)
                                         _09309_ (net)
                  0.35    0.00   15.01 v _15052_/A2 (gf180mcu_fd_sc_mcu9t5v0__xnor2_1)
     1    0.03    0.69    0.76   15.78 v _15052_/ZN (gf180mcu_fd_sc_mcu9t5v0__xnor2_1)
                                         _09310_ (net)
                  0.69    0.00   15.78 v place364/I (gf180mcu_fd_sc_mcu9t5v0__buf_8)
     4    0.02    0.12    0.45   16.23 v place364/Z (gf180mcu_fd_sc_mcu9t5v0__buf_8)
                                         net364 (net)
                  0.12    0.00   16.23 v _15095_/I0 (gf180mcu_fd_sc_mcu9t5v0__mux2_1)
     1    0.00    0.25    0.68   16.91 v _15095_/Z (gf180mcu_fd_sc_mcu9t5v0__mux2_1)
                                         _00711_ (net)
                  0.25    0.00   16.91 v _20231_/D (gf180mcu_fd_sc_mcu9t5v0__dffrnq_2)
                                 16.91   data arrival time

                         16.28   16.28   clock core_clk (rise edge)
                          0.00   16.28   clock source latency
     2    0.09    0.00    0.00   16.28 ^ clk (in)
                                         clk (net)
                  0.00    0.00   16.28 ^ clkbuf_regs_0_core_clk/I (gf180mcu_fd_sc_mcu9t5v0__clkbuf_16)
     1    0.05    0.14    0.28   16.55 ^ clkbuf_regs_0_core_clk/Z (gf180mcu_fd_sc_mcu9t5v0__clkbuf_16)
                                         clk_regs (net)
                  0.14    0.00   16.55 ^ clkbuf_0_clk_regs/I (gf180mcu_fd_sc_mcu9t5v0__clkbuf_16)
     4    0.09    0.18    0.34   16.89 ^ clkbuf_0_clk_regs/Z (gf180mcu_fd_sc_mcu9t5v0__clkbuf_16)
                                         clknet_0_clk_regs (net)
                  0.18    0.00   16.89 ^ clkbuf_2_3_0_clk_regs/I (gf180mcu_fd_sc_mcu9t5v0__clkbuf_8)
     2    0.09    0.28    0.41   17.30 ^ clkbuf_2_3_0_clk_regs/Z (gf180mcu_fd_sc_mcu9t5v0__clkbuf_8)
                                         clknet_2_3_0_clk_regs (net)
                  0.28    0.00   17.30 ^ clkbuf_3_7__f_clk_regs/I (gf180mcu_fd_sc_mcu9t5v0__clkbuf_16)
    16    0.36    0.48    0.55   17.85 ^ clkbuf_3_7__f_clk_regs/Z (gf180mcu_fd_sc_mcu9t5v0__clkbuf_16)
                                         clknet_3_7__leaf_clk_regs (net)
                  0.48    0.00   17.85 ^ clkbuf_leaf_61_clk_regs/I (gf180mcu_fd_sc_mcu9t5v0__clkbuf_8)
    21    0.13    0.36    0.52   18.37 ^ clkbuf_leaf_61_clk_regs/Z (gf180mcu_fd_sc_mcu9t5v0__clkbuf_8)
                                         clknet_leaf_61_clk_regs (net)
                  0.36    0.00   18.37 ^ _20231_/CLK (gf180mcu_fd_sc_mcu9t5v0__dffrnq_2)
                          0.00   18.37   clock reconvergence pessimism
                         -0.32   18.05   library setup time
                                 18.05   data required time
-----------------------------------------------------------------------------
                                 18.05   data required time
                                -16.91   data arrival time
-----------------------------------------------------------------------------
                                  1.13   slack (MET)


Startpoint: _20325_ (rising edge-triggered flip-flop clocked by core_clk)
Endpoint: _20264_ (rising edge-triggered flip-flop clocked by core_clk)
Path Group: core_clk
Path Type: max

Fanout     Cap    Slew   Delay    Time   Description
-----------------------------------------------------------------------------
                          0.00    0.00   clock core_clk (rise edge)
                          0.00    0.00   clock source latency
     2    0.09    0.00    0.00    0.00 ^ clk (in)
                                         clk (net)
                  0.00    0.00    0.00 ^ clkbuf_regs_0_core_clk/I (gf180mcu_fd_sc_mcu9t5v0__clkbuf_16)
     1    0.05    0.14    0.28    0.28 ^ clkbuf_regs_0_core_clk/Z (gf180mcu_fd_sc_mcu9t5v0__clkbuf_16)
                                         clk_regs (net)
                  0.14    0.00    0.28 ^ clkbuf_0_clk_regs/I (gf180mcu_fd_sc_mcu9t5v0__clkbuf_16)
     4    0.09    0.18    0.34    0.61 ^ clkbuf_0_clk_regs/Z (gf180mcu_fd_sc_mcu9t5v0__clkbuf_16)
                                         clknet_0_clk_regs (net)
                  0.18    0.00    0.61 ^ clkbuf_2_3_0_clk_regs/I (gf180mcu_fd_sc_mcu9t5v0__clkbuf_8)
     2    0.09    0.28    0.41    1.02 ^ clkbuf_2_3_0_clk_regs/Z (gf180mcu_fd_sc_mcu9t5v0__clkbuf_8)
                                         clknet_2_3_0_clk_regs (net)
                  0.28    0.00    1.02 ^ clkbuf_3_7__f_clk_regs/I (gf180mcu_fd_sc_mcu9t5v0__clkbuf_16)
    16    0.36    0.48    0.55    1.57 ^ clkbuf_3_7__f_clk_regs/Z (gf180mcu_fd_sc_mcu9t5v0__clkbuf_16)
                                         clknet_3_7__leaf_clk_regs (net)
                  0.48    0.00    1.57 ^ clkbuf_leaf_40_clk_regs/I (gf180mcu_fd_sc_mcu9t5v0__clkbuf_8)
    21    0.13    0.36    0.52    2.09 ^ clkbuf_leaf_40_clk_regs/Z (gf180mcu_fd_sc_mcu9t5v0__clkbuf_8)
                                         clknet_leaf_40_clk_regs (net)
                  0.36    0.00    2.09 ^ _20325_/CLK (gf180mcu_fd_sc_mcu9t5v0__dffrnq_2)
     2    0.03    0.43    1.47    3.56 ^ _20325_/Q (gf180mcu_fd_sc_mcu9t5v0__dffrnq_2)
                                         u_transform_scheduler_core.u_mixed_radix_butterfly.scalar_operand[4] (net)
                  0.43    0.00    3.56 ^ _14696_/A1 (gf180mcu_fd_sc_mcu9t5v0__and2_1)
     2    0.01    0.37    0.58    4.13 ^ _14696_/Z (gf180mcu_fd_sc_mcu9t5v0__and2_1)
                                         _08990_ (net)
                  0.37    0.00    4.13 ^ _14704_/A2 (gf180mcu_fd_sc_mcu9t5v0__xor3_1)
     3    0.02    1.12    1.78    5.92 ^ _14704_/Z (gf180mcu_fd_sc_mcu9t5v0__xor3_1)
                                         _08998_ (net)
                  1.12    0.00    5.92 ^ _14736_/A2 (gf180mcu_fd_sc_mcu9t5v0__xnor2_1)
     3    0.02    0.93    0.83    6.75 ^ _14736_/ZN (gf180mcu_fd_sc_mcu9t5v0__xnor2_1)
                                         _09030_ (net)
                  0.93    0.00    6.75 ^ _14766_/A2 (gf180mcu_fd_sc_mcu9t5v0__xor3_2)
     3    0.02    0.30    1.88    8.63 v _14766_/Z (gf180mcu_fd_sc_mcu9t5v0__xor3_2)
                                         _09060_ (net)
                  0.30    0.00    8.63 v _14790_/A3 (gf180mcu_fd_sc_mcu9t5v0__xnor3_1)
     2    0.02    1.13    0.73    9.36 ^ _14790_/ZN (gf180mcu_fd_sc_mcu9t5v0__xnor3_1)
                                         _09084_ (net)
                  1.13    0.00    9.36 ^ _14791_/A2 (gf180mcu_fd_sc_mcu9t5v0__xor2_2)
     2    0.02    0.29    0.92   10.28 v _14791_/Z (gf180mcu_fd_sc_mcu9t5v0__xor2_2)
                                         _09085_ (net)
                  0.29    0.00   10.28 v _14818_/A1 (gf180mcu_fd_sc_mcu9t5v0__oai32_2)
     2    0.02    1.49    0.87   11.15 ^ _14818_/ZN (gf180mcu_fd_sc_mcu9t5v0__oai32_2)
                                         _09112_ (net)
                  1.49    0.00   11.15 ^ _14820_/A2 (gf180mcu_fd_sc_mcu9t5v0__nand2_1)
     2    0.02    0.62    0.38   11.53 v _14820_/ZN (gf180mcu_fd_sc_mcu9t5v0__nand2_1)
                                         _09114_ (net)
                  0.62    0.00   11.53 v _14822_/A1 (gf180mcu_fd_sc_mcu9t5v0__aoi21_2)
     2    0.01    0.59    0.44   11.97 ^ _14822_/ZN (gf180mcu_fd_sc_mcu9t5v0__aoi21_2)
                                         _09116_ (net)
                  0.59    0.00   11.97 ^ _14824_/A2 (gf180mcu_fd_sc_mcu9t5v0__oai21_1)
     2    0.01    0.43    0.32   12.30 v _14824_/ZN (gf180mcu_fd_sc_mcu9t5v0__oai21_1)
                                         _09118_ (net)
                  0.43    0.00   12.30 v _14826_/A2 (gf180mcu_fd_sc_mcu9t5v0__aoi21_1)
     3    0.02    1.02    0.70   12.99 ^ _14826_/ZN (gf180mcu_fd_sc_mcu9t5v0__aoi21_1)
                                         _09120_ (net)
                  1.02    0.00   12.99 ^ _14828_/A1 (gf180mcu_fd_sc_mcu9t5v0__oai21_1)
     2    0.02    0.55    0.40   13.40 v _14828_/ZN (gf180mcu_fd_sc_mcu9t5v0__oai21_1)
                                         _09122_ (net)
                  0.55    0.00   13.40 v _14857_/A1 (gf180mcu_fd_sc_mcu9t5v0__aoi21_2)
     3    0.02    0.77    0.53   13.93 ^ _14857_/ZN (gf180mcu_fd_sc_mcu9t5v0__aoi21_2)
                                         _09151_ (net)
                  0.77    0.00   13.93 ^ _15014_/A2 (gf180mcu_fd_sc_mcu9t5v0__oai21_2)
     3    0.03    0.49    0.38   14.31 v _15014_/ZN (gf180mcu_fd_sc_mcu9t5v0__oai21_2)
                                         _09273_ (net)
                  0.49    0.00   14.31 v _15016_/A1 (gf180mcu_fd_sc_mcu9t5v0__aoi21_2)
     2    0.01    0.58    0.40   14.71 ^ _15016_/ZN (gf180mcu_fd_sc_mcu9t5v0__aoi21_2)
                                         _09275_ (net)
                  0.58    0.00   14.71 ^ _15051_/A2 (gf180mcu_fd_sc_mcu9t5v0__nor2_1)
     1    0.01    0.35    0.31   15.01 v _15051_/ZN (gf180mcu_fd_sc_mcu9t5v0__nor2_1)
                                         _09309_ (net)
                  0.35    0.00   15.01 v _15052_/A2 (gf180mcu_fd_sc_mcu9t5v0__xnor2_1)
     1    0.03    0.69    0.76   15.78 v _15052_/ZN (gf180mcu_fd_sc_mcu9t5v0__xnor2_1)
                                         _09310_ (net)
                  0.69    0.00   15.78 v place364/I (gf180mcu_fd_sc_mcu9t5v0__buf_8)
     4    0.02    0.12    0.45   16.23 v place364/Z (gf180mcu_fd_sc_mcu9t5v0__buf_8)
                                         net364 (net)
                  0.12    0.00   16.23 v _15053_/I0 (gf180mcu_fd_sc_mcu9t5v0__mux2_1)
     1    0.00    0.25    0.68   16.91 v _15053_/Z (gf180mcu_fd_sc_mcu9t5v0__mux2_1)
                                         _00679_ (net)
                  0.25    0.00   16.91 v _20264_/D (gf180mcu_fd_sc_mcu9t5v0__dffrnq_2)
                                 16.91   data arrival time

                         16.28   16.28   clock core_clk (rise edge)
                          0.00   16.28   clock source latency
     2    0.09    0.00    0.00   16.28 ^ clk (in)
                                         clk (net)
                  0.00    0.00   16.28 ^ clkbuf_regs_0_core_clk/I (gf180mcu_fd_sc_mcu9t5v0__clkbuf_16)
     1    0.05    0.14    0.28   16.55 ^ clkbuf_regs_0_core_clk/Z (gf180mcu_fd_sc_mcu9t5v0__clkbuf_16)
                                         clk_regs (net)
                  0.14    0.00   16.55 ^ clkbuf_0_clk_regs/I (gf180mcu_fd_sc_mcu9t5v0__clkbuf_16)
     4    0.09    0.18    0.34   16.89 ^ clkbuf_0_clk_regs/Z (gf180mcu_fd_sc_mcu9t5v0__clkbuf_16)
                                         clknet_0_clk_regs (net)
                  0.18    0.00   16.89 ^ clkbuf_2_3_0_clk_regs/I (gf180mcu_fd_sc_mcu9t5v0__clkbuf_8)
     2    0.09    0.28    0.41   17.30 ^ clkbuf_2_3_0_clk_regs/Z (gf180mcu_fd_sc_mcu9t5v0__clkbuf_8)
                                         clknet_2_3_0_clk_regs (net)
                  0.28    0.00   17.30 ^ clkbuf_3_7__f_clk_regs/I (gf180mcu_fd_sc_mcu9t5v0__clkbuf_16)
    16    0.36    0.48    0.55   17.85 ^ clkbuf_3_7__f_clk_regs/Z (gf180mcu_fd_sc_mcu9t5v0__clkbuf_16)
                                         clknet_3_7__leaf_clk_regs (net)
                  0.48    0.00   17.85 ^ clkbuf_leaf_44_clk_regs/I (gf180mcu_fd_sc_mcu9t5v0__clkbuf_8)
    21    0.13    0.36    0.52   18.37 ^ clkbuf_leaf_44_clk_regs/Z (gf180mcu_fd_sc_mcu9t5v0__clkbuf_8)
                                         clknet_leaf_44_clk_regs (net)
                  0.36    0.00   18.37 ^ _20264_/CLK (gf180mcu_fd_sc_mcu9t5v0__dffrnq_2)
                          0.00   18.37   clock reconvergence pessimism
                         -0.32   18.05   library setup time
                                 18.05   data required time
-----------------------------------------------------------------------------
                                 18.05   data required time
                                -16.91   data arrival time
-----------------------------------------------------------------------------
                                  1.13   slack (MET)


Startpoint: _20325_ (rising edge-triggered flip-flop clocked by core_clk)
Endpoint: _20195_ (rising edge-triggered flip-flop clocked by core_clk)
Path Group: core_clk
Path Type: max

Fanout     Cap    Slew   Delay    Time   Description
-----------------------------------------------------------------------------
                          0.00    0.00   clock core_clk (rise edge)
                          0.00    0.00   clock source latency
     2    0.09    0.00    0.00    0.00 ^ clk (in)
                                         clk (net)
                  0.00    0.00    0.00 ^ clkbuf_regs_0_core_clk/I (gf180mcu_fd_sc_mcu9t5v0__clkbuf_16)
     1    0.05    0.14    0.28    0.28 ^ clkbuf_regs_0_core_clk/Z (gf180mcu_fd_sc_mcu9t5v0__clkbuf_16)
                                         clk_regs (net)
                  0.14    0.00    0.28 ^ clkbuf_0_clk_regs/I (gf180mcu_fd_sc_mcu9t5v0__clkbuf_16)
     4    0.09    0.18    0.34    0.61 ^ clkbuf_0_clk_regs/Z (gf180mcu_fd_sc_mcu9t5v0__clkbuf_16)
                                         clknet_0_clk_regs (net)
                  0.18    0.00    0.61 ^ clkbuf_2_3_0_clk_regs/I (gf180mcu_fd_sc_mcu9t5v0__clkbuf_8)
     2    0.09    0.28    0.41    1.02 ^ clkbuf_2_3_0_clk_regs/Z (gf180mcu_fd_sc_mcu9t5v0__clkbuf_8)
                                         clknet_2_3_0_clk_regs (net)
                  0.28    0.00    1.02 ^ clkbuf_3_7__f_clk_regs/I (gf180mcu_fd_sc_mcu9t5v0__clkbuf_16)
    16    0.36    0.48    0.55    1.57 ^ clkbuf_3_7__f_clk_regs/Z (gf180mcu_fd_sc_mcu9t5v0__clkbuf_16)
                                         clknet_3_7__leaf_clk_regs (net)
                  0.48    0.00    1.57 ^ clkbuf_leaf_40_clk_regs/I (gf180mcu_fd_sc_mcu9t5v0__clkbuf_8)
    21    0.13    0.36    0.52    2.09 ^ clkbuf_leaf_40_clk_regs/Z (gf180mcu_fd_sc_mcu9t5v0__clkbuf_8)
                                         clknet_leaf_40_clk_regs (net)
                  0.36    0.00    2.09 ^ _20325_/CLK (gf180mcu_fd_sc_mcu9t5v0__dffrnq_2)
     2    0.03    0.43    1.47    3.56 ^ _20325_/Q (gf180mcu_fd_sc_mcu9t5v0__dffrnq_2)
                                         u_transform_scheduler_core.u_mixed_radix_butterfly.scalar_operand[4] (net)
                  0.43    0.00    3.56 ^ _14696_/A1 (gf180mcu_fd_sc_mcu9t5v0__and2_1)
     2    0.01    0.37    0.58    4.13 ^ _14696_/Z (gf180mcu_fd_sc_mcu9t5v0__and2_1)
                                         _08990_ (net)
                  0.37    0.00    4.13 ^ _14704_/A2 (gf180mcu_fd_sc_mcu9t5v0__xor3_1)
     3    0.02    1.12    1.78    5.92 ^ _14704_/Z (gf180mcu_fd_sc_mcu9t5v0__xor3_1)
                                         _08998_ (net)
                  1.12    0.00    5.92 ^ _14736_/A2 (gf180mcu_fd_sc_mcu9t5v0__xnor2_1)
     3    0.02    0.93    0.83    6.75 ^ _14736_/ZN (gf180mcu_fd_sc_mcu9t5v0__xnor2_1)
                                         _09030_ (net)
                  0.93    0.00    6.75 ^ _14766_/A2 (gf180mcu_fd_sc_mcu9t5v0__xor3_2)
     3    0.02    0.30    1.88    8.63 v _14766_/Z (gf180mcu_fd_sc_mcu9t5v0__xor3_2)
                                         _09060_ (net)
                  0.30    0.00    8.63 v _14790_/A3 (gf180mcu_fd_sc_mcu9t5v0__xnor3_1)
     2    0.02    1.13    0.73    9.36 ^ _14790_/ZN (gf180mcu_fd_sc_mcu9t5v0__xnor3_1)
                                         _09084_ (net)
                  1.13    0.00    9.36 ^ _14791_/A2 (gf180mcu_fd_sc_mcu9t5v0__xor2_2)
     2    0.02    0.29    0.92   10.28 v _14791_/Z (gf180mcu_fd_sc_mcu9t5v0__xor2_2)
                                         _09085_ (net)
                  0.29    0.00   10.28 v _14818_/A1 (gf180mcu_fd_sc_mcu9t5v0__oai32_2)
     2    0.02    1.49    0.87   11.15 ^ _14818_/ZN (gf180mcu_fd_sc_mcu9t5v0__oai32_2)
                                         _09112_ (net)
                  1.49    0.00   11.15 ^ _14820_/A2 (gf180mcu_fd_sc_mcu9t5v0__nand2_1)
     2    0.02    0.62    0.38   11.53 v _14820_/ZN (gf180mcu_fd_sc_mcu9t5v0__nand2_1)
                                         _09114_ (net)
                  0.62    0.00   11.53 v _14822_/A1 (gf180mcu_fd_sc_mcu9t5v0__aoi21_2)
     2    0.01    0.59    0.44   11.97 ^ _14822_/ZN (gf180mcu_fd_sc_mcu9t5v0__aoi21_2)
                                         _09116_ (net)
                  0.59    0.00   11.97 ^ _14824_/A2 (gf180mcu_fd_sc_mcu9t5v0__oai21_1)
     2    0.01    0.43    0.32   12.30 v _14824_/ZN (gf180mcu_fd_sc_mcu9t5v0__oai21_1)
                                         _09118_ (net)
                  0.43    0.00   12.30 v _14826_/A2 (gf180mcu_fd_sc_mcu9t5v0__aoi21_1)
     3    0.02    1.02    0.70   12.99 ^ _14826_/ZN (gf180mcu_fd_sc_mcu9t5v0__aoi21_1)
                                         _09120_ (net)
                  1.02    0.00   12.99 ^ _14828_/A1 (gf180mcu_fd_sc_mcu9t5v0__oai21_1)
     2    0.02    0.55    0.40   13.40 v _14828_/ZN (gf180mcu_fd_sc_mcu9t5v0__oai21_1)
                                         _09122_ (net)
                  0.55    0.00   13.40 v _14857_/A1 (gf180mcu_fd_sc_mcu9t5v0__aoi21_2)
     3    0.02    0.77    0.53   13.93 ^ _14857_/ZN (gf180mcu_fd_sc_mcu9t5v0__aoi21_2)
                                         _09151_ (net)
                  0.77    0.00   13.93 ^ _15014_/A2 (gf180mcu_fd_sc_mcu9t5v0__oai21_2)
     3    0.03    0.49    0.38   14.31 v _15014_/ZN (gf180mcu_fd_sc_mcu9t5v0__oai21_2)
                                         _09273_ (net)
                  0.49    0.00   14.31 v _15016_/A1 (gf180mcu_fd_sc_mcu9t5v0__aoi21_2)
     2    0.01    0.58    0.40   14.71 ^ _15016_/ZN (gf180mcu_fd_sc_mcu9t5v0__aoi21_2)
                                         _09275_ (net)
                  0.58    0.00   14.71 ^ _15051_/A2 (gf180mcu_fd_sc_mcu9t5v0__nor2_1)
     1    0.01    0.35    0.31   15.01 v _15051_/ZN (gf180mcu_fd_sc_mcu9t5v0__nor2_1)
                                         _09309_ (net)
                  0.35    0.00   15.01 v _15052_/A2 (gf180mcu_fd_sc_mcu9t5v0__xnor2_1)
     1    0.03    0.69    0.76   15.78 v _15052_/ZN (gf180mcu_fd_sc_mcu9t5v0__xnor2_1)
                                         _09310_ (net)
                  0.69    0.00   15.78 v place364/I (gf180mcu_fd_sc_mcu9t5v0__buf_8)
     4    0.02    0.12    0.45   16.23 v place364/Z (gf180mcu_fd_sc_mcu9t5v0__buf_8)
                                         net364 (net)
                  0.12    0.00   16.23 v _15139_/I0 (gf180mcu_fd_sc_mcu9t5v0__mux2_1)
     1    0.00    0.25    0.68   16.91 v _15139_/Z (gf180mcu_fd_sc_mcu9t5v0__mux2_1)
                                         _00745_ (net)
                  0.25    0.00   16.91 v _20195_/D (gf180mcu_fd_sc_mcu9t5v0__dffrnq_2)
                                 16.91   data arrival time

                         16.28   16.28   clock core_clk (rise edge)
                          0.00   16.28   clock source latency
     2    0.09    0.00    0.00   16.28 ^ clk (in)
                                         clk (net)
                  0.00    0.00   16.28 ^ clkbuf_regs_0_core_clk/I (gf180mcu_fd_sc_mcu9t5v0__clkbuf_16)
     1    0.05    0.14    0.28   16.55 ^ clkbuf_regs_0_core_clk/Z (gf180mcu_fd_sc_mcu9t5v0__clkbuf_16)
                                         clk_regs (net)
                  0.14    0.00   16.55 ^ clkbuf_0_clk_regs/I (gf180mcu_fd_sc_mcu9t5v0__clkbuf_16)
     4    0.09    0.18    0.34   16.89 ^ clkbuf_0_clk_regs/Z (gf180mcu_fd_sc_mcu9t5v0__clkbuf_16)
                                         clknet_0_clk_regs (net)
                  0.18    0.00   16.89 ^ clkbuf_2_3_0_clk_regs/I (gf180mcu_fd_sc_mcu9t5v0__clkbuf_8)
     2    0.09    0.28    0.41   17.30 ^ clkbuf_2_3_0_clk_regs/Z (gf180mcu_fd_sc_mcu9t5v0__clkbuf_8)
                                         clknet_2_3_0_clk_regs (net)
                  0.28    0.00   17.30 ^ clkbuf_3_7__f_clk_regs/I (gf180mcu_fd_sc_mcu9t5v0__clkbuf_16)
    16    0.36    0.48    0.55   17.85 ^ clkbuf_3_7__f_clk_regs/Z (gf180mcu_fd_sc_mcu9t5v0__clkbuf_16)
                                         clknet_3_7__leaf_clk_regs (net)
                  0.48    0.00   17.85 ^ clkbuf_leaf_42_clk_regs/I (gf180mcu_fd_sc_mcu9t5v0__clkbuf_8)
    22    0.13    0.36    0.52   18.37 ^ clkbuf_leaf_42_clk_regs/Z (gf180mcu_fd_sc_mcu9t5v0__clkbuf_8)
                                         clknet_leaf_42_clk_regs (net)
                  0.36    0.00   18.37 ^ _20195_/CLK (gf180mcu_fd_sc_mcu9t5v0__dffrnq_2)
                          0.00   18.37   clock reconvergence pessimism
                         -0.32   18.05   library setup time
                                 18.05   data required time
-----------------------------------------------------------------------------
                                 18.05   data required time
                                -16.91   data arrival time
-----------------------------------------------------------------------------
                                  1.14   slack (MET)


Startpoint: _20325_ (rising edge-triggered flip-flop clocked by core_clk)
Endpoint: _20213_ (rising edge-triggered flip-flop clocked by core_clk)
Path Group: core_clk
Path Type: max

Fanout     Cap    Slew   Delay    Time   Description
-----------------------------------------------------------------------------
                          0.00    0.00   clock core_clk (rise edge)
                          0.00    0.00   clock source latency
     2    0.09    0.00    0.00    0.00 ^ clk (in)
                                         clk (net)
                  0.00    0.00    0.00 ^ clkbuf_regs_0_core_clk/I (gf180mcu_fd_sc_mcu9t5v0__clkbuf_16)
     1    0.05    0.14    0.28    0.28 ^ clkbuf_regs_0_core_clk/Z (gf180mcu_fd_sc_mcu9t5v0__clkbuf_16)
                                         clk_regs (net)
                  0.14    0.00    0.28 ^ clkbuf_0_clk_regs/I (gf180mcu_fd_sc_mcu9t5v0__clkbuf_16)
     4    0.09    0.18    0.34    0.61 ^ clkbuf_0_clk_regs/Z (gf180mcu_fd_sc_mcu9t5v0__clkbuf_16)
                                         clknet_0_clk_regs (net)
                  0.18    0.00    0.61 ^ clkbuf_2_3_0_clk_regs/I (gf180mcu_fd_sc_mcu9t5v0__clkbuf_8)
     2    0.09    0.28    0.41    1.02 ^ clkbuf_2_3_0_clk_regs/Z (gf180mcu_fd_sc_mcu9t5v0__clkbuf_8)
                                         clknet_2_3_0_clk_regs (net)
                  0.28    0.00    1.02 ^ clkbuf_3_7__f_clk_regs/I (gf180mcu_fd_sc_mcu9t5v0__clkbuf_16)
    16    0.36    0.48    0.55    1.57 ^ clkbuf_3_7__f_clk_regs/Z (gf180mcu_fd_sc_mcu9t5v0__clkbuf_16)
                                         clknet_3_7__leaf_clk_regs (net)
                  0.48    0.00    1.57 ^ clkbuf_leaf_40_clk_regs/I (gf180mcu_fd_sc_mcu9t5v0__clkbuf_8)
    21    0.13    0.36    0.52    2.09 ^ clkbuf_leaf_40_clk_regs/Z (gf180mcu_fd_sc_mcu9t5v0__clkbuf_8)
                                         clknet_leaf_40_clk_regs (net)
                  0.36    0.00    2.09 ^ _20325_/CLK (gf180mcu_fd_sc_mcu9t5v0__dffrnq_2)
     2    0.03    0.43    1.47    3.56 ^ _20325_/Q (gf180mcu_fd_sc_mcu9t5v0__dffrnq_2)
                                         u_transform_scheduler_core.u_mixed_radix_butterfly.scalar_operand[4] (net)
                  0.43    0.00    3.56 ^ _14696_/A1 (gf180mcu_fd_sc_mcu9t5v0__and2_1)
     2    0.01    0.37    0.58    4.13 ^ _14696_/Z (gf180mcu_fd_sc_mcu9t5v0__and2_1)
                                         _08990_ (net)
                  0.37    0.00    4.13 ^ _14704_/A2 (gf180mcu_fd_sc_mcu9t5v0__xor3_1)
     3    0.02    1.12    1.78    5.92 ^ _14704_/Z (gf180mcu_fd_sc_mcu9t5v0__xor3_1)
                                         _08998_ (net)
                  1.12    0.00    5.92 ^ _14736_/A2 (gf180mcu_fd_sc_mcu9t5v0__xnor2_1)
     3    0.02    0.93    0.83    6.75 ^ _14736_/ZN (gf180mcu_fd_sc_mcu9t5v0__xnor2_1)
                                         _09030_ (net)
                  0.93    0.00    6.75 ^ _14766_/A2 (gf180mcu_fd_sc_mcu9t5v0__xor3_2)
     3    0.02    0.30    1.88    8.63 v _14766_/Z (gf180mcu_fd_sc_mcu9t5v0__xor3_2)
                                         _09060_ (net)
                  0.30    0.00    8.63 v _14790_/A3 (gf180mcu_fd_sc_mcu9t5v0__xnor3_1)
     2    0.02    1.13    0.73    9.36 ^ _14790_/ZN (gf180mcu_fd_sc_mcu9t5v0__xnor3_1)
                                         _09084_ (net)
                  1.13    0.00    9.36 ^ _14791_/A2 (gf180mcu_fd_sc_mcu9t5v0__xor2_2)
     2    0.02    0.29    0.92   10.28 v _14791_/Z (gf180mcu_fd_sc_mcu9t5v0__xor2_2)
                                         _09085_ (net)
                  0.29    0.00   10.28 v _14818_/A1 (gf180mcu_fd_sc_mcu9t5v0__oai32_2)
     2    0.02    1.49    0.87   11.15 ^ _14818_/ZN (gf180mcu_fd_sc_mcu9t5v0__oai32_2)
                                         _09112_ (net)
                  1.49    0.00   11.15 ^ _14820_/A2 (gf180mcu_fd_sc_mcu9t5v0__nand2_1)
     2    0.02    0.62    0.38   11.53 v _14820_/ZN (gf180mcu_fd_sc_mcu9t5v0__nand2_1)
                                         _09114_ (net)
                  0.62    0.00   11.53 v _14822_/A1 (gf180mcu_fd_sc_mcu9t5v0__aoi21_2)
     2    0.01    0.59    0.44   11.97 ^ _14822_/ZN (gf180mcu_fd_sc_mcu9t5v0__aoi21_2)
                                         _09116_ (net)
                  0.59    0.00   11.97 ^ _14824_/A2 (gf180mcu_fd_sc_mcu9t5v0__oai21_1)
     2    0.01    0.43    0.32   12.30 v _14824_/ZN (gf180mcu_fd_sc_mcu9t5v0__oai21_1)
                                         _09118_ (net)
                  0.43    0.00   12.30 v _14826_/A2 (gf180mcu_fd_sc_mcu9t5v0__aoi21_1)
     3    0.02    1.02    0.70   12.99 ^ _14826_/ZN (gf180mcu_fd_sc_mcu9t5v0__aoi21_1)
                                         _09120_ (net)
                  1.02    0.00   12.99 ^ _14828_/A1 (gf180mcu_fd_sc_mcu9t5v0__oai21_1)
     2    0.02    0.55    0.40   13.40 v _14828_/ZN (gf180mcu_fd_sc_mcu9t5v0__oai21_1)
                                         _09122_ (net)
                  0.55    0.00   13.40 v _14857_/A1 (gf180mcu_fd_sc_mcu9t5v0__aoi21_2)
     3    0.02    0.77    0.53   13.93 ^ _14857_/ZN (gf180mcu_fd_sc_mcu9t5v0__aoi21_2)
                                         _09151_ (net)
                  0.77    0.00   13.93 ^ _15014_/A2 (gf180mcu_fd_sc_mcu9t5v0__oai21_2)
     3    0.03    0.49    0.38   14.31 v _15014_/ZN (gf180mcu_fd_sc_mcu9t5v0__oai21_2)
                                         _09273_ (net)
                  0.49    0.00   14.31 v _15016_/A1 (gf180mcu_fd_sc_mcu9t5v0__aoi21_2)
     2    0.01    0.58    0.40   14.71 ^ _15016_/ZN (gf180mcu_fd_sc_mcu9t5v0__aoi21_2)
                                         _09275_ (net)
                  0.58    0.00   14.71 ^ _15051_/A2 (gf180mcu_fd_sc_mcu9t5v0__nor2_1)
     1    0.01    0.35    0.31   15.01 v _15051_/ZN (gf180mcu_fd_sc_mcu9t5v0__nor2_1)
                                         _09309_ (net)
                  0.35    0.00   15.01 v _15052_/A2 (gf180mcu_fd_sc_mcu9t5v0__xnor2_1)
     1    0.03    0.69    0.76   15.78 v _15052_/ZN (gf180mcu_fd_sc_mcu9t5v0__xnor2_1)
                                         _09310_ (net)
                  0.69    0.00   15.78 v place364/I (gf180mcu_fd_sc_mcu9t5v0__buf_8)
     4    0.02    0.12    0.45   16.23 v place364/Z (gf180mcu_fd_sc_mcu9t5v0__buf_8)
                                         net364 (net)
                  0.12    0.00   16.23 v _15117_/I0 (gf180mcu_fd_sc_mcu9t5v0__mux2_1)
     1    0.00    0.25    0.68   16.91 v _15117_/Z (gf180mcu_fd_sc_mcu9t5v0__mux2_1)
                                         _00728_ (net)
                  0.25    0.00   16.91 v _20213_/D (gf180mcu_fd_sc_mcu9t5v0__dffrnq_2)
                                 16.91   data arrival time

                         16.28   16.28   clock core_clk (rise edge)
                          0.00   16.28   clock source latency
     2    0.09    0.00    0.00   16.28 ^ clk (in)
                                         clk (net)
                  0.00    0.00   16.28 ^ clkbuf_regs_0_core_clk/I (gf180mcu_fd_sc_mcu9t5v0__clkbuf_16)
     1    0.05    0.14    0.28   16.55 ^ clkbuf_regs_0_core_clk/Z (gf180mcu_fd_sc_mcu9t5v0__clkbuf_16)
                                         clk_regs (net)
                  0.14    0.00   16.55 ^ clkbuf_0_clk_regs/I (gf180mcu_fd_sc_mcu9t5v0__clkbuf_16)
     4    0.09    0.18    0.34   16.89 ^ clkbuf_0_clk_regs/Z (gf180mcu_fd_sc_mcu9t5v0__clkbuf_16)
                                         clknet_0_clk_regs (net)
                  0.18    0.00   16.89 ^ clkbuf_2_3_0_clk_regs/I (gf180mcu_fd_sc_mcu9t5v0__clkbuf_8)
     2    0.09    0.28    0.41   17.30 ^ clkbuf_2_3_0_clk_regs/Z (gf180mcu_fd_sc_mcu9t5v0__clkbuf_8)
                                         clknet_2_3_0_clk_regs (net)
                  0.28    0.00   17.30 ^ clkbuf_3_7__f_clk_regs/I (gf180mcu_fd_sc_mcu9t5v0__clkbuf_16)
    16    0.36    0.48    0.55   17.85 ^ clkbuf_3_7__f_clk_regs/Z (gf180mcu_fd_sc_mcu9t5v0__clkbuf_16)
                                         clknet_3_7__leaf_clk_regs (net)
                  0.48    0.00   17.85 ^ clkbuf_leaf_42_clk_regs/I (gf180mcu_fd_sc_mcu9t5v0__clkbuf_8)
    22    0.13    0.36    0.52   18.37 ^ clkbuf_leaf_42_clk_regs/Z (gf180mcu_fd_sc_mcu9t5v0__clkbuf_8)
                                         clknet_leaf_42_clk_regs (net)
                  0.36    0.00   18.37 ^ _20213_/CLK (gf180mcu_fd_sc_mcu9t5v0__dffrnq_2)
                          0.00   18.37   clock reconvergence pessimism
                         -0.32   18.05   library setup time
                                 18.05   data required time
-----------------------------------------------------------------------------
                                 18.05   data required time
                                -16.91   data arrival time
-----------------------------------------------------------------------------
                                  1.14   slack (MET)


Startpoint: _20287_ (rising edge-triggered flip-flop clocked by core_clk)
Endpoint: _20215_ (rising edge-triggered flip-flop clocked by core_clk)
Path Group: core_clk
Path Type: max

Fanout     Cap    Slew   Delay    Time   Description
-----------------------------------------------------------------------------
                          0.00    0.00   clock core_clk (rise edge)
                          0.00    0.00   clock source latency
     2    0.09    0.00    0.00    0.00 ^ clk (in)
                                         clk (net)
                  0.00    0.00    0.00 ^ clkbuf_regs_0_core_clk/I (gf180mcu_fd_sc_mcu9t5v0__clkbuf_16)
     1    0.05    0.14    0.28    0.28 ^ clkbuf_regs_0_core_clk/Z (gf180mcu_fd_sc_mcu9t5v0__clkbuf_16)
                                         clk_regs (net)
                  0.14    0.00    0.28 ^ clkbuf_0_clk_regs/I (gf180mcu_fd_sc_mcu9t5v0__clkbuf_16)
     4    0.09    0.18    0.34    0.61 ^ clkbuf_0_clk_regs/Z (gf180mcu_fd_sc_mcu9t5v0__clkbuf_16)
                                         clknet_0_clk_regs (net)
                  0.18    0.00    0.61 ^ clkbuf_2_3_0_clk_regs/I (gf180mcu_fd_sc_mcu9t5v0__clkbuf_8)
     2    0.09    0.28    0.41    1.02 ^ clkbuf_2_3_0_clk_regs/Z (gf180mcu_fd_sc_mcu9t5v0__clkbuf_8)
                                         clknet_2_3_0_clk_regs (net)
                  0.28    0.00    1.02 ^ clkbuf_3_7__f_clk_regs/I (gf180mcu_fd_sc_mcu9t5v0__clkbuf_16)
    16    0.36    0.48    0.55    1.57 ^ clkbuf_3_7__f_clk_regs/Z (gf180mcu_fd_sc_mcu9t5v0__clkbuf_16)
                                         clknet_3_7__leaf_clk_regs (net)
                  0.48    0.00    1.57 ^ clkbuf_leaf_47_clk_regs/I (gf180mcu_fd_sc_mcu9t5v0__clkbuf_8)
    24    0.13    0.36    0.52    2.09 ^ clkbuf_leaf_47_clk_regs/Z (gf180mcu_fd_sc_mcu9t5v0__clkbuf_8)
                                         clknet_leaf_47_clk_regs (net)
                  0.36    0.00    2.09 ^ _20287_/CLK (gf180mcu_fd_sc_mcu9t5v0__dffrnq_2)
     4    0.07    0.75    1.68    3.77 ^ _20287_/Q (gf180mcu_fd_sc_mcu9t5v0__dffrnq_2)
                                         u_transform_scheduler_core.u_mixed_radix_butterfly.scalar_coefficient[4] (net)
                  0.75    0.00    3.77 ^ place645/I (gf180mcu_fd_sc_mcu9t5v0__buf_8)
    11    0.07    0.24    0.40    4.16 ^ place645/Z (gf180mcu_fd_sc_mcu9t5v0__buf_8)
                                         net645 (net)
                  0.24    0.00    4.16 ^ _14661_/A4 (gf180mcu_fd_sc_mcu9t5v0__and4_1)
     3    0.02    0.52    0.96    5.12 ^ _14661_/Z (gf180mcu_fd_sc_mcu9t5v0__and4_1)
                                         _08955_ (net)
                  0.52    0.00    5.12 ^ _14664_/A2 (gf180mcu_fd_sc_mcu9t5v0__nor3_1)
     1    0.01    0.44    0.29    5.41 v _14664_/ZN (gf180mcu_fd_sc_mcu9t5v0__nor3_1)
                                         _08958_ (net)
                  0.44    0.00    5.41 v _14665_/A1 (gf180mcu_fd_sc_mcu9t5v0__nor2_1)
     2    0.02    0.81    0.58    5.99 ^ _14665_/ZN (gf180mcu_fd_sc_mcu9t5v0__nor2_1)
                                         _08959_ (net)
                  0.81    0.00    5.99 ^ _14668_/A1 (gf180mcu_fd_sc_mcu9t5v0__xnor2_1)
     2    0.02    0.83    0.73    6.72 ^ _14668_/ZN (gf180mcu_fd_sc_mcu9t5v0__xnor2_1)
                                         _08962_ (net)
                  0.83    0.00    6.72 ^ _14669_/A2 (gf180mcu_fd_sc_mcu9t5v0__xor2_1)
     2    0.01    0.85    0.76    7.48 ^ _14669_/Z (gf180mcu_fd_sc_mcu9t5v0__xor2_1)
                                         _08963_ (net)
                  0.85    0.00    7.48 ^ _14714_/A2 (gf180mcu_fd_sc_mcu9t5v0__xor3_1)
     2    0.02    1.00    1.75    9.22 ^ _14714_/Z (gf180mcu_fd_sc_mcu9t5v0__xor3_1)
                                         _09008_ (net)
                  1.00    0.00    9.22 ^ _14718_/A2 (gf180mcu_fd_sc_mcu9t5v0__xnor2_1)
     2    0.02    0.78    0.77   10.00 ^ _14718_/ZN (gf180mcu_fd_sc_mcu9t5v0__xnor2_1)
                                         _09012_ (net)
                  0.78    0.00   10.00 ^ _14748_/A1 (gf180mcu_fd_sc_mcu9t5v0__xnor2_1)
     2    0.02    0.85    0.73   10.73 ^ _14748_/ZN (gf180mcu_fd_sc_mcu9t5v0__xnor2_1)
                                         _09042_ (net)
                  0.85    0.00   10.73 ^ _14821_/A1 (gf180mcu_fd_sc_mcu9t5v0__xnor2_1)
     2    0.02    1.05    0.79   11.52 ^ _14821_/ZN (gf180mcu_fd_sc_mcu9t5v0__xnor2_1)
                                         _09115_ (net)
                  1.05    0.00   11.52 ^ _14822_/B (gf180mcu_fd_sc_mcu9t5v0__aoi21_2)
     2    0.01    0.51    0.38   11.90 v _14822_/ZN (gf180mcu_fd_sc_mcu9t5v0__aoi21_2)
                                         _09116_ (net)
                  0.51    0.00   11.90 v _14824_/A2 (gf180mcu_fd_sc_mcu9t5v0__oai21_1)
     2    0.01    0.63    0.50   12.40 ^ _14824_/ZN (gf180mcu_fd_sc_mcu9t5v0__oai21_1)
                                         _09118_ (net)
                  0.63    0.00   12.40 ^ _14826_/A2 (gf180mcu_fd_sc_mcu9t5v0__aoi21_1)
     3    0.02    0.54    0.35   12.75 v _14826_/ZN (gf180mcu_fd_sc_mcu9t5v0__aoi21_1)
                                         _09120_ (net)
                  0.54    0.00   12.75 v _14828_/A1 (gf180mcu_fd_sc_mcu9t5v0__oai21_1)
     2    0.02    0.86    0.65   13.40 ^ _14828_/ZN (gf180mcu_fd_sc_mcu9t5v0__oai21_1)
                                         _09122_ (net)
                  0.86    0.00   13.40 ^ _14857_/A1 (gf180mcu_fd_sc_mcu9t5v0__aoi21_2)
     3    0.02    0.54    0.32   13.71 v _14857_/ZN (gf180mcu_fd_sc_mcu9t5v0__aoi21_2)
                                         _09151_ (net)
                  0.54    0.00   13.71 v _15014_/A2 (gf180mcu_fd_sc_mcu9t5v0__oai21_2)
     3    0.03    0.73    0.57   14.28 ^ _15014_/ZN (gf180mcu_fd_sc_mcu9t5v0__oai21_2)
                                         _09273_ (net)
                  0.73    0.00   14.28 ^ _15016_/A1 (gf180mcu_fd_sc_mcu9t5v0__aoi21_2)
     2    0.01    0.54    0.23   14.51 v _15016_/ZN (gf180mcu_fd_sc_mcu9t5v0__aoi21_2)
                                         _09275_ (net)
                  0.54    0.00   14.51 v _15018_/A2 (gf180mcu_fd_sc_mcu9t5v0__oai21_1)
     2    0.01    0.63    0.51   15.02 ^ _15018_/ZN (gf180mcu_fd_sc_mcu9t5v0__oai21_1)
                                         _09277_ (net)
                  0.63    0.00   15.02 ^ _15045_/A1 (gf180mcu_fd_sc_mcu9t5v0__aoi21_1)
     2    0.02    0.56    0.38   15.40 v _15045_/ZN (gf180mcu_fd_sc_mcu9t5v0__aoi21_1)
                                         _09304_ (net)
                  0.56    0.00   15.40 v _18755_/A1 (gf180mcu_fd_sc_mcu9t5v0__or2_2)
     1    0.03    0.30    0.73   16.13 v _18755_/Z (gf180mcu_fd_sc_mcu9t5v0__or2_2)
                                         _04238_ (net)
                  0.30    0.00   16.13 v place309/I (gf180mcu_fd_sc_mcu9t5v0__buf_8)
     4    0.03    0.12    0.35   16.48 v place309/Z (gf180mcu_fd_sc_mcu9t5v0__buf_8)
                                         net309 (net)
                  0.12    0.00   16.48 v _18759_/A2 (gf180mcu_fd_sc_mcu9t5v0__oai21_1)
     1    0.00    0.40    0.30   16.79 ^ _18759_/ZN (gf180mcu_fd_sc_mcu9t5v0__oai21_1)
                                         _01873_ (net)
                  0.40    0.00   16.79 ^ _20215_/D (gf180mcu_fd_sc_mcu9t5v0__dffrnq_2)
                                 16.79   data arrival time

                         16.28   16.28   clock core_clk (rise edge)
                          0.00   16.28   clock source latency
     2    0.09    0.00    0.00   16.28 ^ clk (in)
                                         clk (net)
                  0.00    0.00   16.28 ^ clkbuf_regs_0_core_clk/I (gf180mcu_fd_sc_mcu9t5v0__clkbuf_16)
     1    0.05    0.14    0.28   16.55 ^ clkbuf_regs_0_core_clk/Z (gf180mcu_fd_sc_mcu9t5v0__clkbuf_16)
                                         clk_regs (net)
                  0.14    0.00   16.55 ^ clkbuf_0_clk_regs/I (gf180mcu_fd_sc_mcu9t5v0__clkbuf_16)
     4    0.09    0.18    0.34   16.89 ^ clkbuf_0_clk_regs/Z (gf180mcu_fd_sc_mcu9t5v0__clkbuf_16)
                                         clknet_0_clk_regs (net)
                  0.18    0.00   16.89 ^ clkbuf_2_3_0_clk_regs/I (gf180mcu_fd_sc_mcu9t5v0__clkbuf_8)
     2    0.09    0.28    0.41   17.30 ^ clkbuf_2_3_0_clk_regs/Z (gf180mcu_fd_sc_mcu9t5v0__clkbuf_8)
                                         clknet_2_3_0_clk_regs (net)
                  0.28    0.00   17.30 ^ clkbuf_3_7__f_clk_regs/I (gf180mcu_fd_sc_mcu9t5v0__clkbuf_16)
    16    0.36    0.48    0.55   17.85 ^ clkbuf_3_7__f_clk_regs/Z (gf180mcu_fd_sc_mcu9t5v0__clkbuf_16)
                                         clknet_3_7__leaf_clk_regs (net)
                  0.48    0.00   17.85 ^ clkbuf_leaf_43_clk_regs/I (gf180mcu_fd_sc_mcu9t5v0__clkbuf_8)
    21    0.13    0.36    0.52   18.37 ^ clkbuf_leaf_43_clk_regs/Z (gf180mcu_fd_sc_mcu9t5v0__clkbuf_8)
                                         clknet_leaf_43_clk_regs (net)
                  0.36    0.00   18.37 ^ _20215_/CLK (gf180mcu_fd_sc_mcu9t5v0__dffrnq_2)
                          0.00   18.37   clock reconvergence pessimism
                         -0.41   17.96   library setup time
                                 17.96   data required time
-----------------------------------------------------------------------------
                                 17.96   data required time
                                -16.79   data arrival time
-----------------------------------------------------------------------------
                                  1.17   slack (MET)


Startpoint: _20287_ (rising edge-triggered flip-flop clocked by core_clk)
Endpoint: _20197_ (rising edge-triggered flip-flop clocked by core_clk)
Path Group: core_clk
Path Type: max

Fanout     Cap    Slew   Delay    Time   Description
-----------------------------------------------------------------------------
                          0.00    0.00   clock core_clk (rise edge)
                          0.00    0.00   clock source latency
     2    0.09    0.00    0.00    0.00 ^ clk (in)
                                         clk (net)
                  0.00    0.00    0.00 ^ clkbuf_regs_0_core_clk/I (gf180mcu_fd_sc_mcu9t5v0__clkbuf_16)
     1    0.05    0.14    0.28    0.28 ^ clkbuf_regs_0_core_clk/Z (gf180mcu_fd_sc_mcu9t5v0__clkbuf_16)
                                         clk_regs (net)
                  0.14    0.00    0.28 ^ clkbuf_0_clk_regs/I (gf180mcu_fd_sc_mcu9t5v0__clkbuf_16)
     4    0.09    0.18    0.34    0.61 ^ clkbuf_0_clk_regs/Z (gf180mcu_fd_sc_mcu9t5v0__clkbuf_16)
                                         clknet_0_clk_regs (net)
                  0.18    0.00    0.61 ^ clkbuf_2_3_0_clk_regs/I (gf180mcu_fd_sc_mcu9t5v0__clkbuf_8)
     2    0.09    0.28    0.41    1.02 ^ clkbuf_2_3_0_clk_regs/Z (gf180mcu_fd_sc_mcu9t5v0__clkbuf_8)
                                         clknet_2_3_0_clk_regs (net)
                  0.28    0.00    1.02 ^ clkbuf_3_7__f_clk_regs/I (gf180mcu_fd_sc_mcu9t5v0__clkbuf_16)
    16    0.36    0.48    0.55    1.57 ^ clkbuf_3_7__f_clk_regs/Z (gf180mcu_fd_sc_mcu9t5v0__clkbuf_16)
                                         clknet_3_7__leaf_clk_regs (net)
                  0.48    0.00    1.57 ^ clkbuf_leaf_47_clk_regs/I (gf180mcu_fd_sc_mcu9t5v0__clkbuf_8)
    24    0.13    0.36    0.52    2.09 ^ clkbuf_leaf_47_clk_regs/Z (gf180mcu_fd_sc_mcu9t5v0__clkbuf_8)
                                         clknet_leaf_47_clk_regs (net)
                  0.36    0.00    2.09 ^ _20287_/CLK (gf180mcu_fd_sc_mcu9t5v0__dffrnq_2)
     4    0.07    0.75    1.68    3.77 ^ _20287_/Q (gf180mcu_fd_sc_mcu9t5v0__dffrnq_2)
                                         u_transform_scheduler_core.u_mixed_radix_butterfly.scalar_coefficient[4] (net)
                  0.75    0.00    3.77 ^ place645/I (gf180mcu_fd_sc_mcu9t5v0__buf_8)
    11    0.07    0.24    0.40    4.16 ^ place645/Z (gf180mcu_fd_sc_mcu9t5v0__buf_8)
                                         net645 (net)
                  0.24    0.00    4.16 ^ _14661_/A4 (gf180mcu_fd_sc_mcu9t5v0__and4_1)
     3    0.02    0.52    0.96    5.12 ^ _14661_/Z (gf180mcu_fd_sc_mcu9t5v0__and4_1)
                                         _08955_ (net)
                  0.52    0.00    5.12 ^ _14664_/A2 (gf180mcu_fd_sc_mcu9t5v0__nor3_1)
     1    0.01    0.44    0.29    5.41 v _14664_/ZN (gf180mcu_fd_sc_mcu9t5v0__nor3_1)
                                         _08958_ (net)
                  0.44    0.00    5.41 v _14665_/A1 (gf180mcu_fd_sc_mcu9t5v0__nor2_1)
     2    0.02    0.81    0.58    5.99 ^ _14665_/ZN (gf180mcu_fd_sc_mcu9t5v0__nor2_1)
                                         _08959_ (net)
                  0.81    0.00    5.99 ^ _14668_/A1 (gf180mcu_fd_sc_mcu9t5v0__xnor2_1)
     2    0.02    0.83    0.73    6.72 ^ _14668_/ZN (gf180mcu_fd_sc_mcu9t5v0__xnor2_1)
                                         _08962_ (net)
                  0.83    0.00    6.72 ^ _14669_/A2 (gf180mcu_fd_sc_mcu9t5v0__xor2_1)
     2    0.01    0.85    0.76    7.48 ^ _14669_/Z (gf180mcu_fd_sc_mcu9t5v0__xor2_1)
                                         _08963_ (net)
                  0.85    0.00    7.48 ^ _14714_/A2 (gf180mcu_fd_sc_mcu9t5v0__xor3_1)
     2    0.02    1.00    1.75    9.22 ^ _14714_/Z (gf180mcu_fd_sc_mcu9t5v0__xor3_1)
                                         _09008_ (net)
                  1.00    0.00    9.22 ^ _14718_/A2 (gf180mcu_fd_sc_mcu9t5v0__xnor2_1)
     2    0.02    0.78    0.77   10.00 ^ _14718_/ZN (gf180mcu_fd_sc_mcu9t5v0__xnor2_1)
                                         _09012_ (net)
                  0.78    0.00   10.00 ^ _14748_/A1 (gf180mcu_fd_sc_mcu9t5v0__xnor2_1)
     2    0.02    0.85    0.73   10.73 ^ _14748_/ZN (gf180mcu_fd_sc_mcu9t5v0__xnor2_1)
                                         _09042_ (net)
                  0.85    0.00   10.73 ^ _14821_/A1 (gf180mcu_fd_sc_mcu9t5v0__xnor2_1)
     2    0.02    1.05    0.79   11.52 ^ _14821_/ZN (gf180mcu_fd_sc_mcu9t5v0__xnor2_1)
                                         _09115_ (net)
                  1.05    0.00   11.52 ^ _14822_/B (gf180mcu_fd_sc_mcu9t5v0__aoi21_2)
     2    0.01    0.51    0.38   11.90 v _14822_/ZN (gf180mcu_fd_sc_mcu9t5v0__aoi21_2)
                                         _09116_ (net)
                  0.51    0.00   11.90 v _14824_/A2 (gf180mcu_fd_sc_mcu9t5v0__oai21_1)
     2    0.01    0.63    0.50   12.40 ^ _14824_/ZN (gf180mcu_fd_sc_mcu9t5v0__oai21_1)
                                         _09118_ (net)
                  0.63    0.00   12.40 ^ _14826_/A2 (gf180mcu_fd_sc_mcu9t5v0__aoi21_1)
     3    0.02    0.54    0.35   12.75 v _14826_/ZN (gf180mcu_fd_sc_mcu9t5v0__aoi21_1)
                                         _09120_ (net)
                  0.54    0.00   12.75 v _14828_/A1 (gf180mcu_fd_sc_mcu9t5v0__oai21_1)
     2    0.02    0.86    0.65   13.40 ^ _14828_/ZN (gf180mcu_fd_sc_mcu9t5v0__oai21_1)
                                         _09122_ (net)
                  0.86    0.00   13.40 ^ _14857_/A1 (gf180mcu_fd_sc_mcu9t5v0__aoi21_2)
     3    0.02    0.54    0.32   13.71 v _14857_/ZN (gf180mcu_fd_sc_mcu9t5v0__aoi21_2)
                                         _09151_ (net)
                  0.54    0.00   13.71 v _15014_/A2 (gf180mcu_fd_sc_mcu9t5v0__oai21_2)
     3    0.03    0.73    0.57   14.28 ^ _15014_/ZN (gf180mcu_fd_sc_mcu9t5v0__oai21_2)
                                         _09273_ (net)
                  0.73    0.00   14.28 ^ _15016_/A1 (gf180mcu_fd_sc_mcu9t5v0__aoi21_2)
     2    0.01    0.54    0.23   14.51 v _15016_/ZN (gf180mcu_fd_sc_mcu9t5v0__aoi21_2)
                                         _09275_ (net)
                  0.54    0.00   14.51 v _15018_/A2 (gf180mcu_fd_sc_mcu9t5v0__oai21_1)
     2    0.01    0.63    0.51   15.02 ^ _15018_/ZN (gf180mcu_fd_sc_mcu9t5v0__oai21_1)
                                         _09277_ (net)
                  0.63    0.00   15.02 ^ _15045_/A1 (gf180mcu_fd_sc_mcu9t5v0__aoi21_1)
     2    0.02    0.56    0.38   15.40 v _15045_/ZN (gf180mcu_fd_sc_mcu9t5v0__aoi21_1)
                                         _09304_ (net)
                  0.56    0.00   15.40 v _18755_/A1 (gf180mcu_fd_sc_mcu9t5v0__or2_2)
     1    0.03    0.30    0.73   16.13 v _18755_/Z (gf180mcu_fd_sc_mcu9t5v0__or2_2)
                                         _04238_ (net)
                  0.30    0.00   16.13 v place309/I (gf180mcu_fd_sc_mcu9t5v0__buf_8)
     4    0.03    0.12    0.35   16.48 v place309/Z (gf180mcu_fd_sc_mcu9t5v0__buf_8)
                                         net309 (net)
                  0.12    0.00   16.48 v _18757_/A2 (gf180mcu_fd_sc_mcu9t5v0__oai21_1)
     1    0.00    0.40    0.30   16.79 ^ _18757_/ZN (gf180mcu_fd_sc_mcu9t5v0__oai21_1)
                                         _01872_ (net)
                  0.40    0.00   16.79 ^ _20197_/D (gf180mcu_fd_sc_mcu9t5v0__dffrnq_2)
                                 16.79   data arrival time

                         16.28   16.28   clock core_clk (rise edge)
                          0.00   16.28   clock source latency
     2    0.09    0.00    0.00   16.28 ^ clk (in)
                                         clk (net)
                  0.00    0.00   16.28 ^ clkbuf_regs_0_core_clk/I (gf180mcu_fd_sc_mcu9t5v0__clkbuf_16)
     1    0.05    0.14    0.28   16.55 ^ clkbuf_regs_0_core_clk/Z (gf180mcu_fd_sc_mcu9t5v0__clkbuf_16)
                                         clk_regs (net)
                  0.14    0.00   16.55 ^ clkbuf_0_clk_regs/I (gf180mcu_fd_sc_mcu9t5v0__clkbuf_16)
     4    0.09    0.18    0.34   16.89 ^ clkbuf_0_clk_regs/Z (gf180mcu_fd_sc_mcu9t5v0__clkbuf_16)
                                         clknet_0_clk_regs (net)
                  0.18    0.00   16.89 ^ clkbuf_2_3_0_clk_regs/I (gf180mcu_fd_sc_mcu9t5v0__clkbuf_8)
     2    0.09    0.28    0.41   17.30 ^ clkbuf_2_3_0_clk_regs/Z (gf180mcu_fd_sc_mcu9t5v0__clkbuf_8)
                                         clknet_2_3_0_clk_regs (net)
                  0.28    0.00   17.30 ^ clkbuf_3_7__f_clk_regs/I (gf180mcu_fd_sc_mcu9t5v0__clkbuf_16)
    16    0.36    0.48    0.55   17.85 ^ clkbuf_3_7__f_clk_regs/Z (gf180mcu_fd_sc_mcu9t5v0__clkbuf_16)
                                         clknet_3_7__leaf_clk_regs (net)
                  0.48    0.00   17.85 ^ clkbuf_leaf_43_clk_regs/I (gf180mcu_fd_sc_mcu9t5v0__clkbuf_8)
    21    0.13    0.36    0.52   18.37 ^ clkbuf_leaf_43_clk_regs/Z (gf180mcu_fd_sc_mcu9t5v0__clkbuf_8)
                                         clknet_leaf_43_clk_regs (net)
                  0.36    0.00   18.37 ^ _20197_/CLK (gf180mcu_fd_sc_mcu9t5v0__dffrnq_2)
                          0.00   18.37   clock reconvergence pessimism
                         -0.41   17.96   library setup time
                                 17.96   data required time
-----------------------------------------------------------------------------
                                 17.96   data required time
                                -16.79   data arrival time
-----------------------------------------------------------------------------
                                  1.17   slack (MET)


Startpoint: _20287_ (rising edge-triggered flip-flop clocked by core_clk)
Endpoint: _20233_ (rising edge-triggered flip-flop clocked by core_clk)
Path Group: core_clk
Path Type: max

Fanout     Cap    Slew   Delay    Time   Description
-----------------------------------------------------------------------------
                          0.00    0.00   clock core_clk (rise edge)
                          0.00    0.00   clock source latency
     2    0.09    0.00    0.00    0.00 ^ clk (in)
                                         clk (net)
                  0.00    0.00    0.00 ^ clkbuf_regs_0_core_clk/I (gf180mcu_fd_sc_mcu9t5v0__clkbuf_16)
     1    0.05    0.14    0.28    0.28 ^ clkbuf_regs_0_core_clk/Z (gf180mcu_fd_sc_mcu9t5v0__clkbuf_16)
                                         clk_regs (net)
                  0.14    0.00    0.28 ^ clkbuf_0_clk_regs/I (gf180mcu_fd_sc_mcu9t5v0__clkbuf_16)
     4    0.09    0.18    0.34    0.61 ^ clkbuf_0_clk_regs/Z (gf180mcu_fd_sc_mcu9t5v0__clkbuf_16)
                                         clknet_0_clk_regs (net)
                  0.18    0.00    0.61 ^ clkbuf_2_3_0_clk_regs/I (gf180mcu_fd_sc_mcu9t5v0__clkbuf_8)
     2    0.09    0.28    0.41    1.02 ^ clkbuf_2_3_0_clk_regs/Z (gf180mcu_fd_sc_mcu9t5v0__clkbuf_8)
                                         clknet_2_3_0_clk_regs (net)
                  0.28    0.00    1.02 ^ clkbuf_3_7__f_clk_regs/I (gf180mcu_fd_sc_mcu9t5v0__clkbuf_16)
    16    0.36    0.48    0.55    1.57 ^ clkbuf_3_7__f_clk_regs/Z (gf180mcu_fd_sc_mcu9t5v0__clkbuf_16)
                                         clknet_3_7__leaf_clk_regs (net)
                  0.48    0.00    1.57 ^ clkbuf_leaf_47_clk_regs/I (gf180mcu_fd_sc_mcu9t5v0__clkbuf_8)
    24    0.13    0.36    0.52    2.09 ^ clkbuf_leaf_47_clk_regs/Z (gf180mcu_fd_sc_mcu9t5v0__clkbuf_8)
                                         clknet_leaf_47_clk_regs (net)
                  0.36    0.00    2.09 ^ _20287_/CLK (gf180mcu_fd_sc_mcu9t5v0__dffrnq_2)
     4    0.07    0.75    1.68    3.77 ^ _20287_/Q (gf180mcu_fd_sc_mcu9t5v0__dffrnq_2)
                                         u_transform_scheduler_core.u_mixed_radix_butterfly.scalar_coefficient[4] (net)
                  0.75    0.00    3.77 ^ place645/I (gf180mcu_fd_sc_mcu9t5v0__buf_8)
    11    0.07    0.24    0.40    4.16 ^ place645/Z (gf180mcu_fd_sc_mcu9t5v0__buf_8)
                                         net645 (net)
                  0.24    0.00    4.16 ^ _14661_/A4 (gf180mcu_fd_sc_mcu9t5v0__and4_1)
     3    0.02    0.52    0.96    5.12 ^ _14661_/Z (gf180mcu_fd_sc_mcu9t5v0__and4_1)
                                         _08955_ (net)
                  0.52    0.00    5.12 ^ _14664_/A2 (gf180mcu_fd_sc_mcu9t5v0__nor3_1)
     1    0.01    0.44    0.29    5.41 v _14664_/ZN (gf180mcu_fd_sc_mcu9t5v0__nor3_1)
                                         _08958_ (net)
                  0.44    0.00    5.41 v _14665_/A1 (gf180mcu_fd_sc_mcu9t5v0__nor2_1)
     2    0.02    0.81    0.58    5.99 ^ _14665_/ZN (gf180mcu_fd_sc_mcu9t5v0__nor2_1)
                                         _08959_ (net)
                  0.81    0.00    5.99 ^ _14668_/A1 (gf180mcu_fd_sc_mcu9t5v0__xnor2_1)
     2    0.02    0.83    0.73    6.72 ^ _14668_/ZN (gf180mcu_fd_sc_mcu9t5v0__xnor2_1)
                                         _08962_ (net)
                  0.83    0.00    6.72 ^ _14669_/A2 (gf180mcu_fd_sc_mcu9t5v0__xor2_1)
     2    0.01    0.85    0.76    7.48 ^ _14669_/Z (gf180mcu_fd_sc_mcu9t5v0__xor2_1)
                                         _08963_ (net)
                  0.85    0.00    7.48 ^ _14714_/A2 (gf180mcu_fd_sc_mcu9t5v0__xor3_1)
     2    0.02    1.00    1.75    9.22 ^ _14714_/Z (gf180mcu_fd_sc_mcu9t5v0__xor3_1)
                                         _09008_ (net)
                  1.00    0.00    9.22 ^ _14718_/A2 (gf180mcu_fd_sc_mcu9t5v0__xnor2_1)
     2    0.02    0.78    0.77   10.00 ^ _14718_/ZN (gf180mcu_fd_sc_mcu9t5v0__xnor2_1)
                                         _09012_ (net)
                  0.78    0.00   10.00 ^ _14748_/A1 (gf180mcu_fd_sc_mcu9t5v0__xnor2_1)
     2    0.02    0.85    0.73   10.73 ^ _14748_/ZN (gf180mcu_fd_sc_mcu9t5v0__xnor2_1)
                                         _09042_ (net)
                  0.85    0.00   10.73 ^ _14821_/A1 (gf180mcu_fd_sc_mcu9t5v0__xnor2_1)
     2    0.02    1.05    0.79   11.52 ^ _14821_/ZN (gf180mcu_fd_sc_mcu9t5v0__xnor2_1)
                                         _09115_ (net)
                  1.05    0.00   11.52 ^ _14822_/B (gf180mcu_fd_sc_mcu9t5v0__aoi21_2)
     2    0.01    0.51    0.38   11.90 v _14822_/ZN (gf180mcu_fd_sc_mcu9t5v0__aoi21_2)
                                         _09116_ (net)
                  0.51    0.00   11.90 v _14824_/A2 (gf180mcu_fd_sc_mcu9t5v0__oai21_1)
     2    0.01    0.63    0.50   12.40 ^ _14824_/ZN (gf180mcu_fd_sc_mcu9t5v0__oai21_1)
                                         _09118_ (net)
                  0.63    0.00   12.40 ^ _14826_/A2 (gf180mcu_fd_sc_mcu9t5v0__aoi21_1)
     3    0.02    0.54    0.35   12.75 v _14826_/ZN (gf180mcu_fd_sc_mcu9t5v0__aoi21_1)
                                         _09120_ (net)
                  0.54    0.00   12.75 v _14828_/A1 (gf180mcu_fd_sc_mcu9t5v0__oai21_1)
     2    0.02    0.86    0.65   13.40 ^ _14828_/ZN (gf180mcu_fd_sc_mcu9t5v0__oai21_1)
                                         _09122_ (net)
                  0.86    0.00   13.40 ^ _14857_/A1 (gf180mcu_fd_sc_mcu9t5v0__aoi21_2)
     3    0.02    0.54    0.32   13.71 v _14857_/ZN (gf180mcu_fd_sc_mcu9t5v0__aoi21_2)
                                         _09151_ (net)
                  0.54    0.00   13.71 v _15014_/A2 (gf180mcu_fd_sc_mcu9t5v0__oai21_2)
     3    0.03    0.73    0.57   14.28 ^ _15014_/ZN (gf180mcu_fd_sc_mcu9t5v0__oai21_2)
                                         _09273_ (net)
                  0.73    0.00   14.28 ^ _15016_/A1 (gf180mcu_fd_sc_mcu9t5v0__aoi21_2)
     2    0.01    0.54    0.23   14.51 v _15016_/ZN (gf180mcu_fd_sc_mcu9t5v0__aoi21_2)
                                         _09275_ (net)
                  0.54    0.00   14.51 v _15018_/A2 (gf180mcu_fd_sc_mcu9t5v0__oai21_1)
     2    0.01    0.63    0.51   15.02 ^ _15018_/ZN (gf180mcu_fd_sc_mcu9t5v0__oai21_1)
                                         _09277_ (net)
                  0.63    0.00   15.02 ^ _15045_/A1 (gf180mcu_fd_sc_mcu9t5v0__aoi21_1)
     2    0.02    0.56    0.38   15.40 v _15045_/ZN (gf180mcu_fd_sc_mcu9t5v0__aoi21_1)
                                         _09304_ (net)
                  0.56    0.00   15.40 v _18755_/A1 (gf180mcu_fd_sc_mcu9t5v0__or2_2)
     1    0.03    0.30    0.73   16.13 v _18755_/Z (gf180mcu_fd_sc_mcu9t5v0__or2_2)
                                         _04238_ (net)
                  0.30    0.00   16.13 v place309/I (gf180mcu_fd_sc_mcu9t5v0__buf_8)
     4    0.03    0.12    0.35   16.48 v place309/Z (gf180mcu_fd_sc_mcu9t5v0__buf_8)
                                         net309 (net)
                  0.12    0.00   16.48 v _18761_/A2 (gf180mcu_fd_sc_mcu9t5v0__oai21_1)
     1    0.00    0.40    0.30   16.79 ^ _18761_/ZN (gf180mcu_fd_sc_mcu9t5v0__oai21_1)
                                         _01874_ (net)
                  0.40    0.00   16.79 ^ _20233_/D (gf180mcu_fd_sc_mcu9t5v0__dffrnq_2)
                                 16.79   data arrival time

                         16.28   16.28   clock core_clk (rise edge)
                          0.00   16.28   clock source latency
     2    0.09    0.00    0.00   16.28 ^ clk (in)
                                         clk (net)
                  0.00    0.00   16.28 ^ clkbuf_regs_0_core_clk/I (gf180mcu_fd_sc_mcu9t5v0__clkbuf_16)
     1    0.05    0.14    0.28   16.55 ^ clkbuf_regs_0_core_clk/Z (gf180mcu_fd_sc_mcu9t5v0__clkbuf_16)
                                         clk_regs (net)
                  0.14    0.00   16.55 ^ clkbuf_0_clk_regs/I (gf180mcu_fd_sc_mcu9t5v0__clkbuf_16)
     4    0.09    0.18    0.34   16.89 ^ clkbuf_0_clk_regs/Z (gf180mcu_fd_sc_mcu9t5v0__clkbuf_16)
                                         clknet_0_clk_regs (net)
                  0.18    0.00   16.89 ^ clkbuf_2_3_0_clk_regs/I (gf180mcu_fd_sc_mcu9t5v0__clkbuf_8)
     2    0.09    0.28    0.41   17.30 ^ clkbuf_2_3_0_clk_regs/Z (gf180mcu_fd_sc_mcu9t5v0__clkbuf_8)
                                         clknet_2_3_0_clk_regs (net)
                  0.28    0.00   17.30 ^ clkbuf_3_7__f_clk_regs/I (gf180mcu_fd_sc_mcu9t5v0__clkbuf_16)
    16    0.36    0.48    0.55   17.85 ^ clkbuf_3_7__f_clk_regs/Z (gf180mcu_fd_sc_mcu9t5v0__clkbuf_16)
                                         clknet_3_7__leaf_clk_regs (net)
                  0.48    0.00   17.85 ^ clkbuf_leaf_61_clk_regs/I (gf180mcu_fd_sc_mcu9t5v0__clkbuf_8)
    21    0.13    0.36    0.52   18.37 ^ clkbuf_leaf_61_clk_regs/Z (gf180mcu_fd_sc_mcu9t5v0__clkbuf_8)
                                         clknet_leaf_61_clk_regs (net)
                  0.36    0.00   18.37 ^ _20233_/CLK (gf180mcu_fd_sc_mcu9t5v0__dffrnq_2)
                          0.00   18.37   clock reconvergence pessimism
                         -0.41   17.96   library setup time
                                 17.96   data required time
-----------------------------------------------------------------------------
                                 17.96   data required time
                                -16.79   data arrival time
-----------------------------------------------------------------------------
                                  1.17   slack (MET)


Startpoint: _20287_ (rising edge-triggered flip-flop clocked by core_clk)
Endpoint: _20266_ (rising edge-triggered flip-flop clocked by core_clk)
Path Group: core_clk
Path Type: max

Fanout     Cap    Slew   Delay    Time   Description
-----------------------------------------------------------------------------
                          0.00    0.00   clock core_clk (rise edge)
                          0.00    0.00   clock source latency
     2    0.09    0.00    0.00    0.00 ^ clk (in)
                                         clk (net)
                  0.00    0.00    0.00 ^ clkbuf_regs_0_core_clk/I (gf180mcu_fd_sc_mcu9t5v0__clkbuf_16)
     1    0.05    0.14    0.28    0.28 ^ clkbuf_regs_0_core_clk/Z (gf180mcu_fd_sc_mcu9t5v0__clkbuf_16)
                                         clk_regs (net)
                  0.14    0.00    0.28 ^ clkbuf_0_clk_regs/I (gf180mcu_fd_sc_mcu9t5v0__clkbuf_16)
     4    0.09    0.18    0.34    0.61 ^ clkbuf_0_clk_regs/Z (gf180mcu_fd_sc_mcu9t5v0__clkbuf_16)
                                         clknet_0_clk_regs (net)
                  0.18    0.00    0.61 ^ clkbuf_2_3_0_clk_regs/I (gf180mcu_fd_sc_mcu9t5v0__clkbuf_8)
     2    0.09    0.28    0.41    1.02 ^ clkbuf_2_3_0_clk_regs/Z (gf180mcu_fd_sc_mcu9t5v0__clkbuf_8)
                                         clknet_2_3_0_clk_regs (net)
                  0.28    0.00    1.02 ^ clkbuf_3_7__f_clk_regs/I (gf180mcu_fd_sc_mcu9t5v0__clkbuf_16)
    16    0.36    0.48    0.55    1.57 ^ clkbuf_3_7__f_clk_regs/Z (gf180mcu_fd_sc_mcu9t5v0__clkbuf_16)
                                         clknet_3_7__leaf_clk_regs (net)
                  0.48    0.00    1.57 ^ clkbuf_leaf_47_clk_regs/I (gf180mcu_fd_sc_mcu9t5v0__clkbuf_8)
    24    0.13    0.36    0.52    2.09 ^ clkbuf_leaf_47_clk_regs/Z (gf180mcu_fd_sc_mcu9t5v0__clkbuf_8)
                                         clknet_leaf_47_clk_regs (net)
                  0.36    0.00    2.09 ^ _20287_/CLK (gf180mcu_fd_sc_mcu9t5v0__dffrnq_2)
     4    0.07    0.75    1.68    3.77 ^ _20287_/Q (gf180mcu_fd_sc_mcu9t5v0__dffrnq_2)
                                         u_transform_scheduler_core.u_mixed_radix_butterfly.scalar_coefficient[4] (net)
                  0.75    0.00    3.77 ^ place645/I (gf180mcu_fd_sc_mcu9t5v0__buf_8)
    11    0.07    0.24    0.40    4.16 ^ place645/Z (gf180mcu_fd_sc_mcu9t5v0__buf_8)
                                         net645 (net)
                  0.24    0.00    4.16 ^ _14661_/A4 (gf180mcu_fd_sc_mcu9t5v0__and4_1)
     3    0.02    0.52    0.96    5.12 ^ _14661_/Z (gf180mcu_fd_sc_mcu9t5v0__and4_1)
                                         _08955_ (net)
                  0.52    0.00    5.12 ^ _14664_/A2 (gf180mcu_fd_sc_mcu9t5v0__nor3_1)
     1    0.01    0.44    0.29    5.41 v _14664_/ZN (gf180mcu_fd_sc_mcu9t5v0__nor3_1)
                                         _08958_ (net)
                  0.44    0.00    5.41 v _14665_/A1 (gf180mcu_fd_sc_mcu9t5v0__nor2_1)
     2    0.02    0.81    0.58    5.99 ^ _14665_/ZN (gf180mcu_fd_sc_mcu9t5v0__nor2_1)
                                         _08959_ (net)
                  0.81    0.00    5.99 ^ _14668_/A1 (gf180mcu_fd_sc_mcu9t5v0__xnor2_1)
     2    0.02    0.83    0.73    6.72 ^ _14668_/ZN (gf180mcu_fd_sc_mcu9t5v0__xnor2_1)
                                         _08962_ (net)
                  0.83    0.00    6.72 ^ _14669_/A2 (gf180mcu_fd_sc_mcu9t5v0__xor2_1)
     2    0.01    0.85    0.76    7.48 ^ _14669_/Z (gf180mcu_fd_sc_mcu9t5v0__xor2_1)
                                         _08963_ (net)
                  0.85    0.00    7.48 ^ _14714_/A2 (gf180mcu_fd_sc_mcu9t5v0__xor3_1)
     2    0.02    1.00    1.75    9.22 ^ _14714_/Z (gf180mcu_fd_sc_mcu9t5v0__xor3_1)
                                         _09008_ (net)
                  1.00    0.00    9.22 ^ _14718_/A2 (gf180mcu_fd_sc_mcu9t5v0__xnor2_1)
     2    0.02    0.78    0.77   10.00 ^ _14718_/ZN (gf180mcu_fd_sc_mcu9t5v0__xnor2_1)
                                         _09012_ (net)
                  0.78    0.00   10.00 ^ _14748_/A1 (gf180mcu_fd_sc_mcu9t5v0__xnor2_1)
     2    0.02    0.85    0.73   10.73 ^ _14748_/ZN (gf180mcu_fd_sc_mcu9t5v0__xnor2_1)
                                         _09042_ (net)
                  0.85    0.00   10.73 ^ _14821_/A1 (gf180mcu_fd_sc_mcu9t5v0__xnor2_1)
     2    0.02    1.05    0.79   11.52 ^ _14821_/ZN (gf180mcu_fd_sc_mcu9t5v0__xnor2_1)
                                         _09115_ (net)
                  1.05    0.00   11.52 ^ _14822_/B (gf180mcu_fd_sc_mcu9t5v0__aoi21_2)
     2    0.01    0.51    0.38   11.90 v _14822_/ZN (gf180mcu_fd_sc_mcu9t5v0__aoi21_2)
                                         _09116_ (net)
                  0.51    0.00   11.90 v _14824_/A2 (gf180mcu_fd_sc_mcu9t5v0__oai21_1)
     2    0.01    0.63    0.50   12.40 ^ _14824_/ZN (gf180mcu_fd_sc_mcu9t5v0__oai21_1)
                                         _09118_ (net)
                  0.63    0.00   12.40 ^ _14826_/A2 (gf180mcu_fd_sc_mcu9t5v0__aoi21_1)
     3    0.02    0.54    0.35   12.75 v _14826_/ZN (gf180mcu_fd_sc_mcu9t5v0__aoi21_1)
                                         _09120_ (net)
                  0.54    0.00   12.75 v _14828_/A1 (gf180mcu_fd_sc_mcu9t5v0__oai21_1)
     2    0.02    0.86    0.65   13.40 ^ _14828_/ZN (gf180mcu_fd_sc_mcu9t5v0__oai21_1)
                                         _09122_ (net)
                  0.86    0.00   13.40 ^ _14857_/A1 (gf180mcu_fd_sc_mcu9t5v0__aoi21_2)
     3    0.02    0.54    0.32   13.71 v _14857_/ZN (gf180mcu_fd_sc_mcu9t5v0__aoi21_2)
                                         _09151_ (net)
                  0.54    0.00   13.71 v _15014_/A2 (gf180mcu_fd_sc_mcu9t5v0__oai21_2)
     3    0.03    0.73    0.57   14.28 ^ _15014_/ZN (gf180mcu_fd_sc_mcu9t5v0__oai21_2)
                                         _09273_ (net)
                  0.73    0.00   14.28 ^ _15016_/A1 (gf180mcu_fd_sc_mcu9t5v0__aoi21_2)
     2    0.01    0.54    0.23   14.51 v _15016_/ZN (gf180mcu_fd_sc_mcu9t5v0__aoi21_2)
                                         _09275_ (net)
                  0.54    0.00   14.51 v _15018_/A2 (gf180mcu_fd_sc_mcu9t5v0__oai21_1)
     2    0.01    0.63    0.51   15.02 ^ _15018_/ZN (gf180mcu_fd_sc_mcu9t5v0__oai21_1)
                                         _09277_ (net)
                  0.63    0.00   15.02 ^ _15045_/A1 (gf180mcu_fd_sc_mcu9t5v0__aoi21_1)
     2    0.02    0.56    0.38   15.40 v _15045_/ZN (gf180mcu_fd_sc_mcu9t5v0__aoi21_1)
                                         _09304_ (net)
                  0.56    0.00   15.40 v _18755_/A1 (gf180mcu_fd_sc_mcu9t5v0__or2_2)
     1    0.03    0.30    0.73   16.13 v _18755_/Z (gf180mcu_fd_sc_mcu9t5v0__or2_2)
                                         _04238_ (net)
                  0.30    0.00   16.13 v place309/I (gf180mcu_fd_sc_mcu9t5v0__buf_8)
     4    0.03    0.12    0.35   16.48 v place309/Z (gf180mcu_fd_sc_mcu9t5v0__buf_8)
                                         net309 (net)
                  0.12    0.00   16.48 v _18763_/A2 (gf180mcu_fd_sc_mcu9t5v0__oai21_1)
     1    0.00    0.40    0.30   16.79 ^ _18763_/ZN (gf180mcu_fd_sc_mcu9t5v0__oai21_1)
                                         _01875_ (net)
                  0.40    0.00   16.79 ^ _20266_/D (gf180mcu_fd_sc_mcu9t5v0__dffrnq_2)
                                 16.79   data arrival time

                         16.28   16.28   clock core_clk (rise edge)
                          0.00   16.28   clock source latency
     2    0.09    0.00    0.00   16.28 ^ clk (in)
                                         clk (net)
                  0.00    0.00   16.28 ^ clkbuf_regs_0_core_clk/I (gf180mcu_fd_sc_mcu9t5v0__clkbuf_16)
     1    0.05    0.14    0.28   16.55 ^ clkbuf_regs_0_core_clk/Z (gf180mcu_fd_sc_mcu9t5v0__clkbuf_16)
                                         clk_regs (net)
                  0.14    0.00   16.55 ^ clkbuf_0_clk_regs/I (gf180mcu_fd_sc_mcu9t5v0__clkbuf_16)
     4    0.09    0.18    0.34   16.89 ^ clkbuf_0_clk_regs/Z (gf180mcu_fd_sc_mcu9t5v0__clkbuf_16)
                                         clknet_0_clk_regs (net)
                  0.18    0.00   16.89 ^ clkbuf_2_3_0_clk_regs/I (gf180mcu_fd_sc_mcu9t5v0__clkbuf_8)
     2    0.09    0.28    0.41   17.30 ^ clkbuf_2_3_0_clk_regs/Z (gf180mcu_fd_sc_mcu9t5v0__clkbuf_8)
                                         clknet_2_3_0_clk_regs (net)
                  0.28    0.00   17.30 ^ clkbuf_3_7__f_clk_regs/I (gf180mcu_fd_sc_mcu9t5v0__clkbuf_16)
    16    0.36    0.48    0.55   17.85 ^ clkbuf_3_7__f_clk_regs/Z (gf180mcu_fd_sc_mcu9t5v0__clkbuf_16)
                                         clknet_3_7__leaf_clk_regs (net)
                  0.48    0.00   17.85 ^ clkbuf_leaf_61_clk_regs/I (gf180mcu_fd_sc_mcu9t5v0__clkbuf_8)
    21    0.13    0.36    0.52   18.37 ^ clkbuf_leaf_61_clk_regs/Z (gf180mcu_fd_sc_mcu9t5v0__clkbuf_8)
                                         clknet_leaf_61_clk_regs (net)
                  0.36    0.00   18.37 ^ _20266_/CLK (gf180mcu_fd_sc_mcu9t5v0__dffrnq_2)
                          0.00   18.37   clock reconvergence pessimism
                         -0.41   17.96   library setup time
                                 17.96   data required time
-----------------------------------------------------------------------------
                                 17.96   data required time
                                -16.79   data arrival time
-----------------------------------------------------------------------------
                                  1.17   slack (MET)


Startpoint: _20287_ (rising edge-triggered flip-flop clocked by core_clk)
Endpoint: _20263_ (rising edge-triggered flip-flop clocked by core_clk)
Path Group: core_clk
Path Type: max

Fanout     Cap    Slew   Delay    Time   Description
-----------------------------------------------------------------------------
                          0.00    0.00   clock core_clk (rise edge)
                          0.00    0.00   clock source latency
     2    0.09    0.00    0.00    0.00 ^ clk (in)
                                         clk (net)
                  0.00    0.00    0.00 ^ clkbuf_regs_0_core_clk/I (gf180mcu_fd_sc_mcu9t5v0__clkbuf_16)
     1    0.05    0.14    0.28    0.28 ^ clkbuf_regs_0_core_clk/Z (gf180mcu_fd_sc_mcu9t5v0__clkbuf_16)
                                         clk_regs (net)
                  0.14    0.00    0.28 ^ clkbuf_0_clk_regs/I (gf180mcu_fd_sc_mcu9t5v0__clkbuf_16)
     4    0.09    0.18    0.34    0.61 ^ clkbuf_0_clk_regs/Z (gf180mcu_fd_sc_mcu9t5v0__clkbuf_16)
                                         clknet_0_clk_regs (net)
                  0.18    0.00    0.61 ^ clkbuf_2_3_0_clk_regs/I (gf180mcu_fd_sc_mcu9t5v0__clkbuf_8)
     2    0.09    0.28    0.41    1.02 ^ clkbuf_2_3_0_clk_regs/Z (gf180mcu_fd_sc_mcu9t5v0__clkbuf_8)
                                         clknet_2_3_0_clk_regs (net)
                  0.28    0.00    1.02 ^ clkbuf_3_7__f_clk_regs/I (gf180mcu_fd_sc_mcu9t5v0__clkbuf_16)
    16    0.36    0.48    0.55    1.57 ^ clkbuf_3_7__f_clk_regs/Z (gf180mcu_fd_sc_mcu9t5v0__clkbuf_16)
                                         clknet_3_7__leaf_clk_regs (net)
                  0.48    0.00    1.57 ^ clkbuf_leaf_47_clk_regs/I (gf180mcu_fd_sc_mcu9t5v0__clkbuf_8)
    24    0.13    0.36    0.52    2.09 ^ clkbuf_leaf_47_clk_regs/Z (gf180mcu_fd_sc_mcu9t5v0__clkbuf_8)
                                         clknet_leaf_47_clk_regs (net)
                  0.36    0.00    2.09 ^ _20287_/CLK (gf180mcu_fd_sc_mcu9t5v0__dffrnq_2)
     4    0.07    0.75    1.68    3.77 ^ _20287_/Q (gf180mcu_fd_sc_mcu9t5v0__dffrnq_2)
                                         u_transform_scheduler_core.u_mixed_radix_butterfly.scalar_coefficient[4] (net)
                  0.75    0.00    3.77 ^ place645/I (gf180mcu_fd_sc_mcu9t5v0__buf_8)
    11    0.07    0.24    0.40    4.16 ^ place645/Z (gf180mcu_fd_sc_mcu9t5v0__buf_8)
                                         net645 (net)
                  0.24    0.00    4.16 ^ _14661_/A4 (gf180mcu_fd_sc_mcu9t5v0__and4_1)
     3    0.02    0.52    0.96    5.12 ^ _14661_/Z (gf180mcu_fd_sc_mcu9t5v0__and4_1)
                                         _08955_ (net)
                  0.52    0.00    5.12 ^ _14664_/A2 (gf180mcu_fd_sc_mcu9t5v0__nor3_1)
     1    0.01    0.44    0.29    5.41 v _14664_/ZN (gf180mcu_fd_sc_mcu9t5v0__nor3_1)
                                         _08958_ (net)
                  0.44    0.00    5.41 v _14665_/A1 (gf180mcu_fd_sc_mcu9t5v0__nor2_1)
     2    0.02    0.81    0.58    5.99 ^ _14665_/ZN (gf180mcu_fd_sc_mcu9t5v0__nor2_1)
                                         _08959_ (net)
                  0.81    0.00    5.99 ^ _14668_/A1 (gf180mcu_fd_sc_mcu9t5v0__xnor2_1)
     2    0.02    0.83    0.73    6.72 ^ _14668_/ZN (gf180mcu_fd_sc_mcu9t5v0__xnor2_1)
                                         _08962_ (net)
                  0.83    0.00    6.72 ^ _14669_/A2 (gf180mcu_fd_sc_mcu9t5v0__xor2_1)
     2    0.01    0.85    0.76    7.48 ^ _14669_/Z (gf180mcu_fd_sc_mcu9t5v0__xor2_1)
                                         _08963_ (net)
                  0.85    0.00    7.48 ^ _14714_/A2 (gf180mcu_fd_sc_mcu9t5v0__xor3_1)
     2    0.02    1.00    1.75    9.22 ^ _14714_/Z (gf180mcu_fd_sc_mcu9t5v0__xor3_1)
                                         _09008_ (net)
                  1.00    0.00    9.22 ^ _14718_/A2 (gf180mcu_fd_sc_mcu9t5v0__xnor2_1)
     2    0.02    0.78    0.77   10.00 ^ _14718_/ZN (gf180mcu_fd_sc_mcu9t5v0__xnor2_1)
                                         _09012_ (net)
                  0.78    0.00   10.00 ^ _14748_/A1 (gf180mcu_fd_sc_mcu9t5v0__xnor2_1)
     2    0.02    0.85    0.73   10.73 ^ _14748_/ZN (gf180mcu_fd_sc_mcu9t5v0__xnor2_1)
                                         _09042_ (net)
                  0.85    0.00   10.73 ^ _14821_/A1 (gf180mcu_fd_sc_mcu9t5v0__xnor2_1)
     2    0.02    1.05    0.79   11.52 ^ _14821_/ZN (gf180mcu_fd_sc_mcu9t5v0__xnor2_1)
                                         _09115_ (net)
                  1.05    0.00   11.52 ^ _14822_/B (gf180mcu_fd_sc_mcu9t5v0__aoi21_2)
     2    0.01    0.51    0.38   11.90 v _14822_/ZN (gf180mcu_fd_sc_mcu9t5v0__aoi21_2)
                                         _09116_ (net)
                  0.51    0.00   11.90 v _14824_/A2 (gf180mcu_fd_sc_mcu9t5v0__oai21_1)
     2    0.01    0.63    0.50   12.40 ^ _14824_/ZN (gf180mcu_fd_sc_mcu9t5v0__oai21_1)
                                         _09118_ (net)
                  0.63    0.00   12.40 ^ _14826_/A2 (gf180mcu_fd_sc_mcu9t5v0__aoi21_1)
     3    0.02    0.54    0.35   12.75 v _14826_/ZN (gf180mcu_fd_sc_mcu9t5v0__aoi21_1)
                                         _09120_ (net)
                  0.54    0.00   12.75 v _14828_/A1 (gf180mcu_fd_sc_mcu9t5v0__oai21_1)
     2    0.02    0.86    0.65   13.40 ^ _14828_/ZN (gf180mcu_fd_sc_mcu9t5v0__oai21_1)
                                         _09122_ (net)
                  0.86    0.00   13.40 ^ _14857_/A1 (gf180mcu_fd_sc_mcu9t5v0__aoi21_2)
     3    0.02    0.54    0.32   13.71 v _14857_/ZN (gf180mcu_fd_sc_mcu9t5v0__aoi21_2)
                                         _09151_ (net)
                  0.54    0.00   13.71 v _15014_/A2 (gf180mcu_fd_sc_mcu9t5v0__oai21_2)
     3    0.03    0.73    0.57   14.28 ^ _15014_/ZN (gf180mcu_fd_sc_mcu9t5v0__oai21_2)
                                         _09273_ (net)
                  0.73    0.00   14.28 ^ _15054_/A2 (gf180mcu_fd_sc_mcu9t5v0__nand2_1)
     1    0.01    0.35    0.25   14.53 v _15054_/ZN (gf180mcu_fd_sc_mcu9t5v0__nand2_1)
                                         _09311_ (net)
                  0.35    0.00   14.53 v _15055_/A2 (gf180mcu_fd_sc_mcu9t5v0__xor2_1)
     1    0.03    0.73    0.92   15.45 v _15055_/Z (gf180mcu_fd_sc_mcu9t5v0__xor2_1)
                                         _09312_ (net)
                  0.73    0.00   15.45 v place400/I (gf180mcu_fd_sc_mcu9t5v0__buf_8)
     4    0.03    0.14    0.48   15.92 v place400/Z (gf180mcu_fd_sc_mcu9t5v0__buf_8)
                                         net400 (net)
                  0.14    0.00   15.92 v _15057_/A2 (gf180mcu_fd_sc_mcu9t5v0__oai21_1)
     1    0.00    0.38    0.30   16.23 ^ _15057_/ZN (gf180mcu_fd_sc_mcu9t5v0__oai21_1)
                                         _00680_ (net)
                  0.38    0.00   16.23 ^ _20263_/D (gf180mcu_fd_sc_mcu9t5v0__dffrnq_2)
                                 16.23   data arrival time

                         16.28   16.28   clock core_clk (rise edge)
                          0.00   16.28   clock source latency
     2    0.09    0.00    0.00   16.28 ^ clk (in)
                                         clk (net)
                  0.00    0.00   16.28 ^ clkbuf_regs_0_core_clk/I (gf180mcu_fd_sc_mcu9t5v0__clkbuf_16)
     1    0.05    0.14    0.28   16.55 ^ clkbuf_regs_0_core_clk/Z (gf180mcu_fd_sc_mcu9t5v0__clkbuf_16)
                                         clk_regs (net)
                  0.14    0.00   16.55 ^ clkbuf_0_clk_regs/I (gf180mcu_fd_sc_mcu9t5v0__clkbuf_16)
     4    0.09    0.18    0.34   16.89 ^ clkbuf_0_clk_regs/Z (gf180mcu_fd_sc_mcu9t5v0__clkbuf_16)
                                         clknet_0_clk_regs (net)
                  0.18    0.00   16.89 ^ clkbuf_2_3_0_clk_regs/I (gf180mcu_fd_sc_mcu9t5v0__clkbuf_8)
     2    0.09    0.28    0.41   17.30 ^ clkbuf_2_3_0_clk_regs/Z (gf180mcu_fd_sc_mcu9t5v0__clkbuf_8)
                                         clknet_2_3_0_clk_regs (net)
                  0.28    0.00   17.30 ^ clkbuf_3_7__f_clk_regs/I (gf180mcu_fd_sc_mcu9t5v0__clkbuf_16)
    16    0.36    0.48    0.55   17.85 ^ clkbuf_3_7__f_clk_regs/Z (gf180mcu_fd_sc_mcu9t5v0__clkbuf_16)
                                         clknet_3_7__leaf_clk_regs (net)
                  0.48    0.00   17.85 ^ clkbuf_leaf_44_clk_regs/I (gf180mcu_fd_sc_mcu9t5v0__clkbuf_8)
    21    0.13    0.36    0.52   18.37 ^ clkbuf_leaf_44_clk_regs/Z (gf180mcu_fd_sc_mcu9t5v0__clkbuf_8)
                                         clknet_leaf_44_clk_regs (net)
                  0.36    0.00   18.37 ^ _20263_/CLK (gf180mcu_fd_sc_mcu9t5v0__dffrnq_2)
                          0.00   18.37   clock reconvergence pessimism
                         -0.41   17.96   library setup time
                                 17.96   data required time
-----------------------------------------------------------------------------
                                 17.96   data required time
                                -16.23   data arrival time
-----------------------------------------------------------------------------
                                  1.73   slack (MET)


Startpoint: _20287_ (rising edge-triggered flip-flop clocked by core_clk)
Endpoint: _20230_ (rising edge-triggered flip-flop clocked by core_clk)
Path Group: core_clk
Path Type: max

Fanout     Cap    Slew   Delay    Time   Description
-----------------------------------------------------------------------------
                          0.00    0.00   clock core_clk (rise edge)
                          0.00    0.00   clock source latency
     2    0.09    0.00    0.00    0.00 ^ clk (in)
                                         clk (net)
                  0.00    0.00    0.00 ^ clkbuf_regs_0_core_clk/I (gf180mcu_fd_sc_mcu9t5v0__clkbuf_16)
     1    0.05    0.14    0.28    0.28 ^ clkbuf_regs_0_core_clk/Z (gf180mcu_fd_sc_mcu9t5v0__clkbuf_16)
                                         clk_regs (net)
                  0.14    0.00    0.28 ^ clkbuf_0_clk_regs/I (gf180mcu_fd_sc_mcu9t5v0__clkbuf_16)
     4    0.09    0.18    0.34    0.61 ^ clkbuf_0_clk_regs/Z (gf180mcu_fd_sc_mcu9t5v0__clkbuf_16)
                                         clknet_0_clk_regs (net)
                  0.18    0.00    0.61 ^ clkbuf_2_3_0_clk_regs/I (gf180mcu_fd_sc_mcu9t5v0__clkbuf_8)
     2    0.09    0.28    0.41    1.02 ^ clkbuf_2_3_0_clk_regs/Z (gf180mcu_fd_sc_mcu9t5v0__clkbuf_8)
                                         clknet_2_3_0_clk_regs (net)
                  0.28    0.00    1.02 ^ clkbuf_3_7__f_clk_regs/I (gf180mcu_fd_sc_mcu9t5v0__clkbuf_16)
    16    0.36    0.48    0.55    1.57 ^ clkbuf_3_7__f_clk_regs/Z (gf180mcu_fd_sc_mcu9t5v0__clkbuf_16)
                                         clknet_3_7__leaf_clk_regs (net)
                  0.48    0.00    1.57 ^ clkbuf_leaf_47_clk_regs/I (gf180mcu_fd_sc_mcu9t5v0__clkbuf_8)
    24    0.13    0.36    0.52    2.09 ^ clkbuf_leaf_47_clk_regs/Z (gf180mcu_fd_sc_mcu9t5v0__clkbuf_8)
                                         clknet_leaf_47_clk_regs (net)
                  0.36    0.00    2.09 ^ _20287_/CLK (gf180mcu_fd_sc_mcu9t5v0__dffrnq_2)
     4    0.07    0.75    1.68    3.77 ^ _20287_/Q (gf180mcu_fd_sc_mcu9t5v0__dffrnq_2)
                                         u_transform_scheduler_core.u_mixed_radix_butterfly.scalar_coefficient[4] (net)
                  0.75    0.00    3.77 ^ place645/I (gf180mcu_fd_sc_mcu9t5v0__buf_8)
    11    0.07    0.24    0.40    4.16 ^ place645/Z (gf180mcu_fd_sc_mcu9t5v0__buf_8)
                                         net645 (net)
                  0.24    0.00    4.16 ^ _14661_/A4 (gf180mcu_fd_sc_mcu9t5v0__and4_1)
     3    0.02    0.52    0.96    5.12 ^ _14661_/Z (gf180mcu_fd_sc_mcu9t5v0__and4_1)
                                         _08955_ (net)
                  0.52    0.00    5.12 ^ _14664_/A2 (gf180mcu_fd_sc_mcu9t5v0__nor3_1)
     1    0.01    0.44    0.29    5.41 v _14664_/ZN (gf180mcu_fd_sc_mcu9t5v0__nor3_1)
                                         _08958_ (net)
                  0.44    0.00    5.41 v _14665_/A1 (gf180mcu_fd_sc_mcu9t5v0__nor2_1)
     2    0.02    0.81    0.58    5.99 ^ _14665_/ZN (gf180mcu_fd_sc_mcu9t5v0__nor2_1)
                                         _08959_ (net)
                  0.81    0.00    5.99 ^ _14668_/A1 (gf180mcu_fd_sc_mcu9t5v0__xnor2_1)
     2    0.02    0.83    0.73    6.72 ^ _14668_/ZN (gf180mcu_fd_sc_mcu9t5v0__xnor2_1)
                                         _08962_ (net)
                  0.83    0.00    6.72 ^ _14669_/A2 (gf180mcu_fd_sc_mcu9t5v0__xor2_1)
     2    0.01    0.85    0.76    7.48 ^ _14669_/Z (gf180mcu_fd_sc_mcu9t5v0__xor2_1)
                                         _08963_ (net)
                  0.85    0.00    7.48 ^ _14714_/A2 (gf180mcu_fd_sc_mcu9t5v0__xor3_1)
     2    0.02    1.00    1.75    9.22 ^ _14714_/Z (gf180mcu_fd_sc_mcu9t5v0__xor3_1)
                                         _09008_ (net)
                  1.00    0.00    9.22 ^ _14718_/A2 (gf180mcu_fd_sc_mcu9t5v0__xnor2_1)
     2    0.02    0.78    0.77   10.00 ^ _14718_/ZN (gf180mcu_fd_sc_mcu9t5v0__xnor2_1)
                                         _09012_ (net)
                  0.78    0.00   10.00 ^ _14748_/A1 (gf180mcu_fd_sc_mcu9t5v0__xnor2_1)
     2    0.02    0.85    0.73   10.73 ^ _14748_/ZN (gf180mcu_fd_sc_mcu9t5v0__xnor2_1)
                                         _09042_ (net)
                  0.85    0.00   10.73 ^ _14821_/A1 (gf180mcu_fd_sc_mcu9t5v0__xnor2_1)
     2    0.02    1.05    0.79   11.52 ^ _14821_/ZN (gf180mcu_fd_sc_mcu9t5v0__xnor2_1)
                                         _09115_ (net)
                  1.05    0.00   11.52 ^ _14822_/B (gf180mcu_fd_sc_mcu9t5v0__aoi21_2)
     2    0.01    0.51    0.38   11.90 v _14822_/ZN (gf180mcu_fd_sc_mcu9t5v0__aoi21_2)
                                         _09116_ (net)
                  0.51    0.00   11.90 v _14824_/A2 (gf180mcu_fd_sc_mcu9t5v0__oai21_1)
     2    0.01    0.63    0.50   12.40 ^ _14824_/ZN (gf180mcu_fd_sc_mcu9t5v0__oai21_1)
                                         _09118_ (net)
                  0.63    0.00   12.40 ^ _14826_/A2 (gf180mcu_fd_sc_mcu9t5v0__aoi21_1)
     3    0.02    0.54    0.35   12.75 v _14826_/ZN (gf180mcu_fd_sc_mcu9t5v0__aoi21_1)
                                         _09120_ (net)
                  0.54    0.00   12.75 v _14828_/A1 (gf180mcu_fd_sc_mcu9t5v0__oai21_1)
     2    0.02    0.86    0.65   13.40 ^ _14828_/ZN (gf180mcu_fd_sc_mcu9t5v0__oai21_1)
                                         _09122_ (net)
                  0.86    0.00   13.40 ^ _14857_/A1 (gf180mcu_fd_sc_mcu9t5v0__aoi21_2)
     3    0.02    0.54    0.32   13.71 v _14857_/ZN (gf180mcu_fd_sc_mcu9t5v0__aoi21_2)
                                         _09151_ (net)
                  0.54    0.00   13.71 v _15014_/A2 (gf180mcu_fd_sc_mcu9t5v0__oai21_2)
     3    0.03    0.73    0.57   14.28 ^ _15014_/ZN (gf180mcu_fd_sc_mcu9t5v0__oai21_2)
                                         _09273_ (net)
                  0.73    0.00   14.28 ^ _15054_/A2 (gf180mcu_fd_sc_mcu9t5v0__nand2_1)
     1    0.01    0.35    0.25   14.53 v _15054_/ZN (gf180mcu_fd_sc_mcu9t5v0__nand2_1)
                                         _09311_ (net)
                  0.35    0.00   14.53 v _15055_/A2 (gf180mcu_fd_sc_mcu9t5v0__xor2_1)
     1    0.03    0.73    0.92   15.45 v _15055_/Z (gf180mcu_fd_sc_mcu9t5v0__xor2_1)
                                         _09312_ (net)
                  0.73    0.00   15.45 v place400/I (gf180mcu_fd_sc_mcu9t5v0__buf_8)
     4    0.03    0.14    0.48   15.92 v place400/Z (gf180mcu_fd_sc_mcu9t5v0__buf_8)
                                         net400 (net)
                  0.14    0.00   15.92 v _15097_/A1 (gf180mcu_fd_sc_mcu9t5v0__oai21_1)
     1    0.00    0.38    0.27   16.19 ^ _15097_/ZN (gf180mcu_fd_sc_mcu9t5v0__oai21_1)
                                         _00712_ (net)
                  0.38    0.00   16.19 ^ _20230_/D (gf180mcu_fd_sc_mcu9t5v0__dffrnq_2)
                                 16.19   data arrival time

                         16.28   16.28   clock core_clk (rise edge)
                          0.00   16.28   clock source latency
     2    0.09    0.00    0.00   16.28 ^ clk (in)
                                         clk (net)
                  0.00    0.00   16.28 ^ clkbuf_regs_0_core_clk/I (gf180mcu_fd_sc_mcu9t5v0__clkbuf_16)
     1    0.05    0.14    0.28   16.55 ^ clkbuf_regs_0_core_clk/Z (gf180mcu_fd_sc_mcu9t5v0__clkbuf_16)
                                         clk_regs (net)
                  0.14    0.00   16.55 ^ clkbuf_0_clk_regs/I (gf180mcu_fd_sc_mcu9t5v0__clkbuf_16)
     4    0.09    0.18    0.34   16.89 ^ clkbuf_0_clk_regs/Z (gf180mcu_fd_sc_mcu9t5v0__clkbuf_16)
                                         clknet_0_clk_regs (net)
                  0.18    0.00   16.89 ^ clkbuf_2_3_0_clk_regs/I (gf180mcu_fd_sc_mcu9t5v0__clkbuf_8)
     2    0.09    0.28    0.41   17.30 ^ clkbuf_2_3_0_clk_regs/Z (gf180mcu_fd_sc_mcu9t5v0__clkbuf_8)
                                         clknet_2_3_0_clk_regs (net)
                  0.28    0.00   17.30 ^ clkbuf_3_7__f_clk_regs/I (gf180mcu_fd_sc_mcu9t5v0__clkbuf_16)
    16    0.36    0.48    0.55   17.85 ^ clkbuf_3_7__f_clk_regs/Z (gf180mcu_fd_sc_mcu9t5v0__clkbuf_16)
                                         clknet_3_7__leaf_clk_regs (net)
                  0.48    0.00   17.85 ^ clkbuf_leaf_44_clk_regs/I (gf180mcu_fd_sc_mcu9t5v0__clkbuf_8)
    21    0.13    0.36    0.52   18.37 ^ clkbuf_leaf_44_clk_regs/Z (gf180mcu_fd_sc_mcu9t5v0__clkbuf_8)
                                         clknet_leaf_44_clk_regs (net)
                  0.36    0.00   18.37 ^ _20230_/CLK (gf180mcu_fd_sc_mcu9t5v0__dffrnq_2)
                          0.00   18.37   clock reconvergence pessimism
                         -0.41   17.96   library setup time
                                 17.96   data required time
-----------------------------------------------------------------------------
                                 17.96   data required time
                                -16.19   data arrival time
-----------------------------------------------------------------------------
                                  1.77   slack (MET)


Startpoint: _20287_ (rising edge-triggered flip-flop clocked by core_clk)
Endpoint: _20194_ (rising edge-triggered flip-flop clocked by core_clk)
Path Group: core_clk
Path Type: max

Fanout     Cap    Slew   Delay    Time   Description
-----------------------------------------------------------------------------
                          0.00    0.00   clock core_clk (rise edge)
                          0.00    0.00   clock source latency
     2    0.09    0.00    0.00    0.00 ^ clk (in)
                                         clk (net)
                  0.00    0.00    0.00 ^ clkbuf_regs_0_core_clk/I (gf180mcu_fd_sc_mcu9t5v0__clkbuf_16)
     1    0.05    0.14    0.28    0.28 ^ clkbuf_regs_0_core_clk/Z (gf180mcu_fd_sc_mcu9t5v0__clkbuf_16)
                                         clk_regs (net)
                  0.14    0.00    0.28 ^ clkbuf_0_clk_regs/I (gf180mcu_fd_sc_mcu9t5v0__clkbuf_16)
     4    0.09    0.18    0.34    0.61 ^ clkbuf_0_clk_regs/Z (gf180mcu_fd_sc_mcu9t5v0__clkbuf_16)
                                         clknet_0_clk_regs (net)
                  0.18    0.00    0.61 ^ clkbuf_2_3_0_clk_regs/I (gf180mcu_fd_sc_mcu9t5v0__clkbuf_8)
     2    0.09    0.28    0.41    1.02 ^ clkbuf_2_3_0_clk_regs/Z (gf180mcu_fd_sc_mcu9t5v0__clkbuf_8)
                                         clknet_2_3_0_clk_regs (net)
                  0.28    0.00    1.02 ^ clkbuf_3_7__f_clk_regs/I (gf180mcu_fd_sc_mcu9t5v0__clkbuf_16)
    16    0.36    0.48    0.55    1.57 ^ clkbuf_3_7__f_clk_regs/Z (gf180mcu_fd_sc_mcu9t5v0__clkbuf_16)
                                         clknet_3_7__leaf_clk_regs (net)
                  0.48    0.00    1.57 ^ clkbuf_leaf_47_clk_regs/I (gf180mcu_fd_sc_mcu9t5v0__clkbuf_8)
    24    0.13    0.36    0.52    2.09 ^ clkbuf_leaf_47_clk_regs/Z (gf180mcu_fd_sc_mcu9t5v0__clkbuf_8)
                                         clknet_leaf_47_clk_regs (net)
                  0.36    0.00    2.09 ^ _20287_/CLK (gf180mcu_fd_sc_mcu9t5v0__dffrnq_2)
     4    0.07    0.75    1.68    3.77 ^ _20287_/Q (gf180mcu_fd_sc_mcu9t5v0__dffrnq_2)
                                         u_transform_scheduler_core.u_mixed_radix_butterfly.scalar_coefficient[4] (net)
                  0.75    0.00    3.77 ^ place645/I (gf180mcu_fd_sc_mcu9t5v0__buf_8)
    11    0.07    0.24    0.40    4.16 ^ place645/Z (gf180mcu_fd_sc_mcu9t5v0__buf_8)
                                         net645 (net)
                  0.24    0.00    4.16 ^ _14661_/A4 (gf180mcu_fd_sc_mcu9t5v0__and4_1)
     3    0.02    0.52    0.96    5.12 ^ _14661_/Z (gf180mcu_fd_sc_mcu9t5v0__and4_1)
                                         _08955_ (net)
                  0.52    0.00    5.12 ^ _14664_/A2 (gf180mcu_fd_sc_mcu9t5v0__nor3_1)
     1    0.01    0.44    0.29    5.41 v _14664_/ZN (gf180mcu_fd_sc_mcu9t5v0__nor3_1)
                                         _08958_ (net)
                  0.44    0.00    5.41 v _14665_/A1 (gf180mcu_fd_sc_mcu9t5v0__nor2_1)
     2    0.02    0.81    0.58    5.99 ^ _14665_/ZN (gf180mcu_fd_sc_mcu9t5v0__nor2_1)
                                         _08959_ (net)
                  0.81    0.00    5.99 ^ _14668_/A1 (gf180mcu_fd_sc_mcu9t5v0__xnor2_1)
     2    0.02    0.83    0.73    6.72 ^ _14668_/ZN (gf180mcu_fd_sc_mcu9t5v0__xnor2_1)
                                         _08962_ (net)
                  0.83    0.00    6.72 ^ _14669_/A2 (gf180mcu_fd_sc_mcu9t5v0__xor2_1)
     2    0.01    0.85    0.76    7.48 ^ _14669_/Z (gf180mcu_fd_sc_mcu9t5v0__xor2_1)
                                         _08963_ (net)
                  0.85    0.00    7.48 ^ _14714_/A2 (gf180mcu_fd_sc_mcu9t5v0__xor3_1)
     2    0.02    1.00    1.75    9.22 ^ _14714_/Z (gf180mcu_fd_sc_mcu9t5v0__xor3_1)
                                         _09008_ (net)
                  1.00    0.00    9.22 ^ _14718_/A2 (gf180mcu_fd_sc_mcu9t5v0__xnor2_1)
     2    0.02    0.78    0.77   10.00 ^ _14718_/ZN (gf180mcu_fd_sc_mcu9t5v0__xnor2_1)
                                         _09012_ (net)
                  0.78    0.00   10.00 ^ _14748_/A1 (gf180mcu_fd_sc_mcu9t5v0__xnor2_1)
     2    0.02    0.85    0.73   10.73 ^ _14748_/ZN (gf180mcu_fd_sc_mcu9t5v0__xnor2_1)
                                         _09042_ (net)
                  0.85    0.00   10.73 ^ _14821_/A1 (gf180mcu_fd_sc_mcu9t5v0__xnor2_1)
     2    0.02    1.05    0.79   11.52 ^ _14821_/ZN (gf180mcu_fd_sc_mcu9t5v0__xnor2_1)
                                         _09115_ (net)
                  1.05    0.00   11.52 ^ _14822_/B (gf180mcu_fd_sc_mcu9t5v0__aoi21_2)
     2    0.01    0.51    0.38   11.90 v _14822_/ZN (gf180mcu_fd_sc_mcu9t5v0__aoi21_2)
                                         _09116_ (net)
                  0.51    0.00   11.90 v _14824_/A2 (gf180mcu_fd_sc_mcu9t5v0__oai21_1)
     2    0.01    0.63    0.50   12.40 ^ _14824_/ZN (gf180mcu_fd_sc_mcu9t5v0__oai21_1)
                                         _09118_ (net)
                  0.63    0.00   12.40 ^ _14826_/A2 (gf180mcu_fd_sc_mcu9t5v0__aoi21_1)
     3    0.02    0.54    0.35   12.75 v _14826_/ZN (gf180mcu_fd_sc_mcu9t5v0__aoi21_1)
                                         _09120_ (net)
                  0.54    0.00   12.75 v _14828_/A1 (gf180mcu_fd_sc_mcu9t5v0__oai21_1)
     2    0.02    0.86    0.65   13.40 ^ _14828_/ZN (gf180mcu_fd_sc_mcu9t5v0__oai21_1)
                                         _09122_ (net)
                  0.86    0.00   13.40 ^ _14857_/A1 (gf180mcu_fd_sc_mcu9t5v0__aoi21_2)
     3    0.02    0.54    0.32   13.71 v _14857_/ZN (gf180mcu_fd_sc_mcu9t5v0__aoi21_2)
                                         _09151_ (net)
                  0.54    0.00   13.71 v _15014_/A2 (gf180mcu_fd_sc_mcu9t5v0__oai21_2)
     3    0.03    0.73    0.57   14.28 ^ _15014_/ZN (gf180mcu_fd_sc_mcu9t5v0__oai21_2)
                                         _09273_ (net)
                  0.73    0.00   14.28 ^ _15054_/A2 (gf180mcu_fd_sc_mcu9t5v0__nand2_1)
     1    0.01    0.35    0.25   14.53 v _15054_/ZN (gf180mcu_fd_sc_mcu9t5v0__nand2_1)
                                         _09311_ (net)
                  0.35    0.00   14.53 v _15055_/A2 (gf180mcu_fd_sc_mcu9t5v0__xor2_1)
     1    0.03    0.73    0.92   15.45 v _15055_/Z (gf180mcu_fd_sc_mcu9t5v0__xor2_1)
                                         _09312_ (net)
                  0.73    0.00   15.45 v place400/I (gf180mcu_fd_sc_mcu9t5v0__buf_8)
     4    0.03    0.14    0.48   15.92 v place400/Z (gf180mcu_fd_sc_mcu9t5v0__buf_8)
                                         net400 (net)
                  0.14    0.00   15.92 v _15141_/A1 (gf180mcu_fd_sc_mcu9t5v0__oai21_1)
     1    0.00    0.38    0.27   16.19 ^ _15141_/ZN (gf180mcu_fd_sc_mcu9t5v0__oai21_1)
                                         _00746_ (net)
                  0.38    0.00   16.19 ^ _20194_/D (gf180mcu_fd_sc_mcu9t5v0__dffrnq_2)
                                 16.19   data arrival time

                         16.28   16.28   clock core_clk (rise edge)
                          0.00   16.28   clock source latency
     2    0.09    0.00    0.00   16.28 ^ clk (in)
                                         clk (net)
                  0.00    0.00   16.28 ^ clkbuf_regs_0_core_clk/I (gf180mcu_fd_sc_mcu9t5v0__clkbuf_16)
     1    0.05    0.14    0.28   16.55 ^ clkbuf_regs_0_core_clk/Z (gf180mcu_fd_sc_mcu9t5v0__clkbuf_16)
                                         clk_regs (net)
                  0.14    0.00   16.55 ^ clkbuf_0_clk_regs/I (gf180mcu_fd_sc_mcu9t5v0__clkbuf_16)
     4    0.09    0.18    0.34   16.89 ^ clkbuf_0_clk_regs/Z (gf180mcu_fd_sc_mcu9t5v0__clkbuf_16)
                                         clknet_0_clk_regs (net)
                  0.18    0.00   16.89 ^ clkbuf_2_3_0_clk_regs/I (gf180mcu_fd_sc_mcu9t5v0__clkbuf_8)
     2    0.09    0.28    0.41   17.30 ^ clkbuf_2_3_0_clk_regs/Z (gf180mcu_fd_sc_mcu9t5v0__clkbuf_8)
                                         clknet_2_3_0_clk_regs (net)
                  0.28    0.00   17.30 ^ clkbuf_3_7__f_clk_regs/I (gf180mcu_fd_sc_mcu9t5v0__clkbuf_16)
    16    0.36    0.48    0.55   17.85 ^ clkbuf_3_7__f_clk_regs/Z (gf180mcu_fd_sc_mcu9t5v0__clkbuf_16)
                                         clknet_3_7__leaf_clk_regs (net)
                  0.48    0.00   17.85 ^ clkbuf_leaf_42_clk_regs/I (gf180mcu_fd_sc_mcu9t5v0__clkbuf_8)
    22    0.13    0.36    0.52   18.37 ^ clkbuf_leaf_42_clk_regs/Z (gf180mcu_fd_sc_mcu9t5v0__clkbuf_8)
                                         clknet_leaf_42_clk_regs (net)
                  0.36    0.00   18.37 ^ _20194_/CLK (gf180mcu_fd_sc_mcu9t5v0__dffrnq_2)
                          0.00   18.37   clock reconvergence pessimism
                         -0.41   17.96   library setup time
                                 17.96   data required time
-----------------------------------------------------------------------------
                                 17.96   data required time
                                -16.19   data arrival time
-----------------------------------------------------------------------------
                                  1.77   slack (MET)


Startpoint: _20287_ (rising edge-triggered flip-flop clocked by core_clk)
Endpoint: _20212_ (rising edge-triggered flip-flop clocked by core_clk)
Path Group: core_clk
Path Type: max

Fanout     Cap    Slew   Delay    Time   Description
-----------------------------------------------------------------------------
                          0.00    0.00   clock core_clk (rise edge)
                          0.00    0.00   clock source latency
     2    0.09    0.00    0.00    0.00 ^ clk (in)
                                         clk (net)
                  0.00    0.00    0.00 ^ clkbuf_regs_0_core_clk/I (gf180mcu_fd_sc_mcu9t5v0__clkbuf_16)
     1    0.05    0.14    0.28    0.28 ^ clkbuf_regs_0_core_clk/Z (gf180mcu_fd_sc_mcu9t5v0__clkbuf_16)
                                         clk_regs (net)
                  0.14    0.00    0.28 ^ clkbuf_0_clk_regs/I (gf180mcu_fd_sc_mcu9t5v0__clkbuf_16)
     4    0.09    0.18    0.34    0.61 ^ clkbuf_0_clk_regs/Z (gf180mcu_fd_sc_mcu9t5v0__clkbuf_16)
                                         clknet_0_clk_regs (net)
                  0.18    0.00    0.61 ^ clkbuf_2_3_0_clk_regs/I (gf180mcu_fd_sc_mcu9t5v0__clkbuf_8)
     2    0.09    0.28    0.41    1.02 ^ clkbuf_2_3_0_clk_regs/Z (gf180mcu_fd_sc_mcu9t5v0__clkbuf_8)
                                         clknet_2_3_0_clk_regs (net)
                  0.28    0.00    1.02 ^ clkbuf_3_7__f_clk_regs/I (gf180mcu_fd_sc_mcu9t5v0__clkbuf_16)
    16    0.36    0.48    0.55    1.57 ^ clkbuf_3_7__f_clk_regs/Z (gf180mcu_fd_sc_mcu9t5v0__clkbuf_16)
                                         clknet_3_7__leaf_clk_regs (net)
                  0.48    0.00    1.57 ^ clkbuf_leaf_47_clk_regs/I (gf180mcu_fd_sc_mcu9t5v0__clkbuf_8)
    24    0.13    0.36    0.52    2.09 ^ clkbuf_leaf_47_clk_regs/Z (gf180mcu_fd_sc_mcu9t5v0__clkbuf_8)
                                         clknet_leaf_47_clk_regs (net)
                  0.36    0.00    2.09 ^ _20287_/CLK (gf180mcu_fd_sc_mcu9t5v0__dffrnq_2)
     4    0.07    0.75    1.68    3.77 ^ _20287_/Q (gf180mcu_fd_sc_mcu9t5v0__dffrnq_2)
                                         u_transform_scheduler_core.u_mixed_radix_butterfly.scalar_coefficient[4] (net)
                  0.75    0.00    3.77 ^ place645/I (gf180mcu_fd_sc_mcu9t5v0__buf_8)
    11    0.07    0.24    0.40    4.16 ^ place645/Z (gf180mcu_fd_sc_mcu9t5v0__buf_8)
                                         net645 (net)
                  0.24    0.00    4.16 ^ _14661_/A4 (gf180mcu_fd_sc_mcu9t5v0__and4_1)
     3    0.02    0.52    0.96    5.12 ^ _14661_/Z (gf180mcu_fd_sc_mcu9t5v0__and4_1)
                                         _08955_ (net)
                  0.52    0.00    5.12 ^ _14664_/A2 (gf180mcu_fd_sc_mcu9t5v0__nor3_1)
     1    0.01    0.44    0.29    5.41 v _14664_/ZN (gf180mcu_fd_sc_mcu9t5v0__nor3_1)
                                         _08958_ (net)
                  0.44    0.00    5.41 v _14665_/A1 (gf180mcu_fd_sc_mcu9t5v0__nor2_1)
     2    0.02    0.81    0.58    5.99 ^ _14665_/ZN (gf180mcu_fd_sc_mcu9t5v0__nor2_1)
                                         _08959_ (net)
                  0.81    0.00    5.99 ^ _14668_/A1 (gf180mcu_fd_sc_mcu9t5v0__xnor2_1)
     2    0.02    0.83    0.73    6.72 ^ _14668_/ZN (gf180mcu_fd_sc_mcu9t5v0__xnor2_1)
                                         _08962_ (net)
                  0.83    0.00    6.72 ^ _14669_/A2 (gf180mcu_fd_sc_mcu9t5v0__xor2_1)
     2    0.01    0.85    0.76    7.48 ^ _14669_/Z (gf180mcu_fd_sc_mcu9t5v0__xor2_1)
                                         _08963_ (net)
                  0.85    0.00    7.48 ^ _14714_/A2 (gf180mcu_fd_sc_mcu9t5v0__xor3_1)
     2    0.02    1.00    1.75    9.22 ^ _14714_/Z (gf180mcu_fd_sc_mcu9t5v0__xor3_1)
                                         _09008_ (net)
                  1.00    0.00    9.22 ^ _14718_/A2 (gf180mcu_fd_sc_mcu9t5v0__xnor2_1)
     2    0.02    0.78    0.77   10.00 ^ _14718_/ZN (gf180mcu_fd_sc_mcu9t5v0__xnor2_1)
                                         _09012_ (net)
                  0.78    0.00   10.00 ^ _14748_/A1 (gf180mcu_fd_sc_mcu9t5v0__xnor2_1)
     2    0.02    0.85    0.73   10.73 ^ _14748_/ZN (gf180mcu_fd_sc_mcu9t5v0__xnor2_1)
                                         _09042_ (net)
                  0.85    0.00   10.73 ^ _14821_/A1 (gf180mcu_fd_sc_mcu9t5v0__xnor2_1)
     2    0.02    1.05    0.79   11.52 ^ _14821_/ZN (gf180mcu_fd_sc_mcu9t5v0__xnor2_1)
                                         _09115_ (net)
                  1.05    0.00   11.52 ^ _14822_/B (gf180mcu_fd_sc_mcu9t5v0__aoi21_2)
     2    0.01    0.51    0.38   11.90 v _14822_/ZN (gf180mcu_fd_sc_mcu9t5v0__aoi21_2)
                                         _09116_ (net)
                  0.51    0.00   11.90 v _14824_/A2 (gf180mcu_fd_sc_mcu9t5v0__oai21_1)
     2    0.01    0.63    0.50   12.40 ^ _14824_/ZN (gf180mcu_fd_sc_mcu9t5v0__oai21_1)
                                         _09118_ (net)
                  0.63    0.00   12.40 ^ _14826_/A2 (gf180mcu_fd_sc_mcu9t5v0__aoi21_1)
     3    0.02    0.54    0.35   12.75 v _14826_/ZN (gf180mcu_fd_sc_mcu9t5v0__aoi21_1)
                                         _09120_ (net)
                  0.54    0.00   12.75 v _14828_/A1 (gf180mcu_fd_sc_mcu9t5v0__oai21_1)
     2    0.02    0.86    0.65   13.40 ^ _14828_/ZN (gf180mcu_fd_sc_mcu9t5v0__oai21_1)
                                         _09122_ (net)
                  0.86    0.00   13.40 ^ _14857_/A1 (gf180mcu_fd_sc_mcu9t5v0__aoi21_2)
     3    0.02    0.54    0.32   13.71 v _14857_/ZN (gf180mcu_fd_sc_mcu9t5v0__aoi21_2)
                                         _09151_ (net)
                  0.54    0.00   13.71 v _15014_/A2 (gf180mcu_fd_sc_mcu9t5v0__oai21_2)
     3    0.03    0.73    0.57   14.28 ^ _15014_/ZN (gf180mcu_fd_sc_mcu9t5v0__oai21_2)
                                         _09273_ (net)
                  0.73    0.00   14.28 ^ _15054_/A2 (gf180mcu_fd_sc_mcu9t5v0__nand2_1)
     1    0.01    0.35    0.25   14.53 v _15054_/ZN (gf180mcu_fd_sc_mcu9t5v0__nand2_1)
                                         _09311_ (net)
                  0.35    0.00   14.53 v _15055_/A2 (gf180mcu_fd_sc_mcu9t5v0__xor2_1)
     1    0.03    0.73    0.92   15.45 v _15055_/Z (gf180mcu_fd_sc_mcu9t5v0__xor2_1)
                                         _09312_ (net)
                  0.73    0.00   15.45 v place400/I (gf180mcu_fd_sc_mcu9t5v0__buf_8)
     4    0.03    0.14    0.48   15.92 v place400/Z (gf180mcu_fd_sc_mcu9t5v0__buf_8)
                                         net400 (net)
                  0.14    0.00   15.92 v _15119_/A1 (gf180mcu_fd_sc_mcu9t5v0__oai21_1)
     1    0.00    0.38    0.27   16.19 ^ _15119_/ZN (gf180mcu_fd_sc_mcu9t5v0__oai21_1)
                                         _00729_ (net)
                  0.38    0.00   16.19 ^ _20212_/D (gf180mcu_fd_sc_mcu9t5v0__dffrnq_2)
                                 16.19   data arrival time

                         16.28   16.28   clock core_clk (rise edge)
                          0.00   16.28   clock source latency
     2    0.09    0.00    0.00   16.28 ^ clk (in)
                                         clk (net)
                  0.00    0.00   16.28 ^ clkbuf_regs_0_core_clk/I (gf180mcu_fd_sc_mcu9t5v0__clkbuf_16)
     1    0.05    0.14    0.28   16.55 ^ clkbuf_regs_0_core_clk/Z (gf180mcu_fd_sc_mcu9t5v0__clkbuf_16)
                                         clk_regs (net)
                  0.14    0.00   16.55 ^ clkbuf_0_clk_regs/I (gf180mcu_fd_sc_mcu9t5v0__clkbuf_16)
     4    0.09    0.18    0.34   16.89 ^ clkbuf_0_clk_regs/Z (gf180mcu_fd_sc_mcu9t5v0__clkbuf_16)
                                         clknet_0_clk_regs (net)
                  0.18    0.00   16.89 ^ clkbuf_2_3_0_clk_regs/I (gf180mcu_fd_sc_mcu9t5v0__clkbuf_8)
     2    0.09    0.28    0.41   17.30 ^ clkbuf_2_3_0_clk_regs/Z (gf180mcu_fd_sc_mcu9t5v0__clkbuf_8)
                                         clknet_2_3_0_clk_regs (net)
                  0.28    0.00   17.30 ^ clkbuf_3_7__f_clk_regs/I (gf180mcu_fd_sc_mcu9t5v0__clkbuf_16)
    16    0.36    0.48    0.55   17.85 ^ clkbuf_3_7__f_clk_regs/Z (gf180mcu_fd_sc_mcu9t5v0__clkbuf_16)
                                         clknet_3_7__leaf_clk_regs (net)
                  0.48    0.00   17.85 ^ clkbuf_leaf_41_clk_regs/I (gf180mcu_fd_sc_mcu9t5v0__clkbuf_8)
    22    0.13    0.36    0.52   18.37 ^ clkbuf_leaf_41_clk_regs/Z (gf180mcu_fd_sc_mcu9t5v0__clkbuf_8)
                                         clknet_leaf_41_clk_regs (net)
                  0.36    0.00   18.37 ^ _20212_/CLK (gf180mcu_fd_sc_mcu9t5v0__dffrnq_2)
                          0.00   18.37   clock reconvergence pessimism
                         -0.41   17.96   library setup time
                                 17.96   data required time
-----------------------------------------------------------------------------
                                 17.96   data required time
                                -16.19   data arrival time
-----------------------------------------------------------------------------
                                  1.77   slack (MET)


Startpoint: _20287_ (rising edge-triggered flip-flop clocked by core_clk)
Endpoint: _20164_ (rising edge-triggered flip-flop clocked by core_clk)
Path Group: core_clk
Path Type: max

Fanout     Cap    Slew   Delay    Time   Description
-----------------------------------------------------------------------------
                          0.00    0.00   clock core_clk (rise edge)
                          0.00    0.00   clock source latency
     2    0.09    0.00    0.00    0.00 ^ clk (in)
                                         clk (net)
                  0.00    0.00    0.00 ^ clkbuf_regs_0_core_clk/I (gf180mcu_fd_sc_mcu9t5v0__clkbuf_16)
     1    0.05    0.14    0.28    0.28 ^ clkbuf_regs_0_core_clk/Z (gf180mcu_fd_sc_mcu9t5v0__clkbuf_16)
                                         clk_regs (net)
                  0.14    0.00    0.28 ^ clkbuf_0_clk_regs/I (gf180mcu_fd_sc_mcu9t5v0__clkbuf_16)
     4    0.09    0.18    0.34    0.61 ^ clkbuf_0_clk_regs/Z (gf180mcu_fd_sc_mcu9t5v0__clkbuf_16)
                                         clknet_0_clk_regs (net)
                  0.18    0.00    0.61 ^ clkbuf_2_3_0_clk_regs/I (gf180mcu_fd_sc_mcu9t5v0__clkbuf_8)
     2    0.09    0.28    0.41    1.02 ^ clkbuf_2_3_0_clk_regs/Z (gf180mcu_fd_sc_mcu9t5v0__clkbuf_8)
                                         clknet_2_3_0_clk_regs (net)
                  0.28    0.00    1.02 ^ clkbuf_3_7__f_clk_regs/I (gf180mcu_fd_sc_mcu9t5v0__clkbuf_16)
    16    0.36    0.48    0.55    1.57 ^ clkbuf_3_7__f_clk_regs/Z (gf180mcu_fd_sc_mcu9t5v0__clkbuf_16)
                                         clknet_3_7__leaf_clk_regs (net)
                  0.48    0.00    1.57 ^ clkbuf_leaf_47_clk_regs/I (gf180mcu_fd_sc_mcu9t5v0__clkbuf_8)
    24    0.13    0.36    0.52    2.09 ^ clkbuf_leaf_47_clk_regs/Z (gf180mcu_fd_sc_mcu9t5v0__clkbuf_8)
                                         clknet_leaf_47_clk_regs (net)
                  0.36    0.00    2.09 ^ _20287_/CLK (gf180mcu_fd_sc_mcu9t5v0__dffrnq_2)
     4    0.07    0.75    1.68    3.77 ^ _20287_/Q (gf180mcu_fd_sc_mcu9t5v0__dffrnq_2)
                                         u_transform_scheduler_core.u_mixed_radix_butterfly.scalar_coefficient[4] (net)
                  0.75    0.00    3.77 ^ place645/I (gf180mcu_fd_sc_mcu9t5v0__buf_8)
    11    0.07    0.24    0.40    4.16 ^ place645/Z (gf180mcu_fd_sc_mcu9t5v0__buf_8)
                                         net645 (net)
                  0.24    0.00    4.16 ^ _14661_/A4 (gf180mcu_fd_sc_mcu9t5v0__and4_1)
     3    0.02    0.52    0.96    5.12 ^ _14661_/Z (gf180mcu_fd_sc_mcu9t5v0__and4_1)
                                         _08955_ (net)
                  0.52    0.00    5.12 ^ _14664_/A2 (gf180mcu_fd_sc_mcu9t5v0__nor3_1)
     1    0.01    0.44    0.29    5.41 v _14664_/ZN (gf180mcu_fd_sc_mcu9t5v0__nor3_1)
                                         _08958_ (net)
                  0.44    0.00    5.41 v _14665_/A1 (gf180mcu_fd_sc_mcu9t5v0__nor2_1)
     2    0.02    0.81    0.58    5.99 ^ _14665_/ZN (gf180mcu_fd_sc_mcu9t5v0__nor2_1)
                                         _08959_ (net)
                  0.81    0.00    5.99 ^ _14668_/A1 (gf180mcu_fd_sc_mcu9t5v0__xnor2_1)
     2    0.02    0.83    0.73    6.72 ^ _14668_/ZN (gf180mcu_fd_sc_mcu9t5v0__xnor2_1)
                                         _08962_ (net)
                  0.83    0.00    6.72 ^ _14669_/A2 (gf180mcu_fd_sc_mcu9t5v0__xor2_1)
     2    0.01    0.85    0.76    7.48 ^ _14669_/Z (gf180mcu_fd_sc_mcu9t5v0__xor2_1)
                                         _08963_ (net)
                  0.85    0.00    7.48 ^ _14714_/A2 (gf180mcu_fd_sc_mcu9t5v0__xor3_1)
     2    0.02    1.00    1.75    9.22 ^ _14714_/Z (gf180mcu_fd_sc_mcu9t5v0__xor3_1)
                                         _09008_ (net)
                  1.00    0.00    9.22 ^ _14718_/A2 (gf180mcu_fd_sc_mcu9t5v0__xnor2_1)
     2    0.02    0.78    0.77   10.00 ^ _14718_/ZN (gf180mcu_fd_sc_mcu9t5v0__xnor2_1)
                                         _09012_ (net)
                  0.78    0.00   10.00 ^ _14748_/A1 (gf180mcu_fd_sc_mcu9t5v0__xnor2_1)
     2    0.02    0.85    0.73   10.73 ^ _14748_/ZN (gf180mcu_fd_sc_mcu9t5v0__xnor2_1)
                                         _09042_ (net)
                  0.85    0.00   10.73 ^ _14821_/A1 (gf180mcu_fd_sc_mcu9t5v0__xnor2_1)
     2    0.02    1.05    0.79   11.52 ^ _14821_/ZN (gf180mcu_fd_sc_mcu9t5v0__xnor2_1)
                                         _09115_ (net)
                  1.05    0.00   11.52 ^ _14822_/B (gf180mcu_fd_sc_mcu9t5v0__aoi21_2)
     2    0.01    0.51    0.38   11.90 v _14822_/ZN (gf180mcu_fd_sc_mcu9t5v0__aoi21_2)
                                         _09116_ (net)
                  0.51    0.00   11.90 v _14824_/A2 (gf180mcu_fd_sc_mcu9t5v0__oai21_1)
     2    0.01    0.63    0.50   12.40 ^ _14824_/ZN (gf180mcu_fd_sc_mcu9t5v0__oai21_1)
                                         _09118_ (net)
                  0.63    0.00   12.40 ^ _14826_/A2 (gf180mcu_fd_sc_mcu9t5v0__aoi21_1)
     3    0.02    0.54    0.35   12.75 v _14826_/ZN (gf180mcu_fd_sc_mcu9t5v0__aoi21_1)
                                         _09120_ (net)
                  0.54    0.00   12.75 v _14828_/A1 (gf180mcu_fd_sc_mcu9t5v0__oai21_1)
     2    0.02    0.86    0.65   13.40 ^ _14828_/ZN (gf180mcu_fd_sc_mcu9t5v0__oai21_1)
                                         _09122_ (net)
                  0.86    0.00   13.40 ^ _14857_/A1 (gf180mcu_fd_sc_mcu9t5v0__aoi21_2)
     3    0.02    0.54    0.32   13.71 v _14857_/ZN (gf180mcu_fd_sc_mcu9t5v0__aoi21_2)
                                         _09151_ (net)
                  0.54    0.00   13.71 v _15058_/A2 (gf180mcu_fd_sc_mcu9t5v0__or3_1)
     1    0.01    0.34    1.00   14.71 v _15058_/Z (gf180mcu_fd_sc_mcu9t5v0__or3_1)
                                         _09314_ (net)
                  0.34    0.00   14.71 v _15059_/A2 (gf180mcu_fd_sc_mcu9t5v0__nand2_1)
     1    0.03    0.75    0.54   15.25 ^ _15059_/ZN (gf180mcu_fd_sc_mcu9t5v0__nand2_1)
                                         _09315_ (net)
                  0.75    0.00   15.25 ^ place419/I (gf180mcu_fd_sc_mcu9t5v0__buf_8)
     8    0.06    0.21    0.38   15.63 ^ place419/Z (gf180mcu_fd_sc_mcu9t5v0__buf_8)
                                         net419 (net)
                  0.21    0.00   15.63 ^ _18748_/A1 (gf180mcu_fd_sc_mcu9t5v0__oai21_1)
     1    0.00    0.69    0.16   15.79 v _18748_/ZN (gf180mcu_fd_sc_mcu9t5v0__oai21_1)
                                         _01871_ (net)
                  0.69    0.00   15.79 v _20164_/D (gf180mcu_fd_sc_mcu9t5v0__dffrnq_2)
                                 15.79   data arrival time

                         16.28   16.28   clock core_clk (rise edge)
                          0.00   16.28   clock source latency
     2    0.09    0.00    0.00   16.28 ^ clk (in)
                                         clk (net)
                  0.00    0.00   16.28 ^ clkbuf_regs_0_core_clk/I (gf180mcu_fd_sc_mcu9t5v0__clkbuf_16)
     1    0.05    0.14    0.28   16.55 ^ clkbuf_regs_0_core_clk/Z (gf180mcu_fd_sc_mcu9t5v0__clkbuf_16)
                                         clk_regs (net)
                  0.14    0.00   16.55 ^ clkbuf_0_clk_regs/I (gf180mcu_fd_sc_mcu9t5v0__clkbuf_16)
     4    0.09    0.18    0.34   16.89 ^ clkbuf_0_clk_regs/Z (gf180mcu_fd_sc_mcu9t5v0__clkbuf_16)
                                         clknet_0_clk_regs (net)
                  0.18    0.00   16.89 ^ clkbuf_2_3_0_clk_regs/I (gf180mcu_fd_sc_mcu9t5v0__clkbuf_8)
     2    0.09    0.28    0.41   17.30 ^ clkbuf_2_3_0_clk_regs/Z (gf180mcu_fd_sc_mcu9t5v0__clkbuf_8)
                                         clknet_2_3_0_clk_regs (net)
                  0.28    0.00   17.30 ^ clkbuf_3_7__f_clk_regs/I (gf180mcu_fd_sc_mcu9t5v0__clkbuf_16)
    16    0.36    0.48    0.55   17.85 ^ clkbuf_3_7__f_clk_regs/Z (gf180mcu_fd_sc_mcu9t5v0__clkbuf_16)
                                         clknet_3_7__leaf_clk_regs (net)
                  0.48    0.00   17.85 ^ clkbuf_leaf_62_clk_regs/I (gf180mcu_fd_sc_mcu9t5v0__clkbuf_8)
    21    0.13    0.36    0.52   18.37 ^ clkbuf_leaf_62_clk_regs/Z (gf180mcu_fd_sc_mcu9t5v0__clkbuf_8)
                                         clknet_leaf_62_clk_regs (net)
                  0.36    0.00   18.37 ^ _20164_/CLK (gf180mcu_fd_sc_mcu9t5v0__dffrnq_2)
                          0.00   18.37   clock reconvergence pessimism
                         -0.46   17.91   library setup time
                                 17.91   data required time
-----------------------------------------------------------------------------
                                 17.91   data required time
                                -15.79   data arrival time
-----------------------------------------------------------------------------
                                  2.11   slack (MET)


Startpoint: _20287_ (rising edge-triggered flip-flop clocked by core_clk)
Endpoint: _20150_ (rising edge-triggered flip-flop clocked by core_clk)
Path Group: core_clk
Path Type: max

Fanout     Cap    Slew   Delay    Time   Description
-----------------------------------------------------------------------------
                          0.00    0.00   clock core_clk (rise edge)
                          0.00    0.00   clock source latency
     2    0.09    0.00    0.00    0.00 ^ clk (in)
                                         clk (net)
                  0.00    0.00    0.00 ^ clkbuf_regs_0_core_clk/I (gf180mcu_fd_sc_mcu9t5v0__clkbuf_16)
     1    0.05    0.14    0.28    0.28 ^ clkbuf_regs_0_core_clk/Z (gf180mcu_fd_sc_mcu9t5v0__clkbuf_16)
                                         clk_regs (net)
                  0.14    0.00    0.28 ^ clkbuf_0_clk_regs/I (gf180mcu_fd_sc_mcu9t5v0__clkbuf_16)
     4    0.09    0.18    0.34    0.61 ^ clkbuf_0_clk_regs/Z (gf180mcu_fd_sc_mcu9t5v0__clkbuf_16)
                                         clknet_0_clk_regs (net)
                  0.18    0.00    0.61 ^ clkbuf_2_3_0_clk_regs/I (gf180mcu_fd_sc_mcu9t5v0__clkbuf_8)
     2    0.09    0.28    0.41    1.02 ^ clkbuf_2_3_0_clk_regs/Z (gf180mcu_fd_sc_mcu9t5v0__clkbuf_8)
                                         clknet_2_3_0_clk_regs (net)
                  0.28    0.00    1.02 ^ clkbuf_3_7__f_clk_regs/I (gf180mcu_fd_sc_mcu9t5v0__clkbuf_16)
    16    0.36    0.48    0.55    1.57 ^ clkbuf_3_7__f_clk_regs/Z (gf180mcu_fd_sc_mcu9t5v0__clkbuf_16)
                                         clknet_3_7__leaf_clk_regs (net)
                  0.48    0.00    1.57 ^ clkbuf_leaf_47_clk_regs/I (gf180mcu_fd_sc_mcu9t5v0__clkbuf_8)
    24    0.13    0.36    0.52    2.09 ^ clkbuf_leaf_47_clk_regs/Z (gf180mcu_fd_sc_mcu9t5v0__clkbuf_8)
                                         clknet_leaf_47_clk_regs (net)
                  0.36    0.00    2.09 ^ _20287_/CLK (gf180mcu_fd_sc_mcu9t5v0__dffrnq_2)
     4    0.07    0.75    1.68    3.77 ^ _20287_/Q (gf180mcu_fd_sc_mcu9t5v0__dffrnq_2)
                                         u_transform_scheduler_core.u_mixed_radix_butterfly.scalar_coefficient[4] (net)
                  0.75    0.00    3.77 ^ place645/I (gf180mcu_fd_sc_mcu9t5v0__buf_8)
    11    0.07    0.24    0.40    4.16 ^ place645/Z (gf180mcu_fd_sc_mcu9t5v0__buf_8)
                                         net645 (net)
                  0.24    0.00    4.16 ^ _14661_/A4 (gf180mcu_fd_sc_mcu9t5v0__and4_1)
     3    0.02    0.52    0.96    5.12 ^ _14661_/Z (gf180mcu_fd_sc_mcu9t5v0__and4_1)
                                         _08955_ (net)
                  0.52    0.00    5.12 ^ _14664_/A2 (gf180mcu_fd_sc_mcu9t5v0__nor3_1)
     1    0.01    0.44    0.29    5.41 v _14664_/ZN (gf180mcu_fd_sc_mcu9t5v0__nor3_1)
                                         _08958_ (net)
                  0.44    0.00    5.41 v _14665_/A1 (gf180mcu_fd_sc_mcu9t5v0__nor2_1)
     2    0.02    0.81    0.58    5.99 ^ _14665_/ZN (gf180mcu_fd_sc_mcu9t5v0__nor2_1)
                                         _08959_ (net)
                  0.81    0.00    5.99 ^ _14668_/A1 (gf180mcu_fd_sc_mcu9t5v0__xnor2_1)
     2    0.02    0.83    0.73    6.72 ^ _14668_/ZN (gf180mcu_fd_sc_mcu9t5v0__xnor2_1)
                                         _08962_ (net)
                  0.83    0.00    6.72 ^ _14669_/A2 (gf180mcu_fd_sc_mcu9t5v0__xor2_1)
     2    0.01    0.85    0.76    7.48 ^ _14669_/Z (gf180mcu_fd_sc_mcu9t5v0__xor2_1)
                                         _08963_ (net)
                  0.85    0.00    7.48 ^ _14714_/A2 (gf180mcu_fd_sc_mcu9t5v0__xor3_1)
     2    0.02    1.00    1.75    9.22 ^ _14714_/Z (gf180mcu_fd_sc_mcu9t5v0__xor3_1)
                                         _09008_ (net)
                  1.00    0.00    9.22 ^ _14718_/A2 (gf180mcu_fd_sc_mcu9t5v0__xnor2_1)
     2    0.02    0.78    0.77   10.00 ^ _14718_/ZN (gf180mcu_fd_sc_mcu9t5v0__xnor2_1)
                                         _09012_ (net)
                  0.78    0.00   10.00 ^ _14748_/A1 (gf180mcu_fd_sc_mcu9t5v0__xnor2_1)
     2    0.02    0.85    0.73   10.73 ^ _14748_/ZN (gf180mcu_fd_sc_mcu9t5v0__xnor2_1)
                                         _09042_ (net)
                  0.85    0.00   10.73 ^ _14821_/A1 (gf180mcu_fd_sc_mcu9t5v0__xnor2_1)
     2    0.02    1.05    0.79   11.52 ^ _14821_/ZN (gf180mcu_fd_sc_mcu9t5v0__xnor2_1)
                                         _09115_ (net)
                  1.05    0.00   11.52 ^ _14822_/B (gf180mcu_fd_sc_mcu9t5v0__aoi21_2)
     2    0.01    0.51    0.38   11.90 v _14822_/ZN (gf180mcu_fd_sc_mcu9t5v0__aoi21_2)
                                         _09116_ (net)
                  0.51    0.00   11.90 v _14824_/A2 (gf180mcu_fd_sc_mcu9t5v0__oai21_1)
     2    0.01    0.63    0.50   12.40 ^ _14824_/ZN (gf180mcu_fd_sc_mcu9t5v0__oai21_1)
                                         _09118_ (net)
                  0.63    0.00   12.40 ^ _14826_/A2 (gf180mcu_fd_sc_mcu9t5v0__aoi21_1)
     3    0.02    0.54    0.35   12.75 v _14826_/ZN (gf180mcu_fd_sc_mcu9t5v0__aoi21_1)
                                         _09120_ (net)
                  0.54    0.00   12.75 v _14828_/A1 (gf180mcu_fd_sc_mcu9t5v0__oai21_1)
     2    0.02    0.86    0.65   13.40 ^ _14828_/ZN (gf180mcu_fd_sc_mcu9t5v0__oai21_1)
                                         _09122_ (net)
                  0.86    0.00   13.40 ^ _14857_/A1 (gf180mcu_fd_sc_mcu9t5v0__aoi21_2)
     3    0.02    0.54    0.32   13.71 v _14857_/ZN (gf180mcu_fd_sc_mcu9t5v0__aoi21_2)
                                         _09151_ (net)
                  0.54    0.00   13.71 v _15058_/A2 (gf180mcu_fd_sc_mcu9t5v0__or3_1)
     1    0.01    0.34    1.00   14.71 v _15058_/Z (gf180mcu_fd_sc_mcu9t5v0__or3_1)
                                         _09314_ (net)
                  0.34    0.00   14.71 v _15059_/A2 (gf180mcu_fd_sc_mcu9t5v0__nand2_1)
     1    0.03    0.75    0.54   15.25 ^ _15059_/ZN (gf180mcu_fd_sc_mcu9t5v0__nand2_1)
                                         _09315_ (net)
                  0.75    0.00   15.25 ^ place419/I (gf180mcu_fd_sc_mcu9t5v0__buf_8)
     8    0.06    0.21    0.38   15.63 ^ place419/Z (gf180mcu_fd_sc_mcu9t5v0__buf_8)
                                         net419 (net)
                  0.21    0.00   15.63 ^ _18746_/A1 (gf180mcu_fd_sc_mcu9t5v0__aoi21_1)
     1    0.00    0.50    0.16   15.79 v _18746_/ZN (gf180mcu_fd_sc_mcu9t5v0__aoi21_1)
                                         _01870_ (net)
                  0.50    0.00   15.79 v _20150_/D (gf180mcu_fd_sc_mcu9t5v0__dffrnq_2)
                                 15.79   data arrival time

                         16.28   16.28   clock core_clk (rise edge)
                          0.00   16.28   clock source latency
     2    0.09    0.00    0.00   16.28 ^ clk (in)
                                         clk (net)
                  0.00    0.00   16.28 ^ clkbuf_regs_0_core_clk/I (gf180mcu_fd_sc_mcu9t5v0__clkbuf_16)
     1    0.05    0.14    0.28   16.55 ^ clkbuf_regs_0_core_clk/Z (gf180mcu_fd_sc_mcu9t5v0__clkbuf_16)
                                         clk_regs (net)
                  0.14    0.00   16.55 ^ clkbuf_0_clk_regs/I (gf180mcu_fd_sc_mcu9t5v0__clkbuf_16)
     4    0.09    0.18    0.34   16.89 ^ clkbuf_0_clk_regs/Z (gf180mcu_fd_sc_mcu9t5v0__clkbuf_16)
                                         clknet_0_clk_regs (net)
                  0.18    0.00   16.89 ^ clkbuf_2_3_0_clk_regs/I (gf180mcu_fd_sc_mcu9t5v0__clkbuf_8)
     2    0.09    0.28    0.41   17.30 ^ clkbuf_2_3_0_clk_regs/Z (gf180mcu_fd_sc_mcu9t5v0__clkbuf_8)
                                         clknet_2_3_0_clk_regs (net)
                  0.28    0.00   17.30 ^ clkbuf_3_7__f_clk_regs/I (gf180mcu_fd_sc_mcu9t5v0__clkbuf_16)
    16    0.36    0.48    0.55   17.85 ^ clkbuf_3_7__f_clk_regs/Z (gf180mcu_fd_sc_mcu9t5v0__clkbuf_16)
                                         clknet_3_7__leaf_clk_regs (net)
                  0.48    0.00   17.85 ^ clkbuf_leaf_62_clk_regs/I (gf180mcu_fd_sc_mcu9t5v0__clkbuf_8)
    21    0.13    0.36    0.52   18.37 ^ clkbuf_leaf_62_clk_regs/Z (gf180mcu_fd_sc_mcu9t5v0__clkbuf_8)
                                         clknet_leaf_62_clk_regs (net)
                  0.36    0.00   18.37 ^ _20150_/CLK (gf180mcu_fd_sc_mcu9t5v0__dffrnq_2)
                          0.00   18.37   clock reconvergence pessimism
                         -0.40   17.97   library setup time
                                 17.97   data required time
-----------------------------------------------------------------------------
                                 17.97   data required time
                                -15.79   data arrival time
-----------------------------------------------------------------------------
                                  2.17   slack (MET)


Startpoint: _20287_ (rising edge-triggered flip-flop clocked by core_clk)
Endpoint: _20262_ (rising edge-triggered flip-flop clocked by core_clk)
Path Group: core_clk
Path Type: max

Fanout     Cap    Slew   Delay    Time   Description
-----------------------------------------------------------------------------
                          0.00    0.00   clock core_clk (rise edge)
                          0.00    0.00   clock source latency
     2    0.09    0.00    0.00    0.00 ^ clk (in)
                                         clk (net)
                  0.00    0.00    0.00 ^ clkbuf_regs_0_core_clk/I (gf180mcu_fd_sc_mcu9t5v0__clkbuf_16)
     1    0.05    0.14    0.28    0.28 ^ clkbuf_regs_0_core_clk/Z (gf180mcu_fd_sc_mcu9t5v0__clkbuf_16)
                                         clk_regs (net)
                  0.14    0.00    0.28 ^ clkbuf_0_clk_regs/I (gf180mcu_fd_sc_mcu9t5v0__clkbuf_16)
     4    0.09    0.18    0.34    0.61 ^ clkbuf_0_clk_regs/Z (gf180mcu_fd_sc_mcu9t5v0__clkbuf_16)
                                         clknet_0_clk_regs (net)
                  0.18    0.00    0.61 ^ clkbuf_2_3_0_clk_regs/I (gf180mcu_fd_sc_mcu9t5v0__clkbuf_8)
     2    0.09    0.28    0.41    1.02 ^ clkbuf_2_3_0_clk_regs/Z (gf180mcu_fd_sc_mcu9t5v0__clkbuf_8)
                                         clknet_2_3_0_clk_regs (net)
                  0.28    0.00    1.02 ^ clkbuf_3_7__f_clk_regs/I (gf180mcu_fd_sc_mcu9t5v0__clkbuf_16)
    16    0.36    0.48    0.55    1.57 ^ clkbuf_3_7__f_clk_regs/Z (gf180mcu_fd_sc_mcu9t5v0__clkbuf_16)
                                         clknet_3_7__leaf_clk_regs (net)
                  0.48    0.00    1.57 ^ clkbuf_leaf_47_clk_regs/I (gf180mcu_fd_sc_mcu9t5v0__clkbuf_8)
    24    0.13    0.36    0.52    2.09 ^ clkbuf_leaf_47_clk_regs/Z (gf180mcu_fd_sc_mcu9t5v0__clkbuf_8)
                                         clknet_leaf_47_clk_regs (net)
                  0.36    0.00    2.09 ^ _20287_/CLK (gf180mcu_fd_sc_mcu9t5v0__dffrnq_2)
     4    0.07    0.75    1.68    3.77 ^ _20287_/Q (gf180mcu_fd_sc_mcu9t5v0__dffrnq_2)
                                         u_transform_scheduler_core.u_mixed_radix_butterfly.scalar_coefficient[4] (net)
                  0.75    0.00    3.77 ^ place645/I (gf180mcu_fd_sc_mcu9t5v0__buf_8)
    11    0.07    0.24    0.40    4.16 ^ place645/Z (gf180mcu_fd_sc_mcu9t5v0__buf_8)
                                         net645 (net)
                  0.24    0.00    4.16 ^ _14661_/A4 (gf180mcu_fd_sc_mcu9t5v0__and4_1)
     3    0.02    0.52    0.96    5.12 ^ _14661_/Z (gf180mcu_fd_sc_mcu9t5v0__and4_1)
                                         _08955_ (net)
                  0.52    0.00    5.12 ^ _14664_/A2 (gf180mcu_fd_sc_mcu9t5v0__nor3_1)
     1    0.01    0.44    0.29    5.41 v _14664_/ZN (gf180mcu_fd_sc_mcu9t5v0__nor3_1)
                                         _08958_ (net)
                  0.44    0.00    5.41 v _14665_/A1 (gf180mcu_fd_sc_mcu9t5v0__nor2_1)
     2    0.02    0.81    0.58    5.99 ^ _14665_/ZN (gf180mcu_fd_sc_mcu9t5v0__nor2_1)
                                         _08959_ (net)
                  0.81    0.00    5.99 ^ _14668_/A1 (gf180mcu_fd_sc_mcu9t5v0__xnor2_1)
     2    0.02    0.83    0.73    6.72 ^ _14668_/ZN (gf180mcu_fd_sc_mcu9t5v0__xnor2_1)
                                         _08962_ (net)
                  0.83    0.00    6.72 ^ _14669_/A2 (gf180mcu_fd_sc_mcu9t5v0__xor2_1)
     2    0.01    0.85    0.76    7.48 ^ _14669_/Z (gf180mcu_fd_sc_mcu9t5v0__xor2_1)
                                         _08963_ (net)
                  0.85    0.00    7.48 ^ _14714_/A2 (gf180mcu_fd_sc_mcu9t5v0__xor3_1)
     2    0.02    1.00    1.75    9.22 ^ _14714_/Z (gf180mcu_fd_sc_mcu9t5v0__xor3_1)
                                         _09008_ (net)
                  1.00    0.00    9.22 ^ _14718_/A2 (gf180mcu_fd_sc_mcu9t5v0__xnor2_1)
     2    0.02    0.78    0.77   10.00 ^ _14718_/ZN (gf180mcu_fd_sc_mcu9t5v0__xnor2_1)
                                         _09012_ (net)
                  0.78    0.00   10.00 ^ _14748_/A1 (gf180mcu_fd_sc_mcu9t5v0__xnor2_1)
     2    0.02    0.85    0.73   10.73 ^ _14748_/ZN (gf180mcu_fd_sc_mcu9t5v0__xnor2_1)
                                         _09042_ (net)
                  0.85    0.00   10.73 ^ _14821_/A1 (gf180mcu_fd_sc_mcu9t5v0__xnor2_1)
     2    0.02    1.05    0.79   11.52 ^ _14821_/ZN (gf180mcu_fd_sc_mcu9t5v0__xnor2_1)
                                         _09115_ (net)
                  1.05    0.00   11.52 ^ _14822_/B (gf180mcu_fd_sc_mcu9t5v0__aoi21_2)
     2    0.01    0.51    0.38   11.90 v _14822_/ZN (gf180mcu_fd_sc_mcu9t5v0__aoi21_2)
                                         _09116_ (net)
                  0.51    0.00   11.90 v _14824_/A2 (gf180mcu_fd_sc_mcu9t5v0__oai21_1)
     2    0.01    0.63    0.50   12.40 ^ _14824_/ZN (gf180mcu_fd_sc_mcu9t5v0__oai21_1)
                                         _09118_ (net)
                  0.63    0.00   12.40 ^ _14826_/A2 (gf180mcu_fd_sc_mcu9t5v0__aoi21_1)
     3    0.02    0.54    0.35   12.75 v _14826_/ZN (gf180mcu_fd_sc_mcu9t5v0__aoi21_1)
                                         _09120_ (net)
                  0.54    0.00   12.75 v _14828_/A1 (gf180mcu_fd_sc_mcu9t5v0__oai21_1)
     2    0.02    0.86    0.65   13.40 ^ _14828_/ZN (gf180mcu_fd_sc_mcu9t5v0__oai21_1)
                                         _09122_ (net)
                  0.86    0.00   13.40 ^ _14857_/A1 (gf180mcu_fd_sc_mcu9t5v0__aoi21_2)
     3    0.02    0.54    0.32   13.71 v _14857_/ZN (gf180mcu_fd_sc_mcu9t5v0__aoi21_2)
                                         _09151_ (net)
                  0.54    0.00   13.71 v _15058_/A2 (gf180mcu_fd_sc_mcu9t5v0__or3_1)
     1    0.01    0.34    1.00   14.71 v _15058_/Z (gf180mcu_fd_sc_mcu9t5v0__or3_1)
                                         _09314_ (net)
                  0.34    0.00   14.71 v _15059_/A2 (gf180mcu_fd_sc_mcu9t5v0__nand2_1)
     1    0.03    0.75    0.54   15.25 ^ _15059_/ZN (gf180mcu_fd_sc_mcu9t5v0__nand2_1)
                                         _09315_ (net)
                  0.75    0.00   15.25 ^ place419/I (gf180mcu_fd_sc_mcu9t5v0__buf_8)
     8    0.06    0.21    0.38   15.63 ^ place419/Z (gf180mcu_fd_sc_mcu9t5v0__buf_8)
                                         net419 (net)
                  0.21    0.00   15.63 ^ _15061_/A2 (gf180mcu_fd_sc_mcu9t5v0__oai21_1)
     1    0.00    0.23    0.20   15.83 v _15061_/ZN (gf180mcu_fd_sc_mcu9t5v0__oai21_1)
                                         _00681_ (net)
                  0.23    0.00   15.83 v _20262_/D (gf180mcu_fd_sc_mcu9t5v0__dffrnq_2)
                                 15.83   data arrival time

                         16.28   16.28   clock core_clk (rise edge)
                          0.00   16.28   clock source latency
     2    0.09    0.00    0.00   16.28 ^ clk (in)
                                         clk (net)
                  0.00    0.00   16.28 ^ clkbuf_regs_0_core_clk/I (gf180mcu_fd_sc_mcu9t5v0__clkbuf_16)
     1    0.05    0.14    0.28   16.55 ^ clkbuf_regs_0_core_clk/Z (gf180mcu_fd_sc_mcu9t5v0__clkbuf_16)
                                         clk_regs (net)
                  0.14    0.00   16.55 ^ clkbuf_0_clk_regs/I (gf180mcu_fd_sc_mcu9t5v0__clkbuf_16)
     4    0.09    0.18    0.34   16.89 ^ clkbuf_0_clk_regs/Z (gf180mcu_fd_sc_mcu9t5v0__clkbuf_16)
                                         clknet_0_clk_regs (net)
                  0.18    0.00   16.89 ^ clkbuf_2_3_0_clk_regs/I (gf180mcu_fd_sc_mcu9t5v0__clkbuf_8)
     2    0.09    0.28    0.41   17.30 ^ clkbuf_2_3_0_clk_regs/Z (gf180mcu_fd_sc_mcu9t5v0__clkbuf_8)
                                         clknet_2_3_0_clk_regs (net)
                  0.28    0.00   17.30 ^ clkbuf_3_7__f_clk_regs/I (gf180mcu_fd_sc_mcu9t5v0__clkbuf_16)
    16    0.36    0.48    0.55   17.85 ^ clkbuf_3_7__f_clk_regs/Z (gf180mcu_fd_sc_mcu9t5v0__clkbuf_16)
                                         clknet_3_7__leaf_clk_regs (net)
                  0.48    0.00   17.85 ^ clkbuf_leaf_43_clk_regs/I (gf180mcu_fd_sc_mcu9t5v0__clkbuf_8)
    21    0.13    0.36    0.52   18.37 ^ clkbuf_leaf_43_clk_regs/Z (gf180mcu_fd_sc_mcu9t5v0__clkbuf_8)
                                         clknet_leaf_43_clk_regs (net)
                  0.36    0.00   18.37 ^ _20262_/CLK (gf180mcu_fd_sc_mcu9t5v0__dffrnq_2)
                          0.00   18.37   clock reconvergence pessimism
                         -0.32   18.05   library setup time
                                 18.05   data required time
-----------------------------------------------------------------------------
                                 18.05   data required time
                                -15.83   data arrival time
-----------------------------------------------------------------------------
                                  2.22   slack (MET)


Startpoint: _20287_ (rising edge-triggered flip-flop clocked by core_clk)
Endpoint: _20304_ (rising edge-triggered flip-flop clocked by core_clk)
Path Group: core_clk
Path Type: max

Fanout     Cap    Slew   Delay    Time   Description
-----------------------------------------------------------------------------
                          0.00    0.00   clock core_clk (rise edge)
                          0.00    0.00   clock source latency
     2    0.09    0.00    0.00    0.00 ^ clk (in)
                                         clk (net)
                  0.00    0.00    0.00 ^ clkbuf_regs_0_core_clk/I (gf180mcu_fd_sc_mcu9t5v0__clkbuf_16)
     1    0.05    0.14    0.28    0.28 ^ clkbuf_regs_0_core_clk/Z (gf180mcu_fd_sc_mcu9t5v0__clkbuf_16)
                                         clk_regs (net)
                  0.14    0.00    0.28 ^ clkbuf_0_clk_regs/I (gf180mcu_fd_sc_mcu9t5v0__clkbuf_16)
     4    0.09    0.18    0.34    0.61 ^ clkbuf_0_clk_regs/Z (gf180mcu_fd_sc_mcu9t5v0__clkbuf_16)
                                         clknet_0_clk_regs (net)
                  0.18    0.00    0.61 ^ clkbuf_2_3_0_clk_regs/I (gf180mcu_fd_sc_mcu9t5v0__clkbuf_8)
     2    0.09    0.28    0.41    1.02 ^ clkbuf_2_3_0_clk_regs/Z (gf180mcu_fd_sc_mcu9t5v0__clkbuf_8)
                                         clknet_2_3_0_clk_regs (net)
                  0.28    0.00    1.02 ^ clkbuf_3_7__f_clk_regs/I (gf180mcu_fd_sc_mcu9t5v0__clkbuf_16)
    16    0.36    0.48    0.55    1.57 ^ clkbuf_3_7__f_clk_regs/Z (gf180mcu_fd_sc_mcu9t5v0__clkbuf_16)
                                         clknet_3_7__leaf_clk_regs (net)
                  0.48    0.00    1.57 ^ clkbuf_leaf_47_clk_regs/I (gf180mcu_fd_sc_mcu9t5v0__clkbuf_8)
    24    0.13    0.36    0.52    2.09 ^ clkbuf_leaf_47_clk_regs/Z (gf180mcu_fd_sc_mcu9t5v0__clkbuf_8)
                                         clknet_leaf_47_clk_regs (net)
                  0.36    0.00    2.09 ^ _20287_/CLK (gf180mcu_fd_sc_mcu9t5v0__dffrnq_2)
     4    0.07    0.75    1.68    3.77 ^ _20287_/Q (gf180mcu_fd_sc_mcu9t5v0__dffrnq_2)
                                         u_transform_scheduler_core.u_mixed_radix_butterfly.scalar_coefficient[4] (net)
                  0.75    0.00    3.77 ^ place645/I (gf180mcu_fd_sc_mcu9t5v0__buf_8)
    11    0.07    0.24    0.40    4.16 ^ place645/Z (gf180mcu_fd_sc_mcu9t5v0__buf_8)
                                         net645 (net)
                  0.24    0.00    4.16 ^ _14661_/A4 (gf180mcu_fd_sc_mcu9t5v0__and4_1)
     3    0.02    0.52    0.96    5.12 ^ _14661_/Z (gf180mcu_fd_sc_mcu9t5v0__and4_1)
                                         _08955_ (net)
                  0.52    0.00    5.12 ^ _14664_/A2 (gf180mcu_fd_sc_mcu9t5v0__nor3_1)
     1    0.01    0.44    0.29    5.41 v _14664_/ZN (gf180mcu_fd_sc_mcu9t5v0__nor3_1)
                                         _08958_ (net)
                  0.44    0.00    5.41 v _14665_/A1 (gf180mcu_fd_sc_mcu9t5v0__nor2_1)
     2    0.02    0.81    0.58    5.99 ^ _14665_/ZN (gf180mcu_fd_sc_mcu9t5v0__nor2_1)
                                         _08959_ (net)
                  0.81    0.00    5.99 ^ _14668_/A1 (gf180mcu_fd_sc_mcu9t5v0__xnor2_1)
     2    0.02    0.83    0.73    6.72 ^ _14668_/ZN (gf180mcu_fd_sc_mcu9t5v0__xnor2_1)
                                         _08962_ (net)
                  0.83    0.00    6.72 ^ _14669_/A2 (gf180mcu_fd_sc_mcu9t5v0__xor2_1)
     2    0.01    0.85    0.76    7.48 ^ _14669_/Z (gf180mcu_fd_sc_mcu9t5v0__xor2_1)
                                         _08963_ (net)
                  0.85    0.00    7.48 ^ _14714_/A2 (gf180mcu_fd_sc_mcu9t5v0__xor3_1)
     2    0.02    1.00    1.75    9.22 ^ _14714_/Z (gf180mcu_fd_sc_mcu9t5v0__xor3_1)
                                         _09008_ (net)
                  1.00    0.00    9.22 ^ _14718_/A2 (gf180mcu_fd_sc_mcu9t5v0__xnor2_1)
     2    0.02    0.78    0.77   10.00 ^ _14718_/ZN (gf180mcu_fd_sc_mcu9t5v0__xnor2_1)
                                         _09012_ (net)
                  0.78    0.00   10.00 ^ _14748_/A1 (gf180mcu_fd_sc_mcu9t5v0__xnor2_1)
     2    0.02    0.85    0.73   10.73 ^ _14748_/ZN (gf180mcu_fd_sc_mcu9t5v0__xnor2_1)
                                         _09042_ (net)
                  0.85    0.00   10.73 ^ _14821_/A1 (gf180mcu_fd_sc_mcu9t5v0__xnor2_1)
     2    0.02    1.05    0.79   11.52 ^ _14821_/ZN (gf180mcu_fd_sc_mcu9t5v0__xnor2_1)
                                         _09115_ (net)
                  1.05    0.00   11.52 ^ _14822_/B (gf180mcu_fd_sc_mcu9t5v0__aoi21_2)
     2    0.01    0.51    0.38   11.90 v _14822_/ZN (gf180mcu_fd_sc_mcu9t5v0__aoi21_2)
                                         _09116_ (net)
                  0.51    0.00   11.90 v _14824_/A2 (gf180mcu_fd_sc_mcu9t5v0__oai21_1)
     2    0.01    0.63    0.50   12.40 ^ _14824_/ZN (gf180mcu_fd_sc_mcu9t5v0__oai21_1)
                                         _09118_ (net)
                  0.63    0.00   12.40 ^ _14826_/A2 (gf180mcu_fd_sc_mcu9t5v0__aoi21_1)
     3    0.02    0.54    0.35   12.75 v _14826_/ZN (gf180mcu_fd_sc_mcu9t5v0__aoi21_1)
                                         _09120_ (net)
                  0.54    0.00   12.75 v _14828_/A1 (gf180mcu_fd_sc_mcu9t5v0__oai21_1)
     2    0.02    0.86    0.65   13.40 ^ _14828_/ZN (gf180mcu_fd_sc_mcu9t5v0__oai21_1)
                                         _09122_ (net)
                  0.86    0.00   13.40 ^ _14857_/A1 (gf180mcu_fd_sc_mcu9t5v0__aoi21_2)
     3    0.02    0.54    0.32   13.71 v _14857_/ZN (gf180mcu_fd_sc_mcu9t5v0__aoi21_2)
                                         _09151_ (net)
                  0.54    0.00   13.71 v _15058_/A2 (gf180mcu_fd_sc_mcu9t5v0__or3_1)
     1    0.01    0.34    1.00   14.71 v _15058_/Z (gf180mcu_fd_sc_mcu9t5v0__or3_1)
                                         _09314_ (net)
                  0.34    0.00   14.71 v _15059_/A2 (gf180mcu_fd_sc_mcu9t5v0__nand2_1)
     1    0.03    0.75    0.54   15.25 ^ _15059_/ZN (gf180mcu_fd_sc_mcu9t5v0__nand2_1)
                                         _09315_ (net)
                  0.75    0.00   15.25 ^ place419/I (gf180mcu_fd_sc_mcu9t5v0__buf_8)
     8    0.06    0.21    0.38   15.63 ^ place419/Z (gf180mcu_fd_sc_mcu9t5v0__buf_8)
                                         net419 (net)
                  0.21    0.00   15.63 ^ _18770_/A2 (gf180mcu_fd_sc_mcu9t5v0__oai21_1)
     1    0.00    0.23    0.20   15.83 v _18770_/ZN (gf180mcu_fd_sc_mcu9t5v0__oai21_1)
                                         _01878_ (net)
                  0.23    0.00   15.83 v _20304_/D (gf180mcu_fd_sc_mcu9t5v0__dffrnq_2)
                                 15.83   data arrival time

                         16.28   16.28   clock core_clk (rise edge)
                          0.00   16.28   clock source latency
     2    0.09    0.00    0.00   16.28 ^ clk (in)
                                         clk (net)
                  0.00    0.00   16.28 ^ clkbuf_regs_0_core_clk/I (gf180mcu_fd_sc_mcu9t5v0__clkbuf_16)
     1    0.05    0.14    0.28   16.55 ^ clkbuf_regs_0_core_clk/Z (gf180mcu_fd_sc_mcu9t5v0__clkbuf_16)
                                         clk_regs (net)
                  0.14    0.00   16.55 ^ clkbuf_0_clk_regs/I (gf180mcu_fd_sc_mcu9t5v0__clkbuf_16)
     4    0.09    0.18    0.34   16.89 ^ clkbuf_0_clk_regs/Z (gf180mcu_fd_sc_mcu9t5v0__clkbuf_16)
                                         clknet_0_clk_regs (net)
                  0.18    0.00   16.89 ^ clkbuf_2_3_0_clk_regs/I (gf180mcu_fd_sc_mcu9t5v0__clkbuf_8)
     2    0.09    0.28    0.41   17.30 ^ clkbuf_2_3_0_clk_regs/Z (gf180mcu_fd_sc_mcu9t5v0__clkbuf_8)
                                         clknet_2_3_0_clk_regs (net)
                  0.28    0.00   17.30 ^ clkbuf_3_7__f_clk_regs/I (gf180mcu_fd_sc_mcu9t5v0__clkbuf_16)
    16    0.36    0.48    0.55   17.85 ^ clkbuf_3_7__f_clk_regs/Z (gf180mcu_fd_sc_mcu9t5v0__clkbuf_16)
                                         clknet_3_7__leaf_clk_regs (net)
                  0.48    0.00   17.85 ^ clkbuf_leaf_45_clk_regs/I (gf180mcu_fd_sc_mcu9t5v0__clkbuf_8)
    23    0.13    0.36    0.52   18.37 ^ clkbuf_leaf_45_clk_regs/Z (gf180mcu_fd_sc_mcu9t5v0__clkbuf_8)
                                         clknet_leaf_45_clk_regs (net)
                  0.36    0.00   18.37 ^ _20304_/CLK (gf180mcu_fd_sc_mcu9t5v0__dffrnq_2)
                          0.00   18.37   clock reconvergence pessimism
                         -0.32   18.05   library setup time
                                 18.05   data required time
-----------------------------------------------------------------------------
                                 18.05   data required time
                                -15.83   data arrival time
-----------------------------------------------------------------------------
                                  2.22   slack (MET)


