
===========================================================================
report_checks -unconstrained
===========================================================================
======================= nom_tt_025C_5v00 Corner ===================================

Startpoint: _19640_ (rising edge-triggered flip-flop clocked by core_clk)
Endpoint: _17897_ (rising edge-triggered flip-flop clocked by core_clk)
Path Group: core_clk
Path Type: max

Fanout         Cap        Slew       Delay        Time   Description
---------------------------------------------------------------------------------------------
                      0.000000    0.000000    0.000000   clock core_clk (rise edge)
                                  0.000000    0.000000   clock network delay (ideal)
                      0.000000    0.000000    0.000000 ^ _19640_/CLK (gf180mcu_fd_sc_mcu9t5v0__dffrnq_1)
    46    0.290537    3.214086    2.354161    2.354161 ^ _19640_/Q (gf180mcu_fd_sc_mcu9t5v0__dffrnq_1)
                                                         u_transform_scheduler_core.fft128_active (net)
                      3.214086    0.000000    2.354161 ^ _08870_/I (gf180mcu_fd_sc_mcu9t5v0__clkinv_1)
    13    0.078700    1.474008    1.104923    3.459085 v _08870_/ZN (gf180mcu_fd_sc_mcu9t5v0__clkinv_1)
                                                         _03709_ (net)
                      1.474008    0.000000    3.459085 v _09201_/A1 (gf180mcu_fd_sc_mcu9t5v0__nand2_1)
     2    0.011856    0.446116    0.462951    3.922036 ^ _09201_/ZN (gf180mcu_fd_sc_mcu9t5v0__nand2_1)
                                                         _04038_ (net)
                      0.446116    0.000000    3.922036 ^ _09202_/A2 (gf180mcu_fd_sc_mcu9t5v0__nor2_1)
     5    0.024614    0.336448    0.272079    4.194115 v _09202_/ZN (gf180mcu_fd_sc_mcu9t5v0__nor2_1)
                                                         _04039_ (net)
                      0.336448    0.000000    4.194115 v _09205_/A2 (gf180mcu_fd_sc_mcu9t5v0__and3_1)
     2    0.011238    0.165666    0.403126    4.597241 v _09205_/Z (gf180mcu_fd_sc_mcu9t5v0__and3_1)
                                                         _04042_ (net)
                      0.165666    0.000000    4.597241 v _09213_/A2 (gf180mcu_fd_sc_mcu9t5v0__nor4_1)
     2    0.013266    0.791808    0.483608    5.080849 ^ _09213_/ZN (gf180mcu_fd_sc_mcu9t5v0__nor4_1)
                                                         _04050_ (net)
                      0.791808    0.000000    5.080849 ^ _09290_/A2 (gf180mcu_fd_sc_mcu9t5v0__oai31_1)
     2    0.007011    0.316105    0.172550    5.253399 v _09290_/ZN (gf180mcu_fd_sc_mcu9t5v0__oai31_1)
                                                         _04123_ (net)
                      0.316105    0.000000    5.253399 v _09316_/A4 (gf180mcu_fd_sc_mcu9t5v0__and4_1)
     2    0.012274    0.194134    0.485739    5.739137 v _09316_/Z (gf180mcu_fd_sc_mcu9t5v0__and4_1)
                                                         _04146_ (net)
                      0.194134    0.000000    5.739137 v _09318_/A2 (gf180mcu_fd_sc_mcu9t5v0__nand2_1)
     2    0.012928    0.257454    0.208707    5.947844 ^ _09318_/ZN (gf180mcu_fd_sc_mcu9t5v0__nand2_1)
                                                         _04148_ (net)
                      0.257454    0.000000    5.947844 ^ _09319_/A2 (gf180mcu_fd_sc_mcu9t5v0__nand2_1)
    26    0.173314    1.693245    1.028583    6.976427 v _09319_/ZN (gf180mcu_fd_sc_mcu9t5v0__nand2_1)
                                                         _04149_ (net)
                      1.693245    0.000000    6.976427 v _09320_/I (gf180mcu_fd_sc_mcu9t5v0__clkinv_1)
   129    1.062999   11.612241    6.972363   13.948790 ^ _09320_/ZN (gf180mcu_fd_sc_mcu9t5v0__clkinv_1)
                                                         u_transform_scheduler_core.u_mixed_radix_butterfly.multiply_product_fire (net)
                     11.612241    0.000000   13.948790 ^ _09364_/A2 (gf180mcu_fd_sc_mcu9t5v0__oai21_1)
   140    1.020431   11.120323   12.251908   26.200697 v _09364_/ZN (gf180mcu_fd_sc_mcu9t5v0__oai21_1)
                                                         _04192_ (net)
                     11.120323    0.000000   26.200697 v _09383_/A2 (gf180mcu_fd_sc_mcu9t5v0__aoi21_1)
     6    0.039220    2.523740    3.767942   29.968639 ^ _09383_/ZN (gf180mcu_fd_sc_mcu9t5v0__aoi21_1)
                                                         _04211_ (net)
                      2.523740    0.000000   29.968639 ^ _09386_/A2 (gf180mcu_fd_sc_mcu9t5v0__oai22_1)
     2    0.009505    0.694871    0.219309   30.187948 v _09386_/ZN (gf180mcu_fd_sc_mcu9t5v0__oai22_1)
                                                         _04214_ (net)
                      0.694871    0.000000   30.187948 v _09391_/A1 (gf180mcu_fd_sc_mcu9t5v0__or2_1)
     1    0.006616    0.162398    0.516931   30.704880 v _09391_/Z (gf180mcu_fd_sc_mcu9t5v0__or2_1)
                                                         _04219_ (net)
                      0.162398    0.000000   30.704880 v _09396_/A3 (gf180mcu_fd_sc_mcu9t5v0__oai31_1)
     2    0.017975    0.792958    0.522562   31.227442 ^ _09396_/ZN (gf180mcu_fd_sc_mcu9t5v0__oai31_1)
                                                         _04224_ (net)
                      0.792958    0.000000   31.227442 ^ _09413_/A1 (gf180mcu_fd_sc_mcu9t5v0__aoi21_1)
     3    0.019285    0.369545    0.236110   31.463551 v _09413_/ZN (gf180mcu_fd_sc_mcu9t5v0__aoi21_1)
                                                         _04241_ (net)
                      0.369545    0.000000   31.463551 v _15594_/A3 (gf180mcu_fd_sc_mcu9t5v0__oai31_1)
    18    0.091019    2.869022    1.711662   33.175213 ^ _15594_/ZN (gf180mcu_fd_sc_mcu9t5v0__oai31_1)
                                                         _02455_ (net)
                      2.869022    0.000000   33.175213 ^ _15681_/B (gf180mcu_fd_sc_mcu9t5v0__aoi21_1)
    10    0.062584    1.291321    0.810171   33.985386 v _15681_/ZN (gf180mcu_fd_sc_mcu9t5v0__aoi21_1)
                                                         _02478_ (net)
                      1.291321    0.000000   33.985386 v _15726_/A2 (gf180mcu_fd_sc_mcu9t5v0__oai32_1)
     3    0.014980    1.096423    0.873627   34.859013 ^ _15726_/ZN (gf180mcu_fd_sc_mcu9t5v0__oai32_1)
                                                         _02523_ (net)
                      1.096423    0.000000   34.859013 ^ _16006_/B (gf180mcu_fd_sc_mcu9t5v0__oai211_1)
     2    0.009642    0.427873    0.265157   35.124168 v _16006_/ZN (gf180mcu_fd_sc_mcu9t5v0__oai211_1)
                                                         _02707_ (net)
                      0.427873    0.000000   35.124168 v _16145_/C (gf180mcu_fd_sc_mcu9t5v0__aoi211_1)
    33    0.272116    8.163729    4.665385   39.789551 ^ _16145_/ZN (gf180mcu_fd_sc_mcu9t5v0__aoi211_1)
                                                         _02782_ (net)
                      8.163729    0.000000   39.789551 ^ _16146_/B (gf180mcu_fd_sc_mcu9t5v0__aoi21_1)
    32    0.266208    4.262259    3.109985   42.899536 v _16146_/ZN (gf180mcu_fd_sc_mcu9t5v0__aoi21_1)
                                                         _02783_ (net)
                      4.262259    0.000000   42.899536 v _16148_/S (gf180mcu_fd_sc_mcu9t5v0__mux2_1)
     1    0.003776    0.250563    1.338066   44.237602 v _16148_/Z (gf180mcu_fd_sc_mcu9t5v0__mux2_1)
                                                         _01314_ (net)
                      0.250563    0.000000   44.237602 v _17897_/D (gf180mcu_fd_sc_mcu9t5v0__dffq_1)
                                             44.237602   data arrival time

                      0.000000   26.041668   26.041668   clock core_clk (rise edge)
                                  0.000000   26.041668   clock network delay (ideal)
                                  0.000000   26.041668   clock reconvergence pessimism
                                             26.041668 ^ _17897_/CLK (gf180mcu_fd_sc_mcu9t5v0__dffq_1)
                                 -0.197379   25.844288   library setup time
                                             25.844288   data required time
---------------------------------------------------------------------------------------------
                                             25.844288   data required time
                                            -44.237602   data arrival time
---------------------------------------------------------------------------------------------
                                            -18.393316   slack (VIOLATED)




===========================================================================
report_checks --slack_max -0.01
============================================================================
======================= nom_tt_025C_5v00 Corner ===================================

Startpoint: _19640_ (rising edge-triggered flip-flop clocked by core_clk)
Endpoint: _17897_ (rising edge-triggered flip-flop clocked by core_clk)
Path Group: core_clk
Path Type: max

Fanout         Cap        Slew       Delay        Time   Description
---------------------------------------------------------------------------------------------
                      0.000000    0.000000    0.000000   clock core_clk (rise edge)
                                  0.000000    0.000000   clock network delay (ideal)
                      0.000000    0.000000    0.000000 ^ _19640_/CLK (gf180mcu_fd_sc_mcu9t5v0__dffrnq_1)
    46    0.290537    3.214086    2.354161    2.354161 ^ _19640_/Q (gf180mcu_fd_sc_mcu9t5v0__dffrnq_1)
                                                         u_transform_scheduler_core.fft128_active (net)
                      3.214086    0.000000    2.354161 ^ _08870_/I (gf180mcu_fd_sc_mcu9t5v0__clkinv_1)
    13    0.078700    1.474008    1.104923    3.459085 v _08870_/ZN (gf180mcu_fd_sc_mcu9t5v0__clkinv_1)
                                                         _03709_ (net)
                      1.474008    0.000000    3.459085 v _09201_/A1 (gf180mcu_fd_sc_mcu9t5v0__nand2_1)
     2    0.011856    0.446116    0.462951    3.922036 ^ _09201_/ZN (gf180mcu_fd_sc_mcu9t5v0__nand2_1)
                                                         _04038_ (net)
                      0.446116    0.000000    3.922036 ^ _09202_/A2 (gf180mcu_fd_sc_mcu9t5v0__nor2_1)
     5    0.024614    0.336448    0.272079    4.194115 v _09202_/ZN (gf180mcu_fd_sc_mcu9t5v0__nor2_1)
                                                         _04039_ (net)
                      0.336448    0.000000    4.194115 v _09205_/A2 (gf180mcu_fd_sc_mcu9t5v0__and3_1)
     2    0.011238    0.165666    0.403126    4.597241 v _09205_/Z (gf180mcu_fd_sc_mcu9t5v0__and3_1)
                                                         _04042_ (net)
                      0.165666    0.000000    4.597241 v _09213_/A2 (gf180mcu_fd_sc_mcu9t5v0__nor4_1)
     2    0.013266    0.791808    0.483608    5.080849 ^ _09213_/ZN (gf180mcu_fd_sc_mcu9t5v0__nor4_1)
                                                         _04050_ (net)
                      0.791808    0.000000    5.080849 ^ _09290_/A2 (gf180mcu_fd_sc_mcu9t5v0__oai31_1)
     2    0.007011    0.316105    0.172550    5.253399 v _09290_/ZN (gf180mcu_fd_sc_mcu9t5v0__oai31_1)
                                                         _04123_ (net)
                      0.316105    0.000000    5.253399 v _09316_/A4 (gf180mcu_fd_sc_mcu9t5v0__and4_1)
     2    0.012274    0.194134    0.485739    5.739137 v _09316_/Z (gf180mcu_fd_sc_mcu9t5v0__and4_1)
                                                         _04146_ (net)
                      0.194134    0.000000    5.739137 v _09318_/A2 (gf180mcu_fd_sc_mcu9t5v0__nand2_1)
     2    0.012928    0.257454    0.208707    5.947844 ^ _09318_/ZN (gf180mcu_fd_sc_mcu9t5v0__nand2_1)
                                                         _04148_ (net)
                      0.257454    0.000000    5.947844 ^ _09319_/A2 (gf180mcu_fd_sc_mcu9t5v0__nand2_1)
    26    0.173314    1.693245    1.028583    6.976427 v _09319_/ZN (gf180mcu_fd_sc_mcu9t5v0__nand2_1)
                                                         _04149_ (net)
                      1.693245    0.000000    6.976427 v _09320_/I (gf180mcu_fd_sc_mcu9t5v0__clkinv_1)
   129    1.062999   11.612241    6.972363   13.948790 ^ _09320_/ZN (gf180mcu_fd_sc_mcu9t5v0__clkinv_1)
                                                         u_transform_scheduler_core.u_mixed_radix_butterfly.multiply_product_fire (net)
                     11.612241    0.000000   13.948790 ^ _09364_/A2 (gf180mcu_fd_sc_mcu9t5v0__oai21_1)
   140    1.020431   11.120323   12.251908   26.200697 v _09364_/ZN (gf180mcu_fd_sc_mcu9t5v0__oai21_1)
                                                         _04192_ (net)
                     11.120323    0.000000   26.200697 v _09383_/A2 (gf180mcu_fd_sc_mcu9t5v0__aoi21_1)
     6    0.039220    2.523740    3.767942   29.968639 ^ _09383_/ZN (gf180mcu_fd_sc_mcu9t5v0__aoi21_1)
                                                         _04211_ (net)
                      2.523740    0.000000   29.968639 ^ _09386_/A2 (gf180mcu_fd_sc_mcu9t5v0__oai22_1)
     2    0.009505    0.694871    0.219309   30.187948 v _09386_/ZN (gf180mcu_fd_sc_mcu9t5v0__oai22_1)
                                                         _04214_ (net)
                      0.694871    0.000000   30.187948 v _09391_/A1 (gf180mcu_fd_sc_mcu9t5v0__or2_1)
     1    0.006616    0.162398    0.516931   30.704880 v _09391_/Z (gf180mcu_fd_sc_mcu9t5v0__or2_1)
                                                         _04219_ (net)
                      0.162398    0.000000   30.704880 v _09396_/A3 (gf180mcu_fd_sc_mcu9t5v0__oai31_1)
     2    0.017975    0.792958    0.522562   31.227442 ^ _09396_/ZN (gf180mcu_fd_sc_mcu9t5v0__oai31_1)
                                                         _04224_ (net)
                      0.792958    0.000000   31.227442 ^ _09413_/A1 (gf180mcu_fd_sc_mcu9t5v0__aoi21_1)
     3    0.019285    0.369545    0.236110   31.463551 v _09413_/ZN (gf180mcu_fd_sc_mcu9t5v0__aoi21_1)
                                                         _04241_ (net)
                      0.369545    0.000000   31.463551 v _15594_/A3 (gf180mcu_fd_sc_mcu9t5v0__oai31_1)
    18    0.091019    2.869022    1.711662   33.175213 ^ _15594_/ZN (gf180mcu_fd_sc_mcu9t5v0__oai31_1)
                                                         _02455_ (net)
                      2.869022    0.000000   33.175213 ^ _15681_/B (gf180mcu_fd_sc_mcu9t5v0__aoi21_1)
    10    0.062584    1.291321    0.810171   33.985386 v _15681_/ZN (gf180mcu_fd_sc_mcu9t5v0__aoi21_1)
                                                         _02478_ (net)
                      1.291321    0.000000   33.985386 v _15726_/A2 (gf180mcu_fd_sc_mcu9t5v0__oai32_1)
     3    0.014980    1.096423    0.873627   34.859013 ^ _15726_/ZN (gf180mcu_fd_sc_mcu9t5v0__oai32_1)
                                                         _02523_ (net)
                      1.096423    0.000000   34.859013 ^ _16006_/B (gf180mcu_fd_sc_mcu9t5v0__oai211_1)
     2    0.009642    0.427873    0.265157   35.124168 v _16006_/ZN (gf180mcu_fd_sc_mcu9t5v0__oai211_1)
                                                         _02707_ (net)
                      0.427873    0.000000   35.124168 v _16145_/C (gf180mcu_fd_sc_mcu9t5v0__aoi211_1)
    33    0.272116    8.163729    4.665385   39.789551 ^ _16145_/ZN (gf180mcu_fd_sc_mcu9t5v0__aoi211_1)
                                                         _02782_ (net)
                      8.163729    0.000000   39.789551 ^ _16146_/B (gf180mcu_fd_sc_mcu9t5v0__aoi21_1)
    32    0.266208    4.262259    3.109985   42.899536 v _16146_/ZN (gf180mcu_fd_sc_mcu9t5v0__aoi21_1)
                                                         _02783_ (net)
                      4.262259    0.000000   42.899536 v _16148_/S (gf180mcu_fd_sc_mcu9t5v0__mux2_1)
     1    0.003776    0.250563    1.338066   44.237602 v _16148_/Z (gf180mcu_fd_sc_mcu9t5v0__mux2_1)
                                                         _01314_ (net)
                      0.250563    0.000000   44.237602 v _17897_/D (gf180mcu_fd_sc_mcu9t5v0__dffq_1)
                                             44.237602   data arrival time

                      0.000000   26.041668   26.041668   clock core_clk (rise edge)
                                  0.000000   26.041668   clock network delay (ideal)
                                  0.000000   26.041668   clock reconvergence pessimism
                                             26.041668 ^ _17897_/CLK (gf180mcu_fd_sc_mcu9t5v0__dffq_1)
                                 -0.197379   25.844288   library setup time
                                             25.844288   data required time
---------------------------------------------------------------------------------------------
                                             25.844288   data required time
                                            -44.237602   data arrival time
---------------------------------------------------------------------------------------------
                                            -18.393316   slack (VIOLATED)




===========================================================================
 report_check_types -max_slew -max_cap -max_fanout -violators
============================================================================
======================= nom_tt_025C_5v00 Corner ===================================

max slew

Pin                                        Limit        Slew       Slack
------------------------------------------------------------------------
_09364_/ZN                              4.000000   20.450975  -16.450974 (VIOLATED)
_09375_/A2                              4.000000   20.450975  -16.450974 (VIOLATED)
_09376_/A2                              4.000000   20.450975  -16.450974 (VIOLATED)
_09377_/A2                              4.000000   20.450975  -16.450974 (VIOLATED)
_09378_/A2                              4.000000   20.450975  -16.450974 (VIOLATED)
_09379_/A2                              4.000000   20.450975  -16.450974 (VIOLATED)
_09380_/A2                              4.000000   20.450975  -16.450974 (VIOLATED)
_09382_/A2                              4.000000   20.450975  -16.450974 (VIOLATED)
_09383_/A2                              4.000000   20.450975  -16.450974 (VIOLATED)
_09384_/A2                              4.000000   20.450975  -16.450974 (VIOLATED)
_09385_/A2                              4.000000   20.450975  -16.450974 (VIOLATED)
_09387_/A2                              4.000000   20.450975  -16.450974 (VIOLATED)
_09388_/A2                              4.000000   20.450975  -16.450974 (VIOLATED)
_09389_/A2                              4.000000   20.450975  -16.450974 (VIOLATED)
_10774_/A2                              4.000000   20.450975  -16.450974 (VIOLATED)
_13314_/A1                              4.000000   20.450975  -16.450974 (VIOLATED)
_13790_/A1                              4.000000   20.450975  -16.450974 (VIOLATED)
_13794_/A1                              4.000000   20.450975  -16.450974 (VIOLATED)
_13798_/A1                              4.000000   20.450975  -16.450974 (VIOLATED)
_13802_/A1                              4.000000   20.450975  -16.450974 (VIOLATED)
_13806_/A1                              4.000000   20.450975  -16.450974 (VIOLATED)
_13810_/A1                              4.000000   20.450975  -16.450974 (VIOLATED)
_14011_/S                               4.000000   20.450975  -16.450974 (VIOLATED)
_14012_/A2                              4.000000   20.450975  -16.450974 (VIOLATED)
_14014_/A2                              4.000000   20.450975  -16.450974 (VIOLATED)
_14016_/A2                              4.000000   20.450975  -16.450974 (VIOLATED)
_14018_/A2                              4.000000   20.450975  -16.450974 (VIOLATED)
_14020_/A2                              4.000000   20.450975  -16.450974 (VIOLATED)
_14022_/A2                              4.000000   20.450975  -16.450974 (VIOLATED)
_14024_/S                               4.000000   20.450975  -16.450974 (VIOLATED)
_14025_/A2                              4.000000   20.450975  -16.450974 (VIOLATED)
_14027_/A2                              4.000000   20.450975  -16.450974 (VIOLATED)
_14029_/A2                              4.000000   20.450975  -16.450974 (VIOLATED)
_14031_/A2                              4.000000   20.450975  -16.450974 (VIOLATED)
_14045_/A2                              4.000000   20.450975  -16.450974 (VIOLATED)
_14050_/A2                              4.000000   20.450975  -16.450974 (VIOLATED)
_14059_/A2                              4.000000   20.450975  -16.450974 (VIOLATED)
_14070_/A2                              4.000000   20.450975  -16.450974 (VIOLATED)
_14090_/C                               4.000000   20.450975  -16.450974 (VIOLATED)
_14097_/B                               4.000000   20.450975  -16.450974 (VIOLATED)
_14098_/A2                              4.000000   20.450975  -16.450974 (VIOLATED)
_14100_/A2                              4.000000   20.450975  -16.450974 (VIOLATED)
_14104_/S                               4.000000   20.450975  -16.450974 (VIOLATED)
_14112_/A2                              4.000000   20.450975  -16.450974 (VIOLATED)
_14113_/A1                              4.000000   20.450975  -16.450974 (VIOLATED)
_14121_/A2                              4.000000   20.450975  -16.450974 (VIOLATED)
_14129_/A2                              4.000000   20.450975  -16.450974 (VIOLATED)
_14130_/A1                              4.000000   20.450975  -16.450974 (VIOLATED)
_14138_/S                               4.000000   20.450975  -16.450974 (VIOLATED)
_14147_/S                               4.000000   20.450975  -16.450974 (VIOLATED)
_14157_/S                               4.000000   20.450975  -16.450974 (VIOLATED)
_14170_/A2                              4.000000   20.450975  -16.450974 (VIOLATED)
_14174_/A2                              4.000000   20.450975  -16.450974 (VIOLATED)
_14189_/B                               4.000000   20.450975  -16.450974 (VIOLATED)
_14190_/A2                              4.000000   20.450975  -16.450974 (VIOLATED)
_14191_/A2                              4.000000   20.450975  -16.450974 (VIOLATED)
_14200_/A2                              4.000000   20.450975  -16.450974 (VIOLATED)
_14211_/A2                              4.000000   20.450975  -16.450974 (VIOLATED)
_14230_/B                               4.000000   20.450975  -16.450974 (VIOLATED)
_14231_/A2                              4.000000   20.450975  -16.450974 (VIOLATED)
_14239_/B                               4.000000   20.450975  -16.450974 (VIOLATED)
_14240_/A2                              4.000000   20.450975  -16.450974 (VIOLATED)
_14241_/A2                              4.000000   20.450975  -16.450974 (VIOLATED)
_14245_/A2                              4.000000   20.450975  -16.450974 (VIOLATED)
_14247_/S                               4.000000   20.450975  -16.450974 (VIOLATED)
_14248_/A2                              4.000000   20.450975  -16.450974 (VIOLATED)
_14250_/A2                              4.000000   20.450975  -16.450974 (VIOLATED)
_14252_/A2                              4.000000   20.450975  -16.450974 (VIOLATED)
_14254_/A2                              4.000000   20.450975  -16.450974 (VIOLATED)
_14256_/A2                              4.000000   20.450975  -16.450974 (VIOLATED)
_14258_/A2                              4.000000   20.450975  -16.450974 (VIOLATED)
_14260_/S                               4.000000   20.450975  -16.450974 (VIOLATED)
_14261_/S                               4.000000   20.450975  -16.450974 (VIOLATED)
_14262_/S                               4.000000   20.450975  -16.450974 (VIOLATED)
_14263_/S                               4.000000   20.450975  -16.450974 (VIOLATED)
_14264_/S                               4.000000   20.450975  -16.450974 (VIOLATED)
_14265_/S                               4.000000   20.450975  -16.450974 (VIOLATED)
_14266_/S                               4.000000   20.450975  -16.450974 (VIOLATED)
_14267_/S                               4.000000   20.450975  -16.450974 (VIOLATED)
_14268_/S                               4.000000   20.450975  -16.450974 (VIOLATED)
_14269_/S                               4.000000   20.450975  -16.450974 (VIOLATED)
_14270_/S                               4.000000   20.450975  -16.450974 (VIOLATED)
_14271_/S                               4.000000   20.450975  -16.450974 (VIOLATED)
_14272_/S                               4.000000   20.450975  -16.450974 (VIOLATED)
_14273_/S                               4.000000   20.450975  -16.450974 (VIOLATED)
_14274_/S                               4.000000   20.450975  -16.450974 (VIOLATED)
_14275_/S                               4.000000   20.450975  -16.450974 (VIOLATED)
_14276_/S                               4.000000   20.450975  -16.450974 (VIOLATED)
_14277_/S                               4.000000   20.450975  -16.450974 (VIOLATED)
_14278_/S                               4.000000   20.450975  -16.450974 (VIOLATED)
_14279_/S                               4.000000   20.450975  -16.450974 (VIOLATED)
_14280_/S                               4.000000   20.450975  -16.450974 (VIOLATED)
_14281_/S                               4.000000   20.450975  -16.450974 (VIOLATED)
_14282_/S                               4.000000   20.450975  -16.450974 (VIOLATED)
_14283_/S                               4.000000   20.450975  -16.450974 (VIOLATED)
_14284_/S                               4.000000   20.450975  -16.450974 (VIOLATED)
_14285_/S                               4.000000   20.450975  -16.450974 (VIOLATED)
_14286_/S                               4.000000   20.450975  -16.450974 (VIOLATED)
_14287_/S                               4.000000   20.450975  -16.450974 (VIOLATED)
_14288_/S                               4.000000   20.450975  -16.450974 (VIOLATED)
_14289_/S                               4.000000   20.450975  -16.450974 (VIOLATED)
_14290_/S                               4.000000   20.450975  -16.450974 (VIOLATED)
_14291_/S                               4.000000   20.450975  -16.450974 (VIOLATED)
_14292_/S                               4.000000   20.450975  -16.450974 (VIOLATED)
_14293_/S                               4.000000   20.450975  -16.450974 (VIOLATED)
_14294_/S                               4.000000   20.450975  -16.450974 (VIOLATED)
_14295_/S                               4.000000   20.450975  -16.450974 (VIOLATED)
_14296_/S                               4.000000   20.450975  -16.450974 (VIOLATED)
_14297_/S                               4.000000   20.450975  -16.450974 (VIOLATED)
_14298_/S                               4.000000   20.450975  -16.450974 (VIOLATED)
_14299_/S                               4.000000   20.450975  -16.450974 (VIOLATED)
_14300_/A2                              4.000000   20.450975  -16.450974 (VIOLATED)
_14301_/A1                              4.000000   20.450975  -16.450974 (VIOLATED)
_14302_/S                               4.000000   20.450975  -16.450974 (VIOLATED)
_14305_/S                               4.000000   20.450975  -16.450974 (VIOLATED)
_14310_/S                               4.000000   20.450975  -16.450974 (VIOLATED)
_14313_/A2                              4.000000   20.450975  -16.450974 (VIOLATED)
_14314_/A1                              4.000000   20.450975  -16.450974 (VIOLATED)
_14318_/A2                              4.000000   20.450975  -16.450974 (VIOLATED)
_14319_/A1                              4.000000   20.450975  -16.450974 (VIOLATED)
_14322_/S                               4.000000   20.450975  -16.450974 (VIOLATED)
_14325_/S                               4.000000   20.450975  -16.450974 (VIOLATED)
_14333_/A2                              4.000000   20.450975  -16.450974 (VIOLATED)
_14334_/A1                              4.000000   20.450975  -16.450974 (VIOLATED)
_14357_/A2                              4.000000   20.450975  -16.450974 (VIOLATED)
_14362_/A2                              4.000000   20.450975  -16.450974 (VIOLATED)
_14366_/S                               4.000000   20.450975  -16.450974 (VIOLATED)
_14371_/S                               4.000000   20.450975  -16.450974 (VIOLATED)
_14374_/A2                              4.000000   20.450975  -16.450974 (VIOLATED)
_14375_/A1                              4.000000   20.450975  -16.450974 (VIOLATED)
_14379_/A2                              4.000000   20.450975  -16.450974 (VIOLATED)
_14380_/A1                              4.000000   20.450975  -16.450974 (VIOLATED)
_14383_/S                               4.000000   20.450975  -16.450974 (VIOLATED)
_14386_/S                               4.000000   20.450975  -16.450974 (VIOLATED)
_14389_/A2                              4.000000   20.450975  -16.450974 (VIOLATED)
_14390_/A1                              4.000000   20.450975  -16.450974 (VIOLATED)
_14395_/A2                              4.000000   20.450975  -16.450974 (VIOLATED)
_14396_/A1                              4.000000   20.450975  -16.450974 (VIOLATED)
_14419_/A2                              4.000000   20.450975  -16.450974 (VIOLATED)
_14424_/A2                              4.000000   20.450975  -16.450974 (VIOLATED)
_17492_/B                               4.000000   20.450975  -16.450974 (VIOLATED)
_11274_/ZN                              4.000000   18.440966  -14.440965 (VIOLATED)
_11275_/S                               4.000000   18.440966  -14.440965 (VIOLATED)
_11284_/S                               4.000000   18.440966  -14.440965 (VIOLATED)
_11285_/S                               4.000000   18.440966  -14.440965 (VIOLATED)
_11289_/A2                              4.000000   18.440966  -14.440965 (VIOLATED)
_11405_/A2                              4.000000   18.440966  -14.440965 (VIOLATED)
_11406_/S                               4.000000   18.440966  -14.440965 (VIOLATED)
_11410_/S0                              4.000000   18.440966  -14.440965 (VIOLATED)
_11424_/S                               4.000000   18.440966  -14.440965 (VIOLATED)
_11426_/S                               4.000000   18.440966  -14.440965 (VIOLATED)
_11429_/A2                              4.000000   18.440966  -14.440965 (VIOLATED)
_11430_/A2                              4.000000   18.440966  -14.440965 (VIOLATED)
_11448_/S                               4.000000   18.440966  -14.440965 (VIOLATED)
_11450_/S                               4.000000   18.440966  -14.440965 (VIOLATED)
_11451_/S                               4.000000   18.440966  -14.440965 (VIOLATED)
_11452_/S                               4.000000   18.440966  -14.440965 (VIOLATED)
_11468_/S                               4.000000   18.440966  -14.440965 (VIOLATED)
_11471_/S0                              4.000000   18.440966  -14.440965 (VIOLATED)
_11472_/A2                              4.000000   18.440966  -14.440965 (VIOLATED)
_11488_/A2                              4.000000   18.440966  -14.440965 (VIOLATED)
_11491_/S0                              4.000000   18.440966  -14.440965 (VIOLATED)
_11492_/A2                              4.000000   18.440966  -14.440965 (VIOLATED)
_11507_/S                               4.000000   18.440966  -14.440965 (VIOLATED)
_11509_/S                               4.000000   18.440966  -14.440965 (VIOLATED)
_11510_/A2                              4.000000   18.440966  -14.440965 (VIOLATED)
_11511_/A2                              4.000000   18.440966  -14.440965 (VIOLATED)
_11529_/A2                              4.000000   18.440966  -14.440965 (VIOLATED)
_11532_/S0                              4.000000   18.440966  -14.440965 (VIOLATED)
_11534_/A2                              4.000000   18.440966  -14.440965 (VIOLATED)
_11551_/S                               4.000000   18.440966  -14.440965 (VIOLATED)
_11553_/S                               4.000000   18.440966  -14.440965 (VIOLATED)
_11554_/S                               4.000000   18.440966  -14.440965 (VIOLATED)
_11555_/S                               4.000000   18.440966  -14.440965 (VIOLATED)
_11566_/S                               4.000000   18.440966  -14.440965 (VIOLATED)
_11569_/S0                              4.000000   18.440966  -14.440965 (VIOLATED)
_11572_/A2                              4.000000   18.440966  -14.440965 (VIOLATED)
_11586_/A2                              4.000000   18.440966  -14.440965 (VIOLATED)
_11587_/S                               4.000000   18.440966  -14.440965 (VIOLATED)
_11588_/S                               4.000000   18.440966  -14.440965 (VIOLATED)
_11589_/S                               4.000000   18.440966  -14.440965 (VIOLATED)
_11601_/S                               4.000000   18.440966  -14.440965 (VIOLATED)
_11604_/S0                              4.000000   18.440966  -14.440965 (VIOLATED)
_11605_/A2                              4.000000   18.440966  -14.440965 (VIOLATED)
_11622_/A2                              4.000000   18.440966  -14.440965 (VIOLATED)
_11626_/S                               4.000000   18.440966  -14.440965 (VIOLATED)
_11627_/S                               4.000000   18.440966  -14.440965 (VIOLATED)
_11628_/S                               4.000000   18.440966  -14.440965 (VIOLATED)
_11641_/A2                              4.000000   18.440966  -14.440965 (VIOLATED)
_11645_/A2                              4.000000   18.440966  -14.440965 (VIOLATED)
_11646_/A2                              4.000000   18.440966  -14.440965 (VIOLATED)
_11649_/A2                              4.000000   18.440966  -14.440965 (VIOLATED)
_11663_/S                               4.000000   18.440966  -14.440965 (VIOLATED)
_11666_/S0                              4.000000   18.440966  -14.440965 (VIOLATED)
_11668_/A2                              4.000000   18.440966  -14.440965 (VIOLATED)
_11678_/S                               4.000000   18.440966  -14.440965 (VIOLATED)
_11681_/S0                              4.000000   18.440966  -14.440965 (VIOLATED)
_11682_/A2                              4.000000   18.440966  -14.440965 (VIOLATED)
_11699_/A2                              4.000000   18.440966  -14.440965 (VIOLATED)
_11706_/A2                              4.000000   18.440966  -14.440965 (VIOLATED)
_11708_/A2                              4.000000   18.440966  -14.440965 (VIOLATED)
_11709_/A2                              4.000000   18.440966  -14.440965 (VIOLATED)
_11720_/S                               4.000000   18.440966  -14.440965 (VIOLATED)
_11721_/S                               4.000000   18.440966  -14.440965 (VIOLATED)
_11722_/S                               4.000000   18.440966  -14.440965 (VIOLATED)
_11726_/A2                              4.000000   18.440966  -14.440965 (VIOLATED)
_11742_/A2                              4.000000   18.440966  -14.440965 (VIOLATED)
_11745_/A2                              4.000000   18.440966  -14.440965 (VIOLATED)
_11748_/A2                              4.000000   18.440966  -14.440965 (VIOLATED)
_11750_/A2                              4.000000   18.440966  -14.440965 (VIOLATED)
_11764_/S                               4.000000   18.440966  -14.440965 (VIOLATED)
_11765_/S                               4.000000   18.440966  -14.440965 (VIOLATED)
_11766_/S0                              4.000000   18.440966  -14.440965 (VIOLATED)
_11781_/S                               4.000000   18.440966  -14.440965 (VIOLATED)
_11784_/S0                              4.000000   18.440966  -14.440965 (VIOLATED)
_11785_/A2                              4.000000   18.440966  -14.440965 (VIOLATED)
_11803_/A2                              4.000000   18.440966  -14.440965 (VIOLATED)
_11806_/S0                              4.000000   18.440966  -14.440965 (VIOLATED)
_11807_/A2                              4.000000   18.440966  -14.440965 (VIOLATED)
_11824_/S                               4.000000   18.440966  -14.440965 (VIOLATED)
_11827_/S0                              4.000000   18.440966  -14.440965 (VIOLATED)
_11829_/A2                              4.000000   18.440966  -14.440965 (VIOLATED)
_11844_/A2                              4.000000   18.440966  -14.440965 (VIOLATED)
_11848_/S0                              4.000000   18.440966  -14.440965 (VIOLATED)
_11849_/A2                              4.000000   18.440966  -14.440965 (VIOLATED)
_11865_/S                               4.000000   18.440966  -14.440965 (VIOLATED)
_11868_/S                               4.000000   18.440966  -14.440965 (VIOLATED)
_11869_/S                               4.000000   18.440966  -14.440965 (VIOLATED)
_11870_/S                               4.000000   18.440966  -14.440965 (VIOLATED)
_11880_/A2                              4.000000   18.440966  -14.440965 (VIOLATED)
_11882_/S                               4.000000   18.440966  -14.440965 (VIOLATED)
_11883_/S                               4.000000   18.440966  -14.440965 (VIOLATED)
_11886_/S                               4.000000   18.440966  -14.440965 (VIOLATED)
_11903_/A2                              4.000000   18.440966  -14.440965 (VIOLATED)
_11906_/S0                              4.000000   18.440966  -14.440965 (VIOLATED)
_11907_/A2                              4.000000   18.440966  -14.440965 (VIOLATED)
_11920_/A2                              4.000000   18.440966  -14.440965 (VIOLATED)
_11924_/S0                              4.000000   18.440966  -14.440965 (VIOLATED)
_11925_/A2                              4.000000   18.440966  -14.440965 (VIOLATED)
_11944_/A2                              4.000000   18.440966  -14.440965 (VIOLATED)
_11947_/S                               4.000000   18.440966  -14.440965 (VIOLATED)
_11948_/S                               4.000000   18.440966  -14.440965 (VIOLATED)
_11949_/S                               4.000000   18.440966  -14.440965 (VIOLATED)
_11961_/A2                              4.000000   18.440966  -14.440965 (VIOLATED)
_11965_/S0                              4.000000   18.440966  -14.440965 (VIOLATED)
_11968_/A2                              4.000000   18.440966  -14.440965 (VIOLATED)
_11983_/A2                              4.000000   18.440966  -14.440965 (VIOLATED)
_11986_/S                               4.000000   18.440966  -14.440965 (VIOLATED)
_11987_/S                               4.000000   18.440966  -14.440965 (VIOLATED)
_11988_/S                               4.000000   18.440966  -14.440965 (VIOLATED)
_11999_/A2                              4.000000   18.440966  -14.440965 (VIOLATED)
_12003_/S0                              4.000000   18.440966  -14.440965 (VIOLATED)
_12004_/A2                              4.000000   18.440966  -14.440965 (VIOLATED)
_14835_/ZN                              4.000000   15.542877  -11.542877 (VIOLATED)
_14837_/S                               4.000000   15.542877  -11.542877 (VIOLATED)
_14838_/S                               4.000000   15.542877  -11.542877 (VIOLATED)
_14862_/S                               4.000000   15.542877  -11.542877 (VIOLATED)
_14874_/S                               4.000000   15.542877  -11.542877 (VIOLATED)
_14880_/S                               4.000000   15.542877  -11.542877 (VIOLATED)
_14885_/S                               4.000000   15.542877  -11.542877 (VIOLATED)
_14890_/S                               4.000000   15.542877  -11.542877 (VIOLATED)
_14896_/S                               4.000000   15.542877  -11.542877 (VIOLATED)
_14902_/S                               4.000000   15.542877  -11.542877 (VIOLATED)
_14907_/S                               4.000000   15.542877  -11.542877 (VIOLATED)
_14912_/S                               4.000000   15.542877  -11.542877 (VIOLATED)
_14916_/S                               4.000000   15.542877  -11.542877 (VIOLATED)
_14927_/S                               4.000000   15.542877  -11.542877 (VIOLATED)
_14930_/S                               4.000000   15.542877  -11.542877 (VIOLATED)
_14946_/S                               4.000000   15.542877  -11.542877 (VIOLATED)
_14959_/S                               4.000000   15.542877  -11.542877 (VIOLATED)
_14971_/S                               4.000000   15.542877  -11.542877 (VIOLATED)
_14977_/S                               4.000000   15.542877  -11.542877 (VIOLATED)
_14982_/S                               4.000000   15.542877  -11.542877 (VIOLATED)
_14988_/S                               4.000000   15.542877  -11.542877 (VIOLATED)
_14992_/S                               4.000000   15.542877  -11.542877 (VIOLATED)
_14998_/S                               4.000000   15.542877  -11.542877 (VIOLATED)
_15003_/S                               4.000000   15.542877  -11.542877 (VIOLATED)
_15010_/A1                              4.000000   15.542877  -11.542877 (VIOLATED)
_15011_/A2                              4.000000   15.542877  -11.542877 (VIOLATED)
_15017_/S                               4.000000   15.542877  -11.542877 (VIOLATED)
_15028_/S                               4.000000   15.542877  -11.542877 (VIOLATED)
_15031_/S                               4.000000   15.542877  -11.542877 (VIOLATED)
_15032_/S                               4.000000   15.542877  -11.542877 (VIOLATED)
_15033_/S                               4.000000   15.542877  -11.542877 (VIOLATED)
_15034_/S                               4.000000   15.542877  -11.542877 (VIOLATED)
_15035_/S                               4.000000   15.542877  -11.542877 (VIOLATED)
_15036_/S                               4.000000   15.542877  -11.542877 (VIOLATED)
_15037_/S                               4.000000   15.542877  -11.542877 (VIOLATED)
_15038_/S                               4.000000   15.542877  -11.542877 (VIOLATED)
_15039_/S                               4.000000   15.542877  -11.542877 (VIOLATED)
_15040_/S                               4.000000   15.542877  -11.542877 (VIOLATED)
_15041_/S                               4.000000   15.542877  -11.542877 (VIOLATED)
_15042_/S                               4.000000   15.542877  -11.542877 (VIOLATED)
_15043_/S                               4.000000   15.542877  -11.542877 (VIOLATED)
_15044_/S                               4.000000   15.542877  -11.542877 (VIOLATED)
_15045_/S                               4.000000   15.542877  -11.542877 (VIOLATED)
_15046_/S                               4.000000   15.542877  -11.542877 (VIOLATED)
_15047_/S                               4.000000   15.542877  -11.542877 (VIOLATED)
_15048_/S                               4.000000   15.542877  -11.542877 (VIOLATED)
_15049_/S                               4.000000   15.542877  -11.542877 (VIOLATED)
_15050_/S                               4.000000   15.542877  -11.542877 (VIOLATED)
_15051_/S                               4.000000   15.542877  -11.542877 (VIOLATED)
_15052_/S                               4.000000   15.542877  -11.542877 (VIOLATED)
_15053_/S                               4.000000   15.542877  -11.542877 (VIOLATED)
_15054_/S                               4.000000   15.542877  -11.542877 (VIOLATED)
_15055_/S                               4.000000   15.542877  -11.542877 (VIOLATED)
_15056_/S                               4.000000   15.542877  -11.542877 (VIOLATED)
_15057_/S                               4.000000   15.542877  -11.542877 (VIOLATED)
_15058_/S                               4.000000   15.542877  -11.542877 (VIOLATED)
_15059_/S                               4.000000   15.542877  -11.542877 (VIOLATED)
_15060_/S                               4.000000   15.542877  -11.542877 (VIOLATED)
_15061_/S                               4.000000   15.542877  -11.542877 (VIOLATED)
_15062_/S                               4.000000   15.542877  -11.542877 (VIOLATED)
_15063_/S                               4.000000   15.542877  -11.542877 (VIOLATED)
_15064_/S                               4.000000   15.542877  -11.542877 (VIOLATED)
_15065_/S                               4.000000   15.542877  -11.542877 (VIOLATED)
_15066_/S                               4.000000   15.542877  -11.542877 (VIOLATED)
_15067_/S                               4.000000   15.542877  -11.542877 (VIOLATED)
_15068_/S                               4.000000   15.542877  -11.542877 (VIOLATED)
_15069_/S                               4.000000   15.542877  -11.542877 (VIOLATED)
_15070_/S                               4.000000   15.542877  -11.542877 (VIOLATED)
_15071_/S                               4.000000   15.542877  -11.542877 (VIOLATED)
_15072_/S                               4.000000   15.542877  -11.542877 (VIOLATED)
_15073_/S                               4.000000   15.542877  -11.542877 (VIOLATED)
_15074_/S                               4.000000   15.542877  -11.542877 (VIOLATED)
_15075_/S                               4.000000   15.542877  -11.542877 (VIOLATED)
_15076_/S                               4.000000   15.542877  -11.542877 (VIOLATED)
_15077_/S                               4.000000   15.542877  -11.542877 (VIOLATED)
_15078_/S                               4.000000   15.542877  -11.542877 (VIOLATED)
_15079_/S                               4.000000   15.542877  -11.542877 (VIOLATED)
_15080_/S                               4.000000   15.542877  -11.542877 (VIOLATED)
_15081_/S                               4.000000   15.542877  -11.542877 (VIOLATED)
_15082_/S                               4.000000   15.542877  -11.542877 (VIOLATED)
_15083_/S                               4.000000   15.542877  -11.542877 (VIOLATED)
_15084_/S                               4.000000   15.542877  -11.542877 (VIOLATED)
_15085_/S                               4.000000   15.542877  -11.542877 (VIOLATED)
_15086_/S                               4.000000   15.542877  -11.542877 (VIOLATED)
_15087_/S                               4.000000   15.542877  -11.542877 (VIOLATED)
_15088_/S                               4.000000   15.542877  -11.542877 (VIOLATED)
_15089_/S                               4.000000   15.542877  -11.542877 (VIOLATED)
_15090_/S                               4.000000   15.542877  -11.542877 (VIOLATED)
_15091_/S                               4.000000   15.542877  -11.542877 (VIOLATED)
_15092_/S                               4.000000   15.542877  -11.542877 (VIOLATED)
_15093_/S                               4.000000   15.542877  -11.542877 (VIOLATED)
_15094_/S                               4.000000   15.542877  -11.542877 (VIOLATED)
_15095_/S                               4.000000   15.542877  -11.542877 (VIOLATED)
_15096_/S                               4.000000   15.542877  -11.542877 (VIOLATED)
_15097_/S                               4.000000   15.542877  -11.542877 (VIOLATED)
_09985_/ZN                              4.000000   11.799646   -7.799645 (VIOLATED)
_10004_/A2                              4.000000   11.799646   -7.799645 (VIOLATED)
_10007_/A2                              4.000000   11.799646   -7.799645 (VIOLATED)
_10042_/A2                              4.000000   11.799646   -7.799645 (VIOLATED)
_10045_/A2                              4.000000   11.799646   -7.799645 (VIOLATED)
_10049_/A2                              4.000000   11.799646   -7.799645 (VIOLATED)
_10069_/A2                              4.000000   11.799646   -7.799645 (VIOLATED)
_10073_/A2                              4.000000   11.799646   -7.799645 (VIOLATED)
_10078_/A2                              4.000000   11.799646   -7.799645 (VIOLATED)
_10097_/A2                              4.000000   11.799646   -7.799645 (VIOLATED)
_10100_/A2                              4.000000   11.799646   -7.799645 (VIOLATED)
_10105_/A2                              4.000000   11.799646   -7.799645 (VIOLATED)
_10125_/A2                              4.000000   11.799646   -7.799645 (VIOLATED)
_10129_/A2                              4.000000   11.799646   -7.799645 (VIOLATED)
_10134_/A2                              4.000000   11.799646   -7.799645 (VIOLATED)
_10153_/A2                              4.000000   11.799646   -7.799645 (VIOLATED)
_10156_/A2                              4.000000   11.799646   -7.799645 (VIOLATED)
_10160_/A2                              4.000000   11.799646   -7.799645 (VIOLATED)
_10180_/A2                              4.000000   11.799646   -7.799645 (VIOLATED)
_10183_/A2                              4.000000   11.799646   -7.799645 (VIOLATED)
_10187_/A2                              4.000000   11.799646   -7.799645 (VIOLATED)
_10210_/A2                              4.000000   11.799646   -7.799645 (VIOLATED)
_10213_/A2                              4.000000   11.799646   -7.799645 (VIOLATED)
_10217_/A2                              4.000000   11.799646   -7.799645 (VIOLATED)
_10235_/A2                              4.000000   11.799646   -7.799645 (VIOLATED)
_10239_/A2                              4.000000   11.799646   -7.799645 (VIOLATED)
_10243_/A2                              4.000000   11.799646   -7.799645 (VIOLATED)
_10260_/A2                              4.000000   11.799646   -7.799645 (VIOLATED)
_10262_/A2                              4.000000   11.799646   -7.799645 (VIOLATED)
_10268_/A2                              4.000000   11.799646   -7.799645 (VIOLATED)
_10284_/A2                              4.000000   11.799646   -7.799645 (VIOLATED)
_10288_/A2                              4.000000   11.799646   -7.799645 (VIOLATED)
_10293_/A2                              4.000000   11.799646   -7.799645 (VIOLATED)
_10309_/A2                              4.000000   11.799646   -7.799645 (VIOLATED)
_10313_/A2                              4.000000   11.799646   -7.799645 (VIOLATED)
_10318_/A2                              4.000000   11.799646   -7.799645 (VIOLATED)
_10336_/A2                              4.000000   11.799646   -7.799645 (VIOLATED)
_10339_/A2                              4.000000   11.799646   -7.799645 (VIOLATED)
_10340_/A2                              4.000000   11.799646   -7.799645 (VIOLATED)
_10360_/A2                              4.000000   11.799646   -7.799645 (VIOLATED)
_10364_/A2                              4.000000   11.799646   -7.799645 (VIOLATED)
_10369_/A2                              4.000000   11.799646   -7.799645 (VIOLATED)
_10384_/A2                              4.000000   11.799646   -7.799645 (VIOLATED)
_10387_/A2                              4.000000   11.799646   -7.799645 (VIOLATED)
_10392_/A2                              4.000000   11.799646   -7.799645 (VIOLATED)
_10408_/A2                              4.000000   11.799646   -7.799645 (VIOLATED)
_10412_/A2                              4.000000   11.799646   -7.799645 (VIOLATED)
_10417_/A2                              4.000000   11.799646   -7.799645 (VIOLATED)
_16625_/A2                              4.000000   11.799646   -7.799645 (VIOLATED)
_16629_/A2                              4.000000   11.799646   -7.799645 (VIOLATED)
_16633_/A2                              4.000000   11.799646   -7.799645 (VIOLATED)
_16646_/A2                              4.000000   11.799646   -7.799645 (VIOLATED)
_16649_/A2                              4.000000   11.799646   -7.799645 (VIOLATED)
_16666_/A2                              4.000000   11.799646   -7.799645 (VIOLATED)
_16670_/A2                              4.000000   11.799646   -7.799645 (VIOLATED)
_16675_/A2                              4.000000   11.799646   -7.799645 (VIOLATED)
_16689_/A2                              4.000000   11.799646   -7.799645 (VIOLATED)
_16693_/A2                              4.000000   11.799646   -7.799645 (VIOLATED)
_16695_/A2                              4.000000   11.799646   -7.799645 (VIOLATED)
_16709_/A2                              4.000000   11.799646   -7.799645 (VIOLATED)
_16712_/A2                              4.000000   11.799646   -7.799645 (VIOLATED)
_16716_/A2                              4.000000   11.799646   -7.799645 (VIOLATED)
_16730_/A2                              4.000000   11.799646   -7.799645 (VIOLATED)
_16734_/A2                              4.000000   11.799646   -7.799645 (VIOLATED)
_16738_/A2                              4.000000   11.799646   -7.799645 (VIOLATED)
_16753_/A2                              4.000000   11.799646   -7.799645 (VIOLATED)
_16757_/A2                              4.000000   11.799646   -7.799645 (VIOLATED)
_16758_/A2                              4.000000   11.799646   -7.799645 (VIOLATED)
_16774_/A2                              4.000000   11.799646   -7.799645 (VIOLATED)
_16777_/A2                              4.000000   11.799646   -7.799645 (VIOLATED)
_16781_/A2                              4.000000   11.799646   -7.799645 (VIOLATED)
_16795_/A2                              4.000000   11.799646   -7.799645 (VIOLATED)
_16799_/A2                              4.000000   11.799646   -7.799645 (VIOLATED)
_16805_/A2                              4.000000   11.799646   -7.799645 (VIOLATED)
_16817_/A2                              4.000000   11.799646   -7.799645 (VIOLATED)
_16821_/A2                              4.000000   11.799646   -7.799645 (VIOLATED)
_16825_/A2                              4.000000   11.799646   -7.799645 (VIOLATED)
_16837_/A2                              4.000000   11.799646   -7.799645 (VIOLATED)
_16841_/A2                              4.000000   11.799646   -7.799645 (VIOLATED)
_16846_/A2                              4.000000   11.799646   -7.799645 (VIOLATED)
_16857_/A2                              4.000000   11.799646   -7.799645 (VIOLATED)
_16861_/A2                              4.000000   11.799646   -7.799645 (VIOLATED)
_16866_/A2                              4.000000   11.799646   -7.799645 (VIOLATED)
_16877_/A2                              4.000000   11.799646   -7.799645 (VIOLATED)
_16880_/A2                              4.000000   11.799646   -7.799645 (VIOLATED)
_16884_/A2                              4.000000   11.799646   -7.799645 (VIOLATED)
_16896_/A2                              4.000000   11.799646   -7.799645 (VIOLATED)
_16899_/A2                              4.000000   11.799646   -7.799645 (VIOLATED)
_16903_/A2                              4.000000   11.799646   -7.799645 (VIOLATED)
_16916_/A2                              4.000000   11.799646   -7.799645 (VIOLATED)
_16920_/A2                              4.000000   11.799646   -7.799645 (VIOLATED)
_16926_/A2                              4.000000   11.799646   -7.799645 (VIOLATED)
_16938_/A2                              4.000000   11.799646   -7.799645 (VIOLATED)
_16942_/A2                              4.000000   11.799646   -7.799645 (VIOLATED)
_16944_/A2                              4.000000   11.799646   -7.799645 (VIOLATED)
_09998_/ZN                              4.000000   11.734393   -7.734393 (VIOLATED)
_10001_/A3                              4.000000   11.734393   -7.734393 (VIOLATED)
_10003_/A2                              4.000000   11.734393   -7.734393 (VIOLATED)
_10007_/B1                              4.000000   11.734393   -7.734393 (VIOLATED)
_10009_/A2                              4.000000   11.734393   -7.734393 (VIOLATED)
_10042_/B1                              4.000000   11.734393   -7.734393 (VIOLATED)
_10045_/B1                              4.000000   11.734393   -7.734393 (VIOLATED)
_10049_/B1                              4.000000   11.734393   -7.734393 (VIOLATED)
_10073_/B1                              4.000000   11.734393   -7.734393 (VIOLATED)
_10078_/B1                              4.000000   11.734393   -7.734393 (VIOLATED)
_10097_/B1                              4.000000   11.734393   -7.734393 (VIOLATED)
_10101_/A2                              4.000000   11.734393   -7.734393 (VIOLATED)
_10105_/B1                              4.000000   11.734393   -7.734393 (VIOLATED)
_10125_/B1                              4.000000   11.734393   -7.734393 (VIOLATED)
_10129_/B1                              4.000000   11.734393   -7.734393 (VIOLATED)
_10134_/B1                              4.000000   11.734393   -7.734393 (VIOLATED)
_10153_/B1                              4.000000   11.734393   -7.734393 (VIOLATED)
_10155_/A2                              4.000000   11.734393   -7.734393 (VIOLATED)
_10160_/B1                              4.000000   11.734393   -7.734393 (VIOLATED)
_10180_/B1                              4.000000   11.734393   -7.734393 (VIOLATED)
_10183_/B1                              4.000000   11.734393   -7.734393 (VIOLATED)
_10187_/B1                              4.000000   11.734393   -7.734393 (VIOLATED)
_10209_/A2                              4.000000   11.734393   -7.734393 (VIOLATED)
_10213_/B1                              4.000000   11.734393   -7.734393 (VIOLATED)
_10217_/B1                              4.000000   11.734393   -7.734393 (VIOLATED)
_10236_/A2                              4.000000   11.734393   -7.734393 (VIOLATED)
_10239_/B1                              4.000000   11.734393   -7.734393 (VIOLATED)
_10243_/B1                              4.000000   11.734393   -7.734393 (VIOLATED)
_10259_/A2                              4.000000   11.734393   -7.734393 (VIOLATED)
_10263_/A2                              4.000000   11.734393   -7.734393 (VIOLATED)
_10268_/B1                              4.000000   11.734393   -7.734393 (VIOLATED)
_10284_/B1                              4.000000   11.734393   -7.734393 (VIOLATED)
_10288_/B1                              4.000000   11.734393   -7.734393 (VIOLATED)
_10293_/B1                              4.000000   11.734393   -7.734393 (VIOLATED)
_10309_/B1                              4.000000   11.734393   -7.734393 (VIOLATED)
_10313_/B1                              4.000000   11.734393   -7.734393 (VIOLATED)
_10318_/B1                              4.000000   11.734393   -7.734393 (VIOLATED)
_10336_/B1                              4.000000   11.734393   -7.734393 (VIOLATED)
_10338_/A2                              4.000000   11.734393   -7.734393 (VIOLATED)
_10340_/B1                              4.000000   11.734393   -7.734393 (VIOLATED)
_10360_/B1                              4.000000   11.734393   -7.734393 (VIOLATED)
_10364_/B1                              4.000000   11.734393   -7.734393 (VIOLATED)
_10369_/B1                              4.000000   11.734393   -7.734393 (VIOLATED)
_10383_/A2                              4.000000   11.734393   -7.734393 (VIOLATED)
_10387_/B1                              4.000000   11.734393   -7.734393 (VIOLATED)
_10392_/B1                              4.000000   11.734393   -7.734393 (VIOLATED)
_10408_/B1                              4.000000   11.734393   -7.734393 (VIOLATED)
_10412_/B1                              4.000000   11.734393   -7.734393 (VIOLATED)
_10417_/B1                              4.000000   11.734393   -7.734393 (VIOLATED)
_16625_/B1                              4.000000   11.734393   -7.734393 (VIOLATED)
_16629_/B1                              4.000000   11.734393   -7.734393 (VIOLATED)
_16633_/B1                              4.000000   11.734393   -7.734393 (VIOLATED)
_16645_/A2                              4.000000   11.734393   -7.734393 (VIOLATED)
_16649_/B1                              4.000000   11.734393   -7.734393 (VIOLATED)
_16666_/B1                              4.000000   11.734393   -7.734393 (VIOLATED)
_16670_/B1                              4.000000   11.734393   -7.734393 (VIOLATED)
_16675_/B1                              4.000000   11.734393   -7.734393 (VIOLATED)
_16689_/B1                              4.000000   11.734393   -7.734393 (VIOLATED)
_16693_/B1                              4.000000   11.734393   -7.734393 (VIOLATED)
_16695_/B1                              4.000000   11.734393   -7.734393 (VIOLATED)
_16709_/B1                              4.000000   11.734393   -7.734393 (VIOLATED)
_16712_/B1                              4.000000   11.734393   -7.734393 (VIOLATED)
_16716_/B1                              4.000000   11.734393   -7.734393 (VIOLATED)
_16731_/A2                              4.000000   11.734393   -7.734393 (VIOLATED)
_16734_/B1                              4.000000   11.734393   -7.734393 (VIOLATED)
_16738_/B1                              4.000000   11.734393   -7.734393 (VIOLATED)
_16754_/A2                              4.000000   11.734393   -7.734393 (VIOLATED)
_16757_/B1                              4.000000   11.734393   -7.734393 (VIOLATED)
_16758_/B1                              4.000000   11.734393   -7.734393 (VIOLATED)
_16774_/B1                              4.000000   11.734393   -7.734393 (VIOLATED)
_16777_/B1                              4.000000   11.734393   -7.734393 (VIOLATED)
_16781_/B1                              4.000000   11.734393   -7.734393 (VIOLATED)
_16795_/B1                              4.000000   11.734393   -7.734393 (VIOLATED)
_16799_/B1                              4.000000   11.734393   -7.734393 (VIOLATED)
_16805_/B1                              4.000000   11.734393   -7.734393 (VIOLATED)
_16817_/B1                              4.000000   11.734393   -7.734393 (VIOLATED)
_16821_/B1                              4.000000   11.734393   -7.734393 (VIOLATED)
_16825_/B1                              4.000000   11.734393   -7.734393 (VIOLATED)
_16837_/B1                              4.000000   11.734393   -7.734393 (VIOLATED)
_16841_/B1                              4.000000   11.734393   -7.734393 (VIOLATED)
_16846_/B1                              4.000000   11.734393   -7.734393 (VIOLATED)
_16857_/B1                              4.000000   11.734393   -7.734393 (VIOLATED)
_16861_/B1                              4.000000   11.734393   -7.734393 (VIOLATED)
_16866_/B1                              4.000000   11.734393   -7.734393 (VIOLATED)
_16877_/B1                              4.000000   11.734393   -7.734393 (VIOLATED)
_16879_/A2                              4.000000   11.734393   -7.734393 (VIOLATED)
_16884_/B1                              4.000000   11.734393   -7.734393 (VIOLATED)
_16895_/A2                              4.000000   11.734393   -7.734393 (VIOLATED)
_16899_/B1                              4.000000   11.734393   -7.734393 (VIOLATED)
_16903_/B1                              4.000000   11.734393   -7.734393 (VIOLATED)
_16916_/B1                              4.000000   11.734393   -7.734393 (VIOLATED)
_16920_/B1                              4.000000   11.734393   -7.734393 (VIOLATED)
_16926_/B1                              4.000000   11.734393   -7.734393 (VIOLATED)
_16938_/B1                              4.000000   11.734393   -7.734393 (VIOLATED)
_16942_/B1                              4.000000   11.734393   -7.734393 (VIOLATED)
_16944_/B1                              4.000000   11.734393   -7.734393 (VIOLATED)
_09320_/ZN                              4.000000   11.612241   -7.612240 (VIOLATED)
_09356_/A2                              4.000000   11.612241   -7.612240 (VIOLATED)
_09364_/A2                              4.000000   11.612241   -7.612240 (VIOLATED)
_09365_/A2                              4.000000   11.612241   -7.612240 (VIOLATED)
_14426_/S                               4.000000   11.612241   -7.612240 (VIOLATED)
_14427_/S                               4.000000   11.612241   -7.612240 (VIOLATED)
_14428_/S                               4.000000   11.612241   -7.612240 (VIOLATED)
_14429_/S                               4.000000   11.612241   -7.612240 (VIOLATED)
_14430_/S                               4.000000   11.612241   -7.612240 (VIOLATED)
_14431_/S                               4.000000   11.612241   -7.612240 (VIOLATED)
_14432_/S                               4.000000   11.612241   -7.612240 (VIOLATED)
_14433_/S                               4.000000   11.612241   -7.612240 (VIOLATED)
_14434_/S                               4.000000   11.612241   -7.612240 (VIOLATED)
_14435_/S                               4.000000   11.612241   -7.612240 (VIOLATED)
_14436_/S                               4.000000   11.612241   -7.612240 (VIOLATED)
_14439_/S                               4.000000   11.612241   -7.612240 (VIOLATED)
_14443_/S                               4.000000   11.612241   -7.612240 (VIOLATED)
_14467_/S                               4.000000   11.612241   -7.612240 (VIOLATED)
_14473_/S                               4.000000   11.612241   -7.612240 (VIOLATED)
_14478_/S                               4.000000   11.612241   -7.612240 (VIOLATED)
_14488_/S                               4.000000   11.612241   -7.612240 (VIOLATED)
_14497_/S                               4.000000   11.612241   -7.612240 (VIOLATED)
_14502_/S                               4.000000   11.612241   -7.612240 (VIOLATED)
_14508_/S                               4.000000   11.612241   -7.612240 (VIOLATED)
_14512_/S                               4.000000   11.612241   -7.612240 (VIOLATED)
_14513_/S                               4.000000   11.612241   -7.612240 (VIOLATED)
_14514_/S                               4.000000   11.612241   -7.612240 (VIOLATED)
_14515_/S                               4.000000   11.612241   -7.612240 (VIOLATED)
_14516_/S                               4.000000   11.612241   -7.612240 (VIOLATED)
_14517_/S                               4.000000   11.612241   -7.612240 (VIOLATED)
_14518_/S                               4.000000   11.612241   -7.612240 (VIOLATED)
_14519_/S                               4.000000   11.612241   -7.612240 (VIOLATED)
_14520_/S                               4.000000   11.612241   -7.612240 (VIOLATED)
_14521_/S                               4.000000   11.612241   -7.612240 (VIOLATED)
_14524_/S                               4.000000   11.612241   -7.612240 (VIOLATED)
_14528_/S                               4.000000   11.612241   -7.612240 (VIOLATED)
_14552_/S                               4.000000   11.612241   -7.612240 (VIOLATED)
_14558_/S                               4.000000   11.612241   -7.612240 (VIOLATED)
_14563_/S                               4.000000   11.612241   -7.612240 (VIOLATED)
_14573_/S                               4.000000   11.612241   -7.612240 (VIOLATED)
_14582_/S                               4.000000   11.612241   -7.612240 (VIOLATED)
_14587_/S                               4.000000   11.612241   -7.612240 (VIOLATED)
_14593_/S                               4.000000   11.612241   -7.612240 (VIOLATED)
_14597_/S                               4.000000   11.612241   -7.612240 (VIOLATED)
_14598_/S                               4.000000   11.612241   -7.612240 (VIOLATED)
_14599_/S                               4.000000   11.612241   -7.612240 (VIOLATED)
_14600_/S                               4.000000   11.612241   -7.612240 (VIOLATED)
_14601_/S                               4.000000   11.612241   -7.612240 (VIOLATED)
_14602_/S                               4.000000   11.612241   -7.612240 (VIOLATED)
_14603_/S                               4.000000   11.612241   -7.612240 (VIOLATED)
_14604_/S                               4.000000   11.612241   -7.612240 (VIOLATED)
_14605_/S                               4.000000   11.612241   -7.612240 (VIOLATED)
_14606_/S                               4.000000   11.612241   -7.612240 (VIOLATED)
_14609_/S                               4.000000   11.612241   -7.612240 (VIOLATED)
_14613_/S                               4.000000   11.612241   -7.612240 (VIOLATED)
_14637_/S                               4.000000   11.612241   -7.612240 (VIOLATED)
_14643_/S                               4.000000   11.612241   -7.612240 (VIOLATED)
_14648_/S                               4.000000   11.612241   -7.612240 (VIOLATED)
_14660_/S                               4.000000   11.612241   -7.612240 (VIOLATED)
_14668_/S                               4.000000   11.612241   -7.612240 (VIOLATED)
_14672_/S                               4.000000   11.612241   -7.612240 (VIOLATED)
_14679_/S                               4.000000   11.612241   -7.612240 (VIOLATED)
_14682_/S                               4.000000   11.612241   -7.612240 (VIOLATED)
_14769_/S                               4.000000   11.612241   -7.612240 (VIOLATED)
_14770_/S                               4.000000   11.612241   -7.612240 (VIOLATED)
_14771_/S                               4.000000   11.612241   -7.612240 (VIOLATED)
_14772_/S                               4.000000   11.612241   -7.612240 (VIOLATED)
_14773_/S                               4.000000   11.612241   -7.612240 (VIOLATED)
_14774_/S                               4.000000   11.612241   -7.612240 (VIOLATED)
_14775_/S                               4.000000   11.612241   -7.612240 (VIOLATED)
_14776_/S                               4.000000   11.612241   -7.612240 (VIOLATED)
_14777_/S                               4.000000   11.612241   -7.612240 (VIOLATED)
_14778_/S                               4.000000   11.612241   -7.612240 (VIOLATED)
_14779_/S                               4.000000   11.612241   -7.612240 (VIOLATED)
_14780_/S                               4.000000   11.612241   -7.612240 (VIOLATED)
_14781_/S                               4.000000   11.612241   -7.612240 (VIOLATED)
_14782_/S                               4.000000   11.612241   -7.612240 (VIOLATED)
_14783_/S                               4.000000   11.612241   -7.612240 (VIOLATED)
_14784_/S                               4.000000   11.612241   -7.612240 (VIOLATED)
_14785_/S                               4.000000   11.612241   -7.612240 (VIOLATED)
_14786_/S                               4.000000   11.612241   -7.612240 (VIOLATED)
_14787_/S                               4.000000   11.612241   -7.612240 (VIOLATED)
_14788_/S                               4.000000   11.612241   -7.612240 (VIOLATED)
_14789_/S                               4.000000   11.612241   -7.612240 (VIOLATED)
_14790_/S                               4.000000   11.612241   -7.612240 (VIOLATED)
_14791_/S                               4.000000   11.612241   -7.612240 (VIOLATED)
_14792_/S                               4.000000   11.612241   -7.612240 (VIOLATED)
_14793_/S                               4.000000   11.612241   -7.612240 (VIOLATED)
_14794_/S                               4.000000   11.612241   -7.612240 (VIOLATED)
_14795_/S                               4.000000   11.612241   -7.612240 (VIOLATED)
_14796_/S                               4.000000   11.612241   -7.612240 (VIOLATED)
_14797_/S                               4.000000   11.612241   -7.612240 (VIOLATED)
_14798_/S                               4.000000   11.612241   -7.612240 (VIOLATED)
_14799_/S                               4.000000   11.612241   -7.612240 (VIOLATED)
_14800_/S                               4.000000   11.612241   -7.612240 (VIOLATED)
_14801_/S                               4.000000   11.612241   -7.612240 (VIOLATED)
_14802_/S                               4.000000   11.612241   -7.612240 (VIOLATED)
_14803_/S                               4.000000   11.612241   -7.612240 (VIOLATED)
_14804_/S                               4.000000   11.612241   -7.612240 (VIOLATED)
_14805_/S                               4.000000   11.612241   -7.612240 (VIOLATED)
_14806_/S                               4.000000   11.612241   -7.612240 (VIOLATED)
_14807_/S                               4.000000   11.612241   -7.612240 (VIOLATED)
_14808_/S                               4.000000   11.612241   -7.612240 (VIOLATED)
_14809_/S                               4.000000   11.612241   -7.612240 (VIOLATED)
_14810_/S                               4.000000   11.612241   -7.612240 (VIOLATED)
_14811_/S                               4.000000   11.612241   -7.612240 (VIOLATED)
_14812_/S                               4.000000   11.612241   -7.612240 (VIOLATED)
_14813_/S                               4.000000   11.612241   -7.612240 (VIOLATED)
_14814_/S                               4.000000   11.612241   -7.612240 (VIOLATED)
_14815_/S                               4.000000   11.612241   -7.612240 (VIOLATED)
_14816_/S                               4.000000   11.612241   -7.612240 (VIOLATED)
_14817_/S                               4.000000   11.612241   -7.612240 (VIOLATED)
_14818_/S                               4.000000   11.612241   -7.612240 (VIOLATED)
_14819_/S                               4.000000   11.612241   -7.612240 (VIOLATED)
_14820_/S                               4.000000   11.612241   -7.612240 (VIOLATED)
_14821_/S                               4.000000   11.612241   -7.612240 (VIOLATED)
_14822_/S                               4.000000   11.612241   -7.612240 (VIOLATED)
_14823_/S                               4.000000   11.612241   -7.612240 (VIOLATED)
_14824_/S                               4.000000   11.612241   -7.612240 (VIOLATED)
_14825_/S                               4.000000   11.612241   -7.612240 (VIOLATED)
_14826_/S                               4.000000   11.612241   -7.612240 (VIOLATED)
_14827_/S                               4.000000   11.612241   -7.612240 (VIOLATED)
_14828_/S                               4.000000   11.612241   -7.612240 (VIOLATED)
_14829_/S                               4.000000   11.612241   -7.612240 (VIOLATED)
_14830_/S                               4.000000   11.612241   -7.612240 (VIOLATED)
_14831_/S                               4.000000   11.612241   -7.612240 (VIOLATED)
_14832_/S                               4.000000   11.612241   -7.612240 (VIOLATED)
_14833_/S                               4.000000   11.612241   -7.612240 (VIOLATED)
_14834_/S                               4.000000   11.612241   -7.612240 (VIOLATED)
_19638_/D                               4.000000   11.612241   -7.612240 (VIOLATED)
_12362_/ZN                              4.000000   11.114736   -7.114735 (VIOLATED)
_12369_/S                               4.000000   11.114736   -7.114735 (VIOLATED)
_12374_/S                               4.000000   11.114736   -7.114735 (VIOLATED)
_12381_/A2                              4.000000   11.114736   -7.114735 (VIOLATED)
_12382_/A1                              4.000000   11.114736   -7.114735 (VIOLATED)
_12389_/A2                              4.000000   11.114736   -7.114735 (VIOLATED)
_12390_/A1                              4.000000   11.114736   -7.114735 (VIOLATED)
_12399_/A2                              4.000000   11.114736   -7.114735 (VIOLATED)
_12400_/A1                              4.000000   11.114736   -7.114735 (VIOLATED)
_12407_/S                               4.000000   11.114736   -7.114735 (VIOLATED)
_12415_/S                               4.000000   11.114736   -7.114735 (VIOLATED)
_12422_/S                               4.000000   11.114736   -7.114735 (VIOLATED)
_12428_/A2                              4.000000   11.114736   -7.114735 (VIOLATED)
_12429_/A1                              4.000000   11.114736   -7.114735 (VIOLATED)
_12435_/S                               4.000000   11.114736   -7.114735 (VIOLATED)
_12443_/S                               4.000000   11.114736   -7.114735 (VIOLATED)
_12449_/S                               4.000000   11.114736   -7.114735 (VIOLATED)
_12455_/A2                              4.000000   11.114736   -7.114735 (VIOLATED)
_12456_/A1                              4.000000   11.114736   -7.114735 (VIOLATED)
_12462_/S                               4.000000   11.114736   -7.114735 (VIOLATED)
_12468_/S                               4.000000   11.114736   -7.114735 (VIOLATED)
_12472_/S                               4.000000   11.114736   -7.114735 (VIOLATED)
_12477_/S                               4.000000   11.114736   -7.114735 (VIOLATED)
_12482_/S                               4.000000   11.114736   -7.114735 (VIOLATED)
_12489_/A2                              4.000000   11.114736   -7.114735 (VIOLATED)
_12490_/A1                              4.000000   11.114736   -7.114735 (VIOLATED)
_12497_/A2                              4.000000   11.114736   -7.114735 (VIOLATED)
_12498_/A1                              4.000000   11.114736   -7.114735 (VIOLATED)
_12507_/A2                              4.000000   11.114736   -7.114735 (VIOLATED)
_12508_/A1                              4.000000   11.114736   -7.114735 (VIOLATED)
_12515_/S                               4.000000   11.114736   -7.114735 (VIOLATED)
_12523_/S                               4.000000   11.114736   -7.114735 (VIOLATED)
_12530_/S                               4.000000   11.114736   -7.114735 (VIOLATED)
_12536_/A2                              4.000000   11.114736   -7.114735 (VIOLATED)
_12537_/A1                              4.000000   11.114736   -7.114735 (VIOLATED)
_12543_/S                               4.000000   11.114736   -7.114735 (VIOLATED)
_12550_/S                               4.000000   11.114736   -7.114735 (VIOLATED)
_12556_/S                               4.000000   11.114736   -7.114735 (VIOLATED)
_12562_/A2                              4.000000   11.114736   -7.114735 (VIOLATED)
_12563_/A1                              4.000000   11.114736   -7.114735 (VIOLATED)
_12569_/S                               4.000000   11.114736   -7.114735 (VIOLATED)
_12575_/S                               4.000000   11.114736   -7.114735 (VIOLATED)
_12579_/S                               4.000000   11.114736   -7.114735 (VIOLATED)
_12586_/S                               4.000000   11.114736   -7.114735 (VIOLATED)
_12602_/C                               4.000000   11.114736   -7.114735 (VIOLATED)
_12603_/A2                              4.000000   11.114736   -7.114735 (VIOLATED)
_12622_/S                               4.000000   11.114736   -7.114735 (VIOLATED)
_12642_/S                               4.000000   11.114736   -7.114735 (VIOLATED)
_12661_/B                               4.000000   11.114736   -7.114735 (VIOLATED)
_12662_/A2                              4.000000   11.114736   -7.114735 (VIOLATED)
_12678_/B                               4.000000   11.114736   -7.114735 (VIOLATED)
_12679_/A2                              4.000000   11.114736   -7.114735 (VIOLATED)
_12698_/B                               4.000000   11.114736   -7.114735 (VIOLATED)
_12699_/A2                              4.000000   11.114736   -7.114735 (VIOLATED)
_12719_/B                               4.000000   11.114736   -7.114735 (VIOLATED)
_12720_/A2                              4.000000   11.114736   -7.114735 (VIOLATED)
_12740_/B                               4.000000   11.114736   -7.114735 (VIOLATED)
_12741_/A2                              4.000000   11.114736   -7.114735 (VIOLATED)
_12755_/B                               4.000000   11.114736   -7.114735 (VIOLATED)
_12756_/A2                              4.000000   11.114736   -7.114735 (VIOLATED)
_12775_/B                               4.000000   11.114736   -7.114735 (VIOLATED)
_12776_/A2                              4.000000   11.114736   -7.114735 (VIOLATED)
_12793_/B                               4.000000   11.114736   -7.114735 (VIOLATED)
_12794_/A2                              4.000000   11.114736   -7.114735 (VIOLATED)
_12811_/B                               4.000000   11.114736   -7.114735 (VIOLATED)
_12812_/A2                              4.000000   11.114736   -7.114735 (VIOLATED)
_12826_/B                               4.000000   11.114736   -7.114735 (VIOLATED)
_12827_/A2                              4.000000   11.114736   -7.114735 (VIOLATED)
_12843_/B                               4.000000   11.114736   -7.114735 (VIOLATED)
_12844_/A2                              4.000000   11.114736   -7.114735 (VIOLATED)
_12853_/B                               4.000000   11.114736   -7.114735 (VIOLATED)
_12854_/A2                              4.000000   11.114736   -7.114735 (VIOLATED)
_12861_/S                               4.000000   11.114736   -7.114735 (VIOLATED)
_12877_/C                               4.000000   11.114736   -7.114735 (VIOLATED)
_12878_/A2                              4.000000   11.114736   -7.114735 (VIOLATED)
_12896_/S                               4.000000   11.114736   -7.114735 (VIOLATED)
_12915_/S                               4.000000   11.114736   -7.114735 (VIOLATED)
_12933_/B                               4.000000   11.114736   -7.114735 (VIOLATED)
_12934_/A2                              4.000000   11.114736   -7.114735 (VIOLATED)
_12948_/B                               4.000000   11.114736   -7.114735 (VIOLATED)
_12949_/A2                              4.000000   11.114736   -7.114735 (VIOLATED)
_12969_/B                               4.000000   11.114736   -7.114735 (VIOLATED)
_12970_/A2                              4.000000   11.114736   -7.114735 (VIOLATED)
_12990_/B                               4.000000   11.114736   -7.114735 (VIOLATED)
_12991_/A2                              4.000000   11.114736   -7.114735 (VIOLATED)
_13013_/B                               4.000000   11.114736   -7.114735 (VIOLATED)
_13014_/A2                              4.000000   11.114736   -7.114735 (VIOLATED)
_13031_/B                               4.000000   11.114736   -7.114735 (VIOLATED)
_13032_/A2                              4.000000   11.114736   -7.114735 (VIOLATED)
_13051_/B                               4.000000   11.114736   -7.114735 (VIOLATED)
_13052_/A2                              4.000000   11.114736   -7.114735 (VIOLATED)
_13068_/B                               4.000000   11.114736   -7.114735 (VIOLATED)
_13069_/A2                              4.000000   11.114736   -7.114735 (VIOLATED)
_13086_/B                               4.000000   11.114736   -7.114735 (VIOLATED)
_13087_/A2                              4.000000   11.114736   -7.114735 (VIOLATED)
_13101_/B                               4.000000   11.114736   -7.114735 (VIOLATED)
_13102_/A2                              4.000000   11.114736   -7.114735 (VIOLATED)
_13118_/B                               4.000000   11.114736   -7.114735 (VIOLATED)
_13119_/A2                              4.000000   11.114736   -7.114735 (VIOLATED)
_13128_/B                               4.000000   11.114736   -7.114735 (VIOLATED)
_13129_/A2                              4.000000   11.114736   -7.114735 (VIOLATED)
_13130_/A2                              4.000000   11.114736   -7.114735 (VIOLATED)
_13132_/A2                              4.000000   11.114736   -7.114735 (VIOLATED)
_13136_/A2                              4.000000   11.114736   -7.114735 (VIOLATED)
_13142_/A2                              4.000000   11.114736   -7.114735 (VIOLATED)
_13146_/A2                              4.000000   11.114736   -7.114735 (VIOLATED)
_13151_/A2                              4.000000   11.114736   -7.114735 (VIOLATED)
_13155_/A2                              4.000000   11.114736   -7.114735 (VIOLATED)
_13160_/A2                              4.000000   11.114736   -7.114735 (VIOLATED)
_13165_/A2                              4.000000   11.114736   -7.114735 (VIOLATED)
_13171_/A2                              4.000000   11.114736   -7.114735 (VIOLATED)
_13175_/A2                              4.000000   11.114736   -7.114735 (VIOLATED)
_13181_/A2                              4.000000   11.114736   -7.114735 (VIOLATED)
_13185_/A2                              4.000000   11.114736   -7.114735 (VIOLATED)
_13191_/A2                              4.000000   11.114736   -7.114735 (VIOLATED)
_13195_/A2                              4.000000   11.114736   -7.114735 (VIOLATED)
_13201_/A2                              4.000000   11.114736   -7.114735 (VIOLATED)
_13205_/A2                              4.000000   11.114736   -7.114735 (VIOLATED)
_13207_/A2                              4.000000   11.114736   -7.114735 (VIOLATED)
_13211_/A2                              4.000000   11.114736   -7.114735 (VIOLATED)
_13216_/A2                              4.000000   11.114736   -7.114735 (VIOLATED)
_13220_/A2                              4.000000   11.114736   -7.114735 (VIOLATED)
_13225_/A2                              4.000000   11.114736   -7.114735 (VIOLATED)
_13229_/A2                              4.000000   11.114736   -7.114735 (VIOLATED)
_13234_/A2                              4.000000   11.114736   -7.114735 (VIOLATED)
_13239_/A2                              4.000000   11.114736   -7.114735 (VIOLATED)
_13245_/A2                              4.000000   11.114736   -7.114735 (VIOLATED)
_13249_/A2                              4.000000   11.114736   -7.114735 (VIOLATED)
_13255_/A2                              4.000000   11.114736   -7.114735 (VIOLATED)
_13259_/A2                              4.000000   11.114736   -7.114735 (VIOLATED)
_13265_/A2                              4.000000   11.114736   -7.114735 (VIOLATED)
_13269_/A2                              4.000000   11.114736   -7.114735 (VIOLATED)
_13275_/A2                              4.000000   11.114736   -7.114735 (VIOLATED)
_10790_/ZN                              4.000000   11.008031   -7.008031 (VIOLATED)
_10793_/S                               4.000000   11.008031   -7.008031 (VIOLATED)
_10798_/A2                              4.000000   11.008031   -7.008031 (VIOLATED)
_10799_/B1                              4.000000   11.008031   -7.008031 (VIOLATED)
_10801_/A2                              4.000000   11.008031   -7.008031 (VIOLATED)
_10810_/S                               4.000000   11.008031   -7.008031 (VIOLATED)
_10812_/A2                              4.000000   11.008031   -7.008031 (VIOLATED)
_10813_/S                               4.000000   11.008031   -7.008031 (VIOLATED)
_10817_/S                               4.000000   11.008031   -7.008031 (VIOLATED)
_10825_/S                               4.000000   11.008031   -7.008031 (VIOLATED)
_10826_/A2                              4.000000   11.008031   -7.008031 (VIOLATED)
_10833_/S                               4.000000   11.008031   -7.008031 (VIOLATED)
_10841_/A2                              4.000000   11.008031   -7.008031 (VIOLATED)
_10842_/S0                              4.000000   11.008031   -7.008031 (VIOLATED)
_10848_/A2                              4.000000   11.008031   -7.008031 (VIOLATED)
_10855_/S                               4.000000   11.008031   -7.008031 (VIOLATED)
_10858_/A2                              4.000000   11.008031   -7.008031 (VIOLATED)
_10859_/B1                              4.000000   11.008031   -7.008031 (VIOLATED)
_10861_/A2                              4.000000   11.008031   -7.008031 (VIOLATED)
_10871_/S                               4.000000   11.008031   -7.008031 (VIOLATED)
_10874_/A2                              4.000000   11.008031   -7.008031 (VIOLATED)
_10877_/A2                              4.000000   11.008031   -7.008031 (VIOLATED)
_10887_/A2                              4.000000   11.008031   -7.008031 (VIOLATED)
_10888_/A2                              4.000000   11.008031   -7.008031 (VIOLATED)
_10891_/A2                              4.000000   11.008031   -7.008031 (VIOLATED)
_10896_/S                               4.000000   11.008031   -7.008031 (VIOLATED)
_10908_/S0                              4.000000   11.008031   -7.008031 (VIOLATED)
_10909_/A2                              4.000000   11.008031   -7.008031 (VIOLATED)
_10918_/A2                              4.000000   11.008031   -7.008031 (VIOLATED)
_10922_/S0                              4.000000   11.008031   -7.008031 (VIOLATED)
_10923_/A2                              4.000000   11.008031   -7.008031 (VIOLATED)
_10932_/A2                              4.000000   11.008031   -7.008031 (VIOLATED)
_10933_/S0                              4.000000   11.008031   -7.008031 (VIOLATED)
_10938_/A2                              4.000000   11.008031   -7.008031 (VIOLATED)
_10939_/A2                              4.000000   11.008031   -7.008031 (VIOLATED)
_10946_/A2                              4.000000   11.008031   -7.008031 (VIOLATED)
_10948_/S0                              4.000000   11.008031   -7.008031 (VIOLATED)
_10951_/A2                              4.000000   11.008031   -7.008031 (VIOLATED)
_10952_/A2                              4.000000   11.008031   -7.008031 (VIOLATED)
_10958_/A2                              4.000000   11.008031   -7.008031 (VIOLATED)
_10959_/S0                              4.000000   11.008031   -7.008031 (VIOLATED)
_10964_/A2                              4.000000   11.008031   -7.008031 (VIOLATED)
_10965_/A2                              4.000000   11.008031   -7.008031 (VIOLATED)
_10972_/A2                              4.000000   11.008031   -7.008031 (VIOLATED)
_10973_/B1                              4.000000   11.008031   -7.008031 (VIOLATED)
_10975_/S                               4.000000   11.008031   -7.008031 (VIOLATED)
_10978_/A2                              4.000000   11.008031   -7.008031 (VIOLATED)
_10986_/S                               4.000000   11.008031   -7.008031 (VIOLATED)
_10989_/A2                              4.000000   11.008031   -7.008031 (VIOLATED)
_10990_/B1                              4.000000   11.008031   -7.008031 (VIOLATED)
_10991_/S                               4.000000   11.008031   -7.008031 (VIOLATED)
_11000_/A2                              4.000000   11.008031   -7.008031 (VIOLATED)
_11001_/S0                              4.000000   11.008031   -7.008031 (VIOLATED)
_11006_/A2                              4.000000   11.008031   -7.008031 (VIOLATED)
_11007_/A2                              4.000000   11.008031   -7.008031 (VIOLATED)
_11013_/A2                              4.000000   11.008031   -7.008031 (VIOLATED)
_11014_/S0                              4.000000   11.008031   -7.008031 (VIOLATED)
_11019_/A2                              4.000000   11.008031   -7.008031 (VIOLATED)
_11020_/A2                              4.000000   11.008031   -7.008031 (VIOLATED)
_11031_/A2                              4.000000   11.008031   -7.008031 (VIOLATED)
_11032_/S0                              4.000000   11.008031   -7.008031 (VIOLATED)
_11037_/A2                              4.000000   11.008031   -7.008031 (VIOLATED)
_11044_/A2                              4.000000   11.008031   -7.008031 (VIOLATED)
_11046_/A2                              4.000000   11.008031   -7.008031 (VIOLATED)
_11048_/A2                              4.000000   11.008031   -7.008031 (VIOLATED)
_11053_/S                               4.000000   11.008031   -7.008031 (VIOLATED)
_11062_/A2                              4.000000   11.008031   -7.008031 (VIOLATED)
_11063_/B1                              4.000000   11.008031   -7.008031 (VIOLATED)
_11065_/S                               4.000000   11.008031   -7.008031 (VIOLATED)
_11068_/S                               4.000000   11.008031   -7.008031 (VIOLATED)
_11078_/A2                              4.000000   11.008031   -7.008031 (VIOLATED)
_11080_/S0                              4.000000   11.008031   -7.008031 (VIOLATED)
_11082_/S                               4.000000   11.008031   -7.008031 (VIOLATED)
_11090_/S                               4.000000   11.008031   -7.008031 (VIOLATED)
_11092_/A2                              4.000000   11.008031   -7.008031 (VIOLATED)
_11098_/S                               4.000000   11.008031   -7.008031 (VIOLATED)
_11107_/A2                              4.000000   11.008031   -7.008031 (VIOLATED)
_11109_/S0                              4.000000   11.008031   -7.008031 (VIOLATED)
_11113_/A2                              4.000000   11.008031   -7.008031 (VIOLATED)
_11120_/S                               4.000000   11.008031   -7.008031 (VIOLATED)
_11122_/A2                              4.000000   11.008031   -7.008031 (VIOLATED)
_11124_/A2                              4.000000   11.008031   -7.008031 (VIOLATED)
_11128_/S                               4.000000   11.008031   -7.008031 (VIOLATED)
_11138_/A2                              4.000000   11.008031   -7.008031 (VIOLATED)
_11141_/A2                              4.000000   11.008031   -7.008031 (VIOLATED)
_11143_/B1                              4.000000   11.008031   -7.008031 (VIOLATED)
_11144_/S                               4.000000   11.008031   -7.008031 (VIOLATED)
_11153_/A2                              4.000000   11.008031   -7.008031 (VIOLATED)
_11155_/S0                              4.000000   11.008031   -7.008031 (VIOLATED)
_11159_/A2                              4.000000   11.008031   -7.008031 (VIOLATED)
_11165_/A2                              4.000000   11.008031   -7.008031 (VIOLATED)
_11166_/S0                              4.000000   11.008031   -7.008031 (VIOLATED)
_11172_/A2                              4.000000   11.008031   -7.008031 (VIOLATED)
_11178_/S                               4.000000   11.008031   -7.008031 (VIOLATED)
_11181_/A2                              4.000000   11.008031   -7.008031 (VIOLATED)
_11182_/B1                              4.000000   11.008031   -7.008031 (VIOLATED)
_11183_/S                               4.000000   11.008031   -7.008031 (VIOLATED)
_11192_/A2                              4.000000   11.008031   -7.008031 (VIOLATED)
_11197_/A2                              4.000000   11.008031   -7.008031 (VIOLATED)
_11198_/B1                              4.000000   11.008031   -7.008031 (VIOLATED)
_11199_/S                               4.000000   11.008031   -7.008031 (VIOLATED)
_11207_/A2                              4.000000   11.008031   -7.008031 (VIOLATED)
_11208_/S0                              4.000000   11.008031   -7.008031 (VIOLATED)
_11214_/A2                              4.000000   11.008031   -7.008031 (VIOLATED)
_11221_/A2                              4.000000   11.008031   -7.008031 (VIOLATED)
_11222_/B1                              4.000000   11.008031   -7.008031 (VIOLATED)
_11224_/S                               4.000000   11.008031   -7.008031 (VIOLATED)
_11227_/A2                              4.000000   11.008031   -7.008031 (VIOLATED)
_11236_/S                               4.000000   11.008031   -7.008031 (VIOLATED)
_11237_/A2                              4.000000   11.008031   -7.008031 (VIOLATED)
_11239_/A2                              4.000000   11.008031   -7.008031 (VIOLATED)
_11243_/S                               4.000000   11.008031   -7.008031 (VIOLATED)
_11250_/A2                              4.000000   11.008031   -7.008031 (VIOLATED)
_11255_/A2                              4.000000   11.008031   -7.008031 (VIOLATED)
_11256_/B1                              4.000000   11.008031   -7.008031 (VIOLATED)
_11257_/S                               4.000000   11.008031   -7.008031 (VIOLATED)
_11271_/ZN                              4.000000   10.919043   -6.919043 (VIOLATED)
_11286_/A2                              4.000000   10.919043   -6.919043 (VIOLATED)
_11287_/A1                              4.000000   10.919043   -6.919043 (VIOLATED)
_11407_/B                               4.000000   10.919043   -6.919043 (VIOLATED)
_11408_/A2                              4.000000   10.919043   -6.919043 (VIOLATED)
_11427_/A2                              4.000000   10.919043   -6.919043 (VIOLATED)
_11428_/A1                              4.000000   10.919043   -6.919043 (VIOLATED)
_11429_/B                               4.000000   10.919043   -6.919043 (VIOLATED)
_11470_/A1                              4.000000   10.919043   -6.919043 (VIOLATED)
_11475_/C                               4.000000   10.919043   -6.919043 (VIOLATED)
_11476_/A1                              4.000000   10.919043   -6.919043 (VIOLATED)
_11495_/C                               4.000000   10.919043   -6.919043 (VIOLATED)
_11496_/A1                              4.000000   10.919043   -6.919043 (VIOLATED)
_11530_/B                               4.000000   10.919043   -6.919043 (VIOLATED)
_11531_/A2                              4.000000   10.919043   -6.919043 (VIOLATED)
_11602_/A2                              4.000000   10.919043   -6.919043 (VIOLATED)
_11603_/A1                              4.000000   10.919043   -6.919043 (VIOLATED)
_11608_/C                               4.000000   10.919043   -6.919043 (VIOLATED)
_11609_/A1                              4.000000   10.919043   -6.919043 (VIOLATED)
_11624_/A2                              4.000000   10.919043   -6.919043 (VIOLATED)
_11625_/A1                              4.000000   10.919043   -6.919043 (VIOLATED)
_11642_/A2                              4.000000   10.919043   -6.919043 (VIOLATED)
_11643_/A1                              4.000000   10.919043   -6.919043 (VIOLATED)
_11645_/B                               4.000000   10.919043   -6.919043 (VIOLATED)
_11648_/A2                              4.000000   10.919043   -6.919043 (VIOLATED)
_11649_/B                               4.000000   10.919043   -6.919043 (VIOLATED)
_11679_/A1                              4.000000   10.919043   -6.919043 (VIOLATED)
_11684_/C                               4.000000   10.919043   -6.919043 (VIOLATED)
_11685_/A1                              4.000000   10.919043   -6.919043 (VIOLATED)
_11706_/C                               4.000000   10.919043   -6.919043 (VIOLATED)
_11708_/C                               4.000000   10.919043   -6.919043 (VIOLATED)
_11723_/A2                              4.000000   10.919043   -6.919043 (VIOLATED)
_11724_/A1                              4.000000   10.919043   -6.919043 (VIOLATED)
_11748_/B                               4.000000   10.919043   -6.919043 (VIOLATED)
_11749_/A2                              4.000000   10.919043   -6.919043 (VIOLATED)
_11750_/B                               4.000000   10.919043   -6.919043 (VIOLATED)
_11782_/A1                              4.000000   10.919043   -6.919043 (VIOLATED)
_11788_/C                               4.000000   10.919043   -6.919043 (VIOLATED)
_11789_/A1                              4.000000   10.919043   -6.919043 (VIOLATED)
_11810_/C                               4.000000   10.919043   -6.919043 (VIOLATED)
_11811_/A1                              4.000000   10.919043   -6.919043 (VIOLATED)
_11826_/A2                              4.000000   10.919043   -6.919043 (VIOLATED)
_11829_/B                               4.000000   10.919043   -6.919043 (VIOLATED)
_11830_/A2                              4.000000   10.919043   -6.919043 (VIOLATED)
_11852_/C                               4.000000   10.919043   -6.919043 (VIOLATED)
_11853_/A1                              4.000000   10.919043   -6.919043 (VIOLATED)
_11864_/A2                              4.000000   10.919043   -6.919043 (VIOLATED)
_11884_/A2                              4.000000   10.919043   -6.919043 (VIOLATED)
_11885_/A1                              4.000000   10.919043   -6.919043 (VIOLATED)
_11910_/C                               4.000000   10.919043   -6.919043 (VIOLATED)
_11911_/A1                              4.000000   10.919043   -6.919043 (VIOLATED)
_11928_/C                               4.000000   10.919043   -6.919043 (VIOLATED)
_11929_/A1                              4.000000   10.919043   -6.919043 (VIOLATED)
_11946_/C                               4.000000   10.919043   -6.919043 (VIOLATED)
_11963_/A2                              4.000000   10.919043   -6.919043 (VIOLATED)
_11964_/A1                              4.000000   10.919043   -6.919043 (VIOLATED)
_12007_/C                               4.000000   10.919043   -6.919043 (VIOLATED)
_12008_/A1                              4.000000   10.919043   -6.919043 (VIOLATED)
_11272_/ZN                              4.000000   10.015648   -6.015648 (VIOLATED)
_11289_/B                               4.000000   10.015648   -6.015648 (VIOLATED)
_11290_/A1                              4.000000   10.015648   -6.015648 (VIOLATED)
_11291_/A2                              4.000000   10.015648   -6.015648 (VIOLATED)
_11292_/A1                              4.000000   10.015648   -6.015648 (VIOLATED)
_11411_/A1                              4.000000   10.015648   -6.015648 (VIOLATED)
_11413_/C                               4.000000   10.015648   -6.015648 (VIOLATED)
_11431_/B                               4.000000   10.015648   -6.015648 (VIOLATED)
_11433_/A2                              4.000000   10.015648   -6.015648 (VIOLATED)
_11434_/A1                              4.000000   10.015648   -6.015648 (VIOLATED)
_11449_/S                               4.000000   10.015648   -6.015648 (VIOLATED)
_11453_/S1                              4.000000   10.015648   -6.015648 (VIOLATED)
_11469_/A2                              4.000000   10.015648   -6.015648 (VIOLATED)
_11489_/A1                              4.000000   10.015648   -6.015648 (VIOLATED)
_11490_/A2                              4.000000   10.015648   -6.015648 (VIOLATED)
_11515_/S0                              4.000000   10.015648   -6.015648 (VIOLATED)
_11535_/C                               4.000000   10.015648   -6.015648 (VIOLATED)
_11536_/A1                              4.000000   10.015648   -6.015648 (VIOLATED)
_11552_/S                               4.000000   10.015648   -6.015648 (VIOLATED)
_11556_/S1                              4.000000   10.015648   -6.015648 (VIOLATED)
_11567_/A1                              4.000000   10.015648   -6.015648 (VIOLATED)
_11568_/A2                              4.000000   10.015648   -6.015648 (VIOLATED)
_11569_/S1                              4.000000   10.015648   -6.015648 (VIOLATED)
_11573_/A1                              4.000000   10.015648   -6.015648 (VIOLATED)
_11574_/A2                              4.000000   10.015648   -6.015648 (VIOLATED)
_11590_/S0                              4.000000   10.015648   -6.015648 (VIOLATED)
_11591_/A1                              4.000000   10.015648   -6.015648 (VIOLATED)
_11592_/A2                              4.000000   10.015648   -6.015648 (VIOLATED)
_11629_/S0                              4.000000   10.015648   -6.015648 (VIOLATED)
_11650_/B                               4.000000   10.015648   -6.015648 (VIOLATED)
_11664_/A2                              4.000000   10.015648   -6.015648 (VIOLATED)
_11665_/A1                              4.000000   10.015648   -6.015648 (VIOLATED)
_11669_/C                               4.000000   10.015648   -6.015648 (VIOLATED)
_11670_/A1                              4.000000   10.015648   -6.015648 (VIOLATED)
_11680_/A2                              4.000000   10.015648   -6.015648 (VIOLATED)
_11700_/A2                              4.000000   10.015648   -6.015648 (VIOLATED)
_11701_/A1                              4.000000   10.015648   -6.015648 (VIOLATED)
_11707_/A2                              4.000000   10.015648   -6.015648 (VIOLATED)
_11709_/C                               4.000000   10.015648   -6.015648 (VIOLATED)
_11726_/B                               4.000000   10.015648   -6.015648 (VIOLATED)
_11727_/A1                              4.000000   10.015648   -6.015648 (VIOLATED)
_11728_/A2                              4.000000   10.015648   -6.015648 (VIOLATED)
_11729_/A1                              4.000000   10.015648   -6.015648 (VIOLATED)
_11743_/A1                              4.000000   10.015648   -6.015648 (VIOLATED)
_11744_/A2                              4.000000   10.015648   -6.015648 (VIOLATED)
_11751_/B                               4.000000   10.015648   -6.015648 (VIOLATED)
_11768_/S0                              4.000000   10.015648   -6.015648 (VIOLATED)
_11783_/A2                              4.000000   10.015648   -6.015648 (VIOLATED)
_11804_/A1                              4.000000   10.015648   -6.015648 (VIOLATED)
_11805_/A2                              4.000000   10.015648   -6.015648 (VIOLATED)
_11825_/A1                              4.000000   10.015648   -6.015648 (VIOLATED)
_11827_/S1                              4.000000   10.015648   -6.015648 (VIOLATED)
_11846_/B                               4.000000   10.015648   -6.015648 (VIOLATED)
_11847_/A2                              4.000000   10.015648   -6.015648 (VIOLATED)
_11866_/A1                              4.000000   10.015648   -6.015648 (VIOLATED)
_11871_/S1                              4.000000   10.015648   -6.015648 (VIOLATED)
_11887_/S0                              4.000000   10.015648   -6.015648 (VIOLATED)
_11904_/A1                              4.000000   10.015648   -6.015648 (VIOLATED)
_11905_/A2                              4.000000   10.015648   -6.015648 (VIOLATED)
_11922_/B                               4.000000   10.015648   -6.015648 (VIOLATED)
_11923_/A2                              4.000000   10.015648   -6.015648 (VIOLATED)
_11945_/A2                              4.000000   10.015648   -6.015648 (VIOLATED)
_11950_/S1                              4.000000   10.015648   -6.015648 (VIOLATED)
_11965_/S1                              4.000000   10.015648   -6.015648 (VIOLATED)
_11969_/A1                              4.000000   10.015648   -6.015648 (VIOLATED)
_11970_/A2                              4.000000   10.015648   -6.015648 (VIOLATED)
_11984_/A1                              4.000000   10.015648   -6.015648 (VIOLATED)
_11985_/A2                              4.000000   10.015648   -6.015648 (VIOLATED)
_11989_/S1                              4.000000   10.015648   -6.015648 (VIOLATED)
_12001_/B                               4.000000   10.015648   -6.015648 (VIOLATED)
_12002_/A2                              4.000000   10.015648   -6.015648 (VIOLATED)
_09054_/I                               4.000000    8.835815   -4.835816 (VIOLATED)
_09986_/A2                              4.000000    8.835815   -4.835816 (VIOLATED)
_09998_/A2                              4.000000    8.835815   -4.835816 (VIOLATED)
_10002_/S                               4.000000    8.835815   -4.835816 (VIOLATED)
_10005_/A1                              4.000000    8.835815   -4.835816 (VIOLATED)
_10006_/A1                              4.000000    8.835815   -4.835816 (VIOLATED)
_10010_/S                               4.000000    8.835815   -4.835816 (VIOLATED)
_10012_/A2                              4.000000    8.835815   -4.835816 (VIOLATED)
_10014_/A2                              4.000000    8.835815   -4.835816 (VIOLATED)
_10040_/S                               4.000000    8.835815   -4.835816 (VIOLATED)
_10043_/A1                              4.000000    8.835815   -4.835816 (VIOLATED)
_10044_/A1                              4.000000    8.835815   -4.835816 (VIOLATED)
_10048_/A1                              4.000000    8.835815   -4.835816 (VIOLATED)
_10067_/S                               4.000000    8.835815   -4.835816 (VIOLATED)
_10071_/A1                              4.000000    8.835815   -4.835816 (VIOLATED)
_10072_/A1                              4.000000    8.835815   -4.835816 (VIOLATED)
_10076_/S                               4.000000    8.835815   -4.835816 (VIOLATED)
_10096_/A1                              4.000000    8.835815   -4.835816 (VIOLATED)
_10099_/S                               4.000000    8.835815   -4.835816 (VIOLATED)
_10104_/A1                              4.000000    8.835815   -4.835816 (VIOLATED)
_10124_/A1                              4.000000    8.835815   -4.835816 (VIOLATED)
_10128_/A1                              4.000000    8.835815   -4.835816 (VIOLATED)
_10132_/S                               4.000000    8.835815   -4.835816 (VIOLATED)
_10151_/S                               4.000000    8.835815   -4.835816 (VIOLATED)
_10154_/S                               4.000000    8.835815   -4.835816 (VIOLATED)
_10157_/A1                              4.000000    8.835815   -4.835816 (VIOLATED)
_10178_/S                               4.000000    8.835815   -4.835816 (VIOLATED)
_10181_/S                               4.000000    8.835815   -4.835816 (VIOLATED)
_10184_/A1                              4.000000    8.835815   -4.835816 (VIOLATED)
_10208_/S                               4.000000    8.835815   -4.835816 (VIOLATED)
_10211_/A1                              4.000000    8.835815   -4.835816 (VIOLATED)
_10212_/A1                              4.000000    8.835815   -4.835816 (VIOLATED)
_10215_/A1                              4.000000    8.835815   -4.835816 (VIOLATED)
_10216_/A1                              4.000000    8.835815   -4.835816 (VIOLATED)
_10234_/S                               4.000000    8.835815   -4.835816 (VIOLATED)
_10237_/S                               4.000000    8.835815   -4.835816 (VIOLATED)
_10242_/A1                              4.000000    8.835815   -4.835816 (VIOLATED)
_10258_/S                               4.000000    8.835815   -4.835816 (VIOLATED)
_10261_/S                               4.000000    8.835815   -4.835816 (VIOLATED)
_10266_/A1                              4.000000    8.835815   -4.835816 (VIOLATED)
_10267_/A1                              4.000000    8.835815   -4.835816 (VIOLATED)
_10283_/A1                              4.000000    8.835815   -4.835816 (VIOLATED)
_10287_/A1                              4.000000    8.835815   -4.835816 (VIOLATED)
_10291_/A1                              4.000000    8.835815   -4.835816 (VIOLATED)
_10292_/A1                              4.000000    8.835815   -4.835816 (VIOLATED)
_10308_/A1                              4.000000    8.835815   -4.835816 (VIOLATED)
_10312_/A1                              4.000000    8.835815   -4.835816 (VIOLATED)
_10316_/A1                              4.000000    8.835815   -4.835816 (VIOLATED)
_10317_/A1                              4.000000    8.835815   -4.835816 (VIOLATED)
_10332_/A1                              4.000000    8.835815   -4.835816 (VIOLATED)
_10334_/S                               4.000000    8.835815   -4.835816 (VIOLATED)
_10337_/S                               4.000000    8.835815   -4.835816 (VIOLATED)
_10359_/A1                              4.000000    8.835815   -4.835816 (VIOLATED)
_10363_/A1                              4.000000    8.835815   -4.835816 (VIOLATED)
_10366_/S                               4.000000    8.835815   -4.835816 (VIOLATED)
_10382_/S                               4.000000    8.835815   -4.835816 (VIOLATED)
_10385_/A1                              4.000000    8.835815   -4.835816 (VIOLATED)
_10386_/A1                              4.000000    8.835815   -4.835816 (VIOLATED)
_10390_/A1                              4.000000    8.835815   -4.835816 (VIOLATED)
_10391_/A1                              4.000000    8.835815   -4.835816 (VIOLATED)
_10407_/A1                              4.000000    8.835815   -4.835816 (VIOLATED)
_10410_/A1                              4.000000    8.835815   -4.835816 (VIOLATED)
_10411_/A1                              4.000000    8.835815   -4.835816 (VIOLATED)
_10415_/A1                              4.000000    8.835815   -4.835816 (VIOLATED)
_10416_/A1                              4.000000    8.835815   -4.835816 (VIOLATED)
_16624_/A1                              4.000000    8.835815   -4.835816 (VIOLATED)
_16628_/A1                              4.000000    8.835815   -4.835816 (VIOLATED)
_16631_/S                               4.000000    8.835815   -4.835816 (VIOLATED)
_16644_/S                               4.000000    8.835815   -4.835816 (VIOLATED)
_16647_/S                               4.000000    8.835815   -4.835816 (VIOLATED)
_16650_/S                               4.000000    8.835815   -4.835816 (VIOLATED)
_16665_/A1                              4.000000    8.835815   -4.835816 (VIOLATED)
_16669_/A1                              4.000000    8.835815   -4.835816 (VIOLATED)
_16673_/S                               4.000000    8.835815   -4.835816 (VIOLATED)
_16686_/S                               4.000000    8.835815   -4.835816 (VIOLATED)
_16688_/A1                              4.000000    8.835815   -4.835816 (VIOLATED)
_16692_/A1                              4.000000    8.835815   -4.835816 (VIOLATED)
_16707_/S                               4.000000    8.835815   -4.835816 (VIOLATED)
_16710_/S                               4.000000    8.835815   -4.835816 (VIOLATED)
_16715_/A1                              4.000000    8.835815   -4.835816 (VIOLATED)
_16729_/S                               4.000000    8.835815   -4.835816 (VIOLATED)
_16732_/S                               4.000000    8.835815   -4.835816 (VIOLATED)
_16737_/A1                              4.000000    8.835815   -4.835816 (VIOLATED)
_16750_/A1                              4.000000    8.835815   -4.835816 (VIOLATED)
_16752_/S                               4.000000    8.835815   -4.835816 (VIOLATED)
_16755_/S                               4.000000    8.835815   -4.835816 (VIOLATED)
_16772_/S                               4.000000    8.835815   -4.835816 (VIOLATED)
_16775_/S                               4.000000    8.835815   -4.835816 (VIOLATED)
_16778_/A1                              4.000000    8.835815   -4.835816 (VIOLATED)
_16794_/A1                              4.000000    8.835815   -4.835816 (VIOLATED)
_16798_/A1                              4.000000    8.835815   -4.835816 (VIOLATED)
_16803_/A1                              4.000000    8.835815   -4.835816 (VIOLATED)
_16816_/A1                              4.000000    8.835815   -4.835816 (VIOLATED)
_16820_/A1                              4.000000    8.835815   -4.835816 (VIOLATED)
_16823_/S                               4.000000    8.835815   -4.835816 (VIOLATED)
_16836_/A1                              4.000000    8.835815   -4.835816 (VIOLATED)
_16840_/A1                              4.000000    8.835815   -4.835816 (VIOLATED)
_16844_/S                               4.000000    8.835815   -4.835816 (VIOLATED)
_16856_/A1                              4.000000    8.835815   -4.835816 (VIOLATED)
_16860_/A1                              4.000000    8.835815   -4.835816 (VIOLATED)
_16864_/S                               4.000000    8.835815   -4.835816 (VIOLATED)
_16875_/S                               4.000000    8.835815   -4.835816 (VIOLATED)
_16878_/S                               4.000000    8.835815   -4.835816 (VIOLATED)
_16883_/A1                              4.000000    8.835815   -4.835816 (VIOLATED)
_16894_/S                               4.000000    8.835815   -4.835816 (VIOLATED)
_16897_/S                               4.000000    8.835815   -4.835816 (VIOLATED)
_16902_/A1                              4.000000    8.835815   -4.835816 (VIOLATED)
_16915_/A1                              4.000000    8.835815   -4.835816 (VIOLATED)
_16919_/A1                              4.000000    8.835815   -4.835816 (VIOLATED)
_16924_/A1                              4.000000    8.835815   -4.835816 (VIOLATED)
_16937_/A1                              4.000000    8.835815   -4.835816 (VIOLATED)
_16940_/S                               4.000000    8.835815   -4.835816 (VIOLATED)
_16943_/S                               4.000000    8.835815   -4.835816 (VIOLATED)
_19409_/Q                               4.000000    8.835815   -4.835816 (VIOLATED)
_09340_/ZN                              4.000000    8.463835   -4.463835 (VIOLATED)
_09349_/B                               4.000000    8.463835   -4.463835 (VIOLATED)
_10806_/C                               4.000000    8.463835   -4.463835 (VIOLATED)
_10822_/C                               4.000000    8.463835   -4.463835 (VIOLATED)
_10837_/C                               4.000000    8.463835   -4.463835 (VIOLATED)
_10852_/C                               4.000000    8.463835   -4.463835 (VIOLATED)
_10867_/C                               4.000000    8.463835   -4.463835 (VIOLATED)
_10883_/C                               4.000000    8.463835   -4.463835 (VIOLATED)
_10900_/C                               4.000000    8.463835   -4.463835 (VIOLATED)
_11040_/C                               4.000000    8.463835   -4.463835 (VIOLATED)
_11058_/C                               4.000000    8.463835   -4.463835 (VIOLATED)
_11072_/C                               4.000000    8.463835   -4.463835 (VIOLATED)
_11087_/C                               4.000000    8.463835   -4.463835 (VIOLATED)
_11102_/C                               4.000000    8.463835   -4.463835 (VIOLATED)
_11116_/C                               4.000000    8.463835   -4.463835 (VIOLATED)
_11133_/C                               4.000000    8.463835   -4.463835 (VIOLATED)
_11441_/B                               4.000000    8.463835   -4.463835 (VIOLATED)
_11442_/A1                              4.000000    8.463835   -4.463835 (VIOLATED)
_11459_/A1                              4.000000    8.463835   -4.463835 (VIOLATED)
_11460_/A1                              4.000000    8.463835   -4.463835 (VIOLATED)
_11480_/B                               4.000000    8.463835   -4.463835 (VIOLATED)
_11481_/A1                              4.000000    8.463835   -4.463835 (VIOLATED)
_11521_/B                               4.000000    8.463835   -4.463835 (VIOLATED)
_11522_/A1                              4.000000    8.463835   -4.463835 (VIOLATED)
_11542_/B                               4.000000    8.463835   -4.463835 (VIOLATED)
_11543_/A1                              4.000000    8.463835   -4.463835 (VIOLATED)
_11560_/C                               4.000000    8.463835   -4.463835 (VIOLATED)
_11579_/B                               4.000000    8.463835   -4.463835 (VIOLATED)
_11580_/A1                              4.000000    8.463835   -4.463835 (VIOLATED)
_11598_/A1                              4.000000    8.463835   -4.463835 (VIOLATED)
_11618_/B2                              4.000000    8.463835   -4.463835 (VIOLATED)
_11636_/B2                              4.000000    8.463835   -4.463835 (VIOLATED)
_11657_/B2                              4.000000    8.463835   -4.463835 (VIOLATED)
_11674_/A1                              4.000000    8.463835   -4.463835 (VIOLATED)
_11688_/C                               4.000000    8.463835   -4.463835 (VIOLATED)
_11757_/B                               4.000000    8.463835   -4.463835 (VIOLATED)
_11758_/A1                              4.000000    8.463835   -4.463835 (VIOLATED)
_11795_/A1                              4.000000    8.463835   -4.463835 (VIOLATED)
_11796_/A1                              4.000000    8.463835   -4.463835 (VIOLATED)
_11837_/C                               4.000000    8.463835   -4.463835 (VIOLATED)
_11891_/B                               4.000000    8.463835   -4.463835 (VIOLATED)
_11896_/A1                              4.000000    8.463835   -4.463835 (VIOLATED)
_11916_/A1                              4.000000    8.463835   -4.463835 (VIOLATED)
_11940_/B2                              4.000000    8.463835   -4.463835 (VIOLATED)
_11957_/B2                              4.000000    8.463835   -4.463835 (VIOLATED)
_11978_/B2                              4.000000    8.463835   -4.463835 (VIOLATED)
_11993_/C                               4.000000    8.463835   -4.463835 (VIOLATED)
_12014_/A1                              4.000000    8.463835   -4.463835 (VIOLATED)
_12016_/A1                              4.000000    8.463835   -4.463835 (VIOLATED)
_12027_/A1                              4.000000    8.463835   -4.463835 (VIOLATED)
_12033_/A1                              4.000000    8.463835   -4.463835 (VIOLATED)
_12039_/A1                              4.000000    8.463835   -4.463835 (VIOLATED)
_12045_/A1                              4.000000    8.463835   -4.463835 (VIOLATED)
_12052_/A1                              4.000000    8.463835   -4.463835 (VIOLATED)
_12058_/A1                              4.000000    8.463835   -4.463835 (VIOLATED)
_12065_/A1                              4.000000    8.463835   -4.463835 (VIOLATED)
_12142_/A1                              4.000000    8.463835   -4.463835 (VIOLATED)
_12149_/A1                              4.000000    8.463835   -4.463835 (VIOLATED)
_12155_/A1                              4.000000    8.463835   -4.463835 (VIOLATED)
_12162_/A1                              4.000000    8.463835   -4.463835 (VIOLATED)
_12168_/A1                              4.000000    8.463835   -4.463835 (VIOLATED)
_12174_/A1                              4.000000    8.463835   -4.463835 (VIOLATED)
_12181_/A1                              4.000000    8.463835   -4.463835 (VIOLATED)
_12254_/A1                              4.000000    8.463835   -4.463835 (VIOLATED)
_12313_/C                               4.000000    8.463835   -4.463835 (VIOLATED)
_12320_/A1                              4.000000    8.463835   -4.463835 (VIOLATED)
_12323_/A1                              4.000000    8.463835   -4.463835 (VIOLATED)
_16145_/ZN                              4.000000    8.163729   -4.163729 (VIOLATED)
_16146_/B                               4.000000    8.163729   -4.163729 (VIOLATED)
_16147_/S                               4.000000    8.163729   -4.163729 (VIOLATED)
_16149_/S                               4.000000    8.163729   -4.163729 (VIOLATED)
_16151_/S                               4.000000    8.163729   -4.163729 (VIOLATED)
_16153_/S                               4.000000    8.163729   -4.163729 (VIOLATED)
_16155_/S                               4.000000    8.163729   -4.163729 (VIOLATED)
_16157_/S                               4.000000    8.163729   -4.163729 (VIOLATED)
_16159_/S                               4.000000    8.163729   -4.163729 (VIOLATED)
_16161_/S                               4.000000    8.163729   -4.163729 (VIOLATED)
_16163_/S                               4.000000    8.163729   -4.163729 (VIOLATED)
_16165_/S                               4.000000    8.163729   -4.163729 (VIOLATED)
_16167_/S                               4.000000    8.163729   -4.163729 (VIOLATED)
_16169_/S                               4.000000    8.163729   -4.163729 (VIOLATED)
_16171_/S                               4.000000    8.163729   -4.163729 (VIOLATED)
_16173_/S                               4.000000    8.163729   -4.163729 (VIOLATED)
_16175_/S                               4.000000    8.163729   -4.163729 (VIOLATED)
_16177_/S                               4.000000    8.163729   -4.163729 (VIOLATED)
_16573_/S                               4.000000    8.163729   -4.163729 (VIOLATED)
_16575_/S                               4.000000    8.163729   -4.163729 (VIOLATED)
_16577_/S                               4.000000    8.163729   -4.163729 (VIOLATED)
_16579_/S                               4.000000    8.163729   -4.163729 (VIOLATED)
_16581_/S                               4.000000    8.163729   -4.163729 (VIOLATED)
_16583_/S                               4.000000    8.163729   -4.163729 (VIOLATED)
_16585_/S                               4.000000    8.163729   -4.163729 (VIOLATED)
_16587_/S                               4.000000    8.163729   -4.163729 (VIOLATED)
_16589_/S                               4.000000    8.163729   -4.163729 (VIOLATED)
_16591_/S                               4.000000    8.163729   -4.163729 (VIOLATED)
_16593_/S                               4.000000    8.163729   -4.163729 (VIOLATED)
_16595_/S                               4.000000    8.163729   -4.163729 (VIOLATED)
_16597_/S                               4.000000    8.163729   -4.163729 (VIOLATED)
_16599_/S                               4.000000    8.163729   -4.163729 (VIOLATED)
_16601_/S                               4.000000    8.163729   -4.163729 (VIOLATED)
_16603_/S                               4.000000    8.163729   -4.163729 (VIOLATED)
_16008_/ZN                              4.000000    7.932828   -3.932828 (VIOLATED)
_16010_/S                               4.000000    7.932828   -3.932828 (VIOLATED)
_16012_/S                               4.000000    7.932828   -3.932828 (VIOLATED)
_16014_/S                               4.000000    7.932828   -3.932828 (VIOLATED)
_16016_/S                               4.000000    7.932828   -3.932828 (VIOLATED)
_16018_/S                               4.000000    7.932828   -3.932828 (VIOLATED)
_16020_/S                               4.000000    7.932828   -3.932828 (VIOLATED)
_16022_/S                               4.000000    7.932828   -3.932828 (VIOLATED)
_16024_/S                               4.000000    7.932828   -3.932828 (VIOLATED)
_16026_/S                               4.000000    7.932828   -3.932828 (VIOLATED)
_16028_/S                               4.000000    7.932828   -3.932828 (VIOLATED)
_16030_/S                               4.000000    7.932828   -3.932828 (VIOLATED)
_16032_/S                               4.000000    7.932828   -3.932828 (VIOLATED)
_16034_/S                               4.000000    7.932828   -3.932828 (VIOLATED)
_16036_/S                               4.000000    7.932828   -3.932828 (VIOLATED)
_16038_/S                               4.000000    7.932828   -3.932828 (VIOLATED)
_16040_/S                               4.000000    7.932828   -3.932828 (VIOLATED)
_16446_/S                               4.000000    7.932828   -3.932828 (VIOLATED)
_16448_/S                               4.000000    7.932828   -3.932828 (VIOLATED)
_16450_/S                               4.000000    7.932828   -3.932828 (VIOLATED)
_16452_/S                               4.000000    7.932828   -3.932828 (VIOLATED)
_16454_/S                               4.000000    7.932828   -3.932828 (VIOLATED)
_16456_/S                               4.000000    7.932828   -3.932828 (VIOLATED)
_16458_/S                               4.000000    7.932828   -3.932828 (VIOLATED)
_16460_/S                               4.000000    7.932828   -3.932828 (VIOLATED)
_16462_/S                               4.000000    7.932828   -3.932828 (VIOLATED)
_16464_/S                               4.000000    7.932828   -3.932828 (VIOLATED)
_16466_/S                               4.000000    7.932828   -3.932828 (VIOLATED)
_16468_/S                               4.000000    7.932828   -3.932828 (VIOLATED)
_16470_/S                               4.000000    7.932828   -3.932828 (VIOLATED)
_16472_/S                               4.000000    7.932828   -3.932828 (VIOLATED)
_16474_/S                               4.000000    7.932828   -3.932828 (VIOLATED)
_16476_/S                               4.000000    7.932828   -3.932828 (VIOLATED)
_15897_/ZN                              4.000000    7.913798   -3.913798 (VIOLATED)
_15899_/S                               4.000000    7.913798   -3.913798 (VIOLATED)
_15901_/S                               4.000000    7.913798   -3.913798 (VIOLATED)
_15903_/S                               4.000000    7.913798   -3.913798 (VIOLATED)
_15905_/S                               4.000000    7.913798   -3.913798 (VIOLATED)
_15907_/S                               4.000000    7.913798   -3.913798 (VIOLATED)
_15909_/S                               4.000000    7.913798   -3.913798 (VIOLATED)
_15911_/S                               4.000000    7.913798   -3.913798 (VIOLATED)
_15913_/S                               4.000000    7.913798   -3.913798 (VIOLATED)
_15915_/S                               4.000000    7.913798   -3.913798 (VIOLATED)
_15917_/S                               4.000000    7.913798   -3.913798 (VIOLATED)
_15919_/S                               4.000000    7.913798   -3.913798 (VIOLATED)
_15921_/S                               4.000000    7.913798   -3.913798 (VIOLATED)
_15923_/S                               4.000000    7.913798   -3.913798 (VIOLATED)
_15925_/S                               4.000000    7.913798   -3.913798 (VIOLATED)
_15927_/S                               4.000000    7.913798   -3.913798 (VIOLATED)
_15929_/S                               4.000000    7.913798   -3.913798 (VIOLATED)
_16350_/S                               4.000000    7.913798   -3.913798 (VIOLATED)
_16352_/S                               4.000000    7.913798   -3.913798 (VIOLATED)
_16354_/S                               4.000000    7.913798   -3.913798 (VIOLATED)
_16356_/S                               4.000000    7.913798   -3.913798 (VIOLATED)
_16358_/S                               4.000000    7.913798   -3.913798 (VIOLATED)
_16360_/S                               4.000000    7.913798   -3.913798 (VIOLATED)
_16362_/S                               4.000000    7.913798   -3.913798 (VIOLATED)
_16364_/S                               4.000000    7.913798   -3.913798 (VIOLATED)
_16366_/S                               4.000000    7.913798   -3.913798 (VIOLATED)
_16368_/S                               4.000000    7.913798   -3.913798 (VIOLATED)
_16370_/S                               4.000000    7.913798   -3.913798 (VIOLATED)
_16372_/S                               4.000000    7.913798   -3.913798 (VIOLATED)
_16374_/S                               4.000000    7.913798   -3.913798 (VIOLATED)
_16376_/S                               4.000000    7.913798   -3.913798 (VIOLATED)
_16378_/S                               4.000000    7.913798   -3.913798 (VIOLATED)
_16380_/S                               4.000000    7.913798   -3.913798 (VIOLATED)
_15605_/ZN                              4.000000    7.883554   -3.883554 (VIOLATED)
_15606_/S                               4.000000    7.883554   -3.883554 (VIOLATED)
_15608_/S                               4.000000    7.883554   -3.883554 (VIOLATED)
_15624_/S                               4.000000    7.883554   -3.883554 (VIOLATED)
_15625_/S                               4.000000    7.883554   -3.883554 (VIOLATED)
_15626_/S                               4.000000    7.883554   -3.883554 (VIOLATED)
_15627_/S                               4.000000    7.883554   -3.883554 (VIOLATED)
_15628_/S                               4.000000    7.883554   -3.883554 (VIOLATED)
_15629_/S                               4.000000    7.883554   -3.883554 (VIOLATED)
_15630_/S                               4.000000    7.883554   -3.883554 (VIOLATED)
_15631_/S                               4.000000    7.883554   -3.883554 (VIOLATED)
_15632_/S                               4.000000    7.883554   -3.883554 (VIOLATED)
_15633_/S                               4.000000    7.883554   -3.883554 (VIOLATED)
_15634_/S                               4.000000    7.883554   -3.883554 (VIOLATED)
_15635_/S                               4.000000    7.883554   -3.883554 (VIOLATED)
_15636_/S                               4.000000    7.883554   -3.883554 (VIOLATED)
_15637_/S                               4.000000    7.883554   -3.883554 (VIOLATED)
_15638_/S                               4.000000    7.883554   -3.883554 (VIOLATED)
_15654_/S                               4.000000    7.883554   -3.883554 (VIOLATED)
_15655_/S                               4.000000    7.883554   -3.883554 (VIOLATED)
_15656_/S                               4.000000    7.883554   -3.883554 (VIOLATED)
_15657_/S                               4.000000    7.883554   -3.883554 (VIOLATED)
_15658_/S                               4.000000    7.883554   -3.883554 (VIOLATED)
_15659_/S                               4.000000    7.883554   -3.883554 (VIOLATED)
_15660_/S                               4.000000    7.883554   -3.883554 (VIOLATED)
_15661_/S                               4.000000    7.883554   -3.883554 (VIOLATED)
_15662_/S                               4.000000    7.883554   -3.883554 (VIOLATED)
_15663_/S                               4.000000    7.883554   -3.883554 (VIOLATED)
_15664_/S                               4.000000    7.883554   -3.883554 (VIOLATED)
_15665_/S                               4.000000    7.883554   -3.883554 (VIOLATED)
_15666_/S                               4.000000    7.883554   -3.883554 (VIOLATED)
_15667_/S                               4.000000    7.883554   -3.883554 (VIOLATED)
_15668_/S                               4.000000    7.883554   -3.883554 (VIOLATED)
_12363_/ZN                              4.000000    7.812604   -3.812604 (VIOLATED)
_12370_/S                               4.000000    7.812604   -3.812604 (VIOLATED)
_12376_/S                               4.000000    7.812604   -3.812604 (VIOLATED)
_12384_/S                               4.000000    7.812604   -3.812604 (VIOLATED)
_12393_/S                               4.000000    7.812604   -3.812604 (VIOLATED)
_12402_/S                               4.000000    7.812604   -3.812604 (VIOLATED)
_12408_/S                               4.000000    7.812604   -3.812604 (VIOLATED)
_12417_/S                               4.000000    7.812604   -3.812604 (VIOLATED)
_12424_/S                               4.000000    7.812604   -3.812604 (VIOLATED)
_12431_/S                               4.000000    7.812604   -3.812604 (VIOLATED)
_12436_/S                               4.000000    7.812604   -3.812604 (VIOLATED)
_12445_/S                               4.000000    7.812604   -3.812604 (VIOLATED)
_12450_/S                               4.000000    7.812604   -3.812604 (VIOLATED)
_12458_/S                               4.000000    7.812604   -3.812604 (VIOLATED)
_12463_/S                               4.000000    7.812604   -3.812604 (VIOLATED)
_12470_/S                               4.000000    7.812604   -3.812604 (VIOLATED)
_12478_/S                               4.000000    7.812604   -3.812604 (VIOLATED)
_12484_/S                               4.000000    7.812604   -3.812604 (VIOLATED)
_12492_/S                               4.000000    7.812604   -3.812604 (VIOLATED)
_12501_/S                               4.000000    7.812604   -3.812604 (VIOLATED)
_12510_/S                               4.000000    7.812604   -3.812604 (VIOLATED)
_12516_/S                               4.000000    7.812604   -3.812604 (VIOLATED)
_12525_/S                               4.000000    7.812604   -3.812604 (VIOLATED)
_12532_/S                               4.000000    7.812604   -3.812604 (VIOLATED)
_12539_/S                               4.000000    7.812604   -3.812604 (VIOLATED)
_12544_/S                               4.000000    7.812604   -3.812604 (VIOLATED)
_12552_/S                               4.000000    7.812604   -3.812604 (VIOLATED)
_12557_/S                               4.000000    7.812604   -3.812604 (VIOLATED)
_12565_/S                               4.000000    7.812604   -3.812604 (VIOLATED)
_12570_/S                               4.000000    7.812604   -3.812604 (VIOLATED)
_12577_/S                               4.000000    7.812604   -3.812604 (VIOLATED)
_12601_/A1                              4.000000    7.812604   -3.812604 (VIOLATED)
_12640_/A1                              4.000000    7.812604   -3.812604 (VIOLATED)
_12641_/A1                              4.000000    7.812604   -3.812604 (VIOLATED)
_12660_/A1                              4.000000    7.812604   -3.812604 (VIOLATED)
_12673_/A3                              4.000000    7.812604   -3.812604 (VIOLATED)
_12750_/A1                              4.000000    7.812604   -3.812604 (VIOLATED)
_12788_/A1                              4.000000    7.812604   -3.812604 (VIOLATED)
_12820_/A1                              4.000000    7.812604   -3.812604 (VIOLATED)
_12850_/A1                              4.000000    7.812604   -3.812604 (VIOLATED)
_12876_/A1                              4.000000    7.812604   -3.812604 (VIOLATED)
_12894_/A1                              4.000000    7.812604   -3.812604 (VIOLATED)
_12895_/A1                              4.000000    7.812604   -3.812604 (VIOLATED)
_12913_/A1                              4.000000    7.812604   -3.812604 (VIOLATED)
_12914_/A1                              4.000000    7.812604   -3.812604 (VIOLATED)
_12943_/A1                              4.000000    7.812604   -3.812604 (VIOLATED)
_12962_/A1                              4.000000    7.812604   -3.812604 (VIOLATED)
_13006_/A1                              4.000000    7.812604   -3.812604 (VIOLATED)
_13027_/A1                              4.000000    7.812604   -3.812604 (VIOLATED)
_13063_/A1                              4.000000    7.812604   -3.812604 (VIOLATED)
_13095_/A1                              4.000000    7.812604   -3.812604 (VIOLATED)
_13125_/A1                              4.000000    7.812604   -3.812604 (VIOLATED)
_13189_/A3                              4.000000    7.812604   -3.812604 (VIOLATED)
_13263_/A3                              4.000000    7.812604   -3.812604 (VIOLATED)
_11281_/ZN                              4.000000    7.757612   -3.757612 (VIOLATED)
_12024_/C                               4.000000    7.757612   -3.757612 (VIOLATED)
_12025_/A1                              4.000000    7.757612   -3.757612 (VIOLATED)
_12030_/S                               4.000000    7.757612   -3.757612 (VIOLATED)
_12036_/C                               4.000000    7.757612   -3.757612 (VIOLATED)
_12037_/A1                              4.000000    7.757612   -3.757612 (VIOLATED)
_12042_/S                               4.000000    7.757612   -3.757612 (VIOLATED)
_12049_/C                               4.000000    7.757612   -3.757612 (VIOLATED)
_12050_/A1                              4.000000    7.757612   -3.757612 (VIOLATED)
_12055_/S                               4.000000    7.757612   -3.757612 (VIOLATED)
_12061_/C                               4.000000    7.757612   -3.757612 (VIOLATED)
_12062_/A1                              4.000000    7.757612   -3.757612 (VIOLATED)
_12072_/C                               4.000000    7.757612   -3.757612 (VIOLATED)
_12073_/A1                              4.000000    7.757612   -3.757612 (VIOLATED)
_12078_/C                               4.000000    7.757612   -3.757612 (VIOLATED)
_12079_/A1                              4.000000    7.757612   -3.757612 (VIOLATED)
_12085_/C                               4.000000    7.757612   -3.757612 (VIOLATED)
_12086_/A1                              4.000000    7.757612   -3.757612 (VIOLATED)
_12092_/C                               4.000000    7.757612   -3.757612 (VIOLATED)
_12093_/A1                              4.000000    7.757612   -3.757612 (VIOLATED)
_12099_/C                               4.000000    7.757612   -3.757612 (VIOLATED)
_12100_/A1                              4.000000    7.757612   -3.757612 (VIOLATED)
_12106_/C                               4.000000    7.757612   -3.757612 (VIOLATED)
_12107_/A1                              4.000000    7.757612   -3.757612 (VIOLATED)
_12113_/C                               4.000000    7.757612   -3.757612 (VIOLATED)
_12114_/A1                              4.000000    7.757612   -3.757612 (VIOLATED)
_12120_/C                               4.000000    7.757612   -3.757612 (VIOLATED)
_12121_/A1                              4.000000    7.757612   -3.757612 (VIOLATED)
_12127_/C                               4.000000    7.757612   -3.757612 (VIOLATED)
_12128_/A1                              4.000000    7.757612   -3.757612 (VIOLATED)
_12139_/C                               4.000000    7.757612   -3.757612 (VIOLATED)
_12140_/A1                              4.000000    7.757612   -3.757612 (VIOLATED)
_12145_/C                               4.000000    7.757612   -3.757612 (VIOLATED)
_12146_/A1                              4.000000    7.757612   -3.757612 (VIOLATED)
_12152_/S                               4.000000    7.757612   -3.757612 (VIOLATED)
_12158_/C                               4.000000    7.757612   -3.757612 (VIOLATED)
_12159_/A1                              4.000000    7.757612   -3.757612 (VIOLATED)
_12165_/S                               4.000000    7.757612   -3.757612 (VIOLATED)
_12171_/S                               4.000000    7.757612   -3.757612 (VIOLATED)
_12177_/C                               4.000000    7.757612   -3.757612 (VIOLATED)
_12178_/A1                              4.000000    7.757612   -3.757612 (VIOLATED)
_12187_/C                               4.000000    7.757612   -3.757612 (VIOLATED)
_12188_/A1                              4.000000    7.757612   -3.757612 (VIOLATED)
_12194_/C                               4.000000    7.757612   -3.757612 (VIOLATED)
_12195_/A1                              4.000000    7.757612   -3.757612 (VIOLATED)
_12201_/C                               4.000000    7.757612   -3.757612 (VIOLATED)
_12202_/A1                              4.000000    7.757612   -3.757612 (VIOLATED)
_12208_/C                               4.000000    7.757612   -3.757612 (VIOLATED)
_12209_/A1                              4.000000    7.757612   -3.757612 (VIOLATED)
_12215_/S                               4.000000    7.757612   -3.757612 (VIOLATED)
_12221_/C                               4.000000    7.757612   -3.757612 (VIOLATED)
_12222_/A1                              4.000000    7.757612   -3.757612 (VIOLATED)
_12228_/C                               4.000000    7.757612   -3.757612 (VIOLATED)
_12229_/A1                              4.000000    7.757612   -3.757612 (VIOLATED)
_12235_/C                               4.000000    7.757612   -3.757612 (VIOLATED)
_12236_/A1                              4.000000    7.757612   -3.757612 (VIOLATED)
_12242_/C                               4.000000    7.757612   -3.757612 (VIOLATED)
_12243_/A1                              4.000000    7.757612   -3.757612 (VIOLATED)
_15683_/ZN                              4.000000    7.361034   -3.361034 (VIOLATED)
_15701_/A3                              4.000000    7.361034   -3.361034 (VIOLATED)
_15708_/B1                              4.000000    7.361034   -3.361034 (VIOLATED)
_15733_/S                               4.000000    7.361034   -3.361034 (VIOLATED)
_15738_/S                               4.000000    7.361034   -3.361034 (VIOLATED)
_15743_/S                               4.000000    7.361034   -3.361034 (VIOLATED)
_15748_/S                               4.000000    7.361034   -3.361034 (VIOLATED)
_15753_/S                               4.000000    7.361034   -3.361034 (VIOLATED)
_15758_/S                               4.000000    7.361034   -3.361034 (VIOLATED)
_15763_/S                               4.000000    7.361034   -3.361034 (VIOLATED)
_15769_/A2                              4.000000    7.361034   -3.361034 (VIOLATED)
_15773_/A2                              4.000000    7.361034   -3.361034 (VIOLATED)
_15777_/A2                              4.000000    7.361034   -3.361034 (VIOLATED)
_15781_/A2                              4.000000    7.361034   -3.361034 (VIOLATED)
_15785_/A2                              4.000000    7.361034   -3.361034 (VIOLATED)
_15789_/A2                              4.000000    7.361034   -3.361034 (VIOLATED)
_15793_/A2                              4.000000    7.361034   -3.361034 (VIOLATED)
_15797_/A2                              4.000000    7.361034   -3.361034 (VIOLATED)
_15801_/A2                              4.000000    7.361034   -3.361034 (VIOLATED)
_16197_/S                               4.000000    7.361034   -3.361034 (VIOLATED)
_16202_/S                               4.000000    7.361034   -3.361034 (VIOLATED)
_16207_/S                               4.000000    7.361034   -3.361034 (VIOLATED)
_16212_/S                               4.000000    7.361034   -3.361034 (VIOLATED)
_16217_/S                               4.000000    7.361034   -3.361034 (VIOLATED)
_16222_/S                               4.000000    7.361034   -3.361034 (VIOLATED)
_16227_/S                               4.000000    7.361034   -3.361034 (VIOLATED)
_16233_/A2                              4.000000    7.361034   -3.361034 (VIOLATED)
_16237_/A2                              4.000000    7.361034   -3.361034 (VIOLATED)
_16241_/A2                              4.000000    7.361034   -3.361034 (VIOLATED)
_16245_/A2                              4.000000    7.361034   -3.361034 (VIOLATED)
_16249_/A2                              4.000000    7.361034   -3.361034 (VIOLATED)
_16253_/A2                              4.000000    7.361034   -3.361034 (VIOLATED)
_16257_/A2                              4.000000    7.361034   -3.361034 (VIOLATED)
_16261_/A2                              4.000000    7.361034   -3.361034 (VIOLATED)
_16265_/A2                              4.000000    7.361034   -3.361034 (VIOLATED)
_10606_/Z                               4.000000    7.024103   -3.024103 (VIOLATED)
_10613_/S                               4.000000    7.024103   -3.024103 (VIOLATED)
_10615_/S                               4.000000    7.024103   -3.024103 (VIOLATED)
_10617_/S                               4.000000    7.024103   -3.024103 (VIOLATED)
_10622_/S                               4.000000    7.024103   -3.024103 (VIOLATED)
_10626_/S                               4.000000    7.024103   -3.024103 (VIOLATED)
_10629_/S                               4.000000    7.024103   -3.024103 (VIOLATED)
_10642_/S                               4.000000    7.024103   -3.024103 (VIOLATED)
_10645_/S                               4.000000    7.024103   -3.024103 (VIOLATED)
_10650_/S                               4.000000    7.024103   -3.024103 (VIOLATED)
_10654_/S                               4.000000    7.024103   -3.024103 (VIOLATED)
_10669_/S                               4.000000    7.024103   -3.024103 (VIOLATED)
_10676_/S                               4.000000    7.024103   -3.024103 (VIOLATED)
_10681_/S                               4.000000    7.024103   -3.024103 (VIOLATED)
_10686_/S                               4.000000    7.024103   -3.024103 (VIOLATED)
_10699_/A1                              4.000000    7.024103   -3.024103 (VIOLATED)
_10700_/A1                              4.000000    7.024103   -3.024103 (VIOLATED)
_10714_/A2                              4.000000    7.024103   -3.024103 (VIOLATED)
_10721_/A2                              4.000000    7.024103   -3.024103 (VIOLATED)
_17575_/A1                              4.000000    7.024103   -3.024103 (VIOLATED)
_17595_/A1                              4.000000    7.024103   -3.024103 (VIOLATED)
_17596_/A2                              4.000000    7.024103   -3.024103 (VIOLATED)
_17618_/S                               4.000000    7.024103   -3.024103 (VIOLATED)
_17620_/S                               4.000000    7.024103   -3.024103 (VIOLATED)
_17622_/S                               4.000000    7.024103   -3.024103 (VIOLATED)
_17624_/S                               4.000000    7.024103   -3.024103 (VIOLATED)
_17626_/S                               4.000000    7.024103   -3.024103 (VIOLATED)
_17628_/S                               4.000000    7.024103   -3.024103 (VIOLATED)
_17630_/S                               4.000000    7.024103   -3.024103 (VIOLATED)
_17632_/S                               4.000000    7.024103   -3.024103 (VIOLATED)
_17634_/S                               4.000000    7.024103   -3.024103 (VIOLATED)
_17637_/S                               4.000000    7.024103   -3.024103 (VIOLATED)
_17639_/S                               4.000000    7.024103   -3.024103 (VIOLATED)
_17641_/S                               4.000000    7.024103   -3.024103 (VIOLATED)
_17643_/S                               4.000000    7.024103   -3.024103 (VIOLATED)
_17645_/S                               4.000000    7.024103   -3.024103 (VIOLATED)
_17647_/S                               4.000000    7.024103   -3.024103 (VIOLATED)
_17650_/S                               4.000000    7.024103   -3.024103 (VIOLATED)
_17652_/S                               4.000000    7.024103   -3.024103 (VIOLATED)
_17654_/S                               4.000000    7.024103   -3.024103 (VIOLATED)
_17656_/S                               4.000000    7.024103   -3.024103 (VIOLATED)
_17658_/S                               4.000000    7.024103   -3.024103 (VIOLATED)
_17660_/S                               4.000000    7.024103   -3.024103 (VIOLATED)
_17662_/S                               4.000000    7.024103   -3.024103 (VIOLATED)
_17664_/S                               4.000000    7.024103   -3.024103 (VIOLATED)
_17666_/S                               4.000000    7.024103   -3.024103 (VIOLATED)
_17669_/S                               4.000000    7.024103   -3.024103 (VIOLATED)
_17671_/S                               4.000000    7.024103   -3.024103 (VIOLATED)
_17673_/S                               4.000000    7.024103   -3.024103 (VIOLATED)
_17675_/S                               4.000000    7.024103   -3.024103 (VIOLATED)
_17677_/S                               4.000000    7.024103   -3.024103 (VIOLATED)
_17679_/S                               4.000000    7.024103   -3.024103 (VIOLATED)
_17682_/S                               4.000000    7.024103   -3.024103 (VIOLATED)
_17684_/S                               4.000000    7.024103   -3.024103 (VIOLATED)
_17686_/S                               4.000000    7.024103   -3.024103 (VIOLATED)
_17688_/S                               4.000000    7.024103   -3.024103 (VIOLATED)
_17690_/S                               4.000000    7.024103   -3.024103 (VIOLATED)
_17692_/S                               4.000000    7.024103   -3.024103 (VIOLATED)
_17694_/S                               4.000000    7.024103   -3.024103 (VIOLATED)
_17696_/S                               4.000000    7.024103   -3.024103 (VIOLATED)
_17698_/S                               4.000000    7.024103   -3.024103 (VIOLATED)
_17701_/S                               4.000000    7.024103   -3.024103 (VIOLATED)
_17703_/S                               4.000000    7.024103   -3.024103 (VIOLATED)
_17705_/S                               4.000000    7.024103   -3.024103 (VIOLATED)
_17707_/S                               4.000000    7.024103   -3.024103 (VIOLATED)
_17709_/S                               4.000000    7.024103   -3.024103 (VIOLATED)
_17711_/S                               4.000000    7.024103   -3.024103 (VIOLATED)
_17714_/S                               4.000000    7.024103   -3.024103 (VIOLATED)
_17716_/S                               4.000000    7.024103   -3.024103 (VIOLATED)
_17718_/S                               4.000000    7.024103   -3.024103 (VIOLATED)
_17720_/S                               4.000000    7.024103   -3.024103 (VIOLATED)
_17722_/S                               4.000000    7.024103   -3.024103 (VIOLATED)
_17724_/S                               4.000000    7.024103   -3.024103 (VIOLATED)
_17726_/S                               4.000000    7.024103   -3.024103 (VIOLATED)
_17728_/S                               4.000000    7.024103   -3.024103 (VIOLATED)
_17730_/S                               4.000000    7.024103   -3.024103 (VIOLATED)
_17732_/S                               4.000000    7.024103   -3.024103 (VIOLATED)
_17734_/S                               4.000000    7.024103   -3.024103 (VIOLATED)
_17736_/S                               4.000000    7.024103   -3.024103 (VIOLATED)
_15896_/ZN                              4.000000    6.735383   -2.735383 (VIOLATED)
_15897_/B                               4.000000    6.735383   -2.735383 (VIOLATED)
_15898_/S                               4.000000    6.735383   -2.735383 (VIOLATED)
_15900_/S                               4.000000    6.735383   -2.735383 (VIOLATED)
_15902_/S                               4.000000    6.735383   -2.735383 (VIOLATED)
_15904_/S                               4.000000    6.735383   -2.735383 (VIOLATED)
_15906_/S                               4.000000    6.735383   -2.735383 (VIOLATED)
_15908_/S                               4.000000    6.735383   -2.735383 (VIOLATED)
_15910_/S                               4.000000    6.735383   -2.735383 (VIOLATED)
_15912_/S                               4.000000    6.735383   -2.735383 (VIOLATED)
_15914_/S                               4.000000    6.735383   -2.735383 (VIOLATED)
_15916_/S                               4.000000    6.735383   -2.735383 (VIOLATED)
_15918_/S                               4.000000    6.735383   -2.735383 (VIOLATED)
_15920_/S                               4.000000    6.735383   -2.735383 (VIOLATED)
_15922_/S                               4.000000    6.735383   -2.735383 (VIOLATED)
_15924_/S                               4.000000    6.735383   -2.735383 (VIOLATED)
_15926_/S                               4.000000    6.735383   -2.735383 (VIOLATED)
_15928_/S                               4.000000    6.735383   -2.735383 (VIOLATED)
_16041_/B                               4.000000    6.735383   -2.735383 (VIOLATED)
_16042_/S                               4.000000    6.735383   -2.735383 (VIOLATED)
_16044_/S                               4.000000    6.735383   -2.735383 (VIOLATED)
_16046_/S                               4.000000    6.735383   -2.735383 (VIOLATED)
_16048_/S                               4.000000    6.735383   -2.735383 (VIOLATED)
_16050_/S                               4.000000    6.735383   -2.735383 (VIOLATED)
_16052_/S                               4.000000    6.735383   -2.735383 (VIOLATED)
_16054_/S                               4.000000    6.735383   -2.735383 (VIOLATED)
_16056_/S                               4.000000    6.735383   -2.735383 (VIOLATED)
_16058_/S                               4.000000    6.735383   -2.735383 (VIOLATED)
_16060_/S                               4.000000    6.735383   -2.735383 (VIOLATED)
_16062_/S                               4.000000    6.735383   -2.735383 (VIOLATED)
_16064_/S                               4.000000    6.735383   -2.735383 (VIOLATED)
_16066_/S                               4.000000    6.735383   -2.735383 (VIOLATED)
_16068_/S                               4.000000    6.735383   -2.735383 (VIOLATED)
_16070_/S                               4.000000    6.735383   -2.735383 (VIOLATED)
_16072_/S                               4.000000    6.735383   -2.735383 (VIOLATED)
_16349_/S                               4.000000    6.735383   -2.735383 (VIOLATED)
_16351_/S                               4.000000    6.735383   -2.735383 (VIOLATED)
_16353_/S                               4.000000    6.735383   -2.735383 (VIOLATED)
_16355_/S                               4.000000    6.735383   -2.735383 (VIOLATED)
_16357_/S                               4.000000    6.735383   -2.735383 (VIOLATED)
_16359_/S                               4.000000    6.735383   -2.735383 (VIOLATED)
_16361_/S                               4.000000    6.735383   -2.735383 (VIOLATED)
_16363_/S                               4.000000    6.735383   -2.735383 (VIOLATED)
_16365_/S                               4.000000    6.735383   -2.735383 (VIOLATED)
_16367_/S                               4.000000    6.735383   -2.735383 (VIOLATED)
_16369_/S                               4.000000    6.735383   -2.735383 (VIOLATED)
_16371_/S                               4.000000    6.735383   -2.735383 (VIOLATED)
_16373_/S                               4.000000    6.735383   -2.735383 (VIOLATED)
_16375_/S                               4.000000    6.735383   -2.735383 (VIOLATED)
_16377_/S                               4.000000    6.735383   -2.735383 (VIOLATED)
_16379_/S                               4.000000    6.735383   -2.735383 (VIOLATED)
_16477_/S                               4.000000    6.735383   -2.735383 (VIOLATED)
_16479_/S                               4.000000    6.735383   -2.735383 (VIOLATED)
_16481_/S                               4.000000    6.735383   -2.735383 (VIOLATED)
_16483_/S                               4.000000    6.735383   -2.735383 (VIOLATED)
_16485_/S                               4.000000    6.735383   -2.735383 (VIOLATED)
_16487_/S                               4.000000    6.735383   -2.735383 (VIOLATED)
_16489_/S                               4.000000    6.735383   -2.735383 (VIOLATED)
_16491_/S                               4.000000    6.735383   -2.735383 (VIOLATED)
_16493_/S                               4.000000    6.735383   -2.735383 (VIOLATED)
_16495_/S                               4.000000    6.735383   -2.735383 (VIOLATED)
_16497_/S                               4.000000    6.735383   -2.735383 (VIOLATED)
_16499_/S                               4.000000    6.735383   -2.735383 (VIOLATED)
_16501_/S                               4.000000    6.735383   -2.735383 (VIOLATED)
_16503_/S                               4.000000    6.735383   -2.735383 (VIOLATED)
_16505_/S                               4.000000    6.735383   -2.735383 (VIOLATED)
_16507_/S                               4.000000    6.735383   -2.735383 (VIOLATED)
_10795_/ZN                              4.000000    6.403094   -2.403094 (VIOLATED)
_10799_/C                               4.000000    6.403094   -2.403094 (VIOLATED)
_10802_/B                               4.000000    6.403094   -2.403094 (VIOLATED)
_10803_/A2                              4.000000    6.403094   -2.403094 (VIOLATED)
_10815_/S                               4.000000    6.403094   -2.403094 (VIOLATED)
_10831_/S                               4.000000    6.403094   -2.403094 (VIOLATED)
_10844_/B                               4.000000    6.403094   -2.403094 (VIOLATED)
_10859_/C                               4.000000    6.403094   -2.403094 (VIOLATED)
_10862_/B                               4.000000    6.403094   -2.403094 (VIOLATED)
_10875_/C                               4.000000    6.403094   -2.403094 (VIOLATED)
_10878_/B                               4.000000    6.403094   -2.403094 (VIOLATED)
_10889_/B                               4.000000    6.403094   -2.403094 (VIOLATED)
_10910_/B                               4.000000    6.403094   -2.403094 (VIOLATED)
_10924_/B                               4.000000    6.403094   -2.403094 (VIOLATED)
_10935_/B                               4.000000    6.403094   -2.403094 (VIOLATED)
_10947_/B                               4.000000    6.403094   -2.403094 (VIOLATED)
_10961_/B                               4.000000    6.403094   -2.403094 (VIOLATED)
_10973_/C                               4.000000    6.403094   -2.403094 (VIOLATED)
_10976_/S                               4.000000    6.403094   -2.403094 (VIOLATED)
_10990_/C                               4.000000    6.403094   -2.403094 (VIOLATED)
_10992_/S                               4.000000    6.403094   -2.403094 (VIOLATED)
_11003_/B                               4.000000    6.403094   -2.403094 (VIOLATED)
_11016_/B                               4.000000    6.403094   -2.403094 (VIOLATED)
_11033_/B                               4.000000    6.403094   -2.403094 (VIOLATED)
_11034_/A2                              4.000000    6.403094   -2.403094 (VIOLATED)
_11048_/B                               4.000000    6.403094   -2.403094 (VIOLATED)
_11063_/C                               4.000000    6.403094   -2.403094 (VIOLATED)
_11066_/S                               4.000000    6.403094   -2.403094 (VIOLATED)
_11095_/B                               4.000000    6.403094   -2.403094 (VIOLATED)
_11099_/S                               4.000000    6.403094   -2.403094 (VIOLATED)
_11108_/B                               4.000000    6.403094   -2.403094 (VIOLATED)
_11124_/B                               4.000000    6.403094   -2.403094 (VIOLATED)
_11126_/S                               4.000000    6.403094   -2.403094 (VIOLATED)
_11143_/C                               4.000000    6.403094   -2.403094 (VIOLATED)
_11145_/S                               4.000000    6.403094   -2.403094 (VIOLATED)
_11154_/B                               4.000000    6.403094   -2.403094 (VIOLATED)
_11168_/B                               4.000000    6.403094   -2.403094 (VIOLATED)
_11182_/C                               4.000000    6.403094   -2.403094 (VIOLATED)
_11184_/S                               4.000000    6.403094   -2.403094 (VIOLATED)
_11198_/C                               4.000000    6.403094   -2.403094 (VIOLATED)
_11200_/S                               4.000000    6.403094   -2.403094 (VIOLATED)
_11210_/B                               4.000000    6.403094   -2.403094 (VIOLATED)
_11222_/C                               4.000000    6.403094   -2.403094 (VIOLATED)
_11225_/S                               4.000000    6.403094   -2.403094 (VIOLATED)
_11239_/B                               4.000000    6.403094   -2.403094 (VIOLATED)
_11241_/S                               4.000000    6.403094   -2.403094 (VIOLATED)
_11256_/C                               4.000000    6.403094   -2.403094 (VIOLATED)
_11258_/S                               4.000000    6.403094   -2.403094 (VIOLATED)
_09363_/ZN                              4.000000    6.389964   -2.389964 (VIOLATED)
_13282_/B                               4.000000    6.389964   -2.389964 (VIOLATED)
_13298_/A1                              4.000000    6.389964   -2.389964 (VIOLATED)
_13313_/B                               4.000000    6.389964   -2.389964 (VIOLATED)
_13322_/A1                              4.000000    6.389964   -2.389964 (VIOLATED)
_13333_/B                               4.000000    6.389964   -2.389964 (VIOLATED)
_13349_/B2                              4.000000    6.389964   -2.389964 (VIOLATED)
_13359_/A1                              4.000000    6.389964   -2.389964 (VIOLATED)
_13372_/A1                              4.000000    6.389964   -2.389964 (VIOLATED)
_13387_/B                               4.000000    6.389964   -2.389964 (VIOLATED)
_13779_/A2                              4.000000    6.389964   -2.389964 (VIOLATED)
_13786_/A2                              4.000000    6.389964   -2.389964 (VIOLATED)
_13788_/A2                              4.000000    6.389964   -2.389964 (VIOLATED)
_13792_/A2                              4.000000    6.389964   -2.389964 (VIOLATED)
_13796_/A2                              4.000000    6.389964   -2.389964 (VIOLATED)
_13800_/A2                              4.000000    6.389964   -2.389964 (VIOLATED)
_13804_/A2                              4.000000    6.389964   -2.389964 (VIOLATED)
_13808_/A2                              4.000000    6.389964   -2.389964 (VIOLATED)
_14037_/B                               4.000000    6.389964   -2.389964 (VIOLATED)
_14048_/B                               4.000000    6.389964   -2.389964 (VIOLATED)
_14057_/B                               4.000000    6.389964   -2.389964 (VIOLATED)
_14068_/B                               4.000000    6.389964   -2.389964 (VIOLATED)
_14077_/B                               4.000000    6.389964   -2.389964 (VIOLATED)
_14079_/A2                              4.000000    6.389964   -2.389964 (VIOLATED)
_14120_/B                               4.000000    6.389964   -2.389964 (VIOLATED)
_14164_/S                               4.000000    6.389964   -2.389964 (VIOLATED)
_14172_/B                               4.000000    6.389964   -2.389964 (VIOLATED)
_14180_/B                               4.000000    6.389964   -2.389964 (VIOLATED)
_14198_/B                               4.000000    6.389964   -2.389964 (VIOLATED)
_14209_/B                               4.000000    6.389964   -2.389964 (VIOLATED)
_14218_/B                               4.000000    6.389964   -2.389964 (VIOLATED)
_14243_/C                               4.000000    6.389964   -2.389964 (VIOLATED)
_14328_/S                               4.000000    6.389964   -2.389964 (VIOLATED)
_14337_/S                               4.000000    6.389964   -2.389964 (VIOLATED)
_14341_/S                               4.000000    6.389964   -2.389964 (VIOLATED)
_14345_/S                               4.000000    6.389964   -2.389964 (VIOLATED)
_14349_/S                               4.000000    6.389964   -2.389964 (VIOLATED)
_14353_/S                               4.000000    6.389964   -2.389964 (VIOLATED)
_14356_/S                               4.000000    6.389964   -2.389964 (VIOLATED)
_14360_/B                               4.000000    6.389964   -2.389964 (VIOLATED)
_14399_/S                               4.000000    6.389964   -2.389964 (VIOLATED)
_14403_/S                               4.000000    6.389964   -2.389964 (VIOLATED)
_14407_/S                               4.000000    6.389964   -2.389964 (VIOLATED)
_14411_/S                               4.000000    6.389964   -2.389964 (VIOLATED)
_14415_/S                               4.000000    6.389964   -2.389964 (VIOLATED)
_14418_/S                               4.000000    6.389964   -2.389964 (VIOLATED)
_14422_/B                               4.000000    6.389964   -2.389964 (VIOLATED)
_17199_/ZN                              4.000000    6.137521   -2.137521 (VIOLATED)
_17200_/S                               4.000000    6.137521   -2.137521 (VIOLATED)
_17201_/S                               4.000000    6.137521   -2.137521 (VIOLATED)
_17202_/S                               4.000000    6.137521   -2.137521 (VIOLATED)
_17203_/S                               4.000000    6.137521   -2.137521 (VIOLATED)
_17204_/S                               4.000000    6.137521   -2.137521 (VIOLATED)
_17205_/S                               4.000000    6.137521   -2.137521 (VIOLATED)
_17206_/S                               4.000000    6.137521   -2.137521 (VIOLATED)
_17207_/S                               4.000000    6.137521   -2.137521 (VIOLATED)
_17208_/S                               4.000000    6.137521   -2.137521 (VIOLATED)
_17209_/S                               4.000000    6.137521   -2.137521 (VIOLATED)
_17210_/S                               4.000000    6.137521   -2.137521 (VIOLATED)
_17211_/S                               4.000000    6.137521   -2.137521 (VIOLATED)
_17212_/S                               4.000000    6.137521   -2.137521 (VIOLATED)
_17213_/S                               4.000000    6.137521   -2.137521 (VIOLATED)
_17214_/S                               4.000000    6.137521   -2.137521 (VIOLATED)
_17215_/S                               4.000000    6.137521   -2.137521 (VIOLATED)
_17216_/S                               4.000000    6.137521   -2.137521 (VIOLATED)
_17217_/S                               4.000000    6.137521   -2.137521 (VIOLATED)
_17218_/S                               4.000000    6.137521   -2.137521 (VIOLATED)
_17219_/S                               4.000000    6.137521   -2.137521 (VIOLATED)
_17220_/S                               4.000000    6.137521   -2.137521 (VIOLATED)
_17221_/S                               4.000000    6.137521   -2.137521 (VIOLATED)
_17222_/S                               4.000000    6.137521   -2.137521 (VIOLATED)
_17223_/S                               4.000000    6.137521   -2.137521 (VIOLATED)
_17224_/S                               4.000000    6.137521   -2.137521 (VIOLATED)
_17225_/S                               4.000000    6.137521   -2.137521 (VIOLATED)
_17227_/S                               4.000000    6.137521   -2.137521 (VIOLATED)
_17230_/S                               4.000000    6.137521   -2.137521 (VIOLATED)
_17231_/A2                              4.000000    6.137521   -2.137521 (VIOLATED)
_17233_/A2                              4.000000    6.137521   -2.137521 (VIOLATED)
_17234_/A2                              4.000000    6.137521   -2.137521 (VIOLATED)
_17235_/A2                              4.000000    6.137521   -2.137521 (VIOLATED)
_17236_/A2                              4.000000    6.137521   -2.137521 (VIOLATED)
_17238_/A2                              4.000000    6.137521   -2.137521 (VIOLATED)
_17239_/A2                              4.000000    6.137521   -2.137521 (VIOLATED)
_17241_/A3                              4.000000    6.137521   -2.137521 (VIOLATED)
_17242_/A2                              4.000000    6.137521   -2.137521 (VIOLATED)
_17245_/A2                              4.000000    6.137521   -2.137521 (VIOLATED)
_17246_/A2                              4.000000    6.137521   -2.137521 (VIOLATED)
_17248_/A3                              4.000000    6.137521   -2.137521 (VIOLATED)
_17249_/A2                              4.000000    6.137521   -2.137521 (VIOLATED)
_17251_/A2                              4.000000    6.137521   -2.137521 (VIOLATED)
_17253_/A2                              4.000000    6.137521   -2.137521 (VIOLATED)
_17255_/A2                              4.000000    6.137521   -2.137521 (VIOLATED)
_17257_/A2                              4.000000    6.137521   -2.137521 (VIOLATED)
_17259_/A2                              4.000000    6.137521   -2.137521 (VIOLATED)
_17261_/A2                              4.000000    6.137521   -2.137521 (VIOLATED)
_17263_/A2                              4.000000    6.137521   -2.137521 (VIOLATED)
_17265_/A2                              4.000000    6.137521   -2.137521 (VIOLATED)
_17267_/A2                              4.000000    6.137521   -2.137521 (VIOLATED)
_17269_/A2                              4.000000    6.137521   -2.137521 (VIOLATED)
_17271_/A2                              4.000000    6.137521   -2.137521 (VIOLATED)
_17273_/A2                              4.000000    6.137521   -2.137521 (VIOLATED)
_17274_/A2                              4.000000    6.137521   -2.137521 (VIOLATED)
_17275_/A2                              4.000000    6.137521   -2.137521 (VIOLATED)
_17276_/A2                              4.000000    6.137521   -2.137521 (VIOLATED)
_17277_/A2                              4.000000    6.137521   -2.137521 (VIOLATED)
_17278_/A2                              4.000000    6.137521   -2.137521 (VIOLATED)
_17279_/A2                              4.000000    6.137521   -2.137521 (VIOLATED)
_17280_/A2                              4.000000    6.137521   -2.137521 (VIOLATED)
_17281_/A2                              4.000000    6.137521   -2.137521 (VIOLATED)
_17282_/A2                              4.000000    6.137521   -2.137521 (VIOLATED)
_17283_/A2                              4.000000    6.137521   -2.137521 (VIOLATED)
_17284_/A2                              4.000000    6.137521   -2.137521 (VIOLATED)
_17285_/A2                              4.000000    6.137521   -2.137521 (VIOLATED)
_17286_/A2                              4.000000    6.137521   -2.137521 (VIOLATED)
_17287_/S                               4.000000    6.137521   -2.137521 (VIOLATED)
_17288_/A2                              4.000000    6.137521   -2.137521 (VIOLATED)
_11400_/ZN                              4.000000    5.862776   -1.862776 (VIOLATED)
_11401_/A2                              4.000000    5.862776   -1.862776 (VIOLATED)
_11420_/B                               4.000000    5.862776   -1.862776 (VIOLATED)
_11444_/B                               4.000000    5.862776   -1.862776 (VIOLATED)
_11463_/A1                              4.000000    5.862776   -1.862776 (VIOLATED)
_11484_/A1                              4.000000    5.862776   -1.862776 (VIOLATED)
_11505_/B                               4.000000    5.862776   -1.862776 (VIOLATED)
_11525_/B                               4.000000    5.862776   -1.862776 (VIOLATED)
_11546_/A2                              4.000000    5.862776   -1.862776 (VIOLATED)
_11563_/A2                              4.000000    5.862776   -1.862776 (VIOLATED)
_11582_/B                               4.000000    5.862776   -1.862776 (VIOLATED)
_11613_/A2                              4.000000    5.862776   -1.862776 (VIOLATED)
_11634_/A1                              4.000000    5.862776   -1.862776 (VIOLATED)
_11655_/B                               4.000000    5.862776   -1.862776 (VIOLATED)
_11660_/B                               4.000000    5.862776   -1.862776 (VIOLATED)
_11689_/A2                              4.000000    5.862776   -1.862776 (VIOLATED)
_11717_/A2                              4.000000    5.862776   -1.862776 (VIOLATED)
_11736_/B                               4.000000    5.862776   -1.862776 (VIOLATED)
_11760_/B                               4.000000    5.862776   -1.862776 (VIOLATED)
_11778_/A1                              4.000000    5.862776   -1.862776 (VIOLATED)
_11799_/A1                              4.000000    5.862776   -1.862776 (VIOLATED)
_11821_/A1                              4.000000    5.862776   -1.862776 (VIOLATED)
_11841_/B                               4.000000    5.862776   -1.862776 (VIOLATED)
_11860_/B                               4.000000    5.862776   -1.862776 (VIOLATED)
_11893_/A2                              4.000000    5.862776   -1.862776 (VIOLATED)
_11899_/B                               4.000000    5.862776   -1.862776 (VIOLATED)
_11935_/A2                              4.000000    5.862776   -1.862776 (VIOLATED)
_11955_/A1                              4.000000    5.862776   -1.862776 (VIOLATED)
_11976_/B                               4.000000    5.862776   -1.862776 (VIOLATED)
_11994_/B                               4.000000    5.862776   -1.862776 (VIOLATED)
_12011_/A2                              4.000000    5.862776   -1.862776 (VIOLATED)
_11273_/ZN                              4.000000    5.786937   -1.786937 (VIOLATED)
_11288_/A2                              4.000000    5.786937   -1.786937 (VIOLATED)
_11404_/A2                              4.000000    5.786937   -1.786937 (VIOLATED)
_11425_/A2                              4.000000    5.786937   -1.786937 (VIOLATED)
_11431_/A2                              4.000000    5.786937   -1.786937 (VIOLATED)
_11473_/A2                              4.000000    5.786937   -1.786937 (VIOLATED)
_11487_/A2                              4.000000    5.786937   -1.786937 (VIOLATED)
_11493_/A2                              4.000000    5.786937   -1.786937 (VIOLATED)
_11508_/A2                              4.000000    5.786937   -1.786937 (VIOLATED)
_11512_/A2                              4.000000    5.786937   -1.786937 (VIOLATED)
_11528_/A2                              4.000000    5.786937   -1.786937 (VIOLATED)
_11533_/A2                              4.000000    5.786937   -1.786937 (VIOLATED)
_11571_/A2                              4.000000    5.786937   -1.786937 (VIOLATED)
_11585_/A2                              4.000000    5.786937   -1.786937 (VIOLATED)
_11606_/A2                              4.000000    5.786937   -1.786937 (VIOLATED)
_11623_/A2                              4.000000    5.786937   -1.786937 (VIOLATED)
_11640_/A2                              4.000000    5.786937   -1.786937 (VIOLATED)
_11644_/A2                              4.000000    5.786937   -1.786937 (VIOLATED)
_11647_/A2                              4.000000    5.786937   -1.786937 (VIOLATED)
_11650_/A2                              4.000000    5.786937   -1.786937 (VIOLATED)
_11667_/A2                              4.000000    5.786937   -1.786937 (VIOLATED)
_11683_/A2                              4.000000    5.786937   -1.786937 (VIOLATED)
_11698_/A2                              4.000000    5.786937   -1.786937 (VIOLATED)
_11725_/A2                              4.000000    5.786937   -1.786937 (VIOLATED)
_11741_/A2                              4.000000    5.786937   -1.786937 (VIOLATED)
_11746_/A2                              4.000000    5.786937   -1.786937 (VIOLATED)
_11747_/A2                              4.000000    5.786937   -1.786937 (VIOLATED)
_11751_/A2                              4.000000    5.786937   -1.786937 (VIOLATED)
_11786_/A2                              4.000000    5.786937   -1.786937 (VIOLATED)
_11802_/A2                              4.000000    5.786937   -1.786937 (VIOLATED)
_11808_/A2                              4.000000    5.786937   -1.786937 (VIOLATED)
_11828_/A2                              4.000000    5.786937   -1.786937 (VIOLATED)
_11845_/A2                              4.000000    5.786937   -1.786937 (VIOLATED)
_11850_/A2                              4.000000    5.786937   -1.786937 (VIOLATED)
_11881_/A2                              4.000000    5.786937   -1.786937 (VIOLATED)
_11902_/A2                              4.000000    5.786937   -1.786937 (VIOLATED)
_11908_/A2                              4.000000    5.786937   -1.786937 (VIOLATED)
_11921_/A2                              4.000000    5.786937   -1.786937 (VIOLATED)
_11926_/A2                              4.000000    5.786937   -1.786937 (VIOLATED)
_11946_/A2                              4.000000    5.786937   -1.786937 (VIOLATED)
_11962_/A2                              4.000000    5.786937   -1.786937 (VIOLATED)
_11967_/A2                              4.000000    5.786937   -1.786937 (VIOLATED)
_11982_/A2                              4.000000    5.786937   -1.786937 (VIOLATED)
_12000_/A2                              4.000000    5.786937   -1.786937 (VIOLATED)
_12005_/A2                              4.000000    5.786937   -1.786937 (VIOLATED)
_10791_/ZN                              4.000000    5.736739   -1.736739 (VIOLATED)
_10794_/B1                              4.000000    5.736739   -1.736739 (VIOLATED)
_10818_/A1                              4.000000    5.736739   -1.736739 (VIOLATED)
_10835_/A1                              4.000000    5.736739   -1.736739 (VIOLATED)
_10848_/B                               4.000000    5.736739   -1.736739 (VIOLATED)
_10856_/B1                              4.000000    5.736739   -1.736739 (VIOLATED)
_10872_/B1                              4.000000    5.736739   -1.736739 (VIOLATED)
_10894_/C                               4.000000    5.736739   -1.736739 (VIOLATED)
_10895_/A1                              4.000000    5.736739   -1.736739 (VIOLATED)
_10898_/A1                              4.000000    5.736739   -1.736739 (VIOLATED)
_10906_/B                               4.000000    5.736739   -1.736739 (VIOLATED)
_10907_/A2                              4.000000    5.736739   -1.736739 (VIOLATED)
_10920_/A1                              4.000000    5.736739   -1.736739 (VIOLATED)
_10921_/A2                              4.000000    5.736739   -1.736739 (VIOLATED)
_10939_/B                               4.000000    5.736739   -1.736739 (VIOLATED)
_10952_/B                               4.000000    5.736739   -1.736739 (VIOLATED)
_10965_/B                               4.000000    5.736739   -1.736739 (VIOLATED)
_10980_/A1                              4.000000    5.736739   -1.736739 (VIOLATED)
_10981_/A2                              4.000000    5.736739   -1.736739 (VIOLATED)
_10987_/A1                              4.000000    5.736739   -1.736739 (VIOLATED)
_11007_/B                               4.000000    5.736739   -1.736739 (VIOLATED)
_11020_/B                               4.000000    5.736739   -1.736739 (VIOLATED)
_11037_/B                               4.000000    5.736739   -1.736739 (VIOLATED)
_11051_/C                               4.000000    5.736739   -1.736739 (VIOLATED)
_11052_/A1                              4.000000    5.736739   -1.736739 (VIOLATED)
_11054_/A1                              4.000000    5.736739   -1.736739 (VIOLATED)
_11069_/A1                              4.000000    5.736739   -1.736739 (VIOLATED)
_11078_/B                               4.000000    5.736739   -1.736739 (VIOLATED)
_11083_/A1                              4.000000    5.736739   -1.736739 (VIOLATED)
_11091_/A1                              4.000000    5.736739   -1.736739 (VIOLATED)
_11113_/B                               4.000000    5.736739   -1.736739 (VIOLATED)
_11130_/A1                              4.000000    5.736739   -1.736739 (VIOLATED)
_11139_/A1                              4.000000    5.736739   -1.736739 (VIOLATED)
_11140_/A2                              4.000000    5.736739   -1.736739 (VIOLATED)
_11159_/B                               4.000000    5.736739   -1.736739 (VIOLATED)
_11172_/B                               4.000000    5.736739   -1.736739 (VIOLATED)
_11187_/A1                              4.000000    5.736739   -1.736739 (VIOLATED)
_11194_/A1                              4.000000    5.736739   -1.736739 (VIOLATED)
_11195_/A2                              4.000000    5.736739   -1.736739 (VIOLATED)
_11214_/B                               4.000000    5.736739   -1.736739 (VIOLATED)
_11229_/A1                              4.000000    5.736739   -1.736739 (VIOLATED)
_11230_/A2                              4.000000    5.736739   -1.736739 (VIOLATED)
_11244_/A1                              4.000000    5.736739   -1.736739 (VIOLATED)
_11252_/A1                              4.000000    5.736739   -1.736739 (VIOLATED)
_11253_/A2                              4.000000    5.736739   -1.736739 (VIOLATED)
_10792_/ZN                              4.000000    5.689814   -1.689814 (VIOLATED)
_10803_/C                               4.000000    5.689814   -1.689814 (VIOLATED)
_10804_/A1                              4.000000    5.689814   -1.689814 (VIOLATED)
_10814_/C                               4.000000    5.689814   -1.689814 (VIOLATED)
_10816_/A1                              4.000000    5.689814   -1.689814 (VIOLATED)
_10830_/C                               4.000000    5.689814   -1.689814 (VIOLATED)
_10832_/A1                              4.000000    5.689814   -1.689814 (VIOLATED)
_10845_/C                               4.000000    5.689814   -1.689814 (VIOLATED)
_10846_/A1                              4.000000    5.689814   -1.689814 (VIOLATED)
_10849_/A2                              4.000000    5.689814   -1.689814 (VIOLATED)
_10864_/C                               4.000000    5.689814   -1.689814 (VIOLATED)
_10865_/A1                              4.000000    5.689814   -1.689814 (VIOLATED)
_10880_/C                               4.000000    5.689814   -1.689814 (VIOLATED)
_10881_/A1                              4.000000    5.689814   -1.689814 (VIOLATED)
_10912_/C                               4.000000    5.689814   -1.689814 (VIOLATED)
_10913_/A1                              4.000000    5.689814   -1.689814 (VIOLATED)
_10926_/C                               4.000000    5.689814   -1.689814 (VIOLATED)
_10927_/A1                              4.000000    5.689814   -1.689814 (VIOLATED)
_10936_/C                               4.000000    5.689814   -1.689814 (VIOLATED)
_10937_/A1                              4.000000    5.689814   -1.689814 (VIOLATED)
_10940_/A2                              4.000000    5.689814   -1.689814 (VIOLATED)
_10949_/B                               4.000000    5.689814   -1.689814 (VIOLATED)
_10950_/A1                              4.000000    5.689814   -1.689814 (VIOLATED)
_10953_/A2                              4.000000    5.689814   -1.689814 (VIOLATED)
_10962_/C                               4.000000    5.689814   -1.689814 (VIOLATED)
_10963_/A1                              4.000000    5.689814   -1.689814 (VIOLATED)
_10966_/A2                              4.000000    5.689814   -1.689814 (VIOLATED)
_10974_/C                               4.000000    5.689814   -1.689814 (VIOLATED)
_10977_/A1                              4.000000    5.689814   -1.689814 (VIOLATED)
_10993_/C                               4.000000    5.689814   -1.689814 (VIOLATED)
_10994_/A1                              4.000000    5.689814   -1.689814 (VIOLATED)
_11004_/C                               4.000000    5.689814   -1.689814 (VIOLATED)
_11005_/A1                              4.000000    5.689814   -1.689814 (VIOLATED)
_11008_/A2                              4.000000    5.689814   -1.689814 (VIOLATED)
_11017_/C                               4.000000    5.689814   -1.689814 (VIOLATED)
_11018_/A1                              4.000000    5.689814   -1.689814 (VIOLATED)
_11021_/A2                              4.000000    5.689814   -1.689814 (VIOLATED)
_11034_/C                               4.000000    5.689814   -1.689814 (VIOLATED)
_11035_/A1                              4.000000    5.689814   -1.689814 (VIOLATED)
_11038_/A2                              4.000000    5.689814   -1.689814 (VIOLATED)
_11064_/C                               4.000000    5.689814   -1.689814 (VIOLATED)
_11067_/A1                              4.000000    5.689814   -1.689814 (VIOLATED)
_11076_/A2                              4.000000    5.689814   -1.689814 (VIOLATED)
_11080_/S1                              4.000000    5.689814   -1.689814 (VIOLATED)
_11097_/C                               4.000000    5.689814   -1.689814 (VIOLATED)
_11100_/A1                              4.000000    5.689814   -1.689814 (VIOLATED)
_11110_/B                               4.000000    5.689814   -1.689814 (VIOLATED)
_11111_/A1                              4.000000    5.689814   -1.689814 (VIOLATED)
_11114_/A2                              4.000000    5.689814   -1.689814 (VIOLATED)
_11125_/C                               4.000000    5.689814   -1.689814 (VIOLATED)
_11127_/A1                              4.000000    5.689814   -1.689814 (VIOLATED)
_11146_/C                               4.000000    5.689814   -1.689814 (VIOLATED)
_11147_/A1                              4.000000    5.689814   -1.689814 (VIOLATED)
_11156_/B                               4.000000    5.689814   -1.689814 (VIOLATED)
_11157_/A1                              4.000000    5.689814   -1.689814 (VIOLATED)
_11160_/A2                              4.000000    5.689814   -1.689814 (VIOLATED)
_11169_/C                               4.000000    5.689814   -1.689814 (VIOLATED)
_11170_/A1                              4.000000    5.689814   -1.689814 (VIOLATED)
_11173_/A2                              4.000000    5.689814   -1.689814 (VIOLATED)
_11185_/C                               4.000000    5.689814   -1.689814 (VIOLATED)
_11186_/A1                              4.000000    5.689814   -1.689814 (VIOLATED)
_11201_/C                               4.000000    5.689814   -1.689814 (VIOLATED)
_11202_/A1                              4.000000    5.689814   -1.689814 (VIOLATED)
_11211_/C                               4.000000    5.689814   -1.689814 (VIOLATED)
_11212_/A1                              4.000000    5.689814   -1.689814 (VIOLATED)
_11215_/A2                              4.000000    5.689814   -1.689814 (VIOLATED)
_11223_/C                               4.000000    5.689814   -1.689814 (VIOLATED)
_11226_/A1                              4.000000    5.689814   -1.689814 (VIOLATED)
_11240_/C                               4.000000    5.689814   -1.689814 (VIOLATED)
_11242_/A1                              4.000000    5.689814   -1.689814 (VIOLATED)
_11259_/C                               4.000000    5.689814   -1.689814 (VIOLATED)
_11260_/A1                              4.000000    5.689814   -1.689814 (VIOLATED)
_15937_/ZN                              4.000000    5.533484   -1.533484 (VIOLATED)
_15939_/S                               4.000000    5.533484   -1.533484 (VIOLATED)
_15941_/S                               4.000000    5.533484   -1.533484 (VIOLATED)
_15943_/S                               4.000000    5.533484   -1.533484 (VIOLATED)
_15945_/S                               4.000000    5.533484   -1.533484 (VIOLATED)
_15947_/S                               4.000000    5.533484   -1.533484 (VIOLATED)
_15949_/S                               4.000000    5.533484   -1.533484 (VIOLATED)
_15951_/S                               4.000000    5.533484   -1.533484 (VIOLATED)
_15953_/S                               4.000000    5.533484   -1.533484 (VIOLATED)
_15955_/S                               4.000000    5.533484   -1.533484 (VIOLATED)
_15957_/S                               4.000000    5.533484   -1.533484 (VIOLATED)
_15959_/S                               4.000000    5.533484   -1.533484 (VIOLATED)
_15961_/S                               4.000000    5.533484   -1.533484 (VIOLATED)
_15963_/S                               4.000000    5.533484   -1.533484 (VIOLATED)
_15965_/S                               4.000000    5.533484   -1.533484 (VIOLATED)
_15967_/S                               4.000000    5.533484   -1.533484 (VIOLATED)
_15969_/S                               4.000000    5.533484   -1.533484 (VIOLATED)
_15973_/ZN                              4.000000    5.533484   -1.533484 (VIOLATED)
_15975_/S                               4.000000    5.533484   -1.533484 (VIOLATED)
_15977_/S                               4.000000    5.533484   -1.533484 (VIOLATED)
_15979_/S                               4.000000    5.533484   -1.533484 (VIOLATED)
_15981_/S                               4.000000    5.533484   -1.533484 (VIOLATED)
_15983_/S                               4.000000    5.533484   -1.533484 (VIOLATED)
_15985_/S                               4.000000    5.533484   -1.533484 (VIOLATED)
_15987_/S                               4.000000    5.533484   -1.533484 (VIOLATED)
_15989_/S                               4.000000    5.533484   -1.533484 (VIOLATED)
_15991_/S                               4.000000    5.533484   -1.533484 (VIOLATED)
_15993_/S                               4.000000    5.533484   -1.533484 (VIOLATED)
_15995_/S                               4.000000    5.533484   -1.533484 (VIOLATED)
_15997_/S                               4.000000    5.533484   -1.533484 (VIOLATED)
_15999_/S                               4.000000    5.533484   -1.533484 (VIOLATED)
_16001_/S                               4.000000    5.533484   -1.533484 (VIOLATED)
_16003_/S                               4.000000    5.533484   -1.533484 (VIOLATED)
_16005_/S                               4.000000    5.533484   -1.533484 (VIOLATED)
_16382_/S                               4.000000    5.533484   -1.533484 (VIOLATED)
_16384_/S                               4.000000    5.533484   -1.533484 (VIOLATED)
_16386_/S                               4.000000    5.533484   -1.533484 (VIOLATED)
_16388_/S                               4.000000    5.533484   -1.533484 (VIOLATED)
_16390_/S                               4.000000    5.533484   -1.533484 (VIOLATED)
_16392_/S                               4.000000    5.533484   -1.533484 (VIOLATED)
_16394_/S                               4.000000    5.533484   -1.533484 (VIOLATED)
_16396_/S                               4.000000    5.533484   -1.533484 (VIOLATED)
_16398_/S                               4.000000    5.533484   -1.533484 (VIOLATED)
_16400_/S                               4.000000    5.533484   -1.533484 (VIOLATED)
_16402_/S                               4.000000    5.533484   -1.533484 (VIOLATED)
_16404_/S                               4.000000    5.533484   -1.533484 (VIOLATED)
_16406_/S                               4.000000    5.533484   -1.533484 (VIOLATED)
_16408_/S                               4.000000    5.533484   -1.533484 (VIOLATED)
_16410_/S                               4.000000    5.533484   -1.533484 (VIOLATED)
_16412_/S                               4.000000    5.533484   -1.533484 (VIOLATED)
_16414_/S                               4.000000    5.533484   -1.533484 (VIOLATED)
_16416_/S                               4.000000    5.533484   -1.533484 (VIOLATED)
_16418_/S                               4.000000    5.533484   -1.533484 (VIOLATED)
_16420_/S                               4.000000    5.533484   -1.533484 (VIOLATED)
_16422_/S                               4.000000    5.533484   -1.533484 (VIOLATED)
_16424_/S                               4.000000    5.533484   -1.533484 (VIOLATED)
_16426_/S                               4.000000    5.533484   -1.533484 (VIOLATED)
_16428_/S                               4.000000    5.533484   -1.533484 (VIOLATED)
_16430_/S                               4.000000    5.533484   -1.533484 (VIOLATED)
_16432_/S                               4.000000    5.533484   -1.533484 (VIOLATED)
_16434_/S                               4.000000    5.533484   -1.533484 (VIOLATED)
_16436_/S                               4.000000    5.533484   -1.533484 (VIOLATED)
_16438_/S                               4.000000    5.533484   -1.533484 (VIOLATED)
_16440_/S                               4.000000    5.533484   -1.533484 (VIOLATED)
_16442_/S                               4.000000    5.533484   -1.533484 (VIOLATED)
_16444_/S                               4.000000    5.533484   -1.533484 (VIOLATED)
_15859_/ZN                              4.000000    5.498575   -1.498575 (VIOLATED)
_15862_/B                               4.000000    5.498575   -1.498575 (VIOLATED)
_15863_/S                               4.000000    5.498575   -1.498575 (VIOLATED)
_15865_/S                               4.000000    5.498575   -1.498575 (VIOLATED)
_15867_/S                               4.000000    5.498575   -1.498575 (VIOLATED)
_15869_/S                               4.000000    5.498575   -1.498575 (VIOLATED)
_15871_/S                               4.000000    5.498575   -1.498575 (VIOLATED)
_15873_/S                               4.000000    5.498575   -1.498575 (VIOLATED)
_15875_/S                               4.000000    5.498575   -1.498575 (VIOLATED)
_15877_/S                               4.000000    5.498575   -1.498575 (VIOLATED)
_15879_/S                               4.000000    5.498575   -1.498575 (VIOLATED)
_15881_/S                               4.000000    5.498575   -1.498575 (VIOLATED)
_15883_/S                               4.000000    5.498575   -1.498575 (VIOLATED)
_15885_/S                               4.000000    5.498575   -1.498575 (VIOLATED)
_15887_/S                               4.000000    5.498575   -1.498575 (VIOLATED)
_15889_/S                               4.000000    5.498575   -1.498575 (VIOLATED)
_15891_/S                               4.000000    5.498575   -1.498575 (VIOLATED)
_15893_/S                               4.000000    5.498575   -1.498575 (VIOLATED)
_16317_/S                               4.000000    5.498575   -1.498575 (VIOLATED)
_16319_/S                               4.000000    5.498575   -1.498575 (VIOLATED)
_16321_/S                               4.000000    5.498575   -1.498575 (VIOLATED)
_16323_/S                               4.000000    5.498575   -1.498575 (VIOLATED)
_16325_/S                               4.000000    5.498575   -1.498575 (VIOLATED)
_16327_/S                               4.000000    5.498575   -1.498575 (VIOLATED)
_16329_/S                               4.000000    5.498575   -1.498575 (VIOLATED)
_16331_/S                               4.000000    5.498575   -1.498575 (VIOLATED)
_16333_/S                               4.000000    5.498575   -1.498575 (VIOLATED)
_16335_/S                               4.000000    5.498575   -1.498575 (VIOLATED)
_16337_/S                               4.000000    5.498575   -1.498575 (VIOLATED)
_16339_/S                               4.000000    5.498575   -1.498575 (VIOLATED)
_16341_/S                               4.000000    5.498575   -1.498575 (VIOLATED)
_16343_/S                               4.000000    5.498575   -1.498575 (VIOLATED)
_16345_/S                               4.000000    5.498575   -1.498575 (VIOLATED)
_16347_/S                               4.000000    5.498575   -1.498575 (VIOLATED)
_15810_/ZN                              4.000000    5.466575   -1.466574 (VIOLATED)
_15813_/S                               4.000000    5.466575   -1.466574 (VIOLATED)
_15816_/S                               4.000000    5.466575   -1.466574 (VIOLATED)
_15819_/S                               4.000000    5.466575   -1.466574 (VIOLATED)
_15822_/S                               4.000000    5.466575   -1.466574 (VIOLATED)
_15825_/S                               4.000000    5.466575   -1.466574 (VIOLATED)
_15828_/S                               4.000000    5.466575   -1.466574 (VIOLATED)
_15831_/S                               4.000000    5.466575   -1.466574 (VIOLATED)
_15834_/S                               4.000000    5.466575   -1.466574 (VIOLATED)
_15837_/S                               4.000000    5.466575   -1.466574 (VIOLATED)
_15840_/S                               4.000000    5.466575   -1.466574 (VIOLATED)
_15843_/S                               4.000000    5.466575   -1.466574 (VIOLATED)
_15846_/S                               4.000000    5.466575   -1.466574 (VIOLATED)
_15849_/S                               4.000000    5.466575   -1.466574 (VIOLATED)
_15852_/S                               4.000000    5.466575   -1.466574 (VIOLATED)
_15855_/S                               4.000000    5.466575   -1.466574 (VIOLATED)
_15858_/S                               4.000000    5.466575   -1.466574 (VIOLATED)
_16146_/ZN                              4.000000    5.466575   -1.466574 (VIOLATED)
_16148_/S                               4.000000    5.466575   -1.466574 (VIOLATED)
_16150_/S                               4.000000    5.466575   -1.466574 (VIOLATED)
_16152_/S                               4.000000    5.466575   -1.466574 (VIOLATED)
_16154_/S                               4.000000    5.466575   -1.466574 (VIOLATED)
_16156_/S                               4.000000    5.466575   -1.466574 (VIOLATED)
_16158_/S                               4.000000    5.466575   -1.466574 (VIOLATED)
_16160_/S                               4.000000    5.466575   -1.466574 (VIOLATED)
_16162_/S                               4.000000    5.466575   -1.466574 (VIOLATED)
_16164_/S                               4.000000    5.466575   -1.466574 (VIOLATED)
_16166_/S                               4.000000    5.466575   -1.466574 (VIOLATED)
_16168_/S                               4.000000    5.466575   -1.466574 (VIOLATED)
_16170_/S                               4.000000    5.466575   -1.466574 (VIOLATED)
_16172_/S                               4.000000    5.466575   -1.466574 (VIOLATED)
_16174_/S                               4.000000    5.466575   -1.466574 (VIOLATED)
_16176_/S                               4.000000    5.466575   -1.466574 (VIOLATED)
_16178_/S                               4.000000    5.466575   -1.466574 (VIOLATED)
_16271_/S                               4.000000    5.466575   -1.466574 (VIOLATED)
_16274_/S                               4.000000    5.466575   -1.466574 (VIOLATED)
_16277_/S                               4.000000    5.466575   -1.466574 (VIOLATED)
_16280_/S                               4.000000    5.466575   -1.466574 (VIOLATED)
_16283_/S                               4.000000    5.466575   -1.466574 (VIOLATED)
_16286_/S                               4.000000    5.466575   -1.466574 (VIOLATED)
_16289_/S                               4.000000    5.466575   -1.466574 (VIOLATED)
_16292_/S                               4.000000    5.466575   -1.466574 (VIOLATED)
_16295_/S                               4.000000    5.466575   -1.466574 (VIOLATED)
_16298_/S                               4.000000    5.466575   -1.466574 (VIOLATED)
_16301_/S                               4.000000    5.466575   -1.466574 (VIOLATED)
_16304_/S                               4.000000    5.466575   -1.466574 (VIOLATED)
_16307_/S                               4.000000    5.466575   -1.466574 (VIOLATED)
_16310_/S                               4.000000    5.466575   -1.466574 (VIOLATED)
_16313_/S                               4.000000    5.466575   -1.466574 (VIOLATED)
_16316_/S                               4.000000    5.466575   -1.466574 (VIOLATED)
_16574_/S                               4.000000    5.466575   -1.466574 (VIOLATED)
_16576_/S                               4.000000    5.466575   -1.466574 (VIOLATED)
_16578_/S                               4.000000    5.466575   -1.466574 (VIOLATED)
_16580_/S                               4.000000    5.466575   -1.466574 (VIOLATED)
_16582_/S                               4.000000    5.466575   -1.466574 (VIOLATED)
_16584_/S                               4.000000    5.466575   -1.466574 (VIOLATED)
_16586_/S                               4.000000    5.466575   -1.466574 (VIOLATED)
_16588_/S                               4.000000    5.466575   -1.466574 (VIOLATED)
_16590_/S                               4.000000    5.466575   -1.466574 (VIOLATED)
_16592_/S                               4.000000    5.466575   -1.466574 (VIOLATED)
_16594_/S                               4.000000    5.466575   -1.466574 (VIOLATED)
_16596_/S                               4.000000    5.466575   -1.466574 (VIOLATED)
_16598_/S                               4.000000    5.466575   -1.466574 (VIOLATED)
_16600_/S                               4.000000    5.466575   -1.466574 (VIOLATED)
_16602_/S                               4.000000    5.466575   -1.466574 (VIOLATED)
_16604_/S                               4.000000    5.466575   -1.466574 (VIOLATED)
_15862_/ZN                              4.000000    5.465296   -1.465296 (VIOLATED)
_15864_/S                               4.000000    5.465296   -1.465296 (VIOLATED)
_15866_/S                               4.000000    5.465296   -1.465296 (VIOLATED)
_15868_/S                               4.000000    5.465296   -1.465296 (VIOLATED)
_15870_/S                               4.000000    5.465296   -1.465296 (VIOLATED)
_15872_/S                               4.000000    5.465296   -1.465296 (VIOLATED)
_15874_/S                               4.000000    5.465296   -1.465296 (VIOLATED)
_15876_/S                               4.000000    5.465296   -1.465296 (VIOLATED)
_15878_/S                               4.000000    5.465296   -1.465296 (VIOLATED)
_15880_/S                               4.000000    5.465296   -1.465296 (VIOLATED)
_15882_/S                               4.000000    5.465296   -1.465296 (VIOLATED)
_15884_/S                               4.000000    5.465296   -1.465296 (VIOLATED)
_15886_/S                               4.000000    5.465296   -1.465296 (VIOLATED)
_15888_/S                               4.000000    5.465296   -1.465296 (VIOLATED)
_15890_/S                               4.000000    5.465296   -1.465296 (VIOLATED)
_15892_/S                               4.000000    5.465296   -1.465296 (VIOLATED)
_15894_/S                               4.000000    5.465296   -1.465296 (VIOLATED)
_16318_/S                               4.000000    5.465296   -1.465296 (VIOLATED)
_16320_/S                               4.000000    5.465296   -1.465296 (VIOLATED)
_16322_/S                               4.000000    5.465296   -1.465296 (VIOLATED)
_16324_/S                               4.000000    5.465296   -1.465296 (VIOLATED)
_16326_/S                               4.000000    5.465296   -1.465296 (VIOLATED)
_16328_/S                               4.000000    5.465296   -1.465296 (VIOLATED)
_16330_/S                               4.000000    5.465296   -1.465296 (VIOLATED)
_16332_/S                               4.000000    5.465296   -1.465296 (VIOLATED)
_16334_/S                               4.000000    5.465296   -1.465296 (VIOLATED)
_16336_/S                               4.000000    5.465296   -1.465296 (VIOLATED)
_16338_/S                               4.000000    5.465296   -1.465296 (VIOLATED)
_16340_/S                               4.000000    5.465296   -1.465296 (VIOLATED)
_16342_/S                               4.000000    5.465296   -1.465296 (VIOLATED)
_16344_/S                               4.000000    5.465296   -1.465296 (VIOLATED)
_16346_/S                               4.000000    5.465296   -1.465296 (VIOLATED)
_16348_/S                               4.000000    5.465296   -1.465296 (VIOLATED)
_15731_/ZN                              4.000000    5.464709   -1.464709 (VIOLATED)
_15736_/S                               4.000000    5.464709   -1.464709 (VIOLATED)
_15741_/S                               4.000000    5.464709   -1.464709 (VIOLATED)
_15746_/S                               4.000000    5.464709   -1.464709 (VIOLATED)
_15751_/S                               4.000000    5.464709   -1.464709 (VIOLATED)
_15756_/S                               4.000000    5.464709   -1.464709 (VIOLATED)
_15761_/S                               4.000000    5.464709   -1.464709 (VIOLATED)
_15766_/S                               4.000000    5.464709   -1.464709 (VIOLATED)
_15772_/S                               4.000000    5.464709   -1.464709 (VIOLATED)
_15776_/S                               4.000000    5.464709   -1.464709 (VIOLATED)
_15780_/S                               4.000000    5.464709   -1.464709 (VIOLATED)
_15784_/S                               4.000000    5.464709   -1.464709 (VIOLATED)
_15788_/S                               4.000000    5.464709   -1.464709 (VIOLATED)
_15792_/S                               4.000000    5.464709   -1.464709 (VIOLATED)
_15796_/S                               4.000000    5.464709   -1.464709 (VIOLATED)
_15800_/S                               4.000000    5.464709   -1.464709 (VIOLATED)
_15804_/S                               4.000000    5.464709   -1.464709 (VIOLATED)
_16200_/S                               4.000000    5.464709   -1.464709 (VIOLATED)
_16205_/S                               4.000000    5.464709   -1.464709 (VIOLATED)
_16210_/S                               4.000000    5.464709   -1.464709 (VIOLATED)
_16215_/S                               4.000000    5.464709   -1.464709 (VIOLATED)
_16220_/S                               4.000000    5.464709   -1.464709 (VIOLATED)
_16225_/S                               4.000000    5.464709   -1.464709 (VIOLATED)
_16230_/S                               4.000000    5.464709   -1.464709 (VIOLATED)
_16236_/S                               4.000000    5.464709   -1.464709 (VIOLATED)
_16240_/S                               4.000000    5.464709   -1.464709 (VIOLATED)
_16244_/S                               4.000000    5.464709   -1.464709 (VIOLATED)
_16248_/S                               4.000000    5.464709   -1.464709 (VIOLATED)
_16252_/S                               4.000000    5.464709   -1.464709 (VIOLATED)
_16256_/S                               4.000000    5.464709   -1.464709 (VIOLATED)
_16260_/S                               4.000000    5.464709   -1.464709 (VIOLATED)
_16264_/S                               4.000000    5.464709   -1.464709 (VIOLATED)
_16268_/S                               4.000000    5.464709   -1.464709 (VIOLATED)
_16041_/ZN                              4.000000    5.419548   -1.419548 (VIOLATED)
_16043_/S                               4.000000    5.419548   -1.419548 (VIOLATED)
_16045_/S                               4.000000    5.419548   -1.419548 (VIOLATED)
_16047_/S                               4.000000    5.419548   -1.419548 (VIOLATED)
_16049_/S                               4.000000    5.419548   -1.419548 (VIOLATED)
_16051_/S                               4.000000    5.419548   -1.419548 (VIOLATED)
_16053_/S                               4.000000    5.419548   -1.419548 (VIOLATED)
_16055_/S                               4.000000    5.419548   -1.419548 (VIOLATED)
_16057_/S                               4.000000    5.419548   -1.419548 (VIOLATED)
_16059_/S                               4.000000    5.419548   -1.419548 (VIOLATED)
_16061_/S                               4.000000    5.419548   -1.419548 (VIOLATED)
_16063_/S                               4.000000    5.419548   -1.419548 (VIOLATED)
_16065_/S                               4.000000    5.419548   -1.419548 (VIOLATED)
_16067_/S                               4.000000    5.419548   -1.419548 (VIOLATED)
_16069_/S                               4.000000    5.419548   -1.419548 (VIOLATED)
_16071_/S                               4.000000    5.419548   -1.419548 (VIOLATED)
_16073_/S                               4.000000    5.419548   -1.419548 (VIOLATED)
_16478_/S                               4.000000    5.419548   -1.419548 (VIOLATED)
_16480_/S                               4.000000    5.419548   -1.419548 (VIOLATED)
_16482_/S                               4.000000    5.419548   -1.419548 (VIOLATED)
_16484_/S                               4.000000    5.419548   -1.419548 (VIOLATED)
_16486_/S                               4.000000    5.419548   -1.419548 (VIOLATED)
_16488_/S                               4.000000    5.419548   -1.419548 (VIOLATED)
_16490_/S                               4.000000    5.419548   -1.419548 (VIOLATED)
_16492_/S                               4.000000    5.419548   -1.419548 (VIOLATED)
_16494_/S                               4.000000    5.419548   -1.419548 (VIOLATED)
_16496_/S                               4.000000    5.419548   -1.419548 (VIOLATED)
_16498_/S                               4.000000    5.419548   -1.419548 (VIOLATED)
_16500_/S                               4.000000    5.419548   -1.419548 (VIOLATED)
_16502_/S                               4.000000    5.419548   -1.419548 (VIOLATED)
_16504_/S                               4.000000    5.419548   -1.419548 (VIOLATED)
_16506_/S                               4.000000    5.419548   -1.419548 (VIOLATED)
_16508_/S                               4.000000    5.419548   -1.419548 (VIOLATED)
_10788_/ZN                              4.000000    5.414948   -1.414947 (VIOLATED)
_10804_/C                               4.000000    5.414948   -1.414947 (VIOLATED)
_10805_/A1                              4.000000    5.414948   -1.414947 (VIOLATED)
_10819_/B                               4.000000    5.414948   -1.414947 (VIOLATED)
_10835_/B                               4.000000    5.414948   -1.414947 (VIOLATED)
_10849_/B                               4.000000    5.414948   -1.414947 (VIOLATED)
_10850_/A1                              4.000000    5.414948   -1.414947 (VIOLATED)
_10865_/C                               4.000000    5.414948   -1.414947 (VIOLATED)
_10866_/A1                              4.000000    5.414948   -1.414947 (VIOLATED)
_10881_/C                               4.000000    5.414948   -1.414947 (VIOLATED)
_10882_/A1                              4.000000    5.414948   -1.414947 (VIOLATED)
_10898_/B                               4.000000    5.414948   -1.414947 (VIOLATED)
_10913_/C                               4.000000    5.414948   -1.414947 (VIOLATED)
_10927_/C                               4.000000    5.414948   -1.414947 (VIOLATED)
_10940_/B                               4.000000    5.414948   -1.414947 (VIOLATED)
_10941_/A1                              4.000000    5.414948   -1.414947 (VIOLATED)
_10953_/B                               4.000000    5.414948   -1.414947 (VIOLATED)
_10954_/A1                              4.000000    5.414948   -1.414947 (VIOLATED)
_10966_/B                               4.000000    5.414948   -1.414947 (VIOLATED)
_10967_/A1                              4.000000    5.414948   -1.414947 (VIOLATED)
_10995_/B                               4.000000    5.414948   -1.414947 (VIOLATED)
_11008_/B                               4.000000    5.414948   -1.414947 (VIOLATED)
_11009_/A1                              4.000000    5.414948   -1.414947 (VIOLATED)
_11021_/B                               4.000000    5.414948   -1.414947 (VIOLATED)
_11022_/A1                              4.000000    5.414948   -1.414947 (VIOLATED)
_11038_/B                               4.000000    5.414948   -1.414947 (VIOLATED)
_11039_/A1                              4.000000    5.414948   -1.414947 (VIOLATED)
_11055_/B                               4.000000    5.414948   -1.414947 (VIOLATED)
_11070_/B                               4.000000    5.414948   -1.414947 (VIOLATED)
_11084_/B                               4.000000    5.414948   -1.414947 (VIOLATED)
_11085_/A1                              4.000000    5.414948   -1.414947 (VIOLATED)
_11096_/B                               4.000000    5.414948   -1.414947 (VIOLATED)
_11114_/B                               4.000000    5.414948   -1.414947 (VIOLATED)
_11115_/A1                              4.000000    5.414948   -1.414947 (VIOLATED)
_11130_/B                               4.000000    5.414948   -1.414947 (VIOLATED)
_11160_/B                               4.000000    5.414948   -1.414947 (VIOLATED)
_11161_/A1                              4.000000    5.414948   -1.414947 (VIOLATED)
_11173_/B                               4.000000    5.414948   -1.414947 (VIOLATED)
_11174_/A1                              4.000000    5.414948   -1.414947 (VIOLATED)
_11187_/B                               4.000000    5.414948   -1.414947 (VIOLATED)
_11215_/B                               4.000000    5.414948   -1.414947 (VIOLATED)
_11216_/A1                              4.000000    5.414948   -1.414947 (VIOLATED)
_11245_/B                               4.000000    5.414948   -1.414947 (VIOLATED)
_16112_/ZN                              4.000000    5.414811   -1.414811 (VIOLATED)
_16114_/S                               4.000000    5.414811   -1.414811 (VIOLATED)
_16116_/S                               4.000000    5.414811   -1.414811 (VIOLATED)
_16118_/S                               4.000000    5.414811   -1.414811 (VIOLATED)
_16120_/S                               4.000000    5.414811   -1.414811 (VIOLATED)
_16122_/S                               4.000000    5.414811   -1.414811 (VIOLATED)
_16124_/S                               4.000000    5.414811   -1.414811 (VIOLATED)
_16126_/S                               4.000000    5.414811   -1.414811 (VIOLATED)
_16128_/S                               4.000000    5.414811   -1.414811 (VIOLATED)
_16130_/S                               4.000000    5.414811   -1.414811 (VIOLATED)
_16132_/S                               4.000000    5.414811   -1.414811 (VIOLATED)
_16134_/S                               4.000000    5.414811   -1.414811 (VIOLATED)
_16136_/S                               4.000000    5.414811   -1.414811 (VIOLATED)
_16138_/S                               4.000000    5.414811   -1.414811 (VIOLATED)
_16140_/S                               4.000000    5.414811   -1.414811 (VIOLATED)
_16142_/S                               4.000000    5.414811   -1.414811 (VIOLATED)
_16144_/S                               4.000000    5.414811   -1.414811 (VIOLATED)
_16542_/S                               4.000000    5.414811   -1.414811 (VIOLATED)
_16544_/S                               4.000000    5.414811   -1.414811 (VIOLATED)
_16546_/S                               4.000000    5.414811   -1.414811 (VIOLATED)
_16548_/S                               4.000000    5.414811   -1.414811 (VIOLATED)
_16550_/S                               4.000000    5.414811   -1.414811 (VIOLATED)
_16552_/S                               4.000000    5.414811   -1.414811 (VIOLATED)
_16554_/S                               4.000000    5.414811   -1.414811 (VIOLATED)
_16556_/S                               4.000000    5.414811   -1.414811 (VIOLATED)
_16558_/S                               4.000000    5.414811   -1.414811 (VIOLATED)
_16560_/S                               4.000000    5.414811   -1.414811 (VIOLATED)
_16562_/S                               4.000000    5.414811   -1.414811 (VIOLATED)
_16564_/S                               4.000000    5.414811   -1.414811 (VIOLATED)
_16566_/S                               4.000000    5.414811   -1.414811 (VIOLATED)
_16568_/S                               4.000000    5.414811   -1.414811 (VIOLATED)
_16570_/S                               4.000000    5.414811   -1.414811 (VIOLATED)
_16572_/S                               4.000000    5.414811   -1.414811 (VIOLATED)
_16078_/ZN                              4.000000    5.414418   -1.414418 (VIOLATED)
_16080_/S                               4.000000    5.414418   -1.414418 (VIOLATED)
_16082_/S                               4.000000    5.414418   -1.414418 (VIOLATED)
_16084_/S                               4.000000    5.414418   -1.414418 (VIOLATED)
_16086_/S                               4.000000    5.414418   -1.414418 (VIOLATED)
_16088_/S                               4.000000    5.414418   -1.414418 (VIOLATED)
_16090_/S                               4.000000    5.414418   -1.414418 (VIOLATED)
_16092_/S                               4.000000    5.414418   -1.414418 (VIOLATED)
_16094_/S                               4.000000    5.414418   -1.414418 (VIOLATED)
_16096_/S                               4.000000    5.414418   -1.414418 (VIOLATED)
_16098_/S                               4.000000    5.414418   -1.414418 (VIOLATED)
_16100_/S                               4.000000    5.414418   -1.414418 (VIOLATED)
_16102_/S                               4.000000    5.414418   -1.414418 (VIOLATED)
_16104_/S                               4.000000    5.414418   -1.414418 (VIOLATED)
_16106_/S                               4.000000    5.414418   -1.414418 (VIOLATED)
_16108_/S                               4.000000    5.414418   -1.414418 (VIOLATED)
_16110_/S                               4.000000    5.414418   -1.414418 (VIOLATED)
_16510_/S                               4.000000    5.414418   -1.414418 (VIOLATED)
_16512_/S                               4.000000    5.414418   -1.414418 (VIOLATED)
_16514_/S                               4.000000    5.414418   -1.414418 (VIOLATED)
_16516_/S                               4.000000    5.414418   -1.414418 (VIOLATED)
_16518_/S                               4.000000    5.414418   -1.414418 (VIOLATED)
_16520_/S                               4.000000    5.414418   -1.414418 (VIOLATED)
_16522_/S                               4.000000    5.414418   -1.414418 (VIOLATED)
_16524_/S                               4.000000    5.414418   -1.414418 (VIOLATED)
_16526_/S                               4.000000    5.414418   -1.414418 (VIOLATED)
_16528_/S                               4.000000    5.414418   -1.414418 (VIOLATED)
_16530_/S                               4.000000    5.414418   -1.414418 (VIOLATED)
_16532_/S                               4.000000    5.414418   -1.414418 (VIOLATED)
_16534_/S                               4.000000    5.414418   -1.414418 (VIOLATED)
_16536_/S                               4.000000    5.414418   -1.414418 (VIOLATED)
_16538_/S                               4.000000    5.414418   -1.414418 (VIOLATED)
_16540_/S                               4.000000    5.414418   -1.414418 (VIOLATED)
_15806_/ZN                              4.000000    5.383504   -1.383505 (VIOLATED)
_15812_/S                               4.000000    5.383504   -1.383505 (VIOLATED)
_15815_/S                               4.000000    5.383504   -1.383505 (VIOLATED)
_15818_/S                               4.000000    5.383504   -1.383505 (VIOLATED)
_15821_/S                               4.000000    5.383504   -1.383505 (VIOLATED)
_15824_/S                               4.000000    5.383504   -1.383505 (VIOLATED)
_15827_/S                               4.000000    5.383504   -1.383505 (VIOLATED)
_15830_/S                               4.000000    5.383504   -1.383505 (VIOLATED)
_15833_/S                               4.000000    5.383504   -1.383505 (VIOLATED)
_15836_/S                               4.000000    5.383504   -1.383505 (VIOLATED)
_15839_/S                               4.000000    5.383504   -1.383505 (VIOLATED)
_15842_/S                               4.000000    5.383504   -1.383505 (VIOLATED)
_15845_/S                               4.000000    5.383504   -1.383505 (VIOLATED)
_15848_/S                               4.000000    5.383504   -1.383505 (VIOLATED)
_15851_/S                               4.000000    5.383504   -1.383505 (VIOLATED)
_15854_/S                               4.000000    5.383504   -1.383505 (VIOLATED)
_15857_/S                               4.000000    5.383504   -1.383505 (VIOLATED)
_16270_/S                               4.000000    5.383504   -1.383505 (VIOLATED)
_16273_/S                               4.000000    5.383504   -1.383505 (VIOLATED)
_16276_/S                               4.000000    5.383504   -1.383505 (VIOLATED)
_16279_/S                               4.000000    5.383504   -1.383505 (VIOLATED)
_16282_/S                               4.000000    5.383504   -1.383505 (VIOLATED)
_16285_/S                               4.000000    5.383504   -1.383505 (VIOLATED)
_16288_/S                               4.000000    5.383504   -1.383505 (VIOLATED)
_16291_/S                               4.000000    5.383504   -1.383505 (VIOLATED)
_16294_/S                               4.000000    5.383504   -1.383505 (VIOLATED)
_16297_/S                               4.000000    5.383504   -1.383505 (VIOLATED)
_16300_/S                               4.000000    5.383504   -1.383505 (VIOLATED)
_16303_/S                               4.000000    5.383504   -1.383505 (VIOLATED)
_16306_/S                               4.000000    5.383504   -1.383505 (VIOLATED)
_16309_/S                               4.000000    5.383504   -1.383505 (VIOLATED)
_16312_/S                               4.000000    5.383504   -1.383505 (VIOLATED)
_16315_/S                               4.000000    5.383504   -1.383505 (VIOLATED)
_16179_/ZN                              4.000000    5.381062   -1.381062 (VIOLATED)
_16180_/S                               4.000000    5.381062   -1.381062 (VIOLATED)
_16181_/S                               4.000000    5.381062   -1.381062 (VIOLATED)
_16182_/S                               4.000000    5.381062   -1.381062 (VIOLATED)
_16183_/S                               4.000000    5.381062   -1.381062 (VIOLATED)
_16184_/S                               4.000000    5.381062   -1.381062 (VIOLATED)
_16185_/S                               4.000000    5.381062   -1.381062 (VIOLATED)
_16186_/S                               4.000000    5.381062   -1.381062 (VIOLATED)
_16187_/S                               4.000000    5.381062   -1.381062 (VIOLATED)
_16188_/S                               4.000000    5.381062   -1.381062 (VIOLATED)
_16189_/S                               4.000000    5.381062   -1.381062 (VIOLATED)
_16190_/S                               4.000000    5.381062   -1.381062 (VIOLATED)
_16191_/S                               4.000000    5.381062   -1.381062 (VIOLATED)
_16192_/S                               4.000000    5.381062   -1.381062 (VIOLATED)
_16193_/S                               4.000000    5.381062   -1.381062 (VIOLATED)
_16194_/S                               4.000000    5.381062   -1.381062 (VIOLATED)
_16195_/S                               4.000000    5.381062   -1.381062 (VIOLATED)
_16605_/S                               4.000000    5.381062   -1.381062 (VIOLATED)
_16606_/S                               4.000000    5.381062   -1.381062 (VIOLATED)
_16607_/S                               4.000000    5.381062   -1.381062 (VIOLATED)
_16608_/S                               4.000000    5.381062   -1.381062 (VIOLATED)
_16609_/S                               4.000000    5.381062   -1.381062 (VIOLATED)
_16610_/S                               4.000000    5.381062   -1.381062 (VIOLATED)
_16611_/S                               4.000000    5.381062   -1.381062 (VIOLATED)
_16612_/S                               4.000000    5.381062   -1.381062 (VIOLATED)
_16613_/S                               4.000000    5.381062   -1.381062 (VIOLATED)
_16614_/S                               4.000000    5.381062   -1.381062 (VIOLATED)
_16615_/S                               4.000000    5.381062   -1.381062 (VIOLATED)
_16616_/S                               4.000000    5.381062   -1.381062 (VIOLATED)
_16617_/S                               4.000000    5.381062   -1.381062 (VIOLATED)
_16618_/S                               4.000000    5.381062   -1.381062 (VIOLATED)
_16619_/S                               4.000000    5.381062   -1.381062 (VIOLATED)
_16620_/S                               4.000000    5.381062   -1.381062 (VIOLATED)
_17025_/ZN                              4.000000    5.380033   -1.380033 (VIOLATED)
_17026_/S                               4.000000    5.380033   -1.380033 (VIOLATED)
_17027_/S                               4.000000    5.380033   -1.380033 (VIOLATED)
_17028_/S                               4.000000    5.380033   -1.380033 (VIOLATED)
_17029_/S                               4.000000    5.380033   -1.380033 (VIOLATED)
_17030_/S                               4.000000    5.380033   -1.380033 (VIOLATED)
_17031_/S                               4.000000    5.380033   -1.380033 (VIOLATED)
_17032_/S                               4.000000    5.380033   -1.380033 (VIOLATED)
_17033_/S                               4.000000    5.380033   -1.380033 (VIOLATED)
_17034_/S                               4.000000    5.380033   -1.380033 (VIOLATED)
_17035_/S                               4.000000    5.380033   -1.380033 (VIOLATED)
_17036_/S                               4.000000    5.380033   -1.380033 (VIOLATED)
_17037_/S                               4.000000    5.380033   -1.380033 (VIOLATED)
_17038_/S                               4.000000    5.380033   -1.380033 (VIOLATED)
_17039_/S                               4.000000    5.380033   -1.380033 (VIOLATED)
_17040_/S                               4.000000    5.380033   -1.380033 (VIOLATED)
_17041_/S                               4.000000    5.380033   -1.380033 (VIOLATED)
_17042_/S                               4.000000    5.380033   -1.380033 (VIOLATED)
_17043_/S                               4.000000    5.380033   -1.380033 (VIOLATED)
_17044_/S                               4.000000    5.380033   -1.380033 (VIOLATED)
_17045_/S                               4.000000    5.380033   -1.380033 (VIOLATED)
_17046_/S                               4.000000    5.380033   -1.380033 (VIOLATED)
_17047_/S                               4.000000    5.380033   -1.380033 (VIOLATED)
_17048_/S                               4.000000    5.380033   -1.380033 (VIOLATED)
_17049_/S                               4.000000    5.380033   -1.380033 (VIOLATED)
_17050_/S                               4.000000    5.380033   -1.380033 (VIOLATED)
_17051_/S                               4.000000    5.380033   -1.380033 (VIOLATED)
_17052_/S                               4.000000    5.380033   -1.380033 (VIOLATED)
_17053_/S                               4.000000    5.380033   -1.380033 (VIOLATED)
_17054_/S                               4.000000    5.380033   -1.380033 (VIOLATED)
_17055_/S                               4.000000    5.380033   -1.380033 (VIOLATED)
_17056_/S                               4.000000    5.380033   -1.380033 (VIOLATED)
_17057_/S                               4.000000    5.380033   -1.380033 (VIOLATED)
_15603_/ZN                              4.000000    5.379778   -1.379779 (VIOLATED)
_15604_/S                               4.000000    5.379778   -1.379779 (VIOLATED)
_15607_/S                               4.000000    5.379778   -1.379779 (VIOLATED)
_15609_/S                               4.000000    5.379778   -1.379779 (VIOLATED)
_15610_/S                               4.000000    5.379778   -1.379779 (VIOLATED)
_15611_/S                               4.000000    5.379778   -1.379779 (VIOLATED)
_15612_/S                               4.000000    5.379778   -1.379779 (VIOLATED)
_15613_/S                               4.000000    5.379778   -1.379779 (VIOLATED)
_15614_/S                               4.000000    5.379778   -1.379779 (VIOLATED)
_15615_/S                               4.000000    5.379778   -1.379779 (VIOLATED)
_15616_/S                               4.000000    5.379778   -1.379779 (VIOLATED)
_15617_/S                               4.000000    5.379778   -1.379779 (VIOLATED)
_15618_/S                               4.000000    5.379778   -1.379779 (VIOLATED)
_15619_/S                               4.000000    5.379778   -1.379779 (VIOLATED)
_15620_/S                               4.000000    5.379778   -1.379779 (VIOLATED)
_15621_/S                               4.000000    5.379778   -1.379779 (VIOLATED)
_15622_/S                               4.000000    5.379778   -1.379779 (VIOLATED)
_15623_/S                               4.000000    5.379778   -1.379779 (VIOLATED)
_15639_/S                               4.000000    5.379778   -1.379779 (VIOLATED)
_15640_/S                               4.000000    5.379778   -1.379779 (VIOLATED)
_15641_/S                               4.000000    5.379778   -1.379779 (VIOLATED)
_15642_/S                               4.000000    5.379778   -1.379779 (VIOLATED)
_15643_/S                               4.000000    5.379778   -1.379779 (VIOLATED)
_15644_/S                               4.000000    5.379778   -1.379779 (VIOLATED)
_15645_/S                               4.000000    5.379778   -1.379779 (VIOLATED)
_15646_/S                               4.000000    5.379778   -1.379779 (VIOLATED)
_15647_/S                               4.000000    5.379778   -1.379779 (VIOLATED)
_15648_/S                               4.000000    5.379778   -1.379779 (VIOLATED)
_15649_/S                               4.000000    5.379778   -1.379779 (VIOLATED)
_15650_/S                               4.000000    5.379778   -1.379779 (VIOLATED)
_15651_/S                               4.000000    5.379778   -1.379779 (VIOLATED)
_15652_/S                               4.000000    5.379778   -1.379779 (VIOLATED)
_15653_/S                               4.000000    5.379778   -1.379779 (VIOLATED)
_09302_/ZN                              4.000000    5.173341   -1.173342 (VIOLATED)
_09304_/A1                              4.000000    5.173341   -1.173342 (VIOLATED)
_09305_/A3                              4.000000    5.173341   -1.173342 (VIOLATED)
_09346_/A2                              4.000000    5.173341   -1.173342 (VIOLATED)
_09351_/A2                              4.000000    5.173341   -1.173342 (VIOLATED)
_09518_/A1                              4.000000    5.173341   -1.173342 (VIOLATED)
_10777_/A2                              4.000000    5.173341   -1.173342 (VIOLATED)
_10836_/B                               4.000000    5.173341   -1.173342 (VIOLATED)
_10899_/B                               4.000000    5.173341   -1.173342 (VIOLATED)
_10914_/B                               4.000000    5.173341   -1.173342 (VIOLATED)
_10928_/B                               4.000000    5.173341   -1.173342 (VIOLATED)
_10941_/C                               4.000000    5.173341   -1.173342 (VIOLATED)
_10954_/C                               4.000000    5.173341   -1.173342 (VIOLATED)
_10967_/C                               4.000000    5.173341   -1.173342 (VIOLATED)
_10982_/C                               4.000000    5.173341   -1.173342 (VIOLATED)
_10996_/C                               4.000000    5.173341   -1.173342 (VIOLATED)
_11009_/C                               4.000000    5.173341   -1.173342 (VIOLATED)
_11022_/C                               4.000000    5.173341   -1.173342 (VIOLATED)
_11026_/A2                              4.000000    5.173341   -1.173342 (VIOLATED)
_11101_/C                               4.000000    5.173341   -1.173342 (VIOLATED)
_11148_/C                               4.000000    5.173341   -1.173342 (VIOLATED)
_11161_/C                               4.000000    5.173341   -1.173342 (VIOLATED)
_11174_/C                               4.000000    5.173341   -1.173342 (VIOLATED)
_11188_/C                               4.000000    5.173341   -1.173342 (VIOLATED)
_11203_/C                               4.000000    5.173341   -1.173342 (VIOLATED)
_11216_/C                               4.000000    5.173341   -1.173342 (VIOLATED)
_11231_/C                               4.000000    5.173341   -1.173342 (VIOLATED)
_11246_/B                               4.000000    5.173341   -1.173342 (VIOLATED)
_11261_/C                               4.000000    5.173341   -1.173342 (VIOLATED)
_11265_/A2                              4.000000    5.173341   -1.173342 (VIOLATED)
_11295_/A1                              4.000000    5.173341   -1.173342 (VIOLATED)
_11439_/B                               4.000000    5.173341   -1.173342 (VIOLATED)
_11457_/A1                              4.000000    5.173341   -1.173342 (VIOLATED)
_11478_/B                               4.000000    5.173341   -1.173342 (VIOLATED)
_11502_/A1                              4.000000    5.173341   -1.173342 (VIOLATED)
_11632_/B                               4.000000    5.173341   -1.173342 (VIOLATED)
_11653_/B                               4.000000    5.173341   -1.173342 (VIOLATED)
_11694_/A2                              4.000000    5.173341   -1.173342 (VIOLATED)
_11713_/A1                              4.000000    5.173341   -1.173342 (VIOLATED)
_11755_/B                               4.000000    5.173341   -1.173342 (VIOLATED)
_11771_/A1                              4.000000    5.173341   -1.173342 (VIOLATED)
_11793_/A1                              4.000000    5.173341   -1.173342 (VIOLATED)
_11815_/A1                              4.000000    5.173341   -1.173342 (VIOLATED)
_11836_/A1                              4.000000    5.173341   -1.173342 (VIOLATED)
_11857_/A1                              4.000000    5.173341   -1.173342 (VIOLATED)
_11876_/A1                              4.000000    5.173341   -1.173342 (VIOLATED)
_11892_/A1                              4.000000    5.173341   -1.173342 (VIOLATED)
_12068_/A1                              4.000000    5.173341   -1.173342 (VIOLATED)
_12074_/B                               4.000000    5.173341   -1.173342 (VIOLATED)
_12080_/B                               4.000000    5.173341   -1.173342 (VIOLATED)
_12087_/B                               4.000000    5.173341   -1.173342 (VIOLATED)
_12094_/B                               4.000000    5.173341   -1.173342 (VIOLATED)
_12101_/B                               4.000000    5.173341   -1.173342 (VIOLATED)
_12108_/B                               4.000000    5.173341   -1.173342 (VIOLATED)
_12115_/B                               4.000000    5.173341   -1.173342 (VIOLATED)
_12122_/B                               4.000000    5.173341   -1.173342 (VIOLATED)
_12129_/B                               4.000000    5.173341   -1.173342 (VIOLATED)
_12183_/A1                              4.000000    5.173341   -1.173342 (VIOLATED)
_12189_/B                               4.000000    5.173341   -1.173342 (VIOLATED)
_12196_/B                               4.000000    5.173341   -1.173342 (VIOLATED)
_12203_/B                               4.000000    5.173341   -1.173342 (VIOLATED)
_12210_/B                               4.000000    5.173341   -1.173342 (VIOLATED)
_12216_/B                               4.000000    5.173341   -1.173342 (VIOLATED)
_12223_/B                               4.000000    5.173341   -1.173342 (VIOLATED)
_12230_/B                               4.000000    5.173341   -1.173342 (VIOLATED)
_12237_/B                               4.000000    5.173341   -1.173342 (VIOLATED)
_12244_/B                               4.000000    5.173341   -1.173342 (VIOLATED)
_12247_/A2                              4.000000    5.173341   -1.173342 (VIOLATED)
_12316_/A2                              4.000000    5.173341   -1.173342 (VIOLATED)
_12353_/A2                              4.000000    5.173341   -1.173342 (VIOLATED)
_09341_/ZN                              4.000000    5.135032   -1.135032 (VIOLATED)
_09350_/A1                              4.000000    5.135032   -1.135032 (VIOLATED)
_09351_/C                               4.000000    5.135032   -1.135032 (VIOLATED)
_10777_/C                               4.000000    5.135032   -1.135032 (VIOLATED)
_10781_/A2                              4.000000    5.135032   -1.135032 (VIOLATED)
_10821_/A2                              4.000000    5.135032   -1.135032 (VIOLATED)
_10838_/A2                              4.000000    5.135032   -1.135032 (VIOLATED)
_10851_/A2                              4.000000    5.135032   -1.135032 (VIOLATED)
_10854_/A2                              4.000000    5.135032   -1.135032 (VIOLATED)
_10870_/A2                              4.000000    5.135032   -1.135032 (VIOLATED)
_10901_/A2                              4.000000    5.135032   -1.135032 (VIOLATED)
_10904_/A1                              4.000000    5.135032   -1.135032 (VIOLATED)
_10915_/A2                              4.000000    5.135032   -1.135032 (VIOLATED)
_10929_/A2                              4.000000    5.135032   -1.135032 (VIOLATED)
_10942_/A2                              4.000000    5.135032   -1.135032 (VIOLATED)
_10955_/A2                              4.000000    5.135032   -1.135032 (VIOLATED)
_10968_/A2                              4.000000    5.135032   -1.135032 (VIOLATED)
_10983_/A2                              4.000000    5.135032   -1.135032 (VIOLATED)
_10997_/A2                              4.000000    5.135032   -1.135032 (VIOLATED)
_11010_/A2                              4.000000    5.135032   -1.135032 (VIOLATED)
_11023_/A2                              4.000000    5.135032   -1.135032 (VIOLATED)
_11026_/C                               4.000000    5.135032   -1.135032 (VIOLATED)
_11030_/A2                              4.000000    5.135032   -1.135032 (VIOLATED)
_11057_/A2                              4.000000    5.135032   -1.135032 (VIOLATED)
_11060_/A2                              4.000000    5.135032   -1.135032 (VIOLATED)
_11086_/A2                              4.000000    5.135032   -1.135032 (VIOLATED)
_11089_/A2                              4.000000    5.135032   -1.135032 (VIOLATED)
_11105_/A2                              4.000000    5.135032   -1.135032 (VIOLATED)
_11132_/A2                              4.000000    5.135032   -1.135032 (VIOLATED)
_11136_/A1                              4.000000    5.135032   -1.135032 (VIOLATED)
_11149_/A2                              4.000000    5.135032   -1.135032 (VIOLATED)
_11162_/A2                              4.000000    5.135032   -1.135032 (VIOLATED)
_11175_/A2                              4.000000    5.135032   -1.135032 (VIOLATED)
_11189_/A2                              4.000000    5.135032   -1.135032 (VIOLATED)
_11204_/A2                              4.000000    5.135032   -1.135032 (VIOLATED)
_11217_/A2                              4.000000    5.135032   -1.135032 (VIOLATED)
_11232_/A2                              4.000000    5.135032   -1.135032 (VIOLATED)
_11247_/A2                              4.000000    5.135032   -1.135032 (VIOLATED)
_11262_/A2                              4.000000    5.135032   -1.135032 (VIOLATED)
_11265_/C                               4.000000    5.135032   -1.135032 (VIOLATED)
_11295_/C                               4.000000    5.135032   -1.135032 (VIOLATED)
_11296_/A2                              4.000000    5.135032   -1.135032 (VIOLATED)
_11418_/S                               4.000000    5.135032   -1.135032 (VIOLATED)
_11503_/S                               4.000000    5.135032   -1.135032 (VIOLATED)
_11549_/A1                              4.000000    5.135032   -1.135032 (VIOLATED)
_11692_/A1                              4.000000    5.135032   -1.135032 (VIOLATED)
_11694_/C                               4.000000    5.135032   -1.135032 (VIOLATED)
_11713_/C                               4.000000    5.135032   -1.135032 (VIOLATED)
_11714_/A2                              4.000000    5.135032   -1.135032 (VIOLATED)
_11733_/S                               4.000000    5.135032   -1.135032 (VIOLATED)
_11773_/S                               4.000000    5.135032   -1.135032 (VIOLATED)
_11816_/B                               4.000000    5.135032   -1.135032 (VIOLATED)
_11817_/A1                              4.000000    5.135032   -1.135032 (VIOLATED)
_11823_/A1                              4.000000    5.135032   -1.135032 (VIOLATED)
_11857_/C                               4.000000    5.135032   -1.135032 (VIOLATED)
_11858_/A1                              4.000000    5.135032   -1.135032 (VIOLATED)
_11876_/C                               4.000000    5.135032   -1.135032 (VIOLATED)
_11877_/A1                              4.000000    5.135032   -1.135032 (VIOLATED)
_11996_/A1                              4.000000    5.135032   -1.135032 (VIOLATED)
_12069_/A1                              4.000000    5.135032   -1.135032 (VIOLATED)
_12184_/A1                              4.000000    5.135032   -1.135032 (VIOLATED)
_12247_/C                               4.000000    5.135032   -1.135032 (VIOLATED)
_12253_/A1                              4.000000    5.135032   -1.135032 (VIOLATED)
_12316_/C                               4.000000    5.135032   -1.135032 (VIOLATED)
_12354_/B2                              4.000000    5.135032   -1.135032 (VIOLATED)
_09343_/Z                               4.000000    5.008105   -1.008105 (VIOLATED)
_09345_/A2                              4.000000    5.008105   -1.008105 (VIOLATED)
_09390_/C                               4.000000    5.008105   -1.008105 (VIOLATED)
_10806_/A2                              4.000000    5.008105   -1.008105 (VIOLATED)
_10822_/A2                              4.000000    5.008105   -1.008105 (VIOLATED)
_10837_/A2                              4.000000    5.008105   -1.008105 (VIOLATED)
_10852_/A2                              4.000000    5.008105   -1.008105 (VIOLATED)
_10867_/A2                              4.000000    5.008105   -1.008105 (VIOLATED)
_10883_/A2                              4.000000    5.008105   -1.008105 (VIOLATED)
_10900_/A2                              4.000000    5.008105   -1.008105 (VIOLATED)
_10903_/A2                              4.000000    5.008105   -1.008105 (VIOLATED)
_11040_/A2                              4.000000    5.008105   -1.008105 (VIOLATED)
_11058_/A2                              4.000000    5.008105   -1.008105 (VIOLATED)
_11072_/A2                              4.000000    5.008105   -1.008105 (VIOLATED)
_11087_/A2                              4.000000    5.008105   -1.008105 (VIOLATED)
_11102_/A2                              4.000000    5.008105   -1.008105 (VIOLATED)
_11116_/A2                              4.000000    5.008105   -1.008105 (VIOLATED)
_11133_/A2                              4.000000    5.008105   -1.008105 (VIOLATED)
_11135_/A2                              4.000000    5.008105   -1.008105 (VIOLATED)
_11294_/A2                              4.000000    5.008105   -1.008105 (VIOLATED)
_11416_/A2                              4.000000    5.008105   -1.008105 (VIOLATED)
_11422_/A2                              4.000000    5.008105   -1.008105 (VIOLATED)
_11458_/A2                              4.000000    5.008105   -1.008105 (VIOLATED)
_11465_/A2                              4.000000    5.008105   -1.008105 (VIOLATED)
_11486_/A2                              4.000000    5.008105   -1.008105 (VIOLATED)
_11521_/A2                              4.000000    5.008105   -1.008105 (VIOLATED)
_11542_/A2                              4.000000    5.008105   -1.008105 (VIOLATED)
_11560_/A2                              4.000000    5.008105   -1.008105 (VIOLATED)
_11579_/A2                              4.000000    5.008105   -1.008105 (VIOLATED)
_11688_/A2                              4.000000    5.008105   -1.008105 (VIOLATED)
_11712_/A2                              4.000000    5.008105   -1.008105 (VIOLATED)
_11732_/A2                              4.000000    5.008105   -1.008105 (VIOLATED)
_11738_/A2                              4.000000    5.008105   -1.008105 (VIOLATED)
_11772_/A2                              4.000000    5.008105   -1.008105 (VIOLATED)
_11794_/A2                              4.000000    5.008105   -1.008105 (VIOLATED)
_11801_/A2                              4.000000    5.008105   -1.008105 (VIOLATED)
_11837_/A2                              4.000000    5.008105   -1.008105 (VIOLATED)
_11856_/A2                              4.000000    5.008105   -1.008105 (VIOLATED)
_11875_/A2                              4.000000    5.008105   -1.008105 (VIOLATED)
_11891_/A2                              4.000000    5.008105   -1.008105 (VIOLATED)
_11993_/A2                              4.000000    5.008105   -1.008105 (VIOLATED)
_12015_/A2                              4.000000    5.008105   -1.008105 (VIOLATED)
_12026_/A2                              4.000000    5.008105   -1.008105 (VIOLATED)
_12031_/A2                              4.000000    5.008105   -1.008105 (VIOLATED)
_12038_/A2                              4.000000    5.008105   -1.008105 (VIOLATED)
_12043_/A2                              4.000000    5.008105   -1.008105 (VIOLATED)
_12051_/A2                              4.000000    5.008105   -1.008105 (VIOLATED)
_12056_/A2                              4.000000    5.008105   -1.008105 (VIOLATED)
_12063_/A2                              4.000000    5.008105   -1.008105 (VIOLATED)
_12067_/A2                              4.000000    5.008105   -1.008105 (VIOLATED)
_12141_/A2                              4.000000    5.008105   -1.008105 (VIOLATED)
_12147_/A2                              4.000000    5.008105   -1.008105 (VIOLATED)
_12153_/A2                              4.000000    5.008105   -1.008105 (VIOLATED)
_12160_/A2                              4.000000    5.008105   -1.008105 (VIOLATED)
_12166_/A2                              4.000000    5.008105   -1.008105 (VIOLATED)
_12172_/A2                              4.000000    5.008105   -1.008105 (VIOLATED)
_12179_/A2                              4.000000    5.008105   -1.008105 (VIOLATED)
_12182_/A2                              4.000000    5.008105   -1.008105 (VIOLATED)
_12313_/B1                              4.000000    5.008105   -1.008105 (VIOLATED)
_17007_/A1                              4.000000    5.008105   -1.008105 (VIOLATED)
_17009_/A1                              4.000000    5.008105   -1.008105 (VIOLATED)
_17011_/A1                              4.000000    5.008105   -1.008105 (VIOLATED)
_17013_/A1                              4.000000    5.008105   -1.008105 (VIOLATED)
_17015_/A1                              4.000000    5.008105   -1.008105 (VIOLATED)
_17017_/A1                              4.000000    5.008105   -1.008105 (VIOLATED)
_17019_/A1                              4.000000    5.008105   -1.008105 (VIOLATED)
_17021_/A1                              4.000000    5.008105   -1.008105 (VIOLATED)
_17023_/A1                              4.000000    5.008105   -1.008105 (VIOLATED)
_10008_/ZN                              4.000000    4.964346   -0.964346 (VIOLATED)
_10018_/C                               4.000000    4.964346   -0.964346 (VIOLATED)
_10051_/C                               4.000000    4.964346   -0.964346 (VIOLATED)
_10079_/C                               4.000000    4.964346   -0.964346 (VIOLATED)
_10080_/A2                              4.000000    4.964346   -0.964346 (VIOLATED)
_10107_/C                               4.000000    4.964346   -0.964346 (VIOLATED)
_10135_/C                               4.000000    4.964346   -0.964346 (VIOLATED)
_10136_/A2                              4.000000    4.964346   -0.964346 (VIOLATED)
_10163_/C                               4.000000    4.964346   -0.964346 (VIOLATED)
_10190_/C                               4.000000    4.964346   -0.964346 (VIOLATED)
_10220_/A2                              4.000000    4.964346   -0.964346 (VIOLATED)
_10246_/A2                              4.000000    4.964346   -0.964346 (VIOLATED)
_10269_/B                               4.000000    4.964346   -0.964346 (VIOLATED)
_10270_/A2                              4.000000    4.964346   -0.964346 (VIOLATED)
_10294_/B                               4.000000    4.964346   -0.964346 (VIOLATED)
_10295_/A2                              4.000000    4.964346   -0.964346 (VIOLATED)
_10319_/B                               4.000000    4.964346   -0.964346 (VIOLATED)
_10320_/A2                              4.000000    4.964346   -0.964346 (VIOLATED)
_10343_/C                               4.000000    4.964346   -0.964346 (VIOLATED)
_10393_/C                               4.000000    4.964346   -0.964346 (VIOLATED)
_10394_/A2                              4.000000    4.964346   -0.964346 (VIOLATED)
_10418_/C                               4.000000    4.964346   -0.964346 (VIOLATED)
_10419_/A2                              4.000000    4.964346   -0.964346 (VIOLATED)
_16655_/C                               4.000000    4.964346   -0.964346 (VIOLATED)
_16676_/C                               4.000000    4.964346   -0.964346 (VIOLATED)
_16677_/A2                              4.000000    4.964346   -0.964346 (VIOLATED)
_16719_/A2                              4.000000    4.964346   -0.964346 (VIOLATED)
_16740_/C                               4.000000    4.964346   -0.964346 (VIOLATED)
_16761_/C                               4.000000    4.964346   -0.964346 (VIOLATED)
_16783_/C                               4.000000    4.964346   -0.964346 (VIOLATED)
_16806_/C                               4.000000    4.964346   -0.964346 (VIOLATED)
_16807_/A2                              4.000000    4.964346   -0.964346 (VIOLATED)
_16847_/C                               4.000000    4.964346   -0.964346 (VIOLATED)
_16848_/A2                              4.000000    4.964346   -0.964346 (VIOLATED)
_16867_/C                               4.000000    4.964346   -0.964346 (VIOLATED)
_16868_/A2                              4.000000    4.964346   -0.964346 (VIOLATED)
_16887_/A2                              4.000000    4.964346   -0.964346 (VIOLATED)
_16906_/A2                              4.000000    4.964346   -0.964346 (VIOLATED)
_16927_/C                               4.000000    4.964346   -0.964346 (VIOLATED)
_16928_/A2                              4.000000    4.964346   -0.964346 (VIOLATED)
_16946_/A2                              4.000000    4.964346   -0.964346 (VIOLATED)
_15728_/ZN                              4.000000    4.535430   -0.535430 (VIOLATED)
_15730_/A1                              4.000000    4.535430   -0.535430 (VIOLATED)
_15734_/S                               4.000000    4.535430   -0.535430 (VIOLATED)
_15739_/S                               4.000000    4.535430   -0.535430 (VIOLATED)
_15744_/S                               4.000000    4.535430   -0.535430 (VIOLATED)
_15749_/S                               4.000000    4.535430   -0.535430 (VIOLATED)
_15754_/S                               4.000000    4.535430   -0.535430 (VIOLATED)
_15759_/S                               4.000000    4.535430   -0.535430 (VIOLATED)
_15764_/S                               4.000000    4.535430   -0.535430 (VIOLATED)
_15770_/S                               4.000000    4.535430   -0.535430 (VIOLATED)
_15774_/S                               4.000000    4.535430   -0.535430 (VIOLATED)
_15778_/S                               4.000000    4.535430   -0.535430 (VIOLATED)
_15782_/S                               4.000000    4.535430   -0.535430 (VIOLATED)
_15786_/S                               4.000000    4.535430   -0.535430 (VIOLATED)
_15790_/S                               4.000000    4.535430   -0.535430 (VIOLATED)
_15794_/S                               4.000000    4.535430   -0.535430 (VIOLATED)
_15798_/S                               4.000000    4.535430   -0.535430 (VIOLATED)
_15802_/S                               4.000000    4.535430   -0.535430 (VIOLATED)
_16198_/S                               4.000000    4.535430   -0.535430 (VIOLATED)
_16203_/S                               4.000000    4.535430   -0.535430 (VIOLATED)
_16208_/S                               4.000000    4.535430   -0.535430 (VIOLATED)
_16213_/S                               4.000000    4.535430   -0.535430 (VIOLATED)
_16218_/S                               4.000000    4.535430   -0.535430 (VIOLATED)
_16223_/S                               4.000000    4.535430   -0.535430 (VIOLATED)
_16228_/S                               4.000000    4.535430   -0.535430 (VIOLATED)
_16234_/S                               4.000000    4.535430   -0.535430 (VIOLATED)
_16238_/S                               4.000000    4.535430   -0.535430 (VIOLATED)
_16242_/S                               4.000000    4.535430   -0.535430 (VIOLATED)
_16246_/S                               4.000000    4.535430   -0.535430 (VIOLATED)
_16250_/S                               4.000000    4.535430   -0.535430 (VIOLATED)
_16254_/S                               4.000000    4.535430   -0.535430 (VIOLATED)
_16258_/S                               4.000000    4.535430   -0.535430 (VIOLATED)
_16262_/S                               4.000000    4.535430   -0.535430 (VIOLATED)
_16266_/S                               4.000000    4.535430   -0.535430 (VIOLATED)
_10000_/ZN                              4.000000    4.458398   -0.458398 (VIOLATED)
_10110_/C                               4.000000    4.458398   -0.458398 (VIOLATED)
_10222_/C                               4.000000    4.458398   -0.458398 (VIOLATED)
_10223_/A2                              4.000000    4.458398   -0.458398 (VIOLATED)
_10248_/C                               4.000000    4.458398   -0.458398 (VIOLATED)
_10249_/A2                              4.000000    4.458398   -0.458398 (VIOLATED)
_10273_/A2                              4.000000    4.458398   -0.458398 (VIOLATED)
_10298_/A2                              4.000000    4.458398   -0.458398 (VIOLATED)
_10323_/A2                              4.000000    4.458398   -0.458398 (VIOLATED)
_10372_/B                               4.000000    4.458398   -0.458398 (VIOLATED)
_10373_/A2                              4.000000    4.458398   -0.458398 (VIOLATED)
_10397_/A2                              4.000000    4.458398   -0.458398 (VIOLATED)
_10422_/A2                              4.000000    4.458398   -0.458398 (VIOLATED)
_16743_/C                               4.000000    4.458398   -0.458398 (VIOLATED)
_16810_/A2                              4.000000    4.458398   -0.458398 (VIOLATED)
_16829_/B                               4.000000    4.458398   -0.458398 (VIOLATED)
_16830_/A2                              4.000000    4.458398   -0.458398 (VIOLATED)
_16851_/A2                              4.000000    4.458398   -0.458398 (VIOLATED)
_16871_/A2                              4.000000    4.458398   -0.458398 (VIOLATED)
_16889_/C                               4.000000    4.458398   -0.458398 (VIOLATED)
_16890_/A2                              4.000000    4.458398   -0.458398 (VIOLATED)
_16910_/A2                              4.000000    4.458398   -0.458398 (VIOLATED)
_16931_/A2                              4.000000    4.458398   -0.458398 (VIOLATED)
_16950_/A2                              4.000000    4.458398   -0.458398 (VIOLATED)
_09054_/ZN                              4.000000    4.457789   -0.457789 (VIOLATED)
_09985_/A2                              4.000000    4.457789   -0.457789 (VIOLATED)
_09999_/A2                              4.000000    4.457789   -0.457789 (VIOLATED)
_10047_/A1                              4.000000    4.457789   -0.457789 (VIOLATED)
_10095_/A1                              4.000000    4.457789   -0.457789 (VIOLATED)
_10103_/A1                              4.000000    4.457789   -0.457789 (VIOLATED)
_10123_/A1                              4.000000    4.457789   -0.457789 (VIOLATED)
_10127_/A1                              4.000000    4.457789   -0.457789 (VIOLATED)
_10158_/A1                              4.000000    4.457789   -0.457789 (VIOLATED)
_10185_/A1                              4.000000    4.457789   -0.457789 (VIOLATED)
_10241_/A1                              4.000000    4.457789   -0.457789 (VIOLATED)
_10282_/A1                              4.000000    4.457789   -0.457789 (VIOLATED)
_10286_/A1                              4.000000    4.457789   -0.457789 (VIOLATED)
_10307_/A1                              4.000000    4.457789   -0.457789 (VIOLATED)
_10311_/A1                              4.000000    4.457789   -0.457789 (VIOLATED)
_10333_/A1                              4.000000    4.457789   -0.457789 (VIOLATED)
_10358_/A1                              4.000000    4.457789   -0.457789 (VIOLATED)
_10362_/A1                              4.000000    4.457789   -0.457789 (VIOLATED)
_10406_/A1                              4.000000    4.457789   -0.457789 (VIOLATED)
_10556_/A1                              4.000000    4.457789   -0.457789 (VIOLATED)
_15128_/S                               4.000000    4.457789   -0.457789 (VIOLATED)
_16623_/A1                              4.000000    4.457789   -0.457789 (VIOLATED)
_16627_/A1                              4.000000    4.457789   -0.457789 (VIOLATED)
_16664_/A1                              4.000000    4.457789   -0.457789 (VIOLATED)
_16668_/A1                              4.000000    4.457789   -0.457789 (VIOLATED)
_16687_/A1                              4.000000    4.457789   -0.457789 (VIOLATED)
_16691_/A1                              4.000000    4.457789   -0.457789 (VIOLATED)
_16714_/A1                              4.000000    4.457789   -0.457789 (VIOLATED)
_16736_/A1                              4.000000    4.457789   -0.457789 (VIOLATED)
_16751_/A1                              4.000000    4.457789   -0.457789 (VIOLATED)
_16779_/A1                              4.000000    4.457789   -0.457789 (VIOLATED)
_16793_/A1                              4.000000    4.457789   -0.457789 (VIOLATED)
_16797_/A1                              4.000000    4.457789   -0.457789 (VIOLATED)
_16802_/A1                              4.000000    4.457789   -0.457789 (VIOLATED)
_16815_/A1                              4.000000    4.457789   -0.457789 (VIOLATED)
_16819_/A1                              4.000000    4.457789   -0.457789 (VIOLATED)
_16835_/A1                              4.000000    4.457789   -0.457789 (VIOLATED)
_16839_/A1                              4.000000    4.457789   -0.457789 (VIOLATED)
_16855_/A1                              4.000000    4.457789   -0.457789 (VIOLATED)
_16859_/A1                              4.000000    4.457789   -0.457789 (VIOLATED)
_16882_/A1                              4.000000    4.457789   -0.457789 (VIOLATED)
_16901_/A1                              4.000000    4.457789   -0.457789 (VIOLATED)
_16914_/A1                              4.000000    4.457789   -0.457789 (VIOLATED)
_16918_/A1                              4.000000    4.457789   -0.457789 (VIOLATED)
_16923_/A1                              4.000000    4.457789   -0.457789 (VIOLATED)
_16936_/A1                              4.000000    4.457789   -0.457789 (VIOLATED)
_10001_/ZN                              4.000000    4.392304   -0.392304 (VIOLATED)
_10020_/B                               4.000000    4.392304   -0.392304 (VIOLATED)
_10022_/A2                              4.000000    4.392304   -0.392304 (VIOLATED)
_10054_/C                               4.000000    4.392304   -0.392304 (VIOLATED)
_10055_/A2                              4.000000    4.392304   -0.392304 (VIOLATED)
_10082_/B                               4.000000    4.392304   -0.392304 (VIOLATED)
_10083_/A2                              4.000000    4.392304   -0.392304 (VIOLATED)
_10111_/A2                              4.000000    4.392304   -0.392304 (VIOLATED)
_10138_/B                               4.000000    4.392304   -0.392304 (VIOLATED)
_10139_/A2                              4.000000    4.392304   -0.392304 (VIOLATED)
_10165_/B                               4.000000    4.392304   -0.392304 (VIOLATED)
_10166_/A2                              4.000000    4.392304   -0.392304 (VIOLATED)
_10192_/B                               4.000000    4.392304   -0.392304 (VIOLATED)
_10193_/A2                              4.000000    4.392304   -0.392304 (VIOLATED)
_10271_/B                               4.000000    4.392304   -0.392304 (VIOLATED)
_10296_/B                               4.000000    4.392304   -0.392304 (VIOLATED)
_10321_/B                               4.000000    4.392304   -0.392304 (VIOLATED)
_10346_/C                               4.000000    4.392304   -0.392304 (VIOLATED)
_10347_/A2                              4.000000    4.392304   -0.392304 (VIOLATED)
_10395_/B                               4.000000    4.392304   -0.392304 (VIOLATED)
_10420_/B                               4.000000    4.392304   -0.392304 (VIOLATED)
_16637_/A1                              4.000000    4.392304   -0.392304 (VIOLATED)
_16638_/A2                              4.000000    4.392304   -0.392304 (VIOLATED)
_16657_/B                               4.000000    4.392304   -0.392304 (VIOLATED)
_16658_/A2                              4.000000    4.392304   -0.392304 (VIOLATED)
_16679_/B                               4.000000    4.392304   -0.392304 (VIOLATED)
_16680_/A2                              4.000000    4.392304   -0.392304 (VIOLATED)
_16700_/A1                              4.000000    4.392304   -0.392304 (VIOLATED)
_16701_/A2                              4.000000    4.392304   -0.392304 (VIOLATED)
_16722_/A1                              4.000000    4.392304   -0.392304 (VIOLATED)
_16723_/A2                              4.000000    4.392304   -0.392304 (VIOLATED)
_16744_/A2                              4.000000    4.392304   -0.392304 (VIOLATED)
_16764_/C                               4.000000    4.392304   -0.392304 (VIOLATED)
_16765_/A2                              4.000000    4.392304   -0.392304 (VIOLATED)
_16786_/C                               4.000000    4.392304   -0.392304 (VIOLATED)
_16787_/A2                              4.000000    4.392304   -0.392304 (VIOLATED)
_16808_/B                               4.000000    4.392304   -0.392304 (VIOLATED)
_16849_/B                               4.000000    4.392304   -0.392304 (VIOLATED)
_16869_/B                               4.000000    4.392304   -0.392304 (VIOLATED)
_16908_/C                               4.000000    4.392304   -0.392304 (VIOLATED)
_16929_/B                               4.000000    4.392304   -0.392304 (VIOLATED)
_16949_/C                               4.000000    4.392304   -0.392304 (VIOLATED)
_14090_/ZN                              4.000000    4.301789   -0.301789 (VIOLATED)
_14091_/A2                              4.000000    4.301789   -0.301789 (VIOLATED)
_09995_/ZN                              4.000000    4.299124   -0.299124 (VIOLATED)
_09996_/A3                              4.000000    4.299124   -0.299124 (VIOLATED)
_15138_/A1                              4.000000    4.299124   -0.299124 (VIOLATED)
_15186_/B                               4.000000    4.299124   -0.299124 (VIOLATED)
_15188_/S                               4.000000    4.299124   -0.299124 (VIOLATED)
_15189_/S                               4.000000    4.299124   -0.299124 (VIOLATED)
_15190_/S                               4.000000    4.299124   -0.299124 (VIOLATED)
_15191_/S                               4.000000    4.299124   -0.299124 (VIOLATED)
_15192_/S                               4.000000    4.299124   -0.299124 (VIOLATED)
_15193_/S                               4.000000    4.299124   -0.299124 (VIOLATED)
_15194_/S                               4.000000    4.299124   -0.299124 (VIOLATED)
_15195_/S                               4.000000    4.299124   -0.299124 (VIOLATED)
_15196_/S                               4.000000    4.299124   -0.299124 (VIOLATED)
_15197_/S                               4.000000    4.299124   -0.299124 (VIOLATED)
_15198_/S                               4.000000    4.299124   -0.299124 (VIOLATED)
_15199_/S                               4.000000    4.299124   -0.299124 (VIOLATED)
_15200_/S                               4.000000    4.299124   -0.299124 (VIOLATED)
_15201_/S                               4.000000    4.299124   -0.299124 (VIOLATED)
_15202_/S                               4.000000    4.299124   -0.299124 (VIOLATED)
_15203_/S                               4.000000    4.299124   -0.299124 (VIOLATED)
_15204_/A2                              4.000000    4.299124   -0.299124 (VIOLATED)
_15205_/A2                              4.000000    4.299124   -0.299124 (VIOLATED)
_15206_/S                               4.000000    4.299124   -0.299124 (VIOLATED)
_15207_/S                               4.000000    4.299124   -0.299124 (VIOLATED)
_15208_/S                               4.000000    4.299124   -0.299124 (VIOLATED)
_15209_/S                               4.000000    4.299124   -0.299124 (VIOLATED)
_15210_/S                               4.000000    4.299124   -0.299124 (VIOLATED)
_15213_/A2                              4.000000    4.299124   -0.299124 (VIOLATED)
_10609_/Z                               4.000000    4.250364   -0.250364 (VIOLATED)
_10611_/A2                              4.000000    4.250364   -0.250364 (VIOLATED)
_10612_/A2                              4.000000    4.250364   -0.250364 (VIOLATED)
_10614_/A2                              4.000000    4.250364   -0.250364 (VIOLATED)
_10616_/A2                              4.000000    4.250364   -0.250364 (VIOLATED)
_17617_/S                               4.000000    4.250364   -0.250364 (VIOLATED)
_17619_/S                               4.000000    4.250364   -0.250364 (VIOLATED)
_17633_/S                               4.000000    4.250364   -0.250364 (VIOLATED)
_17635_/A2                              4.000000    4.250364   -0.250364 (VIOLATED)
_17636_/A2                              4.000000    4.250364   -0.250364 (VIOLATED)
_17638_/A2                              4.000000    4.250364   -0.250364 (VIOLATED)
_17640_/A2                              4.000000    4.250364   -0.250364 (VIOLATED)
_17642_/A2                              4.000000    4.250364   -0.250364 (VIOLATED)
_17644_/A2                              4.000000    4.250364   -0.250364 (VIOLATED)
_17646_/A2                              4.000000    4.250364   -0.250364 (VIOLATED)
_17649_/S                               4.000000    4.250364   -0.250364 (VIOLATED)
_17651_/S                               4.000000    4.250364   -0.250364 (VIOLATED)
_17653_/S                               4.000000    4.250364   -0.250364 (VIOLATED)
_17655_/S                               4.000000    4.250364   -0.250364 (VIOLATED)
_17657_/S                               4.000000    4.250364   -0.250364 (VIOLATED)
_17659_/S                               4.000000    4.250364   -0.250364 (VIOLATED)
_17661_/S                               4.000000    4.250364   -0.250364 (VIOLATED)
_17663_/S                               4.000000    4.250364   -0.250364 (VIOLATED)
_17665_/S                               4.000000    4.250364   -0.250364 (VIOLATED)
_17667_/A2                              4.000000    4.250364   -0.250364 (VIOLATED)
_17668_/A2                              4.000000    4.250364   -0.250364 (VIOLATED)
_17670_/A2                              4.000000    4.250364   -0.250364 (VIOLATED)
_17672_/A2                              4.000000    4.250364   -0.250364 (VIOLATED)
_17674_/A2                              4.000000    4.250364   -0.250364 (VIOLATED)
_17676_/A2                              4.000000    4.250364   -0.250364 (VIOLATED)
_17678_/A2                              4.000000    4.250364   -0.250364 (VIOLATED)
_17681_/S                               4.000000    4.250364   -0.250364 (VIOLATED)
_17683_/S                               4.000000    4.250364   -0.250364 (VIOLATED)
_17697_/S                               4.000000    4.250364   -0.250364 (VIOLATED)
_17699_/A2                              4.000000    4.250364   -0.250364 (VIOLATED)
_17700_/A2                              4.000000    4.250364   -0.250364 (VIOLATED)
_17702_/A2                              4.000000    4.250364   -0.250364 (VIOLATED)
_17704_/A2                              4.000000    4.250364   -0.250364 (VIOLATED)
_17706_/A2                              4.000000    4.250364   -0.250364 (VIOLATED)
_17708_/A2                              4.000000    4.250364   -0.250364 (VIOLATED)
_17710_/A2                              4.000000    4.250364   -0.250364 (VIOLATED)
_17713_/S                               4.000000    4.250364   -0.250364 (VIOLATED)
_17715_/S                               4.000000    4.250364   -0.250364 (VIOLATED)
_17717_/S                               4.000000    4.250364   -0.250364 (VIOLATED)
_17719_/S                               4.000000    4.250364   -0.250364 (VIOLATED)
_17721_/S                               4.000000    4.250364   -0.250364 (VIOLATED)
_17723_/S                               4.000000    4.250364   -0.250364 (VIOLATED)
_17725_/S                               4.000000    4.250364   -0.250364 (VIOLATED)
_17727_/S                               4.000000    4.250364   -0.250364 (VIOLATED)
_17729_/S                               4.000000    4.250364   -0.250364 (VIOLATED)
_17731_/A2                              4.000000    4.250364   -0.250364 (VIOLATED)
_17733_/A2                              4.000000    4.250364   -0.250364 (VIOLATED)
_17735_/A2                              4.000000    4.250364   -0.250364 (VIOLATED)
_14097_/ZN                              4.000000    4.169664   -0.169664 (VIOLATED)
_14098_/B2                              4.000000    4.169664   -0.169664 (VIOLATED)
_14100_/B1                              4.000000    4.169664   -0.169664 (VIOLATED)
_10789_/Z                               4.000000    4.105592   -0.105592 (VIOLATED)
_10797_/A2                              4.000000    4.105592   -0.105592 (VIOLATED)
_10802_/A2                              4.000000    4.105592   -0.105592 (VIOLATED)
_10811_/A2                              4.000000    4.105592   -0.105592 (VIOLATED)
_10827_/A2                              4.000000    4.105592   -0.105592 (VIOLATED)
_10828_/A2                              4.000000    4.105592   -0.105592 (VIOLATED)
_10829_/A2                              4.000000    4.105592   -0.105592 (VIOLATED)
_10844_/A2                              4.000000    4.105592   -0.105592 (VIOLATED)
_10847_/A2                              4.000000    4.105592   -0.105592 (VIOLATED)
_10857_/A2                              4.000000    4.105592   -0.105592 (VIOLATED)
_10862_/A2                              4.000000    4.105592   -0.105592 (VIOLATED)
_10873_/A2                              4.000000    4.105592   -0.105592 (VIOLATED)
_10875_/B1                              4.000000    4.105592   -0.105592 (VIOLATED)
_10878_/A2                              4.000000    4.105592   -0.105592 (VIOLATED)
_10889_/A2                              4.000000    4.105592   -0.105592 (VIOLATED)
_10890_/A2                              4.000000    4.105592   -0.105592 (VIOLATED)
_10893_/A2                              4.000000    4.105592   -0.105592 (VIOLATED)
_10905_/A2                              4.000000    4.105592   -0.105592 (VIOLATED)
_10906_/A2                              4.000000    4.105592   -0.105592 (VIOLATED)
_10910_/A2                              4.000000    4.105592   -0.105592 (VIOLATED)
_10919_/A2                              4.000000    4.105592   -0.105592 (VIOLATED)
_10924_/A2                              4.000000    4.105592   -0.105592 (VIOLATED)
_10935_/A2                              4.000000    4.105592   -0.105592 (VIOLATED)
_10947_/A2                              4.000000    4.105592   -0.105592 (VIOLATED)
_10961_/A2                              4.000000    4.105592   -0.105592 (VIOLATED)
_10971_/A2                              4.000000    4.105592   -0.105592 (VIOLATED)
_10979_/A2                              4.000000    4.105592   -0.105592 (VIOLATED)
_10988_/A2                              4.000000    4.105592   -0.105592 (VIOLATED)
_11003_/A2                              4.000000    4.105592   -0.105592 (VIOLATED)
_11016_/A2                              4.000000    4.105592   -0.105592 (VIOLATED)
_11033_/A2                              4.000000    4.105592   -0.105592 (VIOLATED)
_11036_/A2                              4.000000    4.105592   -0.105592 (VIOLATED)
_11045_/A2                              4.000000    4.105592   -0.105592 (VIOLATED)
_11047_/A2                              4.000000    4.105592   -0.105592 (VIOLATED)
_11050_/A2                              4.000000    4.105592   -0.105592 (VIOLATED)
_11061_/A2                              4.000000    4.105592   -0.105592 (VIOLATED)
_11077_/A2                              4.000000    4.105592   -0.105592 (VIOLATED)
_11093_/A2                              4.000000    4.105592   -0.105592 (VIOLATED)
_11094_/A2                              4.000000    4.105592   -0.105592 (VIOLATED)
_11108_/A2                              4.000000    4.105592   -0.105592 (VIOLATED)
_11112_/A2                              4.000000    4.105592   -0.105592 (VIOLATED)
_11121_/A2                              4.000000    4.105592   -0.105592 (VIOLATED)
_11123_/A2                              4.000000    4.105592   -0.105592 (VIOLATED)
_11137_/A2                              4.000000    4.105592   -0.105592 (VIOLATED)
_11142_/A2                              4.000000    4.105592   -0.105592 (VIOLATED)
_11154_/A2                              4.000000    4.105592   -0.105592 (VIOLATED)
_11158_/A2                              4.000000    4.105592   -0.105592 (VIOLATED)
_11168_/A2                              4.000000    4.105592   -0.105592 (VIOLATED)
_11171_/A2                              4.000000    4.105592   -0.105592 (VIOLATED)
_11180_/A2                              4.000000    4.105592   -0.105592 (VIOLATED)
_11193_/A2                              4.000000    4.105592   -0.105592 (VIOLATED)
_11196_/A2                              4.000000    4.105592   -0.105592 (VIOLATED)
_11210_/A2                              4.000000    4.105592   -0.105592 (VIOLATED)
_11213_/A2                              4.000000    4.105592   -0.105592 (VIOLATED)
_11220_/A2                              4.000000    4.105592   -0.105592 (VIOLATED)
_11228_/A2                              4.000000    4.105592   -0.105592 (VIOLATED)
_11235_/A2                              4.000000    4.105592   -0.105592 (VIOLATED)
_11238_/A2                              4.000000    4.105592   -0.105592 (VIOLATED)
_11251_/A2                              4.000000    4.105592   -0.105592 (VIOLATED)
_11254_/A2                              4.000000    4.105592   -0.105592 (VIOLATED)
_11283_/Z                               4.000000    4.100645   -0.100645 (VIOLATED)
_11292_/C                               4.000000    4.100645   -0.100645 (VIOLATED)
_11410_/S1                              4.000000    4.100645   -0.100645 (VIOLATED)
_11412_/A2                              4.000000    4.100645   -0.100645 (VIOLATED)
_11413_/A1                              4.000000    4.100645   -0.100645 (VIOLATED)
_11434_/C                               4.000000    4.100645   -0.100645 (VIOLATED)
_11453_/S0                              4.000000    4.100645   -0.100645 (VIOLATED)
_11471_/S1                              4.000000    4.100645   -0.100645 (VIOLATED)
_11473_/B                               4.000000    4.100645   -0.100645 (VIOLATED)
_11491_/S1                              4.000000    4.100645   -0.100645 (VIOLATED)
_11493_/B                               4.000000    4.100645   -0.100645 (VIOLATED)
_11511_/B                               4.000000    4.100645   -0.100645 (VIOLATED)
_11514_/S                               4.000000    4.100645   -0.100645 (VIOLATED)
_11532_/S1                              4.000000    4.100645   -0.100645 (VIOLATED)
_11556_/S0                              4.000000    4.100645   -0.100645 (VIOLATED)
_11570_/A1                              4.000000    4.100645   -0.100645 (VIOLATED)
_11590_/S1                              4.000000    4.100645   -0.100645 (VIOLATED)
_11604_/S1                              4.000000    4.100645   -0.100645 (VIOLATED)
_11606_/B                               4.000000    4.100645   -0.100645 (VIOLATED)
_11629_/S1                              4.000000    4.100645   -0.100645 (VIOLATED)
_11648_/C                               4.000000    4.100645   -0.100645 (VIOLATED)
_11666_/S1                              4.000000    4.100645   -0.100645 (VIOLATED)
_11681_/S1                              4.000000    4.100645   -0.100645 (VIOLATED)
_11683_/B                               4.000000    4.100645   -0.100645 (VIOLATED)
_11684_/A2                              4.000000    4.100645   -0.100645 (VIOLATED)
_11729_/C                               4.000000    4.100645   -0.100645 (VIOLATED)
_11749_/C                               4.000000    4.100645   -0.100645 (VIOLATED)
_11766_/S1                              4.000000    4.100645   -0.100645 (VIOLATED)
_11767_/S                               4.000000    4.100645   -0.100645 (VIOLATED)
_11784_/S1                              4.000000    4.100645   -0.100645 (VIOLATED)
_11786_/B                               4.000000    4.100645   -0.100645 (VIOLATED)
_11806_/S1                              4.000000    4.100645   -0.100645 (VIOLATED)
_11808_/B                               4.000000    4.100645   -0.100645 (VIOLATED)
_11830_/C                               4.000000    4.100645   -0.100645 (VIOLATED)
_11831_/A1                              4.000000    4.100645   -0.100645 (VIOLATED)
_11848_/S1                              4.000000    4.100645   -0.100645 (VIOLATED)
_11850_/B                               4.000000    4.100645   -0.100645 (VIOLATED)
_11871_/S0                              4.000000    4.100645   -0.100645 (VIOLATED)
_11887_/S1                              4.000000    4.100645   -0.100645 (VIOLATED)
_11906_/S1                              4.000000    4.100645   -0.100645 (VIOLATED)
_11908_/B                               4.000000    4.100645   -0.100645 (VIOLATED)
_11924_/S1                              4.000000    4.100645   -0.100645 (VIOLATED)
_11926_/B                               4.000000    4.100645   -0.100645 (VIOLATED)
_11950_/S0                              4.000000    4.100645   -0.100645 (VIOLATED)
_11966_/A1                              4.000000    4.100645   -0.100645 (VIOLATED)
_11989_/S0                              4.000000    4.100645   -0.100645 (VIOLATED)
_12003_/S1                              4.000000    4.100645   -0.100645 (VIOLATED)
_12005_/B                               4.000000    4.100645   -0.100645 (VIOLATED)
_09322_/ZN                              4.000000    4.047361   -0.047361 (VIOLATED)
_09323_/I                               4.000000    4.047361   -0.047361 (VIOLATED)
_09325_/A1                              4.000000    4.047361   -0.047361 (VIOLATED)
_09326_/A1                              4.000000    4.047361   -0.047361 (VIOLATED)
_10725_/S                               4.000000    4.047361   -0.047361 (VIOLATED)
_10726_/S                               4.000000    4.047361   -0.047361 (VIOLATED)
_10727_/S                               4.000000    4.047361   -0.047361 (VIOLATED)
_10728_/S                               4.000000    4.047361   -0.047361 (VIOLATED)
_10729_/S                               4.000000    4.047361   -0.047361 (VIOLATED)
_10730_/S                               4.000000    4.047361   -0.047361 (VIOLATED)
_10731_/S                               4.000000    4.047361   -0.047361 (VIOLATED)
_10732_/S                               4.000000    4.047361   -0.047361 (VIOLATED)
_10733_/S                               4.000000    4.047361   -0.047361 (VIOLATED)
_10734_/S                               4.000000    4.047361   -0.047361 (VIOLATED)
_10735_/S                               4.000000    4.047361   -0.047361 (VIOLATED)
_10736_/S                               4.000000    4.047361   -0.047361 (VIOLATED)
_10737_/S                               4.000000    4.047361   -0.047361 (VIOLATED)
_10738_/S                               4.000000    4.047361   -0.047361 (VIOLATED)
_10739_/S                               4.000000    4.047361   -0.047361 (VIOLATED)
_10740_/S                               4.000000    4.047361   -0.047361 (VIOLATED)
_10741_/S                               4.000000    4.047361   -0.047361 (VIOLATED)
_10742_/S                               4.000000    4.047361   -0.047361 (VIOLATED)
_10743_/S                               4.000000    4.047361   -0.047361 (VIOLATED)
_10744_/S                               4.000000    4.047361   -0.047361 (VIOLATED)
_10745_/S                               4.000000    4.047361   -0.047361 (VIOLATED)
_10746_/S                               4.000000    4.047361   -0.047361 (VIOLATED)
_10747_/S                               4.000000    4.047361   -0.047361 (VIOLATED)
_10748_/S                               4.000000    4.047361   -0.047361 (VIOLATED)
_10749_/S                               4.000000    4.047361   -0.047361 (VIOLATED)
_10750_/S                               4.000000    4.047361   -0.047361 (VIOLATED)
_10751_/S                               4.000000    4.047361   -0.047361 (VIOLATED)
_10752_/S                               4.000000    4.047361   -0.047361 (VIOLATED)
_10753_/S                               4.000000    4.047361   -0.047361 (VIOLATED)
_10754_/S                               4.000000    4.047361   -0.047361 (VIOLATED)
_10755_/S                               4.000000    4.047361   -0.047361 (VIOLATED)
_10756_/S                               4.000000    4.047361   -0.047361 (VIOLATED)
_17500_/ZN                              4.000000    4.029111   -0.029111 (VIOLATED)
_17501_/S                               4.000000    4.029111   -0.029111 (VIOLATED)
_17502_/S                               4.000000    4.029111   -0.029111 (VIOLATED)
_17503_/S                               4.000000    4.029111   -0.029111 (VIOLATED)
_17504_/S                               4.000000    4.029111   -0.029111 (VIOLATED)
_17505_/S                               4.000000    4.029111   -0.029111 (VIOLATED)
_17506_/S                               4.000000    4.029111   -0.029111 (VIOLATED)
_17507_/S                               4.000000    4.029111   -0.029111 (VIOLATED)
_17508_/S                               4.000000    4.029111   -0.029111 (VIOLATED)
_17509_/S                               4.000000    4.029111   -0.029111 (VIOLATED)
_17510_/S                               4.000000    4.029111   -0.029111 (VIOLATED)
_17511_/S                               4.000000    4.029111   -0.029111 (VIOLATED)
_17512_/S                               4.000000    4.029111   -0.029111 (VIOLATED)
_17513_/S                               4.000000    4.029111   -0.029111 (VIOLATED)
_17514_/S                               4.000000    4.029111   -0.029111 (VIOLATED)
_17515_/S                               4.000000    4.029111   -0.029111 (VIOLATED)
_17516_/S                               4.000000    4.029111   -0.029111 (VIOLATED)
_17534_/ZN                              4.000000    4.029030   -0.029030 (VIOLATED)
_17535_/S                               4.000000    4.029030   -0.029030 (VIOLATED)
_17536_/S                               4.000000    4.029030   -0.029030 (VIOLATED)
_17537_/S                               4.000000    4.029030   -0.029030 (VIOLATED)
_17538_/S                               4.000000    4.029030   -0.029030 (VIOLATED)
_17539_/S                               4.000000    4.029030   -0.029030 (VIOLATED)
_17540_/S                               4.000000    4.029030   -0.029030 (VIOLATED)
_17541_/S                               4.000000    4.029030   -0.029030 (VIOLATED)
_17542_/S                               4.000000    4.029030   -0.029030 (VIOLATED)
_17543_/S                               4.000000    4.029030   -0.029030 (VIOLATED)
_17544_/S                               4.000000    4.029030   -0.029030 (VIOLATED)
_17545_/S                               4.000000    4.029030   -0.029030 (VIOLATED)
_17546_/S                               4.000000    4.029030   -0.029030 (VIOLATED)
_17547_/S                               4.000000    4.029030   -0.029030 (VIOLATED)
_17548_/S                               4.000000    4.029030   -0.029030 (VIOLATED)
_17549_/S                               4.000000    4.029030   -0.029030 (VIOLATED)
_17550_/S                               4.000000    4.029030   -0.029030 (VIOLATED)

max capacitance

Pin                                        Limit         Cap       Slack
------------------------------------------------------------------------
_09364_/ZN                              0.189800    1.020431   -0.830631 (VIOLATED)
_11274_/ZN                              0.189800    0.919288   -0.729488 (VIOLATED)
_09320_/ZN                              0.344200    1.062999   -0.718799 (VIOLATED)
_12362_/ZN                              0.311700    0.905300   -0.593600 (VIOLATED)
_14835_/ZN                              0.189600    0.778238   -0.588638 (VIOLATED)
_10790_/ZN                              0.311700    0.896780   -0.585080 (VIOLATED)
_09985_/ZN                              0.189600    0.631087   -0.441487 (VIOLATED)
_09998_/ZN                              0.189600    0.627407   -0.437807 (VIOLATED)
_19409_/Q                               0.362800    0.799898   -0.437098 (VIOLATED)
_11272_/ZN                              0.186000    0.495516   -0.309516 (VIOLATED)
_10606_/Z                               0.361600    0.637379   -0.275779 (VIOLATED)
_11271_/ZN                              0.126700    0.367641   -0.240941 (VIOLATED)
_15896_/ZN                              0.311700    0.545231   -0.233531 (VIOLATED)
_09340_/ZN                              0.189600    0.421230   -0.231630 (VIOLATED)
_12363_/ZN                              0.189600    0.388727   -0.199127 (VIOLATED)
_11281_/ZN                              0.189600    0.385975   -0.196375 (VIOLATED)
_17199_/ZN                              0.311700    0.496331   -0.184631 (VIOLATED)
_10792_/ZN                              0.311700    0.462423   -0.150723 (VIOLATED)
_16145_/ZN                              0.126700    0.272116   -0.145416 (VIOLATED)
_15897_/ZN                              0.126800    0.266208   -0.139408 (VIOLATED)
_16008_/ZN                              0.126800    0.266208   -0.139408 (VIOLATED)
_15605_/ZN                              0.128800    0.266208   -0.137408 (VIOLATED)
_09363_/ZN                              0.189600    0.317167   -0.127567 (VIOLATED)
_10795_/ZN                              0.189800    0.315485   -0.125685 (VIOLATED)
_15683_/ZN                              0.128800    0.248532   -0.119732 (VIOLATED)
_09302_/ZN                              0.311700    0.417000   -0.105300 (VIOLATED)
_09341_/ZN                              0.311700    0.413764   -0.102064 (VIOLATED)
_10791_/ZN                              0.189600    0.284019   -0.094419 (VIOLATED)
_11273_/ZN                              0.189900    0.282470   -0.092570 (VIOLATED)
_09343_/Z                               0.361600    0.453319   -0.091719 (VIOLATED)
_15859_/ZN                              0.189600    0.272116   -0.082516 (VIOLATED)
_15603_/ZN                              0.189600    0.266208   -0.076608 (VIOLATED)
_15806_/ZN                              0.189600    0.266208   -0.076608 (VIOLATED)
_16179_/ZN                              0.189600    0.266208   -0.076608 (VIOLATED)
_17025_/ZN                              0.189600    0.266208   -0.076608 (VIOLATED)
_16041_/ZN                              0.189800    0.266208   -0.076408 (VIOLATED)
_16078_/ZN                              0.189800    0.266208   -0.076408 (VIOLATED)
_16112_/ZN                              0.189800    0.266208   -0.076408 (VIOLATED)
_15731_/ZN                              0.189900    0.266208   -0.076308 (VIOLATED)
_15810_/ZN                              0.189900    0.266208   -0.076308 (VIOLATED)
_15862_/ZN                              0.189900    0.266208   -0.076308 (VIOLATED)
_16146_/ZN                              0.189900    0.266208   -0.076308 (VIOLATED)
_10788_/ZN                              0.189900    0.263738   -0.073838 (VIOLATED)
_11400_/ZN                              0.126800    0.194470   -0.067670 (VIOLATED)
_10008_/ZN                              0.189600    0.245119   -0.055519 (VIOLATED)
_15728_/ZN                              0.229000    0.272803   -0.043803 (VIOLATED)
_10609_/Z                               0.361600    0.384368   -0.022768 (VIOLATED)
_09995_/ZN                              0.189600    0.211556   -0.021956 (VIOLATED)
_10000_/ZN                              0.128800    0.148354   -0.019554 (VIOLATED)
_15937_/ZN                              0.249800    0.266208   -0.016408 (VIOLATED)
_15973_/ZN                              0.249800    0.266208   -0.016408 (VIOLATED)
_11283_/Z                               0.361400    0.371192   -0.009792 (VIOLATED)
_10789_/Z                               0.361600    0.371271   -0.009671 (VIOLATED)
_09322_/ZN                              0.274600    0.282341   -0.007741 (VIOLATED)
_17500_/ZN                              0.128800    0.133104   -0.004304 (VIOLATED)
_17534_/ZN                              0.128800    0.133104   -0.004304 (VIOLATED)
_09250_/ZN                              0.189600    0.193844   -0.004244 (VIOLATED)



===========================================================================
report_parasitic_annotation -report_unannotated
============================================================================
Found 10957 unannotated drivers.
 VDD
 VSS
 clk
 din[0]
 din[1]
 din[2]
 din[3]
 din[4]
 din[5]
 din[6]
 din[7]
 din_valid_i
 dout_ready_i
 rst_n
 _08850_/ZN
 _08851_/ZN
 _08852_/ZN
 _08853_/ZN
 _08854_/ZN
 _08855_/ZN
 _08856_/ZN
 _08857_/ZN
 _08858_/ZN
 _08859_/ZN
 _08860_/ZN
 _08861_/ZN
 _08862_/ZN
 _08863_/ZN
 _08864_/ZN
 _08865_/ZN
 _08866_/ZN
 _08867_/ZN
 _08868_/ZN
 _08869_/ZN
 _08870_/ZN
 _08871_/ZN
 _08872_/ZN
 _08873_/ZN
 _08874_/ZN
 _08875_/ZN
 _08876_/ZN
 _08877_/ZN
 _08878_/ZN
 _08879_/ZN
 _08880_/ZN
 _08881_/ZN
 _08882_/ZN
 _08883_/ZN
 _08884_/ZN
 _08885_/ZN
 _08886_/ZN
 _08887_/ZN
 _08888_/ZN
 _08889_/ZN
 _08890_/ZN
 _08891_/ZN
 _08892_/ZN
 _08893_/ZN
 _08894_/ZN
 _08895_/ZN
 _08896_/ZN
 _08897_/ZN
 _08898_/ZN
 _08899_/ZN
 _08900_/ZN
 _08901_/ZN
 _08902_/ZN
 _08903_/ZN
 _08904_/ZN
 _08905_/ZN
 _08906_/ZN
 _08907_/ZN
 _08908_/ZN
 _08909_/ZN
 _08910_/ZN
 _08911_/ZN
 _08912_/ZN
 _08913_/ZN
 _08914_/ZN
 _08915_/ZN
 _08916_/ZN
 _08917_/ZN
 _08918_/ZN
 _08919_/ZN
 _08920_/ZN
 _08921_/ZN
 _08922_/ZN
 _08923_/ZN
 _08924_/ZN
 _08925_/ZN
 _08926_/ZN
 _08927_/ZN
 _08928_/ZN
 _08929_/ZN
 _08930_/ZN
 _08931_/ZN
 _08932_/ZN
 _08933_/ZN
 _08934_/ZN
 _08935_/ZN
 _08936_/ZN
 _08937_/ZN
 _08938_/ZN
 _08939_/ZN
 _08940_/ZN
 _08941_/ZN
 _08942_/ZN
 _08943_/ZN
 _08944_/ZN
 _08945_/ZN
 _08946_/ZN
 _08947_/ZN
 _08948_/ZN
 _08949_/ZN
 _08950_/ZN
 _08951_/ZN
 _08952_/ZN
 _08953_/ZN
 _08954_/ZN
 _08955_/ZN
 _08956_/ZN
 _08957_/ZN
 _08958_/ZN
 _08959_/ZN
 _08960_/ZN
 _08961_/ZN
 _08962_/ZN
 _08963_/ZN
 _08964_/ZN
 _08965_/ZN
 _08966_/ZN
 _08967_/ZN
 _08968_/ZN
 _08969_/ZN
 _08970_/ZN
 _08971_/ZN
 _08972_/ZN
 _08973_/ZN
 _08974_/ZN
 _08975_/ZN
 _08976_/ZN
 _08977_/ZN
 _08978_/ZN
 _08979_/ZN
 _08980_/ZN
 _08981_/ZN
 _08982_/ZN
 _08983_/ZN
 _08984_/ZN
 _08985_/ZN
 _08986_/ZN
 _08987_/ZN
 _08988_/ZN
 _08989_/ZN
 _08990_/ZN
 _08991_/ZN
 _08992_/ZN
 _08993_/ZN
 _08994_/ZN
 _08995_/ZN
 _08996_/ZN
 _08997_/ZN
 _08998_/ZN
 _08999_/ZN
 _09000_/ZN
 _09001_/ZN
 _09002_/ZN
 _09003_/ZN
 _09004_/ZN
 _09005_/ZN
 _09006_/ZN
 _09007_/ZN
 _09008_/ZN
 _09009_/ZN
 _09010_/ZN
 _09011_/ZN
 _09012_/ZN
 _09013_/ZN
 _09014_/ZN
 _09015_/ZN
 _09016_/ZN
 _09017_/ZN
 _09018_/ZN
 _09019_/ZN
 _09020_/ZN
 _09021_/ZN
 _09022_/ZN
 _09023_/ZN
 _09024_/ZN
 _09025_/ZN
 _09026_/ZN
 _09027_/ZN
 _09028_/ZN
 _09029_/ZN
 _09030_/ZN
 _09031_/ZN
 _09032_/ZN
 _09033_/ZN
 _09034_/ZN
 _09035_/ZN
 _09036_/ZN
 _09037_/ZN
 _09038_/ZN
 _09039_/ZN
 _09040_/ZN
 _09041_/ZN
 _09042_/ZN
 _09043_/ZN
 _09044_/ZN
 _09045_/ZN
 _09046_/ZN
 _09047_/ZN
 _09048_/ZN
 _09049_/ZN
 _09050_/ZN
 _09051_/ZN
 _09052_/ZN
 _09053_/ZN
 _09054_/ZN
 _09055_/ZN
 _09056_/ZN
 _09057_/ZN
 _09058_/ZN
 _09059_/ZN
 _09060_/ZN
 _09061_/ZN
 _09062_/ZN
 _09063_/ZN
 _09064_/ZN
 _09065_/ZN
 _09066_/ZN
 _09067_/ZN
 _09068_/ZN
 _09069_/ZN
 _09070_/ZN
 _09071_/ZN
 _09072_/ZN
 _09073_/ZN
 _09074_/ZN
 _09075_/ZN
 _09076_/ZN
 _09077_/ZN
 _09078_/ZN
 _09079_/ZN
 _09080_/ZN
 _09081_/ZN
 _09082_/ZN
 _09083_/ZN
 _09084_/ZN
 _09085_/ZN
 _09086_/ZN
 _09087_/ZN
 _09088_/ZN
 _09089_/ZN
 _09090_/ZN
 _09091_/ZN
 _09092_/ZN
 _09093_/ZN
 _09094_/ZN
 _09095_/ZN
 _09096_/ZN
 _09097_/ZN
 _09098_/ZN
 _09099_/ZN
 _09100_/ZN
 _09101_/ZN
 _09102_/ZN
 _09103_/ZN
 _09104_/ZN
 _09105_/ZN
 _09106_/ZN
 _09107_/ZN
 _09108_/ZN
 _09109_/ZN
 _09110_/ZN
 _09111_/ZN
 _09112_/ZN
 _09113_/ZN
 _09114_/ZN
 _09115_/ZN
 _09116_/ZN
 _09117_/ZN
 _09118_/ZN
 _09119_/ZN
 _09120_/ZN
 _09121_/ZN
 _09122_/ZN
 _09123_/ZN
 _09124_/ZN
 _09125_/ZN
 _09126_/ZN
 _09127_/ZN
 _09128_/ZN
 _09129_/ZN
 _09130_/ZN
 _09131_/ZN
 _09132_/ZN
 _09133_/ZN
 _09134_/ZN
 _09135_/ZN
 _09136_/ZN
 _09137_/ZN
 _09138_/ZN
 _09139_/ZN
 _09140_/ZN
 _09141_/ZN
 _09142_/ZN
 _09143_/ZN
 _09144_/ZN
 _09145_/ZN
 _09146_/ZN
 _09147_/ZN
 _09148_/ZN
 _09149_/ZN
 _09150_/ZN
 _09151_/ZN
 _09152_/ZN
 _09153_/ZN
 _09154_/ZN
 _09155_/ZN
 _09156_/ZN
 _09157_/ZN
 _09158_/ZN
 _09159_/ZN
 _09160_/ZN
 _09161_/ZN
 _09162_/ZN
 _09163_/ZN
 _09164_/ZN
 _09165_/ZN
 _09166_/ZN
 _09167_/ZN
 _09168_/ZN
 _09169_/ZN
 _09170_/ZN
 _09171_/ZN
 _09172_/ZN
 _09173_/ZN
 _09174_/ZN
 _09175_/ZN
 _09176_/ZN
 _09177_/ZN
 _09178_/ZN
 _09179_/Z
 _09180_/ZN
 _09181_/Z
 _09182_/ZN
 _09183_/ZN
 _09184_/ZN
 _09185_/ZN
 _09186_/ZN
 _09187_/ZN
 _09188_/ZN
 _09189_/ZN
 _09190_/ZN
 _09191_/ZN
 _09192_/ZN
 _09193_/ZN
 _09194_/ZN
 _09195_/ZN
 _09196_/ZN
 _09197_/ZN
 _09198_/ZN
 _09199_/Z
 _09200_/ZN
 _09201_/ZN
 _09202_/ZN
 _09203_/Z
 _09204_/ZN
 _09205_/Z
 _09206_/ZN
 _09207_/ZN
 _09208_/ZN
 _09209_/ZN
 _09210_/ZN
 _09211_/ZN
 _09212_/ZN
 _09213_/ZN
 _09214_/ZN
 _09215_/ZN
 _09216_/ZN
 _09217_/ZN
 _09218_/ZN
 _09219_/ZN
 _09220_/ZN
 _09221_/ZN
 _09222_/ZN
 _09223_/ZN
 _09224_/ZN
 _09225_/ZN
 _09226_/ZN
 _09227_/Z
 _09228_/ZN
 _09229_/ZN
 _09230_/ZN
 _09231_/ZN
 _09232_/ZN
 _09233_/ZN
 _09234_/ZN
 _09235_/ZN
 _09236_/ZN
 _09237_/ZN
 _09238_/Z
 _09239_/ZN
 _09240_/Z
 _09241_/ZN
 _09242_/Z
 _09243_/ZN
 _09244_/ZN
 _09245_/Z
 _09246_/ZN
 _09247_/ZN
 _09248_/ZN
 _09249_/ZN
 _09250_/ZN
 _09251_/Z
 _09252_/ZN
 _09253_/Z
 _09254_/Z
 _09255_/ZN
 _09256_/ZN
 _09257_/ZN
 _09258_/ZN
 _09259_/ZN
 _09260_/ZN
 _09261_/ZN
 _09262_/ZN
 _09263_/ZN
 _09264_/ZN
 _09265_/ZN
 _09266_/ZN
 _09267_/ZN
 _09268_/ZN
 _09269_/ZN
 _09270_/ZN
 _09271_/ZN
 _09272_/ZN
 _09273_/ZN
 _09274_/ZN
 _09275_/Z
 _09276_/ZN
 _09277_/ZN
 _09278_/ZN
 _09279_/ZN
 _09280_/ZN
 _09281_/ZN
 _09282_/ZN
 _09283_/ZN
 _09284_/ZN
 _09285_/ZN
 _09286_/ZN
 _09287_/ZN
 _09288_/ZN
 _09289_/ZN
 _09290_/ZN
 _09291_/Z
 _09292_/ZN
 _09293_/ZN
 _09294_/ZN
 _09295_/ZN
 _09296_/ZN
 _09297_/ZN
 _09298_/Z
 _09299_/ZN
 _09300_/ZN
 _09301_/Z
 _09302_/ZN
 _09303_/ZN
 _09304_/ZN
 _09305_/ZN
 _09306_/ZN
 _09307_/ZN
 _09308_/ZN
 _09309_/ZN
 _09310_/ZN
 _09311_/Z
 _09312_/ZN
 _09313_/ZN
 _09314_/ZN
 _09315_/ZN
 _09316_/Z
 _09317_/ZN
 _09318_/ZN
 _09319_/ZN
 _09320_/ZN
 _09321_/ZN
 _09322_/ZN
 _09323_/ZN
 _09324_/ZN
 _09325_/Z
 _09326_/ZN
 _09327_/ZN
 _09328_/Z
 _09329_/ZN
 _09330_/ZN
 _09331_/ZN
 _09332_/Z
 _09333_/ZN
 _09334_/ZN
 _09335_/ZN
 _09336_/ZN
 _09337_/ZN
 _09338_/Z
 _09339_/ZN
 _09340_/ZN
 _09341_/ZN
 _09342_/ZN
 _09343_/Z
 _09344_/ZN
 _09345_/ZN
 _09346_/ZN
 _09347_/ZN
 _09348_/ZN
 _09349_/ZN
 _09350_/ZN
 _09351_/ZN
 _09352_/ZN
 _09353_/ZN
 _09354_/ZN
 _09355_/Z
 _09356_/ZN
 _09357_/ZN
 _09358_/ZN
 _09359_/ZN
 _09360_/Z
 _09361_/ZN
 _09362_/ZN
 _09363_/ZN
 _09364_/ZN
 _09365_/ZN
 _09366_/ZN
 _09367_/ZN
 _09368_/ZN
 _09369_/ZN
 _09370_/ZN
 _09371_/Z
 _09372_/ZN
 _09373_/ZN
 _09374_/ZN
 _09375_/ZN
 _09376_/ZN
 _09377_/ZN
 _09378_/ZN
 _09379_/ZN
 _09380_/ZN
 _09381_/ZN
 _09382_/ZN
 _09383_/ZN
 _09384_/ZN
 _09385_/ZN
 _09386_/ZN
 _09387_/ZN
 _09388_/ZN
 _09389_/ZN
 _09390_/ZN
 _09391_/Z
 _09392_/ZN
 _09393_/Z
 _09394_/ZN
 _09395_/ZN
 _09396_/ZN
 _09397_/ZN
 _09398_/Z
 _09399_/ZN
 _09400_/ZN
 _09401_/ZN
 _09402_/ZN
 _09403_/ZN
 _09404_/ZN
 _09405_/ZN
 _09406_/ZN
 _09407_/ZN
 _09408_/ZN
 _09409_/ZN
 _09410_/ZN
 _09411_/ZN
 _09412_/ZN
 _09413_/ZN
 _09414_/ZN
 _09415_/ZN
 _09416_/ZN
 _09417_/Z
 _09418_/ZN
 _09419_/ZN
 _09420_/ZN
 _09421_/Z
 _09422_/ZN
 _09423_/Z
 _09424_/ZN
 _09425_/ZN
 _09426_/ZN
 _09427_/ZN
 _09428_/ZN
 _09429_/ZN
 _09430_/ZN
 _09431_/ZN
 _09432_/ZN
 _09433_/ZN
 _09434_/ZN
 _09435_/ZN
 _09436_/ZN
 _09437_/ZN
 _09438_/ZN
 _09439_/ZN
 _09440_/ZN
 _09441_/ZN
 _09442_/ZN
 _09443_/ZN
 _09444_/ZN
 _09445_/ZN
 _09446_/ZN
 _09447_/ZN
 _09448_/ZN
 _09449_/ZN
 _09450_/Z
 _09451_/ZN
 _09452_/ZN
 _09453_/ZN
 _09454_/ZN
 _09455_/ZN
 _09456_/ZN
 _09457_/ZN
 _09458_/Z
 _09459_/ZN
 _09460_/ZN
 _09461_/ZN
 _09462_/Z
 _09463_/ZN
 _09464_/ZN
 _09465_/ZN
 _09466_/ZN
 _09467_/ZN
 _09468_/ZN
 _09469_/ZN
 _09470_/ZN
 _09471_/ZN
 _09472_/ZN
 _09473_/ZN
 _09474_/ZN
 _09475_/ZN
 _09476_/ZN
 _09477_/ZN
 _09478_/ZN
 _09479_/ZN
 _09480_/ZN
 _09481_/ZN
 _09482_/ZN
 _09483_/ZN
 _09484_/ZN
 _09485_/ZN
 _09486_/ZN
 _09487_/ZN
 _09488_/ZN
 _09489_/ZN
 _09490_/ZN
 _09491_/ZN
 _09492_/ZN
 _09493_/ZN
 _09494_/Z
 _09495_/ZN
 _09496_/ZN
 _09497_/ZN
 _09498_/ZN
 _09499_/ZN
 _09500_/ZN
 _09501_/ZN
 _09502_/ZN
 _09503_/ZN
 _09504_/ZN
 _09505_/ZN
 _09506_/ZN
 _09507_/ZN
 _09508_/ZN
 _09509_/ZN
 _09510_/Z
 _09511_/ZN
 _09512_/ZN
 _09513_/ZN
 _09514_/ZN
 _09515_/ZN
 _09516_/ZN
 _09517_/ZN
 _09518_/ZN
 _09519_/ZN
 _09520_/ZN
 _09521_/ZN
 _09522_/ZN
 _09523_/ZN
 _09524_/ZN
 _09525_/ZN
 _09526_/ZN
 _09527_/ZN
 _09528_/ZN
 _09529_/ZN
 _09530_/ZN
 _09531_/ZN
 _09532_/ZN
 _09533_/ZN
 _09534_/ZN
 _09535_/Z
 _09536_/Z
 _09537_/Z
 _09538_/Z
 _09539_/ZN
 _09540_/ZN
 _09541_/ZN
 _09542_/ZN
 _09543_/ZN
 _09544_/ZN
 _09545_/ZN
 _09546_/ZN
 _09547_/ZN
 _09548_/ZN
 _09549_/ZN
 _09550_/ZN
 _09551_/ZN
 _09552_/ZN
 _09553_/ZN
 _09554_/ZN
 _09555_/ZN
 _09556_/ZN
 _09557_/ZN
 _09558_/ZN
 _09559_/ZN
 _09560_/Z
 _09561_/ZN
 _09562_/ZN
 _09563_/ZN
 _09564_/ZN
 _09565_/ZN
 _09566_/ZN
 _09567_/ZN
 _09568_/ZN
 _09569_/ZN
 _09570_/Z
 _09571_/ZN
 _09572_/ZN
 _09573_/ZN
 _09574_/ZN
 _09575_/ZN
 _09576_/ZN
 _09577_/ZN
 _09578_/ZN
 _09579_/ZN
 _09580_/ZN
 _09581_/ZN
 _09582_/ZN
 _09583_/ZN
 _09584_/ZN
 _09585_/ZN
 _09586_/ZN
 _09587_/ZN
 _09588_/ZN
 _09589_/ZN
 _09590_/ZN
 _09591_/ZN
 _09592_/ZN
 _09593_/ZN
 _09594_/ZN
 _09595_/ZN
 _09596_/ZN
 _09597_/ZN
 _09598_/ZN
 _09599_/ZN
 _09600_/ZN
 _09601_/ZN
 _09602_/ZN
 _09603_/ZN
 _09604_/Z
 _09605_/ZN
 _09606_/ZN
 _09607_/ZN
 _09608_/ZN
 _09609_/ZN
 _09610_/Z
 _09611_/ZN
 _09612_/ZN
 _09613_/Z
 _09614_/ZN
 _09615_/ZN
 _09616_/ZN
 _09617_/ZN
 _09618_/ZN
 _09619_/ZN
 _09620_/Z
 _09621_/ZN
 _09622_/ZN
 _09623_/ZN
 _09624_/ZN
 _09625_/ZN
 _09626_/Z
 _09627_/ZN
 _09628_/ZN
 _09629_/ZN
 _09630_/ZN
 _09631_/ZN
 _09632_/ZN
 _09633_/ZN
 _09634_/Z
 _09635_/ZN
 _09636_/Z
 _09637_/ZN
 _09638_/ZN
 _09639_/ZN
 _09640_/ZN
 _09641_/ZN
 _09642_/ZN
 _09643_/Z
 _09644_/ZN
 _09645_/ZN
 _09646_/Z
 _09647_/ZN
 _09648_/ZN
 _09649_/ZN
 _09650_/ZN
 _09651_/ZN
 _09652_/ZN
 _09653_/ZN
 _09654_/ZN
 _09655_/ZN
 _09656_/ZN
 _09657_/ZN
 _09658_/ZN
 _09659_/ZN
 _09660_/ZN
 _09661_/ZN
 _09662_/ZN
 _09663_/ZN
 _09664_/ZN
 _09665_/ZN
 _09666_/ZN
 _09667_/ZN
 _09668_/ZN
 _09669_/ZN
 _09670_/ZN
 _09671_/ZN
 _09672_/ZN
 _09673_/ZN
 _09674_/ZN
 _09675_/ZN
 _09676_/ZN
 _09677_/Z
 _09678_/ZN
 _09679_/ZN
 _09680_/ZN
 _09681_/Z
 _09682_/ZN
 _09683_/ZN
 _09684_/ZN
 _09685_/ZN
 _09686_/ZN
 _09687_/ZN
 _09688_/ZN
 _09689_/ZN
 _09690_/Z
 _09691_/ZN
 _09692_/ZN
 _09693_/ZN
 _09694_/ZN
 _09695_/Z
 _09696_/Z
 _09697_/ZN
 _09698_/ZN
 _09699_/ZN
 _09700_/ZN
 _09701_/Z
 _09702_/ZN
 _09703_/ZN
 _09704_/ZN
 _09705_/ZN
 _09706_/ZN
 _09707_/Z
 _09708_/ZN
 _09709_/ZN
 _09710_/ZN
 _09711_/Z
 _09712_/ZN
 _09713_/ZN
 _09714_/ZN
 _09715_/ZN
 _09716_/ZN
 _09717_/ZN
 _09718_/ZN
 _09719_/ZN
 _09720_/Z
 _09721_/ZN
 _09722_/Z
 _09723_/ZN
 _09724_/ZN
 _09725_/ZN
 _09726_/ZN
 _09727_/ZN
 _09728_/Z
 _09729_/ZN
 _09730_/ZN
 _09731_/ZN
 _09732_/ZN
 _09733_/ZN
 _09734_/ZN
 _09735_/ZN
 _09736_/ZN
 _09737_/ZN
 _09738_/ZN
 _09739_/ZN
 _09740_/ZN
 _09741_/ZN
 _09742_/ZN
 _09743_/ZN
 _09744_/ZN
 _09745_/ZN
 _09746_/ZN
 _09747_/ZN
 _09748_/ZN
 _09749_/ZN
 _09750_/ZN
 _09751_/ZN
 _09752_/ZN
 _09753_/Z
 _09754_/ZN
 _09755_/ZN
 _09756_/ZN
 _09757_/ZN
 _09758_/ZN
 _09759_/ZN
 _09760_/ZN
 _09761_/ZN
 _09762_/ZN
 _09763_/ZN
 _09764_/ZN
 _09765_/ZN
 _09766_/ZN
 _09767_/ZN
 _09768_/ZN
 _09769_/ZN
 _09770_/ZN
 _09771_/ZN
 _09772_/ZN
 _09773_/ZN
 _09774_/ZN
 _09775_/ZN
 _09776_/ZN
 _09777_/ZN
 _09778_/ZN
 _09779_/ZN
 _09780_/ZN
 _09781_/ZN
 _09782_/ZN
 _09783_/ZN
 _09784_/ZN
 _09785_/Z
 _09786_/ZN
 _09787_/ZN
 _09788_/ZN
 _09789_/ZN
 _09790_/ZN
 _09791_/ZN
 _09792_/ZN
 _09793_/ZN
 _09794_/ZN
 _09795_/ZN
 _09796_/ZN
 _09797_/ZN
 _09798_/ZN
 _09799_/ZN
 _09800_/ZN
 _09801_/ZN
 _09802_/ZN
 _09803_/ZN
 _09804_/ZN
 _09805_/ZN
 _09806_/ZN
 _09807_/ZN
 _09808_/ZN
 _09809_/ZN
 _09810_/ZN
 _09811_/ZN
 _09812_/ZN
 _09813_/ZN
 _09814_/ZN
 _09815_/ZN
 _09816_/ZN
 _09817_/ZN
 _09818_/ZN
 _09819_/ZN
 _09820_/ZN
 _09821_/ZN
 _09822_/ZN
 _09823_/ZN
 _09824_/Z
 _09825_/ZN
 _09826_/ZN
 _09827_/ZN
 _09828_/ZN
 _09829_/ZN
 _09830_/ZN
 _09831_/ZN
 _09832_/ZN
 _09833_/ZN
 _09834_/ZN
 _09835_/ZN
 _09836_/ZN
 _09837_/ZN
 _09838_/ZN
 _09839_/ZN
 _09840_/ZN
 _09841_/ZN
 _09842_/ZN
 _09843_/ZN
 _09844_/ZN
 _09845_/ZN
 _09846_/ZN
 _09847_/ZN
 _09848_/ZN
 _09849_/ZN
 _09850_/ZN
 _09851_/ZN
 _09852_/ZN
 _09853_/ZN
 _09854_/ZN
 _09855_/ZN
 _09856_/ZN
 _09857_/ZN
 _09858_/Z
 _09859_/ZN
 _09860_/ZN
 _09861_/ZN
 _09862_/ZN
 _09863_/ZN
 _09864_/ZN
 _09865_/ZN
 _09866_/ZN
 _09867_/ZN
 _09868_/ZN
 _09869_/ZN
 _09870_/ZN
 _09871_/ZN
 _09872_/ZN
 _09873_/ZN
 _09874_/ZN
 _09875_/ZN
 _09876_/ZN
 _09877_/ZN
 _09878_/ZN
 _09879_/ZN
 _09880_/ZN
 _09881_/ZN
 _09882_/ZN
 _09883_/ZN
 _09884_/ZN
 _09885_/ZN
 _09886_/ZN
 _09887_/ZN
 _09888_/ZN
 _09889_/ZN
 _09890_/ZN
 _09891_/ZN
 _09892_/ZN
 _09893_/ZN
 _09894_/ZN
 _09895_/ZN
 _09896_/Z
 _09897_/ZN
 _09898_/ZN
 _09899_/ZN
 _09900_/Z
 _09901_/ZN
 _09902_/ZN
 _09903_/ZN
 _09904_/ZN
 _09905_/ZN
 _09906_/ZN
 _09907_/ZN
 _09908_/ZN
 _09909_/ZN
 _09910_/ZN
 _09911_/ZN
 _09912_/ZN
 _09913_/ZN
 _09914_/ZN
 _09915_/ZN
 _09916_/ZN
 _09917_/ZN
 _09918_/ZN
 _09919_/ZN
 _09920_/ZN
 _09921_/ZN
 _09922_/ZN
 _09923_/ZN
 _09924_/ZN
 _09925_/ZN
 _09926_/ZN
 _09927_/ZN
 _09928_/ZN
 _09929_/ZN
 _09930_/ZN
 _09931_/ZN
 _09932_/ZN
 _09933_/ZN
 _09934_/ZN
 _09935_/ZN
 _09936_/ZN
 _09937_/ZN
 _09938_/ZN
 _09939_/ZN
 _09940_/ZN
 _09941_/ZN
 _09942_/ZN
 _09943_/ZN
 _09944_/ZN
 _09945_/ZN
 _09946_/ZN
 _09947_/ZN
 _09948_/ZN
 _09949_/ZN
 _09950_/ZN
 _09951_/ZN
 _09952_/ZN
 _09953_/ZN
 _09954_/ZN
 _09955_/ZN
 _09956_/ZN
 _09957_/ZN
 _09958_/ZN
 _09959_/ZN
 _09960_/ZN
 _09961_/ZN
 _09962_/ZN
 _09963_/ZN
 _09964_/ZN
 _09965_/ZN
 _09966_/ZN
 _09967_/ZN
 _09968_/ZN
 _09969_/Z
 _09970_/Z
 _09971_/ZN
 _09972_/ZN
 _09973_/ZN
 _09974_/ZN
 _09975_/ZN
 _09976_/ZN
 _09977_/ZN
 _09978_/ZN
 _09979_/Z
 _09980_/ZN
 _09981_/ZN
 _09982_/ZN
 _09983_/ZN
 _09984_/Z
 _09985_/ZN
 _09986_/ZN
 _09987_/ZN
 _09988_/ZN
 _09989_/ZN
 _09990_/Z
 _09991_/ZN
 _09992_/Z
 _09993_/Z
 _09994_/ZN
 _09995_/ZN
 _09996_/ZN
 _09997_/ZN
 _09998_/ZN
 _09999_/ZN
 _10000_/ZN
 _10001_/ZN
 _10002_/Z
 _10003_/ZN
 _10004_/ZN
 _10005_/ZN
 _10006_/ZN
 _10007_/ZN
 _10008_/ZN
 _10009_/ZN
 _10010_/Z
 _10011_/ZN
 _10012_/ZN
 _10013_/ZN
 _10014_/ZN
 _10015_/ZN
 _10016_/ZN
 _10017_/ZN
 _10018_/ZN
 _10019_/ZN
 _10020_/ZN
 _10021_/ZN
 _10022_/ZN
 _10023_/Z
 _10024_/ZN
 _10025_/ZN
 _10026_/ZN
 _10027_/ZN
 _10028_/ZN
 _10029_/ZN
 _10030_/ZN
 _10031_/ZN
 _10032_/ZN
 _10033_/ZN
 _10034_/ZN
 _10035_/ZN
 _10036_/ZN
 _10037_/ZN
 _10038_/ZN
 _10039_/ZN
 _10040_/Z
 _10041_/ZN
 _10042_/ZN
 _10043_/ZN
 _10044_/ZN
 _10045_/ZN
 _10046_/ZN
 _10047_/ZN
 _10048_/ZN
 _10049_/ZN
 _10050_/ZN
 _10051_/ZN
 _10052_/ZN
 _10053_/ZN
 _10054_/ZN
 _10055_/ZN
 _10056_/Z
 _10057_/ZN
 _10058_/ZN
 _10059_/ZN
 _10060_/ZN
 _10061_/ZN
 _10062_/ZN
 _10063_/ZN
 _10064_/ZN
 _10065_/ZN
 _10066_/ZN
 _10067_/Z
 _10068_/ZN
 _10069_/ZN
 _10070_/ZN
 _10071_/ZN
 _10072_/ZN
 _10073_/ZN
 _10074_/ZN
 _10075_/ZN
 _10076_/Z
 _10077_/ZN
 _10078_/ZN
 _10079_/ZN
 _10080_/ZN
 _10081_/ZN
 _10082_/ZN
 _10083_/ZN
 _10084_/Z
 _10085_/ZN
 _10086_/ZN
 _10087_/ZN
 _10088_/ZN
 _10089_/ZN
 _10090_/ZN
 _10091_/ZN
 _10092_/ZN
 _10093_/ZN
 _10094_/ZN
 _10095_/ZN
 _10096_/ZN
 _10097_/ZN
 _10098_/ZN
 _10099_/Z
 _10100_/ZN
 _10101_/ZN
 _10102_/ZN
 _10103_/ZN
 _10104_/ZN
 _10105_/ZN
 _10106_/ZN
 _10107_/ZN
 _10108_/ZN
 _10109_/ZN
 _10110_/ZN
 _10111_/ZN
 _10112_/ZN
 _10113_/ZN
 _10114_/ZN
 _10115_/ZN
 _10116_/ZN
 _10117_/ZN
 _10118_/ZN
 _10119_/ZN
 _10120_/ZN
 _10121_/ZN
 _10122_/ZN
 _10123_/ZN
 _10124_/ZN
 _10125_/ZN
 _10126_/ZN
 _10127_/ZN
 _10128_/ZN
 _10129_/ZN
 _10130_/ZN
 _10131_/ZN
 _10132_/Z
 _10133_/ZN
 _10134_/ZN
 _10135_/ZN
 _10136_/ZN
 _10137_/ZN
 _10138_/ZN
 _10139_/ZN
 _10140_/Z
 _10141_/ZN
 _10142_/ZN
 _10143_/ZN
 _10144_/ZN
 _10145_/ZN
 _10146_/ZN
 _10147_/ZN
 _10148_/ZN
 _10149_/ZN
 _10150_/ZN
 _10151_/Z
 _10152_/ZN
 _10153_/ZN
 _10154_/Z
 _10155_/ZN
 _10156_/ZN
 _10157_/ZN
 _10158_/ZN
 _10159_/ZN
 _10160_/ZN
 _10161_/ZN
 _10162_/ZN
 _10163_/ZN
 _10164_/ZN
 _10165_/ZN
 _10166_/ZN
 _10167_/Z
 _10168_/ZN
 _10169_/ZN
 _10170_/ZN
 _10171_/ZN
 _10172_/ZN
 _10173_/ZN
 _10174_/ZN
 _10175_/ZN
 _10176_/ZN
 _10177_/ZN
 _10178_/Z
 _10179_/ZN
 _10180_/ZN
 _10181_/Z
 _10182_/ZN
 _10183_/ZN
 _10184_/ZN
 _10185_/ZN
 _10186_/ZN
 _10187_/ZN
 _10188_/ZN
 _10189_/ZN
 _10190_/ZN
 _10191_/ZN
 _10192_/ZN
 _10193_/ZN
 _10194_/Z
 _10195_/ZN
 _10196_/ZN
 _10197_/ZN
 _10198_/ZN
 _10199_/ZN
 _10200_/ZN
 _10201_/ZN
 _10202_/ZN
 _10203_/ZN
 _10204_/ZN
 _10205_/ZN
 _10206_/ZN
 _10207_/ZN
 _10208_/Z
 _10209_/ZN
 _10210_/ZN
 _10211_/ZN
 _10212_/ZN
 _10213_/ZN
 _10214_/ZN
 _10215_/ZN
 _10216_/ZN
 _10217_/ZN
 _10218_/ZN
 _10219_/ZN
 _10220_/ZN
 _10221_/ZN
 _10222_/ZN
 _10223_/ZN
 _10224_/ZN
 _10225_/ZN
 _10226_/ZN
 _10227_/ZN
 _10228_/ZN
 _10229_/ZN
 _10230_/ZN
 _10231_/ZN
 _10232_/ZN
 _10233_/ZN
 _10234_/Z
 _10235_/ZN
 _10236_/ZN
 _10237_/Z
 _10238_/ZN
 _10239_/ZN
 _10240_/ZN
 _10241_/ZN
 _10242_/ZN
 _10243_/ZN
 _10244_/ZN
 _10245_/ZN
 _10246_/ZN
 _10247_/ZN
 _10248_/ZN
 _10249_/ZN
 _10250_/ZN
 _10251_/ZN
 _10252_/ZN
 _10253_/ZN
 _10254_/ZN
 _10255_/ZN
 _10256_/ZN
 _10257_/ZN
 _10258_/Z
 _10259_/ZN
 _10260_/ZN
 _10261_/Z
 _10262_/ZN
 _10263_/ZN
 _10264_/ZN
 _10265_/Z
 _10266_/ZN
 _10267_/ZN
 _10268_/ZN
 _10269_/ZN
 _10270_/ZN
 _10271_/ZN
 _10272_/ZN
 _10273_/ZN
 _10274_/ZN
 _10275_/ZN
 _10276_/ZN
 _10277_/ZN
 _10278_/ZN
 _10279_/ZN
 _10280_/ZN
 _10281_/ZN
 _10282_/ZN
 _10283_/ZN
 _10284_/ZN
 _10285_/ZN
 _10286_/ZN
 _10287_/ZN
 _10288_/ZN
 _10289_/ZN
 _10290_/ZN
 _10291_/ZN
 _10292_/ZN
 _10293_/ZN
 _10294_/ZN
 _10295_/ZN
 _10296_/ZN
 _10297_/ZN
 _10298_/ZN
 _10299_/ZN
 _10300_/ZN
 _10301_/ZN
 _10302_/ZN
 _10303_/ZN
 _10304_/ZN
 _10305_/ZN
 _10306_/ZN
 _10307_/ZN
 _10308_/ZN
 _10309_/ZN
 _10310_/ZN
 _10311_/ZN
 _10312_/ZN
 _10313_/ZN
 _10314_/ZN
 _10315_/ZN
 _10316_/ZN
 _10317_/ZN
 _10318_/ZN
 _10319_/ZN
 _10320_/ZN
 _10321_/ZN
 _10322_/ZN
 _10323_/ZN
 _10324_/ZN
 _10325_/ZN
 _10326_/ZN
 _10327_/ZN
 _10328_/ZN
 _10329_/ZN
 _10330_/ZN
 _10331_/ZN
 _10332_/ZN
 _10333_/ZN
 _10334_/Z
 _10335_/ZN
 _10336_/ZN
 _10337_/Z
 _10338_/ZN
 _10339_/ZN
 _10340_/ZN
 _10341_/ZN
 _10342_/ZN
 _10343_/ZN
 _10344_/ZN
 _10345_/ZN
 _10346_/ZN
 _10347_/ZN
 _10348_/ZN
 _10349_/ZN
 _10350_/ZN
 _10351_/ZN
 _10352_/ZN
 _10353_/ZN
 _10354_/ZN
 _10355_/ZN
 _10356_/ZN
 _10357_/ZN
 _10358_/ZN
 _10359_/ZN
 _10360_/ZN
 _10361_/ZN
 _10362_/ZN
 _10363_/ZN
 _10364_/ZN
 _10365_/ZN
 _10366_/Z
 _10367_/ZN
 _10368_/ZN
 _10369_/ZN
 _10370_/ZN
 _10371_/ZN
 _10372_/ZN
 _10373_/ZN
 _10374_/ZN
 _10375_/ZN
 _10376_/ZN
 _10377_/ZN
 _10378_/ZN
 _10379_/ZN
 _10380_/ZN
 _10381_/ZN
 _10382_/Z
 _10383_/ZN
 _10384_/ZN
 _10385_/ZN
 _10386_/ZN
 _10387_/ZN
 _10388_/ZN
 _10389_/ZN
 _10390_/ZN
 _10391_/ZN
 _10392_/ZN
 _10393_/ZN
 _10394_/ZN
 _10395_/ZN
 _10396_/ZN
 _10397_/ZN
 _10398_/ZN
 _10399_/ZN
 _10400_/ZN
 _10401_/ZN
 _10402_/ZN
 _10403_/ZN
 _10404_/ZN
 _10405_/ZN
 _10406_/ZN
 _10407_/ZN
 _10408_/ZN
 _10409_/ZN
 _10410_/ZN
 _10411_/ZN
 _10412_/ZN
 _10413_/ZN
 _10414_/ZN
 _10415_/ZN
 _10416_/ZN
 _10417_/ZN
 _10418_/ZN
 _10419_/ZN
 _10420_/ZN
 _10421_/ZN
 _10422_/ZN
 _10423_/ZN
 _10424_/ZN
 _10425_/ZN
 _10426_/ZN
 _10427_/ZN
 _10428_/ZN
 _10429_/ZN
 _10430_/ZN
 _10431_/ZN
 _10432_/ZN
 _10433_/ZN
 _10434_/ZN
 _10435_/ZN
 _10436_/ZN
 _10437_/ZN
 _10438_/ZN
 _10439_/ZN
 _10440_/ZN
 _10441_/ZN
 _10442_/ZN
 _10443_/ZN
 _10444_/ZN
 _10445_/ZN
 _10446_/ZN
 _10447_/ZN
 _10448_/ZN
 _10449_/ZN
 _10450_/ZN
 _10451_/ZN
 _10452_/ZN
 _10453_/ZN
 _10454_/ZN
 _10455_/ZN
 _10456_/ZN
 _10457_/ZN
 _10458_/ZN
 _10459_/ZN
 _10460_/Z
 _10461_/ZN
 _10462_/ZN
 _10463_/ZN
 _10464_/ZN
 _10465_/ZN
 _10466_/ZN
 _10467_/ZN
 _10468_/ZN
 _10469_/ZN
 _10470_/ZN
 _10471_/Z
 _10472_/ZN
 _10473_/ZN
 _10474_/ZN
 _10475_/ZN
 _10476_/Z
 _10477_/ZN
 _10478_/ZN
 _10479_/ZN
 _10480_/ZN
 _10481_/ZN
 _10482_/ZN
 _10483_/ZN
 _10484_/ZN
 _10485_/ZN
 _10486_/ZN
 _10487_/ZN
 _10488_/ZN
 _10489_/ZN
 _10490_/ZN
 _10491_/ZN
 _10492_/ZN
 _10493_/ZN
 _10494_/ZN
 _10495_/ZN
 _10496_/ZN
 _10497_/ZN
 _10498_/ZN
 _10499_/ZN
 _10500_/ZN
 _10501_/ZN
 _10502_/ZN
 _10503_/ZN
 _10504_/ZN
 _10505_/ZN
 _10506_/ZN
 _10507_/ZN
 _10508_/ZN
 _10509_/ZN
 _10510_/ZN
 _10511_/ZN
 _10512_/ZN
 _10513_/ZN
 _10514_/ZN
 _10515_/ZN
 _10516_/ZN
 _10517_/ZN
 _10518_/ZN
 _10519_/ZN
 _10520_/ZN
 _10521_/ZN
 _10522_/ZN
 _10523_/ZN
 _10524_/ZN
 _10525_/ZN
 _10526_/ZN
 _10527_/Z
 _10528_/Z
 _10529_/Z
 _10530_/ZN
 _10531_/ZN
 _10532_/ZN
 _10533_/ZN
 _10534_/ZN
 _10535_/ZN
 _10536_/ZN
 _10537_/ZN
 _10538_/ZN
 _10539_/ZN
 _10540_/ZN
 _10541_/ZN
 _10542_/ZN
 _10543_/ZN
 _10544_/ZN
 _10545_/ZN
 _10546_/ZN
 _10547_/Z
 _10548_/ZN
 _10549_/ZN
 _10550_/Z
 _10551_/Z
 _10552_/ZN
 _10553_/ZN
 _10554_/ZN
 _10555_/ZN
 _10556_/ZN
 _10557_/ZN
 _10558_/Z
 _10559_/ZN
 _10560_/ZN
 _10561_/ZN
 _10562_/ZN
 _10563_/ZN
 _10564_/ZN
 _10565_/ZN
 _10566_/ZN
 _10567_/Z
 _10568_/Z
 _10569_/ZN
 _10570_/ZN
 _10571_/ZN
 _10572_/ZN
 _10573_/ZN
 _10574_/ZN
 _10575_/ZN
 _10576_/ZN
 _10577_/ZN
 _10578_/ZN
 _10579_/ZN
 _10580_/ZN
 _10581_/ZN
 _10582_/ZN
 _10583_/ZN
 _10584_/ZN
 _10585_/ZN
 _10586_/ZN
 _10587_/ZN
 _10588_/ZN
 _10589_/ZN
 _10590_/ZN
 _10591_/ZN
 _10592_/ZN
 _10593_/ZN
 _10594_/ZN
 _10595_/ZN
 _10596_/ZN
 _10597_/ZN
 _10598_/ZN
 _10599_/ZN
 _10600_/ZN
 _10601_/ZN
 _10602_/ZN
 _10603_/ZN
 _10604_/ZN
 _10605_/ZN
 _10606_/Z
 _10607_/ZN
 _10608_/ZN
 _10609_/Z
 _10610_/ZN
 _10611_/ZN
 _10612_/ZN
 _10613_/Z
 _10614_/ZN
 _10615_/Z
 _10616_/ZN
 _10617_/Z
 _10618_/Z
 _10619_/Z
 _10620_/ZN
 _10621_/Z
 _10622_/Z
 _10623_/ZN
 _10624_/ZN
 _10625_/Z
 _10626_/Z
 _10627_/ZN
 _10628_/Z
 _10629_/Z
 _10630_/ZN
 _10631_/ZN
 _10632_/ZN
 _10633_/ZN
 _10634_/ZN
 _10635_/ZN
 _10636_/ZN
 _10637_/ZN
 _10638_/ZN
 _10639_/ZN
 _10640_/ZN
 _10641_/Z
 _10642_/Z
 _10643_/ZN
 _10644_/Z
 _10645_/Z
 _10646_/ZN
 _10647_/ZN
 _10648_/ZN
 _10649_/ZN
 _10650_/Z
 _10651_/ZN
 _10652_/ZN
 _10653_/ZN
 _10654_/Z
 _10655_/ZN
 _10656_/Z
 _10657_/Z
 _10658_/Z
 _10659_/ZN
 _10660_/ZN
 _10661_/ZN
 _10662_/ZN
 _10663_/ZN
 _10664_/ZN
 _10665_/Z
 _10666_/ZN
 _10667_/ZN
 _10668_/Z
 _10669_/Z
 _10670_/ZN
 _10671_/ZN
 _10672_/ZN
 _10673_/ZN
 _10674_/ZN
 _10675_/ZN
 _10676_/Z
 _10677_/ZN
 _10678_/Z
 _10679_/Z
 _10680_/Z
 _10681_/Z
 _10682_/ZN
 _10683_/ZN
 _10684_/ZN
 _10685_/ZN
 _10686_/Z
 _10687_/ZN
 _10688_/Z
 _10689_/ZN
 _10690_/ZN
 _10691_/ZN
 _10692_/ZN
 _10693_/ZN
 _10694_/Z
 _10695_/ZN
 _10696_/ZN
 _10697_/Z
 _10698_/ZN
 _10699_/ZN
 _10700_/ZN
 _10701_/ZN
 _10702_/ZN
 _10703_/ZN
 _10704_/ZN
 _10705_/ZN
 _10706_/ZN
 _10707_/ZN
 _10708_/ZN
 _10709_/ZN
 _10710_/ZN
 _10711_/ZN
 _10712_/ZN
 _10713_/ZN
 _10714_/ZN
 _10715_/ZN
 _10716_/ZN
 _10717_/ZN
 _10718_/ZN
 _10719_/ZN
 _10720_/ZN
 _10721_/ZN
 _10722_/ZN
 _10723_/ZN
 _10724_/ZN
 _10725_/Z
 _10726_/Z
 _10727_/Z
 _10728_/Z
 _10729_/Z
 _10730_/Z
 _10731_/Z
 _10732_/Z
 _10733_/Z
 _10734_/Z
 _10735_/Z
 _10736_/Z
 _10737_/Z
 _10738_/Z
 _10739_/Z
 _10740_/Z
 _10741_/Z
 _10742_/Z
 _10743_/Z
 _10744_/Z
 _10745_/Z
 _10746_/Z
 _10747_/Z
 _10748_/Z
 _10749_/Z
 _10750_/Z
 _10751_/Z
 _10752_/Z
 _10753_/Z
 _10754_/Z
 _10755_/Z
 _10756_/Z
 _10757_/Z
 _10758_/Z
 _10759_/Z
 _10760_/Z
 _10761_/Z
 _10762_/Z
 _10763_/Z
 _10764_/Z
 _10765_/Z
 _10766_/Z
 _10767_/Z
 _10768_/Z
 _10769_/Z
 _10770_/Z
 _10771_/Z
 _10772_/Z
 _10773_/ZN
 _10774_/ZN
 _10775_/Z
 _10776_/Z
 _10777_/ZN
 _10778_/ZN
 _10779_/ZN
 _10780_/ZN
 _10781_/ZN
 _10782_/ZN
 _10783_/ZN
 _10784_/ZN
 _10785_/ZN
 _10786_/ZN
 _10787_/ZN
 _10788_/ZN
 _10789_/Z
 _10790_/ZN
 _10791_/ZN
 _10792_/ZN
 _10793_/Z
 _10794_/ZN
 _10795_/ZN
 _10796_/Z
 _10797_/ZN
 _10798_/ZN
 _10799_/ZN
 _10800_/ZN
 _10801_/ZN
 _10802_/ZN
 _10803_/ZN
 _10804_/ZN
 _10805_/ZN
 _10806_/ZN
 _10807_/ZN
 _10808_/ZN
 _10809_/ZN
 _10810_/Z
 _10811_/ZN
 _10812_/ZN
 _10813_/Z
 _10814_/ZN
 _10815_/Z
 _10816_/ZN
 _10817_/Z
 _10818_/ZN
 _10819_/ZN
 _10820_/ZN
 _10821_/ZN
 _10822_/ZN
 _10823_/ZN
 _10824_/ZN
 _10825_/Z
 _10826_/ZN
 _10827_/ZN
 _10828_/ZN
 _10829_/ZN
 _10830_/ZN
 _10831_/Z
 _10832_/ZN
 _10833_/Z
 _10834_/ZN
 _10835_/ZN
 _10836_/ZN
 _10837_/ZN
 _10838_/ZN
 _10839_/ZN
 _10840_/ZN
 _10841_/ZN
 _10842_/Z
 _10843_/ZN
 _10844_/ZN
 _10845_/ZN
 _10846_/ZN
 _10847_/Z
 _10848_/ZN
 _10849_/ZN
 _10850_/ZN
 _10851_/ZN
 _10852_/ZN
 _10853_/ZN
 _10854_/ZN
 _10855_/Z
 _10856_/ZN
 _10857_/ZN
 _10858_/ZN
 _10859_/ZN
 _10860_/ZN
 _10861_/ZN
 _10862_/ZN
 _10863_/ZN
 _10864_/ZN
 _10865_/ZN
 _10866_/ZN
 _10867_/ZN
 _10868_/ZN
 _10869_/ZN
 _10870_/ZN
 _10871_/Z
 _10872_/ZN
 _10873_/ZN
 _10874_/ZN
 _10875_/ZN
 _10876_/ZN
 _10877_/ZN
 _10878_/ZN
 _10879_/ZN
 _10880_/ZN
 _10881_/ZN
 _10882_/ZN
 _10883_/ZN
 _10884_/ZN
 _10885_/ZN
 _10886_/ZN
 _10887_/ZN
 _10888_/ZN
 _10889_/ZN
 _10890_/ZN
 _10891_/ZN
 _10892_/ZN
 _10893_/ZN
 _10894_/ZN
 _10895_/ZN
 _10896_/Z
 _10897_/ZN
 _10898_/ZN
 _10899_/ZN
 _10900_/ZN
 _10901_/ZN
 _10902_/ZN
 _10903_/ZN
 _10904_/ZN
 _10905_/ZN
 _10906_/ZN
 _10907_/ZN
 _10908_/Z
 _10909_/ZN
 _10910_/ZN
 _10911_/ZN
 _10912_/ZN
 _10913_/ZN
 _10914_/ZN
 _10915_/ZN
 _10916_/ZN
 _10917_/ZN
 _10918_/ZN
 _10919_/ZN
 _10920_/ZN
 _10921_/ZN
 _10922_/Z
 _10923_/ZN
 _10924_/ZN
 _10925_/ZN
 _10926_/ZN
 _10927_/ZN
 _10928_/ZN
 _10929_/ZN
 _10930_/ZN
 _10931_/ZN
 _10932_/ZN
 _10933_/Z
 _10934_/ZN
 _10935_/ZN
 _10936_/ZN
 _10937_/ZN
 _10938_/ZN
 _10939_/ZN
 _10940_/ZN
 _10941_/ZN
 _10942_/ZN
 _10943_/ZN
 _10944_/ZN
 _10945_/ZN
 _10946_/ZN
 _10947_/ZN
 _10948_/Z
 _10949_/ZN
 _10950_/ZN
 _10951_/ZN
 _10952_/ZN
 _10953_/ZN
 _10954_/ZN
 _10955_/ZN
 _10956_/ZN
 _10957_/ZN
 _10958_/ZN
 _10959_/Z
 _10960_/ZN
 _10961_/ZN
 _10962_/ZN
 _10963_/ZN
 _10964_/ZN
 _10965_/ZN
 _10966_/ZN
 _10967_/ZN
 _10968_/ZN
 _10969_/ZN
 _10970_/ZN
 _10971_/ZN
 _10972_/ZN
 _10973_/ZN
 _10974_/ZN
 _10975_/Z
 _10976_/Z
 _10977_/ZN
 _10978_/ZN
 _10979_/ZN
 _10980_/ZN
 _10981_/ZN
 _10982_/ZN
 _10983_/ZN
 _10984_/ZN
 _10985_/ZN
 _10986_/Z
 _10987_/ZN
 _10988_/ZN
 _10989_/ZN
 _10990_/ZN
 _10991_/Z
 _10992_/Z
 _10993_/ZN
 _10994_/ZN
 _10995_/ZN
 _10996_/ZN
 _10997_/ZN
 _10998_/ZN
 _10999_/ZN
 _11000_/ZN
 _11001_/Z
 _11002_/ZN
 _11003_/ZN
 _11004_/ZN
 _11005_/ZN
 _11006_/ZN
 _11007_/ZN
 _11008_/ZN
 _11009_/ZN
 _11010_/ZN
 _11011_/ZN
 _11012_/ZN
 _11013_/ZN
 _11014_/Z
 _11015_/ZN
 _11016_/ZN
 _11017_/ZN
 _11018_/ZN
 _11019_/ZN
 _11020_/ZN
 _11021_/ZN
 _11022_/ZN
 _11023_/ZN
 _11024_/ZN
 _11025_/ZN
 _11026_/ZN
 _11027_/ZN
 _11028_/ZN
 _11029_/ZN
 _11030_/ZN
 _11031_/ZN
 _11032_/Z
 _11033_/ZN
 _11034_/ZN
 _11035_/ZN
 _11036_/Z
 _11037_/ZN
 _11038_/ZN
 _11039_/ZN
 _11040_/ZN
 _11041_/ZN
 _11042_/ZN
 _11043_/ZN
 _11044_/ZN
 _11045_/ZN
 _11046_/ZN
 _11047_/ZN
 _11048_/ZN
 _11049_/ZN
 _11050_/ZN
 _11051_/ZN
 _11052_/ZN
 _11053_/Z
 _11054_/ZN
 _11055_/ZN
 _11056_/ZN
 _11057_/ZN
 _11058_/ZN
 _11059_/ZN
 _11060_/ZN
 _11061_/ZN
 _11062_/ZN
 _11063_/ZN
 _11064_/ZN
 _11065_/Z
 _11066_/Z
 _11067_/ZN
 _11068_/Z
 _11069_/ZN
 _11070_/ZN
 _11071_/ZN
 _11072_/ZN
 _11073_/ZN
 _11074_/ZN
 _11075_/ZN
 _11076_/ZN
 _11077_/ZN
 _11078_/ZN
 _11079_/ZN
 _11080_/Z
 _11081_/ZN
 _11082_/Z
 _11083_/ZN
 _11084_/ZN
 _11085_/ZN
 _11086_/ZN
 _11087_/ZN
 _11088_/ZN
 _11089_/ZN
 _11090_/Z
 _11091_/ZN
 _11092_/ZN
 _11093_/ZN
 _11094_/ZN
 _11095_/ZN
 _11096_/ZN
 _11097_/ZN
 _11098_/Z
 _11099_/Z
 _11100_/ZN
 _11101_/ZN
 _11102_/ZN
 _11103_/ZN
 _11104_/ZN
 _11105_/ZN
 _11106_/ZN
 _11107_/ZN
 _11108_/ZN
 _11109_/Z
 _11110_/ZN
 _11111_/ZN
 _11112_/Z
 _11113_/ZN
 _11114_/ZN
 _11115_/ZN
 _11116_/ZN
 _11117_/ZN
 _11118_/ZN
 _11119_/ZN
 _11120_/Z
 _11121_/ZN
 _11122_/ZN
 _11123_/ZN
 _11124_/ZN
 _11125_/ZN
 _11126_/Z
 _11127_/ZN
 _11128_/Z
 _11129_/ZN
 _11130_/ZN
 _11131_/ZN
 _11132_/ZN
 _11133_/ZN
 _11134_/ZN
 _11135_/ZN
 _11136_/ZN
 _11137_/ZN
 _11138_/ZN
 _11139_/ZN
 _11140_/ZN
 _11141_/ZN
 _11142_/ZN
 _11143_/ZN
 _11144_/Z
 _11145_/Z
 _11146_/ZN
 _11147_/ZN
 _11148_/ZN
 _11149_/ZN
 _11150_/ZN
 _11151_/ZN
 _11152_/ZN
 _11153_/ZN
 _11154_/ZN
 _11155_/Z
 _11156_/ZN
 _11157_/ZN
 _11158_/Z
 _11159_/ZN
 _11160_/ZN
 _11161_/ZN
 _11162_/ZN
 _11163_/ZN
 _11164_/ZN
 _11165_/ZN
 _11166_/Z
 _11167_/ZN
 _11168_/ZN
 _11169_/ZN
 _11170_/ZN
 _11171_/Z
 _11172_/ZN
 _11173_/ZN
 _11174_/ZN
 _11175_/ZN
 _11176_/ZN
 _11177_/ZN
 _11178_/Z
 _11179_/ZN
 _11180_/ZN
 _11181_/ZN
 _11182_/ZN
 _11183_/Z
 _11184_/Z
 _11185_/ZN
 _11186_/ZN
 _11187_/ZN
 _11188_/ZN
 _11189_/ZN
 _11190_/ZN
 _11191_/ZN
 _11192_/ZN
 _11193_/ZN
 _11194_/ZN
 _11195_/ZN
 _11196_/ZN
 _11197_/ZN
 _11198_/ZN
 _11199_/Z
 _11200_/Z
 _11201_/ZN
 _11202_/ZN
 _11203_/ZN
 _11204_/ZN
 _11205_/ZN
 _11206_/ZN
 _11207_/ZN
 _11208_/Z
 _11209_/ZN
 _11210_/ZN
 _11211_/ZN
 _11212_/ZN
 _11213_/Z
 _11214_/ZN
 _11215_/ZN
 _11216_/ZN
 _11217_/ZN
 _11218_/ZN
 _11219_/ZN
 _11220_/ZN
 _11221_/ZN
 _11222_/ZN
 _11223_/ZN
 _11224_/Z
 _11225_/Z
 _11226_/ZN
 _11227_/ZN
 _11228_/ZN
 _11229_/ZN
 _11230_/ZN
 _11231_/ZN
 _11232_/ZN
 _11233_/ZN
 _11234_/ZN
 _11235_/ZN
 _11236_/Z
 _11237_/ZN
 _11238_/ZN
 _11239_/ZN
 _11240_/ZN
 _11241_/Z
 _11242_/ZN
 _11243_/Z
 _11244_/ZN
 _11245_/ZN
 _11246_/ZN
 _11247_/ZN
 _11248_/ZN
 _11249_/ZN
 _11250_/ZN
 _11251_/ZN
 _11252_/ZN
 _11253_/ZN
 _11254_/ZN
 _11255_/ZN
 _11256_/ZN
 _11257_/Z
 _11258_/Z
 _11259_/ZN
 _11260_/ZN
 _11261_/ZN
 _11262_/ZN
 _11263_/ZN
 _11264_/ZN
 _11265_/ZN
 _11266_/ZN
 _11267_/ZN
 _11268_/ZN
 _11269_/Z
 _11270_/ZN
 _11271_/ZN
 _11272_/ZN
 _11273_/ZN
 _11274_/ZN
 _11275_/Z
 _11276_/ZN
 _11277_/ZN
 _11278_/ZN
 _11279_/Z
 _11280_/ZN
 _11281_/ZN
 _11282_/Z
 _11283_/Z
 _11284_/Z
 _11285_/Z
 _11286_/ZN
 _11287_/ZN
 _11288_/ZN
 _11289_/ZN
 _11290_/ZN
 _11291_/ZN
 _11292_/ZN
 _11293_/ZN
 _11294_/ZN
 _11295_/ZN
 _11296_/ZN
 _11297_/ZN
 _11298_/ZN
 _11299_/Z
 _11300_/Z
 _11301_/ZN
 _11302_/ZN
 _11303_/ZN
 _11304_/ZN
 _11305_/ZN
 _11306_/ZN
 _11307_/Z
 _11308_/Z
 _11309_/ZN
 _11310_/Z
 _11311_/ZN
 _11312_/Z
 _11313_/Z
 _11314_/ZN
 _11315_/ZN
 _11316_/ZN
 _11317_/ZN
 _11318_/Z
 _11319_/ZN
 _11320_/ZN
 _11321_/ZN
 _11322_/ZN
 _11323_/ZN
 _11324_/Z
 _11325_/ZN
 _11326_/ZN
 _11327_/ZN
 _11328_/ZN
 _11329_/ZN
 _11330_/ZN
 _11331_/ZN
 _11332_/ZN
 _11333_/ZN
 _11334_/ZN
 _11335_/ZN
 _11336_/ZN
 _11337_/ZN
 _11338_/ZN
 _11339_/ZN
 _11340_/ZN
 _11341_/ZN
 _11342_/ZN
 _11343_/ZN
 _11344_/Z
 _11345_/ZN
 _11346_/ZN
 _11347_/ZN
 _11348_/Z
 _11349_/ZN
 _11350_/ZN
 _11351_/ZN
 _11352_/ZN
 _11353_/ZN
 _11354_/Z
 _11355_/ZN
 _11356_/Z
 _11357_/ZN
 _11358_/ZN
 _11359_/ZN
 _11360_/ZN
 _11361_/ZN
 _11362_/ZN
 _11363_/ZN
 _11364_/ZN
 _11365_/Z
 _11366_/ZN
 _11367_/Z
 _11368_/ZN
 _11369_/ZN
 _11370_/ZN
 _11371_/ZN
 _11372_/ZN
 _11373_/ZN
 _11374_/ZN
 _11375_/ZN
 _11376_/Z
 _11377_/ZN
 _11378_/ZN
 _11379_/ZN
 _11380_/ZN
 _11381_/ZN
 _11382_/ZN
 _11383_/Z
 _11384_/ZN
 _11385_/ZN
 _11386_/ZN
 _11387_/ZN
 _11388_/ZN
 _11389_/ZN
 _11390_/ZN
 _11391_/ZN
 _11392_/ZN
 _11393_/ZN
 _11394_/ZN
 _11395_/ZN
 _11396_/ZN
 _11397_/Z
 _11398_/Z
 _11399_/ZN
 _11400_/ZN
 _11401_/ZN
 _11402_/Z
 _11403_/ZN
 _11404_/ZN
 _11405_/ZN
 _11406_/Z
 _11407_/ZN
 _11408_/ZN
 _11409_/ZN
 _11410_/Z
 _11411_/Z
 _11412_/ZN
 _11413_/ZN
 _11414_/ZN
 _11415_/ZN
 _11416_/ZN
 _11417_/ZN
 _11418_/Z
 _11419_/ZN
 _11420_/ZN
 _11421_/ZN
 _11422_/ZN
 _11423_/ZN
 _11424_/Z
 _11425_/ZN
 _11426_/Z
 _11427_/ZN
 _11428_/ZN
 _11429_/ZN
 _11430_/ZN
 _11431_/ZN
 _11432_/ZN
 _11433_/ZN
 _11434_/ZN
 _11435_/ZN
 _11436_/ZN
 _11437_/ZN
 _11438_/Z
 _11439_/ZN
 _11440_/ZN
 _11441_/ZN
 _11442_/ZN
 _11443_/ZN
 _11444_/ZN
 _11445_/ZN
 _11446_/ZN
 _11447_/Z
 _11448_/Z
 _11449_/Z
 _11450_/Z
 _11451_/Z
 _11452_/Z
 _11453_/Z
 _11454_/Z
 _11455_/ZN
 _11456_/ZN
 _11457_/ZN
 _11458_/ZN
 _11459_/ZN
 _11460_/ZN
 _11461_/ZN
 _11462_/Z
 _11463_/ZN
 _11464_/ZN
 _11465_/ZN
 _11466_/Z
 _11467_/ZN
 _11468_/Z
 _11469_/Z
 _11470_/ZN
 _11471_/Z
 _11472_/ZN
 _11473_/ZN
 _11474_/ZN
 _11475_/ZN
 _11476_/ZN
 _11477_/Z
 _11478_/ZN
 _11479_/ZN
 _11480_/ZN
 _11481_/ZN
 _11482_/ZN
 _11483_/Z
 _11484_/ZN
 _11485_/ZN
 _11486_/ZN
 _11487_/ZN
 _11488_/ZN
 _11489_/ZN
 _11490_/ZN
 _11491_/Z
 _11492_/ZN
 _11493_/ZN
 _11494_/ZN
 _11495_/ZN
 _11496_/ZN
 _11497_/Z
 _11498_/ZN
 _11499_/ZN
 _11500_/Z
 _11501_/ZN
 _11502_/ZN
 _11503_/Z
 _11504_/Z
 _11505_/ZN
 _11506_/Z
 _11507_/Z
 _11508_/ZN
 _11509_/Z
 _11510_/ZN
 _11511_/ZN
 _11512_/ZN
 _11513_/ZN
 _11514_/Z
 _11515_/Z
 _11516_/ZN
 _11517_/ZN
 _11518_/ZN
 _11519_/ZN
 _11520_/ZN
 _11521_/ZN
 _11522_/ZN
 _11523_/ZN
 _11524_/ZN
 _11525_/ZN
 _11526_/Z
 _11527_/ZN
 _11528_/ZN
 _11529_/ZN
 _11530_/ZN
 _11531_/ZN
 _11532_/Z
 _11533_/ZN
 _11534_/ZN
 _11535_/ZN
 _11536_/ZN
 _11537_/ZN
 _11538_/ZN
 _11539_/ZN
 _11540_/ZN
 _11541_/ZN
 _11542_/ZN
 _11543_/ZN
 _11544_/ZN
 _11545_/ZN
 _11546_/ZN
 _11547_/ZN
 _11548_/Z
 _11549_/ZN
 _11550_/ZN
 _11551_/Z
 _11552_/Z
 _11553_/Z
 _11554_/Z
 _11555_/Z
 _11556_/Z
 _11557_/Z
 _11558_/ZN
 _11559_/ZN
 _11560_/ZN
 _11561_/ZN
 _11562_/ZN
 _11563_/ZN
 _11564_/Z
 _11565_/ZN
 _11566_/Z
 _11567_/ZN
 _11568_/ZN
 _11569_/Z
 _11570_/ZN
 _11571_/ZN
 _11572_/ZN
 _11573_/ZN
 _11574_/ZN
 _11575_/ZN
 _11576_/ZN
 _11577_/ZN
 _11578_/ZN
 _11579_/ZN
 _11580_/ZN
 _11581_/Z
 _11582_/ZN
 _11583_/Z
 _11584_/ZN
 _11585_/ZN
 _11586_/ZN
 _11587_/Z
 _11588_/Z
 _11589_/Z
 _11590_/Z
 _11591_/ZN
 _11592_/ZN
 _11593_/ZN
 _11594_/ZN
 _11595_/Z
 _11596_/ZN
 _11597_/ZN
 _11598_/ZN
 _11599_/Z
 _11600_/ZN
 _11601_/Z
 _11602_/ZN
 _11603_/ZN
 _11604_/Z
 _11605_/ZN
 _11606_/ZN
 _11607_/ZN
 _11608_/ZN
 _11609_/ZN
 _11610_/ZN
 _11611_/ZN
 _11612_/ZN
 _11613_/ZN
 _11614_/ZN
 _11615_/Z
 _11616_/ZN
 _11617_/ZN
 _11618_/ZN
 _11619_/ZN
 _11620_/ZN
 _11621_/ZN
 _11622_/ZN
 _11623_/ZN
 _11624_/ZN
 _11625_/ZN
 _11626_/Z
 _11627_/Z
 _11628_/Z
 _11629_/Z
 _11630_/ZN
 _11631_/ZN
 _11632_/ZN
 _11633_/ZN
 _11634_/ZN
 _11635_/Z
 _11636_/ZN
 _11637_/ZN
 _11638_/ZN
 _11639_/ZN
 _11640_/ZN
 _11641_/ZN
 _11642_/ZN
 _11643_/ZN
 _11644_/ZN
 _11645_/ZN
 _11646_/ZN
 _11647_/ZN
 _11648_/ZN
 _11649_/ZN
 _11650_/ZN
 _11651_/ZN
 _11652_/ZN
 _11653_/ZN
 _11654_/ZN
 _11655_/ZN
 _11656_/Z
 _11657_/ZN
 _11658_/ZN
 _11659_/ZN
 _11660_/ZN
 _11661_/Z
 _11662_/ZN
 _11663_/Z
 _11664_/ZN
 _11665_/ZN
 _11666_/Z
 _11667_/ZN
 _11668_/ZN
 _11669_/ZN
 _11670_/ZN
 _11671_/ZN
 _11672_/Z
 _11673_/ZN
 _11674_/ZN
 _11675_/Z
 _11676_/ZN
 _11677_/ZN
 _11678_/Z
 _11679_/ZN
 _11680_/ZN
 _11681_/Z
 _11682_/ZN
 _11683_/ZN
 _11684_/ZN
 _11685_/ZN
 _11686_/ZN
 _11687_/ZN
 _11688_/ZN
 _11689_/ZN
 _11690_/ZN
 _11691_/Z
 _11692_/ZN
 _11693_/ZN
 _11694_/ZN
 _11695_/Z
 _11696_/ZN
 _11697_/ZN
 _11698_/ZN
 _11699_/ZN
 _11700_/ZN
 _11701_/ZN
 _11702_/ZN
 _11703_/ZN
 _11704_/ZN
 _11705_/ZN
 _11706_/ZN
 _11707_/ZN
 _11708_/ZN
 _11709_/ZN
 _11710_/ZN
 _11711_/ZN
 _11712_/ZN
 _11713_/ZN
 _11714_/ZN
 _11715_/ZN
 _11716_/ZN
 _11717_/ZN
 _11718_/Z
 _11719_/ZN
 _11720_/Z
 _11721_/Z
 _11722_/Z
 _11723_/ZN
 _11724_/ZN
 _11725_/ZN
 _11726_/ZN
 _11727_/ZN
 _11728_/ZN
 _11729_/ZN
 _11730_/ZN
 _11731_/ZN
 _11732_/ZN
 _11733_/Z
 _11734_/ZN
 _11735_/ZN
 _11736_/ZN
 _11737_/ZN
 _11738_/ZN
 _11739_/ZN
 _11740_/ZN
 _11741_/ZN
 _11742_/ZN
 _11743_/ZN
 _11744_/ZN
 _11745_/ZN
 _11746_/ZN
 _11747_/ZN
 _11748_/ZN
 _11749_/ZN
 _11750_/ZN
 _11751_/ZN
 _11752_/ZN
 _11753_/ZN
 _11754_/ZN
 _11755_/ZN
 _11756_/ZN
 _11757_/ZN
 _11758_/ZN
 _11759_/ZN
 _11760_/ZN
 _11761_/Z
 _11762_/ZN
 _11763_/ZN
 _11764_/Z
 _11765_/Z
 _11766_/Z
 _11767_/Z
 _11768_/Z
 _11769_/ZN
 _11770_/ZN
 _11771_/ZN
 _11772_/ZN
 _11773_/Z
 _11774_/ZN
 _11775_/ZN
 _11776_/ZN
 _11777_/ZN
 _11778_/ZN
 _11779_/ZN
 _11780_/Z
 _11781_/Z
 _11782_/ZN
 _11783_/ZN
 _11784_/Z
 _11785_/ZN
 _11786_/ZN
 _11787_/ZN
 _11788_/ZN
 _11789_/ZN
 _11790_/ZN
 _11791_/ZN
 _11792_/ZN
 _11793_/ZN
 _11794_/ZN
 _11795_/ZN
 _11796_/ZN
 _11797_/ZN
 _11798_/Z
 _11799_/ZN
 _11800_/ZN
 _11801_/ZN
 _11802_/ZN
 _11803_/ZN
 _11804_/ZN
 _11805_/ZN
 _11806_/Z
 _11807_/ZN
 _11808_/ZN
 _11809_/ZN
 _11810_/ZN
 _11811_/ZN
 _11812_/ZN
 _11813_/ZN
 _11814_/ZN
 _11815_/ZN
 _11816_/ZN
 _11817_/ZN
 _11818_/ZN
 _11819_/ZN
 _11820_/Z
 _11821_/ZN
 _11822_/ZN
 _11823_/ZN
 _11824_/Z
 _11825_/ZN
 _11826_/ZN
 _11827_/Z
 _11828_/ZN
 _11829_/ZN
 _11830_/ZN
 _11831_/ZN
 _11832_/ZN
 _11833_/Z
 _11834_/ZN
 _11835_/ZN
 _11836_/ZN
 _11837_/ZN
 _11838_/ZN
 _11839_/ZN
 _11840_/ZN
 _11841_/ZN
 _11842_/ZN
 _11843_/ZN
 _11844_/ZN
 _11845_/ZN
 _11846_/ZN
 _11847_/ZN
 _11848_/Z
 _11849_/ZN
 _11850_/ZN
 _11851_/ZN
 _11852_/ZN
 _11853_/ZN
 _11854_/ZN
 _11855_/ZN
 _11856_/ZN
 _11857_/ZN
 _11858_/ZN
 _11859_/ZN
 _11860_/ZN
 _11861_/ZN
 _11862_/ZN
 _11863_/ZN
 _11864_/ZN
 _11865_/Z
 _11866_/ZN
 _11867_/ZN
 _11868_/Z
 _11869_/Z
 _11870_/Z
 _11871_/Z
 _11872_/ZN
 _11873_/ZN
 _11874_/Z
 _11875_/ZN
 _11876_/ZN
 _11877_/ZN
 _11878_/ZN
 _11879_/ZN
 _11880_/ZN
 _11881_/ZN
 _11882_/Z
 _11883_/Z
 _11884_/ZN
 _11885_/ZN
 _11886_/Z
 _11887_/Z
 _11888_/ZN
 _11889_/ZN
 _11890_/ZN
 _11891_/ZN
 _11892_/ZN
 _11893_/ZN
 _11894_/ZN
 _11895_/ZN
 _11896_/ZN
 _11897_/ZN
 _11898_/ZN
 _11899_/ZN
 _11900_/Z
 _11901_/ZN
 _11902_/ZN
 _11903_/ZN
 _11904_/ZN
 _11905_/ZN
 _11906_/Z
 _11907_/ZN
 _11908_/ZN
 _11909_/ZN
 _11910_/ZN
 _11911_/ZN
 _11912_/Z
 _11913_/ZN
 _11914_/Z
 _11915_/ZN
 _11916_/ZN
 _11917_/ZN
 _11918_/ZN
 _11919_/ZN
 _11920_/ZN
 _11921_/ZN
 _11922_/ZN
 _11923_/ZN
 _11924_/Z
 _11925_/ZN
 _11926_/ZN
 _11927_/ZN
 _11928_/ZN
 _11929_/ZN
 _11930_/ZN
 _11931_/ZN
 _11932_/ZN
 _11933_/ZN
 _11934_/ZN
 _11935_/ZN
 _11936_/ZN
 _11937_/Z
 _11938_/ZN
 _11939_/ZN
 _11940_/ZN
 _11941_/ZN
 _11942_/ZN
 _11943_/ZN
 _11944_/Z
 _11945_/ZN
 _11946_/ZN
 _11947_/Z
 _11948_/Z
 _11949_/Z
 _11950_/Z
 _11951_/ZN
 _11952_/ZN
 _11953_/ZN
 _11954_/ZN
 _11955_/ZN
 _11956_/Z
 _11957_/ZN
 _11958_/ZN
 _11959_/ZN
 _11960_/ZN
 _11961_/ZN
 _11962_/ZN
 _11963_/ZN
 _11964_/ZN
 _11965_/Z
 _11966_/ZN
 _11967_/ZN
 _11968_/ZN
 _11969_/ZN
 _11970_/ZN
 _11971_/ZN
 _11972_/ZN
 _11973_/ZN
 _11974_/Z
 _11975_/ZN
 _11976_/ZN
 _11977_/Z
 _11978_/ZN
 _11979_/ZN
 _11980_/ZN
 _11981_/ZN
 _11982_/ZN
 _11983_/ZN
 _11984_/ZN
 _11985_/ZN
 _11986_/Z
 _11987_/Z
 _11988_/Z
 _11989_/Z
 _11990_/ZN
 _11991_/ZN
 _11992_/ZN
 _11993_/ZN
 _11994_/ZN
 _11995_/ZN
 _11996_/ZN
 _11997_/ZN
 _11998_/ZN
 _11999_/ZN
 _12000_/ZN
 _12001_/ZN
 _12002_/ZN
 _12003_/Z
 _12004_/ZN
 _12005_/ZN
 _12006_/ZN
 _12007_/ZN
 _12008_/ZN
 _12009_/ZN
 _12010_/ZN
 _12011_/ZN
 _12012_/ZN
 _12013_/Z
 _12014_/ZN
 _12015_/ZN
 _12016_/ZN
 _12017_/Z
 _12018_/ZN
 _12019_/ZN
 _12020_/ZN
 _12021_/ZN
 _12022_/ZN
 _12023_/Z
 _12024_/ZN
 _12025_/ZN
 _12026_/ZN
 _12027_/ZN
 _12028_/Z
 _12029_/Z
 _12030_/Z
 _12031_/ZN
 _12032_/ZN
 _12033_/ZN
 _12034_/ZN
 _12035_/Z
 _12036_/ZN
 _12037_/ZN
 _12038_/ZN
 _12039_/ZN
 _12040_/Z
 _12041_/Z
 _12042_/Z
 _12043_/ZN
 _12044_/ZN
 _12045_/ZN
 _12046_/ZN
 _12047_/ZN
 _12048_/ZN
 _12049_/ZN
 _12050_/ZN
 _12051_/ZN
 _12052_/ZN
 _12053_/Z
 _12054_/Z
 _12055_/Z
 _12056_/ZN
 _12057_/ZN
 _12058_/ZN
 _12059_/ZN
 _12060_/ZN
 _12061_/ZN
 _12062_/ZN
 _12063_/ZN
 _12064_/ZN
 _12065_/ZN
 _12066_/ZN
 _12067_/ZN
 _12068_/ZN
 _12069_/ZN
 _12070_/ZN
 _12071_/ZN
 _12072_/ZN
 _12073_/ZN
 _12074_/ZN
 _12075_/ZN
 _12076_/ZN
 _12077_/ZN
 _12078_/ZN
 _12079_/ZN
 _12080_/ZN
 _12081_/ZN
 _12082_/ZN
 _12083_/ZN
 _12084_/ZN
 _12085_/ZN
 _12086_/ZN
 _12087_/ZN
 _12088_/ZN
 _12089_/ZN
 _12090_/ZN
 _12091_/ZN
 _12092_/ZN
 _12093_/ZN
 _12094_/ZN
 _12095_/ZN
 _12096_/ZN
 _12097_/ZN
 _12098_/ZN
 _12099_/ZN
 _12100_/ZN
 _12101_/ZN
 _12102_/ZN
 _12103_/ZN
 _12104_/ZN
 _12105_/ZN
 _12106_/ZN
 _12107_/ZN
 _12108_/ZN
 _12109_/ZN
 _12110_/ZN
 _12111_/ZN
 _12112_/ZN
 _12113_/ZN
 _12114_/ZN
 _12115_/ZN
 _12116_/ZN
 _12117_/ZN
 _12118_/ZN
 _12119_/ZN
 _12120_/ZN
 _12121_/ZN
 _12122_/ZN
 _12123_/ZN
 _12124_/ZN
 _12125_/ZN
 _12126_/ZN
 _12127_/ZN
 _12128_/ZN
 _12129_/ZN
 _12130_/ZN
 _12131_/ZN
 _12132_/ZN
 _12133_/ZN
 _12134_/ZN
 _12135_/ZN
 _12136_/ZN
 _12137_/ZN
 _12138_/ZN
 _12139_/ZN
 _12140_/ZN
 _12141_/ZN
 _12142_/ZN
 _12143_/ZN
 _12144_/ZN
 _12145_/ZN
 _12146_/ZN
 _12147_/ZN
 _12148_/ZN
 _12149_/ZN
 _12150_/Z
 _12151_/Z
 _12152_/Z
 _12153_/ZN
 _12154_/ZN
 _12155_/ZN
 _12156_/ZN
 _12157_/ZN
 _12158_/ZN
 _12159_/ZN
 _12160_/ZN
 _12161_/ZN
 _12162_/ZN
 _12163_/Z
 _12164_/Z
 _12165_/Z
 _12166_/ZN
 _12167_/ZN
 _12168_/ZN
 _12169_/Z
 _12170_/Z
 _12171_/Z
 _12172_/ZN
 _12173_/ZN
 _12174_/ZN
 _12175_/ZN
 _12176_/ZN
 _12177_/ZN
 _12178_/ZN
 _12179_/ZN
 _12180_/ZN
 _12181_/ZN
 _12182_/ZN
 _12183_/ZN
 _12184_/ZN
 _12185_/ZN
 _12186_/ZN
 _12187_/ZN
 _12188_/ZN
 _12189_/ZN
 _12190_/ZN
 _12191_/ZN
 _12192_/ZN
 _12193_/ZN
 _12194_/ZN
 _12195_/ZN
 _12196_/ZN
 _12197_/ZN
 _12198_/ZN
 _12199_/ZN
 _12200_/ZN
 _12201_/ZN
 _12202_/ZN
 _12203_/ZN
 _12204_/ZN
 _12205_/ZN
 _12206_/ZN
 _12207_/ZN
 _12208_/ZN
 _12209_/ZN
 _12210_/ZN
 _12211_/ZN
 _12212_/ZN
 _12213_/Z
 _12214_/Z
 _12215_/Z
 _12216_/ZN
 _12217_/ZN
 _12218_/ZN
 _12219_/ZN
 _12220_/ZN
 _12221_/ZN
 _12222_/ZN
 _12223_/ZN
 _12224_/ZN
 _12225_/ZN
 _12226_/ZN
 _12227_/ZN
 _12228_/ZN
 _12229_/ZN
 _12230_/ZN
 _12231_/ZN
 _12232_/ZN
 _12233_/ZN
 _12234_/ZN
 _12235_/ZN
 _12236_/ZN
 _12237_/ZN
 _12238_/ZN
 _12239_/ZN
 _12240_/ZN
 _12241_/ZN
 _12242_/ZN
 _12243_/ZN
 _12244_/ZN
 _12245_/ZN
 _12246_/ZN
 _12247_/ZN
 _12248_/ZN
 _12249_/ZN
 _12250_/ZN
 _12251_/ZN
 _12252_/ZN
 _12253_/ZN
 _12254_/ZN
 _12255_/ZN
 _12256_/Z
 _12257_/ZN
 _12258_/ZN
 _12259_/ZN
 _12260_/ZN
 _12261_/ZN
 _12262_/ZN
 _12263_/ZN
 _12264_/ZN
 _12265_/ZN
 _12266_/ZN
 _12267_/ZN
 _12268_/ZN
 _12269_/ZN
 _12270_/Z
 _12271_/ZN
 _12272_/ZN
 _12273_/Z
 _12274_/ZN
 _12275_/ZN
 _12276_/ZN
 _12277_/ZN
 _12278_/ZN
 _12279_/ZN
 _12280_/ZN
 _12281_/ZN
 _12282_/ZN
 _12283_/ZN
 _12284_/ZN
 _12285_/ZN
 _12286_/Z
 _12287_/ZN
 _12288_/ZN
 _12289_/ZN
 _12290_/ZN
 _12291_/ZN
 _12292_/ZN
 _12293_/ZN
 _12294_/ZN
 _12295_/ZN
 _12296_/ZN
 _12297_/ZN
 _12298_/ZN
 _12299_/ZN
 _12300_/ZN
 _12301_/ZN
 _12302_/ZN
 _12303_/ZN
 _12304_/ZN
 _12305_/ZN
 _12306_/Z
 _12307_/ZN
 _12308_/Z
 _12309_/ZN
 _12310_/ZN
 _12311_/ZN
 _12312_/ZN
 _12313_/ZN
 _12314_/ZN
 _12315_/ZN
 _12316_/ZN
 _12317_/ZN
 _12318_/ZN
 _12319_/ZN
 _12320_/ZN
 _12321_/ZN
 _12322_/ZN
 _12323_/ZN
 _12324_/ZN
 _12325_/ZN
 _12326_/ZN
 _12327_/ZN
 _12328_/ZN
 _12329_/ZN
 _12330_/Z
 _12331_/ZN
 _12332_/ZN
 _12333_/ZN
 _12334_/ZN
 _12335_/ZN
 _12336_/ZN
 _12337_/Z
 _12338_/ZN
 _12339_/ZN
 _12340_/Z
 _12341_/ZN
 _12342_/ZN
 _12343_/Z
 _12344_/ZN
 _12345_/Z
 _12346_/ZN
 _12347_/ZN
 _12348_/ZN
 _12349_/ZN
 _12350_/ZN
 _12351_/ZN
 _12352_/ZN
 _12353_/ZN
 _12354_/ZN
 _12355_/ZN
 _12356_/ZN
 _12357_/ZN
 _12358_/ZN
 _12359_/ZN
 _12360_/ZN
 _12361_/Z
 _12362_/ZN
 _12363_/ZN
 _12364_/Z
 _12365_/ZN
 _12366_/ZN
 _12367_/Z
 _12368_/ZN
 _12369_/Z
 _12370_/Z
 _12371_/ZN
 _12372_/ZN
 _12373_/ZN
 _12374_/Z
 _12375_/ZN
 _12376_/Z
 _12377_/Z
 _12378_/ZN
 _12379_/ZN
 _12380_/ZN
 _12381_/ZN
 _12382_/ZN
 _12383_/ZN
 _12384_/Z
 _12385_/ZN
 _12386_/ZN
 _12387_/ZN
 _12388_/Z
 _12389_/ZN
 _12390_/ZN
 _12391_/ZN
 _12392_/ZN
 _12393_/Z
 _12394_/Z
 _12395_/ZN
 _12396_/ZN
 _12397_/ZN
 _12398_/ZN
 _12399_/ZN
 _12400_/ZN
 _12401_/ZN
 _12402_/Z
 _12403_/ZN
 _12404_/Z
 _12405_/ZN
 _12406_/Z
 _12407_/Z
 _12408_/Z
 _12409_/ZN
 _12410_/ZN
 _12411_/ZN
 _12412_/ZN
 _12413_/Z
 _12414_/Z
 _12415_/Z
 _12416_/ZN
 _12417_/Z
 _12418_/Z
 _12419_/ZN
 _12420_/ZN
 _12421_/ZN
 _12422_/Z
 _12423_/Z
 _12424_/Z
 _12425_/Z
 _12426_/Z
 _12427_/ZN
 _12428_/ZN
 _12429_/ZN
 _12430_/ZN
 _12431_/Z
 _12432_/ZN
 _12433_/ZN
 _12434_/ZN
 _12435_/Z
 _12436_/Z
 _12437_/ZN
 _12438_/ZN
 _12439_/ZN
 _12440_/ZN
 _12441_/ZN
 _12442_/ZN
 _12443_/Z
 _12444_/ZN
 _12445_/Z
 _12446_/Z
 _12447_/ZN
 _12448_/ZN
 _12449_/Z
 _12450_/Z
 _12451_/Z
 _12452_/ZN
 _12453_/Z
 _12454_/ZN
 _12455_/ZN
 _12456_/ZN
 _12457_/ZN
 _12458_/Z
 _12459_/ZN
 _12460_/ZN
 _12461_/ZN
 _12462_/Z
 _12463_/Z
 _12464_/Z
 _12465_/Z
 _12466_/ZN
 _12467_/Z
 _12468_/Z
 _12469_/ZN
 _12470_/Z
 _12471_/ZN
 _12472_/Z
 _12473_/ZN
 _12474_/ZN
 _12475_/Z
 _12476_/ZN
 _12477_/Z
 _12478_/Z
 _12479_/ZN
 _12480_/ZN
 _12481_/ZN
 _12482_/Z
 _12483_/ZN
 _12484_/Z
 _12485_/Z
 _12486_/ZN
 _12487_/ZN
 _12488_/ZN
 _12489_/ZN
 _12490_/ZN
 _12491_/ZN
 _12492_/Z
 _12493_/ZN
 _12494_/ZN
 _12495_/ZN
 _12496_/Z
 _12497_/ZN
 _12498_/ZN
 _12499_/ZN
 _12500_/ZN
 _12501_/Z
 _12502_/Z
 _12503_/ZN
 _12504_/ZN
 _12505_/ZN
 _12506_/ZN
 _12507_/ZN
 _12508_/ZN
 _12509_/ZN
 _12510_/Z
 _12511_/ZN
 _12512_/Z
 _12513_/ZN
 _12514_/Z
 _12515_/Z
 _12516_/Z
 _12517_/ZN
 _12518_/ZN
 _12519_/ZN
 _12520_/ZN
 _12521_/Z
 _12522_/Z
 _12523_/Z
 _12524_/ZN
 _12525_/Z
 _12526_/Z
 _12527_/ZN
 _12528_/ZN
 _12529_/ZN
 _12530_/Z
 _12531_/Z
 _12532_/Z
 _12533_/Z
 _12534_/Z
 _12535_/ZN
 _12536_/ZN
 _12537_/ZN
 _12538_/ZN
 _12539_/Z
 _12540_/ZN
 _12541_/ZN
 _12542_/ZN
 _12543_/Z
 _12544_/Z
 _12545_/ZN
 _12546_/Z
 _12547_/ZN
 _12548_/ZN
 _12549_/Z
 _12550_/Z
 _12551_/ZN
 _12552_/Z
 _12553_/Z
 _12554_/ZN
 _12555_/ZN
 _12556_/Z
 _12557_/Z
 _12558_/Z
 _12559_/ZN
 _12560_/Z
 _12561_/ZN
 _12562_/ZN
 _12563_/ZN
 _12564_/ZN
 _12565_/Z
 _12566_/ZN
 _12567_/ZN
 _12568_/ZN
 _12569_/Z
 _12570_/Z
 _12571_/Z
 _12572_/Z
 _12573_/ZN
 _12574_/Z
 _12575_/Z
 _12576_/ZN
 _12577_/Z
 _12578_/ZN
 _12579_/Z
 _12580_/ZN
 _12581_/ZN
 _12582_/ZN
 _12583_/ZN
 _12584_/Z
 _12585_/ZN
 _12586_/Z
 _12587_/ZN
 _12588_/ZN
 _12589_/ZN
 _12590_/Z
 _12591_/Z
 _12592_/ZN
 _12593_/ZN
 _12594_/ZN
 _12595_/ZN
 _12596_/ZN
 _12597_/ZN
 _12598_/ZN
 _12599_/ZN
 _12600_/ZN
 _12601_/ZN
 _12602_/ZN
 _12603_/ZN
 _12604_/Z
 _12605_/ZN
 _12606_/ZN
 _12607_/ZN
 _12608_/ZN
 _12609_/ZN
 _12610_/ZN
 _12611_/Z
 _12612_/ZN
 _12613_/ZN
 _12614_/Z
 _12615_/ZN
 _12616_/ZN
 _12617_/ZN
 _12618_/ZN
 _12619_/ZN
 _12620_/ZN
 _12621_/ZN
 _12622_/Z
 _12623_/ZN
 _12624_/ZN
 _12625_/Z
 _12626_/Z
 _12627_/ZN
 _12628_/ZN
 _12629_/ZN
 _12630_/ZN
 _12631_/ZN
 _12632_/ZN
 _12633_/ZN
 _12634_/Z
 _12635_/ZN
 _12636_/Z
 _12637_/ZN
 _12638_/ZN
 _12639_/ZN
 _12640_/ZN
 _12641_/ZN
 _12642_/Z
 _12643_/ZN
 _12644_/ZN
 _12645_/Z
 _12646_/ZN
 _12647_/ZN
 _12648_/ZN
 _12649_/ZN
 _12650_/ZN
 _12651_/ZN
 _12652_/ZN
 _12653_/ZN
 _12654_/ZN
 _12655_/ZN
 _12656_/ZN
 _12657_/Z
 _12658_/ZN
 _12659_/ZN
 _12660_/ZN
 _12661_/ZN
 _12662_/ZN
 _12663_/ZN
 _12664_/ZN
 _12665_/ZN
 _12666_/ZN
 _12667_/ZN
 _12668_/ZN
 _12669_/ZN
 _12670_/ZN
 _12671_/ZN
 _12672_/ZN
 _12673_/ZN
 _12674_/Z
 _12675_/ZN
 _12676_/ZN
 _12677_/ZN
 _12678_/ZN
 _12679_/ZN
 _12680_/ZN
 _12681_/ZN
 _12682_/Z
 _12683_/ZN
 _12684_/ZN
 _12685_/Z
 _12686_/ZN
 _12687_/ZN
 _12688_/ZN
 _12689_/ZN
 _12690_/ZN
 _12691_/Z
 _12692_/Z
 _12693_/ZN
 _12694_/Z
 _12695_/ZN
 _12696_/ZN
 _12697_/Z
 _12698_/ZN
 _12699_/ZN
 _12700_/ZN
 _12701_/ZN
 _12702_/ZN
 _12703_/ZN
 _12704_/ZN
 _12705_/Z
 _12706_/ZN
 _12707_/ZN
 _12708_/ZN
 _12709_/ZN
 _12710_/ZN
 _12711_/ZN
 _12712_/ZN
 _12713_/ZN
 _12714_/ZN
 _12715_/ZN
 _12716_/ZN
 _12717_/ZN
 _12718_/ZN
 _12719_/ZN
 _12720_/ZN
 _12721_/ZN
 _12722_/Z
 _12723_/ZN
 _12724_/Z
 _12725_/ZN
 _12726_/ZN
 _12727_/ZN
 _12728_/ZN
 _12729_/ZN
 _12730_/ZN
 _12731_/ZN
 _12732_/ZN
 _12733_/Z
 _12734_/Z
 _12735_/ZN
 _12736_/ZN
 _12737_/Z
 _12738_/ZN
 _12739_/ZN
 _12740_/ZN
 _12741_/ZN
 _12742_/ZN
 _12743_/ZN
 _12744_/ZN
 _12745_/ZN
 _12746_/ZN
 _12747_/Z
 _12748_/ZN
 _12749_/ZN
 _12750_/Z
 _12751_/ZN
 _12752_/ZN
 _12753_/ZN
 _12754_/ZN
 _12755_/ZN
 _12756_/ZN
 _12757_/ZN
 _12758_/ZN
 _12759_/ZN
 _12760_/ZN
 _12761_/ZN
 _12762_/ZN
 _12763_/ZN
 _12764_/ZN
 _12765_/ZN
 _12766_/ZN
 _12767_/ZN
 _12768_/ZN
 _12769_/ZN
 _12770_/ZN
 _12771_/ZN
 _12772_/ZN
 _12773_/ZN
 _12774_/ZN
 _12775_/ZN
 _12776_/ZN
 _12777_/ZN
 _12778_/ZN
 _12779_/ZN
 _12780_/ZN
 _12781_/ZN
 _12782_/ZN
 _12783_/ZN
 _12784_/Z
 _12785_/ZN
 _12786_/ZN
 _12787_/ZN
 _12788_/ZN
 _12789_/ZN
 _12790_/ZN
 _12791_/ZN
 _12792_/ZN
 _12793_/ZN
 _12794_/ZN
 _12795_/ZN
 _12796_/Z
 _12797_/ZN
 _12798_/Z
 _12799_/ZN
 _12800_/ZN
 _12801_/ZN
 _12802_/ZN
 _12803_/ZN
 _12804_/ZN
 _12805_/ZN
 _12806_/ZN
 _12807_/ZN
 _12808_/ZN
 _12809_/ZN
 _12810_/ZN
 _12811_/ZN
 _12812_/ZN
 _12813_/ZN
 _12814_/ZN
 _12815_/ZN
 _12816_/ZN
 _12817_/Z
 _12818_/ZN
 _12819_/ZN
 _12820_/Z
 _12821_/ZN
 _12822_/ZN
 _12823_/ZN
 _12824_/ZN
 _12825_/ZN
 _12826_/ZN
 _12827_/ZN
 _12828_/ZN
 _12829_/ZN
 _12830_/ZN
 _12831_/ZN
 _12832_/ZN
 _12833_/Z
 _12834_/ZN
 _12835_/ZN
 _12836_/ZN
 _12837_/ZN
 _12838_/ZN
 _12839_/ZN
 _12840_/ZN
 _12841_/ZN
 _12842_/ZN
 _12843_/ZN
 _12844_/ZN
 _12845_/ZN
 _12846_/ZN
 _12847_/Z
 _12848_/Z
 _12849_/ZN
 _12850_/ZN
 _12851_/ZN
 _12852_/Z
 _12853_/ZN
 _12854_/ZN
 _12855_/ZN
 _12856_/ZN
 _12857_/ZN
 _12858_/ZN
 _12859_/Z
 _12860_/ZN
 _12861_/Z
 _12862_/ZN
 _12863_/ZN
 _12864_/ZN
 _12865_/Z
 _12866_/Z
 _12867_/ZN
 _12868_/ZN
 _12869_/ZN
 _12870_/ZN
 _12871_/ZN
 _12872_/ZN
 _12873_/ZN
 _12874_/ZN
 _12875_/ZN
 _12876_/ZN
 _12877_/ZN
 _12878_/ZN
 _12879_/ZN
 _12880_/Z
 _12881_/ZN
 _12882_/ZN
 _12883_/ZN
 _12884_/ZN
 _12885_/ZN
 _12886_/Z
 _12887_/ZN
 _12888_/ZN
 _12889_/Z
 _12890_/ZN
 _12891_/ZN
 _12892_/ZN
 _12893_/ZN
 _12894_/ZN
 _12895_/ZN
 _12896_/Z
 _12897_/ZN
 _12898_/ZN
 _12899_/ZN
 _12900_/ZN
 _12901_/ZN
 _12902_/Z
 _12903_/ZN
 _12904_/ZN
 _12905_/ZN
 _12906_/ZN
 _12907_/Z
 _12908_/ZN
 _12909_/ZN
 _12910_/Z
 _12911_/ZN
 _12912_/ZN
 _12913_/ZN
 _12914_/ZN
 _12915_/Z
 _12916_/ZN
 _12917_/ZN
 _12918_/Z
 _12919_/ZN
 _12920_/Z
 _12921_/ZN
 _12922_/Z
 _12923_/ZN
 _12924_/ZN
 _12925_/ZN
 _12926_/ZN
 _12927_/ZN
 _12928_/ZN
 _12929_/ZN
 _12930_/ZN
 _12931_/ZN
 _12932_/Z
 _12933_/ZN
 _12934_/ZN
 _12935_/ZN
 _12936_/ZN
 _12937_/ZN
 _12938_/ZN
 _12939_/ZN
 _12940_/ZN
 _12941_/ZN
 _12942_/Z
 _12943_/ZN
 _12944_/ZN
 _12945_/ZN
 _12946_/ZN
 _12947_/ZN
 _12948_/ZN
 _12949_/ZN
 _12950_/ZN
 _12951_/ZN
 _12952_/Z
 _12953_/ZN
 _12954_/ZN
 _12955_/Z
 _12956_/ZN
 _12957_/ZN
 _12958_/ZN
 _12959_/ZN
 _12960_/ZN
 _12961_/ZN
 _12962_/ZN
 _12963_/Z
 _12964_/ZN
 _12965_/Z
 _12966_/ZN
 _12967_/ZN
 _12968_/Z
 _12969_/ZN
 _12970_/ZN
 _12971_/ZN
 _12972_/ZN
 _12973_/ZN
 _12974_/ZN
 _12975_/ZN
 _12976_/Z
 _12977_/ZN
 _12978_/ZN
 _12979_/ZN
 _12980_/ZN
 _12981_/ZN
 _12982_/ZN
 _12983_/ZN
 _12984_/ZN
 _12985_/ZN
 _12986_/ZN
 _12987_/ZN
 _12988_/ZN
 _12989_/ZN
 _12990_/ZN
 _12991_/ZN
 _12992_/ZN
 _12993_/ZN
 _12994_/Z
 _12995_/ZN
 _12996_/ZN
 _12997_/Z
 _12998_/ZN
 _12999_/ZN
 _13000_/ZN
 _13001_/ZN
 _13002_/ZN
 _13003_/ZN
 _13004_/ZN
 _13005_/ZN
 _13006_/ZN
 _13007_/Z
 _13008_/ZN
 _13009_/ZN
 _13010_/Z
 _13011_/ZN
 _13012_/ZN
 _13013_/ZN
 _13014_/ZN
 _13015_/ZN
 _13016_/ZN
 _13017_/ZN
 _13018_/ZN
 _13019_/ZN
 _13020_/ZN
 _13021_/Z
 _13022_/ZN
 _13023_/ZN
 _13024_/ZN
 _13025_/ZN
 _13026_/ZN
 _13027_/ZN
 _13028_/ZN
 _13029_/ZN
 _13030_/ZN
 _13031_/ZN
 _13032_/ZN
 _13033_/ZN
 _13034_/ZN
 _13035_/ZN
 _13036_/ZN
 _13037_/ZN
 _13038_/ZN
 _13039_/ZN
 _13040_/ZN
 _13041_/ZN
 _13042_/ZN
 _13043_/ZN
 _13044_/ZN
 _13045_/ZN
 _13046_/ZN
 _13047_/ZN
 _13048_/ZN
 _13049_/ZN
 _13050_/ZN
 _13051_/ZN
 _13052_/ZN
 _13053_/ZN
 _13054_/ZN
 _13055_/ZN
 _13056_/ZN
 _13057_/ZN
 _13058_/Z
 _13059_/ZN
 _13060_/ZN
 _13061_/ZN
 _13062_/ZN
 _13063_/ZN
 _13064_/ZN
 _13065_/ZN
 _13066_/ZN
 _13067_/ZN
 _13068_/ZN
 _13069_/ZN
 _13070_/ZN
 _13071_/Z
 _13072_/ZN
 _13073_/Z
 _13074_/ZN
 _13075_/ZN
 _13076_/ZN
 _13077_/ZN
 _13078_/ZN
 _13079_/ZN
 _13080_/ZN
 _13081_/ZN
 _13082_/ZN
 _13083_/ZN
 _13084_/ZN
 _13085_/ZN
 _13086_/ZN
 _13087_/ZN
 _13088_/ZN
 _13089_/ZN
 _13090_/ZN
 _13091_/ZN
 _13092_/Z
 _13093_/ZN
 _13094_/ZN
 _13095_/Z
 _13096_/ZN
 _13097_/ZN
 _13098_/ZN
 _13099_/ZN
 _13100_/ZN
 _13101_/ZN
 _13102_/ZN
 _13103_/ZN
 _13104_/ZN
 _13105_/ZN
 _13106_/ZN
 _13107_/ZN
 _13108_/Z
 _13109_/ZN
 _13110_/ZN
 _13111_/ZN
 _13112_/ZN
 _13113_/ZN
 _13114_/ZN
 _13115_/ZN
 _13116_/ZN
 _13117_/ZN
 _13118_/ZN
 _13119_/ZN
 _13120_/ZN
 _13121_/ZN
 _13122_/Z
 _13123_/Z
 _13124_/ZN
 _13125_/ZN
 _13126_/ZN
 _13127_/Z
 _13128_/ZN
 _13129_/ZN
 _13130_/ZN
 _13131_/ZN
 _13132_/ZN
 _13133_/ZN
 _13134_/Z
 _13135_/ZN
 _13136_/ZN
 _13137_/ZN
 _13138_/ZN
 _13139_/ZN
 _13140_/ZN
 _13141_/ZN
 _13142_/ZN
 _13143_/ZN
 _13144_/Z
 _13145_/ZN
 _13146_/ZN
 _13147_/ZN
 _13148_/ZN
 _13149_/Z
 _13150_/ZN
 _13151_/ZN
 _13152_/ZN
 _13153_/Z
 _13154_/ZN
 _13155_/ZN
 _13156_/Z
 _13157_/ZN
 _13158_/ZN
 _13159_/ZN
 _13160_/ZN
 _13161_/ZN
 _13162_/Z
 _13163_/ZN
 _13164_/ZN
 _13165_/ZN
 _13166_/ZN
 _13167_/Z
 _13168_/ZN
 _13169_/Z
 _13170_/ZN
 _13171_/ZN
 _13172_/Z
 _13173_/ZN
 _13174_/ZN
 _13175_/ZN
 _13176_/ZN
 _13177_/Z
 _13178_/ZN
 _13179_/ZN
 _13180_/ZN
 _13181_/ZN
 _13182_/Z
 _13183_/ZN
 _13184_/ZN
 _13185_/ZN
 _13186_/ZN
 _13187_/ZN
 _13188_/ZN
 _13189_/ZN
 _13190_/ZN
 _13191_/ZN
 _13192_/Z
 _13193_/ZN
 _13194_/ZN
 _13195_/ZN
 _13196_/ZN
 _13197_/ZN
 _13198_/ZN
 _13199_/ZN
 _13200_/ZN
 _13201_/ZN
 _13202_/ZN
 _13203_/Z
 _13204_/ZN
 _13205_/ZN
 _13206_/ZN
 _13207_/ZN
 _13208_/ZN
 _13209_/Z
 _13210_/ZN
 _13211_/ZN
 _13212_/ZN
 _13213_/ZN
 _13214_/Z
 _13215_/ZN
 _13216_/ZN
 _13217_/ZN
 _13218_/Z
 _13219_/ZN
 _13220_/ZN
 _13221_/ZN
 _13222_/ZN
 _13223_/Z
 _13224_/ZN
 _13225_/ZN
 _13226_/ZN
 _13227_/Z
 _13228_/ZN
 _13229_/ZN
 _13230_/Z
 _13231_/ZN
 _13232_/ZN
 _13233_/ZN
 _13234_/ZN
 _13235_/ZN
 _13236_/ZN
 _13237_/Z
 _13238_/ZN
 _13239_/ZN
 _13240_/ZN
 _13241_/Z
 _13242_/ZN
 _13243_/Z
 _13244_/ZN
 _13245_/ZN
 _13246_/ZN
 _13247_/ZN
 _13248_/ZN
 _13249_/ZN
 _13250_/ZN
 _13251_/Z
 _13252_/ZN
 _13253_/ZN
 _13254_/ZN
 _13255_/ZN
 _13256_/Z
 _13257_/ZN
 _13258_/ZN
 _13259_/ZN
 _13260_/ZN
 _13261_/ZN
 _13262_/ZN
 _13263_/ZN
 _13264_/ZN
 _13265_/ZN
 _13266_/Z
 _13267_/ZN
 _13268_/ZN
 _13269_/ZN
 _13270_/ZN
 _13271_/ZN
 _13272_/ZN
 _13273_/ZN
 _13274_/ZN
 _13275_/ZN
 _13276_/Z
 _13277_/ZN
 _13278_/ZN
 _13279_/ZN
 _13280_/ZN
 _13281_/ZN
 _13282_/ZN
 _13283_/ZN
 _13284_/Z
 _13285_/ZN
 _13286_/ZN
 _13287_/ZN
 _13288_/ZN
 _13289_/ZN
 _13290_/ZN
 _13291_/ZN
 _13292_/ZN
 _13293_/ZN
 _13294_/ZN
 _13295_/ZN
 _13296_/ZN
 _13297_/Z
 _13298_/ZN
 _13299_/ZN
 _13300_/ZN
 _13301_/ZN
 _13302_/ZN
 _13303_/ZN
 _13304_/ZN
 _13305_/ZN
 _13306_/ZN
 _13307_/ZN
 _13308_/Z
 _13309_/ZN
 _13310_/ZN
 _13311_/Z
 _13312_/ZN
 _13313_/ZN
 _13314_/ZN
 _13315_/ZN
 _13316_/ZN
 _13317_/ZN
 _13318_/ZN
 _13319_/Z
 _13320_/ZN
 _13321_/ZN
 _13322_/ZN
 _13323_/ZN
 _13324_/ZN
 _13325_/ZN
 _13326_/ZN
 _13327_/ZN
 _13328_/ZN
 _13329_/Z
 _13330_/ZN
 _13331_/ZN
 _13332_/ZN
 _13333_/ZN
 _13334_/ZN
 _13335_/ZN
 _13336_/ZN
 _13337_/ZN
 _13338_/ZN
 _13339_/ZN
 _13340_/ZN
 _13341_/ZN
 _13342_/ZN
 _13343_/ZN
 _13344_/ZN
 _13345_/Z
 _13346_/ZN
 _13347_/ZN
 _13348_/ZN
 _13349_/ZN
 _13350_/ZN
 _13351_/ZN
 _13352_/Z
 _13353_/ZN
 _13354_/ZN
 _13355_/ZN
 _13356_/ZN
 _13357_/ZN
 _13358_/Z
 _13359_/ZN
 _13360_/ZN
 _13361_/ZN
 _13362_/ZN
 _13363_/ZN
 _13364_/ZN
 _13365_/ZN
 _13366_/ZN
 _13367_/ZN
 _13368_/ZN
 _13369_/Z
 _13370_/ZN
 _13371_/Z
 _13372_/ZN
 _13373_/ZN
 _13374_/ZN
 _13375_/ZN
 _13376_/ZN
 _13377_/ZN
 _13378_/ZN
 _13379_/ZN
 _13380_/ZN
 _13381_/ZN
 _13382_/ZN
 _13383_/Z
 _13384_/ZN
 _13385_/ZN
 _13386_/ZN
 _13387_/ZN
 _13388_/ZN
 _13389_/ZN
 _13390_/ZN
 _13391_/Z
 _13392_/Z
 _13393_/Z
 _13394_/ZN
 _13395_/ZN
 _13396_/ZN
 _13397_/Z
 _13398_/ZN
 _13399_/ZN
 _13400_/ZN
 _13401_/ZN
 _13402_/ZN
 _13403_/ZN
 _13404_/ZN
 _13405_/ZN
 _13406_/Z
 _13407_/Z
 _13408_/ZN
 _13409_/ZN
 _13410_/ZN
 _13411_/ZN
 _13412_/ZN
 _13413_/ZN
 _13414_/Z
 _13415_/ZN
 _13416_/ZN
 _13417_/ZN
 _13418_/ZN
 _13419_/ZN
 _13420_/Z
 _13421_/ZN
 _13422_/ZN
 _13423_/Z
 _13424_/Z
 _13425_/ZN
 _13426_/ZN
 _13427_/Z
 _13428_/ZN
 _13429_/ZN
 _13430_/Z
 _13431_/ZN
 _13432_/ZN
 _13433_/ZN
 _13434_/ZN
 _13435_/ZN
 _13436_/Z
 _13437_/ZN
 _13438_/Z
 _13439_/ZN
 _13440_/ZN
 _13441_/Z
 _13442_/ZN
 _13443_/Z
 _13444_/Z
 _13445_/ZN
 _13446_/ZN
 _13447_/ZN
 _13448_/ZN
 _13449_/ZN
 _13450_/ZN
 _13451_/ZN
 _13452_/ZN
 _13453_/Z
 _13454_/Z
 _13455_/ZN
 _13456_/ZN
 _13457_/ZN
 _13458_/ZN
 _13459_/ZN
 _13460_/Z
 _13461_/ZN
 _13462_/ZN
 _13463_/ZN
 _13464_/Z
 _13465_/ZN
 _13466_/ZN
 _13467_/Z
 _13468_/Z
 _13469_/Z
 _13470_/Z
 _13471_/ZN
 _13472_/Z
 _13473_/ZN
 _13474_/ZN
 _13475_/ZN
 _13476_/ZN
 _13477_/ZN
 _13478_/Z
 _13479_/ZN
 _13480_/ZN
 _13481_/ZN
 _13482_/ZN
 _13483_/ZN
 _13484_/ZN
 _13485_/ZN
 _13486_/Z
 _13487_/ZN
 _13488_/ZN
 _13489_/ZN
 _13490_/ZN
 _13491_/Z
 _13492_/ZN
 _13493_/ZN
 _13494_/ZN
 _13495_/ZN
 _13496_/Z
 _13497_/Z
 _13498_/ZN
 _13499_/ZN
 _13500_/Z
 _13501_/ZN
 _13502_/ZN
 _13503_/Z
 _13504_/Z
 _13505_/ZN
 _13506_/ZN
 _13507_/ZN
 _13508_/ZN
 _13509_/ZN
 _13510_/ZN
 _13511_/ZN
 _13512_/Z
 _13513_/ZN
 _13514_/ZN
 _13515_/Z
 _13516_/ZN
 _13517_/Z
 _13518_/ZN
 _13519_/ZN
 _13520_/ZN
 _13521_/ZN
 _13522_/Z
 _13523_/ZN
 _13524_/ZN
 _13525_/ZN
 _13526_/ZN
 _13527_/ZN
 _13528_/ZN
 _13529_/ZN
 _13530_/ZN
 _13531_/Z
 _13532_/Z
 _13533_/ZN
 _13534_/ZN
 _13535_/ZN
 _13536_/ZN
 _13537_/ZN
 _13538_/Z
 _13539_/ZN
 _13540_/Z
 _13541_/Z
 _13542_/ZN
 _13543_/ZN
 _13544_/ZN
 _13545_/ZN
 _13546_/ZN
 _13547_/ZN
 _13548_/ZN
 _13549_/ZN
 _13550_/ZN
 _13551_/ZN
 _13552_/ZN
 _13553_/ZN
 _13554_/ZN
 _13555_/ZN
 _13556_/ZN
 _13557_/ZN
 _13558_/ZN
 _13559_/ZN
 _13560_/ZN
 _13561_/Z
 _13562_/ZN
 _13563_/Z
 _13564_/ZN
 _13565_/ZN
 _13566_/ZN
 _13567_/Z
 _13568_/Z
 _13569_/Z
 _13570_/ZN
 _13571_/ZN
 _13572_/ZN
 _13573_/Z
 _13574_/ZN
 _13575_/ZN
 _13576_/Z
 _13577_/Z
 _13578_/Z
 _13579_/ZN
 _13580_/Z
 _13581_/ZN
 _13582_/ZN
 _13583_/ZN
 _13584_/Z
 _13585_/Z
 _13586_/ZN
 _13587_/ZN
 _13588_/ZN
 _13589_/ZN
 _13590_/Z
 _13591_/Z
 _13592_/ZN
 _13593_/ZN
 _13594_/ZN
 _13595_/ZN
 _13596_/ZN
 _13597_/ZN
 _13598_/ZN
 _13599_/ZN
 _13600_/Z
 _13601_/ZN
 _13602_/Z
 _13603_/ZN
 _13604_/ZN
 _13605_/ZN
 _13606_/ZN
 _13607_/Z
 _13608_/Z
 _13609_/ZN
 _13610_/ZN
 _13611_/ZN
 _13612_/ZN
 _13613_/ZN
 _13614_/ZN
 _13615_/Z
 _13616_/Z
 _13617_/Z
 _13618_/ZN
 _13619_/ZN
 _13620_/Z
 _13621_/ZN
 _13622_/ZN
 _13623_/Z
 _13624_/Z
 _13625_/ZN
 _13626_/ZN
 _13627_/ZN
 _13628_/ZN
 _13629_/ZN
 _13630_/ZN
 _13631_/ZN
 _13632_/ZN
 _13633_/ZN
 _13634_/ZN
 _13635_/ZN
 _13636_/ZN
 _13637_/ZN
 _13638_/ZN
 _13639_/ZN
 _13640_/ZN
 _13641_/Z
 _13642_/ZN
 _13643_/Z
 _13644_/ZN
 _13645_/ZN
 _13646_/ZN
 _13647_/ZN
 _13648_/ZN
 _13649_/ZN
 _13650_/Z
 _13651_/ZN
 _13652_/ZN
 _13653_/Z
 _13654_/ZN
 _13655_/ZN
 _13656_/ZN
 _13657_/ZN
 _13658_/ZN
 _13659_/Z
 _13660_/ZN
 _13661_/ZN
 _13662_/Z
 _13663_/ZN
 _13664_/ZN
 _13665_/ZN
 _13666_/ZN
 _13667_/Z
 _13668_/Z
 _13669_/ZN
 _13670_/ZN
 _13671_/ZN
 _13672_/ZN
 _13673_/ZN
 _13674_/ZN
 _13675_/ZN
 _13676_/ZN
 _13677_/ZN
 _13678_/ZN
 _13679_/ZN
 _13680_/ZN
 _13681_/Z
 _13682_/ZN
 _13683_/ZN
 _13684_/ZN
 _13685_/ZN
 _13686_/Z
 _13687_/Z
 _13688_/ZN
 _13689_/ZN
 _13690_/ZN
 _13691_/Z
 _13692_/ZN
 _13693_/Z
 _13694_/ZN
 _13695_/ZN
 _13696_/ZN
 _13697_/ZN
 _13698_/Z
 _13699_/ZN
 _13700_/ZN
 _13701_/ZN
 _13702_/ZN
 _13703_/ZN
 _13704_/ZN
 _13705_/Z
 _13706_/Z
 _13707_/ZN
 _13708_/ZN
 _13709_/ZN
 _13710_/ZN
 _13711_/ZN
 _13712_/ZN
 _13713_/ZN
 _13714_/ZN
 _13715_/ZN
 _13716_/ZN
 _13717_/Z
 _13718_/ZN
 _13719_/ZN
 _13720_/ZN
 _13721_/ZN
 _13722_/ZN
 _13723_/ZN
 _13724_/ZN
 _13725_/Z
 _13726_/ZN
 _13727_/Z
 _13728_/ZN
 _13729_/Z
 _13730_/ZN
 _13731_/ZN
 _13732_/ZN
 _13733_/ZN
 _13734_/Z
 _13735_/ZN
 _13736_/ZN
 _13737_/ZN
 _13738_/Z
 _13739_/ZN
 _13740_/Z
 _13741_/Z
 _13742_/ZN
 _13743_/ZN
 _13744_/ZN
 _13745_/ZN
 _13746_/ZN
 _13747_/ZN
 _13748_/ZN
 _13749_/ZN
 _13750_/ZN
 _13751_/ZN
 _13752_/ZN
 _13753_/ZN
 _13754_/Z
 _13755_/Z
 _13756_/ZN
 _13757_/ZN
 _13758_/ZN
 _13759_/ZN
 _13760_/Z
 _13761_/Z
 _13762_/ZN
 _13763_/ZN
 _13764_/ZN
 _13765_/ZN
 _13766_/ZN
 _13767_/Z
 _13768_/ZN
 _13769_/ZN
 _13770_/ZN
 _13771_/ZN
 _13772_/ZN
 _13773_/ZN
 _13774_/Z
 _13775_/ZN
 _13776_/ZN
 _13777_/Z
 _13778_/Z
 _13779_/ZN
 _13780_/ZN
 _13781_/Z
 _13782_/ZN
 _13783_/ZN
 _13784_/ZN
 _13785_/ZN
 _13786_/ZN
 _13787_/ZN
 _13788_/ZN
 _13789_/Z
 _13790_/ZN
 _13791_/ZN
 _13792_/ZN
 _13793_/Z
 _13794_/ZN
 _13795_/ZN
 _13796_/ZN
 _13797_/Z
 _13798_/ZN
 _13799_/ZN
 _13800_/ZN
 _13801_/Z
 _13802_/ZN
 _13803_/ZN
 _13804_/ZN
 _13805_/Z
 _13806_/ZN
 _13807_/ZN
 _13808_/ZN
 _13809_/Z
 _13810_/ZN
 _13811_/ZN
 _13812_/ZN
 _13813_/Z
 _13814_/Z
 _13815_/Z
 _13816_/Z
 _13817_/Z
 _13818_/Z
 _13819_/Z
 _13820_/Z
 _13821_/Z
 _13822_/Z
 _13823_/Z
 _13824_/Z
 _13825_/Z
 _13826_/Z
 _13827_/ZN
 _13828_/ZN
 _13829_/ZN
 _13830_/ZN
 _13831_/ZN
 _13832_/ZN
 _13833_/Z
 _13834_/ZN
 _13835_/ZN
 _13836_/ZN
 _13837_/ZN
 _13838_/ZN
 _13839_/ZN
 _13840_/ZN
 _13841_/ZN
 _13842_/Z
 _13843_/ZN
 _13844_/ZN
 _13845_/Z
 _13846_/ZN
 _13847_/Z
 _13848_/ZN
 _13849_/ZN
 _13850_/ZN
 _13851_/ZN
 _13852_/Z
 _13853_/ZN
 _13854_/Z
 _13855_/ZN
 _13856_/ZN
 _13857_/ZN
 _13858_/Z
 _13859_/Z
 _13860_/ZN
 _13861_/ZN
 _13862_/ZN
 _13863_/ZN
 _13864_/ZN
 _13865_/ZN
 _13866_/ZN
 _13867_/ZN
 _13868_/Z
 _13869_/ZN
 _13870_/ZN
 _13871_/ZN
 _13872_/ZN
 _13873_/Z
 _13874_/ZN
 _13875_/ZN
 _13876_/ZN
 _13877_/ZN
 _13878_/ZN
 _13879_/ZN
 _13880_/ZN
 _13881_/ZN
 _13882_/ZN
 _13883_/Z
 _13884_/ZN
 _13885_/ZN
 _13886_/ZN
 _13887_/ZN
 _13888_/ZN
 _13889_/ZN
 _13890_/ZN
 _13891_/ZN
 _13892_/ZN
 _13893_/ZN
 _13894_/Z
 _13895_/ZN
 _13896_/ZN
 _13897_/ZN
 _13898_/ZN
 _13899_/ZN
 _13900_/ZN
 _13901_/Z
 _13902_/Z
 _13903_/ZN
 _13904_/ZN
 _13905_/ZN
 _13906_/ZN
 _13907_/ZN
 _13908_/ZN
 _13909_/Z
 _13910_/ZN
 _13911_/Z
 _13912_/Z
 _13913_/Z
 _13914_/Z
 _13915_/Z
 _13916_/Z
 _13917_/Z
 _13918_/Z
 _13919_/Z
 _13920_/Z
 _13921_/Z
 _13922_/Z
 _13923_/Z
 _13924_/Z
 _13925_/Z
 _13926_/Z
 _13927_/Z
 _13928_/Z
 _13929_/ZN
 _13930_/Z
 _13931_/Z
 _13932_/Z
 _13933_/Z
 _13934_/Z
 _13935_/Z
 _13936_/Z
 _13937_/Z
 _13938_/Z
 _13939_/Z
 _13940_/Z
 _13941_/Z
 _13942_/Z
 _13943_/Z
 _13944_/Z
 _13945_/Z
 _13946_/Z
 _13947_/Z
 _13948_/Z
 _13949_/Z
 _13950_/Z
 _13951_/Z
 _13952_/Z
 _13953_/Z
 _13954_/Z
 _13955_/Z
 _13956_/Z
 _13957_/Z
 _13958_/Z
 _13959_/Z
 _13960_/Z
 _13961_/Z
 _13962_/Z
 _13963_/Z
 _13964_/Z
 _13965_/Z
 _13966_/ZN
 _13967_/Z
 _13968_/Z
 _13969_/Z
 _13970_/Z
 _13971_/Z
 _13972_/Z
 _13973_/Z
 _13974_/Z
 _13975_/Z
 _13976_/Z
 _13977_/Z
 _13978_/Z
 _13979_/Z
 _13980_/Z
 _13981_/ZN
 _13982_/Z
 _13983_/Z
 _13984_/Z
 _13985_/Z
 _13986_/Z
 _13987_/Z
 _13988_/Z
 _13989_/Z
 _13990_/Z
 _13991_/Z
 _13992_/Z
 _13993_/Z
 _13994_/Z
 _13995_/Z
 _13996_/ZN
 _13997_/Z
 _13998_/Z
 _13999_/Z
 _14000_/Z
 _14001_/Z
 _14002_/Z
 _14003_/Z
 _14004_/Z
 _14005_/Z
 _14006_/Z
 _14007_/Z
 _14008_/Z
 _14009_/Z
 _14010_/Z
 _14011_/Z
 _14012_/ZN
 _14013_/ZN
 _14014_/ZN
 _14015_/ZN
 _14016_/ZN
 _14017_/ZN
 _14018_/ZN
 _14019_/ZN
 _14020_/ZN
 _14021_/ZN
 _14022_/ZN
 _14023_/ZN
 _14024_/Z
 _14025_/ZN
 _14026_/ZN
 _14027_/ZN
 _14028_/ZN
 _14029_/ZN
 _14030_/ZN
 _14031_/ZN
 _14032_/ZN
 _14033_/ZN
 _14034_/ZN
 _14035_/Z
 _14036_/ZN
 _14037_/ZN
 _14038_/ZN
 _14039_/ZN
 _14040_/ZN
 _14041_/ZN
 _14042_/ZN
 _14043_/ZN
 _14044_/ZN
 _14045_/ZN
 _14046_/ZN
 _14047_/ZN
 _14048_/ZN
 _14049_/ZN
 _14050_/ZN
 _14051_/ZN
 _14052_/ZN
 _14053_/Z
 _14054_/ZN
 _14055_/ZN
 _14056_/ZN
 _14057_/ZN
 _14058_/ZN
 _14059_/ZN
 _14060_/ZN
 _14061_/ZN
 _14062_/ZN
 _14063_/ZN
 _14064_/ZN
 _14065_/ZN
 _14066_/ZN
 _14067_/ZN
 _14068_/ZN
 _14069_/ZN
 _14070_/ZN
 _14071_/ZN
 _14072_/ZN
 _14073_/ZN
 _14074_/ZN
 _14075_/ZN
 _14076_/ZN
 _14077_/ZN
 _14078_/ZN
 _14079_/ZN
 _14080_/Z
 _14081_/ZN
 _14082_/ZN
 _14083_/Z
 _14084_/ZN
 _14085_/ZN
 _14086_/ZN
 _14087_/ZN
 _14088_/ZN
 _14089_/ZN
 _14090_/ZN
 _14091_/ZN
 _14092_/ZN
 _14093_/ZN
 _14094_/ZN
 _14095_/ZN
 _14096_/ZN
 _14097_/ZN
 _14098_/ZN
 _14099_/ZN
 _14100_/ZN
 _14101_/ZN
 _14102_/Z
 _14103_/Z
 _14104_/Z
 _14105_/ZN
 _14106_/ZN
 _14107_/ZN
 _14108_/Z
 _14109_/ZN
 _14110_/ZN
 _14111_/ZN
 _14112_/ZN
 _14113_/ZN
 _14114_/ZN
 _14115_/Z
 _14116_/ZN
 _14117_/ZN
 _14118_/Z
 _14119_/ZN
 _14120_/ZN
 _14121_/ZN
 _14122_/ZN
 _14123_/ZN
 _14124_/ZN
 _14125_/ZN
 _14126_/ZN
 _14127_/Z
 _14128_/ZN
 _14129_/ZN
 _14130_/ZN
 _14131_/ZN
 _14132_/Z
 _14133_/ZN
 _14134_/ZN
 _14135_/Z
 _14136_/ZN
 _14137_/Z
 _14138_/Z
 _14139_/ZN
 _14140_/Z
 _14141_/ZN
 _14142_/ZN
 _14143_/ZN
 _14144_/ZN
 _14145_/ZN
 _14146_/ZN
 _14147_/Z
 _14148_/Z
 _14149_/ZN
 _14150_/ZN
 _14151_/ZN
 _14152_/ZN
 _14153_/ZN
 _14154_/Z
 _14155_/ZN
 _14156_/Z
 _14157_/Z
 _14158_/ZN
 _14159_/ZN
 _14160_/ZN
 _14161_/ZN
 _14162_/ZN
 _14163_/Z
 _14164_/Z
 _14165_/ZN
 _14166_/ZN
 _14167_/ZN
 _14168_/Z
 _14169_/ZN
 _14170_/ZN
 _14171_/ZN
 _14172_/ZN
 _14173_/ZN
 _14174_/ZN
 _14175_/ZN
 _14176_/ZN
 _14177_/ZN
 _14178_/Z
 _14179_/ZN
 _14180_/ZN
 _14181_/ZN
 _14182_/ZN
 _14183_/ZN
 _14184_/ZN
 _14185_/ZN
 _14186_/Z
 _14187_/ZN
 _14188_/ZN
 _14189_/ZN
 _14190_/ZN
 _14191_/ZN
 _14192_/ZN
 _14193_/ZN
 _14194_/Z
 _14195_/ZN
 _14196_/ZN
 _14197_/ZN
 _14198_/ZN
 _14199_/ZN
 _14200_/ZN
 _14201_/ZN
 _14202_/ZN
 _14203_/ZN
 _14204_/ZN
 _14205_/ZN
 _14206_/ZN
 _14207_/ZN
 _14208_/ZN
 _14209_/ZN
 _14210_/ZN
 _14211_/ZN
 _14212_/ZN
 _14213_/ZN
 _14214_/ZN
 _14215_/ZN
 _14216_/ZN
 _14217_/ZN
 _14218_/ZN
 _14219_/ZN
 _14220_/Z
 _14221_/ZN
 _14222_/ZN
 _14223_/Z
 _14224_/ZN
 _14225_/ZN
 _14226_/ZN
 _14227_/Z
 _14228_/ZN
 _14229_/Z
 _14230_/ZN
 _14231_/ZN
 _14232_/ZN
 _14233_/ZN
 _14234_/ZN
 _14235_/ZN
 _14236_/ZN
 _14237_/ZN
 _14238_/ZN
 _14239_/ZN
 _14240_/ZN
 _14241_/ZN
 _14242_/ZN
 _14243_/ZN
 _14244_/ZN
 _14245_/ZN
 _14246_/ZN
 _14247_/Z
 _14248_/ZN
 _14249_/ZN
 _14250_/ZN
 _14251_/ZN
 _14252_/ZN
 _14253_/ZN
 _14254_/ZN
 _14255_/ZN
 _14256_/ZN
 _14257_/ZN
 _14258_/ZN
 _14259_/ZN
 _14260_/Z
 _14261_/Z
 _14262_/Z
 _14263_/Z
 _14264_/Z
 _14265_/Z
 _14266_/Z
 _14267_/Z
 _14268_/Z
 _14269_/Z
 _14270_/Z
 _14271_/Z
 _14272_/Z
 _14273_/Z
 _14274_/Z
 _14275_/Z
 _14276_/Z
 _14277_/Z
 _14278_/Z
 _14279_/Z
 _14280_/Z
 _14281_/Z
 _14282_/Z
 _14283_/Z
 _14284_/Z
 _14285_/Z
 _14286_/Z
 _14287_/Z
 _14288_/Z
 _14289_/Z
 _14290_/Z
 _14291_/Z
 _14292_/Z
 _14293_/Z
 _14294_/Z
 _14295_/Z
 _14296_/Z
 _14297_/Z
 _14298_/Z
 _14299_/Z
 _14300_/ZN
 _14301_/ZN
 _14302_/Z
 _14303_/ZN
 _14304_/Z
 _14305_/Z
 _14306_/ZN
 _14307_/ZN
 _14308_/ZN
 _14309_/ZN
 _14310_/Z
 _14311_/ZN
 _14312_/Z
 _14313_/ZN
 _14314_/ZN
 _14315_/ZN
 _14316_/Z
 _14317_/ZN
 _14318_/ZN
 _14319_/ZN
 _14320_/ZN
 _14321_/Z
 _14322_/Z
 _14323_/ZN
 _14324_/Z
 _14325_/Z
 _14326_/ZN
 _14327_/ZN
 _14328_/Z
 _14329_/ZN
 _14330_/ZN
 _14331_/Z
 _14332_/ZN
 _14333_/ZN
 _14334_/ZN
 _14335_/ZN
 _14336_/Z
 _14337_/Z
 _14338_/ZN
 _14339_/ZN
 _14340_/ZN
 _14341_/Z
 _14342_/ZN
 _14343_/ZN
 _14344_/ZN
 _14345_/Z
 _14346_/ZN
 _14347_/ZN
 _14348_/ZN
 _14349_/Z
 _14350_/Z
 _14351_/ZN
 _14352_/Z
 _14353_/Z
 _14354_/ZN
 _14355_/ZN
 _14356_/Z
 _14357_/ZN
 _14358_/ZN
 _14359_/Z
 _14360_/ZN
 _14361_/ZN
 _14362_/ZN
 _14363_/ZN
 _14364_/ZN
 _14365_/ZN
 _14366_/Z
 _14367_/ZN
 _14368_/ZN
 _14369_/ZN
 _14370_/ZN
 _14371_/Z
 _14372_/ZN
 _14373_/Z
 _14374_/ZN
 _14375_/ZN
 _14376_/ZN
 _14377_/Z
 _14378_/ZN
 _14379_/ZN
 _14380_/ZN
 _14381_/ZN
 _14382_/Z
 _14383_/Z
 _14384_/ZN
 _14385_/ZN
 _14386_/Z
 _14387_/ZN
 _14388_/ZN
 _14389_/ZN
 _14390_/ZN
 _14391_/ZN
 _14392_/ZN
 _14393_/Z
 _14394_/ZN
 _14395_/ZN
 _14396_/ZN
 _14397_/ZN
 _14398_/Z
 _14399_/Z
 _14400_/ZN
 _14401_/ZN
 _14402_/ZN
 _14403_/Z
 _14404_/ZN
 _14405_/ZN
 _14406_/ZN
 _14407_/Z
 _14408_/ZN
 _14409_/ZN
 _14410_/ZN
 _14411_/Z
 _14412_/Z
 _14413_/ZN
 _14414_/Z
 _14415_/Z
 _14416_/ZN
 _14417_/ZN
 _14418_/Z
 _14419_/ZN
 _14420_/ZN
 _14421_/Z
 _14422_/ZN
 _14423_/ZN
 _14424_/ZN
 _14425_/ZN
 _14426_/Z
 _14427_/Z
 _14428_/Z
 _14429_/Z
 _14430_/Z
 _14431_/Z
 _14432_/Z
 _14433_/Z
 _14434_/Z
 _14435_/Z
 _14436_/Z
 _14437_/ZN
 _14438_/Z
 _14439_/Z
 _14440_/ZN
 _14441_/ZN
 _14442_/ZN
 _14443_/Z
 _14444_/ZN
 _14445_/ZN
 _14446_/Z
 _14447_/ZN
 _14448_/ZN
 _14449_/ZN
 _14450_/ZN
 _14451_/ZN
 _14452_/ZN
 _14453_/Z
 _14454_/ZN
 _14455_/ZN
 _14456_/ZN
 _14457_/ZN
 _14458_/ZN
 _14459_/Z
 _14460_/Z
 _14461_/ZN
 _14462_/ZN
 _14463_/ZN
 _14464_/ZN
 _14465_/ZN
 _14466_/ZN
 _14467_/Z
 _14468_/ZN
 _14469_/ZN
 _14470_/ZN
 _14471_/ZN
 _14472_/Z
 _14473_/Z
 _14474_/ZN
 _14475_/ZN
 _14476_/ZN
 _14477_/ZN
 _14478_/Z
 _14479_/ZN
 _14480_/Z
 _14481_/ZN
 _14482_/Z
 _14483_/ZN
 _14484_/ZN
 _14485_/ZN
 _14486_/Z
 _14487_/ZN
 _14488_/Z
 _14489_/Z
 _14490_/ZN
 _14491_/ZN
 _14492_/ZN
 _14493_/ZN
 _14494_/Z
 _14495_/ZN
 _14496_/ZN
 _14497_/Z
 _14498_/ZN
 _14499_/ZN
 _14500_/Z
 _14501_/ZN
 _14502_/Z
 _14503_/ZN
 _14504_/ZN
 _14505_/ZN
 _14506_/ZN
 _14507_/ZN
 _14508_/Z
 _14509_/ZN
 _14510_/ZN
 _14511_/ZN
 _14512_/Z
 _14513_/Z
 _14514_/Z
 _14515_/Z
 _14516_/Z
 _14517_/Z
 _14518_/Z
 _14519_/Z
 _14520_/Z
 _14521_/Z
 _14522_/ZN
 _14523_/Z
 _14524_/Z
 _14525_/ZN
 _14526_/ZN
 _14527_/ZN
 _14528_/Z
 _14529_/ZN
 _14530_/ZN
 _14531_/Z
 _14532_/ZN
 _14533_/ZN
 _14534_/ZN
 _14535_/ZN
 _14536_/ZN
 _14537_/ZN
 _14538_/Z
 _14539_/ZN
 _14540_/ZN
 _14541_/ZN
 _14542_/ZN
 _14543_/ZN
 _14544_/Z
 _14545_/Z
 _14546_/ZN
 _14547_/ZN
 _14548_/ZN
 _14549_/ZN
 _14550_/ZN
 _14551_/ZN
 _14552_/Z
 _14553_/ZN
 _14554_/ZN
 _14555_/ZN
 _14556_/ZN
 _14557_/Z
 _14558_/Z
 _14559_/ZN
 _14560_/ZN
 _14561_/ZN
 _14562_/ZN
 _14563_/Z
 _14564_/ZN
 _14565_/Z
 _14566_/ZN
 _14567_/Z
 _14568_/ZN
 _14569_/ZN
 _14570_/ZN
 _14571_/Z
 _14572_/ZN
 _14573_/Z
 _14574_/Z
 _14575_/ZN
 _14576_/ZN
 _14577_/ZN
 _14578_/ZN
 _14579_/Z
 _14580_/ZN
 _14581_/ZN
 _14582_/Z
 _14583_/ZN
 _14584_/ZN
 _14585_/Z
 _14586_/ZN
 _14587_/Z
 _14588_/ZN
 _14589_/ZN
 _14590_/ZN
 _14591_/ZN
 _14592_/ZN
 _14593_/Z
 _14594_/ZN
 _14595_/ZN
 _14596_/ZN
 _14597_/Z
 _14598_/Z
 _14599_/Z
 _14600_/Z
 _14601_/Z
 _14602_/Z
 _14603_/Z
 _14604_/Z
 _14605_/Z
 _14606_/Z
 _14607_/ZN
 _14608_/Z
 _14609_/Z
 _14610_/ZN
 _14611_/ZN
 _14612_/ZN
 _14613_/Z
 _14614_/ZN
 _14615_/ZN
 _14616_/Z
 _14617_/ZN
 _14618_/ZN
 _14619_/ZN
 _14620_/ZN
 _14621_/ZN
 _14622_/ZN
 _14623_/Z
 _14624_/ZN
 _14625_/ZN
 _14626_/ZN
 _14627_/ZN
 _14628_/ZN
 _14629_/Z
 _14630_/Z
 _14631_/ZN
 _14632_/ZN
 _14633_/ZN
 _14634_/ZN
 _14635_/ZN
 _14636_/ZN
 _14637_/Z
 _14638_/ZN
 _14639_/ZN
 _14640_/ZN
 _14641_/ZN
 _14642_/Z
 _14643_/Z
 _14644_/ZN
 _14645_/ZN
 _14646_/ZN
 _14647_/ZN
 _14648_/Z
 _14649_/ZN
 _14650_/ZN
 _14651_/Z
 _14652_/ZN
 _14653_/ZN
 _14654_/ZN
 _14655_/ZN
 _14656_/ZN
 _14657_/ZN
 _14658_/ZN
 _14659_/ZN
 _14660_/Z
 _14661_/ZN
 _14662_/ZN
 _14663_/ZN
 _14664_/ZN
 _14665_/Z
 _14666_/ZN
 _14667_/ZN
 _14668_/Z
 _14669_/ZN
 _14670_/Z
 _14671_/Z
 _14672_/Z
 _14673_/ZN
 _14674_/ZN
 _14675_/ZN
 _14676_/ZN
 _14677_/Z
 _14678_/ZN
 _14679_/Z
 _14680_/Z
 _14681_/ZN
 _14682_/Z
 _14683_/Z
 _14684_/Z
 _14685_/Z
 _14686_/Z
 _14687_/Z
 _14688_/Z
 _14689_/Z
 _14690_/Z
 _14691_/Z
 _14692_/ZN
 _14693_/Z
 _14694_/Z
 _14695_/ZN
 _14696_/ZN
 _14697_/ZN
 _14698_/Z
 _14699_/ZN
 _14700_/ZN
 _14701_/Z
 _14702_/ZN
 _14703_/ZN
 _14704_/ZN
 _14705_/ZN
 _14706_/ZN
 _14707_/ZN
 _14708_/Z
 _14709_/ZN
 _14710_/ZN
 _14711_/ZN
 _14712_/ZN
 _14713_/ZN
 _14714_/Z
 _14715_/Z
 _14716_/ZN
 _14717_/ZN
 _14718_/ZN
 _14719_/ZN
 _14720_/ZN
 _14721_/ZN
 _14722_/Z
 _14723_/ZN
 _14724_/ZN
 _14725_/ZN
 _14726_/ZN
 _14727_/Z
 _14728_/Z
 _14729_/ZN
 _14730_/ZN
 _14731_/ZN
 _14732_/ZN
 _14733_/Z
 _14734_/ZN
 _14735_/Z
 _14736_/ZN
 _14737_/ZN
 _14738_/Z
 _14739_/Z
 _14740_/ZN
 _14741_/ZN
 _14742_/ZN
 _14743_/ZN
 _14744_/Z
 _14745_/ZN
 _14746_/Z
 _14747_/ZN
 _14748_/ZN
 _14749_/ZN
 _14750_/ZN
 _14751_/ZN
 _14752_/ZN
 _14753_/ZN
 _14754_/ZN
 _14755_/ZN
 _14756_/ZN
 _14757_/ZN
 _14758_/Z
 _14759_/Z
 _14760_/ZN
 _14761_/ZN
 _14762_/ZN
 _14763_/ZN
 _14764_/ZN
 _14765_/Z
 _14766_/ZN
 _14767_/Z
 _14768_/Z
 _14769_/Z
 _14770_/Z
 _14771_/Z
 _14772_/Z
 _14773_/Z
 _14774_/Z
 _14775_/Z
 _14776_/Z
 _14777_/Z
 _14778_/Z
 _14779_/Z
 _14780_/Z
 _14781_/Z
 _14782_/Z
 _14783_/Z
 _14784_/Z
 _14785_/Z
 _14786_/Z
 _14787_/Z
 _14788_/Z
 _14789_/Z
 _14790_/Z
 _14791_/Z
 _14792_/Z
 _14793_/Z
 _14794_/Z
 _14795_/Z
 _14796_/Z
 _14797_/Z
 _14798_/Z
 _14799_/Z
 _14800_/Z
 _14801_/Z
 _14802_/Z
 _14803_/Z
 _14804_/Z
 _14805_/Z
 _14806_/Z
 _14807_/Z
 _14808_/Z
 _14809_/Z
 _14810_/Z
 _14811_/Z
 _14812_/Z
 _14813_/Z
 _14814_/Z
 _14815_/Z
 _14816_/Z
 _14817_/Z
 _14818_/Z
 _14819_/Z
 _14820_/Z
 _14821_/Z
 _14822_/Z
 _14823_/Z
 _14824_/Z
 _14825_/Z
 _14826_/Z
 _14827_/Z
 _14828_/Z
 _14829_/Z
 _14830_/Z
 _14831_/Z
 _14832_/Z
 _14833_/Z
 _14834_/Z
 _14835_/ZN
 _14836_/ZN
 _14837_/Z
 _14838_/Z
 _14839_/ZN
 _14840_/ZN
 _14841_/ZN
 _14842_/ZN
 _14843_/ZN
 _14844_/ZN
 _14845_/ZN
 _14846_/ZN
 _14847_/ZN
 _14848_/ZN
 _14849_/ZN
 _14850_/ZN
 _14851_/ZN
 _14852_/ZN
 _14853_/ZN
 _14854_/ZN
 _14855_/ZN
 _14856_/ZN
 _14857_/ZN
 _14858_/ZN
 _14859_/ZN
 _14860_/ZN
 _14861_/ZN
 _14862_/Z
 _14863_/ZN
 _14864_/ZN
 _14865_/ZN
 _14866_/ZN
 _14867_/ZN
 _14868_/ZN
 _14869_/ZN
 _14870_/ZN
 _14871_/ZN
 _14872_/ZN
 _14873_/ZN
 _14874_/Z
 _14875_/ZN
 _14876_/ZN
 _14877_/ZN
 _14878_/ZN
 _14879_/ZN
 _14880_/Z
 _14881_/ZN
 _14882_/ZN
 _14883_/ZN
 _14884_/ZN
 _14885_/Z
 _14886_/Z
 _14887_/Z
 _14888_/ZN
 _14889_/ZN
 _14890_/Z
 _14891_/ZN
 _14892_/ZN
 _14893_/Z
 _14894_/ZN
 _14895_/ZN
 _14896_/Z
 _14897_/ZN
 _14898_/ZN
 _14899_/ZN
 _14900_/ZN
 _14901_/ZN
 _14902_/Z
 _14903_/Z
 _14904_/ZN
 _14905_/ZN
 _14906_/ZN
 _14907_/Z
 _14908_/ZN
 _14909_/ZN
 _14910_/ZN
 _14911_/ZN
 _14912_/Z
 _14913_/ZN
 _14914_/ZN
 _14915_/ZN
 _14916_/Z
 _14917_/ZN
 _14918_/ZN
 _14919_/ZN
 _14920_/Z
 _14921_/ZN
 _14922_/ZN
 _14923_/ZN
 _14924_/ZN
 _14925_/ZN
 _14926_/ZN
 _14927_/Z
 _14928_/ZN
 _14929_/ZN
 _14930_/Z
 _14931_/ZN
 _14932_/ZN
 _14933_/ZN
 _14934_/ZN
 _14935_/ZN
 _14936_/ZN
 _14937_/ZN
 _14938_/ZN
 _14939_/ZN
 _14940_/ZN
 _14941_/ZN
 _14942_/ZN
 _14943_/ZN
 _14944_/ZN
 _14945_/ZN
 _14946_/Z
 _14947_/ZN
 _14948_/Z
 _14949_/ZN
 _14950_/ZN
 _14951_/ZN
 _14952_/ZN
 _14953_/ZN
 _14954_/ZN
 _14955_/ZN
 _14956_/ZN
 _14957_/ZN
 _14958_/Z
 _14959_/Z
 _14960_/ZN
 _14961_/ZN
 _14962_/ZN
 _14963_/ZN
 _14964_/ZN
 _14965_/ZN
 _14966_/ZN
 _14967_/ZN
 _14968_/Z
 _14969_/Z
 _14970_/Z
 _14971_/Z
 _14972_/ZN
 _14973_/Z
 _14974_/ZN
 _14975_/ZN
 _14976_/ZN
 _14977_/Z
 _14978_/ZN
 _14979_/ZN
 _14980_/ZN
 _14981_/Z
 _14982_/Z
 _14983_/ZN
 _14984_/Z
 _14985_/ZN
 _14986_/ZN
 _14987_/ZN
 _14988_/Z
 _14989_/ZN
 _14990_/ZN
 _14991_/ZN
 _14992_/Z
 _14993_/ZN
 _14994_/ZN
 _14995_/ZN
 _14996_/ZN
 _14997_/ZN
 _14998_/Z
 _14999_/ZN
 _15000_/Z
 _15001_/Z
 _15002_/Z
 _15003_/Z
 _15004_/ZN
 _15005_/Z
 _15006_/ZN
 _15007_/ZN
 _15008_/ZN
 _15009_/Z
 _15010_/ZN
 _15011_/ZN
 _15012_/ZN
 _15013_/ZN
 _15014_/Z
 _15015_/ZN
 _15016_/ZN
 _15017_/Z
 _15018_/Z
 _15019_/ZN
 _15020_/ZN
 _15021_/Z
 _15022_/ZN
 _15023_/ZN
 _15024_/ZN
 _15025_/ZN
 _15026_/ZN
 _15027_/ZN
 _15028_/Z
 _15029_/ZN
 _15030_/Z
 _15031_/Z
 _15032_/Z
 _15033_/Z
 _15034_/Z
 _15035_/Z
 _15036_/Z
 _15037_/Z
 _15038_/Z
 _15039_/Z
 _15040_/Z
 _15041_/Z
 _15042_/Z
 _15043_/Z
 _15044_/Z
 _15045_/Z
 _15046_/Z
 _15047_/Z
 _15048_/Z
 _15049_/Z
 _15050_/Z
 _15051_/Z
 _15052_/Z
 _15053_/Z
 _15054_/Z
 _15055_/Z
 _15056_/Z
 _15057_/Z
 _15058_/Z
 _15059_/Z
 _15060_/Z
 _15061_/Z
 _15062_/Z
 _15063_/Z
 _15064_/Z
 _15065_/Z
 _15066_/Z
 _15067_/Z
 _15068_/Z
 _15069_/Z
 _15070_/Z
 _15071_/Z
 _15072_/Z
 _15073_/Z
 _15074_/Z
 _15075_/Z
 _15076_/Z
 _15077_/Z
 _15078_/Z
 _15079_/Z
 _15080_/Z
 _15081_/Z
 _15082_/Z
 _15083_/Z
 _15084_/Z
 _15085_/Z
 _15086_/Z
 _15087_/Z
 _15088_/Z
 _15089_/Z
 _15090_/Z
 _15091_/Z
 _15092_/Z
 _15093_/Z
 _15094_/Z
 _15095_/Z
 _15096_/Z
 _15097_/Z
 _15098_/ZN
 _15099_/ZN
 _15100_/ZN
 _15101_/Z
 _15102_/ZN
 _15103_/Z
 _15104_/ZN
 _15105_/ZN
 _15106_/Z
 _15107_/Z
 _15108_/ZN
 _15109_/ZN
 _15110_/ZN
 _15111_/Z
 _15112_/Z
 _15113_/ZN
 _15114_/ZN
 _15115_/ZN
 _15116_/Z
 _15117_/ZN
 _15118_/ZN
 _15119_/ZN
 _15120_/ZN
 _15121_/Z
 _15122_/ZN
 _15123_/ZN
 _15124_/ZN
 _15125_/ZN
 _15126_/ZN
 _15127_/ZN
 _15128_/Z
 _15129_/ZN
 _15130_/ZN
 _15131_/ZN
 _15132_/Z
 _15133_/ZN
 _15134_/Z
 _15135_/ZN
 _15136_/ZN
 _15137_/ZN
 _15138_/ZN
 _15139_/ZN
 _15140_/ZN
 _15141_/Z
 _15142_/ZN
 _15143_/ZN
 _15144_/ZN
 _15145_/ZN
 _15146_/ZN
 _15147_/ZN
 _15148_/ZN
 _15149_/ZN
 _15150_/ZN
 _15151_/ZN
 _15152_/ZN
 _15153_/ZN
 _15154_/ZN
 _15155_/ZN
 _15156_/ZN
 _15157_/ZN
 _15158_/ZN
 _15159_/ZN
 _15160_/ZN
 _15161_/ZN
 _15162_/ZN
 _15163_/ZN
 _15164_/ZN
 _15165_/ZN
 _15166_/Z
 _15167_/ZN
 _15168_/Z
 _15169_/ZN
 _15170_/Z
 _15171_/ZN
 _15172_/Z
 _15173_/ZN
 _15174_/ZN
 _15175_/Z
 _15176_/ZN
 _15177_/ZN
 _15178_/ZN
 _15179_/Z
 _15180_/ZN
 _15181_/ZN
 _15182_/ZN
 _15183_/ZN
 _15184_/Z
 _15185_/ZN
 _15186_/ZN
 _15187_/ZN
 _15188_/Z
 _15189_/Z
 _15190_/Z
 _15191_/Z
 _15192_/Z
 _15193_/Z
 _15194_/Z
 _15195_/Z
 _15196_/Z
 _15197_/Z
 _15198_/Z
 _15199_/Z
 _15200_/Z
 _15201_/Z
 _15202_/Z
 _15203_/Z
 _15204_/ZN
 _15205_/ZN
 _15206_/Z
 _15207_/Z
 _15208_/Z
 _15209_/Z
 _15210_/Z
 _15211_/ZN
 _15212_/ZN
 _15213_/ZN
 _15214_/ZN
 _15215_/ZN
 _15216_/ZN
 _15217_/ZN
 _15218_/ZN
 _15219_/ZN
 _15220_/Z
 _15221_/Z
 _15222_/ZN
 _15223_/Z
 _15224_/ZN
 _15225_/ZN
 _15226_/ZN
 _15227_/ZN
 _15228_/ZN
 _15229_/ZN
 _15230_/ZN
 _15231_/ZN
 _15232_/Z
 _15233_/ZN
 _15234_/ZN
 _15235_/ZN
 _15236_/Z
 _15237_/ZN
 _15238_/ZN
 _15239_/ZN
 _15240_/ZN
 _15241_/ZN
 _15242_/ZN
 _15243_/ZN
 _15244_/ZN
 _15245_/Z
 _15246_/ZN
 _15247_/ZN
 _15248_/ZN
 _15249_/Z
 _15250_/ZN
 _15251_/ZN
 _15252_/ZN
 _15253_/Z
 _15254_/ZN
 _15255_/ZN
 _15256_/ZN
 _15257_/Z
 _15258_/ZN
 _15259_/ZN
 _15260_/ZN
 _15261_/Z
 _15262_/ZN
 _15263_/ZN
 _15264_/ZN
 _15265_/Z
 _15266_/ZN
 _15267_/ZN
 _15268_/ZN
 _15269_/Z
 _15270_/Z
 _15271_/Z
 _15272_/ZN
 _15273_/ZN
 _15274_/ZN
 _15275_/ZN
 _15276_/ZN
 _15277_/ZN
 _15278_/ZN
 _15279_/ZN
 _15280_/ZN
 _15281_/Z
 _15282_/ZN
 _15283_/ZN
 _15284_/ZN
 _15285_/ZN
 _15286_/Z
 _15287_/Z
 _15288_/ZN
 _15289_/ZN
 _15290_/ZN
 _15291_/ZN
 _15292_/ZN
 _15293_/ZN
 _15294_/ZN
 _15295_/ZN
 _15296_/ZN
 _15297_/ZN
 _15298_/ZN
 _15299_/ZN
 _15300_/ZN
 _15301_/ZN
 _15302_/ZN
 _15303_/ZN
 _15304_/Z
 _15305_/ZN
 _15306_/ZN
 _15307_/Z
 _15308_/ZN
 _15309_/ZN
 _15310_/ZN
 _15311_/Z
 _15312_/ZN
 _15313_/ZN
 _15314_/ZN
 _15315_/ZN
 _15316_/ZN
 _15317_/Z
 _15318_/ZN
 _15319_/Z
 _15320_/ZN
 _15321_/ZN
 _15322_/ZN
 _15323_/ZN
 _15324_/ZN
 _15325_/ZN
 _15326_/ZN
 _15327_/ZN
 _15328_/ZN
 _15329_/ZN
 _15330_/ZN
 _15331_/ZN
 _15332_/Z
 _15333_/ZN
 _15334_/ZN
 _15335_/Z
 _15336_/ZN
 _15337_/ZN
 _15338_/ZN
 _15339_/ZN
 _15340_/Z
 _15341_/ZN
 _15342_/ZN
 _15343_/ZN
 _15344_/ZN
 _15345_/Z
 _15346_/ZN
 _15347_/ZN
 _15348_/ZN
 _15349_/Z
 _15350_/ZN
 _15351_/ZN
 _15352_/ZN
 _15353_/ZN
 _15354_/ZN
 _15355_/ZN
 _15356_/ZN
 _15357_/ZN
 _15358_/Z
 _15359_/ZN
 _15360_/ZN
 _15361_/ZN
 _15362_/ZN
 _15363_/ZN
 _15364_/Z
 _15365_/ZN
 _15366_/ZN
 _15367_/ZN
 _15368_/ZN
 _15369_/ZN
 _15370_/ZN
 _15371_/ZN
 _15372_/Z
 _15373_/ZN
 _15374_/ZN
 _15375_/ZN
 _15376_/ZN
 _15377_/ZN
 _15378_/ZN
 _15379_/ZN
 _15380_/ZN
 _15381_/ZN
 _15382_/ZN
 _15383_/ZN
 _15384_/ZN
 _15385_/ZN
 _15386_/ZN
 _15387_/ZN
 _15388_/ZN
 _15389_/ZN
 _15390_/ZN
 _15391_/ZN
 _15392_/ZN
 _15393_/ZN
 _15394_/ZN
 _15395_/Z
 _15396_/ZN
 _15397_/ZN
 _15398_/ZN
 _15399_/ZN
 _15400_/ZN
 _15401_/ZN
 _15402_/ZN
 _15403_/ZN
 _15404_/ZN
 _15405_/ZN
 _15406_/ZN
 _15407_/ZN
 _15408_/Z
 _15409_/ZN
 _15410_/ZN
 _15411_/ZN
 _15412_/ZN
 _15413_/ZN
 _15414_/ZN
 _15415_/ZN
 _15416_/ZN
 _15417_/Z
 _15418_/Z
 _15419_/ZN
 _15420_/Z
 _15421_/ZN
 _15422_/Z
 _15423_/ZN
 _15424_/ZN
 _15425_/Z
 _15426_/ZN
 _15427_/ZN
 _15428_/Z
 _15429_/Z
 _15430_/ZN
 _15431_/ZN
 _15432_/ZN
 _15433_/ZN
 _15434_/ZN
 _15435_/ZN
 _15436_/ZN
 _15437_/ZN
 _15438_/ZN
 _15439_/ZN
 _15440_/ZN
 _15441_/ZN
 _15442_/ZN
 _15443_/ZN
 _15444_/ZN
 _15445_/ZN
 _15446_/ZN
 _15447_/ZN
 _15448_/ZN
 _15449_/Z
 _15450_/ZN
 _15451_/ZN
 _15452_/ZN
 _15453_/ZN
 _15454_/Z
 _15455_/ZN
 _15456_/ZN
 _15457_/Z
 _15458_/ZN
 _15459_/ZN
 _15460_/Z
 _15461_/ZN
 _15462_/ZN
 _15463_/ZN
 _15464_/ZN
 _15465_/ZN
 _15466_/ZN
 _15467_/ZN
 _15468_/ZN
 _15469_/ZN
 _15470_/Z
 _15471_/ZN
 _15472_/ZN
 _15473_/Z
 _15474_/ZN
 _15475_/ZN
 _15476_/ZN
 _15477_/ZN
 _15478_/Z
 _15479_/ZN
 _15480_/ZN
 _15481_/ZN
 _15482_/ZN
 _15483_/Z
 _15484_/Z
 _15485_/ZN
 _15486_/Z
 _15487_/ZN
 _15488_/ZN
 _15489_/Z
 _15490_/Z
 _15491_/Z
 _15492_/Z
 _15493_/Z
 _15494_/Z
 _15495_/Z
 _15496_/Z
 _15497_/Z
 _15498_/Z
 _15499_/Z
 _15500_/Z
 _15501_/Z
 _15502_/Z
 _15503_/Z
 _15504_/Z
 _15505_/Z
 _15506_/Z
 _15507_/Z
 _15508_/Z
 _15509_/Z
 _15510_/Z
 _15511_/Z
 _15512_/Z
 _15513_/Z
 _15514_/Z
 _15515_/Z
 _15516_/Z
 _15517_/Z
 _15518_/Z
 _15519_/Z
 _15520_/Z
 _15521_/Z
 _15522_/Z
 _15523_/Z
 _15524_/Z
 _15525_/Z
 _15526_/Z
 _15527_/Z
 _15528_/Z
 _15529_/ZN
 _15530_/Z
 _15531_/Z
 _15532_/Z
 _15533_/Z
 _15534_/Z
 _15535_/Z
 _15536_/Z
 _15537_/Z
 _15538_/Z
 _15539_/Z
 _15540_/Z
 _15541_/Z
 _15542_/Z
 _15543_/Z
 _15544_/Z
 _15545_/Z
 _15546_/ZN
 _15547_/ZN
 _15548_/ZN
 _15549_/ZN
 _15550_/ZN
 _15551_/ZN
 _15552_/ZN
 _15553_/ZN
 _15554_/ZN
 _15555_/ZN
 _15556_/ZN
 _15557_/ZN
 _15558_/ZN
 _15559_/ZN
 _15560_/ZN
 _15561_/ZN
 _15562_/ZN
 _15563_/ZN
 _15564_/ZN
 _15565_/ZN
 _15566_/ZN
 _15567_/ZN
 _15568_/ZN
 _15569_/ZN
 _15570_/ZN
 _15571_/ZN
 _15572_/Z
 _15573_/Z
 _15574_/ZN
 _15575_/ZN
 _15576_/ZN
 _15577_/ZN
 _15578_/ZN
 _15579_/ZN
 _15580_/ZN
 _15581_/ZN
 _15582_/ZN
 _15583_/ZN
 _15584_/ZN
 _15585_/ZN
 _15586_/ZN
 _15587_/ZN
 _15588_/ZN
 _15589_/ZN
 _15590_/ZN
 _15591_/ZN
 _15592_/ZN
 _15593_/Z
 _15594_/ZN
 _15595_/ZN
 _15596_/ZN
 _15597_/ZN
 _15598_/ZN
 _15599_/ZN
 _15600_/Z
 _15601_/ZN
 _15602_/Z
 _15603_/ZN
 _15604_/Z
 _15605_/ZN
 _15606_/Z
 _15607_/Z
 _15608_/Z
 _15609_/Z
 _15610_/Z
 _15611_/Z
 _15612_/Z
 _15613_/Z
 _15614_/Z
 _15615_/Z
 _15616_/Z
 _15617_/Z
 _15618_/Z
 _15619_/Z
 _15620_/Z
 _15621_/Z
 _15622_/Z
 _15623_/Z
 _15624_/Z
 _15625_/Z
 _15626_/Z
 _15627_/Z
 _15628_/Z
 _15629_/Z
 _15630_/Z
 _15631_/Z
 _15632_/Z
 _15633_/Z
 _15634_/Z
 _15635_/Z
 _15636_/Z
 _15637_/Z
 _15638_/Z
 _15639_/Z
 _15640_/Z
 _15641_/Z
 _15642_/Z
 _15643_/Z
 _15644_/Z
 _15645_/Z
 _15646_/Z
 _15647_/Z
 _15648_/Z
 _15649_/Z
 _15650_/Z
 _15651_/Z
 _15652_/Z
 _15653_/Z
 _15654_/Z
 _15655_/Z
 _15656_/Z
 _15657_/Z
 _15658_/Z
 _15659_/Z
 _15660_/Z
 _15661_/Z
 _15662_/Z
 _15663_/Z
 _15664_/Z
 _15665_/Z
 _15666_/Z
 _15667_/Z
 _15668_/Z
 _15669_/ZN
 _15670_/ZN
 _15671_/Z
 _15672_/ZN
 _15673_/ZN
 _15674_/ZN
 _15675_/ZN
 _15676_/ZN
 _15677_/ZN
 _15678_/ZN
 _15679_/ZN
 _15680_/ZN
 _15681_/ZN
 _15682_/ZN
 _15683_/ZN
 _15684_/ZN
 _15685_/Z
 _15686_/ZN
 _15687_/Z
 _15688_/Z
 _15689_/ZN
 _15690_/Z
 _15691_/Z
 _15692_/ZN
 _15693_/Z
 _15694_/ZN
 _15695_/ZN
 _15696_/ZN
 _15697_/ZN
 _15698_/ZN
 _15699_/ZN
 _15700_/ZN
 _15701_/ZN
 _15702_/Z
 _15703_/ZN
 _15704_/Z
 _15705_/ZN
 _15706_/ZN
 _15707_/Z
 _15708_/ZN
 _15709_/ZN
 _15710_/ZN
 _15711_/ZN
 _15712_/Z
 _15713_/ZN
 _15714_/ZN
 _15715_/Z
 _15716_/ZN
 _15717_/Z
 _15718_/ZN
 _15719_/ZN
 _15720_/ZN
 _15721_/ZN
 _15722_/ZN
 _15723_/ZN
 _15724_/ZN
 _15725_/ZN
 _15726_/ZN
 _15727_/Z
 _15728_/ZN
 _15729_/ZN
 _15730_/ZN
 _15731_/ZN
 _15732_/Z
 _15733_/Z
 _15734_/Z
 _15735_/Z
 _15736_/Z
 _15737_/Z
 _15738_/Z
 _15739_/Z
 _15740_/Z
 _15741_/Z
 _15742_/Z
 _15743_/Z
 _15744_/Z
 _15745_/Z
 _15746_/Z
 _15747_/Z
 _15748_/Z
 _15749_/Z
 _15750_/Z
 _15751_/Z
 _15752_/Z
 _15753_/Z
 _15754_/Z
 _15755_/Z
 _15756_/Z
 _15757_/Z
 _15758_/Z
 _15759_/Z
 _15760_/Z
 _15761_/Z
 _15762_/Z
 _15763_/Z
 _15764_/Z
 _15765_/Z
 _15766_/Z
 _15767_/Z
 _15768_/ZN
 _15769_/ZN
 _15770_/Z
 _15771_/Z
 _15772_/Z
 _15773_/ZN
 _15774_/Z
 _15775_/Z
 _15776_/Z
 _15777_/ZN
 _15778_/Z
 _15779_/Z
 _15780_/Z
 _15781_/ZN
 _15782_/Z
 _15783_/Z
 _15784_/Z
 _15785_/ZN
 _15786_/Z
 _15787_/Z
 _15788_/Z
 _15789_/ZN
 _15790_/Z
 _15791_/Z
 _15792_/Z
 _15793_/ZN
 _15794_/Z
 _15795_/Z
 _15796_/Z
 _15797_/ZN
 _15798_/Z
 _15799_/Z
 _15800_/Z
 _15801_/ZN
 _15802_/Z
 _15803_/Z
 _15804_/Z
 _15805_/ZN
 _15806_/ZN
 _15807_/ZN
 _15808_/Z
 _15809_/ZN
 _15810_/ZN
 _15811_/Z
 _15812_/Z
 _15813_/Z
 _15814_/Z
 _15815_/Z
 _15816_/Z
 _15817_/Z
 _15818_/Z
 _15819_/Z
 _15820_/Z
 _15821_/Z
 _15822_/Z
 _15823_/Z
 _15824_/Z
 _15825_/Z
 _15826_/Z
 _15827_/Z
 _15828_/Z
 _15829_/Z
 _15830_/Z
 _15831_/Z
 _15832_/Z
 _15833_/Z
 _15834_/Z
 _15835_/Z
 _15836_/Z
 _15837_/Z
 _15838_/Z
 _15839_/Z
 _15840_/Z
 _15841_/Z
 _15842_/Z
 _15843_/Z
 _15844_/Z
 _15845_/Z
 _15846_/Z
 _15847_/Z
 _15848_/Z
 _15849_/Z
 _15850_/Z
 _15851_/Z
 _15852_/Z
 _15853_/Z
 _15854_/Z
 _15855_/Z
 _15856_/Z
 _15857_/Z
 _15858_/Z
 _15859_/ZN
 _15860_/ZN
 _15861_/ZN
 _15862_/ZN
 _15863_/Z
 _15864_/Z
 _15865_/Z
 _15866_/Z
 _15867_/Z
 _15868_/Z
 _15869_/Z
 _15870_/Z
 _15871_/Z
 _15872_/Z
 _15873_/Z
 _15874_/Z
 _15875_/Z
 _15876_/Z
 _15877_/Z
 _15878_/Z
 _15879_/Z
 _15880_/Z
 _15881_/Z
 _15882_/Z
 _15883_/Z
 _15884_/Z
 _15885_/Z
 _15886_/Z
 _15887_/Z
 _15888_/Z
 _15889_/Z
 _15890_/Z
 _15891_/Z
 _15892_/Z
 _15893_/Z
 _15894_/Z
 _15895_/ZN
 _15896_/ZN
 _15897_/ZN
 _15898_/Z
 _15899_/Z
 _15900_/Z
 _15901_/Z
 _15902_/Z
 _15903_/Z
 _15904_/Z
 _15905_/Z
 _15906_/Z
 _15907_/Z
 _15908_/Z
 _15909_/Z
 _15910_/Z
 _15911_/Z
 _15912_/Z
 _15913_/Z
 _15914_/Z
 _15915_/Z
 _15916_/Z
 _15917_/Z
 _15918_/Z
 _15919_/Z
 _15920_/Z
 _15921_/Z
 _15922_/Z
 _15923_/Z
 _15924_/Z
 _15925_/Z
 _15926_/Z
 _15927_/Z
 _15928_/Z
 _15929_/Z
 _15930_/Z
 _15931_/ZN
 _15932_/ZN
 _15933_/Z
 _15934_/ZN
 _15935_/ZN
 _15936_/ZN
 _15937_/ZN
 _15938_/Z
 _15939_/Z
 _15940_/Z
 _15941_/Z
 _15942_/Z
 _15943_/Z
 _15944_/Z
 _15945_/Z
 _15946_/Z
 _15947_/Z
 _15948_/Z
 _15949_/Z
 _15950_/Z
 _15951_/Z
 _15952_/Z
 _15953_/Z
 _15954_/Z
 _15955_/Z
 _15956_/Z
 _15957_/Z
 _15958_/Z
 _15959_/Z
 _15960_/Z
 _15961_/Z
 _15962_/Z
 _15963_/Z
 _15964_/Z
 _15965_/Z
 _15966_/Z
 _15967_/Z
 _15968_/Z
 _15969_/Z
 _15970_/ZN
 _15971_/ZN
 _15972_/ZN
 _15973_/ZN
 _15974_/Z
 _15975_/Z
 _15976_/Z
 _15977_/Z
 _15978_/Z
 _15979_/Z
 _15980_/Z
 _15981_/Z
 _15982_/Z
 _15983_/Z
 _15984_/Z
 _15985_/Z
 _15986_/Z
 _15987_/Z
 _15988_/Z
 _15989_/Z
 _15990_/Z
 _15991_/Z
 _15992_/Z
 _15993_/Z
 _15994_/Z
 _15995_/Z
 _15996_/Z
 _15997_/Z
 _15998_/Z
 _15999_/Z
 _16000_/Z
 _16001_/Z
 _16002_/Z
 _16003_/Z
 _16004_/Z
 _16005_/Z
 _16006_/ZN
 _16007_/Z
 _16008_/ZN
 _16009_/Z
 _16010_/Z
 _16011_/Z
 _16012_/Z
 _16013_/Z
 _16014_/Z
 _16015_/Z
 _16016_/Z
 _16017_/Z
 _16018_/Z
 _16019_/Z
 _16020_/Z
 _16021_/Z
 _16022_/Z
 _16023_/Z
 _16024_/Z
 _16025_/Z
 _16026_/Z
 _16027_/Z
 _16028_/Z
 _16029_/Z
 _16030_/Z
 _16031_/Z
 _16032_/Z
 _16033_/Z
 _16034_/Z
 _16035_/Z
 _16036_/Z
 _16037_/Z
 _16038_/Z
 _16039_/Z
 _16040_/Z
 _16041_/ZN
 _16042_/Z
 _16043_/Z
 _16044_/Z
 _16045_/Z
 _16046_/Z
 _16047_/Z
 _16048_/Z
 _16049_/Z
 _16050_/Z
 _16051_/Z
 _16052_/Z
 _16053_/Z
 _16054_/Z
 _16055_/Z
 _16056_/Z
 _16057_/Z
 _16058_/Z
 _16059_/Z
 _16060_/Z
 _16061_/Z
 _16062_/Z
 _16063_/Z
 _16064_/Z
 _16065_/Z
 _16066_/Z
 _16067_/Z
 _16068_/Z
 _16069_/Z
 _16070_/Z
 _16071_/Z
 _16072_/Z
 _16073_/Z
 _16074_/ZN
 _16075_/ZN
 _16076_/Z
 _16077_/ZN
 _16078_/ZN
 _16079_/Z
 _16080_/Z
 _16081_/Z
 _16082_/Z
 _16083_/Z
 _16084_/Z
 _16085_/Z
 _16086_/Z
 _16087_/Z
 _16088_/Z
 _16089_/Z
 _16090_/Z
 _16091_/Z
 _16092_/Z
 _16093_/Z
 _16094_/Z
 _16095_/Z
 _16096_/Z
 _16097_/Z
 _16098_/Z
 _16099_/Z
 _16100_/Z
 _16101_/Z
 _16102_/Z
 _16103_/Z
 _16104_/Z
 _16105_/Z
 _16106_/Z
 _16107_/Z
 _16108_/Z
 _16109_/Z
 _16110_/Z
 _16111_/ZN
 _16112_/ZN
 _16113_/Z
 _16114_/Z
 _16115_/Z
 _16116_/Z
 _16117_/Z
 _16118_/Z
 _16119_/Z
 _16120_/Z
 _16121_/Z
 _16122_/Z
 _16123_/Z
 _16124_/Z
 _16125_/Z
 _16126_/Z
 _16127_/Z
 _16128_/Z
 _16129_/Z
 _16130_/Z
 _16131_/Z
 _16132_/Z
 _16133_/Z
 _16134_/Z
 _16135_/Z
 _16136_/Z
 _16137_/Z
 _16138_/Z
 _16139_/Z
 _16140_/Z
 _16141_/Z
 _16142_/Z
 _16143_/Z
 _16144_/Z
 _16145_/ZN
 _16146_/ZN
 _16147_/Z
 _16148_/Z
 _16149_/Z
 _16150_/Z
 _16151_/Z
 _16152_/Z
 _16153_/Z
 _16154_/Z
 _16155_/Z
 _16156_/Z
 _16157_/Z
 _16158_/Z
 _16159_/Z
 _16160_/Z
 _16161_/Z
 _16162_/Z
 _16163_/Z
 _16164_/Z
 _16165_/Z
 _16166_/Z
 _16167_/Z
 _16168_/Z
 _16169_/Z
 _16170_/Z
 _16171_/Z
 _16172_/Z
 _16173_/Z
 _16174_/Z
 _16175_/Z
 _16176_/Z
 _16177_/Z
 _16178_/Z
 _16179_/ZN
 _16180_/Z
 _16181_/Z
 _16182_/Z
 _16183_/Z
 _16184_/Z
 _16185_/Z
 _16186_/Z
 _16187_/Z
 _16188_/Z
 _16189_/Z
 _16190_/Z
 _16191_/Z
 _16192_/Z
 _16193_/Z
 _16194_/Z
 _16195_/Z
 _16196_/Z
 _16197_/Z
 _16198_/Z
 _16199_/Z
 _16200_/Z
 _16201_/Z
 _16202_/Z
 _16203_/Z
 _16204_/Z
 _16205_/Z
 _16206_/Z
 _16207_/Z
 _16208_/Z
 _16209_/Z
 _16210_/Z
 _16211_/Z
 _16212_/Z
 _16213_/Z
 _16214_/Z
 _16215_/Z
 _16216_/Z
 _16217_/Z
 _16218_/Z
 _16219_/Z
 _16220_/Z
 _16221_/Z
 _16222_/Z
 _16223_/Z
 _16224_/Z
 _16225_/Z
 _16226_/Z
 _16227_/Z
 _16228_/Z
 _16229_/Z
 _16230_/Z
 _16231_/Z
 _16232_/ZN
 _16233_/ZN
 _16234_/Z
 _16235_/Z
 _16236_/Z
 _16237_/ZN
 _16238_/Z
 _16239_/Z
 _16240_/Z
 _16241_/ZN
 _16242_/Z
 _16243_/Z
 _16244_/Z
 _16245_/ZN
 _16246_/Z
 _16247_/Z
 _16248_/Z
 _16249_/ZN
 _16250_/Z
 _16251_/Z
 _16252_/Z
 _16253_/ZN
 _16254_/Z
 _16255_/Z
 _16256_/Z
 _16257_/ZN
 _16258_/Z
 _16259_/Z
 _16260_/Z
 _16261_/ZN
 _16262_/Z
 _16263_/Z
 _16264_/Z
 _16265_/ZN
 _16266_/Z
 _16267_/Z
 _16268_/Z
 _16269_/Z
 _16270_/Z
 _16271_/Z
 _16272_/Z
 _16273_/Z
 _16274_/Z
 _16275_/Z
 _16276_/Z
 _16277_/Z
 _16278_/Z
 _16279_/Z
 _16280_/Z
 _16281_/Z
 _16282_/Z
 _16283_/Z
 _16284_/Z
 _16285_/Z
 _16286_/Z
 _16287_/Z
 _16288_/Z
 _16289_/Z
 _16290_/Z
 _16291_/Z
 _16292_/Z
 _16293_/Z
 _16294_/Z
 _16295_/Z
 _16296_/Z
 _16297_/Z
 _16298_/Z
 _16299_/Z
 _16300_/Z
 _16301_/Z
 _16302_/Z
 _16303_/Z
 _16304_/Z
 _16305_/Z
 _16306_/Z
 _16307_/Z
 _16308_/Z
 _16309_/Z
 _16310_/Z
 _16311_/Z
 _16312_/Z
 _16313_/Z
 _16314_/Z
 _16315_/Z
 _16316_/Z
 _16317_/Z
 _16318_/Z
 _16319_/Z
 _16320_/Z
 _16321_/Z
 _16322_/Z
 _16323_/Z
 _16324_/Z
 _16325_/Z
 _16326_/Z
 _16327_/Z
 _16328_/Z
 _16329_/Z
 _16330_/Z
 _16331_/Z
 _16332_/Z
 _16333_/Z
 _16334_/Z
 _16335_/Z
 _16336_/Z
 _16337_/Z
 _16338_/Z
 _16339_/Z
 _16340_/Z
 _16341_/Z
 _16342_/Z
 _16343_/Z
 _16344_/Z
 _16345_/Z
 _16346_/Z
 _16347_/Z
 _16348_/Z
 _16349_/Z
 _16350_/Z
 _16351_/Z
 _16352_/Z
 _16353_/Z
 _16354_/Z
 _16355_/Z
 _16356_/Z
 _16357_/Z
 _16358_/Z
 _16359_/Z
 _16360_/Z
 _16361_/Z
 _16362_/Z
 _16363_/Z
 _16364_/Z
 _16365_/Z
 _16366_/Z
 _16367_/Z
 _16368_/Z
 _16369_/Z
 _16370_/Z
 _16371_/Z
 _16372_/Z
 _16373_/Z
 _16374_/Z
 _16375_/Z
 _16376_/Z
 _16377_/Z
 _16378_/Z
 _16379_/Z
 _16380_/Z
 _16381_/Z
 _16382_/Z
 _16383_/Z
 _16384_/Z
 _16385_/Z
 _16386_/Z
 _16387_/Z
 _16388_/Z
 _16389_/Z
 _16390_/Z
 _16391_/Z
 _16392_/Z
 _16393_/Z
 _16394_/Z
 _16395_/Z
 _16396_/Z
 _16397_/Z
 _16398_/Z
 _16399_/Z
 _16400_/Z
 _16401_/Z
 _16402_/Z
 _16403_/Z
 _16404_/Z
 _16405_/Z
 _16406_/Z
 _16407_/Z
 _16408_/Z
 _16409_/Z
 _16410_/Z
 _16411_/Z
 _16412_/Z
 _16413_/Z
 _16414_/Z
 _16415_/Z
 _16416_/Z
 _16417_/Z
 _16418_/Z
 _16419_/Z
 _16420_/Z
 _16421_/Z
 _16422_/Z
 _16423_/Z
 _16424_/Z
 _16425_/Z
 _16426_/Z
 _16427_/Z
 _16428_/Z
 _16429_/Z
 _16430_/Z
 _16431_/Z
 _16432_/Z
 _16433_/Z
 _16434_/Z
 _16435_/Z
 _16436_/Z
 _16437_/Z
 _16438_/Z
 _16439_/Z
 _16440_/Z
 _16441_/Z
 _16442_/Z
 _16443_/Z
 _16444_/Z
 _16445_/Z
 _16446_/Z
 _16447_/Z
 _16448_/Z
 _16449_/Z
 _16450_/Z
 _16451_/Z
 _16452_/Z
 _16453_/Z
 _16454_/Z
 _16455_/Z
 _16456_/Z
 _16457_/Z
 _16458_/Z
 _16459_/Z
 _16460_/Z
 _16461_/Z
 _16462_/Z
 _16463_/Z
 _16464_/Z
 _16465_/Z
 _16466_/Z
 _16467_/Z
 _16468_/Z
 _16469_/Z
 _16470_/Z
 _16471_/Z
 _16472_/Z
 _16473_/Z
 _16474_/Z
 _16475_/Z
 _16476_/Z
 _16477_/Z
 _16478_/Z
 _16479_/Z
 _16480_/Z
 _16481_/Z
 _16482_/Z
 _16483_/Z
 _16484_/Z
 _16485_/Z
 _16486_/Z
 _16487_/Z
 _16488_/Z
 _16489_/Z
 _16490_/Z
 _16491_/Z
 _16492_/Z
 _16493_/Z
 _16494_/Z
 _16495_/Z
 _16496_/Z
 _16497_/Z
 _16498_/Z
 _16499_/Z
 _16500_/Z
 _16501_/Z
 _16502_/Z
 _16503_/Z
 _16504_/Z
 _16505_/Z
 _16506_/Z
 _16507_/Z
 _16508_/Z
 _16509_/Z
 _16510_/Z
 _16511_/Z
 _16512_/Z
 _16513_/Z
 _16514_/Z
 _16515_/Z
 _16516_/Z
 _16517_/Z
 _16518_/Z
 _16519_/Z
 _16520_/Z
 _16521_/Z
 _16522_/Z
 _16523_/Z
 _16524_/Z
 _16525_/Z
 _16526_/Z
 _16527_/Z
 _16528_/Z
 _16529_/Z
 _16530_/Z
 _16531_/Z
 _16532_/Z
 _16533_/Z
 _16534_/Z
 _16535_/Z
 _16536_/Z
 _16537_/Z
 _16538_/Z
 _16539_/Z
 _16540_/Z
 _16541_/Z
 _16542_/Z
 _16543_/Z
 _16544_/Z
 _16545_/Z
 _16546_/Z
 _16547_/Z
 _16548_/Z
 _16549_/Z
 _16550_/Z
 _16551_/Z
 _16552_/Z
 _16553_/Z
 _16554_/Z
 _16555_/Z
 _16556_/Z
 _16557_/Z
 _16558_/Z
 _16559_/Z
 _16560_/Z
 _16561_/Z
 _16562_/Z
 _16563_/Z
 _16564_/Z
 _16565_/Z
 _16566_/Z
 _16567_/Z
 _16568_/Z
 _16569_/Z
 _16570_/Z
 _16571_/Z
 _16572_/Z
 _16573_/Z
 _16574_/Z
 _16575_/Z
 _16576_/Z
 _16577_/Z
 _16578_/Z
 _16579_/Z
 _16580_/Z
 _16581_/Z
 _16582_/Z
 _16583_/Z
 _16584_/Z
 _16585_/Z
 _16586_/Z
 _16587_/Z
 _16588_/Z
 _16589_/Z
 _16590_/Z
 _16591_/Z
 _16592_/Z
 _16593_/Z
 _16594_/Z
 _16595_/Z
 _16596_/Z
 _16597_/Z
 _16598_/Z
 _16599_/Z
 _16600_/Z
 _16601_/Z
 _16602_/Z
 _16603_/Z
 _16604_/Z
 _16605_/Z
 _16606_/Z
 _16607_/Z
 _16608_/Z
 _16609_/Z
 _16610_/Z
 _16611_/Z
 _16612_/Z
 _16613_/Z
 _16614_/Z
 _16615_/Z
 _16616_/Z
 _16617_/Z
 _16618_/Z
 _16619_/Z
 _16620_/Z
 _16621_/ZN
 _16622_/ZN
 _16623_/ZN
 _16624_/ZN
 _16625_/ZN
 _16626_/ZN
 _16627_/ZN
 _16628_/ZN
 _16629_/ZN
 _16630_/ZN
 _16631_/Z
 _16632_/ZN
 _16633_/ZN
 _16634_/ZN
 _16635_/ZN
 _16636_/ZN
 _16637_/ZN
 _16638_/ZN
 _16639_/ZN
 _16640_/ZN
 _16641_/ZN
 _16642_/ZN
 _16643_/ZN
 _16644_/Z
 _16645_/ZN
 _16646_/ZN
 _16647_/Z
 _16648_/ZN
 _16649_/ZN
 _16650_/Z
 _16651_/ZN
 _16652_/ZN
 _16653_/ZN
 _16654_/ZN
 _16655_/ZN
 _16656_/ZN
 _16657_/ZN
 _16658_/ZN
 _16659_/ZN
 _16660_/ZN
 _16661_/ZN
 _16662_/ZN
 _16663_/ZN
 _16664_/ZN
 _16665_/ZN
 _16666_/ZN
 _16667_/ZN
 _16668_/ZN
 _16669_/ZN
 _16670_/ZN
 _16671_/ZN
 _16672_/ZN
 _16673_/Z
 _16674_/ZN
 _16675_/ZN
 _16676_/ZN
 _16677_/ZN
 _16678_/ZN
 _16679_/ZN
 _16680_/ZN
 _16681_/ZN
 _16682_/ZN
 _16683_/ZN
 _16684_/ZN
 _16685_/ZN
 _16686_/Z
 _16687_/ZN
 _16688_/ZN
 _16689_/ZN
 _16690_/ZN
 _16691_/ZN
 _16692_/ZN
 _16693_/ZN
 _16694_/ZN
 _16695_/ZN
 _16696_/ZN
 _16697_/ZN
 _16698_/ZN
 _16699_/ZN
 _16700_/ZN
 _16701_/ZN
 _16702_/ZN
 _16703_/ZN
 _16704_/ZN
 _16705_/ZN
 _16706_/ZN
 _16707_/Z
 _16708_/ZN
 _16709_/ZN
 _16710_/Z
 _16711_/ZN
 _16712_/ZN
 _16713_/ZN
 _16714_/ZN
 _16715_/ZN
 _16716_/ZN
 _16717_/ZN
 _16718_/ZN
 _16719_/ZN
 _16720_/ZN
 _16721_/ZN
 _16722_/ZN
 _16723_/ZN
 _16724_/ZN
 _16725_/ZN
 _16726_/ZN
 _16727_/ZN
 _16728_/ZN
 _16729_/Z
 _16730_/ZN
 _16731_/ZN
 _16732_/Z
 _16733_/ZN
 _16734_/ZN
 _16735_/ZN
 _16736_/ZN
 _16737_/ZN
 _16738_/ZN
 _16739_/ZN
 _16740_/ZN
 _16741_/ZN
 _16742_/ZN
 _16743_/ZN
 _16744_/ZN
 _16745_/ZN
 _16746_/ZN
 _16747_/ZN
 _16748_/ZN
 _16749_/ZN
 _16750_/ZN
 _16751_/ZN
 _16752_/Z
 _16753_/ZN
 _16754_/ZN
 _16755_/Z
 _16756_/ZN
 _16757_/ZN
 _16758_/ZN
 _16759_/ZN
 _16760_/ZN
 _16761_/ZN
 _16762_/ZN
 _16763_/ZN
 _16764_/ZN
 _16765_/ZN
 _16766_/ZN
 _16767_/ZN
 _16768_/ZN
 _16769_/ZN
 _16770_/ZN
 _16771_/ZN
 _16772_/Z
 _16773_/ZN
 _16774_/ZN
 _16775_/Z
 _16776_/ZN
 _16777_/ZN
 _16778_/ZN
 _16779_/ZN
 _16780_/ZN
 _16781_/ZN
 _16782_/ZN
 _16783_/ZN
 _16784_/ZN
 _16785_/ZN
 _16786_/ZN
 _16787_/ZN
 _16788_/ZN
 _16789_/ZN
 _16790_/ZN
 _16791_/ZN
 _16792_/ZN
 _16793_/ZN
 _16794_/ZN
 _16795_/ZN
 _16796_/ZN
 _16797_/ZN
 _16798_/ZN
 _16799_/ZN
 _16800_/ZN
 _16801_/ZN
 _16802_/ZN
 _16803_/ZN
 _16804_/ZN
 _16805_/ZN
 _16806_/ZN
 _16807_/ZN
 _16808_/ZN
 _16809_/ZN
 _16810_/ZN
 _16811_/ZN
 _16812_/ZN
 _16813_/ZN
 _16814_/ZN
 _16815_/ZN
 _16816_/ZN
 _16817_/ZN
 _16818_/ZN
 _16819_/ZN
 _16820_/ZN
 _16821_/ZN
 _16822_/ZN
 _16823_/Z
 _16824_/ZN
 _16825_/ZN
 _16826_/ZN
 _16827_/ZN
 _16828_/ZN
 _16829_/ZN
 _16830_/ZN
 _16831_/ZN
 _16832_/ZN
 _16833_/ZN
 _16834_/ZN
 _16835_/ZN
 _16836_/ZN
 _16837_/ZN
 _16838_/ZN
 _16839_/ZN
 _16840_/ZN
 _16841_/ZN
 _16842_/ZN
 _16843_/ZN
 _16844_/Z
 _16845_/ZN
 _16846_/ZN
 _16847_/ZN
 _16848_/ZN
 _16849_/ZN
 _16850_/ZN
 _16851_/ZN
 _16852_/ZN
 _16853_/ZN
 _16854_/ZN
 _16855_/ZN
 _16856_/ZN
 _16857_/ZN
 _16858_/ZN
 _16859_/ZN
 _16860_/ZN
 _16861_/ZN
 _16862_/ZN
 _16863_/ZN
 _16864_/Z
 _16865_/ZN
 _16866_/ZN
 _16867_/ZN
 _16868_/ZN
 _16869_/ZN
 _16870_/ZN
 _16871_/ZN
 _16872_/ZN
 _16873_/ZN
 _16874_/ZN
 _16875_/Z
 _16876_/ZN
 _16877_/ZN
 _16878_/Z
 _16879_/ZN
 _16880_/ZN
 _16881_/ZN
 _16882_/ZN
 _16883_/ZN
 _16884_/ZN
 _16885_/ZN
 _16886_/ZN
 _16887_/ZN
 _16888_/ZN
 _16889_/ZN
 _16890_/ZN
 _16891_/ZN
 _16892_/ZN
 _16893_/ZN
 _16894_/Z
 _16895_/ZN
 _16896_/ZN
 _16897_/Z
 _16898_/ZN
 _16899_/ZN
 _16900_/ZN
 _16901_/ZN
 _16902_/ZN
 _16903_/ZN
 _16904_/ZN
 _16905_/ZN
 _16906_/ZN
 _16907_/ZN
 _16908_/ZN
 _16909_/ZN
 _16910_/ZN
 _16911_/ZN
 _16912_/ZN
 _16913_/ZN
 _16914_/ZN
 _16915_/ZN
 _16916_/ZN
 _16917_/ZN
 _16918_/ZN
 _16919_/ZN
 _16920_/ZN
 _16921_/ZN
 _16922_/ZN
 _16923_/ZN
 _16924_/ZN
 _16925_/ZN
 _16926_/ZN
 _16927_/ZN
 _16928_/ZN
 _16929_/ZN
 _16930_/ZN
 _16931_/ZN
 _16932_/ZN
 _16933_/ZN
 _16934_/ZN
 _16935_/ZN
 _16936_/ZN
 _16937_/ZN
 _16938_/ZN
 _16939_/ZN
 _16940_/Z
 _16941_/ZN
 _16942_/ZN
 _16943_/Z
 _16944_/ZN
 _16945_/ZN
 _16946_/ZN
 _16947_/ZN
 _16948_/ZN
 _16949_/ZN
 _16950_/ZN
 _16951_/ZN
 _16952_/ZN
 _16953_/ZN
 _16954_/Z
 _16955_/ZN
 _16956_/ZN
 _16957_/ZN
 _16958_/ZN
 _16959_/ZN
 _16960_/ZN
 _16961_/Z
 _16962_/Z
 _16963_/ZN
 _16964_/ZN
 _16965_/Z
 _16966_/Z
 _16967_/ZN
 _16968_/ZN
 _16969_/ZN
 _16970_/ZN
 _16971_/ZN
 _16972_/ZN
 _16973_/ZN
 _16974_/ZN
 _16975_/Z
 _16976_/Z
 _16977_/ZN
 _16978_/ZN
 _16979_/ZN
 _16980_/ZN
 _16981_/ZN
 _16982_/ZN
 _16983_/ZN
 _16984_/ZN
 _16985_/ZN
 _16986_/ZN
 _16987_/ZN
 _16988_/ZN
 _16989_/ZN
 _16990_/ZN
 _16991_/ZN
 _16992_/ZN
 _16993_/ZN
 _16994_/ZN
 _16995_/ZN
 _16996_/ZN
 _16997_/ZN
 _16998_/ZN
 _16999_/ZN
 _17000_/ZN
 _17001_/ZN
 _17002_/ZN
 _17003_/ZN
 _17004_/ZN
 _17005_/ZN
 _17006_/ZN
 _17007_/ZN
 _17008_/ZN
 _17009_/ZN
 _17010_/ZN
 _17011_/ZN
 _17012_/ZN
 _17013_/ZN
 _17014_/ZN
 _17015_/ZN
 _17016_/ZN
 _17017_/ZN
 _17018_/ZN
 _17019_/ZN
 _17020_/ZN
 _17021_/ZN
 _17022_/ZN
 _17023_/ZN
 _17024_/ZN
 _17025_/ZN
 _17026_/Z
 _17027_/Z
 _17028_/Z
 _17029_/Z
 _17030_/Z
 _17031_/Z
 _17032_/Z
 _17033_/Z
 _17034_/Z
 _17035_/Z
 _17036_/Z
 _17037_/Z
 _17038_/Z
 _17039_/Z
 _17040_/Z
 _17041_/Z
 _17042_/Z
 _17043_/Z
 _17044_/Z
 _17045_/Z
 _17046_/Z
 _17047_/Z
 _17048_/Z
 _17049_/Z
 _17050_/Z
 _17051_/Z
 _17052_/Z
 _17053_/Z
 _17054_/Z
 _17055_/Z
 _17056_/Z
 _17057_/Z
 _17058_/Z
 _17059_/Z
 _17060_/Z
 _17061_/Z
 _17062_/Z
 _17063_/Z
 _17064_/Z
 _17065_/Z
 _17066_/Z
 _17067_/Z
 _17068_/Z
 _17069_/Z
 _17070_/Z
 _17071_/Z
 _17072_/Z
 _17073_/Z
 _17074_/Z
 _17075_/ZN
 _17076_/ZN
 _17077_/ZN
 _17078_/Z
 _17079_/ZN
 _17080_/ZN
 _17081_/ZN
 _17082_/ZN
 _17083_/ZN
 _17084_/Z
 _17085_/ZN
 _17086_/ZN
 _17087_/ZN
 _17088_/ZN
 _17089_/ZN
 _17090_/Z
 _17091_/ZN
 _17092_/Z
 _17093_/ZN
 _17094_/ZN
 _17095_/ZN
 _17096_/Z
 _17097_/ZN
 _17098_/Z
 _17099_/ZN
 _17100_/ZN
 _17101_/ZN
 _17102_/Z
 _17103_/ZN
 _17104_/ZN
 _17105_/ZN
 _17106_/ZN
 _17107_/ZN
 _17108_/ZN
 _17109_/Z
 _17110_/ZN
 _17111_/ZN
 _17112_/ZN
 _17113_/ZN
 _17114_/ZN
 _17115_/ZN
 _17116_/Z
 _17117_/ZN
 _17118_/ZN
 _17119_/ZN
 _17120_/ZN
 _17121_/ZN
 _17122_/Z
 _17123_/Z
 _17124_/Z
 _17125_/Z
 _17126_/Z
 _17127_/Z
 _17128_/Z
 _17129_/Z
 _17130_/ZN
 _17131_/ZN
 _17132_/ZN
 _17133_/ZN
 _17134_/ZN
 _17135_/Z
 _17136_/Z
 _17137_/Z
 _17138_/Z
 _17139_/Z
 _17140_/Z
 _17141_/Z
 _17142_/Z
 _17143_/ZN
 _17144_/ZN
 _17145_/ZN
 _17146_/ZN
 _17147_/ZN
 _17148_/Z
 _17149_/Z
 _17150_/Z
 _17151_/Z
 _17152_/Z
 _17153_/Z
 _17154_/Z
 _17155_/Z
 _17156_/Z
 _17157_/Z
 _17158_/Z
 _17159_/Z
 _17160_/Z
 _17161_/Z
 _17162_/Z
 _17163_/Z
 _17164_/ZN
 _17165_/ZN
 _17166_/ZN
 _17167_/ZN
 _17168_/ZN
 _17169_/ZN
 _17170_/ZN
 _17171_/ZN
 _17172_/ZN
 _17173_/ZN
 _17174_/ZN
 _17175_/ZN
 _17176_/Z
 _17177_/ZN
 _17178_/Z
 _17179_/Z
 _17180_/ZN
 _17181_/ZN
 _17182_/ZN
 _17183_/Z
 _17184_/ZN
 _17185_/ZN
 _17186_/ZN
 _17187_/ZN
 _17188_/ZN
 _17189_/ZN
 _17190_/ZN
 _17191_/ZN
 _17192_/Z
 _17193_/Z
 _17194_/Z
 _17195_/ZN
 _17196_/ZN
 _17197_/Z
 _17198_/ZN
 _17199_/ZN
 _17200_/Z
 _17201_/Z
 _17202_/Z
 _17203_/Z
 _17204_/Z
 _17205_/Z
 _17206_/Z
 _17207_/Z
 _17208_/Z
 _17209_/Z
 _17210_/Z
 _17211_/Z
 _17212_/Z
 _17213_/Z
 _17214_/Z
 _17215_/Z
 _17216_/Z
 _17217_/Z
 _17218_/Z
 _17219_/Z
 _17220_/Z
 _17221_/Z
 _17222_/Z
 _17223_/Z
 _17224_/Z
 _17225_/Z
 _17226_/Z
 _17227_/Z
 _17228_/ZN
 _17229_/ZN
 _17230_/Z
 _17231_/ZN
 _17232_/ZN
 _17233_/ZN
 _17234_/ZN
 _17235_/ZN
 _17236_/ZN
 _17237_/ZN
 _17238_/ZN
 _17239_/ZN
 _17240_/ZN
 _17241_/ZN
 _17242_/ZN
 _17243_/ZN
 _17244_/ZN
 _17245_/ZN
 _17246_/ZN
 _17247_/ZN
 _17248_/ZN
 _17249_/ZN
 _17250_/ZN
 _17251_/ZN
 _17252_/ZN
 _17253_/ZN
 _17254_/ZN
 _17255_/ZN
 _17256_/ZN
 _17257_/ZN
 _17258_/ZN
 _17259_/ZN
 _17260_/ZN
 _17261_/ZN
 _17262_/ZN
 _17263_/ZN
 _17264_/ZN
 _17265_/ZN
 _17266_/ZN
 _17267_/ZN
 _17268_/ZN
 _17269_/ZN
 _17270_/ZN
 _17271_/ZN
 _17272_/ZN
 _17273_/ZN
 _17274_/ZN
 _17275_/ZN
 _17276_/ZN
 _17277_/ZN
 _17278_/ZN
 _17279_/ZN
 _17280_/ZN
 _17281_/ZN
 _17282_/ZN
 _17283_/ZN
 _17284_/ZN
 _17285_/ZN
 _17286_/ZN
 _17287_/Z
 _17288_/ZN
 _17289_/ZN
 _17290_/ZN
 _17291_/Z
 _17292_/ZN
 _17293_/Z
 _17294_/ZN
 _17295_/Z
 _17296_/Z
 _17297_/Z
 _17298_/Z
 _17299_/Z
 _17300_/ZN
 _17301_/ZN
 _17302_/ZN
 _17303_/Z
 _17304_/ZN
 _17305_/ZN
 _17306_/ZN
 _17307_/ZN
 _17308_/ZN
 _17309_/ZN
 _17310_/ZN
 _17311_/ZN
 _17312_/ZN
 _17313_/ZN
 _17314_/ZN
 _17315_/ZN
 _17316_/ZN
 _17317_/ZN
 _17318_/ZN
 _17319_/ZN
 _17320_/ZN
 _17321_/ZN
 _17322_/ZN
 _17323_/ZN
 _17324_/Z
 _17325_/ZN
 _17326_/ZN
 _17327_/ZN
 _17328_/ZN
 _17329_/ZN
 _17330_/ZN
 _17331_/ZN
 _17332_/ZN
 _17333_/ZN
 _17334_/Z
 _17335_/ZN
 _17336_/Z
 _17337_/Z
 _17338_/Z
 _17339_/Z
 _17340_/Z
 _17341_/Z
 _17342_/Z
 _17343_/Z
 _17344_/Z
 _17345_/Z
 _17346_/Z
 _17347_/Z
 _17348_/Z
 _17349_/Z
 _17350_/Z
 _17351_/Z
 _17352_/Z
 _17353_/Z
 _17354_/Z
 _17355_/Z
 _17356_/ZN
 _17357_/ZN
 _17358_/Z
 _17359_/Z
 _17360_/Z
 _17361_/Z
 _17362_/Z
 _17363_/Z
 _17364_/Z
 _17365_/Z
 _17366_/Z
 _17367_/Z
 _17368_/Z
 _17369_/Z
 _17370_/Z
 _17371_/Z
 _17372_/Z
 _17373_/Z
 _17374_/Z
 _17375_/Z
 _17376_/Z
 _17377_/Z
 _17378_/Z
 _17379_/Z
 _17380_/Z
 _17381_/Z
 _17382_/Z
 _17383_/Z
 _17384_/Z
 _17385_/Z
 _17386_/Z
 _17387_/Z
 _17388_/Z
 _17389_/Z
 _17390_/ZN
 _17391_/ZN
 _17392_/ZN
 _17393_/ZN
 _17394_/Z
 _17395_/Z
 _17396_/ZN
 _17397_/ZN
 _17398_/Z
 _17399_/ZN
 _17400_/Z
 _17401_/ZN
 _17402_/ZN
 _17403_/ZN
 _17404_/Z
 _17405_/ZN
 _17406_/ZN
 _17407_/ZN
 _17408_/ZN
 _17409_/ZN
 _17410_/ZN
 _17411_/ZN
 _17412_/ZN
 _17413_/ZN
 _17414_/ZN
 _17415_/Z
 _17416_/Z
 _17417_/ZN
 _17418_/ZN
 _17419_/ZN
 _17420_/ZN
 _17421_/ZN
 _17422_/ZN
 _17423_/Z
 _17424_/Z
 _17425_/ZN
 _17426_/Z
 _17427_/ZN
 _17428_/ZN
 _17429_/ZN
 _17430_/ZN
 _17431_/ZN
 _17432_/Z
 _17433_/ZN
 _17434_/ZN
 _17435_/ZN
 _17436_/ZN
 _17437_/ZN
 _17438_/ZN
 _17439_/ZN
 _17440_/Z
 _17441_/ZN
 _17442_/ZN
 _17443_/ZN
 _17444_/ZN
 _17445_/ZN
 _17446_/ZN
 _17447_/ZN
 _17448_/ZN
 _17449_/Z
 _17450_/ZN
 _17451_/ZN
 _17452_/ZN
 _17453_/Z
 _17454_/ZN
 _17455_/ZN
 _17456_/ZN
 _17457_/ZN
 _17458_/Z
 _17459_/ZN
 _17460_/ZN
 _17461_/Z
 _17462_/ZN
 _17463_/ZN
 _17464_/ZN
 _17465_/Z
 _17466_/ZN
 _17467_/ZN
 _17468_/ZN
 _17469_/ZN
 _17470_/ZN
 _17471_/ZN
 _17472_/Z
 _17473_/ZN
 _17474_/ZN
 _17475_/Z
 _17476_/ZN
 _17477_/ZN
 _17478_/ZN
 _17479_/ZN
 _17480_/ZN
 _17481_/ZN
 _17482_/ZN
 _17483_/ZN
 _17484_/Z
 _17485_/ZN
 _17486_/ZN
 _17487_/ZN
 _17488_/ZN
 _17489_/ZN
 _17490_/ZN
 _17491_/ZN
 _17492_/ZN
 _17493_/ZN
 _17494_/ZN
 _17495_/ZN
 _17496_/ZN
 _17497_/ZN
 _17498_/ZN
 _17499_/ZN
 _17500_/ZN
 _17501_/Z
 _17502_/Z
 _17503_/Z
 _17504_/Z
 _17505_/Z
 _17506_/Z
 _17507_/Z
 _17508_/Z
 _17509_/Z
 _17510_/Z
 _17511_/Z
 _17512_/Z
 _17513_/Z
 _17514_/Z
 _17515_/Z
 _17516_/Z
 _17517_/ZN
 _17518_/Z
 _17519_/Z
 _17520_/Z
 _17521_/Z
 _17522_/Z
 _17523_/Z
 _17524_/Z
 _17525_/Z
 _17526_/Z
 _17527_/Z
 _17528_/Z
 _17529_/Z
 _17530_/Z
 _17531_/Z
 _17532_/Z
 _17533_/Z
 _17534_/ZN
 _17535_/Z
 _17536_/Z
 _17537_/Z
 _17538_/Z
 _17539_/Z
 _17540_/Z
 _17541_/Z
 _17542_/Z
 _17543_/Z
 _17544_/Z
 _17545_/Z
 _17546_/Z
 _17547_/Z
 _17548_/Z
 _17549_/Z
 _17550_/Z
 _17551_/Z
 _17552_/Z
 _17553_/Z
 _17554_/Z
 _17555_/Z
 _17556_/Z
 _17557_/Z
 _17558_/Z
 _17559_/Z
 _17560_/Z
 _17561_/Z
 _17562_/Z
 _17563_/Z
 _17564_/Z
 _17565_/Z
 _17566_/Z
 _17567_/ZN
 _17568_/ZN
 _17569_/ZN
 _17570_/Z
 _17571_/ZN
 _17572_/ZN
 _17573_/Z
 _17574_/ZN
 _17575_/ZN
 _17576_/ZN
 _17577_/Z
 _17578_/ZN
 _17579_/ZN
 _17580_/ZN
 _17581_/ZN
 _17582_/ZN
 _17583_/ZN
 _17584_/ZN
 _17585_/ZN
 _17586_/ZN
 _17587_/ZN
 _17588_/ZN
 _17589_/Z
 _17590_/ZN
 _17591_/ZN
 _17592_/ZN
 _17593_/ZN
 _17594_/Z
 _17595_/ZN
 _17596_/ZN
 _17597_/ZN
 _17598_/ZN
 _17599_/ZN
 _17600_/ZN
 _17601_/ZN
 _17602_/Z
 _17603_/ZN
 _17604_/ZN
 _17605_/Z
 _17606_/ZN
 _17607_/ZN
 _17608_/ZN
 _17609_/Z
 _17610_/ZN
 _17611_/ZN
 _17612_/ZN
 _17613_/ZN
 _17614_/ZN
 _17615_/ZN
 _17616_/ZN
 _17617_/Z
 _17618_/Z
 _17619_/Z
 _17620_/Z
 _17621_/Z
 _17622_/Z
 _17623_/Z
 _17624_/Z
 _17625_/Z
 _17626_/Z
 _17627_/Z
 _17628_/Z
 _17629_/Z
 _17630_/Z
 _17631_/Z
 _17632_/Z
 _17633_/Z
 _17634_/Z
 _17635_/ZN
 _17636_/ZN
 _17637_/Z
 _17638_/ZN
 _17639_/Z
 _17640_/ZN
 _17641_/Z
 _17642_/ZN
 _17643_/Z
 _17644_/ZN
 _17645_/Z
 _17646_/ZN
 _17647_/Z
 _17648_/Z
 _17649_/Z
 _17650_/Z
 _17651_/Z
 _17652_/Z
 _17653_/Z
 _17654_/Z
 _17655_/Z
 _17656_/Z
 _17657_/Z
 _17658_/Z
 _17659_/Z
 _17660_/Z
 _17661_/Z
 _17662_/Z
 _17663_/Z
 _17664_/Z
 _17665_/Z
 _17666_/Z
 _17667_/ZN
 _17668_/ZN
 _17669_/Z
 _17670_/ZN
 _17671_/Z
 _17672_/ZN
 _17673_/Z
 _17674_/ZN
 _17675_/Z
 _17676_/ZN
 _17677_/Z
 _17678_/ZN
 _17679_/Z
 _17680_/Z
 _17681_/Z
 _17682_/Z
 _17683_/Z
 _17684_/Z
 _17685_/Z
 _17686_/Z
 _17687_/Z
 _17688_/Z
 _17689_/Z
 _17690_/Z
 _17691_/Z
 _17692_/Z
 _17693_/Z
 _17694_/Z
 _17695_/Z
 _17696_/Z
 _17697_/Z
 _17698_/Z
 _17699_/ZN
 _17700_/ZN
 _17701_/Z
 _17702_/ZN
 _17703_/Z
 _17704_/ZN
 _17705_/Z
 _17706_/ZN
 _17707_/Z
 _17708_/ZN
 _17709_/Z
 _17710_/ZN
 _17711_/Z
 _17712_/Z
 _17713_/Z
 _17714_/Z
 _17715_/Z
 _17716_/Z
 _17717_/Z
 _17718_/Z
 _17719_/Z
 _17720_/Z
 _17721_/Z
 _17722_/Z
 _17723_/Z
 _17724_/Z
 _17725_/Z
 _17726_/Z
 _17727_/Z
 _17728_/Z
 _17729_/Z
 _17730_/Z
 _17731_/ZN
 _17732_/Z
 _17733_/ZN
 _17734_/Z
 _17735_/ZN
 _17736_/Z
 _17737_/Q
 _17738_/Q
 _17739_/Q
 _17740_/Q
 _17741_/Q
 _17742_/Q
 _17743_/Q
 _17744_/Q
 _17745_/Q
 _17746_/Q
 _17747_/Q
 _17748_/Q
 _17749_/Q
 _17750_/Q
 _17751_/Q
 _17752_/Q
 _17753_/Q
 _17754_/Q
 _17755_/Q
 _17756_/Q
 _17757_/Q
 _17758_/Q
 _17759_/Q
 _17760_/Q
 _17761_/Q
 _17762_/Q
 _17763_/Q
 _17764_/Q
 _17765_/Q
 _17766_/Q
 _17767_/Q
 _17768_/Q
 _17769_/Q
 _17770_/Q
 _17771_/Q
 _17772_/Q
 _17773_/Q
 _17774_/Q
 _17775_/Q
 _17776_/Q
 _17777_/Q
 _17778_/Q
 _17779_/Q
 _17780_/Q
 _17781_/Q
 _17782_/Q
 _17783_/Q
 _17784_/Q
 _17785_/Q
 _17786_/Q
 _17787_/Q
 _17788_/Q
 _17789_/Q
 _17790_/Q
 _17791_/Q
 _17792_/Q
 _17793_/Q
 _17794_/Q
 _17795_/Q
 _17796_/Q
 _17797_/Q
 _17798_/Q
 _17799_/Q
 _17800_/Q
 _17801_/Q
 _17802_/Q
 _17803_/Q
 _17804_/Q
 _17805_/Q
 _17806_/Q
 _17807_/Q
 _17808_/Q
 _17809_/Q
 _17810_/Q
 _17811_/Q
 _17812_/Q
 _17813_/Q
 _17814_/Q
 _17815_/Q
 _17816_/Q
 _17817_/Q
 _17818_/Q
 _17819_/Q
 _17820_/Q
 _17821_/Q
 _17822_/Q
 _17823_/Q
 _17824_/Q
 _17825_/Q
 _17826_/Q
 _17827_/Q
 _17828_/Q
 _17829_/Q
 _17830_/Q
 _17831_/Q
 _17832_/Q
 _17833_/Q
 _17834_/Q
 _17835_/Q
 _17836_/Q
 _17837_/Q
 _17838_/Q
 _17839_/Q
 _17840_/Q
 _17841_/Q
 _17842_/Q
 _17843_/Q
 _17844_/Q
 _17845_/Q
 _17846_/Q
 _17847_/Q
 _17848_/Q
 _17849_/Q
 _17850_/Q
 _17851_/Q
 _17852_/Q
 _17853_/Q
 _17854_/Q
 _17855_/Q
 _17856_/Q
 _17857_/Q
 _17858_/Q
 _17859_/Q
 _17860_/Q
 _17861_/Q
 _17862_/Q
 _17863_/Q
 _17864_/Q
 _17865_/Q
 _17866_/Q
 _17867_/Q
 _17868_/Q
 _17869_/Q
 _17870_/Q
 _17871_/Q
 _17872_/Q
 _17873_/Q
 _17874_/Q
 _17875_/Q
 _17876_/Q
 _17877_/Q
 _17878_/Q
 _17879_/Q
 _17880_/Q
 _17881_/Q
 _17882_/Q
 _17883_/Q
 _17884_/Q
 _17885_/Q
 _17886_/Q
 _17887_/Q
 _17888_/Q
 _17889_/Q
 _17890_/Q
 _17891_/Q
 _17892_/Q
 _17893_/Q
 _17894_/Q
 _17895_/Q
 _17896_/Q
 _17897_/Q
 _17898_/Q
 _17899_/Q
 _17900_/Q
 _17901_/Q
 _17902_/Q
 _17903_/Q
 _17904_/Q
 _17905_/Q
 _17906_/Q
 _17907_/Q
 _17908_/Q
 _17909_/Q
 _17910_/Q
 _17911_/Q
 _17912_/Q
 _17913_/Q
 _17914_/Q
 _17915_/Q
 _17916_/Q
 _17917_/Q
 _17918_/Q
 _17919_/Q
 _17920_/Q
 _17921_/Q
 _17922_/Q
 _17923_/Q
 _17924_/Q
 _17925_/Q
 _17926_/Q
 _17927_/Q
 _17928_/Q
 _17929_/Q
 _17930_/Q
 _17931_/Q
 _17932_/Q
 _17933_/Q
 _17934_/Q
 _17935_/Q
 _17936_/Q
 _17937_/Q
 _17938_/Q
 _17939_/Q
 _17940_/Q
 _17941_/Q
 _17942_/Q
 _17943_/Q
 _17944_/Q
 _17945_/Q
 _17946_/Q
 _17947_/Q
 _17948_/Q
 _17949_/Q
 _17950_/Q
 _17951_/Q
 _17952_/Q
 _17953_/Q
 _17954_/Q
 _17955_/Q
 _17956_/Q
 _17957_/Q
 _17958_/Q
 _17959_/Q
 _17960_/Q
 _17961_/Q
 _17962_/Q
 _17963_/Q
 _17964_/Q
 _17965_/Q
 _17966_/Q
 _17967_/Q
 _17968_/Q
 _17969_/Q
 _17970_/Q
 _17971_/Q
 _17972_/Q
 _17973_/Q
 _17974_/Q
 _17975_/Q
 _17976_/Q
 _17977_/Q
 _17978_/Q
 _17979_/Q
 _17980_/Q
 _17981_/Q
 _17982_/Q
 _17983_/Q
 _17984_/Q
 _17985_/Q
 _17986_/Q
 _17987_/Q
 _17988_/Q
 _17989_/Q
 _17990_/Q
 _17991_/Q
 _17992_/Q
 _17993_/Q
 _17994_/Q
 _17995_/Q
 _17996_/Q
 _17997_/Q
 _17998_/Q
 _17999_/Q
 _18000_/Q
 _18001_/Q
 _18002_/Q
 _18003_/Q
 _18004_/Q
 _18005_/Q
 _18006_/Q
 _18007_/Q
 _18008_/Q
 _18009_/Q
 _18010_/Q
 _18011_/Q
 _18012_/Q
 _18013_/Q
 _18014_/Q
 _18015_/Q
 _18016_/Q
 _18017_/Q
 _18018_/Q
 _18019_/Q
 _18020_/Q
 _18021_/Q
 _18022_/Q
 _18023_/Q
 _18024_/Q
 _18025_/Q
 _18026_/Q
 _18027_/Q
 _18028_/Q
 _18029_/Q
 _18030_/Q
 _18031_/Q
 _18032_/Q
 _18033_/Q
 _18034_/Q
 _18035_/Q
 _18036_/Q
 _18037_/Q
 _18038_/Q
 _18039_/Q
 _18040_/Q
 _18041_/Q
 _18042_/Q
 _18043_/Q
 _18044_/Q
 _18045_/Q
 _18046_/Q
 _18047_/Q
 _18048_/Q
 _18049_/Q
 _18050_/Q
 _18051_/Q
 _18052_/Q
 _18053_/Q
 _18054_/Q
 _18055_/Q
 _18056_/Q
 _18057_/Q
 _18058_/Q
 _18059_/Q
 _18060_/Q
 _18061_/Q
 _18062_/Q
 _18063_/Q
 _18064_/Q
 _18065_/Q
 _18066_/Q
 _18067_/Q
 _18068_/Q
 _18069_/Q
 _18070_/Q
 _18071_/Q
 _18072_/Q
 _18073_/Q
 _18074_/Q
 _18075_/Q
 _18076_/Q
 _18077_/Q
 _18078_/Q
 _18079_/Q
 _18080_/Q
 _18081_/Q
 _18082_/Q
 _18083_/Q
 _18084_/Q
 _18085_/Q
 _18086_/Q
 _18087_/Q
 _18088_/Q
 _18089_/Q
 _18090_/Q
 _18091_/Q
 _18092_/Q
 _18093_/Q
 _18094_/Q
 _18095_/Q
 _18096_/Q
 _18097_/Q
 _18098_/Q
 _18099_/Q
 _18100_/Q
 _18101_/Q
 _18102_/Q
 _18103_/Q
 _18104_/Q
 _18105_/Q
 _18106_/Q
 _18107_/Q
 _18108_/Q
 _18109_/Q
 _18110_/Q
 _18111_/Q
 _18112_/Q
 _18113_/Q
 _18114_/Q
 _18115_/Q
 _18116_/Q
 _18117_/Q
 _18118_/Q
 _18119_/Q
 _18120_/Q
 _18121_/Q
 _18122_/Q
 _18123_/Q
 _18124_/Q
 _18125_/Q
 _18126_/Q
 _18127_/Q
 _18128_/Q
 _18129_/Q
 _18130_/Q
 _18131_/Q
 _18132_/Q
 _18133_/Q
 _18134_/Q
 _18135_/Q
 _18136_/Q
 _18137_/Q
 _18138_/Q
 _18139_/Q
 _18140_/Q
 _18141_/Q
 _18142_/Q
 _18143_/Q
 _18144_/Q
 _18145_/Q
 _18146_/Q
 _18147_/Q
 _18148_/Q
 _18149_/Q
 _18150_/Q
 _18151_/Q
 _18152_/Q
 _18153_/Q
 _18154_/Q
 _18155_/Q
 _18156_/Q
 _18157_/Q
 _18158_/Q
 _18159_/Q
 _18160_/Q
 _18161_/Q
 _18162_/Q
 _18163_/Q
 _18164_/Q
 _18165_/Q
 _18166_/Q
 _18167_/Q
 _18168_/Q
 _18169_/Q
 _18170_/Q
 _18171_/Q
 _18172_/Q
 _18173_/Q
 _18174_/Q
 _18175_/Q
 _18176_/Q
 _18177_/Q
 _18178_/Q
 _18179_/Q
 _18180_/Q
 _18181_/Q
 _18182_/Q
 _18183_/Q
 _18184_/Q
 _18185_/Q
 _18186_/Q
 _18187_/Q
 _18188_/Q
 _18189_/Q
 _18190_/Q
 _18191_/Q
 _18192_/Q
 _18193_/Q
 _18194_/Q
 _18195_/Q
 _18196_/Q
 _18197_/Q
 _18198_/Q
 _18199_/Q
 _18200_/Q
 _18201_/Q
 _18202_/Q
 _18203_/Q
 _18204_/Q
 _18205_/Q
 _18206_/Q
 _18207_/Q
 _18208_/Q
 _18209_/Q
 _18210_/Q
 _18211_/Q
 _18212_/Q
 _18213_/Q
 _18214_/Q
 _18215_/Q
 _18216_/Q
 _18217_/Q
 _18218_/Q
 _18219_/Q
 _18220_/Q
 _18221_/Q
 _18222_/Q
 _18223_/Q
 _18224_/Q
 _18225_/Q
 _18226_/Q
 _18227_/Q
 _18228_/Q
 _18229_/Q
 _18230_/Q
 _18231_/Q
 _18232_/Q
 _18233_/Q
 _18234_/Q
 _18235_/Q
 _18236_/Q
 _18237_/Q
 _18238_/Q
 _18239_/Q
 _18240_/Q
 _18241_/Q
 _18242_/Q
 _18243_/Q
 _18244_/Q
 _18245_/Q
 _18246_/Q
 _18247_/Q
 _18248_/Q
 _18249_/Q
 _18250_/Q
 _18251_/Q
 _18252_/Q
 _18253_/Q
 _18254_/Q
 _18255_/Q
 _18256_/Q
 _18257_/Q
 _18258_/Q
 _18259_/Q
 _18260_/Q
 _18261_/Q
 _18262_/Q
 _18263_/Q
 _18264_/Q
 _18265_/Q
 _18266_/Q
 _18267_/Q
 _18268_/Q
 _18269_/Q
 _18270_/Q
 _18271_/Q
 _18272_/Q
 _18273_/Q
 _18274_/Q
 _18275_/Q
 _18276_/Q
 _18277_/Q
 _18278_/Q
 _18279_/Q
 _18280_/Q
 _18281_/Q
 _18282_/Q
 _18283_/Q
 _18284_/Q
 _18285_/Q
 _18286_/Q
 _18287_/Q
 _18288_/Q
 _18289_/Q
 _18290_/Q
 _18291_/Q
 _18292_/Q
 _18293_/Q
 _18294_/Q
 _18295_/Q
 _18296_/Q
 _18297_/Q
 _18298_/Q
 _18299_/Q
 _18300_/Q
 _18301_/Q
 _18302_/Q
 _18303_/Q
 _18304_/Q
 _18305_/Q
 _18306_/Q
 _18307_/Q
 _18308_/Q
 _18309_/Q
 _18310_/Q
 _18311_/Q
 _18312_/Q
 _18313_/Q
 _18314_/Q
 _18315_/Q
 _18316_/Q
 _18317_/Q
 _18318_/Q
 _18319_/Q
 _18320_/Q
 _18321_/Q
 _18322_/Q
 _18323_/Q
 _18324_/Q
 _18325_/Q
 _18326_/Q
 _18327_/Q
 _18328_/Q
 _18329_/Q
 _18330_/Q
 _18331_/Q
 _18332_/Q
 _18333_/Q
 _18334_/Q
 _18335_/Q
 _18336_/Q
 _18337_/Q
 _18338_/Q
 _18339_/Q
 _18340_/Q
 _18341_/Q
 _18342_/Q
 _18343_/Q
 _18344_/Q
 _18345_/Q
 _18346_/Q
 _18347_/Q
 _18348_/Q
 _18349_/Q
 _18350_/Q
 _18351_/Q
 _18352_/Q
 _18353_/Q
 _18354_/Q
 _18355_/Q
 _18356_/Q
 _18357_/Q
 _18358_/Q
 _18359_/Q
 _18360_/Q
 _18361_/Q
 _18362_/Q
 _18363_/Q
 _18364_/Q
 _18365_/Q
 _18366_/Q
 _18367_/Q
 _18368_/Q
 _18369_/Q
 _18370_/Q
 _18371_/Q
 _18372_/Q
 _18373_/Q
 _18374_/Q
 _18375_/Q
 _18376_/Q
 _18377_/Q
 _18378_/Q
 _18379_/Q
 _18380_/Q
 _18381_/Q
 _18382_/Q
 _18383_/Q
 _18384_/Q
 _18385_/Q
 _18386_/Q
 _18387_/Q
 _18388_/Q
 _18389_/Q
 _18390_/Q
 _18391_/Q
 _18392_/Q
 _18393_/Q
 _18394_/Q
 _18395_/Q
 _18396_/Q
 _18397_/Q
 _18398_/Q
 _18399_/Q
 _18400_/Q
 _18401_/Q
 _18402_/Q
 _18403_/Q
 _18404_/Q
 _18405_/Q
 _18406_/Q
 _18407_/Q
 _18408_/Q
 _18409_/Q
 _18410_/Q
 _18411_/Q
 _18412_/Q
 _18413_/Q
 _18414_/Q
 _18415_/Q
 _18416_/Q
 _18417_/Q
 _18418_/Q
 _18419_/Q
 _18420_/Q
 _18421_/Q
 _18422_/Q
 _18423_/Q
 _18424_/Q
 _18425_/Q
 _18426_/Q
 _18427_/Q
 _18428_/Q
 _18429_/Q
 _18430_/Q
 _18431_/Q
 _18432_/Q
 _18433_/Q
 _18434_/Q
 _18435_/Q
 _18436_/Q
 _18437_/Q
 _18438_/Q
 _18439_/Q
 _18440_/Q
 _18441_/Q
 _18442_/Q
 _18443_/Q
 _18444_/Q
 _18445_/Q
 _18446_/Q
 _18447_/Q
 _18448_/Q
 _18449_/Q
 _18450_/Q
 _18451_/Q
 _18452_/Q
 _18453_/Q
 _18454_/Q
 _18455_/Q
 _18456_/Q
 _18457_/Q
 _18458_/Q
 _18459_/Q
 _18460_/Q
 _18461_/Q
 _18462_/Q
 _18463_/Q
 _18464_/Q
 _18465_/Q
 _18466_/Q
 _18467_/Q
 _18468_/Q
 _18469_/Q
 _18470_/Q
 _18471_/Q
 _18472_/Q
 _18473_/Q
 _18474_/Q
 _18475_/Q
 _18476_/Q
 _18477_/Q
 _18478_/Q
 _18479_/Q
 _18480_/Q
 _18481_/Q
 _18482_/Q
 _18483_/Q
 _18484_/Q
 _18485_/Q
 _18486_/Q
 _18487_/Q
 _18488_/Q
 _18489_/Q
 _18490_/Q
 _18491_/Q
 _18492_/Q
 _18493_/Q
 _18494_/Q
 _18495_/Q
 _18496_/Q
 _18497_/Q
 _18498_/Q
 _18499_/Q
 _18500_/Q
 _18501_/Q
 _18502_/Q
 _18503_/Q
 _18504_/Q
 _18505_/Q
 _18506_/Q
 _18507_/Q
 _18508_/Q
 _18509_/Q
 _18510_/Q
 _18511_/Q
 _18512_/Q
 _18513_/Q
 _18514_/Q
 _18515_/Q
 _18516_/Q
 _18517_/Q
 _18518_/Q
 _18519_/Q
 _18520_/Q
 _18521_/Q
 _18522_/Q
 _18523_/Q
 _18524_/Q
 _18525_/Q
 _18526_/Q
 _18527_/Q
 _18528_/Q
 _18529_/Q
 _18530_/Q
 _18531_/Q
 _18532_/Q
 _18533_/Q
 _18534_/Q
 _18535_/Q
 _18536_/Q
 _18537_/Q
 _18538_/Q
 _18539_/Q
 _18540_/Q
 _18541_/Q
 _18542_/Q
 _18543_/Q
 _18544_/Q
 _18545_/Q
 _18546_/Q
 _18547_/Q
 _18548_/Q
 _18549_/Q
 _18550_/Q
 _18551_/Q
 _18552_/Q
 _18553_/Q
 _18554_/Q
 _18555_/Q
 _18556_/Q
 _18557_/Q
 _18558_/Q
 _18559_/Q
 _18560_/Q
 _18561_/Q
 _18562_/Q
 _18563_/Q
 _18564_/Q
 _18565_/Q
 _18566_/Q
 _18567_/Q
 _18568_/Q
 _18569_/Q
 _18570_/Q
 _18571_/Q
 _18572_/Q
 _18573_/Q
 _18574_/Q
 _18575_/Q
 _18576_/Q
 _18577_/Q
 _18578_/Q
 _18579_/Q
 _18580_/Q
 _18581_/Q
 _18582_/Q
 _18583_/Q
 _18584_/Q
 _18585_/Q
 _18586_/Q
 _18587_/Q
 _18588_/Q
 _18589_/Q
 _18590_/Q
 _18591_/Q
 _18592_/Q
 _18593_/Q
 _18594_/Q
 _18595_/Q
 _18596_/Q
 _18597_/Q
 _18598_/Q
 _18599_/Q
 _18600_/Q
 _18601_/Q
 _18602_/Q
 _18603_/Q
 _18604_/Q
 _18605_/Q
 _18606_/Q
 _18607_/Q
 _18608_/Q
 _18609_/Q
 _18610_/Q
 _18611_/Q
 _18612_/Q
 _18613_/Q
 _18614_/Q
 _18615_/Q
 _18616_/Q
 _18617_/Q
 _18618_/Q
 _18619_/Q
 _18620_/Q
 _18621_/Q
 _18622_/Q
 _18623_/Q
 _18624_/Q
 _18625_/Q
 _18626_/Q
 _18627_/Q
 _18628_/Q
 _18629_/Q
 _18630_/Q
 _18631_/Q
 _18632_/Q
 _18633_/Q
 _18634_/Q
 _18635_/Q
 _18636_/Q
 _18637_/Q
 _18638_/Q
 _18639_/Q
 _18640_/Q
 _18641_/Q
 _18642_/Q
 _18643_/Q
 _18644_/Q
 _18645_/Q
 _18646_/Q
 _18647_/Q
 _18648_/Q
 _18649_/Q
 _18650_/Q
 _18651_/Q
 _18652_/Q
 _18653_/Q
 _18654_/Q
 _18655_/Q
 _18656_/Q
 _18657_/Q
 _18658_/Q
 _18659_/Q
 _18660_/Q
 _18661_/Q
 _18662_/Q
 _18663_/Q
 _18664_/Q
 _18665_/Q
 _18666_/Q
 _18667_/Q
 _18668_/Q
 _18669_/Q
 _18670_/Q
 _18671_/Q
 _18672_/Q
 _18673_/Q
 _18674_/Q
 _18675_/Q
 _18676_/Q
 _18677_/Q
 _18678_/Q
 _18679_/Q
 _18680_/Q
 _18681_/Q
 _18682_/Q
 _18683_/Q
 _18684_/Q
 _18685_/Q
 _18686_/Q
 _18687_/Q
 _18688_/Q
 _18689_/Q
 _18690_/Q
 _18691_/Q
 _18692_/Q
 _18693_/Q
 _18694_/Q
 _18695_/Q
 _18696_/Q
 _18697_/Q
 _18698_/Q
 _18699_/Q
 _18700_/Q
 _18701_/Q
 _18702_/Q
 _18703_/Q
 _18704_/Q
 _18705_/Q
 _18706_/Q
 _18707_/Q
 _18708_/Q
 _18709_/Q
 _18710_/Q
 _18711_/Q
 _18712_/Q
 _18713_/Q
 _18714_/Q
 _18715_/Q
 _18716_/Q
 _18717_/Q
 _18718_/Q
 _18719_/Q
 _18720_/Q
 _18721_/Q
 _18722_/Q
 _18723_/Q
 _18724_/Q
 _18725_/Q
 _18726_/Q
 _18727_/Q
 _18728_/Q
 _18729_/Q
 _18730_/Q
 _18731_/Q
 _18732_/Q
 _18733_/Q
 _18734_/Q
 _18735_/Q
 _18736_/Q
 _18737_/Q
 _18738_/Q
 _18739_/Q
 _18740_/Q
 _18741_/Q
 _18742_/Q
 _18743_/Q
 _18744_/Q
 _18745_/Q
 _18746_/Q
 _18747_/Q
 _18748_/Q
 _18749_/Q
 _18750_/Q
 _18751_/Q
 _18752_/Q
 _18753_/Q
 _18754_/Q
 _18755_/Q
 _18756_/Q
 _18757_/Q
 _18758_/Q
 _18759_/Q
 _18760_/Q
 _18761_/Q
 _18762_/Q
 _18763_/Q
 _18764_/Q
 _18765_/Q
 _18766_/Q
 _18767_/Q
 _18768_/Q
 _18769_/Q
 _18770_/Q
 _18771_/Q
 _18772_/Q
 _18773_/Q
 _18774_/Q
 _18775_/Q
 _18776_/Q
 _18777_/Q
 _18778_/Q
 _18779_/Q
 _18780_/Q
 _18781_/Q
 _18782_/Q
 _18783_/Q
 _18784_/Q
 _18785_/Q
 _18786_/Q
 _18787_/Q
 _18788_/Q
 _18789_/Q
 _18790_/Q
 _18791_/Q
 _18792_/Q
 _18793_/Q
 _18794_/Q
 _18795_/Q
 _18796_/Q
 _18797_/Q
 _18798_/Q
 _18799_/Q
 _18800_/Q
 _18801_/Q
 _18802_/Q
 _18803_/Q
 _18804_/Q
 _18805_/Q
 _18806_/Q
 _18807_/Q
 _18808_/Q
 _18809_/Q
 _18810_/Q
 _18811_/Q
 _18812_/Q
 _18813_/Q
 _18814_/Q
 _18815_/Q
 _18816_/Q
 _18817_/Q
 _18818_/Q
 _18819_/Q
 _18820_/Q
 _18821_/Q
 _18822_/Q
 _18823_/Q
 _18824_/Q
 _18825_/Q
 _18826_/Q
 _18827_/Q
 _18828_/Q
 _18829_/Q
 _18830_/Q
 _18831_/Q
 _18832_/Q
 _18833_/Q
 _18834_/Q
 _18835_/Q
 _18836_/Q
 _18837_/Q
 _18838_/Q
 _18839_/Q
 _18840_/Q
 _18841_/Q
 _18842_/Q
 _18843_/Q
 _18844_/Q
 _18845_/Q
 _18846_/Q
 _18847_/Q
 _18848_/Q
 _18849_/Q
 _18850_/Q
 _18851_/Q
 _18852_/Q
 _18853_/Q
 _18854_/Q
 _18855_/Q
 _18856_/Q
 _18857_/Q
 _18858_/Q
 _18859_/Q
 _18860_/Q
 _18861_/Q
 _18862_/Q
 _18863_/Q
 _18864_/Q
 _18865_/Q
 _18866_/Q
 _18867_/Q
 _18868_/Q
 _18869_/Q
 _18870_/Q
 _18871_/Q
 _18872_/Q
 _18873_/Q
 _18874_/Q
 _18875_/Q
 _18876_/Q
 _18877_/Q
 _18878_/Q
 _18879_/Q
 _18880_/Q
 _18881_/Q
 _18882_/Q
 _18883_/Q
 _18884_/Q
 _18885_/Q
 _18886_/Q
 _18887_/Q
 _18888_/Q
 _18889_/Q
 _18890_/Q
 _18891_/Q
 _18892_/Q
 _18893_/Q
 _18894_/Q
 _18895_/Q
 _18896_/Q
 _18897_/Q
 _18898_/Q
 _18899_/Q
 _18900_/Q
 _18901_/Q
 _18902_/Q
 _18903_/Q
 _18904_/Q
 _18905_/Q
 _18906_/Q
 _18907_/Q
 _18908_/Q
 _18909_/Q
 _18910_/Q
 _18911_/Q
 _18912_/Q
 _18913_/Q
 _18914_/Q
 _18915_/Q
 _18916_/Q
 _18917_/Q
 _18918_/Q
 _18919_/Q
 _18920_/Q
 _18921_/Q
 _18922_/Q
 _18923_/Q
 _18924_/Q
 _18925_/Q
 _18926_/Q
 _18927_/Q
 _18928_/Q
 _18929_/Q
 _18930_/Q
 _18931_/Q
 _18932_/Q
 _18933_/Q
 _18934_/Q
 _18935_/Q
 _18936_/Q
 _18937_/Q
 _18938_/Q
 _18939_/Q
 _18940_/Q
 _18941_/Q
 _18942_/Q
 _18943_/Q
 _18944_/Q
 _18945_/Q
 _18946_/Q
 _18947_/Q
 _18948_/Q
 _18949_/Q
 _18950_/Q
 _18951_/Q
 _18952_/Q
 _18953_/Q
 _18954_/Q
 _18955_/Q
 _18956_/Q
 _18957_/Q
 _18958_/Q
 _18959_/Q
 _18960_/Q
 _18961_/Q
 _18962_/Q
 _18963_/Q
 _18964_/Q
 _18965_/Q
 _18966_/Q
 _18967_/Q
 _18968_/Q
 _18969_/Q
 _18970_/Q
 _18971_/Q
 _18972_/Q
 _18973_/Q
 _18974_/Q
 _18975_/Q
 _18976_/Q
 _18977_/Q
 _18978_/Q
 _18979_/Q
 _18980_/Q
 _18981_/Q
 _18982_/Q
 _18983_/Q
 _18984_/Q
 _18985_/Q
 _18986_/Q
 _18987_/Q
 _18988_/Q
 _18989_/Q
 _18990_/Q
 _18991_/Q
 _18992_/Q
 _18993_/Q
 _18994_/Q
 _18995_/Q
 _18996_/Q
 _18997_/Q
 _18998_/Q
 _18999_/Q
 _19000_/Q
 _19001_/Q
 _19002_/Q
 _19003_/Q
 _19004_/Q
 _19005_/Q
 _19006_/Q
 _19007_/Q
 _19008_/Q
 _19009_/Q
 _19010_/Q
 _19011_/Q
 _19012_/Q
 _19013_/Q
 _19014_/Q
 _19015_/Q
 _19016_/Q
 _19017_/Q
 _19018_/Q
 _19019_/Q
 _19020_/Q
 _19021_/Q
 _19022_/Q
 _19023_/Q
 _19024_/Q
 _19025_/Q
 _19026_/Q
 _19027_/Q
 _19028_/Q
 _19029_/Q
 _19030_/Q
 _19031_/Q
 _19032_/Q
 _19033_/Q
 _19034_/Q
 _19035_/Q
 _19036_/Q
 _19037_/Q
 _19038_/Q
 _19039_/Q
 _19040_/Q
 _19041_/Q
 _19042_/Q
 _19043_/Q
 _19044_/Q
 _19045_/Q
 _19046_/Q
 _19047_/Q
 _19048_/Q
 _19049_/Q
 _19050_/Q
 _19051_/Q
 _19052_/Q
 _19053_/Q
 _19054_/Q
 _19055_/Q
 _19056_/Q
 _19057_/Q
 _19058_/Q
 _19059_/Q
 _19060_/Q
 _19061_/Q
 _19062_/Q
 _19063_/Q
 _19064_/Q
 _19065_/Q
 _19066_/Q
 _19067_/Q
 _19068_/Q
 _19069_/Q
 _19070_/Q
 _19071_/Q
 _19072_/Q
 _19073_/Q
 _19074_/Q
 _19075_/Q
 _19076_/Q
 _19077_/Q
 _19078_/Q
 _19079_/Q
 _19080_/Q
 _19081_/Q
 _19082_/Q
 _19083_/Q
 _19084_/Q
 _19085_/Q
 _19086_/Q
 _19087_/Q
 _19088_/Q
 _19089_/Q
 _19090_/Q
 _19091_/Q
 _19092_/Q
 _19093_/Q
 _19094_/Q
 _19095_/Q
 _19096_/Q
 _19097_/Q
 _19098_/Q
 _19099_/Q
 _19100_/Q
 _19101_/Q
 _19102_/Q
 _19103_/Q
 _19104_/Q
 _19105_/Q
 _19106_/Q
 _19107_/Q
 _19108_/Q
 _19109_/Q
 _19110_/Q
 _19111_/Q
 _19112_/Q
 _19113_/Q
 _19114_/Q
 _19115_/Q
 _19116_/Q
 _19117_/Q
 _19118_/Q
 _19119_/Q
 _19120_/Q
 _19121_/Q
 _19122_/Q
 _19123_/Q
 _19124_/Q
 _19125_/Q
 _19126_/Q
 _19127_/Q
 _19128_/Q
 _19129_/Q
 _19130_/Q
 _19131_/Q
 _19132_/Q
 _19133_/Q
 _19134_/Q
 _19135_/Q
 _19136_/Q
 _19137_/Q
 _19138_/Q
 _19139_/Q
 _19140_/Q
 _19141_/Q
 _19142_/Q
 _19143_/Q
 _19144_/Q
 _19145_/Q
 _19146_/Q
 _19147_/Q
 _19148_/Q
 _19149_/Q
 _19150_/Q
 _19151_/Q
 _19152_/Q
 _19153_/Q
 _19154_/Q
 _19155_/Q
 _19156_/Q
 _19157_/Q
 _19158_/Q
 _19159_/Q
 _19160_/Q
 _19161_/Q
 _19162_/Q
 _19163_/Q
 _19164_/Q
 _19165_/Q
 _19166_/Q
 _19167_/Q
 _19168_/Q
 _19169_/Q
 _19170_/Q
 _19171_/Q
 _19172_/Q
 _19173_/Q
 _19174_/Q
 _19175_/Q
 _19176_/Q
 _19177_/Q
 _19178_/Q
 _19179_/Q
 _19180_/Q
 _19181_/Q
 _19182_/Q
 _19183_/Q
 _19184_/Q
 _19185_/Q
 _19186_/Q
 _19187_/Q
 _19188_/Q
 _19189_/Q
 _19190_/Q
 _19191_/Q
 _19192_/Q
 _19193_/Q
 _19194_/Q
 _19195_/Q
 _19196_/Q
 _19197_/Q
 _19198_/Q
 _19199_/Q
 _19200_/Q
 _19201_/Q
 _19202_/Q
 _19203_/Q
 _19204_/Q
 _19205_/Q
 _19206_/Q
 _19207_/Q
 _19208_/Q
 _19209_/Q
 _19210_/Q
 _19211_/Q
 _19212_/Q
 _19213_/Q
 _19214_/Q
 _19215_/Q
 _19216_/Q
 _19217_/Q
 _19218_/Q
 _19219_/Q
 _19220_/Q
 _19221_/Q
 _19222_/Q
 _19223_/Q
 _19224_/Q
 _19225_/Q
 _19226_/Q
 _19227_/Q
 _19228_/Q
 _19229_/Q
 _19230_/Q
 _19231_/Q
 _19232_/Q
 _19233_/Q
 _19234_/Q
 _19235_/Q
 _19236_/Q
 _19237_/Q
 _19238_/Q
 _19239_/Q
 _19240_/Q
 _19241_/Q
 _19242_/Q
 _19243_/Q
 _19244_/Q
 _19245_/Q
 _19246_/Q
 _19247_/Q
 _19248_/Q
 _19249_/Q
 _19250_/Q
 _19251_/Q
 _19252_/Q
 _19253_/Q
 _19254_/Q
 _19255_/Q
 _19256_/Q
 _19257_/Q
 _19258_/Q
 _19259_/Q
 _19260_/Q
 _19261_/Q
 _19262_/Q
 _19263_/Q
 _19264_/Q
 _19265_/Q
 _19266_/Q
 _19267_/Q
 _19268_/Q
 _19269_/Q
 _19270_/Q
 _19271_/Q
 _19272_/Q
 _19273_/Q
 _19274_/Q
 _19275_/Q
 _19276_/Q
 _19277_/Q
 _19278_/Q
 _19279_/Q
 _19280_/Q
 _19281_/Q
 _19282_/Q
 _19283_/Q
 _19284_/Q
 _19285_/Q
 _19286_/Q
 _19287_/Q
 _19288_/Q
 _19289_/Q
 _19290_/Q
 _19291_/Q
 _19292_/Q
 _19293_/Q
 _19294_/Q
 _19295_/Q
 _19296_/Q
 _19297_/Q
 _19298_/Q
 _19299_/Q
 _19300_/Q
 _19301_/Q
 _19302_/Q
 _19303_/Q
 _19304_/Q
 _19305_/Q
 _19306_/Q
 _19307_/Q
 _19308_/Q
 _19309_/Q
 _19310_/Q
 _19311_/Q
 _19312_/Q
 _19313_/Q
 _19314_/Q
 _19315_/Q
 _19316_/Q
 _19317_/Q
 _19318_/Q
 _19319_/Q
 _19320_/Q
 _19321_/Q
 _19322_/Q
 _19323_/Q
 _19324_/Q
 _19325_/Q
 _19326_/Q
 _19327_/Q
 _19328_/Q
 _19329_/Q
 _19330_/Q
 _19331_/Q
 _19332_/Q
 _19333_/Q
 _19334_/Q
 _19335_/Q
 _19336_/Q
 _19337_/Q
 _19338_/Q
 _19339_/Q
 _19340_/Q
 _19341_/Q
 _19342_/Q
 _19343_/Q
 _19344_/Q
 _19345_/Q
 _19346_/Q
 _19347_/Q
 _19348_/Q
 _19349_/Q
 _19350_/Q
 _19351_/Q
 _19352_/Q
 _19353_/Q
 _19354_/Q
 _19355_/Q
 _19356_/Q
 _19357_/Q
 _19358_/Q
 _19359_/Q
 _19360_/Q
 _19361_/Q
 _19362_/Q
 _19363_/Q
 _19364_/Q
 _19365_/Q
 _19366_/Q
 _19367_/Q
 _19368_/Q
 _19369_/Q
 _19370_/Q
 _19371_/Q
 _19372_/Q
 _19373_/Q
 _19374_/Q
 _19375_/Q
 _19376_/Q
 _19377_/Q
 _19378_/Q
 _19379_/Q
 _19380_/Q
 _19381_/Q
 _19382_/Q
 _19383_/Q
 _19384_/Q
 _19385_/Q
 _19386_/Q
 _19387_/Q
 _19388_/Q
 _19389_/Q
 _19390_/Q
 _19391_/Q
 _19392_/Q
 _19393_/Q
 _19394_/Q
 _19395_/Q
 _19396_/Q
 _19397_/Q
 _19398_/Q
 _19399_/Q
 _19400_/Q
 _19401_/Q
 _19402_/Q
 _19403_/Q
 _19404_/Q
 _19405_/Q
 _19406_/Q
 _19407_/Q
 _19408_/Q
 _19409_/Q
 _19410_/Q
 _19411_/Q
 _19412_/Q
 _19413_/Q
 _19414_/Q
 _19415_/Q
 _19416_/Q
 _19417_/Q
 _19418_/Q
 _19419_/Q
 _19420_/Q
 _19421_/Q
 _19422_/Q
 _19423_/Q
 _19424_/Q
 _19425_/Q
 _19426_/Q
 _19427_/Q
 _19428_/Q
 _19429_/Q
 _19430_/Q
 _19431_/Q
 _19432_/Q
 _19433_/Q
 _19434_/Q
 _19435_/Q
 _19436_/Q
 _19437_/Q
 _19438_/Q
 _19439_/Q
 _19440_/Q
 _19441_/Q
 _19442_/Q
 _19443_/Q
 _19444_/Q
 _19445_/Q
 _19446_/Q
 _19447_/Q
 _19448_/Q
 _19449_/Q
 _19450_/Q
 _19451_/Q
 _19452_/Q
 _19453_/Q
 _19454_/Q
 _19455_/Q
 _19456_/Q
 _19457_/Q
 _19458_/Q
 _19459_/Q
 _19460_/Q
 _19461_/Q
 _19462_/Q
 _19463_/Q
 _19464_/Q
 _19465_/Q
 _19466_/Q
 _19467_/Q
 _19468_/Q
 _19469_/Q
 _19470_/Q
 _19471_/Q
 _19472_/Q
 _19473_/Q
 _19474_/Q
 _19475_/Q
 _19476_/Q
 _19477_/Q
 _19478_/Q
 _19479_/Q
 _19480_/Q
 _19481_/Q
 _19482_/Q
 _19483_/Q
 _19484_/Q
 _19485_/Q
 _19486_/Q
 _19487_/Q
 _19488_/Q
 _19489_/Q
 _19490_/Q
 _19491_/Q
 _19492_/Q
 _19493_/Q
 _19494_/Q
 _19495_/Q
 _19496_/Q
 _19497_/Q
 _19498_/Q
 _19499_/Q
 _19500_/Q
 _19501_/Q
 _19502_/Q
 _19503_/Q
 _19504_/Q
 _19505_/Q
 _19506_/Q
 _19507_/Q
 _19508_/Q
 _19509_/Q
 _19510_/Q
 _19511_/Q
 _19512_/Q
 _19513_/Q
 _19514_/Q
 _19515_/Q
 _19516_/Q
 _19517_/Q
 _19518_/Q
 _19519_/Q
 _19520_/Q
 _19521_/Q
 _19522_/Q
 _19523_/Q
 _19524_/Q
 _19525_/Q
 _19526_/Q
 _19527_/Q
 _19528_/Q
 _19529_/Q
 _19530_/Q
 _19531_/Q
 _19532_/Q
 _19533_/Q
 _19534_/Q
 _19535_/Q
 _19536_/Q
 _19537_/Q
 _19538_/Q
 _19539_/Q
 _19540_/Q
 _19541_/Q
 _19542_/Q
 _19543_/Q
 _19544_/Q
 _19545_/Q
 _19546_/Q
 _19547_/Q
 _19548_/Q
 _19549_/Q
 _19550_/Q
 _19551_/Q
 _19552_/Q
 _19553_/Q
 _19554_/Q
 _19555_/Q
 _19556_/Q
 _19557_/Q
 _19558_/Q
 _19559_/Q
 _19560_/Q
 _19561_/Q
 _19562_/Q
 _19563_/Q
 _19564_/Q
 _19565_/Q
 _19566_/Q
 _19567_/Q
 _19568_/Q
 _19569_/Q
 _19570_/Q
 _19571_/Q
 _19572_/Q
 _19573_/Q
 _19574_/Q
 _19575_/Q
 _19576_/Q
 _19577_/Q
 _19578_/Q
 _19579_/Q
 _19580_/Q
 _19581_/Q
 _19582_/Q
 _19583_/Q
 _19584_/Q
 _19585_/Q
 _19586_/Q
 _19587_/Q
 _19588_/Q
 _19589_/Q
 _19590_/Q
 _19591_/Q
 _19592_/Q
 _19593_/Q
 _19594_/Q
 _19595_/Q
 _19596_/Q
 _19597_/Q
 _19598_/Q
 _19599_/Q
 _19600_/Q
 _19601_/Q
 _19602_/Q
 _19603_/Q
 _19604_/Q
 _19605_/Q
 _19606_/Q
 _19607_/Q
 _19608_/Q
 _19609_/Q
 _19610_/Q
 _19611_/Q
 _19612_/Q
 _19613_/Q
 _19614_/Q
 _19615_/Q
 _19616_/Q
 _19617_/Q
 _19618_/Q
 _19619_/Q
 _19620_/Q
 _19621_/Q
 _19622_/Q
 _19623_/Q
 _19624_/Q
 _19625_/Q
 _19626_/Q
 _19627_/Q
 _19628_/Q
 _19629_/Q
 _19630_/Q
 _19631_/Q
 _19632_/Q
 _19633_/Q
 _19634_/Q
 _19635_/Q
 _19636_/Q
 _19637_/Q
 _19638_/Q
 _19639_/Q
 _19640_/Q
 _19641_/Q
 _19642_/Q
 _19643_/Q
 _19644_/Q
 _19645_/Q
 _19646_/Q
 _19647_/Q
 _19648_/Q
 _19649_/Q
 _19650_/Q
 _19651_/Q
 _19652_/Q
 _19653_/Q
 _19654_/Q
 _19655_/Q
 _19656_/Q
 _19657_/Q
 _19658_/Q
 _19659_/Q
 _19660_/Q
 _19661_/Q
 _19662_/Q
 _19663_/Q
 _19664_/Q
 _19665_/Q
 _19666_/Q
 _19667_/Q
 _19668_/Q
 _19669_/Q
 _19670_/Q
 _19671_/Q
 _19672_/Q
 _19673_/Q
 _19674_/Q
 _19675_/Q
 _19676_/Q
 _19677_/Q
 _19678_/Q
 _19679_/Q
 _19680_/Q
 _19681_/Q
 _19682_/Q
 _19683_/Q
 _19684_/Q
 _19685_/Q
 _19686_/Q
 _19687_/Q
 _19688_/Q
 _19689_/Q
 _19690_/Q
 _19691_/Q
 _19692_/Q
 _19693_/Q
 _19694_/Q
 _19695_/Q
 _19696_/Q
 _19697_/Q
 _19698_/Q
 _19699_/Q
 _19700_/Q
 _19701_/Q
 _19702_/Q
 _19703_/Q
 _19704_/Q
 _19705_/Q
 _19706_/Q
 _19707_/Q
 _19708_/Q
 _19709_/Q
 _19710_/Q
 _19711_/Q
 _19712_/Q
 _19713_/Q
 _19714_/Q
 _19715_/Q
 _19716_/Q
 _19717_/Q
 _19718_/Q
 _19719_/Q
 _19720_/Q
 _19721_/Q
 _19722_/Q
 _19723_/Q
 _19724_/Q
 _19725_/Q
 _19726_/Q
 _19727_/Q
 _19728_/Q
 _19729_/Q
 _19730_/Q
 _19731_/Q
 _19732_/Q
 _19733_/Q
 _19734_/Q
 _19735_/Q
 _19736_/Q
 _19737_/Q
 _19738_/Q
 _19739_/Q
 _19740_/Q
 u_transform_scheduler_core.u_fft_scratch_sram.u_hi.g_pin_drive\[0\].u_addr_driver/Z
 u_transform_scheduler_core.u_fft_scratch_sram.u_hi.g_pin_drive\[0\].u_data_driver/Z
 u_transform_scheduler_core.u_fft_scratch_sram.u_hi.g_pin_drive\[1\].u_addr_driver/Z
 u_transform_scheduler_core.u_fft_scratch_sram.u_hi.g_pin_drive\[1\].u_data_driver/Z
 u_transform_scheduler_core.u_fft_scratch_sram.u_hi.g_pin_drive\[2\].u_addr_driver/Z
 u_transform_scheduler_core.u_fft_scratch_sram.u_hi.g_pin_drive\[2\].u_data_driver/Z
 u_transform_scheduler_core.u_fft_scratch_sram.u_hi.g_pin_drive\[3\].u_addr_driver/Z
 u_transform_scheduler_core.u_fft_scratch_sram.u_hi.g_pin_drive\[3\].u_data_driver/Z
 u_transform_scheduler_core.u_fft_scratch_sram.u_hi.g_pin_drive\[4\].u_addr_driver/Z
 u_transform_scheduler_core.u_fft_scratch_sram.u_hi.g_pin_drive\[4\].u_data_driver/Z
 u_transform_scheduler_core.u_fft_scratch_sram.u_hi.g_pin_drive\[5\].u_addr_driver/Z
 u_transform_scheduler_core.u_fft_scratch_sram.u_hi.g_pin_drive\[5\].u_data_driver/Z
 u_transform_scheduler_core.u_fft_scratch_sram.u_hi.g_pin_drive\[6\].u_addr_driver/Z
 u_transform_scheduler_core.u_fft_scratch_sram.u_hi.g_pin_drive\[6\].u_data_driver/Z
 u_transform_scheduler_core.u_fft_scratch_sram.u_hi.g_pin_drive\[7\].u_addr_driver/Z
 u_transform_scheduler_core.u_fft_scratch_sram.u_hi.g_pin_drive\[7\].u_data_driver/Z
 u_transform_scheduler_core.u_fft_scratch_sram.u_hi.u_cen_driver/ZN
 u_transform_scheduler_core.u_fft_scratch_sram.u_hi.u_gwen_driver/ZN
 u_transform_scheduler_core.u_fft_scratch_sram.u_hi.u_sram/Q[0]
 u_transform_scheduler_core.u_fft_scratch_sram.u_hi.u_sram/Q[1]
 u_transform_scheduler_core.u_fft_scratch_sram.u_hi.u_sram/Q[2]
 u_transform_scheduler_core.u_fft_scratch_sram.u_hi.u_sram/Q[3]
 u_transform_scheduler_core.u_fft_scratch_sram.u_hi.u_sram/Q[4]
 u_transform_scheduler_core.u_fft_scratch_sram.u_hi.u_sram/Q[5]
 u_transform_scheduler_core.u_fft_scratch_sram.u_hi.u_sram/Q[6]
 u_transform_scheduler_core.u_fft_scratch_sram.u_hi.u_sram/Q[7]
 u_transform_scheduler_core.u_fft_scratch_sram.u_lo.g_pin_drive\[0\].u_addr_driver/Z
 u_transform_scheduler_core.u_fft_scratch_sram.u_lo.g_pin_drive\[0\].u_data_driver/Z
 u_transform_scheduler_core.u_fft_scratch_sram.u_lo.g_pin_drive\[1\].u_addr_driver/Z
 u_transform_scheduler_core.u_fft_scratch_sram.u_lo.g_pin_drive\[1\].u_data_driver/Z
 u_transform_scheduler_core.u_fft_scratch_sram.u_lo.g_pin_drive\[2\].u_addr_driver/Z
 u_transform_scheduler_core.u_fft_scratch_sram.u_lo.g_pin_drive\[2\].u_data_driver/Z
 u_transform_scheduler_core.u_fft_scratch_sram.u_lo.g_pin_drive\[3\].u_addr_driver/Z
 u_transform_scheduler_core.u_fft_scratch_sram.u_lo.g_pin_drive\[3\].u_data_driver/Z
 u_transform_scheduler_core.u_fft_scratch_sram.u_lo.g_pin_drive\[4\].u_addr_driver/Z
 u_transform_scheduler_core.u_fft_scratch_sram.u_lo.g_pin_drive\[4\].u_data_driver/Z
 u_transform_scheduler_core.u_fft_scratch_sram.u_lo.g_pin_drive\[5\].u_addr_driver/Z
 u_transform_scheduler_core.u_fft_scratch_sram.u_lo.g_pin_drive\[5\].u_data_driver/Z
 u_transform_scheduler_core.u_fft_scratch_sram.u_lo.g_pin_drive\[6\].u_addr_driver/Z
 u_transform_scheduler_core.u_fft_scratch_sram.u_lo.g_pin_drive\[6\].u_data_driver/Z
 u_transform_scheduler_core.u_fft_scratch_sram.u_lo.g_pin_drive\[7\].u_addr_driver/Z
 u_transform_scheduler_core.u_fft_scratch_sram.u_lo.g_pin_drive\[7\].u_data_driver/Z
 u_transform_scheduler_core.u_fft_scratch_sram.u_lo.u_cen_driver/ZN
 u_transform_scheduler_core.u_fft_scratch_sram.u_lo.u_gwen_driver/ZN
 u_transform_scheduler_core.u_fft_scratch_sram.u_lo.u_sram/Q[0]
 u_transform_scheduler_core.u_fft_scratch_sram.u_lo.u_sram/Q[1]
 u_transform_scheduler_core.u_fft_scratch_sram.u_lo.u_sram/Q[2]
 u_transform_scheduler_core.u_fft_scratch_sram.u_lo.u_sram/Q[3]
 u_transform_scheduler_core.u_fft_scratch_sram.u_lo.u_sram/Q[4]
 u_transform_scheduler_core.u_fft_scratch_sram.u_lo.u_sram/Q[5]
 u_transform_scheduler_core.u_fft_scratch_sram.u_lo.u_sram/Q[6]
 u_transform_scheduler_core.u_fft_scratch_sram.u_lo.u_sram/Q[7]
Found 0 partially unannotated drivers.

===========================================================================
max slew violation count 3171
max fanout violation count 0
max cap violation count 57
============================================================================

===========================================================================
check_setup -verbose -unconstrained_endpoints -multiple_clock -no_clock -no_input_delay -loops -generated_clocks
===========================================================================
Warning: There are 2 input ports missing set_input_delay.
  VDD
  VSS
Warning: There are 2 unconstrained endpoints.
  VDD
  VSS
