Startpoint: _21001_ (rising edge-triggered flip-flop clocked by core_clk)
Endpoint: u_transform_scheduler_core.u_fft_scratch_sram.u_hi.u_sram
          (rising edge-triggered flip-flop clocked by core_clk)
Path Group: core_clk
Path Type: min

  Delay    Time   Description
---------------------------------------------------------
   0.00    0.00   clock core_clk (rise edge)
   0.00    0.00   clock source latency
   0.00    0.00 ^ clk (in)
   0.25    0.25 ^ clkbuf_regs_0_core_clk/Z (gf180mcu_fd_sc_mcu9t5v0__clkbuf_16)
   0.19    0.44 ^ clkbuf_0_clk_regs/Z (gf180mcu_fd_sc_mcu9t5v0__clkbuf_16)
   0.23    0.67 ^ clkbuf_2_1_0_clk_regs/Z (gf180mcu_fd_sc_mcu9t5v0__clkbuf_8)
   0.28    0.95 ^ clkbuf_3_2__f_clk_regs/Z (gf180mcu_fd_sc_mcu9t5v0__clkbuf_16)
   0.28    1.22 ^ clkbuf_leaf_12_clk_regs/Z (gf180mcu_fd_sc_mcu9t5v0__clkbuf_8)
   0.00    1.22 ^ _21001_/CLK (gf180mcu_fd_sc_mcu9t5v0__dffrnq_2)
   0.74    1.97 ^ _21001_/Q (gf180mcu_fd_sc_mcu9t5v0__dffrnq_2)
   0.19    2.16 v _09832_/ZN (gf180mcu_fd_sc_mcu9t5v0__nor2_1)
   0.47    2.63 ^ _18388_/ZN (gf180mcu_fd_sc_mcu9t5v0__nand2_1)
   0.08    2.71 v u_transform_scheduler_core.u_fft_scratch_sram.u_hi.u_cen_driver/ZN (gf180mcu_fd_sc_mcu9t5v0__nand2_4)
   0.00    2.71 v u_transform_scheduler_core.u_fft_scratch_sram.u_hi.u_sram/CEN (gf180mcu_fd_ip_sram__sram256x8m8wm1)
           2.71   data arrival time

   0.00    0.00   clock core_clk (rise edge)
   0.00    0.00   clock source latency
   0.00    0.00 ^ clk (in)
   0.25    0.25 ^ delaybuf_0_core_clk/Z (gf180mcu_fd_sc_mcu9t5v0__clkbuf_16)
   0.17    0.42 ^ delaybuf_1_core_clk/Z (gf180mcu_fd_sc_mcu9t5v0__clkbuf_16)
   0.17    0.59 ^ delaybuf_2_core_clk/Z (gf180mcu_fd_sc_mcu9t5v0__clkbuf_16)
   0.17    0.76 ^ delaybuf_3_core_clk/Z (gf180mcu_fd_sc_mcu9t5v0__clkbuf_16)
   0.19    0.95 ^ clkbuf_0_clk/Z (gf180mcu_fd_sc_mcu9t5v0__clkbuf_16)
   0.28    1.23 ^ clkbuf_1_1__f_clk/Z (gf180mcu_fd_sc_mcu9t5v0__clkbuf_16)
   0.00    1.23 ^ u_transform_scheduler_core.u_fft_scratch_sram.u_hi.u_sram/CLK (gf180mcu_fd_ip_sram__sram256x8m8wm1)
   0.05    1.28   clock uncertainty
   0.00    1.28   clock reconvergence pessimism
   1.16    2.45   library hold time
           2.45   data required time
---------------------------------------------------------
           2.45   data required time
          -2.71   data arrival time
---------------------------------------------------------
           0.26   slack (MET)


Startpoint: _21001_ (rising edge-triggered flip-flop clocked by core_clk)
Endpoint: u_transform_scheduler_core.u_fft_scratch_sram.u_lo.u_sram
          (rising edge-triggered flip-flop clocked by core_clk)
Path Group: core_clk
Path Type: min

  Delay    Time   Description
---------------------------------------------------------
   0.00    0.00   clock core_clk (rise edge)
   0.00    0.00   clock source latency
   0.00    0.00 ^ clk (in)
   0.25    0.25 ^ clkbuf_regs_0_core_clk/Z (gf180mcu_fd_sc_mcu9t5v0__clkbuf_16)
   0.19    0.44 ^ clkbuf_0_clk_regs/Z (gf180mcu_fd_sc_mcu9t5v0__clkbuf_16)
   0.23    0.67 ^ clkbuf_2_1_0_clk_regs/Z (gf180mcu_fd_sc_mcu9t5v0__clkbuf_8)
   0.28    0.95 ^ clkbuf_3_2__f_clk_regs/Z (gf180mcu_fd_sc_mcu9t5v0__clkbuf_16)
   0.28    1.22 ^ clkbuf_leaf_12_clk_regs/Z (gf180mcu_fd_sc_mcu9t5v0__clkbuf_8)
   0.00    1.22 ^ _21001_/CLK (gf180mcu_fd_sc_mcu9t5v0__dffrnq_2)
   0.74    1.97 ^ _21001_/Q (gf180mcu_fd_sc_mcu9t5v0__dffrnq_2)
   0.19    2.16 v _09832_/ZN (gf180mcu_fd_sc_mcu9t5v0__nor2_1)
   0.47    2.63 ^ _18388_/ZN (gf180mcu_fd_sc_mcu9t5v0__nand2_1)
   0.08    2.71 v u_transform_scheduler_core.u_fft_scratch_sram.u_lo.u_cen_driver/ZN (gf180mcu_fd_sc_mcu9t5v0__nand2_4)
   0.00    2.71 v u_transform_scheduler_core.u_fft_scratch_sram.u_lo.u_sram/CEN (gf180mcu_fd_ip_sram__sram256x8m8wm1)
           2.71   data arrival time

   0.00    0.00   clock core_clk (rise edge)
   0.00    0.00   clock source latency
   0.00    0.00 ^ clk (in)
   0.25    0.25 ^ delaybuf_0_core_clk/Z (gf180mcu_fd_sc_mcu9t5v0__clkbuf_16)
   0.17    0.42 ^ delaybuf_1_core_clk/Z (gf180mcu_fd_sc_mcu9t5v0__clkbuf_16)
   0.17    0.59 ^ delaybuf_2_core_clk/Z (gf180mcu_fd_sc_mcu9t5v0__clkbuf_16)
   0.17    0.76 ^ delaybuf_3_core_clk/Z (gf180mcu_fd_sc_mcu9t5v0__clkbuf_16)
   0.19    0.95 ^ clkbuf_0_clk/Z (gf180mcu_fd_sc_mcu9t5v0__clkbuf_16)
   0.28    1.23 ^ clkbuf_1_0__f_clk/Z (gf180mcu_fd_sc_mcu9t5v0__clkbuf_16)
   0.00    1.23 ^ u_transform_scheduler_core.u_fft_scratch_sram.u_lo.u_sram/CLK (gf180mcu_fd_ip_sram__sram256x8m8wm1)
   0.05    1.28   clock uncertainty
   0.00    1.28   clock reconvergence pessimism
   1.16    2.45   library hold time
           2.45   data required time
---------------------------------------------------------
           2.45   data required time
          -2.71   data arrival time
---------------------------------------------------------
           0.26   slack (MET)


Startpoint: _20846_ (rising edge-triggered flip-flop clocked by core_clk)
Endpoint: u_transform_scheduler_core.u_fft_scratch_sram.u_lo.u_sram
          (rising edge-triggered flip-flop clocked by core_clk)
Path Group: core_clk
Path Type: min

  Delay    Time   Description
---------------------------------------------------------
   0.00    0.00   clock core_clk (rise edge)
   0.00    0.00   clock source latency
   0.00    0.00 ^ clk (in)
   0.25    0.25 ^ clkbuf_regs_0_core_clk/Z (gf180mcu_fd_sc_mcu9t5v0__clkbuf_16)
   0.19    0.44 ^ clkbuf_0_clk_regs/Z (gf180mcu_fd_sc_mcu9t5v0__clkbuf_16)
   0.23    0.67 ^ clkbuf_2_0_0_clk_regs/Z (gf180mcu_fd_sc_mcu9t5v0__clkbuf_8)
   0.31    0.98 ^ clkbuf_3_0__f_clk_regs/Z (gf180mcu_fd_sc_mcu9t5v0__clkbuf_16)
   0.29    1.27 ^ clkbuf_leaf_5_clk_regs/Z (gf180mcu_fd_sc_mcu9t5v0__clkbuf_8)
   0.00    1.27 ^ _20846_/CLK (gf180mcu_fd_sc_mcu9t5v0__dffrnq_2)
   0.60    1.87 v _20846_/Q (gf180mcu_fd_sc_mcu9t5v0__dffrnq_2)
   0.14    2.02 ^ _10488_/ZN (gf180mcu_fd_sc_mcu9t5v0__aoi22_1)
   0.27    2.28 v _10489_/ZN (gf180mcu_fd_sc_mcu9t5v0__aoi22_1)
   0.23    2.52 v place365/Z (gf180mcu_fd_sc_mcu9t5v0__buf_8)
   0.00    2.52 v u_transform_scheduler_core.u_fft_scratch_sram.u_lo.u_sram/D[0] (gf180mcu_fd_ip_sram__sram256x8m8wm1)
           2.52   data arrival time

   0.00    0.00   clock core_clk (rise edge)
   0.00    0.00   clock source latency
   0.00    0.00 ^ clk (in)
   0.25    0.25 ^ delaybuf_0_core_clk/Z (gf180mcu_fd_sc_mcu9t5v0__clkbuf_16)
   0.17    0.42 ^ delaybuf_1_core_clk/Z (gf180mcu_fd_sc_mcu9t5v0__clkbuf_16)
   0.17    0.59 ^ delaybuf_2_core_clk/Z (gf180mcu_fd_sc_mcu9t5v0__clkbuf_16)
   0.17    0.76 ^ delaybuf_3_core_clk/Z (gf180mcu_fd_sc_mcu9t5v0__clkbuf_16)
   0.19    0.95 ^ clkbuf_0_clk/Z (gf180mcu_fd_sc_mcu9t5v0__clkbuf_16)
   0.28    1.23 ^ clkbuf_1_0__f_clk/Z (gf180mcu_fd_sc_mcu9t5v0__clkbuf_16)
   0.00    1.23 ^ u_transform_scheduler_core.u_fft_scratch_sram.u_lo.u_sram/CLK (gf180mcu_fd_ip_sram__sram256x8m8wm1)
   0.05    1.28   clock uncertainty
   0.00    1.28   clock reconvergence pessimism
   0.66    1.95   library hold time
           1.95   data required time
---------------------------------------------------------
           1.95   data required time
          -2.52   data arrival time
---------------------------------------------------------
           0.57   slack (MET)


Startpoint: _20847_ (rising edge-triggered flip-flop clocked by core_clk)
Endpoint: u_transform_scheduler_core.u_fft_scratch_sram.u_lo.u_sram
          (rising edge-triggered flip-flop clocked by core_clk)
Path Group: core_clk
Path Type: min

  Delay    Time   Description
---------------------------------------------------------
   0.00    0.00   clock core_clk (rise edge)
   0.00    0.00   clock source latency
   0.00    0.00 ^ clk (in)
   0.25    0.25 ^ clkbuf_regs_0_core_clk/Z (gf180mcu_fd_sc_mcu9t5v0__clkbuf_16)
   0.19    0.44 ^ clkbuf_0_clk_regs/Z (gf180mcu_fd_sc_mcu9t5v0__clkbuf_16)
   0.23    0.67 ^ clkbuf_2_0_0_clk_regs/Z (gf180mcu_fd_sc_mcu9t5v0__clkbuf_8)
   0.31    0.98 ^ clkbuf_3_0__f_clk_regs/Z (gf180mcu_fd_sc_mcu9t5v0__clkbuf_16)
   0.29    1.27 ^ clkbuf_leaf_5_clk_regs/Z (gf180mcu_fd_sc_mcu9t5v0__clkbuf_8)
   0.00    1.27 ^ _20847_/CLK (gf180mcu_fd_sc_mcu9t5v0__dffrnq_2)
   0.60    1.87 v _20847_/Q (gf180mcu_fd_sc_mcu9t5v0__dffrnq_2)
   0.14    2.02 ^ _10463_/ZN (gf180mcu_fd_sc_mcu9t5v0__aoi22_1)
   0.27    2.28 v _10464_/ZN (gf180mcu_fd_sc_mcu9t5v0__aoi22_1)
   0.23    2.52 v place366/Z (gf180mcu_fd_sc_mcu9t5v0__buf_8)
   0.00    2.52 v u_transform_scheduler_core.u_fft_scratch_sram.u_lo.u_sram/D[1] (gf180mcu_fd_ip_sram__sram256x8m8wm1)
           2.52   data arrival time

   0.00    0.00   clock core_clk (rise edge)
   0.00    0.00   clock source latency
   0.00    0.00 ^ clk (in)
   0.25    0.25 ^ delaybuf_0_core_clk/Z (gf180mcu_fd_sc_mcu9t5v0__clkbuf_16)
   0.17    0.42 ^ delaybuf_1_core_clk/Z (gf180mcu_fd_sc_mcu9t5v0__clkbuf_16)
   0.17    0.59 ^ delaybuf_2_core_clk/Z (gf180mcu_fd_sc_mcu9t5v0__clkbuf_16)
   0.17    0.76 ^ delaybuf_3_core_clk/Z (gf180mcu_fd_sc_mcu9t5v0__clkbuf_16)
   0.19    0.95 ^ clkbuf_0_clk/Z (gf180mcu_fd_sc_mcu9t5v0__clkbuf_16)
   0.28    1.23 ^ clkbuf_1_0__f_clk/Z (gf180mcu_fd_sc_mcu9t5v0__clkbuf_16)
   0.00    1.23 ^ u_transform_scheduler_core.u_fft_scratch_sram.u_lo.u_sram/CLK (gf180mcu_fd_ip_sram__sram256x8m8wm1)
   0.05    1.28   clock uncertainty
   0.00    1.28   clock reconvergence pessimism
   0.66    1.95   library hold time
           1.95   data required time
---------------------------------------------------------
           1.95   data required time
          -2.52   data arrival time
---------------------------------------------------------
           0.57   slack (MET)


Startpoint: _20848_ (rising edge-triggered flip-flop clocked by core_clk)
Endpoint: u_transform_scheduler_core.u_fft_scratch_sram.u_lo.u_sram
          (rising edge-triggered flip-flop clocked by core_clk)
Path Group: core_clk
Path Type: min

  Delay    Time   Description
---------------------------------------------------------
   0.00    0.00   clock core_clk (rise edge)
   0.00    0.00   clock source latency
   0.00    0.00 ^ clk (in)
   0.25    0.25 ^ clkbuf_regs_0_core_clk/Z (gf180mcu_fd_sc_mcu9t5v0__clkbuf_16)
   0.19    0.44 ^ clkbuf_0_clk_regs/Z (gf180mcu_fd_sc_mcu9t5v0__clkbuf_16)
   0.23    0.67 ^ clkbuf_2_0_0_clk_regs/Z (gf180mcu_fd_sc_mcu9t5v0__clkbuf_8)
   0.31    0.98 ^ clkbuf_3_0__f_clk_regs/Z (gf180mcu_fd_sc_mcu9t5v0__clkbuf_16)
   0.29    1.27 ^ clkbuf_leaf_5_clk_regs/Z (gf180mcu_fd_sc_mcu9t5v0__clkbuf_8)
   0.00    1.27 ^ _20848_/CLK (gf180mcu_fd_sc_mcu9t5v0__dffrnq_2)
   0.60    1.87 v _20848_/Q (gf180mcu_fd_sc_mcu9t5v0__dffrnq_2)
   0.14    2.02 ^ _10439_/ZN (gf180mcu_fd_sc_mcu9t5v0__aoi22_1)
   0.27    2.28 v _10440_/ZN (gf180mcu_fd_sc_mcu9t5v0__aoi22_1)
   0.23    2.52 v place367/Z (gf180mcu_fd_sc_mcu9t5v0__buf_8)
   0.00    2.52 v u_transform_scheduler_core.u_fft_scratch_sram.u_lo.u_sram/D[2] (gf180mcu_fd_ip_sram__sram256x8m8wm1)
           2.52   data arrival time

   0.00    0.00   clock core_clk (rise edge)
   0.00    0.00   clock source latency
   0.00    0.00 ^ clk (in)
   0.25    0.25 ^ delaybuf_0_core_clk/Z (gf180mcu_fd_sc_mcu9t5v0__clkbuf_16)
   0.17    0.42 ^ delaybuf_1_core_clk/Z (gf180mcu_fd_sc_mcu9t5v0__clkbuf_16)
   0.17    0.59 ^ delaybuf_2_core_clk/Z (gf180mcu_fd_sc_mcu9t5v0__clkbuf_16)
   0.17    0.76 ^ delaybuf_3_core_clk/Z (gf180mcu_fd_sc_mcu9t5v0__clkbuf_16)
   0.19    0.95 ^ clkbuf_0_clk/Z (gf180mcu_fd_sc_mcu9t5v0__clkbuf_16)
   0.28    1.23 ^ clkbuf_1_0__f_clk/Z (gf180mcu_fd_sc_mcu9t5v0__clkbuf_16)
   0.00    1.23 ^ u_transform_scheduler_core.u_fft_scratch_sram.u_lo.u_sram/CLK (gf180mcu_fd_ip_sram__sram256x8m8wm1)
   0.05    1.28   clock uncertainty
   0.00    1.28   clock reconvergence pessimism
   0.66    1.95   library hold time
           1.95   data required time
---------------------------------------------------------
           1.95   data required time
          -2.52   data arrival time
---------------------------------------------------------
           0.57   slack (MET)


Startpoint: _20849_ (rising edge-triggered flip-flop clocked by core_clk)
Endpoint: u_transform_scheduler_core.u_fft_scratch_sram.u_lo.u_sram
          (rising edge-triggered flip-flop clocked by core_clk)
Path Group: core_clk
Path Type: min

  Delay    Time   Description
---------------------------------------------------------
   0.00    0.00   clock core_clk (rise edge)
   0.00    0.00   clock source latency
   0.00    0.00 ^ clk (in)
   0.25    0.25 ^ clkbuf_regs_0_core_clk/Z (gf180mcu_fd_sc_mcu9t5v0__clkbuf_16)
   0.19    0.44 ^ clkbuf_0_clk_regs/Z (gf180mcu_fd_sc_mcu9t5v0__clkbuf_16)
   0.23    0.67 ^ clkbuf_2_0_0_clk_regs/Z (gf180mcu_fd_sc_mcu9t5v0__clkbuf_8)
   0.31    0.98 ^ clkbuf_3_0__f_clk_regs/Z (gf180mcu_fd_sc_mcu9t5v0__clkbuf_16)
   0.29    1.27 ^ clkbuf_leaf_5_clk_regs/Z (gf180mcu_fd_sc_mcu9t5v0__clkbuf_8)
   0.00    1.27 ^ _20849_/CLK (gf180mcu_fd_sc_mcu9t5v0__dffrnq_2)
   0.60    1.87 v _20849_/Q (gf180mcu_fd_sc_mcu9t5v0__dffrnq_2)
   0.14    2.02 ^ _10413_/ZN (gf180mcu_fd_sc_mcu9t5v0__aoi22_1)
   0.27    2.28 v _10414_/ZN (gf180mcu_fd_sc_mcu9t5v0__aoi22_1)
   0.23    2.52 v place368/Z (gf180mcu_fd_sc_mcu9t5v0__buf_8)
   0.00    2.52 v u_transform_scheduler_core.u_fft_scratch_sram.u_lo.u_sram/D[3] (gf180mcu_fd_ip_sram__sram256x8m8wm1)
           2.52   data arrival time

   0.00    0.00   clock core_clk (rise edge)
   0.00    0.00   clock source latency
   0.00    0.00 ^ clk (in)
   0.25    0.25 ^ delaybuf_0_core_clk/Z (gf180mcu_fd_sc_mcu9t5v0__clkbuf_16)
   0.17    0.42 ^ delaybuf_1_core_clk/Z (gf180mcu_fd_sc_mcu9t5v0__clkbuf_16)
   0.17    0.59 ^ delaybuf_2_core_clk/Z (gf180mcu_fd_sc_mcu9t5v0__clkbuf_16)
   0.17    0.76 ^ delaybuf_3_core_clk/Z (gf180mcu_fd_sc_mcu9t5v0__clkbuf_16)
   0.19    0.95 ^ clkbuf_0_clk/Z (gf180mcu_fd_sc_mcu9t5v0__clkbuf_16)
   0.28    1.23 ^ clkbuf_1_0__f_clk/Z (gf180mcu_fd_sc_mcu9t5v0__clkbuf_16)
   0.00    1.23 ^ u_transform_scheduler_core.u_fft_scratch_sram.u_lo.u_sram/CLK (gf180mcu_fd_ip_sram__sram256x8m8wm1)
   0.05    1.28   clock uncertainty
   0.00    1.28   clock reconvergence pessimism
   0.66    1.95   library hold time
           1.95   data required time
---------------------------------------------------------
           1.95   data required time
          -2.52   data arrival time
---------------------------------------------------------
           0.57   slack (MET)


Startpoint: _20850_ (rising edge-triggered flip-flop clocked by core_clk)
Endpoint: u_transform_scheduler_core.u_fft_scratch_sram.u_lo.u_sram
          (rising edge-triggered flip-flop clocked by core_clk)
Path Group: core_clk
Path Type: min

  Delay    Time   Description
---------------------------------------------------------
   0.00    0.00   clock core_clk (rise edge)
   0.00    0.00   clock source latency
   0.00    0.00 ^ clk (in)
   0.25    0.25 ^ clkbuf_regs_0_core_clk/Z (gf180mcu_fd_sc_mcu9t5v0__clkbuf_16)
   0.19    0.44 ^ clkbuf_0_clk_regs/Z (gf180mcu_fd_sc_mcu9t5v0__clkbuf_16)
   0.23    0.67 ^ clkbuf_2_0_0_clk_regs/Z (gf180mcu_fd_sc_mcu9t5v0__clkbuf_8)
   0.31    0.98 ^ clkbuf_3_0__f_clk_regs/Z (gf180mcu_fd_sc_mcu9t5v0__clkbuf_16)
   0.29    1.27 ^ clkbuf_leaf_5_clk_regs/Z (gf180mcu_fd_sc_mcu9t5v0__clkbuf_8)
   0.00    1.27 ^ _20850_/CLK (gf180mcu_fd_sc_mcu9t5v0__dffrnq_2)
   0.60    1.87 v _20850_/Q (gf180mcu_fd_sc_mcu9t5v0__dffrnq_2)
   0.14    2.02 ^ _10387_/ZN (gf180mcu_fd_sc_mcu9t5v0__aoi22_1)
   0.27    2.28 v _10388_/ZN (gf180mcu_fd_sc_mcu9t5v0__aoi22_1)
   0.23    2.52 v place369/Z (gf180mcu_fd_sc_mcu9t5v0__buf_8)
   0.00    2.52 v u_transform_scheduler_core.u_fft_scratch_sram.u_lo.u_sram/D[4] (gf180mcu_fd_ip_sram__sram256x8m8wm1)
           2.52   data arrival time

   0.00    0.00   clock core_clk (rise edge)
   0.00    0.00   clock source latency
   0.00    0.00 ^ clk (in)
   0.25    0.25 ^ delaybuf_0_core_clk/Z (gf180mcu_fd_sc_mcu9t5v0__clkbuf_16)
   0.17    0.42 ^ delaybuf_1_core_clk/Z (gf180mcu_fd_sc_mcu9t5v0__clkbuf_16)
   0.17    0.59 ^ delaybuf_2_core_clk/Z (gf180mcu_fd_sc_mcu9t5v0__clkbuf_16)
   0.17    0.76 ^ delaybuf_3_core_clk/Z (gf180mcu_fd_sc_mcu9t5v0__clkbuf_16)
   0.19    0.95 ^ clkbuf_0_clk/Z (gf180mcu_fd_sc_mcu9t5v0__clkbuf_16)
   0.28    1.23 ^ clkbuf_1_0__f_clk/Z (gf180mcu_fd_sc_mcu9t5v0__clkbuf_16)
   0.00    1.23 ^ u_transform_scheduler_core.u_fft_scratch_sram.u_lo.u_sram/CLK (gf180mcu_fd_ip_sram__sram256x8m8wm1)
   0.05    1.28   clock uncertainty
   0.00    1.28   clock reconvergence pessimism
   0.66    1.95   library hold time
           1.95   data required time
---------------------------------------------------------
           1.95   data required time
          -2.52   data arrival time
---------------------------------------------------------
           0.57   slack (MET)


Startpoint: _20851_ (rising edge-triggered flip-flop clocked by core_clk)
Endpoint: u_transform_scheduler_core.u_fft_scratch_sram.u_lo.u_sram
          (rising edge-triggered flip-flop clocked by core_clk)
Path Group: core_clk
Path Type: min

  Delay    Time   Description
---------------------------------------------------------
   0.00    0.00   clock core_clk (rise edge)
   0.00    0.00   clock source latency
   0.00    0.00 ^ clk (in)
   0.25    0.25 ^ clkbuf_regs_0_core_clk/Z (gf180mcu_fd_sc_mcu9t5v0__clkbuf_16)
   0.19    0.44 ^ clkbuf_0_clk_regs/Z (gf180mcu_fd_sc_mcu9t5v0__clkbuf_16)
   0.23    0.67 ^ clkbuf_2_0_0_clk_regs/Z (gf180mcu_fd_sc_mcu9t5v0__clkbuf_8)
   0.31    0.98 ^ clkbuf_3_0__f_clk_regs/Z (gf180mcu_fd_sc_mcu9t5v0__clkbuf_16)
   0.29    1.27 ^ clkbuf_leaf_14_clk_regs/Z (gf180mcu_fd_sc_mcu9t5v0__clkbuf_8)
   0.00    1.27 ^ _20851_/CLK (gf180mcu_fd_sc_mcu9t5v0__dffrnq_2)
   0.60    1.87 v _20851_/Q (gf180mcu_fd_sc_mcu9t5v0__dffrnq_2)
   0.14    2.02 ^ _10354_/ZN (gf180mcu_fd_sc_mcu9t5v0__aoi22_1)
   0.27    2.29 v _10355_/ZN (gf180mcu_fd_sc_mcu9t5v0__aoi22_1)
   0.23    2.52 v place370/Z (gf180mcu_fd_sc_mcu9t5v0__buf_8)
   0.00    2.52 v u_transform_scheduler_core.u_fft_scratch_sram.u_lo.u_sram/D[5] (gf180mcu_fd_ip_sram__sram256x8m8wm1)
           2.52   data arrival time

   0.00    0.00   clock core_clk (rise edge)
   0.00    0.00   clock source latency
   0.00    0.00 ^ clk (in)
   0.25    0.25 ^ delaybuf_0_core_clk/Z (gf180mcu_fd_sc_mcu9t5v0__clkbuf_16)
   0.17    0.42 ^ delaybuf_1_core_clk/Z (gf180mcu_fd_sc_mcu9t5v0__clkbuf_16)
   0.17    0.59 ^ delaybuf_2_core_clk/Z (gf180mcu_fd_sc_mcu9t5v0__clkbuf_16)
   0.17    0.76 ^ delaybuf_3_core_clk/Z (gf180mcu_fd_sc_mcu9t5v0__clkbuf_16)
   0.19    0.95 ^ clkbuf_0_clk/Z (gf180mcu_fd_sc_mcu9t5v0__clkbuf_16)
   0.28    1.23 ^ clkbuf_1_0__f_clk/Z (gf180mcu_fd_sc_mcu9t5v0__clkbuf_16)
   0.00    1.23 ^ u_transform_scheduler_core.u_fft_scratch_sram.u_lo.u_sram/CLK (gf180mcu_fd_ip_sram__sram256x8m8wm1)
   0.05    1.28   clock uncertainty
   0.00    1.28   clock reconvergence pessimism
   0.66    1.95   library hold time
           1.95   data required time
---------------------------------------------------------
           1.95   data required time
          -2.52   data arrival time
---------------------------------------------------------
           0.57   slack (MET)


Startpoint: _20852_ (rising edge-triggered flip-flop clocked by core_clk)
Endpoint: u_transform_scheduler_core.u_fft_scratch_sram.u_lo.u_sram
          (rising edge-triggered flip-flop clocked by core_clk)
Path Group: core_clk
Path Type: min

  Delay    Time   Description
---------------------------------------------------------
   0.00    0.00   clock core_clk (rise edge)
   0.00    0.00   clock source latency
   0.00    0.00 ^ clk (in)
   0.25    0.25 ^ clkbuf_regs_0_core_clk/Z (gf180mcu_fd_sc_mcu9t5v0__clkbuf_16)
   0.19    0.44 ^ clkbuf_0_clk_regs/Z (gf180mcu_fd_sc_mcu9t5v0__clkbuf_16)
   0.23    0.67 ^ clkbuf_2_0_0_clk_regs/Z (gf180mcu_fd_sc_mcu9t5v0__clkbuf_8)
   0.31    0.98 ^ clkbuf_3_0__f_clk_regs/Z (gf180mcu_fd_sc_mcu9t5v0__clkbuf_16)
   0.29    1.27 ^ clkbuf_leaf_14_clk_regs/Z (gf180mcu_fd_sc_mcu9t5v0__clkbuf_8)
   0.00    1.27 ^ _20852_/CLK (gf180mcu_fd_sc_mcu9t5v0__dffrnq_2)
   0.60    1.87 v _20852_/Q (gf180mcu_fd_sc_mcu9t5v0__dffrnq_2)
   0.14    2.02 ^ _10327_/ZN (gf180mcu_fd_sc_mcu9t5v0__aoi22_1)
   0.27    2.29 v _10328_/ZN (gf180mcu_fd_sc_mcu9t5v0__aoi22_1)
   0.23    2.52 v place371/Z (gf180mcu_fd_sc_mcu9t5v0__buf_8)
   0.00    2.52 v u_transform_scheduler_core.u_fft_scratch_sram.u_lo.u_sram/D[6] (gf180mcu_fd_ip_sram__sram256x8m8wm1)
           2.52   data arrival time

   0.00    0.00   clock core_clk (rise edge)
   0.00    0.00   clock source latency
   0.00    0.00 ^ clk (in)
   0.25    0.25 ^ delaybuf_0_core_clk/Z (gf180mcu_fd_sc_mcu9t5v0__clkbuf_16)
   0.17    0.42 ^ delaybuf_1_core_clk/Z (gf180mcu_fd_sc_mcu9t5v0__clkbuf_16)
   0.17    0.59 ^ delaybuf_2_core_clk/Z (gf180mcu_fd_sc_mcu9t5v0__clkbuf_16)
   0.17    0.76 ^ delaybuf_3_core_clk/Z (gf180mcu_fd_sc_mcu9t5v0__clkbuf_16)
   0.19    0.95 ^ clkbuf_0_clk/Z (gf180mcu_fd_sc_mcu9t5v0__clkbuf_16)
   0.28    1.23 ^ clkbuf_1_0__f_clk/Z (gf180mcu_fd_sc_mcu9t5v0__clkbuf_16)
   0.00    1.23 ^ u_transform_scheduler_core.u_fft_scratch_sram.u_lo.u_sram/CLK (gf180mcu_fd_ip_sram__sram256x8m8wm1)
   0.05    1.28   clock uncertainty
   0.00    1.28   clock reconvergence pessimism
   0.66    1.95   library hold time
           1.95   data required time
---------------------------------------------------------
           1.95   data required time
          -2.52   data arrival time
---------------------------------------------------------
           0.57   slack (MET)


Startpoint: _19495_ (rising edge-triggered flip-flop clocked by core_clk)
Endpoint: u_transform_scheduler_core.u_fft_scratch_sram.u_hi.u_sram
          (rising edge-triggered flip-flop clocked by core_clk)
Path Group: core_clk
Path Type: min

  Delay    Time   Description
---------------------------------------------------------
   0.00    0.00   clock core_clk (rise edge)
   0.00    0.00   clock source latency
   0.00    0.00 ^ clk (in)
   0.25    0.25 ^ clkbuf_regs_0_core_clk/Z (gf180mcu_fd_sc_mcu9t5v0__clkbuf_16)
   0.19    0.44 ^ clkbuf_0_clk_regs/Z (gf180mcu_fd_sc_mcu9t5v0__clkbuf_16)
   0.23    0.67 ^ clkbuf_2_1_0_clk_regs/Z (gf180mcu_fd_sc_mcu9t5v0__clkbuf_8)
   0.28    0.95 ^ clkbuf_3_2__f_clk_regs/Z (gf180mcu_fd_sc_mcu9t5v0__clkbuf_16)
   0.28    1.22 ^ clkbuf_leaf_26_clk_regs/Z (gf180mcu_fd_sc_mcu9t5v0__clkbuf_8)
   0.00    1.22 ^ _19495_/CLK (gf180mcu_fd_sc_mcu9t5v0__dffrnq_2)
   0.60    1.83 v _19495_/Q (gf180mcu_fd_sc_mcu9t5v0__dffrnq_2)
   0.14    1.96 ^ _10006_/ZN (gf180mcu_fd_sc_mcu9t5v0__aoi22_1)
   0.20    2.17 v _10007_/ZN (gf180mcu_fd_sc_mcu9t5v0__oai21_1)
   0.26    2.43 v place373/Z (gf180mcu_fd_sc_mcu9t5v0__buf_8)
   0.00    2.43 v u_transform_scheduler_core.u_fft_scratch_sram.u_hi.u_sram/A[1] (gf180mcu_fd_ip_sram__sram256x8m8wm1)
           2.43   data arrival time

   0.00    0.00   clock core_clk (rise edge)
   0.00    0.00   clock source latency
   0.00    0.00 ^ clk (in)
   0.25    0.25 ^ delaybuf_0_core_clk/Z (gf180mcu_fd_sc_mcu9t5v0__clkbuf_16)
   0.17    0.42 ^ delaybuf_1_core_clk/Z (gf180mcu_fd_sc_mcu9t5v0__clkbuf_16)
   0.17    0.59 ^ delaybuf_2_core_clk/Z (gf180mcu_fd_sc_mcu9t5v0__clkbuf_16)
   0.17    0.76 ^ delaybuf_3_core_clk/Z (gf180mcu_fd_sc_mcu9t5v0__clkbuf_16)
   0.19    0.95 ^ clkbuf_0_clk/Z (gf180mcu_fd_sc_mcu9t5v0__clkbuf_16)
   0.28    1.23 ^ clkbuf_1_1__f_clk/Z (gf180mcu_fd_sc_mcu9t5v0__clkbuf_16)
   0.00    1.23 ^ u_transform_scheduler_core.u_fft_scratch_sram.u_hi.u_sram/CLK (gf180mcu_fd_ip_sram__sram256x8m8wm1)
   0.05    1.28   clock uncertainty
   0.00    1.28   clock reconvergence pessimism
   0.56    1.85   library hold time
           1.85   data required time
---------------------------------------------------------
           1.85   data required time
          -2.43   data arrival time
---------------------------------------------------------
           0.58   slack (MET)


Startpoint: _19495_ (rising edge-triggered flip-flop clocked by core_clk)
Endpoint: u_transform_scheduler_core.u_fft_scratch_sram.u_lo.u_sram
          (rising edge-triggered flip-flop clocked by core_clk)
Path Group: core_clk
Path Type: min

  Delay    Time   Description
---------------------------------------------------------
   0.00    0.00   clock core_clk (rise edge)
   0.00    0.00   clock source latency
   0.00    0.00 ^ clk (in)
   0.25    0.25 ^ clkbuf_regs_0_core_clk/Z (gf180mcu_fd_sc_mcu9t5v0__clkbuf_16)
   0.19    0.44 ^ clkbuf_0_clk_regs/Z (gf180mcu_fd_sc_mcu9t5v0__clkbuf_16)
   0.23    0.67 ^ clkbuf_2_1_0_clk_regs/Z (gf180mcu_fd_sc_mcu9t5v0__clkbuf_8)
   0.28    0.95 ^ clkbuf_3_2__f_clk_regs/Z (gf180mcu_fd_sc_mcu9t5v0__clkbuf_16)
   0.28    1.22 ^ clkbuf_leaf_26_clk_regs/Z (gf180mcu_fd_sc_mcu9t5v0__clkbuf_8)
   0.00    1.22 ^ _19495_/CLK (gf180mcu_fd_sc_mcu9t5v0__dffrnq_2)
   0.60    1.83 v _19495_/Q (gf180mcu_fd_sc_mcu9t5v0__dffrnq_2)
   0.14    1.96 ^ _10006_/ZN (gf180mcu_fd_sc_mcu9t5v0__aoi22_1)
   0.20    2.17 v _10007_/ZN (gf180mcu_fd_sc_mcu9t5v0__oai21_1)
   0.26    2.43 v place373/Z (gf180mcu_fd_sc_mcu9t5v0__buf_8)
   0.00    2.43 v u_transform_scheduler_core.u_fft_scratch_sram.u_lo.u_sram/A[1] (gf180mcu_fd_ip_sram__sram256x8m8wm1)
           2.43   data arrival time

   0.00    0.00   clock core_clk (rise edge)
   0.00    0.00   clock source latency
   0.00    0.00 ^ clk (in)
   0.25    0.25 ^ delaybuf_0_core_clk/Z (gf180mcu_fd_sc_mcu9t5v0__clkbuf_16)
   0.17    0.42 ^ delaybuf_1_core_clk/Z (gf180mcu_fd_sc_mcu9t5v0__clkbuf_16)
   0.17    0.59 ^ delaybuf_2_core_clk/Z (gf180mcu_fd_sc_mcu9t5v0__clkbuf_16)
   0.17    0.76 ^ delaybuf_3_core_clk/Z (gf180mcu_fd_sc_mcu9t5v0__clkbuf_16)
   0.19    0.95 ^ clkbuf_0_clk/Z (gf180mcu_fd_sc_mcu9t5v0__clkbuf_16)
   0.28    1.23 ^ clkbuf_1_0__f_clk/Z (gf180mcu_fd_sc_mcu9t5v0__clkbuf_16)
   0.00    1.23 ^ u_transform_scheduler_core.u_fft_scratch_sram.u_lo.u_sram/CLK (gf180mcu_fd_ip_sram__sram256x8m8wm1)
   0.05    1.28   clock uncertainty
   0.00    1.28   clock reconvergence pessimism
   0.56    1.85   library hold time
           1.85   data required time
---------------------------------------------------------
           1.85   data required time
          -2.43   data arrival time
---------------------------------------------------------
           0.58   slack (MET)


Startpoint: _20859_ (rising edge-triggered flip-flop clocked by core_clk)
Endpoint: u_transform_scheduler_core.u_fft_scratch_sram.u_hi.u_sram
          (rising edge-triggered flip-flop clocked by core_clk)
Path Group: core_clk
Path Type: min

  Delay    Time   Description
---------------------------------------------------------
   0.00    0.00   clock core_clk (rise edge)
   0.00    0.00   clock source latency
   0.00    0.00 ^ clk (in)
   0.25    0.25 ^ clkbuf_regs_0_core_clk/Z (gf180mcu_fd_sc_mcu9t5v0__clkbuf_16)
   0.19    0.44 ^ clkbuf_0_clk_regs/Z (gf180mcu_fd_sc_mcu9t5v0__clkbuf_16)
   0.23    0.67 ^ clkbuf_2_1_0_clk_regs/Z (gf180mcu_fd_sc_mcu9t5v0__clkbuf_8)
   0.28    0.95 ^ clkbuf_3_2__f_clk_regs/Z (gf180mcu_fd_sc_mcu9t5v0__clkbuf_16)
   0.28    1.23 ^ clkbuf_leaf_13_clk_regs/Z (gf180mcu_fd_sc_mcu9t5v0__clkbuf_8)
   0.00    1.23 ^ _20859_/CLK (gf180mcu_fd_sc_mcu9t5v0__dffrnq_2)
   0.60    1.83 v _20859_/Q (gf180mcu_fd_sc_mcu9t5v0__dffrnq_2)
   0.20    2.03 ^ _10102_/ZN (gf180mcu_fd_sc_mcu9t5v0__aoi221_1)
   0.27    2.30 v _10125_/ZN (gf180mcu_fd_sc_mcu9t5v0__nor2_1)
   0.23    2.53 v place341/Z (gf180mcu_fd_sc_mcu9t5v0__buf_8)
   0.00    2.53 v u_transform_scheduler_core.u_fft_scratch_sram.u_hi.u_sram/D[5] (gf180mcu_fd_ip_sram__sram256x8m8wm1)
           2.53   data arrival time

   0.00    0.00   clock core_clk (rise edge)
   0.00    0.00   clock source latency
   0.00    0.00 ^ clk (in)
   0.25    0.25 ^ delaybuf_0_core_clk/Z (gf180mcu_fd_sc_mcu9t5v0__clkbuf_16)
   0.17    0.42 ^ delaybuf_1_core_clk/Z (gf180mcu_fd_sc_mcu9t5v0__clkbuf_16)
   0.17    0.59 ^ delaybuf_2_core_clk/Z (gf180mcu_fd_sc_mcu9t5v0__clkbuf_16)
   0.17    0.76 ^ delaybuf_3_core_clk/Z (gf180mcu_fd_sc_mcu9t5v0__clkbuf_16)
   0.19    0.95 ^ clkbuf_0_clk/Z (gf180mcu_fd_sc_mcu9t5v0__clkbuf_16)
   0.28    1.23 ^ clkbuf_1_1__f_clk/Z (gf180mcu_fd_sc_mcu9t5v0__clkbuf_16)
   0.00    1.23 ^ u_transform_scheduler_core.u_fft_scratch_sram.u_hi.u_sram/CLK (gf180mcu_fd_ip_sram__sram256x8m8wm1)
   0.05    1.28   clock uncertainty
   0.00    1.28   clock reconvergence pessimism
   0.66    1.95   library hold time
           1.95   data required time
---------------------------------------------------------
           1.95   data required time
          -2.53   data arrival time
---------------------------------------------------------
           0.58   slack (MET)


Startpoint: _19497_ (rising edge-triggered flip-flop clocked by core_clk)
Endpoint: u_transform_scheduler_core.u_fft_scratch_sram.u_hi.u_sram
          (rising edge-triggered flip-flop clocked by core_clk)
Path Group: core_clk
Path Type: min

  Delay    Time   Description
---------------------------------------------------------
   0.00    0.00   clock core_clk (rise edge)
   0.00    0.00   clock source latency
   0.00    0.00 ^ clk (in)
   0.25    0.25 ^ clkbuf_regs_0_core_clk/Z (gf180mcu_fd_sc_mcu9t5v0__clkbuf_16)
   0.19    0.44 ^ clkbuf_0_clk_regs/Z (gf180mcu_fd_sc_mcu9t5v0__clkbuf_16)
   0.23    0.67 ^ clkbuf_2_1_0_clk_regs/Z (gf180mcu_fd_sc_mcu9t5v0__clkbuf_8)
   0.28    0.95 ^ clkbuf_3_2__f_clk_regs/Z (gf180mcu_fd_sc_mcu9t5v0__clkbuf_16)
   0.28    1.22 ^ clkbuf_leaf_25_clk_regs/Z (gf180mcu_fd_sc_mcu9t5v0__clkbuf_8)
   0.00    1.22 ^ _19497_/CLK (gf180mcu_fd_sc_mcu9t5v0__dffrnq_2)
   0.60    1.83 v _19497_/Q (gf180mcu_fd_sc_mcu9t5v0__dffrnq_2)
   0.12    1.94 ^ _09955_/ZN (gf180mcu_fd_sc_mcu9t5v0__nand2_1)
   0.22    2.16 v _09974_/ZN (gf180mcu_fd_sc_mcu9t5v0__nand2_1)
   0.27    2.43 v place343/Z (gf180mcu_fd_sc_mcu9t5v0__buf_8)
   0.00    2.43 v u_transform_scheduler_core.u_fft_scratch_sram.u_hi.u_sram/A[3] (gf180mcu_fd_ip_sram__sram256x8m8wm1)
           2.43   data arrival time

   0.00    0.00   clock core_clk (rise edge)
   0.00    0.00   clock source latency
   0.00    0.00 ^ clk (in)
   0.25    0.25 ^ delaybuf_0_core_clk/Z (gf180mcu_fd_sc_mcu9t5v0__clkbuf_16)
   0.17    0.42 ^ delaybuf_1_core_clk/Z (gf180mcu_fd_sc_mcu9t5v0__clkbuf_16)
   0.17    0.59 ^ delaybuf_2_core_clk/Z (gf180mcu_fd_sc_mcu9t5v0__clkbuf_16)
   0.17    0.76 ^ delaybuf_3_core_clk/Z (gf180mcu_fd_sc_mcu9t5v0__clkbuf_16)
   0.19    0.95 ^ clkbuf_0_clk/Z (gf180mcu_fd_sc_mcu9t5v0__clkbuf_16)
   0.28    1.23 ^ clkbuf_1_1__f_clk/Z (gf180mcu_fd_sc_mcu9t5v0__clkbuf_16)
   0.00    1.23 ^ u_transform_scheduler_core.u_fft_scratch_sram.u_hi.u_sram/CLK (gf180mcu_fd_ip_sram__sram256x8m8wm1)
   0.05    1.28   clock uncertainty
   0.00    1.28   clock reconvergence pessimism
   0.56    1.85   library hold time
           1.85   data required time
---------------------------------------------------------
           1.85   data required time
          -2.43   data arrival time
---------------------------------------------------------
           0.58   slack (MET)


Startpoint: _19497_ (rising edge-triggered flip-flop clocked by core_clk)
Endpoint: u_transform_scheduler_core.u_fft_scratch_sram.u_lo.u_sram
          (rising edge-triggered flip-flop clocked by core_clk)
Path Group: core_clk
Path Type: min

  Delay    Time   Description
---------------------------------------------------------
   0.00    0.00   clock core_clk (rise edge)
   0.00    0.00   clock source latency
   0.00    0.00 ^ clk (in)
   0.25    0.25 ^ clkbuf_regs_0_core_clk/Z (gf180mcu_fd_sc_mcu9t5v0__clkbuf_16)
   0.19    0.44 ^ clkbuf_0_clk_regs/Z (gf180mcu_fd_sc_mcu9t5v0__clkbuf_16)
   0.23    0.67 ^ clkbuf_2_1_0_clk_regs/Z (gf180mcu_fd_sc_mcu9t5v0__clkbuf_8)
   0.28    0.95 ^ clkbuf_3_2__f_clk_regs/Z (gf180mcu_fd_sc_mcu9t5v0__clkbuf_16)
   0.28    1.22 ^ clkbuf_leaf_25_clk_regs/Z (gf180mcu_fd_sc_mcu9t5v0__clkbuf_8)
   0.00    1.22 ^ _19497_/CLK (gf180mcu_fd_sc_mcu9t5v0__dffrnq_2)
   0.60    1.83 v _19497_/Q (gf180mcu_fd_sc_mcu9t5v0__dffrnq_2)
   0.12    1.94 ^ _09955_/ZN (gf180mcu_fd_sc_mcu9t5v0__nand2_1)
   0.22    2.16 v _09974_/ZN (gf180mcu_fd_sc_mcu9t5v0__nand2_1)
   0.27    2.43 v place343/Z (gf180mcu_fd_sc_mcu9t5v0__buf_8)
   0.00    2.43 v u_transform_scheduler_core.u_fft_scratch_sram.u_lo.u_sram/A[3] (gf180mcu_fd_ip_sram__sram256x8m8wm1)
           2.43   data arrival time

   0.00    0.00   clock core_clk (rise edge)
   0.00    0.00   clock source latency
   0.00    0.00 ^ clk (in)
   0.25    0.25 ^ delaybuf_0_core_clk/Z (gf180mcu_fd_sc_mcu9t5v0__clkbuf_16)
   0.17    0.42 ^ delaybuf_1_core_clk/Z (gf180mcu_fd_sc_mcu9t5v0__clkbuf_16)
   0.17    0.59 ^ delaybuf_2_core_clk/Z (gf180mcu_fd_sc_mcu9t5v0__clkbuf_16)
   0.17    0.76 ^ delaybuf_3_core_clk/Z (gf180mcu_fd_sc_mcu9t5v0__clkbuf_16)
   0.19    0.95 ^ clkbuf_0_clk/Z (gf180mcu_fd_sc_mcu9t5v0__clkbuf_16)
   0.28    1.23 ^ clkbuf_1_0__f_clk/Z (gf180mcu_fd_sc_mcu9t5v0__clkbuf_16)
   0.00    1.23 ^ u_transform_scheduler_core.u_fft_scratch_sram.u_lo.u_sram/CLK (gf180mcu_fd_ip_sram__sram256x8m8wm1)
   0.05    1.28   clock uncertainty
   0.00    1.28   clock reconvergence pessimism
   0.56    1.85   library hold time
           1.85   data required time
---------------------------------------------------------
           1.85   data required time
          -2.43   data arrival time
---------------------------------------------------------
           0.58   slack (MET)


Startpoint: _20857_ (rising edge-triggered flip-flop clocked by core_clk)
Endpoint: u_transform_scheduler_core.u_fft_scratch_sram.u_hi.u_sram
          (rising edge-triggered flip-flop clocked by core_clk)
Path Group: core_clk
Path Type: min

  Delay    Time   Description
---------------------------------------------------------
   0.00    0.00   clock core_clk (rise edge)
   0.00    0.00   clock source latency
   0.00    0.00 ^ clk (in)
   0.25    0.25 ^ clkbuf_regs_0_core_clk/Z (gf180mcu_fd_sc_mcu9t5v0__clkbuf_16)
   0.19    0.44 ^ clkbuf_0_clk_regs/Z (gf180mcu_fd_sc_mcu9t5v0__clkbuf_16)
   0.23    0.67 ^ clkbuf_2_0_0_clk_regs/Z (gf180mcu_fd_sc_mcu9t5v0__clkbuf_8)
   0.31    0.98 ^ clkbuf_3_0__f_clk_regs/Z (gf180mcu_fd_sc_mcu9t5v0__clkbuf_16)
   0.29    1.27 ^ clkbuf_leaf_4_clk_regs/Z (gf180mcu_fd_sc_mcu9t5v0__clkbuf_8)
   0.00    1.27 ^ _20857_/CLK (gf180mcu_fd_sc_mcu9t5v0__dffrnq_2)
   0.60    1.87 v _20857_/Q (gf180mcu_fd_sc_mcu9t5v0__dffrnq_2)
   0.20    2.08 ^ _10163_/ZN (gf180mcu_fd_sc_mcu9t5v0__aoi221_1)
   0.25    2.33 v _10187_/ZN (gf180mcu_fd_sc_mcu9t5v0__nor2_1)
   0.23    2.56 v place339/Z (gf180mcu_fd_sc_mcu9t5v0__buf_8)
   0.00    2.56 v u_transform_scheduler_core.u_fft_scratch_sram.u_hi.u_sram/D[3] (gf180mcu_fd_ip_sram__sram256x8m8wm1)
           2.56   data arrival time

   0.00    0.00   clock core_clk (rise edge)
   0.00    0.00   clock source latency
   0.00    0.00 ^ clk (in)
   0.25    0.25 ^ delaybuf_0_core_clk/Z (gf180mcu_fd_sc_mcu9t5v0__clkbuf_16)
   0.17    0.42 ^ delaybuf_1_core_clk/Z (gf180mcu_fd_sc_mcu9t5v0__clkbuf_16)
   0.17    0.59 ^ delaybuf_2_core_clk/Z (gf180mcu_fd_sc_mcu9t5v0__clkbuf_16)
   0.17    0.76 ^ delaybuf_3_core_clk/Z (gf180mcu_fd_sc_mcu9t5v0__clkbuf_16)
   0.19    0.95 ^ clkbuf_0_clk/Z (gf180mcu_fd_sc_mcu9t5v0__clkbuf_16)
   0.28    1.23 ^ clkbuf_1_1__f_clk/Z (gf180mcu_fd_sc_mcu9t5v0__clkbuf_16)
   0.00    1.23 ^ u_transform_scheduler_core.u_fft_scratch_sram.u_hi.u_sram/CLK (gf180mcu_fd_ip_sram__sram256x8m8wm1)
   0.05    1.28   clock uncertainty
   0.00    1.28   clock reconvergence pessimism
   0.66    1.95   library hold time
           1.95   data required time
---------------------------------------------------------
           1.95   data required time
          -2.56   data arrival time
---------------------------------------------------------
           0.61   slack (MET)


Startpoint: _20856_ (rising edge-triggered flip-flop clocked by core_clk)
Endpoint: u_transform_scheduler_core.u_fft_scratch_sram.u_hi.u_sram
          (rising edge-triggered flip-flop clocked by core_clk)
Path Group: core_clk
Path Type: min

  Delay    Time   Description
---------------------------------------------------------
   0.00    0.00   clock core_clk (rise edge)
   0.00    0.00   clock source latency
   0.00    0.00 ^ clk (in)
   0.25    0.25 ^ clkbuf_regs_0_core_clk/Z (gf180mcu_fd_sc_mcu9t5v0__clkbuf_16)
   0.19    0.44 ^ clkbuf_0_clk_regs/Z (gf180mcu_fd_sc_mcu9t5v0__clkbuf_16)
   0.23    0.67 ^ clkbuf_2_0_0_clk_regs/Z (gf180mcu_fd_sc_mcu9t5v0__clkbuf_8)
   0.31    0.98 ^ clkbuf_3_0__f_clk_regs/Z (gf180mcu_fd_sc_mcu9t5v0__clkbuf_16)
   0.29    1.27 ^ clkbuf_leaf_14_clk_regs/Z (gf180mcu_fd_sc_mcu9t5v0__clkbuf_8)
   0.00    1.27 ^ _20856_/CLK (gf180mcu_fd_sc_mcu9t5v0__dffrnq_2)
   0.60    1.87 v _20856_/Q (gf180mcu_fd_sc_mcu9t5v0__dffrnq_2)
   0.20    2.08 ^ _10191_/ZN (gf180mcu_fd_sc_mcu9t5v0__aoi221_1)
   0.25    2.33 v _10214_/ZN (gf180mcu_fd_sc_mcu9t5v0__nor2_1)
   0.23    2.56 v place338/Z (gf180mcu_fd_sc_mcu9t5v0__buf_8)
   0.00    2.56 v u_transform_scheduler_core.u_fft_scratch_sram.u_hi.u_sram/D[2] (gf180mcu_fd_ip_sram__sram256x8m8wm1)
           2.56   data arrival time

   0.00    0.00   clock core_clk (rise edge)
   0.00    0.00   clock source latency
   0.00    0.00 ^ clk (in)
   0.25    0.25 ^ delaybuf_0_core_clk/Z (gf180mcu_fd_sc_mcu9t5v0__clkbuf_16)
   0.17    0.42 ^ delaybuf_1_core_clk/Z (gf180mcu_fd_sc_mcu9t5v0__clkbuf_16)
   0.17    0.59 ^ delaybuf_2_core_clk/Z (gf180mcu_fd_sc_mcu9t5v0__clkbuf_16)
   0.17    0.76 ^ delaybuf_3_core_clk/Z (gf180mcu_fd_sc_mcu9t5v0__clkbuf_16)
   0.19    0.95 ^ clkbuf_0_clk/Z (gf180mcu_fd_sc_mcu9t5v0__clkbuf_16)
   0.28    1.23 ^ clkbuf_1_1__f_clk/Z (gf180mcu_fd_sc_mcu9t5v0__clkbuf_16)
   0.00    1.23 ^ u_transform_scheduler_core.u_fft_scratch_sram.u_hi.u_sram/CLK (gf180mcu_fd_ip_sram__sram256x8m8wm1)
   0.05    1.28   clock uncertainty
   0.00    1.28   clock reconvergence pessimism
   0.66    1.95   library hold time
           1.95   data required time
---------------------------------------------------------
           1.95   data required time
          -2.56   data arrival time
---------------------------------------------------------
           0.61   slack (MET)


Startpoint: _20858_ (rising edge-triggered flip-flop clocked by core_clk)
Endpoint: u_transform_scheduler_core.u_fft_scratch_sram.u_hi.u_sram
          (rising edge-triggered flip-flop clocked by core_clk)
Path Group: core_clk
Path Type: min

  Delay    Time   Description
---------------------------------------------------------
   0.00    0.00   clock core_clk (rise edge)
   0.00    0.00   clock source latency
   0.00    0.00 ^ clk (in)
   0.25    0.25 ^ clkbuf_regs_0_core_clk/Z (gf180mcu_fd_sc_mcu9t5v0__clkbuf_16)
   0.19    0.44 ^ clkbuf_0_clk_regs/Z (gf180mcu_fd_sc_mcu9t5v0__clkbuf_16)
   0.23    0.67 ^ clkbuf_2_0_0_clk_regs/Z (gf180mcu_fd_sc_mcu9t5v0__clkbuf_8)
   0.31    0.98 ^ clkbuf_3_0__f_clk_regs/Z (gf180mcu_fd_sc_mcu9t5v0__clkbuf_16)
   0.29    1.27 ^ clkbuf_leaf_14_clk_regs/Z (gf180mcu_fd_sc_mcu9t5v0__clkbuf_8)
   0.00    1.27 ^ _20858_/CLK (gf180mcu_fd_sc_mcu9t5v0__dffrnq_2)
   0.60    1.87 v _20858_/Q (gf180mcu_fd_sc_mcu9t5v0__dffrnq_2)
   0.20    2.08 ^ _10129_/ZN (gf180mcu_fd_sc_mcu9t5v0__aoi221_1)
   0.25    2.33 v _10159_/ZN (gf180mcu_fd_sc_mcu9t5v0__nor2_1)
   0.23    2.56 v place340/Z (gf180mcu_fd_sc_mcu9t5v0__buf_8)
   0.00    2.56 v u_transform_scheduler_core.u_fft_scratch_sram.u_hi.u_sram/D[4] (gf180mcu_fd_ip_sram__sram256x8m8wm1)
           2.56   data arrival time

   0.00    0.00   clock core_clk (rise edge)
   0.00    0.00   clock source latency
   0.00    0.00 ^ clk (in)
   0.25    0.25 ^ delaybuf_0_core_clk/Z (gf180mcu_fd_sc_mcu9t5v0__clkbuf_16)
   0.17    0.42 ^ delaybuf_1_core_clk/Z (gf180mcu_fd_sc_mcu9t5v0__clkbuf_16)
   0.17    0.59 ^ delaybuf_2_core_clk/Z (gf180mcu_fd_sc_mcu9t5v0__clkbuf_16)
   0.17    0.76 ^ delaybuf_3_core_clk/Z (gf180mcu_fd_sc_mcu9t5v0__clkbuf_16)
   0.19    0.95 ^ clkbuf_0_clk/Z (gf180mcu_fd_sc_mcu9t5v0__clkbuf_16)
   0.28    1.23 ^ clkbuf_1_1__f_clk/Z (gf180mcu_fd_sc_mcu9t5v0__clkbuf_16)
   0.00    1.23 ^ u_transform_scheduler_core.u_fft_scratch_sram.u_hi.u_sram/CLK (gf180mcu_fd_ip_sram__sram256x8m8wm1)
   0.05    1.28   clock uncertainty
   0.00    1.28   clock reconvergence pessimism
   0.66    1.95   library hold time
           1.95   data required time
---------------------------------------------------------
           1.95   data required time
          -2.56   data arrival time
---------------------------------------------------------
           0.61   slack (MET)


Startpoint: _20854_ (rising edge-triggered flip-flop clocked by core_clk)
Endpoint: u_transform_scheduler_core.u_fft_scratch_sram.u_hi.u_sram
          (rising edge-triggered flip-flop clocked by core_clk)
Path Group: core_clk
Path Type: min

  Delay    Time   Description
---------------------------------------------------------
   0.00    0.00   clock core_clk (rise edge)
   0.00    0.00   clock source latency
   0.00    0.00 ^ clk (in)
   0.25    0.25 ^ clkbuf_regs_0_core_clk/Z (gf180mcu_fd_sc_mcu9t5v0__clkbuf_16)
   0.19    0.44 ^ clkbuf_0_clk_regs/Z (gf180mcu_fd_sc_mcu9t5v0__clkbuf_16)
   0.23    0.67 ^ clkbuf_2_0_0_clk_regs/Z (gf180mcu_fd_sc_mcu9t5v0__clkbuf_8)
   0.31    0.98 ^ clkbuf_3_0__f_clk_regs/Z (gf180mcu_fd_sc_mcu9t5v0__clkbuf_16)
   0.29    1.27 ^ clkbuf_leaf_15_clk_regs/Z (gf180mcu_fd_sc_mcu9t5v0__clkbuf_8)
   0.00    1.27 ^ _20854_/CLK (gf180mcu_fd_sc_mcu9t5v0__dffrnq_2)
   0.60    1.87 v _20854_/Q (gf180mcu_fd_sc_mcu9t5v0__dffrnq_2)
   0.20    2.08 ^ _10249_/ZN (gf180mcu_fd_sc_mcu9t5v0__aoi221_1)
   0.25    2.33 v _10271_/ZN (gf180mcu_fd_sc_mcu9t5v0__nor2_1)
   0.23    2.56 v place336/Z (gf180mcu_fd_sc_mcu9t5v0__buf_8)
   0.00    2.56 v u_transform_scheduler_core.u_fft_scratch_sram.u_hi.u_sram/D[0] (gf180mcu_fd_ip_sram__sram256x8m8wm1)
           2.56   data arrival time

   0.00    0.00   clock core_clk (rise edge)
   0.00    0.00   clock source latency
   0.00    0.00 ^ clk (in)
   0.25    0.25 ^ delaybuf_0_core_clk/Z (gf180mcu_fd_sc_mcu9t5v0__clkbuf_16)
   0.17    0.42 ^ delaybuf_1_core_clk/Z (gf180mcu_fd_sc_mcu9t5v0__clkbuf_16)
   0.17    0.59 ^ delaybuf_2_core_clk/Z (gf180mcu_fd_sc_mcu9t5v0__clkbuf_16)
   0.17    0.76 ^ delaybuf_3_core_clk/Z (gf180mcu_fd_sc_mcu9t5v0__clkbuf_16)
   0.19    0.95 ^ clkbuf_0_clk/Z (gf180mcu_fd_sc_mcu9t5v0__clkbuf_16)
   0.28    1.23 ^ clkbuf_1_1__f_clk/Z (gf180mcu_fd_sc_mcu9t5v0__clkbuf_16)
   0.00    1.23 ^ u_transform_scheduler_core.u_fft_scratch_sram.u_hi.u_sram/CLK (gf180mcu_fd_ip_sram__sram256x8m8wm1)
   0.05    1.28   clock uncertainty
   0.00    1.28   clock reconvergence pessimism
   0.66    1.95   library hold time
           1.95   data required time
---------------------------------------------------------
           1.95   data required time
          -2.56   data arrival time
---------------------------------------------------------
           0.61   slack (MET)


Startpoint: _20855_ (rising edge-triggered flip-flop clocked by core_clk)
Endpoint: u_transform_scheduler_core.u_fft_scratch_sram.u_hi.u_sram
          (rising edge-triggered flip-flop clocked by core_clk)
Path Group: core_clk
Path Type: min

  Delay    Time   Description
---------------------------------------------------------
   0.00    0.00   clock core_clk (rise edge)
   0.00    0.00   clock source latency
   0.00    0.00 ^ clk (in)
   0.25    0.25 ^ clkbuf_regs_0_core_clk/Z (gf180mcu_fd_sc_mcu9t5v0__clkbuf_16)
   0.19    0.44 ^ clkbuf_0_clk_regs/Z (gf180mcu_fd_sc_mcu9t5v0__clkbuf_16)
   0.23    0.67 ^ clkbuf_2_0_0_clk_regs/Z (gf180mcu_fd_sc_mcu9t5v0__clkbuf_8)
   0.31    0.98 ^ clkbuf_3_0__f_clk_regs/Z (gf180mcu_fd_sc_mcu9t5v0__clkbuf_16)
   0.29    1.27 ^ clkbuf_leaf_15_clk_regs/Z (gf180mcu_fd_sc_mcu9t5v0__clkbuf_8)
   0.00    1.27 ^ _20855_/CLK (gf180mcu_fd_sc_mcu9t5v0__dffrnq_2)
   0.60    1.87 v _20855_/Q (gf180mcu_fd_sc_mcu9t5v0__dffrnq_2)
   0.20    2.08 ^ _10218_/ZN (gf180mcu_fd_sc_mcu9t5v0__aoi221_1)
   0.25    2.33 v _10245_/ZN (gf180mcu_fd_sc_mcu9t5v0__nor2_1)
   0.23    2.56 v place337/Z (gf180mcu_fd_sc_mcu9t5v0__buf_8)
   0.00    2.56 v u_transform_scheduler_core.u_fft_scratch_sram.u_hi.u_sram/D[1] (gf180mcu_fd_ip_sram__sram256x8m8wm1)
           2.56   data arrival time

   0.00    0.00   clock core_clk (rise edge)
   0.00    0.00   clock source latency
   0.00    0.00 ^ clk (in)
   0.25    0.25 ^ delaybuf_0_core_clk/Z (gf180mcu_fd_sc_mcu9t5v0__clkbuf_16)
   0.17    0.42 ^ delaybuf_1_core_clk/Z (gf180mcu_fd_sc_mcu9t5v0__clkbuf_16)
   0.17    0.59 ^ delaybuf_2_core_clk/Z (gf180mcu_fd_sc_mcu9t5v0__clkbuf_16)
   0.17    0.76 ^ delaybuf_3_core_clk/Z (gf180mcu_fd_sc_mcu9t5v0__clkbuf_16)
   0.19    0.95 ^ clkbuf_0_clk/Z (gf180mcu_fd_sc_mcu9t5v0__clkbuf_16)
   0.28    1.23 ^ clkbuf_1_1__f_clk/Z (gf180mcu_fd_sc_mcu9t5v0__clkbuf_16)
   0.00    1.23 ^ u_transform_scheduler_core.u_fft_scratch_sram.u_hi.u_sram/CLK (gf180mcu_fd_ip_sram__sram256x8m8wm1)
   0.05    1.28   clock uncertainty
   0.00    1.28   clock reconvergence pessimism
   0.66    1.95   library hold time
           1.95   data required time
---------------------------------------------------------
           1.95   data required time
          -2.56   data arrival time
---------------------------------------------------------
           0.61   slack (MET)


Startpoint: _20860_ (rising edge-triggered flip-flop clocked by core_clk)
Endpoint: u_transform_scheduler_core.u_fft_scratch_sram.u_hi.u_sram
          (rising edge-triggered flip-flop clocked by core_clk)
Path Group: core_clk
Path Type: min

  Delay    Time   Description
---------------------------------------------------------
   0.00    0.00   clock core_clk (rise edge)
   0.00    0.00   clock source latency
   0.00    0.00 ^ clk (in)
   0.25    0.25 ^ clkbuf_regs_0_core_clk/Z (gf180mcu_fd_sc_mcu9t5v0__clkbuf_16)
   0.19    0.44 ^ clkbuf_0_clk_regs/Z (gf180mcu_fd_sc_mcu9t5v0__clkbuf_16)
   0.23    0.67 ^ clkbuf_2_0_0_clk_regs/Z (gf180mcu_fd_sc_mcu9t5v0__clkbuf_8)
   0.31    0.98 ^ clkbuf_3_0__f_clk_regs/Z (gf180mcu_fd_sc_mcu9t5v0__clkbuf_16)
   0.29    1.27 ^ clkbuf_leaf_15_clk_regs/Z (gf180mcu_fd_sc_mcu9t5v0__clkbuf_8)
   0.00    1.27 ^ _20860_/CLK (gf180mcu_fd_sc_mcu9t5v0__dffrnq_2)
   0.60    1.87 v _20860_/Q (gf180mcu_fd_sc_mcu9t5v0__dffrnq_2)
   0.20    2.08 ^ _10028_/ZN (gf180mcu_fd_sc_mcu9t5v0__aoi221_1)
   0.25    2.33 v _10096_/ZN (gf180mcu_fd_sc_mcu9t5v0__nor2_1)
   0.23    2.56 v place342/Z (gf180mcu_fd_sc_mcu9t5v0__buf_8)
   0.00    2.56 v u_transform_scheduler_core.u_fft_scratch_sram.u_hi.u_sram/D[6] (gf180mcu_fd_ip_sram__sram256x8m8wm1)
           2.56   data arrival time

   0.00    0.00   clock core_clk (rise edge)
   0.00    0.00   clock source latency
   0.00    0.00 ^ clk (in)
   0.25    0.25 ^ delaybuf_0_core_clk/Z (gf180mcu_fd_sc_mcu9t5v0__clkbuf_16)
   0.17    0.42 ^ delaybuf_1_core_clk/Z (gf180mcu_fd_sc_mcu9t5v0__clkbuf_16)
   0.17    0.59 ^ delaybuf_2_core_clk/Z (gf180mcu_fd_sc_mcu9t5v0__clkbuf_16)
   0.17    0.76 ^ delaybuf_3_core_clk/Z (gf180mcu_fd_sc_mcu9t5v0__clkbuf_16)
   0.19    0.95 ^ clkbuf_0_clk/Z (gf180mcu_fd_sc_mcu9t5v0__clkbuf_16)
   0.28    1.23 ^ clkbuf_1_1__f_clk/Z (gf180mcu_fd_sc_mcu9t5v0__clkbuf_16)
   0.00    1.23 ^ u_transform_scheduler_core.u_fft_scratch_sram.u_hi.u_sram/CLK (gf180mcu_fd_ip_sram__sram256x8m8wm1)
   0.05    1.28   clock uncertainty
   0.00    1.28   clock reconvergence pessimism
   0.66    1.95   library hold time
           1.95   data required time
---------------------------------------------------------
           1.95   data required time
          -2.56   data arrival time
---------------------------------------------------------
           0.61   slack (MET)


Startpoint: _20861_ (rising edge-triggered flip-flop clocked by core_clk)
Endpoint: u_transform_scheduler_core.u_fft_scratch_sram.u_hi.u_sram
          (rising edge-triggered flip-flop clocked by core_clk)
Path Group: core_clk
Path Type: min

  Delay    Time   Description
---------------------------------------------------------
   0.00    0.00   clock core_clk (rise edge)
   0.00    0.00   clock source latency
   0.00    0.00 ^ clk (in)
   0.25    0.25 ^ clkbuf_regs_0_core_clk/Z (gf180mcu_fd_sc_mcu9t5v0__clkbuf_16)
   0.19    0.44 ^ clkbuf_0_clk_regs/Z (gf180mcu_fd_sc_mcu9t5v0__clkbuf_16)
   0.23    0.67 ^ clkbuf_2_0_0_clk_regs/Z (gf180mcu_fd_sc_mcu9t5v0__clkbuf_8)
   0.31    0.98 ^ clkbuf_3_0__f_clk_regs/Z (gf180mcu_fd_sc_mcu9t5v0__clkbuf_16)
   0.29    1.27 ^ clkbuf_leaf_15_clk_regs/Z (gf180mcu_fd_sc_mcu9t5v0__clkbuf_8)
   0.00    1.27 ^ _20861_/CLK (gf180mcu_fd_sc_mcu9t5v0__dffrnq_2)
   0.60    1.87 v _20861_/Q (gf180mcu_fd_sc_mcu9t5v0__dffrnq_2)
   0.20    2.08 ^ _18442_/ZN (gf180mcu_fd_sc_mcu9t5v0__aoi221_1)
   0.25    2.33 v _18463_/ZN (gf180mcu_fd_sc_mcu9t5v0__nor2_1)
   0.23    2.56 v place310/Z (gf180mcu_fd_sc_mcu9t5v0__buf_8)
   0.00    2.56 v u_transform_scheduler_core.u_fft_scratch_sram.u_hi.u_sram/D[7] (gf180mcu_fd_ip_sram__sram256x8m8wm1)
           2.56   data arrival time

   0.00    0.00   clock core_clk (rise edge)
   0.00    0.00   clock source latency
   0.00    0.00 ^ clk (in)
   0.25    0.25 ^ delaybuf_0_core_clk/Z (gf180mcu_fd_sc_mcu9t5v0__clkbuf_16)
   0.17    0.42 ^ delaybuf_1_core_clk/Z (gf180mcu_fd_sc_mcu9t5v0__clkbuf_16)
   0.17    0.59 ^ delaybuf_2_core_clk/Z (gf180mcu_fd_sc_mcu9t5v0__clkbuf_16)
   0.17    0.76 ^ delaybuf_3_core_clk/Z (gf180mcu_fd_sc_mcu9t5v0__clkbuf_16)
   0.19    0.95 ^ clkbuf_0_clk/Z (gf180mcu_fd_sc_mcu9t5v0__clkbuf_16)
   0.28    1.23 ^ clkbuf_1_1__f_clk/Z (gf180mcu_fd_sc_mcu9t5v0__clkbuf_16)
   0.00    1.23 ^ u_transform_scheduler_core.u_fft_scratch_sram.u_hi.u_sram/CLK (gf180mcu_fd_ip_sram__sram256x8m8wm1)
   0.05    1.28   clock uncertainty
   0.00    1.28   clock reconvergence pessimism
   0.66    1.95   library hold time
           1.95   data required time
---------------------------------------------------------
           1.95   data required time
          -2.56   data arrival time
---------------------------------------------------------
           0.61   slack (MET)


Startpoint: _20853_ (rising edge-triggered flip-flop clocked by core_clk)
Endpoint: u_transform_scheduler_core.u_fft_scratch_sram.u_lo.u_sram
          (rising edge-triggered flip-flop clocked by core_clk)
Path Group: core_clk
Path Type: min

  Delay    Time   Description
---------------------------------------------------------
   0.00    0.00   clock core_clk (rise edge)
   0.00    0.00   clock source latency
   0.00    0.00 ^ clk (in)
   0.25    0.25 ^ clkbuf_regs_0_core_clk/Z (gf180mcu_fd_sc_mcu9t5v0__clkbuf_16)
   0.19    0.44 ^ clkbuf_0_clk_regs/Z (gf180mcu_fd_sc_mcu9t5v0__clkbuf_16)
   0.23    0.67 ^ clkbuf_2_0_0_clk_regs/Z (gf180mcu_fd_sc_mcu9t5v0__clkbuf_8)
   0.31    0.98 ^ clkbuf_3_0__f_clk_regs/Z (gf180mcu_fd_sc_mcu9t5v0__clkbuf_16)
   0.29    1.27 ^ clkbuf_leaf_15_clk_regs/Z (gf180mcu_fd_sc_mcu9t5v0__clkbuf_8)
   0.00    1.27 ^ _20853_/CLK (gf180mcu_fd_sc_mcu9t5v0__dffrnq_2)
   0.60    1.87 v _20853_/Q (gf180mcu_fd_sc_mcu9t5v0__dffrnq_2)
   0.20    2.08 ^ _10275_/ZN (gf180mcu_fd_sc_mcu9t5v0__aoi221_1)
   0.25    2.33 v _10298_/ZN (gf180mcu_fd_sc_mcu9t5v0__nor2_1)
   0.23    2.56 v place335/Z (gf180mcu_fd_sc_mcu9t5v0__buf_8)
   0.00    2.56 v u_transform_scheduler_core.u_fft_scratch_sram.u_lo.u_sram/D[7] (gf180mcu_fd_ip_sram__sram256x8m8wm1)
           2.56   data arrival time

   0.00    0.00   clock core_clk (rise edge)
   0.00    0.00   clock source latency
   0.00    0.00 ^ clk (in)
   0.25    0.25 ^ delaybuf_0_core_clk/Z (gf180mcu_fd_sc_mcu9t5v0__clkbuf_16)
   0.17    0.42 ^ delaybuf_1_core_clk/Z (gf180mcu_fd_sc_mcu9t5v0__clkbuf_16)
   0.17    0.59 ^ delaybuf_2_core_clk/Z (gf180mcu_fd_sc_mcu9t5v0__clkbuf_16)
   0.17    0.76 ^ delaybuf_3_core_clk/Z (gf180mcu_fd_sc_mcu9t5v0__clkbuf_16)
   0.19    0.95 ^ clkbuf_0_clk/Z (gf180mcu_fd_sc_mcu9t5v0__clkbuf_16)
   0.28    1.23 ^ clkbuf_1_0__f_clk/Z (gf180mcu_fd_sc_mcu9t5v0__clkbuf_16)
   0.00    1.23 ^ u_transform_scheduler_core.u_fft_scratch_sram.u_lo.u_sram/CLK (gf180mcu_fd_ip_sram__sram256x8m8wm1)
   0.05    1.28   clock uncertainty
   0.00    1.28   clock reconvergence pessimism
   0.66    1.95   library hold time
           1.95   data required time
---------------------------------------------------------
           1.95   data required time
          -2.56   data arrival time
---------------------------------------------------------
           0.61   slack (MET)


Startpoint: _19496_ (rising edge-triggered flip-flop clocked by core_clk)
Endpoint: u_transform_scheduler_core.u_fft_scratch_sram.u_hi.u_sram
          (rising edge-triggered flip-flop clocked by core_clk)
Path Group: core_clk
Path Type: min

  Delay    Time   Description
---------------------------------------------------------
   0.00    0.00   clock core_clk (rise edge)
   0.00    0.00   clock source latency
   0.00    0.00 ^ clk (in)
   0.25    0.25 ^ clkbuf_regs_0_core_clk/Z (gf180mcu_fd_sc_mcu9t5v0__clkbuf_16)
   0.19    0.44 ^ clkbuf_0_clk_regs/Z (gf180mcu_fd_sc_mcu9t5v0__clkbuf_16)
   0.23    0.67 ^ clkbuf_2_1_0_clk_regs/Z (gf180mcu_fd_sc_mcu9t5v0__clkbuf_8)
   0.28    0.95 ^ clkbuf_3_2__f_clk_regs/Z (gf180mcu_fd_sc_mcu9t5v0__clkbuf_16)
   0.28    1.22 ^ clkbuf_leaf_26_clk_regs/Z (gf180mcu_fd_sc_mcu9t5v0__clkbuf_8)
   0.00    1.22 ^ _19496_/CLK (gf180mcu_fd_sc_mcu9t5v0__dffrnq_2)
   0.71    1.94 ^ _19496_/Q (gf180mcu_fd_sc_mcu9t5v0__dffrnq_2)
   0.12    2.05 v _09988_/ZN (gf180mcu_fd_sc_mcu9t5v0__aoi221_1)
   0.23    2.29 ^ _09989_/ZN (gf180mcu_fd_sc_mcu9t5v0__clkinv_1)
   0.23    2.52 ^ place374/Z (gf180mcu_fd_sc_mcu9t5v0__buf_8)
   0.00    2.52 ^ u_transform_scheduler_core.u_fft_scratch_sram.u_hi.u_sram/A[2] (gf180mcu_fd_ip_sram__sram256x8m8wm1)
           2.52   data arrival time

   0.00    0.00   clock core_clk (rise edge)
   0.00    0.00   clock source latency
   0.00    0.00 ^ clk (in)
   0.25    0.25 ^ delaybuf_0_core_clk/Z (gf180mcu_fd_sc_mcu9t5v0__clkbuf_16)
   0.17    0.42 ^ delaybuf_1_core_clk/Z (gf180mcu_fd_sc_mcu9t5v0__clkbuf_16)
   0.17    0.59 ^ delaybuf_2_core_clk/Z (gf180mcu_fd_sc_mcu9t5v0__clkbuf_16)
   0.17    0.76 ^ delaybuf_3_core_clk/Z (gf180mcu_fd_sc_mcu9t5v0__clkbuf_16)
   0.19    0.95 ^ clkbuf_0_clk/Z (gf180mcu_fd_sc_mcu9t5v0__clkbuf_16)
   0.28    1.23 ^ clkbuf_1_1__f_clk/Z (gf180mcu_fd_sc_mcu9t5v0__clkbuf_16)
   0.00    1.23 ^ u_transform_scheduler_core.u_fft_scratch_sram.u_hi.u_sram/CLK (gf180mcu_fd_ip_sram__sram256x8m8wm1)
   0.05    1.28   clock uncertainty
   0.00    1.28   clock reconvergence pessimism
   0.57    1.85   library hold time
           1.85   data required time
---------------------------------------------------------
           1.85   data required time
          -2.52   data arrival time
---------------------------------------------------------
           0.66   slack (MET)


Startpoint: _19498_ (rising edge-triggered flip-flop clocked by core_clk)
Endpoint: u_transform_scheduler_core.u_fft_scratch_sram.u_hi.u_sram
          (rising edge-triggered flip-flop clocked by core_clk)
Path Group: core_clk
Path Type: min

  Delay    Time   Description
---------------------------------------------------------
   0.00    0.00   clock core_clk (rise edge)
   0.00    0.00   clock source latency
   0.00    0.00 ^ clk (in)
   0.25    0.25 ^ clkbuf_regs_0_core_clk/Z (gf180mcu_fd_sc_mcu9t5v0__clkbuf_16)
   0.19    0.44 ^ clkbuf_0_clk_regs/Z (gf180mcu_fd_sc_mcu9t5v0__clkbuf_16)
   0.23    0.67 ^ clkbuf_2_1_0_clk_regs/Z (gf180mcu_fd_sc_mcu9t5v0__clkbuf_8)
   0.28    0.95 ^ clkbuf_3_2__f_clk_regs/Z (gf180mcu_fd_sc_mcu9t5v0__clkbuf_16)
   0.28    1.22 ^ clkbuf_leaf_25_clk_regs/Z (gf180mcu_fd_sc_mcu9t5v0__clkbuf_8)
   0.00    1.22 ^ _19498_/CLK (gf180mcu_fd_sc_mcu9t5v0__dffrnq_2)
   0.71    1.94 ^ _19498_/Q (gf180mcu_fd_sc_mcu9t5v0__dffrnq_2)
   0.12    2.05 v _09953_/ZN (gf180mcu_fd_sc_mcu9t5v0__aoi221_1)
   0.23    2.29 ^ _09954_/ZN (gf180mcu_fd_sc_mcu9t5v0__clkinv_1)
   0.23    2.52 ^ place344/Z (gf180mcu_fd_sc_mcu9t5v0__buf_8)
   0.00    2.52 ^ u_transform_scheduler_core.u_fft_scratch_sram.u_hi.u_sram/A[4] (gf180mcu_fd_ip_sram__sram256x8m8wm1)
           2.52   data arrival time

   0.00    0.00   clock core_clk (rise edge)
   0.00    0.00   clock source latency
   0.00    0.00 ^ clk (in)
   0.25    0.25 ^ delaybuf_0_core_clk/Z (gf180mcu_fd_sc_mcu9t5v0__clkbuf_16)
   0.17    0.42 ^ delaybuf_1_core_clk/Z (gf180mcu_fd_sc_mcu9t5v0__clkbuf_16)
   0.17    0.59 ^ delaybuf_2_core_clk/Z (gf180mcu_fd_sc_mcu9t5v0__clkbuf_16)
   0.17    0.76 ^ delaybuf_3_core_clk/Z (gf180mcu_fd_sc_mcu9t5v0__clkbuf_16)
   0.19    0.95 ^ clkbuf_0_clk/Z (gf180mcu_fd_sc_mcu9t5v0__clkbuf_16)
   0.28    1.23 ^ clkbuf_1_1__f_clk/Z (gf180mcu_fd_sc_mcu9t5v0__clkbuf_16)
   0.00    1.23 ^ u_transform_scheduler_core.u_fft_scratch_sram.u_hi.u_sram/CLK (gf180mcu_fd_ip_sram__sram256x8m8wm1)
   0.05    1.28   clock uncertainty
   0.00    1.28   clock reconvergence pessimism
   0.57    1.85   library hold time
           1.85   data required time
---------------------------------------------------------
           1.85   data required time
          -2.52   data arrival time
---------------------------------------------------------
           0.66   slack (MET)


Startpoint: _19499_ (rising edge-triggered flip-flop clocked by core_clk)
Endpoint: u_transform_scheduler_core.u_fft_scratch_sram.u_hi.u_sram
          (rising edge-triggered flip-flop clocked by core_clk)
Path Group: core_clk
Path Type: min

  Delay    Time   Description
---------------------------------------------------------
   0.00    0.00   clock core_clk (rise edge)
   0.00    0.00   clock source latency
   0.00    0.00 ^ clk (in)
   0.25    0.25 ^ clkbuf_regs_0_core_clk/Z (gf180mcu_fd_sc_mcu9t5v0__clkbuf_16)
   0.19    0.44 ^ clkbuf_0_clk_regs/Z (gf180mcu_fd_sc_mcu9t5v0__clkbuf_16)
   0.23    0.67 ^ clkbuf_2_1_0_clk_regs/Z (gf180mcu_fd_sc_mcu9t5v0__clkbuf_8)
   0.28    0.95 ^ clkbuf_3_2__f_clk_regs/Z (gf180mcu_fd_sc_mcu9t5v0__clkbuf_16)
   0.28    1.22 ^ clkbuf_leaf_25_clk_regs/Z (gf180mcu_fd_sc_mcu9t5v0__clkbuf_8)
   0.00    1.22 ^ _19499_/CLK (gf180mcu_fd_sc_mcu9t5v0__dffrnq_2)
   0.71    1.94 ^ _19499_/Q (gf180mcu_fd_sc_mcu9t5v0__dffrnq_2)
   0.12    2.05 v _09932_/ZN (gf180mcu_fd_sc_mcu9t5v0__aoi221_1)
   0.23    2.29 ^ _09933_/ZN (gf180mcu_fd_sc_mcu9t5v0__clkinv_1)
   0.23    2.52 ^ place308/Z (gf180mcu_fd_sc_mcu9t5v0__buf_8)
   0.00    2.52 ^ u_transform_scheduler_core.u_fft_scratch_sram.u_hi.u_sram/A[5] (gf180mcu_fd_ip_sram__sram256x8m8wm1)
           2.52   data arrival time

   0.00    0.00   clock core_clk (rise edge)
   0.00    0.00   clock source latency
   0.00    0.00 ^ clk (in)
   0.25    0.25 ^ delaybuf_0_core_clk/Z (gf180mcu_fd_sc_mcu9t5v0__clkbuf_16)
   0.17    0.42 ^ delaybuf_1_core_clk/Z (gf180mcu_fd_sc_mcu9t5v0__clkbuf_16)
   0.17    0.59 ^ delaybuf_2_core_clk/Z (gf180mcu_fd_sc_mcu9t5v0__clkbuf_16)
   0.17    0.76 ^ delaybuf_3_core_clk/Z (gf180mcu_fd_sc_mcu9t5v0__clkbuf_16)
   0.19    0.95 ^ clkbuf_0_clk/Z (gf180mcu_fd_sc_mcu9t5v0__clkbuf_16)
   0.28    1.23 ^ clkbuf_1_1__f_clk/Z (gf180mcu_fd_sc_mcu9t5v0__clkbuf_16)
   0.00    1.23 ^ u_transform_scheduler_core.u_fft_scratch_sram.u_hi.u_sram/CLK (gf180mcu_fd_ip_sram__sram256x8m8wm1)
   0.05    1.28   clock uncertainty
   0.00    1.28   clock reconvergence pessimism
   0.57    1.85   library hold time
           1.85   data required time
---------------------------------------------------------
           1.85   data required time
          -2.52   data arrival time
---------------------------------------------------------
           0.66   slack (MET)


Startpoint: _19501_ (rising edge-triggered flip-flop clocked by core_clk)
Endpoint: u_transform_scheduler_core.u_fft_scratch_sram.u_hi.u_sram
          (rising edge-triggered flip-flop clocked by core_clk)
Path Group: core_clk
Path Type: min

  Delay    Time   Description
---------------------------------------------------------
   0.00    0.00   clock core_clk (rise edge)
   0.00    0.00   clock source latency
   0.00    0.00 ^ clk (in)
   0.25    0.25 ^ clkbuf_regs_0_core_clk/Z (gf180mcu_fd_sc_mcu9t5v0__clkbuf_16)
   0.19    0.44 ^ clkbuf_0_clk_regs/Z (gf180mcu_fd_sc_mcu9t5v0__clkbuf_16)
   0.23    0.67 ^ clkbuf_2_1_0_clk_regs/Z (gf180mcu_fd_sc_mcu9t5v0__clkbuf_8)
   0.28    0.95 ^ clkbuf_3_2__f_clk_regs/Z (gf180mcu_fd_sc_mcu9t5v0__clkbuf_16)
   0.28    1.22 ^ clkbuf_leaf_26_clk_regs/Z (gf180mcu_fd_sc_mcu9t5v0__clkbuf_8)
   0.00    1.22 ^ _19501_/CLK (gf180mcu_fd_sc_mcu9t5v0__dffrnq_2)
   0.71    1.94 ^ _19501_/Q (gf180mcu_fd_sc_mcu9t5v0__dffrnq_2)
   0.12    2.05 v _18437_/ZN (gf180mcu_fd_sc_mcu9t5v0__aoi221_1)
   0.23    2.29 ^ _18438_/ZN (gf180mcu_fd_sc_mcu9t5v0__clkinv_1)
   0.23    2.52 ^ place311/Z (gf180mcu_fd_sc_mcu9t5v0__buf_8)
   0.00    2.52 ^ u_transform_scheduler_core.u_fft_scratch_sram.u_hi.u_sram/A[7] (gf180mcu_fd_ip_sram__sram256x8m8wm1)
           2.52   data arrival time

   0.00    0.00   clock core_clk (rise edge)
   0.00    0.00   clock source latency
   0.00    0.00 ^ clk (in)
   0.25    0.25 ^ delaybuf_0_core_clk/Z (gf180mcu_fd_sc_mcu9t5v0__clkbuf_16)
   0.17    0.42 ^ delaybuf_1_core_clk/Z (gf180mcu_fd_sc_mcu9t5v0__clkbuf_16)
   0.17    0.59 ^ delaybuf_2_core_clk/Z (gf180mcu_fd_sc_mcu9t5v0__clkbuf_16)
   0.17    0.76 ^ delaybuf_3_core_clk/Z (gf180mcu_fd_sc_mcu9t5v0__clkbuf_16)
   0.19    0.95 ^ clkbuf_0_clk/Z (gf180mcu_fd_sc_mcu9t5v0__clkbuf_16)
   0.28    1.23 ^ clkbuf_1_1__f_clk/Z (gf180mcu_fd_sc_mcu9t5v0__clkbuf_16)
   0.00    1.23 ^ u_transform_scheduler_core.u_fft_scratch_sram.u_hi.u_sram/CLK (gf180mcu_fd_ip_sram__sram256x8m8wm1)
   0.05    1.28   clock uncertainty
   0.00    1.28   clock reconvergence pessimism
   0.57    1.85   library hold time
           1.85   data required time
---------------------------------------------------------
           1.85   data required time
          -2.52   data arrival time
---------------------------------------------------------
           0.66   slack (MET)


Startpoint: _19496_ (rising edge-triggered flip-flop clocked by core_clk)
Endpoint: u_transform_scheduler_core.u_fft_scratch_sram.u_lo.u_sram
          (rising edge-triggered flip-flop clocked by core_clk)
Path Group: core_clk
Path Type: min

  Delay    Time   Description
---------------------------------------------------------
   0.00    0.00   clock core_clk (rise edge)
   0.00    0.00   clock source latency
   0.00    0.00 ^ clk (in)
   0.25    0.25 ^ clkbuf_regs_0_core_clk/Z (gf180mcu_fd_sc_mcu9t5v0__clkbuf_16)
   0.19    0.44 ^ clkbuf_0_clk_regs/Z (gf180mcu_fd_sc_mcu9t5v0__clkbuf_16)
   0.23    0.67 ^ clkbuf_2_1_0_clk_regs/Z (gf180mcu_fd_sc_mcu9t5v0__clkbuf_8)
   0.28    0.95 ^ clkbuf_3_2__f_clk_regs/Z (gf180mcu_fd_sc_mcu9t5v0__clkbuf_16)
   0.28    1.22 ^ clkbuf_leaf_26_clk_regs/Z (gf180mcu_fd_sc_mcu9t5v0__clkbuf_8)
   0.00    1.22 ^ _19496_/CLK (gf180mcu_fd_sc_mcu9t5v0__dffrnq_2)
   0.71    1.94 ^ _19496_/Q (gf180mcu_fd_sc_mcu9t5v0__dffrnq_2)
   0.12    2.05 v _09988_/ZN (gf180mcu_fd_sc_mcu9t5v0__aoi221_1)
   0.23    2.29 ^ _09989_/ZN (gf180mcu_fd_sc_mcu9t5v0__clkinv_1)
   0.23    2.52 ^ place374/Z (gf180mcu_fd_sc_mcu9t5v0__buf_8)
   0.00    2.52 ^ u_transform_scheduler_core.u_fft_scratch_sram.u_lo.u_sram/A[2] (gf180mcu_fd_ip_sram__sram256x8m8wm1)
           2.52   data arrival time

   0.00    0.00   clock core_clk (rise edge)
   0.00    0.00   clock source latency
   0.00    0.00 ^ clk (in)
   0.25    0.25 ^ delaybuf_0_core_clk/Z (gf180mcu_fd_sc_mcu9t5v0__clkbuf_16)
   0.17    0.42 ^ delaybuf_1_core_clk/Z (gf180mcu_fd_sc_mcu9t5v0__clkbuf_16)
   0.17    0.59 ^ delaybuf_2_core_clk/Z (gf180mcu_fd_sc_mcu9t5v0__clkbuf_16)
   0.17    0.76 ^ delaybuf_3_core_clk/Z (gf180mcu_fd_sc_mcu9t5v0__clkbuf_16)
   0.19    0.95 ^ clkbuf_0_clk/Z (gf180mcu_fd_sc_mcu9t5v0__clkbuf_16)
   0.28    1.23 ^ clkbuf_1_0__f_clk/Z (gf180mcu_fd_sc_mcu9t5v0__clkbuf_16)
   0.00    1.23 ^ u_transform_scheduler_core.u_fft_scratch_sram.u_lo.u_sram/CLK (gf180mcu_fd_ip_sram__sram256x8m8wm1)
   0.05    1.28   clock uncertainty
   0.00    1.28   clock reconvergence pessimism
   0.57    1.85   library hold time
           1.85   data required time
---------------------------------------------------------
           1.85   data required time
          -2.52   data arrival time
---------------------------------------------------------
           0.66   slack (MET)


Startpoint: _19498_ (rising edge-triggered flip-flop clocked by core_clk)
Endpoint: u_transform_scheduler_core.u_fft_scratch_sram.u_lo.u_sram
          (rising edge-triggered flip-flop clocked by core_clk)
Path Group: core_clk
Path Type: min

  Delay    Time   Description
---------------------------------------------------------
   0.00    0.00   clock core_clk (rise edge)
   0.00    0.00   clock source latency
   0.00    0.00 ^ clk (in)
   0.25    0.25 ^ clkbuf_regs_0_core_clk/Z (gf180mcu_fd_sc_mcu9t5v0__clkbuf_16)
   0.19    0.44 ^ clkbuf_0_clk_regs/Z (gf180mcu_fd_sc_mcu9t5v0__clkbuf_16)
   0.23    0.67 ^ clkbuf_2_1_0_clk_regs/Z (gf180mcu_fd_sc_mcu9t5v0__clkbuf_8)
   0.28    0.95 ^ clkbuf_3_2__f_clk_regs/Z (gf180mcu_fd_sc_mcu9t5v0__clkbuf_16)
   0.28    1.22 ^ clkbuf_leaf_25_clk_regs/Z (gf180mcu_fd_sc_mcu9t5v0__clkbuf_8)
   0.00    1.22 ^ _19498_/CLK (gf180mcu_fd_sc_mcu9t5v0__dffrnq_2)
   0.71    1.94 ^ _19498_/Q (gf180mcu_fd_sc_mcu9t5v0__dffrnq_2)
   0.12    2.05 v _09953_/ZN (gf180mcu_fd_sc_mcu9t5v0__aoi221_1)
   0.23    2.29 ^ _09954_/ZN (gf180mcu_fd_sc_mcu9t5v0__clkinv_1)
   0.23    2.52 ^ place344/Z (gf180mcu_fd_sc_mcu9t5v0__buf_8)
   0.00    2.52 ^ u_transform_scheduler_core.u_fft_scratch_sram.u_lo.u_sram/A[4] (gf180mcu_fd_ip_sram__sram256x8m8wm1)
           2.52   data arrival time

   0.00    0.00   clock core_clk (rise edge)
   0.00    0.00   clock source latency
   0.00    0.00 ^ clk (in)
   0.25    0.25 ^ delaybuf_0_core_clk/Z (gf180mcu_fd_sc_mcu9t5v0__clkbuf_16)
   0.17    0.42 ^ delaybuf_1_core_clk/Z (gf180mcu_fd_sc_mcu9t5v0__clkbuf_16)
   0.17    0.59 ^ delaybuf_2_core_clk/Z (gf180mcu_fd_sc_mcu9t5v0__clkbuf_16)
   0.17    0.76 ^ delaybuf_3_core_clk/Z (gf180mcu_fd_sc_mcu9t5v0__clkbuf_16)
   0.19    0.95 ^ clkbuf_0_clk/Z (gf180mcu_fd_sc_mcu9t5v0__clkbuf_16)
   0.28    1.23 ^ clkbuf_1_0__f_clk/Z (gf180mcu_fd_sc_mcu9t5v0__clkbuf_16)
   0.00    1.23 ^ u_transform_scheduler_core.u_fft_scratch_sram.u_lo.u_sram/CLK (gf180mcu_fd_ip_sram__sram256x8m8wm1)
   0.05    1.28   clock uncertainty
   0.00    1.28   clock reconvergence pessimism
   0.57    1.85   library hold time
           1.85   data required time
---------------------------------------------------------
           1.85   data required time
          -2.52   data arrival time
---------------------------------------------------------
           0.66   slack (MET)


Startpoint: _19499_ (rising edge-triggered flip-flop clocked by core_clk)
Endpoint: u_transform_scheduler_core.u_fft_scratch_sram.u_lo.u_sram
          (rising edge-triggered flip-flop clocked by core_clk)
Path Group: core_clk
Path Type: min

  Delay    Time   Description
---------------------------------------------------------
   0.00    0.00   clock core_clk (rise edge)
   0.00    0.00   clock source latency
   0.00    0.00 ^ clk (in)
   0.25    0.25 ^ clkbuf_regs_0_core_clk/Z (gf180mcu_fd_sc_mcu9t5v0__clkbuf_16)
   0.19    0.44 ^ clkbuf_0_clk_regs/Z (gf180mcu_fd_sc_mcu9t5v0__clkbuf_16)
   0.23    0.67 ^ clkbuf_2_1_0_clk_regs/Z (gf180mcu_fd_sc_mcu9t5v0__clkbuf_8)
   0.28    0.95 ^ clkbuf_3_2__f_clk_regs/Z (gf180mcu_fd_sc_mcu9t5v0__clkbuf_16)
   0.28    1.22 ^ clkbuf_leaf_25_clk_regs/Z (gf180mcu_fd_sc_mcu9t5v0__clkbuf_8)
   0.00    1.22 ^ _19499_/CLK (gf180mcu_fd_sc_mcu9t5v0__dffrnq_2)
   0.71    1.94 ^ _19499_/Q (gf180mcu_fd_sc_mcu9t5v0__dffrnq_2)
   0.12    2.05 v _09932_/ZN (gf180mcu_fd_sc_mcu9t5v0__aoi221_1)
   0.23    2.29 ^ _09933_/ZN (gf180mcu_fd_sc_mcu9t5v0__clkinv_1)
   0.23    2.52 ^ place308/Z (gf180mcu_fd_sc_mcu9t5v0__buf_8)
   0.00    2.52 ^ u_transform_scheduler_core.u_fft_scratch_sram.u_lo.u_sram/A[5] (gf180mcu_fd_ip_sram__sram256x8m8wm1)
           2.52   data arrival time

   0.00    0.00   clock core_clk (rise edge)
   0.00    0.00   clock source latency
   0.00    0.00 ^ clk (in)
   0.25    0.25 ^ delaybuf_0_core_clk/Z (gf180mcu_fd_sc_mcu9t5v0__clkbuf_16)
   0.17    0.42 ^ delaybuf_1_core_clk/Z (gf180mcu_fd_sc_mcu9t5v0__clkbuf_16)
   0.17    0.59 ^ delaybuf_2_core_clk/Z (gf180mcu_fd_sc_mcu9t5v0__clkbuf_16)
   0.17    0.76 ^ delaybuf_3_core_clk/Z (gf180mcu_fd_sc_mcu9t5v0__clkbuf_16)
   0.19    0.95 ^ clkbuf_0_clk/Z (gf180mcu_fd_sc_mcu9t5v0__clkbuf_16)
   0.28    1.23 ^ clkbuf_1_0__f_clk/Z (gf180mcu_fd_sc_mcu9t5v0__clkbuf_16)
   0.00    1.23 ^ u_transform_scheduler_core.u_fft_scratch_sram.u_lo.u_sram/CLK (gf180mcu_fd_ip_sram__sram256x8m8wm1)
   0.05    1.28   clock uncertainty
   0.00    1.28   clock reconvergence pessimism
   0.57    1.85   library hold time
           1.85   data required time
---------------------------------------------------------
           1.85   data required time
          -2.52   data arrival time
---------------------------------------------------------
           0.66   slack (MET)


Startpoint: _19501_ (rising edge-triggered flip-flop clocked by core_clk)
Endpoint: u_transform_scheduler_core.u_fft_scratch_sram.u_lo.u_sram
          (rising edge-triggered flip-flop clocked by core_clk)
Path Group: core_clk
Path Type: min

  Delay    Time   Description
---------------------------------------------------------
   0.00    0.00   clock core_clk (rise edge)
   0.00    0.00   clock source latency
   0.00    0.00 ^ clk (in)
   0.25    0.25 ^ clkbuf_regs_0_core_clk/Z (gf180mcu_fd_sc_mcu9t5v0__clkbuf_16)
   0.19    0.44 ^ clkbuf_0_clk_regs/Z (gf180mcu_fd_sc_mcu9t5v0__clkbuf_16)
   0.23    0.67 ^ clkbuf_2_1_0_clk_regs/Z (gf180mcu_fd_sc_mcu9t5v0__clkbuf_8)
   0.28    0.95 ^ clkbuf_3_2__f_clk_regs/Z (gf180mcu_fd_sc_mcu9t5v0__clkbuf_16)
   0.28    1.22 ^ clkbuf_leaf_26_clk_regs/Z (gf180mcu_fd_sc_mcu9t5v0__clkbuf_8)
   0.00    1.22 ^ _19501_/CLK (gf180mcu_fd_sc_mcu9t5v0__dffrnq_2)
   0.71    1.94 ^ _19501_/Q (gf180mcu_fd_sc_mcu9t5v0__dffrnq_2)
   0.12    2.05 v _18437_/ZN (gf180mcu_fd_sc_mcu9t5v0__aoi221_1)
   0.23    2.29 ^ _18438_/ZN (gf180mcu_fd_sc_mcu9t5v0__clkinv_1)
   0.23    2.52 ^ place311/Z (gf180mcu_fd_sc_mcu9t5v0__buf_8)
   0.00    2.52 ^ u_transform_scheduler_core.u_fft_scratch_sram.u_lo.u_sram/A[7] (gf180mcu_fd_ip_sram__sram256x8m8wm1)
           2.52   data arrival time

   0.00    0.00   clock core_clk (rise edge)
   0.00    0.00   clock source latency
   0.00    0.00 ^ clk (in)
   0.25    0.25 ^ delaybuf_0_core_clk/Z (gf180mcu_fd_sc_mcu9t5v0__clkbuf_16)
   0.17    0.42 ^ delaybuf_1_core_clk/Z (gf180mcu_fd_sc_mcu9t5v0__clkbuf_16)
   0.17    0.59 ^ delaybuf_2_core_clk/Z (gf180mcu_fd_sc_mcu9t5v0__clkbuf_16)
   0.17    0.76 ^ delaybuf_3_core_clk/Z (gf180mcu_fd_sc_mcu9t5v0__clkbuf_16)
   0.19    0.95 ^ clkbuf_0_clk/Z (gf180mcu_fd_sc_mcu9t5v0__clkbuf_16)
   0.28    1.23 ^ clkbuf_1_0__f_clk/Z (gf180mcu_fd_sc_mcu9t5v0__clkbuf_16)
   0.00    1.23 ^ u_transform_scheduler_core.u_fft_scratch_sram.u_lo.u_sram/CLK (gf180mcu_fd_ip_sram__sram256x8m8wm1)
   0.05    1.28   clock uncertainty
   0.00    1.28   clock reconvergence pessimism
   0.57    1.85   library hold time
           1.85   data required time
---------------------------------------------------------
           1.85   data required time
          -2.52   data arrival time
---------------------------------------------------------
           0.66   slack (MET)


Startpoint: _20972_ (rising edge-triggered flip-flop clocked by core_clk)
Endpoint: u_transform_scheduler_core.u_fft_scratch_sram.u_hi.u_sram
          (rising edge-triggered flip-flop clocked by core_clk)
Path Group: core_clk
Path Type: min

  Delay    Time   Description
---------------------------------------------------------
   0.00    0.00   clock core_clk (rise edge)
   0.00    0.00   clock source latency
   0.00    0.00 ^ clk (in)
   0.25    0.25 ^ clkbuf_regs_0_core_clk/Z (gf180mcu_fd_sc_mcu9t5v0__clkbuf_16)
   0.19    0.44 ^ clkbuf_0_clk_regs/Z (gf180mcu_fd_sc_mcu9t5v0__clkbuf_16)
   0.23    0.67 ^ clkbuf_2_1_0_clk_regs/Z (gf180mcu_fd_sc_mcu9t5v0__clkbuf_8)
   0.28    0.95 ^ clkbuf_3_2__f_clk_regs/Z (gf180mcu_fd_sc_mcu9t5v0__clkbuf_16)
   0.28    1.22 ^ clkbuf_leaf_12_clk_regs/Z (gf180mcu_fd_sc_mcu9t5v0__clkbuf_8)
   0.00    1.22 ^ _20972_/CLK (gf180mcu_fd_sc_mcu9t5v0__dffrnq_2)
   0.65    1.87 v _20972_/Q (gf180mcu_fd_sc_mcu9t5v0__dffrnq_2)
   0.22    2.09 ^ _18384_/ZN (gf180mcu_fd_sc_mcu9t5v0__nor3_1)
   0.37    2.47 v _18386_/ZN (gf180mcu_fd_sc_mcu9t5v0__nor2_1)
   0.33    2.80 ^ u_transform_scheduler_core.u_fft_scratch_sram.u_hi.u_gwen_driver/ZN (gf180mcu_fd_sc_mcu9t5v0__clkinv_4)
   0.00    2.80 ^ u_transform_scheduler_core.u_fft_scratch_sram.u_hi.u_sram/WEN[0] (gf180mcu_fd_ip_sram__sram256x8m8wm1)
           2.80   data arrival time

   0.00    0.00   clock core_clk (rise edge)
   0.00    0.00   clock source latency
   0.00    0.00 ^ clk (in)
   0.25    0.25 ^ delaybuf_0_core_clk/Z (gf180mcu_fd_sc_mcu9t5v0__clkbuf_16)
   0.17    0.42 ^ delaybuf_1_core_clk/Z (gf180mcu_fd_sc_mcu9t5v0__clkbuf_16)
   0.17    0.59 ^ delaybuf_2_core_clk/Z (gf180mcu_fd_sc_mcu9t5v0__clkbuf_16)
   0.17    0.76 ^ delaybuf_3_core_clk/Z (gf180mcu_fd_sc_mcu9t5v0__clkbuf_16)
   0.19    0.95 ^ clkbuf_0_clk/Z (gf180mcu_fd_sc_mcu9t5v0__clkbuf_16)
   0.28    1.23 ^ clkbuf_1_1__f_clk/Z (gf180mcu_fd_sc_mcu9t5v0__clkbuf_16)
   0.00    1.23 ^ u_transform_scheduler_core.u_fft_scratch_sram.u_hi.u_sram/CLK (gf180mcu_fd_ip_sram__sram256x8m8wm1)
   0.05    1.28   clock uncertainty
   0.00    1.28   clock reconvergence pessimism
   0.81    2.09   library hold time
           2.09   data required time
---------------------------------------------------------
           2.09   data required time
          -2.80   data arrival time
---------------------------------------------------------
           0.70   slack (MET)


Startpoint: _20972_ (rising edge-triggered flip-flop clocked by core_clk)
Endpoint: u_transform_scheduler_core.u_fft_scratch_sram.u_hi.u_sram
          (rising edge-triggered flip-flop clocked by core_clk)
Path Group: core_clk
Path Type: min

  Delay    Time   Description
---------------------------------------------------------
   0.00    0.00   clock core_clk (rise edge)
   0.00    0.00   clock source latency
   0.00    0.00 ^ clk (in)
   0.25    0.25 ^ clkbuf_regs_0_core_clk/Z (gf180mcu_fd_sc_mcu9t5v0__clkbuf_16)
   0.19    0.44 ^ clkbuf_0_clk_regs/Z (gf180mcu_fd_sc_mcu9t5v0__clkbuf_16)
   0.23    0.67 ^ clkbuf_2_1_0_clk_regs/Z (gf180mcu_fd_sc_mcu9t5v0__clkbuf_8)
   0.28    0.95 ^ clkbuf_3_2__f_clk_regs/Z (gf180mcu_fd_sc_mcu9t5v0__clkbuf_16)
   0.28    1.22 ^ clkbuf_leaf_12_clk_regs/Z (gf180mcu_fd_sc_mcu9t5v0__clkbuf_8)
   0.00    1.22 ^ _20972_/CLK (gf180mcu_fd_sc_mcu9t5v0__dffrnq_2)
   0.65    1.87 v _20972_/Q (gf180mcu_fd_sc_mcu9t5v0__dffrnq_2)
   0.22    2.09 ^ _18384_/ZN (gf180mcu_fd_sc_mcu9t5v0__nor3_1)
   0.37    2.47 v _18386_/ZN (gf180mcu_fd_sc_mcu9t5v0__nor2_1)
   0.33    2.80 ^ u_transform_scheduler_core.u_fft_scratch_sram.u_hi.u_gwen_driver/ZN (gf180mcu_fd_sc_mcu9t5v0__clkinv_4)
   0.00    2.80 ^ u_transform_scheduler_core.u_fft_scratch_sram.u_hi.u_sram/WEN[1] (gf180mcu_fd_ip_sram__sram256x8m8wm1)
           2.80   data arrival time

   0.00    0.00   clock core_clk (rise edge)
   0.00    0.00   clock source latency
   0.00    0.00 ^ clk (in)
   0.25    0.25 ^ delaybuf_0_core_clk/Z (gf180mcu_fd_sc_mcu9t5v0__clkbuf_16)
   0.17    0.42 ^ delaybuf_1_core_clk/Z (gf180mcu_fd_sc_mcu9t5v0__clkbuf_16)
   0.17    0.59 ^ delaybuf_2_core_clk/Z (gf180mcu_fd_sc_mcu9t5v0__clkbuf_16)
   0.17    0.76 ^ delaybuf_3_core_clk/Z (gf180mcu_fd_sc_mcu9t5v0__clkbuf_16)
   0.19    0.95 ^ clkbuf_0_clk/Z (gf180mcu_fd_sc_mcu9t5v0__clkbuf_16)
   0.28    1.23 ^ clkbuf_1_1__f_clk/Z (gf180mcu_fd_sc_mcu9t5v0__clkbuf_16)
   0.00    1.23 ^ u_transform_scheduler_core.u_fft_scratch_sram.u_hi.u_sram/CLK (gf180mcu_fd_ip_sram__sram256x8m8wm1)
   0.05    1.28   clock uncertainty
   0.00    1.28   clock reconvergence pessimism
   0.81    2.09   library hold time
           2.09   data required time
---------------------------------------------------------
           2.09   data required time
          -2.80   data arrival time
---------------------------------------------------------
           0.70   slack (MET)


Startpoint: _20972_ (rising edge-triggered flip-flop clocked by core_clk)
Endpoint: u_transform_scheduler_core.u_fft_scratch_sram.u_hi.u_sram
          (rising edge-triggered flip-flop clocked by core_clk)
Path Group: core_clk
Path Type: min

  Delay    Time   Description
---------------------------------------------------------
   0.00    0.00   clock core_clk (rise edge)
   0.00    0.00   clock source latency
   0.00    0.00 ^ clk (in)
   0.25    0.25 ^ clkbuf_regs_0_core_clk/Z (gf180mcu_fd_sc_mcu9t5v0__clkbuf_16)
   0.19    0.44 ^ clkbuf_0_clk_regs/Z (gf180mcu_fd_sc_mcu9t5v0__clkbuf_16)
   0.23    0.67 ^ clkbuf_2_1_0_clk_regs/Z (gf180mcu_fd_sc_mcu9t5v0__clkbuf_8)
   0.28    0.95 ^ clkbuf_3_2__f_clk_regs/Z (gf180mcu_fd_sc_mcu9t5v0__clkbuf_16)
   0.28    1.22 ^ clkbuf_leaf_12_clk_regs/Z (gf180mcu_fd_sc_mcu9t5v0__clkbuf_8)
   0.00    1.22 ^ _20972_/CLK (gf180mcu_fd_sc_mcu9t5v0__dffrnq_2)
   0.65    1.87 v _20972_/Q (gf180mcu_fd_sc_mcu9t5v0__dffrnq_2)
   0.22    2.09 ^ _18384_/ZN (gf180mcu_fd_sc_mcu9t5v0__nor3_1)
   0.37    2.47 v _18386_/ZN (gf180mcu_fd_sc_mcu9t5v0__nor2_1)
   0.33    2.80 ^ u_transform_scheduler_core.u_fft_scratch_sram.u_hi.u_gwen_driver/ZN (gf180mcu_fd_sc_mcu9t5v0__clkinv_4)
   0.00    2.80 ^ u_transform_scheduler_core.u_fft_scratch_sram.u_hi.u_sram/WEN[2] (gf180mcu_fd_ip_sram__sram256x8m8wm1)
           2.80   data arrival time

   0.00    0.00   clock core_clk (rise edge)
   0.00    0.00   clock source latency
   0.00    0.00 ^ clk (in)
   0.25    0.25 ^ delaybuf_0_core_clk/Z (gf180mcu_fd_sc_mcu9t5v0__clkbuf_16)
   0.17    0.42 ^ delaybuf_1_core_clk/Z (gf180mcu_fd_sc_mcu9t5v0__clkbuf_16)
   0.17    0.59 ^ delaybuf_2_core_clk/Z (gf180mcu_fd_sc_mcu9t5v0__clkbuf_16)
   0.17    0.76 ^ delaybuf_3_core_clk/Z (gf180mcu_fd_sc_mcu9t5v0__clkbuf_16)
   0.19    0.95 ^ clkbuf_0_clk/Z (gf180mcu_fd_sc_mcu9t5v0__clkbuf_16)
   0.28    1.23 ^ clkbuf_1_1__f_clk/Z (gf180mcu_fd_sc_mcu9t5v0__clkbuf_16)
   0.00    1.23 ^ u_transform_scheduler_core.u_fft_scratch_sram.u_hi.u_sram/CLK (gf180mcu_fd_ip_sram__sram256x8m8wm1)
   0.05    1.28   clock uncertainty
   0.00    1.28   clock reconvergence pessimism
   0.81    2.09   library hold time
           2.09   data required time
---------------------------------------------------------
           2.09   data required time
          -2.80   data arrival time
---------------------------------------------------------
           0.70   slack (MET)


Startpoint: _20972_ (rising edge-triggered flip-flop clocked by core_clk)
Endpoint: u_transform_scheduler_core.u_fft_scratch_sram.u_hi.u_sram
          (rising edge-triggered flip-flop clocked by core_clk)
Path Group: core_clk
Path Type: min

  Delay    Time   Description
---------------------------------------------------------
   0.00    0.00   clock core_clk (rise edge)
   0.00    0.00   clock source latency
   0.00    0.00 ^ clk (in)
   0.25    0.25 ^ clkbuf_regs_0_core_clk/Z (gf180mcu_fd_sc_mcu9t5v0__clkbuf_16)
   0.19    0.44 ^ clkbuf_0_clk_regs/Z (gf180mcu_fd_sc_mcu9t5v0__clkbuf_16)
   0.23    0.67 ^ clkbuf_2_1_0_clk_regs/Z (gf180mcu_fd_sc_mcu9t5v0__clkbuf_8)
   0.28    0.95 ^ clkbuf_3_2__f_clk_regs/Z (gf180mcu_fd_sc_mcu9t5v0__clkbuf_16)
   0.28    1.22 ^ clkbuf_leaf_12_clk_regs/Z (gf180mcu_fd_sc_mcu9t5v0__clkbuf_8)
   0.00    1.22 ^ _20972_/CLK (gf180mcu_fd_sc_mcu9t5v0__dffrnq_2)
   0.65    1.87 v _20972_/Q (gf180mcu_fd_sc_mcu9t5v0__dffrnq_2)
   0.22    2.09 ^ _18384_/ZN (gf180mcu_fd_sc_mcu9t5v0__nor3_1)
   0.37    2.47 v _18386_/ZN (gf180mcu_fd_sc_mcu9t5v0__nor2_1)
   0.33    2.80 ^ u_transform_scheduler_core.u_fft_scratch_sram.u_hi.u_gwen_driver/ZN (gf180mcu_fd_sc_mcu9t5v0__clkinv_4)
   0.00    2.80 ^ u_transform_scheduler_core.u_fft_scratch_sram.u_hi.u_sram/WEN[3] (gf180mcu_fd_ip_sram__sram256x8m8wm1)
           2.80   data arrival time

   0.00    0.00   clock core_clk (rise edge)
   0.00    0.00   clock source latency
   0.00    0.00 ^ clk (in)
   0.25    0.25 ^ delaybuf_0_core_clk/Z (gf180mcu_fd_sc_mcu9t5v0__clkbuf_16)
   0.17    0.42 ^ delaybuf_1_core_clk/Z (gf180mcu_fd_sc_mcu9t5v0__clkbuf_16)
   0.17    0.59 ^ delaybuf_2_core_clk/Z (gf180mcu_fd_sc_mcu9t5v0__clkbuf_16)
   0.17    0.76 ^ delaybuf_3_core_clk/Z (gf180mcu_fd_sc_mcu9t5v0__clkbuf_16)
   0.19    0.95 ^ clkbuf_0_clk/Z (gf180mcu_fd_sc_mcu9t5v0__clkbuf_16)
   0.28    1.23 ^ clkbuf_1_1__f_clk/Z (gf180mcu_fd_sc_mcu9t5v0__clkbuf_16)
   0.00    1.23 ^ u_transform_scheduler_core.u_fft_scratch_sram.u_hi.u_sram/CLK (gf180mcu_fd_ip_sram__sram256x8m8wm1)
   0.05    1.28   clock uncertainty
   0.00    1.28   clock reconvergence pessimism
   0.81    2.09   library hold time
           2.09   data required time
---------------------------------------------------------
           2.09   data required time
          -2.80   data arrival time
---------------------------------------------------------
           0.70   slack (MET)


Startpoint: _20972_ (rising edge-triggered flip-flop clocked by core_clk)
Endpoint: u_transform_scheduler_core.u_fft_scratch_sram.u_hi.u_sram
          (rising edge-triggered flip-flop clocked by core_clk)
Path Group: core_clk
Path Type: min

  Delay    Time   Description
---------------------------------------------------------
   0.00    0.00   clock core_clk (rise edge)
   0.00    0.00   clock source latency
   0.00    0.00 ^ clk (in)
   0.25    0.25 ^ clkbuf_regs_0_core_clk/Z (gf180mcu_fd_sc_mcu9t5v0__clkbuf_16)
   0.19    0.44 ^ clkbuf_0_clk_regs/Z (gf180mcu_fd_sc_mcu9t5v0__clkbuf_16)
   0.23    0.67 ^ clkbuf_2_1_0_clk_regs/Z (gf180mcu_fd_sc_mcu9t5v0__clkbuf_8)
   0.28    0.95 ^ clkbuf_3_2__f_clk_regs/Z (gf180mcu_fd_sc_mcu9t5v0__clkbuf_16)
   0.28    1.22 ^ clkbuf_leaf_12_clk_regs/Z (gf180mcu_fd_sc_mcu9t5v0__clkbuf_8)
   0.00    1.22 ^ _20972_/CLK (gf180mcu_fd_sc_mcu9t5v0__dffrnq_2)
   0.65    1.87 v _20972_/Q (gf180mcu_fd_sc_mcu9t5v0__dffrnq_2)
   0.22    2.09 ^ _18384_/ZN (gf180mcu_fd_sc_mcu9t5v0__nor3_1)
   0.37    2.47 v _18386_/ZN (gf180mcu_fd_sc_mcu9t5v0__nor2_1)
   0.33    2.80 ^ u_transform_scheduler_core.u_fft_scratch_sram.u_hi.u_gwen_driver/ZN (gf180mcu_fd_sc_mcu9t5v0__clkinv_4)
   0.00    2.80 ^ u_transform_scheduler_core.u_fft_scratch_sram.u_hi.u_sram/WEN[4] (gf180mcu_fd_ip_sram__sram256x8m8wm1)
           2.80   data arrival time

   0.00    0.00   clock core_clk (rise edge)
   0.00    0.00   clock source latency
   0.00    0.00 ^ clk (in)
   0.25    0.25 ^ delaybuf_0_core_clk/Z (gf180mcu_fd_sc_mcu9t5v0__clkbuf_16)
   0.17    0.42 ^ delaybuf_1_core_clk/Z (gf180mcu_fd_sc_mcu9t5v0__clkbuf_16)
   0.17    0.59 ^ delaybuf_2_core_clk/Z (gf180mcu_fd_sc_mcu9t5v0__clkbuf_16)
   0.17    0.76 ^ delaybuf_3_core_clk/Z (gf180mcu_fd_sc_mcu9t5v0__clkbuf_16)
   0.19    0.95 ^ clkbuf_0_clk/Z (gf180mcu_fd_sc_mcu9t5v0__clkbuf_16)
   0.28    1.23 ^ clkbuf_1_1__f_clk/Z (gf180mcu_fd_sc_mcu9t5v0__clkbuf_16)
   0.00    1.23 ^ u_transform_scheduler_core.u_fft_scratch_sram.u_hi.u_sram/CLK (gf180mcu_fd_ip_sram__sram256x8m8wm1)
   0.05    1.28   clock uncertainty
   0.00    1.28   clock reconvergence pessimism
   0.81    2.09   library hold time
           2.09   data required time
---------------------------------------------------------
           2.09   data required time
          -2.80   data arrival time
---------------------------------------------------------
           0.70   slack (MET)


Startpoint: _20972_ (rising edge-triggered flip-flop clocked by core_clk)
Endpoint: u_transform_scheduler_core.u_fft_scratch_sram.u_hi.u_sram
          (rising edge-triggered flip-flop clocked by core_clk)
Path Group: core_clk
Path Type: min

  Delay    Time   Description
---------------------------------------------------------
   0.00    0.00   clock core_clk (rise edge)
   0.00    0.00   clock source latency
   0.00    0.00 ^ clk (in)
   0.25    0.25 ^ clkbuf_regs_0_core_clk/Z (gf180mcu_fd_sc_mcu9t5v0__clkbuf_16)
   0.19    0.44 ^ clkbuf_0_clk_regs/Z (gf180mcu_fd_sc_mcu9t5v0__clkbuf_16)
   0.23    0.67 ^ clkbuf_2_1_0_clk_regs/Z (gf180mcu_fd_sc_mcu9t5v0__clkbuf_8)
   0.28    0.95 ^ clkbuf_3_2__f_clk_regs/Z (gf180mcu_fd_sc_mcu9t5v0__clkbuf_16)
   0.28    1.22 ^ clkbuf_leaf_12_clk_regs/Z (gf180mcu_fd_sc_mcu9t5v0__clkbuf_8)
   0.00    1.22 ^ _20972_/CLK (gf180mcu_fd_sc_mcu9t5v0__dffrnq_2)
   0.65    1.87 v _20972_/Q (gf180mcu_fd_sc_mcu9t5v0__dffrnq_2)
   0.22    2.09 ^ _18384_/ZN (gf180mcu_fd_sc_mcu9t5v0__nor3_1)
   0.37    2.47 v _18386_/ZN (gf180mcu_fd_sc_mcu9t5v0__nor2_1)
   0.33    2.80 ^ u_transform_scheduler_core.u_fft_scratch_sram.u_hi.u_gwen_driver/ZN (gf180mcu_fd_sc_mcu9t5v0__clkinv_4)
   0.00    2.80 ^ u_transform_scheduler_core.u_fft_scratch_sram.u_hi.u_sram/WEN[5] (gf180mcu_fd_ip_sram__sram256x8m8wm1)
           2.80   data arrival time

   0.00    0.00   clock core_clk (rise edge)
   0.00    0.00   clock source latency
   0.00    0.00 ^ clk (in)
   0.25    0.25 ^ delaybuf_0_core_clk/Z (gf180mcu_fd_sc_mcu9t5v0__clkbuf_16)
   0.17    0.42 ^ delaybuf_1_core_clk/Z (gf180mcu_fd_sc_mcu9t5v0__clkbuf_16)
   0.17    0.59 ^ delaybuf_2_core_clk/Z (gf180mcu_fd_sc_mcu9t5v0__clkbuf_16)
   0.17    0.76 ^ delaybuf_3_core_clk/Z (gf180mcu_fd_sc_mcu9t5v0__clkbuf_16)
   0.19    0.95 ^ clkbuf_0_clk/Z (gf180mcu_fd_sc_mcu9t5v0__clkbuf_16)
   0.28    1.23 ^ clkbuf_1_1__f_clk/Z (gf180mcu_fd_sc_mcu9t5v0__clkbuf_16)
   0.00    1.23 ^ u_transform_scheduler_core.u_fft_scratch_sram.u_hi.u_sram/CLK (gf180mcu_fd_ip_sram__sram256x8m8wm1)
   0.05    1.28   clock uncertainty
   0.00    1.28   clock reconvergence pessimism
   0.81    2.09   library hold time
           2.09   data required time
---------------------------------------------------------
           2.09   data required time
          -2.80   data arrival time
---------------------------------------------------------
           0.70   slack (MET)


Startpoint: _20972_ (rising edge-triggered flip-flop clocked by core_clk)
Endpoint: u_transform_scheduler_core.u_fft_scratch_sram.u_hi.u_sram
          (rising edge-triggered flip-flop clocked by core_clk)
Path Group: core_clk
Path Type: min

  Delay    Time   Description
---------------------------------------------------------
   0.00    0.00   clock core_clk (rise edge)
   0.00    0.00   clock source latency
   0.00    0.00 ^ clk (in)
   0.25    0.25 ^ clkbuf_regs_0_core_clk/Z (gf180mcu_fd_sc_mcu9t5v0__clkbuf_16)
   0.19    0.44 ^ clkbuf_0_clk_regs/Z (gf180mcu_fd_sc_mcu9t5v0__clkbuf_16)
   0.23    0.67 ^ clkbuf_2_1_0_clk_regs/Z (gf180mcu_fd_sc_mcu9t5v0__clkbuf_8)
   0.28    0.95 ^ clkbuf_3_2__f_clk_regs/Z (gf180mcu_fd_sc_mcu9t5v0__clkbuf_16)
   0.28    1.22 ^ clkbuf_leaf_12_clk_regs/Z (gf180mcu_fd_sc_mcu9t5v0__clkbuf_8)
   0.00    1.22 ^ _20972_/CLK (gf180mcu_fd_sc_mcu9t5v0__dffrnq_2)
   0.65    1.87 v _20972_/Q (gf180mcu_fd_sc_mcu9t5v0__dffrnq_2)
   0.22    2.09 ^ _18384_/ZN (gf180mcu_fd_sc_mcu9t5v0__nor3_1)
   0.37    2.47 v _18386_/ZN (gf180mcu_fd_sc_mcu9t5v0__nor2_1)
   0.33    2.80 ^ u_transform_scheduler_core.u_fft_scratch_sram.u_hi.u_gwen_driver/ZN (gf180mcu_fd_sc_mcu9t5v0__clkinv_4)
   0.00    2.80 ^ u_transform_scheduler_core.u_fft_scratch_sram.u_hi.u_sram/WEN[6] (gf180mcu_fd_ip_sram__sram256x8m8wm1)
           2.80   data arrival time

   0.00    0.00   clock core_clk (rise edge)
   0.00    0.00   clock source latency
   0.00    0.00 ^ clk (in)
   0.25    0.25 ^ delaybuf_0_core_clk/Z (gf180mcu_fd_sc_mcu9t5v0__clkbuf_16)
   0.17    0.42 ^ delaybuf_1_core_clk/Z (gf180mcu_fd_sc_mcu9t5v0__clkbuf_16)
   0.17    0.59 ^ delaybuf_2_core_clk/Z (gf180mcu_fd_sc_mcu9t5v0__clkbuf_16)
   0.17    0.76 ^ delaybuf_3_core_clk/Z (gf180mcu_fd_sc_mcu9t5v0__clkbuf_16)
   0.19    0.95 ^ clkbuf_0_clk/Z (gf180mcu_fd_sc_mcu9t5v0__clkbuf_16)
   0.28    1.23 ^ clkbuf_1_1__f_clk/Z (gf180mcu_fd_sc_mcu9t5v0__clkbuf_16)
   0.00    1.23 ^ u_transform_scheduler_core.u_fft_scratch_sram.u_hi.u_sram/CLK (gf180mcu_fd_ip_sram__sram256x8m8wm1)
   0.05    1.28   clock uncertainty
   0.00    1.28   clock reconvergence pessimism
   0.81    2.09   library hold time
           2.09   data required time
---------------------------------------------------------
           2.09   data required time
          -2.80   data arrival time
---------------------------------------------------------
           0.70   slack (MET)


Startpoint: _20972_ (rising edge-triggered flip-flop clocked by core_clk)
Endpoint: u_transform_scheduler_core.u_fft_scratch_sram.u_hi.u_sram
          (rising edge-triggered flip-flop clocked by core_clk)
Path Group: core_clk
Path Type: min

  Delay    Time   Description
---------------------------------------------------------
   0.00    0.00   clock core_clk (rise edge)
   0.00    0.00   clock source latency
   0.00    0.00 ^ clk (in)
   0.25    0.25 ^ clkbuf_regs_0_core_clk/Z (gf180mcu_fd_sc_mcu9t5v0__clkbuf_16)
   0.19    0.44 ^ clkbuf_0_clk_regs/Z (gf180mcu_fd_sc_mcu9t5v0__clkbuf_16)
   0.23    0.67 ^ clkbuf_2_1_0_clk_regs/Z (gf180mcu_fd_sc_mcu9t5v0__clkbuf_8)
   0.28    0.95 ^ clkbuf_3_2__f_clk_regs/Z (gf180mcu_fd_sc_mcu9t5v0__clkbuf_16)
   0.28    1.22 ^ clkbuf_leaf_12_clk_regs/Z (gf180mcu_fd_sc_mcu9t5v0__clkbuf_8)
   0.00    1.22 ^ _20972_/CLK (gf180mcu_fd_sc_mcu9t5v0__dffrnq_2)
   0.65    1.87 v _20972_/Q (gf180mcu_fd_sc_mcu9t5v0__dffrnq_2)
   0.22    2.09 ^ _18384_/ZN (gf180mcu_fd_sc_mcu9t5v0__nor3_1)
   0.37    2.47 v _18386_/ZN (gf180mcu_fd_sc_mcu9t5v0__nor2_1)
   0.33    2.80 ^ u_transform_scheduler_core.u_fft_scratch_sram.u_hi.u_gwen_driver/ZN (gf180mcu_fd_sc_mcu9t5v0__clkinv_4)
   0.00    2.80 ^ u_transform_scheduler_core.u_fft_scratch_sram.u_hi.u_sram/WEN[7] (gf180mcu_fd_ip_sram__sram256x8m8wm1)
           2.80   data arrival time

   0.00    0.00   clock core_clk (rise edge)
   0.00    0.00   clock source latency
   0.00    0.00 ^ clk (in)
   0.25    0.25 ^ delaybuf_0_core_clk/Z (gf180mcu_fd_sc_mcu9t5v0__clkbuf_16)
   0.17    0.42 ^ delaybuf_1_core_clk/Z (gf180mcu_fd_sc_mcu9t5v0__clkbuf_16)
   0.17    0.59 ^ delaybuf_2_core_clk/Z (gf180mcu_fd_sc_mcu9t5v0__clkbuf_16)
   0.17    0.76 ^ delaybuf_3_core_clk/Z (gf180mcu_fd_sc_mcu9t5v0__clkbuf_16)
   0.19    0.95 ^ clkbuf_0_clk/Z (gf180mcu_fd_sc_mcu9t5v0__clkbuf_16)
   0.28    1.23 ^ clkbuf_1_1__f_clk/Z (gf180mcu_fd_sc_mcu9t5v0__clkbuf_16)
   0.00    1.23 ^ u_transform_scheduler_core.u_fft_scratch_sram.u_hi.u_sram/CLK (gf180mcu_fd_ip_sram__sram256x8m8wm1)
   0.05    1.28   clock uncertainty
   0.00    1.28   clock reconvergence pessimism
   0.81    2.09   library hold time
           2.09   data required time
---------------------------------------------------------
           2.09   data required time
          -2.80   data arrival time
---------------------------------------------------------
           0.70   slack (MET)


Startpoint: _20972_ (rising edge-triggered flip-flop clocked by core_clk)
Endpoint: u_transform_scheduler_core.u_fft_scratch_sram.u_lo.u_sram
          (rising edge-triggered flip-flop clocked by core_clk)
Path Group: core_clk
Path Type: min

  Delay    Time   Description
---------------------------------------------------------
   0.00    0.00   clock core_clk (rise edge)
   0.00    0.00   clock source latency
   0.00    0.00 ^ clk (in)
   0.25    0.25 ^ clkbuf_regs_0_core_clk/Z (gf180mcu_fd_sc_mcu9t5v0__clkbuf_16)
   0.19    0.44 ^ clkbuf_0_clk_regs/Z (gf180mcu_fd_sc_mcu9t5v0__clkbuf_16)
   0.23    0.67 ^ clkbuf_2_1_0_clk_regs/Z (gf180mcu_fd_sc_mcu9t5v0__clkbuf_8)
   0.28    0.95 ^ clkbuf_3_2__f_clk_regs/Z (gf180mcu_fd_sc_mcu9t5v0__clkbuf_16)
   0.28    1.22 ^ clkbuf_leaf_12_clk_regs/Z (gf180mcu_fd_sc_mcu9t5v0__clkbuf_8)
   0.00    1.22 ^ _20972_/CLK (gf180mcu_fd_sc_mcu9t5v0__dffrnq_2)
   0.65    1.87 v _20972_/Q (gf180mcu_fd_sc_mcu9t5v0__dffrnq_2)
   0.22    2.09 ^ _18384_/ZN (gf180mcu_fd_sc_mcu9t5v0__nor3_1)
   0.37    2.47 v _18386_/ZN (gf180mcu_fd_sc_mcu9t5v0__nor2_1)
   0.33    2.80 ^ u_transform_scheduler_core.u_fft_scratch_sram.u_lo.u_gwen_driver/ZN (gf180mcu_fd_sc_mcu9t5v0__clkinv_4)
   0.00    2.80 ^ u_transform_scheduler_core.u_fft_scratch_sram.u_lo.u_sram/WEN[0] (gf180mcu_fd_ip_sram__sram256x8m8wm1)
           2.80   data arrival time

   0.00    0.00   clock core_clk (rise edge)
   0.00    0.00   clock source latency
   0.00    0.00 ^ clk (in)
   0.25    0.25 ^ delaybuf_0_core_clk/Z (gf180mcu_fd_sc_mcu9t5v0__clkbuf_16)
   0.17    0.42 ^ delaybuf_1_core_clk/Z (gf180mcu_fd_sc_mcu9t5v0__clkbuf_16)
   0.17    0.59 ^ delaybuf_2_core_clk/Z (gf180mcu_fd_sc_mcu9t5v0__clkbuf_16)
   0.17    0.76 ^ delaybuf_3_core_clk/Z (gf180mcu_fd_sc_mcu9t5v0__clkbuf_16)
   0.19    0.95 ^ clkbuf_0_clk/Z (gf180mcu_fd_sc_mcu9t5v0__clkbuf_16)
   0.28    1.23 ^ clkbuf_1_0__f_clk/Z (gf180mcu_fd_sc_mcu9t5v0__clkbuf_16)
   0.00    1.23 ^ u_transform_scheduler_core.u_fft_scratch_sram.u_lo.u_sram/CLK (gf180mcu_fd_ip_sram__sram256x8m8wm1)
   0.05    1.28   clock uncertainty
   0.00    1.28   clock reconvergence pessimism
   0.81    2.09   library hold time
           2.09   data required time
---------------------------------------------------------
           2.09   data required time
          -2.80   data arrival time
---------------------------------------------------------
           0.70   slack (MET)


Startpoint: _20972_ (rising edge-triggered flip-flop clocked by core_clk)
Endpoint: u_transform_scheduler_core.u_fft_scratch_sram.u_lo.u_sram
          (rising edge-triggered flip-flop clocked by core_clk)
Path Group: core_clk
Path Type: min

  Delay    Time   Description
---------------------------------------------------------
   0.00    0.00   clock core_clk (rise edge)
   0.00    0.00   clock source latency
   0.00    0.00 ^ clk (in)
   0.25    0.25 ^ clkbuf_regs_0_core_clk/Z (gf180mcu_fd_sc_mcu9t5v0__clkbuf_16)
   0.19    0.44 ^ clkbuf_0_clk_regs/Z (gf180mcu_fd_sc_mcu9t5v0__clkbuf_16)
   0.23    0.67 ^ clkbuf_2_1_0_clk_regs/Z (gf180mcu_fd_sc_mcu9t5v0__clkbuf_8)
   0.28    0.95 ^ clkbuf_3_2__f_clk_regs/Z (gf180mcu_fd_sc_mcu9t5v0__clkbuf_16)
   0.28    1.22 ^ clkbuf_leaf_12_clk_regs/Z (gf180mcu_fd_sc_mcu9t5v0__clkbuf_8)
   0.00    1.22 ^ _20972_/CLK (gf180mcu_fd_sc_mcu9t5v0__dffrnq_2)
   0.65    1.87 v _20972_/Q (gf180mcu_fd_sc_mcu9t5v0__dffrnq_2)
   0.22    2.09 ^ _18384_/ZN (gf180mcu_fd_sc_mcu9t5v0__nor3_1)
   0.37    2.47 v _18386_/ZN (gf180mcu_fd_sc_mcu9t5v0__nor2_1)
   0.33    2.80 ^ u_transform_scheduler_core.u_fft_scratch_sram.u_lo.u_gwen_driver/ZN (gf180mcu_fd_sc_mcu9t5v0__clkinv_4)
   0.00    2.80 ^ u_transform_scheduler_core.u_fft_scratch_sram.u_lo.u_sram/WEN[1] (gf180mcu_fd_ip_sram__sram256x8m8wm1)
           2.80   data arrival time

   0.00    0.00   clock core_clk (rise edge)
   0.00    0.00   clock source latency
   0.00    0.00 ^ clk (in)
   0.25    0.25 ^ delaybuf_0_core_clk/Z (gf180mcu_fd_sc_mcu9t5v0__clkbuf_16)
   0.17    0.42 ^ delaybuf_1_core_clk/Z (gf180mcu_fd_sc_mcu9t5v0__clkbuf_16)
   0.17    0.59 ^ delaybuf_2_core_clk/Z (gf180mcu_fd_sc_mcu9t5v0__clkbuf_16)
   0.17    0.76 ^ delaybuf_3_core_clk/Z (gf180mcu_fd_sc_mcu9t5v0__clkbuf_16)
   0.19    0.95 ^ clkbuf_0_clk/Z (gf180mcu_fd_sc_mcu9t5v0__clkbuf_16)
   0.28    1.23 ^ clkbuf_1_0__f_clk/Z (gf180mcu_fd_sc_mcu9t5v0__clkbuf_16)
   0.00    1.23 ^ u_transform_scheduler_core.u_fft_scratch_sram.u_lo.u_sram/CLK (gf180mcu_fd_ip_sram__sram256x8m8wm1)
   0.05    1.28   clock uncertainty
   0.00    1.28   clock reconvergence pessimism
   0.81    2.09   library hold time
           2.09   data required time
---------------------------------------------------------
           2.09   data required time
          -2.80   data arrival time
---------------------------------------------------------
           0.70   slack (MET)


Startpoint: _20972_ (rising edge-triggered flip-flop clocked by core_clk)
Endpoint: u_transform_scheduler_core.u_fft_scratch_sram.u_lo.u_sram
          (rising edge-triggered flip-flop clocked by core_clk)
Path Group: core_clk
Path Type: min

  Delay    Time   Description
---------------------------------------------------------
   0.00    0.00   clock core_clk (rise edge)
   0.00    0.00   clock source latency
   0.00    0.00 ^ clk (in)
   0.25    0.25 ^ clkbuf_regs_0_core_clk/Z (gf180mcu_fd_sc_mcu9t5v0__clkbuf_16)
   0.19    0.44 ^ clkbuf_0_clk_regs/Z (gf180mcu_fd_sc_mcu9t5v0__clkbuf_16)
   0.23    0.67 ^ clkbuf_2_1_0_clk_regs/Z (gf180mcu_fd_sc_mcu9t5v0__clkbuf_8)
   0.28    0.95 ^ clkbuf_3_2__f_clk_regs/Z (gf180mcu_fd_sc_mcu9t5v0__clkbuf_16)
   0.28    1.22 ^ clkbuf_leaf_12_clk_regs/Z (gf180mcu_fd_sc_mcu9t5v0__clkbuf_8)
   0.00    1.22 ^ _20972_/CLK (gf180mcu_fd_sc_mcu9t5v0__dffrnq_2)
   0.65    1.87 v _20972_/Q (gf180mcu_fd_sc_mcu9t5v0__dffrnq_2)
   0.22    2.09 ^ _18384_/ZN (gf180mcu_fd_sc_mcu9t5v0__nor3_1)
   0.37    2.47 v _18386_/ZN (gf180mcu_fd_sc_mcu9t5v0__nor2_1)
   0.33    2.80 ^ u_transform_scheduler_core.u_fft_scratch_sram.u_lo.u_gwen_driver/ZN (gf180mcu_fd_sc_mcu9t5v0__clkinv_4)
   0.00    2.80 ^ u_transform_scheduler_core.u_fft_scratch_sram.u_lo.u_sram/WEN[2] (gf180mcu_fd_ip_sram__sram256x8m8wm1)
           2.80   data arrival time

   0.00    0.00   clock core_clk (rise edge)
   0.00    0.00   clock source latency
   0.00    0.00 ^ clk (in)
   0.25    0.25 ^ delaybuf_0_core_clk/Z (gf180mcu_fd_sc_mcu9t5v0__clkbuf_16)
   0.17    0.42 ^ delaybuf_1_core_clk/Z (gf180mcu_fd_sc_mcu9t5v0__clkbuf_16)
   0.17    0.59 ^ delaybuf_2_core_clk/Z (gf180mcu_fd_sc_mcu9t5v0__clkbuf_16)
   0.17    0.76 ^ delaybuf_3_core_clk/Z (gf180mcu_fd_sc_mcu9t5v0__clkbuf_16)
   0.19    0.95 ^ clkbuf_0_clk/Z (gf180mcu_fd_sc_mcu9t5v0__clkbuf_16)
   0.28    1.23 ^ clkbuf_1_0__f_clk/Z (gf180mcu_fd_sc_mcu9t5v0__clkbuf_16)
   0.00    1.23 ^ u_transform_scheduler_core.u_fft_scratch_sram.u_lo.u_sram/CLK (gf180mcu_fd_ip_sram__sram256x8m8wm1)
   0.05    1.28   clock uncertainty
   0.00    1.28   clock reconvergence pessimism
   0.81    2.09   library hold time
           2.09   data required time
---------------------------------------------------------
           2.09   data required time
          -2.80   data arrival time
---------------------------------------------------------
           0.70   slack (MET)


Startpoint: _20972_ (rising edge-triggered flip-flop clocked by core_clk)
Endpoint: u_transform_scheduler_core.u_fft_scratch_sram.u_lo.u_sram
          (rising edge-triggered flip-flop clocked by core_clk)
Path Group: core_clk
Path Type: min

  Delay    Time   Description
---------------------------------------------------------
   0.00    0.00   clock core_clk (rise edge)
   0.00    0.00   clock source latency
   0.00    0.00 ^ clk (in)
   0.25    0.25 ^ clkbuf_regs_0_core_clk/Z (gf180mcu_fd_sc_mcu9t5v0__clkbuf_16)
   0.19    0.44 ^ clkbuf_0_clk_regs/Z (gf180mcu_fd_sc_mcu9t5v0__clkbuf_16)
   0.23    0.67 ^ clkbuf_2_1_0_clk_regs/Z (gf180mcu_fd_sc_mcu9t5v0__clkbuf_8)
   0.28    0.95 ^ clkbuf_3_2__f_clk_regs/Z (gf180mcu_fd_sc_mcu9t5v0__clkbuf_16)
   0.28    1.22 ^ clkbuf_leaf_12_clk_regs/Z (gf180mcu_fd_sc_mcu9t5v0__clkbuf_8)
   0.00    1.22 ^ _20972_/CLK (gf180mcu_fd_sc_mcu9t5v0__dffrnq_2)
   0.65    1.87 v _20972_/Q (gf180mcu_fd_sc_mcu9t5v0__dffrnq_2)
   0.22    2.09 ^ _18384_/ZN (gf180mcu_fd_sc_mcu9t5v0__nor3_1)
   0.37    2.47 v _18386_/ZN (gf180mcu_fd_sc_mcu9t5v0__nor2_1)
   0.33    2.80 ^ u_transform_scheduler_core.u_fft_scratch_sram.u_lo.u_gwen_driver/ZN (gf180mcu_fd_sc_mcu9t5v0__clkinv_4)
   0.00    2.80 ^ u_transform_scheduler_core.u_fft_scratch_sram.u_lo.u_sram/WEN[3] (gf180mcu_fd_ip_sram__sram256x8m8wm1)
           2.80   data arrival time

   0.00    0.00   clock core_clk (rise edge)
   0.00    0.00   clock source latency
   0.00    0.00 ^ clk (in)
   0.25    0.25 ^ delaybuf_0_core_clk/Z (gf180mcu_fd_sc_mcu9t5v0__clkbuf_16)
   0.17    0.42 ^ delaybuf_1_core_clk/Z (gf180mcu_fd_sc_mcu9t5v0__clkbuf_16)
   0.17    0.59 ^ delaybuf_2_core_clk/Z (gf180mcu_fd_sc_mcu9t5v0__clkbuf_16)
   0.17    0.76 ^ delaybuf_3_core_clk/Z (gf180mcu_fd_sc_mcu9t5v0__clkbuf_16)
   0.19    0.95 ^ clkbuf_0_clk/Z (gf180mcu_fd_sc_mcu9t5v0__clkbuf_16)
   0.28    1.23 ^ clkbuf_1_0__f_clk/Z (gf180mcu_fd_sc_mcu9t5v0__clkbuf_16)
   0.00    1.23 ^ u_transform_scheduler_core.u_fft_scratch_sram.u_lo.u_sram/CLK (gf180mcu_fd_ip_sram__sram256x8m8wm1)
   0.05    1.28   clock uncertainty
   0.00    1.28   clock reconvergence pessimism
   0.81    2.09   library hold time
           2.09   data required time
---------------------------------------------------------
           2.09   data required time
          -2.80   data arrival time
---------------------------------------------------------
           0.70   slack (MET)


Startpoint: _20972_ (rising edge-triggered flip-flop clocked by core_clk)
Endpoint: u_transform_scheduler_core.u_fft_scratch_sram.u_lo.u_sram
          (rising edge-triggered flip-flop clocked by core_clk)
Path Group: core_clk
Path Type: min

  Delay    Time   Description
---------------------------------------------------------
   0.00    0.00   clock core_clk (rise edge)
   0.00    0.00   clock source latency
   0.00    0.00 ^ clk (in)
   0.25    0.25 ^ clkbuf_regs_0_core_clk/Z (gf180mcu_fd_sc_mcu9t5v0__clkbuf_16)
   0.19    0.44 ^ clkbuf_0_clk_regs/Z (gf180mcu_fd_sc_mcu9t5v0__clkbuf_16)
   0.23    0.67 ^ clkbuf_2_1_0_clk_regs/Z (gf180mcu_fd_sc_mcu9t5v0__clkbuf_8)
   0.28    0.95 ^ clkbuf_3_2__f_clk_regs/Z (gf180mcu_fd_sc_mcu9t5v0__clkbuf_16)
   0.28    1.22 ^ clkbuf_leaf_12_clk_regs/Z (gf180mcu_fd_sc_mcu9t5v0__clkbuf_8)
   0.00    1.22 ^ _20972_/CLK (gf180mcu_fd_sc_mcu9t5v0__dffrnq_2)
   0.65    1.87 v _20972_/Q (gf180mcu_fd_sc_mcu9t5v0__dffrnq_2)
   0.22    2.09 ^ _18384_/ZN (gf180mcu_fd_sc_mcu9t5v0__nor3_1)
   0.37    2.47 v _18386_/ZN (gf180mcu_fd_sc_mcu9t5v0__nor2_1)
   0.33    2.80 ^ u_transform_scheduler_core.u_fft_scratch_sram.u_lo.u_gwen_driver/ZN (gf180mcu_fd_sc_mcu9t5v0__clkinv_4)
   0.00    2.80 ^ u_transform_scheduler_core.u_fft_scratch_sram.u_lo.u_sram/WEN[4] (gf180mcu_fd_ip_sram__sram256x8m8wm1)
           2.80   data arrival time

   0.00    0.00   clock core_clk (rise edge)
   0.00    0.00   clock source latency
   0.00    0.00 ^ clk (in)
   0.25    0.25 ^ delaybuf_0_core_clk/Z (gf180mcu_fd_sc_mcu9t5v0__clkbuf_16)
   0.17    0.42 ^ delaybuf_1_core_clk/Z (gf180mcu_fd_sc_mcu9t5v0__clkbuf_16)
   0.17    0.59 ^ delaybuf_2_core_clk/Z (gf180mcu_fd_sc_mcu9t5v0__clkbuf_16)
   0.17    0.76 ^ delaybuf_3_core_clk/Z (gf180mcu_fd_sc_mcu9t5v0__clkbuf_16)
   0.19    0.95 ^ clkbuf_0_clk/Z (gf180mcu_fd_sc_mcu9t5v0__clkbuf_16)
   0.28    1.23 ^ clkbuf_1_0__f_clk/Z (gf180mcu_fd_sc_mcu9t5v0__clkbuf_16)
   0.00    1.23 ^ u_transform_scheduler_core.u_fft_scratch_sram.u_lo.u_sram/CLK (gf180mcu_fd_ip_sram__sram256x8m8wm1)
   0.05    1.28   clock uncertainty
   0.00    1.28   clock reconvergence pessimism
   0.81    2.09   library hold time
           2.09   data required time
---------------------------------------------------------
           2.09   data required time
          -2.80   data arrival time
---------------------------------------------------------
           0.70   slack (MET)


Startpoint: _20972_ (rising edge-triggered flip-flop clocked by core_clk)
Endpoint: u_transform_scheduler_core.u_fft_scratch_sram.u_lo.u_sram
          (rising edge-triggered flip-flop clocked by core_clk)
Path Group: core_clk
Path Type: min

  Delay    Time   Description
---------------------------------------------------------
   0.00    0.00   clock core_clk (rise edge)
   0.00    0.00   clock source latency
   0.00    0.00 ^ clk (in)
   0.25    0.25 ^ clkbuf_regs_0_core_clk/Z (gf180mcu_fd_sc_mcu9t5v0__clkbuf_16)
   0.19    0.44 ^ clkbuf_0_clk_regs/Z (gf180mcu_fd_sc_mcu9t5v0__clkbuf_16)
   0.23    0.67 ^ clkbuf_2_1_0_clk_regs/Z (gf180mcu_fd_sc_mcu9t5v0__clkbuf_8)
   0.28    0.95 ^ clkbuf_3_2__f_clk_regs/Z (gf180mcu_fd_sc_mcu9t5v0__clkbuf_16)
   0.28    1.22 ^ clkbuf_leaf_12_clk_regs/Z (gf180mcu_fd_sc_mcu9t5v0__clkbuf_8)
   0.00    1.22 ^ _20972_/CLK (gf180mcu_fd_sc_mcu9t5v0__dffrnq_2)
   0.65    1.87 v _20972_/Q (gf180mcu_fd_sc_mcu9t5v0__dffrnq_2)
   0.22    2.09 ^ _18384_/ZN (gf180mcu_fd_sc_mcu9t5v0__nor3_1)
   0.37    2.47 v _18386_/ZN (gf180mcu_fd_sc_mcu9t5v0__nor2_1)
   0.33    2.80 ^ u_transform_scheduler_core.u_fft_scratch_sram.u_lo.u_gwen_driver/ZN (gf180mcu_fd_sc_mcu9t5v0__clkinv_4)
   0.00    2.80 ^ u_transform_scheduler_core.u_fft_scratch_sram.u_lo.u_sram/WEN[5] (gf180mcu_fd_ip_sram__sram256x8m8wm1)
           2.80   data arrival time

   0.00    0.00   clock core_clk (rise edge)
   0.00    0.00   clock source latency
   0.00    0.00 ^ clk (in)
   0.25    0.25 ^ delaybuf_0_core_clk/Z (gf180mcu_fd_sc_mcu9t5v0__clkbuf_16)
   0.17    0.42 ^ delaybuf_1_core_clk/Z (gf180mcu_fd_sc_mcu9t5v0__clkbuf_16)
   0.17    0.59 ^ delaybuf_2_core_clk/Z (gf180mcu_fd_sc_mcu9t5v0__clkbuf_16)
   0.17    0.76 ^ delaybuf_3_core_clk/Z (gf180mcu_fd_sc_mcu9t5v0__clkbuf_16)
   0.19    0.95 ^ clkbuf_0_clk/Z (gf180mcu_fd_sc_mcu9t5v0__clkbuf_16)
   0.28    1.23 ^ clkbuf_1_0__f_clk/Z (gf180mcu_fd_sc_mcu9t5v0__clkbuf_16)
   0.00    1.23 ^ u_transform_scheduler_core.u_fft_scratch_sram.u_lo.u_sram/CLK (gf180mcu_fd_ip_sram__sram256x8m8wm1)
   0.05    1.28   clock uncertainty
   0.00    1.28   clock reconvergence pessimism
   0.81    2.09   library hold time
           2.09   data required time
---------------------------------------------------------
           2.09   data required time
          -2.80   data arrival time
---------------------------------------------------------
           0.70   slack (MET)


Startpoint: _20972_ (rising edge-triggered flip-flop clocked by core_clk)
Endpoint: u_transform_scheduler_core.u_fft_scratch_sram.u_lo.u_sram
          (rising edge-triggered flip-flop clocked by core_clk)
Path Group: core_clk
Path Type: min

  Delay    Time   Description
---------------------------------------------------------
   0.00    0.00   clock core_clk (rise edge)
   0.00    0.00   clock source latency
   0.00    0.00 ^ clk (in)
   0.25    0.25 ^ clkbuf_regs_0_core_clk/Z (gf180mcu_fd_sc_mcu9t5v0__clkbuf_16)
   0.19    0.44 ^ clkbuf_0_clk_regs/Z (gf180mcu_fd_sc_mcu9t5v0__clkbuf_16)
   0.23    0.67 ^ clkbuf_2_1_0_clk_regs/Z (gf180mcu_fd_sc_mcu9t5v0__clkbuf_8)
   0.28    0.95 ^ clkbuf_3_2__f_clk_regs/Z (gf180mcu_fd_sc_mcu9t5v0__clkbuf_16)
   0.28    1.22 ^ clkbuf_leaf_12_clk_regs/Z (gf180mcu_fd_sc_mcu9t5v0__clkbuf_8)
   0.00    1.22 ^ _20972_/CLK (gf180mcu_fd_sc_mcu9t5v0__dffrnq_2)
   0.65    1.87 v _20972_/Q (gf180mcu_fd_sc_mcu9t5v0__dffrnq_2)
   0.22    2.09 ^ _18384_/ZN (gf180mcu_fd_sc_mcu9t5v0__nor3_1)
   0.37    2.47 v _18386_/ZN (gf180mcu_fd_sc_mcu9t5v0__nor2_1)
   0.33    2.80 ^ u_transform_scheduler_core.u_fft_scratch_sram.u_lo.u_gwen_driver/ZN (gf180mcu_fd_sc_mcu9t5v0__clkinv_4)
   0.00    2.80 ^ u_transform_scheduler_core.u_fft_scratch_sram.u_lo.u_sram/WEN[6] (gf180mcu_fd_ip_sram__sram256x8m8wm1)
           2.80   data arrival time

   0.00    0.00   clock core_clk (rise edge)
   0.00    0.00   clock source latency
   0.00    0.00 ^ clk (in)
   0.25    0.25 ^ delaybuf_0_core_clk/Z (gf180mcu_fd_sc_mcu9t5v0__clkbuf_16)
   0.17    0.42 ^ delaybuf_1_core_clk/Z (gf180mcu_fd_sc_mcu9t5v0__clkbuf_16)
   0.17    0.59 ^ delaybuf_2_core_clk/Z (gf180mcu_fd_sc_mcu9t5v0__clkbuf_16)
   0.17    0.76 ^ delaybuf_3_core_clk/Z (gf180mcu_fd_sc_mcu9t5v0__clkbuf_16)
   0.19    0.95 ^ clkbuf_0_clk/Z (gf180mcu_fd_sc_mcu9t5v0__clkbuf_16)
   0.28    1.23 ^ clkbuf_1_0__f_clk/Z (gf180mcu_fd_sc_mcu9t5v0__clkbuf_16)
   0.00    1.23 ^ u_transform_scheduler_core.u_fft_scratch_sram.u_lo.u_sram/CLK (gf180mcu_fd_ip_sram__sram256x8m8wm1)
   0.05    1.28   clock uncertainty
   0.00    1.28   clock reconvergence pessimism
   0.81    2.09   library hold time
           2.09   data required time
---------------------------------------------------------
           2.09   data required time
          -2.80   data arrival time
---------------------------------------------------------
           0.70   slack (MET)


Startpoint: _20972_ (rising edge-triggered flip-flop clocked by core_clk)
Endpoint: u_transform_scheduler_core.u_fft_scratch_sram.u_lo.u_sram
          (rising edge-triggered flip-flop clocked by core_clk)
Path Group: core_clk
Path Type: min

  Delay    Time   Description
---------------------------------------------------------
   0.00    0.00   clock core_clk (rise edge)
   0.00    0.00   clock source latency
   0.00    0.00 ^ clk (in)
   0.25    0.25 ^ clkbuf_regs_0_core_clk/Z (gf180mcu_fd_sc_mcu9t5v0__clkbuf_16)
   0.19    0.44 ^ clkbuf_0_clk_regs/Z (gf180mcu_fd_sc_mcu9t5v0__clkbuf_16)
   0.23    0.67 ^ clkbuf_2_1_0_clk_regs/Z (gf180mcu_fd_sc_mcu9t5v0__clkbuf_8)
   0.28    0.95 ^ clkbuf_3_2__f_clk_regs/Z (gf180mcu_fd_sc_mcu9t5v0__clkbuf_16)
   0.28    1.22 ^ clkbuf_leaf_12_clk_regs/Z (gf180mcu_fd_sc_mcu9t5v0__clkbuf_8)
   0.00    1.22 ^ _20972_/CLK (gf180mcu_fd_sc_mcu9t5v0__dffrnq_2)
   0.65    1.87 v _20972_/Q (gf180mcu_fd_sc_mcu9t5v0__dffrnq_2)
   0.22    2.09 ^ _18384_/ZN (gf180mcu_fd_sc_mcu9t5v0__nor3_1)
   0.37    2.47 v _18386_/ZN (gf180mcu_fd_sc_mcu9t5v0__nor2_1)
   0.33    2.80 ^ u_transform_scheduler_core.u_fft_scratch_sram.u_lo.u_gwen_driver/ZN (gf180mcu_fd_sc_mcu9t5v0__clkinv_4)
   0.00    2.80 ^ u_transform_scheduler_core.u_fft_scratch_sram.u_lo.u_sram/WEN[7] (gf180mcu_fd_ip_sram__sram256x8m8wm1)
           2.80   data arrival time

   0.00    0.00   clock core_clk (rise edge)
   0.00    0.00   clock source latency
   0.00    0.00 ^ clk (in)
   0.25    0.25 ^ delaybuf_0_core_clk/Z (gf180mcu_fd_sc_mcu9t5v0__clkbuf_16)
   0.17    0.42 ^ delaybuf_1_core_clk/Z (gf180mcu_fd_sc_mcu9t5v0__clkbuf_16)
   0.17    0.59 ^ delaybuf_2_core_clk/Z (gf180mcu_fd_sc_mcu9t5v0__clkbuf_16)
   0.17    0.76 ^ delaybuf_3_core_clk/Z (gf180mcu_fd_sc_mcu9t5v0__clkbuf_16)
   0.19    0.95 ^ clkbuf_0_clk/Z (gf180mcu_fd_sc_mcu9t5v0__clkbuf_16)
   0.28    1.23 ^ clkbuf_1_0__f_clk/Z (gf180mcu_fd_sc_mcu9t5v0__clkbuf_16)
   0.00    1.23 ^ u_transform_scheduler_core.u_fft_scratch_sram.u_lo.u_sram/CLK (gf180mcu_fd_ip_sram__sram256x8m8wm1)
   0.05    1.28   clock uncertainty
   0.00    1.28   clock reconvergence pessimism
   0.81    2.09   library hold time
           2.09   data required time
---------------------------------------------------------
           2.09   data required time
          -2.80   data arrival time
---------------------------------------------------------
           0.70   slack (MET)


Startpoint: _20972_ (rising edge-triggered flip-flop clocked by core_clk)
Endpoint: u_transform_scheduler_core.u_fft_scratch_sram.u_hi.u_sram
          (rising edge-triggered flip-flop clocked by core_clk)
Path Group: core_clk
Path Type: min

  Delay    Time   Description
---------------------------------------------------------
   0.00    0.00   clock core_clk (rise edge)
   0.00    0.00   clock source latency
   0.00    0.00 ^ clk (in)
   0.25    0.25 ^ clkbuf_regs_0_core_clk/Z (gf180mcu_fd_sc_mcu9t5v0__clkbuf_16)
   0.19    0.44 ^ clkbuf_0_clk_regs/Z (gf180mcu_fd_sc_mcu9t5v0__clkbuf_16)
   0.23    0.67 ^ clkbuf_2_1_0_clk_regs/Z (gf180mcu_fd_sc_mcu9t5v0__clkbuf_8)
   0.28    0.95 ^ clkbuf_3_2__f_clk_regs/Z (gf180mcu_fd_sc_mcu9t5v0__clkbuf_16)
   0.28    1.22 ^ clkbuf_leaf_12_clk_regs/Z (gf180mcu_fd_sc_mcu9t5v0__clkbuf_8)
   0.00    1.22 ^ _20972_/CLK (gf180mcu_fd_sc_mcu9t5v0__dffrnq_2)
   0.65    1.87 v _20972_/Q (gf180mcu_fd_sc_mcu9t5v0__dffrnq_2)
   0.22    2.09 ^ _18384_/ZN (gf180mcu_fd_sc_mcu9t5v0__nor3_1)
   0.37    2.47 v _18386_/ZN (gf180mcu_fd_sc_mcu9t5v0__nor2_1)
   0.33    2.80 ^ u_transform_scheduler_core.u_fft_scratch_sram.u_hi.u_gwen_driver/ZN (gf180mcu_fd_sc_mcu9t5v0__clkinv_4)
   0.00    2.80 ^ u_transform_scheduler_core.u_fft_scratch_sram.u_hi.u_sram/GWEN (gf180mcu_fd_ip_sram__sram256x8m8wm1)
           2.80   data arrival time

   0.00    0.00   clock core_clk (rise edge)
   0.00    0.00   clock source latency
   0.00    0.00 ^ clk (in)
   0.25    0.25 ^ delaybuf_0_core_clk/Z (gf180mcu_fd_sc_mcu9t5v0__clkbuf_16)
   0.17    0.42 ^ delaybuf_1_core_clk/Z (gf180mcu_fd_sc_mcu9t5v0__clkbuf_16)
   0.17    0.59 ^ delaybuf_2_core_clk/Z (gf180mcu_fd_sc_mcu9t5v0__clkbuf_16)
   0.17    0.76 ^ delaybuf_3_core_clk/Z (gf180mcu_fd_sc_mcu9t5v0__clkbuf_16)
   0.19    0.95 ^ clkbuf_0_clk/Z (gf180mcu_fd_sc_mcu9t5v0__clkbuf_16)
   0.28    1.23 ^ clkbuf_1_1__f_clk/Z (gf180mcu_fd_sc_mcu9t5v0__clkbuf_16)
   0.00    1.23 ^ u_transform_scheduler_core.u_fft_scratch_sram.u_hi.u_sram/CLK (gf180mcu_fd_ip_sram__sram256x8m8wm1)
   0.05    1.28   clock uncertainty
   0.00    1.28   clock reconvergence pessimism
   0.81    2.09   library hold time
           2.09   data required time
---------------------------------------------------------
           2.09   data required time
          -2.80   data arrival time
---------------------------------------------------------
           0.70   slack (MET)


Startpoint: _20972_ (rising edge-triggered flip-flop clocked by core_clk)
Endpoint: u_transform_scheduler_core.u_fft_scratch_sram.u_lo.u_sram
          (rising edge-triggered flip-flop clocked by core_clk)
Path Group: core_clk
Path Type: min

  Delay    Time   Description
---------------------------------------------------------
   0.00    0.00   clock core_clk (rise edge)
   0.00    0.00   clock source latency
   0.00    0.00 ^ clk (in)
   0.25    0.25 ^ clkbuf_regs_0_core_clk/Z (gf180mcu_fd_sc_mcu9t5v0__clkbuf_16)
   0.19    0.44 ^ clkbuf_0_clk_regs/Z (gf180mcu_fd_sc_mcu9t5v0__clkbuf_16)
   0.23    0.67 ^ clkbuf_2_1_0_clk_regs/Z (gf180mcu_fd_sc_mcu9t5v0__clkbuf_8)
   0.28    0.95 ^ clkbuf_3_2__f_clk_regs/Z (gf180mcu_fd_sc_mcu9t5v0__clkbuf_16)
   0.28    1.22 ^ clkbuf_leaf_12_clk_regs/Z (gf180mcu_fd_sc_mcu9t5v0__clkbuf_8)
   0.00    1.22 ^ _20972_/CLK (gf180mcu_fd_sc_mcu9t5v0__dffrnq_2)
   0.65    1.87 v _20972_/Q (gf180mcu_fd_sc_mcu9t5v0__dffrnq_2)
   0.22    2.09 ^ _18384_/ZN (gf180mcu_fd_sc_mcu9t5v0__nor3_1)
   0.37    2.47 v _18386_/ZN (gf180mcu_fd_sc_mcu9t5v0__nor2_1)
   0.33    2.80 ^ u_transform_scheduler_core.u_fft_scratch_sram.u_lo.u_gwen_driver/ZN (gf180mcu_fd_sc_mcu9t5v0__clkinv_4)
   0.00    2.80 ^ u_transform_scheduler_core.u_fft_scratch_sram.u_lo.u_sram/GWEN (gf180mcu_fd_ip_sram__sram256x8m8wm1)
           2.80   data arrival time

   0.00    0.00   clock core_clk (rise edge)
   0.00    0.00   clock source latency
   0.00    0.00 ^ clk (in)
   0.25    0.25 ^ delaybuf_0_core_clk/Z (gf180mcu_fd_sc_mcu9t5v0__clkbuf_16)
   0.17    0.42 ^ delaybuf_1_core_clk/Z (gf180mcu_fd_sc_mcu9t5v0__clkbuf_16)
   0.17    0.59 ^ delaybuf_2_core_clk/Z (gf180mcu_fd_sc_mcu9t5v0__clkbuf_16)
   0.17    0.76 ^ delaybuf_3_core_clk/Z (gf180mcu_fd_sc_mcu9t5v0__clkbuf_16)
   0.19    0.95 ^ clkbuf_0_clk/Z (gf180mcu_fd_sc_mcu9t5v0__clkbuf_16)
   0.28    1.23 ^ clkbuf_1_0__f_clk/Z (gf180mcu_fd_sc_mcu9t5v0__clkbuf_16)
   0.00    1.23 ^ u_transform_scheduler_core.u_fft_scratch_sram.u_lo.u_sram/CLK (gf180mcu_fd_ip_sram__sram256x8m8wm1)
   0.05    1.28   clock uncertainty
   0.00    1.28   clock reconvergence pessimism
   0.81    2.09   library hold time
           2.09   data required time
---------------------------------------------------------
           2.09   data required time
          -2.80   data arrival time
---------------------------------------------------------
           0.70   slack (MET)


Startpoint: _19500_ (rising edge-triggered flip-flop clocked by core_clk)
Endpoint: u_transform_scheduler_core.u_fft_scratch_sram.u_hi.u_sram
          (rising edge-triggered flip-flop clocked by core_clk)
Path Group: core_clk
Path Type: min

  Delay    Time   Description
---------------------------------------------------------
   0.00    0.00   clock core_clk (rise edge)
   0.00    0.00   clock source latency
   0.00    0.00 ^ clk (in)
   0.25    0.25 ^ clkbuf_regs_0_core_clk/Z (gf180mcu_fd_sc_mcu9t5v0__clkbuf_16)
   0.19    0.44 ^ clkbuf_0_clk_regs/Z (gf180mcu_fd_sc_mcu9t5v0__clkbuf_16)
   0.23    0.67 ^ clkbuf_2_1_0_clk_regs/Z (gf180mcu_fd_sc_mcu9t5v0__clkbuf_8)
   0.28    0.95 ^ clkbuf_3_2__f_clk_regs/Z (gf180mcu_fd_sc_mcu9t5v0__clkbuf_16)
   0.28    1.22 ^ clkbuf_leaf_25_clk_regs/Z (gf180mcu_fd_sc_mcu9t5v0__clkbuf_8)
   0.00    1.22 ^ _19500_/CLK (gf180mcu_fd_sc_mcu9t5v0__dffrnq_2)
   0.71    1.93 ^ _19500_/Q (gf180mcu_fd_sc_mcu9t5v0__dffrnq_2)
   0.16    2.10 v _09900_/ZN (gf180mcu_fd_sc_mcu9t5v0__aoi221_1)
   0.23    2.33 ^ _09901_/ZN (gf180mcu_fd_sc_mcu9t5v0__clkinv_1)
   0.23    2.56 ^ place375/Z (gf180mcu_fd_sc_mcu9t5v0__buf_8)
   0.00    2.56 ^ u_transform_scheduler_core.u_fft_scratch_sram.u_hi.u_sram/A[6] (gf180mcu_fd_ip_sram__sram256x8m8wm1)
           2.56   data arrival time

   0.00    0.00   clock core_clk (rise edge)
   0.00    0.00   clock source latency
   0.00    0.00 ^ clk (in)
   0.25    0.25 ^ delaybuf_0_core_clk/Z (gf180mcu_fd_sc_mcu9t5v0__clkbuf_16)
   0.17    0.42 ^ delaybuf_1_core_clk/Z (gf180mcu_fd_sc_mcu9t5v0__clkbuf_16)
   0.17    0.59 ^ delaybuf_2_core_clk/Z (gf180mcu_fd_sc_mcu9t5v0__clkbuf_16)
   0.17    0.76 ^ delaybuf_3_core_clk/Z (gf180mcu_fd_sc_mcu9t5v0__clkbuf_16)
   0.19    0.95 ^ clkbuf_0_clk/Z (gf180mcu_fd_sc_mcu9t5v0__clkbuf_16)
   0.28    1.23 ^ clkbuf_1_1__f_clk/Z (gf180mcu_fd_sc_mcu9t5v0__clkbuf_16)
   0.00    1.23 ^ u_transform_scheduler_core.u_fft_scratch_sram.u_hi.u_sram/CLK (gf180mcu_fd_ip_sram__sram256x8m8wm1)
   0.05    1.28   clock uncertainty
   0.00    1.28   clock reconvergence pessimism
   0.57    1.85   library hold time
           1.85   data required time
---------------------------------------------------------
           1.85   data required time
          -2.56   data arrival time
---------------------------------------------------------
           0.70   slack (MET)


Startpoint: _19500_ (rising edge-triggered flip-flop clocked by core_clk)
Endpoint: u_transform_scheduler_core.u_fft_scratch_sram.u_lo.u_sram
          (rising edge-triggered flip-flop clocked by core_clk)
Path Group: core_clk
Path Type: min

  Delay    Time   Description
---------------------------------------------------------
   0.00    0.00   clock core_clk (rise edge)
   0.00    0.00   clock source latency
   0.00    0.00 ^ clk (in)
   0.25    0.25 ^ clkbuf_regs_0_core_clk/Z (gf180mcu_fd_sc_mcu9t5v0__clkbuf_16)
   0.19    0.44 ^ clkbuf_0_clk_regs/Z (gf180mcu_fd_sc_mcu9t5v0__clkbuf_16)
   0.23    0.67 ^ clkbuf_2_1_0_clk_regs/Z (gf180mcu_fd_sc_mcu9t5v0__clkbuf_8)
   0.28    0.95 ^ clkbuf_3_2__f_clk_regs/Z (gf180mcu_fd_sc_mcu9t5v0__clkbuf_16)
   0.28    1.22 ^ clkbuf_leaf_25_clk_regs/Z (gf180mcu_fd_sc_mcu9t5v0__clkbuf_8)
   0.00    1.22 ^ _19500_/CLK (gf180mcu_fd_sc_mcu9t5v0__dffrnq_2)
   0.71    1.93 ^ _19500_/Q (gf180mcu_fd_sc_mcu9t5v0__dffrnq_2)
   0.16    2.10 v _09900_/ZN (gf180mcu_fd_sc_mcu9t5v0__aoi221_1)
   0.23    2.33 ^ _09901_/ZN (gf180mcu_fd_sc_mcu9t5v0__clkinv_1)
   0.23    2.56 ^ place375/Z (gf180mcu_fd_sc_mcu9t5v0__buf_8)
   0.00    2.56 ^ u_transform_scheduler_core.u_fft_scratch_sram.u_lo.u_sram/A[6] (gf180mcu_fd_ip_sram__sram256x8m8wm1)
           2.56   data arrival time

   0.00    0.00   clock core_clk (rise edge)
   0.00    0.00   clock source latency
   0.00    0.00 ^ clk (in)
   0.25    0.25 ^ delaybuf_0_core_clk/Z (gf180mcu_fd_sc_mcu9t5v0__clkbuf_16)
   0.17    0.42 ^ delaybuf_1_core_clk/Z (gf180mcu_fd_sc_mcu9t5v0__clkbuf_16)
   0.17    0.59 ^ delaybuf_2_core_clk/Z (gf180mcu_fd_sc_mcu9t5v0__clkbuf_16)
   0.17    0.76 ^ delaybuf_3_core_clk/Z (gf180mcu_fd_sc_mcu9t5v0__clkbuf_16)
   0.19    0.95 ^ clkbuf_0_clk/Z (gf180mcu_fd_sc_mcu9t5v0__clkbuf_16)
   0.28    1.23 ^ clkbuf_1_0__f_clk/Z (gf180mcu_fd_sc_mcu9t5v0__clkbuf_16)
   0.00    1.23 ^ u_transform_scheduler_core.u_fft_scratch_sram.u_lo.u_sram/CLK (gf180mcu_fd_ip_sram__sram256x8m8wm1)
   0.05    1.28   clock uncertainty
   0.00    1.28   clock reconvergence pessimism
   0.57    1.85   library hold time
           1.85   data required time
---------------------------------------------------------
           1.85   data required time
          -2.56   data arrival time
---------------------------------------------------------
           0.70   slack (MET)


